nohup: ignoring input
Current seed: 2024, current split method: Perimeter, current task: CycPept_Caco2
Namespace(seed=2024, times=5, n_epochs=50, config='base', model_path='../models/pretrained/base/base.pth', dataset='CycPept_Caco2', data_path='../datasets/', dataset_type='regression', use_scaler=True, metric=['r2', 'rmse', 'mae'], split='Perimeter_2024', weight_decay=0.0, dropout=0.0, lr=3e-05, n_threads=8)
args.seed: 2024
use label scaler
use label scaler
use label scaler
model have 90.143705M paramerters in total
train_dataset.mean: tensor([-6.2653]) train_dataset.std: tensor([0.8038])
1/51
train r2: 0.2137076444359921, valid r2: 0.3036944792181795, test r2: 0.16234525343226125
Training Results:
r2: 0.2137
rmse: 0.7131
mae: 0.5966
Validation Results:
r2: 0.3037
rmse: 0.6777
mae: 0.5518
Test Results:
r2: 0.1623
rmse: 0.6129
mae: 0.5093
2/51
train r2: 0.5690090967989818, valid r2: 0.52159354625605, test r2: 0.1648550385950085
Training Results:
r2: 0.5690
rmse: 0.5289
mae: 0.4236
Validation Results:
r2: 0.5216
rmse: 0.5617
mae: 0.4304
Test Results:
r2: 0.1649
rmse: 0.6119
mae: 0.4717
3/51
train r2: 0.6914005647164492, valid r2: 0.563300555087237, test r2: -0.1510985356263852
Training Results:
r2: 0.6914
rmse: 0.4469
mae: 0.3526
Validation Results:
r2: 0.5633
rmse: 0.5367
mae: 0.4352
Test Results:
r2: -0.1511
rmse: 0.7184
mae: 0.5329
4/51
train r2: 0.7381441930394312, valid r2: 0.6652319150045183, test r2: 0.08420004593990105
Training Results:
r2: 0.7381
rmse: 0.4098
mae: 0.3111
Validation Results:
r2: 0.6652
rmse: 0.4699
mae: 0.3671
Test Results:
r2: 0.0842
rmse: 0.6408
mae: 0.4847
5/51
train r2: 0.7763893780271021, valid r2: 0.6473306388298251, test r2: 0.08995147154312211
Training Results:
r2: 0.7764
rmse: 0.3810
mae: 0.2952
Validation Results:
r2: 0.6473
rmse: 0.4823
mae: 0.3716
Test Results:
r2: 0.0900
rmse: 0.6388
mae: 0.4704
6/51
train r2: 0.8096916854941643, valid r2: 0.5966520820173868, test r2: 0.04562509577496665
Training Results:
r2: 0.8097
rmse: 0.3509
mae: 0.2703
Validation Results:
r2: 0.5967
rmse: 0.5158
mae: 0.4255
Test Results:
r2: 0.0456
rmse: 0.6542
mae: 0.5007
7/51
train r2: 0.8601326703070651, valid r2: 0.6532079598661895, test r2: 0.12877653628940577
Training Results:
r2: 0.8601
rmse: 0.3011
mae: 0.2286
Validation Results:
r2: 0.6532
rmse: 0.4782
mae: 0.3909
Test Results:
r2: 0.1288
rmse: 0.6250
mae: 0.4617
8/51
train r2: 0.8649584600190107, valid r2: 0.6634800020895666, test r2: 0.06911116792521121
Training Results:
r2: 0.8650
rmse: 0.2957
mae: 0.2167
Validation Results:
r2: 0.6635
rmse: 0.4711
mae: 0.3823
Test Results:
r2: 0.0691
rmse: 0.6461
mae: 0.4672
9/51
train r2: 0.8848313259137464, valid r2: 0.7080006725180449, test r2: 0.022865655035588905
Training Results:
r2: 0.8848
rmse: 0.2727
mae: 0.2043
Validation Results:
r2: 0.7080
rmse: 0.4388
mae: 0.3390
Test Results:
r2: 0.0229
rmse: 0.6619
mae: 0.4832
10/51
train r2: 0.8866079954634932, valid r2: 0.6794785920685003, test r2: 0.09453502541904424
Training Results:
r2: 0.8866
rmse: 0.2711
mae: 0.2052
Validation Results:
r2: 0.6795
rmse: 0.4598
mae: 0.3482
Test Results:
r2: 0.0945
rmse: 0.6372
mae: 0.4615
11/51
train r2: 0.905341054348621, valid r2: 0.677154552666564, test r2: 0.17568299978965796
Training Results:
r2: 0.9053
rmse: 0.2465
mae: 0.1940
Validation Results:
r2: 0.6772
rmse: 0.4614
mae: 0.3627
Test Results:
r2: 0.1757
rmse: 0.6080
mae: 0.4593
12/51
train r2: 0.891477938500445, valid r2: 0.6632939486648204, test r2: 0.23798218159459072
Training Results:
r2: 0.8915
rmse: 0.2636
mae: 0.1824
Validation Results:
r2: 0.6633
rmse: 0.4712
mae: 0.3687
Test Results:
r2: 0.2380
rmse: 0.5845
mae: 0.4280
13/51
train r2: 0.9386065218508973, valid r2: 0.6259892150061572, test r2: 0.21966832848958928
Training Results:
r2: 0.9386
rmse: 0.1993
mae: 0.1500
Validation Results:
r2: 0.6260
rmse: 0.4967
mae: 0.3963
Test Results:
r2: 0.2197
rmse: 0.5915
mae: 0.4280
14/51
train r2: 0.9573177399382888, valid r2: 0.615634170667164, test r2: 0.15485561420635285
Training Results:
r2: 0.9573
rmse: 0.1656
mae: 0.1198
Validation Results:
r2: 0.6156
rmse: 0.5035
mae: 0.4032
Test Results:
r2: 0.1549
rmse: 0.6156
mae: 0.4532
15/51
train r2: 0.972181155212844, valid r2: 0.6671255185542388, test r2: 0.11081643052169343
Training Results:
r2: 0.9722
rmse: 0.1340
mae: 0.0986
Validation Results:
r2: 0.6671
rmse: 0.4685
mae: 0.3689
Test Results:
r2: 0.1108
rmse: 0.6314
mae: 0.4476
16/51
train r2: 0.9603811560498611, valid r2: 0.6255900436600385, test r2: 0.18575304594892073
Training Results:
r2: 0.9604
rmse: 0.1599
mae: 0.1236
Validation Results:
r2: 0.6256
rmse: 0.4969
mae: 0.4035
Test Results:
r2: 0.1858
rmse: 0.6042
mae: 0.4480
17/51
train r2: 0.9755170303410458, valid r2: 0.6807639828454539, test r2: 0.1598356214318266
Training Results:
r2: 0.9755
rmse: 0.1259
mae: 0.0945
Validation Results:
r2: 0.6808
rmse: 0.4588
mae: 0.3581
Test Results:
r2: 0.1598
rmse: 0.6138
mae: 0.4436
18/51
train r2: 0.9807085070914022, valid r2: 0.6980394467500878, test r2: 0.132221914599029
Training Results:
r2: 0.9807
rmse: 0.1118
mae: 0.0834
Validation Results:
r2: 0.6980
rmse: 0.4463
mae: 0.3489
Test Results:
r2: 0.1322
rmse: 0.6238
mae: 0.4503
19/51
train r2: 0.987977939441884, valid r2: 0.6976134005420266, test r2: 0.18351166843530853
Training Results:
r2: 0.9880
rmse: 0.0882
mae: 0.0654
Validation Results:
r2: 0.6976
rmse: 0.4466
mae: 0.3478
Test Results:
r2: 0.1835
rmse: 0.6051
mae: 0.4403
20/51
train r2: 0.9876661611488727, valid r2: 0.6976820559802048, test r2: 0.16486208090542442
Training Results:
r2: 0.9877
rmse: 0.0889
mae: 0.0663
Validation Results:
r2: 0.6977
rmse: 0.4465
mae: 0.3469
Test Results:
r2: 0.1649
rmse: 0.6119
mae: 0.4464
21/51
train r2: 0.9899508435849269, valid r2: 0.6995189622730829, test r2: 0.18308447257146165
Training Results:
r2: 0.9900
rmse: 0.0808
mae: 0.0609
Validation Results:
r2: 0.6995
rmse: 0.4452
mae: 0.3458
Test Results:
r2: 0.1831
rmse: 0.6052
mae: 0.4443
22/51
train r2: 0.9925255679962017, valid r2: 0.6796779191684711, test r2: 0.1537685876772299
Training Results:
r2: 0.9925
rmse: 0.0694
mae: 0.0515
Validation Results:
r2: 0.6797
rmse: 0.4596
mae: 0.3572
Test Results:
r2: 0.1538
rmse: 0.6160
mae: 0.4502
23/51
train r2: 0.9920967656508108, valid r2: 0.690506438596872, test r2: 0.18342662722333947
Training Results:
r2: 0.9921
rmse: 0.0712
mae: 0.0535
Validation Results:
r2: 0.6905
rmse: 0.4518
mae: 0.3553
Test Results:
r2: 0.1834
rmse: 0.6051
mae: 0.4434
24/51
train r2: 0.9949077730356789, valid r2: 0.6793717171892752, test r2: 0.14227471563155747
Training Results:
r2: 0.9949
rmse: 0.0572
mae: 0.0428
Validation Results:
r2: 0.6794
rmse: 0.4598
mae: 0.3590
Test Results:
r2: 0.1423
rmse: 0.6202
mae: 0.4534
25/51
train r2: 0.9937942692118567, valid r2: 0.6881969736104643, test r2: 0.14743326052398364
Training Results:
r2: 0.9938
rmse: 0.0633
mae: 0.0486
Validation Results:
r2: 0.6882
rmse: 0.4535
mae: 0.3504
Test Results:
r2: 0.1474
rmse: 0.6183
mae: 0.4497
26/51
train r2: 0.9959871492755407, valid r2: 0.6880665844198706, test r2: 0.15928297962586002
Training Results:
r2: 0.9960
rmse: 0.0510
mae: 0.0394
Validation Results:
r2: 0.6881
rmse: 0.4536
mae: 0.3559
Test Results:
r2: 0.1593
rmse: 0.6140
mae: 0.4516
27/51
train r2: 0.9968948341691733, valid r2: 0.6858078475089314, test r2: 0.16855711653152894
Training Results:
r2: 0.9969
rmse: 0.0449
mae: 0.0341
Validation Results:
r2: 0.6858
rmse: 0.4552
mae: 0.3534
Test Results:
r2: 0.1686
rmse: 0.6106
mae: 0.4467
28/51
train r2: 0.9981180028361, valid r2: 0.6866989403239192, test r2: 0.16557777969216647
Training Results:
r2: 0.9981
rmse: 0.0350
mae: 0.0254
Validation Results:
r2: 0.6867
rmse: 0.4546
mae: 0.3541
Test Results:
r2: 0.1656
rmse: 0.6117
mae: 0.4473
29/51
train r2: 0.9985788138383573, valid r2: 0.6852749533882373, test r2: 0.17498496001028552
Training Results:
r2: 0.9986
rmse: 0.0304
mae: 0.0213
Validation Results:
r2: 0.6853
rmse: 0.4556
mae: 0.3556
Test Results:
r2: 0.1750
rmse: 0.6082
mae: 0.4466
break!
train: 0.8848, val: 0.7080, test: 0.0229
end_test_result: (0.022865655035588905, 0.6619238257408142, 0.48322466015815735)
args.seed: 2034
use label scaler
use label scaler
use label scaler
model have 90.143705M paramerters in total
train_dataset.mean: tensor([-6.2653]) train_dataset.std: tensor([0.8038])
1/51
train r2: 0.31009751798815666, valid r2: 0.23963230973191485, test r2: -0.05528434073509758
Training Results:
r2: 0.3101
rmse: 0.6679
mae: 0.5635
Validation Results:
r2: 0.2396
rmse: 0.7081
mae: 0.5725
Test Results:
r2: -0.0553
rmse: 0.6879
mae: 0.5849
2/51
train r2: 0.6174331501138507, valid r2: 0.5226668892571499, test r2: -0.03260716182320511
Training Results:
r2: 0.6174
rmse: 0.4979
mae: 0.3973
Validation Results:
r2: 0.5227
rmse: 0.5611
mae: 0.4570
Test Results:
r2: -0.0326
rmse: 0.6805
mae: 0.5575
3/51
train r2: 0.7049502711260607, valid r2: 0.5490615521258374, test r2: -0.08288782769521985
Training Results:
r2: 0.7050
rmse: 0.4362
mae: 0.3396
Validation Results:
r2: 0.5491
rmse: 0.5453
mae: 0.4342
Test Results:
r2: -0.0829
rmse: 0.6968
mae: 0.5126
4/51
train r2: 0.4920839067531576, valid r2: 0.2877062553468728, test r2: -0.9180065697568054
Training Results:
r2: 0.4921
rmse: 0.5754
mae: 0.4748
Validation Results:
r2: 0.2877
rmse: 0.6854
mae: 0.5699
Test Results:
r2: -0.9180
rmse: 0.9274
mae: 0.7782
5/51
train r2: 0.7577055590533264, valid r2: 0.4927739014422885, test r2: -0.06425909780892347
Training Results:
r2: 0.7577
rmse: 0.3948
mae: 0.3093
Validation Results:
r2: 0.4928
rmse: 0.5784
mae: 0.4722
Test Results:
r2: -0.0643
rmse: 0.6908
mae: 0.5012
6/51
train r2: 0.8195730014502023, valid r2: 0.5916833561173507, test r2: -0.17940745975339256
Training Results:
r2: 0.8196
rmse: 0.3419
mae: 0.2563
Validation Results:
r2: 0.5917
rmse: 0.5189
mae: 0.4134
Test Results:
r2: -0.1794
rmse: 0.7272
mae: 0.5063
7/51
train r2: 0.7563498740897782, valid r2: 0.542363540625777, test r2: -0.09165329048927351
Training Results:
r2: 0.7563
rmse: 0.3955
mae: 0.3154
Validation Results:
r2: 0.5424
rmse: 0.5494
mae: 0.4362
Test Results:
r2: -0.0917
rmse: 0.6996
mae: 0.5104
8/51
train r2: 0.8585749583388301, valid r2: 0.6200105764916298, test r2: 0.03970251657251844
Training Results:
r2: 0.8586
rmse: 0.3008
mae: 0.2284
Validation Results:
r2: 0.6200
rmse: 0.5006
mae: 0.4017
Test Results:
r2: 0.0397
rmse: 0.6562
mae: 0.4609
9/51
train r2: 0.8404148427923341, valid r2: 0.5174194130799323, test r2: -0.08560390706025567
Training Results:
r2: 0.8404
rmse: 0.3206
mae: 0.2568
Validation Results:
r2: 0.5174
rmse: 0.5642
mae: 0.4634
Test Results:
r2: -0.0856
rmse: 0.6977
mae: 0.5244
10/51
train r2: 0.7971847601610733, valid r2: 0.5811669953119041, test r2: 0.014394136559109483
Training Results:
r2: 0.7972
rmse: 0.3629
mae: 0.2753
Validation Results:
r2: 0.5812
rmse: 0.5256
mae: 0.4145
Test Results:
r2: 0.0144
rmse: 0.6648
mae: 0.4803
11/51
train r2: 0.9172952009041797, valid r2: 0.6281398549975177, test r2: 0.08069251416382772
Training Results:
r2: 0.9173
rmse: 0.2316
mae: 0.1744
Validation Results:
r2: 0.6281
rmse: 0.4952
mae: 0.3910
Test Results:
r2: 0.0807
rmse: 0.6420
mae: 0.4588
12/51
train r2: 0.8718899398883982, valid r2: 0.4622039055140077, test r2: -0.1282776380329076
Training Results:
r2: 0.8719
rmse: 0.2875
mae: 0.2352
Validation Results:
r2: 0.4622
rmse: 0.5956
mae: 0.4849
Test Results:
r2: -0.1283
rmse: 0.7113
mae: 0.5159
13/51
train r2: 0.8980771381725002, valid r2: 0.6176536910254706, test r2: -0.013331159566712936
Training Results:
r2: 0.8981
rmse: 0.2562
mae: 0.1894
Validation Results:
r2: 0.6177
rmse: 0.5022
mae: 0.3859
Test Results:
r2: -0.0133
rmse: 0.6741
mae: 0.4850
14/51
train r2: 0.9468698552395812, valid r2: 0.5710783880210588, test r2: -0.0043256612556608065
Training Results:
r2: 0.9469
rmse: 0.1857
mae: 0.1394
Validation Results:
r2: 0.5711
rmse: 0.5319
mae: 0.4098
Test Results:
r2: -0.0043
rmse: 0.6711
mae: 0.4696
15/51
train r2: 0.9539995263744288, valid r2: 0.6351382560204181, test r2: 0.00309004184856454
Training Results:
r2: 0.9540
rmse: 0.1720
mae: 0.1336
Validation Results:
r2: 0.6351
rmse: 0.4905
mae: 0.3826
Test Results:
r2: 0.0031
rmse: 0.6686
mae: 0.4665
16/51
train r2: 0.9702879842601501, valid r2: 0.6539047275076598, test r2: 0.04253067711193537
Training Results:
r2: 0.9703
rmse: 0.1385
mae: 0.1040
Validation Results:
r2: 0.6539
rmse: 0.4778
mae: 0.3662
Test Results:
r2: 0.0425
rmse: 0.6552
mae: 0.4526
17/51
train r2: 0.9684965680090979, valid r2: 0.5903583127103973, test r2: 0.03501284635776736
Training Results:
r2: 0.9685
rmse: 0.1432
mae: 0.1047
Validation Results:
r2: 0.5904
rmse: 0.5198
mae: 0.3943
Test Results:
r2: 0.0350
rmse: 0.6578
mae: 0.4607
18/51
train r2: 0.9684693678581654, valid r2: 0.6368536434006651, test r2: -0.0188565138913126
Training Results:
r2: 0.9685
rmse: 0.1427
mae: 0.1003
Validation Results:
r2: 0.6369
rmse: 0.4894
mae: 0.3733
Test Results:
r2: -0.0189
rmse: 0.6759
mae: 0.4701
19/51
train r2: 0.9532165786129912, valid r2: 0.6084487666611327, test r2: 0.01930072005007133
Training Results:
r2: 0.9532
rmse: 0.1738
mae: 0.1350
Validation Results:
r2: 0.6084
rmse: 0.5082
mae: 0.3903
Test Results:
r2: 0.0193
rmse: 0.6631
mae: 0.4731
20/51
train r2: 0.9812873111567304, valid r2: 0.6161296243797165, test r2: -0.021723705543358562
Training Results:
r2: 0.9813
rmse: 0.1098
mae: 0.0804
Validation Results:
r2: 0.6161
rmse: 0.5032
mae: 0.3809
Test Results:
r2: -0.0217
rmse: 0.6769
mae: 0.4751
21/51
train r2: 0.9880618777732841, valid r2: 0.6488682167344579, test r2: -0.015551521567272575
Training Results:
r2: 0.9881
rmse: 0.0875
mae: 0.0672
Validation Results:
r2: 0.6489
rmse: 0.4812
mae: 0.3696
Test Results:
r2: -0.0156
rmse: 0.6748
mae: 0.4721
22/51
train r2: 0.9908360787313816, valid r2: 0.6121514724699363, test r2: 0.009174331359044663
Training Results:
r2: 0.9908
rmse: 0.0769
mae: 0.0558
Validation Results:
r2: 0.6122
rmse: 0.5058
mae: 0.3897
Test Results:
r2: 0.0092
rmse: 0.6665
mae: 0.4693
23/51
train r2: 0.9934947621590015, valid r2: 0.6541431173483804, test r2: -0.011189272073536483
Training Results:
r2: 0.9935
rmse: 0.0649
mae: 0.0472
Validation Results:
r2: 0.6541
rmse: 0.4776
mae: 0.3647
Test Results:
r2: -0.0112
rmse: 0.6734
mae: 0.4682
24/51
train r2: 0.9942101371893576, valid r2: 0.6335279905724687, test r2: 0.03697619760213777
Training Results:
r2: 0.9942
rmse: 0.0608
mae: 0.0461
Validation Results:
r2: 0.6335
rmse: 0.4916
mae: 0.3802
Test Results:
r2: 0.0370
rmse: 0.6571
mae: 0.4633
25/51
train r2: 0.9947885371333162, valid r2: 0.6504280359232688, test r2: 0.004206140665138802
Training Results:
r2: 0.9948
rmse: 0.0582
mae: 0.0432
Validation Results:
r2: 0.6504
rmse: 0.4802
mae: 0.3671
Test Results:
r2: 0.0042
rmse: 0.6682
mae: 0.4698
26/51
train r2: 0.9969230312226572, valid r2: 0.6378489893823079, test r2: 0.0001227229620084369
Training Results:
r2: 0.9969
rmse: 0.0446
mae: 0.0301
Validation Results:
r2: 0.6378
rmse: 0.4887
mae: 0.3728
Test Results:
r2: 0.0001
rmse: 0.6696
mae: 0.4703
27/51
train r2: 0.9973608670554619, valid r2: 0.6325238328551881, test r2: -0.006384858540279703
Training Results:
r2: 0.9974
rmse: 0.0413
mae: 0.0284
Validation Results:
r2: 0.6325
rmse: 0.4923
mae: 0.3768
Test Results:
r2: -0.0064
rmse: 0.6718
mae: 0.4693
28/51
train r2: 0.9980599453451834, valid r2: 0.6373514851221218, test r2: 0.004313597622054188
Training Results:
r2: 0.9981
rmse: 0.0355
mae: 0.0235
Validation Results:
r2: 0.6374
rmse: 0.4891
mae: 0.3742
Test Results:
r2: 0.0043
rmse: 0.6682
mae: 0.4700
29/51
train r2: 0.9986025267345621, valid r2: 0.6370562823589858, test r2: 0.000313671370229307
Training Results:
r2: 0.9986
rmse: 0.0301
mae: 0.0195
Validation Results:
r2: 0.6371
rmse: 0.4893
mae: 0.3725
Test Results:
r2: 0.0003
rmse: 0.6695
mae: 0.4717
30/51
train r2: 0.9986788417593928, valid r2: 0.6416756293082614, test r2: 0.0016006480606060025
Training Results:
r2: 0.9987
rmse: 0.0293
mae: 0.0191
Validation Results:
r2: 0.6417
rmse: 0.4861
mae: 0.3703
Test Results:
r2: 0.0016
rmse: 0.6691
mae: 0.4695
31/51
train r2: 0.9984325789740522, valid r2: 0.6333751766174114, test r2: 0.0016343719907871979
Training Results:
r2: 0.9984
rmse: 0.0319
mae: 0.0217
Validation Results:
r2: 0.6334
rmse: 0.4917
mae: 0.3772
Test Results:
r2: 0.0016
rmse: 0.6691
mae: 0.4695
32/51
train r2: 0.9988001328343675, valid r2: 0.6448930217258089, test r2: 0.0029022260323253724
Training Results:
r2: 0.9988
rmse: 0.0279
mae: 0.0200
Validation Results:
r2: 0.6449
rmse: 0.4839
mae: 0.3684
Test Results:
r2: 0.0029
rmse: 0.6687
mae: 0.4712
33/51
train r2: 0.9990860445469709, valid r2: 0.6459159788975524, test r2: 0.022210973252641875
Training Results:
r2: 0.9991
rmse: 0.0243
mae: 0.0167
Validation Results:
r2: 0.6459
rmse: 0.4832
mae: 0.3683
Test Results:
r2: 0.0222
rmse: 0.6621
mae: 0.4666
34/51
train r2: 0.9993534978112841, valid r2: 0.6415916217306332, test r2: 0.011079566482779746
Training Results:
r2: 0.9994
rmse: 0.0204
mae: 0.0141
Validation Results:
r2: 0.6416
rmse: 0.4862
mae: 0.3705
Test Results:
r2: 0.0111
rmse: 0.6659
mae: 0.4693
35/51
train r2: 0.9994964221623217, valid r2: 0.6336605023548227, test r2: 0.007807091880317918
Training Results:
r2: 0.9995
rmse: 0.0180
mae: 0.0119
Validation Results:
r2: 0.6337
rmse: 0.4915
mae: 0.3756
Test Results:
r2: 0.0078
rmse: 0.6670
mae: 0.4698
36/51
train r2: 0.9996457205947267, valid r2: 0.6390430865993806, test r2: 0.013407469166023644
Training Results:
r2: 0.9996
rmse: 0.0152
mae: 0.0092
Validation Results:
r2: 0.6390
rmse: 0.4879
mae: 0.3719
Test Results:
r2: 0.0134
rmse: 0.6651
mae: 0.4690
37/51
train r2: 0.9995835467864777, valid r2: 0.6385304235642585, test r2: 0.005737489400849616
Training Results:
r2: 0.9996
rmse: 0.0165
mae: 0.0113
Validation Results:
r2: 0.6385
rmse: 0.4883
mae: 0.3720
Test Results:
r2: 0.0057
rmse: 0.6677
mae: 0.4698
38/51
train r2: 0.9997329837492661, valid r2: 0.6388184628632407, test r2: 0.014387223972826546
Training Results:
r2: 0.9997
rmse: 0.0131
mae: 0.0085
Validation Results:
r2: 0.6388
rmse: 0.4881
mae: 0.3728
Test Results:
r2: 0.0144
rmse: 0.6648
mae: 0.4688
39/51
train r2: 0.9997347886287271, valid r2: 0.636873824073154, test r2: 0.006807425269655165
Training Results:
r2: 0.9997
rmse: 0.0131
mae: 0.0089
Validation Results:
r2: 0.6369
rmse: 0.4894
mae: 0.3732
Test Results:
r2: 0.0068
rmse: 0.6673
mae: 0.4698
40/51
train r2: 0.9997945897728868, valid r2: 0.6354750243037948, test r2: 0.011676375492855606
Training Results:
r2: 0.9998
rmse: 0.0115
mae: 0.0074
Validation Results:
r2: 0.6355
rmse: 0.4903
mae: 0.3746
Test Results:
r2: 0.0117
rmse: 0.6657
mae: 0.4691
41/51
train r2: 0.9998448448096512, valid r2: 0.6366079918352164, test r2: 0.014074765842313264
Training Results:
r2: 0.9998
rmse: 0.0100
mae: 0.0061
Validation Results:
r2: 0.6366
rmse: 0.4896
mae: 0.3736
Test Results:
r2: 0.0141
rmse: 0.6649
mae: 0.4689
42/51
train r2: 0.9998493202462673, valid r2: 0.6368252107509682, test r2: 0.012784794876406713
Training Results:
r2: 0.9998
rmse: 0.0099
mae: 0.0057
Validation Results:
r2: 0.6368
rmse: 0.4894
mae: 0.3733
Test Results:
r2: 0.0128
rmse: 0.6653
mae: 0.4689
43/51
train r2: 0.9998825328285877, valid r2: 0.636669413520154, test r2: 0.012149134727939548
Training Results:
r2: 0.9999
rmse: 0.0087
mae: 0.0051
Validation Results:
r2: 0.6367
rmse: 0.4895
mae: 0.3735
Test Results:
r2: 0.0121
rmse: 0.6655
mae: 0.4692
break!
train: 0.9935, val: 0.6541, test: -0.0112
end_test_result: (-0.011189272073536483, 0.6733596920967102, 0.4682232141494751)
args.seed: 2044
use label scaler
use label scaler
use label scaler
model have 90.143705M paramerters in total
train_dataset.mean: tensor([-6.2653]) train_dataset.std: tensor([0.8038])
1/51
train r2: 0.2551728560885351, valid r2: 0.15928435378023298, test r2: -0.6121396559911851
Training Results:
r2: 0.2552
rmse: 0.6939
mae: 0.5822
Validation Results:
r2: 0.1593
rmse: 0.7446
mae: 0.5991
Test Results:
r2: -0.6121
rmse: 0.8502
mae: 0.7399
2/51
train r2: 0.5587881406389648, valid r2: 0.40803534603102887, test r2: -0.1458836518891089
Training Results:
r2: 0.5588
rmse: 0.5354
mae: 0.4248
Validation Results:
r2: 0.4080
rmse: 0.6248
mae: 0.4998
Test Results:
r2: -0.1459
rmse: 0.7168
mae: 0.5714
3/51
train r2: 0.6839683117332833, valid r2: 0.5428420581023058, test r2: -0.086163453430399
Training Results:
r2: 0.6840
rmse: 0.4464
mae: 0.3442
Validation Results:
r2: 0.5428
rmse: 0.5491
mae: 0.4566
Test Results:
r2: -0.0862
rmse: 0.6979
mae: 0.4995
4/51
train r2: 0.74679088376273, valid r2: 0.5020986327995136, test r2: -0.06444210427784558
Training Results:
r2: 0.7468
rmse: 0.4056
mae: 0.3204
Validation Results:
r2: 0.5021
rmse: 0.5730
mae: 0.4876
Test Results:
r2: -0.0644
rmse: 0.6909
mae: 0.5302
5/51
train r2: 0.8048360908835013, valid r2: 0.5573406208225269, test r2: -0.046274025002042585
Training Results:
r2: 0.8048
rmse: 0.3562
mae: 0.2796
Validation Results:
r2: 0.5573
rmse: 0.5403
mae: 0.4479
Test Results:
r2: -0.0463
rmse: 0.6849
mae: 0.4788
6/51
train r2: 0.6356342028841322, valid r2: 0.04560550331111057, test r2: -0.5294408623819298
Training Results:
r2: 0.6356
rmse: 0.4861
mae: 0.4142
Validation Results:
r2: 0.0456
rmse: 0.7934
mae: 0.7063
Test Results:
r2: -0.5294
rmse: 0.8281
mae: 0.6704
7/51
train r2: 0.7001312965712375, valid r2: 0.044612060439601975, test r2: -0.28940400719288073
Training Results:
r2: 0.7001
rmse: 0.4406
mae: 0.3677
Validation Results:
r2: 0.0446
rmse: 0.7938
mae: 0.6878
Test Results:
r2: -0.2894
rmse: 0.7604
mae: 0.5800
8/51
train r2: 0.8772181993348671, valid r2: 0.4417445947462678, test r2: -0.12009687728078422
Training Results:
r2: 0.8772
rmse: 0.2816
mae: 0.2090
Validation Results:
r2: 0.4417
rmse: 0.6068
mae: 0.5065
Test Results:
r2: -0.1201
rmse: 0.7087
mae: 0.4926
9/51
train r2: 0.8684804662688628, valid r2: 0.4017075194221458, test r2: -0.16514317180745186
Training Results:
r2: 0.8685
rmse: 0.2914
mae: 0.2180
Validation Results:
r2: 0.4017
rmse: 0.6282
mae: 0.5177
Test Results:
r2: -0.1651
rmse: 0.7228
mae: 0.4975
10/51
train r2: 0.9067781485242451, valid r2: 0.5062290416421602, test r2: -0.06073682843607542
Training Results:
r2: 0.9068
rmse: 0.2450
mae: 0.1873
Validation Results:
r2: 0.5062
rmse: 0.5707
mae: 0.4703
Test Results:
r2: -0.0607
rmse: 0.6897
mae: 0.4924
11/51
train r2: 0.9119077871187886, valid r2: 0.5585834931200859, test r2: -0.09254932586656639
Training Results:
r2: 0.9119
rmse: 0.2392
mae: 0.1812
Validation Results:
r2: 0.5586
rmse: 0.5396
mae: 0.4408
Test Results:
r2: -0.0925
rmse: 0.6999
mae: 0.4905
12/51
train r2: 0.9307172180025034, valid r2: 0.5227298247806992, test r2: 0.004628038988321759
Training Results:
r2: 0.9307
rmse: 0.2114
mae: 0.1584
Validation Results:
r2: 0.5227
rmse: 0.5610
mae: 0.4680
Test Results:
r2: 0.0046
rmse: 0.6681
mae: 0.4727
13/51
train r2: 0.9395739977407652, valid r2: 0.5308741664308516, test r2: -0.12547977219387896
Training Results:
r2: 0.9396
rmse: 0.1970
mae: 0.1504
Validation Results:
r2: 0.5309
rmse: 0.5562
mae: 0.4591
Test Results:
r2: -0.1255
rmse: 0.7104
mae: 0.5021
14/51
train r2: 0.9603927005815971, valid r2: 0.48035513755801473, test r2: -0.05501558963297537
Training Results:
r2: 0.9604
rmse: 0.1590
mae: 0.1206
Validation Results:
r2: 0.4804
rmse: 0.5854
mae: 0.4756
Test Results:
r2: -0.0550
rmse: 0.6878
mae: 0.4783
15/51
train r2: 0.9525120407720518, valid r2: 0.5990014578340099, test r2: 0.10001653243698894
Training Results:
r2: 0.9525
rmse: 0.1742
mae: 0.1355
Validation Results:
r2: 0.5990
rmse: 0.5143
mae: 0.4177
Test Results:
r2: 0.1000
rmse: 0.6353
mae: 0.4713
16/51
train r2: 0.9664912116824627, valid r2: 0.6037763854007145, test r2: -0.11518201090574709
Training Results:
r2: 0.9665
rmse: 0.1470
mae: 0.1127
Validation Results:
r2: 0.6038
rmse: 0.5112
mae: 0.4109
Test Results:
r2: -0.1152
rmse: 0.7071
mae: 0.4971
17/51
train r2: 0.971592189396419, valid r2: 0.5918915503421549, test r2: 0.007680739741754095
Training Results:
r2: 0.9716
rmse: 0.1356
mae: 0.0971
Validation Results:
r2: 0.5919
rmse: 0.5188
mae: 0.4152
Test Results:
r2: 0.0077
rmse: 0.6670
mae: 0.4760
18/51
train r2: 0.9419204255717731, valid r2: 0.5742879605383311, test r2: -0.03067660317098886
Training Results:
r2: 0.9419
rmse: 0.1935
mae: 0.1599
Validation Results:
r2: 0.5743
rmse: 0.5299
mae: 0.4332
Test Results:
r2: -0.0307
rmse: 0.6798
mae: 0.4869
19/51
train r2: 0.9800783201319204, valid r2: 0.5617031905915444, test r2: -0.10720363265049682
Training Results:
r2: 0.9801
rmse: 0.1136
mae: 0.0896
Validation Results:
r2: 0.5617
rmse: 0.5376
mae: 0.4311
Test Results:
r2: -0.1072
rmse: 0.7046
mae: 0.4937
20/51
train r2: 0.9842755642804378, valid r2: 0.5368559968812496, test r2: -0.040287637101422025
Training Results:
r2: 0.9843
rmse: 0.1004
mae: 0.0758
Validation Results:
r2: 0.5369
rmse: 0.5527
mae: 0.4454
Test Results:
r2: -0.0403
rmse: 0.6830
mae: 0.4757
21/51
train r2: 0.9891298903456769, valid r2: 0.6083559546216162, test r2: -0.031225726201230986
Training Results:
r2: 0.9891
rmse: 0.0839
mae: 0.0616
Validation Results:
r2: 0.6084
rmse: 0.5082
mae: 0.4036
Test Results:
r2: -0.0312
rmse: 0.6800
mae: 0.4718
22/51
train r2: 0.9908403550033085, valid r2: 0.5899850351904623, test r2: -0.05635490650606578
Training Results:
r2: 0.9908
rmse: 0.0768
mae: 0.0573
Validation Results:
r2: 0.5900
rmse: 0.5200
mae: 0.4211
Test Results:
r2: -0.0564
rmse: 0.6882
mae: 0.4833
23/51
train r2: 0.9930179094765512, valid r2: 0.587991520575506, test r2: -0.04234667051185159
Training Results:
r2: 0.9930
rmse: 0.0671
mae: 0.0476
Validation Results:
r2: 0.5880
rmse: 0.5213
mae: 0.4201
Test Results:
r2: -0.0423
rmse: 0.6837
mae: 0.4785
24/51
train r2: 0.9936187764053322, valid r2: 0.5751306485534868, test r2: -0.06163665074708513
Training Results:
r2: 0.9936
rmse: 0.0639
mae: 0.0490
Validation Results:
r2: 0.5751
rmse: 0.5293
mae: 0.4289
Test Results:
r2: -0.0616
rmse: 0.6900
mae: 0.4817
25/51
train r2: 0.9956954049717982, valid r2: 0.6009776166731265, test r2: -0.06697942012638536
Training Results:
r2: 0.9957
rmse: 0.0528
mae: 0.0394
Validation Results:
r2: 0.6010
rmse: 0.5130
mae: 0.4146
Test Results:
r2: -0.0670
rmse: 0.6917
mae: 0.4829
26/51
train r2: 0.9937628433600608, valid r2: 0.5805652679432736, test r2: -0.04818039689100062
Training Results:
r2: 0.9938
rmse: 0.0634
mae: 0.0468
Validation Results:
r2: 0.5806
rmse: 0.5260
mae: 0.4232
Test Results:
r2: -0.0482
rmse: 0.6856
mae: 0.4846
27/51
train r2: 0.997023824282084, valid r2: 0.597064432192859, test r2: -0.02693050820683851
Training Results:
r2: 0.9970
rmse: 0.0437
mae: 0.0314
Validation Results:
r2: 0.5971
rmse: 0.5155
mae: 0.4139
Test Results:
r2: -0.0269
rmse: 0.6786
mae: 0.4773
28/51
train r2: 0.997209268571793, valid r2: 0.5769049237486494, test r2: -0.050288840608144314
Training Results:
r2: 0.9972
rmse: 0.0426
mae: 0.0313
Validation Results:
r2: 0.5769
rmse: 0.5282
mae: 0.4250
Test Results:
r2: -0.0503
rmse: 0.6863
mae: 0.4819
29/51
train r2: 0.9963322692255542, valid r2: 0.6161609244212579, test r2: -0.042309421531803615
Training Results:
r2: 0.9963
rmse: 0.0484
mae: 0.0365
Validation Results:
r2: 0.6162
rmse: 0.5031
mae: 0.3997
Test Results:
r2: -0.0423
rmse: 0.6836
mae: 0.4812
30/51
train r2: 0.9979643315807016, valid r2: 0.5895252524802859, test r2: -0.051062146640166395
Training Results:
r2: 0.9980
rmse: 0.0362
mae: 0.0273
Validation Results:
r2: 0.5895
rmse: 0.5203
mae: 0.4184
Test Results:
r2: -0.0511
rmse: 0.6865
mae: 0.4819
31/51
train r2: 0.997661760645549, valid r2: 0.584725012859031, test r2: -0.04846515486256586
Training Results:
r2: 0.9977
rmse: 0.0390
mae: 0.0315
Validation Results:
r2: 0.5847
rmse: 0.5233
mae: 0.4202
Test Results:
r2: -0.0485
rmse: 0.6857
mae: 0.4796
32/51
train r2: 0.9987902029265141, valid r2: 0.6075384491926147, test r2: -0.04960003536904978
Training Results:
r2: 0.9988
rmse: 0.0280
mae: 0.0201
Validation Results:
r2: 0.6075
rmse: 0.5088
mae: 0.4076
Test Results:
r2: -0.0496
rmse: 0.6860
mae: 0.4794
33/51
train r2: 0.9992218559596894, valid r2: 0.59563964444292, test r2: -0.04437720905284315
Training Results:
r2: 0.9992
rmse: 0.0224
mae: 0.0146
Validation Results:
r2: 0.5956
rmse: 0.5164
mae: 0.4138
Test Results:
r2: -0.0444
rmse: 0.6843
mae: 0.4797
34/51
train r2: 0.9990911317174392, valid r2: 0.5974539111525223, test r2: -0.05993291161051806
Training Results:
r2: 0.9991
rmse: 0.0241
mae: 0.0176
Validation Results:
r2: 0.5975
rmse: 0.5153
mae: 0.4143
Test Results:
r2: -0.0599
rmse: 0.6894
mae: 0.4812
35/51
train r2: 0.9993032717675275, valid r2: 0.5915593879444556, test r2: -0.04642334765303158
Training Results:
r2: 0.9993
rmse: 0.0212
mae: 0.0150
Validation Results:
r2: 0.5916
rmse: 0.5190
mae: 0.4166
Test Results:
r2: -0.0464
rmse: 0.6850
mae: 0.4795
36/51
train r2: 0.999547952799279, valid r2: 0.6020188376916168, test r2: -0.041239006792317845
Training Results:
r2: 0.9995
rmse: 0.0171
mae: 0.0107
Validation Results:
r2: 0.6020
rmse: 0.5123
mae: 0.4105
Test Results:
r2: -0.0412
rmse: 0.6833
mae: 0.4790
37/51
train r2: 0.9995559599777432, valid r2: 0.5972750062078357, test r2: -0.04624270967007349
Training Results:
r2: 0.9996
rmse: 0.0168
mae: 0.0110
Validation Results:
r2: 0.5973
rmse: 0.5154
mae: 0.4133
Test Results:
r2: -0.0462
rmse: 0.6849
mae: 0.4804
38/51
train r2: 0.9996741376871091, valid r2: 0.597513559170595, test r2: -0.05210045459637391
Training Results:
r2: 0.9997
rmse: 0.0145
mae: 0.0084
Validation Results:
r2: 0.5975
rmse: 0.5152
mae: 0.4133
Test Results:
r2: -0.0521
rmse: 0.6868
mae: 0.4807
39/51
train r2: 0.999644066563653, valid r2: 0.5957936634042977, test r2: -0.0450120259390101
Training Results:
r2: 0.9996
rmse: 0.0152
mae: 0.0091
Validation Results:
r2: 0.5958
rmse: 0.5163
mae: 0.4135
Test Results:
r2: -0.0450
rmse: 0.6845
mae: 0.4798
40/51
train r2: 0.9997288898891111, valid r2: 0.595744094591671, test r2: -0.04922083490947493
Training Results:
r2: 0.9997
rmse: 0.0133
mae: 0.0076
Validation Results:
r2: 0.5957
rmse: 0.5163
mae: 0.4138
Test Results:
r2: -0.0492
rmse: 0.6859
mae: 0.4805
41/51
train r2: 0.9997723390107724, valid r2: 0.59374046998016, test r2: -0.04872040803140343
Training Results:
r2: 0.9998
rmse: 0.0121
mae: 0.0064
Validation Results:
r2: 0.5937
rmse: 0.5176
mae: 0.4153
Test Results:
r2: -0.0487
rmse: 0.6857
mae: 0.4804
42/51
train r2: 0.9997651185681636, valid r2: 0.5958552596258726, test r2: -0.051141835171615746
Training Results:
r2: 0.9998
rmse: 0.0123
mae: 0.0074
Validation Results:
r2: 0.5959
rmse: 0.5163
mae: 0.4139
Test Results:
r2: -0.0511
rmse: 0.6865
mae: 0.4809
43/51
train r2: 0.9998130544312126, valid r2: 0.5963005758632152, test r2: -0.04560957224527162
Training Results:
r2: 0.9998
rmse: 0.0110
mae: 0.0056
Validation Results:
r2: 0.5963
rmse: 0.5160
mae: 0.4137
Test Results:
r2: -0.0456
rmse: 0.6847
mae: 0.4799
44/51
train r2: 0.9998016971843675, valid r2: 0.5956955708503959, test r2: -0.04569716757361175
Training Results:
r2: 0.9998
rmse: 0.0114
mae: 0.0058
Validation Results:
r2: 0.5957
rmse: 0.5164
mae: 0.4136
Test Results:
r2: -0.0457
rmse: 0.6848
mae: 0.4800
45/51
train r2: 0.9998327059979321, valid r2: 0.5946483878064461, test r2: -0.05044145885222795
Training Results:
r2: 0.9998
rmse: 0.0104
mae: 0.0047
Validation Results:
r2: 0.5946
rmse: 0.5170
mae: 0.4146
Test Results:
r2: -0.0504
rmse: 0.6863
mae: 0.4807
46/51
train r2: 0.9998498643085809, valid r2: 0.594708648606896, test r2: -0.05020133020698947
Training Results:
r2: 0.9998
rmse: 0.0099
mae: 0.0047
Validation Results:
r2: 0.5947
rmse: 0.5170
mae: 0.4145
Test Results:
r2: -0.0502
rmse: 0.6862
mae: 0.4806
47/51
train r2: 0.9998527650091745, valid r2: 0.5956990713423843, test r2: -0.04793003791686634
Training Results:
r2: 0.9999
rmse: 0.0098
mae: 0.0044
Validation Results:
r2: 0.5957
rmse: 0.5164
mae: 0.4139
Test Results:
r2: -0.0479
rmse: 0.6855
mae: 0.4803
48/51
train r2: 0.9998602023697251, valid r2: 0.5943545371161907, test r2: -0.049891437845342335
Training Results:
r2: 0.9999
rmse: 0.0095
mae: 0.0043
Validation Results:
r2: 0.5944
rmse: 0.5172
mae: 0.4147
Test Results:
r2: -0.0499
rmse: 0.6861
mae: 0.4806
49/51
train r2: 0.9998710690530854, valid r2: 0.5950998902713811, test r2: -0.04896693593494805
Training Results:
r2: 0.9999
rmse: 0.0091
mae: 0.0037
Validation Results:
r2: 0.5951
rmse: 0.5168
mae: 0.4142
Test Results:
r2: -0.0490
rmse: 0.6858
mae: 0.4805
break!
train: 0.9963, val: 0.6162, test: -0.0423
end_test_result: (-0.042309421531803615, 0.6836427450180054, 0.48122480511665344)
args.seed: 2054
use label scaler
use label scaler
use label scaler
model have 90.143705M paramerters in total
train_dataset.mean: tensor([-6.2653]) train_dataset.std: tensor([0.8038])
1/51
train r2: 0.27877057307023323, valid r2: 0.1627076686414458, test r2: -0.36377032954196475
Training Results:
r2: 0.2788
rmse: 0.6840
mae: 0.5854
Validation Results:
r2: 0.1627
rmse: 0.7431
mae: 0.5993
Test Results:
r2: -0.3638
rmse: 0.7820
mae: 0.6743
2/51
train r2: 0.6010360260995369, valid r2: 0.3867216087864681, test r2: -0.027147687135057108
Training Results:
r2: 0.6010
rmse: 0.5078
mae: 0.4025
Validation Results:
r2: 0.3867
rmse: 0.6360
mae: 0.4945
Test Results:
r2: -0.0271
rmse: 0.6787
mae: 0.5196
3/51
train r2: 0.6358180598294121, valid r2: 0.5951861536519016, test r2: -0.012469662261602066
Training Results:
r2: 0.6358
rmse: 0.4841
mae: 0.3641
Validation Results:
r2: 0.5952
rmse: 0.5167
mae: 0.3874
Test Results:
r2: -0.0125
rmse: 0.6738
mae: 0.5037
4/51
train r2: 0.7357551525153057, valid r2: 0.6030399305463969, test r2: -0.003163628991273315
Training Results:
r2: 0.7358
rmse: 0.4115
mae: 0.3142
Validation Results:
r2: 0.6030
rmse: 0.5117
mae: 0.4043
Test Results:
r2: -0.0032
rmse: 0.6707
mae: 0.4898
5/51
train r2: 0.7964280620961411, valid r2: 0.610333033084208, test r2: 0.11566983514269225
Training Results:
r2: 0.7964
rmse: 0.3624
mae: 0.2806
Validation Results:
r2: 0.6103
rmse: 0.5069
mae: 0.4064
Test Results:
r2: 0.1157
rmse: 0.6297
mae: 0.4629
6/51
train r2: 0.622325147060204, valid r2: 0.4873042819328576, test r2: -0.03465785858426784
Training Results:
r2: 0.6223
rmse: 0.4940
mae: 0.4001
Validation Results:
r2: 0.4873
rmse: 0.5815
mae: 0.4530
Test Results:
r2: -0.0347
rmse: 0.6811
mae: 0.5162
7/51
train r2: 0.846311646386652, valid r2: 0.5830766264801057, test r2: 0.08637303221802994
Training Results:
r2: 0.8463
rmse: 0.3158
mae: 0.2360
Validation Results:
r2: 0.5831
rmse: 0.5244
mae: 0.4257
Test Results:
r2: 0.0864
rmse: 0.6401
mae: 0.4671
8/51
train r2: 0.8651283800927251, valid r2: 0.530086019454575, test r2: -0.0075425323306794745
Training Results:
r2: 0.8651
rmse: 0.2958
mae: 0.2210
Validation Results:
r2: 0.5301
rmse: 0.5567
mae: 0.4644
Test Results:
r2: -0.0075
rmse: 0.6721
mae: 0.4824
9/51
train r2: 0.890211068126515, valid r2: 0.6179038806145554, test r2: 0.002897909755553485
Training Results:
r2: 0.8902
rmse: 0.2652
mae: 0.1992
Validation Results:
r2: 0.6179
rmse: 0.5020
mae: 0.4025
Test Results:
r2: 0.0029
rmse: 0.6687
mae: 0.4714
10/51
train r2: 0.9011409074953389, valid r2: 0.6554112794456786, test r2: -0.10224055706437585
Training Results:
r2: 0.9011
rmse: 0.2528
mae: 0.1919
Validation Results:
r2: 0.6554
rmse: 0.4767
mae: 0.3789
Test Results:
r2: -0.1022
rmse: 0.7030
mae: 0.4939
11/51
train r2: 0.9332737130030095, valid r2: 0.5831147781008011, test r2: 0.09395163444843657
Training Results:
r2: 0.9333
rmse: 0.2079
mae: 0.1544
Validation Results:
r2: 0.5831
rmse: 0.5243
mae: 0.4212
Test Results:
r2: 0.0940
rmse: 0.6374
mae: 0.4606
12/51
train r2: 0.881821668993098, valid r2: 0.617931030908073, test r2: 0.01628422028926324
Training Results:
r2: 0.8818
rmse: 0.2756
mae: 0.2290
Validation Results:
r2: 0.6179
rmse: 0.5020
mae: 0.4039
Test Results:
r2: 0.0163
rmse: 0.6641
mae: 0.4875
13/51
train r2: 0.933772978705127, valid r2: 0.5892933583552833, test r2: 0.026544661758333365
Training Results:
r2: 0.9338
rmse: 0.2069
mae: 0.1586
Validation Results:
r2: 0.5893
rmse: 0.5204
mae: 0.4162
Test Results:
r2: 0.0265
rmse: 0.6607
mae: 0.4729
14/51
train r2: 0.9136814604816775, valid r2: 0.5724869330470905, test r2: -0.15355461582429308
Training Results:
r2: 0.9137
rmse: 0.2364
mae: 0.1868
Validation Results:
r2: 0.5725
rmse: 0.5310
mae: 0.4240
Test Results:
r2: -0.1536
rmse: 0.7192
mae: 0.5390
15/51
train r2: 0.9435205801815532, valid r2: 0.5984916368278865, test r2: 0.16466445769740823
Training Results:
r2: 0.9435
rmse: 0.1894
mae: 0.1533
Validation Results:
r2: 0.5985
rmse: 0.5146
mae: 0.4097
Test Results:
r2: 0.1647
rmse: 0.6120
mae: 0.4409
16/51
train r2: 0.9752328797032538, valid r2: 0.6463747484173161, test r2: 0.1059431655943377
Training Results:
r2: 0.9752
rmse: 0.1268
mae: 0.0917
Validation Results:
r2: 0.6464
rmse: 0.4829
mae: 0.3872
Test Results:
r2: 0.1059
rmse: 0.6332
mae: 0.4478
17/51
train r2: 0.9739992949449437, valid r2: 0.6349745715658952, test r2: 0.11247808788037506
Training Results:
r2: 0.9740
rmse: 0.1301
mae: 0.0963
Validation Results:
r2: 0.6350
rmse: 0.4907
mae: 0.3919
Test Results:
r2: 0.1125
rmse: 0.6308
mae: 0.4461
18/51
train r2: 0.9849903843242913, valid r2: 0.6488470879774741, test r2: 0.11291256907109049
Training Results:
r2: 0.9850
rmse: 0.0987
mae: 0.0743
Validation Results:
r2: 0.6488
rmse: 0.4812
mae: 0.3806
Test Results:
r2: 0.1129
rmse: 0.6307
mae: 0.4495
19/51
train r2: 0.9819788549241579, valid r2: 0.6363416597743923, test r2: 0.10348847222853397
Training Results:
r2: 0.9820
rmse: 0.1079
mae: 0.0802
Validation Results:
r2: 0.6363
rmse: 0.4897
mae: 0.3867
Test Results:
r2: 0.1035
rmse: 0.6340
mae: 0.4524
20/51
train r2: 0.9854439308316542, valid r2: 0.6280809044014519, test r2: 0.1116067035299031
Training Results:
r2: 0.9854
rmse: 0.0965
mae: 0.0725
Validation Results:
r2: 0.6281
rmse: 0.4953
mae: 0.3971
Test Results:
r2: 0.1116
rmse: 0.6312
mae: 0.4482
21/51
train r2: 0.9867936617213369, valid r2: 0.6224676785295693, test r2: 0.09231530708895286
Training Results:
r2: 0.9868
rmse: 0.0924
mae: 0.0717
Validation Results:
r2: 0.6225
rmse: 0.4990
mae: 0.3916
Test Results:
r2: 0.0923
rmse: 0.6380
mae: 0.4533
22/51
train r2: 0.9912975051094255, valid r2: 0.6191759742923397, test r2: 0.1070800591693829
Training Results:
r2: 0.9913
rmse: 0.0748
mae: 0.0565
Validation Results:
r2: 0.6192
rmse: 0.5012
mae: 0.3971
Test Results:
r2: 0.1071
rmse: 0.6328
mae: 0.4498
23/51
train r2: 0.9938285997810148, valid r2: 0.6473794954313581, test r2: 0.11075113222027866
Training Results:
r2: 0.9938
rmse: 0.0628
mae: 0.0457
Validation Results:
r2: 0.6474
rmse: 0.4822
mae: 0.3799
Test Results:
r2: 0.1108
rmse: 0.6315
mae: 0.4508
24/51
train r2: 0.9924660156326722, valid r2: 0.6411231881521875, test r2: 0.0947912242280281
Training Results:
r2: 0.9925
rmse: 0.0696
mae: 0.0515
Validation Results:
r2: 0.6411
rmse: 0.4865
mae: 0.3796
Test Results:
r2: 0.0948
rmse: 0.6371
mae: 0.4538
25/51
train r2: 0.9963614067294377, valid r2: 0.6403216480271903, test r2: 0.09787210390720225
Training Results:
r2: 0.9964
rmse: 0.0484
mae: 0.0347
Validation Results:
r2: 0.6403
rmse: 0.4870
mae: 0.3822
Test Results:
r2: 0.0979
rmse: 0.6360
mae: 0.4518
26/51
train r2: 0.9971877376587678, valid r2: 0.6333543106358779, test r2: 0.1021807552370283
Training Results:
r2: 0.9972
rmse: 0.0424
mae: 0.0306
Validation Results:
r2: 0.6334
rmse: 0.4917
mae: 0.3860
Test Results:
r2: 0.1022
rmse: 0.6345
mae: 0.4497
27/51
train r2: 0.9977743754261985, valid r2: 0.6409996750438526, test r2: 0.10195153220792208
Training Results:
r2: 0.9978
rmse: 0.0379
mae: 0.0279
Validation Results:
r2: 0.6410
rmse: 0.4866
mae: 0.3843
Test Results:
r2: 0.1020
rmse: 0.6346
mae: 0.4497
28/51
train r2: 0.9987566043785147, valid r2: 0.6432173913935171, test r2: 0.10196722128172031
Training Results:
r2: 0.9988
rmse: 0.0283
mae: 0.0193
Validation Results:
r2: 0.6432
rmse: 0.4851
mae: 0.3813
Test Results:
r2: 0.1020
rmse: 0.6346
mae: 0.4492
29/51
train r2: 0.9987297103312762, valid r2: 0.6356695980431151, test r2: 0.10430298456311482
Training Results:
r2: 0.9987
rmse: 0.0286
mae: 0.0191
Validation Results:
r2: 0.6357
rmse: 0.4902
mae: 0.3853
Test Results:
r2: 0.1043
rmse: 0.6337
mae: 0.4481
30/51
train r2: 0.9985643388196312, valid r2: 0.6394355547659643, test r2: 0.10492347924160339
Training Results:
r2: 0.9986
rmse: 0.0304
mae: 0.0204
Validation Results:
r2: 0.6394
rmse: 0.4876
mae: 0.3816
Test Results:
r2: 0.1049
rmse: 0.6335
mae: 0.4495
break!
train: 0.9011, val: 0.6554, test: -0.1022
end_test_result: (-0.10224055706437585, 0.7030222415924072, 0.493897020816803)
args.seed: 2064
use label scaler
use label scaler
use label scaler
model have 90.143705M paramerters in total
train_dataset.mean: tensor([-6.2653]) train_dataset.std: tensor([0.8038])
1/51
train r2: 0.27889131682311286, valid r2: 0.32487241238970366, test r2: -0.009234662436242047
Training Results:
r2: 0.2789
rmse: 0.6828
mae: 0.5845
Validation Results:
r2: 0.3249
rmse: 0.6673
mae: 0.5445
Test Results:
r2: -0.0092
rmse: 0.6727
mae: 0.5762
2/51
train r2: 0.5710391851328357, valid r2: 0.4193914576385248, test r2: -0.128657022730287
Training Results:
r2: 0.5710
rmse: 0.5279
mae: 0.4283
Validation Results:
r2: 0.4194
rmse: 0.6188
mae: 0.4961
Test Results:
r2: -0.1287
rmse: 0.7114
mae: 0.5806
3/51
train r2: 0.625336204348679, valid r2: 0.5699911073041841, test r2: 0.06450120783770208
Training Results:
r2: 0.6253
rmse: 0.4921
mae: 0.3846
Validation Results:
r2: 0.5700
rmse: 0.5325
mae: 0.4002
Test Results:
r2: 0.0645
rmse: 0.6477
mae: 0.4862
4/51
train r2: 0.5988883911577962, valid r2: 0.48333583598040164, test r2: -0.07667965119152709
Training Results:
r2: 0.5989
rmse: 0.5073
mae: 0.4084
Validation Results:
r2: 0.4833
rmse: 0.5837
mae: 0.4547
Test Results:
r2: -0.0767
rmse: 0.6948
mae: 0.5311
5/51
train r2: 0.6637669550361339, valid r2: 0.4361679212147951, test r2: -0.21227409906192674
Training Results:
r2: 0.6638
rmse: 0.4669
mae: 0.3863
Validation Results:
r2: 0.4362
rmse: 0.6098
mae: 0.5240
Test Results:
r2: -0.2123
rmse: 0.7373
mae: 0.5903
6/51
train r2: 0.8214699724528478, valid r2: 0.6369862872767635, test r2: 0.05305308382042817
Training Results:
r2: 0.8215
rmse: 0.3408
mae: 0.2579
Validation Results:
r2: 0.6370
rmse: 0.4893
mae: 0.3966
Test Results:
r2: 0.0531
rmse: 0.6516
mae: 0.4769
7/51
train r2: 0.8079107974074835, valid r2: 0.551470361352971, test r2: -0.1150874397877737
Training Results:
r2: 0.8079
rmse: 0.3521
mae: 0.2698
Validation Results:
r2: 0.5515
rmse: 0.5439
mae: 0.4463
Test Results:
r2: -0.1151
rmse: 0.7071
mae: 0.5221
8/51
train r2: 0.8393878159910356, valid r2: 0.4729786845370133, test r2: -0.11928262205083828
Training Results:
r2: 0.8394
rmse: 0.3228
mae: 0.2507
Validation Results:
r2: 0.4730
rmse: 0.5896
mae: 0.4964
Test Results:
r2: -0.1193
rmse: 0.7084
mae: 0.5136
9/51
train r2: 0.8783149728821285, valid r2: 0.5963582267347143, test r2: -0.0769109980190974
Training Results:
r2: 0.8783
rmse: 0.2807
mae: 0.2075
Validation Results:
r2: 0.5964
rmse: 0.5160
mae: 0.4120
Test Results:
r2: -0.0769
rmse: 0.6949
mae: 0.4874
10/51
train r2: 0.9097570040881356, valid r2: 0.6316081486666955, test r2: 0.06329757558425653
Training Results:
r2: 0.9098
rmse: 0.2409
mae: 0.1809
Validation Results:
r2: 0.6316
rmse: 0.4929
mae: 0.3960
Test Results:
r2: 0.0633
rmse: 0.6481
mae: 0.4688
11/51
train r2: 0.8855509594158776, valid r2: 0.6040916290166267, test r2: -0.049964739764596366
Training Results:
r2: 0.8856
rmse: 0.2708
mae: 0.2152
Validation Results:
r2: 0.6041
rmse: 0.5110
mae: 0.4183
Test Results:
r2: -0.0500
rmse: 0.6861
mae: 0.5050
12/51
train r2: 0.9184449594583384, valid r2: 0.5767493776664785, test r2: -0.02984937791915776
Training Results:
r2: 0.9184
rmse: 0.2299
mae: 0.1726
Validation Results:
r2: 0.5767
rmse: 0.5283
mae: 0.4318
Test Results:
r2: -0.0298
rmse: 0.6795
mae: 0.4777
13/51
train r2: 0.9277115105189192, valid r2: 0.6119973104449397, test r2: -0.02712458431966569
Training Results:
r2: 0.9277
rmse: 0.2163
mae: 0.1672
Validation Results:
r2: 0.6120
rmse: 0.5059
mae: 0.4076
Test Results:
r2: -0.0271
rmse: 0.6786
mae: 0.4917
14/51
train r2: 0.9452755227562212, valid r2: 0.5909855261177549, test r2: -0.01760338513932913
Training Results:
r2: 0.9453
rmse: 0.1876
mae: 0.1384
Validation Results:
r2: 0.5910
rmse: 0.5194
mae: 0.4123
Test Results:
r2: -0.0176
rmse: 0.6755
mae: 0.4621
15/51
train r2: 0.9476365529324714, valid r2: 0.5306107254232444, test r2: 0.04300580803516718
Training Results:
r2: 0.9476
rmse: 0.1847
mae: 0.1416
Validation Results:
r2: 0.5306
rmse: 0.5564
mae: 0.4506
Test Results:
r2: 0.0430
rmse: 0.6551
mae: 0.4766
16/51
train r2: 0.9688869501895232, valid r2: 0.6275772191354999, test r2: 0.05395036035609524
Training Results:
r2: 0.9689
rmse: 0.1414
mae: 0.1080
Validation Results:
r2: 0.6276
rmse: 0.4956
mae: 0.4009
Test Results:
r2: 0.0540
rmse: 0.6513
mae: 0.4578
17/51
train r2: 0.9762504680067291, valid r2: 0.5710758227125823, test r2: 0.05723018435798799
Training Results:
r2: 0.9763
rmse: 0.1237
mae: 0.0933
Validation Results:
r2: 0.5711
rmse: 0.5319
mae: 0.4282
Test Results:
r2: 0.0572
rmse: 0.6502
mae: 0.4617
18/51
train r2: 0.9762523955117601, valid r2: 0.6271888094286482, test r2: 0.009108611978926873
Training Results:
r2: 0.9763
rmse: 0.1238
mae: 0.0938
Validation Results:
r2: 0.6272
rmse: 0.4959
mae: 0.3956
Test Results:
r2: 0.0091
rmse: 0.6666
mae: 0.4681
19/51
train r2: 0.9861415031305882, valid r2: 0.6210069574569608, test r2: 0.08804848011774258
Training Results:
r2: 0.9861
rmse: 0.0948
mae: 0.0704
Validation Results:
r2: 0.6210
rmse: 0.5000
mae: 0.4006
Test Results:
r2: 0.0880
rmse: 0.6395
mae: 0.4487
20/51
train r2: 0.990497076952944, valid r2: 0.6172382014367614, test r2: 0.008685301080378127
Training Results:
r2: 0.9905
rmse: 0.0785
mae: 0.0590
Validation Results:
r2: 0.6172
rmse: 0.5024
mae: 0.4020
Test Results:
r2: 0.0087
rmse: 0.6667
mae: 0.4590
21/51
train r2: 0.9872375716961507, valid r2: 0.6162220087053564, test r2: 0.04158087258791687
Training Results:
r2: 0.9872
rmse: 0.0911
mae: 0.0711
Validation Results:
r2: 0.6162
rmse: 0.5031
mae: 0.3995
Test Results:
r2: 0.0416
rmse: 0.6556
mae: 0.4566
22/51
train r2: 0.9940267011749138, valid r2: 0.6230984164404794, test r2: 0.058813870055515416
Training Results:
r2: 0.9940
rmse: 0.0624
mae: 0.0441
Validation Results:
r2: 0.6231
rmse: 0.4986
mae: 0.3982
Test Results:
r2: 0.0588
rmse: 0.6496
mae: 0.4530
23/51
train r2: 0.9950029475389174, valid r2: 0.6146723935103138, test r2: 0.04855604325435958
Training Results:
r2: 0.9950
rmse: 0.0571
mae: 0.0422
Validation Results:
r2: 0.6147
rmse: 0.5041
mae: 0.4014
Test Results:
r2: 0.0486
rmse: 0.6532
mae: 0.4528
24/51
train r2: 0.9956501167174857, valid r2: 0.6036944327122019, test r2: 0.0533059388164423
Training Results:
r2: 0.9957
rmse: 0.0531
mae: 0.0371
Validation Results:
r2: 0.6037
rmse: 0.5112
mae: 0.4052
Test Results:
r2: 0.0533
rmse: 0.6515
mae: 0.4518
25/51
train r2: 0.997005687094846, valid r2: 0.6178469758298817, test r2: 0.02248113846485078
Training Results:
r2: 0.9970
rmse: 0.0441
mae: 0.0311
Validation Results:
r2: 0.6178
rmse: 0.5020
mae: 0.3973
Test Results:
r2: 0.0225
rmse: 0.6621
mae: 0.4568
26/51
train r2: 0.997767409440917, valid r2: 0.614648127782642, test r2: 0.05279858355783695
Training Results:
r2: 0.9978
rmse: 0.0381
mae: 0.0271
Validation Results:
r2: 0.6146
rmse: 0.5041
mae: 0.4006
Test Results:
r2: 0.0528
rmse: 0.6517
mae: 0.4516
break!
train: 0.8215, val: 0.6370, test: 0.0531
end_test_result: (0.05305308382042817, 0.6516189575195312, 0.4769212305545807)
Time used on CycPept_Caco2: 0:29:58
Current seed: 2034, current split method: Perimeter, current task: CycPept_Caco2
Namespace(seed=2024, times=5, n_epochs=50, config='base', model_path='../models/pretrained/base/base.pth', dataset='CycPept_Caco2', data_path='../datasets/', dataset_type='regression', use_scaler=True, metric=['r2', 'rmse', 'mae'], split='Perimeter_2034', weight_decay=0.0, dropout=0.0, lr=3e-05, n_threads=8)
args.seed: 2024
use label scaler
use label scaler
use label scaler
model have 90.143705M paramerters in total
train_dataset.mean: tensor([-6.2583]) train_dataset.std: tensor([0.7874])
1/51
train r2: 0.30032506270941506, valid r2: 0.27233859925893544, test r2: 0.08892032383707738
Training Results:
r2: 0.3003
rmse: 0.6613
mae: 0.5539
Validation Results:
r2: 0.2723
rmse: 0.7630
mae: 0.6647
Test Results:
r2: 0.0889
rmse: 0.6623
mae: 0.5581
2/51
train r2: 0.5390053441480059, valid r2: 0.4116171208439162, test r2: 0.14150072140935543
Training Results:
r2: 0.5390
rmse: 0.5365
mae: 0.4201
Validation Results:
r2: 0.4116
rmse: 0.6861
mae: 0.5579
Test Results:
r2: 0.1415
rmse: 0.6429
mae: 0.4962
3/51
train r2: 0.6699113048637051, valid r2: 0.536324600279524, test r2: -0.14014822527969195
Training Results:
r2: 0.6699
rmse: 0.4519
mae: 0.3650
Validation Results:
r2: 0.5363
rmse: 0.6091
mae: 0.5001
Test Results:
r2: -0.1401
rmse: 0.7409
mae: 0.6153
4/51
train r2: 0.6544453429337062, valid r2: 0.41683391354384636, test r2: -0.036978799518438965
Training Results:
r2: 0.6544
rmse: 0.4614
mae: 0.3610
Validation Results:
r2: 0.4168
rmse: 0.6830
mae: 0.5643
Test Results:
r2: -0.0370
rmse: 0.7066
mae: 0.5096
5/51
train r2: 0.7946158306055746, valid r2: 0.5722595708371192, test r2: 0.014637092661666906
Training Results:
r2: 0.7946
rmse: 0.3585
mae: 0.2757
Validation Results:
r2: 0.5723
rmse: 0.5850
mae: 0.4683
Test Results:
r2: 0.0146
rmse: 0.6888
mae: 0.5148
6/51
train r2: 0.690436768491165, valid r2: 0.3716950511287439, test r2: -0.0018139527697884628
Training Results:
r2: 0.6904
rmse: 0.4377
mae: 0.3381
Validation Results:
r2: 0.3717
rmse: 0.7090
mae: 0.5831
Test Results:
r2: -0.0018
rmse: 0.6945
mae: 0.5114
7/51
train r2: 0.8507100359777015, valid r2: 0.5730306337123469, test r2: 0.10157344769932863
Training Results:
r2: 0.8507
rmse: 0.3043
mae: 0.2338
Validation Results:
r2: 0.5730
rmse: 0.5845
mae: 0.4648
Test Results:
r2: 0.1016
rmse: 0.6577
mae: 0.4784
8/51
train r2: 0.7981366249402926, valid r2: 0.44326688888249255, test r2: -0.015398724736080283
Training Results:
r2: 0.7981
rmse: 0.3550
mae: 0.2782
Validation Results:
r2: 0.4433
rmse: 0.6674
mae: 0.5430
Test Results:
r2: -0.0154
rmse: 0.6992
mae: 0.5030
9/51
train r2: 0.8903643501853326, valid r2: 0.5449593068028078, test r2: 0.11599597962267405
Training Results:
r2: 0.8904
rmse: 0.2608
mae: 0.1985
Validation Results:
r2: 0.5450
rmse: 0.6034
mae: 0.4833
Test Results:
r2: 0.1160
rmse: 0.6524
mae: 0.4647
10/51
train r2: 0.9015611072308257, valid r2: 0.582026236185927, test r2: 0.03825478154357509
Training Results:
r2: 0.9016
rmse: 0.2477
mae: 0.1860
Validation Results:
r2: 0.5820
rmse: 0.5783
mae: 0.4568
Test Results:
r2: 0.0383
rmse: 0.6804
mae: 0.4856
11/51
train r2: 0.9181923852331558, valid r2: 0.6301814480649411, test r2: 0.0900869113807029
Training Results:
r2: 0.9182
rmse: 0.2254
mae: 0.1736
Validation Results:
r2: 0.6302
rmse: 0.5439
mae: 0.4260
Test Results:
r2: 0.0901
rmse: 0.6619
mae: 0.4881
12/51
train r2: 0.9398681289222924, valid r2: 0.6127232757237047, test r2: 0.10411785825082853
Training Results:
r2: 0.9399
rmse: 0.1928
mae: 0.1466
Validation Results:
r2: 0.6127
rmse: 0.5566
mae: 0.4204
Test Results:
r2: 0.1041
rmse: 0.6567
mae: 0.4816
13/51
train r2: 0.9476598779331784, valid r2: 0.576799136248801, test r2: 0.11224319651904424
Training Results:
r2: 0.9477
rmse: 0.1799
mae: 0.1353
Validation Results:
r2: 0.5768
rmse: 0.5819
mae: 0.4394
Test Results:
r2: 0.1122
rmse: 0.6537
mae: 0.4755
14/51
train r2: 0.9478264762149912, valid r2: 0.6228596620250492, test r2: 0.11492007229824608
Training Results:
r2: 0.9478
rmse: 0.1801
mae: 0.1341
Validation Results:
r2: 0.6229
rmse: 0.5493
mae: 0.4150
Test Results:
r2: 0.1149
rmse: 0.6528
mae: 0.4855
15/51
train r2: 0.9590801341359645, valid r2: 0.5898441392043257, test r2: 0.1515129794676474
Training Results:
r2: 0.9591
rmse: 0.1597
mae: 0.1253
Validation Results:
r2: 0.5898
rmse: 0.5728
mae: 0.4240
Test Results:
r2: 0.1515
rmse: 0.6391
mae: 0.4650
16/51
train r2: 0.9629211276076824, valid r2: 0.6410981865228385, test r2: 0.11729671419213916
Training Results:
r2: 0.9629
rmse: 0.1514
mae: 0.1181
Validation Results:
r2: 0.6411
rmse: 0.5358
mae: 0.4087
Test Results:
r2: 0.1173
rmse: 0.6519
mae: 0.4845
17/51
train r2: 0.9372542419562473, valid r2: 0.6151907132599739, test r2: 0.03706335499284752
Training Results:
r2: 0.9373
rmse: 0.1983
mae: 0.1703
Validation Results:
r2: 0.6152
rmse: 0.5548
mae: 0.4258
Test Results:
r2: 0.0371
rmse: 0.6809
mae: 0.5114
18/51
train r2: 0.9768890471953141, valid r2: 0.6214407554875343, test r2: 0.10237558372998457
Training Results:
r2: 0.9769
rmse: 0.1181
mae: 0.0896
Validation Results:
r2: 0.6214
rmse: 0.5503
mae: 0.4124
Test Results:
r2: 0.1024
rmse: 0.6574
mae: 0.4853
19/51
train r2: 0.977984869287522, valid r2: 0.5783681396992757, test r2: 0.12313559531434448
Training Results:
r2: 0.9780
rmse: 0.1164
mae: 0.0871
Validation Results:
r2: 0.5784
rmse: 0.5808
mae: 0.4268
Test Results:
r2: 0.1231
rmse: 0.6497
mae: 0.4645
20/51
train r2: 0.9838381167250617, valid r2: 0.6176988752186001, test r2: 0.13929187524151676
Training Results:
r2: 0.9838
rmse: 0.1002
mae: 0.0754
Validation Results:
r2: 0.6177
rmse: 0.5530
mae: 0.4188
Test Results:
r2: 0.1393
rmse: 0.6437
mae: 0.4672
21/51
train r2: 0.9863079617408218, valid r2: 0.6131580846880067, test r2: 0.15601272175773861
Training Results:
r2: 0.9863
rmse: 0.0920
mae: 0.0680
Validation Results:
r2: 0.6132
rmse: 0.5563
mae: 0.4149
Test Results:
r2: 0.1560
rmse: 0.6374
mae: 0.4612
22/51
train r2: 0.9900562473194321, valid r2: 0.6067047402067076, test r2: 0.13953318989098218
Training Results:
r2: 0.9901
rmse: 0.0787
mae: 0.0609
Validation Results:
r2: 0.6067
rmse: 0.5609
mae: 0.4211
Test Results:
r2: 0.1395
rmse: 0.6436
mae: 0.4597
23/51
train r2: 0.9930880956379423, valid r2: 0.6130220224506036, test r2: 0.12371724625039049
Training Results:
r2: 0.9931
rmse: 0.0655
mae: 0.0481
Validation Results:
r2: 0.6130
rmse: 0.5564
mae: 0.4234
Test Results:
r2: 0.1237
rmse: 0.6495
mae: 0.4640
24/51
train r2: 0.9950544900259635, valid r2: 0.6121497438503133, test r2: 0.1147134147986405
Training Results:
r2: 0.9951
rmse: 0.0550
mae: 0.0406
Validation Results:
r2: 0.6121
rmse: 0.5570
mae: 0.4267
Test Results:
r2: 0.1147
rmse: 0.6528
mae: 0.4665
25/51
train r2: 0.9946453818790086, valid r2: 0.5906287643754171, test r2: 0.12230249299061713
Training Results:
r2: 0.9946
rmse: 0.0576
mae: 0.0425
Validation Results:
r2: 0.5906
rmse: 0.5723
mae: 0.4333
Test Results:
r2: 0.1223
rmse: 0.6500
mae: 0.4634
26/51
train r2: 0.9951780544674339, valid r2: 0.6026398800630007, test r2: 0.13370710811522313
Training Results:
r2: 0.9952
rmse: 0.0545
mae: 0.0386
Validation Results:
r2: 0.6026
rmse: 0.5638
mae: 0.4262
Test Results:
r2: 0.1337
rmse: 0.6458
mae: 0.4589
27/51
train r2: 0.9969344400243543, valid r2: 0.6131277240890565, test r2: 0.11577393395739888
Training Results:
r2: 0.9969
rmse: 0.0437
mae: 0.0323
Validation Results:
r2: 0.6131
rmse: 0.5563
mae: 0.4250
Test Results:
r2: 0.1158
rmse: 0.6524
mae: 0.4658
28/51
train r2: 0.9977404170771795, valid r2: 0.5990864500663411, test r2: 0.11920466234891891
Training Results:
r2: 0.9977
rmse: 0.0375
mae: 0.0259
Validation Results:
r2: 0.5991
rmse: 0.5663
mae: 0.4286
Test Results:
r2: 0.1192
rmse: 0.6512
mae: 0.4626
29/51
train r2: 0.997229257064885, valid r2: 0.6061061172399143, test r2: 0.11505885198100851
Training Results:
r2: 0.9972
rmse: 0.0411
mae: 0.0266
Validation Results:
r2: 0.6061
rmse: 0.5614
mae: 0.4241
Test Results:
r2: 0.1151
rmse: 0.6527
mae: 0.4647
30/51
train r2: 0.9958798481686194, valid r2: 0.5965566821139034, test r2: 0.12375411677461157
Training Results:
r2: 0.9959
rmse: 0.0508
mae: 0.0314
Validation Results:
r2: 0.5966
rmse: 0.5681
mae: 0.4356
Test Results:
r2: 0.1238
rmse: 0.6495
mae: 0.4659
31/51
train r2: 0.9977987032540697, valid r2: 0.6044950109457291, test r2: 0.11915735969972652
Training Results:
r2: 0.9978
rmse: 0.0369
mae: 0.0253
Validation Results:
r2: 0.6045
rmse: 0.5625
mae: 0.4252
Test Results:
r2: 0.1192
rmse: 0.6512
mae: 0.4634
32/51
train r2: 0.9985490310434963, valid r2: 0.5995984646485046, test r2: 0.11382964568295617
Training Results:
r2: 0.9985
rmse: 0.0299
mae: 0.0194
Validation Results:
r2: 0.5996
rmse: 0.5660
mae: 0.4303
Test Results:
r2: 0.1138
rmse: 0.6532
mae: 0.4661
33/51
train r2: 0.9986691591127698, valid r2: 0.6033242983624691, test r2: 0.11665420071165444
Training Results:
r2: 0.9987
rmse: 0.0288
mae: 0.0178
Validation Results:
r2: 0.6033
rmse: 0.5633
mae: 0.4279
Test Results:
r2: 0.1167
rmse: 0.6521
mae: 0.4652
34/51
train r2: 0.9987092610517271, valid r2: 0.6063000072515838, test r2: 0.11886252011420895
Training Results:
r2: 0.9987
rmse: 0.0283
mae: 0.0195
Validation Results:
r2: 0.6063
rmse: 0.5612
mae: 0.4280
Test Results:
r2: 0.1189
rmse: 0.6513
mae: 0.4654
35/51
train r2: 0.997828071489642, valid r2: 0.5982571339363769, test r2: 0.11687629503832053
Training Results:
r2: 0.9978
rmse: 0.0367
mae: 0.0219
Validation Results:
r2: 0.5983
rmse: 0.5669
mae: 0.4305
Test Results:
r2: 0.1169
rmse: 0.6520
mae: 0.4625
36/51
train r2: 0.9989654687301841, valid r2: 0.5992170254007951, test r2: 0.11476704866755938
Training Results:
r2: 0.9990
rmse: 0.0254
mae: 0.0165
Validation Results:
r2: 0.5992
rmse: 0.5662
mae: 0.4290
Test Results:
r2: 0.1148
rmse: 0.6528
mae: 0.4638
break!
train: 0.9629, val: 0.6411, test: 0.1173
end_test_result: (0.11729671419213916, 0.6518856883049011, 0.4845404624938965)
args.seed: 2034
use label scaler
use label scaler
use label scaler
model have 90.143705M paramerters in total
train_dataset.mean: tensor([-6.2583]) train_dataset.std: tensor([0.7874])
1/51
train r2: 0.2754207669215333, valid r2: 0.19957209840757195, test r2: 0.018990401380877597
Training Results:
r2: 0.2754
rmse: 0.6732
mae: 0.5497
Validation Results:
r2: 0.1996
rmse: 0.8002
mae: 0.7012
Test Results:
r2: 0.0190
rmse: 0.6872
mae: 0.5665
2/51
train r2: 0.6163128218009093, valid r2: 0.44544998000440494, test r2: 0.010590550849030933
Training Results:
r2: 0.6163
rmse: 0.4878
mae: 0.3835
Validation Results:
r2: 0.4454
rmse: 0.6661
mae: 0.5623
Test Results:
r2: 0.0106
rmse: 0.6902
mae: 0.5435
3/51
train r2: 0.6610243932659057, valid r2: 0.4883280891508224, test r2: -0.0213098440999413
Training Results:
r2: 0.6610
rmse: 0.4574
mae: 0.3456
Validation Results:
r2: 0.4883
rmse: 0.6398
mae: 0.5331
Test Results:
r2: -0.0213
rmse: 0.7012
mae: 0.5142
4/51
train r2: 0.639405562238625, valid r2: 0.38054315747054546, test r2: -0.30524786765120626
Training Results:
r2: 0.6394
rmse: 0.4747
mae: 0.3850
Validation Results:
r2: 0.3805
rmse: 0.7040
mae: 0.5709
Test Results:
r2: -0.3052
rmse: 0.7927
mae: 0.6364
5/51
train r2: 0.7447629367059581, valid r2: 0.5021073581622921, test r2: -0.13853748127661802
Training Results:
r2: 0.7448
rmse: 0.4008
mae: 0.3075
Validation Results:
r2: 0.5021
rmse: 0.6311
mae: 0.5230
Test Results:
r2: -0.1385
rmse: 0.7404
mae: 0.5706
6/51
train r2: 0.8152108000283416, valid r2: 0.507781790297136, test r2: 0.04799022361074656
Training Results:
r2: 0.8152
rmse: 0.3389
mae: 0.2610
Validation Results:
r2: 0.5078
rmse: 0.6275
mae: 0.5007
Test Results:
r2: 0.0480
rmse: 0.6770
mae: 0.4924
7/51
train r2: 0.7642296971567774, valid r2: 0.463846761644214, test r2: -0.27757963467027436
Training Results:
r2: 0.7642
rmse: 0.3836
mae: 0.3067
Validation Results:
r2: 0.4638
rmse: 0.6549
mae: 0.5197
Test Results:
r2: -0.2776
rmse: 0.7843
mae: 0.6269
8/51
train r2: 0.7836079997802355, valid r2: 0.40308566641621857, test r2: -0.0445876095336748
Training Results:
r2: 0.7836
rmse: 0.3645
mae: 0.2877
Validation Results:
r2: 0.4031
rmse: 0.6910
mae: 0.5653
Test Results:
r2: -0.0446
rmse: 0.7091
mae: 0.5088
9/51
train r2: 0.8672300141134219, valid r2: 0.5470748419990269, test r2: 0.02306952966789344
Training Results:
r2: 0.8672
rmse: 0.2874
mae: 0.2261
Validation Results:
r2: 0.5471
rmse: 0.6020
mae: 0.4813
Test Results:
r2: 0.0231
rmse: 0.6858
mae: 0.4853
10/51
train r2: 0.8995815327117647, valid r2: 0.5456163122235161, test r2: 0.04163475507315795
Training Results:
r2: 0.8996
rmse: 0.2489
mae: 0.1869
Validation Results:
r2: 0.5456
rmse: 0.6029
mae: 0.4744
Test Results:
r2: 0.0416
rmse: 0.6792
mae: 0.4810
11/51
train r2: 0.9015202249454812, valid r2: 0.5633256296457085, test r2: -0.056669521354859365
Training Results:
r2: 0.9015
rmse: 0.2475
mae: 0.1818
Validation Results:
r2: 0.5633
rmse: 0.5911
mae: 0.4586
Test Results:
r2: -0.0567
rmse: 0.7132
mae: 0.4872
12/51
train r2: 0.921065243463908, valid r2: 0.5343755381086243, test r2: -0.060599129352537195
Training Results:
r2: 0.9211
rmse: 0.2219
mae: 0.1701
Validation Results:
r2: 0.5344
rmse: 0.6103
mae: 0.4739
Test Results:
r2: -0.0606
rmse: 0.7146
mae: 0.4902
13/51
train r2: 0.9360138838619163, valid r2: 0.5563524042507502, test r2: 0.05590317479069706
Training Results:
r2: 0.9360
rmse: 0.1997
mae: 0.1510
Validation Results:
r2: 0.5564
rmse: 0.5958
mae: 0.4659
Test Results:
r2: 0.0559
rmse: 0.6742
mae: 0.4796
14/51
train r2: 0.9412444544975138, valid r2: 0.5622921145243156, test r2: 0.025165967086359653
Training Results:
r2: 0.9412
rmse: 0.1900
mae: 0.1479
Validation Results:
r2: 0.5623
rmse: 0.5918
mae: 0.4685
Test Results:
r2: 0.0252
rmse: 0.6851
mae: 0.4770
15/51
train r2: 0.9554700995293991, valid r2: 0.6042782604718476, test r2: -0.026637134972820053
Training Results:
r2: 0.9555
rmse: 0.1650
mae: 0.1204
Validation Results:
r2: 0.6043
rmse: 0.5627
mae: 0.4367
Test Results:
r2: -0.0266
rmse: 0.7030
mae: 0.4892
16/51
train r2: 0.9308564771903668, valid r2: 0.557536827660128, test r2: -0.11755834615767835
Training Results:
r2: 0.9309
rmse: 0.2074
mae: 0.1676
Validation Results:
r2: 0.5575
rmse: 0.5950
mae: 0.4651
Test Results:
r2: -0.1176
rmse: 0.7335
mae: 0.5301
17/51
train r2: 0.9726067805499423, valid r2: 0.5292208613184493, test r2: -0.01601219983631763
Training Results:
r2: 0.9726
rmse: 0.1300
mae: 0.0960
Validation Results:
r2: 0.5292
rmse: 0.6137
mae: 0.4689
Test Results:
r2: -0.0160
rmse: 0.6994
mae: 0.4829
18/51
train r2: 0.9695653019343655, valid r2: 0.5028522641071951, test r2: -0.015013588377011722
Training Results:
r2: 0.9696
rmse: 0.1376
mae: 0.1070
Validation Results:
r2: 0.5029
rmse: 0.6307
mae: 0.4733
Test Results:
r2: -0.0150
rmse: 0.6990
mae: 0.4825
19/51
train r2: 0.9781916669947434, valid r2: 0.5465584819452669, test r2: 0.030467367244735533
Training Results:
r2: 0.9782
rmse: 0.1157
mae: 0.0891
Validation Results:
r2: 0.5466
rmse: 0.6023
mae: 0.4665
Test Results:
r2: 0.0305
rmse: 0.6832
mae: 0.4780
20/51
train r2: 0.9865786194080717, valid r2: 0.5673679679231499, test r2: 0.011145617110579376
Training Results:
r2: 0.9866
rmse: 0.0910
mae: 0.0677
Validation Results:
r2: 0.5674
rmse: 0.5883
mae: 0.4582
Test Results:
r2: 0.0111
rmse: 0.6900
mae: 0.4789
21/51
train r2: 0.9911053237136861, valid r2: 0.5675864171529499, test r2: -0.008113027713637644
Training Results:
r2: 0.9911
rmse: 0.0740
mae: 0.0548
Validation Results:
r2: 0.5676
rmse: 0.5882
mae: 0.4556
Test Results:
r2: -0.0081
rmse: 0.6967
mae: 0.4748
22/51
train r2: 0.9913067958441107, valid r2: 0.5611187758050445, test r2: -0.031039143990761575
Training Results:
r2: 0.9913
rmse: 0.0732
mae: 0.0563
Validation Results:
r2: 0.5611
rmse: 0.5925
mae: 0.4623
Test Results:
r2: -0.0310
rmse: 0.7045
mae: 0.4937
23/51
train r2: 0.9931036264850469, valid r2: 0.5504085545119258, test r2: 0.011742055129868145
Training Results:
r2: 0.9931
rmse: 0.0655
mae: 0.0488
Validation Results:
r2: 0.5504
rmse: 0.5997
mae: 0.4647
Test Results:
r2: 0.0117
rmse: 0.6898
mae: 0.4735
24/51
train r2: 0.9950398731772934, valid r2: 0.5564889627975445, test r2: -0.010060111118365356
Training Results:
r2: 0.9950
rmse: 0.0557
mae: 0.0414
Validation Results:
r2: 0.5565
rmse: 0.5957
mae: 0.4607
Test Results:
r2: -0.0101
rmse: 0.6973
mae: 0.4786
25/51
train r2: 0.9956997153044173, valid r2: 0.5543330687750104, test r2: -0.009667882297019315
Training Results:
r2: 0.9957
rmse: 0.0518
mae: 0.0371
Validation Results:
r2: 0.5543
rmse: 0.5971
mae: 0.4603
Test Results:
r2: -0.0097
rmse: 0.6972
mae: 0.4825
26/51
train r2: 0.9964867638707459, valid r2: 0.562066173477151, test r2: -0.011611330804602638
Training Results:
r2: 0.9965
rmse: 0.0465
mae: 0.0303
Validation Results:
r2: 0.5621
rmse: 0.5919
mae: 0.4625
Test Results:
r2: -0.0116
rmse: 0.6979
mae: 0.4799
27/51
train r2: 0.9969882061829022, valid r2: 0.5683764810195293, test r2: 0.00614972084423715
Training Results:
r2: 0.9970
rmse: 0.0432
mae: 0.0299
Validation Results:
r2: 0.5684
rmse: 0.5876
mae: 0.4549
Test Results:
r2: 0.0061
rmse: 0.6917
mae: 0.4774
28/51
train r2: 0.9974402951685017, valid r2: 0.5670102853638278, test r2: -0.004538561849936729
Training Results:
r2: 0.9974
rmse: 0.0396
mae: 0.0272
Validation Results:
r2: 0.5670
rmse: 0.5886
mae: 0.4578
Test Results:
r2: -0.0045
rmse: 0.6954
mae: 0.4796
29/51
train r2: 0.997049527554581, valid r2: 0.5674814866765514, test r2: -0.003037907113081273
Training Results:
r2: 0.9970
rmse: 0.0427
mae: 0.0290
Validation Results:
r2: 0.5675
rmse: 0.5882
mae: 0.4594
Test Results:
r2: -0.0030
rmse: 0.6949
mae: 0.4815
30/51
train r2: 0.9978948280522256, valid r2: 0.5683889416266321, test r2: -0.010865637246146642
Training Results:
r2: 0.9979
rmse: 0.0362
mae: 0.0253
Validation Results:
r2: 0.5684
rmse: 0.5876
mae: 0.4570
Test Results:
r2: -0.0109
rmse: 0.6976
mae: 0.4811
31/51
train r2: 0.9983112725245048, valid r2: 0.5616805062440205, test r2: -0.0016538886844985612
Training Results:
r2: 0.9983
rmse: 0.0324
mae: 0.0206
Validation Results:
r2: 0.5617
rmse: 0.5922
mae: 0.4614
Test Results:
r2: -0.0017
rmse: 0.6944
mae: 0.4771
32/51
train r2: 0.9975766844643306, valid r2: 0.5675626724322547, test r2: -0.003233617871121197
Training Results:
r2: 0.9976
rmse: 0.0389
mae: 0.0226
Validation Results:
r2: 0.5676
rmse: 0.5882
mae: 0.4562
Test Results:
r2: -0.0032
rmse: 0.6950
mae: 0.4794
33/51
train r2: 0.9985803248901679, valid r2: 0.5616587011386938, test r2: 0.00273666232570291
Training Results:
r2: 0.9986
rmse: 0.0297
mae: 0.0185
Validation Results:
r2: 0.5617
rmse: 0.5922
mae: 0.4609
Test Results:
r2: 0.0027
rmse: 0.6929
mae: 0.4776
34/51
train r2: 0.9980254801448505, valid r2: 0.5593902123682335, test r2: -0.006587776833712589
Training Results:
r2: 0.9980
rmse: 0.0350
mae: 0.0215
Validation Results:
r2: 0.5594
rmse: 0.5937
mae: 0.4603
Test Results:
r2: -0.0066
rmse: 0.6961
mae: 0.4797
35/51
train r2: 0.9990149471193344, valid r2: 0.5669407971787148, test r2: -0.012784889580885306
Training Results:
r2: 0.9990
rmse: 0.0247
mae: 0.0152
Validation Results:
r2: 0.5669
rmse: 0.5886
mae: 0.4575
Test Results:
r2: -0.0128
rmse: 0.6983
mae: 0.4819
break!
train: 0.9555, val: 0.6043, test: -0.0266
end_test_result: (-0.026637134972820053, 0.7030279040336609, 0.48923471570014954)
args.seed: 2044
use label scaler
use label scaler
use label scaler
model have 90.143705M paramerters in total
train_dataset.mean: tensor([-6.2583]) train_dataset.std: tensor([0.7874])
1/51
train r2: 0.3469230290440497, valid r2: 0.2135654172288367, test r2: -0.12019741350718416
Training Results:
r2: 0.3469
rmse: 0.6333
mae: 0.5329
Validation Results:
r2: 0.2136
rmse: 0.7932
mae: 0.6841
Test Results:
r2: -0.1202
rmse: 0.7344
mae: 0.6408
2/51
train r2: 0.602619963999175, valid r2: 0.4226689458773868, test r2: 0.05358789685143306
Training Results:
r2: 0.6026
rmse: 0.4960
mae: 0.3914
Validation Results:
r2: 0.4227
rmse: 0.6796
mae: 0.5669
Test Results:
r2: 0.0536
rmse: 0.6750
mae: 0.5367
3/51
train r2: 0.7024708998588995, valid r2: 0.48322581818022026, test r2: -0.14487268285652766
Training Results:
r2: 0.7025
rmse: 0.4302
mae: 0.3397
Validation Results:
r2: 0.4832
rmse: 0.6430
mae: 0.5338
Test Results:
r2: -0.1449
rmse: 0.7424
mae: 0.5701
4/51
train r2: 0.7678828704299248, valid r2: 0.5237440062585921, test r2: 0.010234170423322309
Training Results:
r2: 0.7679
rmse: 0.3796
mae: 0.2933
Validation Results:
r2: 0.5237
rmse: 0.6173
mae: 0.4986
Test Results:
r2: 0.0102
rmse: 0.6903
mae: 0.5250
5/51
train r2: 0.7657518074746499, valid r2: 0.5069938702863619, test r2: -0.15543842911014227
Training Results:
r2: 0.7658
rmse: 0.3824
mae: 0.2923
Validation Results:
r2: 0.5070
rmse: 0.6280
mae: 0.5203
Test Results:
r2: -0.1554
rmse: 0.7458
mae: 0.5426
6/51
train r2: 0.7641353506641946, valid r2: 0.34852683553266917, test r2: -0.13227133790406098
Training Results:
r2: 0.7641
rmse: 0.3825
mae: 0.3064
Validation Results:
r2: 0.3485
rmse: 0.7219
mae: 0.5995
Test Results:
r2: -0.1323
rmse: 0.7383
mae: 0.5280
7/51
train r2: 0.8402876636500627, valid r2: 0.4730398755462165, test r2: 0.01464593682323212
Training Results:
r2: 0.8403
rmse: 0.3164
mae: 0.2328
Validation Results:
r2: 0.4730
rmse: 0.6493
mae: 0.5108
Test Results:
r2: 0.0146
rmse: 0.6887
mae: 0.5095
8/51
train r2: 0.836545259165656, valid r2: 0.5539952441083933, test r2: -0.18457516762603654
Training Results:
r2: 0.8365
rmse: 0.3192
mae: 0.2423
Validation Results:
r2: 0.5540
rmse: 0.5973
mae: 0.4789
Test Results:
r2: -0.1846
rmse: 0.7552
mae: 0.5783
9/51
train r2: 0.8849113142009939, valid r2: 0.5227588063324582, test r2: 0.022494921997364026
Training Results:
r2: 0.8849
rmse: 0.2673
mae: 0.2049
Validation Results:
r2: 0.5228
rmse: 0.6179
mae: 0.4862
Test Results:
r2: 0.0225
rmse: 0.6860
mae: 0.4948
10/51
train r2: 0.9055905203053757, valid r2: 0.5767934891175359, test r2: -0.09418748160348134
Training Results:
r2: 0.9056
rmse: 0.2431
mae: 0.1858
Validation Results:
r2: 0.5768
rmse: 0.5819
mae: 0.4459
Test Results:
r2: -0.0942
rmse: 0.7258
mae: 0.5056
11/51
train r2: 0.7511322299729097, valid r2: 0.46178179751951554, test r2: -0.38305979359904474
Training Results:
r2: 0.7511
rmse: 0.3877
mae: 0.3450
Validation Results:
r2: 0.4618
rmse: 0.6562
mae: 0.5367
Test Results:
r2: -0.3831
rmse: 0.8160
mae: 0.6253
12/51
train r2: 0.8939847431846579, valid r2: 0.47921224304832377, test r2: 0.03998619279621396
Training Results:
r2: 0.8940
rmse: 0.2533
mae: 0.2010
Validation Results:
r2: 0.4792
rmse: 0.6455
mae: 0.4907
Test Results:
r2: 0.0400
rmse: 0.6798
mae: 0.4799
13/51
train r2: 0.9326776715335412, valid r2: 0.5372141337574743, test r2: -0.010824149163465302
Training Results:
r2: 0.9327
rmse: 0.2043
mae: 0.1547
Validation Results:
r2: 0.5372
rmse: 0.6085
mae: 0.4862
Test Results:
r2: -0.0108
rmse: 0.6976
mae: 0.4837
14/51
train r2: 0.9549176105829346, valid r2: 0.531966677564665, test r2: 0.03893872984066593
Training Results:
r2: 0.9549
rmse: 0.1677
mae: 0.1276
Validation Results:
r2: 0.5320
rmse: 0.6119
mae: 0.4786
Test Results:
r2: 0.0389
rmse: 0.6802
mae: 0.4768
15/51
train r2: 0.9588700313398684, valid r2: 0.5190902752691712, test r2: 0.059776484032264876
Training Results:
r2: 0.9589
rmse: 0.1585
mae: 0.1169
Validation Results:
r2: 0.5191
rmse: 0.6203
mae: 0.4675
Test Results:
r2: 0.0598
rmse: 0.6728
mae: 0.4713
16/51
train r2: 0.9655440527245951, valid r2: 0.6001738272965691, test r2: 0.08712695366615342
Training Results:
r2: 0.9655
rmse: 0.1454
mae: 0.1112
Validation Results:
r2: 0.6002
rmse: 0.5656
mae: 0.4370
Test Results:
r2: 0.0871
rmse: 0.6629
mae: 0.4660
17/51
train r2: 0.9468255554318427, valid r2: 0.48592784513165566, test r2: 0.08488345414349352
Training Results:
r2: 0.9468
rmse: 0.1813
mae: 0.1477
Validation Results:
r2: 0.4859
rmse: 0.6413
mae: 0.5005
Test Results:
r2: 0.0849
rmse: 0.6637
mae: 0.4687
18/51
train r2: 0.9766981278454652, valid r2: 0.5515491959453509, test r2: 0.09414953130128079
Training Results:
r2: 0.9767
rmse: 0.1204
mae: 0.0915
Validation Results:
r2: 0.5515
rmse: 0.5990
mae: 0.4574
Test Results:
r2: 0.0941
rmse: 0.6604
mae: 0.4725
19/51
train r2: 0.9620082301702438, valid r2: 0.5139381956118743, test r2: 0.027004216932691394
Training Results:
r2: 0.9620
rmse: 0.1537
mae: 0.1235
Validation Results:
r2: 0.5139
rmse: 0.6236
mae: 0.4836
Test Results:
r2: 0.0270
rmse: 0.6844
mae: 0.4904
20/51
train r2: 0.9879884001479903, valid r2: 0.5755588486456115, test r2: 0.04504749440326972
Training Results:
r2: 0.9880
rmse: 0.0864
mae: 0.0661
Validation Results:
r2: 0.5756
rmse: 0.5827
mae: 0.4521
Test Results:
r2: 0.0450
rmse: 0.6780
mae: 0.4668
21/51
train r2: 0.9851164876540947, valid r2: 0.5247445693049049, test r2: 0.10905936552928108
Training Results:
r2: 0.9851
rmse: 0.0959
mae: 0.0744
Validation Results:
r2: 0.5247
rmse: 0.6166
mae: 0.4818
Test Results:
r2: 0.1091
rmse: 0.6549
mae: 0.4564
22/51
train r2: 0.990609648676829, valid r2: 0.5609801357128519, test r2: 0.09407548706334712
Training Results:
r2: 0.9906
rmse: 0.0765
mae: 0.0579
Validation Results:
r2: 0.5610
rmse: 0.5926
mae: 0.4600
Test Results:
r2: 0.0941
rmse: 0.6604
mae: 0.4641
23/51
train r2: 0.9922638612466408, valid r2: 0.5605546467388052, test r2: 0.05445533592236662
Training Results:
r2: 0.9923
rmse: 0.0691
mae: 0.0518
Validation Results:
r2: 0.5606
rmse: 0.5929
mae: 0.4556
Test Results:
r2: 0.0545
rmse: 0.6747
mae: 0.4677
24/51
train r2: 0.9937561264567784, valid r2: 0.5608641062584074, test r2: 0.08794104227948674
Training Results:
r2: 0.9938
rmse: 0.0622
mae: 0.0476
Validation Results:
r2: 0.5609
rmse: 0.5927
mae: 0.4582
Test Results:
r2: 0.0879
rmse: 0.6626
mae: 0.4683
25/51
train r2: 0.9961669016929329, valid r2: 0.5590325737978876, test r2: 0.08221287863144111
Training Results:
r2: 0.9962
rmse: 0.0488
mae: 0.0355
Validation Results:
r2: 0.5590
rmse: 0.5940
mae: 0.4626
Test Results:
r2: 0.0822
rmse: 0.6647
mae: 0.4671
26/51
train r2: 0.9970858634454465, valid r2: 0.5509714940064735, test r2: 0.09120494073035146
Training Results:
r2: 0.9971
rmse: 0.0427
mae: 0.0301
Validation Results:
r2: 0.5510
rmse: 0.5994
mae: 0.4650
Test Results:
r2: 0.0912
rmse: 0.6615
mae: 0.4637
27/51
train r2: 0.9970541848761435, valid r2: 0.5591441492556323, test r2: 0.06837652240585224
Training Results:
r2: 0.9971
rmse: 0.0428
mae: 0.0306
Validation Results:
r2: 0.5591
rmse: 0.5939
mae: 0.4620
Test Results:
r2: 0.0684
rmse: 0.6697
mae: 0.4639
28/51
train r2: 0.9971421072472939, valid r2: 0.5547238672813875, test r2: 0.0802362719856442
Training Results:
r2: 0.9971
rmse: 0.0420
mae: 0.0316
Validation Results:
r2: 0.5547
rmse: 0.5968
mae: 0.4633
Test Results:
r2: 0.0802
rmse: 0.6654
mae: 0.4659
29/51
train r2: 0.9976790317310752, valid r2: 0.5595952412959583, test r2: 0.08875295247179649
Training Results:
r2: 0.9977
rmse: 0.0380
mae: 0.0278
Validation Results:
r2: 0.5596
rmse: 0.5936
mae: 0.4638
Test Results:
r2: 0.0888
rmse: 0.6623
mae: 0.4633
30/51
train r2: 0.9983116460004672, valid r2: 0.5585729859284577, test r2: 0.07437736291806318
Training Results:
r2: 0.9983
rmse: 0.0324
mae: 0.0230
Validation Results:
r2: 0.5586
rmse: 0.5943
mae: 0.4619
Test Results:
r2: 0.0744
rmse: 0.6675
mae: 0.4671
31/51
train r2: 0.9982780476507571, valid r2: 0.5535669023325132, test r2: 0.09777224443311128
Training Results:
r2: 0.9983
rmse: 0.0328
mae: 0.0233
Validation Results:
r2: 0.5536
rmse: 0.5976
mae: 0.4648
Test Results:
r2: 0.0978
rmse: 0.6591
mae: 0.4630
32/51
train r2: 0.9984107298654312, valid r2: 0.5613628767252741, test r2: 0.07179241912294909
Training Results:
r2: 0.9984
rmse: 0.0315
mae: 0.0220
Validation Results:
r2: 0.5614
rmse: 0.5924
mae: 0.4615
Test Results:
r2: 0.0718
rmse: 0.6685
mae: 0.4702
33/51
train r2: 0.9989040190000515, valid r2: 0.5580595860368425, test r2: 0.06990258145755746
Training Results:
r2: 0.9989
rmse: 0.0260
mae: 0.0177
Validation Results:
r2: 0.5581
rmse: 0.5946
mae: 0.4596
Test Results:
r2: 0.0699
rmse: 0.6692
mae: 0.4712
34/51
train r2: 0.9986244436419303, valid r2: 0.5604465309019726, test r2: 0.0764622499887806
Training Results:
r2: 0.9986
rmse: 0.0292
mae: 0.0208
Validation Results:
r2: 0.5604
rmse: 0.5930
mae: 0.4613
Test Results:
r2: 0.0765
rmse: 0.6668
mae: 0.4695
35/51
train r2: 0.9992528868087874, valid r2: 0.5576398508513517, test r2: 0.079082203741354
Training Results:
r2: 0.9993
rmse: 0.0215
mae: 0.0135
Validation Results:
r2: 0.5576
rmse: 0.5949
mae: 0.4629
Test Results:
r2: 0.0791
rmse: 0.6658
mae: 0.4678
36/51
train r2: 0.9991173623661141, valid r2: 0.5578472570693067, test r2: 0.08022650493879546
Training Results:
r2: 0.9991
rmse: 0.0234
mae: 0.0159
Validation Results:
r2: 0.5578
rmse: 0.5948
mae: 0.4623
Test Results:
r2: 0.0802
rmse: 0.6654
mae: 0.4669
break!
train: 0.9655, val: 0.6002, test: 0.0871
end_test_result: (0.08712695366615342, 0.6629324555397034, 0.46595871448516846)
args.seed: 2054
use label scaler
use label scaler
use label scaler
model have 90.143705M paramerters in total
train_dataset.mean: tensor([-6.2583]) train_dataset.std: tensor([0.7874])
1/51
train r2: 0.32760685323222327, valid r2: 0.05620861457007709, test r2: -0.4034740590212722
Training Results:
r2: 0.3276
rmse: 0.6431
mae: 0.5343
Validation Results:
r2: 0.0562
rmse: 0.8689
mae: 0.7382
Test Results:
r2: -0.4035
rmse: 0.8220
mae: 0.7018
2/51
train r2: 0.6357230620028628, valid r2: 0.4076185814687706, test r2: -0.010646920279118177
Training Results:
r2: 0.6357
rmse: 0.4741
mae: 0.3728
Validation Results:
r2: 0.4076
rmse: 0.6884
mae: 0.5780
Test Results:
r2: -0.0106
rmse: 0.6975
mae: 0.5646
3/51
train r2: 0.6914299279390848, valid r2: 0.49262035159450046, test r2: -0.02388499833329827
Training Results:
r2: 0.6914
rmse: 0.4372
mae: 0.3304
Validation Results:
r2: 0.4926
rmse: 0.6371
mae: 0.4843
Test Results:
r2: -0.0239
rmse: 0.7021
mae: 0.5438
4/51
train r2: 0.7429844568708766, valid r2: 0.5633018423609963, test r2: -0.10029062772756814
Training Results:
r2: 0.7430
rmse: 0.3994
mae: 0.3160
Validation Results:
r2: 0.5633
rmse: 0.5911
mae: 0.4818
Test Results:
r2: -0.1003
rmse: 0.7278
mae: 0.5619
5/51
train r2: 0.7917428012179581, valid r2: 0.5066026683874879, test r2: 0.022577896643124706
Training Results:
r2: 0.7917
rmse: 0.3595
mae: 0.2733
Validation Results:
r2: 0.5066
rmse: 0.6283
mae: 0.4909
Test Results:
r2: 0.0226
rmse: 0.6860
mae: 0.5124
6/51
train r2: 0.8004751223444966, valid r2: 0.4724164737486989, test r2: -0.034233740138959634
Training Results:
r2: 0.8005
rmse: 0.3515
mae: 0.2671
Validation Results:
r2: 0.4724
rmse: 0.6497
mae: 0.5061
Test Results:
r2: -0.0342
rmse: 0.7056
mae: 0.4999
7/51
train r2: 0.7446142957697679, valid r2: 0.4097805576921657, test r2: 0.11244448128902007
Training Results:
r2: 0.7446
rmse: 0.3993
mae: 0.3063
Validation Results:
r2: 0.4098
rmse: 0.6872
mae: 0.5412
Test Results:
r2: 0.1124
rmse: 0.6537
mae: 0.4803
8/51
train r2: 0.8355745834427751, valid r2: 0.49767526156424735, test r2: -0.004099027066677863
Training Results:
r2: 0.8356
rmse: 0.3203
mae: 0.2461
Validation Results:
r2: 0.4977
rmse: 0.6339
mae: 0.4963
Test Results:
r2: -0.0041
rmse: 0.6953
mae: 0.4896
9/51
train r2: 0.8739714578983959, valid r2: 0.5561752161980935, test r2: 0.03431445757827889
Training Results:
r2: 0.8740
rmse: 0.2807
mae: 0.2167
Validation Results:
r2: 0.5562
rmse: 0.5959
mae: 0.4520
Test Results:
r2: 0.0343
rmse: 0.6818
mae: 0.4999
10/51
train r2: 0.8613647029793929, valid r2: 0.44219264034754624, test r2: -0.08876798778793926
Training Results:
r2: 0.8614
rmse: 0.2931
mae: 0.2350
Validation Results:
r2: 0.4422
rmse: 0.6680
mae: 0.5152
Test Results:
r2: -0.0888
rmse: 0.7240
mae: 0.5032
11/51
train r2: 0.9066477942218356, valid r2: 0.5034464451836589, test r2: 0.07830152186802863
Training Results:
r2: 0.9066
rmse: 0.2417
mae: 0.1777
Validation Results:
r2: 0.5034
rmse: 0.6303
mae: 0.4582
Test Results:
r2: 0.0783
rmse: 0.6661
mae: 0.4748
12/51
train r2: 0.9238820717370819, valid r2: 0.5685291047490397, test r2: 0.019483274224846414
Training Results:
r2: 0.9239
rmse: 0.2174
mae: 0.1647
Validation Results:
r2: 0.5685
rmse: 0.5875
mae: 0.4376
Test Results:
r2: 0.0195
rmse: 0.6871
mae: 0.4832
13/51
train r2: 0.9461766119939437, valid r2: 0.5758405153981723, test r2: 0.08181826140530268
Training Results:
r2: 0.9462
rmse: 0.1823
mae: 0.1396
Validation Results:
r2: 0.5758
rmse: 0.5825
mae: 0.4289
Test Results:
r2: 0.0818
rmse: 0.6649
mae: 0.4592
14/51
train r2: 0.9458093404991794, valid r2: 0.6092694621898074, test r2: -0.016057203808537146
Training Results:
r2: 0.9458
rmse: 0.1836
mae: 0.1422
Validation Results:
r2: 0.6093
rmse: 0.5591
mae: 0.4101
Test Results:
r2: -0.0161
rmse: 0.6994
mae: 0.4878
15/51
train r2: 0.9584693549911236, valid r2: 0.5742657428299357, test r2: 0.1278362865258954
Training Results:
r2: 0.9585
rmse: 0.1605
mae: 0.1234
Validation Results:
r2: 0.5743
rmse: 0.5836
mae: 0.4451
Test Results:
r2: 0.1278
rmse: 0.6480
mae: 0.4429
16/51
train r2: 0.962459745921417, valid r2: 0.5895067148531363, test r2: 0.11152669454375608
Training Results:
r2: 0.9625
rmse: 0.1517
mae: 0.1109
Validation Results:
r2: 0.5895
rmse: 0.5731
mae: 0.4390
Test Results:
r2: 0.1115
rmse: 0.6540
mae: 0.4393
17/51
train r2: 0.9765291744776332, valid r2: 0.5455464474279259, test r2: 0.08785636752027104
Training Results:
r2: 0.9765
rmse: 0.1205
mae: 0.0918
Validation Results:
r2: 0.5455
rmse: 0.6030
mae: 0.4526
Test Results:
r2: 0.0879
rmse: 0.6627
mae: 0.4518
18/51
train r2: 0.9816337041977363, valid r2: 0.5796381356174658, test r2: 0.08214032376393621
Training Results:
r2: 0.9816
rmse: 0.1064
mae: 0.0795
Validation Results:
r2: 0.5796
rmse: 0.5799
mae: 0.4465
Test Results:
r2: 0.0821
rmse: 0.6647
mae: 0.4528
19/51
train r2: 0.9847008522010955, valid r2: 0.585284533041923, test r2: 0.06361566320968781
Training Results:
r2: 0.9847
rmse: 0.0976
mae: 0.0734
Validation Results:
r2: 0.5853
rmse: 0.5760
mae: 0.4279
Test Results:
r2: 0.0636
rmse: 0.6714
mae: 0.4646
20/51
train r2: 0.9886365858334083, valid r2: 0.5737921234687375, test r2: 0.10539545562714225
Training Results:
r2: 0.9886
rmse: 0.0837
mae: 0.0615
Validation Results:
r2: 0.5738
rmse: 0.5839
mae: 0.4356
Test Results:
r2: 0.1054
rmse: 0.6563
mae: 0.4545
21/51
train r2: 0.991333907997287, valid r2: 0.5920707528074292, test r2: 0.13679393579710575
Training Results:
r2: 0.9913
rmse: 0.0731
mae: 0.0533
Validation Results:
r2: 0.5921
rmse: 0.5713
mae: 0.4277
Test Results:
r2: 0.1368
rmse: 0.6446
mae: 0.4436
22/51
train r2: 0.9920441661260629, valid r2: 0.5749263084300684, test r2: 0.11093408095119806
Training Results:
r2: 0.9920
rmse: 0.0702
mae: 0.0534
Validation Results:
r2: 0.5749
rmse: 0.5832
mae: 0.4386
Test Results:
r2: 0.1109
rmse: 0.6542
mae: 0.4501
23/51
train r2: 0.9937580584501867, valid r2: 0.5874982346447047, test r2: 0.10794732017467812
Training Results:
r2: 0.9938
rmse: 0.0620
mae: 0.0449
Validation Results:
r2: 0.5875
rmse: 0.5745
mae: 0.4324
Test Results:
r2: 0.1079
rmse: 0.6553
mae: 0.4422
24/51
train r2: 0.995833550779197, valid r2: 0.5762322426348742, test r2: 0.11599282669314703
Training Results:
r2: 0.9958
rmse: 0.0511
mae: 0.0348
Validation Results:
r2: 0.5762
rmse: 0.5823
mae: 0.4374
Test Results:
r2: 0.1160
rmse: 0.6524
mae: 0.4447
25/51
train r2: 0.9957998423420269, valid r2: 0.5888070066383004, test r2: 0.12291531430594083
Training Results:
r2: 0.9958
rmse: 0.0511
mae: 0.0358
Validation Results:
r2: 0.5888
rmse: 0.5736
mae: 0.4298
Test Results:
r2: 0.1229
rmse: 0.6498
mae: 0.4450
26/51
train r2: 0.9952579395738769, valid r2: 0.5900941070047141, test r2: 0.1006287380955595
Training Results:
r2: 0.9953
rmse: 0.0541
mae: 0.0410
Validation Results:
r2: 0.5901
rmse: 0.5727
mae: 0.4266
Test Results:
r2: 0.1006
rmse: 0.6580
mae: 0.4514
27/51
train r2: 0.9961436354327058, valid r2: 0.5848637970055968, test r2: 0.08490763330742268
Training Results:
r2: 0.9961
rmse: 0.0488
mae: 0.0331
Validation Results:
r2: 0.5849
rmse: 0.5763
mae: 0.4306
Test Results:
r2: 0.0849
rmse: 0.6637
mae: 0.4575
28/51
train r2: 0.9971133082167454, valid r2: 0.5870070320453631, test r2: 0.10730185904398248
Training Results:
r2: 0.9971
rmse: 0.0424
mae: 0.0302
Validation Results:
r2: 0.5870
rmse: 0.5748
mae: 0.4316
Test Results:
r2: 0.1073
rmse: 0.6556
mae: 0.4484
29/51
train r2: 0.9967439179985529, valid r2: 0.5685122732093357, test r2: 0.09391319408449339
Training Results:
r2: 0.9967
rmse: 0.0451
mae: 0.0329
Validation Results:
r2: 0.5685
rmse: 0.5875
mae: 0.4393
Test Results:
r2: 0.0939
rmse: 0.6605
mae: 0.4501
30/51
train r2: 0.9973501449002916, valid r2: 0.5774951952472185, test r2: 0.11854317489826072
Training Results:
r2: 0.9974
rmse: 0.0404
mae: 0.0285
Validation Results:
r2: 0.5775
rmse: 0.5814
mae: 0.4349
Test Results:
r2: 0.1185
rmse: 0.6514
mae: 0.4452
31/51
train r2: 0.9981513129749322, valid r2: 0.5864524593498049, test r2: 0.09969695645099597
Training Results:
r2: 0.9982
rmse: 0.0337
mae: 0.0227
Validation Results:
r2: 0.5865
rmse: 0.5752
mae: 0.4311
Test Results:
r2: 0.0997
rmse: 0.6584
mae: 0.4524
32/51
train r2: 0.9985479951989618, valid r2: 0.5916986626635763, test r2: 0.09828330595130286
Training Results:
r2: 0.9985
rmse: 0.0299
mae: 0.0200
Validation Results:
r2: 0.5917
rmse: 0.5715
mae: 0.4281
Test Results:
r2: 0.0983
rmse: 0.6589
mae: 0.4508
33/51
train r2: 0.9986423224448101, valid r2: 0.5893175798864942, test r2: 0.08900209884767474
Training Results:
r2: 0.9986
rmse: 0.0291
mae: 0.0206
Validation Results:
r2: 0.5893
rmse: 0.5732
mae: 0.4285
Test Results:
r2: 0.0890
rmse: 0.6623
mae: 0.4527
34/51
train r2: 0.9989257796605066, valid r2: 0.5877938134311367, test r2: 0.09650444055289942
Training Results:
r2: 0.9989
rmse: 0.0259
mae: 0.0155
Validation Results:
r2: 0.5878
rmse: 0.5743
mae: 0.4276
Test Results:
r2: 0.0965
rmse: 0.6595
mae: 0.4505
break!
train: 0.9458, val: 0.6093, test: -0.0161
end_test_result: (-0.016057203808537146, 0.6993960738182068, 0.487819641828537)
args.seed: 2064
use label scaler
use label scaler
use label scaler
model have 90.143705M paramerters in total
train_dataset.mean: tensor([-6.2583]) train_dataset.std: tensor([0.7874])
1/51
train r2: 0.24859754234375064, valid r2: 0.24901994289934237, test r2: 0.023448441749994164
Training Results:
r2: 0.2486
rmse: 0.6802
mae: 0.5704
Validation Results:
r2: 0.2490
rmse: 0.7751
mae: 0.6733
Test Results:
r2: 0.0234
rmse: 0.6857
mae: 0.5784
2/51
train r2: 0.5328409229319512, valid r2: 0.4430513778914448, test r2: 0.11577169410528432
Training Results:
r2: 0.5328
rmse: 0.5366
mae: 0.4252
Validation Results:
r2: 0.4431
rmse: 0.6675
mae: 0.5660
Test Results:
r2: 0.1158
rmse: 0.6524
mae: 0.5152
3/51
train r2: 0.6982091174422773, valid r2: 0.5369800720077031, test r2: 0.0746692513068925
Training Results:
r2: 0.6982
rmse: 0.4332
mae: 0.3333
Validation Results:
r2: 0.5370
rmse: 0.6086
mae: 0.5120
Test Results:
r2: 0.0747
rmse: 0.6674
mae: 0.5143
4/51
train r2: 0.7196643324452703, valid r2: 0.5236022774923468, test r2: -0.09609821376385907
Training Results:
r2: 0.7197
rmse: 0.4171
mae: 0.3323
Validation Results:
r2: 0.5236
rmse: 0.6174
mae: 0.5111
Test Results:
r2: -0.0961
rmse: 0.7264
mae: 0.5820
5/51
train r2: 0.5972147131298844, valid r2: 0.41272341549305414, test r2: 0.06287304832736551
Training Results:
r2: 0.5972
rmse: 0.4990
mae: 0.3972
Validation Results:
r2: 0.4127
rmse: 0.6854
mae: 0.5579
Test Results:
r2: 0.0629
rmse: 0.6717
mae: 0.5011
6/51
train r2: 0.8058025032403646, valid r2: 0.5897001103287818, test r2: 0.014390737266312348
Training Results:
r2: 0.8058
rmse: 0.3478
mae: 0.2672
Validation Results:
r2: 0.5897
rmse: 0.5729
mae: 0.4406
Test Results:
r2: 0.0144
rmse: 0.6888
mae: 0.4993
7/51
train r2: 0.8243025758042661, valid r2: 0.5578425326107836, test r2: -0.016384265259405506
Training Results:
r2: 0.8243
rmse: 0.3299
mae: 0.2513
Validation Results:
r2: 0.5578
rmse: 0.5948
mae: 0.4702
Test Results:
r2: -0.0164
rmse: 0.6995
mae: 0.4942
8/51
train r2: 0.733897214219373, valid r2: 0.5170000484987449, test r2: -0.31545764195693593
Training Results:
r2: 0.7339
rmse: 0.4047
mae: 0.3361
Validation Results:
r2: 0.5170
rmse: 0.6216
mae: 0.5040
Test Results:
r2: -0.3155
rmse: 0.7958
mae: 0.6505
9/51
train r2: 0.8874795325111996, valid r2: 0.5664403853053557, test r2: 0.02406349398299712
Training Results:
r2: 0.8875
rmse: 0.2625
mae: 0.1919
Validation Results:
r2: 0.5664
rmse: 0.5889
mae: 0.4270
Test Results:
r2: 0.0241
rmse: 0.6854
mae: 0.4913
10/51
train r2: 0.8940781165563578, valid r2: 0.588555705972611, test r2: 0.014636123498145026
Training Results:
r2: 0.8941
rmse: 0.2555
mae: 0.1981
Validation Results:
r2: 0.5886
rmse: 0.5737
mae: 0.4501
Test Results:
r2: 0.0146
rmse: 0.6888
mae: 0.5027
11/51
train r2: 0.9175803701786748, valid r2: 0.5846466972234275, test r2: 0.04525285057348272
Training Results:
r2: 0.9176
rmse: 0.2260
mae: 0.1734
Validation Results:
r2: 0.5846
rmse: 0.5764
mae: 0.4281
Test Results:
r2: 0.0453
rmse: 0.6780
mae: 0.4966
12/51
train r2: 0.9423905952373562, valid r2: 0.6252446659172766, test r2: 0.06829989714113216
Training Results:
r2: 0.9424
rmse: 0.1896
mae: 0.1461
Validation Results:
r2: 0.6252
rmse: 0.5475
mae: 0.4238
Test Results:
r2: 0.0683
rmse: 0.6697
mae: 0.4843
13/51
train r2: 0.8999008269011249, valid r2: 0.5166421820048903, test r2: 0.05681241032830886
Training Results:
r2: 0.8999
rmse: 0.2493
mae: 0.2077
Validation Results:
r2: 0.5166
rmse: 0.6218
mae: 0.4765
Test Results:
r2: 0.0568
rmse: 0.6738
mae: 0.4920
14/51
train r2: 0.9470554012936432, valid r2: 0.607107514594768, test r2: 0.07613363575356713
Training Results:
r2: 0.9471
rmse: 0.1820
mae: 0.1419
Validation Results:
r2: 0.6071
rmse: 0.5606
mae: 0.4304
Test Results:
r2: 0.0761
rmse: 0.6669
mae: 0.4684
15/51
train r2: 0.9613232868229779, valid r2: 0.617746687263149, test r2: 0.12943850561367487
Training Results:
r2: 0.9613
rmse: 0.1552
mae: 0.1200
Validation Results:
r2: 0.6177
rmse: 0.5530
mae: 0.4264
Test Results:
r2: 0.1294
rmse: 0.6474
mae: 0.4633
16/51
train r2: 0.9716229672756101, valid r2: 0.6482889092523407, test r2: 0.05195127378060982
Training Results:
r2: 0.9716
rmse: 0.1331
mae: 0.1002
Validation Results:
r2: 0.6483
rmse: 0.5304
mae: 0.4030
Test Results:
r2: 0.0520
rmse: 0.6756
mae: 0.4710
17/51
train r2: 0.9586448513247564, valid r2: 0.587967807263431, test r2: 0.08603508091054657
Training Results:
r2: 0.9586
rmse: 0.1596
mae: 0.1262
Validation Results:
r2: 0.5880
rmse: 0.5741
mae: 0.4364
Test Results:
r2: 0.0860
rmse: 0.6633
mae: 0.4713
18/51
train r2: 0.9775213632895563, valid r2: 0.6380003217441752, test r2: 0.07060172189468705
Training Results:
r2: 0.9775
rmse: 0.1172
mae: 0.0890
Validation Results:
r2: 0.6380
rmse: 0.5382
mae: 0.4130
Test Results:
r2: 0.0706
rmse: 0.6689
mae: 0.4648
19/51
train r2: 0.9823433031687013, valid r2: 0.594058943459203, test r2: 0.11019200769441406
Training Results:
r2: 0.9823
rmse: 0.1048
mae: 0.0785
Validation Results:
r2: 0.5941
rmse: 0.5699
mae: 0.4409
Test Results:
r2: 0.1102
rmse: 0.6545
mae: 0.4566
20/51
train r2: 0.9825225408232863, valid r2: 0.6092243148359862, test r2: 0.06670983776169159
Training Results:
r2: 0.9825
rmse: 0.1040
mae: 0.0805
Validation Results:
r2: 0.6092
rmse: 0.5591
mae: 0.4343
Test Results:
r2: 0.0667
rmse: 0.6703
mae: 0.4785
21/51
train r2: 0.9892587439048369, valid r2: 0.5994927804601452, test r2: 0.12003278189323718
Training Results:
r2: 0.9893
rmse: 0.0812
mae: 0.0589
Validation Results:
r2: 0.5995
rmse: 0.5660
mae: 0.4267
Test Results:
r2: 0.1200
rmse: 0.6509
mae: 0.4586
22/51
train r2: 0.9918293250794804, valid r2: 0.5793060609837964, test r2: 0.1034639197768844
Training Results:
r2: 0.9918
rmse: 0.0707
mae: 0.0504
Validation Results:
r2: 0.5793
rmse: 0.5801
mae: 0.4333
Test Results:
r2: 0.1035
rmse: 0.6570
mae: 0.4571
23/51
train r2: 0.9942996702684189, valid r2: 0.6115091155290686, test r2: 0.06918747931743241
Training Results:
r2: 0.9943
rmse: 0.0597
mae: 0.0436
Validation Results:
r2: 0.6115
rmse: 0.5575
mae: 0.4212
Test Results:
r2: 0.0692
rmse: 0.6694
mae: 0.4659
24/51
train r2: 0.9949258236806211, valid r2: 0.6021292415563704, test r2: 0.09623836586339518
Training Results:
r2: 0.9949
rmse: 0.0558
mae: 0.0398
Validation Results:
r2: 0.6021
rmse: 0.5642
mae: 0.4268
Test Results:
r2: 0.0962
rmse: 0.6596
mae: 0.4596
25/51
train r2: 0.9953537462794164, valid r2: 0.5910375980642568, test r2: 0.0765129000727367
Training Results:
r2: 0.9954
rmse: 0.0539
mae: 0.0388
Validation Results:
r2: 0.5910
rmse: 0.5720
mae: 0.4380
Test Results:
r2: 0.0765
rmse: 0.6668
mae: 0.4596
26/51
train r2: 0.994893370072797, valid r2: 0.5895284460114066, test r2: 0.08411272297339933
Training Results:
r2: 0.9949
rmse: 0.0558
mae: 0.0397
Validation Results:
r2: 0.5895
rmse: 0.5730
mae: 0.4356
Test Results:
r2: 0.0841
rmse: 0.6640
mae: 0.4636
27/51
train r2: 0.995959166720075, valid r2: 0.599441602859647, test r2: 0.08696487172866063
Training Results:
r2: 0.9960
rmse: 0.0501
mae: 0.0363
Validation Results:
r2: 0.5994
rmse: 0.5661
mae: 0.4274
Test Results:
r2: 0.0870
rmse: 0.6630
mae: 0.4607
28/51
train r2: 0.9960359440039198, valid r2: 0.588555231764452, test r2: 0.08640936504981322
Training Results:
r2: 0.9960
rmse: 0.0497
mae: 0.0358
Validation Results:
r2: 0.5886
rmse: 0.5737
mae: 0.4306
Test Results:
r2: 0.0864
rmse: 0.6632
mae: 0.4634
29/51
train r2: 0.9970020492496091, valid r2: 0.5918857986040373, test r2: 0.08857034171329503
Training Results:
r2: 0.9970
rmse: 0.0432
mae: 0.0325
Validation Results:
r2: 0.5919
rmse: 0.5714
mae: 0.4358
Test Results:
r2: 0.0886
rmse: 0.6624
mae: 0.4607
30/51
train r2: 0.9969497412609012, valid r2: 0.5929133865208736, test r2: 0.096745369385416
Training Results:
r2: 0.9969
rmse: 0.0436
mae: 0.0332
Validation Results:
r2: 0.5929
rmse: 0.5707
mae: 0.4299
Test Results:
r2: 0.0967
rmse: 0.6594
mae: 0.4580
31/51
train r2: 0.9974094836681426, valid r2: 0.5940733989085449, test r2: 0.09377533809055849
Training Results:
r2: 0.9974
rmse: 0.0400
mae: 0.0269
Validation Results:
r2: 0.5941
rmse: 0.5699
mae: 0.4315
Test Results:
r2: 0.0938
rmse: 0.6605
mae: 0.4584
32/51
train r2: 0.998036623245483, valid r2: 0.5989307839207871, test r2: 0.08726708138587436
Training Results:
r2: 0.9980
rmse: 0.0348
mae: 0.0232
Validation Results:
r2: 0.5989
rmse: 0.5664
mae: 0.4294
Test Results:
r2: 0.0873
rmse: 0.6629
mae: 0.4597
33/51
train r2: 0.9986131981623705, valid r2: 0.6026448220999668, test r2: 0.08283425279844792
Training Results:
r2: 0.9986
rmse: 0.0292
mae: 0.0194
Validation Results:
r2: 0.6026
rmse: 0.5638
mae: 0.4286
Test Results:
r2: 0.0828
rmse: 0.6645
mae: 0.4623
34/51
train r2: 0.9988839332413458, valid r2: 0.596231725944169, test r2: 0.08576505425481384
Training Results:
r2: 0.9989
rmse: 0.0264
mae: 0.0172
Validation Results:
r2: 0.5962
rmse: 0.5683
mae: 0.4291
Test Results:
r2: 0.0858
rmse: 0.6634
mae: 0.4603
35/51
train r2: 0.9990156671021978, valid r2: 0.6024417025084448, test r2: 0.08943709115215426
Training Results:
r2: 0.9990
rmse: 0.0245
mae: 0.0152
Validation Results:
r2: 0.6024
rmse: 0.5640
mae: 0.4262
Test Results:
r2: 0.0894
rmse: 0.6621
mae: 0.4600
36/51
train r2: 0.9989381233582304, valid r2: 0.594460706001164, test r2: 0.08906673017145983
Training Results:
r2: 0.9989
rmse: 0.0257
mae: 0.0177
Validation Results:
r2: 0.5945
rmse: 0.5696
mae: 0.4306
Test Results:
r2: 0.0891
rmse: 0.6622
mae: 0.4602
break!
train: 0.9716, val: 0.6483, test: 0.0520
end_test_result: (0.05195127378060982, 0.6755841374397278, 0.47099801898002625)
Time used on CycPept_Caco2: 0:27:17
Current seed: 2044, current split method: Perimeter, current task: CycPept_Caco2
Namespace(seed=2024, times=5, n_epochs=50, config='base', model_path='../models/pretrained/base/base.pth', dataset='CycPept_Caco2', data_path='../datasets/', dataset_type='regression', use_scaler=True, metric=['r2', 'rmse', 'mae'], split='Perimeter_2044', weight_decay=0.0, dropout=0.0, lr=3e-05, n_threads=8)
args.seed: 2024
use label scaler
use label scaler
use label scaler
model have 90.143705M paramerters in total
train_dataset.mean: tensor([-6.2295]) train_dataset.std: tensor([0.7874])
1/51
train r2: 0.30143935677305767, valid r2: 0.3904304950670532, test r2: 0.1478942368866073
Training Results:
r2: 0.3014
rmse: 0.6579
mae: 0.5602
Validation Results:
r2: 0.3904
rmse: 0.6759
mae: 0.5823
Test Results:
r2: 0.1479
rmse: 0.6925
mae: 0.6160
2/51
train r2: 0.5998515004840932, valid r2: 0.5993093097718212, test r2: 0.0751522704148091
Training Results:
r2: 0.5999
rmse: 0.4985
mae: 0.4043
Validation Results:
r2: 0.5993
rmse: 0.5480
mae: 0.4520
Test Results:
r2: 0.0752
rmse: 0.7214
mae: 0.6058
3/51
train r2: 0.5904686898057967, valid r2: 0.5413609094957212, test r2: -0.200806746109234
Training Results:
r2: 0.5905
rmse: 0.5004
mae: 0.4082
Validation Results:
r2: 0.5414
rmse: 0.5862
mae: 0.4775
Test Results:
r2: -0.2008
rmse: 0.8221
mae: 0.6789
4/51
train r2: 0.6842814562840849, valid r2: 0.5472014047637341, test r2: -0.09464833539598194
Training Results:
r2: 0.6843
rmse: 0.4395
mae: 0.3474
Validation Results:
r2: 0.5472
rmse: 0.5825
mae: 0.4717
Test Results:
r2: -0.0946
rmse: 0.7849
mae: 0.6384
5/51
train r2: 0.7615625453268093, valid r2: 0.5427707371811041, test r2: 0.16073040379012848
Training Results:
r2: 0.7616
rmse: 0.3851
mae: 0.2957
Validation Results:
r2: 0.5428
rmse: 0.5853
mae: 0.4882
Test Results:
r2: 0.1607
rmse: 0.6872
mae: 0.5512
6/51
train r2: 0.7939808482991982, valid r2: 0.6326980650369385, test r2: -0.033541712890939435
Training Results:
r2: 0.7940
rmse: 0.3579
mae: 0.2738
Validation Results:
r2: 0.6327
rmse: 0.5246
mae: 0.4258
Test Results:
r2: -0.0335
rmse: 0.7627
mae: 0.5886
7/51
train r2: 0.7163913904869816, valid r2: 0.5180164886361569, test r2: 0.17452243912135956
Training Results:
r2: 0.7164
rmse: 0.4200
mae: 0.3214
Validation Results:
r2: 0.5180
rmse: 0.6010
mae: 0.4944
Test Results:
r2: 0.1745
rmse: 0.6816
mae: 0.4889
8/51
train r2: 0.7125604385356301, valid r2: 0.6155687513574452, test r2: -0.1609888555578447
Training Results:
r2: 0.7126
rmse: 0.4227
mae: 0.3320
Validation Results:
r2: 0.6156
rmse: 0.5367
mae: 0.4316
Test Results:
r2: -0.1610
rmse: 0.8083
mae: 0.6429
9/51
train r2: 0.871915303912184, valid r2: 0.6475704154121329, test r2: 0.2542832917546237
Training Results:
r2: 0.8719
rmse: 0.2821
mae: 0.2151
Validation Results:
r2: 0.6476
rmse: 0.5139
mae: 0.4127
Test Results:
r2: 0.2543
rmse: 0.6478
mae: 0.4675
10/51
train r2: 0.8933522903096454, valid r2: 0.7286523319244504, test r2: 0.1715458817587321
Training Results:
r2: 0.8934
rmse: 0.2563
mae: 0.1921
Validation Results:
r2: 0.7287
rmse: 0.4509
mae: 0.3432
Test Results:
r2: 0.1715
rmse: 0.6828
mae: 0.4932
11/51
train r2: 0.891466462117555, valid r2: 0.7186498198964297, test r2: 0.16673958857598348
Training Results:
r2: 0.8915
rmse: 0.2597
mae: 0.1929
Validation Results:
r2: 0.7186
rmse: 0.4592
mae: 0.3401
Test Results:
r2: 0.1667
rmse: 0.6848
mae: 0.5037
12/51
train r2: 0.9097444208820833, valid r2: 0.710199044775825, test r2: 0.09650472664599241
Training Results:
r2: 0.9097
rmse: 0.2353
mae: 0.1794
Validation Results:
r2: 0.7102
rmse: 0.4660
mae: 0.3581
Test Results:
r2: 0.0965
rmse: 0.7131
mae: 0.5271
13/51
train r2: 0.9304372852646731, valid r2: 0.6949688642814664, test r2: 0.2952474106153071
Training Results:
r2: 0.9304
rmse: 0.2072
mae: 0.1533
Validation Results:
r2: 0.6950
rmse: 0.4781
mae: 0.3696
Test Results:
r2: 0.2952
rmse: 0.6298
mae: 0.4490
14/51
train r2: 0.9213922361915708, valid r2: 0.6827157154777364, test r2: 0.29120174559831824
Training Results:
r2: 0.9214
rmse: 0.2213
mae: 0.1736
Validation Results:
r2: 0.6827
rmse: 0.4876
mae: 0.3897
Test Results:
r2: 0.2912
rmse: 0.6316
mae: 0.4444
15/51
train r2: 0.954901517771675, valid r2: 0.7212987996595318, test r2: 0.29855665385410624
Training Results:
r2: 0.9549
rmse: 0.1677
mae: 0.1249
Validation Results:
r2: 0.7213
rmse: 0.4570
mae: 0.3480
Test Results:
r2: 0.2986
rmse: 0.6283
mae: 0.4498
16/51
train r2: 0.9556053105036921, valid r2: 0.6981987395173639, test r2: 0.3244397175064264
Training Results:
r2: 0.9556
rmse: 0.1660
mae: 0.1234
Validation Results:
r2: 0.6982
rmse: 0.4756
mae: 0.3697
Test Results:
r2: 0.3244
rmse: 0.6166
mae: 0.4508
17/51
train r2: 0.9741897215565118, valid r2: 0.7114209269421583, test r2: 0.22416486393756185
Training Results:
r2: 0.9742
rmse: 0.1268
mae: 0.0948
Validation Results:
r2: 0.7114
rmse: 0.4650
mae: 0.3507
Test Results:
r2: 0.2242
rmse: 0.6608
mae: 0.4730
18/51
train r2: 0.9665128043207144, valid r2: 0.70409576014046, test r2: 0.293299359375751
Training Results:
r2: 0.9665
rmse: 0.1435
mae: 0.1082
Validation Results:
r2: 0.7041
rmse: 0.4709
mae: 0.3500
Test Results:
r2: 0.2933
rmse: 0.6306
mae: 0.4435
19/51
train r2: 0.9809639872070722, valid r2: 0.7077140910332771, test r2: 0.2308714796284329
Training Results:
r2: 0.9810
rmse: 0.1087
mae: 0.0800
Validation Results:
r2: 0.7077
rmse: 0.4680
mae: 0.3527
Test Results:
r2: 0.2309
rmse: 0.6579
mae: 0.4598
20/51
train r2: 0.9773047502942139, valid r2: 0.7183965466823525, test r2: 0.27968036987515077
Training Results:
r2: 0.9773
rmse: 0.1187
mae: 0.0846
Validation Results:
r2: 0.7184
rmse: 0.4594
mae: 0.3527
Test Results:
r2: 0.2797
rmse: 0.6367
mae: 0.4512
21/51
train r2: 0.9837129556101354, valid r2: 0.7006728399980231, test r2: 0.27984610449595027
Training Results:
r2: 0.9837
rmse: 0.1006
mae: 0.0669
Validation Results:
r2: 0.7007
rmse: 0.4736
mae: 0.3644
Test Results:
r2: 0.2798
rmse: 0.6366
mae: 0.4548
22/51
train r2: 0.981458322193627, valid r2: 0.7301875821225138, test r2: 0.16706969963054674
Training Results:
r2: 0.9815
rmse: 0.1072
mae: 0.0802
Validation Results:
r2: 0.7302
rmse: 0.4497
mae: 0.3401
Test Results:
r2: 0.1671
rmse: 0.6846
mae: 0.4919
23/51
train r2: 0.9867061692961289, valid r2: 0.7174880731663953, test r2: 0.2517524453507385
Training Results:
r2: 0.9867
rmse: 0.0909
mae: 0.0680
Validation Results:
r2: 0.7175
rmse: 0.4601
mae: 0.3452
Test Results:
r2: 0.2518
rmse: 0.6489
mae: 0.4658
24/51
train r2: 0.9900950426347239, valid r2: 0.7119030427557069, test r2: 0.21908956473756014
Training Results:
r2: 0.9901
rmse: 0.0785
mae: 0.0598
Validation Results:
r2: 0.7119
rmse: 0.4646
mae: 0.3456
Test Results:
r2: 0.2191
rmse: 0.6629
mae: 0.4722
25/51
train r2: 0.9921525142898312, valid r2: 0.7178987927235378, test r2: 0.21885939177671054
Training Results:
r2: 0.9922
rmse: 0.0698
mae: 0.0484
Validation Results:
r2: 0.7179
rmse: 0.4598
mae: 0.3429
Test Results:
r2: 0.2189
rmse: 0.6630
mae: 0.4839
26/51
train r2: 0.9944436892773257, valid r2: 0.6945150171507769, test r2: 0.238990272900948
Training Results:
r2: 0.9944
rmse: 0.0587
mae: 0.0417
Validation Results:
r2: 0.6945
rmse: 0.4785
mae: 0.3613
Test Results:
r2: 0.2390
rmse: 0.6544
mae: 0.4627
27/51
train r2: 0.9966380212945265, valid r2: 0.7181498882245582, test r2: 0.24686529706939864
Training Results:
r2: 0.9966
rmse: 0.0458
mae: 0.0315
Validation Results:
r2: 0.7181
rmse: 0.4596
mae: 0.3434
Test Results:
r2: 0.2469
rmse: 0.6510
mae: 0.4651
28/51
train r2: 0.996654450187558, valid r2: 0.7082275581978221, test r2: 0.25511825326313897
Training Results:
r2: 0.9967
rmse: 0.0456
mae: 0.0311
Validation Results:
r2: 0.7082
rmse: 0.4676
mae: 0.3562
Test Results:
r2: 0.2551
rmse: 0.6475
mae: 0.4576
29/51
train r2: 0.9978979587833549, valid r2: 0.7122163303037183, test r2: 0.25179647542770356
Training Results:
r2: 0.9979
rmse: 0.0361
mae: 0.0242
Validation Results:
r2: 0.7122
rmse: 0.4644
mae: 0.3470
Test Results:
r2: 0.2518
rmse: 0.6489
mae: 0.4604
30/51
train r2: 0.9980505210359953, valid r2: 0.7144846512583263, test r2: 0.2545209075062118
Training Results:
r2: 0.9981
rmse: 0.0348
mae: 0.0233
Validation Results:
r2: 0.7145
rmse: 0.4626
mae: 0.3475
Test Results:
r2: 0.2545
rmse: 0.6477
mae: 0.4611
31/51
train r2: 0.9984780688970931, valid r2: 0.7076094842228468, test r2: 0.24846423942905094
Training Results:
r2: 0.9985
rmse: 0.0307
mae: 0.0209
Validation Results:
r2: 0.7076
rmse: 0.4681
mae: 0.3541
Test Results:
r2: 0.2485
rmse: 0.6503
mae: 0.4598
32/51
train r2: 0.9986728456376355, valid r2: 0.7133066025409159, test r2: 0.2399810393377234
Training Results:
r2: 0.9987
rmse: 0.0287
mae: 0.0191
Validation Results:
r2: 0.7133
rmse: 0.4635
mae: 0.3502
Test Results:
r2: 0.2400
rmse: 0.6540
mae: 0.4661
33/51
train r2: 0.9985849454987141, valid r2: 0.7089095771167504, test r2: 0.2422471820848554
Training Results:
r2: 0.9986
rmse: 0.0296
mae: 0.0199
Validation Results:
r2: 0.7089
rmse: 0.4670
mae: 0.3546
Test Results:
r2: 0.2422
rmse: 0.6530
mae: 0.4666
34/51
train r2: 0.998997228794916, valid r2: 0.7121475043107445, test r2: 0.24303379847096696
Training Results:
r2: 0.9990
rmse: 0.0250
mae: 0.0169
Validation Results:
r2: 0.7121
rmse: 0.4644
mae: 0.3517
Test Results:
r2: 0.2430
rmse: 0.6527
mae: 0.4623
35/51
train r2: 0.9990615466436644, valid r2: 0.7057941984063185, test r2: 0.24995546914741518
Training Results:
r2: 0.9991
rmse: 0.0241
mae: 0.0162
Validation Results:
r2: 0.7058
rmse: 0.4695
mae: 0.3559
Test Results:
r2: 0.2500
rmse: 0.6497
mae: 0.4589
36/51
train r2: 0.9993360109011462, valid r2: 0.7123593053885411, test r2: 0.24656687851448733
Training Results:
r2: 0.9993
rmse: 0.0203
mae: 0.0119
Validation Results:
r2: 0.7124
rmse: 0.4643
mae: 0.3504
Test Results:
r2: 0.2466
rmse: 0.6512
mae: 0.4607
37/51
train r2: 0.9993954820155042, valid r2: 0.7088013377503288, test r2: 0.25419881552270496
Training Results:
r2: 0.9994
rmse: 0.0194
mae: 0.0124
Validation Results:
r2: 0.7088
rmse: 0.4671
mae: 0.3546
Test Results:
r2: 0.2542
rmse: 0.6479
mae: 0.4582
38/51
train r2: 0.9994531442490958, valid r2: 0.7142365007518966, test r2: 0.24909132228390773
Training Results:
r2: 0.9995
rmse: 0.0184
mae: 0.0102
Validation Results:
r2: 0.7142
rmse: 0.4628
mae: 0.3489
Test Results:
r2: 0.2491
rmse: 0.6501
mae: 0.4608
39/51
train r2: 0.9995984894785689, valid r2: 0.7087022290859035, test r2: 0.2473266774327193
Training Results:
r2: 0.9996
rmse: 0.0158
mae: 0.0082
Validation Results:
r2: 0.7087
rmse: 0.4672
mae: 0.3555
Test Results:
r2: 0.2473
rmse: 0.6508
mae: 0.4623
40/51
train r2: 0.9995712579659093, valid r2: 0.7122750683402745, test r2: 0.2509228760595076
Training Results:
r2: 0.9996
rmse: 0.0163
mae: 0.0088
Validation Results:
r2: 0.7123
rmse: 0.4643
mae: 0.3514
Test Results:
r2: 0.2509
rmse: 0.6493
mae: 0.4603
41/51
train r2: 0.9996249648936709, valid r2: 0.7112023084245696, test r2: 0.25087486237770873
Training Results:
r2: 0.9996
rmse: 0.0153
mae: 0.0080
Validation Results:
r2: 0.7112
rmse: 0.4652
mae: 0.3517
Test Results:
r2: 0.2509
rmse: 0.6493
mae: 0.4609
42/51
train r2: 0.9996114616670725, valid r2: 0.706925293815766, test r2: 0.24639269000898212
Training Results:
r2: 0.9996
rmse: 0.0155
mae: 0.0082
Validation Results:
r2: 0.7069
rmse: 0.4686
mae: 0.3563
Test Results:
r2: 0.2464
rmse: 0.6512
mae: 0.4626
break!
train: 0.9815, val: 0.7302, test: 0.1671
end_test_result: (0.16706969963054674, 0.6846490502357483, 0.4919471740722656)
args.seed: 2034
use label scaler
use label scaler
use label scaler
model have 90.143705M paramerters in total
train_dataset.mean: tensor([-6.2295]) train_dataset.std: tensor([0.7874])
1/51
train r2: 0.33925093332926803, valid r2: 0.3025676838870389, test r2: 0.11799876017471
Training Results:
r2: 0.3393
rmse: 0.6392
mae: 0.5368
Validation Results:
r2: 0.3026
rmse: 0.7229
mae: 0.6105
Test Results:
r2: 0.1180
rmse: 0.7045
mae: 0.6239
2/51
train r2: 0.6073169819577366, valid r2: 0.553595193256214, test r2: 0.15006875764391647
Training Results:
r2: 0.6073
rmse: 0.4931
mae: 0.3876
Validation Results:
r2: 0.5536
rmse: 0.5784
mae: 0.4803
Test Results:
r2: 0.1501
rmse: 0.6916
mae: 0.5539
3/51
train r2: 0.6960495102039711, valid r2: 0.5717170894376375, test r2: 0.10950815009312398
Training Results:
r2: 0.6960
rmse: 0.4344
mae: 0.3432
Validation Results:
r2: 0.5717
rmse: 0.5665
mae: 0.4598
Test Results:
r2: 0.1095
rmse: 0.7079
mae: 0.5409
4/51
train r2: 0.7329298916206881, valid r2: 0.6160396766486119, test r2: 0.06014489024344316
Training Results:
r2: 0.7329
rmse: 0.4078
mae: 0.3167
Validation Results:
r2: 0.6160
rmse: 0.5364
mae: 0.4423
Test Results:
r2: 0.0601
rmse: 0.7273
mae: 0.5573
5/51
train r2: 0.7066429734847881, valid r2: 0.5046341376321062, test r2: 0.1130436967569396
Training Results:
r2: 0.7066
rmse: 0.4266
mae: 0.3348
Validation Results:
r2: 0.5046
rmse: 0.6093
mae: 0.5050
Test Results:
r2: 0.1130
rmse: 0.7065
mae: 0.4973
6/51
train r2: 0.8051080074709408, valid r2: 0.6122096842243171, test r2: 0.002549217342749155
Training Results:
r2: 0.8051
rmse: 0.3469
mae: 0.2611
Validation Results:
r2: 0.6122
rmse: 0.5391
mae: 0.4249
Test Results:
r2: 0.0025
rmse: 0.7492
mae: 0.5082
7/51
train r2: 0.7993383678847034, valid r2: 0.5421991122454941, test r2: -0.10058098998093334
Training Results:
r2: 0.7993
rmse: 0.3524
mae: 0.2740
Validation Results:
r2: 0.5422
rmse: 0.5857
mae: 0.4506
Test Results:
r2: -0.1006
rmse: 0.7870
mae: 0.5662
8/51
train r2: 0.866688649440333, valid r2: 0.6460113395481915, test r2: 0.17010414073428637
Training Results:
r2: 0.8667
rmse: 0.2878
mae: 0.2110
Validation Results:
r2: 0.6460
rmse: 0.5150
mae: 0.3985
Test Results:
r2: 0.1701
rmse: 0.6834
mae: 0.4760
9/51
train r2: 0.9006282332885989, valid r2: 0.614939828153151, test r2: 0.05063482900434224
Training Results:
r2: 0.9006
rmse: 0.2484
mae: 0.1849
Validation Results:
r2: 0.6149
rmse: 0.5372
mae: 0.4200
Test Results:
r2: 0.0506
rmse: 0.7309
mae: 0.5044
10/51
train r2: 0.9094799460028746, valid r2: 0.6159151072771736, test r2: 0.13125769765430595
Training Results:
r2: 0.9095
rmse: 0.2373
mae: 0.1733
Validation Results:
r2: 0.6159
rmse: 0.5365
mae: 0.4159
Test Results:
r2: 0.1313
rmse: 0.6992
mae: 0.4789
11/51
train r2: 0.9200149533090682, valid r2: 0.657845971531594, test r2: 0.07851118503872412
Training Results:
r2: 0.9200
rmse: 0.2229
mae: 0.1641
Validation Results:
r2: 0.6578
rmse: 0.5064
mae: 0.3887
Test Results:
r2: 0.0785
rmse: 0.7201
mae: 0.5025
12/51
train r2: 0.9030713032897588, valid r2: 0.6117322473966522, test r2: 0.025850802607447987
Training Results:
r2: 0.9031
rmse: 0.2456
mae: 0.1881
Validation Results:
r2: 0.6117
rmse: 0.5394
mae: 0.4097
Test Results:
r2: 0.0259
rmse: 0.7404
mae: 0.5289
13/51
train r2: 0.9425749324058387, valid r2: 0.6557514583245904, test r2: 0.0755517630504573
Training Results:
r2: 0.9426
rmse: 0.1887
mae: 0.1422
Validation Results:
r2: 0.6558
rmse: 0.5079
mae: 0.3910
Test Results:
r2: 0.0756
rmse: 0.7213
mae: 0.4953
14/51
train r2: 0.9426447993084404, valid r2: 0.5954377922974321, test r2: 0.0071462266174460165
Training Results:
r2: 0.9426
rmse: 0.1886
mae: 0.1413
Validation Results:
r2: 0.5954
rmse: 0.5506
mae: 0.4162
Test Results:
r2: 0.0071
rmse: 0.7475
mae: 0.4979
15/51
train r2: 0.952781337237097, valid r2: 0.6217707993282284, test r2: 0.07757099800163858
Training Results:
r2: 0.9528
rmse: 0.1713
mae: 0.1319
Validation Results:
r2: 0.6218
rmse: 0.5324
mae: 0.4105
Test Results:
r2: 0.0776
rmse: 0.7205
mae: 0.4758
16/51
train r2: 0.9687680290247581, valid r2: 0.6139524179877576, test r2: 0.10984215715493795
Training Results:
r2: 0.9688
rmse: 0.1394
mae: 0.1060
Validation Results:
r2: 0.6140
rmse: 0.5379
mae: 0.4189
Test Results:
r2: 0.1098
rmse: 0.7078
mae: 0.4748
17/51
train r2: 0.972744079338494, valid r2: 0.6450356785637898, test r2: 0.06522919211856315
Training Results:
r2: 0.9727
rmse: 0.1301
mae: 0.1002
Validation Results:
r2: 0.6450
rmse: 0.5158
mae: 0.3947
Test Results:
r2: 0.0652
rmse: 0.7253
mae: 0.4997
18/51
train r2: 0.9588855614717251, valid r2: 0.6631135302969795, test r2: 0.011147057998294407
Training Results:
r2: 0.9589
rmse: 0.1597
mae: 0.1260
Validation Results:
r2: 0.6631
rmse: 0.5024
mae: 0.3796
Test Results:
r2: 0.0111
rmse: 0.7460
mae: 0.5055
19/51
train r2: 0.9813965038923619, valid r2: 0.6399270819742062, test r2: 0.13476223178145585
Training Results:
r2: 0.9814
rmse: 0.1074
mae: 0.0804
Validation Results:
r2: 0.6399
rmse: 0.5194
mae: 0.3980
Test Results:
r2: 0.1348
rmse: 0.6978
mae: 0.4741
20/51
train r2: 0.9881539327258564, valid r2: 0.6704959192050779, test r2: 0.11086162173813885
Training Results:
r2: 0.9882
rmse: 0.0852
mae: 0.0624
Validation Results:
r2: 0.6705
rmse: 0.4969
mae: 0.3870
Test Results:
r2: 0.1109
rmse: 0.7074
mae: 0.4847
21/51
train r2: 0.9924335628068927, valid r2: 0.6613149832348257, test r2: 0.1092971746650393
Training Results:
r2: 0.9924
rmse: 0.0684
mae: 0.0513
Validation Results:
r2: 0.6613
rmse: 0.5038
mae: 0.3921
Test Results:
r2: 0.1093
rmse: 0.7080
mae: 0.4826
22/51
train r2: 0.9933861791355274, valid r2: 0.6553216233790968, test r2: 0.11091966180885393
Training Results:
r2: 0.9934
rmse: 0.0638
mae: 0.0451
Validation Results:
r2: 0.6553
rmse: 0.5082
mae: 0.3961
Test Results:
r2: 0.1109
rmse: 0.7073
mae: 0.4784
23/51
train r2: 0.993734829381307, valid r2: 0.664749926705943, test r2: 0.10397944112486857
Training Results:
r2: 0.9937
rmse: 0.0624
mae: 0.0462
Validation Results:
r2: 0.6647
rmse: 0.5012
mae: 0.3838
Test Results:
r2: 0.1040
rmse: 0.7101
mae: 0.4805
24/51
train r2: 0.9945787812471568, valid r2: 0.6612017187317663, test r2: 0.068977446460746
Training Results:
r2: 0.9946
rmse: 0.0580
mae: 0.0440
Validation Results:
r2: 0.6612
rmse: 0.5039
mae: 0.3923
Test Results:
r2: 0.0690
rmse: 0.7238
mae: 0.4899
25/51
train r2: 0.9966355922374363, valid r2: 0.6639032160845069, test r2: 0.1138915377018318
Training Results:
r2: 0.9966
rmse: 0.0457
mae: 0.0332
Validation Results:
r2: 0.6639
rmse: 0.5019
mae: 0.3893
Test Results:
r2: 0.1139
rmse: 0.7062
mae: 0.4763
26/51
train r2: 0.9971999547017406, valid r2: 0.6738655348432697, test r2: 0.10907411123434652
Training Results:
r2: 0.9972
rmse: 0.0415
mae: 0.0291
Validation Results:
r2: 0.6739
rmse: 0.4944
mae: 0.3829
Test Results:
r2: 0.1091
rmse: 0.7081
mae: 0.4805
27/51
train r2: 0.996680268432256, valid r2: 0.6671268848402272, test r2: 0.09133288880796409
Training Results:
r2: 0.9967
rmse: 0.0454
mae: 0.0349
Validation Results:
r2: 0.6671
rmse: 0.4994
mae: 0.3878
Test Results:
r2: 0.0913
rmse: 0.7151
mae: 0.4812
28/51
train r2: 0.9973998913844381, valid r2: 0.6643063428247736, test r2: 0.11332454109490675
Training Results:
r2: 0.9974
rmse: 0.0401
mae: 0.0301
Validation Results:
r2: 0.6643
rmse: 0.5016
mae: 0.3912
Test Results:
r2: 0.1133
rmse: 0.7064
mae: 0.4753
29/51
train r2: 0.9978017217151575, valid r2: 0.6664716208361003, test r2: 0.09506634294648397
Training Results:
r2: 0.9978
rmse: 0.0369
mae: 0.0282
Validation Results:
r2: 0.6665
rmse: 0.4999
mae: 0.3909
Test Results:
r2: 0.0951
rmse: 0.7136
mae: 0.4780
30/51
train r2: 0.9983597511963302, valid r2: 0.6639774497087245, test r2: 0.09921402268180302
Training Results:
r2: 0.9984
rmse: 0.0319
mae: 0.0229
Validation Results:
r2: 0.6640
rmse: 0.5018
mae: 0.3900
Test Results:
r2: 0.0992
rmse: 0.7120
mae: 0.4821
31/51
train r2: 0.9986172250126585, valid r2: 0.6659524051289639, test r2: 0.10007892342752733
Training Results:
r2: 0.9986
rmse: 0.0293
mae: 0.0205
Validation Results:
r2: 0.6660
rmse: 0.5003
mae: 0.3885
Test Results:
r2: 0.1001
rmse: 0.7116
mae: 0.4793
32/51
train r2: 0.9988745622090669, valid r2: 0.6652152152391555, test r2: 0.10050002888756249
Training Results:
r2: 0.9989
rmse: 0.0265
mae: 0.0180
Validation Results:
r2: 0.6652
rmse: 0.5009
mae: 0.3936
Test Results:
r2: 0.1005
rmse: 0.7115
mae: 0.4785
33/51
train r2: 0.9993123647850357, valid r2: 0.6665235317339948, test r2: 0.1016639817209648
Training Results:
r2: 0.9993
rmse: 0.0207
mae: 0.0124
Validation Results:
r2: 0.6665
rmse: 0.4999
mae: 0.3902
Test Results:
r2: 0.1017
rmse: 0.7110
mae: 0.4794
34/51
train r2: 0.9992486070116248, valid r2: 0.6715517661895799, test r2: 0.0987885609722583
Training Results:
r2: 0.9992
rmse: 0.0216
mae: 0.0140
Validation Results:
r2: 0.6716
rmse: 0.4961
mae: 0.3859
Test Results:
r2: 0.0988
rmse: 0.7122
mae: 0.4824
35/51
train r2: 0.9992534134597301, valid r2: 0.6722177171029767, test r2: 0.10866558340887811
Training Results:
r2: 0.9993
rmse: 0.0215
mae: 0.0132
Validation Results:
r2: 0.6722
rmse: 0.4956
mae: 0.3840
Test Results:
r2: 0.1087
rmse: 0.7082
mae: 0.4775
36/51
train r2: 0.9994907085611253, valid r2: 0.6687589627302792, test r2: 0.10101036344393544
Training Results:
r2: 0.9995
rmse: 0.0178
mae: 0.0106
Validation Results:
r2: 0.6688
rmse: 0.4982
mae: 0.3879
Test Results:
r2: 0.1010
rmse: 0.7113
mae: 0.4798
37/51
train r2: 0.9996168153410533, valid r2: 0.6697351303854715, test r2: 0.10412198270900785
Training Results:
r2: 0.9996
rmse: 0.0154
mae: 0.0093
Validation Results:
r2: 0.6697
rmse: 0.4975
mae: 0.3876
Test Results:
r2: 0.1041
rmse: 0.7100
mae: 0.4791
38/51
train r2: 0.9995588578050489, valid r2: 0.6706071061427613, test r2: 0.10561249649737758
Training Results:
r2: 0.9996
rmse: 0.0166
mae: 0.0095
Validation Results:
r2: 0.6706
rmse: 0.4968
mae: 0.3852
Test Results:
r2: 0.1056
rmse: 0.7095
mae: 0.4786
39/51
train r2: 0.9997039886239141, valid r2: 0.6672920688913497, test r2: 0.10453337174735022
Training Results:
r2: 0.9997
rmse: 0.0135
mae: 0.0073
Validation Results:
r2: 0.6673
rmse: 0.4993
mae: 0.3894
Test Results:
r2: 0.1045
rmse: 0.7099
mae: 0.4784
40/51
train r2: 0.9996940903963505, valid r2: 0.6708532159351308, test r2: 0.10003510654059511
Training Results:
r2: 0.9997
rmse: 0.0138
mae: 0.0085
Validation Results:
r2: 0.6709
rmse: 0.4966
mae: 0.3871
Test Results:
r2: 0.1000
rmse: 0.7117
mae: 0.4802
41/51
train r2: 0.9997648809669046, valid r2: 0.6680086492908128, test r2: 0.10558955700807537
Training Results:
r2: 0.9998
rmse: 0.0121
mae: 0.0059
Validation Results:
r2: 0.6680
rmse: 0.4988
mae: 0.3889
Test Results:
r2: 0.1056
rmse: 0.7095
mae: 0.4784
42/51
train r2: 0.9997452613700961, valid r2: 0.6676546682417069, test r2: 0.10696330061925252
Training Results:
r2: 0.9997
rmse: 0.0126
mae: 0.0075
Validation Results:
r2: 0.6677
rmse: 0.4990
mae: 0.3887
Test Results:
r2: 0.1070
rmse: 0.7089
mae: 0.4782
43/51
train r2: 0.9997652032379296, valid r2: 0.6691042732696567, test r2: 0.10003736640917493
Training Results:
r2: 0.9998
rmse: 0.0120
mae: 0.0068
Validation Results:
r2: 0.6691
rmse: 0.4980
mae: 0.3886
Test Results:
r2: 0.1000
rmse: 0.7117
mae: 0.4806
44/51
train r2: 0.9997845999565702, valid r2: 0.6694629701766486, test r2: 0.1050500177530671
Training Results:
r2: 0.9998
rmse: 0.0116
mae: 0.0057
Validation Results:
r2: 0.6695
rmse: 0.4977
mae: 0.3875
Test Results:
r2: 0.1051
rmse: 0.7097
mae: 0.4785
45/51
train r2: 0.9998219823352419, valid r2: 0.6676523559793595, test r2: 0.10300244155481275
Training Results:
r2: 0.9998
rmse: 0.0105
mae: 0.0044
Validation Results:
r2: 0.6677
rmse: 0.4990
mae: 0.3892
Test Results:
r2: 0.1030
rmse: 0.7105
mae: 0.4794
46/51
train r2: 0.9998254644080482, valid r2: 0.6683048323441338, test r2: 0.10460048375809927
Training Results:
r2: 0.9998
rmse: 0.0104
mae: 0.0045
Validation Results:
r2: 0.6683
rmse: 0.4986
mae: 0.3886
Test Results:
r2: 0.1046
rmse: 0.7099
mae: 0.4789
break!
train: 0.9972, val: 0.6739, test: 0.1091
end_test_result: (0.10907411123434652, 0.70808345079422, 0.48054152727127075)
args.seed: 2044
use label scaler
use label scaler
use label scaler
model have 90.143705M paramerters in total
train_dataset.mean: tensor([-6.2295]) train_dataset.std: tensor([0.7874])
1/51
train r2: 0.29888168800841797, valid r2: 0.3126084190137661, test r2: 0.19299272881507967
Training Results:
r2: 0.2989
rmse: 0.6584
mae: 0.5480
Validation Results:
r2: 0.3126
rmse: 0.7177
mae: 0.6058
Test Results:
r2: 0.1930
rmse: 0.6739
mae: 0.5907
2/51
train r2: 0.5912059389974516, valid r2: 0.5751127425747075, test r2: 0.09874461704491899
Training Results:
r2: 0.5912
rmse: 0.5033
mae: 0.4027
Validation Results:
r2: 0.5751
rmse: 0.5643
mae: 0.4626
Test Results:
r2: 0.0987
rmse: 0.7122
mae: 0.5885
3/51
train r2: 0.4725725635189506, valid r2: 0.4169474456911746, test r2: 0.1462276566865358
Training Results:
r2: 0.4726
rmse: 0.5729
mae: 0.4493
Validation Results:
r2: 0.4169
rmse: 0.6610
mae: 0.5414
Test Results:
r2: 0.1462
rmse: 0.6932
mae: 0.5156
4/51
train r2: 0.7314384000982785, valid r2: 0.5806924917801927, test r2: 0.10968654348720452
Training Results:
r2: 0.7314
rmse: 0.4083
mae: 0.3222
Validation Results:
r2: 0.5807
rmse: 0.5605
mae: 0.4653
Test Results:
r2: 0.1097
rmse: 0.7078
mae: 0.5470
5/51
train r2: 0.6073930531040904, valid r2: 0.3955439732449203, test r2: 0.006143879562537702
Training Results:
r2: 0.6074
rmse: 0.4936
mae: 0.3949
Validation Results:
r2: 0.3955
rmse: 0.6730
mae: 0.5775
Test Results:
r2: 0.0061
rmse: 0.7479
mae: 0.5387
6/51
train r2: 0.7771358223508111, valid r2: 0.5999647476177055, test r2: 0.13560403340725868
Training Results:
r2: 0.7771
rmse: 0.3718
mae: 0.2854
Validation Results:
r2: 0.6000
rmse: 0.5475
mae: 0.4341
Test Results:
r2: 0.1356
rmse: 0.6975
mae: 0.5092
7/51
train r2: 0.8203793537749842, valid r2: 0.6182494771853326, test r2: -0.027992970638648362
Training Results:
r2: 0.8204
rmse: 0.3337
mae: 0.2529
Validation Results:
r2: 0.6182
rmse: 0.5349
mae: 0.4055
Test Results:
r2: -0.0280
rmse: 0.7606
mae: 0.5592
8/51
train r2: 0.8464444641678146, valid r2: 0.6011665305902427, test r2: 0.015193053625572772
Training Results:
r2: 0.8464
rmse: 0.3087
mae: 0.2268
Validation Results:
r2: 0.6012
rmse: 0.5467
mae: 0.4211
Test Results:
r2: 0.0152
rmse: 0.7445
mae: 0.5339
9/51
train r2: 0.8649322123274301, valid r2: 0.6522489316537965, test r2: -0.05986490052621041
Training Results:
r2: 0.8649
rmse: 0.2893
mae: 0.2146
Validation Results:
r2: 0.6522
rmse: 0.5105
mae: 0.3936
Test Results:
r2: -0.0599
rmse: 0.7723
mae: 0.5807
10/51
train r2: 0.8996114230633913, valid r2: 0.6667150833375356, test r2: 0.07308354965229125
Training Results:
r2: 0.8996
rmse: 0.2490
mae: 0.1827
Validation Results:
r2: 0.6667
rmse: 0.4998
mae: 0.3845
Test Results:
r2: 0.0731
rmse: 0.7222
mae: 0.5117
11/51
train r2: 0.8922089517316268, valid r2: 0.5501313007750783, test r2: 0.03184650557277091
Training Results:
r2: 0.8922
rmse: 0.2590
mae: 0.1960
Validation Results:
r2: 0.5501
rmse: 0.5806
mae: 0.4637
Test Results:
r2: 0.0318
rmse: 0.7381
mae: 0.5169
12/51
train r2: 0.9143136380748107, valid r2: 0.6171499635261679, test r2: 0.1479338907236979
Training Results:
r2: 0.9143
rmse: 0.2295
mae: 0.1742
Validation Results:
r2: 0.6171
rmse: 0.5356
mae: 0.4263
Test Results:
r2: 0.1479
rmse: 0.6925
mae: 0.4836
13/51
train r2: 0.9248095227956061, valid r2: 0.6306064975154158, test r2: 0.15257461837302988
Training Results:
r2: 0.9248
rmse: 0.2162
mae: 0.1537
Validation Results:
r2: 0.6306
rmse: 0.5261
mae: 0.4107
Test Results:
r2: 0.1526
rmse: 0.6906
mae: 0.4921
14/51
train r2: 0.9461755478374684, valid r2: 0.6114454888480227, test r2: 0.12316284846019943
Training Results:
r2: 0.9462
rmse: 0.1832
mae: 0.1348
Validation Results:
r2: 0.6114
rmse: 0.5396
mae: 0.4209
Test Results:
r2: 0.1232
rmse: 0.7025
mae: 0.4907
15/51
train r2: 0.9391981621060305, valid r2: 0.6202183961266267, test r2: 0.13716303426614784
Training Results:
r2: 0.9392
rmse: 0.1944
mae: 0.1489
Validation Results:
r2: 0.6202
rmse: 0.5335
mae: 0.4152
Test Results:
r2: 0.1372
rmse: 0.6968
mae: 0.4893
16/51
train r2: 0.9368117856728091, valid r2: 0.5749391637027117, test r2: 0.14251070168364544
Training Results:
r2: 0.9368
rmse: 0.1977
mae: 0.1565
Validation Results:
r2: 0.5749
rmse: 0.5644
mae: 0.4545
Test Results:
r2: 0.1425
rmse: 0.6947
mae: 0.4869
17/51
train r2: 0.972728488604446, valid r2: 0.6557635269051287, test r2: 0.0898537435123764
Training Results:
r2: 0.9727
rmse: 0.1299
mae: 0.0969
Validation Results:
r2: 0.6558
rmse: 0.5079
mae: 0.3925
Test Results:
r2: 0.0899
rmse: 0.7157
mae: 0.4985
18/51
train r2: 0.9801859153590967, valid r2: 0.6866095952097713, test r2: 0.05954176486864371
Training Results:
r2: 0.9802
rmse: 0.1107
mae: 0.0833
Validation Results:
r2: 0.6866
rmse: 0.4846
mae: 0.3745
Test Results:
r2: 0.0595
rmse: 0.7275
mae: 0.5074
19/51
train r2: 0.9784526475456077, valid r2: 0.6863093786483677, test r2: 0.02646963068381991
Training Results:
r2: 0.9785
rmse: 0.1157
mae: 0.0889
Validation Results:
r2: 0.6863
rmse: 0.4848
mae: 0.3721
Test Results:
r2: 0.0265
rmse: 0.7402
mae: 0.5205
20/51
train r2: 0.9860992568949127, valid r2: 0.6667712051656156, test r2: 0.05664403551164432
Training Results:
r2: 0.9861
rmse: 0.0927
mae: 0.0672
Validation Results:
r2: 0.6668
rmse: 0.4997
mae: 0.3846
Test Results:
r2: 0.0566
rmse: 0.7286
mae: 0.5005
21/51
train r2: 0.9833997194065739, valid r2: 0.6715313078088196, test r2: 0.09753093059779272
Training Results:
r2: 0.9834
rmse: 0.1013
mae: 0.0751
Validation Results:
r2: 0.6715
rmse: 0.4961
mae: 0.3794
Test Results:
r2: 0.0975
rmse: 0.7127
mae: 0.5073
22/51
train r2: 0.9840200257273339, valid r2: 0.6662536794386996, test r2: 0.04858468865074528
Training Results:
r2: 0.9840
rmse: 0.0996
mae: 0.0778
Validation Results:
r2: 0.6663
rmse: 0.5001
mae: 0.3878
Test Results:
r2: 0.0486
rmse: 0.7317
mae: 0.5054
23/51
train r2: 0.9833861007163326, valid r2: 0.6671304222758643, test r2: 0.14081185670546303
Training Results:
r2: 0.9834
rmse: 0.1013
mae: 0.0781
Validation Results:
r2: 0.6671
rmse: 0.4994
mae: 0.3890
Test Results:
r2: 0.1408
rmse: 0.6954
mae: 0.4834
24/51
train r2: 0.980632903771527, valid r2: 0.6716167912216393, test r2: 0.003331081074816833
Training Results:
r2: 0.9806
rmse: 0.1093
mae: 0.0925
Validation Results:
r2: 0.6716
rmse: 0.4961
mae: 0.3779
Test Results:
r2: 0.0033
rmse: 0.7489
mae: 0.5368
25/51
train r2: 0.9941054571492398, valid r2: 0.6614279057568313, test r2: 0.07979212732988061
Training Results:
r2: 0.9941
rmse: 0.0605
mae: 0.0446
Validation Results:
r2: 0.6614
rmse: 0.5037
mae: 0.3970
Test Results:
r2: 0.0798
rmse: 0.7196
mae: 0.5074
26/51
train r2: 0.9955204655374474, valid r2: 0.6687271816917426, test r2: 0.10269690428825151
Training Results:
r2: 0.9955
rmse: 0.0527
mae: 0.0386
Validation Results:
r2: 0.6687
rmse: 0.4982
mae: 0.3883
Test Results:
r2: 0.1027
rmse: 0.7106
mae: 0.4960
27/51
train r2: 0.9967071092749792, valid r2: 0.673802997144403, test r2: 0.09120093669066376
Training Results:
r2: 0.9967
rmse: 0.0451
mae: 0.0305
Validation Results:
r2: 0.6738
rmse: 0.4944
mae: 0.3840
Test Results:
r2: 0.0912
rmse: 0.7152
mae: 0.4961
28/51
train r2: 0.9969715435054456, valid r2: 0.6547621042882668, test r2: 0.08665544953867432
Training Results:
r2: 0.9970
rmse: 0.0433
mae: 0.0290
Validation Results:
r2: 0.6548
rmse: 0.5086
mae: 0.4002
Test Results:
r2: 0.0867
rmse: 0.7169
mae: 0.4992
29/51
train r2: 0.9978038628865012, valid r2: 0.6596169020320252, test r2: 0.09293968820121068
Training Results:
r2: 0.9978
rmse: 0.0369
mae: 0.0260
Validation Results:
r2: 0.6596
rmse: 0.5050
mae: 0.3985
Test Results:
r2: 0.0929
rmse: 0.7145
mae: 0.4959
30/51
train r2: 0.9980487317347891, valid r2: 0.6708697344933572, test r2: 0.07412599768839623
Training Results:
r2: 0.9980
rmse: 0.0347
mae: 0.0232
Validation Results:
r2: 0.6709
rmse: 0.4966
mae: 0.3869
Test Results:
r2: 0.0741
rmse: 0.7218
mae: 0.5034
31/51
train r2: 0.9983025559114147, valid r2: 0.6678136371803378, test r2: 0.0812548150621153
Training Results:
r2: 0.9983
rmse: 0.0325
mae: 0.0200
Validation Results:
r2: 0.6678
rmse: 0.4989
mae: 0.3894
Test Results:
r2: 0.0813
rmse: 0.7191
mae: 0.4997
32/51
train r2: 0.9986129109763088, valid r2: 0.661360460115682, test r2: 0.07574478685925079
Training Results:
r2: 0.9986
rmse: 0.0293
mae: 0.0192
Validation Results:
r2: 0.6614
rmse: 0.5038
mae: 0.3951
Test Results:
r2: 0.0757
rmse: 0.7212
mae: 0.5009
33/51
train r2: 0.9985937141255905, valid r2: 0.6677566958093513, test r2: 0.09088552186413101
Training Results:
r2: 0.9986
rmse: 0.0295
mae: 0.0203
Validation Results:
r2: 0.6678
rmse: 0.4990
mae: 0.3904
Test Results:
r2: 0.0909
rmse: 0.7153
mae: 0.4969
34/51
train r2: 0.9990142122003284, valid r2: 0.6628296949140209, test r2: 0.0712810769102451
Training Results:
r2: 0.9990
rmse: 0.0247
mae: 0.0164
Validation Results:
r2: 0.6628
rmse: 0.5027
mae: 0.3926
Test Results:
r2: 0.0713
rmse: 0.7229
mae: 0.5051
35/51
train r2: 0.9991052424704763, valid r2: 0.6672903989977754, test r2: 0.074380328712919
Training Results:
r2: 0.9991
rmse: 0.0236
mae: 0.0158
Validation Results:
r2: 0.6673
rmse: 0.4993
mae: 0.3901
Test Results:
r2: 0.0744
rmse: 0.7217
mae: 0.5026
36/51
train r2: 0.9993883894278697, valid r2: 0.6674420656626798, test r2: 0.0808026848407567
Training Results:
r2: 0.9994
rmse: 0.0195
mae: 0.0111
Validation Results:
r2: 0.6674
rmse: 0.4992
mae: 0.3894
Test Results:
r2: 0.0808
rmse: 0.7192
mae: 0.5012
37/51
train r2: 0.9994062447465477, valid r2: 0.6664880953031209, test r2: 0.0908919460989338
Training Results:
r2: 0.9994
rmse: 0.0192
mae: 0.0115
Validation Results:
r2: 0.6665
rmse: 0.4999
mae: 0.3899
Test Results:
r2: 0.0909
rmse: 0.7153
mae: 0.4969
38/51
train r2: 0.9994549438822051, valid r2: 0.668663394109932, test r2: 0.08404933717426821
Training Results:
r2: 0.9995
rmse: 0.0184
mae: 0.0105
Validation Results:
r2: 0.6687
rmse: 0.4983
mae: 0.3876
Test Results:
r2: 0.0840
rmse: 0.7180
mae: 0.4990
break!
train: 0.9802, val: 0.6866, test: 0.0595
end_test_result: (0.05954176486864371, 0.7275007367134094, 0.5073888301849365)
args.seed: 2054
use label scaler
use label scaler
use label scaler
model have 90.143705M paramerters in total
train_dataset.mean: tensor([-6.2295]) train_dataset.std: tensor([0.7874])
1/51
train r2: 0.2951606594733349, valid r2: 0.253427258138085, test r2: -0.051617362703039404
Training Results:
r2: 0.2952
rmse: 0.6611
mae: 0.5611
Validation Results:
r2: 0.2534
rmse: 0.7480
mae: 0.6289
Test Results:
r2: -0.0516
rmse: 0.7693
mae: 0.6737
2/51
train r2: 0.4750036573492037, valid r2: 0.42322687278079973, test r2: -0.3326997187036884
Training Results:
r2: 0.4750
rmse: 0.5716
mae: 0.4557
Validation Results:
r2: 0.4232
rmse: 0.6574
mae: 0.5246
Test Results:
r2: -0.3327
rmse: 0.8660
mae: 0.7359
3/51
train r2: 0.6948127019184303, valid r2: 0.5727687830842276, test r2: 0.07455894771331584
Training Results:
r2: 0.6948
rmse: 0.4338
mae: 0.3419
Validation Results:
r2: 0.5728
rmse: 0.5658
mae: 0.4593
Test Results:
r2: 0.0746
rmse: 0.7217
mae: 0.5414
4/51
train r2: 0.6199398921392154, valid r2: 0.49510464260886744, test r2: -0.30065998805715877
Training Results:
r2: 0.6199
rmse: 0.4848
mae: 0.3910
Validation Results:
r2: 0.4951
rmse: 0.6151
mae: 0.5111
Test Results:
r2: -0.3007
rmse: 0.8556
mae: 0.7034
5/51
train r2: 0.6631111258719372, valid r2: 0.43913018744753807, test r2: -0.01564151925672741
Training Results:
r2: 0.6631
rmse: 0.4573
mae: 0.3666
Validation Results:
r2: 0.4391
rmse: 0.6483
mae: 0.5299
Test Results:
r2: -0.0156
rmse: 0.7560
mae: 0.5473
6/51
train r2: 0.8253489854097278, valid r2: 0.5975348863765221, test r2: -0.06282032187637165
Training Results:
r2: 0.8253
rmse: 0.3288
mae: 0.2511
Validation Results:
r2: 0.5975
rmse: 0.5492
mae: 0.4333
Test Results:
r2: -0.0628
rmse: 0.7734
mae: 0.5622
7/51
train r2: 0.8349751442617975, valid r2: 0.653865337811359, test r2: 0.028060104810466058
Training Results:
r2: 0.8350
rmse: 0.3202
mae: 0.2361
Validation Results:
r2: 0.6539
rmse: 0.5093
mae: 0.3912
Test Results:
r2: 0.0281
rmse: 0.7396
mae: 0.5057
8/51
train r2: 0.8300876488677259, valid r2: 0.6397321359454189, test r2: -0.11573145909024429
Training Results:
r2: 0.8301
rmse: 0.3246
mae: 0.2426
Validation Results:
r2: 0.6397
rmse: 0.5196
mae: 0.4054
Test Results:
r2: -0.1157
rmse: 0.7924
mae: 0.5700
9/51
train r2: 0.8877416693614518, valid r2: 0.6271781094983037, test r2: 0.08361663036796707
Training Results:
r2: 0.8877
rmse: 0.2635
mae: 0.2010
Validation Results:
r2: 0.6272
rmse: 0.5286
mae: 0.4245
Test Results:
r2: 0.0836
rmse: 0.7181
mae: 0.4969
10/51
train r2: 0.8707335397629521, valid r2: 0.5394100776504436, test r2: 0.21440222476379578
Training Results:
r2: 0.8707
rmse: 0.2827
mae: 0.2246
Validation Results:
r2: 0.5394
rmse: 0.5875
mae: 0.4723
Test Results:
r2: 0.2144
rmse: 0.6649
mae: 0.4635
11/51
train r2: 0.9194886124274206, valid r2: 0.6140503158322954, test r2: 0.177319971312227
Training Results:
r2: 0.9195
rmse: 0.2240
mae: 0.1704
Validation Results:
r2: 0.6141
rmse: 0.5378
mae: 0.4176
Test Results:
r2: 0.1773
rmse: 0.6804
mae: 0.4766
12/51
train r2: 0.9149224656244981, valid r2: 0.63777220699757, test r2: 0.05644414448616841
Training Results:
r2: 0.9149
rmse: 0.2295
mae: 0.1730
Validation Results:
r2: 0.6378
rmse: 0.5210
mae: 0.3929
Test Results:
r2: 0.0564
rmse: 0.7287
mae: 0.5183
13/51
train r2: 0.9524300398825284, valid r2: 0.6259144672116281, test r2: 0.08039239073126137
Training Results:
r2: 0.9524
rmse: 0.1717
mae: 0.1300
Validation Results:
r2: 0.6259
rmse: 0.5295
mae: 0.4099
Test Results:
r2: 0.0804
rmse: 0.7194
mae: 0.4963
14/51
train r2: 0.9343628944827644, valid r2: 0.601025584065981, test r2: 0.2492042427517147
Training Results:
r2: 0.9344
rmse: 0.2017
mae: 0.1594
Validation Results:
r2: 0.6010
rmse: 0.5468
mae: 0.4163
Test Results:
r2: 0.2492
rmse: 0.6500
mae: 0.4550
15/51
train r2: 0.9722837190433771, valid r2: 0.6253145871351324, test r2: 0.08479374837833364
Training Results:
r2: 0.9723
rmse: 0.1310
mae: 0.0967
Validation Results:
r2: 0.6253
rmse: 0.5299
mae: 0.4053
Test Results:
r2: 0.0848
rmse: 0.7177
mae: 0.4873
16/51
train r2: 0.9718267228693724, valid r2: 0.6619107298229985, test r2: 0.07948887606733679
Training Results:
r2: 0.9718
rmse: 0.1319
mae: 0.0982
Validation Results:
r2: 0.6619
rmse: 0.5033
mae: 0.3716
Test Results:
r2: 0.0795
rmse: 0.7197
mae: 0.5104
17/51
train r2: 0.9727981247644464, valid r2: 0.6596009135901115, test r2: 0.18450992699837632
Training Results:
r2: 0.9728
rmse: 0.1295
mae: 0.0912
Validation Results:
r2: 0.6596
rmse: 0.5051
mae: 0.3827
Test Results:
r2: 0.1845
rmse: 0.6774
mae: 0.4635
18/51
train r2: 0.9759177926639291, valid r2: 0.6422672704247958, test r2: 0.1486256357832666
Training Results:
r2: 0.9759
rmse: 0.1217
mae: 0.0889
Validation Results:
r2: 0.6423
rmse: 0.5178
mae: 0.3845
Test Results:
r2: 0.1486
rmse: 0.6922
mae: 0.4720
19/51
train r2: 0.9868121735023279, valid r2: 0.6513877933663916, test r2: 0.15548354991564028
Training Results:
r2: 0.9868
rmse: 0.0903
mae: 0.0658
Validation Results:
r2: 0.6514
rmse: 0.5111
mae: 0.3853
Test Results:
r2: 0.1555
rmse: 0.6894
mae: 0.4722
20/51
train r2: 0.9824889046637075, valid r2: 0.685233079109609, test r2: 0.1598475090242829
Training Results:
r2: 0.9825
rmse: 0.1039
mae: 0.0780
Validation Results:
r2: 0.6852
rmse: 0.4857
mae: 0.3603
Test Results:
r2: 0.1598
rmse: 0.6876
mae: 0.4731
21/51
train r2: 0.989247970079932, valid r2: 0.6623954482427259, test r2: 0.09295845368687128
Training Results:
r2: 0.9892
rmse: 0.0818
mae: 0.0607
Validation Results:
r2: 0.6624
rmse: 0.5030
mae: 0.3754
Test Results:
r2: 0.0930
rmse: 0.7145
mae: 0.4946
22/51
train r2: 0.9910395200291862, valid r2: 0.6446667417844321, test r2: 0.1511069407697726
Training Results:
r2: 0.9910
rmse: 0.0745
mae: 0.0557
Validation Results:
r2: 0.6447
rmse: 0.5160
mae: 0.3862
Test Results:
r2: 0.1511
rmse: 0.6912
mae: 0.4777
23/51
train r2: 0.9923931364784645, valid r2: 0.6402680858444796, test r2: 0.12920504573589342
Training Results:
r2: 0.9924
rmse: 0.0684
mae: 0.0491
Validation Results:
r2: 0.6403
rmse: 0.5192
mae: 0.3950
Test Results:
r2: 0.1292
rmse: 0.7000
mae: 0.4699
24/51
train r2: 0.9940938782675965, valid r2: 0.6417441544288823, test r2: 0.10945260754231245
Training Results:
r2: 0.9941
rmse: 0.0606
mae: 0.0436
Validation Results:
r2: 0.6417
rmse: 0.5181
mae: 0.3893
Test Results:
r2: 0.1095
rmse: 0.7079
mae: 0.4815
25/51
train r2: 0.9953991920427466, valid r2: 0.6663795867354416, test r2: 0.13311460384740403
Training Results:
r2: 0.9954
rmse: 0.0533
mae: 0.0402
Validation Results:
r2: 0.6664
rmse: 0.5000
mae: 0.3683
Test Results:
r2: 0.1331
rmse: 0.6985
mae: 0.4818
26/51
train r2: 0.9964822334820543, valid r2: 0.6681995621962602, test r2: 0.13312413424705227
Training Results:
r2: 0.9965
rmse: 0.0467
mae: 0.0319
Validation Results:
r2: 0.6682
rmse: 0.4986
mae: 0.3702
Test Results:
r2: 0.1331
rmse: 0.6985
mae: 0.4797
27/51
train r2: 0.9973013849429455, valid r2: 0.6650436345270505, test r2: 0.1340257645162206
Training Results:
r2: 0.9973
rmse: 0.0409
mae: 0.0288
Validation Results:
r2: 0.6650
rmse: 0.5010
mae: 0.3756
Test Results:
r2: 0.1340
rmse: 0.6981
mae: 0.4820
28/51
train r2: 0.9978470963291025, valid r2: 0.6633336602935018, test r2: 0.11711960610148231
Training Results:
r2: 0.9978
rmse: 0.0366
mae: 0.0239
Validation Results:
r2: 0.6633
rmse: 0.5023
mae: 0.3785
Test Results:
r2: 0.1171
rmse: 0.7049
mae: 0.4858
29/51
train r2: 0.9979843791291381, valid r2: 0.6648281669406466, test r2: 0.12914228460420774
Training Results:
r2: 0.9980
rmse: 0.0354
mae: 0.0235
Validation Results:
r2: 0.6648
rmse: 0.5012
mae: 0.3742
Test Results:
r2: 0.1291
rmse: 0.7001
mae: 0.4784
30/51
train r2: 0.9981107226665019, valid r2: 0.6490553277921668, test r2: 0.1357412454817173
Training Results:
r2: 0.9981
rmse: 0.0342
mae: 0.0242
Validation Results:
r2: 0.6491
rmse: 0.5128
mae: 0.3891
Test Results:
r2: 0.1357
rmse: 0.6974
mae: 0.4760
31/51
train r2: 0.9982060308996712, valid r2: 0.6485919565202695, test r2: 0.14369615716534778
Training Results:
r2: 0.9982
rmse: 0.0333
mae: 0.0236
Validation Results:
r2: 0.6486
rmse: 0.5132
mae: 0.3915
Test Results:
r2: 0.1437
rmse: 0.6942
mae: 0.4750
32/51
train r2: 0.9987783036662579, valid r2: 0.651494830728175, test r2: 0.1212649780860312
Training Results:
r2: 0.9988
rmse: 0.0276
mae: 0.0161
Validation Results:
r2: 0.6515
rmse: 0.5110
mae: 0.3871
Test Results:
r2: 0.1213
rmse: 0.7032
mae: 0.4833
33/51
train r2: 0.99869528838532, valid r2: 0.6608990006644804, test r2: 0.11936034801633166
Training Results:
r2: 0.9987
rmse: 0.0284
mae: 0.0184
Validation Results:
r2: 0.6609
rmse: 0.5041
mae: 0.3764
Test Results:
r2: 0.1194
rmse: 0.7040
mae: 0.4846
34/51
train r2: 0.998847456982499, valid r2: 0.6556362092829762, test r2: 0.11401005973734157
Training Results:
r2: 0.9988
rmse: 0.0267
mae: 0.0189
Validation Results:
r2: 0.6556
rmse: 0.5080
mae: 0.3815
Test Results:
r2: 0.1140
rmse: 0.7061
mae: 0.4868
35/51
train r2: 0.9991634729584387, valid r2: 0.6538476714493645, test r2: 0.12010993715660268
Training Results:
r2: 0.9992
rmse: 0.0227
mae: 0.0143
Validation Results:
r2: 0.6538
rmse: 0.5093
mae: 0.3833
Test Results:
r2: 0.1201
rmse: 0.7037
mae: 0.4842
36/51
train r2: 0.9993471090832754, valid r2: 0.658239528858743, test r2: 0.12338825319977531
Training Results:
r2: 0.9993
rmse: 0.0201
mae: 0.0113
Validation Results:
r2: 0.6582
rmse: 0.5061
mae: 0.3785
Test Results:
r2: 0.1234
rmse: 0.7024
mae: 0.4833
37/51
train r2: 0.9993374012824807, valid r2: 0.6521197816968464, test r2: 0.11957291024364392
Training Results:
r2: 0.9993
rmse: 0.0203
mae: 0.0117
Validation Results:
r2: 0.6521
rmse: 0.5106
mae: 0.3853
Test Results:
r2: 0.1196
rmse: 0.7039
mae: 0.4845
38/51
train r2: 0.9993857575762858, valid r2: 0.6551524288576485, test r2: 0.1298123151735091
Training Results:
r2: 0.9994
rmse: 0.0195
mae: 0.0119
Validation Results:
r2: 0.6552
rmse: 0.5083
mae: 0.3817
Test Results:
r2: 0.1298
rmse: 0.6998
mae: 0.4813
39/51
train r2: 0.9994992761244318, valid r2: 0.6567885884865267, test r2: 0.12214280233222996
Training Results:
r2: 0.9995
rmse: 0.0176
mae: 0.0088
Validation Results:
r2: 0.6568
rmse: 0.5071
mae: 0.3797
Test Results:
r2: 0.1221
rmse: 0.7029
mae: 0.4839
40/51
train r2: 0.999535278764722, valid r2: 0.654225962376225, test r2: 0.12631200073605764
Training Results:
r2: 0.9995
rmse: 0.0170
mae: 0.0089
Validation Results:
r2: 0.6542
rmse: 0.5090
mae: 0.3837
Test Results:
r2: 0.1263
rmse: 0.7012
mae: 0.4821
break!
train: 0.9825, val: 0.6852, test: 0.1598
end_test_result: (0.1598475090242829, 0.687610924243927, 0.47306111454963684)
args.seed: 2064
use label scaler
use label scaler
use label scaler
model have 90.143705M paramerters in total
train_dataset.mean: tensor([-6.2295]) train_dataset.std: tensor([0.7874])
1/51
train r2: 0.2518842893115113, valid r2: 0.30741814171188797, test r2: 0.1752946583990863
Training Results:
r2: 0.2519
rmse: 0.6816
mae: 0.5794
Validation Results:
r2: 0.3074
rmse: 0.7204
mae: 0.6083
Test Results:
r2: 0.1753
rmse: 0.6813
mae: 0.5975
2/51
train r2: 0.5651910683649246, valid r2: 0.5372209285824292, test r2: 0.2387316739748674
Training Results:
r2: 0.5652
rmse: 0.5159
mae: 0.4096
Validation Results:
r2: 0.5372
rmse: 0.5889
mae: 0.4796
Test Results:
r2: 0.2387
rmse: 0.6545
mae: 0.5351
3/51
train r2: 0.7135621242743901, valid r2: 0.6733361414804986, test r2: 0.08091382089702448
Training Results:
r2: 0.7136
rmse: 0.4209
mae: 0.3300
Validation Results:
r2: 0.6733
rmse: 0.4948
mae: 0.4009
Test Results:
r2: 0.0809
rmse: 0.7192
mae: 0.5489
4/51
train r2: 0.6986192819113353, valid r2: 0.6159135925607635, test r2: -0.0885070813539115
Training Results:
r2: 0.6986
rmse: 0.4300
mae: 0.3310
Validation Results:
r2: 0.6159
rmse: 0.5365
mae: 0.4357
Test Results:
r2: -0.0885
rmse: 0.7827
mae: 0.6205
5/51
train r2: 0.76944402459729, valid r2: 0.5763022700062488, test r2: 0.10097709969559132
Training Results:
r2: 0.7694
rmse: 0.3775
mae: 0.2890
Validation Results:
r2: 0.5763
rmse: 0.5635
mae: 0.4551
Test Results:
r2: 0.1010
rmse: 0.7113
mae: 0.5059
6/51
train r2: 0.7945674892367774, valid r2: 0.6077883814228191, test r2: 0.019458536897131062
Training Results:
r2: 0.7946
rmse: 0.3574
mae: 0.2720
Validation Results:
r2: 0.6078
rmse: 0.5421
mae: 0.4391
Test Results:
r2: 0.0195
rmse: 0.7428
mae: 0.5650
7/51
train r2: 0.8197792911581966, valid r2: 0.6190353549293257, test r2: 0.19256377363910226
Training Results:
r2: 0.8198
rmse: 0.3339
mae: 0.2605
Validation Results:
r2: 0.6190
rmse: 0.5343
mae: 0.4292
Test Results:
r2: 0.1926
rmse: 0.6741
mae: 0.4819
8/51
train r2: 0.7799059281832021, valid r2: 0.4778000303115617, test r2: -0.31090427994729253
Training Results:
r2: 0.7799
rmse: 0.3698
mae: 0.2919
Validation Results:
r2: 0.4778
rmse: 0.6256
mae: 0.4796
Test Results:
r2: -0.3109
rmse: 0.8589
mae: 0.6424
9/51
train r2: 0.8847700356407007, valid r2: 0.6289166925592145, test r2: 0.027255912583279862
Training Results:
r2: 0.8848
rmse: 0.2680
mae: 0.2009
Validation Results:
r2: 0.6289
rmse: 0.5273
mae: 0.4146
Test Results:
r2: 0.0273
rmse: 0.7399
mae: 0.5056
10/51
train r2: 0.8751356723299736, valid r2: 0.6655681643274842, test r2: 0.008312524451013159
Training Results:
r2: 0.8751
rmse: 0.2782
mae: 0.2144
Validation Results:
r2: 0.6656
rmse: 0.5006
mae: 0.3902
Test Results:
r2: 0.0083
rmse: 0.7471
mae: 0.5346
11/51
train r2: 0.8963965373812719, valid r2: 0.7236718487989318, test r2: 0.06373431978828081
Training Results:
r2: 0.8964
rmse: 0.2536
mae: 0.1870
Validation Results:
r2: 0.7237
rmse: 0.4551
mae: 0.3438
Test Results:
r2: 0.0637
rmse: 0.7259
mae: 0.5347
12/51
train r2: 0.902630581625389, valid r2: 0.682362040784933, test r2: 0.002104509191594439
Training Results:
r2: 0.9026
rmse: 0.2457
mae: 0.1806
Validation Results:
r2: 0.6824
rmse: 0.4879
mae: 0.3839
Test Results:
r2: 0.0021
rmse: 0.7494
mae: 0.5179
13/51
train r2: 0.9270029571175542, valid r2: 0.6657201921963618, test r2: 0.1517045646301476
Training Results:
r2: 0.9270
rmse: 0.2123
mae: 0.1568
Validation Results:
r2: 0.6657
rmse: 0.5005
mae: 0.3915
Test Results:
r2: 0.1517
rmse: 0.6909
mae: 0.4813
14/51
train r2: 0.9211822692647037, valid r2: 0.5904540780299452, test r2: 0.10900808627735348
Training Results:
r2: 0.9212
rmse: 0.2214
mae: 0.1760
Validation Results:
r2: 0.5905
rmse: 0.5540
mae: 0.4563
Test Results:
r2: 0.1090
rmse: 0.7081
mae: 0.4905
15/51
train r2: 0.9578366868207665, valid r2: 0.6839973256572383, test r2: -0.00181550480679471
Training Results:
r2: 0.9578
rmse: 0.1613
mae: 0.1185
Validation Results:
r2: 0.6840
rmse: 0.4866
mae: 0.3729
Test Results:
r2: -0.0018
rmse: 0.7509
mae: 0.5307
16/51
train r2: 0.9711913198122499, valid r2: 0.6692817393334558, test r2: 0.053659074798040884
Training Results:
r2: 0.9712
rmse: 0.1340
mae: 0.1007
Validation Results:
r2: 0.6693
rmse: 0.4978
mae: 0.3892
Test Results:
r2: 0.0537
rmse: 0.7298
mae: 0.5126
17/51
train r2: 0.9789571382111545, valid r2: 0.7038944278136698, test r2: 0.1122390865424241
Training Results:
r2: 0.9790
rmse: 0.1140
mae: 0.0864
Validation Results:
r2: 0.7039
rmse: 0.4711
mae: 0.3641
Test Results:
r2: 0.1122
rmse: 0.7068
mae: 0.4993
18/51
train r2: 0.9849615229113214, valid r2: 0.7105098664154632, test r2: -0.014687085597850258
Training Results:
r2: 0.9850
rmse: 0.0968
mae: 0.0726
Validation Results:
r2: 0.7105
rmse: 0.4658
mae: 0.3556
Test Results:
r2: -0.0147
rmse: 0.7557
mae: 0.5482
19/51
train r2: 0.9856692570150801, valid r2: 0.6774590571462086, test r2: 0.0595909871814696
Training Results:
r2: 0.9857
rmse: 0.0941
mae: 0.0677
Validation Results:
r2: 0.6775
rmse: 0.4916
mae: 0.3795
Test Results:
r2: 0.0596
rmse: 0.7275
mae: 0.5090
20/51
train r2: 0.989550576043797, valid r2: 0.6886794383223431, test r2: 0.04498801265081287
Training Results:
r2: 0.9896
rmse: 0.0807
mae: 0.0591
Validation Results:
r2: 0.6887
rmse: 0.4830
mae: 0.3691
Test Results:
r2: 0.0450
rmse: 0.7331
mae: 0.5100
21/51
train r2: 0.9908753341187699, valid r2: 0.6879460660602379, test r2: 0.03677948485187943
Training Results:
r2: 0.9909
rmse: 0.0753
mae: 0.0545
Validation Results:
r2: 0.6879
rmse: 0.4836
mae: 0.3690
Test Results:
r2: 0.0368
rmse: 0.7363
mae: 0.5151
22/51
train r2: 0.9868457863616483, valid r2: 0.7087483511668664, test r2: -0.005176735123661569
Training Results:
r2: 0.9868
rmse: 0.0902
mae: 0.0694
Validation Results:
r2: 0.7087
rmse: 0.4672
mae: 0.3565
Test Results:
r2: -0.0052
rmse: 0.7521
mae: 0.5399
23/51
train r2: 0.9939173604004726, valid r2: 0.700495296254333, test r2: 0.04960207629662172
Training Results:
r2: 0.9939
rmse: 0.0616
mae: 0.0463
Validation Results:
r2: 0.7005
rmse: 0.4737
mae: 0.3598
Test Results:
r2: 0.0496
rmse: 0.7313
mae: 0.5123
24/51
train r2: 0.9948348370410126, valid r2: 0.6706663606034422, test r2: 0.05470436522054756
Training Results:
r2: 0.9948
rmse: 0.0567
mae: 0.0427
Validation Results:
r2: 0.6707
rmse: 0.4968
mae: 0.3855
Test Results:
r2: 0.0547
rmse: 0.7294
mae: 0.5170
25/51
train r2: 0.990811973337541, valid r2: 0.6729266101935671, test r2: 0.09948849475822119
Training Results:
r2: 0.9908
rmse: 0.0755
mae: 0.0621
Validation Results:
r2: 0.6729
rmse: 0.4951
mae: 0.3832
Test Results:
r2: 0.0995
rmse: 0.7119
mae: 0.4917
26/51
train r2: 0.9953582819708405, valid r2: 0.6938526477301177, test r2: 0.05917234259878479
Training Results:
r2: 0.9954
rmse: 0.0537
mae: 0.0396
Validation Results:
r2: 0.6939
rmse: 0.4790
mae: 0.3650
Test Results:
r2: 0.0592
rmse: 0.7276
mae: 0.5023
27/51
train r2: 0.9956078125610744, valid r2: 0.6955869253730089, test r2: 0.037197382114472655
Training Results:
r2: 0.9956
rmse: 0.0522
mae: 0.0375
Validation Results:
r2: 0.6956
rmse: 0.4776
mae: 0.3703
Test Results:
r2: 0.0372
rmse: 0.7361
mae: 0.5159
28/51
train r2: 0.9968054626994916, valid r2: 0.688385245409876, test r2: 0.05502419456766916
Training Results:
r2: 0.9968
rmse: 0.0446
mae: 0.0323
Validation Results:
r2: 0.6884
rmse: 0.4832
mae: 0.3678
Test Results:
r2: 0.0550
rmse: 0.7292
mae: 0.5044
29/51
train r2: 0.997475956963523, valid r2: 0.699486422023743, test r2: 0.0496165611434668
Training Results:
r2: 0.9975
rmse: 0.0396
mae: 0.0282
Validation Results:
r2: 0.6995
rmse: 0.4745
mae: 0.3595
Test Results:
r2: 0.0496
rmse: 0.7313
mae: 0.5082
30/51
train r2: 0.997533966578444, valid r2: 0.6901872142511032, test r2: 0.02093714333095964
Training Results:
r2: 0.9975
rmse: 0.0392
mae: 0.0266
Validation Results:
r2: 0.6902
rmse: 0.4818
mae: 0.3683
Test Results:
r2: 0.0209
rmse: 0.7423
mae: 0.5261
31/51
train r2: 0.9986323240636769, valid r2: 0.6936043134566896, test r2: 0.04060052705806749
Training Results:
r2: 0.9986
rmse: 0.0290
mae: 0.0201
Validation Results:
r2: 0.6936
rmse: 0.4792
mae: 0.3646
Test Results:
r2: 0.0406
rmse: 0.7348
mae: 0.5150
break!
train: 0.8964, val: 0.7237, test: 0.0637
end_test_result: (0.06373431978828081, 0.7258772850036621, 0.5346858501434326)
Time used on CycPept_Caco2: 0:30:57
Current seed: 2054, current split method: Perimeter, current task: CycPept_Caco2
Namespace(seed=2024, times=5, n_epochs=50, config='base', model_path='../models/pretrained/base/base.pth', dataset='CycPept_Caco2', data_path='../datasets/', dataset_type='regression', use_scaler=True, metric=['r2', 'rmse', 'mae'], split='Perimeter_2054', weight_decay=0.0, dropout=0.0, lr=3e-05, n_threads=8)
args.seed: 2024
use label scaler
use label scaler
use label scaler
model have 90.143705M paramerters in total
train_dataset.mean: tensor([-6.2381]) train_dataset.std: tensor([0.8066])
1/51
train r2: 0.2980018969677365, valid r2: 0.16152683416364466, test r2: 0.040888346178680535
Training Results:
r2: 0.2980
rmse: 0.6766
mae: 0.5705
Validation Results:
r2: 0.1615
rmse: 0.7054
mae: 0.6032
Test Results:
r2: 0.0409
rmse: 0.6333
mae: 0.5396
2/51
train r2: 0.5678859213200602, valid r2: 0.3140743014307755, test r2: 0.024218708650546983
Training Results:
r2: 0.5679
rmse: 0.5304
mae: 0.4140
Validation Results:
r2: 0.3141
rmse: 0.6380
mae: 0.5207
Test Results:
r2: 0.0242
rmse: 0.6387
mae: 0.4890
3/51
train r2: 0.6859386165533823, valid r2: 0.4599520137408758, test r2: -0.3089067126673988
Training Results:
r2: 0.6859
rmse: 0.4522
mae: 0.3517
Validation Results:
r2: 0.4600
rmse: 0.5661
mae: 0.4413
Test Results:
r2: -0.3089
rmse: 0.7398
mae: 0.5263
4/51
train r2: 0.7330650621099126, valid r2: 0.513314614026408, test r2: -0.2622649451243073
Training Results:
r2: 0.7331
rmse: 0.4170
mae: 0.3229
Validation Results:
r2: 0.5133
rmse: 0.5374
mae: 0.4348
Test Results:
r2: -0.2623
rmse: 0.7265
mae: 0.5191
5/51
train r2: 0.7940105611102761, valid r2: 0.5004731375349936, test r2: -0.3941336466556824
Training Results:
r2: 0.7940
rmse: 0.3660
mae: 0.2797
Validation Results:
r2: 0.5005
rmse: 0.5445
mae: 0.4286
Test Results:
r2: -0.3941
rmse: 0.7635
mae: 0.5776
6/51
train r2: 0.8178321932290845, valid r2: 0.4442164547622809, test r2: -0.17150937960037416
Training Results:
r2: 0.8178
rmse: 0.3443
mae: 0.2574
Validation Results:
r2: 0.4442
rmse: 0.5743
mae: 0.4442
Test Results:
r2: -0.1715
rmse: 0.6999
mae: 0.5087
7/51
train r2: 0.8259161776415498, valid r2: 0.47198272306303535, test r2: 0.009578510137981056
Training Results:
r2: 0.8259
rmse: 0.3365
mae: 0.2518
Validation Results:
r2: 0.4720
rmse: 0.5598
mae: 0.4458
Test Results:
r2: 0.0096
rmse: 0.6435
mae: 0.4539
8/51
train r2: 0.8395647991546137, valid r2: 0.48990074126414296, test r2: -0.25860002703337703
Training Results:
r2: 0.8396
rmse: 0.3229
mae: 0.2559
Validation Results:
r2: 0.4899
rmse: 0.5502
mae: 0.4160
Test Results:
r2: -0.2586
rmse: 0.7254
mae: 0.5614
9/51
train r2: 0.8767505459293414, valid r2: 0.4554430490167747, test r2: -0.13827215279584926
Training Results:
r2: 0.8768
rmse: 0.2836
mae: 0.2138
Validation Results:
r2: 0.4554
rmse: 0.5685
mae: 0.4283
Test Results:
r2: -0.1383
rmse: 0.6899
mae: 0.4988
10/51
train r2: 0.8840953564737994, valid r2: 0.5617180217853533, test r2: -0.17590902836469113
Training Results:
r2: 0.8841
rmse: 0.2746
mae: 0.2123
Validation Results:
r2: 0.5617
rmse: 0.5100
mae: 0.3962
Test Results:
r2: -0.1759
rmse: 0.7012
mae: 0.4999
11/51
train r2: 0.9235873569572332, valid r2: 0.5358743753634178, test r2: -0.06406137121634048
Training Results:
r2: 0.9236
rmse: 0.2229
mae: 0.1677
Validation Results:
r2: 0.5359
rmse: 0.5248
mae: 0.3979
Test Results:
r2: -0.0641
rmse: 0.6670
mae: 0.4934
12/51
train r2: 0.9317466406190869, valid r2: 0.5892395436987621, test r2: 0.045018683497339285
Training Results:
r2: 0.9317
rmse: 0.2104
mae: 0.1556
Validation Results:
r2: 0.5892
rmse: 0.4937
mae: 0.3821
Test Results:
r2: 0.0450
rmse: 0.6319
mae: 0.4543
13/51
train r2: 0.9471394547286643, valid r2: 0.5435618173584624, test r2: -0.1710561739715566
Training Results:
r2: 0.9471
rmse: 0.1855
mae: 0.1403
Validation Results:
r2: 0.5436
rmse: 0.5205
mae: 0.4076
Test Results:
r2: -0.1711
rmse: 0.6997
mae: 0.5135
14/51
train r2: 0.9544448235373219, valid r2: 0.5802859372311571, test r2: -0.015010616423214218
Training Results:
r2: 0.9544
rmse: 0.1722
mae: 0.1313
Validation Results:
r2: 0.5803
rmse: 0.4991
mae: 0.3874
Test Results:
r2: -0.0150
rmse: 0.6515
mae: 0.4582
15/51
train r2: 0.9554132708317082, valid r2: 0.5753129064336991, test r2: -0.2206417309402917
Training Results:
r2: 0.9554
rmse: 0.1705
mae: 0.1312
Validation Results:
r2: 0.5753
rmse: 0.5020
mae: 0.3802
Test Results:
r2: -0.2206
rmse: 0.7144
mae: 0.5327
16/51
train r2: 0.9612091886733147, valid r2: 0.5962698303777028, test r2: -0.18260679643969424
Training Results:
r2: 0.9612
rmse: 0.1591
mae: 0.1238
Validation Results:
r2: 0.5963
rmse: 0.4895
mae: 0.3727
Test Results:
r2: -0.1826
rmse: 0.7032
mae: 0.5166
17/51
train r2: 0.9748173852697021, valid r2: 0.6285895687134188, test r2: -0.0370156238637398
Training Results:
r2: 0.9748
rmse: 0.1280
mae: 0.0953
Validation Results:
r2: 0.6286
rmse: 0.4695
mae: 0.3633
Test Results:
r2: -0.0370
rmse: 0.6585
mae: 0.4771
18/51
train r2: 0.9833609138378226, valid r2: 0.6205144304302448, test r2: -0.06703016438225107
Training Results:
r2: 0.9834
rmse: 0.1040
mae: 0.0789
Validation Results:
r2: 0.6205
rmse: 0.4746
mae: 0.3751
Test Results:
r2: -0.0670
rmse: 0.6679
mae: 0.4715
19/51
train r2: 0.9795808233872969, valid r2: 0.5841389519829407, test r2: -0.13168224159014796
Training Results:
r2: 0.9796
rmse: 0.1153
mae: 0.0887
Validation Results:
r2: 0.5841
rmse: 0.4968
mae: 0.3837
Test Results:
r2: -0.1317
rmse: 0.6879
mae: 0.5046
20/51
train r2: 0.9869689742678881, valid r2: 0.6018054986671688, test r2: -0.056716899958444866
Training Results:
r2: 0.9870
rmse: 0.0922
mae: 0.0683
Validation Results:
r2: 0.6018
rmse: 0.4861
mae: 0.3800
Test Results:
r2: -0.0567
rmse: 0.6647
mae: 0.4787
21/51
train r2: 0.9913424790650125, valid r2: 0.6183034586629281, test r2: -0.09102216502571414
Training Results:
r2: 0.9913
rmse: 0.0751
mae: 0.0556
Validation Results:
r2: 0.6183
rmse: 0.4760
mae: 0.3731
Test Results:
r2: -0.0910
rmse: 0.6754
mae: 0.4773
22/51
train r2: 0.990962552707447, valid r2: 0.6112952738713939, test r2: -0.04741588961207688
Training Results:
r2: 0.9910
rmse: 0.0767
mae: 0.0590
Validation Results:
r2: 0.6113
rmse: 0.4803
mae: 0.3762
Test Results:
r2: -0.0474
rmse: 0.6618
mae: 0.4663
23/51
train r2: 0.9941199903165174, valid r2: 0.6296499489781231, test r2: -0.04442435438525716
Training Results:
r2: 0.9941
rmse: 0.0618
mae: 0.0459
Validation Results:
r2: 0.6296
rmse: 0.4688
mae: 0.3616
Test Results:
r2: -0.0444
rmse: 0.6608
mae: 0.4720
24/51
train r2: 0.994223534636855, valid r2: 0.6188173971059436, test r2: -0.0942054699505055
Training Results:
r2: 0.9942
rmse: 0.0612
mae: 0.0461
Validation Results:
r2: 0.6188
rmse: 0.4756
mae: 0.3676
Test Results:
r2: -0.0942
rmse: 0.6764
mae: 0.4887
25/51
train r2: 0.9961069826193618, valid r2: 0.6271462837576345, test r2: -0.08139095497555693
Training Results:
r2: 0.9961
rmse: 0.0502
mae: 0.0384
Validation Results:
r2: 0.6271
rmse: 0.4704
mae: 0.3659
Test Results:
r2: -0.0814
rmse: 0.6724
mae: 0.4768
26/51
train r2: 0.9966805419670022, valid r2: 0.6096900935368259, test r2: -0.098405786546504
Training Results:
r2: 0.9967
rmse: 0.0465
mae: 0.0350
Validation Results:
r2: 0.6097
rmse: 0.4813
mae: 0.3783
Test Results:
r2: -0.0984
rmse: 0.6777
mae: 0.4836
27/51
train r2: 0.9973969304956031, valid r2: 0.627790080308657, test r2: -0.09398085756400909
Training Results:
r2: 0.9974
rmse: 0.0411
mae: 0.0305
Validation Results:
r2: 0.6278
rmse: 0.4700
mae: 0.3664
Test Results:
r2: -0.0940
rmse: 0.6763
mae: 0.4827
28/51
train r2: 0.9975972361252422, valid r2: 0.6209303532567032, test r2: -0.08385894583890696
Training Results:
r2: 0.9976
rmse: 0.0395
mae: 0.0304
Validation Results:
r2: 0.6209
rmse: 0.4743
mae: 0.3667
Test Results:
r2: -0.0839
rmse: 0.6732
mae: 0.4805
29/51
train r2: 0.9982382486878325, valid r2: 0.6262311876705624, test r2: -0.06732660881043184
Training Results:
r2: 0.9982
rmse: 0.0338
mae: 0.0253
Validation Results:
r2: 0.6262
rmse: 0.4710
mae: 0.3649
Test Results:
r2: -0.0673
rmse: 0.6680
mae: 0.4745
30/51
train r2: 0.9988104633149557, valid r2: 0.623077594096082, test r2: -0.07550545677966225
Training Results:
r2: 0.9988
rmse: 0.0278
mae: 0.0203
Validation Results:
r2: 0.6231
rmse: 0.4730
mae: 0.3683
Test Results:
r2: -0.0755
rmse: 0.6706
mae: 0.4771
31/51
train r2: 0.9991329333562282, valid r2: 0.6208513659715109, test r2: -0.07859034027011536
Training Results:
r2: 0.9991
rmse: 0.0237
mae: 0.0170
Validation Results:
r2: 0.6209
rmse: 0.4744
mae: 0.3679
Test Results:
r2: -0.0786
rmse: 0.6716
mae: 0.4769
32/51
train r2: 0.9992844251651494, valid r2: 0.6184576597423932, test r2: -0.08031463199881972
Training Results:
r2: 0.9993
rmse: 0.0216
mae: 0.0157
Validation Results:
r2: 0.6185
rmse: 0.4759
mae: 0.3714
Test Results:
r2: -0.0803
rmse: 0.6721
mae: 0.4768
33/51
train r2: 0.9994228598083987, valid r2: 0.6206863672646834, test r2: -0.07908780084442202
Training Results:
r2: 0.9994
rmse: 0.0194
mae: 0.0132
Validation Results:
r2: 0.6207
rmse: 0.4745
mae: 0.3704
Test Results:
r2: -0.0791
rmse: 0.6717
mae: 0.4786
34/51
train r2: 0.9995664200143094, valid r2: 0.6183787506941876, test r2: -0.07270721786027567
Training Results:
r2: 0.9996
rmse: 0.0168
mae: 0.0114
Validation Results:
r2: 0.6184
rmse: 0.4759
mae: 0.3699
Test Results:
r2: -0.0727
rmse: 0.6697
mae: 0.4752
35/51
train r2: 0.9995544741854986, valid r2: 0.6186826888907657, test r2: -0.07339906917345673
Training Results:
r2: 0.9996
rmse: 0.0170
mae: 0.0117
Validation Results:
r2: 0.6187
rmse: 0.4757
mae: 0.3721
Test Results:
r2: -0.0734
rmse: 0.6699
mae: 0.4759
36/51
train r2: 0.9996904125858866, valid r2: 0.6223323520329094, test r2: -0.07568438111235376
Training Results:
r2: 0.9997
rmse: 0.0142
mae: 0.0091
Validation Results:
r2: 0.6223
rmse: 0.4734
mae: 0.3679
Test Results:
r2: -0.0757
rmse: 0.6706
mae: 0.4772
37/51
train r2: 0.9997246769188326, valid r2: 0.6199972437106236, test r2: -0.07976287977612939
Training Results:
r2: 0.9997
rmse: 0.0134
mae: 0.0087
Validation Results:
r2: 0.6200
rmse: 0.4749
mae: 0.3697
Test Results:
r2: -0.0798
rmse: 0.6719
mae: 0.4790
38/51
train r2: 0.9997905783408758, valid r2: 0.6203771587528668, test r2: -0.07356916721097728
Training Results:
r2: 0.9998
rmse: 0.0117
mae: 0.0067
Validation Results:
r2: 0.6204
rmse: 0.4747
mae: 0.3699
Test Results:
r2: -0.0736
rmse: 0.6700
mae: 0.4771
39/51
train r2: 0.9998080747342675, valid r2: 0.6187150246635538, test r2: -0.07454859683547199
Training Results:
r2: 0.9998
rmse: 0.0112
mae: 0.0067
Validation Results:
r2: 0.6187
rmse: 0.4757
mae: 0.3705
Test Results:
r2: -0.0745
rmse: 0.6703
mae: 0.4775
40/51
train r2: 0.9998053358349632, valid r2: 0.6174160773299275, test r2: -0.07393521249012003
Training Results:
r2: 0.9998
rmse: 0.0112
mae: 0.0071
Validation Results:
r2: 0.6174
rmse: 0.4765
mae: 0.3718
Test Results:
r2: -0.0739
rmse: 0.6701
mae: 0.4773
41/51
train r2: 0.9998296561612527, valid r2: 0.6178462085978454, test r2: -0.0721202141838937
Training Results:
r2: 0.9998
rmse: 0.0105
mae: 0.0066
Validation Results:
r2: 0.6178
rmse: 0.4762
mae: 0.3710
Test Results:
r2: -0.0721
rmse: 0.6695
mae: 0.4765
42/51
train r2: 0.9998532637513955, valid r2: 0.6172569968909154, test r2: -0.07627352007518096
Training Results:
r2: 0.9999
rmse: 0.0098
mae: 0.0055
Validation Results:
r2: 0.6173
rmse: 0.4766
mae: 0.3719
Test Results:
r2: -0.0763
rmse: 0.6708
mae: 0.4783
43/51
train r2: 0.9998689267124224, valid r2: 0.6192023864522676, test r2: -0.07677765173457707
Training Results:
r2: 0.9999
rmse: 0.0093
mae: 0.0051
Validation Results:
r2: 0.6192
rmse: 0.4754
mae: 0.3708
Test Results:
r2: -0.0768
rmse: 0.6710
mae: 0.4781
break!
train: 0.9941, val: 0.6296, test: -0.0444
end_test_result: (-0.04442435438525716, 0.660830020904541, 0.47195765376091003)
args.seed: 2034
use label scaler
use label scaler
use label scaler
model have 90.143705M paramerters in total
train_dataset.mean: tensor([-6.2381]) train_dataset.std: tensor([0.8066])
1/51
train r2: 0.3552715474474928, valid r2: 0.23758643018433667, test r2: -0.3474665200838074
Training Results:
r2: 0.3553
rmse: 0.6480
mae: 0.5501
Validation Results:
r2: 0.2376
rmse: 0.6727
mae: 0.5651
Test Results:
r2: -0.3475
rmse: 0.7506
mae: 0.6658
2/51
train r2: 0.6125494463647074, valid r2: 0.3977538292144077, test r2: -0.44112216868818965
Training Results:
r2: 0.6125
rmse: 0.4999
mae: 0.3972
Validation Results:
r2: 0.3978
rmse: 0.5978
mae: 0.4934
Test Results:
r2: -0.4411
rmse: 0.7763
mae: 0.6450
3/51
train r2: 0.7308226844535836, valid r2: 0.5131625373549777, test r2: -0.25183886972902525
Training Results:
r2: 0.7308
rmse: 0.4192
mae: 0.3180
Validation Results:
r2: 0.5132
rmse: 0.5375
mae: 0.4377
Test Results:
r2: -0.2518
rmse: 0.7235
mae: 0.5187
4/51
train r2: 0.6521322158239794, valid r2: 0.4147666685736461, test r2: -0.31342956433051206
Training Results:
r2: 0.6521
rmse: 0.4756
mae: 0.3688
Validation Results:
r2: 0.4148
rmse: 0.5893
mae: 0.4916
Test Results:
r2: -0.3134
rmse: 0.7411
mae: 0.5248
5/51
train r2: 0.7911474361307388, valid r2: 0.44731904349248397, test r2: -0.2008472081028223
Training Results:
r2: 0.7911
rmse: 0.3671
mae: 0.2760
Validation Results:
r2: 0.4473
rmse: 0.5727
mae: 0.4819
Test Results:
r2: -0.2008
rmse: 0.7086
mae: 0.5087
6/51
train r2: 0.8144291161793068, valid r2: 0.5568911732545119, test r2: -0.23594706705835766
Training Results:
r2: 0.8144
rmse: 0.3475
mae: 0.2625
Validation Results:
r2: 0.5569
rmse: 0.5128
mae: 0.4120
Test Results:
r2: -0.2359
rmse: 0.7189
mae: 0.5213
7/51
train r2: 0.8289893268212741, valid r2: 0.4731652317028521, test r2: -0.24581644128090074
Training Results:
r2: 0.8290
rmse: 0.3334
mae: 0.2520
Validation Results:
r2: 0.4732
rmse: 0.5592
mae: 0.4418
Test Results:
r2: -0.2458
rmse: 0.7217
mae: 0.5037
8/51
train r2: 0.8848802687133729, valid r2: 0.5566159698833684, test r2: -0.3216677759189226
Training Results:
r2: 0.8849
rmse: 0.2740
mae: 0.2039
Validation Results:
r2: 0.5566
rmse: 0.5130
mae: 0.4119
Test Results:
r2: -0.3217
rmse: 0.7434
mae: 0.5359
9/51
train r2: 0.9056454578171317, valid r2: 0.5563654602475487, test r2: -0.22344749593841584
Training Results:
r2: 0.9056
rmse: 0.2477
mae: 0.1840
Validation Results:
r2: 0.5564
rmse: 0.5131
mae: 0.3798
Test Results:
r2: -0.2234
rmse: 0.7152
mae: 0.5082
10/51
train r2: 0.9103885883088096, valid r2: 0.6217762001981577, test r2: -0.3536116298502696
Training Results:
r2: 0.9104
rmse: 0.2414
mae: 0.1800
Validation Results:
r2: 0.6218
rmse: 0.4738
mae: 0.3706
Test Results:
r2: -0.3536
rmse: 0.7523
mae: 0.5128
11/51
train r2: 0.9138699637670653, valid r2: 0.4777515498714777, test r2: -0.30706522919713364
Training Results:
r2: 0.9139
rmse: 0.2371
mae: 0.1800
Validation Results:
r2: 0.4778
rmse: 0.5567
mae: 0.4374
Test Results:
r2: -0.3071
rmse: 0.7393
mae: 0.5578
12/51
train r2: 0.9020799731937825, valid r2: 0.5663078095607622, test r2: -0.3234649146924877
Training Results:
r2: 0.9021
rmse: 0.2527
mae: 0.1993
Validation Results:
r2: 0.5663
rmse: 0.5073
mae: 0.3950
Test Results:
r2: -0.3235
rmse: 0.7439
mae: 0.5576
13/51
train r2: 0.9372437009551146, valid r2: 0.5993525237167379, test r2: -0.17773949411498657
Training Results:
r2: 0.9372
rmse: 0.2023
mae: 0.1577
Validation Results:
r2: 0.5994
rmse: 0.4876
mae: 0.3862
Test Results:
r2: -0.1777
rmse: 0.7017
mae: 0.4912
14/51
train r2: 0.9513245717831849, valid r2: 0.5863050275337982, test r2: -0.15517505386750474
Training Results:
r2: 0.9513
rmse: 0.1781
mae: 0.1366
Validation Results:
r2: 0.5863
rmse: 0.4955
mae: 0.3860
Test Results:
r2: -0.1552
rmse: 0.6950
mae: 0.4786
15/51
train r2: 0.968810062730868, valid r2: 0.6109932522073899, test r2: -0.3097182078667282
Training Results:
r2: 0.9688
rmse: 0.1423
mae: 0.1093
Validation Results:
r2: 0.6110
rmse: 0.4805
mae: 0.3866
Test Results:
r2: -0.3097
rmse: 0.7400
mae: 0.5025
16/51
train r2: 0.9715035512710684, valid r2: 0.591991969876277, test r2: -0.1980965737700564
Training Results:
r2: 0.9715
rmse: 0.1361
mae: 0.1033
Validation Results:
r2: 0.5920
rmse: 0.4921
mae: 0.3929
Test Results:
r2: -0.1981
rmse: 0.7078
mae: 0.4938
17/51
train r2: 0.9675182998131433, valid r2: 0.6328452587923602, test r2: -0.19509070143399798
Training Results:
r2: 0.9675
rmse: 0.1453
mae: 0.1144
Validation Results:
r2: 0.6328
rmse: 0.4668
mae: 0.3683
Test Results:
r2: -0.1951
rmse: 0.7069
mae: 0.4783
18/51
train r2: 0.9802364183837544, valid r2: 0.6329719555659659, test r2: -0.27101072943533766
Training Results:
r2: 0.9802
rmse: 0.1136
mae: 0.0883
Validation Results:
r2: 0.6330
rmse: 0.4667
mae: 0.3719
Test Results:
r2: -0.2710
rmse: 0.7290
mae: 0.4958
19/51
train r2: 0.97322303371787, valid r2: 0.6268200138851763, test r2: -0.27816791353709003
Training Results:
r2: 0.9732
rmse: 0.1320
mae: 0.1048
Validation Results:
r2: 0.6268
rmse: 0.4706
mae: 0.3627
Test Results:
r2: -0.2782
rmse: 0.7310
mae: 0.5137
20/51
train r2: 0.9879819389677698, valid r2: 0.6651179081213082, test r2: -0.28507293973729775
Training Results:
r2: 0.9880
rmse: 0.0884
mae: 0.0687
Validation Results:
r2: 0.6651
rmse: 0.4458
mae: 0.3493
Test Results:
r2: -0.2851
rmse: 0.7330
mae: 0.4931
21/51
train r2: 0.9924842019664084, valid r2: 0.6500571356655871, test r2: -0.22605451830455636
Training Results:
r2: 0.9925
rmse: 0.0700
mae: 0.0528
Validation Results:
r2: 0.6501
rmse: 0.4557
mae: 0.3524
Test Results:
r2: -0.2261
rmse: 0.7160
mae: 0.4913
22/51
train r2: 0.9900511198725531, valid r2: 0.6482872908845458, test r2: -0.2078480883453051
Training Results:
r2: 0.9901
rmse: 0.0804
mae: 0.0620
Validation Results:
r2: 0.6483
rmse: 0.4569
mae: 0.3602
Test Results:
r2: -0.2078
rmse: 0.7107
mae: 0.4979
23/51
train r2: 0.9946834520292136, valid r2: 0.6453161582382793, test r2: -0.28252751876410853
Training Results:
r2: 0.9947
rmse: 0.0588
mae: 0.0449
Validation Results:
r2: 0.6453
rmse: 0.4588
mae: 0.3633
Test Results:
r2: -0.2825
rmse: 0.7323
mae: 0.5107
24/51
train r2: 0.9965340450949798, valid r2: 0.6462348775150952, test r2: -0.24872267260478464
Training Results:
r2: 0.9965
rmse: 0.0475
mae: 0.0347
Validation Results:
r2: 0.6462
rmse: 0.4582
mae: 0.3623
Test Results:
r2: -0.2487
rmse: 0.7226
mae: 0.4997
25/51
train r2: 0.9971489096896614, valid r2: 0.6494595676817988, test r2: -0.2454917863014643
Training Results:
r2: 0.9971
rmse: 0.0432
mae: 0.0312
Validation Results:
r2: 0.6495
rmse: 0.4561
mae: 0.3581
Test Results:
r2: -0.2455
rmse: 0.7216
mae: 0.4981
26/51
train r2: 0.9977203274582283, valid r2: 0.6489528719526206, test r2: -0.27139070257745623
Training Results:
r2: 0.9977
rmse: 0.0384
mae: 0.0281
Validation Results:
r2: 0.6490
rmse: 0.4564
mae: 0.3610
Test Results:
r2: -0.2714
rmse: 0.7291
mae: 0.5044
27/51
train r2: 0.9969243098835778, valid r2: 0.6503677304187534, test r2: -0.2726448531092902
Training Results:
r2: 0.9969
rmse: 0.0448
mae: 0.0331
Validation Results:
r2: 0.6504
rmse: 0.4555
mae: 0.3556
Test Results:
r2: -0.2726
rmse: 0.7295
mae: 0.5059
28/51
train r2: 0.9979772572312665, valid r2: 0.6494050420324164, test r2: -0.27064808208945035
Training Results:
r2: 0.9980
rmse: 0.0363
mae: 0.0270
Validation Results:
r2: 0.6494
rmse: 0.4561
mae: 0.3576
Test Results:
r2: -0.2706
rmse: 0.7289
mae: 0.5111
29/51
train r2: 0.9988028837188689, valid r2: 0.6511329492319979, test r2: -0.23862252378395588
Training Results:
r2: 0.9988
rmse: 0.0280
mae: 0.0196
Validation Results:
r2: 0.6511
rmse: 0.4550
mae: 0.3577
Test Results:
r2: -0.2386
rmse: 0.7196
mae: 0.4970
30/51
train r2: 0.9988208399582581, valid r2: 0.6516829828837765, test r2: -0.2787407975669782
Training Results:
r2: 0.9988
rmse: 0.0277
mae: 0.0195
Validation Results:
r2: 0.6517
rmse: 0.4547
mae: 0.3601
Test Results:
r2: -0.2787
rmse: 0.7312
mae: 0.5091
31/51
train r2: 0.9988798009203689, valid r2: 0.654337556416988, test r2: -0.2477125555719415
Training Results:
r2: 0.9989
rmse: 0.0270
mae: 0.0190
Validation Results:
r2: 0.6543
rmse: 0.4529
mae: 0.3562
Test Results:
r2: -0.2477
rmse: 0.7223
mae: 0.5000
32/51
train r2: 0.9991339682420008, valid r2: 0.6558062782387373, test r2: -0.27848395467408604
Training Results:
r2: 0.9991
rmse: 0.0238
mae: 0.0166
Validation Results:
r2: 0.6558
rmse: 0.4520
mae: 0.3570
Test Results:
r2: -0.2785
rmse: 0.7311
mae: 0.5073
33/51
train r2: 0.9993543605034071, valid r2: 0.654241107702953, test r2: -0.27457753143285424
Training Results:
r2: 0.9994
rmse: 0.0205
mae: 0.0136
Validation Results:
r2: 0.6542
rmse: 0.4530
mae: 0.3571
Test Results:
r2: -0.2746
rmse: 0.7300
mae: 0.5072
34/51
train r2: 0.9994696587534719, valid r2: 0.6520276046419143, test r2: -0.2675412029443305
Training Results:
r2: 0.9995
rmse: 0.0186
mae: 0.0119
Validation Results:
r2: 0.6520
rmse: 0.4544
mae: 0.3582
Test Results:
r2: -0.2675
rmse: 0.7280
mae: 0.5064
35/51
train r2: 0.99941675032534, valid r2: 0.6544382693019071, test r2: -0.26782996298683304
Training Results:
r2: 0.9994
rmse: 0.0195
mae: 0.0138
Validation Results:
r2: 0.6544
rmse: 0.4529
mae: 0.3566
Test Results:
r2: -0.2678
rmse: 0.7281
mae: 0.5062
36/51
train r2: 0.9996256190493968, valid r2: 0.6555003235703631, test r2: -0.2682830277726522
Training Results:
r2: 0.9996
rmse: 0.0156
mae: 0.0098
Validation Results:
r2: 0.6555
rmse: 0.4522
mae: 0.3563
Test Results:
r2: -0.2683
rmse: 0.7282
mae: 0.5066
37/51
train r2: 0.9996734634539673, valid r2: 0.6528359137025699, test r2: -0.27102007582130216
Training Results:
r2: 0.9997
rmse: 0.0146
mae: 0.0092
Validation Results:
r2: 0.6528
rmse: 0.4539
mae: 0.3581
Test Results:
r2: -0.2710
rmse: 0.7290
mae: 0.5075
38/51
train r2: 0.9997245185802732, valid r2: 0.6537945197533004, test r2: -0.26793772009206385
Training Results:
r2: 0.9997
rmse: 0.0134
mae: 0.0078
Validation Results:
r2: 0.6538
rmse: 0.4533
mae: 0.3579
Test Results:
r2: -0.2679
rmse: 0.7281
mae: 0.5059
39/51
train r2: 0.9997383421243884, valid r2: 0.655608555474739, test r2: -0.2630444087598036
Training Results:
r2: 0.9997
rmse: 0.0131
mae: 0.0074
Validation Results:
r2: 0.6556
rmse: 0.4521
mae: 0.3557
Test Results:
r2: -0.2630
rmse: 0.7267
mae: 0.5052
40/51
train r2: 0.9997509418270433, valid r2: 0.6541273156190115, test r2: -0.2681663129918659
Training Results:
r2: 0.9998
rmse: 0.0127
mae: 0.0081
Validation Results:
r2: 0.6541
rmse: 0.4531
mae: 0.3574
Test Results:
r2: -0.2682
rmse: 0.7282
mae: 0.5075
break!
train: 0.9880, val: 0.6651, test: -0.2851
end_test_result: (-0.28507293973729775, 0.7330189347267151, 0.4930818974971771)
args.seed: 2044
use label scaler
use label scaler
use label scaler
model have 90.143705M paramerters in total
train_dataset.mean: tensor([-6.2381]) train_dataset.std: tensor([0.8066])
1/51
train r2: 0.34941510718937574, valid r2: 0.23317136986684073, test r2: -0.25561949994080924
Training Results:
r2: 0.3494
rmse: 0.6477
mae: 0.5441
Validation Results:
r2: 0.2332
rmse: 0.6746
mae: 0.5586
Test Results:
r2: -0.2556
rmse: 0.7246
mae: 0.6395
2/51
train r2: 0.6224185313064279, valid r2: 0.42028169961185613, test r2: -0.2010369575280906
Training Results:
r2: 0.6224
rmse: 0.4960
mae: 0.3978
Validation Results:
r2: 0.4203
rmse: 0.5866
mae: 0.4752
Test Results:
r2: -0.2010
rmse: 0.7086
mae: 0.5761
3/51
train r2: 0.6580973807104806, valid r2: 0.4412248480464911, test r2: -0.438556231013433
Training Results:
r2: 0.6581
rmse: 0.4725
mae: 0.3765
Validation Results:
r2: 0.4412
rmse: 0.5759
mae: 0.4563
Test Results:
r2: -0.4386
rmse: 0.7756
mae: 0.6141
4/51
train r2: 0.556404840862192, valid r2: 0.30194295481097855, test r2: -0.8462111368342518
Training Results:
r2: 0.5564
rmse: 0.5374
mae: 0.4437
Validation Results:
r2: 0.3019
rmse: 0.6436
mae: 0.5195
Test Results:
r2: -0.8462
rmse: 0.8786
mae: 0.7293
5/51
train r2: 0.7961629423633043, valid r2: 0.4638967999975562, test r2: -0.25327873537725987
Training Results:
r2: 0.7962
rmse: 0.3640
mae: 0.2711
Validation Results:
r2: 0.4639
rmse: 0.5641
mae: 0.4355
Test Results:
r2: -0.2533
rmse: 0.7239
mae: 0.5414
6/51
train r2: 0.8037595942990533, valid r2: 0.47348717283492403, test r2: -0.34988387101383855
Training Results:
r2: 0.8038
rmse: 0.3577
mae: 0.2682
Validation Results:
r2: 0.4735
rmse: 0.5590
mae: 0.4165
Test Results:
r2: -0.3499
rmse: 0.7513
mae: 0.5357
7/51
train r2: 0.8487381836523827, valid r2: 0.5320632295211645, test r2: -0.2881452881191817
Training Results:
r2: 0.8487
rmse: 0.3136
mae: 0.2357
Validation Results:
r2: 0.5321
rmse: 0.5270
mae: 0.4167
Test Results:
r2: -0.2881
rmse: 0.7339
mae: 0.5178
8/51
train r2: 0.6623770257434612, valid r2: 0.3072139260956569, test r2: -0.7672705371281228
Training Results:
r2: 0.6624
rmse: 0.4694
mae: 0.3990
Validation Results:
r2: 0.3072
rmse: 0.6412
mae: 0.5111
Test Results:
r2: -0.7673
rmse: 0.8596
mae: 0.6988
9/51
train r2: 0.845048413827173, valid r2: 0.5729886897228846, test r2: -0.4275934135153583
Training Results:
r2: 0.8450
rmse: 0.3164
mae: 0.2390
Validation Results:
r2: 0.5730
rmse: 0.5034
mae: 0.4016
Test Results:
r2: -0.4276
rmse: 0.7726
mae: 0.5436
10/51
train r2: 0.8896189931852823, valid r2: 0.5004548794190586, test r2: -0.3812520548028606
Training Results:
r2: 0.8896
rmse: 0.2680
mae: 0.2062
Validation Results:
r2: 0.5005
rmse: 0.5445
mae: 0.4228
Test Results:
r2: -0.3813
rmse: 0.7600
mae: 0.5862
11/51
train r2: 0.9040418533170901, valid r2: 0.562394050758646, test r2: -0.1334006645479282
Training Results:
r2: 0.9040
rmse: 0.2495
mae: 0.1890
Validation Results:
r2: 0.5624
rmse: 0.5096
mae: 0.4130
Test Results:
r2: -0.1334
rmse: 0.6884
mae: 0.4907
12/51
train r2: 0.9323380174298781, valid r2: 0.603208986622715, test r2: -0.37793286731461295
Training Results:
r2: 0.9323
rmse: 0.2098
mae: 0.1526
Validation Results:
r2: 0.6032
rmse: 0.4853
mae: 0.3782
Test Results:
r2: -0.3779
rmse: 0.7590
mae: 0.5517
13/51
train r2: 0.9384539139486427, valid r2: 0.5749175782092737, test r2: -0.2981225436694308
Training Results:
r2: 0.9385
rmse: 0.1997
mae: 0.1553
Validation Results:
r2: 0.5749
rmse: 0.5023
mae: 0.3914
Test Results:
r2: -0.2981
rmse: 0.7367
mae: 0.5404
14/51
train r2: 0.9613878200396767, valid r2: 0.5968517238416977, test r2: -0.30116959667652177
Training Results:
r2: 0.9614
rmse: 0.1587
mae: 0.1206
Validation Results:
r2: 0.5969
rmse: 0.4891
mae: 0.3771
Test Results:
r2: -0.3012
rmse: 0.7376
mae: 0.5267
15/51
train r2: 0.9616527718257027, valid r2: 0.5821509862002394, test r2: -0.09391551396990172
Training Results:
r2: 0.9617
rmse: 0.1572
mae: 0.1223
Validation Results:
r2: 0.5822
rmse: 0.4980
mae: 0.3850
Test Results:
r2: -0.0939
rmse: 0.6763
mae: 0.4902
16/51
train r2: 0.9699026012454186, valid r2: 0.6063004080941192, test r2: -0.24196778242496086
Training Results:
r2: 0.9699
rmse: 0.1400
mae: 0.1095
Validation Results:
r2: 0.6063
rmse: 0.4834
mae: 0.3733
Test Results:
r2: -0.2420
rmse: 0.7206
mae: 0.5363
17/51
train r2: 0.9807978741298146, valid r2: 0.5633411140404146, test r2: -0.2508947297323867
Training Results:
r2: 0.9808
rmse: 0.1118
mae: 0.0867
Validation Results:
r2: 0.5633
rmse: 0.5091
mae: 0.3860
Test Results:
r2: -0.2509
rmse: 0.7232
mae: 0.5427
18/51
train r2: 0.98623462579047, valid r2: 0.5843919626421947, test r2: -0.2854055130916844
Training Results:
r2: 0.9862
rmse: 0.0943
mae: 0.0726
Validation Results:
r2: 0.5844
rmse: 0.4966
mae: 0.3843
Test Results:
r2: -0.2854
rmse: 0.7331
mae: 0.5327
19/51
train r2: 0.9856327888468486, valid r2: 0.5735420803573432, test r2: -0.22477891132672423
Training Results:
r2: 0.9856
rmse: 0.0967
mae: 0.0744
Validation Results:
r2: 0.5735
rmse: 0.5031
mae: 0.3788
Test Results:
r2: -0.2248
rmse: 0.7156
mae: 0.5334
20/51
train r2: 0.9916604038560344, valid r2: 0.6069718898804775, test r2: -0.23175153877067034
Training Results:
r2: 0.9917
rmse: 0.0736
mae: 0.0557
Validation Results:
r2: 0.6070
rmse: 0.4830
mae: 0.3747
Test Results:
r2: -0.2318
rmse: 0.7177
mae: 0.5177
21/51
train r2: 0.9912828333095901, valid r2: 0.6017158023184698, test r2: -0.2601287024914556
Training Results:
r2: 0.9913
rmse: 0.0753
mae: 0.0571
Validation Results:
r2: 0.6017
rmse: 0.4862
mae: 0.3768
Test Results:
r2: -0.2601
rmse: 0.7259
mae: 0.5291
22/51
train r2: 0.993422893283587, valid r2: 0.6322733315279996, test r2: -0.23762332754238913
Training Results:
r2: 0.9934
rmse: 0.0655
mae: 0.0498
Validation Results:
r2: 0.6323
rmse: 0.4672
mae: 0.3574
Test Results:
r2: -0.2376
rmse: 0.7194
mae: 0.5227
23/51
train r2: 0.9957203922244549, valid r2: 0.6036851253982343, test r2: -0.2515167381742389
Training Results:
r2: 0.9957
rmse: 0.0528
mae: 0.0400
Validation Results:
r2: 0.6037
rmse: 0.4850
mae: 0.3717
Test Results:
r2: -0.2515
rmse: 0.7234
mae: 0.5345
24/51
train r2: 0.9956450111712553, valid r2: 0.6081140827872851, test r2: -0.2642323254197172
Training Results:
r2: 0.9956
rmse: 0.0532
mae: 0.0409
Validation Results:
r2: 0.6081
rmse: 0.4823
mae: 0.3754
Test Results:
r2: -0.2642
rmse: 0.7271
mae: 0.5320
25/51
train r2: 0.9962540202309502, valid r2: 0.5913531449351002, test r2: -0.26336108020005855
Training Results:
r2: 0.9963
rmse: 0.0494
mae: 0.0368
Validation Results:
r2: 0.5914
rmse: 0.4925
mae: 0.3854
Test Results:
r2: -0.2634
rmse: 0.7268
mae: 0.5371
26/51
train r2: 0.9969691493996063, valid r2: 0.6140369137645472, test r2: -0.2316079433124465
Training Results:
r2: 0.9970
rmse: 0.0444
mae: 0.0338
Validation Results:
r2: 0.6140
rmse: 0.4786
mae: 0.3736
Test Results:
r2: -0.2316
rmse: 0.7176
mae: 0.5249
27/51
train r2: 0.9975862964346226, valid r2: 0.614187441917073, test r2: -0.24967085308550585
Training Results:
r2: 0.9976
rmse: 0.0396
mae: 0.0302
Validation Results:
r2: 0.6142
rmse: 0.4785
mae: 0.3670
Test Results:
r2: -0.2497
rmse: 0.7229
mae: 0.5311
28/51
train r2: 0.9981721640881395, valid r2: 0.611955254601853, test r2: -0.2723251871388892
Training Results:
r2: 0.9982
rmse: 0.0345
mae: 0.0264
Validation Results:
r2: 0.6120
rmse: 0.4799
mae: 0.3689
Test Results:
r2: -0.2723
rmse: 0.7294
mae: 0.5356
29/51
train r2: 0.9988132374602341, valid r2: 0.6184450012925353, test r2: -0.25446479260473387
Training Results:
r2: 0.9988
rmse: 0.0278
mae: 0.0199
Validation Results:
r2: 0.6184
rmse: 0.4759
mae: 0.3664
Test Results:
r2: -0.2545
rmse: 0.7242
mae: 0.5353
30/51
train r2: 0.9989101199689521, valid r2: 0.6159775119980241, test r2: -0.23554542423372804
Training Results:
r2: 0.9989
rmse: 0.0267
mae: 0.0188
Validation Results:
r2: 0.6160
rmse: 0.4774
mae: 0.3670
Test Results:
r2: -0.2355
rmse: 0.7188
mae: 0.5259
31/51
train r2: 0.999138834280815, valid r2: 0.613740753772835, test r2: -0.24085982429278885
Training Results:
r2: 0.9991
rmse: 0.0236
mae: 0.0168
Validation Results:
r2: 0.6137
rmse: 0.4788
mae: 0.3694
Test Results:
r2: -0.2409
rmse: 0.7203
mae: 0.5293
32/51
train r2: 0.9991723593425115, valid r2: 0.6158434381362857, test r2: -0.264420517815422
Training Results:
r2: 0.9992
rmse: 0.0232
mae: 0.0170
Validation Results:
r2: 0.6158
rmse: 0.4775
mae: 0.3663
Test Results:
r2: -0.2644
rmse: 0.7271
mae: 0.5367
33/51
train r2: 0.9990195820880429, valid r2: 0.6129883287417369, test r2: -0.265281906073221
Training Results:
r2: 0.9990
rmse: 0.0251
mae: 0.0204
Validation Results:
r2: 0.6130
rmse: 0.4793
mae: 0.3677
Test Results:
r2: -0.2653
rmse: 0.7274
mae: 0.5358
34/51
train r2: 0.9995220153510955, valid r2: 0.6157689351530007, test r2: -0.2523460635745727
Training Results:
r2: 0.9995
rmse: 0.0176
mae: 0.0126
Validation Results:
r2: 0.6158
rmse: 0.4775
mae: 0.3678
Test Results:
r2: -0.2523
rmse: 0.7236
mae: 0.5288
35/51
train r2: 0.9993617624671761, valid r2: 0.6158025213534508, test r2: -0.2533959006206079
Training Results:
r2: 0.9994
rmse: 0.0204
mae: 0.0158
Validation Results:
r2: 0.6158
rmse: 0.4775
mae: 0.3670
Test Results:
r2: -0.2534
rmse: 0.7239
mae: 0.5316
36/51
train r2: 0.9995887531918498, valid r2: 0.6176462724841012, test r2: -0.24609721273324991
Training Results:
r2: 0.9996
rmse: 0.0164
mae: 0.0115
Validation Results:
r2: 0.6176
rmse: 0.4764
mae: 0.3674
Test Results:
r2: -0.2461
rmse: 0.7218
mae: 0.5273
37/51
train r2: 0.9996142769882118, valid r2: 0.6175419211458755, test r2: -0.2556400271984762
Training Results:
r2: 0.9996
rmse: 0.0158
mae: 0.0106
Validation Results:
r2: 0.6175
rmse: 0.4764
mae: 0.3655
Test Results:
r2: -0.2556
rmse: 0.7246
mae: 0.5322
38/51
train r2: 0.9997381609987093, valid r2: 0.6167388472973905, test r2: -0.24682952740363628
Training Results:
r2: 0.9997
rmse: 0.0130
mae: 0.0088
Validation Results:
r2: 0.6167
rmse: 0.4769
mae: 0.3670
Test Results:
r2: -0.2468
rmse: 0.7220
mae: 0.5296
39/51
train r2: 0.9997796082591026, valid r2: 0.6144259170133204, test r2: -0.2540198665694524
Training Results:
r2: 0.9998
rmse: 0.0120
mae: 0.0079
Validation Results:
r2: 0.6144
rmse: 0.4784
mae: 0.3677
Test Results:
r2: -0.2540
rmse: 0.7241
mae: 0.5322
40/51
train r2: 0.9998109714629398, valid r2: 0.6143117201204239, test r2: -0.25085848625959484
Training Results:
r2: 0.9998
rmse: 0.0111
mae: 0.0068
Validation Results:
r2: 0.6143
rmse: 0.4784
mae: 0.3698
Test Results:
r2: -0.2509
rmse: 0.7232
mae: 0.5301
41/51
train r2: 0.9998083000685534, valid r2: 0.6140058741943422, test r2: -0.25539991084497404
Training Results:
r2: 0.9998
rmse: 0.0112
mae: 0.0077
Validation Results:
r2: 0.6140
rmse: 0.4786
mae: 0.3681
Test Results:
r2: -0.2554
rmse: 0.7245
mae: 0.5324
42/51
train r2: 0.9998480908645164, valid r2: 0.6172226052466365, test r2: -0.25054167617546064
Training Results:
r2: 0.9998
rmse: 0.0099
mae: 0.0060
Validation Results:
r2: 0.6172
rmse: 0.4766
mae: 0.3669
Test Results:
r2: -0.2505
rmse: 0.7231
mae: 0.5299
break!
train: 0.9934, val: 0.6323, test: -0.2376
end_test_result: (-0.23762332754238913, 0.7193588018417358, 0.5226750373840332)
args.seed: 2054
use label scaler
use label scaler
use label scaler
model have 90.143705M paramerters in total
train_dataset.mean: tensor([-6.2381]) train_dataset.std: tensor([0.8066])
1/51
train r2: 0.3502209817513515, valid r2: 0.20796003220865777, test r2: -0.38386143491382807
Training Results:
r2: 0.3502
rmse: 0.6490
mae: 0.5512
Validation Results:
r2: 0.2080
rmse: 0.6856
mae: 0.5723
Test Results:
r2: -0.3839
rmse: 0.7607
mae: 0.6676
2/51
train r2: 0.647111135426443, valid r2: 0.45320749589435216, test r2: -0.31666411966302355
Training Results:
r2: 0.6471
rmse: 0.4794
mae: 0.3807
Validation Results:
r2: 0.4532
rmse: 0.5697
mae: 0.4621
Test Results:
r2: -0.3167
rmse: 0.7420
mae: 0.6026
3/51
train r2: 0.5531516964433036, valid r2: 0.2711497696797124, test r2: -0.7441991606139164
Training Results:
r2: 0.5532
rmse: 0.5395
mae: 0.4497
Validation Results:
r2: 0.2711
rmse: 0.6577
mae: 0.5462
Test Results:
r2: -0.7442
rmse: 0.8540
mae: 0.7253
4/51
train r2: 0.7627557536236803, valid r2: 0.468163509146425, test r2: -0.35490980493714264
Training Results:
r2: 0.7628
rmse: 0.3929
mae: 0.3038
Validation Results:
r2: 0.4682
rmse: 0.5618
mae: 0.4549
Test Results:
r2: -0.3549
rmse: 0.7527
mae: 0.5698
5/51
train r2: 0.7848378827919207, valid r2: 0.48301667146271776, test r2: -0.4905534222937977
Training Results:
r2: 0.7848
rmse: 0.3744
mae: 0.2934
Validation Results:
r2: 0.4830
rmse: 0.5539
mae: 0.4364
Test Results:
r2: -0.4906
rmse: 0.7895
mae: 0.5980
6/51
train r2: 0.8169432866227877, valid r2: 0.568850463330365, test r2: -0.463597376977396
Training Results:
r2: 0.8169
rmse: 0.3453
mae: 0.2672
Validation Results:
r2: 0.5689
rmse: 0.5058
mae: 0.3972
Test Results:
r2: -0.4636
rmse: 0.7823
mae: 0.5648
7/51
train r2: 0.8348899472732406, valid r2: 0.511547463415549, test r2: -0.3100856693618381
Training Results:
r2: 0.8349
rmse: 0.3274
mae: 0.2504
Validation Results:
r2: 0.5115
rmse: 0.5384
mae: 0.4306
Test Results:
r2: -0.3101
rmse: 0.7401
mae: 0.5265
8/51
train r2: 0.7426310942889196, valid r2: 0.3683174311690165, test r2: -0.8743334638417513
Training Results:
r2: 0.7426
rmse: 0.4087
mae: 0.3403
Validation Results:
r2: 0.3683
rmse: 0.6123
mae: 0.4948
Test Results:
r2: -0.8743
rmse: 0.8853
mae: 0.6971
9/51
train r2: 0.8822114708016838, valid r2: 0.5858595463113491, test r2: -0.2850576300134595
Training Results:
r2: 0.8822
rmse: 0.2752
mae: 0.2153
Validation Results:
r2: 0.5859
rmse: 0.4958
mae: 0.3818
Test Results:
r2: -0.2851
rmse: 0.7330
mae: 0.5604
10/51
train r2: 0.8919354856098682, valid r2: 0.5217505161392189, test r2: -0.3270554648256181
Training Results:
r2: 0.8919
rmse: 0.2653
mae: 0.2044
Validation Results:
r2: 0.5218
rmse: 0.5328
mae: 0.4124
Test Results:
r2: -0.3271
rmse: 0.7449
mae: 0.5337
11/51
train r2: 0.9234863937451182, valid r2: 0.5042479763868946, test r2: -0.33035086041308737
Training Results:
r2: 0.9235
rmse: 0.2232
mae: 0.1646
Validation Results:
r2: 0.5042
rmse: 0.5424
mae: 0.4089
Test Results:
r2: -0.3304
rmse: 0.7458
mae: 0.5309
12/51
train r2: 0.9454320981372802, valid r2: 0.5633360350911154, test r2: -0.17200063121466092
Training Results:
r2: 0.9454
rmse: 0.1884
mae: 0.1414
Validation Results:
r2: 0.5633
rmse: 0.5091
mae: 0.3922
Test Results:
r2: -0.1720
rmse: 0.7000
mae: 0.4838
13/51
train r2: 0.9328975373419409, valid r2: 0.6320827878138392, test r2: -0.31351994260471927
Training Results:
r2: 0.9329
rmse: 0.2093
mae: 0.1598
Validation Results:
r2: 0.6321
rmse: 0.4673
mae: 0.3614
Test Results:
r2: -0.3135
rmse: 0.7411
mae: 0.5236
14/51
train r2: 0.9527752088377159, valid r2: 0.5774825453956294, test r2: -0.23476884899680028
Training Results:
r2: 0.9528
rmse: 0.1754
mae: 0.1385
Validation Results:
r2: 0.5775
rmse: 0.5008
mae: 0.3823
Test Results:
r2: -0.2348
rmse: 0.7185
mae: 0.5014
15/51
train r2: 0.9731816237485545, valid r2: 0.6131238009738511, test r2: -0.2734083134155365
Training Results:
r2: 0.9732
rmse: 0.1323
mae: 0.0977
Validation Results:
r2: 0.6131
rmse: 0.4792
mae: 0.3768
Test Results:
r2: -0.2734
rmse: 0.7297
mae: 0.5107
16/51
train r2: 0.9770998976434239, valid r2: 0.6382329611125479, test r2: -0.21641020172685144
Training Results:
r2: 0.9771
rmse: 0.1220
mae: 0.0902
Validation Results:
r2: 0.6382
rmse: 0.4634
mae: 0.3611
Test Results:
r2: -0.2164
rmse: 0.7132
mae: 0.5015
17/51
train r2: 0.9831488242149238, valid r2: 0.6133133332792409, test r2: -0.17826191884301257
Training Results:
r2: 0.9831
rmse: 0.1048
mae: 0.0758
Validation Results:
r2: 0.6133
rmse: 0.4791
mae: 0.3775
Test Results:
r2: -0.1783
rmse: 0.7019
mae: 0.4955
18/51
train r2: 0.9849371137322258, valid r2: 0.6206484711627156, test r2: -0.19334438975885604
Training Results:
r2: 0.9849
rmse: 0.0991
mae: 0.0749
Validation Results:
r2: 0.6206
rmse: 0.4745
mae: 0.3619
Test Results:
r2: -0.1933
rmse: 0.7064
mae: 0.5051
19/51
train r2: 0.9864665977366124, valid r2: 0.6499025115859585, test r2: -0.21665075351222574
Training Results:
r2: 0.9865
rmse: 0.0939
mae: 0.0753
Validation Results:
r2: 0.6499
rmse: 0.4558
mae: 0.3517
Test Results:
r2: -0.2167
rmse: 0.7132
mae: 0.5010
20/51
train r2: 0.9891797805309931, valid r2: 0.6290418047326127, test r2: -0.2056904026134947
Training Results:
r2: 0.9892
rmse: 0.0839
mae: 0.0658
Validation Results:
r2: 0.6290
rmse: 0.4692
mae: 0.3695
Test Results:
r2: -0.2057
rmse: 0.7100
mae: 0.5038
21/51
train r2: 0.9836456167241152, valid r2: 0.6114595793028084, test r2: -0.15821085547383062
Training Results:
r2: 0.9836
rmse: 0.1030
mae: 0.0821
Validation Results:
r2: 0.6115
rmse: 0.4802
mae: 0.3805
Test Results:
r2: -0.1582
rmse: 0.6959
mae: 0.4869
22/51
train r2: 0.9908331794462243, valid r2: 0.6326318124522348, test r2: -0.23997091115573266
Training Results:
r2: 0.9908
rmse: 0.0774
mae: 0.0585
Validation Results:
r2: 0.6326
rmse: 0.4669
mae: 0.3687
Test Results:
r2: -0.2400
rmse: 0.7200
mae: 0.5145
23/51
train r2: 0.9927873578734436, valid r2: 0.6406730579762064, test r2: -0.2476683258382446
Training Results:
r2: 0.9928
rmse: 0.0682
mae: 0.0519
Validation Results:
r2: 0.6407
rmse: 0.4618
mae: 0.3628
Test Results:
r2: -0.2477
rmse: 0.7223
mae: 0.5141
24/51
train r2: 0.9950729297907693, valid r2: 0.6465385141092069, test r2: -0.18897479930031236
Training Results:
r2: 0.9951
rmse: 0.0566
mae: 0.0437
Validation Results:
r2: 0.6465
rmse: 0.4580
mae: 0.3615
Test Results:
r2: -0.1890
rmse: 0.7051
mae: 0.4962
25/51
train r2: 0.9954863833747957, valid r2: 0.6403944849425357, test r2: -0.25848126614238165
Training Results:
r2: 0.9955
rmse: 0.0542
mae: 0.0426
Validation Results:
r2: 0.6404
rmse: 0.4620
mae: 0.3630
Test Results:
r2: -0.2585
rmse: 0.7254
mae: 0.5202
26/51
train r2: 0.997139616742504, valid r2: 0.6343205635601276, test r2: -0.21276359771109488
Training Results:
r2: 0.9971
rmse: 0.0431
mae: 0.0315
Validation Results:
r2: 0.6343
rmse: 0.4659
mae: 0.3676
Test Results:
r2: -0.2128
rmse: 0.7121
mae: 0.4984
27/51
train r2: 0.9979639158219936, valid r2: 0.6378275648158073, test r2: -0.1959625646833696
Training Results:
r2: 0.9980
rmse: 0.0364
mae: 0.0276
Validation Results:
r2: 0.6378
rmse: 0.4636
mae: 0.3676
Test Results:
r2: -0.1960
rmse: 0.7071
mae: 0.5027
28/51
train r2: 0.9981202351050131, valid r2: 0.6548969400617546, test r2: -0.22384373676693148
Training Results:
r2: 0.9981
rmse: 0.0350
mae: 0.0263
Validation Results:
r2: 0.6549
rmse: 0.4526
mae: 0.3568
Test Results:
r2: -0.2238
rmse: 0.7153
mae: 0.5008
29/51
train r2: 0.9988905945656904, valid r2: 0.6433725507951856, test r2: -0.21755754313085407
Training Results:
r2: 0.9989
rmse: 0.0269
mae: 0.0195
Validation Results:
r2: 0.6434
rmse: 0.4601
mae: 0.3626
Test Results:
r2: -0.2176
rmse: 0.7135
mae: 0.5074
30/51
train r2: 0.9990374034341349, valid r2: 0.6418549875361228, test r2: -0.2259265648930675
Training Results:
r2: 0.9990
rmse: 0.0250
mae: 0.0182
Validation Results:
r2: 0.6419
rmse: 0.4610
mae: 0.3628
Test Results:
r2: -0.2259
rmse: 0.7160
mae: 0.5084
31/51
train r2: 0.9993598744408597, valid r2: 0.641530658906469, test r2: -0.2221827126509477
Training Results:
r2: 0.9994
rmse: 0.0204
mae: 0.0143
Validation Results:
r2: 0.6415
rmse: 0.4612
mae: 0.3636
Test Results:
r2: -0.2222
rmse: 0.7149
mae: 0.5030
32/51
train r2: 0.999366271941253, valid r2: 0.6452748132499717, test r2: -0.22724288340231014
Training Results:
r2: 0.9994
rmse: 0.0203
mae: 0.0140
Validation Results:
r2: 0.6453
rmse: 0.4588
mae: 0.3601
Test Results:
r2: -0.2272
rmse: 0.7163
mae: 0.5077
33/51
train r2: 0.9995118122619218, valid r2: 0.6434280726283037, test r2: -0.22429091656877742
Training Results:
r2: 0.9995
rmse: 0.0179
mae: 0.0123
Validation Results:
r2: 0.6434
rmse: 0.4600
mae: 0.3620
Test Results:
r2: -0.2243
rmse: 0.7155
mae: 0.5039
34/51
train r2: 0.9994396614735584, valid r2: 0.6418924305687109, test r2: -0.21050067490888025
Training Results:
r2: 0.9994
rmse: 0.0191
mae: 0.0147
Validation Results:
r2: 0.6419
rmse: 0.4610
mae: 0.3645
Test Results:
r2: -0.2105
rmse: 0.7114
mae: 0.5009
35/51
train r2: 0.9996129448529885, valid r2: 0.6485750621439911, test r2: -0.223919116456625
Training Results:
r2: 0.9996
rmse: 0.0159
mae: 0.0112
Validation Results:
r2: 0.6486
rmse: 0.4567
mae: 0.3580
Test Results:
r2: -0.2239
rmse: 0.7154
mae: 0.5063
36/51
train r2: 0.9996899166081865, valid r2: 0.6386402749126584, test r2: -0.22436302684973075
Training Results:
r2: 0.9997
rmse: 0.0142
mae: 0.0094
Validation Results:
r2: 0.6386
rmse: 0.4631
mae: 0.3654
Test Results:
r2: -0.2244
rmse: 0.7155
mae: 0.5070
37/51
train r2: 0.9997552645385752, valid r2: 0.6419505253299912, test r2: -0.2249542189033984
Training Results:
r2: 0.9998
rmse: 0.0126
mae: 0.0081
Validation Results:
r2: 0.6420
rmse: 0.4610
mae: 0.3634
Test Results:
r2: -0.2250
rmse: 0.7157
mae: 0.5048
38/51
train r2: 0.9998227566308837, valid r2: 0.6428852191816422, test r2: -0.22425179378596338
Training Results:
r2: 0.9998
rmse: 0.0107
mae: 0.0064
Validation Results:
r2: 0.6429
rmse: 0.4604
mae: 0.3621
Test Results:
r2: -0.2243
rmse: 0.7155
mae: 0.5051
39/51
train r2: 0.9998118045787419, valid r2: 0.642147679950293, test r2: -0.2281238010179678
Training Results:
r2: 0.9998
rmse: 0.0111
mae: 0.0070
Validation Results:
r2: 0.6421
rmse: 0.4608
mae: 0.3624
Test Results:
r2: -0.2281
rmse: 0.7166
mae: 0.5069
40/51
train r2: 0.999857395131373, valid r2: 0.6410826761925081, test r2: -0.22123598962290703
Training Results:
r2: 0.9999
rmse: 0.0096
mae: 0.0056
Validation Results:
r2: 0.6411
rmse: 0.4615
mae: 0.3633
Test Results:
r2: -0.2212
rmse: 0.7146
mae: 0.5054
41/51
train r2: 0.999864034424395, valid r2: 0.6436379544286853, test r2: -0.22531773578319791
Training Results:
r2: 0.9999
rmse: 0.0094
mae: 0.0053
Validation Results:
r2: 0.6436
rmse: 0.4599
mae: 0.3615
Test Results:
r2: -0.2253
rmse: 0.7158
mae: 0.5060
42/51
train r2: 0.9998894853169321, valid r2: 0.6423055206279649, test r2: -0.22807365370003985
Training Results:
r2: 0.9999
rmse: 0.0085
mae: 0.0044
Validation Results:
r2: 0.6423
rmse: 0.4607
mae: 0.3625
Test Results:
r2: -0.2281
rmse: 0.7166
mae: 0.5071
43/51
train r2: 0.999880989119557, valid r2: 0.6418887266937938, test r2: -0.22442796247594154
Training Results:
r2: 0.9999
rmse: 0.0088
mae: 0.0052
Validation Results:
r2: 0.6419
rmse: 0.4610
mae: 0.3629
Test Results:
r2: -0.2244
rmse: 0.7155
mae: 0.5052
44/51
train r2: 0.9999059473207652, valid r2: 0.6422600611540663, test r2: -0.22863132294891786
Training Results:
r2: 0.9999
rmse: 0.0078
mae: 0.0040
Validation Results:
r2: 0.6423
rmse: 0.4608
mae: 0.3623
Test Results:
r2: -0.2286
rmse: 0.7167
mae: 0.5069
45/51
train r2: 0.9999011113894332, valid r2: 0.6401179656970095, test r2: -0.22963470190109048
Training Results:
r2: 0.9999
rmse: 0.0080
mae: 0.0044
Validation Results:
r2: 0.6401
rmse: 0.4621
mae: 0.3640
Test Results:
r2: -0.2296
rmse: 0.7170
mae: 0.5075
46/51
train r2: 0.9999138656239382, valid r2: 0.642252518722094, test r2: -0.22805311911032677
Training Results:
r2: 0.9999
rmse: 0.0075
mae: 0.0035
Validation Results:
r2: 0.6423
rmse: 0.4608
mae: 0.3625
Test Results:
r2: -0.2281
rmse: 0.7166
mae: 0.5067
47/51
train r2: 0.9999200357530952, valid r2: 0.6407913909555621, test r2: -0.22731895467302476
Training Results:
r2: 0.9999
rmse: 0.0072
mae: 0.0036
Validation Results:
r2: 0.6408
rmse: 0.4617
mae: 0.3634
Test Results:
r2: -0.2273
rmse: 0.7164
mae: 0.5065
48/51
train r2: 0.9999200524290037, valid r2: 0.64203435795765, test r2: -0.22786445530456234
Training Results:
r2: 0.9999
rmse: 0.0072
mae: 0.0032
Validation Results:
r2: 0.6420
rmse: 0.4609
mae: 0.3625
Test Results:
r2: -0.2279
rmse: 0.7165
mae: 0.5066
break!
train: 0.9981, val: 0.6549, test: -0.2238
end_test_result: (-0.22384373676693148, 0.7153429388999939, 0.5007654428482056)
args.seed: 2064
use label scaler
use label scaler
use label scaler
model have 90.143705M paramerters in total
train_dataset.mean: tensor([-6.2381]) train_dataset.std: tensor([0.8066])
1/51
train r2: 0.28340180614197097, valid r2: 0.17381187393331943, test r2: -0.1291006933836254
Training Results:
r2: 0.2834
rmse: 0.6838
mae: 0.5809
Validation Results:
r2: 0.1738
rmse: 0.7002
mae: 0.5886
Test Results:
r2: -0.1291
rmse: 0.6871
mae: 0.5910
2/51
train r2: 0.5896823978425838, valid r2: 0.36369280978341423, test r2: 0.00430884167715162
Training Results:
r2: 0.5897
rmse: 0.5171
mae: 0.4075
Validation Results:
r2: 0.3637
rmse: 0.6145
mae: 0.4970
Test Results:
r2: 0.0043
rmse: 0.6452
mae: 0.5250
3/51
train r2: 0.6800583077273392, valid r2: 0.43443169949110805, test r2: -0.4630789257872068
Training Results:
r2: 0.6801
rmse: 0.4566
mae: 0.3655
Validation Results:
r2: 0.4344
rmse: 0.5794
mae: 0.4540
Test Results:
r2: -0.4631
rmse: 0.7821
mae: 0.6637
4/51
train r2: 0.7796308640032015, valid r2: 0.5108869177289785, test r2: -0.30339068782458045
Training Results:
r2: 0.7796
rmse: 0.3794
mae: 0.2912
Validation Results:
r2: 0.5109
rmse: 0.5388
mae: 0.4343
Test Results:
r2: -0.3034
rmse: 0.7382
mae: 0.5427
5/51
train r2: 0.7808096250975873, valid r2: 0.5502015277095611, test r2: -0.28206666550469617
Training Results:
r2: 0.7808
rmse: 0.3776
mae: 0.2952
Validation Results:
r2: 0.5502
rmse: 0.5167
mae: 0.4130
Test Results:
r2: -0.2821
rmse: 0.7322
mae: 0.5729
6/51
train r2: 0.8081974165818768, valid r2: 0.5586343960542088, test r2: -0.5685086463241162
Training Results:
r2: 0.8082
rmse: 0.3539
mae: 0.2795
Validation Results:
r2: 0.5586
rmse: 0.5118
mae: 0.3998
Test Results:
r2: -0.5685
rmse: 0.8098
mae: 0.6204
7/51
train r2: 0.834858731878284, valid r2: 0.4909023328977422, test r2: -0.5244984094992853
Training Results:
r2: 0.8349
rmse: 0.3280
mae: 0.2559
Validation Results:
r2: 0.4909
rmse: 0.5497
mae: 0.4396
Test Results:
r2: -0.5245
rmse: 0.7984
mae: 0.5928
8/51
train r2: 0.8186243993660465, valid r2: 0.5076033127399545, test r2: -0.33356172194768763
Training Results:
r2: 0.8186
rmse: 0.3442
mae: 0.2595
Validation Results:
r2: 0.5076
rmse: 0.5406
mae: 0.4369
Test Results:
r2: -0.3336
rmse: 0.7467
mae: 0.5058
9/51
train r2: 0.8682021845858138, valid r2: 0.5714651748527658, test r2: -0.19698103170657677
Training Results:
r2: 0.8682
rmse: 0.2933
mae: 0.2292
Validation Results:
r2: 0.5715
rmse: 0.5043
mae: 0.4040
Test Results:
r2: -0.1970
rmse: 0.7074
mae: 0.5053
10/51
train r2: 0.8877855177782195, valid r2: 0.4735548230713408, test r2: -0.34649500194174876
Training Results:
r2: 0.8878
rmse: 0.2705
mae: 0.2145
Validation Results:
r2: 0.4736
rmse: 0.5590
mae: 0.4295
Test Results:
r2: -0.3465
rmse: 0.7503
mae: 0.5677
11/51
train r2: 0.9160467293662344, valid r2: 0.5814556104686425, test r2: -0.24930169942356084
Training Results:
r2: 0.9160
rmse: 0.2341
mae: 0.1801
Validation Results:
r2: 0.5815
rmse: 0.4984
mae: 0.3852
Test Results:
r2: -0.2493
rmse: 0.7227
mae: 0.4903
12/51
train r2: 0.9424865593641983, valid r2: 0.5529202021081114, test r2: -0.265144770013108
Training Results:
r2: 0.9425
rmse: 0.1937
mae: 0.1474
Validation Results:
r2: 0.5529
rmse: 0.5151
mae: 0.3915
Test Results:
r2: -0.2651
rmse: 0.7273
mae: 0.5347
13/51
train r2: 0.9529349885457937, valid r2: 0.5728047555895341, test r2: -0.11997805173700238
Training Results:
r2: 0.9529
rmse: 0.1745
mae: 0.1321
Validation Results:
r2: 0.5728
rmse: 0.5035
mae: 0.4045
Test Results:
r2: -0.1200
rmse: 0.6843
mae: 0.4713
14/51
train r2: 0.9425730448910359, valid r2: 0.5633811550463175, test r2: -0.3731103808663996
Training Results:
r2: 0.9426
rmse: 0.1933
mae: 0.1537
Validation Results:
r2: 0.5634
rmse: 0.5090
mae: 0.3942
Test Results:
r2: -0.3731
rmse: 0.7577
mae: 0.5329
15/51
train r2: 0.9625203908698299, valid r2: 0.5927109050601456, test r2: -0.13526216191269236
Training Results:
r2: 0.9625
rmse: 0.1563
mae: 0.1154
Validation Results:
r2: 0.5927
rmse: 0.4916
mae: 0.3844
Test Results:
r2: -0.1353
rmse: 0.6890
mae: 0.4938
16/51
train r2: 0.9709384027603886, valid r2: 0.5487177980531004, test r2: -0.25099671697763726
Training Results:
r2: 0.9709
rmse: 0.1374
mae: 0.1074
Validation Results:
r2: 0.5487
rmse: 0.5175
mae: 0.3938
Test Results:
r2: -0.2510
rmse: 0.7232
mae: 0.5066
17/51
train r2: 0.9780539856498491, valid r2: 0.5776168129600344, test r2: -0.20361458777545915
Training Results:
r2: 0.9781
rmse: 0.1197
mae: 0.0918
Validation Results:
r2: 0.5776
rmse: 0.5007
mae: 0.3897
Test Results:
r2: -0.2036
rmse: 0.7094
mae: 0.5015
18/51
train r2: 0.9790453293684559, valid r2: 0.5718586697848356, test r2: -0.1537190680420808
Training Results:
r2: 0.9790
rmse: 0.1168
mae: 0.0912
Validation Results:
r2: 0.5719
rmse: 0.5041
mae: 0.3962
Test Results:
r2: -0.1537
rmse: 0.6945
mae: 0.4922
19/51
train r2: 0.9888788470928453, valid r2: 0.6035134281098771, test r2: -0.14728555654019315
Training Results:
r2: 0.9889
rmse: 0.0847
mae: 0.0627
Validation Results:
r2: 0.6035
rmse: 0.4851
mae: 0.3777
Test Results:
r2: -0.1473
rmse: 0.6926
mae: 0.4908
20/51
train r2: 0.993007864390264, valid r2: 0.6046373868928789, test r2: -0.1681454682689758
Training Results:
r2: 0.9930
rmse: 0.0675
mae: 0.0498
Validation Results:
r2: 0.6046
rmse: 0.4844
mae: 0.3816
Test Results:
r2: -0.1681
rmse: 0.6989
mae: 0.4894
21/51
train r2: 0.9943199355258749, valid r2: 0.588320681029091, test r2: -0.19878414139248513
Training Results:
r2: 0.9943
rmse: 0.0608
mae: 0.0471
Validation Results:
r2: 0.5883
rmse: 0.4943
mae: 0.3858
Test Results:
r2: -0.1988
rmse: 0.7080
mae: 0.4991
22/51
train r2: 0.9941791576213012, valid r2: 0.5869641020986929, test r2: -0.15935308490862132
Training Results:
r2: 0.9942
rmse: 0.0616
mae: 0.0474
Validation Results:
r2: 0.5870
rmse: 0.4951
mae: 0.3942
Test Results:
r2: -0.1594
rmse: 0.6962
mae: 0.4848
23/51
train r2: 0.9959912057200111, valid r2: 0.6211969128568268, test r2: -0.19312759731922569
Training Results:
r2: 0.9960
rmse: 0.0511
mae: 0.0383
Validation Results:
r2: 0.6212
rmse: 0.4741
mae: 0.3691
Test Results:
r2: -0.1931
rmse: 0.7063
mae: 0.4846
24/51
train r2: 0.9958967630650292, valid r2: 0.5937587712853518, test r2: -0.2286786474192184
Training Results:
r2: 0.9959
rmse: 0.0516
mae: 0.0387
Validation Results:
r2: 0.5938
rmse: 0.4910
mae: 0.3804
Test Results:
r2: -0.2287
rmse: 0.7168
mae: 0.5033
25/51
train r2: 0.9973946260241225, valid r2: 0.6203980852569893, test r2: -0.15991568941475598
Training Results:
r2: 0.9974
rmse: 0.0411
mae: 0.0301
Validation Results:
r2: 0.6204
rmse: 0.4746
mae: 0.3711
Test Results:
r2: -0.1599
rmse: 0.6964
mae: 0.4821
26/51
train r2: 0.9979555219620443, valid r2: 0.613162631929178, test r2: -0.1591218837921533
Training Results:
r2: 0.9980
rmse: 0.0365
mae: 0.0270
Validation Results:
r2: 0.6132
rmse: 0.4791
mae: 0.3736
Test Results:
r2: -0.1591
rmse: 0.6962
mae: 0.4873
27/51
train r2: 0.9982087500388929, valid r2: 0.6032332933463856, test r2: -0.18660121408139907
Training Results:
r2: 0.9982
rmse: 0.0342
mae: 0.0246
Validation Results:
r2: 0.6032
rmse: 0.4853
mae: 0.3759
Test Results:
r2: -0.1866
rmse: 0.7044
mae: 0.4913
28/51
train r2: 0.9986148853617911, valid r2: 0.6024544787078647, test r2: -0.18110824400841752
Training Results:
r2: 0.9986
rmse: 0.0301
mae: 0.0222
Validation Results:
r2: 0.6025
rmse: 0.4857
mae: 0.3779
Test Results:
r2: -0.1811
rmse: 0.7027
mae: 0.4968
29/51
train r2: 0.99880157247481, valid r2: 0.6143408065164779, test r2: -0.18961981135978978
Training Results:
r2: 0.9988
rmse: 0.0279
mae: 0.0203
Validation Results:
r2: 0.6143
rmse: 0.4784
mae: 0.3729
Test Results:
r2: -0.1896
rmse: 0.7053
mae: 0.4944
30/51
train r2: 0.999125837954125, valid r2: 0.6142456454428775, test r2: -0.1984846541718399
Training Results:
r2: 0.9991
rmse: 0.0239
mae: 0.0168
Validation Results:
r2: 0.6142
rmse: 0.4785
mae: 0.3732
Test Results:
r2: -0.1985
rmse: 0.7079
mae: 0.4955
31/51
train r2: 0.9992678295542505, valid r2: 0.6081249822008625, test r2: -0.19421501995231139
Training Results:
r2: 0.9993
rmse: 0.0219
mae: 0.0149
Validation Results:
r2: 0.6081
rmse: 0.4823
mae: 0.3788
Test Results:
r2: -0.1942
rmse: 0.7066
mae: 0.4952
32/51
train r2: 0.9992961849895686, valid r2: 0.6146914461102633, test r2: -0.17593738457596242
Training Results:
r2: 0.9993
rmse: 0.0214
mae: 0.0147
Validation Results:
r2: 0.6147
rmse: 0.4782
mae: 0.3759
Test Results:
r2: -0.1759
rmse: 0.7012
mae: 0.4882
33/51
train r2: 0.9993885739744894, valid r2: 0.605473289869044, test r2: -0.19953142822556535
Training Results:
r2: 0.9994
rmse: 0.0200
mae: 0.0145
Validation Results:
r2: 0.6055
rmse: 0.4839
mae: 0.3795
Test Results:
r2: -0.1995
rmse: 0.7082
mae: 0.4973
34/51
train r2: 0.9994955559844039, valid r2: 0.6118175871491998, test r2: -0.19628158535195794
Training Results:
r2: 0.9995
rmse: 0.0181
mae: 0.0124
Validation Results:
r2: 0.6118
rmse: 0.4800
mae: 0.3760
Test Results:
r2: -0.1963
rmse: 0.7072
mae: 0.4943
35/51
train r2: 0.9996021474820143, valid r2: 0.6074307417152172, test r2: -0.1969275880479402
Training Results:
r2: 0.9996
rmse: 0.0161
mae: 0.0102
Validation Results:
r2: 0.6074
rmse: 0.4827
mae: 0.3785
Test Results:
r2: -0.1969
rmse: 0.7074
mae: 0.4972
36/51
train r2: 0.9996683564263722, valid r2: 0.6136618027665932, test r2: -0.18743436088347853
Training Results:
r2: 0.9997
rmse: 0.0147
mae: 0.0092
Validation Results:
r2: 0.6137
rmse: 0.4788
mae: 0.3766
Test Results:
r2: -0.1874
rmse: 0.7046
mae: 0.4915
37/51
train r2: 0.9996882660620411, valid r2: 0.6125832155908686, test r2: -0.18538290924295953
Training Results:
r2: 0.9997
rmse: 0.0143
mae: 0.0087
Validation Results:
r2: 0.6126
rmse: 0.4795
mae: 0.3764
Test Results:
r2: -0.1854
rmse: 0.7040
mae: 0.4918
38/51
train r2: 0.9997259541001069, valid r2: 0.6154538801296162, test r2: -0.18444367682196172
Training Results:
r2: 0.9997
rmse: 0.0134
mae: 0.0082
Validation Results:
r2: 0.6155
rmse: 0.4777
mae: 0.3753
Test Results:
r2: -0.1844
rmse: 0.7037
mae: 0.4917
39/51
train r2: 0.999717291286015, valid r2: 0.6096269150922581, test r2: -0.19739831540722497
Training Results:
r2: 0.9997
rmse: 0.0136
mae: 0.0088
Validation Results:
r2: 0.6096
rmse: 0.4813
mae: 0.3773
Test Results:
r2: -0.1974
rmse: 0.7076
mae: 0.4955
40/51
train r2: 0.9997897878999792, valid r2: 0.6121889638884253, test r2: -0.18923432933237017
Training Results:
r2: 0.9998
rmse: 0.0117
mae: 0.0065
Validation Results:
r2: 0.6122
rmse: 0.4797
mae: 0.3766
Test Results:
r2: -0.1892
rmse: 0.7052
mae: 0.4928
41/51
train r2: 0.9997796524879194, valid r2: 0.6130797280167023, test r2: -0.18963445851937188
Training Results:
r2: 0.9998
rmse: 0.0120
mae: 0.0066
Validation Results:
r2: 0.6131
rmse: 0.4792
mae: 0.3761
Test Results:
r2: -0.1896
rmse: 0.7053
mae: 0.4926
42/51
train r2: 0.9998373952359396, valid r2: 0.6137283261031057, test r2: -0.1904965952954658
Training Results:
r2: 0.9998
rmse: 0.0103
mae: 0.0055
Validation Results:
r2: 0.6137
rmse: 0.4788
mae: 0.3752
Test Results:
r2: -0.1905
rmse: 0.7055
mae: 0.4929
43/51
train r2: 0.9998432025631309, valid r2: 0.612393040761307, test r2: -0.1896938667968162
Training Results:
r2: 0.9998
rmse: 0.0101
mae: 0.0054
Validation Results:
r2: 0.6124
rmse: 0.4796
mae: 0.3765
Test Results:
r2: -0.1897
rmse: 0.7053
mae: 0.4936
break!
train: 0.9960, val: 0.6212, test: -0.1931
end_test_result: (-0.19312759731922569, 0.7063090205192566, 0.4846320152282715)
Time used on CycPept_Caco2: 0:34:0
Current seed: 2064, current split method: Perimeter, current task: CycPept_Caco2
Namespace(seed=2024, times=5, n_epochs=50, config='base', model_path='../models/pretrained/base/base.pth', dataset='CycPept_Caco2', data_path='../datasets/', dataset_type='regression', use_scaler=True, metric=['r2', 'rmse', 'mae'], split='Perimeter_2064', weight_decay=0.0, dropout=0.0, lr=3e-05, n_threads=8)
args.seed: 2024
use label scaler
use label scaler
use label scaler
model have 90.143705M paramerters in total
train_dataset.mean: tensor([-6.2711]) train_dataset.std: tensor([0.7952])
1/51
train r2: 0.3352151471713545, valid r2: 0.0633105152088752, test r2: 0.15990825961440747
Training Results:
r2: 0.3352
rmse: 0.6493
mae: 0.5571
Validation Results:
r2: 0.0633
rmse: 0.7189
mae: 0.6137
Test Results:
r2: 0.1599
rmse: 0.7051
mae: 0.6213
2/51
train r2: 0.580410061565509, valid r2: 0.27313395731144086, test r2: 0.10656300118285222
Training Results:
r2: 0.5804
rmse: 0.5160
mae: 0.4215
Validation Results:
r2: 0.2731
rmse: 0.6333
mae: 0.5279
Test Results:
r2: 0.1066
rmse: 0.7271
mae: 0.6162
3/51
train r2: 0.7209592970166765, valid r2: 0.4232916181110614, test r2: 0.2217022429502722
Training Results:
r2: 0.7210
rmse: 0.4224
mae: 0.3318
Validation Results:
r2: 0.4233
rmse: 0.5641
mae: 0.4497
Test Results:
r2: 0.2217
rmse: 0.6787
mae: 0.5239
4/51
train r2: 0.6935145588005183, valid r2: 0.2943723212584445, test r2: 0.07145582210288492
Training Results:
r2: 0.6935
rmse: 0.4391
mae: 0.3526
Validation Results:
r2: 0.2944
rmse: 0.6240
mae: 0.5308
Test Results:
r2: 0.0715
rmse: 0.7413
mae: 0.6136
5/51
train r2: 0.7581550894197385, valid r2: 0.36510770087764177, test r2: 0.2036635453722484
Training Results:
r2: 0.7582
rmse: 0.3923
mae: 0.3096
Validation Results:
r2: 0.3651
rmse: 0.5919
mae: 0.4760
Test Results:
r2: 0.2037
rmse: 0.6865
mae: 0.5394
6/51
train r2: 0.7759637415341334, valid r2: 0.4080979940176932, test r2: 0.23418855604740152
Training Results:
r2: 0.7760
rmse: 0.3767
mae: 0.2924
Validation Results:
r2: 0.4081
rmse: 0.5715
mae: 0.4440
Test Results:
r2: 0.2342
rmse: 0.6732
mae: 0.5133
7/51
train r2: 0.8485730520522285, valid r2: 0.38320287453865753, test r2: 0.22981069431533085
Training Results:
r2: 0.8486
rmse: 0.3100
mae: 0.2330
Validation Results:
r2: 0.3832
rmse: 0.5834
mae: 0.4639
Test Results:
r2: 0.2298
rmse: 0.6751
mae: 0.4854
8/51
train r2: 0.8724564630356552, valid r2: 0.44586717071689363, test r2: 0.15207598224198748
Training Results:
r2: 0.8725
rmse: 0.2836
mae: 0.2132
Validation Results:
r2: 0.4459
rmse: 0.5530
mae: 0.4323
Test Results:
r2: 0.1521
rmse: 0.7084
mae: 0.5297
9/51
train r2: 0.901213662356275, valid r2: 0.43421314663128663, test r2: 0.28874254168625235
Training Results:
r2: 0.9012
rmse: 0.2491
mae: 0.1861
Validation Results:
r2: 0.4342
rmse: 0.5588
mae: 0.4312
Test Results:
r2: 0.2887
rmse: 0.6488
mae: 0.4752
10/51
train r2: 0.912541543937302, valid r2: 0.4695664580821043, test r2: 0.2903170110541583
Training Results:
r2: 0.9125
rmse: 0.2353
mae: 0.1813
Validation Results:
r2: 0.4696
rmse: 0.5410
mae: 0.4140
Test Results:
r2: 0.2903
rmse: 0.6481
mae: 0.4751
11/51
train r2: 0.912719752810021, valid r2: 0.4435914280094577, test r2: 0.2392088134400775
Training Results:
r2: 0.9127
rmse: 0.2334
mae: 0.1821
Validation Results:
r2: 0.4436
rmse: 0.5541
mae: 0.4225
Test Results:
r2: 0.2392
rmse: 0.6710
mae: 0.4960
12/51
train r2: 0.938010986281201, valid r2: 0.471931631468819, test r2: 0.29315543369263053
Training Results:
r2: 0.9380
rmse: 0.1974
mae: 0.1486
Validation Results:
r2: 0.4719
rmse: 0.5398
mae: 0.4194
Test Results:
r2: 0.2932
rmse: 0.6468
mae: 0.4779
13/51
train r2: 0.9492955154786545, valid r2: 0.5053657984188815, test r2: 0.25325411018380173
Training Results:
r2: 0.9493
rmse: 0.1793
mae: 0.1355
Validation Results:
r2: 0.5054
rmse: 0.5224
mae: 0.3981
Test Results:
r2: 0.2533
rmse: 0.6648
mae: 0.5015
14/51
train r2: 0.9571458363645597, valid r2: 0.500920502079109, test r2: 0.3100361497640699
Training Results:
r2: 0.9571
rmse: 0.1649
mae: 0.1267
Validation Results:
r2: 0.5009
rmse: 0.5248
mae: 0.4069
Test Results:
r2: 0.3100
rmse: 0.6390
mae: 0.4648
15/51
train r2: 0.9517774242168845, valid r2: 0.4887792332490134, test r2: 0.2579015432903914
Training Results:
r2: 0.9518
rmse: 0.1743
mae: 0.1352
Validation Results:
r2: 0.4888
rmse: 0.5311
mae: 0.4098
Test Results:
r2: 0.2579
rmse: 0.6627
mae: 0.4897
16/51
train r2: 0.9658850386320919, valid r2: 0.4916926451041176, test r2: 0.21569874269646316
Training Results:
r2: 0.9659
rmse: 0.1474
mae: 0.1123
Validation Results:
r2: 0.4917
rmse: 0.5296
mae: 0.4037
Test Results:
r2: 0.2157
rmse: 0.6813
mae: 0.5111
17/51
train r2: 0.9679030686782577, valid r2: 0.4887266649838219, test r2: 0.2620829343005796
Training Results:
r2: 0.9679
rmse: 0.1423
mae: 0.1081
Validation Results:
r2: 0.4887
rmse: 0.5312
mae: 0.4027
Test Results:
r2: 0.2621
rmse: 0.6608
mae: 0.4845
18/51
train r2: 0.9806242183273077, valid r2: 0.4880325040414022, test r2: 0.2746659528355291
Training Results:
r2: 0.9806
rmse: 0.1103
mae: 0.0837
Validation Results:
r2: 0.4880
rmse: 0.5315
mae: 0.4042
Test Results:
r2: 0.2747
rmse: 0.6552
mae: 0.4736
19/51
train r2: 0.9856568271780726, valid r2: 0.4625421483103468, test r2: 0.2505590435799012
Training Results:
r2: 0.9857
rmse: 0.0948
mae: 0.0687
Validation Results:
r2: 0.4625
rmse: 0.5446
mae: 0.4164
Test Results:
r2: 0.2506
rmse: 0.6660
mae: 0.4910
20/51
train r2: 0.9857185628225278, valid r2: 0.48519348402654405, test r2: 0.22095377857520304
Training Results:
r2: 0.9857
rmse: 0.0947
mae: 0.0734
Validation Results:
r2: 0.4852
rmse: 0.5330
mae: 0.4078
Test Results:
r2: 0.2210
rmse: 0.6790
mae: 0.5009
21/51
train r2: 0.9891633405924127, valid r2: 0.46929083062018595, test r2: 0.31864072879604943
Training Results:
r2: 0.9892
rmse: 0.0828
mae: 0.0596
Validation Results:
r2: 0.4693
rmse: 0.5412
mae: 0.4000
Test Results:
r2: 0.3186
rmse: 0.6350
mae: 0.4602
22/51
train r2: 0.9910279131227868, valid r2: 0.48504475444970485, test r2: 0.26333348644993604
Training Results:
r2: 0.9910
rmse: 0.0751
mae: 0.0505
Validation Results:
r2: 0.4850
rmse: 0.5331
mae: 0.4102
Test Results:
r2: 0.2633
rmse: 0.6603
mae: 0.4845
23/51
train r2: 0.9914286163277221, valid r2: 0.4880021908531217, test r2: 0.24388093392008903
Training Results:
r2: 0.9914
rmse: 0.0740
mae: 0.0567
Validation Results:
r2: 0.4880
rmse: 0.5315
mae: 0.4086
Test Results:
r2: 0.2439
rmse: 0.6689
mae: 0.4914
24/51
train r2: 0.9919100155136081, valid r2: 0.5096901563194761, test r2: 0.2990242467427099
Training Results:
r2: 0.9919
rmse: 0.0717
mae: 0.0567
Validation Results:
r2: 0.5097
rmse: 0.5202
mae: 0.3957
Test Results:
r2: 0.2990
rmse: 0.6441
mae: 0.4627
25/51
train r2: 0.9946478608578178, valid r2: 0.513121106860916, test r2: 0.24734131214106392
Training Results:
r2: 0.9946
rmse: 0.0583
mae: 0.0446
Validation Results:
r2: 0.5131
rmse: 0.5183
mae: 0.3943
Test Results:
r2: 0.2473
rmse: 0.6674
mae: 0.4862
26/51
train r2: 0.9960767799722507, valid r2: 0.5030960459901118, test r2: 0.272026258867767
Training Results:
r2: 0.9961
rmse: 0.0498
mae: 0.0369
Validation Results:
r2: 0.5031
rmse: 0.5236
mae: 0.3958
Test Results:
r2: 0.2720
rmse: 0.6564
mae: 0.4766
27/51
train r2: 0.9966905544717011, valid r2: 0.4977784109845612, test r2: 0.28248690041053326
Training Results:
r2: 0.9967
rmse: 0.0454
mae: 0.0350
Validation Results:
r2: 0.4978
rmse: 0.5264
mae: 0.4046
Test Results:
r2: 0.2825
rmse: 0.6516
mae: 0.4703
28/51
train r2: 0.9978968977938973, valid r2: 0.5012079986787308, test r2: 0.2644548458889112
Training Results:
r2: 0.9979
rmse: 0.0365
mae: 0.0263
Validation Results:
r2: 0.5012
rmse: 0.5246
mae: 0.3987
Test Results:
r2: 0.2645
rmse: 0.6598
mae: 0.4799
29/51
train r2: 0.9972926784304355, valid r2: 0.4928794311006732, test r2: 0.2839154768733877
Training Results:
r2: 0.9973
rmse: 0.0414
mae: 0.0308
Validation Results:
r2: 0.4929
rmse: 0.5290
mae: 0.4078
Test Results:
r2: 0.2839
rmse: 0.6510
mae: 0.4695
30/51
train r2: 0.9981634044463497, valid r2: 0.5031003837596173, test r2: 0.2746527781013839
Training Results:
r2: 0.9982
rmse: 0.0342
mae: 0.0236
Validation Results:
r2: 0.5031
rmse: 0.5236
mae: 0.3959
Test Results:
r2: 0.2747
rmse: 0.6552
mae: 0.4738
31/51
train r2: 0.9985667103070023, valid r2: 0.49994527262896027, test r2: 0.26980625914523537
Training Results:
r2: 0.9986
rmse: 0.0301
mae: 0.0201
Validation Results:
r2: 0.4999
rmse: 0.5253
mae: 0.3994
Test Results:
r2: 0.2698
rmse: 0.6574
mae: 0.4764
32/51
train r2: 0.9988759312988087, valid r2: 0.4926765396842373, test r2: 0.2666499625028378
Training Results:
r2: 0.9989
rmse: 0.0268
mae: 0.0162
Validation Results:
r2: 0.4927
rmse: 0.5291
mae: 0.4063
Test Results:
r2: 0.2666
rmse: 0.6588
mae: 0.4785
33/51
train r2: 0.9988153936317011, valid r2: 0.5041006831582128, test r2: 0.2686938453570523
Training Results:
r2: 0.9988
rmse: 0.0272
mae: 0.0184
Validation Results:
r2: 0.5041
rmse: 0.5231
mae: 0.3979
Test Results:
r2: 0.2687
rmse: 0.6579
mae: 0.4762
34/51
train r2: 0.999002950205328, valid r2: 0.49339045955409955, test r2: 0.2637081215978958
Training Results:
r2: 0.9990
rmse: 0.0250
mae: 0.0146
Validation Results:
r2: 0.4934
rmse: 0.5287
mae: 0.4069
Test Results:
r2: 0.2637
rmse: 0.6601
mae: 0.4800
35/51
train r2: 0.9991925399595599, valid r2: 0.49539028730373247, test r2: 0.26246624372042937
Training Results:
r2: 0.9992
rmse: 0.0227
mae: 0.0142
Validation Results:
r2: 0.4954
rmse: 0.5277
mae: 0.4040
Test Results:
r2: 0.2625
rmse: 0.6607
mae: 0.4794
36/51
train r2: 0.9992699419804885, valid r2: 0.5009226788426038, test r2: 0.2699801389734955
Training Results:
r2: 0.9993
rmse: 0.0215
mae: 0.0138
Validation Results:
r2: 0.5009
rmse: 0.5248
mae: 0.4003
Test Results:
r2: 0.2700
rmse: 0.6573
mae: 0.4771
37/51
train r2: 0.9994854777558101, valid r2: 0.4979350528417851, test r2: 0.26402717359031624
Training Results:
r2: 0.9995
rmse: 0.0181
mae: 0.0101
Validation Results:
r2: 0.4979
rmse: 0.5263
mae: 0.4021
Test Results:
r2: 0.2640
rmse: 0.6600
mae: 0.4800
38/51
train r2: 0.9993862488201255, valid r2: 0.4989971749600327, test r2: 0.27138032365306797
Training Results:
r2: 0.9994
rmse: 0.0197
mae: 0.0124
Validation Results:
r2: 0.4990
rmse: 0.5258
mae: 0.4030
Test Results:
r2: 0.2714
rmse: 0.6566
mae: 0.4769
39/51
train r2: 0.9995602008164718, valid r2: 0.5044294009157471, test r2: 0.2669312686857147
Training Results:
r2: 0.9996
rmse: 0.0166
mae: 0.0090
Validation Results:
r2: 0.5044
rmse: 0.5229
mae: 0.3984
Test Results:
r2: 0.2669
rmse: 0.6586
mae: 0.4786
40/51
train r2: 0.9995483425039294, valid r2: 0.4979682440799724, test r2: 0.2687247771121358
Training Results:
r2: 0.9995
rmse: 0.0168
mae: 0.0091
Validation Results:
r2: 0.4980
rmse: 0.5263
mae: 0.4035
Test Results:
r2: 0.2687
rmse: 0.6578
mae: 0.4780
41/51
train r2: 0.9996441905242844, valid r2: 0.5021215903795924, test r2: 0.26531549201709803
Training Results:
r2: 0.9996
rmse: 0.0150
mae: 0.0084
Validation Results:
r2: 0.5021
rmse: 0.5242
mae: 0.3993
Test Results:
r2: 0.2653
rmse: 0.6594
mae: 0.4800
42/51
train r2: 0.9996827355247697, valid r2: 0.5018964920534036, test r2: 0.27050707526838036
Training Results:
r2: 0.9997
rmse: 0.0142
mae: 0.0073
Validation Results:
r2: 0.5019
rmse: 0.5243
mae: 0.3989
Test Results:
r2: 0.2705
rmse: 0.6570
mae: 0.4769
43/51
train r2: 0.9997076650971357, valid r2: 0.5046527170346919, test r2: 0.26823214868593404
Training Results:
r2: 0.9997
rmse: 0.0136
mae: 0.0063
Validation Results:
r2: 0.5047
rmse: 0.5228
mae: 0.3982
Test Results:
r2: 0.2682
rmse: 0.6581
mae: 0.4788
44/51
train r2: 0.9996966650859362, valid r2: 0.4979405262785397, test r2: 0.26824667604853747
Training Results:
r2: 0.9997
rmse: 0.0139
mae: 0.0059
Validation Results:
r2: 0.4979
rmse: 0.5263
mae: 0.4032
Test Results:
r2: 0.2682
rmse: 0.6581
mae: 0.4781
45/51
train r2: 0.9997542190140122, valid r2: 0.5023587251810344, test r2: 0.26918397347833345
Training Results:
r2: 0.9998
rmse: 0.0125
mae: 0.0057
Validation Results:
r2: 0.5024
rmse: 0.5240
mae: 0.3992
Test Results:
r2: 0.2692
rmse: 0.6576
mae: 0.4783
break!
train: 0.9946, val: 0.5131, test: 0.2473
end_test_result: (0.24734131214106392, 0.6673910021781921, 0.48615142703056335)
args.seed: 2034
use label scaler
use label scaler
use label scaler
model have 90.143705M paramerters in total
train_dataset.mean: tensor([-6.2711]) train_dataset.std: tensor([0.7952])
1/51
train r2: 0.2462033353240426, valid r2: 0.012264903921796577, test r2: 0.1982694217560118
Training Results:
r2: 0.2462
rmse: 0.6906
mae: 0.5660
Validation Results:
r2: 0.0123
rmse: 0.7383
mae: 0.6038
Test Results:
r2: 0.1983
rmse: 0.6888
mae: 0.5858
2/51
train r2: 0.6248711865548794, valid r2: 0.20068676909727068, test r2: 0.18056169457820148
Training Results:
r2: 0.6249
rmse: 0.4851
mae: 0.3878
Validation Results:
r2: 0.2007
rmse: 0.6641
mae: 0.5486
Test Results:
r2: 0.1806
rmse: 0.6964
mae: 0.5766
3/51
train r2: 0.7044177544866818, valid r2: 0.30863304369902733, test r2: 0.049081437128584704
Training Results:
r2: 0.7044
rmse: 0.4346
mae: 0.3531
Validation Results:
r2: 0.3086
rmse: 0.6177
mae: 0.5238
Test Results:
r2: 0.0491
rmse: 0.7502
mae: 0.5893
4/51
train r2: 0.6371939546528278, valid r2: 0.1861358152638215, test r2: 0.18048601560852795
Training Results:
r2: 0.6372
rmse: 0.4817
mae: 0.3804
Validation Results:
r2: 0.1861
rmse: 0.6701
mae: 0.5008
Test Results:
r2: 0.1805
rmse: 0.6964
mae: 0.5208
5/51
train r2: 0.8110428490515177, valid r2: 0.37847868934087214, test r2: 0.07991141720267647
Training Results:
r2: 0.8110
rmse: 0.3425
mae: 0.2632
Validation Results:
r2: 0.3785
rmse: 0.5856
mae: 0.4599
Test Results:
r2: 0.0799
rmse: 0.7379
mae: 0.5242
6/51
train r2: 0.8072882552896233, valid r2: 0.4299739479463007, test r2: 0.1263036866588605
Training Results:
r2: 0.8073
rmse: 0.3487
mae: 0.2710
Validation Results:
r2: 0.4300
rmse: 0.5608
mae: 0.4351
Test Results:
r2: 0.1263
rmse: 0.7191
mae: 0.5258
7/51
train r2: 0.8307253608976215, valid r2: 0.29364479092159357, test r2: 0.07794005471084531
Training Results:
r2: 0.8307
rmse: 0.3277
mae: 0.2505
Validation Results:
r2: 0.2936
rmse: 0.6243
mae: 0.4842
Test Results:
r2: 0.0779
rmse: 0.7387
mae: 0.5684
8/51
train r2: 0.8363647592342827, valid r2: 0.2930302107167505, test r2: 0.22189252574639906
Training Results:
r2: 0.8364
rmse: 0.3213
mae: 0.2482
Validation Results:
r2: 0.2930
rmse: 0.6246
mae: 0.5004
Test Results:
r2: 0.2219
rmse: 0.6786
mae: 0.4866
9/51
train r2: 0.8804920779227053, valid r2: 0.3884945470867399, test r2: 0.1610217640474666
Training Results:
r2: 0.8805
rmse: 0.2746
mae: 0.2093
Validation Results:
r2: 0.3885
rmse: 0.5809
mae: 0.4598
Test Results:
r2: 0.1610
rmse: 0.7046
mae: 0.4953
10/51
train r2: 0.8888496536031525, valid r2: 0.3979917645352361, test r2: 0.15869585038070622
Training Results:
r2: 0.8888
rmse: 0.2668
mae: 0.2037
Validation Results:
r2: 0.3980
rmse: 0.5764
mae: 0.4491
Test Results:
r2: 0.1587
rmse: 0.7056
mae: 0.5227
11/51
train r2: 0.9223285452197938, valid r2: 0.36426607592723725, test r2: 0.2197357330707188
Training Results:
r2: 0.9223
rmse: 0.2211
mae: 0.1653
Validation Results:
r2: 0.3643
rmse: 0.5923
mae: 0.4576
Test Results:
r2: 0.2197
rmse: 0.6795
mae: 0.4779
12/51
train r2: 0.9283471727893257, valid r2: 0.37891583722609157, test r2: 0.16491784811770172
Training Results:
r2: 0.9283
rmse: 0.2131
mae: 0.1648
Validation Results:
r2: 0.3789
rmse: 0.5854
mae: 0.4679
Test Results:
r2: 0.1649
rmse: 0.7030
mae: 0.5189
13/51
train r2: 0.9001397191149336, valid r2: 0.42958509703241154, test r2: 0.019455935627580412
Training Results:
r2: 0.9001
rmse: 0.2522
mae: 0.2004
Validation Results:
r2: 0.4296
rmse: 0.5610
mae: 0.4381
Test Results:
r2: 0.0195
rmse: 0.7618
mae: 0.5787
14/51
train r2: 0.9360591137203071, valid r2: 0.4195691442085291, test r2: 0.12992359852786273
Training Results:
r2: 0.9361
rmse: 0.2019
mae: 0.1550
Validation Results:
r2: 0.4196
rmse: 0.5659
mae: 0.4316
Test Results:
r2: 0.1299
rmse: 0.7176
mae: 0.5269
15/51
train r2: 0.954420683048153, valid r2: 0.3855484349544456, test r2: 0.22334883990288779
Training Results:
r2: 0.9544
rmse: 0.1694
mae: 0.1314
Validation Results:
r2: 0.3855
rmse: 0.5823
mae: 0.4534
Test Results:
r2: 0.2233
rmse: 0.6779
mae: 0.4769
16/51
train r2: 0.9709693209432755, valid r2: 0.4486514617101274, test r2: 0.22621099841796222
Training Results:
r2: 0.9710
rmse: 0.1358
mae: 0.1020
Validation Results:
r2: 0.4487
rmse: 0.5516
mae: 0.4300
Test Results:
r2: 0.2262
rmse: 0.6767
mae: 0.4870
17/51
train r2: 0.9769269653421258, valid r2: 0.45206468255239896, test r2: 0.2129896324578021
Training Results:
r2: 0.9769
rmse: 0.1206
mae: 0.0911
Validation Results:
r2: 0.4521
rmse: 0.5499
mae: 0.4263
Test Results:
r2: 0.2130
rmse: 0.6825
mae: 0.4839
18/51
train r2: 0.978918510505461, valid r2: 0.4295361685953313, test r2: 0.2166778429217947
Training Results:
r2: 0.9789
rmse: 0.1158
mae: 0.0840
Validation Results:
r2: 0.4295
rmse: 0.5611
mae: 0.4308
Test Results:
r2: 0.2167
rmse: 0.6809
mae: 0.4818
19/51
train r2: 0.9821543519572654, valid r2: 0.4508095697447998, test r2: 0.21114105498420244
Training Results:
r2: 0.9822
rmse: 0.1063
mae: 0.0763
Validation Results:
r2: 0.4508
rmse: 0.5505
mae: 0.4310
Test Results:
r2: 0.2111
rmse: 0.6833
mae: 0.4789
20/51
train r2: 0.9825927545896396, valid r2: 0.424912576851732, test r2: 0.2210367709390738
Training Results:
r2: 0.9826
rmse: 0.1052
mae: 0.0799
Validation Results:
r2: 0.4249
rmse: 0.5633
mae: 0.4416
Test Results:
r2: 0.2210
rmse: 0.6790
mae: 0.4757
21/51
train r2: 0.9904911523747818, valid r2: 0.4392277624185267, test r2: 0.22257364852273254
Training Results:
r2: 0.9905
rmse: 0.0779
mae: 0.0594
Validation Results:
r2: 0.4392
rmse: 0.5563
mae: 0.4322
Test Results:
r2: 0.2226
rmse: 0.6783
mae: 0.4756
22/51
train r2: 0.9935217679187173, valid r2: 0.44198926712792774, test r2: 0.20522262162196847
Training Results:
r2: 0.9935
rmse: 0.0642
mae: 0.0485
Validation Results:
r2: 0.4420
rmse: 0.5549
mae: 0.4316
Test Results:
r2: 0.2052
rmse: 0.6858
mae: 0.4826
23/51
train r2: 0.9941272020017421, valid r2: 0.4461097242343526, test r2: 0.21034394419243263
Training Results:
r2: 0.9941
rmse: 0.0608
mae: 0.0456
Validation Results:
r2: 0.4461
rmse: 0.5528
mae: 0.4300
Test Results:
r2: 0.2103
rmse: 0.6836
mae: 0.4789
24/51
train r2: 0.9938344694557033, valid r2: 0.4325375071134927, test r2: 0.2147547259473277
Training Results:
r2: 0.9938
rmse: 0.0626
mae: 0.0489
Validation Results:
r2: 0.4325
rmse: 0.5596
mae: 0.4402
Test Results:
r2: 0.2148
rmse: 0.6817
mae: 0.4864
25/51
train r2: 0.9963073202679198, valid r2: 0.4294058342199101, test r2: 0.19781377587359616
Training Results:
r2: 0.9963
rmse: 0.0486
mae: 0.0363
Validation Results:
r2: 0.4294
rmse: 0.5611
mae: 0.4346
Test Results:
r2: 0.1978
rmse: 0.6890
mae: 0.4844
26/51
train r2: 0.996536799789752, valid r2: 0.44275189094655065, test r2: 0.21132091772091222
Training Results:
r2: 0.9965
rmse: 0.0469
mae: 0.0353
Validation Results:
r2: 0.4428
rmse: 0.5545
mae: 0.4279
Test Results:
r2: 0.2113
rmse: 0.6832
mae: 0.4825
27/51
train r2: 0.9972725429542625, valid r2: 0.4446576507039698, test r2: 0.22177184952473938
Training Results:
r2: 0.9973
rmse: 0.0416
mae: 0.0318
Validation Results:
r2: 0.4447
rmse: 0.5536
mae: 0.4286
Test Results:
r2: 0.2218
rmse: 0.6786
mae: 0.4771
28/51
train r2: 0.9981973758700564, valid r2: 0.4330241181237787, test r2: 0.2240881275741209
Training Results:
r2: 0.9982
rmse: 0.0338
mae: 0.0232
Validation Results:
r2: 0.4330
rmse: 0.5593
mae: 0.4373
Test Results:
r2: 0.2241
rmse: 0.6776
mae: 0.4785
29/51
train r2: 0.9979301718760009, valid r2: 0.44064097563683746, test r2: 0.2031114065536812
Training Results:
r2: 0.9979
rmse: 0.0358
mae: 0.0260
Validation Results:
r2: 0.4406
rmse: 0.5556
mae: 0.4328
Test Results:
r2: 0.2031
rmse: 0.6867
mae: 0.4833
30/51
train r2: 0.9986704536137184, valid r2: 0.4482891240118059, test r2: 0.2180655694951824
Training Results:
r2: 0.9987
rmse: 0.0292
mae: 0.0211
Validation Results:
r2: 0.4483
rmse: 0.5518
mae: 0.4295
Test Results:
r2: 0.2181
rmse: 0.6802
mae: 0.4778
31/51
train r2: 0.999015822154374, valid r2: 0.44076279334315427, test r2: 0.20639580723505613
Training Results:
r2: 0.9990
rmse: 0.0249
mae: 0.0172
Validation Results:
r2: 0.4408
rmse: 0.5555
mae: 0.4319
Test Results:
r2: 0.2064
rmse: 0.6853
mae: 0.4815
32/51
train r2: 0.9990662966257227, valid r2: 0.443756119491863, test r2: 0.21142846001415694
Training Results:
r2: 0.9991
rmse: 0.0244
mae: 0.0171
Validation Results:
r2: 0.4438
rmse: 0.5540
mae: 0.4310
Test Results:
r2: 0.2114
rmse: 0.6831
mae: 0.4805
33/51
train r2: 0.999284201861258, valid r2: 0.4519829457016086, test r2: 0.21380657882371623
Training Results:
r2: 0.9993
rmse: 0.0212
mae: 0.0146
Validation Results:
r2: 0.4520
rmse: 0.5499
mae: 0.4264
Test Results:
r2: 0.2138
rmse: 0.6821
mae: 0.4801
34/51
train r2: 0.9992520831596798, valid r2: 0.45191029401132243, test r2: 0.21974487156544287
Training Results:
r2: 0.9993
rmse: 0.0217
mae: 0.0140
Validation Results:
r2: 0.4519
rmse: 0.5499
mae: 0.4241
Test Results:
r2: 0.2197
rmse: 0.6795
mae: 0.4776
35/51
train r2: 0.9994749138217599, valid r2: 0.4462913576082155, test r2: 0.21369468757388288
Training Results:
r2: 0.9995
rmse: 0.0182
mae: 0.0119
Validation Results:
r2: 0.4463
rmse: 0.5528
mae: 0.4284
Test Results:
r2: 0.2137
rmse: 0.6821
mae: 0.4801
36/51
train r2: 0.9994181444719518, valid r2: 0.44588827530490105, test r2: 0.20520718087705692
Training Results:
r2: 0.9994
rmse: 0.0191
mae: 0.0134
Validation Results:
r2: 0.4459
rmse: 0.5530
mae: 0.4307
Test Results:
r2: 0.2052
rmse: 0.6858
mae: 0.4835
37/51
train r2: 0.9995167336459593, valid r2: 0.45331189736493116, test r2: 0.21123003622812964
Training Results:
r2: 0.9995
rmse: 0.0175
mae: 0.0113
Validation Results:
r2: 0.4533
rmse: 0.5492
mae: 0.4254
Test Results:
r2: 0.2112
rmse: 0.6832
mae: 0.4807
38/51
train r2: 0.9996230231940564, valid r2: 0.4515201549296698, test r2: 0.2085365335392818
Training Results:
r2: 0.9996
rmse: 0.0154
mae: 0.0097
Validation Results:
r2: 0.4515
rmse: 0.5501
mae: 0.4269
Test Results:
r2: 0.2085
rmse: 0.6844
mae: 0.4818
39/51
train r2: 0.9996818550843002, valid r2: 0.4513738923417553, test r2: 0.20555767518227852
Training Results:
r2: 0.9997
rmse: 0.0141
mae: 0.0095
Validation Results:
r2: 0.4514
rmse: 0.5502
mae: 0.4271
Test Results:
r2: 0.2056
rmse: 0.6857
mae: 0.4827
40/51
train r2: 0.999727030954522, valid r2: 0.45093579232116543, test r2: 0.21298391890426815
Training Results:
r2: 0.9997
rmse: 0.0131
mae: 0.0076
Validation Results:
r2: 0.4509
rmse: 0.5504
mae: 0.4273
Test Results:
r2: 0.2130
rmse: 0.6825
mae: 0.4801
41/51
train r2: 0.9997389934096486, valid r2: 0.4509916231070221, test r2: 0.20747686633172924
Training Results:
r2: 0.9997
rmse: 0.0128
mae: 0.0078
Validation Results:
r2: 0.4510
rmse: 0.5504
mae: 0.4274
Test Results:
r2: 0.2075
rmse: 0.6848
mae: 0.4823
42/51
train r2: 0.999763511260387, valid r2: 0.44710040237806514, test r2: 0.2106700981007864
Training Results:
r2: 0.9998
rmse: 0.0122
mae: 0.0064
Validation Results:
r2: 0.4471
rmse: 0.5524
mae: 0.4299
Test Results:
r2: 0.2107
rmse: 0.6835
mae: 0.4813
43/51
train r2: 0.9998082938069833, valid r2: 0.4506058520866547, test r2: 0.21218297800979646
Training Results:
r2: 0.9998
rmse: 0.0110
mae: 0.0055
Validation Results:
r2: 0.4506
rmse: 0.5506
mae: 0.4279
Test Results:
r2: 0.2122
rmse: 0.6828
mae: 0.4810
44/51
train r2: 0.9998125109845919, valid r2: 0.45086984017199905, test r2: 0.2110039887494044
Training Results:
r2: 0.9998
rmse: 0.0108
mae: 0.0053
Validation Results:
r2: 0.4509
rmse: 0.5505
mae: 0.4276
Test Results:
r2: 0.2110
rmse: 0.6833
mae: 0.4813
45/51
train r2: 0.9998256060556502, valid r2: 0.4514010366921234, test r2: 0.209362317851019
Training Results:
r2: 0.9998
rmse: 0.0105
mae: 0.0053
Validation Results:
r2: 0.4514
rmse: 0.5502
mae: 0.4271
Test Results:
r2: 0.2094
rmse: 0.6840
mae: 0.4816
46/51
train r2: 0.9998301701230352, valid r2: 0.44882689642500473, test r2: 0.2101063611015287
Training Results:
r2: 0.9998
rmse: 0.0103
mae: 0.0049
Validation Results:
r2: 0.4488
rmse: 0.5515
mae: 0.4291
Test Results:
r2: 0.2101
rmse: 0.6837
mae: 0.4815
47/51
train r2: 0.9998465342430402, valid r2: 0.4507833877409346, test r2: 0.2109523033282219
Training Results:
r2: 0.9998
rmse: 0.0099
mae: 0.0043
Validation Results:
r2: 0.4508
rmse: 0.5505
mae: 0.4275
Test Results:
r2: 0.2110
rmse: 0.6833
mae: 0.4813
48/51
train r2: 0.9998448812535589, valid r2: 0.4511115495099769, test r2: 0.21192490196634228
Training Results:
r2: 0.9998
rmse: 0.0099
mae: 0.0046
Validation Results:
r2: 0.4511
rmse: 0.5503
mae: 0.4275
Test Results:
r2: 0.2119
rmse: 0.6829
mae: 0.4811
49/51
train r2: 0.999853097158966, valid r2: 0.44954519734632903, test r2: 0.210906602547976
Training Results:
r2: 0.9999
rmse: 0.0096
mae: 0.0040
Validation Results:
r2: 0.4495
rmse: 0.5511
mae: 0.4285
Test Results:
r2: 0.2109
rmse: 0.6834
mae: 0.4814
50/51
train r2: 0.999858489548492, valid r2: 0.45041366374814085, test r2: 0.21123335318008463
Training Results:
r2: 0.9999
rmse: 0.0095
mae: 0.0037
Validation Results:
r2: 0.4504
rmse: 0.5507
mae: 0.4279
Test Results:
r2: 0.2112
rmse: 0.6832
mae: 0.4813
train: 0.9995, val: 0.4533, test: 0.2112
end_test_result: (0.21123003622812964, 0.6832135319709778, 0.4806647002696991)
args.seed: 2044
use label scaler
use label scaler
use label scaler
model have 90.143705M paramerters in total
train_dataset.mean: tensor([-6.2711]) train_dataset.std: tensor([0.7952])
1/51
train r2: 0.35918012420266876, valid r2: -0.07369591086211447, test r2: 0.1083300427840641
Training Results:
r2: 0.3592
rmse: 0.6387
mae: 0.5361
Validation Results:
r2: -0.0737
rmse: 0.7697
mae: 0.6539
Test Results:
r2: 0.1083
rmse: 0.7264
mae: 0.6276
2/51
train r2: 0.6196465092103927, valid r2: 0.22773533356376663, test r2: 0.17639219405097006
Training Results:
r2: 0.6196
rmse: 0.4906
mae: 0.3941
Validation Results:
r2: 0.2277
rmse: 0.6528
mae: 0.5320
Test Results:
r2: 0.1764
rmse: 0.6981
mae: 0.5717
3/51
train r2: 0.7119122220414491, valid r2: 0.28330576816621644, test r2: 0.05407840649559448
Training Results:
r2: 0.7119
rmse: 0.4261
mae: 0.3394
Validation Results:
r2: 0.2833
rmse: 0.6289
mae: 0.5320
Test Results:
r2: 0.0541
rmse: 0.7482
mae: 0.5741
4/51
train r2: 0.7523254718952248, valid r2: 0.4103749157428076, test r2: 0.10037888788908311
Training Results:
r2: 0.7523
rmse: 0.3957
mae: 0.3121
Validation Results:
r2: 0.4104
rmse: 0.5704
mae: 0.4582
Test Results:
r2: 0.1004
rmse: 0.7296
mae: 0.5659
5/51
train r2: 0.7861989888092153, valid r2: 0.3939369189691373, test r2: 0.011299962816893605
Training Results:
r2: 0.7862
rmse: 0.3675
mae: 0.2852
Validation Results:
r2: 0.3939
rmse: 0.5783
mae: 0.4566
Test Results:
r2: 0.0113
rmse: 0.7649
mae: 0.5620
6/51
train r2: 0.7990076778858368, valid r2: 0.2418502128545874, test r2: -0.07159052217696926
Training Results:
r2: 0.7990
rmse: 0.3585
mae: 0.2794
Validation Results:
r2: 0.2419
rmse: 0.6468
mae: 0.5059
Test Results:
r2: -0.0716
rmse: 0.7963
mae: 0.5809
7/51
train r2: 0.7812132024192533, valid r2: 0.3210742143692846, test r2: 0.20702483658335924
Training Results:
r2: 0.7812
rmse: 0.3732
mae: 0.2961
Validation Results:
r2: 0.3211
rmse: 0.6121
mae: 0.4800
Test Results:
r2: 0.2070
rmse: 0.6850
mae: 0.5053
8/51
train r2: 0.8694063881034282, valid r2: 0.43360306245382163, test r2: 0.18695668934039267
Training Results:
r2: 0.8694
rmse: 0.2880
mae: 0.2191
Validation Results:
r2: 0.4336
rmse: 0.5591
mae: 0.4354
Test Results:
r2: 0.1870
rmse: 0.6936
mae: 0.5081
9/51
train r2: 0.8857960408151884, valid r2: 0.4668271568513338, test r2: 0.21761829676377253
Training Results:
r2: 0.8858
rmse: 0.2691
mae: 0.1986
Validation Results:
r2: 0.4668
rmse: 0.5424
mae: 0.4207
Test Results:
r2: 0.2176
rmse: 0.6804
mae: 0.4861
10/51
train r2: 0.7950692360504055, valid r2: 0.1730295315701128, test r2: -0.19616350406088312
Training Results:
r2: 0.7951
rmse: 0.3602
mae: 0.2960
Validation Results:
r2: 0.1730
rmse: 0.6755
mae: 0.5585
Test Results:
r2: -0.1962
rmse: 0.8413
mae: 0.6817
11/51
train r2: 0.8908759291053892, valid r2: 0.32028014778271485, test r2: 0.1495365935287727
Training Results:
r2: 0.8909
rmse: 0.2613
mae: 0.2002
Validation Results:
r2: 0.3203
rmse: 0.6124
mae: 0.4820
Test Results:
r2: 0.1495
rmse: 0.7094
mae: 0.5020
12/51
train r2: 0.9170774377187431, valid r2: 0.3265513530347164, test r2: 0.20172676699463066
Training Results:
r2: 0.9171
rmse: 0.2297
mae: 0.1727
Validation Results:
r2: 0.3266
rmse: 0.6096
mae: 0.4694
Test Results:
r2: 0.2017
rmse: 0.6873
mae: 0.4744
13/51
train r2: 0.9431832774070307, valid r2: 0.41532212827757053, test r2: 0.20554665340652378
Training Results:
r2: 0.9432
rmse: 0.1885
mae: 0.1385
Validation Results:
r2: 0.4153
rmse: 0.5680
mae: 0.4350
Test Results:
r2: 0.2055
rmse: 0.6857
mae: 0.4815
14/51
train r2: 0.9401579860784747, valid r2: 0.4030570858886572, test r2: 0.05265400584579982
Training Results:
r2: 0.9402
rmse: 0.1938
mae: 0.1476
Validation Results:
r2: 0.4031
rmse: 0.5739
mae: 0.4425
Test Results:
r2: 0.0527
rmse: 0.7487
mae: 0.5147
15/51
train r2: 0.9385322169864917, valid r2: 0.4079036237126633, test r2: 0.21371225733268517
Training Results:
r2: 0.9385
rmse: 0.1977
mae: 0.1534
Validation Results:
r2: 0.4079
rmse: 0.5716
mae: 0.4270
Test Results:
r2: 0.2137
rmse: 0.6821
mae: 0.4770
16/51
train r2: 0.9532557635183395, valid r2: 0.4212395564084854, test r2: 0.2378345739822214
Training Results:
r2: 0.9533
rmse: 0.1711
mae: 0.1330
Validation Results:
r2: 0.4212
rmse: 0.5651
mae: 0.4318
Test Results:
r2: 0.2378
rmse: 0.6716
mae: 0.4741
17/51
train r2: 0.9558742912771315, valid r2: 0.4361560504115204, test r2: 0.0459188120529751
Training Results:
r2: 0.9559
rmse: 0.1662
mae: 0.1310
Validation Results:
r2: 0.4362
rmse: 0.5578
mae: 0.4316
Test Results:
r2: 0.0459
rmse: 0.7514
mae: 0.5552
18/51
train r2: 0.9702560732296894, valid r2: 0.4223427663352962, test r2: 0.17058968638574046
Training Results:
r2: 0.9703
rmse: 0.1368
mae: 0.1054
Validation Results:
r2: 0.4223
rmse: 0.5646
mae: 0.4471
Test Results:
r2: 0.1706
rmse: 0.7006
mae: 0.4976
19/51
train r2: 0.972290401975687, valid r2: 0.4249176513902191, test r2: 0.18277850365263437
Training Results:
r2: 0.9723
rmse: 0.1330
mae: 0.1071
Validation Results:
r2: 0.4249
rmse: 0.5633
mae: 0.4340
Test Results:
r2: 0.1828
rmse: 0.6954
mae: 0.4894
20/51
train r2: 0.9843093980819254, valid r2: 0.4353748807308213, test r2: 0.11421904766410917
Training Results:
r2: 0.9843
rmse: 0.0998
mae: 0.0761
Validation Results:
r2: 0.4354
rmse: 0.5582
mae: 0.4248
Test Results:
r2: 0.1142
rmse: 0.7240
mae: 0.5160
21/51
train r2: 0.9873395286565066, valid r2: 0.4070279627232214, test r2: 0.11995007054985873
Training Results:
r2: 0.9873
rmse: 0.0896
mae: 0.0640
Validation Results:
r2: 0.4070
rmse: 0.5720
mae: 0.4359
Test Results:
r2: 0.1200
rmse: 0.7217
mae: 0.5014
22/51
train r2: 0.9859259753402078, valid r2: 0.42079063910768555, test r2: 0.15151825777794448
Training Results:
r2: 0.9859
rmse: 0.0940
mae: 0.0724
Validation Results:
r2: 0.4208
rmse: 0.5653
mae: 0.4351
Test Results:
r2: 0.1515
rmse: 0.7086
mae: 0.4945
23/51
train r2: 0.9914432566386084, valid r2: 0.39255663202259694, test r2: 0.142651415010972
Training Results:
r2: 0.9914
rmse: 0.0736
mae: 0.0559
Validation Results:
r2: 0.3926
rmse: 0.5790
mae: 0.4446
Test Results:
r2: 0.1427
rmse: 0.7123
mae: 0.4909
24/51
train r2: 0.9930604921356326, valid r2: 0.4083361672423974, test r2: 0.13632450558079678
Training Results:
r2: 0.9931
rmse: 0.0662
mae: 0.0494
Validation Results:
r2: 0.4083
rmse: 0.5714
mae: 0.4389
Test Results:
r2: 0.1363
rmse: 0.7149
mae: 0.4963
25/51
train r2: 0.9949365766799002, valid r2: 0.4457085571005919, test r2: 0.12778623170112535
Training Results:
r2: 0.9949
rmse: 0.0567
mae: 0.0429
Validation Results:
r2: 0.4457
rmse: 0.5530
mae: 0.4249
Test Results:
r2: 0.1278
rmse: 0.7184
mae: 0.5053
26/51
train r2: 0.994592852435576, valid r2: 0.4228371449613749, test r2: 0.10970187743037985
Training Results:
r2: 0.9946
rmse: 0.0581
mae: 0.0447
Validation Results:
r2: 0.4228
rmse: 0.5643
mae: 0.4353
Test Results:
r2: 0.1097
rmse: 0.7259
mae: 0.5054
27/51
train r2: 0.9971516764745992, valid r2: 0.4351171129456264, test r2: 0.15310793785275956
Training Results:
r2: 0.9972
rmse: 0.0424
mae: 0.0303
Validation Results:
r2: 0.4351
rmse: 0.5583
mae: 0.4327
Test Results:
r2: 0.1531
rmse: 0.7079
mae: 0.4921
28/51
train r2: 0.9974622961416962, valid r2: 0.4235092303516639, test r2: 0.14364112673470797
Training Results:
r2: 0.9975
rmse: 0.0400
mae: 0.0279
Validation Results:
r2: 0.4235
rmse: 0.5640
mae: 0.4348
Test Results:
r2: 0.1436
rmse: 0.7119
mae: 0.4915
29/51
train r2: 0.9962717718238578, valid r2: 0.43719232180476264, test r2: 0.1083981723437678
Training Results:
r2: 0.9963
rmse: 0.0484
mae: 0.0381
Validation Results:
r2: 0.4372
rmse: 0.5573
mae: 0.4305
Test Results:
r2: 0.1084
rmse: 0.7264
mae: 0.5069
break!
train: 0.8858, val: 0.4668, test: 0.2176
end_test_result: (0.21761829676377253, 0.6804412007331848, 0.48614302277565)
args.seed: 2054
use label scaler
use label scaler
use label scaler
model have 90.143705M paramerters in total
train_dataset.mean: tensor([-6.2711]) train_dataset.std: tensor([0.7952])
1/51
train r2: 0.28358975647644247, valid r2: -0.23535317491217755, test r2: -0.22071818787699193
Training Results:
r2: 0.2836
rmse: 0.6712
mae: 0.5660
Validation Results:
r2: -0.2354
rmse: 0.8256
mae: 0.6916
Test Results:
r2: -0.2207
rmse: 0.8499
mae: 0.7321
2/51
train r2: 0.6216089444404361, valid r2: 0.21260832016631137, test r2: 0.023274864499156944
Training Results:
r2: 0.6216
rmse: 0.4877
mae: 0.3899
Validation Results:
r2: 0.2126
rmse: 0.6592
mae: 0.5423
Test Results:
r2: 0.0233
rmse: 0.7603
mae: 0.6214
3/51
train r2: 0.7238315472754211, valid r2: 0.3262036181585386, test r2: 0.14730485632131762
Training Results:
r2: 0.7238
rmse: 0.4197
mae: 0.3252
Validation Results:
r2: 0.3262
rmse: 0.6098
mae: 0.4773
Test Results:
r2: 0.1473
rmse: 0.7104
mae: 0.5222
4/51
train r2: 0.5770069481943582, valid r2: 0.26760011642801074, test r2: 0.23228145205185247
Training Results:
r2: 0.5770
rmse: 0.5182
mae: 0.4061
Validation Results:
r2: 0.2676
rmse: 0.6357
mae: 0.5019
Test Results:
r2: 0.2323
rmse: 0.6740
mae: 0.5159
5/51
train r2: 0.7924816216594265, valid r2: 0.31562705177357253, test r2: 0.06021518400647108
Training Results:
r2: 0.7925
rmse: 0.3602
mae: 0.2815
Validation Results:
r2: 0.3156
rmse: 0.6145
mae: 0.4927
Test Results:
r2: 0.0602
rmse: 0.7458
mae: 0.5390
6/51
train r2: 0.8333031459790792, valid r2: 0.3793760273766359, test r2: 0.20203190568636953
Training Results:
r2: 0.8333
rmse: 0.3230
mae: 0.2425
Validation Results:
r2: 0.3794
rmse: 0.5852
mae: 0.4547
Test Results:
r2: 0.2020
rmse: 0.6872
mae: 0.4849
7/51
train r2: 0.7919259536926339, valid r2: 0.3417525085055694, test r2: 0.1258413251987529
Training Results:
r2: 0.7919
rmse: 0.3608
mae: 0.2720
Validation Results:
r2: 0.3418
rmse: 0.6027
mae: 0.4711
Test Results:
r2: 0.1258
rmse: 0.7192
mae: 0.5139
8/51
train r2: 0.8269550085416801, valid r2: 0.4153012651834108, test r2: -0.05810274796008241
Training Results:
r2: 0.8270
rmse: 0.3307
mae: 0.2617
Validation Results:
r2: 0.4153
rmse: 0.5680
mae: 0.4403
Test Results:
r2: -0.0581
rmse: 0.7913
mae: 0.5825
9/51
train r2: 0.8753893626737242, valid r2: 0.43582149215608423, test r2: 0.10722153466184614
Training Results:
r2: 0.8754
rmse: 0.2808
mae: 0.2135
Validation Results:
r2: 0.4358
rmse: 0.5580
mae: 0.4329
Test Results:
r2: 0.1072
rmse: 0.7269
mae: 0.5179
10/51
train r2: 0.8421483541028087, valid r2: 0.3530001381199419, test r2: 0.22099792011185126
Training Results:
r2: 0.8421
rmse: 0.3148
mae: 0.2517
Validation Results:
r2: 0.3530
rmse: 0.5975
mae: 0.4662
Test Results:
r2: 0.2210
rmse: 0.6790
mae: 0.4880
11/51
train r2: 0.8932875549925662, valid r2: 0.4243293400328675, test r2: 0.12525119931019602
Training Results:
r2: 0.8933
rmse: 0.2606
mae: 0.2085
Validation Results:
r2: 0.4243
rmse: 0.5636
mae: 0.4445
Test Results:
r2: 0.1253
rmse: 0.7195
mae: 0.5308
12/51
train r2: 0.9494631193142415, valid r2: 0.4576711113508357, test r2: 0.14397952395520963
Training Results:
r2: 0.9495
rmse: 0.1784
mae: 0.1354
Validation Results:
r2: 0.4577
rmse: 0.5470
mae: 0.4192
Test Results:
r2: 0.1440
rmse: 0.7117
mae: 0.5171
13/51
train r2: 0.9562567354399593, valid r2: 0.4466254252132571, test r2: 0.1964415862585891
Training Results:
r2: 0.9563
rmse: 0.1667
mae: 0.1267
Validation Results:
r2: 0.4466
rmse: 0.5526
mae: 0.4352
Test Results:
r2: 0.1964
rmse: 0.6896
mae: 0.4902
14/51
train r2: 0.962129244895841, valid r2: 0.4867337315714102, test r2: 0.1256900064245693
Training Results:
r2: 0.9621
rmse: 0.1542
mae: 0.1176
Validation Results:
r2: 0.4867
rmse: 0.5322
mae: 0.4116
Test Results:
r2: 0.1257
rmse: 0.7193
mae: 0.5155
15/51
train r2: 0.973384473358524, valid r2: 0.4459043349106745, test r2: 0.262108978756063
Training Results:
r2: 0.9734
rmse: 0.1294
mae: 0.0986
Validation Results:
r2: 0.4459
rmse: 0.5530
mae: 0.4285
Test Results:
r2: 0.2621
rmse: 0.6608
mae: 0.4690
16/51
train r2: 0.9685749290936198, valid r2: 0.45356052066794517, test r2: 0.28108652346096974
Training Results:
r2: 0.9686
rmse: 0.1414
mae: 0.1106
Validation Results:
r2: 0.4536
rmse: 0.5491
mae: 0.4153
Test Results:
r2: 0.2811
rmse: 0.6523
mae: 0.4529
17/51
train r2: 0.981132263228425, valid r2: 0.47840215841555167, test r2: 0.22136335811746377
Training Results:
r2: 0.9811
rmse: 0.1088
mae: 0.0827
Validation Results:
r2: 0.4784
rmse: 0.5365
mae: 0.4137
Test Results:
r2: 0.2214
rmse: 0.6788
mae: 0.4755
18/51
train r2: 0.9806822855382408, valid r2: 0.45542452671881317, test r2: 0.20150579236021504
Training Results:
r2: 0.9807
rmse: 0.1109
mae: 0.0856
Validation Results:
r2: 0.4554
rmse: 0.5482
mae: 0.4284
Test Results:
r2: 0.2015
rmse: 0.6874
mae: 0.4817
19/51
train r2: 0.9819813541774527, valid r2: 0.5068581546485889, test r2: 0.17060647232651605
Training Results:
r2: 0.9820
rmse: 0.1070
mae: 0.0820
Validation Results:
r2: 0.5069
rmse: 0.5217
mae: 0.4018
Test Results:
r2: 0.1706
rmse: 0.7006
mae: 0.4957
20/51
train r2: 0.9848222427073507, valid r2: 0.447570875239504, test r2: 0.25260209682599644
Training Results:
r2: 0.9848
rmse: 0.0981
mae: 0.0765
Validation Results:
r2: 0.4476
rmse: 0.5521
mae: 0.4250
Test Results:
r2: 0.2526
rmse: 0.6651
mae: 0.4655
21/51
train r2: 0.9892451464018052, valid r2: 0.4834748223484223, test r2: 0.21769910730875863
Training Results:
r2: 0.9892
rmse: 0.0820
mae: 0.0616
Validation Results:
r2: 0.4835
rmse: 0.5339
mae: 0.4058
Test Results:
r2: 0.2177
rmse: 0.6804
mae: 0.4771
22/51
train r2: 0.9927917895430585, valid r2: 0.45817303744659443, test r2: 0.21282628548530558
Training Results:
r2: 0.9928
rmse: 0.0672
mae: 0.0510
Validation Results:
r2: 0.4582
rmse: 0.5468
mae: 0.4267
Test Results:
r2: 0.2128
rmse: 0.6825
mae: 0.4838
23/51
train r2: 0.9937493676145452, valid r2: 0.47798704729915065, test r2: 0.19852069979802633
Training Results:
r2: 0.9937
rmse: 0.0631
mae: 0.0456
Validation Results:
r2: 0.4780
rmse: 0.5367
mae: 0.4135
Test Results:
r2: 0.1985
rmse: 0.6887
mae: 0.4798
24/51
train r2: 0.9955107671139809, valid r2: 0.4790592998514236, test r2: 0.20292680813293562
Training Results:
r2: 0.9955
rmse: 0.0532
mae: 0.0393
Validation Results:
r2: 0.4791
rmse: 0.5362
mae: 0.4159
Test Results:
r2: 0.2029
rmse: 0.6868
mae: 0.4804
25/51
train r2: 0.9953657726724889, valid r2: 0.46852445478566707, test r2: 0.21679332562429476
Training Results:
r2: 0.9954
rmse: 0.0540
mae: 0.0418
Validation Results:
r2: 0.4685
rmse: 0.5415
mae: 0.4198
Test Results:
r2: 0.2168
rmse: 0.6808
mae: 0.4700
26/51
train r2: 0.9973744645962472, valid r2: 0.4644385056711611, test r2: 0.22236383152316996
Training Results:
r2: 0.9974
rmse: 0.0408
mae: 0.0299
Validation Results:
r2: 0.4644
rmse: 0.5436
mae: 0.4230
Test Results:
r2: 0.2224
rmse: 0.6784
mae: 0.4732
27/51
train r2: 0.9971657763594203, valid r2: 0.46179622939832765, test r2: 0.1907402489761305
Training Results:
r2: 0.9972
rmse: 0.0424
mae: 0.0293
Validation Results:
r2: 0.4618
rmse: 0.5450
mae: 0.4212
Test Results:
r2: 0.1907
rmse: 0.6920
mae: 0.4832
28/51
train r2: 0.9974357218951808, valid r2: 0.4560999354439239, test r2: 0.19930371313454687
Training Results:
r2: 0.9974
rmse: 0.0404
mae: 0.0296
Validation Results:
r2: 0.4561
rmse: 0.5478
mae: 0.4237
Test Results:
r2: 0.1993
rmse: 0.6884
mae: 0.4805
29/51
train r2: 0.9978764136858328, valid r2: 0.4621796492050062, test r2: 0.2011686832424977
Training Results:
r2: 0.9979
rmse: 0.0366
mae: 0.0251
Validation Results:
r2: 0.4622
rmse: 0.5448
mae: 0.4187
Test Results:
r2: 0.2012
rmse: 0.6876
mae: 0.4796
30/51
train r2: 0.998161988197596, valid r2: 0.456546636270562, test r2: 0.22010792581125638
Training Results:
r2: 0.9982
rmse: 0.0341
mae: 0.0238
Validation Results:
r2: 0.4565
rmse: 0.5476
mae: 0.4263
Test Results:
r2: 0.2201
rmse: 0.6794
mae: 0.4744
31/51
train r2: 0.9981812984860176, valid r2: 0.45673750712981565, test r2: 0.18834139117497373
Training Results:
r2: 0.9982
rmse: 0.0339
mae: 0.0234
Validation Results:
r2: 0.4567
rmse: 0.5475
mae: 0.4275
Test Results:
r2: 0.1883
rmse: 0.6931
mae: 0.4849
32/51
train r2: 0.9987181654854728, valid r2: 0.46876592289924535, test r2: 0.21084132219195695
Training Results:
r2: 0.9987
rmse: 0.0285
mae: 0.0204
Validation Results:
r2: 0.4688
rmse: 0.5414
mae: 0.4197
Test Results:
r2: 0.2108
rmse: 0.6834
mae: 0.4774
33/51
train r2: 0.9990079710918177, valid r2: 0.45968261648905473, test r2: 0.2009982759912894
Training Results:
r2: 0.9990
rmse: 0.0251
mae: 0.0166
Validation Results:
r2: 0.4597
rmse: 0.5460
mae: 0.4245
Test Results:
r2: 0.2010
rmse: 0.6876
mae: 0.4817
34/51
train r2: 0.9990889388176856, valid r2: 0.46431726985839306, test r2: 0.20745940368378935
Training Results:
r2: 0.9991
rmse: 0.0240
mae: 0.0143
Validation Results:
r2: 0.4643
rmse: 0.5437
mae: 0.4199
Test Results:
r2: 0.2075
rmse: 0.6848
mae: 0.4779
35/51
train r2: 0.999282456077886, valid r2: 0.4687215984398013, test r2: 0.20550872600675663
Training Results:
r2: 0.9993
rmse: 0.0210
mae: 0.0128
Validation Results:
r2: 0.4687
rmse: 0.5414
mae: 0.4179
Test Results:
r2: 0.2055
rmse: 0.6857
mae: 0.4779
36/51
train r2: 0.9993108721037123, valid r2: 0.45708431932207283, test r2: 0.20639729786672123
Training Results:
r2: 0.9993
rmse: 0.0210
mae: 0.0115
Validation Results:
r2: 0.4571
rmse: 0.5473
mae: 0.4250
Test Results:
r2: 0.2064
rmse: 0.6853
mae: 0.4778
37/51
train r2: 0.9994332047267735, valid r2: 0.4683742335605421, test r2: 0.21105420160557298
Training Results:
r2: 0.9994
rmse: 0.0189
mae: 0.0104
Validation Results:
r2: 0.4684
rmse: 0.5416
mae: 0.4172
Test Results:
r2: 0.2111
rmse: 0.6833
mae: 0.4760
38/51
train r2: 0.9995008970033099, valid r2: 0.4640243927228448, test r2: 0.20806702821111944
Training Results:
r2: 0.9995
rmse: 0.0178
mae: 0.0102
Validation Results:
r2: 0.4640
rmse: 0.5438
mae: 0.4202
Test Results:
r2: 0.2081
rmse: 0.6846
mae: 0.4763
39/51
train r2: 0.9993216043968759, valid r2: 0.45544550530410044, test r2: 0.2029065599701746
Training Results:
r2: 0.9993
rmse: 0.0207
mae: 0.0111
Validation Results:
r2: 0.4554
rmse: 0.5482
mae: 0.4263
Test Results:
r2: 0.2029
rmse: 0.6868
mae: 0.4792
break!
train: 0.9820, val: 0.5069, test: 0.1706
end_test_result: (0.17060647232651605, 0.700586199760437, 0.495697021484375)
args.seed: 2064
use label scaler
use label scaler
use label scaler
model have 90.143705M paramerters in total
train_dataset.mean: tensor([-6.2711]) train_dataset.std: tensor([0.7952])
1/51
train r2: 0.2306817502241737, valid r2: 0.01278885962406151, test r2: 0.15632744461952508
Training Results:
r2: 0.2307
rmse: 0.6978
mae: 0.5881
Validation Results:
r2: 0.0128
rmse: 0.7381
mae: 0.6192
Test Results:
r2: 0.1563
rmse: 0.7066
mae: 0.6075
2/51
train r2: 0.5903746405832884, valid r2: 0.24947973523229638, test r2: 0.11029489686658445
Training Results:
r2: 0.5904
rmse: 0.5089
mae: 0.4079
Validation Results:
r2: 0.2495
rmse: 0.6435
mae: 0.5427
Test Results:
r2: 0.1103
rmse: 0.7256
mae: 0.6166
3/51
train r2: 0.6725822265336567, valid r2: 0.3966265151888819, test r2: 0.1902573593872251
Training Results:
r2: 0.6726
rmse: 0.4563
mae: 0.3480
Validation Results:
r2: 0.3966
rmse: 0.5770
mae: 0.4735
Test Results:
r2: 0.1903
rmse: 0.6922
mae: 0.5309
4/51
train r2: 0.7457991546414622, valid r2: 0.4034286928480768, test r2: 0.23174980399136902
Training Results:
r2: 0.7458
rmse: 0.4019
mae: 0.3117
Validation Results:
r2: 0.4034
rmse: 0.5738
mae: 0.4522
Test Results:
r2: 0.2317
rmse: 0.6743
mae: 0.5218
5/51
train r2: 0.710276239342694, valid r2: 0.3452883859685545, test r2: -0.033408575466164825
Training Results:
r2: 0.7103
rmse: 0.4268
mae: 0.3391
Validation Results:
r2: 0.3453
rmse: 0.6011
mae: 0.4976
Test Results:
r2: -0.0334
rmse: 0.7820
mae: 0.6381
6/51
train r2: 0.812141032289476, valid r2: 0.4238747398007845, test r2: 0.15832533423390294
Training Results:
r2: 0.8121
rmse: 0.3432
mae: 0.2669
Validation Results:
r2: 0.4239
rmse: 0.5638
mae: 0.4550
Test Results:
r2: 0.1583
rmse: 0.7058
mae: 0.5094
7/51
train r2: 0.8211598138496122, valid r2: 0.41214673589199613, test r2: 0.0583054491947218
Training Results:
r2: 0.8212
rmse: 0.3381
mae: 0.2666
Validation Results:
r2: 0.4121
rmse: 0.5695
mae: 0.4628
Test Results:
r2: 0.0583
rmse: 0.7465
mae: 0.5561
8/51
train r2: 0.8414848091791882, valid r2: 0.37677614752087585, test r2: -0.045288670816201027
Training Results:
r2: 0.8415
rmse: 0.3170
mae: 0.2453
Validation Results:
r2: 0.3768
rmse: 0.5864
mae: 0.4811
Test Results:
r2: -0.0453
rmse: 0.7865
mae: 0.6105
9/51
train r2: 0.8868262066751242, valid r2: 0.3354147458455373, test r2: 0.03122346920645136
Training Results:
r2: 0.8868
rmse: 0.2685
mae: 0.2052
Validation Results:
r2: 0.3354
rmse: 0.6056
mae: 0.4975
Test Results:
r2: 0.0312
rmse: 0.7572
mae: 0.5352
10/51
train r2: 0.8816102222432203, valid r2: 0.2947967000908057, test r2: 0.09295515564389334
Training Results:
r2: 0.8816
rmse: 0.2725
mae: 0.2102
Validation Results:
r2: 0.2948
rmse: 0.6238
mae: 0.5166
Test Results:
r2: 0.0930
rmse: 0.7326
mae: 0.5446
11/51
train r2: 0.8583297120861517, valid r2: 0.43512823768796005, test r2: -0.052222353003211985
Training Results:
r2: 0.8583
rmse: 0.3004
mae: 0.2405
Validation Results:
r2: 0.4351
rmse: 0.5583
mae: 0.4364
Test Results:
r2: -0.0522
rmse: 0.7891
mae: 0.6130
12/51
train r2: 0.9321326798655138, valid r2: 0.47037534386205604, test r2: 0.10750173270871066
Training Results:
r2: 0.9321
rmse: 0.2064
mae: 0.1594
Validation Results:
r2: 0.4704
rmse: 0.5406
mae: 0.4204
Test Results:
r2: 0.1075
rmse: 0.7267
mae: 0.5403
13/51
train r2: 0.9218065423665182, valid r2: 0.433179567531664, test r2: 0.30424981221696346
Training Results:
r2: 0.9218
rmse: 0.2228
mae: 0.1699
Validation Results:
r2: 0.4332
rmse: 0.5593
mae: 0.4344
Test Results:
r2: 0.3042
rmse: 0.6417
mae: 0.4595
14/51
train r2: 0.9601691019978497, valid r2: 0.4139853619232263, test r2: 0.2656198425264973
Training Results:
r2: 0.9602
rmse: 0.1591
mae: 0.1200
Validation Results:
r2: 0.4140
rmse: 0.5687
mae: 0.4282
Test Results:
r2: 0.2656
rmse: 0.6592
mae: 0.4687
15/51
train r2: 0.9542039676754009, valid r2: 0.4385179206300446, test r2: 0.19481307063147058
Training Results:
r2: 0.9542
rmse: 0.1698
mae: 0.1283
Validation Results:
r2: 0.4385
rmse: 0.5566
mae: 0.4346
Test Results:
r2: 0.1948
rmse: 0.6903
mae: 0.4869
16/51
train r2: 0.9672923868153851, valid r2: 0.5029283843061054, test r2: 0.25264169047201457
Training Results:
r2: 0.9673
rmse: 0.1444
mae: 0.1099
Validation Results:
r2: 0.5029
rmse: 0.5237
mae: 0.4053
Test Results:
r2: 0.2526
rmse: 0.6650
mae: 0.4661
17/51
train r2: 0.9611580020136068, valid r2: 0.44376984387294927, test r2: 0.2011354886075729
Training Results:
r2: 0.9612
rmse: 0.1569
mae: 0.1227
Validation Results:
r2: 0.4438
rmse: 0.5540
mae: 0.4331
Test Results:
r2: 0.2011
rmse: 0.6876
mae: 0.5029
18/51
train r2: 0.9686677120652032, valid r2: 0.47644050643282254, test r2: 0.2834986787821322
Training Results:
r2: 0.9687
rmse: 0.1410
mae: 0.1132
Validation Results:
r2: 0.4764
rmse: 0.5375
mae: 0.4294
Test Results:
r2: 0.2835
rmse: 0.6512
mae: 0.4666
19/51
train r2: 0.9832647458995613, valid r2: 0.48968948795354805, test r2: 0.23121094806608233
Training Results:
r2: 0.9833
rmse: 0.1028
mae: 0.0780
Validation Results:
r2: 0.4897
rmse: 0.5307
mae: 0.4188
Test Results:
r2: 0.2312
rmse: 0.6745
mae: 0.4725
20/51
train r2: 0.9865794208688933, valid r2: 0.4847658519000443, test r2: 0.2201743212884063
Training Results:
r2: 0.9866
rmse: 0.0914
mae: 0.0706
Validation Results:
r2: 0.4848
rmse: 0.5332
mae: 0.4197
Test Results:
r2: 0.2202
rmse: 0.6793
mae: 0.4825
21/51
train r2: 0.9910852404238503, valid r2: 0.45539034802754497, test r2: 0.2476094833888175
Training Results:
r2: 0.9911
rmse: 0.0750
mae: 0.0570
Validation Results:
r2: 0.4554
rmse: 0.5482
mae: 0.4307
Test Results:
r2: 0.2476
rmse: 0.6673
mae: 0.4694
22/51
train r2: 0.9925473683686944, valid r2: 0.4726120813854334, test r2: 0.24976376259841537
Training Results:
r2: 0.9925
rmse: 0.0690
mae: 0.0524
Validation Results:
r2: 0.4726
rmse: 0.5395
mae: 0.4230
Test Results:
r2: 0.2498
rmse: 0.6663
mae: 0.4741
23/51
train r2: 0.9934254888677585, valid r2: 0.4717314941125381, test r2: 0.22023870321427486
Training Results:
r2: 0.9934
rmse: 0.0641
mae: 0.0490
Validation Results:
r2: 0.4717
rmse: 0.5399
mae: 0.4242
Test Results:
r2: 0.2202
rmse: 0.6793
mae: 0.4885
24/51
train r2: 0.9953900300891374, valid r2: 0.47486917447283694, test r2: 0.21026693102825278
Training Results:
r2: 0.9954
rmse: 0.0543
mae: 0.0395
Validation Results:
r2: 0.4749
rmse: 0.5383
mae: 0.4175
Test Results:
r2: 0.2103
rmse: 0.6836
mae: 0.4823
25/51
train r2: 0.996427389647014, valid r2: 0.47273449281123747, test r2: 0.2569060232713566
Training Results:
r2: 0.9964
rmse: 0.0477
mae: 0.0344
Validation Results:
r2: 0.4727
rmse: 0.5394
mae: 0.4227
Test Results:
r2: 0.2569
rmse: 0.6631
mae: 0.4707
26/51
train r2: 0.9964603645495472, valid r2: 0.4834724660100479, test r2: 0.2505722594367932
Training Results:
r2: 0.9965
rmse: 0.0474
mae: 0.0340
Validation Results:
r2: 0.4835
rmse: 0.5339
mae: 0.4151
Test Results:
r2: 0.2506
rmse: 0.6660
mae: 0.4731
27/51
train r2: 0.9968326900806883, valid r2: 0.475456773655771, test r2: 0.2519574147610464
Training Results:
r2: 0.9968
rmse: 0.0448
mae: 0.0324
Validation Results:
r2: 0.4755
rmse: 0.5380
mae: 0.4236
Test Results:
r2: 0.2520
rmse: 0.6653
mae: 0.4702
28/51
train r2: 0.997581411398202, valid r2: 0.4942443299762842, test r2: 0.24161205856603563
Training Results:
r2: 0.9976
rmse: 0.0390
mae: 0.0270
Validation Results:
r2: 0.4942
rmse: 0.5283
mae: 0.4121
Test Results:
r2: 0.2416
rmse: 0.6699
mae: 0.4774
29/51
train r2: 0.9976016695860134, valid r2: 0.4680143066399255, test r2: 0.22088134883975796
Training Results:
r2: 0.9976
rmse: 0.0389
mae: 0.0262
Validation Results:
r2: 0.4680
rmse: 0.5418
mae: 0.4275
Test Results:
r2: 0.2209
rmse: 0.6790
mae: 0.4821
30/51
train r2: 0.9982077757452352, valid r2: 0.4708295908601924, test r2: 0.24871286785167257
Training Results:
r2: 0.9982
rmse: 0.0336
mae: 0.0225
Validation Results:
r2: 0.4708
rmse: 0.5404
mae: 0.4254
Test Results:
r2: 0.2487
rmse: 0.6668
mae: 0.4745
31/51
train r2: 0.9984155940909057, valid r2: 0.4862147925905487, test r2: 0.2537878973902553
Training Results:
r2: 0.9984
rmse: 0.0315
mae: 0.0209
Validation Results:
r2: 0.4862
rmse: 0.5325
mae: 0.4142
Test Results:
r2: 0.2538
rmse: 0.6645
mae: 0.4706
32/51
train r2: 0.9986681965453029, valid r2: 0.492106435935599, test r2: 0.23781182963283798
Training Results:
r2: 0.9987
rmse: 0.0290
mae: 0.0183
Validation Results:
r2: 0.4921
rmse: 0.5294
mae: 0.4113
Test Results:
r2: 0.2378
rmse: 0.6716
mae: 0.4760
33/51
train r2: 0.999100844846195, valid r2: 0.4800290574902504, test r2: 0.24294144967695064
Training Results:
r2: 0.9991
rmse: 0.0238
mae: 0.0140
Validation Results:
r2: 0.4800
rmse: 0.5357
mae: 0.4188
Test Results:
r2: 0.2429
rmse: 0.6693
mae: 0.4755
34/51
train r2: 0.999181974206687, valid r2: 0.48248102243542124, test r2: 0.23620539751455993
Training Results:
r2: 0.9992
rmse: 0.0227
mae: 0.0137
Validation Results:
r2: 0.4825
rmse: 0.5344
mae: 0.4184
Test Results:
r2: 0.2362
rmse: 0.6723
mae: 0.4773
35/51
train r2: 0.998949540058711, valid r2: 0.49004978312743497, test r2: 0.23654489006367607
Training Results:
r2: 0.9989
rmse: 0.0257
mae: 0.0163
Validation Results:
r2: 0.4900
rmse: 0.5305
mae: 0.4117
Test Results:
r2: 0.2365
rmse: 0.6722
mae: 0.4767
36/51
train r2: 0.9990786609686382, valid r2: 0.4838082581412869, test r2: 0.23251538872041222
Training Results:
r2: 0.9991
rmse: 0.0243
mae: 0.0150
Validation Results:
r2: 0.4838
rmse: 0.5337
mae: 0.4184
Test Results:
r2: 0.2325
rmse: 0.6739
mae: 0.4784
break!
train: 0.9673, val: 0.5029, test: 0.2526
end_test_result: (0.25264169047201457, 0.6650368571281433, 0.4660917818546295)
Time used on CycPept_Caco2: 0:30:34
nohup: ignoring input
Current seed: 2024, current split method: random, current task: CycPept_Caco2
Namespace(seed=2024, times=5, n_epochs=50, config='base', model_path='../models/pretrained/base/base.pth', dataset='CycPept_Caco2', data_path='../datasets/', dataset_type='regression', use_scaler=True, metric=['r2', 'rmse', 'mae'], split='random_2024', weight_decay=0.0, dropout=0.0, lr=3e-05, n_threads=8)
args.seed: 2024
use label scaler
use label scaler
use label scaler
model have 90.143705M paramerters in total
train_dataset.mean: tensor([-6.1779]) train_dataset.std: tensor([0.7888])
1/51
train r2: 0.331397508886896, valid r2: 0.3306885856708346, test r2: 0.24418900737107485
Training Results:
r2: 0.3314
rmse: 0.6450
mae: 0.5480
Validation Results:
r2: 0.3307
rmse: 0.6681
mae: 0.5703
Test Results:
r2: 0.2442
rmse: 0.7306
mae: 0.6073
2/51
train r2: 0.5796800427920917, valid r2: 0.5367656474183351, test r2: 0.5056660347775479
Training Results:
r2: 0.5797
rmse: 0.5093
mae: 0.4153
Validation Results:
r2: 0.5368
rmse: 0.5559
mae: 0.4602
Test Results:
r2: 0.5057
rmse: 0.5909
mae: 0.4663
3/51
train r2: 0.6937791447342812, valid r2: 0.6877563310981487, test r2: 0.6212530663314177
Training Results:
r2: 0.6938
rmse: 0.4368
mae: 0.3300
Validation Results:
r2: 0.6878
rmse: 0.4564
mae: 0.3574
Test Results:
r2: 0.6213
rmse: 0.5172
mae: 0.3805
4/51
train r2: 0.5642964745371495, valid r2: 0.5281069166974206, test r2: 0.5385617559900289
Training Results:
r2: 0.5643
rmse: 0.5210
mae: 0.4220
Validation Results:
r2: 0.5281
rmse: 0.5610
mae: 0.4718
Test Results:
r2: 0.5386
rmse: 0.5709
mae: 0.4716
5/51
train r2: 0.7779518693591915, valid r2: 0.748642529262082, test r2: 0.678305144831141
Training Results:
r2: 0.7780
rmse: 0.3719
mae: 0.2892
Validation Results:
r2: 0.7486
rmse: 0.4095
mae: 0.3322
Test Results:
r2: 0.6783
rmse: 0.4767
mae: 0.3652
6/51
train r2: 0.7591605178469771, valid r2: 0.717247853842875, test r2: 0.6290612484912799
Training Results:
r2: 0.7592
rmse: 0.3863
mae: 0.3000
Validation Results:
r2: 0.7172
rmse: 0.4343
mae: 0.3380
Test Results:
r2: 0.6291
rmse: 0.5119
mae: 0.3853
7/51
train r2: 0.8125169024383132, valid r2: 0.7441116732576188, test r2: 0.6866831292514215
Training Results:
r2: 0.8125
rmse: 0.3406
mae: 0.2641
Validation Results:
r2: 0.7441
rmse: 0.4131
mae: 0.3179
Test Results:
r2: 0.6867
rmse: 0.4704
mae: 0.3630
8/51
train r2: 0.8230504859537273, valid r2: 0.7574193394833351, test r2: 0.6409548453059155
Training Results:
r2: 0.8231
rmse: 0.3322
mae: 0.2463
Validation Results:
r2: 0.7574
rmse: 0.4022
mae: 0.2991
Test Results:
r2: 0.6410
rmse: 0.5036
mae: 0.3810
9/51
train r2: 0.8651363095948721, valid r2: 0.7892452443781809, test r2: 0.686371327538106
Training Results:
r2: 0.8651
rmse: 0.2890
mae: 0.2134
Validation Results:
r2: 0.7892
rmse: 0.3749
mae: 0.2921
Test Results:
r2: 0.6864
rmse: 0.4707
mae: 0.3556
10/51
train r2: 0.8941016827435239, valid r2: 0.8000565242691147, test r2: 0.7089344998599081
Training Results:
r2: 0.8941
rmse: 0.2567
mae: 0.1907
Validation Results:
r2: 0.8001
rmse: 0.3652
mae: 0.2666
Test Results:
r2: 0.7089
rmse: 0.4534
mae: 0.3355
11/51
train r2: 0.9057765525891376, valid r2: 0.7838916383815536, test r2: 0.7156499623623691
Training Results:
r2: 0.9058
rmse: 0.2419
mae: 0.1843
Validation Results:
r2: 0.7839
rmse: 0.3797
mae: 0.2981
Test Results:
r2: 0.7156
rmse: 0.4482
mae: 0.3345
12/51
train r2: 0.8454133989986644, valid r2: 0.7197370002732655, test r2: 0.6439342761049898
Training Results:
r2: 0.8454
rmse: 0.3102
mae: 0.2512
Validation Results:
r2: 0.7197
rmse: 0.4324
mae: 0.3391
Test Results:
r2: 0.6439
rmse: 0.5015
mae: 0.3863
13/51
train r2: 0.9291123107011466, valid r2: 0.7602933191303409, test r2: 0.6838747365457701
Training Results:
r2: 0.9291
rmse: 0.2105
mae: 0.1562
Validation Results:
r2: 0.7603
rmse: 0.3999
mae: 0.2914
Test Results:
r2: 0.6839
rmse: 0.4725
mae: 0.3492
14/51
train r2: 0.9431758199562666, valid r2: 0.770873532650083, test r2: 0.7073913601285933
Training Results:
r2: 0.9432
rmse: 0.1883
mae: 0.1395
Validation Results:
r2: 0.7709
rmse: 0.3909
mae: 0.2939
Test Results:
r2: 0.7074
rmse: 0.4546
mae: 0.3339
15/51
train r2: 0.9545132529275422, valid r2: 0.797650493598039, test r2: 0.72465319391698
Training Results:
r2: 0.9545
rmse: 0.1676
mae: 0.1206
Validation Results:
r2: 0.7977
rmse: 0.3674
mae: 0.2698
Test Results:
r2: 0.7247
rmse: 0.4410
mae: 0.3244
16/51
train r2: 0.9392737802712386, valid r2: 0.7574614750081894, test r2: 0.6802638348171056
Training Results:
r2: 0.9393
rmse: 0.1944
mae: 0.1496
Validation Results:
r2: 0.7575
rmse: 0.4022
mae: 0.3126
Test Results:
r2: 0.6803
rmse: 0.4752
mae: 0.3517
17/51
train r2: 0.9540050081880804, valid r2: 0.7757479603802959, test r2: 0.7067746811636524
Training Results:
r2: 0.9540
rmse: 0.1685
mae: 0.1307
Validation Results:
r2: 0.7757
rmse: 0.3867
mae: 0.2980
Test Results:
r2: 0.7068
rmse: 0.4551
mae: 0.3274
18/51
train r2: 0.9727844876397674, valid r2: 0.7921047482105589, test r2: 0.7086076872956939
Training Results:
r2: 0.9728
rmse: 0.1303
mae: 0.0947
Validation Results:
r2: 0.7921
rmse: 0.3724
mae: 0.2835
Test Results:
r2: 0.7086
rmse: 0.4537
mae: 0.3388
19/51
train r2: 0.9738956263267587, valid r2: 0.7912868187019779, test r2: 0.7171456920127519
Training Results:
r2: 0.9739
rmse: 0.1274
mae: 0.0896
Validation Results:
r2: 0.7913
rmse: 0.3731
mae: 0.2743
Test Results:
r2: 0.7171
rmse: 0.4470
mae: 0.3345
20/51
train r2: 0.9850778785196354, valid r2: 0.8055862205240494, test r2: 0.7235543049771733
Training Results:
r2: 0.9851
rmse: 0.0964
mae: 0.0691
Validation Results:
r2: 0.8056
rmse: 0.3601
mae: 0.2665
Test Results:
r2: 0.7236
rmse: 0.4419
mae: 0.3240
21/51
train r2: 0.9895536133359566, valid r2: 0.8122821819284191, test r2: 0.7156673188397475
Training Results:
r2: 0.9896
rmse: 0.0803
mae: 0.0558
Validation Results:
r2: 0.8123
rmse: 0.3538
mae: 0.2596
Test Results:
r2: 0.7157
rmse: 0.4481
mae: 0.3304
22/51
train r2: 0.9918688358376636, valid r2: 0.8115431283734217, test r2: 0.717147811943942
Training Results:
r2: 0.9919
rmse: 0.0710
mae: 0.0488
Validation Results:
r2: 0.8115
rmse: 0.3545
mae: 0.2593
Test Results:
r2: 0.7171
rmse: 0.4470
mae: 0.3286
23/51
train r2: 0.9936104985247185, valid r2: 0.8156347167056034, test r2: 0.7186040995714911
Training Results:
r2: 0.9936
rmse: 0.0630
mae: 0.0436
Validation Results:
r2: 0.8156
rmse: 0.3507
mae: 0.2567
Test Results:
r2: 0.7186
rmse: 0.4458
mae: 0.3229
24/51
train r2: 0.9935985537210263, valid r2: 0.8218179997802546, test r2: 0.7186411363288647
Training Results:
r2: 0.9936
rmse: 0.0631
mae: 0.0444
Validation Results:
r2: 0.8218
rmse: 0.3447
mae: 0.2538
Test Results:
r2: 0.7186
rmse: 0.4458
mae: 0.3262
25/51
train r2: 0.9937904124829355, valid r2: 0.817820011499531, test r2: 0.7231477158422086
Training Results:
r2: 0.9938
rmse: 0.0623
mae: 0.0437
Validation Results:
r2: 0.8178
rmse: 0.3486
mae: 0.2524
Test Results:
r2: 0.7231
rmse: 0.4422
mae: 0.3213
26/51
train r2: 0.9954610097107025, valid r2: 0.8192019675223037, test r2: 0.7242183636232149
Training Results:
r2: 0.9955
rmse: 0.0531
mae: 0.0358
Validation Results:
r2: 0.8192
rmse: 0.3473
mae: 0.2516
Test Results:
r2: 0.7242
rmse: 0.4413
mae: 0.3233
27/51
train r2: 0.9941889995636105, valid r2: 0.8100531282145027, test r2: 0.7178395463041234
Training Results:
r2: 0.9942
rmse: 0.0602
mae: 0.0394
Validation Results:
r2: 0.8101
rmse: 0.3559
mae: 0.2626
Test Results:
r2: 0.7178
rmse: 0.4464
mae: 0.3258
28/51
train r2: 0.9950343874021412, valid r2: 0.8200672324836837, test r2: 0.7234006018310464
Training Results:
r2: 0.9950
rmse: 0.0557
mae: 0.0379
Validation Results:
r2: 0.8201
rmse: 0.3464
mae: 0.2535
Test Results:
r2: 0.7234
rmse: 0.4420
mae: 0.3243
29/51
train r2: 0.9957012336674749, valid r2: 0.8170722902194343, test r2: 0.7226320450385906
Training Results:
r2: 0.9957
rmse: 0.0518
mae: 0.0379
Validation Results:
r2: 0.8171
rmse: 0.3493
mae: 0.2569
Test Results:
r2: 0.7226
rmse: 0.4426
mae: 0.3223
30/51
train r2: 0.9962104154849772, valid r2: 0.8209660702978887, test r2: 0.7235207613772203
Training Results:
r2: 0.9962
rmse: 0.0485
mae: 0.0346
Validation Results:
r2: 0.8210
rmse: 0.3456
mae: 0.2522
Test Results:
r2: 0.7235
rmse: 0.4419
mae: 0.3238
31/51
train r2: 0.9967950618851077, valid r2: 0.818823953256848, test r2: 0.7229276911238317
Training Results:
r2: 0.9968
rmse: 0.0445
mae: 0.0321
Validation Results:
r2: 0.8188
rmse: 0.3476
mae: 0.2586
Test Results:
r2: 0.7229
rmse: 0.4424
mae: 0.3221
32/51
train r2: 0.9978070265298647, valid r2: 0.8189886195586789, test r2: 0.719866144665899
Training Results:
r2: 0.9978
rmse: 0.0369
mae: 0.0242
Validation Results:
r2: 0.8190
rmse: 0.3475
mae: 0.2541
Test Results:
r2: 0.7199
rmse: 0.4448
mae: 0.3245
33/51
train r2: 0.9981518720241134, valid r2: 0.8228186029566855, test r2: 0.7215986079022485
Training Results:
r2: 0.9982
rmse: 0.0340
mae: 0.0226
Validation Results:
r2: 0.8228
rmse: 0.3438
mae: 0.2518
Test Results:
r2: 0.7216
rmse: 0.4434
mae: 0.3223
34/51
train r2: 0.9981370840333882, valid r2: 0.8171567819435492, test r2: 0.7195720506120176
Training Results:
r2: 0.9981
rmse: 0.0341
mae: 0.0210
Validation Results:
r2: 0.8172
rmse: 0.3492
mae: 0.2543
Test Results:
r2: 0.7196
rmse: 0.4450
mae: 0.3252
35/51
train r2: 0.9984833978483446, valid r2: 0.8230686915851206, test r2: 0.7207599525072562
Training Results:
r2: 0.9985
rmse: 0.0308
mae: 0.0194
Validation Results:
r2: 0.8231
rmse: 0.3435
mae: 0.2504
Test Results:
r2: 0.7208
rmse: 0.4441
mae: 0.3239
36/51
train r2: 0.9987764520281659, valid r2: 0.8206166984292337, test r2: 0.7236250970798052
Training Results:
r2: 0.9988
rmse: 0.0276
mae: 0.0168
Validation Results:
r2: 0.8206
rmse: 0.3459
mae: 0.2524
Test Results:
r2: 0.7236
rmse: 0.4418
mae: 0.3225
37/51
train r2: 0.998737633289857, valid r2: 0.8229018076504728, test r2: 0.7216772536809838
Training Results:
r2: 0.9987
rmse: 0.0281
mae: 0.0160
Validation Results:
r2: 0.8229
rmse: 0.3437
mae: 0.2504
Test Results:
r2: 0.7217
rmse: 0.4434
mae: 0.3240
38/51
train r2: 0.9989962601528498, valid r2: 0.8212313164379623, test r2: 0.722482683531198
Training Results:
r2: 0.9990
rmse: 0.0249
mae: 0.0139
Validation Results:
r2: 0.8212
rmse: 0.3453
mae: 0.2522
Test Results:
r2: 0.7225
rmse: 0.4427
mae: 0.3230
39/51
train r2: 0.9992214903571112, valid r2: 0.8235282606892933, test r2: 0.7227899804583027
Training Results:
r2: 0.9992
rmse: 0.0221
mae: 0.0111
Validation Results:
r2: 0.8235
rmse: 0.3431
mae: 0.2498
Test Results:
r2: 0.7228
rmse: 0.4425
mae: 0.3235
40/51
train r2: 0.999259332177068, valid r2: 0.8231219769959991, test r2: 0.7225331891371526
Training Results:
r2: 0.9993
rmse: 0.0215
mae: 0.0109
Validation Results:
r2: 0.8231
rmse: 0.3435
mae: 0.2510
Test Results:
r2: 0.7225
rmse: 0.4427
mae: 0.3228
41/51
train r2: 0.9991064836532132, valid r2: 0.820625597948061, test r2: 0.7224565370499972
Training Results:
r2: 0.9991
rmse: 0.0236
mae: 0.0153
Validation Results:
r2: 0.8206
rmse: 0.3459
mae: 0.2536
Test Results:
r2: 0.7225
rmse: 0.4428
mae: 0.3227
42/51
train r2: 0.9993236834737258, valid r2: 0.823851857889786, test r2: 0.7223626686725261
Training Results:
r2: 0.9993
rmse: 0.0206
mae: 0.0113
Validation Results:
r2: 0.8239
rmse: 0.3428
mae: 0.2505
Test Results:
r2: 0.7224
rmse: 0.4428
mae: 0.3229
43/51
train r2: 0.9993186479136826, valid r2: 0.8242314451471199, test r2: 0.7213392425965919
Training Results:
r2: 0.9993
rmse: 0.0205
mae: 0.0102
Validation Results:
r2: 0.8242
rmse: 0.3424
mae: 0.2493
Test Results:
r2: 0.7213
rmse: 0.4436
mae: 0.3234
44/51
train r2: 0.9994340326039797, valid r2: 0.8229230288508206, test r2: 0.7220939843034772
Training Results:
r2: 0.9994
rmse: 0.0188
mae: 0.0081
Validation Results:
r2: 0.8229
rmse: 0.3437
mae: 0.2510
Test Results:
r2: 0.7221
rmse: 0.4430
mae: 0.3231
45/51
train r2: 0.9994976786449885, valid r2: 0.8234217434369411, test r2: 0.7223294488304713
Training Results:
r2: 0.9995
rmse: 0.0177
mae: 0.0071
Validation Results:
r2: 0.8234
rmse: 0.3432
mae: 0.2506
Test Results:
r2: 0.7223
rmse: 0.4429
mae: 0.3233
46/51
train r2: 0.9995245346839926, valid r2: 0.8242563497583861, test r2: 0.7227307790515985
Training Results:
r2: 0.9995
rmse: 0.0172
mae: 0.0075
Validation Results:
r2: 0.8243
rmse: 0.3424
mae: 0.2496
Test Results:
r2: 0.7227
rmse: 0.4425
mae: 0.3228
47/51
train r2: 0.9995272861076218, valid r2: 0.8244499415430713, test r2: 0.7224641015727695
Training Results:
r2: 0.9995
rmse: 0.0172
mae: 0.0077
Validation Results:
r2: 0.8244
rmse: 0.3422
mae: 0.2489
Test Results:
r2: 0.7225
rmse: 0.4427
mae: 0.3231
48/51
train r2: 0.9995803322438546, valid r2: 0.8240188243732356, test r2: 0.7224972097493498
Training Results:
r2: 0.9996
rmse: 0.0162
mae: 0.0059
Validation Results:
r2: 0.8240
rmse: 0.3426
mae: 0.2499
Test Results:
r2: 0.7225
rmse: 0.4427
mae: 0.3229
49/51
train r2: 0.999576637229613, valid r2: 0.8237649145840333, test r2: 0.722641950736181
Training Results:
r2: 0.9996
rmse: 0.0162
mae: 0.0058
Validation Results:
r2: 0.8238
rmse: 0.3429
mae: 0.2501
Test Results:
r2: 0.7226
rmse: 0.4426
mae: 0.3229
50/51
train r2: 0.9995788000058887, valid r2: 0.8236995566034169, test r2: 0.7224806313289802
Training Results:
r2: 0.9996
rmse: 0.0161
mae: 0.0056
Validation Results:
r2: 0.8237
rmse: 0.3429
mae: 0.2502
Test Results:
r2: 0.7225
rmse: 0.4427
mae: 0.3230
train: 0.9995, val: 0.8244, test: 0.7225
end_test_result: (0.7224641015727695, 0.4427490532398224, 0.32312095165252686)
args.seed: 2034
use label scaler
use label scaler
use label scaler
model have 90.143705M paramerters in total
train_dataset.mean: tensor([-6.1779]) train_dataset.std: tensor([0.7888])
1/51
train r2: 0.29482558725033614, valid r2: 0.3090258469564342, test r2: 0.17213791233379117
Training Results:
r2: 0.2948
rmse: 0.6640
mae: 0.5506
Validation Results:
r2: 0.3090
rmse: 0.6789
mae: 0.5540
Test Results:
r2: 0.1721
rmse: 0.7647
mae: 0.6124
2/51
train r2: 0.5543211644977031, valid r2: 0.5337327460925247, test r2: 0.4038313309742104
Training Results:
r2: 0.5543
rmse: 0.5280
mae: 0.4237
Validation Results:
r2: 0.5337
rmse: 0.5577
mae: 0.4387
Test Results:
r2: 0.4038
rmse: 0.6489
mae: 0.4935
3/51
train r2: 0.6862894792261606, valid r2: 0.6526569414860944, test r2: 0.6251490548396192
Training Results:
r2: 0.6863
rmse: 0.4428
mae: 0.3516
Validation Results:
r2: 0.6527
rmse: 0.4813
mae: 0.3901
Test Results:
r2: 0.6251
rmse: 0.5145
mae: 0.3991
4/51
train r2: 0.5874448681505473, valid r2: 0.5856473395928117, test r2: 0.5050981778725048
Training Results:
r2: 0.5874
rmse: 0.5080
mae: 0.3918
Validation Results:
r2: 0.5856
rmse: 0.5257
mae: 0.4074
Test Results:
r2: 0.5051
rmse: 0.5912
mae: 0.4532
5/51
train r2: 0.7963054529930494, valid r2: 0.7661734318677555, test r2: 0.6820289014976934
Training Results:
r2: 0.7963
rmse: 0.3564
mae: 0.2687
Validation Results:
r2: 0.7662
rmse: 0.3949
mae: 0.3055
Test Results:
r2: 0.6820
rmse: 0.4739
mae: 0.3594
6/51
train r2: 0.808965981431987, valid r2: 0.7428419229541859, test r2: 0.6998418447898709
Training Results:
r2: 0.8090
rmse: 0.3450
mae: 0.2699
Validation Results:
r2: 0.7428
rmse: 0.4142
mae: 0.3232
Test Results:
r2: 0.6998
rmse: 0.4604
mae: 0.3502
7/51
train r2: 0.8149653176025237, valid r2: 0.7165778321358076, test r2: 0.6667455412183136
Training Results:
r2: 0.8150
rmse: 0.3398
mae: 0.2584
Validation Results:
r2: 0.7166
rmse: 0.4348
mae: 0.3372
Test Results:
r2: 0.6667
rmse: 0.4852
mae: 0.3561
8/51
train r2: 0.8273860267619437, valid r2: 0.7515146649906905, test r2: 0.6975979102058221
Training Results:
r2: 0.8274
rmse: 0.3282
mae: 0.2465
Validation Results:
r2: 0.7515
rmse: 0.4071
mae: 0.3151
Test Results:
r2: 0.6976
rmse: 0.4622
mae: 0.3445
9/51
train r2: 0.8719681546990471, valid r2: 0.7770717519748359, test r2: 0.7083992180930208
Training Results:
r2: 0.8720
rmse: 0.2820
mae: 0.2100
Validation Results:
r2: 0.7771
rmse: 0.3856
mae: 0.2996
Test Results:
r2: 0.7084
rmse: 0.4538
mae: 0.3398
10/51
train r2: 0.8772646374095046, valid r2: 0.768180946503102, test r2: 0.6869584095183766
Training Results:
r2: 0.8773
rmse: 0.2764
mae: 0.2014
Validation Results:
r2: 0.7682
rmse: 0.3932
mae: 0.3002
Test Results:
r2: 0.6870
rmse: 0.4702
mae: 0.3471
11/51
train r2: 0.8972969375347932, valid r2: 0.7890409291770208, test r2: 0.6960336366188191
Training Results:
r2: 0.8973
rmse: 0.2535
mae: 0.1865
Validation Results:
r2: 0.7890
rmse: 0.3751
mae: 0.2688
Test Results:
r2: 0.6960
rmse: 0.4634
mae: 0.3498
12/51
train r2: 0.8966888872734795, valid r2: 0.7685147605133186, test r2: 0.6844928866731188
Training Results:
r2: 0.8967
rmse: 0.2536
mae: 0.1943
Validation Results:
r2: 0.7685
rmse: 0.3929
mae: 0.3018
Test Results:
r2: 0.6845
rmse: 0.4721
mae: 0.3572
13/51
train r2: 0.935338206693715, valid r2: 0.76122280616224, test r2: 0.6936077288069594
Training Results:
r2: 0.9353
rmse: 0.2006
mae: 0.1523
Validation Results:
r2: 0.7612
rmse: 0.3991
mae: 0.2983
Test Results:
r2: 0.6936
rmse: 0.4652
mae: 0.3452
14/51
train r2: 0.9482091130827281, valid r2: 0.7749418018693587, test r2: 0.7237822449262197
Training Results:
r2: 0.9482
rmse: 0.1787
mae: 0.1310
Validation Results:
r2: 0.7749
rmse: 0.3874
mae: 0.2805
Test Results:
r2: 0.7238
rmse: 0.4417
mae: 0.3307
15/51
train r2: 0.95175365978131, valid r2: 0.7450295513726256, test r2: 0.7065581144582741
Training Results:
r2: 0.9518
rmse: 0.1736
mae: 0.1308
Validation Results:
r2: 0.7450
rmse: 0.4124
mae: 0.3061
Test Results:
r2: 0.7066
rmse: 0.4553
mae: 0.3218
16/51
train r2: 0.9701053595324942, valid r2: 0.7781588164713409, test r2: 0.6963151994483012
Training Results:
r2: 0.9701
rmse: 0.1361
mae: 0.1043
Validation Results:
r2: 0.7782
rmse: 0.3847
mae: 0.2844
Test Results:
r2: 0.6963
rmse: 0.4631
mae: 0.3442
17/51
train r2: 0.953331266130582, valid r2: 0.7607239419480889, test r2: 0.68430677450005
Training Results:
r2: 0.9533
rmse: 0.1707
mae: 0.1361
Validation Results:
r2: 0.7607
rmse: 0.3995
mae: 0.2956
Test Results:
r2: 0.6843
rmse: 0.4722
mae: 0.3566
18/51
train r2: 0.9799215760590698, valid r2: 0.7889039963685285, test r2: 0.7057450410867535
Training Results:
r2: 0.9799
rmse: 0.1114
mae: 0.0861
Validation Results:
r2: 0.7889
rmse: 0.3752
mae: 0.2739
Test Results:
r2: 0.7057
rmse: 0.4559
mae: 0.3476
19/51
train r2: 0.9833967276218747, valid r2: 0.7841857264554302, test r2: 0.7306613810546279
Training Results:
r2: 0.9834
rmse: 0.1019
mae: 0.0768
Validation Results:
r2: 0.7842
rmse: 0.3794
mae: 0.2778
Test Results:
r2: 0.7307
rmse: 0.4362
mae: 0.3237
20/51
train r2: 0.9813994114957373, valid r2: 0.7721102455492659, test r2: 0.6898920221626295
Training Results:
r2: 0.9814
rmse: 0.1076
mae: 0.0841
Validation Results:
r2: 0.7721
rmse: 0.3899
mae: 0.2935
Test Results:
r2: 0.6899
rmse: 0.4680
mae: 0.3531
21/51
train r2: 0.9867047763374377, valid r2: 0.7844516638233819, test r2: 0.7093803915385704
Training Results:
r2: 0.9867
rmse: 0.0910
mae: 0.0702
Validation Results:
r2: 0.7845
rmse: 0.3792
mae: 0.2694
Test Results:
r2: 0.7094
rmse: 0.4531
mae: 0.3324
22/51
train r2: 0.9915327040946608, valid r2: 0.7910139354586201, test r2: 0.7154108151768227
Training Results:
r2: 0.9915
rmse: 0.0724
mae: 0.0538
Validation Results:
r2: 0.7910
rmse: 0.3734
mae: 0.2754
Test Results:
r2: 0.7154
rmse: 0.4483
mae: 0.3347
23/51
train r2: 0.9881258091820696, valid r2: 0.7952532675177743, test r2: 0.7064586574037495
Training Results:
r2: 0.9881
rmse: 0.0860
mae: 0.0679
Validation Results:
r2: 0.7953
rmse: 0.3695
mae: 0.2640
Test Results:
r2: 0.7065
rmse: 0.4553
mae: 0.3450
24/51
train r2: 0.9929644904136911, valid r2: 0.7934946801682807, test r2: 0.7038877609988563
Training Results:
r2: 0.9930
rmse: 0.0663
mae: 0.0473
Validation Results:
r2: 0.7935
rmse: 0.3711
mae: 0.2696
Test Results:
r2: 0.7039
rmse: 0.4573
mae: 0.3412
25/51
train r2: 0.994472069822818, valid r2: 0.8017206080270944, test r2: 0.7108357898511861
Training Results:
r2: 0.9945
rmse: 0.0585
mae: 0.0433
Validation Results:
r2: 0.8017
rmse: 0.3637
mae: 0.2639
Test Results:
r2: 0.7108
rmse: 0.4519
mae: 0.3395
26/51
train r2: 0.9958927627058224, valid r2: 0.793208715540972, test r2: 0.7090280445040055
Training Results:
r2: 0.9959
rmse: 0.0505
mae: 0.0349
Validation Results:
r2: 0.7932
rmse: 0.3714
mae: 0.2693
Test Results:
r2: 0.7090
rmse: 0.4533
mae: 0.3376
27/51
train r2: 0.9963831652638254, valid r2: 0.7975965170277293, test r2: 0.7138454779243522
Training Results:
r2: 0.9964
rmse: 0.0475
mae: 0.0331
Validation Results:
r2: 0.7976
rmse: 0.3674
mae: 0.2650
Test Results:
r2: 0.7138
rmse: 0.4496
mae: 0.3331
28/51
train r2: 0.99702050596031, valid r2: 0.8021585899932351, test r2: 0.7092979205646137
Training Results:
r2: 0.9970
rmse: 0.0431
mae: 0.0296
Validation Results:
r2: 0.8022
rmse: 0.3633
mae: 0.2606
Test Results:
r2: 0.7093
rmse: 0.4531
mae: 0.3375
29/51
train r2: 0.9959303465350005, valid r2: 0.7965394484862156, test r2: 0.7138639584151958
Training Results:
r2: 0.9959
rmse: 0.0503
mae: 0.0393
Validation Results:
r2: 0.7965
rmse: 0.3684
mae: 0.2680
Test Results:
r2: 0.7139
rmse: 0.4496
mae: 0.3358
30/51
train r2: 0.9979958475237091, valid r2: 0.7989141563276998, test r2: 0.7105756280346478
Training Results:
r2: 0.9980
rmse: 0.0354
mae: 0.0244
Validation Results:
r2: 0.7989
rmse: 0.3662
mae: 0.2638
Test Results:
r2: 0.7106
rmse: 0.4521
mae: 0.3352
31/51
train r2: 0.9978477680793472, valid r2: 0.7971681050010577, test r2: 0.7100771806784906
Training Results:
r2: 0.9978
rmse: 0.0365
mae: 0.0247
Validation Results:
r2: 0.7972
rmse: 0.3678
mae: 0.2667
Test Results:
r2: 0.7101
rmse: 0.4525
mae: 0.3383
32/51
train r2: 0.9984838419875881, valid r2: 0.7975323818883373, test r2: 0.7157873684039586
Training Results:
r2: 0.9985
rmse: 0.0307
mae: 0.0195
Validation Results:
r2: 0.7975
rmse: 0.3675
mae: 0.2679
Test Results:
r2: 0.7158
rmse: 0.4480
mae: 0.3325
33/51
train r2: 0.9982916997824259, valid r2: 0.8005960510895699, test r2: 0.7132027565136592
Training Results:
r2: 0.9983
rmse: 0.0324
mae: 0.0230
Validation Results:
r2: 0.8006
rmse: 0.3647
mae: 0.2636
Test Results:
r2: 0.7132
rmse: 0.4501
mae: 0.3359
34/51
train r2: 0.9988233492209011, valid r2: 0.7984110466353028, test r2: 0.711350432417365
Training Results:
r2: 0.9988
rmse: 0.0270
mae: 0.0185
Validation Results:
r2: 0.7984
rmse: 0.3667
mae: 0.2662
Test Results:
r2: 0.7114
rmse: 0.4515
mae: 0.3324
35/51
train r2: 0.9989574104290109, valid r2: 0.8002691258003026, test r2: 0.7106372966901129
Training Results:
r2: 0.9990
rmse: 0.0255
mae: 0.0165
Validation Results:
r2: 0.8003
rmse: 0.3650
mae: 0.2641
Test Results:
r2: 0.7106
rmse: 0.4521
mae: 0.3347
36/51
train r2: 0.9989232525727869, valid r2: 0.8008993649090673, test r2: 0.7129747598996481
Training Results:
r2: 0.9989
rmse: 0.0259
mae: 0.0167
Validation Results:
r2: 0.8009
rmse: 0.3644
mae: 0.2662
Test Results:
r2: 0.7130
rmse: 0.4503
mae: 0.3341
37/51
train r2: 0.9992768040172719, valid r2: 0.8011671985062727, test r2: 0.7123023834422384
Training Results:
r2: 0.9993
rmse: 0.0212
mae: 0.0117
Validation Results:
r2: 0.8012
rmse: 0.3642
mae: 0.2641
Test Results:
r2: 0.7123
rmse: 0.4508
mae: 0.3333
38/51
train r2: 0.9992790427246112, valid r2: 0.7998346943054377, test r2: 0.7132095775950271
Training Results:
r2: 0.9993
rmse: 0.0211
mae: 0.0132
Validation Results:
r2: 0.7998
rmse: 0.3654
mae: 0.2656
Test Results:
r2: 0.7132
rmse: 0.4501
mae: 0.3312
39/51
train r2: 0.9994610328984015, valid r2: 0.8010952278018274, test r2: 0.7134612788775186
Training Results:
r2: 0.9995
rmse: 0.0183
mae: 0.0094
Validation Results:
r2: 0.8011
rmse: 0.3642
mae: 0.2645
Test Results:
r2: 0.7135
rmse: 0.4499
mae: 0.3330
40/51
train r2: 0.9995414096587373, valid r2: 0.8010609970423208, test r2: 0.7127366387269938
Training Results:
r2: 0.9995
rmse: 0.0169
mae: 0.0082
Validation Results:
r2: 0.8011
rmse: 0.3643
mae: 0.2642
Test Results:
r2: 0.7127
rmse: 0.4504
mae: 0.3328
41/51
train r2: 0.9995248551653734, valid r2: 0.8006934853841091, test r2: 0.7132851860276448
Training Results:
r2: 0.9995
rmse: 0.0172
mae: 0.0093
Validation Results:
r2: 0.8007
rmse: 0.3646
mae: 0.2647
Test Results:
r2: 0.7133
rmse: 0.4500
mae: 0.3337
42/51
train r2: 0.9994924512804438, valid r2: 0.8006845995162151, test r2: 0.7122176210336819
Training Results:
r2: 0.9995
rmse: 0.0178
mae: 0.0109
Validation Results:
r2: 0.8007
rmse: 0.3646
mae: 0.2648
Test Results:
r2: 0.7122
rmse: 0.4508
mae: 0.3325
43/51
train r2: 0.9995761173047971, valid r2: 0.8009306104284389, test r2: 0.7129390010680272
Training Results:
r2: 0.9996
rmse: 0.0163
mae: 0.0077
Validation Results:
r2: 0.8009
rmse: 0.3644
mae: 0.2646
Test Results:
r2: 0.7129
rmse: 0.4503
mae: 0.3334
44/51
train r2: 0.9996452614782576, valid r2: 0.8011332013595801, test r2: 0.7139833587349234
Training Results:
r2: 0.9996
rmse: 0.0149
mae: 0.0064
Validation Results:
r2: 0.8011
rmse: 0.3642
mae: 0.2647
Test Results:
r2: 0.7140
rmse: 0.4495
mae: 0.3317
45/51
train r2: 0.9995010281350338, valid r2: 0.8005335776815715, test r2: 0.7134426204291311
Training Results:
r2: 0.9995
rmse: 0.0176
mae: 0.0081
Validation Results:
r2: 0.8005
rmse: 0.3647
mae: 0.2662
Test Results:
r2: 0.7134
rmse: 0.4499
mae: 0.3326
46/51
train r2: 0.9996355910518405, valid r2: 0.8018231808808906, test r2: 0.7137237146017414
Training Results:
r2: 0.9996
rmse: 0.0151
mae: 0.0083
Validation Results:
r2: 0.8018
rmse: 0.3636
mae: 0.2648
Test Results:
r2: 0.7137
rmse: 0.4497
mae: 0.3330
47/51
train r2: 0.9996373900310841, valid r2: 0.8020406700580771, test r2: 0.7132555078245333
Training Results:
r2: 0.9996
rmse: 0.0150
mae: 0.0063
Validation Results:
r2: 0.8020
rmse: 0.3634
mae: 0.2631
Test Results:
r2: 0.7133
rmse: 0.4500
mae: 0.3326
48/51
train r2: 0.9997374553438372, valid r2: 0.8015724191262016, test r2: 0.7133182309277423
Training Results:
r2: 0.9997
rmse: 0.0128
mae: 0.0048
Validation Results:
r2: 0.8016
rmse: 0.3638
mae: 0.2641
Test Results:
r2: 0.7133
rmse: 0.4500
mae: 0.3325
break!
train: 0.9970, val: 0.8022, test: 0.7093
end_test_result: (0.7092979205646137, 0.45312926173210144, 0.33748748898506165)
args.seed: 2044
use label scaler
use label scaler
use label scaler
model have 90.143705M paramerters in total
train_dataset.mean: tensor([-6.1779]) train_dataset.std: tensor([0.7888])
1/51
train r2: 0.33449213904037056, valid r2: 0.3136172073269945, test r2: 0.22326403823423424
Training Results:
r2: 0.3345
rmse: 0.6416
mae: 0.5435
Validation Results:
r2: 0.3136
rmse: 0.6766
mae: 0.5754
Test Results:
r2: 0.2233
rmse: 0.7407
mae: 0.6123
2/51
train r2: 0.5326757148411851, valid r2: 0.4823061100602639, test r2: 0.5006942091958951
Training Results:
r2: 0.5327
rmse: 0.5404
mae: 0.4428
Validation Results:
r2: 0.4823
rmse: 0.5876
mae: 0.4908
Test Results:
r2: 0.5007
rmse: 0.5939
mae: 0.4685
3/51
train r2: 0.6551006612499712, valid r2: 0.6275583996912526, test r2: 0.6179769183934787
Training Results:
r2: 0.6551
rmse: 0.4639
mae: 0.3714
Validation Results:
r2: 0.6276
rmse: 0.4984
mae: 0.4088
Test Results:
r2: 0.6180
rmse: 0.5194
mae: 0.3922
4/51
train r2: 0.6331719990029276, valid r2: 0.5872487945707165, test r2: 0.6016755625894088
Training Results:
r2: 0.6332
rmse: 0.4783
mae: 0.3881
Validation Results:
r2: 0.5872
rmse: 0.5247
mae: 0.4390
Test Results:
r2: 0.6017
rmse: 0.5304
mae: 0.4369
5/51
train r2: 0.718619297039758, valid r2: 0.7270315598383035, test r2: 0.6521772450356811
Training Results:
r2: 0.7186
rmse: 0.4189
mae: 0.3256
Validation Results:
r2: 0.7270
rmse: 0.4267
mae: 0.3398
Test Results:
r2: 0.6522
rmse: 0.4957
mae: 0.3734
6/51
train r2: 0.7482090471810268, valid r2: 0.7138865435391977, test r2: 0.6467967350000875
Training Results:
r2: 0.7482
rmse: 0.3954
mae: 0.3005
Validation Results:
r2: 0.7139
rmse: 0.4368
mae: 0.3415
Test Results:
r2: 0.6468
rmse: 0.4995
mae: 0.3722
7/51
train r2: 0.8088719519312054, valid r2: 0.7332511855259847, test r2: 0.706155133621724
Training Results:
r2: 0.8089
rmse: 0.3440
mae: 0.2599
Validation Results:
r2: 0.7333
rmse: 0.4218
mae: 0.3234
Test Results:
r2: 0.7062
rmse: 0.4556
mae: 0.3449
8/51
train r2: 0.7736192063904842, valid r2: 0.6804464822730295, test r2: 0.6508323354823986
Training Results:
r2: 0.7736
rmse: 0.3771
mae: 0.2956
Validation Results:
r2: 0.6804
rmse: 0.4617
mae: 0.3646
Test Results:
r2: 0.6508
rmse: 0.4966
mae: 0.3684
9/51
train r2: 0.8892803567940682, valid r2: 0.7566828937282979, test r2: 0.7050229370750247
Training Results:
r2: 0.8893
rmse: 0.2605
mae: 0.1943
Validation Results:
r2: 0.7567
rmse: 0.4029
mae: 0.3015
Test Results:
r2: 0.7050
rmse: 0.4564
mae: 0.3420
10/51
train r2: 0.8269276712875597, valid r2: 0.6982113593316167, test r2: 0.6527842690321672
Training Results:
r2: 0.8269
rmse: 0.3280
mae: 0.2615
Validation Results:
r2: 0.6982
rmse: 0.4487
mae: 0.3514
Test Results:
r2: 0.6528
rmse: 0.4952
mae: 0.3912
11/51
train r2: 0.9116689603925366, valid r2: 0.740273695830084, test r2: 0.6736151334532687
Training Results:
r2: 0.9117
rmse: 0.2346
mae: 0.1783
Validation Results:
r2: 0.7403
rmse: 0.4162
mae: 0.3146
Test Results:
r2: 0.6736
rmse: 0.4801
mae: 0.3578
12/51
train r2: 0.9260905246990175, valid r2: 0.7253384234434459, test r2: 0.6951515343715633
Training Results:
r2: 0.9261
rmse: 0.2150
mae: 0.1572
Validation Results:
r2: 0.7253
rmse: 0.4280
mae: 0.3080
Test Results:
r2: 0.6952
rmse: 0.4640
mae: 0.3283
13/51
train r2: 0.9291084247133296, valid r2: 0.7220013499354512, test r2: 0.655096803879471
Training Results:
r2: 0.9291
rmse: 0.2096
mae: 0.1641
Validation Results:
r2: 0.7220
rmse: 0.4306
mae: 0.3349
Test Results:
r2: 0.6551
rmse: 0.4936
mae: 0.3538
14/51
train r2: 0.9569436675100125, valid r2: 0.756337289593156, test r2: 0.6796436533102495
Training Results:
r2: 0.9569
rmse: 0.1640
mae: 0.1256
Validation Results:
r2: 0.7563
rmse: 0.4031
mae: 0.2974
Test Results:
r2: 0.6796
rmse: 0.4757
mae: 0.3548
15/51
train r2: 0.9686548810260811, valid r2: 0.7687493848565776, test r2: 0.7039152961151164
Training Results:
r2: 0.9687
rmse: 0.1401
mae: 0.1029
Validation Results:
r2: 0.7687
rmse: 0.3927
mae: 0.2846
Test Results:
r2: 0.7039
rmse: 0.4573
mae: 0.3432
16/51
train r2: 0.9726919921623038, valid r2: 0.7659509673557409, test r2: 0.6901880024904176
Training Results:
r2: 0.9727
rmse: 0.1305
mae: 0.0973
Validation Results:
r2: 0.7660
rmse: 0.3951
mae: 0.2838
Test Results:
r2: 0.6902
rmse: 0.4678
mae: 0.3409
17/51
train r2: 0.9776642521573571, valid r2: 0.7615823231856824, test r2: 0.7182988795121643
Training Results:
r2: 0.9777
rmse: 0.1182
mae: 0.0837
Validation Results:
r2: 0.7616
rmse: 0.3988
mae: 0.2891
Test Results:
r2: 0.7183
rmse: 0.4461
mae: 0.3282
18/51
train r2: 0.9828204539685472, valid r2: 0.7721452495284347, test r2: 0.7072363626052466
Training Results:
r2: 0.9828
rmse: 0.1035
mae: 0.0777
Validation Results:
r2: 0.7721
rmse: 0.3898
mae: 0.2800
Test Results:
r2: 0.7072
rmse: 0.4547
mae: 0.3358
19/51
train r2: 0.9875433204271924, valid r2: 0.770255302822913, test r2: 0.7075944260422937
Training Results:
r2: 0.9875
rmse: 0.0883
mae: 0.0658
Validation Results:
r2: 0.7703
rmse: 0.3915
mae: 0.2835
Test Results:
r2: 0.7076
rmse: 0.4545
mae: 0.3305
20/51
train r2: 0.9883036648993307, valid r2: 0.7792717879825792, test r2: 0.7213192152037036
Training Results:
r2: 0.9883
rmse: 0.0852
mae: 0.0616
Validation Results:
r2: 0.7793
rmse: 0.3837
mae: 0.2808
Test Results:
r2: 0.7213
rmse: 0.4437
mae: 0.3267
21/51
train r2: 0.9897017816039642, valid r2: 0.7719582227133369, test r2: 0.7035888473397531
Training Results:
r2: 0.9897
rmse: 0.0799
mae: 0.0603
Validation Results:
r2: 0.7720
rmse: 0.3900
mae: 0.2902
Test Results:
r2: 0.7036
rmse: 0.4576
mae: 0.3443
22/51
train r2: 0.9921927389449238, valid r2: 0.7673962985889774, test r2: 0.7064592316646391
Training Results:
r2: 0.9922
rmse: 0.0697
mae: 0.0509
Validation Results:
r2: 0.7674
rmse: 0.3939
mae: 0.2895
Test Results:
r2: 0.7065
rmse: 0.4553
mae: 0.3387
23/51
train r2: 0.9936126849346422, valid r2: 0.7647263360918709, test r2: 0.7084971709635186
Training Results:
r2: 0.9936
rmse: 0.0632
mae: 0.0472
Validation Results:
r2: 0.7647
rmse: 0.3961
mae: 0.2912
Test Results:
r2: 0.7085
rmse: 0.4538
mae: 0.3310
24/51
train r2: 0.9943752667421367, valid r2: 0.7819199635342647, test r2: 0.7034556101950424
Training Results:
r2: 0.9944
rmse: 0.0593
mae: 0.0420
Validation Results:
r2: 0.7819
rmse: 0.3814
mae: 0.2734
Test Results:
r2: 0.7035
rmse: 0.4577
mae: 0.3340
25/51
train r2: 0.9939369897659566, valid r2: 0.7803368765536295, test r2: 0.704891276933387
Training Results:
r2: 0.9939
rmse: 0.0616
mae: 0.0448
Validation Results:
r2: 0.7803
rmse: 0.3828
mae: 0.2765
Test Results:
r2: 0.7049
rmse: 0.4566
mae: 0.3358
26/51
train r2: 0.9956801720190075, valid r2: 0.7714608983809927, test r2: 0.705344516856903
Training Results:
r2: 0.9957
rmse: 0.0518
mae: 0.0364
Validation Results:
r2: 0.7715
rmse: 0.3904
mae: 0.2884
Test Results:
r2: 0.7053
rmse: 0.4562
mae: 0.3337
27/51
train r2: 0.9970288185943849, valid r2: 0.7758268560622356, test r2: 0.698557076802837
Training Results:
r2: 0.9970
rmse: 0.0431
mae: 0.0297
Validation Results:
r2: 0.7758
rmse: 0.3867
mae: 0.2815
Test Results:
r2: 0.6986
rmse: 0.4614
mae: 0.3396
28/51
train r2: 0.9968464537645985, valid r2: 0.7807027490217624, test r2: 0.7049769520488615
Training Results:
r2: 0.9968
rmse: 0.0443
mae: 0.0328
Validation Results:
r2: 0.7807
rmse: 0.3825
mae: 0.2775
Test Results:
r2: 0.7050
rmse: 0.4565
mae: 0.3376
29/51
train r2: 0.9975596075115731, valid r2: 0.7798749362035003, test r2: 0.7060020396322713
Training Results:
r2: 0.9976
rmse: 0.0390
mae: 0.0273
Validation Results:
r2: 0.7799
rmse: 0.3832
mae: 0.2789
Test Results:
r2: 0.7060
rmse: 0.4557
mae: 0.3343
30/51
train r2: 0.9978535146040145, valid r2: 0.77905150980494, test r2: 0.7019891658928554
Training Results:
r2: 0.9979
rmse: 0.0364
mae: 0.0270
Validation Results:
r2: 0.7791
rmse: 0.3839
mae: 0.2811
Test Results:
r2: 0.7020
rmse: 0.4588
mae: 0.3381
31/51
train r2: 0.9976821594097839, valid r2: 0.7786244153865984, test r2: 0.7073043902305519
Training Results:
r2: 0.9977
rmse: 0.0379
mae: 0.0266
Validation Results:
r2: 0.7786
rmse: 0.3843
mae: 0.2761
Test Results:
r2: 0.7073
rmse: 0.4547
mae: 0.3367
32/51
train r2: 0.9985879319836459, valid r2: 0.7805904469952297, test r2: 0.7047375895620086
Training Results:
r2: 0.9986
rmse: 0.0297
mae: 0.0210
Validation Results:
r2: 0.7806
rmse: 0.3825
mae: 0.2791
Test Results:
r2: 0.7047
rmse: 0.4567
mae: 0.3355
33/51
train r2: 0.9985429459061699, valid r2: 0.7798315876732309, test r2: 0.7085789436804109
Training Results:
r2: 0.9985
rmse: 0.0301
mae: 0.0210
Validation Results:
r2: 0.7798
rmse: 0.3832
mae: 0.2786
Test Results:
r2: 0.7086
rmse: 0.4537
mae: 0.3332
34/51
train r2: 0.9990853428004898, valid r2: 0.7793899347325296, test r2: 0.7069200586983722
Training Results:
r2: 0.9991
rmse: 0.0237
mae: 0.0157
Validation Results:
r2: 0.7794
rmse: 0.3836
mae: 0.2794
Test Results:
r2: 0.7069
rmse: 0.4550
mae: 0.3340
35/51
train r2: 0.9993564505946249, valid r2: 0.7806412357371385, test r2: 0.7080289100306387
Training Results:
r2: 0.9994
rmse: 0.0200
mae: 0.0117
Validation Results:
r2: 0.7806
rmse: 0.3825
mae: 0.2778
Test Results:
r2: 0.7080
rmse: 0.4541
mae: 0.3333
36/51
train r2: 0.9991361122943132, valid r2: 0.781750018796189, test r2: 0.7057393371701766
Training Results:
r2: 0.9991
rmse: 0.0232
mae: 0.0129
Validation Results:
r2: 0.7818
rmse: 0.3815
mae: 0.2761
Test Results:
r2: 0.7057
rmse: 0.4559
mae: 0.3349
37/51
train r2: 0.9993753120734143, valid r2: 0.7827958398798202, test r2: 0.7073610128143508
Training Results:
r2: 0.9994
rmse: 0.0197
mae: 0.0102
Validation Results:
r2: 0.7828
rmse: 0.3806
mae: 0.2759
Test Results:
r2: 0.7074
rmse: 0.4546
mae: 0.3340
38/51
train r2: 0.9995374447652922, valid r2: 0.7813355466055022, test r2: 0.7076292750002098
Training Results:
r2: 0.9995
rmse: 0.0170
mae: 0.0095
Validation Results:
r2: 0.7813
rmse: 0.3819
mae: 0.2776
Test Results:
r2: 0.7076
rmse: 0.4544
mae: 0.3336
39/51
train r2: 0.9994542542264889, valid r2: 0.7815012812344988, test r2: 0.7075158066772741
Training Results:
r2: 0.9995
rmse: 0.0185
mae: 0.0105
Validation Results:
r2: 0.7815
rmse: 0.3818
mae: 0.2772
Test Results:
r2: 0.7075
rmse: 0.4545
mae: 0.3341
40/51
train r2: 0.9996011565742168, valid r2: 0.781563604859535, test r2: 0.7069206500064286
Training Results:
r2: 0.9996
rmse: 0.0158
mae: 0.0080
Validation Results:
r2: 0.7816
rmse: 0.3817
mae: 0.2762
Test Results:
r2: 0.7069
rmse: 0.4550
mae: 0.3341
41/51
train r2: 0.9996695249470873, valid r2: 0.7808535043933967, test r2: 0.7084169536748605
Training Results:
r2: 0.9997
rmse: 0.0143
mae: 0.0071
Validation Results:
r2: 0.7809
rmse: 0.3823
mae: 0.2782
Test Results:
r2: 0.7084
rmse: 0.4538
mae: 0.3329
42/51
train r2: 0.999647537196083, valid r2: 0.7820960891596449, test r2: 0.7075484224427622
Training Results:
r2: 0.9996
rmse: 0.0148
mae: 0.0084
Validation Results:
r2: 0.7821
rmse: 0.3812
mae: 0.2762
Test Results:
r2: 0.7075
rmse: 0.4545
mae: 0.3332
43/51
train r2: 0.9996478442328718, valid r2: 0.7806026305945338, test r2: 0.7063960992618331
Training Results:
r2: 0.9996
rmse: 0.0148
mae: 0.0084
Validation Results:
r2: 0.7806
rmse: 0.3825
mae: 0.2780
Test Results:
r2: 0.7064
rmse: 0.4554
mae: 0.3342
44/51
train r2: 0.9997321568296214, valid r2: 0.7817799285785836, test r2: 0.7080376808144178
Training Results:
r2: 0.9997
rmse: 0.0129
mae: 0.0061
Validation Results:
r2: 0.7818
rmse: 0.3815
mae: 0.2771
Test Results:
r2: 0.7080
rmse: 0.4541
mae: 0.3331
45/51
train r2: 0.9997496820019188, valid r2: 0.7817436191718738, test r2: 0.7067425542831527
Training Results:
r2: 0.9997
rmse: 0.0125
mae: 0.0052
Validation Results:
r2: 0.7817
rmse: 0.3815
mae: 0.2766
Test Results:
r2: 0.7067
rmse: 0.4551
mae: 0.3340
46/51
train r2: 0.9997565014981715, valid r2: 0.7814770742848993, test r2: 0.7072078266176218
Training Results:
r2: 0.9998
rmse: 0.0123
mae: 0.0054
Validation Results:
r2: 0.7815
rmse: 0.3818
mae: 0.2767
Test Results:
r2: 0.7072
rmse: 0.4548
mae: 0.3337
47/51
train r2: 0.9997567400916176, valid r2: 0.781142612740726, test r2: 0.7071655992887471
Training Results:
r2: 0.9998
rmse: 0.0123
mae: 0.0051
Validation Results:
r2: 0.7811
rmse: 0.3821
mae: 0.2776
Test Results:
r2: 0.7072
rmse: 0.4548
mae: 0.3337
48/51
train r2: 0.9997838117918731, valid r2: 0.7816575436331626, test r2: 0.7069389742568011
Training Results:
r2: 0.9998
rmse: 0.0116
mae: 0.0047
Validation Results:
r2: 0.7817
rmse: 0.3816
mae: 0.2766
Test Results:
r2: 0.7069
rmse: 0.4550
mae: 0.3340
49/51
train r2: 0.999796084474501, valid r2: 0.7812143414791675, test r2: 0.7072908880013227
Training Results:
r2: 0.9998
rmse: 0.0113
mae: 0.0042
Validation Results:
r2: 0.7812
rmse: 0.3820
mae: 0.2772
Test Results:
r2: 0.7073
rmse: 0.4547
mae: 0.3336
50/51
train r2: 0.9998002122203502, valid r2: 0.7815101317686305, test r2: 0.7071340978831251
Training Results:
r2: 0.9998
rmse: 0.0112
mae: 0.0040
Validation Results:
r2: 0.7815
rmse: 0.3817
mae: 0.2769
Test Results:
r2: 0.7071
rmse: 0.4548
mae: 0.3338
train: 0.9994, val: 0.7828, test: 0.7074
end_test_result: (0.7073610128143508, 0.4546363353729248, 0.3340050280094147)
args.seed: 2054
use label scaler
use label scaler
use label scaler
model have 90.143705M paramerters in total
train_dataset.mean: tensor([-6.1779]) train_dataset.std: tensor([0.7888])
1/51
train r2: 0.3290542538330622, valid r2: 0.268602904821047, test r2: 0.22279997709575095
Training Results:
r2: 0.3291
rmse: 0.6487
mae: 0.5556
Validation Results:
r2: 0.2686
rmse: 0.6985
mae: 0.5991
Test Results:
r2: 0.2228
rmse: 0.7409
mae: 0.6238
2/51
train r2: 0.5670099831419668, valid r2: 0.5284462773104464, test r2: 0.44781858981755385
Training Results:
r2: 0.5670
rmse: 0.5184
mae: 0.4104
Validation Results:
r2: 0.5284
rmse: 0.5608
mae: 0.4347
Test Results:
r2: 0.4478
rmse: 0.6245
mae: 0.4758
3/51
train r2: 0.6752296036319043, valid r2: 0.6494424759332942, test r2: 0.6052794087429585
Training Results:
r2: 0.6752
rmse: 0.4480
mae: 0.3383
Validation Results:
r2: 0.6494
rmse: 0.4835
mae: 0.3728
Test Results:
r2: 0.6053
rmse: 0.5280
mae: 0.3998
4/51
train r2: 0.6504825809786589, valid r2: 0.5899848139655568, test r2: 0.4671977778904264
Training Results:
r2: 0.6505
rmse: 0.4673
mae: 0.3689
Validation Results:
r2: 0.5900
rmse: 0.5229
mae: 0.4058
Test Results:
r2: 0.4672
rmse: 0.6135
mae: 0.4824
5/51
train r2: 0.7714213756085423, valid r2: 0.7352920604853419, test r2: 0.6909426562279326
Training Results:
r2: 0.7714
rmse: 0.3783
mae: 0.2941
Validation Results:
r2: 0.7353
rmse: 0.4202
mae: 0.3317
Test Results:
r2: 0.6909
rmse: 0.4672
mae: 0.3522
6/51
train r2: 0.7757447898852649, valid r2: 0.7191568516549911, test r2: 0.6349055413711254
Training Results:
r2: 0.7757
rmse: 0.3730
mae: 0.2874
Validation Results:
r2: 0.7192
rmse: 0.4328
mae: 0.3297
Test Results:
r2: 0.6349
rmse: 0.5078
mae: 0.3844
7/51
train r2: 0.8191159281342517, valid r2: 0.7215540361913675, test r2: 0.6781478634201888
Training Results:
r2: 0.8191
rmse: 0.3355
mae: 0.2625
Validation Results:
r2: 0.7216
rmse: 0.4310
mae: 0.3467
Test Results:
r2: 0.6781
rmse: 0.4768
mae: 0.3666
8/51
train r2: 0.8567251486112042, valid r2: 0.7687828794173359, test r2: 0.6779583198048302
Training Results:
r2: 0.8567
rmse: 0.2981
mae: 0.2168
Validation Results:
r2: 0.7688
rmse: 0.3927
mae: 0.2984
Test Results:
r2: 0.6780
rmse: 0.4769
mae: 0.3490
9/51
train r2: 0.8807137988054513, valid r2: 0.7922606038334393, test r2: 0.7104733520958992
Training Results:
r2: 0.8807
rmse: 0.2719
mae: 0.2029
Validation Results:
r2: 0.7923
rmse: 0.3722
mae: 0.2758
Test Results:
r2: 0.7105
rmse: 0.4522
mae: 0.3404
10/51
train r2: 0.869261196561242, valid r2: 0.7269464915678169, test r2: 0.6911773589588714
Training Results:
r2: 0.8693
rmse: 0.2852
mae: 0.2305
Validation Results:
r2: 0.7269
rmse: 0.4268
mae: 0.3422
Test Results:
r2: 0.6912
rmse: 0.4670
mae: 0.3638
11/51
train r2: 0.9208187793107061, valid r2: 0.7453236265502872, test r2: 0.710968898924494
Training Results:
r2: 0.9208
rmse: 0.2216
mae: 0.1619
Validation Results:
r2: 0.7453
rmse: 0.4121
mae: 0.3010
Test Results:
r2: 0.7110
rmse: 0.4518
mae: 0.3422
12/51
train r2: 0.9366210055574764, valid r2: 0.7652748671033077, test r2: 0.7052316237369398
Training Results:
r2: 0.9366
rmse: 0.1983
mae: 0.1505
Validation Results:
r2: 0.7653
rmse: 0.3957
mae: 0.2948
Test Results:
r2: 0.7052
rmse: 0.4563
mae: 0.3504
13/51
train r2: 0.9048669309575214, valid r2: 0.7266438464178082, test r2: 0.68373258603937
Training Results:
r2: 0.9049
rmse: 0.2434
mae: 0.1959
Validation Results:
r2: 0.7266
rmse: 0.4270
mae: 0.3174
Test Results:
r2: 0.6837
rmse: 0.4726
mae: 0.3577
14/51
train r2: 0.9643958061477217, valid r2: 0.793481354680546, test r2: 0.736103961728552
Training Results:
r2: 0.9644
rmse: 0.1489
mae: 0.1086
Validation Results:
r2: 0.7935
rmse: 0.3711
mae: 0.2730
Test Results:
r2: 0.7361
rmse: 0.4317
mae: 0.3312
15/51
train r2: 0.9576706668169971, valid r2: 0.767196228634211, test r2: 0.714019284992741
Training Results:
r2: 0.9577
rmse: 0.1624
mae: 0.1198
Validation Results:
r2: 0.7672
rmse: 0.3941
mae: 0.2905
Test Results:
r2: 0.7140
rmse: 0.4494
mae: 0.3277
16/51
train r2: 0.9534751391852943, valid r2: 0.7559840050890216, test r2: 0.6893835758929168
Training Results:
r2: 0.9535
rmse: 0.1704
mae: 0.1377
Validation Results:
r2: 0.7560
rmse: 0.4034
mae: 0.3094
Test Results:
r2: 0.6894
rmse: 0.4684
mae: 0.3483
17/51
train r2: 0.9732050310402197, valid r2: 0.7567328751560809, test r2: 0.7191362905870494
Training Results:
r2: 0.9732
rmse: 0.1292
mae: 0.0974
Validation Results:
r2: 0.7567
rmse: 0.4028
mae: 0.2996
Test Results:
r2: 0.7191
rmse: 0.4454
mae: 0.3322
18/51
train r2: 0.9808804060816808, valid r2: 0.7738096828950983, test r2: 0.7268708406165014
Training Results:
r2: 0.9809
rmse: 0.1092
mae: 0.0802
Validation Results:
r2: 0.7738
rmse: 0.3884
mae: 0.2895
Test Results:
r2: 0.7269
rmse: 0.4392
mae: 0.3324
19/51
train r2: 0.9839319440731519, valid r2: 0.7851349707798149, test r2: 0.7173270603746911
Training Results:
r2: 0.9839
rmse: 0.1000
mae: 0.0801
Validation Results:
r2: 0.7851
rmse: 0.3786
mae: 0.2868
Test Results:
r2: 0.7173
rmse: 0.4468
mae: 0.3358
20/51
train r2: 0.9902665326894501, valid r2: 0.7783704983464054, test r2: 0.7395049415398742
Training Results:
r2: 0.9903
rmse: 0.0780
mae: 0.0585
Validation Results:
r2: 0.7784
rmse: 0.3845
mae: 0.2830
Test Results:
r2: 0.7395
rmse: 0.4289
mae: 0.3188
21/51
train r2: 0.993876438079201, valid r2: 0.7799530748537177, test r2: 0.7317883249014712
Training Results:
r2: 0.9939
rmse: 0.0618
mae: 0.0445
Validation Results:
r2: 0.7800
rmse: 0.3831
mae: 0.2885
Test Results:
r2: 0.7318
rmse: 0.4352
mae: 0.3249
22/51
train r2: 0.9941761066859508, valid r2: 0.7846002973972762, test r2: 0.7330948842133678
Training Results:
r2: 0.9942
rmse: 0.0602
mae: 0.0445
Validation Results:
r2: 0.7846
rmse: 0.3790
mae: 0.2841
Test Results:
r2: 0.7331
rmse: 0.4342
mae: 0.3282
23/51
train r2: 0.9947227738891179, valid r2: 0.7853586196883632, test r2: 0.7294262972580143
Training Results:
r2: 0.9947
rmse: 0.0572
mae: 0.0404
Validation Results:
r2: 0.7854
rmse: 0.3784
mae: 0.2815
Test Results:
r2: 0.7294
rmse: 0.4372
mae: 0.3321
24/51
train r2: 0.995740454276168, valid r2: 0.7951686334322277, test r2: 0.7362790656888467
Training Results:
r2: 0.9957
rmse: 0.0513
mae: 0.0359
Validation Results:
r2: 0.7952
rmse: 0.3696
mae: 0.2728
Test Results:
r2: 0.7363
rmse: 0.4316
mae: 0.3242
25/51
train r2: 0.9958860642258374, valid r2: 0.7890044414025005, test r2: 0.723671168835296
Training Results:
r2: 0.9959
rmse: 0.0506
mae: 0.0383
Validation Results:
r2: 0.7890
rmse: 0.3751
mae: 0.2754
Test Results:
r2: 0.7237
rmse: 0.4418
mae: 0.3324
26/51
train r2: 0.9977210244339961, valid r2: 0.7883344228119457, test r2: 0.731078687669138
Training Results:
r2: 0.9977
rmse: 0.0377
mae: 0.0255
Validation Results:
r2: 0.7883
rmse: 0.3757
mae: 0.2794
Test Results:
r2: 0.7311
rmse: 0.4358
mae: 0.3235
27/51
train r2: 0.9977842685114146, valid r2: 0.7985192290119194, test r2: 0.7306763786527075
Training Results:
r2: 0.9978
rmse: 0.0370
mae: 0.0267
Validation Results:
r2: 0.7985
rmse: 0.3666
mae: 0.2723
Test Results:
r2: 0.7307
rmse: 0.4361
mae: 0.3267
28/51
train r2: 0.9979066374772976, valid r2: 0.7887849649160212, test r2: 0.7259513371277055
Training Results:
r2: 0.9979
rmse: 0.0361
mae: 0.0251
Validation Results:
r2: 0.7888
rmse: 0.3753
mae: 0.2812
Test Results:
r2: 0.7260
rmse: 0.4400
mae: 0.3300
29/51
train r2: 0.9978850523292907, valid r2: 0.7940946598342429, test r2: 0.7376439407609054
Training Results:
r2: 0.9979
rmse: 0.0362
mae: 0.0257
Validation Results:
r2: 0.7941
rmse: 0.3706
mae: 0.2785
Test Results:
r2: 0.7376
rmse: 0.4305
mae: 0.3194
30/51
train r2: 0.9984680691693113, valid r2: 0.7951253649462007, test r2: 0.7357964620016081
Training Results:
r2: 0.9985
rmse: 0.0309
mae: 0.0207
Validation Results:
r2: 0.7951
rmse: 0.3697
mae: 0.2774
Test Results:
r2: 0.7358
rmse: 0.4320
mae: 0.3232
31/51
train r2: 0.9985517366592261, valid r2: 0.7919692115263746, test r2: 0.7319137607553874
Training Results:
r2: 0.9986
rmse: 0.0300
mae: 0.0214
Validation Results:
r2: 0.7920
rmse: 0.3725
mae: 0.2787
Test Results:
r2: 0.7319
rmse: 0.4351
mae: 0.3252
32/51
train r2: 0.998970883641744, valid r2: 0.7923887133507106, test r2: 0.7309470235475317
Training Results:
r2: 0.9990
rmse: 0.0253
mae: 0.0146
Validation Results:
r2: 0.7924
rmse: 0.3721
mae: 0.2775
Test Results:
r2: 0.7309
rmse: 0.4359
mae: 0.3249
33/51
train r2: 0.9987857313704063, valid r2: 0.7933148779919117, test r2: 0.7313328659904239
Training Results:
r2: 0.9988
rmse: 0.0275
mae: 0.0199
Validation Results:
r2: 0.7933
rmse: 0.3713
mae: 0.2770
Test Results:
r2: 0.7313
rmse: 0.4356
mae: 0.3258
34/51
train r2: 0.9990128891212559, valid r2: 0.792211240379679, test r2: 0.7322236989481252
Training Results:
r2: 0.9990
rmse: 0.0248
mae: 0.0151
Validation Results:
r2: 0.7922
rmse: 0.3723
mae: 0.2755
Test Results:
r2: 0.7322
rmse: 0.4349
mae: 0.3263
35/51
train r2: 0.9991603581594375, valid r2: 0.7951857224220262, test r2: 0.7357096665408526
Training Results:
r2: 0.9992
rmse: 0.0229
mae: 0.0144
Validation Results:
r2: 0.7952
rmse: 0.3696
mae: 0.2775
Test Results:
r2: 0.7357
rmse: 0.4321
mae: 0.3235
36/51
train r2: 0.9993387977084355, valid r2: 0.7959526101583572, test r2: 0.735445465694487
Training Results:
r2: 0.9993
rmse: 0.0203
mae: 0.0111
Validation Results:
r2: 0.7960
rmse: 0.3689
mae: 0.2751
Test Results:
r2: 0.7354
rmse: 0.4323
mae: 0.3225
37/51
train r2: 0.9994510332090164, valid r2: 0.7955836187257295, test r2: 0.7338082921212519
Training Results:
r2: 0.9995
rmse: 0.0184
mae: 0.0091
Validation Results:
r2: 0.7956
rmse: 0.3692
mae: 0.2755
Test Results:
r2: 0.7338
rmse: 0.4336
mae: 0.3225
38/51
train r2: 0.9994139732270255, valid r2: 0.7943241450373671, test r2: 0.7362701098332015
Training Results:
r2: 0.9994
rmse: 0.0190
mae: 0.0101
Validation Results:
r2: 0.7943
rmse: 0.3704
mae: 0.2769
Test Results:
r2: 0.7363
rmse: 0.4316
mae: 0.3225
39/51
train r2: 0.9994746422349902, valid r2: 0.7968249913279196, test r2: 0.7336336559923515
Training Results:
r2: 0.9995
rmse: 0.0181
mae: 0.0090
Validation Results:
r2: 0.7968
rmse: 0.3681
mae: 0.2742
Test Results:
r2: 0.7336
rmse: 0.4337
mae: 0.3241
40/51
train r2: 0.9994620125884071, valid r2: 0.7952801362815586, test r2: 0.7315959234222125
Training Results:
r2: 0.9995
rmse: 0.0183
mae: 0.0097
Validation Results:
r2: 0.7953
rmse: 0.3695
mae: 0.2749
Test Results:
r2: 0.7316
rmse: 0.4354
mae: 0.3261
41/51
train r2: 0.999566348570778, valid r2: 0.7958074466298961, test r2: 0.7329405587941636
Training Results:
r2: 0.9996
rmse: 0.0164
mae: 0.0080
Validation Results:
r2: 0.7958
rmse: 0.3690
mae: 0.2754
Test Results:
r2: 0.7329
rmse: 0.4343
mae: 0.3241
42/51
train r2: 0.9996140569628698, valid r2: 0.7953862351954117, test r2: 0.734310905612658
Training Results:
r2: 0.9996
rmse: 0.0155
mae: 0.0066
Validation Results:
r2: 0.7954
rmse: 0.3694
mae: 0.2767
Test Results:
r2: 0.7343
rmse: 0.4332
mae: 0.3234
43/51
train r2: 0.9996068723166142, valid r2: 0.7966944067301529, test r2: 0.7339556133353644
Training Results:
r2: 0.9996
rmse: 0.0156
mae: 0.0073
Validation Results:
r2: 0.7967
rmse: 0.3682
mae: 0.2753
Test Results:
r2: 0.7340
rmse: 0.4335
mae: 0.3237
44/51
train r2: 0.9996107170166038, valid r2: 0.7962707256961314, test r2: 0.7333836571992598
Training Results:
r2: 0.9996
rmse: 0.0156
mae: 0.0062
Validation Results:
r2: 0.7963
rmse: 0.3686
mae: 0.2746
Test Results:
r2: 0.7334
rmse: 0.4340
mae: 0.3241
45/51
train r2: 0.9996518192898484, valid r2: 0.7955273401420748, test r2: 0.7337745528875186
Training Results:
r2: 0.9997
rmse: 0.0147
mae: 0.0056
Validation Results:
r2: 0.7955
rmse: 0.3693
mae: 0.2769
Test Results:
r2: 0.7338
rmse: 0.4336
mae: 0.3235
46/51
train r2: 0.9996636483391305, valid r2: 0.7963141496612762, test r2: 0.7338175393595424
Training Results:
r2: 0.9997
rmse: 0.0145
mae: 0.0060
Validation Results:
r2: 0.7963
rmse: 0.3686
mae: 0.2753
Test Results:
r2: 0.7338
rmse: 0.4336
mae: 0.3236
47/51
train r2: 0.999693116942194, valid r2: 0.7959199155179123, test r2: 0.7339762799416637
Training Results:
r2: 0.9997
rmse: 0.0138
mae: 0.0048
Validation Results:
r2: 0.7959
rmse: 0.3689
mae: 0.2758
Test Results:
r2: 0.7340
rmse: 0.4335
mae: 0.3233
break!
train: 0.9978, val: 0.7985, test: 0.7307
end_test_result: (0.7306763786527075, 0.43614938855171204, 0.32670167088508606)
args.seed: 2064
use label scaler
use label scaler
use label scaler
model have 90.143705M paramerters in total
train_dataset.mean: tensor([-6.1779]) train_dataset.std: tensor([0.7888])
1/51
train r2: 0.20347647023541438, valid r2: 0.2342984196485528, test r2: 0.10502606385712188
Training Results:
r2: 0.2035
rmse: 0.7007
mae: 0.5752
Validation Results:
r2: 0.2343
rmse: 0.7146
mae: 0.5629
Test Results:
r2: 0.1050
rmse: 0.7951
mae: 0.6356
2/51
train r2: 0.5459177095180601, valid r2: 0.5217576136983133, test r2: 0.45896289667648926
Training Results:
r2: 0.5459
rmse: 0.5335
mae: 0.4359
Validation Results:
r2: 0.5218
rmse: 0.5648
mae: 0.4594
Test Results:
r2: 0.4590
rmse: 0.6182
mae: 0.4872
3/51
train r2: 0.6315531591319723, valid r2: 0.6570475287838888, test r2: 0.5937510960015435
Training Results:
r2: 0.6316
rmse: 0.4787
mae: 0.3692
Validation Results:
r2: 0.6570
rmse: 0.4783
mae: 0.3742
Test Results:
r2: 0.5938
rmse: 0.5357
mae: 0.3948
4/51
train r2: 0.649444868918092, valid r2: 0.6296586453550347, test r2: 0.6045362422598775
Training Results:
r2: 0.6494
rmse: 0.4675
mae: 0.3722
Validation Results:
r2: 0.6297
rmse: 0.4970
mae: 0.4183
Test Results:
r2: 0.6045
rmse: 0.5285
mae: 0.4150
5/51
train r2: 0.7514241797011665, valid r2: 0.7263255922419874, test r2: 0.6698915047755654
Training Results:
r2: 0.7514
rmse: 0.3945
mae: 0.3078
Validation Results:
r2: 0.7263
rmse: 0.4272
mae: 0.3400
Test Results:
r2: 0.6699
rmse: 0.4829
mae: 0.3861
6/51
train r2: 0.799016107912765, valid r2: 0.7498013493339892, test r2: 0.6594655334417113
Training Results:
r2: 0.7990
rmse: 0.3535
mae: 0.2673
Validation Results:
r2: 0.7498
rmse: 0.4085
mae: 0.3021
Test Results:
r2: 0.6595
rmse: 0.4904
mae: 0.3819
7/51
train r2: 0.8295348729564578, valid r2: 0.7670743297903245, test r2: 0.6809091571751962
Training Results:
r2: 0.8295
rmse: 0.3237
mae: 0.2416
Validation Results:
r2: 0.7671
rmse: 0.3942
mae: 0.2941
Test Results:
r2: 0.6809
rmse: 0.4747
mae: 0.3614
8/51
train r2: 0.821273010487117, valid r2: 0.7312115581969505, test r2: 0.6784352467417017
Training Results:
r2: 0.8213
rmse: 0.3335
mae: 0.2642
Validation Results:
r2: 0.7312
rmse: 0.4234
mae: 0.3361
Test Results:
r2: 0.6784
rmse: 0.4766
mae: 0.3736
9/51
train r2: 0.8741624979522858, valid r2: 0.7659926753621156, test r2: 0.7066980539854725
Training Results:
r2: 0.8742
rmse: 0.2806
mae: 0.2146
Validation Results:
r2: 0.7660
rmse: 0.3951
mae: 0.2916
Test Results:
r2: 0.7067
rmse: 0.4552
mae: 0.3381
10/51
train r2: 0.8948141457614969, valid r2: 0.7494477987413978, test r2: 0.6788978995678707
Training Results:
r2: 0.8948
rmse: 0.2548
mae: 0.1912
Validation Results:
r2: 0.7494
rmse: 0.4088
mae: 0.3032
Test Results:
r2: 0.6789
rmse: 0.4762
mae: 0.3671
11/51
train r2: 0.8878903390345896, valid r2: 0.7545930780984184, test r2: 0.6644644346561971
Training Results:
r2: 0.8879
rmse: 0.2647
mae: 0.2066
Validation Results:
r2: 0.7546
rmse: 0.4046
mae: 0.3016
Test Results:
r2: 0.6645
rmse: 0.4868
mae: 0.3769
12/51
train r2: 0.9310880190392612, valid r2: 0.751669501184784, test r2: 0.7280147845060685
Training Results:
r2: 0.9311
rmse: 0.2072
mae: 0.1550
Validation Results:
r2: 0.7517
rmse: 0.4070
mae: 0.2997
Test Results:
r2: 0.7280
rmse: 0.4383
mae: 0.3223
13/51
train r2: 0.8881661741367077, valid r2: 0.6789188352635409, test r2: 0.6359636000355764
Training Results:
r2: 0.8882
rmse: 0.2646
mae: 0.2182
Validation Results:
r2: 0.6789
rmse: 0.4628
mae: 0.3706
Test Results:
r2: 0.6360
rmse: 0.5071
mae: 0.3861
14/51
train r2: 0.9513173322284036, valid r2: 0.7683125494195511, test r2: 0.7062444334266974
Training Results:
r2: 0.9513
rmse: 0.1742
mae: 0.1291
Validation Results:
r2: 0.7683
rmse: 0.3931
mae: 0.2817
Test Results:
r2: 0.7062
rmse: 0.4555
mae: 0.3485
15/51
train r2: 0.9634665639081789, valid r2: 0.7555401292040402, test r2: 0.7241108425699407
Training Results:
r2: 0.9635
rmse: 0.1508
mae: 0.1109
Validation Results:
r2: 0.7555
rmse: 0.4038
mae: 0.2863
Test Results:
r2: 0.7241
rmse: 0.4414
mae: 0.3284
16/51
train r2: 0.9616525266404373, valid r2: 0.7730332100969786, test r2: 0.7204718672993267
Training Results:
r2: 0.9617
rmse: 0.1548
mae: 0.1176
Validation Results:
r2: 0.7730
rmse: 0.3891
mae: 0.2889
Test Results:
r2: 0.7205
rmse: 0.4443
mae: 0.3344
17/51
train r2: 0.9711397104342891, valid r2: 0.7831264062143322, test r2: 0.729408416107754
Training Results:
r2: 0.9711
rmse: 0.1343
mae: 0.1024
Validation Results:
r2: 0.7831
rmse: 0.3803
mae: 0.2899
Test Results:
r2: 0.7294
rmse: 0.4372
mae: 0.3299
18/51
train r2: 0.9809610290213978, valid r2: 0.7705775550299035, test r2: 0.727604571495051
Training Results:
r2: 0.9810
rmse: 0.1089
mae: 0.0821
Validation Results:
r2: 0.7706
rmse: 0.3912
mae: 0.2886
Test Results:
r2: 0.7276
rmse: 0.4386
mae: 0.3298
19/51
train r2: 0.9872898721218833, valid r2: 0.7917719893883237, test r2: 0.7291186176894273
Training Results:
r2: 0.9873
rmse: 0.0887
mae: 0.0648
Validation Results:
r2: 0.7918
rmse: 0.3727
mae: 0.2785
Test Results:
r2: 0.7291
rmse: 0.4374
mae: 0.3225
20/51
train r2: 0.987590242033492, valid r2: 0.7745455338692471, test r2: 0.7247435482424558
Training Results:
r2: 0.9876
rmse: 0.0881
mae: 0.0658
Validation Results:
r2: 0.7745
rmse: 0.3878
mae: 0.2902
Test Results:
r2: 0.7247
rmse: 0.4409
mae: 0.3236
21/51
train r2: 0.9867686539898995, valid r2: 0.7815981053436823, test r2: 0.7250491770954841
Training Results:
r2: 0.9868
rmse: 0.0904
mae: 0.0656
Validation Results:
r2: 0.7816
rmse: 0.3817
mae: 0.2803
Test Results:
r2: 0.7250
rmse: 0.4407
mae: 0.3291
22/51
train r2: 0.991928252619088, valid r2: 0.7816308638952896, test r2: 0.7295000064647199
Training Results:
r2: 0.9919
rmse: 0.0708
mae: 0.0517
Validation Results:
r2: 0.7816
rmse: 0.3816
mae: 0.2799
Test Results:
r2: 0.7295
rmse: 0.4371
mae: 0.3271
23/51
train r2: 0.9942472818701927, valid r2: 0.7855523652243888, test r2: 0.7280838502060403
Training Results:
r2: 0.9942
rmse: 0.0598
mae: 0.0427
Validation Results:
r2: 0.7856
rmse: 0.3782
mae: 0.2848
Test Results:
r2: 0.7281
rmse: 0.4382
mae: 0.3235
24/51
train r2: 0.9953390074269819, valid r2: 0.7738929874702433, test r2: 0.7273567351579606
Training Results:
r2: 0.9953
rmse: 0.0539
mae: 0.0387
Validation Results:
r2: 0.7739
rmse: 0.3883
mae: 0.2896
Test Results:
r2: 0.7274
rmse: 0.4388
mae: 0.3209
25/51
train r2: 0.9950664805142219, valid r2: 0.7849029879385414, test r2: 0.7330324548138112
Training Results:
r2: 0.9951
rmse: 0.0553
mae: 0.0395
Validation Results:
r2: 0.7849
rmse: 0.3788
mae: 0.2864
Test Results:
r2: 0.7330
rmse: 0.4342
mae: 0.3212
26/51
train r2: 0.9968055814104433, valid r2: 0.7780955830793056, test r2: 0.728524255971106
Training Results:
r2: 0.9968
rmse: 0.0447
mae: 0.0312
Validation Results:
r2: 0.7781
rmse: 0.3847
mae: 0.2894
Test Results:
r2: 0.7285
rmse: 0.4379
mae: 0.3231
27/51
train r2: 0.996518713051116, valid r2: 0.7815728151573273, test r2: 0.730771014185408
Training Results:
r2: 0.9965
rmse: 0.0467
mae: 0.0334
Validation Results:
r2: 0.7816
rmse: 0.3817
mae: 0.2845
Test Results:
r2: 0.7308
rmse: 0.4361
mae: 0.3244
28/51
train r2: 0.9975488836136073, valid r2: 0.7773820024752547, test r2: 0.7332552464348254
Training Results:
r2: 0.9975
rmse: 0.0390
mae: 0.0256
Validation Results:
r2: 0.7774
rmse: 0.3853
mae: 0.2875
Test Results:
r2: 0.7333
rmse: 0.4341
mae: 0.3211
29/51
train r2: 0.9983627455378198, valid r2: 0.782341453394872, test r2: 0.7352091484201337
Training Results:
r2: 0.9984
rmse: 0.0319
mae: 0.0209
Validation Results:
r2: 0.7823
rmse: 0.3810
mae: 0.2825
Test Results:
r2: 0.7352
rmse: 0.4325
mae: 0.3197
30/51
train r2: 0.9986499377077724, valid r2: 0.7776403068145677, test r2: 0.7309049711417261
Training Results:
r2: 0.9986
rmse: 0.0289
mae: 0.0172
Validation Results:
r2: 0.7776
rmse: 0.3851
mae: 0.2857
Test Results:
r2: 0.7309
rmse: 0.4360
mae: 0.3238
31/51
train r2: 0.9985086943288479, valid r2: 0.783190804860474, test r2: 0.7326803363477636
Training Results:
r2: 0.9985
rmse: 0.0304
mae: 0.0186
Validation Results:
r2: 0.7832
rmse: 0.3803
mae: 0.2816
Test Results:
r2: 0.7327
rmse: 0.4345
mae: 0.3221
32/51
train r2: 0.9988052058069845, valid r2: 0.7802281058087612, test r2: 0.7336214973324144
Training Results:
r2: 0.9988
rmse: 0.0272
mae: 0.0171
Validation Results:
r2: 0.7802
rmse: 0.3829
mae: 0.2823
Test Results:
r2: 0.7336
rmse: 0.4338
mae: 0.3207
33/51
train r2: 0.9988992155852756, valid r2: 0.7811588201954172, test r2: 0.7353118986765028
Training Results:
r2: 0.9989
rmse: 0.0260
mae: 0.0152
Validation Results:
r2: 0.7812
rmse: 0.3821
mae: 0.2856
Test Results:
r2: 0.7353
rmse: 0.4324
mae: 0.3207
34/51
train r2: 0.9990710215851489, valid r2: 0.7798705330490842, test r2: 0.7371317093095711
Training Results:
r2: 0.9991
rmse: 0.0240
mae: 0.0136
Validation Results:
r2: 0.7799
rmse: 0.3832
mae: 0.2848
Test Results:
r2: 0.7371
rmse: 0.4309
mae: 0.3192
35/51
train r2: 0.9992206707881374, valid r2: 0.7793755446634106, test r2: 0.734764569106589
Training Results:
r2: 0.9992
rmse: 0.0220
mae: 0.0120
Validation Results:
r2: 0.7794
rmse: 0.3836
mae: 0.2852
Test Results:
r2: 0.7348
rmse: 0.4328
mae: 0.3207
36/51
train r2: 0.9992035268902072, valid r2: 0.779814079385391, test r2: 0.7372766700919066
Training Results:
r2: 0.9992
rmse: 0.0223
mae: 0.0127
Validation Results:
r2: 0.7798
rmse: 0.3832
mae: 0.2845
Test Results:
r2: 0.7373
rmse: 0.4308
mae: 0.3200
37/51
train r2: 0.9993150906812875, valid r2: 0.7805238610759945, test r2: 0.7373792937352392
Training Results:
r2: 0.9993
rmse: 0.0206
mae: 0.0108
Validation Results:
r2: 0.7805
rmse: 0.3826
mae: 0.2838
Test Results:
r2: 0.7374
rmse: 0.4307
mae: 0.3193
38/51
train r2: 0.9994187750211663, valid r2: 0.7804674900418007, test r2: 0.7369098669490917
Training Results:
r2: 0.9994
rmse: 0.0190
mae: 0.0091
Validation Results:
r2: 0.7805
rmse: 0.3827
mae: 0.2832
Test Results:
r2: 0.7369
rmse: 0.4311
mae: 0.3191
39/51
train r2: 0.999368588050641, valid r2: 0.780765552823699, test r2: 0.7363478364818756
Training Results:
r2: 0.9994
rmse: 0.0198
mae: 0.0101
Validation Results:
r2: 0.7808
rmse: 0.3824
mae: 0.2821
Test Results:
r2: 0.7363
rmse: 0.4315
mae: 0.3202
break!
train: 0.9873, val: 0.7918, test: 0.7291
end_test_result: (0.7291186176894273, 0.4374088943004608, 0.3225439786911011)
Time used on CycPept_Caco2: 0:39:36
Current seed: 2024, current split method: scaffold, current task: CycPept_Caco2
Namespace(seed=2024, times=5, n_epochs=50, config='base', model_path='../models/pretrained/base/base.pth', dataset='CycPept_Caco2', data_path='../datasets/', dataset_type='regression', use_scaler=True, metric=['r2', 'rmse', 'mae'], split='scaffold_2024', weight_decay=0.0, dropout=0.0, lr=3e-05, n_threads=8)
args.seed: 2024
use label scaler
use label scaler
use label scaler
model have 90.143705M paramerters in total
train_dataset.mean: tensor([-6.2043]) train_dataset.std: tensor([0.7636])
1/51
train r2: 0.25673077948854894, valid r2: 0.15832384152745338, test r2: 0.3633212033578487
Training Results:
r2: 0.2567
rmse: 0.6575
mae: 0.5534
Validation Results:
r2: 0.1583
rmse: 0.6990
mae: 0.5994
Test Results:
r2: 0.3633
rmse: 0.8255
mae: 0.6802
2/51
train r2: 0.5437558415837394, valid r2: 0.37707397851702895, test r2: 0.5913276975632711
Training Results:
r2: 0.5438
rmse: 0.5160
mae: 0.4265
Validation Results:
r2: 0.3771
rmse: 0.6013
mae: 0.4980
Test Results:
r2: 0.5913
rmse: 0.6614
mae: 0.5409
3/51
train r2: 0.5547560902493964, valid r2: 0.4021811500974859, test r2: 0.5475743852711425
Training Results:
r2: 0.5548
rmse: 0.5090
mae: 0.3951
Validation Results:
r2: 0.4022
rmse: 0.5891
mae: 0.4482
Test Results:
r2: 0.5476
rmse: 0.6959
mae: 0.5698
4/51
train r2: 0.6097116026952405, valid r2: 0.46086187529686984, test r2: 0.5491358691564956
Training Results:
r2: 0.6097
rmse: 0.4785
mae: 0.3706
Validation Results:
r2: 0.4609
rmse: 0.5594
mae: 0.4335
Test Results:
r2: 0.5491
rmse: 0.6947
mae: 0.5699
5/51
train r2: 0.6645716859253671, valid r2: 0.5478841902307101, test r2: 0.4736196047609762
Training Results:
r2: 0.6646
rmse: 0.4408
mae: 0.3411
Validation Results:
r2: 0.5479
rmse: 0.5123
mae: 0.3903
Test Results:
r2: 0.4736
rmse: 0.7506
mae: 0.5851
6/51
train r2: 0.7570159352391631, valid r2: 0.5185526362466815, test r2: 0.6345900839975853
Training Results:
r2: 0.7570
rmse: 0.3764
mae: 0.2896
Validation Results:
r2: 0.5186
rmse: 0.5286
mae: 0.3949
Test Results:
r2: 0.6346
rmse: 0.6254
mae: 0.4985
7/51
train r2: 0.834022011253146, valid r2: 0.6290642051571893, test r2: 0.6704703871908331
Training Results:
r2: 0.8340
rmse: 0.3112
mae: 0.2295
Validation Results:
r2: 0.6291
rmse: 0.4640
mae: 0.3516
Test Results:
r2: 0.6705
rmse: 0.5939
mae: 0.4540
8/51
train r2: 0.8593842537889544, valid r2: 0.5962731693740226, test r2: 0.7103770266114525
Training Results:
r2: 0.8594
rmse: 0.2868
mae: 0.2162
Validation Results:
r2: 0.5963
rmse: 0.4841
mae: 0.3706
Test Results:
r2: 0.7104
rmse: 0.5568
mae: 0.4198
9/51
train r2: 0.8653713710927381, valid r2: 0.648834537587119, test r2: 0.6532781256619051
Training Results:
r2: 0.8654
rmse: 0.2793
mae: 0.2126
Validation Results:
r2: 0.6488
rmse: 0.4515
mae: 0.3311
Test Results:
r2: 0.6533
rmse: 0.6092
mae: 0.4755
10/51
train r2: 0.9054150288087333, valid r2: 0.6577895404962054, test r2: 0.6546907508875229
Training Results:
r2: 0.9054
rmse: 0.2353
mae: 0.1739
Validation Results:
r2: 0.6578
rmse: 0.4457
mae: 0.3398
Test Results:
r2: 0.6547
rmse: 0.6079
mae: 0.4655
11/51
train r2: 0.8543618476939456, valid r2: 0.6125549109759587, test r2: 0.6304932596252584
Training Results:
r2: 0.8544
rmse: 0.2923
mae: 0.2368
Validation Results:
r2: 0.6126
rmse: 0.4742
mae: 0.3529
Test Results:
r2: 0.6305
rmse: 0.6289
mae: 0.4782
12/51
train r2: 0.9280784647868043, valid r2: 0.6465168554023851, test r2: 0.6584350203544989
Training Results:
r2: 0.9281
rmse: 0.2045
mae: 0.1544
Validation Results:
r2: 0.6465
rmse: 0.4530
mae: 0.3369
Test Results:
r2: 0.6584
rmse: 0.6046
mae: 0.4716
13/51
train r2: 0.9396654235712787, valid r2: 0.6264630251040075, test r2: 0.6778545577289825
Training Results:
r2: 0.9397
rmse: 0.1874
mae: 0.1471
Validation Results:
r2: 0.6265
rmse: 0.4656
mae: 0.3657
Test Results:
r2: 0.6779
rmse: 0.5872
mae: 0.4489
14/51
train r2: 0.9442566738366125, valid r2: 0.6204020912673389, test r2: 0.6783582581793622
Training Results:
r2: 0.9443
rmse: 0.1802
mae: 0.1415
Validation Results:
r2: 0.6204
rmse: 0.4694
mae: 0.3613
Test Results:
r2: 0.6784
rmse: 0.5867
mae: 0.4505
15/51
train r2: 0.9459631556276572, valid r2: 0.6066138637139045, test r2: 0.6794738292769802
Training Results:
r2: 0.9460
rmse: 0.1770
mae: 0.1417
Validation Results:
r2: 0.6066
rmse: 0.4779
mae: 0.3712
Test Results:
r2: 0.6795
rmse: 0.5857
mae: 0.4473
16/51
train r2: 0.9703389265049834, valid r2: 0.6756711210801329, test r2: 0.6787549240875448
Training Results:
r2: 0.9703
rmse: 0.1317
mae: 0.0985
Validation Results:
r2: 0.6757
rmse: 0.4339
mae: 0.3307
Test Results:
r2: 0.6788
rmse: 0.5864
mae: 0.4504
17/51
train r2: 0.9581098598369486, valid r2: 0.62959795003639, test r2: 0.6890705411087755
Training Results:
r2: 0.9581
rmse: 0.1564
mae: 0.1222
Validation Results:
r2: 0.6296
rmse: 0.4637
mae: 0.3562
Test Results:
r2: 0.6891
rmse: 0.5769
mae: 0.4436
18/51
train r2: 0.9764115737246263, valid r2: 0.6600870481668385, test r2: 0.6578740516825353
Training Results:
r2: 0.9764
rmse: 0.1169
mae: 0.0857
Validation Results:
r2: 0.6601
rmse: 0.4442
mae: 0.3333
Test Results:
r2: 0.6579
rmse: 0.6051
mae: 0.4687
19/51
train r2: 0.9840575214088181, valid r2: 0.6633177362288392, test r2: 0.6848536298552899
Training Results:
r2: 0.9841
rmse: 0.0964
mae: 0.0725
Validation Results:
r2: 0.6633
rmse: 0.4421
mae: 0.3345
Test Results:
r2: 0.6849
rmse: 0.5808
mae: 0.4476
20/51
train r2: 0.979462746233014, valid r2: 0.661796097024407, test r2: 0.6850098841647584
Training Results:
r2: 0.9795
rmse: 0.1093
mae: 0.0810
Validation Results:
r2: 0.6618
rmse: 0.4431
mae: 0.3347
Test Results:
r2: 0.6850
rmse: 0.5806
mae: 0.4447
21/51
train r2: 0.9841361736821274, valid r2: 0.6485494543521201, test r2: 0.6768662384095814
Training Results:
r2: 0.9841
rmse: 0.0964
mae: 0.0746
Validation Results:
r2: 0.6485
rmse: 0.4517
mae: 0.3355
Test Results:
r2: 0.6769
rmse: 0.5881
mae: 0.4470
22/51
train r2: 0.9858290531617855, valid r2: 0.654524147148134, test r2: 0.6730988726851814
Training Results:
r2: 0.9858
rmse: 0.0911
mae: 0.0677
Validation Results:
r2: 0.6545
rmse: 0.4478
mae: 0.3395
Test Results:
r2: 0.6731
rmse: 0.5915
mae: 0.4507
23/51
train r2: 0.991208315156218, valid r2: 0.6481644154599817, test r2: 0.6737693190504515
Training Results:
r2: 0.9912
rmse: 0.0717
mae: 0.0545
Validation Results:
r2: 0.6482
rmse: 0.4519
mae: 0.3370
Test Results:
r2: 0.6738
rmse: 0.5909
mae: 0.4494
24/51
train r2: 0.992863802453934, valid r2: 0.6569589430853289, test r2: 0.6702889754262462
Training Results:
r2: 0.9929
rmse: 0.0645
mae: 0.0478
Validation Results:
r2: 0.6570
rmse: 0.4462
mae: 0.3351
Test Results:
r2: 0.6703
rmse: 0.5940
mae: 0.4527
25/51
train r2: 0.9937514415646441, valid r2: 0.643765997115861, test r2: 0.6784797908992367
Training Results:
r2: 0.9938
rmse: 0.0604
mae: 0.0437
Validation Results:
r2: 0.6438
rmse: 0.4547
mae: 0.3411
Test Results:
r2: 0.6785
rmse: 0.5866
mae: 0.4479
26/51
train r2: 0.9947382492548923, valid r2: 0.6333419168094674, test r2: 0.6751609893185502
Training Results:
r2: 0.9947
rmse: 0.0554
mae: 0.0414
Validation Results:
r2: 0.6333
rmse: 0.4613
mae: 0.3489
Test Results:
r2: 0.6752
rmse: 0.5896
mae: 0.4495
27/51
train r2: 0.9945471486027846, valid r2: 0.6438857639934508, test r2: 0.6749309194469862
Training Results:
r2: 0.9945
rmse: 0.0562
mae: 0.0421
Validation Results:
r2: 0.6439
rmse: 0.4547
mae: 0.3481
Test Results:
r2: 0.6749
rmse: 0.5898
mae: 0.4516
28/51
train r2: 0.9957151893154679, valid r2: 0.642346941063626, test r2: 0.6807309640546191
Training Results:
r2: 0.9957
rmse: 0.0498
mae: 0.0378
Validation Results:
r2: 0.6423
rmse: 0.4556
mae: 0.3390
Test Results:
r2: 0.6807
rmse: 0.5846
mae: 0.4389
29/51
train r2: 0.9972717319547377, valid r2: 0.6390463918308588, test r2: 0.6794022979259486
Training Results:
r2: 0.9973
rmse: 0.0399
mae: 0.0283
Validation Results:
r2: 0.6390
rmse: 0.4577
mae: 0.3437
Test Results:
r2: 0.6794
rmse: 0.5858
mae: 0.4413
30/51
train r2: 0.996563345474461, valid r2: 0.6381138086044229, test r2: 0.6796719769928408
Training Results:
r2: 0.9966
rmse: 0.0448
mae: 0.0345
Validation Results:
r2: 0.6381
rmse: 0.4583
mae: 0.3497
Test Results:
r2: 0.6797
rmse: 0.5855
mae: 0.4449
31/51
train r2: 0.9975634620452797, valid r2: 0.650380269721083, test r2: 0.6740543404255294
Training Results:
r2: 0.9976
rmse: 0.0377
mae: 0.0291
Validation Results:
r2: 0.6504
rmse: 0.4505
mae: 0.3394
Test Results:
r2: 0.6741
rmse: 0.5906
mae: 0.4499
32/51
train r2: 0.9980561863094328, valid r2: 0.6397283888467779, test r2: 0.6818363276816272
Training Results:
r2: 0.9981
rmse: 0.0336
mae: 0.0248
Validation Results:
r2: 0.6397
rmse: 0.4573
mae: 0.3458
Test Results:
r2: 0.6818
rmse: 0.5835
mae: 0.4403
33/51
train r2: 0.9987937958295433, valid r2: 0.6452830956754345, test r2: 0.6768236661175784
Training Results:
r2: 0.9988
rmse: 0.0265
mae: 0.0183
Validation Results:
r2: 0.6453
rmse: 0.4538
mae: 0.3443
Test Results:
r2: 0.6768
rmse: 0.5881
mae: 0.4459
34/51
train r2: 0.9986258512598477, valid r2: 0.6502441420606695, test r2: 0.6749269077592643
Training Results:
r2: 0.9986
rmse: 0.0283
mae: 0.0204
Validation Results:
r2: 0.6502
rmse: 0.4506
mae: 0.3398
Test Results:
r2: 0.6749
rmse: 0.5898
mae: 0.4448
35/51
train r2: 0.9990363055442438, valid r2: 0.6467204065737377, test r2: 0.6795813034284419
Training Results:
r2: 0.9990
rmse: 0.0237
mae: 0.0151
Validation Results:
r2: 0.6467
rmse: 0.4528
mae: 0.3432
Test Results:
r2: 0.6796
rmse: 0.5856
mae: 0.4431
36/51
train r2: 0.9992830587783003, valid r2: 0.6431231288209481, test r2: 0.6778533685099835
Training Results:
r2: 0.9993
rmse: 0.0204
mae: 0.0124
Validation Results:
r2: 0.6431
rmse: 0.4551
mae: 0.3452
Test Results:
r2: 0.6779
rmse: 0.5872
mae: 0.4443
break!
train: 0.9703, val: 0.6757, test: 0.6788
end_test_result: (0.6787549240875448, 0.5863658785820007, 0.450385183095932)
args.seed: 2034
use label scaler
use label scaler
use label scaler
model have 90.143705M paramerters in total
train_dataset.mean: tensor([-6.2043]) train_dataset.std: tensor([0.7636])
1/51
train r2: 0.30528025771816125, valid r2: 0.2556344878911181, test r2: 0.29910880983075305
Training Results:
r2: 0.3053
rmse: 0.6360
mae: 0.5343
Validation Results:
r2: 0.2556
rmse: 0.6573
mae: 0.5643
Test Results:
r2: 0.2991
rmse: 0.8661
mae: 0.7017
2/51
train r2: 0.5219878747339708, valid r2: 0.42406900303425454, test r2: 0.5164725651869233
Training Results:
r2: 0.5220
rmse: 0.5269
mae: 0.4281
Validation Results:
r2: 0.4241
rmse: 0.5782
mae: 0.4844
Test Results:
r2: 0.5165
rmse: 0.7194
mae: 0.5736
3/51
train r2: 0.6651561484403119, valid r2: 0.5610585003226526, test r2: 0.5776043109423139
Training Results:
r2: 0.6652
rmse: 0.4412
mae: 0.3542
Validation Results:
r2: 0.5611
rmse: 0.5048
mae: 0.4020
Test Results:
r2: 0.5776
rmse: 0.6724
mae: 0.5273
4/51
train r2: 0.6719537231293455, valid r2: 0.540498521424416, test r2: 0.5280352580829619
Training Results:
r2: 0.6720
rmse: 0.4375
mae: 0.3344
Validation Results:
r2: 0.5405
rmse: 0.5164
mae: 0.3895
Test Results:
r2: 0.5280
rmse: 0.7107
mae: 0.5748
5/51
train r2: 0.7863933763617169, valid r2: 0.6917441769136361, test r2: 0.6038771438773621
Training Results:
r2: 0.7864
rmse: 0.3530
mae: 0.2671
Validation Results:
r2: 0.6917
rmse: 0.4230
mae: 0.3133
Test Results:
r2: 0.6039
rmse: 0.6511
mae: 0.4989
6/51
train r2: 0.7861638750627087, valid r2: 0.6218294528128506, test r2: 0.6720820691732443
Training Results:
r2: 0.7862
rmse: 0.3532
mae: 0.2795
Validation Results:
r2: 0.6218
rmse: 0.4685
mae: 0.3813
Test Results:
r2: 0.6721
rmse: 0.5924
mae: 0.4605
7/51
train r2: 0.7869209781195154, valid r2: 0.616699246849996, test r2: 0.6702437888725725
Training Results:
r2: 0.7869
rmse: 0.3532
mae: 0.2839
Validation Results:
r2: 0.6167
rmse: 0.4717
mae: 0.3909
Test Results:
r2: 0.6702
rmse: 0.5941
mae: 0.4560
8/51
train r2: 0.7830038200028473, valid r2: 0.6255017949990538, test r2: 0.5970161625955024
Training Results:
r2: 0.7830
rmse: 0.3566
mae: 0.2828
Validation Results:
r2: 0.6255
rmse: 0.4662
mae: 0.3485
Test Results:
r2: 0.5970
rmse: 0.6567
mae: 0.5126
9/51
train r2: 0.8871294160372137, valid r2: 0.6434742110482319, test r2: 0.6455163063729432
Training Results:
r2: 0.8871
rmse: 0.2568
mae: 0.1911
Validation Results:
r2: 0.6435
rmse: 0.4549
mae: 0.3483
Test Results:
r2: 0.6455
rmse: 0.6160
mae: 0.4779
10/51
train r2: 0.885705775764186, valid r2: 0.6521898483235364, test r2: 0.6858112211964803
Training Results:
r2: 0.8857
rmse: 0.2586
mae: 0.1936
Validation Results:
r2: 0.6522
rmse: 0.4493
mae: 0.3482
Test Results:
r2: 0.6858
rmse: 0.5799
mae: 0.4421
11/51
train r2: 0.9206764187503174, valid r2: 0.683232467077537, test r2: 0.6632710838645615
Training Results:
r2: 0.9207
rmse: 0.2151
mae: 0.1613
Validation Results:
r2: 0.6832
rmse: 0.4288
mae: 0.3134
Test Results:
r2: 0.6633
rmse: 0.6003
mae: 0.4663
12/51
train r2: 0.9314374000667023, valid r2: 0.6906752788290114, test r2: 0.6552866783444827
Training Results:
r2: 0.9314
rmse: 0.2003
mae: 0.1503
Validation Results:
r2: 0.6907
rmse: 0.4237
mae: 0.3152
Test Results:
r2: 0.6553
rmse: 0.6074
mae: 0.4657
13/51
train r2: 0.9374702244154166, valid r2: 0.6640189143234636, test r2: 0.6684386683127229
Training Results:
r2: 0.9375
rmse: 0.1910
mae: 0.1458
Validation Results:
r2: 0.6640
rmse: 0.4416
mae: 0.3402
Test Results:
r2: 0.6684
rmse: 0.5957
mae: 0.4591
14/51
train r2: 0.9394864881417494, valid r2: 0.6632433199771057, test r2: 0.6807971685910723
Training Results:
r2: 0.9395
rmse: 0.1883
mae: 0.1441
Validation Results:
r2: 0.6632
rmse: 0.4421
mae: 0.3382
Test Results:
r2: 0.6808
rmse: 0.5845
mae: 0.4455
15/51
train r2: 0.9629270110952313, valid r2: 0.6788529820240727, test r2: 0.6829364500689268
Training Results:
r2: 0.9629
rmse: 0.1471
mae: 0.1113
Validation Results:
r2: 0.6789
rmse: 0.4318
mae: 0.3210
Test Results:
r2: 0.6829
rmse: 0.5825
mae: 0.4416
16/51
train r2: 0.9398040449675563, valid r2: 0.6337145853248307, test r2: 0.6684210871228126
Training Results:
r2: 0.9398
rmse: 0.1873
mae: 0.1475
Validation Results:
r2: 0.6337
rmse: 0.4611
mae: 0.3564
Test Results:
r2: 0.6684
rmse: 0.5957
mae: 0.4634
17/51
train r2: 0.972683548576906, valid r2: 0.6764729349227888, test r2: 0.663482639339944
Training Results:
r2: 0.9727
rmse: 0.1265
mae: 0.0944
Validation Results:
r2: 0.6765
rmse: 0.4334
mae: 0.3282
Test Results:
r2: 0.6635
rmse: 0.6001
mae: 0.4630
18/51
train r2: 0.9746718639852896, valid r2: 0.6734308713730089, test r2: 0.6642112279894232
Training Results:
r2: 0.9747
rmse: 0.1219
mae: 0.0911
Validation Results:
r2: 0.6734
rmse: 0.4354
mae: 0.3201
Test Results:
r2: 0.6642
rmse: 0.5995
mae: 0.4600
19/51
train r2: 0.9729090955774848, valid r2: 0.6788482796286347, test r2: 0.677293516866919
Training Results:
r2: 0.9729
rmse: 0.1254
mae: 0.0952
Validation Results:
r2: 0.6788
rmse: 0.4318
mae: 0.3257
Test Results:
r2: 0.6773
rmse: 0.5877
mae: 0.4481
20/51
train r2: 0.9758424379982168, valid r2: 0.6958910271144609, test r2: 0.6450210399808396
Training Results:
r2: 0.9758
rmse: 0.1184
mae: 0.0944
Validation Results:
r2: 0.6959
rmse: 0.4201
mae: 0.3164
Test Results:
r2: 0.6450
rmse: 0.6164
mae: 0.4713
21/51
train r2: 0.9776058354622356, valid r2: 0.6646391560635407, test r2: 0.689803154586064
Training Results:
r2: 0.9776
rmse: 0.1142
mae: 0.0901
Validation Results:
r2: 0.6646
rmse: 0.4412
mae: 0.3373
Test Results:
r2: 0.6898
rmse: 0.5762
mae: 0.4408
22/51
train r2: 0.9897759819471316, valid r2: 0.7048692943094174, test r2: 0.6556581489710206
Training Results:
r2: 0.9898
rmse: 0.0773
mae: 0.0575
Validation Results:
r2: 0.7049
rmse: 0.4139
mae: 0.3079
Test Results:
r2: 0.6557
rmse: 0.6071
mae: 0.4718
23/51
train r2: 0.9908374782907434, valid r2: 0.6948437112814301, test r2: 0.6840469779826196
Training Results:
r2: 0.9908
rmse: 0.0733
mae: 0.0543
Validation Results:
r2: 0.6948
rmse: 0.4209
mae: 0.3181
Test Results:
r2: 0.6840
rmse: 0.5815
mae: 0.4420
24/51
train r2: 0.9883666107673308, valid r2: 0.6825704313013662, test r2: 0.648032567290834
Training Results:
r2: 0.9884
rmse: 0.0824
mae: 0.0620
Validation Results:
r2: 0.6826
rmse: 0.4292
mae: 0.3302
Test Results:
r2: 0.6480
rmse: 0.6138
mae: 0.4727
25/51
train r2: 0.9930929879698716, valid r2: 0.6959131493196359, test r2: 0.6559935696795063
Training Results:
r2: 0.9931
rmse: 0.0635
mae: 0.0474
Validation Results:
r2: 0.6959
rmse: 0.4201
mae: 0.3111
Test Results:
r2: 0.6560
rmse: 0.6068
mae: 0.4638
26/51
train r2: 0.9946938171508545, valid r2: 0.6934283955337863, test r2: 0.6671117721444905
Training Results:
r2: 0.9947
rmse: 0.0558
mae: 0.0421
Validation Results:
r2: 0.6934
rmse: 0.4218
mae: 0.3116
Test Results:
r2: 0.6671
rmse: 0.5969
mae: 0.4583
27/51
train r2: 0.9944983926678487, valid r2: 0.699349225847453, test r2: 0.6645053184510221
Training Results:
r2: 0.9945
rmse: 0.0567
mae: 0.0436
Validation Results:
r2: 0.6993
rmse: 0.4177
mae: 0.3161
Test Results:
r2: 0.6645
rmse: 0.5992
mae: 0.4576
28/51
train r2: 0.9957495286924464, valid r2: 0.7062041040086209, test r2: 0.6671351608607243
Training Results:
r2: 0.9957
rmse: 0.0499
mae: 0.0368
Validation Results:
r2: 0.7062
rmse: 0.4130
mae: 0.3096
Test Results:
r2: 0.6671
rmse: 0.5969
mae: 0.4564
29/51
train r2: 0.997123552799558, valid r2: 0.7015109172586822, test r2: 0.657505754243222
Training Results:
r2: 0.9971
rmse: 0.0410
mae: 0.0299
Validation Results:
r2: 0.7015
rmse: 0.4162
mae: 0.3114
Test Results:
r2: 0.6575
rmse: 0.6054
mae: 0.4657
30/51
train r2: 0.996644380122931, valid r2: 0.6897983193608229, test r2: 0.6585306785522735
Training Results:
r2: 0.9966
rmse: 0.0441
mae: 0.0348
Validation Results:
r2: 0.6898
rmse: 0.4243
mae: 0.3171
Test Results:
r2: 0.6585
rmse: 0.6045
mae: 0.4614
31/51
train r2: 0.9983323613641963, valid r2: 0.7033685198182733, test r2: 0.6632963537581187
Training Results:
r2: 0.9983
rmse: 0.0312
mae: 0.0221
Validation Results:
r2: 0.7034
rmse: 0.4149
mae: 0.3085
Test Results:
r2: 0.6633
rmse: 0.6003
mae: 0.4584
32/51
train r2: 0.9986392230441127, valid r2: 0.6973925764834151, test r2: 0.6618840700940417
Training Results:
r2: 0.9986
rmse: 0.0281
mae: 0.0205
Validation Results:
r2: 0.6974
rmse: 0.4191
mae: 0.3113
Test Results:
r2: 0.6619
rmse: 0.6016
mae: 0.4608
33/51
train r2: 0.9988053359153809, valid r2: 0.6973249286001937, test r2: 0.6618517529807333
Training Results:
r2: 0.9988
rmse: 0.0264
mae: 0.0197
Validation Results:
r2: 0.6973
rmse: 0.4192
mae: 0.3125
Test Results:
r2: 0.6619
rmse: 0.6016
mae: 0.4609
34/51
train r2: 0.9989163553614085, valid r2: 0.7000816703702153, test r2: 0.658635719239461
Training Results:
r2: 0.9989
rmse: 0.0252
mae: 0.0183
Validation Results:
r2: 0.7001
rmse: 0.4172
mae: 0.3116
Test Results:
r2: 0.6586
rmse: 0.6044
mae: 0.4616
35/51
train r2: 0.9993294101369468, valid r2: 0.7028078500887054, test r2: 0.6628386402213216
Training Results:
r2: 0.9993
rmse: 0.0198
mae: 0.0124
Validation Results:
r2: 0.7028
rmse: 0.4153
mae: 0.3094
Test Results:
r2: 0.6628
rmse: 0.6007
mae: 0.4586
36/51
train r2: 0.9992644201323185, valid r2: 0.6961325777604186, test r2: 0.6597049319669004
Training Results:
r2: 0.9993
rmse: 0.0207
mae: 0.0136
Validation Results:
r2: 0.6961
rmse: 0.4200
mae: 0.3151
Test Results:
r2: 0.6597
rmse: 0.6035
mae: 0.4640
37/51
train r2: 0.9994126955263363, valid r2: 0.7027602390589462, test r2: 0.6624522422834734
Training Results:
r2: 0.9994
rmse: 0.0186
mae: 0.0113
Validation Results:
r2: 0.7028
rmse: 0.4154
mae: 0.3091
Test Results:
r2: 0.6625
rmse: 0.6011
mae: 0.4589
38/51
train r2: 0.9995325109884081, valid r2: 0.703716675300581, test r2: 0.6618511200108554
Training Results:
r2: 0.9995
rmse: 0.0165
mae: 0.0095
Validation Results:
r2: 0.7037
rmse: 0.4147
mae: 0.3091
Test Results:
r2: 0.6619
rmse: 0.6016
mae: 0.4598
39/51
train r2: 0.9996199265852762, valid r2: 0.6984526637758399, test r2: 0.6628300863862886
Training Results:
r2: 0.9996
rmse: 0.0149
mae: 0.0083
Validation Results:
r2: 0.6985
rmse: 0.4184
mae: 0.3127
Test Results:
r2: 0.6628
rmse: 0.6007
mae: 0.4609
40/51
train r2: 0.9996226210669715, valid r2: 0.6991351342005768, test r2: 0.6633678790425317
Training Results:
r2: 0.9996
rmse: 0.0148
mae: 0.0089
Validation Results:
r2: 0.6991
rmse: 0.4179
mae: 0.3124
Test Results:
r2: 0.6634
rmse: 0.6002
mae: 0.4598
41/51
train r2: 0.9996877879711488, valid r2: 0.7005138598761085, test r2: 0.6628364344191728
Training Results:
r2: 0.9997
rmse: 0.0135
mae: 0.0071
Validation Results:
r2: 0.7005
rmse: 0.4169
mae: 0.3112
Test Results:
r2: 0.6628
rmse: 0.6007
mae: 0.4598
42/51
train r2: 0.9996503571301839, valid r2: 0.702475570441292, test r2: 0.6621101704306164
Training Results:
r2: 0.9997
rmse: 0.0143
mae: 0.0079
Validation Results:
r2: 0.7025
rmse: 0.4156
mae: 0.3100
Test Results:
r2: 0.6621
rmse: 0.6014
mae: 0.4594
43/51
train r2: 0.999737891725651, valid r2: 0.699650267384444, test r2: 0.6627047908205359
Training Results:
r2: 0.9997
rmse: 0.0123
mae: 0.0062
Validation Results:
r2: 0.6997
rmse: 0.4175
mae: 0.3124
Test Results:
r2: 0.6627
rmse: 0.6008
mae: 0.4603
44/51
train r2: 0.9997236209980572, valid r2: 0.7015957126422678, test r2: 0.6623092680111169
Training Results:
r2: 0.9997
rmse: 0.0127
mae: 0.0066
Validation Results:
r2: 0.7016
rmse: 0.4162
mae: 0.3104
Test Results:
r2: 0.6623
rmse: 0.6012
mae: 0.4598
45/51
train r2: 0.9997678555181667, valid r2: 0.6987936233368564, test r2: 0.6626143357325487
Training Results:
r2: 0.9998
rmse: 0.0116
mae: 0.0060
Validation Results:
r2: 0.6988
rmse: 0.4181
mae: 0.3126
Test Results:
r2: 0.6626
rmse: 0.6009
mae: 0.4606
46/51
train r2: 0.9997719495625773, valid r2: 0.6992088222614901, test r2: 0.6621962097527705
Training Results:
r2: 0.9998
rmse: 0.0116
mae: 0.0057
Validation Results:
r2: 0.6992
rmse: 0.4178
mae: 0.3124
Test Results:
r2: 0.6622
rmse: 0.6013
mae: 0.4604
47/51
train r2: 0.9997844285983618, valid r2: 0.699389675476781, test r2: 0.6629721554743244
Training Results:
r2: 0.9998
rmse: 0.0112
mae: 0.0049
Validation Results:
r2: 0.6994
rmse: 0.4177
mae: 0.3126
Test Results:
r2: 0.6630
rmse: 0.6006
mae: 0.4600
48/51
train r2: 0.9997938269943651, valid r2: 0.6992635928039073, test r2: 0.6631565511467872
Training Results:
r2: 0.9998
rmse: 0.0110
mae: 0.0047
Validation Results:
r2: 0.6993
rmse: 0.4178
mae: 0.3126
Test Results:
r2: 0.6632
rmse: 0.6004
mae: 0.4598
break!
train: 0.9957, val: 0.7062, test: 0.6671
end_test_result: (0.6671351608607243, 0.5968764424324036, 0.45643049478530884)
args.seed: 2044
use label scaler
use label scaler
use label scaler
model have 90.143705M paramerters in total
train_dataset.mean: tensor([-6.2043]) train_dataset.std: tensor([0.7636])
1/51
train r2: 0.2853749400131247, valid r2: 0.17551815688976558, test r2: 0.3865477713169807
Training Results:
r2: 0.2854
rmse: 0.6453
mae: 0.5541
Validation Results:
r2: 0.1755
rmse: 0.6918
mae: 0.5987
Test Results:
r2: 0.3865
rmse: 0.8103
mae: 0.6334
2/51
train r2: 0.5500408654152095, valid r2: 0.3858085908178004, test r2: 0.5394503635383013
Training Results:
r2: 0.5500
rmse: 0.5132
mae: 0.4056
Validation Results:
r2: 0.3858
rmse: 0.5971
mae: 0.4881
Test Results:
r2: 0.5395
rmse: 0.7021
mae: 0.5816
3/51
train r2: 0.6410767719524239, valid r2: 0.5151959541836728, test r2: 0.6022187283536027
Training Results:
r2: 0.6411
rmse: 0.4570
mae: 0.3492
Validation Results:
r2: 0.5152
rmse: 0.5305
mae: 0.4139
Test Results:
r2: 0.6022
rmse: 0.6525
mae: 0.5372
4/51
train r2: 0.6887659139885499, valid r2: 0.5250473122251165, test r2: 0.5789298536677923
Training Results:
r2: 0.6888
rmse: 0.4263
mae: 0.3292
Validation Results:
r2: 0.5250
rmse: 0.5251
mae: 0.3971
Test Results:
r2: 0.5789
rmse: 0.6713
mae: 0.5419
5/51
train r2: 0.7274424004917855, valid r2: 0.5783710304344768, test r2: 0.5609647985196775
Training Results:
r2: 0.7274
rmse: 0.3978
mae: 0.3128
Validation Results:
r2: 0.5784
rmse: 0.4947
mae: 0.3913
Test Results:
r2: 0.5610
rmse: 0.6855
mae: 0.5444
6/51
train r2: 0.8036447430930825, valid r2: 0.6164218508799678, test r2: 0.698619506294947
Training Results:
r2: 0.8036
rmse: 0.3383
mae: 0.2618
Validation Results:
r2: 0.6164
rmse: 0.4719
mae: 0.3788
Test Results:
r2: 0.6986
rmse: 0.5679
mae: 0.4407
7/51
train r2: 0.8197681767231808, valid r2: 0.6076322144785633, test r2: 0.6819648132540506
Training Results:
r2: 0.8198
rmse: 0.3234
mae: 0.2468
Validation Results:
r2: 0.6076
rmse: 0.4772
mae: 0.3678
Test Results:
r2: 0.6820
rmse: 0.5834
mae: 0.4578
8/51
train r2: 0.7165086226864354, valid r2: 0.47571772500586296, test r2: 0.6121170422192037
Training Results:
r2: 0.7165
rmse: 0.4070
mae: 0.3400
Validation Results:
r2: 0.4757
rmse: 0.5517
mae: 0.4737
Test Results:
r2: 0.6121
rmse: 0.6443
mae: 0.5269
9/51
train r2: 0.86309038055873, valid r2: 0.6329422214125651, test r2: 0.6799597761004019
Training Results:
r2: 0.8631
rmse: 0.2833
mae: 0.2194
Validation Results:
r2: 0.6329
rmse: 0.4616
mae: 0.3540
Test Results:
r2: 0.6800
rmse: 0.5853
mae: 0.4492
10/51
train r2: 0.8752667997791039, valid r2: 0.6127024673174326, test r2: 0.6384801283988624
Training Results:
r2: 0.8753
rmse: 0.2701
mae: 0.2087
Validation Results:
r2: 0.6127
rmse: 0.4741
mae: 0.3601
Test Results:
r2: 0.6385
rmse: 0.6220
mae: 0.4901
11/51
train r2: 0.9165336236801701, valid r2: 0.6530036541670248, test r2: 0.6484426583491427
Training Results:
r2: 0.9165
rmse: 0.2206
mae: 0.1691
Validation Results:
r2: 0.6530
rmse: 0.4488
mae: 0.3252
Test Results:
r2: 0.6484
rmse: 0.6134
mae: 0.4732
12/51
train r2: 0.921176201559107, valid r2: 0.6366435768039242, test r2: 0.6521412566528558
Training Results:
r2: 0.9212
rmse: 0.2142
mae: 0.1652
Validation Results:
r2: 0.6366
rmse: 0.4593
mae: 0.3426
Test Results:
r2: 0.6521
rmse: 0.6102
mae: 0.4731
13/51
train r2: 0.9448512483922921, valid r2: 0.6515856968619185, test r2: 0.6794835248331124
Training Results:
r2: 0.9449
rmse: 0.1794
mae: 0.1356
Validation Results:
r2: 0.6516
rmse: 0.4497
mae: 0.3419
Test Results:
r2: 0.6795
rmse: 0.5857
mae: 0.4559
14/51
train r2: 0.9554771245973243, valid r2: 0.6675135745413712, test r2: 0.6681707783162902
Training Results:
r2: 0.9555
rmse: 0.1614
mae: 0.1197
Validation Results:
r2: 0.6675
rmse: 0.4393
mae: 0.3271
Test Results:
r2: 0.6682
rmse: 0.5959
mae: 0.4586
15/51
train r2: 0.9576002271164739, valid r2: 0.6387176580543809, test r2: 0.6715286306000965
Training Results:
r2: 0.9576
rmse: 0.1568
mae: 0.1195
Validation Results:
r2: 0.6387
rmse: 0.4579
mae: 0.3454
Test Results:
r2: 0.6715
rmse: 0.5929
mae: 0.4533
16/51
train r2: 0.9718821492293227, valid r2: 0.6585193827889708, test r2: 0.6407784924673983
Training Results:
r2: 0.9719
rmse: 0.1284
mae: 0.0994
Validation Results:
r2: 0.6585
rmse: 0.4452
mae: 0.3269
Test Results:
r2: 0.6408
rmse: 0.6201
mae: 0.4732
17/51
train r2: 0.9701110355306183, valid r2: 0.6780688354273603, test r2: 0.6607419568449013
Training Results:
r2: 0.9701
rmse: 0.1315
mae: 0.1019
Validation Results:
r2: 0.6781
rmse: 0.4323
mae: 0.3203
Test Results:
r2: 0.6607
rmse: 0.6026
mae: 0.4638
18/51
train r2: 0.980326113718169, valid r2: 0.6754754884348093, test r2: 0.6628143653949696
Training Results:
r2: 0.9803
rmse: 0.1070
mae: 0.0821
Validation Results:
r2: 0.6755
rmse: 0.4340
mae: 0.3241
Test Results:
r2: 0.6628
rmse: 0.6007
mae: 0.4618
19/51
train r2: 0.982912361855798, valid r2: 0.6699390571762189, test r2: 0.6482196047403621
Training Results:
r2: 0.9829
rmse: 0.0998
mae: 0.0755
Validation Results:
r2: 0.6699
rmse: 0.4377
mae: 0.3254
Test Results:
r2: 0.6482
rmse: 0.6136
mae: 0.4676
20/51
train r2: 0.9855274448250878, valid r2: 0.6645803068070255, test r2: 0.6632765976936871
Training Results:
r2: 0.9855
rmse: 0.0917
mae: 0.0689
Validation Results:
r2: 0.6646
rmse: 0.4412
mae: 0.3307
Test Results:
r2: 0.6633
rmse: 0.6003
mae: 0.4648
21/51
train r2: 0.9790020667375924, valid r2: 0.6440794773032366, test r2: 0.6772663857778312
Training Results:
r2: 0.9790
rmse: 0.1109
mae: 0.0860
Validation Results:
r2: 0.6441
rmse: 0.4545
mae: 0.3504
Test Results:
r2: 0.6773
rmse: 0.5877
mae: 0.4556
22/51
train r2: 0.9902697399079705, valid r2: 0.6715871532417954, test r2: 0.6645818757986627
Training Results:
r2: 0.9903
rmse: 0.0755
mae: 0.0561
Validation Results:
r2: 0.6716
rmse: 0.4366
mae: 0.3260
Test Results:
r2: 0.6646
rmse: 0.5992
mae: 0.4613
23/51
train r2: 0.9775871686378312, valid r2: 0.6404140698286837, test r2: 0.6653849808246518
Training Results:
r2: 0.9776
rmse: 0.1141
mae: 0.0971
Validation Results:
r2: 0.6404
rmse: 0.4569
mae: 0.3534
Test Results:
r2: 0.6654
rmse: 0.5984
mae: 0.4681
24/51
train r2: 0.9916910075361961, valid r2: 0.6745638000772238, test r2: 0.6533409933460077
Training Results:
r2: 0.9917
rmse: 0.0698
mae: 0.0527
Validation Results:
r2: 0.6746
rmse: 0.4346
mae: 0.3298
Test Results:
r2: 0.6533
rmse: 0.6091
mae: 0.4678
25/51
train r2: 0.9927235570612749, valid r2: 0.6772698838134827, test r2: 0.6607722266758151
Training Results:
r2: 0.9927
rmse: 0.0652
mae: 0.0502
Validation Results:
r2: 0.6773
rmse: 0.4328
mae: 0.3269
Test Results:
r2: 0.6608
rmse: 0.6026
mae: 0.4623
26/51
train r2: 0.9959038176515665, valid r2: 0.675846656125993, test r2: 0.6627906647174966
Training Results:
r2: 0.9959
rmse: 0.0489
mae: 0.0368
Validation Results:
r2: 0.6758
rmse: 0.4338
mae: 0.3298
Test Results:
r2: 0.6628
rmse: 0.6008
mae: 0.4622
27/51
train r2: 0.9953091260084045, valid r2: 0.686918712001626, test r2: 0.6689437136941694
Training Results:
r2: 0.9953
rmse: 0.0523
mae: 0.0402
Validation Results:
r2: 0.6869
rmse: 0.4263
mae: 0.3231
Test Results:
r2: 0.6689
rmse: 0.5953
mae: 0.4592
28/51
train r2: 0.9969134738188515, valid r2: 0.6719873924230789, test r2: 0.6563361160147031
Training Results:
r2: 0.9969
rmse: 0.0424
mae: 0.0309
Validation Results:
r2: 0.6720
rmse: 0.4363
mae: 0.3328
Test Results:
r2: 0.6563
rmse: 0.6065
mae: 0.4649
29/51
train r2: 0.9971176137187198, valid r2: 0.6740655162804461, test r2: 0.660170736929895
Training Results:
r2: 0.9971
rmse: 0.0410
mae: 0.0298
Validation Results:
r2: 0.6741
rmse: 0.4350
mae: 0.3277
Test Results:
r2: 0.6602
rmse: 0.6031
mae: 0.4618
30/51
train r2: 0.9977364956071377, valid r2: 0.6813397274307358, test r2: 0.6611129604302628
Training Results:
r2: 0.9977
rmse: 0.0364
mae: 0.0257
Validation Results:
r2: 0.6813
rmse: 0.4301
mae: 0.3269
Test Results:
r2: 0.6611
rmse: 0.6023
mae: 0.4613
31/51
train r2: 0.9985022972419532, valid r2: 0.6669837301396597, test r2: 0.6611018710439538
Training Results:
r2: 0.9985
rmse: 0.0295
mae: 0.0217
Validation Results:
r2: 0.6670
rmse: 0.4397
mae: 0.3314
Test Results:
r2: 0.6611
rmse: 0.6023
mae: 0.4651
32/51
train r2: 0.998222101821178, valid r2: 0.6719007307681186, test r2: 0.6630530843078541
Training Results:
r2: 0.9982
rmse: 0.0323
mae: 0.0239
Validation Results:
r2: 0.6719
rmse: 0.4364
mae: 0.3334
Test Results:
r2: 0.6631
rmse: 0.6005
mae: 0.4624
33/51
train r2: 0.9989227223793916, valid r2: 0.670939263142232, test r2: 0.6621464088645814
Training Results:
r2: 0.9989
rmse: 0.0250
mae: 0.0175
Validation Results:
r2: 0.6709
rmse: 0.4370
mae: 0.3315
Test Results:
r2: 0.6621
rmse: 0.6013
mae: 0.4631
34/51
train r2: 0.9990561985044811, valid r2: 0.6700722689110322, test r2: 0.6593606623063322
Training Results:
r2: 0.9991
rmse: 0.0235
mae: 0.0169
Validation Results:
r2: 0.6701
rmse: 0.4376
mae: 0.3321
Test Results:
r2: 0.6594
rmse: 0.6038
mae: 0.4651
35/51
train r2: 0.9992694933324766, valid r2: 0.6736732084882939, test r2: 0.6588546553927608
Training Results:
r2: 0.9993
rmse: 0.0206
mae: 0.0141
Validation Results:
r2: 0.6737
rmse: 0.4352
mae: 0.3302
Test Results:
r2: 0.6589
rmse: 0.6043
mae: 0.4647
36/51
train r2: 0.9993501654368117, valid r2: 0.6735729478887948, test r2: 0.6607279132415
Training Results:
r2: 0.9994
rmse: 0.0194
mae: 0.0133
Validation Results:
r2: 0.6736
rmse: 0.4353
mae: 0.3308
Test Results:
r2: 0.6607
rmse: 0.6026
mae: 0.4635
37/51
train r2: 0.9994874241655939, valid r2: 0.6747724629266674, test r2: 0.6577497715093302
Training Results:
r2: 0.9995
rmse: 0.0173
mae: 0.0113
Validation Results:
r2: 0.6748
rmse: 0.4345
mae: 0.3302
Test Results:
r2: 0.6577
rmse: 0.6052
mae: 0.4658
38/51
train r2: 0.9995557623796387, valid r2: 0.669504359542769, test r2: 0.6602422111902881
Training Results:
r2: 0.9996
rmse: 0.0161
mae: 0.0099
Validation Results:
r2: 0.6695
rmse: 0.4380
mae: 0.3333
Test Results:
r2: 0.6602
rmse: 0.6030
mae: 0.4650
39/51
train r2: 0.9995544812558778, valid r2: 0.6720989242251163, test r2: 0.658152192776393
Training Results:
r2: 0.9996
rmse: 0.0161
mae: 0.0103
Validation Results:
r2: 0.6721
rmse: 0.4363
mae: 0.3326
Test Results:
r2: 0.6582
rmse: 0.6049
mae: 0.4659
40/51
train r2: 0.9996215187616091, valid r2: 0.670805157247743, test r2: 0.65920165856256
Training Results:
r2: 0.9996
rmse: 0.0149
mae: 0.0086
Validation Results:
r2: 0.6708
rmse: 0.4371
mae: 0.3331
Test Results:
r2: 0.6592
rmse: 0.6039
mae: 0.4648
41/51
train r2: 0.9995244557785788, valid r2: 0.668838013607896, test r2: 0.6591240918377903
Training Results:
r2: 0.9995
rmse: 0.0166
mae: 0.0100
Validation Results:
r2: 0.6688
rmse: 0.4384
mae: 0.3347
Test Results:
r2: 0.6591
rmse: 0.6040
mae: 0.4657
42/51
train r2: 0.999715186849629, valid r2: 0.6734501319365347, test r2: 0.6585821170527086
Training Results:
r2: 0.9997
rmse: 0.0129
mae: 0.0068
Validation Results:
r2: 0.6735
rmse: 0.4354
mae: 0.3314
Test Results:
r2: 0.6586
rmse: 0.6045
mae: 0.4642
43/51
train r2: 0.9997272208932458, valid r2: 0.671865902278711, test r2: 0.6590848977763107
Training Results:
r2: 0.9997
rmse: 0.0126
mae: 0.0066
Validation Results:
r2: 0.6719
rmse: 0.4364
mae: 0.3326
Test Results:
r2: 0.6591
rmse: 0.6041
mae: 0.4637
44/51
train r2: 0.9997600514440161, valid r2: 0.6712131805108094, test r2: 0.6593315956606244
Training Results:
r2: 0.9998
rmse: 0.0118
mae: 0.0055
Validation Results:
r2: 0.6712
rmse: 0.4369
mae: 0.3332
Test Results:
r2: 0.6593
rmse: 0.6038
mae: 0.4646
45/51
train r2: 0.9997633662621298, valid r2: 0.6719594479460667, test r2: 0.6586437646587563
Training Results:
r2: 0.9998
rmse: 0.0117
mae: 0.0054
Validation Results:
r2: 0.6720
rmse: 0.4364
mae: 0.3326
Test Results:
r2: 0.6586
rmse: 0.6044
mae: 0.4642
46/51
train r2: 0.9997607256525582, valid r2: 0.6707429603037851, test r2: 0.6587762526952342
Training Results:
r2: 0.9998
rmse: 0.0118
mae: 0.0061
Validation Results:
r2: 0.6707
rmse: 0.4372
mae: 0.3334
Test Results:
r2: 0.6588
rmse: 0.6043
mae: 0.4647
47/51
train r2: 0.9997761760153558, valid r2: 0.6721181159359573, test r2: 0.6590868186427752
Training Results:
r2: 0.9998
rmse: 0.0114
mae: 0.0048
Validation Results:
r2: 0.6721
rmse: 0.4363
mae: 0.3326
Test Results:
r2: 0.6591
rmse: 0.6040
mae: 0.4637
break!
train: 0.9953, val: 0.6869, test: 0.6689
end_test_result: (0.6689437136941694, 0.5952526926994324, 0.4592204689979553)
args.seed: 2054
use label scaler
use label scaler
use label scaler
model have 90.143705M paramerters in total
train_dataset.mean: tensor([-6.2043]) train_dataset.std: tensor([0.7636])
1/51
train r2: 0.25495354253748326, valid r2: 0.17003557071662168, test r2: 0.3104674501944533
Training Results:
r2: 0.2550
rmse: 0.6607
mae: 0.5737
Validation Results:
r2: 0.1700
rmse: 0.6941
mae: 0.6041
Test Results:
r2: 0.3105
rmse: 0.8591
mae: 0.6793
2/51
train r2: 0.5475566261874099, valid r2: 0.4147761180933093, test r2: 0.5440997103304894
Training Results:
r2: 0.5476
rmse: 0.5143
mae: 0.4127
Validation Results:
r2: 0.4148
rmse: 0.5828
mae: 0.4872
Test Results:
r2: 0.5441
rmse: 0.6985
mae: 0.5857
3/51
train r2: 0.6856143199267886, valid r2: 0.5954291230372973, test r2: 0.5780563403519422
Training Results:
r2: 0.6856
rmse: 0.4295
mae: 0.3402
Validation Results:
r2: 0.5954
rmse: 0.4846
mae: 0.3982
Test Results:
r2: 0.5781
rmse: 0.6720
mae: 0.5390
4/51
train r2: 0.6934436018603535, valid r2: 0.6422128940821833, test r2: 0.5862025359165636
Training Results:
r2: 0.6934
rmse: 0.4234
mae: 0.3362
Validation Results:
r2: 0.6422
rmse: 0.4557
mae: 0.3682
Test Results:
r2: 0.5862
rmse: 0.6655
mae: 0.5222
5/51
train r2: 0.6146523125007921, valid r2: 0.4637002257110068, test r2: 0.4768689603696522
Training Results:
r2: 0.6147
rmse: 0.4734
mae: 0.3790
Validation Results:
r2: 0.4637
rmse: 0.5579
mae: 0.4426
Test Results:
r2: 0.4769
rmse: 0.7483
mae: 0.6030
6/51
train r2: 0.8214663584588326, valid r2: 0.6524702544409091, test r2: 0.5801792455873075
Training Results:
r2: 0.8215
rmse: 0.3233
mae: 0.2473
Validation Results:
r2: 0.6525
rmse: 0.4491
mae: 0.3389
Test Results:
r2: 0.5802
rmse: 0.6703
mae: 0.5151
7/51
train r2: 0.8325919571295031, valid r2: 0.6546469385391029, test r2: 0.6002015089979809
Training Results:
r2: 0.8326
rmse: 0.3131
mae: 0.2413
Validation Results:
r2: 0.6546
rmse: 0.4477
mae: 0.3401
Test Results:
r2: 0.6002
rmse: 0.6541
mae: 0.4890
8/51
train r2: 0.8286156601668138, valid r2: 0.6326652939061352, test r2: 0.6063728938763324
Training Results:
r2: 0.8286
rmse: 0.3162
mae: 0.2421
Validation Results:
r2: 0.6327
rmse: 0.4618
mae: 0.3470
Test Results:
r2: 0.6064
rmse: 0.6491
mae: 0.5041
9/51
train r2: 0.7858629663799752, valid r2: 0.5090999666456759, test r2: 0.6073119736259114
Training Results:
r2: 0.7859
rmse: 0.3534
mae: 0.2920
Validation Results:
r2: 0.5091
rmse: 0.5338
mae: 0.4510
Test Results:
r2: 0.6073
rmse: 0.6483
mae: 0.5241
10/51
train r2: 0.9175570073732129, valid r2: 0.6543754955696479, test r2: 0.6151583927084519
Training Results:
r2: 0.9176
rmse: 0.2193
mae: 0.1636
Validation Results:
r2: 0.6544
rmse: 0.4479
mae: 0.3463
Test Results:
r2: 0.6152
rmse: 0.6418
mae: 0.4909
11/51
train r2: 0.9172713067964673, valid r2: 0.6543326684188449, test r2: 0.5732608260791487
Training Results:
r2: 0.9173
rmse: 0.2196
mae: 0.1737
Validation Results:
r2: 0.6543
rmse: 0.4479
mae: 0.3414
Test Results:
r2: 0.5733
rmse: 0.6758
mae: 0.5195
12/51
train r2: 0.9362111804456191, valid r2: 0.6672036682863297, test r2: 0.646706555479223
Training Results:
r2: 0.9362
rmse: 0.1928
mae: 0.1486
Validation Results:
r2: 0.6672
rmse: 0.4395
mae: 0.3477
Test Results:
r2: 0.6467
rmse: 0.6149
mae: 0.4777
13/51
train r2: 0.954696209156042, valid r2: 0.6801970676554213, test r2: 0.6038885514315879
Training Results:
r2: 0.9547
rmse: 0.1625
mae: 0.1276
Validation Results:
r2: 0.6802
rmse: 0.4308
mae: 0.3268
Test Results:
r2: 0.6039
rmse: 0.6511
mae: 0.4995
14/51
train r2: 0.9615868512021359, valid r2: 0.6834940746749776, test r2: 0.6521649874671072
Training Results:
r2: 0.9616
rmse: 0.1498
mae: 0.1156
Validation Results:
r2: 0.6835
rmse: 0.4286
mae: 0.3152
Test Results:
r2: 0.6522
rmse: 0.6102
mae: 0.4704
15/51
train r2: 0.9665837186490465, valid r2: 0.684259442274501, test r2: 0.6218591294361713
Training Results:
r2: 0.9666
rmse: 0.1393
mae: 0.1030
Validation Results:
r2: 0.6843
rmse: 0.4281
mae: 0.3167
Test Results:
r2: 0.6219
rmse: 0.6362
mae: 0.4840
16/51
train r2: 0.974556347159413, valid r2: 0.6722282888968383, test r2: 0.6528097881302722
Training Results:
r2: 0.9746
rmse: 0.1214
mae: 0.0926
Validation Results:
r2: 0.6722
rmse: 0.4362
mae: 0.3351
Test Results:
r2: 0.6528
rmse: 0.6096
mae: 0.4731
17/51
train r2: 0.9790438923318936, valid r2: 0.6559508763710367, test r2: 0.6330757864721517
Training Results:
r2: 0.9790
rmse: 0.1108
mae: 0.0811
Validation Results:
r2: 0.6560
rmse: 0.4469
mae: 0.3399
Test Results:
r2: 0.6331
rmse: 0.6267
mae: 0.4772
18/51
train r2: 0.982615735277399, valid r2: 0.6796357168617135, test r2: 0.6274441091346266
Training Results:
r2: 0.9826
rmse: 0.1006
mae: 0.0759
Validation Results:
r2: 0.6796
rmse: 0.4312
mae: 0.3271
Test Results:
r2: 0.6274
rmse: 0.6315
mae: 0.4859
19/51
train r2: 0.9890896305909636, valid r2: 0.661207308601082, test r2: 0.6396239913552162
Training Results:
r2: 0.9891
rmse: 0.0801
mae: 0.0581
Validation Results:
r2: 0.6612
rmse: 0.4435
mae: 0.3331
Test Results:
r2: 0.6396
rmse: 0.6211
mae: 0.4774
20/51
train r2: 0.9899623894989327, valid r2: 0.6657114193842096, test r2: 0.638758014528931
Training Results:
r2: 0.9900
rmse: 0.0765
mae: 0.0572
Validation Results:
r2: 0.6657
rmse: 0.4405
mae: 0.3284
Test Results:
r2: 0.6388
rmse: 0.6218
mae: 0.4720
21/51
train r2: 0.9873359283318983, valid r2: 0.6612174480280253, test r2: 0.6240177743632267
Training Results:
r2: 0.9873
rmse: 0.0857
mae: 0.0681
Validation Results:
r2: 0.6612
rmse: 0.4435
mae: 0.3302
Test Results:
r2: 0.6240
rmse: 0.6344
mae: 0.4822
22/51
train r2: 0.9926188215591124, valid r2: 0.6579642064792384, test r2: 0.6258776271439183
Training Results:
r2: 0.9926
rmse: 0.0656
mae: 0.0492
Validation Results:
r2: 0.6580
rmse: 0.4456
mae: 0.3357
Test Results:
r2: 0.6259
rmse: 0.6328
mae: 0.4850
23/51
train r2: 0.99467413888292, valid r2: 0.6556078175190146, test r2: 0.6334308246170224
Training Results:
r2: 0.9947
rmse: 0.0557
mae: 0.0411
Validation Results:
r2: 0.6556
rmse: 0.4471
mae: 0.3359
Test Results:
r2: 0.6334
rmse: 0.6264
mae: 0.4773
24/51
train r2: 0.9945202579047979, valid r2: 0.6524869389582039, test r2: 0.6405644330926822
Training Results:
r2: 0.9945
rmse: 0.0567
mae: 0.0424
Validation Results:
r2: 0.6525
rmse: 0.4491
mae: 0.3422
Test Results:
r2: 0.6406
rmse: 0.6202
mae: 0.4797
25/51
train r2: 0.9960703203877422, valid r2: 0.64534588774967, test r2: 0.6428352431670281
Training Results:
r2: 0.9961
rmse: 0.0479
mae: 0.0349
Validation Results:
r2: 0.6453
rmse: 0.4537
mae: 0.3427
Test Results:
r2: 0.6428
rmse: 0.6183
mae: 0.4761
26/51
train r2: 0.9965340567118538, valid r2: 0.6567694907429587, test r2: 0.6338259975682407
Training Results:
r2: 0.9965
rmse: 0.0449
mae: 0.0320
Validation Results:
r2: 0.6568
rmse: 0.4464
mae: 0.3390
Test Results:
r2: 0.6338
rmse: 0.6260
mae: 0.4814
27/51
train r2: 0.9978862780344979, valid r2: 0.6554369794711636, test r2: 0.6429102393018343
Training Results:
r2: 0.9979
rmse: 0.0351
mae: 0.0260
Validation Results:
r2: 0.6554
rmse: 0.4472
mae: 0.3420
Test Results:
r2: 0.6429
rmse: 0.6182
mae: 0.4768
28/51
train r2: 0.9979204729908859, valid r2: 0.6420236652280271, test r2: 0.6338575048481501
Training Results:
r2: 0.9979
rmse: 0.0348
mae: 0.0218
Validation Results:
r2: 0.6420
rmse: 0.4558
mae: 0.3493
Test Results:
r2: 0.6339
rmse: 0.6260
mae: 0.4849
29/51
train r2: 0.9987171878171308, valid r2: 0.6559918252389472, test r2: 0.6376447663733151
Training Results:
r2: 0.9987
rmse: 0.0273
mae: 0.0190
Validation Results:
r2: 0.6560
rmse: 0.4469
mae: 0.3404
Test Results:
r2: 0.6376
rmse: 0.6228
mae: 0.4795
30/51
train r2: 0.9989015649585682, valid r2: 0.6496859997100303, test r2: 0.6372422001635409
Training Results:
r2: 0.9989
rmse: 0.0254
mae: 0.0167
Validation Results:
r2: 0.6497
rmse: 0.4509
mae: 0.3436
Test Results:
r2: 0.6372
rmse: 0.6231
mae: 0.4798
31/51
train r2: 0.9991200870896777, valid r2: 0.6546141653339662, test r2: 0.6371464667100124
Training Results:
r2: 0.9991
rmse: 0.0227
mae: 0.0158
Validation Results:
r2: 0.6546
rmse: 0.4478
mae: 0.3431
Test Results:
r2: 0.6371
rmse: 0.6232
mae: 0.4779
32/51
train r2: 0.9990935976537634, valid r2: 0.6606835573756176, test r2: 0.6361378124029538
Training Results:
r2: 0.9991
rmse: 0.0231
mae: 0.0141
Validation Results:
r2: 0.6607
rmse: 0.4438
mae: 0.3376
Test Results:
r2: 0.6361
rmse: 0.6240
mae: 0.4781
33/51
train r2: 0.9993064992352056, valid r2: 0.6484538326716789, test r2: 0.6385312612739236
Training Results:
r2: 0.9993
rmse: 0.0201
mae: 0.0135
Validation Results:
r2: 0.6485
rmse: 0.4517
mae: 0.3454
Test Results:
r2: 0.6385
rmse: 0.6220
mae: 0.4791
34/51
train r2: 0.9993381174320272, valid r2: 0.6478810991705859, test r2: 0.6331068677739983
Training Results:
r2: 0.9993
rmse: 0.0196
mae: 0.0135
Validation Results:
r2: 0.6479
rmse: 0.4521
mae: 0.3469
Test Results:
r2: 0.6331
rmse: 0.6266
mae: 0.4829
35/51
train r2: 0.9995571858124268, valid r2: 0.649432784515954, test r2: 0.6351249677658195
Training Results:
r2: 0.9996
rmse: 0.0161
mae: 0.0108
Validation Results:
r2: 0.6494
rmse: 0.4511
mae: 0.3455
Test Results:
r2: 0.6351
rmse: 0.6249
mae: 0.4818
break!
train: 0.9666, val: 0.6843, test: 0.6219
end_test_result: (0.6218591294361713, 0.6361759901046753, 0.48399531841278076)
args.seed: 2064
use label scaler
use label scaler
use label scaler
model have 90.143705M paramerters in total
train_dataset.mean: tensor([-6.2043]) train_dataset.std: tensor([0.7636])
1/51
train r2: 0.19606236627921259, valid r2: 0.1463107328022426, test r2: 0.21833776729955978
Training Results:
r2: 0.1961
rmse: 0.6849
mae: 0.5576
Validation Results:
r2: 0.1463
rmse: 0.7039
mae: 0.5974
Test Results:
r2: 0.2183
rmse: 0.9147
mae: 0.7552
2/51
train r2: 0.5590474269325373, valid r2: 0.47729659037716554, test r2: 0.49079369066587064
Training Results:
r2: 0.5590
rmse: 0.5077
mae: 0.4136
Validation Results:
r2: 0.4773
rmse: 0.5508
mae: 0.4713
Test Results:
r2: 0.4908
rmse: 0.7382
mae: 0.6083
3/51
train r2: 0.6171606975217729, valid r2: 0.5682079623573459, test r2: 0.4435926192248043
Training Results:
r2: 0.6172
rmse: 0.4723
mae: 0.3649
Validation Results:
r2: 0.5682
rmse: 0.5006
mae: 0.3850
Test Results:
r2: 0.4436
rmse: 0.7717
mae: 0.6230
4/51
train r2: 0.7455975284894962, valid r2: 0.6726604363564879, test r2: 0.6349354046517193
Training Results:
r2: 0.7456
rmse: 0.3843
mae: 0.2942
Validation Results:
r2: 0.6727
rmse: 0.4359
mae: 0.3408
Test Results:
r2: 0.6349
rmse: 0.6251
mae: 0.4854
5/51
train r2: 0.777343396065014, valid r2: 0.6639469212205849, test r2: 0.6030496568098785
Training Results:
r2: 0.7773
rmse: 0.3604
mae: 0.2785
Validation Results:
r2: 0.6639
rmse: 0.4417
mae: 0.3516
Test Results:
r2: 0.6030
rmse: 0.6518
mae: 0.5188
6/51
train r2: 0.7876682610679621, valid r2: 0.6355871594065607, test r2: 0.6473468237402698
Training Results:
r2: 0.7877
rmse: 0.3528
mae: 0.2787
Validation Results:
r2: 0.6356
rmse: 0.4599
mae: 0.3836
Test Results:
r2: 0.6473
rmse: 0.6144
mae: 0.4788
7/51
train r2: 0.8434369967515678, valid r2: 0.69947029237432, test r2: 0.6307864442671542
Training Results:
r2: 0.8434
rmse: 0.3012
mae: 0.2267
Validation Results:
r2: 0.6995
rmse: 0.4177
mae: 0.3288
Test Results:
r2: 0.6308
rmse: 0.6286
mae: 0.4844
8/51
train r2: 0.8779129809774967, valid r2: 0.6988216889979629, test r2: 0.6420259060580684
Training Results:
r2: 0.8779
rmse: 0.2670
mae: 0.1973
Validation Results:
r2: 0.6988
rmse: 0.4181
mae: 0.3148
Test Results:
r2: 0.6420
rmse: 0.6190
mae: 0.4720
9/51
train r2: 0.8764888677887323, valid r2: 0.6584360207260812, test r2: 0.618726574348512
Training Results:
r2: 0.8765
rmse: 0.2687
mae: 0.2021
Validation Results:
r2: 0.6584
rmse: 0.4453
mae: 0.3610
Test Results:
r2: 0.6187
rmse: 0.6388
mae: 0.5044
10/51
train r2: 0.8986909943574519, valid r2: 0.6539072257437084, test r2: 0.6072595798669047
Training Results:
r2: 0.8987
rmse: 0.2433
mae: 0.1900
Validation Results:
r2: 0.6539
rmse: 0.4482
mae: 0.3625
Test Results:
r2: 0.6073
rmse: 0.6483
mae: 0.5071
11/51
train r2: 0.8501982447216349, valid r2: 0.6545208973450518, test r2: 0.49417279087720156
Training Results:
r2: 0.8502
rmse: 0.2954
mae: 0.2214
Validation Results:
r2: 0.6545
rmse: 0.4478
mae: 0.3429
Test Results:
r2: 0.4942
rmse: 0.7358
mae: 0.5595
12/51
train r2: 0.9356851108009333, valid r2: 0.6990959404733361, test r2: 0.5919822389011491
Training Results:
r2: 0.9357
rmse: 0.1928
mae: 0.1444
Validation Results:
r2: 0.6991
rmse: 0.4179
mae: 0.3250
Test Results:
r2: 0.5920
rmse: 0.6608
mae: 0.5129
13/51
train r2: 0.9466235813931402, valid r2: 0.7005378638749034, test r2: 0.6347391805465379
Training Results:
r2: 0.9466
rmse: 0.1765
mae: 0.1380
Validation Results:
r2: 0.7005
rmse: 0.4169
mae: 0.3259
Test Results:
r2: 0.6347
rmse: 0.6252
mae: 0.4855
14/51
train r2: 0.9493223520922912, valid r2: 0.6959818125064938, test r2: 0.6161056449429023
Training Results:
r2: 0.9493
rmse: 0.1722
mae: 0.1281
Validation Results:
r2: 0.6960
rmse: 0.4201
mae: 0.3255
Test Results:
r2: 0.6161
rmse: 0.6410
mae: 0.4965
15/51
train r2: 0.9606121869946429, valid r2: 0.7059099629115138, test r2: 0.6276350965473099
Training Results:
r2: 0.9606
rmse: 0.1514
mae: 0.1152
Validation Results:
r2: 0.7059
rmse: 0.4132
mae: 0.3201
Test Results:
r2: 0.6276
rmse: 0.6313
mae: 0.4923
16/51
train r2: 0.9575663352705222, valid r2: 0.7104366108721747, test r2: 0.5748148448753805
Training Results:
r2: 0.9576
rmse: 0.1576
mae: 0.1195
Validation Results:
r2: 0.7104
rmse: 0.4100
mae: 0.3085
Test Results:
r2: 0.5748
rmse: 0.6746
mae: 0.5156
17/51
train r2: 0.9781950175075848, valid r2: 0.716299701905174, test r2: 0.6018146069158076
Training Results:
r2: 0.9782
rmse: 0.1130
mae: 0.0842
Validation Results:
r2: 0.7163
rmse: 0.4058
mae: 0.3168
Test Results:
r2: 0.6018
rmse: 0.6528
mae: 0.5105
18/51
train r2: 0.9816125855473536, valid r2: 0.7087317613550017, test r2: 0.628755335689954
Training Results:
r2: 0.9816
rmse: 0.1034
mae: 0.0779
Validation Results:
r2: 0.7087
rmse: 0.4112
mae: 0.3177
Test Results:
r2: 0.6288
rmse: 0.6303
mae: 0.4951
19/51
train r2: 0.9813440402936978, valid r2: 0.7080340499435572, test r2: 0.6209828541837714
Training Results:
r2: 0.9813
rmse: 0.1045
mae: 0.0792
Validation Results:
r2: 0.7080
rmse: 0.4117
mae: 0.3167
Test Results:
r2: 0.6210
rmse: 0.6369
mae: 0.4838
20/51
train r2: 0.9869191555483544, valid r2: 0.693602090640395, test r2: 0.6028843496883143
Training Results:
r2: 0.9869
rmse: 0.0873
mae: 0.0654
Validation Results:
r2: 0.6936
rmse: 0.4217
mae: 0.3276
Test Results:
r2: 0.6029
rmse: 0.6519
mae: 0.5048
21/51
train r2: 0.9906300715710907, valid r2: 0.7219467179363135, test r2: 0.6206705651017302
Training Results:
r2: 0.9906
rmse: 0.0739
mae: 0.0550
Validation Results:
r2: 0.7219
rmse: 0.4017
mae: 0.3089
Test Results:
r2: 0.6207
rmse: 0.6372
mae: 0.4942
22/51
train r2: 0.9913461531552061, valid r2: 0.712595227875229, test r2: 0.6201932583518264
Training Results:
r2: 0.9913
rmse: 0.0709
mae: 0.0541
Validation Results:
r2: 0.7126
rmse: 0.4084
mae: 0.3179
Test Results:
r2: 0.6202
rmse: 0.6376
mae: 0.4928
23/51
train r2: 0.994176385616161, valid r2: 0.7101415366792507, test r2: 0.6208451961381907
Training Results:
r2: 0.9942
rmse: 0.0584
mae: 0.0438
Validation Results:
r2: 0.7101
rmse: 0.4102
mae: 0.3188
Test Results:
r2: 0.6208
rmse: 0.6370
mae: 0.4964
24/51
train r2: 0.9944026026647647, valid r2: 0.7080672227315139, test r2: 0.6192385646082867
Training Results:
r2: 0.9944
rmse: 0.0571
mae: 0.0426
Validation Results:
r2: 0.7081
rmse: 0.4116
mae: 0.3232
Test Results:
r2: 0.6192
rmse: 0.6384
mae: 0.4935
25/51
train r2: 0.9943189641659734, valid r2: 0.7057708379247094, test r2: 0.6138862097580098
Training Results:
r2: 0.9943
rmse: 0.0576
mae: 0.0442
Validation Results:
r2: 0.7058
rmse: 0.4133
mae: 0.3246
Test Results:
r2: 0.6139
rmse: 0.6428
mae: 0.4959
26/51
train r2: 0.9940426945282798, valid r2: 0.7241416721950111, test r2: 0.6150884022953278
Training Results:
r2: 0.9940
rmse: 0.0590
mae: 0.0444
Validation Results:
r2: 0.7241
rmse: 0.4002
mae: 0.3100
Test Results:
r2: 0.6151
rmse: 0.6418
mae: 0.4890
27/51
train r2: 0.9969228424908795, valid r2: 0.7208738550591933, test r2: 0.617598478568226
Training Results:
r2: 0.9969
rmse: 0.0423
mae: 0.0307
Validation Results:
r2: 0.7209
rmse: 0.4025
mae: 0.3136
Test Results:
r2: 0.6176
rmse: 0.6398
mae: 0.4897
28/51
train r2: 0.9974741770073985, valid r2: 0.7207650899977973, test r2: 0.6224686083104785
Training Results:
r2: 0.9975
rmse: 0.0383
mae: 0.0288
Validation Results:
r2: 0.7208
rmse: 0.4026
mae: 0.3132
Test Results:
r2: 0.6225
rmse: 0.6357
mae: 0.4870
29/51
train r2: 0.9977310087201772, valid r2: 0.7231061147431512, test r2: 0.6158388428882955
Training Results:
r2: 0.9977
rmse: 0.0364
mae: 0.0261
Validation Results:
r2: 0.7231
rmse: 0.4009
mae: 0.3118
Test Results:
r2: 0.6158
rmse: 0.6412
mae: 0.4899
30/51
train r2: 0.995749155573208, valid r2: 0.7210379035313605, test r2: 0.6146676358253944
Training Results:
r2: 0.9957
rmse: 0.0498
mae: 0.0383
Validation Results:
r2: 0.7210
rmse: 0.4024
mae: 0.3080
Test Results:
r2: 0.6147
rmse: 0.6422
mae: 0.4907
31/51
train r2: 0.9972599581042114, valid r2: 0.7217081931340181, test r2: 0.6120657638206595
Training Results:
r2: 0.9973
rmse: 0.0400
mae: 0.0311
Validation Results:
r2: 0.7217
rmse: 0.4019
mae: 0.3111
Test Results:
r2: 0.6121
rmse: 0.6444
mae: 0.4928
32/51
train r2: 0.9984291187527675, valid r2: 0.7149632985772655, test r2: 0.6181669119128004
Training Results:
r2: 0.9984
rmse: 0.0304
mae: 0.0225
Validation Results:
r2: 0.7150
rmse: 0.4068
mae: 0.3158
Test Results:
r2: 0.6182
rmse: 0.6393
mae: 0.4918
33/51
train r2: 0.9986723152989562, valid r2: 0.7151836646482967, test r2: 0.6201927871835449
Training Results:
r2: 0.9987
rmse: 0.0278
mae: 0.0203
Validation Results:
r2: 0.7152
rmse: 0.4066
mae: 0.3181
Test Results:
r2: 0.6202
rmse: 0.6376
mae: 0.4916
34/51
train r2: 0.9986625532299411, valid r2: 0.7166432827177786, test r2: 0.6212481761470722
Training Results:
r2: 0.9987
rmse: 0.0280
mae: 0.0202
Validation Results:
r2: 0.7166
rmse: 0.4056
mae: 0.3174
Test Results:
r2: 0.6212
rmse: 0.6367
mae: 0.4881
35/51
train r2: 0.9990497887815739, valid r2: 0.7158583105652477, test r2: 0.6214165438362649
Training Results:
r2: 0.9990
rmse: 0.0236
mae: 0.0169
Validation Results:
r2: 0.7159
rmse: 0.4061
mae: 0.3186
Test Results:
r2: 0.6214
rmse: 0.6365
mae: 0.4898
36/51
train r2: 0.9991866174759129, valid r2: 0.714223148398723, test r2: 0.6222895620640505
Training Results:
r2: 0.9992
rmse: 0.0217
mae: 0.0151
Validation Results:
r2: 0.7142
rmse: 0.4073
mae: 0.3202
Test Results:
r2: 0.6223
rmse: 0.6358
mae: 0.4883
37/51
train r2: 0.9986438383403138, valid r2: 0.7118363798720024, test r2: 0.6156700335248871
Training Results:
r2: 0.9986
rmse: 0.0281
mae: 0.0202
Validation Results:
r2: 0.7118
rmse: 0.4090
mae: 0.3202
Test Results:
r2: 0.6157
rmse: 0.6414
mae: 0.4943
38/51
train r2: 0.9994451934654114, valid r2: 0.7180013646690255, test r2: 0.6157839460181262
Training Results:
r2: 0.9994
rmse: 0.0180
mae: 0.0115
Validation Results:
r2: 0.7180
rmse: 0.4046
mae: 0.3182
Test Results:
r2: 0.6158
rmse: 0.6413
mae: 0.4921
39/51
train r2: 0.9995236412282281, valid r2: 0.7153887608891438, test r2: 0.6155156166168145
Training Results:
r2: 0.9995
rmse: 0.0167
mae: 0.0102
Validation Results:
r2: 0.7154
rmse: 0.4065
mae: 0.3192
Test Results:
r2: 0.6155
rmse: 0.6415
mae: 0.4928
40/51
train r2: 0.9993481575835104, valid r2: 0.7188477891168743, test r2: 0.6149725816432059
Training Results:
r2: 0.9993
rmse: 0.0195
mae: 0.0136
Validation Results:
r2: 0.7188
rmse: 0.4040
mae: 0.3161
Test Results:
r2: 0.6150
rmse: 0.6419
mae: 0.4914
41/51
train r2: 0.9993682722101991, valid r2: 0.7205785404639897, test r2: 0.6134603713681601
Training Results:
r2: 0.9994
rmse: 0.0192
mae: 0.0109
Validation Results:
r2: 0.7206
rmse: 0.4027
mae: 0.3150
Test Results:
r2: 0.6135
rmse: 0.6432
mae: 0.4912
42/51
train r2: 0.9995868751722118, valid r2: 0.7142144118063966, test r2: 0.6161590415873293
Training Results:
r2: 0.9996
rmse: 0.0155
mae: 0.0081
Validation Results:
r2: 0.7142
rmse: 0.4073
mae: 0.3204
Test Results:
r2: 0.6162
rmse: 0.6410
mae: 0.4932
43/51
train r2: 0.9996802355474527, valid r2: 0.7179810532284594, test r2: 0.613878806412294
Training Results:
r2: 0.9997
rmse: 0.0137
mae: 0.0071
Validation Results:
r2: 0.7180
rmse: 0.4046
mae: 0.3178
Test Results:
r2: 0.6139
rmse: 0.6429
mae: 0.4921
44/51
train r2: 0.9997053629148807, valid r2: 0.7168690000434337, test r2: 0.6155662943800244
Training Results:
r2: 0.9997
rmse: 0.0131
mae: 0.0063
Validation Results:
r2: 0.7169
rmse: 0.4054
mae: 0.3185
Test Results:
r2: 0.6156
rmse: 0.6414
mae: 0.4912
45/51
train r2: 0.9997406589189952, valid r2: 0.7158636079739625, test r2: 0.6169702301527409
Training Results:
r2: 0.9997
rmse: 0.0123
mae: 0.0053
Validation Results:
r2: 0.7159
rmse: 0.4061
mae: 0.3196
Test Results:
r2: 0.6170
rmse: 0.6403
mae: 0.4910
46/51
train r2: 0.9997335995077232, valid r2: 0.7169819909210327, test r2: 0.6147899588773392
Training Results:
r2: 0.9997
rmse: 0.0125
mae: 0.0054
Validation Results:
r2: 0.7170
rmse: 0.4053
mae: 0.3189
Test Results:
r2: 0.6148
rmse: 0.6421
mae: 0.4916
break!
train: 0.9940, val: 0.7241, test: 0.6151
end_test_result: (0.6150884022953278, 0.6418461799621582, 0.4889592230319977)
Time used on CycPept_Caco2: 0:33:22
Current seed: 2034, current split method: random, current task: CycPept_Caco2
Namespace(seed=2024, times=5, n_epochs=50, config='base', model_path='../models/pretrained/base/base.pth', dataset='CycPept_Caco2', data_path='../datasets/', dataset_type='regression', use_scaler=True, metric=['r2', 'rmse', 'mae'], split='random_2034', weight_decay=0.0, dropout=0.0, lr=3e-05, n_threads=8)
args.seed: 2024
use label scaler
use label scaler
use label scaler
model have 90.143705M paramerters in total
train_dataset.mean: tensor([-6.1937]) train_dataset.std: tensor([0.7989])
1/51
train r2: 0.3188592999726805, valid r2: 0.3384299033050735, test r2: 0.2896445469985932
Training Results:
r2: 0.3189
rmse: 0.6590
mae: 0.5666
Validation Results:
r2: 0.3384
rmse: 0.6511
mae: 0.5397
Test Results:
r2: 0.2896
rmse: 0.6622
mae: 0.5593
2/51
train r2: 0.6023279010289945, valid r2: 0.5779979604341201, test r2: 0.5056553585684975
Training Results:
r2: 0.6023
rmse: 0.5044
mae: 0.4064
Validation Results:
r2: 0.5780
rmse: 0.5200
mae: 0.4125
Test Results:
r2: 0.5057
rmse: 0.5524
mae: 0.4493
3/51
train r2: 0.6293252958165103, valid r2: 0.6012983318516273, test r2: 0.4633274145800146
Training Results:
r2: 0.6293
rmse: 0.4873
mae: 0.3884
Validation Results:
r2: 0.6013
rmse: 0.5054
mae: 0.4153
Test Results:
r2: 0.4633
rmse: 0.5756
mae: 0.4715
4/51
train r2: 0.7199565669844182, valid r2: 0.6174160278980978, test r2: 0.5311070949009147
Training Results:
r2: 0.7200
rmse: 0.4224
mae: 0.3315
Validation Results:
r2: 0.6174
rmse: 0.4951
mae: 0.3974
Test Results:
r2: 0.5311
rmse: 0.5380
mae: 0.4329
5/51
train r2: 0.722403433000099, valid r2: 0.6277944396917392, test r2: 0.6078992193748003
Training Results:
r2: 0.7224
rmse: 0.4219
mae: 0.3318
Validation Results:
r2: 0.6278
rmse: 0.4883
mae: 0.3830
Test Results:
r2: 0.6079
rmse: 0.4920
mae: 0.3879
6/51
train r2: 0.765962174769705, valid r2: 0.6530395509489515, test r2: 0.6551977149641868
Training Results:
r2: 0.7660
rmse: 0.3865
mae: 0.2950
Validation Results:
r2: 0.6530
rmse: 0.4715
mae: 0.3641
Test Results:
r2: 0.6552
rmse: 0.4614
mae: 0.3519
7/51
train r2: 0.7573620831141268, valid r2: 0.6345753732640111, test r2: 0.562802982915513
Training Results:
r2: 0.7574
rmse: 0.3946
mae: 0.3039
Validation Results:
r2: 0.6346
rmse: 0.4839
mae: 0.3739
Test Results:
r2: 0.5628
rmse: 0.5195
mae: 0.4156
8/51
train r2: 0.8313154826686262, valid r2: 0.6981803701310199, test r2: 0.6955982338749587
Training Results:
r2: 0.8313
rmse: 0.3280
mae: 0.2474
Validation Results:
r2: 0.6982
rmse: 0.4397
mae: 0.3465
Test Results:
r2: 0.6956
rmse: 0.4335
mae: 0.3422
9/51
train r2: 0.8286548240164413, valid r2: 0.697175573317188, test r2: 0.6684878430197351
Training Results:
r2: 0.8287
rmse: 0.3301
mae: 0.2441
Validation Results:
r2: 0.6972
rmse: 0.4405
mae: 0.3343
Test Results:
r2: 0.6685
rmse: 0.4524
mae: 0.3542
10/51
train r2: 0.8848995356781268, valid r2: 0.6926908543226494, test r2: 0.6609678186457848
Training Results:
r2: 0.8849
rmse: 0.2694
mae: 0.2048
Validation Results:
r2: 0.6927
rmse: 0.4437
mae: 0.3277
Test Results:
r2: 0.6610
rmse: 0.4575
mae: 0.3635
11/51
train r2: 0.8720983346533641, valid r2: 0.7034452331337459, test r2: 0.6639641468265349
Training Results:
r2: 0.8721
rmse: 0.2863
mae: 0.2141
Validation Results:
r2: 0.7034
rmse: 0.4359
mae: 0.3231
Test Results:
r2: 0.6640
rmse: 0.4554
mae: 0.3441
12/51
train r2: 0.9159274378425648, valid r2: 0.7000160991174853, test r2: 0.7234606715704275
Training Results:
r2: 0.9159
rmse: 0.2318
mae: 0.1696
Validation Results:
r2: 0.7000
rmse: 0.4384
mae: 0.3187
Test Results:
r2: 0.7235
rmse: 0.4132
mae: 0.3157
13/51
train r2: 0.9152028980375089, valid r2: 0.70528763693364, test r2: 0.7079842631079086
Training Results:
r2: 0.9152
rmse: 0.2329
mae: 0.1749
Validation Results:
r2: 0.7053
rmse: 0.4345
mae: 0.3231
Test Results:
r2: 0.7080
rmse: 0.4246
mae: 0.3407
14/51
train r2: 0.9380370662058792, valid r2: 0.7074698034124784, test r2: 0.738206751006474
Training Results:
r2: 0.9380
rmse: 0.1989
mae: 0.1421
Validation Results:
r2: 0.7075
rmse: 0.4329
mae: 0.3128
Test Results:
r2: 0.7382
rmse: 0.4020
mae: 0.3069
15/51
train r2: 0.9494026073526076, valid r2: 0.6902363630820767, test r2: 0.7225844072422075
Training Results:
r2: 0.9494
rmse: 0.1794
mae: 0.1327
Validation Results:
r2: 0.6902
rmse: 0.4455
mae: 0.3304
Test Results:
r2: 0.7226
rmse: 0.4138
mae: 0.3180
16/51
train r2: 0.96289606992392, valid r2: 0.671504773457257, test r2: 0.7440379822216621
Training Results:
r2: 0.9629
rmse: 0.1536
mae: 0.1130
Validation Results:
r2: 0.6715
rmse: 0.4588
mae: 0.3358
Test Results:
r2: 0.7440
rmse: 0.3975
mae: 0.3187
17/51
train r2: 0.9602031087138826, valid r2: 0.7040099157599651, test r2: 0.7082041302114451
Training Results:
r2: 0.9602
rmse: 0.1593
mae: 0.1241
Validation Results:
r2: 0.7040
rmse: 0.4355
mae: 0.3262
Test Results:
r2: 0.7082
rmse: 0.4244
mae: 0.3414
18/51
train r2: 0.9662074038483212, valid r2: 0.6668056054440568, test r2: 0.7219427009528478
Training Results:
r2: 0.9662
rmse: 0.1471
mae: 0.1106
Validation Results:
r2: 0.6668
rmse: 0.4620
mae: 0.3480
Test Results:
r2: 0.7219
rmse: 0.4143
mae: 0.3314
19/51
train r2: 0.980023888027881, valid r2: 0.7050801163620586, test r2: 0.7225442386015326
Training Results:
r2: 0.9800
rmse: 0.1132
mae: 0.0821
Validation Results:
r2: 0.7051
rmse: 0.4347
mae: 0.3142
Test Results:
r2: 0.7225
rmse: 0.4139
mae: 0.3247
20/51
train r2: 0.9822567640997338, valid r2: 0.6902581467063488, test r2: 0.7147641522412316
Training Results:
r2: 0.9823
rmse: 0.1060
mae: 0.0745
Validation Results:
r2: 0.6903
rmse: 0.4455
mae: 0.3199
Test Results:
r2: 0.7148
rmse: 0.4196
mae: 0.3348
21/51
train r2: 0.9815829175945968, valid r2: 0.7078648030671324, test r2: 0.7140197257160097
Training Results:
r2: 0.9816
rmse: 0.1082
mae: 0.0821
Validation Results:
r2: 0.7079
rmse: 0.4326
mae: 0.3180
Test Results:
r2: 0.7140
rmse: 0.4202
mae: 0.3311
22/51
train r2: 0.9854477715072203, valid r2: 0.694377572175785, test r2: 0.7270867082382743
Training Results:
r2: 0.9854
rmse: 0.0964
mae: 0.0728
Validation Results:
r2: 0.6944
rmse: 0.4425
mae: 0.3253
Test Results:
r2: 0.7271
rmse: 0.4104
mae: 0.3190
23/51
train r2: 0.9912209063445027, valid r2: 0.7097366004604223, test r2: 0.7185559090678708
Training Results:
r2: 0.9912
rmse: 0.0749
mae: 0.0551
Validation Results:
r2: 0.7097
rmse: 0.4312
mae: 0.3163
Test Results:
r2: 0.7186
rmse: 0.4168
mae: 0.3255
24/51
train r2: 0.9930114360899706, valid r2: 0.6897824340022991, test r2: 0.7238787386045944
Training Results:
r2: 0.9930
rmse: 0.0669
mae: 0.0499
Validation Results:
r2: 0.6898
rmse: 0.4458
mae: 0.3182
Test Results:
r2: 0.7239
rmse: 0.4129
mae: 0.3248
25/51
train r2: 0.9919372557564815, valid r2: 0.7066290645645836, test r2: 0.7168073118946829
Training Results:
r2: 0.9919
rmse: 0.0718
mae: 0.0535
Validation Results:
r2: 0.7066
rmse: 0.4336
mae: 0.3116
Test Results:
r2: 0.7168
rmse: 0.4181
mae: 0.3234
26/51
train r2: 0.9936022674551712, valid r2: 0.6868617637100466, test r2: 0.7195100571276173
Training Results:
r2: 0.9936
rmse: 0.0634
mae: 0.0485
Validation Results:
r2: 0.6869
rmse: 0.4479
mae: 0.3251
Test Results:
r2: 0.7195
rmse: 0.4161
mae: 0.3270
27/51
train r2: 0.9955086646566731, valid r2: 0.6995470367165808, test r2: 0.719918473076879
Training Results:
r2: 0.9955
rmse: 0.0535
mae: 0.0393
Validation Results:
r2: 0.6995
rmse: 0.4388
mae: 0.3197
Test Results:
r2: 0.7199
rmse: 0.4158
mae: 0.3266
28/51
train r2: 0.9966640884754617, valid r2: 0.6933327677890473, test r2: 0.717809533789221
Training Results:
r2: 0.9967
rmse: 0.0462
mae: 0.0334
Validation Results:
r2: 0.6933
rmse: 0.4433
mae: 0.3173
Test Results:
r2: 0.7178
rmse: 0.4174
mae: 0.3272
29/51
train r2: 0.9971630509830599, valid r2: 0.6970836315137761, test r2: 0.7228843634952018
Training Results:
r2: 0.9972
rmse: 0.0425
mae: 0.0321
Validation Results:
r2: 0.6971
rmse: 0.4405
mae: 0.3156
Test Results:
r2: 0.7229
rmse: 0.4136
mae: 0.3230
30/51
train r2: 0.9979735349564012, valid r2: 0.6962116473960641, test r2: 0.7254778728892344
Training Results:
r2: 0.9980
rmse: 0.0361
mae: 0.0246
Validation Results:
r2: 0.6962
rmse: 0.4412
mae: 0.3141
Test Results:
r2: 0.7255
rmse: 0.4117
mae: 0.3193
31/51
train r2: 0.9982241027960538, valid r2: 0.6986992993789582, test r2: 0.7216641750000395
Training Results:
r2: 0.9982
rmse: 0.0337
mae: 0.0222
Validation Results:
r2: 0.6987
rmse: 0.4394
mae: 0.3148
Test Results:
r2: 0.7217
rmse: 0.4145
mae: 0.3252
32/51
train r2: 0.9984606589586413, valid r2: 0.6959817117752428, test r2: 0.7240885979397722
Training Results:
r2: 0.9985
rmse: 0.0314
mae: 0.0216
Validation Results:
r2: 0.6960
rmse: 0.4413
mae: 0.3153
Test Results:
r2: 0.7241
rmse: 0.4127
mae: 0.3207
33/51
train r2: 0.9984718356855006, valid r2: 0.6951592837731959, test r2: 0.7222031209617805
Training Results:
r2: 0.9985
rmse: 0.0313
mae: 0.0213
Validation Results:
r2: 0.6952
rmse: 0.4419
mae: 0.3197
Test Results:
r2: 0.7222
rmse: 0.4141
mae: 0.3253
34/51
train r2: 0.9986956058195184, valid r2: 0.693841816950439, test r2: 0.721657748604923
Training Results:
r2: 0.9987
rmse: 0.0289
mae: 0.0194
Validation Results:
r2: 0.6938
rmse: 0.4429
mae: 0.3179
Test Results:
r2: 0.7217
rmse: 0.4145
mae: 0.3238
35/51
train r2: 0.9986616552151024, valid r2: 0.698950872168089, test r2: 0.725471749912886
Training Results:
r2: 0.9987
rmse: 0.0292
mae: 0.0186
Validation Results:
r2: 0.6990
rmse: 0.4392
mae: 0.3143
Test Results:
r2: 0.7255
rmse: 0.4117
mae: 0.3213
36/51
train r2: 0.9988076494521493, valid r2: 0.6977173320867287, test r2: 0.7215236248252268
Training Results:
r2: 0.9988
rmse: 0.0276
mae: 0.0186
Validation Results:
r2: 0.6977
rmse: 0.4401
mae: 0.3144
Test Results:
r2: 0.7215
rmse: 0.4146
mae: 0.3235
37/51
train r2: 0.999197022739351, valid r2: 0.6967358066618574, test r2: 0.7229615847668829
Training Results:
r2: 0.9992
rmse: 0.0227
mae: 0.0142
Validation Results:
r2: 0.6967
rmse: 0.4408
mae: 0.3151
Test Results:
r2: 0.7230
rmse: 0.4135
mae: 0.3229
38/51
train r2: 0.9991764907263847, valid r2: 0.698663702923149, test r2: 0.7240471460148248
Training Results:
r2: 0.9992
rmse: 0.0230
mae: 0.0134
Validation Results:
r2: 0.6987
rmse: 0.4394
mae: 0.3146
Test Results:
r2: 0.7240
rmse: 0.4127
mae: 0.3215
39/51
train r2: 0.999138359822255, valid r2: 0.695296021801759, test r2: 0.7252273156794294
Training Results:
r2: 0.9991
rmse: 0.0235
mae: 0.0151
Validation Results:
r2: 0.6953
rmse: 0.4418
mae: 0.3173
Test Results:
r2: 0.7252
rmse: 0.4118
mae: 0.3215
40/51
train r2: 0.9993369338679875, valid r2: 0.6975520530250827, test r2: 0.7242173334990313
Training Results:
r2: 0.9993
rmse: 0.0205
mae: 0.0111
Validation Results:
r2: 0.6976
rmse: 0.4402
mae: 0.3148
Test Results:
r2: 0.7242
rmse: 0.4126
mae: 0.3233
41/51
train r2: 0.9993354838638312, valid r2: 0.6996982421107194, test r2: 0.723838727955896
Training Results:
r2: 0.9993
rmse: 0.0205
mae: 0.0109
Validation Results:
r2: 0.6997
rmse: 0.4386
mae: 0.3133
Test Results:
r2: 0.7238
rmse: 0.4129
mae: 0.3223
42/51
train r2: 0.9993818165843195, valid r2: 0.6981930826636626, test r2: 0.7234245136786002
Training Results:
r2: 0.9994
rmse: 0.0199
mae: 0.0105
Validation Results:
r2: 0.6982
rmse: 0.4397
mae: 0.3140
Test Results:
r2: 0.7234
rmse: 0.4132
mae: 0.3224
43/51
train r2: 0.9994093302867179, valid r2: 0.6985530140239437, test r2: 0.7235963258929673
Training Results:
r2: 0.9994
rmse: 0.0194
mae: 0.0095
Validation Results:
r2: 0.6986
rmse: 0.4395
mae: 0.3142
Test Results:
r2: 0.7236
rmse: 0.4131
mae: 0.3223
break!
train: 0.9912, val: 0.7097, test: 0.7186
end_test_result: (0.7185559090678708, 0.41681453585624695, 0.325471967458725)
args.seed: 2034
use label scaler
use label scaler
use label scaler
model have 90.143705M paramerters in total
train_dataset.mean: tensor([-6.1937]) train_dataset.std: tensor([0.7989])
1/51
train r2: 0.3266754696244256, valid r2: 0.3253590276884041, test r2: 0.3081644869989667
Training Results:
r2: 0.3267
rmse: 0.6528
mae: 0.5530
Validation Results:
r2: 0.3254
rmse: 0.6575
mae: 0.5331
Test Results:
r2: 0.3082
rmse: 0.6535
mae: 0.5374
2/51
train r2: 0.6080576148851697, valid r2: 0.5620678726778384, test r2: 0.5471813093557572
Training Results:
r2: 0.6081
rmse: 0.5006
mae: 0.3935
Validation Results:
r2: 0.5621
rmse: 0.5297
mae: 0.4249
Test Results:
r2: 0.5472
rmse: 0.5287
mae: 0.4127
3/51
train r2: 0.6135481712464371, valid r2: 0.5304568758976913, test r2: 0.44472249985150614
Training Results:
r2: 0.6135
rmse: 0.4970
mae: 0.4050
Validation Results:
r2: 0.5305
rmse: 0.5485
mae: 0.4498
Test Results:
r2: 0.4447
rmse: 0.5855
mae: 0.4801
4/51
train r2: 0.745261111180025, valid r2: 0.664395586298882, test r2: 0.6092209154958217
Training Results:
r2: 0.7453
rmse: 0.4037
mae: 0.3068
Validation Results:
r2: 0.6644
rmse: 0.4637
mae: 0.3685
Test Results:
r2: 0.6092
rmse: 0.4911
mae: 0.3856
5/51
train r2: 0.7784467168477404, valid r2: 0.6384754900001421, test r2: 0.6410629505340755
Training Results:
r2: 0.7784
rmse: 0.3768
mae: 0.2918
Validation Results:
r2: 0.6385
rmse: 0.4813
mae: 0.3724
Test Results:
r2: 0.6411
rmse: 0.4707
mae: 0.3603
6/51
train r2: 0.7804859573462994, valid r2: 0.694224742573936, test r2: 0.6480641120355282
Training Results:
r2: 0.7805
rmse: 0.3747
mae: 0.2943
Validation Results:
r2: 0.6942
rmse: 0.4426
mae: 0.3521
Test Results:
r2: 0.6481
rmse: 0.4661
mae: 0.3893
7/51
train r2: 0.5405928369159144, valid r2: 0.44959703415832875, test r2: 0.3587767058330691
Training Results:
r2: 0.5406
rmse: 0.5406
mae: 0.4570
Validation Results:
r2: 0.4496
rmse: 0.5938
mae: 0.5068
Test Results:
r2: 0.3588
rmse: 0.6291
mae: 0.5293
8/51
train r2: 0.8397365876458806, valid r2: 0.6708642741556394, test r2: 0.6598924981138263
Training Results:
r2: 0.8397
rmse: 0.3208
mae: 0.2456
Validation Results:
r2: 0.6709
rmse: 0.4592
mae: 0.3363
Test Results:
r2: 0.6599
rmse: 0.4582
mae: 0.3620
9/51
train r2: 0.8079234424777323, valid r2: 0.6953861426377823, test r2: 0.6086082453330519
Training Results:
r2: 0.8079
rmse: 0.3496
mae: 0.2835
Validation Results:
r2: 0.6954
rmse: 0.4418
mae: 0.3451
Test Results:
r2: 0.6086
rmse: 0.4915
mae: 0.4053
10/51
train r2: 0.8539196592689535, valid r2: 0.6756651229748674, test r2: 0.6479421536187899
Training Results:
r2: 0.8539
rmse: 0.3045
mae: 0.2369
Validation Results:
r2: 0.6757
rmse: 0.4559
mae: 0.3311
Test Results:
r2: 0.6479
rmse: 0.4662
mae: 0.3790
11/51
train r2: 0.9019510615805957, valid r2: 0.684008563560283, test r2: 0.7215628369440376
Training Results:
r2: 0.9020
rmse: 0.2504
mae: 0.1907
Validation Results:
r2: 0.6840
rmse: 0.4500
mae: 0.3222
Test Results:
r2: 0.7216
rmse: 0.4146
mae: 0.3309
12/51
train r2: 0.9102762270766747, valid r2: 0.7174362908058005, test r2: 0.6986344352780332
Training Results:
r2: 0.9103
rmse: 0.2395
mae: 0.1807
Validation Results:
r2: 0.7174
rmse: 0.4255
mae: 0.3046
Test Results:
r2: 0.6986
rmse: 0.4313
mae: 0.3536
13/51
train r2: 0.9295292448447904, valid r2: 0.6441608750502192, test r2: 0.7181953735061344
Training Results:
r2: 0.9295
rmse: 0.2121
mae: 0.1578
Validation Results:
r2: 0.6442
rmse: 0.4775
mae: 0.3515
Test Results:
r2: 0.7182
rmse: 0.4171
mae: 0.3227
14/51
train r2: 0.953242121229038, valid r2: 0.6761119719853765, test r2: 0.7333898945643539
Training Results:
r2: 0.9532
rmse: 0.1733
mae: 0.1303
Validation Results:
r2: 0.6761
rmse: 0.4555
mae: 0.3336
Test Results:
r2: 0.7334
rmse: 0.4057
mae: 0.3139
15/51
train r2: 0.9401351158723016, valid r2: 0.6890948714924472, test r2: 0.6886379206032388
Training Results:
r2: 0.9401
rmse: 0.1957
mae: 0.1546
Validation Results:
r2: 0.6891
rmse: 0.4463
mae: 0.3240
Test Results:
r2: 0.6886
rmse: 0.4384
mae: 0.3481
16/51
train r2: 0.9565222847041804, valid r2: 0.6900794336182563, test r2: 0.7110848267023098
Training Results:
r2: 0.9565
rmse: 0.1663
mae: 0.1292
Validation Results:
r2: 0.6901
rmse: 0.4456
mae: 0.3252
Test Results:
r2: 0.7111
rmse: 0.4223
mae: 0.3177
17/51
train r2: 0.9758851096403613, valid r2: 0.6983140750325625, test r2: 0.702964020759006
Training Results:
r2: 0.9759
rmse: 0.1242
mae: 0.0932
Validation Results:
r2: 0.6983
rmse: 0.4397
mae: 0.3169
Test Results:
r2: 0.7030
rmse: 0.4282
mae: 0.3323
18/51
train r2: 0.979583708848691, valid r2: 0.7054762053890659, test r2: 0.691679073326287
Training Results:
r2: 0.9796
rmse: 0.1145
mae: 0.0851
Validation Results:
r2: 0.7055
rmse: 0.4344
mae: 0.3055
Test Results:
r2: 0.6917
rmse: 0.4363
mae: 0.3313
19/51
train r2: 0.9789790862399975, valid r2: 0.6892313332478273, test r2: 0.702454833538185
Training Results:
r2: 0.9790
rmse: 0.1155
mae: 0.0889
Validation Results:
r2: 0.6892
rmse: 0.4462
mae: 0.3282
Test Results:
r2: 0.7025
rmse: 0.4286
mae: 0.3250
20/51
train r2: 0.9880218180946672, valid r2: 0.7033955933657312, test r2: 0.6954911322493021
Training Results:
r2: 0.9880
rmse: 0.0878
mae: 0.0660
Validation Results:
r2: 0.7034
rmse: 0.4359
mae: 0.3207
Test Results:
r2: 0.6955
rmse: 0.4336
mae: 0.3379
21/51
train r2: 0.991865685267648, valid r2: 0.7032311032068155, test r2: 0.7099262594151103
Training Results:
r2: 0.9919
rmse: 0.0720
mae: 0.0529
Validation Results:
r2: 0.7032
rmse: 0.4361
mae: 0.3165
Test Results:
r2: 0.7099
rmse: 0.4232
mae: 0.3223
22/51
train r2: 0.9891527807726742, valid r2: 0.7013209959574009, test r2: 0.7034686818522312
Training Results:
r2: 0.9892
rmse: 0.0832
mae: 0.0652
Validation Results:
r2: 0.7013
rmse: 0.4375
mae: 0.3161
Test Results:
r2: 0.7035
rmse: 0.4278
mae: 0.3337
23/51
train r2: 0.9926739755161951, valid r2: 0.6981205984104981, test r2: 0.70255296050233
Training Results:
r2: 0.9927
rmse: 0.0684
mae: 0.0536
Validation Results:
r2: 0.6981
rmse: 0.4398
mae: 0.3125
Test Results:
r2: 0.7026
rmse: 0.4285
mae: 0.3333
24/51
train r2: 0.9954590304242651, valid r2: 0.7061185840402704, test r2: 0.7123580827425908
Training Results:
r2: 0.9955
rmse: 0.0537
mae: 0.0399
Validation Results:
r2: 0.7061
rmse: 0.4339
mae: 0.3083
Test Results:
r2: 0.7124
rmse: 0.4214
mae: 0.3233
25/51
train r2: 0.9971366998690683, valid r2: 0.6968721214215094, test r2: 0.701541282869234
Training Results:
r2: 0.9971
rmse: 0.0428
mae: 0.0315
Validation Results:
r2: 0.6969
rmse: 0.4407
mae: 0.3126
Test Results:
r2: 0.7015
rmse: 0.4292
mae: 0.3300
26/51
train r2: 0.9965914219988711, valid r2: 0.7039865183638072, test r2: 0.7016573164020953
Training Results:
r2: 0.9966
rmse: 0.0464
mae: 0.0344
Validation Results:
r2: 0.7040
rmse: 0.4355
mae: 0.3123
Test Results:
r2: 0.7017
rmse: 0.4291
mae: 0.3295
27/51
train r2: 0.9967998813384356, valid r2: 0.7032571841806521, test r2: 0.7004190944094577
Training Results:
r2: 0.9968
rmse: 0.0452
mae: 0.0338
Validation Results:
r2: 0.7033
rmse: 0.4360
mae: 0.3127
Test Results:
r2: 0.7004
rmse: 0.4300
mae: 0.3311
28/51
train r2: 0.9952001886490678, valid r2: 0.7007042034430293, test r2: 0.6932836033009333
Training Results:
r2: 0.9952
rmse: 0.0553
mae: 0.0432
Validation Results:
r2: 0.7007
rmse: 0.4379
mae: 0.3130
Test Results:
r2: 0.6933
rmse: 0.4351
mae: 0.3344
29/51
train r2: 0.9969504335870983, valid r2: 0.6995843542993946, test r2: 0.7103858449025164
Training Results:
r2: 0.9970
rmse: 0.0443
mae: 0.0336
Validation Results:
r2: 0.6996
rmse: 0.4387
mae: 0.3128
Test Results:
r2: 0.7104
rmse: 0.4228
mae: 0.3236
30/51
train r2: 0.9964931647131643, valid r2: 0.7055840212527006, test r2: 0.7030581715004572
Training Results:
r2: 0.9965
rmse: 0.0471
mae: 0.0365
Validation Results:
r2: 0.7056
rmse: 0.4343
mae: 0.3082
Test Results:
r2: 0.7031
rmse: 0.4281
mae: 0.3251
31/51
train r2: 0.9981592136632182, valid r2: 0.7018212800343568, test r2: 0.7072969765802106
Training Results:
r2: 0.9982
rmse: 0.0341
mae: 0.0245
Validation Results:
r2: 0.7018
rmse: 0.4371
mae: 0.3106
Test Results:
r2: 0.7073
rmse: 0.4251
mae: 0.3263
32/51
train r2: 0.9986339843219749, valid r2: 0.7019342113285453, test r2: 0.7016591894846245
Training Results:
r2: 0.9986
rmse: 0.0295
mae: 0.0192
Validation Results:
r2: 0.7019
rmse: 0.4370
mae: 0.3108
Test Results:
r2: 0.7017
rmse: 0.4291
mae: 0.3274
break!
train: 0.9103, val: 0.7174, test: 0.6986
end_test_result: (0.6986344352780332, 0.43131402134895325, 0.35359326004981995)
args.seed: 2044
use label scaler
use label scaler
use label scaler
model have 90.143705M paramerters in total
train_dataset.mean: tensor([-6.1937]) train_dataset.std: tensor([0.7989])
1/51
train r2: 0.2939075839273497, valid r2: 0.3102975327231159, test r2: 0.2239132311749159
Training Results:
r2: 0.2939
rmse: 0.6687
mae: 0.5734
Validation Results:
r2: 0.3103
rmse: 0.6648
mae: 0.5601
Test Results:
r2: 0.2239
rmse: 0.6922
mae: 0.5874
2/51
train r2: 0.5738055322299045, valid r2: 0.5360536998584199, test r2: 0.5020277225868149
Training Results:
r2: 0.5738
rmse: 0.5203
mae: 0.4105
Validation Results:
r2: 0.5361
rmse: 0.5452
mae: 0.4328
Test Results:
r2: 0.5020
rmse: 0.5544
mae: 0.4255
3/51
train r2: 0.6805644210194441, valid r2: 0.5998941961024442, test r2: 0.5600275327323421
Training Results:
r2: 0.6806
rmse: 0.4526
mae: 0.3504
Validation Results:
r2: 0.5999
rmse: 0.5063
mae: 0.3999
Test Results:
r2: 0.5600
rmse: 0.5211
mae: 0.4074
4/51
train r2: 0.7550324242105131, valid r2: 0.6538564913822089, test r2: 0.5711317630119155
Training Results:
r2: 0.7550
rmse: 0.3965
mae: 0.3073
Validation Results:
r2: 0.6539
rmse: 0.4709
mae: 0.3794
Test Results:
r2: 0.5711
rmse: 0.5145
mae: 0.4035
5/51
train r2: 0.6526252760964649, valid r2: 0.505339482277991, test r2: 0.45620281210281655
Training Results:
r2: 0.6526
rmse: 0.4720
mae: 0.3823
Validation Results:
r2: 0.5053
rmse: 0.5630
mae: 0.4546
Test Results:
r2: 0.4562
rmse: 0.5794
mae: 0.4636
6/51
train r2: 0.8229298522538889, valid r2: 0.672740696269495, test r2: 0.6730510428117816
Training Results:
r2: 0.8229
rmse: 0.3366
mae: 0.2488
Validation Results:
r2: 0.6727
rmse: 0.4579
mae: 0.3435
Test Results:
r2: 0.6731
rmse: 0.4492
mae: 0.3475
7/51
train r2: 0.8382335070879079, valid r2: 0.701091104452936, test r2: 0.655024115416344
Training Results:
r2: 0.8382
rmse: 0.3202
mae: 0.2450
Validation Results:
r2: 0.7011
rmse: 0.4376
mae: 0.3304
Test Results:
r2: 0.6550
rmse: 0.4615
mae: 0.3663
8/51
train r2: 0.8710114043327737, valid r2: 0.7285781663573032, test r2: 0.6824507817437722
Training Results:
r2: 0.8710
rmse: 0.2869
mae: 0.2114
Validation Results:
r2: 0.7286
rmse: 0.4170
mae: 0.3040
Test Results:
r2: 0.6825
rmse: 0.4427
mae: 0.3492
9/51
train r2: 0.8568266872445895, valid r2: 0.6838824129178344, test r2: 0.6534218843395787
Training Results:
r2: 0.8568
rmse: 0.3014
mae: 0.2323
Validation Results:
r2: 0.6839
rmse: 0.4500
mae: 0.3253
Test Results:
r2: 0.6534
rmse: 0.4625
mae: 0.3657
10/51
train r2: 0.8919722439475444, valid r2: 0.7272624985505072, test r2: 0.6948329374810331
Training Results:
r2: 0.8920
rmse: 0.2628
mae: 0.1964
Validation Results:
r2: 0.7273
rmse: 0.4180
mae: 0.3107
Test Results:
r2: 0.6948
rmse: 0.4340
mae: 0.3454
11/51
train r2: 0.8949162284471265, valid r2: 0.7105157140795575, test r2: 0.7259507250998779
Training Results:
r2: 0.8949
rmse: 0.2587
mae: 0.1974
Validation Results:
r2: 0.7105
rmse: 0.4307
mae: 0.3295
Test Results:
r2: 0.7260
rmse: 0.4113
mae: 0.3204
12/51
train r2: 0.9276302815781345, valid r2: 0.714319061696379, test r2: 0.6793913569016534
Training Results:
r2: 0.9276
rmse: 0.2150
mae: 0.1605
Validation Results:
r2: 0.7143
rmse: 0.4278
mae: 0.3179
Test Results:
r2: 0.6794
rmse: 0.4449
mae: 0.3458
13/51
train r2: 0.921610028686451, valid r2: 0.6738016701448821, test r2: 0.6622936490513758
Training Results:
r2: 0.9216
rmse: 0.2234
mae: 0.1709
Validation Results:
r2: 0.6738
rmse: 0.4572
mae: 0.3260
Test Results:
r2: 0.6623
rmse: 0.4566
mae: 0.3510
14/51
train r2: 0.9556298203652794, valid r2: 0.6940859861897877, test r2: 0.6942404739493384
Training Results:
r2: 0.9556
rmse: 0.1684
mae: 0.1252
Validation Results:
r2: 0.6941
rmse: 0.4427
mae: 0.3210
Test Results:
r2: 0.6942
rmse: 0.4344
mae: 0.3425
15/51
train r2: 0.9420987769053946, valid r2: 0.6945995410124537, test r2: 0.6531314385946935
Training Results:
r2: 0.9421
rmse: 0.1918
mae: 0.1446
Validation Results:
r2: 0.6946
rmse: 0.4423
mae: 0.3169
Test Results:
r2: 0.6531
rmse: 0.4627
mae: 0.3584
16/51
train r2: 0.9560140815600923, valid r2: 0.7215213945315657, test r2: 0.7001410363130594
Training Results:
r2: 0.9560
rmse: 0.1678
mae: 0.1225
Validation Results:
r2: 0.7215
rmse: 0.4224
mae: 0.3080
Test Results:
r2: 0.7001
rmse: 0.4302
mae: 0.3347
17/51
train r2: 0.9751737107615377, valid r2: 0.6851329224770155, test r2: 0.6926707639303533
Training Results:
r2: 0.9752
rmse: 0.1254
mae: 0.0914
Validation Results:
r2: 0.6851
rmse: 0.4492
mae: 0.3212
Test Results:
r2: 0.6927
rmse: 0.4356
mae: 0.3411
18/51
train r2: 0.9729886307437251, valid r2: 0.7051057610316562, test r2: 0.6758497573418539
Training Results:
r2: 0.9730
rmse: 0.1316
mae: 0.1002
Validation Results:
r2: 0.7051
rmse: 0.4347
mae: 0.3150
Test Results:
r2: 0.6758
rmse: 0.4473
mae: 0.3557
19/51
train r2: 0.9827997720970257, valid r2: 0.6939810650102469, test r2: 0.6879185489544235
Training Results:
r2: 0.9828
rmse: 0.1047
mae: 0.0798
Validation Results:
r2: 0.6940
rmse: 0.4428
mae: 0.3216
Test Results:
r2: 0.6879
rmse: 0.4389
mae: 0.3425
20/51
train r2: 0.9883310867232348, valid r2: 0.7074194224648274, test r2: 0.6859056838257988
Training Results:
r2: 0.9883
rmse: 0.0859
mae: 0.0628
Validation Results:
r2: 0.7074
rmse: 0.4330
mae: 0.3150
Test Results:
r2: 0.6859
rmse: 0.4403
mae: 0.3382
21/51
train r2: 0.9884534622303291, valid r2: 0.708871088547649, test r2: 0.6751441292407977
Training Results:
r2: 0.9885
rmse: 0.0858
mae: 0.0660
Validation Results:
r2: 0.7089
rmse: 0.4319
mae: 0.3037
Test Results:
r2: 0.6751
rmse: 0.4478
mae: 0.3449
22/51
train r2: 0.9914602463828275, valid r2: 0.7075883776648487, test r2: 0.6719325195126085
Training Results:
r2: 0.9915
rmse: 0.0739
mae: 0.0574
Validation Results:
r2: 0.7076
rmse: 0.4328
mae: 0.3141
Test Results:
r2: 0.6719
rmse: 0.4500
mae: 0.3480
23/51
train r2: 0.9911180243581104, valid r2: 0.7059464532885266, test r2: 0.6725858845133091
Training Results:
r2: 0.9911
rmse: 0.0751
mae: 0.0596
Validation Results:
r2: 0.7059
rmse: 0.4341
mae: 0.3087
Test Results:
r2: 0.6726
rmse: 0.4496
mae: 0.3455
24/51
train r2: 0.9911334174627735, valid r2: 0.7089034649617388, test r2: 0.6895941434541191
Training Results:
r2: 0.9911
rmse: 0.0754
mae: 0.0578
Validation Results:
r2: 0.7089
rmse: 0.4319
mae: 0.3070
Test Results:
r2: 0.6896
rmse: 0.4377
mae: 0.3364
25/51
train r2: 0.9950499120227537, valid r2: 0.7084468497596922, test r2: 0.6777441367306671
Training Results:
r2: 0.9950
rmse: 0.0563
mae: 0.0432
Validation Results:
r2: 0.7084
rmse: 0.4322
mae: 0.3097
Test Results:
r2: 0.6777
rmse: 0.4460
mae: 0.3425
26/51
train r2: 0.9970442609318892, valid r2: 0.7176655217252728, test r2: 0.6797852887280873
Training Results:
r2: 0.9970
rmse: 0.0434
mae: 0.0323
Validation Results:
r2: 0.7177
rmse: 0.4253
mae: 0.3034
Test Results:
r2: 0.6798
rmse: 0.4446
mae: 0.3394
27/51
train r2: 0.996932805160589, valid r2: 0.7160157738043569, test r2: 0.6817187146530526
Training Results:
r2: 0.9969
rmse: 0.0442
mae: 0.0314
Validation Results:
r2: 0.7160
rmse: 0.4266
mae: 0.3099
Test Results:
r2: 0.6817
rmse: 0.4433
mae: 0.3386
28/51
train r2: 0.9978982707657037, valid r2: 0.7110509499590695, test r2: 0.6838339185941631
Training Results:
r2: 0.9979
rmse: 0.0364
mae: 0.0266
Validation Results:
r2: 0.7111
rmse: 0.4303
mae: 0.3066
Test Results:
r2: 0.6838
rmse: 0.4418
mae: 0.3393
break!
train: 0.8710, val: 0.7286, test: 0.6825
end_test_result: (0.6824507817437722, 0.44274359941482544, 0.34918224811553955)
args.seed: 2054
use label scaler
use label scaler
use label scaler
model have 90.143705M paramerters in total
train_dataset.mean: tensor([-6.1937]) train_dataset.std: tensor([0.7989])
1/51
train r2: 0.3169698353398561, valid r2: 0.3161902997766495, test r2: 0.25174499559664987
Training Results:
r2: 0.3170
rmse: 0.6608
mae: 0.5657
Validation Results:
r2: 0.3162
rmse: 0.6619
mae: 0.5482
Test Results:
r2: 0.2517
rmse: 0.6796
mae: 0.5673
2/51
train r2: 0.6053173668302987, valid r2: 0.5466301876904716, test r2: 0.4951211604005895
Training Results:
r2: 0.6053
rmse: 0.5025
mae: 0.3979
Validation Results:
r2: 0.5466
rmse: 0.5390
mae: 0.4273
Test Results:
r2: 0.4951
rmse: 0.5583
mae: 0.4394
3/51
train r2: 0.6824926758138639, valid r2: 0.6612163416327324, test r2: 0.6167808064943364
Training Results:
r2: 0.6825
rmse: 0.4513
mae: 0.3426
Validation Results:
r2: 0.6612
rmse: 0.4659
mae: 0.3879
Test Results:
r2: 0.6168
rmse: 0.4864
mae: 0.3705
4/51
train r2: 0.7580958307186978, valid r2: 0.7013054943843766, test r2: 0.6173235889005493
Training Results:
r2: 0.7581
rmse: 0.3919
mae: 0.2904
Validation Results:
r2: 0.7013
rmse: 0.4375
mae: 0.3499
Test Results:
r2: 0.6173
rmse: 0.4860
mae: 0.3748
5/51
train r2: 0.6542092580067507, valid r2: 0.5231781356019465, test r2: 0.43537268705797516
Training Results:
r2: 0.6542
rmse: 0.4691
mae: 0.3857
Validation Results:
r2: 0.5232
rmse: 0.5527
mae: 0.4410
Test Results:
r2: 0.4354
rmse: 0.5904
mae: 0.4817
6/51
train r2: 0.791907283731475, valid r2: 0.7011960626834233, test r2: 0.6060877040540079
Training Results:
r2: 0.7919
rmse: 0.3635
mae: 0.2702
Validation Results:
r2: 0.7012
rmse: 0.4375
mae: 0.3400
Test Results:
r2: 0.6061
rmse: 0.4931
mae: 0.3868
7/51
train r2: 0.812227478212105, valid r2: 0.6530300189390319, test r2: 0.6465633013402123
Training Results:
r2: 0.8122
rmse: 0.3456
mae: 0.2648
Validation Results:
r2: 0.6530
rmse: 0.4715
mae: 0.3573
Test Results:
r2: 0.6466
rmse: 0.4671
mae: 0.3600
8/51
train r2: 0.8244001530923608, valid r2: 0.6536107614176595, test r2: 0.6653098647903588
Training Results:
r2: 0.8244
rmse: 0.3352
mae: 0.2528
Validation Results:
r2: 0.6536
rmse: 0.4711
mae: 0.3539
Test Results:
r2: 0.6653
rmse: 0.4545
mae: 0.3473
9/51
train r2: 0.8737028045405606, valid r2: 0.7047737113520668, test r2: 0.6713925595977829
Training Results:
r2: 0.8737
rmse: 0.2845
mae: 0.2186
Validation Results:
r2: 0.7048
rmse: 0.4349
mae: 0.3252
Test Results:
r2: 0.6714
rmse: 0.4504
mae: 0.3633
10/51
train r2: 0.8622345711695921, valid r2: 0.666616807342315, test r2: 0.6894993347919112
Training Results:
r2: 0.8622
rmse: 0.2958
mae: 0.2214
Validation Results:
r2: 0.6666
rmse: 0.4622
mae: 0.3449
Test Results:
r2: 0.6895
rmse: 0.4378
mae: 0.3410
11/51
train r2: 0.9069725344479613, valid r2: 0.6981838149555115, test r2: 0.6699625670559384
Training Results:
r2: 0.9070
rmse: 0.2438
mae: 0.1818
Validation Results:
r2: 0.6982
rmse: 0.4397
mae: 0.3212
Test Results:
r2: 0.6700
rmse: 0.4514
mae: 0.3442
12/51
train r2: 0.9421177073682552, valid r2: 0.7088995065060113, test r2: 0.728174400041777
Training Results:
r2: 0.9421
rmse: 0.1922
mae: 0.1414
Validation Results:
r2: 0.7089
rmse: 0.4319
mae: 0.3034
Test Results:
r2: 0.7282
rmse: 0.4096
mae: 0.3181
13/51
train r2: 0.9422318291250825, valid r2: 0.7331780902349883, test r2: 0.7289315921717088
Training Results:
r2: 0.9422
rmse: 0.1917
mae: 0.1410
Validation Results:
r2: 0.7332
rmse: 0.4135
mae: 0.3008
Test Results:
r2: 0.7289
rmse: 0.4091
mae: 0.3207
14/51
train r2: 0.9641539669262033, valid r2: 0.7149596829119762, test r2: 0.7259329437783926
Training Results:
r2: 0.9642
rmse: 0.1509
mae: 0.1099
Validation Results:
r2: 0.7150
rmse: 0.4274
mae: 0.3060
Test Results:
r2: 0.7259
rmse: 0.4113
mae: 0.3244
15/51
train r2: 0.9641605092709109, valid r2: 0.7345477570169159, test r2: 0.7172511632070688
Training Results:
r2: 0.9642
rmse: 0.1515
mae: 0.1105
Validation Results:
r2: 0.7345
rmse: 0.4124
mae: 0.2949
Test Results:
r2: 0.7173
rmse: 0.4178
mae: 0.3224
16/51
train r2: 0.9695035013657737, valid r2: 0.7044154611641518, test r2: 0.706511197899093
Training Results:
r2: 0.9695
rmse: 0.1389
mae: 0.1084
Validation Results:
r2: 0.7044
rmse: 0.4352
mae: 0.3106
Test Results:
r2: 0.7065
rmse: 0.4256
mae: 0.3362
17/51
train r2: 0.974889180159109, valid r2: 0.7275484292749683, test r2: 0.7082120315375703
Training Results:
r2: 0.9749
rmse: 0.1269
mae: 0.0919
Validation Results:
r2: 0.7275
rmse: 0.4178
mae: 0.3093
Test Results:
r2: 0.7082
rmse: 0.4244
mae: 0.3319
18/51
train r2: 0.9809584564820095, valid r2: 0.7204214059279022, test r2: 0.7090070726738316
Training Results:
r2: 0.9810
rmse: 0.1105
mae: 0.0830
Validation Results:
r2: 0.7204
rmse: 0.4232
mae: 0.2999
Test Results:
r2: 0.7090
rmse: 0.4238
mae: 0.3320
19/51
train r2: 0.9879041423491602, valid r2: 0.7464542791113244, test r2: 0.7166268751559104
Training Results:
r2: 0.9879
rmse: 0.0880
mae: 0.0646
Validation Results:
r2: 0.7465
rmse: 0.4031
mae: 0.2910
Test Results:
r2: 0.7166
rmse: 0.4182
mae: 0.3221
20/51
train r2: 0.9903715311053589, valid r2: 0.736561157546999, test r2: 0.7071471702648905
Training Results:
r2: 0.9904
rmse: 0.0785
mae: 0.0574
Validation Results:
r2: 0.7366
rmse: 0.4108
mae: 0.2937
Test Results:
r2: 0.7071
rmse: 0.4252
mae: 0.3310
21/51
train r2: 0.9914850392109511, valid r2: 0.7269882487547683, test r2: 0.7154267831179808
Training Results:
r2: 0.9915
rmse: 0.0735
mae: 0.0565
Validation Results:
r2: 0.7270
rmse: 0.4182
mae: 0.3042
Test Results:
r2: 0.7154
rmse: 0.4191
mae: 0.3328
22/51
train r2: 0.9947499557058501, valid r2: 0.7362330738891208, test r2: 0.7106608389698701
Training Results:
r2: 0.9947
rmse: 0.0579
mae: 0.0413
Validation Results:
r2: 0.7362
rmse: 0.4111
mae: 0.2953
Test Results:
r2: 0.7107
rmse: 0.4226
mae: 0.3322
23/51
train r2: 0.9955700947381505, valid r2: 0.7184057480728725, test r2: 0.7032739733920436
Training Results:
r2: 0.9956
rmse: 0.0529
mae: 0.0378
Validation Results:
r2: 0.7184
rmse: 0.4248
mae: 0.3068
Test Results:
r2: 0.7033
rmse: 0.4280
mae: 0.3347
24/51
train r2: 0.9956609129915805, valid r2: 0.7266521350187576, test r2: 0.7228182693418734
Training Results:
r2: 0.9957
rmse: 0.0525
mae: 0.0393
Validation Results:
r2: 0.7267
rmse: 0.4185
mae: 0.3053
Test Results:
r2: 0.7228
rmse: 0.4136
mae: 0.3290
25/51
train r2: 0.9967144881780468, valid r2: 0.7231026707428323, test r2: 0.7130687511085627
Training Results:
r2: 0.9967
rmse: 0.0458
mae: 0.0340
Validation Results:
r2: 0.7231
rmse: 0.4212
mae: 0.3046
Test Results:
r2: 0.7131
rmse: 0.4209
mae: 0.3292
26/51
train r2: 0.9974790957914347, valid r2: 0.7289842559341411, test r2: 0.7114582581839459
Training Results:
r2: 0.9975
rmse: 0.0400
mae: 0.0296
Validation Results:
r2: 0.7290
rmse: 0.4167
mae: 0.3048
Test Results:
r2: 0.7115
rmse: 0.4220
mae: 0.3330
27/51
train r2: 0.9968937936306953, valid r2: 0.7358155352942128, test r2: 0.7125877442663537
Training Results:
r2: 0.9969
rmse: 0.0446
mae: 0.0306
Validation Results:
r2: 0.7358
rmse: 0.4114
mae: 0.2988
Test Results:
r2: 0.7126
rmse: 0.4212
mae: 0.3309
28/51
train r2: 0.9965244531915366, valid r2: 0.7335510925419415, test r2: 0.7031219702793099
Training Results:
r2: 0.9965
rmse: 0.0471
mae: 0.0336
Validation Results:
r2: 0.7336
rmse: 0.4132
mae: 0.2953
Test Results:
r2: 0.7031
rmse: 0.4281
mae: 0.3377
29/51
train r2: 0.99795774855459, valid r2: 0.730906492922782, test r2: 0.7155286483601886
Training Results:
r2: 0.9980
rmse: 0.0361
mae: 0.0273
Validation Results:
r2: 0.7309
rmse: 0.4152
mae: 0.3019
Test Results:
r2: 0.7155
rmse: 0.4191
mae: 0.3277
30/51
train r2: 0.9986636595409364, valid r2: 0.7275705597543578, test r2: 0.7125450717344332
Training Results:
r2: 0.9987
rmse: 0.0292
mae: 0.0190
Validation Results:
r2: 0.7276
rmse: 0.4178
mae: 0.3003
Test Results:
r2: 0.7125
rmse: 0.4212
mae: 0.3306
31/51
train r2: 0.9985082185292481, valid r2: 0.72402044920601, test r2: 0.7118912254420328
Training Results:
r2: 0.9985
rmse: 0.0308
mae: 0.0194
Validation Results:
r2: 0.7240
rmse: 0.4205
mae: 0.3041
Test Results:
r2: 0.7119
rmse: 0.4217
mae: 0.3341
32/51
train r2: 0.9990834777089052, valid r2: 0.7264385992810194, test r2: 0.7140163584987653
Training Results:
r2: 0.9991
rmse: 0.0242
mae: 0.0158
Validation Results:
r2: 0.7264
rmse: 0.4187
mae: 0.3035
Test Results:
r2: 0.7140
rmse: 0.4202
mae: 0.3297
33/51
train r2: 0.9991518961174422, valid r2: 0.7288849442278891, test r2: 0.7085490985952996
Training Results:
r2: 0.9992
rmse: 0.0233
mae: 0.0146
Validation Results:
r2: 0.7289
rmse: 0.4168
mae: 0.2999
Test Results:
r2: 0.7085
rmse: 0.4242
mae: 0.3355
34/51
train r2: 0.9992227712591628, valid r2: 0.7264756508987048, test r2: 0.708976739126375
Training Results:
r2: 0.9992
rmse: 0.0223
mae: 0.0135
Validation Results:
r2: 0.7265
rmse: 0.4186
mae: 0.3019
Test Results:
r2: 0.7090
rmse: 0.4238
mae: 0.3352
35/51
train r2: 0.9993299191503484, valid r2: 0.7267224301131991, test r2: 0.7086948521818552
Training Results:
r2: 0.9993
rmse: 0.0207
mae: 0.0118
Validation Results:
r2: 0.7267
rmse: 0.4184
mae: 0.3035
Test Results:
r2: 0.7087
rmse: 0.4241
mae: 0.3332
36/51
train r2: 0.9991269062590036, valid r2: 0.7263582526927912, test r2: 0.7106502359814347
Training Results:
r2: 0.9991
rmse: 0.0236
mae: 0.0126
Validation Results:
r2: 0.7264
rmse: 0.4187
mae: 0.3036
Test Results:
r2: 0.7107
rmse: 0.4226
mae: 0.3322
37/51
train r2: 0.999300488908035, valid r2: 0.7267561203077177, test r2: 0.7117711621706093
Training Results:
r2: 0.9993
rmse: 0.0210
mae: 0.0119
Validation Results:
r2: 0.7268
rmse: 0.4184
mae: 0.3042
Test Results:
r2: 0.7118
rmse: 0.4218
mae: 0.3323
38/51
train r2: 0.99948292284545, valid r2: 0.7274776819809938, test r2: 0.7117941701274142
Training Results:
r2: 0.9995
rmse: 0.0181
mae: 0.0095
Validation Results:
r2: 0.7275
rmse: 0.4179
mae: 0.3024
Test Results:
r2: 0.7118
rmse: 0.4218
mae: 0.3320
39/51
train r2: 0.9993226327675677, valid r2: 0.7262363201291551, test r2: 0.7114225844669264
Training Results:
r2: 0.9993
rmse: 0.0208
mae: 0.0101
Validation Results:
r2: 0.7262
rmse: 0.4188
mae: 0.3030
Test Results:
r2: 0.7114
rmse: 0.4221
mae: 0.3326
break!
train: 0.9879, val: 0.7465, test: 0.7166
end_test_result: (0.7166268751559104, 0.4182405173778534, 0.3221129775047302)
args.seed: 2064
use label scaler
use label scaler
use label scaler
model have 90.143705M paramerters in total
train_dataset.mean: tensor([-6.1937]) train_dataset.std: tensor([0.7989])
1/51
train r2: 0.15761702289794277, valid r2: 0.15267316314435886, test r2: 0.14705327365016574
Training Results:
r2: 0.1576
rmse: 0.7310
mae: 0.5899
Validation Results:
r2: 0.1527
rmse: 0.7368
mae: 0.5773
Test Results:
r2: 0.1471
rmse: 0.7256
mae: 0.5830
2/51
train r2: 0.39874547956035666, valid r2: 0.3608469521595802, test r2: 0.3719539585153121
Training Results:
r2: 0.3987
rmse: 0.6189
mae: 0.4896
Validation Results:
r2: 0.3608
rmse: 0.6399
mae: 0.5074
Test Results:
r2: 0.3720
rmse: 0.6226
mae: 0.4827
3/51
train r2: 0.6988283984823733, valid r2: 0.6435531711528515, test r2: 0.6111354403850182
Training Results:
r2: 0.6988
rmse: 0.4390
mae: 0.3440
Validation Results:
r2: 0.6436
rmse: 0.4779
mae: 0.3821
Test Results:
r2: 0.6111
rmse: 0.4899
mae: 0.3925
4/51
train r2: 0.6503496052169682, valid r2: 0.5719322798376181, test r2: 0.5670826420665549
Training Results:
r2: 0.6503
rmse: 0.4733
mae: 0.3700
Validation Results:
r2: 0.5719
rmse: 0.5237
mae: 0.4098
Test Results:
r2: 0.5671
rmse: 0.5170
mae: 0.4083
5/51
train r2: 0.793291495332184, valid r2: 0.6839955372858567, test r2: 0.6413999579129384
Training Results:
r2: 0.7933
rmse: 0.3623
mae: 0.2764
Validation Results:
r2: 0.6840
rmse: 0.4500
mae: 0.3515
Test Results:
r2: 0.6414
rmse: 0.4705
mae: 0.3725
6/51
train r2: 0.7820595999574596, valid r2: 0.6900109375616654, test r2: 0.6356575662630506
Training Results:
r2: 0.7821
rmse: 0.3728
mae: 0.2921
Validation Results:
r2: 0.6900
rmse: 0.4457
mae: 0.3563
Test Results:
r2: 0.6357
rmse: 0.4742
mae: 0.3862
7/51
train r2: 0.8368746246988781, valid r2: 0.6789569989353526, test r2: 0.65733401381234
Training Results:
r2: 0.8369
rmse: 0.3226
mae: 0.2401
Validation Results:
r2: 0.6790
rmse: 0.4535
mae: 0.3375
Test Results:
r2: 0.6573
rmse: 0.4599
mae: 0.3684
8/51
train r2: 0.8309089300617982, valid r2: 0.6711000622453442, test r2: 0.7148419991252555
Training Results:
r2: 0.8309
rmse: 0.3294
mae: 0.2508
Validation Results:
r2: 0.6711
rmse: 0.4591
mae: 0.3657
Test Results:
r2: 0.7148
rmse: 0.4196
mae: 0.3319
9/51
train r2: 0.8781289619509253, valid r2: 0.6301406600798998, test r2: 0.672122471559494
Training Results:
r2: 0.8781
rmse: 0.2785
mae: 0.2055
Validation Results:
r2: 0.6301
rmse: 0.4868
mae: 0.3488
Test Results:
r2: 0.6721
rmse: 0.4499
mae: 0.3458
10/51
train r2: 0.890745208694977, valid r2: 0.6460310017969122, test r2: 0.6748345392811042
Training Results:
r2: 0.8907
rmse: 0.2648
mae: 0.2000
Validation Results:
r2: 0.6460
rmse: 0.4762
mae: 0.3472
Test Results:
r2: 0.6748
rmse: 0.4480
mae: 0.3370
11/51
train r2: 0.9070673768216688, valid r2: 0.7146455628168562, test r2: 0.7025609595502098
Training Results:
r2: 0.9071
rmse: 0.2436
mae: 0.1799
Validation Results:
r2: 0.7146
rmse: 0.4276
mae: 0.3232
Test Results:
r2: 0.7026
rmse: 0.4285
mae: 0.3323
12/51
train r2: 0.9379251167550693, valid r2: 0.7174144309543014, test r2: 0.7215408411184675
Training Results:
r2: 0.9379
rmse: 0.1988
mae: 0.1469
Validation Results:
r2: 0.7174
rmse: 0.4255
mae: 0.3098
Test Results:
r2: 0.7215
rmse: 0.4146
mae: 0.3339
13/51
train r2: 0.9371058683652203, valid r2: 0.6933949316178812, test r2: 0.68267076179785
Training Results:
r2: 0.9371
rmse: 0.2003
mae: 0.1550
Validation Results:
r2: 0.6934
rmse: 0.4432
mae: 0.3231
Test Results:
r2: 0.6827
rmse: 0.4426
mae: 0.3555
14/51
train r2: 0.9526951170790412, valid r2: 0.6739462604804607, test r2: 0.716311197828536
Training Results:
r2: 0.9527
rmse: 0.1728
mae: 0.1240
Validation Results:
r2: 0.6739
rmse: 0.4571
mae: 0.3372
Test Results:
r2: 0.7163
rmse: 0.4185
mae: 0.3288
15/51
train r2: 0.9590799008820408, valid r2: 0.6519907981830119, test r2: 0.7126641876912317
Training Results:
r2: 0.9591
rmse: 0.1613
mae: 0.1223
Validation Results:
r2: 0.6520
rmse: 0.4722
mae: 0.3397
Test Results:
r2: 0.7127
rmse: 0.4212
mae: 0.3231
16/51
train r2: 0.9691477706990103, valid r2: 0.6890426642306114, test r2: 0.7240985278348562
Training Results:
r2: 0.9691
rmse: 0.1403
mae: 0.1038
Validation Results:
r2: 0.6890
rmse: 0.4464
mae: 0.3219
Test Results:
r2: 0.7241
rmse: 0.4127
mae: 0.3293
17/51
train r2: 0.978110078445752, valid r2: 0.6928577071187294, test r2: 0.7118868331103014
Training Results:
r2: 0.9781
rmse: 0.1182
mae: 0.0890
Validation Results:
r2: 0.6929
rmse: 0.4436
mae: 0.3236
Test Results:
r2: 0.7119
rmse: 0.4217
mae: 0.3312
18/51
train r2: 0.9718492557221036, valid r2: 0.6686171917210906, test r2: 0.705949050797128
Training Results:
r2: 0.9718
rmse: 0.1341
mae: 0.1071
Validation Results:
r2: 0.6686
rmse: 0.4608
mae: 0.3419
Test Results:
r2: 0.7059
rmse: 0.4260
mae: 0.3322
19/51
train r2: 0.9843612913594383, valid r2: 0.6988498036367452, test r2: 0.7163809693256038
Training Results:
r2: 0.9844
rmse: 0.0999
mae: 0.0779
Validation Results:
r2: 0.6988
rmse: 0.4393
mae: 0.3192
Test Results:
r2: 0.7164
rmse: 0.4184
mae: 0.3233
20/51
train r2: 0.9820919376511947, valid r2: 0.6841877261054237, test r2: 0.7175633040415816
Training Results:
r2: 0.9821
rmse: 0.1072
mae: 0.0825
Validation Results:
r2: 0.6842
rmse: 0.4498
mae: 0.3255
Test Results:
r2: 0.7176
rmse: 0.4175
mae: 0.3284
21/51
train r2: 0.9908534467002709, valid r2: 0.7077931399585609, test r2: 0.7135495397636972
Training Results:
r2: 0.9909
rmse: 0.0764
mae: 0.0585
Validation Results:
r2: 0.7078
rmse: 0.4327
mae: 0.3078
Test Results:
r2: 0.7135
rmse: 0.4205
mae: 0.3349
22/51
train r2: 0.9941608952108404, valid r2: 0.6901440704340016, test r2: 0.7066563772629689
Training Results:
r2: 0.9942
rmse: 0.0613
mae: 0.0452
Validation Results:
r2: 0.6901
rmse: 0.4456
mae: 0.3160
Test Results:
r2: 0.7067
rmse: 0.4255
mae: 0.3376
23/51
train r2: 0.9947320746894512, valid r2: 0.6859375155701175, test r2: 0.7077973886945041
Training Results:
r2: 0.9947
rmse: 0.0581
mae: 0.0435
Validation Results:
r2: 0.6859
rmse: 0.4486
mae: 0.3157
Test Results:
r2: 0.7078
rmse: 0.4247
mae: 0.3371
24/51
train r2: 0.9948521564127691, valid r2: 0.6883027099005982, test r2: 0.7120987151073357
Training Results:
r2: 0.9949
rmse: 0.0574
mae: 0.0421
Validation Results:
r2: 0.6883
rmse: 0.4469
mae: 0.3153
Test Results:
r2: 0.7121
rmse: 0.4216
mae: 0.3348
25/51
train r2: 0.9969289123167124, valid r2: 0.6949018014825838, test r2: 0.7138874760519529
Training Results:
r2: 0.9969
rmse: 0.0443
mae: 0.0314
Validation Results:
r2: 0.6949
rmse: 0.4421
mae: 0.3139
Test Results:
r2: 0.7139
rmse: 0.4203
mae: 0.3316
26/51
train r2: 0.9970513530387772, valid r2: 0.6937303737626914, test r2: 0.7184929209704878
Training Results:
r2: 0.9971
rmse: 0.0434
mae: 0.0328
Validation Results:
r2: 0.6937
rmse: 0.4430
mae: 0.3145
Test Results:
r2: 0.7185
rmse: 0.4169
mae: 0.3286
27/51
train r2: 0.9976088038922226, valid r2: 0.6957622191152144, test r2: 0.7144278455715618
Training Results:
r2: 0.9976
rmse: 0.0390
mae: 0.0283
Validation Results:
r2: 0.6958
rmse: 0.4415
mae: 0.3095
Test Results:
r2: 0.7144
rmse: 0.4199
mae: 0.3318
28/51
train r2: 0.9980629227378902, valid r2: 0.6978879596199712, test r2: 0.7199364659961217
Training Results:
r2: 0.9981
rmse: 0.0352
mae: 0.0257
Validation Results:
r2: 0.6979
rmse: 0.4400
mae: 0.3107
Test Results:
r2: 0.7199
rmse: 0.4158
mae: 0.3298
29/51
train r2: 0.9959472665852116, valid r2: 0.6953317866459781, test r2: 0.7071962771194726
Training Results:
r2: 0.9959
rmse: 0.0510
mae: 0.0420
Validation Results:
r2: 0.6953
rmse: 0.4418
mae: 0.3147
Test Results:
r2: 0.7072
rmse: 0.4251
mae: 0.3317
30/51
train r2: 0.9983370557505511, valid r2: 0.6958935400948241, test r2: 0.7118163523338157
Training Results:
r2: 0.9983
rmse: 0.0327
mae: 0.0240
Validation Results:
r2: 0.6959
rmse: 0.4414
mae: 0.3088
Test Results:
r2: 0.7118
rmse: 0.4218
mae: 0.3346
31/51
train r2: 0.9987773506528848, valid r2: 0.6967508525469877, test r2: 0.7113517643855121
Training Results:
r2: 0.9988
rmse: 0.0279
mae: 0.0185
Validation Results:
r2: 0.6968
rmse: 0.4408
mae: 0.3082
Test Results:
r2: 0.7114
rmse: 0.4221
mae: 0.3331
32/51
train r2: 0.9988353636177888, valid r2: 0.6974528341939787, test r2: 0.7149318844359951
Training Results:
r2: 0.9988
rmse: 0.0272
mae: 0.0180
Validation Results:
r2: 0.6975
rmse: 0.4403
mae: 0.3120
Test Results:
r2: 0.7149
rmse: 0.4195
mae: 0.3318
break!
train: 0.9379, val: 0.7174, test: 0.7215
end_test_result: (0.7215408411184675, 0.4145983159542084, 0.3339084982872009)
Time used on CycPept_Caco2: 0:30:22
Current seed: 2034, current split method: scaffold, current task: CycPept_Caco2
Namespace(seed=2024, times=5, n_epochs=50, config='base', model_path='../models/pretrained/base/base.pth', dataset='CycPept_Caco2', data_path='../datasets/', dataset_type='regression', use_scaler=True, metric=['r2', 'rmse', 'mae'], split='scaffold_2034', weight_decay=0.0, dropout=0.0, lr=3e-05, n_threads=8)
args.seed: 2024
use label scaler
use label scaler
use label scaler
model have 90.143705M paramerters in total
train_dataset.mean: tensor([-6.1612]) train_dataset.std: tensor([0.8128])
1/51
train r2: 0.3361491533145391, valid r2: 0.10950788937929912, test r2: 0.22652975963931965
Training Results:
r2: 0.3361
rmse: 0.6622
mae: 0.5665
Validation Results:
r2: 0.1095
rmse: 0.6793
mae: 0.5870
Test Results:
r2: 0.2265
rmse: 0.6333
mae: 0.5412
2/51
train r2: 0.6156066895250096, valid r2: 0.38336374700146314, test r2: 0.39190139470839835
Training Results:
r2: 0.6156
rmse: 0.5038
mae: 0.4100
Validation Results:
r2: 0.3834
rmse: 0.5653
mae: 0.4620
Test Results:
r2: 0.3919
rmse: 0.5616
mae: 0.4557
3/51
train r2: 0.7112688822379574, valid r2: 0.4551939385669135, test r2: 0.4652439145353445
Training Results:
r2: 0.7113
rmse: 0.4379
mae: 0.3384
Validation Results:
r2: 0.4552
rmse: 0.5314
mae: 0.4005
Test Results:
r2: 0.4652
rmse: 0.5266
mae: 0.4085
4/51
train r2: 0.660186224257324, valid r2: 0.30641300917710623, test r2: 0.42715864536212
Training Results:
r2: 0.6602
rmse: 0.4730
mae: 0.3879
Validation Results:
r2: 0.3064
rmse: 0.5995
mae: 0.5028
Test Results:
r2: 0.4272
rmse: 0.5450
mae: 0.4487
5/51
train r2: 0.8065320966690095, valid r2: 0.585493993566123, test r2: 0.5593450119038856
Training Results:
r2: 0.8065
rmse: 0.3571
mae: 0.2676
Validation Results:
r2: 0.5855
rmse: 0.4635
mae: 0.3532
Test Results:
r2: 0.5593
rmse: 0.4780
mae: 0.3768
6/51
train r2: 0.4898407452675919, valid r2: 0.36713018533027797, test r2: 0.06641477537830709
Training Results:
r2: 0.4898
rmse: 0.5794
mae: 0.4753
Validation Results:
r2: 0.3671
rmse: 0.5727
mae: 0.4591
Test Results:
r2: 0.0664
rmse: 0.6958
mae: 0.5629
7/51
train r2: 0.8018623758197886, valid r2: 0.6342591564070381, test r2: 0.5391460417091993
Training Results:
r2: 0.8019
rmse: 0.3617
mae: 0.2769
Validation Results:
r2: 0.6343
rmse: 0.4354
mae: 0.3413
Test Results:
r2: 0.5391
rmse: 0.4889
mae: 0.3933
8/51
train r2: 0.8556987121312855, valid r2: 0.6399895859797109, test r2: 0.6210140742911604
Training Results:
r2: 0.8557
rmse: 0.3094
mae: 0.2309
Validation Results:
r2: 0.6400
rmse: 0.4319
mae: 0.3335
Test Results:
r2: 0.6210
rmse: 0.4433
mae: 0.3432
9/51
train r2: 0.8787241644812491, valid r2: 0.6243669238058722, test r2: 0.6001764234635543
Training Results:
r2: 0.8787
rmse: 0.2839
mae: 0.2140
Validation Results:
r2: 0.6244
rmse: 0.4412
mae: 0.3435
Test Results:
r2: 0.6002
rmse: 0.4553
mae: 0.3544
10/51
train r2: 0.8615112208373887, valid r2: 0.5850429305886189, test r2: 0.5736576079602078
Training Results:
r2: 0.8615
rmse: 0.3031
mae: 0.2294
Validation Results:
r2: 0.5850
rmse: 0.4637
mae: 0.3686
Test Results:
r2: 0.5737
rmse: 0.4702
mae: 0.3729
11/51
train r2: 0.9077408740853509, valid r2: 0.6570194710116014, test r2: 0.5150149872049026
Training Results:
r2: 0.9077
rmse: 0.2473
mae: 0.1806
Validation Results:
r2: 0.6570
rmse: 0.4216
mae: 0.3162
Test Results:
r2: 0.5150
rmse: 0.5015
mae: 0.3859
12/51
train r2: 0.9190889439680593, valid r2: 0.6751635287521882, test r2: 0.5772339852201303
Training Results:
r2: 0.9191
rmse: 0.2312
mae: 0.1664
Validation Results:
r2: 0.6752
rmse: 0.4103
mae: 0.3072
Test Results:
r2: 0.5772
rmse: 0.4682
mae: 0.3622
13/51
train r2: 0.9311014990070692, valid r2: 0.6650604911468345, test r2: 0.6177004464396656
Training Results:
r2: 0.9311
rmse: 0.2137
mae: 0.1497
Validation Results:
r2: 0.6651
rmse: 0.4166
mae: 0.3134
Test Results:
r2: 0.6177
rmse: 0.4452
mae: 0.3383
14/51
train r2: 0.9488628184374088, valid r2: 0.6430060240072223, test r2: 0.6227471300634844
Training Results:
r2: 0.9489
rmse: 0.1835
mae: 0.1385
Validation Results:
r2: 0.6430
rmse: 0.4301
mae: 0.3262
Test Results:
r2: 0.6227
rmse: 0.4423
mae: 0.3469
15/51
train r2: 0.942293010331035, valid r2: 0.6309992946848598, test r2: 0.5824222255268009
Training Results:
r2: 0.9423
rmse: 0.1958
mae: 0.1484
Validation Results:
r2: 0.6310
rmse: 0.4373
mae: 0.3208
Test Results:
r2: 0.5824
rmse: 0.4653
mae: 0.3572
16/51
train r2: 0.958765350534147, valid r2: 0.6530200860875883, test r2: 0.6349540179052653
Training Results:
r2: 0.9588
rmse: 0.1647
mae: 0.1230
Validation Results:
r2: 0.6530
rmse: 0.4241
mae: 0.3231
Test Results:
r2: 0.6350
rmse: 0.4351
mae: 0.3445
17/51
train r2: 0.9736385652930493, valid r2: 0.6281621931440726, test r2: 0.6123743968881954
Training Results:
r2: 0.9736
rmse: 0.1323
mae: 0.0971
Validation Results:
r2: 0.6282
rmse: 0.4390
mae: 0.3355
Test Results:
r2: 0.6124
rmse: 0.4483
mae: 0.3425
18/51
train r2: 0.9664027142431084, valid r2: 0.6242252851056642, test r2: 0.6718881702309069
Training Results:
r2: 0.9664
rmse: 0.1498
mae: 0.1234
Validation Results:
r2: 0.6242
rmse: 0.4413
mae: 0.3310
Test Results:
r2: 0.6719
rmse: 0.4125
mae: 0.3154
19/51
train r2: 0.9803362498813465, valid r2: 0.6179329609627531, test r2: 0.6212221934937374
Training Results:
r2: 0.9803
rmse: 0.1135
mae: 0.0859
Validation Results:
r2: 0.6179
rmse: 0.4450
mae: 0.3320
Test Results:
r2: 0.6212
rmse: 0.4432
mae: 0.3488
20/51
train r2: 0.9870896442392092, valid r2: 0.6179676677962225, test r2: 0.6346018582526609
Training Results:
r2: 0.9871
rmse: 0.0924
mae: 0.0698
Validation Results:
r2: 0.6180
rmse: 0.4450
mae: 0.3297
Test Results:
r2: 0.6346
rmse: 0.4353
mae: 0.3420
21/51
train r2: 0.991510100155766, valid r2: 0.6162172559863048, test r2: 0.6307042959048909
Training Results:
r2: 0.9915
rmse: 0.0745
mae: 0.0556
Validation Results:
r2: 0.6162
rmse: 0.4460
mae: 0.3322
Test Results:
r2: 0.6307
rmse: 0.4376
mae: 0.3441
22/51
train r2: 0.9910763550158295, valid r2: 0.6519460740609928, test r2: 0.6350108078438039
Training Results:
r2: 0.9911
rmse: 0.0769
mae: 0.0605
Validation Results:
r2: 0.6519
rmse: 0.4247
mae: 0.3170
Test Results:
r2: 0.6350
rmse: 0.4351
mae: 0.3367
23/51
train r2: 0.9934509983031793, valid r2: 0.6349693687378688, test r2: 0.6461196020147579
Training Results:
r2: 0.9935
rmse: 0.0655
mae: 0.0494
Validation Results:
r2: 0.6350
rmse: 0.4349
mae: 0.3283
Test Results:
r2: 0.6461
rmse: 0.4284
mae: 0.3415
24/51
train r2: 0.9918685007491571, valid r2: 0.6287294086664306, test r2: 0.6333699579279339
Training Results:
r2: 0.9919
rmse: 0.0732
mae: 0.0558
Validation Results:
r2: 0.6287
rmse: 0.4386
mae: 0.3253
Test Results:
r2: 0.6334
rmse: 0.4360
mae: 0.3370
25/51
train r2: 0.9958912329106754, valid r2: 0.6218679480561368, test r2: 0.6436328288456573
Training Results:
r2: 0.9959
rmse: 0.0521
mae: 0.0392
Validation Results:
r2: 0.6219
rmse: 0.4427
mae: 0.3281
Test Results:
r2: 0.6436
rmse: 0.4299
mae: 0.3366
26/51
train r2: 0.9963187503837762, valid r2: 0.6172876602367872, test r2: 0.6347822691004129
Training Results:
r2: 0.9963
rmse: 0.0494
mae: 0.0347
Validation Results:
r2: 0.6173
rmse: 0.4454
mae: 0.3324
Test Results:
r2: 0.6348
rmse: 0.4352
mae: 0.3416
27/51
train r2: 0.9966342387790809, valid r2: 0.6140061768909992, test r2: 0.6402966637747294
Training Results:
r2: 0.9966
rmse: 0.0471
mae: 0.0356
Validation Results:
r2: 0.6140
rmse: 0.4473
mae: 0.3328
Test Results:
r2: 0.6403
rmse: 0.4319
mae: 0.3419
28/51
train r2: 0.9969122716616367, valid r2: 0.619000628121783, test r2: 0.644862387022865
Training Results:
r2: 0.9969
rmse: 0.0453
mae: 0.0320
Validation Results:
r2: 0.6190
rmse: 0.4444
mae: 0.3290
Test Results:
r2: 0.6449
rmse: 0.4291
mae: 0.3352
29/51
train r2: 0.9972311710129591, valid r2: 0.6238590123766559, test r2: 0.6357388890731943
Training Results:
r2: 0.9972
rmse: 0.0428
mae: 0.0332
Validation Results:
r2: 0.6239
rmse: 0.4415
mae: 0.3276
Test Results:
r2: 0.6357
rmse: 0.4346
mae: 0.3389
30/51
train r2: 0.9984619621623125, valid r2: 0.6184482690748224, test r2: 0.6476727915897937
Training Results:
r2: 0.9985
rmse: 0.0320
mae: 0.0234
Validation Results:
r2: 0.6184
rmse: 0.4447
mae: 0.3310
Test Results:
r2: 0.6477
rmse: 0.4274
mae: 0.3357
31/51
train r2: 0.9986237420118478, valid r2: 0.6179388847159832, test r2: 0.6333173182859693
Training Results:
r2: 0.9986
rmse: 0.0302
mae: 0.0215
Validation Results:
r2: 0.6179
rmse: 0.4450
mae: 0.3292
Test Results:
r2: 0.6333
rmse: 0.4361
mae: 0.3403
32/51
train r2: 0.9980311472884049, valid r2: 0.6275369517301568, test r2: 0.6393636215373266
Training Results:
r2: 0.9980
rmse: 0.0361
mae: 0.0290
Validation Results:
r2: 0.6275
rmse: 0.4394
mae: 0.3259
Test Results:
r2: 0.6394
rmse: 0.4325
mae: 0.3357
break!
train: 0.9191, val: 0.6752, test: 0.5772
end_test_result: (0.5772339852201303, 0.46822190284729004, 0.3621705174446106)
args.seed: 2034
use label scaler
use label scaler
use label scaler
model have 90.143705M paramerters in total
train_dataset.mean: tensor([-6.1612]) train_dataset.std: tensor([0.8128])
1/51
train r2: 0.32976039767210874, valid r2: 0.18088021028539958, test r2: 0.23616568291380502
Training Results:
r2: 0.3298
rmse: 0.6657
mae: 0.5686
Validation Results:
r2: 0.1809
rmse: 0.6515
mae: 0.5724
Test Results:
r2: 0.2362
rmse: 0.6294
mae: 0.5360
2/51
train r2: 0.50884622167047, valid r2: 0.37472067489864214, test r2: 0.21744446515099902
Training Results:
r2: 0.5088
rmse: 0.5652
mae: 0.4387
Validation Results:
r2: 0.3747
rmse: 0.5693
mae: 0.4392
Test Results:
r2: 0.2174
rmse: 0.6370
mae: 0.5293
3/51
train r2: 0.553730304524624, valid r2: 0.4922301692720952, test r2: 0.2938253906234327
Training Results:
r2: 0.5537
rmse: 0.5428
mae: 0.4080
Validation Results:
r2: 0.4922
rmse: 0.5130
mae: 0.3790
Test Results:
r2: 0.2938
rmse: 0.6051
mae: 0.4841
4/51
train r2: 0.7142096335801857, valid r2: 0.49342271877897137, test r2: 0.521579147747647
Training Results:
r2: 0.7142
rmse: 0.4357
mae: 0.3483
Validation Results:
r2: 0.4934
rmse: 0.5124
mae: 0.4151
Test Results:
r2: 0.5216
rmse: 0.4981
mae: 0.3960
5/51
train r2: 0.7759456113021825, valid r2: 0.5631264442496742, test r2: 0.5439267119656137
Training Results:
r2: 0.7759
rmse: 0.3848
mae: 0.2972
Validation Results:
r2: 0.5631
rmse: 0.4758
mae: 0.3655
Test Results:
r2: 0.5439
rmse: 0.4863
mae: 0.3860
6/51
train r2: 0.783361907858405, valid r2: 0.5546752360828162, test r2: 0.5144676478001234
Training Results:
r2: 0.7834
rmse: 0.3774
mae: 0.2933
Validation Results:
r2: 0.5547
rmse: 0.4804
mae: 0.3729
Test Results:
r2: 0.5145
rmse: 0.5018
mae: 0.3941
7/51
train r2: 0.8035761789153595, valid r2: 0.5620439619175944, test r2: 0.5876683759737467
Training Results:
r2: 0.8036
rmse: 0.3603
mae: 0.2896
Validation Results:
r2: 0.5620
rmse: 0.4764
mae: 0.3797
Test Results:
r2: 0.5877
rmse: 0.4624
mae: 0.3798
8/51
train r2: 0.849402325879793, valid r2: 0.637260720868709, test r2: 0.5672319528616059
Training Results:
r2: 0.8494
rmse: 0.3155
mae: 0.2364
Validation Results:
r2: 0.6373
rmse: 0.4336
mae: 0.3359
Test Results:
r2: 0.5672
rmse: 0.4737
mae: 0.3889
9/51
train r2: 0.8799187581123568, valid r2: 0.6573599981421683, test r2: 0.5905808434474742
Training Results:
r2: 0.8799
rmse: 0.2818
mae: 0.2105
Validation Results:
r2: 0.6574
rmse: 0.4214
mae: 0.3342
Test Results:
r2: 0.5906
rmse: 0.4608
mae: 0.3626
10/51
train r2: 0.8613353483558417, valid r2: 0.5932191785379342, test r2: 0.5635944745911314
Training Results:
r2: 0.8613
rmse: 0.3038
mae: 0.2363
Validation Results:
r2: 0.5932
rmse: 0.4591
mae: 0.3468
Test Results:
r2: 0.5636
rmse: 0.4757
mae: 0.3703
11/51
train r2: 0.9132338048566562, valid r2: 0.6772434518845043, test r2: 0.5850458048264551
Training Results:
r2: 0.9132
rmse: 0.2392
mae: 0.1789
Validation Results:
r2: 0.6772
rmse: 0.4090
mae: 0.3023
Test Results:
r2: 0.5850
rmse: 0.4639
mae: 0.3584
12/51
train r2: 0.9383032010974536, valid r2: 0.672331445223081, test r2: 0.6100290571985463
Training Results:
r2: 0.9383
rmse: 0.2027
mae: 0.1498
Validation Results:
r2: 0.6723
rmse: 0.4121
mae: 0.3080
Test Results:
r2: 0.6100
rmse: 0.4497
mae: 0.3555
13/51
train r2: 0.9142469627804002, valid r2: 0.5673055595896649, test r2: 0.5407186167970099
Training Results:
r2: 0.9142
rmse: 0.2378
mae: 0.1911
Validation Results:
r2: 0.5673
rmse: 0.4735
mae: 0.3637
Test Results:
r2: 0.5407
rmse: 0.4880
mae: 0.4004
14/51
train r2: 0.9439119530662734, valid r2: 0.6424005138285973, test r2: 0.6080953932405417
Training Results:
r2: 0.9439
rmse: 0.1920
mae: 0.1437
Validation Results:
r2: 0.6424
rmse: 0.4305
mae: 0.3230
Test Results:
r2: 0.6081
rmse: 0.4508
mae: 0.3663
15/51
train r2: 0.9627724769059421, valid r2: 0.6515589834509203, test r2: 0.5431797457933424
Training Results:
r2: 0.9628
rmse: 0.1562
mae: 0.1134
Validation Results:
r2: 0.6516
rmse: 0.4249
mae: 0.3159
Test Results:
r2: 0.5432
rmse: 0.4867
mae: 0.3755
16/51
train r2: 0.9611981823415385, valid r2: 0.6453871659255213, test r2: 0.582570146913766
Training Results:
r2: 0.9612
rmse: 0.1604
mae: 0.1224
Validation Results:
r2: 0.6454
rmse: 0.4287
mae: 0.3243
Test Results:
r2: 0.5826
rmse: 0.4653
mae: 0.3703
17/51
train r2: 0.9716467316761871, valid r2: 0.6555475364945139, test r2: 0.5741159093902591
Training Results:
r2: 0.9716
rmse: 0.1372
mae: 0.1076
Validation Results:
r2: 0.6555
rmse: 0.4225
mae: 0.3150
Test Results:
r2: 0.5741
rmse: 0.4699
mae: 0.3655
18/51
train r2: 0.9812973359400996, valid r2: 0.6476721112117778, test r2: 0.5982161431318909
Training Results:
r2: 0.9813
rmse: 0.1110
mae: 0.0839
Validation Results:
r2: 0.6477
rmse: 0.4273
mae: 0.3226
Test Results:
r2: 0.5982
rmse: 0.4565
mae: 0.3568
19/51
train r2: 0.9843955289170438, valid r2: 0.6514975819317121, test r2: 0.5838693571652562
Training Results:
r2: 0.9844
rmse: 0.1012
mae: 0.0767
Validation Results:
r2: 0.6515
rmse: 0.4250
mae: 0.3135
Test Results:
r2: 0.5839
rmse: 0.4645
mae: 0.3729
20/51
train r2: 0.9844542230146028, valid r2: 0.6389025010489737, test r2: 0.6113557138307354
Training Results:
r2: 0.9845
rmse: 0.1007
mae: 0.0779
Validation Results:
r2: 0.6389
rmse: 0.4326
mae: 0.3260
Test Results:
r2: 0.6114
rmse: 0.4489
mae: 0.3554
21/51
train r2: 0.9880223293732695, valid r2: 0.6475525893319884, test r2: 0.5930925020140466
Training Results:
r2: 0.9880
rmse: 0.0889
mae: 0.0671
Validation Results:
r2: 0.6476
rmse: 0.4274
mae: 0.3234
Test Results:
r2: 0.5931
rmse: 0.4594
mae: 0.3609
22/51
train r2: 0.9915633925963668, valid r2: 0.6601898195647378, test r2: 0.614739842203941
Training Results:
r2: 0.9916
rmse: 0.0747
mae: 0.0577
Validation Results:
r2: 0.6602
rmse: 0.4197
mae: 0.3129
Test Results:
r2: 0.6147
rmse: 0.4470
mae: 0.3494
23/51
train r2: 0.990808853745509, valid r2: 0.6600626460231662, test r2: 0.5993646900441392
Training Results:
r2: 0.9908
rmse: 0.0778
mae: 0.0608
Validation Results:
r2: 0.6601
rmse: 0.4197
mae: 0.3134
Test Results:
r2: 0.5994
rmse: 0.4558
mae: 0.3509
24/51
train r2: 0.9947286428284957, valid r2: 0.6572506180307409, test r2: 0.60656158997067
Training Results:
r2: 0.9947
rmse: 0.0592
mae: 0.0442
Validation Results:
r2: 0.6573
rmse: 0.4215
mae: 0.3149
Test Results:
r2: 0.6066
rmse: 0.4517
mae: 0.3547
25/51
train r2: 0.9961047262147299, valid r2: 0.6436871895485525, test r2: 0.6028806843501964
Training Results:
r2: 0.9961
rmse: 0.0508
mae: 0.0370
Validation Results:
r2: 0.6437
rmse: 0.4297
mae: 0.3201
Test Results:
r2: 0.6029
rmse: 0.4538
mae: 0.3530
26/51
train r2: 0.9971163615345496, valid r2: 0.6523869873644779, test r2: 0.6053479923305949
Training Results:
r2: 0.9971
rmse: 0.0436
mae: 0.0312
Validation Results:
r2: 0.6524
rmse: 0.4244
mae: 0.3165
Test Results:
r2: 0.6053
rmse: 0.4524
mae: 0.3545
27/51
train r2: 0.9975331774819161, valid r2: 0.648526773445397, test r2: 0.6027990142056487
Training Results:
r2: 0.9975
rmse: 0.0403
mae: 0.0297
Validation Results:
r2: 0.6485
rmse: 0.4268
mae: 0.3195
Test Results:
r2: 0.6028
rmse: 0.4538
mae: 0.3551
28/51
train r2: 0.9978904753925313, valid r2: 0.6503878783743051, test r2: 0.6063889660566555
Training Results:
r2: 0.9979
rmse: 0.0375
mae: 0.0262
Validation Results:
r2: 0.6504
rmse: 0.4257
mae: 0.3173
Test Results:
r2: 0.6064
rmse: 0.4518
mae: 0.3537
29/51
train r2: 0.998235896511872, valid r2: 0.6518290144048347, test r2: 0.6045117733696488
Training Results:
r2: 0.9982
rmse: 0.0341
mae: 0.0236
Validation Results:
r2: 0.6518
rmse: 0.4248
mae: 0.3164
Test Results:
r2: 0.6045
rmse: 0.4529
mae: 0.3515
30/51
train r2: 0.9981045795662468, valid r2: 0.6479624270408231, test r2: 0.5965608965225828
Training Results:
r2: 0.9981
rmse: 0.0354
mae: 0.0261
Validation Results:
r2: 0.6480
rmse: 0.4271
mae: 0.3192
Test Results:
r2: 0.5966
rmse: 0.4574
mae: 0.3584
31/51
train r2: 0.9989697370604741, valid r2: 0.6517631211405093, test r2: 0.5981657007525467
Training Results:
r2: 0.9990
rmse: 0.0261
mae: 0.0181
Validation Results:
r2: 0.6518
rmse: 0.4248
mae: 0.3165
Test Results:
r2: 0.5982
rmse: 0.4565
mae: 0.3542
break!
train: 0.9132, val: 0.6772, test: 0.5850
end_test_result: (0.5850458048264551, 0.46387580037117004, 0.3584037721157074)
args.seed: 2044
use label scaler
use label scaler
use label scaler
model have 90.143705M paramerters in total
train_dataset.mean: tensor([-6.1612]) train_dataset.std: tensor([0.8128])
1/51
train r2: 0.3510160040766114, valid r2: 0.17243807284706458, test r2: 0.13608407053888327
Training Results:
r2: 0.3510
rmse: 0.6565
mae: 0.5519
Validation Results:
r2: 0.1724
rmse: 0.6549
mae: 0.5580
Test Results:
r2: 0.1361
rmse: 0.6693
mae: 0.5677
2/51
train r2: 0.5894195471720565, valid r2: 0.4121872176242962, test r2: 0.349762236165175
Training Results:
r2: 0.5894
rmse: 0.5212
mae: 0.4129
Validation Results:
r2: 0.4122
rmse: 0.5519
mae: 0.4551
Test Results:
r2: 0.3498
rmse: 0.5807
mae: 0.4698
3/51
train r2: 0.6651590284485691, valid r2: 0.5225334522958043, test r2: 0.4455599071143952
Training Results:
r2: 0.6652
rmse: 0.4719
mae: 0.3590
Validation Results:
r2: 0.5225
rmse: 0.4974
mae: 0.3734
Test Results:
r2: 0.4456
rmse: 0.5362
mae: 0.4325
4/51
train r2: 0.7408683454045195, valid r2: 0.5006865940897, test r2: 0.5227922578907145
Training Results:
r2: 0.7409
rmse: 0.4149
mae: 0.3207
Validation Results:
r2: 0.5007
rmse: 0.5087
mae: 0.3799
Test Results:
r2: 0.5228
rmse: 0.4975
mae: 0.3941
5/51
train r2: 0.7157742770075344, valid r2: 0.46036737206021006, test r2: 0.5070820803009412
Training Results:
r2: 0.7158
rmse: 0.4324
mae: 0.3419
Validation Results:
r2: 0.4604
rmse: 0.5288
mae: 0.4079
Test Results:
r2: 0.5071
rmse: 0.5056
mae: 0.4043
6/51
train r2: 0.7661819685345269, valid r2: 0.4815117962779851, test r2: 0.5320758331022151
Training Results:
r2: 0.7662
rmse: 0.3910
mae: 0.3138
Validation Results:
r2: 0.4815
rmse: 0.5184
mae: 0.4093
Test Results:
r2: 0.5321
rmse: 0.4926
mae: 0.3936
7/51
train r2: 0.8168323224834437, valid r2: 0.6263135505471593, test r2: 0.5838191853250523
Training Results:
r2: 0.8168
rmse: 0.3476
mae: 0.2602
Validation Results:
r2: 0.6263
rmse: 0.4401
mae: 0.3300
Test Results:
r2: 0.5838
rmse: 0.4646
mae: 0.3649
8/51
train r2: 0.7918442542077174, valid r2: 0.515043679877654, test r2: 0.5253341345230264
Training Results:
r2: 0.7918
rmse: 0.3691
mae: 0.2983
Validation Results:
r2: 0.5150
rmse: 0.5013
mae: 0.4041
Test Results:
r2: 0.5253
rmse: 0.4961
mae: 0.4119
9/51
train r2: 0.8680138890339242, valid r2: 0.5909677369587123, test r2: 0.5045125708999083
Training Results:
r2: 0.8680
rmse: 0.2953
mae: 0.2247
Validation Results:
r2: 0.5910
rmse: 0.4604
mae: 0.3506
Test Results:
r2: 0.5045
rmse: 0.5069
mae: 0.4041
10/51
train r2: 0.8901385278765326, valid r2: 0.6390495869993394, test r2: 0.6393572199420795
Training Results:
r2: 0.8901
rmse: 0.2702
mae: 0.2024
Validation Results:
r2: 0.6390
rmse: 0.4325
mae: 0.3270
Test Results:
r2: 0.6394
rmse: 0.4325
mae: 0.3430
11/51
train r2: 0.9061066711582124, valid r2: 0.5853170091285398, test r2: 0.5468222791247632
Training Results:
r2: 0.9061
rmse: 0.2485
mae: 0.1875
Validation Results:
r2: 0.5853
rmse: 0.4636
mae: 0.3567
Test Results:
r2: 0.5468
rmse: 0.4848
mae: 0.3789
12/51
train r2: 0.9213172365187536, valid r2: 0.6379050962770001, test r2: 0.5653499723679365
Training Results:
r2: 0.9213
rmse: 0.2280
mae: 0.1732
Validation Results:
r2: 0.6379
rmse: 0.4332
mae: 0.3373
Test Results:
r2: 0.5653
rmse: 0.4748
mae: 0.3751
13/51
train r2: 0.8995987881269597, valid r2: 0.5582269785475344, test r2: 0.5577212898746764
Training Results:
r2: 0.8996
rmse: 0.2579
mae: 0.1926
Validation Results:
r2: 0.5582
rmse: 0.4785
mae: 0.3600
Test Results:
r2: 0.5577
rmse: 0.4789
mae: 0.3790
14/51
train r2: 0.9080538383284069, valid r2: 0.5492358049396525, test r2: 0.5390194293821342
Training Results:
r2: 0.9081
rmse: 0.2470
mae: 0.1917
Validation Results:
r2: 0.5492
rmse: 0.4833
mae: 0.3629
Test Results:
r2: 0.5390
rmse: 0.4889
mae: 0.3919
15/51
train r2: 0.9634446178803745, valid r2: 0.6573740389480272, test r2: 0.5354801790310963
Training Results:
r2: 0.9634
rmse: 0.1556
mae: 0.1131
Validation Results:
r2: 0.6574
rmse: 0.4214
mae: 0.3170
Test Results:
r2: 0.5355
rmse: 0.4908
mae: 0.3823
16/51
train r2: 0.9729258156336533, valid r2: 0.644846313065915, test r2: 0.6042797617376852
Training Results:
r2: 0.9729
rmse: 0.1342
mae: 0.0999
Validation Results:
r2: 0.6448
rmse: 0.4290
mae: 0.3261
Test Results:
r2: 0.6043
rmse: 0.4530
mae: 0.3629
17/51
train r2: 0.9807254884134392, valid r2: 0.6272663300853186, test r2: 0.5479218217203101
Training Results:
r2: 0.9807
rmse: 0.1128
mae: 0.0849
Validation Results:
r2: 0.6273
rmse: 0.4395
mae: 0.3287
Test Results:
r2: 0.5479
rmse: 0.4842
mae: 0.3840
18/51
train r2: 0.9832517335841897, valid r2: 0.6497456362378096, test r2: 0.5826497397964381
Training Results:
r2: 0.9833
rmse: 0.1050
mae: 0.0795
Validation Results:
r2: 0.6497
rmse: 0.4261
mae: 0.3244
Test Results:
r2: 0.5826
rmse: 0.4652
mae: 0.3738
19/51
train r2: 0.9844496457275754, valid r2: 0.6255701402359612, test r2: 0.579287946359815
Training Results:
r2: 0.9844
rmse: 0.1017
mae: 0.0771
Validation Results:
r2: 0.6256
rmse: 0.4405
mae: 0.3339
Test Results:
r2: 0.5793
rmse: 0.4671
mae: 0.3683
20/51
train r2: 0.9912036086260662, valid r2: 0.6326700534722698, test r2: 0.5997222205234943
Training Results:
r2: 0.9912
rmse: 0.0762
mae: 0.0582
Validation Results:
r2: 0.6327
rmse: 0.4363
mae: 0.3267
Test Results:
r2: 0.5997
rmse: 0.4556
mae: 0.3557
21/51
train r2: 0.9941246623648168, valid r2: 0.629557939505897, test r2: 0.5680302947118958
Training Results:
r2: 0.9941
rmse: 0.0624
mae: 0.0456
Validation Results:
r2: 0.6296
rmse: 0.4382
mae: 0.3260
Test Results:
r2: 0.5680
rmse: 0.4733
mae: 0.3704
22/51
train r2: 0.9946768206586556, valid r2: 0.6191783040862268, test r2: 0.5967576889898262
Training Results:
r2: 0.9947
rmse: 0.0594
mae: 0.0440
Validation Results:
r2: 0.6192
rmse: 0.4443
mae: 0.3325
Test Results:
r2: 0.5968
rmse: 0.4573
mae: 0.3640
23/51
train r2: 0.9954106036681889, valid r2: 0.6252668471718525, test r2: 0.5570432567460861
Training Results:
r2: 0.9954
rmse: 0.0552
mae: 0.0414
Validation Results:
r2: 0.6253
rmse: 0.4407
mae: 0.3276
Test Results:
r2: 0.5570
rmse: 0.4793
mae: 0.3783
24/51
train r2: 0.9948430299873268, valid r2: 0.6050189502797871, test r2: 0.5850069570339442
Training Results:
r2: 0.9948
rmse: 0.0582
mae: 0.0430
Validation Results:
r2: 0.6050
rmse: 0.4524
mae: 0.3364
Test Results:
r2: 0.5850
rmse: 0.4639
mae: 0.3653
25/51
train r2: 0.9966538260844294, valid r2: 0.6202819873883353, test r2: 0.5758703124528473
Training Results:
r2: 0.9967
rmse: 0.0470
mae: 0.0347
Validation Results:
r2: 0.6203
rmse: 0.4436
mae: 0.3294
Test Results:
r2: 0.5759
rmse: 0.4690
mae: 0.3693
26/51
train r2: 0.9974275354290434, valid r2: 0.619389344882713, test r2: 0.5716870431452024
Training Results:
r2: 0.9974
rmse: 0.0413
mae: 0.0298
Validation Results:
r2: 0.6194
rmse: 0.4441
mae: 0.3289
Test Results:
r2: 0.5717
rmse: 0.4713
mae: 0.3694
27/51
train r2: 0.9981453960191932, valid r2: 0.6232551893723319, test r2: 0.5651433281413603
Training Results:
r2: 0.9981
rmse: 0.0350
mae: 0.0243
Validation Results:
r2: 0.6233
rmse: 0.4419
mae: 0.3279
Test Results:
r2: 0.5651
rmse: 0.4749
mae: 0.3739
28/51
train r2: 0.9979645194853315, valid r2: 0.6271389076412723, test r2: 0.567107571243153
Training Results:
r2: 0.9980
rmse: 0.0365
mae: 0.0275
Validation Results:
r2: 0.6271
rmse: 0.4396
mae: 0.3281
Test Results:
r2: 0.5671
rmse: 0.4738
mae: 0.3729
29/51
train r2: 0.9985623055556491, valid r2: 0.6219132928003741, test r2: 0.5686028134152463
Training Results:
r2: 0.9986
rmse: 0.0309
mae: 0.0218
Validation Results:
r2: 0.6219
rmse: 0.4427
mae: 0.3273
Test Results:
r2: 0.5686
rmse: 0.4730
mae: 0.3708
30/51
train r2: 0.9988009281271869, valid r2: 0.6237717318703686, test r2: 0.5686516491444351
Training Results:
r2: 0.9988
rmse: 0.0281
mae: 0.0190
Validation Results:
r2: 0.6238
rmse: 0.4416
mae: 0.3256
Test Results:
r2: 0.5687
rmse: 0.4730
mae: 0.3706
31/51
train r2: 0.9989858546529945, valid r2: 0.6259910427645565, test r2: 0.5694831993491842
Training Results:
r2: 0.9990
rmse: 0.0259
mae: 0.0182
Validation Results:
r2: 0.6260
rmse: 0.4403
mae: 0.3263
Test Results:
r2: 0.5695
rmse: 0.4725
mae: 0.3723
32/51
train r2: 0.9988236418215634, valid r2: 0.621859737833631, test r2: 0.5643995405256355
Training Results:
r2: 0.9988
rmse: 0.0279
mae: 0.0206
Validation Results:
r2: 0.6219
rmse: 0.4427
mae: 0.3261
Test Results:
r2: 0.5644
rmse: 0.4753
mae: 0.3720
33/51
train r2: 0.9992666297870613, valid r2: 0.6241627504743972, test r2: 0.5696632063138867
Training Results:
r2: 0.9993
rmse: 0.0219
mae: 0.0155
Validation Results:
r2: 0.6242
rmse: 0.4413
mae: 0.3260
Test Results:
r2: 0.5697
rmse: 0.4724
mae: 0.3709
34/51
train r2: 0.9994374573885327, valid r2: 0.6239294905916707, test r2: 0.5672118191773479
Training Results:
r2: 0.9994
rmse: 0.0193
mae: 0.0131
Validation Results:
r2: 0.6239
rmse: 0.4415
mae: 0.3269
Test Results:
r2: 0.5672
rmse: 0.4737
mae: 0.3719
35/51
train r2: 0.9994274977241538, valid r2: 0.6239015515005601, test r2: 0.5667829258821493
Training Results:
r2: 0.9994
rmse: 0.0194
mae: 0.0128
Validation Results:
r2: 0.6239
rmse: 0.4415
mae: 0.3270
Test Results:
r2: 0.5668
rmse: 0.4740
mae: 0.3726
break!
train: 0.9634, val: 0.6574, test: 0.5355
end_test_result: (0.5354801790310963, 0.49079909920692444, 0.38234567642211914)
args.seed: 2054
use label scaler
use label scaler
use label scaler
model have 90.143705M paramerters in total
train_dataset.mean: tensor([-6.1612]) train_dataset.std: tensor([0.8128])
1/51
train r2: 0.314193698010898, valid r2: 0.09384175028990738, test r2: 0.2168323064654918
Training Results:
r2: 0.3142
rmse: 0.6713
mae: 0.5761
Validation Results:
r2: 0.0938
rmse: 0.6853
mae: 0.6067
Test Results:
r2: 0.2168
rmse: 0.6373
mae: 0.5452
2/51
train r2: 0.5964645847473654, valid r2: 0.4391883601403248, test r2: 0.36257336060918177
Training Results:
r2: 0.5965
rmse: 0.5121
mae: 0.4085
Validation Results:
r2: 0.4392
rmse: 0.5391
mae: 0.4307
Test Results:
r2: 0.3626
rmse: 0.5749
mae: 0.4763
3/51
train r2: 0.6858810853088863, valid r2: 0.44879161885591035, test r2: 0.38527091206590225
Training Results:
r2: 0.6859
rmse: 0.4543
mae: 0.3697
Validation Results:
r2: 0.4488
rmse: 0.5345
mae: 0.4443
Test Results:
r2: 0.3853
rmse: 0.5646
mae: 0.4552
4/51
train r2: 0.7624427326793825, valid r2: 0.5885833020511284, test r2: 0.5049825079903394
Training Results:
r2: 0.7624
rmse: 0.3960
mae: 0.3023
Validation Results:
r2: 0.5886
rmse: 0.4618
mae: 0.3589
Test Results:
r2: 0.5050
rmse: 0.5067
mae: 0.3979
5/51
train r2: 0.7873037593351021, valid r2: 0.6186274984184308, test r2: 0.5480676292319187
Training Results:
r2: 0.7873
rmse: 0.3747
mae: 0.2857
Validation Results:
r2: 0.6186
rmse: 0.4446
mae: 0.3391
Test Results:
r2: 0.5481
rmse: 0.4841
mae: 0.3948
6/51
train r2: 0.7684764670359676, valid r2: 0.5595422562599857, test r2: 0.581129461728257
Training Results:
r2: 0.7685
rmse: 0.3921
mae: 0.3048
Validation Results:
r2: 0.5595
rmse: 0.4778
mae: 0.3834
Test Results:
r2: 0.5811
rmse: 0.4661
mae: 0.3832
7/51
train r2: 0.8149948176305282, valid r2: 0.625320241136434, test r2: 0.560897948027385
Training Results:
r2: 0.8150
rmse: 0.3498
mae: 0.2633
Validation Results:
r2: 0.6253
rmse: 0.4407
mae: 0.3454
Test Results:
r2: 0.5609
rmse: 0.4772
mae: 0.3837
8/51
train r2: 0.8518177550160227, valid r2: 0.6515799600462775, test r2: 0.5345900650436748
Training Results:
r2: 0.8518
rmse: 0.3122
mae: 0.2337
Validation Results:
r2: 0.6516
rmse: 0.4249
mae: 0.3239
Test Results:
r2: 0.5346
rmse: 0.4913
mae: 0.3884
9/51
train r2: 0.8852464419435889, valid r2: 0.6585357784608833, test r2: 0.5270872503590274
Training Results:
r2: 0.8852
rmse: 0.2753
mae: 0.2029
Validation Results:
r2: 0.6585
rmse: 0.4207
mae: 0.3231
Test Results:
r2: 0.5271
rmse: 0.4952
mae: 0.3943
10/51
train r2: 0.8728518557919726, valid r2: 0.6140579068850134, test r2: 0.6337695399487739
Training Results:
r2: 0.8729
rmse: 0.2894
mae: 0.2231
Validation Results:
r2: 0.6141
rmse: 0.4472
mae: 0.3377
Test Results:
r2: 0.6338
rmse: 0.4358
mae: 0.3431
11/51
train r2: 0.8754435479492213, valid r2: 0.6062372767441524, test r2: 0.5073547372796823
Training Results:
r2: 0.8754
rmse: 0.2864
mae: 0.2201
Validation Results:
r2: 0.6062
rmse: 0.4517
mae: 0.3358
Test Results:
r2: 0.5074
rmse: 0.5054
mae: 0.3993
12/51
train r2: 0.9318948289926281, valid r2: 0.6458610912600113, test r2: 0.5705926660953045
Training Results:
r2: 0.9319
rmse: 0.2121
mae: 0.1620
Validation Results:
r2: 0.6459
rmse: 0.4284
mae: 0.3248
Test Results:
r2: 0.5706
rmse: 0.4719
mae: 0.3682
13/51
train r2: 0.949280911853038, valid r2: 0.6211842176904108, test r2: 0.5646516300675761
Training Results:
r2: 0.9493
rmse: 0.1827
mae: 0.1391
Validation Results:
r2: 0.6212
rmse: 0.4431
mae: 0.3356
Test Results:
r2: 0.5647
rmse: 0.4751
mae: 0.3706
14/51
train r2: 0.9609146635051392, valid r2: 0.6274420005076276, test r2: 0.5842546097508485
Training Results:
r2: 0.9609
rmse: 0.1610
mae: 0.1187
Validation Results:
r2: 0.6274
rmse: 0.4394
mae: 0.3282
Test Results:
r2: 0.5843
rmse: 0.4643
mae: 0.3688
15/51
train r2: 0.9487205225826754, valid r2: 0.6205171825133173, test r2: 0.571539575826878
Training Results:
r2: 0.9487
rmse: 0.1843
mae: 0.1420
Validation Results:
r2: 0.6205
rmse: 0.4435
mae: 0.3379
Test Results:
r2: 0.5715
rmse: 0.4714
mae: 0.3569
16/51
train r2: 0.9491515121768607, valid r2: 0.5960556610247411, test r2: 0.5604745517213064
Training Results:
r2: 0.9492
rmse: 0.1839
mae: 0.1473
Validation Results:
r2: 0.5961
rmse: 0.4575
mae: 0.3564
Test Results:
r2: 0.5605
rmse: 0.4774
mae: 0.3812
17/51
train r2: 0.9697467056925732, valid r2: 0.6412550744776513, test r2: 0.6026243245978191
Training Results:
r2: 0.9697
rmse: 0.1412
mae: 0.1100
Validation Results:
r2: 0.6413
rmse: 0.4312
mae: 0.3281
Test Results:
r2: 0.6026
rmse: 0.4539
mae: 0.3522
18/51
train r2: 0.984284048412526, valid r2: 0.6401190944908188, test r2: 0.5869288816588272
Training Results:
r2: 0.9843
rmse: 0.1021
mae: 0.0765
Validation Results:
r2: 0.6401
rmse: 0.4319
mae: 0.3257
Test Results:
r2: 0.5869
rmse: 0.4628
mae: 0.3608
19/51
train r2: 0.9849532111813658, valid r2: 0.6258549742933053, test r2: 0.570098081568255
Training Results:
r2: 0.9850
rmse: 0.0998
mae: 0.0735
Validation Results:
r2: 0.6259
rmse: 0.4403
mae: 0.3348
Test Results:
r2: 0.5701
rmse: 0.4722
mae: 0.3699
20/51
train r2: 0.9839816890587734, valid r2: 0.6253720177266762, test r2: 0.5527406207736386
Training Results:
r2: 0.9840
rmse: 0.1032
mae: 0.0797
Validation Results:
r2: 0.6254
rmse: 0.4406
mae: 0.3258
Test Results:
r2: 0.5527
rmse: 0.4816
mae: 0.3666
21/51
train r2: 0.9899410708228013, valid r2: 0.6310219428286512, test r2: 0.5332848031740244
Training Results:
r2: 0.9899
rmse: 0.0815
mae: 0.0593
Validation Results:
r2: 0.6310
rmse: 0.4373
mae: 0.3298
Test Results:
r2: 0.5333
rmse: 0.4920
mae: 0.3754
22/51
train r2: 0.9924129568813838, valid r2: 0.6336366384622489, test r2: 0.5551285660867373
Training Results:
r2: 0.9924
rmse: 0.0707
mae: 0.0531
Validation Results:
r2: 0.6336
rmse: 0.4357
mae: 0.3275
Test Results:
r2: 0.5551
rmse: 0.4803
mae: 0.3714
23/51
train r2: 0.9932962380228895, valid r2: 0.6302739954438898, test r2: 0.5465396623965668
Training Results:
r2: 0.9933
rmse: 0.0667
mae: 0.0512
Validation Results:
r2: 0.6303
rmse: 0.4377
mae: 0.3292
Test Results:
r2: 0.5465
rmse: 0.4849
mae: 0.3761
24/51
train r2: 0.9948188723080837, valid r2: 0.6170517989033735, test r2: 0.5774770414582584
Training Results:
r2: 0.9948
rmse: 0.0584
mae: 0.0447
Validation Results:
r2: 0.6171
rmse: 0.4455
mae: 0.3336
Test Results:
r2: 0.5775
rmse: 0.4681
mae: 0.3602
25/51
train r2: 0.9954798185435003, valid r2: 0.6314683645784511, test r2: 0.5717150365816293
Training Results:
r2: 0.9955
rmse: 0.0548
mae: 0.0422
Validation Results:
r2: 0.6315
rmse: 0.4370
mae: 0.3264
Test Results:
r2: 0.5717
rmse: 0.4713
mae: 0.3642
26/51
train r2: 0.9970207347622853, valid r2: 0.631614321371101, test r2: 0.5718082924779284
Training Results:
r2: 0.9970
rmse: 0.0444
mae: 0.0333
Validation Results:
r2: 0.6316
rmse: 0.4369
mae: 0.3261
Test Results:
r2: 0.5718
rmse: 0.4712
mae: 0.3639
27/51
train r2: 0.99739568301769, valid r2: 0.6323224373597085, test r2: 0.5737765389724492
Training Results:
r2: 0.9974
rmse: 0.0415
mae: 0.0305
Validation Results:
r2: 0.6323
rmse: 0.4365
mae: 0.3292
Test Results:
r2: 0.5738
rmse: 0.4701
mae: 0.3623
28/51
train r2: 0.9977936086791522, valid r2: 0.6371288304515691, test r2: 0.5802313895704372
Training Results:
r2: 0.9978
rmse: 0.0382
mae: 0.0271
Validation Results:
r2: 0.6371
rmse: 0.4337
mae: 0.3251
Test Results:
r2: 0.5802
rmse: 0.4666
mae: 0.3607
29/51
train r2: 0.9985191187762741, valid r2: 0.6303238967383487, test r2: 0.569021527788919
Training Results:
r2: 0.9985
rmse: 0.0313
mae: 0.0213
Validation Results:
r2: 0.6303
rmse: 0.4377
mae: 0.3275
Test Results:
r2: 0.5690
rmse: 0.4727
mae: 0.3653
break!
train: 0.8852, val: 0.6585, test: 0.5271
end_test_result: (0.5270872503590274, 0.4952131509780884, 0.39434799551963806)
args.seed: 2064
use label scaler
use label scaler
use label scaler
model have 90.143705M paramerters in total
train_dataset.mean: tensor([-6.1612]) train_dataset.std: tensor([0.8128])
1/51
train r2: 0.23126940702110466, valid r2: 0.14920157482518537, test r2: -0.08526169494344749
Training Results:
r2: 0.2313
rmse: 0.7137
mae: 0.5866
Validation Results:
r2: 0.1492
rmse: 0.6640
mae: 0.5473
Test Results:
r2: -0.0853
rmse: 0.7502
mae: 0.6309
2/51
train r2: 0.552890248986271, valid r2: 0.39589194240685166, test r2: 0.4400104138992581
Training Results:
r2: 0.5529
rmse: 0.5434
mae: 0.4445
Validation Results:
r2: 0.3959
rmse: 0.5595
mae: 0.4663
Test Results:
r2: 0.4400
rmse: 0.5389
mae: 0.4520
3/51
train r2: 0.5676685480773587, valid r2: 0.31014902329011973, test r2: 0.29914040326641633
Training Results:
r2: 0.5677
rmse: 0.5339
mae: 0.4333
Validation Results:
r2: 0.3101
rmse: 0.5979
mae: 0.4922
Test Results:
r2: 0.2991
rmse: 0.6029
mae: 0.4736
4/51
train r2: 0.5737725589860377, valid r2: 0.427750985816747, test r2: 0.3340457318776515
Training Results:
r2: 0.5738
rmse: 0.5321
mae: 0.4157
Validation Results:
r2: 0.4278
rmse: 0.5446
mae: 0.4215
Test Results:
r2: 0.3340
rmse: 0.5877
mae: 0.4810
5/51
train r2: 0.6559661234694267, valid r2: 0.5338724304717308, test r2: 0.362871983188485
Training Results:
r2: 0.6560
rmse: 0.4770
mae: 0.3839
Validation Results:
r2: 0.5339
rmse: 0.4915
mae: 0.3865
Test Results:
r2: 0.3629
rmse: 0.5748
mae: 0.4635
6/51
train r2: 0.7987956644455921, valid r2: 0.614565097962839, test r2: 0.6314930026416203
Training Results:
r2: 0.7988
rmse: 0.3653
mae: 0.2739
Validation Results:
r2: 0.6146
rmse: 0.4469
mae: 0.3495
Test Results:
r2: 0.6315
rmse: 0.4371
mae: 0.3519
7/51
train r2: 0.8304045964205102, valid r2: 0.6381577641273279, test r2: 0.5760191317809168
Training Results:
r2: 0.8304
rmse: 0.3353
mae: 0.2535
Validation Results:
r2: 0.6382
rmse: 0.4330
mae: 0.3387
Test Results:
r2: 0.5760
rmse: 0.4689
mae: 0.3790
8/51
train r2: 0.8689911469255287, valid r2: 0.6538505835217769, test r2: 0.6061591658647415
Training Results:
r2: 0.8690
rmse: 0.2946
mae: 0.2193
Validation Results:
r2: 0.6539
rmse: 0.4235
mae: 0.3229
Test Results:
r2: 0.6062
rmse: 0.4519
mae: 0.3603
9/51
train r2: 0.8904878123037019, valid r2: 0.6362533518914165, test r2: 0.5874189820247688
Training Results:
r2: 0.8905
rmse: 0.2672
mae: 0.1956
Validation Results:
r2: 0.6363
rmse: 0.4342
mae: 0.3334
Test Results:
r2: 0.5874
rmse: 0.4625
mae: 0.3574
10/51
train r2: 0.8870421768838731, valid r2: 0.6277738313354901, test r2: 0.5897520663829408
Training Results:
r2: 0.8870
rmse: 0.2733
mae: 0.2045
Validation Results:
r2: 0.6278
rmse: 0.4392
mae: 0.3427
Test Results:
r2: 0.5898
rmse: 0.4612
mae: 0.3719
11/51
train r2: 0.9309047316265107, valid r2: 0.6847769166408746, test r2: 0.5934470050338163
Training Results:
r2: 0.9309
rmse: 0.2128
mae: 0.1573
Validation Results:
r2: 0.6848
rmse: 0.4042
mae: 0.3077
Test Results:
r2: 0.5934
rmse: 0.4592
mae: 0.3612
12/51
train r2: 0.8716339684406552, valid r2: 0.521370978008666, test r2: 0.512513579852334
Training Results:
r2: 0.8716
rmse: 0.2913
mae: 0.2397
Validation Results:
r2: 0.5214
rmse: 0.4980
mae: 0.4061
Test Results:
r2: 0.5125
rmse: 0.5028
mae: 0.3987
13/51
train r2: 0.9427955323987208, valid r2: 0.6749660314483719, test r2: 0.6198071135529002
Training Results:
r2: 0.9428
rmse: 0.1949
mae: 0.1471
Validation Results:
r2: 0.6750
rmse: 0.4104
mae: 0.3050
Test Results:
r2: 0.6198
rmse: 0.4440
mae: 0.3461
14/51
train r2: 0.9439685409513277, valid r2: 0.6061185418513736, test r2: 0.5540551254731644
Training Results:
r2: 0.9440
rmse: 0.1920
mae: 0.1489
Validation Results:
r2: 0.6061
rmse: 0.4518
mae: 0.3427
Test Results:
r2: 0.5541
rmse: 0.4809
mae: 0.3878
15/51
train r2: 0.9635059779075955, valid r2: 0.6653641126704393, test r2: 0.5926144027521318
Training Results:
r2: 0.9635
rmse: 0.1557
mae: 0.1160
Validation Results:
r2: 0.6654
rmse: 0.4164
mae: 0.3186
Test Results:
r2: 0.5926
rmse: 0.4596
mae: 0.3649
16/51
train r2: 0.9631606870730974, valid r2: 0.6329870345657023, test r2: 0.5767931426691212
Training Results:
r2: 0.9632
rmse: 0.1557
mae: 0.1236
Validation Results:
r2: 0.6330
rmse: 0.4361
mae: 0.3293
Test Results:
r2: 0.5768
rmse: 0.4685
mae: 0.3593
17/51
train r2: 0.9819676544596367, valid r2: 0.6364638954509902, test r2: 0.6129401515343444
Training Results:
r2: 0.9820
rmse: 0.1094
mae: 0.0842
Validation Results:
r2: 0.6365
rmse: 0.4341
mae: 0.3250
Test Results:
r2: 0.6129
rmse: 0.4480
mae: 0.3476
18/51
train r2: 0.9839103578076451, valid r2: 0.6451686306672801, test r2: 0.5960956834922717
Training Results:
r2: 0.9839
rmse: 0.1032
mae: 0.0794
Validation Results:
r2: 0.6452
rmse: 0.4288
mae: 0.3235
Test Results:
r2: 0.5961
rmse: 0.4577
mae: 0.3575
19/51
train r2: 0.9860369314086157, valid r2: 0.643174162091112, test r2: 0.6263935228208909
Training Results:
r2: 0.9860
rmse: 0.0959
mae: 0.0722
Validation Results:
r2: 0.6432
rmse: 0.4300
mae: 0.3243
Test Results:
r2: 0.6264
rmse: 0.4402
mae: 0.3448
20/51
train r2: 0.9925564831342735, valid r2: 0.6348607276268284, test r2: 0.6124354743818645
Training Results:
r2: 0.9926
rmse: 0.0701
mae: 0.0521
Validation Results:
r2: 0.6349
rmse: 0.4350
mae: 0.3241
Test Results:
r2: 0.6124
rmse: 0.4483
mae: 0.3472
21/51
train r2: 0.993967790855784, valid r2: 0.6471993752225369, test r2: 0.6078660665111153
Training Results:
r2: 0.9940
rmse: 0.0630
mae: 0.0471
Validation Results:
r2: 0.6472
rmse: 0.4276
mae: 0.3207
Test Results:
r2: 0.6079
rmse: 0.4509
mae: 0.3477
22/51
train r2: 0.9943973771399063, valid r2: 0.6347800010486896, test r2: 0.6005733413305083
Training Results:
r2: 0.9944
rmse: 0.0609
mae: 0.0447
Validation Results:
r2: 0.6348
rmse: 0.4351
mae: 0.3255
Test Results:
r2: 0.6006
rmse: 0.4551
mae: 0.3518
23/51
train r2: 0.9954123258664535, valid r2: 0.6478587269578937, test r2: 0.6216306306589603
Training Results:
r2: 0.9954
rmse: 0.0551
mae: 0.0406
Validation Results:
r2: 0.6479
rmse: 0.4272
mae: 0.3205
Test Results:
r2: 0.6216
rmse: 0.4430
mae: 0.3423
24/51
train r2: 0.9955761854869891, valid r2: 0.6332989843274798, test r2: 0.6148216138322411
Training Results:
r2: 0.9956
rmse: 0.0539
mae: 0.0401
Validation Results:
r2: 0.6333
rmse: 0.4359
mae: 0.3259
Test Results:
r2: 0.6148
rmse: 0.4469
mae: 0.3477
25/51
train r2: 0.9959453221584362, valid r2: 0.6513129809994636, test r2: 0.6196270631724264
Training Results:
r2: 0.9959
rmse: 0.0518
mae: 0.0384
Validation Results:
r2: 0.6513
rmse: 0.4251
mae: 0.3203
Test Results:
r2: 0.6196
rmse: 0.4441
mae: 0.3435
26/51
train r2: 0.9956509356366715, valid r2: 0.6280565747750433, test r2: 0.6113248617951414
Training Results:
r2: 0.9957
rmse: 0.0534
mae: 0.0409
Validation Results:
r2: 0.6281
rmse: 0.4390
mae: 0.3267
Test Results:
r2: 0.6113
rmse: 0.4489
mae: 0.3481
27/51
train r2: 0.9977842655795578, valid r2: 0.6379360780925551, test r2: 0.6225578319626852
Training Results:
r2: 0.9978
rmse: 0.0384
mae: 0.0279
Validation Results:
r2: 0.6379
rmse: 0.4332
mae: 0.3229
Test Results:
r2: 0.6226
rmse: 0.4424
mae: 0.3429
28/51
train r2: 0.9983306952910471, valid r2: 0.6455564512678924, test r2: 0.617979098189668
Training Results:
r2: 0.9983
rmse: 0.0331
mae: 0.0230
Validation Results:
r2: 0.6456
rmse: 0.4286
mae: 0.3213
Test Results:
r2: 0.6180
rmse: 0.4451
mae: 0.3451
29/51
train r2: 0.9985344270137436, valid r2: 0.6388904153196595, test r2: 0.6141634919060996
Training Results:
r2: 0.9985
rmse: 0.0311
mae: 0.0230
Validation Results:
r2: 0.6389
rmse: 0.4326
mae: 0.3244
Test Results:
r2: 0.6142
rmse: 0.4473
mae: 0.3472
30/51
train r2: 0.9987614417561191, valid r2: 0.6411525013787243, test r2: 0.615644646305606
Training Results:
r2: 0.9988
rmse: 0.0287
mae: 0.0198
Validation Results:
r2: 0.6412
rmse: 0.4312
mae: 0.3220
Test Results:
r2: 0.6156
rmse: 0.4464
mae: 0.3461
31/51
train r2: 0.9990800302036583, valid r2: 0.6429993156979157, test r2: 0.6206010837793563
Training Results:
r2: 0.9991
rmse: 0.0247
mae: 0.0159
Validation Results:
r2: 0.6430
rmse: 0.4301
mae: 0.3208
Test Results:
r2: 0.6206
rmse: 0.4436
mae: 0.3430
break!
train: 0.9309, val: 0.6848, test: 0.5934
end_test_result: (0.5934470050338163, 0.45915600657463074, 0.36120572686195374)
Time used on CycPept_Caco2: 0:25:42
Current seed: 2044, current split method: random, current task: CycPept_Caco2
Namespace(seed=2024, times=5, n_epochs=50, config='base', model_path='../models/pretrained/base/base.pth', dataset='CycPept_Caco2', data_path='../datasets/', dataset_type='regression', use_scaler=True, metric=['r2', 'rmse', 'mae'], split='random_2044', weight_decay=0.0, dropout=0.0, lr=3e-05, n_threads=8)
args.seed: 2024
use label scaler
use label scaler
use label scaler
model have 90.143705M paramerters in total
train_dataset.mean: tensor([-6.2186]) train_dataset.std: tensor([0.7898])
1/51
train r2: 0.25921678358945666, valid r2: 0.3442958151004696, test r2: 0.3267280441105539
Training Results:
r2: 0.2592
rmse: 0.6793
mae: 0.5679
Validation Results:
r2: 0.3443
rmse: 0.6846
mae: 0.5500
Test Results:
r2: 0.3267
rmse: 0.6362
mae: 0.5271
2/51
train r2: 0.5399835462568077, valid r2: 0.522116927606431, test r2: 0.5295804797686442
Training Results:
r2: 0.5400
rmse: 0.5361
mae: 0.4400
Validation Results:
r2: 0.5221
rmse: 0.5844
mae: 0.4661
Test Results:
r2: 0.5296
rmse: 0.5318
mae: 0.4516
3/51
train r2: 0.6506543250277599, valid r2: 0.6588110806786791, test r2: 0.6120350372633857
Training Results:
r2: 0.6507
rmse: 0.4667
mae: 0.3693
Validation Results:
r2: 0.6588
rmse: 0.4938
mae: 0.4103
Test Results:
r2: 0.6120
rmse: 0.4829
mae: 0.3998
4/51
train r2: 0.7095576213244388, valid r2: 0.7065509882895977, test r2: 0.6483304124902547
Training Results:
r2: 0.7096
rmse: 0.4263
mae: 0.3279
Validation Results:
r2: 0.7066
rmse: 0.4580
mae: 0.3568
Test Results:
r2: 0.6483
rmse: 0.4598
mae: 0.3565
5/51
train r2: 0.6780598498169049, valid r2: 0.7409217765715395, test r2: 0.5640288611186611
Training Results:
r2: 0.6781
rmse: 0.4484
mae: 0.3472
Validation Results:
r2: 0.7409
rmse: 0.4303
mae: 0.3274
Test Results:
r2: 0.5640
rmse: 0.5119
mae: 0.3872
6/51
train r2: 0.7527481139328381, valid r2: 0.6622712990574362, test r2: 0.6040581166828967
Training Results:
r2: 0.7527
rmse: 0.3914
mae: 0.2973
Validation Results:
r2: 0.6623
rmse: 0.4913
mae: 0.3923
Test Results:
r2: 0.6041
rmse: 0.4879
mae: 0.3759
7/51
train r2: 0.7595924934212712, valid r2: 0.6696391215085837, test r2: 0.5918104431514091
Training Results:
r2: 0.7596
rmse: 0.3879
mae: 0.3067
Validation Results:
r2: 0.6696
rmse: 0.4859
mae: 0.3896
Test Results:
r2: 0.5918
rmse: 0.4954
mae: 0.3916
8/51
train r2: 0.7278116287913492, valid r2: 0.6293725279747657, test r2: 0.5291967565274647
Training Results:
r2: 0.7278
rmse: 0.4119
mae: 0.3379
Validation Results:
r2: 0.6294
rmse: 0.5147
mae: 0.4258
Test Results:
r2: 0.5292
rmse: 0.5320
mae: 0.4284
9/51
train r2: 0.7076618093067184, valid r2: 0.7041137333033285, test r2: 0.536849620479291
Training Results:
r2: 0.7077
rmse: 0.4286
mae: 0.3493
Validation Results:
r2: 0.7041
rmse: 0.4599
mae: 0.3613
Test Results:
r2: 0.5368
rmse: 0.5277
mae: 0.4094
10/51
train r2: 0.8789528563252295, valid r2: 0.7698085645811767, test r2: 0.6768901965959477
Training Results:
r2: 0.8790
rmse: 0.2750
mae: 0.2063
Validation Results:
r2: 0.7698
rmse: 0.4056
mae: 0.3213
Test Results:
r2: 0.6769
rmse: 0.4407
mae: 0.3285
11/51
train r2: 0.8981908355876745, valid r2: 0.7729385842085761, test r2: 0.7201534093382079
Training Results:
r2: 0.8982
rmse: 0.2521
mae: 0.1875
Validation Results:
r2: 0.7729
rmse: 0.4029
mae: 0.3034
Test Results:
r2: 0.7202
rmse: 0.4102
mae: 0.3092
12/51
train r2: 0.9219704361802711, valid r2: 0.8193447642997411, test r2: 0.6908292693323765
Training Results:
r2: 0.9220
rmse: 0.2205
mae: 0.1655
Validation Results:
r2: 0.8193
rmse: 0.3593
mae: 0.2740
Test Results:
r2: 0.6908
rmse: 0.4311
mae: 0.3307
13/51
train r2: 0.9204696750090129, valid r2: 0.8061703568394011, test r2: 0.7208251362160826
Training Results:
r2: 0.9205
rmse: 0.2228
mae: 0.1650
Validation Results:
r2: 0.8062
rmse: 0.3722
mae: 0.2809
Test Results:
r2: 0.7208
rmse: 0.4097
mae: 0.3130
14/51
train r2: 0.9476207522746858, valid r2: 0.8155159004689022, test r2: 0.7105761401128398
Training Results:
r2: 0.9476
rmse: 0.1804
mae: 0.1367
Validation Results:
r2: 0.8155
rmse: 0.3631
mae: 0.2743
Test Results:
r2: 0.7106
rmse: 0.4171
mae: 0.3055
15/51
train r2: 0.9533878296462207, valid r2: 0.8027502108026817, test r2: 0.70875398406206
Training Results:
r2: 0.9534
rmse: 0.1703
mae: 0.1259
Validation Results:
r2: 0.8028
rmse: 0.3755
mae: 0.2926
Test Results:
r2: 0.7088
rmse: 0.4184
mae: 0.3118
16/51
train r2: 0.9546273509044073, valid r2: 0.8297289114172142, test r2: 0.6967788212476953
Training Results:
r2: 0.9546
rmse: 0.1681
mae: 0.1314
Validation Results:
r2: 0.8297
rmse: 0.3489
mae: 0.2702
Test Results:
r2: 0.6968
rmse: 0.4269
mae: 0.3129
17/51
train r2: 0.9615429445789803, valid r2: 0.8290768446613079, test r2: 0.743508844718308
Training Results:
r2: 0.9615
rmse: 0.1548
mae: 0.1161
Validation Results:
r2: 0.8291
rmse: 0.3495
mae: 0.2670
Test Results:
r2: 0.7435
rmse: 0.3927
mae: 0.2880
18/51
train r2: 0.9736638797290542, valid r2: 0.8039557633038624, test r2: 0.7264158551819346
Training Results:
r2: 0.9737
rmse: 0.1283
mae: 0.0980
Validation Results:
r2: 0.8040
rmse: 0.3743
mae: 0.2827
Test Results:
r2: 0.7264
rmse: 0.4055
mae: 0.2976
19/51
train r2: 0.9861567100198007, valid r2: 0.8257304180446573, test r2: 0.7196939443703023
Training Results:
r2: 0.9862
rmse: 0.0931
mae: 0.0684
Validation Results:
r2: 0.8257
rmse: 0.3529
mae: 0.2681
Test Results:
r2: 0.7197
rmse: 0.4105
mae: 0.2967
20/51
train r2: 0.9895180625602954, valid r2: 0.8194504854768893, test r2: 0.7300571218842915
Training Results:
r2: 0.9895
rmse: 0.0806
mae: 0.0597
Validation Results:
r2: 0.8195
rmse: 0.3592
mae: 0.2659
Test Results:
r2: 0.7301
rmse: 0.4028
mae: 0.2946
21/51
train r2: 0.9842342230663343, valid r2: 0.8316948777439017, test r2: 0.6994317299543953
Training Results:
r2: 0.9842
rmse: 0.0989
mae: 0.0783
Validation Results:
r2: 0.8317
rmse: 0.3468
mae: 0.2671
Test Results:
r2: 0.6994
rmse: 0.4251
mae: 0.3129
22/51
train r2: 0.9898916943600535, valid r2: 0.8297047012928784, test r2: 0.7306073263142512
Training Results:
r2: 0.9899
rmse: 0.0797
mae: 0.0605
Validation Results:
r2: 0.8297
rmse: 0.3489
mae: 0.2677
Test Results:
r2: 0.7306
rmse: 0.4024
mae: 0.2930
23/51
train r2: 0.9926840332421314, valid r2: 0.8164060911445385, test r2: 0.7147511882195492
Training Results:
r2: 0.9927
rmse: 0.0676
mae: 0.0508
Validation Results:
r2: 0.8164
rmse: 0.3623
mae: 0.2690
Test Results:
r2: 0.7148
rmse: 0.4141
mae: 0.3035
24/51
train r2: 0.9948739905470025, valid r2: 0.8270720702720848, test r2: 0.7185604191727242
Training Results:
r2: 0.9949
rmse: 0.0565
mae: 0.0431
Validation Results:
r2: 0.8271
rmse: 0.3516
mae: 0.2666
Test Results:
r2: 0.7186
rmse: 0.4113
mae: 0.3003
25/51
train r2: 0.9956661168090951, valid r2: 0.8249943824754918, test r2: 0.7238955824740292
Training Results:
r2: 0.9957
rmse: 0.0518
mae: 0.0377
Validation Results:
r2: 0.8250
rmse: 0.3537
mae: 0.2661
Test Results:
r2: 0.7239
rmse: 0.4074
mae: 0.2990
26/51
train r2: 0.9963534168787597, valid r2: 0.8328268450087267, test r2: 0.7227783567584047
Training Results:
r2: 0.9964
rmse: 0.0475
mae: 0.0359
Validation Results:
r2: 0.8328
rmse: 0.3457
mae: 0.2584
Test Results:
r2: 0.7228
rmse: 0.4082
mae: 0.3006
27/51
train r2: 0.9975914678580237, valid r2: 0.8248446974314895, test r2: 0.7282173600642385
Training Results:
r2: 0.9976
rmse: 0.0387
mae: 0.0287
Validation Results:
r2: 0.8248
rmse: 0.3538
mae: 0.2648
Test Results:
r2: 0.7282
rmse: 0.4042
mae: 0.2974
28/51
train r2: 0.9976577354032505, valid r2: 0.8283021634999822, test r2: 0.7262996852587529
Training Results:
r2: 0.9977
rmse: 0.0381
mae: 0.0285
Validation Results:
r2: 0.8283
rmse: 0.3503
mae: 0.2620
Test Results:
r2: 0.7263
rmse: 0.4056
mae: 0.2973
29/51
train r2: 0.9985700828100632, valid r2: 0.8247040211833552, test r2: 0.7191383210325986
Training Results:
r2: 0.9986
rmse: 0.0299
mae: 0.0213
Validation Results:
r2: 0.8247
rmse: 0.3540
mae: 0.2655
Test Results:
r2: 0.7191
rmse: 0.4109
mae: 0.3020
30/51
train r2: 0.9988332463210353, valid r2: 0.8299671500002112, test r2: 0.7239310703588998
Training Results:
r2: 0.9988
rmse: 0.0270
mae: 0.0196
Validation Results:
r2: 0.8300
rmse: 0.3486
mae: 0.2615
Test Results:
r2: 0.7239
rmse: 0.4074
mae: 0.2979
31/51
train r2: 0.9989059490040444, valid r2: 0.8307998244269278, test r2: 0.7233341266531038
Training Results:
r2: 0.9989
rmse: 0.0261
mae: 0.0185
Validation Results:
r2: 0.8308
rmse: 0.3478
mae: 0.2604
Test Results:
r2: 0.7233
rmse: 0.4078
mae: 0.3004
32/51
train r2: 0.9990685897357209, valid r2: 0.8253384344008764, test r2: 0.7179620898884818
Training Results:
r2: 0.9991
rmse: 0.0242
mae: 0.0169
Validation Results:
r2: 0.8253
rmse: 0.3533
mae: 0.2640
Test Results:
r2: 0.7180
rmse: 0.4118
mae: 0.3041
33/51
train r2: 0.9992284259331224, valid r2: 0.8262736334860782, test r2: 0.7242931010511088
Training Results:
r2: 0.9992
rmse: 0.0219
mae: 0.0141
Validation Results:
r2: 0.8263
rmse: 0.3524
mae: 0.2666
Test Results:
r2: 0.7243
rmse: 0.4071
mae: 0.2985
34/51
train r2: 0.999186070199438, valid r2: 0.826457831156177, test r2: 0.7210925762664351
Training Results:
r2: 0.9992
rmse: 0.0224
mae: 0.0142
Validation Results:
r2: 0.8265
rmse: 0.3522
mae: 0.2651
Test Results:
r2: 0.7211
rmse: 0.4095
mae: 0.3013
35/51
train r2: 0.999455738133058, valid r2: 0.8265101072250686, test r2: 0.7220182580000333
Training Results:
r2: 0.9995
rmse: 0.0184
mae: 0.0117
Validation Results:
r2: 0.8265
rmse: 0.3521
mae: 0.2655
Test Results:
r2: 0.7220
rmse: 0.4088
mae: 0.3011
36/51
train r2: 0.9993985387698924, valid r2: 0.8285223600391785, test r2: 0.7232153001690944
Training Results:
r2: 0.9994
rmse: 0.0194
mae: 0.0135
Validation Results:
r2: 0.8285
rmse: 0.3501
mae: 0.2629
Test Results:
r2: 0.7232
rmse: 0.4079
mae: 0.3007
37/51
train r2: 0.9996219229426013, valid r2: 0.8250979413160815, test r2: 0.7200719114152991
Training Results:
r2: 0.9996
rmse: 0.0154
mae: 0.0096
Validation Results:
r2: 0.8251
rmse: 0.3536
mae: 0.2654
Test Results:
r2: 0.7201
rmse: 0.4102
mae: 0.3027
38/51
train r2: 0.9996236952425285, valid r2: 0.827017811516302, test r2: 0.7199650059440266
Training Results:
r2: 0.9996
rmse: 0.0153
mae: 0.0101
Validation Results:
r2: 0.8270
rmse: 0.3516
mae: 0.2645
Test Results:
r2: 0.7200
rmse: 0.4103
mae: 0.3029
39/51
train r2: 0.9995764225182442, valid r2: 0.8281707670529088, test r2: 0.7227047731554865
Training Results:
r2: 0.9996
rmse: 0.0163
mae: 0.0119
Validation Results:
r2: 0.8282
rmse: 0.3505
mae: 0.2641
Test Results:
r2: 0.7227
rmse: 0.4083
mae: 0.3017
40/51
train r2: 0.999705529536858, valid r2: 0.8260058165367633, test r2: 0.7207941564294755
Training Results:
r2: 0.9997
rmse: 0.0135
mae: 0.0081
Validation Results:
r2: 0.8260
rmse: 0.3527
mae: 0.2657
Test Results:
r2: 0.7208
rmse: 0.4097
mae: 0.3025
41/51
train r2: 0.9997321377549999, valid r2: 0.8268412671087029, test r2: 0.7196698497507428
Training Results:
r2: 0.9997
rmse: 0.0129
mae: 0.0075
Validation Results:
r2: 0.8268
rmse: 0.3518
mae: 0.2644
Test Results:
r2: 0.7197
rmse: 0.4105
mae: 0.3033
42/51
train r2: 0.9997641395470834, valid r2: 0.8264913834108103, test r2: 0.7197628858257925
Training Results:
r2: 0.9998
rmse: 0.0121
mae: 0.0067
Validation Results:
r2: 0.8265
rmse: 0.3522
mae: 0.2653
Test Results:
r2: 0.7198
rmse: 0.4104
mae: 0.3024
43/51
train r2: 0.9997549124717537, valid r2: 0.8273732307610986, test r2: 0.7210610611608466
Training Results:
r2: 0.9998
rmse: 0.0124
mae: 0.0077
Validation Results:
r2: 0.8274
rmse: 0.3513
mae: 0.2642
Test Results:
r2: 0.7211
rmse: 0.4095
mae: 0.3026
44/51
train r2: 0.9998231036468604, valid r2: 0.8262894777659168, test r2: 0.7204768093991786
Training Results:
r2: 0.9998
rmse: 0.0105
mae: 0.0054
Validation Results:
r2: 0.8263
rmse: 0.3524
mae: 0.2653
Test Results:
r2: 0.7205
rmse: 0.4099
mae: 0.3027
45/51
train r2: 0.9998275729773078, valid r2: 0.8264612414524414, test r2: 0.7208275706501321
Training Results:
r2: 0.9998
rmse: 0.0104
mae: 0.0052
Validation Results:
r2: 0.8265
rmse: 0.3522
mae: 0.2655
Test Results:
r2: 0.7208
rmse: 0.4097
mae: 0.3026
46/51
train r2: 0.9998460908701279, valid r2: 0.8266008414922491, test r2: 0.7205181681875437
Training Results:
r2: 0.9998
rmse: 0.0098
mae: 0.0041
Validation Results:
r2: 0.8266
rmse: 0.3521
mae: 0.2653
Test Results:
r2: 0.7205
rmse: 0.4099
mae: 0.3026
break!
train: 0.9964, val: 0.8328, test: 0.7228
end_test_result: (0.7227783567584047, 0.4082273244857788, 0.30061566829681396)
args.seed: 2034
use label scaler
use label scaler
use label scaler
model have 90.143705M paramerters in total
train_dataset.mean: tensor([-6.2186]) train_dataset.std: tensor([0.7898])
1/51
train r2: 0.2787616948324886, valid r2: 0.3472893470514321, test r2: 0.32610155375083283
Training Results:
r2: 0.2788
rmse: 0.6711
mae: 0.5624
Validation Results:
r2: 0.3473
rmse: 0.6830
mae: 0.5467
Test Results:
r2: 0.3261
rmse: 0.6365
mae: 0.5242
2/51
train r2: 0.5458188099280177, valid r2: 0.5731899062542309, test r2: 0.5490705995412632
Training Results:
r2: 0.5458
rmse: 0.5317
mae: 0.4230
Validation Results:
r2: 0.5732
rmse: 0.5523
mae: 0.4388
Test Results:
r2: 0.5491
rmse: 0.5206
mae: 0.4095
3/51
train r2: 0.6880627210406077, valid r2: 0.6523716846364199, test r2: 0.6618358701810882
Training Results:
r2: 0.6881
rmse: 0.4392
mae: 0.3360
Validation Results:
r2: 0.6524
rmse: 0.4985
mae: 0.3840
Test Results:
r2: 0.6618
rmse: 0.4509
mae: 0.3530
4/51
train r2: 0.6412481979167728, valid r2: 0.5676784726064783, test r2: 0.5415454374120509
Training Results:
r2: 0.6412
rmse: 0.4724
mae: 0.3891
Validation Results:
r2: 0.5677
rmse: 0.5559
mae: 0.4638
Test Results:
r2: 0.5415
rmse: 0.5250
mae: 0.4295
5/51
train r2: 0.7766505589231438, valid r2: 0.7628083991760147, test r2: 0.6538284622729595
Training Results:
r2: 0.7767
rmse: 0.3733
mae: 0.2840
Validation Results:
r2: 0.7628
rmse: 0.4117
mae: 0.3248
Test Results:
r2: 0.6538
rmse: 0.4562
mae: 0.3477
6/51
train r2: 0.7632517687235837, valid r2: 0.6577100903686695, test r2: 0.6369163945566669
Training Results:
r2: 0.7633
rmse: 0.3826
mae: 0.2938
Validation Results:
r2: 0.6577
rmse: 0.4946
mae: 0.3827
Test Results:
r2: 0.6369
rmse: 0.4672
mae: 0.3406
7/51
train r2: 0.787474262820819, valid r2: 0.7269993941418781, test r2: 0.6622947328649529
Training Results:
r2: 0.7875
rmse: 0.3643
mae: 0.2877
Validation Results:
r2: 0.7270
rmse: 0.4417
mae: 0.3606
Test Results:
r2: 0.6623
rmse: 0.4506
mae: 0.3498
8/51
train r2: 0.839466420834888, valid r2: 0.7432839641348938, test r2: 0.6987060425796534
Training Results:
r2: 0.8395
rmse: 0.3165
mae: 0.2356
Validation Results:
r2: 0.7433
rmse: 0.4284
mae: 0.3284
Test Results:
r2: 0.6987
rmse: 0.4256
mae: 0.3044
9/51
train r2: 0.8364414803148285, valid r2: 0.6815173067462263, test r2: 0.6510142416499062
Training Results:
r2: 0.8364
rmse: 0.3184
mae: 0.2409
Validation Results:
r2: 0.6815
rmse: 0.4771
mae: 0.3626
Test Results:
r2: 0.6510
rmse: 0.4580
mae: 0.3437
10/51
train r2: 0.8410537360391046, valid r2: 0.7061815296713334, test r2: 0.668674498426689
Training Results:
r2: 0.8411
rmse: 0.3154
mae: 0.2482
Validation Results:
r2: 0.7062
rmse: 0.4583
mae: 0.3675
Test Results:
r2: 0.6687
rmse: 0.4463
mae: 0.3431
11/51
train r2: 0.8935502408740225, valid r2: 0.81173151219907, test r2: 0.7433101810547663
Training Results:
r2: 0.8936
rmse: 0.2577
mae: 0.1812
Validation Results:
r2: 0.8117
rmse: 0.3668
mae: 0.2773
Test Results:
r2: 0.7433
rmse: 0.3928
mae: 0.2859
12/51
train r2: 0.9063654570980859, valid r2: 0.8023961508567358, test r2: 0.7247871532223424
Training Results:
r2: 0.9064
rmse: 0.2413
mae: 0.1784
Validation Results:
r2: 0.8024
rmse: 0.3758
mae: 0.2898
Test Results:
r2: 0.7248
rmse: 0.4067
mae: 0.3072
13/51
train r2: 0.9251374848268193, valid r2: 0.7940620968789561, test r2: 0.7230702484437788
Training Results:
r2: 0.9251
rmse: 0.2160
mae: 0.1594
Validation Results:
r2: 0.7941
rmse: 0.3837
mae: 0.2980
Test Results:
r2: 0.7231
rmse: 0.4080
mae: 0.2989
14/51
train r2: 0.9449634248534216, valid r2: 0.817175194802927, test r2: 0.7372885240408256
Training Results:
r2: 0.9450
rmse: 0.1856
mae: 0.1346
Validation Results:
r2: 0.8172
rmse: 0.3615
mae: 0.2813
Test Results:
r2: 0.7373
rmse: 0.3974
mae: 0.2973
15/51
train r2: 0.9614614829407154, valid r2: 0.828096702825022, test r2: 0.7435510314718357
Training Results:
r2: 0.9615
rmse: 0.1546
mae: 0.1122
Validation Results:
r2: 0.8281
rmse: 0.3505
mae: 0.2642
Test Results:
r2: 0.7436
rmse: 0.3926
mae: 0.2834
16/51
train r2: 0.9132652579511703, valid r2: 0.7849327155992101, test r2: 0.6836494601760392
Training Results:
r2: 0.9133
rmse: 0.2326
mae: 0.1930
Validation Results:
r2: 0.7849
rmse: 0.3921
mae: 0.3002
Test Results:
r2: 0.6836
rmse: 0.4361
mae: 0.3269
17/51
train r2: 0.9552187822380526, valid r2: 0.823098045500481, test r2: 0.7370662014062299
Training Results:
r2: 0.9552
rmse: 0.1673
mae: 0.1296
Validation Results:
r2: 0.8231
rmse: 0.3556
mae: 0.2762
Test Results:
r2: 0.7371
rmse: 0.3976
mae: 0.2889
18/51
train r2: 0.9699930564765097, valid r2: 0.8162303982611001, test r2: 0.7474470921942119
Training Results:
r2: 0.9700
rmse: 0.1369
mae: 0.1060
Validation Results:
r2: 0.8162
rmse: 0.3624
mae: 0.2781
Test Results:
r2: 0.7474
rmse: 0.3896
mae: 0.2843
19/51
train r2: 0.970879560738053, valid r2: 0.7943629894228226, test r2: 0.709786068706838
Training Results:
r2: 0.9709
rmse: 0.1348
mae: 0.0972
Validation Results:
r2: 0.7944
rmse: 0.3834
mae: 0.2876
Test Results:
r2: 0.7098
rmse: 0.4177
mae: 0.2987
20/51
train r2: 0.983529689815803, valid r2: 0.8127383270618028, test r2: 0.7399887231389237
Training Results:
r2: 0.9835
rmse: 0.1012
mae: 0.0741
Validation Results:
r2: 0.8127
rmse: 0.3659
mae: 0.2704
Test Results:
r2: 0.7400
rmse: 0.3954
mae: 0.2872
21/51
train r2: 0.9884395184488479, valid r2: 0.8138595356476005, test r2: 0.7509092616385539
Training Results:
r2: 0.9884
rmse: 0.0850
mae: 0.0619
Validation Results:
r2: 0.8139
rmse: 0.3648
mae: 0.2721
Test Results:
r2: 0.7509
rmse: 0.3870
mae: 0.2865
22/51
train r2: 0.9902910046573434, valid r2: 0.8151980561567342, test r2: 0.7468897463045648
Training Results:
r2: 0.9903
rmse: 0.0778
mae: 0.0564
Validation Results:
r2: 0.8152
rmse: 0.3634
mae: 0.2720
Test Results:
r2: 0.7469
rmse: 0.3901
mae: 0.2849
23/51
train r2: 0.993010134562706, valid r2: 0.8224615005636318, test r2: 0.7421985240150986
Training Results:
r2: 0.9930
rmse: 0.0661
mae: 0.0496
Validation Results:
r2: 0.8225
rmse: 0.3562
mae: 0.2719
Test Results:
r2: 0.7422
rmse: 0.3937
mae: 0.2909
24/51
train r2: 0.9956051734729702, valid r2: 0.819089734760141, test r2: 0.7428777490111425
Training Results:
r2: 0.9956
rmse: 0.0525
mae: 0.0390
Validation Results:
r2: 0.8191
rmse: 0.3596
mae: 0.2708
Test Results:
r2: 0.7429
rmse: 0.3932
mae: 0.2869
25/51
train r2: 0.9959290107285683, valid r2: 0.8245297398014205, test r2: 0.7494298492653069
Training Results:
r2: 0.9959
rmse: 0.0502
mae: 0.0364
Validation Results:
r2: 0.8245
rmse: 0.3541
mae: 0.2685
Test Results:
r2: 0.7494
rmse: 0.3881
mae: 0.2811
26/51
train r2: 0.9960748945013732, valid r2: 0.8192661216425382, test r2: 0.7490893322376171
Training Results:
r2: 0.9961
rmse: 0.0496
mae: 0.0356
Validation Results:
r2: 0.8193
rmse: 0.3594
mae: 0.2726
Test Results:
r2: 0.7491
rmse: 0.3884
mae: 0.2812
27/51
train r2: 0.9972742867434933, valid r2: 0.8174023157601065, test r2: 0.7451592271044685
Training Results:
r2: 0.9973
rmse: 0.0412
mae: 0.0308
Validation Results:
r2: 0.8174
rmse: 0.3613
mae: 0.2741
Test Results:
r2: 0.7452
rmse: 0.3914
mae: 0.2824
28/51
train r2: 0.997585267163363, valid r2: 0.8207056832484608, test r2: 0.7428336428779894
Training Results:
r2: 0.9976
rmse: 0.0388
mae: 0.0288
Validation Results:
r2: 0.8207
rmse: 0.3580
mae: 0.2733
Test Results:
r2: 0.7428
rmse: 0.3932
mae: 0.2869
29/51
train r2: 0.9983805812051086, valid r2: 0.823352278730579, test r2: 0.7396711369363679
Training Results:
r2: 0.9984
rmse: 0.0318
mae: 0.0230
Validation Results:
r2: 0.8234
rmse: 0.3553
mae: 0.2706
Test Results:
r2: 0.7397
rmse: 0.3956
mae: 0.2897
30/51
train r2: 0.9981009320827474, valid r2: 0.8125657603844157, test r2: 0.7360361841977048
Training Results:
r2: 0.9981
rmse: 0.0345
mae: 0.0262
Validation Results:
r2: 0.8126
rmse: 0.3660
mae: 0.2790
Test Results:
r2: 0.7360
rmse: 0.3983
mae: 0.2931
31/51
train r2: 0.998915511287827, valid r2: 0.8222944210370368, test r2: 0.745303438534769
Training Results:
r2: 0.9989
rmse: 0.0260
mae: 0.0184
Validation Results:
r2: 0.8223
rmse: 0.3564
mae: 0.2720
Test Results:
r2: 0.7453
rmse: 0.3913
mae: 0.2857
32/51
train r2: 0.9987825764208877, valid r2: 0.8218200547546832, test r2: 0.7477674894557583
Training Results:
r2: 0.9988
rmse: 0.0275
mae: 0.0198
Validation Results:
r2: 0.8218
rmse: 0.3569
mae: 0.2722
Test Results:
r2: 0.7478
rmse: 0.3894
mae: 0.2844
33/51
train r2: 0.9991944262916125, valid r2: 0.818718440992575, test r2: 0.7395782664982525
Training Results:
r2: 0.9992
rmse: 0.0225
mae: 0.0155
Validation Results:
r2: 0.8187
rmse: 0.3600
mae: 0.2732
Test Results:
r2: 0.7396
rmse: 0.3957
mae: 0.2907
34/51
train r2: 0.9993118418377113, valid r2: 0.8182053415905037, test r2: 0.7420093492286901
Training Results:
r2: 0.9993
rmse: 0.0207
mae: 0.0137
Validation Results:
r2: 0.8182
rmse: 0.3605
mae: 0.2737
Test Results:
r2: 0.7420
rmse: 0.3938
mae: 0.2885
35/51
train r2: 0.9994661447477919, valid r2: 0.8168880211124405, test r2: 0.7403501567756385
Training Results:
r2: 0.9995
rmse: 0.0182
mae: 0.0124
Validation Results:
r2: 0.8169
rmse: 0.3618
mae: 0.2749
Test Results:
r2: 0.7404
rmse: 0.3951
mae: 0.2896
break!
train: 0.9615, val: 0.8281, test: 0.7436
end_test_result: (0.7435510314718357, 0.39263492822647095, 0.28342166543006897)
args.seed: 2044
use label scaler
use label scaler
use label scaler
model have 90.143705M paramerters in total
train_dataset.mean: tensor([-6.2186]) train_dataset.std: tensor([0.7898])
1/51
train r2: 0.3136447948578108, valid r2: 0.3444912919633487, test r2: 0.33268656133193963
Training Results:
r2: 0.3136
rmse: 0.6541
mae: 0.5551
Validation Results:
r2: 0.3445
rmse: 0.6845
mae: 0.5620
Test Results:
r2: 0.3327
rmse: 0.6334
mae: 0.5451
2/51
train r2: 0.5658202074268739, valid r2: 0.551757656874672, test r2: 0.5629759033036577
Training Results:
r2: 0.5658
rmse: 0.5207
mae: 0.4116
Validation Results:
r2: 0.5518
rmse: 0.5660
mae: 0.4333
Test Results:
r2: 0.5630
rmse: 0.5126
mae: 0.4075
3/51
train r2: 0.591122748343798, valid r2: 0.487890949992837, test r2: 0.5018737537714257
Training Results:
r2: 0.5911
rmse: 0.5061
mae: 0.4200
Validation Results:
r2: 0.4879
rmse: 0.6050
mae: 0.5051
Test Results:
r2: 0.5019
rmse: 0.5472
mae: 0.4520
4/51
train r2: 0.6395406986806222, valid r2: 0.6833660830388026, test r2: 0.5570094974633432
Training Results:
r2: 0.6395
rmse: 0.4742
mae: 0.3655
Validation Results:
r2: 0.6834
rmse: 0.4757
mae: 0.3632
Test Results:
r2: 0.5570
rmse: 0.5160
mae: 0.3903
5/51
train r2: 0.7818927369289759, valid r2: 0.7408460386918319, test r2: 0.6664136871319803
Training Results:
r2: 0.7819
rmse: 0.3690
mae: 0.2835
Validation Results:
r2: 0.7408
rmse: 0.4304
mae: 0.3398
Test Results:
r2: 0.6664
rmse: 0.4478
mae: 0.3476
6/51
train r2: 0.8073017272893734, valid r2: 0.7379821722448707, test r2: 0.7031351808664144
Training Results:
r2: 0.8073
rmse: 0.3475
mae: 0.2640
Validation Results:
r2: 0.7380
rmse: 0.4328
mae: 0.3321
Test Results:
r2: 0.7031
rmse: 0.4224
mae: 0.3209
7/51
train r2: 0.8210478962150092, valid r2: 0.7124700245208937, test r2: 0.6782136847549481
Training Results:
r2: 0.8210
rmse: 0.3343
mae: 0.2607
Validation Results:
r2: 0.7125
rmse: 0.4533
mae: 0.3477
Test Results:
r2: 0.6782
rmse: 0.4398
mae: 0.3277
8/51
train r2: 0.8419984058646979, valid r2: 0.802808154629746, test r2: 0.7267488044024247
Training Results:
r2: 0.8420
rmse: 0.3147
mae: 0.2354
Validation Results:
r2: 0.8028
rmse: 0.3754
mae: 0.2818
Test Results:
r2: 0.7267
rmse: 0.4053
mae: 0.3078
9/51
train r2: 0.8693923263583432, valid r2: 0.7572509526322855, test r2: 0.7343677593061197
Training Results:
r2: 0.8694
rmse: 0.2844
mae: 0.2148
Validation Results:
r2: 0.7573
rmse: 0.4165
mae: 0.3158
Test Results:
r2: 0.7344
rmse: 0.3996
mae: 0.2974
10/51
train r2: 0.8962486691358595, valid r2: 0.7608130575073803, test r2: 0.6631438079045084
Training Results:
r2: 0.8962
rmse: 0.2544
mae: 0.1961
Validation Results:
r2: 0.7608
rmse: 0.4135
mae: 0.3249
Test Results:
r2: 0.6631
rmse: 0.4500
mae: 0.3293
11/51
train r2: 0.8396794389754196, valid r2: 0.654006666895194, test r2: 0.6230705946284689
Training Results:
r2: 0.8397
rmse: 0.3164
mae: 0.2531
Validation Results:
r2: 0.6540
rmse: 0.4973
mae: 0.3904
Test Results:
r2: 0.6231
rmse: 0.4760
mae: 0.3734
12/51
train r2: 0.9126487767401534, valid r2: 0.7845029194435916, test r2: 0.7129233512238946
Training Results:
r2: 0.9126
rmse: 0.2341
mae: 0.1762
Validation Results:
r2: 0.7845
rmse: 0.3925
mae: 0.3010
Test Results:
r2: 0.7129
rmse: 0.4154
mae: 0.3298
13/51
train r2: 0.9309383674455725, valid r2: 0.7901639439382547, test r2: 0.6882478797944728
Training Results:
r2: 0.9309
rmse: 0.2081
mae: 0.1583
Validation Results:
r2: 0.7902
rmse: 0.3873
mae: 0.2943
Test Results:
r2: 0.6882
rmse: 0.4329
mae: 0.3169
14/51
train r2: 0.9480323187350014, valid r2: 0.7887344756495598, test r2: 0.7262873151857037
Training Results:
r2: 0.9480
rmse: 0.1798
mae: 0.1336
Validation Results:
r2: 0.7887
rmse: 0.3886
mae: 0.2959
Test Results:
r2: 0.7263
rmse: 0.4056
mae: 0.2994
15/51
train r2: 0.9616943956514742, valid r2: 0.8235347454165798, test r2: 0.7249021678353116
Training Results:
r2: 0.9617
rmse: 0.1545
mae: 0.1140
Validation Results:
r2: 0.8235
rmse: 0.3551
mae: 0.2686
Test Results:
r2: 0.7249
rmse: 0.4067
mae: 0.2930
16/51
train r2: 0.9616238744523977, valid r2: 0.8266690510270742, test r2: 0.7386029674128927
Training Results:
r2: 0.9616
rmse: 0.1546
mae: 0.1143
Validation Results:
r2: 0.8267
rmse: 0.3520
mae: 0.2678
Test Results:
r2: 0.7386
rmse: 0.3964
mae: 0.2823
17/51
train r2: 0.9504770447771513, valid r2: 0.7485177252743153, test r2: 0.7079853315130831
Training Results:
r2: 0.9505
rmse: 0.1761
mae: 0.1370
Validation Results:
r2: 0.7485
rmse: 0.4240
mae: 0.3249
Test Results:
r2: 0.7080
rmse: 0.4190
mae: 0.3088
18/51
train r2: 0.980207119173467, valid r2: 0.8113883346690498, test r2: 0.7545601822149606
Training Results:
r2: 0.9802
rmse: 0.1109
mae: 0.0834
Validation Results:
r2: 0.8114
rmse: 0.3672
mae: 0.2760
Test Results:
r2: 0.7546
rmse: 0.3841
mae: 0.2774
19/51
train r2: 0.9785457586245964, valid r2: 0.818081117406589, test r2: 0.7261431332251219
Training Results:
r2: 0.9785
rmse: 0.1160
mae: 0.0884
Validation Results:
r2: 0.8181
rmse: 0.3606
mae: 0.2792
Test Results:
r2: 0.7261
rmse: 0.4057
mae: 0.2960
20/51
train r2: 0.9838409905575033, valid r2: 0.8174189482294945, test r2: 0.741550853274762
Training Results:
r2: 0.9838
rmse: 0.0998
mae: 0.0781
Validation Results:
r2: 0.8174
rmse: 0.3613
mae: 0.2749
Test Results:
r2: 0.7416
rmse: 0.3942
mae: 0.2883
21/51
train r2: 0.9914672362165323, valid r2: 0.7909505527919762, test r2: 0.7507922992220252
Training Results:
r2: 0.9915
rmse: 0.0730
mae: 0.0549
Validation Results:
r2: 0.7910
rmse: 0.3866
mae: 0.2907
Test Results:
r2: 0.7508
rmse: 0.3871
mae: 0.2827
22/51
train r2: 0.9862572403908898, valid r2: 0.797120140326683, test r2: 0.7273095833122204
Training Results:
r2: 0.9863
rmse: 0.0926
mae: 0.0733
Validation Results:
r2: 0.7971
rmse: 0.3808
mae: 0.2917
Test Results:
r2: 0.7273
rmse: 0.4049
mae: 0.2986
23/51
train r2: 0.9915453441060896, valid r2: 0.7967005814951471, test r2: 0.7423978101505795
Training Results:
r2: 0.9915
rmse: 0.0722
mae: 0.0554
Validation Results:
r2: 0.7967
rmse: 0.3812
mae: 0.2891
Test Results:
r2: 0.7424
rmse: 0.3935
mae: 0.2875
24/51
train r2: 0.993646508291862, valid r2: 0.7955366772742581, test r2: 0.742750262310415
Training Results:
r2: 0.9936
rmse: 0.0629
mae: 0.0476
Validation Results:
r2: 0.7955
rmse: 0.3823
mae: 0.2907
Test Results:
r2: 0.7428
rmse: 0.3932
mae: 0.2860
25/51
train r2: 0.9917107531319644, valid r2: 0.8051853633505256, test r2: 0.745664089127876
Training Results:
r2: 0.9917
rmse: 0.0716
mae: 0.0561
Validation Results:
r2: 0.8052
rmse: 0.3732
mae: 0.2883
Test Results:
r2: 0.7457
rmse: 0.3910
mae: 0.2872
26/51
train r2: 0.9963986975974714, valid r2: 0.8026106818724045, test r2: 0.7377172510422534
Training Results:
r2: 0.9964
rmse: 0.0475
mae: 0.0357
Validation Results:
r2: 0.8026
rmse: 0.3756
mae: 0.2865
Test Results:
r2: 0.7377
rmse: 0.3971
mae: 0.2907
27/51
train r2: 0.9974425025005927, valid r2: 0.8029266227108549, test r2: 0.7457853200757227
Training Results:
r2: 0.9974
rmse: 0.0399
mae: 0.0288
Validation Results:
r2: 0.8029
rmse: 0.3753
mae: 0.2864
Test Results:
r2: 0.7458
rmse: 0.3909
mae: 0.2858
28/51
train r2: 0.9975982445886226, valid r2: 0.7960104519961474, test r2: 0.7419408574474349
Training Results:
r2: 0.9976
rmse: 0.0386
mae: 0.0276
Validation Results:
r2: 0.7960
rmse: 0.3818
mae: 0.2928
Test Results:
r2: 0.7419
rmse: 0.3939
mae: 0.2886
29/51
train r2: 0.9981947710580825, valid r2: 0.8003138500620703, test r2: 0.7405981256689342
Training Results:
r2: 0.9982
rmse: 0.0335
mae: 0.0240
Validation Results:
r2: 0.8003
rmse: 0.3778
mae: 0.2882
Test Results:
r2: 0.7406
rmse: 0.3949
mae: 0.2881
30/51
train r2: 0.9985926394390788, valid r2: 0.8033178122090778, test r2: 0.7401490960636217
Training Results:
r2: 0.9986
rmse: 0.0297
mae: 0.0213
Validation Results:
r2: 0.8033
rmse: 0.3749
mae: 0.2871
Test Results:
r2: 0.7401
rmse: 0.3952
mae: 0.2876
31/51
train r2: 0.9990259858630396, valid r2: 0.7981714861560859, test r2: 0.7409064608237568
Training Results:
r2: 0.9990
rmse: 0.0247
mae: 0.0163
Validation Results:
r2: 0.7982
rmse: 0.3798
mae: 0.2923
Test Results:
r2: 0.7409
rmse: 0.3947
mae: 0.2872
32/51
train r2: 0.9990628077424418, valid r2: 0.797841852391331, test r2: 0.7386007973964612
Training Results:
r2: 0.9991
rmse: 0.0242
mae: 0.0169
Validation Results:
r2: 0.7978
rmse: 0.3801
mae: 0.2916
Test Results:
r2: 0.7386
rmse: 0.3964
mae: 0.2883
33/51
train r2: 0.9990567955511431, valid r2: 0.7980174198779497, test r2: 0.736035017392401
Training Results:
r2: 0.9991
rmse: 0.0242
mae: 0.0158
Validation Results:
r2: 0.7980
rmse: 0.3800
mae: 0.2912
Test Results:
r2: 0.7360
rmse: 0.3983
mae: 0.2914
34/51
train r2: 0.9994033663594408, valid r2: 0.7982218070270822, test r2: 0.739503033948194
Training Results:
r2: 0.9994
rmse: 0.0193
mae: 0.0130
Validation Results:
r2: 0.7982
rmse: 0.3798
mae: 0.2909
Test Results:
r2: 0.7395
rmse: 0.3957
mae: 0.2885
35/51
train r2: 0.9994108582130495, valid r2: 0.7979402895802249, test r2: 0.7385144041663141
Training Results:
r2: 0.9994
rmse: 0.0191
mae: 0.0122
Validation Results:
r2: 0.7979
rmse: 0.3800
mae: 0.2914
Test Results:
r2: 0.7385
rmse: 0.3965
mae: 0.2899
36/51
train r2: 0.9994783863463409, valid r2: 0.7959773180171872, test r2: 0.7397108905684701
Training Results:
r2: 0.9995
rmse: 0.0180
mae: 0.0123
Validation Results:
r2: 0.7960
rmse: 0.3819
mae: 0.2936
Test Results:
r2: 0.7397
rmse: 0.3956
mae: 0.2889
break!
train: 0.9616, val: 0.8267, test: 0.7386
end_test_result: (0.7386029674128927, 0.3964047133922577, 0.2822573184967041)
args.seed: 2054
use label scaler
use label scaler
use label scaler
model have 90.143705M paramerters in total
train_dataset.mean: tensor([-6.2186]) train_dataset.std: tensor([0.7898])
1/51
train r2: 0.2640928951454139, valid r2: 0.20643341876850374, test r2: 0.25952763972135673
Training Results:
r2: 0.2641
rmse: 0.6765
mae: 0.5794
Validation Results:
r2: 0.2064
rmse: 0.7531
mae: 0.6392
Test Results:
r2: 0.2595
rmse: 0.6672
mae: 0.5836
2/51
train r2: 0.5416097102950705, valid r2: 0.5871233181366087, test r2: 0.5423946436088329
Training Results:
r2: 0.5416
rmse: 0.5356
mae: 0.4273
Validation Results:
r2: 0.5871
rmse: 0.5432
mae: 0.4238
Test Results:
r2: 0.5424
rmse: 0.5245
mae: 0.4123
3/51
train r2: 0.47724172232212336, valid r2: 0.41799612627174276, test r2: 0.3442857863000717
Training Results:
r2: 0.4772
rmse: 0.5729
mae: 0.4737
Validation Results:
r2: 0.4180
rmse: 0.6450
mae: 0.5479
Test Results:
r2: 0.3443
rmse: 0.6278
mae: 0.5245
4/51
train r2: 0.7284983856645288, valid r2: 0.6960949265505167, test r2: 0.6465158834816314
Training Results:
r2: 0.7285
rmse: 0.4093
mae: 0.3145
Validation Results:
r2: 0.6961
rmse: 0.4661
mae: 0.3561
Test Results:
r2: 0.6465
rmse: 0.4610
mae: 0.3423
5/51
train r2: 0.7889506138765672, valid r2: 0.7674865431186393, test r2: 0.6746428546301872
Training Results:
r2: 0.7890
rmse: 0.3630
mae: 0.2714
Validation Results:
r2: 0.7675
rmse: 0.4077
mae: 0.3110
Test Results:
r2: 0.6746
rmse: 0.4423
mae: 0.3421
6/51
train r2: 0.8199818365947291, valid r2: 0.7746163657599667, test r2: 0.690555111256598
Training Results:
r2: 0.8200
rmse: 0.3354
mae: 0.2518
Validation Results:
r2: 0.7746
rmse: 0.4014
mae: 0.3129
Test Results:
r2: 0.6906
rmse: 0.4313
mae: 0.3225
7/51
train r2: 0.8287113384246219, valid r2: 0.7265557906326251, test r2: 0.656984064756016
Training Results:
r2: 0.8287
rmse: 0.3273
mae: 0.2522
Validation Results:
r2: 0.7266
rmse: 0.4421
mae: 0.3328
Test Results:
r2: 0.6570
rmse: 0.4541
mae: 0.3251
8/51
train r2: 0.8672551801489111, valid r2: 0.7877815117907088, test r2: 0.6733477671558323
Training Results:
r2: 0.8673
rmse: 0.2882
mae: 0.2179
Validation Results:
r2: 0.7878
rmse: 0.3895
mae: 0.3018
Test Results:
r2: 0.6733
rmse: 0.4431
mae: 0.3314
9/51
train r2: 0.8825871533812707, valid r2: 0.7960352037615929, test r2: 0.7085117817399332
Training Results:
r2: 0.8826
rmse: 0.2707
mae: 0.2006
Validation Results:
r2: 0.7960
rmse: 0.3818
mae: 0.2866
Test Results:
r2: 0.7085
rmse: 0.4186
mae: 0.2989
10/51
train r2: 0.9107616331753352, valid r2: 0.8095618848107337, test r2: 0.7244525431426575
Training Results:
r2: 0.9108
rmse: 0.2358
mae: 0.1794
Validation Results:
r2: 0.8096
rmse: 0.3689
mae: 0.2861
Test Results:
r2: 0.7245
rmse: 0.4070
mae: 0.3001
11/51
train r2: 0.9201159040148909, valid r2: 0.7997582331900511, test r2: 0.7381189981624836
Training Results:
r2: 0.9201
rmse: 0.2242
mae: 0.1652
Validation Results:
r2: 0.7998
rmse: 0.3783
mae: 0.2814
Test Results:
r2: 0.7381
rmse: 0.3968
mae: 0.2958
12/51
train r2: 0.9381298055245679, valid r2: 0.7898623749350369, test r2: 0.7365090343842868
Training Results:
r2: 0.9381
rmse: 0.1967
mae: 0.1440
Validation Results:
r2: 0.7899
rmse: 0.3876
mae: 0.2731
Test Results:
r2: 0.7365
rmse: 0.3980
mae: 0.2890
13/51
train r2: 0.930054000578141, valid r2: 0.7703411775989171, test r2: 0.734207411052108
Training Results:
r2: 0.9301
rmse: 0.2091
mae: 0.1603
Validation Results:
r2: 0.7703
rmse: 0.4052
mae: 0.3019
Test Results:
r2: 0.7342
rmse: 0.3997
mae: 0.2982
14/51
train r2: 0.9442457627910302, valid r2: 0.8104065347064563, test r2: 0.7196916350736591
Training Results:
r2: 0.9442
rmse: 0.1868
mae: 0.1451
Validation Results:
r2: 0.8104
rmse: 0.3681
mae: 0.2740
Test Results:
r2: 0.7197
rmse: 0.4105
mae: 0.3019
15/51
train r2: 0.9639793756152574, valid r2: 0.8109768767077724, test r2: 0.7378120684905897
Training Results:
r2: 0.9640
rmse: 0.1505
mae: 0.1152
Validation Results:
r2: 0.8110
rmse: 0.3676
mae: 0.2682
Test Results:
r2: 0.7378
rmse: 0.3970
mae: 0.2810
16/51
train r2: 0.9649286922429641, valid r2: 0.8064130676162423, test r2: 0.7362223825163128
Training Results:
r2: 0.9649
rmse: 0.1481
mae: 0.1119
Validation Results:
r2: 0.8064
rmse: 0.3720
mae: 0.2759
Test Results:
r2: 0.7362
rmse: 0.3982
mae: 0.2849
17/51
train r2: 0.934133939521322, valid r2: 0.8076625659509379, test r2: 0.6889043329063544
Training Results:
r2: 0.9341
rmse: 0.2029
mae: 0.1737
Validation Results:
r2: 0.8077
rmse: 0.3708
mae: 0.2845
Test Results:
r2: 0.6889
rmse: 0.4324
mae: 0.3211
18/51
train r2: 0.9810517028840174, valid r2: 0.8097033823450536, test r2: 0.7258383219526523
Training Results:
r2: 0.9811
rmse: 0.1084
mae: 0.0842
Validation Results:
r2: 0.8097
rmse: 0.3688
mae: 0.2638
Test Results:
r2: 0.7258
rmse: 0.4060
mae: 0.2896
19/51
train r2: 0.9860554949253851, valid r2: 0.8168573237031452, test r2: 0.7184395246791129
Training Results:
r2: 0.9861
rmse: 0.0934
mae: 0.0722
Validation Results:
r2: 0.8169
rmse: 0.3618
mae: 0.2608
Test Results:
r2: 0.7184
rmse: 0.4114
mae: 0.3009
20/51
train r2: 0.9880249500095439, valid r2: 0.8131829054500167, test r2: 0.7282588345753598
Training Results:
r2: 0.9880
rmse: 0.0864
mae: 0.0659
Validation Results:
r2: 0.8132
rmse: 0.3654
mae: 0.2626
Test Results:
r2: 0.7283
rmse: 0.4042
mae: 0.2928
21/51
train r2: 0.992842201003607, valid r2: 0.823248289897119, test r2: 0.7325060630500821
Training Results:
r2: 0.9928
rmse: 0.0669
mae: 0.0506
Validation Results:
r2: 0.8232
rmse: 0.3554
mae: 0.2595
Test Results:
r2: 0.7325
rmse: 0.4010
mae: 0.2912
22/51
train r2: 0.9922383822842196, valid r2: 0.824589134042329, test r2: 0.7478098250686328
Training Results:
r2: 0.9922
rmse: 0.0697
mae: 0.0538
Validation Results:
r2: 0.8246
rmse: 0.3541
mae: 0.2632
Test Results:
r2: 0.7478
rmse: 0.3894
mae: 0.2827
23/51
train r2: 0.9953165025648464, valid r2: 0.8284390754487707, test r2: 0.7293719911191003
Training Results:
r2: 0.9953
rmse: 0.0543
mae: 0.0416
Validation Results:
r2: 0.8284
rmse: 0.3502
mae: 0.2547
Test Results:
r2: 0.7294
rmse: 0.4033
mae: 0.2952
24/51
train r2: 0.9960313303036498, valid r2: 0.8212045935795829, test r2: 0.7240548885127125
Training Results:
r2: 0.9960
rmse: 0.0497
mae: 0.0370
Validation Results:
r2: 0.8212
rmse: 0.3575
mae: 0.2595
Test Results:
r2: 0.7241
rmse: 0.4073
mae: 0.2974
25/51
train r2: 0.9975275008983031, valid r2: 0.8233741731189363, test r2: 0.7305865819086164
Training Results:
r2: 0.9975
rmse: 0.0394
mae: 0.0291
Validation Results:
r2: 0.8234
rmse: 0.3553
mae: 0.2582
Test Results:
r2: 0.7306
rmse: 0.4024
mae: 0.2951
26/51
train r2: 0.9981391832153378, valid r2: 0.8235344464295653, test r2: 0.7313797653342047
Training Results:
r2: 0.9981
rmse: 0.0342
mae: 0.0258
Validation Results:
r2: 0.8235
rmse: 0.3551
mae: 0.2586
Test Results:
r2: 0.7314
rmse: 0.4018
mae: 0.2910
27/51
train r2: 0.9965951009698708, valid r2: 0.8119433804322173, test r2: 0.7243375806562189
Training Results:
r2: 0.9966
rmse: 0.0462
mae: 0.0373
Validation Results:
r2: 0.8119
rmse: 0.3666
mae: 0.2659
Test Results:
r2: 0.7243
rmse: 0.4071
mae: 0.2944
28/51
train r2: 0.9982267747368146, valid r2: 0.8203727354443948, test r2: 0.7338389450254652
Training Results:
r2: 0.9982
rmse: 0.0333
mae: 0.0247
Validation Results:
r2: 0.8204
rmse: 0.3583
mae: 0.2619
Test Results:
r2: 0.7338
rmse: 0.4000
mae: 0.2904
29/51
train r2: 0.9988482159235591, valid r2: 0.8219614691412163, test r2: 0.7330987443394378
Training Results:
r2: 0.9988
rmse: 0.0268
mae: 0.0203
Validation Results:
r2: 0.8220
rmse: 0.3567
mae: 0.2606
Test Results:
r2: 0.7331
rmse: 0.4006
mae: 0.2922
30/51
train r2: 0.9991270854248764, valid r2: 0.8197975472223507, test r2: 0.73429915954348
Training Results:
r2: 0.9991
rmse: 0.0233
mae: 0.0154
Validation Results:
r2: 0.8198
rmse: 0.3589
mae: 0.2620
Test Results:
r2: 0.7343
rmse: 0.3997
mae: 0.2898
31/51
train r2: 0.9990146670707999, valid r2: 0.8166552028553099, test r2: 0.7288086216699778
Training Results:
r2: 0.9990
rmse: 0.0247
mae: 0.0174
Validation Results:
r2: 0.8167
rmse: 0.3620
mae: 0.2619
Test Results:
r2: 0.7288
rmse: 0.4038
mae: 0.2937
32/51
train r2: 0.9993160444346841, valid r2: 0.8203408504055887, test r2: 0.7314346970380394
Training Results:
r2: 0.9993
rmse: 0.0206
mae: 0.0142
Validation Results:
r2: 0.8203
rmse: 0.3583
mae: 0.2606
Test Results:
r2: 0.7314
rmse: 0.4018
mae: 0.2922
33/51
train r2: 0.9994481652641652, valid r2: 0.8189512233360778, test r2: 0.7306601037440243
Training Results:
r2: 0.9994
rmse: 0.0185
mae: 0.0121
Validation Results:
r2: 0.8190
rmse: 0.3597
mae: 0.2619
Test Results:
r2: 0.7307
rmse: 0.4024
mae: 0.2924
34/51
train r2: 0.9995297529120681, valid r2: 0.818866663052637, test r2: 0.7324898753265028
Training Results:
r2: 0.9995
rmse: 0.0171
mae: 0.0110
Validation Results:
r2: 0.8189
rmse: 0.3598
mae: 0.2621
Test Results:
r2: 0.7325
rmse: 0.4010
mae: 0.2898
35/51
train r2: 0.9994943221829553, valid r2: 0.8180473132296261, test r2: 0.7313042322405617
Training Results:
r2: 0.9995
rmse: 0.0178
mae: 0.0107
Validation Results:
r2: 0.8180
rmse: 0.3606
mae: 0.2632
Test Results:
r2: 0.7313
rmse: 0.4019
mae: 0.2905
36/51
train r2: 0.9994111134754221, valid r2: 0.8211005081634675, test r2: 0.7297613743302576
Training Results:
r2: 0.9994
rmse: 0.0192
mae: 0.0107
Validation Results:
r2: 0.8211
rmse: 0.3576
mae: 0.2603
Test Results:
r2: 0.7298
rmse: 0.4031
mae: 0.2937
37/51
train r2: 0.9995016454173138, valid r2: 0.8174292263661332, test r2: 0.7288895115623555
Training Results:
r2: 0.9995
rmse: 0.0176
mae: 0.0114
Validation Results:
r2: 0.8174
rmse: 0.3612
mae: 0.2632
Test Results:
r2: 0.7289
rmse: 0.4037
mae: 0.2917
38/51
train r2: 0.9997252485331776, valid r2: 0.8182121627220877, test r2: 0.7299279392940422
Training Results:
r2: 0.9997
rmse: 0.0131
mae: 0.0072
Validation Results:
r2: 0.8182
rmse: 0.3605
mae: 0.2633
Test Results:
r2: 0.7299
rmse: 0.4029
mae: 0.2919
39/51
train r2: 0.9996279065758846, valid r2: 0.816954333543852, test r2: 0.7301959849394293
Training Results:
r2: 0.9996
rmse: 0.0153
mae: 0.0089
Validation Results:
r2: 0.8170
rmse: 0.3617
mae: 0.2641
Test Results:
r2: 0.7302
rmse: 0.4027
mae: 0.2919
40/51
train r2: 0.999686587402237, valid r2: 0.819677966835261, test r2: 0.729957073983011
Training Results:
r2: 0.9997
rmse: 0.0140
mae: 0.0078
Validation Results:
r2: 0.8197
rmse: 0.3590
mae: 0.2614
Test Results:
r2: 0.7300
rmse: 0.4029
mae: 0.2936
41/51
train r2: 0.9997117699285383, valid r2: 0.8178054773317951, test r2: 0.7283228054942475
Training Results:
r2: 0.9997
rmse: 0.0134
mae: 0.0074
Validation Results:
r2: 0.8178
rmse: 0.3609
mae: 0.2629
Test Results:
r2: 0.7283
rmse: 0.4041
mae: 0.2941
42/51
train r2: 0.9997561677250151, valid r2: 0.8189182370215523, test r2: 0.7293563174710573
Training Results:
r2: 0.9998
rmse: 0.0123
mae: 0.0066
Validation Results:
r2: 0.8189
rmse: 0.3598
mae: 0.2619
Test Results:
r2: 0.7294
rmse: 0.4034
mae: 0.2935
43/51
train r2: 0.9998307952807447, valid r2: 0.8182541192490518, test r2: 0.7294686211236872
Training Results:
r2: 0.9998
rmse: 0.0103
mae: 0.0053
Validation Results:
r2: 0.8183
rmse: 0.3604
mae: 0.2632
Test Results:
r2: 0.7295
rmse: 0.4033
mae: 0.2931
break!
train: 0.9953, val: 0.8284, test: 0.7294
end_test_result: (0.7293719911191003, 0.4033432602882385, 0.29522696137428284)
args.seed: 2064
use label scaler
use label scaler
use label scaler
model have 90.143705M paramerters in total
train_dataset.mean: tensor([-6.2186]) train_dataset.std: tensor([0.7898])
1/51
train r2: 0.2362020035897453, valid r2: 0.2622795979767417, test r2: 0.2792981946098174
Training Results:
r2: 0.2362
rmse: 0.6892
mae: 0.5829
Validation Results:
r2: 0.2623
rmse: 0.7262
mae: 0.5900
Test Results:
r2: 0.2793
rmse: 0.6582
mae: 0.5469
2/51
train r2: 0.4855323793195445, valid r2: 0.5290520733296759, test r2: 0.5161113433747981
Training Results:
r2: 0.4855
rmse: 0.5682
mae: 0.4596
Validation Results:
r2: 0.5291
rmse: 0.5802
mae: 0.4716
Test Results:
r2: 0.5161
rmse: 0.5393
mae: 0.4565
3/51
train r2: 0.6914072046846103, valid r2: 0.6956194528936366, test r2: 0.6320645616577782
Training Results:
r2: 0.6914
rmse: 0.4374
mae: 0.3377
Validation Results:
r2: 0.6956
rmse: 0.4664
mae: 0.3679
Test Results:
r2: 0.6321
rmse: 0.4703
mae: 0.3671
4/51
train r2: 0.7495156877254374, valid r2: 0.7185184931180192, test r2: 0.6537353356919862
Training Results:
r2: 0.7495
rmse: 0.3959
mae: 0.3080
Validation Results:
r2: 0.7185
rmse: 0.4485
mae: 0.3470
Test Results:
r2: 0.6537
rmse: 0.4562
mae: 0.3410
5/51
train r2: 0.7908797628393494, valid r2: 0.7422219282195486, test r2: 0.6992766877972536
Training Results:
r2: 0.7909
rmse: 0.3616
mae: 0.2747
Validation Results:
r2: 0.7422
rmse: 0.4292
mae: 0.3387
Test Results:
r2: 0.6993
rmse: 0.4252
mae: 0.3213
6/51
train r2: 0.7575181969609645, valid r2: 0.6608443880240884, test r2: 0.6418794352871975
Training Results:
r2: 0.7575
rmse: 0.3894
mae: 0.3070
Validation Results:
r2: 0.6608
rmse: 0.4924
mae: 0.4027
Test Results:
r2: 0.6419
rmse: 0.4640
mae: 0.3628
7/51
train r2: 0.8581266543754131, valid r2: 0.772505192544805, test r2: 0.7384335172801078
Training Results:
r2: 0.8581
rmse: 0.2982
mae: 0.2234
Validation Results:
r2: 0.7725
rmse: 0.4032
mae: 0.3095
Test Results:
r2: 0.7384
rmse: 0.3965
mae: 0.2893
8/51
train r2: 0.8634899269013928, valid r2: 0.7872626130369811, test r2: 0.7085022738155303
Training Results:
r2: 0.8635
rmse: 0.2926
mae: 0.2208
Validation Results:
r2: 0.7873
rmse: 0.3899
mae: 0.2943
Test Results:
r2: 0.7085
rmse: 0.4186
mae: 0.3034
9/51
train r2: 0.8870155795545969, valid r2: 0.7945523383425166, test r2: 0.720474485479721
Training Results:
r2: 0.8870
rmse: 0.2651
mae: 0.1972
Validation Results:
r2: 0.7946
rmse: 0.3832
mae: 0.2826
Test Results:
r2: 0.7205
rmse: 0.4099
mae: 0.2984
10/51
train r2: 0.8837849682473101, valid r2: 0.7520677142962653, test r2: 0.7094507630317044
Training Results:
r2: 0.8838
rmse: 0.2684
mae: 0.1976
Validation Results:
r2: 0.7521
rmse: 0.4210
mae: 0.3155
Test Results:
r2: 0.7095
rmse: 0.4179
mae: 0.3018
11/51
train r2: 0.9101739655447966, valid r2: 0.8033798028098882, test r2: 0.7113111114347153
Training Results:
r2: 0.9102
rmse: 0.2367
mae: 0.1748
Validation Results:
r2: 0.8034
rmse: 0.3749
mae: 0.2683
Test Results:
r2: 0.7113
rmse: 0.4166
mae: 0.3005
12/51
train r2: 0.9194725295945163, valid r2: 0.8175638573020539, test r2: 0.7084447948777439
Training Results:
r2: 0.9195
rmse: 0.2244
mae: 0.1666
Validation Results:
r2: 0.8176
rmse: 0.3611
mae: 0.2707
Test Results:
r2: 0.7084
rmse: 0.4186
mae: 0.3058
13/51
train r2: 0.9502288795111584, valid r2: 0.8246612287933748, test r2: 0.7354536798529445
Training Results:
r2: 0.9502
rmse: 0.1761
mae: 0.1290
Validation Results:
r2: 0.8247
rmse: 0.3540
mae: 0.2627
Test Results:
r2: 0.7355
rmse: 0.3988
mae: 0.2778
14/51
train r2: 0.9407732824751733, valid r2: 0.7928772983980553, test r2: 0.6984070872111225
Training Results:
r2: 0.9408
rmse: 0.1927
mae: 0.1484
Validation Results:
r2: 0.7929
rmse: 0.3848
mae: 0.2906
Test Results:
r2: 0.6984
rmse: 0.4258
mae: 0.3108
15/51
train r2: 0.9630781953984396, valid r2: 0.8077861839758405, test r2: 0.7142730296766602
Training Results:
r2: 0.9631
rmse: 0.1520
mae: 0.1128
Validation Results:
r2: 0.8078
rmse: 0.3707
mae: 0.2698
Test Results:
r2: 0.7143
rmse: 0.4144
mae: 0.2932
16/51
train r2: 0.9660531973758594, valid r2: 0.8238492537282756, test r2: 0.7235692314186608
Training Results:
r2: 0.9661
rmse: 0.1452
mae: 0.1105
Validation Results:
r2: 0.8238
rmse: 0.3548
mae: 0.2706
Test Results:
r2: 0.7236
rmse: 0.4076
mae: 0.2960
17/51
train r2: 0.957361305350018, valid r2: 0.8088127174545342, test r2: 0.7185109703076524
Training Results:
r2: 0.9574
rmse: 0.1633
mae: 0.1327
Validation Results:
r2: 0.8088
rmse: 0.3697
mae: 0.2735
Test Results:
r2: 0.7185
rmse: 0.4114
mae: 0.3040
18/51
train r2: 0.9749927307762543, valid r2: 0.8074219477510503, test r2: 0.7172096265602126
Training Results:
r2: 0.9750
rmse: 0.1246
mae: 0.0985
Validation Results:
r2: 0.8074
rmse: 0.3710
mae: 0.2729
Test Results:
r2: 0.7172
rmse: 0.4123
mae: 0.2962
19/51
train r2: 0.9837983811757326, valid r2: 0.8371231304553887, test r2: 0.7398594778233079
Training Results:
r2: 0.9838
rmse: 0.1005
mae: 0.0755
Validation Results:
r2: 0.8371
rmse: 0.3412
mae: 0.2518
Test Results:
r2: 0.7399
rmse: 0.3955
mae: 0.2860
20/51
train r2: 0.9910080585778676, valid r2: 0.8275303606986035, test r2: 0.7305277457360956
Training Results:
r2: 0.9910
rmse: 0.0750
mae: 0.0568
Validation Results:
r2: 0.8275
rmse: 0.3511
mae: 0.2491
Test Results:
r2: 0.7305
rmse: 0.4025
mae: 0.2936
21/51
train r2: 0.9914249437829129, valid r2: 0.8263613142315092, test r2: 0.7316782666699575
Training Results:
r2: 0.9914
rmse: 0.0728
mae: 0.0533
Validation Results:
r2: 0.8264
rmse: 0.3523
mae: 0.2582
Test Results:
r2: 0.7317
rmse: 0.4016
mae: 0.2829
22/51
train r2: 0.9945736242969024, valid r2: 0.8219229111442167, test r2: 0.7234277022366935
Training Results:
r2: 0.9946
rmse: 0.0582
mae: 0.0438
Validation Results:
r2: 0.8219
rmse: 0.3568
mae: 0.2564
Test Results:
r2: 0.7234
rmse: 0.4077
mae: 0.2884
23/51
train r2: 0.994049934240161, valid r2: 0.8248194574443206, test r2: 0.725176998706018
Training Results:
r2: 0.9940
rmse: 0.0609
mae: 0.0442
Validation Results:
r2: 0.8248
rmse: 0.3539
mae: 0.2590
Test Results:
r2: 0.7252
rmse: 0.4065
mae: 0.2892
24/51
train r2: 0.9960510398097318, valid r2: 0.8205074118980359, test r2: 0.7316094136697948
Training Results:
r2: 0.9961
rmse: 0.0494
mae: 0.0376
Validation Results:
r2: 0.8205
rmse: 0.3582
mae: 0.2578
Test Results:
r2: 0.7316
rmse: 0.4017
mae: 0.2860
25/51
train r2: 0.9953320078975919, valid r2: 0.8314396965790325, test r2: 0.7298200169613154
Training Results:
r2: 0.9953
rmse: 0.0541
mae: 0.0419
Validation Results:
r2: 0.8314
rmse: 0.3471
mae: 0.2495
Test Results:
r2: 0.7298
rmse: 0.4030
mae: 0.2877
26/51
train r2: 0.9944191394164422, valid r2: 0.8177882115030508, test r2: 0.7311123889485176
Training Results:
r2: 0.9944
rmse: 0.0591
mae: 0.0466
Validation Results:
r2: 0.8178
rmse: 0.3609
mae: 0.2597
Test Results:
r2: 0.7311
rmse: 0.4020
mae: 0.2806
27/51
train r2: 0.9965413548316862, valid r2: 0.8325463222784373, test r2: 0.7359061017121851
Training Results:
r2: 0.9965
rmse: 0.0463
mae: 0.0339
Validation Results:
r2: 0.8325
rmse: 0.3460
mae: 0.2497
Test Results:
r2: 0.7359
rmse: 0.3984
mae: 0.2846
28/51
train r2: 0.9960768961761741, valid r2: 0.8277950594154234, test r2: 0.723405388318946
Training Results:
r2: 0.9961
rmse: 0.0495
mae: 0.0376
Validation Results:
r2: 0.8278
rmse: 0.3508
mae: 0.2517
Test Results:
r2: 0.7234
rmse: 0.4078
mae: 0.2963
29/51
train r2: 0.9984521328366257, valid r2: 0.8275358382673684, test r2: 0.7287695202998217
Training Results:
r2: 0.9985
rmse: 0.0311
mae: 0.0231
Validation Results:
r2: 0.8275
rmse: 0.3511
mae: 0.2537
Test Results:
r2: 0.7288
rmse: 0.4038
mae: 0.2893
30/51
train r2: 0.9974477673148476, valid r2: 0.8292310429125216, test r2: 0.7309843592731374
Training Results:
r2: 0.9974
rmse: 0.0399
mae: 0.0310
Validation Results:
r2: 0.8292
rmse: 0.3494
mae: 0.2518
Test Results:
r2: 0.7310
rmse: 0.4021
mae: 0.2887
31/51
train r2: 0.9987035402915879, valid r2: 0.8294322843690555, test r2: 0.7274961347159257
Training Results:
r2: 0.9987
rmse: 0.0285
mae: 0.0213
Validation Results:
r2: 0.8294
rmse: 0.3492
mae: 0.2504
Test Results:
r2: 0.7275
rmse: 0.4047
mae: 0.2899
32/51
train r2: 0.9991545169985446, valid r2: 0.8298494330985189, test r2: 0.7294164658056163
Training Results:
r2: 0.9992
rmse: 0.0228
mae: 0.0165
Validation Results:
r2: 0.8298
rmse: 0.3487
mae: 0.2509
Test Results:
r2: 0.7294
rmse: 0.4033
mae: 0.2903
33/51
train r2: 0.9993610503795118, valid r2: 0.828542190821416, test r2: 0.7311237820419054
Training Results:
r2: 0.9994
rmse: 0.0199
mae: 0.0144
Validation Results:
r2: 0.8285
rmse: 0.3501
mae: 0.2511
Test Results:
r2: 0.7311
rmse: 0.4020
mae: 0.2872
34/51
train r2: 0.99948673426936, valid r2: 0.8272871026275934, test r2: 0.7304877042372753
Training Results:
r2: 0.9995
rmse: 0.0179
mae: 0.0117
Validation Results:
r2: 0.8273
rmse: 0.3514
mae: 0.2527
Test Results:
r2: 0.7305
rmse: 0.4025
mae: 0.2866
35/51
train r2: 0.9995790375273675, valid r2: 0.8255878827302914, test r2: 0.7292012846333706
Training Results:
r2: 0.9996
rmse: 0.0161
mae: 0.0115
Validation Results:
r2: 0.8256
rmse: 0.3531
mae: 0.2534
Test Results:
r2: 0.7292
rmse: 0.4035
mae: 0.2880
36/51
train r2: 0.9996422773624948, valid r2: 0.8284335770243985, test r2: 0.729035097139975
Training Results:
r2: 0.9996
rmse: 0.0150
mae: 0.0100
Validation Results:
r2: 0.8284
rmse: 0.3502
mae: 0.2507
Test Results:
r2: 0.7290
rmse: 0.4036
mae: 0.2894
37/51
train r2: 0.9995623486091951, valid r2: 0.827657798866149, test r2: 0.7278126795389924
Training Results:
r2: 0.9996
rmse: 0.0165
mae: 0.0111
Validation Results:
r2: 0.8277
rmse: 0.3510
mae: 0.2506
Test Results:
r2: 0.7278
rmse: 0.4045
mae: 0.2896
38/51
train r2: 0.9995869452822812, valid r2: 0.8253721882660578, test r2: 0.7281593775989239
Training Results:
r2: 0.9996
rmse: 0.0161
mae: 0.0110
Validation Results:
r2: 0.8254
rmse: 0.3533
mae: 0.2530
Test Results:
r2: 0.7282
rmse: 0.4042
mae: 0.2879
39/51
train r2: 0.9997703212933424, valid r2: 0.8270822146140744, test r2: 0.7284507699506751
Training Results:
r2: 0.9998
rmse: 0.0120
mae: 0.0079
Validation Results:
r2: 0.8271
rmse: 0.3516
mae: 0.2514
Test Results:
r2: 0.7285
rmse: 0.4040
mae: 0.2894
break!
train: 0.9838, val: 0.8371, test: 0.7399
end_test_result: (0.7398594778233079, 0.39545080065727234, 0.28597620129585266)
Time used on CycPept_Caco2: 0:31:45
Current seed: 2044, current split method: scaffold, current task: CycPept_Caco2
Namespace(seed=2024, times=5, n_epochs=50, config='base', model_path='../models/pretrained/base/base.pth', dataset='CycPept_Caco2', data_path='../datasets/', dataset_type='regression', use_scaler=True, metric=['r2', 'rmse', 'mae'], split='scaffold_2044', weight_decay=0.0, dropout=0.0, lr=3e-05, n_threads=8)
args.seed: 2024
use label scaler
use label scaler
use label scaler
model have 90.143705M paramerters in total
train_dataset.mean: tensor([-6.1666]) train_dataset.std: tensor([0.8126])
1/51
train r2: 0.3181553189299684, valid r2: 0.2938409052354152, test r2: -0.08809262878463575
Training Results:
r2: 0.3182
rmse: 0.6743
mae: 0.5600
Validation Results:
r2: 0.2938
rmse: 0.6217
mae: 0.5064
Test Results:
r2: -0.0881
rmse: 0.7293
mae: 0.6174
2/51
train r2: 0.5583477214440411, valid r2: 0.42397514871551834, test r2: 0.26944086855685867
Training Results:
r2: 0.5583
rmse: 0.5416
mae: 0.4306
Validation Results:
r2: 0.4240
rmse: 0.5615
mae: 0.4555
Test Results:
r2: 0.2694
rmse: 0.5976
mae: 0.4824
3/51
train r2: 0.6269853924368327, valid r2: 0.2941275170921991, test r2: 0.4054119602673455
Training Results:
r2: 0.6270
rmse: 0.4973
mae: 0.3843
Validation Results:
r2: 0.2941
rmse: 0.6216
mae: 0.5053
Test Results:
r2: 0.4054
rmse: 0.5391
mae: 0.4275
4/51
train r2: 0.7178147118773405, valid r2: 0.4961104881705407, test r2: 0.502483950418134
Training Results:
r2: 0.7178
rmse: 0.4323
mae: 0.3379
Validation Results:
r2: 0.4961
rmse: 0.5252
mae: 0.4180
Test Results:
r2: 0.5025
rmse: 0.4931
mae: 0.3875
5/51
train r2: 0.7312004388638411, valid r2: 0.6090679249589697, test r2: 0.5525703110009399
Training Results:
r2: 0.7312
rmse: 0.4226
mae: 0.3416
Validation Results:
r2: 0.6091
rmse: 0.4626
mae: 0.3877
Test Results:
r2: 0.5526
rmse: 0.4676
mae: 0.3683
6/51
train r2: 0.7883791026305589, valid r2: 0.4112108828819002, test r2: 0.5901472437064111
Training Results:
r2: 0.7884
rmse: 0.3731
mae: 0.2860
Validation Results:
r2: 0.4112
rmse: 0.5677
mae: 0.4495
Test Results:
r2: 0.5901
rmse: 0.4476
mae: 0.3523
7/51
train r2: 0.8139205983600918, valid r2: 0.5613880595913093, test r2: 0.6116675976342076
Training Results:
r2: 0.8139
rmse: 0.3486
mae: 0.2640
Validation Results:
r2: 0.5614
rmse: 0.4900
mae: 0.3864
Test Results:
r2: 0.6117
rmse: 0.4357
mae: 0.3319
8/51
train r2: 0.8631605933222976, valid r2: 0.45171590707078224, test r2: 0.6304696856922813
Training Results:
r2: 0.8632
rmse: 0.3011
mae: 0.2268
Validation Results:
r2: 0.4517
rmse: 0.5478
mae: 0.4134
Test Results:
r2: 0.6305
rmse: 0.4250
mae: 0.3292
9/51
train r2: 0.8365407767942956, valid r2: 0.4987118240133014, test r2: 0.6254947545578431
Training Results:
r2: 0.8365
rmse: 0.3282
mae: 0.2506
Validation Results:
r2: 0.4987
rmse: 0.5238
mae: 0.4218
Test Results:
r2: 0.6255
rmse: 0.4278
mae: 0.3264
10/51
train r2: 0.8755976978195843, valid r2: 0.5886658338303803, test r2: 0.6297446084933886
Training Results:
r2: 0.8756
rmse: 0.2868
mae: 0.2073
Validation Results:
r2: 0.5887
rmse: 0.4745
mae: 0.3679
Test Results:
r2: 0.6297
rmse: 0.4254
mae: 0.3267
11/51
train r2: 0.8290147958586722, valid r2: 0.4586042744723282, test r2: 0.5561025134801842
Training Results:
r2: 0.8290
rmse: 0.3341
mae: 0.2696
Validation Results:
r2: 0.4586
rmse: 0.5444
mae: 0.4370
Test Results:
r2: 0.5561
rmse: 0.4658
mae: 0.3749
12/51
train r2: 0.9226137565848351, valid r2: 0.5501306373083094, test r2: 0.6549870469593423
Training Results:
r2: 0.9226
rmse: 0.2260
mae: 0.1683
Validation Results:
r2: 0.5501
rmse: 0.4963
mae: 0.3811
Test Results:
r2: 0.6550
rmse: 0.4107
mae: 0.3097
13/51
train r2: 0.9274340935602146, valid r2: 0.5218323197170871, test r2: 0.5633885117206532
Training Results:
r2: 0.9274
rmse: 0.2196
mae: 0.1596
Validation Results:
r2: 0.5218
rmse: 0.5116
mae: 0.3914
Test Results:
r2: 0.5634
rmse: 0.4620
mae: 0.3425
14/51
train r2: 0.9372116474827946, valid r2: 0.5563881304738576, test r2: 0.658588312322306
Training Results:
r2: 0.9372
rmse: 0.2035
mae: 0.1488
Validation Results:
r2: 0.5564
rmse: 0.4928
mae: 0.3801
Test Results:
r2: 0.6586
rmse: 0.4085
mae: 0.2959
15/51
train r2: 0.9531823536069222, valid r2: 0.5359618118308034, test r2: 0.6513349859527671
Training Results:
r2: 0.9532
rmse: 0.1753
mae: 0.1297
Validation Results:
r2: 0.5360
rmse: 0.5040
mae: 0.3902
Test Results:
r2: 0.6513
rmse: 0.4128
mae: 0.3054
16/51
train r2: 0.963425624938557, valid r2: 0.5524385174111472, test r2: 0.6055670038590082
Training Results:
r2: 0.9634
rmse: 0.1555
mae: 0.1128
Validation Results:
r2: 0.5524
rmse: 0.4950
mae: 0.3878
Test Results:
r2: 0.6056
rmse: 0.4391
mae: 0.3153
17/51
train r2: 0.9647670152548468, valid r2: 0.5650048779580177, test r2: 0.6123428040048695
Training Results:
r2: 0.9648
rmse: 0.1526
mae: 0.1166
Validation Results:
r2: 0.5650
rmse: 0.4880
mae: 0.3822
Test Results:
r2: 0.6123
rmse: 0.4353
mae: 0.3282
18/51
train r2: 0.9730970252274413, valid r2: 0.5185784670585167, test r2: 0.5911478510292457
Training Results:
r2: 0.9731
rmse: 0.1336
mae: 0.1021
Validation Results:
r2: 0.5186
rmse: 0.5134
mae: 0.3901
Test Results:
r2: 0.5911
rmse: 0.4470
mae: 0.3255
19/51
train r2: 0.9804736833767375, valid r2: 0.5478144578570097, test r2: 0.5853498765683816
Training Results:
r2: 0.9805
rmse: 0.1136
mae: 0.0861
Validation Results:
r2: 0.5478
rmse: 0.4975
mae: 0.3794
Test Results:
r2: 0.5853
rmse: 0.4502
mae: 0.3281
20/51
train r2: 0.9862915016239485, valid r2: 0.5623511234948964, test r2: 0.6095533943891729
Training Results:
r2: 0.9863
rmse: 0.0952
mae: 0.0705
Validation Results:
r2: 0.5624
rmse: 0.4895
mae: 0.3769
Test Results:
r2: 0.6096
rmse: 0.4369
mae: 0.3230
21/51
train r2: 0.9880521479344515, valid r2: 0.5503420813543487, test r2: 0.6206023670261855
Training Results:
r2: 0.9881
rmse: 0.0886
mae: 0.0681
Validation Results:
r2: 0.5503
rmse: 0.4961
mae: 0.3783
Test Results:
r2: 0.6206
rmse: 0.4306
mae: 0.3161
22/51
train r2: 0.9902406296589202, valid r2: 0.5577921730065085, test r2: 0.5893080925127366
Training Results:
r2: 0.9902
rmse: 0.0803
mae: 0.0610
Validation Results:
r2: 0.5578
rmse: 0.4920
mae: 0.3806
Test Results:
r2: 0.5893
rmse: 0.4480
mae: 0.3318
23/51
train r2: 0.990999349872842, valid r2: 0.5831736927114037, test r2: 0.6311363736382236
Training Results:
r2: 0.9910
rmse: 0.0770
mae: 0.0591
Validation Results:
r2: 0.5832
rmse: 0.4777
mae: 0.3687
Test Results:
r2: 0.6311
rmse: 0.4246
mae: 0.3084
24/51
train r2: 0.9928144577341428, valid r2: 0.5647861166545961, test r2: 0.5973495174217399
Training Results:
r2: 0.9928
rmse: 0.0687
mae: 0.0543
Validation Results:
r2: 0.5648
rmse: 0.4881
mae: 0.3766
Test Results:
r2: 0.5973
rmse: 0.4436
mae: 0.3297
25/51
train r2: 0.9953959006752238, valid r2: 0.5724615422863901, test r2: 0.6286347273040351
Training Results:
r2: 0.9954
rmse: 0.0551
mae: 0.0406
Validation Results:
r2: 0.5725
rmse: 0.4838
mae: 0.3751
Test Results:
r2: 0.6286
rmse: 0.4260
mae: 0.3130
break!
train: 0.7312, val: 0.6091, test: 0.5526
end_test_result: (0.5525703110009399, 0.46764957904815674, 0.36834537982940674)
args.seed: 2034
use label scaler
use label scaler
use label scaler
model have 90.143705M paramerters in total
train_dataset.mean: tensor([-6.1666]) train_dataset.std: tensor([0.8126])
1/51
train r2: 0.31952736550947014, valid r2: 0.38431659548257724, test r2: 0.13063646366599624
Training Results:
r2: 0.3195
rmse: 0.6699
mae: 0.5689
Validation Results:
r2: 0.3843
rmse: 0.5805
mae: 0.4918
Test Results:
r2: 0.1306
rmse: 0.6519
mae: 0.5577
2/51
train r2: 0.5589549081700627, valid r2: 0.4150910477056974, test r2: 0.39979252148571187
Training Results:
r2: 0.5590
rmse: 0.5400
mae: 0.4384
Validation Results:
r2: 0.4151
rmse: 0.5659
mae: 0.4619
Test Results:
r2: 0.3998
rmse: 0.5416
mae: 0.4302
3/51
train r2: 0.6949948125303529, valid r2: 0.5239754100146302, test r2: 0.564810356853658
Training Results:
r2: 0.6950
rmse: 0.4477
mae: 0.3520
Validation Results:
r2: 0.5240
rmse: 0.5105
mae: 0.4014
Test Results:
r2: 0.5648
rmse: 0.4612
mae: 0.3722
4/51
train r2: 0.7235195440357918, valid r2: 0.5783274007409169, test r2: 0.5405970714049803
Training Results:
r2: 0.7235
rmse: 0.4265
mae: 0.3352
Validation Results:
r2: 0.5783
rmse: 0.4804
mae: 0.3934
Test Results:
r2: 0.5406
rmse: 0.4739
mae: 0.3747
5/51
train r2: 0.7869311663061327, valid r2: 0.5954291085105078, test r2: 0.5735000492457121
Training Results:
r2: 0.7869
rmse: 0.3733
mae: 0.2853
Validation Results:
r2: 0.5954
rmse: 0.4706
mae: 0.3634
Test Results:
r2: 0.5735
rmse: 0.4566
mae: 0.3656
6/51
train r2: 0.7861200239610922, valid r2: 0.6384541800115257, test r2: 0.6774819511355744
Training Results:
r2: 0.7861
rmse: 0.3747
mae: 0.2891
Validation Results:
r2: 0.6385
rmse: 0.4449
mae: 0.3575
Test Results:
r2: 0.6775
rmse: 0.3970
mae: 0.3203
7/51
train r2: 0.8525964717648219, valid r2: 0.5913393859053777, test r2: 0.6471698647329679
Training Results:
r2: 0.8526
rmse: 0.3124
mae: 0.2333
Validation Results:
r2: 0.5913
rmse: 0.4730
mae: 0.3652
Test Results:
r2: 0.6472
rmse: 0.4153
mae: 0.3225
8/51
train r2: 0.8498747883624987, valid r2: 0.603214149714645, test r2: 0.5930074723296175
Training Results:
r2: 0.8499
rmse: 0.3130
mae: 0.2374
Validation Results:
r2: 0.6032
rmse: 0.4661
mae: 0.3510
Test Results:
r2: 0.5930
rmse: 0.4460
mae: 0.3457
9/51
train r2: 0.8790826490874306, valid r2: 0.6168474563346541, test r2: 0.7054008256234896
Training Results:
r2: 0.8791
rmse: 0.2826
mae: 0.2150
Validation Results:
r2: 0.6168
rmse: 0.4580
mae: 0.3596
Test Results:
r2: 0.7054
rmse: 0.3795
mae: 0.3016
10/51
train r2: 0.8924569845601918, valid r2: 0.6102665984182356, test r2: 0.6753886234266819
Training Results:
r2: 0.8925
rmse: 0.2662
mae: 0.2018
Validation Results:
r2: 0.6103
rmse: 0.4619
mae: 0.3603
Test Results:
r2: 0.6754
rmse: 0.3983
mae: 0.3133
11/51
train r2: 0.881455077434, valid r2: 0.5358341636523898, test r2: 0.658426339465287
Training Results:
r2: 0.8815
rmse: 0.2785
mae: 0.2103
Validation Results:
r2: 0.5358
rmse: 0.5041
mae: 0.3959
Test Results:
r2: 0.6584
rmse: 0.4086
mae: 0.3147
12/51
train r2: 0.9266304286745707, valid r2: 0.6351310029742554, test r2: 0.6897787227725712
Training Results:
r2: 0.9266
rmse: 0.2203
mae: 0.1573
Validation Results:
r2: 0.6351
rmse: 0.4469
mae: 0.3497
Test Results:
r2: 0.6898
rmse: 0.3894
mae: 0.2988
13/51
train r2: 0.943035343309586, valid r2: 0.5977676340300864, test r2: 0.6622615117109407
Training Results:
r2: 0.9430
rmse: 0.1942
mae: 0.1405
Validation Results:
r2: 0.5978
rmse: 0.4692
mae: 0.3618
Test Results:
r2: 0.6623
rmse: 0.4063
mae: 0.3167
14/51
train r2: 0.9282893407762391, valid r2: 0.5337668748195927, test r2: 0.6389551151431122
Training Results:
r2: 0.9283
rmse: 0.2177
mae: 0.1746
Validation Results:
r2: 0.5338
rmse: 0.5052
mae: 0.3830
Test Results:
r2: 0.6390
rmse: 0.4201
mae: 0.3255
15/51
train r2: 0.9620700159324047, valid r2: 0.6419872606706226, test r2: 0.6770358865302457
Training Results:
r2: 0.9621
rmse: 0.1572
mae: 0.1153
Validation Results:
r2: 0.6420
rmse: 0.4427
mae: 0.3406
Test Results:
r2: 0.6770
rmse: 0.3973
mae: 0.3129
16/51
train r2: 0.9612925039030731, valid r2: 0.5858490175369051, test r2: 0.6690029236024562
Training Results:
r2: 0.9613
rmse: 0.1600
mae: 0.1207
Validation Results:
r2: 0.5858
rmse: 0.4761
mae: 0.3663
Test Results:
r2: 0.6690
rmse: 0.4022
mae: 0.3103
17/51
train r2: 0.9704517771961623, valid r2: 0.62247221373979, test r2: 0.6617527205580171
Training Results:
r2: 0.9705
rmse: 0.1398
mae: 0.1044
Validation Results:
r2: 0.6225
rmse: 0.4546
mae: 0.3482
Test Results:
r2: 0.6618
rmse: 0.4066
mae: 0.3129
18/51
train r2: 0.9805686379241154, valid r2: 0.6386296487378991, test r2: 0.6901416222581997
Training Results:
r2: 0.9806
rmse: 0.1133
mae: 0.0851
Validation Results:
r2: 0.6386
rmse: 0.4448
mae: 0.3402
Test Results:
r2: 0.6901
rmse: 0.3892
mae: 0.3008
19/51
train r2: 0.9626967313910383, valid r2: 0.5818762957146484, test r2: 0.6895512155704513
Training Results:
r2: 0.9627
rmse: 0.1566
mae: 0.1243
Validation Results:
r2: 0.5819
rmse: 0.4784
mae: 0.3732
Test Results:
r2: 0.6896
rmse: 0.3895
mae: 0.3088
20/51
train r2: 0.9812723250806519, valid r2: 0.6071140975040465, test r2: 0.670343964362585
Training Results:
r2: 0.9813
rmse: 0.1114
mae: 0.0873
Validation Results:
r2: 0.6071
rmse: 0.4638
mae: 0.3532
Test Results:
r2: 0.6703
rmse: 0.4014
mae: 0.3146
21/51
train r2: 0.9840958539462284, valid r2: 0.6214451245783874, test r2: 0.6720609131691243
Training Results:
r2: 0.9841
rmse: 0.1020
mae: 0.0774
Validation Results:
r2: 0.6214
rmse: 0.4552
mae: 0.3457
Test Results:
r2: 0.6721
rmse: 0.4004
mae: 0.3144
22/51
train r2: 0.9868960246444767, valid r2: 0.6282202796328802, test r2: 0.6687514224686282
Training Results:
r2: 0.9869
rmse: 0.0931
mae: 0.0726
Validation Results:
r2: 0.6282
rmse: 0.4511
mae: 0.3457
Test Results:
r2: 0.6688
rmse: 0.4024
mae: 0.3173
23/51
train r2: 0.9910426418091579, valid r2: 0.6441267149377536, test r2: 0.6703623577827833
Training Results:
r2: 0.9910
rmse: 0.0769
mae: 0.0595
Validation Results:
r2: 0.6441
rmse: 0.4414
mae: 0.3416
Test Results:
r2: 0.6704
rmse: 0.4014
mae: 0.3159
24/51
train r2: 0.9941302526747529, valid r2: 0.6416735904730543, test r2: 0.6697537428618152
Training Results:
r2: 0.9941
rmse: 0.0625
mae: 0.0438
Validation Results:
r2: 0.6417
rmse: 0.4429
mae: 0.3395
Test Results:
r2: 0.6698
rmse: 0.4018
mae: 0.3098
25/51
train r2: 0.9953395253521266, valid r2: 0.6314536485368764, test r2: 0.6753254806589929
Training Results:
r2: 0.9953
rmse: 0.0555
mae: 0.0398
Validation Results:
r2: 0.6315
rmse: 0.4492
mae: 0.3451
Test Results:
r2: 0.6753
rmse: 0.3984
mae: 0.3066
26/51
train r2: 0.9971535693465777, valid r2: 0.6448223436036151, test r2: 0.6682951647333484
Training Results:
r2: 0.9972
rmse: 0.0433
mae: 0.0304
Validation Results:
r2: 0.6448
rmse: 0.4409
mae: 0.3369
Test Results:
r2: 0.6683
rmse: 0.4027
mae: 0.3151
27/51
train r2: 0.9971911734990194, valid r2: 0.636722006306951, test r2: 0.6666692456348688
Training Results:
r2: 0.9972
rmse: 0.0431
mae: 0.0311
Validation Results:
r2: 0.6367
rmse: 0.4459
mae: 0.3418
Test Results:
r2: 0.6667
rmse: 0.4036
mae: 0.3116
28/51
train r2: 0.9978253969556826, valid r2: 0.645085898867064, test r2: 0.6700629959923292
Training Results:
r2: 0.9978
rmse: 0.0379
mae: 0.0274
Validation Results:
r2: 0.6451
rmse: 0.4408
mae: 0.3381
Test Results:
r2: 0.6701
rmse: 0.4016
mae: 0.3125
29/51
train r2: 0.9976545593374113, valid r2: 0.6321584098392478, test r2: 0.6586633045765359
Training Results:
r2: 0.9977
rmse: 0.0395
mae: 0.0306
Validation Results:
r2: 0.6322
rmse: 0.4487
mae: 0.3433
Test Results:
r2: 0.6587
rmse: 0.4085
mae: 0.3211
30/51
train r2: 0.9987090287661913, valid r2: 0.643380216172787, test r2: 0.6733415935554699
Training Results:
r2: 0.9987
rmse: 0.0293
mae: 0.0211
Validation Results:
r2: 0.6434
rmse: 0.4418
mae: 0.3391
Test Results:
r2: 0.6733
rmse: 0.3996
mae: 0.3130
31/51
train r2: 0.9984592425029417, valid r2: 0.6316120388242566, test r2: 0.6772586318857731
Training Results:
r2: 0.9985
rmse: 0.0319
mae: 0.0226
Validation Results:
r2: 0.6316
rmse: 0.4491
mae: 0.3449
Test Results:
r2: 0.6773
rmse: 0.3972
mae: 0.3111
32/51
train r2: 0.9987480268752281, valid r2: 0.6358870795476783, test r2: 0.6629907029120377
Training Results:
r2: 0.9987
rmse: 0.0287
mae: 0.0201
Validation Results:
r2: 0.6359
rmse: 0.4465
mae: 0.3426
Test Results:
r2: 0.6630
rmse: 0.4059
mae: 0.3179
33/51
train r2: 0.9993236693769398, valid r2: 0.63645308131966, test r2: 0.6702114124743204
Training Results:
r2: 0.9993
rmse: 0.0212
mae: 0.0141
Validation Results:
r2: 0.6365
rmse: 0.4461
mae: 0.3440
Test Results:
r2: 0.6702
rmse: 0.4015
mae: 0.3149
34/51
train r2: 0.9992280666572864, valid r2: 0.6390466532438439, test r2: 0.6703116120167829
Training Results:
r2: 0.9992
rmse: 0.0224
mae: 0.0157
Validation Results:
r2: 0.6390
rmse: 0.4445
mae: 0.3408
Test Results:
r2: 0.6703
rmse: 0.4014
mae: 0.3140
35/51
train r2: 0.9995320654535944, valid r2: 0.6367088985650936, test r2: 0.6686822932602623
Training Results:
r2: 0.9995
rmse: 0.0177
mae: 0.0115
Validation Results:
r2: 0.6367
rmse: 0.4459
mae: 0.3433
Test Results:
r2: 0.6687
rmse: 0.4024
mae: 0.3169
36/51
train r2: 0.9995189401137426, valid r2: 0.6358447587347393, test r2: 0.6694526365405082
Training Results:
r2: 0.9995
rmse: 0.0178
mae: 0.0119
Validation Results:
r2: 0.6358
rmse: 0.4465
mae: 0.3437
Test Results:
r2: 0.6695
rmse: 0.4020
mae: 0.3165
37/51
train r2: 0.9996014728417731, valid r2: 0.6360301416908198, test r2: 0.6703145289468778
Training Results:
r2: 0.9996
rmse: 0.0162
mae: 0.0107
Validation Results:
r2: 0.6360
rmse: 0.4464
mae: 0.3433
Test Results:
r2: 0.6703
rmse: 0.4014
mae: 0.3159
38/51
train r2: 0.99962332122442, valid r2: 0.6352221944894453, test r2: 0.6661166118269217
Training Results:
r2: 0.9996
rmse: 0.0157
mae: 0.0099
Validation Results:
r2: 0.6352
rmse: 0.4469
mae: 0.3436
Test Results:
r2: 0.6661
rmse: 0.4040
mae: 0.3181
39/51
train r2: 0.9997154082096315, valid r2: 0.6361030018355209, test r2: 0.6676523391797262
Training Results:
r2: 0.9997
rmse: 0.0137
mae: 0.0083
Validation Results:
r2: 0.6361
rmse: 0.4463
mae: 0.3435
Test Results:
r2: 0.6677
rmse: 0.4030
mae: 0.3176
40/51
train r2: 0.9997240478600986, valid r2: 0.6365967690245684, test r2: 0.6700199457644528
Training Results:
r2: 0.9997
rmse: 0.0135
mae: 0.0091
Validation Results:
r2: 0.6366
rmse: 0.4460
mae: 0.3436
Test Results:
r2: 0.6700
rmse: 0.4016
mae: 0.3164
41/51
train r2: 0.9996425106850714, valid r2: 0.6361643875914096, test r2: 0.6710005812606276
Training Results:
r2: 0.9996
rmse: 0.0154
mae: 0.0109
Validation Results:
r2: 0.6362
rmse: 0.4463
mae: 0.3436
Test Results:
r2: 0.6710
rmse: 0.4010
mae: 0.3157
42/51
train r2: 0.9996567984141796, valid r2: 0.636785344324013, test r2: 0.6694797296371391
Training Results:
r2: 0.9997
rmse: 0.0151
mae: 0.0090
Validation Results:
r2: 0.6368
rmse: 0.4459
mae: 0.3432
Test Results:
r2: 0.6695
rmse: 0.4019
mae: 0.3162
43/51
train r2: 0.9998112197330394, valid r2: 0.6382050900064478, test r2: 0.6658160180530235
Training Results:
r2: 0.9998
rmse: 0.0112
mae: 0.0061
Validation Results:
r2: 0.6382
rmse: 0.4450
mae: 0.3425
Test Results:
r2: 0.6658
rmse: 0.4042
mae: 0.3186
44/51
train r2: 0.999823168972371, valid r2: 0.6368407373662578, test r2: 0.6673957244218587
Training Results:
r2: 0.9998
rmse: 0.0108
mae: 0.0060
Validation Results:
r2: 0.6368
rmse: 0.4459
mae: 0.3431
Test Results:
r2: 0.6674
rmse: 0.4032
mae: 0.3179
45/51
train r2: 0.9998191358506171, valid r2: 0.6384540645235492, test r2: 0.6646423043834155
Training Results:
r2: 0.9998
rmse: 0.0109
mae: 0.0063
Validation Results:
r2: 0.6385
rmse: 0.4449
mae: 0.3424
Test Results:
r2: 0.6646
rmse: 0.4049
mae: 0.3190
46/51
train r2: 0.9998525386871474, valid r2: 0.6378821284597178, test r2: 0.6668814807647305
Training Results:
r2: 0.9999
rmse: 0.0099
mae: 0.0047
Validation Results:
r2: 0.6379
rmse: 0.4452
mae: 0.3424
Test Results:
r2: 0.6669
rmse: 0.4035
mae: 0.3177
47/51
train r2: 0.9998635500682348, valid r2: 0.6374914598064247, test r2: 0.6664271500015375
Training Results:
r2: 0.9999
rmse: 0.0095
mae: 0.0041
Validation Results:
r2: 0.6375
rmse: 0.4455
mae: 0.3429
Test Results:
r2: 0.6664
rmse: 0.4038
mae: 0.3181
48/51
train r2: 0.999866551330686, valid r2: 0.6376464845561896, test r2: 0.6670238387296112
Training Results:
r2: 0.9999
rmse: 0.0094
mae: 0.0042
Validation Results:
r2: 0.6376
rmse: 0.4454
mae: 0.3428
Test Results:
r2: 0.6670
rmse: 0.4034
mae: 0.3177
break!
train: 0.9978, val: 0.6451, test: 0.6701
end_test_result: (0.6700629959923292, 0.40158146619796753, 0.312487930059433)
args.seed: 2044
use label scaler
use label scaler
use label scaler
model have 90.143705M paramerters in total
train_dataset.mean: tensor([-6.1666]) train_dataset.std: tensor([0.8126])
1/51
train r2: 0.34615928115857064, valid r2: 0.19788098384650898, test r2: 0.1174738260713113
Training Results:
r2: 0.3462
rmse: 0.6595
mae: 0.5615
Validation Results:
r2: 0.1979
rmse: 0.6626
mae: 0.5697
Test Results:
r2: 0.1175
rmse: 0.6568
mae: 0.5672
2/51
train r2: 0.5808469934190832, valid r2: 0.2590324274748702, test r2: 0.4135667308110377
Training Results:
r2: 0.5808
rmse: 0.5263
mae: 0.4262
Validation Results:
r2: 0.2590
rmse: 0.6369
mae: 0.5052
Test Results:
r2: 0.4136
rmse: 0.5354
mae: 0.4206
3/51
train r2: 0.37481463740495624, valid r2: 0.14483608112916024, test r2: -0.03372518325643048
Training Results:
r2: 0.3748
rmse: 0.6435
mae: 0.5070
Validation Results:
r2: 0.1448
rmse: 0.6842
mae: 0.5642
Test Results:
r2: -0.0337
rmse: 0.7108
mae: 0.5936
4/51
train r2: 0.7636520675005728, valid r2: 0.4022234885066234, test r2: 0.51518354579256
Training Results:
r2: 0.7637
rmse: 0.3956
mae: 0.3047
Validation Results:
r2: 0.4022
rmse: 0.5720
mae: 0.4195
Test Results:
r2: 0.5152
rmse: 0.4868
mae: 0.3806
5/51
train r2: 0.771880061045285, valid r2: 0.4439898835801319, test r2: 0.49474482531072206
Training Results:
r2: 0.7719
rmse: 0.3883
mae: 0.2911
Validation Results:
r2: 0.4440
rmse: 0.5517
mae: 0.4134
Test Results:
r2: 0.4947
rmse: 0.4970
mae: 0.3918
6/51
train r2: 0.7499689158160342, valid r2: 0.514713208528587, test r2: 0.46437114355554854
Training Results:
r2: 0.7500
rmse: 0.4039
mae: 0.3073
Validation Results:
r2: 0.5147
rmse: 0.5154
mae: 0.3968
Test Results:
r2: 0.4644
rmse: 0.5117
mae: 0.3993
7/51
train r2: 0.711919442813713, valid r2: 0.3886529850728533, test r2: 0.3921334419781711
Training Results:
r2: 0.7119
rmse: 0.4371
mae: 0.3381
Validation Results:
r2: 0.3887
rmse: 0.5785
mae: 0.4504
Test Results:
r2: 0.3921
rmse: 0.5451
mae: 0.4342
8/51
train r2: 0.7276690168182613, valid r2: 0.1424896787804264, test r2: 0.35917845667272585
Training Results:
r2: 0.7277
rmse: 0.4234
mae: 0.3329
Validation Results:
r2: 0.1425
rmse: 0.6851
mae: 0.5416
Test Results:
r2: 0.3592
rmse: 0.5597
mae: 0.4489
9/51
train r2: 0.8497662006364618, valid r2: 0.44370651168134945, test r2: 0.6095109661526699
Training Results:
r2: 0.8498
rmse: 0.3147
mae: 0.2361
Validation Results:
r2: 0.4437
rmse: 0.5518
mae: 0.4070
Test Results:
r2: 0.6095
rmse: 0.4369
mae: 0.3377
10/51
train r2: 0.8809698097310749, valid r2: 0.5284254884284563, test r2: 0.5378611667732521
Training Results:
r2: 0.8810
rmse: 0.2787
mae: 0.2045
Validation Results:
r2: 0.5284
rmse: 0.5081
mae: 0.3740
Test Results:
r2: 0.5379
rmse: 0.4753
mae: 0.3770
11/51
train r2: 0.8993285009991904, valid r2: 0.4279689623413029, test r2: 0.6540249976354595
Training Results:
r2: 0.8993
rmse: 0.2578
mae: 0.1939
Validation Results:
r2: 0.4280
rmse: 0.5596
mae: 0.4341
Test Results:
r2: 0.6540
rmse: 0.4112
mae: 0.3188
12/51
train r2: 0.91051855684521, valid r2: 0.4295565950428476, test r2: 0.6077480755339453
Training Results:
r2: 0.9105
rmse: 0.2436
mae: 0.1893
Validation Results:
r2: 0.4296
rmse: 0.5588
mae: 0.4274
Test Results:
r2: 0.6077
rmse: 0.4379
mae: 0.3492
13/51
train r2: 0.9219963317855863, valid r2: 0.40480566180603583, test r2: 0.6106114580353152
Training Results:
r2: 0.9220
rmse: 0.2259
mae: 0.1718
Validation Results:
r2: 0.4048
rmse: 0.5708
mae: 0.4281
Test Results:
r2: 0.6106
rmse: 0.4363
mae: 0.3395
14/51
train r2: 0.9558423583838961, valid r2: 0.48956285325731064, test r2: 0.6182710168360184
Training Results:
r2: 0.9558
rmse: 0.1714
mae: 0.1259
Validation Results:
r2: 0.4896
rmse: 0.5286
mae: 0.3977
Test Results:
r2: 0.6183
rmse: 0.4320
mae: 0.3359
15/51
train r2: 0.9578418811891404, valid r2: 0.4574139517530359, test r2: 0.6042943039374906
Training Results:
r2: 0.9578
rmse: 0.1672
mae: 0.1223
Validation Results:
r2: 0.4574
rmse: 0.5450
mae: 0.4062
Test Results:
r2: 0.6043
rmse: 0.4398
mae: 0.3377
16/51
train r2: 0.961127846994374, valid r2: 0.5348693016302688, test r2: 0.6208488939360113
Training Results:
r2: 0.9611
rmse: 0.1605
mae: 0.1187
Validation Results:
r2: 0.5349
rmse: 0.5046
mae: 0.3800
Test Results:
r2: 0.6208
rmse: 0.4305
mae: 0.3287
17/51
train r2: 0.9722487376950157, valid r2: 0.512915690903905, test r2: 0.599771138238824
Training Results:
r2: 0.9722
rmse: 0.1358
mae: 0.1007
Validation Results:
r2: 0.5129
rmse: 0.5164
mae: 0.3831
Test Results:
r2: 0.5998
rmse: 0.4423
mae: 0.3398
18/51
train r2: 0.9731977989355021, valid r2: 0.5140983578705824, test r2: 0.5803063540914984
Training Results:
r2: 0.9732
rmse: 0.1329
mae: 0.0947
Validation Results:
r2: 0.5141
rmse: 0.5157
mae: 0.3768
Test Results:
r2: 0.5803
rmse: 0.4529
mae: 0.3484
19/51
train r2: 0.9741019364050686, valid r2: 0.5520908578935628, test r2: 0.5749221041589507
Training Results:
r2: 0.9741
rmse: 0.1305
mae: 0.1025
Validation Results:
r2: 0.5521
rmse: 0.4952
mae: 0.3723
Test Results:
r2: 0.5749
rmse: 0.4558
mae: 0.3475
20/51
train r2: 0.9861657632126067, valid r2: 0.5246615392047249, test r2: 0.6090218065221616
Training Results:
r2: 0.9862
rmse: 0.0958
mae: 0.0701
Validation Results:
r2: 0.5247
rmse: 0.5101
mae: 0.3759
Test Results:
r2: 0.6090
rmse: 0.4372
mae: 0.3339
21/51
train r2: 0.9907033872234425, valid r2: 0.5367377076239229, test r2: 0.6059877842029484
Training Results:
r2: 0.9907
rmse: 0.0783
mae: 0.0581
Validation Results:
r2: 0.5367
rmse: 0.5036
mae: 0.3737
Test Results:
r2: 0.6060
rmse: 0.4388
mae: 0.3369
22/51
train r2: 0.9903617679603954, valid r2: 0.5658096040360223, test r2: 0.5774325881311311
Training Results:
r2: 0.9904
rmse: 0.0798
mae: 0.0627
Validation Results:
r2: 0.5658
rmse: 0.4875
mae: 0.3658
Test Results:
r2: 0.5774
rmse: 0.4545
mae: 0.3498
23/51
train r2: 0.9893145231187076, valid r2: 0.5325757914649316, test r2: 0.571051808917114
Training Results:
r2: 0.9893
rmse: 0.0842
mae: 0.0647
Validation Results:
r2: 0.5326
rmse: 0.5058
mae: 0.3765
Test Results:
r2: 0.5711
rmse: 0.4579
mae: 0.3476
24/51
train r2: 0.9943585576807362, valid r2: 0.5453244129153552, test r2: 0.6017333731343286
Training Results:
r2: 0.9944
rmse: 0.0611
mae: 0.0466
Validation Results:
r2: 0.5453
rmse: 0.4989
mae: 0.3725
Test Results:
r2: 0.6017
rmse: 0.4412
mae: 0.3368
25/51
train r2: 0.9954034120708667, valid r2: 0.5344218922255328, test r2: 0.5956897070689486
Training Results:
r2: 0.9954
rmse: 0.0552
mae: 0.0415
Validation Results:
r2: 0.5344
rmse: 0.5048
mae: 0.3770
Test Results:
r2: 0.5957
rmse: 0.4445
mae: 0.3409
26/51
train r2: 0.9964388951825629, valid r2: 0.5436714808589641, test r2: 0.590306196090394
Training Results:
r2: 0.9964
rmse: 0.0485
mae: 0.0350
Validation Results:
r2: 0.5437
rmse: 0.4998
mae: 0.3714
Test Results:
r2: 0.5903
rmse: 0.4475
mae: 0.3457
27/51
train r2: 0.9968759267236901, valid r2: 0.5333713863996088, test r2: 0.6005520540206336
Training Results:
r2: 0.9969
rmse: 0.0453
mae: 0.0333
Validation Results:
r2: 0.5334
rmse: 0.5054
mae: 0.3757
Test Results:
r2: 0.6006
rmse: 0.4419
mae: 0.3369
28/51
train r2: 0.9975810313223256, valid r2: 0.5581221100133433, test r2: 0.5898268260752548
Training Results:
r2: 0.9976
rmse: 0.0400
mae: 0.0283
Validation Results:
r2: 0.5581
rmse: 0.4918
mae: 0.3661
Test Results:
r2: 0.5898
rmse: 0.4478
mae: 0.3429
29/51
train r2: 0.9981820627318179, valid r2: 0.5444242507035583, test r2: 0.5882692468223965
Training Results:
r2: 0.9982
rmse: 0.0346
mae: 0.0241
Validation Results:
r2: 0.5444
rmse: 0.4994
mae: 0.3736
Test Results:
r2: 0.5883
rmse: 0.4486
mae: 0.3466
30/51
train r2: 0.9983136609045994, valid r2: 0.539946456079686, test r2: 0.5914200533769984
Training Results:
r2: 0.9983
rmse: 0.0335
mae: 0.0243
Validation Results:
r2: 0.5399
rmse: 0.5018
mae: 0.3734
Test Results:
r2: 0.5914
rmse: 0.4469
mae: 0.3426
31/51
train r2: 0.9987786590298922, valid r2: 0.541739661760463, test r2: 0.593985012488198
Training Results:
r2: 0.9988
rmse: 0.0284
mae: 0.0203
Validation Results:
r2: 0.5417
rmse: 0.5009
mae: 0.3743
Test Results:
r2: 0.5940
rmse: 0.4455
mae: 0.3424
32/51
train r2: 0.9989864257423383, valid r2: 0.545381934002229, test r2: 0.5887936216817542
Training Results:
r2: 0.9990
rmse: 0.0259
mae: 0.0176
Validation Results:
r2: 0.5454
rmse: 0.4989
mae: 0.3732
Test Results:
r2: 0.5888
rmse: 0.4483
mae: 0.3451
33/51
train r2: 0.9992140022585654, valid r2: 0.5471778976121422, test r2: 0.5914597477275507
Training Results:
r2: 0.9992
rmse: 0.0228
mae: 0.0155
Validation Results:
r2: 0.5472
rmse: 0.4979
mae: 0.3718
Test Results:
r2: 0.5915
rmse: 0.4469
mae: 0.3430
34/51
train r2: 0.9992436134179966, valid r2: 0.5489436047607523, test r2: 0.5848591646380541
Training Results:
r2: 0.9992
rmse: 0.0223
mae: 0.0152
Validation Results:
r2: 0.5489
rmse: 0.4969
mae: 0.3726
Test Results:
r2: 0.5849
rmse: 0.4505
mae: 0.3474
35/51
train r2: 0.9993339115314052, valid r2: 0.5404497238304803, test r2: 0.592829540555559
Training Results:
r2: 0.9993
rmse: 0.0210
mae: 0.0133
Validation Results:
r2: 0.5404
rmse: 0.5016
mae: 0.3755
Test Results:
r2: 0.5928
rmse: 0.4461
mae: 0.3424
36/51
train r2: 0.999453550050956, valid r2: 0.5469016516526064, test r2: 0.5872065739184082
Training Results:
r2: 0.9995
rmse: 0.0190
mae: 0.0124
Validation Results:
r2: 0.5469
rmse: 0.4980
mae: 0.3721
Test Results:
r2: 0.5872
rmse: 0.4492
mae: 0.3453
37/51
train r2: 0.9994954583531421, valid r2: 0.5464922077154781, test r2: 0.5860824528835631
Training Results:
r2: 0.9995
rmse: 0.0183
mae: 0.0116
Validation Results:
r2: 0.5465
rmse: 0.4983
mae: 0.3722
Test Results:
r2: 0.5861
rmse: 0.4498
mae: 0.3466
38/51
train r2: 0.9995955789011892, valid r2: 0.5478715951367555, test r2: 0.5869906558377187
Training Results:
r2: 0.9996
rmse: 0.0163
mae: 0.0099
Validation Results:
r2: 0.5479
rmse: 0.4975
mae: 0.3725
Test Results:
r2: 0.5870
rmse: 0.4493
mae: 0.3460
39/51
train r2: 0.9996279106086714, valid r2: 0.5475498472484606, test r2: 0.5856193903256315
Training Results:
r2: 0.9996
rmse: 0.0157
mae: 0.0093
Validation Results:
r2: 0.5475
rmse: 0.4977
mae: 0.3732
Test Results:
r2: 0.5856
rmse: 0.4500
mae: 0.3467
40/51
train r2: 0.9996946860904901, valid r2: 0.5463162027816792, test r2: 0.5872358039080209
Training Results:
r2: 0.9997
rmse: 0.0142
mae: 0.0083
Validation Results:
r2: 0.5463
rmse: 0.4983
mae: 0.3732
Test Results:
r2: 0.5872
rmse: 0.4492
mae: 0.3449
41/51
train r2: 0.9996960956958179, valid r2: 0.5444725999139342, test r2: 0.5915079778296397
Training Results:
r2: 0.9997
rmse: 0.0142
mae: 0.0087
Validation Results:
r2: 0.5445
rmse: 0.4994
mae: 0.3739
Test Results:
r2: 0.5915
rmse: 0.4468
mae: 0.3435
42/51
train r2: 0.9997567657653644, valid r2: 0.5471942316877838, test r2: 0.5878997571194633
Training Results:
r2: 0.9998
rmse: 0.0127
mae: 0.0069
Validation Results:
r2: 0.5472
rmse: 0.4979
mae: 0.3728
Test Results:
r2: 0.5879
rmse: 0.4488
mae: 0.3446
break!
train: 0.9904, val: 0.5658, test: 0.5774
end_test_result: (0.5774325881311311, 0.4544709622859955, 0.34984251856803894)
args.seed: 2054
use label scaler
use label scaler
use label scaler
model have 90.143705M paramerters in total
train_dataset.mean: tensor([-6.1666]) train_dataset.std: tensor([0.8126])
1/51
train r2: 0.2437919778879999, valid r2: 0.2856162383024141, test r2: 0.17430569004874452
Training Results:
r2: 0.2438
rmse: 0.7057
mae: 0.6055
Validation Results:
r2: 0.2856
rmse: 0.6254
mae: 0.5459
Test Results:
r2: 0.1743
rmse: 0.6353
mae: 0.5445
2/51
train r2: 0.5013523005262158, valid r2: 0.3542817801019512, test r2: 0.42969431772653943
Training Results:
r2: 0.5014
rmse: 0.5734
mae: 0.4730
Validation Results:
r2: 0.3543
rmse: 0.5945
mae: 0.4863
Test Results:
r2: 0.4297
rmse: 0.5280
mae: 0.4266
3/51
train r2: 0.6401019337426017, valid r2: 0.4764733162637349, test r2: 0.438517200427758
Training Results:
r2: 0.6401
rmse: 0.4885
mae: 0.3776
Validation Results:
r2: 0.4765
rmse: 0.5353
mae: 0.4257
Test Results:
r2: 0.4385
rmse: 0.5239
mae: 0.4187
4/51
train r2: 0.7170053256957422, valid r2: 0.39809461811381763, test r2: 0.5206932057734924
Training Results:
r2: 0.7170
rmse: 0.4299
mae: 0.3430
Validation Results:
r2: 0.3981
rmse: 0.5740
mae: 0.4499
Test Results:
r2: 0.5207
rmse: 0.4840
mae: 0.3953
5/51
train r2: 0.7877869224198623, valid r2: 0.5414201996983514, test r2: 0.6186332764874293
Training Results:
r2: 0.7878
rmse: 0.3725
mae: 0.2841
Validation Results:
r2: 0.5414
rmse: 0.5010
mae: 0.3786
Test Results:
r2: 0.6186
rmse: 0.4317
mae: 0.3426
6/51
train r2: 0.7712862378592172, valid r2: 0.5463116740301299, test r2: 0.6410446901818954
Training Results:
r2: 0.7713
rmse: 0.3890
mae: 0.3029
Validation Results:
r2: 0.5463
rmse: 0.4984
mae: 0.4009
Test Results:
r2: 0.6410
rmse: 0.4189
mae: 0.3425
7/51
train r2: 0.8414242042833064, valid r2: 0.5729342525561614, test r2: 0.6368963515616742
Training Results:
r2: 0.8414
rmse: 0.3245
mae: 0.2426
Validation Results:
r2: 0.5729
rmse: 0.4835
mae: 0.3661
Test Results:
r2: 0.6369
rmse: 0.4213
mae: 0.3275
8/51
train r2: 0.8691942493422903, valid r2: 0.5905954699453175, test r2: 0.6877062513373844
Training Results:
r2: 0.8692
rmse: 0.2941
mae: 0.2179
Validation Results:
r2: 0.5906
rmse: 0.4734
mae: 0.3742
Test Results:
r2: 0.6877
rmse: 0.3907
mae: 0.3044
9/51
train r2: 0.8765899454908963, valid r2: 0.6354785980783062, test r2: 0.6293573983593297
Training Results:
r2: 0.8766
rmse: 0.2851
mae: 0.2149
Validation Results:
r2: 0.6355
rmse: 0.4467
mae: 0.3507
Test Results:
r2: 0.6294
rmse: 0.4256
mae: 0.3324
10/51
train r2: 0.8752139749697019, valid r2: 0.5657614114140113, test r2: 0.6367097173451131
Training Results:
r2: 0.8752
rmse: 0.2875
mae: 0.2177
Validation Results:
r2: 0.5658
rmse: 0.4876
mae: 0.3814
Test Results:
r2: 0.6367
rmse: 0.4214
mae: 0.3252
11/51
train r2: 0.8937598373218598, valid r2: 0.547865765107601, test r2: 0.6653057382820793
Training Results:
r2: 0.8938
rmse: 0.2649
mae: 0.1868
Validation Results:
r2: 0.5479
rmse: 0.4975
mae: 0.3884
Test Results:
r2: 0.6653
rmse: 0.4045
mae: 0.3108
12/51
train r2: 0.8965810238164622, valid r2: 0.6488287007451603, test r2: 0.5279515130189356
Training Results:
r2: 0.8966
rmse: 0.2613
mae: 0.1827
Validation Results:
r2: 0.6488
rmse: 0.4384
mae: 0.3484
Test Results:
r2: 0.5280
rmse: 0.4803
mae: 0.3560
13/51
train r2: 0.9343048775244381, valid r2: 0.6346562760539776, test r2: 0.6329298593581727
Training Results:
r2: 0.9343
rmse: 0.2081
mae: 0.1513
Validation Results:
r2: 0.6347
rmse: 0.4472
mae: 0.3513
Test Results:
r2: 0.6329
rmse: 0.4236
mae: 0.3307
14/51
train r2: 0.9560935625770259, valid r2: 0.5484555461258753, test r2: 0.6125871227221392
Training Results:
r2: 0.9561
rmse: 0.1705
mae: 0.1272
Validation Results:
r2: 0.5485
rmse: 0.4972
mae: 0.3874
Test Results:
r2: 0.6126
rmse: 0.4352
mae: 0.3405
15/51
train r2: 0.9623048039373197, valid r2: 0.6292507395749533, test r2: 0.6244123293310851
Training Results:
r2: 0.9623
rmse: 0.1577
mae: 0.1208
Validation Results:
r2: 0.6293
rmse: 0.4505
mae: 0.3478
Test Results:
r2: 0.6244
rmse: 0.4285
mae: 0.3311
16/51
train r2: 0.9760926299183832, valid r2: 0.6131245525728231, test r2: 0.6231243644962534
Training Results:
r2: 0.9761
rmse: 0.1258
mae: 0.0929
Validation Results:
r2: 0.6131
rmse: 0.4602
mae: 0.3505
Test Results:
r2: 0.6231
rmse: 0.4292
mae: 0.3289
17/51
train r2: 0.9661838034622526, valid r2: 0.5702587913460694, test r2: 0.5714352729200325
Training Results:
r2: 0.9662
rmse: 0.1495
mae: 0.1185
Validation Results:
r2: 0.5703
rmse: 0.4850
mae: 0.3806
Test Results:
r2: 0.5714
rmse: 0.4577
mae: 0.3540
18/51
train r2: 0.9773614221198749, valid r2: 0.6469125603230514, test r2: 0.6056525491332385
Training Results:
r2: 0.9774
rmse: 0.1227
mae: 0.0980
Validation Results:
r2: 0.6469
rmse: 0.4396
mae: 0.3414
Test Results:
r2: 0.6057
rmse: 0.4390
mae: 0.3382
19/51
train r2: 0.9840783342981945, valid r2: 0.5912972910723526, test r2: 0.6479254681509097
Training Results:
r2: 0.9841
rmse: 0.1028
mae: 0.0781
Validation Results:
r2: 0.5913
rmse: 0.4730
mae: 0.3653
Test Results:
r2: 0.6479
rmse: 0.4148
mae: 0.3209
20/51
train r2: 0.9861448510747071, valid r2: 0.6271838139584578, test r2: 0.6120365734793844
Training Results:
r2: 0.9861
rmse: 0.0959
mae: 0.0729
Validation Results:
r2: 0.6272
rmse: 0.4518
mae: 0.3441
Test Results:
r2: 0.6120
rmse: 0.4355
mae: 0.3425
21/51
train r2: 0.9913467645317954, valid r2: 0.5875372127047278, test r2: 0.6106336551507163
Training Results:
r2: 0.9913
rmse: 0.0756
mae: 0.0559
Validation Results:
r2: 0.5875
rmse: 0.4752
mae: 0.3635
Test Results:
r2: 0.6106
rmse: 0.4363
mae: 0.3364
22/51
train r2: 0.9929323172606207, valid r2: 0.6187483467762288, test r2: 0.6314806827687951
Training Results:
r2: 0.9929
rmse: 0.0686
mae: 0.0502
Validation Results:
r2: 0.6187
rmse: 0.4568
mae: 0.3526
Test Results:
r2: 0.6315
rmse: 0.4244
mae: 0.3282
23/51
train r2: 0.9955106162254926, valid r2: 0.6143432336002408, test r2: 0.6272955694960769
Training Results:
r2: 0.9955
rmse: 0.0545
mae: 0.0407
Validation Results:
r2: 0.6143
rmse: 0.4595
mae: 0.3504
Test Results:
r2: 0.6273
rmse: 0.4268
mae: 0.3316
24/51
train r2: 0.9964992736020688, valid r2: 0.6088468914057723, test r2: 0.6256304562057051
Training Results:
r2: 0.9965
rmse: 0.0479
mae: 0.0352
Validation Results:
r2: 0.6088
rmse: 0.4627
mae: 0.3513
Test Results:
r2: 0.6256
rmse: 0.4278
mae: 0.3294
25/51
train r2: 0.9964124250296883, valid r2: 0.6160139260422246, test r2: 0.6263828771392108
Training Results:
r2: 0.9964
rmse: 0.0488
mae: 0.0374
Validation Results:
r2: 0.6160
rmse: 0.4585
mae: 0.3496
Test Results:
r2: 0.6264
rmse: 0.4273
mae: 0.3310
26/51
train r2: 0.9977325434789701, valid r2: 0.605758528896347, test r2: 0.617050258446805
Training Results:
r2: 0.9977
rmse: 0.0386
mae: 0.0280
Validation Results:
r2: 0.6058
rmse: 0.4646
mae: 0.3573
Test Results:
r2: 0.6171
rmse: 0.4326
mae: 0.3348
27/51
train r2: 0.997538819849857, valid r2: 0.6117997595221634, test r2: 0.6113210541704281
Training Results:
r2: 0.9975
rmse: 0.0403
mae: 0.0306
Validation Results:
r2: 0.6118
rmse: 0.4610
mae: 0.3531
Test Results:
r2: 0.6113
rmse: 0.4359
mae: 0.3372
28/51
train r2: 0.9973820494773992, valid r2: 0.6160042150462492, test r2: 0.6098704320846774
Training Results:
r2: 0.9974
rmse: 0.0416
mae: 0.0302
Validation Results:
r2: 0.6160
rmse: 0.4585
mae: 0.3524
Test Results:
r2: 0.6099
rmse: 0.4367
mae: 0.3381
29/51
train r2: 0.9980737441692782, valid r2: 0.6136398191876689, test r2: 0.6270799225104766
Training Results:
r2: 0.9981
rmse: 0.0356
mae: 0.0253
Validation Results:
r2: 0.6136
rmse: 0.4599
mae: 0.3505
Test Results:
r2: 0.6271
rmse: 0.4269
mae: 0.3304
30/51
train r2: 0.9988058652629047, valid r2: 0.6110871804292802, test r2: 0.6219343376056657
Training Results:
r2: 0.9988
rmse: 0.0280
mae: 0.0201
Validation Results:
r2: 0.6111
rmse: 0.4614
mae: 0.3521
Test Results:
r2: 0.6219
rmse: 0.4299
mae: 0.3323
31/51
train r2: 0.9989664575132062, valid r2: 0.6082093747146449, test r2: 0.6260707797291853
Training Results:
r2: 0.9990
rmse: 0.0262
mae: 0.0184
Validation Results:
r2: 0.6082
rmse: 0.4631
mae: 0.3541
Test Results:
r2: 0.6261
rmse: 0.4275
mae: 0.3294
32/51
train r2: 0.9991450284324701, valid r2: 0.6105186636862517, test r2: 0.6244374190031889
Training Results:
r2: 0.9991
rmse: 0.0238
mae: 0.0174
Validation Results:
r2: 0.6105
rmse: 0.4617
mae: 0.3535
Test Results:
r2: 0.6244
rmse: 0.4284
mae: 0.3299
break!
train: 0.8966, val: 0.6488, test: 0.5280
end_test_result: (0.5279515130189356, 0.4803429841995239, 0.3560337722301483)
args.seed: 2064
use label scaler
use label scaler
use label scaler
model have 90.143705M paramerters in total
train_dataset.mean: tensor([-6.1666]) train_dataset.std: tensor([0.8126])
1/51
train r2: 0.18027008351929275, valid r2: 0.21301874528929565, test r2: -0.3350391252988605
Training Results:
r2: 0.1803
rmse: 0.7358
mae: 0.5868
Validation Results:
r2: 0.2130
rmse: 0.6564
mae: 0.5270
Test Results:
r2: -0.3350
rmse: 0.8078
mae: 0.6761
2/51
train r2: 0.5494628748064527, valid r2: 0.46813707482413125, test r2: 0.4269012273824583
Training Results:
r2: 0.5495
rmse: 0.5463
mae: 0.4518
Validation Results:
r2: 0.4681
rmse: 0.5396
mae: 0.4507
Test Results:
r2: 0.4269
rmse: 0.5293
mae: 0.4257
3/51
train r2: 0.6498357409859083, valid r2: 0.3255333910442475, test r2: 0.4653170914737479
Training Results:
r2: 0.6498
rmse: 0.4791
mae: 0.3846
Validation Results:
r2: 0.3255
rmse: 0.6076
mae: 0.4836
Test Results:
r2: 0.4653
rmse: 0.5112
mae: 0.4074
4/51
train r2: 0.7494129456426775, valid r2: 0.49066923868616397, test r2: 0.6054030474145098
Training Results:
r2: 0.7494
rmse: 0.4070
mae: 0.3204
Validation Results:
r2: 0.4907
rmse: 0.5280
mae: 0.4136
Test Results:
r2: 0.6054
rmse: 0.4392
mae: 0.3544
5/51
train r2: 0.5609475851358765, valid r2: 0.4613354097392227, test r2: 0.22817639903584597
Training Results:
r2: 0.5609
rmse: 0.5403
mae: 0.4171
Validation Results:
r2: 0.4613
rmse: 0.5430
mae: 0.4401
Test Results:
r2: 0.2282
rmse: 0.6142
mae: 0.4916
6/51
train r2: 0.48423988127994455, valid r2: 0.24624528796659806, test r2: 0.3836583360666104
Training Results:
r2: 0.4842
rmse: 0.5835
mae: 0.5007
Validation Results:
r2: 0.2462
rmse: 0.6424
mae: 0.5463
Test Results:
r2: 0.3837
rmse: 0.5489
mae: 0.4691
7/51
train r2: 0.7673507040911605, valid r2: 0.4961690303843178, test r2: 0.619831954368597
Training Results:
r2: 0.7674
rmse: 0.3921
mae: 0.3072
Validation Results:
r2: 0.4962
rmse: 0.5252
mae: 0.4262
Test Results:
r2: 0.6198
rmse: 0.4311
mae: 0.3517
8/51
train r2: 0.8422472083925413, valid r2: 0.5502505505059159, test r2: 0.6640212147435736
Training Results:
r2: 0.8422
rmse: 0.3236
mae: 0.2386
Validation Results:
r2: 0.5503
rmse: 0.4962
mae: 0.3965
Test Results:
r2: 0.6640
rmse: 0.4052
mae: 0.3215
9/51
train r2: 0.8487762019468941, valid r2: 0.5811057809024222, test r2: 0.6496473281829956
Training Results:
r2: 0.8488
rmse: 0.3165
mae: 0.2445
Validation Results:
r2: 0.5811
rmse: 0.4789
mae: 0.3784
Test Results:
r2: 0.6496
rmse: 0.4138
mae: 0.3288
10/51
train r2: 0.869002115140573, valid r2: 0.5913821562449432, test r2: 0.6307908767024256
Training Results:
r2: 0.8690
rmse: 0.2942
mae: 0.2080
Validation Results:
r2: 0.5914
rmse: 0.4730
mae: 0.3599
Test Results:
r2: 0.6308
rmse: 0.4248
mae: 0.3241
11/51
train r2: 0.8831105102055625, valid r2: 0.46295874466341636, test r2: 0.5408384056401432
Training Results:
r2: 0.8831
rmse: 0.2762
mae: 0.2115
Validation Results:
r2: 0.4630
rmse: 0.5422
mae: 0.4170
Test Results:
r2: 0.5408
rmse: 0.4737
mae: 0.3664
12/51
train r2: 0.90854231915007, valid r2: 0.47186244104447406, test r2: 0.624309681711883
Training Results:
r2: 0.9085
rmse: 0.2454
mae: 0.1766
Validation Results:
r2: 0.4719
rmse: 0.5377
mae: 0.4210
Test Results:
r2: 0.6243
rmse: 0.4285
mae: 0.3222
13/51
train r2: 0.9329593234238656, valid r2: 0.5296585330213947, test r2: 0.6517456265180839
Training Results:
r2: 0.9330
rmse: 0.2106
mae: 0.1601
Validation Results:
r2: 0.5297
rmse: 0.5074
mae: 0.3911
Test Results:
r2: 0.6517
rmse: 0.4126
mae: 0.3170
14/51
train r2: 0.9489114800697788, valid r2: 0.5902880239859367, test r2: 0.6384598058411396
Training Results:
r2: 0.9489
rmse: 0.1842
mae: 0.1382
Validation Results:
r2: 0.5903
rmse: 0.4736
mae: 0.3563
Test Results:
r2: 0.6385
rmse: 0.4204
mae: 0.3153
15/51
train r2: 0.9561534113787834, valid r2: 0.5801481284031708, test r2: 0.6462496768996875
Training Results:
r2: 0.9562
rmse: 0.1705
mae: 0.1266
Validation Results:
r2: 0.5801
rmse: 0.4794
mae: 0.3685
Test Results:
r2: 0.6462
rmse: 0.4158
mae: 0.3144
16/51
train r2: 0.9580284754907578, valid r2: 0.5438819656991585, test r2: 0.5687380388226442
Training Results:
r2: 0.9580
rmse: 0.1665
mae: 0.1267
Validation Results:
r2: 0.5439
rmse: 0.4997
mae: 0.3839
Test Results:
r2: 0.5687
rmse: 0.4591
mae: 0.3528
17/51
train r2: 0.9758289670185138, valid r2: 0.5736337322223704, test r2: 0.5888402352612871
Training Results:
r2: 0.9758
rmse: 0.1267
mae: 0.0955
Validation Results:
r2: 0.5736
rmse: 0.4831
mae: 0.3743
Test Results:
r2: 0.5888
rmse: 0.4483
mae: 0.3380
18/51
train r2: 0.9816288680559518, valid r2: 0.5779057807381698, test r2: 0.5691817231475835
Training Results:
r2: 0.9816
rmse: 0.1102
mae: 0.0863
Validation Results:
r2: 0.5779
rmse: 0.4807
mae: 0.3758
Test Results:
r2: 0.5692
rmse: 0.4589
mae: 0.3408
19/51
train r2: 0.9868444810530598, valid r2: 0.5696285657138034, test r2: 0.6255450612289459
Training Results:
r2: 0.9868
rmse: 0.0931
mae: 0.0697
Validation Results:
r2: 0.5696
rmse: 0.4854
mae: 0.3715
Test Results:
r2: 0.6255
rmse: 0.4278
mae: 0.3187
20/51
train r2: 0.9902596456418911, valid r2: 0.569591633024034, test r2: 0.5800698890778169
Training Results:
r2: 0.9903
rmse: 0.0803
mae: 0.0607
Validation Results:
r2: 0.5696
rmse: 0.4854
mae: 0.3735
Test Results:
r2: 0.5801
rmse: 0.4531
mae: 0.3373
21/51
train r2: 0.9923551652798793, valid r2: 0.5928045204768762, test r2: 0.6021750209080425
Training Results:
r2: 0.9924
rmse: 0.0711
mae: 0.0542
Validation Results:
r2: 0.5928
rmse: 0.4721
mae: 0.3643
Test Results:
r2: 0.6022
rmse: 0.4410
mae: 0.3290
22/51
train r2: 0.9939433531000176, valid r2: 0.5531644642662312, test r2: 0.6017746454191303
Training Results:
r2: 0.9939
rmse: 0.0630
mae: 0.0477
Validation Results:
r2: 0.5532
rmse: 0.4946
mae: 0.3818
Test Results:
r2: 0.6018
rmse: 0.4412
mae: 0.3318
23/51
train r2: 0.992000312457475, valid r2: 0.5627469709919941, test r2: 0.5940388102931666
Training Results:
r2: 0.9920
rmse: 0.0728
mae: 0.0581
Validation Results:
r2: 0.5627
rmse: 0.4892
mae: 0.3785
Test Results:
r2: 0.5940
rmse: 0.4455
mae: 0.3307
24/51
train r2: 0.994825199970187, valid r2: 0.5824847165742164, test r2: 0.6159312017229772
Training Results:
r2: 0.9948
rmse: 0.0586
mae: 0.0444
Validation Results:
r2: 0.5825
rmse: 0.4781
mae: 0.3679
Test Results:
r2: 0.6159
rmse: 0.4333
mae: 0.3220
25/51
train r2: 0.9956046299312519, valid r2: 0.5648683725901176, test r2: 0.5970488680850813
Training Results:
r2: 0.9956
rmse: 0.0540
mae: 0.0404
Validation Results:
r2: 0.5649
rmse: 0.4881
mae: 0.3736
Test Results:
r2: 0.5970
rmse: 0.4438
mae: 0.3332
26/51
train r2: 0.9967648693997022, valid r2: 0.5835832180799594, test r2: 0.5990567190752871
Training Results:
r2: 0.9968
rmse: 0.0462
mae: 0.0342
Validation Results:
r2: 0.5836
rmse: 0.4774
mae: 0.3680
Test Results:
r2: 0.5991
rmse: 0.4427
mae: 0.3267
27/51
train r2: 0.9975837283282953, valid r2: 0.5889323065449408, test r2: 0.5874586200654976
Training Results:
r2: 0.9976
rmse: 0.0400
mae: 0.0307
Validation Results:
r2: 0.5889
rmse: 0.4744
mae: 0.3648
Test Results:
r2: 0.5875
rmse: 0.4490
mae: 0.3340
28/51
train r2: 0.9979292581795249, valid r2: 0.5721441473222735, test r2: 0.610323163972075
Training Results:
r2: 0.9979
rmse: 0.0369
mae: 0.0265
Validation Results:
r2: 0.5721
rmse: 0.4840
mae: 0.3724
Test Results:
r2: 0.6103
rmse: 0.4364
mae: 0.3242
29/51
train r2: 0.9987178858910583, valid r2: 0.5795489571106704, test r2: 0.5955156772899193
Training Results:
r2: 0.9987
rmse: 0.0290
mae: 0.0207
Validation Results:
r2: 0.5795
rmse: 0.4798
mae: 0.3679
Test Results:
r2: 0.5955
rmse: 0.4446
mae: 0.3319
30/51
train r2: 0.9986915113342142, valid r2: 0.5718522896788951, test r2: 0.606486642919088
Training Results:
r2: 0.9987
rmse: 0.0294
mae: 0.0218
Validation Results:
r2: 0.5719
rmse: 0.4841
mae: 0.3713
Test Results:
r2: 0.6065
rmse: 0.4386
mae: 0.3289
31/51
train r2: 0.9989525557672594, valid r2: 0.5777274533367573, test r2: 0.5947717146284555
Training Results:
r2: 0.9990
rmse: 0.0263
mae: 0.0188
Validation Results:
r2: 0.5777
rmse: 0.4808
mae: 0.3690
Test Results:
r2: 0.5948
rmse: 0.4450
mae: 0.3326
32/51
train r2: 0.9990945190028505, valid r2: 0.5789300674364002, test r2: 0.5932821279991627
Training Results:
r2: 0.9991
rmse: 0.0245
mae: 0.0172
Validation Results:
r2: 0.5789
rmse: 0.4801
mae: 0.3687
Test Results:
r2: 0.5933
rmse: 0.4459
mae: 0.3349
33/51
train r2: 0.9991566867284538, valid r2: 0.5734430774857939, test r2: 0.6041610669851253
Training Results:
r2: 0.9992
rmse: 0.0236
mae: 0.0166
Validation Results:
r2: 0.5734
rmse: 0.4832
mae: 0.3712
Test Results:
r2: 0.6042
rmse: 0.4399
mae: 0.3306
34/51
train r2: 0.9993435469980381, valid r2: 0.5749279716348307, test r2: 0.6016075564661731
Training Results:
r2: 0.9993
rmse: 0.0209
mae: 0.0149
Validation Results:
r2: 0.5749
rmse: 0.4824
mae: 0.3707
Test Results:
r2: 0.6016
rmse: 0.4413
mae: 0.3308
35/51
train r2: 0.9993600837828345, valid r2: 0.5769415340353027, test r2: 0.5890384370748876
Training Results:
r2: 0.9994
rmse: 0.0206
mae: 0.0144
Validation Results:
r2: 0.5769
rmse: 0.4812
mae: 0.3702
Test Results:
r2: 0.5890
rmse: 0.4482
mae: 0.3355
36/51
train r2: 0.9995682219714389, valid r2: 0.5778146187063297, test r2: 0.5949214813515875
Training Results:
r2: 0.9996
rmse: 0.0169
mae: 0.0107
Validation Results:
r2: 0.5778
rmse: 0.4807
mae: 0.3698
Test Results:
r2: 0.5949
rmse: 0.4450
mae: 0.3345
37/51
train r2: 0.999644887393542, valid r2: 0.5757975593249258, test r2: 0.5982060749426341
Training Results:
r2: 0.9996
rmse: 0.0153
mae: 0.0099
Validation Results:
r2: 0.5758
rmse: 0.4819
mae: 0.3704
Test Results:
r2: 0.5982
rmse: 0.4432
mae: 0.3320
38/51
train r2: 0.9996513567078177, valid r2: 0.5791406141544556, test r2: 0.5961626706883837
Training Results:
r2: 0.9997
rmse: 0.0152
mae: 0.0107
Validation Results:
r2: 0.5791
rmse: 0.4800
mae: 0.3689
Test Results:
r2: 0.5962
rmse: 0.4443
mae: 0.3337
39/51
train r2: 0.9997367579470989, valid r2: 0.5780222072473901, test r2: 0.5990553765270217
Training Results:
r2: 0.9997
rmse: 0.0132
mae: 0.0079
Validation Results:
r2: 0.5780
rmse: 0.4806
mae: 0.3692
Test Results:
r2: 0.5991
rmse: 0.4427
mae: 0.3313
40/51
train r2: 0.9997646595676362, valid r2: 0.5777754981750833, test r2: 0.5963139973069982
Training Results:
r2: 0.9998
rmse: 0.0125
mae: 0.0073
Validation Results:
r2: 0.5778
rmse: 0.4808
mae: 0.3696
Test Results:
r2: 0.5963
rmse: 0.4442
mae: 0.3329
41/51
train r2: 0.9997717878236358, valid r2: 0.5763168411317634, test r2: 0.5988493798818877
Training Results:
r2: 0.9998
rmse: 0.0122
mae: 0.0071
Validation Results:
r2: 0.5763
rmse: 0.4816
mae: 0.3704
Test Results:
r2: 0.5988
rmse: 0.4428
mae: 0.3321
break!
train: 0.9924, val: 0.5928, test: 0.6022
end_test_result: (0.6021750209080425, 0.44096505641937256, 0.32904288172721863)
Time used on CycPept_Caco2: 0:32:57
Current seed: 2054, current split method: random, current task: CycPept_Caco2
Namespace(seed=2024, times=5, n_epochs=50, config='base', model_path='../models/pretrained/base/base.pth', dataset='CycPept_Caco2', data_path='../datasets/', dataset_type='regression', use_scaler=True, metric=['r2', 'rmse', 'mae'], split='random_2054', weight_decay=0.0, dropout=0.0, lr=3e-05, n_threads=8)
args.seed: 2024
use label scaler
use label scaler
use label scaler
model have 90.143705M paramerters in total
train_dataset.mean: tensor([-6.1629]) train_dataset.std: tensor([0.7952])
1/51
train r2: 0.26359958003484385, valid r2: 0.2653126658886086, test r2: 0.20477870760989791
Training Results:
r2: 0.2636
rmse: 0.6804
mae: 0.5648
Validation Results:
r2: 0.2653
rmse: 0.7206
mae: 0.5927
Test Results:
r2: 0.2048
rmse: 0.6756
mae: 0.5721
2/51
train r2: 0.5954006646548866, valid r2: 0.5704171508894158, test r2: 0.5656672226737778
Training Results:
r2: 0.5954
rmse: 0.5048
mae: 0.4143
Validation Results:
r2: 0.5704
rmse: 0.5510
mae: 0.4415
Test Results:
r2: 0.5657
rmse: 0.4993
mae: 0.4090
3/51
train r2: 0.5751569491818254, valid r2: 0.5177862489805127, test r2: 0.5789651866705581
Training Results:
r2: 0.5752
rmse: 0.5173
mae: 0.4254
Validation Results:
r2: 0.5178
rmse: 0.5838
mae: 0.4628
Test Results:
r2: 0.5790
rmse: 0.4916
mae: 0.4115
4/51
train r2: 0.6995232208796989, valid r2: 0.6289325423157426, test r2: 0.6711479973559857
Training Results:
r2: 0.6995
rmse: 0.4369
mae: 0.3406
Validation Results:
r2: 0.6289
rmse: 0.5121
mae: 0.3937
Test Results:
r2: 0.6711
rmse: 0.4345
mae: 0.3397
5/51
train r2: 0.6899301531016122, valid r2: 0.6275351950206306, test r2: 0.5451431749518715
Training Results:
r2: 0.6899
rmse: 0.4421
mae: 0.3519
Validation Results:
r2: 0.6275
rmse: 0.5131
mae: 0.4067
Test Results:
r2: 0.5451
rmse: 0.5110
mae: 0.4122
6/51
train r2: 0.791593121358174, valid r2: 0.6868444693215112, test r2: 0.6425962302861885
Training Results:
r2: 0.7916
rmse: 0.3634
mae: 0.2792
Validation Results:
r2: 0.6868
rmse: 0.4705
mae: 0.3656
Test Results:
r2: 0.6426
rmse: 0.4530
mae: 0.3645
7/51
train r2: 0.7689821057207149, valid r2: 0.6332044757540338, test r2: 0.7035792305547486
Training Results:
r2: 0.7690
rmse: 0.3808
mae: 0.2986
Validation Results:
r2: 0.6332
rmse: 0.5092
mae: 0.3898
Test Results:
r2: 0.7036
rmse: 0.4125
mae: 0.3250
8/51
train r2: 0.8482933869918334, valid r2: 0.7324730582358189, test r2: 0.7447475221194989
Training Results:
r2: 0.8483
rmse: 0.3098
mae: 0.2367
Validation Results:
r2: 0.7325
rmse: 0.4348
mae: 0.3224
Test Results:
r2: 0.7447
rmse: 0.3828
mae: 0.2995
9/51
train r2: 0.8590086017202727, valid r2: 0.7242223041209669, test r2: 0.7258220233195056
Training Results:
r2: 0.8590
rmse: 0.2976
mae: 0.2286
Validation Results:
r2: 0.7242
rmse: 0.4415
mae: 0.3220
Test Results:
r2: 0.7258
rmse: 0.3967
mae: 0.3083
10/51
train r2: 0.8921782112041791, valid r2: 0.7514239023206786, test r2: 0.769070412715923
Training Results:
r2: 0.8922
rmse: 0.2614
mae: 0.1945
Validation Results:
r2: 0.7514
rmse: 0.4191
mae: 0.3094
Test Results:
r2: 0.7691
rmse: 0.3641
mae: 0.2860
11/51
train r2: 0.9082658475569292, valid r2: 0.730809644263706, test r2: 0.7732390362761139
Training Results:
r2: 0.9083
rmse: 0.2402
mae: 0.1824
Validation Results:
r2: 0.7308
rmse: 0.4362
mae: 0.3347
Test Results:
r2: 0.7732
rmse: 0.3608
mae: 0.2850
12/51
train r2: 0.9178436455548308, valid r2: 0.7337528704905096, test r2: 0.7732490561645096
Training Results:
r2: 0.9178
rmse: 0.2280
mae: 0.1747
Validation Results:
r2: 0.7338
rmse: 0.4338
mae: 0.3139
Test Results:
r2: 0.7732
rmse: 0.3608
mae: 0.2816
13/51
train r2: 0.9255822327975576, valid r2: 0.7391694705713836, test r2: 0.7936283529730409
Training Results:
r2: 0.9256
rmse: 0.2165
mae: 0.1646
Validation Results:
r2: 0.7392
rmse: 0.4294
mae: 0.3168
Test Results:
r2: 0.7936
rmse: 0.3442
mae: 0.2771
14/51
train r2: 0.9410326354373677, valid r2: 0.7419056497953929, test r2: 0.7724054478539448
Training Results:
r2: 0.9410
rmse: 0.1928
mae: 0.1487
Validation Results:
r2: 0.7419
rmse: 0.4271
mae: 0.3210
Test Results:
r2: 0.7724
rmse: 0.3615
mae: 0.2978
15/51
train r2: 0.9333972417749349, valid r2: 0.7278870692361, test r2: 0.7105368070470269
Training Results:
r2: 0.9334
rmse: 0.2051
mae: 0.1529
Validation Results:
r2: 0.7279
rmse: 0.4385
mae: 0.3253
Test Results:
r2: 0.7105
rmse: 0.4076
mae: 0.3192
16/51
train r2: 0.9584902302346543, valid r2: 0.769503840871115, test r2: 0.7595973228401119
Training Results:
r2: 0.9585
rmse: 0.1613
mae: 0.1176
Validation Results:
r2: 0.7695
rmse: 0.4036
mae: 0.2847
Test Results:
r2: 0.7596
rmse: 0.3715
mae: 0.2957
17/51
train r2: 0.9396478010750225, valid r2: 0.7337559346700595, test r2: 0.7032184379152274
Training Results:
r2: 0.9396
rmse: 0.1950
mae: 0.1548
Validation Results:
r2: 0.7338
rmse: 0.4338
mae: 0.3252
Test Results:
r2: 0.7032
rmse: 0.4128
mae: 0.3289
18/51
train r2: 0.9750259101244705, valid r2: 0.7751230828790233, test r2: 0.7795368699843795
Training Results:
r2: 0.9750
rmse: 0.1258
mae: 0.0907
Validation Results:
r2: 0.7751
rmse: 0.3987
mae: 0.2894
Test Results:
r2: 0.7795
rmse: 0.3557
mae: 0.2891
19/51
train r2: 0.9743202698051311, valid r2: 0.7639898943042839, test r2: 0.7491285951397494
Training Results:
r2: 0.9743
rmse: 0.1274
mae: 0.0939
Validation Results:
r2: 0.7640
rmse: 0.4084
mae: 0.2883
Test Results:
r2: 0.7491
rmse: 0.3795
mae: 0.3065
20/51
train r2: 0.9843502418130311, valid r2: 0.7806194091624016, test r2: 0.767695782133544
Training Results:
r2: 0.9844
rmse: 0.0994
mae: 0.0747
Validation Results:
r2: 0.7806
rmse: 0.3938
mae: 0.2900
Test Results:
r2: 0.7677
rmse: 0.3652
mae: 0.2961
21/51
train r2: 0.9837550338564248, valid r2: 0.7876079811710053, test r2: 0.7649479346942883
Training Results:
r2: 0.9838
rmse: 0.1010
mae: 0.0809
Validation Results:
r2: 0.7876
rmse: 0.3874
mae: 0.2817
Test Results:
r2: 0.7649
rmse: 0.3673
mae: 0.3000
22/51
train r2: 0.9850770637903706, valid r2: 0.7914485476702992, test r2: 0.770334429171346
Training Results:
r2: 0.9851
rmse: 0.0971
mae: 0.0696
Validation Results:
r2: 0.7914
rmse: 0.3839
mae: 0.2793
Test Results:
r2: 0.7703
rmse: 0.3631
mae: 0.2955
23/51
train r2: 0.9870005466263893, valid r2: 0.7873130617418287, test r2: 0.7724025983622677
Training Results:
r2: 0.9870
rmse: 0.0905
mae: 0.0705
Validation Results:
r2: 0.7873
rmse: 0.3877
mae: 0.2845
Test Results:
r2: 0.7724
rmse: 0.3615
mae: 0.2959
24/51
train r2: 0.993689113616391, valid r2: 0.7893655216474599, test r2: 0.7730641429340137
Training Results:
r2: 0.9937
rmse: 0.0631
mae: 0.0479
Validation Results:
r2: 0.7894
rmse: 0.3858
mae: 0.2757
Test Results:
r2: 0.7731
rmse: 0.3609
mae: 0.2951
25/51
train r2: 0.9953662419222681, valid r2: 0.7888651114572882, test r2: 0.7719257110393358
Training Results:
r2: 0.9954
rmse: 0.0542
mae: 0.0395
Validation Results:
r2: 0.7889
rmse: 0.3863
mae: 0.2818
Test Results:
r2: 0.7719
rmse: 0.3618
mae: 0.2952
26/51
train r2: 0.996342709318546, valid r2: 0.7952324555814436, test r2: 0.7672019084300172
Training Results:
r2: 0.9963
rmse: 0.0479
mae: 0.0347
Validation Results:
r2: 0.7952
rmse: 0.3804
mae: 0.2753
Test Results:
r2: 0.7672
rmse: 0.3656
mae: 0.2969
27/51
train r2: 0.9967711587458659, valid r2: 0.7888952943507566, test r2: 0.7657342145385085
Training Results:
r2: 0.9968
rmse: 0.0449
mae: 0.0327
Validation Results:
r2: 0.7889
rmse: 0.3863
mae: 0.2799
Test Results:
r2: 0.7657
rmse: 0.3667
mae: 0.3014
28/51
train r2: 0.9975316891495045, valid r2: 0.7918818929361795, test r2: 0.7595537214013248
Training Results:
r2: 0.9975
rmse: 0.0394
mae: 0.0268
Validation Results:
r2: 0.7919
rmse: 0.3835
mae: 0.2770
Test Results:
r2: 0.7596
rmse: 0.3715
mae: 0.3034
29/51
train r2: 0.9970646479229756, valid r2: 0.7920046309833988, test r2: 0.7627250815459521
Training Results:
r2: 0.9971
rmse: 0.0432
mae: 0.0324
Validation Results:
r2: 0.7920
rmse: 0.3834
mae: 0.2791
Test Results:
r2: 0.7627
rmse: 0.3691
mae: 0.3023
30/51
train r2: 0.9973398774297204, valid r2: 0.7892576690038241, test r2: 0.7630099124492178
Training Results:
r2: 0.9973
rmse: 0.0411
mae: 0.0273
Validation Results:
r2: 0.7893
rmse: 0.3859
mae: 0.2825
Test Results:
r2: 0.7630
rmse: 0.3688
mae: 0.2998
31/51
train r2: 0.9984366435198793, valid r2: 0.7909163613384202, test r2: 0.7632060444716897
Training Results:
r2: 0.9984
rmse: 0.0315
mae: 0.0209
Validation Results:
r2: 0.7909
rmse: 0.3844
mae: 0.2794
Test Results:
r2: 0.7632
rmse: 0.3687
mae: 0.3019
32/51
train r2: 0.9981548676508627, valid r2: 0.7922082096061371, test r2: 0.761634807405603
Training Results:
r2: 0.9982
rmse: 0.0342
mae: 0.0228
Validation Results:
r2: 0.7922
rmse: 0.3832
mae: 0.2784
Test Results:
r2: 0.7616
rmse: 0.3699
mae: 0.3032
33/51
train r2: 0.9983528712562131, valid r2: 0.7939923040922228, test r2: 0.7561206679480339
Training Results:
r2: 0.9984
rmse: 0.0324
mae: 0.0214
Validation Results:
r2: 0.7940
rmse: 0.3816
mae: 0.2774
Test Results:
r2: 0.7561
rmse: 0.3742
mae: 0.3059
34/51
train r2: 0.9989822321318204, valid r2: 0.7922503746154357, test r2: 0.7640329527839099
Training Results:
r2: 0.9990
rmse: 0.0253
mae: 0.0152
Validation Results:
r2: 0.7923
rmse: 0.3832
mae: 0.2775
Test Results:
r2: 0.7640
rmse: 0.3680
mae: 0.3012
35/51
train r2: 0.9989446657215051, valid r2: 0.7917751892198659, test r2: 0.7606052077903808
Training Results:
r2: 0.9989
rmse: 0.0259
mae: 0.0143
Validation Results:
r2: 0.7918
rmse: 0.3836
mae: 0.2772
Test Results:
r2: 0.7606
rmse: 0.3707
mae: 0.3025
36/51
train r2: 0.9993114578228534, valid r2: 0.7917375010428078, test r2: 0.7591259677292395
Training Results:
r2: 0.9993
rmse: 0.0210
mae: 0.0126
Validation Results:
r2: 0.7917
rmse: 0.3837
mae: 0.2770
Test Results:
r2: 0.7591
rmse: 0.3719
mae: 0.3044
37/51
train r2: 0.9991817845751485, valid r2: 0.7920252444414622, test r2: 0.7618000918751886
Training Results:
r2: 0.9992
rmse: 0.0228
mae: 0.0128
Validation Results:
r2: 0.7920
rmse: 0.3834
mae: 0.2791
Test Results:
r2: 0.7618
rmse: 0.3698
mae: 0.3031
38/51
train r2: 0.9991913908144741, valid r2: 0.7925361943728854, test r2: 0.7626956800568162
Training Results:
r2: 0.9992
rmse: 0.0226
mae: 0.0158
Validation Results:
r2: 0.7925
rmse: 0.3829
mae: 0.2776
Test Results:
r2: 0.7627
rmse: 0.3691
mae: 0.3017
39/51
train r2: 0.999386626189519, valid r2: 0.7929184847879095, test r2: 0.7600188893828412
Training Results:
r2: 0.9994
rmse: 0.0197
mae: 0.0104
Validation Results:
r2: 0.7929
rmse: 0.3826
mae: 0.2777
Test Results:
r2: 0.7600
rmse: 0.3712
mae: 0.3029
40/51
train r2: 0.999167749368026, valid r2: 0.7935741139060062, test r2: 0.759379034282543
Training Results:
r2: 0.9992
rmse: 0.0229
mae: 0.0111
Validation Results:
r2: 0.7936
rmse: 0.3820
mae: 0.2778
Test Results:
r2: 0.7594
rmse: 0.3717
mae: 0.3051
41/51
train r2: 0.9994241008480789, valid r2: 0.7916915267080266, test r2: 0.7601494169672454
Training Results:
r2: 0.9994
rmse: 0.0192
mae: 0.0090
Validation Results:
r2: 0.7917
rmse: 0.3837
mae: 0.2782
Test Results:
r2: 0.7601
rmse: 0.3711
mae: 0.3031
42/51
train r2: 0.9994561473427616, valid r2: 0.7930163160595372, test r2: 0.7603775512935121
Training Results:
r2: 0.9995
rmse: 0.0185
mae: 0.0094
Validation Results:
r2: 0.7930
rmse: 0.3825
mae: 0.2771
Test Results:
r2: 0.7604
rmse: 0.3709
mae: 0.3032
43/51
train r2: 0.9994829916943008, valid r2: 0.7928619298855448, test r2: 0.7592804477526922
Training Results:
r2: 0.9995
rmse: 0.0181
mae: 0.0081
Validation Results:
r2: 0.7929
rmse: 0.3826
mae: 0.2776
Test Results:
r2: 0.7593
rmse: 0.3717
mae: 0.3036
44/51
train r2: 0.9994575031676189, valid r2: 0.7931585808130666, test r2: 0.7590662647405404
Training Results:
r2: 0.9995
rmse: 0.0186
mae: 0.0083
Validation Results:
r2: 0.7932
rmse: 0.3823
mae: 0.2774
Test Results:
r2: 0.7591
rmse: 0.3719
mae: 0.3044
45/51
train r2: 0.9995715092694696, valid r2: 0.7928054178629411, test r2: 0.7594760404186859
Training Results:
r2: 0.9996
rmse: 0.0165
mae: 0.0062
Validation Results:
r2: 0.7928
rmse: 0.3827
mae: 0.2772
Test Results:
r2: 0.7595
rmse: 0.3716
mae: 0.3038
46/51
train r2: 0.999587554006697, valid r2: 0.793140783738342, test r2: 0.7587578917260119
Training Results:
r2: 0.9996
rmse: 0.0162
mae: 0.0060
Validation Results:
r2: 0.7931
rmse: 0.3824
mae: 0.2771
Test Results:
r2: 0.7588
rmse: 0.3721
mae: 0.3044
break!
train: 0.9963, val: 0.7952, test: 0.7672
end_test_result: (0.7672019084300172, 0.3655654788017273, 0.29692673683166504)
args.seed: 2034
use label scaler
use label scaler
use label scaler
model have 90.143705M paramerters in total
train_dataset.mean: tensor([-6.1629]) train_dataset.std: tensor([0.7952])
1/51
train r2: 0.2818903555636951, valid r2: 0.3046605028667301, test r2: 0.18987612972997125
Training Results:
r2: 0.2819
rmse: 0.6721
mae: 0.5568
Validation Results:
r2: 0.3047
rmse: 0.7010
mae: 0.5800
Test Results:
r2: 0.1899
rmse: 0.6819
mae: 0.5736
2/51
train r2: 0.583060678161865, valid r2: 0.5667091174532932, test r2: 0.5718228064664901
Training Results:
r2: 0.5831
rmse: 0.5127
mae: 0.4157
Validation Results:
r2: 0.5667
rmse: 0.5534
mae: 0.4408
Test Results:
r2: 0.5718
rmse: 0.4958
mae: 0.4008
3/51
train r2: 0.697368403391279, valid r2: 0.6446623083176585, test r2: 0.6269006590928237
Training Results:
r2: 0.6974
rmse: 0.4380
mae: 0.3457
Validation Results:
r2: 0.6447
rmse: 0.5011
mae: 0.3894
Test Results:
r2: 0.6269
rmse: 0.4628
mae: 0.3672
4/51
train r2: 0.7608908936855012, valid r2: 0.6780633016190798, test r2: 0.6488122197252659
Training Results:
r2: 0.7609
rmse: 0.3894
mae: 0.2987
Validation Results:
r2: 0.6781
rmse: 0.4770
mae: 0.3657
Test Results:
r2: 0.6488
rmse: 0.4490
mae: 0.3435
5/51
train r2: 0.7080746181809994, valid r2: 0.6211475981631167, test r2: 0.6556821615004684
Training Results:
r2: 0.7081
rmse: 0.4294
mae: 0.3303
Validation Results:
r2: 0.6211
rmse: 0.5175
mae: 0.3886
Test Results:
r2: 0.6557
rmse: 0.4446
mae: 0.3378
6/51
train r2: 0.7807016742911947, valid r2: 0.6617760109829931, test r2: 0.6146161253481631
Training Results:
r2: 0.7807
rmse: 0.3726
mae: 0.2863
Validation Results:
r2: 0.6618
rmse: 0.4889
mae: 0.3866
Test Results:
r2: 0.6146
rmse: 0.4704
mae: 0.3672
7/51
train r2: 0.8308443020477518, valid r2: 0.7233724153179301, test r2: 0.6916430116085608
Training Results:
r2: 0.8308
rmse: 0.3282
mae: 0.2534
Validation Results:
r2: 0.7234
rmse: 0.4422
mae: 0.3352
Test Results:
r2: 0.6916
rmse: 0.4207
mae: 0.3248
8/51
train r2: 0.84817083100608, valid r2: 0.7332696334225713, test r2: 0.7152740755035956
Training Results:
r2: 0.8482
rmse: 0.3106
mae: 0.2305
Validation Results:
r2: 0.7333
rmse: 0.4342
mae: 0.3163
Test Results:
r2: 0.7153
rmse: 0.4043
mae: 0.2989
9/51
train r2: 0.8796997792492776, valid r2: 0.7320176919760902, test r2: 0.7367222029906071
Training Results:
r2: 0.8797
rmse: 0.2764
mae: 0.2095
Validation Results:
r2: 0.7320
rmse: 0.4352
mae: 0.3160
Test Results:
r2: 0.7367
rmse: 0.3888
mae: 0.2985
10/51
train r2: 0.9045949401795128, valid r2: 0.7349677472675341, test r2: 0.7349659449277555
Training Results:
r2: 0.9046
rmse: 0.2458
mae: 0.1826
Validation Results:
r2: 0.7350
rmse: 0.4328
mae: 0.3158
Test Results:
r2: 0.7350
rmse: 0.3901
mae: 0.2983
11/51
train r2: 0.902725703507362, valid r2: 0.7347229467860444, test r2: 0.7011990032958748
Training Results:
r2: 0.9027
rmse: 0.2487
mae: 0.1866
Validation Results:
r2: 0.7347
rmse: 0.4330
mae: 0.3183
Test Results:
r2: 0.7012
rmse: 0.4142
mae: 0.3269
12/51
train r2: 0.8985705697350044, valid r2: 0.7142615851790832, test r2: 0.7592725123108319
Training Results:
r2: 0.8986
rmse: 0.2538
mae: 0.1985
Validation Results:
r2: 0.7143
rmse: 0.4494
mae: 0.3424
Test Results:
r2: 0.7593
rmse: 0.3717
mae: 0.3008
13/51
train r2: 0.8957690676949653, valid r2: 0.7038595927146969, test r2: 0.7243670778054514
Training Results:
r2: 0.8958
rmse: 0.2572
mae: 0.2082
Validation Results:
r2: 0.7039
rmse: 0.4575
mae: 0.3547
Test Results:
r2: 0.7244
rmse: 0.3978
mae: 0.3264
14/51
train r2: 0.9521771880620145, valid r2: 0.7414516714476823, test r2: 0.7785812408134329
Training Results:
r2: 0.9522
rmse: 0.1735
mae: 0.1298
Validation Results:
r2: 0.7415
rmse: 0.4275
mae: 0.3135
Test Results:
r2: 0.7786
rmse: 0.3565
mae: 0.2804
15/51
train r2: 0.9475919387366344, valid r2: 0.7317227840151902, test r2: 0.7657436207641264
Training Results:
r2: 0.9476
rmse: 0.1810
mae: 0.1327
Validation Results:
r2: 0.7317
rmse: 0.4354
mae: 0.3219
Test Results:
r2: 0.7657
rmse: 0.3667
mae: 0.3007
16/51
train r2: 0.9576541266607961, valid r2: 0.7403048088482908, test r2: 0.7457131399519594
Training Results:
r2: 0.9577
rmse: 0.1638
mae: 0.1263
Validation Results:
r2: 0.7403
rmse: 0.4284
mae: 0.3143
Test Results:
r2: 0.7457
rmse: 0.3821
mae: 0.3070
17/51
train r2: 0.962038074333432, valid r2: 0.7415137784275821, test r2: 0.757613488076116
Training Results:
r2: 0.9620
rmse: 0.1554
mae: 0.1209
Validation Results:
r2: 0.7415
rmse: 0.4274
mae: 0.3142
Test Results:
r2: 0.7576
rmse: 0.3730
mae: 0.3056
18/51
train r2: 0.9799637586361197, valid r2: 0.7634024655384495, test r2: 0.7721054096197859
Training Results:
r2: 0.9800
rmse: 0.1123
mae: 0.0852
Validation Results:
r2: 0.7634
rmse: 0.4089
mae: 0.3034
Test Results:
r2: 0.7721
rmse: 0.3617
mae: 0.2963
19/51
train r2: 0.9834502112276692, valid r2: 0.7718397194690664, test r2: 0.7599785350158619
Training Results:
r2: 0.9835
rmse: 0.1021
mae: 0.0765
Validation Results:
r2: 0.7718
rmse: 0.4016
mae: 0.2899
Test Results:
r2: 0.7600
rmse: 0.3712
mae: 0.3024
20/51
train r2: 0.9854246853975918, valid r2: 0.7661980531303072, test r2: 0.7507710866066362
Training Results:
r2: 0.9854
rmse: 0.0958
mae: 0.0703
Validation Results:
r2: 0.7662
rmse: 0.4065
mae: 0.2922
Test Results:
r2: 0.7508
rmse: 0.3782
mae: 0.3082
21/51
train r2: 0.9841506093641708, valid r2: 0.7768930755927574, test r2: 0.7775532874996822
Training Results:
r2: 0.9842
rmse: 0.1003
mae: 0.0769
Validation Results:
r2: 0.7769
rmse: 0.3971
mae: 0.2929
Test Results:
r2: 0.7776
rmse: 0.3573
mae: 0.2866
22/51
train r2: 0.9885167462572461, valid r2: 0.7608040196397813, test r2: 0.7681089125234932
Training Results:
r2: 0.9885
rmse: 0.0853
mae: 0.0663
Validation Results:
r2: 0.7608
rmse: 0.4112
mae: 0.2987
Test Results:
r2: 0.7681
rmse: 0.3649
mae: 0.3016
23/51
train r2: 0.988769079678186, valid r2: 0.7723555216621516, test r2: 0.7658448907049382
Training Results:
r2: 0.9888
rmse: 0.0842
mae: 0.0653
Validation Results:
r2: 0.7724
rmse: 0.4011
mae: 0.2979
Test Results:
r2: 0.7658
rmse: 0.3666
mae: 0.3024
24/51
train r2: 0.9932887457896648, valid r2: 0.7643655525864895, test r2: 0.7685052285079736
Training Results:
r2: 0.9933
rmse: 0.0652
mae: 0.0480
Validation Results:
r2: 0.7644
rmse: 0.4081
mae: 0.3003
Test Results:
r2: 0.7685
rmse: 0.3645
mae: 0.2990
25/51
train r2: 0.9940210539395486, valid r2: 0.7697788584694037, test r2: 0.7692104038520955
Training Results:
r2: 0.9940
rmse: 0.0617
mae: 0.0464
Validation Results:
r2: 0.7698
rmse: 0.4034
mae: 0.2986
Test Results:
r2: 0.7692
rmse: 0.3640
mae: 0.2970
26/51
train r2: 0.9960371721378225, valid r2: 0.7691406514906791, test r2: 0.7649558724015454
Training Results:
r2: 0.9960
rmse: 0.0503
mae: 0.0368
Validation Results:
r2: 0.7691
rmse: 0.4039
mae: 0.2964
Test Results:
r2: 0.7650
rmse: 0.3673
mae: 0.2988
27/51
train r2: 0.9968108829611546, valid r2: 0.7705384411433361, test r2: 0.7682452038340514
Training Results:
r2: 0.9968
rmse: 0.0447
mae: 0.0312
Validation Results:
r2: 0.7705
rmse: 0.4027
mae: 0.2953
Test Results:
r2: 0.7682
rmse: 0.3647
mae: 0.2987
28/51
train r2: 0.9975052585815827, valid r2: 0.7717673383790347, test r2: 0.7697091089568348
Training Results:
r2: 0.9975
rmse: 0.0397
mae: 0.0274
Validation Results:
r2: 0.7718
rmse: 0.4016
mae: 0.2934
Test Results:
r2: 0.7697
rmse: 0.3636
mae: 0.2957
29/51
train r2: 0.9977490586911775, valid r2: 0.7717034656502945, test r2: 0.7629961056507323
Training Results:
r2: 0.9977
rmse: 0.0378
mae: 0.0273
Validation Results:
r2: 0.7717
rmse: 0.4017
mae: 0.2941
Test Results:
r2: 0.7630
rmse: 0.3689
mae: 0.3009
30/51
train r2: 0.9981738323122183, valid r2: 0.7732278620995652, test r2: 0.7608772913807855
Training Results:
r2: 0.9982
rmse: 0.0339
mae: 0.0224
Validation Results:
r2: 0.7732
rmse: 0.4003
mae: 0.2962
Test Results:
r2: 0.7609
rmse: 0.3705
mae: 0.3028
31/51
train r2: 0.998232277538661, valid r2: 0.7756897440593218, test r2: 0.7602978285544818
Training Results:
r2: 0.9982
rmse: 0.0335
mae: 0.0221
Validation Results:
r2: 0.7757
rmse: 0.3982
mae: 0.2913
Test Results:
r2: 0.7603
rmse: 0.3709
mae: 0.3025
32/51
train r2: 0.9988893490453443, valid r2: 0.774768290434128, test r2: 0.7650318267836484
Training Results:
r2: 0.9989
rmse: 0.0266
mae: 0.0166
Validation Results:
r2: 0.7748
rmse: 0.3990
mae: 0.2947
Test Results:
r2: 0.7650
rmse: 0.3673
mae: 0.2998
33/51
train r2: 0.9990252707930051, valid r2: 0.7733963185111129, test r2: 0.761255581010548
Training Results:
r2: 0.9990
rmse: 0.0248
mae: 0.0160
Validation Results:
r2: 0.7734
rmse: 0.4002
mae: 0.2926
Test Results:
r2: 0.7613
rmse: 0.3702
mae: 0.3035
34/51
train r2: 0.9990653517454984, valid r2: 0.7763278368070266, test r2: 0.7614790571402572
Training Results:
r2: 0.9991
rmse: 0.0242
mae: 0.0136
Validation Results:
r2: 0.7763
rmse: 0.3976
mae: 0.2920
Test Results:
r2: 0.7615
rmse: 0.3700
mae: 0.3020
35/51
train r2: 0.9991818600416967, valid r2: 0.7755314452089248, test r2: 0.7624243202654781
Training Results:
r2: 0.9992
rmse: 0.0227
mae: 0.0125
Validation Results:
r2: 0.7755
rmse: 0.3983
mae: 0.2922
Test Results:
r2: 0.7624
rmse: 0.3693
mae: 0.3013
36/51
train r2: 0.998537274559966, valid r2: 0.7737234113854811, test r2: 0.7594520510035739
Training Results:
r2: 0.9985
rmse: 0.0305
mae: 0.0158
Validation Results:
r2: 0.7737
rmse: 0.3999
mae: 0.2955
Test Results:
r2: 0.7595
rmse: 0.3716
mae: 0.3033
37/51
train r2: 0.9991539388052296, valid r2: 0.775885745836485, test r2: 0.7612836099783251
Training Results:
r2: 0.9992
rmse: 0.0232
mae: 0.0123
Validation Results:
r2: 0.7759
rmse: 0.3980
mae: 0.2923
Test Results:
r2: 0.7613
rmse: 0.3702
mae: 0.3019
38/51
train r2: 0.9993300775661101, valid r2: 0.7760069708185946, test r2: 0.7595354658403499
Training Results:
r2: 0.9993
rmse: 0.0205
mae: 0.0117
Validation Results:
r2: 0.7760
rmse: 0.3979
mae: 0.2922
Test Results:
r2: 0.7595
rmse: 0.3715
mae: 0.3032
39/51
train r2: 0.9994358904785102, valid r2: 0.7754681101416613, test r2: 0.761502788936734
Training Results:
r2: 0.9994
rmse: 0.0189
mae: 0.0089
Validation Results:
r2: 0.7755
rmse: 0.3984
mae: 0.2931
Test Results:
r2: 0.7615
rmse: 0.3700
mae: 0.3013
40/51
train r2: 0.9994290479894516, valid r2: 0.7761492132608924, test r2: 0.7618389302042209
Training Results:
r2: 0.9994
rmse: 0.0190
mae: 0.0085
Validation Results:
r2: 0.7761
rmse: 0.3978
mae: 0.2920
Test Results:
r2: 0.7618
rmse: 0.3698
mae: 0.3007
41/51
train r2: 0.99943234359693, valid r2: 0.7756110126664768, test r2: 0.7606438312893273
Training Results:
r2: 0.9994
rmse: 0.0189
mae: 0.0087
Validation Results:
r2: 0.7756
rmse: 0.3982
mae: 0.2930
Test Results:
r2: 0.7606
rmse: 0.3707
mae: 0.3022
break!
train: 0.9842, val: 0.7769, test: 0.7776
end_test_result: (0.7775532874996822, 0.3573456406593323, 0.2866455316543579)
args.seed: 2044
use label scaler
use label scaler
use label scaler
model have 90.143705M paramerters in total
train_dataset.mean: tensor([-6.1629]) train_dataset.std: tensor([0.7952])
1/51
train r2: 0.3139411285697856, valid r2: 0.3796774573151468, test r2: 0.3574514883600848
Training Results:
r2: 0.3139
rmse: 0.6597
mae: 0.5657
Validation Results:
r2: 0.3797
rmse: 0.6621
mae: 0.5370
Test Results:
r2: 0.3575
rmse: 0.6073
mae: 0.5314
2/51
train r2: 0.5658253201055408, valid r2: 0.5523034848603827, test r2: 0.5418868011499864
Training Results:
r2: 0.5658
rmse: 0.5234
mae: 0.4196
Validation Results:
r2: 0.5523
rmse: 0.5625
mae: 0.4448
Test Results:
r2: 0.5419
rmse: 0.5128
mae: 0.4106
3/51
train r2: 0.6286473193061408, valid r2: 0.5717699111110226, test r2: 0.5065385201736978
Training Results:
r2: 0.6286
rmse: 0.4826
mae: 0.3712
Validation Results:
r2: 0.5718
rmse: 0.5501
mae: 0.4187
Test Results:
r2: 0.5065
rmse: 0.5322
mae: 0.4148
4/51
train r2: 0.7142374610849396, valid r2: 0.6007605242774271, test r2: 0.6155409099496418
Training Results:
r2: 0.7142
rmse: 0.4262
mae: 0.3290
Validation Results:
r2: 0.6008
rmse: 0.5312
mae: 0.3951
Test Results:
r2: 0.6155
rmse: 0.4698
mae: 0.3607
5/51
train r2: 0.7582694006741721, valid r2: 0.6984969312956031, test r2: 0.660018929981552
Training Results:
r2: 0.7583
rmse: 0.3914
mae: 0.3001
Validation Results:
r2: 0.6985
rmse: 0.4616
mae: 0.3470
Test Results:
r2: 0.6600
rmse: 0.4418
mae: 0.3290
6/51
train r2: 0.7031419917811084, valid r2: 0.5923179263348933, test r2: 0.6343759389428523
Training Results:
r2: 0.7031
rmse: 0.4331
mae: 0.3513
Validation Results:
r2: 0.5923
rmse: 0.5368
mae: 0.4294
Test Results:
r2: 0.6344
rmse: 0.4581
mae: 0.3829
7/51
train r2: 0.8304811681144144, valid r2: 0.7141105029014065, test r2: 0.6627921959403251
Training Results:
r2: 0.8305
rmse: 0.3285
mae: 0.2498
Validation Results:
r2: 0.7141
rmse: 0.4495
mae: 0.3320
Test Results:
r2: 0.6628
rmse: 0.4400
mae: 0.3341
8/51
train r2: 0.8563983134440323, valid r2: 0.7268953479854506, test r2: 0.7384896306958801
Training Results:
r2: 0.8564
rmse: 0.3023
mae: 0.2321
Validation Results:
r2: 0.7269
rmse: 0.4393
mae: 0.3275
Test Results:
r2: 0.7385
rmse: 0.3875
mae: 0.3032
9/51
train r2: 0.8120621693355741, valid r2: 0.7028369678502464, test r2: 0.6035077694687627
Training Results:
r2: 0.8121
rmse: 0.3450
mae: 0.2717
Validation Results:
r2: 0.7028
rmse: 0.4583
mae: 0.3669
Test Results:
r2: 0.6035
rmse: 0.4771
mae: 0.3690
10/51
train r2: 0.8807072741070756, valid r2: 0.7295327765897291, test r2: 0.6980580930166672
Training Results:
r2: 0.8807
rmse: 0.2744
mae: 0.2087
Validation Results:
r2: 0.7295
rmse: 0.4372
mae: 0.3257
Test Results:
r2: 0.6981
rmse: 0.4163
mae: 0.3220
11/51
train r2: 0.8685705819678855, valid r2: 0.6949024692011909, test r2: 0.6577622385297119
Training Results:
r2: 0.8686
rmse: 0.2891
mae: 0.2146
Validation Results:
r2: 0.6949
rmse: 0.4644
mae: 0.3442
Test Results:
r2: 0.6578
rmse: 0.4432
mae: 0.3399
12/51
train r2: 0.9050911273449144, valid r2: 0.7110755915050059, test r2: 0.740471165118193
Training Results:
r2: 0.9051
rmse: 0.2452
mae: 0.1855
Validation Results:
r2: 0.7111
rmse: 0.4519
mae: 0.3272
Test Results:
r2: 0.7405
rmse: 0.3860
mae: 0.2950
13/51
train r2: 0.948722268328426, valid r2: 0.7587716079831126, test r2: 0.7362358007945574
Training Results:
r2: 0.9487
rmse: 0.1802
mae: 0.1339
Validation Results:
r2: 0.7588
rmse: 0.4129
mae: 0.3002
Test Results:
r2: 0.7362
rmse: 0.3891
mae: 0.3041
14/51
train r2: 0.956267312397012, valid r2: 0.7610087880606344, test r2: 0.7452978893301835
Training Results:
r2: 0.9563
rmse: 0.1664
mae: 0.1219
Validation Results:
r2: 0.7610
rmse: 0.4110
mae: 0.3057
Test Results:
r2: 0.7453
rmse: 0.3824
mae: 0.3051
15/51
train r2: 0.9551305925688844, valid r2: 0.7621271761909871, test r2: 0.726347904855807
Training Results:
r2: 0.9551
rmse: 0.1682
mae: 0.1220
Validation Results:
r2: 0.7621
rmse: 0.4100
mae: 0.2981
Test Results:
r2: 0.7263
rmse: 0.3963
mae: 0.3087
16/51
train r2: 0.9740689526475956, valid r2: 0.7696568057784096, test r2: 0.7535073708570172
Training Results:
r2: 0.9741
rmse: 0.1279
mae: 0.0940
Validation Results:
r2: 0.7697
rmse: 0.4035
mae: 0.3041
Test Results:
r2: 0.7535
rmse: 0.3762
mae: 0.2980
17/51
train r2: 0.9720687355737964, valid r2: 0.7517323349408191, test r2: 0.7281547739132539
Training Results:
r2: 0.9721
rmse: 0.1330
mae: 0.0945
Validation Results:
r2: 0.7517
rmse: 0.4189
mae: 0.3181
Test Results:
r2: 0.7282
rmse: 0.3950
mae: 0.3190
18/51
train r2: 0.9721991850336191, valid r2: 0.7786475307732277, test r2: 0.7097197197501164
Training Results:
r2: 0.9722
rmse: 0.1328
mae: 0.0993
Validation Results:
r2: 0.7786
rmse: 0.3955
mae: 0.2916
Test Results:
r2: 0.7097
rmse: 0.4082
mae: 0.3254
19/51
train r2: 0.9858402714583174, valid r2: 0.7801897923248875, test r2: 0.7479398404822395
Training Results:
r2: 0.9858
rmse: 0.0948
mae: 0.0693
Validation Results:
r2: 0.7802
rmse: 0.3941
mae: 0.2959
Test Results:
r2: 0.7479
rmse: 0.3804
mae: 0.2987
20/51
train r2: 0.9896035895495329, valid r2: 0.7858933266380566, test r2: 0.7513276011514103
Training Results:
r2: 0.9896
rmse: 0.0813
mae: 0.0566
Validation Results:
r2: 0.7859
rmse: 0.3890
mae: 0.2828
Test Results:
r2: 0.7513
rmse: 0.3778
mae: 0.2991
21/51
train r2: 0.9905236777760531, valid r2: 0.7921211550797638, test r2: 0.7481708265599251
Training Results:
r2: 0.9905
rmse: 0.0772
mae: 0.0590
Validation Results:
r2: 0.7921
rmse: 0.3833
mae: 0.2850
Test Results:
r2: 0.7482
rmse: 0.3802
mae: 0.2969
22/51
train r2: 0.9914379609436271, valid r2: 0.7821036383160312, test r2: 0.7299565920102329
Training Results:
r2: 0.9914
rmse: 0.0735
mae: 0.0565
Validation Results:
r2: 0.7821
rmse: 0.3924
mae: 0.2935
Test Results:
r2: 0.7300
rmse: 0.3937
mae: 0.3117
23/51
train r2: 0.9915220895077824, valid r2: 0.790158889103371, test r2: 0.7551513913929214
Training Results:
r2: 0.9915
rmse: 0.0733
mae: 0.0571
Validation Results:
r2: 0.7902
rmse: 0.3851
mae: 0.2900
Test Results:
r2: 0.7552
rmse: 0.3749
mae: 0.2905
24/51
train r2: 0.9940328046380802, valid r2: 0.7777215313269359, test r2: 0.7398325511343828
Training Results:
r2: 0.9940
rmse: 0.0616
mae: 0.0470
Validation Results:
r2: 0.7777
rmse: 0.3964
mae: 0.2927
Test Results:
r2: 0.7398
rmse: 0.3865
mae: 0.2995
25/51
train r2: 0.9962526856793336, valid r2: 0.7897867775857026, test r2: 0.7469315719321771
Training Results:
r2: 0.9963
rmse: 0.0486
mae: 0.0357
Validation Results:
r2: 0.7898
rmse: 0.3854
mae: 0.2867
Test Results:
r2: 0.7469
rmse: 0.3811
mae: 0.2973
26/51
train r2: 0.9964747328740785, valid r2: 0.7891926040196002, test r2: 0.7503898625495712
Training Results:
r2: 0.9965
rmse: 0.0474
mae: 0.0349
Validation Results:
r2: 0.7892
rmse: 0.3860
mae: 0.2857
Test Results:
r2: 0.7504
rmse: 0.3785
mae: 0.2953
27/51
train r2: 0.9970263677855405, valid r2: 0.7897817056184796, test r2: 0.744001654498714
Training Results:
r2: 0.9970
rmse: 0.0434
mae: 0.0315
Validation Results:
r2: 0.7898
rmse: 0.3855
mae: 0.2845
Test Results:
r2: 0.7440
rmse: 0.3833
mae: 0.2972
28/51
train r2: 0.9978762254955906, valid r2: 0.7925124767406935, test r2: 0.7422176906530864
Training Results:
r2: 0.9979
rmse: 0.0366
mae: 0.0252
Validation Results:
r2: 0.7925
rmse: 0.3829
mae: 0.2862
Test Results:
r2: 0.7422
rmse: 0.3847
mae: 0.3023
29/51
train r2: 0.9980142917916691, valid r2: 0.7872640006420234, test r2: 0.7423444947898594
Training Results:
r2: 0.9980
rmse: 0.0355
mae: 0.0254
Validation Results:
r2: 0.7873
rmse: 0.3878
mae: 0.2863
Test Results:
r2: 0.7423
rmse: 0.3846
mae: 0.2986
30/51
train r2: 0.9982226408412042, valid r2: 0.7887648415967745, test r2: 0.7436750985174422
Training Results:
r2: 0.9982
rmse: 0.0336
mae: 0.0244
Validation Results:
r2: 0.7888
rmse: 0.3864
mae: 0.2854
Test Results:
r2: 0.7437
rmse: 0.3836
mae: 0.2969
31/51
train r2: 0.9988420211278, valid r2: 0.7926888307754929, test r2: 0.7397161314607821
Training Results:
r2: 0.9988
rmse: 0.0270
mae: 0.0177
Validation Results:
r2: 0.7927
rmse: 0.3828
mae: 0.2843
Test Results:
r2: 0.7397
rmse: 0.3865
mae: 0.3015
32/51
train r2: 0.9985842026700679, valid r2: 0.7905697222259375, test r2: 0.7404232852657207
Training Results:
r2: 0.9986
rmse: 0.0300
mae: 0.0214
Validation Results:
r2: 0.7906
rmse: 0.3847
mae: 0.2854
Test Results:
r2: 0.7404
rmse: 0.3860
mae: 0.2991
33/51
train r2: 0.99889569983712, valid r2: 0.7926715508380844, test r2: 0.7409997710163868
Training Results:
r2: 0.9989
rmse: 0.0265
mae: 0.0175
Validation Results:
r2: 0.7927
rmse: 0.3828
mae: 0.2842
Test Results:
r2: 0.7410
rmse: 0.3856
mae: 0.2995
34/51
train r2: 0.9992709308941916, valid r2: 0.7918074227135731, test r2: 0.7405194787530238
Training Results:
r2: 0.9993
rmse: 0.0214
mae: 0.0137
Validation Results:
r2: 0.7918
rmse: 0.3836
mae: 0.2842
Test Results:
r2: 0.7405
rmse: 0.3859
mae: 0.2990
35/51
train r2: 0.9992828112249723, valid r2: 0.7912111674079627, test r2: 0.740258363036574
Training Results:
r2: 0.9993
rmse: 0.0213
mae: 0.0134
Validation Results:
r2: 0.7912
rmse: 0.3841
mae: 0.2843
Test Results:
r2: 0.7403
rmse: 0.3861
mae: 0.3003
36/51
train r2: 0.9992329096437116, valid r2: 0.7912220268491829, test r2: 0.7358490989807227
Training Results:
r2: 0.9992
rmse: 0.0220
mae: 0.0138
Validation Results:
r2: 0.7912
rmse: 0.3841
mae: 0.2862
Test Results:
r2: 0.7358
rmse: 0.3894
mae: 0.3032
37/51
train r2: 0.9994988238885486, valid r2: 0.7918205699182843, test r2: 0.7390844653488532
Training Results:
r2: 0.9995
rmse: 0.0178
mae: 0.0099
Validation Results:
r2: 0.7918
rmse: 0.3836
mae: 0.2837
Test Results:
r2: 0.7391
rmse: 0.3870
mae: 0.2998
38/51
train r2: 0.9994994284499934, valid r2: 0.7923896721384518, test r2: 0.7398691866876203
Training Results:
r2: 0.9995
rmse: 0.0178
mae: 0.0107
Validation Results:
r2: 0.7924
rmse: 0.3831
mae: 0.2838
Test Results:
r2: 0.7399
rmse: 0.3864
mae: 0.2989
39/51
train r2: 0.9995006580545489, valid r2: 0.7922956203872578, test r2: 0.7381936067405948
Training Results:
r2: 0.9995
rmse: 0.0178
mae: 0.0098
Validation Results:
r2: 0.7923
rmse: 0.3831
mae: 0.2838
Test Results:
r2: 0.7382
rmse: 0.3877
mae: 0.3003
40/51
train r2: 0.9995799133065942, valid r2: 0.7932010335166273, test r2: 0.7364458959637725
Training Results:
r2: 0.9996
rmse: 0.0164
mae: 0.0087
Validation Results:
r2: 0.7932
rmse: 0.3823
mae: 0.2838
Test Results:
r2: 0.7364
rmse: 0.3890
mae: 0.3021
41/51
train r2: 0.9996231262509105, valid r2: 0.7936770523943517, test r2: 0.7373464830620018
Training Results:
r2: 0.9996
rmse: 0.0154
mae: 0.0084
Validation Results:
r2: 0.7937
rmse: 0.3819
mae: 0.2834
Test Results:
r2: 0.7373
rmse: 0.3883
mae: 0.3017
42/51
train r2: 0.9996506772272156, valid r2: 0.7926052823660559, test r2: 0.7370781483233098
Training Results:
r2: 0.9997
rmse: 0.0149
mae: 0.0077
Validation Results:
r2: 0.7926
rmse: 0.3829
mae: 0.2838
Test Results:
r2: 0.7371
rmse: 0.3885
mae: 0.3006
43/51
train r2: 0.9995173704833702, valid r2: 0.7923555310942881, test r2: 0.7383544903361713
Training Results:
r2: 0.9995
rmse: 0.0175
mae: 0.0084
Validation Results:
r2: 0.7924
rmse: 0.3831
mae: 0.2831
Test Results:
r2: 0.7384
rmse: 0.3876
mae: 0.2991
44/51
train r2: 0.9996928520191293, valid r2: 0.7929851982436047, test r2: 0.738000952893124
Training Results:
r2: 0.9997
rmse: 0.0139
mae: 0.0069
Validation Results:
r2: 0.7930
rmse: 0.3825
mae: 0.2837
Test Results:
r2: 0.7380
rmse: 0.3878
mae: 0.3006
45/51
train r2: 0.9996978004880979, valid r2: 0.7930456888914817, test r2: 0.7375193514532141
Training Results:
r2: 0.9997
rmse: 0.0138
mae: 0.0065
Validation Results:
r2: 0.7930
rmse: 0.3824
mae: 0.2838
Test Results:
r2: 0.7375
rmse: 0.3882
mae: 0.3011
46/51
train r2: 0.9996907587030824, valid r2: 0.7925351527851021, test r2: 0.7368882917173081
Training Results:
r2: 0.9997
rmse: 0.0140
mae: 0.0062
Validation Results:
r2: 0.7925
rmse: 0.3829
mae: 0.2834
Test Results:
r2: 0.7369
rmse: 0.3886
mae: 0.3009
47/51
train r2: 0.9997253171687148, valid r2: 0.7931128970223077, test r2: 0.7369531327724207
Training Results:
r2: 0.9997
rmse: 0.0132
mae: 0.0057
Validation Results:
r2: 0.7931
rmse: 0.3824
mae: 0.2836
Test Results:
r2: 0.7370
rmse: 0.3886
mae: 0.3015
48/51
train r2: 0.9997509513196426, valid r2: 0.7929844666378633, test r2: 0.737210820790569
Training Results:
r2: 0.9998
rmse: 0.0126
mae: 0.0048
Validation Results:
r2: 0.7930
rmse: 0.3825
mae: 0.2832
Test Results:
r2: 0.7372
rmse: 0.3884
mae: 0.3006
49/51
train r2: 0.9997611498409191, valid r2: 0.7931142068101331, test r2: 0.7369344219084093
Training Results:
r2: 0.9998
rmse: 0.0123
mae: 0.0048
Validation Results:
r2: 0.7931
rmse: 0.3824
mae: 0.2834
Test Results:
r2: 0.7369
rmse: 0.3886
mae: 0.3013
50/51
train r2: 0.999767379106882, valid r2: 0.7931047987119431, test r2: 0.7372688220729855
Training Results:
r2: 0.9998
rmse: 0.0121
mae: 0.0042
Validation Results:
r2: 0.7931
rmse: 0.3824
mae: 0.2832
Test Results:
r2: 0.7373
rmse: 0.3884
mae: 0.3007
train: 0.9996, val: 0.7937, test: 0.7373
end_test_result: (0.7373464830620018, 0.38829976320266724, 0.30166736245155334)
args.seed: 2054
use label scaler
use label scaler
use label scaler
model have 90.143705M paramerters in total
train_dataset.mean: tensor([-6.1629]) train_dataset.std: tensor([0.7952])
1/51
train r2: 0.3000931975546436, valid r2: 0.31056198349718833, test r2: 0.3096885115689385
Training Results:
r2: 0.3001
rmse: 0.6629
mae: 0.5692
Validation Results:
r2: 0.3106
rmse: 0.6980
mae: 0.5812
Test Results:
r2: 0.3097
rmse: 0.6295
mae: 0.5503
2/51
train r2: 0.615561414207224, valid r2: 0.5923609650782928, test r2: 0.5982682537279232
Training Results:
r2: 0.6156
rmse: 0.4940
mae: 0.3950
Validation Results:
r2: 0.5924
rmse: 0.5367
mae: 0.4182
Test Results:
r2: 0.5983
rmse: 0.4802
mae: 0.3884
3/51
train r2: 0.7122005943667369, valid r2: 0.6341890300941175, test r2: 0.6179650182213324
Training Results:
r2: 0.7122
rmse: 0.4272
mae: 0.3247
Validation Results:
r2: 0.6342
rmse: 0.5085
mae: 0.3918
Test Results:
r2: 0.6180
rmse: 0.4683
mae: 0.3546
4/51
train r2: 0.6909771962060927, valid r2: 0.6039183479822753, test r2: 0.5392809335077486
Training Results:
r2: 0.6910
rmse: 0.4404
mae: 0.3419
Validation Results:
r2: 0.6039
rmse: 0.5291
mae: 0.4178
Test Results:
r2: 0.5393
rmse: 0.5143
mae: 0.4003
5/51
train r2: 0.8024470191495273, valid r2: 0.7099560494807662, test r2: 0.7234775871995718
Training Results:
r2: 0.8024
rmse: 0.3542
mae: 0.2719
Validation Results:
r2: 0.7100
rmse: 0.4528
mae: 0.3414
Test Results:
r2: 0.7235
rmse: 0.3984
mae: 0.3101
6/51
train r2: 0.7072130797102132, valid r2: 0.6277374391352641, test r2: 0.58659657357819
Training Results:
r2: 0.7072
rmse: 0.4305
mae: 0.3340
Validation Results:
r2: 0.6277
rmse: 0.5129
mae: 0.4054
Test Results:
r2: 0.5866
rmse: 0.4871
mae: 0.3833
7/51
train r2: 0.7753476816057422, valid r2: 0.6197992090715749, test r2: 0.6174901249550747
Training Results:
r2: 0.7753
rmse: 0.3743
mae: 0.2933
Validation Results:
r2: 0.6198
rmse: 0.5184
mae: 0.4136
Test Results:
r2: 0.6175
rmse: 0.4686
mae: 0.3700
8/51
train r2: 0.8155034683279592, valid r2: 0.6720962326367552, test r2: 0.7360270809227814
Training Results:
r2: 0.8155
rmse: 0.3428
mae: 0.2683
Validation Results:
r2: 0.6721
rmse: 0.4814
mae: 0.3687
Test Results:
r2: 0.7360
rmse: 0.3893
mae: 0.3182
9/51
train r2: 0.8736662027857592, valid r2: 0.721627938747713, test r2: 0.729762996294917
Training Results:
r2: 0.8737
rmse: 0.2822
mae: 0.2097
Validation Results:
r2: 0.7216
rmse: 0.4436
mae: 0.3319
Test Results:
r2: 0.7298
rmse: 0.3939
mae: 0.3148
10/51
train r2: 0.8900526469569751, valid r2: 0.7325973261959677, test r2: 0.7610415372530169
Training Results:
r2: 0.8901
rmse: 0.2636
mae: 0.1917
Validation Results:
r2: 0.7326
rmse: 0.4347
mae: 0.3274
Test Results:
r2: 0.7610
rmse: 0.3704
mae: 0.2915
11/51
train r2: 0.9077355483535048, valid r2: 0.7365098902607212, test r2: 0.7679823667718756
Training Results:
r2: 0.9077
rmse: 0.2418
mae: 0.1781
Validation Results:
r2: 0.7365
rmse: 0.4315
mae: 0.3223
Test Results:
r2: 0.7680
rmse: 0.3650
mae: 0.2863
12/51
train r2: 0.8935290755907006, valid r2: 0.6701322202569789, test r2: 0.7317013151201822
Training Results:
r2: 0.8935
rmse: 0.2589
mae: 0.1952
Validation Results:
r2: 0.6701
rmse: 0.4828
mae: 0.3577
Test Results:
r2: 0.7317
rmse: 0.3925
mae: 0.3026
13/51
train r2: 0.9420331734523549, valid r2: 0.7480347696896383, test r2: 0.7777894972964947
Training Results:
r2: 0.9420
rmse: 0.1907
mae: 0.1472
Validation Results:
r2: 0.7480
rmse: 0.4220
mae: 0.3153
Test Results:
r2: 0.7778
rmse: 0.3572
mae: 0.2911
14/51
train r2: 0.9575689296368582, valid r2: 0.7885369507885499, test r2: 0.7760932017620906
Training Results:
r2: 0.9576
rmse: 0.1637
mae: 0.1226
Validation Results:
r2: 0.7885
rmse: 0.3866
mae: 0.2887
Test Results:
r2: 0.7761
rmse: 0.3585
mae: 0.2806
15/51
train r2: 0.9686656786546869, valid r2: 0.7867624086212991, test r2: 0.761717474207193
Training Results:
r2: 0.9687
rmse: 0.1409
mae: 0.1074
Validation Results:
r2: 0.7868
rmse: 0.3882
mae: 0.2896
Test Results:
r2: 0.7617
rmse: 0.3698
mae: 0.2981
16/51
train r2: 0.9754755045039718, valid r2: 0.7840485121532703, test r2: 0.7841032963890835
Training Results:
r2: 0.9755
rmse: 0.1242
mae: 0.0954
Validation Results:
r2: 0.7840
rmse: 0.3907
mae: 0.2863
Test Results:
r2: 0.7841
rmse: 0.3520
mae: 0.2712
17/51
train r2: 0.9781931284137995, valid r2: 0.787296151547966, test r2: 0.7760410496956622
Training Results:
r2: 0.9782
rmse: 0.1178
mae: 0.0839
Validation Results:
r2: 0.7873
rmse: 0.3877
mae: 0.2879
Test Results:
r2: 0.7760
rmse: 0.3586
mae: 0.2842
18/51
train r2: 0.9811791773812435, valid r2: 0.788792130371444, test r2: 0.7656603238781281
Training Results:
r2: 0.9812
rmse: 0.1092
mae: 0.0820
Validation Results:
r2: 0.7888
rmse: 0.3864
mae: 0.2900
Test Results:
r2: 0.7657
rmse: 0.3668
mae: 0.2867
19/51
train r2: 0.9842229634157745, valid r2: 0.7751430357034389, test r2: 0.7777207989741437
Training Results:
r2: 0.9842
rmse: 0.0999
mae: 0.0729
Validation Results:
r2: 0.7751
rmse: 0.3986
mae: 0.2984
Test Results:
r2: 0.7777
rmse: 0.3572
mae: 0.2833
20/51
train r2: 0.9897932508265309, valid r2: 0.7842779905263271, test r2: 0.7686693904652393
Training Results:
r2: 0.9898
rmse: 0.0805
mae: 0.0623
Validation Results:
r2: 0.7843
rmse: 0.3905
mae: 0.2891
Test Results:
r2: 0.7687
rmse: 0.3644
mae: 0.2845
21/51
train r2: 0.992409615650739, valid r2: 0.7862608888682162, test r2: 0.772078942242772
Training Results:
r2: 0.9924
rmse: 0.0695
mae: 0.0519
Validation Results:
r2: 0.7863
rmse: 0.3887
mae: 0.2902
Test Results:
r2: 0.7721
rmse: 0.3617
mae: 0.2792
22/51
train r2: 0.9918387579461575, valid r2: 0.7849544887210057, test r2: 0.7638250887163077
Training Results:
r2: 0.9918
rmse: 0.0721
mae: 0.0560
Validation Results:
r2: 0.7850
rmse: 0.3899
mae: 0.2931
Test Results:
r2: 0.7638
rmse: 0.3682
mae: 0.2841
23/51
train r2: 0.9946268469057151, valid r2: 0.7919766567603811, test r2: 0.771917860483631
Training Results:
r2: 0.9946
rmse: 0.0581
mae: 0.0421
Validation Results:
r2: 0.7920
rmse: 0.3834
mae: 0.2858
Test Results:
r2: 0.7719
rmse: 0.3618
mae: 0.2820
24/51
train r2: 0.9958640390813654, valid r2: 0.784364901015342, test r2: 0.7616064361280823
Training Results:
r2: 0.9959
rmse: 0.0512
mae: 0.0389
Validation Results:
r2: 0.7844
rmse: 0.3904
mae: 0.2907
Test Results:
r2: 0.7616
rmse: 0.3699
mae: 0.2864
25/51
train r2: 0.9969546402247185, valid r2: 0.7870835772721594, test r2: 0.7683373162299667
Training Results:
r2: 0.9970
rmse: 0.0439
mae: 0.0330
Validation Results:
r2: 0.7871
rmse: 0.3879
mae: 0.2902
Test Results:
r2: 0.7683
rmse: 0.3647
mae: 0.2828
26/51
train r2: 0.9971116550366835, valid r2: 0.7888142327849216, test r2: 0.7666704873484682
Training Results:
r2: 0.9971
rmse: 0.0427
mae: 0.0311
Validation Results:
r2: 0.7888
rmse: 0.3863
mae: 0.2868
Test Results:
r2: 0.7667
rmse: 0.3660
mae: 0.2821
27/51
train r2: 0.9978299808060203, valid r2: 0.7890134109672658, test r2: 0.7660174637361797
Training Results:
r2: 0.9978
rmse: 0.0371
mae: 0.0266
Validation Results:
r2: 0.7890
rmse: 0.3862
mae: 0.2887
Test Results:
r2: 0.7660
rmse: 0.3665
mae: 0.2853
28/51
train r2: 0.9984160202593523, valid r2: 0.7901921615895324, test r2: 0.7614538247670564
Training Results:
r2: 0.9984
rmse: 0.0317
mae: 0.0228
Validation Results:
r2: 0.7902
rmse: 0.3851
mae: 0.2874
Test Results:
r2: 0.7615
rmse: 0.3701
mae: 0.2874
29/51
train r2: 0.9984973997948274, valid r2: 0.7913799842611947, test r2: 0.7652597613865683
Training Results:
r2: 0.9985
rmse: 0.0309
mae: 0.0206
Validation Results:
r2: 0.7914
rmse: 0.3840
mae: 0.2870
Test Results:
r2: 0.7653
rmse: 0.3671
mae: 0.2855
30/51
train r2: 0.9976471686273823, valid r2: 0.7876843343813582, test r2: 0.7591600315613316
Training Results:
r2: 0.9976
rmse: 0.0386
mae: 0.0294
Validation Results:
r2: 0.7877
rmse: 0.3874
mae: 0.2891
Test Results:
r2: 0.7592
rmse: 0.3718
mae: 0.2900
31/51
train r2: 0.998873967901583, valid r2: 0.7921835841144198, test r2: 0.7663849268230688
Training Results:
r2: 0.9989
rmse: 0.0266
mae: 0.0181
Validation Results:
r2: 0.7922
rmse: 0.3832
mae: 0.2865
Test Results:
r2: 0.7664
rmse: 0.3662
mae: 0.2860
32/51
train r2: 0.9989953494043787, valid r2: 0.7911625625170775, test r2: 0.7649871962320539
Training Results:
r2: 0.9990
rmse: 0.0252
mae: 0.0164
Validation Results:
r2: 0.7912
rmse: 0.3842
mae: 0.2874
Test Results:
r2: 0.7650
rmse: 0.3673
mae: 0.2862
33/51
train r2: 0.9989827083506195, valid r2: 0.7915781058181297, test r2: 0.7640947979366215
Training Results:
r2: 0.9990
rmse: 0.0253
mae: 0.0156
Validation Results:
r2: 0.7916
rmse: 0.3838
mae: 0.2860
Test Results:
r2: 0.7641
rmse: 0.3680
mae: 0.2867
34/51
train r2: 0.9987521103334531, valid r2: 0.7899295952492655, test r2: 0.7602833693383027
Training Results:
r2: 0.9988
rmse: 0.0282
mae: 0.0176
Validation Results:
r2: 0.7899
rmse: 0.3853
mae: 0.2878
Test Results:
r2: 0.7603
rmse: 0.3710
mae: 0.2887
35/51
train r2: 0.9992775720334299, valid r2: 0.7915336109653498, test r2: 0.7617389695994277
Training Results:
r2: 0.9993
rmse: 0.0214
mae: 0.0119
Validation Results:
r2: 0.7915
rmse: 0.3838
mae: 0.2862
Test Results:
r2: 0.7617
rmse: 0.3698
mae: 0.2883
36/51
train r2: 0.9994037612560979, valid r2: 0.7932854361601365, test r2: 0.7630850203259989
Training Results:
r2: 0.9994
rmse: 0.0194
mae: 0.0112
Validation Results:
r2: 0.7933
rmse: 0.3822
mae: 0.2853
Test Results:
r2: 0.7631
rmse: 0.3688
mae: 0.2864
37/51
train r2: 0.9995059657948021, valid r2: 0.7917158343139521, test r2: 0.7631812800476475
Training Results:
r2: 0.9995
rmse: 0.0177
mae: 0.0088
Validation Results:
r2: 0.7917
rmse: 0.3837
mae: 0.2866
Test Results:
r2: 0.7632
rmse: 0.3687
mae: 0.2869
38/51
train r2: 0.9994026366268097, valid r2: 0.7927776947831784, test r2: 0.7628443759018971
Training Results:
r2: 0.9994
rmse: 0.0195
mae: 0.0086
Validation Results:
r2: 0.7928
rmse: 0.3827
mae: 0.2856
Test Results:
r2: 0.7628
rmse: 0.3690
mae: 0.2876
39/51
train r2: 0.9995690261662432, valid r2: 0.791381180703258, test r2: 0.7626065414025212
Training Results:
r2: 0.9996
rmse: 0.0165
mae: 0.0072
Validation Results:
r2: 0.7914
rmse: 0.3840
mae: 0.2868
Test Results:
r2: 0.7626
rmse: 0.3692
mae: 0.2873
40/51
train r2: 0.9995892308514756, valid r2: 0.7911766340927162, test r2: 0.763082544058275
Training Results:
r2: 0.9996
rmse: 0.0162
mae: 0.0072
Validation Results:
r2: 0.7912
rmse: 0.3842
mae: 0.2873
Test Results:
r2: 0.7631
rmse: 0.3688
mae: 0.2869
41/51
train r2: 0.999513251949143, valid r2: 0.7922292008193044, test r2: 0.762056072049319
Training Results:
r2: 0.9995
rmse: 0.0175
mae: 0.0075
Validation Results:
r2: 0.7922
rmse: 0.3832
mae: 0.2862
Test Results:
r2: 0.7621
rmse: 0.3696
mae: 0.2882
42/51
train r2: 0.999648038410241, valid r2: 0.791920187343278, test r2: 0.7630018646658425
Training Results:
r2: 0.9996
rmse: 0.0148
mae: 0.0056
Validation Results:
r2: 0.7919
rmse: 0.3835
mae: 0.2867
Test Results:
r2: 0.7630
rmse: 0.3688
mae: 0.2870
43/51
train r2: 0.9996705050856709, valid r2: 0.7920708130517815, test r2: 0.7622732026261202
Training Results:
r2: 0.9997
rmse: 0.0144
mae: 0.0050
Validation Results:
r2: 0.7921
rmse: 0.3833
mae: 0.2861
Test Results:
r2: 0.7623
rmse: 0.3694
mae: 0.2878
44/51
train r2: 0.9996155383689543, valid r2: 0.7914288835117715, test r2: 0.7630036845045896
Training Results:
r2: 0.9996
rmse: 0.0156
mae: 0.0059
Validation Results:
r2: 0.7914
rmse: 0.3839
mae: 0.2872
Test Results:
r2: 0.7630
rmse: 0.3688
mae: 0.2868
45/51
train r2: 0.9996681564822655, valid r2: 0.7922405217907167, test r2: 0.7619401085871083
Training Results:
r2: 0.9997
rmse: 0.0145
mae: 0.0056
Validation Results:
r2: 0.7922
rmse: 0.3832
mae: 0.2860
Test Results:
r2: 0.7619
rmse: 0.3697
mae: 0.2883
46/51
train r2: 0.9996899694305199, valid r2: 0.7920576748506448, test r2: 0.7627689158999873
Training Results:
r2: 0.9997
rmse: 0.0139
mae: 0.0047
Validation Results:
r2: 0.7921
rmse: 0.3834
mae: 0.2864
Test Results:
r2: 0.7628
rmse: 0.3690
mae: 0.2872
47/51
train r2: 0.9997023515135737, valid r2: 0.7918649479833135, test r2: 0.7624801604067413
Training Results:
r2: 0.9997
rmse: 0.0137
mae: 0.0045
Validation Results:
r2: 0.7919
rmse: 0.3835
mae: 0.2866
Test Results:
r2: 0.7625
rmse: 0.3693
mae: 0.2875
48/51
train r2: 0.9997122530080838, valid r2: 0.7919605530935399, test r2: 0.7626237461932481
Training Results:
r2: 0.9997
rmse: 0.0135
mae: 0.0044
Validation Results:
r2: 0.7920
rmse: 0.3834
mae: 0.2865
Test Results:
r2: 0.7626
rmse: 0.3691
mae: 0.2875
49/51
train r2: 0.9997116541034348, valid r2: 0.7917971494897407, test r2: 0.7626794772893885
Training Results:
r2: 0.9997
rmse: 0.0135
mae: 0.0042
Validation Results:
r2: 0.7918
rmse: 0.3836
mae: 0.2866
Test Results:
r2: 0.7627
rmse: 0.3691
mae: 0.2874
50/51
train r2: 0.9997196962882712, valid r2: 0.7918740880466115, test r2: 0.7624426453658983
Training Results:
r2: 0.9997
rmse: 0.0133
mae: 0.0037
Validation Results:
r2: 0.7919
rmse: 0.3835
mae: 0.2866
Test Results:
r2: 0.7624
rmse: 0.3693
mae: 0.2875
train: 0.9994, val: 0.7933, test: 0.7631
end_test_result: (0.7630850203259989, 0.36878374218940735, 0.28635063767433167)
args.seed: 2064
use label scaler
use label scaler
use label scaler
model have 90.143705M paramerters in total
train_dataset.mean: tensor([-6.1629]) train_dataset.std: tensor([0.7952])
1/51
train r2: 0.21958706075048806, valid r2: 0.23342149779290644, test r2: 0.11970435374884292
Training Results:
r2: 0.2196
rmse: 0.7041
mae: 0.5770
Validation Results:
r2: 0.2334
rmse: 0.7361
mae: 0.5951
Test Results:
r2: 0.1197
rmse: 0.7109
mae: 0.6012
2/51
train r2: 0.5604448231674913, valid r2: 0.521056285397263, test r2: 0.4757554705356165
Training Results:
r2: 0.5604
rmse: 0.5282
mae: 0.4194
Validation Results:
r2: 0.5211
rmse: 0.5818
mae: 0.4601
Test Results:
r2: 0.4758
rmse: 0.5486
mae: 0.4357
3/51
train r2: 0.6856089268828117, valid r2: 0.6512679708459728, test r2: 0.6282150699667157
Training Results:
r2: 0.6856
rmse: 0.4458
mae: 0.3530
Validation Results:
r2: 0.6513
rmse: 0.4965
mae: 0.3760
Test Results:
r2: 0.6282
rmse: 0.4620
mae: 0.3692
4/51
train r2: 0.7019496026506349, valid r2: 0.6220794394333786, test r2: 0.6371049260393836
Training Results:
r2: 0.7019
rmse: 0.4328
mae: 0.3347
Validation Results:
r2: 0.6221
rmse: 0.5168
mae: 0.3900
Test Results:
r2: 0.6371
rmse: 0.4564
mae: 0.3496
5/51
train r2: 0.689791265240781, valid r2: 0.6361482746651856, test r2: 0.6532008293828286
Training Results:
r2: 0.6898
rmse: 0.4406
mae: 0.3559
Validation Results:
r2: 0.6361
rmse: 0.5071
mae: 0.3868
Test Results:
r2: 0.6532
rmse: 0.4462
mae: 0.3543
6/51
train r2: 0.7556161477918932, valid r2: 0.6586944041387424, test r2: 0.6864032098352337
Training Results:
r2: 0.7556
rmse: 0.3932
mae: 0.3090
Validation Results:
r2: 0.6587
rmse: 0.4911
mae: 0.3718
Test Results:
r2: 0.6864
rmse: 0.4243
mae: 0.3229
7/51
train r2: 0.8015062350497109, valid r2: 0.6654246670425958, test r2: 0.719989627737003
Training Results:
r2: 0.8015
rmse: 0.3539
mae: 0.2741
Validation Results:
r2: 0.6654
rmse: 0.4863
mae: 0.3649
Test Results:
r2: 0.7200
rmse: 0.4009
mae: 0.3151
8/51
train r2: 0.8603110217610533, valid r2: 0.7360772730590076, test r2: 0.712850463456003
Training Results:
r2: 0.8603
rmse: 0.2970
mae: 0.2236
Validation Results:
r2: 0.7361
rmse: 0.4319
mae: 0.3147
Test Results:
r2: 0.7129
rmse: 0.4060
mae: 0.3108
9/51
train r2: 0.8677320812152691, valid r2: 0.707216363678947, test r2: 0.7321055756551246
Training Results:
r2: 0.8677
rmse: 0.2879
mae: 0.2146
Validation Results:
r2: 0.7072
rmse: 0.4549
mae: 0.3344
Test Results:
r2: 0.7321
rmse: 0.3922
mae: 0.3053
10/51
train r2: 0.8827303745020014, valid r2: 0.7316250849257018, test r2: 0.7386690212182403
Training Results:
r2: 0.8827
rmse: 0.2727
mae: 0.2066
Validation Results:
r2: 0.7316
rmse: 0.4355
mae: 0.3231
Test Results:
r2: 0.7387
rmse: 0.3873
mae: 0.3030
11/51
train r2: 0.8928169950260522, valid r2: 0.738548038314152, test r2: 0.7455947290830959
Training Results:
r2: 0.8928
rmse: 0.2611
mae: 0.2035
Validation Results:
r2: 0.7385
rmse: 0.4299
mae: 0.3268
Test Results:
r2: 0.7456
rmse: 0.3822
mae: 0.3033
12/51
train r2: 0.9013494107981354, valid r2: 0.7352474418414175, test r2: 0.7071613238719425
Training Results:
r2: 0.9013
rmse: 0.2504
mae: 0.1858
Validation Results:
r2: 0.7352
rmse: 0.4326
mae: 0.3220
Test Results:
r2: 0.7072
rmse: 0.4100
mae: 0.3240
13/51
train r2: 0.920362624428811, valid r2: 0.7533027307278315, test r2: 0.7467793286632824
Training Results:
r2: 0.9204
rmse: 0.2250
mae: 0.1716
Validation Results:
r2: 0.7533
rmse: 0.4176
mae: 0.3177
Test Results:
r2: 0.7468
rmse: 0.3813
mae: 0.2949
14/51
train r2: 0.934062424194268, valid r2: 0.7761551488236533, test r2: 0.7021841878279214
Training Results:
r2: 0.9341
rmse: 0.2036
mae: 0.1529
Validation Results:
r2: 0.7762
rmse: 0.3977
mae: 0.2835
Test Results:
r2: 0.7022
rmse: 0.4135
mae: 0.3290
15/51
train r2: 0.9487809412859024, valid r2: 0.758332697525325, test r2: 0.7641007654472936
Training Results:
r2: 0.9488
rmse: 0.1804
mae: 0.1402
Validation Results:
r2: 0.7583
rmse: 0.4133
mae: 0.3101
Test Results:
r2: 0.7641
rmse: 0.3680
mae: 0.2938
16/51
train r2: 0.971598661708419, valid r2: 0.7860555549339214, test r2: 0.7705205239870601
Training Results:
r2: 0.9716
rmse: 0.1339
mae: 0.0990
Validation Results:
r2: 0.7861
rmse: 0.3889
mae: 0.2868
Test Results:
r2: 0.7705
rmse: 0.3630
mae: 0.2948
17/51
train r2: 0.9574292447623239, valid r2: 0.7835630088962587, test r2: 0.7591120048248757
Training Results:
r2: 0.9574
rmse: 0.1640
mae: 0.1281
Validation Results:
r2: 0.7836
rmse: 0.3911
mae: 0.2940
Test Results:
r2: 0.7591
rmse: 0.3719
mae: 0.2930
18/51
train r2: 0.9610666153499459, valid r2: 0.7719226284922183, test r2: 0.735280695829583
Training Results:
r2: 0.9611
rmse: 0.1566
mae: 0.1263
Validation Results:
r2: 0.7719
rmse: 0.4015
mae: 0.3053
Test Results:
r2: 0.7353
rmse: 0.3898
mae: 0.3129
19/51
train r2: 0.9689143650892239, valid r2: 0.7751129771048132, test r2: 0.7676426668006783
Training Results:
r2: 0.9689
rmse: 0.1403
mae: 0.1083
Validation Results:
r2: 0.7751
rmse: 0.3987
mae: 0.2998
Test Results:
r2: 0.7676
rmse: 0.3652
mae: 0.2999
20/51
train r2: 0.9823998570323347, valid r2: 0.7946549393869721, test r2: 0.7429468991744672
Training Results:
r2: 0.9824
rmse: 0.1058
mae: 0.0771
Validation Results:
r2: 0.7947
rmse: 0.3810
mae: 0.2749
Test Results:
r2: 0.7429
rmse: 0.3841
mae: 0.3048
21/51
train r2: 0.9847025233780835, valid r2: 0.8002781000419968, test r2: 0.7422045917677242
Training Results:
r2: 0.9847
rmse: 0.0984
mae: 0.0803
Validation Results:
r2: 0.8003
rmse: 0.3757
mae: 0.2788
Test Results:
r2: 0.7422
rmse: 0.3847
mae: 0.3063
22/51
train r2: 0.9900537408798564, valid r2: 0.8123272914168373, test r2: 0.7448651621541916
Training Results:
r2: 0.9901
rmse: 0.0795
mae: 0.0606
Validation Results:
r2: 0.8123
rmse: 0.3642
mae: 0.2722
Test Results:
r2: 0.7449
rmse: 0.3827
mae: 0.3048
23/51
train r2: 0.9927897350602942, valid r2: 0.8057918170732143, test r2: 0.7596838110598731
Training Results:
r2: 0.9928
rmse: 0.0678
mae: 0.0524
Validation Results:
r2: 0.8058
rmse: 0.3705
mae: 0.2759
Test Results:
r2: 0.7597
rmse: 0.3714
mae: 0.2974
24/51
train r2: 0.9936831845571329, valid r2: 0.8097555557752816, test r2: 0.7587125203377694
Training Results:
r2: 0.9937
rmse: 0.0632
mae: 0.0479
Validation Results:
r2: 0.8098
rmse: 0.3667
mae: 0.2673
Test Results:
r2: 0.7587
rmse: 0.3722
mae: 0.2984
25/51
train r2: 0.9957351489591585, valid r2: 0.8123350676848651, test r2: 0.7503142790041717
Training Results:
r2: 0.9957
rmse: 0.0519
mae: 0.0393
Validation Results:
r2: 0.8123
rmse: 0.3642
mae: 0.2685
Test Results:
r2: 0.7503
rmse: 0.3786
mae: 0.3046
26/51
train r2: 0.9968775788869202, valid r2: 0.813221420062332, test r2: 0.7560879327946665
Training Results:
r2: 0.9969
rmse: 0.0445
mae: 0.0318
Validation Results:
r2: 0.8132
rmse: 0.3633
mae: 0.2685
Test Results:
r2: 0.7561
rmse: 0.3742
mae: 0.2999
27/51
train r2: 0.9970662766210764, valid r2: 0.8139964786994927, test r2: 0.7487854659750739
Training Results:
r2: 0.9971
rmse: 0.0431
mae: 0.0305
Validation Results:
r2: 0.8140
rmse: 0.3626
mae: 0.2693
Test Results:
r2: 0.7488
rmse: 0.3798
mae: 0.3078
28/51
train r2: 0.9976320018280388, valid r2: 0.8114618397448428, test r2: 0.7528028965496496
Training Results:
r2: 0.9976
rmse: 0.0386
mae: 0.0271
Validation Results:
r2: 0.8115
rmse: 0.3650
mae: 0.2708
Test Results:
r2: 0.7528
rmse: 0.3767
mae: 0.3007
29/51
train r2: 0.9977337572732373, valid r2: 0.8110817683152884, test r2: 0.7535848678857058
Training Results:
r2: 0.9977
rmse: 0.0379
mae: 0.0272
Validation Results:
r2: 0.8111
rmse: 0.3654
mae: 0.2687
Test Results:
r2: 0.7536
rmse: 0.3761
mae: 0.3018
30/51
train r2: 0.998054471808051, valid r2: 0.8096901582914979, test r2: 0.7465214739113888
Training Results:
r2: 0.9981
rmse: 0.0350
mae: 0.0258
Validation Results:
r2: 0.8097
rmse: 0.3667
mae: 0.2729
Test Results:
r2: 0.7465
rmse: 0.3815
mae: 0.3088
31/51
train r2: 0.9987507545674974, valid r2: 0.8125906323105194, test r2: 0.7488798320216442
Training Results:
r2: 0.9988
rmse: 0.0281
mae: 0.0195
Validation Results:
r2: 0.8126
rmse: 0.3639
mae: 0.2701
Test Results:
r2: 0.7489
rmse: 0.3797
mae: 0.3043
32/51
train r2: 0.9988987148274014, valid r2: 0.8110103674546093, test r2: 0.7510926334464157
Training Results:
r2: 0.9989
rmse: 0.0264
mae: 0.0176
Validation Results:
r2: 0.8110
rmse: 0.3655
mae: 0.2707
Test Results:
r2: 0.7511
rmse: 0.3780
mae: 0.3047
33/51
train r2: 0.9992063674491247, valid r2: 0.810074416260842, test r2: 0.7499337618752309
Training Results:
r2: 0.9992
rmse: 0.0224
mae: 0.0150
Validation Results:
r2: 0.8101
rmse: 0.3664
mae: 0.2710
Test Results:
r2: 0.7499
rmse: 0.3789
mae: 0.3050
34/51
train r2: 0.9990671834862487, valid r2: 0.8119873931979382, test r2: 0.753686220351565
Training Results:
r2: 0.9991
rmse: 0.0242
mae: 0.0151
Validation Results:
r2: 0.8120
rmse: 0.3645
mae: 0.2700
Test Results:
r2: 0.7537
rmse: 0.3760
mae: 0.3006
35/51
train r2: 0.9993409663721168, valid r2: 0.8140608561408006, test r2: 0.7521505624558129
Training Results:
r2: 0.9993
rmse: 0.0204
mae: 0.0131
Validation Results:
r2: 0.8141
rmse: 0.3625
mae: 0.2681
Test Results:
r2: 0.7522
rmse: 0.3772
mae: 0.3038
36/51
train r2: 0.9993960989463505, valid r2: 0.8112689337591531, test r2: 0.7506016494245731
Training Results:
r2: 0.9994
rmse: 0.0195
mae: 0.0126
Validation Results:
r2: 0.8113
rmse: 0.3652
mae: 0.2699
Test Results:
r2: 0.7506
rmse: 0.3784
mae: 0.3040
37/51
train r2: 0.9994238894751274, valid r2: 0.8120262712302209, test r2: 0.74995680859322
Training Results:
r2: 0.9994
rmse: 0.0191
mae: 0.0125
Validation Results:
r2: 0.8120
rmse: 0.3645
mae: 0.2704
Test Results:
r2: 0.7500
rmse: 0.3789
mae: 0.3053
38/51
train r2: 0.9993549102759115, valid r2: 0.8106526308953096, test r2: 0.7516868183716265
Training Results:
r2: 0.9994
rmse: 0.0202
mae: 0.0112
Validation Results:
r2: 0.8107
rmse: 0.3658
mae: 0.2712
Test Results:
r2: 0.7517
rmse: 0.3776
mae: 0.3047
39/51
train r2: 0.9995102748398476, valid r2: 0.8120810053851494, test r2: 0.752390148639175
Training Results:
r2: 0.9995
rmse: 0.0175
mae: 0.0098
Validation Results:
r2: 0.8121
rmse: 0.3644
mae: 0.2699
Test Results:
r2: 0.7524
rmse: 0.3770
mae: 0.3041
40/51
train r2: 0.9996574120091913, valid r2: 0.8121287664314994, test r2: 0.7524161842737944
Training Results:
r2: 0.9997
rmse: 0.0147
mae: 0.0086
Validation Results:
r2: 0.8121
rmse: 0.3644
mae: 0.2689
Test Results:
r2: 0.7524
rmse: 0.3770
mae: 0.3033
41/51
train r2: 0.9997234108942515, valid r2: 0.8116603363090031, test r2: 0.7522272012321812
Training Results:
r2: 0.9997
rmse: 0.0132
mae: 0.0067
Validation Results:
r2: 0.8117
rmse: 0.3648
mae: 0.2701
Test Results:
r2: 0.7522
rmse: 0.3771
mae: 0.3034
42/51
train r2: 0.999727145884787, valid r2: 0.8116641758325622, test r2: 0.7512677196994995
Training Results:
r2: 0.9997
rmse: 0.0132
mae: 0.0072
Validation Results:
r2: 0.8117
rmse: 0.3648
mae: 0.2698
Test Results:
r2: 0.7513
rmse: 0.3779
mae: 0.3041
43/51
train r2: 0.9997332532532429, valid r2: 0.8117312565774804, test r2: 0.7522488889974425
Training Results:
r2: 0.9997
rmse: 0.0129
mae: 0.0059
Validation Results:
r2: 0.8117
rmse: 0.3648
mae: 0.2696
Test Results:
r2: 0.7522
rmse: 0.3771
mae: 0.3034
44/51
train r2: 0.9997156541025455, valid r2: 0.811302476994859, test r2: 0.7528435734519424
Training Results:
r2: 0.9997
rmse: 0.0134
mae: 0.0071
Validation Results:
r2: 0.8113
rmse: 0.3652
mae: 0.2701
Test Results:
r2: 0.7528
rmse: 0.3767
mae: 0.3028
45/51
train r2: 0.9997747290522685, valid r2: 0.811720488204696, test r2: 0.7517575999121945
Training Results:
r2: 0.9998
rmse: 0.0120
mae: 0.0053
Validation Results:
r2: 0.8117
rmse: 0.3648
mae: 0.2694
Test Results:
r2: 0.7518
rmse: 0.3775
mae: 0.3035
46/51
train r2: 0.9997669054243199, valid r2: 0.8113036590193323, test r2: 0.7522684482820329
Training Results:
r2: 0.9998
rmse: 0.0121
mae: 0.0051
Validation Results:
r2: 0.8113
rmse: 0.3652
mae: 0.2696
Test Results:
r2: 0.7523
rmse: 0.3771
mae: 0.3030
47/51
train r2: 0.9997918442128295, valid r2: 0.8117447537912951, test r2: 0.7516793045164436
Training Results:
r2: 0.9998
rmse: 0.0115
mae: 0.0048
Validation Results:
r2: 0.8117
rmse: 0.3648
mae: 0.2700
Test Results:
r2: 0.7517
rmse: 0.3776
mae: 0.3039
48/51
train r2: 0.9998045520873298, valid r2: 0.8116474189596172, test r2: 0.7517829511380508
Training Results:
r2: 0.9998
rmse: 0.0111
mae: 0.0040
Validation Results:
r2: 0.8116
rmse: 0.3649
mae: 0.2697
Test Results:
r2: 0.7518
rmse: 0.3775
mae: 0.3036
49/51
train r2: 0.9998103004560092, valid r2: 0.8116543300471398, test r2: 0.7518587227264895
Training Results:
r2: 0.9998
rmse: 0.0109
mae: 0.0040
Validation Results:
r2: 0.8117
rmse: 0.3648
mae: 0.2701
Test Results:
r2: 0.7519
rmse: 0.3774
mae: 0.3038
50/51
train r2: 0.9998123400076696, valid r2: 0.8116273336076365, test r2: 0.7518956142161449
Training Results:
r2: 0.9998
rmse: 0.0109
mae: 0.0039
Validation Results:
r2: 0.8116
rmse: 0.3649
mae: 0.2699
Test Results:
r2: 0.7519
rmse: 0.3774
mae: 0.3036
train: 0.9993, val: 0.8141, test: 0.7522
end_test_result: (0.7521505624558129, 0.37719807028770447, 0.303792804479599)
Time used on CycPept_Caco2: 0:38:10
Current seed: 2054, current split method: scaffold, current task: CycPept_Caco2
Namespace(seed=2024, times=5, n_epochs=50, config='base', model_path='../models/pretrained/base/base.pth', dataset='CycPept_Caco2', data_path='../datasets/', dataset_type='regression', use_scaler=True, metric=['r2', 'rmse', 'mae'], split='scaffold_2054', weight_decay=0.0, dropout=0.0, lr=3e-05, n_threads=8)
args.seed: 2024
use label scaler
use label scaler
use label scaler
model have 90.143705M paramerters in total
train_dataset.mean: tensor([-6.1676]) train_dataset.std: tensor([0.7999])
1/51
train r2: 0.33304201058662775, valid r2: 0.26135665899510174, test r2: 0.26564036404138625
Training Results:
r2: 0.3330
rmse: 0.6535
mae: 0.5577
Validation Results:
r2: 0.2614
rmse: 0.6675
mae: 0.5828
Test Results:
r2: 0.2656
rmse: 0.6814
mae: 0.6040
2/51
train r2: 0.5088530452981743, valid r2: 0.36666592404789045, test r2: 0.4662634328936426
Training Results:
r2: 0.5089
rmse: 0.5602
mae: 0.4395
Validation Results:
r2: 0.3667
rmse: 0.6181
mae: 0.4995
Test Results:
r2: 0.4663
rmse: 0.5809
mae: 0.4638
3/51
train r2: 0.6900495913589964, valid r2: 0.5079550933565082, test r2: 0.6392007152682482
Training Results:
r2: 0.6900
rmse: 0.4437
mae: 0.3447
Validation Results:
r2: 0.5080
rmse: 0.5448
mae: 0.4385
Test Results:
r2: 0.6392
rmse: 0.4776
mae: 0.3773
4/51
train r2: 0.639759857244866, valid r2: 0.4962734135404111, test r2: 0.5456723885341401
Training Results:
r2: 0.6398
rmse: 0.4817
mae: 0.3925
Validation Results:
r2: 0.4963
rmse: 0.5512
mae: 0.4510
Test Results:
r2: 0.5457
rmse: 0.5360
mae: 0.4234
5/51
train r2: 0.7139328123708018, valid r2: 0.5644200731441554, test r2: 0.6309548559844755
Training Results:
r2: 0.7139
rmse: 0.4275
mae: 0.3378
Validation Results:
r2: 0.5644
rmse: 0.5126
mae: 0.4171
Test Results:
r2: 0.6310
rmse: 0.4830
mae: 0.3831
6/51
train r2: 0.7750837974352445, valid r2: 0.5443986444198642, test r2: 0.5538125892725579
Training Results:
r2: 0.7751
rmse: 0.3798
mae: 0.2960
Validation Results:
r2: 0.5444
rmse: 0.5242
mae: 0.4150
Test Results:
r2: 0.5538
rmse: 0.5311
mae: 0.4097
7/51
train r2: 0.8390722397163554, valid r2: 0.6572733571208416, test r2: 0.6727270149429161
Training Results:
r2: 0.8391
rmse: 0.3211
mae: 0.2409
Validation Results:
r2: 0.6573
rmse: 0.4547
mae: 0.3654
Test Results:
r2: 0.6727
rmse: 0.4549
mae: 0.3373
8/51
train r2: 0.855492808753643, valid r2: 0.6625677438549181, test r2: 0.670203774830579
Training Results:
r2: 0.8555
rmse: 0.3042
mae: 0.2320
Validation Results:
r2: 0.6626
rmse: 0.4511
mae: 0.3481
Test Results:
r2: 0.6702
rmse: 0.4566
mae: 0.3497
9/51
train r2: 0.852120481491599, valid r2: 0.6406333737039325, test r2: 0.6572395290344555
Training Results:
r2: 0.8521
rmse: 0.3076
mae: 0.2345
Validation Results:
r2: 0.6406
rmse: 0.4656
mae: 0.3708
Test Results:
r2: 0.6572
rmse: 0.4655
mae: 0.3619
10/51
train r2: 0.8243705155295674, valid r2: 0.572804779118188, test r2: 0.6842396069672099
Training Results:
r2: 0.8244
rmse: 0.3334
mae: 0.2637
Validation Results:
r2: 0.5728
rmse: 0.5076
mae: 0.4013
Test Results:
r2: 0.6842
rmse: 0.4468
mae: 0.3416
11/51
train r2: 0.8889394333975242, valid r2: 0.6841817504974719, test r2: 0.6826427346388348
Training Results:
r2: 0.8889
rmse: 0.2668
mae: 0.1987
Validation Results:
r2: 0.6842
rmse: 0.4365
mae: 0.3534
Test Results:
r2: 0.6826
rmse: 0.4479
mae: 0.3376
12/51
train r2: 0.9130107754030927, valid r2: 0.6906892646787413, test r2: 0.6448061807041123
Training Results:
r2: 0.9130
rmse: 0.2357
mae: 0.1820
Validation Results:
r2: 0.6907
rmse: 0.4319
mae: 0.3434
Test Results:
r2: 0.6448
rmse: 0.4739
mae: 0.3522
13/51
train r2: 0.9287514916762286, valid r2: 0.6336864582382926, test r2: 0.6555800436883572
Training Results:
r2: 0.9288
rmse: 0.2138
mae: 0.1559
Validation Results:
r2: 0.6337
rmse: 0.4701
mae: 0.3591
Test Results:
r2: 0.6556
rmse: 0.4666
mae: 0.3413
14/51
train r2: 0.9233507773455197, valid r2: 0.6715348151836387, test r2: 0.6328331301080128
Training Results:
r2: 0.9234
rmse: 0.2216
mae: 0.1698
Validation Results:
r2: 0.6715
rmse: 0.4451
mae: 0.3472
Test Results:
r2: 0.6328
rmse: 0.4818
mae: 0.3472
15/51
train r2: 0.9318944458450655, valid r2: 0.6634452592945054, test r2: 0.6571485175733149
Training Results:
r2: 0.9319
rmse: 0.2093
mae: 0.1639
Validation Results:
r2: 0.6634
rmse: 0.4506
mae: 0.3505
Test Results:
r2: 0.6571
rmse: 0.4656
mae: 0.3487
16/51
train r2: 0.964606533627795, valid r2: 0.6787717369355171, test r2: 0.6850362192288513
Training Results:
r2: 0.9646
rmse: 0.1500
mae: 0.1101
Validation Results:
r2: 0.6788
rmse: 0.4402
mae: 0.3356
Test Results:
r2: 0.6850
rmse: 0.4462
mae: 0.3222
17/51
train r2: 0.9642418669423511, valid r2: 0.6788628771135217, test r2: 0.6419363280866605
Training Results:
r2: 0.9642
rmse: 0.1508
mae: 0.1099
Validation Results:
r2: 0.6789
rmse: 0.4401
mae: 0.3355
Test Results:
r2: 0.6419
rmse: 0.4758
mae: 0.3469
18/51
train r2: 0.9692790811074175, valid r2: 0.6833450714595094, test r2: 0.6393990146006898
Training Results:
r2: 0.9693
rmse: 0.1402
mae: 0.1059
Validation Results:
r2: 0.6833
rmse: 0.4370
mae: 0.3392
Test Results:
r2: 0.6394
rmse: 0.4775
mae: 0.3514
19/51
train r2: 0.9801132993016096, valid r2: 0.6849369831290557, test r2: 0.6697193970347531
Training Results:
r2: 0.9801
rmse: 0.1129
mae: 0.0841
Validation Results:
r2: 0.6849
rmse: 0.4359
mae: 0.3318
Test Results:
r2: 0.6697
rmse: 0.4570
mae: 0.3393
20/51
train r2: 0.983038292778981, valid r2: 0.6723256264665788, test r2: 0.6760305188334335
Training Results:
r2: 0.9830
rmse: 0.1043
mae: 0.0826
Validation Results:
r2: 0.6723
rmse: 0.4446
mae: 0.3410
Test Results:
r2: 0.6760
rmse: 0.4526
mae: 0.3279
21/51
train r2: 0.9844652630538971, valid r2: 0.6828782113823062, test r2: 0.6926007812555657
Training Results:
r2: 0.9845
rmse: 0.0996
mae: 0.0746
Validation Results:
r2: 0.6829
rmse: 0.4374
mae: 0.3429
Test Results:
r2: 0.6926
rmse: 0.4409
mae: 0.3268
22/51
train r2: 0.9880459708369965, valid r2: 0.676804263903555, test r2: 0.6945284427542935
Training Results:
r2: 0.9880
rmse: 0.0876
mae: 0.0667
Validation Results:
r2: 0.6768
rmse: 0.4415
mae: 0.3457
Test Results:
r2: 0.6945
rmse: 0.4395
mae: 0.3244
23/51
train r2: 0.9906423621410325, valid r2: 0.6826694956111898, test r2: 0.6808589112490786
Training Results:
r2: 0.9906
rmse: 0.0773
mae: 0.0563
Validation Results:
r2: 0.6827
rmse: 0.4375
mae: 0.3460
Test Results:
r2: 0.6809
rmse: 0.4492
mae: 0.3339
24/51
train r2: 0.9909346918049745, valid r2: 0.6600455744886522, test r2: 0.6857129336122734
Training Results:
r2: 0.9909
rmse: 0.0761
mae: 0.0582
Validation Results:
r2: 0.6600
rmse: 0.4528
mae: 0.3567
Test Results:
r2: 0.6857
rmse: 0.4458
mae: 0.3324
25/51
train r2: 0.9948657015562138, valid r2: 0.6687599496669508, test r2: 0.6777214736587887
Training Results:
r2: 0.9949
rmse: 0.0573
mae: 0.0401
Validation Results:
r2: 0.6688
rmse: 0.4470
mae: 0.3521
Test Results:
r2: 0.6777
rmse: 0.4514
mae: 0.3321
26/51
train r2: 0.9934687546605827, valid r2: 0.6760851818701578, test r2: 0.679700903094807
Training Results:
r2: 0.9935
rmse: 0.0647
mae: 0.0468
Validation Results:
r2: 0.6761
rmse: 0.4420
mae: 0.3401
Test Results:
r2: 0.6797
rmse: 0.4500
mae: 0.3324
27/51
train r2: 0.9952513320118676, valid r2: 0.6808217711129763, test r2: 0.6868878707078905
Training Results:
r2: 0.9953
rmse: 0.0549
mae: 0.0392
Validation Results:
r2: 0.6808
rmse: 0.4388
mae: 0.3464
Test Results:
r2: 0.6869
rmse: 0.4449
mae: 0.3282
28/51
train r2: 0.9968994137369954, valid r2: 0.6753397598767013, test r2: 0.6858924298418637
Training Results:
r2: 0.9969
rmse: 0.0446
mae: 0.0321
Validation Results:
r2: 0.6753
rmse: 0.4425
mae: 0.3454
Test Results:
r2: 0.6859
rmse: 0.4456
mae: 0.3290
29/51
train r2: 0.996858810589152, valid r2: 0.6801759955956335, test r2: 0.6917594957475379
Training Results:
r2: 0.9969
rmse: 0.0447
mae: 0.0332
Validation Results:
r2: 0.6802
rmse: 0.4392
mae: 0.3470
Test Results:
r2: 0.6918
rmse: 0.4415
mae: 0.3276
30/51
train r2: 0.9974955449976327, valid r2: 0.6801823923063034, test r2: 0.6892533678129599
Training Results:
r2: 0.9975
rmse: 0.0398
mae: 0.0284
Validation Results:
r2: 0.6802
rmse: 0.4392
mae: 0.3467
Test Results:
r2: 0.6893
rmse: 0.4433
mae: 0.3306
31/51
train r2: 0.9985184312943257, valid r2: 0.6792971040244706, test r2: 0.6891534092280718
Training Results:
r2: 0.9985
rmse: 0.0308
mae: 0.0204
Validation Results:
r2: 0.6793
rmse: 0.4398
mae: 0.3452
Test Results:
r2: 0.6892
rmse: 0.4433
mae: 0.3289
32/51
train r2: 0.9983883854721268, valid r2: 0.6691809522334348, test r2: 0.6872136689083832
Training Results:
r2: 0.9984
rmse: 0.0322
mae: 0.0217
Validation Results:
r2: 0.6692
rmse: 0.4467
mae: 0.3511
Test Results:
r2: 0.6872
rmse: 0.4447
mae: 0.3302
break!
train: 0.9130, val: 0.6907, test: 0.6448
end_test_result: (0.6448061807041123, 0.47389084100723267, 0.35216501355171204)
args.seed: 2034
use label scaler
use label scaler
use label scaler
model have 90.143705M paramerters in total
train_dataset.mean: tensor([-6.1676]) train_dataset.std: tensor([0.7999])
1/51
train r2: 0.3196044919226406, valid r2: 0.24137794265298496, test r2: 0.22480095821379642
Training Results:
r2: 0.3196
rmse: 0.6597
mae: 0.5454
Validation Results:
r2: 0.2414
rmse: 0.6765
mae: 0.5695
Test Results:
r2: 0.2248
rmse: 0.7001
mae: 0.6171
2/51
train r2: 0.45086584312816913, valid r2: 0.29892507937510393, test r2: 0.41870741059985617
Training Results:
r2: 0.4509
rmse: 0.5935
mae: 0.4680
Validation Results:
r2: 0.2989
rmse: 0.6503
mae: 0.5343
Test Results:
r2: 0.4187
rmse: 0.6062
mae: 0.5141
3/51
train r2: 0.6742280351003711, valid r2: 0.45344950278336316, test r2: 0.6602787956213061
Training Results:
r2: 0.6742
rmse: 0.4576
mae: 0.3510
Validation Results:
r2: 0.4534
rmse: 0.5742
mae: 0.4614
Test Results:
r2: 0.6603
rmse: 0.4635
mae: 0.3846
4/51
train r2: 0.6067281347462385, valid r2: 0.46055759303453514, test r2: 0.5477387718654547
Training Results:
r2: 0.6067
rmse: 0.5004
mae: 0.4125
Validation Results:
r2: 0.4606
rmse: 0.5704
mae: 0.4554
Test Results:
r2: 0.5477
rmse: 0.5347
mae: 0.4414
5/51
train r2: 0.6765159852919763, valid r2: 0.5254985423353539, test r2: 0.5513918833818597
Training Results:
r2: 0.6765
rmse: 0.4547
mae: 0.3685
Validation Results:
r2: 0.5255
rmse: 0.5350
mae: 0.4344
Test Results:
r2: 0.5514
rmse: 0.5326
mae: 0.4391
6/51
train r2: 0.8079443097840455, valid r2: 0.6596036121411835, test r2: 0.681356400803993
Training Results:
r2: 0.8079
rmse: 0.3507
mae: 0.2653
Validation Results:
r2: 0.6596
rmse: 0.4531
mae: 0.3548
Test Results:
r2: 0.6814
rmse: 0.4488
mae: 0.3376
7/51
train r2: 0.806693116293038, valid r2: 0.650286437321258, test r2: 0.6143738534800145
Training Results:
r2: 0.8067
rmse: 0.3526
mae: 0.2645
Validation Results:
r2: 0.6503
rmse: 0.4593
mae: 0.3700
Test Results:
r2: 0.6144
rmse: 0.4938
mae: 0.3712
8/51
train r2: 0.8115410186205463, valid r2: 0.6308775183464899, test r2: 0.5750201583417698
Training Results:
r2: 0.8115
rmse: 0.3471
mae: 0.2787
Validation Results:
r2: 0.6309
rmse: 0.4719
mae: 0.3764
Test Results:
r2: 0.5750
rmse: 0.5184
mae: 0.4083
9/51
train r2: 0.862237418227837, valid r2: 0.6964746503713415, test r2: 0.7219792284900093
Training Results:
r2: 0.8622
rmse: 0.2966
mae: 0.2237
Validation Results:
r2: 0.6965
rmse: 0.4279
mae: 0.3425
Test Results:
r2: 0.7220
rmse: 0.4193
mae: 0.3252
10/51
train r2: 0.8949697348468845, valid r2: 0.69787595680747, test r2: 0.6263681857552069
Training Results:
r2: 0.8950
rmse: 0.2593
mae: 0.1943
Validation Results:
r2: 0.6979
rmse: 0.4269
mae: 0.3294
Test Results:
r2: 0.6264
rmse: 0.4860
mae: 0.3654
11/51
train r2: 0.8451904650006268, valid r2: 0.6636541878438738, test r2: 0.6764172078518313
Training Results:
r2: 0.8452
rmse: 0.3150
mae: 0.2511
Validation Results:
r2: 0.6637
rmse: 0.4504
mae: 0.3501
Test Results:
r2: 0.6764
rmse: 0.4523
mae: 0.3426
12/51
train r2: 0.926670706165954, valid r2: 0.7004768699184021, test r2: 0.657142457276258
Training Results:
r2: 0.9267
rmse: 0.2171
mae: 0.1613
Validation Results:
r2: 0.7005
rmse: 0.4251
mae: 0.3311
Test Results:
r2: 0.6571
rmse: 0.4656
mae: 0.3448
13/51
train r2: 0.929671570266918, valid r2: 0.7019128650434974, test r2: 0.6390418433626038
Training Results:
r2: 0.9297
rmse: 0.2118
mae: 0.1528
Validation Results:
r2: 0.7019
rmse: 0.4240
mae: 0.3329
Test Results:
r2: 0.6390
rmse: 0.4777
mae: 0.3480
14/51
train r2: 0.9607963349963048, valid r2: 0.7217806093014207, test r2: 0.6641226153948205
Training Results:
r2: 0.9608
rmse: 0.1581
mae: 0.1169
Validation Results:
r2: 0.7218
rmse: 0.4097
mae: 0.3231
Test Results:
r2: 0.6641
rmse: 0.4608
mae: 0.3414
15/51
train r2: 0.933765531140633, valid r2: 0.6776305862310357, test r2: 0.5496092835363278
Training Results:
r2: 0.9338
rmse: 0.2057
mae: 0.1589
Validation Results:
r2: 0.6776
rmse: 0.4410
mae: 0.3467
Test Results:
r2: 0.5496
rmse: 0.5336
mae: 0.3909
16/51
train r2: 0.9622982523501511, valid r2: 0.7048423088419755, test r2: 0.6450715549957919
Training Results:
r2: 0.9623
rmse: 0.1546
mae: 0.1178
Validation Results:
r2: 0.7048
rmse: 0.4219
mae: 0.3341
Test Results:
r2: 0.6451
rmse: 0.4737
mae: 0.3517
17/51
train r2: 0.9655905090688583, valid r2: 0.7213526175224148, test r2: 0.675470645172954
Training Results:
r2: 0.9656
rmse: 0.1487
mae: 0.1175
Validation Results:
r2: 0.7214
rmse: 0.4100
mae: 0.3261
Test Results:
r2: 0.6755
rmse: 0.4530
mae: 0.3349
18/51
train r2: 0.9816409757473352, valid r2: 0.7346297428189075, test r2: 0.6306615937279894
Training Results:
r2: 0.9816
rmse: 0.1085
mae: 0.0800
Validation Results:
r2: 0.7346
rmse: 0.4001
mae: 0.3126
Test Results:
r2: 0.6307
rmse: 0.4832
mae: 0.3547
19/51
train r2: 0.9814572747337683, valid r2: 0.7012872386026227, test r2: 0.6198544794564089
Training Results:
r2: 0.9815
rmse: 0.1092
mae: 0.0839
Validation Results:
r2: 0.7013
rmse: 0.4245
mae: 0.3255
Test Results:
r2: 0.6199
rmse: 0.4903
mae: 0.3584
20/51
train r2: 0.985732197522365, valid r2: 0.7418359555940994, test r2: 0.6518255581539129
Training Results:
r2: 0.9857
rmse: 0.0957
mae: 0.0714
Validation Results:
r2: 0.7418
rmse: 0.3946
mae: 0.3059
Test Results:
r2: 0.6518
rmse: 0.4692
mae: 0.3414
21/51
train r2: 0.9903569816939807, valid r2: 0.7340176006585667, test r2: 0.6349825084050176
Training Results:
r2: 0.9904
rmse: 0.0788
mae: 0.0608
Validation Results:
r2: 0.7340
rmse: 0.4005
mae: 0.3076
Test Results:
r2: 0.6350
rmse: 0.4804
mae: 0.3505
22/51
train r2: 0.9913399357869228, valid r2: 0.7314341785731135, test r2: 0.6520208425751353
Training Results:
r2: 0.9913
rmse: 0.0745
mae: 0.0556
Validation Results:
r2: 0.7314
rmse: 0.4025
mae: 0.3135
Test Results:
r2: 0.6520
rmse: 0.4691
mae: 0.3397
23/51
train r2: 0.9921579138351189, valid r2: 0.733774507086767, test r2: 0.6394631838192772
Training Results:
r2: 0.9922
rmse: 0.0703
mae: 0.0511
Validation Results:
r2: 0.7338
rmse: 0.4007
mae: 0.3129
Test Results:
r2: 0.6395
rmse: 0.4774
mae: 0.3483
24/51
train r2: 0.9939638993244231, valid r2: 0.7276306274828355, test r2: 0.6360324747195909
Training Results:
r2: 0.9940
rmse: 0.0623
mae: 0.0472
Validation Results:
r2: 0.7276
rmse: 0.4053
mae: 0.3162
Test Results:
r2: 0.6360
rmse: 0.4797
mae: 0.3479
25/51
train r2: 0.9961732201024225, valid r2: 0.732965220633735, test r2: 0.6380312494012559
Training Results:
r2: 0.9962
rmse: 0.0496
mae: 0.0361
Validation Results:
r2: 0.7330
rmse: 0.4013
mae: 0.3098
Test Results:
r2: 0.6380
rmse: 0.4784
mae: 0.3497
26/51
train r2: 0.9945714134049198, valid r2: 0.7307532674981723, test r2: 0.6375277110982085
Training Results:
r2: 0.9946
rmse: 0.0591
mae: 0.0452
Validation Results:
r2: 0.7308
rmse: 0.4030
mae: 0.3118
Test Results:
r2: 0.6375
rmse: 0.4787
mae: 0.3507
27/51
train r2: 0.9975171087112031, valid r2: 0.7415543885925033, test r2: 0.6522982262418444
Training Results:
r2: 0.9975
rmse: 0.0399
mae: 0.0291
Validation Results:
r2: 0.7416
rmse: 0.3948
mae: 0.3056
Test Results:
r2: 0.6523
rmse: 0.4689
mae: 0.3434
28/51
train r2: 0.9976112948387615, valid r2: 0.724084157823873, test r2: 0.6359578142584938
Training Results:
r2: 0.9976
rmse: 0.0391
mae: 0.0283
Validation Results:
r2: 0.7241
rmse: 0.4080
mae: 0.3166
Test Results:
r2: 0.6360
rmse: 0.4798
mae: 0.3532
29/51
train r2: 0.9982913118777682, valid r2: 0.7294952712792071, test r2: 0.6427971580297014
Training Results:
r2: 0.9983
rmse: 0.0331
mae: 0.0227
Validation Results:
r2: 0.7295
rmse: 0.4039
mae: 0.3144
Test Results:
r2: 0.6428
rmse: 0.4752
mae: 0.3479
30/51
train r2: 0.9986639291637748, valid r2: 0.7315874754482143, test r2: 0.6529866696371631
Training Results:
r2: 0.9987
rmse: 0.0292
mae: 0.0198
Validation Results:
r2: 0.7316
rmse: 0.4024
mae: 0.3123
Test Results:
r2: 0.6530
rmse: 0.4684
mae: 0.3448
31/51
train r2: 0.9988289256096051, valid r2: 0.7260506152385227, test r2: 0.6457461887282703
Training Results:
r2: 0.9988
rmse: 0.0274
mae: 0.0181
Validation Results:
r2: 0.7261
rmse: 0.4065
mae: 0.3157
Test Results:
r2: 0.6457
rmse: 0.4733
mae: 0.3470
32/51
train r2: 0.9989480697079517, valid r2: 0.7288611750283579, test r2: 0.6438857366787741
Training Results:
r2: 0.9989
rmse: 0.0259
mae: 0.0167
Validation Results:
r2: 0.7289
rmse: 0.4044
mae: 0.3146
Test Results:
r2: 0.6439
rmse: 0.4745
mae: 0.3471
33/51
train r2: 0.9991289272302658, valid r2: 0.7302279285507434, test r2: 0.6471229327681897
Training Results:
r2: 0.9991
rmse: 0.0236
mae: 0.0162
Validation Results:
r2: 0.7302
rmse: 0.4034
mae: 0.3141
Test Results:
r2: 0.6471
rmse: 0.4723
mae: 0.3455
34/51
train r2: 0.998805750074093, valid r2: 0.7255626988636457, test r2: 0.652465192253365
Training Results:
r2: 0.9988
rmse: 0.0276
mae: 0.0204
Validation Results:
r2: 0.7256
rmse: 0.4069
mae: 0.3164
Test Results:
r2: 0.6525
rmse: 0.4688
mae: 0.3429
35/51
train r2: 0.9993788552413495, valid r2: 0.7272790082283876, test r2: 0.6483478599515553
Training Results:
r2: 0.9994
rmse: 0.0200
mae: 0.0125
Validation Results:
r2: 0.7273
rmse: 0.4056
mae: 0.3144
Test Results:
r2: 0.6483
rmse: 0.4715
mae: 0.3450
36/51
train r2: 0.9994685148787062, valid r2: 0.7292289335170874, test r2: 0.6481284466048811
Training Results:
r2: 0.9995
rmse: 0.0184
mae: 0.0114
Validation Results:
r2: 0.7292
rmse: 0.4041
mae: 0.3129
Test Results:
r2: 0.6481
rmse: 0.4717
mae: 0.3447
37/51
train r2: 0.9995424961246437, valid r2: 0.7256750946993265, test r2: 0.6488705304062532
Training Results:
r2: 0.9995
rmse: 0.0172
mae: 0.0104
Validation Results:
r2: 0.7257
rmse: 0.4068
mae: 0.3158
Test Results:
r2: 0.6489
rmse: 0.4712
mae: 0.3442
38/51
train r2: 0.9996049753560337, valid r2: 0.7282719193934166, test r2: 0.6500823967416416
Training Results:
r2: 0.9996
rmse: 0.0159
mae: 0.0087
Validation Results:
r2: 0.7283
rmse: 0.4049
mae: 0.3140
Test Results:
r2: 0.6501
rmse: 0.4704
mae: 0.3438
39/51
train r2: 0.9995729299303927, valid r2: 0.7264262636208079, test r2: 0.6475600223013469
Training Results:
r2: 0.9996
rmse: 0.0164
mae: 0.0089
Validation Results:
r2: 0.7264
rmse: 0.4062
mae: 0.3147
Test Results:
r2: 0.6476
rmse: 0.4721
mae: 0.3455
40/51
train r2: 0.9996123541606701, valid r2: 0.7284536306142886, test r2: 0.6506599001846289
Training Results:
r2: 0.9996
rmse: 0.0157
mae: 0.0099
Validation Results:
r2: 0.7285
rmse: 0.4047
mae: 0.3137
Test Results:
r2: 0.6507
rmse: 0.4700
mae: 0.3433
break!
train: 0.9857, val: 0.7418, test: 0.6518
end_test_result: (0.6518255581539129, 0.4691849648952484, 0.34136319160461426)
args.seed: 2044
use label scaler
use label scaler
use label scaler
model have 90.143705M paramerters in total
train_dataset.mean: tensor([-6.1676]) train_dataset.std: tensor([0.7999])
1/51
train r2: 0.32256387563832345, valid r2: 0.25576039359748315, test r2: 0.23810526276174038
Training Results:
r2: 0.3226
rmse: 0.6601
mae: 0.5470
Validation Results:
r2: 0.2558
rmse: 0.6700
mae: 0.5699
Test Results:
r2: 0.2381
rmse: 0.6941
mae: 0.6044
2/51
train r2: 0.5476414691992092, valid r2: 0.4114585863494141, test r2: 0.5401716372863732
Training Results:
r2: 0.5476
rmse: 0.5380
mae: 0.4280
Validation Results:
r2: 0.4115
rmse: 0.5958
mae: 0.4873
Test Results:
r2: 0.5402
rmse: 0.5392
mae: 0.4607
3/51
train r2: 0.44180221178158197, valid r2: 0.2616030276148946, test r2: 0.490636825057741
Training Results:
r2: 0.4418
rmse: 0.5989
mae: 0.4670
Validation Results:
r2: 0.2616
rmse: 0.6674
mae: 0.5425
Test Results:
r2: 0.4906
rmse: 0.5675
mae: 0.4528
4/51
train r2: 0.733043789549856, valid r2: 0.5928365932275047, test r2: 0.6869707717395793
Training Results:
r2: 0.7330
rmse: 0.4143
mae: 0.3281
Validation Results:
r2: 0.5928
rmse: 0.4956
mae: 0.3938
Test Results:
r2: 0.6870
rmse: 0.4449
mae: 0.3525
5/51
train r2: 0.7415002155206809, valid r2: 0.49558035265189637, test r2: 0.5806778897499653
Training Results:
r2: 0.7415
rmse: 0.4079
mae: 0.3123
Validation Results:
r2: 0.4956
rmse: 0.5516
mae: 0.4343
Test Results:
r2: 0.5807
rmse: 0.5149
mae: 0.3956
6/51
train r2: 0.8234161786583847, valid r2: 0.6414954840363323, test r2: 0.6988578311995547
Training Results:
r2: 0.8234
rmse: 0.3370
mae: 0.2566
Validation Results:
r2: 0.6415
rmse: 0.4650
mae: 0.3619
Test Results:
r2: 0.6989
rmse: 0.4363
mae: 0.3548
7/51
train r2: 0.803701474634212, valid r2: 0.5648900063000526, test r2: 0.592385615111288
Training Results:
r2: 0.8037
rmse: 0.3546
mae: 0.2771
Validation Results:
r2: 0.5649
rmse: 0.5123
mae: 0.3954
Test Results:
r2: 0.5924
rmse: 0.5077
mae: 0.4006
8/51
train r2: 0.7174163704713592, valid r2: 0.46593082072506, test r2: 0.4443248214358556
Training Results:
r2: 0.7174
rmse: 0.4249
mae: 0.3507
Validation Results:
r2: 0.4659
rmse: 0.5676
mae: 0.4798
Test Results:
r2: 0.4443
rmse: 0.5927
mae: 0.4828
9/51
train r2: 0.8713072824597565, valid r2: 0.6846331551718057, test r2: 0.6710446229961755
Training Results:
r2: 0.8713
rmse: 0.2871
mae: 0.2132
Validation Results:
r2: 0.6846
rmse: 0.4361
mae: 0.3429
Test Results:
r2: 0.6710
rmse: 0.4561
mae: 0.3554
10/51
train r2: 0.8870910264255867, valid r2: 0.6612192114174724, test r2: 0.5924356544394045
Training Results:
r2: 0.8871
rmse: 0.2696
mae: 0.2044
Validation Results:
r2: 0.6612
rmse: 0.4521
mae: 0.3598
Test Results:
r2: 0.5924
rmse: 0.5076
mae: 0.3880
11/51
train r2: 0.9020994691324162, valid r2: 0.6757366467320789, test r2: 0.628644062633386
Training Results:
r2: 0.9021
rmse: 0.2498
mae: 0.1921
Validation Results:
r2: 0.6757
rmse: 0.4423
mae: 0.3443
Test Results:
r2: 0.6286
rmse: 0.4846
mae: 0.3736
12/51
train r2: 0.887631699453343, valid r2: 0.6537128406629191, test r2: 0.6466381266747167
Training Results:
r2: 0.8876
rmse: 0.2686
mae: 0.2173
Validation Results:
r2: 0.6537
rmse: 0.4570
mae: 0.3539
Test Results:
r2: 0.6466
rmse: 0.4727
mae: 0.3630
13/51
train r2: 0.9312369197033988, valid r2: 0.6271623744502798, test r2: 0.5994745330539607
Training Results:
r2: 0.9312
rmse: 0.2100
mae: 0.1586
Validation Results:
r2: 0.6272
rmse: 0.4742
mae: 0.3574
Test Results:
r2: 0.5995
rmse: 0.5032
mae: 0.3797
14/51
train r2: 0.9494379728370371, valid r2: 0.6713762333659937, test r2: 0.6452082829797423
Training Results:
r2: 0.9494
rmse: 0.1796
mae: 0.1342
Validation Results:
r2: 0.6714
rmse: 0.4452
mae: 0.3472
Test Results:
r2: 0.6452
rmse: 0.4736
mae: 0.3549
15/51
train r2: 0.9524796841599058, valid r2: 0.6976082684665477, test r2: 0.7011542025010657
Training Results:
r2: 0.9525
rmse: 0.1743
mae: 0.1343
Validation Results:
r2: 0.6976
rmse: 0.4271
mae: 0.3274
Test Results:
r2: 0.7012
rmse: 0.4347
mae: 0.3316
16/51
train r2: 0.9694898265045636, valid r2: 0.6843275826468804, test r2: 0.6319591446000999
Training Results:
r2: 0.9695
rmse: 0.1398
mae: 0.1085
Validation Results:
r2: 0.6843
rmse: 0.4364
mae: 0.3400
Test Results:
r2: 0.6320
rmse: 0.4824
mae: 0.3680
17/51
train r2: 0.9716068697944347, valid r2: 0.706794694055685, test r2: 0.6514904674214175
Training Results:
r2: 0.9716
rmse: 0.1349
mae: 0.1022
Validation Results:
r2: 0.7068
rmse: 0.4205
mae: 0.3299
Test Results:
r2: 0.6515
rmse: 0.4694
mae: 0.3500
18/51
train r2: 0.9797415145130457, valid r2: 0.6791916143257549, test r2: 0.6507363806809753
Training Results:
r2: 0.9797
rmse: 0.1137
mae: 0.0879
Validation Results:
r2: 0.6792
rmse: 0.4399
mae: 0.3379
Test Results:
r2: 0.6507
rmse: 0.4699
mae: 0.3570
19/51
train r2: 0.9829245409089842, valid r2: 0.6940913458687358, test r2: 0.6681732135096012
Training Results:
r2: 0.9829
rmse: 0.1046
mae: 0.0795
Validation Results:
r2: 0.6941
rmse: 0.4296
mae: 0.3286
Test Results:
r2: 0.6682
rmse: 0.4580
mae: 0.3470
20/51
train r2: 0.9842491837811633, valid r2: 0.6737225294284586, test r2: 0.6615963776676317
Training Results:
r2: 0.9842
rmse: 0.1005
mae: 0.0772
Validation Results:
r2: 0.6737
rmse: 0.4436
mae: 0.3443
Test Results:
r2: 0.6616
rmse: 0.4626
mae: 0.3515
21/51
train r2: 0.9886820441985268, valid r2: 0.7060737975849666, test r2: 0.6691593915752262
Training Results:
r2: 0.9887
rmse: 0.0851
mae: 0.0626
Validation Results:
r2: 0.7061
rmse: 0.4211
mae: 0.3237
Test Results:
r2: 0.6692
rmse: 0.4574
mae: 0.3448
22/51
train r2: 0.9888026358321521, valid r2: 0.6830326351618567, test r2: 0.6256779030938444
Training Results:
r2: 0.9888
rmse: 0.0847
mae: 0.0648
Validation Results:
r2: 0.6830
rmse: 0.4373
mae: 0.3316
Test Results:
r2: 0.6257
rmse: 0.4865
mae: 0.3620
23/51
train r2: 0.9905614193232414, valid r2: 0.6966020451256218, test r2: 0.6454276845625364
Training Results:
r2: 0.9906
rmse: 0.0778
mae: 0.0600
Validation Results:
r2: 0.6966
rmse: 0.4278
mae: 0.3270
Test Results:
r2: 0.6454
rmse: 0.4735
mae: 0.3572
24/51
train r2: 0.994086531846961, valid r2: 0.6874869069534723, test r2: 0.6525499802028639
Training Results:
r2: 0.9941
rmse: 0.0616
mae: 0.0463
Validation Results:
r2: 0.6875
rmse: 0.4342
mae: 0.3349
Test Results:
r2: 0.6525
rmse: 0.4687
mae: 0.3538
25/51
train r2: 0.99502796214302, valid r2: 0.6921862440998838, test r2: 0.6626448428711325
Training Results:
r2: 0.9950
rmse: 0.0565
mae: 0.0401
Validation Results:
r2: 0.6922
rmse: 0.4309
mae: 0.3340
Test Results:
r2: 0.6626
rmse: 0.4618
mae: 0.3489
26/51
train r2: 0.9945759112435476, valid r2: 0.6806811975112825, test r2: 0.6507568640374837
Training Results:
r2: 0.9946
rmse: 0.0590
mae: 0.0448
Validation Results:
r2: 0.6807
rmse: 0.4389
mae: 0.3388
Test Results:
r2: 0.6508
rmse: 0.4699
mae: 0.3508
27/51
train r2: 0.9957723226476014, valid r2: 0.6890249970850485, test r2: 0.6627758513121431
Training Results:
r2: 0.9958
rmse: 0.0519
mae: 0.0381
Validation Results:
r2: 0.6890
rmse: 0.4331
mae: 0.3341
Test Results:
r2: 0.6628
rmse: 0.4617
mae: 0.3453
28/51
train r2: 0.996289483589986, valid r2: 0.6789861869780145, test r2: 0.6560332829669204
Training Results:
r2: 0.9963
rmse: 0.0484
mae: 0.0340
Validation Results:
r2: 0.6790
rmse: 0.4400
mae: 0.3424
Test Results:
r2: 0.6560
rmse: 0.4663
mae: 0.3538
29/51
train r2: 0.9971240887438872, valid r2: 0.6828746938897632, test r2: 0.6607633327068938
Training Results:
r2: 0.9971
rmse: 0.0429
mae: 0.0327
Validation Results:
r2: 0.6829
rmse: 0.4374
mae: 0.3406
Test Results:
r2: 0.6608
rmse: 0.4631
mae: 0.3514
30/51
train r2: 0.9981163682469005, valid r2: 0.6831660798327377, test r2: 0.6565917127292132
Training Results:
r2: 0.9981
rmse: 0.0348
mae: 0.0254
Validation Results:
r2: 0.6832
rmse: 0.4372
mae: 0.3369
Test Results:
r2: 0.6566
rmse: 0.4660
mae: 0.3548
31/51
train r2: 0.9979897852029322, valid r2: 0.6866594693487034, test r2: 0.6530739868003381
Training Results:
r2: 0.9980
rmse: 0.0358
mae: 0.0259
Validation Results:
r2: 0.6867
rmse: 0.4347
mae: 0.3343
Test Results:
r2: 0.6531
rmse: 0.4683
mae: 0.3546
32/51
train r2: 0.9982864097542239, valid r2: 0.6885443688792141, test r2: 0.6666881469319212
Training Results:
r2: 0.9983
rmse: 0.0331
mae: 0.0236
Validation Results:
r2: 0.6885
rmse: 0.4334
mae: 0.3350
Test Results:
r2: 0.6667
rmse: 0.4591
mae: 0.3479
33/51
train r2: 0.998900986961392, valid r2: 0.6849532017038532, test r2: 0.6565104499564712
Training Results:
r2: 0.9989
rmse: 0.0265
mae: 0.0185
Validation Results:
r2: 0.6850
rmse: 0.4359
mae: 0.3369
Test Results:
r2: 0.6565
rmse: 0.4660
mae: 0.3536
34/51
train r2: 0.999129900355955, valid r2: 0.6855748553769444, test r2: 0.6623958693824892
Training Results:
r2: 0.9991
rmse: 0.0237
mae: 0.0158
Validation Results:
r2: 0.6856
rmse: 0.4355
mae: 0.3351
Test Results:
r2: 0.6624
rmse: 0.4620
mae: 0.3518
35/51
train r2: 0.9992828539544011, valid r2: 0.6871376172657715, test r2: 0.6593748556182621
Training Results:
r2: 0.9993
rmse: 0.0214
mae: 0.0139
Validation Results:
r2: 0.6871
rmse: 0.4344
mae: 0.3357
Test Results:
r2: 0.6594
rmse: 0.4641
mae: 0.3517
36/51
train r2: 0.9991515860521748, valid r2: 0.6811947314235038, test r2: 0.6630576962024215
Training Results:
r2: 0.9992
rmse: 0.0234
mae: 0.0151
Validation Results:
r2: 0.6812
rmse: 0.4385
mae: 0.3394
Test Results:
r2: 0.6631
rmse: 0.4616
mae: 0.3511
37/51
train r2: 0.9992203475932477, valid r2: 0.6835952062255283, test r2: 0.6561995655659651
Training Results:
r2: 0.9992
rmse: 0.0224
mae: 0.0154
Validation Results:
r2: 0.6836
rmse: 0.4369
mae: 0.3363
Test Results:
r2: 0.6562
rmse: 0.4662
mae: 0.3546
break!
train: 0.9716, val: 0.7068, test: 0.6515
end_test_result: (0.6514904674214175, 0.46941065788269043, 0.3499973714351654)
args.seed: 2054
use label scaler
use label scaler
use label scaler
model have 90.143705M paramerters in total
train_dataset.mean: tensor([-6.1676]) train_dataset.std: tensor([0.7999])
1/51
train r2: 0.28446591280524647, valid r2: 0.22163133271290747, test r2: 0.2769022225779838
Training Results:
r2: 0.2845
rmse: 0.6775
mae: 0.5808
Validation Results:
r2: 0.2216
rmse: 0.6852
mae: 0.5955
Test Results:
r2: 0.2769
rmse: 0.6762
mae: 0.6021
2/51
train r2: 0.6131952338242566, valid r2: 0.47009336947094915, test r2: 0.6046709079571133
Training Results:
r2: 0.6132
rmse: 0.4986
mae: 0.3974
Validation Results:
r2: 0.4701
rmse: 0.5654
mae: 0.4594
Test Results:
r2: 0.6047
rmse: 0.4999
mae: 0.4188
3/51
train r2: 0.6506648244412381, valid r2: 0.529829105115639, test r2: 0.5747912641012358
Training Results:
r2: 0.6507
rmse: 0.4736
mae: 0.3901
Validation Results:
r2: 0.5298
rmse: 0.5325
mae: 0.4323
Test Results:
r2: 0.5748
rmse: 0.5185
mae: 0.4296
4/51
train r2: 0.7597420027875592, valid r2: 0.6591916631334903, test r2: 0.7106653498740398
Training Results:
r2: 0.7597
rmse: 0.3926
mae: 0.3019
Validation Results:
r2: 0.6592
rmse: 0.4534
mae: 0.3552
Test Results:
r2: 0.7107
rmse: 0.4277
mae: 0.3326
5/51
train r2: 0.7335775541744425, valid r2: 0.5271782326174224, test r2: 0.6171599727760455
Training Results:
r2: 0.7336
rmse: 0.4138
mae: 0.3229
Validation Results:
r2: 0.5272
rmse: 0.5340
mae: 0.4127
Test Results:
r2: 0.6172
rmse: 0.4920
mae: 0.3873
6/51
train r2: 0.8202124602921503, valid r2: 0.6657059686325788, test r2: 0.7082270937488244
Training Results:
r2: 0.8202
rmse: 0.3396
mae: 0.2539
Validation Results:
r2: 0.6657
rmse: 0.4490
mae: 0.3587
Test Results:
r2: 0.7082
rmse: 0.4295
mae: 0.3386
7/51
train r2: 0.8309208916690072, valid r2: 0.6571402119559233, test r2: 0.7194758042264369
Training Results:
r2: 0.8309
rmse: 0.3288
mae: 0.2441
Validation Results:
r2: 0.6571
rmse: 0.4548
mae: 0.3648
Test Results:
r2: 0.7195
rmse: 0.4211
mae: 0.3311
8/51
train r2: 0.7833057755503138, valid r2: 0.5495591860991021, test r2: 0.609519019198395
Training Results:
r2: 0.7833
rmse: 0.3732
mae: 0.2988
Validation Results:
r2: 0.5496
rmse: 0.5212
mae: 0.4146
Test Results:
r2: 0.6095
rmse: 0.4969
mae: 0.3913
9/51
train r2: 0.8695362002846374, valid r2: 0.6895638555280705, test r2: 0.7171059281975456
Training Results:
r2: 0.8695
rmse: 0.2885
mae: 0.2177
Validation Results:
r2: 0.6896
rmse: 0.4327
mae: 0.3350
Test Results:
r2: 0.7171
rmse: 0.4229
mae: 0.3209
10/51
train r2: 0.849808137238207, valid r2: 0.664896904724745, test r2: 0.5974693973811185
Training Results:
r2: 0.8498
rmse: 0.3101
mae: 0.2401
Validation Results:
r2: 0.6649
rmse: 0.4496
mae: 0.3452
Test Results:
r2: 0.5975
rmse: 0.5045
mae: 0.3887
11/51
train r2: 0.8949506912128563, valid r2: 0.6945578890094963, test r2: 0.6901773789254886
Training Results:
r2: 0.8950
rmse: 0.2591
mae: 0.1957
Validation Results:
r2: 0.6946
rmse: 0.4292
mae: 0.3328
Test Results:
r2: 0.6902
rmse: 0.4426
mae: 0.3339
12/51
train r2: 0.8970115214873037, valid r2: 0.6945678917008364, test r2: 0.6005126127982059
Training Results:
r2: 0.8970
rmse: 0.2573
mae: 0.2053
Validation Results:
r2: 0.6946
rmse: 0.4292
mae: 0.3475
Test Results:
r2: 0.6005
rmse: 0.5026
mae: 0.3671
13/51
train r2: 0.9251743341564912, valid r2: 0.7064710723376147, test r2: 0.6136006516074577
Training Results:
r2: 0.9252
rmse: 0.2181
mae: 0.1687
Validation Results:
r2: 0.7065
rmse: 0.4208
mae: 0.3301
Test Results:
r2: 0.6136
rmse: 0.4943
mae: 0.3570
14/51
train r2: 0.9358922991163617, valid r2: 0.7127121052508916, test r2: 0.632300736038857
Training Results:
r2: 0.9359
rmse: 0.2029
mae: 0.1580
Validation Results:
r2: 0.7127
rmse: 0.4163
mae: 0.3197
Test Results:
r2: 0.6323
rmse: 0.4822
mae: 0.3574
15/51
train r2: 0.9576674101514379, valid r2: 0.695892902337456, test r2: 0.6565509506738869
Training Results:
r2: 0.9577
rmse: 0.1643
mae: 0.1223
Validation Results:
r2: 0.6959
rmse: 0.4283
mae: 0.3383
Test Results:
r2: 0.6566
rmse: 0.4660
mae: 0.3332
16/51
train r2: 0.9750572448202066, valid r2: 0.7172192287882881, test r2: 0.6737866217827826
Training Results:
r2: 0.9751
rmse: 0.1265
mae: 0.0932
Validation Results:
r2: 0.7172
rmse: 0.4130
mae: 0.3178
Test Results:
r2: 0.6738
rmse: 0.4541
mae: 0.3302
17/51
train r2: 0.9805614606686147, valid r2: 0.7328446241135471, test r2: 0.652005981315376
Training Results:
r2: 0.9806
rmse: 0.1117
mae: 0.0851
Validation Results:
r2: 0.7328
rmse: 0.4014
mae: 0.3058
Test Results:
r2: 0.6520
rmse: 0.4691
mae: 0.3337
18/51
train r2: 0.9782103217580097, valid r2: 0.6964942970712498, test r2: 0.6355024550974762
Training Results:
r2: 0.9782
rmse: 0.1178
mae: 0.0918
Validation Results:
r2: 0.6965
rmse: 0.4279
mae: 0.3372
Test Results:
r2: 0.6355
rmse: 0.4801
mae: 0.3488
19/51
train r2: 0.9863448934364677, valid r2: 0.722419823415283, test r2: 0.6742159199636639
Training Results:
r2: 0.9863
rmse: 0.0937
mae: 0.0700
Validation Results:
r2: 0.7224
rmse: 0.4092
mae: 0.3170
Test Results:
r2: 0.6742
rmse: 0.4538
mae: 0.3234
20/51
train r2: 0.9894612658033819, valid r2: 0.7207379291491418, test r2: 0.666561215370985
Training Results:
r2: 0.9895
rmse: 0.0818
mae: 0.0604
Validation Results:
r2: 0.7207
rmse: 0.4104
mae: 0.3175
Test Results:
r2: 0.6666
rmse: 0.4591
mae: 0.3252
21/51
train r2: 0.9916603763747168, valid r2: 0.7139529036478409, test r2: 0.6491681989797891
Training Results:
r2: 0.9917
rmse: 0.0731
mae: 0.0524
Validation Results:
r2: 0.7140
rmse: 0.4154
mae: 0.3239
Test Results:
r2: 0.6492
rmse: 0.4710
mae: 0.3377
22/51
train r2: 0.9905975518496414, valid r2: 0.7188658811162856, test r2: 0.6646533415998126
Training Results:
r2: 0.9906
rmse: 0.0775
mae: 0.0559
Validation Results:
r2: 0.7189
rmse: 0.4118
mae: 0.3163
Test Results:
r2: 0.6647
rmse: 0.4605
mae: 0.3296
23/51
train r2: 0.9914461657501632, valid r2: 0.7072946756373728, test r2: 0.6467612384898473
Training Results:
r2: 0.9914
rmse: 0.0739
mae: 0.0528
Validation Results:
r2: 0.7073
rmse: 0.4202
mae: 0.3235
Test Results:
r2: 0.6468
rmse: 0.4726
mae: 0.3386
24/51
train r2: 0.9916771227900703, valid r2: 0.7167675534906428, test r2: 0.6554953516413179
Training Results:
r2: 0.9917
rmse: 0.0732
mae: 0.0571
Validation Results:
r2: 0.7168
rmse: 0.4133
mae: 0.3249
Test Results:
r2: 0.6555
rmse: 0.4667
mae: 0.3372
25/51
train r2: 0.9941219901000473, valid r2: 0.7185591865995462, test r2: 0.6574472985339395
Training Results:
r2: 0.9941
rmse: 0.0611
mae: 0.0460
Validation Results:
r2: 0.7186
rmse: 0.4120
mae: 0.3194
Test Results:
r2: 0.6574
rmse: 0.4654
mae: 0.3346
26/51
train r2: 0.9955962553227075, valid r2: 0.7273892429558267, test r2: 0.6660461766224645
Training Results:
r2: 0.9956
rmse: 0.0530
mae: 0.0386
Validation Results:
r2: 0.7274
rmse: 0.4055
mae: 0.3142
Test Results:
r2: 0.6660
rmse: 0.4595
mae: 0.3303
27/51
train r2: 0.9964596338364589, valid r2: 0.7209445887313755, test r2: 0.6434471003486937
Training Results:
r2: 0.9965
rmse: 0.0477
mae: 0.0359
Validation Results:
r2: 0.7209
rmse: 0.4103
mae: 0.3186
Test Results:
r2: 0.6434
rmse: 0.4748
mae: 0.3393
28/51
train r2: 0.9976950753717378, valid r2: 0.7148337563482643, test r2: 0.6529480290423025
Training Results:
r2: 0.9977
rmse: 0.0383
mae: 0.0276
Validation Results:
r2: 0.7148
rmse: 0.4147
mae: 0.3225
Test Results:
r2: 0.6529
rmse: 0.4684
mae: 0.3391
29/51
train r2: 0.9980450629744378, valid r2: 0.7169385326611053, test r2: 0.6552204703788658
Training Results:
r2: 0.9980
rmse: 0.0354
mae: 0.0248
Validation Results:
r2: 0.7169
rmse: 0.4132
mae: 0.3219
Test Results:
r2: 0.6552
rmse: 0.4669
mae: 0.3350
30/51
train r2: 0.9981716235503652, valid r2: 0.7197118310185759, test r2: 0.6610644646784383
Training Results:
r2: 0.9982
rmse: 0.0343
mae: 0.0247
Validation Results:
r2: 0.7197
rmse: 0.4112
mae: 0.3192
Test Results:
r2: 0.6611
rmse: 0.4629
mae: 0.3351
31/51
train r2: 0.9986970000204128, valid r2: 0.7194591378332965, test r2: 0.6565649309297501
Training Results:
r2: 0.9987
rmse: 0.0289
mae: 0.0207
Validation Results:
r2: 0.7195
rmse: 0.4114
mae: 0.3203
Test Results:
r2: 0.6566
rmse: 0.4660
mae: 0.3365
32/51
train r2: 0.9988692314250978, valid r2: 0.7196699402751938, test r2: 0.6569161148063676
Training Results:
r2: 0.9989
rmse: 0.0270
mae: 0.0178
Validation Results:
r2: 0.7197
rmse: 0.4112
mae: 0.3195
Test Results:
r2: 0.6569
rmse: 0.4657
mae: 0.3379
33/51
train r2: 0.9990294650182534, valid r2: 0.7195243003930223, test r2: 0.658464765875858
Training Results:
r2: 0.9990
rmse: 0.0249
mae: 0.0167
Validation Results:
r2: 0.7195
rmse: 0.4113
mae: 0.3214
Test Results:
r2: 0.6585
rmse: 0.4647
mae: 0.3360
34/51
train r2: 0.9989970311865345, valid r2: 0.7200134111954755, test r2: 0.6554031286918311
Training Results:
r2: 0.9990
rmse: 0.0254
mae: 0.0177
Validation Results:
r2: 0.7200
rmse: 0.4110
mae: 0.3210
Test Results:
r2: 0.6554
rmse: 0.4668
mae: 0.3378
35/51
train r2: 0.9987437096393963, valid r2: 0.7202019640536655, test r2: 0.6540670566477687
Training Results:
r2: 0.9987
rmse: 0.0284
mae: 0.0175
Validation Results:
r2: 0.7202
rmse: 0.4108
mae: 0.3192
Test Results:
r2: 0.6541
rmse: 0.4677
mae: 0.3392
36/51
train r2: 0.9993577750691327, valid r2: 0.7199406605621435, test r2: 0.655458564548778
Training Results:
r2: 0.9994
rmse: 0.0203
mae: 0.0130
Validation Results:
r2: 0.7199
rmse: 0.4110
mae: 0.3210
Test Results:
r2: 0.6555
rmse: 0.4667
mae: 0.3369
37/51
train r2: 0.9994259336587625, valid r2: 0.7174448102277899, test r2: 0.6577478056647128
Training Results:
r2: 0.9994
rmse: 0.0192
mae: 0.0121
Validation Results:
r2: 0.7174
rmse: 0.4128
mae: 0.3216
Test Results:
r2: 0.6577
rmse: 0.4652
mae: 0.3359
break!
train: 0.9806, val: 0.7328, test: 0.6520
end_test_result: (0.652005981315376, 0.4690633714199066, 0.3337442874908447)
args.seed: 2064
use label scaler
use label scaler
use label scaler
model have 90.143705M paramerters in total
train_dataset.mean: tensor([-6.1676]) train_dataset.std: tensor([0.7999])
1/51
train r2: 0.2100226207124285, valid r2: 0.20353947148067253, test r2: 0.1021215360593547
Training Results:
r2: 0.2100
rmse: 0.7137
mae: 0.5814
Validation Results:
r2: 0.2035
rmse: 0.6931
mae: 0.5660
Test Results:
r2: 0.1021
rmse: 0.7534
mae: 0.6251
2/51
train r2: 0.5258452111834249, valid r2: 0.44326247890033876, test r2: 0.5166850368844458
Training Results:
r2: 0.5258
rmse: 0.5515
mae: 0.4544
Validation Results:
r2: 0.4433
rmse: 0.5795
mae: 0.4853
Test Results:
r2: 0.5167
rmse: 0.5528
mae: 0.4596
3/51
train r2: 0.5631117032570053, valid r2: 0.4445839967926435, test r2: 0.5746934166582404
Training Results:
r2: 0.5631
rmse: 0.5293
mae: 0.4318
Validation Results:
r2: 0.4446
rmse: 0.5788
mae: 0.4686
Test Results:
r2: 0.5747
rmse: 0.5186
mae: 0.4287
4/51
train r2: 0.7125388078245052, valid r2: 0.545920457842757, test r2: 0.6656365656626761
Training Results:
r2: 0.7125
rmse: 0.4282
mae: 0.3375
Validation Results:
r2: 0.5459
rmse: 0.5234
mae: 0.4167
Test Results:
r2: 0.6656
rmse: 0.4598
mae: 0.3624
5/51
train r2: 0.7392266203673394, valid r2: 0.6743146219893468, test r2: 0.670770017398669
Training Results:
r2: 0.7392
rmse: 0.4073
mae: 0.3191
Validation Results:
r2: 0.6743
rmse: 0.4432
mae: 0.3560
Test Results:
r2: 0.6708
rmse: 0.4562
mae: 0.3480
6/51
train r2: 0.7936857648278518, valid r2: 0.7100364803056256, test r2: 0.7194609669102202
Training Results:
r2: 0.7937
rmse: 0.3631
mae: 0.2790
Validation Results:
r2: 0.7100
rmse: 0.4182
mae: 0.3344
Test Results:
r2: 0.7195
rmse: 0.4212
mae: 0.3249
7/51
train r2: 0.8280449860953791, valid r2: 0.722152038930709, test r2: 0.66016883471608
Training Results:
r2: 0.8280
rmse: 0.3318
mae: 0.2529
Validation Results:
r2: 0.7222
rmse: 0.4094
mae: 0.3265
Test Results:
r2: 0.6602
rmse: 0.4635
mae: 0.3446
8/51
train r2: 0.8639195140050537, valid r2: 0.7242175322188567, test r2: 0.6929545770253556
Training Results:
r2: 0.8639
rmse: 0.2949
mae: 0.2242
Validation Results:
r2: 0.7242
rmse: 0.4079
mae: 0.3268
Test Results:
r2: 0.6930
rmse: 0.4406
mae: 0.3279
9/51
train r2: 0.8753049634933676, valid r2: 0.7260122814616206, test r2: 0.7006096517217835
Training Results:
r2: 0.8753
rmse: 0.2825
mae: 0.2065
Validation Results:
r2: 0.7260
rmse: 0.4065
mae: 0.3213
Test Results:
r2: 0.7006
rmse: 0.4351
mae: 0.3240
10/51
train r2: 0.8670450545487549, valid r2: 0.7109624064397838, test r2: 0.6215013557615258
Training Results:
r2: 0.8670
rmse: 0.2903
mae: 0.2262
Validation Results:
r2: 0.7110
rmse: 0.4175
mae: 0.3425
Test Results:
r2: 0.6215
rmse: 0.4892
mae: 0.3555
11/51
train r2: 0.907983734718272, valid r2: 0.6986615162750074, test r2: 0.6364101139688585
Training Results:
r2: 0.9080
rmse: 0.2432
mae: 0.1838
Validation Results:
r2: 0.6987
rmse: 0.4263
mae: 0.3310
Test Results:
r2: 0.6364
rmse: 0.4795
mae: 0.3495
12/51
train r2: 0.9073233818516449, valid r2: 0.7117842787552121, test r2: 0.604407633670526
Training Results:
r2: 0.9073
rmse: 0.2438
mae: 0.1852
Validation Results:
r2: 0.7118
rmse: 0.4170
mae: 0.3352
Test Results:
r2: 0.6044
rmse: 0.5001
mae: 0.3678
13/51
train r2: 0.9219675709384461, valid r2: 0.7281516427778054, test r2: 0.5868983459267343
Training Results:
r2: 0.9220
rmse: 0.2233
mae: 0.1729
Validation Results:
r2: 0.7282
rmse: 0.4049
mae: 0.3325
Test Results:
r2: 0.5869
rmse: 0.5111
mae: 0.3691
14/51
train r2: 0.9492081245393775, valid r2: 0.7599230618057239, test r2: 0.6713958080898406
Training Results:
r2: 0.9492
rmse: 0.1800
mae: 0.1335
Validation Results:
r2: 0.7599
rmse: 0.3805
mae: 0.3026
Test Results:
r2: 0.6714
rmse: 0.4558
mae: 0.3258
15/51
train r2: 0.9411492886152177, valid r2: 0.7430126877122765, test r2: 0.6708625965768181
Training Results:
r2: 0.9411
rmse: 0.1946
mae: 0.1472
Validation Results:
r2: 0.7430
rmse: 0.3937
mae: 0.3130
Test Results:
r2: 0.6709
rmse: 0.4562
mae: 0.3364
16/51
train r2: 0.9629249621970594, valid r2: 0.7472845786333447, test r2: 0.6395008361499119
Training Results:
r2: 0.9629
rmse: 0.1544
mae: 0.1179
Validation Results:
r2: 0.7473
rmse: 0.3904
mae: 0.3073
Test Results:
r2: 0.6395
rmse: 0.4774
mae: 0.3427
17/51
train r2: 0.9700893172967479, valid r2: 0.7682432669635207, test r2: 0.6641056066451081
Training Results:
r2: 0.9701
rmse: 0.1389
mae: 0.1041
Validation Results:
r2: 0.7682
rmse: 0.3739
mae: 0.2960
Test Results:
r2: 0.6641
rmse: 0.4608
mae: 0.3373
18/51
train r2: 0.9800970152190843, valid r2: 0.7547827488495398, test r2: 0.6669584890664552
Training Results:
r2: 0.9801
rmse: 0.1130
mae: 0.0863
Validation Results:
r2: 0.7548
rmse: 0.3846
mae: 0.3043
Test Results:
r2: 0.6670
rmse: 0.4589
mae: 0.3306
19/51
train r2: 0.9857268658954268, valid r2: 0.7535077530186562, test r2: 0.6722954068750502
Training Results:
r2: 0.9857
rmse: 0.0958
mae: 0.0725
Validation Results:
r2: 0.7535
rmse: 0.3856
mae: 0.3117
Test Results:
r2: 0.6723
rmse: 0.4552
mae: 0.3296
20/51
train r2: 0.987988849809033, valid r2: 0.744256094057801, test r2: 0.6656749488888127
Training Results:
r2: 0.9880
rmse: 0.0879
mae: 0.0660
Validation Results:
r2: 0.7443
rmse: 0.3928
mae: 0.3140
Test Results:
r2: 0.6657
rmse: 0.4598
mae: 0.3320
21/51
train r2: 0.9893022709716622, valid r2: 0.7530123802863005, test r2: 0.6723048321465035
Training Results:
r2: 0.9893
rmse: 0.0828
mae: 0.0621
Validation Results:
r2: 0.7530
rmse: 0.3860
mae: 0.3037
Test Results:
r2: 0.6723
rmse: 0.4552
mae: 0.3327
22/51
train r2: 0.9913092252977174, valid r2: 0.7568874533413004, test r2: 0.6584519856177273
Training Results:
r2: 0.9913
rmse: 0.0747
mae: 0.0571
Validation Results:
r2: 0.7569
rmse: 0.3829
mae: 0.3028
Test Results:
r2: 0.6585
rmse: 0.4647
mae: 0.3356
23/51
train r2: 0.9878185167530135, valid r2: 0.7568938267124835, test r2: 0.6525702437081645
Training Results:
r2: 0.9878
rmse: 0.0882
mae: 0.0719
Validation Results:
r2: 0.7569
rmse: 0.3829
mae: 0.3064
Test Results:
r2: 0.6526
rmse: 0.4687
mae: 0.3446
24/51
train r2: 0.9941274874891617, valid r2: 0.7517127337372784, test r2: 0.6572932607074577
Training Results:
r2: 0.9941
rmse: 0.0614
mae: 0.0445
Validation Results:
r2: 0.7517
rmse: 0.3870
mae: 0.3090
Test Results:
r2: 0.6573
rmse: 0.4655
mae: 0.3417
25/51
train r2: 0.9938312230212063, valid r2: 0.7540118535337486, test r2: 0.6592879197157215
Training Results:
r2: 0.9938
rmse: 0.0628
mae: 0.0457
Validation Results:
r2: 0.7540
rmse: 0.3852
mae: 0.3069
Test Results:
r2: 0.6593
rmse: 0.4641
mae: 0.3397
26/51
train r2: 0.9947398554556811, valid r2: 0.7634881473395156, test r2: 0.664573961747247
Training Results:
r2: 0.9947
rmse: 0.0580
mae: 0.0442
Validation Results:
r2: 0.7635
rmse: 0.3777
mae: 0.2971
Test Results:
r2: 0.6646
rmse: 0.4605
mae: 0.3343
27/51
train r2: 0.9950712615219002, valid r2: 0.7461904200301198, test r2: 0.6685027573445721
Training Results:
r2: 0.9951
rmse: 0.0561
mae: 0.0437
Validation Results:
r2: 0.7462
rmse: 0.3913
mae: 0.3090
Test Results:
r2: 0.6685
rmse: 0.4578
mae: 0.3347
28/51
train r2: 0.9970750014381722, valid r2: 0.7500276675928886, test r2: 0.6648756926549072
Training Results:
r2: 0.9971
rmse: 0.0430
mae: 0.0308
Validation Results:
r2: 0.7500
rmse: 0.3883
mae: 0.3063
Test Results:
r2: 0.6649
rmse: 0.4603
mae: 0.3358
29/51
train r2: 0.9975611449201583, valid r2: 0.7536345391913436, test r2: 0.6712743705778887
Training Results:
r2: 0.9976
rmse: 0.0395
mae: 0.0286
Validation Results:
r2: 0.7536
rmse: 0.3855
mae: 0.3063
Test Results:
r2: 0.6713
rmse: 0.4559
mae: 0.3332
30/51
train r2: 0.9981084856581767, valid r2: 0.7478794698734356, test r2: 0.6618908655351166
Training Results:
r2: 0.9981
rmse: 0.0348
mae: 0.0236
Validation Results:
r2: 0.7479
rmse: 0.3900
mae: 0.3109
Test Results:
r2: 0.6619
rmse: 0.4624
mae: 0.3403
31/51
train r2: 0.9986170552669356, valid r2: 0.7535588998510114, test r2: 0.6695776553482606
Training Results:
r2: 0.9986
rmse: 0.0298
mae: 0.0196
Validation Results:
r2: 0.7536
rmse: 0.3856
mae: 0.3070
Test Results:
r2: 0.6696
rmse: 0.4571
mae: 0.3343
32/51
train r2: 0.9987749863448491, valid r2: 0.7488311324499075, test r2: 0.6659999063795757
Training Results:
r2: 0.9988
rmse: 0.0281
mae: 0.0188
Validation Results:
r2: 0.7488
rmse: 0.3892
mae: 0.3091
Test Results:
r2: 0.6660
rmse: 0.4595
mae: 0.3368
33/51
train r2: 0.9990868998525497, valid r2: 0.7518473649493389, test r2: 0.6660300095668894
Training Results:
r2: 0.9991
rmse: 0.0242
mae: 0.0155
Validation Results:
r2: 0.7518
rmse: 0.3869
mae: 0.3076
Test Results:
r2: 0.6660
rmse: 0.4595
mae: 0.3364
34/51
train r2: 0.9991954499176602, valid r2: 0.752491441139215, test r2: 0.6641745949141762
Training Results:
r2: 0.9992
rmse: 0.0228
mae: 0.0140
Validation Results:
r2: 0.7525
rmse: 0.3864
mae: 0.3064
Test Results:
r2: 0.6642
rmse: 0.4608
mae: 0.3379
35/51
train r2: 0.9992683357043032, valid r2: 0.7529602826878673, test r2: 0.6658869656793025
Training Results:
r2: 0.9993
rmse: 0.0216
mae: 0.0146
Validation Results:
r2: 0.7530
rmse: 0.3860
mae: 0.3058
Test Results:
r2: 0.6659
rmse: 0.4596
mae: 0.3366
36/51
train r2: 0.9992557747111626, valid r2: 0.7505236555222883, test r2: 0.6663454123871647
Training Results:
r2: 0.9993
rmse: 0.0217
mae: 0.0142
Validation Results:
r2: 0.7505
rmse: 0.3879
mae: 0.3082
Test Results:
r2: 0.6663
rmse: 0.4593
mae: 0.3362
37/51
train r2: 0.9991974971329912, valid r2: 0.7483548948729486, test r2: 0.6642653989533193
Training Results:
r2: 0.9992
rmse: 0.0227
mae: 0.0124
Validation Results:
r2: 0.7484
rmse: 0.3896
mae: 0.3085
Test Results:
r2: 0.6643
rmse: 0.4607
mae: 0.3381
break!
train: 0.9701, val: 0.7682, test: 0.6641
end_test_result: (0.6641056066451081, 0.46083661913871765, 0.3372608721256256)
Time used on CycPept_Caco2: 0:29:14
Current seed: 2064, current split method: random, current task: CycPept_Caco2
Namespace(seed=2024, times=5, n_epochs=50, config='base', model_path='../models/pretrained/base/base.pth', dataset='CycPept_Caco2', data_path='../datasets/', dataset_type='regression', use_scaler=True, metric=['r2', 'rmse', 'mae'], split='random_2064', weight_decay=0.0, dropout=0.0, lr=3e-05, n_threads=8)
args.seed: 2024
use label scaler
use label scaler
use label scaler
model have 90.143705M paramerters in total
train_dataset.mean: tensor([-6.1893]) train_dataset.std: tensor([0.7860])
1/51
train r2: 0.2437118029087667, valid r2: 0.21532166813394038, test r2: 0.3442440040578809
Training Results:
r2: 0.2437
rmse: 0.6840
mae: 0.5656
Validation Results:
r2: 0.2153
rmse: 0.7465
mae: 0.6182
Test Results:
r2: 0.3442
rmse: 0.6820
mae: 0.5526
2/51
train r2: 0.5389382963589744, valid r2: 0.4707467599769001, test r2: 0.6219011150843008
Training Results:
r2: 0.5389
rmse: 0.5348
mae: 0.4345
Validation Results:
r2: 0.4707
rmse: 0.6130
mae: 0.4922
Test Results:
r2: 0.6219
rmse: 0.5179
mae: 0.4157
3/51
train r2: 0.6443502758125184, valid r2: 0.5803501267709263, test r2: 0.7024588741546948
Training Results:
r2: 0.6444
rmse: 0.4698
mae: 0.3746
Validation Results:
r2: 0.5804
rmse: 0.5459
mae: 0.4400
Test Results:
r2: 0.7025
rmse: 0.4594
mae: 0.3676
4/51
train r2: 0.7257986763001028, valid r2: 0.6674344310638561, test r2: 0.7664676589026709
Training Results:
r2: 0.7258
rmse: 0.4119
mae: 0.3135
Validation Results:
r2: 0.6674
rmse: 0.4860
mae: 0.3545
Test Results:
r2: 0.7665
rmse: 0.4070
mae: 0.3199
5/51
train r2: 0.7747782449488518, valid r2: 0.7034283656117033, test r2: 0.7763863876364496
Training Results:
r2: 0.7748
rmse: 0.3724
mae: 0.2867
Validation Results:
r2: 0.7034
rmse: 0.4589
mae: 0.3384
Test Results:
r2: 0.7764
rmse: 0.3983
mae: 0.3128
6/51
train r2: 0.801117029343378, valid r2: 0.7176300729655066, test r2: 0.7777864757568583
Training Results:
r2: 0.8011
rmse: 0.3506
mae: 0.2678
Validation Results:
r2: 0.7176
rmse: 0.4478
mae: 0.3402
Test Results:
r2: 0.7778
rmse: 0.3970
mae: 0.3135
7/51
train r2: 0.8247986841042148, valid r2: 0.749247914150033, test r2: 0.7788239377507012
Training Results:
r2: 0.8248
rmse: 0.3292
mae: 0.2505
Validation Results:
r2: 0.7492
rmse: 0.4220
mae: 0.3071
Test Results:
r2: 0.7788
rmse: 0.3961
mae: 0.3184
8/51
train r2: 0.8595022562908284, valid r2: 0.7821700714885542, test r2: 0.7978104626032358
Training Results:
r2: 0.8595
rmse: 0.2955
mae: 0.2218
Validation Results:
r2: 0.7822
rmse: 0.3933
mae: 0.3054
Test Results:
r2: 0.7978
rmse: 0.3787
mae: 0.2905
9/51
train r2: 0.8704699311053394, valid r2: 0.7723602002718206, test r2: 0.7943286614627424
Training Results:
r2: 0.8705
rmse: 0.2829
mae: 0.2124
Validation Results:
r2: 0.7724
rmse: 0.4021
mae: 0.3084
Test Results:
r2: 0.7943
rmse: 0.3820
mae: 0.2971
10/51
train r2: 0.904852860824031, valid r2: 0.7983451567715193, test r2: 0.8061741047694756
Training Results:
r2: 0.9049
rmse: 0.2426
mae: 0.1818
Validation Results:
r2: 0.7983
rmse: 0.3784
mae: 0.2836
Test Results:
r2: 0.8062
rmse: 0.3708
mae: 0.2903
11/51
train r2: 0.9223463456437905, valid r2: 0.7756289276900933, test r2: 0.8048016680907653
Training Results:
r2: 0.9223
rmse: 0.2181
mae: 0.1645
Validation Results:
r2: 0.7756
rmse: 0.3992
mae: 0.2984
Test Results:
r2: 0.8048
rmse: 0.3721
mae: 0.2845
12/51
train r2: 0.9185585225603166, valid r2: 0.7877250209707483, test r2: 0.8128854665590257
Training Results:
r2: 0.9186
rmse: 0.2251
mae: 0.1705
Validation Results:
r2: 0.7877
rmse: 0.3882
mae: 0.2934
Test Results:
r2: 0.8129
rmse: 0.3643
mae: 0.2832
13/51
train r2: 0.9229120306287149, valid r2: 0.7694881461178862, test r2: 0.7844255104783955
Training Results:
r2: 0.9229
rmse: 0.2182
mae: 0.1651
Validation Results:
r2: 0.7695
rmse: 0.4046
mae: 0.3043
Test Results:
r2: 0.7844
rmse: 0.3910
mae: 0.3078
14/51
train r2: 0.9287917364121374, valid r2: 0.7529265398195069, test r2: 0.8130542161001137
Training Results:
r2: 0.9288
rmse: 0.2090
mae: 0.1607
Validation Results:
r2: 0.7529
rmse: 0.4189
mae: 0.3131
Test Results:
r2: 0.8131
rmse: 0.3642
mae: 0.2783
15/51
train r2: 0.9590046844719404, valid r2: 0.8068016966902594, test r2: 0.808382266757547
Training Results:
r2: 0.9590
rmse: 0.1594
mae: 0.1224
Validation Results:
r2: 0.8068
rmse: 0.3704
mae: 0.2785
Test Results:
r2: 0.8084
rmse: 0.3687
mae: 0.2988
16/51
train r2: 0.9564027732112476, valid r2: 0.7867292899689171, test r2: 0.8057899421789394
Training Results:
r2: 0.9564
rmse: 0.1645
mae: 0.1286
Validation Results:
r2: 0.7867
rmse: 0.3892
mae: 0.2867
Test Results:
r2: 0.8058
rmse: 0.3712
mae: 0.2906
17/51
train r2: 0.9732284164182082, valid r2: 0.7794037786448661, test r2: 0.8258225185011419
Training Results:
r2: 0.9732
rmse: 0.1280
mae: 0.0937
Validation Results:
r2: 0.7794
rmse: 0.3958
mae: 0.2938
Test Results:
r2: 0.8258
rmse: 0.3515
mae: 0.2736
18/51
train r2: 0.9738451694307789, valid r2: 0.7958894561236189, test r2: 0.8043855993386215
Training Results:
r2: 0.9738
rmse: 0.1270
mae: 0.0959
Validation Results:
r2: 0.7959
rmse: 0.3807
mae: 0.2798
Test Results:
r2: 0.8044
rmse: 0.3725
mae: 0.2940
19/51
train r2: 0.979847938585759, valid r2: 0.79896349777687, test r2: 0.8042751896050075
Training Results:
r2: 0.9798
rmse: 0.1118
mae: 0.0832
Validation Results:
r2: 0.7990
rmse: 0.3778
mae: 0.2866
Test Results:
r2: 0.8043
rmse: 0.3726
mae: 0.2945
20/51
train r2: 0.9859212536932277, valid r2: 0.7979754468024342, test r2: 0.8113196544614425
Training Results:
r2: 0.9859
rmse: 0.0933
mae: 0.0697
Validation Results:
r2: 0.7980
rmse: 0.3788
mae: 0.2724
Test Results:
r2: 0.8113
rmse: 0.3658
mae: 0.2899
21/51
train r2: 0.9840193019462575, valid r2: 0.7792163629561986, test r2: 0.8084021610495163
Training Results:
r2: 0.9840
rmse: 0.0995
mae: 0.0716
Validation Results:
r2: 0.7792
rmse: 0.3960
mae: 0.2980
Test Results:
r2: 0.8084
rmse: 0.3687
mae: 0.2871
22/51
train r2: 0.9847949903879172, valid r2: 0.7711268633254328, test r2: 0.8205537158586673
Training Results:
r2: 0.9848
rmse: 0.0964
mae: 0.0714
Validation Results:
r2: 0.7711
rmse: 0.4031
mae: 0.3029
Test Results:
r2: 0.8206
rmse: 0.3568
mae: 0.2758
23/51
train r2: 0.9873037792570363, valid r2: 0.7922740382347166, test r2: 0.8251373486214747
Training Results:
r2: 0.9873
rmse: 0.0887
mae: 0.0679
Validation Results:
r2: 0.7923
rmse: 0.3841
mae: 0.2863
Test Results:
r2: 0.8251
rmse: 0.3522
mae: 0.2751
24/51
train r2: 0.992454139393664, valid r2: 0.7912562604713063, test r2: 0.8136382253773262
Training Results:
r2: 0.9925
rmse: 0.0681
mae: 0.0503
Validation Results:
r2: 0.7913
rmse: 0.3850
mae: 0.2832
Test Results:
r2: 0.8136
rmse: 0.3636
mae: 0.2868
25/51
train r2: 0.9937276723492732, valid r2: 0.785218831439037, test r2: 0.8104075592345142
Training Results:
r2: 0.9937
rmse: 0.0622
mae: 0.0468
Validation Results:
r2: 0.7852
rmse: 0.3905
mae: 0.2875
Test Results:
r2: 0.8104
rmse: 0.3667
mae: 0.2926
26/51
train r2: 0.9958568638929106, valid r2: 0.7872658486511892, test r2: 0.813734823915157
Training Results:
r2: 0.9959
rmse: 0.0506
mae: 0.0363
Validation Results:
r2: 0.7873
rmse: 0.3887
mae: 0.2901
Test Results:
r2: 0.8137
rmse: 0.3635
mae: 0.2884
27/51
train r2: 0.9955298634642336, valid r2: 0.7837779349066706, test r2: 0.8142246176881356
Training Results:
r2: 0.9955
rmse: 0.0526
mae: 0.0392
Validation Results:
r2: 0.7838
rmse: 0.3918
mae: 0.2900
Test Results:
r2: 0.8142
rmse: 0.3630
mae: 0.2853
28/51
train r2: 0.996650576581554, valid r2: 0.7911758390582925, test r2: 0.8178526838299651
Training Results:
r2: 0.9967
rmse: 0.0455
mae: 0.0326
Validation Results:
r2: 0.7912
rmse: 0.3851
mae: 0.2858
Test Results:
r2: 0.8179
rmse: 0.3594
mae: 0.2863
29/51
train r2: 0.9965171384267871, valid r2: 0.7897826690163441, test r2: 0.8123299705868365
Training Results:
r2: 0.9965
rmse: 0.0463
mae: 0.0337
Validation Results:
r2: 0.7898
rmse: 0.3864
mae: 0.2870
Test Results:
r2: 0.8123
rmse: 0.3649
mae: 0.2873
30/51
train r2: 0.9975610084494912, valid r2: 0.7900257693981587, test r2: 0.8194290007784133
Training Results:
r2: 0.9976
rmse: 0.0387
mae: 0.0284
Validation Results:
r2: 0.7900
rmse: 0.3861
mae: 0.2866
Test Results:
r2: 0.8194
rmse: 0.3579
mae: 0.2890
31/51
train r2: 0.997958482525733, valid r2: 0.7825586764678921, test r2: 0.8192285339626298
Training Results:
r2: 0.9980
rmse: 0.0356
mae: 0.0263
Validation Results:
r2: 0.7826
rmse: 0.3929
mae: 0.2905
Test Results:
r2: 0.8192
rmse: 0.3581
mae: 0.2806
32/51
train r2: 0.9985865827828411, valid r2: 0.7879945510317096, test r2: 0.814735231883243
Training Results:
r2: 0.9986
rmse: 0.0294
mae: 0.0202
Validation Results:
r2: 0.7880
rmse: 0.3880
mae: 0.2861
Test Results:
r2: 0.8147
rmse: 0.3625
mae: 0.2889
33/51
train r2: 0.9986914249418406, valid r2: 0.7900414333276243, test r2: 0.8161498970920578
Training Results:
r2: 0.9987
rmse: 0.0284
mae: 0.0194
Validation Results:
r2: 0.7900
rmse: 0.3861
mae: 0.2838
Test Results:
r2: 0.8161
rmse: 0.3611
mae: 0.2859
34/51
train r2: 0.9989032662546269, valid r2: 0.7885237744911842, test r2: 0.817404824633616
Training Results:
r2: 0.9989
rmse: 0.0260
mae: 0.0165
Validation Results:
r2: 0.7885
rmse: 0.3875
mae: 0.2854
Test Results:
r2: 0.8174
rmse: 0.3599
mae: 0.2840
35/51
train r2: 0.9988396118366704, valid r2: 0.7887003119209773, test r2: 0.8196721386785837
Training Results:
r2: 0.9988
rmse: 0.0267
mae: 0.0191
Validation Results:
r2: 0.7887
rmse: 0.3874
mae: 0.2841
Test Results:
r2: 0.8197
rmse: 0.3576
mae: 0.2808
break!
train: 0.9590, val: 0.8068, test: 0.8084
end_test_result: (0.808382266757547, 0.36867421865463257, 0.2988152801990509)
args.seed: 2034
use label scaler
use label scaler
use label scaler
model have 90.143705M paramerters in total
train_dataset.mean: tensor([-6.1893]) train_dataset.std: tensor([0.7860])
1/51
train r2: 0.3016023754812066, valid r2: 0.31846788661720105, test r2: 0.3829065560980508
Training Results:
r2: 0.3016
rmse: 0.6569
mae: 0.5532
Validation Results:
r2: 0.3185
rmse: 0.6957
mae: 0.5875
Test Results:
r2: 0.3829
rmse: 0.6616
mae: 0.5691
2/51
train r2: 0.5845177643257606, valid r2: 0.48935225194953635, test r2: 0.6834426363370096
Training Results:
r2: 0.5845
rmse: 0.5062
mae: 0.4018
Validation Results:
r2: 0.4894
rmse: 0.6022
mae: 0.4688
Test Results:
r2: 0.6834
rmse: 0.4739
mae: 0.3763
3/51
train r2: 0.5793477410303074, valid r2: 0.5845875545920356, test r2: 0.6206079222116323
Training Results:
r2: 0.5793
rmse: 0.5094
mae: 0.4206
Validation Results:
r2: 0.5846
rmse: 0.5431
mae: 0.4635
Test Results:
r2: 0.6206
rmse: 0.5188
mae: 0.4308
4/51
train r2: 0.7372829526171696, valid r2: 0.6781916546012198, test r2: 0.774134337334941
Training Results:
r2: 0.7373
rmse: 0.4031
mae: 0.3073
Validation Results:
r2: 0.6782
rmse: 0.4780
mae: 0.3595
Test Results:
r2: 0.7741
rmse: 0.4003
mae: 0.3146
5/51
train r2: 0.7726767504128265, valid r2: 0.7364886166089937, test r2: 0.8014013445775597
Training Results:
r2: 0.7727
rmse: 0.3739
mae: 0.2827
Validation Results:
r2: 0.7365
rmse: 0.4326
mae: 0.3210
Test Results:
r2: 0.8014
rmse: 0.3753
mae: 0.3042
6/51
train r2: 0.8247962982348017, valid r2: 0.7351807970159363, test r2: 0.805112564198333
Training Results:
r2: 0.8248
rmse: 0.3300
mae: 0.2503
Validation Results:
r2: 0.7352
rmse: 0.4336
mae: 0.3240
Test Results:
r2: 0.8051
rmse: 0.3718
mae: 0.2987
7/51
train r2: 0.7399844680483894, valid r2: 0.6979634503904113, test r2: 0.7257649712987281
Training Results:
r2: 0.7400
rmse: 0.4006
mae: 0.3194
Validation Results:
r2: 0.6980
rmse: 0.4631
mae: 0.3597
Test Results:
r2: 0.7258
rmse: 0.4410
mae: 0.3588
8/51
train r2: 0.8584163533942415, valid r2: 0.7374681716278465, test r2: 0.8068830875064981
Training Results:
r2: 0.8584
rmse: 0.2951
mae: 0.2214
Validation Results:
r2: 0.7375
rmse: 0.4318
mae: 0.3207
Test Results:
r2: 0.8069
rmse: 0.3701
mae: 0.2850
9/51
train r2: 0.8627950022999744, valid r2: 0.7487917349267765, test r2: 0.8188091430194113
Training Results:
r2: 0.8628
rmse: 0.2909
mae: 0.2173
Validation Results:
r2: 0.7488
rmse: 0.4224
mae: 0.3271
Test Results:
r2: 0.8188
rmse: 0.3585
mae: 0.2893
10/51
train r2: 0.8887501358905018, valid r2: 0.7473587872872745, test r2: 0.8162136160344342
Training Results:
r2: 0.8888
rmse: 0.2623
mae: 0.1946
Validation Results:
r2: 0.7474
rmse: 0.4236
mae: 0.3225
Test Results:
r2: 0.8162
rmse: 0.3611
mae: 0.2789
11/51
train r2: 0.910596900961253, valid r2: 0.7927052389810162, test r2: 0.8350023966010529
Training Results:
r2: 0.9106
rmse: 0.2344
mae: 0.1745
Validation Results:
r2: 0.7927
rmse: 0.3837
mae: 0.2877
Test Results:
r2: 0.8350
rmse: 0.3421
mae: 0.2594
12/51
train r2: 0.9212117487968766, valid r2: 0.7835372014079993, test r2: 0.8200475684351207
Training Results:
r2: 0.9212
rmse: 0.2213
mae: 0.1577
Validation Results:
r2: 0.7835
rmse: 0.3921
mae: 0.3009
Test Results:
r2: 0.8200
rmse: 0.3573
mae: 0.2707
13/51
train r2: 0.8673219205026468, valid r2: 0.7104767262595545, test r2: 0.7776757841713844
Training Results:
r2: 0.8673
rmse: 0.2866
mae: 0.2247
Validation Results:
r2: 0.7105
rmse: 0.4534
mae: 0.3378
Test Results:
r2: 0.7777
rmse: 0.3971
mae: 0.3132
14/51
train r2: 0.9329501403591403, valid r2: 0.7432509382273808, test r2: 0.8128363338043224
Training Results:
r2: 0.9330
rmse: 0.2038
mae: 0.1501
Validation Results:
r2: 0.7433
rmse: 0.4270
mae: 0.3057
Test Results:
r2: 0.8128
rmse: 0.3644
mae: 0.2796
15/51
train r2: 0.9378515960982611, valid r2: 0.7565990840188315, test r2: 0.80833870868557
Training Results:
r2: 0.9379
rmse: 0.1945
mae: 0.1459
Validation Results:
r2: 0.7566
rmse: 0.4157
mae: 0.2957
Test Results:
r2: 0.8083
rmse: 0.3687
mae: 0.2934
16/51
train r2: 0.9539457170287668, valid r2: 0.7309512733011226, test r2: 0.8316100505895292
Training Results:
r2: 0.9539
rmse: 0.1683
mae: 0.1234
Validation Results:
r2: 0.7310
rmse: 0.4371
mae: 0.3227
Test Results:
r2: 0.8316
rmse: 0.3456
mae: 0.2665
17/51
train r2: 0.9668629718926206, valid r2: 0.7902400147890759, test r2: 0.828361119378567
Training Results:
r2: 0.9669
rmse: 0.1432
mae: 0.1062
Validation Results:
r2: 0.7902
rmse: 0.3859
mae: 0.2828
Test Results:
r2: 0.8284
rmse: 0.3489
mae: 0.2789
18/51
train r2: 0.9776507742092949, valid r2: 0.7759756449293307, test r2: 0.8273108826713591
Training Results:
r2: 0.9777
rmse: 0.1176
mae: 0.0856
Validation Results:
r2: 0.7760
rmse: 0.3988
mae: 0.2970
Test Results:
r2: 0.8273
rmse: 0.3500
mae: 0.2712
19/51
train r2: 0.9765064199224283, valid r2: 0.7730319594953686, test r2: 0.822909902648171
Training Results:
r2: 0.9765
rmse: 0.1205
mae: 0.0922
Validation Results:
r2: 0.7730
rmse: 0.4015
mae: 0.2964
Test Results:
r2: 0.8229
rmse: 0.3544
mae: 0.2761
20/51
train r2: 0.9746752833906887, valid r2: 0.7629243510776778, test r2: 0.8227866024498706
Training Results:
r2: 0.9747
rmse: 0.1250
mae: 0.0974
Validation Results:
r2: 0.7629
rmse: 0.4103
mae: 0.3026
Test Results:
r2: 0.8228
rmse: 0.3545
mae: 0.2756
21/51
train r2: 0.9725908135987036, valid r2: 0.7587461100449421, test r2: 0.8202757497801204
Training Results:
r2: 0.9726
rmse: 0.1304
mae: 0.1038
Validation Results:
r2: 0.7587
rmse: 0.4139
mae: 0.3143
Test Results:
r2: 0.8203
rmse: 0.3570
mae: 0.2762
22/51
train r2: 0.9880716411016502, valid r2: 0.7635175366465639, test r2: 0.8195727543014479
Training Results:
r2: 0.9881
rmse: 0.0859
mae: 0.0648
Validation Results:
r2: 0.7635
rmse: 0.4098
mae: 0.3084
Test Results:
r2: 0.8196
rmse: 0.3577
mae: 0.2848
23/51
train r2: 0.9872322366888276, valid r2: 0.7768801862241101, test r2: 0.8207291924642093
Training Results:
r2: 0.9872
rmse: 0.0889
mae: 0.0652
Validation Results:
r2: 0.7769
rmse: 0.3980
mae: 0.2919
Test Results:
r2: 0.8207
rmse: 0.3566
mae: 0.2846
24/51
train r2: 0.9891132551084761, valid r2: 0.774598312388494, test r2: 0.8149548744646152
Training Results:
r2: 0.9891
rmse: 0.0821
mae: 0.0562
Validation Results:
r2: 0.7746
rmse: 0.4001
mae: 0.2937
Test Results:
r2: 0.8150
rmse: 0.3623
mae: 0.2828
25/51
train r2: 0.9933965834834092, valid r2: 0.78136977146807, test r2: 0.831657777499022
Training Results:
r2: 0.9934
rmse: 0.0639
mae: 0.0474
Validation Results:
r2: 0.7814
rmse: 0.3940
mae: 0.2871
Test Results:
r2: 0.8317
rmse: 0.3456
mae: 0.2684
26/51
train r2: 0.989899115244537, valid r2: 0.768389048740268, test r2: 0.8303508119083705
Training Results:
r2: 0.9899
rmse: 0.0789
mae: 0.0622
Validation Results:
r2: 0.7684
rmse: 0.4055
mae: 0.2969
Test Results:
r2: 0.8304
rmse: 0.3469
mae: 0.2706
27/51
train r2: 0.9950941121427804, valid r2: 0.7796634524280854, test r2: 0.8308122042208076
Training Results:
r2: 0.9951
rmse: 0.0551
mae: 0.0410
Validation Results:
r2: 0.7797
rmse: 0.3956
mae: 0.2928
Test Results:
r2: 0.8308
rmse: 0.3464
mae: 0.2701
28/51
train r2: 0.9964374934665913, valid r2: 0.7765524279621254, test r2: 0.8218182377759173
Training Results:
r2: 0.9964
rmse: 0.0470
mae: 0.0333
Validation Results:
r2: 0.7766
rmse: 0.3983
mae: 0.2966
Test Results:
r2: 0.8218
rmse: 0.3555
mae: 0.2774
29/51
train r2: 0.9966704701288465, valid r2: 0.7777658713230325, test r2: 0.8256707349138639
Training Results:
r2: 0.9967
rmse: 0.0455
mae: 0.0317
Validation Results:
r2: 0.7778
rmse: 0.3973
mae: 0.2878
Test Results:
r2: 0.8257
rmse: 0.3516
mae: 0.2744
30/51
train r2: 0.9976250352195836, valid r2: 0.7821072851985063, test r2: 0.8178010464175371
Training Results:
r2: 0.9976
rmse: 0.0383
mae: 0.0275
Validation Results:
r2: 0.7821
rmse: 0.3934
mae: 0.2908
Test Results:
r2: 0.8178
rmse: 0.3595
mae: 0.2816
31/51
train r2: 0.9981679173295686, valid r2: 0.7770708169751805, test r2: 0.8177739626266396
Training Results:
r2: 0.9982
rmse: 0.0337
mae: 0.0242
Validation Results:
r2: 0.7771
rmse: 0.3979
mae: 0.2916
Test Results:
r2: 0.8178
rmse: 0.3595
mae: 0.2834
break!
train: 0.9106, val: 0.7927, test: 0.8350
end_test_result: (0.8350023966010529, 0.34210842847824097, 0.25936952233314514)
args.seed: 2044
use label scaler
use label scaler
use label scaler
model have 90.143705M paramerters in total
train_dataset.mean: tensor([-6.1893]) train_dataset.std: tensor([0.7860])
1/51
train r2: 0.3030147719525269, valid r2: 0.34791411245238935, test r2: 0.35735331980800056
Training Results:
r2: 0.3030
rmse: 0.6551
mae: 0.5571
Validation Results:
r2: 0.3479
rmse: 0.6805
mae: 0.5731
Test Results:
r2: 0.3574
rmse: 0.6752
mae: 0.5974
2/51
train r2: 0.5141637981244812, valid r2: 0.44739119281866513, test r2: 0.6166181339282653
Training Results:
r2: 0.5142
rmse: 0.5480
mae: 0.4383
Validation Results:
r2: 0.4474
rmse: 0.6264
mae: 0.4879
Test Results:
r2: 0.6166
rmse: 0.5215
mae: 0.4061
3/51
train r2: 0.6723790839678262, valid r2: 0.6130417919225928, test r2: 0.7219795528954239
Training Results:
r2: 0.6724
rmse: 0.4502
mae: 0.3574
Validation Results:
r2: 0.6130
rmse: 0.5242
mae: 0.4136
Test Results:
r2: 0.7220
rmse: 0.4441
mae: 0.3595
4/51
train r2: 0.5626871588614861, valid r2: 0.5341329764101364, test r2: 0.5836634169923085
Training Results:
r2: 0.5627
rmse: 0.5215
mae: 0.4300
Validation Results:
r2: 0.5341
rmse: 0.5752
mae: 0.4918
Test Results:
r2: 0.5837
rmse: 0.5434
mae: 0.4473
5/51
train r2: 0.7334074190121667, valid r2: 0.647744605862202, test r2: 0.7461314484304749
Training Results:
r2: 0.7334
rmse: 0.4059
mae: 0.3206
Validation Results:
r2: 0.6477
rmse: 0.5001
mae: 0.3996
Test Results:
r2: 0.7461
rmse: 0.4244
mae: 0.3526
6/51
train r2: 0.7108529266582873, valid r2: 0.6425643928222564, test r2: 0.6784652797430135
Training Results:
r2: 0.7109
rmse: 0.4225
mae: 0.3393
Validation Results:
r2: 0.6426
rmse: 0.5038
mae: 0.4069
Test Results:
r2: 0.6785
rmse: 0.4776
mae: 0.3878
7/51
train r2: 0.8043550269817966, valid r2: 0.6802845185132131, test r2: 0.7714054336062585
Training Results:
r2: 0.8044
rmse: 0.3479
mae: 0.2566
Validation Results:
r2: 0.6803
rmse: 0.4765
mae: 0.3536
Test Results:
r2: 0.7714
rmse: 0.4027
mae: 0.3244
8/51
train r2: 0.8560275472926847, valid r2: 0.726302078174393, test r2: 0.7858093030139972
Training Results:
r2: 0.8560
rmse: 0.2964
mae: 0.2223
Validation Results:
r2: 0.7263
rmse: 0.4409
mae: 0.3261
Test Results:
r2: 0.7858
rmse: 0.3898
mae: 0.3044
9/51
train r2: 0.8704289860501034, valid r2: 0.7332707255514755, test r2: 0.7900497324277456
Training Results:
r2: 0.8704
rmse: 0.2830
mae: 0.2165
Validation Results:
r2: 0.7333
rmse: 0.4352
mae: 0.3227
Test Results:
r2: 0.7900
rmse: 0.3859
mae: 0.3128
10/51
train r2: 0.8994441792782175, valid r2: 0.7818205971344658, test r2: 0.7957434970311849
Training Results:
r2: 0.8994
rmse: 0.2495
mae: 0.1884
Validation Results:
r2: 0.7818
rmse: 0.3936
mae: 0.3092
Test Results:
r2: 0.7957
rmse: 0.3806
mae: 0.2950
11/51
train r2: 0.9224471353673561, valid r2: 0.773085591036403, test r2: 0.8226690084251851
Training Results:
r2: 0.9224
rmse: 0.2192
mae: 0.1621
Validation Results:
r2: 0.7731
rmse: 0.4014
mae: 0.3004
Test Results:
r2: 0.8227
rmse: 0.3547
mae: 0.2681
12/51
train r2: 0.9131721968249534, valid r2: 0.7694508087515213, test r2: 0.8012517211575786
Training Results:
r2: 0.9132
rmse: 0.2320
mae: 0.1627
Validation Results:
r2: 0.7695
rmse: 0.4046
mae: 0.2985
Test Results:
r2: 0.8013
rmse: 0.3755
mae: 0.2845
13/51
train r2: 0.9500635430571845, valid r2: 0.7775076277598847, test r2: 0.8255138485264412
Training Results:
r2: 0.9501
rmse: 0.1754
mae: 0.1311
Validation Results:
r2: 0.7775
rmse: 0.3975
mae: 0.2916
Test Results:
r2: 0.8255
rmse: 0.3518
mae: 0.2729
14/51
train r2: 0.9425557236970603, valid r2: 0.7792623956158167, test r2: 0.8129699497108666
Training Results:
r2: 0.9426
rmse: 0.1878
mae: 0.1452
Validation Results:
r2: 0.7793
rmse: 0.3959
mae: 0.2980
Test Results:
r2: 0.8130
rmse: 0.3642
mae: 0.2890
15/51
train r2: 0.9423346971126858, valid r2: 0.7472661518439838, test r2: 0.8009245347516223
Training Results:
r2: 0.9423
rmse: 0.1888
mae: 0.1495
Validation Results:
r2: 0.7473
rmse: 0.4236
mae: 0.3164
Test Results:
r2: 0.8009
rmse: 0.3758
mae: 0.2885
16/51
train r2: 0.9698497379754187, valid r2: 0.784658865128363, test r2: 0.8207128606332991
Training Results:
r2: 0.9698
rmse: 0.1366
mae: 0.1022
Validation Results:
r2: 0.7847
rmse: 0.3910
mae: 0.2845
Test Results:
r2: 0.8207
rmse: 0.3566
mae: 0.2845
17/51
train r2: 0.9755138770786033, valid r2: 0.7832817450607849, test r2: 0.826749162170655
Training Results:
r2: 0.9755
rmse: 0.1231
mae: 0.0918
Validation Results:
r2: 0.7833
rmse: 0.3923
mae: 0.2901
Test Results:
r2: 0.8267
rmse: 0.3506
mae: 0.2675
18/51
train r2: 0.9769608920301048, valid r2: 0.7904642104591599, test r2: 0.8172380960133215
Training Results:
r2: 0.9770
rmse: 0.1195
mae: 0.0934
Validation Results:
r2: 0.7905
rmse: 0.3857
mae: 0.2811
Test Results:
r2: 0.8172
rmse: 0.3601
mae: 0.2784
19/51
train r2: 0.9824782628263092, valid r2: 0.7768450577202053, test r2: 0.8329754976604644
Training Results:
r2: 0.9825
rmse: 0.1043
mae: 0.0805
Validation Results:
r2: 0.7768
rmse: 0.3981
mae: 0.2830
Test Results:
r2: 0.8330
rmse: 0.3442
mae: 0.2626
20/51
train r2: 0.989720775807889, valid r2: 0.7704078997555185, test r2: 0.8292704527284864
Training Results:
r2: 0.9897
rmse: 0.0798
mae: 0.0585
Validation Results:
r2: 0.7704
rmse: 0.4038
mae: 0.2929
Test Results:
r2: 0.8293
rmse: 0.3480
mae: 0.2710
21/51
train r2: 0.9909807354136475, valid r2: 0.777747139310122, test r2: 0.825376081832609
Training Results:
r2: 0.9910
rmse: 0.0745
mae: 0.0556
Validation Results:
r2: 0.7777
rmse: 0.3973
mae: 0.2840
Test Results:
r2: 0.8254
rmse: 0.3519
mae: 0.2820
22/51
train r2: 0.9883964443433607, valid r2: 0.7756543500046081, test r2: 0.8269964934852436
Training Results:
r2: 0.9884
rmse: 0.0846
mae: 0.0625
Validation Results:
r2: 0.7757
rmse: 0.3991
mae: 0.2925
Test Results:
r2: 0.8270
rmse: 0.3503
mae: 0.2781
23/51
train r2: 0.9923783926365163, valid r2: 0.7799967730313896, test r2: 0.8274713989004765
Training Results:
r2: 0.9924
rmse: 0.0686
mae: 0.0518
Validation Results:
r2: 0.7800
rmse: 0.3953
mae: 0.2843
Test Results:
r2: 0.8275
rmse: 0.3498
mae: 0.2737
24/51
train r2: 0.993595664672004, valid r2: 0.7678305964986635, test r2: 0.8257377499738879
Training Results:
r2: 0.9936
rmse: 0.0628
mae: 0.0473
Validation Results:
r2: 0.7678
rmse: 0.4060
mae: 0.2899
Test Results:
r2: 0.8257
rmse: 0.3516
mae: 0.2770
25/51
train r2: 0.9961908628582006, valid r2: 0.7838956003952485, test r2: 0.8250412963532254
Training Results:
r2: 0.9962
rmse: 0.0485
mae: 0.0352
Validation Results:
r2: 0.7839
rmse: 0.3917
mae: 0.2815
Test Results:
r2: 0.8250
rmse: 0.3523
mae: 0.2759
26/51
train r2: 0.996783318195319, valid r2: 0.780007314865043, test r2: 0.8287046618804066
Training Results:
r2: 0.9968
rmse: 0.0446
mae: 0.0331
Validation Results:
r2: 0.7800
rmse: 0.3952
mae: 0.2825
Test Results:
r2: 0.8287
rmse: 0.3486
mae: 0.2753
27/51
train r2: 0.9976920414061847, valid r2: 0.7793548752556885, test r2: 0.8278773083692709
Training Results:
r2: 0.9977
rmse: 0.0378
mae: 0.0273
Validation Results:
r2: 0.7794
rmse: 0.3958
mae: 0.2843
Test Results:
r2: 0.8279
rmse: 0.3494
mae: 0.2751
28/51
train r2: 0.9962506383209543, valid r2: 0.7822733890754152, test r2: 0.8269823660345319
Training Results:
r2: 0.9963
rmse: 0.0481
mae: 0.0382
Validation Results:
r2: 0.7823
rmse: 0.3932
mae: 0.2812
Test Results:
r2: 0.8270
rmse: 0.3503
mae: 0.2738
29/51
train r2: 0.9983333245288758, valid r2: 0.7777469064964422, test r2: 0.8270240511317137
Training Results:
r2: 0.9983
rmse: 0.0321
mae: 0.0232
Validation Results:
r2: 0.7777
rmse: 0.3973
mae: 0.2838
Test Results:
r2: 0.8270
rmse: 0.3503
mae: 0.2779
30/51
train r2: 0.9984286394797313, valid r2: 0.7801516237933596, test r2: 0.8232477043534376
Training Results:
r2: 0.9984
rmse: 0.0312
mae: 0.0238
Validation Results:
r2: 0.7802
rmse: 0.3951
mae: 0.2838
Test Results:
r2: 0.8232
rmse: 0.3541
mae: 0.2800
31/51
train r2: 0.9986230351178524, valid r2: 0.7771176668123403, test r2: 0.8251193625599678
Training Results:
r2: 0.9986
rmse: 0.0290
mae: 0.0211
Validation Results:
r2: 0.7771
rmse: 0.3978
mae: 0.2808
Test Results:
r2: 0.8251
rmse: 0.3522
mae: 0.2726
32/51
train r2: 0.9987626224922946, valid r2: 0.7722469557537893, test r2: 0.8263094196049978
Training Results:
r2: 0.9988
rmse: 0.0276
mae: 0.0198
Validation Results:
r2: 0.7722
rmse: 0.4022
mae: 0.2869
Test Results:
r2: 0.8263
rmse: 0.3510
mae: 0.2771
33/51
train r2: 0.999219046917712, valid r2: 0.7767028833524867, test r2: 0.8261941311572929
Training Results:
r2: 0.9992
rmse: 0.0219
mae: 0.0150
Validation Results:
r2: 0.7767
rmse: 0.3982
mae: 0.2827
Test Results:
r2: 0.8262
rmse: 0.3511
mae: 0.2752
34/51
train r2: 0.9994046512144875, valid r2: 0.774868391114793, test r2: 0.8242576744290445
Training Results:
r2: 0.9994
rmse: 0.0191
mae: 0.0121
Validation Results:
r2: 0.7749
rmse: 0.3998
mae: 0.2849
Test Results:
r2: 0.8243
rmse: 0.3531
mae: 0.2775
35/51
train r2: 0.9991681290467509, valid r2: 0.7757077400454573, test r2: 0.8245122074261062
Training Results:
r2: 0.9992
rmse: 0.0227
mae: 0.0139
Validation Results:
r2: 0.7757
rmse: 0.3991
mae: 0.2822
Test Results:
r2: 0.8245
rmse: 0.3528
mae: 0.2761
36/51
train r2: 0.9994883815679945, valid r2: 0.7743755662310539, test r2: 0.8233781132561845
Training Results:
r2: 0.9995
rmse: 0.0178
mae: 0.0115
Validation Results:
r2: 0.7744
rmse: 0.4003
mae: 0.2844
Test Results:
r2: 0.8234
rmse: 0.3540
mae: 0.2782
37/51
train r2: 0.9995064725868076, valid r2: 0.776244715714924, test r2: 0.8244138788253885
Training Results:
r2: 0.9995
rmse: 0.0174
mae: 0.0114
Validation Results:
r2: 0.7762
rmse: 0.3986
mae: 0.2837
Test Results:
r2: 0.8244
rmse: 0.3529
mae: 0.2777
38/51
train r2: 0.9995628455144507, valid r2: 0.77564241953368, test r2: 0.8246924764202597
Training Results:
r2: 0.9996
rmse: 0.0165
mae: 0.0110
Validation Results:
r2: 0.7756
rmse: 0.3991
mae: 0.2830
Test Results:
r2: 0.8247
rmse: 0.3526
mae: 0.2763
break!
train: 0.9770, val: 0.7905, test: 0.8172
end_test_result: (0.8172380960133215, 0.3600541055202484, 0.27840012311935425)
args.seed: 2054
use label scaler
use label scaler
use label scaler
model have 90.143705M paramerters in total
train_dataset.mean: tensor([-6.1893]) train_dataset.std: tensor([0.7860])
1/51
train r2: 0.23625276484182556, valid r2: 0.27342408427819387, test r2: 0.2892143018942581
Training Results:
r2: 0.2363
rmse: 0.6879
mae: 0.5880
Validation Results:
r2: 0.2734
rmse: 0.7183
mae: 0.6113
Test Results:
r2: 0.2892
rmse: 0.7101
mae: 0.6353
2/51
train r2: 0.5753367435179055, valid r2: 0.528914981848746, test r2: 0.6395109841349107
Training Results:
r2: 0.5753
rmse: 0.5130
mae: 0.4126
Validation Results:
r2: 0.5289
rmse: 0.5784
mae: 0.4641
Test Results:
r2: 0.6395
rmse: 0.5057
mae: 0.4135
3/51
train r2: 0.6551349612558524, valid r2: 0.5975628397962647, test r2: 0.6932120168742015
Training Results:
r2: 0.6551
rmse: 0.4617
mae: 0.3715
Validation Results:
r2: 0.5976
rmse: 0.5346
mae: 0.4355
Test Results:
r2: 0.6932
rmse: 0.4665
mae: 0.3877
4/51
train r2: 0.7555477439975758, valid r2: 0.6405214575726517, test r2: 0.7890684283829611
Training Results:
r2: 0.7555
rmse: 0.3876
mae: 0.2917
Validation Results:
r2: 0.6405
rmse: 0.5052
mae: 0.3547
Test Results:
r2: 0.7891
rmse: 0.3868
mae: 0.3061
5/51
train r2: 0.782985508027904, valid r2: 0.7156332211072653, test r2: 0.7851605192118035
Training Results:
r2: 0.7830
rmse: 0.3651
mae: 0.2760
Validation Results:
r2: 0.7156
rmse: 0.4494
mae: 0.3394
Test Results:
r2: 0.7852
rmse: 0.3904
mae: 0.3103
6/51
train r2: 0.7844355822569415, valid r2: 0.7182800347862135, test r2: 0.7624357588046569
Training Results:
r2: 0.7844
rmse: 0.3640
mae: 0.2866
Validation Results:
r2: 0.7183
rmse: 0.4473
mae: 0.3426
Test Results:
r2: 0.7624
rmse: 0.4105
mae: 0.3333
7/51
train r2: 0.7018194795287609, valid r2: 0.643457886734574, test r2: 0.6900305830535423
Training Results:
r2: 0.7018
rmse: 0.4284
mae: 0.3384
Validation Results:
r2: 0.6435
rmse: 0.5032
mae: 0.3940
Test Results:
r2: 0.6900
rmse: 0.4689
mae: 0.3769
8/51
train r2: 0.8395428122715856, valid r2: 0.7785242373606592, test r2: 0.7727152642899623
Training Results:
r2: 0.8395
rmse: 0.3128
mae: 0.2447
Validation Results:
r2: 0.7785
rmse: 0.3966
mae: 0.3101
Test Results:
r2: 0.7727
rmse: 0.4015
mae: 0.3204
9/51
train r2: 0.8408244842444161, valid r2: 0.7664028718071327, test r2: 0.7595391184213975
Training Results:
r2: 0.8408
rmse: 0.3140
mae: 0.2448
Validation Results:
r2: 0.7664
rmse: 0.4073
mae: 0.3234
Test Results:
r2: 0.7595
rmse: 0.4130
mae: 0.3383
10/51
train r2: 0.8690613027680197, valid r2: 0.7833280406489442, test r2: 0.7541254040281122
Training Results:
r2: 0.8691
rmse: 0.2843
mae: 0.2094
Validation Results:
r2: 0.7833
rmse: 0.3922
mae: 0.2999
Test Results:
r2: 0.7541
rmse: 0.4176
mae: 0.3182
11/51
train r2: 0.9035134783166103, valid r2: 0.748359311190113, test r2: 0.8181751318949916
Training Results:
r2: 0.9035
rmse: 0.2439
mae: 0.1805
Validation Results:
r2: 0.7484
rmse: 0.4227
mae: 0.3239
Test Results:
r2: 0.8182
rmse: 0.3591
mae: 0.2794
12/51
train r2: 0.9111719680448784, valid r2: 0.7699123879023915, test r2: 0.8277628395684028
Training Results:
r2: 0.9112
rmse: 0.2351
mae: 0.1642
Validation Results:
r2: 0.7699
rmse: 0.4042
mae: 0.2990
Test Results:
r2: 0.8278
rmse: 0.3495
mae: 0.2822
13/51
train r2: 0.9395243166454048, valid r2: 0.785485523697284, test r2: 0.8239843267445132
Training Results:
r2: 0.9395
rmse: 0.1932
mae: 0.1443
Validation Results:
r2: 0.7855
rmse: 0.3903
mae: 0.3010
Test Results:
r2: 0.8240
rmse: 0.3533
mae: 0.2819
14/51
train r2: 0.9066780258708196, valid r2: 0.7404728895671968, test r2: 0.8041390736604903
Training Results:
r2: 0.9067
rmse: 0.2401
mae: 0.1912
Validation Results:
r2: 0.7405
rmse: 0.4293
mae: 0.3280
Test Results:
r2: 0.8041
rmse: 0.3727
mae: 0.2798
15/51
train r2: 0.9443522456348046, valid r2: 0.8000941084971367, test r2: 0.8160531536452389
Training Results:
r2: 0.9444
rmse: 0.1862
mae: 0.1434
Validation Results:
r2: 0.8001
rmse: 0.3768
mae: 0.2779
Test Results:
r2: 0.8161
rmse: 0.3612
mae: 0.2882
16/51
train r2: 0.9620162356846506, valid r2: 0.7639624356017454, test r2: 0.8289190299860432
Training Results:
r2: 0.9620
rmse: 0.1530
mae: 0.1142
Validation Results:
r2: 0.7640
rmse: 0.4094
mae: 0.3013
Test Results:
r2: 0.8289
rmse: 0.3484
mae: 0.2699
17/51
train r2: 0.9671633257116914, valid r2: 0.779313458471169, test r2: 0.8368277125519539
Training Results:
r2: 0.9672
rmse: 0.1426
mae: 0.1108
Validation Results:
r2: 0.7793
rmse: 0.3959
mae: 0.2963
Test Results:
r2: 0.8368
rmse: 0.3402
mae: 0.2619
18/51
train r2: 0.9756347499905009, valid r2: 0.7831345564167416, test r2: 0.832993443177965
Training Results:
r2: 0.9756
rmse: 0.1228
mae: 0.0892
Validation Results:
r2: 0.7831
rmse: 0.3924
mae: 0.2934
Test Results:
r2: 0.8330
rmse: 0.3442
mae: 0.2685
19/51
train r2: 0.9818878480210674, valid r2: 0.7894502291804943, test r2: 0.8290805283950199
Training Results:
r2: 0.9819
rmse: 0.1056
mae: 0.0779
Validation Results:
r2: 0.7895
rmse: 0.3867
mae: 0.2874
Test Results:
r2: 0.8291
rmse: 0.3482
mae: 0.2692
20/51
train r2: 0.9848474876994209, valid r2: 0.7855719586303476, test r2: 0.8209828211216121
Training Results:
r2: 0.9848
rmse: 0.0966
mae: 0.0728
Validation Results:
r2: 0.7856
rmse: 0.3902
mae: 0.2914
Test Results:
r2: 0.8210
rmse: 0.3563
mae: 0.2819
21/51
train r2: 0.9895724499457224, valid r2: 0.7987767096929588, test r2: 0.8289787215204393
Training Results:
r2: 0.9896
rmse: 0.0805
mae: 0.0598
Validation Results:
r2: 0.7988
rmse: 0.3780
mae: 0.2846
Test Results:
r2: 0.8290
rmse: 0.3483
mae: 0.2659
22/51
train r2: 0.9922500959652519, valid r2: 0.8026895880310175, test r2: 0.8391514015371407
Training Results:
r2: 0.9923
rmse: 0.0693
mae: 0.0506
Validation Results:
r2: 0.8027
rmse: 0.3743
mae: 0.2744
Test Results:
r2: 0.8392
rmse: 0.3378
mae: 0.2596
23/51
train r2: 0.9937898871808631, valid r2: 0.8033013218937602, test r2: 0.8327146260889524
Training Results:
r2: 0.9938
rmse: 0.0622
mae: 0.0442
Validation Results:
r2: 0.8033
rmse: 0.3737
mae: 0.2763
Test Results:
r2: 0.8327
rmse: 0.3445
mae: 0.2666
24/51
train r2: 0.9957194735364596, valid r2: 0.7984149377280328, test r2: 0.8304302404964383
Training Results:
r2: 0.9957
rmse: 0.0515
mae: 0.0374
Validation Results:
r2: 0.7984
rmse: 0.3783
mae: 0.2834
Test Results:
r2: 0.8304
rmse: 0.3468
mae: 0.2701
25/51
train r2: 0.9950535106223658, valid r2: 0.7924304006603737, test r2: 0.8296274161197218
Training Results:
r2: 0.9951
rmse: 0.0552
mae: 0.0426
Validation Results:
r2: 0.7924
rmse: 0.3839
mae: 0.2871
Test Results:
r2: 0.8296
rmse: 0.3476
mae: 0.2727
26/51
train r2: 0.9967579252600012, valid r2: 0.7989858583057362, test r2: 0.8321413002077452
Training Results:
r2: 0.9968
rmse: 0.0448
mae: 0.0309
Validation Results:
r2: 0.7990
rmse: 0.3778
mae: 0.2834
Test Results:
r2: 0.8321
rmse: 0.3451
mae: 0.2677
27/51
train r2: 0.9977551673796946, valid r2: 0.8019770050749817, test r2: 0.8342613074895767
Training Results:
r2: 0.9978
rmse: 0.0372
mae: 0.0261
Validation Results:
r2: 0.8020
rmse: 0.3750
mae: 0.2813
Test Results:
r2: 0.8343
rmse: 0.3429
mae: 0.2666
28/51
train r2: 0.9975315247551434, valid r2: 0.799048087126524, test r2: 0.835972005135478
Training Results:
r2: 0.9975
rmse: 0.0390
mae: 0.0266
Validation Results:
r2: 0.7990
rmse: 0.3778
mae: 0.2846
Test Results:
r2: 0.8360
rmse: 0.3411
mae: 0.2652
29/51
train r2: 0.9984530317103261, valid r2: 0.8001592880846796, test r2: 0.831658593098605
Training Results:
r2: 0.9985
rmse: 0.0308
mae: 0.0205
Validation Results:
r2: 0.8002
rmse: 0.3767
mae: 0.2830
Test Results:
r2: 0.8317
rmse: 0.3456
mae: 0.2687
30/51
train r2: 0.9986097946322933, valid r2: 0.7977721098543906, test r2: 0.8339032371737477
Training Results:
r2: 0.9986
rmse: 0.0294
mae: 0.0193
Validation Results:
r2: 0.7978
rmse: 0.3789
mae: 0.2839
Test Results:
r2: 0.8339
rmse: 0.3432
mae: 0.2684
31/51
train r2: 0.9987133763845427, valid r2: 0.8006387943288067, test r2: 0.8353632785289574
Training Results:
r2: 0.9987
rmse: 0.0282
mae: 0.0195
Validation Results:
r2: 0.8006
rmse: 0.3763
mae: 0.2812
Test Results:
r2: 0.8354
rmse: 0.3417
mae: 0.2652
32/51
train r2: 0.9988485843234103, valid r2: 0.7990520946296197, test r2: 0.8328086791333373
Training Results:
r2: 0.9988
rmse: 0.0267
mae: 0.0186
Validation Results:
r2: 0.7991
rmse: 0.3777
mae: 0.2830
Test Results:
r2: 0.8328
rmse: 0.3444
mae: 0.2703
33/51
train r2: 0.999175335726248, valid r2: 0.8014851870392155, test r2: 0.8328036219431534
Training Results:
r2: 0.9992
rmse: 0.0226
mae: 0.0149
Validation Results:
r2: 0.8015
rmse: 0.3755
mae: 0.2812
Test Results:
r2: 0.8328
rmse: 0.3444
mae: 0.2703
34/51
train r2: 0.9988696301974945, valid r2: 0.7995860573868561, test r2: 0.8343220077252428
Training Results:
r2: 0.9989
rmse: 0.0265
mae: 0.0193
Validation Results:
r2: 0.7996
rmse: 0.3772
mae: 0.2830
Test Results:
r2: 0.8343
rmse: 0.3428
mae: 0.2698
35/51
train r2: 0.9992236867008164, valid r2: 0.8006007301123614, test r2: 0.8340077777304122
Training Results:
r2: 0.9992
rmse: 0.0218
mae: 0.0131
Validation Results:
r2: 0.8006
rmse: 0.3763
mae: 0.2812
Test Results:
r2: 0.8340
rmse: 0.3431
mae: 0.2686
36/51
train r2: 0.9993589946301225, valid r2: 0.802709685277974, test r2: 0.8354544780458325
Training Results:
r2: 0.9994
rmse: 0.0199
mae: 0.0124
Validation Results:
r2: 0.8027
rmse: 0.3743
mae: 0.2806
Test Results:
r2: 0.8355
rmse: 0.3416
mae: 0.2688
37/51
train r2: 0.9992762730488172, valid r2: 0.8010644118611947, test r2: 0.8354175500523235
Training Results:
r2: 0.9993
rmse: 0.0211
mae: 0.0135
Validation Results:
r2: 0.8011
rmse: 0.3759
mae: 0.2800
Test Results:
r2: 0.8354
rmse: 0.3417
mae: 0.2676
38/51
train r2: 0.9994103561667467, valid r2: 0.8011039864160118, test r2: 0.8362250273840158
Training Results:
r2: 0.9994
rmse: 0.0190
mae: 0.0118
Validation Results:
r2: 0.8011
rmse: 0.3758
mae: 0.2801
Test Results:
r2: 0.8362
rmse: 0.3408
mae: 0.2664
39/51
train r2: 0.9995114181505877, valid r2: 0.8006513313682333, test r2: 0.8349903809546277
Training Results:
r2: 0.9995
rmse: 0.0174
mae: 0.0092
Validation Results:
r2: 0.8007
rmse: 0.3762
mae: 0.2815
Test Results:
r2: 0.8350
rmse: 0.3421
mae: 0.2680
40/51
train r2: 0.9996332533746923, valid r2: 0.80081741649301, test r2: 0.8351443226631374
Training Results:
r2: 0.9996
rmse: 0.0151
mae: 0.0077
Validation Results:
r2: 0.8008
rmse: 0.3761
mae: 0.2810
Test Results:
r2: 0.8351
rmse: 0.3420
mae: 0.2676
41/51
train r2: 0.9996209657973283, valid r2: 0.8010355840939356, test r2: 0.8336400916233684
Training Results:
r2: 0.9996
rmse: 0.0153
mae: 0.0078
Validation Results:
r2: 0.8010
rmse: 0.3759
mae: 0.2817
Test Results:
r2: 0.8336
rmse: 0.3435
mae: 0.2694
42/51
train r2: 0.9996036234413814, valid r2: 0.8019572538961726, test r2: 0.8347345563739014
Training Results:
r2: 0.9996
rmse: 0.0157
mae: 0.0071
Validation Results:
r2: 0.8020
rmse: 0.3750
mae: 0.2806
Test Results:
r2: 0.8347
rmse: 0.3424
mae: 0.2683
43/51
train r2: 0.9996861034459658, valid r2: 0.8011885388199427, test r2: 0.835219996952975
Training Results:
r2: 0.9997
rmse: 0.0139
mae: 0.0078
Validation Results:
r2: 0.8012
rmse: 0.3757
mae: 0.2809
Test Results:
r2: 0.8352
rmse: 0.3419
mae: 0.2674
break!
train: 0.9938, val: 0.8033, test: 0.8327
end_test_result: (0.8327146260889524, 0.3444720208644867, 0.2665649652481079)
args.seed: 2064
use label scaler
use label scaler
use label scaler
model have 90.143705M paramerters in total
train_dataset.mean: tensor([-6.1893]) train_dataset.std: tensor([0.7860])
1/51
train r2: 0.277375059818059, valid r2: 0.2880807414404817, test r2: 0.3373190478727892
Training Results:
r2: 0.2774
rmse: 0.6675
mae: 0.5620
Validation Results:
r2: 0.2881
rmse: 0.7110
mae: 0.5968
Test Results:
r2: 0.3373
rmse: 0.6856
mae: 0.5846
2/51
train r2: 0.54298486202216, valid r2: 0.4958423864268443, test r2: 0.605661728218932
Training Results:
r2: 0.5430
rmse: 0.5321
mae: 0.4403
Validation Results:
r2: 0.4958
rmse: 0.5983
mae: 0.5045
Test Results:
r2: 0.6057
rmse: 0.5289
mae: 0.4456
3/51
train r2: 0.6636328703306755, valid r2: 0.5981869217732112, test r2: 0.7069657329124142
Training Results:
r2: 0.6636
rmse: 0.4555
mae: 0.3543
Validation Results:
r2: 0.5982
rmse: 0.5342
mae: 0.4093
Test Results:
r2: 0.7070
rmse: 0.4559
mae: 0.3663
4/51
train r2: 0.565674437680528, valid r2: 0.5169406074517342, test r2: 0.5898319558319656
Training Results:
r2: 0.5657
rmse: 0.5184
mae: 0.4221
Validation Results:
r2: 0.5169
rmse: 0.5857
mae: 0.4883
Test Results:
r2: 0.5898
rmse: 0.5394
mae: 0.4437
5/51
train r2: 0.7575221144738131, valid r2: 0.6750691795069625, test r2: 0.7878584691810155
Training Results:
r2: 0.7575
rmse: 0.3872
mae: 0.2987
Validation Results:
r2: 0.6751
rmse: 0.4803
mae: 0.3637
Test Results:
r2: 0.7879
rmse: 0.3879
mae: 0.3126
6/51
train r2: 0.7741649387808174, valid r2: 0.7070624539801347, test r2: 0.7937754185981057
Training Results:
r2: 0.7742
rmse: 0.3736
mae: 0.2864
Validation Results:
r2: 0.7071
rmse: 0.4561
mae: 0.3537
Test Results:
r2: 0.7938
rmse: 0.3825
mae: 0.2994
7/51
train r2: 0.8167270708521939, valid r2: 0.7559881722559822, test r2: 0.7636067737075002
Training Results:
r2: 0.8167
rmse: 0.3367
mae: 0.2590
Validation Results:
r2: 0.7560
rmse: 0.4163
mae: 0.3183
Test Results:
r2: 0.7636
rmse: 0.4095
mae: 0.3228
8/51
train r2: 0.7984071688135002, valid r2: 0.7147079668202019, test r2: 0.747669739196858
Training Results:
r2: 0.7984
rmse: 0.3534
mae: 0.2797
Validation Results:
r2: 0.7147
rmse: 0.4501
mae: 0.3543
Test Results:
r2: 0.7477
rmse: 0.4231
mae: 0.3294
9/51
train r2: 0.8066545575929676, valid r2: 0.7367714250659585, test r2: 0.7465790672359863
Training Results:
r2: 0.8067
rmse: 0.3459
mae: 0.2653
Validation Results:
r2: 0.7368
rmse: 0.4323
mae: 0.3289
Test Results:
r2: 0.7466
rmse: 0.4240
mae: 0.3373
10/51
train r2: 0.8950431563300294, valid r2: 0.7287458877772984, test r2: 0.8086007436342254
Training Results:
r2: 0.8950
rmse: 0.2551
mae: 0.1847
Validation Results:
r2: 0.7287
rmse: 0.4389
mae: 0.3236
Test Results:
r2: 0.8086
rmse: 0.3685
mae: 0.2796
11/51
train r2: 0.9114386190612322, valid r2: 0.7735338418489482, test r2: 0.8212237287009061
Training Results:
r2: 0.9114
rmse: 0.2327
mae: 0.1759
Validation Results:
r2: 0.7735
rmse: 0.4010
mae: 0.2986
Test Results:
r2: 0.8212
rmse: 0.3561
mae: 0.2726
12/51
train r2: 0.9196209001271112, valid r2: 0.7494450943193598, test r2: 0.8213767969255924
Training Results:
r2: 0.9196
rmse: 0.2224
mae: 0.1669
Validation Results:
r2: 0.7494
rmse: 0.4218
mae: 0.3121
Test Results:
r2: 0.8214
rmse: 0.3560
mae: 0.2767
13/51
train r2: 0.9294149248381229, valid r2: 0.7467652144250092, test r2: 0.7984967677056348
Training Results:
r2: 0.9294
rmse: 0.2087
mae: 0.1638
Validation Results:
r2: 0.7468
rmse: 0.4241
mae: 0.3205
Test Results:
r2: 0.7985
rmse: 0.3781
mae: 0.3072
14/51
train r2: 0.9504099922413205, valid r2: 0.7689850886152271, test r2: 0.8209733809440456
Training Results:
r2: 0.9504
rmse: 0.1751
mae: 0.1354
Validation Results:
r2: 0.7690
rmse: 0.4050
mae: 0.2964
Test Results:
r2: 0.8210
rmse: 0.3564
mae: 0.2742
15/51
train r2: 0.9511439918204235, valid r2: 0.7693226159492348, test r2: 0.8091976170559505
Training Results:
r2: 0.9511
rmse: 0.1740
mae: 0.1322
Validation Results:
r2: 0.7693
rmse: 0.4047
mae: 0.2994
Test Results:
r2: 0.8092
rmse: 0.3679
mae: 0.2927
16/51
train r2: 0.9645891122557138, valid r2: 0.7663556580160744, test r2: 0.8038990749940234
Training Results:
r2: 0.9646
rmse: 0.1481
mae: 0.1121
Validation Results:
r2: 0.7664
rmse: 0.4073
mae: 0.3022
Test Results:
r2: 0.8039
rmse: 0.3730
mae: 0.2840
17/51
train r2: 0.9744864347560956, valid r2: 0.7928441436120839, test r2: 0.830819998649678
Training Results:
r2: 0.9745
rmse: 0.1261
mae: 0.0961
Validation Results:
r2: 0.7928
rmse: 0.3835
mae: 0.2786
Test Results:
r2: 0.8308
rmse: 0.3464
mae: 0.2585
18/51
train r2: 0.9767304373684881, valid r2: 0.7681974098228115, test r2: 0.8180021098775722
Training Results:
r2: 0.9767
rmse: 0.1197
mae: 0.0897
Validation Results:
r2: 0.7682
rmse: 0.4057
mae: 0.2938
Test Results:
r2: 0.8180
rmse: 0.3593
mae: 0.2661
19/51
train r2: 0.9871148661085671, valid r2: 0.771466948472003, test r2: 0.8190925087386232
Training Results:
r2: 0.9871
rmse: 0.0893
mae: 0.0694
Validation Results:
r2: 0.7715
rmse: 0.4028
mae: 0.2927
Test Results:
r2: 0.8191
rmse: 0.3582
mae: 0.2780
20/51
train r2: 0.9870191152945859, valid r2: 0.7663396231298932, test r2: 0.8245903850058709
Training Results:
r2: 0.9870
rmse: 0.0892
mae: 0.0664
Validation Results:
r2: 0.7663
rmse: 0.4073
mae: 0.2933
Test Results:
r2: 0.8246
rmse: 0.3527
mae: 0.2732
21/51
train r2: 0.9918937316757971, valid r2: 0.7772531240720353, test r2: 0.822756444278866
Training Results:
r2: 0.9919
rmse: 0.0707
mae: 0.0524
Validation Results:
r2: 0.7773
rmse: 0.3977
mae: 0.2904
Test Results:
r2: 0.8228
rmse: 0.3546
mae: 0.2758
22/51
train r2: 0.9930480902014189, valid r2: 0.7702988562053124, test r2: 0.8299350972462506
Training Results:
r2: 0.9930
rmse: 0.0651
mae: 0.0490
Validation Results:
r2: 0.7703
rmse: 0.4039
mae: 0.2902
Test Results:
r2: 0.8299
rmse: 0.3473
mae: 0.2644
23/51
train r2: 0.9932515755128051, valid r2: 0.7777384396420775, test r2: 0.829856523731576
Training Results:
r2: 0.9933
rmse: 0.0645
mae: 0.0498
Validation Results:
r2: 0.7777
rmse: 0.3973
mae: 0.2808
Test Results:
r2: 0.8299
rmse: 0.3474
mae: 0.2632
24/51
train r2: 0.9950371834053482, valid r2: 0.7754685926622704, test r2: 0.8207956400051999
Training Results:
r2: 0.9950
rmse: 0.0553
mae: 0.0407
Validation Results:
r2: 0.7755
rmse: 0.3993
mae: 0.2899
Test Results:
r2: 0.8208
rmse: 0.3565
mae: 0.2754
25/51
train r2: 0.9963659288132775, valid r2: 0.7768626899678741, test r2: 0.8245480742981187
Training Results:
r2: 0.9964
rmse: 0.0475
mae: 0.0358
Validation Results:
r2: 0.7769
rmse: 0.3981
mae: 0.2853
Test Results:
r2: 0.8245
rmse: 0.3528
mae: 0.2742
26/51
train r2: 0.9967993405500462, valid r2: 0.7816022852114034, test r2: 0.8250330844527047
Training Results:
r2: 0.9968
rmse: 0.0445
mae: 0.0329
Validation Results:
r2: 0.7816
rmse: 0.3938
mae: 0.2827
Test Results:
r2: 0.8250
rmse: 0.3523
mae: 0.2719
27/51
train r2: 0.9963797773385012, valid r2: 0.7785320073798387, test r2: 0.8185416063130597
Training Results:
r2: 0.9964
rmse: 0.0474
mae: 0.0376
Validation Results:
r2: 0.7785
rmse: 0.3966
mae: 0.2824
Test Results:
r2: 0.8185
rmse: 0.3588
mae: 0.2809
28/51
train r2: 0.9978965329056315, valid r2: 0.7766749453843942, test r2: 0.8216003483410255
Training Results:
r2: 0.9979
rmse: 0.0361
mae: 0.0259
Validation Results:
r2: 0.7767
rmse: 0.3982
mae: 0.2843
Test Results:
r2: 0.8216
rmse: 0.3557
mae: 0.2752
29/51
train r2: 0.9984510650353675, valid r2: 0.7836746563636392, test r2: 0.8239564766982164
Training Results:
r2: 0.9985
rmse: 0.0308
mae: 0.0213
Validation Results:
r2: 0.7837
rmse: 0.3919
mae: 0.2808
Test Results:
r2: 0.8240
rmse: 0.3534
mae: 0.2760
30/51
train r2: 0.9989256853375902, valid r2: 0.7798926397172514, test r2: 0.8239376465866373
Training Results:
r2: 0.9989
rmse: 0.0257
mae: 0.0177
Validation Results:
r2: 0.7799
rmse: 0.3953
mae: 0.2835
Test Results:
r2: 0.8239
rmse: 0.3534
mae: 0.2737
31/51
train r2: 0.9991601182246771, valid r2: 0.7830306369101352, test r2: 0.8235821525735441
Training Results:
r2: 0.9992
rmse: 0.0228
mae: 0.0149
Validation Results:
r2: 0.7830
rmse: 0.3925
mae: 0.2822
Test Results:
r2: 0.8236
rmse: 0.3537
mae: 0.2752
32/51
train r2: 0.9994043752956049, valid r2: 0.7804868437844151, test r2: 0.8248123577963438
Training Results:
r2: 0.9994
rmse: 0.0192
mae: 0.0123
Validation Results:
r2: 0.7805
rmse: 0.3948
mae: 0.2826
Test Results:
r2: 0.8248
rmse: 0.3525
mae: 0.2743
33/51
train r2: 0.9994164863667289, valid r2: 0.7816679301330047, test r2: 0.8230073566903613
Training Results:
r2: 0.9994
rmse: 0.0189
mae: 0.0125
Validation Results:
r2: 0.7817
rmse: 0.3937
mae: 0.2831
Test Results:
r2: 0.8230
rmse: 0.3543
mae: 0.2753
34/51
train r2: 0.9995159440112941, valid r2: 0.7820852437564063, test r2: 0.8242962291777313
Training Results:
r2: 0.9995
rmse: 0.0173
mae: 0.0112
Validation Results:
r2: 0.7821
rmse: 0.3934
mae: 0.2817
Test Results:
r2: 0.8243
rmse: 0.3530
mae: 0.2735
35/51
train r2: 0.9995603416099339, valid r2: 0.780278388999776, test r2: 0.8236526939542457
Training Results:
r2: 0.9996
rmse: 0.0164
mae: 0.0102
Validation Results:
r2: 0.7803
rmse: 0.3950
mae: 0.2840
Test Results:
r2: 0.8237
rmse: 0.3537
mae: 0.2761
36/51
train r2: 0.9996106324736213, valid r2: 0.7811870611416695, test r2: 0.8244415244830765
Training Results:
r2: 0.9996
rmse: 0.0155
mae: 0.0088
Validation Results:
r2: 0.7812
rmse: 0.3942
mae: 0.2824
Test Results:
r2: 0.8244
rmse: 0.3529
mae: 0.2740
37/51
train r2: 0.9996872776284791, valid r2: 0.7802748758987958, test r2: 0.8249614251230377
Training Results:
r2: 0.9997
rmse: 0.0139
mae: 0.0078
Validation Results:
r2: 0.7803
rmse: 0.3950
mae: 0.2828
Test Results:
r2: 0.8250
rmse: 0.3524
mae: 0.2734
break!
train: 0.9745, val: 0.7928, test: 0.8308
end_test_result: (0.830819998649678, 0.3464171886444092, 0.258529394865036)
Time used on CycPept_Caco2: 0:29:57
Current seed: 2064, current split method: scaffold, current task: CycPept_Caco2
Namespace(seed=2024, times=5, n_epochs=50, config='base', model_path='../models/pretrained/base/base.pth', dataset='CycPept_Caco2', data_path='../datasets/', dataset_type='regression', use_scaler=True, metric=['r2', 'rmse', 'mae'], split='scaffold_2064', weight_decay=0.0, dropout=0.0, lr=3e-05, n_threads=8)
args.seed: 2024
use label scaler
use label scaler
use label scaler
model have 90.143705M paramerters in total
train_dataset.mean: tensor([-6.1769]) train_dataset.std: tensor([0.7930])
1/51
train r2: 0.26089801219389885, valid r2: 0.20215227855948092, test r2: 0.15146899200352792
Training Results:
r2: 0.2609
rmse: 0.6822
mae: 0.5585
Validation Results:
r2: 0.2022
rmse: 0.7577
mae: 0.6446
Test Results:
r2: 0.1515
rmse: 0.7166
mae: 0.6089
2/51
train r2: 0.5716072450026419, valid r2: 0.4915038100546051, test r2: 0.43045663964051406
Training Results:
r2: 0.5716
rmse: 0.5203
mae: 0.4227
Validation Results:
r2: 0.4915
rmse: 0.6049
mae: 0.5121
Test Results:
r2: 0.4305
rmse: 0.5871
mae: 0.5016
3/51
train r2: 0.6448422217479624, valid r2: 0.584249579563838, test r2: 0.5831589596705192
Training Results:
r2: 0.6448
rmse: 0.4729
mae: 0.3561
Validation Results:
r2: 0.5842
rmse: 0.5469
mae: 0.4486
Test Results:
r2: 0.5832
rmse: 0.5022
mae: 0.4070
4/51
train r2: 0.7243059159989289, valid r2: 0.6373268724116234, test r2: 0.5987333765390974
Training Results:
r2: 0.7243
rmse: 0.4158
mae: 0.3267
Validation Results:
r2: 0.6373
rmse: 0.5108
mae: 0.4057
Test Results:
r2: 0.5987
rmse: 0.4928
mae: 0.3834
5/51
train r2: 0.7551519372992712, valid r2: 0.6229502148242567, test r2: 0.6501877907469662
Training Results:
r2: 0.7552
rmse: 0.3931
mae: 0.3100
Validation Results:
r2: 0.6230
rmse: 0.5209
mae: 0.4235
Test Results:
r2: 0.6502
rmse: 0.4601
mae: 0.3698
6/51
train r2: 0.7836007378536287, valid r2: 0.6633481691879196, test r2: 0.5882510129743692
Training Results:
r2: 0.7836
rmse: 0.3691
mae: 0.2927
Validation Results:
r2: 0.6633
rmse: 0.4922
mae: 0.3897
Test Results:
r2: 0.5883
rmse: 0.4992
mae: 0.3780
7/51
train r2: 0.7356878398981113, valid r2: 0.5752192315707656, test r2: 0.6472692681741292
Training Results:
r2: 0.7357
rmse: 0.4088
mae: 0.3296
Validation Results:
r2: 0.5752
rmse: 0.5528
mae: 0.4463
Test Results:
r2: 0.6473
rmse: 0.4620
mae: 0.3603
8/51
train r2: 0.8704665507128324, valid r2: 0.6620757905019372, test r2: 0.6787130749487116
Training Results:
r2: 0.8705
rmse: 0.2861
mae: 0.2138
Validation Results:
r2: 0.6621
rmse: 0.4931
mae: 0.3878
Test Results:
r2: 0.6787
rmse: 0.4409
mae: 0.3427
9/51
train r2: 0.8610233007316467, valid r2: 0.6471951064930339, test r2: 0.6960294256445829
Training Results:
r2: 0.8610
rmse: 0.2952
mae: 0.2237
Validation Results:
r2: 0.6472
rmse: 0.5038
mae: 0.4042
Test Results:
r2: 0.6960
rmse: 0.4289
mae: 0.3379
10/51
train r2: 0.8989002970361344, valid r2: 0.6446964029958352, test r2: 0.6838586098417307
Training Results:
r2: 0.8989
rmse: 0.2521
mae: 0.1857
Validation Results:
r2: 0.6447
rmse: 0.5056
mae: 0.3928
Test Results:
r2: 0.6839
rmse: 0.4374
mae: 0.3336
11/51
train r2: 0.9165223392640692, valid r2: 0.6202856713318787, test r2: 0.716623644921681
Training Results:
r2: 0.9165
rmse: 0.2291
mae: 0.1713
Validation Results:
r2: 0.6203
rmse: 0.5227
mae: 0.4180
Test Results:
r2: 0.7166
rmse: 0.4141
mae: 0.3237
12/51
train r2: 0.9104838307558893, valid r2: 0.6100451623746694, test r2: 0.7264866631961929
Training Results:
r2: 0.9105
rmse: 0.2376
mae: 0.1776
Validation Results:
r2: 0.6100
rmse: 0.5297
mae: 0.4114
Test Results:
r2: 0.7265
rmse: 0.4068
mae: 0.3052
13/51
train r2: 0.9370019508655857, valid r2: 0.6787935174077182, test r2: 0.6843269012261328
Training Results:
r2: 0.9370
rmse: 0.1995
mae: 0.1516
Validation Results:
r2: 0.6788
rmse: 0.4807
mae: 0.3769
Test Results:
r2: 0.6843
rmse: 0.4371
mae: 0.3256
14/51
train r2: 0.9493705174820425, valid r2: 0.6438209315929524, test r2: 0.7264786164637963
Training Results:
r2: 0.9494
rmse: 0.1785
mae: 0.1303
Validation Results:
r2: 0.6438
rmse: 0.5062
mae: 0.4017
Test Results:
r2: 0.7265
rmse: 0.4068
mae: 0.3126
15/51
train r2: 0.9574639801145052, valid r2: 0.6743665636441312, test r2: 0.7079145791225324
Training Results:
r2: 0.9575
rmse: 0.1633
mae: 0.1226
Validation Results:
r2: 0.6744
rmse: 0.4840
mae: 0.3694
Test Results:
r2: 0.7079
rmse: 0.4204
mae: 0.3167
16/51
train r2: 0.9618160952944438, valid r2: 0.6502538247958569, test r2: 0.7281314707675631
Training Results:
r2: 0.9618
rmse: 0.1549
mae: 0.1136
Validation Results:
r2: 0.6503
rmse: 0.5016
mae: 0.3877
Test Results:
r2: 0.7281
rmse: 0.4056
mae: 0.3035
17/51
train r2: 0.9685295018686656, valid r2: 0.6642663482774316, test r2: 0.7124092671412907
Training Results:
r2: 0.9685
rmse: 0.1410
mae: 0.1042
Validation Results:
r2: 0.6643
rmse: 0.4915
mae: 0.3816
Test Results:
r2: 0.7124
rmse: 0.4172
mae: 0.3142
18/51
train r2: 0.9728551241237129, valid r2: 0.6616491147941927, test r2: 0.7300552616436737
Training Results:
r2: 0.9729
rmse: 0.1306
mae: 0.0972
Validation Results:
r2: 0.6616
rmse: 0.4934
mae: 0.3780
Test Results:
r2: 0.7301
rmse: 0.4042
mae: 0.2963
19/51
train r2: 0.9783360019702622, valid r2: 0.670010820924927, test r2: 0.7238465630424866
Training Results:
r2: 0.9783
rmse: 0.1162
mae: 0.0907
Validation Results:
r2: 0.6700
rmse: 0.4873
mae: 0.3744
Test Results:
r2: 0.7238
rmse: 0.4088
mae: 0.3024
20/51
train r2: 0.9886871635887189, valid r2: 0.6730557982272638, test r2: 0.7313647894008013
Training Results:
r2: 0.9887
rmse: 0.0840
mae: 0.0624
Validation Results:
r2: 0.6731
rmse: 0.4850
mae: 0.3751
Test Results:
r2: 0.7314
rmse: 0.4032
mae: 0.2999
21/51
train r2: 0.9840487080034718, valid r2: 0.6552424969132964, test r2: 0.7254884130152925
Training Results:
r2: 0.9840
rmse: 0.1001
mae: 0.0786
Validation Results:
r2: 0.6552
rmse: 0.4981
mae: 0.3825
Test Results:
r2: 0.7255
rmse: 0.4076
mae: 0.3044
22/51
train r2: 0.9931074035387836, valid r2: 0.6639587896162975, test r2: 0.7405977912097261
Training Results:
r2: 0.9931
rmse: 0.0659
mae: 0.0502
Validation Results:
r2: 0.6640
rmse: 0.4917
mae: 0.3737
Test Results:
r2: 0.7406
rmse: 0.3962
mae: 0.2976
23/51
train r2: 0.993128829780434, valid r2: 0.6689517261817759, test r2: 0.7262378317594602
Training Results:
r2: 0.9931
rmse: 0.0658
mae: 0.0492
Validation Results:
r2: 0.6690
rmse: 0.4881
mae: 0.3706
Test Results:
r2: 0.7262
rmse: 0.4070
mae: 0.2979
24/51
train r2: 0.9847097253352723, valid r2: 0.6368418712683204, test r2: 0.7270175913578623
Training Results:
r2: 0.9847
rmse: 0.0982
mae: 0.0807
Validation Results:
r2: 0.6368
rmse: 0.5112
mae: 0.3896
Test Results:
r2: 0.7270
rmse: 0.4064
mae: 0.3059
25/51
train r2: 0.9951552158236294, valid r2: 0.6701823118140131, test r2: 0.7381676291040363
Training Results:
r2: 0.9952
rmse: 0.0551
mae: 0.0412
Validation Results:
r2: 0.6702
rmse: 0.4871
mae: 0.3725
Test Results:
r2: 0.7382
rmse: 0.3981
mae: 0.2956
26/51
train r2: 0.9970453951643888, valid r2: 0.6564632817469689, test r2: 0.7349021802560309
Training Results:
r2: 0.9970
rmse: 0.0430
mae: 0.0323
Validation Results:
r2: 0.6565
rmse: 0.4972
mae: 0.3788
Test Results:
r2: 0.7349
rmse: 0.4005
mae: 0.3012
27/51
train r2: 0.9968874145084281, valid r2: 0.6615925041936408, test r2: 0.7348922264561661
Training Results:
r2: 0.9969
rmse: 0.0441
mae: 0.0312
Validation Results:
r2: 0.6616
rmse: 0.4934
mae: 0.3748
Test Results:
r2: 0.7349
rmse: 0.4005
mae: 0.3011
28/51
train r2: 0.9975600503167159, valid r2: 0.6605802446051066, test r2: 0.7393672010662817
Training Results:
r2: 0.9976
rmse: 0.0392
mae: 0.0289
Validation Results:
r2: 0.6606
rmse: 0.4942
mae: 0.3750
Test Results:
r2: 0.7394
rmse: 0.3971
mae: 0.2975
29/51
train r2: 0.9981603732554448, valid r2: 0.6545474346309288, test r2: 0.736051977322648
Training Results:
r2: 0.9982
rmse: 0.0340
mae: 0.0232
Validation Results:
r2: 0.6545
rmse: 0.4986
mae: 0.3777
Test Results:
r2: 0.7361
rmse: 0.3997
mae: 0.3022
30/51
train r2: 0.9984452335190631, valid r2: 0.6548431561137031, test r2: 0.7365333181265727
Training Results:
r2: 0.9984
rmse: 0.0313
mae: 0.0216
Validation Results:
r2: 0.6548
rmse: 0.4983
mae: 0.3770
Test Results:
r2: 0.7365
rmse: 0.3993
mae: 0.3009
31/51
train r2: 0.9987973532925194, valid r2: 0.6571128491505491, test r2: 0.7358540976543555
Training Results:
r2: 0.9988
rmse: 0.0275
mae: 0.0184
Validation Results:
r2: 0.6571
rmse: 0.4967
mae: 0.3788
Test Results:
r2: 0.7359
rmse: 0.3998
mae: 0.2984
32/51
train r2: 0.998823908096335, valid r2: 0.6572401127126197, test r2: 0.7380328494460178
Training Results:
r2: 0.9988
rmse: 0.0272
mae: 0.0168
Validation Results:
r2: 0.6572
rmse: 0.4966
mae: 0.3761
Test Results:
r2: 0.7380
rmse: 0.3982
mae: 0.2983
33/51
train r2: 0.9990581479842473, valid r2: 0.6584260546302549, test r2: 0.7381872974568382
Training Results:
r2: 0.9991
rmse: 0.0243
mae: 0.0163
Validation Results:
r2: 0.6584
rmse: 0.4958
mae: 0.3761
Test Results:
r2: 0.7382
rmse: 0.3980
mae: 0.3010
break!
train: 0.9370, val: 0.6788, test: 0.6843
end_test_result: (0.6843269012261328, 0.4370688498020172, 0.3256368935108185)
args.seed: 2034
use label scaler
use label scaler
use label scaler
model have 90.143705M paramerters in total
train_dataset.mean: tensor([-6.1769]) train_dataset.std: tensor([0.7930])
1/51
train r2: 0.30105475141973537, valid r2: 0.23538924977664555, test r2: 0.2593735358422824
Training Results:
r2: 0.3011
rmse: 0.6620
mae: 0.5443
Validation Results:
r2: 0.2354
rmse: 0.7417
mae: 0.6175
Test Results:
r2: 0.2594
rmse: 0.6695
mae: 0.5673
2/51
train r2: 0.5533082545968584, valid r2: 0.4709229732048551, test r2: 0.4847536937733278
Training Results:
r2: 0.5533
rmse: 0.5291
mae: 0.4258
Validation Results:
r2: 0.4709
rmse: 0.6170
mae: 0.5058
Test Results:
r2: 0.4848
rmse: 0.5584
mae: 0.4705
3/51
train r2: 0.4645052307889108, valid r2: 0.33959682861362395, test r2: 0.4128224067385836
Training Results:
r2: 0.4645
rmse: 0.5787
mae: 0.4574
Validation Results:
r2: 0.3396
rmse: 0.6893
mae: 0.5397
Test Results:
r2: 0.4128
rmse: 0.5961
mae: 0.4802
4/51
train r2: 0.7289346801063354, valid r2: 0.6122521259252007, test r2: 0.693985300846837
Training Results:
r2: 0.7289
rmse: 0.4122
mae: 0.3104
Validation Results:
r2: 0.6123
rmse: 0.5282
mae: 0.4159
Test Results:
r2: 0.6940
rmse: 0.4303
mae: 0.3334
5/51
train r2: 0.6716423255696963, valid r2: 0.5123483893546339, test r2: 0.5028919395320102
Training Results:
r2: 0.6716
rmse: 0.4555
mae: 0.3633
Validation Results:
r2: 0.5123
rmse: 0.5923
mae: 0.4539
Test Results:
r2: 0.5029
rmse: 0.5485
mae: 0.4391
6/51
train r2: 0.8123024786998514, valid r2: 0.6604567837537467, test r2: 0.7249162101894601
Training Results:
r2: 0.8123
rmse: 0.3420
mae: 0.2606
Validation Results:
r2: 0.6605
rmse: 0.4943
mae: 0.3907
Test Results:
r2: 0.7249
rmse: 0.4080
mae: 0.3162
7/51
train r2: 0.8110317295282479, valid r2: 0.6288161627811377, test r2: 0.6725884126166959
Training Results:
r2: 0.8110
rmse: 0.3456
mae: 0.2578
Validation Results:
r2: 0.6288
rmse: 0.5168
mae: 0.4141
Test Results:
r2: 0.6726
rmse: 0.4451
mae: 0.3467
8/51
train r2: 0.8633710680373153, valid r2: 0.648963937121635, test r2: 0.7218496957361384
Training Results:
r2: 0.8634
rmse: 0.2940
mae: 0.2196
Validation Results:
r2: 0.6490
rmse: 0.5026
mae: 0.3926
Test Results:
r2: 0.7218
rmse: 0.4103
mae: 0.3058
9/51
train r2: 0.8497659896633226, valid r2: 0.7085276891061746, test r2: 0.7119437340683437
Training Results:
r2: 0.8498
rmse: 0.3073
mae: 0.2349
Validation Results:
r2: 0.7085
rmse: 0.4580
mae: 0.3560
Test Results:
r2: 0.7119
rmse: 0.4175
mae: 0.3223
10/51
train r2: 0.8104391481944556, valid r2: 0.6244188485676783, test r2: 0.6102438949999602
Training Results:
r2: 0.8104
rmse: 0.3452
mae: 0.2769
Validation Results:
r2: 0.6244
rmse: 0.5198
mae: 0.4076
Test Results:
r2: 0.6102
rmse: 0.4857
mae: 0.4155
11/51
train r2: 0.8604346040159484, valid r2: 0.6729816988941879, test r2: 0.6347248657828741
Training Results:
r2: 0.8604
rmse: 0.2962
mae: 0.2389
Validation Results:
r2: 0.6730
rmse: 0.4851
mae: 0.3854
Test Results:
r2: 0.6347
rmse: 0.4702
mae: 0.3872
12/51
train r2: 0.929339278531612, valid r2: 0.695895648988901, test r2: 0.7224358941741065
Training Results:
r2: 0.9293
rmse: 0.2095
mae: 0.1587
Validation Results:
r2: 0.6959
rmse: 0.4678
mae: 0.3652
Test Results:
r2: 0.7224
rmse: 0.4098
mae: 0.3169
13/51
train r2: 0.9213892744367982, valid r2: 0.645520313930962, test r2: 0.7198162928659451
Training Results:
r2: 0.9214
rmse: 0.2219
mae: 0.1641
Validation Results:
r2: 0.6455
rmse: 0.5050
mae: 0.3892
Test Results:
r2: 0.7198
rmse: 0.4118
mae: 0.2975
14/51
train r2: 0.9323014271159875, valid r2: 0.6911371074429584, test r2: 0.7046904939114513
Training Results:
r2: 0.9323
rmse: 0.2070
mae: 0.1564
Validation Results:
r2: 0.6911
rmse: 0.4714
mae: 0.3641
Test Results:
r2: 0.7047
rmse: 0.4227
mae: 0.3045
15/51
train r2: 0.9564821994991245, valid r2: 0.6810270042840995, test r2: 0.7716736635900191
Training Results:
r2: 0.9565
rmse: 0.1655
mae: 0.1236
Validation Results:
r2: 0.6810
rmse: 0.4791
mae: 0.3663
Test Results:
r2: 0.7717
rmse: 0.3717
mae: 0.2875
16/51
train r2: 0.9699470489144835, valid r2: 0.7017571340356763, test r2: 0.7870743591215679
Training Results:
r2: 0.9699
rmse: 0.1377
mae: 0.1057
Validation Results:
r2: 0.7018
rmse: 0.4632
mae: 0.3569
Test Results:
r2: 0.7871
rmse: 0.3590
mae: 0.2735
17/51
train r2: 0.9765561861817151, valid r2: 0.6887916078064942, test r2: 0.7831166013199384
Training Results:
r2: 0.9766
rmse: 0.1212
mae: 0.0931
Validation Results:
r2: 0.6888
rmse: 0.4732
mae: 0.3694
Test Results:
r2: 0.7831
rmse: 0.3623
mae: 0.2681
18/51
train r2: 0.9762092683815145, valid r2: 0.6985581689278395, test r2: 0.7475425477438338
Training Results:
r2: 0.9762
rmse: 0.1225
mae: 0.0912
Validation Results:
r2: 0.6986
rmse: 0.4657
mae: 0.3623
Test Results:
r2: 0.7475
rmse: 0.3909
mae: 0.2899
19/51
train r2: 0.9782098979330981, valid r2: 0.6842773355827872, test r2: 0.7737092908095472
Training Results:
r2: 0.9782
rmse: 0.1173
mae: 0.0914
Validation Results:
r2: 0.6843
rmse: 0.4766
mae: 0.3658
Test Results:
r2: 0.7737
rmse: 0.3701
mae: 0.2744
20/51
train r2: 0.9841333334964604, valid r2: 0.6750899649562505, test r2: 0.7661120952742736
Training Results:
r2: 0.9841
rmse: 0.0995
mae: 0.0763
Validation Results:
r2: 0.6751
rmse: 0.4835
mae: 0.3737
Test Results:
r2: 0.7661
rmse: 0.3762
mae: 0.2823
21/51
train r2: 0.9878516849447901, valid r2: 0.6897132370643184, test r2: 0.7802139295889541
Training Results:
r2: 0.9879
rmse: 0.0871
mae: 0.0677
Validation Results:
r2: 0.6897
rmse: 0.4725
mae: 0.3694
Test Results:
r2: 0.7802
rmse: 0.3647
mae: 0.2696
22/51
train r2: 0.9879292497511302, valid r2: 0.6705685609902938, test r2: 0.7731894911566111
Training Results:
r2: 0.9879
rmse: 0.0874
mae: 0.0679
Validation Results:
r2: 0.6706
rmse: 0.4869
mae: 0.3709
Test Results:
r2: 0.7732
rmse: 0.3705
mae: 0.2729
23/51
train r2: 0.9921429088081312, valid r2: 0.6905452026513591, test r2: 0.7737076091834687
Training Results:
r2: 0.9921
rmse: 0.0703
mae: 0.0538
Validation Results:
r2: 0.6905
rmse: 0.4719
mae: 0.3595
Test Results:
r2: 0.7737
rmse: 0.3701
mae: 0.2779
24/51
train r2: 0.9937751210810692, valid r2: 0.6797848487876497, test r2: 0.7812975116191223
Training Results:
r2: 0.9938
rmse: 0.0626
mae: 0.0471
Validation Results:
r2: 0.6798
rmse: 0.4800
mae: 0.3691
Test Results:
r2: 0.7813
rmse: 0.3638
mae: 0.2728
25/51
train r2: 0.9950845577852719, valid r2: 0.679033426047146, test r2: 0.7671651549609536
Training Results:
r2: 0.9951
rmse: 0.0557
mae: 0.0416
Validation Results:
r2: 0.6790
rmse: 0.4806
mae: 0.3672
Test Results:
r2: 0.7672
rmse: 0.3754
mae: 0.2773
26/51
train r2: 0.996644336574713, valid r2: 0.6876062874633337, test r2: 0.7738274291210514
Training Results:
r2: 0.9966
rmse: 0.0459
mae: 0.0335
Validation Results:
r2: 0.6876
rmse: 0.4741
mae: 0.3629
Test Results:
r2: 0.7738
rmse: 0.3700
mae: 0.2750
27/51
train r2: 0.9971054872090296, valid r2: 0.687078898192637, test r2: 0.7753077745586658
Training Results:
r2: 0.9971
rmse: 0.0427
mae: 0.0319
Validation Results:
r2: 0.6871
rmse: 0.4745
mae: 0.3673
Test Results:
r2: 0.7753
rmse: 0.3687
mae: 0.2724
28/51
train r2: 0.9976887857046538, valid r2: 0.6830902244304308, test r2: 0.7728585404741768
Training Results:
r2: 0.9977
rmse: 0.0382
mae: 0.0265
Validation Results:
r2: 0.6831
rmse: 0.4775
mae: 0.3655
Test Results:
r2: 0.7729
rmse: 0.3707
mae: 0.2755
29/51
train r2: 0.9983091316090867, valid r2: 0.6822955421898464, test r2: 0.77523763149248
Training Results:
r2: 0.9983
rmse: 0.0327
mae: 0.0232
Validation Results:
r2: 0.6823
rmse: 0.4781
mae: 0.3657
Test Results:
r2: 0.7752
rmse: 0.3688
mae: 0.2764
break!
train: 0.8498, val: 0.7085, test: 0.7119
end_test_result: (0.7119437340683437, 0.4175127446651459, 0.32225552201271057)
args.seed: 2044
use label scaler
use label scaler
use label scaler
model have 90.143705M paramerters in total
train_dataset.mean: tensor([-6.1769]) train_dataset.std: tensor([0.7930])
1/51
train r2: 0.346863242878353, valid r2: 0.23577494049595638, test r2: 0.25656636554264656
Training Results:
r2: 0.3469
rmse: 0.6420
mae: 0.5395
Validation Results:
r2: 0.2358
rmse: 0.7415
mae: 0.6413
Test Results:
r2: 0.2566
rmse: 0.6707
mae: 0.5725
2/51
train r2: 0.5779524371722848, valid r2: 0.4099938053423119, test r2: 0.5106734389634217
Training Results:
r2: 0.5780
rmse: 0.5167
mae: 0.4118
Validation Results:
r2: 0.4100
rmse: 0.6516
mae: 0.5334
Test Results:
r2: 0.5107
rmse: 0.5442
mae: 0.4451
3/51
train r2: 0.677698098071626, valid r2: 0.4456676249543804, test r2: 0.537280486694043
Training Results:
r2: 0.6777
rmse: 0.4515
mae: 0.3513
Validation Results:
r2: 0.4457
rmse: 0.6315
mae: 0.4899
Test Results:
r2: 0.5373
rmse: 0.5292
mae: 0.4245
4/51
train r2: 0.5688936983484546, valid r2: 0.453284987878692, test r2: 0.5186021464020667
Training Results:
r2: 0.5689
rmse: 0.5208
mae: 0.4111
Validation Results:
r2: 0.4533
rmse: 0.6272
mae: 0.5175
Test Results:
r2: 0.5186
rmse: 0.5397
mae: 0.4419
5/51
train r2: 0.7278249042100954, valid r2: 0.5653465723305815, test r2: 0.6512636217014378
Training Results:
r2: 0.7278
rmse: 0.4139
mae: 0.3149
Validation Results:
r2: 0.5653
rmse: 0.5592
mae: 0.4596
Test Results:
r2: 0.6513
rmse: 0.4594
mae: 0.3577
6/51
train r2: 0.7894726981062918, valid r2: 0.5072216807901373, test r2: 0.6514864052443774
Training Results:
r2: 0.7895
rmse: 0.3620
mae: 0.2741
Validation Results:
r2: 0.5072
rmse: 0.5955
mae: 0.4828
Test Results:
r2: 0.6515
rmse: 0.4592
mae: 0.3497
7/51
train r2: 0.8076655421881892, valid r2: 0.6158913165711788, test r2: 0.6740597562071206
Training Results:
r2: 0.8077
rmse: 0.3463
mae: 0.2586
Validation Results:
r2: 0.6159
rmse: 0.5257
mae: 0.4273
Test Results:
r2: 0.6741
rmse: 0.4441
mae: 0.3246
8/51
train r2: 0.8417162597520508, valid r2: 0.5369685758692979, test r2: 0.6848530691338903
Training Results:
r2: 0.8417
rmse: 0.3157
mae: 0.2386
Validation Results:
r2: 0.5370
rmse: 0.5772
mae: 0.4565
Test Results:
r2: 0.6849
rmse: 0.4367
mae: 0.3441
9/51
train r2: 0.8676007940053473, valid r2: 0.6404626742719695, test r2: 0.7000877405630679
Training Results:
r2: 0.8676
rmse: 0.2884
mae: 0.2198
Validation Results:
r2: 0.6405
rmse: 0.5086
mae: 0.4085
Test Results:
r2: 0.7001
rmse: 0.4260
mae: 0.3289
10/51
train r2: 0.8981725677536571, valid r2: 0.6101412678135073, test r2: 0.6837368713145948
Training Results:
r2: 0.8982
rmse: 0.2528
mae: 0.1848
Validation Results:
r2: 0.6101
rmse: 0.5296
mae: 0.4180
Test Results:
r2: 0.6837
rmse: 0.4375
mae: 0.3264
11/51
train r2: 0.9108360080391494, valid r2: 0.5641786687169623, test r2: 0.6739032219400543
Training Results:
r2: 0.9108
rmse: 0.2364
mae: 0.1740
Validation Results:
r2: 0.5642
rmse: 0.5600
mae: 0.4373
Test Results:
r2: 0.6739
rmse: 0.4442
mae: 0.3368
12/51
train r2: 0.9207992193143905, valid r2: 0.5881673204667833, test r2: 0.7098963406632475
Training Results:
r2: 0.9208
rmse: 0.2221
mae: 0.1657
Validation Results:
r2: 0.5882
rmse: 0.5444
mae: 0.4228
Test Results:
r2: 0.7099
rmse: 0.4190
mae: 0.3327
13/51
train r2: 0.925954706250693, valid r2: 0.5542529701592871, test r2: 0.7144211257203416
Training Results:
r2: 0.9260
rmse: 0.2163
mae: 0.1664
Validation Results:
r2: 0.5543
rmse: 0.5663
mae: 0.4466
Test Results:
r2: 0.7144
rmse: 0.4157
mae: 0.3253
14/51
train r2: 0.948489029672445, valid r2: 0.5847410192983803, test r2: 0.735818521158456
Training Results:
r2: 0.9485
rmse: 0.1802
mae: 0.1307
Validation Results:
r2: 0.5847
rmse: 0.5466
mae: 0.4255
Test Results:
r2: 0.7358
rmse: 0.3998
mae: 0.3023
15/51
train r2: 0.964908165246299, valid r2: 0.5833746624126223, test r2: 0.7642325935417952
Training Results:
r2: 0.9649
rmse: 0.1487
mae: 0.1106
Validation Results:
r2: 0.5834
rmse: 0.5475
mae: 0.4263
Test Results:
r2: 0.7642
rmse: 0.3777
mae: 0.2805
16/51
train r2: 0.9638745115697638, valid r2: 0.5795336886976552, test r2: 0.7389002541550364
Training Results:
r2: 0.9639
rmse: 0.1512
mae: 0.1125
Validation Results:
r2: 0.5795
rmse: 0.5500
mae: 0.4276
Test Results:
r2: 0.7389
rmse: 0.3975
mae: 0.2978
17/51
train r2: 0.9733528040487502, valid r2: 0.580532696755147, test r2: 0.7463864557089086
Training Results:
r2: 0.9734
rmse: 0.1295
mae: 0.0976
Validation Results:
r2: 0.5805
rmse: 0.5494
mae: 0.4278
Test Results:
r2: 0.7464
rmse: 0.3918
mae: 0.2952
18/51
train r2: 0.9784073718054885, valid r2: 0.555104940116637, test r2: 0.7590596733328199
Training Results:
r2: 0.9784
rmse: 0.1157
mae: 0.0840
Validation Results:
r2: 0.5551
rmse: 0.5658
mae: 0.4437
Test Results:
r2: 0.7591
rmse: 0.3818
mae: 0.2961
19/51
train r2: 0.9844955250813897, valid r2: 0.5650087885481694, test r2: 0.7554428309948993
Training Results:
r2: 0.9845
rmse: 0.0987
mae: 0.0730
Validation Results:
r2: 0.5650
rmse: 0.5594
mae: 0.4338
Test Results:
r2: 0.7554
rmse: 0.3847
mae: 0.2854
20/51
train r2: 0.9867472113517313, valid r2: 0.5685575891838232, test r2: 0.7507089176724645
Training Results:
r2: 0.9867
rmse: 0.0912
mae: 0.0721
Validation Results:
r2: 0.5686
rmse: 0.5572
mae: 0.4286
Test Results:
r2: 0.7507
rmse: 0.3884
mae: 0.2986
21/51
train r2: 0.9912638376780235, valid r2: 0.5812068862887138, test r2: 0.7465516071074807
Training Results:
r2: 0.9913
rmse: 0.0741
mae: 0.0564
Validation Results:
r2: 0.5812
rmse: 0.5489
mae: 0.4231
Test Results:
r2: 0.7466
rmse: 0.3916
mae: 0.2975
22/51
train r2: 0.9911358186342462, valid r2: 0.561315494945406, test r2: 0.7577646899484953
Training Results:
r2: 0.9911
rmse: 0.0748
mae: 0.0548
Validation Results:
r2: 0.5613
rmse: 0.5618
mae: 0.4352
Test Results:
r2: 0.7578
rmse: 0.3829
mae: 0.2908
23/51
train r2: 0.9936458308453616, valid r2: 0.5717471076487941, test r2: 0.7584088509399599
Training Results:
r2: 0.9936
rmse: 0.0628
mae: 0.0481
Validation Results:
r2: 0.5717
rmse: 0.5551
mae: 0.4333
Test Results:
r2: 0.7584
rmse: 0.3824
mae: 0.2915
24/51
train r2: 0.9936183298386403, valid r2: 0.5587769713004315, test r2: 0.7530889425381323
Training Results:
r2: 0.9936
rmse: 0.0636
mae: 0.0488
Validation Results:
r2: 0.5588
rmse: 0.5634
mae: 0.4325
Test Results:
r2: 0.7531
rmse: 0.3865
mae: 0.2987
25/51
train r2: 0.9956313876591999, valid r2: 0.5609429962794206, test r2: 0.7593207336342012
Training Results:
r2: 0.9956
rmse: 0.0524
mae: 0.0391
Validation Results:
r2: 0.5609
rmse: 0.5621
mae: 0.4335
Test Results:
r2: 0.7593
rmse: 0.3816
mae: 0.2907
26/51
train r2: 0.9961722646508153, valid r2: 0.5665818759313888, test r2: 0.7567376729731233
Training Results:
r2: 0.9962
rmse: 0.0492
mae: 0.0376
Validation Results:
r2: 0.5666
rmse: 0.5584
mae: 0.4312
Test Results:
r2: 0.7567
rmse: 0.3837
mae: 0.2888
27/51
train r2: 0.997530753684958, valid r2: 0.5654790605868523, test r2: 0.7541410883010342
Training Results:
r2: 0.9975
rmse: 0.0393
mae: 0.0281
Validation Results:
r2: 0.5655
rmse: 0.5591
mae: 0.4315
Test Results:
r2: 0.7541
rmse: 0.3857
mae: 0.2973
28/51
train r2: 0.9979642176817966, valid r2: 0.5643615477323538, test r2: 0.757151701708204
Training Results:
r2: 0.9980
rmse: 0.0357
mae: 0.0266
Validation Results:
r2: 0.5644
rmse: 0.5599
mae: 0.4320
Test Results:
r2: 0.7572
rmse: 0.3834
mae: 0.2925
29/51
train r2: 0.9983012450369326, valid r2: 0.5680750485166738, test r2: 0.7542568067104821
Training Results:
r2: 0.9983
rmse: 0.0326
mae: 0.0241
Validation Results:
r2: 0.5681
rmse: 0.5575
mae: 0.4254
Test Results:
r2: 0.7543
rmse: 0.3856
mae: 0.2954
break!
train: 0.8676, val: 0.6405, test: 0.7001
end_test_result: (0.7000877405630679, 0.42601820826530457, 0.3288727104663849)
args.seed: 2054
use label scaler
use label scaler
use label scaler
model have 90.143705M paramerters in total
train_dataset.mean: tensor([-6.1769]) train_dataset.std: tensor([0.7930])
1/51
train r2: 0.2960410097232353, valid r2: 0.2377253030810138, test r2: 0.25502368710025336
Training Results:
r2: 0.2960
rmse: 0.6636
mae: 0.5625
Validation Results:
r2: 0.2377
rmse: 0.7406
mae: 0.6500
Test Results:
r2: 0.2550
rmse: 0.6714
mae: 0.5825
2/51
train r2: 0.575698082640132, valid r2: 0.3690232965221031, test r2: 0.43202419929114577
Training Results:
r2: 0.5757
rmse: 0.5137
mae: 0.4048
Validation Results:
r2: 0.3690
rmse: 0.6738
mae: 0.5441
Test Results:
r2: 0.4320
rmse: 0.5863
mae: 0.4830
3/51
train r2: 0.6993418743843038, valid r2: 0.5200720433855754, test r2: 0.6513535198802353
Training Results:
r2: 0.6993
rmse: 0.4361
mae: 0.3360
Validation Results:
r2: 0.5201
rmse: 0.5876
mae: 0.4674
Test Results:
r2: 0.6514
rmse: 0.4593
mae: 0.3737
4/51
train r2: 0.7089430232264433, valid r2: 0.5262134769695839, test r2: 0.6393318418260139
Training Results:
r2: 0.7089
rmse: 0.4264
mae: 0.3284
Validation Results:
r2: 0.5262
rmse: 0.5839
mae: 0.4725
Test Results:
r2: 0.6393
rmse: 0.4672
mae: 0.3779
5/51
train r2: 0.7911299243386835, valid r2: 0.655689776787306, test r2: 0.6438714342419085
Training Results:
r2: 0.7911
rmse: 0.3617
mae: 0.2736
Validation Results:
r2: 0.6557
rmse: 0.4977
mae: 0.3978
Test Results:
r2: 0.6439
rmse: 0.4642
mae: 0.3476
6/51
train r2: 0.7859314192107575, valid r2: 0.5718795430605239, test r2: 0.645692125127952
Training Results:
r2: 0.7859
rmse: 0.3672
mae: 0.2802
Validation Results:
r2: 0.5719
rmse: 0.5550
mae: 0.4582
Test Results:
r2: 0.6457
rmse: 0.4630
mae: 0.3688
7/51
train r2: 0.8103704463123613, valid r2: 0.620927235483792, test r2: 0.7179862510260985
Training Results:
r2: 0.8104
rmse: 0.3464
mae: 0.2580
Validation Results:
r2: 0.6209
rmse: 0.5223
mae: 0.4175
Test Results:
r2: 0.7180
rmse: 0.4131
mae: 0.3160
8/51
train r2: 0.8695982971800118, valid r2: 0.6372348733480074, test r2: 0.7328999477514595
Training Results:
r2: 0.8696
rmse: 0.2859
mae: 0.2164
Validation Results:
r2: 0.6372
rmse: 0.5109
mae: 0.3982
Test Results:
r2: 0.7329
rmse: 0.4020
mae: 0.3056
9/51
train r2: 0.8701649512751296, valid r2: 0.6040789813614329, test r2: 0.7272701291724826
Training Results:
r2: 0.8702
rmse: 0.2860
mae: 0.2141
Validation Results:
r2: 0.6041
rmse: 0.5337
mae: 0.4311
Test Results:
r2: 0.7273
rmse: 0.4063
mae: 0.3109
10/51
train r2: 0.864108451228824, valid r2: 0.5758095223393944, test r2: 0.7178939646844071
Training Results:
r2: 0.8641
rmse: 0.2916
mae: 0.2255
Validation Results:
r2: 0.5758
rmse: 0.5525
mae: 0.4412
Test Results:
r2: 0.7179
rmse: 0.4132
mae: 0.3163
11/51
train r2: 0.8695317319526189, valid r2: 0.5897341777783851, test r2: 0.6702177843388819
Training Results:
r2: 0.8695
rmse: 0.2862
mae: 0.2231
Validation Results:
r2: 0.5897
rmse: 0.5433
mae: 0.4183
Test Results:
r2: 0.6702
rmse: 0.4467
mae: 0.3508
12/51
train r2: 0.9129882051334592, valid r2: 0.6274150718165485, test r2: 0.7188714635142828
Training Results:
r2: 0.9130
rmse: 0.2331
mae: 0.1782
Validation Results:
r2: 0.6274
rmse: 0.5178
mae: 0.4049
Test Results:
r2: 0.7189
rmse: 0.4125
mae: 0.3196
13/51
train r2: 0.9430810531971129, valid r2: 0.6229315091805798, test r2: 0.7442904879852767
Training Results:
r2: 0.9431
rmse: 0.1890
mae: 0.1422
Validation Results:
r2: 0.6229
rmse: 0.5209
mae: 0.4059
Test Results:
r2: 0.7443
rmse: 0.3934
mae: 0.3110
14/51
train r2: 0.9472686647677677, valid r2: 0.6722153492157068, test r2: 0.7182054390835724
Training Results:
r2: 0.9473
rmse: 0.1823
mae: 0.1309
Validation Results:
r2: 0.6722
rmse: 0.4856
mae: 0.3739
Test Results:
r2: 0.7182
rmse: 0.4129
mae: 0.2979
15/51
train r2: 0.9651515617633224, valid r2: 0.6390943157926918, test r2: 0.7276331967835199
Training Results:
r2: 0.9652
rmse: 0.1483
mae: 0.1071
Validation Results:
r2: 0.6391
rmse: 0.5096
mae: 0.3983
Test Results:
r2: 0.7276
rmse: 0.4060
mae: 0.3046
16/51
train r2: 0.9681928737767219, valid r2: 0.6261210241197613, test r2: 0.7333861647018456
Training Results:
r2: 0.9682
rmse: 0.1414
mae: 0.1109
Validation Results:
r2: 0.6261
rmse: 0.5187
mae: 0.4049
Test Results:
r2: 0.7334
rmse: 0.4017
mae: 0.3016
17/51
train r2: 0.9763831211818923, valid r2: 0.6699301877242757, test r2: 0.7269706612945184
Training Results:
r2: 0.9764
rmse: 0.1213
mae: 0.0929
Validation Results:
r2: 0.6699
rmse: 0.4873
mae: 0.3762
Test Results:
r2: 0.7270
rmse: 0.4065
mae: 0.3000
18/51
train r2: 0.9827301843086195, valid r2: 0.61714581387817, test r2: 0.7233791732395961
Training Results:
r2: 0.9827
rmse: 0.1042
mae: 0.0761
Validation Results:
r2: 0.6171
rmse: 0.5249
mae: 0.4116
Test Results:
r2: 0.7234
rmse: 0.4091
mae: 0.3036
19/51
train r2: 0.9878118193022505, valid r2: 0.6515040525815177, test r2: 0.7307709578773351
Training Results:
r2: 0.9878
rmse: 0.0878
mae: 0.0672
Validation Results:
r2: 0.6515
rmse: 0.5007
mae: 0.3798
Test Results:
r2: 0.7308
rmse: 0.4036
mae: 0.2937
20/51
train r2: 0.9913968857284252, valid r2: 0.6380837987259063, test r2: 0.7236604469797798
Training Results:
r2: 0.9914
rmse: 0.0738
mae: 0.0544
Validation Results:
r2: 0.6381
rmse: 0.5103
mae: 0.3923
Test Results:
r2: 0.7237
rmse: 0.4089
mae: 0.3075
21/51
train r2: 0.9921188926574501, valid r2: 0.6488817948979091, test r2: 0.7307241570497245
Training Results:
r2: 0.9921
rmse: 0.0704
mae: 0.0550
Validation Results:
r2: 0.6489
rmse: 0.5026
mae: 0.3905
Test Results:
r2: 0.7307
rmse: 0.4037
mae: 0.2918
22/51
train r2: 0.9940315997665957, valid r2: 0.6312189443996026, test r2: 0.735245870043282
Training Results:
r2: 0.9940
rmse: 0.0612
mae: 0.0460
Validation Results:
r2: 0.6312
rmse: 0.5151
mae: 0.3973
Test Results:
r2: 0.7352
rmse: 0.4003
mae: 0.3000
23/51
train r2: 0.993744789266926, valid r2: 0.6559923180896019, test r2: 0.725189210528081
Training Results:
r2: 0.9937
rmse: 0.0628
mae: 0.0498
Validation Results:
r2: 0.6560
rmse: 0.4975
mae: 0.3852
Test Results:
r2: 0.7252
rmse: 0.4078
mae: 0.3024
24/51
train r2: 0.9967842507714871, valid r2: 0.6436344950710036, test r2: 0.7282505494188721
Training Results:
r2: 0.9968
rmse: 0.0449
mae: 0.0330
Validation Results:
r2: 0.6436
rmse: 0.5064
mae: 0.3908
Test Results:
r2: 0.7283
rmse: 0.4055
mae: 0.3024
25/51
train r2: 0.9973356296077186, valid r2: 0.6483729533931377, test r2: 0.7323814273583378
Training Results:
r2: 0.9973
rmse: 0.0410
mae: 0.0310
Validation Results:
r2: 0.6484
rmse: 0.5030
mae: 0.3888
Test Results:
r2: 0.7324
rmse: 0.4024
mae: 0.3017
26/51
train r2: 0.9976441633611731, valid r2: 0.6470166976189965, test r2: 0.7337491313732916
Training Results:
r2: 0.9976
rmse: 0.0383
mae: 0.0282
Validation Results:
r2: 0.6470
rmse: 0.5040
mae: 0.3876
Test Results:
r2: 0.7337
rmse: 0.4014
mae: 0.2970
27/51
train r2: 0.9978712847306622, valid r2: 0.6328937578806686, test r2: 0.7317552438931353
Training Results:
r2: 0.9979
rmse: 0.0366
mae: 0.0254
Validation Results:
r2: 0.6329
rmse: 0.5139
mae: 0.3967
Test Results:
r2: 0.7318
rmse: 0.4029
mae: 0.3002
28/51
train r2: 0.9983652766047172, valid r2: 0.6434695434398723, test r2: 0.7284282034128332
Training Results:
r2: 0.9984
rmse: 0.0321
mae: 0.0225
Validation Results:
r2: 0.6435
rmse: 0.5065
mae: 0.3910
Test Results:
r2: 0.7284
rmse: 0.4054
mae: 0.3037
29/51
train r2: 0.9982760534201189, valid r2: 0.6325531921459492, test r2: 0.7271909826246821
Training Results:
r2: 0.9983
rmse: 0.0329
mae: 0.0231
Validation Results:
r2: 0.6326
rmse: 0.5142
mae: 0.3946
Test Results:
r2: 0.7272
rmse: 0.4063
mae: 0.3024
30/51
train r2: 0.9985509176338279, valid r2: 0.6401046160485364, test r2: 0.7295050855309441
Training Results:
r2: 0.9986
rmse: 0.0302
mae: 0.0209
Validation Results:
r2: 0.6401
rmse: 0.5089
mae: 0.3917
Test Results:
r2: 0.7295
rmse: 0.4046
mae: 0.3033
31/51
train r2: 0.9987805849074091, valid r2: 0.6393770060327644, test r2: 0.7348959910188458
Training Results:
r2: 0.9988
rmse: 0.0276
mae: 0.0198
Validation Results:
r2: 0.6394
rmse: 0.5094
mae: 0.3894
Test Results:
r2: 0.7349
rmse: 0.4005
mae: 0.3013
32/51
train r2: 0.9991734306672299, valid r2: 0.6414784805353366, test r2: 0.7346863543790558
Training Results:
r2: 0.9992
rmse: 0.0229
mae: 0.0145
Validation Results:
r2: 0.6415
rmse: 0.5079
mae: 0.3892
Test Results:
r2: 0.7347
rmse: 0.4007
mae: 0.2987
33/51
train r2: 0.9992717629720146, valid r2: 0.6413054702618665, test r2: 0.7333875697600734
Training Results:
r2: 0.9993
rmse: 0.0213
mae: 0.0132
Validation Results:
r2: 0.6413
rmse: 0.5080
mae: 0.3914
Test Results:
r2: 0.7334
rmse: 0.4017
mae: 0.3007
34/51
train r2: 0.999304259207489, valid r2: 0.6368241133372599, test r2: 0.7335544998386646
Training Results:
r2: 0.9993
rmse: 0.0208
mae: 0.0133
Validation Results:
r2: 0.6368
rmse: 0.5112
mae: 0.3929
Test Results:
r2: 0.7336
rmse: 0.4015
mae: 0.3018
break!
train: 0.9473, val: 0.6722, test: 0.7182
end_test_result: (0.7182054390835724, 0.41294988989830017, 0.29794690012931824)
args.seed: 2064
use label scaler
use label scaler
use label scaler
model have 90.143705M paramerters in total
train_dataset.mean: tensor([-6.1769]) train_dataset.std: tensor([0.7930])
1/51
train r2: 0.20311911237742197, valid r2: 0.16409011915546678, test r2: 0.18290911989310854
Training Results:
r2: 0.2031
rmse: 0.7087
mae: 0.5780
Validation Results:
r2: 0.1641
rmse: 0.7755
mae: 0.6553
Test Results:
r2: 0.1829
rmse: 0.7032
mae: 0.5928
2/51
train r2: 0.4536491306351419, valid r2: 0.43275935276734734, test r2: 0.3942634907179622
Training Results:
r2: 0.4536
rmse: 0.5855
mae: 0.4636
Validation Results:
r2: 0.4328
rmse: 0.6389
mae: 0.5342
Test Results:
r2: 0.3943
rmse: 0.6054
mae: 0.5015
3/51
train r2: 0.6846143114047043, valid r2: 0.5569813156767576, test r2: 0.5956486750335387
Training Results:
r2: 0.6846
rmse: 0.4440
mae: 0.3482
Validation Results:
r2: 0.5570
rmse: 0.5646
mae: 0.4592
Test Results:
r2: 0.5956
rmse: 0.4947
mae: 0.4027
4/51
train r2: 0.5118463187770113, valid r2: 0.3634137853152761, test r2: 0.4465095231422038
Training Results:
r2: 0.5118
rmse: 0.5551
mae: 0.4404
Validation Results:
r2: 0.3634
rmse: 0.6768
mae: 0.5643
Test Results:
r2: 0.4465
rmse: 0.5787
mae: 0.4713
5/51
train r2: 0.7724935053153539, valid r2: 0.6249233601574712, test r2: 0.6730634612355956
Training Results:
r2: 0.7725
rmse: 0.3786
mae: 0.2985
Validation Results:
r2: 0.6249
rmse: 0.5195
mae: 0.4185
Test Results:
r2: 0.6731
rmse: 0.4448
mae: 0.3493
6/51
train r2: 0.787606351905748, valid r2: 0.5860834797100685, test r2: 0.6643845838471603
Training Results:
r2: 0.7876
rmse: 0.3651
mae: 0.2807
Validation Results:
r2: 0.5861
rmse: 0.5457
mae: 0.4532
Test Results:
r2: 0.6644
rmse: 0.4507
mae: 0.3389
7/51
train r2: 0.8136807066663185, valid r2: 0.6943469460842395, test r2: 0.661101763541669
Training Results:
r2: 0.8137
rmse: 0.3429
mae: 0.2575
Validation Results:
r2: 0.6943
rmse: 0.4690
mae: 0.3730
Test Results:
r2: 0.6611
rmse: 0.4529
mae: 0.3410
8/51
train r2: 0.8704715446542773, valid r2: 0.6359297337787304, test r2: 0.6211276110189329
Training Results:
r2: 0.8705
rmse: 0.2852
mae: 0.2122
Validation Results:
r2: 0.6359
rmse: 0.5118
mae: 0.4077
Test Results:
r2: 0.6211
rmse: 0.4788
mae: 0.3776
9/51
train r2: 0.8900915361254655, valid r2: 0.6764471699281049, test r2: 0.6588348571807265
Training Results:
r2: 0.8901
rmse: 0.2629
mae: 0.1951
Validation Results:
r2: 0.6764
rmse: 0.4825
mae: 0.3861
Test Results:
r2: 0.6588
rmse: 0.4544
mae: 0.3375
10/51
train r2: 0.8953780224724611, valid r2: 0.6934260946121256, test r2: 0.6923984361081389
Training Results:
r2: 0.8954
rmse: 0.2572
mae: 0.1940
Validation Results:
r2: 0.6934
rmse: 0.4697
mae: 0.3798
Test Results:
r2: 0.6924
rmse: 0.4314
mae: 0.3324
11/51
train r2: 0.8355265386938233, valid r2: 0.543310280415696, test r2: 0.6182889702796549
Training Results:
r2: 0.8355
rmse: 0.3226
mae: 0.2463
Validation Results:
r2: 0.5433
rmse: 0.5732
mae: 0.4502
Test Results:
r2: 0.6183
rmse: 0.4806
mae: 0.3703
12/51
train r2: 0.9328500298494642, valid r2: 0.6281947471554612, test r2: 0.7015179544504809
Training Results:
r2: 0.9329
rmse: 0.2044
mae: 0.1532
Validation Results:
r2: 0.6282
rmse: 0.5172
mae: 0.4038
Test Results:
r2: 0.7015
rmse: 0.4250
mae: 0.3161
13/51
train r2: 0.9387934318093857, valid r2: 0.6313336933198246, test r2: 0.6924387512629782
Training Results:
r2: 0.9388
rmse: 0.1958
mae: 0.1448
Validation Results:
r2: 0.6313
rmse: 0.5150
mae: 0.4079
Test Results:
r2: 0.6924
rmse: 0.4314
mae: 0.3230
14/51
train r2: 0.9536585255171471, valid r2: 0.6508959283077838, test r2: 0.6694810115625895
Training Results:
r2: 0.9537
rmse: 0.1710
mae: 0.1280
Validation Results:
r2: 0.6509
rmse: 0.5012
mae: 0.3862
Test Results:
r2: 0.6695
rmse: 0.4472
mae: 0.3374
15/51
train r2: 0.963860086641006, valid r2: 0.6514364393909331, test r2: 0.699888497252058
Training Results:
r2: 0.9639
rmse: 0.1502
mae: 0.1108
Validation Results:
r2: 0.6514
rmse: 0.5008
mae: 0.3862
Test Results:
r2: 0.6999
rmse: 0.4262
mae: 0.3160
16/51
train r2: 0.9718521000294441, valid r2: 0.6489374230563673, test r2: 0.716602289423852
Training Results:
r2: 0.9719
rmse: 0.1328
mae: 0.1010
Validation Results:
r2: 0.6489
rmse: 0.5026
mae: 0.3944
Test Results:
r2: 0.7166
rmse: 0.4141
mae: 0.3067
17/51
train r2: 0.968324841583341, valid r2: 0.6352029423239288, test r2: 0.7019465271720382
Training Results:
r2: 0.9683
rmse: 0.1412
mae: 0.1096
Validation Results:
r2: 0.6352
rmse: 0.5123
mae: 0.3974
Test Results:
r2: 0.7019
rmse: 0.4247
mae: 0.3240
18/51
train r2: 0.98379374128704, valid r2: 0.6486114294787284, test r2: 0.7318993407913765
Training Results:
r2: 0.9838
rmse: 0.1006
mae: 0.0760
Validation Results:
r2: 0.6486
rmse: 0.5028
mae: 0.3889
Test Results:
r2: 0.7319
rmse: 0.4028
mae: 0.2998
19/51
train r2: 0.9767918745878853, valid r2: 0.6715718615707533, test r2: 0.7014800196870064
Training Results:
r2: 0.9768
rmse: 0.1211
mae: 0.0968
Validation Results:
r2: 0.6716
rmse: 0.4861
mae: 0.3737
Test Results:
r2: 0.7015
rmse: 0.4250
mae: 0.3079
20/51
train r2: 0.9876654801275595, valid r2: 0.6417548674536184, test r2: 0.7278548379025828
Training Results:
r2: 0.9877
rmse: 0.0882
mae: 0.0685
Validation Results:
r2: 0.6418
rmse: 0.5077
mae: 0.3940
Test Results:
r2: 0.7279
rmse: 0.4058
mae: 0.3005
21/51
train r2: 0.9911420606404232, valid r2: 0.662620902713222, test r2: 0.7289661594814691
Training Results:
r2: 0.9911
rmse: 0.0746
mae: 0.0575
Validation Results:
r2: 0.6626
rmse: 0.4927
mae: 0.3826
Test Results:
r2: 0.7290
rmse: 0.4050
mae: 0.3004
22/51
train r2: 0.9929811424754321, valid r2: 0.6539346615339806, test r2: 0.7291655951270923
Training Results:
r2: 0.9930
rmse: 0.0662
mae: 0.0517
Validation Results:
r2: 0.6539
rmse: 0.4990
mae: 0.3851
Test Results:
r2: 0.7292
rmse: 0.4048
mae: 0.3012
23/51
train r2: 0.9933768425883553, valid r2: 0.6481481918184746, test r2: 0.725358054242289
Training Results:
r2: 0.9934
rmse: 0.0645
mae: 0.0501
Validation Results:
r2: 0.6481
rmse: 0.5032
mae: 0.3913
Test Results:
r2: 0.7254
rmse: 0.4077
mae: 0.3072
24/51
train r2: 0.9952182858568314, valid r2: 0.6464717101699508, test r2: 0.7175043989912744
Training Results:
r2: 0.9952
rmse: 0.0549
mae: 0.0415
Validation Results:
r2: 0.6465
rmse: 0.5044
mae: 0.3919
Test Results:
r2: 0.7175
rmse: 0.4135
mae: 0.3095
25/51
train r2: 0.9957790383758219, valid r2: 0.6640688386894291, test r2: 0.7342951777439115
Training Results:
r2: 0.9958
rmse: 0.0517
mae: 0.0395
Validation Results:
r2: 0.6641
rmse: 0.4916
mae: 0.3802
Test Results:
r2: 0.7343
rmse: 0.4010
mae: 0.2957
26/51
train r2: 0.9973246581666981, valid r2: 0.6451578055595227, test r2: 0.7294686970977178
Training Results:
r2: 0.9973
rmse: 0.0409
mae: 0.0310
Validation Results:
r2: 0.6452
rmse: 0.5053
mae: 0.3936
Test Results:
r2: 0.7295
rmse: 0.4046
mae: 0.3014
27/51
train r2: 0.9980152994590205, valid r2: 0.6500816233811548, test r2: 0.7214002884921579
Training Results:
r2: 0.9980
rmse: 0.0353
mae: 0.0261
Validation Results:
r2: 0.6501
rmse: 0.5018
mae: 0.3910
Test Results:
r2: 0.7214
rmse: 0.4106
mae: 0.3082
break!
train: 0.8137, val: 0.6943, test: 0.6611
end_test_result: (0.661101763541669, 0.45286181569099426, 0.3409903049468994)
Time used on CycPept_Caco2: 0:24:19
