nohup: ignoring input
Current seed: 2024, current split method: Perimeter, current task: PAMPA1
Namespace(seed=2024, times=5, n_epochs=100, config='base', model_path='../models/pretrained/base/base.pth', dataset='PAMPA1', data_path='../datasets/', dataset_type='regression', use_scaler=True, metric=['r2', 'rmse', 'mae'], split='Perimeter_2024', weight_decay=0.0, dropout=0.0, lr=3e-05, n_threads=8)
args.seed: 2024
use label scaler
use label scaler
use label scaler
model have 90.143705M paramerters in total
train_dataset.mean: tensor([-5.6600]) train_dataset.std: tensor([0.9700])
1/101
train r2: 0.32124029235450935, valid r2: -0.08990226815503544, test r2: 0.15111831954038968
Training Results:
r2: 0.3212
rmse: 0.6699
mae: 0.5082
Validation Results:
r2: -0.0899
rmse: 0.5343
mae: 0.4391
Test Results:
r2: 0.1511
rmse: 0.6755
mae: 0.5459
2/101
train r2: 0.4689276086650167, valid r2: 0.10400735214351242, test r2: 0.342010863074549
Training Results:
r2: 0.4689
rmse: 0.5923
mae: 0.4519
Validation Results:
r2: 0.1040
rmse: 0.4844
mae: 0.3885
Test Results:
r2: 0.3420
rmse: 0.5947
mae: 0.4664
3/101
train r2: 0.553026189159497, valid r2: -0.5714996478197509, test r2: 0.4857690947043508
Training Results:
r2: 0.5530
rmse: 0.5433
mae: 0.4194
Validation Results:
r2: -0.5715
rmse: 0.6415
mae: 0.5435
Test Results:
r2: 0.4858
rmse: 0.5258
mae: 0.4257
4/101
train r2: 0.7145623231479744, valid r2: 0.2348031926006362, test r2: 0.6637327939541995
Training Results:
r2: 0.7146
rmse: 0.4341
mae: 0.3230
Validation Results:
r2: 0.2348
rmse: 0.4477
mae: 0.3382
Test Results:
r2: 0.6637
rmse: 0.4252
mae: 0.3009
5/101
train r2: 0.6583930659480333, valid r2: 0.173051570519404, test r2: 0.5508447825002418
Training Results:
r2: 0.6584
rmse: 0.4752
mae: 0.3660
Validation Results:
r2: 0.1731
rmse: 0.4654
mae: 0.3593
Test Results:
r2: 0.5508
rmse: 0.4914
mae: 0.3770
6/101
train r2: 0.7753911008710659, valid r2: 0.2358925512011183, test r2: 0.6435051913532652
Training Results:
r2: 0.7754
rmse: 0.3844
mae: 0.2896
Validation Results:
r2: 0.2359
rmse: 0.4473
mae: 0.3405
Test Results:
r2: 0.6435
rmse: 0.4378
mae: 0.3301
7/101
train r2: 0.8116739296955341, valid r2: 0.2816455161054723, test r2: 0.6854495717446936
Training Results:
r2: 0.8117
rmse: 0.3528
mae: 0.2619
Validation Results:
r2: 0.2816
rmse: 0.4337
mae: 0.3267
Test Results:
r2: 0.6854
rmse: 0.4112
mae: 0.2981
8/101
train r2: 0.835852066132213, valid r2: 0.24278737906346604, test r2: 0.6595860967252797
Training Results:
r2: 0.8359
rmse: 0.3294
mae: 0.2425
Validation Results:
r2: 0.2428
rmse: 0.4453
mae: 0.3334
Test Results:
r2: 0.6596
rmse: 0.4278
mae: 0.3013
9/101
train r2: 0.721166007254008, valid r2: -0.5354122242762323, test r2: 0.41650827053756956
Training Results:
r2: 0.7212
rmse: 0.4291
mae: 0.3261
Validation Results:
r2: -0.5354
rmse: 0.6341
mae: 0.5164
Test Results:
r2: 0.4165
rmse: 0.5601
mae: 0.4708
10/101
train r2: 0.8222021091140401, valid r2: 0.07706784951651924, test r2: 0.5737381344424914
Training Results:
r2: 0.8222
rmse: 0.3424
mae: 0.2616
Validation Results:
r2: 0.0771
rmse: 0.4916
mae: 0.3855
Test Results:
r2: 0.5737
rmse: 0.4787
mae: 0.3707
11/101
train r2: 0.7815434018753523, valid r2: 0.09256569854780738, test r2: 0.6374272527697664
Training Results:
r2: 0.7815
rmse: 0.3799
mae: 0.2924
Validation Results:
r2: 0.0926
rmse: 0.4875
mae: 0.3801
Test Results:
r2: 0.6374
rmse: 0.4415
mae: 0.3057
12/101
train r2: 0.8585949481504773, valid r2: 0.11328834753504424, test r2: 0.5140615495901326
Training Results:
r2: 0.8586
rmse: 0.3060
mae: 0.2225
Validation Results:
r2: 0.1133
rmse: 0.4819
mae: 0.3416
Test Results:
r2: 0.5141
rmse: 0.5111
mae: 0.3524
13/101
train r2: 0.8425991504980173, valid r2: 0.11131996448599368, test r2: 0.5913030416201934
Training Results:
r2: 0.8426
rmse: 0.3228
mae: 0.2453
Validation Results:
r2: 0.1113
rmse: 0.4824
mae: 0.3467
Test Results:
r2: 0.5913
rmse: 0.4687
mae: 0.3231
14/101
train r2: 0.9035871521250486, valid r2: 0.23584478975972722, test r2: 0.6955195777410076
Training Results:
r2: 0.9036
rmse: 0.2518
mae: 0.1818
Validation Results:
r2: 0.2358
rmse: 0.4474
mae: 0.3220
Test Results:
r2: 0.6955
rmse: 0.4046
mae: 0.2880
15/101
train r2: 0.9146084453843996, valid r2: 0.22597519096776364, test r2: 0.7031762603183092
Training Results:
r2: 0.9146
rmse: 0.2375
mae: 0.1750
Validation Results:
r2: 0.2260
rmse: 0.4502
mae: 0.3269
Test Results:
r2: 0.7032
rmse: 0.3995
mae: 0.2840
16/101
train r2: 0.9244252735658331, valid r2: 0.28188212324636097, test r2: 0.6667172826637197
Training Results:
r2: 0.9244
rmse: 0.2232
mae: 0.1641
Validation Results:
r2: 0.2819
rmse: 0.4337
mae: 0.3249
Test Results:
r2: 0.6667
rmse: 0.4233
mae: 0.3101
17/101
train r2: 0.9409624717376778, valid r2: 0.28773803377619955, test r2: 0.6753448427008794
Training Results:
r2: 0.9410
rmse: 0.1976
mae: 0.1422
Validation Results:
r2: 0.2877
rmse: 0.4319
mae: 0.3198
Test Results:
r2: 0.6753
rmse: 0.4178
mae: 0.3062
18/101
train r2: 0.9411190696757742, valid r2: 0.21624176771040826, test r2: 0.6817049764942401
Training Results:
r2: 0.9411
rmse: 0.1973
mae: 0.1459
Validation Results:
r2: 0.2162
rmse: 0.4531
mae: 0.3360
Test Results:
r2: 0.6817
rmse: 0.4136
mae: 0.3081
19/101
train r2: 0.9553541819676504, valid r2: 0.2741174822230419, test r2: 0.6780208802039428
Training Results:
r2: 0.9554
rmse: 0.1717
mae: 0.1237
Validation Results:
r2: 0.2741
rmse: 0.4360
mae: 0.3153
Test Results:
r2: 0.6780
rmse: 0.4160
mae: 0.2964
20/101
train r2: 0.9591069982919348, valid r2: 0.26981418873638696, test r2: 0.6771029486476478
Training Results:
r2: 0.9591
rmse: 0.1644
mae: 0.1217
Validation Results:
r2: 0.2698
rmse: 0.4373
mae: 0.3270
Test Results:
r2: 0.6771
rmse: 0.4166
mae: 0.2957
21/101
train r2: 0.955305874228259, valid r2: 0.17521043676998782, test r2: 0.6793598898272959
Training Results:
r2: 0.9553
rmse: 0.1720
mae: 0.1279
Validation Results:
r2: 0.1752
rmse: 0.4648
mae: 0.3501
Test Results:
r2: 0.6794
rmse: 0.4152
mae: 0.3132
22/101
train r2: 0.9676510823223051, valid r2: 0.22514516645127625, test r2: 0.6723327678957359
Training Results:
r2: 0.9677
rmse: 0.1463
mae: 0.1111
Validation Results:
r2: 0.2251
rmse: 0.4505
mae: 0.3310
Test Results:
r2: 0.6723
rmse: 0.4197
mae: 0.3128
23/101
train r2: 0.9780655731466864, valid r2: 0.29281782699743597, test r2: 0.687916650737314
Training Results:
r2: 0.9781
rmse: 0.1203
mae: 0.0869
Validation Results:
r2: 0.2928
rmse: 0.4304
mae: 0.3184
Test Results:
r2: 0.6879
rmse: 0.4096
mae: 0.3029
24/101
train r2: 0.9806996686618543, valid r2: 0.26014422475384047, test r2: 0.6801016614498436
Training Results:
r2: 0.9807
rmse: 0.1130
mae: 0.0856
Validation Results:
r2: 0.2601
rmse: 0.4402
mae: 0.3227
Test Results:
r2: 0.6801
rmse: 0.4147
mae: 0.3008
25/101
train r2: 0.9799303467160506, valid r2: 0.246372052433119, test r2: 0.6827171188347004
Training Results:
r2: 0.9799
rmse: 0.1152
mae: 0.0894
Validation Results:
r2: 0.2464
rmse: 0.4443
mae: 0.3218
Test Results:
r2: 0.6827
rmse: 0.4130
mae: 0.2987
26/101
train r2: 0.9853624175187142, valid r2: 0.2689180579272066, test r2: 0.6908635403664544
Training Results:
r2: 0.9854
rmse: 0.0984
mae: 0.0761
Validation Results:
r2: 0.2689
rmse: 0.4376
mae: 0.3272
Test Results:
r2: 0.6909
rmse: 0.4077
mae: 0.3048
27/101
train r2: 0.9869946077060052, valid r2: 0.21189131953033935, test r2: 0.6796433194616642
Training Results:
r2: 0.9870
rmse: 0.0926
mae: 0.0706
Validation Results:
r2: 0.2119
rmse: 0.4543
mae: 0.3376
Test Results:
r2: 0.6796
rmse: 0.4150
mae: 0.3056
28/101
train r2: 0.9883516532592206, valid r2: 0.29268217927091356, test r2: 0.6882132860829386
Training Results:
r2: 0.9884
rmse: 0.0875
mae: 0.0669
Validation Results:
r2: 0.2927
rmse: 0.4304
mae: 0.3204
Test Results:
r2: 0.6882
rmse: 0.4094
mae: 0.2982
29/101
train r2: 0.9855875724070136, valid r2: 0.2561160241693785, test r2: 0.6686452013840836
Training Results:
r2: 0.9856
rmse: 0.0976
mae: 0.0729
Validation Results:
r2: 0.2561
rmse: 0.4414
mae: 0.3299
Test Results:
r2: 0.6686
rmse: 0.4220
mae: 0.3157
30/101
train r2: 0.987523044545926, valid r2: 0.26348229080508523, test r2: 0.695216301788722
Training Results:
r2: 0.9875
rmse: 0.0906
mae: 0.0693
Validation Results:
r2: 0.2635
rmse: 0.4392
mae: 0.3267
Test Results:
r2: 0.6952
rmse: 0.4048
mae: 0.2985
31/101
train r2: 0.9885267014485255, valid r2: 0.2762835929705344, test r2: 0.6813687239676015
Training Results:
r2: 0.9885
rmse: 0.0870
mae: 0.0656
Validation Results:
r2: 0.2763
rmse: 0.4354
mae: 0.3202
Test Results:
r2: 0.6814
rmse: 0.4139
mae: 0.3056
32/101
train r2: 0.9850966574873613, valid r2: 0.2676145181056103, test r2: 0.6889139681658052
Training Results:
r2: 0.9851
rmse: 0.0993
mae: 0.0766
Validation Results:
r2: 0.2676
rmse: 0.4380
mae: 0.3247
Test Results:
r2: 0.6889
rmse: 0.4089
mae: 0.2999
33/101
train r2: 0.9861291430658703, valid r2: 0.262524515984381, test r2: 0.6910044285997494
Training Results:
r2: 0.9861
rmse: 0.0957
mae: 0.0699
Validation Results:
r2: 0.2625
rmse: 0.4395
mae: 0.3279
Test Results:
r2: 0.6910
rmse: 0.4076
mae: 0.3016
34/101
train r2: 0.9873916320259642, valid r2: 0.281376427383907, test r2: 0.6978293291285361
Training Results:
r2: 0.9874
rmse: 0.0913
mae: 0.0715
Validation Results:
r2: 0.2814
rmse: 0.4338
mae: 0.3164
Test Results:
r2: 0.6978
rmse: 0.4030
mae: 0.2911
35/101
train r2: 0.9905804634747167, valid r2: 0.25812590898417076, test r2: 0.683954476406831
Training Results:
r2: 0.9906
rmse: 0.0789
mae: 0.0590
Validation Results:
r2: 0.2581
rmse: 0.4408
mae: 0.3277
Test Results:
r2: 0.6840
rmse: 0.4122
mae: 0.3047
36/101
train r2: 0.9911687713020694, valid r2: 0.27215768220596015, test r2: 0.6829979667059192
Training Results:
r2: 0.9912
rmse: 0.0764
mae: 0.0575
Validation Results:
r2: 0.2722
rmse: 0.4366
mae: 0.3272
Test Results:
r2: 0.6830
rmse: 0.4128
mae: 0.3048
37/101
train r2: 0.9893061278771714, valid r2: 0.28036071288284303, test r2: 0.683307058936441
Training Results:
r2: 0.9893
rmse: 0.0839
mae: 0.0656
Validation Results:
r2: 0.2804
rmse: 0.4341
mae: 0.3193
Test Results:
r2: 0.6833
rmse: 0.4126
mae: 0.2985
38/101
train r2: 0.9890843901140824, valid r2: 0.30529932504605994, test r2: 0.6851555494968112
Training Results:
r2: 0.9891
rmse: 0.0849
mae: 0.0649
Validation Results:
r2: 0.3053
rmse: 0.4265
mae: 0.3156
Test Results:
r2: 0.6852
rmse: 0.4114
mae: 0.2967
39/101
train r2: 0.98993683629065, valid r2: 0.28329078280117403, test r2: 0.6907763986433484
Training Results:
r2: 0.9899
rmse: 0.0816
mae: 0.0612
Validation Results:
r2: 0.2833
rmse: 0.4332
mae: 0.3230
Test Results:
r2: 0.6908
rmse: 0.4077
mae: 0.2992
40/101
train r2: 0.9870179404834697, valid r2: 0.28635266848260155, test r2: 0.6807160461075363
Training Results:
r2: 0.9870
rmse: 0.0926
mae: 0.0685
Validation Results:
r2: 0.2864
rmse: 0.4323
mae: 0.3182
Test Results:
r2: 0.6807
rmse: 0.4143
mae: 0.3017
41/101
train r2: 0.9898720253047224, valid r2: 0.2900370061276567, test r2: 0.6996860978992613
Training Results:
r2: 0.9899
rmse: 0.0817
mae: 0.0624
Validation Results:
r2: 0.2900
rmse: 0.4312
mae: 0.3175
Test Results:
r2: 0.6997
rmse: 0.4018
mae: 0.2968
42/101
train r2: 0.9893066000725104, valid r2: 0.2729188097545082, test r2: 0.6871810610238624
Training Results:
r2: 0.9893
rmse: 0.0841
mae: 0.0645
Validation Results:
r2: 0.2729
rmse: 0.4364
mae: 0.3224
Test Results:
r2: 0.6872
rmse: 0.4101
mae: 0.2983
43/101
train r2: 0.9893251298922361, valid r2: 0.26205598186036994, test r2: 0.6952326779195895
Training Results:
r2: 0.9893
rmse: 0.0840
mae: 0.0614
Validation Results:
r2: 0.2621
rmse: 0.4396
mae: 0.3249
Test Results:
r2: 0.6952
rmse: 0.4048
mae: 0.2931
44/101
train r2: 0.9902336527925614, valid r2: 0.2756522556627392, test r2: 0.692584986362989
Training Results:
r2: 0.9902
rmse: 0.0802
mae: 0.0579
Validation Results:
r2: 0.2757
rmse: 0.4356
mae: 0.3257
Test Results:
r2: 0.6926
rmse: 0.4065
mae: 0.3021
45/101
train r2: 0.9905544860122739, valid r2: 0.2980740456712795, test r2: 0.6921422044575457
Training Results:
r2: 0.9906
rmse: 0.0790
mae: 0.0566
Validation Results:
r2: 0.2981
rmse: 0.4288
mae: 0.3207
Test Results:
r2: 0.6921
rmse: 0.4068
mae: 0.2955
46/101
train r2: 0.9926717829985021, valid r2: 0.28394917969276756, test r2: 0.6835857522794153
Training Results:
r2: 0.9927
rmse: 0.0696
mae: 0.0542
Validation Results:
r2: 0.2839
rmse: 0.4330
mae: 0.3235
Test Results:
r2: 0.6836
rmse: 0.4124
mae: 0.3057
47/101
train r2: 0.993563182912185, valid r2: 0.31617218098230515, test r2: 0.685521590963301
Training Results:
r2: 0.9936
rmse: 0.0652
mae: 0.0488
Validation Results:
r2: 0.3162
rmse: 0.4232
mae: 0.3160
Test Results:
r2: 0.6855
rmse: 0.4112
mae: 0.3022
48/101
train r2: 0.9948739761790718, valid r2: 0.2707657160284823, test r2: 0.6828446830775926
Training Results:
r2: 0.9949
rmse: 0.0581
mae: 0.0444
Validation Results:
r2: 0.2708
rmse: 0.4370
mae: 0.3288
Test Results:
r2: 0.6828
rmse: 0.4129
mae: 0.3102
49/101
train r2: 0.9945635655143947, valid r2: 0.3004918204700111, test r2: 0.6932214444397538
Training Results:
r2: 0.9946
rmse: 0.0599
mae: 0.0461
Validation Results:
r2: 0.3005
rmse: 0.4280
mae: 0.3168
Test Results:
r2: 0.6932
rmse: 0.4061
mae: 0.2966
50/101
train r2: 0.9953752802575389, valid r2: 0.2717464777375487, test r2: 0.6884177418295081
Training Results:
r2: 0.9954
rmse: 0.0553
mae: 0.0393
Validation Results:
r2: 0.2717
rmse: 0.4367
mae: 0.3277
Test Results:
r2: 0.6884
rmse: 0.4093
mae: 0.3058
51/101
train r2: 0.9951427297174584, valid r2: 0.27011241676253206, test r2: 0.6904012040008932
Training Results:
r2: 0.9951
rmse: 0.0567
mae: 0.0422
Validation Results:
r2: 0.2701
rmse: 0.4372
mae: 0.3260
Test Results:
r2: 0.6904
rmse: 0.4080
mae: 0.3023
52/101
train r2: 0.9954225230739575, valid r2: 0.2978087815611593, test r2: 0.695047619559406
Training Results:
r2: 0.9954
rmse: 0.0550
mae: 0.0411
Validation Results:
r2: 0.2978
rmse: 0.4288
mae: 0.3202
Test Results:
r2: 0.6950
rmse: 0.4049
mae: 0.3009
53/101
train r2: 0.9940148866309894, valid r2: 0.3147550862095537, test r2: 0.6869651134823752
Training Results:
r2: 0.9940
rmse: 0.0629
mae: 0.0472
Validation Results:
r2: 0.3148
rmse: 0.4236
mae: 0.3147
Test Results:
r2: 0.6870
rmse: 0.4102
mae: 0.3007
54/101
train r2: 0.9955230548162755, valid r2: 0.28143804443593, test r2: 0.6847630645567334
Training Results:
r2: 0.9955
rmse: 0.0544
mae: 0.0403
Validation Results:
r2: 0.2814
rmse: 0.4338
mae: 0.3215
Test Results:
r2: 0.6848
rmse: 0.4117
mae: 0.3041
55/101
train r2: 0.9951147474129943, valid r2: 0.26822750073329504, test r2: 0.694090857846374
Training Results:
r2: 0.9951
rmse: 0.0568
mae: 0.0431
Validation Results:
r2: 0.2682
rmse: 0.4378
mae: 0.3271
Test Results:
r2: 0.6941
rmse: 0.4055
mae: 0.2990
56/101
train r2: 0.9951875269583016, valid r2: 0.2914967898568608, test r2: 0.6928980676384231
Training Results:
r2: 0.9952
rmse: 0.0564
mae: 0.0418
Validation Results:
r2: 0.2915
rmse: 0.4308
mae: 0.3191
Test Results:
r2: 0.6929
rmse: 0.4063
mae: 0.3021
57/101
train r2: 0.9942267739908678, valid r2: 0.21711081007843502, test r2: 0.6842673912215268
Training Results:
r2: 0.9942
rmse: 0.0618
mae: 0.0449
Validation Results:
r2: 0.2171
rmse: 0.4528
mae: 0.3403
Test Results:
r2: 0.6843
rmse: 0.4120
mae: 0.3060
58/101
train r2: 0.9938645986311262, valid r2: 0.30735410315043976, test r2: 0.6870693666953691
Training Results:
r2: 0.9939
rmse: 0.0635
mae: 0.0474
Validation Results:
r2: 0.3074
rmse: 0.4259
mae: 0.3149
Test Results:
r2: 0.6871
rmse: 0.4101
mae: 0.3006
59/101
train r2: 0.994257776656033, valid r2: 0.30480775236977453, test r2: 0.686831518246057
Training Results:
r2: 0.9943
rmse: 0.0616
mae: 0.0473
Validation Results:
r2: 0.3048
rmse: 0.4267
mae: 0.3130
Test Results:
r2: 0.6868
rmse: 0.4103
mae: 0.2998
60/101
train r2: 0.9952502060659179, valid r2: 0.3172664279841422, test r2: 0.6920058609348363
Training Results:
r2: 0.9953
rmse: 0.0560
mae: 0.0414
Validation Results:
r2: 0.3173
rmse: 0.4229
mae: 0.3142
Test Results:
r2: 0.6920
rmse: 0.4069
mae: 0.2979
61/101
train r2: 0.9959020515751021, valid r2: 0.29649348209697357, test r2: 0.6792607590914131
Training Results:
r2: 0.9959
rmse: 0.0521
mae: 0.0389
Validation Results:
r2: 0.2965
rmse: 0.4292
mae: 0.3196
Test Results:
r2: 0.6793
rmse: 0.4152
mae: 0.3105
62/101
train r2: 0.9966018784813246, valid r2: 0.3310643900206557, test r2: 0.687793051599525
Training Results:
r2: 0.9966
rmse: 0.0474
mae: 0.0351
Validation Results:
r2: 0.3311
rmse: 0.4186
mae: 0.3078
Test Results:
r2: 0.6878
rmse: 0.4097
mae: 0.3002
63/101
train r2: 0.9979332432848348, valid r2: 0.29848470738890986, test r2: 0.6899599589098407
Training Results:
r2: 0.9979
rmse: 0.0369
mae: 0.0281
Validation Results:
r2: 0.2985
rmse: 0.4286
mae: 0.3177
Test Results:
r2: 0.6900
rmse: 0.4082
mae: 0.2995
64/101
train r2: 0.9977726005413905, valid r2: 0.30225832702024513, test r2: 0.6882952631053523
Training Results:
r2: 0.9978
rmse: 0.0384
mae: 0.0284
Validation Results:
r2: 0.3023
rmse: 0.4275
mae: 0.3183
Test Results:
r2: 0.6883
rmse: 0.4093
mae: 0.3024
65/101
train r2: 0.9982787425715838, valid r2: 0.2925518422272423, test r2: 0.6890036280615806
Training Results:
r2: 0.9983
rmse: 0.0337
mae: 0.0250
Validation Results:
r2: 0.2926
rmse: 0.4304
mae: 0.3186
Test Results:
r2: 0.6890
rmse: 0.4089
mae: 0.3025
66/101
train r2: 0.9983423885315665, valid r2: 0.3001622045672707, test r2: 0.6909790694146505
Training Results:
r2: 0.9983
rmse: 0.0331
mae: 0.0245
Validation Results:
r2: 0.3002
rmse: 0.4281
mae: 0.3179
Test Results:
r2: 0.6910
rmse: 0.4076
mae: 0.2997
67/101
train r2: 0.9986077013493643, valid r2: 0.2952680595117332, test r2: 0.6876650808169072
Training Results:
r2: 0.9986
rmse: 0.0303
mae: 0.0226
Validation Results:
r2: 0.2953
rmse: 0.4296
mae: 0.3188
Test Results:
r2: 0.6877
rmse: 0.4098
mae: 0.3036
68/101
train r2: 0.9984074326989543, valid r2: 0.3065987289431683, test r2: 0.687985690440064
Training Results:
r2: 0.9984
rmse: 0.0324
mae: 0.0249
Validation Results:
r2: 0.3066
rmse: 0.4261
mae: 0.3172
Test Results:
r2: 0.6880
rmse: 0.4095
mae: 0.3040
69/101
train r2: 0.9981884935542208, valid r2: 0.29894188538201494, test r2: 0.6879598921141676
Training Results:
r2: 0.9982
rmse: 0.0345
mae: 0.0255
Validation Results:
r2: 0.2989
rmse: 0.4285
mae: 0.3184
Test Results:
r2: 0.6880
rmse: 0.4096
mae: 0.3013
70/101
train r2: 0.9978499072449292, valid r2: 0.2952475229019218, test r2: 0.69248505166645
Training Results:
r2: 0.9978
rmse: 0.0377
mae: 0.0277
Validation Results:
r2: 0.2952
rmse: 0.4296
mae: 0.3189
Test Results:
r2: 0.6925
rmse: 0.4066
mae: 0.2994
71/101
train r2: 0.9971436422696032, valid r2: 0.30220250871558774, test r2: 0.6851362110892698
Training Results:
r2: 0.9971
rmse: 0.0434
mae: 0.0324
Validation Results:
r2: 0.3022
rmse: 0.4275
mae: 0.3164
Test Results:
r2: 0.6851
rmse: 0.4114
mae: 0.3034
72/101
train r2: 0.9979602789764321, valid r2: 0.2763435758340925, test r2: 0.694785170391997
Training Results:
r2: 0.9980
rmse: 0.0367
mae: 0.0273
Validation Results:
r2: 0.2763
rmse: 0.4353
mae: 0.3262
Test Results:
r2: 0.6948
rmse: 0.4051
mae: 0.2990
73/101
train r2: 0.9979541830915037, valid r2: 0.3116532468020624, test r2: 0.6928655708124869
Training Results:
r2: 0.9980
rmse: 0.0368
mae: 0.0272
Validation Results:
r2: 0.3117
rmse: 0.4246
mae: 0.3142
Test Results:
r2: 0.6929
rmse: 0.4063
mae: 0.2985
74/101
train r2: 0.998499482133568, valid r2: 0.28665788388982705, test r2: 0.6865744760283807
Training Results:
r2: 0.9985
rmse: 0.0315
mae: 0.0239
Validation Results:
r2: 0.2867
rmse: 0.4322
mae: 0.3228
Test Results:
r2: 0.6866
rmse: 0.4105
mae: 0.3048
75/101
train r2: 0.9984572456488311, valid r2: 0.30142718730590545, test r2: 0.6924357331040367
Training Results:
r2: 0.9985
rmse: 0.0319
mae: 0.0237
Validation Results:
r2: 0.3014
rmse: 0.4277
mae: 0.3185
Test Results:
r2: 0.6924
rmse: 0.4066
mae: 0.2984
76/101
train r2: 0.9986645431417972, valid r2: 0.30562568111276056, test r2: 0.685532991390827
Training Results:
r2: 0.9987
rmse: 0.0297
mae: 0.0226
Validation Results:
r2: 0.3056
rmse: 0.4264
mae: 0.3175
Test Results:
r2: 0.6855
rmse: 0.4112
mae: 0.3032
77/101
train r2: 0.9990461938509869, valid r2: 0.29812418680614694, test r2: 0.6885315013489401
Training Results:
r2: 0.9990
rmse: 0.0251
mae: 0.0191
Validation Results:
r2: 0.2981
rmse: 0.4287
mae: 0.3178
Test Results:
r2: 0.6885
rmse: 0.4092
mae: 0.3004
78/101
train r2: 0.9992138941878039, valid r2: 0.3016672019498823, test r2: 0.6855725709227086
Training Results:
r2: 0.9992
rmse: 0.0228
mae: 0.0168
Validation Results:
r2: 0.3017
rmse: 0.4277
mae: 0.3164
Test Results:
r2: 0.6856
rmse: 0.4111
mae: 0.3028
79/101
train r2: 0.9991400159713727, valid r2: 0.3009533881866969, test r2: 0.691787637430916
Training Results:
r2: 0.9991
rmse: 0.0238
mae: 0.0169
Validation Results:
r2: 0.3010
rmse: 0.4279
mae: 0.3188
Test Results:
r2: 0.6918
rmse: 0.4070
mae: 0.2998
80/101
train r2: 0.9993089719972564, valid r2: 0.2967133645847406, test r2: 0.6866933990539814
Training Results:
r2: 0.9993
rmse: 0.0214
mae: 0.0158
Validation Results:
r2: 0.2967
rmse: 0.4292
mae: 0.3190
Test Results:
r2: 0.6867
rmse: 0.4104
mae: 0.3030
81/101
train r2: 0.9995115368359068, valid r2: 0.3037993965469923, test r2: 0.6876476587225238
Training Results:
r2: 0.9995
rmse: 0.0179
mae: 0.0132
Validation Results:
r2: 0.3038
rmse: 0.4270
mae: 0.3167
Test Results:
r2: 0.6876
rmse: 0.4098
mae: 0.3023
82/101
train r2: 0.9994581312120899, valid r2: 0.3007260883044167, test r2: 0.687145880026755
Training Results:
r2: 0.9995
rmse: 0.0189
mae: 0.0140
Validation Results:
r2: 0.3007
rmse: 0.4279
mae: 0.3177
Test Results:
r2: 0.6871
rmse: 0.4101
mae: 0.3034
break!
train: 0.9966, val: 0.3311, test: 0.6878
end_test_result: (0.687793051599525, 0.40967100858688354, 0.30016130208969116)
args.seed: 2034
use label scaler
use label scaler
use label scaler
model have 90.143705M paramerters in total
train_dataset.mean: tensor([-5.6600]) train_dataset.std: tensor([0.9700])
1/101
train r2: 0.31127925177376714, valid r2: 0.0620759062455426, test r2: 0.2332559623310212
Training Results:
r2: 0.3113
rmse: 0.6740
mae: 0.4911
Validation Results:
r2: 0.0621
rmse: 0.4956
mae: 0.3904
Test Results:
r2: 0.2333
rmse: 0.6420
mae: 0.4870
2/101
train r2: 0.4725276766575306, valid r2: 0.08740799398617805, test r2: 0.45910795844824603
Training Results:
r2: 0.4725
rmse: 0.5904
mae: 0.4571
Validation Results:
r2: 0.0874
rmse: 0.4889
mae: 0.3954
Test Results:
r2: 0.4591
rmse: 0.5392
mae: 0.4158
3/101
train r2: 0.5089364232708284, valid r2: -0.419358857193767, test r2: 0.5037410988283731
Training Results:
r2: 0.5089
rmse: 0.5688
mae: 0.4570
Validation Results:
r2: -0.4194
rmse: 0.6097
mae: 0.5047
Test Results:
r2: 0.5037
rmse: 0.5165
mae: 0.4212
4/101
train r2: 0.626771026492862, valid r2: 0.1438118044535256, test r2: 0.37008420447106805
Training Results:
r2: 0.6268
rmse: 0.4968
mae: 0.3952
Validation Results:
r2: 0.1438
rmse: 0.4735
mae: 0.3500
Test Results:
r2: 0.3701
rmse: 0.5819
mae: 0.4721
5/101
train r2: 0.7569989329173169, valid r2: 0.12442039137737249, test r2: 0.6486261966697948
Training Results:
r2: 0.7570
rmse: 0.4008
mae: 0.3029
Validation Results:
r2: 0.1244
rmse: 0.4789
mae: 0.3626
Test Results:
r2: 0.6486
rmse: 0.4346
mae: 0.3061
6/101
train r2: 0.6082806308158706, valid r2: 0.22188648843596226, test r2: 0.6588428748845205
Training Results:
r2: 0.6083
rmse: 0.5080
mae: 0.3471
Validation Results:
r2: 0.2219
rmse: 0.4514
mae: 0.3481
Test Results:
r2: 0.6588
rmse: 0.4282
mae: 0.3089
7/101
train r2: 0.782714345577536, valid r2: -0.026168320537740763, test r2: 0.6220753136148636
Training Results:
r2: 0.7827
rmse: 0.3781
mae: 0.2879
Validation Results:
r2: -0.0262
rmse: 0.5184
mae: 0.4168
Test Results:
r2: 0.6221
rmse: 0.4507
mae: 0.3561
8/101
train r2: 0.8081893734486936, valid r2: 0.15538861452992148, test r2: 0.6655038357386067
Training Results:
r2: 0.8082
rmse: 0.3560
mae: 0.2627
Validation Results:
r2: 0.1554
rmse: 0.4703
mae: 0.3618
Test Results:
r2: 0.6655
rmse: 0.4240
mae: 0.3033
9/101
train r2: 0.784555952143464, valid r2: 0.17704199003547372, test r2: 0.6587598218405559
Training Results:
r2: 0.7846
rmse: 0.3774
mae: 0.2857
Validation Results:
r2: 0.1770
rmse: 0.4643
mae: 0.3350
Test Results:
r2: 0.6588
rmse: 0.4283
mae: 0.3262
10/101
train r2: 0.821816733094753, valid r2: 0.21760245392724642, test r2: 0.6570953933275312
Training Results:
r2: 0.8218
rmse: 0.3433
mae: 0.2559
Validation Results:
r2: 0.2176
rmse: 0.4527
mae: 0.3396
Test Results:
r2: 0.6571
rmse: 0.4293
mae: 0.3013
11/101
train r2: 0.8495675241584896, valid r2: 0.22742686855240968, test r2: 0.7117873487852804
Training Results:
r2: 0.8496
rmse: 0.3151
mae: 0.2290
Validation Results:
r2: 0.2274
rmse: 0.4498
mae: 0.3211
Test Results:
r2: 0.7118
rmse: 0.3936
mae: 0.2855
12/101
train r2: 0.8788955196524936, valid r2: 0.19787975138402303, test r2: 0.7002651867798657
Training Results:
r2: 0.8789
rmse: 0.2830
mae: 0.2067
Validation Results:
r2: 0.1979
rmse: 0.4583
mae: 0.3345
Test Results:
r2: 0.7003
rmse: 0.4014
mae: 0.2973
13/101
train r2: 0.8759058068784269, valid r2: 0.2685383947007073, test r2: 0.6433071800999033
Training Results:
r2: 0.8759
rmse: 0.2866
mae: 0.2113
Validation Results:
r2: 0.2685
rmse: 0.4377
mae: 0.3195
Test Results:
r2: 0.6433
rmse: 0.4379
mae: 0.3182
14/101
train r2: 0.9020356348329659, valid r2: 0.2673019587552027, test r2: 0.6973508905851648
Training Results:
r2: 0.9020
rmse: 0.2537
mae: 0.1853
Validation Results:
r2: 0.2673
rmse: 0.4381
mae: 0.3245
Test Results:
r2: 0.6974
rmse: 0.4034
mae: 0.2958
15/101
train r2: 0.925121509226548, valid r2: 0.27161806926766896, test r2: 0.7005334101934503
Training Results:
r2: 0.9251
rmse: 0.2222
mae: 0.1624
Validation Results:
r2: 0.2716
rmse: 0.4368
mae: 0.3168
Test Results:
r2: 0.7005
rmse: 0.4012
mae: 0.2883
16/101
train r2: 0.9292703041035052, valid r2: 0.1997958675427437, test r2: 0.7085371442284324
Training Results:
r2: 0.9293
rmse: 0.2161
mae: 0.1573
Validation Results:
r2: 0.1998
rmse: 0.4578
mae: 0.3367
Test Results:
r2: 0.7085
rmse: 0.3958
mae: 0.2860
17/101
train r2: 0.935423346754296, valid r2: 0.2760459869041889, test r2: 0.6920289227820904
Training Results:
r2: 0.9354
rmse: 0.2067
mae: 0.1500
Validation Results:
r2: 0.2760
rmse: 0.4354
mae: 0.3183
Test Results:
r2: 0.6920
rmse: 0.4069
mae: 0.2991
18/101
train r2: 0.9386027816445207, valid r2: 0.29935226865569575, test r2: 0.6699788665647168
Training Results:
r2: 0.9386
rmse: 0.2016
mae: 0.1527
Validation Results:
r2: 0.2994
rmse: 0.4284
mae: 0.3147
Test Results:
r2: 0.6700
rmse: 0.4212
mae: 0.3163
19/101
train r2: 0.955315363661247, valid r2: 0.24108697138141988, test r2: 0.7026087369885186
Training Results:
r2: 0.9553
rmse: 0.1718
mae: 0.1261
Validation Results:
r2: 0.2411
rmse: 0.4458
mae: 0.3303
Test Results:
r2: 0.7026
rmse: 0.3998
mae: 0.2973
20/101
train r2: 0.9537420704883403, valid r2: 0.2557222210292852, test r2: 0.6952227095378339
Training Results:
r2: 0.9537
rmse: 0.1748
mae: 0.1327
Validation Results:
r2: 0.2557
rmse: 0.4415
mae: 0.3327
Test Results:
r2: 0.6952
rmse: 0.4048
mae: 0.3101
21/101
train r2: 0.9668122180402149, valid r2: 0.24168766878748948, test r2: 0.710617384439282
Training Results:
r2: 0.9668
rmse: 0.1483
mae: 0.1084
Validation Results:
r2: 0.2417
rmse: 0.4456
mae: 0.3219
Test Results:
r2: 0.7106
rmse: 0.3944
mae: 0.2836
22/101
train r2: 0.964428085337003, valid r2: 0.2982395877771189, test r2: 0.6751356545045644
Training Results:
r2: 0.9644
rmse: 0.1530
mae: 0.1123
Validation Results:
r2: 0.2982
rmse: 0.4287
mae: 0.3161
Test Results:
r2: 0.6751
rmse: 0.4179
mae: 0.3101
23/101
train r2: 0.96970451810286, valid r2: 0.32793928583695464, test r2: 0.704553308639953
Training Results:
r2: 0.9697
rmse: 0.1416
mae: 0.1041
Validation Results:
r2: 0.3279
rmse: 0.4195
mae: 0.3062
Test Results:
r2: 0.7046
rmse: 0.3985
mae: 0.2881
24/101
train r2: 0.9604019599689915, valid r2: 0.08081353398772395, test r2: 0.6837596344870869
Training Results:
r2: 0.9604
rmse: 0.1615
mae: 0.1204
Validation Results:
r2: 0.0808
rmse: 0.4906
mae: 0.3693
Test Results:
r2: 0.6838
rmse: 0.4123
mae: 0.3126
25/101
train r2: 0.9764573632861118, valid r2: 0.2578711941567553, test r2: 0.7090752135982983
Training Results:
r2: 0.9765
rmse: 0.1245
mae: 0.0907
Validation Results:
r2: 0.2579
rmse: 0.4409
mae: 0.3268
Test Results:
r2: 0.7091
rmse: 0.3955
mae: 0.2951
26/101
train r2: 0.9815249432893369, valid r2: 0.2882523099123966, test r2: 0.7110344738682277
Training Results:
r2: 0.9815
rmse: 0.1106
mae: 0.0822
Validation Results:
r2: 0.2883
rmse: 0.4317
mae: 0.3177
Test Results:
r2: 0.7110
rmse: 0.3941
mae: 0.2874
27/101
train r2: 0.9835264394874115, valid r2: 0.27347049242716837, test r2: 0.7183613930701078
Training Results:
r2: 0.9835
rmse: 0.1044
mae: 0.0793
Validation Results:
r2: 0.2735
rmse: 0.4362
mae: 0.3216
Test Results:
r2: 0.7184
rmse: 0.3891
mae: 0.2872
28/101
train r2: 0.9771152854503545, valid r2: 0.2358251725489059, test r2: 0.7109274545477324
Training Results:
r2: 0.9771
rmse: 0.1229
mae: 0.0875
Validation Results:
r2: 0.2358
rmse: 0.4474
mae: 0.3315
Test Results:
r2: 0.7109
rmse: 0.3942
mae: 0.2854
29/101
train r2: 0.9852334408873408, valid r2: 0.2492150218320227, test r2: 0.7151179658135558
Training Results:
r2: 0.9852
rmse: 0.0988
mae: 0.0746
Validation Results:
r2: 0.2492
rmse: 0.4434
mae: 0.3301
Test Results:
r2: 0.7151
rmse: 0.3913
mae: 0.2877
30/101
train r2: 0.9898469007071606, valid r2: 0.2616176271596332, test r2: 0.7165078497660289
Training Results:
r2: 0.9898
rmse: 0.0819
mae: 0.0608
Validation Results:
r2: 0.2616
rmse: 0.4398
mae: 0.3239
Test Results:
r2: 0.7165
rmse: 0.3904
mae: 0.2853
31/101
train r2: 0.9917268032878896, valid r2: 0.27879198351752477, test r2: 0.7070755212619907
Training Results:
r2: 0.9917
rmse: 0.0739
mae: 0.0542
Validation Results:
r2: 0.2788
rmse: 0.4346
mae: 0.3212
Test Results:
r2: 0.7071
rmse: 0.3968
mae: 0.2932
32/101
train r2: 0.9914878111848883, valid r2: 0.2218893017733733, test r2: 0.7064642090191763
Training Results:
r2: 0.9915
rmse: 0.0749
mae: 0.0562
Validation Results:
r2: 0.2219
rmse: 0.4514
mae: 0.3366
Test Results:
r2: 0.7065
rmse: 0.3972
mae: 0.2949
33/101
train r2: 0.992344830577886, valid r2: 0.27724060842422715, test r2: 0.7116033116387812
Training Results:
r2: 0.9923
rmse: 0.0711
mae: 0.0533
Validation Results:
r2: 0.2772
rmse: 0.4351
mae: 0.3226
Test Results:
r2: 0.7116
rmse: 0.3937
mae: 0.2936
34/101
train r2: 0.9905817444259122, valid r2: 0.2770054525033515, test r2: 0.714069788347999
Training Results:
r2: 0.9906
rmse: 0.0789
mae: 0.0582
Validation Results:
r2: 0.2770
rmse: 0.4351
mae: 0.3241
Test Results:
r2: 0.7141
rmse: 0.3921
mae: 0.2879
35/101
train r2: 0.9907767821133069, valid r2: 0.2917502116314966, test r2: 0.7113718791546106
Training Results:
r2: 0.9908
rmse: 0.0781
mae: 0.0595
Validation Results:
r2: 0.2918
rmse: 0.4307
mae: 0.3129
Test Results:
r2: 0.7114
rmse: 0.3939
mae: 0.2862
36/101
train r2: 0.9912393211627184, valid r2: 0.28095629834979396, test r2: 0.7238907446900351
Training Results:
r2: 0.9912
rmse: 0.0760
mae: 0.0575
Validation Results:
r2: 0.2810
rmse: 0.4340
mae: 0.3167
Test Results:
r2: 0.7239
rmse: 0.3853
mae: 0.2808
37/101
train r2: 0.990913601660241, valid r2: 0.2855752849302742, test r2: 0.6978418763260403
Training Results:
r2: 0.9909
rmse: 0.0775
mae: 0.0595
Validation Results:
r2: 0.2856
rmse: 0.4326
mae: 0.3217
Test Results:
r2: 0.6978
rmse: 0.4030
mae: 0.3004
38/101
train r2: 0.9870164498395704, valid r2: 0.29135595392616165, test r2: 0.7142789747510545
Training Results:
r2: 0.9870
rmse: 0.0927
mae: 0.0698
Validation Results:
r2: 0.2914
rmse: 0.4308
mae: 0.3188
Test Results:
r2: 0.7143
rmse: 0.3919
mae: 0.2883
39/101
train r2: 0.9722032168055518, valid r2: 0.2265137196731697, test r2: 0.6794597876807621
Training Results:
r2: 0.9722
rmse: 0.1353
mae: 0.1055
Validation Results:
r2: 0.2265
rmse: 0.4501
mae: 0.3332
Test Results:
r2: 0.6795
rmse: 0.4151
mae: 0.3155
40/101
train r2: 0.9868713286043584, valid r2: 0.256053667166911, test r2: 0.7100577504004066
Training Results:
r2: 0.9869
rmse: 0.0930
mae: 0.0702
Validation Results:
r2: 0.2561
rmse: 0.4414
mae: 0.3324
Test Results:
r2: 0.7101
rmse: 0.3948
mae: 0.2907
41/101
train r2: 0.9879352798938017, valid r2: 0.2570238788310263, test r2: 0.7174126380624679
Training Results:
r2: 0.9879
rmse: 0.0893
mae: 0.0684
Validation Results:
r2: 0.2570
rmse: 0.4411
mae: 0.3225
Test Results:
r2: 0.7174
rmse: 0.3898
mae: 0.2849
42/101
train r2: 0.9911238667567608, valid r2: 0.26214473332142485, test r2: 0.7113007807291141
Training Results:
r2: 0.9911
rmse: 0.0765
mae: 0.0576
Validation Results:
r2: 0.2621
rmse: 0.4396
mae: 0.3267
Test Results:
r2: 0.7113
rmse: 0.3939
mae: 0.2917
43/101
train r2: 0.9898214670504748, valid r2: 0.26721408136873237, test r2: 0.7089665287519923
Training Results:
r2: 0.9898
rmse: 0.0819
mae: 0.0569
Validation Results:
r2: 0.2672
rmse: 0.4381
mae: 0.3270
Test Results:
r2: 0.7090
rmse: 0.3955
mae: 0.2898
break!
train: 0.9697, val: 0.3279, test: 0.7046
end_test_result: (0.704553308639953, 0.39852309226989746, 0.28809964656829834)
args.seed: 2044
use label scaler
use label scaler
use label scaler
model have 90.143705M paramerters in total
train_dataset.mean: tensor([-5.6600]) train_dataset.std: tensor([0.9700])
1/101
train r2: 0.3186805800219896, valid r2: -0.0037199082489347557, test r2: 0.3067829983624957
Training Results:
r2: 0.3187
rmse: 0.6709
mae: 0.4930
Validation Results:
r2: -0.0037
rmse: 0.5127
mae: 0.4163
Test Results:
r2: 0.3068
rmse: 0.6104
mae: 0.4825
2/101
train r2: 0.48494251023526114, valid r2: 0.1806369607200352, test r2: 0.5096056030209166
Training Results:
r2: 0.4849
rmse: 0.5839
mae: 0.4365
Validation Results:
r2: 0.1806
rmse: 0.4632
mae: 0.3533
Test Results:
r2: 0.5096
rmse: 0.5134
mae: 0.3716
3/101
train r2: 0.5811329225433242, valid r2: -0.06011450441712407, test r2: 0.49303723413821676
Training Results:
r2: 0.5811
rmse: 0.5257
mae: 0.4067
Validation Results:
r2: -0.0601
rmse: 0.5269
mae: 0.4313
Test Results:
r2: 0.4930
rmse: 0.5220
mae: 0.4193
4/101
train r2: 0.593691133287978, valid r2: 0.021236758080216744, test r2: 0.6389734751654884
Training Results:
r2: 0.5937
rmse: 0.5181
mae: 0.3781
Validation Results:
r2: 0.0212
rmse: 0.5063
mae: 0.4075
Test Results:
r2: 0.6390
rmse: 0.4405
mae: 0.3311
5/101
train r2: 0.7607426949165222, valid r2: 0.21802838870495755, test r2: 0.6509961720915713
Training Results:
r2: 0.7607
rmse: 0.3971
mae: 0.2929
Validation Results:
r2: 0.2180
rmse: 0.4525
mae: 0.3486
Test Results:
r2: 0.6510
rmse: 0.4331
mae: 0.3202
6/101
train r2: 0.7291514471750822, valid r2: 0.020373339655152645, test r2: 0.6289122118037416
Training Results:
r2: 0.7292
rmse: 0.4229
mae: 0.3174
Validation Results:
r2: 0.0204
rmse: 0.5065
mae: 0.4044
Test Results:
r2: 0.6289
rmse: 0.4466
mae: 0.3507
7/101
train r2: 0.7829130392654343, valid r2: 0.2434865862264527, test r2: 0.5961552871337888
Training Results:
r2: 0.7829
rmse: 0.3787
mae: 0.2863
Validation Results:
r2: 0.2435
rmse: 0.4451
mae: 0.3344
Test Results:
r2: 0.5962
rmse: 0.4659
mae: 0.3402
8/101
train r2: 0.8231592383191326, valid r2: 0.286197017225583, test r2: 0.620327908079409
Training Results:
r2: 0.8232
rmse: 0.3417
mae: 0.2547
Validation Results:
r2: 0.2862
rmse: 0.4324
mae: 0.3230
Test Results:
r2: 0.6203
rmse: 0.4518
mae: 0.3430
9/101
train r2: 0.8217175333626867, valid r2: 0.2494343265806046, test r2: 0.6631142812007229
Training Results:
r2: 0.8217
rmse: 0.3431
mae: 0.2620
Validation Results:
r2: 0.2494
rmse: 0.4434
mae: 0.3390
Test Results:
r2: 0.6631
rmse: 0.4256
mae: 0.3247
10/101
train r2: 0.8564066080422639, valid r2: 0.07684579130245894, test r2: 0.661909790890445
Training Results:
r2: 0.8564
rmse: 0.3079
mae: 0.2255
Validation Results:
r2: 0.0768
rmse: 0.4917
mae: 0.3812
Test Results:
r2: 0.6619
rmse: 0.4263
mae: 0.3244
11/101
train r2: 0.8666719350248957, valid r2: 0.25508565452344045, test r2: 0.7141803837770708
Training Results:
r2: 0.8667
rmse: 0.2968
mae: 0.2208
Validation Results:
r2: 0.2551
rmse: 0.4417
mae: 0.3279
Test Results:
r2: 0.7142
rmse: 0.3920
mae: 0.2833
12/101
train r2: 0.8802939556823849, valid r2: 0.277117320718269, test r2: 0.6628440582379298
Training Results:
r2: 0.8803
rmse: 0.2814
mae: 0.2061
Validation Results:
r2: 0.2771
rmse: 0.4351
mae: 0.3127
Test Results:
r2: 0.6628
rmse: 0.4257
mae: 0.3144
13/101
train r2: 0.9028599575583109, valid r2: 0.24042855341613978, test r2: 0.6813421076775059
Training Results:
r2: 0.9029
rmse: 0.2534
mae: 0.1846
Validation Results:
r2: 0.2404
rmse: 0.4460
mae: 0.3320
Test Results:
r2: 0.6813
rmse: 0.4139
mae: 0.3198
14/101
train r2: 0.9091313548684018, valid r2: 0.23289128267329617, test r2: 0.7077194748179954
Training Results:
r2: 0.9091
rmse: 0.2448
mae: 0.1789
Validation Results:
r2: 0.2329
rmse: 0.4482
mae: 0.3306
Test Results:
r2: 0.7077
rmse: 0.3964
mae: 0.2851
15/101
train r2: 0.8991772868773299, valid r2: 0.13043363893826743, test r2: 0.6529643060910337
Training Results:
r2: 0.8992
rmse: 0.2578
mae: 0.1935
Validation Results:
r2: 0.1304
rmse: 0.4772
mae: 0.3459
Test Results:
r2: 0.6530
rmse: 0.4319
mae: 0.3068
16/101
train r2: 0.9385719990198624, valid r2: 0.21537567150928028, test r2: 0.6903991542911174
Training Results:
r2: 0.9386
rmse: 0.2015
mae: 0.1461
Validation Results:
r2: 0.2154
rmse: 0.4533
mae: 0.3363
Test Results:
r2: 0.6904
rmse: 0.4080
mae: 0.3025
17/101
train r2: 0.9172465488029671, valid r2: 0.21854402008370322, test r2: 0.6918720044946182
Training Results:
r2: 0.9172
rmse: 0.2336
mae: 0.1712
Validation Results:
r2: 0.2185
rmse: 0.4524
mae: 0.3387
Test Results:
r2: 0.6919
rmse: 0.4070
mae: 0.2958
18/101
train r2: 0.947250354771993, valid r2: 0.2188028353687559, test r2: 0.6630998181905544
Training Results:
r2: 0.9473
rmse: 0.1865
mae: 0.1346
Validation Results:
r2: 0.2188
rmse: 0.4523
mae: 0.3291
Test Results:
r2: 0.6631
rmse: 0.4256
mae: 0.3053
19/101
train r2: 0.9540867388710496, valid r2: 0.17183075452497132, test r2: 0.657482625278982
Training Results:
r2: 0.9541
rmse: 0.1741
mae: 0.1289
Validation Results:
r2: 0.1718
rmse: 0.4657
mae: 0.3450
Test Results:
r2: 0.6575
rmse: 0.4291
mae: 0.3148
20/101
train r2: 0.9559703756410364, valid r2: 0.1055824061488273, test r2: 0.6157171252889051
Training Results:
r2: 0.9560
rmse: 0.1703
mae: 0.1288
Validation Results:
r2: 0.1056
rmse: 0.4840
mae: 0.3685
Test Results:
r2: 0.6157
rmse: 0.4545
mae: 0.3631
21/101
train r2: 0.9673456342709783, valid r2: 0.20425665723645603, test r2: 0.6635773618255747
Training Results:
r2: 0.9673
rmse: 0.1465
mae: 0.1084
Validation Results:
r2: 0.2043
rmse: 0.4565
mae: 0.3369
Test Results:
r2: 0.6636
rmse: 0.4253
mae: 0.3206
22/101
train r2: 0.9720284825384806, valid r2: 0.24906957993641354, test r2: 0.6788358839977349
Training Results:
r2: 0.9720
rmse: 0.1361
mae: 0.1013
Validation Results:
r2: 0.2491
rmse: 0.4435
mae: 0.3287
Test Results:
r2: 0.6788
rmse: 0.4155
mae: 0.3081
23/101
train r2: 0.9795330508029084, valid r2: 0.2072268196553132, test r2: 0.6778825644993309
Training Results:
r2: 0.9795
rmse: 0.1163
mae: 0.0865
Validation Results:
r2: 0.2072
rmse: 0.4557
mae: 0.3414
Test Results:
r2: 0.6779
rmse: 0.4161
mae: 0.3088
24/101
train r2: 0.9839401959805479, valid r2: 0.22348839166659484, test r2: 0.6633548909879656
Training Results:
r2: 0.9839
rmse: 0.1030
mae: 0.0764
Validation Results:
r2: 0.2235
rmse: 0.4510
mae: 0.3377
Test Results:
r2: 0.6634
rmse: 0.4254
mae: 0.3223
25/101
train r2: 0.9848465992153937, valid r2: 0.2147086534134075, test r2: 0.6546220661653464
Training Results:
r2: 0.9848
rmse: 0.1002
mae: 0.0742
Validation Results:
r2: 0.2147
rmse: 0.4535
mae: 0.3384
Test Results:
r2: 0.6546
rmse: 0.4309
mae: 0.3227
26/101
train r2: 0.9872661892962062, valid r2: 0.21432203380871995, test r2: 0.6839203034828389
Training Results:
r2: 0.9873
rmse: 0.0917
mae: 0.0696
Validation Results:
r2: 0.2143
rmse: 0.4536
mae: 0.3401
Test Results:
r2: 0.6839
rmse: 0.4122
mae: 0.3088
27/101
train r2: 0.9859732984177112, valid r2: 0.22106484071966137, test r2: 0.6745870808117496
Training Results:
r2: 0.9860
rmse: 0.0963
mae: 0.0729
Validation Results:
r2: 0.2211
rmse: 0.4517
mae: 0.3392
Test Results:
r2: 0.6746
rmse: 0.4182
mae: 0.3137
28/101
train r2: 0.9867591376540344, valid r2: 0.1980730056014528, test r2: 0.6793262447659139
Training Results:
r2: 0.9868
rmse: 0.0935
mae: 0.0703
Validation Results:
r2: 0.1981
rmse: 0.4583
mae: 0.3431
Test Results:
r2: 0.6793
rmse: 0.4152
mae: 0.3118
break!
train: 0.8232, val: 0.2862, test: 0.6203
end_test_result: (0.620327908079409, 0.45177093148231506, 0.34299448132514954)
args.seed: 2054
use label scaler
use label scaler
use label scaler
model have 90.143705M paramerters in total
train_dataset.mean: tensor([-5.6600]) train_dataset.std: tensor([0.9700])
1/101
train r2: 0.3134035174546187, valid r2: -0.016838669319584332, test r2: 0.27219204047477263
Training Results:
r2: 0.3134
rmse: 0.6727
mae: 0.5039
Validation Results:
r2: -0.0168
rmse: 0.5160
mae: 0.4180
Test Results:
r2: 0.2722
rmse: 0.6255
mae: 0.5025
2/101
train r2: 0.48681572815693164, valid r2: 0.09179864849762664, test r2: 0.540926467567016
Training Results:
r2: 0.4868
rmse: 0.5822
mae: 0.4282
Validation Results:
r2: 0.0918
rmse: 0.4877
mae: 0.3903
Test Results:
r2: 0.5409
rmse: 0.4968
mae: 0.3823
3/101
train r2: 0.5407640137725965, valid r2: 0.2354359294690902, test r2: 0.5744862060866267
Training Results:
r2: 0.5408
rmse: 0.5510
mae: 0.3969
Validation Results:
r2: 0.2354
rmse: 0.4475
mae: 0.3406
Test Results:
r2: 0.5745
rmse: 0.4783
mae: 0.3566
4/101
train r2: 0.6977610144418402, valid r2: 0.16382035936190464, test r2: 0.6484780260942817
Training Results:
r2: 0.6978
rmse: 0.4467
mae: 0.3284
Validation Results:
r2: 0.1638
rmse: 0.4680
mae: 0.3599
Test Results:
r2: 0.6485
rmse: 0.4347
mae: 0.3142
5/101
train r2: 0.7115344112177757, valid r2: 0.020162018837169393, test r2: 0.6602720800759052
Training Results:
r2: 0.7115
rmse: 0.4356
mae: 0.3275
Validation Results:
r2: 0.0202
rmse: 0.5066
mae: 0.4105
Test Results:
r2: 0.6603
rmse: 0.4273
mae: 0.3154
6/101
train r2: 0.7298924752197804, valid r2: -0.05222512601593077, test r2: 0.5696300511294901
Training Results:
r2: 0.7299
rmse: 0.4228
mae: 0.3359
Validation Results:
r2: -0.0522
rmse: 0.5250
mae: 0.4264
Test Results:
r2: 0.5696
rmse: 0.4810
mae: 0.3957
7/101
train r2: 0.7357203808359116, valid r2: 0.2674388490513636, test r2: 0.5533312072440943
Training Results:
r2: 0.7357
rmse: 0.4180
mae: 0.3132
Validation Results:
r2: 0.2674
rmse: 0.4380
mae: 0.3192
Test Results:
r2: 0.5533
rmse: 0.4900
mae: 0.3782
8/101
train r2: 0.8329320499590955, valid r2: 0.2864371176613911, test r2: 0.6439901475140024
Training Results:
r2: 0.8329
rmse: 0.3325
mae: 0.2468
Validation Results:
r2: 0.2864
rmse: 0.4323
mae: 0.3260
Test Results:
r2: 0.6440
rmse: 0.4375
mae: 0.3089
9/101
train r2: 0.8374087026421593, valid r2: 0.28778385936830186, test r2: 0.6880537216164788
Training Results:
r2: 0.8374
rmse: 0.3280
mae: 0.2401
Validation Results:
r2: 0.2878
rmse: 0.4319
mae: 0.3180
Test Results:
r2: 0.6881
rmse: 0.4095
mae: 0.3036
10/101
train r2: 0.8464097554201423, valid r2: 0.2587747571418253, test r2: 0.595777819561407
Training Results:
r2: 0.8464
rmse: 0.3186
mae: 0.2443
Validation Results:
r2: 0.2588
rmse: 0.4406
mae: 0.3312
Test Results:
r2: 0.5958
rmse: 0.4661
mae: 0.3615
11/101
train r2: 0.8149745367133934, valid r2: 0.2485153489142875, test r2: 0.5301802442861244
Training Results:
r2: 0.8150
rmse: 0.3499
mae: 0.2614
Validation Results:
r2: 0.2485
rmse: 0.4436
mae: 0.3321
Test Results:
r2: 0.5302
rmse: 0.5026
mae: 0.3815
12/101
train r2: 0.8901522511923599, valid r2: 0.24288522410046876, test r2: 0.6697012666569886
Training Results:
r2: 0.8902
rmse: 0.2693
mae: 0.1952
Validation Results:
r2: 0.2429
rmse: 0.4453
mae: 0.3226
Test Results:
r2: 0.6697
rmse: 0.4214
mae: 0.2985
13/101
train r2: 0.8880829940727898, valid r2: 0.32054832808539513, test r2: 0.6322487973113347
Training Results:
r2: 0.8881
rmse: 0.2722
mae: 0.2033
Validation Results:
r2: 0.3205
rmse: 0.4218
mae: 0.3084
Test Results:
r2: 0.6322
rmse: 0.4446
mae: 0.3385
14/101
train r2: 0.8960640395137089, valid r2: 0.2869854919972016, test r2: 0.6872673077774105
Training Results:
r2: 0.8961
rmse: 0.2615
mae: 0.1937
Validation Results:
r2: 0.2870
rmse: 0.4321
mae: 0.3229
Test Results:
r2: 0.6873
rmse: 0.4100
mae: 0.3017
15/101
train r2: 0.9317487534104942, valid r2: 0.302025790546422, test r2: 0.6808228655639097
Training Results:
r2: 0.9317
rmse: 0.2122
mae: 0.1529
Validation Results:
r2: 0.3020
rmse: 0.4275
mae: 0.3175
Test Results:
r2: 0.6808
rmse: 0.4142
mae: 0.3064
16/101
train r2: 0.9403043048415007, valid r2: 0.3170404936348493, test r2: 0.7059149322039397
Training Results:
r2: 0.9403
rmse: 0.1987
mae: 0.1427
Validation Results:
r2: 0.3170
rmse: 0.4229
mae: 0.3085
Test Results:
r2: 0.7059
rmse: 0.3976
mae: 0.2977
17/101
train r2: 0.9348937131739623, valid r2: 0.27719763454204716, test r2: 0.6975169204587224
Training Results:
r2: 0.9349
rmse: 0.2075
mae: 0.1573
Validation Results:
r2: 0.2772
rmse: 0.4351
mae: 0.3179
Test Results:
r2: 0.6975
rmse: 0.4032
mae: 0.2933
18/101
train r2: 0.9471688565727588, valid r2: 0.1996684074140056, test r2: 0.7073297460738107
Training Results:
r2: 0.9472
rmse: 0.1865
mae: 0.1365
Validation Results:
r2: 0.1997
rmse: 0.4578
mae: 0.3441
Test Results:
r2: 0.7073
rmse: 0.3966
mae: 0.2958
19/101
train r2: 0.9565762495652457, valid r2: 0.2510367122954682, test r2: 0.6870933878156311
Training Results:
r2: 0.9566
rmse: 0.1693
mae: 0.1213
Validation Results:
r2: 0.2510
rmse: 0.4429
mae: 0.3295
Test Results:
r2: 0.6871
rmse: 0.4101
mae: 0.3130
20/101
train r2: 0.9621158453239553, valid r2: 0.3008919035776719, test r2: 0.6722852667691184
Training Results:
r2: 0.9621
rmse: 0.1582
mae: 0.1137
Validation Results:
r2: 0.3009
rmse: 0.4279
mae: 0.3170
Test Results:
r2: 0.6723
rmse: 0.4197
mae: 0.3139
21/101
train r2: 0.9711092149336173, valid r2: 0.23380158708419807, test r2: 0.7040209906430929
Training Results:
r2: 0.9711
rmse: 0.1380
mae: 0.1026
Validation Results:
r2: 0.2338
rmse: 0.4480
mae: 0.3333
Test Results:
r2: 0.7040
rmse: 0.3989
mae: 0.2963
22/101
train r2: 0.9740072077700141, valid r2: 0.22922762305981836, test r2: 0.7131970996753938
Training Results:
r2: 0.9740
rmse: 0.1308
mae: 0.0963
Validation Results:
r2: 0.2292
rmse: 0.4493
mae: 0.3280
Test Results:
r2: 0.7132
rmse: 0.3927
mae: 0.2878
23/101
train r2: 0.9800718677601833, valid r2: 0.28043169601154827, test r2: 0.6983191026877322
Training Results:
r2: 0.9801
rmse: 0.1147
mae: 0.0846
Validation Results:
r2: 0.2804
rmse: 0.4341
mae: 0.3171
Test Results:
r2: 0.6983
rmse: 0.4027
mae: 0.2933
24/101
train r2: 0.9783483588263814, valid r2: 0.24559220393580916, test r2: 0.7068872320107086
Training Results:
r2: 0.9783
rmse: 0.1195
mae: 0.0897
Validation Results:
r2: 0.2456
rmse: 0.4445
mae: 0.3296
Test Results:
r2: 0.7069
rmse: 0.3969
mae: 0.2954
25/101
train r2: 0.9817631883986762, valid r2: 0.2699831306929674, test r2: 0.7051593592797736
Training Results:
r2: 0.9818
rmse: 0.1098
mae: 0.0823
Validation Results:
r2: 0.2700
rmse: 0.4373
mae: 0.3263
Test Results:
r2: 0.7052
rmse: 0.3981
mae: 0.2960
26/101
train r2: 0.9825321465306489, valid r2: 0.25226978607978134, test r2: 0.6935381255134789
Training Results:
r2: 0.9825
rmse: 0.1075
mae: 0.0799
Validation Results:
r2: 0.2523
rmse: 0.4425
mae: 0.3245
Test Results:
r2: 0.6935
rmse: 0.4059
mae: 0.3002
27/101
train r2: 0.988182757861537, valid r2: 0.2534075949034331, test r2: 0.6946842229918913
Training Results:
r2: 0.9882
rmse: 0.0881
mae: 0.0669
Validation Results:
r2: 0.2534
rmse: 0.4422
mae: 0.3301
Test Results:
r2: 0.6947
rmse: 0.4051
mae: 0.3035
28/101
train r2: 0.9896926657344777, valid r2: 0.23485826362669915, test r2: 0.6957896539691916
Training Results:
r2: 0.9897
rmse: 0.0826
mae: 0.0625
Validation Results:
r2: 0.2349
rmse: 0.4476
mae: 0.3326
Test Results:
r2: 0.6958
rmse: 0.4044
mae: 0.3001
29/101
train r2: 0.9885843004961091, valid r2: 0.2580134285011144, test r2: 0.6951895883276242
Training Results:
r2: 0.9886
rmse: 0.0870
mae: 0.0657
Validation Results:
r2: 0.2580
rmse: 0.4408
mae: 0.3276
Test Results:
r2: 0.6952
rmse: 0.4048
mae: 0.3042
30/101
train r2: 0.984583070041987, valid r2: 0.21245980611555015, test r2: 0.6845339230606389
Training Results:
r2: 0.9846
rmse: 0.1011
mae: 0.0732
Validation Results:
r2: 0.2125
rmse: 0.4542
mae: 0.3436
Test Results:
r2: 0.6845
rmse: 0.4118
mae: 0.3116
31/101
train r2: 0.9886662990989948, valid r2: 0.25880649901622255, test r2: 0.71037165286938
Training Results:
r2: 0.9887
rmse: 0.0865
mae: 0.0637
Validation Results:
r2: 0.2588
rmse: 0.4406
mae: 0.3243
Test Results:
r2: 0.7104
rmse: 0.3946
mae: 0.2940
32/101
train r2: 0.9862626221485948, valid r2: 0.2384482374543031, test r2: 0.6791690771629505
Training Results:
r2: 0.9863
rmse: 0.0953
mae: 0.0687
Validation Results:
r2: 0.2384
rmse: 0.4466
mae: 0.3317
Test Results:
r2: 0.6792
rmse: 0.4153
mae: 0.3129
33/101
train r2: 0.9900195373694992, valid r2: 0.23637853085409488, test r2: 0.6841291781381293
Training Results:
r2: 0.9900
rmse: 0.0812
mae: 0.0594
Validation Results:
r2: 0.2364
rmse: 0.4472
mae: 0.3307
Test Results:
r2: 0.6841
rmse: 0.4121
mae: 0.3074
break!
train: 0.8881, val: 0.3205, test: 0.6322
end_test_result: (0.6322487973113347, 0.4446220397949219, 0.33846941590309143)
args.seed: 2064
use label scaler
use label scaler
use label scaler
model have 90.143705M paramerters in total
train_dataset.mean: tensor([-5.6600]) train_dataset.std: tensor([0.9700])
1/101
train r2: 0.30836555014651246, valid r2: -0.03867496510064772, test r2: 0.20524727593870606
Training Results:
r2: 0.3084
rmse: 0.6754
mae: 0.5049
Validation Results:
r2: -0.0387
rmse: 0.5216
mae: 0.4250
Test Results:
r2: 0.2052
rmse: 0.6536
mae: 0.5203
2/101
train r2: 0.42857436499764756, valid r2: 0.08341038389016386, test r2: 0.4692097607151233
Training Results:
r2: 0.4286
rmse: 0.6143
mae: 0.4369
Validation Results:
r2: 0.0834
rmse: 0.4900
mae: 0.3529
Test Results:
r2: 0.4692
rmse: 0.5342
mae: 0.3667
3/101
train r2: 0.559740858907068, valid r2: 0.11610891427885839, test r2: 0.6545456018679565
Training Results:
r2: 0.5597
rmse: 0.5391
mae: 0.4084
Validation Results:
r2: 0.1161
rmse: 0.4811
mae: 0.3860
Test Results:
r2: 0.6545
rmse: 0.4309
mae: 0.3015
4/101
train r2: 0.6218100682600644, valid r2: 0.15629852244044495, test r2: 0.5206939067280907
Training Results:
r2: 0.6218
rmse: 0.5003
mae: 0.3869
Validation Results:
r2: 0.1563
rmse: 0.4701
mae: 0.3382
Test Results:
r2: 0.5207
rmse: 0.5076
mae: 0.3606
5/101
train r2: 0.754521375544386, valid r2: 0.1734511699454001, test r2: 0.6678757385106195
Training Results:
r2: 0.7545
rmse: 0.4028
mae: 0.3012
Validation Results:
r2: 0.1735
rmse: 0.4653
mae: 0.3655
Test Results:
r2: 0.6679
rmse: 0.4225
mae: 0.3210
6/101
train r2: 0.7793038430341918, valid r2: 0.15702976095983712, test r2: 0.704654574909765
Training Results:
r2: 0.7793
rmse: 0.3818
mae: 0.2766
Validation Results:
r2: 0.1570
rmse: 0.4699
mae: 0.3719
Test Results:
r2: 0.7047
rmse: 0.3985
mae: 0.2908
7/101
train r2: 0.6982584324705641, valid r2: 0.0652380482652325, test r2: 0.450726389662519
Training Results:
r2: 0.6983
rmse: 0.4462
mae: 0.3380
Validation Results:
r2: 0.0652
rmse: 0.4948
mae: 0.3476
Test Results:
r2: 0.4507
rmse: 0.5434
mae: 0.4063
8/101
train r2: 0.7667974258944459, valid r2: -0.34708239620480863, test r2: 0.5089623631072231
Training Results:
r2: 0.7668
rmse: 0.3921
mae: 0.3103
Validation Results:
r2: -0.3471
rmse: 0.5940
mae: 0.4830
Test Results:
r2: 0.5090
rmse: 0.5138
mae: 0.4300
9/101
train r2: 0.8268160104147753, valid r2: 0.17106817831623244, test r2: 0.7087037836411536
Training Results:
r2: 0.8268
rmse: 0.3382
mae: 0.2520
Validation Results:
r2: 0.1711
rmse: 0.4659
mae: 0.3478
Test Results:
r2: 0.7087
rmse: 0.3957
mae: 0.2773
10/101
train r2: 0.8365721911910524, valid r2: 0.24509965220704832, test r2: 0.6516753489864335
Training Results:
r2: 0.8366
rmse: 0.3285
mae: 0.2373
Validation Results:
r2: 0.2451
rmse: 0.4446
mae: 0.3195
Test Results:
r2: 0.6517
rmse: 0.4327
mae: 0.3139
11/101
train r2: 0.8531762403032509, valid r2: 0.14196514619646783, test r2: 0.6414612647549576
Training Results:
r2: 0.8532
rmse: 0.3117
mae: 0.2355
Validation Results:
r2: 0.1420
rmse: 0.4740
mae: 0.3628
Test Results:
r2: 0.6415
rmse: 0.4390
mae: 0.3394
12/101
train r2: 0.8746081882227712, valid r2: 0.26269631619137546, test r2: 0.6933381377286947
Training Results:
r2: 0.8746
rmse: 0.2878
mae: 0.2100
Validation Results:
r2: 0.2627
rmse: 0.4394
mae: 0.3176
Test Results:
r2: 0.6933
rmse: 0.4060
mae: 0.2836
13/101
train r2: 0.9010308179068491, valid r2: 0.224120782787663, test r2: 0.6698334518517397
Training Results:
r2: 0.9010
rmse: 0.2558
mae: 0.1917
Validation Results:
r2: 0.2241
rmse: 0.4508
mae: 0.3358
Test Results:
r2: 0.6698
rmse: 0.4213
mae: 0.2977
14/101
train r2: 0.8777982342127575, valid r2: 0.17240686553650775, test r2: 0.6932551631633337
Training Results:
r2: 0.8778
rmse: 0.2844
mae: 0.2135
Validation Results:
r2: 0.1724
rmse: 0.4656
mae: 0.3374
Test Results:
r2: 0.6933
rmse: 0.4061
mae: 0.2930
15/101
train r2: 0.9044028611575501, valid r2: 0.24852573982861748, test r2: 0.678173819158831
Training Results:
r2: 0.9044
rmse: 0.2517
mae: 0.1836
Validation Results:
r2: 0.2485
rmse: 0.4436
mae: 0.3301
Test Results:
r2: 0.6782
rmse: 0.4159
mae: 0.2956
16/101
train r2: 0.9343782340048137, valid r2: 0.21234209350553368, test r2: 0.6696869079536198
Training Results:
r2: 0.9344
rmse: 0.2080
mae: 0.1510
Validation Results:
r2: 0.2123
rmse: 0.4542
mae: 0.3285
Test Results:
r2: 0.6697
rmse: 0.4214
mae: 0.3145
17/101
train r2: 0.9443432109759613, valid r2: 0.20753295350450462, test r2: 0.6759247554081045
Training Results:
r2: 0.9443
rmse: 0.1913
mae: 0.1378
Validation Results:
r2: 0.2075
rmse: 0.4556
mae: 0.3459
Test Results:
r2: 0.6759
rmse: 0.4174
mae: 0.3194
18/101
train r2: 0.9418248896146855, valid r2: 0.22579091224949988, test r2: 0.7020513910653672
Training Results:
r2: 0.9418
rmse: 0.1961
mae: 0.1436
Validation Results:
r2: 0.2258
rmse: 0.4503
mae: 0.3339
Test Results:
r2: 0.7021
rmse: 0.4002
mae: 0.2970
19/101
train r2: 0.9382273280460217, valid r2: 0.23381623912909144, test r2: 0.709274283847844
Training Results:
r2: 0.9382
rmse: 0.2019
mae: 0.1454
Validation Results:
r2: 0.2338
rmse: 0.4480
mae: 0.3310
Test Results:
r2: 0.7093
rmse: 0.3953
mae: 0.2852
20/101
train r2: 0.951831920940581, valid r2: 0.19704806925864737, test r2: 0.6939098406976227
Training Results:
r2: 0.9518
rmse: 0.1785
mae: 0.1312
Validation Results:
r2: 0.1970
rmse: 0.4586
mae: 0.3392
Test Results:
r2: 0.6939
rmse: 0.4056
mae: 0.2970
21/101
train r2: 0.9622985340152538, valid r2: 0.2090127206439536, test r2: 0.6670555803283886
Training Results:
r2: 0.9623
rmse: 0.1579
mae: 0.1158
Validation Results:
r2: 0.2090
rmse: 0.4551
mae: 0.3444
Test Results:
r2: 0.6671
rmse: 0.4231
mae: 0.3258
22/101
train r2: 0.9645731005256639, valid r2: 0.13331122449719746, test r2: 0.6373404816395961
Training Results:
r2: 0.9646
rmse: 0.1532
mae: 0.1158
Validation Results:
r2: 0.1333
rmse: 0.4764
mae: 0.3589
Test Results:
r2: 0.6373
rmse: 0.4415
mae: 0.3520
23/101
train r2: 0.9731112152428579, valid r2: 0.23556910911398465, test r2: 0.7020192481472742
Training Results:
r2: 0.9731
rmse: 0.1333
mae: 0.0974
Validation Results:
r2: 0.2356
rmse: 0.4474
mae: 0.3292
Test Results:
r2: 0.7020
rmse: 0.4002
mae: 0.2961
24/101
train r2: 0.9783902998965294, valid r2: 0.20390096901225285, test r2: 0.7020930824737561
Training Results:
r2: 0.9784
rmse: 0.1194
mae: 0.0890
Validation Results:
r2: 0.2039
rmse: 0.4566
mae: 0.3359
Test Results:
r2: 0.7021
rmse: 0.4002
mae: 0.2943
25/101
train r2: 0.9802639127476878, valid r2: 0.24766504949943147, test r2: 0.7017344909201713
Training Results:
r2: 0.9803
rmse: 0.1141
mae: 0.0850
Validation Results:
r2: 0.2477
rmse: 0.4439
mae: 0.3259
Test Results:
r2: 0.7017
rmse: 0.4004
mae: 0.2870
26/101
train r2: 0.9809148574030775, valid r2: 0.20737911289550237, test r2: 0.7030190339619617
Training Results:
r2: 0.9809
rmse: 0.1123
mae: 0.0865
Validation Results:
r2: 0.2074
rmse: 0.4556
mae: 0.3317
Test Results:
r2: 0.7030
rmse: 0.3996
mae: 0.2907
27/101
train r2: 0.9861370427703876, valid r2: 0.21237160469983896, test r2: 0.6922222751033448
Training Results:
r2: 0.9861
rmse: 0.0956
mae: 0.0730
Validation Results:
r2: 0.2124
rmse: 0.4542
mae: 0.3324
Test Results:
r2: 0.6922
rmse: 0.4068
mae: 0.3044
28/101
train r2: 0.9853526177306838, valid r2: 0.239213585020859, test r2: 0.6960025072529515
Training Results:
r2: 0.9854
rmse: 0.0983
mae: 0.0727
Validation Results:
r2: 0.2392
rmse: 0.4464
mae: 0.3255
Test Results:
r2: 0.6960
rmse: 0.4042
mae: 0.2968
29/101
train r2: 0.9883992617955278, valid r2: 0.1568201069362446, test r2: 0.6718952304585981
Training Results:
r2: 0.9884
rmse: 0.0876
mae: 0.0664
Validation Results:
r2: 0.1568
rmse: 0.4699
mae: 0.3500
Test Results:
r2: 0.6719
rmse: 0.4200
mae: 0.3148
30/101
train r2: 0.9890886348556858, valid r2: 0.1482188341336167, test r2: 0.6847878404115912
Training Results:
r2: 0.9891
rmse: 0.0849
mae: 0.0633
Validation Results:
r2: 0.1482
rmse: 0.4723
mae: 0.3444
Test Results:
r2: 0.6848
rmse: 0.4116
mae: 0.2995
31/101
train r2: 0.9890940378052563, valid r2: 0.2329768314094529, test r2: 0.676431472676227
Training Results:
r2: 0.9891
rmse: 0.0849
mae: 0.0641
Validation Results:
r2: 0.2330
rmse: 0.4482
mae: 0.3293
Test Results:
r2: 0.6764
rmse: 0.4171
mae: 0.3024
32/101
train r2: 0.9898792203805871, valid r2: 0.22837472329908914, test r2: 0.6986357742225806
Training Results:
r2: 0.9899
rmse: 0.0819
mae: 0.0610
Validation Results:
r2: 0.2284
rmse: 0.4495
mae: 0.3287
Test Results:
r2: 0.6986
rmse: 0.4025
mae: 0.2960
break!
train: 0.8746, val: 0.2627, test: 0.6933
end_test_result: (0.6933381377286947, 0.40601661801338196, 0.2836242616176605)
Time used on PAMPA1: 2:5:32
Current seed: 2034, current split method: Perimeter, current task: PAMPA1
Namespace(seed=2024, times=5, n_epochs=100, config='base', model_path='../models/pretrained/base/base.pth', dataset='PAMPA1', data_path='../datasets/', dataset_type='regression', use_scaler=True, metric=['r2', 'rmse', 'mae'], split='Perimeter_2034', weight_decay=0.0, dropout=0.0, lr=3e-05, n_threads=8)
args.seed: 2024
use label scaler
use label scaler
use label scaler
model have 90.143705M paramerters in total
train_dataset.mean: tensor([-5.6400]) train_dataset.std: tensor([0.9600])
1/101
train r2: 0.31923768192407853, valid r2: 0.16784285863771697, test r2: 0.20828035516164511
Training Results:
r2: 0.3192
rmse: 0.6627
mae: 0.5049
Validation Results:
r2: 0.1678
rmse: 0.6100
mae: 0.4887
Test Results:
r2: 0.2083
rmse: 0.5538
mae: 0.4446
2/101
train r2: 0.4845816957341058, valid r2: 0.38128777172878603, test r2: 0.46198164696757626
Training Results:
r2: 0.4846
rmse: 0.5777
mae: 0.4251
Validation Results:
r2: 0.3813
rmse: 0.5260
mae: 0.3973
Test Results:
r2: 0.4620
rmse: 0.4565
mae: 0.3414
3/101
train r2: 0.5922293068531022, valid r2: 0.5268097597782275, test r2: 0.4905790665929637
Training Results:
r2: 0.5922
rmse: 0.5137
mae: 0.3759
Validation Results:
r2: 0.5268
rmse: 0.4600
mae: 0.3257
Test Results:
r2: 0.4906
rmse: 0.4442
mae: 0.3389
4/101
train r2: 0.7021657449571963, valid r2: 0.49821937594515076, test r2: 0.5877213748237893
Training Results:
r2: 0.7022
rmse: 0.4393
mae: 0.3287
Validation Results:
r2: 0.4982
rmse: 0.4737
mae: 0.3612
Test Results:
r2: 0.5877
rmse: 0.3996
mae: 0.3048
5/101
train r2: 0.7149537062479259, valid r2: 0.5042470115829969, test r2: 0.5507069708453457
Training Results:
r2: 0.7150
rmse: 0.4297
mae: 0.3300
Validation Results:
r2: 0.5042
rmse: 0.4708
mae: 0.3479
Test Results:
r2: 0.5507
rmse: 0.4172
mae: 0.3256
6/101
train r2: 0.7124036017452275, valid r2: 0.498365458743409, test r2: 0.5454652675091398
Training Results:
r2: 0.7124
rmse: 0.4317
mae: 0.3267
Validation Results:
r2: 0.4984
rmse: 0.4736
mae: 0.3379
Test Results:
r2: 0.5455
rmse: 0.4196
mae: 0.3108
7/101
train r2: 0.8096220337531117, valid r2: 0.4885562687363161, test r2: 0.5863381854034682
Training Results:
r2: 0.8096
rmse: 0.3511
mae: 0.2510
Validation Results:
r2: 0.4886
rmse: 0.4782
mae: 0.3382
Test Results:
r2: 0.5863
rmse: 0.4003
mae: 0.3018
8/101
train r2: 0.7718489826321193, valid r2: 0.49931476242165984, test r2: 0.582848147433936
Training Results:
r2: 0.7718
rmse: 0.3843
mae: 0.2871
Validation Results:
r2: 0.4993
rmse: 0.4732
mae: 0.3436
Test Results:
r2: 0.5828
rmse: 0.4020
mae: 0.3031
9/101
train r2: 0.8431619950335565, valid r2: 0.5333695593823976, test r2: 0.6102534229295092
Training Results:
r2: 0.8432
rmse: 0.3186
mae: 0.2318
Validation Results:
r2: 0.5334
rmse: 0.4568
mae: 0.3311
Test Results:
r2: 0.6103
rmse: 0.3885
mae: 0.2990
10/101
train r2: 0.8279082190936106, valid r2: 0.33921167402708197, test r2: 0.455553175494956
Training Results:
r2: 0.8279
rmse: 0.3339
mae: 0.2420
Validation Results:
r2: 0.3392
rmse: 0.5436
mae: 0.4339
Test Results:
r2: 0.4556
rmse: 0.4592
mae: 0.3692
11/101
train r2: 0.8184297390667329, valid r2: 0.5159940564184696, test r2: 0.500944234411183
Training Results:
r2: 0.8184
rmse: 0.3425
mae: 0.2590
Validation Results:
r2: 0.5160
rmse: 0.4652
mae: 0.3555
Test Results:
r2: 0.5009
rmse: 0.4397
mae: 0.3530
12/101
train r2: 0.8601336332008112, valid r2: 0.5683802377601759, test r2: 0.546084421436628
Training Results:
r2: 0.8601
rmse: 0.3009
mae: 0.2161
Validation Results:
r2: 0.5684
rmse: 0.4393
mae: 0.3278
Test Results:
r2: 0.5461
rmse: 0.4193
mae: 0.3251
13/101
train r2: 0.8840440320860433, valid r2: 0.5405247326329263, test r2: 0.5808410193623368
Training Results:
r2: 0.8840
rmse: 0.2741
mae: 0.1973
Validation Results:
r2: 0.5405
rmse: 0.4533
mae: 0.3320
Test Results:
r2: 0.5808
rmse: 0.4029
mae: 0.2998
14/101
train r2: 0.8947334440369992, valid r2: 0.5579416051070505, test r2: 0.5514946991558809
Training Results:
r2: 0.8947
rmse: 0.2610
mae: 0.1886
Validation Results:
r2: 0.5579
rmse: 0.4446
mae: 0.3330
Test Results:
r2: 0.5515
rmse: 0.4168
mae: 0.3111
15/101
train r2: 0.9074228461111012, valid r2: 0.5624245269143755, test r2: 0.5696129045094237
Training Results:
r2: 0.9074
rmse: 0.2448
mae: 0.1769
Validation Results:
r2: 0.5624
rmse: 0.4423
mae: 0.3249
Test Results:
r2: 0.5696
rmse: 0.4083
mae: 0.3080
16/101
train r2: 0.9214585657182349, valid r2: 0.5409517133897079, test r2: 0.5376940289219525
Training Results:
r2: 0.9215
rmse: 0.2256
mae: 0.1607
Validation Results:
r2: 0.5410
rmse: 0.4531
mae: 0.3385
Test Results:
r2: 0.5377
rmse: 0.4232
mae: 0.3192
17/101
train r2: 0.9395741108776153, valid r2: 0.5671226139533092, test r2: 0.5747667775703389
Training Results:
r2: 0.9396
rmse: 0.1979
mae: 0.1404
Validation Results:
r2: 0.5671
rmse: 0.4399
mae: 0.3256
Test Results:
r2: 0.5748
rmse: 0.4058
mae: 0.3064
18/101
train r2: 0.9427692991756208, valid r2: 0.5567255139184604, test r2: 0.5197200317323738
Training Results:
r2: 0.9428
rmse: 0.1927
mae: 0.1372
Validation Results:
r2: 0.5567
rmse: 0.4452
mae: 0.3382
Test Results:
r2: 0.5197
rmse: 0.4313
mae: 0.3301
19/101
train r2: 0.9512577131459246, valid r2: 0.5320154748369778, test r2: 0.48652273138672253
Training Results:
r2: 0.9513
rmse: 0.1778
mae: 0.1296
Validation Results:
r2: 0.5320
rmse: 0.4574
mae: 0.3373
Test Results:
r2: 0.4865
rmse: 0.4460
mae: 0.3367
20/101
train r2: 0.9561873267799057, valid r2: 0.5812222716457257, test r2: 0.5650595878504593
Training Results:
r2: 0.9562
rmse: 0.1686
mae: 0.1222
Validation Results:
r2: 0.5812
rmse: 0.4327
mae: 0.3234
Test Results:
r2: 0.5651
rmse: 0.4104
mae: 0.3080
21/101
train r2: 0.9612146273028997, valid r2: 0.5320915178484771, test r2: 0.5216861588629872
Training Results:
r2: 0.9612
rmse: 0.1584
mae: 0.1167
Validation Results:
r2: 0.5321
rmse: 0.4574
mae: 0.3405
Test Results:
r2: 0.5217
rmse: 0.4304
mae: 0.3233
22/101
train r2: 0.9666843807213525, valid r2: 0.5390639335278422, test r2: 0.5654996695093599
Training Results:
r2: 0.9667
rmse: 0.1468
mae: 0.1074
Validation Results:
r2: 0.5391
rmse: 0.4540
mae: 0.3326
Test Results:
r2: 0.5655
rmse: 0.4102
mae: 0.3044
23/101
train r2: 0.9732680605774103, valid r2: 0.5710938009717088, test r2: 0.5308449400345523
Training Results:
r2: 0.9733
rmse: 0.1316
mae: 0.0980
Validation Results:
r2: 0.5711
rmse: 0.4379
mae: 0.3245
Test Results:
r2: 0.5308
rmse: 0.4263
mae: 0.3237
24/101
train r2: 0.9782691515118037, valid r2: 0.5454914881853383, test r2: 0.4799735632861415
Training Results:
r2: 0.9783
rmse: 0.1185
mae: 0.0890
Validation Results:
r2: 0.5455
rmse: 0.4508
mae: 0.3418
Test Results:
r2: 0.4800
rmse: 0.4488
mae: 0.3390
25/101
train r2: 0.9726034092593783, valid r2: 0.5622161664566306, test r2: 0.5448524419639807
Training Results:
r2: 0.9726
rmse: 0.1332
mae: 0.0978
Validation Results:
r2: 0.5622
rmse: 0.4424
mae: 0.3254
Test Results:
r2: 0.5449
rmse: 0.4199
mae: 0.3128
26/101
train r2: 0.9774985215991773, valid r2: 0.5347357814258911, test r2: 0.5065090694038543
Training Results:
r2: 0.9775
rmse: 0.1207
mae: 0.0929
Validation Results:
r2: 0.5347
rmse: 0.4561
mae: 0.3392
Test Results:
r2: 0.5065
rmse: 0.4372
mae: 0.3224
27/101
train r2: 0.9874945826837424, valid r2: 0.5355946077994451, test r2: 0.4735035078999753
Training Results:
r2: 0.9875
rmse: 0.0900
mae: 0.0670
Validation Results:
r2: 0.5356
rmse: 0.4557
mae: 0.3421
Test Results:
r2: 0.4735
rmse: 0.4516
mae: 0.3371
28/101
train r2: 0.9884553551608878, valid r2: 0.5268367841942474, test r2: 0.4936195423642934
Training Results:
r2: 0.9885
rmse: 0.0865
mae: 0.0636
Validation Results:
r2: 0.5268
rmse: 0.4600
mae: 0.3469
Test Results:
r2: 0.4936
rmse: 0.4429
mae: 0.3320
29/101
train r2: 0.9868093851065419, valid r2: 0.547447959184006, test r2: 0.49990530268604905
Training Results:
r2: 0.9868
rmse: 0.0924
mae: 0.0684
Validation Results:
r2: 0.5474
rmse: 0.4498
mae: 0.3383
Test Results:
r2: 0.4999
rmse: 0.4401
mae: 0.3295
30/101
train r2: 0.9909275202019938, valid r2: 0.5562611166381807, test r2: 0.4902430303639447
Training Results:
r2: 0.9909
rmse: 0.0767
mae: 0.0568
Validation Results:
r2: 0.5563
rmse: 0.4454
mae: 0.3310
Test Results:
r2: 0.4902
rmse: 0.4443
mae: 0.3292
31/101
train r2: 0.9914910307637248, valid r2: 0.5723896540515854, test r2: 0.5163557184228146
Training Results:
r2: 0.9915
rmse: 0.0742
mae: 0.0568
Validation Results:
r2: 0.5724
rmse: 0.4373
mae: 0.3245
Test Results:
r2: 0.5164
rmse: 0.4328
mae: 0.3222
32/101
train r2: 0.9917573458513854, valid r2: 0.5518054663652014, test r2: 0.5003330132890669
Training Results:
r2: 0.9918
rmse: 0.0731
mae: 0.0546
Validation Results:
r2: 0.5518
rmse: 0.4477
mae: 0.3346
Test Results:
r2: 0.5003
rmse: 0.4399
mae: 0.3248
33/101
train r2: 0.9885101951120997, valid r2: 0.5437198499155373, test r2: 0.53489187921323
Training Results:
r2: 0.9885
rmse: 0.0863
mae: 0.0655
Validation Results:
r2: 0.5437
rmse: 0.4517
mae: 0.3377
Test Results:
r2: 0.5349
rmse: 0.4244
mae: 0.3158
34/101
train r2: 0.9881850417239093, valid r2: 0.5482698714602499, test r2: 0.5161348907193712
Training Results:
r2: 0.9882
rmse: 0.0875
mae: 0.0663
Validation Results:
r2: 0.5483
rmse: 0.4494
mae: 0.3381
Test Results:
r2: 0.5161
rmse: 0.4329
mae: 0.3282
35/101
train r2: 0.9868194043815338, valid r2: 0.5760600068880706, test r2: 0.5372716231532584
Training Results:
r2: 0.9868
rmse: 0.0924
mae: 0.0689
Validation Results:
r2: 0.5761
rmse: 0.4354
mae: 0.3248
Test Results:
r2: 0.5373
rmse: 0.4234
mae: 0.3137
36/101
train r2: 0.9879570203616153, valid r2: 0.5312258456960008, test r2: 0.5075298637641315
Training Results:
r2: 0.9880
rmse: 0.0882
mae: 0.0659
Validation Results:
r2: 0.5312
rmse: 0.4578
mae: 0.3382
Test Results:
r2: 0.5075
rmse: 0.4367
mae: 0.3221
37/101
train r2: 0.9873818018619852, valid r2: 0.5691592780044572, test r2: 0.5427778953426503
Training Results:
r2: 0.9874
rmse: 0.0904
mae: 0.0678
Validation Results:
r2: 0.5692
rmse: 0.4389
mae: 0.3264
Test Results:
r2: 0.5428
rmse: 0.4208
mae: 0.3112
38/101
train r2: 0.9877726104516052, valid r2: 0.5620839438935384, test r2: 0.5393608745989047
Training Results:
r2: 0.9878
rmse: 0.0890
mae: 0.0666
Validation Results:
r2: 0.5621
rmse: 0.4425
mae: 0.3275
Test Results:
r2: 0.5394
rmse: 0.4224
mae: 0.3108
39/101
train r2: 0.9908093261244263, valid r2: 0.5711508560979663, test r2: 0.5484264787123072
Training Results:
r2: 0.9908
rmse: 0.0772
mae: 0.0578
Validation Results:
r2: 0.5712
rmse: 0.4379
mae: 0.3245
Test Results:
r2: 0.5484
rmse: 0.4182
mae: 0.3137
40/101
train r2: 0.9795108635871304, valid r2: 0.5250518439835281, test r2: 0.4828446704754954
Training Results:
r2: 0.9795
rmse: 0.1152
mae: 0.0826
Validation Results:
r2: 0.5251
rmse: 0.4608
mae: 0.3475
Test Results:
r2: 0.4828
rmse: 0.4476
mae: 0.3432
break!
train: 0.9562, val: 0.5812, test: 0.5651
end_test_result: (0.5650595878504593, 0.4104469120502472, 0.30798906087875366)
args.seed: 2034
use label scaler
use label scaler
use label scaler
model have 90.143705M paramerters in total
train_dataset.mean: tensor([-5.6400]) train_dataset.std: tensor([0.9600])
1/101
train r2: 0.31171962313560686, valid r2: 0.1458333724766816, test r2: 0.21467840632612845
Training Results:
r2: 0.3117
rmse: 0.6676
mae: 0.4987
Validation Results:
r2: 0.1458
rmse: 0.6180
mae: 0.4860
Test Results:
r2: 0.2147
rmse: 0.5515
mae: 0.4391
2/101
train r2: 0.46154507636822584, valid r2: 0.31123864783661304, test r2: 0.406284694821085
Training Results:
r2: 0.4615
rmse: 0.5905
mae: 0.4284
Validation Results:
r2: 0.3112
rmse: 0.5549
mae: 0.3887
Test Results:
r2: 0.4063
rmse: 0.4795
mae: 0.3527
3/101
train r2: 0.558651500096352, valid r2: 0.425896892344806, test r2: 0.4544238189503944
Training Results:
r2: 0.5587
rmse: 0.5349
mae: 0.3749
Validation Results:
r2: 0.4259
rmse: 0.5067
mae: 0.3566
Test Results:
r2: 0.4544
rmse: 0.4597
mae: 0.3525
4/101
train r2: 0.6703372900443407, valid r2: 0.4505665156558074, test r2: 0.4459588761153802
Training Results:
r2: 0.6703
rmse: 0.4625
mae: 0.3640
Validation Results:
r2: 0.4506
rmse: 0.4957
mae: 0.3840
Test Results:
r2: 0.4460
rmse: 0.4632
mae: 0.3737
5/101
train r2: 0.7660963802644252, valid r2: 0.5650309663826918, test r2: 0.6217397090039876
Training Results:
r2: 0.7661
rmse: 0.3892
mae: 0.2783
Validation Results:
r2: 0.5650
rmse: 0.4410
mae: 0.3264
Test Results:
r2: 0.6217
rmse: 0.3828
mae: 0.2970
6/101
train r2: 0.6475348084188426, valid r2: 0.026369541891658077, test r2: -0.10914162198019794
Training Results:
r2: 0.6475
rmse: 0.4780
mae: 0.3820
Validation Results:
r2: 0.0264
rmse: 0.6598
mae: 0.5616
Test Results:
r2: -0.1091
rmse: 0.6554
mae: 0.5744
7/101
train r2: 0.8014956135183178, valid r2: 0.4658157036679804, test r2: 0.47129546033856917
Training Results:
r2: 0.8015
rmse: 0.3587
mae: 0.2618
Validation Results:
r2: 0.4658
rmse: 0.4887
mae: 0.3825
Test Results:
r2: 0.4713
rmse: 0.4525
mae: 0.3603
8/101
train r2: 0.7716840368189607, valid r2: 0.5197874699932452, test r2: 0.5213713476666391
Training Results:
r2: 0.7717
rmse: 0.3845
mae: 0.2951
Validation Results:
r2: 0.5198
rmse: 0.4634
mae: 0.3537
Test Results:
r2: 0.5214
rmse: 0.4306
mae: 0.3368
9/101
train r2: 0.81902339738013, valid r2: 0.4835312024917666, test r2: 0.5754340042093298
Training Results:
r2: 0.8190
rmse: 0.3425
mae: 0.2547
Validation Results:
r2: 0.4835
rmse: 0.4806
mae: 0.3675
Test Results:
r2: 0.5754
rmse: 0.4055
mae: 0.3218
10/101
train r2: 0.8537587350782337, valid r2: 0.48547118850422566, test r2: 0.5619800025374276
Training Results:
r2: 0.8538
rmse: 0.3074
mae: 0.2258
Validation Results:
r2: 0.4855
rmse: 0.4796
mae: 0.3548
Test Results:
r2: 0.5620
rmse: 0.4119
mae: 0.3160
11/101
train r2: 0.8610299831655652, valid r2: 0.5936491522586331, test r2: 0.5942717702186748
Training Results:
r2: 0.8610
rmse: 0.2997
mae: 0.2170
Validation Results:
r2: 0.5936
rmse: 0.4263
mae: 0.3148
Test Results:
r2: 0.5943
rmse: 0.3964
mae: 0.2999
12/101
train r2: 0.8655013383042152, valid r2: 0.5024711137762039, test r2: 0.5082552063520189
Training Results:
r2: 0.8655
rmse: 0.2954
mae: 0.2146
Validation Results:
r2: 0.5025
rmse: 0.4717
mae: 0.3609
Test Results:
r2: 0.5083
rmse: 0.4364
mae: 0.3512
13/101
train r2: 0.8803677036329796, valid r2: 0.4964962600301551, test r2: 0.5552920045358215
Training Results:
r2: 0.8804
rmse: 0.2783
mae: 0.2081
Validation Results:
r2: 0.4965
rmse: 0.4745
mae: 0.3469
Test Results:
r2: 0.5553
rmse: 0.4150
mae: 0.3165
14/101
train r2: 0.9083119697125629, valid r2: 0.5740606335778652, test r2: 0.5974786967249247
Training Results:
r2: 0.9083
rmse: 0.2437
mae: 0.1744
Validation Results:
r2: 0.5741
rmse: 0.4364
mae: 0.3158
Test Results:
r2: 0.5975
rmse: 0.3949
mae: 0.2984
15/101
train r2: 0.9137047021613318, valid r2: 0.5695124509243575, test r2: 0.5703051893550641
Training Results:
r2: 0.9137
rmse: 0.2364
mae: 0.1713
Validation Results:
r2: 0.5695
rmse: 0.4387
mae: 0.3208
Test Results:
r2: 0.5703
rmse: 0.4080
mae: 0.3062
16/101
train r2: 0.9167426745126881, valid r2: 0.5341284540268798, test r2: 0.5069885231317548
Training Results:
r2: 0.9167
rmse: 0.2323
mae: 0.1733
Validation Results:
r2: 0.5341
rmse: 0.4564
mae: 0.3542
Test Results:
r2: 0.5070
rmse: 0.4370
mae: 0.3445
17/101
train r2: 0.9259148610947343, valid r2: 0.5864006407198203, test r2: 0.5840017290583712
Training Results:
r2: 0.9259
rmse: 0.2190
mae: 0.1574
Validation Results:
r2: 0.5864
rmse: 0.4300
mae: 0.3226
Test Results:
r2: 0.5840
rmse: 0.4014
mae: 0.3044
18/101
train r2: 0.9469038074378635, valid r2: 0.5654890874922845, test r2: 0.5389951068573628
Training Results:
r2: 0.9469
rmse: 0.1854
mae: 0.1325
Validation Results:
r2: 0.5655
rmse: 0.4408
mae: 0.3335
Test Results:
r2: 0.5390
rmse: 0.4226
mae: 0.3178
19/101
train r2: 0.9525050187622741, valid r2: 0.5334098470736055, test r2: 0.4921785457150658
Training Results:
r2: 0.9525
rmse: 0.1753
mae: 0.1276
Validation Results:
r2: 0.5334
rmse: 0.4568
mae: 0.3545
Test Results:
r2: 0.4922
rmse: 0.4435
mae: 0.3428
20/101
train r2: 0.9470763432460834, valid r2: 0.5753303262019165, test r2: 0.5009977367879194
Training Results:
r2: 0.9471
rmse: 0.1848
mae: 0.1349
Validation Results:
r2: 0.5753
rmse: 0.4358
mae: 0.3316
Test Results:
r2: 0.5010
rmse: 0.4396
mae: 0.3347
21/101
train r2: 0.9531494627396478, valid r2: 0.5593473123166457, test r2: 0.5338089304521824
Training Results:
r2: 0.9531
rmse: 0.1742
mae: 0.1253
Validation Results:
r2: 0.5593
rmse: 0.4439
mae: 0.3383
Test Results:
r2: 0.5338
rmse: 0.4249
mae: 0.3241
22/101
train r2: 0.9610666864460004, valid r2: 0.4991801883277186, test r2: 0.43360276071579673
Training Results:
r2: 0.9611
rmse: 0.1585
mae: 0.1154
Validation Results:
r2: 0.4992
rmse: 0.4732
mae: 0.3656
Test Results:
r2: 0.4336
rmse: 0.4684
mae: 0.3561
23/101
train r2: 0.9716252861827711, valid r2: 0.537587507362157, test r2: 0.5048248575103231
Training Results:
r2: 0.9716
rmse: 0.1355
mae: 0.1000
Validation Results:
r2: 0.5376
rmse: 0.4547
mae: 0.3544
Test Results:
r2: 0.5048
rmse: 0.4379
mae: 0.3365
24/101
train r2: 0.9740065978849779, valid r2: 0.5710232678983013, test r2: 0.5807101486764344
Training Results:
r2: 0.9740
rmse: 0.1295
mae: 0.0962
Validation Results:
r2: 0.5710
rmse: 0.4380
mae: 0.3311
Test Results:
r2: 0.5807
rmse: 0.4030
mae: 0.3040
25/101
train r2: 0.9843143763028268, valid r2: 0.5683662182846001, test r2: 0.5295776594348289
Training Results:
r2: 0.9843
rmse: 0.1008
mae: 0.0755
Validation Results:
r2: 0.5684
rmse: 0.4393
mae: 0.3358
Test Results:
r2: 0.5296
rmse: 0.4269
mae: 0.3156
26/101
train r2: 0.9801621047517532, valid r2: 0.5792505766927641, test r2: 0.5398878489867798
Training Results:
r2: 0.9802
rmse: 0.1133
mae: 0.0863
Validation Results:
r2: 0.5793
rmse: 0.4337
mae: 0.3274
Test Results:
r2: 0.5399
rmse: 0.4222
mae: 0.3118
27/101
train r2: 0.9870535189546645, valid r2: 0.5558583602142263, test r2: 0.5241821960775896
Training Results:
r2: 0.9871
rmse: 0.0915
mae: 0.0708
Validation Results:
r2: 0.5559
rmse: 0.4456
mae: 0.3373
Test Results:
r2: 0.5242
rmse: 0.4293
mae: 0.3166
28/101
train r2: 0.9864165966020699, valid r2: 0.5505979910104637, test r2: 0.4738234226799415
Training Results:
r2: 0.9864
rmse: 0.0938
mae: 0.0700
Validation Results:
r2: 0.5506
rmse: 0.4483
mae: 0.3400
Test Results:
r2: 0.4738
rmse: 0.4514
mae: 0.3373
29/101
train r2: 0.9882815886788605, valid r2: 0.5527179108902647, test r2: 0.5001158393613777
Training Results:
r2: 0.9883
rmse: 0.0870
mae: 0.0656
Validation Results:
r2: 0.5527
rmse: 0.4472
mae: 0.3389
Test Results:
r2: 0.5001
rmse: 0.4400
mae: 0.3253
30/101
train r2: 0.9890216484828028, valid r2: 0.5692428732134229, test r2: 0.5103681695428597
Training Results:
r2: 0.9890
rmse: 0.0843
mae: 0.0644
Validation Results:
r2: 0.5692
rmse: 0.4389
mae: 0.3331
Test Results:
r2: 0.5104
rmse: 0.4355
mae: 0.3216
31/101
train r2: 0.9900577375693196, valid r2: 0.5346962118665416, test r2: 0.45549567699342974
Training Results:
r2: 0.9901
rmse: 0.0800
mae: 0.0604
Validation Results:
r2: 0.5347
rmse: 0.4561
mae: 0.3499
Test Results:
r2: 0.4555
rmse: 0.4592
mae: 0.3490
break!
train: 0.8610, val: 0.5936, test: 0.5943
end_test_result: (0.5942717702186748, 0.3964238166809082, 0.29991626739501953)
args.seed: 2044
use label scaler
use label scaler
use label scaler
model have 90.143705M paramerters in total
train_dataset.mean: tensor([-5.6400]) train_dataset.std: tensor([0.9600])
1/101
train r2: 0.2802424320578597, valid r2: 0.15697669510139756, test r2: 0.2960942918964171
Training Results:
r2: 0.2802
rmse: 0.6821
mae: 0.4822
Validation Results:
r2: 0.1570
rmse: 0.6140
mae: 0.4348
Test Results:
r2: 0.2961
rmse: 0.5222
mae: 0.3925
2/101
train r2: 0.4593327282962172, valid r2: 0.40907599539430106, test r2: 0.47227402478272895
Training Results:
r2: 0.4593
rmse: 0.5914
mae: 0.4336
Validation Results:
r2: 0.4091
rmse: 0.5140
mae: 0.3707
Test Results:
r2: 0.4723
rmse: 0.4521
mae: 0.3340
3/101
train r2: 0.6095221066972913, valid r2: 0.5661145459279071, test r2: 0.5709436566748574
Training Results:
r2: 0.6095
rmse: 0.5028
mae: 0.3648
Validation Results:
r2: 0.5661
rmse: 0.4405
mae: 0.3199
Test Results:
r2: 0.5709
rmse: 0.4077
mae: 0.3083
4/101
train r2: 0.6962523740745408, valid r2: 0.4966431820625159, test r2: 0.5565896344373522
Training Results:
r2: 0.6963
rmse: 0.4431
mae: 0.3235
Validation Results:
r2: 0.4966
rmse: 0.4744
mae: 0.3708
Test Results:
r2: 0.5566
rmse: 0.4144
mae: 0.3372
5/101
train r2: 0.7775601924573241, valid r2: 0.5662141830763909, test r2: 0.6240065888592101
Training Results:
r2: 0.7776
rmse: 0.3796
mae: 0.2723
Validation Results:
r2: 0.5662
rmse: 0.4404
mae: 0.3213
Test Results:
r2: 0.6240
rmse: 0.3816
mae: 0.2987
6/101
train r2: 0.7492806442175088, valid r2: 0.5475936334565621, test r2: 0.614602644296326
Training Results:
r2: 0.7493
rmse: 0.4022
mae: 0.2935
Validation Results:
r2: 0.5476
rmse: 0.4498
mae: 0.3485
Test Results:
r2: 0.6146
rmse: 0.3864
mae: 0.2996
7/101
train r2: 0.7848356235253102, valid r2: 0.5095336132845402, test r2: 0.6156992779272189
Training Results:
r2: 0.7848
rmse: 0.3729
mae: 0.2687
Validation Results:
r2: 0.5095
rmse: 0.4683
mae: 0.3408
Test Results:
r2: 0.6157
rmse: 0.3858
mae: 0.2961
8/101
train r2: 0.8231870271909797, valid r2: 0.57156268026083, test r2: 0.6393300569108797
Training Results:
r2: 0.8232
rmse: 0.3383
mae: 0.2509
Validation Results:
r2: 0.5716
rmse: 0.4377
mae: 0.3279
Test Results:
r2: 0.6393
rmse: 0.3738
mae: 0.2815
9/101
train r2: 0.8264488040052188, valid r2: 0.6037311201051185, test r2: 0.6174627994888826
Training Results:
r2: 0.8264
rmse: 0.3347
mae: 0.2402
Validation Results:
r2: 0.6037
rmse: 0.4209
mae: 0.3166
Test Results:
r2: 0.6175
rmse: 0.3849
mae: 0.3010
10/101
train r2: 0.8139588799119567, valid r2: 0.5135255576097504, test r2: 0.6282440545097919
Training Results:
r2: 0.8140
rmse: 0.3467
mae: 0.2451
Validation Results:
r2: 0.5135
rmse: 0.4664
mae: 0.3387
Test Results:
r2: 0.6282
rmse: 0.3795
mae: 0.2799
11/101
train r2: 0.8186746931897398, valid r2: 0.5017814711277819, test r2: 0.5735825529609413
Training Results:
r2: 0.8187
rmse: 0.3423
mae: 0.2519
Validation Results:
r2: 0.5018
rmse: 0.4720
mae: 0.3568
Test Results:
r2: 0.5736
rmse: 0.4064
mae: 0.3158
12/101
train r2: 0.8625925006844293, valid r2: 0.5176110160373403, test r2: 0.6263538690400874
Training Results:
r2: 0.8626
rmse: 0.2984
mae: 0.2152
Validation Results:
r2: 0.5176
rmse: 0.4644
mae: 0.3334
Test Results:
r2: 0.6264
rmse: 0.3804
mae: 0.2811
13/101
train r2: 0.8602247422725036, valid r2: 0.5076586319136878, test r2: 0.6099308437397621
Training Results:
r2: 0.8602
rmse: 0.3010
mae: 0.2176
Validation Results:
r2: 0.5077
rmse: 0.4692
mae: 0.3377
Test Results:
r2: 0.6099
rmse: 0.3887
mae: 0.2896
14/101
train r2: 0.8879440186059114, valid r2: 0.5717896140061927, test r2: 0.6318311377364103
Training Results:
r2: 0.8879
rmse: 0.2694
mae: 0.1975
Validation Results:
r2: 0.5718
rmse: 0.4376
mae: 0.3217
Test Results:
r2: 0.6318
rmse: 0.3776
mae: 0.2785
15/101
train r2: 0.8957719150439454, valid r2: 0.4894658741277541, test r2: 0.44016446612500104
Training Results:
r2: 0.8958
rmse: 0.2599
mae: 0.1936
Validation Results:
r2: 0.4895
rmse: 0.4778
mae: 0.3735
Test Results:
r2: 0.4402
rmse: 0.4657
mae: 0.3803
16/101
train r2: 0.8973343843792292, valid r2: 0.5594018484883816, test r2: 0.5917069114030942
Training Results:
r2: 0.8973
rmse: 0.2575
mae: 0.1920
Validation Results:
r2: 0.5594
rmse: 0.4439
mae: 0.3329
Test Results:
r2: 0.5917
rmse: 0.3977
mae: 0.3056
17/101
train r2: 0.9314774413409738, valid r2: 0.5064906119966825, test r2: 0.6025358987932397
Training Results:
r2: 0.9315
rmse: 0.2107
mae: 0.1524
Validation Results:
r2: 0.5065
rmse: 0.4697
mae: 0.3414
Test Results:
r2: 0.6025
rmse: 0.3924
mae: 0.2962
18/101
train r2: 0.9276750405233098, valid r2: 0.5355111432986412, test r2: 0.5405599696515035
Training Results:
r2: 0.9277
rmse: 0.2165
mae: 0.1618
Validation Results:
r2: 0.5355
rmse: 0.4557
mae: 0.3394
Test Results:
r2: 0.5406
rmse: 0.4218
mae: 0.3262
19/101
train r2: 0.9563909786275491, valid r2: 0.5561170829268614, test r2: 0.537644215656931
Training Results:
r2: 0.9564
rmse: 0.1680
mae: 0.1185
Validation Results:
r2: 0.5561
rmse: 0.4455
mae: 0.3283
Test Results:
r2: 0.5376
rmse: 0.4232
mae: 0.3206
20/101
train r2: 0.955905107270965, valid r2: 0.5864643979294208, test r2: 0.5839311215428279
Training Results:
r2: 0.9559
rmse: 0.1690
mae: 0.1222
Validation Results:
r2: 0.5865
rmse: 0.4300
mae: 0.3267
Test Results:
r2: 0.5839
rmse: 0.4014
mae: 0.3046
21/101
train r2: 0.968105351541683, valid r2: 0.5514567345521768, test r2: 0.5553438663520474
Training Results:
r2: 0.9681
rmse: 0.1436
mae: 0.1053
Validation Results:
r2: 0.5515
rmse: 0.4478
mae: 0.3317
Test Results:
r2: 0.5553
rmse: 0.4150
mae: 0.3174
22/101
train r2: 0.9701695557947733, valid r2: 0.5868338858950704, test r2: 0.5873866553276781
Training Results:
r2: 0.9702
rmse: 0.1389
mae: 0.1002
Validation Results:
r2: 0.5868
rmse: 0.4298
mae: 0.3209
Test Results:
r2: 0.5874
rmse: 0.3998
mae: 0.3056
23/101
train r2: 0.970155448412128, valid r2: 0.5704524080523867, test r2: 0.5819630655678754
Training Results:
r2: 0.9702
rmse: 0.1390
mae: 0.0984
Validation Results:
r2: 0.5705
rmse: 0.4383
mae: 0.3274
Test Results:
r2: 0.5820
rmse: 0.4024
mae: 0.3015
24/101
train r2: 0.9755486580057219, valid r2: 0.5438495873053406, test r2: 0.5786969721634682
Training Results:
r2: 0.9755
rmse: 0.1258
mae: 0.0931
Validation Results:
r2: 0.5438
rmse: 0.4516
mae: 0.3360
Test Results:
r2: 0.5787
rmse: 0.4040
mae: 0.3037
25/101
train r2: 0.9790528154062179, valid r2: 0.5655401729020022, test r2: 0.5820578360279185
Training Results:
r2: 0.9791
rmse: 0.1163
mae: 0.0869
Validation Results:
r2: 0.5655
rmse: 0.4408
mae: 0.3278
Test Results:
r2: 0.5821
rmse: 0.4023
mae: 0.3051
26/101
train r2: 0.9847470637952214, valid r2: 0.5496821129613746, test r2: 0.5989672910854178
Training Results:
r2: 0.9847
rmse: 0.0994
mae: 0.0753
Validation Results:
r2: 0.5497
rmse: 0.4487
mae: 0.3350
Test Results:
r2: 0.5990
rmse: 0.3941
mae: 0.2977
27/101
train r2: 0.9824556233693682, valid r2: 0.5479827258600374, test r2: 0.5297592432577994
Training Results:
r2: 0.9825
rmse: 0.1067
mae: 0.0815
Validation Results:
r2: 0.5480
rmse: 0.4496
mae: 0.3403
Test Results:
r2: 0.5298
rmse: 0.4268
mae: 0.3274
28/101
train r2: 0.9870705950194707, valid r2: 0.5640963823950305, test r2: 0.564793613250721
Training Results:
r2: 0.9871
rmse: 0.0915
mae: 0.0689
Validation Results:
r2: 0.5641
rmse: 0.4415
mae: 0.3325
Test Results:
r2: 0.5648
rmse: 0.4106
mae: 0.3126
29/101
train r2: 0.9887608628725681, valid r2: 0.5521885328131861, test r2: 0.5514905259530387
Training Results:
r2: 0.9888
rmse: 0.0854
mae: 0.0638
Validation Results:
r2: 0.5522
rmse: 0.4475
mae: 0.3319
Test Results:
r2: 0.5515
rmse: 0.4168
mae: 0.3173
break!
train: 0.8264, val: 0.6037, test: 0.6175
end_test_result: (0.6174627994888826, 0.38492751121520996, 0.30098891258239746)
args.seed: 2054
use label scaler
use label scaler
use label scaler
model have 90.143705M paramerters in total
train_dataset.mean: tensor([-5.6400]) train_dataset.std: tensor([0.9600])
1/101
train r2: 0.31548835080954796, valid r2: 0.20887055377854424, test r2: 0.2938116832508444
Training Results:
r2: 0.3155
rmse: 0.6660
mae: 0.4895
Validation Results:
r2: 0.2089
rmse: 0.5948
mae: 0.4521
Test Results:
r2: 0.2938
rmse: 0.5230
mae: 0.4159
2/101
train r2: 0.487294667995106, valid r2: 0.31944966510058814, test r2: 0.39019861704326875
Training Results:
r2: 0.4873
rmse: 0.5754
mae: 0.4273
Validation Results:
r2: 0.3194
rmse: 0.5516
mae: 0.3987
Test Results:
r2: 0.3902
rmse: 0.4860
mae: 0.3760
3/101
train r2: 0.553013658926639, valid r2: 0.4561409888794993, test r2: 0.4300411062292272
Training Results:
r2: 0.5530
rmse: 0.5383
mae: 0.3890
Validation Results:
r2: 0.4561
rmse: 0.4931
mae: 0.3413
Test Results:
r2: 0.4300
rmse: 0.4699
mae: 0.3512
4/101
train r2: 0.6754317655064963, valid r2: 0.387488289421561, test r2: 0.49595520606373933
Training Results:
r2: 0.6754
rmse: 0.4580
mae: 0.3618
Validation Results:
r2: 0.3875
rmse: 0.5233
mae: 0.4258
Test Results:
r2: 0.4960
rmse: 0.4419
mae: 0.3626
5/101
train r2: 0.7438636584870076, valid r2: 0.5368590467907401, test r2: 0.5592019545155013
Training Results:
r2: 0.7439
rmse: 0.4071
mae: 0.3011
Validation Results:
r2: 0.5369
rmse: 0.4551
mae: 0.3250
Test Results:
r2: 0.5592
rmse: 0.4132
mae: 0.3119
6/101
train r2: 0.7469038944633725, valid r2: 0.5681611468003123, test r2: 0.6115259308268945
Training Results:
r2: 0.7469
rmse: 0.4050
mae: 0.2893
Validation Results:
r2: 0.5682
rmse: 0.4394
mae: 0.3334
Test Results:
r2: 0.6115
rmse: 0.3879
mae: 0.3024
7/101
train r2: 0.7991891340376818, valid r2: 0.501388193232659, test r2: 0.6022454464075474
Training Results:
r2: 0.7992
rmse: 0.3606
mae: 0.2639
Validation Results:
r2: 0.5014
rmse: 0.4722
mae: 0.3365
Test Results:
r2: 0.6022
rmse: 0.3925
mae: 0.3002
8/101
train r2: 0.8074521348927184, valid r2: 0.4531262983664204, test r2: 0.6081026578807363
Training Results:
r2: 0.8075
rmse: 0.3534
mae: 0.2536
Validation Results:
r2: 0.4531
rmse: 0.4945
mae: 0.3465
Test Results:
r2: 0.6081
rmse: 0.3896
mae: 0.2888
9/101
train r2: 0.8315133080263204, valid r2: 0.560765816253141, test r2: 0.6398942185122203
Training Results:
r2: 0.8315
rmse: 0.3295
mae: 0.2422
Validation Results:
r2: 0.5608
rmse: 0.4432
mae: 0.3253
Test Results:
r2: 0.6399
rmse: 0.3735
mae: 0.2824
10/101
train r2: 0.8053343129125551, valid r2: 0.5257615202577932, test r2: 0.5660629210247097
Training Results:
r2: 0.8053
rmse: 0.3547
mae: 0.2651
Validation Results:
r2: 0.5258
rmse: 0.4605
mae: 0.3525
Test Results:
r2: 0.5661
rmse: 0.4100
mae: 0.3154
11/101
train r2: 0.8656036746361023, valid r2: 0.5751452190745958, test r2: 0.6183147720680362
Training Results:
r2: 0.8656
rmse: 0.2950
mae: 0.2076
Validation Results:
r2: 0.5751
rmse: 0.4359
mae: 0.3235
Test Results:
r2: 0.6183
rmse: 0.3845
mae: 0.2947
12/101
train r2: 0.8745276860498583, valid r2: 0.5869860164708383, test r2: 0.5783527061501317
Training Results:
r2: 0.8745
rmse: 0.2852
mae: 0.2019
Validation Results:
r2: 0.5870
rmse: 0.4297
mae: 0.3288
Test Results:
r2: 0.5784
rmse: 0.4041
mae: 0.3175
13/101
train r2: 0.8726633377101871, valid r2: 0.5852894537838635, test r2: 0.5886465783233867
Training Results:
r2: 0.8727
rmse: 0.2868
mae: 0.2167
Validation Results:
r2: 0.5853
rmse: 0.4306
mae: 0.3240
Test Results:
r2: 0.5886
rmse: 0.3992
mae: 0.3159
14/101
train r2: 0.9002144983437742, valid r2: 0.5511525605184587, test r2: 0.622408491691618
Training Results:
r2: 0.9002
rmse: 0.2543
mae: 0.1802
Validation Results:
r2: 0.5512
rmse: 0.4480
mae: 0.3248
Test Results:
r2: 0.6224
rmse: 0.3824
mae: 0.2897
15/101
train r2: 0.9060235267268928, valid r2: 0.5888658861098064, test r2: 0.6120985720255827
Training Results:
r2: 0.9060
rmse: 0.2467
mae: 0.1758
Validation Results:
r2: 0.5889
rmse: 0.4288
mae: 0.3213
Test Results:
r2: 0.6121
rmse: 0.3876
mae: 0.2953
16/101
train r2: 0.9224527707714222, valid r2: 0.5375324489671802, test r2: 0.556435057450713
Training Results:
r2: 0.9225
rmse: 0.2241
mae: 0.1645
Validation Results:
r2: 0.5375
rmse: 0.4547
mae: 0.3486
Test Results:
r2: 0.5564
rmse: 0.4145
mae: 0.3271
17/101
train r2: 0.9235799056153271, valid r2: 0.59894626061129, test r2: 0.610590141094066
Training Results:
r2: 0.9236
rmse: 0.2226
mae: 0.1613
Validation Results:
r2: 0.5989
rmse: 0.4235
mae: 0.3126
Test Results:
r2: 0.6106
rmse: 0.3884
mae: 0.2911
18/101
train r2: 0.9427597126322396, valid r2: 0.5728316918921936, test r2: 0.6164420328770961
Training Results:
r2: 0.9428
rmse: 0.1926
mae: 0.1423
Validation Results:
r2: 0.5728
rmse: 0.4370
mae: 0.3190
Test Results:
r2: 0.6164
rmse: 0.3854
mae: 0.2905
19/101
train r2: 0.9510026721614782, valid r2: 0.5740824311031987, test r2: 0.570599004844796
Training Results:
r2: 0.9510
rmse: 0.1782
mae: 0.1286
Validation Results:
r2: 0.5741
rmse: 0.4364
mae: 0.3298
Test Results:
r2: 0.5706
rmse: 0.4078
mae: 0.3088
20/101
train r2: 0.9596227200807568, valid r2: 0.5616468298923192, test r2: 0.5506783463224862
Training Results:
r2: 0.9596
rmse: 0.1618
mae: 0.1176
Validation Results:
r2: 0.5616
rmse: 0.4427
mae: 0.3409
Test Results:
r2: 0.5507
rmse: 0.4172
mae: 0.3174
21/101
train r2: 0.9649610427349438, valid r2: 0.5614432070248605, test r2: 0.5427394497449877
Training Results:
r2: 0.9650
rmse: 0.1505
mae: 0.1106
Validation Results:
r2: 0.5614
rmse: 0.4428
mae: 0.3326
Test Results:
r2: 0.5427
rmse: 0.4208
mae: 0.3088
22/101
train r2: 0.9728070827446059, valid r2: 0.5399906064460482, test r2: 0.5415627700304567
Training Results:
r2: 0.9728
rmse: 0.1327
mae: 0.0998
Validation Results:
r2: 0.5400
rmse: 0.4535
mae: 0.3483
Test Results:
r2: 0.5416
rmse: 0.4214
mae: 0.3181
23/101
train r2: 0.9706874914267114, valid r2: 0.5672545078015399, test r2: 0.5636588568324747
Training Results:
r2: 0.9707
rmse: 0.1378
mae: 0.1084
Validation Results:
r2: 0.5673
rmse: 0.4399
mae: 0.3396
Test Results:
r2: 0.5637
rmse: 0.4111
mae: 0.3147
24/101
train r2: 0.9797031576055115, valid r2: 0.54096102411413, test r2: 0.5377063173021883
Training Results:
r2: 0.9797
rmse: 0.1146
mae: 0.0850
Validation Results:
r2: 0.5410
rmse: 0.4530
mae: 0.3404
Test Results:
r2: 0.5377
rmse: 0.4232
mae: 0.3215
25/101
train r2: 0.985049914492524, valid r2: 0.5452045673463687, test r2: 0.5566445564819801
Training Results:
r2: 0.9850
rmse: 0.0984
mae: 0.0733
Validation Results:
r2: 0.5452
rmse: 0.4509
mae: 0.3388
Test Results:
r2: 0.5566
rmse: 0.4144
mae: 0.3078
26/101
train r2: 0.9871144285905542, valid r2: 0.5374714896900872, test r2: 0.5636272333611713
Training Results:
r2: 0.9871
rmse: 0.0914
mae: 0.0682
Validation Results:
r2: 0.5375
rmse: 0.4548
mae: 0.3455
Test Results:
r2: 0.5636
rmse: 0.4111
mae: 0.3054
27/101
train r2: 0.9843677359271688, valid r2: 0.555651620972919, test r2: 0.5492366838792186
Training Results:
r2: 0.9844
rmse: 0.1006
mae: 0.0751
Validation Results:
r2: 0.5557
rmse: 0.4457
mae: 0.3399
Test Results:
r2: 0.5492
rmse: 0.4178
mae: 0.3166
28/101
train r2: 0.9874956084532166, valid r2: 0.5629784100930139, test r2: 0.5362180490893041
Training Results:
r2: 0.9875
rmse: 0.0900
mae: 0.0678
Validation Results:
r2: 0.5630
rmse: 0.4420
mae: 0.3383
Test Results:
r2: 0.5362
rmse: 0.4238
mae: 0.3177
29/101
train r2: 0.9871551569104797, valid r2: 0.5559801516793186, test r2: 0.5747706210540234
Training Results:
r2: 0.9872
rmse: 0.0912
mae: 0.0681
Validation Results:
r2: 0.5560
rmse: 0.4456
mae: 0.3351
Test Results:
r2: 0.5748
rmse: 0.4058
mae: 0.3063
30/101
train r2: 0.9812195129128087, valid r2: 0.5639881366294237, test r2: 0.6054275863861251
Training Results:
r2: 0.9812
rmse: 0.1102
mae: 0.0853
Validation Results:
r2: 0.5640
rmse: 0.4415
mae: 0.3291
Test Results:
r2: 0.6054
rmse: 0.3909
mae: 0.2882
31/101
train r2: 0.986658721805941, valid r2: 0.5501472769886824, test r2: 0.5889687140564253
Training Results:
r2: 0.9867
rmse: 0.0930
mae: 0.0678
Validation Results:
r2: 0.5501
rmse: 0.4485
mae: 0.3396
Test Results:
r2: 0.5890
rmse: 0.3990
mae: 0.3042
32/101
train r2: 0.9882962783244792, valid r2: 0.5651908744032894, test r2: 0.5614887643900981
Training Results:
r2: 0.9883
rmse: 0.0870
mae: 0.0651
Validation Results:
r2: 0.5652
rmse: 0.4409
mae: 0.3347
Test Results:
r2: 0.5615
rmse: 0.4121
mae: 0.3134
33/101
train r2: 0.9813010237559541, valid r2: 0.5543230657325298, test r2: 0.5732051322539846
Training Results:
r2: 0.9813
rmse: 0.1100
mae: 0.0804
Validation Results:
r2: 0.5543
rmse: 0.4464
mae: 0.3380
Test Results:
r2: 0.5732
rmse: 0.4066
mae: 0.3120
34/101
train r2: 0.9757358713010816, valid r2: 0.5776560234102885, test r2: 0.5754528948276377
Training Results:
r2: 0.9757
rmse: 0.1254
mae: 0.0910
Validation Results:
r2: 0.5777
rmse: 0.4346
mae: 0.3272
Test Results:
r2: 0.5755
rmse: 0.4055
mae: 0.3029
35/101
train r2: 0.985208337575636, valid r2: 0.5568852569757058, test r2: 0.6154997133808044
Training Results:
r2: 0.9852
rmse: 0.0980
mae: 0.0710
Validation Results:
r2: 0.5569
rmse: 0.4451
mae: 0.3375
Test Results:
r2: 0.6155
rmse: 0.3859
mae: 0.2902
36/101
train r2: 0.9906632054492798, valid r2: 0.570459535558419, test r2: 0.5990508490028632
Training Results:
r2: 0.9907
rmse: 0.0777
mae: 0.0570
Validation Results:
r2: 0.5705
rmse: 0.4382
mae: 0.3343
Test Results:
r2: 0.5991
rmse: 0.3941
mae: 0.2998
37/101
train r2: 0.9914429545519814, valid r2: 0.5633634709888182, test r2: 0.5834735222991871
Training Results:
r2: 0.9914
rmse: 0.0745
mae: 0.0560
Validation Results:
r2: 0.5634
rmse: 0.4419
mae: 0.3309
Test Results:
r2: 0.5835
rmse: 0.4017
mae: 0.3037
break!
train: 0.9236, val: 0.5989, test: 0.6106
end_test_result: (0.610590141094066, 0.3883698880672455, 0.29111814498901367)
args.seed: 2064
use label scaler
use label scaler
use label scaler
model have 90.143705M paramerters in total
train_dataset.mean: tensor([-5.6400]) train_dataset.std: tensor([0.9600])
1/101
train r2: 0.30053365214129557, valid r2: 0.1284596327040175, test r2: 0.27476538576643983
Training Results:
r2: 0.3005
rmse: 0.6733
mae: 0.4901
Validation Results:
r2: 0.1285
rmse: 0.6243
mae: 0.5006
Test Results:
r2: 0.2748
rmse: 0.5300
mae: 0.4272
2/101
train r2: 0.46231862201492513, valid r2: 0.42026326410347326, test r2: 0.4778015661258328
Training Results:
r2: 0.4623
rmse: 0.5893
mae: 0.4281
Validation Results:
r2: 0.4203
rmse: 0.5091
mae: 0.3737
Test Results:
r2: 0.4778
rmse: 0.4497
mae: 0.3362
3/101
train r2: 0.5727015273828091, valid r2: 0.5163794896003474, test r2: 0.5374944226908625
Training Results:
r2: 0.5727
rmse: 0.5262
mae: 0.3890
Validation Results:
r2: 0.5164
rmse: 0.4650
mae: 0.3413
Test Results:
r2: 0.5375
rmse: 0.4233
mae: 0.3250
4/101
train r2: 0.7003145349216818, valid r2: 0.553709989133444, test r2: 0.5681811189678805
Training Results:
r2: 0.7003
rmse: 0.4404
mae: 0.3298
Validation Results:
r2: 0.5537
rmse: 0.4467
mae: 0.3370
Test Results:
r2: 0.5682
rmse: 0.4090
mae: 0.3179
5/101
train r2: 0.7793589718500855, valid r2: 0.5978303694516709, test r2: 0.6290827821395371
Training Results:
r2: 0.7794
rmse: 0.3782
mae: 0.2747
Validation Results:
r2: 0.5978
rmse: 0.4241
mae: 0.3082
Test Results:
r2: 0.6291
rmse: 0.3790
mae: 0.2883
6/101
train r2: 0.7909174762344025, valid r2: 0.5253762296912357, test r2: 0.6285758065921645
Training Results:
r2: 0.7909
rmse: 0.3671
mae: 0.2735
Validation Results:
r2: 0.5254
rmse: 0.4607
mae: 0.3434
Test Results:
r2: 0.6286
rmse: 0.3793
mae: 0.2926
7/101
train r2: 0.7988803938172676, valid r2: 0.3771951220886116, test r2: 0.5077586300371568
Training Results:
r2: 0.7989
rmse: 0.3600
mae: 0.2660
Validation Results:
r2: 0.3772
rmse: 0.5277
mae: 0.4248
Test Results:
r2: 0.5078
rmse: 0.4366
mae: 0.3556
8/101
train r2: 0.8221308634256492, valid r2: 0.5367947345084036, test r2: 0.62303140627983
Training Results:
r2: 0.8221
rmse: 0.3394
mae: 0.2440
Validation Results:
r2: 0.5368
rmse: 0.4551
mae: 0.3298
Test Results:
r2: 0.6230
rmse: 0.3821
mae: 0.2878
9/101
train r2: 0.8184208988907208, valid r2: 0.49007605534169174, test r2: 0.511591489333189
Training Results:
r2: 0.8184
rmse: 0.3431
mae: 0.2515
Validation Results:
r2: 0.4901
rmse: 0.4775
mae: 0.3702
Test Results:
r2: 0.5116
rmse: 0.4349
mae: 0.3403
10/101
train r2: 0.8419182906642326, valid r2: 0.5259781582564208, test r2: 0.5915019101470276
Training Results:
r2: 0.8419
rmse: 0.3201
mae: 0.2295
Validation Results:
r2: 0.5260
rmse: 0.4604
mae: 0.3274
Test Results:
r2: 0.5915
rmse: 0.3978
mae: 0.2996
11/101
train r2: 0.8463614340819453, valid r2: 0.4956565055979937, test r2: 0.5070154196145344
Training Results:
r2: 0.8464
rmse: 0.3156
mae: 0.2283
Validation Results:
r2: 0.4957
rmse: 0.4749
mae: 0.3607
Test Results:
r2: 0.5070
rmse: 0.4370
mae: 0.3431
12/101
train r2: 0.8835345645332059, valid r2: 0.5787189649515007, test r2: 0.5693244946484632
Training Results:
r2: 0.8835
rmse: 0.2748
mae: 0.1969
Validation Results:
r2: 0.5787
rmse: 0.4340
mae: 0.3213
Test Results:
r2: 0.5693
rmse: 0.4084
mae: 0.3177
13/101
train r2: 0.8659614207111437, valid r2: 0.5858398465233001, test r2: 0.5642861806572246
Training Results:
r2: 0.8660
rmse: 0.2947
mae: 0.2098
Validation Results:
r2: 0.5858
rmse: 0.4303
mae: 0.3248
Test Results:
r2: 0.5643
rmse: 0.4108
mae: 0.3260
14/101
train r2: 0.8992129422971952, valid r2: 0.5380830495979225, test r2: 0.6102293322534478
Training Results:
r2: 0.8992
rmse: 0.2556
mae: 0.1838
Validation Results:
r2: 0.5381
rmse: 0.4545
mae: 0.3216
Test Results:
r2: 0.6102
rmse: 0.3885
mae: 0.2937
15/101
train r2: 0.912977237812487, valid r2: 0.5312231239262735, test r2: 0.5238107599498691
Training Results:
r2: 0.9130
rmse: 0.2371
mae: 0.1769
Validation Results:
r2: 0.5312
rmse: 0.4578
mae: 0.3568
Test Results:
r2: 0.5238
rmse: 0.4295
mae: 0.3418
16/101
train r2: 0.9298123462482122, valid r2: 0.5664377293023807, test r2: 0.5924317267705148
Training Results:
r2: 0.9298
rmse: 0.2133
mae: 0.1506
Validation Results:
r2: 0.5664
rmse: 0.4403
mae: 0.3270
Test Results:
r2: 0.5924
rmse: 0.3973
mae: 0.3056
17/101
train r2: 0.9348804399333008, valid r2: 0.5652699326550973, test r2: 0.5575053799164925
Training Results:
r2: 0.9349
rmse: 0.2054
mae: 0.1466
Validation Results:
r2: 0.5653
rmse: 0.4409
mae: 0.3339
Test Results:
r2: 0.5575
rmse: 0.4140
mae: 0.3168
18/101
train r2: 0.9473109783410958, valid r2: 0.559934596944615, test r2: 0.4811113375004793
Training Results:
r2: 0.9473
rmse: 0.1849
mae: 0.1338
Validation Results:
r2: 0.5599
rmse: 0.4436
mae: 0.3350
Test Results:
r2: 0.4811
rmse: 0.4483
mae: 0.3515
19/101
train r2: 0.9509777578262575, valid r2: 0.5341752158991739, test r2: 0.5221771633123502
Training Results:
r2: 0.9510
rmse: 0.1783
mae: 0.1321
Validation Results:
r2: 0.5342
rmse: 0.4564
mae: 0.3462
Test Results:
r2: 0.5222
rmse: 0.4302
mae: 0.3343
20/101
train r2: 0.9638858223624134, valid r2: 0.5758026018455538, test r2: 0.5349690356444516
Training Results:
r2: 0.9639
rmse: 0.1529
mae: 0.1118
Validation Results:
r2: 0.5758
rmse: 0.4355
mae: 0.3302
Test Results:
r2: 0.5350
rmse: 0.4244
mae: 0.3267
21/101
train r2: 0.9651742020155557, valid r2: 0.5505216751243807, test r2: 0.4657046359178819
Training Results:
r2: 0.9652
rmse: 0.1502
mae: 0.1103
Validation Results:
r2: 0.5505
rmse: 0.4483
mae: 0.3418
Test Results:
r2: 0.4657
rmse: 0.4549
mae: 0.3525
22/101
train r2: 0.9735679660096456, valid r2: 0.570266127001361, test r2: 0.49995735609908
Training Results:
r2: 0.9736
rmse: 0.1308
mae: 0.0961
Validation Results:
r2: 0.5703
rmse: 0.4383
mae: 0.3376
Test Results:
r2: 0.5000
rmse: 0.4401
mae: 0.3399
23/101
train r2: 0.9782583091246542, valid r2: 0.5764357782125329, test r2: 0.5784716030947142
Training Results:
r2: 0.9783
rmse: 0.1186
mae: 0.0885
Validation Results:
r2: 0.5764
rmse: 0.4352
mae: 0.3292
Test Results:
r2: 0.5785
rmse: 0.4041
mae: 0.3058
24/101
train r2: 0.979132287310592, valid r2: 0.5414572586492841, test r2: 0.4842692155283943
Training Results:
r2: 0.9791
rmse: 0.1163
mae: 0.0881
Validation Results:
r2: 0.5415
rmse: 0.4528
mae: 0.3482
Test Results:
r2: 0.4843
rmse: 0.4469
mae: 0.3501
25/101
train r2: 0.9853593330673974, valid r2: 0.5681024500016305, test r2: 0.5379822519587351
Training Results:
r2: 0.9854
rmse: 0.0974
mae: 0.0722
Validation Results:
r2: 0.5681
rmse: 0.4394
mae: 0.3342
Test Results:
r2: 0.5380
rmse: 0.4230
mae: 0.3183
break!
train: 0.7794, val: 0.5978, test: 0.6291
end_test_result: (0.6290827821395371, 0.3790361285209656, 0.2883375883102417)
Time used on PAMPA1: 1:38:47
Current seed: 2044, current split method: Perimeter, current task: PAMPA1
Namespace(seed=2024, times=5, n_epochs=100, config='base', model_path='../models/pretrained/base/base.pth', dataset='PAMPA1', data_path='../datasets/', dataset_type='regression', use_scaler=True, metric=['r2', 'rmse', 'mae'], split='Perimeter_2044', weight_decay=0.0, dropout=0.0, lr=3e-05, n_threads=8)
args.seed: 2024
use label scaler
use label scaler
use label scaler
model have 90.143705M paramerters in total
train_dataset.mean: tensor([-5.6000]) train_dataset.std: tensor([0.9500])
1/101
train r2: 0.32248105191154497, valid r2: 0.07895160648167976, test r2: 0.22695747794773524
Training Results:
r2: 0.3225
rmse: 0.6663
mae: 0.4811
Validation Results:
r2: 0.0790
rmse: 0.5743
mae: 0.4308
Test Results:
r2: 0.2270
rmse: 0.6241
mae: 0.4577
2/101
train r2: 0.45682509882608535, valid r2: -0.28710068784460097, test r2: 0.0712639060194471
Training Results:
r2: 0.4568
rmse: 0.5966
mae: 0.4200
Validation Results:
r2: -0.2871
rmse: 0.6788
mae: 0.4816
Test Results:
r2: 0.0713
rmse: 0.6840
mae: 0.4883
3/101
train r2: 0.5484728490586892, valid r2: -0.07687590988520188, test r2: 0.3632914935749112
Training Results:
r2: 0.5485
rmse: 0.5440
mae: 0.3925
Validation Results:
r2: -0.0769
rmse: 0.6209
mae: 0.4506
Test Results:
r2: 0.3633
rmse: 0.5664
mae: 0.4101
4/101
train r2: 0.7058845863046523, valid r2: 0.27647031769793373, test r2: 0.5043083579398193
Training Results:
r2: 0.7059
rmse: 0.4390
mae: 0.3482
Validation Results:
r2: 0.2765
rmse: 0.5090
mae: 0.3946
Test Results:
r2: 0.5043
rmse: 0.4997
mae: 0.3747
5/101
train r2: 0.7556820205893782, valid r2: 0.1327122245634047, test r2: 0.43167522676175907
Training Results:
r2: 0.7557
rmse: 0.4001
mae: 0.3045
Validation Results:
r2: 0.1327
rmse: 0.5572
mae: 0.3981
Test Results:
r2: 0.4317
rmse: 0.5351
mae: 0.3809
6/101
train r2: 0.8085043411350629, valid r2: -0.1347943353880201, test r2: 0.42652587791059693
Training Results:
r2: 0.8085
rmse: 0.3542
mae: 0.2573
Validation Results:
r2: -0.1348
rmse: 0.6374
mae: 0.4712
Test Results:
r2: 0.4265
rmse: 0.5375
mae: 0.3886
7/101
train r2: 0.8204178307059078, valid r2: 0.2856240428624671, test r2: 0.5366628053081623
Training Results:
r2: 0.8204
rmse: 0.3431
mae: 0.2525
Validation Results:
r2: 0.2856
rmse: 0.5057
mae: 0.3611
Test Results:
r2: 0.5367
rmse: 0.4832
mae: 0.3420
8/101
train r2: 0.843908377514122, valid r2: 0.2620371398423963, test r2: 0.547738866722654
Training Results:
r2: 0.8439
rmse: 0.3198
mae: 0.2405
Validation Results:
r2: 0.2620
rmse: 0.5140
mae: 0.3747
Test Results:
r2: 0.5477
rmse: 0.4773
mae: 0.3401
9/101
train r2: 0.8193627695979513, valid r2: 0.2647739686010363, test r2: 0.5326383367483496
Training Results:
r2: 0.8194
rmse: 0.3441
mae: 0.2678
Validation Results:
r2: 0.2648
rmse: 0.5131
mae: 0.4014
Test Results:
r2: 0.5326
rmse: 0.4853
mae: 0.3670
10/101
train r2: 0.8228786744605558, valid r2: -0.06792278017070319, test r2: 0.28694181331368196
Training Results:
r2: 0.8229
rmse: 0.3407
mae: 0.2484
Validation Results:
r2: -0.0679
rmse: 0.6184
mae: 0.4513
Test Results:
r2: 0.2869
rmse: 0.5994
mae: 0.4456
11/101
train r2: 0.8652776635867444, valid r2: -0.2129659478427035, test r2: 0.3873493969799311
Training Results:
r2: 0.8653
rmse: 0.2971
mae: 0.2211
Validation Results:
r2: -0.2130
rmse: 0.6590
mae: 0.4927
Test Results:
r2: 0.3873
rmse: 0.5556
mae: 0.4028
12/101
train r2: 0.8594519419446637, valid r2: -0.23999849449421617, test r2: 0.2969143645893946
Training Results:
r2: 0.8595
rmse: 0.3035
mae: 0.2291
Validation Results:
r2: -0.2400
rmse: 0.6663
mae: 0.4910
Test Results:
r2: 0.2969
rmse: 0.5952
mae: 0.4311
13/101
train r2: 0.8452390910006655, valid r2: 0.014437273220817115, test r2: 0.3822235207637926
Training Results:
r2: 0.8452
rmse: 0.3185
mae: 0.2429
Validation Results:
r2: 0.0144
rmse: 0.5940
mae: 0.4258
Test Results:
r2: 0.3822
rmse: 0.5579
mae: 0.4043
14/101
train r2: 0.8909785354125749, valid r2: 0.28980604049665626, test r2: 0.5266196063528694
Training Results:
r2: 0.8910
rmse: 0.2671
mae: 0.2023
Validation Results:
r2: 0.2898
rmse: 0.5043
mae: 0.3733
Test Results:
r2: 0.5266
rmse: 0.4884
mae: 0.3469
15/101
train r2: 0.9198818462875318, valid r2: 0.287803799616701, test r2: 0.5164768694933837
Training Results:
r2: 0.9199
rmse: 0.2291
mae: 0.1679
Validation Results:
r2: 0.2878
rmse: 0.5050
mae: 0.3722
Test Results:
r2: 0.5165
rmse: 0.4936
mae: 0.3473
16/101
train r2: 0.942834064235265, valid r2: 0.07735390783541563, test r2: 0.39782994247578074
Training Results:
r2: 0.9428
rmse: 0.1935
mae: 0.1413
Validation Results:
r2: 0.0774
rmse: 0.5748
mae: 0.4149
Test Results:
r2: 0.3978
rmse: 0.5508
mae: 0.3830
17/101
train r2: 0.9357589823720793, valid r2: 0.18379796283299454, test r2: 0.48875256312356397
Training Results:
r2: 0.9358
rmse: 0.2052
mae: 0.1545
Validation Results:
r2: 0.1838
rmse: 0.5406
mae: 0.3873
Test Results:
r2: 0.4888
rmse: 0.5075
mae: 0.3482
18/101
train r2: 0.9487547809481521, valid r2: 0.05635461246613571, test r2: 0.4211348659372197
Training Results:
r2: 0.9488
rmse: 0.1832
mae: 0.1353
Validation Results:
r2: 0.0564
rmse: 0.5813
mae: 0.4255
Test Results:
r2: 0.4211
rmse: 0.5400
mae: 0.3748
19/101
train r2: 0.9482755264039628, valid r2: -0.11524610476776198, test r2: 0.35100518685552695
Training Results:
r2: 0.9483
rmse: 0.1841
mae: 0.1351
Validation Results:
r2: -0.1152
rmse: 0.6319
mae: 0.4682
Test Results:
r2: 0.3510
rmse: 0.5718
mae: 0.3944
20/101
train r2: 0.9599505905070412, valid r2: 0.04903460558342454, test r2: 0.44058035509324533
Training Results:
r2: 0.9600
rmse: 0.1620
mae: 0.1213
Validation Results:
r2: 0.0490
rmse: 0.5835
mae: 0.4241
Test Results:
r2: 0.4406
rmse: 0.5309
mae: 0.3664
21/101
train r2: 0.9701188284086079, valid r2: 0.1173784592765954, test r2: 0.47912280546134844
Training Results:
r2: 0.9701
rmse: 0.1399
mae: 0.1022
Validation Results:
r2: 0.1174
rmse: 0.5621
mae: 0.4105
Test Results:
r2: 0.4791
rmse: 0.5123
mae: 0.3541
22/101
train r2: 0.9719337749261109, valid r2: 0.0023632483323476894, test r2: 0.45733097250611876
Training Results:
r2: 0.9719
rmse: 0.1354
mae: 0.0997
Validation Results:
r2: 0.0024
rmse: 0.5977
mae: 0.4386
Test Results:
r2: 0.4573
rmse: 0.5229
mae: 0.3634
23/101
train r2: 0.9752731388300317, valid r2: 0.05129440855205181, test r2: 0.4286751103272014
Training Results:
r2: 0.9753
rmse: 0.1273
mae: 0.0920
Validation Results:
r2: 0.0513
rmse: 0.5828
mae: 0.4242
Test Results:
r2: 0.4287
rmse: 0.5365
mae: 0.3730
24/101
train r2: 0.9810693229725069, valid r2: 0.054242728214124236, test r2: 0.43826554182962807
Training Results:
r2: 0.9811
rmse: 0.1114
mae: 0.0838
Validation Results:
r2: 0.0542
rmse: 0.5819
mae: 0.4247
Test Results:
r2: 0.4383
rmse: 0.5320
mae: 0.3700
25/101
train r2: 0.9853195303088959, valid r2: 0.05929439696835359, test r2: 0.43169754243097525
Training Results:
r2: 0.9853
rmse: 0.0981
mae: 0.0746
Validation Results:
r2: 0.0593
rmse: 0.5804
mae: 0.4231
Test Results:
r2: 0.4317
rmse: 0.5351
mae: 0.3738
26/101
train r2: 0.9864500312594452, valid r2: 0.09857944161038024, test r2: 0.44249555555722053
Training Results:
r2: 0.9865
rmse: 0.0942
mae: 0.0709
Validation Results:
r2: 0.0986
rmse: 0.5681
mae: 0.4138
Test Results:
r2: 0.4425
rmse: 0.5300
mae: 0.3669
27/101
train r2: 0.9857521108089187, valid r2: 0.05475170582758826, test r2: 0.4065304318252182
Training Results:
r2: 0.9858
rmse: 0.0966
mae: 0.0724
Validation Results:
r2: 0.0548
rmse: 0.5818
mae: 0.4253
Test Results:
r2: 0.4065
rmse: 0.5468
mae: 0.3802
28/101
train r2: 0.9869916362226292, valid r2: 0.01533713906186307, test r2: 0.4096658002975686
Training Results:
r2: 0.9870
rmse: 0.0923
mae: 0.0672
Validation Results:
r2: 0.0153
rmse: 0.5938
mae: 0.4311
Test Results:
r2: 0.4097
rmse: 0.5454
mae: 0.3775
29/101
train r2: 0.9845848421051243, valid r2: 0.14134333720757541, test r2: 0.45319934726514366
Training Results:
r2: 0.9846
rmse: 0.1005
mae: 0.0768
Validation Results:
r2: 0.1413
rmse: 0.5545
mae: 0.4015
Test Results:
r2: 0.4532
rmse: 0.5249
mae: 0.3655
30/101
train r2: 0.9844608087521166, valid r2: 0.0723977441586704, test r2: 0.4158560589979301
Training Results:
r2: 0.9845
rmse: 0.1009
mae: 0.0760
Validation Results:
r2: 0.0724
rmse: 0.5763
mae: 0.4201
Test Results:
r2: 0.4159
rmse: 0.5425
mae: 0.3807
31/101
train r2: 0.9810496132449018, valid r2: 0.07375532090889969, test r2: 0.43581822925607605
Training Results:
r2: 0.9810
rmse: 0.1114
mae: 0.0753
Validation Results:
r2: 0.0738
rmse: 0.5759
mae: 0.4171
Test Results:
r2: 0.4358
rmse: 0.5331
mae: 0.3705
32/101
train r2: 0.9856630375288342, valid r2: 0.014527243037951942, test r2: 0.4144180569285332
Training Results:
r2: 0.9857
rmse: 0.0969
mae: 0.0713
Validation Results:
r2: 0.0145
rmse: 0.5940
mae: 0.4360
Test Results:
r2: 0.4144
rmse: 0.5432
mae: 0.3749
33/101
train r2: 0.9881619530631792, valid r2: 0.028936508294334473, test r2: 0.3768397932289118
Training Results:
r2: 0.9882
rmse: 0.0881
mae: 0.0647
Validation Results:
r2: 0.0289
rmse: 0.5896
mae: 0.4281
Test Results:
r2: 0.3768
rmse: 0.5603
mae: 0.3876
34/101
train r2: 0.9887334905980653, valid r2: 0.06312349564487396, test r2: 0.4209258869031103
Training Results:
r2: 0.9887
rmse: 0.0859
mae: 0.0638
Validation Results:
r2: 0.0631
rmse: 0.5792
mae: 0.4183
Test Results:
r2: 0.4209
rmse: 0.5401
mae: 0.3743
break!
train: 0.8910, val: 0.2898, test: 0.5266
end_test_result: (0.5266196063528694, 0.48836493492126465, 0.3469099998474121)
args.seed: 2034
use label scaler
use label scaler
use label scaler
model have 90.143705M paramerters in total
train_dataset.mean: tensor([-5.6000]) train_dataset.std: tensor([0.9500])
1/101
train r2: 0.3247862648537815, valid r2: 0.030117151645132956, test r2: 0.18887699629029187
Training Results:
r2: 0.3248
rmse: 0.6650
mae: 0.4862
Validation Results:
r2: 0.0301
rmse: 0.5893
mae: 0.4424
Test Results:
r2: 0.1889
rmse: 0.6393
mae: 0.4648
2/101
train r2: 0.4910985361820063, valid r2: 0.17397003299692537, test r2: 0.42341496198969497
Training Results:
r2: 0.4911
rmse: 0.5773
mae: 0.4194
Validation Results:
r2: 0.1740
rmse: 0.5438
mae: 0.4250
Test Results:
r2: 0.4234
rmse: 0.5390
mae: 0.3938
3/101
train r2: 0.6284044623002213, valid r2: -0.0738630399502227, test r2: 0.3176261492871679
Training Results:
r2: 0.6284
rmse: 0.4935
mae: 0.3813
Validation Results:
r2: -0.0739
rmse: 0.6201
mae: 0.4475
Test Results:
r2: 0.3176
rmse: 0.5863
mae: 0.4210
4/101
train r2: 0.7132841259849995, valid r2: 0.29614346492731336, test r2: 0.5552998390615165
Training Results:
r2: 0.7133
rmse: 0.4334
mae: 0.3270
Validation Results:
r2: 0.2961
rmse: 0.5020
mae: 0.3740
Test Results:
r2: 0.5553
rmse: 0.4733
mae: 0.3382
5/101
train r2: 0.7251559442776458, valid r2: 0.26827396694104577, test r2: 0.5029473323142435
Training Results:
r2: 0.7252
rmse: 0.4241
mae: 0.3099
Validation Results:
r2: 0.2683
rmse: 0.5118
mae: 0.3701
Test Results:
r2: 0.5029
rmse: 0.5004
mae: 0.3594
6/101
train r2: 0.7637013281804216, valid r2: 0.181314276327052, test r2: 0.43147232231812715
Training Results:
r2: 0.7637
rmse: 0.3935
mae: 0.2984
Validation Results:
r2: 0.1813
rmse: 0.5414
mae: 0.3955
Test Results:
r2: 0.4315
rmse: 0.5352
mae: 0.3889
7/101
train r2: 0.8077157821463062, valid r2: 0.238883997864632, test r2: 0.52261231627501
Training Results:
r2: 0.8077
rmse: 0.3549
mae: 0.2626
Validation Results:
r2: 0.2389
rmse: 0.5220
mae: 0.3793
Test Results:
r2: 0.5226
rmse: 0.4904
mae: 0.3449
8/101
train r2: 0.8457453678645579, valid r2: 0.02919709293773476, test r2: 0.4135741594608473
Training Results:
r2: 0.8457
rmse: 0.3179
mae: 0.2350
Validation Results:
r2: 0.0292
rmse: 0.5896
mae: 0.4197
Test Results:
r2: 0.4136
rmse: 0.5436
mae: 0.3827
9/101
train r2: 0.8637611525044948, valid r2: 0.11719442412936076, test r2: 0.5139094162337599
Training Results:
r2: 0.8638
rmse: 0.2987
mae: 0.2157
Validation Results:
r2: 0.1172
rmse: 0.5622
mae: 0.4008
Test Results:
r2: 0.5139
rmse: 0.4949
mae: 0.3468
10/101
train r2: 0.8379254926480832, valid r2: 0.2708203966761209, test r2: 0.5791217122170164
Training Results:
r2: 0.8379
rmse: 0.3259
mae: 0.2407
Validation Results:
r2: 0.2708
rmse: 0.5110
mae: 0.4026
Test Results:
r2: 0.5791
rmse: 0.4605
mae: 0.3393
11/101
train r2: 0.8298685437268936, valid r2: 0.3264089369657467, test r2: 0.5754550661167497
Training Results:
r2: 0.8299
rmse: 0.3339
mae: 0.2395
Validation Results:
r2: 0.3264
rmse: 0.4911
mae: 0.3692
Test Results:
r2: 0.5755
rmse: 0.4625
mae: 0.3278
12/101
train r2: 0.8795481604601378, valid r2: 0.11939563323296676, test r2: 0.4609644175614276
Training Results:
r2: 0.8795
rmse: 0.2810
mae: 0.2083
Validation Results:
r2: 0.1194
rmse: 0.5615
mae: 0.4080
Test Results:
r2: 0.4610
rmse: 0.5211
mae: 0.3638
13/101
train r2: 0.895804165929034, valid r2: 0.002419485628371576, test r2: 0.5162490616873594
Training Results:
r2: 0.8958
rmse: 0.2613
mae: 0.1942
Validation Results:
r2: 0.0024
rmse: 0.5976
mae: 0.4362
Test Results:
r2: 0.5162
rmse: 0.4937
mae: 0.3570
14/101
train r2: 0.9140942960438024, valid r2: 0.11132205909044901, test r2: 0.5022364168476506
Training Results:
r2: 0.9141
rmse: 0.2373
mae: 0.1719
Validation Results:
r2: 0.1113
rmse: 0.5641
mae: 0.4059
Test Results:
r2: 0.5022
rmse: 0.5008
mae: 0.3493
15/101
train r2: 0.9215756237927747, valid r2: -0.30295398091857106, test r2: 0.2904317805942678
Training Results:
r2: 0.9216
rmse: 0.2267
mae: 0.1679
Validation Results:
r2: -0.3030
rmse: 0.6830
mae: 0.5113
Test Results:
r2: 0.2904
rmse: 0.5979
mae: 0.4140
16/101
train r2: 0.9218489681119338, valid r2: -0.2002710104266776, test r2: 0.3235444563163772
Training Results:
r2: 0.9218
rmse: 0.2263
mae: 0.1687
Validation Results:
r2: -0.2003
rmse: 0.6555
mae: 0.4812
Test Results:
r2: 0.3235
rmse: 0.5838
mae: 0.4063
17/101
train r2: 0.9381341458083399, valid r2: 0.01943699870573612, test r2: 0.4190409143134076
Training Results:
r2: 0.9381
rmse: 0.2014
mae: 0.1473
Validation Results:
r2: 0.0194
rmse: 0.5925
mae: 0.4296
Test Results:
r2: 0.4190
rmse: 0.5410
mae: 0.3706
18/101
train r2: 0.9528966787903131, valid r2: -0.015628549007118187, test r2: 0.47638232160102834
Training Results:
r2: 0.9529
rmse: 0.1757
mae: 0.1283
Validation Results:
r2: -0.0156
rmse: 0.6030
mae: 0.4391
Test Results:
r2: 0.4764
rmse: 0.5136
mae: 0.3580
19/101
train r2: 0.9508172813981253, valid r2: -0.029652844033064563, test r2: 0.41922521117673706
Training Results:
r2: 0.9508
rmse: 0.1795
mae: 0.1315
Validation Results:
r2: -0.0297
rmse: 0.6072
mae: 0.4395
Test Results:
r2: 0.4192
rmse: 0.5409
mae: 0.3721
20/101
train r2: 0.9519088299168953, valid r2: -0.00544801611136414, test r2: 0.4694155261804701
Training Results:
r2: 0.9519
rmse: 0.1775
mae: 0.1337
Validation Results:
r2: -0.0054
rmse: 0.6000
mae: 0.4348
Test Results:
r2: 0.4694
rmse: 0.5170
mae: 0.3590
21/101
train r2: 0.9650284539633442, valid r2: 0.02208589627279256, test r2: 0.4704878244237254
Training Results:
r2: 0.9650
rmse: 0.1513
mae: 0.1142
Validation Results:
r2: 0.0221
rmse: 0.5917
mae: 0.4305
Test Results:
r2: 0.4705
rmse: 0.5165
mae: 0.3581
22/101
train r2: 0.9734705406000369, valid r2: -0.00930125171816143, test r2: 0.40511298436867527
Training Results:
r2: 0.9735
rmse: 0.1318
mae: 0.0980
Validation Results:
r2: -0.0093
rmse: 0.6011
mae: 0.4400
Test Results:
r2: 0.4051
rmse: 0.5475
mae: 0.3772
23/101
train r2: 0.9705934776014288, valid r2: -0.04621535317083225, test r2: 0.42729368796048206
Training Results:
r2: 0.9706
rmse: 0.1388
mae: 0.1035
Validation Results:
r2: -0.0462
rmse: 0.6120
mae: 0.4485
Test Results:
r2: 0.4273
rmse: 0.5372
mae: 0.3697
24/101
train r2: 0.9803851382092317, valid r2: -0.0633311330205013, test r2: 0.3912809690329573
Training Results:
r2: 0.9804
rmse: 0.1134
mae: 0.0839
Validation Results:
r2: -0.0633
rmse: 0.6170
mae: 0.4548
Test Results:
r2: 0.3913
rmse: 0.5538
mae: 0.3804
25/101
train r2: 0.9771020038463423, valid r2: 0.07050699716147402, test r2: 0.48392335593102864
Training Results:
r2: 0.9771
rmse: 0.1225
mae: 0.0907
Validation Results:
r2: 0.0705
rmse: 0.5769
mae: 0.4214
Test Results:
r2: 0.4839
rmse: 0.5099
mae: 0.3503
26/101
train r2: 0.9813032717878748, valid r2: 0.010187632669189872, test r2: 0.46579412396391895
Training Results:
r2: 0.9813
rmse: 0.1107
mae: 0.0819
Validation Results:
r2: 0.0102
rmse: 0.5953
mae: 0.4409
Test Results:
r2: 0.4658
rmse: 0.5188
mae: 0.3612
27/101
train r2: 0.9771293650752739, valid r2: 0.1393835371241734, test r2: 0.48578302892579417
Training Results:
r2: 0.9771
rmse: 0.1224
mae: 0.0966
Validation Results:
r2: 0.1394
rmse: 0.5551
mae: 0.4074
Test Results:
r2: 0.4858
rmse: 0.5090
mae: 0.3581
28/101
train r2: 0.9870553839078692, valid r2: 0.022007785369475008, test r2: 0.45943349206431683
Training Results:
r2: 0.9871
rmse: 0.0921
mae: 0.0686
Validation Results:
r2: 0.0220
rmse: 0.5917
mae: 0.4389
Test Results:
r2: 0.4594
rmse: 0.5219
mae: 0.3628
29/101
train r2: 0.9895759579597799, valid r2: 0.021835335214933083, test r2: 0.4627937297666074
Training Results:
r2: 0.9896
rmse: 0.0827
mae: 0.0625
Validation Results:
r2: 0.0218
rmse: 0.5918
mae: 0.4330
Test Results:
r2: 0.4628
rmse: 0.5202
mae: 0.3571
30/101
train r2: 0.9864797828190444, valid r2: 0.004916773631121529, test r2: 0.4638489707593779
Training Results:
r2: 0.9865
rmse: 0.0941
mae: 0.0700
Validation Results:
r2: 0.0049
rmse: 0.5969
mae: 0.4372
Test Results:
r2: 0.4638
rmse: 0.5197
mae: 0.3587
31/101
train r2: 0.9914797290454447, valid r2: -0.09417837016203379, test r2: 0.41943620938295667
Training Results:
r2: 0.9915
rmse: 0.0747
mae: 0.0563
Validation Results:
r2: -0.0942
rmse: 0.6259
mae: 0.4659
Test Results:
r2: 0.4194
rmse: 0.5408
mae: 0.3767
break!
train: 0.8299, val: 0.3264, test: 0.5755
end_test_result: (0.5754550661167497, 0.46248871088027954, 0.3278287649154663)
args.seed: 2044
use label scaler
use label scaler
use label scaler
model have 90.143705M paramerters in total
train_dataset.mean: tensor([-5.6000]) train_dataset.std: tensor([0.9500])
1/101
train r2: 0.3265110468124264, valid r2: -0.013973777979736424, test r2: 0.1715525937875979
Training Results:
r2: 0.3265
rmse: 0.6643
mae: 0.4885
Validation Results:
r2: -0.0140
rmse: 0.6025
mae: 0.4368
Test Results:
r2: 0.1716
rmse: 0.6461
mae: 0.4696
2/101
train r2: 0.4547354520074768, valid r2: -0.42062692665050383, test r2: 0.08824167336790145
Training Results:
r2: 0.4547
rmse: 0.5978
mae: 0.4343
Validation Results:
r2: -0.4206
rmse: 0.7132
mae: 0.5148
Test Results:
r2: 0.0882
rmse: 0.6778
mae: 0.4845
3/101
train r2: 0.6093182044866041, valid r2: 0.0941412625145126, test r2: 0.39789557063861747
Training Results:
r2: 0.6093
rmse: 0.5059
mae: 0.3723
Validation Results:
r2: 0.0941
rmse: 0.5695
mae: 0.4108
Test Results:
r2: 0.3979
rmse: 0.5508
mae: 0.3989
4/101
train r2: 0.665292548704653, valid r2: -0.449969517848926, test r2: 0.21291679947104802
Training Results:
r2: 0.6653
rmse: 0.4683
mae: 0.3372
Validation Results:
r2: -0.4500
rmse: 0.7205
mae: 0.5439
Test Results:
r2: 0.2129
rmse: 0.6297
mae: 0.4689
5/101
train r2: 0.7755374988794468, valid r2: -0.023813873586812973, test r2: 0.3243404928903565
Training Results:
r2: 0.7755
rmse: 0.3835
mae: 0.2842
Validation Results:
r2: -0.0238
rmse: 0.6054
mae: 0.4320
Test Results:
r2: 0.3243
rmse: 0.5834
mae: 0.4414
6/101
train r2: 0.7793893637616672, valid r2: 0.18752547102678763, test r2: 0.4555144392191879
Training Results:
r2: 0.7794
rmse: 0.3802
mae: 0.2822
Validation Results:
r2: 0.1875
rmse: 0.5393
mae: 0.3906
Test Results:
r2: 0.4555
rmse: 0.5238
mae: 0.3688
7/101
train r2: 0.7727101038835062, valid r2: 0.21003635241892415, test r2: 0.5069481303383532
Training Results:
r2: 0.7727
rmse: 0.3859
mae: 0.2760
Validation Results:
r2: 0.2100
rmse: 0.5318
mae: 0.3808
Test Results:
r2: 0.5069
rmse: 0.4984
mae: 0.3504
8/101
train r2: 0.8267541424569917, valid r2: 0.17506983761894146, test r2: 0.5043889730311002
Training Results:
r2: 0.8268
rmse: 0.3369
mae: 0.2474
Validation Results:
r2: 0.1751
rmse: 0.5435
mae: 0.3904
Test Results:
r2: 0.5044
rmse: 0.4997
mae: 0.3529
9/101
train r2: 0.7893083847042307, valid r2: -0.2297314382934872, test r2: 0.22383916289153505
Training Results:
r2: 0.7893
rmse: 0.3716
mae: 0.2917
Validation Results:
r2: -0.2297
rmse: 0.6635
mae: 0.4749
Test Results:
r2: 0.2238
rmse: 0.6253
mae: 0.4681
10/101
train r2: 0.8704301664108943, valid r2: 0.24168857325441073, test r2: 0.5564196374265747
Training Results:
r2: 0.8704
rmse: 0.2914
mae: 0.2099
Validation Results:
r2: 0.2417
rmse: 0.5211
mae: 0.3808
Test Results:
r2: 0.5564
rmse: 0.4727
mae: 0.3354
11/101
train r2: 0.8870636809887636, valid r2: 0.20904657518329084, test r2: 0.5222528545505742
Training Results:
r2: 0.8871
rmse: 0.2720
mae: 0.2037
Validation Results:
r2: 0.2090
rmse: 0.5322
mae: 0.3838
Test Results:
r2: 0.5223
rmse: 0.4906
mae: 0.3481
12/101
train r2: 0.8941852856719226, valid r2: 0.11267344194608131, test r2: 0.5009842591097349
Training Results:
r2: 0.8942
rmse: 0.2633
mae: 0.1931
Validation Results:
r2: 0.1127
rmse: 0.5636
mae: 0.4038
Test Results:
r2: 0.5010
rmse: 0.5014
mae: 0.3508
13/101
train r2: 0.9020613400512116, valid r2: 0.01099432921759469, test r2: 0.42808123180361723
Training Results:
r2: 0.9021
rmse: 0.2533
mae: 0.1822
Validation Results:
r2: 0.0110
rmse: 0.5951
mae: 0.4307
Test Results:
r2: 0.4281
rmse: 0.5368
mae: 0.3711
14/101
train r2: 0.8731108655907872, valid r2: 0.19044695762835795, test r2: 0.45575906430060065
Training Results:
r2: 0.8731
rmse: 0.2883
mae: 0.2184
Validation Results:
r2: 0.1904
rmse: 0.5384
mae: 0.3899
Test Results:
r2: 0.4558
rmse: 0.5236
mae: 0.3710
15/101
train r2: 0.9159228302888023, valid r2: 0.06425808878008321, test r2: 0.47715737056635876
Training Results:
r2: 0.9159
rmse: 0.2346
mae: 0.1764
Validation Results:
r2: 0.0643
rmse: 0.5788
mae: 0.4144
Test Results:
r2: 0.4772
rmse: 0.5132
mae: 0.3561
16/101
train r2: 0.9270961121475223, valid r2: -0.0414889798039344, test r2: 0.43753150422755305
Training Results:
r2: 0.9271
rmse: 0.2185
mae: 0.1596
Validation Results:
r2: -0.0415
rmse: 0.6106
mae: 0.4396
Test Results:
r2: 0.4375
rmse: 0.5323
mae: 0.3671
17/101
train r2: 0.944801037037979, valid r2: -0.15944707172879258, test r2: 0.40222105796155927
Training Results:
r2: 0.9448
rmse: 0.1902
mae: 0.1391
Validation Results:
r2: -0.1594
rmse: 0.6443
mae: 0.4751
Test Results:
r2: 0.4022
rmse: 0.5488
mae: 0.3828
18/101
train r2: 0.9450306670860162, valid r2: 0.21469298680151827, test r2: 0.5443020427620745
Training Results:
r2: 0.9450
rmse: 0.1898
mae: 0.1400
Validation Results:
r2: 0.2147
rmse: 0.5303
mae: 0.3827
Test Results:
r2: 0.5443
rmse: 0.4792
mae: 0.3306
19/101
train r2: 0.957562796375724, valid r2: 0.15633553746561735, test r2: 0.5397232906250878
Training Results:
r2: 0.9576
rmse: 0.1668
mae: 0.1235
Validation Results:
r2: 0.1563
rmse: 0.5496
mae: 0.3959
Test Results:
r2: 0.5397
rmse: 0.4816
mae: 0.3311
20/101
train r2: 0.9544180073486557, valid r2: -0.14667070230087909, test r2: 0.38970759851420467
Training Results:
r2: 0.9544
rmse: 0.1728
mae: 0.1278
Validation Results:
r2: -0.1467
rmse: 0.6407
mae: 0.4680
Test Results:
r2: 0.3897
rmse: 0.5545
mae: 0.3848
21/101
train r2: 0.9697777535821105, valid r2: 0.020627104332422097, test r2: 0.47358550137750655
Training Results:
r2: 0.9698
rmse: 0.1407
mae: 0.1039
Validation Results:
r2: 0.0206
rmse: 0.5922
mae: 0.4229
Test Results:
r2: 0.4736
rmse: 0.5150
mae: 0.3558
22/101
train r2: 0.96334289443191, valid r2: -0.0713338429936663, test r2: 0.4365492454803864
Training Results:
r2: 0.9633
rmse: 0.1550
mae: 0.1159
Validation Results:
r2: -0.0713
rmse: 0.6193
mae: 0.4471
Test Results:
r2: 0.4365
rmse: 0.5328
mae: 0.3680
23/101
train r2: 0.9775276277070359, valid r2: 0.08587305486681218, test r2: 0.48020545271603643
Training Results:
r2: 0.9775
rmse: 0.1214
mae: 0.0907
Validation Results:
r2: 0.0859
rmse: 0.5721
mae: 0.4103
Test Results:
r2: 0.4802
rmse: 0.5117
mae: 0.3521
24/101
train r2: 0.977878712478332, valid r2: 0.05401844816301116, test r2: 0.4889375968420797
Training Results:
r2: 0.9779
rmse: 0.1204
mae: 0.0914
Validation Results:
r2: 0.0540
rmse: 0.5820
mae: 0.4145
Test Results:
r2: 0.4889
rmse: 0.5074
mae: 0.3534
25/101
train r2: 0.9829066459024041, valid r2: 0.13225415324896117, test r2: 0.5147519013997544
Training Results:
r2: 0.9829
rmse: 0.1058
mae: 0.0790
Validation Results:
r2: 0.1323
rmse: 0.5574
mae: 0.4008
Test Results:
r2: 0.5148
rmse: 0.4944
mae: 0.3423
26/101
train r2: 0.9837158810834782, valid r2: 0.0755807353943162, test r2: 0.47824254353010265
Training Results:
r2: 0.9837
rmse: 0.1033
mae: 0.0780
Validation Results:
r2: 0.0756
rmse: 0.5753
mae: 0.4143
Test Results:
r2: 0.4782
rmse: 0.5127
mae: 0.3526
27/101
train r2: 0.9796706038390339, valid r2: 0.142145551468971, test r2: 0.5098481741548908
Training Results:
r2: 0.9797
rmse: 0.1154
mae: 0.0895
Validation Results:
r2: 0.1421
rmse: 0.5542
mae: 0.3993
Test Results:
r2: 0.5098
rmse: 0.4969
mae: 0.3442
28/101
train r2: 0.9843313655183932, valid r2: -0.020887772934712112, test r2: 0.4563672736739117
Training Results:
r2: 0.9843
rmse: 0.1013
mae: 0.0754
Validation Results:
r2: -0.0209
rmse: 0.6046
mae: 0.4362
Test Results:
r2: 0.4564
rmse: 0.5233
mae: 0.3635
29/101
train r2: 0.9872677302680537, valid r2: 0.05084182525677994, test r2: 0.47975395588453384
Training Results:
r2: 0.9873
rmse: 0.0913
mae: 0.0710
Validation Results:
r2: 0.0508
rmse: 0.5830
mae: 0.4182
Test Results:
r2: 0.4798
rmse: 0.5120
mae: 0.3514
30/101
train r2: 0.9882830856516406, valid r2: 0.00159065539306813, test r2: 0.4776490710951109
Training Results:
r2: 0.9883
rmse: 0.0876
mae: 0.0669
Validation Results:
r2: 0.0016
rmse: 0.5979
mae: 0.4342
Test Results:
r2: 0.4776
rmse: 0.5130
mae: 0.3540
break!
train: 0.8704, val: 0.2417, test: 0.5564
end_test_result: (0.5564196374265747, 0.4727433919906616, 0.3353528380393982)
args.seed: 2054
use label scaler
use label scaler
use label scaler
model have 90.143705M paramerters in total
train_dataset.mean: tensor([-5.6000]) train_dataset.std: tensor([0.9500])
1/101
train r2: 0.33395208884106853, valid r2: 0.06871027987916889, test r2: 0.23696075796567106
Training Results:
r2: 0.3340
rmse: 0.6607
mae: 0.4820
Validation Results:
r2: 0.0687
rmse: 0.5774
mae: 0.4373
Test Results:
r2: 0.2370
rmse: 0.6200
mae: 0.4661
2/101
train r2: 0.5041973356795405, valid r2: -0.2932846518056671, test r2: 0.11137964713533755
Training Results:
r2: 0.5042
rmse: 0.5700
mae: 0.4246
Validation Results:
r2: -0.2933
rmse: 0.6805
mae: 0.4837
Test Results:
r2: 0.1114
rmse: 0.6691
mae: 0.4832
3/101
train r2: 0.6109402924409607, valid r2: 0.24208902962673862, test r2: 0.42682060329507754
Training Results:
r2: 0.6109
rmse: 0.5048
mae: 0.3773
Validation Results:
r2: 0.2421
rmse: 0.5209
mae: 0.3828
Test Results:
r2: 0.4268
rmse: 0.5374
mae: 0.4080
4/101
train r2: 0.6695742171696183, valid r2: -1.5905288470514782, test r2: -0.2399413550051861
Training Results:
r2: 0.6696
rmse: 0.4653
mae: 0.3386
Validation Results:
r2: -1.5905
rmse: 0.9631
mae: 0.7854
Test Results:
r2: -0.2399
rmse: 0.7904
mae: 0.5919
5/101
train r2: 0.7168370849559412, valid r2: -0.5091911714423487, test r2: 0.1688147044766567
Training Results:
r2: 0.7168
rmse: 0.4308
mae: 0.3040
Validation Results:
r2: -0.5092
rmse: 0.7351
mae: 0.5428
Test Results:
r2: 0.1688
rmse: 0.6471
mae: 0.4731
6/101
train r2: 0.7726685300142373, valid r2: -0.3597261530805491, test r2: 0.21875057735842196
Training Results:
r2: 0.7727
rmse: 0.3860
mae: 0.2909
Validation Results:
r2: -0.3597
rmse: 0.6977
mae: 0.5250
Test Results:
r2: 0.2188
rmse: 0.6274
mae: 0.4674
7/101
train r2: 0.7637826368050364, valid r2: 0.3659235439372708, test r2: 0.5589954956970016
Training Results:
r2: 0.7638
rmse: 0.3934
mae: 0.3118
Validation Results:
r2: 0.3659
rmse: 0.4765
mae: 0.3704
Test Results:
r2: 0.5590
rmse: 0.4714
mae: 0.3587
8/101
train r2: 0.8380270198450839, valid r2: 0.21121859321673386, test r2: 0.5576059654803338
Training Results:
r2: 0.8380
rmse: 0.3258
mae: 0.2428
Validation Results:
r2: 0.2112
rmse: 0.5314
mae: 0.3798
Test Results:
r2: 0.5576
rmse: 0.4721
mae: 0.3408
9/101
train r2: 0.86387204615137, valid r2: -0.018848310362711507, test r2: 0.4293498538604147
Training Results:
r2: 0.8639
rmse: 0.2987
mae: 0.2194
Validation Results:
r2: -0.0188
rmse: 0.6040
mae: 0.4408
Test Results:
r2: 0.4293
rmse: 0.5362
mae: 0.3847
10/101
train r2: 0.8493436573621576, valid r2: 0.32589393394355404, test r2: 0.6095581744211102
Training Results:
r2: 0.8493
rmse: 0.3139
mae: 0.2321
Validation Results:
r2: 0.3259
rmse: 0.4913
mae: 0.3620
Test Results:
r2: 0.6096
rmse: 0.4435
mae: 0.3216
11/101
train r2: 0.8437335866238194, valid r2: 0.09890949902661339, test r2: 0.4242302432005417
Training Results:
r2: 0.8437
rmse: 0.3200
mae: 0.2338
Validation Results:
r2: 0.0989
rmse: 0.5680
mae: 0.4081
Test Results:
r2: 0.4242
rmse: 0.5386
mae: 0.3801
12/101
train r2: 0.8841570749818088, valid r2: 0.11402115495236342, test r2: 0.5114898584621026
Training Results:
r2: 0.8842
rmse: 0.2755
mae: 0.2038
Validation Results:
r2: 0.1140
rmse: 0.5632
mae: 0.4070
Test Results:
r2: 0.5115
rmse: 0.4961
mae: 0.3490
13/101
train r2: 0.9083474116057131, valid r2: 0.03330325737722917, test r2: 0.5016846153214851
Training Results:
r2: 0.9083
rmse: 0.2451
mae: 0.1760
Validation Results:
r2: 0.0333
rmse: 0.5883
mae: 0.4312
Test Results:
r2: 0.5017
rmse: 0.5011
mae: 0.3558
14/101
train r2: 0.9065088538034398, valid r2: 0.034693157708903244, test r2: 0.4984818758229137
Training Results:
r2: 0.9065
rmse: 0.2475
mae: 0.1838
Validation Results:
r2: 0.0347
rmse: 0.5879
mae: 0.4255
Test Results:
r2: 0.4985
rmse: 0.5027
mae: 0.3539
15/101
train r2: 0.9318045924950881, valid r2: -0.03155452467454345, test r2: 0.4769601676520211
Training Results:
r2: 0.9318
rmse: 0.2114
mae: 0.1541
Validation Results:
r2: -0.0316
rmse: 0.6077
mae: 0.4414
Test Results:
r2: 0.4770
rmse: 0.5133
mae: 0.3629
16/101
train r2: 0.9395241276068351, valid r2: 0.03748430966176408, test r2: 0.46052443311767477
Training Results:
r2: 0.9395
rmse: 0.1991
mae: 0.1417
Validation Results:
r2: 0.0375
rmse: 0.5870
mae: 0.4213
Test Results:
r2: 0.4605
rmse: 0.5213
mae: 0.3660
17/101
train r2: 0.9452226452989279, valid r2: -0.008731819776812033, test r2: 0.4576876384087175
Training Results:
r2: 0.9452
rmse: 0.1895
mae: 0.1396
Validation Results:
r2: -0.0087
rmse: 0.6010
mae: 0.4352
Test Results:
r2: 0.4577
rmse: 0.5227
mae: 0.3711
18/101
train r2: 0.9416244459801468, valid r2: -0.16962769670157818, test r2: 0.39833500704205027
Training Results:
r2: 0.9416
rmse: 0.1956
mae: 0.1473
Validation Results:
r2: -0.1696
rmse: 0.6471
mae: 0.4790
Test Results:
r2: 0.3983
rmse: 0.5506
mae: 0.3911
19/101
train r2: 0.9641492144660815, valid r2: 0.03214511234261408, test r2: 0.458169074264683
Training Results:
r2: 0.9641
rmse: 0.1533
mae: 0.1131
Validation Results:
r2: 0.0321
rmse: 0.5887
mae: 0.4238
Test Results:
r2: 0.4582
rmse: 0.5225
mae: 0.3627
20/101
train r2: 0.9601612472155615, valid r2: -0.1704605419244669, test r2: 0.3500203305351408
Training Results:
r2: 0.9602
rmse: 0.1615
mae: 0.1215
Validation Results:
r2: -0.1705
rmse: 0.6474
mae: 0.4786
Test Results:
r2: 0.3500
rmse: 0.5723
mae: 0.4163
21/101
train r2: 0.974279643669066, valid r2: 0.036773176615013003, test r2: 0.47644887580186535
Training Results:
r2: 0.9743
rmse: 0.1298
mae: 0.0954
Validation Results:
r2: 0.0368
rmse: 0.5873
mae: 0.4216
Test Results:
r2: 0.4764
rmse: 0.5136
mae: 0.3587
22/101
train r2: 0.9768698650418712, valid r2: 0.06748276151998689, test r2: 0.43178153430152344
Training Results:
r2: 0.9769
rmse: 0.1231
mae: 0.0931
Validation Results:
r2: 0.0675
rmse: 0.5778
mae: 0.4110
Test Results:
r2: 0.4318
rmse: 0.5351
mae: 0.3704
23/101
train r2: 0.9807261059586294, valid r2: 0.08186946452710109, test r2: 0.45222104531595986
Training Results:
r2: 0.9807
rmse: 0.1123
mae: 0.0842
Validation Results:
r2: 0.0819
rmse: 0.5733
mae: 0.4141
Test Results:
r2: 0.4522
rmse: 0.5253
mae: 0.3707
24/101
train r2: 0.9798713753331219, valid r2: 0.1231153499258012, test r2: 0.5157250863589786
Training Results:
r2: 0.9799
rmse: 0.1148
mae: 0.0874
Validation Results:
r2: 0.1231
rmse: 0.5603
mae: 0.3992
Test Results:
r2: 0.5157
rmse: 0.4940
mae: 0.3439
25/101
train r2: 0.9838637658707602, valid r2: -0.08649516024625048, test r2: 0.3828356410800384
Training Results:
r2: 0.9839
rmse: 0.1028
mae: 0.0761
Validation Results:
r2: -0.0865
rmse: 0.6237
mae: 0.4526
Test Results:
r2: 0.3828
rmse: 0.5576
mae: 0.3883
26/101
train r2: 0.986139429872053, valid r2: -0.049476353077720914, test r2: 0.43632880785028416
Training Results:
r2: 0.9861
rmse: 0.0953
mae: 0.0738
Validation Results:
r2: -0.0495
rmse: 0.6130
mae: 0.4399
Test Results:
r2: 0.4363
rmse: 0.5329
mae: 0.3711
27/101
train r2: 0.9859753734521401, valid r2: -0.012788930126266917, test r2: 0.4737061508060355
Training Results:
r2: 0.9860
rmse: 0.0959
mae: 0.0738
Validation Results:
r2: -0.0128
rmse: 0.6022
mae: 0.4332
Test Results:
r2: 0.4737
rmse: 0.5149
mae: 0.3606
break!
train: 0.7638, val: 0.3659, test: 0.5590
end_test_result: (0.5589954956970016, 0.47136878967285156, 0.35868820548057556)
args.seed: 2064
use label scaler
use label scaler
use label scaler
model have 90.143705M paramerters in total
train_dataset.mean: tensor([-5.6000]) train_dataset.std: tensor([0.9500])
1/101
train r2: 0.3035468947374226, valid r2: -0.028369551560773143, test r2: 0.16817197022435826
Training Results:
r2: 0.3035
rmse: 0.6756
mae: 0.4875
Validation Results:
r2: -0.0284
rmse: 0.6068
mae: 0.4425
Test Results:
r2: 0.1682
rmse: 0.6474
mae: 0.4694
2/101
train r2: 0.4830749796365792, valid r2: 0.17424762093284618, test r2: 0.39514419561580016
Training Results:
r2: 0.4831
rmse: 0.5820
mae: 0.4283
Validation Results:
r2: 0.1742
rmse: 0.5437
mae: 0.4036
Test Results:
r2: 0.3951
rmse: 0.5520
mae: 0.3987
3/101
train r2: 0.6103730966956336, valid r2: 0.10190909799528647, test r2: 0.40323045986984896
Training Results:
r2: 0.6104
rmse: 0.5051
mae: 0.3872
Validation Results:
r2: 0.1019
rmse: 0.5671
mae: 0.4065
Test Results:
r2: 0.4032
rmse: 0.5483
mae: 0.4018
4/101
train r2: 0.7269937645144828, valid r2: 0.1336253871434241, test r2: 0.41834189089835294
Training Results:
r2: 0.7270
rmse: 0.4230
mae: 0.3188
Validation Results:
r2: 0.1336
rmse: 0.5570
mae: 0.3982
Test Results:
r2: 0.4183
rmse: 0.5413
mae: 0.3984
5/101
train r2: 0.7996902893684037, valid r2: 0.20282104307680937, test r2: 0.47943917021328764
Training Results:
r2: 0.7997
rmse: 0.3623
mae: 0.2642
Validation Results:
r2: 0.2028
rmse: 0.5342
mae: 0.3831
Test Results:
r2: 0.4794
rmse: 0.5121
mae: 0.3602
6/101
train r2: 0.779528571411471, valid r2: 0.2822075355208412, test r2: 0.5577313462508179
Training Results:
r2: 0.7795
rmse: 0.3801
mae: 0.2919
Validation Results:
r2: 0.2822
rmse: 0.5069
mae: 0.3682
Test Results:
r2: 0.5577
rmse: 0.4720
mae: 0.3371
7/101
train r2: 0.8330482741878846, valid r2: 0.18885591670296065, test r2: 0.5141712340140134
Training Results:
r2: 0.8330
rmse: 0.3307
mae: 0.2484
Validation Results:
r2: 0.1889
rmse: 0.5389
mae: 0.3846
Test Results:
r2: 0.5142
rmse: 0.4947
mae: 0.3536
8/101
train r2: 0.7644830110186696, valid r2: 0.10232188991774627, test r2: 0.382377026658282
Training Results:
r2: 0.7645
rmse: 0.3928
mae: 0.2993
Validation Results:
r2: 0.1023
rmse: 0.5669
mae: 0.4108
Test Results:
r2: 0.3824
rmse: 0.5578
mae: 0.3997
9/101
train r2: 0.8333411582952048, valid r2: -0.027319569523870157, test r2: 0.4331620669774635
Training Results:
r2: 0.8333
rmse: 0.3305
mae: 0.2431
Validation Results:
r2: -0.0273
rmse: 0.6065
mae: 0.4372
Test Results:
r2: 0.4332
rmse: 0.5344
mae: 0.3855
10/101
train r2: 0.862123112108682, valid r2: -0.04364840636391709, test r2: 0.3532938914393501
Training Results:
r2: 0.8621
rmse: 0.3005
mae: 0.2218
Validation Results:
r2: -0.0436
rmse: 0.6113
mae: 0.4331
Test Results:
r2: 0.3533
rmse: 0.5708
mae: 0.3988
11/101
train r2: 0.8869672989413369, valid r2: -0.3790222174688578, test r2: 0.21721628704505824
Training Results:
r2: 0.8870
rmse: 0.2722
mae: 0.1987
Validation Results:
r2: -0.3790
rmse: 0.7027
mae: 0.5136
Test Results:
r2: 0.2172
rmse: 0.6280
mae: 0.4486
12/101
train r2: 0.8962005020457752, valid r2: 0.01347910222308124, test r2: 0.44356607430156714
Training Results:
r2: 0.8962
rmse: 0.2608
mae: 0.1909
Validation Results:
r2: 0.0135
rmse: 0.5943
mae: 0.4180
Test Results:
r2: 0.4436
rmse: 0.5295
mae: 0.3718
13/101
train r2: 0.8911110752908828, valid r2: 0.1629495780930592, test r2: 0.4874171859774683
Training Results:
r2: 0.8911
rmse: 0.2671
mae: 0.1967
Validation Results:
r2: 0.1629
rmse: 0.5474
mae: 0.3887
Test Results:
r2: 0.4874
rmse: 0.5082
mae: 0.3557
14/101
train r2: 0.8792719725626066, valid r2: -0.01897615426665089, test r2: 0.408485132213831
Training Results:
r2: 0.8793
rmse: 0.2813
mae: 0.2140
Validation Results:
r2: -0.0190
rmse: 0.6040
mae: 0.4303
Test Results:
r2: 0.4085
rmse: 0.5459
mae: 0.3803
15/101
train r2: 0.929125766458365, valid r2: -0.10501146296334851, test r2: 0.37316901051024187
Training Results:
r2: 0.9291
rmse: 0.2155
mae: 0.1585
Validation Results:
r2: -0.1050
rmse: 0.6290
mae: 0.4582
Test Results:
r2: 0.3732
rmse: 0.5620
mae: 0.3984
16/101
train r2: 0.9399273604527578, valid r2: -0.14241371241349743, test r2: 0.4062522126897372
Training Results:
r2: 0.9399
rmse: 0.1984
mae: 0.1460
Validation Results:
r2: -0.1424
rmse: 0.6396
mae: 0.4580
Test Results:
r2: 0.4063
rmse: 0.5469
mae: 0.3816
17/101
train r2: 0.9254941138868449, valid r2: -0.2304066924993764, test r2: 0.3023704643556995
Training Results:
r2: 0.9255
rmse: 0.2210
mae: 0.1617
Validation Results:
r2: -0.2304
rmse: 0.6637
mae: 0.4907
Test Results:
r2: 0.3024
rmse: 0.5929
mae: 0.4297
18/101
train r2: 0.950665227567216, valid r2: -0.06362079668648724, test r2: 0.3949248931034909
Training Results:
r2: 0.9507
rmse: 0.1798
mae: 0.1307
Validation Results:
r2: -0.0636
rmse: 0.6171
mae: 0.4427
Test Results:
r2: 0.3949
rmse: 0.5521
mae: 0.3910
19/101
train r2: 0.9604854742584682, valid r2: -0.024843993554263033, test r2: 0.43159598677062094
Training Results:
r2: 0.9605
rmse: 0.1609
mae: 0.1164
Validation Results:
r2: -0.0248
rmse: 0.6058
mae: 0.4327
Test Results:
r2: 0.4316
rmse: 0.5351
mae: 0.3740
20/101
train r2: 0.959709429058945, valid r2: -0.10476549640618837, test r2: 0.39237732021150895
Training Results:
r2: 0.9597
rmse: 0.1625
mae: 0.1208
Validation Results:
r2: -0.1048
rmse: 0.6289
mae: 0.4536
Test Results:
r2: 0.3924
rmse: 0.5533
mae: 0.3952
21/101
train r2: 0.9652493191760728, valid r2: -0.0275294782112252, test r2: 0.3752888056972884
Training Results:
r2: 0.9652
rmse: 0.1509
mae: 0.1126
Validation Results:
r2: -0.0275
rmse: 0.6065
mae: 0.4340
Test Results:
r2: 0.3753
rmse: 0.5610
mae: 0.3899
22/101
train r2: 0.9719241095057873, valid r2: 0.1126837770536877, test r2: 0.4792330434487899
Training Results:
r2: 0.9719
rmse: 0.1356
mae: 0.1023
Validation Results:
r2: 0.1127
rmse: 0.5636
mae: 0.4009
Test Results:
r2: 0.4792
rmse: 0.5122
mae: 0.3549
23/101
train r2: 0.9764928957125384, valid r2: 0.05534905299373416, test r2: 0.44781636670722424
Training Results:
r2: 0.9765
rmse: 0.1241
mae: 0.0927
Validation Results:
r2: 0.0553
rmse: 0.5816
mae: 0.4157
Test Results:
r2: 0.4478
rmse: 0.5274
mae: 0.3646
24/101
train r2: 0.9812832489536648, valid r2: 0.0012998750501189704, test r2: 0.44329733742105115
Training Results:
r2: 0.9813
rmse: 0.1107
mae: 0.0836
Validation Results:
r2: 0.0013
rmse: 0.5980
mae: 0.4290
Test Results:
r2: 0.4433
rmse: 0.5296
mae: 0.3692
25/101
train r2: 0.9811241805489723, valid r2: 0.005952656530870959, test r2: 0.4600981470445179
Training Results:
r2: 0.9811
rmse: 0.1112
mae: 0.0851
Validation Results:
r2: 0.0060
rmse: 0.5966
mae: 0.4291
Test Results:
r2: 0.4601
rmse: 0.5216
mae: 0.3683
26/101
train r2: 0.977095565179929, valid r2: -0.05016317273390891, test r2: 0.43130349385953737
Training Results:
r2: 0.9771
rmse: 0.1225
mae: 0.0930
Validation Results:
r2: -0.0502
rmse: 0.6132
mae: 0.4405
Test Results:
r2: 0.4313
rmse: 0.5353
mae: 0.3756
break!
train: 0.7795, val: 0.2822, test: 0.5577
end_test_result: (0.5577313462508179, 0.4720439016819, 0.33712589740753174)
Time used on PAMPA1: 1:26:3
Current seed: 2054, current split method: Perimeter, current task: PAMPA1
Namespace(seed=2024, times=5, n_epochs=100, config='base', model_path='../models/pretrained/base/base.pth', dataset='PAMPA1', data_path='../datasets/', dataset_type='regression', use_scaler=True, metric=['r2', 'rmse', 'mae'], split='Perimeter_2054', weight_decay=0.0, dropout=0.0, lr=3e-05, n_threads=8)
args.seed: 2024
use label scaler
use label scaler
use label scaler
model have 90.143705M paramerters in total
train_dataset.mean: tensor([-5.6100]) train_dataset.std: tensor([0.9600])
1/101
train r2: 0.3199456671002072, valid r2: 0.05298365763705615, test r2: 0.3289471990792955
Training Results:
r2: 0.3199
rmse: 0.6672
mae: 0.5066
Validation Results:
r2: 0.0530
rmse: 0.4570
mae: 0.3840
Test Results:
r2: 0.3289
rmse: 0.6433
mae: 0.4572
2/101
train r2: 0.45843201669826794, valid r2: 0.09542955835072287, test r2: 0.45362620644086815
Training Results:
r2: 0.4584
rmse: 0.5958
mae: 0.4636
Validation Results:
r2: 0.0954
rmse: 0.4466
mae: 0.3771
Test Results:
r2: 0.4536
rmse: 0.5804
mae: 0.4356
3/101
train r2: 0.5216141037774569, valid r2: -0.11168029301682614, test r2: 0.47157824969212736
Training Results:
r2: 0.5216
rmse: 0.5596
mae: 0.4428
Validation Results:
r2: -0.1117
rmse: 0.4951
mae: 0.4267
Test Results:
r2: 0.4716
rmse: 0.5708
mae: 0.4529
4/101
train r2: 0.6998284310187699, valid r2: 0.26322398409292735, test r2: 0.6271461455940315
Training Results:
r2: 0.6998
rmse: 0.4432
mae: 0.3369
Validation Results:
r2: 0.2632
rmse: 0.4031
mae: 0.3328
Test Results:
r2: 0.6271
rmse: 0.4795
mae: 0.3531
5/101
train r2: 0.6649011983142072, valid r2: 0.06597553298879422, test r2: 0.5099092489043275
Training Results:
r2: 0.6649
rmse: 0.4683
mae: 0.3486
Validation Results:
r2: 0.0660
rmse: 0.4538
mae: 0.3516
Test Results:
r2: 0.5099
rmse: 0.5497
mae: 0.3712
6/101
train r2: 0.7209380155675302, valid r2: 0.3145491442545173, test r2: 0.617656407081492
Training Results:
r2: 0.7209
rmse: 0.4275
mae: 0.3197
Validation Results:
r2: 0.3145
rmse: 0.3888
mae: 0.2966
Test Results:
r2: 0.6177
rmse: 0.4856
mae: 0.3292
7/101
train r2: 0.7834206138883423, valid r2: 0.281579773629935, test r2: 0.6743273047873352
Training Results:
r2: 0.7834
rmse: 0.3758
mae: 0.2769
Validation Results:
r2: 0.2816
rmse: 0.3980
mae: 0.3058
Test Results:
r2: 0.6743
rmse: 0.4481
mae: 0.3211
8/101
train r2: 0.7889830637985835, valid r2: -0.07912126577932121, test r2: 0.6477499009115707
Training Results:
r2: 0.7890
rmse: 0.3715
mae: 0.2853
Validation Results:
r2: -0.0791
rmse: 0.4878
mae: 0.3841
Test Results:
r2: 0.6477
rmse: 0.4661
mae: 0.3538
9/101
train r2: 0.8405916404246053, valid r2: 0.34981380521753347, test r2: 0.6440159500298513
Training Results:
r2: 0.8406
rmse: 0.3230
mae: 0.2344
Validation Results:
r2: 0.3498
rmse: 0.3786
mae: 0.2849
Test Results:
r2: 0.6440
rmse: 0.4685
mae: 0.3233
10/101
train r2: 0.8254462213726582, valid r2: 0.27464879387421237, test r2: 0.6108092522568598
Training Results:
r2: 0.8254
rmse: 0.3376
mae: 0.2593
Validation Results:
r2: 0.2746
rmse: 0.3999
mae: 0.3155
Test Results:
r2: 0.6108
rmse: 0.4899
mae: 0.3760
11/101
train r2: 0.8384690064859968, valid r2: 0.3271955940383512, test r2: 0.6328197727394153
Training Results:
r2: 0.8385
rmse: 0.3253
mae: 0.2384
Validation Results:
r2: 0.3272
rmse: 0.3852
mae: 0.2879
Test Results:
r2: 0.6328
rmse: 0.4758
mae: 0.3258
12/101
train r2: 0.8404849604940071, valid r2: 0.2807027169038655, test r2: 0.6149236107759577
Training Results:
r2: 0.8405
rmse: 0.3231
mae: 0.2383
Validation Results:
r2: 0.2807
rmse: 0.3982
mae: 0.2977
Test Results:
r2: 0.6149
rmse: 0.4873
mae: 0.3362
13/101
train r2: 0.8787748792617551, valid r2: 0.3484896355017776, test r2: 0.6739484905870138
Training Results:
r2: 0.8788
rmse: 0.2817
mae: 0.2053
Validation Results:
r2: 0.3485
rmse: 0.3790
mae: 0.2902
Test Results:
r2: 0.6739
rmse: 0.4484
mae: 0.3180
14/101
train r2: 0.9053416290735368, valid r2: 0.3931396066599646, test r2: 0.6826958603398846
Training Results:
r2: 0.9053
rmse: 0.2489
mae: 0.1782
Validation Results:
r2: 0.3931
rmse: 0.3658
mae: 0.2797
Test Results:
r2: 0.6827
rmse: 0.4423
mae: 0.3091
15/101
train r2: 0.9052456781113681, valid r2: 0.3736747332366158, test r2: 0.6959140791930383
Training Results:
r2: 0.9052
rmse: 0.2491
mae: 0.1775
Validation Results:
r2: 0.3737
rmse: 0.3716
mae: 0.2822
Test Results:
r2: 0.6959
rmse: 0.4330
mae: 0.3013
16/101
train r2: 0.9295612624391797, valid r2: 0.3264152565868459, test r2: 0.6346107294329161
Training Results:
r2: 0.9296
rmse: 0.2147
mae: 0.1578
Validation Results:
r2: 0.3264
rmse: 0.3854
mae: 0.2954
Test Results:
r2: 0.6346
rmse: 0.4747
mae: 0.3348
17/101
train r2: 0.9224537047297571, valid r2: 0.2578145911907216, test r2: 0.6646642072738757
Training Results:
r2: 0.9225
rmse: 0.2254
mae: 0.1719
Validation Results:
r2: 0.2578
rmse: 0.4045
mae: 0.3125
Test Results:
r2: 0.6647
rmse: 0.4547
mae: 0.3348
18/101
train r2: 0.9509623631636884, valid r2: 0.2767205732904847, test r2: 0.703824691977627
Training Results:
r2: 0.9510
rmse: 0.1790
mae: 0.1305
Validation Results:
r2: 0.2767
rmse: 0.3993
mae: 0.3031
Test Results:
r2: 0.7038
rmse: 0.4274
mae: 0.3003
19/101
train r2: 0.9542091951526227, valid r2: 0.29341182812338407, test r2: 0.6829875458885761
Training Results:
r2: 0.9542
rmse: 0.1731
mae: 0.1256
Validation Results:
r2: 0.2934
rmse: 0.3947
mae: 0.3024
Test Results:
r2: 0.6830
rmse: 0.4421
mae: 0.3155
20/101
train r2: 0.9584311234724463, valid r2: 0.3038954423389063, test r2: 0.6721342337656022
Training Results:
r2: 0.9584
rmse: 0.1649
mae: 0.1266
Validation Results:
r2: 0.3039
rmse: 0.3918
mae: 0.3009
Test Results:
r2: 0.6721
rmse: 0.4496
mae: 0.3128
21/101
train r2: 0.9661102970919827, valid r2: 0.2750917924093573, test r2: 0.707043271876098
Training Results:
r2: 0.9661
rmse: 0.1488
mae: 0.1077
Validation Results:
r2: 0.2751
rmse: 0.3998
mae: 0.3046
Test Results:
r2: 0.7070
rmse: 0.4250
mae: 0.2950
22/101
train r2: 0.9667504771448316, valid r2: 0.2535013682686018, test r2: 0.6982449739759273
Training Results:
r2: 0.9668
rmse: 0.1475
mae: 0.1073
Validation Results:
r2: 0.2535
rmse: 0.4057
mae: 0.3110
Test Results:
r2: 0.6982
rmse: 0.4314
mae: 0.3011
23/101
train r2: 0.9722249132628757, valid r2: 0.22550654435016093, test r2: 0.6659000032776603
Training Results:
r2: 0.9722
rmse: 0.1349
mae: 0.1021
Validation Results:
r2: 0.2255
rmse: 0.4132
mae: 0.3079
Test Results:
r2: 0.6659
rmse: 0.4539
mae: 0.3131
24/101
train r2: 0.9766134446361431, valid r2: 0.27412280978000136, test r2: 0.6671673124893165
Training Results:
r2: 0.9766
rmse: 0.1236
mae: 0.0911
Validation Results:
r2: 0.2741
rmse: 0.4001
mae: 0.3034
Test Results:
r2: 0.6672
rmse: 0.4530
mae: 0.3135
25/101
train r2: 0.9821846940533047, valid r2: 0.22777878749866298, test r2: 0.6896820285315137
Training Results:
r2: 0.9822
rmse: 0.1080
mae: 0.0807
Validation Results:
r2: 0.2278
rmse: 0.4126
mae: 0.3102
Test Results:
r2: 0.6897
rmse: 0.4374
mae: 0.3045
26/101
train r2: 0.9848856573009587, valid r2: 0.22935486871889088, test r2: 0.6846643527449502
Training Results:
r2: 0.9849
rmse: 0.0994
mae: 0.0769
Validation Results:
r2: 0.2294
rmse: 0.4122
mae: 0.3092
Test Results:
r2: 0.6847
rmse: 0.4410
mae: 0.3030
27/101
train r2: 0.9844268657376868, valid r2: 0.1954802317883565, test r2: 0.7094555339538329
Training Results:
r2: 0.9844
rmse: 0.1009
mae: 0.0792
Validation Results:
r2: 0.1955
rmse: 0.4212
mae: 0.3163
Test Results:
r2: 0.7095
rmse: 0.4233
mae: 0.2947
28/101
train r2: 0.9883070820165728, valid r2: 0.24005867286774663, test r2: 0.7016252083928763
Training Results:
r2: 0.9883
rmse: 0.0875
mae: 0.0655
Validation Results:
r2: 0.2401
rmse: 0.4093
mae: 0.3089
Test Results:
r2: 0.7016
rmse: 0.4289
mae: 0.2993
29/101
train r2: 0.9895605508199803, valid r2: 0.17649063081622463, test r2: 0.6975286831625493
Training Results:
r2: 0.9896
rmse: 0.0824
mae: 0.0611
Validation Results:
r2: 0.1765
rmse: 0.4261
mae: 0.3152
Test Results:
r2: 0.6975
rmse: 0.4319
mae: 0.2998
30/101
train r2: 0.9908697549766675, valid r2: 0.22304813961146408, test r2: 0.6967647069721996
Training Results:
r2: 0.9909
rmse: 0.0773
mae: 0.0577
Validation Results:
r2: 0.2230
rmse: 0.4139
mae: 0.3083
Test Results:
r2: 0.6968
rmse: 0.4324
mae: 0.2990
31/101
train r2: 0.9881332381646177, valid r2: 0.24683149763141476, test r2: 0.6924082874868045
Training Results:
r2: 0.9881
rmse: 0.0882
mae: 0.0677
Validation Results:
r2: 0.2468
rmse: 0.4075
mae: 0.3036
Test Results:
r2: 0.6924
rmse: 0.4355
mae: 0.3006
32/101
train r2: 0.9911146448945819, valid r2: 0.20784671080544048, test r2: 0.6955653493589674
Training Results:
r2: 0.9911
rmse: 0.0762
mae: 0.0583
Validation Results:
r2: 0.2078
rmse: 0.4179
mae: 0.3159
Test Results:
r2: 0.6956
rmse: 0.4333
mae: 0.2941
33/101
train r2: 0.9887120874232986, valid r2: 0.2518825964045308, test r2: 0.6963981960921375
Training Results:
r2: 0.9887
rmse: 0.0858
mae: 0.0630
Validation Results:
r2: 0.2519
rmse: 0.4061
mae: 0.3032
Test Results:
r2: 0.6964
rmse: 0.4327
mae: 0.3026
34/101
train r2: 0.9888269989171473, valid r2: 0.21892398082705278, test r2: 0.7045872794243093
Training Results:
r2: 0.9888
rmse: 0.0856
mae: 0.0644
Validation Results:
r2: 0.2189
rmse: 0.4150
mae: 0.3088
Test Results:
r2: 0.7046
rmse: 0.4268
mae: 0.2921
break!
train: 0.9053, val: 0.3931, test: 0.6827
end_test_result: (0.6826958603398846, 0.44233766198158264, 0.3091082274913788)
args.seed: 2034
use label scaler
use label scaler
use label scaler
model have 90.143705M paramerters in total
train_dataset.mean: tensor([-5.6100]) train_dataset.std: tensor([0.9600])
1/101
train r2: 0.3138940546378475, valid r2: -0.26824924943776485, test r2: 0.34323126737411014
Training Results:
r2: 0.3139
rmse: 0.6702
mae: 0.5094
Validation Results:
r2: -0.2682
rmse: 0.5288
mae: 0.4483
Test Results:
r2: 0.3432
rmse: 0.6364
mae: 0.4667
2/101
train r2: 0.47890916240836223, valid r2: -0.1347387863686722, test r2: 0.5160603337367378
Training Results:
r2: 0.4789
rmse: 0.5840
mae: 0.4435
Validation Results:
r2: -0.1347
rmse: 0.5002
mae: 0.4208
Test Results:
r2: 0.5161
rmse: 0.5463
mae: 0.3781
3/101
train r2: 0.5969906131353775, valid r2: 0.1593760934158791, test r2: 0.5579123453693413
Training Results:
r2: 0.5970
rmse: 0.5134
mae: 0.3899
Validation Results:
r2: 0.1594
rmse: 0.4305
mae: 0.3591
Test Results:
r2: 0.5579
rmse: 0.5221
mae: 0.3914
4/101
train r2: 0.6560314353501688, valid r2: 0.37931885020865563, test r2: 0.6584855008885437
Training Results:
r2: 0.6560
rmse: 0.4740
mae: 0.3478
Validation Results:
r2: 0.3793
rmse: 0.3699
mae: 0.2902
Test Results:
r2: 0.6585
rmse: 0.4589
mae: 0.3160
5/101
train r2: 0.7654995117820245, valid r2: 0.3519414659733334, test r2: 0.6537507328862269
Training Results:
r2: 0.7655
rmse: 0.3915
mae: 0.2886
Validation Results:
r2: 0.3519
rmse: 0.3780
mae: 0.2969
Test Results:
r2: 0.6538
rmse: 0.4621
mae: 0.3150
6/101
train r2: 0.7429980193037999, valid r2: 0.21009643842432857, test r2: 0.48034887723409114
Training Results:
r2: 0.7430
rmse: 0.4101
mae: 0.2991
Validation Results:
r2: 0.2101
rmse: 0.4173
mae: 0.3116
Test Results:
r2: 0.4803
rmse: 0.5661
mae: 0.3998
7/101
train r2: 0.7876610431166144, valid r2: 0.3997629614007375, test r2: 0.6720643217575744
Training Results:
r2: 0.7877
rmse: 0.3726
mae: 0.2723
Validation Results:
r2: 0.3998
rmse: 0.3638
mae: 0.2780
Test Results:
r2: 0.6721
rmse: 0.4497
mae: 0.3254
8/101
train r2: 0.8212185496760483, valid r2: 0.31300728056911586, test r2: 0.7185422121371103
Training Results:
r2: 0.8212
rmse: 0.3417
mae: 0.2486
Validation Results:
r2: 0.3130
rmse: 0.3892
mae: 0.2950
Test Results:
r2: 0.7185
rmse: 0.4166
mae: 0.3047
9/101
train r2: 0.8288613653717777, valid r2: 0.4011731889659189, test r2: 0.707120644962045
Training Results:
r2: 0.8289
rmse: 0.3346
mae: 0.2466
Validation Results:
r2: 0.4012
rmse: 0.3634
mae: 0.2823
Test Results:
r2: 0.7071
rmse: 0.4250
mae: 0.3048
10/101
train r2: 0.8251988533877896, valid r2: 0.3560251812114872, test r2: 0.6184529186321472
Training Results:
r2: 0.8252
rmse: 0.3381
mae: 0.2500
Validation Results:
r2: 0.3560
rmse: 0.3768
mae: 0.2867
Test Results:
r2: 0.6185
rmse: 0.4851
mae: 0.3457
11/101
train r2: 0.8587117811077861, valid r2: 0.292456807849501, test r2: 0.7034331833869525
Training Results:
r2: 0.8587
rmse: 0.3041
mae: 0.2254
Validation Results:
r2: 0.2925
rmse: 0.3950
mae: 0.3121
Test Results:
r2: 0.7034
rmse: 0.4276
mae: 0.3090
12/101
train r2: 0.8698125310516807, valid r2: 0.30812178751365116, test r2: 0.6394642324527635
Training Results:
r2: 0.8698
rmse: 0.2917
mae: 0.2136
Validation Results:
r2: 0.3081
rmse: 0.3906
mae: 0.3057
Test Results:
r2: 0.6395
rmse: 0.4715
mae: 0.3336
13/101
train r2: 0.8855405664434642, valid r2: 0.3387742377477271, test r2: 0.7090226931717458
Training Results:
r2: 0.8855
rmse: 0.2740
mae: 0.1949
Validation Results:
r2: 0.3388
rmse: 0.3818
mae: 0.2873
Test Results:
r2: 0.7090
rmse: 0.4236
mae: 0.3060
14/101
train r2: 0.8756328690076066, valid r2: 0.2358304996006939, test r2: 0.655750305997502
Training Results:
r2: 0.8756
rmse: 0.2854
mae: 0.2127
Validation Results:
r2: 0.2358
rmse: 0.4105
mae: 0.3102
Test Results:
r2: 0.6558
rmse: 0.4607
mae: 0.3247
15/101
train r2: 0.9168538627305356, valid r2: 0.35171001653460887, test r2: 0.7358807309470303
Training Results:
r2: 0.9169
rmse: 0.2332
mae: 0.1666
Validation Results:
r2: 0.3517
rmse: 0.3781
mae: 0.2820
Test Results:
r2: 0.7359
rmse: 0.4036
mae: 0.2880
16/101
train r2: 0.9065729426773101, valid r2: 0.2750571119887245, test r2: 0.6792216122866037
Training Results:
r2: 0.9066
rmse: 0.2473
mae: 0.1753
Validation Results:
r2: 0.2751
rmse: 0.3998
mae: 0.3037
Test Results:
r2: 0.6792
rmse: 0.4448
mae: 0.3177
17/101
train r2: 0.9436209088205999, valid r2: 0.332140179407297, test r2: 0.7111261288283361
Training Results:
r2: 0.9436
rmse: 0.1921
mae: 0.1371
Validation Results:
r2: 0.3321
rmse: 0.3837
mae: 0.2881
Test Results:
r2: 0.7111
rmse: 0.4221
mae: 0.3044
18/101
train r2: 0.9463785720379334, valid r2: 0.19674312128418292, test r2: 0.7482886974162919
Training Results:
r2: 0.9464
rmse: 0.1872
mae: 0.1352
Validation Results:
r2: 0.1967
rmse: 0.4208
mae: 0.3149
Test Results:
r2: 0.7483
rmse: 0.3940
mae: 0.2758
19/101
train r2: 0.9498714173872356, valid r2: 0.1914559792072137, test r2: 0.7399984125178174
Training Results:
r2: 0.9499
rmse: 0.1813
mae: 0.1302
Validation Results:
r2: 0.1915
rmse: 0.4222
mae: 0.3122
Test Results:
r2: 0.7400
rmse: 0.4004
mae: 0.2917
20/101
train r2: 0.9444778216407047, valid r2: 0.21422856643846122, test r2: 0.733565767943044
Training Results:
r2: 0.9445
rmse: 0.1906
mae: 0.1397
Validation Results:
r2: 0.2142
rmse: 0.4162
mae: 0.3155
Test Results:
r2: 0.7336
rmse: 0.4053
mae: 0.3011
21/101
train r2: 0.9622838649431209, valid r2: 0.19236762962953613, test r2: 0.7029094930612783
Training Results:
r2: 0.9623
rmse: 0.1568
mae: 0.1178
Validation Results:
r2: 0.1924
rmse: 0.4220
mae: 0.3164
Test Results:
r2: 0.7029
rmse: 0.4280
mae: 0.3155
22/101
train r2: 0.9678849777628179, valid r2: 0.25295415680606326, test r2: 0.7231821504569197
Training Results:
r2: 0.9679
rmse: 0.1447
mae: 0.1073
Validation Results:
r2: 0.2530
rmse: 0.4059
mae: 0.3051
Test Results:
r2: 0.7232
rmse: 0.4132
mae: 0.2918
23/101
train r2: 0.9721834532699543, valid r2: 0.14351839484986118, test r2: 0.7454364248629811
Training Results:
r2: 0.9722
rmse: 0.1348
mae: 0.0990
Validation Results:
r2: 0.1435
rmse: 0.4346
mae: 0.3236
Test Results:
r2: 0.7454
rmse: 0.3962
mae: 0.2796
24/101
train r2: 0.97482460362481, valid r2: 0.25810210551876533, test r2: 0.7270484520679985
Training Results:
r2: 0.9748
rmse: 0.1284
mae: 0.0931
Validation Results:
r2: 0.2581
rmse: 0.4045
mae: 0.3008
Test Results:
r2: 0.7270
rmse: 0.4103
mae: 0.2890
25/101
train r2: 0.9761076781860843, valid r2: 0.2652443511789122, test r2: 0.6916512007571778
Training Results:
r2: 0.9761
rmse: 0.1250
mae: 0.0929
Validation Results:
r2: 0.2652
rmse: 0.4025
mae: 0.2992
Test Results:
r2: 0.6917
rmse: 0.4361
mae: 0.3093
26/101
train r2: 0.9820995121061656, valid r2: 0.28498839373877416, test r2: 0.7261254873688459
Training Results:
r2: 0.9821
rmse: 0.1083
mae: 0.0825
Validation Results:
r2: 0.2850
rmse: 0.3971
mae: 0.2973
Test Results:
r2: 0.7261
rmse: 0.4110
mae: 0.2852
27/101
train r2: 0.9859762129145604, valid r2: 0.2187601118997945, test r2: 0.7083114603837083
Training Results:
r2: 0.9860
rmse: 0.0958
mae: 0.0710
Validation Results:
r2: 0.2188
rmse: 0.4150
mae: 0.3065
Test Results:
r2: 0.7083
rmse: 0.4241
mae: 0.2978
28/101
train r2: 0.987971583008469, valid r2: 0.24420977729933424, test r2: 0.7224317042926036
Training Results:
r2: 0.9880
rmse: 0.0888
mae: 0.0667
Validation Results:
r2: 0.2442
rmse: 0.4082
mae: 0.3054
Test Results:
r2: 0.7224
rmse: 0.4137
mae: 0.2896
29/101
train r2: 0.9883816829955583, valid r2: 0.20292988998628492, test r2: 0.7362949124591593
Training Results:
r2: 0.9884
rmse: 0.0871
mae: 0.0657
Validation Results:
r2: 0.2029
rmse: 0.4192
mae: 0.3096
Test Results:
r2: 0.7363
rmse: 0.4033
mae: 0.2841
break!
train: 0.8289, val: 0.4012, test: 0.7071
end_test_result: (0.707120644962045, 0.4249720871448517, 0.3047880530357361)
args.seed: 2044
use label scaler
use label scaler
use label scaler
model have 90.143705M paramerters in total
train_dataset.mean: tensor([-5.6100]) train_dataset.std: tensor([0.9600])
1/101
train r2: 0.3137118098489372, valid r2: -0.2220138117611139, test r2: 0.40978383307855004
Training Results:
r2: 0.3137
rmse: 0.6688
mae: 0.5027
Validation Results:
r2: -0.2220
rmse: 0.5191
mae: 0.4392
Test Results:
r2: 0.4098
rmse: 0.6033
mae: 0.4324
2/101
train r2: 0.4728570790487985, valid r2: 0.2313904748357033, test r2: 0.498885397666354
Training Results:
r2: 0.4729
rmse: 0.5877
mae: 0.4390
Validation Results:
r2: 0.2314
rmse: 0.4117
mae: 0.3438
Test Results:
r2: 0.4989
rmse: 0.5559
mae: 0.3925
3/101
train r2: 0.6111311353556823, valid r2: 0.31367576627873994, test r2: 0.5751956016270212
Training Results:
r2: 0.6111
rmse: 0.5046
mae: 0.3655
Validation Results:
r2: 0.3137
rmse: 0.3890
mae: 0.3051
Test Results:
r2: 0.5752
rmse: 0.5118
mae: 0.3600
4/101
train r2: 0.5980451343596407, valid r2: 0.2557224986610278, test r2: 0.5807704662590356
Training Results:
r2: 0.5980
rmse: 0.5131
mae: 0.3896
Validation Results:
r2: 0.2557
rmse: 0.4051
mae: 0.3273
Test Results:
r2: 0.5808
rmse: 0.5084
mae: 0.3613
5/101
train r2: 0.5733786731324733, valid r2: 0.3022222732683033, test r2: 0.6301132598663053
Training Results:
r2: 0.5734
rmse: 0.5282
mae: 0.3603
Validation Results:
r2: 0.3022
rmse: 0.3922
mae: 0.3141
Test Results:
r2: 0.6301
rmse: 0.4776
mae: 0.3446
6/101
train r2: 0.7700617927743243, valid r2: 0.2511265697747166, test r2: 0.6957402700108581
Training Results:
r2: 0.7701
rmse: 0.3879
mae: 0.2909
Validation Results:
r2: 0.2511
rmse: 0.4064
mae: 0.3300
Test Results:
r2: 0.6957
rmse: 0.4331
mae: 0.3099
7/101
train r2: 0.8088683523099425, valid r2: 0.32486687312425144, test r2: 0.6580778697147613
Training Results:
r2: 0.8089
rmse: 0.3537
mae: 0.2593
Validation Results:
r2: 0.3249
rmse: 0.3858
mae: 0.3076
Test Results:
r2: 0.6581
rmse: 0.4592
mae: 0.3354
8/101
train r2: 0.7473420226089749, valid r2: 0.19300048246475743, test r2: 0.6242994033188363
Training Results:
r2: 0.7473
rmse: 0.4063
mae: 0.3111
Validation Results:
r2: 0.1930
rmse: 0.4218
mae: 0.3185
Test Results:
r2: 0.6243
rmse: 0.4813
mae: 0.3364
9/101
train r2: 0.7927713401385983, valid r2: 0.07027444841236419, test r2: 0.6907137446798435
Training Results:
r2: 0.7928
rmse: 0.3681
mae: 0.2698
Validation Results:
r2: 0.0703
rmse: 0.4528
mae: 0.3560
Test Results:
r2: 0.6907
rmse: 0.4367
mae: 0.3171
10/101
train r2: 0.8405988587547082, valid r2: 0.35411708468343506, test r2: 0.7042471729518678
Training Results:
r2: 0.8406
rmse: 0.3232
mae: 0.2434
Validation Results:
r2: 0.3541
rmse: 0.3774
mae: 0.2972
Test Results:
r2: 0.7042
rmse: 0.4271
mae: 0.3009
11/101
train r2: 0.8759217683766309, valid r2: 0.29377100771430453, test r2: 0.7293839030214715
Training Results:
r2: 0.8759
rmse: 0.2848
mae: 0.2063
Validation Results:
r2: 0.2938
rmse: 0.3946
mae: 0.3044
Test Results:
r2: 0.7294
rmse: 0.4085
mae: 0.2865
12/101
train r2: 0.8672788012145309, valid r2: 0.36897164842267627, test r2: 0.6738016945309803
Training Results:
r2: 0.8673
rmse: 0.2947
mae: 0.2161
Validation Results:
r2: 0.3690
rmse: 0.3730
mae: 0.2936
Test Results:
r2: 0.6738
rmse: 0.4485
mae: 0.3214
13/101
train r2: 0.8761212633720417, valid r2: 0.3667638844707255, test r2: 0.7110530166268332
Training Results:
r2: 0.8761
rmse: 0.2845
mae: 0.2050
Validation Results:
r2: 0.3668
rmse: 0.3737
mae: 0.2864
Test Results:
r2: 0.7111
rmse: 0.4221
mae: 0.3018
14/101
train r2: 0.8868699169735282, valid r2: 0.3327291174078969, test r2: 0.6890780904125235
Training Results:
r2: 0.8869
rmse: 0.2721
mae: 0.1998
Validation Results:
r2: 0.3327
rmse: 0.3836
mae: 0.2889
Test Results:
r2: 0.6891
rmse: 0.4379
mae: 0.3109
15/101
train r2: 0.9174609973276459, valid r2: 0.2045135723995637, test r2: 0.7111399844379149
Training Results:
r2: 0.9175
rmse: 0.2325
mae: 0.1678
Validation Results:
r2: 0.2045
rmse: 0.4188
mae: 0.3200
Test Results:
r2: 0.7111
rmse: 0.4220
mae: 0.2959
16/101
train r2: 0.9206855528729099, valid r2: 0.25722193166908824, test r2: 0.6911133958632123
Training Results:
r2: 0.9207
rmse: 0.2276
mae: 0.1692
Validation Results:
r2: 0.2572
rmse: 0.4047
mae: 0.3104
Test Results:
r2: 0.6911
rmse: 0.4364
mae: 0.3141
17/101
train r2: 0.9363654939105363, valid r2: 0.21252056621381654, test r2: 0.7237818297861331
Training Results:
r2: 0.9364
rmse: 0.2041
mae: 0.1507
Validation Results:
r2: 0.2125
rmse: 0.4167
mae: 0.3234
Test Results:
r2: 0.7238
rmse: 0.4127
mae: 0.2910
18/101
train r2: 0.9481118657647443, valid r2: 0.35249532922128124, test r2: 0.671329763418326
Training Results:
r2: 0.9481
rmse: 0.1842
mae: 0.1323
Validation Results:
r2: 0.3525
rmse: 0.3778
mae: 0.2831
Test Results:
r2: 0.6713
rmse: 0.4502
mae: 0.3131
19/101
train r2: 0.9548486879514047, valid r2: -0.1049713343607872, test r2: 0.7060955164341354
Training Results:
r2: 0.9548
rmse: 0.1719
mae: 0.1244
Validation Results:
r2: -0.1050
rmse: 0.4936
mae: 0.3809
Test Results:
r2: 0.7061
rmse: 0.4257
mae: 0.3068
20/101
train r2: 0.9556781750773266, valid r2: 0.26262168272891306, test r2: 0.6860295123092934
Training Results:
r2: 0.9557
rmse: 0.1702
mae: 0.1291
Validation Results:
r2: 0.2626
rmse: 0.4032
mae: 0.3141
Test Results:
r2: 0.6860
rmse: 0.4400
mae: 0.3055
21/101
train r2: 0.9610662133587363, valid r2: 0.16709049024088796, test r2: 0.7244767642496489
Training Results:
r2: 0.9611
rmse: 0.1594
mae: 0.1184
Validation Results:
r2: 0.1671
rmse: 0.4285
mae: 0.3301
Test Results:
r2: 0.7245
rmse: 0.4122
mae: 0.2904
22/101
train r2: 0.9549884795456491, valid r2: 0.2183189923326473, test r2: 0.6798768858763201
Training Results:
r2: 0.9550
rmse: 0.1715
mae: 0.1287
Validation Results:
r2: 0.2183
rmse: 0.4152
mae: 0.3160
Test Results:
r2: 0.6799
rmse: 0.4443
mae: 0.3134
23/101
train r2: 0.974946593927348, valid r2: 0.25093286893471345, test r2: 0.692039959759905
Training Results:
r2: 0.9749
rmse: 0.1278
mae: 0.0948
Validation Results:
r2: 0.2509
rmse: 0.4064
mae: 0.3126
Test Results:
r2: 0.6920
rmse: 0.4358
mae: 0.3021
24/101
train r2: 0.9770586836272268, valid r2: 0.2848560804369791, test r2: 0.6884564537045379
Training Results:
r2: 0.9771
rmse: 0.1226
mae: 0.0929
Validation Results:
r2: 0.2849
rmse: 0.3971
mae: 0.3022
Test Results:
r2: 0.6885
rmse: 0.4383
mae: 0.3092
25/101
train r2: 0.9793791243422114, valid r2: 0.11784373024033379, test r2: 0.6999381483549968
Training Results:
r2: 0.9794
rmse: 0.1162
mae: 0.0923
Validation Results:
r2: 0.1178
rmse: 0.4410
mae: 0.3379
Test Results:
r2: 0.6999
rmse: 0.4302
mae: 0.3038
26/101
train r2: 0.985597880608098, valid r2: 0.22422600500969547, test r2: 0.7173689227344955
Training Results:
r2: 0.9856
rmse: 0.0971
mae: 0.0739
Validation Results:
r2: 0.2242
rmse: 0.4136
mae: 0.3145
Test Results:
r2: 0.7174
rmse: 0.4175
mae: 0.2920
27/101
train r2: 0.9868572278310015, valid r2: 0.19083326419401947, test r2: 0.7109025890006201
Training Results:
r2: 0.9869
rmse: 0.0928
mae: 0.0683
Validation Results:
r2: 0.1908
rmse: 0.4224
mae: 0.3198
Test Results:
r2: 0.7109
rmse: 0.4222
mae: 0.2961
28/101
train r2: 0.9887887905226931, valid r2: 0.2298432928873907, test r2: 0.6929706379495146
Training Results:
r2: 0.9888
rmse: 0.0856
mae: 0.0646
Validation Results:
r2: 0.2298
rmse: 0.4121
mae: 0.3146
Test Results:
r2: 0.6930
rmse: 0.4351
mae: 0.3006
29/101
train r2: 0.9905346022669435, valid r2: 0.1585229537280899, test r2: 0.7116573627118512
Training Results:
r2: 0.9905
rmse: 0.0788
mae: 0.0590
Validation Results:
r2: 0.1585
rmse: 0.4307
mae: 0.3260
Test Results:
r2: 0.7117
rmse: 0.4217
mae: 0.2961
30/101
train r2: 0.9864683720991368, valid r2: 0.15205546615563292, test r2: 0.7241400358578838
Training Results:
r2: 0.9865
rmse: 0.0941
mae: 0.0703
Validation Results:
r2: 0.1521
rmse: 0.4324
mae: 0.3283
Test Results:
r2: 0.7241
rmse: 0.4124
mae: 0.2855
31/101
train r2: 0.9879412868508431, valid r2: 0.2310196512912429, test r2: 0.7121701498557196
Training Results:
r2: 0.9879
rmse: 0.0889
mae: 0.0655
Validation Results:
r2: 0.2310
rmse: 0.4118
mae: 0.3138
Test Results:
r2: 0.7122
rmse: 0.4213
mae: 0.2935
32/101
train r2: 0.9836991737280101, valid r2: 0.1574849090356596, test r2: 0.7233607726685712
Training Results:
r2: 0.9837
rmse: 0.1032
mae: 0.0749
Validation Results:
r2: 0.1575
rmse: 0.4310
mae: 0.3227
Test Results:
r2: 0.7234
rmse: 0.4130
mae: 0.2882
break!
train: 0.8673, val: 0.3690, test: 0.6738
end_test_result: (0.6738016945309803, 0.4484942555427551, 0.32137545943260193)
args.seed: 2054
use label scaler
use label scaler
use label scaler
model have 90.143705M paramerters in total
train_dataset.mean: tensor([-5.6100]) train_dataset.std: tensor([0.9600])
1/101
train r2: 0.318074832327214, valid r2: 0.032152110427941416, test r2: 0.38897063827567724
Training Results:
r2: 0.3181
rmse: 0.6677
mae: 0.4941
Validation Results:
r2: 0.0322
rmse: 0.4620
mae: 0.3875
Test Results:
r2: 0.3890
rmse: 0.6138
mae: 0.4380
2/101
train r2: 0.48396131492049677, valid r2: 0.29013711724338, test r2: 0.46186345830187525
Training Results:
r2: 0.4840
rmse: 0.5804
mae: 0.4195
Validation Results:
r2: 0.2901
rmse: 0.3956
mae: 0.3127
Test Results:
r2: 0.4619
rmse: 0.5761
mae: 0.3965
3/101
train r2: 0.5155265994139815, valid r2: 0.11258691857567604, test r2: 0.5879992179172886
Training Results:
r2: 0.5155
rmse: 0.5631
mae: 0.4217
Validation Results:
r2: 0.1126
rmse: 0.4423
mae: 0.3662
Test Results:
r2: 0.5880
rmse: 0.5040
mae: 0.3544
4/101
train r2: 0.7020851984232459, valid r2: 0.31549926348365953, test r2: 0.6536262410041735
Training Results:
r2: 0.7021
rmse: 0.4419
mae: 0.3230
Validation Results:
r2: 0.3155
rmse: 0.3885
mae: 0.3093
Test Results:
r2: 0.6536
rmse: 0.4622
mae: 0.3226
5/101
train r2: 0.7243345043355331, valid r2: 0.055034392679837785, test r2: 0.6239819442233115
Training Results:
r2: 0.7243
rmse: 0.4244
mae: 0.3228
Validation Results:
r2: 0.0550
rmse: 0.4565
mae: 0.3809
Test Results:
r2: 0.6240
rmse: 0.4815
mae: 0.3672
6/101
train r2: 0.7690125198866462, valid r2: 0.39421394295068346, test r2: 0.5947459061178262
Training Results:
r2: 0.7690
rmse: 0.3885
mae: 0.2862
Validation Results:
r2: 0.3942
rmse: 0.3655
mae: 0.2767
Test Results:
r2: 0.5947
rmse: 0.4999
mae: 0.3433
7/101
train r2: 0.76396555217713, valid r2: 0.411525565890431, test r2: 0.6474285976715601
Training Results:
r2: 0.7640
rmse: 0.3932
mae: 0.2870
Validation Results:
r2: 0.4115
rmse: 0.3602
mae: 0.2768
Test Results:
r2: 0.6474
rmse: 0.4663
mae: 0.3339
8/101
train r2: 0.8481646723184073, valid r2: 0.3728063331007303, test r2: 0.712199335407192
Training Results:
r2: 0.8482
rmse: 0.3150
mae: 0.2302
Validation Results:
r2: 0.3728
rmse: 0.3719
mae: 0.2846
Test Results:
r2: 0.7122
rmse: 0.4213
mae: 0.3008
9/101
train r2: 0.8444195582213064, valid r2: 0.38174494685736626, test r2: 0.7039810124637568
Training Results:
r2: 0.8444
rmse: 0.3189
mae: 0.2321
Validation Results:
r2: 0.3817
rmse: 0.3692
mae: 0.2839
Test Results:
r2: 0.7040
rmse: 0.4272
mae: 0.3017
10/101
train r2: 0.8379765200473851, valid r2: 0.3155134970352115, test r2: 0.6519971384364922
Training Results:
r2: 0.8380
rmse: 0.3258
mae: 0.2388
Validation Results:
r2: 0.3155
rmse: 0.3885
mae: 0.2876
Test Results:
r2: 0.6520
rmse: 0.4632
mae: 0.3219
11/101
train r2: 0.8428597497008619, valid r2: 0.3497701584265904, test r2: 0.6673216795152466
Training Results:
r2: 0.8429
rmse: 0.3205
mae: 0.2384
Validation Results:
r2: 0.3498
rmse: 0.3786
mae: 0.2791
Test Results:
r2: 0.6673
rmse: 0.4529
mae: 0.3158
12/101
train r2: 0.8773335459260708, valid r2: 0.35337839786859837, test r2: 0.6528446185767071
Training Results:
r2: 0.8773
rmse: 0.2836
mae: 0.2068
Validation Results:
r2: 0.3534
rmse: 0.3776
mae: 0.2807
Test Results:
r2: 0.6528
rmse: 0.4627
mae: 0.3243
13/101
train r2: 0.8831055873577845, valid r2: 0.35487040977641604, test r2: 0.6466841133962018
Training Results:
r2: 0.8831
rmse: 0.2759
mae: 0.1984
Validation Results:
r2: 0.3549
rmse: 0.3772
mae: 0.2822
Test Results:
r2: 0.6467
rmse: 0.4668
mae: 0.3213
14/101
train r2: 0.9052687038886648, valid r2: 0.33803525961111636, test r2: 0.7203571028988436
Training Results:
r2: 0.9053
rmse: 0.2491
mae: 0.1838
Validation Results:
r2: 0.3380
rmse: 0.3820
mae: 0.2985
Test Results:
r2: 0.7204
rmse: 0.4153
mae: 0.2939
15/101
train r2: 0.9160620413872338, valid r2: 0.34758533084923293, test r2: 0.7197385092195228
Training Results:
r2: 0.9161
rmse: 0.2342
mae: 0.1668
Validation Results:
r2: 0.3476
rmse: 0.3793
mae: 0.2866
Test Results:
r2: 0.7197
rmse: 0.4157
mae: 0.2961
16/101
train r2: 0.925397239494198, valid r2: 0.2121520032900288, test r2: 0.700111770352754
Training Results:
r2: 0.9254
rmse: 0.2208
mae: 0.1625
Validation Results:
r2: 0.2122
rmse: 0.4168
mae: 0.3266
Test Results:
r2: 0.7001
rmse: 0.4300
mae: 0.3114
17/101
train r2: 0.9272658841792938, valid r2: 0.2777751856035703, test r2: 0.7039284083294857
Training Results:
r2: 0.9273
rmse: 0.2177
mae: 0.1602
Validation Results:
r2: 0.2778
rmse: 0.3991
mae: 0.3085
Test Results:
r2: 0.7039
rmse: 0.4273
mae: 0.2979
18/101
train r2: 0.9468889983850202, valid r2: 0.27702367538985795, test r2: 0.7028286902183593
Training Results:
r2: 0.9469
rmse: 0.1863
mae: 0.1329
Validation Results:
r2: 0.2770
rmse: 0.3993
mae: 0.2993
Test Results:
r2: 0.7028
rmse: 0.4281
mae: 0.3012
19/101
train r2: 0.9522729115638272, valid r2: 0.21625544735825752, test r2: 0.7195497260850234
Training Results:
r2: 0.9523
rmse: 0.1766
mae: 0.1286
Validation Results:
r2: 0.2163
rmse: 0.4157
mae: 0.3093
Test Results:
r2: 0.7195
rmse: 0.4159
mae: 0.2941
20/101
train r2: 0.963766128746308, valid r2: 0.16429084493521318, test r2: 0.7206027512840918
Training Results:
r2: 0.9638
rmse: 0.1540
mae: 0.1118
Validation Results:
r2: 0.1643
rmse: 0.4293
mae: 0.3238
Test Results:
r2: 0.7206
rmse: 0.4151
mae: 0.2941
21/101
train r2: 0.9666545227882705, valid r2: 0.17866034633037442, test r2: 0.7005329167879955
Training Results:
r2: 0.9667
rmse: 0.1476
mae: 0.1079
Validation Results:
r2: 0.1787
rmse: 0.4256
mae: 0.3271
Test Results:
r2: 0.7005
rmse: 0.4297
mae: 0.2995
22/101
train r2: 0.9700446253475089, valid r2: 0.11488276380202866, test r2: 0.7178761340400386
Training Results:
r2: 0.9700
rmse: 0.1401
mae: 0.1031
Validation Results:
r2: 0.1149
rmse: 0.4418
mae: 0.3317
Test Results:
r2: 0.7179
rmse: 0.4171
mae: 0.2928
23/101
train r2: 0.9748335334472275, valid r2: 0.16730056849247732, test r2: 0.701691197337382
Training Results:
r2: 0.9748
rmse: 0.1283
mae: 0.0981
Validation Results:
r2: 0.1673
rmse: 0.4285
mae: 0.3248
Test Results:
r2: 0.7017
rmse: 0.4289
mae: 0.3053
24/101
train r2: 0.9822286541721015, valid r2: 0.09637104483511205, test r2: 0.724450156718174
Training Results:
r2: 0.9822
rmse: 0.1078
mae: 0.0819
Validation Results:
r2: 0.0964
rmse: 0.4464
mae: 0.3311
Test Results:
r2: 0.7245
rmse: 0.4122
mae: 0.2875
25/101
train r2: 0.9783966548425996, valid r2: 0.2370023773585651, test r2: 0.6869006049014319
Training Results:
r2: 0.9784
rmse: 0.1188
mae: 0.0875
Validation Results:
r2: 0.2370
rmse: 0.4102
mae: 0.3098
Test Results:
r2: 0.6869
rmse: 0.4394
mae: 0.3030
26/101
train r2: 0.9835743184184552, valid r2: 0.1722656825856964, test r2: 0.7096196417941109
Training Results:
r2: 0.9836
rmse: 0.1037
mae: 0.0764
Validation Results:
r2: 0.1723
rmse: 0.4272
mae: 0.3192
Test Results:
r2: 0.7096
rmse: 0.4232
mae: 0.2955
27/101
train r2: 0.9864052314439543, valid r2: 0.19298553542821506, test r2: 0.7133616262386555
Training Results:
r2: 0.9864
rmse: 0.0944
mae: 0.0728
Validation Results:
r2: 0.1930
rmse: 0.4218
mae: 0.3145
Test Results:
r2: 0.7134
rmse: 0.4204
mae: 0.2959
break!
train: 0.7640, val: 0.4115, test: 0.6474
end_test_result: (0.6474285976715601, 0.4662722647190094, 0.3339249789714813)
args.seed: 2064
use label scaler
use label scaler
use label scaler
model have 90.143705M paramerters in total
train_dataset.mean: tensor([-5.6100]) train_dataset.std: tensor([0.9600])
1/101
train r2: 0.2987825294281897, valid r2: -0.11650610578987686, test r2: 0.37747439940084593
Training Results:
r2: 0.2988
rmse: 0.6777
mae: 0.4996
Validation Results:
r2: -0.1165
rmse: 0.4962
mae: 0.4187
Test Results:
r2: 0.3775
rmse: 0.6196
mae: 0.4401
2/101
train r2: 0.4839620271070778, valid r2: 0.3072659383958427, test r2: 0.5447006830356488
Training Results:
r2: 0.4840
rmse: 0.5803
mae: 0.4205
Validation Results:
r2: 0.3073
rmse: 0.3908
mae: 0.3172
Test Results:
r2: 0.5447
rmse: 0.5299
mae: 0.3542
3/101
train r2: 0.5976110247987669, valid r2: 0.1861727968843785, test r2: 0.6476077880482898
Training Results:
r2: 0.5976
rmse: 0.5123
mae: 0.3853
Validation Results:
r2: 0.1862
rmse: 0.4236
mae: 0.3536
Test Results:
r2: 0.6476
rmse: 0.4662
mae: 0.3175
4/101
train r2: 0.66889530569921, valid r2: 0.36647072215955734, test r2: 0.641307713142601
Training Results:
r2: 0.6689
rmse: 0.4655
mae: 0.3351
Validation Results:
r2: 0.3665
rmse: 0.3737
mae: 0.2963
Test Results:
r2: 0.6413
rmse: 0.4703
mae: 0.3195
5/101
train r2: 0.7445887189446081, valid r2: 0.37764507426542904, test r2: 0.5908684336147325
Training Results:
r2: 0.7446
rmse: 0.4087
mae: 0.3035
Validation Results:
r2: 0.3776
rmse: 0.3704
mae: 0.2916
Test Results:
r2: 0.5909
rmse: 0.5023
mae: 0.3636
6/101
train r2: 0.7757596062555181, valid r2: 0.3216154564240109, test r2: 0.5296448605885191
Training Results:
r2: 0.7758
rmse: 0.3833
mae: 0.2897
Validation Results:
r2: 0.3216
rmse: 0.3868
mae: 0.2943
Test Results:
r2: 0.5296
rmse: 0.5386
mae: 0.3949
7/101
train r2: 0.7025219518840241, valid r2: -0.6416251381307416, test r2: 0.5353156643225896
Training Results:
r2: 0.7025
rmse: 0.4407
mae: 0.3518
Validation Results:
r2: -0.6416
rmse: 0.6016
mae: 0.5084
Test Results:
r2: 0.5353
rmse: 0.5353
mae: 0.4385
8/101
train r2: 0.7798498416504738, valid r2: 0.3612551446597829, test r2: 0.6098480209997279
Training Results:
r2: 0.7798
rmse: 0.3798
mae: 0.2764
Validation Results:
r2: 0.3613
rmse: 0.3753
mae: 0.2807
Test Results:
r2: 0.6098
rmse: 0.4905
mae: 0.3295
9/101
train r2: 0.8408106735152417, valid r2: 0.09079800999841614, test r2: 0.6815802196063181
Training Results:
r2: 0.8408
rmse: 0.3225
mae: 0.2358
Validation Results:
r2: 0.0908
rmse: 0.4477
mae: 0.3589
Test Results:
r2: 0.6816
rmse: 0.4431
mae: 0.3123
10/101
train r2: 0.8130814203086741, valid r2: 0.33132923187683516, test r2: 0.6797736078993255
Training Results:
r2: 0.8131
rmse: 0.3497
mae: 0.2681
Validation Results:
r2: 0.3313
rmse: 0.3840
mae: 0.3051
Test Results:
r2: 0.6798
rmse: 0.4444
mae: 0.3247
11/101
train r2: 0.8405333902587294, valid r2: 0.26701084561377986, test r2: 0.6673232471054256
Training Results:
r2: 0.8405
rmse: 0.3233
mae: 0.2474
Validation Results:
r2: 0.2670
rmse: 0.4020
mae: 0.3225
Test Results:
r2: 0.6673
rmse: 0.4529
mae: 0.3440
12/101
train r2: 0.8800732673774503, valid r2: 0.20718787175886633, test r2: 0.7198642649229192
Training Results:
r2: 0.8801
rmse: 0.2802
mae: 0.2013
Validation Results:
r2: 0.2072
rmse: 0.4181
mae: 0.3311
Test Results:
r2: 0.7199
rmse: 0.4156
mae: 0.3021
13/101
train r2: 0.8622966915292358, valid r2: -0.11713169892406738, test r2: 0.7065354424161411
Training Results:
r2: 0.8623
rmse: 0.3002
mae: 0.2249
Validation Results:
r2: -0.1171
rmse: 0.4963
mae: 0.4078
Test Results:
r2: 0.7065
rmse: 0.4254
mae: 0.3186
14/101
train r2: 0.9051371228672682, valid r2: 0.3672398311489772, test r2: 0.6400240445874652
Training Results:
r2: 0.9051
rmse: 0.2486
mae: 0.1791
Validation Results:
r2: 0.3672
rmse: 0.3735
mae: 0.2829
Test Results:
r2: 0.6400
rmse: 0.4711
mae: 0.3277
15/101
train r2: 0.9091140663229121, valid r2: 0.256753254501085, test r2: 0.7125534730135559
Training Results:
r2: 0.9091
rmse: 0.2440
mae: 0.1761
Validation Results:
r2: 0.2568
rmse: 0.4048
mae: 0.3142
Test Results:
r2: 0.7126
rmse: 0.4210
mae: 0.2962
16/101
train r2: 0.9258770363289263, valid r2: 0.24934216863605918, test r2: 0.7072091981836035
Training Results:
r2: 0.9259
rmse: 0.2200
mae: 0.1592
Validation Results:
r2: 0.2493
rmse: 0.4068
mae: 0.3023
Test Results:
r2: 0.7072
rmse: 0.4249
mae: 0.2962
17/101
train r2: 0.9311021631182785, valid r2: 0.2039595192318745, test r2: 0.7210596983402577
Training Results:
r2: 0.9311
rmse: 0.2123
mae: 0.1572
Validation Results:
r2: 0.2040
rmse: 0.4190
mae: 0.3171
Test Results:
r2: 0.7211
rmse: 0.4147
mae: 0.2936
18/101
train r2: 0.9496581073714145, valid r2: 0.2371983420704591, test r2: 0.7274507722747212
Training Results:
r2: 0.9497
rmse: 0.1814
mae: 0.1333
Validation Results:
r2: 0.2372
rmse: 0.4101
mae: 0.3215
Test Results:
r2: 0.7275
rmse: 0.4100
mae: 0.2926
19/101
train r2: 0.9508075763330549, valid r2: 0.2864085387176376, test r2: 0.7352441958704143
Training Results:
r2: 0.9508
rmse: 0.1795
mae: 0.1290
Validation Results:
r2: 0.2864
rmse: 0.3967
mae: 0.3081
Test Results:
r2: 0.7352
rmse: 0.4041
mae: 0.2922
20/101
train r2: 0.950665156311791, valid r2: 0.042619308512635956, test r2: 0.7431182395043003
Training Results:
r2: 0.9507
rmse: 0.1796
mae: 0.1321
Validation Results:
r2: 0.0426
rmse: 0.4595
mae: 0.3424
Test Results:
r2: 0.7431
rmse: 0.3980
mae: 0.2836
21/101
train r2: 0.9659707808574443, valid r2: 0.19791088758658848, test r2: 0.7356402572278791
Training Results:
r2: 0.9660
rmse: 0.1492
mae: 0.1117
Validation Results:
r2: 0.1979
rmse: 0.4205
mae: 0.3210
Test Results:
r2: 0.7356
rmse: 0.4038
mae: 0.2948
22/101
train r2: 0.9693533425998356, valid r2: 0.29566691682818613, test r2: 0.708618014774651
Training Results:
r2: 0.9694
rmse: 0.1415
mae: 0.1026
Validation Results:
r2: 0.2957
rmse: 0.3941
mae: 0.2983
Test Results:
r2: 0.7086
rmse: 0.4239
mae: 0.2993
23/101
train r2: 0.9765403430016525, valid r2: 0.23980550949150858, test r2: 0.7122442462658484
Training Results:
r2: 0.9765
rmse: 0.1239
mae: 0.0913
Validation Results:
r2: 0.2398
rmse: 0.4094
mae: 0.3027
Test Results:
r2: 0.7122
rmse: 0.4212
mae: 0.3006
24/101
train r2: 0.9789684230946201, valid r2: 0.2524749440013301, test r2: 0.7239723983236557
Training Results:
r2: 0.9790
rmse: 0.1173
mae: 0.0863
Validation Results:
r2: 0.2525
rmse: 0.4060
mae: 0.3110
Test Results:
r2: 0.7240
rmse: 0.4126
mae: 0.2921
25/101
train r2: 0.9774206343078703, valid r2: 0.19604142299711125, test r2: 0.7369284329387131
Training Results:
r2: 0.9774
rmse: 0.1216
mae: 0.0927
Validation Results:
r2: 0.1960
rmse: 0.4210
mae: 0.3257
Test Results:
r2: 0.7369
rmse: 0.4028
mae: 0.2911
break!
train: 0.7446, val: 0.3776, test: 0.5909
end_test_result: (0.5908684336147325, 0.502281904220581, 0.36359697580337524)
Time used on PAMPA1: 1:31:34
Current seed: 2064, current split method: Perimeter, current task: PAMPA1
Namespace(seed=2024, times=5, n_epochs=100, config='base', model_path='../models/pretrained/base/base.pth', dataset='PAMPA1', data_path='../datasets/', dataset_type='regression', use_scaler=True, metric=['r2', 'rmse', 'mae'], split='Perimeter_2064', weight_decay=0.0, dropout=0.0, lr=3e-05, n_threads=8)
args.seed: 2024
use label scaler
use label scaler
use label scaler
model have 90.143705M paramerters in total
train_dataset.mean: tensor([-5.6300]) train_dataset.std: tensor([0.9800])
1/101
train r2: 0.33091572375506684, valid r2: 0.018170889293618875, test r2: 0.2762793496891476
Training Results:
r2: 0.3309
rmse: 0.6624
mae: 0.4926
Validation Results:
r2: 0.0182
rmse: 0.4309
mae: 0.3606
Test Results:
r2: 0.2763
rmse: 0.6869
mae: 0.5043
2/101
train r2: 0.43408796164304175, valid r2: 0.10438390036977019, test r2: 0.3801555756979209
Training Results:
r2: 0.4341
rmse: 0.6084
mae: 0.4557
Validation Results:
r2: 0.1044
rmse: 0.4115
mae: 0.3358
Test Results:
r2: 0.3802
rmse: 0.6357
mae: 0.4464
3/101
train r2: 0.6013028300457133, valid r2: -0.2741241367387399, test r2: 0.6441618950250534
Training Results:
r2: 0.6013
rmse: 0.5111
mae: 0.3778
Validation Results:
r2: -0.2741
rmse: 0.4908
mae: 0.4131
Test Results:
r2: 0.6442
rmse: 0.4817
mae: 0.3554
4/101
train r2: 0.6436396674996485, valid r2: 0.07607524006865896, test r2: 0.49002251779925365
Training Results:
r2: 0.6436
rmse: 0.4835
mae: 0.3551
Validation Results:
r2: 0.0761
rmse: 0.4180
mae: 0.3213
Test Results:
r2: 0.4900
rmse: 0.5766
mae: 0.4161
5/101
train r2: 0.7556946150680884, valid r2: -0.15066740430694825, test r2: 0.6497769534894421
Training Results:
r2: 0.7557
rmse: 0.3996
mae: 0.2953
Validation Results:
r2: -0.1507
rmse: 0.4664
mae: 0.3853
Test Results:
r2: 0.6498
rmse: 0.4778
mae: 0.3444
6/101
train r2: 0.793527669151668, valid r2: 0.22798956706986984, test r2: 0.6384950873915218
Training Results:
r2: 0.7935
rmse: 0.3675
mae: 0.2678
Validation Results:
r2: 0.2280
rmse: 0.3821
mae: 0.2978
Test Results:
r2: 0.6385
rmse: 0.4855
mae: 0.3464
7/101
train r2: 0.7447610321798969, valid r2: -0.20545073507259337, test r2: 0.6048437893256204
Training Results:
r2: 0.7448
rmse: 0.4089
mae: 0.3027
Validation Results:
r2: -0.2055
rmse: 0.4774
mae: 0.3936
Test Results:
r2: 0.6048
rmse: 0.5076
mae: 0.3988
8/101
train r2: 0.8214003369697068, valid r2: 0.2365878573386203, test r2: 0.6208063117204261
Training Results:
r2: 0.8214
rmse: 0.3421
mae: 0.2474
Validation Results:
r2: 0.2366
rmse: 0.3799
mae: 0.2919
Test Results:
r2: 0.6208
rmse: 0.4972
mae: 0.3570
9/101
train r2: 0.840315508512597, valid r2: 0.02943178205461605, test r2: 0.6573336614260918
Training Results:
r2: 0.8403
rmse: 0.3228
mae: 0.2352
Validation Results:
r2: 0.0294
rmse: 0.4284
mae: 0.3245
Test Results:
r2: 0.6573
rmse: 0.4727
mae: 0.3433
10/101
train r2: 0.85599277822906, valid r2: 0.28608732351589694, test r2: 0.6618181503119074
Training Results:
r2: 0.8560
rmse: 0.3070
mae: 0.2247
Validation Results:
r2: 0.2861
rmse: 0.3674
mae: 0.2807
Test Results:
r2: 0.6618
rmse: 0.4696
mae: 0.3477
11/101
train r2: 0.8675333216509369, valid r2: 0.20771052679613278, test r2: 0.6617908200966153
Training Results:
r2: 0.8675
rmse: 0.2947
mae: 0.2175
Validation Results:
r2: 0.2077
rmse: 0.3871
mae: 0.2933
Test Results:
r2: 0.6618
rmse: 0.4696
mae: 0.3355
12/101
train r2: 0.8357258397982968, valid r2: 0.052654387729766605, test r2: 0.6341373098385377
Training Results:
r2: 0.8357
rmse: 0.3278
mae: 0.2406
Validation Results:
r2: 0.0527
rmse: 0.4232
mae: 0.3280
Test Results:
r2: 0.6341
rmse: 0.4884
mae: 0.3513
13/101
train r2: 0.8949893212318121, valid r2: 0.1503644733144981, test r2: 0.6182627680017825
Training Results:
r2: 0.8950
rmse: 0.2612
mae: 0.1869
Validation Results:
r2: 0.1504
rmse: 0.4008
mae: 0.3046
Test Results:
r2: 0.6183
rmse: 0.4989
mae: 0.3538
14/101
train r2: 0.9041788481313249, valid r2: 0.12703857441194044, test r2: 0.6785296386008556
Training Results:
r2: 0.9042
rmse: 0.2505
mae: 0.1788
Validation Results:
r2: 0.1270
rmse: 0.4063
mae: 0.3074
Test Results:
r2: 0.6785
rmse: 0.4578
mae: 0.3314
15/101
train r2: 0.9110829517630923, valid r2: 0.18956247613775123, test r2: 0.642579731927982
Training Results:
r2: 0.9111
rmse: 0.2408
mae: 0.1753
Validation Results:
r2: 0.1896
rmse: 0.3915
mae: 0.2990
Test Results:
r2: 0.6426
rmse: 0.4827
mae: 0.3525
16/101
train r2: 0.9316209528153137, valid r2: 0.15456517762729183, test r2: 0.666301830195361
Training Results:
r2: 0.9316
rmse: 0.2117
mae: 0.1524
Validation Results:
r2: 0.1546
rmse: 0.3998
mae: 0.3049
Test Results:
r2: 0.6663
rmse: 0.4664
mae: 0.3352
17/101
train r2: 0.9355042498985107, valid r2: 0.15881573235582946, test r2: 0.6719130009500293
Training Results:
r2: 0.9355
rmse: 0.2057
mae: 0.1475
Validation Results:
r2: 0.1588
rmse: 0.3988
mae: 0.3115
Test Results:
r2: 0.6719
rmse: 0.4625
mae: 0.3318
18/101
train r2: 0.9442934250572317, valid r2: 0.1503477800142441, test r2: 0.6565270416115501
Training Results:
r2: 0.9443
rmse: 0.1909
mae: 0.1351
Validation Results:
r2: 0.1503
rmse: 0.4008
mae: 0.3001
Test Results:
r2: 0.6565
rmse: 0.4732
mae: 0.3405
19/101
train r2: 0.9552885442896435, valid r2: 0.09164260059876983, test r2: 0.6636277884262936
Training Results:
r2: 0.9553
rmse: 0.1711
mae: 0.1233
Validation Results:
r2: 0.0916
rmse: 0.4144
mae: 0.3122
Test Results:
r2: 0.6636
rmse: 0.4683
mae: 0.3450
20/101
train r2: 0.9535080274705728, valid r2: 0.06685809921394503, test r2: 0.6698683899193496
Training Results:
r2: 0.9535
rmse: 0.1747
mae: 0.1324
Validation Results:
r2: 0.0669
rmse: 0.4201
mae: 0.3150
Test Results:
r2: 0.6699
rmse: 0.4639
mae: 0.3343
21/101
train r2: 0.9622058997482363, valid r2: 0.14098957584134741, test r2: 0.676560171950794
Training Results:
r2: 0.9622
rmse: 0.1571
mae: 0.1138
Validation Results:
r2: 0.1410
rmse: 0.4030
mae: 0.3073
Test Results:
r2: 0.6766
rmse: 0.4592
mae: 0.3331
22/101
train r2: 0.9678963058847835, valid r2: 0.01785304728501924, test r2: 0.6307757396495819
Training Results:
r2: 0.9679
rmse: 0.1450
mae: 0.1079
Validation Results:
r2: 0.0179
rmse: 0.4309
mae: 0.3258
Test Results:
r2: 0.6308
rmse: 0.4906
mae: 0.3599
23/101
train r2: 0.971689532391548, valid r2: 0.0552847400310329, test r2: 0.6613471286275429
Training Results:
r2: 0.9717
rmse: 0.1363
mae: 0.0996
Validation Results:
r2: 0.0553
rmse: 0.4226
mae: 0.3195
Test Results:
r2: 0.6613
rmse: 0.4699
mae: 0.3444
24/101
train r2: 0.9766175055155065, valid r2: -0.035850590169615115, test r2: 0.6705785107651796
Training Results:
r2: 0.9766
rmse: 0.1238
mae: 0.0928
Validation Results:
r2: -0.0359
rmse: 0.4426
mae: 0.3335
Test Results:
r2: 0.6706
rmse: 0.4634
mae: 0.3404
25/101
train r2: 0.9807922619933074, valid r2: 0.08266841637291389, test r2: 0.652502404764125
Training Results:
r2: 0.9808
rmse: 0.1122
mae: 0.0853
Validation Results:
r2: 0.0827
rmse: 0.4165
mae: 0.3139
Test Results:
r2: 0.6525
rmse: 0.4760
mae: 0.3476
26/101
train r2: 0.9850181964830058, valid r2: -0.011165575295000396, test r2: 0.6816960625998638
Training Results:
r2: 0.9850
rmse: 0.0991
mae: 0.0740
Validation Results:
r2: -0.0112
rmse: 0.4373
mae: 0.3245
Test Results:
r2: 0.6817
rmse: 0.4555
mae: 0.3309
27/101
train r2: 0.9861215441892861, valid r2: 0.03377816171808745, test r2: 0.6654415144465343
Training Results:
r2: 0.9861
rmse: 0.0954
mae: 0.0713
Validation Results:
r2: 0.0338
rmse: 0.4274
mae: 0.3244
Test Results:
r2: 0.6654
rmse: 0.4670
mae: 0.3385
28/101
train r2: 0.986003032705163, valid r2: 0.07637152071163977, test r2: 0.6784676250594515
Training Results:
r2: 0.9860
rmse: 0.0958
mae: 0.0720
Validation Results:
r2: 0.0764
rmse: 0.4179
mae: 0.3140
Test Results:
r2: 0.6785
rmse: 0.4578
mae: 0.3341
29/101
train r2: 0.9896793626029031, valid r2: 0.0004802330398750998, test r2: 0.6654171902206332
Training Results:
r2: 0.9897
rmse: 0.0822
mae: 0.0615
Validation Results:
r2: 0.0005
rmse: 0.4347
mae: 0.3262
Test Results:
r2: 0.6654
rmse: 0.4670
mae: 0.3369
30/101
train r2: 0.9873793653026025, valid r2: 0.06916209237314119, test r2: 0.6670042962876215
Training Results:
r2: 0.9874
rmse: 0.0908
mae: 0.0656
Validation Results:
r2: 0.0692
rmse: 0.4195
mae: 0.3139
Test Results:
r2: 0.6670
rmse: 0.4659
mae: 0.3372
break!
train: 0.8560, val: 0.2861, test: 0.6618
end_test_result: (0.6618181503119074, 0.4695538878440857, 0.3477182984352112)
args.seed: 2034
use label scaler
use label scaler
use label scaler
model have 90.143705M paramerters in total
train_dataset.mean: tensor([-5.6300]) train_dataset.std: tensor([0.9800])
1/101
train r2: 0.32650183447305525, valid r2: -0.024746274668831836, test r2: 0.31531610674264665
Training Results:
r2: 0.3265
rmse: 0.6640
mae: 0.4846
Validation Results:
r2: -0.0247
rmse: 0.4402
mae: 0.3717
Test Results:
r2: 0.3153
rmse: 0.6681
mae: 0.4849
2/101
train r2: 0.5004128104633361, valid r2: 0.13039770883840895, test r2: 0.4692323539820735
Training Results:
r2: 0.5004
rmse: 0.5725
mae: 0.4153
Validation Results:
r2: 0.1304
rmse: 0.4055
mae: 0.3369
Test Results:
r2: 0.4692
rmse: 0.5883
mae: 0.4161
3/101
train r2: 0.6320219144628134, valid r2: 0.006037578456313808, test r2: 0.6376679739558377
Training Results:
r2: 0.6320
rmse: 0.4913
mae: 0.3594
Validation Results:
r2: 0.0060
rmse: 0.4335
mae: 0.3593
Test Results:
r2: 0.6377
rmse: 0.4860
mae: 0.3425
4/101
train r2: 0.6687962307003477, valid r2: -0.13608062156769996, test r2: 0.5334589297300654
Training Results:
r2: 0.6688
rmse: 0.4658
mae: 0.3373
Validation Results:
r2: -0.1361
rmse: 0.4635
mae: 0.3513
Test Results:
r2: 0.5335
rmse: 0.5515
mae: 0.3920
5/101
train r2: 0.7764894958560883, valid r2: 0.27770754551002186, test r2: 0.6280216575262807
Training Results:
r2: 0.7765
rmse: 0.3824
mae: 0.2802
Validation Results:
r2: 0.2777
rmse: 0.3696
mae: 0.2857
Test Results:
r2: 0.6280
rmse: 0.4925
mae: 0.3547
6/101
train r2: 0.7399311608921247, valid r2: -0.19016137421952983, test r2: 0.6794487379044925
Training Results:
r2: 0.7399
rmse: 0.4127
mae: 0.3147
Validation Results:
r2: -0.1902
rmse: 0.4744
mae: 0.3870
Test Results:
r2: 0.6794
rmse: 0.4572
mae: 0.3420
7/101
train r2: 0.8080763477055665, valid r2: 0.2029612198482048, test r2: 0.6462812479273232
Training Results:
r2: 0.8081
rmse: 0.3535
mae: 0.2535
Validation Results:
r2: 0.2030
rmse: 0.3882
mae: 0.3052
Test Results:
r2: 0.6463
rmse: 0.4802
mae: 0.3680
8/101
train r2: 0.8180568312363249, valid r2: 0.24432533823926095, test r2: 0.7009263735740614
Training Results:
r2: 0.8181
rmse: 0.3455
mae: 0.2462
Validation Results:
r2: 0.2443
rmse: 0.3780
mae: 0.2894
Test Results:
r2: 0.7009
rmse: 0.4416
mae: 0.3201
9/101
train r2: 0.8162248236262223, valid r2: 0.018180532415477346, test r2: 0.5352321838388303
Training Results:
r2: 0.8162
rmse: 0.3471
mae: 0.2463
Validation Results:
r2: 0.0182
rmse: 0.4309
mae: 0.3235
Test Results:
r2: 0.5352
rmse: 0.5505
mae: 0.3897
10/101
train r2: 0.8382679453881503, valid r2: 0.11377186845320197, test r2: 0.6372120607186791
Training Results:
r2: 0.8383
rmse: 0.3253
mae: 0.2393
Validation Results:
r2: 0.1138
rmse: 0.4094
mae: 0.3198
Test Results:
r2: 0.6372
rmse: 0.4863
mae: 0.3613
11/101
train r2: 0.8180441327569823, valid r2: 0.20188860863559965, test r2: 0.6212400698035361
Training Results:
r2: 0.8180
rmse: 0.3447
mae: 0.2459
Validation Results:
r2: 0.2019
rmse: 0.3885
mae: 0.2979
Test Results:
r2: 0.6212
rmse: 0.4969
mae: 0.3590
12/101
train r2: 0.8787795418133947, valid r2: 0.11708694073032466, test r2: 0.7096328528596276
Training Results:
r2: 0.8788
rmse: 0.2818
mae: 0.2073
Validation Results:
r2: 0.1171
rmse: 0.4086
mae: 0.3146
Test Results:
r2: 0.7096
rmse: 0.4351
mae: 0.3217
13/101
train r2: 0.88687286723021, valid r2: 0.13831837985070117, test r2: 0.6929254719455038
Training Results:
r2: 0.8869
rmse: 0.2723
mae: 0.1974
Validation Results:
r2: 0.1383
rmse: 0.4036
mae: 0.3011
Test Results:
r2: 0.6929
rmse: 0.4474
mae: 0.3273
14/101
train r2: 0.8911784169368699, valid r2: 0.014802575509597404, test r2: 0.6344237742665163
Training Results:
r2: 0.8912
rmse: 0.2668
mae: 0.1924
Validation Results:
r2: 0.0148
rmse: 0.4316
mae: 0.3285
Test Results:
r2: 0.6344
rmse: 0.4882
mae: 0.3543
15/101
train r2: 0.8976937132779175, valid r2: 0.188894838996707, test r2: 0.7009220096812738
Training Results:
r2: 0.8977
rmse: 0.2589
mae: 0.1877
Validation Results:
r2: 0.1889
rmse: 0.3916
mae: 0.2996
Test Results:
r2: 0.7009
rmse: 0.4416
mae: 0.3244
16/101
train r2: 0.9160162595366823, valid r2: 0.2239696741475944, test r2: 0.6715496349384291
Training Results:
r2: 0.9160
rmse: 0.2348
mae: 0.1691
Validation Results:
r2: 0.2240
rmse: 0.3831
mae: 0.2863
Test Results:
r2: 0.6715
rmse: 0.4627
mae: 0.3505
17/101
train r2: 0.9343452399602691, valid r2: 0.22036366386300266, test r2: 0.689285185633119
Training Results:
r2: 0.9343
rmse: 0.2076
mae: 0.1499
Validation Results:
r2: 0.2204
rmse: 0.3839
mae: 0.2896
Test Results:
r2: 0.6893
rmse: 0.4501
mae: 0.3248
18/101
train r2: 0.9404389994118448, valid r2: 0.004773126734978095, test r2: 0.7192614680834548
Training Results:
r2: 0.9404
rmse: 0.1976
mae: 0.1452
Validation Results:
r2: 0.0048
rmse: 0.4338
mae: 0.3352
Test Results:
r2: 0.7193
rmse: 0.4278
mae: 0.3159
19/101
train r2: 0.9453942787237016, valid r2: 0.07937813683357542, test r2: 0.6979478943651563
Training Results:
r2: 0.9454
rmse: 0.1893
mae: 0.1376
Validation Results:
r2: 0.0794
rmse: 0.4172
mae: 0.3163
Test Results:
r2: 0.6979
rmse: 0.4438
mae: 0.3258
20/101
train r2: 0.9579588232797509, valid r2: 0.14112989624419436, test r2: 0.7008563417429299
Training Results:
r2: 0.9580
rmse: 0.1657
mae: 0.1216
Validation Results:
r2: 0.1411
rmse: 0.4030
mae: 0.3027
Test Results:
r2: 0.7009
rmse: 0.4416
mae: 0.3187
21/101
train r2: 0.9648376727847268, valid r2: 0.11881943198241707, test r2: 0.6876621505014953
Training Results:
r2: 0.9648
rmse: 0.1519
mae: 0.1135
Validation Results:
r2: 0.1188
rmse: 0.4082
mae: 0.3095
Test Results:
r2: 0.6877
rmse: 0.4513
mae: 0.3303
22/101
train r2: 0.973298841081396, valid r2: 0.10534993896481937, test r2: 0.6961592738437121
Training Results:
r2: 0.9733
rmse: 0.1323
mae: 0.0977
Validation Results:
r2: 0.1053
rmse: 0.4113
mae: 0.3114
Test Results:
r2: 0.6962
rmse: 0.4451
mae: 0.3253
23/101
train r2: 0.9779419083271041, valid r2: 0.1518026863524321, test r2: 0.6884289644979319
Training Results:
r2: 0.9779
rmse: 0.1201
mae: 0.0897
Validation Results:
r2: 0.1518
rmse: 0.4005
mae: 0.3022
Test Results:
r2: 0.6884
rmse: 0.4507
mae: 0.3334
24/101
train r2: 0.9784104268606282, valid r2: 0.14726394531136167, test r2: 0.6900180891939234
Training Results:
r2: 0.9784
rmse: 0.1189
mae: 0.0876
Validation Results:
r2: 0.1473
rmse: 0.4015
mae: 0.3006
Test Results:
r2: 0.6900
rmse: 0.4496
mae: 0.3260
25/101
train r2: 0.9778700343505392, valid r2: 0.16279525519982774, test r2: 0.6937986319068998
Training Results:
r2: 0.9779
rmse: 0.1205
mae: 0.0917
Validation Results:
r2: 0.1628
rmse: 0.3979
mae: 0.3015
Test Results:
r2: 0.6938
rmse: 0.4468
mae: 0.3275
break!
train: 0.7765, val: 0.2777, test: 0.6280
end_test_result: (0.6280216575262807, 0.49245792627334595, 0.3547091782093048)
args.seed: 2044
use label scaler
use label scaler
use label scaler
model have 90.143705M paramerters in total
train_dataset.mean: tensor([-5.6300]) train_dataset.std: tensor([0.9800])
1/101
train r2: 0.3228694457279583, valid r2: 0.02782790978004812, test r2: 0.32449710737165194
Training Results:
r2: 0.3229
rmse: 0.6665
mae: 0.4901
Validation Results:
r2: 0.0278
rmse: 0.4287
mae: 0.3596
Test Results:
r2: 0.3245
rmse: 0.6636
mae: 0.4946
2/101
train r2: 0.4711920105324302, valid r2: 0.17241102303810873, test r2: 0.4245689202768492
Training Results:
r2: 0.4712
rmse: 0.5862
mae: 0.4282
Validation Results:
r2: 0.1724
rmse: 0.3956
mae: 0.3176
Test Results:
r2: 0.4246
rmse: 0.6125
mae: 0.4284
3/101
train r2: 0.6139916386605084, valid r2: 0.240054661738475, test r2: 0.540430374878726
Training Results:
r2: 0.6140
rmse: 0.5021
mae: 0.3724
Validation Results:
r2: 0.2401
rmse: 0.3791
mae: 0.3043
Test Results:
r2: 0.5404
rmse: 0.5474
mae: 0.4061
4/101
train r2: 0.5871020173441417, valid r2: 0.209615918682712, test r2: 0.6024784733384181
Training Results:
r2: 0.5871
rmse: 0.5201
mae: 0.3831
Validation Results:
r2: 0.2096
rmse: 0.3866
mae: 0.3087
Test Results:
r2: 0.6025
rmse: 0.5091
mae: 0.3686
5/101
train r2: 0.7636093750647531, valid r2: 0.2082562697699475, test r2: 0.6727688837782427
Training Results:
r2: 0.7636
rmse: 0.3937
mae: 0.2940
Validation Results:
r2: 0.2083
rmse: 0.3869
mae: 0.3114
Test Results:
r2: 0.6728
rmse: 0.4619
mae: 0.3301
6/101
train r2: 0.7839142428161082, valid r2: 0.32678457111127246, test r2: 0.6719876941303013
Training Results:
r2: 0.7839
rmse: 0.3760
mae: 0.2739
Validation Results:
r2: 0.3268
rmse: 0.3568
mae: 0.2774
Test Results:
r2: 0.6720
rmse: 0.4624
mae: 0.3340
7/101
train r2: 0.7692759957753326, valid r2: 0.14896921363213333, test r2: 0.5248661824664576
Training Results:
r2: 0.7693
rmse: 0.3886
mae: 0.2779
Validation Results:
r2: 0.1490
rmse: 0.4011
mae: 0.3052
Test Results:
r2: 0.5249
rmse: 0.5566
mae: 0.3947
8/101
train r2: 0.8423122589666113, valid r2: 0.28020745895329324, test r2: 0.6551163221643677
Training Results:
r2: 0.8423
rmse: 0.3215
mae: 0.2327
Validation Results:
r2: 0.2802
rmse: 0.3689
mae: 0.2852
Test Results:
r2: 0.6551
rmse: 0.4742
mae: 0.3391
9/101
train r2: 0.7397333548899239, valid r2: 0.19606356896037158, test r2: 0.6471223455362645
Training Results:
r2: 0.7397
rmse: 0.4131
mae: 0.3243
Validation Results:
r2: 0.1961
rmse: 0.3899
mae: 0.3067
Test Results:
r2: 0.6471
rmse: 0.4796
mae: 0.3802
10/101
train r2: 0.8309611279811462, valid r2: 0.07135955955109685, test r2: 0.6783149415597194
Training Results:
r2: 0.8310
rmse: 0.3324
mae: 0.2480
Validation Results:
r2: 0.0714
rmse: 0.4190
mae: 0.3331
Test Results:
r2: 0.6783
rmse: 0.4580
mae: 0.3309
11/101
train r2: 0.8682179821465401, valid r2: 0.19898831194532218, test r2: 0.7087370714990341
Training Results:
r2: 0.8682
rmse: 0.2940
mae: 0.2136
Validation Results:
r2: 0.1990
rmse: 0.3892
mae: 0.2978
Test Results:
r2: 0.7087
rmse: 0.4358
mae: 0.3201
12/101
train r2: 0.884575053874749, valid r2: 0.1809619579714743, test r2: 0.6522850441897449
Training Results:
r2: 0.8846
rmse: 0.2750
mae: 0.1974
Validation Results:
r2: 0.1810
rmse: 0.3935
mae: 0.3036
Test Results:
r2: 0.6523
rmse: 0.4761
mae: 0.3410
13/101
train r2: 0.8886883939892415, valid r2: 0.2486657113611076, test r2: 0.6791824404121714
Training Results:
r2: 0.8887
rmse: 0.2698
mae: 0.1927
Validation Results:
r2: 0.2487
rmse: 0.3769
mae: 0.2875
Test Results:
r2: 0.6792
rmse: 0.4573
mae: 0.3303
14/101
train r2: 0.8817934075858592, valid r2: 0.19189529773048886, test r2: 0.6358553801945939
Training Results:
r2: 0.8818
rmse: 0.2781
mae: 0.1986
Validation Results:
r2: 0.1919
rmse: 0.3909
mae: 0.2968
Test Results:
r2: 0.6359
rmse: 0.4872
mae: 0.3532
15/101
train r2: 0.9143573953680667, valid r2: 0.18198767894943813, test r2: 0.6343211801150728
Training Results:
r2: 0.9144
rmse: 0.2371
mae: 0.1675
Validation Results:
r2: 0.1820
rmse: 0.3933
mae: 0.2986
Test Results:
r2: 0.6343
rmse: 0.4883
mae: 0.3452
16/101
train r2: 0.9290746563451739, valid r2: 0.09535461703297998, test r2: 0.6804087781546926
Training Results:
r2: 0.9291
rmse: 0.2156
mae: 0.1533
Validation Results:
r2: 0.0954
rmse: 0.4136
mae: 0.3216
Test Results:
r2: 0.6804
rmse: 0.4565
mae: 0.3306
17/101
train r2: 0.940136196795036, valid r2: 0.16627723880219214, test r2: 0.7123709377079741
Training Results:
r2: 0.9401
rmse: 0.1981
mae: 0.1420
Validation Results:
r2: 0.1663
rmse: 0.3970
mae: 0.2989
Test Results:
r2: 0.7124
rmse: 0.4330
mae: 0.3175
18/101
train r2: 0.9484656950353397, valid r2: 0.16898892758571005, test r2: 0.6956774877527376
Training Results:
r2: 0.9485
rmse: 0.1837
mae: 0.1300
Validation Results:
r2: 0.1690
rmse: 0.3964
mae: 0.2997
Test Results:
r2: 0.6957
rmse: 0.4454
mae: 0.3306
19/101
train r2: 0.9481116197917948, valid r2: 0.07696193316089206, test r2: 0.7180628012935404
Training Results:
r2: 0.9481
rmse: 0.1843
mae: 0.1362
Validation Results:
r2: 0.0770
rmse: 0.4178
mae: 0.3268
Test Results:
r2: 0.7181
rmse: 0.4287
mae: 0.3178
20/101
train r2: 0.9562598594913264, valid r2: 0.07444967482697262, test r2: 0.6868084315749554
Training Results:
r2: 0.9563
rmse: 0.1692
mae: 0.1191
Validation Results:
r2: 0.0744
rmse: 0.4183
mae: 0.3148
Test Results:
r2: 0.6868
rmse: 0.4519
mae: 0.3334
21/101
train r2: 0.9639646409924957, valid r2: 0.06708311221457564, test r2: 0.6752297655786799
Training Results:
r2: 0.9640
rmse: 0.1537
mae: 0.1140
Validation Results:
r2: 0.0671
rmse: 0.4200
mae: 0.3202
Test Results:
r2: 0.6752
rmse: 0.4601
mae: 0.3401
22/101
train r2: 0.971339459500287, valid r2: 0.08150950070807683, test r2: 0.7215906125544446
Training Results:
r2: 0.9713
rmse: 0.1369
mae: 0.1018
Validation Results:
r2: 0.0815
rmse: 0.4167
mae: 0.3221
Test Results:
r2: 0.7216
rmse: 0.4260
mae: 0.3088
23/101
train r2: 0.9709514871417578, valid r2: 0.016775366346328813, test r2: 0.6579322608140123
Training Results:
r2: 0.9710
rmse: 0.1380
mae: 0.1045
Validation Results:
r2: 0.0168
rmse: 0.4312
mae: 0.3292
Test Results:
r2: 0.6579
rmse: 0.4722
mae: 0.3435
24/101
train r2: 0.9762039696702859, valid r2: 0.029419639794415864, test r2: 0.6931808398217232
Training Results:
r2: 0.9762
rmse: 0.1249
mae: 0.0930
Validation Results:
r2: 0.0294
rmse: 0.4284
mae: 0.3310
Test Results:
r2: 0.6932
rmse: 0.4473
mae: 0.3304
25/101
train r2: 0.9784769192839101, valid r2: -0.15105924284214733, test r2: 0.6965801499036333
Training Results:
r2: 0.9785
rmse: 0.1187
mae: 0.0887
Validation Results:
r2: -0.1511
rmse: 0.4665
mae: 0.3515
Test Results:
r2: 0.6966
rmse: 0.4448
mae: 0.3288
26/101
train r2: 0.98222667862633, valid r2: 0.053363577900424675, test r2: 0.6805215641170141
Training Results:
r2: 0.9822
rmse: 0.1079
mae: 0.0792
Validation Results:
r2: 0.0534
rmse: 0.4231
mae: 0.3223
Test Results:
r2: 0.6805
rmse: 0.4564
mae: 0.3316
break!
train: 0.7839, val: 0.3268, test: 0.6720
end_test_result: (0.6719876941303013, 0.46243995428085327, 0.33400535583496094)
args.seed: 2054
use label scaler
use label scaler
use label scaler
model have 90.143705M paramerters in total
train_dataset.mean: tensor([-5.6300]) train_dataset.std: tensor([0.9800])
1/101
train r2: 0.32027487480190797, valid r2: 0.06090348344330698, test r2: 0.33287310059146047
Training Results:
r2: 0.3203
rmse: 0.6673
mae: 0.4812
Validation Results:
r2: 0.0609
rmse: 0.4214
mae: 0.3493
Test Results:
r2: 0.3329
rmse: 0.6595
mae: 0.4836
2/101
train r2: 0.5011698103943807, valid r2: 0.14226265216942435, test r2: 0.47963051520543487
Training Results:
r2: 0.5012
rmse: 0.5720
mae: 0.4266
Validation Results:
r2: 0.1423
rmse: 0.4027
mae: 0.3296
Test Results:
r2: 0.4796
rmse: 0.5825
mae: 0.4113
3/101
train r2: 0.614818864160943, valid r2: 0.20090250521089215, test r2: 0.5442754705491392
Training Results:
r2: 0.6148
rmse: 0.5023
mae: 0.3602
Validation Results:
r2: 0.2009
rmse: 0.3887
mae: 0.2953
Test Results:
r2: 0.5443
rmse: 0.5451
mae: 0.3856
4/101
train r2: 0.6937033767430975, valid r2: 0.13648735243314025, test r2: 0.5563223588649844
Training Results:
r2: 0.6937
rmse: 0.4480
mae: 0.3240
Validation Results:
r2: 0.1365
rmse: 0.4041
mae: 0.3083
Test Results:
r2: 0.5563
rmse: 0.5378
mae: 0.3898
5/101
train r2: 0.7712276825396518, valid r2: 0.3343693605549922, test r2: 0.6557122744428694
Training Results:
r2: 0.7712
rmse: 0.3874
mae: 0.2855
Validation Results:
r2: 0.3344
rmse: 0.3548
mae: 0.2758
Test Results:
r2: 0.6557
rmse: 0.4738
mae: 0.3349
6/101
train r2: 0.772950513327433, valid r2: 0.30900938562898217, test r2: 0.6647487222161226
Training Results:
r2: 0.7730
rmse: 0.3858
mae: 0.2756
Validation Results:
r2: 0.3090
rmse: 0.3615
mae: 0.2791
Test Results:
r2: 0.6647
rmse: 0.4675
mae: 0.3418
7/101
train r2: 0.7954328666956814, valid r2: -0.04858012014860602, test r2: 0.6049804172064166
Training Results:
r2: 0.7954
rmse: 0.3661
mae: 0.2706
Validation Results:
r2: -0.0486
rmse: 0.4453
mae: 0.3417
Test Results:
r2: 0.6050
rmse: 0.5075
mae: 0.3751
8/101
train r2: 0.8093070829506842, valid r2: 0.1742761980480818, test r2: 0.6490475044960506
Training Results:
r2: 0.8093
rmse: 0.3534
mae: 0.2620
Validation Results:
r2: 0.1743
rmse: 0.3951
mae: 0.3001
Test Results:
r2: 0.6490
rmse: 0.4783
mae: 0.3369
9/101
train r2: 0.8401636915372809, valid r2: 0.20186932230692012, test r2: 0.6830506302037169
Training Results:
r2: 0.8402
rmse: 0.3236
mae: 0.2366
Validation Results:
r2: 0.2019
rmse: 0.3885
mae: 0.3027
Test Results:
r2: 0.6831
rmse: 0.4546
mae: 0.3287
10/101
train r2: 0.8477014147429435, valid r2: 0.1839445772611572, test r2: 0.6699956310442443
Training Results:
r2: 0.8477
rmse: 0.3160
mae: 0.2265
Validation Results:
r2: 0.1839
rmse: 0.3928
mae: 0.2955
Test Results:
r2: 0.6700
rmse: 0.4638
mae: 0.3297
11/101
train r2: 0.8549796080474643, valid r2: 0.2453883041510191, test r2: 0.6913425743461329
Training Results:
r2: 0.8550
rmse: 0.3083
mae: 0.2235
Validation Results:
r2: 0.2454
rmse: 0.3777
mae: 0.2905
Test Results:
r2: 0.6913
rmse: 0.4486
mae: 0.3296
12/101
train r2: 0.8744982392965283, valid r2: 0.1776055964209119, test r2: 0.6030512958565204
Training Results:
r2: 0.8745
rmse: 0.2865
mae: 0.2104
Validation Results:
r2: 0.1776
rmse: 0.3943
mae: 0.2979
Test Results:
r2: 0.6031
rmse: 0.5087
mae: 0.3612
13/101
train r2: 0.8952773775705118, valid r2: 0.2241542777638984, test r2: 0.6633236851288575
Training Results:
r2: 0.8953
rmse: 0.2616
mae: 0.1920
Validation Results:
r2: 0.2242
rmse: 0.3830
mae: 0.2964
Test Results:
r2: 0.6633
rmse: 0.4685
mae: 0.3448
14/101
train r2: 0.9003381313857365, valid r2: 0.3032045296134953, test r2: 0.6375806723077595
Training Results:
r2: 0.9003
rmse: 0.2554
mae: 0.1849
Validation Results:
r2: 0.3032
rmse: 0.3630
mae: 0.2793
Test Results:
r2: 0.6376
rmse: 0.4861
mae: 0.3413
15/101
train r2: 0.9192289332004215, valid r2: 0.2632254782788689, test r2: 0.6527261100562771
Training Results:
r2: 0.9192
rmse: 0.2297
mae: 0.1667
Validation Results:
r2: 0.2632
rmse: 0.3732
mae: 0.2814
Test Results:
r2: 0.6527
rmse: 0.4758
mae: 0.3413
16/101
train r2: 0.9032454941699429, valid r2: 0.15887299594049076, test r2: 0.679301262665514
Training Results:
r2: 0.9032
rmse: 0.2518
mae: 0.1922
Validation Results:
r2: 0.1589
rmse: 0.3988
mae: 0.3097
Test Results:
r2: 0.6793
rmse: 0.4573
mae: 0.3442
17/101
train r2: 0.9447559829023364, valid r2: 0.1580144653870742, test r2: 0.6852385159482439
Training Results:
r2: 0.9448
rmse: 0.1902
mae: 0.1361
Validation Results:
r2: 0.1580
rmse: 0.3990
mae: 0.3053
Test Results:
r2: 0.6852
rmse: 0.4530
mae: 0.3308
18/101
train r2: 0.9470157606696543, valid r2: 0.19067373699322743, test r2: 0.6695413166459767
Training Results:
r2: 0.9470
rmse: 0.1862
mae: 0.1338
Validation Results:
r2: 0.1907
rmse: 0.3912
mae: 0.2967
Test Results:
r2: 0.6695
rmse: 0.4642
mae: 0.3443
19/101
train r2: 0.94116579885823, valid r2: 0.13305953509155544, test r2: 0.704288348520862
Training Results:
r2: 0.9412
rmse: 0.1960
mae: 0.1484
Validation Results:
r2: 0.1331
rmse: 0.4049
mae: 0.3091
Test Results:
r2: 0.7043
rmse: 0.4391
mae: 0.3209
20/101
train r2: 0.9640702923525584, valid r2: 0.14192279213658676, test r2: 0.6685059427726112
Training Results:
r2: 0.9641
rmse: 0.1534
mae: 0.1093
Validation Results:
r2: 0.1419
rmse: 0.4028
mae: 0.3038
Test Results:
r2: 0.6685
rmse: 0.4649
mae: 0.3383
21/101
train r2: 0.9513099061287807, valid r2: 0.061801998800491975, test r2: 0.6811197616655948
Training Results:
r2: 0.9513
rmse: 0.1786
mae: 0.1353
Validation Results:
r2: 0.0618
rmse: 0.4212
mae: 0.3191
Test Results:
r2: 0.6811
rmse: 0.4560
mae: 0.3304
22/101
train r2: 0.9720109388635468, valid r2: 0.1693230065401169, test r2: 0.6897946820867447
Training Results:
r2: 0.9720
rmse: 0.1354
mae: 0.0999
Validation Results:
r2: 0.1693
rmse: 0.3963
mae: 0.3019
Test Results:
r2: 0.6898
rmse: 0.4497
mae: 0.3261
23/101
train r2: 0.9722638567427829, valid r2: 0.11858636251229526, test r2: 0.6816553075668879
Training Results:
r2: 0.9723
rmse: 0.1348
mae: 0.1009
Validation Results:
r2: 0.1186
rmse: 0.4082
mae: 0.3089
Test Results:
r2: 0.6817
rmse: 0.4556
mae: 0.3285
24/101
train r2: 0.980046025829162, valid r2: 0.14047091485726737, test r2: 0.7015709224910496
Training Results:
r2: 0.9800
rmse: 0.1143
mae: 0.0867
Validation Results:
r2: 0.1405
rmse: 0.4031
mae: 0.3071
Test Results:
r2: 0.7016
rmse: 0.4411
mae: 0.3185
25/101
train r2: 0.9828231804709299, valid r2: 0.10172953940783735, test r2: 0.6717669039921865
Training Results:
r2: 0.9828
rmse: 0.1059
mae: 0.0790
Validation Results:
r2: 0.1017
rmse: 0.4121
mae: 0.3041
Test Results:
r2: 0.6718
rmse: 0.4626
mae: 0.3333
break!
train: 0.7712, val: 0.3344, test: 0.6557
end_test_result: (0.6557122744428694, 0.4737738370895386, 0.334926962852478)
args.seed: 2064
use label scaler
use label scaler
use label scaler
model have 90.143705M paramerters in total
train_dataset.mean: tensor([-5.6300]) train_dataset.std: tensor([0.9800])
1/101
train r2: 0.29285190568469754, valid r2: -0.05879233897342728, test r2: 0.3196825281679295
Training Results:
r2: 0.2929
rmse: 0.6811
mae: 0.4904
Validation Results:
r2: -0.0588
rmse: 0.4474
mae: 0.3757
Test Results:
r2: 0.3197
rmse: 0.6660
mae: 0.4814
2/101
train r2: 0.47709279496081913, valid r2: -0.2838230999345732, test r2: 0.5672024778146443
Training Results:
r2: 0.4771
rmse: 0.5850
mae: 0.4390
Validation Results:
r2: -0.2838
rmse: 0.4927
mae: 0.4143
Test Results:
r2: 0.5672
rmse: 0.5312
mae: 0.3767
3/101
train r2: 0.614914461789481, valid r2: 0.2498022400951455, test r2: 0.6344723971310748
Training Results:
r2: 0.6149
rmse: 0.5024
mae: 0.3783
Validation Results:
r2: 0.2498
rmse: 0.3766
mae: 0.3049
Test Results:
r2: 0.6345
rmse: 0.4882
mae: 0.3536
4/101
train r2: 0.6852650399435299, valid r2: 0.1984029219015393, test r2: 0.6172298256457969
Training Results:
r2: 0.6853
rmse: 0.4542
mae: 0.3561
Validation Results:
r2: 0.1984
rmse: 0.3893
mae: 0.3167
Test Results:
r2: 0.6172
rmse: 0.4996
mae: 0.3726
5/101
train r2: 0.7656640456580593, valid r2: 0.3119715209529802, test r2: 0.6346467830158948
Training Results:
r2: 0.7657
rmse: 0.3915
mae: 0.2978
Validation Results:
r2: 0.3120
rmse: 0.3607
mae: 0.2806
Test Results:
r2: 0.6346
rmse: 0.4881
mae: 0.3583
6/101
train r2: 0.7351295425286346, valid r2: 0.20998276227973922, test r2: 0.5702781561143685
Training Results:
r2: 0.7351
rmse: 0.4167
mae: 0.3056
Validation Results:
r2: 0.2100
rmse: 0.3865
mae: 0.2906
Test Results:
r2: 0.5703
rmse: 0.5293
mae: 0.3845
7/101
train r2: 0.8120323164905385, valid r2: 0.2958683700125293, test r2: 0.6471067118220616
Training Results:
r2: 0.8120
rmse: 0.3511
mae: 0.2548
Validation Results:
r2: 0.2959
rmse: 0.3649
mae: 0.2799
Test Results:
r2: 0.6471
rmse: 0.4797
mae: 0.3446
8/101
train r2: 0.7952395883901117, valid r2: 0.02650335522819869, test r2: 0.6622167558926709
Training Results:
r2: 0.7952
rmse: 0.3663
mae: 0.2741
Validation Results:
r2: 0.0265
rmse: 0.4290
mae: 0.3363
Test Results:
r2: 0.6622
rmse: 0.4693
mae: 0.3649
9/101
train r2: 0.8093260997673195, valid r2: -0.12560412465215176, test r2: 0.6114717948133511
Training Results:
r2: 0.8093
rmse: 0.3535
mae: 0.2630
Validation Results:
r2: -0.1256
rmse: 0.4613
mae: 0.3793
Test Results:
r2: 0.6115
rmse: 0.5033
mae: 0.3626
10/101
train r2: 0.8548012265487581, valid r2: 0.22685995168872797, test r2: 0.6752091395081377
Training Results:
r2: 0.8548
rmse: 0.3087
mae: 0.2265
Validation Results:
r2: 0.2269
rmse: 0.3823
mae: 0.3022
Test Results:
r2: 0.6752
rmse: 0.4602
mae: 0.3360
11/101
train r2: 0.8656793390584191, valid r2: -0.11203539386796857, test r2: 0.7181997803409844
Training Results:
r2: 0.8657
rmse: 0.2965
mae: 0.2160
Validation Results:
r2: -0.1120
rmse: 0.4586
mae: 0.3649
Test Results:
r2: 0.7182
rmse: 0.4286
mae: 0.3188
12/101
train r2: 0.8927675030574935, valid r2: 0.19587180952793504, test r2: 0.6780782498455195
Training Results:
r2: 0.8928
rmse: 0.2652
mae: 0.1929
Validation Results:
r2: 0.1959
rmse: 0.3899
mae: 0.3020
Test Results:
r2: 0.6781
rmse: 0.4581
mae: 0.3323
13/101
train r2: 0.8922519267891315, valid r2: 0.19449557176644916, test r2: 0.668198863588854
Training Results:
r2: 0.8923
rmse: 0.2656
mae: 0.1886
Validation Results:
r2: 0.1945
rmse: 0.3903
mae: 0.2934
Test Results:
r2: 0.6682
rmse: 0.4651
mae: 0.3453
14/101
train r2: 0.8900303066666427, valid r2: 0.205871591564172, test r2: 0.641314003305618
Training Results:
r2: 0.8900
rmse: 0.2685
mae: 0.1943
Validation Results:
r2: 0.2059
rmse: 0.3875
mae: 0.2933
Test Results:
r2: 0.6413
rmse: 0.4836
mae: 0.3557
15/101
train r2: 0.9165964602883632, valid r2: 0.13153716105440494, test r2: 0.7262169291592083
Training Results:
r2: 0.9166
rmse: 0.2334
mae: 0.1681
Validation Results:
r2: 0.1315
rmse: 0.4052
mae: 0.3023
Test Results:
r2: 0.7262
rmse: 0.4225
mae: 0.3146
16/101
train r2: 0.9198651298840068, valid r2: -0.011524950787561883, test r2: 0.6982642798034494
Training Results:
r2: 0.9199
rmse: 0.2290
mae: 0.1649
Validation Results:
r2: -0.0115
rmse: 0.4373
mae: 0.3357
Test Results:
r2: 0.6983
rmse: 0.4435
mae: 0.3207
17/101
train r2: 0.9309721960894164, valid r2: 0.0659366658204873, test r2: 0.6832043552956473
Training Results:
r2: 0.9310
rmse: 0.2127
mae: 0.1564
Validation Results:
r2: 0.0659
rmse: 0.4203
mae: 0.3253
Test Results:
r2: 0.6832
rmse: 0.4545
mae: 0.3308
18/101
train r2: 0.9421839615867178, valid r2: -0.023795108652929775, test r2: 0.7137198766935371
Training Results:
r2: 0.9422
rmse: 0.1939
mae: 0.1408
Validation Results:
r2: -0.0238
rmse: 0.4400
mae: 0.3348
Test Results:
r2: 0.7137
rmse: 0.4320
mae: 0.3210
19/101
train r2: 0.9524132330329891, valid r2: 0.21329755531613825, test r2: 0.67121461332876
Training Results:
r2: 0.9524
rmse: 0.1767
mae: 0.1262
Validation Results:
r2: 0.2133
rmse: 0.3857
mae: 0.2889
Test Results:
r2: 0.6712
rmse: 0.4630
mae: 0.3403
20/101
train r2: 0.9548560342126942, valid r2: -0.14838638534084425, test r2: 0.7147314871360297
Training Results:
r2: 0.9549
rmse: 0.1720
mae: 0.1278
Validation Results:
r2: -0.1484
rmse: 0.4660
mae: 0.3622
Test Results:
r2: 0.7147
rmse: 0.4313
mae: 0.3170
21/101
train r2: 0.9680223214606564, valid r2: 0.03264416995917119, test r2: 0.692076604160605
Training Results:
r2: 0.9680
rmse: 0.1449
mae: 0.1073
Validation Results:
r2: 0.0326
rmse: 0.4277
mae: 0.3202
Test Results:
r2: 0.6921
rmse: 0.4481
mae: 0.3291
22/101
train r2: 0.9699060418634041, valid r2: 0.04341753439977958, test r2: 0.7052272211135833
Training Results:
r2: 0.9699
rmse: 0.1405
mae: 0.1024
Validation Results:
r2: 0.0434
rmse: 0.4253
mae: 0.3210
Test Results:
r2: 0.7052
rmse: 0.4384
mae: 0.3209
23/101
train r2: 0.9732970509391483, valid r2: 0.04937022430357918, test r2: 0.6855558135106246
Training Results:
r2: 0.9733
rmse: 0.1322
mae: 0.1009
Validation Results:
r2: 0.0494
rmse: 0.4240
mae: 0.3235
Test Results:
r2: 0.6856
rmse: 0.4528
mae: 0.3320
24/101
train r2: 0.9771089041852956, valid r2: -0.10085083248873628, test r2: 0.6883488768738231
Training Results:
r2: 0.9771
rmse: 0.1225
mae: 0.0913
Validation Results:
r2: -0.1009
rmse: 0.4562
mae: 0.3576
Test Results:
r2: 0.6883
rmse: 0.4508
mae: 0.3338
25/101
train r2: 0.9813747386458126, valid r2: 0.02416843865365137, test r2: 0.6932586687425644
Training Results:
r2: 0.9814
rmse: 0.1104
mae: 0.0818
Validation Results:
r2: 0.0242
rmse: 0.4296
mae: 0.3270
Test Results:
r2: 0.6933
rmse: 0.4472
mae: 0.3279
break!
train: 0.7657, val: 0.3120, test: 0.6346
end_test_result: (0.6346467830158948, 0.48805275559425354, 0.35825115442276)
Time used on PAMPA1: 1:20:27
