smiles,CHEMBL236_Ki,group
CC(c1ccccc1)N1CC[C@H]1[C@@H](N)c1cccc(Cl)c1,-4.592398846115564,training
O=C(CCC(=O)NCC(=O)N[C@@H]1CC[C@@]2(O)[C@H]3Cc4ccc(O)c5c4[C@@]2(CCN3CC2CC2)[C@H]1O5)NCC(=O)N[C@@H]1CC[C@@]2(O)[C@H]3Cc4ccc(O)c5c4[C@@]2(CCN3CC2CC2)[C@H]1O5,-0.8920946026904804,training
Cc1ccc(C(c2ccc(C)cc2)N2CC[C@H]2[C@H](N)c2cccc(Cl)c2)cc1,-3.699924402742477,test
O=C(CCC(=O)NCC(=O)NCC(=O)NCC(=O)N[C@@H]1CC[C@@]2(O)[C@H]3Cc4ccc(O)c5c4[C@@]2(CCN3CC2CC2)[C@H]1O5)NCC(=O)NCC(=O)NCC(=O)N[C@@H]1CC[C@@]2(O)[C@H]3Cc4ccc(O)c5c4[C@@]2(CCN3CC2CC2)[C@H]1O5,-0.8061799739838872,training
COc1ccc([C@H](N)[C@@H]2CCN2C(c2ccccc2)c2ccccc2)cc1,-3.4652340949880145,valid
N[C@H](c1cccc(Cl)c1)[C@@H]1CCN1C(c1ccc(F)cc1)c1ccc(F)cc1,-3.870988813760575,test
N[C@H](c1cccc(Cl)c1)[C@@H]1CCN1C(c1cccc(Cl)c1)c1cccc(Cl)c1,-3.4328090050331683,test
CN1CC[C@]2(c3cccc(O)c3)Cc3ccccc3C[C@]2(C)C1,-2.346352974450639,training
N[C@@H](c1ccc(Cl)cc1)[C@@H]1CCN1C(c1ccccc1)c1ccccc1,-3.158060793936605,training
O=C(CCC(=O)N[C@@H]1CC[C@@]2(O)[C@H]3Cc4ccc(O)c5c4[C@@]2(CCN3CC2CC2)[C@H]1O5)N[C@@H]1CC[C@@]2(O)[C@H]3Cc4ccc(O)c5c4[C@@]2(CCN3CC2CC2)[C@H]1O5,-1.0791812460476249,training
N[C@H](c1cccc(C(F)(F)F)c1)[C@H]1CCN1C(c1ccccc1)c1ccccc1,-3.5200903281128424,training
Cc1ccc([C@H](N)[C@@H]2CCN2C(c2ccccc2)c2ccccc2)cc1,-3.268577971882843,training
CCCCC(CCCC)N1CC[C@H]1[C@@H](N)c1cccc(Cl)c1,-4.502153892871361,training
N[C@H](c1cccc(Cl)c1)[C@@H]1CCN1C(c1cccc(F)c1)c1cccc(F)c1,-3.6800634274819486,training
CC(=O)N[C@@H]1CC[C@@]2(O)[C@H]3Cc4ccc(O)c5c4[C@@]2(CCN3C)[C@H]1O5,-2.845098040014257,training
O=C(CCC(=O)NCC(=O)NCC(=O)N[C@@H]1CC[C@@]2(O)[C@H]3Cc4ccc(O)c5c4[C@@]2(CCN3CC2CC2)[C@H]1O5)NCC(=O)NCC(=O)N[C@@H]1CC[C@@]2(O)[C@H]3Cc4ccc(O)c5c4[C@@]2(CCN3CC2CC2)[C@H]1O5,-0.6901960800285137,training
Cc1ccc([C@H](N)[C@@H]2CCN2C(c2ccccc2)c2ccccc2)cc1F,-2.8020892578817325,training
N[C@@H](c1cc(F)cc(F)c1)[C@@H]1CCN1C(c1ccccc1)c1ccccc1,-3.979229593022156,training
N[C@H](c1cccc(Cl)c1)[C@@H]1CCN1C(c1ccc(Cl)cc1)c1ccc(Cl)cc1,-3.7000977046130537,training
N[C@H](c1cccc(Cl)c1)[C@@H]1CCN1C(c1ccc(Br)cc1)c1ccc(Br)cc1,-3.697839368218363,training
CC(=O)N[C@@H]1CC[C@@]2(O)[C@H]3Cc4ccc(O)c5c4[C@@]2(CCN3CC2CC2)[C@H]1O5,-1.57978359661681,training
C[C@]12Cc3ccccc3C[C@@]1(c1cccc(O)c1)CCN(CCc1ccccc1)C2,-2.2648178230095364,training
N[C@@H](c1cccc(Cl)c1)[C@@H]1CCN1C(c1ccccc1)c1ccccc1,-3.921374295418474,training
N[C@@H](c1ccc(Oc2ccccc2)cc1)[C@@H]1CCN1C(c1ccccc1)c1ccccc1,-3.8877297972880314,training
N[C@@H](c1cccc(F)c1)[C@@H]1CCN1C(c1ccccc1)c1ccccc1,-3.4658288153574364,training
CCNC(=O)c1ccc(C(=C2CC3CCC(C2)N3c2cccn2C)c2ccccc2)cc1,-1.317436496535099,training
CC[C@H](C)[C@H](NC(=O)[C@H](CCCN=C(N)N)NC(=O)[C@H](CCCN=C(N)N)NC(=O)[C@H](CC(C)C)NC(=O)[C@H](Cc1ccccc1)NC(=O)CNC(=O)CNC(=O)[C@@H](N)Cc1ccc(O)cc1)C(=O)O,-0.9294189257142929,training
CC(C)C[C@H](NC(=O)[C@H](Cc1ccccc1)NC(=O)[C@@H]1CCCN1C(=O)CNC(=O)[C@@H](N)Cc1ccc(O)cc1)C(=O)N[C@@H](CCCN=C(N)N)C(=O)N[C@@H](CCCN=C(N)N)C(=O)N[C@@H](CCCN=C(N)N)C(=O)N[C@@H](CCCN=C(N)N)C(=O)N1CCC[C@@H]1C(=O)N[C@@H](CCCCN)C(N)=O,-3.829946695941636,training
O=C1[C@@H](Cc2ccccc2)C[C@@]2(O)[C@H]3Cc4ccc(O)c5c4[C@@]2(CCN3CC2CC2)[C@H]1O5,0.9208187539523752,valid
CC(C)C[C@H](NC(=O)[C@H](Cc1ccccc1)NC(=O)[C@@H]1CCCN1C(=O)CNC(=O)[C@@H](N)Cc1ccc(O)cc1)C(N)=O,-4.269512944217916,valid
CCNC(=O)c1ccc(C(=C2CC3CCC(C2)N3CC=C(C)C)c2cccc(O)c2)cc1,-0.3053513694466238,training
CCNC(=O)c1ccc(C(=C2CC3CCC(C2)N3Cc2cccs2)c2ccc(OC)cc2)cc1,-0.1205739312058499,training
CCNC(=O)c1ccc(C(=C2CC3CCC(C2)N3Cc2ccccc2Cl)c2cccc(OC)c2)cc1,-0.8234742291703011,training
CC(C)C[C@H](NC(=O)[C@H](Cc1ccccc1)NC(=O)[C@@H]1CCCN1C(=O)CNC(=O)[C@@H](N)Cc1ccc(O)cc1)C(=O)N[C@@H](CCCN=C(N)N)C(N)=O,-4.1003705451175625,training
CCNC(=O)c1ccc(C(=C2CC3CCC(C2)N3Cc2ccccc2Cl)c2ccc(OC)cc2)cc1,-0.7535830588929066,training
CCNC(=O)c1ccc(C(=C2CC3CCC(C2)N3Cc2[nH]cnc2C)c2ccccc2)cc1,-1.2013971243204515,training
CCNC(=O)c1ccc(C(=C2CC3CCC(C2)N3CCO)c2ccccc2)cc1,-1.417803722639881,training
CC[C@H](C)[C@H](NC(=O)[C@H](CCCN=C(N)N)NC(=O)[C@H](CCCN=C(N)N)NC(=O)[C@H](CC(C)C)NC(=O)[C@H](Cc1ccccc1)NC(=O)[C@@H]1CCCN1C(=O)CNC(=O)[C@@H](N)Cc1ccc(O)cc1)C(=O)N[C@@H](CCCN=C(N)N)C(=O)N1CCC[C@@H]1C(=O)N[C@@H](CCCCN)C(=O)O,-4.176091259055681,training
CC[C@H](C)[C@H](NC(=O)[C@H](CCCN=C(N)N)NC(=O)[C@H](CCCN=C(N)N)NC(=O)[C@H](CC(C)C)NC(=O)[C@H](Cc1ccccc1)NC(=O)CNC(=O)CNC(=O)[C@@H](N)Cc1ccc(O)cc1)C(=O)N[C@@H](CCCN=C(N)N)C(=O)N1CCC[C@@H]1C(=O)O,-1.380211241711606,training
NC(=O)[C@H](Cc1ccccc1)NC(=O)[C@H](Cc1ccccc1)NC(=O)[C@H]1CCCN1C(=O)[C@@H](N)Cc1ccccc1,-4.3979400086720375,training
O=C(NC1CC1)c1ccc(C(=C2CC3CCC(C2)N3CCc2ccccc2)c2ccccc2)cc1,-1.3010299956639813,training
O=C(NC1CCCCC1)c1ccc(C(=C2CC3CCC(C2)N3CCc2ccccc2)c2ccccc2)cc1,-2.9656719712201065,training
C=CCN1C2CCC1CC(=C(c1ccc(C(=O)NCC)cc1)c1cccc(OC)c1)C2,-0.1613680022349748,training
O=C(Nc1ccccc1)c1ccc(C(=C2CC3CCC(C2)N3CCc2ccccc2)c2ccccc2)cc1,-3.1809855807867304,training
CCNC(=O)c1ccc(C(=C2CC3CCC(C2)N3Cc2c[nH]cn2)c2ccccc2)cc1,-0.5888317255942073,training
Cc1cc(O)cc(C)c1C[C@H](N)[C@@H](O)C/C=C/[C@H](O)[C@@H](Cc1ccccc1)C(=O)O[C@@H](Cc1ccccc1)C(N)=O,-1.3222192947339193,test
CCNC(=O)c1ccc(C(=C2CC3CCC(C2)N3CCc2ccccc2)c2cccc(OC)c2)cc1,-1.2964457942063965,training
Cc1cc(O)cc(C)c1C[C@H](N)[C@@H](O)C/C=C/[C@H](O)[C@@H](Cc1ccccc1)C(=O)N[C@H](CO)Cc1ccccc1,-1.7323937598229686,valid
Cn1c2c(c3c1[C@@H]1Oc4c(O)ccc5c4[C@@]14CCN(CC1CC1)[C@H](C5)[C@]4(O)C3)C[C@@]1(O)[C@H]3Cc4ccc(O)c5c4[C@@]1(CCN3CC1CC1)[C@H]2O5,-1.7634279935629371,training
CCNC(=O)c1ccc(C(=C2CC3CCC(C2)N3CCc2c[nH]c3ccccc23)c2ccccc2)cc1,-1.374748346010104,training
CCNC(=O)c1ccc(C(=C2CC3CCC(C2)N3)c2ccc(O)cc2)cc1,-0.6532125137753437,training
CC[C@H](C)[C@H](NC(=O)[C@H](CCCN=C(N)N)NC(=O)[C@H](CCCN=C(N)N)NC(=O)[C@H](CC(C)C)NC(=O)[C@H](Cc1ccccc1)NC(=O)[C@@H]1CCCN1C(=O)CNC(=O)[C@@H](N)Cc1ccc(O)cc1)C(=O)N[C@@H](CCCN=C(N)N)C(=O)N[C@H](CCCN=C(N)N)C(=O)N[C@@H](CCCCN)C(N)=O,-3.509202522331103,training
CCNC(=O)c1ccc(C(=C2CC3CCC(C2)N3Cc2ccccc2Cl)c2cccc(O)c2)cc1,-0.320146286111054,test
COCCNC(=O)c1ccc(C(=C2CC3CCC(C2)N3CCc2ccccc2)c2ccccc2)cc1,-2.012837224705172,training
CNC(=O)c1ccc(C(=C2CC3CCC(C2)N3CCc2ccccc2)c2ccccc2)cc1,-1.1139433523068367,training
O=C(Nc1nccs1)c1ccc(C(=C2CC3CCC(C2)N3CCc2ccccc2)c2ccccc2)cc1,-1.694868327982456,test
CCCC[C@H](NC(=O)[C@H](CC(C)C)NC(=O)[C@H](Cc1ccccc1)NC(=O)[C@@H]1CCCN1C(=O)CNC(=O)[C@@H](N)Cc1ccc(O)cc1)C(=O)N[C@@H](CCCN=C(N)N)C(N)=O,-4.14921911265538,training
O=C(NCCF)c1ccc(C(=C2CC3CCC(C2)N3CCc2ccccc2)c2ccccc2)cc1,-1.505149978319906,valid
CCNC(=O)c1ccc(C(=C2CC3CCC(C2)N3CCCc2ccccc2)c2ccccc2)cc1,-1.089905111439398,test
CCNC(=O)c1ccc(C(=C2CC3CCC(C2)N3CCOc2ccccc2)c2ccccc2)cc1,-1.802089257881733,training
NC(=O)c1ccc(C(=C2CC3CCC(C2)N3CCc2ccccc2)c2ccccc2)cc1,-1.5550944485783191,training
CC(C)C[C@H](NC(=O)[C@H](Cc1ccccc1)NC(=O)[C@@H]1CCCN1C(=O)CNC(=O)[C@@H](N)Cc1ccc(O)cc1)C(=O)N[C@@H](CCCN=C(N)N)C(=O)N[C@@H](CCCN=C(N)N)C(N)=O,-4.17897694729317,test
CCNC(=O)c1ccc(C(=C2CC3CCC(C2)N3Cc2cccs2)c2cccc(O)c2)cc1,0.8181564120552275,training
CC[C@H](C)[C@H](NC(=O)[C@H](CCCN=C(N)N)NC(=O)[C@H](CCCN=C(N)N)NC(=O)[C@H](CC(C)C)NC(=O)[C@H](Cc1ccccc1)NC(=O)[C@@H]1CCCN1C(=O)CNC(=O)[C@@H](N)Cc1ccc(O)cc1)C(N)=O,-4.209515014542631,training
Oc1ccc2c3c1O[C@H]1C4(CC[C@@]5(O)[C@@H](C2)N(CC2CC2)CC[C@]315)Oc1ccccc1O4,-1.1760912590556811,training
CC[C@H](C)[C@H](NC(=O)[C@H](CCCN=C(N)N)NC(=O)[C@H](CCCN=C(N)N)NC(=O)[C@H](CC(C)C)NC(=O)[C@H](Cc1ccccc1)NC(=O)[C@@H]1CCCN1C(=O)CNC(=O)[C@@H](N)Cc1ccc(O)cc1)C(=O)N[C@@H](CCCN=C(N)N)C(N)=O,-4.12057393120585,training
CCNC(=O)c1ccc(C(=C2CC3CCC(C2)N3Cc2ccccn2)c2ccccc2)cc1,0.0655015487564322,test
CCNC(=O)c1ccc(C(=C2CC3CCC(C2)N3)c2cccc(OC)c2)cc1,-1.1192558892779367,training
CCNC(=O)c1ccc(C(=C2CC3CCC(C2)N3CCc2ccccc2)c2cccc(O)c2)cc1,-0.617000341120899,training
Oc1ccc2c3c1O[C@H]1C4=C(C[C@@]5(O)[C@@H](C2)N(CC2CC2)CC[C@]315)C(c1ccccc1)C1=C(O4)[C@@H]2Oc3c(O)ccc4c3[C@@]23CCN(CC2CC2)[C@H](C4)[C@]3(O)C1,-1.0,training
CCCNC(=O)c1ccc(C(=C2CC3CCC(C2)N3CCc2ccccc2)c2ccccc2)cc1,-1.3424226808222062,training
CCNC(=O)c1ccc(C(=C2CC3CCC(C2)N3Cc2ccccc2Cl)c2ccc(O)cc2)cc1,0.0315170514460648,training
CC(C)C[C@H](NC(=O)[C@H](Cc1ccccc1)NC(=O)CNC(=O)CNC(=O)[C@@H](N)Cc1ccc(O)cc1)C(=O)O,-0.629409599102719,training
CC[C@H](C)[C@H](NC(=O)[C@H](CCCN=C(N)N)NC(=O)[C@H](CCCN=C(N)N)NC(=O)[C@H](CC(C)C)NC(=O)[C@H](Cc1ccccc1)NC(=O)[C@@H]1CCCN1C(=O)CNC(=O)[C@@H](N)Cc1ccc(O)cc1)C(=O)N[C@@H](CCCN=C(N)N)C(=O)N1CCC[C@@H]1C(N)=O,-4.130333768495007,training
Cc1cc(O)cc(C)c1C[C@H](N)[C@@H](O)C/C=C/[C@H](O)[C@@H](Cc1ccccc1)C(=O)OCCc1ccccc1,-1.7481880270062005,valid
CC(C)(C)NC(=O)c1ccc(C(=C2CC3CCC(C2)N3CCc2ccccc2)c2ccccc2)cc1,-2.546542663478131,training
CC[C@H](C)[C@H](NC(=O)[C@H](CCCN=C(N)N)NC(=O)[C@H](CCCN=C(N)N)NC(=O)[C@H](CC(C)C)NC(=O)[C@H](Cc1ccccc1)NC(=O)CNC(=O)CNC(=O)[C@@H](N)Cc1ccc(O)cc1)C(=O)N[C@@H](CCCN=C(N)N)C(=O)N1CCC[C@H]1C(=O)N[C@@H](CCCCN)C(N)=O,-0.4871383754771865,training
CC[C@H](C)[C@H](NC(=O)[C@H](CCCN=C(N)N)NC(=O)[C@H](CCCN=C(N)N)NC(=O)[C@H](CC(C)C)NC(=O)[C@H](Cc1ccccc1)NC(=O)CNC(=O)CNC(=O)[C@@H](N)Cc1ccc(O)cc1)C(=O)N[C@@H](CCCN=C(N)N)C(=O)N1CCC[C@@H]1C(=O)N[C@@H](CCCCN)C(=O)N[C@@H](CC(C)C)C(=O)N[C@@H](CCCCN)C(=O)O,-0.919078092376074,training
CCNC(=O)c1ccc(C(=C2CC3CCC(C2)N3CC=C(C)C)c2cccc(OC)c2)cc1,0.1426675035687315,training
C=CCN1C2CCC1CC(=C(c1ccc(C(=O)NCC)cc1)c1cccc(O)c1)C2,0.4156687756324692,training
CCNC(=O)c1ccc(C(=C2CC3CCC(C2)N3Cc2cccs2)c2ccc(O)cc2)cc1,0.6020599913279624,valid
CCNC(=O)c1ccc(C(=C2CC3CCC(C2)N3CCc2ccccc2)c2ccc(O)cc2)cc1,-0.8920946026904804,training
CCNC(=O)c1ccc(C(=C2CC3CCC(C2)N3CCc2ccccc2)c2ccc(OC)cc2)cc1,-1.052693941924968,training
CC[C@H](C)[C@H](NC(=O)[C@H](CCCN=C(N)N)NC(=O)[C@H](CCCN=C(N)N)NC(=O)[C@H](CC(C)C)NC(=O)[C@H](Cc1ccccc1)NC(=O)[C@@H]1CCCN1C(=O)CNC(=O)[C@@H](N)Cc1ccc(O)cc1)C(=O)N[C@@H](CCCN=C(N)N)C(=O)N[C@H](CCCN=C(N)N)C(N)=O,-3.780317312140151,training
CCCCNC(=O)c1ccc(C(=C2CC3CCC(C2)N3CCc2ccccc2)c2ccccc2)cc1,-1.69284691927723,training
CCNC(=O)c1ccc(/C(=C2\C[C@@H]3CC[C@H](C2)N3)c2ccccc2)cc1,-0.7387805584843692,training
CC[C@H](C)[C@H](NC(=O)[C@H](CCCN=C(N)N)NC(=O)[C@H](CCCN=C(N)N)NC(=O)[C@H](CC(C)C)NC(=O)[C@H](Cc1ccccc1)NC(=O)CNC(=O)CNC(=O)[C@@H](N)Cc1ccc(O)cc1)C(=O)N[C@@H](CCCN=C(N)N)C(=O)O,-0.9912260756924948,training
CC(C)C[C@H](NC(=O)[C@H](Cc1ccccc1)NC(=O)CNC(=O)CNC(=O)[C@@H](N)Cc1ccc(O)cc1)C(=O)N[C@@H](CCCN=C(N)N)C(=O)O,-0.9590413923210936,training
CCNC(=O)c1ccc(C(=C2CC3CCC(C2)N3Cc2cccs2)c2cccc(OC)c2)cc1,0.2924298239020636,test
CC(C)C[C@H](NC(=O)[C@H](Cc1ccccc1)NC(=O)CNC(=O)CNC(=O)[C@@H](N)Cc1ccc(O)cc1)C(=O)N[C@@H](CCCN=C(N)N)C(=O)N[C@@H](CCCN=C(N)N)C(=O)O,-0.9867717342662448,valid
Cc1cc(O)cc(C)c1C[C@H](N)[C@@H](O)C/C=C/[C@H](O)[C@@H](Cc1ccccc1)C(=O)O[C@H](CO)Cc1ccccc1,-1.230448921378274,training
Oc1ccc2c3c1O[C@H]1c4sc5c(c4C[C@@]4(O)[C@@H](C2)N(CC2CC2)CC[C@]314)C[C@@]1(O)[C@H]2Cc3ccc(O)c4c3[C@@]1(CCN2CC1CC1)[C@H]5O4,-1.8864907251724816,training
NC1=NC([C@]2(N)CC[C@@]3(O)[C@H]4Cc5ccc(O)c6c5C3(CCN4CC3CC3)[C@H]2O6)=N[C@]12CC[C@@]1(O)[C@H]3Cc4ccc(O)c5c4C1(CCN3CC1CC1)[C@H]2O5,-2.2624510897304293,training
CCC(=O)NCCc1ccc2[nH]c3c(c2c1)C[C@@]1(O)C2Cc4ccc(O)c5c4[C@@]1(CCN2CC1CC1)[C@H]3O5,-0.4941545940184428,training
CCCCC(=N)NCCc1ccc2[nH]c3c(c2c1)C[C@@]1(O)C2Cc4ccc(O)c5c4[C@@]1(CCN2CC1CC1)[C@H]3O5,-1.582290682718994,valid
COc1ccc2c3c1O[C@H]1c4[nH]c5ccccc5c4C[C@@]4(O)[C@@H](C2)N(CC2CC2)CC[C@]314,-1.6020599913279625,training
CC(C)C[C@H](NC(=O)[C@H](Cc1ccc(O)cc1)NC(=O)CNC(=O)[C@H](CO)NC(=O)[C@@H](N)Cc1ccccc1)C(=O)N[C@H](C(=O)O)[C@@H](C)O,-1.146128035678238,training
CCCCNC(=O)NCCc1ccc2[nH]c3c(c2c1)C[C@@]1(O)C2Cc4ccc(O)c5c4[C@@]1(CCN2CC1CC1)[C@H]3O5,-0.414973347970818,training
CCC(=N)NCCc1ccc2[nH]c3c(c2c1)C[C@@]1(O)C2Cc4ccc(O)c5c4[C@@]1(CCN2CC1CC1)[C@H]3O5,-1.3376588910261424,training
CCCCC(=O)NCCc1ccc2[nH]c3c(c2c1)C[C@@]1(O)C2Cc4ccc(O)c5c4[C@@]1(CCN2CC1CC1)[C@H]3O5,-0.884795363948981,training
CCCC(=N)NCCc1ccc2[nH]c3c(c2c1)C[C@@]1(O)C2Cc4ccc(O)c5c4[C@@]1(CCN2CC1CC1)[C@H]3O5,-1.4402792132355882,valid
COCC[C@H]1CC2CN3CCc4c([nH]c5ccccc45)[C@](C(=O)OC)(C2)[C@H]13,-3.544068044350276,test
CC1(C)OC23CCC4(CC2C1(C)C)C1Cc2ccc(O)c5c2C4(CCN1CC1CC1)C3O5,0.0969100130080563,training
C=CCN(CC=C)[C@@H](Cc1ccc(O)cc1)C(=O)NC(C)(C)C(=O)NC(C)(C)C(=O)N[C@@H](Cc1ccccc1)C(=O)N[C@@H](CC(C)C)C(=O)O,-1.5440680443502757,training
CCC/N=C(\N)Cc1ccc2[nH]c3c(c2c1)C[C@@]1(O)C2Cc4ccc(O)c5c4[C@@]1(CCN2CC1CC1)[C@H]3O5,-0.7234556720351858,training
CC1C2CC34CCC2(OC1(C)C)C1Oc2c(O)ccc5c2C13CCN(C)C4C5,-0.6434526764861874,training
C=CCN1CC[C@]23c4c5ccc(O)c4O[C@H]2c2[nH]c4ccccc4c2C[C@@]3(O)[C@H]1C5,-0.041392685158225,training
CO[C@@]12CCC3(C[C@@H]1[C@](C)(O)C(C)C)[C@H]1Cc4ccc(O)c5c4C3(CCN1C)[C@H]2O5,0.2218487496163563,training
CC(C)CC(=N)NCCc1ccc2[nH]c3c(c2c1)C[C@@]1(O)C2Cc4ccc(O)c5c4[C@@]1(CCN2CC1CC1)[C@H]3O5,-1.3031960574204888,training
CCCCCCNC(=O)NCCc1ccc2[nH]c3c(c2c1)C[C@@]1(O)C2Cc4ccc(O)c5c4[C@@]1(CCN2CC1CC1)[C@H]3O5,-0.3521825181113625,training
CN1CC[C@]23c4c5ccc(O)c4O[C@H]2c2[nH]c4ccccc4c2C[C@@]3(O)[C@H]1C5,0.0675262353228467,training
CCCCCCC/N=C(\N)Cc1ccc2[nH]c3c(c2c1)C[C@@]1(O)C2Cc4ccc(O)c5c4[C@@]1(CCN2CC1CC1)[C@H]3O5,-0.865103974641128,training
O=C(NCCCCc1ccccc1)c1ccc2[nH]c3c(c2c1)C[C@@]1(O)C2Cc4ccc(O)c5c4[C@@]1(CCN2CC1CC1)[C@H]3O5,-1.7741518589547105,training
Oc1ccc2c3c1O[C@H]1c4[nH]c5c(Br)cccc5c4C[C@@]4(O)[C@@H](C2)N(CC2CC2)CC[C@]314,0.8538719643217619,training
CC(=N)NCCc1ccc2[nH]c3c(c2c1)C[C@@]1(O)C2Cc4ccc(O)c5c4[C@@]1(CCN2CC1CC1)[C@H]3O5,-1.330007700872759,training
CCCCCCCNC(=O)c1ccc2[nH]c3c(c2c1)C[C@@]1(O)C2Cc4ccc(O)c5c4[C@@]1(CCN2CC1CC1)[C@H]3O5,-1.8460276753643787,training
O=C(NCCc1ccccc1)c1ccc2[nH]c3c(c2c1)C[C@@]1(O)C2Cc4ccc(O)c5c4[C@@]1(CCN2CC1CC1)[C@H]3O5,-0.5477747053878226,training
O=C1N[C@@H]2CCCC[C@H]2N1C1CCN(CC2CCCCCCC2)CC1,-3.815046176064631,training
COc1ccc2c3c1O[C@@H]1C34CCN(C)[C@H](C2)C42CC[C@]1(OC)[C@@H]([C@](C)(O)C(C)C)C2,-0.1139433523068367,training
COc1cccc2c3c([nH]c12)[C@@H]1Oc2c(O)ccc4c2[C@@]12CCN(CC1CC1)[C@H](C4)[C@]2(O)C3,-0.380211241711606,training
CCCC(=O)NCCc1ccc2[nH]c3c(c2c1)C[C@@]1(O)C2Cc4ccc(O)c5c4[C@@]1(CCN2CC1CC1)[C@H]3O5,-0.568201724066995,training
CCCCC/N=C(\N)Cc1ccc2[nH]c3c(c2c1)C[C@@]1(O)C2Cc4ccc(O)c5c4[C@@]1(CCN2CC1CC1)[C@H]3O5,-1.230959555748569,training
Oc1ccc2c3c1O[C@H]1c4[nH]c5ccc(F)cc5c4C[C@@]4(O)[C@@H](C2)N(CC2CC2)CC[C@]314,0.0457574905606751,training
COc1ccc(CNC(=O)c2ccc3[nH]c4c(c3c2)C[C@@]2(O)C3Cc5ccc(O)c6c5[C@@]2(CCN3CC2CC2)[C@H]4O6)cc1,-0.8698182079793282,training
Oc1ccc2c3c1O[C@H]1c4[nH]c5ccccc5c4C[C@@]4(O)[C@@H](C2)N(CC2CC2)CC[C@]314,0.5491763194227008,training
CO[C@@]12CC[C@@]3(C[C@@H]1[C@](C)(O)C(C)(C)C)[C@H]1Cc4ccc(O)c5c4[C@@]3(CCN1CC1CC1)[C@H]2O5,-0.5838462500213175,training
O=C(NCc1ccccc1)c1ccc2[nH]c3c(c2c1)C[C@@]1(O)C2Cc4ccc(O)c5c4[C@@]1(CCN2CC1CC1)[C@H]3O5,-1.04883008652835,training
CC(C)(S)[C@@H](NC(=O)[C@H](Cc1ccc(O)cc1)NC(=O)CNC(=O)[C@H](NC(=O)[C@@H](N)Cc1ccccc1)C(C)(C)S)C(=O)O,-1.041392685158225,training
CCNC(=O)NCCc1ccc2[nH]c3c(c2c1)C[C@@]1(O)C2Cc4ccc(O)c5c4[C@@]1(CCN2CC1CC1)[C@H]3O5,-0.3856062735983122,training
Oc1ccc2c3c1O[C@H]1c4[nH]c5c(F)cccc5c4C[C@@]4(O)[C@@H](C2)N(CC2CC2)CC[C@]314,1.6989700043360187,training
CO[C@@]12CCC3(C[C@H]1[C@@](C)(O)C(C)(C)C)[C@H]1Cc4ccc(O)c5c4C3(CCN1C)[C@H]2O5,-0.041392685158225,valid
Oc1ccc2c3c1O[C@H]1c4c(c5ccccc5n4-c4ccccc4)C[C@@]4(O)[C@@H](C2)N(CC2CC2)CC[C@]314,0.2218487496163563,training
CN1CC[C@]23c4c5ccc(C(N)=O)c4OC2C(O)C=C[C@H]3[C@H]1C5,-3.278753600952829,training
O=C(Cc1ccc(C(F)(F)F)cc1)N1CCCC[C@H]1CN1CCCC1,-3.0,training
O=C(Cc1ccc(Cl)c(Cl)c1)N1CCCC[C@H]1CN1CCCC1,-3.0,training
O=C(Cc1ccc(Cl)c(Cl)c1)N1CCc2ccsc2C1CN1CCCC1,-2.558708570533166,test
O=C(Cc1ccc(C(F)(F)F)cc1)N1CCc2ccccc2[C@H]1CN1CCCC1,-2.173186268412274,training
O=C(Cc1ccc(Cl)c(Cl)c1)N1CCc2sccc2C1CN1CCCC1,-2.184691430817599,training
N=C(N)NCCc1ccc2[nH]c3c(c2c1)C[C@@]1(O)[C@H]2Cc4ccc(O)c5c4[C@@]1(CCN2CC1CC1)[C@H]3O5,-0.69284691927723,training
CCCN/C(=N\CC1CC1)Nc1ccc2[nH]c3c(c2c1)C[C@@]1(O)[C@H]2Cc4ccc(O)c5c4[C@@]1(CCN2CC1CC1)[C@H]3O5,-1.189770956346874,training
N[C@@H](Cc1ccc(O)cc1)C(=O)N1Cc2ccccc2C[C@H]1C(=O)N[C@@H](Cc1ccccc1)C(=O)N[C@@H](Cc1ccccc1)C(=O)O,-0.5611013836490559,training
N/C(=N/Cc1cccc(O)c1)Nc1ccc2[nH]c3c(c2c1)C[C@@]1(O)[C@H]2Cc4ccc(O)c5c4[C@@]1(CCN2CC1CC1)[C@H]3O5,-1.245018870737753,training
COc1ccc2c3c1OC1C4NC(C(=O)OCC(C)C)=C(C)C4CC4C(C2)N(C)CCC341,-0.6812412373755872,training
N/C(=N/Cc1ccc([N+](=O)[O-])cc1)Nc1ccc2[nH]c3c(c2c1)C[C@@]1(O)[C@H]2Cc4ccc(O)c5c4[C@@]1(CCN2CC1CC1)[C@H]3O5,-1.9814561665221264,training
CCCC/N=C(\NCCCC)Nc1ccc2[nH]c3c(c2c1)C[C@@]1(O)[C@H]2Cc4ccc(O)c5c4[C@@]1(CCN2CC1CC1)[C@H]3O5,-1.1772478362556231,valid
N=C(N)NCc1ccc2[nH]c3c(c2c1)C[C@@]1(O)[C@H]2Cc4ccc(O)c5c4[C@@]1(CCN2CC1CC1)[C@H]3O5,-1.845098040014257,training
N/C(=N\CCc1ccc2[nH]c3c(c2c1)C[C@@]1(O)[C@H]2Cc4ccc(O)c5c4[C@@]1(CCN2CC1CC1)[C@H]3O5)NCc1ccc(N)cc1,-0.7032913781186614,training
N/C(=N\CCc1ccc2[nH]c3c(c2c1)C[C@@]1(O)[C@H]2Cc4ccc(O)c5c4[C@@]1(CCN2CC1CC1)[C@H]3O5)NCc1ccc([N+](=O)[O-])cc1,-1.0681858617461617,test
Oc1ccc2c3c1O[C@H]1c4[nH]c5ccc(N/C(=N/CC6CC6)NCc6ccccc6)cc5c4C[C@@]4(O)[C@@H](C2)N(CC2CC2)CC[C@]314,-1.256717745977487,test
N/C(=N/Cc1ccc(O)cc1)Nc1ccc2[nH]c3c(c2c1)C[C@@]1(O)[C@H]2Cc4ccc(O)c5c4[C@@]1(CCN2CC1CC1)[C@H]3O5,-1.6217992240026675,training
N/C(=N/Cc1ccc(N)cc1)Nc1ccc2[nH]c3c(c2c1)C[C@@]1(O)[C@H]2Cc4ccc(O)c5c4[C@@]1(CCN2CC1CC1)[C@H]3O5,-1.3785795761157749,training
N/C(=N\CCc1ccc2[nH]c3c(c2c1)C[C@@]1(O)[C@H]2Cc4ccc(O)c5c4[C@@]1(CCN2CC1CC1)[C@H]3O5)NCc1ccc(Cl)cc1,-1.2828486028346449,training
CCCC/N=C(\NCCCC)NCCc1ccc2[nH]c3c(c2c1)C[C@@]1(O)[C@H]2Cc4ccc(O)c5c4[C@@]1(CCN2CC1CC1)[C@H]3O5,-0.8280150642239769,training
N/C(=N/Cc1ccccc1)Nc1ccc2[nH]c3c(c2c1)C[C@@]1(O)[C@H]2Cc4ccc(O)c5c4[C@@]1(CCN2CC1CC1)[C@H]3O5,-1.4282968139828796,training
CCC/N=C(\NCCC)Nc1ccc2[nH]c3c(c2c1)C[C@@]1(O)[C@H]2Cc4ccc(O)c5c4[C@@]1(CCN2CC1CC1)[C@H]3O5,-0.9304395947667,training
N/C(=N\CCc1ccc2[nH]c3c(c2c1)C[C@@]1(O)[C@H]2Cc4ccc(O)c5c4[C@@]1(CCN2CC1CC1)[C@H]3O5)NCc1ccccc1,-0.8597385661971468,training
N/C(=N/Cc1ccc(Cl)cc1)Nc1ccc2[nH]c3c(c2c1)C[C@@]1(O)[C@H]2Cc4ccc(O)c5c4[C@@]1(CCN2CC1CC1)[C@H]3O5,-1.929674317948588,training
CN1CC[C@]23c4cccc(O)c4O[C@H]2C(=O)CC[C@H]3C1,-1.9242792860618816,training
CC[C@H](C)[C@H](NC(=O)[C@H](CCCN=C(N)N)NC(=O)[C@H](CCCN=C(N)N)NC(=O)[C@H](CC(C)C)NC(=O)[C@@H](Cc1ccccc1)NC(=O)CNC(=O)CNC(=O)[C@@H](N)Cc1ccc(O)cc1)C(N)=O,-1.373279893277496,training
CCNC(=O)[C@H](CC(C)C)NC(=O)[C@H](CCCN=C(N)N)N(C)C(=O)[C@H](CCCN=C(N)N)NC(=O)[C@H](CC(C)C)NC(=O)[C@@H](Cc1ccc([N+](=O)[O-])cc1)NC(=O)CNC(=O)CNC(=O)[C@H](Cc1ccc(O)cc1)NC,-1.2562365332059229,training
CCNC(=O)[C@H](CC(C)C)NC(=O)[C@H](CCCN=C(N)N)N(C)C(=O)[C@H](CCCN=C(N)N)NC(=O)[C@H]1CSSC[C@H](NC(=O)[C@@H](N)Cc2ccc(O)cc2)C(=O)NCC(=O)N[C@H](Cc2ccccc2)C(=O)N1,-0.2013971243204515,training
CN[C@@H](Cc1ccc(O)cc1)C(=O)NCC(=O)NCC(=O)N[C@@H](Cc1ccc([N+](=O)[O-])cc1)C(=O)N[C@@H](CC(C)C)C(=O)N[C@@H](CCCN=C(N)N)C(=O)N[C@@H](CCCN=C(N)N)C(=O)N[C@@H](CC(C)C)C(N)=O,-1.4599952560473914,training
CN[C@@H](Cc1ccc(O)cc1)C(=O)NCC(=O)NCC(=O)N[C@H](Cc1ccccc1)C(=O)N[C@@H](CC(C)C)C(=O)N[C@@H](CCCN=C(N)N)C(=O)N(C)[C@@H](CCCN=C(N)N)C(=O)N[C@@H](CC(C)C)C(N)=O,-1.7312663490754916,training
COc1cccc2c1O[C@H]1C(=O)CC[C@H]3CN(CC4CC4)CC[C@@]231,-3.24551266781415,training
CCNC(=O)[C@H](CC(C)C)NC(=O)[C@H](CCCN=C(N)N)N(C)C(=O)[C@H](CCCN=C(N)N)NC(=O)[C@H](CC(C)C)NC(=O)[C@@H](Cc1ccccc1)NC(=O)CNC(=O)CNC(=O)[C@H](Cc1ccc(O)cc1)NC,-1.4352071032407476,training
O=C(CBr)Nc1cccc(Cn2c3c(c4ccccc42)C[C@@]2(O)C4Cc5ccc(O)c6c5C2(CCN4CC2CC2)[C@H]3O6)c1,1.5451551399914911,training
CN[C@@H](Cc1ccc(O)cc1)C(=O)N[C@@H](C)C(=O)NCC(=O)N[C@@H](Cc1ccccc1)C(=O)N[C@@H](CC(C)C)C(=O)N[C@@H](CCCN=C(N)N)C(=O)N[C@@H](CCCN=C(N)N)C(=O)N[C@@H](CC(C)C)C(N)=O,-1.4717316514800511,training
Oc1ccc2c3c1O[C@H]1c4c(c5ccccc5n4Cc4ccc(N=C=S)cc4)C[C@@]4(O)C(C2)N(CC2CC2)CCC314,-0.711807229041191,training
Oc1ccc2c3c1O[C@H]1c4c(c5ccccc5n4Cc4cccc(N=C=S)c4)C[C@@]4(O)C(C2)N(CC2CC2)CCC314,-0.7481880270062005,training
CN[C@@H](Cc1ccc(O)cc1)C(=O)NCC(=O)NCC(=O)N[C@H](Cc1ccccc1)C(=O)N[C@@H](CC(C)C)C(=O)N[C@@H](CCCN=C(N)N)C(=O)N[C@@H](CCCN=C(N)N)C(=O)N[C@@H](CC(C)C)C(N)=O,-1.5907304057926903,training
Oc1ccc2c3c1O[C@H]1c4c(c5ccccc5n4Cc4ccccc4N=C=S)C[C@@]4(O)C(C2)N(CC2CC2)CCC314,-0.4471580313422192,test
COc1cccc2c1O[C@H]1[C@@H](O)CC[C@H]3CN(CC4CC4)CC[C@@]231,-2.1760912590556813,training
Oc1cccc2c1O[C@H]1CCC[C@H]3CN(CC4CC4)CC[C@]213,-0.5622928644564746,test
CC(=O)N[C@@H](Cc1ccccc1)C(=O)N[C@@H](Cc1ccccc1)C(=O)N[C@@H](Cc1ccccc1)C(=O)N[C@@H](CCCN=C(N)N)C(=O)N[C@@H](CC(C)C)C(=O)N[C@@H](CCCN=C(N)N)C(=O)N[C@@H](CCCN=C(N)N)C(=O)N[C@@H](C)C(=O)N[C@@H](CCCN=C(N)N)C(=O)N1CCC[C@H]1C(=O)N[C@@H](CCCCN)C(N)=O,-3.765668554759014,training
CCCCN1CC[C@]23c4c5ccc(O)c4O[C@H]2c2[nH]c4c(c2C[C@@]3(O)[C@H]1C5)C[C@@]1(O)[C@H]2Cc3ccc(O)c5c3[C@@]1(CCN2CC1CC1)[C@H]4O5,-1.1760912590556811,training
Nc1nc2cc3c(cc2s1)C[C@@H]1[C@@H]2CCCC[C@]32CCN1CC1CC1,-1.462397997898956,training
CC(C)C[C@H](NC(=O)[C@H](Cc1ccccc1)NC(=O)CNC(=O)[C@H](CCC(=O)NCC(=O)NCC(=O)N[C@H]1CC[C@@]2(O)[C@H]3Cc4ccc(O)c5c4[C@@]2(CCN3C)[C@H]1O5)NC(=O)[C@@H](N)Cc1ccc(O)cc1)C(=O)O,-1.7041505168397992,training
CN1CCC23c4c5ccc(O)c4OC2c2nc(N)ncc2CC3(O)C1C5,-1.2785249647370176,valid
CC(C)C[C@H](NC(=O)[C@H](Cc1ccccc1)NC(=O)CNC(=O)[C@H](CCC(N)=O)NC(=O)[C@@H](N)Cc1ccc(O)cc1)C(=O)O,-1.6739419986340878,valid
CN1CCC23c4c5ccc(O)c4OC2c2nc(-c4ccccc4)ncc2CC3(O)C1C5,-0.8115750058705934,training
NCCN1CC[C@]23c4c5ccc(O)c4O[C@H]2c2[nH]c4c(c2C[C@@]3(O)[C@H]1C5)C[C@@]1(O)[C@H]2Cc3ccc(O)c5c3[C@@]1(CCN2CC1CC1)[C@H]4O5,-2.1367205671564067,valid
CN1CC[C@]23c4c5cc6sc(N)nc6c4OC2[C@@H](O)CCC3[C@H]1C5,-1.505149978319906,training
CC[C@H](C)[C@H](NC(=O)[C@H](CCCNC(=N)N)NC(=O)[C@H](CCCNC(=N)N)NC(=O)[C@H](CC(C)C)NC(=O)[C@H](Cc1ccccc1)NC(=O)CNC(=O)CNC(=O)[C@H](Cc1ccc(O)cc1)NCc1ccccc1)C(=O)N[C@@H](CCCNC(=N)N)C(=O)N1CCC[C@@H]1C(=O)N[C@@H](CCCCN)C(=O)O,-2.24551266781415,training
N=C(N)NCCN1CC[C@]23c4c5ccc(O)c4O[C@H]2c2[nH]c4c(c2C[C@@]3(O)[C@H]1C5)C[C@@]1(O)[C@H]2Cc3ccc(O)c5c3C1(CCN2CC1CC1)[C@H]4O5,-1.568201724066995,valid
C=CCN[C@@H](Cc1ccc(O)cc1)C(=O)NCC(=O)NCC(=O)N[C@@H](Cc1ccccc1)C(=O)N[C@@H](CC(C)C)C(=O)N[C@@H](CCCN=C(N)N)C(=O)N[C@@H](CCCN=C(N)N)C(=O)N[C@H](C(=O)N[C@@H](CCCN=C(N)N)C(=O)N1CCC[C@@H]1C(=O)N[C@@H](CCCCN)C(=O)O)[C@@H](C)CC,-2.6522463410033232,training
O=C(NCCN1CC[C@]23c4c5ccc(O)c4O[C@H]2c2[nH]c4c(c2C[C@@]3(O)C1=C5)C[C@@]1(O)[C@H]2Cc3ccc(O)c5c3[C@@]1(CCN2CC1CC1)[C@H]4O5)OCc1ccccc1,-2.0681858617461617,training
O=C1c2ccc(O)cc2[C@@]23CCCC[C@H]2[C@@H]1N(CC1CCC1)CC3,-2.4149733479708178,training
CC(C)C[C@H](NC(=O)[C@H](Cc1ccccc1)NC(=O)CNC(=O)[C@H](CCC(=O)NCC(=O)NCC(N)=O)NC(=O)[C@@H](N)Cc1ccc(O)cc1)C(=O)O,-1.9434945159061023,training
CN1CC[C@]23CCCC[C@H]2[C@H]1Cc1cc2sc(N)nc2cc13,-2.278753600952829,test
CC(C)C[C@H](NC(=O)[C@H](Cc1ccccc1)NC(=O)CNC(=O)[C@H](CCC(=O)N[C@H]1CC[C@@]2(O)[C@H]3Cc4ccc(O)c5c4[C@@]2(CCN3C)[C@H]1O5)NC(=O)[C@@H](N)Cc1ccc(O)cc1)C(=O)O,-1.4065401804339552,training
Cc1ncc2c(n1)C1Oc3c(O)ccc4c3C13CCN(C)C(C4)C3(O)C2,-1.380934463330702,training
CN1CCC23c4c5ccc(O)c4OC2c2n[nH]cc2CC3(O)C1C5,-1.0874264570362857,training
CN1CC[C@]23CCCC[C@H]2[C@H]1Cc1ccc(O)cc13,-0.6232492903979004,valid
CC[C@H](C)[C@H](NC(=O)[C@H](CCCN=C(N)N)NC(=O)[C@H](CCCN=C(N)N)NC(=O)[C@H](CC(C)C)NC(=O)[C@H](Cc1ccccc1)NC(=O)CNC(=O)CNC(=O)[C@@H](N)Cc1ccc(O)cc1)C(=O)N[C@@H](CCCN=C(N)N)C(=O)N1CCC[C@@H]1C(=O)N[C@@H](CCCCN)C(=O)O,-0.3222192947339193,training
CC(=O)NCC(=O)NCC(=O)N[C@H]1CC[C@@]2(O)[C@H]3Cc4ccc(O)c5c4[C@@]2(CCN3C)[C@H]1O5,-2.257678574869185,training
CC[C@H](C)[C@H](NC(=O)[C@H](CCCN=C(N)N)NC(=O)[C@H](CCCN=C(N)N)NC(=O)[C@H](CC(C)C)NC(=O)[C@H](Cc1ccccc1)NC(=O)CNC(=O)CNC(=O)[C@H](Cc1ccc(O)cc1)NCC1CC1)C(=O)N[C@@H](CCCN=C(N)N)C(=O)N1CCC[C@@H]1C(=O)N[C@@H](CCCCN)C(=O)O,-2.7466341989375787,training
Oc1ccc2c(c1)[C@@]13CCCC[C@H]1[C@@H](C2)N(CC1CC1)CC3,-0.2026369038717966,training
Nc1nc2cc3c(cc2s1)C[C@@H]1[C@@H]2CCCC[C@]32CCN1CC1CCC1,-2.361727836017593,training
C=CCN(CC=C)[C@@H](Cc1ccc(O)cc1)C(=O)NCC(=O)NCC(=O)N[C@@H](Cc1ccccc1)C(=O)N[C@@H](CC(C)C)C(=O)N[C@@H](CCCN=C(N)N)C(=O)N[C@@H](CCCN=C(N)N)C(=O)N[C@H](C(=O)N[C@@H](CCCN=C(N)N)C(=O)N1CCC[C@@H]1C(=O)N[C@@H](CCCCN)C(=O)O)[C@@H](C)CC,-2.173186268412274,training
CN1CCC23c4c5ccc(O)c4OC2c2nc(O)ncc2CC3(O)C1C5,-1.2801228963023077,training
Oc1ccc2c(c1)[C@@]13CCCC[C@H]1[C@@H](C2)N(CC1CCC1)CC3,-0.7065671860865402,valid
CCc1ccc(OCc2ccccc2C(=O)Nc2ccc3nc(C)cc(N)c3c2)cc1,-3.93687048143394,training
Nc1ccc2c3c1O[C@H]1C(=O)CC[C@@]4(O)[C@@H](C2)N(CC2CC2)CC[C@]314,-2.9444826721501687,training
CN1CC[C@]23c4c5ccc(O)c4O[C@H]2C(=O)C2(Cc4ccccc4C2)C[C@@]3(O)[C@H]1C5,-0.3950350180286303,test
C[C@H]1C2Cc3ccc(NC(=O)c4ccccc4)cc3[C@@]1(C)CCN2CC1CC1,-3.380211241711606,training
Oc1ccc2c3c1O[C@H]1C(c4c[nH]c5ccccc45)=CC[C@@]4(O)[C@@H](C2)N(CC2CC2)CC[C@]314,0.00436480540245,training
CC(=O)N[C@@H](CCCN=C(N)N)C(=O)N[C@@H](CC1CCCCC1)C(=O)NC1S[C@H]2CCC[C@@H](C(=O)N[C@H](CCCN=C(N)N)C(=O)NC(Cc3ccc(Cl)cc3)C(N)=O)N2C1=O,-4.037426497940624,training
CC(=O)N[C@@H](CCCN=C(N)N)C(=O)N[C@@H](CC1CCCCC1)C(=O)NC1CC[C@H]2CCC[C@@H](C(=O)N[C@H](CCCN=C(N)N)C(=O)NC(Cc3ccc(Cl)cc3)C(N)=O)N2C1=O,-3.848189116991399,training
CC(=O)N[C@@H](CCCN=C(N)N)C(=O)N[C@@H](CC1CCCCC1)C(=O)N[C@@H](Cc1ccccc1)C(=O)N1[C@H](C(=O)N[C@H](CCCN=C(N)N)C(=O)N[C@@H](Cc2ccc(Cl)cc2)C(N)=O)CC[C@@H]1C(C)(C)C,-3.369215857410143,training
CC[C@@]12CCN(CC3CC3)C(C(=O)c3ccc(NC=O)cc31)[C@@H]2C,-1.7160033436347992,training
CC[C@@]12CCN(CC3CC3)C(C(=O)c3ccc(C(N)=O)cc31)[C@@H]2C,-0.9912260756924948,training
C[C@H]1CN(CC[C@H](O)C2CCCCC2)CC[C@@]1(C)c1cccc(O)c1,-0.5035728004579023,training
C[C@H]1C2Cc3ccc(N(C)C=O)cc3[C@@]1(C)CCN2CC1CC1,-3.792391689498254,training
CC(=O)Nc1ccc2c(c1)[C@@]1(C)CCN(CC3CC3)C(C2)[C@@H]1C,-3.230448921378274,training
O=CNc1ccc2c3c1O[C@H]1C(=O)CC[C@@]4(O)[C@@H](C2)N(CC2CC2)CC[C@]314,-2.6232492903979003,training
CNC(c1cccc(O)c1)C(C)(C)C(=O)NCC1CCCCC1,-2.944975908412048,training
CN(CC1CC1)C(c1cccc(O)c1)C(C)(C)C(=O)NCCc1ccccc1,-2.8512583487190755,training
CN1CC[C@]23c4c5ccc(N)c4O[C@H]2[C@@H](O)C=C[C@H]3[C@H]1C5,-3.380211241711606,valid
CN1c2ccccc2C(c2ccccc2F)=NCC1CNC(=O)c1ccsc1,-2.184691430817599,training
CNC(c1cccc(O)c1)C(C)(C)C(=O)NCc1cccc2ccccc12,-2.2121876044039577,training
CN1CC[C@]23c4c5ccc(NCc6ccccc6)c4O[C@H]2[C@@H](O)C=C[C@H]3[C@H]1C5,-3.740362689494244,test
CN1c2ccccc2C(c2ccccc2)=NCC1CCNC(=O)c1ccc(F)cc1,-2.439332693830263,training
CN(C)c1ccc2c3c1O[C@H]1[C@@H](O)C=C[C@H]4[C@@H](C2)N(C)CC[C@]314,-3.204119982655925,training
CNC(c1cccc(O)c1)C(C)(C)C(=O)NCC1CC1,-2.8926510338773004,valid
CN1CC[C@]23c4c5ccc(Nc6ccccc6)c4O[C@H]2[C@@H](O)C=C[C@H]3[C@H]1C5,-3.1760912590556813,test
CNC(c1cccc(O)c1)C(C)(C)C(=O)NCCc1ccccc1,-2.24551266781415,training
CN1c2ccc(Cl)cc2C(c2ccccc2)=NCC1CCNC(=O)c1ccc(F)cc1,-3.0,valid
CNc1ccc2c3c1O[C@H]1[C@@H](O)C=C[C@H]4[C@@H](C2)N(C)CC[C@]314,-3.755874855672492,training
CN1CC[C@]23c4c5ccc(O)c4O[C@H]2c2[nH]c4ccccc4c2C[C@@]3(CCCc2ccccc2)C1C5,-1.3729120029701067,valid
CN1CC[C@]23c4c5ccc(O)c4O[C@H]2c2ncc(-c4ccc(Cl)cc4Cl)cc2C[C@H]3[C@H]1C5,-0.041392685158225,valid
CN1CC[C@]23c4c5ccc(O)c4O[C@H]2c2[nH]c4ccccc4c2C[C@@]3(NC(=O)Cc2ccccc2)C1C5,-0.8162412999917831,test
CN1CC[C@]23c4c5ccc(O)c4O[C@H]2c2ncccc2C[C@H]3[C@H]1C5,-2.7745169657285498,training
CCCCN[C@@]12Cc3c([nH]c4ccccc34)[C@@H]3Oc4c(O)ccc5c4[C@@]31CCN(C)C2C5,-0.143014800254095,valid
CCN[C@@]12Cc3c([nH]c4ccccc34)[C@@H]3Oc4c(O)ccc5c4[C@@]31CCN(C)C2C5,0.1366771398795441,training
CN1CC[C@]23c4c5ccc(O)c4O[C@H]2c2[nH]c4ccccc4c2C[C@@]3(NCCCc2ccccc2)C1C5,-0.290034611362518,valid
Oc1ccc2c3c1O[C@H]1c4ncc(-c5ccc(Cl)cc5)cc4C[C@@]4(O)[C@@H](C2)N(CC2CC2)CC[C@]314,-0.0755469613925308,training
CN1CC[C@]23c4c5ccc(O)c4O[C@H]2c2[nH]c4ccccc4c2C[C@@]3(N)C1C5,-0.4593924877592308,training
CCCCCCC(=O)N[C@@]12Cc3c([nH]c4ccccc34)[C@@H]3Oc4c(O)ccc5c4[C@@]31CCN(C)C2C5,-1.0128372247051722,test
O=C1c2ccc(O)c3c2C24CCN(CC5CC5)C1[C@]2(O)CCC(=O)[C@@H]4O3,-2.44870631990508,training
CN1CC[C@]23c4c5ccc(O)c4O[C@H]2c2[nH]c4ccccc4c2C[C@@]3(NCCc2ccccc2)C1C5,-0.041392685158225,training
CN1CC[C@]23c4c5ccc(O)c4O[C@H]2c2ncc(-c4ccc(Cl)cc4)cc2C[C@H]3[C@H]1C5,-1.0374264979406236,training
CN1CCNC(=O)[C@H](Cc2ccccc2)NC(=O)CNC(=O)[C@H](NC(=O)[C@@H](N)Cc2ccc(O)cc2)C1,-0.3222192947339193,training
Oc1ccc2c3c1O[C@H]1c4ncc(-c5ccc(Cl)cc5)cc4C[C@H]4[C@@H](C2)N(CC2CC2)CC[C@]314,-0.1931245983544616,training
CN1CC[C@]23c4c5ccc(O)c4O[C@H]2c2[nH]c4ccccc4c2C[C@@]3(NC(=O)CCc2ccccc2)C1C5,-0.6263403673750424,training
CCCCC(=O)N[C@@]12Cc3c([nH]c4ccccc34)[C@@H]3Oc4c(O)ccc5c4[C@@]31CCN(C)C2C5,-0.3159703454569177,training
CC1(C)SSC[C@H](NC(=O)[C@@H](N)Cc2ccc(O)cc2)C(=O)N[C@@H](Cc2ccc([N+](=O)[O-])cc2)C(=O)N[C@@H]1C(=O)O,-0.220108088040055,training
CC1(C)SSC[C@H](NC(=O)[C@@H](N)Cc2ccc(O)cc2)C(=O)N[C@@H](Cc2ccccc2)C(=O)N[C@@H]1C(=O)O,-0.1020905255118366,test
CC1(C)SSC[C@H](NC(=O)[C@@H](N)Cc2ccc(O)cc2)C(=O)N[C@@H](Cc2ccccc2F)C(=O)N[C@@H]1C(=O)O,-0.5145477526602861,test
CC1(C)SSC[C@H](NC(=O)[C@@H](N)Cc2ccc(O)cc2)C(=O)N[C@@H](Cc2ccc(Cl)cc2)C(=O)N[C@@H]1C(=O)O,0.0087739243075051,training
Cc1ccc(C[C@@H]2NC(=O)[C@@H](NC(=O)[C@@H](N)Cc3ccc(O)cc3)CSSC(C)(C)[C@@H](C(=O)O)NC2=O)cc1,-0.7307822756663892,training
CC1(C)SSC[C@H](NC(=O)[C@@H](N)Cc2ccc(O)cc2)C(=O)N[C@@H](Cc2ccc(F)cc2)C(=O)N[C@@H]1C(=O)O,-0.041392685158225,training
O=Cc1ccc(C(=O)NCC(=O)N[C@@H]2CC[C@@]3(O)[C@H]4Cc5ccc(O)c6c5C3(CCN4CC3CC3)C2O6)cc1C=O,-0.4099331233312945,training
COc1ccc2c3c1O[C@H]1C(=O)CC[C@@]4(NC(=O)/C=C/c5ccc(Cl)cc5)[C@@H](C2)N(CC2CC2)CC[C@]314,-0.6807886115066824,training
CC1(C)SSC[C@H](NC(=O)[C@@H](N)Cc2ccc(O)cc2)C(=O)N[C@@H](Cc2ccc(O)cc2)C(=O)N[C@@H]1C(=O)O,-1.4082399653118496,training
CC1(C)SSC[C@H](NC(=O)[C@@H](N)Cc2ccc(O)cc2)C(=O)N[C@@H](Cc2cccc(F)c2)C(=O)N[C@@H]1C(=O)O,-0.4608978427565479,training
O=C(/C=C/c1ccc(Cl)cc1)NC12CCC(=O)C3Oc4cccc5c4[C@@]31CCN(CC1CC1)[C@@H]2C5,-1.5658478186735176,training
O=C(/C=C/c1ccc(Cl)cc1)N[C@@]12CCC(=O)[C@@H]3Oc4c(O)ccc5c4[C@@]31CCN(CC1CC1)[C@@H]2C5,-0.4305587695227575,training
CCN(CC)C(=O)c1ccc(C(=C2CC3CCC(C2)N3CC(=O)c2ccccc2)c2ccccc2)cc1,-0.8000293592441343,training
O=C(O)c1cccc2c3c([nH]c12)[C@@H]1Oc2c(O)ccc4c2C12CCN(CC1CC1)C(C4)[C@]2(O)C3,1.838631997765028,training
CC1CCCC(C)N1C(=O)c1ccc(/C(=C2/C[C@@H]3CC[C@H](C2)N3CCc2ccccc2)c2ccccc2)cc1,-1.0402066275747113,test
CCN[C@@]12Cc3c([nH]c4ccccc34)[C@@H]3Oc4c(O)ccc5c4C31CCN(CC1CC1)C2C5,0.1135092748275181,valid
CCN(CC)C(=O)c1ccc(C(=C2CC3CCC(C2)N3C)c2cccc(OC)c2)cc1,-0.7708520116421442,training
CC[C@@H]1CN2CCc3c([nH]c4cccc(O)c34)[C@@H]2C[C@@H]1/C(=C\OC)C(=O)OC,-4.489999939216725,training
COCCN(CCOC)C(=O)c1ccc(C(=C2CC3CCC(C2)N3CCc2ccccc2)c2ccccc2)cc1,-1.2203696324513944,training
CC[C@@H]1CN2CC[C@]3(Nc4cccc(OC)c4C3=O)[C@@H]2C[C@@H]1/C(=C\OC)C(=O)OC,-0.4785664955938433,test
NCCCC(=O)NCCN(CCNC(=O)[C@H](Cc1ccccc1)NC(=O)CNC(=O)CNC(=O)[C@@H](N)Cc1ccc(O)cc1)C(=O)CCCN,-4.3560258571931225,training
CN(C(=O)Cc1ccc(Cl)c(Cl)c1)[C@H]1CCC2(C[C@@H]1N1CCCC1)OCCO2,-3.214843848047698,training
CCN(CC)C(=O)c1ccc(C(=C2CC3CCC(C2)N3CCOc2ccccc2)c2ccccc2)cc1,0.4202164033831898,training
C=CCN1CCC(N(c2ccccc2)c2ccc(C(=O)N(CC)CC)cc2)CC1,-1.380211241711606,training
C=CCN1[C@H]2CC[C@@H]1CC(N(c1ccccc1)c1ccc(C(=O)N(CC)CC)cc1)C2,0.3010299956639812,training
N=C(N)NCCC[C@@H](NC(=O)c1cccc2c3c([nH]c12)[C@@H]1Oc2c(O)ccc4c2C12CCN(CC1CC1)C(C4)[C@]2(O)C3)C(=O)O,0.915423722065669,training
CCN(CC)C(=O)c1ccc(C(=C2CC3CCC(C2)N3CCC2CCCCC2)c2ccccc2)cc1,-0.1335389083702175,valid
CCCN(CCC)C(=O)c1ccc(C(=C2CC3CCC(C2)N3CCc2ccccc2)c2ccccc2)cc1,-0.8686444383948257,valid
Oc1ccc2c3c1O[C@H]1c4c(c5ccccc5n4CCCF)C[C@@]4(O)C(C2)N(CC2CC2)CCC314,0.3979400086720376,training
CCN(CC)C(=O)c1ccc(C(=C2CC3CCC(C2)N3Cc2ccc3c(c2)OCO3)c2ccccc2)cc1,2.0,training
CCN(CCO)C(=O)c1ccc(C(=C2CC3CCC(C2)N3CCc2ccccc2)c2ccccc2)cc1,-0.505149978319906,training
CCN[C@@]12Cc3c([nH]c4ccccc34)[C@@H]3Oc4c(OC)ccc5c4C31CCN(CC1CC1)C2C5,-1.437750562820388,training
CCCn1c2c(c3ccccc31)C[C@@]1(O)C3Cc4ccc(O)c5c4C1(CCN3CC1CC1)[C@H]2O5,0.3565473235138126,training
NCCC[C@@H](NC(=O)c1cccc2c3c([nH]c12)[C@@H]1Oc2c(O)ccc4c2C12CCN(CC1CC1)C(C4)[C@]2(O)C3)C(=O)O,1.0109953843014632,valid
NCCCC[C@@H](NC(=O)c1cccc2c3c([nH]c12)[C@@H]1Oc2c(O)ccc4c2C12CCN(CC1CC1)C(C4)[C@]2(O)C3)C(=O)O,0.2798406965940431,training
COc1ccc2c3c1O[C@H]1c4[nH]c5ccccc5c4C[C@@]4(NCCF)C(C2)N(CC2CC2)CCC314,-1.0043213737826426,training
CCCN[C@@]12Cc3c([nH]c4ccccc34)[C@@H]3Oc4c(O)ccc5c4C31CCN(CC1CC1)C2C5,-0.3820170425748684,valid
CCn1c2c(c3ccccc31)C[C@@]1(O)C3Cc4ccc(O)c5c4C1(CCN3CC1CC1)[C@H]2O5,0.585026652029182,training
CCN(CC)C(=O)c1ccc(C(=C2CC3CCC(C2)N3C)c2cccc(O)c2)cc1,0.2218487496163563,training
CCN(CC)C(=O)c1ccc(N(c2ccccc2)C2CCNCC2)cc1,-1.5440680443502757,training
CCN(CC)C(=O)c1ccc(C(=C2CC3CCC(C2)N3CCc2c[nH]c3ccccc23)c2ccccc2)cc1,-0.541579243946581,test
O=C(c1ccc(C(=C2CC3CCC(C2)N3CCc2ccccc2)c2ccccc2)cc1)N1CCCC1,-1.3820170425748683,training
CCCSCCCN[C@@]12Cc3c([nH]c4ccccc34)[C@@H]3Oc4c(O)ccc5c4C31CCN(CC1CC1)C2C5,-0.250420002308894,training
CN(C(=O)Cc1ccc(Cl)c(Cl)c1)[C@H]1CC[C@@]2(CCCO2)C[C@@H]1N1CCCC1,-3.9731278535996983,training
O=CN[C@@]12Cc3c(n(CCF)c4ccccc34)[C@@H]3Oc4c(O)ccc5c4C31CCN(CC1CC1)C2C5,0.2596373105057561,training
CN(C(=O)Cc1ccc(Cl)c(Cl)c1)[C@H]1CC2(CC[C@@H]1N1CCCC1)OCCO2,-4.243038048686294,training
CC(C)N(C(=O)c1ccc(C(=C2CC3CCC(C2)N3CCc2ccccc2)c2ccccc2)cc1)C(C)C,-1.6902847025126295,test
CCN(CC)C(=O)c1ccc(C(=C2CC3CCC(C2)N3CCc2ccccc2)c2cccc(OC)c2)cc1,-0.1335389083702175,training
NCCCC(=O)NCCNC(=O)[C@H](Cc1ccccc1)NC(=O)CNC(=O)CNC(=O)[C@@H](N)Cc1ccc(O)cc1,-4.004321373782642,training
CCN(CC)C(=O)c1ccc(C(=C2CC3CCC(C2)N3C)c2ccc(O)cc2)cc1,-0.2764618041732441,test
CCN(CC)C(=O)c1ccc(C(=C2CC3CCC(C2)N3CCc2cccs2)c2ccccc2)cc1,-1.1179338350396415,training
O=C(c1ccc(C(=C2CC3CCC(C2)N3CCc2ccccc2)c2ccccc2)cc1)N1CCOCC1,-1.546542663478131,training
C=CCN1C[C@H](C)N([C@H](c2ccc(C(=O)N(CC)CC)cc2)c2cccc(OC)c2)C[C@H]1C,-0.1404032801666299,training
O=CN[C@@]12Cc3c([nH]c4ccccc34)[C@@H]3Oc4c(O)ccc5c4C31CCN(CC1CC1)C2C5,0.0506099933550872,training
CCCN1C2CCC1CC(=C(c1ccccc1)c1ccc(C(=O)N(CC)CC)cc1)C2,0.4089353929735008,valid
O=C(O)C[C@@H](NC(=O)c1cccc2c3c([nH]c12)[C@@H]1Oc2c(O)ccc4c2C12CCN(CC1CC1)C(C4)[C@]2(O)C3)C(=O)O,0.5606673061697374,training
CCN(CC)C(=O)c1ccc(C(=C2CC3CCC(C2)N3C)c2ccc(OC)cc2)cc1,-0.5440680443502757,training
CN1CCC23c4c5ccc(O)c4O[C@H]2c2c(c4ccccc4n2CCCF)C[C@@]3(O)C1C5,-0.424881636631067,training
NCCCC(=O)NCCCN(CCCNC(=O)[C@H](Cc1ccccc1)NC(=O)CNC(=O)CNC(=O)[C@@H](N)Cc1ccc(O)cc1)C(=O)CCCN,-3.9258275746247424,valid
CCN(CC)C(=O)c1ccc(N(c2ccccc2)C2C[C@@H]3CC[C@H](C2)N3)cc1,0.5228787452803376,valid
CC(C)[C@@H](CN1CC[C@@](C)(c2cccc(O)c2)[C@@H](C)C1)NC(=O)CCc1ccc(O)cc1,-2.6532125137753435,training
CCCN[C@@]12Cc3c([nH]c4ccccc34)[C@@H]3Oc4c(OC)ccc5c4C31CCN(CC1CC1)C2C5,-1.2787536009528289,test
Oc1ccc2c3c1O[C@H]1c4c(c5ccccc5n4CCF)C[C@@]4(O)C(C2)N(CC2CC2)CCC314,0.619788758288394,valid
CC[C@@H]1CN2CCc3c([nH]c4ccccc34)[C@@H]2C[C@@H]1/C(=C\OC)C(=O)OC,-3.4599997736502672,training
CCN(CC)C(=O)c1ccc(C(=C2CC3CCC(C2)N3)c2ccc(O)cc2)cc1,0.2365720064370627,training
C=C(C)CN(CC)C(=O)c1ccc(/C(=C2/C[C@@H]3CC[C@H](C2)N3CCc2ccccc2)c2ccccc2)cc1,-0.4683473304121572,training
COc1ccc2c3c1O[C@H]1c4[nH]c5ccccc5c4C[C@@]4(NCCCF)C(C2)N(CC2CC2)CCC314,-1.110589710299249,test
O=CN[C@@]12Cc3c(n(CCCF)c4ccccc34)[C@@H]3Oc4c(O)ccc5c4C31CCN(CC1CC1)C2C5,0.0861861476162833,training
COc1ccc2c3c1O[C@H]1c4[nH]c5ccccc5c4C[C@@]4(N)C(C2)N(CC2CC2)CCC314,-2.5809249756756194,training
CN1CCC23c4c5ccc(O)c4O[C@H]2c2c(c4ccccc4n2CCF)C[C@@]3(O)C1C5,-0.8088858673598122,test
CC[C@@H]1CN2CCc3c([nH]c4cccc(OC)c34)[C@@H]2C[C@@H]1/C(=C\OC)C(=O)OC,-1.7800291273373383,training
CCN(CC)C(=O)c1ccc(C(=C2CC3CCC(C2)N3CCc2ccc(F)cc2)c2ccccc2)cc1,-0.4183012913197454,training
CCN(CC)C(=O)c1ccc(C(=C2CC3CCC(C2)N3CCCc2ccccc2)c2ccccc2)cc1,0.2518119729937995,valid
CC(C)[C@H](NC(=O)[C@H](CC(=O)O)NC(=O)[C@H](Cc1cccnc1)NC(=O)[C@H](C)NC(=O)[C@@H](N)Cc1ccc(O)cc1)C(=O)N[C@H](C(=O)NCC(N)=O)C(C)C,-1.6963563887333322,test
CC(C)[C@H](NC(=O)[C@H](CC(=O)O)NC(=O)[C@H](Cc1c(F)c(F)c(F)c(F)c1F)NC(=O)[C@H](C)NC(=O)[C@@H](N)Cc1ccc(O)cc1)C(=O)N[C@H](C(=O)NCC(N)=O)C(C)C,-2.130333768495006,training
CC(C)[C@H](NC(=O)[C@H](CC(=O)O)NC(=O)[C@H](Cc1ccccc1)NC(=O)[C@@H](C)NC(=O)[C@@H](N)Cc1ccc(O)cc1)C(=O)N[C@H](C(=O)NCC(N)=O)C(C)C,-0.2380461031287954,training
CC(C)[C@H](NC(=O)[C@H](CC(=O)O)NC(=O)[C@H](Cc1c[nH]cn1)NC(=O)[C@H](C)NC(=O)[C@@H](N)Cc1ccc(O)cc1)C(=O)N[C@H](C(=O)NCC(N)=O)C(C)C,-2.501059262217752,training
CC(C)[C@H](NC(=O)[C@H](CC(=O)O)NC(=O)[C@H](Cc1ccccn1)NC(=O)[C@H](C)NC(=O)[C@@H](N)Cc1ccc(O)cc1)C(=O)N[C@H](C(=O)NCC(N)=O)C(C)C,-1.795184589682424,training
CC[C@H](C)[C@H](NC(=O)[C@H](CCCN=C(N)N)NC(=O)[C@H](CCCN=C(N)N)NC(=O)[C@H](CC(C)C)NC(=O)[C@H](Cc1ccccc1)NC(=O)[C@H]1CCCN1C(=O)CNC(=O)[C@@H](N)Cc1ccc(O)cc1)C(=O)N[C@@H](CCCN=C(N)N)C(=O)N1CCC[C@@H]1C(=O)N[C@@H](CCCCN)C(N)=O,-3.9444826721501687,valid
CC[C@H](C)[C@H](NC(=O)[C@H](CCCN=C(N)N)NC(=O)[C@H](CCCN=C(N)N)NC(=O)[C@H](CC(C)C)NC(=O)[C@H](Cc1ccccc1)NC(=O)[C@@H](C)NC(=O)CNC(=O)[C@@H](N)Cc1ccc(O)cc1)C(=O)N[C@@H](CCCN=C(N)N)C(=O)N1CCC[C@@H]1C(=O)N[C@@H](CCCCN)C(N)=O,-2.60959440922522,valid
CC(C)[C@H](NC(=O)[C@H](CC(=O)O)NC(=O)[C@H](Cc1cscn1)NC(=O)[C@H](C)NC(=O)[C@@H](N)Cc1ccc(O)cc1)C(=O)N[C@H](C(=O)NCC(N)=O)C(C)C,-1.59659709562646,training
CC(C)[C@H](NC(=O)[C@H](CC(=O)O)NC(=O)[C@H](Cc1ccc(F)cc1)NC(=O)[C@H](C)NC(=O)[C@@H](N)Cc1ccc(O)cc1)C(=O)N[C@H](C(=O)NCC(N)=O)C(C)C,-2.846955325019824,valid
CC(C)[C@H](NC(=O)[C@H](CC(=O)O)NC(=O)[C@H](Cc1cccs1)NC(=O)[C@H](C)NC(=O)[C@@H](N)Cc1ccc(O)cc1)C(=O)N[C@H](C(=O)NCC(N)=O)C(C)C,-0.1398790864012364,training
Cc1ccc(C[C@H](NC(=O)[C@H](C)NC(=O)[C@@H](N)Cc2ccc(O)cc2)C(=O)N[C@@H](CC(=O)O)C(=O)N[C@H](C(=O)N[C@H](C(=O)NCC(N)=O)C(C)C)C(C)C)cc1,-3.423245873936808,training
Oc1ccc2c3c1O[C@H]1c4ncc(-n5cccc5)cc4C[C@@]4(O)[C@@H](C2)N(CC2CC2)CC[C@]314,0.3979400086720376,training
COc1ccc2c(c1O)[C@]13CCN(C)C(C2)[C@@]12C/C(=C\c1ccccc1)[C@@H]3c1[nH]c3ccccc3c1C2,-1.2013971243204515,valid
COc1ccc2c(c1O)[C@]13CCN(C)C(C2)[C@]12CCC(=O)[C@H]3/C(=C/c1ccccc1)C2,-0.7403626894942439,test
CC(C)=CC[C@@]12Cc3c([nH]c4ccccc34)[C@]3(C)Oc4c(O)ccc5c4[C@@]31CCN(C)C2C5,-1.7109631189952756,training
C=C(C)CN1CCC23c4c5ccc(OC)c4O[C@H]2c2n[nH]cc2C[C@@]3(O)C1C5,-3.380211241711606,training
CC(=O)N[C@@H](Cc1ccc(O)cc1)C(=O)N[C@@H](CCCCN)C(=O)N[C@@H](Cc1c[nH]c2ccccc12)C(=O)N[C@@H](Cc1c[nH]c2ccccc12)C(N)=O,-3.5413295776666938,valid
C/C=C1\C[C@@]23Cc4c([nH]c5ccccc45)[C@@H]1[C@@]21CCN(C)C3Cc2ccc(OC)c(O)c21,-1.916453948549925,training
C=C(C)CN1CCC23c4c5ccc(O)c4O[C@H]2c2oc4ccccc4c2C[C@@]3(O)C1C5,-0.9138138523837168,training
C=C(C)CN1CCC23c4c5ccc(OC)c4O[C@H]2C(=O)/C(=C/c2ccccc2)C[C@@]3(O)C1C5,-3.531478917042255,training
C=C(C)CN1CCC23c4c5ccc(OC)c4O[C@H]2c2[nH]c4ccccc4c2C[C@@]3(O)C1C5,-2.6989700043360187,training
C=C(C)CN1CCC23c4c5ccc(OC)c4O[C@H]2c2ncc(-c4ccc(Cl)cc4)cc2C[C@@]3(O)C1C5,-2.4149733479708178,training
C=C(C)CN1CCC23c4c5ccc(OC)c4O[C@H]2c2oc4ccccc4c2C[C@@]3(O)C1C5,-1.6434526764861874,valid
COc1ccc2c(c1O)[C@]13CCN(C)C(C2)[C@@]12C/C(=C(/C)c1ccccc1)[C@@H]3c1[nH]c3ccccc3c1C2,-1.3654879848908996,test
C=C(C)CN1CCC23c4c5ccc(O)c4O[C@H]2C(=O)C2(Cc4ccccc4C2)C[C@@]3(O)C1C5,-1.6127838567197357,training
C=C(C)CN1CCC23c4c5ccc(O)c4O[C@H]2c2ncc(-c4ccc(Cl)cc4)cc2C[C@@]3(O)C1C5,-1.2041199826559248,training
CC(=O)N[C@@H](Cc1ccc(O)cc1)C(=O)N[C@@H](CCCCN)C(=O)N[C@@H](Cc1c[nH]c2ccccc12)C(=O)N[C@@H](Cc1c[nH]c2ccccc12)C(=O)N[C@@H](CC(C)C)C(=O)N[C@@H](CCCN=C(N)N)C(=O)N[C@@H](CCCN=C(N)N)C(=O)N[C@H](C)C(=O)N[C@@H](CCCN=C(N)N)C(=O)N1CCC[C@H]1C(=O)N[C@@H](CCCCN)C(N)=O,-3.725911632295048,test
C=C(C)CN1CCC23c4c5ccc(O)c4O[C@H]2c2n[nH]cc2C[C@@]3(O)C1C5,-1.6020599913279625,test
COc1ccc2c(c1O)[C@]13CCN(C)C(C2)[C@]12CCC(=O)[C@H]3/C(=C(\C)c1ccccc1)C2,-0.7528164311882715,training
C=C(C)CN1CCC23c4c5ccc(O)c4O[C@H]2c2[nH]c4ccccc4c2C[C@@]3(O)C1C5,-0.6720978579357175,training
C=C(C)CN1CCC23c4c5ccc(O)c4O[C@H]2C(=O)/C(=C/c2ccccc2)C[C@@]3(O)C1C5,-2.322219294733919,training
CN1CC[C@]23c4c5ccc(O)c4O[C@@]2(C)c2[nH]c4ccccc4c2C[C@@]3(C/C=C/c2ccccc2)C1C5,-1.0969100130080565,training
COc1ccc2c(c1O)[C@]13CCN(C)C(C2)[C@@]12CC(=C(C)C)[C@@H]3c1[nH]c3ccccc3c1C2,-2.012837224705172,training
CC(C)C[C@H](NC(=O)[C@H](Cc1ccccc1)NC(=O)CN1CN(C(=O)[C@@H](N)Cc2ccc(O)cc2)CC1=O)C(N)=O,-2.359835482339888,training
CNC(=O)[C@H](CC(C)C)NC(=O)[C@H](Cc1ccccc1)NC(=O)CNC(=O)CNC(=O)[C@@H](N)Cc1ccc(O)cc1,-1.977723605288848,valid
CNC(=O)[C@H](CC(C)C)N(C)C(=O)[C@H](Cc1ccccc1)NC(=O)CNC(=O)CNC(=O)[C@@H](N)Cc1ccc(O)cc1,-2.320146286111054,training
CC(C)C[C@@H](C(N)=O)N(C)C(=O)[C@H](Cc1ccccc1)NC(=O)CNC(=O)CNC(=O)[C@@H](N)Cc1ccc(O)cc1,-1.8260748027008264,training
CC(C)C[C@H](NC(=O)[C@H](Cc1ccccc1)N1CN(C(=O)CNC(=O)[C@@H](N)Cc2ccc(O)cc2)CC1=O)C(N)=O,-2.14921911265538,training
CC(C)C[C@H]1C(=O)NCN1C(=O)[C@H](Cc1ccccc1)NC(=O)CNC(=O)CNC(=O)[C@@H](N)Cc1ccc(O)cc1,-2.037426497940624,training
OC1(c2ccc(Cl)c(C(F)(F)F)c2)CCN(CC2CCCCCCC2)CC1,-3.9434450490250303,valid
OC1(c2ccc(Cl)c(C(F)(F)F)c2)CCN(C2Cc3ccccc3C2)CC1,-4.0,training
OC1(c2cccc(C(F)(F)F)c2)CCN(C2CCC3CCCCC3C2)CC1,-4.0,training
O=C(Oc1ccc2c(c1)[C@@]13CCCC[C@H]1[C@@H](C2)N(CC1CCC1)CC3)c1cccc(C(=O)Oc2ccc3c(c2)[C@@]24CCCC[C@H]2[C@@H](C3)N(CC2CCC2)CC4)c1,-2.963787827345555,valid
CC(C)C1CCC(N2CCC(O)(c3cccc(C(F)(F)F)c3)CC2)CC1,-3.7538893314598334,test
O=C(CCCCCCCCCCC(=O)Oc1ccc2c(c1)[C@@]13CCCC[C@H]1[C@@H](C2)N(CC1CCC1)CC3)Oc1ccc2c(c1)[C@@]13CCCC[C@H]1[C@@H](C2)N(CC1CCC1)CC3,-1.9138138523837167,training
O=C(/C=C/C(=O)Oc1ccc2c(c1)[C@@]13CCCC[C@H]1[C@@H](C2)N(CC1CCC1)CC3)Oc1ccc2c(c1)[C@@]13CCCC[C@H]1[C@@H](C2)N(CC1CCC1)CC3,-0.9731278535996988,training
CC(C)C1CCC(N2CCC(O)(c3ccc(Cl)c(C(F)(F)F)c3)CC2)CC1,-4.0,training
CCO[C@@]12Cc3c([nH]c4ccccc34)[C@]3(C)Oc4c(O)ccc5c4C13CCN(CC1CC1)[C@@H]2C5,0.0177287669604316,training
Oc1ccc2c(c1)[C@@]13CCCC[C@H]1[C@@H](C2)N(CCCN1CC[C@]24CCCC[C@H]2[C@H]1Cc1ccc(O)cc14)CC3,-2.7781512503836434,test
O=C(CCCCCCC(=O)Oc1ccc2c(c1)[C@@]13CCCC[C@H]1[C@@H](C2)N(CC1CCC1)CC3)Oc1ccc2c(c1)[C@@]13CCCC[C@H]1[C@@H](C2)N(CC1CCC1)CC3,-1.380211241711606,test
OC1(c2cccc(C(F)(F)F)c2)CCN(CCC(c2ccccc2)c2ccccc2)CC1,-3.972434276957365,training
c1cc2c(cc1OCCCCCCCCCCOc1ccc3c(c1)[C@@]14CCCC[C@H]1[C@@H](C3)N(CC1CCC1)CC4)[C@@]13CCCC[C@H]1[C@@H](C2)N(CC1CCC1)CC3,-3.397940008672037,test
O=C(CCCC(=O)Oc1ccc2c(c1)[C@@]13CCCC[C@H]1[C@@H](C2)N(CC1CCC1)CC3)Oc1ccc2c(c1)[C@@]13CCCC[C@H]1[C@@H](C2)N(CC1CCC1)CC3,-1.9030899869919435,training
CCO[C@@]12Cc3c(oc4ccccc34)[C@@H]3Oc4c(O)ccc5c4[C@@]31CCN(CC1CC1)[C@@H]2C5,0.0555173278498313,training
O=C(CCC(=O)Oc1ccc2c(c1)[C@@]13CCCC[C@H]1[C@@H](C2)N(CC1CC1)CC3)Oc1ccc2c(c1)[C@@]13CCCC[C@H]1[C@@H](C2)N(CC1CC1)CC3,-0.5797835966168101,training
COC(=O)CCCCCCCCC(=O)Oc1ccc2c(c1)[C@@]13CCCC[C@H]1[C@@H](C2)N(CC1CCC1)CC3,-1.6434526764861874,training
O=C(CCCCCCCCC(=O)Oc1ccc2c(c1)[C@@]13CCCC[C@H]1[C@@H](C2)N(CC1CC1)CC3)Oc1ccc2c(c1)[C@@]13CCCC[C@H]1[C@@H](C2)N(CC1CC1)CC3,-1.505149978319906,training
Oc1ccc2c(c1)[C@@]13CCCC[C@H]1[C@@H](C2)N(CCCCCCN1CC[C@]24CCCC[C@H]2[C@H]1Cc1ccc(O)cc14)CC3,-2.568201724066995,training
O=C(Oc1ccc2c(c1)[C@@]13CCCC[C@H]1[C@@H](C2)N(CC1CCC1)CC3)c1ccc(C(=O)Oc2ccc3c(c2)[C@@]24CCCC[C@H]2[C@@H](C3)N(CC2CCC2)CC4)cc1,-2.6020599913279625,valid
O=C(Oc1ccc2c(c1)[C@@]13CCCC[C@H]1[C@@H](C2)N(CC1CCC1)CC3)[C@H]1C[C@H]1C(=O)Oc1ccc2c(c1)[C@@]13CCCC[C@H]1[C@@H](C2)N(CC1CCC1)CC3,-1.2041199826559248,training
C=CCN1CC[C@]23c4c5ccc(O)c4O[C@H]2c2[nH]c4ccccc4c2C[C@@]3(OCC)[C@H]1C5,-0.0,training
c1cc2c(cc1OCCCCOc1ccc3c(c1)[C@@]14CCCC[C@H]1[C@@H](C3)N(CC1CCC1)CC4)[C@@]13CCCC[C@H]1[C@@H](C2)N(CC1CCC1)CC3,-2.863322860120456,training
O=C(CCCCCCCC(=O)Oc1ccc2c(c1)[C@@]13CCCC[C@H]1[C@@H](C2)N(CC1CCC1)CC3)Oc1ccc2c(c1)[C@@]13CCCC[C@H]1[C@@H](C2)N(CC1CCC1)CC3,-1.3222192947339193,training
CC(C)[C@@H](CN1CC[C@@](C)(c2cccc(O)c2)[C@@H](C)C1)NC(=O)[C@H]1Cc2ccccc2CN1,-3.037426497940624,training
O=C(/C=C/c1ccccc1)N[C@@H]1CC[C@@]2(O)[C@H]3Cc4ccc(O)c5c4[C@@]2(CCN3CC2CC2)[C@H]1O5,-0.4913616938342727,training
CC(C)[C@@H](CN1CC[C@@](C)(c2cccc(O)c2)[C@@H](C)C1)NC(=O)[C@H]1Cc2ccc(O)cc2CN1C,-2.071882007306125,training
COC(=O)/C=C/C(=O)N[C@@H]1CC[C@@]2(O)[C@H]3Cc4ccc(O)c5c4[C@@]2(CCN3CC2CC2)[C@H]1O5,-1.4437322414015967,training
Cc1ccc(/C=C/C(=O)N[C@@H]2CC[C@@]3(O)[C@H]4Cc5ccc(O)c6c5C3(CCN4CC3CC3)[C@H]2O6)cc1,-0.9822712330395684,training
O=C(/C=C/c1ccc([N+](=O)[O-])cc1)N[C@@H]1CC[C@@]2(O)[C@H]3Cc4ccc(O)c5c4C2(CCN3CC2CC2)[C@H]1O5,-0.7075701760979364,test
CC(C)[C@@H](CN1CC[C@@](C)(c2cccc(O)c2)[C@@H](C)C1)NC[C@H]1Cc2ccc(O)cc2CN1,-1.9222062774390165,valid
O=C(/C=C/c1ccc(Cl)cc1)N[C@@H]1CC[C@@]2(O)[C@H]3Cc4ccc(O)c5c4C2(CCN3CC2CC2)[C@H]1O5,-0.6989700043360189,valid
CC(C)[C@@H](CN1CC[C@@](C)(c2cccc(O)c2)[C@@H](C)C1)NC(=O)[C@H]1Cc2ccc(O)cc2CN1C(=O)CN(C)C,-2.2430380486862944,training
CCO[C@@]12CCC(=O)CC13CCN(CC1CC1)C2Cc1ccc(O)c(OC)c13,-1.3304137733491908,training
C=CCN1CCC23CC(=O)CC[C@@]2(OC)C1Cc1ccc(O)c(OC)c13,-1.4082399653118496,training
C[C@H]1C2CCCC1(c1cccc(O)c1)CCN2C,-2.8750612633917,test
COc1cccc2c1[C@]13CCN(CC4CC4)[C@H](C2)[C@]1(OC)CCC(=O)C3,-1.7860412102425542,training
COc1c(O)ccc2c1C13CCN(CC4CC4)C(C2)[C@]1(OC)CCC(=O)C3,-1.1398790864012365,training
CCCCOc1c(O)ccc2c1C13CCN(CC4CC4)C(C2)[C@]1(OC)CCC(=O)C3,-1.6232492903979006,training
O=C1/C(=C/c2ccc3ccccc3c2)C[C@@]2(O)[C@H]3Cc4ccc(O)c5c4C2(CCN3CC2CC2)[C@H]1O5,-1.591064607026499,training
CC(C)CN1CCC23c4c5ccc(O)c4O[C@H]2C(=O)/C(=C\c2ccc4ccccc4c2)C[C@@]3(O)[C@H]1C5,-1.2041199826559248,valid
COc1c(O)ccc2c1C13CCN(CC4CC4)C(C2)[C@]1(O)CCC(=O)C3,-2.523746466811565,training
Oc1ccc2c3c1O[C@H]1c4[nH]c5ccccc5c4C[C@H]4[C@@H](C2)N(CCc2ccccc2)CC[C@]314,-1.3404441148401185,training
CC1(C)SSC[C@@H](NC(=O)[C@@H](N)Cc2ccccc2)C(=O)N[C@@H](Cc2ccccc2)C(=O)N[C@@H]1C(=O)O,-1.6273658565927327,training
CCCC[C@@H](C(=O)N[C@@H](CC(=O)O)C(=O)N[C@@H](Cc1ccccc1)C(N)=O)N(C)C(=O)[C@H](Cc1c[nH]c2ccccc12)NC(=O)[C@H](CCC(=O)O)NC(=O)[C@H](Cc1ccccc1)NC(=O)[C@@H](N)Cc1ccc(O)cc1,-0.8325089127062363,training
Oc1ccc2c3c1O[C@H]1c4[nH]c5ccccc5c4C[C@H]4[C@@H](C2)N(C/C=C/c2ccccc2)CC[C@]314,-2.024074987307426,training
CCCC[C@H]1c2c([nH]c3ccccc23)[C@@H]2Oc3c(O)ccc4c3C23CCN(C)C(C4)C13,-1.662757831681574,training
CN1CC[C@]23c4c5ccc(O)c4O[C@H]2c2[nH]c4ccccc4c2C[C@H]3[C@H]1C5,-1.1760912590556811,training
C[C@H]1c2c([nH]c3ccccc23)[C@@H]2Oc3c(O)ccc4c3C23CCN(C)C(C4)C13,-1.6901960800285136,training
COc1ccc2c3c1O[C@H]1c4[nH]c5ccccc5c4CC4C(C2)N(C)CCC341,-2.462397997898956,training
Oc1ccc2c3c1O[C@H]1c4[nH]c5ccccc5c4C[C@H]4C(C2)NCC[C@]314,-2.9708116108725178,test
Oc1ccc2c3c1O[C@H]1c4[nH]c5ccccc5c4C[C@@]4(O)[C@@H](C2)N(CCc2ccccc2)CC[C@]314,-1.041392685158225,training
Oc1ccc2c3c1O[C@H]1c4[nH]c5ccccc5c4C[C@@]4(O)C(C2)NCC[C@]314,-1.041392685158225,valid
CC1(C)SCCSC[C@@H](NC(=O)[C@@H](N)Cc2ccccc2)C(=O)N[C@@H](Cc2ccccc2)C(=O)N[C@@H]1C(N)=O,-3.008600171761917,valid
COc1ccc2c3c1O[C@H]1c4[nH]c5ccccc5c4[C@H](C)C4C(C2)N(C)CCC341,-2.5185139398778875,training
C[C@H]1CN(CCc2ccccc2)CC[C@@]1(C)c1cccc(C(N)=O)c1,-1.8573324964312683,training
C[C@H]1CN(Cc2cccc(Cl)c2)CC[C@@]1(C)c1cccc(C(N)=O)c1,-1.7558748556724917,training
C[C@H]1CN(CCc2ccccc2)CC[C@@]1(C)c1cccc(CO)c1,-2.431363764158988,valid
CNC(=O)c1cccc([C@]2(C)CCN(CCc3ccccc3)C[C@@H]2C)c1,-3.0791812460476247,training
C[C@H]1CN(CCCc2ccccc2)CC[C@@]1(C)c1cccc(C(N)=O)c1,-1.863322860120456,training
CN(C(=O)Cc1ccc(Cl)c(Cl)c1)[C@@H]1CCCC[C@H]1N1CCCC1,-3.397940008672037,valid
CSc1ccc(CN2CC[C@@](C)(c3cccc(C(N)=O)c3)[C@@H](C)C2)cc1,-2.041392685158225,training
C[C@H]1CN(Cc2ccc3ccccc3n2)CC[C@@]1(C)c1cccc(C(N)=O)c1,-2.342422680822206,training
CC(CCN1CC[C@@](C)(c2cccc(C(N)=O)c2)[C@@H](C)C1)CC(C)(C)C,-1.146128035678238,training
CC(CCN1CC[C@@](C)(c2cccc(C(N)=O)c2)[C@@H](C)C1)c1ccccc1,-2.4913616938342726,training
C[C@H]1CN(CCc2ccccc2)CC[C@@]1(C)c1cccc(O)c1,-1.5185139398778875,training
NC(=O)N/N=C1/CC[C@@]2(O)C3Cc4ccc(O)c5c4C2(CCN3CC2CC2)[C@H]1O5,-0.568201724066995,training
CN1CNC2CCC3(C)CC2(Cc2ccc(O)cc23)C1,-2.9360107957152097,training
NC(=O)c1ccc2c(c1)[C@@]13CCCC[C@H]1[C@@H](C2=O)N(CC1CCC1)CC3,-1.6989700043360187,valid
O=C1c2ccc(O)cc2[C@@]23CCCC[C@H]2[C@@H]1N(CCCF)CC3,-2.838849090737255,training
CN1CC[C@]23CCCC[C@H]2[C@H]1C(=O)c1ccc(O)cc13,-3.0791812460476247,training
Cc1cc(O)cc(C)c1C[C@H](C)C(=O)N[C@@H](C)C(=O)NCC(=O)N[C@@H](Cc1ccccc1)C(=O)N[C@@H](CC(C)C)C(N)=O,-1.0681858617461617,test
CNCC12Cc3ccc(O)cc3C(C)(CCC1N)C2,-2.661812685537261,valid
NCc1ccc2c(c1)[C@@]13CCCC[C@H]1[C@@H](C2)N(CC1CCC1)CC3,-2.6127838567197355,training
CC(C)=CCN1CC[C@]23CCCC[C@H]2[C@H]1C(=O)c1ccc(O)cc13,-3.041392685158225,training
N#Cc1ccc2c(c1)[C@@]13CCCC[C@H]1[C@@H](C2)N(CC1CCC1)CC3,-3.278753600952829,training
NC(=O)c1ccc2c(c1)[C@@]13CCCC[C@H]1[C@@H](C2)N(CC1CC1)CC3,-0.0,training
Nc1ccc2c(c1)[C@@]13CCCC[C@H]1[C@@H](C2)N(CC1CCC1)CC3,-2.255272505103306,training
COc1ccc2c(c1)[C@@]13CCCC[C@H]1[C@H](NCC3)C2=O,-1.2041199826559248,training
CC[C@@H](C)[C@H](NC(=O)[C@H](CCCNC(=N)N)NC(=O)[C@H](CCCNC(=N)N)NC(=O)[C@H](CC(C)C)NC(=O)[C@H](Cc1ccccc1)NC(=O)CNC(=O)CNC(=O)[C@@H](N)Cc1ccc(O)cc1)C(=O)OC,-1.6989700043360187,training
C#CCN1CC[C@]23CCCC[C@H]2[C@H]1C(=O)c1ccc(O)cc13,-3.361727836017593,training
Nc1ccc2c(c1)[C@@]13CCCC[C@H]1[C@@H](C2)N(CC1CC1)CC3,-2.1760912590556813,training
O=C(O)c1ccc2c(c1)[C@@]13CCCC[C@H]1[C@@H](C2=O)N(CC1CCC1)CC3,-2.903089986991944,training
CN1CC[C@]23CCCC[C@H]2[C@H]1Cc1ccc(C(N)=O)cc13,-1.1139433523068367,training
CN1CC[C@]23CCCC[C@H]2[C@H]1Cc1ccc(N)cc13,-3.1760912590556813,training
CN1CC[C@]23CCCC[C@H]2[C@H]1Cc1ccc(CN)cc13,-3.397940008672037,test
NC(=O)c1ccc2c(c1)[C@@]13CCCC[C@H]1[C@@H](C2)N(CC1CCC1)CC3,-0.6020599913279624,training
O=C(Nc1ccc2c(c1)[C@@]13CCCC[C@H]1[C@@H](C2=O)N(CC1CCC1)CC3)c1ccccc1,-2.57978359661681,training
Cc1cc(O)cc(C)c1C[C@H](N)C(=O)N[C@@H](C)C(=O)NCC(=O)N[C@@H](Cc1ccccc1)C(=O)N[C@@H](CC(C)C)C(N)=O,0.4921441283041691,valid
O=C1c2ccc(O)cc2[C@@]23CCCC[C@H]2[C@@H]1N(CCc1ccccc1)CC3,-0.9867717342662448,training
Nc1ccc2c(c1)[C@@]13CCCC[C@H]1[C@@H](C2=O)N(CC1CCC1)CC3,-2.7781512503836434,training
O=C1c2ccc(-c3nn[nH]n3)cc2[C@@]23CCCC[C@H]2[C@@H]1N(CC1CCC1)CC3,-3.255272505103306,training
O=C1c2ccc(O)cc2[C@@]23CCCC[C@H]2[C@@H]1N(CC1CC1)CC3,-2.1760912590556813,training
CN(C)C1CCC2(C)CC1(C)Cc1ccc(O)cc12,-4.0,training
COc1cccc2c1[C@]13CCN(C)[C@H](C2)[C@]1(OC)CCC(=O)C3,-1.6646419755561257,training
CS[C@@H]1Cc2ccc(O)cc2C(C)(C)[C@@H]1N,-2.54282542695918,training
C[C@@H]1Cc2ccccc2[C@H](CN2CCCC2)N1C(=O)Cc1ccc(Cl)c(Cl)c1,-1.639486489268586,training
CNC(=O)c1ccc2c(c1)[C@@]1(C)CCN(CC3CC3)C(C2)[C@@H]1C,-1.7993405494535817,training
C[C@@H]1[C@@H]2Cc3ccc(O)cc3[C@@]1(C)CN2CC1CC1,-3.041392685158225,training
C[C@@]12CCCCS[C@@H](Cc3ccc(O)cc31)C2N,-2.6232492903979003,training
O=C(Cc1ccc(Cl)c(Cl)c1)N1CCc2ccccc2C1CN1CCCC1,-2.05307844348342,training
C[C@@H]1CN(C(=O)Cc2ccc(Cl)c(Cl)c2)[C@@H](CN2CCCC2)c2ccccc21,-2.198657086954422,valid
CC[C@@H]1Cc2ccc(O)cc2C(C)(C)[C@@H]1N,-3.6538875580709775,training
COC(=O)c1ccc2c(c1)[C@@]1(C)CCN(CC3CC3)C(C2)[C@@H]1C,-1.7708520116421442,training
CCC(=O)N(c1ccccc1)C1(C(=O)OC)CCN(CCc2ccccc2)CC1,-0.515873843711679,training
CCC(=O)N(c1ccccc1)[C@H]1CCN(CCc2ccccc2)C[C@H]1C,-1.888179493918325,training
C[C@H]1C2Cc3ccc(C#N)cc3[C@@]1(C)CCN2CC1CC1,-3.431363764158988,training
C[C@H]1C2Cc3ccc(C(=O)O)cc3[C@@]1(C)CCN2CC1CC1,-2.505149978319906,training
CCC(=O)N(c1ccccc1)C1(COC)CCN(CCc2ccccc2)CC1,-1.3617278360175928,training
CN1CCC2(c3cccc(O)c3)CCCC1[C@H]2O,-2.6232492903979003,training
Oc1ccc2c3c1O[C@H]1c4c(c(-c5ccccc5)cn4Cc4ccccc4)C[C@@]4(O)C(C2)N(CC2CC2)CC[C@]314,-1.136720567156407,training
O=C1NCN(c2ccccc2)C12CCN(C1CCc3c(Cl)cccc3C1)CC2,-2.6532125137753435,training
Cc1c(-c2ccccc2)c2c(n1Cc1ccccc1)[C@@H]1Oc3c(O)ccc4c3[C@@]13CCN(CC1CC1)C(C4)[C@]3(O)C2,-1.2380461031287957,training
O=C1NCN(c2ccccc2)C12CCN(C1CCc3ccc(Cl)cc3C1)CC2,-2.681241237375587,training
Cc1ccc(-c2cn(Cc3ccccc3)c3c2C[C@@]2(O)C4Cc5ccc(O)c6c5[C@@]2(CCN4CC2CC2)[C@H]3O6)cc1,-1.3710678622717365,training
O=C1NCN(c2cccc(Cl)c2)C12CCN(C1Cc3cccc4cccc1c34)CC2,-2.200001865406602,training
Cc1cccc2c1CCCC2N1CCC2(CC1)C(=O)NCN2c1ccccc1,-2.6627578316815743,training
O=C1NCN(c2ccccc2)C12CCN(C1CCc3cccc(Cl)c3C1)CC2,-3.14921911265538,training
O=C1NCN(c2ccccc2)C12CCN(C1CCc3ccccc3C1)CC2,-2.792391689498254,test
O=C1NCN(c2cccc(F)c2)C12CCN(C1Cc3cccc4cccc1c34)CC2,-2.200001865406602,training
Oc1ccc2c3c1O[C@H]1c4[nH]cc(-c5ccccc5)c4C[C@@]4(O)C(C2)N(CC2CC2)CC[C@]314,-0.4313637641589873,valid
CN1CN(c2ccccc2)C2(CCN(C3CCc4c(Cl)ccc(Cl)c4C3)CC2)C1=O,-2.4955443375464483,training
O=C1NCN(c2ccccc2)C12CCN(C1Cc3ccccc3C1)CC2,-2.8512583487190755,training
CCCN1CC[C@]23c4c5ccc(O)c4O[C@H]2c2c(c(-c4ccccc4)cn2Cc2ccccc2)C[C@@]3(O)C1C5,-1.3263358609287514,training
COCN1CN(c2ccccc2)C2(CCN(C3CCc4cccc(Cl)c4C3)CC2)C1=O,-2.380211241711606,training
COc1ccc2c(c1O)[C@]13CCN(CC4CC4)[C@H](C2)[C@@H]1Cc1c([nH]c2ccccc12)C3,-1.3443922736851108,training
O=C1N(Cc2ccccc2)CN(c2ccccc2)C12CCN(C1CCc3c(Cl)ccc(Cl)c3C1)CC2,-2.164352855784437,training
O=Cc1ccc(C(=O)Nc2cccc3c4c([nH]c23)C2Oc3c(O)ccc5c3[C@@]23CCN(CC2CC2)[C@H](C5)[C@]3(O)C4)cc1C=O,-0.2787536009528289,valid
O=C1NCN(c2ccccc2)C12CCN(C1CCc3cc(Cl)ccc3C1)CC2,-3.255272505103306,training
CC1(C)SSC[C@@H](NC(=O)[C@@H](N)Cc2ccc(O)cc2)C(=O)N[C@@H](Cc2ccccc2)C(=O)N[C@@H]1C(N)=O,-1.7611758131557314,training
O=C(CN1CN(c2ccccc2)C2(CCN(C3CCc4cccc(Cl)c4C3)CC2)C1=O)c1ccccc1,-2.7075701760979363,training
O=C1N(CCO)CN(c2ccccc2)C12CCN(C1CCc3cccc(Cl)c3C1)CC2,-2.45484486000851,training
COc1ccc2c3c1O[C@H]1c4c(c(-c5ccccc5)cn4Cc4ccccc4)C[C@@]4(O)C(C2)N(C)CC[C@]314,-2.507855871695831,test
O=C1NCN(c2ccccc2)C12CCN([C@@H]1CCCc3ccccc31)CC2,-2.724275869600789,training
CN1CC[C@]23c4c5ccc(O)c4O[C@H]2c2c(c(-c4ccccc4)cn2Cc2ccccc2)C[C@@]3(O)C1C5,-2.0644579892269186,training
Oc1ccc2c3c1O[C@H]1c4oc5ccccc5c4C[C@@]4(O)[C@@H](C2)N(CC2CC2)CC[C@]314,1.8860566476931635,training
CC(C)C[C@H](NC(=O)[C@H](CCCCN)NC(=O)[C@@H]1CCCN1C(=O)[C@H](CCCN=C(N)N)NC(=O)[C@H](N)CNC(=O)[C@H](CCCN=C(N)N)NC(=O)[C@H](CCCN=C(N)N)NC(=O)[C@H](CC(=O)O)NC(=O)[C@H](Cc1ccccc1)NC(=O)CNC(=O)CNC(=O)[C@@H](N)Cc1ccc(O)cc1)C(=O)N[C@@H](CCCCN)C(=O)O,-3.204119982655925,training
CC[C@H](C)[C@H](NC(=O)[C@H](CCCN=C(N)N)NC(=O)[C@H](CCCN=C(N)N)NC(=O)[C@H](CC(C)C)NC(=O)[C@H](Cc1ccccc1)NC(=O)[C@H](CC(=O)O)NC(=O)CNC(=O)[C@@H](N)Cc1ccc(O)cc1)C(=O)N[C@@H](CCCN=C(N)N)C(=O)N1CCC[C@H]1C(=O)N[C@@H](CCCCN)C(=O)N[C@@H](CC(C)C)C(=O)N[C@@H](CCCCN)C(=O)O,-2.633468455579586,training
CC(C)C[C@H](NC(=O)[C@H](CCCCN)NC(=O)[C@@H]1CCCN1C(=O)[C@H](CCCN=C(N)N)NC(=O)[C@H]1CCNC(=O)[C@H](CCCN=C(N)N)NC(=O)[C@@H](CCCN=C(N)N)NC(=O)[C@H](NC(=O)[C@H](Cc2ccccc2)NC(=O)CNC(=O)CNC(=O)[C@@H](N)Cc2ccc(O)cc2)CC(=O)N1)C(=O)N[C@@H](CCCCN)C(=O)O,-3.612783856719736,training
CC[C@H](C)[C@H](NC(=O)[C@H](CCCN=C(N)N)NC(=O)[C@H](CC(=O)O)NC(=O)[C@H](CC(C)C)NC(=O)[C@H](Cc1ccccc1)NC(=O)CNC(=O)CNC(=O)[C@@H](N)Cc1ccc(O)cc1)C(=O)N[C@@H](CCCN=C(N)N)C(=O)N1CCC[C@H]1C(=O)N[C@@H](CCCCN)C(=O)N[C@@H](CC(C)C)C(=O)N[C@@H](CCCCN)C(=O)O,-1.3424226808222062,training
CC1Oc2c(O)cccc2C12CCN(C)CC2,-3.3818367999983434,valid
CC[C@H](C)[C@H](NC(=O)[C@H](CCCN=C(N)N)NC(=O)[C@H]1CCCNC(=O)[C@H](CC(C)C)NC(=O)[C@@H](Cc2ccccc2)NC(=O)[C@@H](NC(=O)CNC(=O)[C@H](N)Cc2ccc(O)cc2)CC(=O)N1)C(=O)N[C@@H](CCCN=C(N)N)C(=O)N1CCC[C@H]1C(=O)N[C@@H](CCCCN)C(=O)N[C@@H](CC(C)C)C(=O)N[C@@H](CCCCN)C(=O)O,-2.505149978319906,training
CC[C@H](C)[C@H](NC(=O)[C@H](CCCN=C(N)N)NC(=O)[C@H](CCCN=C(N)N)NC(=O)[C@H](CC(=O)O)NC(=O)[C@H](Cc1ccccc1)NC(=O)CNC(=O)CNC(=O)[C@@H](N)Cc1ccc(O)cc1)C(=O)N[C@@H](CCCN=C(N)N)C(=O)N1CCC[C@H]1C(=O)N[C@@H](CCCCN)C(=O)N[C@@H](CC(C)C)C(=O)N[C@@H](CCCCN)C(=O)O,-3.113943352306837,test
CC[C@H](C)[C@H](NC(=O)[C@H](CCCN=C(N)N)NC(=O)[C@H](CC(=O)O)NC(=O)[C@H](CC(C)C)NC(=O)[C@H](Cc1ccccc1)NC(=O)CNC(=O)CNC(=O)[C@@H](N)Cc1ccc(O)cc1)C(=O)NC[C@@H](N)C(=O)N1CCC[C@H]1C(=O)N[C@@H](CCCCN)C(=O)N[C@@H](CC(C)C)C(=O)N[C@@H](CCCCN)C(=O)O,-0.9138138523837168,training
CCC1Oc2c(O)cccc2C12CCN(C)CC2,-2.930949031167523,training
CC(C)C[C@H](NC(=O)[C@H](CCCCN)NC(=O)[C@@H]1CCCN1C(=O)[C@H](CCCN=C(N)N)NC(=O)[C@H]1CNC(=O)[C@H](CCCN=C(N)N)NC(=O)[C@@H](CCCN=C(N)N)NC(=O)[C@H](NC(=O)[C@H](Cc2ccccc2)NC(=O)CNC(=O)CNC(=O)[C@@H](N)Cc2ccc(O)cc2)CC(=O)N1)C(=O)N[C@@H](CCCCN)C(=O)O,-3.5185139398778875,training
CC[C@H](C)[C@H]1NC(=O)[C@H](CCCN=C(N)N)NC(=O)[C@@H](NC(=O)[C@H](CC(C)C)NC(=O)[C@H](Cc2ccccc2)NC(=O)CNC(=O)CNC(=O)[C@@H](N)Cc2ccc(O)cc2)CC(=O)N[C@H](C(=O)N2CCC[C@H]2C(=O)N[C@@H](CCCCN)C(=O)N[C@@H](CC(C)C)C(=O)N[C@@H](CCCCN)C(=O)O)CCCNC1=O,-1.4471580313422192,training
CC[C@H](C)[C@H]1NC(=O)[C@H](CCCN=C(N)N)NC(=O)[C@@H](NC(=O)[C@H](CC(C)C)NC(=O)[C@H](Cc2ccccc2)NC(=O)CNC(=O)CNC(=O)[C@@H](N)Cc2ccc(O)cc2)CC(=O)N[C@H](C(=O)N2CCC[C@H]2C(=O)N[C@@H](CCCCN)C(=O)N[C@@H](CC(C)C)C(=O)N[C@@H](CCCCN)C(=O)O)CNC1=O,-1.6812412373755872,training
CC[C@H](C)[C@H](NC(=O)[C@H](CCCN=C(N)N)NC(=O)[C@H](C)CNC(=O)[C@H](CC(C)C)NC(=O)[C@H](Cc1ccccc1)NC(=O)[C@H](CC(=O)O)NC(=O)CNC(=O)[C@@H](N)Cc1ccc(O)cc1)C(=O)N[C@@H](CCCN=C(N)N)C(=O)N1CCC[C@H]1C(=O)N[C@@H](CCCCN)C(=O)N[C@@H](CC(C)C)C(=O)N[C@@H](CCCCN)C(=O)O,-3.113943352306837,training
CC[C@H](C)[C@H](NC(=O)[C@H](CCCN=C(N)N)NC(=O)[C@H]1CNC(=O)[C@H](CC(C)C)NC(=O)[C@@H](Cc2ccccc2)NC(=O)[C@@H](NC(=O)CNC(=O)[C@@H](N)Cc2ccc(O)cc2)CC(=O)N1)C(=O)N[C@@H](CCCN=C(N)N)C(=O)N1CCC[C@H]1C(=O)N[C@@H](CCCCN)C(=O)N[C@@H](CC(C)C)C(=O)N[C@@H](CCCCN)C(=O)O,-3.4471580313422194,valid
CC(C)C[C@H](NC(=O)[C@H](CCCCN)NC(=O)[C@@H]1CCCN1C(=O)[C@H](CCCN=C(N)N)NC(=O)[C@H]1CCCNC(=O)[C@H](CCCN=C(N)N)NC(=O)[C@@H](CCCN=C(N)N)NC(=O)[C@H](NC(=O)[C@H](Cc2ccccc2)NC(=O)CNC(=O)CNC(=O)[C@@H](N)Cc2ccc(O)cc2)CC(=O)N1)C(=O)N[C@@H](CCCCN)C(=O)O,-3.278753600952829,training
CC[C@H](C)[C@H](NC(=O)[C@H](CCCN=C(N)N)NC(=O)[C@H]1CCNC(=O)[C@H](CC(C)C)NC(=O)[C@@H](Cc2ccccc2)NC(=O)[C@@H](NC(=O)CNC(=O)[C@@H](N)Cc2ccc(O)cc2)CC(=O)N1)C(=O)N[C@@H](CCCN=C(N)N)C(=O)N1CCC[C@H]1C(=O)N[C@@H](CCCCN)C(=O)N[C@@H](CC(C)C)C(=O)N[C@@H](CCCCN)C(=O)O,-3.0,training
CC[C@H](C)[C@H]1NC(=O)[C@H](CCCN=C(N)N)NC(=O)[C@@H](NC(=O)[C@H](CC(C)C)NC(=O)[C@H](Cc2ccccc2)NC(=O)CNC(=O)CNC(=O)[C@@H](N)Cc2ccc(O)cc2)CC(=O)N[C@H](C(=O)N2CCC[C@H]2C(=O)N[C@@H](CCCCN)C(=O)N[C@@H](CC(C)C)C(=O)N[C@@H](CCCCN)C(=O)O)CCNC1=O,-2.255272505103306,training
C[C@H]1C2Cc3ccc(N(C)Cc4ccccc4)cc3[C@@]1(C)CCN2CC1CC1,-2.7558748556724915,training
CN1C[C@@H]2[C@H](C1)CN(c1ccccc1)C21CCN(C2CCCCCCCC2)CC1,-2.949999542859922,training
CC(C)[C@H]1CC[C@@H](N2CCC3(CC2)[C@@H]2CN(CC4CC4)C[C@@H]2CN3c2ccc(F)cc2)CC1,-3.030000281592104,training
C[C@H]1C2Cc3ccc(NCc4ccccc4)cc3[C@@]1(C)CCN2CC1CC1,-1.7442929831226763,test
CC(C)[C@H]1CC[C@@H](N2CCC3(CC2)[C@@H]2CN(Cc4ccccc4)C[C@@H]2CN3c2ccccc2)CC1,-2.959999600303207,training
CNc1ccc2c(c1)[C@@]1(C)CCN(CC3CC3)C(C2)[C@@H]1C,-2.672097857935717,training
CO[C@]12C=CC3(CC14CCC[C@H]4O)C1Cc4ccc(O)c5c4C3(CCN1CC1CC1)[C@@H]2O5,0.1611509092627447,valid
CN1C[C@@H]2[C@H](C1)CN(c1ccccc1)C21CCN(C2CCCCCCCCC2)CC1,-2.570005576761788,training
C[C@H]1C2Cc3ccc(N4CCN(C)CC4)cc3[C@@]1(C)CCN2CC1CC1,-2.397940008672037,training
C[C@H]1C2Cc3ccc(NCCc4ccccc4)cc3[C@@]1(C)CCN2CC1CC1,-2.204119982655925,training
CC(C)[C@H]1CC[C@@H](N2CCC3(CC2)[C@@H]2CN(c4ccccc4)C[C@@H]2CN3c2ccccc2)CC1,-2.340007617996673,valid
CC(C)[C@H]1CC[C@@H](N2CCC3(CC2)[C@@H]2CNC[C@@H]2CN3c2ccccc2)CC1,-3.2500001440812936,training
C[C@H]1C2Cc3ccc(N4CCOCC4)cc3[C@@]1(C)CCN2CC1CC1,-3.4471580313422194,training
CC(C)[C@H]1CC[C@@H](N2CCC3(CC2)[C@@H]2CN(CCN4CCOCC4)C[C@@H]2CN3c2ccccc2)CC1,-3.470000113802327,training
CO[C@]12C=CC3(CC14CCC(C)(C)[C@H]4O)C1Cc4ccc(O)c5c4C3(CCN1CC1CC1)[C@@H]2O5,-0.7339992865383869,training
CO[C@]12C=CC3(CC14CCC[C@H]4O)C1Cc4ccc(O)c5c4C3(CCN1C)[C@@H]2O5,-0.7419390777291989,test
CC(C)[C@H]1CC[C@@H](N2CCC3(CC2)[C@@H]2CN(CCO)C[C@@H]2CN3c2ccccc2)CC1,-2.969997998598342,training
C[C@H]1C2Cc3ccc(N4CCCC4)cc3[C@@]1(C)CCN2CC1CC1,-3.255272505103306,training
CN1C[C@@H]2[C@H](C1)CN(c1ccccc1)C21CCN([C@H]2CC[C@@H]3CCCC[C@@H]3C2)CC1,-3.0099987300480606,training
CCNc1ccc2c(c1)[C@@]1(C)CCN(CC3CC3)C(C2)[C@@H]1C,-1.2787536009528289,valid
CCCCN1C[C@@H]2[C@H](C1)CN(c1ccccc1)C21CCN([C@H]2CC[C@@H](C(C)C)CC2)CC1,-2.59000541965133,test
CC(C)Nc1ccc2c(c1)[C@@]1(C)CCN(CC3CC3)C(C2)[C@@H]1C,-2.6627578316815743,training
CO[C@]12C=CC3(CC14CCC(C)(C)[C@H]4O)C1Cc4ccc(O)c5c4C3(CCN1C)[C@@H]2O5,-0.927883410330707,training
C[C@@H](NC(=O)[C@@H](N)Cc1ccc(O)cc1)C(=O)NCC(=O)N[C@@H](Cc1cccc2ccccc12)C(=O)NNC(=O)[C@H](Cc1cccc2ccccc12)NC(=O)CNC(=O)[C@@H](C)NC(=O)[C@@H](N)Cc1ccc(O)cc1,-0.8061799739838872,test
C[C@@H](NC(=O)[C@@H](N)Cc1ccc(O)cc1)C(=O)NCC(=O)N[C@@H](Cc1c(F)c(F)c(F)c(F)c1F)C(=O)NNC(=O)[C@H](Cc1c(F)c(F)c(F)c(F)c1F)NC(=O)CNC(=O)[C@@H](C)NC(=O)[C@@H](N)Cc1ccc(O)cc1,-0.8920946026904804,training
C[C@@H](NC(=O)[C@@H](N)Cc1ccc(O)cc1)C(=O)NCC(=O)N[C@@H](Cc1ccc2ccccc2c1)C(=O)NNC(=O)[C@H](Cc1ccc2ccccc2c1)NC(=O)CNC(=O)[C@@H](C)NC(=O)[C@@H](N)Cc1ccc(O)cc1,-0.8692317197309762,training
CC(C)(C)NC(=O)NC[C@@H]1Cc2ccccc2CN1/C(S)=N/C[C@H]1CCCN1C(=O)c1ccccc1,-2.741151598851785,training
Oc1ccc2c(c1)C[C@@H]1[C@@H]3CCCCC23CCN1Cc1ccco1,-0.9294189257142929,valid
CC(C)(C)NC(=O)NC[C@@H]1Cc2ccccc2CN1C(=S)NC[C@H]1CCCN1,-2.2013971243204518,training
O=C(NC[C@@H]1Cc2ccccc2CN1/C(S)=N/C[C@H]1CCCN1Cc1ccc(O)cc1)Nc1ccccc1,-2.05307844348342,test
CC(C)(C)NC(=O)NC[C@@H]1Cc2ccccc2CN1/C(S)=N/C[C@H]1CCCN1C(=O)OC(C)(C)C,-2.5185139398778875,training
COCCN1CCC23CCCC[C@H]2[C@H]1Cc1cc(O)ccc13,0.2676062401770315,training
Oc1ccc2c(c1)C[C@@H]1[C@@H]3CCCCC23CCN1CCC(F)(F)F,-1.4313637641589874,training
COc1cccc(CN2CCC[C@@H]2C/N=C(\S)N2Cc3ccccc3C[C@H]2CNC(=O)Nc2ccccc2)c1O,-2.419955748489758,valid
Oc1ccc2c(c1)C[C@@H]1[C@@H]3CCCCC23CCN1CC1CCCCC1,-1.8388490907372552,training
COc1cccc(CN2CCC[C@@H]2C/N=C(\S)N2Cc3ccccc3C[C@H]2CNC(=O)Nc2ccccc2)c1OC,-2.05307844348342,training
CC(C)(C)NC(=O)NC[C@@H]1Cc2ccccc2CN1/C(S)=N/C[C@H]1CCCN1Cc1ccccc1,-2.7058637122839198,valid
Oc1ccc2c(c1)C[C@@H]1[C@@H]3CCCCC23CCN1CCC(O)c1ccccc1,-2.113943352306837,training
N#CCCCN1CCC23CCCC[C@H]2[C@H]1Cc1cc(O)ccc13,-0.4913616938342727,training
O=C(NC[C@@H]1Cc2ccccc2CN1C(=S)NC[C@H]1CCCN1)Nc1ccccc1,-2.74350976472843,training
CC(=O)N1CCC[C@@H]1C/N=C(\S)N1Cc2ccccc2C[C@H]1CNC(=O)NC(C)(C)C,-2.646403726223069,training
CC(C)CN1CCC23CCCC[C@H]2[C@H]1Cc1cc(O)ccc13,-0.7481880270062005,training
O=C(CCN1CCC23CCCC[C@H]2[C@H]1Cc1cc(O)ccc13)c1ccccc1,-1.3617278360175928,training
CCOCCN1CCC23CCCC[C@H]2[C@H]1Cc1cc(O)ccc13,-0.7481880270062005,training
C=CCN1CCC23CCCC[C@H]2[C@H]1Cc1cc(O)ccc13,-0.6127838567197355,training
O=C(CCN1CCC23CCCC[C@H]2[C@H]1Cc1cc(O)ccc13)c1ccco1,-1.6232492903979006,training
Oc1ccc2c(c1)C[C@@H]1[C@@H]3CCCCC23CCN1CCC(O)c1ccco1,-1.462397997898956,training
Oc1ccc2c(c1)C[C@@H]1[C@@H]3CCCCC23CCN1CCCF,0.0705810742857072,test
CC(C)(C)NC(=O)NC[C@@H]1Cc2ccccc2CN1C(=O)NC[C@H]1CCCO1,-2.812244696800369,training
O=C(NC[C@@H]1Cc2ccccc2CN1C(=S)NC[C@H]1CCCN1Cc1ccccc1)Nc1ccccc1,-2.311753861055754,test
Oc1ccc2c(c1)C[C@@H]1[C@@H]3CCCCC23CCN1CCC(O)c1cccs1,-2.041392685158225,training
Cc1cc(O)cc(C)c1C(NC(=O)C1Cc2ccccc2CN1)C(=O)O,-0.255272505103306,training
Oc1ccc2c(c1)C[C@@H]1[C@@H]3CCCCC23CCN1CCc1ccccc1,-0.4913616938342727,training
O=C(CCN1CCC23CCCC[C@H]2[C@H]1Cc1cc(O)ccc13)c1cccs1,-1.0,training
Oc1ccc2c(c1)C[C@@H]1[C@@H]3CCCCC23CCN1Cc1ccccc1,-2.6232492903979003,valid
O=C(NC[C@@H]1Cc2ccccc2CN1/C(S)=N/C[C@H]1CCCN1Cc1cccc(O)c1)Nc1ccccc1,-2.146128035678238,training
Oc1ccc2c(c1)C[C@@H]1[C@@H]3CCCCC23CCN1CCOc1ccccc1,-1.5185139398778875,training
COc1ccccc1CN1CCC[C@@H]1C/N=C(\S)N1Cc2ccccc2C[C@H]1CNC(=O)Nc1ccccc1,-2.7067177823367587,training
C#CCN1CC[C@]23CCCC[C@H]2[C@H]1Cc1ccc(O)cc13,0.2076083105017461,training
COc1cc(O)ccc1CN1CCC[C@@H]1C/N=C(\S)N1Cc2ccccc2C[C@H]1CNC(=O)Nc1ccccc1,-2.103803720955957,training
Oc1ccc2c(c1)C[C@@H]1[C@@H]3CCCCC23CCN1CC1CCCC1,-0.8388490907372553,training
Oc1ccc2c(c1)C[C@@H]1[C@@H]3CCCCC23CCN1Cc1cccs1,-1.7075701760979365,valid
N#CCCN1CCC23CCCC[C@H]2[C@H]1Cc1cc(O)ccc13,-0.414973347970818,training
C[C@H]1C2Cc3ccc(Nc4ccncc4)cc3[C@@]1(C)CCN2CC1CC1,-2.380211241711606,valid
C[C@H]1C2Cc3ccc(Nc4cccnc4)cc3[C@@]1(C)CCN2CC1CC1,-1.3222192947339193,training
CC[C@@]12CCN(CC3CC3)C(C(=O)c3ccc(Nc4ccccc4)cc31)[C@@H]2C,-1.568201724066995,training
COc1ccc(CNc2ccc3c(c2)[C@@]2(C)CCN(CC4CC4)C(C3)[C@@H]2C)cc1,-1.9030899869919435,training
C[C@H]1C2Cc3cc4c(cc3[C@@]1(C)CCN2CC1CC1)[nH]c1ccccc14,-2.230448921378274,valid
C[C@H]1C2Cc3ccc(N=C(c4ccccc4)c4ccccc4)cc3[C@@]1(C)CCN2CC1CC1,-2.342422680822206,test
C[C@H]1[C@H]2Cc3ccc(N)cc3[C@@]1(C)CCN2C[C@@H]1CCCO1,-2.568201724066995,training
C[C@H]1[C@H]2Cc3ccc(Nc4ccccc4)cc3[C@@]1(C)CCN2C[C@@H]1CCCO1,-1.5440680443502757,training
COc1ccc(Nc2ccc3c(c2)[C@@]2(C)CCN(CC4CC4)C(C3)[C@@H]2C)cc1,-0.919078092376074,valid
C[C@H]1C2Cc3ccc(Nc4ccc(C(F)(F)F)cc4)cc3[C@@]1(C)CCN2CC1CC1,-2.255272505103306,training
C[C@H]1C2C(=O)c3ccc(O)cc3[C@@]1(C)CCN2CC1CC1,-1.3010299956639813,training
COc1cccc(Nc2ccc3c(c2)[C@@]2(C)CCN(CC4CC4)C(C3)[C@@H]2C)c1,-1.1139433523068367,training
C[C@H]1C2Cc3ccc(Nc4ccccn4)cc3[C@@]1(C)CCN2CC1CC1,-1.041392685158225,training
C[C@H]1[C@H]2Cc3ccc(O)cc3[C@@]1(C)CCN2C[C@@H]1CCCO1,-0.3979400086720376,training
Cc1ccc(Nc2ccc3c(c2)[C@@]2(C)CCN(CC4CC4)C(C3)[C@@H]2C)cc1,-0.7923916894982539,test
C[C@H]1C2Cc3ccc(Nc4ccc(N(C)C)cc4)cc3[C@@]1(C)CCN2CC1CC1,-1.8750612633917,training
C[C@H]1C2Cc3ccc(N4CCCCC4)cc3[C@@]1(C)CCN2CC1CC1,-3.5563025007672877,training
C[C@H]1C2Cc3ccc(Nc4ccc(Cl)cc4)cc3[C@@]1(C)CCN2CC1CC1,-1.414973347970818,training
C[C@H]1C2Cc3ccc(NCc4ccc(Cl)cc4)cc3[C@@]1(C)CCN2CC1CC1,-2.0,test
C[C@H]1C2Cc3cc4cc[nH]c4cc3[C@@]1(C)CCN2CC1CC1,-2.397940008672037,training
COc1ccccc1Nc1ccc2c(c1)[C@@]1(C)CCN(CC3CC3)C(C2)[C@@H]1C,-1.9912260756924949,training
C[C@H]1C2Cc3ccc(Nc4ccc(C(C)(C)C)cc4)cc3[C@@]1(C)CCN2CC1CC1,-1.7853298350107671,training
C[C@H]1C2Cc3ccc(Nc4ccc(Cl)c(Cl)c4)cc3[C@@]1(C)CCN2CC1CC1,-1.462397997898956,training
C[C@H]1C2C(=O)c3ccc(N)cc3[C@@]1(C)CCN2CC1CC1,-1.462397997898956,training
Oc1nc2ccccc2n1[C@@H]1CCN2[C@H](c3ccccc3)CCC[C@@H]2C1,-3.2355284469075487,training
CC(=O)C(N)CCC[C@@H](NC(=O)[C@H](Cc1ccccc1)NC(=O)[C@H](Cc1ccccc1)NC(=O)[C@@H]1Cc2ccccc2CN1C(=O)[C@@H](N)Cc1ccc(O)cc1)C(=O)O,-1.276461804173244,training
N[C@@H](Cc1ccc(O)cc1)C(=O)N1Cc2ccccc2C[C@H]1C(=O)N[C@@H](Cc1ccccc1)C(=O)O,-2.170261715394957,training
Oc1nc2ccccc2n1[C@@H]1CCN2[C@H](C3CCCCC3)CCC[C@@H]2C1,-3.317018101048112,training
O=C1[C@@H]2Oc3c(O)ccc4c3[C@@]23CCN(CC2CC2)[C@H](C4)[C@]3(O)CC12Cc1ccccc1C2,0.6020599913279624,training
O=C1C(c2ccc(Cl)c(Cl)c2)CC=CCN1C(CN1CCCC1)c1ccccc1,-2.568201724066995,training
O=C1C(c2ccc(C(F)(F)F)cc2)CC=CCN1C(CN1CCCC1)c1ccccc1,-3.0,training
CN(C)C1CCc2ccc(O)cc2C1(C)C,-3.603144372620182,test
CCCN(C)C1CCc2ccc(O)cc2C1(C)C,-3.3201462861110542,valid
CCCN(CCC)C1CCc2ccc(O)cc2C1(C)C,-3.4345689040341987,training
CC1(C)c2cc(O)ccc2CCC1NCC1CC1,-3.583198773968623,training
CN(CC1CC1)C1CCc2ccc(O)cc2C1(C)C,-2.77887447200274,training
CC1(C)c2cc(O)ccc2CCC1N(CC1CC1)CC1CC1,-3.7611758131557314,training
C=CCNC1CCc2ccc(O)cc2C1(C)C,-3.765668554759014,training
C=CCN(C)C1CCc2ccc(O)cc2C1(C)C,-3.346352974450639,valid
C=CCN(CC=C)C1CCc2ccc(O)cc2C1(C)C,-2.8273692730538253,valid
CC1(C)c2cc(O)ccc2CCC1NC/C=C/c1ccccc1,-2.673941998634088,training
CN(C/C=C/c1ccccc1)C1CCc2ccc(O)cc2C1(C)C,-2.7715874808812555,training
CO[C@H]1Cc2ccc(O)cc2C(C)(C)[C@@H]1NC/C=C/c1ccccc1,-1.3502480183341627,valid
COC(=O)[C@@H]1C[C@H](OC(C)=O)C(=O)[C@H]2[C@@]1(C)CC[C@H]1C(=O)O[C@H](c3ccoc3)C[C@]21C,-3.762678563727436,valid
CCC(=O)O[C@H]1C[C@@H](C(=O)OC)[C@]2(C)CC[C@H]3C(=O)O[C@H](c4ccoc4)C[C@]3(C)[C@H]2C1=O,-3.8254261177678233,training
COC(=O)[C@@H]1C[C@H](OC(=O)c2ccccc2)C(=O)[C@H]2[C@@]1(C)CC[C@H]1C(=O)O[C@H](c3ccoc3)C[C@]21C,-3.0681858617461617,training
COC(=O)[C@@H]1C[C@H](OC(=O)c2cccnc2)C(=O)[C@H]2[C@@]1(C)CC[C@H]1C(=O)O[C@H](c3ccoc3)C[C@]21C,-3.6830470382388496,training
COC(=O)[C@@H]1C[C@H](OC(=N)C(Cl)(Cl)Cl)C(=O)[C@H]2[C@@]1(C)CC[C@H]1C(=O)O[C@H](c3ccoc3)C[C@]21C,-3.810904280668701,test
COC(=O)[C@@H]1C[C@H](OC(=O)Nc2ccccc2)C(=O)[C@H]2[C@@]1(C)CC[C@H]1C(=O)O[C@H](c3ccoc3)C[C@]21C,-2.361727836017593,training
C=CCNC(=O)O[C@H]1C[C@@H](C(=O)OC)[C@]2(C)CC[C@H]3C(=O)O[C@H](c4ccoc4)C[C@]3(C)[C@H]2C1=O,-3.810232517995084,training
CNC(=O)NCc1ccc(CC(=O)N(C)[C@H](CN2CCCC2)c2ccccc2)cc1,-3.113943352306837,training
CCS(=O)(=O)NCc1ccc(CC(=O)N(C)[C@H](CN2CC[C@H](O)C2)c2ccccc2)cc1,-2.710117365111816,training
CN(C(=O)Cc1ccc(CNS(=O)(=O)Cc2ccccc2)cc1)[C@H](CN1CC[C@H](O)C1)c1ccccc1,-2.2380461031287955,training
CC(C)S(=O)(=O)NCc1ccc(CC(=O)N(C)[C@H](CN2CC[C@H](O)C2)c2ccccc2)cc1,-2.672097857935717,valid
CN(C(=O)Cc1ccccc1CNS(C)(=O)=O)[C@H](CN1CCCC1)c1ccccc1,-2.9532763366673045,training
CN(C(=O)Cc1ccc(CNS(=O)(=O)Cc2cccs2)cc1)[C@H](CN1CC[C@H](O)C1)c1ccccc1,-1.740362689494244,valid
CN(C(=O)Cc1cccc(CNS(C)(=O)=O)c1)[C@H](CN1CCCC1)c1ccccc1,-3.1760912590556813,training
CCCS(=O)(=O)NCc1ccc(CC(=O)N(C)[C@H](CN2CC[C@H](O)C2)c2ccccc2)cc1,-2.093421685162235,training
CN(C(=O)Cc1ccc(NS(C)(=O)=O)cc1)[C@H](CN1CC[C@H](O)C1)c1ccccc1,-2.2479732663618064,training
CN(C(=O)Cc1ccc(CCNS(C)(=O)=O)cc1)[C@H](CN1CC[C@H](O)C1)c1ccccc1,-2.0293837776852097,training
CN(C(=O)Cc1ccc(CNS(C)(=O)=O)cc1)[C@H](CN1CCCC1)c1ccccc1,-3.051152522447381,test
CCCCS(=O)(=O)NCc1ccc(CC(=O)N(C)[C@H](CN2CC[C@H](O)C2)c2ccccc2)cc1,-2.2227164711475837,training
CN(C(=O)Cc1ccc(CNS(=O)(=O)c2ccccc2)cc1)[C@H](CN1CC[C@H](O)C1)c1ccccc1,-1.919078092376074,training
CN(C(=O)Cc1ccc(CCCNS(C)(=O)=O)cc1)[C@H](CN1CC[C@H](O)C1)c1ccccc1,-2.376576957056512,training
CN(C(=O)Cc1ccc(CNS(=O)(=O)c2ccc(F)cc2)cc1)[C@H](CN1CC[C@H](O)C1)c1ccccc1,-1.7993405494535817,test
CN(C(=O)Cc1ccc2c(c1)CN(S(C)(=O)=O)C2)[C@H](CN1CCCC1)c1ccccc1,-3.1749315935284423,training
CN(C(=O)Cc1ccc(CNS(C)(=O)=O)cc1)[C@H](CN1CC[C@H](O)C1)c1ccccc1,-2.2227164711475837,training
CC(=O)NCc1ccccc1CC(=O)N(C)[C@H](CN1CCCC1)c1ccccc1,-2.9542425094393248,training
Cc1ccc(S(=O)(=O)NCc2ccc(CC(=O)N(C)[C@H](CN3CC[C@H](O)C3)c3ccccc3)cc2)cc1,-1.4313637641589874,training
NC(=O)c1ccc2c(c1O)[C@]13CCN(CC4CC4)[C@H](C2)[C@]1(O)CCC(=O)C3,-0.414973347970818,training
COc1c(C(N)=O)ccc2c1[C@]13CCN(CC4CC4)[C@H](C2)[C@]1(O)CCC(=O)C3,-2.681241237375587,valid
O=C1CC[C@@]2(O)[C@H]3Cc4ccc(O)c(O)c4[C@@]2(CCN3CC2CC2)C1,-2.113943352306837,training
NC(=O)c1ccc2c(c1O)[C@]13CCN(CC4CCC4)[C@H](C2)[C@]1(O)CCC(=O)C3,-0.6232492903979004,training
Cn1c(N2CCC(c3ccccc3)(c3nccn3Cc3ccccc3)CC2)nc2ccccc21,-2.1398790864012365,training
c1ccc(Cn2ccnc2C2(c3ccccc3)CCN(c3nc4ccccc4s3)CC2)cc1,-1.863322860120456,training
c1ccc(Cn2ccnc2C2(c3ccccc3)CCN(c3nccs3)CC2)cc1,-1.8976270912904412,training
c1ccc(Cn2ccnc2C2(c3ccccc3)CCN(c3ncccn3)CC2)cc1,-1.255272505103306,training
O=S(=O)(Nc1ccccc1)N1CCC(c2ccccc2)(c2nccn2Cc2ccccc2)CC1,-0.505149978319906,training
NS(=O)(=O)N1CCC(c2ccccc2)(c2nccn2Cc2ccccc2)CC1,-2.0253058652647704,training
CS(=O)(=O)N1CCC(c2ccccc2)(c2nccn2Cc2ccccc2)CC1,-1.662757831681574,test
COc1ccc(NC(=O)N2CCC(c3ccccc3)(c3nccn3Cc3ccccc3)CC2)cc1,-1.6434526764861874,training
COc1cccc(NC(=O)N2CCC(c3ccccc3)(c3nccn3Cc3ccccc3)CC2)c1,-1.662757831681574,valid
COc1ccccc1NC(=O)N1CCC(c2ccccc2)(c2nccn2Cc2ccccc2)CC1,-1.4913616938342726,training
O=C(Nc1ccc(F)cc1)N1CCC(c2ccccc2)(c2nccn2Cc2ccccc2)CC1,-1.9867717342662448,training
O=C(Nc1cccc(F)c1)N1CCC(c2ccccc2)(c2nccn2Cc2ccccc2)CC1,-1.462397997898956,training
O=C(Nc1ccccc1F)N1CCC(c2ccccc2)(c2nccn2Cc2ccccc2)CC1,-1.462397997898956,training
CN1CCN(C(=O)N2CCC(c3ccccc3)(c3nccn3Cc3ccccc3)CC2)CC1,-2.206825876031849,training
CCNC(=O)N1CCC(c2ccccc2)(c2nccn2Cc2ccccc2)CC1,-1.591064607026499,test
NC(=O)N1CCC(c2ccccc2)(c2nccn2Cc2ccccc2)CC1,-1.99563519459755,valid
CN(C(=O)N1CCC(c2ccccc2)(c2nccn2Cc2ccccc2)CC1)c1ccccc1,-0.9542425094393248,training
O=C(Nc1ccccc1)N1CCC(c2ccccc2)(c2nccn2C(=O)c2ccccc2)CC1,-3.567731962548069,training
CC(c1ccccc1)n1ccnc1C1(c2ccccc2)CCN(C(=O)Nc2ccccc2)CC1,-1.6334684555795866,training
O=C(Nc1ccccc1)N1CCC(c2ccccc2)(c2nccn2Cc2ccccn2)CC1,-3.4877038631637265,training
COc1cccc(Cn2ccnc2C2(c3ccccc3)CCN(C(=O)Nc3ccccc3)CC2)c1,-2.3364597338485296,test
O=C(Nc1ccccc1)N1CCC(c2ccccc2)(c2nccn2Cc2ccc(F)cc2)CC1,-2.307496037913213,training
O=C(Nc1ccccc1)N1CCC(c2ccccc2)(c2nccn2Cc2cccc(F)c2)CC1,-2.1072099696478683,training
O=C(Nc1ccccc1)N1CCC(c2ccccc2)(c2nccn2Cc2ccccc2F)CC1,-1.8573324964312683,training
O=C(Nc1ccccc1)N1CCC(c2ccccc2)(c2nccn2Cc2ccccc2)CC1,-1.9084850188786495,test
O=C(/C=C/C(=O)Nc1ccc2c(c1)[C@@]13CCCCC1[C@@H](C2)N(CC1CCC1)CC3)Nc1ccc2c(c1)[C@@]13CCCCC1[C@@H](C2)N(CC1CCC1)CC3,-2.204119982655925,training
O=C(CCCCCCCCC(=O)Nc1ccc2c(c1)[C@@]13CCCCC1[C@@H](C2)N(CC1CCC1)CC3)Nc1ccc2c(c1)[C@@]13CCCCC1[C@@H](C2)N(CC1CCC1)CC3,-1.57978359661681,training
O=C(CCCCCCCCC(=O)Oc1ccc2c(c1)[C@@]13CCCCC1[C@@H](C2)N(CC1CCC1)CC3)Nc1ccc2c(c1)[C@@]13CCCCC1[C@@H](C2)N(CC1CCC1)CC3,-1.0791812460476249,training
O=C(CCCCCCCCC(=O)Oc1ccc2c(c1)[C@@]13CCCCC1[C@@H](C2)N(CC1CCC1)CC3)Oc1ccccc1,-1.041392685158225,training
CN1CC[C@]23c4c5ccc(OC(=O)CCCCCCCCC(=O)Oc6ccc7c(c6)[C@@]68CCCCC6[C@@H](C7)N(CC6CCC6)CC8)c4O[C@H]2[C@@H](O)C=C[C@H]3[C@H]1C5,-0.5910646070264992,valid
O=C(CCCCCCCCC(=O)Oc1ccc2c(c1)[C@@]13CCCCC1[C@@H](C2)N(CC1CC1)CC3)Oc1ccc2c(c1)[C@@]13CCCCC1[C@@H](C2)N(CC1CCC1)CC3,-0.6434526764861874,training
O=C(/C=C/C=C/C(=O)Oc1ccc2c(c1)[C@@]13CCCCC1[C@@H](C2)N(CC1CCC1)CC3)Oc1ccc2c(c1)[C@@]13CCCCC1[C@@H](C2)N(CC1CCC1)CC3,-1.4471580313422192,training
C#CCN1CC[C@]23CCCCC2[C@H]1Cc1ccc(OC(=O)CCCCCCCCC(=O)Oc2ccc4c(c2)[C@@]25CCCCC2[C@@H](C4)N(CC#C)CC5)cc13,-2.278753600952829,training
O=C(CCCCCCCCC(=O)Oc1ccc2c(c1)[C@@]13CCCCC1[C@@H](C2)N(C[C@@H]1CCCO1)CC3)Oc1ccc2c(c1)[C@@]13CCCCC1[C@@H](C2)N(C[C@@H]1CCCO1)CC3,-0.919078092376074,training
Oc1ccc2c(c1)[C@@]13CCCCC1[C@@H](C2)N(C[C@@H]1CCCO1)CC3,0.5686362358410126,training
CCCCCCCN1C[C@H](C)[C@](C)(c2cccc(O)c2)C[C@H]1CCC,-1.9030899869919435,valid
CCCCCCN1C[C@H](C)[C@](C)(c2cccc(O)c2)C[C@H]1CCC,-2.531478917042255,valid
CCC[C@@H]1C[C@@](C)(c2cccc(O)c2)[C@@H](C)CN1CCCc1ccccc1,-2.255272505103306,training
CCC[C@@H]1C[C@@](C)(c2cccc(O)c2)[C@@H](C)CN1Cc1ccccc1,-2.9444826721501687,training
C[C@H]1CN(CCc2ccccc2)[C@H](CCCc2ccccc2)C[C@@]1(C)c1cccc(O)c1,-2.505149978319906,training
C[C@H]1CN(CCc2ccccc2)[C@H](CCc2ccccc2)C[C@@]1(C)c1cccc(O)c1,-2.785329835010767,valid
C[C@H]1CN(CCc2ccccc2)[C@H](Cc2ccccc2)C[C@@]1(C)c1cccc(O)c1,-2.903089986991944,training
C[C@H]1CN(CCc2ccccc2)[C@H](c2ccccc2)C[C@@]1(C)c1cccc(O)c1,-2.4149733479708178,training
C[C@H]1CN(CCc2ccccc2)[C@H](CCNC(=O)c2ccccc2)C[C@@]1(C)c1cccc(O)c1,-2.8512583487190755,training
CCCC[C@@H]1C[C@@](C)(c2cccc(O)c2)[C@@H](C)CN1CCc1ccccc1,-2.7634279935629373,training
CCC[C@@H]1C[C@@](C)(c2cccc(O)c2)[C@@H](C)CN1CCc1ccccc1,-2.0791812460476247,training
CC[C@@H]1C[C@@](C)(c2cccc(O)c2)[C@@H](C)CN1CCc1ccccc1,-2.832508912706236,training
C[C@@H]1C[C@@](C)(c2cccc(O)c2)[C@@H](C)CN1CCc1ccccc1,-1.8129133566428557,training
CCCC[C@@H](C(=O)N[C@@H](Cc1cn(C(C)=O)c2ccccc12)C(=O)O)N(C(=O)Nc1ccccc1Cl)C(=O)[C@H](CC(=O)O)NC(=O)[C@H](Cc1ccccc1)N(C)N[C@@H](Cc1ccccc1)C(=O)NCC(=O)N[C@H](C)C(=O)N[C@@H](Cc1ccc(O)cc1)C(=O)O,0.3187587626244128,training
CCCC[C@H](NC(=O)[C@H](CC(=O)O)NC(=O)[C@H](Cc1ccccc1)N(C)N[C@@H](Cc1ccccc1)C(=O)NCC(=O)N[C@H](C)C(=O)N[C@@H](Cc1ccc(O)cc1)C(=O)O)C(=O)N[C@@H](Cc1cn(C(C)=O)c2ccccc12)C(=O)O,-0.7160033436347992,training
CCCC[C@@H](C(=O)N[C@H](Cc1cn(C(=O)OC(C)(C)C)c2ccccc12)C(=O)O)N(C)C(=O)[C@H](CC(=O)O)NC(=O)[C@H](Cc1ccccc1)NN[C@@H](Cc1ccccc1)C(=O)NCC(=O)N[C@H](C)C(=O)N[C@@H](Cc1ccc(O)cc1)C(=O)O,0.0861861476162833,training
CCCC[C@H](NC(=O)[C@H](CC(=O)O)NC(=O)[C@H](Cc1ccccc1)NN[C@@H](Cc1ccccc1)C(=O)NCC(=O)N[C@H](C)C(=O)N[C@@H](Cc1ccc(O)cc1)C(=O)O)C(=O)N[C@@H](Cc1cn(C(C)=O)c2ccccc12)C(=O)O,-1.3617278360175928,test
CCCC[C@H](NC(=O)[C@H](CC(=O)O)NC(=O)[C@H](Cc1ccccc1)NN[C@@H](Cc1ccccc1)C(=O)NCC(=O)N[C@H](C)C(=O)N[C@@H](Cc1ccc(O)cc1)C(=O)O)C(=O)N[C@H](Cc1c[nH]c2ccccc12)C(=O)O,-0.146128035678238,valid
CCCC[C@H](NC(=O)[C@H](CC(=O)O)NC(=O)[C@H](Cc1ccccc1)NN[C@@H](Cc1ccccc1)C(=O)NCC(=O)N[C@H](C)C(=O)N[C@@H](Cc1ccc(O)cc1)C(=O)O)C(=O)N[C@H](Cc1cn(C(=O)OC2C3CC4CC(C3)CC2C4)c2ccccc12)C(=O)O,-0.5314789170422551,training
CCCC[C@H](NC(=O)[C@H](CC(=O)O)NC(=O)[C@H](Cc1ccccc1)NN[C@@H](Cc1ccccc1)C(=O)NCC(=O)N[C@H](C)C(=O)N[C@@H](Cc1ccc(O)cc1)C(=O)O)C(=O)N[C@H](Cc1cn(C(=O)OC23CC4CC(CC(C4)C2)C3)c2ccccc12)C(=O)O,0.638272163982407,training
Cc1[nH]c2ccc(Cl)cc2c1C1CCN(C2Cc3cccc4cccc2c34)CC1,-3.439332693830263,test
Cc1[nH]c2ccc(Cl)cc2c1C1CCN(CC2CCCCCCC2)CC1,-3.621176281775035,training
Cc1cc(O)cc(C)c1C[C@H](N)C(=O)N[C@H]1Cc2ccccc2CN(Cc2nc3ccccc3[nH]2)C1=O,-2.630427875025024,test
Cc1cc(O)cc(C)c1C[C@H](N)C(=O)N[C@H]1Cc2ccccc2CN(CC(=O)Nc2ccccc2)C1=O,-1.434568904034199,test
Cc1cc(O)cc(C)c1C[C@H](N)C(=O)N[C@H]1Cc2ccccc2CN(CC(=O)NCc2ccccc2)C1=O,-1.041392685158225,training
Cc1cc(O)cc(C)c1C[C@@H](C)CN1Cc2ccccc2C[C@H]1C(=O)NCC(=O)NCc1nc2ccccc2[nH]1,1.4559319556497243,test
CN(C)CCc1nnc(-c2ccc(C(C)(C)C)cc2)n1-c1cccc(O)c1,-2.9542425094393248,training
CN(C)Cc1nnc(-c2ccc(C(C)(C)C)cc2)n1-c1cccc(O)c1,-2.6627578316815743,training
CN(C)Cc1nnc(-c2cccc(C(C)(C)C)c2)n1-c1cccc(O)c1,-3.4149733479708178,training
CN(C)c1nnc(-c2ccc3ccccc3c2)n1-c1cccc(O)c1,-2.681241237375587,training
CN(C)c1nnc(-c2ccc(-c3ccccc3)cc2)n1-c1cccc(O)c1,-2.113943352306837,training
CN(C)c1nnc(-c2cccc(-c3ccccc3)c2)n1-c1cccc(O)c1,-2.1760912590556813,training
CN(C)c1nnc(-c2cccc(C(C)(C)C)c2)n1-c1cccc(O)c1,-3.0211892990699383,test
CN(C)c1nnc(-c2ccc(C(C)(C)C)cc2)n1-c1cccc(O)c1,-1.6989700043360187,training
Oc1cccc(-n2cnnc2-c2ccc3ccccc3c2)c1,-3.322219294733919,training
Oc1cccc(-n2cnnc2-c2ccc(-c3ccccc3)cc2)c1,-3.1760912590556813,test
Oc1cccc(-n2cnnc2-c2cccc(-c3ccccc3)c2)c1,-2.146128035678238,training
CC(C)(C)c1ccc(-c2nncn2-c2cccc(O)c2)cc1,-4.0,training
CC(C)(C)c1cccc(-c2nncn2-c2cccc(O)c2)c1,-2.361727836017593,training
COc1ccc2c3c1O[C@H]1C(=O)CC[C@@]4(NC(=O)/C=C/c5ccccc5C)[C@@H](C2)N(CC2CC2)CC[C@]314,-0.3617278360175928,training
COc1ccc2c3c1O[C@H]1C(=O)CC[C@@]4(NC(=O)/C=C/c5ccccc5Cl)[C@@H](C2)N(CC2CC2)CC[C@]314,-0.8573324964312685,training
O=C(/C=C/c1ccccc1Cl)N[C@@]12CCC(=O)[C@@H]3Oc4c(O)ccc5c4[C@@]31CCN(CC1CC1)[C@@H]2C5,-0.1139433523068367,training
Cc1ccccc1/C=C/C(=O)N[C@@]12CCC(=O)[C@@H]3Oc4c(O)ccc5c4[C@@]31CCN(CC1CC1)[C@@H]2C5,-0.0969100130080564,training
COc1ccc2c3c1O[C@H]1C(=O)CC[C@@]4(NC(=O)/C=C/c5ccc(Cl)cc5)[C@@H](C2)N(C)CC[C@]314,-0.0,training
COc1ccc2c3c1O[C@H]1C(=O)CC[C@@]4(NC(=O)/C=C/c5ccc(C)cc5)[C@@H](C2)N(C)CC[C@]314,-0.4623979978989561,training
COc1ccc2c3c1O[C@H]1C(=O)CC[C@@]4(NC(=O)/C=C/c5ccccc5Cl)[C@@H](C2)N(C)CC[C@]314,0.2365720064370627,training
COc1ccc2c3c1O[C@H]1C(=O)CC[C@@]4(NC(=O)/C=C/c5ccccc5C)[C@@H](C2)N(C)CC[C@]314,0.3767507096020995,valid
Cc1ccc(/C=C/C(=O)N[C@@]23CCC(=O)[C@@H]4Oc5c(O)ccc6c5[C@@]42CCN(C)[C@@H]3C6)cc1,-0.6020599913279624,training
CN1CC[C@]23c4c5ccc(O)c4O[C@H]2C(=O)CC[C@@]3(NC(=O)/C=C/c2ccc([N+](=O)[O-])cc2)[C@H]1C5,0.2676062401770315,training
CN1CC[C@]23c4c5cccc4O[C@H]2C(=O)CC[C@@]3(NC(=O)/C=C/c2ccccc2Cl)[C@H]1C5,1.0969100130080565,training
Cc1ccccc1/C=C/C(=O)N[C@@]12CCC(=O)[C@@H]3Oc4c(O)ccc5c4[C@@]31CCN(C)[C@@H]2C5,0.958607314841775,training
Cc1ccc(CCC(=O)N[C@@]23CCC(=O)[C@@H]4Oc5c(O)ccc6c5[C@@]42CCN(C)[C@@H]3C6)cc1,-0.0969100130080564,test
CC1(C)SSC(C)(C)[C@@H](NC(=O)[C@@H](N)Cc2ccc(O)cc2)C(=O)NCC(=O)N[C@@H](Cc2ccc(Cl)cc2)C(=O)N[C@H]1C(=O)O,0.5228787452803376,test
CN(C(=O)Cc1ccccc1)[C@H]1CC[C@@]2(CCCO2)C[C@@H]1N1CCCC1,-4.098297536494698,training
C=CCN1CCC23c4c5ccc(O)c4O[C@@H]2/C(=N/NC(=O)c2ccccc2)CCC3(O)C1C5,-0.146128035678238,valid
CSCC[C@H](NC(=O)[C@H](Cc1ccccc1)NC(=O)CNC(=O)CNC(=O)[C@@H](N)Cc1ccc(O)cc1)C(=O)O,-0.1903316981702915,training
CN1CC[C@]23c4c5ccc(O)c4O[C@H]2[C@@H](OS(=O)(=O)O)C=C[C@H]3[C@H]1C5,-1.255272505103306,training
CC(=O)Oc1ccc2c3c1O[C@H]1[C@@H](OS(=O)(=O)O)C=C[C@H]4[C@@H](C2)N(C)CC[C@]314,-2.187520720836463,training
CCC(=O)Oc1ccc2c3c1O[C@H]1[C@@H](OS(=O)(=O)O)C=C[C@H]4[C@@H](C2)N(C)CC[C@]314,-1.6020599913279625,training
CC(C)C(=O)Oc1ccc2c3c1O[C@H]1[C@@H](OS(=O)(=O)O)C=C[C@H]4[C@@H](C2)N(C)CC[C@]314,-2.7664128471124,test
CN1CC[C@]23c4c5ccc(OC(=O)C(C)(C)C)c4O[C@H]2[C@@H](OS(=O)(=O)O)C=C[C@H]3[C@H]1C5,-1.1818435879447726,training
CN1CC[C@]23c4c5ccc(OC(=O)c6ccccc6)c4O[C@H]2[C@@H](OS(=O)(=O)O)C=C[C@H]3[C@H]1C5,-2.7781512503836434,training
CN1CC[C@]23c4c5ccc(O)c4O[C@H]2[C@@H](OS(=O)(=O)O)CC[C@H]3[C@H]1C5,-1.2741578492636798,training
CC(=O)Oc1ccc2c3c1O[C@H]1[C@@H](OS(=O)(=O)O)CC[C@H]4[C@@H](C2)N(C)CC[C@]314,-2.5118833609788744,training
CN1CC[C@]23c4c5ccc(OC(=O)c6ccccc6)c4O[C@H]2[C@@H](OS(=O)(=O)O)CC[C@H]3[C@H]1C5,-3.2035767749779724,training
CC(=O)Oc1ccc2c3c1O[C@H]1[C@@H](OS(=O)(=O)O)C=C[C@H]4[C@@H](C2)[N+](C)(C)CC[C@]314,-2.925312091499649,training
COc1ccc2c3c1O[C@H]1[C@@H](OS(=O)(=O)O)C=C[C@H]4[C@@H](C2)N(C)CC[C@]314,-2.617000341120899,training
COc1ccc2c3c1O[C@H]1[C@@H](OS(=O)(=O)O)CC[C@H]4[C@@H](C2)N(C)CC[C@]314,-3.061452479087193,training
Cc1cc(O)cc(C)c1C[C@H](N)C(=O)N1Cc2ccccc2C[C@H]1C(=O)NCCC(=O)Oc1ccc2c(c1)[C@@]13CCCC[C@H]1[C@@H](C2)N(CC1CCC1)CC3,-0.1760912590556812,test
Cc1cc(O)cc(C)c1C[C@H](N)C(=O)N1Cc2ccccc2C[C@H]1C(=O)NCCC(=O)O,-0.6232492903979004,training
CC[C@@]12CCN(CC3CC3)C(C(=O)c3ccc(C(=O)NCCc4ccc(-c5ccccc5)cc4)cc31)[C@@H]2C,-0.5910646070264992,training
C[C@H]1C2Cc3ccc(C(=O)NCCCc4ccc(-c5ccccc5)cc4)cc3[C@@]1(C)CCN2CC1CC1,-1.8573324964312683,valid
C[C@H]1C2Cc3ccc(C(=O)NCc4ccc(-c5ccccc5)cc4)cc3[C@@]1(C)CCN2CC1CC1,-2.230448921378274,training
C[C@H]1C2Cc3ccc(C(=O)Nc4ccc(-c5ccccc5)cc4)cc3[C@@]1(C)CCN2CC1CC1,-2.041392685158225,training
C[C@H]1C2Cc3ccc(C(=O)NCCCc4ccccc4)cc3[C@@]1(C)CCN2CC1CC1,-1.6720978579357175,training
C[C@H]1C2Cc3ccc(C(=O)NCCc4ccccc4)cc3[C@@]1(C)CCN2CC1CC1,-1.7708520116421442,training
C[C@H]1C2Cc3ccc(C(=O)NCc4ccccc4)cc3[C@@]1(C)CCN2CC1CC1,-2.322219294733919,training
COc1ccc2c3c1O[C@H]1C(=O)CC[C@@]4(O)[C@@H](C2)N(CC2CC2)CC[C@]314,-2.4345689040341987,training
O=C1CC[C@@]2(NCCc3ccc(Cl)cc3)[C@H]3Cc4ccc(O)c5c4[C@@]2(CCN3CC2CC2)[C@H]1O5,-0.2810333672477275,training
O=C(Cc1ccc(Cl)cc1)N[C@@]12CCC(=O)[C@@H]3Oc4c(O)ccc5c4[C@@]31CCN(CC1CC1)[C@@H]2C5,-0.1789769472931694,training
O=C1CC[C@@]2(NCCCCc3ccc(Cl)cc3)[C@H]3Cc4ccc(O)c5c4[C@@]2(CCN3CC2CC2)[C@H]1O5,-0.3384564936046049,training
O=C1CC[C@@]2(NCC/C=C/c3ccc(Cl)cc3)[C@H]3Cc4ccc(O)c5c4[C@@]2(CCN3CC2CC2)[C@H]1O5,-0.3222192947339193,training
O=C1CC[C@@]2(NC/C=C/Cc3ccc(Cl)cc3)[C@H]3Cc4ccc(O)c5c4[C@@]2(CCN3CC2CC2)[C@H]1O5,-0.8228216453031046,training
O=C(CCCc1ccc(Cl)cc1)N[C@@]12CCC(=O)[C@@H]3Oc4c(O)ccc5c4[C@@]31CCN(CC1CC1)[C@@H]2C5,-0.5854607295085006,training
O=C(C/C=C/c1ccc(Cl)cc1)N[C@@]12CCC(=O)[C@@H]3Oc4c(O)ccc5c4[C@@]31CCN(CC1CC1)[C@@H]2C5,-0.5118833609788744,training
COc1ccc2c3c1O[C@H]1C(=O)CC[C@@]4(NCCc5ccc(Cl)cc5)[C@@H](C2)N(CC2CC2)CC[C@]314,-1.5289167002776547,training
COc1ccc2c3c1O[C@H]1C(=O)CC[C@@]4(NC(=O)Cc5ccc(Cl)cc5)[C@@H](C2)N(CC2CC2)CC[C@]314,-1.715167357848458,training
COc1ccc2c3c1O[C@H]1C(=O)CC[C@@]4(NCCCCc5ccc(Cl)cc5)[C@@H](C2)N(CC2CC2)CC[C@]314,-1.7474118078864231,training
COc1ccc2c3c1O[C@H]1C(=O)CC[C@@]4(NCC/C=C/c5ccc(Cl)cc5)[C@@H](C2)N(CC2CC2)CC[C@]314,-1.3944516808262164,training
COc1ccc2c3c1O[C@H]1C(=O)CC[C@@]4(NC/C=C/Cc5ccc(Cl)cc5)[C@@H](C2)N(CC2CC2)CC[C@]314,-1.9772662124272928,training
COc1ccc2c3c1O[C@H]1C(=O)CC[C@@]4(NC(=O)CCCc5ccc(Cl)cc5)[C@@H](C2)N(CC2CC2)CC[C@]314,-1.9513375187959177,valid
COc1ccc2c3c1O[C@H]1C(=O)CC[C@@]4(NC(=O)C/C=C/c5ccc(Cl)cc5)[C@@H](C2)N(CC2CC2)CC[C@]314,-2.0170333392987803,training
COc1ccc2c3c1O[C@H]1C(=O)CC[C@@]4(NC(=O)/C=C/Cc5ccc(Cl)cc5)[C@@H](C2)N(CC2CC2)CC[C@]314,-2.383815365980431,training
COc1ccc2c3c1O[C@H]1C(=O)CC[C@@]4(NC(=O)CCc5ccc(Cl)cc5)[C@@H](C2)N(CC2CC2)CC[C@]314,-0.7075701760979364,training
O=C1CC[C@@]2(NCCCc3ccc(Cl)cc3)[C@H]3Cc4ccc(O)c5c4[C@@]2(CCN3CC2CC2)[C@H]1O5,-0.041392685158225,training
O=C(CCc1ccc(Cl)cc1)N[C@@]12CCC(=O)[C@@H]3Oc4c(O)ccc5c4[C@@]31CCN(CC1CC1)[C@@H]2C5,0.2218487496163563,training
COc1ccc2c3c1O[C@H]1C(=O)CC[C@@]4(NCCCc5ccc(Cl)cc5)[C@@H](C2)N(CC2CC2)CC[C@]314,-1.4955443375464486,valid
COc1ccc2c3c1O[C@H]1C(=O)CC[C@@]4(NC/C=C/c5ccc(Cl)cc5)[C@@H](C2)N(CC2CC2)CC[C@]314,-1.6483600109809315,training
O=C1CC[C@@]2(NC/C=C/c3ccc(Cl)cc3)[C@H]3Cc4ccc(O)c5c4[C@@]2(CCN3CC2CC2)[C@H]1O5,0.2006594505464183,training
C[C@H]1CN2CCN(CC3CCCCC3)C[C@H]2C[C@@]1(C)c1cccc(O)c1,-1.8129133566428557,valid
C[C@H]1CN2C[C@H](c3ccccc3)NC[C@H]2C[C@@]1(C)c1cccc(C(N)=O)c1,-1.7781512503836436,training
C[C@H]1CN2C[C@H](c3ccccc3)N(Cc3ccccc3)C[C@H]2C[C@@]1(C)c1cccc(C(N)=O)c1,-3.041392685158225,training
C[C@H]1CN2C[C@H](c3ccccc3)N(Cc3ccccc3)C[C@H]2C[C@@]1(C)c1cccc(C(=O)O)c1,-3.397940008672037,valid
C[C@H]1CN2C[C@H](c3ccccc3)N(Cc3ccccc3)C[C@H]2C[C@@]1(C)c1cccc(O)c1,-2.531478917042255,training
C[C@H]1CN2C[C@H](C3CCCCC3)NC[C@H]2C[C@@]1(C)c1cccc(O)c1,-1.8325089127062364,training
C[C@H]1CN2CCN(C(=O)Nc3ccccc3)C[C@H]2C[C@@]1(C)c1cccc(O)c1,-2.7323937598229686,training
C[C@H]1CN2CCN(S(=O)(=O)c3ccccc3)C[C@H]2C[C@@]1(C)c1cccc(O)c1,-3.230448921378274,training
C[C@H]1CN2CCCN(Cc3ccccc3)C[C@H]2C[C@@]1(C)c1cccc(O)c1,-3.462397997898956,training
C[C@H]1CN2CCN(CCCc3ccccc3)C[C@H]2C[C@@]1(C)c1cccc(O)c1,-2.9822712330395684,training
C[C@H]1CN2CCN(CCc3ccccc3)C[C@H]2C[C@@]1(C)c1cccc(O)c1,-2.3820170425748683,training
C[C@H]1CN2CCN(Cc3ccccc3)C[C@H]2C[C@@]1(C)c1cccc(O)c1,-2.144574207609616,training
C[C@H]1CN2CCN(c3ccccc3)C[C@H]2C[C@@]1(C)c1cccc(O)c1,-2.9822712330395684,training
C[C@H]1CN2CCN(C(=O)CCc3ccccc3)C[C@H]2C[C@@]1(C)c1cccc(O)c1,-2.146128035678238,training
C[C@H]1CN2CCN(C(=O)Cc3ccccc3)C[C@H]2C[C@@]1(C)c1cccc(O)c1,-1.8512583487190752,training
C[C@H]1CN2CCN(C(=O)c3ccccc3)C[C@H]2C[C@@]1(C)c1cccc(O)c1,-1.3979400086720375,training
C[C@H]1CN2CCN(Cc3ccc(O)cc3)C[C@H]2C[C@@]1(C)c1cccc(O)c1,-2.342422680822206,training
C[C@H]1CN2CCN(Cc3cccc(O)c3)C[C@H]2C[C@@]1(C)c1cccc(O)c1,-2.4913616938342726,training
C[C@H]1CN2CCN(Cc3ccccc3O)C[C@H]2C[C@@]1(C)c1cccc(O)c1,-2.4771212547196626,training
C[C@H]1CN2CCN(Cc3ccc(Cl)cc3)C[C@H]2C[C@@]1(C)c1cccc(O)c1,-2.6232492903979003,training
C[C@H]1CN2CCN(Cc3cccc(Cl)c3)C[C@H]2C[C@@]1(C)c1cccc(O)c1,-2.5563025007672877,training
C[C@H]1CN2CCN(Cc3ccccc3Cl)C[C@H]2C[C@@]1(C)c1cccc(O)c1,-1.7558748556724917,training
Cc1ccc(CN2CCN3C[C@H](C)[C@](C)(c4cccc(O)c4)C[C@@H]3C2)cc1,-2.544068044350276,training
Cc1cccc(CN2CCN3C[C@H](C)[C@](C)(c4cccc(O)c4)C[C@@H]3C2)c1,-2.7075701760979363,training
Cc1ccccc1CN1CCN2C[C@H](C)[C@](C)(c3cccc(O)c3)C[C@@H]2C1,-1.9493900066449128,valid
C[C@H]1CN2CCN(Cc3ccsc3)C[C@H]2C[C@@]1(C)c1cccc(O)c1,-2.531478917042255,training
C[C@H]1CN2CCN(Cc3cccs3)C[C@H]2C[C@@]1(C)c1cccc(O)c1,-2.4149733479708178,training
C[C@H]1CN2CCN(Cc3ccoc3)C[C@H]2C[C@@]1(C)c1cccc(O)c1,-2.869231719730976,training
C[C@H]1CN2CCN(Cc3ccco3)C[C@H]2C[C@@]1(C)c1cccc(O)c1,-3.1760912590556813,test
C[C@H]1CN2CCN(Cc3ccncc3)C[C@H]2C[C@@]1(C)c1cccc(O)c1,-3.113943352306837,training
C[C@H]1CN2CCN(Cc3cccnc3)C[C@H]2C[C@@]1(C)c1cccc(O)c1,-2.9242792860618816,training
C[C@H]1CN2CCN(Cc3ccccn3)C[C@H]2C[C@@]1(C)c1cccc(O)c1,-3.041392685158225,training
C[C@H]1[C@@H]2CCCCN2CC[C@@]1(C)c1cccc(O)c1,-2.342422680822206,training
CN1CC[C@]23c4c5ccc(O)c4O[C@H]2c2c(c4c(n2CCc2ccccc2)CCCC4)C[C@@]3(O)C1C5,-0.6989700043360189,training
CN1CC[C@]23c4c5ccc(O)c4O[C@H]2c2c(c4c(n2CC2CCCCC2)CCCC4)C[C@@]3(O)C1C5,-0.6201360549737576,training
CN1CC[C@]23c4c5ccc(O)c4O[C@H]2c2c(c4c(n2Cc2ccccc2)CCCC4)C[C@@]3(O)C1C5,-1.2576785748691846,training
CCn1c2c(c3c1[C@@H]1Oc4c(O)ccc5c4[C@@]14CCN(C)C(C5)[C@]4(O)C3)CCCC2,-0.4265112613645752,training
CN1CC[C@]23c4c5ccc(O)c4O[C@H]2c2c(c4c(n2C)CCCC4)C[C@@]3(O)C1C5,-0.2121876044039577,test
Oc1ccc2c3c1O[C@H]1c4c(c5c(n4CCc4ccccc4)CCCC5)C[C@@]4(O)C(C2)N(CC2CC2)CC[C@]314,-0.255272505103306,training
Oc1ccc2c3c1O[C@H]1c4c(c5c(n4CC4CCCCC4)CCCC5)C[C@@]4(O)C(C2)N(CC2CC2)CC[C@]314,-0.4913616938342727,training
Oc1ccc2c3c1O[C@H]1c4c(c5c(n4Cc4ccccc4)CCCC5)C[C@@]4(O)C(C2)N(CC2CC2)CC[C@]314,-0.4683473304121572,training
Oc1ccc2c3c1O[C@H]1c4c(c5c(n4CC4CC4)CCCC5)C[C@@]4(O)C(C2)N(CC2CC2)CC[C@]314,-0.2576785748691845,training
CCn1c2c(c3c1[C@@H]1Oc4c(O)ccc5c4[C@@]14CCN(CC1CC1)C(C5)[C@]4(O)C3)CCCC2,-0.2174839442139062,training
Cn1c2c(c3c1[C@@H]1Oc4c(O)ccc5c4[C@@]14CCN(CC1CC1)[C@H](C5)[C@]4(O)C3)CCCC2,-0.3031960574204888,training
CCn1cc(-c2ccccc2)c2c1[C@@H]1Oc3c(O)ccc4c3[C@@]13CCN(CC1CC1)C(C4)[C@]3(O)C2,-0.469822015978163,training
Cn1cc(-c2ccccc2)c2c1[C@@H]1Oc3c(O)ccc4c3[C@@]13CCN(CC1CC1)C(C4)[C@]3(O)C2,-0.5250448070368452,training
C=CCN1CC[C@]23c4c5ccc(OC(=O)CCCCCCCCC(=O)Oc6ccc7c(c6)[C@@]68CCCCC6[C@@H](C7)N(CC6CCC6)CC8)c4O[C@H]2C(=O)CC[C@@]3(O)[C@H]1C5,-1.591064607026499,training
O=C(CCCCCCCCC(=O)Oc1ccc2c3c1O[C@H]1C(=O)CC[C@@]4(O)[C@@H](C2)N(CC2CC2)CC[C@]314)Oc1ccc2c(c1)[C@@]13CCCCC1[C@@H](C2)N(CC1CCC1)CC3,-1.1760912590556811,training
O=C(CCCCCCCCC(=O)Oc1ccc2c3c1O[C@H]1[C@H](O)CC[C@@]4(O)[C@@H](C2)N(CC2CCC2)CC[C@]314)Oc1ccc2c(c1)[C@@]13CCCCC1[C@@H](C2)N(CC1CCC1)CC3,-1.4471580313422192,training
COc1ccc2c(c1)[C@]13CCN(C)[C@H](C2)[C@@H]1Cc1c([nH]c2ccccc12)C3,-1.5440680443502757,training
Nc1nc2c(s1)C[C@H]1[C@H]3Cc4ccc(O)cc4[C@@]1(CCN3CC1CCC1)C2,-0.041392685158225,training
Nc1nc2c(s1)C[C@H]1[C@H]3Cc4ccc(O)cc4[C@@]1(CCN3CC1CC1)C2,0.638272163982407,training
CN1CC[C@]23Cc4nc(N)sc4C[C@H]2[C@H]1Cc1ccc(O)cc13,-0.6232492903979004,training
Oc1ccc2c(c1)[C@]13CCN(CC4CCC4)[C@H](C2)[C@@H]1Cc1c([nH]c2ccccc12)C3,0.7695510786217261,training
Oc1ccc2c(c1)[C@]13CCN(CC4CC4)[C@H](C2)[C@@H]1Cc1c([nH]c2ccccc12)C3,0.721246399047171,training
CN1CC[C@]23Cc4[nH]c5ccccc5c4C[C@H]2[C@H]1Cc1ccc(O)cc13,0.4559319556497244,training
COc1ccc2c(c1)[C@]13CCN(CC4CCC4)[C@H](C2)[C@@H]1Cc1c([nH]c2ccccc12)C3,-0.9395192526186184,test
COc1ccc2c(c1)[C@]13CCN(CC4CC4)[C@H](C2)[C@@H]1Cc1c([nH]c2ccccc12)C3,-0.1760912590556812,test
CCCC[C@@H](C(=O)N1CCC[C@H]1C(=O)N[C@@H](CC(C)C)C(=O)N[C@@H](Cc1c[nH]c2ccccc12)C(=O)OCc1cc(C(F)(F)F)cc(C(F)(F)F)c1)N(C)C(=O)[C@H](Cc1ccccc1)NC(=O)CNC(=O)[C@@H](C)NC(=O)[C@@H](N)Cc1ccc(O)cc1,-1.8864907251724816,training
CCCC[C@H](NC(=O)[C@H](Cc1ccccc1)NC(=O)CNC(=O)[C@@H](C)NC(=O)[C@@H](N)Cc1ccc(O)cc1)C(=O)N1CCC[C@H]1C(=O)N[C@@H](CC(C)C)C(=O)N[C@@H](Cc1c[nH]c2ccccc12)C(=O)OCc1cc(C(F)(F)F)cc(C(F)(F)F)c1,-0.255272505103306,training
CC(C)C[C@H](NC(=O)[C@@H]1CCCN1C(=O)[C@H](CC[S+](C)O)NC(=O)[C@H](Cc1ccccc1)NC(=O)CNC(=O)[C@@H](C)NC(=O)[C@@H](N)Cc1ccc(O)cc1)C(=O)N[C@@H](Cc1c[nH]c2ccccc12)C(=O)OCc1cc(C(F)(F)F)cc(C(F)(F)F)c1,-0.6812412373755872,training
CC(C)C[C@H](NC(=O)[C@@H]1CCCN1C(=O)[C@H](CC(C)C)NC(=O)[C@H](Cc1ccccc1)NC(=O)CNC(=O)[C@@H](C)NC(=O)[C@@H](N)Cc1ccc(O)cc1)C(=O)N[C@@H](Cc1c[nH]c2ccccc12)C(=O)OCc1cc(C(F)(F)F)cc(C(F)(F)F)c1,-0.6989700043360189,training
CC(C)C[C@H](NC(=O)[C@@H]1CCCN1C(=O)CNC(=O)[C@H](Cc1ccccc1)NC(=O)CNC(=O)[C@@H](C)NC(=O)[C@@H](N)Cc1ccc(O)cc1)C(=O)N[C@@H](Cc1c[nH]c2ccccc12)C(=O)OCc1cc(C(F)(F)F)cc(C(F)(F)F)c1,-1.5563025007672873,training
CC(C)C[C@@H](NC(=O)[C@H](Cc1ccccc1)NC(=O)CNC(=O)[C@@H](C)NC(=O)[C@@H](N)Cc1ccc(O)cc1)C(=O)O,-0.1139433523068367,training
O=C(NCc1ccccc1)Oc1ccc2c(c1)C13CCCCC1C(C2)N(CC1CCC1)CC3,-1.1760912590556811,test
O=C(Nc1ccccc1)Oc1ccc2c(c1)C13CCCCC1C(C2)N(CC1CCC1)CC3,-0.5910646070264992,training
CCNC(=O)Oc1ccc2c(c1)C13CCCCC1C(C2)N(CC1CCC1)CC3,-1.4313637641589874,test
CNC(=O)Oc1ccc2c(c1)C13CCCCC1C(C2)N(CC1CCC1)CC3,-1.4771212547196624,training
O=C(NCc1ccccc1)Oc1ccc2c(c1)C13CCCCC1C(C2)N(CC1CC1)CC3,-0.4313637641589873,valid
O=C(Nc1ccccc1)Oc1ccc2c(c1)C13CCCCC1C(C2)N(CC1CC1)CC3,-0.2041199826559248,training
CCNC(=O)Oc1ccc2c(c1)C13CCCCC1C(C2)N(CC1CC1)CC3,-0.4471580313422192,training
CNC(=O)Oc1ccc2c(c1)C13CCCCC1C(C2)N(CC1CC1)CC3,-1.6232492903979006,training
CCNC(=O)Oc1ccc2c(c1)C13CCCCC1C(C2)N(C)CC3,-1.8920946026904804,training
CNC(=O)Oc1ccc2c(c1)C13CCCCC1C(C2)N(C)CC3,-1.7242758696007892,training
CCC(=O)N(c1ccccc1)C1CCN(C(=O)CCc2ccc(OC)c(Cl)c2)CC1,-3.7993405494535817,training
CCC(=O)N(c1ccccc1)C1CCN(C(=O)CCc2cccc(Br)c2)CC1,-4.079181246047625,training
CCC(=O)N(c1ccccc1)C1CCN(C(=O)CC(N)c2ccc(OC)cc2)CC1,-3.9542425094393248,training
CCC(=O)N(c1ccccc1)C1CCN(C(=O)CC(N)c2ccc(C)cc2)CC1,-3.462397997898956,valid
CCC(=O)N(c1ccccc1)C1CCN(C(=O)CC(N)c2ccc(Cl)cc2)CC1,-3.380211241711606,training
CCC(=O)N(c1ccccc1)C1CCN(C(=O)[C@@H](N)C(c2ccccc2)c2ccccc2)CC1,-3.812913356642856,training
CCC(=O)N(c1ccccc1)C1CCN(C(=O)[C@@H](N)Cc2ccc3ccccc3c2)CC1,-3.5185139398778875,training
CCC(=O)N(c1ccccc1)C1CCN(C(=O)[C@@H](N)Cc2csc3ccccc23)CC1,-4.176091259055681,training
CCC(=O)N(c1ccccc1)C1CCN(C(=O)[C@@H](N)Cc2cscn2)CC1,-4.880813592280791,training
CCC(=O)N(c1ccccc1)C1CCN(C(=O)[C@@H](N)Cc2ccccc2)CC1,-3.838849090737255,training
CCC(=O)N(c1ccccc1)C1CCN(C(=O)[C@@H](N)Cc2ccc(O)cc2)CC1,-4.204119982655925,training
CCC(=O)N(c1ccccc1)C1CCN(C(=O)[C@@H](N)Cc2c(C)cc(O)cc2C)CC1,-1.6989700043360187,training
CCC(=O)N(c1ccccc1)C1CCN(C(=O)[C@@H](N)C2Cc3ccccc3C2)CC1,-4.176091259055681,training
CC(c1ccccc1)N1CCC(O)(c2ccccc2)CC1,-4.5199591807520685,training
Cc1ccccc1C(c1ccccc1)N1CCC(O)(c2ccccc2)CC1,-2.9863237770507656,training
c1ccc(COC2(c3ccccc3)CCN(C(c3ccccc3)c3ccccc3)CC2)cc1,-3.572987708198205,training
CCCOC1(c2ccccc2)CCN(C(c2ccccc2)c2ccccc2)CC1,-3.442009159140952,test
CCOC1(c2ccccc2)CCN(C(c2ccccc2)c2ccccc2)CC1,-2.9532763366673045,training
COC1(c2ccccc2)CCN(C(c2ccccc2)c2ccccc2)CC1,-3.4234097277330933,training
COc1ccc(C(c2ccc(OC)cc2)N2CCC(O)(c3ccccc3)CC2)cc1,-4.137195811940548,training
COc1ccccc1C(c1ccccc1OC)N1CCC(O)(c2ccccc2)CC1,-4.259115844185066,training
OC1(c2ccccc2)CCN(C(c2ccc(F)cc2)c2ccc(F)cc2)CC1,-2.7664128471124,test
OC1(c2ccccc2)CCN(C(c2ccccc2F)c2ccccc2F)CC1,-3.2511513431753545,training
OC1(c2ccccc2)CCN(C(c2ccccc2Cl)c2ccccc2Cl)CC1,-3.2214142378423385,training
Cc1ccccc1C(c1ccccc1C)N1CCC(O)(c2ccccc2)CC1,-3.762753564933374,training
OCc1ccccc1C(c1ccccc1)N1CCC(O)(c2ccccc2)CC1,-3.2960066693136723,training
COc1ccccc1C(c1ccccc1)N1CCC(O)(c2ccccc2)CC1,-2.989004615698537,valid
OC1(c2ccccc2)CCN(C(c2ccccc2)c2ccc(Br)cc2)CC1,-3.649140064144219,training
OC1(c2ccccc2)CCN(C(c2ccccc2)c2ccccc2Br)CC1,-3.3242824552976926,training
OC1(c2ccccc2)CCN(C(c2ccccc2)c2ccccc2F)CC1,-3.46908529912312,training
OC1(c2ccccc2)CCN(C(c2ccccc2)c2ccc(Cl)cc2)CC1,-3.1556396337597765,training
OC1(c2ccccc2)CCN(C(c2ccccc2)c2cccc(Cl)c2)CC1,-3.481299273332856,training
OC1(c2ccccc2)CCN(C(c2ccccc2)c2ccccc2Cl)CC1,-3.2237554536572413,valid
CCc1ccccc1C(c1ccccc1)N1CCC(O)(c2ccccc2)CC1,-2.374748346010104,valid
OC1(c2ccccc2)CCN(C(c2ccccc2)c2ccc(C(F)(F)F)cc2)CC1,-4.005352136486216,test
OC1(c2ccccc2)CCN(C(c2ccccc2)c2cccc(C(F)(F)F)c2)CC1,-3.866582677063549,training
OC1(c2ccccc2)CCN(C(c2ccccc2)c2ccccc2C(F)(F)F)CC1,-3.104145550554008,training
Cc1ccc(C(c2ccccc2)N2CCC(O)(c3ccccc3)CC2)cc1,-3.971507781711256,training
Cc1cccc(C(c2ccccc2)N2CCC(O)(c3ccccc3)CC2)c1,-3.386855529184724,training
OC1(c2ccccc2)CCN(C(c2ccccc2)c2cccs2)CC1,-3.894592947922956,training
OC1(c2ccccc2)CCN(C(c2ccccc2)c2cccnc2)CC1,-4.038222638368718,training
OC1(c2ccccc2)CCN(C(c2ccccc2)c2ccccn2)CC1,-4.340245761567932,training
OC1(c2ccccc2)CCN(C(c2ccccc2)c2ccccc2)CC1,-3.2216749970707688,test
O=C(Nc1c(F)cccc1F)C(c1ccccc1)N1CCC(O)(c2ccccc2)CC1,-4.3482074766856265,test
CCOCC(c1ccccc1)N1CCC(O)(c2ccccc2)CC1,-4.183269843682805,valid
COCC(c1ccccc1)N1CCC(O)(c2ccccc2)CC1,-4.517987203025078,training
OC1(c2ccccc2)CCN(C(Cc2ccccc2)c2ccccc2)CC1,-2.271841606536499,training
OC1(c2ccccc2)CCN(C(c2ccccc2)C2CCCC2)CC1,-3.726156466172755,training
CCCCCCC(c1ccccc1)N1CCC(O)(c2ccccc2)CC1,-2.740362689494244,training
CC(C)CCC(c1ccccc1)N1CCC(O)(c2ccccc2)CC1,-2.5415792439465807,training
CCCCCC(c1ccccc1)N1CCC(O)(c2ccccc2)CC1,-2.2648178230095364,test
CCCCC(c1ccccc1)N1CCC(O)(c2ccccc2)CC1,-2.6444385894678386,training
CCCC(c1ccccc1)N1CCC(O)(c2ccccc2)CC1,-3.615529223637133,valid
CCC(c1ccccc1)N1CCC(O)(c2ccccc2)CC1,-4.319938439980309,training
O=Cc1cc2ccc(C(=O)Nc3cccc4c5c([nH]c34)[C@@H]3Oc4c(O)ccc6c4[C@@]34CCN(CC3CC3)[C@H](C6)[C@]4(O)C5)cc2cc1C=O,-0.3521825181113625,training
COC(=O)[C@@H]1C[C@H](OC(C)=O)C(=O)[C@H]2[C@@]1(C)CC[C@H]1C(=O)O[C@H](c3ccoc3Br)C[C@]21C,-3.8819549713396007,training
COc1ccc2c3c1O[C@H]1[C@]4(OC)CC[C@@]5(C[C@@H]4CNC(=O)/C=C/c4ccccc4)[C@@H](C2)N(C)CC[C@]315,-1.9365137424788927,training
CO[C@@]12C=C[C@@]3([C@@H]4CN(C(=O)/C=C/c5ccc(C)cc5)C[C@@H]41)[C@H]1Cc4ccc(O)c5c4[C@@]3(CCN1C)[C@H]2O5,-0.6839471307515121,training
CO[C@@]12C=C[C@@]3([C@@H]4CN(C(=O)/C=C/c5ccccc5C)C[C@@H]41)[C@H]1Cc4ccc(O)c5c4[C@@]3(CCN1C)[C@H]2O5,-0.3729120029701065,test
CO[C@@]12CC[C@@]3(C[C@@H]1CNC/C=C/c1ccc(Cl)cc1)[C@H]1Cc4ccc(O)c5c4[C@@]3(CCN1C)[C@H]2O5,-1.7803173121401512,training
CO[C@@]12CC[C@@]3(C[C@@H]1CNC/C=C/c1ccccc1)[C@H]1Cc4ccc(O)c5c4[C@@]3(CCN1C)[C@H]2O5,-1.586587304671755,training
COc1ccc2c3c1O[C@H]1[C@]4(OC)CC[C@@]5(C[C@@H]4CNC/C=C/c4ccc(Cl)cc4)[C@@H](C2)N(C)CC[C@]315,-2.87014043923764,training
COc1ccc2c3c1O[C@H]1[C@]4(OC)CC[C@@]5(C[C@@H]4CNC/C=C/c4ccccc4)[C@@H](C2)N(C)CC[C@]315,-2.59659709562646,training
CO[C@@]12CC[C@@]3(C[C@@H]1CNC(=O)/C=C/c1ccc([N+](=O)[O-])cc1)[C@H]1Cc4ccc(O)c5c4[C@@]3(CCN1C)[C@H]2O5,-0.7307822756663892,training
CO[C@@]12CC[C@@]3(C[C@@H]1CNC(=O)/C=C/c1ccc(Cl)cc1)[C@H]1Cc4ccc(O)c5c4[C@@]3(CCN1C)[C@H]2O5,-0.9030899869919436,training
CO[C@@]12CC[C@@]3(C[C@@H]1CNC(=O)/C=C/c1ccc(C)cc1)[C@H]1Cc4ccc(O)c5c4[C@@]3(CCN1C)[C@H]2O5,-0.814913181275074,training
CO[C@@]12CC[C@@]3(C[C@@H]1CNC(=O)/C=C/c1ccccc1Cl)[C@H]1Cc4ccc(O)c5c4[C@@]3(CCN1C)[C@H]2O5,-0.8802417758954804,training
CO[C@@]12CC[C@@]3(C[C@@H]1CNC(=O)/C=C/c1ccccc1C)[C@H]1Cc4ccc(O)c5c4[C@@]3(CCN1C)[C@H]2O5,-0.5327543789924978,training
CO[C@@]12CC[C@@]3(C[C@@H]1CNC(=O)/C=C/c1ccccc1)[C@H]1Cc4ccc(O)c5c4[C@@]3(CCN1C)[C@H]2O5,-1.0453229787866574,training
COc1ccc(/C=C/C(=O)NC[C@H]2C[C@@]34CC[C@@]2(OC)[C@@H]2Oc5c(OC)ccc6c5[C@@]23CCN(C)[C@@H]4C6)cc1,-2.507855871695831,test
COc1ccccc1/C=C/C(=O)NC[C@H]1C[C@@]23CC[C@@]1(OC)[C@@H]1Oc4c(OC)ccc5c4[C@@]12CCN(C)[C@@H]3C5,-1.943988875073772,test
COc1ccc2c3c1O[C@H]1[C@]4(OC)CC[C@@]5(C[C@@H]4CNC(=O)/C=C/c4ccccc4[N+](=O)[O-])[C@@H](C2)N(C)CC[C@]315,-2.0453229787866576,test
COc1ccc2c3c1O[C@H]1[C@]4(OC)CC[C@@]5(C[C@@H]4CNC(=O)/C=C/c4ccc([N+](=O)[O-])cc4)[C@@H](C2)N(C)CC[C@]315,-2.123851640967086,test
COc1ccc2c3c1O[C@H]1[C@]4(OC)CC[C@@]5(C[C@@H]4CNC(=O)/C=C/c4ccc(Cl)cc4)[C@@H](C2)N(C)CC[C@]315,-2.460897842756548,test
COc1ccc2c3c1O[C@H]1[C@]4(OC)CC[C@@]5(C[C@@H]4CNC(=O)/C=C/c4ccc(C)cc4)[C@@H](C2)N(C)CC[C@]315,-2.3909351071033798,training
COc1ccc2c3c1O[C@H]1[C@]4(OC)CC[C@@]5(C[C@@H]4CNC(=O)/C=C/c4ccccc4Cl)[C@@H](C2)N(C)CC[C@]315,-1.973589623427257,training
COc1ccc2c3c1O[C@H]1[C@]4(OC)CC[C@@]5(C[C@@H]4CNC(=O)/C=C/c4ccccc4C)[C@@H](C2)N(C)CC[C@]315,-1.8175653695597809,training
CNC(=O)Nc1ccc2c(c1)[C@@]13CCCC[C@H]1[C@@H](C2)N(CC1CCC1)CC3,-2.431363764158988,training
CNC(=O)Nc1ccc2c(c1)[C@@]13CCCC[C@H]1[C@@H](C2)N(CC1CC1)CC3,-1.6989700043360187,training
NC(=O)Nc1ccc2c(c1)[C@@]13CCCC[C@H]1[C@@H](C2)N(CC1CCC1)CC3,-2.204119982655925,training
NC(=O)Nc1ccc2c(c1)[C@@]13CCCC[C@H]1[C@@H](C2)N(CC1CC1)CC3,-1.3617278360175928,training
O=c1[nH]c2cc3c(cc2o1)[C@@]12CCCC[C@H]1[C@@H](C3)N(CC1CCC1)CC2,-2.5563025007672877,training
CC(C)S(=O)(=O)N1CCN(Cc2ccccc2C2(O)CCN(C(c3ccccc3Cl)c3ccccc3Cl)CC2)CC1,-3.499549625905149,training
CCS(=O)(=O)N1CCN(Cc2ccccc2C2(O)CCN(C(c3ccccc3Cl)c3ccccc3Cl)CC2)CC1,-3.2000292665537704,training
CN1CCN(Cc2ccccc2C2(O)CCN(C(c3ccccc3Cl)c3ccccc3Cl)CC2)CC1,-3.2317243833285163,valid
OC1(c2ccccc2CN2CCNCC2)CCN(C(c2ccccc2Cl)c2ccccc2Cl)CC1,-3.0670708560453703,training
OC1(c2ccccc2CN2CCOCC2)CCN(C(c2ccccc2Cl)c2ccccc2Cl)CC1,-3.464042205438811,training
CCNC(=O)NCc1ccccc1C1(O)CCN(C(c2ccccc2Cl)c2ccccc2Cl)CC1,-3.388278863459639,test
CNC(=O)NCc1ccccc1C1(O)CCN(C(c2ccccc2Cl)c2ccccc2Cl)CC1,-3.29928933408768,training
CC(C)S(=O)(=O)NCc1ccccc1C1(O)CCN(C(c2ccccc2Cl)c2ccccc2Cl)CC1,-2.714329759745233,training
CCCS(=O)(=O)NCc1ccccc1C1(O)CCN(C(c2ccccc2Cl)c2ccccc2Cl)CC1,-2.890421018800914,valid
CNCc1ccccc1C1(O)CCN(C(c2ccccc2Cl)c2ccccc2Cl)CC1,-3.581835924057648,training
CC1(C)CCC(N2CCC(O)(c3ccccc3CN)CC2)c2ccccc21,-4.369215857410143,training
NCc1ccccc1C1(O)CCN(CC2CCCCCC2)CC1,-4.997844904040718,training
NCc1ccccc1C1(O)CCN(C(c2ccccc2Br)c2ccccc2Br)CC1,-3.5056925074122,test
NCc1ccccc1C1(O)CCN(C(c2cccc(F)c2)c2cccc(F)c2)CC1,-3.972341716325748,valid
NCc1ccccc1C1(O)CCN(C(c2ccccc2F)c2ccccc2F)CC1,-3.5684364144168854,training
NCc1ccccc1C1(O)CCN(C(c2ccccc2Cl)c2ccccc2Cl)CC1,-3.4768316285122607,training
NCc1ccccc1C1(O)CCN(C(c2ccc(Cl)cc2)c2ccc(Cl)cc2)CC1,-3.6009728956867484,training
Cc1ccc(C(c2ccc(C)cc2)N2CCC(O)(c3ccccc3CN)CC2)cc1,-3.949390006644913,training
Cc1ccccc1C(c1ccccc1C)N1CCC(O)(c2ccccc2CN)CC1,-3.926085086925144,training
NCc1ccccc1C1(O)CCN(C(c2ccccc2)c2ccccc2Br)CC1,-3.517327882294373,training
NCc1ccccc1C1(O)CCN(C(c2ccccc2)c2ccccc2Cl)CC1,-3.5684364144168854,training
Cc1ccccc1C(c1ccccc1)N1CCC(O)(c2ccccc2CN)CC1,-3.4574276929464847,training
NCc1ccccc1C1(O)CCN(C(c2ccccc2)c2ccccc2)CC1,-4.143170993200179,training
CCCCCC(c1ccccc1)N1CCC(O)(c2ccccc2CN)CC1,-2.782472624166286,training
CCCCC(c1ccccc1)N1CCC(O)(c2ccccc2CN)CC1,-3.0835026198302677,test
OC1(c2ccccn2)CCN(C(c2ccccc2)c2ccccc2)CC1,-4.658869592201962,training
Cc1ccsc1C1(O)CCN(C(c2ccccc2)c2ccccc2)CC1,-3.94865743214132,training
OC1(c2cccs2)CCN(C(c2ccccc2)c2ccccc2)CC1,-3.9266510770888887,training
OC1(c2ccco2)CCN(C(c2ccccc2)c2ccccc2)CC1,-4.160018096006676,valid
OC1(CCCc2ccccc2)CCN(C(c2ccccc2)c2ccccc2)CC1,-4.138302698166282,training
OC1(Cc2ccccc2)CCN(C(c2ccccc2)c2ccccc2)CC1,-4.176380692243271,training
OC1(C2CCCCC2)CCN(C(c2ccccc2)c2ccccc2)CC1,-3.908753019184534,training
CCCCCCC1(O)CCN(C(c2ccccc2)c2ccccc2)CC1,-4.252003020538459,training
CC(C)(C)C1(O)CCN(C(c2ccccc2)c2ccccc2)CC1,-4.752816431188271,training
CCCCC1(O)CCN(C(c2ccccc2)c2ccccc2)CC1,-4.27415784926368,test
CC(C)C1(O)CCN(C(c2ccccc2)c2ccccc2)CC1,-4.722839505724351,training
OCc1ccccc1C1(O)CCN(C(c2ccccc2)c2ccccc2)CC1,-3.63978521298682,training
N#Cc1ccc(C2(O)CCN(C(c3ccccc3)c3ccccc3)CC2)cc1,-4.453012391121455,training
COc1ccc(C2(O)CCN(C(c3ccccc3)c3ccccc3)CC2)cc1,-4.283753383332527,valid
COc1cccc(C2(O)CCN(C(c3ccccc3)c3ccccc3)CC2)c1,-3.9815921172140816,training
COc1ccccc1C1(O)CCN(C(c2ccccc2)c2ccccc2)CC1,-3.642662331442036,training
CCCc1ccc(C2(O)CCN(C(c3ccccc3)c3ccccc3)CC2)cc1,-4.523030721754672,training
CCc1ccc(C2(O)CCN(C(c3ccccc3)c3ccccc3)CC2)cc1,-4.396199347095736,training
Cc1ccc(C2(O)CCN(C(c3ccccc3)c3ccccc3)CC2)cc1,-4.083323418473525,training
Cc1cccc(C2(O)CCN(C(c3ccccc3)c3ccccc3)CC2)c1,-3.891871830445584,training
Cc1ccccc1C1(O)CCN(C(c2ccccc2)c2ccccc2)CC1,-3.22219604630172,test
OC1(c2ccc(Br)cc2)CCN(C(c2ccccc2)c2ccccc2)CC1,-4.1829849670035815,test
OC1(c2ccc(Cl)cc2)CCN(C(c2ccccc2)c2ccccc2)CC1,-3.803730170974544,training
OC1(c2ccc(F)cc2)CCN(C(c2ccccc2)c2ccccc2)CC1,-3.5217916496391237,training
OC1(c2cccc(F)c2)CCN(C(c2ccccc2)c2ccccc2)CC1,-3.748962861256161,training
OC1(c2ccccc2F)CCN(C(c2ccccc2)c2ccccc2)CC1,-3.748962861256161,valid
C[C@H](NC(=O)[C@H](CO)NC(=O)[C@H](CCCCN)NC(=O)[C@H](CCCNC(=N)N)NC(=O)C(C)(C)NC(=O)CNC(=O)[C@@H](NC(=O)[C@H](Cc1ccc(F)cc1)NC(=O)CNC(=O)[C@H](CN)NC(=O)[C@@H](N)Cc1ccccc1)[C@@H](C)O)C(=O)N[C@@H](CCCNC(=N)N)C(=O)N[C@@H](CCCCN)C(=O)N[C@@H](CCCNC(=N)N)C(=O)N[C@@H](CCCCN)C(=O)N[C@@H](CC(N)=O)C(=O)N[C@@H](CCC(N)=O)C(N)=O,-3.3100004371855043,training
C[C@H](NC(=O)[C@H](CO)NC(=O)[C@H](CCCCN)NC(=O)[C@H](CCCNC(=N)N)NC(=O)C(C)(C)NC(=O)CNC(=O)[C@@H](NC(=O)[C@H](Cc1ccc(F)cc1)NC(=O)CNC(=O)CNC(=O)[C@@H](N)Cc1ccccc1)[C@@H](C)O)C(=O)N[C@@H](CCCNC(=N)N)C(=O)N[C@@H](CCCCN)C(=O)N[C@@H](CCCNC(=N)N)C(=O)N[C@@H](CCCCN)C(=O)N[C@@H](CC(N)=O)C(=O)N[C@@H](CCC(N)=O)C(N)=O,-2.630000489900912,training
CC(=O)N1CCC(c2ccccc2)(c2nccn2Cc2ccccc2)CC1,-1.568201724066995,training
CCOC(=O)N1CCC(c2ccccc2)(c2nccn2C/C=C/c2ccccc2)CC1,-2.4471580313422194,training
CCOC(=O)N1CCC(c2ccccc2)(c2nccn2CC2CCCCC2)CC1,-2.167317334748176,training
CCOC(=O)N1CCC(c2ccccc2)(c2nccn2Cc2ccccn2)CC1,-2.2380461031287955,training
CCOC(=O)N1CCC(c2ccccc2)(c2nccn2-c2ccc3ccccc3c2C)CC1,-2.807535028068853,training
CCOC(=O)N1CCC(c2ccccc2)(c2nccn2Cc2ccc(C(=O)OC)cc2)CC1,0.1307682802690238,training
CCOC(=O)N1CCC(c2ccccc2)(c2nccn2Cc2ccc(O)cc2)CC1,-0.6627578316815741,training
CCOC(=O)N1CCC(c2ccccc2)(c2nccn2Cc2ccc(F)cc2)CC1,-1.7075701760979365,training
CCOC(=O)N1CCC(c2ccccc2)(c2nccn2Cc2cccc(F)c2)CC1,-0.7708520116421442,training
CCOC(=O)N1CCC(c2ccccc2)(c2nccn2Cc2ccc(OC)cc2)CC1,-1.0791812460476249,training
CCOC(=O)N1CCC(c2ccccc2)(c2nccn2Cc2cccc(OC)c2)CC1,-1.462397997898956,training
CCOC(=O)N1CCC(c2ccccc2)(c2nccn2C(C)c2ccccc2)CC1,-0.0791812460476248,training
O=C(OCc1ccccc1)N1CCC(c2ccccc2)(c2nccn2Cc2ccccc2)CC1,-1.0791812460476249,training
CC(C)(C)OC(=O)N1CCC(c2ccccc2)(c2nccn2Cc2ccccc2)CC1,-0.9684829485539352,test
O=C(OC1CCCCC1)N1CCC(c2ccccc2)(c2nccn2Cc2ccccc2)CC1,-0.8692317197309762,training
CC(C)OC(=O)N1CCC(c2ccccc2)(c2nccn2Cc2ccccc2)CC1,-0.255272505103306,training
CCCCOC(=O)N1CCC(c2ccccc2)(c2nccn2Cc2ccccc2)CC1,-0.9684829485539352,training
CCCOC(=O)N1CCC(c2ccccc2)(c2nccn2Cc2ccccc2)CC1,-0.4623979978989561,training
CCOC(=O)N1CCC(c2ccccc2)(c2nccn2Cc2ccccc2)CC1,-0.568201724066995,training
COC(=O)N1CCC(c2ccccc2)(c2nccn2Cc2ccccc2)CC1,-1.2787536009528289,training
CCN(CC)C(=O)c1ccc(Cn2ccnc2C2(c3ccccc3)CCN(C(=O)c3ccccc3)CC2)cc1,-2.198657086954422,valid
COC(=O)c1ccc(Cn2ccnc2C2(c3ccccc3)CCN(C(=O)c3ccccc3)CC2)cc1,0.0315170514460648,training
COC(=O)c1cccc(Cn2ccnc2C2(c3ccccc3)CCN(C(=O)c3ccccc3)CC2)c1,-1.9294189257142929,training
CC(c1ccccc1)n1ccnc1C1(c2ccccc2)CCN(C(=O)c2ccccc2)CC1,-0.3617278360175928,valid
COCC(=O)N1CCC(c2ccccc2)(c2nccn2Cc2ccc(C(=O)OC)cc2)CC1,-0.7708520116421442,training
COCC(=O)N1CCC(c2ccccc2)(c2nccn2C(C)c2ccccc2)CC1,-0.568201724066995,test
O=C(c1cc(C(F)(F)F)cc(C(F)(F)F)c1)N1CCC(c2ccccc2)(c2nccn2Cc2ccccc2)CC1,-1.462397997898956,training
Cc1cc(C)c(C(=O)N2CCC(c3ccccc3)(c3nccn3Cc3ccccc3)CC2)c(C)c1,-2.096910013008056,training
Cc1cc(C)cc(C(=O)N2CCC(c3ccccc3)(c3nccn3Cc3ccccc3)CC2)c1,-1.568201724066995,training
O=C(c1ccccc1)N1CCC(c2ccccc2)(c2nccn2Cc2ccccc2)CC1,-0.3617278360175928,training
O=C(Cc1ccccc1)N1CCC(c2ccccc2)(c2nccn2Cc2ccccc2)CC1,-1.3617278360175928,training
COCC(=O)N1CCC(c2ccccc2)(c2nccn2Cc2ccccc2)CC1,-0.8692317197309762,test
CC(C)(C)C(=O)N1CCC(c2ccccc2)(c2nccn2Cc2ccccc2)CC1,-1.568201724066995,training
O=C(C1CC1)N1CCC(c2ccccc2)(c2nccn2Cc2ccccc2)CC1,-1.3617278360175928,training
CC(C)C(=O)N1CCC(c2ccccc2)(c2nccn2Cc2ccccc2)CC1,-1.6812412373755872,training
CCC(=O)N1CCC(c2ccccc2)(c2nccn2Cc2ccccc2)CC1,-1.462397997898956,test
CC(C)NC(=O)c1ccc(Oc2ccc(CNCCc3ccccc3)cc2)nc1,-3.382811021195524,valid
CCNC(=O)c1ccc(Oc2ccc(CNCCc3ccccc3)cc2)nc1,-2.8283891835708865,training
CNC(=O)c1ccc(Oc2ccc(CNCCc3ccccc3)cc2)nc1,-2.856396549116469,valid
CNC(=N)c1ccc(Oc2ccc(CNCCc3ccccc3)cc2)nc1,-3.5388701994282847,training
N=C(N)c1ccc(Oc2ccc(CNCCc3ccccc3)cc2)nc1,-2.3318927241022167,training
NC(=O)c1ccc(Oc2ccc(CNCCc3ccccc3)cc2)nc1,-0.0644579892269184,training
NC(=O)c1ccc(Oc2ccc(CCNCc3ccccc3)cc2)nc1,-1.8463989730346748,training
NC(=O)c1ccc(Oc2ccc(CNCCc3ccccc3)cc2)cn1,-0.7558748556724914,test
NC(=O)c1ccc(Oc2ccc(CNCCc3ccccc3)cc2)cc1,-0.146128035678238,training
NC(=O)c1ccc(Oc2ccc(CCCNCc3ccccc3)cc2)nc1,-2.695472920464796,training
NC(=O)c1ccc(Oc2ccc(CCNCCCc3ccccc3)cc2)nc1,-2.325577231940418,training
NC(=O)c1ccc(Oc2ccc(CCNCCc3ccccc3)cc2)nc1,-2.1074474095236093,training
Cc1c[nH]c(=O)c(CCCCNC(=O)[C@@H](N)Cc2c(C)cc(O)cc2C)n1,-1.8680563618230412,test
Cc1cccc(C)c1Cc1[nH]c(=O)c(CCCCNC(=O)[C@@H](N)Cc2c(C)cc(O)cc2C)nc1C,-0.724275869600789,training
Cc1cc(O)cc(C)c1C[C@H](N)C(=O)NCCCCc1nc(C)c(CCc2ccccc2)[nH]c1=O,-1.7474118078864231,valid
Cc1cc(O)cc(C)c1C[C@H](N)C(=O)NCCCc1nc(C)c(CCc2ccccc2)[nH]c1=O,-1.582063362911709,training
Cc1cc(O)cc(C)c1C[C@H](N)C(=O)NCCCCc1nc(C)c(Cc2ccccc2)[nH]c1=O,-0.9344984512435676,training
Cc1cc(O)cc(C)c1C[C@H](N)C(=O)NCCCc1nc(C)c(Cc2ccccc2)[nH]c1=O,-1.7752462597402363,training
Cc1cc(O)cc(C)c1C[C@H](N)C(=O)NCc1nc(C)c(C)[nH]c1=O,-2.8439176380063924,training
Cc1cc(O)cc(C)c1C[C@H](N)C(=O)NCCc1nc(C)c(C)[nH]c1=O,-1.9689496809813427,training
Cc1cc(O)cc(C)c1C[C@H](N)C(=O)NCCCc1nc(C)c(C)[nH]c1=O,-2.430397591386966,training
Cc1cc(O)cc(C)c1C[C@H](N)C(=O)NCCCCc1[nH]c(=O)c(C)nc1C,-2.3191060593097763,training
Cc1cc(O)cc(C)c1C[C@H](N)C(=O)NCCCCc1nc(C)c(C)[nH]c1=O,-1.8904210188009145,training
Cc1cc(O)cc(C)c1C[C@H](N)C(=O)NCCCCc1[nH]c(=O)cnc1C,-2.536179532137225,training
O=C(O)CCC(=O)N(c1ccccc1)C1CCN(CCc2ccccc2)CC1,-3.9731278535996983,training
C[C@@H](NC(=O)[C@@H](N)Cc1ccc(O)cc1)C(=O)NCC(=O)N[C@@H](Cc1ccccc1)C(N)=O,-2.4771212547196626,training
CCC(=O)N(c1ccccc1)C1CCN(C(=O)CCC(=O)NNC(=O)[C@H](Cc2ccccc2)NC(=O)CNC(=O)[C@@H](C)NC(=O)[C@@H](N)Cc2ccc(O)cc2)CC1,-0.505149978319906,valid
CCC(=O)N(c1ccccc1)C1CCN(C(=O)[C@H](Cc2ccccc2)NC(=O)[C@H](Cc2ccccc2)NC(=O)CNC(=O)[C@@H](C)NC(=O)[C@@H](N)Cc2c(C)cc(O)cc2C)CC1,0.4436974992327127,training
CCC(=O)N(c1ccccc1)C1CCN(C(=O)[C@H](Cc2ccccc2)NC(=O)[C@H](Cc2ccccc2)NC(=O)CNC(=O)[C@@H](C)NC(=O)[C@@H](N)Cc2ccc(O)cc2)CC1,0.1611509092627447,test
CCC(=O)N(c1ccccc1)C1CCN(C(=O)[C@H](Cc2ccccc2)NC(=O)CNC(=O)[C@@H](C)NC(=O)[C@@H](N)Cc2ccc(O)cc2)CC1,-3.845098040014257,training
C[C@@H](NC(=O)[C@@H](N)Cc1ccc(O)cc1)C(=O)NCC(=O)N[C@@H](Cc1ccccc1)C(=O)NNC(=O)CCC(=O)N(c1ccccc1)C1CCN(CCc2ccccc2)CC1,-0.785329835010767,training
C[C@@H](NC(=O)[C@@H](N)Cc1ccc(O)cc1)C(=O)NCC(=O)N[C@@H](Cc1ccccc1)C(=O)NNC(=O)CCC(=O)NC1CCN(CCc2ccccc2)CC1,-0.568201724066995,training
C[C@@H](NC(=O)[C@@H](N)Cc1ccc(O)cc1)C(=O)NCC(=O)N[C@@H](Cc1ccccc1)C(=O)NC1CCN(CCc2ccccc2)CC1,-1.146128035678238,training
NC(=O)c1ccc(Oc2ccc3c(c2)CCCN(CCCN2CCOCC2)C3)nc1,-3.4109458586877746,training
NC(=O)c1ccc(Oc2ccc3c(c2)CCCN(CCN2CCOCC2)C3)nc1,-3.280805928393667,training
NC(=O)c1ccc(Oc2ccc3c(c2)CCCN(CCCC2CCCCC2)C3)nc1,-2.668637473671116,valid
NC(=O)c1ccc(Oc2ccc3c(c2)CCCN(CCCC(F)(F)F)C3)nc1,-2.588999590499436,training
CCC(CC)CN1CCCc2cc(Oc3ccc(C(N)=O)cn3)ccc2C1,-3.589726256254237,valid
CC(C)(C)CCN1CCCc2cc(Oc3ccc(C(N)=O)cn3)ccc2C1,-2.6120311338515405,training
CC(C)CCCCN1CCCc2cc(Oc3ccc(C(N)=O)cn3)ccc2C1,-2.379794843276982,test
CC(C)CCCN1CCCc2cc(Oc3ccc(C(N)=O)cn3)ccc2C1,-2.0329409377808534,training
CC(C)CCN1CCCc2cc(Oc3ccc(C(N)=O)cn3)ccc2C1,-2.3663482334677184,training
CCCCCCN1CCCc2cc(Oc3ccc(C(N)=O)cn3)ccc2C1,-2.212773373519913,training
CCCCCN1CCCc2cc(Oc3ccc(C(N)=O)cn3)ccc2C1,-2.271841606536499,training
CCCCN1CCCc2cc(Oc3ccc(C(N)=O)cn3)ccc2C1,-2.702171950857711,test
NC(=O)c1ccc(Oc2ccc(CCN3CCc4ccccc4C3)cc2)nc1,-2.158573556172256,training
NC(=O)c1ccc(Oc2ccc3c(c2)CCN(CCc2ccccc2)CC3)nc1,-3.138933940256924,test
NC(=O)c1ccc(Oc2ccc3c(c2)CCN(Cc2ccccc2)CC3)nc1,-3.4326486600131068,training
NC(=O)c1ccc(Oc2ccc3c(c2)CCCN(CCc2ccccc2)C3)nc1,-2.228887768019421,training
NC(=O)c1ccc(Oc2ccc3c(c2)CN(Cc2ccccc2)CC3)nc1,-3.388978144868233,valid
NC(=O)c1ccc(Oc2ccc3c(c2)CCN(CCCc2ccccc2)C3)nc1,-3.330210784571528,test
NC(=O)c1ccc(Oc2ccc3c(c2)CCN(CCc2ccccc2)C3)nc1,-2.2543063323312857,training
NC(=O)c1ccc(Oc2ccc3c(c2)CCN(Cc2ccccc2)C3)nc1,-3.3712526291249394,training
NC(=O)c1ccc(Oc2ccc3c(c2)CN(CCc2ccccc2)C3)nc1,-3.356790460351716,training
CNC(=O)CN1CN(c2ccccc2)C2(CCN(CCC(Oc3cc(OC)ccc3C)C(C)C)CC2)C1=O,-2.505149978319906,training
COc1ccc(C)c(OC(CCN2CCC(n3c(=O)n(CS(C)(=O)=O)c4ccccc43)CC2)C(C)C)c1,-3.070037866607755,training
COc1ccc(C)c(OC(CCN2CCC(n3c(=O)n(C[S+](C)O)c4ccccc43)CC2)C(C)C)c1,-3.16761267272753,training
COc1ccc(C)c(OC(CCN2CCC(n3c(=O)n(CCSC)c4ccccc43)CC2)C(C)C)c1,-3.212453961040276,training
COC(=O)CCn1c(=O)n(C2CCN(CCC(Oc3cc(OC)ccc3C)C(C)C)CC2)c2ccccc21,-3.4891143693789197,training
COc1ccc(C)c(OC(CCN2CCC(n3c(=O)n(CSC)c4ccccc43)CC2)C(C)C)c1,-2.783903579272735,training
COC(=O)Cn1c(=O)n(C2CCN(CCC(Oc3cc(OC)ccc3C)C(C)C)CC2)c2ccccc21,-3.4891143693789197,valid
COc1ccc(C)c(OC(CCN2CCC(n3c(=O)n(CC(N)=O)c4ccccc43)CC2)C(C)C)c1,-3.305351369446624,training
O=C1NCN(c2ccccc2)C12CCN(Cc1ccccc1)CC2,-3.469232742506612,training
CC1(C)CCC(N2CCC3(CC2)C(=O)NCN3c2ccccc2)c2cc(Cl)c(Cl)cc21,-4.066512277856596,training
CC1(C)CCC(N2CCC3(CC2)C(=O)NCN3c2ccccc2)c2ccc(F)cc21,-3.3911116137028023,training
CC1(C)CCC(N2CCC3(CC2)C(=O)NCN3c2ccccc2)c2ccc(Cl)cc21,-3.1109262422664203,test
O=C1NCN(c2ccccc2)C12CCN(C1CCCc3c(Cl)cccc31)CC2,-3.355259905527378,training
O=C1NCN(c2ccccc2)C12CCN(C1CCCc3ccc(Cl)cc31)CC2,-3.3998467127129226,training
O=C1NCN(c2ccccc2)C12CCN(C1CCCc3cccc(Cl)c31)CC2,-3.1383026981662816,training
O=C1NCN(c2ccccc2)C12CCN(C1CCCc3c(F)cccc31)CC2,-3.380211241711606,training
O=C1NCN(c2ccccc2)C12CCN(C1CCCc3ccc(F)cc31)CC2,-3.423245873936808,training
O=C1NCN(c2ccccc2)C12CCN(C1CCCc3cccc(F)c31)CC2,-3.090258052931316,training
CC1(C)CCC(N2CCC3(CC2)C(=O)NCN3c2ccccc2)c2ccccc21,-3.2528530309798933,test
O=C1NCN(c2ccccc2)C12CCN(C1CCCCc3ccccc31)CC2,-3.2801228963023075,training
O=C1NCN(c2ccccc2)C12CCN(C(c1ccc(F)cc1)c1ccc(F)cc1)CC2,-3.748032894130144,training
O=C1NCN(c2ccccc2)C12CCN(C(c1cccc(F)c1)c1cccc(F)c1)CC2,-4.015359755409214,training
O=C1NCN(c2ccccc2)C12CCN(C(c1ccccc1F)c1ccccc1F)CC2,-4.205068964264459,training
O=C1NCN(c2ccccc2)C12CCN(C(c1cccc(Cl)c1)c1cccc(Cl)c1)CC2,-4.423491631454581,training
Cc1ccccc1C(c1ccccc1C)N1CCC2(CC1)C(=O)NCN2c1ccccc1,-3.934498451243568,training
Cc1ccccc1C(c1ccccc1)N1CCC2(CC1)C(=O)NCN2c1ccccc1,-3.781180720937262,test
O=C1NCN(c2ccccc2)C12CCN(C(c1ccccc1)c1ccccc1Cl)CC2,-4.169380495311949,training
O=C1NCN(c2ccccc2)C12CCN(C(c1ccccc1)c1ccccc1F)CC2,-4.196314385353599,training
O=C1NCN(c2ccccc2)C12CCN(C1c3ccccc3C=Cc3ccccc31)CC2,-4.061075323629792,training
O=C1NCN(c2ccccc2)C12CCN(C1c3ccccc3CCc3ccccc31)CC2,-3.990516444028229,valid
O=C1NCN(c2ccccc2)C12CCN(C(c1ccccc1)c1ccccc1)CC2,-4.5785246052749935,training
O=C1NCN(c2ccccc2)C12CCN(C(c1ccccc1)C1CCCC1)CC2,-3.670245853074124,training
CC(C)CCC(c1ccccc1)N1CCC2(CC1)C(=O)NCN2c1ccccc1,-2.866877814337499,training
CCCCC(c1ccccc1)N1CCC2(CC1)C(=O)NCN2c1ccccc1,-3.15259407792747,training
CCCC(c1ccccc1)N1CCC2(CC1)C(=O)NCN2c1ccccc1,-3.5280163411892014,training
CCC(c1ccccc1)N1CCC2(CC1)C(=O)NCN2c1ccccc1,-3.8354368948018585,training
CC(c1ccccc1)N1CCC2(CC1)C(=O)NCN2c1ccccc1,-3.014940349792937,training
O=C1NCN(c2ccccc2)C12CCN(Cc1c(Cl)cccc1Cl)CC2,-3.212986184736668,training
O=C1NCN(c2ccccc2)C12CCN(Cc1ccccc1Cl)CC2,-2.860038389807193,training
O=C1NCN(c2ccccc2)C12CCN(Cc1ccsc1)CC2,-3.954194251815863,training
O=C1NCN(c2ccccc2)C12CCN(Cc1cccnc1)CC2,-3.5787537844264348,training
O=C1NCN(c2ccccc2)C12CCN(Cc1ccccn1)CC2,-4.504266920494004,test
O=C1NCN(c2ccccc2)C12CCN(CC1CCCCC1)CC2,-4.867202233849439,valid
O=C1NCN(c2ccccc2)C12CCN(C(c1ccccc1)c1ccc(Cl)cc1)CC2,-4.394539231372204,training
CSCC[C@H](NC(=O)[C@H](Cc1ccccc1)NC(=O)CNC(=O)[C@H](C)NC(=O)[C@@H](N)Cc1ccc2nc(N)sc2c1)C(=O)O,-0.0,test
CC(C)C[C@H](NC(=O)[C@H](Cc1ccccc1)NC(=O)CNC(=O)[C@H](CO)NC(=O)[C@@H](N)Cc1ccc2nc(N)sc2c1)C(=O)N[C@H](C(=O)O)[C@@H](C)O,-0.5797835966168101,training
Cc1cc(C(N)=O)cc(C)c1C[C@H](N)C(=O)N[C@@H](CO)C(=O)NCC(=O)N[C@@H](Cc1ccccc1)C(=O)N[C@@H](CC(C)C)C(=O)N[C@H](C(=O)O)[C@@H](C)O,-0.0791812460476248,training
CC(C)C[C@H](NC(=O)[C@H](Cc1ccccc1)NC(=O)CNC(=O)[C@H](CO)NC(=O)[C@@H](N)Cc1cccc(C(N)=O)c1)C(=O)N[C@H](C(=O)O)[C@@H](C)O,-1.6232492903979006,training
CC(C)C[C@H](NC(=O)[C@H](Cc1ccccc1)NC(=O)CNC(=O)[C@H](CO)NC(=O)[C@@H](N)Cc1cc[n+]([O-])cc1)C(=O)N[C@H](C(=O)O)[C@@H](C)O,-2.5563025007672877,training
CC(C)C[C@H](NC(=O)[C@H](Cc1ccccc1)NC(=O)CNC(=O)CNC(=O)[C@@H](N)Cc1ccc2nc(N)sc2c1)C(=O)O,-1.2787536009528289,training
Cc1cc(C(N)=O)cc(C)c1C[C@H](N)C(=O)NCC(=O)NCC(=O)N[C@@H](Cc1ccccc1)C(=O)N[C@@H](CC(C)C)C(=O)O,-0.0,valid
CC(C)C[C@H](NC(=O)[C@H](Cc1ccccc1)NC(=O)CNC(=O)CNC(=O)[C@@H](N)Cc1cccc(C(N)=O)c1)C(=O)O,-2.6766936096248664,test
CC(C)C[C@H](NC(=O)[C@H](Cc1ccccc1)NC(=O)CNC(=O)[C@H](C)NC(=O)[C@@H](N)Cc1ccc2nc(N)sc2c1)C(=O)O,-1.0,training
Cc1cc(C(N)=O)cc(C)c1C[C@H](N)C(=O)N[C@@H](C)C(=O)NCC(=O)N[C@@H](Cc1ccccc1)C(=O)N[C@@H](CC(C)C)C(=O)O,0.1079053973095195,training
CC(C)C[C@H](NC(=O)[C@H](Cc1ccccc1)NC(=O)CNC(=O)[C@H](C)NC(=O)[C@@H](N)Cc1cccc(C(N)=O)c1)C(=O)O,-2.230448921378274,test
CC(C)C[C@H](NC(=O)[C@H](Cc1ccccc1)NC(=O)CNC(=O)[C@H](C)NC(=O)[C@@H](N)Cc1ccc(C(=O)O)cc1)C(=O)O,-3.041392685158225,training
CC(C)C[C@H](NC(=O)[C@H](Cc1ccccc1)NC(=O)CNC(=O)[C@H](C)NC(=O)[C@@H](N)Cc1ccc(N)cc1)C(=O)O,-1.2787536009528289,training
CC1(C)SSC(C)(C)[C@@H](NC(=O)[C@@H](N)Cc2ccc(C(N)=O)cc2)C(=O)NCC(=O)N[C@@H](Cc2ccccc2)C(=O)N[C@H]1C(=O)O,-1.2787536009528289,training
CSCC[C@H](NC(=O)[C@H](Cc1ccccc1)NC(=O)CNC(=O)CNC(=O)[C@@H](N)Cc1ccc(C(N)=O)cc1)C(N)=O,-0.1139433523068367,training
CSCC[C@H](NC(=O)[C@H](Cc1ccccc1)NC(=O)CNC(=O)CNC(=O)[C@@H](N)Cc1ccc(O)cc1)C(N)=O,-1.0,test
CSCC[C@H](NC(=O)[C@H](Cc1ccccc1)NC(=O)CNC(=O)CNC(=O)[C@@H](N)Cc1ccc(C(N)=O)cc1)C(=O)O,-0.255272505103306,training
CN1CC[C@]23c4c5ccc(O)c4O[C@H]2c2[nH]c4ccc(I)cc4c2C[C@@]3(O)[C@H]1C5,-0.5797835966168101,training
CN1CC[C@]23c4c5ccc(O)c4O[C@H]2c2[nH]c4ccc(Br)cc4c2C[C@@]3(O)[C@H]1C5,-0.9344984512435676,training
CN1CC[C@]23c4c5ccc(O)c4O[C@H]2c2[nH]c4ccc(Cl)cc4c2C[C@@]3(O)[C@H]1C5,-0.7075701760979364,training
CN1CC[C@]23c4c5ccc(O)c4O[C@H]2c2[nH]c4ccc(F)cc4c2C[C@@]3(O)[C@H]1C5,-0.3617278360175928,training
C[C@H]1C2Cc3ccc(C(=O)NCCCc4cccc5ccccc45)cc3[C@@]1(C)CCN2CC1CC1,-1.255272505103306,training
C[C@H]1C2Cc3ccc(C(=O)NCCc4cccc5ccccc45)cc3[C@@]1(C)CCN2CC1CC1,-1.380211241711606,training
C[C@H]1C2Cc3ccc(C(=O)NCc4cccc5ccccc45)cc3[C@@]1(C)CCN2CC1CC1,-1.7160033436347992,test
C[C@H]1C2Cc3ccc(C(=O)NCCCc4ccc5ccccc5c4)cc3[C@@]1(C)CCN2CC1CC1,-1.255272505103306,training
C[C@H]1C2Cc3ccc(C(=O)NCc4ccc5ccccc5c4)cc3[C@@]1(C)CCN2CC1CC1,-1.4913616938342726,test
Cc1ccc(-c2ccc(CCNC(=O)c3ccc4c(c3)[C@@]3(C)CCN(CC5CC5)C(C4)[C@@H]3C)cc2)cc1,0.1426675035687315,training
C[C@H]1C2Cc3ccc(C(=O)NCCc4ccc(-c5ccc(Cl)c(Cl)c5)cc4)cc3[C@@]1(C)CCN2CC1CC1,-0.3979400086720376,training
C[C@H]1C2Cc3ccc(C(=O)NCCc4ccc(-c5ccc(Cl)cc5)cc4)cc3[C@@]1(C)CCN2CC1CC1,0.1487416512809247,test
C[C@H]1C2Cc3ccc(C(=O)NCCc4ccccc4Br)cc3[C@@]1(C)CCN2CC1CC1,-2.1760912590556813,training
C[C@H]1C2Cc3ccc(C(=O)NCCc4cccc(Br)c4)cc3[C@@]1(C)CCN2CC1CC1,-0.5440680443502757,training
C[C@H]1C2Cc3ccc(C(=O)NCCc4ccc(Br)cc4)cc3[C@@]1(C)CCN2CC1CC1,-0.3979400086720376,training
C[C@H]1C2Cc3ccc(C(=O)NCCc4ccccc4-c4ccccc4)cc3[C@@]1(C)CCN2CC1CC1,-1.3222192947339193,training
C[C@H]1C2Cc3ccc(C(=O)NCCc4cccc(-c5ccccc5)c4)cc3[C@@]1(C)CCN2CC1CC1,-0.7708520116421442,valid
O=c1cc(-c2ccc(O)c(-c3c(O)cc(O)c4c(=O)cc(-c5ccc(O)cc5)oc34)c2)oc2cc(O)cc(O)c12,-1.5593080109070123,training
O=C1NCN(c2ccccc2)C12CCN([C@@H]1CC[C@H]3CCCc4cccc1c43)CC2,-3.1398790864012365,test
COc1ccc(CC(=O)N[C@@H]2CC[C@@]3(O)[C@H]4Cc5ccc(O)c6c5[C@@]3(CCN4CC3CC3)[C@H]2O6)cc1,-1.2990712600274097,training
O=C(Cc1ccccc1)N[C@@H]1CC[C@@]2(O)[C@H]3Cc4ccc(O)c5c4[C@@]2(CCN3CC2CC2)[C@H]1O5,-1.4471580313422192,training
COc1cccc(CC(=O)N[C@@H]2CC[C@@]3(O)[C@H]4Cc5ccc(O)c6c5[C@@]3(CCN4CC3CC3)[C@H]2O6)c1,-1.1986570869544226,training
O=C(CCc1ccccc1)N[C@@H]1CC[C@@]2(O)[C@H]3Cc4ccc(O)c5c4[C@@]2(CCN3CC2CC2)[C@H]1O5,-1.0863598306747482,training
O=C(/C=C/Cc1ccccc1)N[C@@H]1CC[C@@]2(O)[C@H]3Cc4ccc(O)c5c4[C@@]2(CCN3CC2CC2)[C@H]1O5,-0.9148718175400504,test
O=C(O)c1ccc(C(=O)N[C@@H]2CC[C@@]3(O)[C@H]4Cc5ccc(O)c6c5[C@@]3(CCN4CC3CC3)[C@H]2O6)cc1,-1.8988896559265864,training
CN(C)c1cccc(C(=O)NC2CC[C@@]3(O)[C@H]4Cc5ccc(O)c6c5[C@@]3(CCN4CC3CC3)[C@H]2O6)c1,-0.9294189257142929,test
CC(C)(C)OC(=O)Nc1ccc(C(=O)N[C@@H]2CC[C@@]3(O)[C@H]4Cc5ccc(O)c6c5[C@@]3(CCN4CC3CC3)[C@H]2O6)cc1,-1.4029488293444048,training
Nc1ccc(C(=O)N[C@@H]2CC[C@@]3(O)[C@H]4Cc5ccc(O)c6c5[C@@]3(CCN4CC3CC3)[C@H]2O6)cc1,-1.5625307688622614,training
COC(=O)c1ccc(C(=O)N[C@@H]2CC[C@@]3(O)[C@H]4Cc5ccc(O)c6c5[C@@]3(CCN4CC3CC3)[C@H]2O6)cc1,-1.4342494523964755,training
O=C(N[C@@H]1CC[C@@]2(O)[C@H]3Cc4ccc(O)c5c4[C@@]2(CCN3CC2CC2)[C@H]1O5)c1cccc([N+](=O)[O-])c1,-0.6263403673750424,training
O=C(N[C@@H]1CC[C@@]2(O)[C@H]3Cc4ccc(O)c5c4[C@@]2(CCN3CC2CC2)[C@H]1O5)c1cccc(O)c1,-0.436162647040756,test
O=C(N[C@@H]1CC[C@@]2(O)[C@H]3Cc4ccc(O)c5c4[C@@]2(CCN3CC2CC2)[C@H]1O5)c1ccc(Cl)c(Cl)c1,0.1023729087095585,training
O=C(N[C@@H]1CC[C@@]2(O)[C@H]3Cc4ccc(O)c5c4[C@@]2(CCN3CC2CC2)[C@H]1O5)c1ccc(Cl)cc1,-0.146128035678238,training
O=C(C[C@@H]1O[C@H](COCc2ccccc2)[C@@H](OCc2ccccc2)[C@H](OCc2ccccc2)[C@H]1OCc1ccccc1)N[C@H]1CC[C@@]2(O)[C@H]3Cc4ccc(O)c5c4[C@@]2(CCN3CC2CC2)[C@H]1O5,-1.3895204658463771,test
C=C1CC[C@@]2(O)[C@H]3Cc4ccc(O)c5c4[C@@]2(CCN3CC2CC2)[C@H]1O5,-1.1124374173218436,training
C[C@H]1CN(C[C@H](Cc2ccccc2)C(=O)N[C@@H](CCCCN)C(=O)O)CC[C@@]1(C)c1cccc(O)c1,-3.1760912590556813,test
C[C@H]1CN(C[C@H](Cc2ccccc2)C(=O)N[C@@H](CCCN)C(=O)O)CC[C@@]1(C)c1cccc(O)c1,-2.7075701760979363,training
C[C@H]1CN(C[C@H](Cc2ccccc2)C(=O)N[C@@H](CCC(=O)O)C(=O)O)CC[C@@]1(C)c1cccc(O)c1,-2.5563025007672877,training
C[C@H]1CN(C[C@H](Cc2ccccc2)C(=O)N[C@@H](CC(=O)O)C(=O)O)CC[C@@]1(C)c1cccc(O)c1,-2.6989700043360187,training
C[C@H]1CN(C[C@H](Cc2ccccc2)C(=O)N[C@@H](CCc2ccccc2)C(=O)O)CC[C@@]1(C)c1cccc(O)c1,-1.0,training
C[C@H]1CN(C[C@H](Cc2ccccc2)C(=O)N[C@@H](CC2CCCCC2)C(=O)O)CC[C@@]1(C)c1cccc(O)c1,-1.1760912590556811,training
C[C@H]1CN(C[C@H](Cc2ccccc2)C(=O)N[C@@H](Cc2ccc3ccccc3c2)C(=O)O)CC[C@@]1(C)c1cccc(O)c1,-0.505149978319906,training
C[C@H]1CN(C[C@H](Cc2ccccc2)C(=O)N[C@@H](Cc2cccc3ccccc23)C(=O)O)CC[C@@]1(C)c1cccc(O)c1,-1.4913616938342726,training
C[C@H]1CN(C[C@H](Cc2ccccc2)C(=O)N[C@@H](Cc2ccc(-c3ccccc3)cc2)C(=O)O)CC[C@@]1(C)c1cccc(O)c1,-0.919078092376074,valid
C[C@H]1CN(C[C@H](Cc2ccccc2)C(=O)N[C@@H](Cc2ccccc2)C(=O)O)CC[C@@]1(C)c1cccc(O)c1,-1.1760912590556811,training
C[C@H]1CN(CCC(=O)N(Cc2cccc(Cl)c2)[C@@H](Cc2ccccc2)C(=O)O)CC[C@@]1(C)c1cccc(O)c1,-1.380211241711606,training
C[C@H]1CN(CCC(=O)N(Cc2ccc(-c3ccccc3)cc2)[C@@H](Cc2ccccc2)C(=O)O)CC[C@@]1(C)c1cccc(O)c1,-1.7160033436347992,test
C[C@H]1CN(CCC(=O)N(CCc2ccccc2)[C@@H](Cc2ccccc2)C(=O)O)CC[C@@]1(C)c1cccc(O)c1,-1.7993405494535817,training
C[C@H]1CN(CCC(=O)N(Cc2ccccc2)[C@@H](Cc2ccccc2)C(=O)O)CC[C@@]1(C)c1cccc(O)c1,-1.591064607026499,valid
C[C@H]1CN(CCC(=O)N(c2ccccc2)[C@@H](Cc2ccccc2)C(=O)O)CC[C@@]1(C)c1cccc(O)c1,-1.8260748027008264,training
C[C@H]1CN(CCC(=O)N(CC2CC2)[C@@H](Cc2ccccc2)C(=O)O)CC[C@@]1(C)c1cccc(O)c1,-2.0,test
CC(C)CN(C(=O)CCN1CC[C@@](C)(c2cccc(O)c2)[C@@H](C)C1)[C@@H](Cc1ccccc1)C(=O)O,-1.462397997898956,valid
CCN(C(=O)CCN1CC[C@@](C)(c2cccc(O)c2)[C@@H](C)C1)[C@@H](Cc1ccccc1)C(=O)O,-2.7075701760979363,training
C[C@H]1CN(CCC(=O)N(C)[C@@H](Cc2ccccc2)C(=O)O)CC[C@@]1(C)c1cccc(O)c1,-2.792391689498254,training
C[C@H]1CN(CCC(=O)N[C@@H](CCc2ccccc2)C(=O)O)CC[C@@]1(C)c1cccc(O)c1,-2.5563025007672877,training
C[C@H]1CN(CCC(=O)N[C@@H](Cc2ccc(-c3ccccc3)cc2)C(=O)O)CC[C@@]1(C)c1cccc(O)c1,-2.204119982655925,training
C[C@H]1CN(CCC(=O)N[C@@H](CC2CCCCC2)C(=O)O)CC[C@@]1(C)c1cccc(O)c1,-2.230448921378274,training
C[C@H]1CN(CCC(=O)N[C@@H](Cc2ccccc2)C(=O)O)CC[C@@]1(C)c1cccc(O)c1,-2.9956351945975497,training
C[C@H]1CN(C[C@H](Cc2ccccc2)C(=O)NCC(=O)O)CC[C@@]1(C)c1cccc(O)c1,-0.9297253783780044,valid
C=CCN1C[C@H]2C(c3ccccc3)=CC[C@@H]1CN2Cc1ccc(C(=O)N(CC)CC)cc1,-2.869231719730976,valid
COc1ccc(C)c(OC(CCN2CCC(n3c(=O)n(Cc4ncn[nH]4)c4ccccc43)CC2)C(C)C)c1,-3.110000151133113,valid
CN1CC[C@]23c4c5cccc4O[C@H]2[C@@H](O)CC[C@H]3[C@H]1C5,-3.720159303405957,training
COc1ccc2c3c1O[C@H]1[C@@H](O)C=C[C@H]4[C@@H](C2)N(C)CC[C@]314,-4.717728737821343,training
CN1CC[C@]23c4c5cccc4O[C@H]2CCC[C@H]3[C@H]1C5,-2.3820170425748683,training
COc1ccc2c3c1O[C@H]1CC=C[C@H]4[C@@H](C2)N(C)CC[C@]314,-3.655138434811382,training
CN1CC[C@]23c4c5ccc(O)c4O[C@H]2CC=C[C@H]3[C@H]1C5,-1.0718820073061257,training
CO[C@H]1CC[C@H]2[C@H]3Cc4cccc5c4[C@@]2(CCN3C)[C@H]1O5,-3.945960703577569,training
COc1ccc2c3c1O[C@H]1[C@@H](OC)C=C[C@H]4[C@@H](C2)N(C)CC[C@]314,-3.644438589467839,training
COC(=O)[C@@H]1C[C@H](SC(=O)c2ccccc2)C(=O)[C@H]2[C@@]1(C)CC[C@H]1C(=O)O[C@H](c3ccoc3)C[C@]21C,-3.285557309007774,test
COC(=O)[C@@H]1C[C@H](NC(=O)c2ccccc2)C(=O)[C@H]2[C@@]1(C)CC[C@H]1C(=O)O[C@H](c3ccoc3)C[C@]21C,-2.908485018878649,training
COC(=O)[C@@H]1C[C@H](OC(=O)c2ccsc2)C(=O)[C@H]2[C@@]1(C)CC[C@H]1C(=O)O[C@H](c3ccoc3)C[C@]21C,-2.838849090737255,training
COC(=O)[C@@H]1C[C@H](OC(=O)c2cccs2)C(=O)[C@H]2[C@@]1(C)CC[C@H]1C(=O)O[C@H](c3ccoc3)C[C@]21C,-3.1398790864012365,training
COC(=O)[C@@H]1C[C@H](OC(=O)c2cc3ccccc3o2)C(=O)[C@H]2[C@@]1(C)CC[C@H]1C(=O)O[C@H](c3ccoc3)C[C@]21C,-2.7634279935629373,training
COC(=O)[C@@H]1C[C@H](OC(=O)c2ccc(OC)cc2)C(=O)[C@H]2[C@@]1(C)CC[C@H]1C(=O)O[C@H](c3ccoc3)C[C@]21C,-3.269512944217916,training
COC(=O)[C@@H]1C[C@H](OC(=O)c2cccc(OC)c2)C(=O)[C@H]2[C@@]1(C)CC[C@H]1C(=O)O[C@H](c3ccoc3)C[C@]21C,-3.0569048513364727,training
COC(=O)[C@@H]1C[C@H](OC(=O)c2ccc(Br)cc2)C(=O)[C@H]2[C@@]1(C)CC[C@H]1C(=O)O[C@H](c3ccoc3)C[C@]21C,-3.14921911265538,training
CN(C(=O)Cc1cc2c(cc1S(=O)(=O)N(C)Cc1ccccc1)OCO2)[C@H](CN1CCCC1)c1ccccc1,-0.5314789170422551,training
CN(C(=O)Cc1cc2c(cc1S(=O)(=O)N(C)C)OCO2)[C@H](CN1CC[C@H](O)C1)c1ccccc1,-0.7923916894982539,test
CN(C(=O)Cc1cc2c(cc1S(=O)(=O)N(C)C)OCO2)[C@H](CN1CCCC1)c1ccccc1,-2.041392685158225,training
CN(C(=O)Cc1ccc2c(c1)OCO2)[C@H](CN1CCCC1)c1ccccc1,-2.7634279935629373,training
COc1cc(CC(=O)N(C)[C@H](CN2CC[C@H](O)C2)c2ccccc2)c(S(=O)(=O)N2CCOCC2)cc1OC,-0.255272505103306,training
COc1cc(CC(=O)N(C)[C@H](CN2CCCC2)c2ccccc2)c(S(=O)(=O)N2CCOCC2)cc1OC,-0.9731278535996988,training
COc1cc(CC(=O)N(C)[C@H](CN2CC[C@H](O)C2)c2ccccc2)c(S(=O)(=O)N2CCN(C)CC2)cc1OC,-0.6434526764861874,training
COc1cc(CC(=O)N(C)[C@H](CN2CCCC2)c2ccccc2)c(S(=O)(=O)N2CCN(C)CC2)cc1OC,-1.3617278360175928,test
COc1cc(CC(=O)N(C)[C@H](CN2CC[C@H](O)C2)c2ccccc2)c(S(=O)(=O)N2CCCC2)cc1OC,0.0705810742857072,training
COc1cc(CC(=O)N(C)[C@H](CN2CCCC2)c2ccccc2)c(S(=O)(=O)N2CCCC2)cc1OC,-0.7323937598229685,training
COc1cc(CC(=O)N(C)[C@H](CN2CCCC2)c2ccccc2)c(S(=O)(=O)N(C)Cc2ccccc2)cc1OC,-0.1760912590556812,valid
COc1cc(CC(=O)N(C)[C@H](CN2CC[C@H](O)C2)c2ccccc2)c(S(=O)(=O)N(C)C)cc1OC,-0.9684829485539352,training
COc1cc(CC(=O)N(C)[C@H](CN2CCCC2)c2ccccc2)c(S(=O)(=O)N(C)C)cc1OC,-1.7481880270062005,training
COc1ccc(CC(=O)N(C)[C@H](CN2CCCC2)c2ccccc2)cc1OC,-2.6989700043360187,valid
CC[C@H](C)[C@H](NC(=O)[C@H](CCCNC(=N)N)NC(=O)[C@H](CCCNC(=N)N)NC(=O)[C@H](CC(C)C)NC(=O)[C@H](Cc1ccccc1)NC(=O)CNC(=O)CNC(=O)[C@@H](N)Cc1ccc(O)cc1)C(=O)N[C@@H](CCCNC(=N)N)C(=O)N1CCC[C@H]1C(=O)N[C@@H](CCCCN)C(=O)N[C@@H](CC(C)C)C(=O)N[C@@H](CCCCN)C(=O)N[C@@H](Cc1c[nH]c2ccccc12)C(=O)N[C@@H](CC(=O)O)C(=O)N[C@@H](CC(N)=O)C(=O)N[C@@H](CCC(N)=O)C(=O)O,-0.7708520116421442,training
Oc1ccc2c(c1)[C@@]13CCCC[C@@]1(O)[C@@H](C2)N(CC1CCC1)CC3,-1.0791812460476249,valid
C=C(C)CN1CCC(C#N)(c2ccccc2)CC1,-3.6989700043360183,training
COc1cccc(C2(O)CCCCC2CN(C)C)c1,-0.9731278535996988,training
CN(C)C[C@H]1CCCC[C@]1(O)c1cccc(C(N)=O)c1,-3.380211241711606,valid
CN(C)C[C@H]1CCCC[C@]1(O)c1cccc(O)c1,-3.462397997898956,training
NC(=O)c1ccc2c3c1O[C@H]1C4NC5C(C[C@@]6(O)[C@H]7Cc8ccc(C(N)=O)c9c8[C@@]6(CCN7CC6CC6)[C@H]5O9)C4C[C@@]4(O)[C@@H](C2)N(CC2CC2)CC[C@]314,-3.0,test
CO[C@@]12CC[C@@]3(C[C@@H]1[C@@](C)(O)C(C)(C)C)[C@H]1Cc4ccc(C(N)=O)c5c4[C@@]3(CCN1CC1CC1)[C@H]2O5,-1.7323937598229686,training
C=CCN1CC[C@]23c4c5ccc(O)c4O[C@H]2[C@@H](O)C=C[C@H]3[C@H]1C5,-2.0791812460476247,training
CC(C)=CCN1CC[C@@]2(C)c3cc(C(N)=O)ccc3C[C@@H]1[C@@H]2C,-2.342422680822206,training
CC1C2Cc3ccc(C(N)=O)cc3C1(C)CCN2C,-2.505149978319906,valid
C[C@H]1C2Cc3ccc(O)cc3[C@@]1(C)CCN2CCc1ccccc1,-0.6989700043360189,training
CC1C2Cc3ccc(C(N)=O)cc3C1(C)CCN2CCc1ccccc1,-0.0791812460476248,test
NC(=O)c1ccc2c(c1)[C@@]13CCCC[C@@]1(O)[C@@H](C2)N(CC1CCC1)CC3,-1.146128035678238,training
C=CCN1CC[C@]23c4c5ccc(C(N)=O)c4O[C@H]2C(=O)CC[C@@]3(O)[C@H]1C5,-3.0,valid
C=C1CC[C@@]2(O)[C@H]3Cc4ccc(C(N)=O)c5c4[C@@]2(CCN3CC2CC2)[C@H]1O5,-1.8260748027008264,valid
C[C@H]1C2Cc3cc4cc[nH]c(=O)c4cc3[C@@]1(C)CCN2CC1CC1,-1.869231719730976,training
C[C@H]1C2Cc3cc(N)c(C(N)=O)cc3[C@@]1(C)CCN2CC1CC1,-3.3010299956639813,training
C[C@H]1C2Cc3ccc(C(N)=O)c(N)c3[C@@]1(C)CCN2CC1CC1,-1.5440680443502757,training
C[C@H]1C2Cc3cc([N+](=O)[O-])c(C(N)=O)cc3[C@@]1(C)CCN2CC1CC1,-2.863322860120456,training
C[C@H]1C2Cc3ccc(C(N)=O)c([N+](=O)[O-])c3[C@@]1(C)CCN2CC1CC1,-2.342422680822206,training
C[C@H]1C2Cc3ccc(O)c([N+](=O)[O-])c3[C@@]1(C)CCN2CC1CC1,-3.278753600952829,training
C[C@H]1C2Cc3cc4ncnc(NCc5ccccc5)c4cc3[C@@]1(C)CCN2CC1CC1,-3.0,training
C[C@H]1C2Cc3cc4ncnc(NCCc5ccc(-c6ccccc6)cc5)c4cc3[C@@]1(C)CCN2CC1CC1,-2.6127838567197355,valid
C[C@H]1C2Cc3ccc4c(NCc5ccccc5)ncnc4c3[C@@]1(C)CCN2CC1CC1,-3.1760912590556813,training
C[C@H]1C2Cc3ccc4c(NCCc5ccc(-c6ccccc6)cc5)ncnc4c3[C@@]1(C)CCN2CC1CC1,-1.7160033436347992,training
C[C@H]1C2Cc3ccc4c(N)ncnc4c3[C@@]1(C)CCN2CC1CC1,-2.0791812460476247,training
C[C@H]1C2Cc3ccc4c(=O)[nH]cnc4c3[C@@]1(C)CCN2CC1CC1,-3.3010299956639813,training
C[C@H]1C2Cc3cc4nc[nH]c(=O)c4cc3[C@@]1(C)CCN2CC1CC1,-2.8920946026904804,training
C1=C(c2ccccc2)c2ccccc2OC12CCNCC2,-1.8512583487190752,training
C=CCN1C[C@H](C)N([C@H](c2ccc(C(=O)N(CC)CC)cc2)c2cccc(O)c2)C[C@H]1C,0.494850021680094,training
CCN(CC)C(=O)c1ccc(C2=CC3(CCNCC3)Oc3cccc(O)c32)cc1,0.0757207139381183,training
CCN(CC)C(=O)c1ccc(C2=CC3(CCNCC3)Oc3ccc(O)cc32)cc1,0.3665315444204134,training
CCN(CC)C(=O)c1ccc(C2=CC3(CCNCC3)Oc3cc(O)ccc32)cc1,-0.1760912590556812,test
CCN(CC)C(=O)c1ccc(C2=CC3(CCNCC3)Oc3c(O)cccc32)cc1,-2.5563025007672877,training
CCN1CCC2(C=C(c3ccc(C(=O)N(CC)CC)cc3)c3ccccc3O2)CC1,-1.8325089127062364,valid
CCN(CC)C(=O)c1ccc(C2=CC3(CCN(C)CC3)Oc3ccccc32)cc1,-0.5440680443502757,training
CCN(CC)C(=O)c1ccc(C2=CC3(CCN(C(C)=O)CC3)Oc3ccccc32)cc1,-3.113943352306837,training
CCN(CC)C(=O)c1ccccc1C1=CC2(CCNCC2)Oc2ccccc21,-2.681241237375587,training
CCN(CC)C(=O)c1cccc(C2=CC3(CCNCC3)Oc3ccccc32)c1,-2.5185139398778875,training
CCN(CC)C(=O)c1ccc(C2=CC3(CCNCC3)Oc3ccccc32)cc1,-0.255272505103306,valid
O=C(O)c1ccc(C2=CC3(CCNCC3)Oc3ccccc32)cc1,-1.041392685158225,test
COC(=O)c1ccc(C2=CC3(CCNCC3)Oc3ccccc32)cc1,-0.9684829485539352,training
N#Cc1ccc(C2=CC3(CCNCC3)Oc3ccccc32)cc1,-1.255272505103306,training
Oc1ccc(C2=CC3(CCNCC3)Oc3ccccc32)cc1,-1.7708520116421442,training
COc1ccc(C2=CC3(CCNCC3)Oc3ccccc32)cc1,-1.7634279935629371,test
FC(F)(F)c1ccc(C2=CC3(CCNCC3)Oc3ccccc32)cc1,-2.1760912590556813,training
Cc1ccc(C2=CC3(CCNCC3)Oc3ccccc32)cc1,-1.8573324964312683,training
c1ccc(C2CC3(CCNCC3)Oc3ccccc32)cc1,-2.204119982655925,training
O=S(=O)(Cc1ccc(Cl)cc1)N1CCC2(CC1)CC(c1ccccc1)c1ccccc1O2,-2.6989700043360187,training
CSCC[C@H](NC(=O)[C@H](Cc1ccccc1)NC(=O)CNC(=O)[C@@H](C)NC(=O)[C@@H](N)Cc1ccc(O)cc1)C(=O)N1CCC[C@H]1C(=O)N[C@@H](CC(C)C)C(=O)N[C@@H](Cc1c[nH]c2ccccc12)C(=O)NCc1ccccc1,0.3565473235138126,training
CSCC[C@H](NC(=O)[C@H](Cc1ccccc1)NC(=O)CNC(=O)[C@@H](C)NC(=O)[C@@H](N)Cc1ccc(O)cc1)C(=O)N1CCC[C@H]1C(=O)N[C@@H](CC(C)C)C(=O)N[C@@H](Cc1c[nH]c2ccccc12)C(=O)NCc1cc(C(F)(F)F)cc(C(F)(F)F)c1,0.1804560644581313,training
O=C(N[C@H]1CC[C@@]2(O)[C@H]3Cc4ccc(O)c5c4[C@@]2(CCN3CC2CC2)[C@H]1O5)c1ccccn1,-1.809290301176316,test
C[C@@H](O)[C@H](NC(=O)[C@H]1NC(=O)[C@H]([C@@H](C)O)NC(=O)[C@H](CCCNC(=N)N)NC(=O)[C@@H](Cc2c[nH]c3ccccc23)NC(=O)[C@H](Cc2ccc(O)cc2)NC(=O)[C@@H](NC(=O)[C@H]2Cc3ccccc3CN2)CSSC1(C)C)C(N)=O,-3.1586639808139894,training
NC(=O)c1ccc2c3c1O[C@H]1c4[nH]c5ccccc5c4C[C@@]4(O)[C@@H](C2)N(CC2CC2)CC[C@]314,0.5228787452803376,training
NC(=O)c1ccc2c(c1O)[C@]13CCN(CC4CC4)[C@H](C2)[C@]1(O)Cc1c([nH]c2ccccc12)C3,1.6020599913279625,training
CN1CC[C@]23c4c5ccc(O)c4O[C@H]2C(=O)CC[C@H]3[C@H]1C5,-1.57978359661681,training
CN1CC[C@]23c4c5ccc(C(N)=O)c4O[C@H]2C(=O)CC[C@H]3[C@H]1C5,-2.4149733479708178,valid
CN1CC[C@]23CC(=O)CC[C@H]2[C@H]1Cc1ccc(C(N)=O)c(O)c13,-0.919078092376074,training
Oc1ccc2c3c1O[C@H]1CCC[C@@]4(O)[C@@H](C2)N(CC2CC2)CC[C@]314,-1.8976270912904412,training
NC(=O)c1ccc2c3c1O[C@H]1CCC[C@@]4(O)[C@@H](C2)N(CC2CC2)CC[C@]314,-2.7993405494535817,training
NC(=O)c1ccc2c(c1O)[C@@]13CCCC[C@@]1(O)[C@@H](C2)N(CC1CC1)CC3,-0.6232492903979004,valid
NC(=O)c1ccc2c3c1O[C@H]1[C@@H](O)CC[C@@]4(O)[C@@H](C2)N(CC2CCC2)CC[C@]314,-2.1760912590556813,training
C[C@@H](O)[C@H](NC(=O)[C@H](NC(=O)[C@@H](NC(=O)[C@H](CCCNC(=N)N)NC(=O)[C@H](Cc1c[nH]c2ccccc12)NC(=O)[C@@H](Cc1ccc(O)cc1)NC(=O)[C@H](CS)NC(=O)[C@H](N)Cc1ccccc1)[C@@H](C)O)C(C)(C)S)C(=O)O,-3.1586639808139894,training
O=C(O[C@@]12CCC(=O)[C@@H]3Oc4c(O)ccc5c4[C@@]31CCN(CC1CC1)[C@@H]2C5)c1ccccn1,-2.0695941051775546,training
O=C(O[C@@]12CCC(=O)[C@@H]3Oc4c(O)ccc5c4[C@@]31CCN(CC1CC1)[C@@H]2C5)c1cccnc1,-2.231214647962601,training
O=C(O[C@@]12CCC(=O)[C@@H]3Oc4c(O)ccc5c4[C@@]31CCN(CC1CC1)[C@@H]2C5)c1ccncc1,-2.607798033979387,training
O=C(O[C@@]12CCC(=O)[C@@H]3Oc4c(O)ccc5c4[C@@]31CCN(CC1CC1)[C@@H]2C5)c1ccc2ccccc2n1,-1.3581252852766486,training
O=C(O[C@@]12CCC(=O)[C@@H]3Oc4c(O)ccc5c4[C@@]31CCN(CC1CC1)[C@@H]2C5)c1cnc2ccccc2c1,-2.9129815402980244,test
O=C(O[C@@]12CCC(=O)[C@@H]3Oc4c(O)ccc5c4[C@@]31CCN(CC1CC1)[C@@H]2C5)c1ccc2ccccc2c1,-2.957693467049952,training
CC1(N2CCC(n3c([C@H]4CCCNC4)nc4ccccc43)CC2)CCCCCCC1,-2.225309281725863,test
CN1CCC[C@H](c2nc3ccccc3n2C2CCN(C3(C)CCCCCCC3)CC2)C1,-2.041392685158225,valid
CC1(N2CCC(n3c(-c4cccc(C(F)(F)F)c4)nc4ccccc43)CC2)CCCCCCC1,-1.7634279935629371,training
CC1(N2CCC(n3c(-c4cccc(OCCO)c4)nc4ccccc43)CC2)CCCCCCC1,-0.9777236052888476,training
CC1(N2CCC(n3c(-c4cccc(CN)c4)nc4ccccc43)CC2)CCCCCCC1,-2.146128035678238,training
NC(=O)C1(c2ccc(F)cc2)CC2CCC(C1)N2C(c1ccccc1Cl)c1ccccc1Cl,-3.016615547557177,training
OC1(c2ccccc2)CC2CCC(C1)N2C(c1ccccc1Cl)c1ccccc1Cl,-3.49734438101758,training
Cc1ccccc1C(c1ccccc1C)N1C2CCC1CC(O)(c1ccccc1)C2,-3.4554539687786283,training
NC(=O)C1(c2ccccc2)CC2CCC(C1)N2C(c1ccccc1Cl)c1ccccc1Cl,-3.3666097103924297,training
NC(=O)[C@@]1(c2ccc(F)cn2)C[C@@H]2CC[C@H](C1)N2C(c1ccccc1Cl)c1ccccc1Cl,-3.5246557123577773,training
COC(=O)[C@@H]1C[C@H](OS(=O)(=O)c2ccc(C)cc2)C(=O)[C@H]2[C@@]1(C)CC[C@H]1C(=O)O[C@H](c3ccoc3)C[C@]21C,-3.5705429398818973,training
COC(=O)[C@@H]1C[C@H](OC(=O)CCc2ccccc2)C(=O)[C@H]2[C@@]1(C)CC[C@H]1C(=O)O[C@H](c3ccoc3)C[C@]21C,-3.9698816437465,valid
CCCCCC(=O)O[C@H]1C[C@@H](C(=O)OC)[C@]2(C)CC[C@H]3C(=O)O[C@H](c4ccoc4)C[C@]3(C)[C@H]2C1=O,-3.627365856592733,training
CCCCC(=O)O[C@H]1C[C@@H](C(=O)OC)[C@]2(C)CC[C@H]3C(=O)O[C@H](c4ccoc4)C[C@]3(C)[C@H]2C1=O,-3.598790506763115,training
CCCC(=O)O[C@H]1C[C@@H](C(=O)OC)[C@]2(C)CC[C@H]3C(=O)O[C@H](c4ccoc4)C[C@]3(C)[C@H]2C1=O,-3.6053050461411096,training
Oc1cccc2c1O[C@@H]1CC[C@H]3C[C@@]21CCN3CCc1ccccc1,-3.569373909615046,valid
CN1CC[C@@]23C[C@@H]1CC[C@H]2Oc1c(O)cccc13,-4.0,training
CN1C[C@@H]2Oc3ccc(O)cc3[C@@]23CCC[C@@H]1C3,-3.444044795918076,training
CN1C[C@@H]2Oc3c(O)cccc3[C@@]23CCC[C@@H]1C3,-3.5352941200427703,training
Oc1ccc2c(c1)[C@@]13CCN(CCc4ccccc4)[C@@H](CC[C@H]1O2)C3,-3.677606952720493,valid
C[C@H]1C2Cc3ccc4[nH]nnc4c3[C@@]1(C)CCN2CC1CC1,-1.662757831681574,training
Cc1nc2c3c(ccc2[nH]1)CC1[C@H](C)[C@]3(C)CCN1CC1CC1,-2.204119982655925,training
C[C@H]1C2Cc3ccc4[nH]cnc4c3[C@@]1(C)CCN2CC1CC1,-2.832508912706236,test
C[C@H]1C2Cc3cc4nn[nH]c4cc3[C@@]1(C)CCN2CC1CC1,-1.7075701760979365,training
C[C@H]1C2Cc3cc4nc(O)[nH]c4cc3[C@@]1(C)CCN2CC1CC1,-2.863322860120456,training
Cc1nc2cc3c(cc2[nH]1)[C@@]1(C)CCN(CC2CC2)C(C3)[C@@H]1C,-1.255272505103306,valid
C[C@H]1C2Cc3cc4nc[nH]c4cc3[C@@]1(C)CCN2CC1CC1,-0.7075701760979364,valid
CN1CN(c2ccccc2)C2(CCN(C(c3ccccc3)c3ccccc3)CC2)C1=O,-4.519762385424222,test
CCN1CN(c2ccccc2)C2(CCN(C(c3ccccc3)c3ccccc3)CC2)C1=O,-4.365019742816535,training
CCCN1CN(c2ccccc2)C2(CCN(C(c3ccccc3)c3ccccc3)CC2)C1=O,-4.1854004831904525,training
CCCCN1CN(c2ccccc2)C2(CCN(C(c3ccccc3)c3ccccc3)CC2)C1=O,-4.773932647467645,training
CC(C)N1CN(c2ccccc2)C2(CCN(C(c3ccccc3)c3ccccc3)CC2)C1=O,-3.959566046637928,training
O=C1N(CC2CC2)CN(c2ccccc2)C12CCN(C(c1ccccc1)c1ccccc1)CC2,-3.7333577879255855,training
O=C1N(CC2CCC2)CN(c2ccccc2)C12CCN(C(c1ccccc1)c1ccccc1)CC2,-3.9143431571194407,training
C#CCN1CN(c2ccccc2)C2(CCN(C(c3ccccc3)c3ccccc3)CC2)C1=O,-4.643699364639314,training
C=CCN1CN(c2ccccc2)C2(CCN(C(c3ccccc3)c3ccccc3)CC2)C1=O,-4.65643362006595,test
CC(C)CCN1CN(c2ccccc2)C2(CCN(C(c3ccccc3Cl)c3ccccc3Cl)CC2)C1=O,-4.785187420029362,training
O=C1N(CCO)CN(c2ccccc2)C12CCN(C(c1ccccc1Cl)c1ccccc1Cl)CC2,-3.7491176623563214,training
COCCN1CN(c2ccccc2)C2(CCN(C(c3ccccc3Cl)c3ccccc3Cl)CC2)C1=O,-4.462248215354998,training
NCCN1CN(c2ccccc2)C2(CCN(C(c3ccccc3Cl)c3ccccc3Cl)CC2)C1=O,-1.505149978319906,training
CNCCN1CN(c2ccccc2)C2(CCN(C(c3ccccc3Cl)c3ccccc3Cl)CC2)C1=O,-2.761927838420529,valid
CCNCCN1CN(c2ccccc2)C2(CCN(C(c3ccccc3Cl)c3ccccc3Cl)CC2)C1=O,-2.938519725176492,training
CC(C)NCCN1CN(c2ccccc2)C2(CCN(C(c3ccccc3Cl)c3ccccc3Cl)CC2)C1=O,-2.9800033715837464,training
O=C1N(CCNC2CCCC2)CN(c2ccccc2)C12CCN(C(c1ccccc1Cl)c1ccccc1Cl)CC2,-3.1832698436828046,training
O=C1N(CCNC2CCCCC2)CN(c2ccccc2)C12CCN(C(c1ccccc1Cl)c1ccccc1Cl)CC2,-2.88024177589548,valid
CN(C)CCN1CN(c2ccccc2)C2(CCN(C(c3ccccc3Cl)c3ccccc3Cl)CC2)C1=O,-2.9698816437465,valid
O=C1N(CCNC2CC2)CN(c2ccccc2)C12CCN(C(c1ccccc1Cl)c1ccccc1Cl)CC2,-3.055378331375,training
CC(C)N(CCN1CN(c2ccccc2)C2(CCN(C(c3ccccc3Cl)c3ccccc3Cl)CC2)C1=O)C(C)C,-3.677424437701248,training
CCCCNCCN1CN(c2ccccc2)C2(CCN(C(c3ccccc3Cl)c3ccccc3Cl)CC2)C1=O,-3.0141003215196207,training
CC(C)CNCCN1CN(c2ccccc2)C2(CCN(C(c3ccccc3Cl)c3ccccc3Cl)CC2)C1=O,-2.9434945159061026,test
O=C1N(CCNCC2CCCCC2)CN(c2ccccc2)C12CCN(C(c1ccccc1Cl)c1ccccc1Cl)CC2,-3.1861083798132053,training
O=C1N(CCN2CCCC2)CN(c2ccccc2)C12CCN(C(c1ccccc1Cl)c1ccccc1Cl)CC2,-2.957128197676813,training
O=C1N(CCCN2CCCC2)CN(c2ccccc2)C12CCN(C(c1ccccc1Cl)c1ccccc1Cl)CC2,-3.37675939540488,training
O=C1N(CCN2CCCCC2)CN(c2ccccc2)C12CCN(C(c1ccccc1Cl)c1ccccc1Cl)CC2,-3.5018804937550585,training
CNCCN1CN(c2ccccc2)C2(CCN(Cc3c(Cl)cccc3Cl)CC2)C1=O,-3.3560258571931225,test
CCNCCN1CN(c2ccccc2)C2(CCN(Cc3c(Cl)cccc3Cl)CC2)C1=O,-3.2242740142942576,training
CC(C)NCCN1CN(c2ccccc2)C2(CCN(Cc3c(Cl)cccc3Cl)CC2)C1=O,-3.03342375548695,training
O=C1N(CCNCC2CC2)CN(c2ccccc2)C12CCN(Cc1c(Cl)cccc1Cl)CC2,-2.6483600109809315,training
O=C1N(CCNC2CCC2)CN(c2ccccc2)C12CCN(Cc1c(Cl)cccc1Cl)CC2,-2.568201724066995,valid
CCCNCCN1CN(c2ccccc2)C2(CCN(Cc3c(Cl)cccc3Cl)CC2)C1=O,-2.7126497016272118,training
CC(C)CNCCN1CN(c2ccccc2)C2(CCN(Cc3c(Cl)cccc3Cl)CC2)C1=O,-2.575187844927661,training
CCCCNCCN1CN(c2ccccc2)C2(CCN(Cc3c(Cl)cccc3Cl)CC2)C1=O,-2.9380190974762104,training
CCN(CC)CCN1CN(c2ccccc2)C2(CCN(Cc3c(Cl)cccc3Cl)CC2)C1=O,-2.578639209968072,valid
O=C1N(CCN2CCCC2)CN(c2ccccc2)C12CCN(Cc1c(Cl)cccc1Cl)CC2,-2.7307822756663893,valid
CCCN1CN(c2ccccc2)C2(CCN(C3CCC(C)(C)c4ccccc43)CC2)C1=O,-3.491781775584166,training
CC(=O)CN1CN(c2ccccc2)C2(CCN(C3CCC(C)(C)c4ccccc43)CC2)C1=O,-2.9003671286564705,training
CC1(C)CCC(N2CCC3(CC2)C(=O)N(CCO)CN3c2ccccc2)c2ccccc21,-3.421439390220049,training
CNCCN1CN(c2ccccc2)C2(CCN(C3CCC(C)(C)c4ccccc43)CC2)C1=O,-3.1132746924643504,training
CCNCCN1CN(c2ccccc2)C2(CCN(C3CCC(C)(C)c4ccccc43)CC2)C1=O,-3.314709692955174,training
CC(C)NCCN1CN(c2ccccc2)C2(CCN(C3CCC(C)(C)c4ccccc43)CC2)C1=O,-3.70035752782266,training
CC1(C)CCC(N2CCC3(CC2)C(=O)N(CCNC2CCCC2)CN3c2ccccc2)c2ccccc21,-3.2081725266671217,training
CC1(C)CCC(N2CCC3(CC2)C(=O)N(CCNC2CCCCC2)CN3c2ccccc2)c2ccccc21,-3.2902572693945182,valid
CCCNCCN1CN(c2ccccc2)C2(CCN(C3CCC(C)(C)c4ccccc43)CC2)C1=O,-3.369215857410143,training
C=CCNCCN1CN(c2ccccc2)C2(CCN(C3CCC(C)(C)c4ccccc43)CC2)C1=O,-3.400537989391946,training
CC1(C)CCC(N2CCC3(CC2)C(=O)N(CCNC2CCC2)CN3c2ccccc2)c2ccccc21,-3.321391278311689,test
CC1(C)CCC(N2CCC3(CC2)C(=O)N(CCNCC2CC2)CN3c2ccccc2)c2ccccc21,-3.459241664878082,training
CC(C)CNCCN1CN(c2ccccc2)C2(CCN(C3CCC(C)(C)c4ccccc43)CC2)C1=O,-3.255754786643044,training
CC(C)N(CCN1CN(c2ccccc2)C2(CCN(C3CCC(C)(C)c4ccccc43)CC2)C1=O)C(C)C,-3.4742162640762557,training
CC1(C)CCC(N2CCC3(CC2)C(=O)N(CCN2CCCC2)CN3c2ccccc2)c2ccccc21,-3.087781417809542,training
CCCCNCCN1CN(c2ccccc2)C2(CCN(C3CCC(C)(C)c4ccccc43)CC2)C1=O,-3.596377143997599,training
CC(C)CCNCCN1CN(c2ccccc2)C2(CCN(C3CCC(C)(C)c4ccccc43)CC2)C1=O,-3.4149733479708178,training
CC1(C)CCC(N2CCC3(CC2)C(=O)N(CCNCC2CCCCC2)CN3c2ccccc2)c2ccccc21,-3.2286569581089357,training
CC1(C)CCC(N2CCC3(CC2)C(=O)N(CCNCc2ccccc2)CN3c2ccccc2)c2ccccc21,-3.106870544478654,training
CCCCNCCN1CN(c2ccccc2)C2(CCN(C3CCCc4ccc(Cl)cc43)CC2)C1=O,-3.0261245167454502,training
CCCCNCCN1CN(c2ccccc2)C2(CCN(C3CCCc4c(Cl)cccc43)CC2)C1=O,-3.1192558892779365,training
CCCCNCCN1CN(c2ccccc2)C2(CCN(C3CCC(C)(C)c4cc(Cl)ccc43)CC2)C1=O,-2.945960703577569,training
CCCCNCCN1CN(c2ccccc2)C2(CCN(C3CCC(C)(C)c4cc(Cl)c(Cl)cc43)CC2)C1=O,-3.700876708376904,training
COc1ccc2c3c1O[C@H]1C(=O)CC[C@@]4(OC(=O)/C=C/c5ccccc5)[C@@H](C2)N(CC2CC2)CC[C@]314,-2.255272505103306,training
O=C1CC[C@@]2(OCCCc3ccccc3)[C@H]3Cc4ccc(O)c5c4[C@@]2(CCN3CC2CC2)[C@H]1O5,0.3187587626244128,training
COc1ccc2c3c1O[C@H]1C(=O)CC[C@@]4(OC(=O)/C=C/c5ccc(C)cc5)[C@@H](C2)N(CC2CC2)CC[C@]314,-2.431363764158988,training
COc1ccc2c3c1O[C@H]1C(=O)CC[C@@]4(OC(=O)/C=C/c5ccc(Cl)cc5)[C@@H](C2)N(CC2CC2)CC[C@]314,-2.041392685158225,training
O=C1N[C@@H](Cc2ccccc2)C(=O)N2CCC[C@@H]2C(=O)N[C@@H](Cc2ccccc2)C(=O)N[C@H]1Cc1c[nH]c2ccccc12,-3.3010299956639813,training
O=C1N[C@H](Cc2c[nH]c3ccccc23)C(=O)N[C@@H](Cc2cccc(O)c2)C(=O)N2CCC[C@@H]2C(=O)N[C@H]1Cc1ccccc1,-2.8260748027008264,training
O=C1N[C@H](Cc2c[nH]c3ccccc23)C(=O)N[C@@H](Cc2ccccc2)C(=O)N2CCC[C@@H]2C(=O)N[C@H]1Cc1cccc(O)c1,-3.531478917042255,training
CCCC[C@H](NC(=O)[C@H](Cc1ccccc1)NC(=O)CNC(=O)[C@@H](C)NC(=O)[C@@H](N)Cc1ccc(O)cc1)C(=O)N1CCC[C@H]1C(=O)N[C@@H](CC(C)C)C(=O)N[C@@H](Cc1c[nH]c2ccccc12)C(=O)NCc1cc(C(F)(F)F)cc(C(F)(F)F)c1,-0.0,training
CC(C)C[C@H](NC(=O)[C@@H]1CCCN1C(=O)[C@H](CO[C@@H]1O[C@H](CO)[C@@H](O)[C@H](O)[C@H]1O)NC(=O)[C@H](Cc1ccccc1)NC(=O)CNC(=O)[C@@H](C)NC(=O)[C@@H](N)Cc1ccc(O)cc1)C(=O)N[C@@H](Cc1c[nH]c2ccccc12)C(=O)NCc1cc(C(F)(F)F)cc(C(F)(F)F)c1,-1.7708520116421442,training
CCCC[C@H](NC(=O)[C@H](Cc1ccccc1)NC(=O)CNC(=O)[C@@H](C)NC(=O)[C@@H](N)Cc1ccc(O)cc1)C(=O)N[C@@H](CO[C@@H]1O[C@H](CO)[C@@H](O)[C@H](O)[C@H]1O)C(=O)N[C@@H](CC(C)C)C(=O)N[C@@H](Cc1c[nH]c2ccccc12)C(=O)NCc1cc(C(F)(F)F)cc(C(F)(F)F)c1,-1.5563025007672873,training
CCCC[C@H](NC(=O)[C@H](Cc1ccccc1)NC(=O)CNC(=O)[C@@H](C)NC(=O)[C@@H](N)Cc1ccc(O)cc1)C(=O)N1CCC[C@H]1C(=O)N[C@@H](CO[C@@H]1O[C@H](CO)[C@@H](O)[C@H](O)[C@H]1O)C(=O)N[C@@H](Cc1c[nH]c2ccccc12)C(=O)NCc1cc(C(F)(F)F)cc(C(F)(F)F)c1,-0.568201724066995,training
CCCC[C@H](NC(=O)[C@H](Cc1ccccc1)NC(=O)CNC(=O)[C@@H](C)NC(=O)[C@@H](N)Cc1ccc(O)cc1)C(=O)N1CCC[C@H]1C(=O)N[C@@H](CC(C)C)C(=O)N[C@@H](CO[C@@H]1O[C@H](CC)[C@@H](O)[C@H](O)[C@H]1O)C(=O)N[C@@H](Cc1c[nH]c2ccccc12)C(=O)NCc1cc(C(F)(F)F)cc(C(F)(F)F)c1,0.1135092748275181,training
Clc1ccccc1C(c1ccccc1Cl)N1[C@H]2CC[C@@H]1C[C@H](c1ccccn1)C2,-4.061075323629792,training
CCNC(=O)c1ccc(C2=CC3(CCNCC3)Oc3ccccc32)cc1,-0.7481880270062005,training
NC(=O)c1ccc(C2=CC3(CCNCC3)Oc3ccccc32)cc1,-1.230448921378274,training
CNC(=O)c1ccc(C2=CC3(CCNCC3)Oc3ccccc32)cc1,-1.255272505103306,training
CC(C)CNC(=O)c1ccc(C2=CC3(CCNCC3)Oc3ccccc32)cc1,-1.1139433523068367,test
CC(C)N(C(=O)c1ccc(C2=CC3(CCNCC3)Oc3ccccc32)cc1)C(C)C,-0.0791812460476248,training
CN(C)C(=O)c1ccc(C2=CC3(CCNCC3)Oc3ccccc32)cc1,-1.0,training
O=C(c1ccc(C2=CC3(CCNCC3)Oc3ccccc32)cc1)N1CCCC1,-1.4313637641589874,training
O=C(c1ccc(C2=CC3(CCNCC3)Oc3ccccc32)cc1)N1CCCCC1,-1.1760912590556811,training
O=C(c1ccc(C2=CC3(CCNCC3)Oc3ccccc32)cc1)N1CCOCC1,-1.6989700043360187,training
O=C(c1ccc(C2=CC3(CCNCC3)Oc3ccccc32)cc1)N1Cc2ccccc2C1,0.2757241303992109,training
CN(Cc1ccccc1)C(=O)c1ccc(C2=CC3(CCNCC3)Oc3ccccc32)cc1,-1.255272505103306,training
CCN1CCc2cc(C3=CC4(CCNCC4)Oc4ccccc43)ccc2C1=O,-0.9084850188786496,training
CCN(CC)C(=O)c1ccc(C2=CC3(CCCNCC3)Oc3ccccc32)cc1,-0.255272505103306,training
CCN(CC)C(=O)c1ccc(C2=CC3(CCNC3)Oc3ccccc32)cc1,-1.255272505103306,training
CCN(CC)C(=O)c1ccc(C2=CC3(CCCNC3)Oc3ccccc32)cc1,-1.7481880270062005,training
CCN(CC)C(=O)c1ccc(C2=CC3(CCOCC3)Oc3ccccc32)cc1,-3.146128035678238,training
CCN(CC)C(=O)c1ccc(C2=CC3(CCNCC3)Oc3ccccc32)s1,-0.1760912590556812,training
CCN(CC)C(=O)c1ccc(C2=CC3(CCNCC3)Oc3ccccc32)o1,-1.3010299956639813,training
CCN(CC)C(=O)c1cc(C2=CC3(CCNCC3)Oc3ccccc32)cs1,-0.8388490907372553,valid
CCN(CC)C(=O)c1ccc(C2=CC3(CCNCC3)Oc3ccccc32)cn1,-0.3979400086720376,training
CCN(CC)C(=O)c1ccc(C2=CC3(CCNCC3)Oc3ccccc32)nc1,-1.041392685158225,training
CCN(CC)C(=O)c1ncc(C2=CC3(CCNCC3)Oc3ccccc32)cn1,-0.6627578316815741,training
CCN(CC)C(=O)c1ccc(C2=CC3(CCNCC3)Oc3ccccc32)cc1C,-0.5185139398778874,training
CCN(CC)C(=O)c1ccc(C2=CC3(CCNCC3)Oc3ccccc32)cc1F,-0.0791812460476248,training
CCN(CC)C(=O)c1ccc(C2=CC3(CCNCC3)Oc3ccccc32)cc1O,0.1611509092627447,training
CCN(CC)C(=O)c1ccc(C2=CC3(CCNCC3)Oc3ccccc32)c(C)c1,-0.380211241711606,training
CCN(CC)C(=O)c1ccc(C2=CC3(CCNCC3)Oc3ccccc32)c(F)c1,-1.1139433523068367,training
CCN(CC)C(=O)c1ccc(C2=CC3(CCNCC3)Oc3ccccc32)c(O)c1,-0.4313637641589873,training
COc1ccc2c(c1O)[C@]13CCN(C)[C@H](C2)[C@]1(O)Cc1c([nH]c2ccccc12)C3,-1.3384564936046048,valid
COc1c(O)ccc2c1[C@]13CCN(C)[C@H](C2)[C@]1(O)Cc1c([nH]c2ccccc12)C3,-0.6532125137753437,training
COc1ccc2c(c1)[C@]13CCN(C)C[C@@]1(C2)Cc1c([nH]c2ccccc12)C3,-2.8836614351536176,training
COc1ccc2c(c1)[C@]13CCN(CC4CC4)C[C@@]1(C2)Cc1c([nH]c2ccccc12)C3,-3.822821645303105,training
CN1CC[C@]23Cc4[nH]c5ccccc5c4C[C@]2(Cc2ccc(O)cc23)C1,-3.049218022670181,valid
CN1CC[C@]23Cc4c(c5ccccc5n4C)C[C@]2(Cc2ccc(O)cc23)C1,-2.428134794028789,training
Oc1ccc2c(c1)[C@]13CCN(CC4CC4)C[C@@]1(C2)Cc1c([nH]c2ccccc12)C3,-3.406540180433955,training
Cn1c2c(c3ccccc31)C[C@@]13Cc4ccc(O)cc4[C@@]1(CCN(CC1CC1)C3)C2,-3.2528530309798933,test
O=C(O[C@@H]1CC[C@@]2(O)[C@H]3Cc4ccc(O)c5c4[C@@]2(CCN3CC2CC2)[C@H]1O5)N(c1ccccc1)c1ccccc1,-1.8727388274726688,valid
CN(C)C(=O)O[C@@H]1CC[C@@]2(O)[C@H]3Cc4ccc(O)c5c4[C@@]2(CCN3CC2CC2)[C@H]1O5,-2.523746466811565,training
Cc1ccc(S(=O)(=O)O[C@@H]2CC[C@@]3(O)[C@H]4Cc5ccc(O)c6c5[C@@]3(CCN4CC3CC3)[C@H]2O6)cc1,-0.7126497016272113,training
CS(=O)(=O)O[C@@H]1CC[C@@]2(O)[C@H]3Cc4ccc(O)c5c4[C@@]2(CCN3CC2CC2)[C@H]1O5,-1.9689496809813427,training
CO[C@]12C=C[C@@]3(C[C@@H]1[C@@](C)(O)CCc1ccccc1)[C@H]1Cc4ccc(O)c5c4[C@@]3(CCN1C)[C@H]2O5,-0.7075701760979364,training
CC[C@]12CCN(C)C[C@H]1Oc1ccc(O)cc12,-3.630427875025024,training
CC(CCCCCCC(C)C(=O)Oc1ccc2c(c1)[C@@]13CCCC[C@H]1[C@@H](C2)N(CC1CCC1)CC3)C(=O)O,-1.3010299956639813,training
COC(=O)C(C)CCCCCCC(C)C(=O)Oc1ccc2c(c1)[C@@]13CCCC[C@H]1[C@@H](C2)N(CC1CCC1)CC3,-1.6232492903979006,training
CC(C)(CCCCCCC(C)(C)C(=O)Oc1ccc2c(c1)[C@@]13CCCC[C@H]1[C@@H](C2)N(CC1CCC1)CC3)C(=O)O,-2.591064607026499,test
CC(C)(CCCCCCC(C)(C)C(=O)Oc1ccc2c(c1)[C@@]13CCCC[C@H]1[C@@H](C2)N(CC1CCC1)CC3)C(=O)OCc1ccccc1,-2.322219294733919,training
CC(CCCCCCC(C)C(=O)Oc1ccc2c(c1)[C@@]13CCCC[C@H]1[C@@H](C2)N(CC1CCC1)CC3)C(=O)Oc1ccc2c(c1)[C@@]13CCCC[C@H]1[C@@H](C2)N(CC1CCC1)CC3,-1.568201724066995,valid
CC(C)(CCCCCCC(C)(C)C(=O)Oc1ccc2c(c1)[C@@]13CCCC[C@H]1[C@@H](C2)N(CC1CCC1)CC3)C(=O)Oc1ccc2c(c1)[C@@]13CCCC[C@H]1[C@@H](C2)N(CC1CCC1)CC3,-1.1760912590556811,training
CC(CCCCC(C)C(=O)Oc1ccc2c(c1)[C@@]13CCCC[C@H]1[C@@H](C2)N(CC1CCC1)CC3)C(=O)Oc1ccc2c(c1)[C@@]13CCCC[C@H]1[C@@H](C2)N(CC1CCC1)CC3,-1.6989700043360187,training
C=CCN1CC[C@]23c4c5ccc(OC(=O)CCCCCCCCC(=O)Oc6ccc7c(c6)[C@@]68CCCC[C@H]6C(C7)N(CC6CCC6)CC8)c4O[C@H]2CCC[C@H]3[C@H]1C5,-1.591064607026499,training
C=CCN1CC[C@]23c4c5ccc(OC(=O)C(C)CCCCCCC(C)C(=O)Oc6ccc7c(c6)[C@@]68CCCC[C@H]6C(C7)N(CC6CCC6)CC8)c4O[C@H]2CCC[C@H]3C1C5,-2.113943352306837,valid
O=C(C#Cc1ccccc1)N[C@@]12CCC(=O)[C@@H]3Oc4c(O)ccc5c4[C@@]31CCN(CC1CC1)[C@@H]2C5,-0.2041199826559248,valid
O=C1CC[C@@]2(NCC#Cc3ccc(Cl)cc3)[C@H]3Cc4ccc(O)c5c4[C@@]2(CCN3CC2CC2)[C@H]1O5,-0.5132176000679389,training
O=C(C#Cc1ccc(Cl)cc1)N[C@@]12CCC(=O)[C@@H]3Oc4c(O)ccc5c4[C@@]31CCN(CC1CC1)[C@@H]2C5,-0.7331972651065695,training
COc1ccc2c3c1O[C@H]1C(=O)CC[C@@]4(NC(=O)C#Cc5ccccc5)[C@@H](C2)N(CC2CC2)CC[C@]314,-1.4517864355242902,training
COc1ccc2c3c1O[C@H]1C(=O)CC[C@@]4(NC(=O)C#Cc5ccc(Cl)cc5)[C@@H](C2)N(CC2CC2)CC[C@]314,-1.81424759573192,training
COc1ccc2c3c1O[C@H]1C(=O)CC[C@@]4(NCC#Cc5ccc(Cl)cc5)[C@@H](C2)N(CC2CC2)CC[C@]314,-2.133538908370217,training
CCN(CC)C(=O)c1ccc(N(c2ccc(C(N)=O)cc2)C2CCN(Cc3ccccc3)CC2)cc1,-1.505149978319906,training
CCN(CC)C(=O)c1ccc(N(c2ccccc2C(N)=O)C2CCN(Cc3ccccc3)CC2)cc1,-1.5809249756756194,training
CCN(CC)C(=O)c1ccc(N(c2cccc(NC(C)=O)c2)C2CCN(Cc3ccccc3)CC2)cc1,-0.2528530309798932,training
CCN(CC)C(=O)c1ccc(N(c2cccc(NS(C)(=O)=O)c2)C2CCN(Cc3ccccc3)CC2)cc1,-0.1367205671564068,training
CCN(CC)C(=O)c1ccc(N(c2cccc(NC(=O)OC)c2)C2CCN(Cc3ccccc3)CC2)cc1,0.3872161432802645,training
CCN(CC)C(=O)c1ccc(N(c2cccc(N)c2)C2CCN(Cc3ccccc3)CC2)cc1,-0.3031960574204888,training
CCN(CC)C(=O)c1ccc(N(c2cccc(C(=O)N(C)C)c2)C2CCN(Cc3ccccc3)CC2)cc1,-2.041392685158225,training
CCN(CC)C(=O)c1ccc(N(c2cccc(C(=O)NC)c2)C2CCN(Cc3ccccc3)CC2)cc1,-1.287801729930226,training
CCN(CC)C(=O)c1ccc(N(c2cccc(C(N)=O)c2)C2CCN(Cc3ccccc3)CC2)cc1,0.5376020021010439,training
CCN(CC)C(=O)c1ccc(N(c2cccc(C(=O)OC)c2)C2CCN(Cc3ccccc3)CC2)cc1,-1.7803173121401512,valid
CCN(CC)C(=O)c1ccc(N(c2cccc(C(=O)O)c2)C2CCN(Cc3ccccc3)CC2)cc1,-3.13640344813399,training
CCN(CC)C(=O)c1ccc(N(c2cccc(CN(C)C)c2)C2CCN(Cc3ccccc3)CC2)cc1,-1.5352941200427703,training
CCN(CC)C(=O)c1ccc(N(c2cccc(CNC)c2)C2CCN(Cc3ccccc3)CC2)cc1,-2.638489256954637,training
CCN(CC)C(=O)c1ccc(N(c2cccc(CO)c2)C2CCN(Cc3ccccc3)CC2)cc1,-1.0681858617461617,training
CCN(CC)C(=O)c1ccc(N(c2cccc(CN)c2)C2CCN(Cc3ccccc3)CC2)cc1,-2.6503075231319366,training
CCN(CC)C(=O)c1ccc(N(c2cccc(C(C)=O)c2)C2CCN(Cc3ccccc3)CC2)cc1,-0.2304489213782739,test
CCN(CC)C(=O)c1ccc(N(c2cccc(C(C)O)c2)C2CCN(Cc3ccccc3)CC2)cc1,-1.9063350418050904,training
CCN(CC)C(=O)c1ccc(N(c2cccc(C=O)c2)C2CCN(Cc3ccccc3)CC2)cc1,-0.5314789170422551,training
CCN(CC)C(=O)c1ccc(N(c2cccc(O)c2)C2CCN(Cc3ccccc3)CC2)cc1,0.3767507096020995,training
Ic1ccc(CNc2ccc3c(c2)[C@@]24CCCC[C@H]2[C@@H](C3)N(CC2CC2)CC4)cc1,-1.5314789170422551,valid
Ic1ccc(CNc2ccc3c(c2)[C@@]24CCCC[C@H]2[C@@H](C3)N(CC2CCC2)CC4)cc1,-2.278753600952829,training
COc1ccc(CNc2ccc3c(c2)[C@@]24CCCC[C@H]2[C@@H](C3)N(CC2CC2)CC4)cc1,-1.3010299956639813,training
COc1ccc(CN(Cc2ccc(OC)cc2)c2ccc3c(c2)[C@@]24CCCC[C@H]2[C@@H](C3)N(CC2CC2)CC4)cc1,-2.0791812460476247,training
Ic1ccc(CN(Cc2ccc(I)cc2)c2ccc3c(c2)[C@@]24CCCC[C@H]2[C@@H](C3)N(CC2CCC2)CC4)cc1,-2.9822712330395684,training
c1ccc(CNc2ccc3c(c2)[C@@]24CCCC[C@H]2[C@@H](C3)N(CC2CC2)CC4)cc1,-1.462397997898956,training
COc1ccc(Nc2ccc3c(c2)[C@@]24CCCC[C@H]2[C@@H](C3)N(CC2CC2)CC4)cc1,-0.2304489213782739,training
c1ccc(Nc2ccc3c(c2)[C@@]24CCCC[C@H]2[C@@H](C3)N(CC2CC2)CC4)cc1,-0.7323937598229685,training
c1ccc(CNc2ccc3c(c2)[C@@]24CCCC[C@H]2[C@@H](C3)N(CC2CCC2)CC4)cc1,-2.113943352306837,training
COc1ccc(Nc2ccc3c(c2)[C@@]24CCCC[C@H]2[C@@H](C3)N(CC2CCC2)CC4)cc1,-1.2787536009528289,training
c1ccc(Nc2ccc3c(c2)[C@@]24CCCC[C@H]2[C@@H](C3)N(CC2CCC2)CC4)cc1,-1.591064607026499,training
CN1CC[C@]23CCCC[C@H]2[C@H]1Cc1ccc(OC(=O)Nc2ccc(I)cc2)cc13,-2.204119982655925,training
O=C(Nc1ccc(I)cc1)Oc1ccc2c(c1)[C@@]13CCCC[C@H]1[C@@H](C2)N(CC1CC1)CC3,-1.1643528557844371,test
O=C(Nc1ccc(I)cc1)Oc1ccc2c(c1)[C@@]13CCCC[C@H]1[C@@H](C2)N(CC1CCC1)CC3,-1.8260748027008264,training
CN1CC[C@]23CCCC[C@H]2[C@H]1Cc1ccc(NC(=O)Nc2ccccc2)cc13,-2.505149978319906,training
O=C(Nc1ccccc1)Nc1ccc2c(c1)[C@@]13CCCC[C@H]1[C@@H](C2)N(CC1CC1)CC3,-1.2041199826559248,training
CN1CC[C@]23CCCC[C@H]2[C@H]1Cc1ccc(NC(=O)Nc2ccc(I)cc2)cc13,-2.4771212547196626,training
O=C(Nc1ccc(I)cc1)Nc1ccc2c(c1)[C@@]13CCCC[C@H]1[C@@H](C2)N(CC1CC1)CC3,-1.9731278535996983,training
O=C(Nc1ccc(I)cc1)Nc1ccc2c(c1)[C@@]13CCCC[C@H]1[C@@H](C2)N(CC1CCC1)CC3,-2.397940008672037,training
CN1CC[C@]23CCCC[C@H]2[C@H]1Cc1cc(CO)c(O)cc13,-3.146128035678238,training
O/N=C\c1cc2c(cc1O)[C@@]13CCCC[C@H]1[C@@H](C2)N(CC1CCC1)CC3,-2.255272505103306,training
Oc1cc2c(cc1CNCCCCNCc1cc3c(cc1O)[C@@]14CCCC[C@H]1[C@@H](C3)N(CC1CCC1)CC4)C[C@@H]1[C@@H]3CCCC[C@]23CCN1CC1CCC1,-2.278753600952829,training
Oc1cc2c(cc1CNCCCCCCNCc1cc3c(cc1O)[C@@]14CCCC[C@H]1[C@@H](C3)N(CC1CCC1)CC4)C[C@@H]1[C@@H]3CCCC[C@]23CCN1CC1CCC1,-2.929418925714293,training
Oc1cc2c(cc1CNCCCCCCCCNCc1cc3c(cc1O)[C@@]14CCCC[C@H]1[C@@H](C3)N(CC1CCC1)CC4)C[C@@H]1[C@@H]3CCCC[C@]23CCN1CC1CCC1,-3.0,training
CCN(CCCCN(CC)Cc1cc2c(cc1O)[C@@]13CCCC[C@H]1[C@@H](C2)N(CC1CCC1)CC3)Cc1cc2c(cc1O)[C@@]13CCCC[C@H]1[C@@H](C2)N(CC1CCC1)CC3,-3.041392685158225,test
CCN(CCCCCCN(CC)Cc1cc2c(cc1O)[C@@]13CCCC[C@H]1[C@@H](C2)N(CC1CCC1)CC3)Cc1cc2c(cc1O)[C@@]13CCCC[C@H]1[C@@H](C2)N(CC1CCC1)CC3,-2.8512583487190755,test
Oc1cc2c(cc1C(O)CCCCC(O)c1cc3c(cc1O)[C@@]14CCCC[C@H]1[C@@H](C3)N(CC1CCC1)CC4)C[C@@H]1[C@@H]3CCCC[C@]23CCN1CC1CCC1,-3.204119982655925,valid
Oc1cc2c(cc1C(O)CCCCCCCCCCC(O)c1cc3c(cc1O)[C@@]14CCCC[C@H]1[C@@H](C3)N(CC1CCC1)CC4)C[C@@H]1[C@@H]3CCCC[C@]23CCN1CC1CCC1,-2.863322860120456,training
CCCCC(O)c1cc2c(cc1O)[C@@]13CCCC[C@H]1[C@@H](C2)N(CC1CCC1)CC3,-1.8573324964312683,training
CCCCCCCCCC(O)c1cc2c(cc1O)[C@@]13CCCC[C@H]1[C@@H](C2)N(CC1CCC1)CC3,-2.785329835010767,training
OCCCCCCCCCCC(O)c1cc2c(cc1O)[C@@]13CCCC[C@H]1[C@@H](C2)N(CC1CCC1)CC3,-2.785329835010767,training
CN1CC[C@]23c4cccc(O)c4O[C@H]2CCC[C@H]3C1,-1.6434526764861874,training
COc1cccc2c1O[C@H]1CCC[C@H]3CN(CC4CC4)CC[C@]213,-2.73559889969818,training
CCN(CC)C(=O)c1ccc(N(c2cccc(O)c2)C2CCN(CCc3ccccn3)CC2)cc1,0.619788758288394,training
CCN(CC)C(=O)c1ccc(N(c2cccc(O)c2)C2CCN(CCc3ncc[nH]3)CC2)cc1,0.5228787452803376,training
CCN(CC)C(=O)c1ccc(N(c2cccc(O)c2)C2CCN(CCc3cccs3)CC2)cc1,0.1870866433571444,training
CCN(CC)C(=O)c1ccc(N(c2cccc(O)c2)C2CCN(CCc3ccco3)CC2)cc1,0.3767507096020995,valid
CCN(CC)C(=O)c1ccc(N(c2cccc(O)c2)C2CCN(CCc3ccsc3)CC2)cc1,0.5686362358410126,training
CCN(CC)C(=O)c1ccc(N(c2cccc(O)c2)C2CCN(CCc3ccoc3)CC2)cc1,0.6575773191777937,training
CCN(CC)C(=O)c1ccc(N(c2cccc(O)c2)C2CCN(CCc3cccc(F)c3)CC2)cc1,0.1549019599857432,training
CCN(CC)C(=O)c1ccc(N(c2cccc(O)c2)C2CCN(CCc3ccccc3F)CC2)cc1,0.1191864077192086,training
CCN(CC)C(=O)c1ccc(N(c2cccc(O)c2)C2CCN(CCc3ccc(C)cc3)CC2)cc1,0.1938200260161128,training
CCN(CC)C(=O)c1ccc(N(c2cccc(O)c2)C2CCN(CC(C)c3ccccc3)CC2)cc1,-0.146128035678238,test
CCN(CC)C(=O)c1ccc(N(c2cccc(O)c2)C2CCN(CCc3ccccc3)CC2)cc1,0.3767507096020995,training
CCN(CC)C(=O)c1ccc(N(c2cccc(O)c2)C2CCN(CCC3CC3)CC2)cc1,0.0132282657337551,training
CCN(CC)C(=O)c1ccc(N(c2cccc(O)c2)C2CCN(CCC3CCCCC3)CC2)cc1,-0.3617278360175928,training
C=CCCN1CCC(N(c2ccc(C(=O)N(CC)CC)cc2)c2cccc(O)c2)CC1,-0.0128372247051722,training
CCN(CC)C(=O)c1ccc(N(c2cccc(O)c2)C2CCN(C)CC2)cc1,0.00436480540245,training
CCN(CC)C(=O)c1ccc(N(c2cccc(OC)c2)C2CCN(CCc3ncc[nH]3)CC2)cc1,-1.3579348470004535,training
CCN(CC)C(=O)c1ccc(N(c2cccc(OC)c2)C2CCN(CCc3ccoc3)CC2)cc1,-1.146128035678238,training
CCN(CC)C(=O)c1ccc(N(c2cccc(OC)c2)C2CCN(CCc3ccco3)CC2)cc1,-1.7007037171450194,training
CCN(CC)C(=O)c1ccc(N(c2cccc(OC)c2)C2CCN(CCc3cccs3)CC2)cc1,-1.0453229787866574,training
CCN(CC)C(=O)c1ccc(N(c2cccc(OC)c2)C2CCN(CCc3ccsc3)CC2)cc1,-1.260071387985075,training
CCN(CC)C(=O)c1ccc(N(c2cccc(OC)c2)C2CCN(CCc3ccccc3)CC2)cc1,-1.6954816764901974,training
CCN(CC)C(=O)c1ccc(N(c2cccc(O)c2)C2CCN(CCc3c[nH]cn3)CC2)cc1,-0.2068258760318497,training
CCN(CC)C(=O)c1ccc(N(c2cccc(O)c2)C2CCN(CCc3ccncc3)CC2)cc1,-0.0086001717619175,training
CCN(CC)C(=O)c1ccc(N(c2cccc(O)c2)C2CCN(CCc3nccn3C)CC2)cc1,-0.2304489213782739,training
CSCC[C@H](NC(=O)[C@H](Cc1ccccc1)NC(=O)CNC(=O)[C@@H](C)NC(=O)[C@@H](N)Cc1ccc(O)cc1)C(N)=O,0.1804560644581313,training
CCN(CC)C(=O)c1ccc(C2(c3cccc(O)c3)CCN(CC3CC3)CC2)cc1,-0.9542425094393248,training
C=CCN1CCC(c2ccc(C(=O)N(CC)CC)cc2)(c2cccc(O)c2)CC1,-0.2787536009528289,valid
CCN(CC)C(=O)c1ccc(C2(c3cccc(O)c3)CCN(CCc3ccccc3)CC2)cc1,0.0457574905606751,training
CCCC(C)CN1CCC(c2ccc(C(=O)N(CC)CC)cc2)(c2cccc(O)c2)CC1,-0.255272505103306,training
CCCC(C)CN1CCC(c2ccc(C(=O)N(C)C)cc2)(c2cccc(O)c2)CC1,-1.041392685158225,training
CCC(O)(CC)c1ccc(C2(c3cccc(C(N)=O)c3)CCN(CC3CC3)CC2)cc1,-0.3617278360175928,training
CCCC(C)CN1CCC(c2ccc(C(O)(CC)CC)cc2)(c2cccc(C(N)=O)c2)CC1,-0.3010299956639812,valid
CCN(CC)C(=O)c1ccc(C2(c3cccc(O)c3)CCCN(CC3CC3)C2)cc1,0.0969100130080563,training
CCCCN1CCCC(c2ccc(C(=O)N(CC)CC)cc2)(c2cccc(O)c2)C1,-0.7923916894982539,valid
CCN(C)C(=O)c1ccc(C2(c3cccc(O)c3)CCCN(CC3CC3)C2)cc1,-0.3424226808222063,test
CCN(CC)C(=O)c1ccc(C2(c3cccc(O)c3)CCCN(CC(F)(F)F)C2)cc1,-0.4623979978989561,valid
CCN(CC)C(=O)c1ccc(C2(c3cccc(O)c3)CCCN(Cc3nccs3)C2)cc1,-0.5440680443502757,training
CCN(CC)C(=O)c1ccc(C2(c3cccc(O)c3)CCCN(Cc3ncc[nH]3)C2)cc1,-0.0791812460476248,training
CC(C)(O)c1ccc(C2(c3cccc(O)c3)CCCN(CC3CC3)C2)cc1,-1.591064607026499,training
CCN(CC)C(=O)c1ccc(C2(c3cccc(C(N)=O)c3)CCCN(Cc3nccs3)C2)cc1,-0.8450980400142568,training
CC[C@@]12CCN(CCc3ccc([N+](=O)[O-])cc3)C[C@@H]1Oc1c(O)cccc12,-3.3541084391474008,training
CC[C@@]12CCN(CC3CC3)C[C@@H]1Oc1c(O)cccc12,-3.788875115775417,training
CC[C@@]12CCN(CCc3ccccc3)C[C@@H]1Oc1c(O)cccc12,-3.857935264719429,training
CC[C@@]12CCN(C)C[C@@H]1Oc1c(O)cccc12,-3.873901597864461,training
c1cc2c(cc1OCCCOc1ccc3c(c1)[C@@]14CCCC[C@H]1[C@@H](C3)N(CC1CCC1)CC4)[C@@]13CCCC[C@H]1[C@@H](C2)N(CC1CCC1)CC3,-2.255272505103306,training
OC(COc1ccc2c(c1)[C@@]13CCCC[C@H]1[C@@H](C2)N(CC1CCC1)CC3)COc1ccc2c(c1)[C@@]13CCCC[C@H]1[C@@H](C2)N(CC1CCC1)CC3,-1.568201724066995,training
OC(COc1ccc2c(c1)[C@@]13CCCC[C@H]1[C@@H](C2)N(CC1CCC1)CC3)CC(O)COc1ccc2c(c1)[C@@]13CCCC[C@H]1[C@@H](C2)N(CC1CCC1)CC3,-1.5185139398778875,training
OC(CCC(O)COc1ccc2c(c1)[C@@]13CCCC[C@H]1[C@@H](C2)N(CC1CCC1)CC3)COc1ccc2c(c1)[C@@]13CCCC[C@H]1[C@@H](C2)N(CC1CCC1)CC3,-2.6232492903979003,training
OC(CCCC(O)COc1ccc2c(c1)[C@@]13CCCC[C@H]1[C@@H](C2)N(CC1CCC1)CC3)COc1ccc2c(c1)[C@@]13CCCC[C@H]1[C@@H](C2)N(CC1CCC1)CC3,-2.204119982655925,training
OC(CCCCC(O)COc1ccc2c(c1)[C@@]13CCCC[C@H]1[C@@H](C2)N(CC1CCC1)CC3)COc1ccc2c(c1)[C@@]13CCCC[C@H]1[C@@H](C2)N(CC1CCC1)CC3,-1.869231719730976,training
OC(CCCCCC(O)COc1ccc2c(c1)[C@@]13CCCC[C@H]1[C@@H](C2)N(CC1CCC1)CC3)COc1ccc2c(c1)[C@@]13CCCC[C@H]1[C@@H](C2)N(CC1CCC1)CC3,-1.99563519459755,training
OC(CCCCCCC(O)COc1ccc2c(c1)[C@@]13CCCC[C@H]1[C@@H](C2)N(CC1CCC1)CC3)COc1ccc2c(c1)[C@@]13CCCC[C@H]1[C@@H](C2)N(CC1CCC1)CC3,-1.4313637641589874,training
OC(COc1ccc(Cc2ccc(OCC(O)COc3ccc4c(c3)[C@@]35CCCC[C@H]3[C@@H](C4)N(CC3CCC3)CC5)cc2)cc1)COc1ccc2c(c1)[C@@]13CCCC[C@H]1[C@@H](C2)N(CC1CCC1)CC3,-1.462397997898956,training
c1cc2c(cc1OCC1CO1)[C@@]13CCCC[C@H]1[C@@H](C2)N(CC1CCC1)CC3,-2.3010299956639813,training
CCCCCCCCC(O)COc1ccc2c(c1)[C@@]13CCCC[C@H]1[C@@H](C2)N(CC1CCC1)CC3,-1.7160033436347992,training
CCCCCCCCCC(=O)Oc1ccc2c(c1)[C@@]13CCCC[C@H]1[C@@H](C2)N(CC1CCC1)CC3,-1.3010299956639813,training
CCCCCCCCCCOc1ccc2c(c1)[C@@]13CCCC[C@H]1[C@@H](C2)N(CC1CCC1)CC3,-2.963787827345555,training
OC(COc1ccccc1)COc1ccc2c(c1)[C@@]13CCCC[C@H]1[C@@H](C2)N(CC1CCC1)CC3,-1.934498451243568,training
CNC(=O)Cn1c(=O)n(C2CCN([C@H]3CC[C@@H](C(C)C)CC3)CC2)c2ccccc21,-3.845098040014257,training
NC(=O)/C(=C/c1ccccc1)NC(=O)/C(=C/c1ccccc1)NC(=O)[C@@H]1CCCN1C(=O)[C@@H](N)Cc1ccc(O)cc1,-3.863322860120456,training
Cc1cc(O)cc(C)c1C[C@H](N)C(=O)N1CC(=O)N[C@@H](Cc2cnc[nH]2)C(=O)N[C@H](Cc2ccc3ccccc3c2)C(=O)N[C@@H](CCCNC(=N)N)C(=O)N[C@@H](Cc2c[nH]c3ccccc23)C(=O)N[C@H](C(=O)N[C@@H](CC(=O)O)C(=O)N[C@@H](Cc2ccccc2)C(N)=O)CSSC[C@@H](N)C1=O,-0.7481880270062005,training
Cc1cc(O)cc(C)c1C[C@H](N)C(=O)N1CC(=O)N[C@@H](Cc2cnc[nH]2)C(=O)N[C@H](Cc2ccccc2)C(=O)N[C@@H](CCCNC(=N)N)C(=O)N[C@@H](Cc2c[nH]c3ccccc23)C(=O)N[C@H](C(=O)N[C@@H](CC(=O)O)C(=O)N[C@@H](Cc2ccccc2)C(N)=O)CSSC[C@@H](N)C1=O,-0.9590413923210936,training
N=C(N)NCCC[C@@H]1NC(=O)[C@H](Cc2ccc(Cl)cc2)NC(=O)[C@H](Cc2cnc[nH]2)NC(=O)CNC(=O)[C@H](NC(=O)[C@@H](N)Cc2ccc(O)cc2)CC(=O)NCCCC[C@@H](C(=O)N[C@@H](CC(=O)O)C(=O)N[C@H](Cc2ccccc2)C(N)=O)NC(=O)[C@H](Cc2cc3ccccc3[nH]2)NC1=O,-3.113943352306837,test
C[C@@H](NC(=O)[C@@H](N)Cc1ccc(O)cc1)C(=O)NCC(=O)N[C@@H](Cc1ccccc1)C(=O)NCCCC[C@H](NC(=O)[C@H](Cc1c[nH]c2ccccc12)NC(=O)[C@H](CCCNC(=N)N)NC(=O)[C@@H](Cc1ccc(Cl)cc1)NC(=O)[C@@H](N)Cc1cnc[nH]1)C(=O)N[C@@H](CC(=O)O)C(=O)N[C@@H](Cc1ccccc1)C(N)=O,-0.5440680443502757,training
CCCC[C@H](NC(=O)[C@H](Cc1c[nH]c2ccccc12)NC(=O)[C@H](CCCNC(=N)N)NC(=O)[C@@H](Cc1ccccc1)NC(=O)[C@H](Cc1cnc[nH]1)NC(=O)CCC(=O)N(c1ccccc1)C1CCN(CCc2ccccc2)CC1)C(=O)N[C@@H](CC(=O)O)C(=O)N[C@@H](Cc1ccccc1)C(N)=O,-3.361727836017593,training
CCCC[C@H](NC(=O)[C@H](Cc1c[nH]c2ccccc12)NC(=O)[C@H](CCCNC(=N)N)NC(=O)[C@@H](Cc1ccccc1)NC(=O)[C@H](Cc1cnc[nH]1)NC(=O)[C@H](Cc1ccccc1)NC(=O)CNC(=O)[C@@H](C)NC(=O)[C@@H](N)Cc1ccc(O)cc1)C(=O)N[C@@H](CC(=O)O)C(=O)N[C@@H](Cc1ccccc1)C(N)=O,-0.7923916894982539,valid
CCCC[C@H](NC(=O)[C@H](Cc1c[nH]c2ccccc12)NC(=O)[C@H](CCCNC(=N)N)NC(=O)[C@@H](Cc1ccc2ccccc2c1)NC(=O)[C@H](Cc1cnc[nH]1)NC(=O)[C@H](Cc1ccccc1)NC(=O)CNC(=O)[C@@H](C)NC(=O)[C@@H](N)Cc1ccc(O)cc1)C(=O)N[C@@H](CC(=O)O)C(=O)N[C@@H](Cc1ccccc1)C(N)=O,-0.4623979978989561,training
CCCC[C@H](NC(=O)[C@H](Cc1c[nH]c2ccccc12)NC(=O)[C@H](CCCNC(=N)N)NC(=O)[C@@H](Cc1ccc2ccccc2c1)NC(=O)[C@H](Cc1cnc[nH]1)NC(=O)[C@H](Cc1ccccc1)NC(=O)CNC(=O)[C@@H](C)NC(=O)[C@@H](N)Cc1c(C)cc(O)cc1C)C(=O)N[C@@H](CC(=O)O)C(=O)N[C@@H](Cc1ccccc1)C(N)=O,0.6777807052660807,valid
CCCC[C@H](NC(=O)[C@H](Cc1c[nH]c2ccccc12)NC(=O)[C@H](CCCNC(=N)N)NC(=O)[C@@H](Cc1ccc2ccccc2c1)NC(=O)[C@H](Cc1cnc[nH]1)NC(=O)[C@H](Cc1ccccc1)NC(=O)[C@@H](C)NC(=O)[C@@H](N)Cc1c(C)cc(O)cc1C)C(=O)N[C@@H](CC(=O)O)C(=O)N[C@@H](Cc1ccccc1)C(N)=O,-0.568201724066995,training
CCCC[C@H](NC(=O)[C@H](Cc1c[nH]c2ccccc12)NC(=O)[C@H](CCCNC(=N)N)NC(=O)[C@@H](Cc1ccc2ccccc2c1)NC(=O)[C@H](Cc1cnc[nH]1)NC(=O)[C@H](Cc1ccccc1)NC(=O)[C@@H](C)NC(=O)[C@@H](N)Cc1ccc(O)cc1)C(=O)N[C@@H](CC(=O)O)C(=O)N[C@@H](Cc1ccccc1)C(N)=O,-1.6232492903979006,test
CC(C)CCNCc1ccc(N2CCCc3cc(C(N)=O)ccc32)cc1,-2.500003068051693,training
NC(=O)c1ccc2c(c1)CCCN2c1ccc(CNCC2CCCCC2)cc1,-2.60000308662774,training
CCCCCNCc1ccc(N2CCCc3cc(C(N)=O)ccc32)cc1,-2.400002345927956,training
CC(C)(C)CCNCc1ccc(N2CCCc3cc(C(N)=O)ccc32)cc1,-2.500003068051693,training
NC(=O)c1ccc2c(c1)CCCN2c1ccc(CNCCC2=CCCCC2)cc1,-2.200001865406602,training
NC(=O)c1ccc2c(c1)CCCN2c1ccc(CNCCc2cccs2)cc1,-2.500003068051693,training
NC(=O)c1ccc2c(c1)CCCN2c1ccc(CNCc2cccc(F)c2)cc1,-2.60000308662774,test
NC(=O)c1ccc2c(c1)CCCN2c1ccc(CNCCc2cccc(F)c2)cc1,-2.400002345927956,training
CC1(C)CCC(NCc2ccc(N3CCCc4cc(C(N)=O)ccc43)cc2)CC1,-1.7000110623221123,test
NC(=O)c1ccc2c(c1)CCCN2c1ccc(CNC2Cc3ccccc3C2)cc1,-1.599992177584098,test
NC(=O)c1ccc2c(c1)CCCN2c1ccc(CNC2Cc3ccc(F)cc3C2)cc1,-1.899984562549391,training
NC(=O)c1ccc2c(c1)CCCN2c1ccc(CNCCC2CCOCC2)cc1,-2.500003068051693,training
NC(=O)c1ccc2c(c1)CCCN2c1cccc(CNCCC2=CCCCC2)c1,-2.300008202553813,training
NC(=O)c1ccc2c(c1)CCCN2c1cccc(C(=O)NCCC2=CCCCC2)c1,-3.1999991251967965,training
Cc1cc(N2CCCc3cc(C(N)=O)ccc32)ccc1CNC1Cc2ccccc2C1,-2.200001865406602,training
NC(=O)c1ccc2c(c1)CCCN2c1ccc(CNC2Cc3ccccc3C2)c(F)c1,-2.0,training
NC(=O)c1ccc2c(c1)CCCN2c1cc(F)c(CNC2Cc3ccccc3C2)c(F)c1,-2.500003068051693,training
NC(=O)c1ccc2c(c1)CCCN2c1ccc(CNC2Cc3ccccc3C2)c(C(F)(F)F)c1,-1.8000293592441343,training
NC(=O)c1ccc2c(c1)CCCN2c1ccc(CNC2Cc3ccccc3C2)c(Cl)c1,-2.0,training
Cc1cc(CNC2Cc3ccccc3C2)ccc1N1CCCc2cc(C(N)=O)ccc21,-1.1000257301078626,training
Cc1cc(CNCCC2=CCCCC2)ccc1N1CCCc2cc(C(N)=O)ccc21,-2.0,training
Cc1cc(N2CCCc3cc(C(N)=O)ccc32)ccc1CNCCC1=CCCCC1,-2.7000023971422538,training
CCCC[C@@H](NC(=O)[C@@H](N)Cc1c(C)cc(O)cc1C)C(=O)NCC(=O)N[C@@H](Cc1ccccc1)C(=O)N1CCC(N(C(=O)CC)c2ccccc2)CC1,0.744727494896694,training
CCCC[C@@H](NC(=O)[C@@H](N)Cc1c(C)cc(O)cc1C)C(=O)N[C@@H](Cc1ccccc1)C(=O)N1CCC(N(C(=O)CC)c2ccccc2)CC1,-0.041392685158225,training
CCC(=O)N(c1ccccc1)C1CCN(C(=O)[C@H](Cc2ccccc2)NC(=O)[C@@H](C)NC(=O)[C@@H](N)Cc2c(C)cc(O)cc2C)CC1,-0.2304489213782739,valid
CCCC[C@@H](NC(=O)[C@@H](N)Cc1c(C)cc(O)cc1C)C(=O)NCC(=O)N[C@@H](Cc1ccc(Cl)cc1)C(=O)N1CCC(N(C(=O)CC)c2ccccc2)CC1,1.0969100130080565,training
CCCC[C@@H](NC(=O)[C@@H](N)Cc1c(C)cc(O)cc1C)C(=O)NCC(=O)N[C@@H](Cc1ccc(F)cc1)C(=O)N1CCC(N(C(=O)CC)c2ccccc2)CC1,0.3979400086720376,training
CCC(=O)N(c1ccccc1)C1CCN(C(=O)[C@H](Cc2ccc(Cl)cc2)NC(=O)CNC(=O)[C@@H](C)NC(=O)[C@@H](N)Cc2c(C)cc(O)cc2C)CC1,0.8538719643217619,test
CCCC[C@@H](NC(=O)[C@@H](N)Cc1c(C)cc(O)cc1C)C(=O)N[C@@H](Cc1ccc(Cl)cc1)C(=O)N1CCC(N(C(=O)CC)c2ccccc2)CC1,-1.2787536009528289,training
CCC(=O)N(c1ccccc1)C1CCN(C(=O)[C@H](Cc2ccc(Cl)cc2)NC(=O)[C@@H](C)NC(=O)[C@@H](N)Cc2c(C)cc(O)cc2C)CC1,-0.2041199826559248,training
CCC(=O)N(c1ccccc1)C1CCN(C(=O)[C@H](Cc2ccc(F)cc2)NC(=O)CNC(=O)[C@@H](C)NC(=O)[C@@H](N)Cc2c(C)cc(O)cc2C)CC1,1.5228787452803376,training
CCC(=O)N(c1ccccc1)C1CCN(C(=O)[C@H](Cc2ccc(F)cc2)NC(=O)CNC(=O)[C@H]2Cc3ccccc3CN2C(=O)[C@@H](N)Cc2c(C)cc(O)cc2C)CC1,0.3187587626244128,training
CCC(=O)N(c1ccccc1)C1CCN(C(=O)[C@H](Cc2ccc(Cl)cc2)NC(=O)CNC(=O)[C@H]2Cc3ccccc3CN2C(=O)[C@@H](N)Cc2c(C)cc(O)cc2C)CC1,0.958607314841775,training
OCC1(N2CCC(n3c(N4CC5CN(Cc6ccccc6)CC5C4)nc4ccccc43)CC2)CCCCCCC1,-2.41161970596323,valid
COC(=O)C1(N2CCC(n3c(N4CCN(C)CC4)nc4ccccc43)CC2)CCCCCCC1,-2.494154594018443,training
CN1CCN(c2nc3ccccc3n2C2CCN(C3(CO)CCCCCCC3)CC2)CC1,-2.8318697742805017,training
OCC1(N2CCC(n3c(-c4ccc(Cl)cc4)nc4ccccc43)CC2)CCCCCCC1,-2.311753861055754,training
Cc1cc(O)cc(C)c1C[C@@H](C(=O)N1Cc2ccccc2C[C@H]1C(=O)O)N(C)C,-0.4313637641589873,training
Nc1nc2cc3c(cc2s1)C[C@@H]1[C@@H]2CCCC[C@]32CCN1CCCF,-1.7323937598229686,training
Nc1nc2cc3c(cc2s1)C[C@@H]1[C@@H]2CCCC[C@]32CCN1C[C@@H]1CCCO1,-1.7481880270062005,training
CNc1nc2cc3c(cc2s1)C[C@@H]1[C@@H]2CCCC[C@]32CCN1CC1CC1,-1.3979400086720375,test
CCNc1nc2cc3c(cc2s1)C[C@@H]1[C@@H]2CCCC[C@]32CCN1CC1CC1,-1.6334684555795866,training
FC(F)(F)CNc1nc2cc3c(cc2s1)C[C@@H]1[C@@H]2CCCC[C@]32CCN1CC1CC1,-2.255272505103306,training
CCCNc1nc2cc3c(cc2s1)C[C@@H]1[C@@H]2CCCC[C@]32CCN1CC1CC1,-1.8976270912904412,training
CC(=O)Nc1nc2cc3c(cc2s1)C[C@@H]1[C@@H]2CCCC[C@]32CCN1CC1CC1,-2.8750612633917,training
c1ccc(Nc2nc3cc4c(cc3s2)C[C@@H]2[C@@H]3CCCC[C@]43CCN2CC2CC2)cc1,-2.146128035678238,training
c1ccc(CNc2nc3cc4c(cc3s2)C[C@@H]2[C@@H]3CCCC[C@]43CCN2CC2CC2)cc1,-1.6127838567197357,training
COc1cccc(CNc2nc3cc4c(cc3s2)C[C@@H]2[C@@H]3CCCC[C@]43CCN2CC2CC2)c1,-1.5314789170422551,training
Oc1cccc(CNc2nc3cc4c(cc3s2)C[C@@H]2[C@@H]3CCCC[C@]43CCN2CC2CC2)c1,-1.462397997898956,valid
CCNC(=S)Nc1nc2cc3c(cc2s1)C[C@@H]1[C@@H]2CCCC[C@]32CCN1CC1CC1,-2.1760912590556813,training
CN(C)c1nc2cc3c(cc2s1)C[C@@H]1[C@@H]2CCCC[C@]32CCN1CC1CC1,-1.8129133566428557,training
CC(=O)N(C)c1nc2cc3c(cc2s1)C[C@@H]1[C@@H]2CCCC[C@]32CCN1CC1CC1,-3.041392685158225,training
CCN(C(C)=O)c1nc2cc3c(cc2s1)C[C@@H]1[C@@H]2CCCC[C@]32CCN1CC1CC1,-2.869231719730976,training
CNc1nc2cc3c(cc2s1)C[C@@H]1[C@@H]2CCCC[C@]32CCN1CC1CCC1,-1.6720978579357175,training
CCNc1nc2cc3c(cc2s1)C[C@@H]1[C@@H]2CCCC[C@]32CCN1CC1CCC1,-1.9590413923210936,training
CNc1nc2cc3c(cc2s1)C[C@@H]1[C@@H]2CCCC[C@]32CCN1CCCF,-1.6989700043360187,training
CC(=O)Nc1nc2cc3c(cc2s1)C[C@@H]1[C@@H]2CCCC[C@]32CCN1CCCF,-2.342422680822206,training
CCNc1nc2cc3c(cc2s1)C[C@@H]1[C@@H]2CCCC[C@]32CCN1CCCF,-1.8808135922807916,training
CCCNc1nc2cc3c(cc2s1)C[C@@H]1[C@@H]2CCCC[C@]32CCN1CCCF,-2.0791812460476247,training
CN(C)c1nc2cc3c(cc2s1)C[C@@H]1[C@@H]2CCCC[C@]32CCN1CCCF,-2.6232492903979003,valid
CCCC[C@H](NC(=O)[C@H](Cc1ccccc1)NC(=O)CNC(=O)[C@@H](C)NC(=O)[C@@H](N)Cc1c(C)cc(O)cc1C)C(=O)N1CCC[C@H]1C(=O)N[C@@H](CC(C)C)C(=O)N[C@@H](Cc1c[nH]c2ccccc12)C(=O)NCc1cc(C(F)(F)F)cc(C(F)(F)F)c1,-1.041392685158225,training
CCCC[C@H](NC(=O)[C@H](Cc1ccccc1)NC(=O)CNC(=O)[C@@H](C)NC(=O)[C@@H](N)Cc1c(C)cc(O)cc1C)C(=O)N1CCC[C@H]1C(=O)N[C@@H](CC(C)C)C(=O)N[C@@H](Cc1c[nH]c2ccccc12)C(=O)N(C)Cc1cc(C(F)(F)F)cc(C(F)(F)F)c1,0.3372421683184259,training
CCCC[C@H](NC(=O)[C@H](Cc1ccccc1)NC(=O)CNC(=O)[C@@H](C)NC(=O)[C@@H](N)Cc1c(C)cc(O)cc1C)C(=O)N1CCC[C@H]1C(=O)N[C@@H](CC(C)C)C(=O)N[C@@H](Cc1c[nH]c2ccccc12)C(=O)NCc1cccc(C(F)(F)F)c1,-0.6127838567197355,training
CCCC[C@H](NC(=O)[C@H](Cc1ccccc1)NC(=O)CNC(=O)[C@@H](C)NC(=O)[C@@H](N)Cc1c(C)cc(O)cc1C)C(=O)N1CCC[C@H]1C(=O)N[C@@H](CC(C)C)C(=O)N[C@@H](Cc1c[nH]c2ccccc12)C(=O)NCc1ccc(OC)c(OC)c1,0.8239087409443188,training
CSCC[C@H](NC(=O)[C@H](Cc1ccccc1)NC(=O)CNC(=O)[C@@H](C)NC(=O)[C@@H](N)Cc1c(C)cc(O)cc1C)C(=O)N1CCC[C@H]1C(=O)N[C@@H](CC(C)C)C(=O)N[C@@H](Cc1c[nH]c2ccccc12)C(=O)NCc1cc(C(F)(F)F)cc(C(F)(F)F)c1,0.744727494896694,training
CCOC(=O)C1=C(C(=O)OCC)C2OC1C=C2[C@@H]1C[C@]2(C)[C@H]3C(=O)[C@@H](OC(C)=O)C[C@@H](C(=O)OC)[C@]3(C)CC[C@H]2C(=O)O1,-3.3541084391474008,training
c1c2c(cc3sc(NCCCCCCCCCCNc4nc5cc6c(cc5s4)C[C@@H]4[C@@H]5CCCC[C@]65CCN4CC4CC4)nc13)C[C@@H]1[C@@H]3CCCC[C@]23CCN1CC1CC1,-1.591064607026499,training
O=C(CCCCCCCCC(=O)Nc1nc2cc3c(cc2s1)C[C@@H]1[C@@H]2CCCC[C@]32CCN1CC1CC1)Nc1nc2cc3c(cc2s1)C[C@@H]1[C@@H]2CCCC[C@]32CCN1CC1CC1,-2.230448921378274,test
C=CCN1CC[C@]23c4c5ccc(OC(=O)CCCCCCCCC(=O)Oc6ccc7c(c6)[C@@]68CCCC[C@@]6(O)[C@@H](C7)N(CC6CCC6)CC8)c4O[C@H]2C(=O)CC[C@@]3(O)[C@H]1C5,-1.5440680443502757,training
O=C(CCCCCCCCC(=O)Oc1ccc2c(c1)[C@@]13CCCC[C@H]1[C@@H](C2)N(CC1CCC1)CC3)Oc1ccc2c(c1)[C@@]13CCCC[C@@]1(O)[C@@H](C2)N(CC1CCC1)CC3,-0.9030899869919436,training
C=CCN1CC[C@]23c4c5ccc(OC(=O)CCCCCCCCC(=O)Oc6ccc7c(c6)[C@@]68CCCC[C@@]6(OC)[C@@H](C7)N(CC6CCC6)CC8)c4O[C@H]2C(=O)CC[C@@]3(O)[C@H]1C5,-1.591064607026499,training
CO[C@@]12CCCC[C@@]13CCN(CC1CCC1)[C@@H]2Cc1ccc(OC(=O)CCCCCCCCC(=O)OCc2ccccc2)cc13,-1.146128035678238,training
CO[C@@]12CCCC[C@@]13CCN(CC1CCC1)[C@@H]2Cc1ccc(OC(=O)CCCCCCCCC(=O)Oc2ccc4c(c2)[C@@]25CCCC[C@@]2(OC)[C@@H](C4)N(CC2CCC2)CC5)cc13,-1.1139433523068367,training
CO[C@@]12CCCC[C@@]13CCN(CC1CCC1)[C@@H]2Cc1ccc(O)cc13,-0.9084850188786496,test
O=C(N[C@@H]1CC[C@@]2(O)[C@H]3Cc4ccc(O)c5c4[C@@]2(CCN3CC2CC2)[C@H]1O5)c1cccc(I)c1,0.2365720064370627,training
C=CCN1CC[C@]23c4c5ccc(O)c4O[C@H]2[C@H](NC(=O)c2cccc(I)c2)CC[C@@]3(O)[C@H]1C5,-0.4065401804339551,test
CN1CC[C@]23c4c5ccc(O)c4O[C@H]2[C@H](NC(=O)c2cccc(I)c2)CC[C@@]3(O)[C@H]1C5,-1.8497878242376853,training
CCC(C)(C)[C@](C)(O)[C@H]1C[C@@]23CC[C@]1(OC)[C@@H]1Oc4c(O)ccc5c4[C@@]12CCN(CC1CC1)[C@@H]3C5,-0.2013971243204515,training
CO[C@]12CC[C@@]3(C[C@@H]1[C@](C)(O)CC(C)(C)C)[C@H]1Cc4ccc(O)c5c4[C@@]3(CCN1CC1CC1)[C@H]2O5,-0.1038037209559568,training
CO[C@]12CC[C@@]3(C[C@@H]1[C@](C)(O)CC(C)(C)c1ccccc1)[C@H]1Cc4ccc(O)c5c4[C@@]3(CCN1CC1CC1)[C@H]2O5,-0.5634810853944107,training
CO[C@]12CC[C@@]3(C[C@@H]1[C@@](C)(O)c1ccc(C(C)(C)C)cc1)[C@H]1Cc4ccc(O)c5c4[C@@]3(CCN1CC1CC1)[C@H]2O5,-0.4814426285023049,training
CO[C@]12CC[C@@]3(C[C@@H]1[C@](C)(O)CC1CC4CCC1C4)[C@H]1Cc4ccc(O)c5c4[C@@]3(CCN1CC1CC1)[C@H]2O5,-0.8530895298518655,training
CO[C@]12CC[C@@]3(C[C@@H]1[C@@](C)(O)C(C)(C)C)[C@H]1Cc4c(Br)cc(O)c5c4[C@@]3(CCN1CC1CC1)[C@H]2O5,-0.8318697742805017,training
CO[C@]12CC[C@@]3(C[C@@H]1[C@@](C)(O)C(C)(C)C)[C@H]1Cc4c(Cl)cc(O)c5c4[C@@]3(CCN1CC1CC1)[C@H]2O5,-1.235528446907549,valid
CO[C@]12CC[C@@]3(C[C@@H]1[C@@](C)(O)C(C)(C)C)[C@H]1Cc4cc(Br)c(O)c5c4[C@@]3(CCN1CC1CC1)[C@H]2O5,-0.9380190974762104,training
COc1ccc(CCN2CCC(Nc3nc4ccccc4n3Cc3ccc(F)cc3)CC2)cc1,-3.6603910984024672,training
CCCCc1oc2ccccc2c1C(=O)c1cc(I)c(OCCN(CC)CC)c(I)c1,-3.451018452155457,training
Clc1ccc(COC(Cn2ccnc2)c2ccc(Cl)cc2Cl)cc1,-2.7058637122839198,training
CN(CCOc1ccc(C[C@H](Nc2ccccc2C(=O)c2ccccc2)C(=O)O)cc1)c1ccccn1,-3.053462604925455,training
OCCN1CCN(CCCN2c3ccccc3Sc3ccc(C(F)(F)F)cc32)CC1,-3.928037206406883,training
CC1(COc2ccc(CC3SC(=O)NC3=O)cc2)CCCCC1,-3.976854146576219,training
Clc1ccccc1C(c1ccccc1)(c1ccccc1)n1ccnc1,-3.244277120801843,test
CC/C(=C(/CC)c1ccc(O)cc1)c1ccc(O)cc1,-2.9813655090785445,training
CN(C)CCCN1c2ccccc2Sc2ccc(Cl)cc21,-3.8671727511786496,training
CC(=O)O[C@H]1C(=O)[C@]2(C)[C@@H](O)C[C@H]3OC[C@@]3(OC(C)=O)[C@H]2[C@H](OC(=O)c2ccccc2)[C@]2(O)C[C@H](OC(=O)[C@H](O)[C@@H](NC(=O)c3ccccc3)c3ccccc3)C(C)=C1C2(C)C,-3.170555058521209,training
Clc1ccc(CO/N=C(\Cn2ccnc2)c2ccc(Cl)cc2Cl)c(Cl)c1,-3.272120208801097,valid
Cc1c(O)cccc1C(=O)N[C@@H](CSc1ccccc1)[C@H](O)CN1C[C@H]2CCCC[C@H]2C[C@H]1C(=O)NC(C)(C)C,-4.36770992242515,training
C=CCN1CC[C@]23c4c5ccc(O)c4O[C@H]2/C(=N/N=C2\CC[C@@]4(O)[C@H]6Cc7ccc(O)c8c7[C@@]4(CCN6CC=C)[C@H]2O8)CC[C@@]3(O)[C@H]1C5,-1.6812412373755872,training
Clc1ccc(COC(Cn2ccnc2)c2ccc(Cl)cc2Cl)c(Cl)c1,-3.0770043267933502,training
CC(C)(O)c1ccccc1CC[C@@H](SCC1(CC(=O)O)CC1)c1cccc(/C=C/c2ccc3ccc(Cl)cc3n2)c1,-3.227886704613673,training
CC(=O)N1CCN(c2ccc(OCC3COC(Cn4ccnc4)(c4ccc(Cl)cc4Cl)O3)cc2)CC1,-3.6542728270977114,training
CN(C)C(=O)C(CCN1CCC(O)(c2ccc(Cl)cc2)CC1)(c1ccccc1)c1ccccc1,-2.499687082618404,training
CC/C(=C(\c1ccccc1)c1ccc(OCCN(C)C)cc1)c1ccccc1,-3.6722826247889206,training
CC(C)(C)NC(=O)[C@@H]1C[C@@H]2CCCC[C@@H]2CN1C[C@@H](O)[C@H](Cc1ccccc1)NC(=O)[C@H](CC(N)=O)NC(=O)c1ccc2ccccc2n1,-3.996949248495381,training
O=C(c1ccc(OCCN2CCCCC2)cc1)c1c(-c2ccc(O)cc2)sc2cc(O)ccc12,-3.369586890736344,valid
COC(=O)N1CCN(C(=O)Cc2ccc(Cl)c(Cl)c2)[C@H](CN2CCCC2)C1,-2.625312450961674,training
FCC1OC2(CCN(Cc3ccccc3)CC2)c2ccccc21,-2.1818435879447726,valid
CN1C[C@H](O)[C@]2(c3cccc(O)c3)CCC[C@H]1C2,-3.857332496431269,test
CN(Cc1ccc(O)cc1)c1ccc2c(c1)[C@@]13CCCC[C@H]1[C@@H](C2)N(CC1CCC1)CC3,-2.724275869600789,training
CN(Cc1cccc(O)c1)c1ccc2c(c1)[C@@]13CCCC[C@H]1[C@@H](C2)N(CC1CCC1)CC3,-2.230448921378274,training
CN(Cc1ccc(Cl)cc1)c1ccc2c(c1)[C@@]13CCCC[C@H]1[C@@H](C2)N(CC1CCC1)CC3,-2.863322860120456,valid
COc1ccc(CN(C)c2ccc3c(c2)[C@@]24CCCC[C@H]2[C@@H](C3)N(CC2CCC2)CC4)cc1,-2.462397997898956,training
COc1cccc(CN(C)c2ccc3c(c2)[C@@]24CCCC[C@H]2[C@@H](C3)N(CC2CCC2)CC4)c1,-2.544068044350276,training
COc1ccccc1CN(C)c1ccc2c(c1)[C@@]13CCCC[C@H]1[C@@H](C2)N(CC1CCC1)CC3,-2.278753600952829,training
CN1CC[C@]23CCCC[C@H]2[C@H]1Cc1ccc(NCc2cccc(O)c2)cc13,-2.8573324964312685,test
Oc1ccc(CNc2ccc3c(c2)[C@@]24CCCC[C@H]2[C@@H](C3)N(CC2CC2)CC4)cc1,-1.1139433523068367,valid
Oc1cccc(CNc2ccc3c(c2)[C@@]24CCCC[C@H]2[C@@H](C3)N(CC2CC2)CC4)c1,-1.6127838567197357,training
Oc1ccccc1CNc1ccc2c(c1)[C@@]13CCCC[C@H]1[C@@H](C2)N(CC1CC1)CC3,-1.4771212547196624,training
Oc1ccc(CNc2ccc3c(c2)[C@@]24CCCC[C@H]2[C@@H](C3)N(CC2CCC2)CC4)cc1,-2.0791812460476247,training
Oc1cccc(CNc2ccc3c(c2)[C@@]24CCCC[C@H]2[C@@H](C3)N(CC2CCC2)CC4)c1,-2.361727836017593,training
Oc1ccccc1CNc1ccc2c(c1)[C@@]13CCCC[C@H]1[C@@H](C2)N(CC1CCC1)CC3,-2.041392685158225,training
O=[N+]([O-])c1cccc(CNc2ccc3c(c2)[C@@]24CCCC[C@H]2[C@@H](C3)N(CC2CCC2)CC4)c1,-2.1760912590556813,training
c1cc2c(cc1CNc1ccc3c(c1)[C@@]14CCCC[C@H]1[C@@H](C3)N(CC1CC1)CC4)OCO2,-1.3010299956639813,training
COc1cccc(CNc2ccc3c(c2)[C@@]24CCCC[C@H]2[C@@H](C3)N(CC2CC2)CC4)c1,-2.041392685158225,test
COc1ccccc1CNc1ccc2c(c1)[C@@]13CCCC[C@H]1[C@@H](C2)N(CC1CC1)CC3,-2.204119982655925,training
c1cc2c(cc1CNc1ccc3c(c1)[C@@]14CCCC[C@H]1[C@@H](C3)N(CC1CCC1)CC4)OCO2,-1.7242758696007892,training
Clc1ccc(CNc2ccc3c(c2)[C@@]24CCCC[C@H]2[C@@H](C3)N(CC2CCC2)CC4)cc1,-2.0,training
COc1ccc(CNc2ccc3c(c2)[C@@]24CCCC[C@H]2[C@@H](C3)N(CC2CCC2)CC4)cc1,-2.4149733479708178,training
COc1cccc(CNc2ccc3c(c2)[C@@]24CCCC[C@H]2[C@@H](C3)N(CC2CCC2)CC4)c1,-2.1760912590556813,training
COc1ccccc1CNc1ccc2c(c1)[C@@]13CCCC[C@H]1[C@@H](C2)N(CC1CCC1)CC3,-1.7853298350107671,training
Cc1cc(O)cc(C)c1C[C@H](N)C(=O)N(C)[C@H](C)C(=O)N[C@H]1Cc2ccccc2CN(CC(N)=O)C1=O,-0.6989700043360189,valid
Cc1cc(O)cc(C)c1C[C@H](N)C(=O)N[C@H](C)C(=O)N[C@H]1Cc2ccccc2CN(CC(N)=O)C1=O,-1.255272505103306,training
Cc1cc(O)cc(C)c1C[C@H](N)C(=O)N(C)[C@H](C)C(=O)N[C@@H](Cc1ccccc1)C(=O)N(C)CC(N)=O,-2.113943352306837,training
C[C@H](C(=O)N[C@H]1Cc2ccccc2CN(CC(N)=O)C1=O)N1Cc2cc(O)ccc2C[C@H](N)C1=O,-2.204119982655925,test
NC(=O)[C@H](Cc1ccccc1)NC(=O)[C@H](Cc1c[nH]c2ccccc12)NC(=O)[C@@H]1CCCN1C(=O)[C@H](Cc1ccc(O)cc1)NC(=O)CCC(=O)N[C@@H]1O[C@H](CO)[C@@H](O[C@@H]2O[C@H](CO)[C@H](O)[C@H](O)[C@H]2O)[C@H](O)[C@H]1O,-3.6767850304192056,training
CCCCCCCCC(N)C(=O)N[C@@H](Cc1ccc(O)cc1)C(=O)N1CCC[C@H]1C(=O)N[C@@H](Cc1c[nH]c2ccccc12)C(=O)N[C@@H](Cc1ccccc1)C(=O)N[C@@H](Cc1ccccc1)C(=O)NCC(=O)N[C@@H](CC(C)C)C(=O)N[C@@H](CCSC)C(N)=O,-3.089905111439398,test
CSCC[C@H](NC(=O)[C@H](CC(C)C)NC(=O)CNC(=O)[C@H](Cc1ccccc1)NC(=O)[C@H](Cc1ccccc1)NC(=O)[C@H](Cc1c[nH]c2ccccc12)NC(=O)[C@@H]1CCCN1C(=O)[C@@H](N)Cc1ccc(O)cc1)C(N)=O,-3.19228861256812,training
CCCCCCCCC(N)C(=O)N[C@@H](Cc1ccc(O)cc1)C(=O)N1CCC[C@H]1C(=O)N[C@@H](Cc1c[nH]c2ccccc12)C(=O)N[C@@H](Cc1ccccc1)C(=O)NCC(=O)N[C@@H](CC(C)C)C(=O)N[C@@H](CCSC)C(N)=O,-3.352953911710088,training
CSCC[C@H](NC(=O)[C@H](CC(C)C)NC(=O)CNC(=O)[C@H](Cc1ccccc1)NC(=O)[C@H](Cc1c[nH]c2ccccc12)NC(=O)[C@@H]1CCCN1C(=O)[C@@H](N)Cc1ccc(O)cc1)C(N)=O,-3.2960066693136723,training
C=C(C(N)=O)[C@@H](NC(=O)[C@H](Cc1c[nH]c2ccccc12)NC(=O)[C@@H]1CCCN1C(=O)[C@@H](N)Cc1ccc(O)cc1)c1ccc2ccccc2c1,-4.928651846653695,training
C=C(C(N)=O)[C@@H](NC(=O)[C@H](Cc1c[nH]c2ccccc12)NC(=O)[C@@H]1CCCN1C(=O)[C@@H](N)Cc1ccc(O)cc1)c1cccc2ccccc12,-4.927780849347374,training
C=C(C(N)=O)[C@@H](NC(=O)[C@H](Cc1c[nH]c2ccccc12)NC(=O)[C@@H]1CCCN1C(=O)[C@@H](N)Cc1ccc(O)cc1)c1ccoc1,-4.706973676176178,training
C=C(C(N)=O)[C@@H](NC(=O)[C@H](Cc1c[nH]c2ccccc12)NC(=O)[C@@H]1CCCN1C(=O)[C@@H](N)Cc1ccc(O)cc1)c1ccco1,-4.699056854547668,training
C=C(C(N)=O)[C@@H](NC(=O)[C@H](Cc1c[nH]c2ccccc12)NC(=O)[C@@H]1CCCN1C(=O)[C@@H](N)Cc1ccc(O)cc1)c1ccc2c(c1)OCO2,-4.271609301378832,training
C=C(C(N)=O)[C@@H](NC(=O)[C@H](Cc1c[nH]c2ccccc12)NC(=O)[C@@H]1CCCN1C(=O)[C@@H](N)Cc1ccc(O)cc1)c1ccc(OC)cc1,-4.008600171761918,training
C=C(C(N)=O)[C@@H](NC(=O)[C@H](Cc1c[nH]c2ccccc12)NC(=O)[C@@H]1CCCN1C(=O)[C@@H](N)Cc1ccc(O)cc1)c1ccccc1Cl,-4.174059807725025,training
C=C(C(N)=O)[C@@H](NC(=O)[C@H](Cc1c[nH]c2ccccc12)NC(=O)[C@@H]1CCCN1C(=O)[C@@H](N)Cc1ccc(O)cc1)c1cccc(Cl)c1,-3.7649229846498886,training
C=C(C(N)=O)[C@@H](NC(=O)[C@H](Cc1c[nH]c2ccccc12)NC(=O)[C@@H]1CCCN1C(=O)[C@@H](N)Cc1ccc(O)cc1)c1ccc(Cl)cc1,-4.03382569395331,training
C=C(C(N)=O)[C@@H](NC(=O)[C@H](Cc1c[nH]c2ccccc12)NC(=O)[C@@H]1CCCN1C(=O)[C@@H](N)Cc1ccc(O)cc1)c1ccc(F)cc1,-4.231469590430681,test
C=C(C(N)=O)[C@@H](NC(=O)C(=C)[C@@H](NC(=O)[C@@H]1CCCN1C(=O)[C@@H](N)Cc1ccc(O)cc1)c1ccccc1)c1ccccc1,-4.040602340114073,training
C=C(C(N)=O)[C@@H](NC(=O)[C@H](Cc1c[nH]c2ccccc12)NC(=O)[C@@H]1CCCN1C(=O)[C@@H](N)Cc1ccc(O)cc1)c1ccccc1,-4.748265572668741,training
C=C(C(=O)N[C@@H](Cc1ccccc1)C(N)=O)[C@@H](NC(=O)[C@@H]1CCCN1C(=O)[C@@H](N)Cc1ccc(O)cc1)c1ccccc1,-4.772981450344964,valid
Cc1cc(O)cc(C)c1C[C@H](N)C(=O)N1Cc2ccccc2C[C@H]1C(=O)NC12C[C@H]3C[C@@H](C1)C[C@@H](C2)C3,-0.093421685162235,training
CC(=O)N[C@@H](Cc1c[nH]c2ccccc12)C(=O)N[C@@H](Cc1ccccc1)C(=O)NCC(N)=O,-1.08278537031645,test
CC(=O)N[C@H](Cc1c[nH]c2ccccc12)C(=O)N[C@@H](Cc1ccccc1)C(N)=O,-1.380211241711606,training
CN1CC[C@]23c4c5ccc(O)c4O[C@H]2c2ncc(-c4ccc(Cl)cc4)cc2C[C@@]3(O)[C@H]1C5,-0.5910646070264992,training
Oc1ccc2c3c1O[C@H]1c4ncc(-c5ccc(Cl)cc5)cc4C=C4[C@@H](C2)N(CC2CC2)CC[C@]431,-0.4329692908744057,training
CN1CC[C@]23c4c5ccc(O)c4O[C@H]2c2ncc(-c4ccc(Cl)cc4)cc2C[C@@]3(OC(=O)CCc2ccccc2)[C@H]1C5,0.0177287669604316,training
CN1CC[C@]23c4c5ccc(O)c4O[C@H]2c2ncc(-c4ccc(Cl)cc4)cc2C[C@@]3(OC(=O)Cc2ccccc2)[C@H]1C5,0.0132282657337551,training
CN1CC[C@]23c4c5ccc(O)c4O[C@H]2c2ncc(-c4ccc(Cl)cc4)cc2C[C@@]3(OC(=O)c2ccccc2)[C@H]1C5,-1.230448921378274,training
O=C(CCc1ccccc1)O[C@@]12Cc3cc(-c4ccc(Cl)cc4)cnc3[C@@H]3Oc4c(O)ccc5c4[C@@]31CCN(CC1CC1)[C@@H]2C5,-0.615950051656401,training
O=C(Cc1ccccc1)O[C@@]12Cc3cc(-c4ccc(Cl)cc4)cnc3[C@@H]3Oc4c(O)ccc5c4[C@@]31CCN(CC1CC1)[C@@H]2C5,-0.1238516409670858,training
O=C(O[C@@]12Cc3cc(-c4ccc(Cl)cc4)cnc3[C@@H]3Oc4c(O)ccc5c4[C@@]31CCN(CC1CC1)[C@@H]2C5)c1ccccc1,-1.9395192526186185,training
CN1CC[C@]23c4c5ccc(O)c4O[C@H]2c2ncc(-c4ccc(Cl)cc4)cc2C[C@@]3(OCCCc2ccccc2)[C@H]1C5,-0.0170333392987803,test
CN1CC[C@]23c4c5ccc(O)c4O[C@H]2c2ncc(-c4ccc(Cl)cc4)cc2C[C@@]3(OC/C=C/c2ccccc2)[C@H]1C5,-0.0569048513364725,test
CN1CC[C@]23c4c5ccc(O)c4O[C@H]2c2ncc(-c4ccc(Cl)cc4)cc2C[C@@]3(OCc2ccccc2)[C@H]1C5,-0.250420002308894,training
CO[C@@]12Cc3cc(-c4ccc(Cl)cc4)cnc3[C@@H]3Oc4c(O)ccc5c4[C@@]31CCN(C)[C@@H]2C5,-0.2121876044039577,training
Oc1ccc2c3c1O[C@H]1c4ncc(-c5ccc(Cl)cc5)cc4C[C@@]4(OCCCc5ccccc5)[C@@H](C2)N(CC2CC2)CC[C@]314,-0.2174839442139062,training
Oc1ccc2c3c1O[C@H]1c4ncc(-c5ccc(Cl)cc5)cc4C[C@@]4(OC/C=C/c5ccccc5)[C@@H](C2)N(CC2CC2)CC[C@]314,-0.5728716022004803,training
Oc1ccc2c3c1O[C@H]1c4ncc(-c5ccc(Cl)cc5)cc4C[C@@]4(OCc5ccccc5)[C@@H](C2)N(CC2CC2)CC[C@]314,-0.2810333672477275,training
CO[C@@]12Cc3cc(-c4ccc(Cl)cc4)cnc3[C@@H]3Oc4c(O)ccc5c4[C@@]31CCN(CC1CC1)[C@@H]2C5,-0.290034611362518,training
CN1CCC(C(=O)N[C@@H]2CC[C@@]3(O)[C@H]4Cc5ccc(O)c6c5[C@@]3(CCN4CC3CC3)[C@H]2O6)CC1,-3.412628520544376,training
O=C(N[C@@H]1CC[C@@]2(O)[C@H]3Cc4ccc(O)c5c4[C@@]2(CCN3CC2CC2)[C@H]1O5)c1ccncn1,-2.530967681571915,valid
O=C(N[C@@H]1CC[C@@]2(O)[C@H]3Cc4ccc(O)c5c4[C@@]2(CCN3CC2CC2)[C@H]1O5)c1ccnnc1,-2.6231458746379395,training
O=C(CNC(=O)c1ccncc1)N[C@@H]1CC[C@@]2(O)[C@H]3Cc4ccc(O)c5c4[C@@]2(CCN3CC2CC2)[C@H]1O5,-2.721068301797159,training
O=C(CCc1ccncc1)N[C@@H]1CC[C@@]2(O)[C@H]3Cc4ccc(O)c5c4[C@@]2(CCN3CC2CC2)[C@H]1O5,-2.4683473304121573,training
O=C(Cc1ccncc1)N[C@@H]1CC[C@@]2(O)[C@H]3Cc4ccc(O)c5c4[C@@]2(CCN3CC2CC2)[C@H]1O5,-2.9373172477624943,training
COc1cnccc1C(=O)N[C@@H]1CC[C@@]2(O)[C@H]3Cc4ccc(O)c5c4[C@@]2(CCN3CC2CC2)[C@H]1O5,-2.016615547557177,valid
Cc1cnccc1C(=O)N[C@@H]1CC[C@@]2(O)[C@H]3Cc4ccc(O)c5c4[C@@]2(CCN3CC2CC2)[C@H]1O5,-2.437116093048078,training
O=C(N[C@@H]1CC[C@@]2(O)[C@H]3Cc4ccc(O)c5c4[C@@]2(CCN3CC2CC2)[C@H]1O5)c1ccncc1Br,-2.1072099696478683,training
O=C(N[C@@H]1CC[C@@]2(O)[C@H]3Cc4ccc(O)c5c4[C@@]2(CCN3CC2CC2)[C@H]1O5)c1ccncc1Cl,-2.70104963072914,training
COc1cc(C(=O)N[C@@H]2CC[C@@]3(O)[C@H]4Cc5ccc(O)c6c5[C@@]3(CCN4CC3CC3)[C@H]2O6)ccn1,-2.2052043639481447,training
Cc1cc(C(=O)N[C@@H]2CC[C@@]3(O)[C@H]4Cc5ccc(O)c6c5[C@@]3(CCN4CC3CC3)[C@H]2O6)ccn1,-1.9547247909790628,training
N#Cc1cc(C(=O)N[C@@H]2CC[C@@]3(O)[C@H]4Cc5ccc(O)c6c5[C@@]3(CCN4CC3CC3)[C@H]2O6)ccn1,-1.8767949762007008,training
O=C(N[C@@H]1CC[C@@]2(O)[C@H]3Cc4ccc(O)c5c4[C@@]2(CCN3CC2CC2)[C@H]1O5)c1ccnc(Br)c1,-2.239799818447098,training
O=C(N[C@@H]1CC[C@@]2(O)[C@H]3Cc4ccc(O)c5c4[C@@]2(CCN3CC2CC2)[C@H]1O5)c1ccnc(Cl)c1,-2.7797407511767407,training
CCCCCCN(CCc1ccccc1)CCc1cccc(O)c1,-3.552911450216509,training
CCCCN(CCc1ccccc1)CCc1cccc(O)c1,-3.3854275148051305,training
CCCCCN(CCc1ccccc1)CCc1cccc(O)c1,-3.1189257528257768,training
CCCN(CCc1ccccc1)CCc1cccc(O)c1,-3.569724949226159,training
OC12C3C4CC5C6C4C1C6C(C53)N2Cc1ccccn1,-3.713322504987028,training
COc1ccc2cc(CCNC(=O)c3ccc4c(c3)C3(C)CCN(CC5CC5)C(C4)C3C)ccc2c1,-0.3424226808222063,training
COc1ccc(-c2ccc(CCNC(=O)c3ccc4c(c3)C3(C)CCN(CC5CC5)C(C4)C3C)cc2)c(C)c1,-0.041392685158225,valid
COc1ccc(-c2ccc(CCNC(=O)c3ccc4c(c3)C3(C)CCN(CC5CC5)C(C4)C3C)cc2)cc1C,-0.1760912590556812,training
CC1C2Cc3ccc(C(=O)NCCc4ccc(-c5ccc6c(c5)OCO6)cc4)cc3C1(C)CCN2CC1CC1,-0.0,training
COc1ccc(-c2ccc(CCNC(=O)c3ccc4c(c3)C3(C)CCN(CC5CC5)C(C4)C3C)cc2)cc1OC,-0.1760912590556812,training
CC1C2Cc3ccc(C(=O)NCCc4ccc(-c5ccccc5O)cc4)cc3C1(C)CCN2CC1CC1,0.619788758288394,training
CC1C2Cc3ccc(C(=O)NCCc4ccc(-c5cccc(O)c5)cc4)cc3C1(C)CCN2CC1CC1,-0.0791812460476248,training
CC1C2Cc3ccc(C(=O)NCCc4ccc(-c5ccc(OC(F)F)cc5)cc4)cc3C1(C)CCN2CC1CC1,0.0969100130080563,test
CC1C2Cc3ccc(C(=O)NCCc4ccc(-c5ccc(OC(F)(F)F)cc5)cc4)cc3C1(C)CCN2CC1CC1,-0.8195439355418687,test
CC(C)Oc1ccccc1-c1ccc(CCNC(=O)c2ccc3c(c2)C2(C)CCN(CC4CC4)C(C3)C2C)cc1,0.2596373105057561,training
CC(C)Oc1cccc(-c2ccc(CCNC(=O)c3ccc4c(c3)C3(C)CCN(CC5CC5)C(C4)C3C)cc2)c1,-0.5910646070264992,training
CC(C)Oc1ccc(-c2ccc(CCNC(=O)c3ccc4c(c3)C3(C)CCN(CC5CC5)C(C4)C3C)cc2)cc1,-0.2787536009528289,valid
CCOc1ccc(-c2ccc(CCNC(=O)c3ccc4c(c3)C3(C)CCN(CC5CC5)C(C4)C3C)cc2)cc1,-0.5314789170422551,training
COc1ccccc1-c1ccc(CCNC(=O)c2ccc3c(c2)C2(C)CCN(CC4CC4)C(C3)C2C)cc1,0.0757207139381183,training
COc1cccc(-c2ccc(CCNC(=O)c3ccc4c(c3)C3(C)CCN(CC5CC5)C(C4)C3C)cc2)c1,-0.1139433523068367,valid
C=C(C(=O)O)[C@@H](NC(=O)[C@H](Cc1c[nH]c2ccccc12)NC(=O)[C@@H]1CCCN1C(=O)[C@@H](N)Cc1c(C)cc(O)cc1C)c1ccccc1,-1.4082399653118496,training
C=C(C(=O)O)[C@@H](NC(=O)[C@H](Cc1c[nH]c2ccccc12)NC(=O)[C@@H]1CCCN1C(=O)[C@@H](N)Cc1c(C)cc(O)cc1C)c1ccco1,-1.3463529744506386,training
CO[C@]12CC[C@@]3(C[C@@H]1[C@](C)(O)CCC(C)C)[C@H]1Cc4ccc(O)c5c4[C@@]3(CCN1CC1CC1)[C@H]2O5,0.3767507096020995,training
CO[C@]12CC[C@@]3(C[C@@H]1[C@](C)(O)CC(C)C)[C@H]1Cc4ccc(O)c5c4[C@@]3(CCN1CC1CC1)[C@H]2O5,0.4685210829577448,valid
C[C@H]1C2Cc3ccc(C(=O)NCCc4ccc(-c5ccccc5)cn4)cc3[C@@]1(C)CCN2CC1CC1,-0.8129133566428556,training
C[C@H]1C2Cc3ccc(C(=O)NCCc4ccc(-c5ccccc5)nc4)cc3[C@@]1(C)CCN2CC1CC1,-1.146128035678238,training
C[C@H]1C2Cc3ccc(C(=O)NCCc4ccc(-c5ccccn5)cc4)cc3[C@@]1(C)CCN2CC1CC1,-0.9637878273455552,test
C[C@H]1C2Cc3ccc(C(=O)NCCc4ccc(-c5cccnc5)cc4)cc3[C@@]1(C)CCN2CC1CC1,-0.9138138523837168,training
C[C@H]1C2Cc3ccc(C(=O)NCCc4ccc(-c5ccncc5)cc4)cc3[C@@]1(C)CCN2CC1CC1,-0.8260748027008264,test
COc1cc(O)c2c(c1)CC(=O)CCCC(=O)CCC[C@@H](C)OC2=O,-3.864036182725775,training
COC(=O)CC(=O)O[C@H]1C[C@@H](C(=O)OC)[C@]2(C)CC[C@H]3C(=O)O[C@H](c4ccoc4)C[C@]3(C)[C@H]2C1=O,-3.635483746814912,training
CC(C)[C@H](NC(=O)[C@H](CCC(=O)O)NC(=O)[C@H](Cc1ccccc1)NC(=O)[C@@H](C)NC(=O)[C@@H](N)Cc1ccc(O)cc1)C(=O)N[C@H](C(=O)NCC(N)=O)C(C)C,-0.1139433523068367,test
CC(C)[C@H](NC(=O)[C@H](CCC(=O)NCC(=O)N(c1ccccc1)C1CCN(CCc2ccccc2)CC1)NC(=O)[C@H](Cc1ccccc1)NC(=O)[C@@H](C)NC(=O)[C@@H](N)Cc1ccc(O)cc1)C(=O)N[C@H](C(=O)NCC(N)=O)C(C)C,-1.380211241711606,training
CC(C)[C@H](NC(=O)[C@@H](NC(=O)C(C)(C)NC(=O)[C@H](Cc1ccccc1)NC(=O)[C@@H](C)NC(=O)[C@@H](N)Cc1ccc(O)cc1)C(C)C)C(=O)N[C@@H](CCC(=O)NCC(=O)N(c1ccccc1)C1CCN(CCc2ccccc2)CC1)C(N)=O,0.5528419686577808,valid
NC(=O)[C@H](CCC(=O)NCC(=O)N(c1ccccc1)C1CCN(CCc2ccccc2)CC1)NC(=O)[C@H](Cc1ccccc1)NC(=O)[C@H](Cc1c[nH]c2ccccc12)NC(=O)[C@@H]1CCCN1C(=O)[C@@H](N)Cc1ccc(O)cc1,-2.770852011642144,training
NC(=O)[C@H](Cc1ccc(F)cc1)NC(=O)[C@H](CCC(=O)NCCCCCC(=O)N(c1ccccc1)C1CCN(CCc2ccccc2)CC1)NC(=O)[C@H](Cc1ccc(Cl)cc1)NC(=O)[C@H](Cc1c[nH]c2ccccc12)NC(=O)[C@@H]1CCCN1C(=O)[C@@H](N)Cc1ccc(O)cc1,-1.9242792860618816,training
CC(C)C[C@H](NC(=O)[C@H](Cc1ccccc1)NC(=O)CNC(=O)[C@@H](C)NC(=O)[C@@H](N)Cc1ccc(O)cc1)C(=O)N[C@@H](CCCNC(=N)N)C(=O)N[C@@H](CCC(=O)NCCCCCC(=O)N(c1ccccc1)C1CCN(CCc2ccccc2)CC1)C(=O)N[C@@H](Cc1c(F)c(F)c(F)c(F)c1F)C(N)=O,0.2006594505464183,test
C[C@@H](NC(=O)[C@@H](N)Cc1ccc(O)cc1)C(=O)NCC(=O)N[C@@H](Cc1ccc(Cl)cc1)C(=O)N[C@@H](CCC(=O)NCCCCCC(=O)N(c1ccccc1)C1CCN(CCc2ccccc2)CC1)C(=O)N[C@@H](Cc1c(F)c(F)c(F)c(F)c1F)C(N)=O,0.2924298239020636,training
Cc1cc(O)cc(C)c1C[C@H](N)C(=O)N[C@H](C)C(=O)NCC(=O)N[C@@H](Cc1ccc(Cl)cc1)C(=O)N[C@H](CC(C)C)C(=O)N[C@@H](CCC(=O)NCCC(=O)N(c1ccccc1)C1CCN(CCc2ccccc2)CC1)C(=O)N[C@@H](CC(C)C)C(N)=O,0.4559319556497244,valid
CC(C)C[C@H](NC(=O)[C@H](Cc1ccccc1)NC(=O)CNC(=O)[C@@H](C)NC(=O)[C@@H](N)Cc1ccc(O)cc1)C(=O)N[C@@H](CCCNC(=N)N)C(=O)N[C@@H](CCCNC(=N)N)C(=O)N[C@H](Cc1ccccc1)C(=O)N[C@@H](CCCNC(=N)N)C(=O)N[C@@H](Cc1c[nH]c2ccccc12)C(=O)N[C@@H](CCCCNC(=O)NCCC(=O)N(c1ccccc1)C1CCN(CCc2ccccc2)CC1)C(=O)N[C@H](C(N)=O)C(C)C,-0.6627578316815741,training
Cc1cc(O)cc(C)c1C[C@H](N)C(=O)N[C@H](C)C(=O)NCC(=O)N[C@@H](Cc1ccc(Cl)cc1)C(=O)N[C@@H](CC(C)C)C(=O)N[C@@H](CCCNC(=N)N)C(=O)N[C@H](CCCNC(=N)N)C(=O)N[C@@H](CCC(N)=O)C(=O)N[C@@H](Cc1ccccc1)C(=O)N[C@@H](CCCCNC(=O)NCCC(=O)N(c1ccccc1)C1CCN(CCc2ccccc2)CC1)C(=O)O,-0.255272505103306,training
CC(C)C[C@@H](NC(=O)[C@H](Cc1ccccc1)NC(=O)CNC(=O)[C@H](C)NC(=O)[C@@H](N)Cc1ccc(O)cc1)C(=O)N[C@@H](CCCNC(=N)N)C(=O)N[C@@H](Cc1c[nH]c2ccccc12)C(=O)N[C@@H](CCCCNC(=O)NCCC(=O)N(c1ccccc1)C1CCN(CCc2ccccc2)CC1)C(=O)O,0.585026652029182,training
CC(C)C[C@@H](NC(=O)[C@H](Cc1ccccc1)NC(=O)CNC(=O)[C@@H](C)NC(=O)[C@@H](N)Cc1ccc(O)cc1)C(=O)N[C@@H](CCCNC(=N)N)C(=O)N[C@@H](CCCCNC(=O)NCCC(=O)N(c1ccccc1)C1CCN(CCc2ccccc2)CC1)C(=O)O,-1.041392685158225,training
CC(C)C[C@H](NC(=O)[C@H](Cc1ccccc1)NC(=O)CNC(=O)[C@@H](C)NC(=O)[C@@H](N)Cc1ccc(O)cc1)C(=O)NCC(=O)N(c1ccccc1)C1CCN(CCc2ccccc2)CC1,-1.4313637641589874,test
CC(C)C[C@H](NC(=O)[C@H](Cc1ccccc1)NC(=O)CNC(=O)[C@H]1CCCN1C(=O)[C@@H](N)Cc1ccc(O)cc1)C(=O)NCC(=O)N(c1ccccc1)C1CCN(CCc2ccccc2)CC1,-2.7993405494535817,training
CC[C@@H](NC(=O)[C@@H](N)Cc1ccc(O)cc1)C(=O)NCC(=O)N[C@@H](Cc1ccccc1)C(=O)N[C@@H](CC(C)C)C(=O)NCC(=O)N(c1ccccc1)C1CCN(CCc2ccccc2)CC1,-0.4471580313422192,training
CC(C)C[C@H](NC(=O)[C@H](Cc1ccccc1)NC(=O)CNC(=O)CNC(=O)[C@@H](N)Cc1ccc(O)cc1)C(=O)NCC(=O)N(c1ccccc1)C1CCN(CCc2ccccc2)CC1,-1.0791812460476249,training
C[C@@H](NC(=O)[C@@H](N)Cc1ccc(O)cc1)C(=O)NCC(=O)N[C@@H](Cc1ccccc1)C(=O)NCCC(=O)N(c1ccccc1)C1CCN(CCc2ccccc2)CC1,0.00436480540245,training
CC(=O)NC(Cc1ccccc1)C(=O)NCCC(=O)N(c1ccccc1)C1CCN(CCc2ccccc2)CC1,-3.880813592280792,training
O=C(NCCC(=O)N(c1ccccc1)C1CCN(CCc2ccccc2)CC1)c1ccccc1,-3.662757831681574,test
O=C1c2ccccc2C(=O)N1CC(=O)N(c1ccccc1)C1CCN(CCc2ccccc2)CC1,-4.113943352306837,training
CC[C@@]12CCN(CC3CC3)C[C@@H]1Oc1ccc(O)cc12,-1.7242758696007892,training
Oc1ccc2c(c1)[C@]1(CCc3ccccc3)CCN(CCc3cccc(C(F)(F)F)c3)C[C@@H]1O2,-1.7993405494535817,training
Oc1ccc2c(c1)[C@]1(CCc3ccccc3)CCN(CCc3ccccc3C(F)(F)F)C[C@@H]1O2,-2.133538908370217,training
C=CCN1CC[C@@]2(CCc3ccccc3)c3cc(O)ccc3O[C@H]2C1,-1.740362689494244,training
Oc1ccc2c(c1)[C@]1(CCc3ccccc3)CCN(CC3CC3)C[C@@H]1O2,-1.380211241711606,training
Oc1ccc2c(c1)[C@]1(CCc3ccccc3)CCN(CCc3ccc(C(F)(F)F)cc3)C[C@@H]1O2,-1.414973347970818,training
Oc1ccc2c(c1)[C@]1(CCc3ccccc3)CCN(CCc3ccccc3F)C[C@@H]1O2,-1.414973347970818,training
Oc1ccc2c(c1)[C@]1(CCc3ccccc3)CCN(CCc3ccc(F)cc3)C[C@@H]1O2,-1.5314789170422551,training
Oc1ccc2c(c1)[C@]1(CCc3ccccc3)CCN(CCCc3ccccc3)C[C@@H]1O2,-2.0453229787866576,training
Oc1ccc2c(c1)[C@]1(CCc3ccccc3)CCN(CCc3ccccc3)C[C@@H]1O2,-1.591064607026499,training
CN1CC[C@@]2(CCc3ccccc3F)c3cc(O)ccc3O[C@H]2C1,-1.7160033436347992,training
CN1CC[C@@]2(CCc3ccc(F)cc3)c3cc(O)ccc3O[C@H]2C1,-2.1072099696478683,training
CCCCC[C@@]12CCN(C)C[C@@H]1Oc1ccc(O)cc12,-1.5185139398778875,training
CCCC[C@@]12CCN(C)C[C@@H]1Oc1ccc(O)cc12,-2.315970345456918,training
CCC[C@@]12CCN(C)C[C@@H]1Oc1ccc(O)cc12,-2.680335513414563,training
CN1CC[C@@]2(CCCCCc3ccccc3)c3cc(O)ccc3O[C@H]2C1,-1.8750612633917,training
CN1CC[C@@]2(CCCCc3ccccc3)c3cc(O)ccc3O[C@H]2C1,-1.462397997898956,training
CN1CC[C@@]2(CCCc3ccccc3)c3cc(O)ccc3O[C@H]2C1,-1.5563025007672873,training
CN1CC[C@@]2(CCc3ccccc3)c3cc(O)ccc3O[C@H]2C1,-2.741151598851785,valid
CN1CC[C@@]2(Cc3ccccc3)c3cc(O)ccc3O[C@H]2C1,-1.806179973983887,training
C[C@@H](NC(=O)[C@@H](N)Cc1ccc(O)cc1)C(=O)NCC(=O)N[C@@H](Cc1ccccc1)C(=O)NCC(=O)NCC(=O)N(c1ccccc1)C1CCN(CCc2ccccc2)CC1,-0.6020599913279624,training
O=C(N[C@@]12CCC(=O)[C@@H]3Oc4c(O)ccc5c4[C@@]31CCN(CC1CC1)[C@@H]2C5)c1ccc2ccccc2c1,-1.0228406108765278,training
O=C(N[C@@]12CCC(=O)[C@@H]3Oc4c(O)ccc5c4[C@@]31CCN(CC1CC1)[C@@H]2C5)c1cnc2ccccc2c1,-0.1702617153949573,training
O=C(N[C@@]12CCC(=O)[C@@H]3Oc4c(O)ccc5c4[C@@]31CCN(CC1CC1)[C@@H]2C5)c1ccc2ccccc2n1,-1.179838928023187,training
O=C(N[C@@]12CCC(=O)[C@@H]3Oc4c(O)ccc5c4[C@@]31CCN(CC1CC1)[C@@H]2C5)c1cc2ccccc2cn1,-1.3991543339582164,test
O=C(N[C@@]12CCC(=O)[C@@H]3Oc4c(O)ccc5c4[C@@]31CCN(CC1CC1)[C@@H]2C5)c1ccccc1,-1.758306181725307,training
O=C(N[C@@]12CCC(=O)[C@@H]3Oc4c(O)ccc5c4[C@@]31CCN(CC1CC1)[C@@H]2C5)c1ccncc1,-1.0358298252528282,training
O=C(N[C@@]12CCC(=O)[C@@H]3Oc4c(O)ccc5c4[C@@]31CCN(CC1CC1)[C@@H]2C5)c1cccnc1,-1.6007551496396182,training
O=C(N[C@@]12CCC(=O)[C@@H]3Oc4c(O)ccc5c4[C@@]31CCN(CC1CC1)[C@@H]2C5)c1ccccn1,-1.975615597966895,training
CC(C)C[C@H](NC(=O)[C@H](Cc1ccccc1)NC(=O)CNC(=O)[C@@H](C)NC(=O)[C@@H](N)Cc1ccc(O)cc1)C(=O)N[C@@H](CCCNC(=N)N)C(=O)N[C@@H](CCCCN)C(=O)N[C@@H](Cc1ccc(I)cc1)C(=O)N1CCC[C@H]1C(=O)N[C@@H](CCCCN)C(=O)O,-0.3222192947339193,training
CC(C)C[C@H](NC(=O)[C@H](Cc1ccccc1)NC(=O)CNC(=O)[C@@H](C)NC(=O)[C@@H](N)Cc1ccc(O)cc1)C(=O)N[C@@H](CCCNC(=N)N)C(=O)N[C@@H](CCCCN)C(=O)N[C@@H](Cc1ccc(O)cc1)C(=O)N1CCC[C@H]1C(=O)N[C@@H](CCCCN)C(=O)O,0.0222763947111522,valid
CC(C)C[C@H](NC(=O)[C@H](Cc1ccccc1)NC(=O)CNC(=O)CNC(=O)[C@@H](N)Cc1ccc(O)cc1)C(=O)N[C@@H](CCCNC(=N)N)C(=O)N[C@@H](CCCCN)C(=O)N[C@@H](Cc1ccc(I)cc1)C(=O)N1CCC[C@H]1C(=O)N[C@@H](CCCCN)C(=O)O,-0.4771212547196624,valid
CC(C)C[C@H](NC(=O)[C@H](Cc1ccccc1)NC(=O)CNC(=O)CNC(=O)[C@@H](N)Cc1ccc(O)cc1)C(=O)N[C@@H](CCCNC(=N)N)C(=O)N[C@@H](CCCCN)C(=O)N[C@@H](Cc1ccc(O)cc1)C(=O)N1CCC[C@H]1C(=O)N[C@@H](CCCCN)C(=O)O,-0.2304489213782739,training
Cc1cc(O)cc(C)c1C[C@H](N)C(=O)N1Cc2ccccc2C[C@H]1C(=O)N[C@@H](Cc1ccccc1)C(=O)N[C@@H](Cc1ccccc1)C(N)=O,0.9208187539523752,training
Cc1cc(O)cc(C)c1C[C@H](N)C(=O)N1Cc2ccccc2C[C@@H]1C(=O)N[C@H](Cc1ccc(Cl)cc1)C(=O)N1CCC(Cn2cncn2)(C2CCCCC2)CC1,-2.397940008672037,test
CCC(=O)N(c1ccccc1)C1CCN(C(=O)[C@H](Cc2ccc(F)cc2)NC(=O)[C@H]2Cc3ccccc3CN2C(=O)[C@@H](N)Cc2c(C)cc(O)cc2C)CC1,-0.9684829485539352,training
CN(CCCc1ccccc1)[C@H]1CCCC[C@@H]1OCCCc1ccccc1,-3.792391689498254,training
O=C1C[C@H]2C[C@](c3cccc(O)c3)(CCN2CCc2ccccc2)C1,-3.549003262025788,training
CN1CC[C@]2(c3cccc(O)c3)C[C@H](O)C[C@@H]1C2,-3.292477593667784,training
Oc1cccc([C@@]23CCN(CCc4ccccc4)[C@H](C[C@@H](O)C2)C3)c1,-2.942504106168081,training
C[C@H]1C[C@H]2C[C@](c3cccc(O)c3)(CCN2C)C1,-2.857935264719429,training
CN1CC[C@@]2(c3cccc(O)c3)C[C@@H]1C[C@H](c1ccccc1)C2,-2.765668554759014,training
Oc1cccc([C@@]23CCN(CCc4ccccc4)[C@@H](C[C@H](c4ccccc4)C2)C3)c1,-2.502427119984433,test
C[C@H]1C[C@H]2C[C@](c3cccc(O)c3)(CCN2CCc2ccccc2)C1,-2.4149733479708178,training
C[C@H]1CC[C@@]2(c3cccc(O)c3)CCN(C)[C@@H]1C2,-2.143014800254095,training
C[C@H]1CC[C@@]2(c3cccc(O)c3)CCN(CCc3ccccc3)[C@@H]1C2,-2.100370545117563,valid
CN1CC[C@]2(c3cccc(O)c3)C[C@H]3CCCC[C@@H]3[C@H]1C2,-2.0644579892269186,valid
Oc1cccc([C@]23CCN(CCc4ccccc4)[C@H](C2)[C@H]2CCCC[C@@H]2C3)c1,-2.012837224705172,test
C[C@@H](NC(=O)[C@@H](N)Cc1ccc(O)cc1)C(=O)NCC(=O)N[C@@H](Cc1ccccc1)C(=O)NCC(=O)N[C@@H](Cc1c[nH]c2ccccc12)C(=O)OCc1cc(C(F)(F)F)cc(C(F)(F)F)c1,-0.6720978579357175,test
C[C@@H](NC(=O)[C@@H](N)Cc1ccc(O)cc1)C(=O)NCC(=O)N[C@@H](Cc1ccccc1)C(=O)N1CCC[C@H]1C(=O)N[C@@H](Cc1c[nH]c2ccccc12)C(=O)OCc1cc(C(F)(F)F)cc(C(F)(F)F)c1,-0.7558748556724915,training
CC(C)C[C@H](NC(=O)[C@H](Cc1ccccc1)NC(=O)CNC(=O)[C@@H](C)NC(=O)[C@@H](N)Cc1ccc(O)cc1)C(=O)N[C@@H](Cc1c[nH]c2ccccc12)C(=O)OCc1cc(C(F)(F)F)cc(C(F)(F)F)c1,0.2218487496163563,valid
CSCC[C@H](NC(=O)[C@H](Cc1ccccc1)NC(=O)CNC(=O)[C@@H](C)NC(=O)[C@@H](N)Cc1ccc(O)cc1)C(=O)N[C@@H](Cc1c[nH]c2ccccc12)C(=O)OCc1cc(C(F)(F)F)cc(C(F)(F)F)c1,-0.4623979978989561,training
CSCC[C@H](NC(=O)[C@H](Cc1ccccc1)NC(=O)CNC(=O)[C@@H](C)NC(=O)[C@@H](N)Cc1ccc(O)cc1)C(=O)NC(C)(C)C(=O)N[C@@H](CC(C)C)C(=O)N[C@@H](Cc1c[nH]c2ccccc12)C(=O)OCc1cc(C(F)(F)F)cc(C(F)(F)F)c1,-0.4913616938342727,training
CSCC[C@H](NC(=O)[C@H](Cc1ccccc1)NC(=O)CNC(=O)[C@@H](C)NC(=O)[C@@H](N)Cc1ccc(O)cc1)C(=O)NC1(C(=O)N[C@@H](CC(C)C)C(=O)N[C@@H](Cc2c[nH]c3ccccc23)C(=O)OCc2cc(C(F)(F)F)cc(C(F)(F)F)c2)CCCC1,-0.6989700043360189,training
CSCC[C@H](NC(=O)[C@H](Cc1ccccc1)NC(=O)CNC(=O)[C@@H](C)NC(=O)[C@@H](N)Cc1ccc(O)cc1)C(=O)N[C@@H](C)C(=O)N[C@@H](CC(C)C)C(=O)N[C@@H](Cc1c[nH]c2ccccc12)C(=O)OCc1cc(C(F)(F)F)cc(C(F)(F)F)c1,-1.3979400086720375,valid
CN(CCc1ccccn1)[C@H]1C2C3CC4C5C3CC2C5C41,-3.445136968713304,training
CNc1nc2c(s1)C[C@H]1[C@H]3Cc4ccc(OC)cc4[C@@]1(CCN3CC1CC1)C2,-0.2041199826559248,training
COc1ccc2c(c1)[C@]13CCN(CC4CC4)[C@H](C2)[C@@H]1Cc1sc(NC(C)=O)nc1C3,-0.6627578316815741,training
CC(=O)Nc1nc2c(s1)C[C@H]1[C@H]3Cc4ccc(O)cc4[C@@]1(CCN3CC1CC1)C2,0.1870866433571444,training
COc1ccc2c(c1)[C@]13CCN(CC4CC4)[C@H](C2)[C@@H]1Cc1sc(N)nc1C3,-1.1139433523068367,training
COc1cccc(OC)c1-c1cc(C(=O)N[C@@H](CC(C)C)C(=O)O)nn1-c1ccnc2cc(Cl)ccc12,-3.716003343634799,training
Cc1cc(O)cc(C)c1C[C@H](N)C(=O)N1CCCc2ccccc21,-1.5185139398778875,valid
CCCC(C)CN1CCC(c2cccc(C(N)=O)c2)(c2ncc(C(=O)N(CC)CC)cn2)CC1,-0.3010299956639812,training
CC[C@@]1(c2cccc(NS(C)(=O)=O)c2)[C@H]2CN(CCCC3(O)CCCCC3)C[C@H]21,-2.220108088040055,training
CC[C@@]1(c2cccc(C(N)=O)c2)[C@H]2CN(CC3(O)Cc4ccccc4C3)C[C@H]21,-2.03342375548695,test
CC[C@@]1(c2cccc(NS(C)(=O)=O)c2)[C@H]2CN(CC3(O)Cc4ccccc4C3)C[C@H]21,-2.230448921378274,training
COCO[C@H]1C[C@@H](C(=O)OC)[C@]2(C)CC[C@H]3C(=O)O[C@H](c4ccoc4)C[C@]3(C)[C@H]2C1=O,-3.453318340047037,training
CCOCO[C@H]1C[C@@H](C(=O)OC)[C@]2(C)CC[C@H]3C(=O)O[C@H](c4ccoc4)C[C@]3(C)[C@H]2C1=O,-3.0073209529227447,training
Cc1cc(O)cc(C)c1C[C@H](N)C(=O)N1CCC[C@H]1C(=O)N[C@@H](Cc1ccccc1)C(N)=O,-1.7259116322950483,training
C[C@H]1CN(CCOC(=O)[C@H]2Cc3ccc(O)cc3CN2)CC[C@@]1(C)c1cccc(O)c1,-2.6766936096248664,training
C[C@H]1CN(CCCOC(=O)[C@H]2Cc3ccc(O)cc3CN2)CC[C@@]1(C)c1cccc(O)c1,-2.3443922736851106,training
CCOC(=O)C(CN1CC[C@@](C)(c2cccc(O)c2)[C@@H](C)C1)OC(=O)[C@H]1Cc2ccc(O)cc2CN1,-3.0253058652647704,training
CC[C@](O)([C@H]1C[C@@]23CC[C@]1(OC)[C@@H]1Oc4c(O)ccc5c4[C@@]12CCN(CC1CC1)[C@@H]3C5)C(C)(C)C,0.0655015487564322,training
CC[C@@](O)(c1ccccc1)[C@H]1C[C@@]23CC[C@]1(OC)[C@@H]1Oc4c(O)ccc5c4[C@@]12CCN(CC1CC1)[C@@H]3C5,0.0969100130080563,training
CC[C@@](O)(c1ccccc1)[C@H]1C[C@@]23C=C[C@]1(OC)[C@@H]1Oc4c(O)ccc5c4[C@@]12CCN(CC1CC1)[C@@H]3C5,-0.0791812460476248,training
CC[C@](O)([C@H]1C[C@@]23C=C[C@]1(OC)[C@@H]1Oc4c(O)ccc5c4[C@@]12CCN(CC1CC1)[C@@H]3C5)C(C)(C)C,-0.0791812460476248,test
CO[C@]12CC[C@@]3(C[C@@H]1[C@](C)(O)c1ccccc1)[C@H]1Cc4ccc(O)c5c4[C@@]3(CCN1CC1CC1)[C@H]2O5,-0.2787536009528289,training
CO[C@]12C=C[C@@]3(C[C@@H]1[C@H](O)c1ccccc1)[C@H]1Cc4ccc(O)c5c4[C@@]3(CCN1CC1CC1)[C@H]2O5,-0.505149978319906,training
CC(C)(C)[C@@](C)(O)[C@H]1C[C@@]23CC[C@]1(OCCF)[C@@H]1Oc4c(O)ccc5c4[C@@]12CCN(CC1CC1)[C@@H]3C5,-0.3222192947339193,training
CN1CC[C@]23c4c5ccc(O)c4O[C@H]2[C@]2(OCCF)C=C[C@@]3(C[C@@H]2[C@@](C)(O)CCc2ccccc2)[C@H]1C5,0.3098039199714863,training
CC(C)(O)[C@H]1C[C@@]23CC[C@@]1(OCCF)[C@@H]1Oc4c(O)ccc5c4[C@@]12CCN(CC1CC1)[C@@H]3C5,-0.9030899869919436,training
O=C1CC[C@@]23Cc4ccc(O)cc4[C@@]2(CCN(CC2CC2)C3)C1,-2.651278013998144,training
Oc1ccc2c(c1)[C@]13CCN(CC4CC4)C[C@@]1(C2)Cc1cc2ccccc2nc1C3,0.0264103765727431,training
Oc1ccc2c(c1)[C@]13CCN(CC4(O)CC4)C[C@@]1(C2)Cc1cc2ccccc2nc1C3,-0.041392685158225,training
Oc1ccc2c(c1)[C@]13CCN(Cc4ccccc4)C[C@@]1(C2)Cc1cc2ccccc2nc1C3,-1.499687082618404,training
CN1CC[C@]23Cc4nc5ccccc5cc4C[C@]2(Cc2ccc(O)cc23)C1,-0.2741578492636798,training
CN1C(=O)CCC2=C1[C@@H]1Oc3c(O)ccc4c3[C@@]13CCN(C)[C@H](C4)[C@]3(O)C2,-0.9726655922661108,training
CN1CC[C@]23c4c5ccc(O)c4O[C@H]2C2=C(CCC(=O)N2Cc2ccccc2)C[C@@]3(O)[C@H]1C5,0.0362121726544447,training
O=C1CCC2=C([C@@H]3Oc4c(O)ccc5c4[C@@]34CCN(CC3CC3)[C@H](C5)[C@]4(O)C2)N1Cc1ccccc1,0.4436974992327127,test
O=C1CCC2=C([C@@H]3Oc4c(O)ccc5c4[C@@]34CCN(CC3CC3)[C@H](C5)[C@]4(O)C2)N1CC1CCCCC1,0.5528419686577808,training
CCOC(=O)Cc1c2c(n(Cc3ccccc3)c1O)[C@@H]1Oc3c(O)ccc4c3[C@@]13CCN(C)[C@H](C4)[C@]3(O)C2,-1.9143431571194407,training
CCOC(=O)Cc1c2c(n(Cc3ccccc3)c1O)[C@@H]1Oc3c(O)ccc4c3[C@@]13CCN(CC1CC1)[C@H](C4)[C@]3(O)C2,-1.0,training
O=C(Cc1ccc(Cl)c(Cl)c1)N1CCN(Cc2ccccn2)C2CCCC(N3CCCC3)C21,-3.633468455579586,training
O=C1CNC(=O)[C@H](Cc2ccccc2)NC(=O)[C@@H](Cc2c[nH]c3ccccc23)NC(=O)CNC(=O)[C@H](Cc2ccc(O)cc2)N1,-1.380211241711606,valid
COC(=O)[C@@H]1C[C@H](OC(=O)C=C(C)C)C(=O)[C@H]2[C@@]1(C)CC[C@H]1C(=O)O[C@H](c3ccoc3)C[C@]21C,-3.419129307741976,training
C=CCC(=O)O[C@H]1C[C@@H](C(=O)OC)[C@]2(C)CC[C@H]3C(=O)O[C@H](c4ccoc4)C[C@]3(C)[C@H]2C1=O,-3.513217600067939,training
C=CC(C)C(=O)O[C@H]1C[C@@H](C(=O)OC)[C@]2(C)CC[C@H]3C(=O)O[C@H](c4ccoc4)C[C@]3(C)[C@H]2C1=O,-3.481729196960016,training
COC(=O)[C@@H]1C[C@H](OC(=O)/C=C/c2ccccc2)C(=O)[C@H]2[C@@]1(C)CC[C@H]1C(=O)O[C@H](c3ccoc3)C[C@]21C,-2.845408139621793,test
COC(=O)[C@@H]1C[C@H](OC(=O)/C=C/c2cc(C(F)(F)F)ccc2C(F)(F)F)C(=O)[C@H]2[C@@]1(C)CC[C@H]1C(=O)O[C@H](c3ccoc3)C[C@]21C,-3.768712080377664,training
COC(=O)[C@@H]1C[C@H](OC(=O)/C=C/c2cccnc2)C(=O)[C@H]2[C@@]1(C)CC[C@H]1C(=O)O[C@H](c3ccoc3)C[C@]21C,-3.689131197234498,training
COC(=O)[C@@H]1C[C@H](OC(=O)/C=C/c2ccsc2)C(=O)[C@H]2[C@@]1(C)CC[C@H]1C(=O)O[C@H](c3ccoc3)C[C@]21C,-2.358315640082196,training
C[C@H]1CN(CC[C@H](O)C2CCCCC2)CC[C@@]1(C)c1ccccc1,-2.227886704613673,training
N=C(N)NCCC[C@H](N)C(=O)NCC1(Nc2ccccc2)CCN(Cc2ccccc2)CC1,-1.5705429398818975,training
N=C(N)NCCNC(=O)C1(Nc2ccccc2)CCN(Cc2ccccc2)CC1,-3.395501124305626,training
N=C(N)NCC(=O)NCC1(Cc2cccc3ccccc23)CCN(Cc2ccccc2)CC1,-3.416141031168329,training
CC(C)[C@@H](CN1CC[C@@](C)(c2cccc(O)c2)[C@@H](C)C1)NC(=O)[C@H]1Cc2ccc(O)cc2CN1CCF,-1.8621910310515968,training
CC(C)[C@@H](CN1CC[C@@](C)(c2cccc(O)c2)[C@@H](C)C1)NC(=O)[C@H]1Cc2ccc(O)cc2CN1CCCF,-2.405107201819091,training
CC(C)[C@@H](CN1CC[C@@](C)(c2cccc(O)c2)[C@@H](C)C1)NC(=O)[C@H]1Cc2ccc(OCCF)cc2CN1,-1.910250772300148,training
CC(C)[C@@H](CN1CC[C@@](C)(c2cccc(O)c2)[C@@H](C)C1)NC(=O)[C@H]1Cc2ccc(OCCCF)cc2CN1,-1.8628466599829387,training
Oc1ccc2c(c1)[C@]1(CCCc3ccccc3)CCN(CCc3ccccc3C(F)(F)F)C[C@@H]1O2,-2.359835482339888,training
Oc1ccc2c(c1)[C@]1(CCCc3ccccc3)CCN(CC3CC3)C[C@@H]1O2,-0.7403626894942439,training
C=CCN1CC[C@@]2(CCCc3ccccc3)c3cc(O)ccc3O[C@H]2C1,-0.9590413923210936,test
Oc1ccc2c(c1)[C@]1(CCCc3ccccc3)CCN(CCc3ccc(C(F)(F)F)cc3)C[C@@H]1O2,-1.255272505103306,training
Oc1ccc2c(c1)[C@]1(CCCc3ccccc3)CCN(CCCc3ccccc3)C[C@@H]1O2,-0.8512583487190752,training
Oc1ccc2c(c1)[C@]1(CCCc3ccccc3)CCN(CCc3ccccc3F)C[C@@H]1O2,-1.1139433523068367,training
Oc1ccc2c(c1)[C@]1(CCCc3ccccc3)CCN(CCc3ccc(F)cc3)C[C@@H]1O2,-1.1760912590556811,training
Oc1ccc2c(c1)[C@]1(CCCc3ccccc3)CCN(CCc3ccccc3)C[C@@H]1O2,-0.8388490907372553,test
Oc1ccc2c(c1)[C@]1(CCCc3ccccc3)CCN(CCc3cccc(C(F)(F)F)c3)C[C@@H]1O2,-2.0644579892269186,test
Oc1ccc2c(c1)[C@]1(CCCCc3ccccc3)CCN(CCc3ccccc3)C[C@@H]1O2,-0.8633228601204559,test
Oc1ccc2c(c1)[C@]1(CCCCc3ccccc3)CCN(CCc3ccc(F)cc3)C[C@@H]1O2,-1.3222192947339193,training
Oc1ccc2c(c1)[C@]1(CCCCc3ccccc3)CCN(CCc3ccccc3F)C[C@@H]1O2,-1.414973347970818,valid
Oc1ccc2c(c1)[C@]1(CCCCc3ccccc3)CCN(CCCc3ccccc3)C[C@@H]1O2,-1.7558748556724917,training
Oc1ccc2c(c1)[C@]1(CCCCc3ccccc3)CCN(CCc3ccc(C(F)(F)F)cc3)C[C@@H]1O2,-1.3222192947339193,test
Oc1ccc2c(c1)[C@]1(CCCCc3ccccc3)CCN(CC3CC3)C[C@@H]1O2,-1.2041199826559248,training
Oc1ccc2c(c1)[C@]1(CCCCc3ccccc3)CCN(CCc3ccccc3C(F)(F)F)C[C@@H]1O2,-2.770115294787101,test
Oc1ccc2c(c1)[C@]1(CCCCc3ccccc3)CCN(CCCCc3ccccc3)C[C@@H]1O2,-1.8325089127062364,training
Oc1ccc2c(c1)[C@]1(CCCCc3ccccc3)CCN(CCc3cccc(C(F)(F)F)c3)C[C@@H]1O2,-2.170261715394957,training
Oc1ccc2c(c1)[C@]1(CCCCCc3ccccc3)CCN(CCc3ccccc3)C[C@@H]1O2,-1.3979400086720375,training
Oc1ccc2c(c1)[C@]1(CCCCCc3ccccc3)CCN(CCc3ccc(F)cc3)C[C@@H]1O2,-1.6434526764861874,training
Oc1ccc2c(c1)[C@]1(CCCCCc3ccccc3)CCN(CCc3ccccc3F)C[C@@H]1O2,-1.7323937598229686,training
Oc1ccc2c(c1)[C@]1(CCCCCc3ccccc3)CCN(CCc3ccc(C(F)(F)F)cc3)C[C@@H]1O2,-2.103803720955957,training
Oc1ccc2c(c1)[C@]1(CCCCCc3ccccc3)CCN(CC3CC3)C[C@@H]1O2,-1.380211241711606,training
Oc1ccc2c(c1)[C@]1(CCCCCc3ccccc3)CCN(CCc3ccccc3C(F)(F)F)C[C@@H]1O2,-2.8567288903828825,training
Cc1ccccc1COc1ccc(C2C3=C(CC(C)(C)CC3=O)OC3=C2C(=O)CC(C)(C)C3)cc1,-0.6989700043360189,training
COc1ccc(-c2cc(=O)c3c(O)c(OC)c(O)cc3o2)cc1,-3.9242792860618816,valid
COc1ccc(-c2cc(=O)c3c(O)c(OC)c(OC)cc3o2)cc1OC,-3.4913616938342726,valid
Cc1ccc(S(=O)(=O)NCc2ccc(C(=O)NCCN(Cc3ccccc3)C(C)C)cc2)cc1,-3.036628895362161,training
Cc1ccc(S(=O)(=O)N2CCc3cc(C(=O)NCCN(Cc4ccc(Br)cc4)C(C)C)ccc3C2)cc1,-3.7151673578484576,training
Cc1ccc(S(=O)(=O)N2CCc3cc(C(=O)NCCN(Cc4ccccc4)C(C)(C)C)ccc3C2)cc1,-3.3669829759778507,training
Oc1ccc2c3c1O[C@H]1c4nc5ccccc5cc4C[C@@]4(O)[C@@H](C2)N(CC2CC2)CC[C@]314,0.39040559077478,training
CC(C)C[C@H](NC(=O)[C@H](CO[C@@H]1O[C@H](CO)[C@@H](O)[C@H](O)[C@H]1O)NC(=O)[C@H](CCCCN)NC(=O)[C@H](CC(C)C)NC(=O)[C@H](C)NC(=O)[C@H](CCCCN)NC(=O)[C@H](CCC(=O)O)NC(=O)C(C)(C)NC(=O)[C@H](CC(C)C)NC(=O)[C@H](CC(N)=O)NC(=O)CCCCNC(=O)[C@H](CC(C)C)NC(=O)[C@H](Cc1ccccc1)NC(=O)CNC(=O)[C@@H](NC(=O)[C@@H](N)Cc1ccc(O)cc1)[C@@H](C)O)C(N)=O,-0.5797835966168101,training
CC(C)C[C@H](NC(=O)[C@H](CO[C@@H]1O[C@H](CO)[C@@H](O[C@@H]2O[C@H](CO)[C@@H](O)[C@H](O)[C@H]2O)[C@H](O)[C@H]1O)NC(=O)[C@H](CCCCN)NC(=O)[C@H](CC(C)C)NC(=O)[C@H](C)NC(=O)[C@H](CCCCN)NC(=O)[C@H](CCC(=O)O)NC(=O)C(C)(C)NC(=O)[C@H](CC(C)C)NC(=O)[C@H](CC(N)=O)NC(=O)CCCNC(=O)[C@H](CC(C)C)NC(=O)[C@H](Cc1ccccc1)NC(=O)CNC(=O)[C@@H](NC(=O)[C@@H](N)Cc1ccc(O)cc1)[C@@H](C)O)C(N)=O,-1.230448921378274,training
CC(C)C[C@H](NC(=O)[C@H](CO[C@@H]1O[C@H](CO)[C@@H](O)[C@H](O)[C@H]1O)NC(=O)[C@H](CCCCN)NC(=O)[C@H](CC(C)C)NC(=O)[C@H](C)NC(=O)[C@H](CCCCN)NC(=O)[C@H](CCC(=O)O)NC(=O)C(C)(C)NC(=O)[C@H](CC(C)C)NC(=O)[C@H](CC(N)=O)NC(=O)CCCNC(=O)[C@H](CC(C)C)NC(=O)[C@H](Cc1ccccc1)NC(=O)CNC(=O)[C@@H](NC(=O)[C@@H](N)Cc1ccc(O)cc1)[C@@H](C)O)C(N)=O,-0.6232492903979004,training
CC(C)C[C@H](NC(=O)[C@H](CO[C@@H]1O[C@H](CO)[C@@H](O)[C@H](O)[C@H]1O)NC(=O)CCCNC(=O)[C@H](CC(C)C)NC(=O)[C@H](Cc1ccccc1)NC(=O)CNC(=O)[C@@H](NC(=O)[C@@H](N)Cc1ccc(O)cc1)[C@@H](C)O)C(N)=O,-1.1760912590556811,training
CC(C)C[C@H](NC(=O)[C@H](CO)NC(=O)CCCNC(=O)[C@H](CC(C)C)NC(=O)[C@H](Cc1ccccc1)NC(=O)CNC(=O)[C@@H](NC(=O)[C@@H](N)Cc1ccc(O)cc1)[C@@H](C)O)C(N)=O,-0.8195439355418687,training
CC(C)C[C@H](NC(=O)[C@H](CO[C@@H]1O[C@H](CO)[C@@H](O)[C@H](O)[C@H]1O)NC(=O)[C@H](CCCCN)NC(=O)[C@H](CC(C)C)NC(=O)[C@H](C)NC(=O)[C@H](CCCCN)NC(=O)[C@H](CCC(=O)O)NC(=O)C(C)(C)NC(=O)[C@H](CC(C)C)NC(=O)[C@H](CC(N)=O)NC(=O)[C@H](C)NC(=O)[C@H](CC(C)C)NC(=O)[C@H](Cc1ccccc1)NC(=O)CNC(=O)[C@@H](NC(=O)[C@@H](N)Cc1ccc(O)cc1)[C@@H](C)O)C(N)=O,-1.3222192947339193,training
CC(C)C[C@H](NC(=O)[C@H](CO[C@@H]1O[C@H](CO)[C@@H](O)[C@H](O)[C@H]1O)NC(=O)[C@H](CCCCN)NC(=O)[C@H](CC(C)C)NC(=O)[C@H](C)NC(=O)[C@H](CCCCN)NC(=O)[C@H](CCC(=O)O)NC(=O)C(C)(C)NC(=O)[C@H](CC(C)C)NC(=O)[C@H](CC(N)=O)NC(=O)CNC(=O)[C@H](CC(C)C)NC(=O)[C@H](Cc1ccccc1)NC(=O)CNC(=O)[C@@H](NC(=O)[C@@H](N)Cc1ccc(O)cc1)[C@@H](C)O)C(N)=O,-1.4913616938342726,training
CC(C)C[C@H](NC(=O)[C@H](Cc1ccccc1)NC(=O)CNC(=O)[C@@H](NC(=O)[C@@H](N)Cc1ccc(O)cc1)[C@@H](C)O)C(=O)N[C@@H](CO[C@@H]1O[C@H](CO)[C@@H](O[C@@H]2O[C@H](CO)[C@@H](O)[C@H](O)[C@H]2O)[C@H](O)[C@H]1O)C(N)=O,-0.9637878273455552,training
CC(C)C[C@H](NC(=O)[C@H](CO[C@@H]1O[C@H](CO)[C@@H](O)[C@H](O)[C@H]1O)NC(=O)[C@H](CCCCN)NC(=O)[C@H](CC(C)C)NC(=O)[C@H](C)NC(=O)[C@H](CC(N)=O)NC(=O)[C@H](CCCCN)NC(=O)C(C)(C)NC(=O)[C@H](CC(C)C)NC(=O)[C@H](CC(N)=O)NC(=O)CNC(=O)CNC(=O)[C@H](Cc1ccccc1)N(C)C(=O)CNC(=O)[C@@H](C)NC(=O)[C@@H](N)Cc1ccc(O)cc1)C(N)=O,-2.633468455579586,training
CC(C)C[C@H](NC(=O)[C@H](CO[C@@H]1O[C@H](CO)[C@@H](O)[C@H](O)[C@H]1O)NC(=O)[C@H](CCCCN)NC(=O)[C@H](CC(C)C)NC(=O)[C@H](C)NC(=O)[C@H](CCCCN)NC(=O)[C@H](CCC(=O)O)NC(=O)C(C)(C)NC(=O)[C@H](CC(C)C)NC(=O)[C@H](CC(N)=O)NC(=O)CNC(=O)CNC(=O)[C@H](Cc1ccccc1)N(C)C(=O)CNC(=O)[C@@H](C)NC(=O)[C@@H](N)Cc1ccc(O)cc1)C(N)=O,-3.1760912590556813,training
CC(C)C[C@H](NC(=O)[C@H](CO[C@@H]1O[C@H](CO)[C@@H](O)[C@H](O)[C@H]1O)NC(=O)[C@H](CCCCN)NC(=O)[C@H](CC(C)C)NC(=O)[C@H](C)NC(=O)[C@H](CCCCN)NC(=O)[C@H](CCC(=O)O)NC(=O)C(C)(C)NC(=O)[C@H](CC(C)C)NC(=O)[C@H](CC(N)=O)NC(=O)[C@@H]1CCCN1C(=O)[C@@H]1CCCN1C(=O)[C@H](Cc1ccccc1)N(C)C(=O)CNC(=O)[C@@H](C)NC(=O)[C@@H](N)Cc1ccc(O)cc1)C(N)=O,-3.361727836017593,training
CC(C)C[C@H](NC(=O)[C@H](CO[C@@H]1O[C@H](CO)[C@@H](O)[C@H](O)[C@H]1O)NC(=O)[C@H](CCCCN)NC(=O)[C@H](CC(C)C)NC(=O)[C@H](C)NC(=O)[C@H](CCCCN)NC(=O)[C@H](CCC(=O)O)NC(=O)C(C)(C)NC(=O)[C@H](CC(C)C)NC(=O)[C@H](CC(N)=O)NC(=O)[C@@H]1CCCN1C(=O)CCNC(=O)[C@H](Cc1ccccc1)N(C)C(=O)CNC(=O)[C@@H](C)NC(=O)[C@@H](N)Cc1ccc(O)cc1)C(N)=O,-3.0791812460476247,training
CC(C)C[C@H](NC(=O)[C@H](CO[C@@H]1O[C@H](CO)[C@@H](O)[C@H](O)[C@H]1O)NC(=O)[C@H](CCCCN)NC(=O)[C@H](CC(C)C)NC(=O)[C@H](C)NC(=O)[C@H](CCCCN)NC(=O)[C@H](CCC(=O)O)NC(=O)C(C)(C)NC(=O)[C@H](CC(C)C)NC(=O)[C@H](CC(N)=O)NC(=O)[C@@H]1CCCN1C(=O)CNC(=O)[C@H](Cc1ccccc1)N(C)C(=O)CNC(=O)[C@@H](C)NC(=O)[C@@H](N)Cc1ccc(O)cc1)C(N)=O,-2.9242792860618816,training
CC(C)C[C@H](NC(=O)[C@H](CO[C@@H]1O[C@H](CO)[C@@H](O)[C@H](O)[C@H]1O)NC(=O)[C@H](CCCCN)NC(=O)[C@H](CC(C)C)NC(=O)[C@H](C)NC(=O)[C@H](CCCCN)NC(=O)[C@H](CCC(=O)O)NC(=O)C(C)(C)NC(=O)[C@H](CC(C)C)NC(=O)[C@H](CC(N)=O)NC(=O)CCNC(=O)[C@H](Cc1ccccc1)N(C)C(=O)CNC(=O)[C@@H](C)NC(=O)[C@@H](N)Cc1ccc(O)cc1)C(N)=O,-3.146128035678238,training
Cc1cc(O)cc(C)c1C[C@H](N)C(=O)N[C@H](C)C(=O)N[C@@H](Cc1c[nH]c2ccccc12)C(=O)NCc1cc(C(F)(F)F)cc(C(F)(F)F)c1,-1.806179973983887,training
Cc1cc(O)cc(C)c1C[C@H](N)C(=O)N[C@H](C)C(=O)N[C@@H](Cc1c[nH]c2ccccc12)C(=O)OCc1cc(C(F)(F)F)cc(C(F)(F)F)c1,0.0969100130080563,training
C[C@@H](NC(=O)[C@@H](N)Cc1ccc(O)cc1)C(=O)N[C@@H](Cc1c[nH]c2ccccc12)C(=O)OCc1cc(C(F)(F)F)cc(C(F)(F)F)c1,-2.0,training
C[C@@H](NC(=O)[C@@H](N)Cc1ccc(O)cc1)C(=O)NCC(=O)N[C@@H](Cc1ccc(F)cc1)C(=O)OCc1cc(C(F)(F)F)cc(C(F)(F)F)c1,-1.7481880270062005,training
C[C@@H](NC(=O)[C@@H](N)Cc1ccc(O)cc1)C(=O)NCC(=O)N[C@@H](Cc1c[nH]c2ccccc12)C(=O)OCc1cc(C(F)(F)F)cc(C(F)(F)F)c1,-2.4913616938342726,training
C[C@@H](NC(=O)[C@@H](N)Cc1ccc(O)cc1)C(=O)NCC(=O)N[C@@H](Cc1ccccc1)C(=O)N[C@@H](Cc1c[nH]c2ccccc12)C(=O)OCc1cc(C(F)(F)F)cc(C(F)(F)F)c1,-1.5440680443502757,training
C[C@@H](NC(=O)[C@@H](N)Cc1ccc(O)cc1)C(=O)NCC(=O)N[C@@H](Cc1ccc(Cl)cc1)C(=O)NCC(=O)N[C@@H](Cc1c[nH]c2ccccc12)C(=O)OCc1cc(C(F)(F)F)cc(C(F)(F)F)c1,-1.041392685158225,training
C[C@@H](NC(=O)[C@@H](N)Cc1ccc(O)cc1)C(=O)NCC(=O)N[C@@H](Cc1ccc(F)cc1)C(=O)NCC(=O)N[C@@H](Cc1c[nH]c2ccccc12)C(=O)OCc1cc(C(F)(F)F)cc(C(F)(F)F)c1,-0.6532125137753437,training
CCCCC(NC(=O)[C@H](Cc1ccccc1)NC(=O)CNC(=O)[C@@H](C)NC(=O)[C@@H](N)Cc1ccc(O)cc1)C(=O)N[C@@H](Cc1c[nH]c2ccccc12)C(=O)OCc1cc(C(F)(F)F)cc(C(F)(F)F)c1,-0.2041199826559248,training
C[C@@H](NC(=O)[C@@H](N)Cc1ccc(O)cc1)C(=O)NCC(=O)N[C@@H](Cc1ccccc1)C(=O)NCCC(=O)N[C@@H](Cc1c[nH]c2ccccc12)C(=O)OCc1cc(C(F)(F)F)cc(C(F)(F)F)c1,-1.7634279935629371,training
CCC(=O)N(CC1CCN(Cc2ccc3c(c2)CCC[C@@H]3O)CC1)c1ccccc1,-3.89209460269048,training
CSCC[C@H](NC(=O)[C@H](Cc1ccccc1)NC(=O)[C@H](C)NC(=O)[C@@H](N)Cc1ccc(O)cc1)C(=O)N[C@H](CCCNC(=N)N)C(=O)N[C@@H](CCCNC(=N)N)C(=O)N1CCC[C@H]1C(=O)N1CC(O)CC1C(=O)NCC(=O)NC(Cc1cccs1)C(=O)N[C@@H](CO)C(=O)N1Cc2ccccc2C[C@@H]1C(=O)N1C(C(=O)N[C@@H](CCCNC(=N)N)C(=O)O)CC2CCCCC21,-3.838849090737255,training
C[C@@H](NC(=O)[C@@H](N)Cc1ccc(O)cc1)C(=O)NCC(=O)N[C@@H](Cc1ccccc1)C(=O)N[C@H](CCCNC(=N)N)C(=O)N[C@@H](CCCNC(=N)N)C(=O)N1CCC[C@H]1C(=O)N1CC(O)CC1C(=O)NCC(=O)NC(Cc1cccs1)C(=O)N[C@@H](CO)C(=O)N1Cc2ccccc2C[C@@H]1C(=O)N1C(C(=O)N[C@@H](CCCNC(=N)N)C(=O)O)CC2CCCCC21,-3.230448921378274,training
C[C@@H](NC(=O)[C@@H](N)Cc1ccc(O)cc1)C(=O)NCC(=O)N[C@@H](Cc1ccccc1)C(=O)NCCC(=O)N[C@H](CCCNC(=N)N)C(=O)N[C@@H](CCCNC(=N)N)C(=O)N1CCC[C@H]1C(=O)N1CC(O)CC1C(=O)NCC(=O)NC(Cc1cccs1)C(=O)N[C@@H](CO)C(=O)N1Cc2ccccc2C[C@@H]1C(=O)N1C(C(=O)N[C@@H](CCCNC(=N)N)C(=O)O)CC2CCCCC21,-1.5563025007672873,training
C[C@@H](NC(=O)[C@@H](N)Cc1ccc(O)cc1)C(=O)NCC(=O)N[C@@H](Cc1ccccc1)C(=O)NCCCCCCCC(=O)N[C@H](CCCNC(=N)N)C(=O)N[C@@H](CCCNC(=N)N)C(=O)N1CCC[C@H]1C(=O)N1CC(O)CC1C(=O)NCC(=O)NC(Cc1cccs1)C(=O)N[C@@H](CO)C(=O)N1Cc2ccccc2C[C@@H]1C(=O)N1C(C(=O)N[C@@H](CCCNC(=N)N)C(=O)O)CC2CCCCC21,-0.3010299956639812,training
C[C@@H](NC(=O)[C@@H](N)Cc1ccc(O)cc1)C(=O)NCC(=O)N[C@@H](Cc1ccccc1)C(=O)NCC(N)C(=O)N[C@H](CCCNC(=N)N)C(=O)N[C@@H](CCCNC(=N)N)C(=O)N1CCC[C@H]1C(=O)N1CC(O)CC1C(=O)NCC(=O)NC(Cc1cccs1)C(=O)N[C@@H](CO)C(=O)N1Cc2ccccc2C[C@@H]1C(=O)N1C(C(=O)N[C@@H](CCCNC(=N)N)C(=O)O)CC2CCCCC21,-1.57978359661681,valid
C[C@@H](NC(=O)[C@@H](N)Cc1ccc(O)cc1)C(=O)NCC(=O)N[C@@H](Cc1ccccc1)C(=O)NCC(N)C(=O)NCCC(=O)N[C@H](CCCNC(=N)N)C(=O)N[C@@H](CCCNC(=N)N)C(=O)N1CCC[C@H]1C(=O)N1CC(O)CC1C(=O)NCC(=O)NC(Cc1cccs1)C(=O)N[C@@H](CO)C(=O)N1Cc2ccccc2C[C@@H]1C(=O)N1C(C(=O)N[C@@H](CCCNC(=N)N)C(=O)O)CC2CCCCC21,-0.8450980400142568,training
C[C@@H](NC(=O)[C@@H](N)Cc1ccc(O)cc1)C(=O)NCC(=O)N[C@@H](Cc1ccccc1)C(=O)NCCCCCCCC(=O)NCC(N)C(=O)N[C@H](CCCNC(=N)N)C(=O)N[C@@H](CCCNC(=N)N)C(=O)N1CCC[C@H]1C(=O)N1CC(O)CC1C(=O)NCC(=O)NC(Cc1cccs1)C(=O)N[C@@H](CO)C(=O)N1Cc2ccccc2C[C@@H]1C(=O)N1C(C(=O)N[C@@H](CCCNC(=N)N)C(=O)O)CC2CCCCC21,-0.3010299956639812,training
C[C@@H](NC(=O)[C@@H](N)Cc1ccc(O)cc1)C(=O)NCC(=O)N[C@@H](Cc1ccccc1)C(=O)NCC(NC(=O)[C@@H]1CCCN1C(=O)[C@H](CCCNC(=N)N)NC(=O)[C@@H](N)CCCNC(=N)N)C(=O)NCC(=O)NC(Cc1cccs1)C(=O)N[C@@H](CO)C(=O)N1Cc2ccccc2C[C@@H]1C(=O)N1C(C(=O)N[C@@H](CCCNC(=N)N)C(=O)O)CC2CCCCC21,-0.4771212547196624,training
C[C@@H](NC(=O)[C@@H](N)Cc1ccc(O)cc1)C(=O)NCC(=O)N[C@@H](Cc1ccccc1)C(=O)NCC(NC(=O)C(Cc1cccs1)NC(=O)CNC(=O)C1CC(O)CN1C(=O)[C@@H]1CCCN1C(=O)[C@H](CCCNC(=N)N)NC(=O)[C@H](N)CCCNC(=N)N)C(=O)N1Cc2ccccc2C[C@@H]1C(=O)N1C(C(=O)N[C@@H](CCCNC(=N)N)C(=O)O)CC2CCCCC21,0.6989700043360187,training
CCC(=O)N(CC1CCN(Cc2ccc3c(c2)CCC[C@H]3N)CC1)c1ccccc1,-3.778151250383644,training
CCC(=O)N(c1ccccc1)C1CCN(Cc2ccc3c(c2)CCC[C@H]3N)CC1,-4.0,training
CCC(=O)N(CC1CCN(Cc2ccc3c(c2)CCC[C@H]3NC(=O)[C@H](Cc2ccccc2)NC(=O)CNC(=O)[C@@H](C)NC(=O)[C@@H](N)Cc2ccc(O)cc2)CC1)c1ccccc1,-2.505149978319906,training
CCC(=O)N(c1ccccc1)C1CCN(CCc2ccc3c(c2)CCC[C@H]3NC(=O)[C@H](Cc2ccccc2)NC(=O)CNC(=O)[C@@H](C)NC(=O)[C@@H](N)Cc2ccc(O)cc2)CC1,-2.8573324964312685,training
CCC(=O)N(c1ccccc1)C1CCN(Cc2ccc3c(c2)CCC[C@H]3NC(=O)[C@H](Cc2ccccc2)NC(=O)CNC(=O)[C@@H](C)NC(=O)[C@@H](N)Cc2ccc(O)cc2)CC1,-2.568201724066995,training
CCC(=O)N(c1ccccc1)C1CCN(Cc2cccc3c2CCC[C@H]3NC(=O)CCNC(=O)[C@H](Cc2ccccc2)NC(=O)CNC(=O)[C@@H](C)NC(=O)[C@@H](N)Cc2ccc(O)cc2)CC1,-1.5314789170422551,training
CCC(=O)N(c1ccccc1)C1CCN(Cc2cccc3c2CCC[C@H]3NC(=O)CCNC(=O)[C@H](Cc2ccccc2)NC(=O)CNC(=O)[C@@H](C)NC(=O)[C@@H](N)Cc2c(C)cc(O)cc2C)CC1,0.3010299956639812,training
C=C(C(N)=O)[C@H](NC(=O)[C@H](Cc1c[nH]c2ccccc12)NC(=O)[C@@H]1CCCN1C(=O)[C@@H](N)Cc1ccc(O)cc1)c1cccs1,-4.080987046910887,training
C=C(C(N)=O)[C@H](NC(=O)[C@H](Cc1c[nH]c2ccccc12)NC(=O)[C@@H]1CCCN1C(=O)[C@@H](N)Cc1ccc(O)cc1)c1ccsc1,-4.123198075031999,training
CN1CC[C@]23c4c5ccc(O)c4O[C@H]2[C@@H](O)C=CC3C1C5,-1.041392685158225,training
CN1CC[C@]23CC(=O)CC[C@@]2(O)[C@H]1Cc1ccc(C(=O)NCCc2ccc(-c4cnc(O)nc4O)cc2)c(O)c13,-1.7075701760979365,valid
Oc1ccc2c(c1)[C@@]13CCNC[C@H]1[C@@H](C2)N(CC1CC1)CC3,-2.241222631195891,training
CN1CC[C@]23CC(=O)CC[C@@]2(O)[C@H]1Cc1ccc(C(=O)NCCc2ccc(-c4ccc(=O)[nH]c4)cc2)c(O)c13,-1.230448921378274,test
O=C(O)CN1C[C@H]2[C@H]3Cc4ccc(O)cc4[C@@]2(CCN3CC2CC2)CC1=O,-1.9148718175400503,training
O=C1CC[C@@]2(O)[C@H]3Cc4ccc(C(=O)NCCc5ccc(-c6c[nH]c(=O)[nH]c6=O)cc5)c(O)c4[C@@]2(CCN3CCc2ccccc2)C1,-1.380211241711606,valid
CN1CC[C@]23CC(=O)CC[C@@]2(O)[C@H]1Cc1ccc(C(=O)NCCc2nc4ccccc4[nH]2)c(O)c13,-2.690196080028514,training
O=C1C[C@]23CCN(CC4CC4)[C@H](Cc4ccc(O)cc42)[C@@H]3CN1Cc1ccc(O)cc1,-1.3602146132953523,training
CN1CC[C@]23CC(=O)CC[C@@]2(O)[C@H]1Cc1ccc(C(=O)NCCc2ccc(-c4cc[nH]c(=O)c4)cc2)c(O)c13,-1.0,test
CN1CC[C@]23CC(=O)CC[C@@]2(O)[C@H]1Cc1ccc(C(=O)NCCc2ccc(-c4cn[nH]c4)cc2)c(O)c13,-0.3222192947339193,training
CN1CC[C@]23CC(=O)CCC2[C@H]1Cc1ccc(C(=O)NCCc2nc4ccccc4[nH]2)c(O)c13,-2.4471580313422194,training
CN1CC[C@]23CC(=O)CC[C@@]2(O)[C@H]1Cc1ccc(C(=O)NCCc2ccc(-c4ccccc4)cc2)c(O)c13,-0.7323937598229685,training
NC(=O)CN1C[C@H]2[C@H]3Cc4ccc(O)cc4[C@@]2(CCN3CC2CC2)CC1=O,-1.6898414091375047,training
CO[C@@]12CCC(=O)C[C@@]13CCN(C)[C@@H]2Cc1ccc(C(=O)NCCc2ccc(-c4c[nH]c(=O)[nH]c4=O)cc2)c(O)c13,-1.6232492903979006,training
O=C1C[C@]23CCN(CC4CC4)[C@H](Cc4ccc(O)cc42)[C@@H]3CN1,-1.1766699326681496,valid
C=C1CC[C@@]2(O)[C@H]3Cc4ccc(C(=O)NCCc5ccc(-c6c[nH]c(=O)[nH]c6=O)cc5)c(O)c4[C@@]2(CCN3C)C1,-1.9867717342662448,training
CC(C)C[C@H](NC(=O)[C@@H]1CCCN1C(=O)[C@H](Cc1ccccc1)NC(=O)CNC(=O)[C@@H](C)NC(=O)[C@@H](N)Cc1ccc(O)cc1)C(=O)N[C@@H](Cc1c[nH]c2ccccc12)C(=O)NCc1cc(C(F)(F)F)cc(C(F)(F)F)c1,-1.8573324964312683,training
Cc1cc(O)cc(C)c1C[C@H](N)C(=O)N[C@@H](C)C(=O)NCC(=O)N[C@@H](Cc1ccc(I)cc1)C(=O)N1CCC[C@H]1C(=O)N[C@@H](CC(C)C)C(=O)N[C@@H](Cc1c[nH]c2ccccc12)C(=O)NCc1cc(C(F)(F)F)cc(C(F)(F)F)c1,-1.1139433523068367,test
CC(C)C[C@H](NC(=O)[C@@H]1CCCN1C(=O)[C@H](Cc1ccccc1)N(C)C(=O)CNC(=O)[C@H](C)NC(=O)[C@@H](N)Cc1ccc(O)cc1)C(=O)N[C@@H](Cc1c[nH]c2ccccc12)C(=O)NCc1cc(C(F)(F)F)cc(C(F)(F)F)c1,-2.4149733479708178,training
Cc1cc(O)cc(C)c1C[C@H](N)C(=O)N[C@@H](C)C(=O)NCC(=O)N(C)[C@@H](Cc1ccccc1)C(=O)N1CCC[C@H]1C(=O)N[C@@H](CC(C)C)C(=O)N[C@@H](Cc1c[nH]c2ccccc12)C(=O)NCc1cc(C(F)(F)F)cc(C(F)(F)F)c1,-0.6989700043360189,training
Cc1cc(O)cc(C)c1C[C@H](N)C(=O)N[C@@H](C)C(=O)NCC(=O)N[C@@H](Cc1ccccc1)C(=O)N1CCC[C@H]1C(=O)N[C@@H](CC(C)C)C(=O)N[C@@H](Cc1c[nH]c2ccccc12)C(=O)NCc1cc(C(F)(F)F)cc(C(F)(F)F)c1,-0.0,training
Cc1cc(O)cc(C)c1C[C@H](N)C(=O)N[C@@H](C)C(=O)NCC(=O)N[C@@H](Cc1ccc(F)cc1)C(=O)N1CCC[C@H]1C(=O)N[C@@H](CC(C)C)C(=O)N[C@@H](Cc1c[nH]c2ccccc12)C(=O)NCc1cc(C(F)(F)F)cc(C(F)(F)F)c1,-0.0,training
Cc1cc(O)cc(C)c1C[C@H](N)C(=O)N[C@@H](C)C(=O)NCC(=O)N(C)[C@@H](Cc1ccc(F)cc1)C(=O)N1CCC[C@H]1C(=O)N[C@@H](CC(C)C)C(=O)N[C@@H](Cc1c[nH]c2ccccc12)C(=O)NCc1cc(C(F)(F)F)cc(C(F)(F)F)c1,-0.6020599913279624,training
CC(C)C[C@H](NC(=O)[C@@H]1CCCN1C(=O)[C@H](Cc1ccc(F)cc1)NC(=O)CNC(=O)[C@H](C)NC(=O)[C@@H](N)Cc1ccc(O)cc1)C(=O)N[C@@H](Cc1c[nH]c2ccccc12)C(=O)NCc1cc(C(F)(F)F)cc(C(F)(F)F)c1,-0.8450980400142568,training
Cc1cc(O)cc(C)c1C[C@H](N)C(=O)N[C@@H](C)C(=O)NCC(=O)N[C@@H](Cc1ccc(Cl)cc1)C(=O)N1CCC[C@H]1C(=O)N[C@@H](CC(C)C)C(=O)N[C@@H](Cc1c[nH]c2ccccc12)C(=O)NCc1cc(C(F)(F)F)cc(C(F)(F)F)c1,-0.6989700043360189,training
Cc1cc(O)cc(C)c1C[C@H](N)C(=O)N[C@@H](C)C(=O)NCC(=O)N[C@@H](Cc1ccc(Br)cc1)C(=O)N1CCC[C@H]1C(=O)N[C@@H](CC(C)C)C(=O)N[C@@H](Cc1c[nH]c2ccccc12)C(=O)NCc1cc(C(F)(F)F)cc(C(F)(F)F)c1,-1.146128035678238,training
CCC(=O)N(CC1CCCCN1Cc1ccc2c(c1)CCC[C@H]2N)c1ccccc1,-3.716003343634799,training
CCC(=O)N(CC1CCCCN1Cc1ccc2c(c1)CCC[C@H]2N)c1ccc(F)c(F)c1,-3.9542425094393248,training
CCC(=O)N(CC1CCCCN1Cc1ccc2c(c1)CCC[C@H]2N[C@H](Cc1ccccc1)C(=O)NCC(=O)N[C@H](C)C(=O)N[C@@H](Cc1ccc(O)cc1)C(=O)O)c1ccccc1,-2.204119982655925,training
CCC(=O)N(CC1CCCCN1Cc1ccc2c(c1)CCC[C@H]2NCCC(=O)N[C@@H](Cc1ccccc1)C(=O)NCC(=O)N[C@H](C)C(=O)N[C@@H](Cc1c(C)cc(O)cc1C)C(=O)O)c1ccccc1,0.3979400086720376,test
CCC(=O)N(CC1CCCCN1Cc1ccc2c(c1)CCC[C@H]2N(CCC(=O)N[C@@H](Cc1ccccc1)C(=O)NCC(=O)N[C@H](C)C(=O)N[C@@H](Cc1c(C)cc(O)cc1C)C(=O)O)CCC(=O)N[C@@H](Cc1ccccc1)C(=O)NCC(=O)N[C@H](C)C(=O)N[C@@H](Cc1c(C)cc(O)cc1C)C(=O)O)c1ccccc1,0.2218487496163563,training
CCC(=O)N(CC1CCCCN1[C@@H](Cc1ccccc1)C(=O)NCC(=O)N[C@H](C)C(=O)N[C@@H](Cc1ccc(O)cc1)C(=O)O)c1ccccc1,-0.3010299956639812,valid
CCC(=O)N(CC1CCCCN1[C@@H](Cc1ccccc1)C(=O)NCC(=O)N[C@H](C)C(=O)N[C@@H](Cc1c(C)cc(O)cc1C)C(=O)O)c1ccccc1,0.6989700043360187,training
CCC(=O)N(CC1CCCCN1CCC(=O)N[C@@H](Cc1ccccc1)C(=O)NCC(=O)N[C@H](C)C(=O)N[C@@H](Cc1c(C)cc(O)cc1C)C(=O)O)c1ccccc1,-0.0791812460476248,training
CCC(=O)N(CC1CCCCN1Cc1ccc2c(c1)CCC[C@H]2NC(C)=O)c1ccccc1,-3.770852011642144,training
CCC(=O)N(CC1CCCCN1CCc1ccccc1)c1ccccc1,-3.763427993562937,training
CCC(=O)N(CC1CCCCN1Cc1ccccc1)c1ccccc1,-3.612783856719736,valid
CCC(=O)N(CC1CCCCN1Cc1ccc2c(c1)CCC[C@@H]2O)c1ccc(F)c(F)c1,-3.568201724066995,training
CCC(=O)N(CC1CCCCN1Cc1ccc2c(c1)CCC[C@@H]2O)c1ccccc1,-3.5684364144168854,training
Cc1cc(O)cc(C)c1C[C@H](N)C(=O)N[C@H](CCCNC(=N)N)C(=O)N[C@@H](Cc1ccccc1)C(=O)N[C@@H](CCCCN)C(=O)NCCN(CC1Cc2ccccc2CN1C(=O)[C@@H](N)Cc1ccc(O)cc1)[C@@H](Cc1ccccc1)C(=O)NC(CC1CCCCC1)C(=O)O,-0.6803355134145632,training
N[C@@H](Cc1ccc(O)cc1)C(=O)N1Cc2ccccc2CC1CN[C@@H](Cc1ccccc1)C(=O)NC(CC1CCCCC1)C(=O)O,0.5867002359187481,training
Cc1cc(O)cc(C)c1C[C@H](N)C(=O)N[C@H](CCCNC(=N)N)C(=O)N[C@@H](Cc1ccccc1)C(=O)N[C@@H](CCCCN)C(N)=O,-3.322219294733919,training
Cc1cc(O)cc(C)c1C[C@H](N)C(=O)N1Cc2ccccc2C[C@H]1CN[C@@H](Cc1ccccc1)C(=O)N[C@@H](Cc1ccccc1)C(N)=O,0.3565473235138126,training
Cc1cc(O)cc(C)c1C[C@H](N)C(=O)N1Cc2ccccc2C[C@@H]1C(=O)NCc1nc2ccccc2[nH]1,1.6777807052660807,training
NC(=O)[C@H]1CSCSC[C@H](NC(=O)[C@@H](N)Cc2ccc(O)cc2)C(=O)N[C@@H](Cc2ccccc2)C(=O)N[C@@H](Cc2ccc3ccccc3c2)C(=O)N1,0.3187587626244128,test
CO[C@@]12CCC(=O)[C@]3(C)Oc4c(O)ccc5c4[C@]13CCN(C)[C@@H]2C5,-1.2187979981117376,training
CN1CC[C@]23c4c5ccc(O)c4O[C@@]2(C)c2[nH]c4ccccc4c2C[C@@]3(CCCc2ccccc2)[C@H]1C5,-0.290034611362518,training
Cc1cc(O)cc(C)c1C[C@H](N)C(=O)N1Cc2ccccc2C[C@@H]1C(=O)NCC(=O)N(c1ccccc1)c1ccccc1,0.0268721464003013,training
Cc1cc(O)cc(C)c1C[C@H](N)C(=O)N1Cc2ccccc2C[C@@H]1C(=O)NCC(=O)N1CCc2ccccc2C1,0.1249387366082999,training
C[C@H]1[C@H]2Cc3ccc(O)cc3[C@]1(C)CCN2CCC(=O)Nc1ccccc1,-1.4624728698036158,training
CN1CC[C@]23c4c5ccc(O)c4O[C@@]2(CO)C(=O)CC[C@@]3(O)[C@H]1C5,-2.318063334962761,training
NC(=O)[C@@H]1CSCSC[C@@H](NC(=O)[C@@H](N)Cc2ccc(O)cc2)C(=O)N[C@@H](Cc2ccccc2)C(=O)N[C@@H](Cc2ccccc2)C(=O)N1,-0.255272505103306,training
O=C1CC[C@@]2(O)[C@H]3Cc4ccc(O)cc4[C@@]2(CCN3CC2CC2)C1,-0.4183012913197454,training
O=C1CCC[C@@]2(O)[C@H]3Cc4ccc(O)cc4[C@@]2(CCN3CC2CC2)C1,-1.08278537031645,training
Oc1ccc2c(c1)[C@]13CCN(CC4CC4)[C@@H](C2)[C@]1(O)Cc1c([nH]c2ccccc12)C3,1.024568191490737,training
Oc1ccc2c(c1)[C@]13CCN(CC4CC4)[C@H](C2)[C@]1(O)CCc1c([nH]c2ccccc12)C3,0.2749054789185309,valid
Oc1ccc2c(c1)[C@]13CCN(CC4CC4)[C@@H](C2)[C@]1(O)Cc1cc2ccccc2nc1C3,0.518557371497695,training
Oc1ccc2c(c1)[C@]13CCN(CC4CC4)[C@H](C2)[C@]1(O)CCc1cc2ccccc2nc1C3,-0.3617278360175928,training
CNC(=O)[C@@]12C[C@@H]1[C@@H](n1cnc3c(C)nc(C#Cc4ccc(Cl)s4)nc31)[C@H](O)[C@@H]2O,-3.763427993562937,training
CN(C)C[C@H]1CCc2cc(-c3ccccc3OC(F)(F)F)ccc2[C@]1(O)c1cccc(O)c1,-2.4149733479708178,training
CN(C)C[C@H]1CCc2cc(-c3ccccc3C(F)(F)F)ccc2[C@]1(O)c1cccc(O)c1,-1.8129133566428557,valid
CN(C)C[C@H]1CCc2cc(-c3ccccc3Cl)ccc2[C@]1(O)c1cccc(O)c1,-2.204119982655925,training
CN(C)C[C@H]1CCc2cc(-c3ccccc3F)ccc2[C@]1(O)c1cccc(O)c1,-2.8573324964312685,training
Cc1ccccc1-c1ccc2c(c1)CC[C@H](CN(C)C)[C@@]2(O)c1cccc(O)c1,-2.146128035678238,training
Cc1cc(O)cc(C)c1C[C@H](N)C(=O)N[C@H](CCCNC(=N)N)C(=O)N[C@H]1Cc2ccccc2CN(CCC(N)=O)C1=O,-0.6232492903979004,training
CC[C@H](C)[C@@H](NC(=O)[C@H](CCCNC(=N)N)NC(=O)[C@H](Cc1ccc(O)cc1)NC(=O)[C@H](Cc1ccc(O)cc1)NC(=O)[C@H](CCCNC(=N)N)NC(C)=O)C(=O)N[C@@H](CCCCN)C(N)=O,-3.4913616938342726,training
CC[C@H](C)[C@H](NC(=O)[C@H](CCCNC(=N)N)NC(=O)[C@H](Cc1ccc(O)cc1)NC(=O)[C@H](Cc1ccc(O)cc1)NC(=O)[C@H](CCCNC(=N)N)NC(=O)CCN1Cc2ccccc2C[C@H](NC(=O)[C@@H](CCCNC(=N)N)NC(=O)[C@@H](N)Cc2c(C)cc(O)cc2C)C1=O)C(=O)N[C@@H](CCCCN)C(N)=O,-1.99563519459755,training
Cc1cc(O)cc(C)c1C[C@H](N)C(=O)N[C@H](CCCNC(=N)N)C(=O)N[C@H]1Cc2ccccc2CN(CCC(=O)N[C@@H](CCCNC(=N)N)C(=O)N[C@@H](Cc2ccc(O)cc2)C(=O)N[C@@H](Cc2ccc(F)cc2)C(=O)N[C@@H](CCCNC(=N)N)C(=O)N[C@@H](Cc2c[nH]c3ccccc23)C(=O)N[C@@H](CCCNC(=N)N)C(N)=O)C1=O,-2.287801729930226,training
Cc1cc(O)cc(C)c1C[C@H](N)C(=O)N[C@H](CCCNC(=N)N)C(=O)N[C@H]1Cc2ccccc2CN(CCC(=O)N[C@@H](CCCNC(=N)N)C(=O)N[C@@H](Cc2ccc(O)cc2)C(=O)N[C@@H](Cc2c(C)cc(O)cc2C)C(=O)N[C@@H](CCCNC(=N)N)C(=O)N[C@@H](Cc2c[nH]c3ccccc23)C(=O)N[C@@H](CCCNC(=N)N)C(N)=O)C1=O,-2.0681858617461617,training
Cc1cc(O)cc(C)c1C[C@H](N)C(=O)N[C@H](CCCNC(=N)N)C(=O)N[C@H]1Cc2ccccc2CN(CCC(=O)N[C@@H](CCCNC(=N)N)C(=O)N[C@@H](Cc2ccc(O)cc2)C(=O)N[C@@H](Cc2ccc(O)cc2)C(=O)N[C@@H](CCCNC(=N)N)C(=O)N[C@@H](Cc2c[nH]c3ccccc23)C(=O)N[C@@H](CCCNC(=N)N)C(N)=O)C1=O,-1.9294189257142929,training
Oc1ccc(CCN(CCc2ccccc2)CC2CCC2)cc1,-3.3281756614383227,valid
Oc1ccc(CCN(CCc2ccccc2)CC2CC2)cc1,-3.339848783037637,training
O=C(NCc1ccc(F)cc1)N(CCN1[C@H]2CC[C@@H]1C[C@H](c1cccc(O)c1)C2)CC1CCCCC1,-2.0,training
CCCCCNC(=O)N(CCN1[C@H]2CC[C@@H]1C[C@H](c1cccc(O)c1)C2)CC1CCCCC1,-2.0,training
O=C(Nc1cccc(F)c1)N(CCN1[C@H]2CC[C@@H]1C[C@H](c1cccc(O)c1)C2)CC1CCCCC1,-2.0,training
O=C(Nc1ccc2c(c1)OCO2)N(CCN1[C@H]2CC[C@@H]1C[C@H](c1cccc(O)c1)C2)CC1CCCCC1,-2.0,training
O=C(NCc1ccccc1)N(CCN1[C@H]2CC[C@@H]1C[C@H](c1cccc(O)c1)C2)CC1CCCCC1,-2.0,training
CCC(C)NC(=O)N(CCN1[C@H]2CC[C@@H]1C[C@H](c1cccc(O)c1)C2)CC1CCCCC1,-2.0,training
O=C(O)CC(=O)N(CCN1[C@H]2CC[C@@H]1C[C@H](c1cccc(O)c1)C2)CC1CCCCC1,-2.0,training
O=C(O)CS(=O)(=O)CC(=O)N(CCN1[C@H]2CC[C@@H]1C[C@H](c1cccc(O)c1)C2)CC1CCCCC1,-2.0,training
CC(C)(CC(=O)O)CC(=O)N(CCN1[C@H]2CC[C@@H]1C[C@H](c1cccc(O)c1)C2)CC1CCCCC1,-2.0,training
O=C(O)CCC(=O)N(CCN1[C@H]2CC[C@@H]1C[C@H](c1cccc(O)c1)C2)CC1CCCCC1,-2.0,training
O=C(O)C1CCCCC1C(=O)N(CCN1[C@H]2CC[C@@H]1C[C@H](c1cccc(O)c1)C2)CC1CCCCC1,-2.0,training
O=C(O)CC1(CC(=O)N(CCN2[C@H]3CC[C@@H]2C[C@H](c2cccc(O)c2)C3)CC2CCCCC2)CCCC1,-2.0,training
O=C(O)CC1(CC(=O)N(CCN2[C@H]3CC[C@@H]2C[C@H](c2cccc(O)c2)C3)CC2CCCCC2)CCCCC1,-2.0,training
O=C(Cc1ccccc1)N(CCN1[C@H]2CC[C@@H]1C[C@H](c1cccc(O)c1)C2)CC1CCCCC1,-2.0,training
O=C(CO)N(CCN1[C@H]2CC[C@@H]1C[C@H](c1cccc(O)c1)C2)CC1CCCCC1,-2.0,training
CC(C)CC(=O)N(CCN1[C@H]2CC[C@@H]1C[C@H](c1cccc(O)c1)C2)CC1CCCCC1,-2.0,training
O=C(CCC1CCCC1)N(CCN1[C@H]2CC[C@@H]1C[C@H](c1cccc(O)c1)C2)CC1CCCCC1,-2.0,training
O=C(C1CCCCC1)N(CCN1[C@H]2CC[C@@H]1C[C@H](c1cccc(O)c1)C2)CC1CCCCC1,-2.0,training
O=C(C1CCCC1)N(CCN1[C@H]2CC[C@@H]1C[C@H](c1cccc(O)c1)C2)CC1CCCCC1,-2.0,training
CCC(=O)N(CCN1[C@H]2CC[C@@H]1C[C@H](c1cccc(O)c1)C2)CC1CCCCC1,-2.0,valid
CC(=O)N(CCN1[C@H]2CC[C@@H]1C[C@H](c1cccc(O)c1)C2)CC1CCCCC1,-2.0,training
O=C(O)CCC(=O)N(CCN1[C@H]2CC[C@@H]1C[C@H](c1cccc(O)c1)C2)Cc1ccccc1,-2.0,training
COC(=O)CCC(=O)N(CCN1[C@H]2CC[C@@H]1C[C@H](c1cccc(O)c1)C2)Cc1ccccc1,-2.0,training
CCC(CC)C(=O)N(CCN1[C@H]2CC[C@@H]1C[C@H](c1cccc(O)c1)C2)Cc1ccccc1,-2.0,valid
O=C(Nc1ccc(OC(F)F)cc1)N(CCN1[C@H]2CC[C@@H]1C[C@H](c1cccc(O)c1)C2)CC1CCCCC1,-2.0,training
COC(=O)CCC(=O)N(CCN1[C@H]2CC[C@@H]1C[C@H](c1cccc(O)c1)C2)CC1CCCCC1,-2.0,valid
CC1(C)C(CN(CCN2[C@H]3CC[C@@H]2C[C@H](c2cccc(C(N)=O)c2)C3)C(=O)CO)C1(C)C,-2.0,training
C[C@H](O)C(=O)N(CCCN1[C@H]2CC[C@@H]1C[C@H](c1cccc(C(N)=O)c1)C2)Cc1ccccc1,-2.0,valid
NC(=O)c1cccc([C@@H]2C[C@@H]3CC[C@H](C2)N3CCCN(Cc2ccccc2)C(=O)CO)c1,-2.0,test
CS(=O)(=O)CC(=O)N(CCCN1[C@H]2CC[C@@H]1C[C@H](c1cccc(C(N)=O)c1)C2)CC1CCCCC1,-2.0,test
CC(=O)N(CCCN1[C@H]2CC[C@@H]1C[C@H](c1cccc(C(N)=O)c1)C2)CC1CCCCC1,-2.0,training
NC(=O)c1cccc([C@@H]2C[C@@H]3CC[C@H](C2)N3CCCN(CC2CCCCC2)C(=O)CO)c1,-2.0,training
CS(=O)(=O)CC(=O)N(CCN1[C@H]2CC[C@@H]1C[C@H](c1cccc(C(N)=O)c1)C2)Cc1c(F)cccc1F,-2.0,valid
O=C(O)CCC(=O)N(CCN1[C@H]2CC[C@@H]1C[C@H](c1cccc(O)c1)C2)Cc1c(F)cccc1F,-2.0,training
NC(=O)c1cccc([C@@H]2C[C@@H]3CC[C@H](C2)N3CCN(CC23CC4CC(CC(O)(C4)C2)C3)C(=O)CO)c1,-2.0,training
NC(=O)c1cccc([C@@H]2C[C@@H]3CC[C@H](C2)N3CCN(CC23CC4CC(CC(O)(C4)C2)C3)C(=O)[C@@H](O)CO)c1,-2.0,training
CN(C)CC(=O)N(CCN1[C@H]2CC[C@@H]1C[C@H](c1cccc(C(N)=O)c1)C2)CC1CCCCC1,-2.0,training
NC(=O)c1cccc([C@@H]2C[C@@H]3CC[C@H](C2)N3CCN(CC2CCCCC2)C(=O)CCCO)c1,-2.0,training
CN(C)CC(O)C(=O)N(CCN1[C@H]2CC[C@@H]1C[C@H](c1cccc(C(N)=O)c1)C2)CC1CCCCC1,-2.0,training
CCN(CC)CC[C@H](O)C(=O)N(CCN1[C@H]2CC[C@@H]1C[C@H](c1cccc(C(N)=O)c1)C2)CC1CCCCC1,-2.0,training
CC(C)(C)NCC[C@H](O)C(=O)N(CCN1[C@H]2CC[C@@H]1C[C@H](c1cccc(C(N)=O)c1)C2)CC1CCCCC1,-2.0,training
CN(C)CC[C@H](O)C(=O)N(CCN1[C@H]2CC[C@@H]1C[C@H](c1cccc(C(N)=O)c1)C2)CC1CCCCC1,-2.0,test
CC(CO)(CO)C(=O)N(CCN1[C@H]2CC[C@@H]1C[C@H](c1cccc(C(N)=O)c1)C2)CC1CCCCC1,-2.0,training
CN(C)CCCC(=O)N(CCN1[C@H]2CC[C@@H]1C[C@H](c1cccc(C(N)=O)c1)C2)CC1CCCCC1,-2.0,training
CC(C)(CO)C(=O)N(CCN1[C@H]2CC[C@@H]1C[C@H](c1cccc(C(N)=O)c1)C2)CC1CCCCC1,-2.0,training
CN(C)[C@@H](Cc1ccccc1)C(=O)N(CCN1[C@H]2CC[C@@H]1C[C@H](c1cccc(C(N)=O)c1)C2)CC1CCCCC1,-2.0,training
NC(=O)c1cccc([C@@H]2C[C@@H]3CC[C@H](C2)N3CCN(CC2CCCCC2)C(=O)C2(O)CC2)c1,-2.0,training
CC(C)C[C@H](O)C(=O)N(CCN1[C@H]2CC[C@@H]1C[C@H](c1cccc(C(N)=O)c1)C2)CC1CCCCC1,-2.0,training
NC(=O)c1cccc([C@@H]2C[C@@H]3CC[C@H](C2)N3CCN(CC2CCCCC2)C(=O)[C@@H](O)Cc2ccccc2)c1,-2.0,training
CN(C)[C@@H](Cc1ccccc1)C(=O)N(CCN1[C@H]2CC[C@@H]1C[C@H](c1cccc(O)c1)C2)CC1CCCCC1,-2.0,test
CC(C)C[C@H](O)C(=O)N(CCN1[C@H]2CC[C@@H]1C[C@H](c1cccc(O)c1)C2)CC1CCCCC1,-2.0,training
O=C(N(CCN1[C@H]2CC[C@@H]1C[C@H](c1cccc(O)c1)C2)CC1CCCCC1)C1(O)CC1,-2.0,training
O=C([C@@H](O)Cc1ccccc1)N(CCN1[C@H]2CC[C@@H]1C[C@H](c1cccc(O)c1)C2)CC1CCCCC1,-2.0,training
O=C([C@@H](O)c1ccccc1)N(CCN1[C@H]2CC[C@@H]1C[C@H](c1cccc(O)c1)C2)CC1CCCCC1,-2.0,test
CS(=O)(=O)Nc1cccc([C@@H]2C[C@@H]3CC[C@H](C2)N3CCN(CC2CCCCC2)C(=O)CO)c1,-2.0,training
CC(=O)N(Cc1ccccc1)[C@H](C)CN1[C@H]2CC[C@@H]1C[C@H](c1cccc(O)c1)C2,-2.0,training
C[C@H](CN1[C@H]2CC[C@@H]1C[C@H](c1cccc(O)c1)C2)N(Cc1ccccc1)C(=O)C1CCCC1,-2.0,training
C[C@H](CN1[C@H]2CC[C@@H]1C[C@H](c1cccc(O)c1)C2)N(Cc1ccccc1)C(=O)CCC(=O)O,-2.0,training
CCC(CC)C(=O)N(Cc1ccccc1)[C@H](C)CN1[C@H]2CC[C@@H]1C[C@H](c1cccc(O)c1)C2,-2.0,training
C[C@H](CN1[C@H]2CC[C@@H]1C[C@H](c1cccc(O)c1)C2)N(Cc1ccccc1)C(=O)C1CCCCC1,-2.0,training
C[C@H](CN1[C@H]2CC[C@@H]1C[C@H](c1cccc(O)c1)C2)N(Cc1ccccc1)C(=O)CC1CCCC1,-2.0,valid
CC(C)CC(=O)N(Cc1ccccc1)[C@H](C)CN1[C@H]2CC[C@@H]1C[C@H](c1cccc(O)c1)C2,-2.0,training
C[C@H](CN1[C@H]2CC[C@@H]1C[C@H](c1cccc(O)c1)C2)N(Cc1ccccc1)C(=O)Cc1ccccc1,-2.0,training
C[C@H](CN1[C@H]2CC[C@@H]1C[C@H](c1cccc(O)c1)C2)N(Cc1ccccc1)C(=O)CCC1CCCC1,-2.0,training
C[C@H](CN1[C@H]2CC[C@@H]1C[C@H](c1cccc(O)c1)C2)N(Cc1ccccc1)C(=O)C1CC1,-2.0,training
CC(=O)N(CCN1[C@H]2CC[C@@H]1C[C@H](c1cccc(C(=O)NOP(=O)(O)O)c1)C2)CC1CCC(F)(F)CC1,-2.0,training
NC(=O)c1cccc([C@@H]2C[C@@H]3CC[C@H](C2)N3CCN(CCCC2CCCCC2)C(=O)CO)c1,-2.0,training
NC(=O)c1cccc([C@@H]2C[C@@H]3CC[C@H](C2)N3CCN(CCC2CCCCC2)C(=O)CO)c1,-2.0,test
O=C(CO)ONC(=O)c1cccc([C@@H]2C[C@@H]3CC[C@H](C2)N3CCN(CC2CCCCC2)C(=O)[C@@H](O)CO)c1,-2.0,training
NCC(=O)N(CCN1[C@H]2CC[C@@H]1C[C@H](c1cccc(C(N)=O)c1)C2)CC1CCCCC1,-2.0,training
NC(=O)c1cccc([C@@H]2C[C@@H]3CC[C@H](C2)N3CCN(CC2CCCCC2)C(=O)Nc2ccc3c(c2)OCO3)c1,-2.0,training
NC(=O)c1cccc([C@@H]2C[C@@H]3CC[C@H](C2)N3CCN(CC2CCCCC2)C(=O)NCc2ccc(F)cc2)c1,-2.0,training
CCCCCNC(=O)N(CCN1[C@H]2CC[C@@H]1C[C@H](c1cccc(C(N)=O)c1)C2)CC1CCCCC1,-2.0,valid
CCC(C)NC(=O)N(CCN1[C@H]2CC[C@@H]1C[C@H](c1cccc(C(N)=O)c1)C2)CC1CCCCC1,-2.0,training
COC(=O)CCC(=O)N(CCN1[C@H]2CC[C@@H]1C[C@H](c1cccc(C(N)=O)c1)C2)CC1CCCCC1,-2.0,training
NC(=O)c1cccc([C@@H]2C[C@@H]3CC[C@H](C2)N3CCN(CC2CCCCC2)C(=O)Cc2ccccc2)c1,-2.0,training
NC(=O)c1cccc([C@@H]2C[C@@H]3CC[C@H](C2)N3CCN(CC2CCCCC2)C(=O)CCC(=O)O)c1,-2.0,training
O=C(CO)N(CCN1[C@H]2CC[C@@H]1C[C@H](c1cccc(O)c1)C2)Cc1ccc(C(F)(F)F)cc1,-2.0,training
O=C(CO)N(CCN1[C@H]2CC[C@@H]1C[C@H](c1cccc(O)c1)C2)Cc1ccc(Cl)cc1,-2.0,training
O=C(CO)N(CCN1[C@H]2CC[C@@H]1C[C@H](c1cccc(O)c1)C2)Cc1ccc(F)cc1,-2.0,training
CS(=O)(=O)CC(=O)N(CCN1[C@H]2CC[C@@H]1C[C@H](c1cccc(O)c1)C2)Cc1c(F)cccc1F,-2.0,training
O=C(O)CC(=O)N(CCN1[C@H]2CC[C@@H]1C[C@H](c1cccc(O)c1)C2)Cc1c(F)cccc1F,-2.0,training
CS(=O)(=O)CC(=O)N(CCN1[C@H]2CC[C@@H]1C[C@H](c1cccc(O)c1)C2)Cc1cccc(F)c1,-2.0,training
O=C(O)CC(=O)N(CCN1[C@H]2CC[C@@H]1C[C@H](c1cccc(O)c1)C2)Cc1cccc(F)c1,-2.0,test
CC(=O)N(CCN1[C@H]2CC[C@@H]1C[C@H](c1cccc(O)c1)C2)Cc1c(F)cccc1F,-2.0,valid
CC(C)CC(=O)N(CCN1[C@H]2CC[C@@H]1C[C@H](c1cccc(O)c1)C2)Cc1c(F)cccc1F,-2.0,training
O=C(CO)N(CCN1[C@H]2CC[C@@H]1C[C@H](c1cccc(O)c1)C2)Cc1c(F)cccc1F,-2.0,test
CC(C)CC(=O)N(CCN1[C@H]2CC[C@@H]1C[C@H](c1cccc(O)c1)C2)Cc1cccc(F)c1,-2.0,training
O=C(O)C(O)CC(=O)N(CCN1[C@H]2CC[C@@H]1C[C@H](c1cccc(O)c1)C2)Cc1cccc(F)c1,-2.0,training
O=C(CO)N(CCN1[C@H]2CC[C@@H]1C[C@H](c1cccc(O)c1)C2)Cc1cccc(F)c1,-2.0,valid
COc1ccc(NC(=O)N(CCN2[C@H]3CC[C@@H]2C[C@H](c2cccc(O)c2)C3)CC2CCCCC2)cc1OC,-2.0,training
NC(=O)CCC(=O)N(CCN1[C@H]2CC[C@@H]1C[C@H](c1cccc(O)c1)C2)CC1CCCCC1,-2.0,training
CS(=O)(=O)CC(=O)N(CCN1[C@H]2CC[C@@H]1C[C@H](c1cccc(O)c1)C2)CC1CCCCC1,-2.0,training
O=C(C1CCCC1)N(CCN1[C@H]2CC[C@@H]1C[C@H](c1cccc(O)c1)C2)Cc1ccccc1,-2.0,training
CC(=O)N(CCN1[C@H]2CC[C@@H]1C[C@H](c1cccc(O)c1)C2)Cc1ccccc1,-2.0,training
O=C(CO)N(CCN1[C@H]2CC[C@@H]1C[C@H](c1cccc(O)c1)C2)Cc1ccccc1,-2.0,training
N#C[C@@H]1CCCN1C(=O)[C@@H]1CC[C@@H](CO)N1,-4.882735088426196,training
CC(C)(C)OC(=O)N1CC2CN(c3nc4ccccc4n(C4CCN(C5CCCCCCC5)CC4)c3=O)CC2C1,-3.950267468013589,test
NC(=O)c1nc2ccccc2n([C@@H]2C[C@@H]3CC[C@H](C2)N3C2CCCCCCC2)c1=O,-4.402261382454681,training
O=C(O)C1CCN(c2nc3ccccc3n([C@@H]3C[C@@H]4CC[C@H](C3)N4C3CCCCCCC3)c2=O)CC1,-3.6503075231319366,training
N[C@@H]1CCN(c2nc3ccccc3n([C@@H]3C[C@@H]4CC[C@H](C3)N4C3CCCCCCC3)c2=O)C1,-4.145196406114182,test
NC(=O)[C@H](CO)Nc1nc2ccccc2n([C@H]2C[C@@H]3CC[C@H](C2)N3C2CCCCCCC2)c1=O,-4.473851770154815,training
O=C(O)CNc1nc2ccccc2n([C@@H]2C[C@@H]3CC[C@H](C2)N3C2CCCCCCC2)c1=O,-4.109983294819893,training
O=C(O)Cc1nc2ccccc2n([C@@H]2C[C@@H]3CCC[C@H](C2)N3C2CCCCCCC2)c1=O,-4.551632948680588,training
O=C(O)CC1CCN(c2nc3ccccc3n([C@@H]3C[C@@H]4CC[C@H](C3)N4C3CCCCCCC3)c2=O)C1,-4.381512174732024,training
Cc1cc(C)nc(SCc2ccc(C(=O)NN/C=C3\C=CC=C(O)C3=O)cc2)n1,-4.761484301032771,training
COc1ccc(NC(=O)c2nc3ccccc3n([C@]3(C)C[C@@H]4CC[C@H](C3)N4C3CCCCCCC3)c2=O)cn1,-3.2329961103921536,training
CONC(=O)c1nc2ccccc2n([C@@H]2C[C@@H]3CC[C@H](C2)N3C2CCCCCCC2)c1=O,-4.132355761753956,training
O=C(Nc1ccc(=O)[nH]c1)c1nc2ccccc2n([C@@H]2C[C@@H]3CC[C@H](C2)N3C2CCCCCCC2)c1=O,-4.243434936520088,training
COc1ccc(NC(=O)c2nc3ccccc3n([C@H]3C[C@@H]4CC[C@H](C3)N4C3CCCCCCC3)c2=O)cn1,-4.138144744179487,training
O=C(NCC(O)CO)c1nc2ccccc2n([C@@H]2C[C@@H]3CC[C@H](C2)N3C2CCCCCCC2)c1=O,-4.623249290397901,training
C[C@]12CC[C@H](C[C@H](N3C(=O)C(N[C@@H](CO)C(=O)O)Nc4ccccc43)C1)N2C1CCCCCCC1,-4.414471949629303,training
C[C@@]12CC[C@@H](C[C@@H](n3c(=O)c(C(=O)NCC(=O)O)nc4ccccc43)C1)N2C1CCCCCCC1,-4.246449338267045,training
O=C(NC(CO)C(=O)O)c1nc2ccccc2n([C@@H]2C[C@@H]3CC[C@H](C2)N3C2CCCCCCC2)c1=O,-4.416557301191479,training
O=C(O)c1nc2ccccc2n([C@@H]2C[C@@H]3CC[C@H](C2)N3C23CC4CC(CC(C4)C2)C3)c1=O,-4.450418480936811,training
O=C(O)[C@H](Cc1ccccc1)Nc1nc2ccccc2n([C@@H]2C[C@@H]3CC[C@H](C2)N3C2CCCCCCC2)c1=O,-3.271841606536499,training
O=C(O)C1(O)CCN(c2nc3ccccc3n([C@@H]3C[C@@H]4CC[C@H](C3)N4C3CCCCCCC3)c2=O)CC1,-4.214843848047698,training
O=C1NC(=O)C2(CCN(c3nc4ccccc4n([C@@H]4C[C@@H]5CC[C@H](C4)N5C4CCCCCCC4)c3=O)CC2)N1,-4.058046230395282,training
O=C(O)CNC(=O)CNc1nc2ccccc2n([C@@H]2C[C@@H]3CC[C@H](C2)N3C2CCCCCCC2)c1=O,-4.572987708198205,test
O=C(O)C1(O)CCN(c2nc3ccccc3n([C@@H]3C[C@@H]4CC[C@H](C3)N4C3CCCCCCC3)c2=O)C1,-3.948412965778601,training
O=C(O)N1CCN(c2nc3ccccc3n([C@@H]3C[C@@H]4CC[C@H](C3)N4C3CCCCCCC3)c2=O)CC1=O,-3.437750562820388,training
O=C(O)CC1CCN(c2nc3ccccc3n([C@@H]3C[C@@H]4CC[C@H](C3)N4C3CCCCCCC3)c2=O)CC1,-3.1156105116743,training
CCOC(=O)c1nc2ccccc2n([C@@H]2C[C@@H]3CCC[C@H](C2)N3C2CCCCCCC2)c1=O,-4.614791791956417,training
O=C(O)c1nc2ccccc2n([C@@H]2C[C@@H]3CCC[C@H](C2)N3C2CCCCCCC2)c1=O,-4.037426497940624,valid
CC(C)C1CCC(N2[C@H]3CC[C@@H]2C[C@H](n2c(=O)c(C(=O)O)nc4ccccc42)C3)CC1,-4.8372727025023,training
O=C(O)c1ccncc1Nc1nc2ccccc2n([C@@H]2C[C@@H]3CC[C@H](C2)N3C2CCCCCCC2)c1=O,-4.50797724139145,training
CN(C(=O)O)[C@@H]1CCN(c2nc3ccccc3n([C@@H]3C[C@@H]4CC[C@H](C3)N4C3CCCCCCC3)c2=O)C1,-4.860403894528599,training
O=C(O)c1nc2ccccc2n([C@@H]2C[C@@H]3CCC[C@H](C2)N3C23CC4CC(CC(C4)C2)C3)c1=O,-4.595452128776965,training
CC12CC3CC(C)(C1)CC(N1[C@H]4CC[C@@H]1C[C@H](n1c(=O)c(C(=O)O)nc5ccccc51)C4)(C3)C2,-4.2261099199912735,training
O=C(O)c1nc2ccccc2n([C@@H]2C[C@@H]3CCC[C@H](C2)N3C2CCCCCCCC2)c1=O,-3.498999363580153,training
O=C(O)c1nc2ccccc2n([C@@H]2C[C@@H]3CCC[C@H](C2)N3C2C3CCCC2CCC3)c1=O,-3.3306166672944384,test
O=C(O)c1nc2ccccc2n([C@@H]2C[C@@H]3CC[C@H](C2)N3C2C3CCCC2CCC3)c1=O,-3.294466226161593,training
O=C(O)c1nc2ccccc2n([C@@H]2C[C@@H]3CC[C@H](C2)N3C2CCCCCCCC2)c1=O,-3.182699903336043,training
O=C(NC(Cc1c[nH]cn1)C(=O)O)c1nc2ccccc2n([C@@H]2C[C@@H]3CC[C@H](C2)N3C2CCCCCCC2)c1=O,-4.052116550549998,valid
O=C(NC(Cc1ccccc1)C(=O)O)c1nc2ccccc2n([C@@H]2C[C@@H]3CC[C@H](C2)N3C2CCCCCCC2)c1=O,-3.2412973871099933,training
O=C(O)c1nc2ccccc2n([C@@H]2C[C@@H]3CCC[C@H](C2)N3C2CC3CCCC(C3)C2)c1=O,-3.6778805815115914,training
O=c1[nH]c2ccccc2n(C2CCN(C3Cc4cccc5cccc3c45)CC2)c1=O,-3.607455023214668,training
NC(=O)Cn1c(=O)c(=O)n(C2CCN(C3Cc4cccc5cccc3c45)CC2)c2ccccc21,-3.7363965022766426,test
N#CCn1c(=O)c(=O)n(C2CCN(C3CCCCCCC3)CC2)c2ccccc21,-4.817300878393321,training
O=c1[nH]c2ccc(N3CCOCC3)cc2n(C2CCN(C3CCCCCCC3)CC2)c1=O,-4.716837723299524,training
O=c1[nH]c2ncccc2n(C2CCN(C3CCCCCCC3)CC2)c1=O,-4.7384634394619525,training
O=C1CC(=O)N(C2CCN(C3CCCCCCC3)CC2)c2cccnc2N1,-4.859738566197147,training
O=C1CC(=O)N(C2CCN(C3CCCCCCC3)CC2)c2ccccc2N1,-4.209515014542631,training
O=c1[nH]c2ccccc2n(C2CCN(C3CCCCCCC3)CC2)c1=O,-3.462397997898956,training
CC(C)C1CCC(N2CCC(n3c(=O)c(=O)[nH]c4ccccc43)CC2)CC1,-3.982271233039568,training
CN(C)c1nc2ccccc2n(C2CCN(C3CCCCCCC3)CC2)c1=O,-4.4481495716859465,training
O=c1c(N2CC3CNCC3C2)nc2ccccc2n1C1CCN(C2CCCCCCC2)CC1,-4.365862215402555,training
O=c1c(NCc2ccccc2)nc2ccccc2n1C1CCN(C2CCCCCCC2)CC1,-4.046182890740882,training
CC(C)(C)OC(=O)NCCNc1nc2ccccc2n(C2CCN(C3CCCCCCC3)CC2)c1=O,-4.292477593667784,test
CC(C)(C)OC(=O)N1CCN(c2nc3ccccc3n(C3CCN(C4CCCCCCC4)CC3)c2=O)CC1,-3.878291949249796,training
NCCNc1nc2ccccc2n(C2CCN(C3CCCCCCC3)CC2)c1=O,-4.67459478973444,training
O=c1c(N2CCNCC2)nc2ccccc2n1C1CCN(C2CCCCCCC2)CC1,-4.442087629550761,valid
CS(=O)(=O)NCCNc1nc2ccccc2n(C2CCN(C3CCCCCCC3)CC2)c1=O,-4.644152905049394,valid
CC(=O)N1CC2CN(c3nc4ccccc4n(C4CCN(C5CCCCCCC5)CC4)c3=O)CC2C1,-4.638319499501196,training
CC(C)(C)OC(=O)Nc1nc2ccccc2n(C2CCN(C3CCCCCCC3)CC2)c1=O,-4.18150058846776,training
Nc1nc2ccccc2n(C2CCN(C3CCCCCCC3)CC2)c1=O,-4.39022836246913,training
COC(=O)C1CCN(c2nc3ccccc3n(C3CCN(C4CCCCCCC4)CC3)c2=O)CC1,-4.531785369705967,training
CC(=O)Nc1nc2ccccc2n(C2CCN(C3CCCCCCC3)CC2)c1=O,-4.577491799837225,training
O=C1CN(c2nc3ccccc3n(C3CCN(C4CCCCCCC4)CC3)c2=O)CCN1,-4.742167179772407,training
CC(C)(C)OC(=O)NC1CCN(c2nc3ccccc3n(C3CCN(C4CCCCCCC4)CC3)c2=O)CC1,-4.35395467937171,training
NC1CCN(c2nc3ccccc3n(C3CCN(C4CCCCCCC4)CC3)c2=O)CC1,-4.287958405860151,training
CC(=O)NC1CCN(c2nc3ccccc3n(C3CCN(C4CCCCCCC4)CC3)c2=O)CC1,-4.716829387432925,valid
C=CCNc1nc2ccccc2n(C2CCN(C3CCCCCCC3)CC2)c1=O,-4.784246308067507,training
O=c1c(NCC(O)CO)nc2ccccc2n1C1CCN(C2CCCCCCC2)CC1,-4.915141186765986,training
N=C(N)NCCNc1nc2ccccc2n(C2CCN(C3CCCCCCC3)CC2)c1=O,-4.554586062884101,training
COC(=O)[C@@H]1CCCN1c1nc2ccccc2n(C2CCN(C3CCCCCCC3)CC2)c1=O,-4.443888546777372,valid
COC(=O)[C@@H]1C[C@@H](O)CN1c1nc2ccccc2n(C2CCN(C3CCCCCCC3)CC2)c1=O,-4.821611773961555,training
CS(=O)(=O)NC1CCN(c2nc3ccccc3n(C3CCN(C4CCCCCCC4)CC3)c2=O)CC1,-4.790271086188157,training
O=c1c(NC2CCNCC2)nc2ccccc2n1C1CCN(C2CCCCCCC2)CC1,-4.539966367996713,training
NC(=O)[C@H](CO)Nc1nc2ccccc2n(C2CCN(C3CCCCCCC3)CC2)c1=O,-4.9822848045300745,training
COc1ccc(Nc2nc3ccccc3n(C3CCN(C4CCCCCCC4)CC3)c2=O)cn1,-4.416723697546734,training
O=c1c(N2CCc3ccccc32)nc2ccccc2n1C1CCN(C2CCCCCCC2)CC1,-3.8243211248507714,training
NC(=O)[C@@H]1CCCN1c1nc2ccccc2n(C2CCN(C3CCCCCCC3)CC2)c1=O,-4.91020271049492,training
O=c1c(N2CCc3ccccc3C2)nc2ccccc2n1C1CCN(C2CCCCCCC2)CC1,-4.589402201744208,test
COC(=O)c1ccc2c(c1)CN(c1nc3ccccc3n(C3CCN(C4CCCCCCC4)CC3)c1=O)CC2,-4.653579096580208,training
O=c1ccc(Nc2nc3ccccc3n(C3CCN(C4CCCCCCC4)CC3)c2=O)c[nH]1,-4.669493538318174,test
CS(=O)(=O)N1CCC(Nc2nc3ccccc3n(C3CCN(C4CCCCCCC4)CC3)c2=O)CC1,-4.772541732640944,training
O=c1c(N2CCC(O)CC2)nc2ccccc2n1C1CCN(C2CCCCCCC2)CC1,-4.635554112905159,training
O=C(O)[C@H](CO)Nc1nc2ccccc2n(C2CCN(C3CCCCCCC3)CC2)c1=O,-4.282055370683707,test
NCC(O)CNc1nc2ccccc2n(C2CCN(C3CCCCCCC3)CC2)c1=O,-4.661651805934791,training
NC(=O)C1CCCN(c2nc3ccccc3n(C3CCN(C4CCCCCCC4)CC3)c2=O)C1,-4.585201203328446,training
CCOC(=O)CN(C)c1nc2ccccc2n(C2CCN(C3CCCCCCC3)CC2)c1=O,-4.449185170727684,test
CN(CC(O)CO)c1nc2ccccc2n(C2CCN(C3CCCCCCC3)CC2)c1=O,-4.932407803730637,training
CS(=O)(=O)N[C@@H]1CCN(c2nc3ccccc3n(C3CCN(C4CCCCCCC4)CC3)c2=O)C1,-4.450418480936811,test
O=c1c(NC(CO)CO)nc2ccccc2n1C1CCN(C2CCCCCCC2)CC1,-4.9356029814383,training
COc1nc2ccccc2n([C@@H]2C[C@@H]3CC[C@H](C2)N3C2CCCCCCC2)c1=O,-4.116972822860455,training
CCOC(=O)c1nc2ccccc2n(C2CCN(C3CCCCCCC3)CC2)c1=O,-4.116607743988249,training
O=C(O)c1nc2ccccc2n(C2CCN(C3CCCCCCC3)CC2)c1=O,-4.5014290085945206,training
O=C(O)c1nc2ccccc2n([C@@H]2C[C@@H]3CC[C@H](C2)N3C2CCCCCCC2)c1=O,-4.675695872866943,valid
NC(=O)c1nc2ccccc2n(C2CCN(C3CCCCCCC3)CC2)c1=O,-4.325187150123654,training
CNC(=O)c1nc2ccccc2n(C2CCN(C3CCCCCCC3)CC2)c1=O,-4.2261099199912735,training
O=C(NCC(O)CO)c1nc2ccccc2n(C2CCN(C3CCCCCCC3)CC2)c1=O,-4.321619140247275,training
COc1ccc(NC(=O)c2nc3ccccc3n(C3CCN(C4CCCCCCC4)CC3)c2=O)cn1,-4.375499008019384,valid
CN(C)C(=O)c1nc2ccccc2n(C2CCN(C3CCCCCCC3)CC2)c1=O,-4.311902131419489,training
O=C(Nc1ccc(=O)[nH]c1)c1nc2ccccc2n(C2CCN(C3CCCCCCC3)CC2)c1=O,-4.197831693328903,training
CONC(=O)c1nc2ccccc2n(C2CCN(C3CCCCCCC3)CC2)c1=O,-4.007619774517403,training
O=C(NOCc1ccccc1)c1nc2ccccc2n(C2CCN(C3CCCCCCC3)CC2)c1=O,-3.433289685195026,training
O=C1CNc2ccccc2N1C1CCN(C2CCCCCCC2)CC1,-4.251638220448212,valid
O=C1CN(C2CCN(C3CCCCCCC3)CC2)c2ccccc2N1,-3.9854264740830017,training
N#Cc1nc2ccccc2n(C2CCN(C3CCCCCCC3)CC2)c1=O,-4.19267893953454,training
O=C(NO)c1nc2ccccc2n(C2CCN(C3CCCCCCC3)CC2)c1=O,-4.728678366850914,training
O=c1c(N2CC3CNCC3C2)nc2ncccc2n1C1CCN(C2CCCCCCC2)CC1,-4.465382851448418,training
O=C(O)c1nc2ccc(F)cc2n([C@@H]2C[C@@H]3CC[C@H](C2)N3C2CCCCCCC2)c1=O,-4.398287305357401,training
O=C(O)CN1CCN(c2nc3ccccc3n([C@@H]3C[C@@H]4CC[C@H](C3)N4C3CCCCCCC3)c2=O)CC1,-3.946452265013073,training
O=C(O)C1CCCN1C(=O)c1nc2ccccc2n([C@@H]2C[C@@H]3CC[C@H](C2)N3C2CCCCCCC2)c1=O,-4.348888723071438,training
CN(CC(=O)O)C(=O)c1nc2ccccc2n([C@@H]2C[C@@H]3CC[C@H](C2)N3C2CCCCCCC2)c1=O,-4.3634239329171765,training
CC(C)(NC(=O)c1nc2ccccc2n([C@@H]2C[C@@H]3CC[C@H](C2)N3C2CCCCCCC2)c1=O)C(=O)O,-4.084933574936716,training
CSCCC(NC(=O)c1nc2ccccc2n([C@@H]2C[C@@H]3CC[C@H](C2)N3C2CCCCCCC2)c1=O)C(=O)O,-3.3106933123433606,training
O=C(O)CC(NC(=O)c1nc2ccccc2n([C@@H]2C[C@@H]3CC[C@H](C2)N3C2CCCCCCC2)c1=O)C(=O)O,-3.938519725176492,training
O=C(N[C@H](C(=O)O)c1ccccc1)c1nc2ccccc2n([C@@H]2C[C@@H]3CC[C@H](C2)N3C2CCCCCCC2)c1=O,-3.4099331233312946,training
CC(NC(=O)c1nc2ccccc2n([C@@H]2C[C@@H]3CC[C@H](C2)N3C2CCCCCCC2)c1=O)C(=O)O,-4.161368002234975,training
CC(C)CC(NC(=O)c1nc2ccccc2n([C@@H]2C[C@@H]3CC[C@H](C2)N3C2CCCCCCC2)c1=O)C(=O)O,-3.346352974450639,training
O=C(O)c1ccc(CNC(=O)c2nc3ccccc3n([C@@H]3C[C@@H]4CC[C@H](C3)N4C3CCCCCCC3)c2=O)cc1,-3.6924062348336304,training
O=C(O)c1ccc(CNC(=O)c2nc3ccccc3n([C@@H]3C[C@@H]4CC[C@H](C3)N4C3CCCCCCC3)c2=O)nc1,-3.888179493918325,training
O=C(O)c1nc2ccccc2n([C@@H]2C[C@@H]3CC[C@H](C2)N3C23CC4CC(CC2C4)C3)c1=O,-4.176380692243271,valid
CN(C)C1(C(=O)O)CCN(c2nc3ccccc3n([C@@H]3C[C@@H]4CC[C@H](C3)N4C3CCCCCCC3)c2=O)CC1,-4.274573464196471,training
CCOC(=O)C1CN(CCNc2nc3ccccc3n([C@@H]3C[C@@H]4CC[C@H](C3)N4C3CCCCCCC3)c2=O)C[C@H]1C(=O)OCC,-4.826735464670026,training
O=C(O)c1nc2ccccc2n([C@@H]2C[C@@H]3CCC[C@H](C2)N3C2/C=C\CCCCC2)c1=O,-3.735359333001711,training
O=C(N[C@H](C(=O)O)c1ccccc1)c1nc2ccccc2n([C@@H]2C[C@@H]3CCC[C@H](C2)N3C2CCCCCCC2)c1=O,-2.0253058652647704,valid
CCOC(=O)c1nc2ccccc2n([C@@H]2C[C@@H]3CCC[C@H](C2)N3C(C)CCC(C)C)c1=O,-3.144885418287142,training
CCOC(=O)c1nc2ccccc2n([C@@H]2C[C@@H]3CCC[C@H](C2)N3C(C)CC(C)C)c1=O,-3.456821348021599,test
CC(C)CCC(C)N1[C@H]2CCC[C@@H]1C[C@H](n1c(=O)c(C(=O)O)nc3ccccc31)C2,-3.042181594515766,training
CC(C)CC(C)N1[C@H]2CCC[C@@H]1C[C@H](n1c(=O)c(C(=O)O)nc3ccccc31)C2,-2.824125833916549,training
O=C(O)c1nc2ccccc2n([C@@H]2C[C@@H]3CCC[C@H](C2)N3C23CCCC(CCC2)C3)c1=O,-3.3068537486930087,training
CN(CC(=O)O)[C@H]1CCN(c2nc3ccccc3n([C@@H]3C[C@@H]4CCC[C@H](C3)N4C3CCCCCCC3)c2=O)C1,-3.064083435963596,valid
CCOC(=O)c1nc2ccccc2n([C@H]2C[C@@H]3CCC[C@H](C2)N3C/C=C2\CCC3CC2C3(C)C)c1=O,-2.586587304671755,training
O=C(O)c1nc2ccccc2n([C@@H]2C[C@@H]3CCCC[C@H](C2)N3C2/C=C\CCCCC2)c1=O,-3.004751155591001,training
O=C(O)c1nc2ccccc2n([C@@H]2C[C@@H]3CCC[C@H](C2)N3C2C3CC4CC(C3)CC2C4)c1=O,-3.851258348719076,test
CC1(C)[C@H]2CC[C@@H](CCN3[C@H]4CC[C@@H]3C[C@H](n3c(=O)c(C(=O)O)nc5ccccc53)C4)[C@@H]1C2,-2.8796692056320534,training
CC(C)CC(C)N1[C@H]2CC[C@@H]1C[C@H](n1c(=O)c(C(=O)O)nc3ccccc31)C2,-3.455758203104137,training
CO[C@]12CC[C@@]3(C[C@@H]1CNC(=O)[C@@H](N)Cc1ccccc1)[C@H]1Cc4ccc(O)c5c4[C@@]3(CCN1CC1CC1)[C@H]2O5,-0.3031960574204888,training
CO[C@]12CC[C@@]3(C[C@@H]1CNC(=O)[C@@H](N)CC(=O)O)[C@H]1Cc4ccc(O)c5c4[C@@]3(CCN1CC1CC1)[C@H]2O5,-1.7810369386211318,training
CO[C@]12CC[C@@]3(C[C@@H]1CNC(=O)[C@@H](N)Cc1c[nH]cn1)[C@H]1Cc4ccc(O)c5c4[C@@]3(CCN1CC1CC1)[C@H]2O5,-1.7693034601890818,valid
CO[C@]12CC[C@@]3(C[C@@H]1CNC(=O)CN)[C@H]1Cc4ccc(O)c5c4[C@@]3(CCN1CC1CC1)[C@H]2O5,-1.209783014848515,training
CO[C@]12CC[C@@]3(C[C@@H]1CNC(=O)[C@H](CO)NC(C)=O)[C@H]1Cc4ccc(O)c5c4[C@@]3(CCN1CC1CC1)[C@H]2O5,-1.3079237036118816,training
COC12CC[C@@]3(C[C@@H]1CNC(=O)c1ccccc1C(=O)O)[C@H]1Cc4ccc(O)c5c4[C@@]3(CCN1CC1CC1)[C@H]2O5,-0.8102325179950841,training
O=C(O)CN1CCCC[C@H]1c1nc2ccccc2n1[C@@H]1C[C@@H]2CCC[C@H](C1)N2[C@H]1C[C@H]2CCCC[C@H](C2)C1,-3.8318697742805017,training
O=C(O)CN1CCC/C(=C2/N(CC(=O)O)c3ccccc3N2[C@@H]2C[C@@H]3CCC[C@H](C2)N3[C@H]2C[C@H]3CCCC[C@H](C3)C2)C1,-4.084218686739239,training
O=C(O)CN1CCN(Cc2nc3ccccc3n2[C@@H]2C[C@@H]3CCC[C@H](C2)N3[C@@H]2C[C@H]3CCC[C@H](C3)C2)CC1,-4.037426497940624,training
CCOC(=N)/N=c1\[nH]c2ccccc2n1C1CCN(C2CCCCCCC2)CC1,-3.208441356438567,training
NC(=O)/N=c1\[nH]c2ccccc2n1C1CCN(C2CCCCCCC2)CC1,-4.011147360775797,training
CONC(=N)/N=c1\[nH]c2ccccc2n1C1CCN(C2CCCCCCC2)CC1,-3.752432609261474,training
O=C(O)CNc1nc2ccccc2n1C1C[C@@H]2CCC[C@H](C1)N2C1CCCCCCCCC1,-4.133538908370218,training
O=C(O)CO/N=C/c1nc2ccccc2n1[C@@H]1C[C@@H]2CCC[C@H](C1)N2[C@@H]1C[C@H]2CCC[C@H](C2)C1,-3.597695185925512,training
c1ccc2c(c1)nc(-c1cc[nH]n1)n2[C@@H]1C[C@@H]2CCC[C@H](C1)N2[C@H]1C[C@H]2CCCC[C@H](C2)C1,-3.7895807121644256,training
Cn1cc(Cl)c(-c2nc3ccccc3n2[C@@H]2C[C@@H]3CCC[C@H](C2)N3[C@H]2C[C@H]3CCCC[C@H](C3)C2)n1,-3.6201360549737576,test
COc1ccc2c3c1O[C@@H]1[C@]34CC[N+](C)(CC3CC3)[C@H](C2)[C@]42CC[C@@]1(OC)[C@@H](COCc1ccc(Cl)c(Cl)c1)C2,-3.644230748051285,test
COc1ccc2c3c1O[C@@H]1[C@]34CC[N+](C)(CC3CC3)[C@H](C2)[C@]42CC[C@@]1(OC)[C@@H](COCc1cc3c(cc1Cl)OCO3)C2,-4.265698264513094,training
COc1ccc2c3c1O[C@@H]1[C@]34CC[N+](C)(CC3CC3)[C@H](C2)[C@]42CC[C@@]1(OC)[C@@H](COCc1ccc(C)cc1)C2,-4.003226087692072,training
CO[C@]12CC[C@@]3(C[C@@H]1COCc1ccc(F)cc1)[C@H]1Cc4ccc(O)c5c4[C@@]3(CC[N+]1(C)CC1CC1)[C@H]2O5,-2.242615957569265,training
CO[C@]12CC[C@@]3(C[C@@H]1COCc1cc4ccccc4s1)[C@H]1Cc4ccc(O)c5c4[C@@]3(CC[N+]1(C)CC1CC1)[C@H]2O5,-1.6557145496187098,test
CO[C@]12CC[C@@]3(C[C@@H]1COCc1ccc(C)cc1)[C@H]1Cc4ccc(O)c5c4[C@@]3(CC[N+]1(C)CC1CC1)[C@H]2O5,-2.038977622332692,training
CO[C@]12CC[C@@]3(C[C@@H]1COCc1ccccc1)[C@H]1Cc4ccc(O)c5c4[C@@]3(CC[N+]1(C)CC1CC1)[C@H]2O5,-1.274619619091238,training
CO[C@]12CC[C@@]3(C[C@@H]1COCc1ccoc1)[C@H]1Cc4ccc(O)c5c4[C@@]3(CC[N+]1(C)CC1CC1)[C@H]2O5,-2.2855348061200305,training
CO[C@]12CC[C@@]3(C[C@@H]1COCc1ccsc1)[C@H]1Cc4ccc(O)c5c4[C@@]3(CC[N+]1(C)CC1CC1)[C@H]2O5,-2.304361254225308,training
COc1ccc2c3c1O[C@@H]1[C@]34CC[N+](C)(CC3CC3)[C@H](C2)[C@]42CC[C@@]1(OC)[C@@H](COCc1ccco1)C2,-3.6802022126067335,training
C[C@H]1C[C@H]2C[C@@H](C1)C[C@H](N1[C@H]3CCC[C@@H]1C[C@H](n1c(=O)c(C(=O)O)nc4ccccc41)C3)C2,-2.8394780473741985,valid
CO[C@]12CC[C@@]3(C[C@@H]1COCc1ccccc1C)[C@H]1Cc4ccc(OCCO)c5c4[C@@]3(CCN1C)[C@H]2O5,-1.5083950331330531,training
CO[C@]12CC[C@@]3(C[C@@H]1COCc1ccccc1)[C@H]1Cc4ccc(N)c5c4[C@@]3(CCN1C)[C@H]2O5,-2.6134083678360702,test
C=Cc1ccc2c3c1O[C@@H]1[C@]34CCN(C)[C@H](C2)[C@]42CC[C@@]1(OC)[C@@H](COCc1ccccc1)C2,-2.24167097378413,training
CO[C@]12CC[C@@]3(C[C@@H]1COCc1ccccc1)[C@H]1Cc4ccc(F)c5c4[C@@]3(CCN1C)[C@H]2O5,-1.9661417327390325,valid
COc1ccc2c3c1O[C@@H]1[C@]34CCN(CC3CC3)[C@H](C2)[C@]42CC[C@@]1(OC)[C@@H](COc1ccc(-n3ccnc3)cc1)C2,-2.3243441989390408,training
COc1ccc2c3c1O[C@@H]1[C@]34CCN(C)[C@H](C2)[C@]42CC[C@@]1(OC)[C@@H](CSc1nc3ccccc3s1)C2,-2.502263204344856,valid
COc1ccc2c3c1O[C@@H]1[C@]34CCN(CC3CC3)[C@H](C2)[C@]42CC[C@@]1(OC)[C@@H](CSc1nc3ccccc3s1)C2,-2.670329363214157,training
CO[C@]12CC[C@@]3(C[C@@H]1COc1ccc(-n4ccnc4)cc1)[C@H]1Cc4ccc(O)c5c4[C@@]3(CCN1C)[C@H]2O5,-1.6339731557896735,valid
COc1ccc2c3c1O[C@@H]1[C@]34CCN(CC3CC3)[C@H](C2)[C@]42CC[C@@]1(OC)[C@@H](CSc1nc(C)ns1)C2,-2.7908689925347603,training
COc1ccc2c3c1O[C@@H]1[C@]34CCN(CC3CC3)[C@H](C2)[C@]42CC[C@@]1(OC)[C@@H](COCc1ccccc1)C2,-1.1763806922432705,training
CO[C@]12CC[C@@]3(C[C@@H]1COc1ccc(-n4ccnc4)cc1)[C@H]1Cc4ccc(O)c5c4[C@@]3(CCN1CC1CC1)[C@H]2O5,-0.3765769570565119,valid
COc1ccc2c3c1O[C@@H]1[C@]34CCN(C)[C@H](C2)[C@]42CC[C@@]1(OC)[C@@H](CSc1nc(C)ns1)C2,-3.995552714682443,training
COc1ccc2c3c1O[C@@H]1[C@]34CCN(CC3CC3)[C@H](C2)[C@]42CC[C@@]1(OC)[C@@H](CSc1nncs1)C2,-3.238663216167065,valid
CO[C@]12CC[C@@]3(C[C@@H]1COCc1ccccc1)[C@H]1Cc4ccc(F)c5c4[C@@]3(CCN1CC1CC1)[C@H]2O5,-2.2897895556069106,valid
CO[C@]12CC[C@@]3(C[C@@H]1COCc1ccccc1)[C@H]1Cc4ccc(NS(C)(=O)=O)c5c4[C@@]3(CCN1C)[C@H]2O5,-2.871240082414232,training
CO[C@]12CC[C@@]3(C[C@@H]1COCc1ccccc1)[C@H]1Cc4ccc(NC(C)=O)c5c4[C@@]3(CCN1C)[C@H]2O5,-3.612447943061341,training
COc1ccc2c3c1O[C@@H]1[C@]34CCN[C@H](C2)[C@]42CC[C@@]1(OC)[C@@H](COCc1ccccc1)C2,-2.5334161417958905,training
CO[C@]12CC[C@@]3(C[C@@H]1COCc1ccccc1)[C@H]1Cc4ccc(C#N)c5c4[C@@]3(CCN1C)[C@H]2O5,-3.569393809445356,training
CO[C@]12CC[C@@]3(C[C@@H]1COCc1ccccc1)[C@H]1Cc4ccc(C(N)=O)c5c4[C@@]3(CCN1C)[C@H]2O5,-2.266772463513072,training
CO[C@]12CC[C@@]3(C[C@@H]1COCc1ccccc1)[C@H]1Cc4ccc(O)c5c4[C@@]3(CCN1)[C@H]2O5,-1.1401936785786313,training
CO[C@]12CC[C@@]3(C[C@@H]1COCc1ccccc1)[C@H]1Cc4ccc(C(=O)O)c5c4[C@@]3(CCN1C)[C@H]2O5,-4.127639234988208,training
COc1ccc2c3c1O[C@@H]1[C@]34CCN(C)[C@H](C2)[C@]42CC[C@@]1(OC)[C@@H](COCc1c(C)noc1C)C2,-2.824340649115113,training
CO[C@]12CC[C@@]3(C[C@@H]1COCc1cc4ccccc4s1)[C@H]1Cc4ccc(OCCO)c5c4[C@@]3(CCN1CC1CC1)[C@H]2O5,-2.4433881714278267,training
COc1ccc2c3c1O[C@@H]1[C@]34CCN(CC3CC3)[C@H](C2)[C@]42CC[C@@]1(OC)[C@@H](COCc1c(C)noc1C)C2,-2.256236533205923,training
CO[C@]12CC[C@@]3(C[C@@H]1CNCc1ccccc1)[C@H]1Cc4ccc(O)c5c4[C@@]3(CCN1CC1CC1)[C@H]2O5,-3.384831717005669,test
COc1ccc2c3c1O[C@@H]1[C@]34CCN(CC3CC3)[C@H](C2)[C@]42CC[C@@]1(OC)[C@@H](CNCc1ccccc1)C2,-2.69333115624402,valid
COc1ccc2c3c1O[C@@H]1[C@]34CCN(CC3CC3)[C@H](C2)[C@]42CC[C@@]1(OC)[C@@H](CN(Cc1ccccc1)S(C)(=O)=O)C2,-2.8627870982353443,training
COc1ccc2c3c1O[C@@H]1[C@]34CCN(CC3CC3)[C@H](C2)[C@]42CC[C@@]1(OC)[C@@H](CN(Cc1ccccc1)C(C)=O)C2,-2.587811951993417,training
COc1ccc2c3c1O[C@@H]1[C@]34CCN(CC3CC3)[C@H](C2)[C@]42CC[C@@]1(OC)[C@@H](CSCc1ccccc1)C2,-1.913442954859396,training
COc1ccc2c3c1O[C@@H]1[C@]34CCN(CC3CC3)[C@H](C2)[C@]42CC[C@@]1(OC)[C@@H](C[S+](O)Cc1ccccc1)C2,-2.580628505568549,training
COCCOCCOCCOc1ccc2c3c1O[C@@H]1[C@]34CCN(CC3CC3)[C@H](C2)[C@]42CC[C@@]1(OC)[C@@H](COCc1ccccc1)C2,-1.404491617758686,training
COCCOCCOCCOCCOCCOc1ccc2c3c1O[C@@H]1[C@]34CCN(CC3CC3)[C@H](C2)[C@]42CC[C@@]1(OC)[C@@H](COCc1ccccc1)C2,-2.430752104359859,training
COCCOCCOCCOc1ccc(COC[C@H]2C[C@@]34CC[C@]2(OC)[C@@H]2Oc5c(OC)ccc6c5[C@@]23CCN(CC2CC2)[C@@H]4C6)cc1,-3.2973796527647803,training
COCCOCCOCCOCCOCCOc1ccc(COC[C@H]2C[C@@]34CC[C@]2(OC)[C@@H]2Oc5c(OC)ccc6c5[C@@]23CCN(CC2CC2)[C@@H]4C6)cc1,-3.002131489675459,training
COC(=O)COc1ccc(COC[C@H]2C[C@@]34CC[C@]2(OC)[C@@H]2Oc5c(OC)ccc6c5[C@@]23CCN(CC2CC2)[C@@H]4C6)cc1,-2.8689088132778338,valid
COc1ccc2c3c1O[C@@H]1[C@]34CCN(CC3CC3)[C@H](C2)[C@]42CC[C@@]1(OC)[C@@H](COCc1ccc(OCC(=O)O)cc1)C2,-2.5503873613585823,training
COc1ccc2c3c1O[C@@H]1[C@]34CCN(CCC(N)=O)[C@H](C2)[C@]42CC[C@@]1(OC)[C@@H](COCc1ccccc1)C2,-3.1701237756489773,valid
COc1ccc2c3c1O[C@@H]1[C@]34CCN(CC3CC3)[C@H](C2)[C@]42CC[C@@]1(OC)[C@@H](COCc1cccc(NC(N)=O)c1)C2,-1.799478398837981,training
COc1ccc2c3c1O[C@@H]1[C@]34CCN(CC3CC3)[C@H](C2)[C@]42CC[C@@]1(OC)[C@@H](COC(=O)[C@@H](N)Cc1ccccc1)C2,-2.1400993248507945,training
COc1ccc2c3c1O[C@@H]1[C@]34CCN(CC3CC3)[C@H](C2)[C@]42CC[C@@]1(OC)[C@@H](COCc1cccc(NCC(=O)O)c1)C2,-2.0755104645244136,training
CCCc1cc(COC[C@H]2C[C@@]34CC[C@]2(OC)[C@@H]2Oc5c(OC)ccc6c5[C@@]23CCN(C)[C@@H]4C6)on1,-3.558198394874707,valid
COc1ccc2c3c1O[C@@H]1[C@]34CCN(CCC(=O)O)[C@H](C2)[C@]42CC[C@@]1(OC)[C@@H](COCc1ccccc1)C2,-4.229988325068262,valid
COc1ccc2c3c1O[C@@H]1[C@]34CCN(CC(N)=O)[C@H](C2)[C@]42CC[C@@]1(OC)[C@@H](COCc1ccccc1)C2,-4.025982182237673,training
CO[C@]12CC[C@@]3(C[C@@H]1COCc1ccccc1)[C@H]1Cc4ccc(OCC(=O)O)c5c4[C@@]3(CCN1CC1CC1)[C@H]2O5,-3.023178355675144,training
CO[C@]12CC[C@@]3(C[C@@H]1COCc1ccccc1)[C@H]1Cc4ccc(OCc5nn[nH]n5)c5c4[C@@]3(CCN1CC1CC1)[C@H]2O5,-2.672005445022952,training
CO[C@]12CC[C@@]3(C[C@@H]1COCc1ccccc1)[C@H]1Cc4ccc(OCC(N)=O)c5c4[C@@]3(CCN1CC1CC1)[C@H]2O5,-2.2197940266919804,training
COc1ccc2c3c1O[C@@H]1[C@]34CCN(CC3CC3)[C@H](C2)[C@]42CC[C@@]1(OC)[C@@H](COCC(O)CO)C2,-3.512480272530381,valid
CO[C@]12CC[C@@]3(C[C@@H]1COCc1ccccc1)[C@H]1Cc4ccc(C(=O)O)c5c4[C@@]3(CCN1CC1CC1)[C@H]2O5,-3.477297831907374,training
COc1ccc2c3c1O[C@@H]1[C@]34CCN(CC3CC3)[C@H](C2)[C@]42CC[C@@]1(OC)[C@@H](COC(=O)[C@H](C)N)C2,-3.2315103673408943,training
COc1ccc2c3c1O[C@@H]1[C@]34CCN(CC3CC3)[C@H](C2)[C@]42CC[C@@]1(OC)[C@@H](COC(=O)[C@@H](N)CC(C)C)C2,-2.1789769472931693,training
CO[C@]12CC[C@@]3(C[C@@H]1COC(=O)[C@@H](N)Cc1ccccc1)[C@H]1Cc4ccc(O)c5c4[C@@]3(CCN1CC1CC1)[C@H]2O5,-0.0899051114393979,training
COc1ccc2c3c1O[C@@H]1[C@]34CCN(CC3CC3)[C@H](C2)[C@]42CC[C@@]1(OC)[C@@H](COCc1ccc(C(O)CO)cc1)C2,-2.713725687267481,training
COCCO[C@H]1CC[C@@]2(O)C3Cc4ccc(O)c5c4[C@@]2(CCN3C)[C@H]1O5,-3.4350476413399647,training
COCCOCCO[C@H]1CC[C@@]2(O)C3Cc4ccc(O)c5c4[C@@]2(CCN3C)[C@H]1O5,-3.4151403521958725,valid
COCCOCCOCCO[C@H]1CC[C@@]2(O)C3Cc4ccc(O)c5c4[C@@]2(CCN3C)[C@H]1O5,-3.79070728732768,training
COCCOCCOCCO[C@H]1CC[C@@]2(O)[C@H]3Cc4ccc(O)c5c4[C@@]2(CCN3CC2CCC2)C1O5,-2.212986184736668,training
C[C@H]1C[C@H]2C[C@@H](C1)C[C@H](N1[C@H]3CCC[C@@H]1C[C@H](n1c(=O)c(N4CC[C@H]4C(=O)O)nc4ccccc41)C3)C2,-3.903089986991944,training
C[C@H]1C[C@H]2C[C@@H](C1)C[C@H](N1[C@H]3CCC[C@@H]1C[C@H](n1c(=O)c(N4CC(C(=O)O)C4)nc4ccccc41)C3)C2,-3.418301291319745,training
CC12C[C@@H]3C[C@H]1C[C@H]2C[C@H](N1[C@H]2CCC[C@@H]1C[C@H](n1c(=O)c(N4CC(C(=O)O)C4)nc4ccccc41)C2)C3,-3.1806992012960347,valid
C[C@H]1C[C@H]2C[C@@H](C1)C[C@H](N1[C@H]3CCC[C@@H]1C[C@H](n1c(=O)c(N4CC(CC(=O)O)C4)nc4ccccc41)C3)C2,-3.6009728956867484,training
CC12C[C@@H]3C[C@H]1C[C@H]2C[C@H](N1[C@@H]2COC[C@H]1C[C@@H](n1c(=O)c(N4CC[C@H]4C(=O)O)nc4ccccc41)C2)C3,-3.8847953639489807,training
CC1(C)[C@H]2CC[C@@H](CCN3[C@H]4CCC[C@@H]3C[C@H](n3c(=O)c(N5CC(C(=O)O)C5)nc5ccccc53)C4)[C@@H]1C2,-3.1789769472931693,test
O=C(O)[C@@H]1CCN1c1nc2ccccc2n([C@@H]2C[C@@H]3CC[C@H](C2)N3[C@H]2C[C@H]3CCCC[C@H](C3)C2)c1=O,-4.187520720836463,test
O=C(O)CC1CN(c2nc3ccccc3n([C@@H]3C[C@@H]4CC[C@H](C3)N4[C@H]3C[C@H]4CCCC[C@H](C4)C3)c2=O)C1,-3.6503075231319366,training
O=C1/C(=C/c2ccccc2)C[C@@]2(O)[C@H]3Cc4ccc(O)c5c4[C@@]2(CCN3CCCc2ccccc2)[C@H]1O5,-2.225309281725863,training
O=C1/C(=C/c2ccccc2)C[C@@]2(O)[C@H]3Cc4ccc(O)c5c4[C@@]2(CCN3CCc2ccccc2)[C@H]1O5,-1.9242792860618816,training
CN1CC[C@]23c4c5ccc(O)c4O[C@H]2C(=O)/C(=C/c2ccccc2)C[C@@]3(O)[C@H]1C5,-1.1583624920952498,training
c1ccc(CCN(CCc2ccccc2)CC2CCC2)cc1,-3.3380578754197563,training
C[N+]1(CC2CC2)CC[C@]23c4c5ccc(O)c4O[C@H]2C(=O)CC[C@@]3(O)[C@H]1C5,-2.7000023971422538,training
Oc1cccc(C2CC3CCC(C2)N3CCCc2ccccc2)c1,-0.1000257301078625,training
O=C(CN1[C@@H]2CC[C@@H]1CC(c1cccc(O)c1)C2)C1CCCCC1,-1.0096888002044806,training
CN1CC[C@]23c4c5ccc(O)c4O[C@H]2CCC[C@@]3(O)[C@H]1C5,-2.303196057420489,training
CO[C@@]12CCC(=O)[C@@H]3Oc4c(O)ccc5c4[C@@]31CCN(C)[C@@H]2C5,-0.9444826721501688,test
CO[C@@]12CCC[C@@H]3Oc4c(O)ccc5c4[C@@]31CCN(C)[C@@H]2C5,-0.9365137424788932,training
CN1CC[C@]23c4c5ccc(O)c4O[C@H]2C(=O)CC[C@@]3(OCc2ccccc2)[C@H]1C5,-0.021189299069938,training
CN1CC[C@]23c4c5ccc(O)c4O[C@H]2CCC[C@@]3(OCc2ccccc2)[C@H]1C5,0.0506099933550872,test
CO[C@@]12CCC[C@]3(C)Oc4c(O)ccc5c4[C@@]31CCN(C)[C@@H]2C5,-1.110589710299249,training
O=C(c1ccccc1)N1C[C@H]2OC34CCC1C2C31CCN(CC2CC2)C4Cc2ccc(O)cc21,0.8124792791635369,training
O=S(=O)(c1ccccc1)N1C[C@H]2OC34CCC1C2C31CCN(CC2CC2)C4Cc2ccc(O)cc21,0.6556077263148893,training
Oc1ccc2c(c1)C13CCN(CC4CC4)C(C2)C12CCC1C3[C@@H](CN1Cc1ccccc1)O2,0.3001622741327542,training
Oc1ccc2c(c1)C13CCN(CC4CC4)C(C2)C12CCC1C3[C@@H](CN1c1cnccn1)C2,0.4485500020271248,training
Oc1ccc2c(c1)C13CCN(CC4CC4)C(C2)C12CCC1C3[C@@H](CN1c1ccccc1)C2,-0.1003705451175629,test
O=C(Oc1ccccc1)N1C[C@H]2CC34CCC1C2C31CCN(CC2CC2)C4Cc2ccc(O)cc21,0.0793549985932124,training
O=C(Nc1ccccc1)N1C[C@H]2CC34CCC1C2C31CCN(CC2CC2)C4Cc2ccc(O)cc21,0.5767541260631921,training
Oc1ccc2c(c1)C13CCN(CC4CC4)C(C2)C12CCC1C3[C@@H](CN1CC1CCCCC1)C2,-0.1643528557844371,training
O=C(c1ccccn1)N1C[C@H]2CC34CCC1C2C31CCN(CC2CC2)C4Cc2ccc(O)cc21,0.3391345219961308,training
O=C(c1ccoc1)N1C[C@H]2CC34CCC1C2C31CCN(CC2CC2)C4Cc2ccc(O)cc21,0.5044556624535516,training
O=C(c1ccccc1)N1C[C@H]2CC34CCC1C2C31CCN(CC2CC2)C4Cc2ccc(O)cc21,0.6757175447023074,training
Oc1ccc2c(c1)C13CCN(CC4CC4)C(C2)C12CCC1C3[C@@H](CN1Cc1ccccc1)C2,0.2328441339178196,training
NC(=O)[C@@H]1CC(=O)NCCCC[C@@H](NC(=O)[C@@H](N)Cc2ccc(O)cc2)C(=O)N[C@@H](Cc2ccccc2)C(=O)N2CCC[C@H]2C(=O)N1,-1.9319661147281728,training
NC(=O)[C@@H]1CC(=O)NCCCC[C@@H](NC(=O)[C@@H](N)Cc2ccc(O)cc2)C(=O)N[C@@H](Cc2ccccc2)C(=O)N[C@@H](Cc2ccccc2)C(=O)N1,-2.4456042032735974,training
NC(=O)[C@@H]1CC(=O)NCCCC[C@@H](NC(=O)[C@@H](N)Cc2ccc(O)cc2)C(=O)N[C@@H](Cc2ccccc2)C(=O)N2CCCC[C@H]2C(=O)N1,-1.6954816764901974,training
NC(=O)[C@@H]1CC(=O)NCCCC[C@@H](NC(=O)[C@@H](N)Cc2ccc(O)cc2)C(=O)N[C@@H](Cc2ccccc2)C(=O)N2CCC[C@H](C2)C(=O)N1,-1.8260748027008264,training
NC(=O)[C@@H]1CC(=O)NCCCC[C@@H](NC(=O)[C@@H](N)Cc2ccc(O)cc2)C(=O)N[C@@H](Cc2ccccc2)C(=O)N2CCC(CC2)C(=O)N1,-1.884795363948981,valid
COc1ccc(/C=C2\C[C@@]3(O)[C@H]4Cc5ccc(O)c6c5[C@@]3(CCN4CC3CC3)[C@@H](O6)C2=O)cc1,-0.255272505103306,training
O=C1/C(=C/c2ccc(F)cc2)C[C@@]2(O)[C@H]3Cc4ccc(O)c5c4[C@@]2(CCN3CC2CC2)[C@H]1O5,-1.5378190950732742,training
CN(C)c1ccc(/C=C2\C[C@@]3(O)[C@H]4Cc5ccc(O)c6c5[C@@]3(CCN4CC3CC3)[C@@H](O6)C2=O)cc1,-0.5705429398818975,training
O=C1/C(=C/c2ccc(Cl)cc2)C[C@@]2(O)[C@H]3Cc4ccc(O)c5c4[C@@]2(CCN3CC2CC2)[C@H]1O5,-0.9148718175400504,training
O=C1/C(=C/c2ccc(Br)cc2)C[C@@]2(O)[C@H]3Cc4ccc(O)c5c4[C@@]2(CCN3CC2CC2)[C@H]1O5,-0.6222140229662954,training
O=C1/C(=C/c2ccc(I)cc2)C[C@@]2(O)[C@H]3Cc4ccc(O)c5c4[C@@]2(CCN3CC2CC2)[C@H]1O5,-0.3324384599156053,training
O=C1/C(=C/c2cccc(F)c2)C[C@@]2(O)[C@H]3Cc4ccc(O)c5c4[C@@]2(CCN3CC2CC2)[C@H]1O5,-0.92272545799326,training
O=C1/C(=C/c2ccccc2F)C[C@@]2(O)[C@H]3Cc4ccc(O)c5c4[C@@]2(CCN3CC2CC2)[C@H]1O5,-0.4683473304121572,training
N#Cc1ccc(/C=C2\C[C@@]3(O)[C@H]4Cc5ccc(O)c6c5[C@@]3(CCN4CC3CC3)[C@@H](O6)C2=O)cc1,-1.2576785748691846,valid
O=C1/C(=C/c2ccc(C(F)(F)F)cc2)C[C@@]2(O)[C@H]3Cc4ccc(O)c5c4[C@@]2(CCN3CC2CC2)[C@H]1O5,-1.9237619608287,training
COc1ccc2c3c1O[C@H]1C(=O)/C(=C/c4ccccc4)C[C@@]4(O)[C@@H](C2)N(CC2CC2)CC[C@]314,-2.0,training
Cc1cc(C)cc(C2CCCN2Cc2ccc(Oc3ccc(C(N)=O)cc3)c(Cl)c2)c1,-2.6896639650157703,training
Cc1cc(C)cc(C2CCCN2Cc2ccc(Oc3ccc(C(N)=O)cc3)c(F)c2)c1,-2.4258601450778405,training
Cc1cc(C)cc(C2CCCN2Cc2ccc(Oc3ccc(C(N)=O)cc3F)c(Cl)c2)c1,-2.281941933440825,training
Cc1cc(C)cc(C2CCCN2Cc2ccc(Oc3ccc(C(N)=O)cc3F)c(F)c2)c1,-2.6327608884794387,training
Cc1cc(O)cc(C)c1C[C@H](N)C(=O)N[C@@H]1CSSC[C@@H](NC(=O)[C@@H](N)Cc2c(C)cc(O)cc2C)C(=O)NCC(=O)N[C@@H](Cc2ccccc2)C(=O)NCCSSCCNC(=O)[C@H](Cc2ccccc2)NC(=O)CNC1=O,0.3182162335321187,valid
N[C@@H](Cc1ccc(O)cc1)C(=O)N[C@@H]1CSSC[C@@H](NC(=O)[C@@H](N)Cc2ccc(O)cc2)C(=O)NCC(=O)N[C@@H](Cc2ccccc2)C(=O)NCCSSCCNC(=O)[C@H](Cc2ccccc2)NC(=O)CNC1=O,-0.606435111101875,training
CC1(C)SSC(C)(C)[C@H](NC(=O)[C@@H](N)Cc2ccc(O)cc2)C(=O)NCC(=O)N[C@@H](Cc2ccccc2)C(=O)N2CCN(CC2)C(=O)[C@H](Cc2ccccc2)NC(=O)CNC(=O)[C@H]1NC(=O)[C@@H](N)Cc1ccc(O)cc1,-0.2894774663446021,training
N[C@@H](Cc1ccc(O)cc1)C(=O)N[C@@H]1CSSC[C@@H](NC(=O)[C@@H](N)Cc2ccc(O)cc2)C(=O)NCC(=O)N[C@@H](Cc2ccccc2)C(=O)N2CCN(CC2)C(=O)[C@H](Cc2ccccc2)NC(=O)CNC1=O,-1.415974411376566,valid
Cc1cc(O)cc(C)c1C[C@H](N)C(=O)N[C@@H]1CSSC[C@@H](NC(=O)[C@@H](N)Cc2c(C)cc(O)cc2C)C(=O)NCC(=O)N[C@@H](Cc2ccccc2)C(=O)N2CCN(CC2)C(=O)[C@H](Cc2ccccc2)NC(=O)CNC1=O,-0.300486787986029,training
Cc1cc(O)cc(C)c1C[C@H](N)C(=O)N[C@H](CCCNC(=N)N)C(=O)N[C@H]1Cc2ccccc2CN(CC(N)=O)C1=O,0.2218487496163563,training
N[C@@H](Cc1ccc(O)cc1)C(=O)N1CCC[C@H]1C(=O)N[C@@H](Cc1ccccc1)C(=O)N[C@H](Cc1cccc2ccccc12)C(=O)NCC(=O)NCCCC[C@@H](NC(=O)CNC(=O)CNC(=O)[C@H]1Cc2ccccc2CN1C(=O)[C@@H](N)Cc1ccc(O)cc1)C(=O)O,-2.431363764158988,valid
N[C@@H](Cc1ccc(O)cc1)C(=O)N1CCC[C@H]1C(=O)N[C@@H](Cc1ccccc1)C(=O)N[C@H](Cc1cccc2ccccc12)C(=O)NCC(=O)NCCCC[C@@H](NC(=O)CCCCNC(=O)CNC(=O)[C@H]1Cc2ccccc2CN1C(=O)[C@@H](N)Cc1ccc(O)cc1)C(=O)O,-2.0791812460476247,test
N[C@@H](Cc1ccc(O)cc1)C(=O)N1CCC[C@H]1C(=O)N[C@@H](Cc1ccccc1)C(=O)N[C@H](Cc1cccc2ccccc12)C(=O)NCC(=O)NCCC(=O)NCCCC[C@@H](NC(=O)CCCNC(=O)CNC(=O)[C@H]1Cc2ccccc2CN1C(=O)[C@@H](N)Cc1ccc(O)cc1)C(=O)O,-1.9912260756924949,training
N[C@@H](Cc1ccc(O)cc1)C(=O)N1CCC[C@H]1C(=O)N[C@@H](Cc1ccccc1)C(=O)N[C@H](Cc1cccc2ccccc12)C(=O)NCC(=O)NCCCCC(=O)NCCCC[C@@H](NC(=O)CCCCNC(=O)CNC(=O)[C@H]1Cc2ccccc2CN1C(=O)[C@@H](N)Cc1ccc(O)cc1)C(=O)O,-1.9242792860618816,training
N[C@@H](Cc1ccc(O)cc1)C(=O)N1CCC[C@H]1C(=O)N[C@@H](Cc1ccccc1)C(=O)N[C@H](Cc1cccc2ccccc12)C(=O)NCC(=O)NCCCCCC(=O)NCCCC[C@@H](NC(=O)CCCCCNC(=O)CCNC(=O)CNC(=O)[C@H]1Cc2ccccc2CN1C(=O)[C@@H](N)Cc1ccc(O)cc1)C(=O)O,-2.462397997898956,test
N[C@@H](Cc1ccc(O)cc1)C(=O)N1CCC[C@H]1C(=O)N[C@@H](Cc1ccccc1)C(=O)N[C@H](Cc1cccc2ccccc12)C(=O)NCC(=O)NCCC(=O)NCCCCCC(=O)NCCC(=O)NCCCC[C@@H](NC(=O)CCNC(=O)CCCCCNC(=O)CNC(=O)CNC(=O)[C@H]1Cc2ccccc2CN1C(=O)[C@@H](N)Cc1ccc(O)cc1)C(=O)O,-2.361727836017593,training
NCCCC[C@@H](NC(=O)CCCNC(=O)CNC(=O)[C@H]1Cc2ccccc2CN1C(=O)[C@@H](N)Cc1ccc(O)cc1)C(=O)O,-2.397940008672037,training
N[C@@H](Cc1ccc(O)cc1)C(=O)N1Cc2ccccc2CC1C(=O)O,-2.361727836017593,training
COC(=O)N1CC[C@]23c4c5ccc(O)c4O[C@H]2[C@@H](O)C=C[C@H]3[C@H]1C5,-3.227886704613673,training
COC(=O)N1CC[C@]23c4c5ccc(O)c4O[C@H]2[C@@H](O)[C@H](O)C(=O)[C@H]3[C@H]1C5,-3.05307844348342,training
COc1ccc2c3c1O[C@@H]1[C@]34CCN(CC3CC3)[C@H](C2)[C@]42C=C[C@@]1(OC)[C@@H](C(=O)c1ccccc1)C2,-2.8885725968576,test
COc1ccc2c3c1O[C@@H]1[C@]34CCN(CC3CC3)[C@H](C2)[C@]42CC[C@@]1(OC)[C@@](C)(C(=O)c1ccc(C(F)(F)F)cc1)C2,-2.104145550554008,training
COc1ccc2c3c1O[C@@H]1[C@]34CCN(CC3CC3)[C@H](C2)[C@]42CC[C@@]1(OC)[C@@](C)(C(=O)c1ccc(-c3ccccc3)cc1)C2,-2.543322900646912,training
COc1ccc(C(=O)[C@@]2(C)C[C@@]34CC[C@]2(OC)[C@@H]2Oc5c(OC)ccc6c5[C@@]23CCN(CC2CC2)[C@@H]4C6)cc1,-2.0906107078284064,training
COc1cccc(C(=O)[C@@]2(C)C[C@@]34CC[C@]2(OC)[C@@H]2Oc5c(OC)ccc6c5[C@@]23CCN(CC2CC2)[C@@H]4C6)c1,-3.173186268412274,training
COc1ccc2c3c1O[C@@H]1[C@]34CCN(CC3CC3)[C@H](C2)[C@]42CC[C@@]1(OC)[C@@](C)(C(=O)c1ccccc1)C2,-2.537819095073274,training
COc1ccc2c3c1O[C@@H]1[C@]34CCN(CC3CC3)[C@H](C2)[C@]42CC[C@@]1(OC)[C@@](C)(C(O)c1ccc(C(F)(F)F)cc1)C2,-1.7730546933642626,training
COc1ccc2c3c1O[C@@H]1[C@]34CCN(CC3CC3)[C@H](C2)[C@]42CC[C@@]1(OC)[C@@](C)(C(O)c1ccc(-c3ccccc3)cc1)C2,-1.6866362692622934,training
COc1ccc(C(O)[C@@]2(C)C[C@@]34CC[C@]2(OC)[C@@H]2Oc5c(OC)ccc6c5[C@@]23CCN(CC2CC2)[C@@H]4C6)cc1,-1.276461804173244,training
COc1cccc(C(O)[C@@]2(C)C[C@@]34CC[C@]2(OC)[C@@H]2Oc5c(OC)ccc6c5[C@@]23CCN(CC2CC2)[C@@H]4C6)c1,-1.4199557484897578,training
COc1ccc2c3c1O[C@@H]1[C@]34CCN(CC3CC3)[C@H](C2)[C@]42CC[C@@]1(OC)[C@@](C)(C(O)c1ccccc1)C2,-2.686099771995916,training
COc1ccc2c3c1O[C@@H]1[C@]34CCN(CC3CC3)[C@H](C2)[C@]42CC[C@@]1(OC)[C@@](C)(C=O)C2,-2.2533380053261065,training
COc1ccc2c3c1O[C@H]1[C@@]4(OC)CC[C@@]5(C[C@]4(C)OC(=O)c4ccc(C(F)(F)F)cc4)[C@@H](C2)N(CC2CC2)CC[C@]315,-2.204933522354145,training
COc1ccc2c3c1O[C@@H]1[C@]34CCN(CC3CC3)[C@H](C2)[C@]42CC[C@@]1(OC)[C@@](C)(CO)C2,-2.064083435963596,training
COc1ccc2c3c1O[C@H]1[C@@]4(OC)CC[C@@]5(C[C@]4(C)OC(C)=O)[C@@H](C2)N(CC2CC2)CC[C@]315,-2.015359755409214,training
COc1ccc2c3c1O[C@H]1[C@@]4(OC)CC[C@@]5(C[C@]4(C)OC(=O)C(C)C)[C@@H](C2)N(CC2CC2)CC[C@]315,-2.421439390220049,training
COc1ccc2c3c1O[C@H]1[C@@]4(OC)CC[C@@]5(C[C@]4(C)OC(=O)c4ccccc4)[C@@H](C2)N(CC2CC2)CC[C@]315,-1.7435097647284297,test
CCCCC(=N)NCCc1ccc2c(c1)C1C[C@@]3(O)[C@H]4Cc5ccc(O)c6c5[C@@]3(CCN4CC3CC3)[C@@H](O6)C1N2,-0.5198279937757188,training
OC1(c2ccc(Cl)c(C(F)(F)F)c2)CCN(CCCN(c2ccc(F)cc2)c2ccc(F)cc2)CC1,-3.1925674533365456,training
OC1(c2ccc(Cl)c(C(F)(F)F)c2)CCN(CCCCN(c2ccc(F)cc2)c2ccc(F)cc2)CC1,-4.0,test
OC1(c2ccc(Cl)c(C(F)(F)F)c2)CCN(CCCCC(c2ccc(F)cc2)c2ccc(F)cc2)CC1,-3.1501421618485588,training
OC1(c2ccc(Cl)c(C(F)(F)F)c2)CCN(CCCC(c2ccccc2)c2ccccc2)CC1,-3.183554533618861,training
COc1ccc(N(CCCCN2CCC(O)(c3ccc(Cl)c(C(F)(F)F)c3)CC2)c2ccc(OC)cc2)cc1,-4.0,valid
OC1(c2ccc(Cl)c(C(F)(F)F)c2)CCN(CCCC(c2ccc(F)cc2)c2ccc(F)cc2)CC1,-3.23401081758718,training
O=C(O)c1ccc2c3c([nH]c2c1)[C@@H]1Oc2c(O)ccc4c2[C@@]12CCN(CC1CC1)[C@H](C4)[C@]2(O)C3,0.2076083105017461,training
O=C(O)c1ccc2c3c([nH]c2c1Cl)[C@@H]1Oc2c(O)ccc4c2[C@@]12CCN(CC1CC1)[C@H](C4)[C@]2(O)C3,-0.0,training
CC(=O)C1=C(O)[C@@H]2Oc3c(O)ccc4c3[C@@]23CCN(CC2CC2)[C@H](C4)[C@]3(O)C1,-1.4913616938342726,training
CCC(=O)C1=C(O)[C@@H]2Oc3c(O)ccc4c3[C@@]23CCN(CC2CC2)[C@H](C4)[C@]3(O)C1,-0.99563519459755,training
Cc1n[nH]c2c1C[C@@]1(O)[C@H]3Cc4ccc(O)c5c4[C@@]1(CCN3CC1CC1)[C@H]2O5,-0.0791812460476248,training
Cc1nc(N)nc2c1C[C@@]1(O)[C@H]3Cc4ccc(O)c5c4[C@@]1(CCN3CC1CC1)[C@H]2O5,-0.3222192947339193,training
CC(C)NC(=O)C1=C(O)[C@@H]2Oc3c(O)ccc4c3[C@@]23CCN(CC2CC2)[C@H](C4)[C@]3(O)C1,-0.3010299956639812,training
O=C(Nc1ccccc1)C1=C(O)[C@@H]2Oc3c(O)ccc4c3[C@@]23CCN(CC2CC2)[C@H](C4)[C@]3(O)C1,-0.8325089127062363,test
O=C(NCc1ccccc1)C1=C(O)[C@@H]2Oc3c(O)ccc4c3[C@@]23CCN(CC2CC2)[C@H](C4)[C@]3(O)C1,-1.2041199826559248,training
O=C(C1=C(O)[C@@H]2Oc3c(O)ccc4c3[C@@]23CCN(CC2CC2)[C@H](C4)[C@]3(O)C1)N1CCCC1,-0.8692317197309762,training
COC(=O)C(C)(C)NC(=O)C1=C(O)[C@@H]2Oc3c(O)ccc4c3[C@@]23CCN(CC2CC2)[C@H](C4)[C@]3(O)C1,-0.6009728956867483,training
CC(C)(NC(=O)C1=C(O)[C@@H]2Oc3c(O)ccc4c3[C@@]23CCN(CC2CC2)[C@H](C4)[C@]3(O)C1)C(=O)O,-1.0718820073061257,training
COC(=O)C1(NC(=O)C2=C(O)[C@@H]3Oc4c(O)ccc5c4[C@@]34CCN(CC3CC3)[C@H](C5)[C@]4(O)C2)CC1,-0.9912260756924948,test
CC(C)(NC(=O)C1=C(O)[C@@H]2Oc3c(O)ccc4c3[C@@]23CCN(CC2CC2)[C@H](C4)[C@]3(O)C1)C(=O)NS(C)(=O)=O,-0.7403626894942439,training
C[C@H](CO)NC(=O)C1=C(O)[C@@H]2Oc3c(O)ccc4c3[C@@]23CCN(CC2CC2)[C@H](C4)[C@]3(O)C1,-1.255272505103306,training
Cc1noc(C(C)(C)NC(=O)C2=C(O)[C@@H]3Oc4c(O)ccc5c4[C@@]34CCN(CC3CC3)[C@H](C5)[C@]4(O)C2)n1,-0.7634279935629373,training
CC(C)(NC(=O)C1=C(O)[C@@H]2Oc3c(O)ccc4c3[C@@]23CCN(CC2CC2)[C@H](C4)[C@]3(O)C1)c1nc(-c2ccccc2)no1,0.0409586076789063,test
N#Cc1ccc(NC(=O)C2=C(O)[C@@H]3Oc4c(O)ccc5c4[C@@]34CCN(CC3CC3)[C@H](C5)[C@]4(O)C2)cc1,-1.0453229787866574,training
O=C(Nc1ccccn1)C1=C(O)[C@@H]2Oc3c(O)ccc4c3[C@@]23CCN(CC2CC2)[C@H](C4)[C@]3(O)C1,-0.8325089127062363,training
O=C(Nc1ccc2cc[nH]c2c1)C1=C(O)[C@@H]2Oc3c(O)ccc4c3[C@@]23CCN(CC2CC2)[C@H](C4)[C@]3(O)C1,-1.276461804173244,training
COc1ccccc1N1CCN(CCCNC(=O)NN(Cc2ccccc2)c2ccccc2)CC1,-4.0,test
COc1ccccc1N1CCN(CCCNC(=O)NN(Cc2ccc(F)cc2)c2ccccc2)CC1,-4.278753600952829,training
CN1/C(=C/C=C/C2=[N+](CCCCCC(=O)NCCCNC(=N)Nc3ccc4[nH]c5c(c4c3)C[C@@]3(O)[C@H]4Cc6ccc(O)c7c6[C@@]3(CCN4CC3CC3)[C@H]5O7)c3ccc(S(=O)(=O)O)cc3C2(C)C)C(C)(C)c2cc(S(=O)(=O)O)ccc21,-1.4913616938342726,test
CN1/C(=C/C=C/C=C/C2=[N+](CCCCCC(=O)NCCCNC(=N)Nc3ccc4[nH]c5c(c4c3)C[C@@]3(O)[C@H]4Cc6ccc(O)c7c6[C@@]3(CCN4CC3CC3)[C@H]5O7)c3ccc(S(=O)(=O)O)cc3C2(C)C)C(C)(C)c2cc(S(=O)(=O)O)ccc21,-1.591064607026499,training
CN1/C(=C/C=C/C=C/C2=[N+](CCCCCC(=O)NCC(=O)NCC(=O)NCCCNC(=N)Nc3ccc4[nH]c5c(c4c3)C[C@@]3(O)[C@H]4Cc6ccc(O)c7c6[C@@]3(CCN4CC3CC3)[C@H]5O7)c3ccc(S(=O)(=O)O)cc3C2(C)C)C(C)(C)c2cc(S(=O)(=O)O)ccc21,-2.0253058652647704,test
CN1/C(=C/C=C/C=C/C2=[N+](CCCCCC(=O)NCC(=O)NCC(=O)NCC(=O)NCC(=O)NCCCNC(=N)Nc3ccc4[nH]c5c(c4c3)C[C@@]3(O)[C@H]4Cc6ccc(O)c7c6[C@@]3(CCN4CC3CC3)[C@H]5O7)c3ccc(S(=O)(=O)O)cc3C2(C)C)C(C)(C)c2cc(S(=O)(=O)O)ccc21,-2.285557309007774,training
CN1/C(=C/C=C/C2=[N+](CCCCCC(=O)NCC(=O)NCC(=O)NCC(=O)NCC(=O)NCCCNC(=N)Nc3ccc4[nH]c5c(c4c3)C[C@@]3(O)[C@H]4Cc6ccc(O)c7c6[C@@]3(CCN4CC3CC3)[C@H]5O7)c3ccc(S(=O)(=O)O)cc3C2(C)C)C(C)(C)c2cc(S(=O)(=O)O)ccc21,-2.4471580313422194,training
CC(C)[C@H]1CC[C@@H](N2CCC(N3CCc4ccccc43)CC2)CC1,-3.4871383754771865,test
CC(C)[C@H]1CC[C@@H](N2CCC(n3ccc4ccccc43)CC2)CC1,-2.965201701025912,test
CC(C)[C@H]1CC[C@@H](N2CCC(n3cc(CN4CCC(O)CC4)c4ccccc43)CC2)CC1,-3.780173243642594,training
CC(C)[C@H]1CC[C@@H](N2CCC(n3cc(CNC(N)=S)c4ccccc43)CC2)CC1,-3.609274172404588,training
CC(C)[C@H]1CC[C@@H](N2CCC(n3cc(C(N)=O)c4ccccc43)CC2)CC1,-3.433289685195026,training
CC(C)[C@H]1CC[C@@H](N2CCC(n3cc(/C=N/O)c4ccccc43)CC2)CC1,-3.227886704613673,training
CC(C)C[C@H](NC(=O)[C@@H](/C=C/CNC(=O)CNC(=O)[C@@H](N)Cc1ccc(O)cc1)Cc1ccccc1)C(=O)O,-2.7686381012476144,training
CC(C)C[C@H](NC(=O)[C@@H](/C=C(\F)CNC(=O)CNC(=O)[C@@H](N)Cc1ccc(O)cc1)Cc1ccccc1)C(=O)O,-1.6334684555795866,training
CC(C)C[C@H](NC(=O)[C@H](Cc1ccccc1)NC(=S)CNC(=O)CNC(=O)[C@@H](N)Cc1ccc(O)cc1)C(=O)O,-1.6720978579357175,training
CC(C)C[C@H](NC(=O)[C@H](Cc1ccccc1)OC(=O)CNC(=O)CNC(=O)[C@@H](N)Cc1ccc(O)cc1)C(=O)O,-1.5314789170422551,training
CCOc1ccc(Cc2ccccc2)cc1CNC(=O)[C@@H](N)Cc1c(C)cc(O)cc1C,-0.6812412373755872,training
NC(=O)[C@H](Cc1ccccc1)NC(=O)[C@H](Cc1ccccc1)NC(=O)[C@@H]1CCCN1C(=O)[C@@H](N)Cc1cccc(O)c1,-4.1026394836913,training
Cc1cc(O)cc(C)c1C[C@H](N)C(=O)N1CCC[C@H]1C(=O)N[C@@H](Cc1ccccc1)C(=O)N[C@@H](Cc1ccccc1)C(N)=O,-2.45178643552429,training
Cc1cc(O)c(Cl)c(C)c1C[C@H](N)C(=O)N1CCC[C@H]1C(=O)N[C@@H](Cc1ccccc1)C(=O)N[C@@H](Cc1ccccc1)C(N)=O,-2.9542425094393248,valid
Cc1cc(C[C@H](N)C(=O)N2CCC[C@H]2C(=O)N[C@@H](Cc2ccccc2)C(=O)N[C@@H](Cc2ccccc2)C(N)=O)cc(C)c1O,-3.720737977018425,training
COc1cc(C[C@H](N)C(=O)N2CCC[C@H]2C(=O)N[C@@H](Cc2ccccc2)C(=O)N[C@@H](Cc2ccccc2)C(N)=O)cc(OC)c1O,-4.02612451674545,training
CCC(CC)CN(CCCCCCN1[C@H]2CC[C@@H]1C[C@H](c1cccc(C(N)=O)c1)C2)C(=O)CO,-1.4000196350651586,training
CCC(CC)CN(CCCCCN1[C@H]2CC[C@@H]1C[C@H](c1cccc(C(N)=O)c1)C2)C(=O)CO,-1.299942900022767,training
CCC(CC)CN(CCCCN1[C@H]2CC[C@@H]1C[C@H](c1cccc(C(N)=O)c1)C2)C(=O)CO,-1.299942900022767,training
CCC(CC)CN(CCCN1[C@H]2CC[C@@H]1C[C@H](c1cccc(C(N)=O)c1)C2)C(=O)CO,-0.4999618655961902,valid
CCC(CC)CN(CCN1[C@H]2CC[C@@H]1C[C@H](c1cccc(C(N)=O)c1)C2)C(=O)CO,-1.1000257301078626,valid
NC(=O)c1cccc([C@@H]2C[C@@H]3CC[C@H](C2)N3CCN(CC2CCOCC2)C(=O)CO)c1,-2.300008202553813,test
CCCCCCN(CCN1[C@H]2CC[C@@H]1C[C@H](c1cccc(C(N)=O)c1)C2)C(=O)CO,-1.8000293592441343,training
NC(=O)c1cccc([C@@H]2C[C@@H]3CC[C@H](C2)N3CCN(CC2CCC2)C(=O)CO)c1,-1.4999618655961902,training
NC(=O)c1cccc([C@@H]2C[C@@H]3CC[C@H](C2)N3CCN(CC2CCCC2)C(=O)CO)c1,-1.2000292665537704,training
NC(=O)c1cccc([C@@H]2C[C@@H]3CC[C@H](C2)N3CCN(CC2CCCCC2)C(=O)c2ccco2)c1,-0.1000257301078625,training
NC(=O)c1cccc([C@@H]2C[C@@H]3CC[C@H](C2)N3CCN(CC2CCCCC2)C(=O)Cc2nnn[nH]2)c1,-0.4999618655961902,training
CN(C)S(=O)(=O)N(CCN1[C@H]2CC[C@@H]1C[C@H](c1cccc(C(N)=O)c1)C2)CC1CCCCC1,-0.2999429000227671,valid
CS(=O)(=O)N(CCN1[C@H]2CC[C@@H]1C[C@H](c1cccc(C(N)=O)c1)C2)CC1CCCCC1,-0.899984562549391,training
COC(=O)N(CCN1[C@H]2CC[C@@H]1C[C@H](c1cccc(C(N)=O)c1)C2)CC1CCCCC1,-0.4000196350651585,training
NC(=O)c1cccc([C@@H]2C[C@@H]3CC[C@H](C2)N3CCN(CC2CCCCC2)C(=O)C(F)(F)F)c1,-1.0,training
CC(C)(C)C(=O)N(CCN1[C@H]2CC[C@@H]1C[C@H](c1cccc(C(N)=O)c1)C2)CC1CCCCC1,-0.2999429000227671,training
CC(=O)N(CCN1[C@H]2CC[C@@H]1C[C@H](c1cccc(C(N)=O)c1)C2)CC1CCCCC1,-0.2000292665537703,training
NC(=O)c1cccc([C@@H]2C[C@@H]3CC[C@H](C2)N3CCNCC2CCCCC2)c1,-0.8000293592441343,training
C[C@H]1CN(CCC(=O)O)CC[C@@]1(C)c1cccc(O)c1,-3.500000321342936,training
C[C@H]1CN(CCCc2ccccc2)CC[C@@]1(C)c1cccc(O)c1,-0.1000257301078625,training
C[C@H]1CN(C[C@H](Cc2ccccc2)C(=O)O)CC[C@@]1(C)c1cccc(O)c1,-1.2000292665537704,training
C[C@H]1CN(C[C@H](Cc2ccccc2)C(=O)NCC(=O)O)CC[C@H]1c1cccc(O)c1,-0.7000110623221123,training
O=C(O)c1cc(-c2ccc(C3CCNCC3)cc2)c2ccc(-c3ccc(C(F)(F)F)cc3)cc2c1,-3.439332693830263,training
O=C1NCCCC(=O)N2CCC[C@@H]2C(=O)N[C@@H](Cc2ccccc2)C(=O)N[C@H]1Cc1c[nH]c2ccccc12,-0.4885507165004442,test
C[C@H]1[C@H]2Cc3ccc(O)cc3[C@]1(C)CCN2CCC(=O)NCC(c1ccccc1)c1ccccc1,-2.6434526764861874,test
C[C@H]1[C@H]2Cc3ccc(O)cc3[C@]1(C)CCN2CCC(=O)N(C)C(c1ccccc1)c1ccccc1,-3.146128035678238,training
C[C@H]1[C@H]2Cc3ccc(O)cc3[C@]1(C)CCN2CCC(=O)NC(c1ccccc1)c1ccccc1,-3.462397997898956,training
Cc1cc(C)cc(C2CCCN2Cc2ccc(Oc3ccc4c(=O)[nH]oc4c3)cc2)c1,-3.699664320202373,training
O=C(O)c1cc(-c2ccc(C3CCNCC3)cc2)cc(-c2cn(-c3ccc(C(F)(F)F)cc3)nn2)c1,-3.578639209968072,test
NC(=O)c1ccc(-c2cc(C(=O)O)cc(-c3cn(-c4ccc(C(F)(F)F)cc4)nn3)c2)cc1,-3.3944516808262164,training
O=C(O)c1cc(-c2ccc(C34CCNCC3C4)cc2)cc(-n2cc(-c3ccc(C(F)(F)F)cc3)nn2)c1,-3.419955748489758,training
NCCCNC(=O)c1ccc(-c2cc(C(=O)O)cc(-c3cn(-c4ccc(C(F)(F)F)cc4)nn3)c2)cc1,-3.4712917110589387,training
O=C(Cc1ccccc1)N1CC[C@]23c4c5ccc(O)c4O[C@H]2c2[nH]c4ccccc4c2C[C@@]3(O)[C@H]1C5,-1.6183619311098782,training
O=C(CCc1ccccc1)N1CC[C@]23c4c5ccc(O)c4O[C@H]2c2[nH]c4ccccc4c2C[C@@]3(O)[C@H]1C5,-1.9491947742379825,training
O=C(Cc1ccccc1)N1CC[C@]23Cc4nc5ccccc5cc4C[C@@]2(O)[C@H]1Cc1ccc(O)cc13,-1.4154741681092358,training
O=C(CCc1ccccc1)N1CC[C@]23Cc4nc5ccccc5cc4C[C@@]2(O)[C@H]1Cc1ccc(O)cc13,-0.6197192656117271,training
Oc1ccc2c3c1O[C@H]1c4ncc(-c5ccccc5)cc4C[C@@]4(OCCCc5ccccc5)[C@@H](C2)N(CC2CC2)CC[C@]314,-1.285557309007774,training
Oc1ccc2c3c1O[C@H]1c4ncc(-c5ccc(Br)cc5)cc4C[C@@]4(OCCCc5ccccc5)[C@@H](C2)N(CC2CC2)CC[C@]314,-1.320146286111054,training
Oc1ccc2c3c1O[C@H]1c4ncc(-c5ccc(F)cc5)cc4C[C@@]4(OCCCc5ccccc5)[C@@H](C2)N(CC2CC2)CC[C@]314,-0.534026106056135,training
Oc1ccc2c3c1O[C@H]1c4ncc(-c5ccc(F)cc5F)cc4C[C@@]4(OCCCc5ccccc5)[C@@H](C2)N(CC2CC2)CC[C@]314,-1.7299742856995557,valid
Oc1ccc2c3c1O[C@H]1c4ncc(-c5ccc(F)c(F)c5)cc4C[C@@]4(OCCCc5ccccc5)[C@@H](C2)N(CC2CC2)CC[C@]314,-0.8762178405916422,training
Cc1ccccc1-c1cnc2c(c1)C[C@@]1(OCCCc3ccccc3)[C@H]3Cc4ccc(O)c5c4[C@@]1(CCN3CC1CC1)[C@H]2O5,-1.9876662649262744,training
Cc1cccc(-c2cnc3c(c2)C[C@@]2(OCCCc4ccccc4)[C@H]4Cc5ccc(O)c6c5[C@@]2(CCN4CC2CC2)[C@H]3O6)c1,-1.428134794028789,training
Cc1ccc(-c2cnc3c(c2)C[C@@]2(OCCCc4ccccc4)[C@H]4Cc5ccc(O)c6c5[C@@]2(CCN4CC2CC2)[C@H]3O6)cc1,-1.5365584425715302,training
Cc1cc(F)ccc1-c1cnc2c(c1)C[C@@]1(OCCCc3ccccc3)[C@H]3Cc4ccc(O)c5c4[C@@]1(CCN3CC1CC1)[C@H]2O5,-0.5774917998372253,test
Oc1ccc2c3c1O[C@H]1c4ncc(-c5ccccc5C5CC5)cc4C[C@@]4(OCCCc5ccccc5)[C@@H](C2)N(CC2CC2)CC[C@]314,-1.8068580295188172,valid
Cc1cccc(C)c1-c1cnc2c(c1)C[C@@]1(OCCCc3ccccc3)[C@H]3Cc4ccc(O)c5c4[C@@]1(CCN3CC1CC1)[C@H]2O5,-1.9703468762300933,training
COc1ccccc1-c1cnc2c(c1)C[C@@]1(OCCCc3ccccc3)[C@H]3Cc4ccc(O)c5c4[C@@]1(CCN3CC1CC1)[C@H]2O5,-1.4727564493172125,training
COc1cccc(-c2cnc3c(c2)C[C@@]2(OCCCc4ccccc4)[C@H]4Cc5ccc(O)c6c5[C@@]2(CCN4CC2CC2)[C@H]3O6)c1,-1.6812412373755872,test
COc1ccc(-c2cnc3c(c2)C[C@@]2(OCCCc4ccccc4)[C@H]4Cc5ccc(O)c6c5[C@@]2(CCN4CC2CC2)[C@H]3O6)cc1,-1.48572142648158,test
Oc1cccc(-c2cnc3c(c2)C[C@@]2(OCCCc4ccccc4)[C@H]4Cc5ccc(O)c6c5[C@@]2(CCN4CC2CC2)[C@H]3O6)c1,-0.92272545799326,training
CN(C)c1ccccc1-c1cnc2c(c1)C[C@@]1(OCCCc3ccccc3)[C@H]3Cc4ccc(O)c5c4[C@@]1(CCN3CC1CC1)[C@H]2O5,-1.842609239610562,training
CN(C)c1cccc(-c2cnc3c(c2)C[C@@]2(OCCCc4ccccc4)[C@H]4Cc5ccc(O)c6c5[C@@]2(CCN4CC2CC2)[C@H]3O6)c1,-1.8382192219076257,training
CN(C)c1ccc(-c2cnc3c(c2)C[C@@]2(OCCCc4ccccc4)[C@H]4Cc5ccc(O)c6c5[C@@]2(CCN4CC2CC2)[C@H]3O6)cc1,-1.725094521081469,training
CN(C)Cc1ccccc1-c1cnc2c(c1)C[C@@]1(OCCCc3ccccc3)[C@H]3Cc4ccc(O)c5c4[C@@]1(CCN3CC1CC1)[C@H]2O5,-1.146128035678238,training
CC(=O)Nc1ccc(-c2cnc3c(c2)C[C@@]2(OCCCc4ccccc4)[C@H]4Cc5ccc(O)c6c5[C@@]2(CCN4CC2CC2)[C@H]3O6)cc1,-2.595496221825574,training
Oc1ccc2c3c1O[C@H]1c4ncc(-c5ccccn5)cc4C[C@@]4(OCCCc5ccccc5)[C@@H](C2)N(CC2CC2)CC[C@]314,-0.8142475957319202,training
Oc1ccc2c3c1O[C@H]1c4ncc(-c5cccnc5)cc4C[C@@]4(OCCCc5ccccc5)[C@@H](C2)N(CC2CC2)CC[C@]314,-1.48572142648158,test
Oc1ccc2c3c1O[C@H]1c4ncc(-c5ccncc5)cc4C[C@@]4(OCCCc5ccccc5)[C@@H](C2)N(CC2CC2)CC[C@]314,-0.8082109729242221,training
Cc1cc(-c2cnc3c(c2)C[C@@]2(OCCCc4ccccc4)[C@H]4Cc5ccc(O)c6c5[C@@]2(CCN4CC2CC2)[C@H]3O6)ccn1,-1.8027737252919755,training
COc1cc(-c2cnc3c(c2)C[C@@]2(OCCCc4ccccc4)[C@H]4Cc5ccc(O)c6c5[C@@]2(CCN4CC2CC2)[C@H]3O6)ccn1,-0.5440680443502757,training
Oc1ccc2c3c1O[C@H]1c4ncc(-c5ccncn5)cc4C[C@@]4(OCCCc5ccccc5)[C@@H](C2)N(CC2CC2)CC[C@]314,-1.3443922736851108,valid
Oc1ccc2c3c1O[C@H]1c4ncc(-c5cncnc5)cc4C[C@@]4(OCCCc5ccccc5)[C@@H](C2)N(CC2CC2)CC[C@]314,-0.7143297597452329,training
Oc1ccc2c3c1O[C@H]1c4ncc(-c5cnccn5)cc4C[C@@]4(OCCCc5ccccc5)[C@@H](C2)N(CC2CC2)CC[C@]314,-1.6031443726201824,training
Oc1ccc2c3c1O[C@H]1c4ncc(-c5cn[nH]c5)cc4C[C@@]4(OCCCc5ccccc5)[C@@H](C2)N(CC2CC2)CC[C@]314,-2.4099331233312946,valid
Cn1cc(-c2cnc3c(c2)C[C@@]2(OCCCc4ccccc4)[C@H]4Cc5ccc(O)c6c5[C@@]2(CCN4CC2CC2)[C@H]3O6)cn1,-0.9009130677376692,training
Cc1nocc1-c1cnc2c(c1)C[C@@]1(OCCCc3ccccc3)[C@H]3Cc4ccc(O)c5c4[C@@]1(CCN3CC1CC1)[C@H]2O5,-1.809559714635268,training
Cc1nnc(-c2cnc3c(c2)C[C@@]2(OCCCc4ccccc4)[C@H]4Cc5ccc(O)c6c5[C@@]2(CCN4CC2CC2)[C@H]3O6)o1,-0.9095560292411752,training
Oc1ccc2c3c1O[C@H]1c4ncc(-c5ccc(Cl)cc5)cc4C[C@@]4(OCCCc5ccncc5)[C@@H](C2)N(CC2CC2)CC[C@]314,-0.7193312869837267,training
Oc1ccc2c3c1O[C@H]1c4ncc(-c5ccc(Cl)cc5)cc4C[C@@]4(OCCOc5ccccc5)[C@@H](C2)N(CC2CC2)CC[C@]314,-2.2355284469075487,training
Oc1ccc2c3c1O[C@H]1c4ncc(-c5ccc(Cl)cc5)cc4C[C@@]4(OCc5ccc6ccccc6n5)[C@@H](C2)N(CC2CC2)CC[C@]314,-1.5118833609788744,training
Oc1ccc2c3c1O[C@H]1c4ncc(-c5ccccc5)cc4C[C@@]4(OCCCc5ccccn5)[C@@H](C2)N(CC2CC2)CC[C@]314,-0.7701152947871016,training
Oc1ccc2c3c1O[C@H]1c4ncc(-c5ccccc5)cc4C[C@@]4(OCCCc5ccncc5)[C@@H](C2)N(CC2CC2)CC[C@]314,-1.4653828514484184,training
Oc1ccc2c3c1O[C@H]1c4ncc(-c5ccccc5)cc4C[C@@]4(OCCCc5ccc(F)cc5)[C@@H](C2)N(CC2CC2)CC[C@]314,-1.041392685158225,training
Oc1ccc2c3c1O[C@H]1c4ncc(-c5ccccc5)cc4C[C@@]4(OCCCC5CCCCC5)[C@@H](C2)N(CC2CC2)CC[C@]314,-1.110589710299249,training
Oc1ccc2c3c1O[C@H]1c4ncc(-c5ccccc5)cc4C[C@@]4(OCCCC5CCOCC5)[C@@H](C2)N(CC2CC2)CC[C@]314,-1.809559714635268,test
Oc1ccc2c3c1O[C@H]1c4ncc(-c5ccccc5)cc4C[C@@]4(OCCCCc5ccccc5)[C@@H](C2)N(CC2CC2)CC[C@]314,-1.1643528557844371,training
CCO[C@@]12Cc3cc(-c4ccccc4)cnc3[C@@H]3Oc4c(O)ccc5c4[C@@]31CCN(CC1CC1)[C@@H]2C5,-0.8739015978644614,test
