smiles,CHEMBL2147_Ki,group
FC(F)(F)c1cccc(-c2nnc3ccc(NC4CCCCC4)cn23)c1,-1.041392685158225,training
Cc1ccc2[nH]c(=O)c(CC(=O)O)c(-c3ccccc3)c2c1,-3.653212513775344,training
O=C(O)c1cccc(Nc2nc(-c3ccc(O)cc3O)cs2)c1,-3.531478917042255,training
O=C(O)c1cccc2c(-c3ccccc3)c(-c3ccccc3)[nH]c12,-2.740362689494244,test
CCc1ccc(C2C(C(C)=O)=C(O)C(=O)N2CCc2c[nH]c3ccccc23)cc1,-3.322219294733919,training
CC(=O)C1=C(O)C(=O)N(CCc2c[nH]c3ccccc23)C1c1ccc(O)cc1,-3.342422680822206,training
CCOc1ccc(C2C(C(C)=O)=C(O)C(=O)N2CCc2c[nH]c3ccccc23)cc1,-3.6232492903979,test
COc1cc(C2C(C(C)=O)=C(O)C(=O)N2CCc2c[nH]c3ccccc23)ccc1O,-3.653212513775344,valid
CCn1c2cc(Cl)c(F)cc2c(=O)c2c(=O)o[nH]c21,-1.3404441148401185,training
CC(C)n1c2cc(Cl)c(F)cc2c(=O)c2c(=O)o[nH]c21,-1.089905111439398,test
CCCCn1c2cc(Cl)c(F)cc2c(=O)c2c(=O)o[nH]c21,-1.1760912590556811,training
O=c1o[nH]c2c1c(=O)c1cc(F)c(Cl)cc1n2Cc1ccccc1,-1.5622928644564746,training
CCn1c2cc(Cl)c(F)cc2c(=O)c2c(=O)on(Cc3ccccc3)c21,-3.104145550554008,training
CCn1c2cc(Cl)c(F)cc2c(=O)c2c(=O)on(Cc3cccc(O)c3)c21,-2.432969290874406,valid
CCn1c2cc(Cl)c(F)cc2c(=O)c2c(=O)on(CCOCc3ccccc3)c21,-3.6896639650157694,test
CCn1c2cc(Cl)c(F)cc2c(=O)c2c(=O)on(CCO)c21,-3.065206128054312,training
CCn1c2cc(Cl)c(OC)cc2c(=O)c2c(=O)o[nH]c21,-3.4310419453358856,training
CCn1c2cc(Cl)c(O)cc2c(=O)c2c(=O)o[nH]c21,-0.6439459127480667,training
CN1CCC(N(C)c2ccc3nnc(-c4cccc(C(F)(F)F)c4)n3n2)CC1,-2.0,test
CN(c1ccc2nnc(-c3cccc(C(F)(F)F)c3)n2n1)C1CCCCC1,-1.6901960800285136,training
CN1CCC(Nc2ccc3nnc(-c4cccc(C(F)(F)F)c4)n3n2)CC1,-2.204119982655925,training
FC(F)(F)c1cccc(-c2nnc3ccc(NC4CCNCC4)nn23)c1,-1.3222192947339193,training
FC(F)(F)c1cccc(-c2nnc3ccc(NC4CCCNC4)nn23)c1,-1.9731278535996983,valid
FC(F)(F)c1cccc(-c2nnc3ccc(NC4CCOCC4)nn23)c1,-1.6434526764861874,training
FC(F)(F)c1cccc(-c2nnc3ccc(NC4CCCCC4)nn23)c1,-1.041392685158225,training
FC(F)(F)c1cccc(-c2nnc3ccc(NC4CCC4)nn23)c1,-1.7323937598229686,training
FC(F)(F)c1cccc(-c2nnc3ccc(NCC4CC4)nn23)c1,-1.6989700043360187,training
COc1ccc(-c2nnc3ccc(NC4CC4)nn23)cc1,-2.991226075692495,test
COc1cccc(-c2nnc3ccc(NC4CC4)nn23)c1,-2.6127838567197355,training
Fc1ccc(-c2nnc3ccc(NC4CC4)nn23)cc1,-2.322219294733919,valid
Fc1cccc(-c2nnc3ccc(NC4CC4)nn23)c1,-2.633468455579586,training
FC(F)(F)c1cccc(-c2nnc3ccc(NC4CC4)nn23)c1,-1.255272505103306,training
c1ccc(-c2nnc3ccc(NC4CC4)nn23)cc1,-3.255272505103306,training
Cc1nc2c(sc3ccc(Cl)cc32)c(=O)[nH]1,-2.5538830266438746,training
CN(C)Cc1nc2c(sc3ccc(Cl)cc32)c(=O)[nH]1,-1.146128035678238,training
O=c1[nH]c(CN2CCCCC2)nc2c1sc1ccc(Cl)cc12,-1.0791812460476249,valid
O=c1[nH]c(CN2CCCNC2)nc2c1sc1ccc(Cl)cc12,-1.041392685158225,valid
O=c1[nH]c(CN2CCOCC2)nc2c1sc1ccc(Cl)cc12,-2.521138083704036,training
O=c1[nH]c(CN2CCCC(O)C2)nc2c1sc1ccc(Cl)cc12,-1.5185139398778875,training
O=c1[nH]c(CN2CCC(O)CC2)nc2c1sc1ccc(Cl)cc12,-1.6232492903979006,training
CNCc1nc2c(sc3ccc(Cl)cc32)c(=O)[nH]1,-1.8512583487190752,valid
CN(C)CCc1nc2c(sc3ccc(Cl)cc32)c(=O)[nH]1,-1.230448921378274,training
CN(C)CCCc1nc2c(sc3ccc(Cl)cc32)c(=O)[nH]1,-1.041392685158225,test
O=c1[nH]c(CNc2ccccc2)nc2c1sc1ccc(Cl)cc12,-1.6434526764861874,valid
O=c1[nH]c(CNc2ccccc2O)nc2c1sc1ccc(Cl)cc12,-1.9637878273455556,training
O=c1[nH]c(CNc2cccc(O)c2)nc2c1sc1ccc(Cl)cc12,0.0457574905606751,training
O=c1[nH]c(CNc2ccc(O)cc2)nc2c1sc1ccc(Cl)cc12,-2.0293837776852097,training
COc1cccc(NCc2nc3c(sc4ccc(Cl)cc43)c(=O)[nH]2)c1,-1.9637878273455556,training
O=c1[nH]c(CNc2cc(O)cc(O)c2)nc2c1sc1ccc(Cl)cc12,-1.8195439355418688,training
Cc1c(O)cccc1NCc1nc2c(sc3ccc(Cl)cc32)c(=O)[nH]1,-1.57978359661681,training
Cc1ccc(NCc2nc3c(sc4ccc(Cl)cc43)c(=O)[nH]2)cc1O,-1.255272505103306,training
O=c1[nH]c(CNCCc2cccc(O)c2)nc2c1sc1ccc(Cl)cc12,-1.6901960800285136,training
O=c1[nH]c(COc2cccc(O)c2)nc2c1sc1ccc(Cl)cc12,-1.2041199826559248,test
CN(C)Cc1nc2c(sc3ccc(Br)cc32)c(=O)[nH]1,-0.6989700043360189,training
CN(C)Cc1nc2c(sc3ccccc32)c(=O)[nH]1,-2.4712917110589387,training
Cc1ccc2sc3c(=O)[nH]c(CN(C)C)nc3c2c1,-1.505149978319906,training
CN(C)Cc1nc2c(sc3ccc(C(F)(F)F)cc32)c(=O)[nH]1,-1.041392685158225,training
CCc1ccc2sc3c(=O)[nH]c(CN(C)C)nc3c2c1,-1.5563025007672873,valid
CC(C)c1ccc2sc3c(=O)[nH]c(CN(C)C)nc3c2c1,-1.3010299956639813,training
C=Cc1ccc2sc3c(=O)[nH]c(CN(C)C)nc3c2c1,-0.9542425094393248,training
CN(C)Cc1nc2c(sc3ccc(/C=C/C4CC4)cc32)c(=O)[nH]1,-0.0,training
C#Cc1ccc2sc3c(=O)[nH]c(CN(C)C)nc3c2c1,-0.6989700043360189,test
CN(C)CC#Cc1ccc2sc3c(=O)[nH]c(CN(C)C)nc3c2c1,-1.6020599913279625,training
CN(C)Cc1nc2c(sc3ccc(C#CCCCCN4CCCCC4)cc32)c(=O)[nH]1,-0.4771212547196624,valid
CN(C)Cc1nc2c(sc3ccc(-c4ccccc4)cc32)c(=O)[nH]1,-0.6020599913279624,training
CC(c1ccccc1)c1ccc2sc3c(=O)[nH]c(CN(C)C)nc3c2c1,-1.8129133566428557,training
CN(C)Cc1nc2c(sc3ccc(-c4cccc(F)c4)cc32)c(=O)[nH]1,-0.7781512503836436,training
CN(C)Cc1nc2c(sc3ccc(-c4cccc(Cl)c4)cc32)c(=O)[nH]1,-0.4771212547196624,training
CN(C)Cc1nc2c(sc3ccc(-c4cccc(OC(F)(F)F)c4)cc32)c(=O)[nH]1,-0.6989700043360189,training
CN(C)Cc1nc2c(sc3ccc(-c4cccc(O)c4)cc32)c(=O)[nH]1,-0.0,training
Cc1ccccc1-c1ccc2sc3c(=O)[nH]c(CN(C)C)nc3c2c1,-1.146128035678238,valid
CCc1ccc(-c2ccc3sc4c(=O)[nH]c(CN(C)C)nc4c3c2)cc1,-0.6989700043360189,training
CN(C)Cc1nc2c(sc3ccc(-c4ccc(C#N)cc4)cc32)c(=O)[nH]1,-0.6989700043360189,training
CN(C)Cc1nc2c(sc3ccc(-c4ccc(O)cc4)cc32)c(=O)[nH]1,-0.3010299956639812,valid
CN(C)Cc1nc2c(sc3ccc(-c4ccc(N)cc4)cc32)c(=O)[nH]1,-0.3010299956639812,training
CN(C)Cc1nc2c(sc3ccc(-c4ccc(OC(F)(F)F)cc4)cc32)c(=O)[nH]1,-1.0791812460476249,training
CN(C)Cc1nc2c(sc3ccc(-c4ccc(O)c(F)c4)cc32)c(=O)[nH]1,-0.0,training
CN(C)Cc1nc2c(sc3ccc(-c4ccc(N(C)C)cc4)cc32)c(=O)[nH]1,-0.6020599913279624,training
CN(C)Cc1nc2c(sc3ccc(-c4ccc(Cl)c(F)c4)cc32)c(=O)[nH]1,-0.9030899869919436,training
CN(C)Cc1nc2c(sc3ccc(-c4cc(F)cc(Cl)c4)cc32)c(=O)[nH]1,-0.4771212547196624,training
CN(C)Cc1nc2c(sc3ccc(-c4cc(Cl)cc(Cl)c4)cc32)c(=O)[nH]1,-0.6020599913279624,training
CN(C)Cc1nc2c(sc3ccc(-c4ccsc4)cc32)c(=O)[nH]1,-0.6020599913279624,training
CN(C)Cc1nc2c(sc3ccc(-c4ccc[nH]4)cc32)c(=O)[nH]1,-0.9030899869919436,valid
CN(C)Cc1nc2c(sc3ccc(-c4ccoc4)cc32)c(=O)[nH]1,-0.9030899869919436,training
Cc1cscc1-c1ccc2sc3c(=O)[nH]c(CN(C)C)nc3c2c1,-1.041392685158225,training
CN(C)Cc1nc2c(sc3ccc(-c4cccnc4)cc32)c(=O)[nH]1,-0.3010299956639812,training
CN(C)Cc1nc2c(sc3ccc(-c4cncnc4)cc32)c(=O)[nH]1,-1.462397997898956,training
CN(C)Cc1nc2c(sc3ccc(N4CCCC4)cc32)c(=O)[nH]1,-0.6020599913279624,training
CN(C)Cc1nc2c(sc3ccc(N4CCCCC4)cc32)c(=O)[nH]1,-2.432969290874406,training
CN(C)Cc1nc2c(sc3ccc(-c4ccc(OCC(O)CO)cc4)cc32)c(=O)[nH]1,-0.0,training
CN(C)Cc1nc2c(sc3ccc(-c4ccc(OCCCN)cc4)cc32)c(=O)[nH]1,0.2218487496163563,test
O=c1[nH]c(CNc2cccc(O)c2)nc2c1sc1ccc(Br)cc12,0.0969100130080563,training
O=c1[nH]c(CNc2cccc(O)c2)nc2c1sc1ccc(-c3ccsc3)cc12,-0.3010299956639812,valid
O=c1[nH]c(CNc2cccc(O)c2)nc2c1sc1ccc(-c3ccccc3)cc12,-0.3010299956639812,training
O=c1[nH]c(CN2CC[C@H](O)C2)nc2c1sc1ccc(-c3ccsc3)cc12,-0.6989700043360189,training
O=c1[nH]c(CN2CC[C@H](O)C2)nc2c1sc1ccc(-c3ccccc3)cc12,-0.4771212547196624,training
O=c1[nH]c(CN2CC[C@H](O)C2)nc2c1sc1ccc(-c3ccc(O)cc3)cc12,0.1549019599857432,training
N#Cc1ccc(-c2ccc3sc4c(=O)[nH]c(CN5CC[C@H](O)C5)nc4c3c2)cc1,-0.6020599913279624,training
O=c1[nH]c(CN2CC[C@H](O)C2)nc2c1sc1ccc(/C=C/C3CC3)cc12,0.0969100130080563,training
O=c1[nH]cnc2c1sc1c(Cl)ccc(Cl)c12,-2.10719300468832,training
O=c1[nH]c(CNCCc2ccccc2)nc2c1sc1ccc(Br)cc12,-1.6334684555795866,training
CCCc1cn(-c2ccc3[nH]ncc3c2)nn1,-3.922154325231059,valid
c1cc2[nH]ncc2cc1-c1c[nH]nn1,-3.346157302232008,training
Clc1ccccc1Cn1cc(-c2ccc3[nH]ncc3c2)nn1,-3.6183619311098782,training
Clc1ccc(Cn2cc(-c3ccc4[nH]ncc4c3)nn2)cc1,-4.5780199850322125,training
Fc1ccccc1Cn1cc(-c2ccc3[nH]ncc3c2)nn1,-4.006594386184137,training
Fc1cccc(Cn2cc(-c3ccc4[nH]ncc4c3)nn2)c1,-4.079181246047625,training
Clc1cccc(Cn2cc(-c3ccc4[nH]ncc4c3)nn2)c1Cl,-4.307645768816921,training
Clc1ccc(Cl)c(Cn2cc(-c3ccc4[nH]ncc4c3)nn2)c1,-4.556302500767287,training
Clc1cc(Cl)cc(Cn2cc(-c3ccc4[nH]ncc4c3)nn2)c1,-4.61844558199508,training
Nc1n[nH]c2ccc(-c3cc(Cc4ccccc4)no3)cc12,-3.712228669619536,training
CNC(=O)c1cc(-c2ccc3[nH]ncc3c2)on1,-3.56643749219507,training
c1ccc(-c2c(-c3ccc4[nH]ncc4c3)nc3ncccn23)cc1,-2.530199698203082,training
Cc1nc(-c2ccc3[nH]ncc3c2)cs1,-3.61867553888514,training
Nc1nc(-c2ccc3[nH]ncc3c2)cs1,-3.4622482153549976,training
CCNc1nc(-c2ccc3[nH]ncc3c2)cs1,-3.290479813330673,training
c1ccn2c(NC3CCCCC3)c(-c3ccc4[nH]ncc4c3)nc2c1,-3.3630475945210936,training
c1cn2c(NC3CCCCC3)c(-c3ccc4[nH]ncc4c3)nc2cn1,-3.266231696689893,training
c1cn2c(NC3CCCCC3)c(-c3ccc4[nH]ncc4c3)nc2s1,-3.111262513659065,training
CSc1nc(Nc2cccc(Cl)c2)c2cnn(CCc3ccccc3)c2n1,-3.812913356642856,valid
CSc1nc(Nc2ccccc2)c2cnn(CC(C)c3ccccc3)c2n1,-4.060697840353612,training
CSc1nc(Nc2cccc(Cl)c2)c2cnn(CC(C)c3ccccc3)c2n1,-3.8195439355418688,training
NC(COc1cc(C=Cc2ccncc2)cnc1Cl)Cc1c[nH]c2ccccc12,-3.40000061697638,training
Cc1cccc(NC(=O)Nc2ccc(-c3csc4c(C#CC(C)(C)N)cnc(N)c34)cc2)c1,-3.500000321342936,training
OCCNc1cc(-c2c[nH]c3ncccc23)cc(Cl)n1,-3.1999991251967965,valid
Cn1cc(C(CN)c2cncc(C=Cc3ccncc3)c2)c2ccccc21,-3.899999871665804,test
CCCCOc1ncnc2[nH]cc(-c3ccccc3)c12,-3.40000061697638,training
C=CCNc1cc(-c2c[nH]c3ncccc23)cc(Cl)n1,-2.900000965153469,training
COc1ccc(-c2ccc(NC(=O)Nc3cccc(Br)c3)cc2)c2c(N)noc12,-3.799999762890647,training
N#Cc1ccc(C(=O)Nc2n[nH]c3ccc(-c4cn(Cc5ccccc5)nn4)cc23)cc1,-3.59999981394342,training
O=C(O)c1cc2c(-c3ccccc3)cncc2s1,-2.900000965153469,training
CCNC(=O)NC1CCC(Nc2nc(Cl)cc(-c3c[nH]c4ncccc34)n2)CC1,-3.0,training
O=C(Nc1n[nH]c2ccc(-c3cn(Cc4ccccc4)nn3)cc12)c1ccccc1,-2.60000308662774,training
O=c1[nH]sc2c1c(=O)c1cc(F)c(NCc3ccccc3)c(F)c1n2C1CC1,-2.099991233544684,training
O=c1[nH]c2sccc2c2nc(-c3ccncc3)nn12,-2.900000965153469,training
Clc1ccc(CNc2ccc3nnc(-c4ccccc4)n3n2)cc1,-2.200001865406602,training
COc1cccc(CNC(=O)c2cc3c(-c4ccccc4)n[nH]c3s2)c1,-3.299999496116984,training
Cc1n[nH]c2ccc(-c3cncc(OCC(N)Cc4ccccc4)c3)cc12,-2.0,training
Nc1nnc(-c2cc3c(Oc4ccc(Cl)cc4)cncc3s2)o1,-2.900000965153469,training
COCCOC1CCC(n2nc(-c3ccc(Nc4nc5cc(C)cc(Cl)c5o4)cc3)c3c(N)ncnc32)CC1,-2.900000965153469,training
O=C1NCCc2[nH]c(-c3ccnc(-c4cnc5ccccc5c4)c3)cc21,-1.899984562549391,training
Nc1cc(=O)[nH]n1-c1ccccn1,-4.699999970860912,training
NCCCNS(=O)(=O)c1cccc(C(=O)Nc2ccc(-c3n[nH]c(=O)c4ccccc34)cc2)c1,-3.799999762890647,training
CC(=NNC(=N)N)c1cc(NC(=O)NCCCCCCNC(=O)Nc2cc(C(C)=NNC(=N)N)cc(C(C)=NNC(=N)N)c2)cc(C(C)=NNC(=N)N)c1,-2.200001865406602,training
CN(C)CC1CCn2cc(c3ccccc32)C2=C(C(=O)NC2=O)c2cn(c3ccccc23)CCO1,-1.299942900022767,training
O=C(Nc1n[nH]c2ccc(-c3cn(Cc4ccccc4)nn3)cc12)c1cc(F)ccc1F,-3.59999981394342,test
NC(=O)c1cc2c(-c3ccc(F)cc3F)cncc2s1,-2.900000965153469,training
COc1cc(C=C(C#N)c2n[nH]c(N)c2C#N)ccc1O,-2.400002345927956,training
CNC(=O)c1cc(-c2ccccc2)[nH]n1,-4.899999981014695,training
CC(C)(CN)CNc1nc(Cl)cc(-c2c[nH]c3ncccc23)n1,-2.400002345927956,training
CN(C)C(=O)Nc1ccc2nc(-c3ccco3)c(-c3ccco3)nc2c1,-3.899999871665804,training
COc1ccc(-c2ccc(N)cc2)c2cnoc12,-4.099999857942367,training
O=C(O)c1ccccc1Nc1ccnc(NCc2cccc(O)c2)n1,-3.299999496116984,test
COc1cc2ncnc(Nc3ccc(F)c(Cl)c3)c2cc1OCCCN1CCOCC1,-3.299999496116984,training
OCCC(Nc1nc2ccc(-c3ccncc3)cc2s1)c1ccccc1,-3.6999997975545824,training
CCCCCCCCCCCCOc1ccc(NC(=N)N)cc1NC(=N)N,-3.100001582801352,valid
O=C1Cc2c([nH]c3ccc(Br)cc23)-c2ccccc2N1,-3.40000061697638,training
COc1ccccc1NC(=O)c1cnn2c(-c3ccccc3)ccnc12,-3.6999997975545824,training
N#Cc1c(O)[nH]c(=O)c2c(=N)oc3ccc(Cl)cc3c12,-2.900000965153469,training
O=C(C=Cc1ccc(Br)cc1)Nc1cccc2cnccc12,-3.40000061697638,valid
CCOC(=O)c1c(C)n(-c2ccc(I)cc2)c2c1cc(O)c1ccccc12,-3.6999997975545824,training
CN(C)CC(=O)Nc1n[nH]c2ccc(-c3cn(Cc4ccccc4)nn3)cc12,-3.100001582801352,training
Cc1ccccc1NC(=O)Nc1ccc(NC(=O)c2csc3ncnc(N)c23)cc1,-3.899999871665804,test
N=C(N)Cc1cccc(-c2nc3ccccc3[nH]2)c1,-3.6999997975545824,training
Nc1nccc2scc(-c3ccc(NC(=O)Nc4cccc(F)c4)cc3)c12,-3.799999762890647,training
CSc1nn(-c2ccccn2)c(N)c1C(N)=O,-3.59999981394342,training
Cc1cccc(-c2[nH]c(-c3ccnc(N)n3)cc2C(N)=O)c1C,-3.59999981394342,training
COc1ccc(OC)c(Nc2ccc3nnc(-c4ccccc4)n3n2)c1,-2.7000023971422538,training
O=c1[nH]cnc2c(-c3ccccc3)c(C(F)(F)F)sc12,-3.100001582801352,test
c1ccc(Nc2ccnc(Nc3ccccc3)n2)cc1,-4.199999947261554,training
CC(=O)Nc1c(C(N)=O)sc2ccc(Cl)c(Cl)c12,-3.1999991251967965,training
NC1CCCCC1Nc1nccc(-c2c[nH]c3ncccc23)n1,-2.7000023971422538,test
NC(COCc1ccccc1)COc1cncc(C=Cc2ccncc2)c1,-3.299999496116984,training
c1ccc(Cn2cc(-c3ccc4[nH]nc(-c5cn(Cc6ccccc6)nn5)c4c3)nn2)cc1,-2.60000308662774,training
O=C(O)c1ccccc1Nc1ccnc(Nc2ccc3cn[nH]c3c2)n1,-2.60000308662774,training
Nc1ncnn2ccc(C(=O)Nc3ccc(NC(=O)Nc4cccc(F)c4)cc3)c12,-1.8000293592441343,training
OC1CCC(Nc2nc(Cl)cc(-c3c[nH]c4ncccc34)n2)CC1,-3.0,training
c1ccc(Nc2ncnc3ccccc23)cc1,-4.399999925393822,training
Cc1nc2ccc(NS(=O)(=O)c3ccc(N)cc3)cc2nc1C,-3.899999871665804,training
OC(COc1cncc(C=Cc2ccncc2)c1)Cc1c[nH]c2ccccc12,-3.899999871665804,training
CC(C)(CNc1cc(-c2c[nH]c3ncccc23)cc(Cl)n1)CNS(C)(=O)=O,-3.6999997975545824,training
COc1ccccc1C(=O)Nc1n[nH]c2ccc(-c3cn(Cc4ccccc4)nn3)cc12,-2.7000023971422538,training
CN1c2ccc(N)cc2C(c2ccccc2)c2cc(N)ccc21,-3.0,valid
OCCNc1cc2cc(-c3cccnc3)ccc2cn1,-3.899999871665804,training
NS(=O)(=O)c1cccc(Nc2ncc3ccn(-c4ccccc4)c3n2)c1,-3.500000321342936,training
CCOC(=O)Cc1nc2c3cc(Br)ccc3[nH]c(=O)n2n1,-3.100001582801352,training
Nc1ncnc2c1C(=O)Nc1ccccc1N2,-4.799999969383821,test
O=C1CCCc2oc3cc(C(F)(F)F)ccc3c(=O)c21,-2.099991233544684,training
Clc1cc2nn[nH]c2cc1Cl,-3.799999762890647,training
CCc1nc2c(c3cc(OC)c(OC)cc13)C(=O)NC2=O,-3.0,training
COc1ccc2c(c1)C(=Cc1c[nH]cn1)C(=O)N2,-3.59999981394342,training
c1ccc2c(c1)Cc1c[nH]nc1-2,-4.899999981014695,training
O=CN(O)C(CS(=O)(=O)c1ccc(-c2ccc(C(F)(F)F)cc2)cc1)c1ccc(O)cc1,-3.40000061697638,training
Cn1cc(-c2cc3nc(Br)cnc3[nH]2)c2cc(C#N)ccc21,-3.100001582801352,training
CCCCNc1n[s+](O)nc1Nc1ccc(F)cc1,-2.60000308662774,training
NC(=O)c1cc2c(-c3ccc(Br)cc3)cncc2s1,-3.500000321342936,valid
Nc1ccc(-c2cncc(OCC(N)Cc3c[nH]c4ccccc34)c2)cc1C(=O)c1ccccc1F,-1.0,training
O=c1cc(-c2ccc(F)cc2)[nH]c2c(-c3ccc(F)cc3)cnn12,-1.7000110623221123,valid
COc1cc(C=C2SC(=O)NC2=O)ccc1O,-2.200001865406602,training
NCCOc1cncc(C=Cc2ccncc2)c1,-3.59999981394342,training
CC(C)Oc1ccc(-c2noc(-c3ccc(NC4CCC(C(=O)O)C4)cc3)n2)cc1C(F)(F)F,-3.899999871665804,test
CCCCNc1cc(-c2c[nH]c3ncccc23)ncn1,-2.200001865406602,training
O=C(O)c1cc(-c2cccs2)n2nccc2n1,-3.799999762890647,training
Nc1n[nH]c2ccc(-c3nnn(Cc4ccccc4)c3I)cc12,-3.6999997975545824,training
Cc1cc(C)c2c(n1)sc1c(N)ncnc12,-3.6999997975545824,training
CN(C)CCCOc1cc2c(c(-c3ccc(Nc4nc5ccccc5o4)cc3)c1)CNC2=O,-3.40000061697638,training
CC(=O)Nc1cccc(CNc2c(Nc3ccc4[nH]ncc4c3)c(=O)c2=O)c1,-2.7000023971422538,training
Cc1ccc(NC(=O)Nc2ccc(-c3cccc4c3CNC4=O)cc2)cc1C,-4.0,training
O=C1NC(=O)C(c2cnc3ccccn23)=C1c1cn2c3c(cccc13)CN(C(=O)N1CCOCC1)CC2,-2.900000965153469,training
NC(COc1cncc(-c2ccc3[nH]c(=O)oc3c2)c1)Cc1c[nH]c2ccccc12,-1.599992177584098,training
Cc1cccc(CNC(=O)c2cnn3c(-c4ccccc4)ccnc23)c1C,-3.6999997975545824,training
CN(C)C1CCCC(Nc2nc(Cl)cc(-c3c[nH]c4ncccc34)n2)C1,-2.7000023971422538,training
COCCN(C)C(=O)c1c(-c2ccc3[nH]ncc3c2)nnn1Cc1ccccc1,-3.500000321342936,training
CC(C)(C)Oc1cc(-c2ccncc2)cc2[nH]nc(N)c12,-3.1999991251967965,training
O=c1cc(-c2ccncc2)nc(NC2CCCCC2)[nH]1,-3.6999997975545824,training
CCN(CC)CCOc1ccc(-c2nc3c(C(N)=O)cccc3[nH]2)cc1,-3.59999981394342,training
O=C1CC(c2ccc(Cl)cc2Cl)Cc2nc3cc(Cl)ccc3c(O)c21,-1.4000196350651586,test
COc1ccc(C(=O)Nc2ccccc2C(=O)O)cc1OC,-3.6999997975545824,training
CCOc1ccccc1C=NNC(=O)c1nnn(-c2nonc2N)c1N1CCCC1,-2.200001865406602,training
CC(C)CNC1CCC(Nc2nc(Cl)cc(-c3c[nH]c4ncccc34)n2)CC1,-2.300008202553813,valid
Cc1cccc(NC(=O)Nc2ccc(-c3csc4c(C#CCN5CCCC5)cnc(N)c34)cc2)c1,-3.6999997975545824,training
COCCNc1cc(-c2c[nH]c3ncccc23)cc(Cl)n1,-2.900000965153469,test
c1cc2cc(-c3ccc4cn[nH]c4c3)cnc2[nH]1,-3.299999496116984,training
Cc1ccc(C(=O)Nc2c(C(N)=O)sc3ccc(Cl)c(Cl)c23)cc1,-3.0,training
O=C(O)c1cc2c(-c3cccc(F)c3)cncc2s1,-2.900000965153469,training
CC(C)(CO)CCCNc1cc(-c2c[nH]c3ncccc23)cc(Cl)n1,-2.60000308662774,test
Oc1ccc(Nc2ncnc3scc(Cl)c23)cc1,-3.6999997975545824,training
Nc1noc2cccc(-c3cccc(O)c3)c12,-4.099999857942367,training
Cc1ccc(Nc2nccc(Nc3ccccc3C(=O)O)n2)cc1F,-2.200001865406602,training
NC(=O)c1ccccc1Nc1nc(Nc2ccccc2)ncc1C(F)(F)F,-3.40000061697638,valid
CN(C)c1cc2sncc2cc1NC(=O)C(=O)O,-2.7000023971422538,valid
NC(=O)c1sc2c(Br)ccc(Cl)c2c1N,-3.100001582801352,training
O=c1c(NCc2ccc(Cl)c(Cl)c2)c(Nc2ccncc2)c1=O,-3.899999871665804,training
COc1cc(C=C2SC(=S)NC2=O)ccc1O,-1.599992177584098,training
CNC(=O)C=Cc1cnc(N)c2c(-c3cc(F)c4[nH]c(C)cc4c3)csc12,-3.6999997975545824,training
O=C(Nc1cnc2[nH]cc(-c3ccccc3)c2c1)c1c(F)cccc1F,-3.6999997975545824,training
NC(=O)c1cccc2[nH]c(-c3ccc(C4CCCNC4)cc3F)nc12,-3.100001582801352,training
O=c1[nH]c2cc(Br)cnc2[nH]1,-4.399999925393822,test
CC(CCC(=O)O)(c1ccc(O)c(N)c1)c1ccc(O)c(N)c1,-3.299999496116984,training
COCC(C)Nc1cc(-c2c[nH]c3ncccc23)cc(Cl)n1,-2.900000965153469,training
CC(C)c1ccc2c(c1)c(SC(C)(C)C)c(CC(C)(C)CNCCCO)n2Cc1ccc(Cl)cc1,-3.6999997975545824,valid
CC(=NNC(=N)N)c1cc(NC(=O)NCCCN(C)CCCNC(=O)Nc2cc(C(C)=NNC(=N)N)cc(C(C)=NNC(=N)N)c2)cc(C(C)=NNC(=N)N)c1,-2.400002345927956,training
c1ccc(-c2n[nH]cc2-c2ccncc2)cc1,-4.29999993144297,training
Cc1cccc(NC(=O)Nc2ccc(-c3csc4c(C#CCCCCCCCCN)cnc(N)c34)cc2)c1,-3.100001582801352,training
COc1cc(-c2ccc3c(c2)Nc2ccc(C(=O)NCc4cccc(F)c4)cc2NC3=O)ccc1O,-3.0,training
Cc1cccc(NC(=O)Nc2ccc(-c3csc4c(-c5cnn(C)c5)cnc(N)c34)cc2)c1,-3.500000321342936,training
Cc1nn(C)c2c1c(=O)c1cc(Cl)ccc1n2OCC(C)C,-3.500000321342936,training
Cc1nc2ccccn2c1-c1csc(Nc2ccc(O)cc2)n1,-2.900000965153469,training
OCc1cc(-c2ccc3[nH]ncc3c2)on1,-4.199999947261554,training
NC(=O)c1cc(-c2ccnc(N)n2)[nH]c1-c1ccc(Cl)cc1Cl,-3.1999991251967965,valid
O=C1NS(=O)(=O)c2ccc(Cl)cc21,-4.899999981014695,valid
CNC1CC2OC(C)(C1OC)n1c3ccccc3c3c4c(c5c6ccccc6n2c5c31)C(=O)NC4,-3.500000321342936,training
CCN(CC)CCNC(=O)C=Cc1cnc(N)c2c(-c3ccc(NC(=O)Nc4cccc(C)c4)cc3)csc12,-3.500000321342936,training
O=C(Cc1cccs1)Nc1nc2ccccc2s1,-2.900000965153469,valid
Nc1ncnc2c1sc1ncnc(N)c12,-3.1999991251967965,training
O=C1NCc2c1cccc2-c1ccc(Nc2nc3ccccc3o2)cc1,-3.299999496116984,training
CCN(CC)CCNc1ccc(O)c2ccccc12,-3.40000061697638,training
NC(COc1cncc(-c2ccc(F)cc2)c1)Cc1c[nH]c2ccccc12,-2.7000023971422538,training
O=c1[nH]cnc2c(Cl)cccc12,-4.500000046671104,training
CC1=NN(c2ccccc2)C(=O)C1=Cc1c(C)c(C#N)c2nc3ccccc3n2c1O,-3.0,training
NC(=O)c1cc2c(Oc3ccc(Br)cc3)cncc2s1,-3.59999981394342,training
Cc1cccc(CNc2cc(-c3c[nH]c4ncccc34)ncn2)c1,-2.099991233544684,training
CC(C)(c1cc(Br)c(O)c(I)c1)c1cc(Br)c(O)c(I)c1,-3.59999981394342,valid
O=C(Nc1cnccn1)Nc1ccnc2ccccc12,-3.799999762890647,training
Cc1n[nH]c2ccc(-c3cncc(OCCNS(C)(=O)=O)c3)cc12,-3.6999997975545824,training
CC(N)COc1cnc(Cl)c(C=Cc2ccncc2)c1,-3.1999991251967965,test
COc1ccc(Nc2nccc(Nc3c(NC(C)C(C)(C)C)c(=O)c3=O)n2)cc1OC,-3.299999496116984,training
Clc1cc(-c2c[nH]c3ncccc23)nc(NC2CCOCC2)n1,-2.800001827817969,test
Oc1ccc(Cl)cc1C1=NNC(c2ccc3c(c2)OCCO3)C1,-3.299999496116984,valid
COc1cc(C=C2SC(=Nc3ccccc3)NC2=O)ccc1O,-2.200001865406602,training
CNCC(=O)NC1CCC(Nc2nc(Cl)cc(-c3c[nH]c4ncccc34)n2)CC1,-1.4999618655961902,training
CN(Cc1ccccc1)c1cc(-c2c[nH]c3ncccc23)cc(Cl)n1,-2.400002345927956,valid
CCOC(=O)C1=C(N)n2c(sc(=Cc3cccs3)c2=O)=C(C(N)=O)C1c1cccs1,-3.40000061697638,training
Cc1n[nH]c2ccc(-c3cncc(OCC(N)Cc4cccc(OC(F)(F)F)c4)c3)cc12,-0.7000110623221123,training
O=C(Nc1ccc(-c2ccc3cn[nH]c3c2)cc1)Nc1cccc(F)c1,-3.6999997975545824,training
Nc1ncnc2sc3c(c12)-c1ccc(NC(=O)Nc2ccccc2)cc1CC3,-3.799999762890647,training
O=C(NNC(=S)Nc1ccc(F)cc1)C(O)(c1ccccc1)c1ccccc1,-2.800001827817969,test
O=C(O)c1ccccc1Nc1ncnc(Nc2ccc(F)cc2)n1,-2.800001827817969,training
OCCNc1cc2cc(-c3ccsc3)ccc2cn1,-3.500000321342936,training
CCCCNc1cc(-c2ccncc2)cc2[nH]nc(N)c12,-3.40000061697638,training
O=c1[nH]cc(I)c2nc(-c3cccc(Cl)c3)cn12,-2.900000965153469,training
CN(C)CCOc1cccc(-c2nc3c(C(N)=O)cccc3[nH]2)c1,-3.40000061697638,training
CNCCONC(=O)c1ccc(F)c(F)c1Nc1ccc(I)cc1F,-3.299999496116984,training
O=c1[nH][nH]c2ccc(Br)cc12,-4.199999947261554,test
CN1CCN(c2nc(C3=C(c4c[nH]c5ccccc45)C(=O)NC3=O)c3ccccc3n2)CC1,-2.200001865406602,training
NC(=O)c1cc2c(-c3ccc(Nc4nc5ccccc5o4)cc3)cnc(N)c2s1,-3.500000321342936,training
CC1CSc2c(C(=O)O)c(=O)c3cc(F)c(N4CCC(N)C4)cc3n21,-2.400002345927956,valid
O=C1CC(c2ccccc2)Cc2[nH]c3cc(Cl)ccc3c(=O)c21,-3.40000061697638,training
CCCCOc1cc(-c2ccncc2)cc2[nH]nc(N)c12,-3.1999991251967965,training
Cc1cccc(NC(=O)Nc2ccc(-c3coc4ncnc(N)c34)cc2)c1,-3.59999981394342,training
Oc1ccc(-c2n[nH]c(Nc3cccc(Cl)c3)c2-c2ccc(O)cc2)cc1,-3.899999871665804,training
NC(COc1cncc(-c2ccc3cnccc3c2)c1)Cc1c[nH]c2ccccc12,-2.7000023971422538,test
COc1ccc(C=C2C(=O)ON=C2c2ccc(Br)cc2)cc1OC,-2.400002345927956,training
NC(=O)c1cn(-c2ccc(O)cc2Cl)c2cc(-c3ccncc3)ccc2c1=O,-3.6999997975545824,test
CN(C)C1CCC(Nc2nc(Cl)cc(-c3c[nH]c4ncccc34)n2)CC1,-2.400002345927956,training
O=C1CC(c2ccc(F)cc2)Cc2[nH]c3cc(Cl)ccc3c(=O)c21,-3.59999981394342,training
CCN(CC)C(=O)Nc1ccc2nc(-c3ccco3)c(-c3ccco3)nc2c1,-3.59999981394342,training
COCCOC1CCC(n2nc(-c3ccc(Nc4nc5cc(C)cc(C)c5o4)cc3)c3c(N)ncnc32)CC1,-2.300008202553813,training
NC1CCCC(Nc2nc(Cl)cc(-c3c[nH]c4ncccc34)n2)C1,-2.099991233544684,training
CCn1c(-c2nonc2N)nc2cncc(C(=O)N3CCC(N)C3)c21,-1.299942900022767,training
CS(=O)(=O)c1cccc(-c2cnn3c(C(N)=O)cc(-c4ccccc4)nc23)c1,-3.59999981394342,training
Cc1ccc(C)c(NC(=O)c2cc(-c3ccco3)nc3ccccc23)c1,-3.100001582801352,training
ON=C(c1nc2ccccc2[nH]1)c1nc2ccccc2[nH]1,-3.59999981394342,training
Cc1n[nH]c2ccc(-c3cncc(OCCN)c3)cc12,-2.400002345927956,training
Nc1nc(=O)[nH]c2sccc12,-4.199999947261554,training
Fc1cccc(-c2c[nH]c3ncccc23)c1,-3.899999871665804,valid
O=C(O)c1ccccc1Nc1ccnc(Nc2cccc(F)c2)n1,-2.400002345927956,training
O=C(Nc1ccccc1)Nc1ccccn1,-4.899999981014695,training
NCC(NC(=O)c1ccc(-c2ccncc2)cc1)c1ccccc1,-3.59999981394342,training
Fc1ccc2c(c1)-c1n[nH]cc1CS2,-3.59999981394342,training
O=c1cc(-c2ccncc2)nc(NCc2cc(F)cc(F)c2)[nH]1,-3.799999762890647,training
Cc1cc(Cl)ccc1NC(=S)NNC(=O)C(O)(c1ccccc1)c1ccccc1,-2.400002345927956,training
N#CC1=C(N)n2c(sc(=Cc3ccco3)c2=O)=C(C(N)=O)C1c1ccco1,-3.899999871665804,training
CCC(N)(C#Cc1cnc(N)c2c(-c3ccc(NC(=O)Nc4cccc(C)c4)cc3)csc12)CC,-3.40000061697638,training
NC(=O)c1cc2c(-c3cc(C(F)(F)F)cc(C(F)(F)F)c3)cncc2s1,-3.40000061697638,training
COCCN(CCOC)c1cc(-c2c[nH]c3ncccc23)cc(Cl)n1,-3.100001582801352,training
Nc1ncc2cccc(-c3ccccc3)n12,-4.600000032123142,training
Cc1ccc(F)c(-c2ccc3nnc(N)n3c2)c1,-3.40000061697638,valid
CNCCOc1cncc(-c2ccc3[nH]nc(C)c3c2)c1,-2.900000965153469,valid
CC(C)(C)c1nc2c3ccc(F)cc3c3c(=O)[nH]ccc3c2[nH]1,-2.800001827817969,training
CCN1CCN(CCCC(=O)Nc2n[nH]c3nnc(-c4cccc(F)c4F)cc23)CC1,-3.899999871665804,training
NC(=O)c1ccc2c(ccn2-c2cccc(Cl)c2)c1,-3.59999981394342,training
COc1cc(-c2csc3c(C=CC(=O)NCCN(C)C)cnc(N)c23)ccc1NC(=O)c1cc2ccccc2n1C,-3.500000321342936,training
Nc1n[nH]c2ccc(-c3nnn(Cc4ccccc4)c3C3CC3)cc12,-3.59999981394342,training
CCOC(=O)c1cccc2[nH]c(-c3ccc(N4CCC(N)C4)cc3)nc12,-3.100001582801352,test
NC(=O)Cn1cc(-c2cc(-c3cc4ccccc4s3)c3[nH]ncc3c2)c2nc(N)ncc21,-3.500000321342936,training
COc1cccc(NC(=O)N2CCC(c3nc4c(C(N)=O)cccc4[nH]3)CC2)c1,-3.6999997975545824,training
N#Cc1ncc2nc1OCCCCCOc1cc(OCCO)c(Cl)cc1NC(=O)N2,-2.7000023971422538,training
O=c1nc(-c2cc3c(Oc4ccc(I)cc4)cncc3s2)[nH]o1,-2.400002345927956,training
COc1cccc(OC)c1CNc1nc(NC2CCCCC2)nc2ccc(Cl)cc12,-3.299999496116984,training
COc1cc(-c2ccc3c(c2)Nc2ccc(C(=O)NCCCN(C)C)cc2NC3=O)ccc1O,-3.40000061697638,training
NC(=O)c1ccc(Nc2ncnc3[nH]cc(-c4ccccc4)c23)cc1,-3.59999981394342,training
NC(=O)c1ccc(-c2c[nH]c3nccc(Cl)c23)cc1,-3.299999496116984,training
Nc1cc(S(=O)(=O)NC(=O)c2ccc(-c3ccc(F)cc3)cc2)ccc1NC1CCCCC1,-3.799999762890647,training
COc1cc(C=C(C#N)c2nc3ccccc3[nH]2)c(Br)cc1O,-2.900000965153469,training
CCN(CC)CC#Cc1ccc2c(c1)-c1[nH]nc(-c3ccc(C#N)nc3)c1C2,-3.799999762890647,training
O=C1Cc2c([nH]c3ccc([N+](=O)[O-])cc23)-c2ccccc2N1,-3.40000061697638,training
NC(=O)c1ccc(NC2CCCCC2N)nc1Nc1cccc(Cl)c1,-3.100001582801352,training
COc1ccc(NC(=O)Nc2ccc(-c3csc4c(-c5cnn(CC(O)CO)c5)cnc(N)c34)cc2)cc1,-2.800001827817969,training
O=c1cc(-c2cccc(F)c2)[nH]c2c(-c3ccc(F)cc3)cnn12,-2.099991233544684,training
Nc1c(-c2ccccc2)c2cc(Cl)ccc2[nH]c1=O,-3.299999496116984,training
CC(Nc1c(Nc2ccncc2)c(=O)c1=O)C1CCCCC1,-3.899999871665804,training
CCOC(=O)c1cn(-c2ccc(O)cc2C)c2cc(-c3ccccc3)ccc2c1=O,-3.100001582801352,training
O=c1[nH]c2sc3c(c2c2nc(-c4ccccc4)nn12)CCCC3,-2.0,test
OC1CCCC(Nc2cc(Cl)nc(-c3c[nH]c4ncccc34)n2)C1,-2.900000965153469,test
c1ccc(Cn2cc(-c3ccc4[nH]nc(-c5ccccc5)c4c3)nn2)cc1,-2.400002345927956,training
COc1cccc(C(C)NC(=O)N2CC=C(c3c[nH]c4ncccc34)CC2)c1,-3.0,valid
NC(=O)c1ccc(-c2ccncc2)cc1NCc1cccc(F)c1,-3.899999871665804,training
c1ccc2c(c1)[nH]c1cnccc12,-3.799999762890647,training
Cc1c(C=O)c(O)n2c(nc3ccccc32)c1C#N,-2.200001865406602,training
NC(COc1cncc(C=Cc2ccncc2)c1)Cc1ccccc1,-3.59999981394342,test
c1ccc(Cn2nnc(-c3ccc4[nH]ncc4c3)c2C2CC2)cc1,-3.299999496116984,training
O=c1[nH]c2ccc(Cl)cc2c(-c2ccccc2)c1C1=NNC(c2ccccc2)C1,-3.899999871665804,training
N#Cc1ncc2nc1OCCCCCOc1cc(OCC(O)CO)c(Cl)cc1NC(=O)N2,-3.299999496116984,test
Cn1cc(C=C2C(=O)Nc3cccnc32)c2ccccc21,-2.800001827817969,training
Cc1c(Cl)c(N2CCC(CN)C2)nc2[nH]cc(C(=O)O)c(=O)c12,-2.099991233544684,training
Cc1c(O)ccc2c1CCCC2=NNC(=O)Cc1cccc2ccccc12,-3.0,training
OC1CCN(c2ncnc3[nH]cc(-c4ccccc4)c23)CC1,-3.899999871665804,training
O=c1[nH]c2cnc(-n3cnc4ccc(F)cc43)nc2n1C1CCOc2c(F)cccc21,-3.500000321342936,training
NC(=O)c1cccc2[nH]c(-c3ccc(C4CCCCN4)cc3F)nc12,-3.6999997975545824,valid
Cc1cc(=O)n2[nH]cc(C(=O)NCc3ccccc3)c2n1,-3.59999981394342,training
Cc1cccc(NC(=O)Nc2ccc3c(c2)CCc2sc4ncnc(N)c4c2-3)c1,-3.59999981394342,training
CCNNc1cc(C)c(C#N)c2nc3ccccc3n12,-3.59999981394342,valid
N#CC(=Cc1ccc(O)c(O)c1)C(=O)NCc1ccccc1,-3.899999871665804,training
Nc1ncnc(Nc2cc(CNC(=O)C(F)(F)F)c(O)c(-c3ccc(Cl)cc3)c2)n1,-3.299999496116984,test
O=C(NN=Cc1ccc(O)cc1O)Nc1cccc2nsnc12,-3.500000321342936,test
NCCNS(=O)(=O)c1cccc(C(=O)Nc2ccc(-c3n[nH]c(=O)c4ccccc34)cc2)c1,-3.40000061697638,training
CNCc1ccc(-c2[nH]c3cc(F)cc4c3c2CCNC4=O)cc1,-3.100001582801352,training
CN(C)CC(=O)NC1CCC(Nc2nc(Cl)cc(-c3c[nH]c4ncccc34)n2)CC1,-2.7000023971422538,training
O=C1NC(=O)C(Nc2ccccc2)=C1Cl,-4.199999947261554,test
Cc1sc2[nH]c(=O)n3nc(-c4ccncc4)nc3c2c1C,-2.900000965153469,training
Cc1nc2c(sc3c(Br)ccc(Cl)c32)c(=O)o1,-2.400002345927956,training
COc1cc2ncn(-c3cc(OCc4ccccc4C(F)(F)F)c(C(=O)O)s3)c2cc1OC,-2.099991233544684,training
c1cc2c(s1)CCc1cn[nH]c1-2,-4.699999970860912,training
Cc1cc(-c2ncnc3[nH]ccc23)ccc1F,-4.699999970860912,valid
O=C(Nc1ccccc1)Nc1nccs1,-4.29999993144297,training
COc1cc(-c2ccc3c(c2)Nc2c(O)cccc2NC3=O)ccc1O,-3.500000321342936,training
O=[N+]([O-])c1cccc(-c2nnc3ccc(N4CCCCC4)nn23)c1,-1.4999618655961902,training
O=C(O)c1ccccc1Nc1ncnc(Nc2ccc3cn[nH]c3c2)n1,-3.0,training
CCOc1ccc(C=C2SC(=N)NC2=O)c(O)c1,-2.60000308662774,training
NC(=O)c1cc2c(-c3ccccc3)cncc2s1,-3.0,training
O=c1oc2ccccc2c2[nH]c(-c3ccccc3)nc12,-3.0,training
NCCC(C(=O)Nc1ccc2[nH]ncc2c1)c1ccc(Cl)c(Cl)c1,-3.100001582801352,training
c1ccc(C2Cc3cn[nH]c3C2)cc1,-4.899999981014695,training
Nc1cc2c(Oc3ccc(Cl)cc3)cncc2s1,-3.40000061697638,training
Cc1ccc(C(=O)Nc2c(C#N)sc3ccc(Cl)c(Cl)c23)cc1,-3.100001582801352,training
NC(=O)c1ccc2nc(-c3ccc([N+](=O)[O-])o3)cn2c1,-2.800001827817969,training
COc1cc(-c2ccc3c(c2)Nc2ccc([N+](=O)[O-])cc2NC3=O)ccc1O,-2.300008202553813,training
CN1CCN(c2ccc(Nc3ncc(Cl)c(Nc4ccc5[nH]ncc5c4)n3)cc2)CC1,-3.0,training
COc1cc(C=C(C#N)c2nc3cc(C)ccc3[nH]2)c(Br)cc1O,-2.800001827817969,training
O=C(NN=Cc1cc(Br)c(O)c(Br)c1)Nc1ccccc1,-3.100001582801352,training
Cc1ccc(CNc2ccc3nnc(-c4ccccc4)n3n2)cc1,-2.300008202553813,training
Cn1c2ccccc2c2c3c(c4c5ccccc5n(CCC#N)c4c21)CNC3=O,-2.0,training
Cc1n[nH]c2ccc(-c3cncc(OCC(N)Cc4ccc(Cl)c(Cl)c4)c3)cc12,-0.8000293592441343,training
O=C(Nc1ccc([N+](=O)[O-])cc1)N1CCc2[nH]c3c(Cl)cc(Cl)cc3c2C1,-3.40000061697638,training
CS(=O)(=O)NC1CCCC(Nc2nc(Cl)cc(-c3c[nH]c4ncccc34)n2)C1,-2.800001827817969,training
O=C1Cc2cc(-c3ccccc3)cnc2N1,-4.699999970860912,test
COc1ccc(-c2ccc(NC(=O)Nc3ccc(F)c(C)c3)cc2)c2c(N)noc12,-4.0,training
O=C1Cc2c([nH]c3ccc(Br)cc23)-c2ncccc2N1,-3.799999762890647,training
Nc1ncc(-c2ccncc2)c2scc(-c3ccc(NC(=O)Nc4cc(C(F)(F)F)ccc4F)cc3)c12,-3.299999496116984,test
CCCC(=O)Nc1n[nH]c2ccc(-c3cn(Cc4ccccc4)nn3)cc12,-2.800001827817969,training
Cc1cc(-c2ccc3c(c2)CNC3=O)ccc1F,-4.399999925393822,training
CC(C)Cn1c(N)nc2c(F)cc(-c3c(-c4ccc(F)cc4)nc4sccn34)cc21,-3.0,training
O=C(Nc1cnccn1)Nc1ccnc2ccc(C(F)(F)F)cc12,-3.299999496116984,training
O=c1c(NCc2ccccc2F)c(Nc2ccncc2)c1=O,-3.40000061697638,training
NC(COc1cncc(-c2cc3ccncc3s2)c1)Cc1c[nH]c2ccccc12,-1.899984562549391,training
O=c1[nH]c2sc3c(c2c2nc(-c4cccnc4)nn12)CCCC3,-2.200001865406602,test
O=C(Nc1cnccn1)Nc1cccc2c(O)cccc12,-3.0,valid
Cc1n[nH]c2ccc(-c3cccnc3)cc12,-3.899999871665804,valid
OCCCCNc1cc(-c2c[nH]c3ncccc23)cc(Cl)n1,-2.7000023971422538,test
CCN(CCN)C(=O)c1cccc(-n2nc(C(C)(C)C)cc2NC(=O)Nc2cccc3ccccc23)c1,-3.59999981394342,training
CC(C)(C)NC(=O)c1ccc2nc3[nH]c4ccccc4c3nc2c1,-3.59999981394342,test
CN1CCN(CCCNc2cccc(-c3nc4c(C(N)=O)cccc4[nH]3)n2)CC1,-2.400002345927956,test
CNC(=O)NC1CCC(Nc2nc(Cl)cc(-c3c[nH]c4ncccc34)n2)CC1,-2.60000308662774,training
CC(C)OC1=NNC(=O)C1=Cc1c[nH]c2ccccc12,-3.1999991251967965,training
CSc1ccccc1CNc1ncc([N+](=O)[O-])c(NCC2CCC(CN)CC2)n1,-3.299999496116984,training
CN(C)c1ccc(-c2cc(-c3ccc([N+](=O)[O-])cc3)nc(NS(=O)(=O)c3ccc(N)cc3)n2)cc1,-2.500003068051693,training
COc1ccc(CNc2cc(-c3c[nH]c4ncccc34)cc(F)n2)cc1,-2.300008202553813,valid
CC(C)(C)OC(=O)n1cc(-c2cncn2C2CCCCC2)c2ccccc21,-3.1999991251967965,training
CN1CCN(C2CCC(n3cc(-c4ccc(Oc5ccccc5)cc4)c4c(N)ncnc43)CC2)CC1,-3.799999762890647,training
O=C1ON=C(c2ccc(Br)cc2)C1=Cc1ccc2c(c1)OCO2,-3.299999496116984,training
COc1ccc2c(NC(=O)Nc3cccc(Br)n3)ccnc2c1,-3.40000061697638,training
O=C(Nc1nc2ccccc2s1)c1cccc2c1CN(c1nc(C(=O)O)c(-c3ccc(CO)cc3)s1)CC2,-3.299999496116984,valid
Cc1ccc(NCc2ccc(-c3ccc(F)cc3)nc2)cc1,-3.6999997975545824,training
O=C(O)c1ccccc1Nc1ccnc(Nc2cccc(O)c2)n1,-2.60000308662774,valid
O=c1cc(C(F)(F)F)c2c(-c3cccc(C(F)(F)F)c3)n[nH]c2[nH]1,-3.6999997975545824,training
NC(=O)c1sc(-n2cnc3ccccc32)cc1OCc1ccccc1C(F)(F)F,-3.799999762890647,training
NC(COc1cncc(-c2ccc3c(c2)C(=Cc2ccc[nH]2)C(=O)N3)c1)Cc1ccccc1,-2.800001827817969,test
NC1CCC(Nc2nccc(-c3c[nH]c4ncccc34)n2)CC1,-2.400002345927956,valid
CC1(C)CC2=Nc3cc(Cl)ccc3SC2=C(O)C1,-2.500003068051693,training
O=C1NC(=O)C(c2cnc3ccccn23)=C1c1cn2c3c(cc(F)cc13)CN(C(=O)N1CCCCC1)CC2,-2.900000965153469,training
CN(C)CCCOc1cc(-c2ccncc2)cc2[nH]nc(N)c12,-3.500000321342936,training
CCn1c(C)c(-c2ccnc(Nc3cccc(OC)c3)n2)sc1=O,-3.899999871665804,valid
O=C(O)C1CN(Cc2ccc(OCc3cccc(C(F)(F)F)c3)cc2Cl)C1,-1.899984562549391,training
CNC(=O)c1cc2c(-c3ccccc3F)n[nH]c2s1,-2.800001827817969,valid
Cc1cc(O)ccc1-n1c2cc(Cl)ccc2c(=O)c2c(N)nc(N)nc21,-2.900000965153469,training
O=C(Nc1cccc(Cl)c1)Nc1nc(CCNc2ncnc3ccsc23)cs1,-3.6999997975545824,training
O=c1[nH]cnc2c1oc1ccc(Cl)cc12,-2.500003068051693,training
NC1CCC(Nc2cc(Cl)nc(-c3c[nH]c4ncccc34)n2)CC1,-1.8000293592441343,training
O=C1NC(=O)C(c2c[nH]c3ccccc23)=C1c1nc(N2CCNCC2)nc2ccccc12,-2.0,training
CS(=O)(=O)NCCNc1cc(-c2c[nH]c3ncccc23)cc(Cl)n1,-3.299999496116984,training
CCCn1c(C2CCNCC2)nc(-c2ccc(Cl)c(Cl)c2)c1-c1ccnc(NC2CCCCC2)n1,-3.100001582801352,training
O=C1NCCc2[nH]c(-c3ccnc(C=Cc4ccccc4)c3)cc21,-2.400002345927956,test
NC(=O)c1cc(Cl)cc2[nH]c(-c3ccc(C4CCCNC4)cc3F)nc12,-3.299999496116984,training
O=C(O)c1csc2c1NCCNC2=O,-5.0,test
COc1ccc(C=C2SC(=Nc3ccccc3)NC2=O)cc1OC,-3.1999991251967965,training
NC(COc1cncc(-c2cc3cnccc3s2)c1)Cc1c[nH]c2ccccc12,-1.8000293592441343,training
O=c1[nH]cc(I)c2nc(-c3ccccc3)cn12,-3.899999871665804,training
Nc1ncnc2scc(-c3ccc(NC(=O)Nc4cc(C(F)(F)F)ccc4F)cc3)c12,-3.799999762890647,test
CC(C)(CN)CNc1cc(-c2c[nH]c3ncccc23)cc(F)n1,-2.300008202553813,valid
COCOc1cccc(OCOC)c1-c1ccc(NS(C)(=O)=O)cc1C(=O)OC,-2.200001865406602,training
O=C1c2cc([N+](=O)[O-])ccc2-n2c1nc1cccc(Br)c1c2=O,-3.500000321342936,training
COc1cc2c(cc1Nc1nc(Nc3cccc(F)c3C(N)=O)c3cc[nH]c3n1)N(C(=O)CN(C)C)CC2,-3.59999981394342,valid
COC(=O)c1c(-c2ccc(NC(=O)Nc3ccccc3)cc2)c2c(N)ncnn2c1C,-3.59999981394342,training
NC(=O)c1cccc2c1Nc1nnc(Cl)cc1C(=O)N2,-3.40000061697638,training
CC(C)(CN)CNc1cc(-c2c[nH]c3ncccc23)cc(Cl)n1,-2.60000308662774,training
CCc1cc(-c2[nH]nc(C)c2-c2ccc3c(c2)OCCO3)c(O)cc1O,-3.1999991251967965,test
COc1cccc(NC(=O)c2cnn3c(-c4ccccc4)ccnc23)c1,-3.799999762890647,training
O=c1[nH]c2cc(Cl)cc(Cl)c2c(-c2cc(Cl)ccc2O)c1O,-3.0,training
O=C1NCc2c(Br)cccc21,-4.699999970860912,training
CC1=NN(c2cccc(Br)c2)C(=O)C1=Cc1c(C)c(C#N)c2nc3ccccc3n2c1O,-3.0,training
O=c1[nH]c2cc(-c3ccccc3)cnc2[nH]1,-3.899999871665804,training
O=C(Nc1cccc(C(F)(F)F)n1)Nc1ccnc2c(F)cccc12,-2.7000023971422538,training
N#Cc1cnc(NC(=O)Nc2ccc3cc(C(=O)O)ccc3c2)cn1,-3.899999871665804,training
CCCOn1c2ccc(Cl)cc2c(=O)c2c(C)nn(C)c21,-3.500000321342936,training
Cc1c(-c2cccc(OCc3ccccc3)c2)c2c(N)ncnc2n1C1CCC(N2CCCC2)CC1,-3.899999871665804,valid
CC(C)(Nc1nccc(-c2c[nH]c3ncccc23)n1)c1ccccc1,-3.100001582801352,training
Nc1n[nH]c2ccc(-c3nnn(Cc4ccccc4)c3-c3ccccc3)cc12,-3.799999762890647,training
CC(C)N(C)C(=O)c1c(-c2ccc3[nH]ncc3c2)nnn1Cc1ccccc1,-3.6999997975545824,training
Cc1ccc(F)c(NC(=O)Nc2ccc(-c3coc4c(C#CCN5CCOCC5)cnc(N)c34)cc2)c1,-3.6999997975545824,training
Cc1cc(C)cc(NC(=O)Nc2ccc3c(c2)CCc2sc4ncnc(N)c4c2-3)c1,-3.799999762890647,test
NC(=O)c1cc2c(-c3ccc(Br)c(F)c3F)cncc2s1,-2.7000023971422538,training
COc1ccc(C(=O)N2c3ccccc3Sc3c(Cl)cncc32)cc1,-3.500000321342936,training
CC(=O)NC1CCCC(Nc2nc(Cl)cc(-c3c[nH]c4ncccc34)n2)C1,-2.099991233544684,training
O=C1C(=NNc2cccc3c(=O)[nH][nH]c(=O)c23)C(c2ccccc2)=NN1c1ccccc1,-3.799999762890647,training
O=c1[nH]n2ccccc2c1Br,-3.59999981394342,training
NC(=O)c1cc2ccncc2s1,-4.600000032123142,training
O=C(O)c1ccccc1Nc1ccnc(Nc2ccc([N+](=O)[O-])cc2)n1,-3.0,training
NCCCOc1cc2c(c(-c3ccc(Nc4nc5ccc(Cl)cc5o4)cc3)c1)CNC2=O,-3.59999981394342,training
CCOC(=O)c1c[nH]n2c(=O)cc(-c3ccncc3)nc12,-3.500000321342936,test
Oc1cccc(Nc2ncnc3scc(Cl)c23)c1,-3.500000321342936,training
CCN(CC)CCCNc1cccc(-c2nc3c(C(N)=O)cccc3[nH]2)n1,-2.300008202553813,training
NC(=O)c1cccc2[nH]c(-c3cccc(NCCN4CCCC4)n3)nc12,-3.299999496116984,training
COc1cc(Nc2ncnc(N3CCCc4cc(C)ccc43)n2)cc(OC)c1OC,-3.40000061697638,training
NCCNc1cc(-c2c[nH]c3ncccc23)cc(Cl)n1,-2.900000965153469,training
NC(=O)c1cc2c(Oc3cccc(F)c3)cncc2s1,-3.40000061697638,valid
Cn1cc(Nc2ncc(Cl)c(Nc3ccccc3C(N)=O)n2)cn1,-2.800001827817969,training
NC(COc1cncc(-c2ccc3c(c2)CC(=O)N3)c1)Cc1c[nH]c2ccccc12,-1.599992177584098,training
COc1cc2cnc3c(c2cc1OC)C(=O)NC3=O,-2.900000965153469,training
CCCC(=O)Nc1n[nH]c2ccc(-c3cccc(F)c3F)cc12,-3.799999762890647,training
Cn1nc(C(F)(F)F)c2c(=O)c3cc(Cl)ccc3n(O)c21,-3.6999997975545824,test
S=c1[nH]nc2c3c4c(sc3n3c(=S)[nH]nc3n12)CCC4,-1.4000196350651586,training
COc1cccc(-c2cc3c(=O)[nH]c4ccccc4n3c2)c1,-2.7000023971422538,training
COc1ccc(C(=O)Nc2nc3ccc(Cl)cc3s2)c(OC)c1,-3.799999762890647,training
Cc1n[nH]c2ccc(-c3nnn(Cc4ccccc4)c3-c3ccc(F)cc3)cc12,-2.400002345927956,training
NC(=O)c1cc(-c2cccc(N)c2)cc2cccnc12,-3.899999871665804,training
COc1ccc(C=C2C(=O)ON=C2c2ccc(Br)cc2)cc1,-3.1999991251967965,training
O=C(NNC(=S)Nc1ccc(Cl)cc1)C(O)(c1ccccc1)c1ccccc1,-2.900000965153469,training
Cc1cc(=O)n2ccc(CN(C)C)c(O)c2n1,-1.899984562549391,training
COc1cc(-c2ccc3c(c2)Nc2ccc(C(=O)NCCNC(C)=O)cc2NC3=O)ccc1O,-3.40000061697638,training
Cc1cccc(NC(=O)Nc2ccc(-c3csc4ccnc(N)c34)cc2)c1,-3.6999997975545824,test
Cc1cccc(NC(=O)Nc2ccc(-c3csc4c(C#CCN)cnc(N)c34)cc2)c1,-3.59999981394342,training
O=C1CC(c2ccc(Cl)cc2)Cc2[nH]c3cc(Cl)ccc3c(=O)c21,-3.6999997975545824,training
CN1CCC(c2c(O)cc(O)c3c(=O)cc(-c4ccccc4Cl)oc23)C(O)C1,-2.900000965153469,training
C(=Cc1cncc(OC2CCNC2)c1)c1ccncc1,-3.6999997975545824,training
Cn1cc(-c2ccccc2)c2nc(-c3ccncc3)cc(=O)n21,-3.40000061697638,training
Cn1cc(Nc2ncc(Br)c(Nc3ccccc3C(N)=O)n2)cn1,-2.500003068051693,training
NC(=O)c1cc2c(-c3ccc(F)cc3)cncc2s1,-3.299999496116984,training
NC(=O)c1cccc(-c2cnc3[nH]cc(-c4ccccc4)c3c2)c1,-3.299999496116984,valid
Oc1c2ccccc2c2c3c(cccc13)N=N2,-2.7000023971422538,training
c1ccc(CNc2cc(-c3c[nH]c4ncccc34)ncn2)cc1,-2.0,training
Clc1ccc(OCC2CN(Cc3c[nH]c4ncccc34)CCO2)cc1,-3.299999496116984,training
CC1=NN(c2ccc(C(=O)O)cc2)C(=O)C1=Cc1c(C)c(C#N)c2nc3ccccc3n2c1O,-3.1999991251967965,training
COCCn1c(C)c(C)sc1=NC(=O)c1cc(SC)ccc1Cl,-3.799999762890647,training
NC1CCCCC1Nc1nccc(Nc2ccccc2C(=O)O)n1,-3.299999496116984,valid
NC(=O)c1sc2ccc(Cl)c(Cl)c2c1NC(=O)c1ccc(Cl)cc1,-3.40000061697638,training
Cc1cc2nnc(SCc3cn4ccccc4n3)n2c2ccccc12,-2.800001827817969,valid
O=c1[nH]c2sc3c(c2c2nc(-c4ccncc4)nn12)CCCC3,-1.4999618655961902,training
Nc1cc2nc(-c3ccccc3)cn2cn1,-5.0,training
CCn1c(-c2nonc2N)nc2cnc(Oc3cccc(NC(=O)c4ccc(OCCN5CCOCC5)cc4)c3)cc21,-2.500003068051693,training
CCC(=O)Nc1ccc(C(=O)N2CCNCC2)c(O)c1,-1.899984562549391,training
FC(F)(F)c1cccc(CNc2cc(-c3c[nH]c4ncccc34)ncn2)c1,-3.100001582801352,training
CSc1cnc2c(ccc3cnccc32)c1O,-2.60000308662774,training
COCC#Cc1cccc2c1Cc1c(-c3cccs3)n[nH]c1-2,-3.59999981394342,training
C=CCc1cccc2c(=NO)cc(-c3ccccc3)oc12,-2.60000308662774,training
CC(=NNC(=N)N)c1cc(NC(=O)c2cccc(C(=O)Nc3cc(C(C)=NNC(=N)N)cc(C(C)=NNC(=N)N)c3)c2)cc(C(C)=NNC(=N)N)c1,-1.7000110623221123,valid
NC1CCCCC1Nc1nc(Cl)cc(-c2c[nH]c3ncccc23)n1,-3.100001582801352,training
Cc1cccc(-c2cccc3onc(N)c23)c1,-3.6999997975545824,test
CN(Cc1cc(Cl)c(O)c2ncccc12)C1CCCCC1,-3.0,training
O=C1NN=Cc2c[nH]c3cc(NC(=O)C4CC4c4ccccc4)cc1c23,-2.300008202553813,training
CNC1CCN(c2nc3[nH]cc(C(=O)O)c(=O)c3c(C)c2Br)C1,-2.900000965153469,training
Cc1n[nH]c2ccc(-c3cncc(OCC(CN)Cc4ccccc4)c3)cc12,-1.0,training
O=c1[nH]cnc2ccc(Br)cc12,-3.899999871665804,training
O=C(NCCc1cccs1)N1CC=C(c2c[nH]c3ncccc23)CC1,-3.59999981394342,training
NC(=O)c1cc(-c2cccs2)n2nccc2n1,-4.799999969383821,training
CN(C)c1cccc2c(S(=O)(=O)N(CCN)c3cncc(-c4ccc5cnccc5c4)c3)cccc12,-2.099991233544684,training
O=c1[nH]c2ccc(Cl)cc2c2ncnn12,-4.29999993144297,test
Cn1cc(-c2cc3nc(Br)cnc3[nH]2)c2cc(F)ccc21,-3.59999981394342,training
Nc1nc(Cl)cc(-c2c[nH]c3ncccc23)n1,-3.0,training
CS(=O)(=O)NCCOc1cncc(-c2ccc3cnccc3c2)c1,-3.6999997975545824,training
Cc1cccc(NC(=O)Nc2ccc(NC(=O)c3csc4ncnc(N)c34)cc2)c1,-3.0,training
COc1ccc(C=C2SC(=Nc3ccccc3)NC2=O)cc1O,-2.099991233544684,training
Nc1nccc(-c2c(-c3ccc(F)cc3)ncn2C2CCNCC2)n1,-3.0,training
O=C(NCc1ccccc1)c1c[nH]n2c(=O)cc(-c3ccncc3)nc12,-1.4000196350651586,training
NCCCOc1cc2c(c(-c3ccc(Nc4nc5ccccc5o4)cc3)c1)CNC2=O,-3.1999991251967965,training
NC(Cc1cccc2ccccc12)C(=O)Nc1cncc(C=Cc2ccncc2)c1,-3.500000321342936,training
Clc1csc2ncnc(Nc3ccccc3)c12,-3.899999871665804,training
CN(C)c1cc(-c2ccncc2)cc2[nH]nc(N)c12,-3.6999997975545824,training
Cc1cccc(NC(=O)Nc2ccc(-c3csc4c(C#CCN(C)C)cnc(N)c34)cc2)c1,-3.500000321342936,training
Cc1cccc(CNc2cc(-c3c[nH]c4ncccc34)cc(Cl)n2)c1C,-2.7000023971422538,training
Cc1n[nH]c2ccc(-c3cncc(OCCN(C)S(C)(=O)=O)c3)cc12,-3.6999997975545824,training
CC(Nc1c(Nc2ccncc2)c(=O)c1=O)C(C)(C)C,-3.6999997975545824,training
Cc1cccc(Nc2nc(NC3CCCCC3N)cnc2C(N)=O)c1,-3.299999496116984,training
O=C(Nc1n[nH]c2ccc(-c3cn(Cc4ccccc4)nn3)cc12)c1ccc(F)cc1,-2.800001827817969,valid
CC(C)Cn1c(N)nc2ccc(-c3c(-c4ccc(F)cc4)nc4sccn34)cc21,-2.900000965153469,training
NC(Cc1c[nH]c2ccccc12)C(=O)Nc1cncc(C=Cc2ccncc2)c1,-3.100001582801352,training
c1ccc(Cn2nnc(-c3ccc4[nH]ncc4c3)c2-c2ccccc2)cc1,-3.500000321342936,training
FC(F)(F)c1ccccc1CNc1nccc(-c2c[nH]c3ncccc23)n1,-2.7000023971422538,training
O=C1NC(=S)SC1=C1C(=O)Nc2ccc(Br)cc21,-1.8000293592441343,training
CC(Nc1cncc(-n2cnc3ccc(C#N)cc32)n1)c1ccccc1F,-3.299999496116984,training
COc1cc(Nc2ncc([N+](=O)[O-])c(Nc3ccccc3C(N)=O)n2)cc(OC)c1OC,-2.500003068051693,training
NCCCOc1cncc(C=Cc2ccncc2)c1,-3.899999871665804,training
c1nc(-c2ccc3c(c2)OCO3)c2cc[nH]c2n1,-4.099999857942367,training
O=C1Nc2cc(-c3ccc(O)cc3)ccc2C1=Cc1ccc[nH]1,-2.400002345927956,training
O=C(Nc1cccc(C2Nc3ccc4ccccc4c3C3C=CCC32)c1)c1ccc(F)cc1,-2.500003068051693,test
CCN(CC)CCNC(=O)c1cccc(-n2nc(C(C)(C)C)cc2NC(=O)Nc2cccc3ccccc23)c1,-3.500000321342936,training
COc1cccc(C(C)NC(=O)c2cc(C)c(-c3ccc4[nH]nc(C)c4c3)s2)c1,-3.500000321342936,valid
COCc1nnn(-c2nonc2N)c1C(=O)NN=C(C)c1ccc(O)cc1O,-2.300008202553813,training
Cc1ccccc1-c1c(-c2ccc3[nH]nc(C)c3c2)nnn1Cc1ccccc1,-2.400002345927956,training
Cc1c(O)cccc1NC(=O)c1cnn2c(-c3ccccc3)ccnc12,-2.800001827817969,training
CN1CCN(Cc2ccc3c(c2)Cc2c(-c4csc(C#CCOCC5CC5)c4)n[nH]c2-3)CC1,-3.6999997975545824,training
NCC1CCC(CNc2nc(NCc3ccccc3Cl)ncc2[N+](=O)[O-])CC1,-3.59999981394342,training
COc1ccc2c(c1)c(-c1cc3nc(Br)cnc3[nH]1)cn2C,-3.6999997975545824,training
O=C1Nc2ccc3ncsc3c2C1=CNc1ccc(S(=O)(=O)Nc2ccccn2)cc1,-3.1999991251967965,training
CN(C)CC(=O)NC1CCCC(Nc2nc(Cl)cc(-c3c[nH]c4ncccc34)n2)C1,-3.0,test
CC(C)S(=O)(=O)n1c(N)nc2ccc(-c3c(-c4ccc(F)cc4)nc4sccn34)cc21,-3.40000061697638,training
Cc1ccc2c(=O)[nH]cnc2c1,-3.899999871665804,training
OC1CCC(Nc2cc(Cl)nc(-c3c[nH]c4ncccc34)n2)CC1,-3.0,test
Nc1ncnc2c1N=C(c1ccccc1)CCN2,-4.29999993144297,training
Oc1cc(O)cc(C=Cc2ccc(O)c(O)c2)c1,-3.40000061697638,training
CCNC(=O)c1n[nH]c(-c2cc(Cl)c(O)cc2O)c1-c1ccc(OC)cc1,-3.40000061697638,training
O=C(O)c1ccccc1Nc1ncnc(Nc2cccc(F)c2)n1,-2.200001865406602,test
Nc1ncc(-c2ccoc2)c2scc(-c3ccc(NC(=O)Nc4ccccc4F)cc3)c12,-3.899999871665804,training
COc1c(-c2nc3ccccc3[nH]2)c(O)cc2oc(C)cc(=O)c12,-2.60000308662774,training
CC(C)(O)c1cn(-c2ccc3[nH]ncc3c2)nn1,-4.699999970860912,test
Cc1ccc(-c2cc(-c3cc(Br)ccc3O)[nH]c(=O)c2C#N)s1,-3.0,training
CC(C)(O)CNc1cc(-c2c[nH]c3ncccc23)cc(Cl)n1,-3.0,valid
CS(=O)(=O)c1ccc(-c2cncc3sc(C(N)=O)cc23)cc1,-3.500000321342936,training
Clc1cc(-c2c[nH]c3ncccc23)ncn1,-3.1999991251967965,training
COc1ccc(OC)c(NC(=O)c2cnn3c(-c4ccccc4)ccnc23)c1,-3.6999997975545824,test
NC(=O)c1cccc2[nH]c(-c3ccc(NC(=O)c4cccc(S(=O)(=O)N5CCOCC5)c4)cc3)nc12,-3.899999871665804,training
NC(=O)c1cc2c(-c3cccc(F)c3)cncc2s1,-2.7000023971422538,training
NC(=O)c1cccc2[nH]c(-c3ccncc3)nc12,-3.299999496116984,training
Nc1cc(-c2c[nH]c3ncccc23)cc(Cl)n1,-3.299999496116984,training
O=C(NCC1CCCCC1)c1cc2c(-c3ccccc3)n[nH]c2s1,-3.799999762890647,training
CCS(=O)(=O)c1ccc(-c2cncc3sc(C(N)=O)cc23)cc1,-3.59999981394342,valid
CC1=NN(c2ccc(Cl)c(Cl)c2)C(=O)C1=Cc1c(C)c(C#N)c2nc3ccccc3n2c1O,-2.900000965153469,training
NC(COc1cncc(C=Cc2ccncc2)c1)Cc1c[nH]c2ccccc12,-2.60000308662774,training
CS(=O)(=O)NC1CCC(Nc2cc(Cl)nc(-c3c[nH]c4ncccc34)n2)CC1,-2.60000308662774,training
O=C(NC(CO)c1ccccc1)N1CC=C(c2c[nH]c3ncccc23)CC1,-3.6999997975545824,training
NCCn1cc(-c2cc(-c3cc4ccccc4s3)c3[nH]ncc3c2)c2nc(N)ncc21,-3.100001582801352,training
CC(=O)c1ccccc1-c1ncnc2[nH]ccc12,-4.899999981014695,test
CN1CCN(Cc2ccc3c(c2)-c2n[nH]c(=O)c4cccc(c24)O3)CC1,-3.6999997975545824,training
CC(=O)N(c1ccncc1)c1c(NC(C)C(C)(C)C)c(=O)c1=O,-3.6999997975545824,training
CN1CCC1COc1cncc(CCc2ccncc2)c1,-2.900000965153469,training
Cc1n[nH]c2ccc(-c3cncc(OCC(N)Cc4cccc(Cl)c4)c3)cc12,-0.7000110623221123,training
CCCc1cc(-c2ccc3[nH]ncc3c2)on1,-3.899999871665804,training
Cc1n[nH]c2ccc(-c3cncc(OCC(N)Cc4c[nH]c5ccccc45)c3)cc12,-0.899984562549391,training
Nc1ncc(-c2cnn(CCO)c2)c2scc(-c3ccc(NC(=O)Nc4ccc(OC(F)F)cc4)cc3)c12,-3.299999496116984,training
NC1CCC(Nc2nc(Cl)cc(-c3c[nH]c4ncccc34)n2)CC1,-2.099991233544684,training
Cc1cccc(Nc2nccc(Nc3c(NC(C)C(C)(C)C)c(=O)c3=O)n2)c1,-2.900000965153469,training
O=c1nc(-c2ccc3[nH]ncc3c2)cc(-c2ccccc2)[nH]1,-2.900000965153469,training
O=C1NCc2c1cccc2-c1ccc(Nc2nc3ccccc3[nH]2)cc1,-3.59999981394342,valid
Cc1nn(C)c2sc3c(=O)[nH]cnc3c12,-4.500000046671104,training
CC(=O)Nc1ccc(-n2nc3ccc(N)nc3n2)cc1,-3.59999981394342,training
Nc1nnc2ccc(-c3ccccc3)cn12,-4.0,training
CCOC(=O)c1ccc2[nH]c3c(c2c1)CCNC3=O,-3.0,training
Cc1cccc(NC(=O)Nc2ccc(-c3cccc4c3CNC4=O)cc2)c1,-3.40000061697638,training
CN1CCC(NC(=O)c2cc3c(-c4ccccc4)n[nH]c3s2)CC1,-3.0,training
O=S(=O)(Nc1ccc2c(c1)C(=NO)c1ccccc1-2)c1cccc(Br)c1,-3.1999991251967965,test
Clc1cc(-c2c[nH]c3ncccc23)cc(NCc2ccccc2)n1,-2.200001865406602,training
COc1cc(OC)c(Nc2ccc3nnc(-c4ccccc4)n3n2)cc1Cl,-2.7000023971422538,training
Nc1ncnc2sccc12,-4.29999993144297,training
c1ccc(Cc2cn(-c3ccc4[nH]ncc4c3)nn2)cc1,-4.0,test
COc1cccc(C=C2SC(=Nc3ccccc3)NC2=O)c1,-2.800001827817969,training
Cc1ccc2c(Nc3cc(OCc4ccccc4Br)ccc3Sc3ccc(O)cc3)ncnc2n1,-3.6999997975545824,training
Nc1ncnc2scc(C(=O)Nc3ccc(NC(=O)Nc4ccccc4)cc3)c12,-4.0,valid
Cc1n[nH]c2ncc(C#N)c(-c3ccccc3)c12,-3.59999981394342,training
CSc1ccc2nc3c(c(Cl)c2c1)CCNC3=O,-2.0,valid
CN(C)CC(=O)NC(COc1cncc(-c2ccc3cnccc3c2)c1)Cc1c[nH]c2ccccc12,-3.500000321342936,training
O=C(O)c1ccccc1Nc1ccnc(Nc2ccc3[nH]ncc3c2)n1,-1.8000293592441343,training
N#CC1=C(c2ccccc2)CC(c2ccc(Cl)cc2)C(C(=O)c2ccccc2)C1=O,-2.7000023971422538,training
c1cnc2[nH]cc(-c3ccnc(NC4CCCCC4)n3)c2c1,-2.7000023971422538,training
Nc1nccc2scc(-c3ccc(NC(=O)Nc4cccc(Cl)c4)cc3)c12,-3.799999762890647,training
O=C1NCCc2[nH]c(-c3ccnc(-c4ccccc4F)c3)cc21,-2.900000965153469,training
O=C1NC(=O)c2c1c(-c1ccccc1Cl)cc1[nH]c3ccc(O)cc3c21,-1.4999618655961902,training
Cc1nnc(-c2cc3c(Oc4ccc(C(F)(F)F)cc4)cncc3s2)o1,-3.59999981394342,test
FC(F)(F)c1ccc(-c2nnc3ccc(NC4CCCCC4)nn23)cc1,-1.041392685158225,training
CN1CCCN(C(=O)c2cccc(-c3ccc(/C=C4/C(=O)Nc5ccc(Cl)cc54)o3)c2)CC1,-0.6989700043360189,test
O=C1NC(=O)/C(=C/c2cccc(C(F)(F)F)c2)S1,-1.380211241711606,valid
CC(C)(C)Nc1c(Nc2ccnc(Nc3ccc(-c4ccncc4)cc3)n2)c(=O)c1=O,-3.204119982655925,training
O=C(Nc1c[nH]c2ncccc12)c1cnn2ccc(NCC3(F)CCNCC3)nc12,1.7958800173440752,training
O=C(Nc1c[nH]c2ncc(-c3c(F)cccc3F)cc12)c1cnn2ccc(OCC3CCNCC3)nc12,1.3979400086720375,training
O=C(Nc1c[nH]c2ncc(-c3c(F)cccc3F)cc12)c1cnn2ccc(CCC3CCNCC3)nc12,1.8239087409443189,training
O=C(Nc1c[nH]c2ccc(-c3c(F)cccc3F)nc12)c1cnn2ccc(NCC3CCNCC3)nc12,1.42021640338319,training
O=C(Nc1c[nH]c2ccc(-c3c(F)cccc3F)cc12)c1cnn2ccc(NCC3CCNCC3)nc12,1.214670164989233,training
O=C(Nc1c[nH]c2ncccc12)c1cnn2ccc(NCC3CCNCC3)nc12,1.4436974992327127,test
O=C(Nc1c[nH]c2ncccc12)c1cnn2ccc(NCCc3ccccc3)nc12,1.3979400086720375,valid
N#Cc1ccc(Cc2cc(O)n3ncc(C(=O)Nc4c[nH]c5ncccc45)c3n2)cc1,1.2839966563652008,training
N#Cc1ccc(Cc2cc(O)n3ncc(C(=O)Nc4ccc(F)cc4)c3n2)cc1,-0.041392685158225,valid
O=C(Nc1ccc(F)cc1)c1cnn2c(O)cc(C3CCNCC3)nc12,-1.1760912590556811,valid
Nc1ccc(-c2ccccc2C(F)(F)F)nc1C(=O)Nc1cnccc1N1CCC[C@H](N)C1,-0.4771212547196624,test
Nc1nccc(-c2ccc(N)c(C(=O)Nc3cnccc3N3CCC[C@H](N)C3)n2)n1,-0.0,training
Nc1ccc(Oc2ccccc2)nc1C(=O)Nc1cnccc1N1CCC[C@H](N)C1,-0.6020599913279624,training
N[C@@H]1CCCN(c2c(/C=C3\SC(=O)NC3=O)cccc2-c2ccccc2)C1,1.769551078621726,training
CN1CCC(CNc2ccc3ncc(-c4cccc(OC(F)(F)F)c4)n3n2)CC1,-1.2041199826559248,training
Nc1cccnc1C(=O)Nc1cnccc1N1CCC[C@H](N)C1,-1.255272505103306,training
Nc1nccnc1C(=O)Nc1cnccc1N1CCC[C@H](N)C1,-1.2041199826559248,training
NCC1CCCN(c2ccncc2NC(=O)c2nccnc2N)C1,-1.041392685158225,training
NCCC(=O)N1CCN(c2ccncc2NC(=O)c2nccnc2N)CC1,-1.7481880270062005,training
NCC(=O)N1CCN(c2ccncc2NC(=O)c2nccnc2N)CC1,-2.0863598306747484,training
Nc1nccnc1C(=O)Nc1cnccc1N1CCNCC1,-2.908485018878649,training
Nc1nccnc1C(=O)Nc1cnccc1N1CCCCC1,-1.4771212547196624,training
CC(=O)Nc1nc(C(=O)Nc2cnc(N)cc2N2CCCCC2)cs1,-3.0,training
CC(=O)Nc1nc(C(=O)Nc2cnccc2N2CCCCC2)cs1,-1.7853298350107671,training
CC(=O)Nc1nc(C(=O)Nc2ccncc2N2CCCCC2)cs1,-1.7708520116421442,training
Nc1cccc(C(=O)Nc2ccccc2N2CCCCC2)n1,-3.361727836017593,training
O=C(Nc1ccccc1N1CCCCC1)c1ncccc1O,-4.089905111439398,training
Nc1cccnc1C(=O)Nc1ccccc1N1CCCCC1,-3.5185139398778875,valid
Nc1nccnc1C(=O)Nc1ccccc1N1CCCCC1,-2.6627578316815743,valid
CC(=O)Nc1nc(C(=O)Nc2ccccc2N2CCCCC2)cs1,-1.9590413923210936,training
O=C(Nc1ccccc1N1CCCCC1)c1cscn1,-3.255272505103306,valid
c1cncc(-c2cc3cn[nH]c3cn2)c1,-3.113943352306837,training
O=C(Nc1cn[nH]c1)c1cccnc1,-3.5185139398778875,test
Cc1n[nH]c2cnc(-c3cccnc3)cc12,-2.290034611362518,training
Cc1c[nH]c2cnc(-c3cccnc3)cc12,-2.903089986991944,training
Cc1n[nH]c2cnc(-c3cn[nH]c3)cc12,-2.478566495593843,test
Cc1n[nH]c2ccc(-c3cn[nH]c3)cc12,-3.505149978319906,training
c1ccc(-c2n[nH]c3cnc(-c4cccnc4)cc23)cc1,-0.9923325590474644,test
c1ccc(-c2n[nH]c3cnc(-c4cccnc4)cc23)nc1,-1.0334237554869496,training
Cc1n[nH]c2cnc(-c3cncc(N4CCC(N)CC4)n3)cc12,-0.7708520116421442,training
NC1CCN(c2cncc(-c3cc4c(-c5ccccc5F)n[nH]c4cn3)n2)CC1,0.9566377219788704,training
NCCNc1cccc(-c2n[nH]c3cnc(-c4cccnc4)cc23)n1,0.51427857351842,training
c1cncc(-c2cc3c(-c4cccc(N5CCNCC5)n4)n[nH]c3cn2)c1,1.4145392704914994,valid
Cc1cncc(-c2cc3c(-c4cccc(N5CCNCC5)n4)n[nH]c3cn2)c1,1.3872161432802643,training
Cc1cncc(-c2cc3c(-c4cccc(N5CCNCC5)n4)n[nH]c3cn2)n1,2.0,training
CCn1cncc(-c2cc3c(-c4cccc(N5CCNCC5)n4)n[nH]c3cn2)c1=O,1.8239087409443189,test
Cn1cc(-c2cc3c(-c4cccc(N5CCNCC5)n4)n[nH]c3cn2)cn1,1.4436974992327127,training
N#CCn1cc(-c2cc3c(-c4cccc(N5CCNCC5)n4)n[nH]c3cn2)cn1,1.6575773191777938,training
c1cc(-c2n[nH]c3cnc(-c4cnn(CC5CC5)c4)cc23)nc(N2CCNCC2)c1,1.6777807052660807,training
c1cc(-c2n[nH]c3cnc(-n4ccnc4)cc23)nc(N2CCNCC2)c1,-0.2600713879850748,training
NC(=O)Cc1cc2c(-c3cccc(N4CCNCC4)n3)n[nH]c2cn1,-2.2329961103921536,training
NC(=O)Nc1cc2c(-c3cccc(N4CCNCC4)n3)n[nH]c2cn1,-0.2966651902615311,training
CN1C(=O)CN(c2cc3c(-c4cccc(N5CCNCC5)n4)n[nH]c3cn2)C1=O,-1.492061604512599,training
c1cc(-c2n[nH]c3cnc(C4CCCO4)cc23)nc(N2CCNCC2)c1,-0.9294189257142929,training
c1cc(-c2n[nH]c3cnc(C4CCCOC4)cc23)nc(N2CCNCC2)c1,-0.5998830720736879,training
O=C1CN(c2cc3c(-c4cccc(N5CCNCC5)n4)n[nH]c3cn2)CCN1,-1.1072099696478683,training
c1cc(-c2n[nH]c3cnc(N4CCOCC4)cc23)nc(N2CCNCC2)c1,-0.5178554189300286,training
Cn1cc(-c2cc3c(-c4ccccn4)n[nH]c3cn2)cn1,-0.8867726430544381,training
Cn1cc(-c2cc3c(-c4cccc(N5CCCNCC5)n4)n[nH]c3cn2)cn1,1.6989700043360187,test
Cn1cc(-c2cc3c(-c4cccc(C5CCNCC5)n4)n[nH]c3cn2)cn1,0.6536470255493614,test
Cn1cc(-c2cc3c(-c4cccc(O[C@@H]5CCCNC5)n4)n[nH]c3cn2)cn1,0.5686362358410126,training
Cn1cc(-c2cc3c(-c4cccc(N5CC[C@@H](N)C5)n4)n[nH]c3cn2)cn1,1.0680338852718274,training
Cn1cc(-c2cc3c(-c4cccc(N5CCC[C@@H](N)C5)c4)n[nH]c3cn2)cn1,0.4106089768630669,training
Cc1ccc(-c2n[nH]c3cnc(-c4cnn(C)c4)cc23)nc1N1CCC[C@H](N)C1,1.8860566476931635,test
CCn1cc(-c2cc3c(-c4cccc(N5CCNCC5)n4)n[nH]c3cn2)cn1,1.136677139879544,training
Cn1ncc(NC(=O)c2nc(-c3c(F)cccc3F)sc2N)c1C1CCC(N)CC1,0.3353580244438744,training
Cn1ncc(NC(=O)c2nc(-c3c(F)cccc3F)sc2N)c1OC1CCNCC1,-0.2944662261615929,test
CCn1ncc(NC(=O)c2nc(-c3ccccc3F)sc2N)c1N1CCC[C@@H](N)CC1,-1.3010299956639813,training
Cn1ncc(NC(=O)c2nc(-c3ccccc3F)ccc2N)c1N1CCC[C@@H](N)C1,0.6090648928966209,training
Nc1sc(-c2c(F)cccc2F)nc1C(=O)Nc1cnn(CCF)c1,-1.0755469613925308,training
Cn1ncc(NC(=O)c2nc(-c3ccccc3F)cnc2N)c1N1CCC(N)CC1,0.5512936800949201,valid
Cn1ncc(NC(=O)c2ccc(F)c(-c3c(F)cccc3F)n2)c1N1CCC[C@@H](N)CC1,0.0472075569559079,training
CN1CCC(c2c(NC(=O)c3nc(-c4c(F)cccc4F)sc3N)cnn2C)CC1,-0.8836614351536176,training
Cn1ncc(NC(=O)c2nc(-c3c(F)cccc3F)sc2N)c1NCC1CCNCC1,-0.6570558528571039,training
Cn1ncc(NC(=O)c2nc(-c3ccccc3F)ccc2N)c1N1CC[C@@H](N)C1,-0.2833012287035495,training
Cn1ncc(NC(=O)c2nc(-c3c(F)cccc3F)sc2N)c1OCC1CCNCC1,-0.0569048513364725,training
Cn1ncc(NC(=O)c2nc(-c3ccccc3F)cnc2N)c1N1CCC[C@H](N)C1,0.562249437179612,training
CN[C@H]1CCCN(c2c(NC(=O)c3nc(-c4c(F)cccc4F)sc3N)cnn2C)CC1,1.0177287669604316,training
Nc1sc(-c2c(F)cccc2F)nc1C(=O)Nc1cn[nH]c1N1CCC[C@H](N)C1,-0.8129133566428556,training
Cn1ncc(NC(=O)c2nc(-c3c(F)cccc3F)sc2N)c1C1CCNCC1,-1.0170333392987805,training
Cn1ncc(NC(=O)c2nc(Cl)cnc2N)c1N1CCC[C@H](N)C1,-2.1367205671564067,training
Cn1ncc(NC(=O)c2cncc(-c3ccccc3F)n2)c1N1CCC[C@H](N)CC1,-1.3424226808222062,training
Cn1cc(NC(=O)c2nc(-c3c(F)cccc3F)sc2N)cn1,-1.2041199826559248,training
Cn1ncc(NC(=O)c2nc(Br)cnc2N)c1N1CCC[C@H](N)C1,-1.5888317255942073,training
Cn1ncc(NC(=O)c2nc(-c3ccccc3F)ccc2N)c1OC1CCNCC1,-0.6394864892685861,training
Cn1ncc(NC(=O)c2nc(-c3c(F)cccc3F)sc2N)c1N1CC[C@H](CN)C1,0.2958494831602009,training
Cn1ncc(NC(=O)c2nc(-c3ccccc3F)sc2N)c1N1CCC[C@H](N)C1,-0.0863598306747482,training
Cn1ncc(NC(=O)c2nc(-c3ccccc3)ccc2N)c1N1CCC(N)CC1,0.1180450286603995,training
Cn1ncc(NC(=O)c2nc(-c3ccccc3F)ccc2N)c1N1CCC[C@H](CN)C1,0.4647058799572294,training
Nc1ccc(C2CCCCC2)nc1C(=O)Nc1cnccc1[C@@H]1CCC[C@H](N)C1,-0.6989700043360189,training
Nc1ccc(-c2ccccc2F)nc1C(=O)Nc1cnccc1-c1ccncc1,-0.9030899869919436,training
Nc1ccc(-c2ccncc2NC(=O)c2nc(-c3ccccc3F)ccc2N)cn1,-0.6020599913279624,training
Nc1ccc(-c2c(F)cccc2F)nc1C(=O)Nc1cnccc1-c1cccnc1N,-1.4471580313422192,test
Nc1cncc(-c2ccncc2NC(=O)c2nc(-c3ccccc3F)ccc2N)n1,-0.4771212547196624,valid
Nc1cc(-c2ccncc2NC(=O)c2nc(-c3c(F)cccc3F)ccc2N)ccn1,-0.3010299956639812,test
Nc1cc(-c2ccncc2NC(=O)c2nc(-c3c(F)cccc3F)ccc2N)ncn1,-0.6020599913279624,training
Nc1nccc(-c2ccncc2NC(=O)c2nc(-c3c(F)cccc3F)ccc2N)n1,-0.7781512503836436,test
Nc1cc(-c2ccncc2NC(=O)c2nc(-c3ccccc3F)ccc2N)nc(N)n1,-1.230448921378274,training
CNCC1CCN(c2c(NC(=O)c3nc(-c4c(F)cccc4F)sc3N)cnn2C)CC1,1.3187587626244128,training
Cc1ccc(F)c(-c2nc(C(=O)Nc3cnn(C)c3N3CCNCC(F)(F)C3)c(N)s2)c1,1.7212463990471711,training
Cn1ncc(NC(=O)c2nc(-c3cc(F)ccc3F)sc2N)c1N1CCNCC(F)(F)C1,1.5228787452803376,training
CN[C@@H]1CCCN(c2c(NC(=O)c3nc(-c4c(F)cccc4F)sc3N)cnn2CC(F)F)CC1,1.1023729087095586,training
CN[C@@H]1CCCN(c2c(NC(=O)c3nc(-c4cc(F)ccc4F)sc3N)cnn2CC(F)F)CC1,0.3665315444204134,training
Nc1sc(-c2c(F)cccc2F)nc1C(=O)Nc1cnn(CC(F)F)c1N1CCCC(O)CC1,0.7798919119599449,test
Cc1ccc(F)c(-c2nc(C(=O)Nc3cnn(CC(F)F)c3N3CCCC(O)CC3)c(N)s2)c1,1.1023729087095586,valid
CC[C@H]1CNCCN1c1c(NC(=O)c2nc(-c3c(F)cccc3F)sc2N)cnn1C,1.1804560644581312,training
CC[C@@H]1CNCCN1/C(=N/C)C(C=N)NC(=O)c1nc(-c2c(F)cccc2F)sc1N,0.3223930472795068,test
Cn1ncc(NC(=O)c2nc(-c3c(F)ccc(C4CC4)c3F)sc2N)c1N1CCC[C@@H](N)CC1,1.8239087409443189,training
Cc1ccc(F)c(-c2nc(C(=O)Nc3cnn(C)c3N3CCC[C@@H](N)CC3)c(N)s2)c1F,2.0,training
N=CC(NC(=O)c1nc(-c2cc(F)ccc2F)sc1N)/C(=N\CC(F)F)N1CCCC(O)CC1,0.5346171485515817,test
Cn1ncc(NC(=O)c2nc(-c3c(F)cccc3F)sc2N)c1N1CCC2(CCNC2)CC1,1.2518119729937995,training
Nc1sc(-c2cc(F)ccc2F)nc1C(=O)Nc1cnn(CC(F)F)c1N1CCC[C@@H](N)CC1,0.9208187539523752,training
Cn1ncc(NC(=O)c2nc(-c3ccccn3)sc2N)c1N1CCNCC(F)(F)C1,0.6861327796308466,training
C/N=C(\C(C=N)NC(=O)c1nc(-c2ccccc2F)sc1N)N1CC[C@@H](N)[C@H](F)CC1,0.619788758288394,training
Cn1ncc(NC(=O)c2nc(-c3ccccc3F)cnc2N)c1N1CCC(N)C(F)CC1,0.8794260687941502,training
Cn1ncc(NC(=O)c2nc(-c3ccccc3F)ccc2N)c1N1CCC(N)C(F)CC1,0.7931741239681506,training
Cn1ncc(NC(=O)c2nc(-c3c(F)cccc3F)sc2N)c1N1CCC(N)CC(C)(O)C1,1.3419886033428876,valid
Cn1ncc(NC(=O)c2nc(-c3c(F)cccc3F)sc2N)c1N1CCC(O)CC(F)C1,1.3665315444204136,training
Cn1ncc(NC(=O)c2nc(-c3ccccc3F)sc2N)c1N1CC[C@H](N)CC(F)(F)C1,2.0,training
C[C@H]1CN(c2c(NC(=O)c3nc(-c4c(F)cccc4F)sc3N)cnn2CC(F)(F)F)CCN1,-0.3222192947339193,training
Nc1sc(-c2c(F)cccc2F)nc1C(=O)Nc1cnn(CC(F)(F)F)c1N1CCCCC(N)C1,0.7178312216953584,training
Cn1ncc(NC(=O)c2nc(-c3c(F)cccc3F)sc2N)c1N1CCNCC2(CC2)C1,1.6020599913279625,training
COC1CC(N)CCN(c2c(NC(=O)c3nc(-c4c(F)cccc4F)sc3N)cnn2C)C1,1.259637310505756,training
Cn1ncc(NC(=O)c2nc(-c3c(F)cccc3F)sc2N)c1N1CCCCCC1=O,-1.276461804173244,test
Cn1ncc(NC(=O)c2nc(-c3c(F)cccc3F)sc2N)c1N1CCNCCC1=O,-0.0086001717619175,training
COC1CCN(c2c(NC(=O)c3nc(-c4ccccn4)sc3N)cnn2C)CCC1N,0.0793549985932124,training
COC1CCN(c2c(NC(=O)c3nc(-c4ncccc4F)sc3N)cnn2C)CCC1N,0.575118363368933,training
COC1CCN(c2c(NC(=O)c3nc(-c4ccccc4F)sc3N)cnn2C)CCC1N,1.1586405295451452,training
COC1CCN(c2c(NC(=O)c3nc(-c4cc(C)ccc4F)sc3N)cnn2C)CCC1N,0.8153085691824012,training
COC1CCN(c2c(NC(=O)c3nc(-c4cc(F)ccc4F)sc3N)cnn2C)CCC1N,0.4156687756324692,valid
Cc1ccc(F)c(-c2nc(C(=O)Nc3cnn(C4CC4)c3N3CCC(N)C(F)CC3)c(N)s2)c1,0.7759851886271363,training
Nc1sc(-c2c(F)cccc2F)nc1C(=O)Nc1cnn(C2CC2)c1N1CCC(N)C(F)CC1,0.9732625057612522,test
Cn1ncc(NC(=O)c2nc(-c3c(F)cccc3F)sc2N)c1N1CCC[C@H](NCC2(C)COC2)CC1,0.530177984021837,test
Cn1ncc(NC(=O)c2nc(-c3c(F)cccc3F)sc2N)c1N1CCC[C@H](NCCO)CC1,0.9829666607012196,training
Cn1ncc(NC(=O)c2nc(-c3c(F)cccc3F)sc2N)c1N1CCC[C@H](N(CCO)CCO)CC1,0.7011469235902933,training
Nc1sc(-c2cc(F)ccc2F)nc1C(=O)Nc1cnn(C2CC2)c1N1CCC(N)C(F)CC1,0.7155692661554806,training
Cn1ncc(NC(=O)c2nc(-c3c(F)cccc3F)sc2N)c1N1CCOCCC1=O,-1.2227164711475833,training
Cn1ncc(NC(=O)c2nc(-c3c(F)cccc3F)sc2N)c1N1CC2CCC(C1)O2,0.1687703061329366,training
Cn1ncc(NC(=O)c2nc(-c3c(F)cccc3F)sc2N)c1N1CCC[C@H](NCC2COC2)CC1,1.1249387366083,training
Cn1ncc(NC(=O)c2nc(-c3c(F)cccc3F)sc2N)c1N1CCC[C@H](N(CC2COC2)CC2COC2)CC1,0.016824927962187,valid
Nc1sc(-c2c(F)cccc2F)nc1C(=O)Nc1cnn(C2CC2)c1N1CC[C@H](N)CC(F)(F)C1,2.0,training
Cn1ncc(NC(=O)c2nc(-c3c(F)cccc3F)sc2N)c1N1CC2CCC(C2)C1,0.1481303992702337,training
Cn1ncc(NC(=O)c2nc(-c3c(F)cccc3F)sc2N)c1N1CCCS(=O)(=O)CC1,0.1732774798310078,training
Cn1ncc(NC(=O)c2nc(-c3c(F)cccc3F)sc2N)c1N1CCCC2(CCCN2)CC1,1.6575773191777938,training
COC1(C)CC(N)CCN(c2c(NC(=O)c3nc(-c4c(F)cccc4F)sc3N)cnn2C)C1,1.2915790998652872,valid
Cn1ncc(NC(=O)c2nc(-c3c(F)cccc3F)sc2N)c1N1CC2CNCC(C1)O2,-1.526339277389844,training
Cn1ncc(NC(=O)c2nc(-c3c(F)cccc3F)sc2N)c1N1CCNCC(CO)C1,0.0294206942851491,training
Cn1ncc(NC(=O)c2nc(-c3c(F)cccc3F)sc2N)c1N1CCC2(CNC2)C1,0.1062382379420565,training
Cn1ncc(NC(=O)c2nc(-c3c(F)cccc3F)sc2N)c1N1CCC2(CCNC2=O)CC1,0.4078232426041331,training
Cn1ncc(NC(=O)c2nc(-c3c(F)cccc3F)sc2N)c1N1CC2(CCNC2)C1,-0.8356905714924255,training
Cn1ncc(NC(=O)c2nc(-c3c(F)cccc3F)sc2N)c1N1CCCN(C2CNC2)CC1,0.6020599913279624,valid
Cn1ncc(NC(=O)c2nc(-c3c(F)cccc3F)sc2N)c1C1CCCCC(F)(F)C1,0.2361977759254073,training
Cn1ncc(NC(=O)c2nc(-c3c(F)cccc3F)sc2N)c1N1CCC(O)CC(F)(F)C1,1.8239087409443189,training
CCn1ncc(NC(=O)c2nc(-c3ccccc3F)sc2N)c1N1CCC(N)C(F)CC1,0.4443011052810986,training
CC(=O)NC1(C)CCCN(c2c(NC(=O)c3nc(-c4c(F)cccc4F)sc3N)cnn2C)CC1,0.8996294548824371,test
Cn1ncc(NC(=O)c2nc(-c3c(F)cccc3F)sc2N)c1N1CCNCC(C#N)C1,-0.4487063199050799,training
Cn1ncc(NC(=O)c2nc(-c3c(F)cccc3F)sc2N)c1C1CCCCCC1,-0.5717088318086876,valid
CC(=O)NC1(C)CCCN(c2c(NC(=O)c3nc(-c4ncccc4F)sc3N)cnn2C)CC1,0.2125395254815849,training
CCOC1CCN(c2c(NC(=O)c3nc(-c4c(F)cccc4F)sc3N)cnn2C)CCC1N,1.0072992387414996,training
CCn1ncc(NC(=O)c2nc(-c3ccccc3F)sc2N)c1N1CCC(N)C(OC)CC1,-0.1504494094608805,training
Cn1ncc(NC(=O)c2nc(-c3cccc(=O)[nH]3)sc2N)c1N1CCC[C@H](N)CC1,-1.146128035678238,training
Cn1ncc(NC(=O)c2nc(-c3c(F)cccc3F)sc2N)c1N1CCCN(C(=O)CN)CC1,0.3757179041643317,training
Cn1ncc(NC(=O)c2nc(-c3c(F)cccc3F)sc2N)c1N1CCCN(CCN)CC1,0.6536470255493614,valid
Cn1ncc(NC(=O)c2nc(-c3c(F)cccc3F)sc2N)c1N1CCC2NCCOC2CC1,1.408935392973501,training
Cn1ncc(NC(=O)c2nc(-c3c(F)cccc3F)sc2N)c1N1CCCC(O)(C(F)(F)F)CC1,1.259637310505756,training
CNC1CCN(c2c(NC(=O)c3nc(-c4c(F)cccc4F)sc3N)cnn2C)CC(F)(F)C1,1.853871964321762,training
CO[C@H]1CC=C(c2c(NC(=O)c3nc(-c4c(F)cccc4F)sc3N)cnn2C)CC[C@@H]1N,1.1611509092627446,training
Cn1ncc(NC(=O)c2nc(-c3c(F)cccc3F)sc2N)c1N1CCCC(C)(N)CC1,1.3872161432802643,training
Cn1ncc(NC(=O)c2nc(-c3ccccc3F)sc2N)c1N1CCCC(C)(N)CC1,1.2365720064370636,training
Cn1ncc(NC(=O)c2nc(-c3ccnc(F)c3)sc2N)c1N1CCC[C@H](N)CC1,-0.3263358609287514,training
COc1ncccc1-c1nc(C(=O)Nc2cnn(C)c2N2CCC[C@H](N)CC2)c(N)s1,-0.0334237554869497,training
Cn1cc(-c2nc(C(=O)Nc3cnn(C)c3N3CCC[C@H](N)CC3)c(N)s2)cn1,0.1051303432547474,training
Cn1ncc(NC(=O)c2nc(-c3cncc(F)c3)sc2N)c1N1CCC[C@H](N)CC1,-0.6283889300503115,valid
Cc1noc(C)c1-c1nc(C(=O)Nc2cnn(C)c2N2CCC[C@H](N)CC2)c(N)s1,-0.6404814369704218,training
Cn1ncc(NC(=O)c2nc(-c3ccncc3F)sc2N)c1N1CC[C@H](N)[C@@H](F)CC1,0.4202164033831898,training
COC1CCC2(c3c(NC(=O)c4nc(-c5ccccc5F)sc4N)cnn3C)CCC1N2,0.4412914294668343,training
Cn1ncc(NC(=O)c2nc(-c3c(F)cccc3F)sc2N)c1N1CC[C@H](O)[C@@](C)(N)CC1,0.7011469235902933,training
Cc1cnc(F)c(-c2nc(C(=O)Nc3cnn(C)c3N3CCC[C@H](N)CC3)c(N)s2)c1,0.8416375079047503,test
COc1nccc(C)c1-c1nc(C(=O)Nc2cnn(C)c2N2CCC[C@H](N)CC2)c(N)s1,-0.568201724066995,training
Cc1ccncc1-c1nc(C(=O)Nc2cnn(C)c2N2CC[C@@H](N)[C@H](F)CC2)c(N)s1,0.0535477349869269,training
Cc1c(-c2nc(C(=O)Nc3cnn(C)c3N3CC[C@@H](N)[C@H](F)CC3)c(N)s2)cnn1C,0.5016894462103995,training
Cc1ncccc1-c1nc(C(=O)Nc2cnn(C)c2N2CC[C@@H](N)[C@H](F)CC2)c(N)s1,-0.0681858617461616,training
Cc1cc(-c2nc(C(=O)Nc3cnn(C)c3N3CC[C@@H](N)[C@H](F)CC3)c(N)s2)ccn1,-0.0170333392987803,test
Cn1ncc(NC(=O)c2nc(-c3cccc(C#N)n3)sc2N)c1N1CC[C@@H](N)[C@H](F)CC1,-0.1583624920952496,test
Cc1nn(C)cc1-c1nc(C(=O)Nc2cnn(C)c2N2CC[C@@H](N)[C@H](F)CC2)c(N)s1,0.3214816209598861,training
COC1(C)CC(N)CCN(c2c(NC(=O)c3nc(-c4c(F)cncc4F)sc3N)cnn2C)C1,0.648783654660658,training
COC1(C)CC(N)CCN(c2c(NC(=O)c3nc(-c4ccncc4F)sc3N)cnn2C)C1,1.0757207139381184,training
Cn1ncc(NC(=O)c2nc(-c3cc(C#N)ccc3F)sc2N)c1N1CC[C@@H](N)[C@H](F)CC1,-0.0334237554869497,training
Cc1cc(-c2nc(C(=O)Nc3cnn(C)c3N3CC[C@@H](N)[C@H](F)CC3)c(N)s2)cc(C)n1,-0.404833716619938,training
Cn1ncc(NC(=O)c2nc(-c3cncc(C#N)c3)sc2N)c1N1CC[C@@H](N)[C@H](F)CC1,-1.549003262025788,training
Cc1cnc(C)c(-c2nc(C(=O)Nc3cnn(C)c3N3CC[C@@H](N)[C@H](F)CC3)c(N)s2)c1,0.3506651412878581,training
Cn1ncc(NC(=O)c2nc(-c3c(F)cccc3F)sc2N)c1N1CCC(N)CC2(CCO2)C1,1.1706962271689751,training
C=C1C[C@@H](N)CCN(c2c(NC(=O)c3nc(-c4c(F)cccc4F)sc3N)cnn2C)C1,1.3279021420642825,training
CC1CC(N)CCN(c2c(NC(=O)c3nc(-c4c(F)cccc4F)sc3N)cnn2C)C1,1.9208187539523751,valid
Cn1ncc(NC(=O)c2nc(-c3c(F)cncc3F)sc2N)c1N1CC[C@H](N)CC(F)(F)C1,1.6382721639824072,training
Cn1ncc(NC(=O)c2nc(-c3c(F)cccc3F)sc2N)c1C1CCC(N)CC(C)(O)C1,0.6903698325741012,training
COC1(CN)CCN(c2c(NC(=O)c3nc(-c4c(F)cccc4F)sc3N)cnn2C)CC1,0.5900668766687054,valid
Cn1ncc(NC(=O)c2nc(-c3cccc(C#N)n3)sc2N)c1N1CC[C@@H](N)CC(F)(F)C1,1.0969100130080565,training
Cc1nn(C)cc1-c1nc(C(=O)Nc2cnn(C)c2N2CC[C@@H](N)CC(F)(F)C2)c(N)s1,1.5228787452803376,training
Cc1cc(-c2nc(C(=O)Nc3cnn(C)c3N3CC[C@@H](N)CC(F)(F)C3)c(N)s2)ccn1,1.2218487496163564,test
Cn1ncc(NC(=O)c2nc(-c3c(F)cccc3F)sc2N)c1N1CCC(O)(CN)CC1,1.4814860601221125,training
Cn1ncc(NC(=O)c2nc(-c3c(F)cccc3F)sc2N)c1N1CCC2(CC1)CNCCO2,1.3098039199714864,training
COC1(C)CCN(c2c(NC(=O)c3nc(-c4c(F)cccc4F)sc3N)cnn2C)CCC1N,1.3907614240449149,training
CC[C@H]1CN(c2c(NC(=O)c3nc(-c4c(F)cccc4F)sc3N)cnn2C)CC[C@@]1(CN)OC,1.3767507096020994,training
Cn1ncc(NC(=O)c2nc(-c3c(F)cccc3F)sc2N)c1N1CCC(N)C2(CCO2)CC1,0.9726503922252434,training
Cn1ncc(NC(=O)c2nc(-c3c(F)cccc3F)sc2N)c1N1C[C@H]2C[C@H](N)[C@@H](C1)O2,0.0515870342213989,training
Cn1ncc(NC(=O)c2nc(-c3c(F)cccc3F)sc2N)c1N1CCC(N)C(O)(CCO)CC1,1.42021640338319,valid
Cn1ncc(NC(=O)c2nc(-c3c(F)cccc3F)sc2N)c1N1CCCC2(CNC2)C1,0.889410289700751,training
Cn1ncc(NC(=O)c2nc(-c3c(F)cccc3F)sc2N)c1N1CC[C@@H]2OC(=O)N[C@]2(C)CC1,1.0757207139381184,training
Cn1ncc(NC(=O)c2nc(-c3c(F)cccc3F)sc2N)c1N1CCC(N)C(C(F)F)CC1,0.5287082889410615,valid
Cn1ncc(NC(=O)c2nc(-c3c(F)cccc3F)sc2N)c1N1CCC(N)C(CO)CC1,1.2365720064370629,training
CO[C@@H]1CCN(c2c(NC(=O)c3nc(-c4c(F)cccc4F)sc3N)cnn2C)CC2(CC2)[C@@H]1N,1.3279021420642825,training
Cn1ncc(NC(=O)c2nc(-c3c(F)cccc3F)sc2N)c1N1CCC(F)C(C)(N)CC1,1.3010299956639813,test
Cn1ncc(NC(=O)c2nc(-c3c(F)cccc3F)sc2N)c1N1CCCC(F)(CN)CC1,1.288192770958809,training
COC1(CN)CCCN(c2c(NC(=O)c3nc(-c4c(F)cccc4F)sc3N)cnn2C)CC1,1.1487416512809248,valid
Cc1n[nH]c2cnc(-c3ccn[nH]3)cc12,-3.113943352306837,training
NC1CCN(Cc2n[nH]c3cnc(-c4cccnc4)cc23)CC1,-3.146128035678238,training
NC1CCN(Cc2n[nH]c3cnc(-c4cn[nH]c4)cc23)CC1,-3.041392685158225,valid
c1cncc(-c2cc3c(CNC4CCNCC4)n[nH]c3cn2)c1,-3.57978359661681,training
c1cncc(-c2cc3c(CNCC4CCNCC4)n[nH]c3cn2)c1,-3.505149978319906,training
Cc1n[nH]c2cnc(-c3cnn(C4COC4)c3)cc12,-2.926342446625655,training
Cc1n[nH]c2cnc(-c3cncnc3)cc12,-3.544068044350276,valid
Fc1ccccc1-c1n[nH]c2cnc(-c3cccnc3)cc12,-2.0863598306747484,training
Cc1n[nH]c2cnc(-c3cnccn3)cc12,-2.792391689498254,training
Cc1n[nH]c2cnc(-c3cccc(F)c3)cc12,-3.342422680822206,training
Cc1n[nH]c2cnc(-c3cncc(F)c3)cc12,-2.867467487859052,training
NC(=O)c1cccc(-c2n[nH]c3cnc(-c4cccnc4)cc23)c1,-2.4871383754771865,training
FC(F)(F)c1cccc(-c2n[nH]c3cnc(-c4cccnc4)cc23)c1,-1.2013971243204515,training
Cc1n[nH]c2cnc(-c3cnn(C)c3)cc12,-2.416640507338281,training
NC1CCN(c2ccncc2-c2cc3c(-c4ccccc4F)n[nH]c3cn2)CC1,-3.1760912590556813,training
Cn1cc(-c2cc3c(-c4ccccc4F)n[nH]c3cn2)cn1,-0.8948696567452525,training
NC[C@@H]1CCN(c2ccncc2-c2cc3c(-c4ccccc4F)n[nH]c3cn2)C1,-3.1760912590556813,training
Fc1cccc(-c2n[nH]c3cnc(-c4cccnc4)cc23)n1,-1.1172712956557642,training
O=c1cccc(-c2n[nH]c3cnc(-c4cccnc4)cc23)[nH]1,-2.113943352306837,training
Cn1cc(-c2cc3c(-c4ccccc4)n[nH]c3cn2)cn1,-0.7458551951737289,training
N#CCc1n[nH]c2cnc(-c3cccnc3)cc12,-2.916980047320382,training
Cn1cc(-c2cc3c(CC#N)n[nH]c3cn2)cn1,-2.5877109650189114,valid
Fc1ccccc1-c1n[nH]c2cnc(-c3cn[nH]c3)cc12,-0.9390197764486664,training
c1ccc(-c2n[nH]c3cnc(-c4cn[nH]c4)cc23)cc1,-0.6637009253896482,training
Fc1ccccc1-c1n[nH]c2cnc(-c3cncnc3)cc12,-2.761175813155732,training
NC1CCCN(c2ccncc2-c2cc3c(-c4ccccc4F)n[nH]c3cn2)CC1,-2.406540180433955,training
NC[C@@H]1CCCN(c2ccncc2-c2cc3c(-c4ccccc4F)n[nH]c3cn2)C1,-2.6148972160331345,training
c1ccc(-c2n[nH]c3cnc(-n4cncn4)cc23)cc1,-2.48572142648158,training
NC1CCN(c2cccc(-c3n[nH]c4cnc(-c5cccnc5)cc34)n2)CC1,1.0762380391712998,test
N#CCc1n[nH]c2cnc(-c3cn[nH]c3)cc12,-2.510545010206612,training
c1ccc(-c2n[nH]c3cnc(-n4ccnc4)cc23)cc1,-1.4265112613645752,training
c1ccc(-c2n[nH]c3cnc(-c4cncnc4)cc23)cc1,-2.320146286111054,training
Fc1ccccc1-c1n[nH]c2cnc(-c3cnccc3OCC3CCNCC3)cc12,0.2118316288588323,test
c1cncc(-c2cc3c(-c4cn[nH]c4)n[nH]c3cn2)c1,-0.3636119798921443,training
NC1CCN(c2cncc(-c3cc4c(-c5ccccc5F)n[nH]c4cn3)c2)CC1,-0.1172712956557642,training
NC1CCN(c2cncc(-c3n[nH]c4cnc(-c5cccnc5)cc34)c2)CC1,-0.3222192947339193,valid
NCCNc1cc(-c2n[nH]c3cnc(-c4cccnc4)cc23)ccn1,0.0264103765727431,training
NC1CCN(c2cc(-c3n[nH]c4cnc(-c5cccnc5)cc34)ccn2)CC1,-0.4440447959180762,valid
Cn1cc(-c2cc3c(-c4cnn(C)c4)n[nH]c3cn2)cn1,-0.2833012287035495,training
NC[C@H]1CCN(c2cncc(-c3cc4c(-c5ccccc5F)n[nH]c4cn3)c2)C1,-0.2787536009528289,training
NCC1CCN(c2cncc(-c3n[nH]c4cnc(-c5cccnc5)cc34)c2)CC1,0.0065637695023882,training
NC1CCCN(c2cncc(-c3cc4c(-c5ccccc5F)n[nH]c4cn3)c2)CC1,0.2410881076020264,valid
NCC1CCN(c2cncc(-c3cc4c(-c5ccccc5F)n[nH]c4cn3)c2)CC1,-0.2329961103921538,training
NC[C@H]1CCN(c2cncc(-c3n[nH]c4cnc(-c5cccnc5)cc34)c2)C1,-0.2041199826559248,training
NC1CCCN(c2cncc(-c3n[nH]c4cnc(-c5cccnc5)cc34)c2)CC1,-0.1303337684950061,training
c1cncc(-c2cc3c(-c4cncc(NC5CCNCC5)c4)n[nH]c3cn2)c1,0.3535962737769304,training
Fc1ccccc1-c1n[nH]c2cnc(-c3cncc(NC4CCNCC4)c3)cc12,-0.3838153659804312,training
COc1ccc(F)c(-c2n[nH]c3cnc(-c4cnn(C)c4)cc23)c1,-0.5751878449276611,training
Cn1cc(-c2cc3c(-c4cccc(N5CCC(N)CC5)n4)n[nH]c3cn2)cn1,1.0655015487564323,test
c1cncc(-c2cc3c(-c4cnn(C5CCNCC5)c4)n[nH]c3cn2)c1,0.5228787452803376,test
c1cncc(-c2cc3c(-c4cccnc4)n[nH]c3cn2)c1,-0.8102325179950841,valid
NC(=O)Cn1cc(-c2cc3c(-c4cccc(F)n4)n[nH]c3cn2)cn1,-1.24551266781415,training
N[C@H]1CCCN(c2cncc(-c3cc4c(-c5ccccc5F)n[nH]c4cn3)c2)C1,0.5783960731301689,training
Cn1cc(-c2cc3c(-c4cccc(N5CCC(CN)CC5)n4)n[nH]c3cn2)cn1,1.0705810742857071,valid
Cn1cc(-c2cc3c(-c4cccc(NCC5CCNCC5)n4)n[nH]c3cn2)cn1,0.370590400897281,training
Cn1cc(-c2cc3c(-c4cccc(-c5cnn(C)c5)n4)n[nH]c3cn2)cn1,0.2992962828549806,training
c1ccc(-c2n[nH]c3cnc(-c4ccoc4)cc23)cc1,-1.8506462351830664,test
c1cncc(-c2cc3c(-c4cnn(CC5CCNCC5)c4)n[nH]c3cn2)c1,0.1444808443321999,training
c1cncc(-c2cc3c(-c4cccc(N5CCCNCC5)n4)n[nH]c3cn2)c1,1.8239087409443189,training
c1cncc(-c2cc3c(-c4cc[nH]n4)n[nH]c3cn2)c1,-0.4199557484897578,training
c1cncc(-c2cc3c(-c4ccncc4)n[nH]c3cn2)c1,-0.9429995933660404,training
Fc1ccccc1-c1n[nH]c2cnc(-c3cnccc3OC3CCNCC3)cc12,0.2464169411070934,training
Fc1ccccc1-c1n[nH]c2cnc(-c3cnccc3OC3CNC3)cc12,-0.4941545940184428,test
Fc1ccccc1-c1n[nH]c2cnc(-c3cnccc3OCC3CCCNC3)cc12,0.0282604091122217,training
Cn1cc(-c2cc3c(-c4cccc(NC5CCNCC5)n4)n[nH]c3cn2)cn1,1.0362121726544449,valid
Cc1ccc(F)c(-c2n[nH]c3cnc(-c4cnn(C)c4)cc23)c1,-0.7839035792727349,valid
Fc1ccccc1-c1n[nH]c2cnc(-c3cnccc3NCC3CCNCC3)cc12,-1.3560258571931227,training
Fc1cncc(-c2cc3c(-c4cccc(N5CCNCC5)n4)n[nH]c3cn2)c1,0.5466816599529624,training
c1cc(-c2n[nH]c3cnc(C4CCOC4)cc23)nc(N2CCNCC2)c1,-0.9283958522567138,training
c1ccc(-c2n[nH]c3cnc(-c4cnccn4)cc23)cc1,-1.6190933306267428,training
c1cncc(-c2cc3c(-c4ccn(C5CCNCC5)n4)n[nH]c3cn2)c1,0.5044556624535516,training
Cn1cc(-c2cc3c(-c4cccc(N5C[C@@H]6C[C@H]5CN6)n4)n[nH]c3cn2)cn1,0.8996294548824371,training
Cn1cc(-c2cc3c(-c4cccc(NCCc5c[nH]cn5)n4)n[nH]c3cn2)cn1,0.5272435506827877,training
Fc1ccccc1-c1n[nH]c2cnc(-c3cnc[nH]3)cc12,-1.4899584794248346,training
Fc1ccccc1-c1n[nH]c2cnc(-c3cnccn3)cc12,-1.5250448070368452,training
Fc1ccccc1-c1n[nH]c2cnc(-c3cnccc3OCCC3CCNCC3)cc12,0.4213607900319276,training
Cn1cc(-c2n[nH]c3cnc(-c4cncc(N5CCC(N)CC5)n4)cc23)cn1,1.0177287669604316,training
CN1CCN(c2cc3c(-c4cccc(N5CCNCC5)n4)n[nH]c3cn2)CC1=O,-1.5854607295085006,valid
C1=C(c2n[nH]c3cnc(-c4cccnc4)cc23)CCC1,-0.4517864355242902,training
Cn1cc(-c2cc3c(-c4cccc(N5CCCCC(N)C5)n4)n[nH]c3cn2)cn1,1.2924298239020635,training
c1cncc(-c2cc3c(C4CCCC4)n[nH]c3cn2)c1,-1.6334684555795866,valid
NC(=O)C1(N)CCN(c2cccc(-c3n[nH]c4cnc(-c5cccnc5)cc34)n2)CC1,0.6575773191777937,training
Cn1ccc(-c2n[nH]c3cnc(-c4cccnc4)cc23)n1,-0.8549130223078556,training
Cn1ccc(-c2n[nH]c3cnc(-c4cncc(N5CCC(N)CC5)n4)cc23)n1,1.2924298239020635,training
N#CCc1cc2c(-c3cccc(N4CCNCC4)n3)n[nH]c2cn1,-2.765668554759014,training
CNC(=O)C1(N)CCN(c2cccc(-c3n[nH]c4cnc(-c5cccnc5)cc34)n2)CC1,0.4522252946121775,training
Nc1ncccc1-c1cc2c(-c3cccc(N4CCNCC4)n3)n[nH]c2cn1,0.5734887386354247,training
N#Cc1cc(-c2n[nH]c3cnc(-c4cccnc4)cc23)cc(N2CCNCC2)c1,-0.7226339225338123,training
NC1CCN(c2nc(-c3n[nH]c4cnc(-c5cccnc5)cc34)ccc2Cl)CC1,1.0177287669604316,training
Cc1ccc(-c2n[nH]c3cnc(-c4cccnc4)cc23)nc1N1CCC(N)CC1,1.3098039199714864,test
Cn1cc(-c2cc3c(-c4cnn(CC(C)(C)O)c4)n[nH]c3cn2)cn1,0.4100503986742922,training
Cn1cc(-c2cc3c(-c4cccc(N[C@H]5CC[C@@H](N)CC5)n4)n[nH]c3cn2)cn1,1.3979400086720375,valid
c1cncc(-c2cc3c(N4CCCC4)n[nH]c3cn2)c1,-1.0,training
CN1CCN(c2n[nH]c3cnc(-c4cccnc4)cc23)C1=O,-1.2671717284030135,training
CN1CCN(c2nc(-c3n[nH]c4cnc(-c5cccnc5)cc34)ccc2Cl)CC1,0.9469215565165804,training
c1ccc(-c2cc3c(-c4ccccn4)n[nH]c3cn2)nc1,-3.1760912590556813,training
Cc1ccc(-c2n[nH]c3cnc(-c4cccnc4)cc23)nc1N1CCN(C)CC1,1.494850021680094,training
O=C1CCCN1c1n[nH]c2cnc(-c3cccnc3)cc12,-1.907948521612272,training
CN1CC(c2cc3c(-c4ccccc4)n[nH]c3cn2)=CC1=O,-2.963787827345555,training
O=C1CCCCN1c1n[nH]c2cnc(-c3cccnc3)cc12,-3.041392685158225,training
c1cncc(-c2cc3c(-c4cccc(N5CCCCC5)n4)n[nH]c3cn2)c1,0.3819519032879073,valid
CN1CC(c2cc3c(-c4ccccc4)n[nH]c3cn2)CC1=O,-2.3820170425748683,training
c1cncc(-c2cc3c(-c4cccc(N5CCOCC5)n4)n[nH]c3cn2)c1,0.5816987086802545,training
O[C@@H]1CCCN(c2cccc(-c3n[nH]c4cnc(-c5cccnc5)cc34)n2)C1,1.136677139879544,training
OC1CCN(c2cccc(-c3n[nH]c4cnc(-c5cccnc5)cc34)n2)CC1,0.826813731587726,test
c1cncc(-c2cc3c(-c4cccc(N5CCC(C6CCNCC6)CC5)n4)n[nH]c3cn2)c1,1.154901959985743,training
Cc1ccc(-c2n[nH]c3cnc(-c4cccnc4)cc23)nc1F,-0.6785183790401139,training
Cc1ccc(-c2n[nH]c3cnc(-c4cccnc4)cc23)nc1,-0.8401060944567578,training
NCC1CCN(c2cccc(-c3n[nH]c4cnc(-c5cccnc5)cc34)n2)CC1,1.0,training
O=C1CN(c2cccc(-c3n[nH]c4cnc(-c5cccnc5)cc34)n2)CCN1,0.4546928835341759,training
C1=C(c2n[nH]c3cnc(-c4cccnc4)cc23)CCCO1,-1.4593924877592308,training
OCCN1CCN(c2cccc(-c3n[nH]c4cnc(-c5cccnc5)cc34)n2)CC1,0.785156151952302,training
NCCCCNc1cccc(-c2n[nH]c3cnc(-c4cccnc4)cc23)n1,0.5900668766687054,training
C1=C(c2n[nH]c3cnc(-c4cccnc4)cc23)CCO1,-1.0253058652647702,valid
Cn1cc(-c2cc3c(-c4cccc(N5CCC(N)(C(F)(F)F)C5)n4)n[nH]c3cn2)cn1,1.031517051446065,training
N[C@@H]1CCN(c2nc(-c3n[nH]c4cnc(-c5cccnc5)cc34)ccc2Br)C1,0.9281179926938746,training
Cc1ccc(-c2n[nH]c3cnc(-c4cccnc4)cc23)nc1N1CCC(O)CC1,1.0655015487564323,training
O[C@@H]1CCCN(c2nc(-c3n[nH]c4cnc(-c5cccnc5)cc34)ccc2Br)C1,0.5833594926617189,training
OC1CCN(c2nc(-c3n[nH]c4cnc(-c5cccnc5)cc34)ccc2Br)CC1,0.7423214251308154,valid
Cn1cc(-c2cc3c(-c4cccc(N5CCC(O)CC5)n4)n[nH]c3cn2)cn1,0.7746907182741372,training
O=C1N(c2n[nH]c3cnc(-c4cccnc4)cc23)CCC12CCNCC2,-1.6009728956867482,training
O=C1N(CC2CCNCC2)CCN1c1n[nH]c2cnc(-c3cccnc3)cc12,-0.9885589568786156,training
Cn1cc(-c2cc3c(-c4cccc(NCC(C)(C)O)n4)n[nH]c3cn2)cn1,1.4685210829577449,training
NC(=O)Nc1cc2c(-c3cccc(N4CCC[C@H](N)C4)n3)n[nH]c2cn1,-1.14921911265538,training
N[C@H]1CCC[C@@H](Oc2cccc(-c3n[nH]c4cnc(-c5cccnc5)cc34)n2)C1,0.1778319206319824,training
N[C@@H]1CCCN(c2nccc(-c3n[nH]c4cnc(-c5cccnc5)cc34)n2)C1,1.154901959985743,valid
O=C1CNCCN1c1cccc(-c2n[nH]c3cnc(-c4cccnc4)cc23)n1,-0.469822015978163,training
NC(=O)c1ccnc(-c2n[nH]c3cnc(-c4cccnc4)cc23)c1,-0.7781512503836436,training
O=C1N(CC2CCNC2)CCN1c1n[nH]c2cnc(-c3cccnc3)cc12,-0.6138418218760693,training
N[C@H]1CCN(c2cccc(-c3n[nH]c4cnc(-c5cccnc5)cc34)n2)C1=O,0.2549252084179425,training
C=Cc1ccc(-c2n[nH]c3cnc(-c4cccnc4)cc23)nc1N1CCC[C@H](N)C1,1.853871964321762,training
C=C(C)c1ccc(-c2n[nH]c3cnc(-c4cccnc4)cc23)nc1N1CCC[C@H](N)C1,2.0,test
Cc1ccc(-c2n[nH]c3cnc(-c4cccnc4)cc23)nc1N1CCC[C@@H](O)C1,0.9507819773298184,training
Cc1ccc(-c2n[nH]c3cnc(-c4cccnc4)cc23)nc1N1CCC[C@@H](N)C1,0.8632794328435931,valid
c1cncc(-c2cc3c(N4CCC(N5CCNCC5)C4)n[nH]c3cn2)c1,-0.5865873046717549,training
N[C@H]1C[C@@H](F)CN(c2cccc(-c3n[nH]c4cnc(-c5cccnc5)cc34)n2)C1,1.1791420105603,valid
O=C1CN(c2cccc(-c3n[nH]c4cnc(-c5cccnc5)cc34)n2)CCCN1,0.4921441283041691,training
c1ccc(-c2n[nH]c3cnc(-c4cncs4)cc23)cc1,-1.5185139398778875,training
NCC1CCCCN1c1cccc(-c2n[nH]c3cnc(-c4cccnc4)cc23)n1,0.5287082889410615,training
NC1CCN(C(=O)C2CCN(c3n[nH]c4cnc(-c5cccnc5)cc34)C2=O)CC1,-2.0253058652647704,training
NCCNC(=O)c1cccc(-c2n[nH]c3cnc(-c4cccnc4)cc23)n1,-1.2479732663618066,training
CCc1ccc(-c2n[nH]c3cnc(-c4cccnc4)cc23)nc1N1CCC[C@H](N)C1,1.4559319556497243,training
CC(C)c1ccc(-c2n[nH]c3cnc(-c4cccnc4)cc23)nc1N1CCC[C@H](N)C1,1.337242168318426,training
O=C(NC1CNC1)c1cccc(-c2n[nH]c3cnc(-c4cccnc4)cc23)n1,-1.2174839442139065,training
CN1CCN(c2cc3c(-c4ccccc4)n[nH]c3cn2)CC1=O,-2.8195439355418688,test
CN1CCN(c2cc3c(-c4cnn(C)c4)n[nH]c3cn2)CC1=O,-2.857935264719429,training
NCCC1CCN(c2cccc(-c3n[nH]c4cnc(-c5cccnc5)cc34)n2)C1,0.8860566476931632,training
N[C@H]1CCN(c2ccc(-c3n[nH]c4cnc(-c5cccnc5)cc34)nc2)C1=O,-0.1958996524092337,training
NC1CCN(C(=O)c2cccc(-c3n[nH]c4cnc(-c5cccnc5)cc34)n2)CC1,-1.1038037209559568,training
O=C(NC1CCNCC1)c1cccc(-c2n[nH]c3cnc(-c4cccnc4)cc23)n1,-1.484299839346786,training
c1ccc(-c2n[nH]c3cnc(-c4cncs4)cc23)nc1,-1.3891660843645326,training
CN1CCN(c2cc3c(-c4ccccc4F)n[nH]c3cn2)CC1=O,-3.740362689494244,training
C#Cc1ccc(-c2n[nH]c3cnc(-c4cccnc4)cc23)nc1N1CCC[C@H](N)C1,2.0,test
NC(=O)[C@@H]1CCCN1c1ccc(-c2n[nH]c3cnc(-c4cccnc4)cc23)nc1,-0.5910646070264992,training
N[C@H]1CCCN(c2cccc(-c3n[nH]c4cnc(N5CCNC(=O)C5)cc34)n2)C1,-1.136720567156407,training
O=C1CNCCN1c1cc2c(-c3cccc(N4CCNCC4)n3)n[nH]c2cn1,-2.3404441148401185,training
Fc1ccccc1-c1n[nH]c2cnc(-c3cncs3)cc12,-1.428134794028789,training
CN1CCN(c2cc3c(-c4ccccn4)n[nH]c3cn2)CC1=O,-3.681241237375587,training
[O-][n+]1cc(C(F)(F)F)ccc1-c1n[nH]c2cnc(-c3cccnc3)cc12,-1.990782691803138,training
CN1C(=O)CN(c2cc3c(-c4ccccc4)n[nH]c3cn2)C1=O,-2.907948521612272,training
OCCN1CCCN(c2cccc(-c3n[nH]c4cnc(-c5cccnc5)cc34)n2)CC1,0.585026652029182,training
c1cc(-c2n[nH]c3cnc(-c4cncs4)cc23)nc(N2CCCCC2)c1,-0.0863598306747482,training
c1cc(-c2n[nH]c3cnc(-c4cncs4)cc23)nc(N2CCNCC2)c1,1.1307682802690238,training
Cn1cc(-c2cc3c(-c4ccnc(N5CCCCC5)n4)n[nH]c3cn2)cn1,0.4365189146055893,training
CCCCc1ccc(-c2n[nH]c3cnc(-c4cccnc4)cc23)nc1N1CCC[C@H](N)C1,1.1023729087095586,training
c1cc(-c2n[nH]c3cnc(-n4ccnc4)cc23)nc(N2CCCCC2)c1,-0.3820170425748684,training
Cn1ccc(-c2cc3c(-c4cccc(N5CCNCC5)n4)n[nH]c3cn2)cc1=O,0.0132282657337551,training
Cc1ccc(-c2cc3c(-c4cccc(N5CCNCC5)n4)n[nH]c3cn2)cn1,0.6635402661514704,training
CCn1cc(-c2cc3c(-c4cccc(N5CCN(C)CC5)n4)n[nH]c3cn2)cn1,0.5466816599529624,training
O=C1OCCN1c1cc2c(-c3cccc(N4CCCCC4)n3)n[nH]c2cn1,-2.683947130751512,test
CCCn1cc(-c2cc3c(-c4cccc(N5CCNCC5)n4)n[nH]c3cn2)cn1,1.408935392973501,training
Fc1ccc(-c2cc3c(-c4cccc(N5CCNCC5)n4)n[nH]c3cn2)cn1,0.0990869322623309,valid
CC(C)(CN)Cn1cc(-c2n[nH]c3cnc(-c4cccnc4)cc23)ccc1=O,-0.1105897102992489,test
CC(C)Cn1cc(-c2cc3c(-c4cccc(N5CCNCC5)n4)n[nH]c3cn2)cn1,1.2441251443275083,training
COCCn1cc(-c2cc3c(-c4cccc(N5CCNCC5)n4)n[nH]c3cn2)cn1,1.2218487496163564,training
CCn1cc(-c2cc3c(-c4cccc(N5C[C@@H](N)C[C@@H](F)C5)n4)n[nH]c3cn2)cn1,0.8827287043442358,test
N[C@H]1CCCN(c2nc(-c3n[nH]c4cnc(-c5cccnc5)cc34)ccc2C(F)(F)F)C1,0.9318141382538384,training
Cn1cc(-c2cc3c(-c4ccc(Br)c(N5CC(N6CCS(=O)(=O)CC6)C5)n4)n[nH]c3cn2)cn1,-0.2013971243204515,training
CC(C)(O)Cn1cc(-c2cc3c(-c4cccc(N5CCNCC5)n4)n[nH]c3cn2)cn1,0.8601209135987634,training
CC(C)n1cc(-c2cc3c(-c4cccc(N5CCNCC5)n4)n[nH]c3cn2)cn1,0.6716203965612623,training
c1cc(-c2n[nH]c3cnc(-c4cnn(C5CCC5)c4)cc23)nc(N2CCNCC2)c1,0.8794260687941502,test
FCCn1cc(-c2cc3c(-c4cccc(N5CCNCC5)n4)n[nH]c3cn2)cn1,0.9665762445130504,training
Cn1cc(-c2cc3c(-c4ccc(Br)c(N5CCC(N)CC5)n4)n[nH]c3cn2)cn1,1.5228787452803376,test
CCn1cc(-c2cc3c(-c4cccc(N5C[C@@H]6CNC[C@@H]6C5)n4)n[nH]c3cn2)cn1,0.393618634889395,training
N#Cc1cc2c(-c3cccc(N4CCNCC4)n3)n[nH]c2cn1,-1.7084209001347128,training
CN1CCN(c2nc(-c3n[nH]c4cnc(-c5cnn(C)c5)cc34)ccc2Br)CC1,1.154901959985743,test
CCn1cc(-c2cc3c(-c4ccc(Br)c(N5CCC[C@H](N)C5)n4)n[nH]c3cn2)cn1,1.3979400086720375,training
CCn1cc(-c2cc3c(-c4ccc(Br)c(N5CCNCC5)n4)n[nH]c3cn2)cn1,1.0457574905606752,training
Cn1cc(-c2cc3c(-c4ccc(Br)c(N5CC(N6CCNC(=O)C6)C5)n4)n[nH]c3cn2)cn1,0.2781893847874533,training
Cn1cc(-c2cc3c(-c4ccc(Br)c(N5CCN(CCS(C)(=O)=O)C(C)(C)C5)n4)n[nH]c3cn2)cn1,0.5867002359187481,training
CCn1cc(-c2cc3c(-c4cccc(N5CCCNCC5)n4)n[nH]c3cn2)cn1,1.6989700043360187,training
C=Cc1ccc(-c2n[nH]c3cnc(-c4cnn(C)c4)cc23)nc1N1CCC[C@H](N)C1,1.4436974992327127,training
Cc1ccc(-c2n[nH]c3cnc(-c4cnn(C)c4)cc23)nc1N1CC(N2CCS(=O)(=O)CC2)C1,-0.0086001717619175,valid
C=C(C)c1ccc(-c2n[nH]c3cnc(-c4cnn(C)c4)cc23)nc1N1CCC[C@H](N)C1,1.5528419686577808,training
O=C1OCCN1c1cc2c(-c3cccc(N4CCNCC4)n3)n[nH]c2cn1,-2.0170333392987803,training
c1cc(-c2n[nH]c3cnc(-c4cnn(CC5COC5)c4)cc23)nc(N2CCNCC2)c1,-1.0530784434834195,training
Cc1ccc(-c2n[nH]c3cnc(-c4cnn(C)c4)cc23)nc1N1CCNCC1,1.2924298239020635,training
Cc1ccc(-c2n[nH]c3cnc(-c4cnn(C)c4)cc23)nc1N1CCOCC1,0.7958800173440752,training
Cn1cc(-c2cc3c(-c4cccc(N5CCOCC5)n4)n[nH]c3cn2)cn1,0.4341521813264823,training
FC1(c2cccc(-c3n[nH]c4cnc(-c5cccnc5)cc34)n2)CCNCC1,0.978810700930062,training
OC1(c2cccc(-c3n[nH]c4cnc(-c5cccnc5)cc34)n2)CCNCC1,-2.477222578278151,training
Cc1ccc(-c2n[nH]c3cnc(-c4cnn(C)c4)cc23)nc1N1CC(N2CCNC(=O)C2)C1,0.2090115249111841,training
Cc1ccc(-c2n[nH]c3cnc(-c4cccnc4)cc23)nc1N1CC(N2CCNC(=O)C2)C1,0.3372421683184259,training
C=C(C)c1ccc(-c2n[nH]c3cnc(-c4cnn(CC)c4)cc23)nc1N1CCC[C@H](N)C1,1.7958800173440752,training
Cc1ccc(-c2n[nH]c3cnc(-c4cnn(C)c4)cc23)nc1N1CCN(CCS(C)(=O)=O)C(C)(C)C1,0.9507819773298184,training
CCc1ccc(-c2n[nH]c3cnc(-c4cnn(C)c4)cc23)nc1N1CCC[C@H](N)C1,1.6575773191777938,training
C=Cc1ccc(-c2n[nH]c3cnc(-c4cnn(CC)c4)cc23)nc1N1CCC[C@H](N)C1,1.6382721639824072,valid
CCn1cc(-c2cc3c(-c4ccc(C)c(N5CCNCC5)n4)n[nH]c3cn2)cn1,1.259637310505756,training
OC1CN(c2cccc(-c3n[nH]c4cnc(-c5cccnc5)cc34)n2)CCC1F,1.0506099933550872,training
COc1cncc(-c2cc3c(-c4cccc(N5CCNCC5)n4)n[nH]c3cn2)c1,1.6777807052660807,training
CNc1cccc(-c2n[nH]c3cnc(-c4cccnc4)cc23)n1,0.3882766919926582,valid
Cn1cc(-c2cc3c(-c4ccnc(C5CCNCC5)n4)n[nH]c3cn2)cn1,0.2433638917541519,training
Cc1ccc(-c2n[nH]c3cnc(-c4cnn(C)c4)cc23)nc1N1CCN(C)CC1,1.537602002101044,test
CCn1cc(-c2cc3c(-c4cccc(N5C[C@H](C)N[C@H](C)C5)n4)n[nH]c3cn2)cn1,1.154901959985743,training
CCn1cc(-c2cc3c(-c4cccc(N5CCNC(C)(C)C5)n4)n[nH]c3cn2)cn1,1.537602002101044,training
CCn1cc(-c2cc3c(-c4cccc(N5CCNCC(F)(F)C5)n4)n[nH]c3cn2)cn1,1.537602002101044,valid
CC(C)(C)n1cc(-c2cc3c(-c4cccc(N5CCNCC5)n4)n[nH]c3cn2)cn1,0.4248121550723389,training
Cn1cc(-c2cc3c(-c4ccc(Br)c(N5CCOCC5)n4)n[nH]c3cn2)cn1,0.7189666327522725,training
CCn1cc(-c2cc3c(-c4cccc(N5CCOCC5)n4)n[nH]c3cn2)cn1,0.2287800980504663,training
NC1CN(c2cccc(-c3n[nH]c4cnc(-c5cccnc5)cc34)n2)CCC1F,0.7670038896078464,test
Cn1cc(-c2cc3c(-c4ccc(Br)c(N5C[C@@H](N)C[C@@H](F)C5)n4)n[nH]c3cn2)cn1,1.5228787452803376,valid
CCn1cc(-c2cc3c(-c4cc(C)cc(N5CCCNCC5)n4)n[nH]c3cn2)cn1,1.3098039199714864,training
CCn1cc(-c2cc3c(-c4cccc(NC5CCCC(N)C5)n4)n[nH]c3cn2)cn1,1.2269453066357374,training
CCn1cc(-c2cc3c(-c4cccc(N5CCC(F)C(N)C5)n4)n[nH]c3cn2)cn1,0.5135695211455662,training
CCn1cc(-c2cc3c(-c4cccc(N5CCNC(CO)C5)n4)n[nH]c3cn2)cn1,1.0757207139381184,training
CCn1cc(-c2cc3c(-c4nc(N5CCC[C@H](N)C5)ccc4Cl)n[nH]c3cn2)cn1,0.4100503986742922,training
FC(F)(F)c1cncc(-c2cc3c(-c4cccc(N5CCNCC5)n4)n[nH]c3cn2)c1,1.031517051446065,training
CCn1cc(-c2cc3c(-c4cccc(N5CCNC(C(F)(F)F)C5)n4)n[nH]c3cn2)cn1,1.2218487496163564,training
CCn1cc(-c2cc3c(-c4cc(C(F)(F)F)ccn4)n[nH]c3cn2)cn1,-1.81690383937566,training
CS(=O)(=O)c1cncc(-c2cc3c(-c4cccc(N5CCNCC5)n4)n[nH]c3cn2)c1,1.3098039199714864,training
CCn1cc(-c2cc3c(-c4cccc(N5CCN(C(C)=O)CC5)n4)n[nH]c3cn2)cn1,0.9706162223147904,training
CCn1cc(-c2cc3c(-c4ccc(=O)n(CC5(C(N)=O)CC5)c4)n[nH]c3cn2)cn1,-0.1492191126553798,training
CCn1cc(-c2cc3c(-c4ccc(=O)n(CC5(C(N)=O)CCC5)c4)n[nH]c3cn2)cn1,-0.6522463410033232,training
CCn1cc(-c2cc3c(-c4cc(OC)ccn4)n[nH]c3cn2)cn1,-1.1958996524092338,valid
CCc1ccc(-c2n[nH]c3cnc(-c4cnn(CC)c4)cc23)nc1N1CCC[C@H](N)C1,1.8860566476931635,training
CCn1cc(-c2cc3c(-c4ccc(C(C)C)c(N5CCC[C@H](N)C5)n4)n[nH]c3cn2)cn1,1.6989700043360187,training
CCn1cc(-c2cc3c(-c4cncc(N5CCNCC5)n4)n[nH]c3cn2)cn1,1.193820026016113,test
CCn1cc(-c2cc3c(-c4cccc(N5CCN(C6COC6)CC5)n4)n[nH]c3cn2)cn1,0.5072396109731625,training
CC(O)c1cncc(-c2cc3c(-c4cccc(N5CCNCC5)n4)n[nH]c3cn2)c1,1.5686362358410126,training
CCn1cc(-c2cc3c(-c4cc(C5CC5)ccn4)n[nH]c3cn2)cn1,-1.0606978403536118,valid
N[C@H]1CCCN(c2nc(-c3n[nH]c4cnc(-c5cccnc5)cc34)ccc2C2CC2)C1,1.6575773191777938,training
c1cc(-c2n[nH]c3cnc(-c4cnn(C5CC5)c4)cc23)nc(N2CCNCC2)c1,0.9746941347352298,test
FC(F)(F)Cn1cc(-c2cc3c(-c4cccc(N5CCNCC5)n4)n[nH]c3cn2)cn1,1.6575773191777938,training
FCCn1cc(-c2cc3c(-c4cccc(N5CCCNCC5)n4)n[nH]c3cn2)cn1,1.853871964321762,training
CCn1cc(-c2cc3c(-c4cc(C#N)cc(N5CCCNCC5)n4)n[nH]c3cn2)cn1,0.9706162223147904,test
CCn1cc(-c2cc3c(-c4cccc(N5CCNC(C(F)(F)F)CC5)n4)n[nH]c3cn2)cn1,0.7423214251308154,training
CCn1cc(-c2cc3c(-c4cc(C)ccn4)n[nH]c3cn2)cn1,-1.3654879848908996,valid
CCc1ccnc(-c2n[nH]c3cnc(-c4cnn(CC)c4)cc23)c1,-1.639486489268586,test
OCCn1cc(-c2cc3c(-c4cccc(N5CCNCC5)n4)n[nH]c3cn2)cn1,0.8860566476931632,training
CCn1cc(-c2cc3c(-c4cc(CO)ccn4)n[nH]c3cn2)cn1,-1.235528446907549,valid
CCn1cc(-c2cc3c(-c4cccc(N5CCNCC(C#N)C5)n4)n[nH]c3cn2)cn1,1.1426675035687317,training
C=C(C)c1ccnc(-c2n[nH]c3cnc(-c4cnn(CC)c4)cc23)c1,-1.7331972651065697,training
CCn1cc(-c2cc3c(-c4cccc(N5CCNCC(F)C5)n4)n[nH]c3cn2)cn1,1.1191864077192086,training
CCn1cc(-c2cc3c(-c4ccc(C5CC5)c(N5CCC[C@H](N)C5)n4)n[nH]c3cn2)cn1,1.6777807052660807,training
CCn1cc(-c2cc3c(-c4cc(C(C)C)ccn4)n[nH]c3cn2)cn1,-1.4742162640762553,training
CCn1cc(-c2cc3c(-c4ccccn4)n[nH]c3cn2)cn1,-1.0253058652647702,training
Cc1ccc(-c2n[nH]c3cnc(-c4cnn(C)c4)cc23)nc1N1C[C@@H](N)C[C@@H](F)C1,1.2518119729937995,training
CCn1cc(-c2cc3c(-c4ccc(C)c(N5C[C@@H](N)C[C@@H](F)C5)n4)n[nH]c3cn2)cn1,1.5228787452803376,test
CCn1cc(-c2cc3c(-c4cccc(N5CCNCC(CO)C5)n4)n[nH]c3cn2)cn1,1.5528419686577808,training
CCn1cc(-c2cc3c(-c4cccc(NC5CCCCNC5)n4)n[nH]c3cn2)cn1,1.259637310505756,training
CCn1cc(-c2cc3c(-c4cccc(N5CCCCC(N)C5)n4)n[nH]c3cn2)cn1,1.0861861476162833,training
Cc1cncc(-c2cc3c(-c4cccc(N5CCCNCC5)n4)n[nH]c3cn2)n1,1.709965388637482,training
Cn1ncc(NC(=O)c2nc(-c3c(F)cccc3F)sc2N)c1C1=CCOCC1,0.3142582613977364,training
Cn1ncc(NC(=O)c2nc(-c3c(F)cccc3F)sc2N)c1C1=CCCCO1,0.3893398369101201,valid
COC1(c2c(NC(=O)c3nc(-c4c(F)cccc4F)sc3N)cnn2C)CCCCO1,0.679853713888946,training
Cn1ncc(NC(=O)c2nc(-c3c(F)cccc3F)sc2N)c1C1CCCCO1,0.3726341434072674,training
COC1(c2c(NC(=O)c3nc(-c4ncccc4F)sc3N)cnn2C)CCCCO1,0.9281179926938746,training
C[C@@H]1CC(O)CC[C@H](c2c(NC(=O)c3nc(-c4c(F)cccc4F)sc3N)cnn2C)O1,1.3098039199714864,test
Cn1ncc(NC(=O)c2nc(-c3c(F)cccc3F)sc2N)c1C1CC[C@@H](O)[C@@H](O)CO1,0.3716110699496884,training
Cn1ncc(NC(=O)c2nc(-c3c(F)cccc3F)sc2N)c1C1CC(F)(F)CC(N)CO1,1.4685210829577449,training
Cn1ncc(NC(=O)c2nc(-c3c(F)cccc3F)sc2N)c1[C@]12CC[C@H](O1)[C@H](N)CC2,1.1426675035687317,training
CO[C@H]1CCC(c2c(NC(=O)c3nc(-c4c(F)cccc4F)sc3N)cnn2C)OC[C@@H]1N,0.9030899869919436,training
Cn1ncc(NC(=O)c2nc(-c3c(F)cccc3F)sc2N)c1C1CCC(O)CCO1,1.2676062401770314,valid
Cn1ncc(NC(=O)c2nc(-c3ccccc3F)sc2N)c1C12CCC(CN)(CC1)O2,1.275724130399211,training
CC1C(c2c(NC(=O)c3nc(-c4c(F)cccc4F)sc3N)cnn2C)OCC(C)(O)C1N,0.3555614105321614,test
Cn1ncc(NC(=O)c2nc(-c3c(F)cccc3F)sc2N)c1C1CCC(N)CCO1,0.712198270069774,training
Cn1ncc(NC(=O)c2nc(-c3c(F)cccc3F)sc2N)c1C1CCC(N)COC1,0.0993598160173996,training
Cn1ncc(NC(=O)c2nc(-c3ccncc3F)sc2N)c1[C@@]12CC[C@@H](N)[C@@H](CC1)O2,1.8860566476931635,training
Cn1ncc(NC(=O)c2nc(-c3c(F)cccc3F)sc2N)c1C1OCC(CO)CO1,0.4248121550723389,training
Cn1ncc(NC(=O)c2nc(-c3c(F)cccc3F)sc2N)c1[C@H]1OC[C@@](C)(CO)CO1,0.2890368810047242,training
Cn1ncc(NC(=O)c2nc(-c3c(F)cccc3F)sc2N)c1[C@H]1OC[C@H](CN)CO1,1.537602002101044,training
CC[C@]1(CN)CO[C@H](c2c(NC(=O)c3nc(-c4c(F)cccc4F)sc3N)cnn2C)OC1,1.8239087409443189,training
Cn1ncc(NC(=O)c2nc(-c3ccncc3F)sc2N)c1[C@@H]1CC[C@@H](N)[C@@H](F)CO1,1.2924298239020635,test
CO[C@H]1CO[C@H](c2c(NC(=O)c3nc(-c4ccccc4F)sc3N)cnn2C)CC[C@H]1N,1.844663962534938,training
COCCOc1cc(F)c(-c2nc(C(=O)Nc3cnn(C)c3[C@@H]3CC[C@@H](N)[C@H](O)CO3)ccc2F)c(F)c1,1.2518119729937995,valid
Cn1ncc(NC(=O)c2ccc(F)c(-c3c(F)cc(C4(O)COC4)cc3F)n2)c1[C@@H]1CC[C@@H](N)[C@H](F)CO1,1.4685210829577449,valid
Cn1ncc(NC(=O)c2ccc(F)c(-c3c(F)cc(C4(F)COC4)cc3F)n2)c1[C@@H]1CC[C@@H](N)[C@H](F)CO1,1.6575773191777938,test
Cn1ncc(NC(=O)c2ccc(F)c(-c3c(F)cccc3F)n2)c1[C@@H]1CC[C@@H](N)[C@H](F)CO1,1.6882461389442456,valid
COCc1cc(F)c(-c2nc(C(=O)Nc3cnn(C)c3[C@@H]3CC[C@@H](N)[C@H](F)CO3)ccc2F)c(F)c1,1.5086383061657274,training
CCC(=O)c1cc(F)c(-c2nc(C(=O)Nc3cnn(C)c3[C@@H]3CC[C@@H](N)[C@H](F)CO3)ccc2F)c(F)c1,1.4685210829577449,training
Cn1ncc(NC(=O)c2ccc(F)c(-c3c(F)cc(C4(F)CCOCC4)cc3F)n2)c1[C@@H]1CC[C@@H](N)[C@H](F)CO1,1.7958800173440752,training
Cn1ncc(NC(=O)c2ccc(F)c(-c3c(F)cc(O)cc3F)n2)c1[C@@H]1CC[C@@H](N)[C@H](F)CO1,1.9208187539523751,training
COC(C)c1cc(F)c(-c2nc(C(=O)Nc3cnn(C)c3[C@@H]3CC[C@@H](N)[C@@H](F)CO3)ccc2F)c(F)c1,1.431798275933005,training
Cn1ncc(NC(=O)c2ccc(F)c(-c3c(F)cc(C(O)(CO)CO)cc3F)n2)c1[C@@H]1CC[C@@H](N)[C@@H](F)CO1,0.790484985457369,training
COC(c1cc(F)c(-c2nc(C(=O)Nc3cnn(C)c3[C@@H]3CC[C@@H](N)[C@H](F)CO3)ccc2F)c(F)c1)C1CC1,1.1079053973095196,training
Cn1ncc(NC(=O)c2ccc(F)c(-c3c(F)cc(C(CO)CO)cc3F)n2)c1[C@@H]1CC[C@@H](N)[C@H](F)CO1,1.1249387366083,training
Cn1ncc(NC(=O)c2csc(-c3c(F)cc(C4CCOC4)cc3F)n2)c1[C@@H]1CC[C@@H](N)[C@H](F)CO1,1.958607314841775,valid
CO[C@H]1CO[C@H](c2c(NC(=O)c3nc(-c4cccc(F)c4F)sc3N)cnn2C)CC[C@H]1N,1.3010299956639813,training
CO[C@H]1CO[C@H](c2c(NC(=O)c3nc(-c4ccccc4C(F)(F)F)sc3N)cnn2C)CC[C@H]1N,1.080921907623926,training
Cn1ncc(NC(=O)c2ccc(F)c(-c3cc(F)ccc3F)n2)c1[C@@H]1CC[C@@H](N)[C@H](F)CO1,0.7931741239681502,training
Cn1ncc(NC(=O)c2ccc(F)c(-c3cccc(F)c3F)n2)c1[C@@H]1CC[C@@H](N)[C@H](F)CO1,1.080921907623926,training
Cn1ncc(NC(=O)c2csc(-c3c(F)cc(C4(O)COC4)cc3F)n2)c1[C@@H]1CC[C@@H](N)[C@H](F)CO1,1.4559319556497243,test
Cn1ncc(NC(=O)c2csc(-c3c(F)cc(C4(O)CC4)cc3F)n2)c1[C@@H]1CC[C@@H](N)[C@H](F)CO1,1.5528419686577808,training
COc1ccc(-c2nc(C(=O)Nc3cnn(C)c3[C@@H]3CC[C@@H](N)[C@H](F)CO3)ccc2F)c(F)c1,1.4436974992327127,training
Cn1ncc(NC(=O)c2ccc(F)c(-c3cccc(F)c3Cl)n2)c1[C@@H]1CC[C@@H](N)[C@H](F)CO1,0.2441251443275086,training
Cn1ncc(NC(=O)c2csc(-c3cnn(CC(C)(C)O)c3)n2)c1[C@@H]1CC[C@@H](N)[C@H](F)CO1,0.906578314837765,training
Cc1cccnc1-c1nc(C(=O)Nc2cnn(C)c2[C@@H]2CC[C@@H](N)[C@H](F)CO2)cs1,1.3467874862246565,test
COc1ncccc1-c1nc(C(=O)Nc2cnn(C)c2[C@@H]2CC[C@@H](N)[C@H](F)CO2)cs1,-0.0453229787866574,test
Cn1ncc(NC(=O)c2csc(-c3ccc[nH]c3=O)n2)c1[C@@H]1CC[C@@H](N)[C@H](F)CO1,0.9871627752948278,training
Cn1ncc(NC(=O)c2csc(-c3cnn(C4CC4)c3)n2)c1[C@@H]1CC[C@@H](N)[C@H](F)CO1,1.1674910872937636,training
Cn1ncc(NC(=O)c2csc(-c3cc(F)cc(F)c3F)n2)c1[C@@H]1CC[C@@H](N)[C@H](F)CO1,0.5934598195660448,training
Cn1ncc(NC(=O)c2csc(-c3ncccc3F)n2)c1[C@@H]1CC[C@@H](N)[C@H](F)CO1,0.9706162223147904,training
Cc1ccc(F)c(-c2nc(C(=O)Nc3cnn(C)c3[C@@H]3CC[C@@H](N)[C@H](F)CO3)cs2)c1,1.3187587626244128,training
Cn1ncc(NC(=O)c2csc(-c3ccncc3F)n2)c1[C@@H]1CC[C@@H](N)[C@H](F)CO1,0.6252516539898961,training
Cc1nn(C)cc1-c1nc(C(=O)Nc2cnn(C)c2[C@@H]2CC[C@@H](N)[C@H](F)CO2)cs1,0.5482135644757098,test
Cc1c(-c2nc(C(=O)Nc3cnn(C)c3[C@@H]3CC[C@@H](N)[C@H](F)CO3)cs2)cnn1C,0.6615435063953952,training
Cn1ncc(NC(=O)c2csc(-c3c(F)cncc3F)n2)c1[C@@H]1CC[C@@H](N)[C@@H](F)CO1,0.9507819773298184,training
Cn1ncc(NC(=O)c2csc(-c3cccc(-c4cccc(Cl)c4F)c3F)n2)c1[C@@H]1CC[C@@H](N)[C@@H](F)CO1,0.2732727909734277,training
Cn1ncc(NC(=O)c2csc(-c3cccc(F)c3-c3cccc(F)c3Cl)n2)c1[C@@H]1CC[C@@H](N)[C@@H](F)CO1,-2.7993405494535817,valid
Cn1cc(-c2nc(C(=O)Nc3cnn(C)c3[C@@H]3CC[C@@H](N)[C@@H](F)CO3)cs2)c(C(F)(F)F)n1,0.5512936800949201,training
Cn1cc(-c2nc(C(=O)Nc3cnn(C)c3[C@@H]3CC[C@@H](N)[C@@H](F)CO3)cs2)c(C2CC2)n1,0.596879478824182,training
Cc1nn(C)cc1-c1nc(C(=O)Nc2cnn(C)c2[C@@H]2CC[C@@H](N)[C@@H](F)CO2)c(N)s1,1.585026652029182,training
CC(C)n1cc(-c2nc(C(=O)Nc3cnn(C)c3[C@@H]3CC[C@@H](N)[C@@H](F)CO3)c(N)s2)cn1,1.031517051446065,training
Cc1c(-c2nc(C(=O)Nc3cnn(C)c3[C@@H]3CC[C@@H](N)[C@H](F)CO3)c(N)s2)cnn1C,1.6020599913279625,training
CO[C@H]1CO[C@H](c2c(NC(=O)c3csc(-c4c(F)ccc(F)c4F)n3)cnn2C)CC[C@H]1N,0.8386319977650252,training
Cn1ncc(NC(=O)c2nc(-c3ccc(C(F)(F)F)cc3F)sc2N)c1[C@@H]1CC[C@@H](N)[C@@H](F)CO1,2.0,training
Cn1ncc(NC(=O)c2nc(-c3cc(F)cc(F)c3F)sc2N)c1[C@@H]1CC[C@@H](N)[C@@H](F)CO1,1.431798275933005,training
CO[C@H]1CO[C@H](c2c(NC(=O)c3nc(-c4c(F)ccc(F)c4F)sc3N)cnn2C)CC[C@H]1N,2.0,training
CO[C@H]1CO[C@H](c2c(NC(=O)c3nc(-c4cc(F)cc(F)c4F)sc3N)cnn2C)CC[C@H]1N,0.8961962790440432,training
CO[C@H]1CO[C@H](c2c(NC(=O)c3nc(-c4cc(C)ccc4F)sc3N)cnn2C)CC[C@H]1N,1.6989700043360187,training
COc1cc(F)c(-c2nc(C(=O)Nc3cnn(C)c3[C@@H]3CC[C@@H](N)[C@@H](OC)CO3)cs2)c(F)c1,1.4685210829577449,training
CO[C@H]1CO[C@H](c2c(NC(=O)c3nc(-c4c(C)cccc4F)sc3N)cnn2C)CC[C@H]1N,1.2839966563652008,training
Cn1ncc(NC(=O)c2nc(-c3c(F)cc(C(O)C4CC4)cc3F)sc2N)c1[C@@H]1CC[C@@H](N)[C@H](F)CO1,1.431798275933005,test
COC(c1cc(F)c(-c2nc(C(=O)Nc3cnn(C)c3[C@@H]3CC[C@@H](N)[C@H](F)CO3)cs2)c(F)c1)C1CC1,1.0757207139381184,training
COc1ccc(F)c(F)c1-c1nc(C(=O)Nc2cnn(C)c2[C@@H]2CC[C@@H](N)[C@@H](F)CO2)c(N)s1,0.8446639625349383,training
CO[C@H]1CO[C@H](c2c(NC(=O)c3nc(-c4c(F)cccc4C(F)(F)F)sc3N)cnn2C)CC[C@H]1N,1.080921907623926,training
CO[C@H]1CO[C@H](c2c(NC(=O)c3nc(-c4c(F)cccc4Cl)sc3N)cnn2C)CC[C@H]1N,1.853871964321762,training
Cn1ncc(NC(=O)c2nc(-c3cnn(C)c3C(F)(F)F)sc2N)c1[C@@H]1CC[C@@H](N)[C@H](F)CO1,1.2365720064370629,test
Cn1ncc(NC(=O)c2csc(-c3cnn(C)c3C(F)(F)F)n2)c1[C@@H]1CC[C@@H](N)[C@@H](F)CO1,0.7670038896078462,training
Cn1ncc(NC(=O)c2csc(-c3c(F)cccc3Cl)n2)c1[C@@H]1CC[C@@H](N)[C@H](F)CO1,0.6575773191777937,training
Cn1ncc(NC(=O)c2nc(-c3cc(Cl)ccc3F)sc2N)c1[C@@H]1CC[C@@H](N)[C@H](F)CO1,1.744727494896694,training
Cn1ncc(NC(=O)c2csc(-c3c(F)cc(C4(O)CCC4)cc3F)n2)c1[C@@H]1CC[C@@H](N)[C@H](F)CO1,1.5686362358410126,test
Cn1ncc(NC(=O)c2csc(-c3c(F)cc(C(C)(C)O)cc3F)n2)c1[C@@H]1CC[C@@H](N)[C@H](F)CO1,1.6777807052660807,training
Cn1ncc(NC(=O)c2csc(-c3ccccc3C(F)F)n2)c1[C@@H]1CC[C@@H](N)[C@H](F)CO1,0.1062382379420565,training
Cn1ncc(NC(=O)c2csc(-c3cc(Br)ccc3F)n2)c1[C@@H]1CC[C@@H](N)[C@H](F)CO1,1.6382721639824072,training
Cn1ncc(NC(=O)c2csc(-c3cc(F)ccc3F)n2)c1[C@@H]1CC[C@@H](N)[C@H](F)CO1,1.2365720064370629,training
Cn1ncc(NC(=O)c2csc(-c3cc(Cl)ccc3F)n2)c1[C@@H]1CC[C@@H](N)[C@H](F)CO1,1.5086383061657274,training
Cc1ccc(F)c(-c2nc(C(=O)Nc3cnn(C)c3[C@@H]3CC[C@@H](N)[C@H](F)CO3)cs2)c1F,1.8860566476931635,training
CCc1ccc(F)c(-c2nc(C(=O)Nc3cnn(C)c3[C@@H]3CC[C@@H](N)[C@H](F)CO3)cs2)c1,1.0915149811213505,training
Cn1ncc(NC(=O)c2csc(-c3cc(C4CC4)ccc3F)n2)c1[C@@H]1CC[C@@H](N)[C@H](F)CO1,1.031517051446065,training
Cn1ncc(NC(=O)c2csc(-c3ccccc3C(F)(F)F)n2)c1[C@@H]1CC[C@@H](N)[C@H](F)CO1,-0.2174839442139062,training
Cn1ncc(NC(=O)c2csc(-c3cccc(C(F)(F)F)n3)n2)c1[C@@H]1CC[C@@H](N)[C@H](F)CO1,-0.3180633349627615,training
Cc1cccc(F)c1-c1nc(C(=O)Nc2cnn(C)c2[C@@H]2CC[C@@H](N)[C@H](F)CO2)cs1,1.0409586076789064,valid
Cn1ncc(NC(=O)c2nc(-c3ccccc3)sc2N)c1[C@@H]1CC[C@@H](N)[C@H](F)CO1,1.4436974992327127,training
Cn1ncc(NC(=O)c2nc(-c3cccc(F)c3F)sc2N)c1[C@@H]1CC[C@@H](N)[C@H](F)CO1,1.7212463990471711,valid
Cn1ncc(NC(=O)c2csc(-c3ccc(F)cc3F)n2)c1[C@@H]1CC[C@@H](N)[C@H](F)CO1,1.3010299956639813,training
Cn1ncc(NC(=O)c2csc(-c3ccccn3)n2)c1[C@@H]1CC[C@@H](N)[C@H](F)CO1,1.5086383061657274,training
Cn1ncc(NC(=O)c2csc(-c3ccccc3)n2)c1[C@@H]1CC[C@@H](N)[C@H](F)CO1,1.6777807052660807,training
Cn1ncc(NC(=O)c2nc(-c3c(F)cccc3Cl)sc2N)c1[C@@H]1CC[C@@H](N)[C@H](F)CO1,1.4436974992327127,training
Cn1ncc(NC(=O)c2nc(-c3c(Cl)cccc3C(F)(F)F)sc2N)c1[C@@H]1CC[C@@H](N)[C@H](F)CO1,1.1487416512809248,valid
Cc1cccc(F)c1-c1nc(C(=O)Nc2cnn(C)c2[C@@H]2CC[C@@H](N)[C@H](F)CO2)c(N)s1,1.7958800173440752,training
Cn1ncc(NC(=O)c2nc(-c3ccccc3C(F)F)sc2N)c1[C@@H]1CC[C@@H](N)[C@H](F)CO1,1.0362121726544449,training
Cn1ncc(NC(=O)c2nc(-c3cccc(F)c3Cl)sc2N)c1[C@@H]1CC[C@@H](N)[C@H](F)CO1,1.8239087409443189,training
COC1(c2cc(F)c(-c3nc(C(=O)Nc4cnn(C)c4[C@@H]4CC[C@@H](N)[C@H](F)CO4)cs3)c(F)c2)COC1,1.853871964321762,training
Cn1ncc(NC(=O)c2csc(-c3c(F)cc(C4(F)COC4)cc3F)n2)c1[C@@H]1CC[C@@H](N)[C@H](F)CO1,2.0,test
C[C@@H]1O[C@@H](c2c(NC(=O)c3csc(-c4c(F)cccc4F)n3)cnn2C)C[C@H](N)[C@@]1(C)O,-0.3617278360175928,training
CO[C@@H]1CO[C@H](c2c(NC(=O)c3csc(-c4ncccc4C)n3)cnn2C)CC[C@H]1N,1.853871964321762,training
Cn1ncc(NC(=O)c2csc(-c3c(F)cncc3Cl)n2)c1[C@@H]1CC[C@@H](N)[C@H](F)CO1,-0.4941545940184428,valid
CN(C)C(=O)c1cc(F)c(-c2nc(C(=O)Nc3cnn(C)c3[C@@H]3CC[C@@H](N)[C@H](F)CO3)cs2)c(F)c1,1.080921907623926,training
CO[C@@H]1CO[C@H](c2c(NC(=O)c3csc(-c4c(F)cc(C)cc4F)n3)cnn2C)CC[C@H]1N,1.4559319556497243,training
COc1ccc(F)c(-c2nc(C(=O)Nc3cnn(C)c3[C@@H]3CC[C@@H](N)[C@H](F)CO3)cs2)c1,1.275724130399211,training
COc1cccc(-c2nc(C(=O)Nc3cnn(C)c3[C@@H]3CC[C@@H](N)[C@H](F)CO3)cs2)c1,1.4559319556497243,training
Cn1ncc(NC(=O)c2csc(-c3c(F)ccc(S(C)(=O)=O)c3F)n2)c1[C@@H]1CC[C@@H](N)[C@H](F)CO1,-0.2671717284030138,training
Cc1cccc(-c2nc(C(=O)Nc3cnn(C)c3[C@@H]3CC[C@@H](N)[C@H](F)CO3)cs2)c1F,1.1674910872937636,training
COc1cccc(-c2nc(C(=O)Nc3cnn(C)c3[C@@H]3CC[C@@H](N)[C@H](F)CO3)cs2)c1F,1.4436974992327127,training
Cn1ncc(NC(=O)c2csc(-c3c(F)ccc(C4CC4)c3F)n2)c1[C@@H]1CC[C@@H](N)[C@H](F)CO1,1.4685210829577449,training
Cn1ncc(NC(=O)c2csc(-c3c(F)cc(F)cc3F)n2)c1[C@@H]1CC[C@@H](N)[C@H](F)CO1,1.408935392973501,training
CC(C)C(=O)c1cc(F)c(-c2nc(C(=O)Nc3cnn(C)c3[C@@H]3CC[C@@H](N)[C@H](F)CO3)cs2)c(F)c1,1.214670164989233,training
COc1ccc(F)c(-c2nc(C(=O)Nc3cnn(C)c3[C@@H]3CC[C@@H](N)[C@H](OC)CO3)cs2)c1F,1.5228787452803376,test
Cc1cccc(F)c1-c1nc(C(=O)Nc2cnn(C)c2[C@@H]2CC[C@@H](N)[C@H](F)CO2)c(C)s1,-0.5550944485783191,training
Cc1sc(-c2c(F)cccc2F)nc1C(=O)Nc1cnn(C)c1[C@@H]1CC[C@@H](N)[C@H](F)CO1,0.4179366370882912,training
Cc1[nH]nc(-c2nc(C(=O)Nc3cnn(C)c3[C@@H]3CC[C@@H](N)[C@H](F)CO3)cs2)c1C,1.193820026016113,training
Cn1ncc(NC(=O)c2csc(-c3n[nH]c4c3CCCC4)n2)c1[C@@H]1CC[C@@H](N)[C@H](F)CO1,1.6382721639824072,training
Cn1ncc(NC(=O)c2ccc(F)c(-c3c(F)cc(Cl)cc3F)n2)c1[C@@H]1CC[C@@H](N)[C@H](F)CO1,1.4436974992327127,training
CN(C)C(=O)c1ccc(F)c(-c2nc(C(=O)Nc3cnn(C)c3[C@@H]3CC[C@@H](N)[C@H](F)CO3)cs2)c1F,0.1384655891409621,training
Cn1ncc(NC(=O)c2csc(-c3c(F)ccc(C(F)F)c3F)n2)c1[C@@H]1CC[C@@H](N)[C@H](F)CO1,1.5086383061657274,training
COc1ccc(C(F)F)c(F)c1-c1nc(C(=O)Nc2cnn(C)c2[C@@H]2CC[C@@H](N)[C@H](F)CO2)cs1,-0.1702617153949573,training
Cn1ncc(NC(=O)c2csc(-c3cc[nH]n3)n2)c1[C@@H]1CC[C@@H](N)[C@H](F)CO1,0.889410289700751,training
Cn1ncc(NC(=O)c2csc(-c3n[nH]c4ccccc34)n2)c1[C@@H]1CC[C@@H](N)[C@H](F)CO1,1.6575773191777938,valid
Cn1ncc(NC(=O)c2csc(-c3c(F)cccc3CO)n2)c1[C@@H]1CC[C@@H](N)[C@H](F)CO1,-0.8573324964312685,training
Cn1ncc(NC(=O)c2csc(-c3cccnc3)n2)c1[C@@H]1CC[C@@H](N)[C@H](F)CO1,0.0039263455147246,valid
CC(C)Oc1ncccc1-c1nc(C(=O)Nc2cnn(C)c2[C@@H]2CC[C@@H](N)[C@H](F)CO2)cs1,-0.9867717342662448,training
CN(C)c1ccc(-c2nc(C(=O)Nc3cnn(C)c3[C@@H]3CC[C@@H](N)[C@H](F)CO3)cs2)cn1,0.6989700043360187,training
CC(=O)Nc1ccc(-c2nc(C(=O)Nc3cnn(C)c3[C@@H]3CC[C@@H](N)[C@H](F)CO3)cs2)cn1,0.4100503986742922,training
Cn1ncc(NC(=O)c2csc(-c3cc(=O)n(C)cc3F)n2)c1[C@@H]1CC[C@@H](N)[C@H](F)CO1,0.0204516252959049,valid
Cn1ncc(NC(=O)c2csc(-n3cccn3)n2)c1[C@@H]1CC[C@@H](N)[C@H](F)CO1,0.8041003475907662,training
Cn1ncc(NC(=O)c2csc(-n3ncc4c3CCCC4)n2)c1[C@@H]1CC[C@@H](N)[C@H](F)CO1,1.6989700043360187,training
Cn1ncc(NC(=O)c2csc(-n3cc4c(n3)CCCC4)n2)c1[C@@H]1CC[C@@H](N)[C@H](F)CO1,0.5734887386354247,training
Cn1ncc(NC(=O)c2csc(-c3c(F)cc4c(c3F)OCC4)n2)c1[C@@H]1CC[C@@H](N)[C@H](F)CO1,1.619788758288394,training
Cc1cc(F)c(-c2nc(C(=O)Nc3cnn(C)c3[C@@H]3CC[C@@H](N)[C@H](F)CO3)ccc2F)c(F)c1,1.3872161432802643,training
Cn1ncc(NC(=O)c2csc(-c3c(F)cc(C(C)(F)F)cc3F)n2)c1[C@@H]1CC[C@@H](N)[C@H](F)CO1,1.744727494896694,training
Cn1ncc(NC(=O)c2csc(-n3ncc4ccccc43)n2)c1[C@@H]1CC[C@@H](N)[C@H](F)CO1,1.0705810742857071,training
Cn1ncc(NC(=O)c2csc(-c3cnc4cccnc4c3)n2)c1[C@@H]1CC[C@@H](N)[C@H](F)CO1,0.6777807052660807,training
Cn1ncc(NC(=O)c2csc(-c3c(F)ccc4[nH]ccc34)n2)c1[C@@H]1CC[C@@H](N)[C@H](F)CO1,1.958607314841775,test
Cn1ncc(NC(=O)c2csc(-c3cccc(OCc4ccccc4)c3)n2)c1[C@@H]1CC[C@@H](N)[C@H](F)CO1,0.3496924768680635,training
Cn1ncc(NC(=O)c2csc(-c3cccc4c3cnn4C)n2)c1[C@@H]1CC[C@@H](N)[C@H](F)CO1,0.9318141382538384,training
Cn1ncc(NC(=O)c2csc(-c3cccc4cnn(C)c34)n2)c1[C@@H]1CC[C@@H](N)[C@H](F)CO1,-0.7715874808812554,training
CCn1cc(-c2cc3c(cn2)cnn3-c2cccc(N3CCNCC3)n2)cn1,0.0877779434675845,training
Cn1cc(-c2cc3c(cn2)cnn3-c2cccc(N3CCNCC3)n2)cn1,0.2055119533408303,test
CC(C)c1cncc(-c2cc3c(cn2)cnn3-c2cccc(N3CCCNCC3)n2)c1,1.494850021680094,training
CCc1cncc(-c2cc3c(cn2)cnn3-c2cccc(N3CCNCC3)n2)c1,0.9244530386074692,valid
CC(C)c1cncc(-c2cc3c(cn2)cnn3-c2cccc(N3CCNCC3)n2)c1,0.906578314837765,training
c1cc(N2CCNCC2)nc(-n2ncc3cnc(-c4cncs4)cc32)c1,0.3223930472795068,training
N[C@@H]1CCCN(c2cccc(-n3ncc4cnc(-c5cncs5)cc43)n2)C1,0.2975694635544746,training
c1cc(N2CCNCC2)nc(-n2ncc3cnc(-c4cncc(C5CC5)c4)cc32)c1,0.7825160557860937,training
c1cc(N2CCCNCC2)nc(-n2ncc3cnc(-c4cncc(C5CC5)c4)cc32)c1,1.42021640338319,valid
C[C@H]1CN(c2cccc(-n3ncc4cnc(-c5cncc(C6COC6)c5)cc43)n2)CCN1,0.9706162223147904,test
c1cc(N2CCNCC2)nc(-n2ncc3cnc(-c4cncc(C5COC5)c4)cc32)c1,0.3196644865854368,training
OC1CNCCN(c2cccc(-n3ncc4cnc(-c5cncc(C6CC6)c5)cc43)n2)C1,0.8096683018297085,training
OC1CNCCN(c2cccc(-n3ncc4cnc(-c5cncc(C6COC6)c5)cc43)n2)C1,0.5316526695878427,valid
CCc1cncc(-c2cc3c(cn2)cnn3-c2ccc(Cl)c(N3CCC[C@H](N)C3)n2)c1,0.8507808873446201,test
c1cc(N2CCCNCC2)nc(-n2ncc3cnc(-c4cncc(C5COC5)c4)cc32)c1,1.0969100130080565,training
Cc1cc(-c2cc3c(cn2)cnn3-c2cccc(N3CCNCC3)n2)sn1,0.370590400897281,training
Cc1cc(-c2cc3c(cn2)cnn3-c2cccc(N3CCCNCC3)n2)sn1,0.6478174818886375,training
Cc1cncc(-c2cc3c(cn2)cnn3-c2cccc(N3CCNCC3)n2)n1,1.0222763947111522,training
Cc1cc(-c2cc3c(cn2)cnn3-c2cccc(N3CCC[C@H](N)C3)n2)sn1,0.1487416512809247,training
CCn1cc(-c2cc3c(cn2)cnn3-c2cccc(N3CCCNCC3)n2)cn1,0.5376020021010439,training
CCn1cc(-c2cc3c(cn2)cnn3-c2cccc(N3CCN[C@@H](C)C3)n2)cn1,0.4571745730408201,training
CCn1cc(-c2cc3c(cn2)cnn3-c2cccc(N3CCC(O)CC3)n2)cn1,-0.5403294747908738,test
COc1cncc(-c2cc3c(cn2)cnn3-c2cccc(N3CCNCC3)n2)n1,0.9469215565165804,test
CCn1cc(-c2cc3c(cn2)cnn3-c2cccc(N3CCNC(C)(C)C3)n2)cn1,0.2365720064370627,training
CCn1cc(-c2cc3c(cn2)cnn3-c2cccc(N3CCC(N)CC3)n2)cn1,-0.1931245983544616,training
Cc1cncc(-c2cc3c(cn2)cnn3-c2cccc(N3CCC[C@H](N)C3)n2)n1,0.7986028756795485,training
Cc1cncc(-c2cc3c(cn2)cnn3-c2cccc(N3CCCNCC3)n2)n1,1.6946486305533763,valid
CCc1cncc(-c2cc3c(cn2)cnn3-c2ccc(C3CC3)c(N3CCC[C@H](N)C3)n2)c1,1.4814860601221125,training
CCn1cc(-c2cc3c(cn2)cnn3-c2cccc(N3CCCC(N)CC3)n2)cn1,-0.0170333392987803,training
Cc1cncc(-c2cc3c(cn2)cnn3-c2cccc(N3CCCNCC3)n2)c1,1.0705810742857071,training
CC[C@@H]1CN(c2cccc(-n3ncc4cnc(-c5cnn(CC)c5)cc43)n2)CCN1,0.0958256317158364,training
CCn1cc(-c2cc3c(cn2)cnn3-c2cccc(NC3CCCCNC3)n2)cn1,-0.3909351071033791,training
c1cc(N2CCNCC2)nc(-n2ncc3cnc(-c4cnccn4)cc32)c1,0.7520267336381934,training
CC(C)(C)n1cc(-c2cc3c(cn2)cnn3-c2cccc(N3CCCNCC3)n2)cn1,0.4412914294668343,training
CC(C)n1cc(-c2cc3c(cn2)cnn3-c2cccc(N3CCCNCC3)n2)cn1,0.2740883677049518,test
c1cc(N2CCCNCC2)nc(-n2ncc3cnc(-c4cnn(C5CCC5)c4)cc32)c1,0.6716203965612623,training
Cn1ncc(-c2cc3c(cn2)cnn3-c2cccc(N3CCCNCC3)n2)cc1=O,-2.1072099696478683,training
CCc1cncc(-c2cc3c(cn2)cnn3-c2cccc(N3CCNCC3)n2)n1,1.2365720064370629,training
CCc1cncc(-c2cc3c(cn2)cnn3-c2cccc(N3CCCNCC3)n2)n1,1.6777807052660807,test
CCn1cncc(-c2cc3c(cn2)cnn3-c2cccc(N3CCNCC3)n2)c1=O,0.7423214251308154,training
OCCn1cc(-c2cc3c(cn2)cnn3-c2cccc(N3CCCNCC3)n2)cn1,0.6675615400843947,training
FCCn1cc(-c2cc3c(cn2)cnn3-c2cccc(N3CCCNCC3)n2)cn1,1.0222763947111522,training
FC(F)(F)Cn1cc(-c2cc3c(cn2)cnn3-c2cccc(N3CCCNCC3)n2)cn1,1.0915149811213505,training
N#CCn1cc(-c2cc3c(cn2)cnn3-c2cccc(N3CCCNCC3)n2)cn1,0.8416375079047503,training
CCc1cncc(-c2cc3c(cn2)cnn3-c2cccc(N3CCC[C@H](N)C3)n2)n1,1.3279021420642825,training
CS(=O)(=O)CCn1cc(-c2cc3c(cn2)cnn3-c2cccc(N3CCCNCC3)n2)cn1,1.0604807473813815,training
c1cc(N2CCCNCC2)nc(-n2ncc3cnc(-c4cnn(CC5COC5)c4)cc32)c1,-2.4578818967339924,training
NC(=O)Cn1cc(-c2cc3c(cn2)cnn3-c2cccc(N3CCCNCC3)n2)cn1,0.5482135644757098,training
Cc1cncc(-c2cc3c(cn2)cnn3-c2cccc(C3=CCNCC3)n2)n1,-0.0681858617461616,training
c1cc(N2CCCNCC2)nc(-n2ncc3cnc(-c4cnn(CC5CC5)c4)cc32)c1,-0.2695129442179163,training
FC(F)Cn1cc(-c2cc3c(cn2)cnn3-c2cccc(N3CCCNCC3)n2)cn1,0.3809066693732573,training
CCn1cc(-c2cc3c(cn2)cnn3-c2cncc(N3CCCNCC3)n2)cn1,-0.2121876044039577,valid
Cc1cnc(O)c(-c2cc3c(cn2)cnn3-c2cncc(N3CCCNCC3)n2)c1,-1.7007037171450194,training
c1cc(N2CCNCC2)nc(-n2ncc3cnc(-c4cncc(C5CC5)n4)cc32)c1,1.2006594505464183,training
Cc1cncc(-c2cc3c(cn2)cnn3-c2cccc(C3CCNCC3)n2)n1,0.2865094569060575,training
Cc1cncc(-c2cc3c(cn2)cnn3-c2cccc(N3CCNC(C)C3)n2)n1,0.9533747879080982,training
CC(C)(C)c1cncc(-c2cc3c(cn2)cnn3-c2cccc(N3CCNCC3)n2)n1,-1.3117538610557542,valid
Cc1cncc(-c2cc3c(cn2)cnn3-c2cccc(N3CC(N)CCC3C)n2)n1,1.5228787452803376,valid
CCc1cncc(-c2cc3c(cn2)cnn3-c2cccc(N3CCNCC(O)C3)n2)n1,1.4685210829577449,training
FC(F)n1cc(-c2cc3c(cn2)cnn3-c2cccc(N3CCCNCC3)n2)cn1,-0.08278537031645,test
c1cc(N2CCCNCC2)nc(-n2ncc3cnc(-c4cnn(C5CC5)c4)cc32)c1,1.1611509092627446,training
c1cc(N2CCCNCC2)nc(-n2ncc3cnc(-c4cncnc4)cc32)c1,-1.0530784434834195,training
Cc1cncc(-c2cc3c(cn2)cnn3-c2ccc(Cl)c(N3CCC[C@H](N)C3)n2)n1,1.136677139879544,valid
N#Cc1cncc(-c2cc3c(cn2)cnn3-c2cccc(N3CCNCC3)n2)n1,-0.0170333392987803,training
FC(F)(F)Cn1cc(-c2cc3c(cn2)cnn3-c2cncc(N3CCCNCC3)n2)cn1,0.413412695328245,test
FC(F)(F)Cn1cc(-c2cc3c(cn2)cnn3-c2ccnc(N3CCCNCC3)n2)cn1,0.3957739469155299,training
c1cc(N2CCCNCC2)nc(-n2ncc3cnc(-c4cn[nH]c4)cc32)c1,0.9136401693252518,training
Cc1cncc(-c2cc3c(cn2)cnn3-c2ccc(C3CC3)c(N3CCC[C@H](N)C3)n2)n1,1.853871964321762,training
Cc1cncc(-c2cc3c(cn2)cnn3-c2cccc(N3CCNC(C)CC3)n2)n1,0.785156151952302,training
COc1ccc(-n2ncc3cnc(-c4cncc(C)n4)cc32)nc1N1CCC[C@H](N)C1,1.707743928643524,training
Cc1cncc(-c2cc3c(cn2)cnn3-c2cccc(N3CCCCC(N)C3)n2)n1,1.154901959985743,training
Cc1cncc(-c2cc3c(cn2)cnn3-c2cccc(NC3CCNCC3)n2)n1,1.2218487496163564,training
Cc1cncc(-c2cc3c(cn2)cnn3-c2cccc(N3CCC(N)CC3)n2)n1,0.6143937264016879,training
Cc1cncc(-c2cc3c(cn2)cnn3-c2cccc(N3CCCC(N)C3C)n2)n1,0.8013429130455774,training
Cc1cncc(-c2cc3c(cn2)cnn3-c2ccc(C3CC3)c(N3CCCNCC3)n2)n1,1.259637310505756,training
Cc1cncc(-c2cc3c(cn2)cnn3-c2cccc(N3CCC4(CCNCC4)C3)n2)n1,0.1450869776921444,valid
Cc1cncc(-c2cc3c(cn2)cnn3-c2cccc(N3CCC4(CCNC4)CC3)n2)n1,-0.08278537031645,training
Cc1cncc(-c2cc3c(cn2)cnn3-c2ccc(C#N)c(N3CCC[C@H](N)C3)n2)n1,1.1674910872937636,training
Cc1cncc(-c2cc3c(cn2)cnn3-c2cccc(N3C[C@@H](N)CCC3=O)n2)n1,-1.7512791039833422,training
Cc1cncc(-c2cc3c(cn2)cnn3-c2ccc(C)c(N3CCC[C@H](N)C3)n2)n1,1.744727494896694,training
Cc1cncc(-c2cc3c(cn2)cnn3-c2cccc(N3CCNCCC3=O)n2)n1,-0.5728716022004803,valid
COc1ccc(-n2ncc3cnc(-c4cncc(C)n4)cc32)nc1N1CCNCC(O)C1,0.7399286120149252,test
Cc1nc(-c2cc3c(cn2)cnn3-c2cccc(N3CCCNCC3)n2)cnc1N,1.9208187539523751,training
Cc1nc(-c2cc3c(cn2)cnn3-c2cccc(N3CCC[C@H](N)C3)n2)cnc1N,1.3467874862246565,training
Cc1cncc(-c2cc3c(cn2)cnn3-c2cccc(C3CCCC(N)C3)n2)n1,0.5135695211455662,training
Cc1cncc(-c2cc3c(cn2)cnn3-c2cccc(N3CCC4(CNC4)C3)n2)n1,0.4145392704914993,training
Cc1cncc(-c2cc3c(cn2)cnn3-c2ccc(F)c(N3CCC[C@H](N)C3)n2)n1,1.3187587626244128,training
Cc1cncc(-c2cc3c(cn2)cnn3-c2cccc(N3CCC4(CCCN4)CC3)n2)n1,0.6516951369518393,training
Cc1cncc(-c2cc3c(cn2)cnn3-c2cccc(N3CC4(CCNC4)C3)n2)n1,-0.0681858617461616,training
Cc1cncc(-c2cc3c(cn2)cnn3-c2ccc(CO)c(N3CCC[C@H](N)C3)n2)n1,1.2218487496163564,training
Cc1cncc(-c2cc3c(cn2)cnn3-c2ccc(C(F)(F)F)c(N3CCNCC(O)C3)n2)n1,0.3635121036466345,training
Cc1cncc(-c2cc3c(cn2)cnn3-c2ccc(C(F)(F)F)c(N3CCC[C@H](N)C3)n2)n1,1.4685210829577449,training
Cc1cncc(-c2cc3c(cn2)cnn3-c2ccc(C)c(N3C[C@@H](N)CCC3=O)n2)n1,-1.4183012913197457,training
COc1ncc(-n2ncc3cnc(-c4cncc(C)n4)cc32)nc1N1CCC[C@H](N)C1,0.9030899869919436,training
Cc1cncc(-c2cc3c(cn2)cnn3-c2cnc(O)c(N3CCC[C@H](N)C3)n2)n1,-0.3747483460101038,training
Cn1cc(-c2cc3c(cn2)cnn3-c2cccc(N3CCCNCC3)n2)cn1,0.8124792791635369,test
Cc1cncc(-c2cc3c(cn2)cnn3-c2cccc(N3CCC[C@H](N)C3=O)n2)n1,0.0877779434675845,training
Cc1cncc(-c2cc3c(cn2)cnn3-c2cnc(Cl)c(N3CCC[C@H](N)C3)n2)n1,-0.2174839442139062,training
Cc1cncc(-c2cc3c(cn2)cnn3-c2ccc(C(F)F)c(N3CCC[C@H](N)C3)n2)n1,1.4436974992327127,training
Cc1cncc(-c2cc3c(cn2)cnn3-c2cnc(C)c(N3CCC[C@H](N)C3)n2)n1,1.1307682802690238,training
Cn1cc(-c2cc3c(cn2)cnn3-c2cccc(N3CCNCC(O)C3)n2)cn1,0.7055337738384071,training
Cn1cc(-c2cc3c(cn2)cnn3-c2cccc(C3(O)CCCNCC3)n2)cn1,-0.7032913781186614,training
Cc1cncc(-c2cc3c(cn2)cnn3-c2cccc(N3CC(O)C(O)C3)n2)n1,-0.0755469613925307,training
Cc1cncc(-c2cc3c(cn2)cnn3-c2cc(N3CCC[C@H](N)C3)c(=O)n(C)c2)n1,-2.722633922533812,training
Cn1cc(-c2cc3c(cn2)cnn3-c2cccc(C3CCCNCC3)n2)cn1,-0.1903316981702915,training
Cn1cc(-c2cc3c(cn2)cnn3-c2cccc(C3(F)CCCNCC3)n2)cn1,0.1456939581989194,training
Cc1cncc(-c2cc3c(cn2)cnn3-c2cnc(C3CC3)c(N3CCC[C@H](N)C3)n2)n1,1.585026652029182,training
Cc1cncc(-c2cc3c(cn2)cnn3-c2cccc(N3CCCN(C4COC4)CC3)n2)n1,-0.1789769472931694,training
Cc1cncc(-c2cc3c(cn2)cnn3-c2cn(C)c(=O)c(N3CCC[C@H](N)C3)n2)n1,-0.5477747053878226,training
Cc1cncc(-c2cc3c(cn2)cnn3-c2ccc(C)c(N3CCC[C@H](N)C3=O)n2)n1,-0.7489628612561614,training
Nc1cncc(-c2cc3c(cn2)cnn3-c2cccc(N3CCCNCC3)n2)n1,1.6382721639824072,training
Cc1cncc(-c2cc3c(cn2)cnn3-c2cc(C3COC3)cc(N3CCC[C@H](N)C3)n2)n1,-0.5899496013257077,training
COc1ccc(-n2ncc3cnc(-c4cncc(C)n4)cc32)nc1N1CCCNC1=O,-1.6884198220027105,training
Cc1cncc(-c2cc3c(cn2)cnn3-c2cccc(N3CCCNC3=O)n2)n1,-0.7535830588929066,training
Cn1cc(-c2cc3c(cn2)cnn3-c2cccc(N3CC(O)C3)n2)cn1,-0.4014005407815441,training
Cn1cc(-c2cc3c(cn2)cnn3-c2cn(C)c(=O)c(N3CCNCC(O)C3)n2)cn1,-1.48572142648158,training
OC1CN(c2cccc(-n3ncc4cnc(-c5cnn(CC(F)(F)F)c5)cc43)n2)C1,0.0574958938319192,training
Cn1cc(-c2cc3c(cn2)cnn3-c2cccc(N3CC(CN)C3)n2)cn1,-0.7466341989375788,training
Cn1cc(-c2cc3c(cn2)cnn3-c2cccc(N3CC(N)C3)n2)cn1,0.1056839373155615,valid
NC1CN(c2cccc(-n3ncc4cnc(-c5cnn(CC(F)(F)F)c5)cc43)n2)C1,0.2890368810047242,training
NCC1CN(c2cccc(-n3ncc4cnc(-c5cnn(CC(F)(F)F)c5)cc43)n2)C1,-0.0899051114393979,training
Cc1cncc(-c2cc3c(cn2)cnn3-c2cccc(C3CNCCC3O)n2)n1,0.0264103765727431,valid
Cn1cc(-c2cc3c(cn2)cnn3-c2cccc(N3CC4(CCCCN4)C3)n2)cn1,-0.041392685158225,training
FC(F)(F)Cn1cc(-c2cc3c(cn2)cnn3-c2cccc(N3CC4(CNC4)C3)n2)cn1,-0.5809249756756193,training
Cn1cc(-c2cc3c(cn2)cnn3-c2cccc(N3CC4(CNC4)C3)n2)cn1,-1.0606978403536118,training
FC(F)(F)Cn1cc(-c2cc3c(cn2)cnn3-c2cccc(N3CC4(CCCCN4)C3)n2)cn1,-1.1958996524092338,training
Cn1cc(-c2cc3c(cn2)cnn3-c2cccc(N3CC(O)(CN)C3)n2)cn1,-0.0334237554869497,training
OCc1cncc(-c2cc3c(cn2)cnn3-c2cccc(N3CCNCC3)n2)n1,0.9318141382538384,test
C=Cc1cncc(-c2cc3c(cn2)cnn3-c2cccc(N3CCNCC3)n2)n1,0.8761483590329142,training
Clc1cncc(-c2cc3c(cn2)cnn3-c2cccc(N3CCNCC3)n2)n1,0.1396619934290063,training
c1ccc(COc2cncc(-c3cc4c(cn3)cnn4-c3cccc(N4CCNCC4)n3)n2)cc1,0.306273051076353,training
OCC(O)c1cncc(-c2cc3c(cn2)cnn3-c2cccc(N3CCNCC3)n2)n1,0.6497519816658371,training
OCCOc1cncc(-c2cc3c(cn2)cnn3-c2cccc(N3CCNCC3)n2)n1,0.7878123955960422,test
FC(F)c1cncc(-c2cc3c(cn2)cnn3-c2cccc(N3CCNCC3)n2)n1,0.640164517660112,training
OC[C@@H]1CCCN1c1cncc(-c2cc3c(cn2)cnn3-c2cccc(N3CCNCC3)n2)n1,1.2924298239020635,test
OC1CN(c2cncc(-c3cc4c(cn3)cnn4-c3cccc(N4CCNCC4)n3)n2)C1,1.3187587626244128,training
OCCNc1cncc(-c2cc3c(cn2)cnn3-c2cccc(N3CCNCC3)n2)n1,1.585026652029182,training
O[C@H]1CCC[C@@H]1Nc1cncc(-c2cc3c(cn2)cnn3-c2cccc(N3CCNCC3)n2)n1,0.8297382846050426,training
c1cc(N2CCNCC2)nc(-n2ncc3cnc(-c4cncc(N5CCC5)n4)cc32)c1,1.6989700043360187,test
CCNc1cncc(-c2cc3c(cn2)cnn3-c2cccc(N3CCNCC3)n2)n1,1.3565473235138126,training
NCCOc1cncc(-c2cc3c(cn2)cnn3-c2cccc(N3CCNCC3)n2)n1,0.978810700930062,training
O=c1cncc(-c2cc3c(cn2)cnn3-c2cccc(N3CCNCC3)n2)[nH]1,0.1561445773768389,training
Cc1cncc(-c2cc3c(cn2)cnn3-c2cccc(C3(O)CCCNC3)n2)n1,0.0371573187987575,training
Cc1cncc(-c2cc3c(cn2)cnn3-c2ccc(=O)n([C@H]3CCCNC3)n2)n1,-1.376576957056512,training
Cc1cncc(-c2cc3c(cn2)cnn3-c2cccc(N3CCCC4(CN(C=O)C4)C3)n2)n1,-0.6444385894678386,valid
Cc1cncc(-c2cc3c(cn2)cnn3-c2ccc3c(n2)CC(CN)CO3)n1,-0.2041199826559248,valid
Cc1cncc(-c2cc3c(cn2)cnn3-c2cccc(N3CCCC4(CNC4)C3)n2)n1,1.214670164989233,test
Cc1cncc(-c2cc3c(cn2)cnn3-c2cccc(C3(F)CCCNC3)n2)n1,0.2890368810047242,training
COC1(c2cccc(-n3ncc4cnc(-c5cncc(C)n5)cc43)n2)CCCNC1,0.5917600346881504,training
Cc1cncc(-c2cc3c(cn2)cnn3-c2cccc(N(C)C)n2)n1,0.1384655891409621,training
CNc1cccc(-n2ncc3cnc(-c4cncc(C)n4)cc32)n1,0.3665315444204134,valid
OCC#Cc1cncc(-c2cc3c(cn2)cnn3-c2cccc(N3CCNCC3)n2)n1,1.0506099933550872,training
OCCCc1cncc(-c2cc3c(cn2)cnn3-c2cccc(N3CCNCC3)n2)n1,1.4685210829577449,valid
N[C@H]1CCC[C@@H]1Oc1cncc(-c2cc3c(cn2)cnn3-c2ccccn2)n1,1.0268721464003012,training
Cc1cncc(-c2cc3c(cn2)cnn3-c2cccc(OC3CCCC(N)C3)n2)n1,1.0888423912600234,training
FC1CCNCC1c1cccc(-n2ncc3cnc(-c4cnn(CC(F)(F)F)c4)cc32)n1,1.3979400086720375,training
N[C@H]1CCC[C@@H]1Nc1cncc(-c2cc3c(cn2)cnn3-c2ccccn2)n1,0.9208187539523752,training
c1ccc(-n2ncc3cnc(-c4cncc(NC5CNC5)n4)cc32)nc1,0.5543957967264024,training
Cn1ncc(-c2cc3c(cn2)cnn3-c2ccccc2F)c1Cl,-2.6875289612146345,training
Cc1cncc(-c2cc3c(cn2)cnn3-c2cccc(N3CCC(O)C(O)C3)n2)n1,0.1911141326401878,training
Cc1cncc(-c2cc3c(cnn3-c3cccc(N4CCNCC4)n3)nn2)n1,1.136677139879544,valid
Cn1ncc(-c2cc3c(cn2)cnn3-c2ccccc2F)c1C1=CCNCC1,-2.113943352306837,training
C#Cc1cncc(-c2cc3c(cn2)cnn3-c2cccc(N3CCNCC3)n2)n1,0.8664610916297825,valid
Cn1ncc(-c2cc3c(cn2)cnn3-c2ccccc2F)c1N1CCC(N)CC1,-1.1903316981702914,training
CC#Cc1cncc(-c2cc3c(cn2)cnn3-c2cccc(N3CCNCC3)n2)n1,1.1674910872937636,training
Cn1nc(-c2cccc(N3CCC[C@H](N)C3)n2)c2cc(-c3cccnc3)ncc21,-2.278753600952829,training
Cn1cc(-c2cc3c(-c4cccc(N5CCC[C@H](N)C5)n4)nn(C)c3cn2)cn1,-1.57978359661681,training
Cc1cncc(-c2cc3c(cnn3-c3cccc(N4CCCNCC4)n3)nn2)n1,1.6989700043360187,training
Cc1cncc(-c2ccc3cnn(-c4cccc(N5CCCNCC5)n4)c3c2)n1,0.3979400086720376,training
Cc1cncc(-c2cc3c(ccn3-c3cccc(N4CCCNCC4)n3)cn2)n1,0.3010299956639812,training
Cc1cncc(-c2cnc3cnn(-c4cccc(N5CCCNCC5)n4)c3c2)n1,0.0969100130080563,training
Cc1cncc(-c2cn3c(-c4cccc(N5CCCNCC5)n4)ncc3cn2)n1,0.3010299956639812,training
Cc1cncc(-c2cc3c(-c4cccc(N5CCCNCC5)n4)nsc3cn2)n1,0.1549019599857432,test
Cc1cncc(-c2cc(F)c3cnn(-c4cccc(N5CCCNCC5)n4)c3c2)n1,-2.6532125137753435,training
Cn1ncc(NC(=O)c2nc(-c3c(F)cccc3F)sc2N)c1N1CC[C@@H](N)C(F)(F)CC1,1.3979400086720375,training
Cn1ncc(NC(=O)c2nc(-c3c(F)cccc3F)sc2N)c1N1CCC[C@H](NCC(F)F)CC1,1.0969100130080565,training
Cn1ncc(NC(=O)c2nc(-c3c(F)cccc3F)sc2N)c1N1CCC[C@H](NCC(F)(F)F)CC1,0.6989700043360187,test
Cn1ncc(NC(=O)c2csc(-c3c(F)cccc3F)n2)c1N1CCC[C@H](N)CC1,0.2218487496163563,training
Cn1ncc(NC(=O)c2nc(-c3c(F)cccc3F)sc2N)c1N1CCCC(O)CC1,1.0457574905606752,training
Cn1ncc(NC(=O)c2nc(-c3c(F)cccc3F)sc2N)c1N1CCCNCC1,0.6989700043360187,training
Nc1sc(-c2c(F)cccc2F)nc1C(=O)Nc1cnccc1N1CCC[C@H](N)C1,2.0,training
Nc1ccc(-c2ccccc2F)nc1C(=O)Nc1cnccc1N1CCC[C@H](N)C1,1.5228787452803376,training
CC(C)(O)[C@H]1CC[C@H](Nc2ccc3ncc(-c4cccc(C(F)(F)F)c4)n3n2)CC1,-0.6989700043360189,training
O=C1NC(=O)/C(=C/c2ccnc(N3CCC(CNCc4ccc5ccccc5n4)CC3)n2)S1,-0.8864907251724818,training
NC(=O)c1cc(Cl)c2c(Cl)c(C#CCO)n([C@H]3CCCNC3)c2n1,-0.4771212547196624,training
CC(O)C#Cc1c(Cl)c2c(Cl)cc(C(N)=O)nc2n1[C@H]1CCCNC1,0.1549019599857432,training
NC(=O)c1cc(Cl)c2c(Cl)c(C#CCCO)n([C@H]3CCCNC3)c2n1,1.0,training
CC(O)CC#Cc1c(Cl)c2c(Cl)cc(C(N)=O)nc2n1[C@H]1CCCNC1,0.2218487496163563,training
COCCC#Cc1c(Cl)c2c(Cl)cc(C(N)=O)nc2n1[C@H]1CCCNC1,0.3979400086720376,test
NC(=O)c1cc(Cl)c2c(Cl)c(C#CC3CCCO3)n([C@H]3CCCNC3)c2n1,-0.1139433523068367,training
CC1(C#Cc2c(Cl)c3c(Cl)cc(C(N)=O)nc3n2[C@H]2CCCNC2)COC1,-0.0791812460476248,training
CN1CC(C#Cc2c(Cl)c3c(Cl)cc(C(N)=O)nc3n2[C@H]2CCCNC2)CC1=O,-0.0791812460476248,training
NC(=O)c1cc(Cl)c2c(Cl)c(C#CC3CNCCO3)n([C@H]3CCCNC3)c2n1,0.0457574905606751,training
