smiles,CHEMBL214_Ki,group
COc1ccc(NC(=O)c2ccc(-c3ccc(-c4noc(C)n4)cc3C)cc2)cc1N1CCN(C)CC1,-1.86923171973098,training
Nc1cccc(-c2ccc(CCN3CCN(c4cccc5cccnc45)CC3)cc2)n1,-0.477121254719662,training
COc1ccc(NS(=O)(=O)c2ccc(Br)cc2)cc1N1CCN(C)CC1,-2.40000234592796,training
COc1ccc(NS(=O)(=O)c2sc3ccc(Cl)cc3c2C)cc1N1CCN(C)CC1,-2.70000239714225,training
CN1CCc2cccc3c2[C@H]1Cc1cccc(-c2ccccc2)c1-3,-0.255272505103306,training
CCCN1C[C@H](CSC)C[C@@H]2c3cccc4[nH]cc(c34)C[C@H]21,-0.462397997898956,training
CCN(CC)C(=O)N[C@H]1C=C2c3cccc4[nH]cc(c34)C[C@H]2N(C)C1,0.397940008672038,training
CN[C@@H]1Cc2cccc3[nH]c(=O)n(c23)C1,-1.86332286012046,training
CC(C)C[C@H]1C(=O)N2CCC[C@H]2[C@]2(O)O[C@](NC(=O)[C@@H]3C=C4c5cccc6[nH]c(Br)c(c56)C[C@H]4N(C)C3)(C(C)C)C(=O)N12,-1.38021124171161,training
CCCN(CCC)CCc1cccc2c1CC(=O)N2,-3.2319790268315,training
CN(C)[C@@H]1Cc2cccc3nc(O)n(c23)C1,-1.96378782734556,training
CCCN[C@@H]1Cc2cccc3nc(O)n(c23)C1,-1.76342799356294,training
O=C1CC2(CCCC2)CC(=O)N1CCCCN1CCN(c2ncccn2)CC1,-1.27262124293325,training
COc1cccc(OC)c1O[C@@H]1CCC(NCC2COc3ccccc3O2)C1O,-1.6232492903979,training
COc1ccccc1O[C@@H]1CCC(NCC2COc3ccccc3O2)C1O,-1.41052417258619,training
COc1ccccc1N1CCN(CCN2C(=O)CC3(CCCC3)CC2=O)CC1,0.063924507062363,training
CN(C)CCCN1c2ccccc2Sc2ccc(Cl)cc21,-2.82801506422398,training
COc1ccc2occ3c2c1[C@H](CN)CC3,-2.93449845124357,training
COc1ccc(NS(=O)(=O)c2sc3ccc(Cl)cc3c2C)cc1N1CCN2CCCCC2C1,-2.80000182781797,test
COc1cc(Br)c2c3c1C[C@H](N)C[C@@H]3CO2,-2.98227123303957,training
COc1cc(Br)c2occ3c2c1[C@H](CN)CC3,-2.02118929906994,training
CCN(CC)C(=O)[C@@H]1C=C2c3cccc4[nH]cc(c34)C[C@H]2N(C)C1,-0.041392685158225,training
CCCCCCCCCOc1ccc2[nH]cc(CCN)c2c1,-2.4983105537896,training
O=C1Nc2ccc(Cl)c3c2C1(CCCCN1CC=C(c2ccc(Cl)cc2)CC1)CCC3,-2.49984510407327,training
NCCc1c[nH]c2ccc(O)cc12,-0.39884900706324,training
CS(=O)(=O)Oc1ccc2c(c1)CN(CC[C@H]1CC[C@H](NC(=O)/C=C/c3ccc(F)cc3)CC1)C2,-3.50000032134294,training
CCCCN(CCC)C1Cc2cccc3nc(O)n(c23)C1,-2.23299611039215,training
CCCN(CCC)C1Cc2cccc3c2n(c(=O)n3C)C1,-2.09342168516224,training
Oc1nc2cccc3c2n1CC(N(CC1CC1)CC1CC1)C3,-1.97772360528885,training
CCCN(CCC)C1Cc2cccc3c2N(C1)C(=O)C3,-2.03342375548695,training
CCCN(CCC)C1Cc2cccc3c2N(C1)C(=O)CC3,-0.380211241711606,training
CCCN(CCC)C1Cc2cccc3ncc(=O)n(c23)C1,-2.9698816437465,test
CCCN(CCC)C1Cc2cccc3c2N(C1)C(=O)C3=O,-2.83695673705955,valid
CCCN(CCC)C1Cc2cccc3c2N(C1)C(=O)CN3,-1.69019608002851,training
CCCN(CCC)C1Cc2cccc3nc(SC)n(c23)C1,-2.2380461031288,training
CCCN(CCC)C1Cc2cccc3ncn(c23)C1,-2.91750550955255,training
CNc1nc(Cl)c(SC)c(N2CCN(C)CC2)n1,-2.63346845557959,training
CN1CCN(c2nc3ccccc3c(Cl)c2Sc2ccccc2)CC1,-3.30102999566398,valid
Cc1nc(Cl)c(Sc2ccc(Cl)cc2)c(NC2CCN(Cc3ccccc3)CC2)n1,-2.20411998265592,training
Cc1nc(Cl)c(Sc2ccc(Cl)cc2)c(N2CCN(C)CC2)n1,-3.17609125905568,training
CNc1nc(Cl)c(Sc2ccccc2)c(N2CCN(C)CC2)n1,-2.66275783168157,training
C=CCN1C[C@H]2c3c(cccc3OC)CC[C@H]21,-0.770852011642144,training
C[C@H]1C[C@H](c2cc3ccccc3s2)CCN1C[C@H](O)COc1cccc2[nH]ccc12,-0.489958479424835,test
Cc1cc(C)c2cc([C@@H]3CCN(C[C@H](O)COc4cccc5[nH]ccc45)[C@@H](C)C3)sc2c1,-1.97726621242729,valid
COc1cc2nc(N(C)CCCCCCN(C)C(=O)c3cccc(CN(C)C)c3)nc(N)c2cc1OC,-2.86999985863453,training
C=CCN1C[C@H]2c3c(O)cccc3CC[C@H]21,0.522878745280338,training
C[C@H]1C[C@H](c2cc3c(F)cccc3s2)CCN1C[C@H](O)COc1cccc2[nH]ccc12,-0.971971276399756,training
CCCN(CCC)[C@@H]1Cc2cccc3c2N(CC(=O)N3)C1,-2.48287358360875,training
Oc1cccc2c1C[C@H]1CCN(CC3CC3)[C@@H]1C2,-1.83884909073726,test
C[C@H]1C[C@H](c2cc3ccc(Cl)cc3s2)CCN1C[C@H](O)COc1cccc2[nH]ccc12,-1.26138183728575,training
COc1ccc2cc([C@@H]3CCN(C[C@H](O)COc4cccc5[nH]ccc45)[C@@H](C)C3)sc2c1,-1.16106838547117,training
C[C@H]1C[C@H](c2cc3c(C(F)(F)F)cccc3s2)CCN1C[C@H](O)COc1cccc2[nH]ccc12,-1.38435341413751,test
CN(C)CCc1c[nH]c2ccc(CS(=O)(=O)N(C)Cc3ccc(CN(C)S(=O)(=O)Cc4ccc5[nH]cc(CCN(C)C)c5c4)cc3)cc12,-1.24797326636181,training
C[C@H]1C[C@H](c2cc3cc(Cl)ccc3s2)CCN1C[C@H](O)COc1cccc2[nH]ccc12,-0.921166050637739,training
CCCN(CCC)[C@@H]1Cc2cccc3nc(O)n(c23)C1,-1.39445168082622,training
Cc1cccc2sc([C@@H]3CCN(C[C@H](O)COc4cccc5[nH]ccc45)[C@@H](C)C3)cc12,-0.835690571492425,training
C[C@H]1C[C@H](c2cc3ccc(F)cc3s2)CCN1C[C@H](O)COc1cccc2[nH]ccc12,-0.741939077729199,training
CCCN[C@@H]1CCc2c(OC)cccc2[C@@H]1C,-2.61278385671974,valid
CCN(CC)C(=O)N[C@@H]1C[C@@H]2c3cccc4c3C(=CC4)C[C@H]2N(C)C1,-0.732393759822968,training
Cc1[nH]c2cccc3c2c1C[C@@H]1C3C[C@H](NC(=O)C(C)(C)C)CN1C,-1.2718416065365,training
C[C@H]1C[C@H](c2cc3cccc(F)c3s2)CCN1C[C@H](O)COc1cccc2[nH]ccc12,-1.11693964655076,training
COc1ccc2sc([C@@H]3CCN(C[C@H](O)COc4cccc5[nH]ccc45)[C@@H](C)C3)cc2c1OC,-0.056904851336473,training
COc1cccc2sc([C@H]3C[C@@H]4CC[C@H](C3)N4C[C@H](O)COc3cccc4[nH]ccc34)cc12,-1.19589965240923,test
CN1C[C@@H](NC(=O)C(C)(C)C)CC2c3cccc4[nH]c(Cl)c(c34)C[C@H]21,-0.462397997898956,training
CCCN1C[C@H]2c3c(cccc3OC)CC[C@H]21,-0.681241237375587,test
COc1cccc2c1O[C@@H](CN1[C@H]3CC[C@@H]1C[C@@](O)(c1csc4ccccc14)C3)CO2,-0.204119982655925,training
COc1cccc(N2CCN(C(=O)COc3ccc4[nH]cc(CCN)c4c3)CC2)c1,-0.991226075692495,training
COc1ccc2[nH]c(-c3ccccc3)c(CCN(C)C)c2c1,-3.16731733474818,training
COc1cccc2c1O[C@@H](CN1C3C=C(n4ccc5cc(F)ccc54)CC1CC3)CO2,-2.10619089726342,training
NCCc1c[nH]c2ccc(OCCCC(=O)N3CCN(c4ccc([N+](=O)[O-])cc4)CC3)cc12,-1.17897694729317,training
CS(=O)(=O)NCc1ccc(N2CCN(C(=O)COc3ccc4[nH]cc(CCN)c4c3)CC2)cc1,-1.97772360528885,training
CCOc1cccc2c1O[C@@H](CN1[C@H]3CC[C@@H]1C[C@@](O)(c1ccc4ccccc4c1)C3)CO2,-0.768638101247614,training
CCOc1cccc2c1O[C@@H](CN1[C@H]3CC[C@@H]1C[C@@](O)(c1ccccc1)C3)CO2,-0.484299839346786,training
COc1cccc2c1O[C@@H](CN1[C@H]3CC[C@@H]1C[C@@](O)(c1cccc(C(F)(F)F)c1)C3)CO2,0.481486060122113,training
OC(CNCCCCCCN1CC[C@H](c2ccc(F)cc2)[C@@H](COc2ccc3c(c2)OCO3)C1)COc1cccc2[nH]ccc12,-0.826074802700826,test
NCCc1c[nH]c2ccc(OCC(=O)N3CCN(c4ccccc4CN)CC3)cc12,-1.13353890837022,training
COc1ccc2[nH]c(C)c(CCN(C)C)c2c1,-2.30102999566398,training
CCOc1cccc2c1O[C@@H](CN1[C@H]3CC[C@@H]1C[C@@](O)(c1csc4ccccc14)C3)CO2,-1.22271647114758,training
OC(CNCCCCCCN1CC[C@H](c2ccc(F)cc2)[C@@H](COc2ccc3c(c2)OCO3)C1)COc1cccc2ccccc12,-2.19312459835446,training
NCCc1c[nH]c2ccc(OCC(=O)N3CCN(c4ccc([N+](=O)[O-])cc4)CC3)cc12,-1.38021124171161,training
NCCc1c[nH]c2ccc(OS(=O)(=O)C(F)(F)F)cc12,-1.25527250510331,valid
NCCc1c[nH]c2ccc(OCCCCCC(=O)N3CCN(c4ccc(N)cc4)CC3)cc12,-1.62940959910272,training
OC(CNCCC(Oc1ccc(C(F)(F)F)cc1)c1ccccc1)COc1ccccc1C1CCCC1,-1.56110138364906,training
NCCc1c[nH]c2ccc(OCC(=O)N3CCN(c4ccccc4)CC3)cc12,-1.03742649794062,training
COc1ccccc1[C@@]1(O)C[C@@H]2CC[C@H](C1)N2C[C@H]1COc2cccc(OC)c2O1,-1.5910646070265,test
CCOc1cccc2c1O[C@@H](CN1[C@H]3CC[C@@H]1C[C@@](O)(c1cccc(C(F)(F)F)c1)C3)CO2,-0.465382851448418,training
COc1cccc2c1O[C@@H](CN1[C@H]3CC[C@@H]1C[C@@](O)(c1ccccc1)C3)CO2,-0.184691430817599,training
Cc1ccccc1N1CCN(C(=O)COc2ccc3[nH]cc(CCN)c3c2)CC1,-0.894869656745252,training
NCCc1c[nH]c2ccc(OCC(=O)N3CCN(c4ccc(NC(=O)c5ccccc5)cc4)CC3)cc12,-1.78532983501077,training
CC(C)NC[C@H](O)COc1cccc2[nH]ccc12,-2.04139268515822,training
NCCc1c[nH]c2ccc(OCC(=O)N3CCN(c4ccc(CN)cc4)CC3)cc12,-2.11394335230684,training
COc1cccc2c1O[C@@H](CN1[C@H]3CC[C@@H]1C[C@@](O)(c1ccc4ccccc4c1)C3)CO2,0.09151498112135,training
CCCN(CCC)CCc1c[nH]c2ccc(OS(=O)(=O)C(F)(F)F)cc12,-1.36172783601759,training
NCCc1c[nH]c2ccc(OCCCCCC(=O)N3CCN(c4ccc([N+](=O)[O-])cc4)CC3)cc12,-1.10720996964787,training
NCCc1c[nH]c2ccc(OCC(=O)N3CCN(c4ccc(N)cc4)CC3)cc12,-2.78318869107526,valid
NCCc1c[nH]c2ccc(OCC(=O)N3CCN(c4cccc5ccccc45)CC3)cc12,-0.949390006644913,valid
CN(C)CCc1c[nH]c2ccc(OS(=O)(=O)C(F)(F)F)cc12,-1.60205999132796,training
NCCc1c[nH]c2ccc(OCCCCC(=O)N3CCN(c4ccc(N)cc4)CC3)cc12,-1.70500795933334,training
CS(=O)(=O)NCc1ccccc1N1CCN(C(=O)COc2ccc3[nH]cc(CCN)c3c2)CC1,-0.707570176097936,training
CCc1[nH]c2ccc(OC)cc2c1CCN(C)C,-2.23044892137827,training
COc1cccc2c1O[C@@H](CN1C3C=C(c4cccc5ccccc45)CC1CC3)CO2,-2.55266821611219,training
COc1cccc2c1O[C@@H](CN1C3C=C(c4cccc5cccnc45)CC1CC3)CO2,-2.48727981644307,training
CCN(CC)CCc1c[nH]c2ccc(OS(=O)(=O)C(F)(F)F)cc12,-1.43136376415899,training
NCCc1c[nH]c2ccc(OCCCCC(=O)N3CCN(c4ccc([N+](=O)[O-])cc4)CC3)cc12,-1.20139712432045,training
COc1cccc2c1O[C@@H](CN1[C@H]3CC[C@@H]1C[C@@](O)(c1ccccn1)C3)CO2,-1.66275783168157,training
CCOc1cccc2c1O[C@@H](CN1[C@H]3CC[C@@H]1C[C@@](O)(c1ccccn1)C3)CO2,-1.78958071216443,test
OC(CNCCCCCCNCCC(Oc1ccc(C(F)(F)F)cc1)c1ccccc1)COc1cccc2ccccc12,-2.59217675739587,test
COc1ccc(CNC(=O)/C=C/c2ccc3[nH]cc(CCN(C)C)c3c2)cc1,-0.113943352306837,training
CS(=O)(=O)Nc1ccc(N2CCN(C(=O)COc3ccc4[nH]cc(CCN)c4c3)CC2)cc1,-1.83821922190763,training
CS(=O)(=O)Nc1ccc(N2CCN(C(=O)CCCCCOc3ccc4[nH]cc(CCN)c4c3)CC2)cc1,-1.00860017176192,training
N#Cc1ccccc1N1CCN(C(=O)COc2ccc3[nH]cc(CCN)c3c2)CC1,-1.17609125905568,training
O=C(NCCN1CCN(c2cccc3c2OCC(CO)O3)CC1)c1ccc(F)cc1,-0.462397997898956,training
NCCc1c[nH]c2ccc(OCC(=O)N3CCN(c4ccccc4[N+](=O)[O-])CC3)cc12,-0.716003343634799,test
O=C(N[C@@H](Cc1ccccc1)CN1CCN(c2nsnc2Cl)CC1)C1CCCCC1,0.096910013008056,test
CN(C(=O)C1CCCCC1)[C@H](Cc1ccccc1)CN1CCN(c2nsnc2Cl)CC1,-0.653212513775344,training
O=C(N[C@@H](Cc1ccccc1)CN1CCN(c2nsnc2Cl)CC1)c1ccncc1,-2.62838893005031,valid
COc1nsnc1N1CCN(C[C@@H](Cc2ccccc2)N(C)C(=O)c2ccccc2)CC1,-0.99563519459755,training
CCCN1CC[C@H]2c3c(ccc4ccoc34)CC[C@H]21,-0.591064607026499,valid
CCCN(CCC)C1CCc2c(ccc3ccoc23)C1,-2.32221929473392,training
CCCN(CCC)C1CCc2c(O)cccc2C1,-2.53655844257153,training
CCCN(CCC)C1CCc2ccc3occc3c2C1,-0.89209460269048,training
CCCN(CCC)C1CCc2ccc3ccoc3c2C1,-0.785329835010767,training
COc1nsnc1N1CCN(C[C@@H](Cc2ccccc2)N(C)C(=O)C2CCCCC2)CC1,-0.176091259055681,test
COc1nsnc1N1CCN(C[C@@H](Cc2cccnc2)NC(=O)C2(C)CCCCC2)CC1,-0.477121254719662,training
CCCN(CCC)C1CCc2ccc(O)cc2C1,-1.67209785793572,training
CCCN(CCC)[C@@H]1CCc2c(ccc3ccoc23)[C@@H]1C,-2.07918124604762,training
O=C(NCCCCN1CCN(c2cccc(Cl)c2Cl)CC1)c1cc2ccccc2s1,-2.55630250076729,training
COc1ccccc1N1CCN(CCCCNC(=O)c2ccc3ccccc3c2)CC1,-1.90848501887865,valid
COc1ccccc1N1CCN(CCCCNC(=O)c2cccn3nccc23)CC1,-1.04139268515823,training
COc1ccccc1N1CCN(CCCCNC(=O)c2ccn3nccc3c2)CC1,-1.17609125905568,training
COc1ccccc1N1CCN(CCCCNC(=O)c2ccc3ccnn3c2)CC1,-1.27875360095283,training
COc1ccccc1N1CCN(CCCCNC(=O)c2cnn3ccccc23)CC1,-1.14612803567824,training
COc1ccccc1N1CCN(CCCCNC(=O)c2cc3ccccc3s2)CC1,-1.61278385671974,training
COc1ccccc1N1CCN(CCCCNC(=O)c2cccc3ccnn23)CC1,-1.34242268082221,training
COc1ccccc1N1CCN(CCCCNC(=O)c2cc3ccccn3n2)CC1,-1.38021124171161,training
COc1ccccc1N1CCN(CCCCNC(=O)c2cc3ccccc3o2)CC1,-1.23044892137827,test
NCCc1c[nH]c2ccc(OCCNC(=O)COc3ccc4[nH]cc(CCN)c4c3)cc12,-0.342422680822206,training
CCCN(CCC)[C@H]1CCc2c(F)ccc(O)c2C1,-1.93951925261862,training
O=C1c2ccccc2CCCN1CCN1CCC(n2c(O)nc3cc(F)ccc32)CC1,-2.67999991622922,valid
NCCc1c[nH]c2ccc(OCC(=O)N3CCC(C4CCN(C(=O)COc5ccc6[nH]cc(CCN)c6c5)CC4)CC3)cc12,-0.602059991327962,training
NCCc1c[nH]c2ccc(OCCCCCCOc3ccc4[nH]cc(CCN)c4c3)cc12,-0.255272505103306,training
CN1CCc2ccc3c4c2[C@H]1Cc1cccc(c1-4)C3,-1.60959440922522,training
NCCc1c[nH]c2ccc(OCCCCCCNS(=O)(=O)c3ccc(-c4ccc(S(=O)(=O)NCCCCCCOc5ccc6[nH]cc(CCN)c6c5)cc4)cc3)cc12,-0.220108088040055,training
CN1CCc2cccc3c2[C@H]1Cc1ccccc1-3,-1.90308998699194,training
NCCc1c[nH]c2ccc(OCC(=O)NCCCNC(=O)COc3ccc4[nH]cc(CCN)c4c3)cc12,-0.934498451243567,training
Cc1cccc2c1-c1cccc3c1[C@@H](C2)N(C)CC3,-1.15836249209525,training
NCCc1c[nH]c2ccc(OCC(=O)Nc3ccc(NC(=O)COc4ccc5[nH]cc(CCN)c5c4)cc3)cc12,-0.608526033577194,test
NCCc1c[nH]c2ccc(OCc3ccccc3COc3ccc4[nH]cc(CCN)c4c3)cc12,-0.633468455579586,training
NCCc1c[nH]c2ccc(OCCOc3ccc4[nH]cc(CCN)c4c3)cc12,-1.15533603746506,training
NCCc1c[nH]c2ccc(OCCN3CCN(C(=O)COc4ccc5[nH]cc(CCN)c5c4)CC3)cc12,-0.977723605288848,valid
NCCc1c[nH]c2ccc(OCc3cccc(COc4ccc5[nH]cc(CCN)c5c4)c3)cc12,0.0,training
NCCc1c[nH]c2ccc(OCC(=O)N3CCN(C(=O)COc4ccc5[nH]cc(CCN)c5c4)CC3)cc12,-1.30102999566398,training
NCCc1c[nH]c2ccc(OCc3ccc(COc4ccc5[nH]cc(CCN)c5c4)cc3)cc12,-0.204119982655925,training
NCCc1c[nH]c2ccc(OCCNC(=O)NCCOc3ccc4[nH]cc(CCN)c4c3)cc12,-0.342422680822206,training
NCCc1c[nH]c2ccc(OCCN3CCN(CCOc4ccc5[nH]cc(CCN)c5c4)CC3)cc12,-0.977723605288848,valid
NCCc1c[nH]c2ccc(OCC(=O)Nc3ccc(N4CCN(C(=O)COc5ccc6[nH]cc(CCN)c6c5)CC4)cc3)cc12,-0.991226075692495,test
[N-]=[N+]=Nc1cccc(CCN2CCN(c3cccc(C(F)(F)F)c3)CC2)c1,-0.301029995663981,training
Nc1ccc(CCN2CCN(c3cccc(C(F)(F)F)c3)CC2)cc1I,-1.29003461136252,training
CCN(CC)CCc1c[nH]c2ccccc12,-1.67209785793572,training
CCN(CC)CCc1c[nH]c2ccc(OC)cc12,-0.230448921378274,training
[N-]=[N+]=Nc1ccc(CCN2CCN(c3cccc(C(F)(F)F)c3)CC2)cc1I,-1.27646180417324,valid
CN(C)CCc1c[nH]c2cc(F)cc(O)c12,-2.05690485133647,training
CCN(CC)CCc1c[nH]c2cc(F)ccc12,-2.40823996531185,valid
COc1cc2c(CCN(C)C)c[nH]c2cc1F,-1.92685670894969,training
Nc1cccc(CCN2CCN(c3cccc(C(F)(F)F)c3)CC2)c1,-0.653212513775344,training
CCN(CC)CCc1c[nH]c2cccc(O)c12,-1.69019608002851,training
CN(C)CCc1c[nH]c2c(F)ccc(O)c12,-2.07918124604762,test
N#Cc1cc(CN2CCN(c3ccccc3)CC2)c[nH]1,-2.70757017609794,test
CCc1ccc2[nH]cc(CCN(C)C)c2c1,-1.17609125905568,training
CCCCCOc1ccc2[nH]cc(CCN)c2c1,-1.6232492903979,training
CCCCCCCCCOc1ccc2[nH]cc(CCN(C)C)c2c1,-2.75966784468963,training
CCCCCCCCCOc1ccc2[nH]cc(CCNCCCC)c2c1,-3.19033169817029,training
C#Cc1c[nH]c(CN2CCN(c3ccccc3)CC2)c1,-2.43136376415899,training
CCCOc1ccc2[nH]cc(CCN)c2c1,-1.94448267215017,training
c1ccc(-c2c[nH]c(CN3CCN(c4ccccc4)CC3)c2)cc1,-2.89762709129044,training
COc1ccc2[nH]cc(CCN)c2c1,-0.505149978319906,training
CC(C)(C)CCCCCCCOc1ccc2[nH]cc(CCN)c2c1,-1.79934054945358,training
CC(C)(C)CCCCCCOc1ccc2[nH]cc(CCN)c2c1,-2.96378782734556,training
O=C1Nc2cccc3c2C1(CCCCN1CCc2sccc2C1)CCC3,-2.70999882802519,training
NCCc1c[nH]c2ccc(OCCCCC3CCCCC3)cc12,-2.90308998699194,test
CCCCCCCCC(=O)Oc1ccc2[nH]cc(CCN(C)C)c2c1,-0.968482948553935,training
CCCCCCCOc1ccc2[nH]cc(CCN)c2c1,-1.57978359661681,valid
CC(C)CCCCCCOc1ccc2[nH]cc(CCN)c2c1,-3.07188200730613,training
CCC(=O)Oc1ccc2[nH]cc(CCN(C)C)c2c1,-2.60745502321467,test
CCCCCCCCCCc1ccc2[nH]cc(CCN)c2c1,-3.36172783601759,training
N#Cc1c[nH]c(CN2CCN(c3ccccc3)CC2)c1,-2.65321251377534,training
CN1C(=O)C2(CCCCN3CCc4sccc4C3)CCCc3cccc1c32,-2.89000161318464,training
CCc1ccc2[nH]cc(CCN)c2c1,-1.30102999566398,training
CC(=O)c1ccc2[nH]cc(CCN)c2c1,-0.113943352306837,training
O=C1CC2(CCCC2)CC(=O)N1CCN1CCCN(c2ccccc2Cl)CC1,0.468521082957745,training
NCCc1c[nH]c2ccc(C(N)=O)cc12,0.313810765755976,test
CN(CCN1C(=O)CC2(CCCC2)CC1=O)CCN(C)c1cc(Cl)ccc1Cl,-2.63618689519872,training
CC1CN(c2ccccc2[N+](=O)[O-])CCN1CCN1C(=O)CC2(CCCC2)CC1=O,-1.93575910374531,training
COc1ccc2[nH]cc(CC(C)N)c2c1,-0.662757831681574,test
O=C1CC2(CCCC2)CC(=O)N1CCN1CCN(c2ccccc2Br)CC1,-0.110589710299249,training
CC1CN(c2ccccc2[N+](=O)[O-])CC(C)N1CCN1C(=O)CC2(CCCC2)CC1=O,-2.60119053261533,training
COc1ccccc1N1CCN(CCN2C=CC3(CCCC3)CC2=O)CC1,-0.584331224367531,training
O=C1CC2(CCCC2)CC(=O)N1CCN1CCC(c2ccccc2)CC1,-1.41329976408125,training
O=C1CC2(CCCC2)CCN1CCN1CCN(c2ccccc2Cl)CC1,-0.02530586526477,training
CC(C)C[C@H]1C(=O)N[C@@H](Cc2ccccc2)[C@]2(O)O[C@@](C)(NC(=O)[C@@H]3C=C4c5cccc6[nH]cc(c56)C[C@H]4N(C)C3)C(=O)N12,1.19997064075587,training
NCCCC1(CCCN)CCc2cccc(O)c2C1,-0.299942900022767,valid
Cc1ccc(F)c(N2CCN(CCN3C(=O)CC4(CCCC4)CC3=O)CC2)c1,-1.71858472002744,training
COc1ccccc1N1CCC(CNCC2COc3ccc(Cl)cc3O2)CC1,-0.556302500767287,training
O=C1CC2(CCCC2)CC(=O)N1CCN1CCN(c2cc(F)ccc2Cl)CC1,-1.08170727009735,training
Cc1ccccc1N1CCN(CCN2C(=O)CC3(CCCC3)CC2=O)CC1,-1.40397796366935,test
O=C1CC2(CCCC2)CC(=O)N1CCN1CCN(c2ccccc2C(F)(F)F)CC1,-1.41946007278607,training
COc1ccccc1OCCNCCN1C(=O)CC2(CCCC2)CC1=O,-2.72065535655172,training
CN(C)CCOC1=Cc2ccccc2Sc2ccc(Cl)cc21,-2.51851393987789,training
O=C1CC2(CCCC2)CC(=O)N1CCN1CCN(c2ccccc2[N+](=O)[O-])CC1,-1.05192391604611,training
O=C1CC2(CCCC2)CCN1CCN1CCN(c2cc(Cl)ccc2Cl)CC1,-1.24129738710999,training
O=C1CC2(CCCC2)CC(=O)N1CCN1CCN(c2cc(Cl)ccc2Cl)CC1,-1.55630250076729,valid
O=C1CC2(CCCC2)CC(=O)N1CCN1CCN(c2ccccc2C2CC2)CC1,-0.079181246047625,training
O=C1CC2(CCCC2)CC(=O)N1CCN1CCN(c2ccccc2Cl)CC1,-0.627365856592733,training
CC1CCN(CC[C@H]2CCCN2S(=O)(=O)c2cccc3ccccc23)CC1,-3.0,training
O=C1CC2(CCCC2)CC(=O)N1CCN1CCN(c2cc(Br)ccc2Br)CC1,-1.79393000677268,training
O=C1CC2(CCCC2)CC(=O)N1CCCCN1CCN(c2cc(Cl)ccc2Cl)CC1,-1.41747169320329,training
CN(CCCOc1cc(Cl)ccc1Cl)CCN1C(=O)CC2(CCCC2)CC1=O,-2.65475393325293,test
CCOc1ccccc1OCCN[C@H](C)Cc1ccc(OC)c(S(N)(=O)=O)c1,0.102372908709559,test
O=C1CC2(CCCC2)CC(=O)N1CCN1CCC(c2cc(Cl)ccc2Cl)CC1,-2.39478427904704,training
O=C1CC2(C=CN1CCN1CCN(c3ccccc3Cl)CC1)CCCC2,-0.972202838379064,training
CC(CN1CCN(c2cc(Cl)ccc2Cl)CC1)N1C(=O)CC2(CCCC2)CC1=O,-2.31588641570849,valid
CN(CCOc1ccccc1Cl)CCN1C(=O)CC2(CCCC2)CC1=O,-2.09795107099415,training
Cc1cccc(S(=O)(=O)N2CCC[C@@H]2CCN2CCC(C)CC2)c1,-3.0,training
O=C1CC2(CCCC2)CC(=O)N1CCN1CCN(c2ccc(Cl)cc2)CC1,-2.77744132279772,training
O=C1CC2(CCCC2)CC(=O)N1CCCN1CCN(c2cc(Cl)ccc2Cl)CC1,-2.60304688910324,training
CCC1(C)CC(=O)N(CCN2CCN(c3cc(Cl)ccc3Cl)CC2)C(=O)C1,-2.01745072951054,training
O=C1CC2(C=CN1CCN1CCN(c3cc(Cl)ccc3Cl)CC1)CCCC2,-1.9631264410819,training
O=C1Cc2cc(CCN3CCN(c4nsc5ccccc45)CC3)c(Cl)cc2N1,-0.401615911220822,training
COc1ccc(N2CCN(CCN3C(=O)CC4(CCCC4)CC3=O)CC2)cc1,-1.73711309430596,training
Cc1ccc(C)c(N2CCN(CCN3C(=O)CC4(CCCC4)CC3=O)CC2)c1,-2.44002700969662,training
COc1ccccc1N1CCN(CCN2CCC3(CCCC3)CC2=O)CC1,-0.367355921026019,training
CC1CCN(CC[C@H]2CCCCN2S(=O)(=O)c2cccc3ccccc23)CC1,-3.1999991251968,valid
O=C1CC2(CCCC2)CC(=O)N1CCN1CCN(c2cccc(C(F)(F)F)c2)CC1,-0.91487181754005,training
CN(CCNc1cc(Cl)ccc1Cl)CCN1C(=O)CC2(CCCC2)CC1=O,-2.8555191556678,training
O=C1CC2(CCCC2)CC(=O)N1CCN1CCN(c2ccccc2O)CC1,-0.133538908370218,training
O=C1CC2(CCCC2)CC(=O)N1CCN1CCN(c2ccc(Cl)c(Cl)c2)CC1,-1.29710365014926,valid
Cc1ccc(Cl)cc1N1CCN(CCN2C(=O)CC3(CCCC3)CC2=O)CC1,-2.12981874384893,training
CC1(C)CC(=O)N(CCN2CCN(c3ccccc3Cl)CC2)C(=O)C1,-1.81822589361396,training
O=C1CCCC(=O)N1CCN1CCN(c2cc(Cl)ccc2Cl)CC1,-2.41178800454387,training
O=C1CC2(CCCC2)CC(=O)N1CCN1CCN(c2cccc(Cl)c2)CC1,-0.037426497940624,valid
O=C1CC2(CCCC2)CC(=O)N1CCN1CCN(c2cccc(Cl)c2Cl)CC1,-0.527629900871339,test
O=C1CC2(CCCC2)CC(=O)N1CCN1CCN(c2ccc(Cl)cc2Cl)CC1,-1.08206693428511,training
O=C1CC2(CCCC2)CC(=O)N1CCN1CCC(c2ccccc2Cl)CC1,-0.720159303405957,valid
O=C1CC2(CCCC2)CC(=O)N1CCN1CCN(c2cc(C(F)(F)F)ccc2F)CC1,-2.20493352235414,training
CC(C)Oc1ccccc1N1CCN(C[C@@H](O)CNC(=O)c2ccc3c(c2)C(=O)N(c2ccc(N(C)C)cc2)C3=O)CC1,-1.17609125905568,training
CC1CCN(CC[C@H]2CCCN2S(=O)(=O)c2ccc(Cl)c(Cl)c2)CC1,-2.50000306805169,training
CC(N)Cc1c[nH]c2ccc(O)cc12,-1.07918124604762,training
CC(C)Oc1ccccc1N1CCN(CCN2C(=O)CC3(CCCC3)CC2=O)CC1,0.267606240177031,training
COc1cccc(N2CCN(CCN3C(=O)CC4(CCCC4)CC3=O)CC2)c1,-1.12839926871781,training
Cc1ccc(N2CCN(CCN3C(=O)CC4(CCCC4)CC3=O)CC2)c(C)c1,-3.37348210018898,training
CC(N)Cc1cn(C)c2ccc3c(c12)CCCO3,-1.44715803134222,training
CCOC(=O)c1ccccc1N1CCN(CCN2C(=O)CC3(CCCC3)CC2=O)CC1,-0.60959440922522,valid
Cc1ccc(Cl)c(N2CCN(CCN3C(=O)CC4(CCCC4)CC3=O)CC2)c1,-1.84229713432807,training
O=C1CC2(CCCCC2)CC(=O)N1CCN1CCN(c2ccccc2Cl)CC1,-1.3003780648707,test
CC1CCN(CC[C@H]2CCCN2S(=O)(=O)c2cccc(Br)c2)CC1,-2.60000308662774,test
O=C1CC2(CCCC2)CC(=O)N1CCN1CCN(c2ccccc2)CC1,-1.55278985019278,training
N#Cc1ccc(Cl)cc1N1CCN(CCN2C(=O)CC3(CCCC3)CC2=O)CC1,-1.47187819930729,training
COc1ccccc1OCCN(C)CCN1C(=O)CC2(CCCC2)CC1=O,-2.4138695065091,training
COc1cc(C[C@@H](C)N)c(OC)cc1I,0.187086643357144,training
N#Cc1ccccc1N1CCN(CCN2C(=O)CC3(CCCC3)CC2=O)CC1,-0.729974285699556,training
O=C1CC2(CCCC2)CC(=O)N1CCN1CCN(c2c(Cl)cccc2Cl)CC1,-2.36995760734605,training
O=C1CC2(CCCC2)CC(=O)N1CCN1CCN(c2cc(I)ccc2Cl)CC1,-2.90502371468938,training
O=C1CC2(CCCCC2)CC(=O)N1CCN1CCN(c2cc(Cl)ccc2Cl)CC1,-2.10666676196992,valid
Clc1ccccc1N1CCN(CCN2CCC3(CCCC3)CC2)CC1,-1.93145787068901,training
O=C(/C=C/c1ccc(Cl)c(Cl)c1)NCCCCCN1CCC(c2c[nH]c3ccc(O)cc23)CC1,-2.0,training
CNC(=O)Cn1c2c(c3ccccc31)CCN(CCCCC13CCCc4cccc(c41)NC3=O)C2,-2.10998329481989,training
O=C(/C=C/c1ccc(Cl)c(Cl)c1)N[C@H]1CC[C@@H](CN2[C@H]3CC[C@@H]2C[C@@H](c2c[nH]c4ccc(O)cc24)C3)CC1,-3.8999998716658,training
COc1cccc2sc([C@H]3C[C@@H]4CC[C@H](C3)N4C[C@H](O)COc3cccc4[nH]c(C(N)=O)cc34)cc12,-1.0920184707528,valid
CN(C)CCSc1nc2ccccc2s1,-2.91907809237607,training
CN(C)CCSc1cccc(C2CCCCC2)n1,-0.939519252618618,valid
CN(C)CCSC(C)(C)C,-1.23044892137827,training
COc1cc(OC)c2cc([C@@H]3CCN(C[C@H](O)COc4cccc5[nH]c(C)cc45)[C@@H](C)C3)sc2c1,-1.36455099535397,training
Cc1cc2c(OC[C@@H](O)CN3CC[C@@H](c4cc5ccc(F)cc5s4)C[C@@H]3C)cccc2[nH]1,-1.09166695759568,training
Cc1cc2c(OC[C@@H](O)CN3CC[C@@H](c4cc5cc(F)ccc5s4)C[C@@H]3C)cccc2[nH]1,-0.752048447819439,training
CNCCc1c[nH]c2ccc(C(C)(C)C)cc12,-0.785329835010767,test
CN(C)CCSc1nc(C(C)(C)C)cs1,-3.34242268082221,training
CN(C)CCSc1nc(-c2ccncc2)cs1,-1.95424250943932,training
CN(C)CCSc1cccc(-c2ccccc2)n1,-1.20411998265592,training
CN(C)CCSc1cccc(Br)n1,-1.568201724067,training
COc1ccc2cc([C@@H]3CCN(C[C@H](O)COc4cccc5[nH]c(C)cc45)[C@@H](C)C3)sc2c1,-1.1296898921993,training
Cc1cc(C)c2cc([C@@H]3CCN(C[C@H](O)COc4cccc5[nH]c(C)cc45)[C@@H](C)C3)sc2c1,-2.01965622531935,test
CN(C)CCSc1ccnc(-c2ccccc2)c1,-3.07918124604762,training
CNS(=O)(=O)CCc1ccc2[nH]cc(C3CCN(C)CC3)c2c1,-1.65321251377534,training
CN(C)CCSc1nc(-c2ccccc2)cs1,-2.32221929473392,test
CCCN(CCC)[C@H]1CCc2nn3ccccc3c2C1,-3.39794000867204,training
Cc1cc2c(OC[C@@H](O)CN3CC[C@@H](c4cc5cc(Cl)ccc5s4)C[C@@H]3C)cccc2[nH]1,-1.19451434188247,training
Cc1cc2c(OC[C@@H](O)CN3CC[C@@H](c4cc5c(C)cccc5s4)C[C@@H]3C)cccc2[nH]1,-1.02201573981772,training
Cc1cc2c(OC[C@@H](O)CN3CC[C@@H](c4cc5c(F)cccc5s4)C[C@@H]3C)cccc2[nH]1,0.1249387366083,training
CN(C)CCSc1cccc(C2(O)CCCCC2)n1,-1.61278385671974,training
Cc1cc2c(OC[C@@H](O)CN3CC[C@@H](c4cc5ccccc5s4)C[C@@H]3C)cccc2[nH]1,-0.851869600729766,training
CN[C@@H]1CCc2[nH]c3ccc(C(N)=O)cc3c2C1,-1.79239168949825,valid
Fc1ccc(N2CCN(Cc3c[nH]c4ncccc34)CC2)cc1,-3.44086187357755,training
COc1ccccc1N1CCN(Cc2c[nH]c3ncccc23)CC1,-2.60809794632528,test
Fc1ccccc1N1CCN(Cc2c[nH]c3ncccc23)CC1,-2.99594216299255,test
Fc1ccc2[nH]c(CN3CCN(c4ccccn4)CC3)cc2c1,-2.30102999566398,training
C=Cc1ccc(N2CCN(Cc3c[nH]c4ncccc34)CC2)cc1,-3.59853882747659,valid
Cc1c(-c2ccccc2)oc2c(C(=O)NCCCN3CCN(c4ccccc4OCc4no[n+]([O-])c4C#N)CC3)cccc2c1=O,-0.342422680822206,valid
COc1ccc2c(c1)C(CN1CCC3(CC1)C(=O)NCN3c1ccccc1)CCO2,-2.39269695325967,training
COc1cccc2c1C(CN1CCC3(CC1)C(=O)NCN3c1ccccc1)CCO2,-1.07918124604762,training
COc1ccc2sc(C3CCN(C[C@H](O)COc4cccc5[nH]ccc45)CC3)cc2c1,-0.15836249209525,training
Cc1cc2c(OC[C@@H](O)CN3CC[C@@H](c4cccc5occc45)C[C@@H]3C)cccc2[nH]1,-0.089905111439398,test
Oc1nc2cccc(N3CCN(Cc4cccc(-c5ccsc5)c4)CC3)c2o1,-1.23044892137827,training
Oc1nc2cccc(N3CCN(Cc4ccc(O)c(-c5ccccc5)c4)CC3)c2o1,-0.880813592280791,training
Oc1nc2cccc(N3CCN(Cc4cncc(-c5ccccc5)c4)CC3)c2o1,-0.89209460269048,test
Oc1cccc2cc(C3CCN(C[C@H](O)COc4cccc5[nH]ccc45)CC3)sc12,-0.852479993636856,training
Cc1ccc2cc(C3CCN(C[C@H](O)COc4cccc5[nH]c(C)cc45)CC3)sc2c1,-1.3541084391474,training
Cc1cccc(-c2cccc(CN3CCN(c4cccc5nc(O)oc45)CC3)c2)c1,-1.54406804435028,training
COc1ccc2c(c1)OCCC2CN1CCC2(CC1)C(=O)NCN2c1ccccc1,-2.78604121024255,training
Oc1nc2cccc(N3CCN(Cc4cc(-c5ccc(F)cc5)ccn4)CC3)c2o1,-1.20411998265592,test
COc1cccc2ccc([C@@H]3CCN(C[C@H](O)COc4cccc5[nH]c(C)cc45)[C@@H](C)C3)cc12,-1.03782475058834,training
Cc1cc2c(OC[C@H](O)CN3CC[C@@H](c4cccc5sccc45)C[C@@H]3C)cccc2[nH]1,-0.260071387985075,valid
Cc1c(C2CCN(C[C@H](O)COc3cccc4[nH]ccc34)CC2)sc2ccccc12,-0.797959643737196,training
Cc1cccc2sc(C3CCN(C[C@H](O)COc4cccc5[nH]ccc45)CC3)cc12,-0.672097857935718,training
COc1cccc2cc(C3CCN(C[C@H](O)COc4cccc5[nH]ccc45)CC3)sc12,-0.787460474518415,training
Oc1ccc2cc(C3CCN(C[C@H](O)COc4cccc5[nH]ccc45)CC3)sc2c1,-0.489958479424835,training
Oc1nc2cccc(N3CCN(Cc4cccc(-c5cccc(Cl)c5)c4)CC3)c2o1,-1.6232492903979,training
Cc1ccc2cc(C3CCN(C[C@H](O)COc4cccc5[nH]ccc45)CC3)sc2c1,-1.10243370568134,training
O=C1COc2c(cccc2N2CCN(Cc3cccc(-c4ccccc4)c3)CC2)N1,-1.69019608002851,training
Cn1c(=O)oc2c(N3CCN(Cc4cccc(-c5ccccc5)c4)CC3)cccc21,-2.11394335230684,training
N#Cc1cccc(-c2cccc(CN3CCN(c4cccc5nc(O)oc45)CC3)c2)c1,-1.36172783601759,training
COc1ccc2c(c1)OCCC2CNCCCc1ccccc1,-1.44715803134222,training
O[C@H](COc1cccc2[nH]ccc12)CN1CCC(c2cc3c(Cl)cccc3s2)CC1,-0.959994838328416,training
Cc1c(-c2ccccc2)oc2c(C(=O)NCCCN3CCN(c4ccccc4OCc4no[n+]([O-])c4C(N)=O)CC3)cccc2c1=O,-0.079181246047625,training
Cc1cc2c(OC[C@@H](O)CN3CC[C@@H](c4ccc5c(C)csc5c4)C[C@@H]3C)cccc2[nH]1,-0.893206753059848,training
Cc1cc2c(OC[C@@H](O)CN3CC[C@@H](c4ccc5ccoc5c4)C[C@@H]3C)cccc2[nH]1,-0.021189299069938,training
COc1ccc2c(C)c(C3CCN(C[C@H](O)COc4cccc5[nH]ccc45)CC3)sc2c1,-0.783188691075258,test
O[C@H](COc1cccc2[nH]ccc12)CN1CCC(c2cc3c(F)cccc3s2)CC1,-0.831869774280502,training
Cc1cc2c(OC[C@@H](O)CN3CCC(c4cc5c(C)cccc5s4)CC3)cccc2[nH]1,-1.01703333929878,valid
Oc1nc2cccc(N3CCN(Cc4cccc(-c5cccs5)c4)CC3)c2o1,-1.50514997831991,training
COc1ccccc1N1CCN(CCNC(=O)c2ccc(F)cc2)CC1,0.0,training
c1ccc(-c2cccc(CN3CCN(c4cccc5c4OCCO5)CC3)c2)cc1,0.040958607678906,training
Cc1cc2c(OC[C@H](O)CN3CC[C@@H](c4ccc5sccc5c4)C[C@@H]3C)cccc2[nH]1,-0.155336037465062,valid
COc1ccc2c(c1)C(CNCCCc1ccccc1)CCO2,-1.96848294855394,training
COc1cccc2sc(C3CCN(C[C@H](O)COc4cccc5[nH]ccc45)CC3)cc12,-0.276461804173244,training
Cc1c(C2CCN(C[C@H](O)COc3cccc4[nH]ccc34)CC2)sc2ccc(F)cc12,-0.713490543093942,training
COc1cccc(-c2cccc(CN3CCN(c4cccc5nc(O)oc45)CC3)c2)c1,-1.32221929473392,test
Cc1cc2c(OC[C@@H](O)CN3CC[C@@H](c4ccc5ccccc5c4)C[C@@H]3C)cccc2[nH]1,-0.708420900134713,training
O[C@H](COc1cccc2[nH]ccc12)CN1CCC(c2cc3ccc(Cl)cc3s2)CC1,-0.88309335857569,training
O=C(NCCN1CCN(c2cccc3nc(O)oc23)CC1)c1ccc(F)cc1,-0.897627091290441,training
O=c1[nH]c2cccc(N3CCN(Cc4cccc(-c5ccccc5)c4)CC3)c2o1,-0.968482948553935,test
c1ccc(-c2cccc(CN3CCN(c4cccc5c4OCCN5)CC3)c2)cc1,-1.41497334797082,training
CC(C)Oc1ccc2cc(C3CCN(C[C@H](O)COc4cccc5[nH]ccc45)CC3)sc2c1,-1.29776051109913,training
COc1ccc2cc(C3CCN(C[C@H](O)COc4cccc5[nH]ccc45)CC3)sc2c1,-0.495544337546449,training
Cc1cc2c(OC[C@@H](O)CN3CC[C@@H](c4ccc5ccsc5c4)C[C@@H]3C)cccc2[nH]1,-0.648360010980932,valid
Oc1nc2cccc(N3CCN(Cc4cccc(-c5ccc(F)cc5)n4)CC3)c2o1,-2.30102999566398,training
O[C@H](COc1cccc2[nH]ccc12)CN1CCC(c2cc3cc(F)ccc3s2)CC1,-1.46834733041216,valid
COc1cccc2sc(C3CCN(C[C@H](O)COc4cccc5[nH]c(C)cc45)CC3)cc12,-0.683947130751512,training
Cc1cc(C)c2cc(C3CCN(C[C@H](O)COc4cccc5[nH]c(C)cc45)CC3)sc2c1,-1.44451320633404,training
Cc1cc2c(OC[C@@H](O)CN3CC[C@@H](c4cccc5ccsc45)C[C@@H]3C)cccc2[nH]1,0.040958607678906,training
Cc1cc2c(OC[C@H](O)CN3CC[C@@H](c4ccc5occc5c4)C[C@@H]3C)cccc2[nH]1,-0.143014800254095,test
O[C@H](COc1cccc2[nH]ccc12)CN1CCC(c2cc3cc(Cl)ccc3s2)CC1,-0.857935264719429,valid
Cc1cc2c(OC[C@@H](O)CN3CCC(c4cc5c(F)cccc5s4)CC3)cccc2[nH]1,-1.15075643986031,training
c1ccc(-c2cccc(CN3CCN(c4cccc5ccoc45)CC3)c2)cc1,-1.57978359661681,training
O[C@@H](COc1cccc2[nH]ccc12)CN1CCC(c2csc3ccccc23)CC1,-0.264817823009536,training
COc1cccc2c1OCCC2CNCCCc1ccccc1,-0.845098040014257,training
Cc1cc2c(OC[C@@H](O)CN3CCC(c4cc5cc(F)ccc5s4)CC3)cccc2[nH]1,-0.8750612633917,test
Cc1c(-c2ccccc2)oc2c(C(=O)NCCCN3CCN(c4ccccc4OCc4no[n+]([O-])c4C)CC3)cccc2c1=O,-0.204119982655925,training
c1ccc(-c2cccc(CN3CCN(c4cccc5c4CCCN5)CC3)c2)cc1,-1.92941892571429,training
Oc1nc2cccc(N3CCN(Cc4cccc(-c5ccc(F)cc5)c4)CC3)c2o1,-1.14612803567824,training
COc1ccccc1N1CCN(CCCNC(=O)c2cccc3c(=O)c(C)c(-c4ccccc4)oc23)CC1,-0.770852011642144,training
O[C@H](COc1cccc2[nH]ccc12)CN1CCC(c2cc3ccc(F)cc3s2)CC1,-0.968949680981343,training
Cc1cc2c(OC[C@@H](O)CN3CCC(c4cc5ccc(F)cc5s4)CC3)cccc2[nH]1,-1.18610837981321,training
Oc1nc2cccc(N3CCN(Cc4cc(-c5ccccc5)ccc4F)CC3)c2o1,-1.61278385671974,training
Fc1ccc(-c2ccc(CN3CCN(c4cccc5ccoc45)CC3)[nH]2)cc1,-0.176091259055681,valid
CC(C)Oc1cccc2sc(C3CCN(C[C@H](O)COc4cccc5[nH]ccc45)CC3)cc12,-0.872156272748293,training
Cc1cc2c(OC[C@@H](O)CN3CC[C@@H](c4ccc5scc(C)c5c4)C[C@@H]3C)cccc2[nH]1,-0.494154594018443,training
c1ccc(-c2cccc(CN3CCN(c4cccc5c4OCO5)CC3)c2)cc1,-1.17609125905568,training
N#Cc1ccccc1-c1cccc(CN2CCN(c3cccc4nc(O)oc34)CC2)c1,-1.50514997831991,training
Cc1c(-c2ccccc2)oc2c(C(=O)NCCCN3CCN(c4ccccc4OCCCO[N+](=O)[O-])CC3)cccc2c1=O,-0.857332496431268,training
Oc1nc2cccc(N3CCN(Cc4ccnc(-c5ccc(F)cc5)c4)CC3)c2o1,-1.32221929473392,training
Cc1nn2c(C#N)cccc2c1CN1CCN(c2ccc(Cl)cc2)CC1,-3.65321251377534,training
Oc1ccc2[nH]cc(/C=N/Nc3ncc[nH]3)c2c1,-2.99000123503466,training
CCCCC/N=C(/N)N/N=C/c1c[nH]c2ccc(O)nc12,-3.61999960050046,test
CC(C)(C)c1ccc(S(=O)(=O)Nc2ccc3nccc(N4CCNCC4)c3c2)cc1,-2.90000096515347,training
Cc1c(S(=O)(=O)Nc2ccc3nccc(N4CCN(C)CC4)c3c2)sc2ccc(Cl)cc12,-2.90000096515347,training
O=S(=O)(Nc1ccc2nccc(N3CCNCC3)c2c1)c1ccc(-c2ccccc2)cc1,-2.80000182781797,test
CCCCC/N=C(/N)N/N=C/c1c[nH]c2ccc(OC(C)C)cc12,-2.5099950920134,training
COC(=O)c1cc2c3c(ccc2[nH]1)OCC(CN1CCC(n2c(O)nc4ccccc42)CC1)O3,0.221848749616356,training
NC(=O)c1cc2c3c(ccc2[nH]1)OCC(CN1CCC2(CC1)C(=O)NCN2c1ccccc1)O3,0.522878745280338,training
Cc1cc(N2CCNCC2)c2cc(NS(=O)(=O)c3sc4ccc(Cl)cc4c3C)ccc2n1,-2.90000096515347,training
CCCCC/N=C(/N)N/N=C/c1c[nH]c2ccc(OCC=C(C)C)cc12,-4.07000016451415,training
O=S(=O)(Nc1ccc2nccc(N3CCNCC3)c2c1)c1ccc2c(Cl)cccc2c1,-2.2000018654066,training
N#Cc1cccc2c(CN3CCN(c4ccc(Cl)cc4)CC3)cnn12,-3.34242268082221,test
CCCCOC(=O)c1cc2c3c(ccc2[nH]1)OCC(CN1CCC2(CC1)C(=O)NCN2c1ccccc1)O3,-0.477121254719662,training
N#Cc1cc2c3c(ccc2[nH]1)OCC(CN1CCC2(CC1)C(=O)NCN2c1ccccc1)O3,0.301029995663981,training
O=C1NCN(c2ccccc2)C12CCN(CC1COc3ccc4[nH]ccc4c3O1)CC2,0.397940008672038,training
Cc1c(S(=O)(=O)Nc2ccc3nccc(N4CCNCC4)c3c2)sc2ccc(Cl)cc12,-3.0,training
Cc1sc2ccc(Cl)cc2c1S(=O)(=O)Nc1ccc2nccc(N3CCNCC3)c2c1,-2.40000234592796,training
CCCCCNC(=N)N/N=C/c1c[nH]c2ccc(O)cc12,-1.61002102466415,valid
O=C(OCc1ccccc1)c1cc2c3c(ccc2[nH]1)OCC(CN1CCC2(CC1)C(=O)NCN2c1ccccc1)O3,0.0,training
Cc1c(S(=O)(=O)Nc2ccc3nccc(N4CCN[C@@H](C)C4)c3c2)sc2ccc(Cl)cc12,-3.0,training
O=C(NCCCc1ccccc1)c1cc2c3c(ccc2[nH]1)OCC(CNCCCc1ccccc1)O3,-0.204119982655925,training
COC(=O)c1cc2c3c(ccc2[nH]1)OCC(CN1CCC2(CC1)C(=O)NCN2c1ccccc1)O3,0.045757490560675,training
CCCCCCCN(C)C(=N)N/N=C/c1c[nH]c2ccc(O)cc12,-3.1999991251968,training
O=C1NCN(c2ccccc2)C12CCN(CC1COc3ccc4[nH]c(CO)cc4c3O1)CC2,0.221848749616356,training
CCOC(=O)C1CCN(CC2COc3ccc4[nH]c(C(=O)OC)cc4c3O2)CC1,-0.079181246047625,test
COC(=O)c1cc2c3c(ccc2[nH]1)OCC(CNCCCc1ccccc1)O3,0.698970004336019,training
O=C(O)c1cc2c3c(ccc2[nH]1)OCC(CN1CCC2(CC1)C(=O)NCN2c1ccccc1)O3,-1.25042000230889,valid
COC(=O)c1cc2c3c(ccc2[nH]1)OCC(CN1CCC(Nc2ccccc2)(C(N)=O)CC1)O3,-1.34242268082221,training
c1ccc(-c2nc(CN3CCN(c4ncccn4)CC3)c[nH]2)cc1,-2.25647720624168,training
COc1ccc(C(=O)Nc2ccc(-c3ccncc3)cc2)cc1/C=C\CN(C)C,-2.80140371001736,training
CN(C)CCCc1cc(C(=O)Nc2ccc(-c3ccncc3)cc2)ccc1O,-2.92531209149965,test
CNC(=O)c1ccc2c(c1)CCO[C@H]2CCN1CCN(c2ccc(OC)cc2)CC1,-3.03822263836872,training
CCCN[C@H]1[C@@H](CCC)c2c(O)cccc2C[C@H]1CCC,-1.04139268515823,test
C=CCN[C@H]1Cc2c(cccc2OC)C[C@@H]1CC=C,-2.50785587169583,valid
CCCN[C@H]1[C@@H](CCC)c2c(cccc2OC)C[C@H]1CCC,-0.880813592280791,training
C=CCN[C@@H]1CCc2cccc(OC)c2[C@@H]1CO,-0.301029995663981,training
C=CCN[C@@H]1CCc2cccc(O)c2[C@@H]1CC=C,0.0,training
C=CCN(CCC)[C@@H]1CCc2cccc(OC)c2C1=C,-0.57978359661681,training
CCCN[C@@H]1CCc2cccc(OC)c2[C@@H]1CCC,-1.04139268515823,training
C=CC[C@H]1c2c(O)cccc2CC[C@H]1NCCC,0.301029995663981,training
CCCN[C@@H]1CCc2cccc(O)c2[C@@H]1CCC,-0.462397997898956,training
C=CC[C@H]1c2c(cccc2OC)CC[C@H]1N(CCC)CCC,-0.799340549453582,training
C=CCN[C@@H]1CCc2ccccc2[C@@H]1CC=C,-2.18184358794477,training
C=CCN[C@@H]1CCc2cccc(OC)c2[C@@H]1C(=O)OC,-1.90848501887865,training
C=CC[C@H]1Cc2cccc(OC)c2C[C@@H]1NCCC,-2.02530586526477,training
COc1ccc(N2CCN(CCC3OCCc4ccccc43)CC2)cc1,-2.95375969173323,training
CCCN[C@@H]1CCc2cccc(OC)c2[C@@H]1CO,-0.732393759822968,test
C=CC[C@H]1c2ccccc2CC[C@H]1NCCC,-2.2405492482826,training
CCCN(C)[C@@H]1CCc2cccc(OC)c2[C@@H]1CO,-0.698970004336019,training
C1=C(c2c[nH]c3ccccc23)CCN(CCOc2cccc3ncccc23)C1,-1.96661098668193,training
CN(C)CCc1cccc2c1ccn2S(=O)(=O)c1ccccc1,-2.23044892137827,training
C1=C(c2c[nH]c3ncccc23)CCN(CCOc2cccc3c2OCCO3)C1,-1.64246452024212,training
Fc1ccc2[nH]cc(CC3CCN(CCOc4cccc5c4OCCO5)CC3)c2c1,-2.22582599146189,training
Fc1ccc2[nH]cc(C3=CCN(CCOc4cccc5c4OCCO5)CC3)c2c1,-1.92064500140679,training
CN1CCN(c2cccc3ccc(OCCOc4ccc5[nH]cc(CCN)c5c4)cc23)CC1,0.017728766960432,training
C1=C(c2c[nH]c3ncccc23)CCN(CCOc2cccc3[nH]ccc23)C1,-1.03742649794062,test
Fc1ccc2c(C3=CCN(CCOc4cccc5c4OCCO5)CC3)c[nH]c2c1,-1.92220627743902,training
CN(C)CCc1cn(C(=O)c2ccccc2)c2ccc(O)cc12,-2.79239168949825,training
C1=C(c2c[nH]c3ccccc23)CCN(CCOc2cccc3c2OCCO3)C1,-1.89376176205794,training
CN1CCN(c2cccc3ccc(OCC(=O)Nc4ccc(NC(=O)COc5ccc6[nH]cc(CCN)c6c5)cc4)cc23)CC1,-0.763427993562937,training
C1=C(c2c[nH]c3ncccc23)CCN(CCOc2cccc3ncccc23)C1,-1.85491302230786,training
CN1CCN(c2cccc3ccc(OCC(=O)N4CCN(C(=O)COc5ccc6cccc(N7CCN(C)CC7)c6c5)CC4)cc23)CC1,-0.602059991327962,valid
CN(C)CCc1cccc2c1cc(C(=O)c1ccccc1)n2S(=O)(=O)c1ccccc1,-2.68124123737559,valid
NCCc1cccc2c1ccn2S(=O)(=O)c1ccccc1,-2.14612803567824,training
CCOC(=O)c1[nH]c2ccccc2c1CCN(C)C,-3.25527250510331,training
Fc1ccc2c(C3CCN(CCOc4cccc5c4OCCO5)CC3)c[nH]c2c1,-1.29225607135648,training
CNC(=O)C1=C(C)NC(C)=C(C(=O)NCCCN2CCC(C(=O)OC)(c3ccccc3)CC2)C1c1ccc([N+](=O)[O-])cc1,-2.63042787502502,training
c1ccc2c(N3CCNCC3)cccc2c1,-0.964495339555092,valid
CN(C)CCc1cn(S(=O)(=O)c2ccccc2)c2ccccc12,-2.7160033436348,valid
C1=C(c2c[nH]c3ccccc23)CCN(CCOc2cccc3[nH]ccc23)C1,-1.33445375115093,training
CN1CCN(c2cccc3ccc(OCCOc4ccc5cccc(N6CCN(C)CC6)c5c4)cc23)CC1,-1.14612803567824,training
CCCN(CCC)C1CCc2cccc(OCCCCCCOc3cccc4c3CC(N(CCC)CCC)CC4)c2C1,-0.832508912706236,test
COc1cccc2c(CCCN3CCN(c4ccccn4)CC3)cccc12,-0.227886704613674,training
COc1cccc(C(=O)Nc2ccc3[nH]cc(C4CCN(C)CC4)c3n2)c1,-1.99122607569249,training
CN1CCC(c2c[nH]c3ccc(NC(=O)c4ccsc4)nc23)CC1,-2.60205999132796,training
CN1CCC(c2c[nH]c3ccc(NC(=O)c4ccc(Cl)cc4Cl)nc23)CC1,-0.707570176097936,valid
CN1CCC(c2c[nH]c3ccc(NC(=O)c4ccncc4)nc23)CC1,-1.60205999132796,training
O[C@@H]1c2cc(F)ccc2C[C@H]1N1CCN(c2cccc3c2OCCO3)CC1,-0.119915410257991,test
CC(=O)Nc1ncc2[nH]cc(C3CCN(C)CC3)c2n1,-2.89209460269048,training
CN1CCC(c2c[nH]c3ccc(NC(=O)C4CC4)nc23)CC1,-3.14612803567824,training
CN1CCC(c2c[nH]c3cnc(NC(=O)c4ccc(F)cc4)nc23)CC1,-2.30102999566398,training
CC(=O)Nc1cc2c(C3CCN(C)CC3)c[nH]c2cn1,-0.301029995663981,training
COc1ccccc1C(=O)Nc1ccc2[nH]cc(C3CCN(C)CC3)c2n1,-1.30102999566398,training
Cc1ccc2c(c1)[C@@H](O)[C@H](N1CCC(c3cccc4c3OCCO4)CC1)C2,0.260032303240491,training
Cc1ccccc1C(=O)Nc1ccc2[nH]cc(C3CCN(C)CC3)c2n1,-2.02530586526477,training
O[C@@H]1c2ccc(F)cc2C[C@H]1N1CCC(c2cc(F)cc3c2OCCC3)CC1,-0.690018780788695,training
COc1cccc(C2CCC(NCCOc3ccccn3)CC2)c1,-0.576341350205793,training
CN1CCC(c2c[nH]c3ccc(NC(=O)c4cccc(C#N)c4)nc23)CC1,-2.0,training
O[C@@H]1c2cc(F)ccc2C[C@H]1N1CCC(c2cccc3c2OCCO3)CC1,0.110026361596004,training
OCC1COc2c(cc(Cl)cc2N2CCN([C@@H]3Cc4cc(F)ccc4[C@H]3O)CC2)O1,-1.01994668167884,training
COc1cccc(C2CCC(N3CCN(c4ccccc4OC)CC3)CC2)c1,0.677780705266081,training
CN1CCC(c2c[nH]c3ccc(NC(=O)c4cccc([N+](=O)[O-])c4)nc23)CC1,-2.11394335230684,valid
CN1CCC(c2c[nH]c3cnc(NC(=O)c4ccc(F)cc4)cc23)CC1,-1.23044892137827,training
CN1CCC(c2c[nH]c3ccc(NC(=O)c4cccc(F)c4)nc23)CC1,-2.13033376849501,test
CN1CCC(c2c[nH]c3ccc(NC(=O)C4CCC4)nc23)CC1,-3.30102999566398,training
CN1CCC(c2c[nH]c3ccc(NC(=O)c4ccccc4F)nc23)CC1,-1.6232492903979,training
O[C@@H]1c2cc(F)c(F)cc2C[C@H]1N1CCC(c2cccc3c2OCCO3)CC1,-0.340047317661393,training
COc1cccc2c1CCCC2CCCN1CCN(c2ccccn2)CC1,0.552841968657781,test
CN1CCC(c2c[nH]c3ccc(NC(=O)c4ccc([N+](=O)[O-])cc4)nc23)CC1,-1.57978359661681,training
O=[N+]([O-])c1ccc2c(c1)[C@@H](O)[C@H](N1CCN(c3cccc4c3OCCO4)CC1)C2,0.130005999878258,training
COc1cccc2c(CCCNCCOc3ccccn3)cccc12,0.065501548756432,training
O[C@@H]1c2cc3c(cc2C[C@H]1N1CCC(c2cccc4c2OCCO4)CC1)OCO3,0.280006173632396,training
CN1CCC(c2c[nH]c3ccc(NC(=O)C4CCCC4)nc23)CC1,-3.30102999566398,valid
O[C@@H]1c2ccc(F)cc2C[C@H]1N1CCN(c2cc(Cl)cc3c2OCCO3)CC1,-0.119915410257991,training
COc1cccc2c1CCCC2CCCNCCOc1ccccn1,0.638272163982407,training
CN1CCC(c2c[nH]c3ccc(NC(=O)c4ccccc4)nc23)CC1,-1.85733249643127,training
c1ccc2c(c1)CC(N1CCN(c3cccc4c3OCCO4)CC1)C2,0.100015437450609,valid
CC(=O)Nc1ccc2[nH]cc(C3CCN(C)CC3)c2c1,-1.83250891270624,training
CN1CCC(c2c[nH]c3ccc(NC(=O)c4ccco4)nc23)CC1,-2.7481880270062,training
Cc1ccc(C(=O)Nc2ccc3[nH]cc(C4CCN(C)CC4)c3n2)cc1,-1.47712125471966,training
O=[N+]([O-])c1ccc2c(c1)[C@@H](O)[C@H](N1CCC(c3cccc4c3OCCO4)CC1)C2,0.540004743952609,training
COc1ccc2c(c1)[C@@H](O)[C@H](N1CCC(c3cccc4c3OCCO4)CC1)C2,-0.03981055414835,training
CC(=O)Nc1ccc2[nH]cc(C3CCN(C)CC3)c2n1,-2.79239168949825,training
O[C@@H]1c2ccc(F)cc2C[C@H]1N1CC=C(c2cccc3c2OCCO3)CC1,0.070019409484485,training
CN1CCC(c2c[nH]c3ccc(NC(=O)c4ccc(F)cc4)nc23)CC1,-1.7481880270062,test
O[C@@H]1c2ccccc2C[C@H]1N1CCC(c2cccc3c2OCCO3)CC1,0.15002808767115,test
O[C@@H]1c2ccc(F)cc2C[C@H]1N1CC=C(c2cccc3c2SCCC3)CC1,-1.07003786660776,test
N=C(N)N/N=C/c1c[nH]c2ccc(O)cc12,-1.79934054945358,valid
CN1CCC(c2c[nH]c3ccc(NC(=O)c4ccc(C#N)cc4)nc23)CC1,-1.49136169383427,training
COc1ccccc1N1CCN(CCN(C(=O)C2CCCCC2)c2ccccn2)CC1,0.085910072516062,test
CN1CCC(c2c[nH]c3ccc(NC(=O)c4ccc(F)cc4)cc23)CC1,-1.34242268082221,valid
COc1cc2c(cc1OC)[C@@H](O)[C@H](N1CCC(c3cccc4c3OCCO4)CC1)C2,-1.89998456254939,test
CN1CCC(c2c[nH]c3ccc(NC(=O)c4ccccc4[N+](=O)[O-])nc23)CC1,-1.80617997398389,training
CN1CCC(c2c[nH]c3ccc(NC(=O)c4ccoc4)nc23)CC1,-2.92427928606188,training
CN1CCC(c2c[nH]c3ccc(NC(=O)c4ccccn4)nc23)CC1,-1.61278385671974,training
CN1CCC(c2c[nH]c3ccc(NC(=O)c4cccs4)nc23)CC1,-2.54406804435028,training
CCC(=O)Nc1ccc2[nH]cc(C3CCN(C)CC3)c2n1,-3.0,training
O[C@@H]1c2ccc(F)cc2C[C@H]1N1CCC(c2cccc3c2OCC3)CC1,-0.180125875164054,test
O[C@@H]1c2ccc(F)cc2C[C@H]1N1CCC(c2cccc3c2OCCC3)CC1,0.519993057042849,training
O[C@@H]1c2cc(F)c(F)cc2C[C@H]1N1CCN(c2cccc3c2OCCO3)CC1,-0.330007700872759,training
Cc1ccc2c(c1)C[C@@H](N1CCC(c3cccc4c3OCCO4)CC1)[C@@H]2O,-0.070037866607755,training
CN1CCC(c2c[nH]c3ccc(NC(=O)C4CCCCC4)nc23)CC1,-2.81954393554187,training
Cc1cccc(C(=O)Nc2ccc3[nH]cc(C4CCN(C)CC4)c3n2)c1,-2.0,training
CN1CCc2ccc3[nH]c(=O)c4cccc5c4c3c2[C@H]1C5,-2.57170883180869,training
CN1CCc2ccc3cnc4cccc5c4c3c2[C@H]1C5,-1.79448804665917,training
COc1ccc(S(=O)(=O)Nc2cc(Cl)cc(Cl)c2Cl)cc1N1CCNCC1,-3.59999981394342,test
Cc1[nH]c2cccc(NC(=O)c3ccc(F)cc3)c2c1CCN(C)C,-2.42324587393681,training
COc1ccccc1N1CCN(CCN(C(=O)c2ccc(F)c(C)c2)c2ccccn2)CC1,-0.293067768016331,training
COc1ccc(S(=O)(=O)N2CCc3ccc(I)cc32)cc1N1CCNCC1,-2.70000239714225,training
CN1CCc2ccc3c(=O)[nH]c4cccc5c4c3c2[C@H]1C5,-2.25042000230889,training
CN1CCc2ccc3ncc4cccc5c4c3c2[C@H]1C5,-1.53019969820308,training
COc1ccccc1N1CCN(CCN(C(=O)C2CCC(F)CC2)c2ccccn2)CC1,0.419075024324381,training
CCc1cccc(OC[C@@H](O)CN2CCC3(CC2)OCc2c3ccc3ccccc23)c1,-0.230448921378274,test
OC(COCc1ccccc1)CN1CCC2(CC1)OCc1c2ccc2ccccc12,-0.342422680822206,training
COc1ccccc1N1CCN(CCCNc2cc(-c3ccccc3)nn(C)c2=O)CC1,-2.10284516424542,training
O=C1c2ccccc2C(=O)N1CCCCN1CCn2c(cc3ccccc32)C1,-1.86923171973098,training
COc1ccc(Cl)cc1N1CCN(CCCNc2c(C(C)=O)c(C)nn(C)c2=O)CC1,-1.05076631123304,training
CCC(=O)c1c(-c2ccccc2)nn(C)c(=O)c1NCCN1CCN(c2ccccc2OC)CC1,-2.60852603357719,valid
COc1ccc2ccc(N3CCNCC3)cc2c1,-0.447158031342219,valid
O=C(c1cccc(CN2CCc3c([nH]c4ccccc34)C2)c1)N1CCc2ccccc21,-0.963787827345555,test
COc1ccc(Cl)cc1N1CCN(CCCNc2c(C(C)=O)c(-c3ccccc3)nn(C)c2=O)CC1,-3.0,training
CC(C)Oc1ccccc1N1CCN(Cc2cccc(C(=O)N3CCc4ccccc43)c2)CC1,-0.531478917042255,training
O=C(c1cccc(CN2CCN3c4ccccc4OCC3C2)c1)N1CCc2ccccc21,-0.812913356642856,test
CCCN1CCC[C@@H]2c3cc(O)ccc3CC[C@H]21,-0.587710965018911,training
COc1cccc2c1C1CCN(CCCN3C(=O)c4ccccc4S3(=O)=O)C[C@H]1C2,0.050609993355087,training
COc1ccccc1N1CCN(CCNc2cc(C)nn(C)c2=O)CC1,-1.50650503240487,training
COc1ccc(Cl)cc1N1CCN(CCCCNc2c(C(C)=O)c(C)nn(C)c2=O)CC1,-0.143014800254095,training
COc1ccc(Cl)cc1N1CCN(CCNc2cc(-c3ccccc3)nn(C)c2=O)CC1,-2.50799072481969,training
CN1CCN(c2cccc3ccc(OCC(=O)N4CCN(c5cccc6c5OCCO6)CC4)cc23)CC1,-1.14921911265538,training
OC(COc1cc(F)cc2c1OCCC2)CN1CCC2(CC1)OCc1c2ccc2ccccc12,-0.740362689494244,valid
O=C(c1cccc(CN2CCc3c([nH]c4ccccc34)C2)c1)N1CCCCC1,-1.11394335230684,training
c1ccc(CCCCN2CCC3(CC2)OCc2c3ccc3ccccc23)cc1,-1.85733249643127,valid
CN1CCN(c2cccc3ccc(OCC(=O)N4CCN(c5ccccc5C#N)CC4)cc23)CC1,-1.0899051114394,training
O[C@H](COc1ccccc1)CN1CCC2(CC1)OCc1c2ccc2ccccc12,-0.041392685158225,training
COc1ccccc1N1CCN(CCNc2c(C(=O)C(C)C)c(-c3ccccc3)nn(C)c2=O)CC1,-1.00860017176192,test
Cc1cc(C)c(N2CCN(C(=O)COc3ccc4cccc(N5CCN(C)CC5)c4c3)CC2)c(C)c1,-2.06818586174616,training
COc1ccccc1N1CCN(CCNc2cc(-c3ccccc3)nn(C)c2=O)CC1,-1.14550717140966,training
CC(=O)c1c(-c2ccccc2)nn(C)c(=O)c1NCCN1CCN(c2ccccc2F)CC1,-1.38237730346811,valid
CC(C)Oc1ccccc1N1CCN(Cc2cccc(C(=O)N3CCCCC3)c2)CC1,-0.230448921378274,valid
OC(CCc1ccccc1)CN1CCC2(CC1)OCc1c2ccc2ccccc12,-0.919078092376074,training
COc1cccc(N2CCN(C(=O)COc3ccc4cccc(N5CCN(C)CC5)c4c3)CC2)c1OC,-1.12710479836481,training
Cc1ccccc1N1CCN(C(=O)COc2ccc3cccc(N4CCN(C)CC4)c3c2)CC1,-1.69460519893357,test
COc1ccccc1N1CCN(CCNc2c(C(C)=O)c(C)nn(C)c2=O)CC1,-1.11394335230684,training
COc1ccccc1N1CCN(CCCNc2c(C(C)=O)c(C)nn(C)c2=O)CC1,-0.170261715394957,training
O=C1CCc2c(F)ccc(OCC(O)CN3CCC4(CC3)OCc3c4ccc4ccccc34)c21,-0.361727836017593,training
CC(=O)c1c(-c2ccccc2)nn(C)c(=O)c1NCCN1CCN(c2ccccc2Cl)CC1,-1.06445798922692,test
COc1ccc(Cl)cc1N1CCN(CCNc2c(C(C)=O)c(-c3ccccc3)nn(C)c2=O)CC1,-1.88212591977003,training
COc1ccccc1N1CCN(CCCNc2c(C(C)=O)c(-c3ccccc3)nn(C)c2=O)CC1,-2.12872228433843,training
Cc1ccccc1CN1CCN(C(=O)COc2ccc3cccc(N4CCN(C)CC4)c3c2)CC1,-1.35602585719312,training
COc1ccc(NC(=O)c2ccc(-c3ccc(C4=NC(C)ON4)cc3C)cc2)cc1N1CCN(C)CC1,-1.8555191556678,training
CCCCCCN1CCc2c([nH]c3ccccc23)C1,-1.89762709129044,training
O=C(c1cccc(CN2CCN3c4ccccc4OCC3C2)c1)N1CCCCC1,-1.07918124604762,test
CN1CCN(c2cccc3ccc(OCC(=O)N4CCN(c5cccc6ccccc56)CC4)cc23)CC1,-2.05690485133647,training
OC(COc1ccc(F)c2c1OCCC2)CN1CCC2(CC1)OCc1c2ccc2ccccc12,-0.447158031342219,training
COc1ccccc1N1CCN(CCNc2c(C(C)=O)c(-c3ccccc3)nn(C)c2=O)CC1,-0.392696953259666,valid
Cc1cccc(C#N)c1-c1cccc2c1-c1cccc3c1[C@@H](C2)N(C)CC3,-2.15228834438306,training
Fc1ccc2[nH]cc(CCNCCOc3cccc4c3OCCO4)c2c1,-0.763427993562937,test
Fc1ccc2[nH]cc(CCCNCCOc3ccccc3)c2c1,-0.963787827345555,training
Fc1ccc2[nH]cc(CCCNCCOc3cccc4nccnc34)c2c1,-0.991226075692495,training
COc1ccccc1OCCNCCCc1c[nH]c2ccccc12,-0.301029995663981,training
Fc1cc2c(c(OCCNCCc3c[nH]c4ccc(F)cc34)c1)OCCC2,-1.47129171105894,training
Fc1cc(OCCNCCCc2c[nH]c3ccc(F)cc23)c2occc2c1,-1.11058971029925,training
Fc1cc(OCCNCCCc2c[nH]c3ccc(F)cc23)c2c(c1)OCCO2,-1.35024801833416,training
Fc1cc2c(c(OCCNCCc3c[nH]c4ccc(F)cc34)c1)OCC2,-1.54530711646582,training
COc1ccccc1OCCNCCCc1c[nH]c2ccc(F)cc12,-0.113943352306837,valid
Fc1cc2c(c(OCCNCCCc3c[nH]c4ccc(F)cc34)c1)OCCC2,-1.4270531135645,training
Fc1ccc2[nH]cc(CCCNCCOc3cccc4[nH]ccc34)c2c1,-0.176091259055681,training
COc1ccc(F)cc1OCCNCCc1c[nH]c2ccc(F)cc12,-1.96094619573383,valid
c1ccc2c(OCCNCCCc3c[nH]c4ccccc34)cccc2c1,-1.22530928172586,training
Fc1ccc2[nH]cc(CCCNCCOc3cccc4[nH]cnc34)c2c1,0.161150909262745,valid
Fc1ccc2[nH]cc(CCCNCCOc3cc(Cl)cc4[nH]cnc34)c2c1,-1.02938377768521,training
Fc1ccc2[nH]cc(CCCNCCOc3cccc4c3OCC4)c2c1,-0.204119982655925,test
Fc1ccc2[nH]cc(CCCNCCOc3cccc4c3OCCO4)c2c1,0.154901959985743,training
COc1ccc2[nH]cc(CCN3CCCC3)c2c1F,0.920818753952375,training
c1ccc2c(CCCNCCOc3cccc4[nH]cnc34)c[nH]c2c1,0.060480747381382,training
CN1CCc2cccc3c2[C@H]1Cc1cccc(-c2c(O)cccc2O)c1-3,-2.14301480025409,valid
Fc1cc2c(c(OCCNCCCc3c[nH]c4ccc(F)cc34)c1)OCC2,-1.23299611039215,test
COc1ccc2[nH]cc(CCN(C)C)c2c1F,0.638272163982407,test
COc1ccc(F)cc1OCCNCCCc1c[nH]c2ccc(F)cc12,-1.54406804435028,training
Fc1ccc2[nH]cc(CCCNCCOc3cccc4ncccc34)c2c1,-1.55022835305509,training
c1ccc2c(CCCCNCCOc3cccc4[nH]ccc34)c[nH]c2c1,-0.6232492903979,training
COc1cccc(OC)c1-c1cccc2c1-c1cccc3c1[C@@H](C2)N(C)CC3,-2.74350976472843,training
COc1ccc(F)cc1OCCNCCc1c[nH]c2ccccc12,-1.68124123737559,training
c1ccc2c(CCCNCCOc3cccc4[nH]ccc34)c[nH]c2c1,-0.397940008672038,training
COc1ccccc1OCCNCCCCc1c[nH]c2ccccc12,-0.886490725172482,training
Fc1ccc2[nH]cc(CCCNCCOc3cccc4ccoc34)c2c1,-0.204119982655925,training
Fc1cc2c(c(OCCNCCc3c[nH]c4ccccc34)c1)OCCC2,-0.929418925714293,training
Fc1ccc2[nH]cc(CCCNCCOc3cccc4c3CCCC4)c2c1,-2.23044892137827,training
c1cnc2c(OCCNCCCc3c[nH]c4ccccc34)cccc2c1,0.267606240177031,training
CN1CCC(CCN2CCC(c3cn(-c4ccc(F)cc4)c4ccc(-c5ncn(C)n5)cc34)CC2)C1=O,-1.80617997398389,training
COc1cccc(OC)c1OCCNCCOc1ccccc1OCc1ccccc1,-1.07003786660776,training
Cn1cnc(-c2ccc3c(c2)c(C2CCN(CCC#N)CC2)cn3-c2ccc(F)cc2)n1,-2.20411998265592,training
COc1cccc(OC)c1OCCNC[C@@H]1C[C@H](c2ccccc2)c2ccccc2O1,-0.810030786405839,training
Cn1nnc(-c2ccc3c(c2)c(C2CCN(CCN4CCOC4=O)CC2)cn3-c2ccc(F)cc2)n1,-1.69019608002851,training
Cn1cnc(-c2ccc3c(c2)c(C2CCN(CCN4CCNC4=O)CC2)cn3-c2ccc(F)cc2)n1,-1.38021124171161,training
O=C1NCCN1CCN1CCC(c2cn(-c3ccc(F)cc3)c3ccc(-c4cncnc4)cc23)CC1,-1.54406804435028,training
Cn1cnc(-c2ccc3c(c2)c(C2CCN(CCN4CCOC4=O)CC2)cn3-c2ccc(F)cc2)n1,-1.39794000867204,training
Cn1nnnc1-c1ccc2c(c1)c(C1CCN(CCN3CCNC3=O)CC1)cn2-c1ccc(F)cc1,-1.70757017609794,training
O=C1NCCN1CCN1CCC(c2cn(-c3ccc(F)cc3)c3ccc(-c4c[nH]nn4)cc23)CC1,-1.65321251377534,training
COc1cccc(OC)c1OCCNCCOc1ccccc1Cc1ccccc1,-1.03019478535675,test
Cn1ccnc1-c1ccc2c(c1)c(C1CCN(CCN3CCNC3=O)CC1)cn2-c1ccc(F)cc1,-0.518513939877887,training
Cn1cc(-c2ccc3c(c2)c(C2CCN(CCN4CCNC4=O)CC2)cn3-c2ccc(F)cc2)cn1,-1.69019608002851,training
CSc1ccc2c(c1)C(N1CCN(C)CC1)Cc1ccccc1S2,-0.591064607026499,test
O=C1NCCN1CCN1CCC(c2cn(-c3ccc(F)cc3)c3ccc(Cl)cc23)CC1,-1.51851393987789,training
Cn1ncc(-c2ccc3c(c2)c(C2CCN(CCN4CCNC4=O)CC2)cn3-c2ccc(F)cc2)n1,-2.46239799789896,test
COc1cccc(OC)c1OCCNCC1Oc2ccccc2OC1c1ccc(C)cc1,-1.07003786660776,valid
O=C1OCCN1CCN1CCC(c2cn(-c3ccc(F)cc3)c3ccc(-c4ncccn4)cc23)CC1,-1.67209785793572,training
Cn1nccc1-c1ccc2c(c1)c(C1CCN(CCN3CCNC3=O)CC1)cn2-c1ccc(F)cc1,-0.763427993562937,training
COc1cccc(OC)c1OCCNCC1CC(c2ccccc2)c2ccccc2C1=O,-1.03981055414835,test
Cn1nnc(-c2ccc3c(c2)c(C2CCN(CCN4CCNC4=O)CC2)cn3-c2ccc(F)cc2)n1,-2.11394335230684,training
N#CCCN1CCC(c2cn(-c3ccc(F)cc3)c3ccc(-c4ncccn4)cc23)CC1,-1.82607480270083,test
COc1cccc(OC)c1OCCNCC1Cc2ccccc2C(c2ccccc2)C1,-0.800029359244134,training
Cn1ccc(-c2ccc3c(c2)c(C2CCN(CCN4CCNC4=O)CC2)cn3-c2ccc(F)cc2)n1,-1.51851393987789,training
CCn1ncc(-c2ccc3c(c2)c(C2CCN(CCN4CCNC4=O)CC2)cn3-c2ccc(F)cc2)n1,-2.43616264704076,training
O=C1NCCN1CCN1CCC(c2cn(-c3ccc(F)cc3)c3ccc(-c4ncccn4)cc23)CC1,-1.07918124604762,training
CCn1cc(-c2ccc3c(c2)c(C2CCN(CCN4CCNC4=O)CC2)cn3-c2ccc(F)cc2)nn1,-2.37291200297011,training
Cn1cnnc1-c1ccc2c(c1)c(C1CCN(CCN3CCNC3=O)CC1)cn2-c1ccc(F)cc1,-1.60205999132796,training
Cn1ncnc1-c1ccc2c(c1)c(C1CCN(CCN3CCNC3=O)CC1)cn2-c1ccc(F)cc1,-1.04139268515823,training
Cn1nncc1-c1ccc2c(c1)c(C1CCN(CCN3CCNC3=O)CC1)cn2-c1ccc(F)cc1,-1.25527250510331,training
Cn1cnc(-c2ccc3c(c2)c(C2CCN(CCn4c(=O)[nH]c5ccccc5c4=O)CC2)cn3-c2ccc(F)cc2)n1,-1.74036268949424,training
Cn1cc(-c2ccc3c(c2)c(C2CCN(CCN4CCNC4=O)CC2)cn3-c2ccc(F)cc2)nn1,-1.46239799789896,training
O=C1NCCN1CCN1CCC(c2cn(-c3ccc(F)cc3)c3ccc(-c4cccnc4)cc23)CC1,-1.11394335230684,training
CN1C[C@H](CNC(=O)OCc2ccccc2)C[C@@H]2c3cccc4c3c(cn4C)C[C@H]21,-0.883661435153618,training
O=C1COc2cc(CN3CCN(c4ccc(Cl)cc4)CC3)ccc2N1,-2.89872518158949,training
COc1cc2c(cc1OC)C1=NO[C@@H](CN3CCN(C/C(C)=C/c4ccccc4)CC3)[C@@H]1CO2,-2.67669360962487,training
c1ccc(CC2CCN(CC3CCc4ccccc4O3)CC2)cc1,-1.06069784035361,valid
c1ccc(CC2CCN(CC3COc4ccccc4O3)CC2)cc1,-1.24772783290972,training
O=C1CC(CN2CCC(Cc3ccccc3)CC2)Oc2ccccc21,-2.47275644931721,test
O=C1c2ccccc2CCC1CN1CCC(Cc2ccccc2)CC1,-2.41497334797082,training
O=C1c2ccccc2OCC1CN1CCC(Cc2ccccc2)CC1,-2.41497334797082,test
O=c1c(CN2CCC(Cc3ccccc3)CC2)coc2ccccc12,-2.07918124604762,training
COc1ccc2c(c1)CC(CN1CCC(Cc3ccccc3)CC1)CC2,-1.73399928653839,training
COc1cccc2c1CC(CN1CCC(Cc3ccccc3)CC1)CC2,-1.75739602879302,training
c1ccc(CN2CCN(CC3CCc4ccccc4C3)CC2)cc1,-2.26717172840301,training
c1ccc(CN2CCN(CC3CCc4ccccc4O3)CC2)cc1,-1.31597034545692,training
c1ccc(CN2CCN(CC3COc4ccccc4O3)CC2)cc1,-1.84067056133341,test
O=C1c2ccccc2CCC1CN1CCN(Cc2ccccc2)CC1,-2.64836001098093,training
c1ccc(CC2CCN(CC3CCc4ccccc4C3)CC2)cc1,-2.23552844690755,training
c1ccc(CC2CCN(CC3COc4ccccc4C3)CC2)cc1,-2.3541084391474,test
Nc1ccc(S(=O)(=O)n2cc(C3=CCNCC3)c3ccccc32)cc1,-3.22271647114758,valid
COc1ccc2c(c1)c(C1=CCNCC1)cn2S(=O)(=O)c1ccc(N)cc1,-1.98677173426624,training
Nc1ccc(S(=O)(=O)n2cc(C3CCNCC3)c3ccc(Cl)cc32)cc1,-2.06069784035361,training
O=S(=O)(c1ccccc1F)n1cc(C2=CCNCC2)c2ccccc21,-2.94200805302231,training
COc1ccccc1N1CCN(CC2=NS(=O)(=O)c3ccc(C)cc3N2)CC1,-2.02999217537785,test
COc1ccccc1N1CCN(CC2=NS(=O)(=O)c3ccc(Cl)cc3N2)CC1,-1.6699673699085,training
COc1ccccc1N1CCN(CC2Nc3ccccc3S(=O)(=O)N2)CC1,-1.22010808804006,training
COc1ccccc1N1CCN(CC2Nc3cc(Cl)ccc3S(=O)(=O)N2)CC1,-0.959994838328416,training
CC(COc1ccc2c(c1)NC(=O)CO2)NCC(O)COc1cccc2[nH]ccc12,-0.613097988684793,training
O=C1COc2ccc(OCCNCCCOc3cccc4[nH]ccc34)cc2N1,-0.20002926655377,training
O=C1COc2ccc(OC3CCN(CCOc4cccc5ncccc45)CC3)cc2N1,-1.10002573010786,valid
O=C1COc2ccc(OCC3CCN(CCOc4cccc5ncccc45)C3)cc2N1,-0.100025730107863,test
O=C1COc2ccc(OCC3CCCN(CCOc4cccc5ncccc45)C3)cc2N1,-0.20002926655377,training
O=C1COc2ccc(CN3CCN(CCOc4cccc5ncccc45)CC3)cc2N1,-1.0,training
O=C1COc2ccc(CC3CCN(CCOc4cccc5ncccc45)CC3)cc2N1,-0.100025730107863,valid
Cc1ccc2c(OCCN3CCC(Cc4ccc5c(c4)NC(=O)CO5)CC3)cccc2n1,-0.186416347750817,valid
O=C1COc2ccc(OC3CCN(CCOc4cccc5[nH]ccc45)CC3)cc2N1,-0.599992177584098,training
N#Cc1cc2c(OCCN3CCC(Oc4ccc5c(c4)NC(=O)CO5)CC3)cccc2[nH]1,-0.20002926655377,training
CC1(C)OC2C=CC=CC2=C1OCCN1CCC(Oc2ccc3c(c2)NC(=O)CO3)CC1,-0.299942900022767,training
O=C1COc2ccc(OC3CCN(CCOc4cccc5ccccc45)CC3)cc2N1,-0.400019635065159,valid
O=C1COc2ccc(OC3CCN(CCOc4nccc5ccccc45)CC3)cc2N1,-0.899984562549391,training
O=C1COc2ccc(OC3CCN(CCOc4ccnc5ccccc45)CC3)cc2N1,-2.0,training
O=C1COc2ccc(OC3CCN(CCOc4cccc5cccnc45)CC3)cc2N1,-0.800029359244134,training
COc1ccccc1N1CCN(CCCCNC(=O)c2cc3cc(I)ccc3o2)CC1,-1.51851393987789,training
O=C(NCCCCN1CCN(c2cccc(Cl)c2Cl)CC1)c1cc2cc(I)ccc2o1,-2.11394335230684,training
COc1ccccc1N1CCN(CCCCNC(=O)c2cc3cc(I)ccc3s2)CC1,-1.43136376415899,test
O=C(NCCCCN1CCN(c2cccc(Cl)c2Cl)CC1)c1cc2cc(I)ccc2s1,-1.66275783168157,training
COc1ccccc1N1CCN(CCCCNC(=O)c2ccc(I)s2)CC1,-1.0,training
O=C(NCCCCN1CCN(c2cccc(Cl)c2Cl)CC1)c1ccc(I)s1,-1.38021124171161,training
c1ccc2c(N3CCN(CCc4ccc5c(c4)NCN5)CC3)cccc2c1,-2.09999123354468,test
Cc1cccc(N2CCN(CCc3ccc4[nH]nnc4c3)CC2)c1C,-1.92001891602892,training
c1ccc2c(N3CCN(CCc4ccc5[nH]nnc5c4)CC3)cccc2c1,-1.58994960132571,valid
COc1ccccc1N1CCN(CCc2ccc3[nH]nnc3c2)CC1,-1.89998456254939,training
Oc1nc2cc(CCN3CCN(c4cccc(C(F)(F)F)c4)CC3)ccc2[nH]1,-1.94001815500766,training
c1ccc(-c2nc3cc(CCN4CCN(c5ccccc5)CC4)ccc3[nH]2)cc1,-2.23999979288687,training
C1=C(c2cc3ccccc3[nH]2)CC2CCC1N2CCOc1cccc2ncccc12,-2.50514997831991,test
C1=C(c2ccc3ccccc3c2)CC2CCC1N2CCOc1cccc2[nH]ccc12,-2.46982201597816,test
C1=C(c2c[nH]c3ccccc23)CC2CCC1N2CCOc1cccc2[nH]ccc12,-2.04610478724604,valid
C1=C(c2c[nH]c3ccccc23)CC2CCC1N2CCOc1cccc2c1OCCO2,-1.93196611472817,training
O[C@H](COc1cccc2[nH]ccc12)CN1C2C=C(c3ccc4ccccc4c3)CC1CC2,-2.23854788768133,training
O[C@H](COc1cccc2[nH]ccc12)CN1C2C=C(c3ccc(Cl)c(Cl)c3)CC1CC2,-2.02938377768521,training
CN1CCC(c2n[nH]c3ccc(NC(=O)c4ccc(F)cc4)cc23)CC1,-2.93951925261862,training
CN1CCC(c2noc3ccc(NC(=O)c4ccc(F)cc4)cc23)CC1,-2.20411998265592,training
CN1CCC(n2ncc3ccc(NC(=O)c4ccc(F)cc4)cc32)CC1,-2.49136169383427,training
CN1CCC(n2ccc3ccc(NC(=O)c4ccc(F)cc4)cc32)CC1,-1.04139268515823,training
CN1CCC(C2CNc3ccc(NC(=O)c4ccc(F)cc4)cc32)CC1,-2.39794000867204,training
CN1CCC(N2CCc3ccc(NC(=O)c4ccc(F)cc4)cc32)CC1,-1.07918124604762,training
CN1CCC(N2CCOc3ccc(NC(=O)c4ccc(F)cc4)cc32)CC1,-2.93449845124357,training
CCCN(CCC)[C@H]1CCc2c(cccc2-c2c(OC)cccc2OC)C1,-2.54032947479087,training
COc1cccc(OC)c1-c1cccc2c1CC[C@H](N(C)C)C2,-3.15228834438306,training
O=C1CC2(CCCC2)CC(=O)N1CCN1CCN(c2ccc(F)cc2F)CC1,-1.38021124171161,training
O=C1CC2(CCCC2)CC(=O)N1CCN1CCN(c2ccc(F)c(F)c2)CC1,-1.74036268949424,training
O=C1CC2(CCCC2)CC(=O)N1CCN1CCN(c2cc(F)c(F)cc2F)CC1,-2.55630250076729,training
Cc1ccc2c(OCCN3CCN(CN4C=CC5=CC(=O)CC=C5O4)CC3)cccc2n1,-1.80002935924413,training
Cc1ccc2c(OCCN3CCN(Cc4ccc(O)c([N+](=O)[O-])c4)CC3)cccc2n1,-2.90000096515347,training
COc1ccc(CN2CCN(CCOc3cccc4nc(C)ccc34)CC2)cc1[N+](=O)[O-],-2.60000308662774,training
Cc1ccc2c(OCCN3CCN(Cc4ccc(F)c([N+](=O)[O-])c4)CC3)cccc2n1,-2.70000239714225,training
Cc1ccc2c(OCCN3CCN(Cc4ccc(C)c([N+](=O)[O-])c4)CC3)cccc2n1,-1.5999921775841,training
Cc1ccc2c(OCCN3CCN(Cc4ccc(Cl)c([N+](=O)[O-])c4)CC3)cccc2n1,-1.80002935924413,training
Cc1ccc2c(OCCN3CCN(Cc4cc(Cl)ccc4Cl)CC3)cccc2n1,-1.89998456254939,training
Cc1ccc2c(OCCN3CCN(Cc4ccc5[nH]ccc5c4)CC3)cccc2n1,-3.0,valid
Cc1ccc2c(OCCN3CCN(Cc4cccc5ncccc45)CC3)cccc2n1,-2.60000308662774,training
Cc1ccc2c(OCCN3CCN(Cc4cccc5ncncc45)CC3)cccc2n1,-2.60000308662774,training
Cc1ccc2c(OCCN3CCN(Cc4cccc5cccnc45)CC3)cccc2n1,-2.50000306805169,training
Cc1ccc2c(OCCN3CCN(Cc4cccc5cc[nH]c45)CC3)cccc2n1,-2.60000308662774,valid
Cc1ccc2c(OCCN3CCN(Cc4cccc5[nH]cnc45)CC3)cccc2n1,-2.2000018654066,training
CN1CCC[C@@H]1Cc1c[nH]c2ccc(NS(=O)(=O)c3ccccc3Cl)cc12,-2.23044892137827,training
CN1CCC[C@@H]1Cc1c[nH]c2ccc(NS(=O)(=O)c3cccc(Cl)c3)cc12,-2.30102999566398,training
O=S(=O)(Nc1ccc2[nH]cc(C[C@H]3CCCN3)c2c1)c1ccccc1Cl,-2.7419390777292,training
O=S(=O)(Cc1ccccc1I)Nc1ccc2[nH]cc(C[C@H]3CCCN3)c2c1,-2.36921585741014,valid
CN1CCN(c2cc3c(cc2Cl)CCN3C(=O)Nc2ccc(-c3ccncc3)c3ccccc23)CC1,-0.844508240048252,training
COc1cc2c(cc1N1CCN(C)CC1)N(C(=O)c1ccc(-c3cccc(C)n3)c3ccccc13)CC2,-1.10002573010786,test
COc1cc2c(cc1N1C[C@H](C)N(C)[C@H](C)C1)N(C(=O)c1ccc(-c3cccc(C)n3)c3ccccc13)CC2,-2.70000239714225,training
COc1cc2c(cc1N1C[C@H](C)N[C@H](C)C1)N(C(=O)c1ccc(-c3cccc(C)n3)c3ccccc13)CC2,-3.0,training
CCN1[C@@H](C)CN(c2cc3c(cc2OC)CCN3C(=O)c2ccc(-c3cccc(C)n3)c3ccccc23)C[C@H]1C,-2.70000239714225,valid
CCCN1[C@@H](C)CN(c2cc3c(cc2OC)CCN3C(=O)c2ccc(-c3cccc(C)n3)c3ccccc23)C[C@H]1C,-1.89998456254939,valid
COc1cc2c(cc1N1CCN(C)CC1)N(C(=O)Nc1cccc(Cl)c1Cl)CC2,-1.70001106232211,training
COc1cc2c(cc1N1C[C@H](C)N(C)[C@H](C)C1)N(C(=O)Nc1cccc(Cl)c1Cl)CC2,-3.1999991251968,training
COc1cc2c(cc1N1CCN(C)CC1)N(C(=O)Cc1cccc([N+](=O)[O-])c1)CC2,-2.2000018654066,training
COc1cc2c(cc1N1C[C@H](C)N(C)[C@H](C)C1)N(C(=O)Cc1cccc([N+](=O)[O-])c1)CC2,-3.29999949611698,training
COc1ccc(NC(=O)N2CCN(c3ccc(Cl)cc3)CC2)cc1N1CCN(C)CC1,-1.72015930340596,training
COc1ccc(NC(=O)N2CCN(c3ccc(F)cc3)CC2)cc1N1CCN(C)CC1,-3.03302144468291,training
COc1ccc(NC(=O)N2CCN(c3ccc(-c4ccccc4)cc3)CC2)cc1N1CCN(C)CC1,-2.60745502321467,training
COc1ccc(NC(=O)N2CCN(c3ccc(C(F)(F)F)cc3)CC2)cc1N1CCN(C)CC1,-2.58206336291171,training
COc1ccc(NC(=O)N2CCN(c3ccc(SC)cc3)CC2)cc1N1CCN(C)CC1,-2.94546858513182,training
COc1ccccc1N1CCC(C(=O)Nc2ccc(OC)c(N3CCN(C)CC3)c2)CC1,-1.18752072083646,training
COc1ccccc1N1CCN(CCCCNC(=O)c2ccc(F)cc2)CC1,-1.17609125905568,training
O=C(NCCCCN1CCN(c2cccc(Cl)c2Cl)CC1)c1ccc(F)cc1,-1.77815125038364,training
COc1ccccc1N1CCN(CCCCNC(=O)c2ccc(F)nc2)CC1,-1.34242268082221,training
O=C(NCCCCN1CCN(c2cccc(Cl)c2Cl)CC1)c1ccc(F)nc1,-1.44715803134222,training
COc1ccccc1N1CCN(CCCCNC(=O)c2cccc(F)n2)CC1,-1.38021124171161,valid
O=C(NCCCCN1CCN(c2cccc(Cl)c2Cl)CC1)c1cccc(F)n1,-1.47712125471966,valid
COc1ccccc1N1CCN(CCCCNS(=O)(=O)c2ccc(F)cc2)CC1,-1.70757017609794,training
O=S(=O)(NCCCCN1CCN(c2cccc(Cl)c2Cl)CC1)c1ccc(F)cc1,-2.07918124604762,training
CN(C)CC(O)COc1cccc2[nH]ccc12,-1.38021124171161,valid
CN1[C@H]2CC[C@@H]1C[C@H](OC(=O)c1c[nH]c3ccccc13)C2,-0.724275869600789,training
CN1CCN(c2nccc3cc4c(cc23)N(C(=O)c2ccc(Cl)cc2)CC4)CC1,0.100015437450609,training
CN1CCN(c2nccc3cc4c(cc23)N(C(=O)c2ccc(C#N)cc2)CC4)CC1,0.0,valid
CN1CCN(c2nccc3cc4c(cc23)N(C(=O)c2ccccc2C(F)(F)F)CC4)CC1,-1.0,training
CN1CCN(c2nccc3cc4c(cc23)N(C(=O)c2ccccc2Cl)CC4)CC1,-0.700011062322112,training
CN1CCN(c2nccc3cc4c(cc23)N(C(=O)c2ccc(C(F)(F)F)nc2)CC4)CC1,-0.49996186559619,test
CN1CCN(c2nccc3cc4c(cc23)N(C(=O)c2cccc3ncccc23)CC4)CC1,-0.599992177584098,training
Cc1cc(C(=O)N2CCc3cc4ccnc(N5CCN(C)CC5)c4cc32)c(C(F)(F)F)o1,-0.700011062322112,valid
Cc1nc(C)c(C(=O)N2CCc3cc4ccnc(N5CCN(C)CC5)c4cc32)o1,-0.800029359244134,training
CN1CCN(c2nccc3cc4c(cc23)N(C(=O)c2cnn(C)c2C(F)(F)F)CC4)CC1,-0.800029359244134,training
CN1CCN(c2nccc3cc4c(cc23)N(C(=O)c2cnn3ccccc23)CC4)CC1,0.50003813440381,training
Cc1c(C(=O)N2CCc3cc4ccnc(N5CCN(C)CC5)c4cc32)cnn1-c1ccccc1,0.199970640755866,training
CCc1c(C(=O)N2CCc3cc4ccnc(N5CCN(C)CC5)c4cc32)cnn1-c1ccc(C#N)cc1,-0.100025730107863,training
CCc1c(C(=O)N2CCc3cc4ccnc(N5CCNCC5)c4cc32)cnn1-c1ccc(C#N)cc1,-0.100025730107863,training
CCc1c(C(=O)N2CCc3cc4ccnc(N5CCN(CC)CC5)c4cc32)cnn1-c1ccc(C#N)cc1,-0.49996186559619,test
CCc1c(C(=O)N2CCc3cc4ccnc(N5CCN(C(C)C)CC5)c4cc32)cnn1-c1ccc(C#N)cc1,-0.800029359244134,test
CCc1c(C(=O)N2CCc3cc4ccnc(N5C[C@H](C)N[C@H](C)C5)c4cc32)cnn1-c1ccc(C#N)cc1,-1.49996186559619,test
COc1ccc(NC(=O)N2CCN(c3ccccc3OC)CC2)cc1N1CCN(C)CC1,-2.80685802951882,training
COc1ccc(NC(=O)N2CCN(c3ccccc3Cl)CC2)cc1N1CCN(C)CC1,-2.52504480703685,training
COc1ccc(NC(=O)N2CCN(c3ccccc3F)CC2)cc1N1CCN(C)CC1,-2.4983105537896,training
COc1cccc2c1CCCC2CN(C)CCc1cccc(F)c1,-0.505149978319906,training
COc1cccc2c1CCCC2CN(C)CCc1ccc2c(c1)OCO2,-0.826074802700826,training
COc1cccc2c1CCC[C@H]2CN(C)CCc1ccc2ccoc2c1,-0.301029995663981,training
COc1ccc(COc2ccccc2OCCNCCOc2c(OC)cccc2OC)cc1,-1.24004977211265,training
COc1cccc(COc2ccccc2OCCNCCOc2c(OC)cccc2OC)c1,-1.48995847942483,valid
COc1ccccc1COc1ccccc1OCCNCCOc1c(OC)cccc1OC,-1.36995760734605,training
COc1cccc(OC)c1OCCNCCOc1ccccc1OCc1ccc([N+](=O)[O-])cc1,-1.07003786660776,training
COc1cccc(OC)c1OCCNCCOc1ccccc1OCc1cccc([N+](=O)[O-])c1,-1.31993843998031,test
COc1cccc(OC)c1OCCNCCOc1ccccc1OCc1ccccc1[N+](=O)[O-],-1.38003024796783,training
COc1cccc(OC)c1OCCNCCOc1ccccc1OCc1ccc(C)cc1,-1.35005409357903,training
COc1cccc(OC)c1OCCNCCOc1ccccc1OCc1cccc(C)c1,-1.26007138798507,training
COc1cccc(OC)c1OCCNCCOc1ccccc1OCc1ccccc1C,-1.04999285692014,training
COc1cccc(OC)c1OCCNCCOc1ccccc1OCc1ccc(Cl)cc1,-1.19005141775921,valid
COc1cccc(OC)c1OCCNCCOc1ccccc1OCc1cccc(Cl)c1,-0.820004306808318,training
COc1cccc(OC)c1OCCNCCOc1ccccc1OCc1ccccc1Cl,-0.679972694277418,training
CN1CCc2c(sc3ncn(CCN4CCN(c5nccc6ccccc56)CC4)c(=O)c23)C1,0.154901959985743,training
CN1CCc2c(sc3ncn(CCN4CCN(c5cccc6ccccc56)CC4)c(=O)c23)C1,0.154901959985743,training
CN1CCc2c(sc3ncn(CCN4CCN(c5ccc6ccccc6n5)CC4)c(=O)c23)C1,-0.959041392321094,training
CN1CCc2c(sc3ncn(CCN4CCN(c5ncnc6ccccc56)CC4)c(=O)c23)C1,-1.97034687623009,training
CN1CCc2c(sc3ncn(CCN4CCN(c5cccc6cccnc56)CC4)c(=O)c23)C1,0.698970004336019,training
CN1CCc2c(sc3ncn(CCN4CCN(c5cccc6ccncc56)CC4)c(=O)c23)C1,0.522878745280338,training
CN1CCc2c(sc3ncn(CCN4CCN(c5cccc6cnccc56)CC4)c(=O)c23)C1,0.045757490560675,valid
CN1CCc2c(sc3ncn(CCN4CCN(c5cccc6ncccc56)CC4)c(=O)c23)C1,-0.176091259055681,training
CN1CCc2c(sc3ncn(CCN4CCN(c5ccnc6ccccc56)CC4)c(=O)c23)C1,-0.812913356642856,test
CN1CCc2c(sc3ncn(CCN4CCN(c5cncc6ccccc56)CC4)c(=O)c23)C1,-0.672097857935718,valid
CN1CCc2c(sc3ncn(CCN4CCN(c5cccc6ccsc56)CC4)c(=O)c23)C1,0.397940008672038,valid
CN1CCc2c(sc3ncn(CCN4CCN(c5cccc6c5OCC6)CC4)c(=O)c23)C1,0.221848749616356,training
COc1ccc2ccccc2c1N1CCN(CCn2cnc3sc4c(c3c2=O)CCN(C)C4)CC1,-1.07188200730613,training
COc1c(Cl)cc(Cl)cc1N1CCN(CCn2cnc3sc4c(c3c2=O)CCN(C)C4)CC1,-1.41161970596323,test
COc1cc(Cl)c(Cl)cc1N1CCN(CCn2cnc3sc4c(c3c2=O)CCN(C)C4)CC1,-0.397940008672038,training
COc1c(Cl)cccc1N1CCN(CCn2cnc3sc4c(c3c2=O)CCN(C)C4)CC1,-0.397940008672038,training
COc1cc(Cl)ccc1N1CCN(CCn2cnc3sc4c(c3c2=O)CCN(C)C4)CC1,-1.27415784926368,training
COc1ccc(-c2ccccc2)cc1N1CCN(CCn2cnc3sc4c(c3c2=O)CCN(C)C4)CC1,-2.63245729218472,training
COc1ccc(C(F)(F)F)cc1N1CCN(CCn2cnc3sc4c(c3c2=O)CCN(C)C4)CC1,-2.01661554755718,training
COc1ccc(C)cc1N1CCN(CCn2cnc3sc4c(c3c2=O)CCN(C)C4)CC1,-0.7481880270062,training
COc1ccc(OC)c(N2CCN(CCn3cnc4sc5c(c4c3=O)CCN(C)C5)CC2)c1,-1.38381536598043,training
COc1ccc(Cl)cc1N1CCN(CCn2cnc3sc4c(c3c2=O)CCN(C)C4)CC1,-0.477121254719662,training
CN1CCc2c(sc3ncn(CCN4CCN(c5ccccc5OCc5ccccc5)CC4)c(=O)c23)C1,-0.278753600952829,training
CN1CCc2c(sc3ncn(CCN4CCN(c5ccccc5Oc5ccccc5)CC4)c(=O)c23)C1,0.045757490560675,training
CN1CCc2c(sc3ncn(CCN4CCN(c5ccccc5OCC(C)(C)C)CC4)c(=O)c23)C1,-0.397940008672038,valid
CC(C)Oc1ccccc1N1CCN(CCn2cnc3sc4c(c3c2=O)CCN(C)C4)CC1,0.154901959985743,training
CN1CCc2c(sc3ncn(CCN4CCN(c5ccccc5C#N)CC4)c(=O)c23)C1,-0.397940008672038,training
CN1CCc2c(sc3ncn(CCN4CCN(c5ccccc5Cl)CC4)c(=O)c23)C1,-0.447158031342219,training
CN1CCc2c(sc3ncn(CCN4CCN(c5ccccc5-c5ccccc5)CC4)c(=O)c23)C1,-0.612783856719735,training
Cc1ccccc1N1CCN(CCn2cnc3sc4c(c3c2=O)CCN(C)C4)CC1,-0.462397997898956,training
COc1ccccc1N1CCN(CCn2cnc3sc4c(c3c2=O)CCN(C)C4)CC1,0.154901959985743,training
COc1ccccc1N1CCN(CCn2c(=O)[nH]c3[nH]c(-c4ccccc4)cc3c2=O)CC1,-2.08742645703629,training
O=c1[nH]c2[nH]c(-c3ccc(Cl)cc3)cc2c(=O)n1CCN1CCN(c2ccccc2Cl)CC1,-3.17983892802319,training
COc1ccccc1N1CCN(CCn2c(=O)[nH]c3[nH]c(-c4ccc(Cl)cc4)cc3c2=O)CC1,-2.60346915973384,valid
COc1ccc(-c2cc3c(=O)n(CCN4CCN(c5ccccc5Cl)CC4)c(=O)[nH]c3[nH]2)cc1,-3.02938377768521,training
COc1ccc(-c2cc3c(=O)n(CCN4CCN(c5ccccc5OC)CC4)c(=O)[nH]c3[nH]2)cc1,-2.05461305455689,training
Cc1ccc(-c2cc3c(=O)n(CCN4CCN(c5ccccc5Cl)CC4)c(=O)[nH]c3[nH]2)cc1,-3.25887662937213,valid
COc1ccccc1N1CCN(CCn2c(=O)[nH]c3[nH]c(-c4ccc(C)cc4)cc3c2=O)CC1,-2.52288743108312,training
O=c1[nH]c2[nH]c(-c3ccccc3Cl)cc2c(=O)n1CCN1CCN(c2ccccc2Cl)CC1,-1.81224469680037,training
COc1ccccc1N1CCN(CCn2c(=O)[nH]c3[nH]c(-c4ccccc4Cl)cc3c2=O)CC1,-1.28103336724773,training
COc1ccccc1-c1cc2c(=O)n(CCN3CCN(c4ccccc4Cl)CC3)c(=O)[nH]c2[nH]1,-3.01283722470517,training
COc1ccccc1-c1cc2c(=O)n(CCN3CCN(c4ccccc4OC)CC3)c(=O)[nH]c2[nH]1,-2.19672872262329,training
Cc1ccccc1-c1cc2c(=O)n(CCN3CCN(c4ccccc4Cl)CC3)c(=O)[nH]c2[nH]1,-3.16136800223497,training
COc1ccccc1N1CCN(CCn2c(=O)[nH]c3[nH]c(-c4ccccc4C)cc3c2=O)CC1,-2.46996920949996,training
O=c1[nH]c2[nH]c(-c3ccccc3)cc2c(=O)n1CCN1CCN(c2ccccc2Cl)CC1,-3.18752072083646,training
Cn1c(=O)cnn(CCCCN2CCN(c3cccc4ccc(O[11CH3])cc34)CC2)c1=O,-0.133538908370218,training
C[C@H](N)Cn1ncc2ccc(O)cc21,-2.14921911265538,training
COc1cccc2c1OC(CNCCc1c[nH]c3ccc(F)cc13)CN2,-0.968949680981343,training
CCCN1CC(CN2CC=C(c3c[nH]c4ccc(F)cc34)CC2)Oc2c(OC)cccc21,-2.55966727838806,training
C1=C(c2c[nH]c3ccccc23)CCN(CC2CNc3ccccc3O2)C1,-2.90568796771185,training
CCN1CC(CN2CC=C(c3c[nH]c4ccc(F)cc34)CC2)Oc2c(OC)cccc21,-2.13497354000591,training
COc1cccc2c1OC(CN1CC=C(c3c[nH]c4ccc(F)cc34)CC1)CN2C,-2.14581771449183,training
COc1cccc2c1OC(CN1CC=C(c3c[nH]c4ccc(F)cc34)CC1)CN2,-2.18991120969281,test
c1ccc(N2CC(CNCCCc3c[nH]c4ccccc34)Oc3ccccc32)cc1,-1.87949728724943,valid
c1ccc(N2CC(CNCCc3c[nH]c4ccccc34)Oc3ccccc32)cc1,-1.48015072527328,training
Fc1ccc2[nH]cc(CCNCC3CN(Cc4ccccc4)c4ccccc4O3)c2c1,-0.860338006570994,training
Fc1ccc2[nH]cc(CCNCC3CN(c4ccccc4)c4ccccc4O3)c2c1,-0.853698211776174,test
c1ccc(CN2CC(CNCCCc3c[nH]c4ccccc34)Oc3ccccc32)cc1,-1.88161287247835,training
c1ccc2c(c1)NCC(CNCCc1c[nH]c3ccccc13)O2,-0.839478047374198,training
CN1CC(CNCCc2c[nH]c3ccccc23)Oc2ccccc21,-0.767897616018091,test
CC(C)CN1CC(CNCCc2c[nH]c3ccc(F)cc23)Oc2ccccc21,-0.911157608739977,training
CN1CC(CNCCc2c[nH]c3ccc(F)cc23)Oc2cc(Cl)ccc21,-1.87610232137779,test
CC(C)N1CC(CNCCCc2c[nH]c3ccccc23)Oc2ccccc21,-1.95626450269828,training
CCCN1CC(CNCCc2c[nH]c3ccccc23)Oc2ccccc21,-1.10585067438514,valid
CC(C)N1CC(CNCCc2c[nH]c3ccc(F)cc23)Oc2ccccc21,-0.44870631990508,test
Fc1ccc2[nH]cc(CCNCC3CNc4ccccc4O3)c2c1,-1.04060234011407,training
CCN1CC(CNCCc2c[nH]c3ccc(F)cc23)Oc2ccccc21,-1.18497519069826,training
CN1CC(CNCCc2c[nH]c3ccc(F)cc23)Oc2ccccc21,-0.927370363039024,training
COc1ccc2c(c1)OC(CNCCc1c[nH]c3ccc(F)cc13)CN2,-2.01283722470517,training
O=S(=O)(c1ccccc1)C1(CCCN2CCc3ccccc3C2)CCC1,-1.54406804435028,training
CC(C)(CCCN1CCCC(c2ccccc2)C1)S(=O)(=O)c1ccccc1,-2.60205999132796,training
CCOC(=O)[C@@H]1CCCN(CCCC(C)(C)S(=O)(=O)c2ccccc2)C1,-3.38021124171161,training
CC(C)(CCCN1CC[C@@H]2CCCC[C@H]2C1)S(=O)(=O)c1ccccc1,-3.17609125905568,training
O=S(=O)(c1ccccc1)C1(CCCN2CCC3CCCCC3C2)CCC1,-2.32221929473392,training
COc1cccc(N2CCN(CCCCn3ncc(=O)n(C)c3=O)CC2)c1,-0.041392685158225,valid
CC(=O)Nc1cccc(N2CCN(CC3CCN(S(=O)(=O)c4ccc(F)cc4)CC3)CC2)c1,-1.11394335230684,training
CC(=O)Nc1cccc(N2CCN(CC3CCN(S(=O)(=O)C(C)C)CC3)CC2)c1,-2.04921802267018,training
CC(=O)Nc1cccc(N2CCN(CC3CCN(S(=O)(=O)CC4CCCCC4)CC3)CC2)c1,-1.0,training
CC(=O)Nc1cccc(N2CCN(CCCCN(C)S(=O)(=O)CC(C)C)CC2)c1,-0.986771734266245,training
CC(=O)Nc1cccc(N2CCN(CCCCN(C)S(=O)(=O)CC3CCCCC3)CC2)c1,-0.113943352306837,valid
CC(=O)Nc1cccc(N2CCN(CCCCNS(=O)(=O)CC(C)C)CC2)c1,-0.963787827345555,training
O=C(Nc1cccc(N2CCN(CCCCNS(=O)(=O)CC3CCCCC3)CC2)c1)C1CC1,-0.949390006644913,training
CC(=O)Nc1cccc(N2CCN(CCCCNS(=O)(=O)CC3CCCCC3)CC2)c1,-0.707570176097936,training
CC(=O)Nc1cccc(N2CCN(CCCCNS(=O)(=O)C(C)C)CC2)c1,-1.38021124171161,training
CC(=O)Nc1cccc(N2CCN(CCCCNS(=O)(=O)C3CCCCC3)CC2)c1,-1.60205999132796,training
CC(=O)Nc1cccc(N2CCN(CCCCNS(=O)(=O)c3ccc(F)cc3)CC2)c1,-1.25527250510331,valid
Cc1ccc(S(=O)(=O)NCCCCN2CCN(c3cccc(NC(=O)C(C)(C)C)c3)CC2)cc1,-3.13353890837022,valid
Cc1ccc(S(=O)(=O)NCCCCN2CCN(c3cccc(NC(=O)C4CC4)c3)CC2)cc1,-1.34242268082221,training
Cc1ccc(S(=O)(=O)NCCCCN2CCN(c3cccc(NC(=O)C(C)C)c3)CC2)cc1,-1.89209460269048,training
CCCC(=O)Nc1cccc(N2CCN(CCCCNS(=O)(=O)c3ccc(C)cc3)CC2)c1,-1.7481880270062,training
CCC(=O)Nc1cccc(N2CCN(CCCCNS(=O)(=O)c3ccc(C)cc3)CC2)c1,-2.62940959910272,training
CC(=O)Nc1cccc(N2CCN(CCCCNS(=O)(=O)c3ccc(C)cc3)CC2)c1,-0.832508912706236,valid
Cc1ccc(S(=O)(=O)NCCCCN2CCN(c3cccc(NS(=O)(=O)C(C)C)c3)CC2)cc1,-1.67209785793572,training
CCS(=O)(=O)Nc1cccc(N2CCN(CCCCNS(=O)(=O)c3ccc(C)cc3)CC2)c1,-2.14921911265538,training
Cc1ccc(S(=O)(=O)NCCCCN2CCN(c3cccc(NS(C)(=O)=O)c3)CC2)cc1,-1.66275783168157,training
Cc1ccc(S(=O)(=O)NCCCCN2CCN(c3ccccc3)CC2)cc1,-1.60205999132796,training
COc1ccccc1N1CCN(CCCCNS(=O)(=O)c2ccc(C)cc2)CC1,0.0,training
CC1(C)CC(=O)N(CCCCN2CCN(c3ncccn3)CC2)C(=O)C1,-1.35024801833416,training
O=C1CCC(=O)N1C[C@H]1CC[C@H]2CN(c3ncccn3)CCN2C1,-1.96378782734556,training
O=C1c2ccccc2S(=O)(=O)N1CCCCN1CCN(c2ncccn2)CC1,-0.778151250383644,training
COc1ccccc1N1CCN(CCCCNC(=O)c2cc3c4ccc(c3o2)CCc2ccc(cc2)CC4)CC1,-2.27875360095283,training
O=C(NCCCCN1CCN(c2cccc(F)c2F)CC1)c1cc2ccc1CCc1ccc(cc1)CC2,-2.46239799789896,training
COc1c(Cl)cccc1N1CCN(CCCCNC(=O)c2cc3ccc2CCc2ccc(cc2)CC3)CC1,-1.34242268082221,test
O=C(NCCCCN1CCN(c2cccc(Cl)c2Cl)CC1)c1cc2ccc1CCc1ccc(cc1)CC2,-2.81954393554187,training
COc1ccccc1N1CCN(Cc2cnn(-c3ccccc3)c2)CC1,-0.832508912706236,valid
C1=C(c2ccccc2)CCN(Cc2cnn(-c3ccccc3)c2)C1,-1.568201724067,training
O=C(CCCN1C2CCC1CC(O)(c1ccc(Cl)cc1)C2)c1ccc(F)cc1,-1.44247976906445,training
NC(=O)c1ccc(F)c2c1CC(N(CCCCc1c[nH]c3ccc(F)cc13)C1CCC1)CO2,-0.681241237375587,training
NC(=O)c1ccc(F)c2c1CC(N(CCCCc1c[nH]c3ccc(F)cc13)CC1CC1)CO2,-0.322219294733919,training
NC(=O)c1ccc(F)c2c1CC(N(CCc1c[nH]c3ccc(F)cc13)CC1CC1)CO2,-0.863322860120456,training
CCCN(CCCCc1c[nH]c2ccc(F)cc12)C1COc2c(F)ccc(C(N)=O)c2C1,-0.643452676486187,training
CCCN(CCc1c[nH]c2ccc(F)cc12)C1COc2c(F)ccc(C(N)=O)c2C1,-1.24551266781415,training
CCN(CCCCc1c[nH]c2ccc(F)cc12)C1COc2c(F)ccc(C(N)=O)c2C1,-2.51851393987789,training
CCN(CCc1c[nH]c2ccc(F)cc12)C1COc2c(F)ccc(C(N)=O)c2C1,-1.52113808370404,training
CN(CCCc1c[nH]c2ccc(F)cc12)[C@H]1COc2c(F)ccc(C(N)=O)c2C1,-2.42488163663107,training
NC(=O)c1ccc(F)c2c1C[C@@H](NCCCc1c[nH]c3ccc(F)cc13)CO2,-1.65513843481138,training
COc1cccc2c1CC(N(CCCc1c[nH]c3ccc(F)cc13)CC1CC1)CO2,-0.225309281725863,training
CCCN(CCCc1c[nH]c2ccc(F)cc12)C1COc2cccc(OC)c2C1,-1.19865708695442,training
CCN(CCCc1c[nH]c2ccc(F)cc12)C1COc2cccc(OC)c2C1,-0.361727836017593,training
COc1cccc2c1CC(N(C)CCCc1c[nH]c3ccc(F)cc13)CO2,-1.60205999132796,valid
Clc1ccc(N2CCN(Cc3cnn4ccccc34)CC2)cc1,-3.14612803567824,training
Clc1ccc(N2CCN(Cc3cn4nc(Cl)ccc4n3)CC2)cc1,-2.5910646070265,training
COc1ccccc1N1CCN(Cc2cn3nc(Cl)ccc3n2)CC1,-1.38021124171161,training
Clc1ccc2nc(CN3CCN(c4ccc(Cl)c(Cl)c4)CC3)cn2n1,-2.55630250076729,training
Clc1ccc(N2CCN(Cc3cn4ccccc4n3)CC2)cc1,-3.23044892137827,training
COc1ccccc1N1CCN(Cc2cn3ccccc3n2)CC1,-3.34242268082221,training
Clc1ccc(N2CCN(Cc3cn4ccccc4n3)CC2)cc1Cl,-3.36172783601759,training
Fc1ccc(N2CCN(Cc3cn4ccccc4n3)CC2)cc1,-3.55630250076729,training
COc1ccccc1N1CCN(CCCCNC(=O)[C@H](CC(N)=O)NC(=O)CC2CC3CCC2C3)CC1,-1.04139268515823,training
COc1ccccc1N1CCN(CCCCNC(=O)[C@H](CC(N)=O)NC(=O)C2CCCCC2)CC1,-1.38021124171161,training
COc1ccccc1N1CCN(CCCCNC(=O)[C@@H]2CCCN2C(=O)C2CCCCC2)CC1,-1.43136376415899,training
COc1ccccc1N1CCN(CCCCNC(=O)[C@@H]2CCC(=O)N2C(=O)CC2CC3CCC2C3)CC1,-1.07918124604762,training
COc1ccccc1N1CCN(CCCCNC(=O)[C@@H]2CCC(=O)N2C(=O)C2CCCCC2)CC1,-1.23044892137827,training
COc1ccccc1N1CCN(CCCCN2C(=O)C[C@H](NC(=O)c3ccccc3)C2=O)CC1,-1.69897000433602,valid
COc1ccccc1N1CCN(CCCCN2C(=O)C[C@H](NC(=O)C3CCCC3)C2=O)CC1,-1.60205999132796,training
COc1ccccc1N1CCN(CCCCN2C(=O)C[C@H](NC(C)=O)C2=O)CC1,-1.83884909073726,training
COc1ccccc1N1CCN(CCCN2C(=O)C[C@H](NC(=O)C34CC5CC(CC(C5)C3)C4)C2=O)CC1,-1.79934054945358,training
COc1ccccc1N1CCN(CCCN2C(=O)C[C@H](NC(=O)c3ccccc3)C2=O)CC1,-2.41497334797082,training
COc1ccccc1N1CCN(CCCN2C(=O)C[C@H](NC(=O)C3CCCCC3)C2=O)CC1,-2.36172783601759,training
COc1ccccc1N1CCN(CCCN2C(=O)C[C@H](NC(=O)C3CCCC3)C2=O)CC1,-2.23044892137827,training
COc1ccccc1N1CCN(CCCN2C(=O)C[C@H](NC(C)=O)C2=O)CC1,-2.68124123737559,training
COc1ccccc1N1CCN(CCCN2C(=O)C[C@H](NC(=O)CC3CC4CCC3C4)C2=O)CC1,-1.60205999132796,training
c1ccc(CCc2ccccc2OCc2ccccn2)cc1,-3.69897000433602,training
COc1cccc(CCc2ccccc2OCc2cccc(OC)c2)c1,-3.69897000433602,training
C=C1/C(=C\C=C2/CCC[C@@]3(C)[C@H]2CC[C@@H]3[C@H](C)C[C@@H]2OC(=O)C(=C)[C@H]2CCCC)C[C@@H](O)[C@H](C)[C@@H]1O,-3.69897000433602,training
COc1cccc(CCc2ccccc2OCc2ccccc2)c1,-3.69897000433602,test
c1ccc(CCc2ccccc2OCc2ccccc2)cc1,-3.69897000433602,training
COc1cccc(CCc2ccccc2OCc2cccnc2)c1,-3.69897000433602,training
c1ccc(CCc2ccccc2OCc2cccnc2)cc1,-3.69897000433602,training
COc1cccc(CCc2ccccc2OCc2ccccn2)c1,-3.69897000433602,training
COc1ccccc1N1CCN(CCCCNC(=O)c2ccc(-c3cccc([18F])n3)cc2)CC1,-1.20411998265592,test
COc1ccccc1N1CCN(CCCCNC(=O)c2ccc(-c3ccc([18F])nc3)cc2)CC1,-1.32221929473392,training
O=C(CCCCCN1CCN(c2cccc[n+]2[O-])CC1)NC1CCCc2ccccc21,-2.28780172993023,training
O=C(CCCCCN1CCN(c2ccccn2)CC1)NC1CCCc2ccccc21,-1.56110138364906,training
O=C(CCCCCN1CCN(c2ccccc2F)CC1)NC1CCCc2ccccc21,-1.46538285144842,training
CC(=O)Nc1ccccc1N1CCN(CCCCCC(=O)NC2CCCc3ccccc32)CC1,-3.39794000867204,training
Nc1ccccc1N1CCN(CCCCCC(=O)NC2CCCc3ccccc32)CC1,-2.61804809671209,test
CNc1ccccc1N1CCN(CCCCCC(=O)NC2CCCc3ccccc32)CC1,-2.12385164096709,training
CN(C)c1ccccc1N1CCN(CCCCCC(=O)NC2CCCc3ccccc32)CC1,-2.04921802267018,training
O=C(CCCCCN1CCN(c2ccccc2-c2ccccc2)CC1)NC1CCCc2ccccc21,-1.78461729263288,test
CC(C)(C)c1ccccc1N1CCN(CCCCCC(=O)NC2CCCc3ccccc32)CC1,-3.07773117965239,training
CC(C)c1ccccc1N1CCN(CCCCCC(=O)NC2CCCc3ccccc32)CC1,-2.22271647114758,training
CCCCc1ccccc1N1CCN(CCCCCC(=O)NC2CCCc3ccccc32)CC1,-1.77815125038364,training
CCCc1ccccc1N1CCN(CCCCCC(=O)NC2CCCc3ccccc32)CC1,-2.22530928172586,valid
CCc1ccccc1N1CCN(CCCCCC(=O)NC2CCCc3ccccc32)CC1,-1.89872518158949,training
O=C(NCCCCN1CCN(c2cccc(Cl)c2Cl)CC1)c1ccc2c(c1)Cc1ccccc1-2,-3.3096301674259,training
COc1ccccc1N1CCN(CC(O)CCNC(=O)c2ccc(-c3ccccn3)cc2)CC1,-1.55870857053317,training
O=C(NCCC(O)CN1CCN(c2cccc(Cl)c2Cl)CC1)c1ccc2c(c1)Cc1ccccc1-2,-3.25767857486918,training
O=C(NCCC(O)CN1CCN(c2cccc(Cl)c2Cl)CC1)c1ccc(-c2ccccn2)cc1,-1.53529412004277,training
COc1ccccc1N1CCN(C/C=C/CNC(=O)c2ccc3c(c2)Cc2ccccc2-3)CC1,-1.8561244442423,training
COc1ccccc1N1CCN(C/C=C/CNC(=O)c2ccc(-c3ccccn3)cc2)CC1,-1.33645973384853,training
O=C(NC/C=C/C[N+]1([O-])CCN(c2cccc(Cl)c2Cl)CC1)c1ccc(-c2ccccn2)cc1,-2.8234742291703,training
O=C(NC/C=C/CN1CCN(c2cccc(Cl)c2Cl)CC1)c1ccc(-c2cccc[n+]2[O-])cc1,-1.78247262416629,training
Cc1cccnc1-c1ccc(C(=O)NC/C=C/CN2CCN(c3cccc(Cl)c3Cl)CC2)cc1,-1.96378782734556,valid
Cc1cccc(-c2ccc(C(=O)NC/C=C/CN3CCN(c4cccc(Cl)c4Cl)CC3)cc2)n1,-2.48995847942483,training
O=C(NC/C=C/CN1CCN(c2cccc(Cl)c2Cl)CC1)c1ccc(-c2cccc(=O)[nH]2)cc1,-1.47275644931721,training
COc1ccccc1N1CCN(CCCCNC(=O)c2ccc(-c3ccccn3)cc2)CC1,-0.826722520168992,training
COc1ccccc1N1CCN(CCCCNC(=O)c2ccc3c(c2)Cc2ccccc2-3)CC1,-1.53147891704226,training
O=C(NC/C=C/CN1CCN(c2cccc(Cl)c2Cl)CC1)c1ccc(-c2ccccn2)cc1,-1.93145787068901,training
O=C(NC/C=C/CN1CCN(c2cccc(Cl)c2Cl)CC1)c1ccc2c(c1)Cc1ccccc1-2,-2.97358962342726,training
O=C(NCCCCN1CCN(c2cccc(Cl)c2Cl)CC1)c1ccc(-c2ccccn2)cc1,-1.36921585741014,training
O=C(NCC(O)CCN1CCN(c2cccc(Cl)c2Cl)CC1)c1ccc(-c2ccccn2)cc1,-1.17897694729317,training
CC(=O)OC(CCNC(=O)c1ccc(-c2ccccn2)cc1)CN1CCN(c2cccc(Cl)c2Cl)CC1,-2.06818586174616,training
O=C1c2ccccc2C(=O)N1CCCCN1CC=C(c2c[nH]c3ccc(F)cc23)CC1,-0.400019635065159,training
O=C1CCc2ccc(OCCCCN3CCN(c4cccc(Cl)c4Cl)CC3)cc2N1,-0.989381043534912,test
C[C@H]1Oc2c(cccc2N2CCN(CCCc3c[nH]c4ccc(F)cc34)CC2)NC1=O,-0.700011062322112,training
Fc1ccc(-c2cncc(CN3CCN(c4cccc5c4OCCO5)CC3)c2)cc1,0.100015437450609,valid
N#Cc1ccc2c(N3CCN(CC[C@@H]4OCCc5cc(C(N)=O)ccc54)CC3)cccc2c1,-1.20411998265592,training
C[C@H]1CN(c2cccc3cc(C#N)ccc23)CCN1CC[C@@H]1OCCc2cc(C(N)=O)ccc21,-1.41497334797082,training
C[C@H]1CN(c2ccc3cc(F)ccc3c2)CCN1CC[C@@H]1OCCc2cc(C(N)=O)ccc21,-2.48713837547719,valid
COc1cccc2c1CC(NCCCc1c[nH]c3ccc(F)cc13)CO2,-1.84757265914211,training
CCCN(CCc1c[nH]c2ccc(F)cc12)C1COc2ccc3ncccc3c2C1,-2.67924614541386,training
COC(CNC12CC3CC(CC(C3)C1)C2)COc1cccc2[nH]ccc12,-1.50514997831991,training
COC(CNC1CCCCC1)COc1cccc2[nH]ccc12,-1.60852603357719,test
c1cc(OCCCNC2CCCCC2)c2cc[nH]c2c1,-1.89431606268444,training
OC(CNC1CCCCCC1)COc1cccc2[nH]ccc12,-0.957128197676813,training
C[C@](O)(CNC12CC3CC(CC(C3)C1)C2)COc1cccc2[nH]ccc12,-2.93851972517649,training
C[C@](O)(CNC1CCCCC1)COc1cccc2[nH]ccc12,-3.16136800223497,training
O[C@@H](CNC1C2CC3CC(C2)CC1C3)COc1cccc2[nH]ccc12,-1.24551266781415,training
OC(CNC12CC3CC(CC(C3)C1)C2)COc1ccc2[nH]ccc2c1,-2.92064500140679,training
OC(CCNC1CCCCC1)COc1cccc2[nH]ccc12,-2.09691001300806,training
OC(CCOc1cccc2[nH]ccc12)CNC12CC3CC(CC(C3)C1)C2,-2.74115159885178,training
OC(CCOc1cccc2[nH]ccc12)CNC1CCCCC1,-2.94051648493257,training
CC(C)NCC(O)CCOc1cccc2[nH]ccc12,-3.24846371755103,training
OC(CCNC12CC3CC(CC(C3)C1)C2)COc1cccc2[nH]ccc12,-1.88138465677057,training
Cc1ccc2c(OCCN3CCC(Cc4ccc5c(c4)NC(=O)CO5)CC3)c(F)ccc2n1,-1.70001106232211,training
Cc1ccc2c(OCCN3CCC(Cc4ccc5c(c4)NC(=O)CO5)CC3)cc(C#N)cc2n1,-1.29994290002277,test
Cc1ccc2c(OCCN3CCC(Cc4ccc5c(c4)NC(=O)CO5)CC3)cc(Cl)cc2n1,-0.20002926655377,training
Cc1ccc2c(OCCN3CCC(Cc4ccc5c(c4)NC(=O)CO5)CC3)cc(F)cc2n1,0.100015437450609,training
Cc1ccc2c(OCCN3CCC(Cc4ccc5c(c4)NC(=O)CO5)CC3)ccc(Cl)c2n1,-1.5999921775841,training
Cc1ccc2c(OCCN3CCC(Cc4ccc5c(c4)NC(=O)CO5)CC3)ccc(F)c2n1,-1.29994290002277,test
Cc1ccc2c(OCCN3CCC(Cc4ccc5c(c4F)NC(=O)CO5)CC3)cccc2n1,-0.400019635065159,training
Cc1ccc2c(OCCN3CCC(Cc4cc(F)c5c(c4)NC(=O)CO5)CC3)cc(Cl)cc2n1,-1.0,training
Cc1ccc2c(OCCN3CCC(Cc4cc(F)c5c(c4)NC(=O)CO5)CC3)cc(F)cc2n1,-0.599992177584098,training
Cc1ccc2c(OCCN3CCC(Cc4cc5c(cc4F)OCC(=O)N5)CC3)cc(Cl)cc2n1,-0.400019635065159,training
Cc1ccc2c(OCCN3CCC(Cc4cc5c(cc4F)OCC(=O)N5)CC3)cc(F)cc2n1,0.400007822415902,valid
Cc1ccc2c(OCCN3CCC(Cc4ccc5c(c4F)NC(=O)CO5)CC3)cc(Cl)cc2n1,-0.400019635065159,training
Cc1ccc2c(OCCN3CCC(Cc4ccc5c(c4F)NC(=O)CO5)CC3)cc(F)cc2n1,-0.20002926655377,training
Cc1ccc2c(OCCN3CCC(Cc4cc(F)c5c(c4)NC(=O)CO5)CC3)cccc2n1,-0.700011062322112,training
Cc1ccc2c(OCCN3CCC(Cc4cc5c(cc4F)OCC(=O)N5)CC3)cccc2n1,0.299988937677888,training
Cc1ccc2c(OCCN3CCN(Cc4ccc5c(c4)N(Cc4ccccc4)C(=O)CO5)CC3)cccc2n1,-0.599992177584098,test
Cc1ccc2c(OCCN3CCN(Cc4ccc5c(c4)N(CC(C)C)C(=O)CO5)CC3)cccc2n1,-0.299942900022767,training
CCCCN1C(=O)COc2ccc(CN3CCN(CCOc4cccc5nc(C)ccc45)CC3)cc21,-0.100025730107863,training
Cc1ccc2c(OCCN3CCN(Cc4ccc5c(c4)N(C)C(=O)CO5)CC3)cccc2n1,-0.762866042462013,training
Cc1ccc2c(OCCN3CCC(Cc4ccc5c(c4)N(C(C)C)C(=O)CO5)CC3)cccc2n1,-0.45048005460606,valid
CCN1C(=O)COc2ccc(CC3CCN(CCOc4cccc5nc(C)ccc45)CC3)cc21,-0.23213174129662,valid
Cc1ccc2c(OCCN3CCC(Cc4ccc5c(c4)N(C)C(=O)CO5)CC3)cccc2n1,-0.525569532498522,test
CCN1C(=O)COc2ccc(CN3CCN(CCOc4cccc5nc(C)ccc45)CC3)c(F)c21,-0.400019635065159,training
Cc1ccc2c(OCCN3CCN(Cc4ccc5c(c4F)N(C)C(=O)CO5)CC3)cccc2n1,-0.49996186559619,training
Cc1ccc2c(OCCN3CCN(Cc4cc(F)c5c(c4)N(C)C(=O)CO5)CC3)cccc2n1,-0.899984562549391,training
CC(=O)N1C2C=C(CN3C4CCC3CC(NC(=O)Nc3cc(F)cc(C(F)(F)F)c3)C4)CC1CCC2,-2.44715803134222,training
CC1(c2cccc(OCc3ccccc3)c2)C(=O)Nc2cc(Cl)cc(Cl)c2C1=O,-2.23044892137827,training
O=C(NC1CCc2cc(CCN3CCN(c4nsc5ccccc45)CC3)ccc21)c1cccnc1,-0.886490725172482,test
O=C(NC1CCc2cc(CCN3CCN(c4nsc5ccccc45)CC3)ccc21)c1ccc(F)cc1,-0.89209460269048,test
O=C(NC1CCc2cc(CCN3CCN(c4nsc5ccccc45)CC3)ccc21)C1CC1,-0.301029995663981,test
CCCC(=O)NC1CCc2cc(CCN3CCN(c4nsc5ccccc45)CC3)ccc21,-0.301029995663981,training
CCC(=O)NC1CCc2cc(CCN3CCN(c4nsc5ccccc45)CC3)ccc21,-0.301029995663981,valid
CC(=O)NC1CCc2cc(CCN3CCN(c4nsc5ccccc45)CC3)ccc21,-0.041392685158225,training
O=C(NC1CCc2cc(CCN3CCN(c4nsc5ccccc45)CC3)ccc21)C(F)(F)F,0.0,training
O=C(NC1CCc2ccc(CCN3CCN(c4nsc5ccccc45)CC3)cc21)c1ccno1,-0.812913356642856,training
O=C(NC1CCc2ccc(CCN3CCN(c4nsc5ccccc45)CC3)cc21)c1ccco1,-0.897627091290441,training
O=C(CCc1ccccc1)NC1CCc2ccc(CCN3CCN(c4nsc5ccccc45)CC3)cc21,-1.5705429398819,training
O=C(Cc1ccccc1)NC1CCc2ccc(CCN3CCN(c4nsc5ccccc45)CC3)cc21,-1.32014628611105,training
O=C(NC1CCc2ccc(CCN3CCN(c4nsc5ccccc45)CC3)cc21)c1cccnc1,-0.653212513775344,training
O=C(NC1CCc2ccc(CCN3CCN(c4nsc5ccccc45)CC3)cc21)c1ccc(F)cc1,-1.82412583391655,valid
O=C(NC1CCc2ccc(CCN3CCN(c4nsc5ccccc45)CC3)cc21)c1ccc(Cl)cc1,-1.7481880270062,training
Cc1ccc(C(=O)NC2CCc3ccc(CCN4CCN(c5nsc6ccccc56)CC4)cc32)cc1,-1.44870631990508,training
O=C(NC1CCc2ccc(CCN3CCN(c4nsc5ccccc45)CC3)cc21)c1ccccc1,-1.62117628177504,training
CC(C)C(=O)NC1CCc2ccc(CCN3CCN(c4nsc5ccccc45)CC3)cc21,-1.07918124604762,training
O=C(NC1CCc2ccc(CCN3CCN(c4nsc5ccccc45)CC3)cc21)C1CC1,-1.07918124604762,training
CCCC(=O)NC1CCc2ccc(CCN3CCN(c4nsc5ccccc45)CC3)cc21,-0.740362689494244,valid
CCC(=O)NC1CCc2ccc(CCN3CCN(c4nsc5ccccc45)CC3)cc21,-0.698970004336019,training
CC(=O)NC1CCc2ccc(CCN3CCN(c4nsc5ccccc45)CC3)cc21,-0.8750612633917,training
NC1CCc2ccc(CCN3CCN(c4nsc5ccccc45)CC3)cc21,-0.301029995663981,training
O=C(NC1CCc2ccc(CCN3CCN(c4nsc5ccccc45)CC3)cc21)C(F)(F)F,-0.690196080028514,training
CC(C)C(=O)NC1CCc2cc(CCN3CCN(c4nsc5ccccc45)CC3)ccc21,0.0,test
NC1=Nc2cccc(Cl)c2CN1,-3.23070431361257,training
NC1=Nc2ccc(Cl)c(Cl)c2CN1,-3.03342375548695,test
CCC1NC(N)=Nc2cccc(Cl)c21,-3.03382569395331,training
CC1NC(N)=Nc2c(Cl)ccc(Cl)c21,-1.95904139232109,training
COc1c(Cl)ccc2c1C(C)NC(N)=N2,-2.53019969820308,training
COc1cc(Cl)c(C)c2c1N=C(N)NC2C,-2.02118929906994,training
CNC1=Nc2c(OC(C)C)cccc2C(C)N1,-2.82542611776782,training
CC(C)Oc1cccc2c1N=C(N)NC2C,-2.42324587393681,training
COc1cccc2c1N=C(N)NC2C,-1.50514997831991,valid
CNC1=Nc2ccc(Cl)c(Cl)c2C(C)N1,-2.39093510710338,training
CC1NC(N)=Nc2ccc(Cl)c(Cl)c21,-2.25767857486918,training
CCC1NC(N)=Nc2ccc(Cl)c(Cl)c21,-2.88366143515362,training
CNC1=Nc2cccc(Cl)c2C(C)N1,-2.58994960132571,test
CC1NC(NCC(F)F)=Nc2c(Cl)ccc(Cl)c21,-1.93951925261862,training
COc1c(Cl)ccc2c1C(C)NC(NCC(F)F)=N2,-2.54157924394658,training
CC(C)Oc1cccc2c1N=C(NCC(F)F)NC2C,-2.38021124171161,test
COc1cccc2c1N=C(NCC(F)F)NC2C,-1.72427586960079,training
COc1ccccc1N1CCN(CCNc2ccc3cc([N+](=O)[O-])ccc3n2)CC1,-1.15228834438306,training
COc1ccccc1N1CCN(CCCCNc2ccc3cc(N)ccc3n2)CC1,0.42021640338319,training
COc1ccccc1N1CCN(CCCCNc2ccc3cc(C)ccc3n2)CC1,0.267606240177031,training
COc1ccc2ccc(NCCCCCN3CCN(c4ccccc4OC)CC3)nc2c1,0.301029995663981,test
COc1ccc2ccc(NCCCCN3CCN(c4ccccc4OC)CC3)nc2c1,-0.662757831681574,training
COc1ccc2ccc(NCCCN3CCN(c4ccccc4OC)CC3)nc2c1,0.698970004336019,valid
COc1ccc2ccc(NCCN3CCN(c4ccccc4OC)CC3)nc2c1,-0.322219294733919,training
COc1ccc2nc(NCCCCCN3CCN(c4ccccc4OC)CC3)ccc2c1,-0.414973347970818,training
COc1ccc2nc(NCCCCN3CCN(c4ccccc4OC)CC3)ccc2c1,0.698970004336019,training
COc1ccc2nc(NCCCN3CCN(c4ccccc4OC)CC3)ccc2c1,-1.34242268082221,training
COc1ccc2nc(NCCN3CCN(c4ccccc4OC)CC3)ccc2c1,-1.44715803134222,training
COc1ccccc1N1CCN(CCCCCNc2ccc3ccccc3n2)CC1,1.52287874528034,training
COc1ccccc1N1CCN(CCCCNc2ccc3ccccc3n2)CC1,-1.98677173426624,training
COc1ccccc1N1CCN(CCCNc2ccc3ccccc3n2)CC1,-1.11394335230684,training
COc1ccccc1N1CCN(CCNc2ccc3ccccc3n2)CC1,-1.51851393987789,training
CC1(C)Cc2cccc(N3CCN(CCc4ccc5c(c4)NC(=O)CO5)CC3)c2O1,0.299988937677888,valid
Cc1cc2c(N3CCN(CCc4ccc5c(c4)NC(=O)CO5)CC3)cccc2[nH]1,-0.49996186559619,test
Cc1ncc2c(N3CCN(CCc4ccc5c(c4)NC(=O)CO5)CC3)cccc2n1,0.400007822415902,test
O=C1COc2ccc(CCN3CCN(c4cccc5cccnc45)CC3)cc2N1,-0.20002926655377,training
O=C1COc2ccc(CCN3CCN(c4nccc5ccccc45)CC3)cc2N1,-2.0,training
O=C1COc2ccc(CCN3CCN(c4cccc5nc(-c6ccccc6)ccc45)CC3)cc2N1,0.199970640755866,training
Cc1cc(N2CCN(CCc3ccc4c(c3)NC(=O)CO4)CC2)c2ccc(C)nc2c1,0.899974269892137,training
Cc1ccc2c(N3CCN(CCc4ccc5c(c4)NC(=O)CO5)CC3)cc(Cl)cc2n1,0.50003813440381,training
Cc1ccc2c(N3CCN(CCc4ccc5c(c4)NC(=O)CO5)CC3)cc(F)cc2n1,-0.400019635065159,valid
Cc1ccc2c(N3CCN(CCc4ccc5c(c4)NC(=O)CO5)CC3)ccc(Cl)c2n1,-0.599992177584098,training
Cc1ccc2c(N3CCN(CCc4ccc5c(c4)NC(=O)CO5)CC3)ccc(F)c2n1,0.599980364934842,training
Cc1ccc2c(N3C[C@H]4C[C@@H]3CN4CCc3ccc4c(c3)NC(=O)CO4)cccc2n1,-2.09999123354468,valid
Cc1ccc2c(N3CCN(CCc4ccc5c(c4)NC(=O)CO5)CC3C)cccc2n1,0.100015437450609,training
Cc1ccc2c(N3CCN(CCc4ccc5c(c4F)NC(=O)CO5)CC3)cccc2n1,0.599980364934842,training
Cc1ccc2c(N3CCN(CCc4cc5c(cc4F)OCC(=O)N5)CC3)cccc2n1,0.599980364934842,valid
Cc1ccc2c(N3CCN(CCc4cc(F)c5c(c4)NC(=O)CO5)CC3)cccc2n1,-0.100025730107863,training
CCN1C(=O)COc2ccc(CCN3CCN(c4cccc5nc(C)ccc45)CC3)cc21,0.299988937677888,training
Cc1ccc2c(N3CCN(CCc4ccc5c(c4)N(C)C(=O)CO5)CC3)cccc2n1,1.10001543745061,training
Cc1ccc2c(N3CCN(CCc4ccc5c(c4)NC(=O)CO5)CC3)cccc2n1,0.754586046695175,training
COc1ccc2[nH]cc(CCN(C)C)c2c1,-1.44715803134222,training
C[n+]1c2n(c(=O)c3ccccc31)CCc1c-2[nH]c2ccccc12,-4.55630250076729,training
CNc1ccccc1C(=O)N1CCc2c([nH]c3ccccc23)C1=O,-4.50514997831991,training
CNCC(O)c1ccc(O)cc1,-4.79934054945358,training
CN(C)CCc1c[nH]c2ccccc12,-2.61278385671974,training
CC(=O)Nc1ccc(CN2CCN(CCOc3cccc4nc(C)ccc34)CC2)cc1,-2.2000018654066,test
COc1cccc(CN2CCN(CCOc3cccc4nc(C)ccc34)CC2)c1,-1.10002573010786,training
CC(=O)N(C)c1cccc(CN2CCN(CCOc3cccc4nc(C)ccc34)CC2)c1,-2.40000234592796,training
CC(=O)Nc1ccccc1CN1CCN(CCOc2cccc3nc(C)ccc23)CC1,-3.10000158280135,training
COc1ccc(CC2CCN(CCOc3cccc4nc(C)ccc34)CC2)cc1NS(C)(=O)=O,-2.09999123354468,valid
Cc1ccc2c(OCCN3CCC(Cc4cccc(N5CCCS5(=O)=O)c4)CC3)cccc2n1,-0.899984562549391,training
Cc1ccc2c(OCCN3CCC(Cc4cccc(NS(=O)(=O)C(C)C)c4)CC3)cccc2n1,-0.400019635065159,training
Cc1ccc2c(OCCN3CCC(Cc4cccc(N(C)S(C)(=O)=O)c4)CC3)cccc2n1,-1.10002573010786,training
Cc1ccc2c(OCCN3CCC(Cc4cccc(NS(C)(=O)=O)c4)CC3)cccc2n1,-0.400019635065159,training
CCNC(=O)Nc1cccc(CC2CCN(CCOc3cccc4nc(C)ccc34)CC2)c1,-1.49996186559619,valid
Cc1ccc2c(OCCN3CCC(Cc4cccc(NC(=O)CN(C)C)c4)CC3)cccc2n1,-1.20002926655377,training
Cc1ccc2c(OCCN3CCC(Cc4cccc(N5CCCC5=O)c4)CC3)cccc2n1,-0.800029359244134,training
CCN(C(C)=O)c1cccc(CC2CCN(CCOc3cccc4nc(C)ccc34)CC2)c1,-0.700011062322112,training
CC(=O)N(C)c1cccc(CC2CCN(CCOc3cccc4nc(C)ccc34)CC2)c1,-1.40001963506516,training
Cc1ccc2c(OCCN3CCC(Cc4cccc(NC(=O)C(C)C)c4)CC3)cccc2n1,-0.800029359244134,training
CCC(=O)Nc1cccc(CC2CCN(CCOc3cccc4nc(C)ccc34)CC2)c1,-1.40001963506516,training
CC(=O)Nc1cccc(CC2CCN(CCOc3cccc4nc(C)ccc34)CC2)c1,-1.40001963506516,training
OC1(c2ccc(Cl)cc2)CCN(Cc2c[nH]c3ccccc23)CC1,-3.79934054945358,training
O[C@]1(c2ccc(Cl)cc2)C[C@@H]2CC[C@H](C1)N2Cc1coc2ccccc12,-3.25042000230889,valid
O[C@]1(c2ccc(Cl)cc2)C[C@@H]2CC[C@H](C1)N2Cc1csc2ccccc12,-3.23552844690755,training
COc1cccc(OC)c1OCCNC[C@@H]1COC[C@@H](c2ccccc2)O1,-2.62000064230007,test
COc1ccccc1N1CCN(CCCCCC(=O)NCc2ccc(OS(C)(=O)=O)cc2)CC1,-1.46239799789896,training
CC(C)c1ccccc1N1CCN(CCCCCC(=O)NCc2ccc(OS(C)(=O)=O)cc2)CC1,-1.75587485567249,training
CS(=O)(=O)Oc1ccc(CNC(=O)CCCCCN2CCN(c3ccccc3-c3ccccc3)CC2)cc1,-2.02530586526477,training
CSc1ccccc1N1CCN(CCCCCC(=O)NCc2ccc(OS(C)(=O)=O)cc2)CC1,-1.01283722470517,training
COc1ccccc1N1CCN(CCCCCC(=O)NCc2ccc(C#N)cc2)CC1,-1.63346845557959,training
CC(C)c1ccccc1N1CCN(CCCCCC(=O)NCc2ccc(C#N)cc2)CC1,-1.72427586960079,training
CSc1ccccc1N1CCN(CCCCCC(=O)NCc2ccc(C#N)cc2)CC1,-1.9731278535997,test
COc1ccccc1N1CCN(CCCCCC(=O)NCc2ccncc2)CC1,-1.27875360095283,test
CC(C)c1ccccc1N1CCN(CCCCCC(=O)NCc2ccncc2)CC1,-2.51188336097887,training
O=C(CCCCCN1CCN(c2ccccc2-c2ccccc2)CC1)NCc1ccncc1,-1.84509804001426,training
CSc1ccccc1N1CCN(CCCCCC(=O)NCc2ccncc2)CC1,-0.913813852383717,training
COc1ccccc1N1CCN(CCCCCC(=O)NCc2ccccc2)CC1,-1.11394335230684,training
CC(C)c1ccccc1N1CCN(CCCCCC(=O)NCc2ccccc2)CC1,-2.14301480025409,training
O=C(CCCCCN1CCN(c2ccccc2-c2ccccc2)CC1)NCc1ccccc1,-2.20682587603185,training
CSc1ccccc1N1CCN(CCCCCC(=O)NCc2ccccc2)CC1,-1.07918124604762,training
COc1ccccc1N1CCN(CCCCCC(=O)N2CCc3ccccc3C2)CC1,-1.60205999132796,training
CC(C)c1ccccc1N1CCN(CCCCCC(=O)N2CCc3ccccc3C2)CC1,-0.568201724066995,valid
O=C(CCCCCN1CCN(c2ccccc2-c2ccccc2)CC1)N1CCc2ccccc2C1,-1.97772360528885,test
CSc1ccccc1N1CCN(CCCCCC(=O)N2CCc3ccccc3C2)CC1,-0.309630167425899,training
COc1ccccc1N1CCN(CCCCCC(=O)N2Cc3ccccc3C2)CC1,-0.505149978319906,valid
CC(C)c1ccccc1N1CCN(CCCCCC(=O)N2Cc3ccccc3C2)CC1,-1.34242268082221,training
O=C(CCCCCN1CCN(c2ccccc2-c2ccccc2)CC1)N1Cc2ccccc2C1,-2.09342168516224,test
CSc1ccccc1N1CCN(CCCCCC(=O)N2Cc3ccccc3C2)CC1,-0.02938377768521,training
CN1CCN(c2cc(-c3ccc(C#N)cc3)nc(N)n2)CC1,-1.6232492903979,training
O=C1c2ccccc2CN1CCCCN1CCN(c2ccccc2)CC1,-2.55630250076729,test
O=C1Cc2ccccc2N1CCCCN1CCN(c2ccccc2)CC1,-2.09342168516224,test
O=C1Cc2ccccc2N1CCCCCN1CCN(c2cccc3ccccc23)CC1,-1.20411998265592,training
O=C1Cc2ccccc2N1CCCCCN1CCN(c2cccc3[nH]cnc23)CC1,-1.25767857486918,training
O=C1Cc2ccccc2N1CC#CCN1CCN(c2cccc3ccccc23)CC1,-1.41497334797082,training
O=C1Cc2ccccc2N1Cc1ccc(CN2CCN(c3cccc4ccccc34)CC2)cc1,-2.25767857486918,training
O=C1Cc2ccccc2N1CCCCN1CCc2ccccc2C1,-2.34044411484012,training
Cc1ccc2c(N3CCN(CCc4cccc5c4OCC(=O)N5)CC3)cccc2n1,0.599980364934842,valid
Cc1ccc2c(N3CCN(CCc4cccc5c4OCC(=O)N5C)CC3)cccc2n1,0.79997073344623,training
Cc1ccc2c(N3CCN(CCc4ccc5c(c4)OCC(=O)N5)CC3)cccc2n1,0.599980364934842,test
CCN1C(=O)COc2c(CCN3CCN(c4cccc5nc(C)ccc45)CC3)cccc21,0.899974269892137,training
Cc1ccc2c(N3CCN(CCc4cccc5c4OCC(=O)N5C(C)C)CC3)cccc2n1,0.199970640755866,test
Cc1ccc2c(N3CCN(CCc4cccc5c4OCC(=O)N5C4CC4)CC3)cccc2n1,1.0,training
Cc1ccc2c(N3CCN(CCc4cccc5c4OCC(=O)N5CC4CC4)CC3)cccc2n1,0.199970640755866,training
Cc1ccc2c(N3CCN(CCc4cccc5c4OCC(=O)N5CC(F)F)CC3)cccc2n1,0.299988937677888,training
Cc1ccc2c(N3CCN(CCc4cccc5c4OCC(=O)N5C)CC3)cc(F)cc2n1,0.700057099977233,training
Cc1ccc2c(N3CCN(CCc4cccc5c4OCC(=O)N5C)[C@H](C)C3)cc(F)cc2n1,0.700057099977233,training
Cc1ccc2c(N3CCN(CCCc4cccc5c4OCC(=O)N5C)CC3)cccc2n1,-0.20002926655377,training
Cc1ccc2c(N3CCN(CCCc4cccc5c4OCC(=O)N5C)[C@H](C)C3)cccc2n1,-0.299942900022767,training
Cc1ccc2c(N3CCN(CCCc4cccc5c4OCC(=O)N5C)CC3)cc(F)cc2n1,-0.800029359244134,test
Cc1ccc2c(N3CCN(CCCc4cccc5c4OCC(=O)N5C)[C@H](C)C3)cc(F)cc2n1,-0.20002926655377,training
Cc1ccc2c(N3CCN(CCCc4cccc5c4OCC(=O)N5)CC3)cccc2n1,-0.49996186559619,training
COc1c(OCCF)cccc1C(=O)C1CCN(CCc2ccc(F)cc2)CC1,-3.22556771343947,training
COc1c(OCCF)cccc1C(=O)C1CCN(CCc2ccc(C)cc2)CC1,-3.27485032001666,training
COc1c(OCCF)cccc1C(=O)C1CCN(CCc2ccc([N+](=O)[O-])cc2)CC1,-3.23628527744803,test
COc1ccc(CCN2CCC(C(=O)c3cccc(OCCF)c3OC)CC2)cc1,-2.99607365448528,training
O=C(c1ccc(F)cc1)C1CCN(CCn2c(=S)[nH]c3ccccc3c2=O)CC1,-3.19589965240923,training
O=C(NC/C=C/CN1CCN(c2cccc(Cl)c2Cl)CC1)c1cc2ccccc2[nH]1,-2.28555730900777,training
O=C(NC/C=C/CN1CCN(c2cccc(Cl)c2Cl)CC1)c1cc2ccccc2o1,-1.76937732607614,valid
O=C(NC/C=C/CN1CCN(c2cccc(Cl)c2Cl)CC1)c1cc2ccccc2s1,-2.58883172559421,training
O=C(NCCC(O)CN1CCN(c2cccc(Cl)c2Cl)CC1)c1cc2ccccc2[nH]1,-2.00860017176192,training
COc1ccccc1N1CCN(CC(O)CCNC(=O)c2cc3ccccc3[nH]2)CC1,-2.12057393120585,training
O=C(NCC(O)CCN1CCN(c2cccc(Cl)c2Cl)CC1)c1cc2ccccc2[nH]1,-1.76566855475901,training
Fc1ccc2[nH]cc([C@H]3CC[C@H](N4CCN(c5cccc6ccccc56)CC4)CC3)c2c1,-1.62940959910272,valid
CC(C)n1cc([C@H]2CC[C@@H](N3CCN(c4cccc5[nH]ccc45)CC3)CC2)c2cc(C#N)ccc21,-2.84148460933539,training
CCCn1cc([C@H]2CC[C@@H](N3CCN(c4cccc5[nH]ccc45)CC3)CC2)c2cc(C#N)ccc21,-2.91370791398048,test
O=C(N[C@H]1CCN(Cc2ccc(OC3CCNCC3)c(Br)c2)C1)c1ccc(Cl)c(Cl)c1,-1.57978359661681,training
FC(F)(F)c1nc2c(N3CCN(CCOc4cccc5nc(C(F)(F)F)[nH]c45)CC3)cccc2[nH]1,-1.27875360095283,training
FC(F)(F)c1nc2c(N3CCN(CCOc4cccc5[nH]c(=S)[nH]c45)CC3)cccc2[nH]1,-0.447158031342219,test
Cc1ccc2c(OC(C)CN3CCC(Cc4ccc5c(c4)NC(=O)CO5)CC3)cccc2n1,-2.60000308662774,training
Cc1ccc2c(OCC3CCN(CC(=O)c4ccc5c(c4)NC(=O)CO5)CC3)cccc2n1,-2.70000239714225,valid
Cc1ccc2c(OCCCN3CC(COc4ccc5c(c4)NC(=O)CO5)C3)cccc2n1,-1.89998456254939,training
Cc1ccc2c(N3CCN(Cc4ccc5c(c4)NC(=O)CO5)CC3)cccc2n1,-2.80000182781797,valid
Cc1ccc2c(OCCN3CC(COc4ccc5c(c4)NC(=O)CO5)C3)cccc2n1,-1.70001106232211,training
Cc1ccc2c(N3CCN(CCCc4ccc5c(c4)NC(=O)CO5)CC3)cccc2n1,-0.400019635065159,valid
Cc1ccc2c(N3CCN(CCCCc4ccc5c(c4)NC(=O)CO5)CC3)cccc2n1,0.199970640755866,training
Cc1ccc2c(OC3CCN(CCc4ccc5c(c4)NC(=O)CO5)CC3)cccc2n1,-2.50000306805169,valid
Cc1ccc2c(OCCCN3CC(Oc4ccc5c(c4)NC(=O)CO5)C3)cccc2n1,-2.2000018654066,training
CCCN(CCCc1c[nH]c2ccc(F)cc12)[C@H]1COc2cccc(C(N)=O)c2C1,0.031517051446065,test
NC(=O)c1ccc(Cl)c2c1CC(N(CCCc1c[nH]c3ccc(F)cc13)C1CCC1)CO2,-0.932220013877119,training
COC(=O)c1ccc(F)c2c1CC(N(CCCc1c[nH]c3ccc(F)cc13)C1CCC1)CO2,-1.86805636182304,training
CCNC(=O)c1ccc(F)c2c1CC(N(CCCc1c[nH]c3ccc(F)cc13)C1CCC1)CO2,-1.25042000230889,training
CCCNC(=O)c1ccc(F)c2c1CC(N(CCCc1c[nH]c3ccc(F)cc13)C1CCC1)CO2,-2.29225607135648,valid
CC(C)NC(=O)c1ccc(F)c2c1CC(N(CCCc1c[nH]c3ccc(F)cc13)C1CCC1)CO2,-1.66370092538965,training
O=C(NC1CC1)c1ccc(F)c2c1CC(N(CCCc1c[nH]c3ccc(F)cc13)C1CCC1)CO2,-1.28330122870355,training
O=C(NC1CCC1)c1ccc(F)c2c1CC(N(CCCc1c[nH]c3ccc(F)cc13)C1CCC1)CO2,-2.32939787936104,training
O=C(NCC1CC1)c1ccc(F)c2c1CC(N(CCCc1c[nH]c3ccc(F)cc13)C1CCC1)CO2,-2.20547503674089,training
CN(C)C(=O)c1ccc(F)c2c1CC(N(CCCc1c[nH]c3ccc(F)cc13)C1CCC1)CO2,-2.5705429398819,training
COc1ccc2[nH]cc(CCCN(C3CCC3)C3COc4c(F)ccc(C(N)=O)c4C3)c2c1,-0.075546961392531,training
NC(=O)c1ccc(F)c2c1CC(N(CCCc1c[nH]c3ccc(Cl)cc13)C1CCC1)CO2,-0.599883072073688,training
NC(=O)c1ccc(F)c2c1CC(N(CCCc1c[nH]c3cc(F)ccc13)C1CCC1)CO2,-0.700703717145019,test
COc1cccc2c(CCCN(C3CCC3)C3COc4c(F)ccc(C(N)=O)c4C3)c[nH]c12,-0.507855871695831,training
NC(=O)c1ccc(F)c2c1CC(N(CCCc1c[nH]c3c(Cl)cccc13)C1CCC1)CO2,-1.41664050733828,training
CCCN(CCCCn1ccc2c(F)cccc21)C1COc2c(F)ccc(C(N)=O)c2C1,-1.14612803567824,training
CCCN(CCCCn1ccc2cc(F)ccc21)C1COc2c(F)ccc(C(N)=O)c2C1,-0.815577748324267,training
CCCN(CCCCn1ccc2ccc(F)cc21)C1COc2c(F)ccc(C(N)=O)c2C1,-1.02530586526477,training
CCCN(CCCCn1ccc2cccc(F)c21)C1COc2c(F)ccc(C(N)=O)c2C1,-1.22010808804006,training
NC(=O)c1ccc(F)c2c1CC(N(CCCCn1ccc3c(F)cccc31)CC1CC1)CO2,-0.984077033902831,training
NC(=O)c1ccc(F)c2c1CC(N(CCCCn1ccc3cc(F)ccc31)CC1CC1)CO2,-0.73559889969818,valid
NC(=O)c1ccc(F)c2c1CC(N(CCCCn1ccc3ccc(F)cc31)CC1CC1)CO2,-0.511883360978874,training
NC(=O)c1ccc(F)c2c1CC(N(CCCCn1ccc3cccc(F)c31)CC1CC1)CO2,-1.28443073384452,test
NC(=O)c1ccc(F)c2c1CC(N(CCCCn1ccc3c(F)cccc31)C1CCC1)CO2,-1.23929947912689,valid
NC(=O)c1ccc(F)c2c1CC(N(CCCCn1ccc3cc(F)ccc31)C1CCC1)CO2,-1.03261876085072,training
NC(=O)c1ccc(F)c2c1CC(N(CCCCn1ccc3ccc(F)cc31)C1CCC1)CO2,-1.10822665637493,test
NC(=O)c1ccc(F)c2c1CC(N(CCCCn1ccc3cccc(F)c31)C1CCC1)CO2,-1.60151678365001,valid
NC(=O)c1ccc(F)c2c1C[C@@H](NCC1CCc3[nH]c4ccc(F)cc4c3C1)CO2,-1.54064225440965,training
NCCC(=O)Nc1cccc2c1cnn2S(=O)(=O)c1cccc2ccccc12,-3.80617997398389,training
O=C(Nc1ccc2cnn(S(=O)(=O)c3cccc4ccccc34)c2c1)C1CCNCC1,-3.92941892571429,training
O=C(Nc1ccc2cnn(S(=O)(=O)c3cccc4ccccc34)c2c1)C1CCCNC1,-3.7481880270062,training
CN1[C@H]2Cc3cc4c(cc3[C@@H]1Cc1cc3c(cc12)OCO3)OCO4,-3.77815125038364,training
O=C(CCCN1C2CCC1CN(c1ccc(Cl)cc1)CC2)c1ccc(F)cc1,-3.36772854608698,training
O=C(CCCN1CCCN(c2ccc(Cl)cc2)CC1)c1ccc(F)cc1,-2.0696680969116,training
O=C(CCCN1CCN(c2ncccn2)CC1)c1ccc(F)cc1,-1.48429983934679,training
O=C(CCCN1C2CCC1CC(c1ccccc1)C2)c1ccc(F)cc1,-2.61741974673718,training
O=C(CCCN1C2CCC1CC(O)(c1ccccc1)C2)c1ccc(F)cc1,-1.57518784492766,training
O=C(CCCN1CCN(c2ccc(Cl)cc2)CC1)c1ccc(F)cc1,-1.95856388322197,test
c1ccc2c(CCN3CCCC(c4ccnc(NC5CC5)n4)C3)c[nH]c2c1,-1.8767949762007,training
c1ccc2c(CCN3CCCC(c4ccnc(NCC5CC5)n4)C3)c[nH]c2c1,-1.32837960343874,test
CC(Nc1nccc(C2CCCN(CCc3c[nH]c4ccccc34)C2)n1)C1CC1,-0.869231719730976,training
CC1(Nc2nccc(C3CCCN(CCc4c[nH]c5ccccc45)C3)n2)CC1,-1.50514997831991,training
CC(C)(C)Nc1nccc(C2CCCN(CCc3c[nH]c4ccccc34)C2)n1,-0.716003343634799,training
CCCNc1nccc(C2CCCN(CCc3c[nH]c4ccccc34)C2)n1,-1.13830269816628,training
Fc1ccc2[nH]cc(CCN3CCCC(c4ccnc(NC5CC5)n4)C3)c2c1,-1.37291200297011,training
Clc1ccc2[nH]cc(CCN3CCCC(c4ccnc(NC5CC5)n4)C3)c2c1,-1.01703333929878,test
Cc1[nH]c2ccc(Cl)cc2c1CCN1CCCC(c2ccnc(NC3CC3)n2)C1,-1.42488163663107,training
Fc1cccc2c(CCN3CCCC(c4ccnc(NC5CC5)n4)C3)c[nH]c12,-1.54530711646582,training
Fc1ccc2c(CCN3CCCC(c4ccnc(NC5CC5)n4)C3)c[nH]c2c1,-1.80955971463527,training
c1ccc2c(c1)OC[C@H](CCN1CCCC(c3ccnc(NC4CC4)n3)C1)O2,-1.57749179983723,training
c1ccc2c(CCN3CCCC(c4ccnc(NC5CC5)n4)C3)csc2c1,-1.5854607295085,training
c1ccc2c(c1)CC(CCN1CCCC(c3ccnc(NC4CC4)n3)C1)C2,-1.62838893005031,test
CC(Cc1c[nH]c2ccccc12)N1CCCC(c2ccnc(NC3CC3)n2)C1,-1.60422605308447,training
O=C(CN1CCCC(c2ccnc(NC3CC3)n2)C1)c1c[nH]c2ccccc12,-3.53402610605614,training
c1cc(C2CCCN(CCc3cscn3)C2)nc(NC2CC2)n1,-2.89209460269048,training
c1cc(C2CCCN(CCc3cn[nH]c3)C2)nc(NC2CC2)n1,-3.64836001098093,valid
OCCCNc1nccc(C2CCCN(CCc3c[nH]c4ccccc34)C2)n1,-2.24303804868629,training
COCCCNc1nccc(C2CCCN(CCc3c[nH]c4ccccc34)C2)n1,-1.89376176205794,training
COCCNc1nccc(C2CCCN(CCc3c[nH]c4ccccc34)C2)n1,-1.82151352840477,training
Cc1ccc2c(OCCN3CCC(Cc4cccc(N5C[C@H](C)N[C@H](C)C5)c4)CC3)cccc2n1,-0.299942900022767,training
Cc1ccc2c(OCCN3CCC(Cc4cccc(N5C[C@@H](C)NC[C@@H]5C)c4)CC3)cccc2n1,-0.700011062322112,training
Cc1ccc2c(OCCN3CCC(Cc4cccc(N5CCN(C)CC5)c4)CC3)cccc2n1,0.0,training
Cc1ccc2c(OCCN3CCC(Cc4cccc(N5CCN(C)C(=O)C5)c4)CC3)cccc2n1,-0.899984562549391,test
Cc1ccc2c(OCCN3CCC(Cc4cccc(N5CCN(C)CC5=O)c4)CC3)cccc2n1,-1.29994290002277,training
Cc1ccc2c(OCCN3CCC(Cc4cccc(N5CCCCC5)c4)CC3)cccc2n1,-0.599992177584098,training
Cc1ccc2c(OCCN3CCC(Cc4cccc(N5CCOCC5)c4)CC3)cccc2n1,-0.700011062322112,training
Cc1ccc2c(OCCN3CCC(Cc4cccc(N5C[C@H](C)O[C@H](C)C5)c4)CC3)cccc2n1,-0.400019635065159,training
Cc1ccc2c(OCCN3CCC(Cc4cccc(N5CCCN(C)CC5)c4)CC3)cccc2n1,-0.400019635065159,test
Cc1ccc2c(OCCN3CCC(Cc4cccc(N5CCCC5)c4)CC3)cccc2n1,-1.0,valid
Cc1ccc2c(OCCN3CCC(Cc4cccc(C5CCN(C)CC5)c4)CC3)cccc2n1,-0.49996186559619,training
Cc1ccc2c(OCCN3CCC(Cc4cccc(C5CCNCC5)c4)CC3)cccc2n1,-0.800029359244134,training
CC(=O)N1CCC(c2cccc(CC3CCN(CCOc4cccc5nc(C)ccc45)CC3)c2)CC1,-1.10002573010786,training
Cc1ccc2c(OCCN3CCC(Cc4cccc(C5CCN(S(C)(=O)=O)CC5)c4)CC3)cccc2n1,-0.899984562549391,training
Cc1ccc2c(OCCN3CCC(Cc4cccc(-c5ccncc5)c4)CC3)cccc2n1,-0.899984562549391,test
Cc1ccc2c(OCCN3CCC(Cc4cccc(-c5cccnc5)c4)CC3)cccc2n1,-0.700011062322112,training
Cc1ccc2c(OCCN3CCC(Cc4cccc(-c5ccccc5)c4)CC3)cccc2n1,-1.80002935924413,training
Cc1ccc2c(OCCN3CCC(Cc4cccc(-c5ccoc5)c4)CC3)cccc2n1,-1.49996186559619,training
Cc1ccc2c3c(ccc2n1)OC[C@H](CN1CCCN(c2ccc4cc(F)ccc4n2)CC1)O3,-0.176091259055681,training
Cc1ccc2c3c(ccc2n1)OC[C@H](CN1CCCN(c2ccc4cc(C#N)ccc4n2)CC1)O3,-0.301029995663981,training
Cc1ccc2c3c(ccc2n1)OC[C@H](CN1CCCN(c2ccc4ccccc4n2)CC1)O3,-0.832508912706236,training
Cc1ccc2c3c(ccc2n1)OC[C@H](CN1CCN(c2ccc4cc(C#N)ccc4n2)C[C@H]1C)O3,-0.447158031342219,training
Cc1ccc2c3c(ccc2n1)OC[C@H](CN1CCN(c2ccc4ccccc4n2)CC1)O3,-1.67486114073781,training
Cc1ccc2c3c(ccc2n1)OC[C@H](CN1CCN(c2ccc4cc(OC(F)(F)F)ccc4n2)CC1)O3,-2.23552844690755,training
Cc1ccc2c3c(ccc2n1)OC[C@H](CN1CCN(c2ccc4cc(C(N)=O)ccc4n2)CC1)O3,-0.857332496431268,training
Cc1ccc2c3c(ccc2n1)OC[C@H](CN1CCN(c2ccc4cc(C#N)ccc4n2)CC1)O3,-0.568201724066995,training
Cc1ccc2c3c(ccc2n1)OC[C@H](CN1CCN(c2ccc4cc(Br)ccc4n2)CC1)O3,-1.23552844690755,training
Cc1ccc2c3c(ccc2n1)OC[C@H](CN1CCN(c2ccc4cc(Cl)ccc4n2)CC1)O3,-2.33061666729444,training
Cc1ccc2c3c(ccc2n1)OC[C@H](CN1CCN(c2ccc4cc(F)ccc4n2)CC1)O3,-1.51719589794997,training
Cc1ccc2c3c(ccc2n1)OC[C@H](CN1CCN(c2ccc4cc([N+](=O)[O-])ccc4n2)CC1)O3,-1.30102999566398,training
Cc1ccc2c3c(ccc2n1)OC[C@H](CN1CC=C(c2c[nH]c4ccccc24)CC1)O3,-0.480006942957151,training
Cc1ccccc1C1CN(CCCc2cn(CCCN3CCN(c4ncccn4)CC3)nn2)CCc2cc(O)c(O)cc21,-2.90254677931399,training
COc1ccccc1N1CCN(CCCn2cc(CCCN3CCc4cc(O)c(O)cc4C(c4ccccc4C)C3)nn2)CC1,-1.92941892571429,training
Cc1ccccc1C1CN(CCCc2cn(CCCN3CCN(c4ccccc4O)CC3)nn2)CCc2cc(O)c(O)cc21,-1.99122607569249,training
Cc1cccc(C2CN(CCCc3cn(CCCN4CCN(c5ncccn5)CC4)nn3)CCc3cc(O)c(O)cc32)c1,-2.81157500587059,training
COc1ccccc1N1CCN(CCCn2cc(CCCN3CCc4cc(O)c(O)cc4C(c4cccc(C)c4)C3)nn2)CC1,-2.12385164096709,training
Cc1cccc(C2CN(CCCc3cn(CCCN4CCN(c5nsc6ccccc56)CC4)nn3)CCc3cc(O)c(O)cc32)c1,-2.37106786227174,training
COc1ccccc1N1CCN(CCCn2cc(CN3CCc4cc(O)c(O)cc4C(c4cccc(C)c4)C3)nn2)CC1,-2.65991620006985,training
COc1ccccc1N1CCN(CCCn2cc(CCCCN3CCc4cc(O)c(O)cc4C(c4cccc(C)c4)C3)nn2)CC1,-2.12385164096709,training
COc1ccccc1N1CCN(CCCc2cn(CCCN3CCc4cc(O)c(O)cc4C(c4ccccc4C)C3)nn2)CC1,-2.02118929906994,test
CCN(CC)CCCc1cn(CCCN2CCN(c3ccccc3OC)CC2)nn1,-2.58092497567562,valid
COc1ccccc1N1CCN(CCN2C(=O)c3cccc4c(N)ccc(c34)C2=O)CC1,-1.64345267648619,training
COc1ccccc1N1CCN(CCCN2C(=O)c3cccc4c(N)ccc(c34)C2=O)CC1,-2.06445798922692,training
COc1ccccc1N1CCN(CCCCN2C(=O)c3cccc4c(N)ccc(c34)C2=O)CC1,-0.832508912706236,training
COc1ccccc1N1CCN(CCCCCN2C(=O)c3cccc4c(N)ccc(c34)C2=O)CC1,0.173925197299174,training
COc1ccccc1N1CCN(CCN2C(=O)c3ccc(N(C)C)cc3C2=O)CC1,-1.17609125905568,test
COc1ccccc1N1CCN(CCCN2C(=O)c3ccc(N(C)C)cc3C2=O)CC1,0.327902142064283,training
COc1ccccc1N1CCN(CCCCN2C(=O)c3ccc(N(C)C)cc3C2=O)CC1,0.301029995663981,training
COc1ccccc1N1CCN(CCCCCN2C(=O)c3ccc(N(C)C)cc3C2=O)CC1,-0.89209460269048,training
COc1ccccc1N1CCN(CCNS(=O)(=O)c2cccc3c(N(C)C)cccc23)CC1,-1.86332286012046,training
COc1ccccc1N1CCN(CCCNS(=O)(=O)c2cccc3c(N(C)C)cccc23)CC1,-1.46239799789896,training
COc1ccccc1N1CCN(CCCCNS(=O)(=O)c2cccc3c(N(C)C)cccc23)CC1,-2.17897694729317,training
COc1ccccc1N1CCN(CCCCCNS(=O)(=O)c2cccc3c(N(C)C)cccc23)CC1,-1.73239375982297,training
O=c1c2ccccc2ncn1CCCN1CCN(c2cccc(Cl)c2)CC1,-2.36999466160843,training
O=c1ccc(=O)n(-c2ccccc2)n1CCCCN1CCN(c2cccc(Cl)c2)CC1,-1.70001106232211,training
COc1ccccc1N1CCN(CCCn2c(=O)ccc(=O)n2-c2ccccc2)CC1,-1.72997428569956,training
COc1ccccc1N1CCN(CCCCn2c(=O)ccc(=O)n2-c2ccccc2)CC1,-1.03981055414835,training
COc1ccccc1N1CCN(CCCn2cnc3ccccc3c2=O)CC1,-2.0,training
COc1ccccc1N1CCN(CCCCn2cnc3ccccc3c2=O)CC1,-1.56002624891289,training
O=c1c2ccccc2c(=O)n(-c2ccccc2)n1CCCN1CCN(c2cccc(Cl)c2)CC1,-2.62000064230007,training
O=c1c2ccccc2c(=O)n(-c2ccccc2)n1CCCCN1CCN(c2cccc(Cl)c2)CC1,-2.60000308662774,test
COc1ccccc1N1CCN(CCCn2c(=O)c3ccccc3c(=O)n2-c2ccccc2)CC1,-1.48000694295715,training
COc1ccccc1N1CCN(CCCCn2c(=O)c3ccccc3c(=O)n2-c2ccccc2)CC1,-1.63002085111341,training
O=c1ccc(=O)n(-c2ccccc2)n1CCCN1CCN(c2cccc(Cl)c2)CC1,-2.30999192878118,valid
O=C1/C(=C/c2ccccc2N2CCNCC2)SCCN1c1ccc(F)cc1F,-0.602059991327962,training
Clc1cccc(Oc2ccccc2C2CCNCC2)c1,-0.698970004336019,training
Fc1ccc(Oc2ccccc2N2CCNCC2)cc1,-0.903089986991943,training
O=C1C(Cc2ccccc2N2CCNCC2)SCCN1c1ccc(Cl)c(Cl)c1,-0.954242509439325,training
Fc1cccc(Oc2ccccc2N2CCNCC2)c1,-0.954242509439325,training
Fc1cccc(Oc2ccccc2C2CCNCC2)c1,-1.04139268515823,training
Fc1cccc(C2CCNCC2)c1Oc1ccccc1,-1.30102999566398,valid
Fc1cccc(Oc2cccc(F)c2C2CCNCC2)c1,-1.32221929473392,test
c1ccc(COc2ccccc2N2CCNCC2)cc1,-1.44715803134222,training
Fc1ccccc1COc1ccccc1N1CCNCC1,-1.49136169383427,test
Fc1ccccc1COc1ccccc1C1CCNCC1,-1.67209785793572,training
Cc1ccc(F)c(Oc2ccccc2C2CCNCC2)c1,-1.75587485567249,test
c1ccc(Oc2ccccc2C2CCNCC2)cc1,-1.79934054945358,training
Fc1ccc(COc2ccccc2C2CCNCC2)cc1,-1.88649072517248,valid
Fc1cccc(OCc2ccccc2N2CCNCC2)c1F,-2.00432137378264,valid
Fc1cccc(OCc2ccccc2N2CCNCC2)c1,-2.06445798922692,test
Fc1ccc(Oc2ccccc2C2CCNCC2)cc1,-2.06818586174616,training
c1ccc(COc2ccccc2C2CCNCC2)cc1,-2.08278537031645,valid
Fc1cccc(Oc2ccccc2)c1C1CCNCC1,-2.10720996964787,training
c1ccc(Oc2ccccc2N2CCNCC2)cc1,-2.10720996964787,training
Fc1ccc(Oc2cccc(F)c2C2CCNCC2)cc1,-2.19312459835446,training
c1ccc(OCc2ccccc2N2CCNCC2)cc1,-2.27646180417324,training
Fc1cccc(OCc2ccccc2)c1C1CCNCC1,-2.56110138364906,training
c1ccc(N2CCNCC2)c(COc2ccccc2C2CC2)c1,-2.66838591669,training
Fc1cccc(C2CCNCC2)c1OCc1ccccc1,-2.78247262416629,valid
Fc1ccc(OCc2ccc(Cl)c(Cl)c2)c(C2CCNCC2)c1,-3.06445798922692,valid
Fc1ccc(COc2ccc(F)cc2C2CCNCC2)cc1,-3.34439227368511,training
O=C1NCCc2cc(F)c3c(c21)CC(NCCCc1c[nH]c2ccc(F)cc12)CO3,-0.778151250383644,test
CCN(CCCc1c[nH]c2ccc(F)cc12)C1COc2c(F)cc3c(c2C1)C(=O)NCC3,-0.602059991327962,training
O=C1NCCc2cc(F)c3c(c21)CC(N(CCCc1c[nH]c2ccc(F)cc12)CC1CC1)CO3,-1.69897000433602,training
O=C1NCCc2ccc3c(c21)CC(NCCCc1c[nH]c2ccc(F)cc12)CO3,-1.64345267648619,test
CN(CCCc1c[nH]c2ccc(F)cc12)C1COc2ccc3c(c2C1)C(=O)NCC3,-1.36172783601759,training
CCN(CCCc1c[nH]c2ccc(F)cc12)C1COc2ccc3c(c2C1)C(=O)NCC3,-0.778151250383644,training
CCCN(CCCc1c[nH]c2ccc(F)cc12)C1COc2ccc3c(c2C1)C(=O)NCC3,-1.11394335230684,training
CC(C)N(CCCc1c[nH]c2ccc(F)cc12)C1COc2ccc3c(c2C1)C(=O)NCC3,-2.11058971029925,valid
O=C1NCCc2ccc3c(c21)CC(N(CCCc1c[nH]c2ccc(F)cc12)CC1CC1)CO3,-1.27875360095283,training
CC(C)CN(CCCc1c[nH]c2ccc(F)cc12)C1COc2ccc3c(c2C1)C(=O)NCC3,-2.9670797341445,valid
O=C1NCCc2ccc3c(c21)CC(N(CCCc1c[nH]c2ccc(F)cc12)C1CCC1)CO3,-1.97772360528885,training
O=C1NCCc2ccc3c(c21)CC(N(CCCc1c[nH]c2ccc(F)cc12)CCC(F)(F)F)CO3,-2.98497712641549,training
O=C1NCCc2ccc3c(c21)CC(N(CCCc1c[nH]c2ccc(F)cc12)C(=O)c1ccccc1)CO3,-3.08635983067475,training
O=C1NCc2ccc3c(c21)CC(NCCCc1c[nH]c2ccc(F)cc12)CO3,-1.38021124171161,training
CN(CCCc1c[nH]c2ccc(F)cc12)C1COc2ccc3c(c2C1)C(=O)NC3,-1.34242268082221,training
CCN(CCCc1c[nH]c2ccc(F)cc12)C1COc2ccc3c(c2C1)C(=O)NC3,-0.301029995663981,training
O=C1NCc2ccc3c(c21)CC(N(CCCc1c[nH]c2ccc(F)cc12)CC1CC1)CO3,-0.753327666658612,training
O=C1NCc2ccc3c(c21)CC(N(CCCc1c[nH]c2ccc(F)cc12)C1CCC1)CO3,-2.00432137378264,training
O=C1NCc2ccc3c(c21)CC(N(CCCc1c[nH]c2ccc(F)cc12)C(=O)c1ccccc1)CO3,-1.92941892571429,training
N#Cc1ccc2[nH]cc(CCCNC3COc4ccc5c(c4C3)C(=O)NC5)c2c1,-1.55630250076729,training
O=C1NCc2ccc3c(c21)CC(NCCCCc1c[nH]c2ccc(F)cc12)CO3,-1.34242268082221,training
O=C1NCc2ccc3c(c21)CC(N(CCCCc1c[nH]c2ccc(F)cc12)CC1CC1)CO3,-1.27875360095283,test
C=CCc1ccc2c(c1O)-c1cc(OC)cc3c1[C@@H](C2)N(C)CC3,-2.15836249209525,training
C=CCOc1cccc2c1-c1cc(OC)cc3c1[C@@H](C2)N(C)CC3,-1.81954393554187,training
Cc1cc2ccc3c(c2o1)-c1cccc2c1[C@@H](C3)N(C)CC2,-1.46239799789896,training
C#CCOc1cccc2c1-c1cccc3c1[C@@H](C2)N(C)CC3,-1.14612803567824,training
C=CCc1ccc2c(c1O)-c1cccc3c1[C@@H](C2)N(C)CC3,-2.13033376849501,training
C=CCOc1cccc2c1-c1cccc3c1[C@@H](C2)N(C)CC3,-1.07918124604762,training
CCCN1CCc2cccc3c2[C@H]1Cc1ccc2c(C)c(C)oc2c1-3,-2.70757017609794,training
CCCN1CCc2cccc3c2[C@H]1Cc1ccc2cc(C)oc2c1-3,-2.50514997831991,training
CC#CCOc1cccc2c1-c1cccc3c1[C@@H](C2)N(CCC)CC3,-2.09691001300806,training
C#CCOc1cccc2c1-c1cccc3c1[C@@H](C2)N(CCC)CC3,-1.74036268949424,training
CCCN1CCc2cccc3c2[C@H]1Cc1ccc2c(c1-3)OC(C)(C)C2,-2.79934054945358,training
C=CCc1ccc2c(c1O)-c1cccc3c1[C@@H](C2)N(CCC)CC3,-2.8992731873176,training
CCCN1CCc2cccc3c2[C@H]1Cc1cccc(OCC=C(C)C)c1-3,-2.17318626841227,training
C=C(C)COc1cccc2c1-c1cccc3c1[C@@H](C2)N(CCC)CC3,-2.57170883180869,training
C=CCOc1cccc2c1-c1cccc3c1[C@@H](C2)N(CCC)CC3,-2.4456042032736,test
COc1cc2c3c(c1)-c1c(O)cccc1C[C@H]3N(C)CC2,-2.41161970596323,training
CN1CCc2cccc3c2[C@H]1Cc1cccc(O)c1-3,-1.69019608002851,training
C/C=C/COc1cccc2c1-c1cccc3c1[C@@H](C2)N(CCC)CC3,-1.04139268515823,training
CC1Cc2ccc3c(c2O1)-c1cc(O)cc2c1[C@@H](C3)N(C)CC2,-1.07918124604762,training
C=CC(C)c1ccc(O)c2c1C[C@@H]1c3c(cccc3-2)CCN1CCC,-2.79657433321043,training
CCCN1CCc2cccc3c2[C@H]1Cc1ccc2c(c1-3)OC(C)C2C,-1.95424250943932,training
CCCN1CCc2cccc3c2[C@H]1Cc1ccc2c(c1-3)OC(C)C2,-2.53147891704225,training
Fc1ccc2[nH]cc(C3=CCN(CCc4coc5ccccc45)CC3)c2c1,-2.39445168082622,training
Fc1ccc2c(C3=CCN(CCc4coc5ccccc45)CC3)c[nH]c2c1,-1.75050839485135,training
C1=C(c2c[nH]c3ccccc23)CCN(CCc2coc3ccccc23)C1,-1.55750720190566,training
Fc1ccc2occ(CCN3CC=C(c4c[nH]c5ccccc45)CC3)c2c1,-2.27875360095283,training
N#Cc1ccc2[nH]cc(C3=CCN(CCc4coc5ccc(F)cc45)CC3)c2c1,-1.61804809671209,training
Fc1ccc2[nH]cc(C3=CCN(CCc4coc5ccc(F)cc45)CC3)c2c1,-2.47712125471966,training
COc1ccc2c(CCN3CC=C(c4c[nH]c5ccccc45)CC3)coc2c1,-1.75050839485135,training
COc1ccc2c(CCN3CC=C(c4c[nH]c5ccc(F)cc45)CC3)coc2c1,-1.82151352840477,training
COc1ccc2c(CCN3CC=C(c4c[nH]c5cc(F)ccc45)CC3)coc2c1,-2.4814426285023,valid
COc1ccc2c(CCN3CC=C(c4c[nH]c5ccc(C#N)cc45)CC3)coc2c1,-1.10380372095596,valid
COc1cccc2c(CCN3CC=C(c4c[nH]c5ccccc45)CC3)coc12,-0.927370363039024,training
COc1cccc2c(CCN3CC=C(c4c[nH]c5cc(F)ccc45)CC3)coc12,-1.04139268515823,training
COc1cccc2c(CCN3CC=C(c4c[nH]c5ccc(F)cc45)CC3)coc12,-1.00432137378264,test
COc1cccc2c(CCN3CC=C(c4c[nH]c5ccc(C#N)cc45)CC3)coc12,-0.710963118995276,training
COc1cccc2c(C(C)CN3CC=C(c4c[nH]c5ccccc45)CC3)coc12,-1.46538285144842,test
Fc1ccccc1Oc1cccc(F)c1C1CCNCC1,-0.662757831681574,valid
c1ccc(Oc2ncccc2C2CCNCC2)cc1,-2.00432137378264,training
Fc1ccccc1Oc1ncccc1C1CCNCC1,-1.11394335230684,training
Clc1ccccc1Oc1ncccc1C1CCNCC1,-1.20411998265592,training
COc1ccccc1Oc1ncccc1C1CCNCC1,-1.96378782734556,test
Cc1ccccc1Oc1ncccc1C1CCNCC1,-1.77815125038364,training
FC(F)(F)c1ccccc1Oc1ncccc1C1CCNCC1,-1.85125834871908,training
Clc1cccc(Oc2ncccc2C2CCNCC2)c1Cl,-1.568201724067,valid
Fc1cccc(Oc2ncccc2C2CCNCC2)c1F,-2.2380461031288,training
Cc1ccc(Oc2ncccc2C2CCNCC2)c(F)c1,-0.740362689494244,training
Clc1ccc(Oc2ncccc2C2CCNCC2)c(Cl)c1,-1.568201724067,training
Fc1ccc(Oc2ncccc2C2CCNCC2)c(F)c1,-1.46239799789896,training
Fc1ccc(Cl)c(Oc2ncccc2C2CCNCC2)c1,-1.23044892137827,training
COc1cccc(F)c1Oc1ncccc1C1CCNCC1,-1.38021124171161,training
Fc1cccc(Cl)c1Oc1ncccc1C1CCNCC1,-1.04139268515823,training
Fc1cccc(F)c1Oc1ncccc1C1CCNCC1,-0.857332496431268,valid
Cc1cccc(F)c1Oc1ncccc1C1CCNCC1,-1.0,training
Clc1ccccc1Oc1ncccc1N1CCNCC1,-0.653212513775344,valid
Fc1cccc(Cl)c1Oc1ncccc1N1CCNCC1,-0.568201724066995,training
N[C@@H]1CCN(c2ccc3[nH]nc(S(=O)(=O)c4cccc5ccccc45)c3c2)C1,-3.67486114073781,training
c1ccc(OCCNCC2COC(c3ccccc3)(c3ccccc3)O2)cc1,-0.549983611159689,training
COc1ccccc1OCCNCC1COC(c2ccccc2)(c2ccccc2)O1,0.219970872662662,training
Cc1ccccc1OCCNCC1COC(c2ccccc2)(c2ccccc2)O1,-0.920018916028915,training
COc1ccccc1CCCNCC1COC(c2ccccc2)(c2ccccc2)O1,-0.899984562549391,training
COc1cccc(OCCNCC2COC(c3ccccc3)(c3ccccc3)O2)c1,-0.419955748489758,training
COc1cccc(OC)c1OCCNCC1COC(c2ccccc2)(c2ccccc2)O1,-1.72997428569956,training
COc1cccc(OCCNCC2COC(c3ccccc3)(c3ccccc3)O2)c1OC,-0.880012838366772,training
COc1ccc(OCCNCC2COC(c3ccccc3)(c3ccccc3)O2)cc1OC,-1.9899834583014,valid
CCOc1ccccc1OCCNCC1COC(c2ccccc2)(c2ccccc2)O1,0.049976093476674,training
CC(C)Oc1ccccc1OCCNCC1COC(c2ccccc2)(c2ccccc2)O1,-0.229937685907934,valid
c1ccc(-c2ccccc2OCCNCC2COC(c3ccccc3)(c3ccccc3)O2)cc1,-0.340047317661393,test
c1ccc(-c2cccc(OCCNCC3COC(c4ccccc4)(c4ccccc4)O3)c2)cc1,-1.45999525604739,training
COc1ccccc1OCCNCC1CSC(c2ccccc2)(c2ccccc2)O1,-0.00987563371216,training
COc1ccccc1OCCNCC1CSC(c2ccccc2)(c2ccccc2)S1,0.890084136976207,training
COc1ccc(-c2c(C#N)c(C(=O)NN3CCCCC3)nn2-c2ccccc2[125I])cc1,-1.97081161087252,training
OC(CNCC1COc2ccccc2O1)COc1ccccc1F,-0.903089986991943,training
OC(CNCC1COc2ccccc2O1)COCc1ccccc1Cl,-1.55630250076729,training
COc1ccccc1N1CCN(CCC(O)c2ccccc2)CC1,-1.67997269427742,training
COc1ccccc1N1CCN(CCC(Oc2ccc(C(F)(F)F)cc2)c2ccccc2)CC1,-2.64999650746604,training
COc1ccc(OC(CCN2CCN(c3ccccc3OC)CC2)c2ccccc2)cc1,-1.95002390652333,training
COc1ccccc1N1CCN(CCC(Oc2ccc3c(c2)OCO3)c2ccccc2)CC1,-1.29994290002277,valid
COc1ccccc1N1CCN(CC/C(=N\O)c2ccccc2)CC1,-1.24004977211265,training
O=C(CCN1CCN(c2ccc(Cl)cc2)CC1)c1ccccc1,-2.90000096515347,training
OC(CCN1CCN(c2ccc(Cl)cc2)CC1)c1ccccc1,-2.90000096515347,training
Clc1ccc(N2CCN(CCC(Oc3ccc4c(c3)OCO4)c3ccccc3)CC2)cc1,-2.73999930940197,training
Cc1ccc(OC(CCN2CCN(c3ccc(Cl)cc3)CC2)c2ccccc2)cc1,-3.1600000688813,training
COc1ccc(N2CCN(CCC(=O)c3ccccc3)CC2)cc1,-3.69999979755458,training
COc1ccc(N2CCN(CCC(Oc3ccc(C(F)(F)F)cc3)c3ccccc3)CC2)cc1,-3.69999979755458,training
O=C(CCN1CCN(c2ncccn2)CC1)c1ccccc1,-2.08001284710793,test
FC(F)(F)c1ccc(OC(CCN2CCN(c3ncccn3)CC2)c2ccccc2)cc1,-3.1999991251968,test
O=C(CCN1CCN(c2ccccc2Cl)CC1)c1ccccc1,-2.25999979508189,training
OC(CCN1CCN(c2ccccc2Cl)CC1)c1ccccc1,-2.0600175425316,valid
FC(F)(F)c1ccc(OC(CCN2CCN(c3ccccc3Cl)CC2)c2ccccc2)cc1,-3.69999979755458,training
OC(CCN1CCN(c2ccc(F)cc2)CC1)c1ccccc1,-2.15998805038199,training
O=C(CCN1CCN(c2ccccn2)CC1)c1ccccc1,-1.70001106232211,training
O=C(CCN1CCN(c2ccc([N+](=O)[O-])cc2)CC1)c1ccccc1,-3.69999979755458,valid
O=[N+]([O-])c1ccc(N2CCN(CCC(O)c3ccccc3)CC2)cc1,-3.69999979755458,training
O=[N+]([O-])c1ccc(N2CCN(CCC(Oc3ccc(C(F)(F)F)cc3)c3ccccc3)CC2)cc1,-3.69999979755458,test
COc1ccccc1N1CCN(CCC(=O)c2ccc(-c3ccccc3)cc2)CC1,-3.55999993448694,training
COc1ccccc1N1CCN(CCC(O)c2ccc(-c3ccccc3)cc2)CC1,-2.93000100100908,training
COc1ccccc1N1CCN(CCC(Oc2ccc(C(F)(F)F)cc2)c2ccc(-c3ccccc3)cc2)CC1,-3.69999979755458,training
COc1ccc(C(=O)CCN2CCN(c3ccccc3OC)CC2)cc1,-3.23999979288687,test
COc1ccc(C(O)CCN2CCN(c3ccccc3OC)CC2)cc1,-2.5099950920134,valid
COc1ccc(C(CCN2CCN(c3ccccc3OC)CC2)Oc2ccc(C(F)(F)F)cc2)cc1,-3.0,training
COc1ccccc1N1CCN(CCC(=O)c2ccc([N+](=O)[O-])cc2)CC1,-1.70001106232211,training
COc1ccccc1N1CCN(CCC(O)c2ccc([N+](=O)[O-])cc2)CC1,-1.0,test
COc1ccccc1N1CCN(CCC(O)c2ccsc2)CC1,-1.70001106232211,training
COc1ccccc1N1CCN(CCC(Oc2ccc3c(c2)OCO3)c2ccsc2)CC1,-1.73996769675951,test
COc1ccccc1N1CCN(CCC(Oc2ccc(C(F)(F)F)cc2)c2ccsc2)CC1,-2.41000071254346,training
COc1ccccc1N1CCN(CCC(Oc2cccc3ccccc23)c2ccsc2)CC1,-2.25999979508189,training
COc1ccccc1N1CCN(CC/C(=N\O)c2ccsc2)CC1,-0.810030786405839,training
O=C(CCN1CCN(c2ccc(Cl)cc2)CC1)c1ccsc1,-2.85000258609246,training
O=C(CCN1CCN(c2cccc3ccccc23)CC1)c1ccsc1,-1.5399538416564,training
COc1ccccc1N1CCN(CCC(O)c2cc(C)sc2C)CC1,-1.07990446766672,training
Cc1cc(C(=O)CCN2CCN(c3ccccc3O)CC2)c(C)s1,-0.880012838366772,training
Cc1cc(C(O)CCN2CCN(c3ccccc3O)CC2)c(C)s1,-1.9550379870243,training
COc1cc(F)ccc1N1CCN(CCC(=O)c2cc(C)sc2C)CC1,-1.10991586302379,training
O=C(CCN1CCN(c2ccccc2Cl)CC1)c1ccsc1,-2.30000820255381,training
OC(CCN1CCN(c2ccc(Cl)cc2)CC1)c1ccsc1,-3.44000020446121,test
COc1ccccc1N1CCN(CCC(Oc2cccc3ccccc23)c2cccs2)CC1,-2.34000761799667,training
COc1ccccc1N1CCN(CCC(=O)c2cccs2)CC1,-1.0,valid
COc1ccccc1N1CCN(CCC(O)c2cccs2)CC1,-1.27989498001164,test
OC(CCN1CCN(c2ccc(Cl)cc2)CC1)c1cccs1,-3.69999979755458,training
COc1ccccc1N1CCN(CCC(=O)c2ccc(C)s2)CC1,-1.24004977211265,test
COc1ccccc1N1CCN(CCC(=O)c2ccc([N+](=O)[O-])s2)CC1,-2.52999467306914,training
COc1ccccc1N1CCN(CCC(=O)c2ccc3ccccc3c2)CC1,-2.40000234592796,training
COc1ccccc1N1CCN(CCC(O)c2ccc3ccccc3c2)CC1,-2.62000064230007,training
O=C(CCN1CCN(c2ccc(Cl)cc2)CC1)c1ccc2ccccc2c1,-3.69999979755458,training
OC(CCN1CCN(c2ccc(Cl)cc2)CC1)c1ccc2ccccc2c1,-3.69999979755458,training
O=C(CCN1CCN(c2ccccc2O)CC1)c1ccc2ccccc2c1,-3.0,training
Oc1ccccc1N1CCN(CCC(O)c2ccc3ccccc3c2)CC1,-2.28000895310819,training
COc1ccccc1N1CCN(CCC(O)c2csc3ccccc23)CC1,-1.29994290002277,training
OC(CCN1CCN(c2ccc(Cl)cc2)CC1)c1csc2ccccc12,-3.69999979755458,training
O=C(CCN1CCN(c2ccccc2O)CC1)c1csc2ccccc12,-2.04000863601354,training
Oc1ccccc1N1CCN(CCC(O)c2csc3ccccc23)CC1,-1.26007138798507,training
COc1cc(F)ccc1N1CCN(CCC(=O)c2csc3ccccc23)CC1,-2.70000239714225,training
O=C(CCN1CCN(c2cccc3ccccc23)CC1)c1csc2ccccc12,-2.0,training
OC(CCN1CCN(c2cccc3ccccc23)CC1)c1csc2ccccc12,-1.82000430680832,valid
OC(CCN1CCN(c2cnc3ccccc3c2)CC1)c1csc2ccccc12,-3.0,valid
OC(CCN1CCN(c2cccc3ncccc23)CC1)c1csc2ccccc12,-1.56995881809659,training
OC(CCN1CCN(c2ccc3ncccc3c2)CC1)c1csc2ccccc12,-2.73999930940197,valid
Cc1ccc2cccc(N3CCN(CCC(O)c4csc5ccccc45)CC3)c2n1,-1.00987563371216,training
OC(CCN1CCN(c2cccc3c2OCCCO3)CC1)c1csc2ccccc12,-0.279894980011638,test
OC(CCN1CCN(c2cccc3cccnc23)CC1)c1csc2ccc(F)cc12,-0.430075055551939,training
Cc1ccc2cccc(N3CCN(CCC(O)c4csc5ccc(F)cc45)CC3)c2n1,-0.400019635065159,training
OC(CCN1CCN(c2cccc3c2OCCO3)CC1)c1csc2ccc(F)cc12,-0.780029127337338,training
OC(CCN1CCN(c2cccc3c2OCCCO3)CC1)c1csc2ccc(F)cc12,-0.480006942957151,training
COc1ccccc1N1CCN(CCC(=O)c2ccccc2)CC1,-1.70001106232211,valid
COc1ccc(N2CCN(CCC(O)c3ccccc3)CC2)cc1,-3.69999979755458,training
FC(F)(F)c1ccc(OC(CCN2CCN(c3ccc(Cl)cc3)CC2)c2ccccc2)cc1,-3.69999979755458,valid
O=C(CCN1CCN(c2ccc(F)cc2)CC1)c1ccccc1,-2.90000096515347,test
OC(CCN1CCN(c2ccccn2)CC1)c1ccccc1,-2.18999533996432,training
FC(F)(F)c1ccc(OC(CCN2CCN(c3ccccn3)CC2)c2ccccc2)cc1,-3.1999991251968,valid
OC(CCN1CCN(c2ncccn2)CC1)c1ccccc1,-2.57000557676179,training
COc1ccccc1N1CCN(CCC(O)c2csc(C)c2)CC1,-2.57000557676179,training
COc1ccccc1N1CCN(CC/C(=N\O)c2csc3ccccc23)CC1,-2.90000096515347,training
COc1cc(Cl)ccc1N1CCN(CCC(=O)c2csc3ccccc23)CC1,-2.70000239714225,training
OC(CCN1CCN(c2ccc3sccc3c2)CC1)c1csc2ccccc12,-3.1999991251968,training
OC(CCN1CCN(c2cccc3cccnc23)CC1)c1csc2ccccc12,-2.73999930940197,training
O=C(CCN1CCN(c2ccc(Cl)cc2)CC1)c1csc2ccccc12,-3.69999979755458,training
CC1CN(CCC(O)c2csc3ccc(F)cc23)CCN1c1cccc2c1OCO2,-0.970021265828366,training
COc1cc(N2CCN(C3CCN(c4cccc5cccnc45)CC3)CC2)c2ncccc2c1,0.397940008672038,training
COc1cc(N2CCN(C3CCN(c4ccc(F)c5cc(F)cnc45)CC3)CC2)c2ncccc2c1,0.327902142064283,training
COc1cc(N2CCN(C3CCN(c4cccc5cc(C)cnc45)CC3)CC2)c2ncccc2c1,0.337242168318426,training
COc1cc(N2CCN(C3CCN(c4ccc(F)c5cccnc45)CC3)CC2)c2ncccc2c1,0.397940008672038,training
COc1cc(N2CCN(C3CCN(c4cccc5ccc(C)nc45)CC3)CC2)c2ncccc2c1,0.267606240177031,training
COc1cc(N2CCN(C3CCN(c4cc(Br)cc5cccnc45)CC3)CC2)c2ncccc2c1,0.214670164989233,training
COc1cc(N2CCN(C3CCN(c4cccc5c(C)ccnc45)CC3)CC2)c2ncccc2c1,0.214670164989233,training
COc1cc(N2CCN(C3CCN(c4cccc5c(C)cc(C)nc45)CC3)CC2)c2ncccc2c1,0.200659450546418,training
COc1cc(N2CCN(C3CCN(c4cccc5cc(F)cnc45)CC3)CC2)c2ncccc2c1,0.102372908709559,training
COc1cc(N2CCN(C3CCN(c4ccc(F)c5cc(C(F)(F)F)cnc45)CC3)CC2)c2ncccc2c1,0.060480747381382,training
COc1cc(N2CCN(C3CCN(c4cccc5cc(C(F)(F)F)cnc45)CC3)CC2)c2ncccc2c1,-0.079181246047625,training
COc1cc(N2CCN(C3CCN(c4cccc5ccc(C(F)(F)F)nc45)CC3)CC2)c2ncccc2c1,-0.255272505103306,training
COc1cc(N2CCN(C3CCN(c4ccc(F)c5c(OC)cc(C(F)(F)F)nc45)CC3)CC2)c2ncccc2c1,-0.301029995663981,training
COc1cc(N2CCN(C3CCN(c4cccc5c(OC)cc(C(F)(F)F)nc45)CC3)CC2)c2ncccc2c1,-0.322219294733919,training
COc1cc(N2CCN(C3CCN(c4cc(F)cc5cccnc45)CC3)CC2)c2ncccc2c1,-0.531478917042255,training
COc1cc(N2CCN(C3CCN(c4ccc(F)c5ccc(C(F)(F)F)nc45)CC3)CC2)c2ncccc2c1,-0.556302500767287,training
COc1cc(N2CCN(C3CCN(c4ccc(F)c5c(C)cc(C)nc45)CC3)CC2)c2ncccc2c1,-2.24797326636181,training
COc1cc(N2CCN(C3CCN(c4c(F)ccc5cccnc45)CC3)CC2)c2ncccc2c1,-2.44090908206522,training
CCCCCCCC(O)CCc1ccc(O)c(OC)c1,-3.97909290063833,training
CCCCCCCCC/C(O)=C/C(=O)/C=C/c1ccc(O)c(OC)c1,-3.55509444857832,valid
CCCCCCC/C(O)=C/C(=O)/C=C/c1ccc(O)c(OC)c1,-3.81557774832427,valid
CCCCCC(=O)/C=C(O)/C=C/c1ccc(O)c(OC)c1,-3.81491318127507,training
CCCCCCCCC/C=C/C(=O)CCc1ccc(O)c(OC)c1,-3.7664128471124,valid
CCCCCCC/C=C/C(=O)CCc1ccc(O)c(OC)c1,-4.1156105116743,training
CCCCC/C=C/C(=O)CCc1ccc(O)c(OC)c1,-4.25575478664304,training
CCCCCCCCC[C@H](O)CC(=O)CCc1ccc(O)c(OC)c1,-3.57287160220048,valid
CCCCCCC[C@H](O)CC(=O)CCc1ccc(O)c(OC)c1,-4.06855689507236,training
COc1ccc(OC)c(C2CCN(Cc3cnn(-c4ccccc4F)c3C)C2)c1,-2.01283722470517,training
c1ccc(CN2CCN(Cc3cc4ccccc4o3)CC2)cc1,-2.92064500140679,valid
COc1ccc(CN2CCN(Cc3cc4ccccc4o3)CC2)cc1,-3.34084054981233,training
CCOc1ccc(CN2CCN(Cc3cc4ccccc4o3)CC2)cc1,-3.52361641905437,training
FC(F)CCOc1ccc(CN2CCN(Cc3cc4ccccc4o3)CC2)cc1,-3.38721180031373,test
CCCOc1ccc(CN2CCN(Cc3cc4ccccc4o3)CC2)cc1,-3.67412598274271,training
FCCCOc1ccc(CN2CCN(Cc3cc4ccccc4o3)CC2)cc1,-3.51851393987789,training
COc1cccc(CN2CCN(Cc3cc4ccccc4o3)CC2)c1,-2.57170883180869,training
CCOc1cccc(CN2CCN(Cc3cc4ccccc4o3)CC2)c1,-3.23552844690755,training
FCCOc1cccc(CN2CCN(Cc3cc4ccccc4o3)CC2)c1,-2.67117284271508,training
CCCOc1cccc(CN2CCN(Cc3cc4ccccc4o3)CC2)c1,-2.88874096068289,training
FCCCOc1cccc(CN2CCN(Cc3cc4ccccc4o3)CC2)c1,-2.77742682238931,training
COc1ccccc1CN1CCN(Cc2cc3ccccc3o2)CC1,-2.90633504180509,training
CCOc1ccccc1CN1CCN(Cc2cc3ccccc3o2)CC1,-2.67024585307412,training
FCCOc1ccccc1CN1CCN(Cc2cc3ccccc3o2)CC1,-3.51201696949613,training
CCCOc1ccccc1CN1CCN(Cc2cc3ccccc3o2)CC1,-3.39058187855044,training
FCCCOc1ccccc1CN1CCN(Cc2cc3ccccc3o2)CC1,-3.52930199778798,training
COc1ccccc1N1CCN(CCNC(=O)c2ccc3ccccc3c2)CC1,-0.3654879848909,training
COc1ccccc1N1CCN(CCNS(=O)(=O)c2ccc3ccccc3c2)CC1,-1.38738982633873,training
COc1ccccc1N1CCN(CCCNC(=O)c2ccc3ccccc3c2)CC1,-1.25042000230889,training
COc1ccccc1N1CCN(CCCNS(=O)(=O)c2ccc3ccccc3c2)CC1,-2.04921802267018,training
COc1ccccc1N1CCN(CCCCNS(=O)(=O)c2ccc3ccccc3c2)CC1,-1.79239168949825,training
COc1ccccc1N1CCN(CCCCCNC(=O)c2ccc3ccccc3c2)CC1,-1.73239375982297,test
COc1ccccc1N1CCN(CCCCCNS(=O)(=O)c2ccc3ccccc3c2)CC1,-1.43775056282039,training
COc1ccccc1N1CCN(CCCCCCNC(=O)c2ccc3ccccc3c2)CC1,-2.00860017176192,training
COc1ccccc1N1CCN(CCCCCCNS(=O)(=O)c2ccc3ccccc3c2)CC1,-0.983175072037813,test
CCCCC1CCN(CCCC(=O)c2ccccc2C)CC1,-2.44715803134222,training
Cc1ccc2c(N3CCN(CCc4cccc5c4OCc4c(C(N)=O)ncn4-5)CC3)cccc2n1,0.66655272550325,test
Cc1ccc2c(N3CCN(CCc4cccc5c4OCc4nccn4-5)CC3)cccc2n1,0.899974269892137,training
Cc1cn2c(n1)COc1c(CCN3CCN(c4cccc5nc(C)ccc45)CC3)cccc1-2,0.700057099977233,training
Cc1ccc2c(N3CCN(CCc4cccc5c4OCc4nc(C)c(C)n4-5)CC3)cccc2n1,0.700057099977233,valid
Cc1ccc2c(N3CCN(CCc4cccc5c4OCc4nc(C(F)(F)F)cn4-5)CC3)cccc2n1,0.79997073344623,test
Cc1ccc2c(N3CCN(CCc4cccc5c4OCc4cncn4-5)CC3)cccc2n1,0.700057099977233,training
Cc1ccc2c(N3CCN(CCc4cccc5c4OCc4nnc(C)n4-5)CC3)cccc2n1,1.10001543745061,training
Cc1ccc2c(N3CCN(CCc4cccc5c4OCc4c(C)nnn4-5)CC3)cccc2n1,1.10001543745061,training
Cc1ccc2c(N3CCN(CCc4cccc5c4OCc4nnnn4-5)CC3)cccc2n1,0.299988937677888,training
CCOC(=O)c1ncn2c1COc1c(CCN3CCN(c4cccc5nc(C)ccc45)CC3)cccc1-2,0.199970640755866,training
CC(=O)c1ncn2c1COc1c(CCN3CCN(c4cccc5nc(C)ccc45)CC3)cccc1-2,0.50003813440381,training
CO/N=C(\C)c1ncn2c1COc1c(CCN3CCN(c4cccc5nc(C)ccc45)CC3)cccc1-2,-0.20002926655377,training
Cc1ccc2c(N3CCN(CCc4cccc5c4OCc4c(C(=O)N(C)C)ncn4-5)CC3)cccc2n1,0.79997073344623,valid
Cc1ccc2c(N3CCN(CCc4cccc5c4OCc4c(C#N)ncn4-5)CC3)cccc2n1,0.0,training
CNC(=O)c1ncn2c1COc1c(CCN3CCN(c4cccc5nc(C)ccc45)CC3)cccc1-2,0.79997073344623,training
Cc1ccc2c(N3CCN(CCc4cccc5c4OCc4c(C(=O)NC(C)C)ncn4-5)CC3)cccc2n1,0.700057099977233,training
Cc1ccc2c(N3CCN(CCc4cccc5c4OCc4c(C(=O)NC6CC6)ncn4-5)CC3)cccc2n1,0.899974269892137,training
Cc1ccc2c(N3CCN(CCc4cccc5c4OCc4c(C(=O)NC6CCC6)ncn4-5)CC3)cccc2n1,0.79997073344623,training
Cc1ccc2c(N3CCN(CCc4cccc5c4OCc4c(C(=O)NC6CCCC6)ncn4-5)CC3)cccc2n1,0.599980364934842,training
Cc1ccc2c(N3CCN(CCc4cccc5c4OCc4c(C(=O)NCC6CC6)ncn4-5)CC3)cccc2n1,0.899974269892137,test
Cc1ccc2c(N3CCN(CCc4cccc5c4OCc4c(C(=O)N6CCC6)ncn4-5)CC3)cccc2n1,0.79997073344623,test
Cc1ccc2c(N3CCN(CCc4cccc5c4OCc4c(C(=O)N6CCCC6)ncn4-5)CC3)cccc2n1,0.899974269892137,training
Cc1ccc2c(N3CCN(CCc4cccc5c4OCc4c(C(=O)N6CCCCC6)ncn4-5)CC3)cccc2n1,0.400007822415902,training
Cc1ccc2c(N3CCN(CCc4cccc5c4OCc4c(C(=O)N6CCOCC6)ncn4-5)CC3)cccc2n1,0.400007822415902,test
COc1ccccc1N1CCN(CC2OCC(c3ccccc3)(c3ccccc3)O2)CC1,-1.27932466544261,training
COc1cccc(OC)c1SCCNCCOc1ccccc1OCc1ccccc1,-1.20002926655377,training
COc1cccc(OC)c1CCCNCCOc1ccccc1OCc1ccccc1,-0.400019635065159,training
COc1cccc(OC)c1[S+](O)CCNCCOc1ccccc1OCc1ccccc1,-0.49996186559619,test
CCOc1cccc(OCC)c1OCCNCCOc1ccccc1OCc1ccccc1,-1.49996186559619,training
COc1cccc([N+](=O)[O-])c1OCCNCCOc1ccccc1OCc1ccccc1,-1.20002926655377,training
COc1cccc(Cl)c1OCCNCCOc1ccccc1OCc1ccccc1,-1.49996186559619,training
COc1cccc(C)c1OCCNCCOc1ccccc1OCc1ccccc1,-0.599992177584098,training
CCOc1ccccc1OCCNCCOc1ccccc1OCc1ccccc1,-0.700011062322112,training
COc1ccccc1OCCNCCOc1ccccc1OCc1ccccc1,-0.400019635065159,training
Clc1cccc(Cl)c1OCCNCCOc1ccccc1OCc1ccccc1,-1.49996186559619,training
Cc1cccc(C)c1OCCNCCOc1ccccc1OCc1ccccc1,-1.20002926655377,training
Oc1cccc(O)c1OCCNCCOc1ccccc1OCc1ccccc1,-1.10002573010786,training
c1ccc(COc2ccccc2OCCNCCOc2ccccc2)cc1,-0.899984562549391,training
O=C1NCc2ccc(OCCCN3CCN(c4cccc5cccc(F)c45)CC3)cc21,1.85078088734462,training
O=C1NCc2ccc(OCCCN3CCN(c4cccc5ccccc45)CC3)cc21,0.55579901113584,training
O=C1NCc2ccc(OCCCN3CCN(c4cccc5ccc(F)cc45)CC3)cc21,1.34969247686806,training
O=C1NCc2ccc(OCCCN3CCN(c4cccc5c4OCCC5)CC3)cc21,1.30016227413275,training
O=C1NCc2ccc(OCCCCN3CCN(c4cccc5cccc(F)c45)CC3)cc21,0.300422408601091,test
Fc1ccc2cccc(N3CCN(CCCOc4ccc5c(c4)CNC5)CC3)c2c1,0.991399828238082,training
O=C1NCc2ccc(OCCCN3CCN(c4cccc5c4COCC5)CC3)cc21,0.96657624451305,training
O=C1NCc2cc(F)c(OCCCCN3CCN(c4cccc5cccc(F)c45)CC3)cc21,0.928117992693875,training
O=C1NCc2ccc(OCCCN3CCN(c4cccc5ccccc45)CC3)c(F)c21,0.892790030352132,training
c1ccc2c(N3CCN(CCCOc4ccc5c(c4)CNC5)CC3)cccc2c1,0.826813731587726,training
O=C1NCc2ccc(OCCCCN3CCN(c4cccc5ccccc45)CC3)cc21,-0.073901558314207,training
O=C1NCc2ccc(OCCCN3CCN(c4cccc5cc(F)c(F)cc45)CC3)cc21,0.747146969020107,training
c1ccc2c(N3CCN(CCCCOc4ccc5c(c4)CNC5)CC3)cccc2c1,0.690369832574101,training
Fc1ccc2cccc(N3CCN(CCCCOc4ccc5c(c4)CNC5)CC3)c2c1,0.614393726401688,training
O=C1NCc2ccc(OCCCN3CCN(c4cccc5c4CCCC5)CC3)cc21,0.570247719997592,valid
O=C1NCc2ccc(OCCCCN3CCN(c4cccc5c4COCC5)CC3)cc21,0.554395796726402,training
O=C1NCc2ccc(OCCCN3CCN(c4cccc5cccc(F)c45)CC3)c(Cl)c21,0.505845405981557,training
O=C1NCc2cc(F)c(OCCCN3CCN(c4cccc5ccc(F)cc45)CC3)cc21,0.467245621007502,training
Cc1cc2c(cc1OCCCN1CCN(c3cccc4cc(F)ccc34)CC1)C(=O)NC2,0.286509456906057,training
Cc1c(OCCCN2CCN(c3cccc4ccccc34)CC2)ccc2c1C(=O)NC2,0.211124884224583,training
O=C1NCc2cc(F)c(OCCCCN3CCN(c4cccc5ccccc45)CC3)cc21,0.19586056766465,training
Cc1cc2c(cc1OCCCN1CCN(c3cccc4ccccc34)CC1)C(=O)NC2,0.173925197299174,valid
O=C1NCc2cc(F)c(OCCCN3CCN(c4cccc5ccccc45)CC3)cc21,0.173277479831008,training
O=C1NCc2ccc(OCCCCN3CCN(c4cccc5c4CCC5)CC3)cc21,0.130768280269024,training
O=C1NCc2ccc(OCCCN3CCN(c4cccc5ccccc45)CC3)c(Cl)c21,0.104577453960592,training
Cc1cc2c(cc1OCCCCN1CCN(c3cccc4ccccc34)CC1)C(=O)NC2,0.095284454721319,valid
O=C1NCc2cc(Cl)c(OCCCN3CCN(c4cccc5ccccc45)CC3)cc21,0.089375595110799,training
O=C1NCc2ccc(OCCCCN3CCN(c4cccc5ccc(F)cc45)CC3)cc21,0.076755981369724,valid
O=C1NCc2cc(Cl)c(OCCCN3CCN(c4cccc5cccc(F)c45)CC3)cc21,0.066006836168758,training
O=C1NCc2ccc(OCCCCN3CCN(c4cccc5c4OCCC5)CC3)cc21,0.063989204284791,training
O=C1NCc2cc(F)c(OCCCN3CCN(c4cccc5cc(F)ccc45)CC3)cc21,0.055517327849831,training
Cc1c(OCCCN2CCN(c3cccc4cc(F)ccc34)CC2)ccc2c1C(=O)NC2,-0.03342375548695,training
O=C1NCc2ccc(OCCCCN3CCN(c4cccc5cc(F)c(F)cc45)CC3)cc21,-0.113943352306837,training
Cc1cc2c(cc1OCCCN1CCN(c3cccc4cccc(F)c34)CC1)C(=O)NC2,-0.15836249209525,training
O=C1NCc2ccc(OCCCCN3CCN(c4cccc5c4CCO5)CC3)cc21,-0.161368002234975,training
O=C1NCc2ccc(OCCCN3CCN(c4cccc5c4CCO5)CC3)cc21,-0.164352855784437,training
O=C1NCc2ccc(OCCCN3CCN(c4cccc5cc(F)ccc45)CC3)cc21,-0.187520720836463,test
O=C1NCc2cc(Cl)c(OCCCCN3CCN(c4cccc5cccc(F)c45)CC3)cc21,-0.225309281725863,training
O=C1NCc2cc(F)c(OCCCCN3CCN(c4cccc5ccc(F)cc45)CC3)cc21,-0.247973266361807,training
O=C1NCc2ccc(OCCCCN3CCN(c4cccc5c4CCCC5)CC3)cc21,-0.28330122870355,valid
Cc1cc2c(cc1OCCCCN1CCN(c3cccc4cc(F)ccc34)CC1)C(=O)NC2,-0.296665190261531,training
O=C1NCc2ccc(OCCCCN3CCN(c4cccc5c4CCOC5)CC3)cc21,-0.298853076409707,training
O=C1NCc2ccc(OCCCCN3CCN(c4cccc5cccc(F)c45)CC3)c(F)c21,-0.320146286111054,training
Cc1c(OCCCN2CCN(c3cccc4cccc(F)c34)CC2)ccc2c1C(=O)NC2,-0.328379603438738,training
O=C1NCc2cc(Cl)c(OCCCCN3CCN(c4cccc5ccccc45)CC3)cc21,-0.369215857410143,test
Cc1c(OCCCCN2CCN(c3cccc4cccc(F)c34)CC2)ccc2c1C(=O)NC2,-0.416640507338281,training
O=C1NCc2cc(F)c(OCCCCN3CCN(c4cccc5cc(F)ccc45)CC3)cc21,-0.432969290874406,training
O=C1NCc2ccc(OCCCN3CCN(c4cccc5cc(F)ccc45)CC3)c(F)c21,-0.482873583608754,training
Cc1c(OCCCCN2CCN(c3cccc4ccccc34)CC2)ccc2c1C(=O)NC2,-0.507855871695831,training
Cc1cc2c(cc1OCCCCN1CCN(c3cccc4cccc(F)c34)CC1)C(=O)NC2,-0.557507201905658,training
O=C1NCc2ccc(OCCCCN3CCN(c4cccc5ccccc45)CC3)c(F)c21,-0.558708570533166,test
O=C1NCc2ccc(OCCCCN3CCN(c4cccc5cccc(F)c45)CC3)c(Cl)c21,-0.628388930050311,training
O=C1NCc2ccc(OCCCCN3CCN(c4cccc5ccc(F)cc45)CC3)c(F)c21,-0.658964842664435,training
O=C1NCc2ccc(OCCCCN3CCN(c4cccc5cc(F)ccc45)CC3)c(F)c21,-0.699837725867246,training
O=C1NCc2ccc(OCCCCN3CCN(c4cccc5c4COC5)CC3)cc21,-0.837588438235511,training
O=C1NCc2ccc(OCCCCN3CCN(c4cccc5cc(F)ccc45)CC3)cc21,-1.12710479836481,training
Cc1c(OCCCCN2CCN(c3cccc4cc(F)ccc34)CC2)ccc2c1C(=O)NC2,-1.24303804868629,training
CCCCN1CCC(COC(=O)c2cc(Cl)c(NC)c3c2OCCO3)CC1,-2.47712125471966,training
COc1cccc(CCN2CCN(c3ccccc3OC)CC2)c1,-0.380211241711606,training
COc1ccccc1N1CCN(CCc2cccc(OCCCCCOc3cccc(CCN4CCN(c5ccccc5OC)CC4)c3)c2)CC1,-0.230448921378274,training
CCCCCN1CCN(c2ccccc2OC)CC1,-0.712649701627211,test
Nn1c(CCCCN2CCN(c3ccc4ccccc4n3)CC2)nc2c(c1=O)CCCC2,0.154405906839976,training
O=S(=O)(c1cccc2ccccc12)c1n[nH]c2ccc(N3CCNCC3)cc12,-2.75815462196739,training
Cn1nc(S(=O)(=O)c2cccc3ccccc23)c2cc(N3CCNCC3)ccc21,-3.25042000230889,training
Cc1ccc2c(N3CCN(CCc4cccc5c4CCC(=O)N5)CC3)cccc2n1,0.400007822415902,training
Cc1ccc2c(N3CCN(CCc4cccc5c4CCC(=O)N5C)CC3)cccc2n1,0.199970640755866,training
Cc1ccc2c(N3CCN(CCc4c(C)ccc5c4CCC(=O)N5)CC3)cccc2n1,0.100015437450609,training
Cc1ccc2c(N3CCN(CCc4c(C)ccc5c4CCC(=O)N5C)CC3)cccc2n1,0.199970640755866,training
Cc1ccc2c(N3CCN(CCc4cccc5[nH]c(=O)ccc45)CC3)cccc2n1,0.199970640755866,valid
Cc1ccc2c(N3CCN(CCc4c(C)ccc5[nH]c(=O)ccc45)CC3)cccc2n1,0.0,training
Cc1ccc2c(N3CCN(CCc4c(C)ccc5c4ccc(=O)n5C)CC3)cccc2n1,0.199970640755866,training
Cc1ccc2c(N3CCN(CCc4c(F)ccc5c4ccc(=O)n5C)CC3)cccc2n1,0.400007822415902,training
Cc1ccc2c(N3CCN(CCc4c(Cl)ccc5c4ccc(=O)n5C)CC3)cccc2n1,-0.599992177584098,training
Cc1ccc2c(N3CCN(CCc4c(C)ccc5c4ccc(=O)n5C)CC3)cc(F)cc2n1,-0.100025730107863,training
Cc1ccc2c(N3CCN(CCc4cccc5c4ccc(=O)n5C)[C@@H](C)C3)cccc2n1,-0.49996186559619,training
Cc1ccc2c(N3CCN(CCc4c(C)ccc5c4ccc(=O)n5C)[C@@H](C)C3)cc(F)cc2n1,-0.599992177584098,training
Cc1ccc2c(N3CCN(CCc4cccc5c4ccc(=O)n5C)C(C)(C)C3)cccc2n1,-0.20002926655377,training
Cc1ccc2c(C3CCN(CCc4c(C)ccc5c4ccc(=O)n5C)CC3)cccc2n1,-0.100025730107863,test
Cc1ccc2c(N3CCN(CCc4cccc(N5CCOC5=O)c4)CC3)cccc2n1,0.400007822415902,valid
Cc1ccc2c(N3CCN(CCc4cccc(N5CCNC5=O)c4)CC3)cccc2n1,0.400007822415902,training
COC(=O)Nc1cccc(CCN2CCN(c3cccc4nc(C)ccc34)CC2)c1,0.400007822415902,training
Cc1ccc2c(N3CCN(CCc4cccc(NC(=O)c5scnc5C)c4)CC3)cccc2n1,0.400007822415902,training
Cc1ccc2c(N3CCN(CCc4cccc(-n5cccn5)c4)CC3)cccc2n1,0.299988937677888,training
Cc1ccc2c(N3CCN(CCc4cccc(NC(=O)c5cnccn5)c4)CC3)cccc2n1,0.299988937677888,training
Cc1ccc2c(N3CCN(CCc4cccc(NC(=O)c5cccc(F)c5)c4)CC3)cccc2n1,0.199970640755866,training
Cc1ccc2c(N3CCN(CCc4cccc(NC(=O)c5csc(C)n5)c4)CC3)cccc2n1,0.100015437450609,training
Cc1ccc2c(N3CCN(CCc4cccc(NS(C)(=O)=O)c4)CC3)cccc2n1,0.100015437450609,training
Cc1ccc2c(N3CCN(CCc4cccc(NC(=O)c5ccccc5F)c4)CC3)cccc2n1,0.0,training
Cc1ccc2c(N3CCN(CCc4cccc(NC(=O)c5ccccc5)c4)CC3)cccc2n1,0.0,training
CC(=O)Nc1cccc(CCN2CCN(c3cccc4nc(C)ccc34)CC2)c1,0.0,training
CCOC(=O)Nc1cccc(CCN2CCN(c3cccc4nc(C)ccc34)CC2)c1,-0.100025730107863,training
Cc1ccc2c(N3CCN(CCc4cccc(NC(=O)c5ccc(F)cc5)c4)CC3)cccc2n1,-0.100025730107863,training
CCCS(=O)(=O)Nc1cccc(CCN2CCN(c3cccc4nc(C)ccc34)CC2)c1,-0.20002926655377,test
CC(=O)N(C)c1cccc(CCN2CCN(c3cccc4nc(C)ccc34)CC2)c1,-0.299942900022767,training
CCNC(=O)Nc1cccc(CCN2CCN(c3cccc4nc(C)ccc34)CC2)c1,-0.299942900022767,training
COc1cccc(C(=O)Nc2cccc(CCN3CCN(c4cccc5nc(C)ccc45)CC3)c2)c1,-0.299942900022767,training
Cc1ccc2c(N3CCN(CCc4cccc(NC(=O)C(C)C)c4)CC3)cccc2n1,-0.299942900022767,training
CCC(=O)Nc1cccc(CCN2CCN(c3cccc4nc(C)ccc34)CC2)c1,-0.299942900022767,training
Cc1ccc2c(N3CCN(CCc4cccc(N5CCCOC5=O)c4)CC3)cccc2n1,-0.400019635065159,training
Cc1ccc2c(N3CCN(CCc4cccc(NC(=O)Nc5ccc(F)cc5)c4)CC3)cccc2n1,-0.400019635065159,training
COc1ccccc1C(=O)Nc1cccc(CCN2CCN(c3cccc4nc(C)ccc34)CC2)c1,-0.400019635065159,training
Cc1ccc2c(N3CCN(CCc4cccc(N5C(=O)CCC5=O)c4)CC3)cccc2n1,-0.49996186559619,training
Cc1ccc2c(N3CCN(CCc4cccc(N5CCCNC5=O)c4)CC3)cccc2n1,-0.49996186559619,training
Cc1ccc2c(N3CCN(CCc4cccc(NC(=O)Nc5ccccc5F)c4)CC3)cccc2n1,-0.49996186559619,training
COc1ccc(C(=O)Nc2cccc(CCN3CCN(c4cccc5nc(C)ccc45)CC3)c2)cc1,-0.49996186559619,training
Cc1ccc2c(N3CCN(CCc4cccc(NC(=O)Nc5cccc(F)c5)c4)CC3)cccc2n1,-0.599992177584098,training
Cc1ccc2c(N3CCN(CCc4cccc(NC(=O)Nc5ccccc5)c4)CC3)cccc2n1,-0.599992177584098,training
CCCNC(=O)Nc1cccc(CCN2CCN(c3cccc4nc(C)ccc34)CC2)c1,-0.700011062322112,training
Cc1ccc2c(N3CCN(CCc4cccc(NC(=O)C(C)(C)C)c4)CC3)cccc2n1,-0.800029359244134,training
Cc1ccc2c(N3CCN(CCc4cccc(NC(=O)NC(C)(C)C)c4)CC3)cccc2n1,-0.899984562549391,training
Cc1ccc2c(N3CCN(CCc4cccc(N)c4)CC3)cccc2n1,-1.20002926655377,training
c1ccc(Oc2ccccc2OC2CNC2)cc1,-1.75587485567249,training
Fc1ccccc1Oc1ccccc1OC1CNC1,-1.34242268082221,training
Fc1ccccc1Oc1cccc(F)c1OC1CNC1,-1.07918124604762,training
Fc1cccc(Oc2ccccc2Cl)c1OC1CNC1,-1.14612803567824,valid
Fc1cccc(Cl)c1Oc1cccc(F)c1OC1CNC1,0.0,training
Cc1cccc(F)c1Oc1cccc(F)c1OC1CNC1,-0.477121254719662,training
Fc1cccc(Oc2c(Cl)cccc2Cl)c1OC1CNC1,-0.778151250383644,valid
Cc1cccc(Cl)c1Oc1cccc(F)c1OC1CNC1,-1.20411998265592,training
Fc1cccc(Oc2cccc(Cl)c2Cl)c1OC1CNC1,-1.20411998265592,training
Fc1ccccc1Oc1ccccc1OC1CCNCC1,-2.84073323461181,training
Fc1ccccc1Oc1cccc(F)c1OC1CCNCC1,-1.47712125471966,training
Fc1cccc(Cl)c1Oc1cccc(F)c1OC1CCNCC1,-0.903089986991943,training
Cc1cccc(F)c1Oc1cccc(F)c1OC1CCNCC1,-0.602059991327962,test
Fc1ccccc1Oc1cccc(F)c1OC1CCCNC1,-1.95424250943932,training
Fc1ccccc1Oc1ccccc1OC1CCNC1,-2.28555730900777,training
Fc1ccccc1Oc1cccc(F)c1OC1CCNC1,-0.903089986991943,training
Fc1cccc(Oc2ccccc2Cl)c1OC1CCNC1,-1.27875360095283,training
Cc1cccc(F)c1Oc1cccc(F)c1OC1CCNC1,-0.602059991327962,training
Fc1cccc(Cl)c1Oc1ncccc1OC1CCNC1,-2.30749603791321,training
Fc1cccc(Cl)c1Oc1ncccc1OC1CNC1,-1.80617997398389,training
CCCN1CCc2cccc3c2C1Cc1cccc(OCCCn2cc(CCN4CCN(c5ccccc5OC)CC4)nn2)c1-3,-0.88024177589548,training
CCCN1CCc2cccc3c2C1Cc1cccc(OCc2cn(CCCCN4CCN(c5ccccc5OC)CC4)nn2)c1-3,-0.985875357308394,training
CCCN1CCc2cccc3c2C1Cc1cccc(OCCCCN2CCN(c4ccccc4OC)CC2)c1-3,-1.76342799356294,training
COc1ccccc1N1CCN(CC(F)CCNC(=O)c2ccc(-c3ccccn3)cc2)CC1,-1.69019608002851,training
O=C(NCCC(F)CN1CCN(c2cccc(Cl)c2Cl)CC1)c1ccc(-c2ccccn2)cc1,-2.20139712432045,valid
COc1ccccc1N1CCN(CC(F)CCNC(=O)c2cc3ccccc3o2)CC1,-1.57863920996807,training
O=C(NCCC(F)CN1CCN(c2cccc(Cl)c2Cl)CC1)c1cc2ccccc2o1,-3.06069784035361,training
COc1ccc2oc(C(=O)NCCC(F)CN3CCN(c4ccccc4OC)CC3)cc2c1,-1.86332286012046,training
COc1ccc2oc(C(=O)NCCC(F)CN3CCN(c4cccc(Cl)c4Cl)CC3)cc2c1,-2.69983772586725,valid
COc1ccccc1N1CCN(CC(F)CCNC(=O)c2cc3ccccc3[nH]2)CC1,-2.00432137378264,training
O=C(NCCC(F)CN1CCN(c2cccc(Cl)c2Cl)CC1)c1cc2ccccc2[nH]1,-2.34830486304816,training
COc1ccccc1N1CCN(CC(F)CCNC(=O)c2ccc3c(c2)Cc2ccccc2-3)CC1,-2.47567118832443,test
O=C(NCCC(F)CN1CCN(c2cccc(Cl)c2Cl)CC1)c1ccc2c(c1)Cc1ccccc1-2,-3.77815125038364,test
COc1ccccc1N1CCN(CC(F)CCNC(=O)c2cc3ccccc3s2)CC1,-2.14301480025409,training
O=C(NCCC(F)CN1CCN(c2cccc(Cl)c2Cl)CC1)c1cc2ccccc2s1,-3.33041377334919,training
COc1ccc2[nH]c(C(=O)NCCC(F)CN3CCN(c4ccccc4OC)CC3)cc2c1,-3.06818586174616,training
O=C(N(CCN1CCN(c2ccccc2O)CC1)c1ccccn1)C12C3C4C1C1C2C3C41I,-0.008600171761918,training
COc1ccccc1N1CCN(CCN(C(=O)C23C4C5C2C2C3C4C52I)c2ccccn2)CC1,-0.218797998111738,training
COc1ccccc1N1CCN(CCN(C(=O)C23CC4CC(CC(I)(C4)C2)C3)c2ccccn2)CC1,-0.332438459915605,test
COc1ccccc1N1CCN(CCN(C(=O)C23CCC(I)(CC2)CC3)c2ccccn2)CC1,-0.045322978786658,training
COc1ccccc1N1CCN(CCN(C(=O)C23CCC(I)(CC2)C3)c2ccccn2)CC1,0.060480747381382,training
O=C(C1CCCCC1)N(CCN1CCN(c2ccccc2O)CC1)c1ccccn1,0.481486060122113,training
O=C(N(CCN1CCN(c2ccccc2O)CC1)c1ccccn1)C12CC3CC(C1)C(I)C(C3)C2,-0.225309281725863,training
O=C(N(CCN1CCN(c2ccccc2O)CC1)c1ccccn1)C12CCC(I)(CC1)CC2,-0.290034611362518,training
O=C(N(CCN1CCN(c2ccccc2O)CC1)c1ccccn1)C12CCC(I)(CC1)C2,0.327902142064283,training
O=C1CCc2ccc(CCCCCN3CCN(c4cccc(Cl)c4Cl)CC3)nc2N1,-1.05690485133647,valid
O=C1CCc2ccc(OCCCCN3CCN(c4cccc(Cl)c4Cl)CC3)nc2N1,-1.24797326636181,training
O=c1ccc2ccc(OCCCCN3CCN(c4cccc(Cl)c4Cl)CC3)nc2[nH]1,-1.14612803567824,training
O=c1ccc2cnc(OCCCCN3CCN(c4cccc(Cl)c4Cl)CC3)cc2[nH]1,-1.60959440922522,training
O=c1ccc2cnc(OCCCCN3CCN(c4cccc(Cl)c4Cl)CC3)nc2[nH]1,-1.72181061521255,training
O=C1CCc2ccc(OCCCCN3CCN(c4ccccc4Cl)CC3)nc2N1,-0.662757831681574,training
O=C1CCc2ccc(OCCCCN3CCN(c4cccc(F)c4Cl)CC3)nc2N1,-0.230448921378274,training
Cc1cccc(N2CCN(CCCCOc3ccc4c(n3)NC(=O)CC4)CC2)c1Cl,-1.13987908640124,training
Cc1ccccc1N1CCN(CCCCOc2ccc3c(n2)NC(=O)CC3)CC1,-0.591064607026499,training
Cc1cccc(N2CCN(CCCCOc3ccc4c(n3)NC(=O)CC4)CC2)c1C,-0.929418925714293,training
Cc1c(Cl)cccc1N1CCN(CCCCOc2ccc3c(n2)NC(=O)CC3)CC1,-0.924279286061882,valid
O=C1CCc2ccc(OCCCCN3CCN(c4cccc(Cl)c4F)CC3)nc2N1,-0.079181246047625,training
O=C1CCc2ccc(OCCCCN3CCN(c4cccc(C(F)(F)F)c4Cl)CC3)nc2N1,0.022276394711152,training
O=C1CCc2ccc(OCCCCN3CCN(c4cccc(Cl)c4C(F)(F)F)CC3)nc2N1,-0.544068044350276,training
O=C1CCc2ccc(OCCCCN3CCN(c4cccc5c4CCC5)CC3)nc2N1,-0.799340549453582,training
O=C1CCc2ccc(OCCCCN3CCN(c4cccc5c4CCCC5)CC3)nc2N1,-1.44715803134222,training
O=C1CCc2ccc(OCCCCN3CCN(c4cccc5c4CCCO5)CC3)nc2N1,0.10790539730952,training
O=C1CCc2ccc(OCCCCN3CCN(c4cccc5c4OCCC5)CC3)nc2N1,-0.041392685158225,valid
O=C1CCc2ccc(OCCCCN3CCN(c4cccc5ccccc45)CC3)nc2N1,-0.568201724066995,training
O=C1CCc2ccc(OCCCCN3CCN(c4c(F)ccc5ccccc45)CC3)nc2N1,0.075720713938118,training
O=C1CCc2ccc(OCCCCN3CCN(c4cc(F)cc5ccccc45)CC3)nc2N1,-0.518513939877887,training
O=C1CCc2ccc(OCCCCN3CCN(c4ccc(F)c5ccccc45)CC3)nc2N1,-0.301029995663981,training
O=C1CCc2ccc(OCCCCN3CCN(c4cccc5c(F)cccc45)CC3)nc2N1,-0.477121254719662,training
O=C1CCc2ccc(OCCCCN3CCN(c4cccc5cc(F)ccc45)CC3)nc2N1,-0.079181246047625,training
O=C1CCc2ccc(OCCCCN3CCN(c4cccc5ccc(F)cc45)CC3)nc2N1,-0.041392685158225,training
O=C1CCc2ccc(OCCCCN3CCN(c4cccc5cccc(F)c45)CC3)nc2N1,0.113509274827518,training
COc1ccccc1N1CCN(CCCCN2C(=O)C3CCCN3C2=O)CC1,-0.740362689494244,training
O=C1C2CCCN2C(=O)N1CCCCN1CCN(c2cccc3ccccc23)CC1,-0.380211241711606,training
COc1ccccc1N1CCN(CCCCN2C(=O)N3CCCC3(CCCCNS(=O)(=O)c3cccc4c(N(C)C)cccc34)C2=O)CC1,-1.04139268515823,training
COc1ccccc1N1CCN(CCCCN2C(=O)N3CCCC3(CCCCCCCNS(=O)(=O)c3cccc4c(N(C)C)cccc34)C2=O)CC1,-1.17609125905568,training
CN(C)c1cccc2c(S(=O)(=O)NCCCCCCCC34CCCN3C(=O)N(CCCCN3CCN(c5cccc6ccccc56)CC3)C4=O)cccc12,-0.698970004336019,test
COc1ccccc1N1CCN(CCCCN2C(=O)N3CCCC3(CCNCCCCCNS(=O)(=O)c3cccc4c(N(C)C)cccc34)C2=O)CC1,-0.845098040014257,training
COc1ccccc1N1CCN(CCCCN2C(=O)N3CCCC3(CCCCNCCCCCNS(=O)(=O)c3cccc4c(N(C)C)cccc34)C2=O)CC1,-0.954242509439325,training
CN(C)S(=O)(=O)c1cccc2c(N3CCN(CCCCN4C(=O)C5CCCN5C4=O)CC3)cccc12,-2.54406804435028,training
CN(C)S(=O)(=O)c1ccc2c(N3CCN(CCCCN4C(=O)C5CCCN5C4=O)CC3)cccc2c1,-1.99122607569249,training
CN(C)S(=O)(=O)c1ccc2cccc(N3CCN(CCCCN4C(=O)C5CCCN5C4=O)CC3)c2c1,-0.380211241711606,training
Fc1ccc(N2CCN(CCC(Oc3ccc(C(F)(F)F)cc3)c3ccccc3)CC2)cc1,-3.69999979755458,training
O=C(CCN1CCN(c2ccc(Cl)cc2)CC1)c1cccs1,-3.69999979755458,training
COc1ccccc1N1CCN(CCC(=O)c2csc3ccccc23)CC1,-1.63998424804159,training
COc1cc(Cl)ccc1N1CCN(CCC(O)c2csc3ccccc23)CC1,-2.56000232677337,training
COc1cc(F)ccc1N1CCN(CCC(O)c2csc3ccccc23)CC1,-2.70000239714225,training
COc1ccc(N2CCN(CCC(O)c3ccc(-c4ccccc4)cc3)CC2)cc1,-2.93000100100908,test
COc1ccccc1N1CCN(CCC(O)c2ccc(C)s2)CC1,-1.52994340165867,training
N#Cc1ccc(N2CCC(NCCC(O)c3csc4ccccc34)CC2)cc1,-2.2000018654066,training
O=C(CCN[C@H]1CCN(c2ccc([N+](=O)[O-])cc2C(F)(F)F)C1)c1csc2ccccc12,-1.70001106232211,training
N#Cc1ccc(N2CCCN(CCC(O)c3csc4ccccc34)CC2)cc1,-3.50000032134294,test
CCCC(=O)Oc1cccc2c1-c1cccc3c1[C@@H](C2)N(CCC)CC3,-1.07554696139253,test
CCCN1CCc2cccc3c2C1Cc1cccc(OC(=O)Nc2cccc4ccccc24)c1-3,-2.09342168516224,training
CCCN1CCc2cccc3c2[C@H]1Cc1cccc(N)c1-3,-2.44090908206522,training
CCCC(=O)Nc1cccc2c1-c1cccc3c1[C@@H](C2)N(CCC)CC3,-2.57978359661681,training
CCCN1CCc2cccc3c2[C@H]1Cc1cccc(NC(=O)CCCCC2CCSS2)c1-3,-2.39619934709574,training
O=C(c1ccc(F)cc1)C1CCN([C@H]2CCN(Cc3ccc(F)cc3)C[C@@H]2O)CC1,-3.40483371661994,training
COc1ccc2nc(-c3ccc(OCC(O)CNC(C)C)cc3)n(C)c(=O)c2c1,-3.74036268949424,training
Nc1nccc(-c2c[nH]c3cccc(O)c23)n1,-2.83505610172012,training
COc1cccc2[nH]cc(-c3ccnc(N)n3)c12,-3.13161866434913,training
COc1cc2c(cc1OC)CN(CCCCn1cc(-c3ccc(F)cc3)c3ccccc31)CC2,-3.17897694729317,training
CS(=O)(=O)NC[C@H]1CC[C@H](Nc2nc3c(s2)CCSc2ccccc2-3)CC1,-2.67942789661212,training
CCN/C(=N\S(=O)(=O)c1cccc(Cl)c1)N1CC2(C=N1)CCNCC2,-4.0,training
COc1ccccc1N1CCN(CCN(C(=O)C23CC4CC(CC(CF)(C4)C2)C3)c2ccccn2)CC1,-0.260071387985075,valid
COc1ccccc1N1CCN(CCN(C(=O)C23C4C5C2C2C3C4C52CF)c2ccccn2)CC1,0.431798275933005,training
COc1ccccc1N1CCN(CCN(C(=O)C23CCC(CF)(CC2)CC3)c2ccccn2)CC1,0.057991946977687,training
COc1ccccc1N1CCN(CCN(C(=O)C23CCC(CF)(CC2)C3)c2ccccn2)CC1,0.055517327849831,training
O=C(N(CCN1CCN(c2ccccc2O)CC1)c1ccccn1)C12CC3CC(CC(CF)(C3)C1)C2,-0.041392685158225,training
O=C(N(CCN1CCN(c2ccccc2O)CC1)c1ccccn1)C12C3C4C1C1C2C3C41CF,0.236572006437063,training
O=C(N(CCN1CCN(c2ccccc2O)CC1)c1ccccn1)C12CCC(CF)(CC1)CC2,0.1249387366083,training
O=C(N(CCN1CCN(c2ccccc2O)CC1)c1ccccn1)C12CCC(CF)(CC1)C2,0.130768280269024,training
OC1(c2ccc(Cl)cc2)CCN(CCCCc2ccc(F)cc2)CC1,-2.81822589361396,test
Fc1ccc(SCCCN2CCC(c3ccc(Cl)cc3)CC2)cc1,-2.6570558528571,training
Fc1ccc(OCCCN2CCC(c3ccc(Cl)cc3)CC2)cc1,-2.22788670461367,training
O[S+](CCCN1CCC(c2ccc(Cl)cc2)CC1)c1ccc(F)cc1,-2.78746047451841,valid
Fc1ccc(CCCCN2CCN(c3ccc(Cl)cc3)CC2)cc1,-2.04921802267018,training
Fc1ccc(SCCCN2CCN(c3ccc(Cl)cc3)CC2)cc1,-2.22010808804005,training
Fc1ccc(SCCCN2CCN(c3ccc(C(F)(F)F)cc3)CC2)cc1,-3.03342375548695,training
Fc1ccc(OCCCN2CCN(c3ccc(Cl)cc3)CC2)cc1,-1.90308998699194,valid
Fc1ccc(OCCCN2CCN(c3ccccc3)CC2)cc1,-1.38021124171161,valid
Clc1ccc(N2CCN(CCCOc3ccccc3)CC2)cc1,-2.18752072083646,training
c1ccc(OCCCN2CCN(c3ccccc3)CC2)cc1,-1.39794000867204,training
Fc1ccc(CCCCN2CCN(c3ncccn3)CC2)cc1,-0.934498451243567,training
Fc1ccc(SCCCN2CCN(c3ncccn3)CC2)cc1,-1.96894968098134,training
Fc1ccc(OCCCN2CCN(c3ncccn3)CC2)cc1,-1.36172783601759,test
Fc1ccc(CCCCN2CCN(c3ccccn3)CC2)cc1,-0.041392685158225,training
Fc1ccc(SCCCN2CCN(c3ccccn3)CC2)cc1,-0.792391689498254,training
Fc1ccc(OCCCN2CCN(c3ccccn3)CC2)cc1,-0.556302500767287,training
c1ccc2nc(N3CCNCC3)ccc2c1,-2.36172783601759,training
CC1CN(c2ccc3cc([N+](=O)[O-])ccc3n2)CCN1CCCCN1C(=O)CCCC1=O,-2.85186960072977,test
O=C1CCCC(=O)N1CCCCN1CCN(c2ccc3cc([N+](=O)[O-])ccc3n2)CC1,-4.02530586526477,training
CC1CN(c2ccc3cc([N+](=O)[O-])ccc3n2)CCN1CCCCN1C(=O)CC2(CCCC2)CC1=O,-2.89014146006458,training
O=C1CC2(CCCC2)CC(=O)N1CCCCN1CCN(c2ccc3cc([N+](=O)[O-])ccc3n2)CC1,-3.04139268515822,test
CC1CN(c2ccc3cc([N+](=O)[O-])ccc3n2)CCN1CCCCN1C(=O)CC(C)(C)CC1=O,-2.34439227368511,training
CC1(C)CC(=O)N(CCCCN2CCN(c3ccc4cc([N+](=O)[O-])ccc4n3)CC2)C(=O)C1,-3.32221929473392,training
O=C1c2ccccc2C(=O)N1CCCCN1CCN(c2ccc3cc([N+](=O)[O-])ccc3n2)CC1,-4.77085201164214,test
CC1(C)CC(=O)N(CCCCN2CCN(c3ccc4c(Cl)cccc4n3)CC2)C(=O)C1,-3.14612803567824,training
CC(=O)Nc1ccc2nc(N3CCN(CCCCN4C(=O)CC5(CCCC5)CC4=O)CC3)ccc2c1,-3.50514997831991,training
CC1CN(c2ccc3ccccc3n2)CCN1CCCCN1C(=O)c2ccccc2C1=O,-1.11394335230684,training
O=C1c2ccccc2C(=O)N1CCCCN1CCN(c2ccc3ccccc3n2)CC1,-1.5910646070265,training
CC1CN(c2ccc3ccccc3n2)CCN1CCCN1C(=O)c2ccccc2C1=O,-2.43933269383026,training
CC1CN(c2ccc3ccccc3n2)CCN1CCCCN1C(=O)CCCC1=O,-1.568201724067,training
CC1CN(c2ccc3ccccc3n2)CCN1CCCCN1C(=O)CC2(CCCC2)CC1=O,-1.38021124171161,training
O=C1CC2(CCCC2)CC(=O)N1CCCCN1CCN(c2ccc3ccccc3n2)CC1,-1.5910646070265,training
CC1CN(c2ccc3ccccc3n2)CCN1CCCCN1C(=O)CC(C)(C)CC1=O,-1.17609125905568,training
CC1(C)CC(=O)N(CCCCN2CCN(c3ccc4ccccc4n3)CC2)C(=O)C1,-1.04139268515823,training
O=C1c2ccc(F)cc2CC1CCN1CCCN(c2ccc(Cl)cc2)CC1,-2.61804809671209,training
Fc1ccc(SCCCN2CCCN(c3ccc(Cl)cc3)CC2)cc1,-2.22530928172586,training
Fc1ccc(OCCCN2CCCN(c3ccc(Cl)cc3)CC2)cc1,-1.86332286012046,training
Fc1ccc(CCCCN2CCCN(c3ccc(Cl)cc3)CC2)cc1,-1.95904139232109,valid
Clc1ccc(N2CCCN(CCCCc3nc4ccccc4s3)CC2)cc1,-2.41995574848976,training
Clc1ccc(N2CCCN(CCCc3nc4ccccc4s3)CC2)cc1,-2.33445375115093,training
O=C(CCCCN1CCCN(c2ccc(Cl)cc2)CC1)c1nc2ccccc2s1,-2.69460519893357,training
OC1(c2ccc(Cl)cc2)C[C@@H]2CC[C@H](C1)N2CCCCc1nc2ccccc2s1,-2.43775056282039,training
Clc1ccc2c(c1)N=C(N1CCNCC1)c1cccnc1O2,-2.57403126772772,training
Clc1ccc2c(c1)N=C(N1CCN(Cc3ccccc3)CC1)c1cccnc1O2,-2.42488163663107,valid
Clc1ccc2c(c1)N=C(N1CCN(CCc3ccccc3)CC1)c1cccnc1O2,-1.27875360095283,training
Clc1ccc2c(c1)N=C(N1CCN(C3CCCCC3)CC1)c1cccnc1O2,-2.11727129565576,training
Clc1ccc2c(c1)C(N1CCNCC1)=Nc1ccccc1O2,-2.34439227368511,training
C[C@@H]1CCCN1CCc1cc2cc(C(=O)c3ccc(F)cc3)ccc2o1,-2.63548374681491,training
O=C(NC1CCCC1)c1ccc(-c2ccc3c(c2)CCN(CCN2CCCC2)C3=O)cc1,-3.94051648493257,training
CN(C)C(=O)c1ccc(-c2ccc3c(c2)CCN(CCN2CCCC2)C3=O)cc1,-3.93801909747621,training
CCNC(=O)c1ccc(-c2ccc3c(c2)CCN(CCN2CCC[C@H]2C)C3=O)cc1,-4.00432137378264,training
C[C@@H]1CCCN1CCN1CCc2cc(-c3ccc(C(=O)N4CCCC4)cc3)ccc2C1=O,-4.08635983067475,valid
O=C(Cc1ccccc1)Nc1ccc(CCN2CCN(c3ccccc3)CC2)cc1,-2.95549532918413,training
O=C(Cc1ccccn1)Nc1ccc(CCN2CCN(c3ccccc3)CC2)cc1,-1.97909290063833,training
O=C(Cc1cccnc1)Nc1ccc(CCN2CCN(c3ccccc3)CC2)cc1,-2.20357677497797,valid
O=C(Cc1ccncc1)Nc1ccc(CCN2CCN(c3ccccc3)CC2)cc1,-2.08813608870055,training
O=C(Nc1ccccc1)Nc1ccc(CCN2CCN(c3ccccc3)CC2)cc1,-3.35487642251623,training
O=C(Nc1ccc(CCN2CCN(c3ccccc3)CC2)cc1)Nc1ccccn1,-2.09968064110925,training
O=C(Nc1ccc(CCN2CCN(c3ccccc3)CC2)cc1)Nc1cccnc1,-2.59977393914639,test
O=C(Nc1ccncc1)Nc1ccc(CCN2CCN(c3ccccc3)CC2)cc1,-2.35564305022087,training
O=C(Cc1ccccc1)Nc1cccc(CCN2CCN(c3ccccc3)CC2)c1,0.236572006437063,valid
O=C(Cc1ccccn1)Nc1cccc(CCN2CCN(c3ccccc3)CC2)c1,-0.674861140737812,training
O=C(Cc1cccnc1)Nc1cccc(CCN2CCN(c3ccccc3)CC2)c1,-0.143014800254095,training
O=C(Cc1ccncc1)Nc1cccc(CCN2CCN(c3ccccc3)CC2)c1,-0.354108439147401,training
O=C(Nc1ccccc1)Nc1cccc(CCN2CCN(c3ccccc3)CC2)c1,-0.761927838420529,training
O=C(Nc1cccc(CCN2CCN(c3ccccc3)CC2)c1)Nc1ccccn1,-0.876794976200701,training
O=C(Nc1cccnc1)Nc1cccc(CCN2CCN(c3ccccc3)CC2)c1,0.022276394711152,training
O=C(Nc1ccncc1)Nc1cccc(CCN2CCN(c3ccccc3)CC2)c1,0.301029995663981,training
c1ccc(CCN2CCN(c3ccccc3)CC2)cc1,-1.63548374681491,training
N#Cc1ccc2[nH]cc(CCCCN3CCN(c4ccc5oc(C(N)=O)cc5c4)CC3)c2c1,0.602059991327962,training
Clc1ccc(N2CCN(CCCc3nc4ccccc4s3)CC2)cc1,-2.49415459401844,training
Clc1ccc(N2CCN(CCCCc3nc4ccccc4s3)CC2)cc1,-1.9566485792052,training
OC1(c2ccc(Cl)cc2)CCN(CCCCc2nc3ccccc3s2)CC1,-2.88705437805096,training
c1cnc(N2CCN(CCCCc3nc4ccccc4s3)CC2)nc1,-0.819543935541869,training
c1ccc2c(c1)CCN(CCCCc1nc3ccccc3s1)C2,-0.707570176097936,training
c1ccc2c(c1)CN(CCCCc1nc3ccccc3s1)C2,-2.04532297878666,training
O=C(CCCN1CCN(c2ccccc2)CC1)c1nc2ccccc2s1,-2.54406804435028,training
O=C(CCCN1CCC(c2ccccc2)CC1)c1nc2ccccc2s1,-1.92941892571429,valid
O=C(CCCN1CCN(c2ncccn2)CC1)c1nc2ccccc2s1,-1.79934054945358,training
O=C(CCCCN1CCC(n2c(=O)[nH]c3cc(Cl)ccc32)CC1)c1nc2ccccc2s1,-2.40140054078154,training
O=C(CCCCN1CCC2(CC1)C(=O)NCN2c1ccccc1)c1nc2ccccc2s1,-2.01283722470517,training
O=C(CCCCN1Cc2ccccc2C1)c1nc2ccccc2s1,-2.33041377334919,training
O=C(CCCCN1CCN(c2ccc(Cl)cc2)CC1)c1nc2ccccc2s1,-1.45178643552429,training
O=C(CCCCN1CCN(c2ncccn2)CC1)c1nc2ccccc2s1,-0.556302500767287,valid
O=C(CCCCN1CCN(c2ccccc2)CC1)c1nc2ccccc2s1,-0.556302500767287,training
O=C(CCCCN1CCC(c2ccccc2)CC1)c1nc2ccccc2s1,-0.863322860120456,training
COc1cc2c(cc1OC)[C@@H]1Cc3c(CO)c(OC)cc(OC)c3CN1CC2,-2.86333475843642,training
COc1cc(OC)c2c(c1CO)C[C@H]1c3cc4c(cc3CCN1C2)OCO4,-2.77807162242918,training
Clc1cccc(Cl)c1N=C1NCCN1,-3.5100004604339,training
CC(Oc1c(Cl)cccc1Cl)C1=NCCN1,-2.09999123354468,training
O=S(=O)(NCC1CCN(CCOc2ccccc2-c2ccccc2)CC1)c1ccc(Cl)s1,-2.00432137378264,training
O=S(=O)(NCC1CCN(CCOc2cccc(F)c2)CC1)c1cccs1,-2.92479599579791,training
CC(C)c1ccccc1OCCN1CCC(CNS(=O)(=O)c2ccc(F)cc2)CC1,-2.14921911265538,training
O=S(=O)(NCC1CCN(CCOc2ccccc2-c2ccccc2)CC1)c1ccc(F)cc1,-2.46239799789896,training
O=S(=O)(NCC1CCN(CCOc2cccc(F)c2)CC1)c1ccc(F)cc1,-2.95568775031351,training
CC(C)c1ccccc1OCCN1CCC(CNS(=O)(=O)c2cccc(Cl)c2)CC1,-2.01703333929878,valid
CSc1ccccc1OCCN1CCC(CNS(=O)(=O)c2cccc(Cl)c2)CC1,-1.25527250510331,test
O=S(=O)(NCC1CCN(CCOc2cccc(F)c2)CC1)c1cccc(Cl)c1,-2.45178643552429,training
CCOc1ccccc1C(=O)NC1CCN(CCOc2cccc(F)c2)CC1,-2.65896484266444,training
O=S(=O)(NC1CCN(CCOc2ccccc2)CC1)c1cccs1,-2.3747483460101,training
CC(C)c1ccccc1OCCN1CCC(NS(=O)(=O)c2ccc(F)cc2)CC1,-2.63948648926859,training
O=S(=O)(NC1CCN(CCOc2ccccc2-c2ccccc2)CC1)c1ccc(F)c(F)c1,-2.49554433754645,training
O=C(NC1CCN(CCOc2ccccc2-c2ccccc2)C1)c1cccc(F)c1F,-1.68124123737559,test
CC(C)c1ccccc1OCCN1CCC(NC(=O)c2ccc3ccccc3n2)C1,-1.47712125471966,training
O=C(NC1CCN(CCOc2ccccc2-c2ccccc2)C1)c1ccc2ccccc2n1,-1.65321251377534,training
CC(C)c1ccccc1OCCN1CCC(NS(=O)(=O)c2cccs2)C1,-1.32221929473392,training
O=S(=O)(NC1CCN(CCOc2ccccc2-c2ccccc2)C1)c1cccs1,-1.65321251377534,training
O=S(=O)(NC1CCN(CCOc2cccc3c2CCCC3)C1)c1cccs1,-1.11394335230684,training
O=S(=O)(NC1CCN(CCOc2cccc(F)c2)C1)c1cccs1,-2.43136376415899,training
O=S(=O)(NC1CCN(CCOc2cccc(Cl)c2Cl)C1)c1ccc(Cl)s1,-1.44715803134222,training
O=S(=O)(NC1CCN(CCOc2cc(Cl)ccc2Cl)C1)c1ccc(Cl)s1,-2.8555191556678,training
O=S(=O)(NC1CCN(CCOc2ccccc2)C1)c1ccc(Cl)s1,-1.81291335664286,training
CC(C)c1ccccc1OCCN1CCC(NS(=O)(=O)c2cccc3cccnc23)C1,-1.36172783601759,training
CSc1ccccc1OCCN1CCC(NS(=O)(=O)c2ccc(F)cc2)C1,-1.0,training
O=S(=O)(NC1CCN(CCOc2ccccc2)C1)c1ccc(F)cc1,-0.954242509439325,training
O=S(=O)(NC1CCN(CCOc2cccc3c2CCCC3)C1)c1ccc(F)cc1,-1.34242268082221,training
O=S(=O)(NC1CCN(CCOc2ccccc2-c2ccccc2)C1)c1ccc(F)c(F)c1,-1.96378782734556,training
O=S(=O)(NC1CCN(CCOc2cccc(F)c2)C1)c1ccc(F)c(F)c1,-2.36172783601759,training
O=S(=O)(NC1CCN(CCOc2ccccc2-c2ccccc2)C1)c1cc(F)ccc1F,-1.90848501887865,valid
O=S(=O)(NC1CCN(CCOc2cccc3c2CCCC3)C1)c1cc(F)ccc1F,-1.0,training
CC(C)c1ccccc1OCCN1CCC(NS(=O)(=O)c2cccc(Cl)c2)C1,-1.49136169383427,training
CSc1ccccc1OCCN1CCC(NS(=O)(=O)c2cccc(Cl)c2)C1,-0.698970004336019,training
CNC(=O)c1cc(Oc2ccc(NC(=O)Nc3ccc(Cl)c(C(F)(F)F)c3)cc2)ccn1,-3.07224989761351,training
Clc1cccc(C2CCN(CCCCOc3ccc4scnc4c3)CC2)c1Cl,0.221848749616356,training
Cc1ccccc1-c1cccc(N2CCNCC2)c1,-1.2405492482826,training
COc1cccc(OC)c1-c1cccc(N2CCNCC2)c1,-2.17318626841227,training
c1ccc(-c2cccc(N3CCNCC3)c2)nc1,-1.17318626841227,training
O=[N+]([O-])c1ccc(-c2cccc(N3CCNCC3)c2)cc1,-1.49692964807321,training
COc1ccc(-c2ccccc2N2CCNCC2)cc1,-2.67760695272049,valid
Fc1ccc(-c2cccc(N3CCNCC3)c2)cc1,-1.80071707828239,training
c1ccc(-c2cccc(N3CCNCC3)c2)cc1,-1.85793526471943,training
c1ccc(-c2ccccc2N2CCNCC2)cc1,-1.99563519459755,training
O=C(C1CCCCC1)N(CCN1CC=C(c2ccccc2)CC1)c1ccccn1,0.221848749616356,valid
O=C(C1CCCCC1)N(CCN1CCN(c2ccccc2)CC1)c1ccccn1,-0.184691430817599,training
O=C(c1cnc2ccccc2n1)N(CCN1CC=C(c2ccccc2)CC1)c1ccccn1,-0.917505509552547,training
O=C(c1cccc2ccccc12)N(CCN1CC=C(c2ccccc2)CC1)c1ccccn1,-1.14643813528577,test
O=C(c1ccc2ccccc2c1)N(CCN1CC=C(c2ccccc2)CC1)c1ccccn1,-0.922206277439016,training
O=C(c1cnc2ccccc2n1)N(CCN1CCN(c2ccccc2)CC1)c1ccccn1,-1.5585885831082,training
O=C(c1cccc2ccccc12)N(CCN1CCN(c2ccccc2)CC1)c1ccccn1,-1.55448916000382,training
O=C(c1ccc2ccccc2c1)N(CCN1CCN(c2ccccc2)CC1)c1ccccn1,-1.21192108430851,training
COc1ccccc1N1CCN(CCN(C(=O)c2cnc3ccccc3n2)c2ccccn2)CC1,-0.394451680826216,training
COc1ccccc1N1CCN(CCN(C(=O)c2cccc3ccccc23)c2ccccn2)CC1,-0.276461804173244,training
COc1ccccc1N1CCN(CCN(C(=O)c2ccc3ccccc3c2)c2ccccn2)CC1,-0.20682587603185,training
CCCN1CCC(COc2nc3c(Cl)cccc3c3ccccc23)CC1,-3.9462557071994,training
CCCN1CCC(COc2nc3c(I)cccc3c3ncccc23)CC1,-3.7504312486602,training
CCCN1CCC(COc2nc3c(F)cccc3c3ncccc23)CC1,-3.69783936821836,training
Fc1cccc2c1nc(OCC1CCN(CCCc3ccc(I)cc3)CC1)c1cccnc12,-2.83250891270624,training
CCCN1CCC(n2c(=O)[nH]c3cc(Cl)ccc32)CC1,-3.75656004300668,training
CCc1cccc(CC)c1Cc1ncc[nH]1,-3.11394335230684,training
CCOC(=O)Cn1c(NCCCN2CCN(c3ccccc3)CC2)nc2c1c(=O)n(C)c(=O)n2C,-2.77199880026978,training
CCCCn1c(NCCCN2CCN(c3ccccc3)CC2)nc2c1c(=O)n(C)c(=O)n2C,-2.0,valid
Cn1c(=O)c2c(nc(NCCCN3CCN(c4ccccc4)CC3)n2C)n(C)c1=O,-2.58499798764744,training
COc1ccccc1N1CCN(CCCN2C(=O)CCCn3c2nc2c3c(=O)n(C)c(=O)n2C)CC1,-2.22499896053945,training
Cn1c(=O)c2c(nc3n2CCCC(=O)N3CCCN2CCN(c3cccc(Cl)c3)CC2)n(C)c1=O,-1.78002912733734,test
COc1ccccc1N1CCN(CCCn2c(=O)ccn3c4c(=O)n(C)c(=O)n(C)c4nc23)CC1,-1.01703333929878,valid
Cn1c(=O)c2c(nc3n(CCCN4CCN(c5cccc(Cl)c5)CC4)c(=O)ccn23)n(C)c1=O,-1.51600623038605,training
COc1ccccc1N1CCN(CCCN2C(=O)CCn3c2nc2c3c(=O)n(C)c(=O)n2C)CC1,-1.33405144034689,training
Cn1c(=O)c2c(nc3n2CCC(=O)N3CCCN2CCN(c3cccc(Cl)c3)CC2)n(C)c1=O,-1.63195082625922,test
COc1ccccc1N1CCN(CCCN2CCCCn3c2nc2c3c(=O)n(C)c(=O)n2C)CC1,-1.23603314711764,training
Cn1c(=O)c2c(nc3n2CCCCN3CCCN2CCN(c3cccc(Cl)c3)CC2)n(C)c1=O,-1.42699895875654,training
COc1ccccc1N1CCN(CCCN2CCCn3c2nc2c3c(=O)n(C)c(=O)n2C)CC1,-0.447002898466162,training
Cn1c(=O)c2c(nc3n2CCCN3CCCN2CCN(c3cccc(Cl)c3)CC2)n(C)c1=O,-1.40993312333129,training
Cn1c(=O)c2c(nc3n2CCCC(=O)N3CCCN2CCN(c3ncccn3)CC2)n(C)c1=O,-2.67599818196322,valid
Cn1c(=O)c2c(nc3n2CCC(=O)N3CCCN2CCN(c3ncccn3)CC2)n(C)c1=O,-1.62304243424638,training
Cn1c(=O)c2c(nc3n2CCCN3CCCN2CCN(c3ncccn3)CC2)n(C)c1=O,-1.55594043781851,valid
Cn1c(=O)c2c(nc3n(CCCN4CCN(c5ccccc5)CC4)c(=O)ccn23)n(C)c1=O,-1.39794000867204,training
Cn1c(=O)c2c(nc3n2CCCN3CCCCN2CCN(c3ccccc3)CC2)n(C)c1=O,-0.3220124385824,training
Cn1c(=O)c2c(nc3n2CCCCN3CCCN2CCN(c3ccccc3)CC2)n(C)c1=O,-1.49094120535679,training
Cn1c(=O)c2c(nc3n2CCCN3CCCN2CCN(c3ccccc3)CC2)n(C)c1=O,-1.20411998265592,training
O=[N+]([O-])c1ccc(CCN2CCN(c3ccccc3)CC2)cc1[N+](=O)[O-],-1.95520653754194,training
O=c1[nH]c2ccc(CCN3CCN(c4cccc(C(F)(F)F)c4)CC3)cc2[nH]c1=O,-2.0,training
c1ccc2c(N3CCN(CCc4ccc5[nH]cnc5c4)CC3)cccc2c1,-2.09999123354468,training
O=S(=O)(NCCCCN1CCN(c2cccc(Cl)c2Cl)CC1)c1cncc2ccccc12,-1.77085201164214,training
O=S(=O)(NCCCCN1CCN(c2cccc(Cl)c2Cl)CC1)c1cc2ccccc2cn1,-1.53147891704226,training
O=S(=O)(NCCCCN1CCN(c2cccc(Cl)c2Cl)CC1)c1cccc2cccnc12,-2.04921802267018,training
O=S(=O)(NCCCCN1CCN(c2cccc(Cl)c2Cl)CC1)c1ccc2cccnc2c1,-1.23044892137827,training
O=S(=O)(NCCCCN1CCN(c2cccc(Cl)c2Cl)CC1)c1ccc2ncccc2c1,-1.89762709129044,training
O=S(=O)(NCCCCN1CCN(c2cccc(Cl)c2Cl)CC1)c1cnc2ccc(Cl)cc2c1,-1.94448267215017,training
O=S(=O)(NCCCCN1CCN(c2cccc(Cl)c2Cl)CC1)c1cnc2ccccc2c1,-1.36172783601759,training
O=S(=O)(NCCCN1CCN(c2cccc(Cl)c2Cl)CC1)c1ccc2cccnc2c1,-1.14612803567824,training
O=S(=O)(NCCCN1CCN(c2cccc(Cl)c2Cl)CC1)c1ccc2ncccc2c1,-1.39794000867204,test
O=S(=O)(NCCCN1CCN(c2cccc(Cl)c2Cl)CC1)c1cnc2ccc(Cl)cc2c1,-1.36172783601759,training
COc1c(O)ccc2c1CN1CCc3cc4c(cc3[C@@H]1C2)OCCO4,-2.31806333496276,test
COc1c(O)ccc2c1CN1CCc3cc4c(cc3[C@@H]1C2)OCO4,-2.95808584852108,training
COc1cc2c(cc1OC)[C@@H]1Cc3ccc(O)c(OC)c3CN1CC2,-2.17318626841227,training
Cc1cc(=O)oc2cc(OCCCN3CCN(c4ccccc4)CC3)ccc12,0.102372908709559,training
O=C(OCCN1CCCC1)N1c2ccccc2Sc2ccccc21,-3.23044892137827,training
CCN(CC)CCCOC(=O)N1c2ccccc2Sc2ccccc21,-2.65321251377534,training
CC(C(=O)N1c2ccccc2Sc2ccccc21)c1ccccc1,-3.04139268515822,training
COc1cc(N)c(Cl)cc1C(=O)NC1CCN(CCCOc2ccc(F)cc2)CC1OC,-2.90000096515347,valid
COc1ccccc1N1CCN(CCCCn2ncc(=O)n(C)c2=O)CC1,0.823908740944319,valid
Cn1c(=O)cnn(CCCCN2CCN(c3ccccc3OCCF)CC2)c1=O,1.0,training
COc1cc2nc(C3CC3)nc(N3CCN(c4ccccc4OC)CC3)c2cc1OC,-2.60205999132796,valid
CC(Oc1ccccc1OC1CC1)C1=NCCN1,-1.16996817399689,training
CC(Oc1ccccc1Br)C1=NCCN1,-2.16999753706657,training
c1ccc(OC2CC2)c(OCC2=NCCN2)c1,-1.89998456254939,training
Brc1ccccc1OCC1=NCCN1,-2.74999897655835,training
CCCc1ccccc1OCC1=NCCN1,-1.89998456254939,training
c1ccc(C2CC2)c(OCC2=NCCN2)c1,-1.5399538416564,training
c1ccc(OCC2=NCCN2)c(CC2CC2)c1,-1.92001891602892,valid
C=CCc1ccccc1OCC1=NCCN1,-1.84997191232885,training
CCCc1ccccc1OC(C)C1=NCCN1,-1.13987908640124,training
COc1ccc(-c2ccccc2N2CCN(CCOCCC(=O)NCc3ccncc3)CC2)cc1,-2.94299959336604,valid
COc1ccc(-c2ccccc2N2CCN(CCOCCC(=O)NCc3cccnc3)CC2)cc1,-3.10516942799933,training
COc1ccc(-c2ccccc2N2CCN(CCOCCC(=O)NCc3ccccn3)CC2)cc1,-2.96284268120124,training
COc1ccc(-c2ccccc2N2CCN(CCCCCC(=O)NCc3ccncc3)CC2)cc1,-2.37839790094814,training
COc1ccc(-c2ccccc2N2CCN(CCCCCC(=O)NCc3cccnc3)CC2)cc1,-1.90308998699194,training
COc1ccc(-c2ccccc2N2CCN(CCCCCC(=O)NCc3ccccn3)CC2)cc1,-1.54406804435028,training
CN1C(=N)N/C(=C/c2c[nH]c3ccc(Br)cc23)C1=O,-3.86693681773164,training
CN1C(=N)N/C(=C/c2c[nH]c3c(Br)cccc23)C1=O,-3.86147466885717,training
C/N=C1\N(C)C(=O)/C(=C\c2c[nH]c3cccc(Br)c23)N1C,-3.84054518763684,test
C/N=C1\NC(=O)/C(=C\c2c[nH]c3cccc(Br)c23)N1C,-3.66351247041516,training
CN1C(=N)N/C(=C/c2c[nH]c3cccc(Br)c23)C1=O,-3.53718922624364,training
CN1C(=N)NC(=O)/C1=C\c1c[nH]c2ccc(Br)cc12,-3.50718097726024,training
O=C1NC(=S)N/C1=C\c1c[nH]c2ccc(Br)cc12,-3.43980621139333,training
C/N=C1\NC(=O)/C(=C\c2c[nH]c3ccc(Br)cc23)N1C,-3.41896383070362,training
C/N=C1\N(C)C(=O)/C(=C\c2c[nH]c3ccc(Br)cc23)N1C,-3.40019248859258,training
CN1C(=N)N(C)/C(=C/c2c[nH]c3c(Br)cccc23)C1=O,-3.25815819334079,training
CN1C(=N)N(C)/C(=C/c2c[nH]c3ccc(Br)cc23)C1=O,-2.72181061521255,training
CN1C(=N)N(C)/C(=C/c2c[nH]c3cccc(Br)c23)C1=O,-2.4983105537896,training
COc1ccc(CNC(=O)c2cc(-c3cc(Cl)cc(Cl)c3)cnc2-c2cccnc2)cc1OC,-3.11727129565576,training
CN1CCc2c(c3cccc4c3n2Cc2ccccc2C4)C1,-2.57202308674385,valid
COc1ccc(CNC(=O)CCCCCN2CCN(c3cccnc3-c3ccncc3)CC2)cc1,-2.72997428569956,training
COc1ccc(CNC(=O)CCCCCN2CCN(c3ncccc3-c3ccncc3)CC2)cc1,-2.78816837114117,training
O=C(CCCCCN1CCN(c2cccnc2-c2ccncc2)CC1)NCc1ccc(F)nc1,-2.98272338766855,test
O=C(CCCCCN1CCN(c2ncccc2-c2ccncc2)CC1)NCc1ccc(F)nc1,-2.30749603791321,training
COc1ccc(CNC(=O)CCOCCN2CCN(c3ccccc3-c3ccc(F)cc3)CC2)cc1,-2.4345689040342,training
COc1ccc(CNC(=O)CCOCCN2CCN(c3cccc(-c4ccccc4OC)c3)CC2)cc1,-2.26951294421792,training
COc1ccc(CNC(=O)CCOCCN2CCN(c3ccccc3-c3ccccc3C)CC2)cc1,-2.87098881376058,valid
O=C(CCOCCN1CCN(c2ccccc2-c2ccc(F)cc2)CC1)NCc1ccc(F)nc1,-2.63648789635337,training
COc1ccccc1-c1cccc(N2CCN(CCOCCC(=O)NCc3ccc(F)nc3)CC2)c1,-2.58771096501891,test
Cc1ccccc1-c1ccccc1N1CCN(CCOCCC(=O)NCc2ccc(F)nc2)CC1,-2.94200805302231,valid
COc1ccc(-c2ccccc2N2CCN(CCOCCC(=O)NCc3ccc(F)nc3)CC2)cc1,-2.75434833571102,training
COc1ccc(-c2ccccc2N2CCN(CCCCCC(=O)NCc3ccc(F)nc3)CC2)cc1,-2.18184358794477,test
COc1ccccc1N1CCN(Cc2ccn(-c3ccccc3C)c2)CC1,-1.61278385671974,training
CN1CCC2C(C1)c1cccc3c1N2c1ccccc1CS3,-1.5999921775841,training
O=C1CC(CN2CCC(c3noc4cc(F)ccc34)CC2)Cc2[nH]ncc21,-3.17999964177916,training
Cc1nc2c(o1)CC(CN1CCC(c3c[nH]c4cc(F)ccc34)CC1)CC2=O,-2.69000104688306,training
O=C1CC(CN2CCC(c3c[nH]c4cc(F)ccc34)CC2)Cc2nc(N3CCCC3)sc21,-2.01000297412706,training
CN1C(=O)N(CC(O)CN2CCN(c3ccccc3)CC2)C(c2ccccc2)(c2ccccc2)C1=O,-2.51054501020661,training
COc1ccccc1N1CCN(CCCN2C(=O)N(C)C(=O)C2(c2ccccc2)c2ccccc2)CC1,-0.812913356642856,training
COc1ccccc1N1CCN(CCCCN2C(=O)N(C)C(=O)C2(c2ccccc2)c2ccccc2)CC1,0.096910013008056,training
CCOc1ccccc1N1CCN(CCCN2C(=O)N(C)C(=O)C2(c2ccccc2)c2ccccc2)CC1,-0.740362689494244,training
CSc1ccccc1N1CCN(CCCCC(=O)N2CCC[C@H]2C(N)=O)CC1,-1.67209785793572,training
CSc1ccccc1N1CCN(CCCCCC(=O)N2CCC[C@H]2C(N)=O)CC1,-1.14612803567824,training
CSc1ccccc1N1CCN(CCCCCCC(=O)N2CCC[C@H]2C(N)=O)CC1,-1.36172783601759,training
CSc1ccccc1N1CCN(Cc2ccc(C(=O)N3CCC[C@H]3C(N)=O)cc2)CC1,-2.49554433754645,training
COc1ccccc1N1CCN(CCCCC(=O)N2CCC[C@H]2C(N)=O)CC1,-2.33041377334919,training
COc1ccccc1N1CCN(CCCCCC(=O)N2CCC[C@H]2C(N)=O)CC1,-1.64345267648619,training
COc1ccccc1N1CCN(Cc2ccc(C(=O)N3CCC[C@H]3C(N)=O)cc2)CC1,-3.79982283099332,training
NC(=O)[C@@H]1CCCN1C(=O)CCCCN1CCN(c2ccccc2O)CC1,-1.7160033436348,training
NC(=O)[C@@H]1CCCN1C(=O)CCCCCN1CCN(c2ccccc2Cl)CC1,-2.3654879848909,training
NC(=O)[C@@H]1CCCN1C(=O)CCCCCN1CCN(c2ccccc2F)CC1,-2.14921911265538,training
NC(=O)[C@@H]1CCCN1C(=O)CCCCCN1CCN(c2cccc(Cl)c2)CC1,-1.57978359661681,training
NC(=O)[C@@H]1CCCN1C(=O)CCCCCN1CCN(c2ccc(F)cc2)CC1,-2.75815462196739,training
NC(=O)[C@@H]1CCCN1C(=O)CCCCN1CCN(c2cccc(Cl)c2Cl)CC1,-1.91907809237607,training
NC(=O)[C@@H]1CCCN1C(=O)CCCCCN1CCN(c2cccc(Cl)c2Cl)CC1,-0.602059991327962,test
NC(=O)[C@@H]1CCCN1C(=O)CCCCN1CCN(c2noc3ccccc23)CC1,-3.463594402187,training
NC(=O)[C@@H]1CCCN1C(=O)CCCCCN1CCN(c2noc3ccccc23)CC1,-2.33041377334919,training
NC(=O)[C@@H]1CCCN1C(=O)CCCCCCN1CCN(c2noc3ccccc23)CC1,-2.08635983067475,training
CSc1ccccc1N1CCN(CCCCC(=O)N2Cc3ccccc3C[C@H]2C(N)=O)CC1,-1.25527250510331,training
CSc1ccccc1N1CCN(CCCCCCC(=O)N2Cc3ccccc3C[C@H]2C(N)=O)CC1,-0.301029995663981,training
CSc1ccccc1N1CCN(Cc2ccc(C(=O)N3Cc4ccccc4C[C@H]3C(N)=O)cc2)CC1,-2.08635983067475,training
COc1ccccc1N1CCN(CCCCC(=O)N2Cc3ccccc3C[C@H]2C(N)=O)CC1,-2.02938377768521,training
COc1ccccc1N1CCN(CCCCCC(=O)N2Cc3ccccc3C[C@H]2C(N)=O)CC1,-1.07918124604762,training
COc1ccccc1N1CCN(Cc2ccc(C(=O)N3Cc4ccccc4C[C@H]3C(N)=O)cc2)CC1,-1.88649072517248,valid
NC(=O)[C@@H]1Cc2ccccc2CN1C(=O)CCCCCN1CCN(c2ccccc2O)CC1,-1.85733249643127,training
NC(=O)[C@@H]1Cc2ccccc2CN1C(=O)CCCCCN1CCN(c2ccccc2Cl)CC1,-2.37291200297011,training
NC(=O)[C@@H]1Cc2ccccc2CN1C(=O)CCCCCN1CCN(c2cccc(Cl)c2)CC1,-2.69810054562339,training
NC(=O)[C@@H]1Cc2ccccc2CN1C(=O)CCCCN1CCN(c2ccc(Cl)cc2)CC1,-2.32428245529769,training
NC(=O)[C@@H]1Cc2ccccc2CN1C(=O)CCCCN1CCN(c2ccc(F)cc2)CC1,-3.28194193344082,training
NC(=O)[C@@H]1Cc2ccccc2CN1C(=O)CCCCCN1CCN(c2ccc(F)cc2)CC1,-2.80821097292422,training
NC(=O)[C@@H]1Cc2ccccc2CN1C(=O)CCCCCN1CCN(c2cccc(Cl)c2Cl)CC1,-1.20411998265592,training
NC(=O)[C@@H]1Cc2ccccc2CN1C(=O)c1ccc(CN2CCN(c3cccc(Cl)c3Cl)CC2)cc1,-2.32633586092875,training
NC(=O)[C@@H]1Cc2ccccc2CN1C(=O)CCCCN1CCN(c2noc3ccccc23)CC1,-2.57634135020579,training
NC(=O)[C@@H]1Cc2ccccc2CN1C(=O)CCCCCN1CCN(c2noc3ccccc23)CC1,-2.36172783601759,test
NC(=O)[C@@H]1Cc2ccccc2CN1C(=O)CCCCCCN1CCN(c2noc3ccccc23)CC1,-1.94939000664491,valid
CSc1ccccc1N1CCN(CCCCCC(=O)NC2CCCc3ccccc32)CC1,-1.72181061521255,training
CN1CCN2c3c(cccc31)[C@@H]1CN(CCCc3noc4cc(F)ccc34)CC[C@@H]12,-2.56110138364906,training
O=C(CCCN1CC[C@H]2[C@@H](C1)c1cccc3c1N2CCC3)c1ccc(F)cc1,-2.31386722036915,valid
O=C(CCCN1CC[C@H]2[C@@H](C1)c1cccc3c1N2CCO3)c1ccc(F)cc1,-3.12385164096709,training
O=C(NCCN1CCN(c2ccccc2)CC1)c1cnc2ccccc2n1,-1.47712125471966,training
O=C(NCCN1CC=C(c2ccccc2)CC1)c1cnc2ccccc2n1,-0.575187844927661,training
O=C(NCCN1CCN(c2ccc(F)cc2)CC1)c1cnc2ccccc2n1,-1.80140371001736,training
O=C(NCCN1CC=C(c2ccc(F)cc2)CC1)c1cnc2ccccc2n1,-1.14612803567824,training
O=C(NCCN1CCN(c2ccc(Cl)cc2)CC1)c1cnc2ccccc2n1,-1.43136376415899,training
O=C(NCCN1CC=C(c2ccc(Cl)cc2)CC1)c1cnc2ccccc2n1,-0.968482948553935,valid
Cc1ccc(N2CCN(CCNC(=O)c3cnc4ccccc4n3)CC2)cc1,-1.43616264704076,valid
Cc1ccc(C2=CCN(CCNC(=O)c3cnc4ccccc4n3)CC2)cc1,-0.877946951629188,training
O=C(NCCN1CCN(c2cc(F)cc(F)c2)CC1)c1cnc2ccccc2n1,-1.04532297878666,training
O=C(NCCN1CC=C(c2cc(F)cc(F)c2)CC1)c1cnc2ccccc2n1,-0.418301291319746,training
Cc1cc(C)cc(N2CCN(CCNC(=O)c3cnc4ccccc4n3)CC2)c1,-0.564666064252089,training
Cc1cc(C)cc(C2=CCN(CCNC(=O)c3cnc4ccccc4n3)CC2)c1,-0.041392685158225,training
O=C(NCCN1CCN(c2ccccc2)CC1)c1ccc2ccccc2c1,-1.39269695325967,training
O=C(NCCN1CC=C(c2ccccc2)CC1)c1ccc2ccccc2c1,-0.785329835010767,training
O=C(NCCN1CCN(c2ccc(F)cc2)CC1)c1ccc2ccccc2c1,-1.73479982958885,training
O=C(NCCN1CC=C(c2ccc(F)cc2)CC1)c1ccc2ccccc2c1,-1.52504480703685,test
O=C(NCCN1CCN(c2ccc(Cl)cc2)CC1)c1ccc2ccccc2c1,-1.70500795933334,training
O=C(NCCN1CC=C(c2ccc(Cl)cc2)CC1)c1ccc2ccccc2c1,-1.62838893005031,training
Cc1ccc(N2CCN(CCNC(=O)c3ccc4ccccc4c3)CC2)cc1,-2.3451776165427,training
Cc1ccc(C2=CCN(CCNC(=O)c3ccc4ccccc4c3)CC2)cc1,-1.4996870826184,training
O=C(NCCN1CCN(c2cc(F)cc(F)c2)CC1)c1ccc2ccccc2c1,-1.46164856806346,training
O=C(NCCN1CC=C(c2cc(F)cc(F)c2)CC1)c1ccc2ccccc2c1,-0.862727528317975,training
Cc1cc(C)cc(N2CCN(CCNC(=O)c3ccc4ccccc4c3)CC2)c1,-1.32221929473392,training
Cc1cc(C)cc(C2=CCN(CCNC(=O)c3ccc4ccccc4c3)CC2)c1,-0.906335041805091,training
O=C1c2ccccc2C(=O)N1CCN1CC=C(c2ccccc2)CC1,-2.8488047010518,training
O=C1c2ccccc2C(=O)N1CCN1CC=C(c2ccc(Cl)cc2)CC1,-2.80002935924413,training
O=C1c2ccccc2C(=O)N1CCN1CC=C(c2cc(F)cc(F)c2)CC1,-2.62838893005031,training
Cc1cc(C)cc(N2CCN(CCN3C(=O)c4ccccc4C3=O)CC2)c1,-2.6954816764902,training
Cc1cc(C)cc(C2=CCN(CCN3C(=O)c4ccccc4C3=O)CC2)c1,-2.02118929906994,valid
c1cnc(N2CCN(CCCc3nc4ccccc4s3)CC2)nc1,-1.60605874941031,training
O=S(=O)(NCCCCN1CCC(c2noc3cc(F)ccc23)CC1)c1cc2ccccc2s1,-2.04139268515822,training
COc1ccccc1N1CCN(CCCCNC(=O)c2ccc(N(C)C)cc2)CC1,-0.8750612633917,training
COc1ccccc1N1CCN(CCCCNC(=O)c2ccc(CCF)cc2)CC1,-0.380211241711606,training
COc1ccccc1N1CCN(CCCCc2cn(-c3cccc4cnccc34)nn2)CC1,-0.778151250383644,training
COc1ccccc1N1CCN(CCCCCc2cn(-c3cccc4cnccc34)nn2)CC1,-0.763427993562937,valid
COc1ccccc1N1CCN(CCCc2cn(-c3ccc(-c4ccsc4)cc3)nn2)CC1,-0.869231719730976,training
COc1ccccc1N1CCN(CCCCc2cn(-c3ccc(-c4ccsc4)cc3)nn2)CC1,-0.113943352306837,valid
COc1ccccc1N1CCN(CCCCCc2cn(-c3ccc(-c4ccsc4)cc3)nn2)CC1,-2.1846914308176,training
COc1ccccc1N1CCN(CCCCc2cn(-c3ccc(N(C)C)cc3)nn2)CC1,-0.973127853599699,training
COc1ccccc1N1CCN(CCCCc2cn(-c3ccc(SC)cc3)nn2)CC1,-0.724275869600789,training
COc1ccccc1N1CCN(CCCCCc2cn(-c3ccc(SC)cc3)nn2)CC1,-0.591064607026499,training
O=C1Cc2ccccc2N1CCCCCN1CC[C@H]2CCCC[C@@H]2C1,-2.69108149212297,training
O=C1Cc2ccccc2N1CCCCN1CC[C@H]2CCCC[C@@H]2C1,-2.67209785793572,training
O=C1Cc2ccccc2N1CCCCCCN1CCc2ccccc2C1,-2.76042248342321,training
O=C1Cc2ccccc2N1CCCCCN1CCc2ccccc2C1,-2.71850168886727,training
OC1(c2ccc(Cl)cc2)CC2CCC(C1)N2CCCSc1ccc(F)cc1,-1.30102999566398,training
OC1(c2ccc(Cl)cc2)CC2CCC(C1)N2CCCSc1cccc(F)c1,-1.11394335230684,training
OC1(c2ccc(Cl)cc2)CC2CCC(C1)N2CCCSc1ccccc1F,-0.913813852383717,training
COc1ccccc1N1CCN(CC2COC3(CCCCC3)O2)CC1,-0.710032699065753,training
COc1ccccc1N1CCN(CC2COC3(CCSCC3)O2)CC1,-0.970021265828366,training
COc1ccccc1N1CCN(CC2COC3(CCOCC3)O2)CC1,-1.6699673699085,training
COc1ccccc1N1CCN(CC2COC3(CCN(Cc4ccccc4)CC3)O2)CC1,-1.15986784709257,valid
COc1ccccc1N1CCN(CC2COC3(CC[S+](O)CC3)O2)CC1,-2.07000090380234,training
COc1ccccc1N1CCN(CC2COC3(CCS(=O)(=O)CC3)O2)CC1,-1.90998369493984,training
COc1ccccc1N1CCN(CC2COC3(CCNCC3)O2)CC1,-2.2000018654066,training
COc1ccccc1N1CCN(CC2COC3(CCN(c4ccccc4)CC3)O2)CC1,-1.20002926655377,training
COc1ccccc1N1CCN(CC2COC3(CCN(c4ccccn4)CC3)O2)CC1,-0.950023906523326,training
COc1ccccc1N1CCN(CC2COC3(CCN(C(=O)c4ccccc4)CC3)O2)CC1,-1.76996780132944,test
COc1ccccc1N1CCN(CC2COC3(CCN(C(=O)c4ccc(C(F)(F)F)cc4)CC3)O2)CC1,-1.70001106232211,training
COc1ccccc1N1CCN(CC2COC3(CCN(C(=O)c4ccco4)CC3)O2)CC1,-1.63002085111341,training
COc1ccccc1N1CCN(CC2COC3(CCN(C(=O)C4CCCCC4)CC3)O2)CC1,-1.31005573775089,valid
COc1ccccc1N1CCN(CC2COC3(CCN(C(=O)C4CCCN4)CC3)O2)CC1,-1.56002624891289,training
COc1ccccc1N1CCN(CC2COC3(CCN(C(C)=O)CC3)O2)CC1,-1.81003078640584,training
COc1ccccc1N1CCN(CC2COC3(CCN(C(=O)C(F)(F)F)CC3)O2)CC1,-2.5099950920134,training
COc1ccccc1N1CCN(CC2COC3(CCN(S(=O)(=O)c4ccccc4)CC3)O2)CC1,-1.7199938263676,training
COc1ccccc1N1CCN(CC2COC3(CCN(S(=O)(=O)c4ccc(C)cc4)CC3)O2)CC1,-1.43007505555194,valid
COc1ccccc1N1CCN(CC2COC3(CCN(S(=O)(=O)c4ccc(Cl)cc4)CC3)O2)CC1,-1.56995881809659,training
COc1ccccc1N1CCN(CC2COC3(CCN(S(=O)(=O)c4ccc(OC(F)(F)F)cc4)CC3)O2)CC1,-1.83998055767834,training
COc1ccccc1N1CCN(CC2COC3(CCN(S(=O)(=O)c4ccc([N+](=O)[O-])cc4)CC3)O2)CC1,-1.39005149645899,training
COc1ccccc1N1CCN(CC2COC3(CCN(S(=O)(=O)c4cccc([N+](=O)[O-])c4)CC3)O2)CC1,-1.63998424804159,training
COc1ccccc1N1CCN(CC2COC3(CCN(S(=O)(=O)c4cccs4)CC3)O2)CC1,-1.78002912733734,training
COc1ccccc1N1CCN(CC2COC3(CCN(S(C)(=O)=O)CC3)O2)CC1,-2.15998805038199,training
COc1ccccc1N1CCN(CC2COC3(CCN(C(=O)Nc4ccccc4)CC3)O2)CC1,-1.51995918075207,training
CCCCNC(=O)N1CCC2(CC1)OCC(CN1CCN(c3ccccc3OC)CC1)O2,-1.89998456254939,training
COc1ccccc1N1CCN(CC2COC3(CCN(C(=O)NC(C)(C)C)CC3)O2)CC1,-1.94001815500766,training
CCc1cc2c(s1)C[C@H]1c3cc(O)c(OC)cc3CCN1C2,-2.99899997221832,training
CCCCc1cc2c(s1)C[C@H]1c3cc(O)c(OC)cc3CCN1C2,-2.93641319971148,training
COc1cc2c(cc1O)[C@@H]1Cc3sc(CC4CCC4)cc3CN1CC2,-2.89086235514888,training
COc1cc2c(cc1O)[C@@H]1Cc3sc(CC4CC4)cc3CN1CC2,-2.24383146198192,training
COc1cc2c(cc1O)[C@@H]1Cc3sc(CCCl)cc3CN1CC2,-2.74280365846917,training
COc1cc2c(cc1O)[C@@H]1Cc3sc(CCCCl)cc3CN1CC2,-2.07445071895459,training
COc1cc2c(cc1O)[C@@H]1Cc3sc(CC(C)Cl)cc3CN1CC2,-2.45534743639419,training
COc1cc2c(cc1O)[C@@H]1Cc3sc(CCCCCl)cc3CN1CC2,-2.81600253816804,valid
O=C(NCCCCN1CCN(c2ccccc2)CC1)c1cc2ccccc2o1,-1.47712125471966,training
Cc1cccc(N2CCN(CCCCNC(=O)c3cc4ccccc4o3)CC2)c1C,-0.602059991327962,training
COc1cccc(N2CCN(CCCCNC(=O)c3cc4ccccc4o3)CC2)c1,-1.23044892137827,training
Cc1cccc(N2CCN(CCCCNC(=O)c3cc4ccccc4o3)CC2)n1,-0.301029995663981,training
O=C(NCCCCN1CCN(c2ccccc2F)CC1)c1cc2ccccc2o1,-1.17609125905568,training
O=C(NCCCCN1CCN(c2cccc(C(F)(F)F)c2)CC1)c1cc2ccccc2[nH]1,-0.278753600952829,valid
COc1cccc(N2CCN(CCCCNC(=O)c3c[nH]c4ccccc34)CC2)c1,-1.77085201164214,training
COc1cccc(N2CCN(CCCCNC(=O)c3cc4ccccc4n3C)CC2)c1,-1.0,training
Cc1cccc(N2CCN(CCCCNC(=O)c3cc4ccccc4o3)CC2)c1,-1.07554696139253,training
O=C(NCCCCN1CCN(c2ccccc2)CC1)c1cc2ccccc2cn1,-1.41497334797082,training
Cc1cccc(N2CCN(CCCCNC(=O)c3cc4ccccc4cn3)CC2)c1,-0.903089986991943,training
COc1cccc(N2CCN(CCCCNC(=O)c3cc4ccccc4cn3)CC2)c1,-0.897627091290441,valid
O=C(NCCCCN1CCN(c2ccccn2)CC1)c1cc2ccccc2cn1,-1.20411998265592,training
c1ccc2c(NCCNc3ccnc4ccccc34)ccnc2c1,-3.36001276725933,training
Cc1ccc2nccc(NCCNc3ccnc4ccc(C)cc34)c2c1,-2.7901443650429,training
Cc1ccc2c(NCCNc3ccnc4cc(C)ccc34)ccnc2c1,-3.53997701510192,training
COc1ccc2c(NCCNc3ccnc4cc(OC)ccc34)ccnc2c1,-2.94993862772105,training
Cc1cccc2c(NCCNc3ccnc4c(C)cccc34)ccnc12,-3.07001938559829,training
COc1cccc2c(NCCNc3ccnc4c(OC)cccc34)ccnc12,-3.48997956116955,training
c1ccc2c(NCCCCCCCNc3ccnc4ccccc34)ccnc2c1,-2.92006068314588,training
Cc1ccc2nccc(NCCCCCCCNc3ccnc4ccc(C)cc34)c2c1,-3.03990564471879,training
COc1ccc2nccc(NCCCCCCCNc3ccnc4ccc(OC)cc34)c2c1,-3.13993887645315,training
Cc1ccc2c(NCCCCCCCNc3ccnc4cc(C)ccc34)ccnc2c1,-3.10001365662243,training
COc1ccc2c(NCCCCCCCNc3ccnc4cc(OC)ccc34)ccnc2c1,-3.44997026952916,training
COc1cccc2c(NCCCCCCCNc3ccnc4c(OC)cccc34)ccnc12,-2.78015883416394,training
Cc1cccc(N2CCN(CCCCNC(=O)c3cc4ccccc4cn3)CC2)n1,-0.301029995663981,training
O=C(NCCCCN1CCN(c2ncccn2)CC1)c1cc2ccccc2cn1,-1.82607480270083,training
O=C(NCCCCN1CCN(c2cccc(F)c2)CC1)c1cc2ccccc2cn1,-1.04139268515823,test
O=C(NCCCCN1CCN(c2ccc(F)cc2)CC1)c1cc2ccccc2cn1,-1.86332286012046,training
O=C(NCCCCN1CCN(c2ccccc2)CC1)c1ccc2ccccc2n1,-1.9731278535997,training
Cc1cccc(N2CCN(CCCCNC(=O)c3ccc4ccccc4n3)CC2)c1,-1.25527250510331,training
COc1cccc(N2CCN(CCCCNC(=O)c3ccc4ccccc4n3)CC2)c1,-1.41497334797082,training
O=C(NCCCCN1CCN(c2ccccn2)CC1)c1ccc2ccccc2n1,-1.38021124171161,training
O=C(NCCCCN1CCN(c2ccccc2)CC1)c1ccc2ncccc2c1,-1.99563519459755,training
Cc1cccc(N2CCN(CCCCNC(=O)c3ccccc3)CC2)n1,-0.477121254719662,training
COc1cccc(N2CCN(CCCCNC(=O)c3ccccc3)CC2)n1,-0.778151250383644,training
O=C(NCCCCN1CCN(c2cccc3ccccc23)CC1)c1ccccc1,0.154901959985743,training
O=C(NCCCCN1CCN(c2ccccc2)CC1)c1ccccn1,-1.7160033436348,training
COc1cccc(N2CCN(CCCCNC(=O)c3ccccn3)CC2)c1,-1.55630250076729,training
Cc1cccc(N2CCN(CCCCNC(=O)c3ccccn3)CC2)n1,-0.477121254719662,training
COc1cccc(N2CCN(CCCCNC(=O)c3ccccn3)CC2)n1,-0.903089986991943,training
COc1cccc(N2CCN(CCCCNC(=O)c3cccc(C)n3)CC2)c1,-1.64345267648619,training
O=C(NCCCCN1CCN(c2ccccc2)CC1)c1cccnc1,-1.92941892571429,training
COc1ccccc1N1CCN(CCCCC(=O)NCc2ccccc2-c2ccccc2Cl)CC1,-1.30102999566398,training
COc1ccccc1N1CCN(CCCCCC(=O)NCc2ccccc2-c2ccccc2Cl)CC1,-1.04139268515823,training
COc1ccc2cccc(N3CCN(CCCn4ncc(=O)n(C)c4=O)CC3)c2c1,-2.24303804868629,training
COc1ccc2cccc(N3CCN(CCCCCn4ncc(=O)n(C)c4=O)CC3)c2c1,-2.38021124171161,training
CCOc1ccc2cccc(N3CCN(CCCCn4ncc(=O)n(C)c4=O)CC3)c2c1,-0.322219294733919,training
Cn1c(=O)cnn(CCCCN2CCN(c3cccc4ccc(O)cc34)CC2)c1=O,0.356547323513813,valid
COc1ccccc1N1CCN(CCCCCn2ncc(=O)n(C)c2=O)CC1,-2.17609125905568,training
Cn1c(=O)cnn(CCCN2CCN(c3ccccc3F)CC2)c1=O,-2.39794000867204,training
Cn1c(=O)cnn(CCCN2CCN(c3ccccc3)CC2)c1=O,-2.54406804435028,test
COc1ccccc1N1CCN(CCCn2ncc(=O)n(C)c2=O)CC1,-2.25527250510331,valid
COc1ccccc1N1CCN(CCn2ncc(=O)n(C)c2=O)CC1,-2.38021124171161,training
Cn1c(=O)cnn(CCCCN2CCN(c3cccc(Br)n3)CC2)c1=O,-0.431363764158987,training
Cn1c(=O)cnn(CCCCN2CCN(c3cccc(F)n3)CC2)c1=O,0.698970004336019,training
Cn1c(=O)cnn(CCCCN2CCN(c3ccccc3S)CC2)c1=O,-0.903089986991943,training
Cn1c(=O)cnn(CCCCN2CCN(c3ncccn3)CC2)c1=O,-2.24303804868629,training
Cn1c(=O)cnn(CCCCN2CCN(c3ncccc3F)CC2)c1=O,-0.079181246047625,training
Cn1c(=O)cnn(CCCCN2CCN(c3ccc(F)cn3)CC2)c1=O,-1.83250891270624,training
Cn1c(=O)cnn(CCCCN2CCN(c3ccccn3)CC2)c1=O,-0.041392685158225,training
Cn1c(=O)cnn(CCCCN2CCN(c3ccccc3F)CC2)c1=O,-0.276461804173244,valid
Cn1c(=O)cnn(CCCCN2CCN(c3cccc(O)c3)CC2)c1=O,-0.447158031342219,training
Cn1c(=O)cnn(CCCCN2CCN(c3ccccc3O)CC2)c1=O,-0.230448921378274,training
Cn1c(=O)cnn(CCCCN2CCN(c3c(Br)cccc3C#N)CC2)c1=O,-1.44715803134222,training
COc1ccc(N2CCN(CCCCn3ncc(=O)n(C)c3=O)CC2)c(C#N)c1,-2.33243845991561,test
Cn1c(=O)cnn(CCCCN2CCN(c3c(F)cccc3C#N)CC2)c1=O,-0.681241237375587,test
Cn1c(=O)cnn(CCCCN2CCN(c3ccccc3C#N)CC2)c1=O,0.078313524516398,training
Cn1c(=O)cnn(CCCCN2CCN(c3ccc(I)cc3)CC2)c1=O,-1.76752689940838,training
Cn1c(=O)cnn(CCCCN2CCN(c3ccccc3)CC2)c1=O,-0.122215878272827,training
CSc1ccccc1N1CCN(CCCCn2ncc(=O)n(C)c2=O)CC1,0.337242168318426,training
CNc1ccccc1N1CCN(CCCCn2ncc(=O)n(C)c2=O)CC1,-2.34242268082221,valid
CN(C)c1ccccc1N1CCN(CCCCn2ncc(=O)n(C)c2=O)CC1,-2.25527250510331,training
Cn1c(=O)cnn(CCCCN2CCN(c3ccccc3OCCCF)CC2)c1=O,0.096910013008056,training
CCOc1ccccc1N1CCN(CCCCn2ncc(=O)n(C)c2=O)CC1,0.180456064458131,training
COc1ccc(N2CCN(CCCCn3ncc(=O)n(C)c3=O)CC2)c(OC)c1,-2.27875360095283,test
COc1ccc(N2CCN(CCCCn3ncc(=O)n(C)c3=O)CC2)cc1,-2.6170003411209,training
O=c1[nH]c2ccccc2n1CCCCCN1CCN(c2ccc(Cl)cc2)CC1,-2.6570558528571,training
O=c1oc2ccccc2n1CCCCN1CCN(c2ccccc2)CC1,-1.95583201023242,training
O=c1sc2ccccc2n1CCCCN1CCN(c2ccccc2)CC1,-2.9604707775343,training
COc1ccccc1N1CCN(CCCCn2c(=O)oc3ccccc32)CC1,-1.28375338333253,training
COc1ccccc1N1CCN(CCCCn2c(=O)sc3ccccc32)CC1,-1.39058187855044,training
Cc1ccccc1N1CCN(CCCCn2c(=O)sc3ccccc32)CC1,-1.01535975540921,training
O=c1sc2ccccc2n1CCCCN1CCN(Cc2ccccc2)CC1,-2.84205353640718,test
O=c1sc2ccccc2n1CCCCN1CCN(c2ccc(Cl)cc2)CC1,-1.92080138182565,valid
O=c1sc2ccccc2n1CCCCN1CCN(c2cccc(Cl)c2)CC1,-0.787460474518415,training
O=c1sc2ccccc2n1CCCCN1CCc2ccccc2C1,-1.8745977687032,training
O=c1oc2ccccc2n1CCCCCN1CCN(c2ccccc2)CC1,-1.28375338333253,training
O=c1sc2ccccc2n1CCCCCN1CCN(c2ccccc2)CC1,-1.98073037653595,valid
COc1ccccc1N1CCN(CCCCCn2c(=O)oc3ccccc32)CC1,-1.07408468902824,training
COc1ccccc1N1CCN(CCCCCn2c(=O)sc3ccccc32)CC1,-0.853089529851865,valid
O=c1oc2ccccc2n1CCCCCCN1CCN(c2ccccc2)CC1,-0.597695185925512,training
O=c1sc2ccccc2n1CCCCCCN1CCN(c2ccccc2)CC1,0.040958607678906,training
COc1ccccc1N1CCN(CCCCCCn2c(=O)oc3ccccc32)CC1,-0.113943352306837,training
COc1ccccc1N1CCN(CCCCCCn2c(=O)sc3ccccc32)CC1,0.366531544420413,test
O=c1oc2ccccc2n1CCCCCCCN1CCN(c2ccccc2)CC1,-1.47392469341616,training
O=c1sc2ccccc2n1CCCCCCCN1CCN(c2ccccc2)CC1,0.568636235841013,training
COc1ccccc1N1CCN(CCCCCCCn2c(=O)oc3ccccc32)CC1,0.721246399047171,training
COc1ccccc1N1CCN(CCCCCCCn2c(=O)sc3ccccc32)CC1,0.677780705266081,training
O=C1Nc2cc(F)ccc2C1CCCCN1CCN(c2cccc(Cl)c2)CC1,-0.826074802700826,training
COc1ccccc1N1CCN(CCCn2c(=O)[nH]c3ccccc32)CC1,-1.60205999132796,training
COc1ccccc1N1CCN(CCCCC(=O)NC2CCCc3ccccc32)CC1,-0.781755374652469,test
NC(=O)c1ccccc1NC(=O)CCCCN1CCN(c2cccc(Cl)c2)CC1,-1.59769518592551,training
Cc1sc2nc(CCCCN3CCN(c4ccccc4)CC3)[nH]c(=O)c2c1C,-1.57287160220048,training
Cc1sc2nc(CCCCCN3CCN(c4ccccc4)CC3)[nH]c(=O)c2c1C,-1.18184358794477,training
Cc1cc2c(=O)[nH]c(CCCCCN3CCN(Cc4ccccc4)CC3)nc2s1,-2.55990662503611,training
Cc1sc2nc(CCCCCN3CCC(Cc4ccccc4)CC3)[nH]c(=O)c2c1C,-2.17026171539496,training
Cc1sc2nc(CCCCCN3CCN(c4cccc(Cl)c4)CC3)[nH]c(=O)c2c1C,-2.05690485133647,training
Cc1sc2nc(CCCCCN3CCN(c4ccc(Cl)cc4)CC3)[nH]c(=O)c2c1C,-1.73158876518674,test
O=c1[nH]c(CCCCN2CCN(c3ccccc3)CC2)nc2ccccc12,-1.56348108539441,training
O=c1[nH]c(CCCCN2CCN(c3cccc(Cl)c3)CC2)nc2ccccc12,-0.471291711058939,training
O=c1[nH]c(CCCCN2CCN(c3ccc(Cl)cc3)CC2)nc2ccccc12,-1.8767949762007,test
O=c1[nH]c(CCCCCN2CCN(c3ccccc3)CC2)nc2ccccc12,-1.63848925695464,training
O=c1[nH]c(CCCCCN2CCN(c3cccc(Cl)c3)CC2)nc2ccccc12,-0.865103974641128,training
O=c1[nH]c(CCCCCN2CCN(c3ccc(Cl)cc3)CC2)nc2ccccc12,-2.06445798922692,training
O=c1c2ccccc2ncn1CCCCCN1CCN(c2ccccc2)CC1,-1.46089784275655,training
O=c1c2ccccc2ncn1CCCCCN1CCN(Cc2ccccc2)CC1,-2.42813479402879,training
O=c1c2ccccc2ncn1CCCCCN1CCN(c2cccc(Cl)c2)CC1,-0.797959643737196,training
O=c1c2ccccc2ncn1CCCCCN1CCN(c2ccc(Cl)cc2)CC1,-1.71180722904119,training
CCOc1ccccc1N1CCN(CCCCCn2cnc3ccccc3c2=O)CC1,-0.01703333929878,training
Cc1sc2ncn(CCCCCN3CCN(c4ccccc4)CC3)c(=O)c2c1C,-1.20682587603185,training
Cc1sc2ncn(CCCCCN3CCN(Cc4ccccc4)CC3)c(=O)c2c1C,-2.32428245529769,test
Cc1sc2ncn(CCCCCN3CCN(c4cccc(Cl)c4)CC3)c(=O)c2c1C,-0.509202522331103,training
Cc1sc2ncn(CCCCCN3CCN(c4ccc(Cl)cc4)CC3)c(=O)c2c1C,-1.42160392686983,training
CCOc1ccccc1N1CCN(CCCCCn2cnc3sc(C)c(C)c3c2=O)CC1,-0.012837224705172,training
CC1CCN(CC[C@H]2CCCN2S(=O)(=O)c2cccc(O)c2)CC1,-3.95539908663927,training
N[C@@H](Cc1c[nH]c2ccc(O)cc12)C(=O)O,-0.131939295210425,training
O=S(=O)(Nc1ccn(Cc2cccc3ccccc23)n1)c1ccc(Br)s1,-3.6341748717626,training
O=S(=O)(Nc1cc(Sc2cccc3cccnc23)c(O)c2ccccc12)c1ccc(F)cc1,-4.1300119496719,training
O=S(=O)(Nc1cc(Sc2cccc3cccnc23)c(O)c2ccccc12)c1ccccc1,-4.37548071461857,training
O=C1Nc2ccc(Cl)cc2C1(c1c[nH]c2ccccc12)c1c[nH]c2ccccc12,-3.38916608436453,test
Cc1ccc(S(=O)(=O)c2nc(N3CCc4ccccc4C3)sc2Cl)cc1,-3.66200187938992,training
O=S(=O)(Nc1cc2c(c3ccccc13)OC1(N3CCOCC3)CCCCC21)c1ccccc1,-4.31386722036915,training
O=S(=O)(c1ccc(F)cc1)N1CC=c2ccccc2=C1c1c[nH]c2ccccc12,-4.37125262912494,training
Nc1c(S(=O)(=O)c2ccccc2)sc2nc(-c3ccccc3)cc(-c3ccccc3)c12,-4.33465476688324,training
O=S(=O)(c1ccccc1)N1C=Cc2ccccc2C1c1c[nH]c2ccccc12,-4.01410032151962,valid
Brc1ccc2c(c1)c1c3n2CCN(Cc2ccccc2)C3CCC1,-4.42094540592197,training
Cc1ccc(S(=O)(=O)N/N=C2\CCCc3c2[nH]c2ccc(Cl)cc32)cc1,-4.19200959265367,training
O=S(=O)(Nc1ccccc1-c1nccc2ccccc12)c1ccc(Cl)cc1,-3.58455736052568,training
O=S1(=O)c2ccccc2N(Cc2ccc(Cl)cc2F)c2ccccc21,-3.43854234878611,training
O=c1ccc(-c2ccc(S(=O)(=O)Nc3cccc4c3CCCC4)s2)n[nH]1,-4.38147609027503,training
COc1cccc(-n2cc(C(=O)N(C)c3cccc(Cl)c3)c3ccccc3c2=O)c1,-4.09656243837414,training
CCS(=O)(=O)c1nc(S(=O)(=O)c2ccc(Cl)cc2)c(N2CCc3ccccc3C2)s1,-4.08635983067475,training
Cc1ccc(Nc2c(S(=O)(=O)c3ccccc3)cnc3ccc(Cl)cc23)cc1,-4.13672056715641,training
NC(=O)C1CCN(c2c(S(=O)(=O)c3ccccc3)cnc3ccc(Cl)cc23)CC1,-4.26693691115917,training
Cc1ccc(S(=O)(=O)c2cnc3ccc(F)cc3c2SCc2ccc(Cl)cc2)cc1,-4.07408468902824,training
COCCn1c(C)c(C)c(S(=O)(=O)c2ccc(Cl)cc2)c1N,-4.29863478312444,training
Cc1ccc(Cl)cc1N(C)C(=O)c1cn(-c2ccc(F)cc2F)c(=O)c2ccccc12,-4.29380435991934,training
NC(=O)c1ccccc1OCCCN1CCN(c2cccc3c2ccn3S(=O)(=O)c2ccccc2)CC1,-0.826074802700826,training
O=C([C@@H]1CCCN1C(=O)CCCCCCN1CCN(c2ccccc2-c2ccccc2)CC1)N1CCOCC1,-1.54406804435028,training
O=C([C@@H]1CCCN1C(=O)CCCCCCN1CCN(c2ccccc2-c2ccccc2)CC1)N1CCCCC1,-0.954242509439325,training
O=C([C@@H]1CCCN1C(=O)CCCCCN1CCN(c2ccccc2-c2ccccc2)CC1)N1CCCCC1,-1.25527250510331,training
O=C([C@@H]1CCCN1C(=O)CCCCN1CCN(c2ccccc2-c2ccccc2)CC1)N1CCCCC1,-1.54406804435028,training
CC(C)c1ccccc1N1CCN(CCCCCCC(=O)N2CCC[C@H]2C(=O)N2CCOCC2)CC1,-1.23044892137827,training
NC(=O)[C@@H]1Cc2ccccc2CN1C(=O)CCCCCCN1CCN(c2ccccc2-c2ccccc2)CC1,-1.78532983501077,training
NC(=O)[C@@H]1Cc2ccccc2CN1C(=O)CCCCCN1CCN(c2ccccc2-c2ccccc2)CC1,-1.41497334797082,training
NC(=O)[C@@H]1Cc2ccccc2CN1C(=O)CCCCN1CCN(c2ccccc2-c2ccccc2)CC1,-1.81954393554187,training
CC(C)c1ccccc1N1CCN(CCCCCCC(=O)N2Cc3ccccc3C[C@H]2C(N)=O)CC1,-1.30102999566398,training
CC(C)c1ccccc1N1CCN(CCCCC(=O)N2Cc3ccccc3C[C@H]2C(N)=O)CC1,-1.53147891704226,valid
NC(=O)[C@@H]1CCCN1C(=O)CCCCCCN1CCN(c2ccccc2-c2ccccc2)CC1,-1.72427586960079,training
CC(C)c1ccccc1N1CCN(CCCCCCC(=O)N2CCC[C@H]2C(N)=O)CC1,-1.20411998265592,training
CC(C)c1ccccc1N1CCN(CCCCCC(=O)N2Cc3ccccc3C[C@H]2C(=O)N2CCCCC2)CC1,-1.20411998265592,test
CC(C)c1ccccc1N1CCN(CCCCCCC(=O)N2Cc3ccccc3C[C@H]2C(=O)N2CCCCC2)CC1,-1.14612803567824,training
O=C([C@@H]1Cc2ccccc2CN1C(=O)CCCCN1CCN(c2ccccc2-c2ccccc2)CC1)N1CCCCC1,-1.67209785793572,training
O=C([C@@H]1Cc2ccccc2CN1C(=O)CCCCN1CCN(c2ccccc2-c2ccccc2)CC1)N1CCOCC1,-1.55630250076729,training
O=C([C@@H]1Cc2ccccc2CN1C(=O)CCCCCN1CCN(c2ccccc2-c2ccccc2)CC1)N1CCCCC1,-1.27875360095283,training
O=C([C@@H]1Cc2ccccc2CN1C(=O)CCCCCCN1CCN(c2ccccc2-c2ccccc2)CC1)N1CCCCC1,-1.60205999132796,test
O=C([C@@H]1Cc2ccccc2CN1C(=O)CCCCCCN1CCN(c2ccccc2-c2ccccc2)CC1)N1CCOCC1,-1.20411998265592,training
COc1cc2c(cc1OCc1ccc(Br)cc1)C[C@H]1c3c(cc(OC)c(OC)c3-2)CCN1C,-2.00860017176192,training
COc1cc2c(cc1OCc1ccccc1)C[C@H]1c3c(cc(OC)c(OC)c3-2)CCN1C,-1.96378782734556,training
C=CCOc1cc2c(cc1OC)-c1c(OC)c(OC)cc3c1[C@H](C2)N(C)CC3,-2.55750720190566,valid
COc1cc2c(cc1OC1CCCCC1)C[C@H]1c3c(cc(OC)c(OC)c3-2)CCN1C,-2.21218760440396,valid
COc1cc2c(cc1OCC1CC1)C[C@H]1c3c(cc(OC)c(OC)c3-2)CCN1C,-2.35024801833416,valid
CCCCC(C)Oc1cc2c(cc1OC)-c1c(OC)c(OC)cc3c1[C@H](C2)N(C)CC3,-2.18184358794477,training
CCCC(C)Oc1cc2c(cc1OC)-c1c(OC)c(OC)cc3c1[C@H](C2)N(C)CC3,-2.06818586174616,valid
CCC(C)Oc1cc2c(cc1OC)-c1c(OC)c(OC)cc3c1[C@H](C2)N(C)CC3,-2.38738982633873,training
COc1cc2c(cc1OC(C)C)C[C@H]1c3c(cc(OC)c(OC)c3-2)CCN1C,-2.75050839485135,training
COc1cc2c(cc1OCCF)C[C@H]1c3c(cc(OC)c(OC)c3-2)CCN1C,-2.92685670894969,training
CCCCCCOc1cc2c(cc1OC)-c1c(OC)c(OC)cc3c1[C@H](C2)N(C)CC3,-2.43616264704076,training
CCCCCOc1cc2c(cc1OC)-c1c(OC)c(OC)cc3c1[C@H](C2)N(C)CC3,-2.25285303097989,training
CCCCOc1cc2c(cc1OC)-c1c(OC)c(OC)cc3c1[C@H](C2)N(C)CC3,-2.1846914308176,training
CCOc1cc2c(cc1OC)-c1c(OC)c(OC)cc3c1[C@H](C2)N(C)CC3,-2.7041505168398,training
COc1cc2c(cc1OC)-c1c(OC)c(OC)cc3c1[C@H](C2)N(C)CC3,-2.23299611039215,test
COc1cccc2c1CCC/C2=C\CCN1CCN(c2ccccn2)CC1,0.508638306165727,test
COc1cccc(CCCCN2CCN(c3ccccn3)CC2)c1,-1.36172783601759,valid
COc1ccc2c(c1)CC(CCN1CCN(c3ccccn3)CC1)CC2,0.795880017344075,training
O=C(NCCCCN1CCN(c2cccc3ccccc23)CC1)c1cc2ccccc2[nH]1,-1.92427928606188,training
O=C(NCCCCN1CCN(c2cccc(Cl)c2Cl)CC1)c1cc2cc(F)ccc2[nH]1,-2.73239375982297,training
COc1ccccc1N1CCN(CC(O)CCNC(=O)c2cnc3ccccc3c2)CC1,-1.83250891270624,training
O=C(NCCCCN1CCN(c2cccc3ccccc23)CC1)c1cnc2ccccc2c1,-0.397940008672038,training
O=C(NCCC(O)CN1CCN(c2cccc3ccccc23)CC1)c1cnc2ccccc2c1,-0.954242509439325,training
COc1c(Cl)cccc1N1CCN(CCCCNC(=O)c2cnc3ccccc3c2)CC1,-1.32221929473392,training
COc1ccc(CCN(CCCc2ccccc2)CCc2ccc3c(c2)OCO3)cc1OC,-2.91434315711944,training
CC(C)CS(=O)(=O)NC1CCN(CCOc2ccccc2C(C)C)CC1,-2.44404479591808,test
CC(C)c1ccccc1OCCN1CCC(NS(=O)(=O)c2ccccc2)CC1,-2.39619934709574,training
CC(C)c1ccccc1OCCN1CCC(NS(=O)(=O)c2cccc(F)c2)CC1,-2.55144999797288,training
CC(C)c1ccccc1OCCN1CCC(NS(=O)(=O)c2cccc(Cl)c2)CC1,-2.25042000230889,training
CC(C)c1ccccc1OCCN1CCC(NS(=O)(=O)c2ccc(F)c(F)c2)CC1,-2.57170883180869,training
CC(C)c1ccccc1OCCN1CCC(NS(=O)(=O)c2cc(F)ccc2F)CC1,-2.31806333496276,training
CC(C)c1ccccc1OCCN1CCC(NS(=O)(=O)c2ccc(Cl)s2)CC1,-2.65801139665711,training
CC(C)c1ccccc1OCCN1CCC(NS(=O)(=O)c2cnn(C)c2)CC1,-2.78958071216443,training
CC(C)c1ccccc1OCCN1CCC(NS(=O)(=O)c2cncc3ccccc23)CC1,-2.01283722470517,training
CC(C)c1ccccc1OCCN1CCC(NS(=O)(=O)c2cccc3ncccc23)CC1,-2.3654879848909,training
CC(C)CS(=O)(=O)NC1CCN(CCOc2ccccc2-c2ccccc2)CC1,-1.86923171973098,training
O=S(=O)(NC1CCN(CCOc2ccccc2-c2ccccc2)CC1)c1ccccc1,-2.4456042032736,training
O=S(=O)(NC1CCN(CCOc2ccccc2-c2ccccc2)CC1)c1ccc(F)cc1,-2.20139712432045,training
O=S(=O)(NC1CCN(CCOc2ccccc2-c2ccccc2)CC1)c1cccc(F)c1,-2.56584781867352,training
O=S(=O)(NC1CCN(CCOc2ccccc2-c2ccccc2)CC1)c1cccc(Cl)c1,-2.36921585741014,valid
O=S(=O)(NC1CCN(CCOc2ccccc2-c2ccccc2)CC1)c1cc(F)ccc1F,-2.26245108973043,valid
O=S(=O)(NC1CCN(CCOc2ccccc2-c2ccccc2)CC1)c1ccc(Cl)s1,-2.27875360095283,training
Cn1cc(S(=O)(=O)NC2CCN(CCOc3ccccc3-c3ccccc3)CC2)cn1,-2.50650503240487,training
O=S(=O)(NC1CCN(CCOc2ccccc2-c2ccccc2)CC1)c1cncc2ccccc12,-1.86923171973098,training
O=S(=O)(NC1CCN(CCOc2ccccc2-c2ccccc2)CC1)c1cccc2ncccc12,-2.00860017176192,valid
CC(C)c1ccccc1OCCN1CCC(N(C)S(=O)(=O)c2ccccc2)CC1,-2.14612803567824,training
CC(C)c1ccccc1OCCN1CCC(N(C)S(=O)(=O)c2cccc(F)c2)CC1,-2.27875360095283,test
CC(C)c1ccccc1OCCN1CCC(N(C)S(=O)(=O)c2ccc(F)cc2)CC1,-2.25527250510331,training
CC(C)c1ccccc1OCCN1CCC(N(C)S(=O)(=O)c2cnn(C)c2)CC1,-2.53907609879278,training
CN(C1CCN(CCOc2ccccc2C(C)(C)C)CC1)S(=O)(=O)c1ccccc1,-3.37032800777951,training
CN(C1CCN(CCOc2ccccc2C(C)(C)C)CC1)S(=O)(=O)c1cccc(F)c1,-3.65427282709771,training
CN(C1CCN(CCOc2ccccc2C(C)(C)C)CC1)S(=O)(=O)c1ccc(F)cc1,-3.95684049015923,training
CN(C1CCN(CCOc2ccccc2C(C)(C)C)CC1)S(=O)(=O)c1cnn(C)c1,-3.98344585734134,training
CN(C1CCN(CCOc2ccccc2-c2ccccc2)CC1)S(=O)(=O)c1ccccc1,-1.79239168949825,test
CN(C1CCN(CCOc2ccccc2-c2ccccc2)CC1)S(=O)(=O)c1ccc(F)cc1,-1.47712125471966,test
CN(C1CCN(CCOc2ccccc2-c2ccccc2)CC1)S(=O)(=O)c1cnn(C)c1,-1.90308998699194,valid
CC(C)c1ccccc1OCCN1CCC(N(CC2CC2)S(=O)(=O)c2cccc(F)c2)CC1,-2.19865708695442,training
CC(C)c1ccccc1OCCN1CCC(N(CC2CC2)S(=O)(=O)c2ccc(F)cc2)CC1,-2.39619934709574,training
CC(C)c1ccccc1OCCN1CCC(N(CC2CC2)S(=O)(=O)c2cnn(C)c2)CC1,-2.33041377334919,training
CC(C)(C)c1ccccc1OCCN1CCC(N(CC2CC2)S(=O)(=O)c2ccc(F)cc2)CC1,-4.14705767102836,training
Cn1cc(S(=O)(=O)N(CC2CC2)C2CCN(CCOc3ccccc3C(C)(C)C)CC2)cn1,-4.2496874278053,valid
O=S(=O)(c1ccc(F)cc1)N(CC1CC1)C1CCN(CCOc2ccccc2-c2ccccc2)CC1,-2.53402610605614,training
Cn1cc(S(=O)(=O)N(CC2CC2)C2CCN(CCOc3ccccc3-c3ccccc3)CC2)cn1,-2.20139712432045,training
C=CCN(CC=C)CCc1c[nH]c2ccc(F)cc12,-1.89998456254939,training
C=CCN(CC=C)CCc1c[nH]c2ccc(Cl)cc12,-1.76996780132944,training
C=CCN(CC=C)CCc1c[nH]c2ccc(Br)cc12,-1.0,training
C=CCN(CC=C)CCc1c[nH]c2ccc(C)cc12,-1.49996186559619,training
C=CCN(CC=C)CCc1c[nH]c2ccccc12,-2.0,training
O=S(=O)(NC1CC2CCC(C1)N2CCOc1cccc(-c2ccccc2)c1)c1ccc(F)c(F)c1,-1.86923171973098,training
O=S(=O)(NC1CC2CCC(C1)N2CCOc1cccc(-c2ccccc2)c1)c1ccc(F)cc1,-2.23044892137827,training
O=S(=O)(NC1CC2CCC(C1)N2CCOc1cccc(-c2ccccc2)c1)c1cccc(F)c1,-2.0899051114394,training
O=S(=O)(NC1CC2CCC(C1)N2CCOc1cccc(-c2ccccc2)c1)c1cccc(Cl)c1,-2.40483371661994,training
CC(C)c1cccc(OCCN2C3CCC2CC(NS(=O)(=O)c2cnn(C)c2)C3)c1,-2.63447727016073,training
CC(C)c1cccc(OCCN2C3CCC2CC(NS(=O)(=O)c2cc(F)ccc2F)C3)c1,-1.70757017609794,training
CC(C)c1cccc(OCCN2C3CCC2CC(NS(=O)(=O)c2ccc(F)c(F)c2)C3)c1,-1.99563519459755,training
CC(C)c1cccc(OCCN2C3CCC2CC(NS(=O)(=O)c2ccc(F)cc2)C3)c1,-1.99122607569249,training
CC(C)c1cccc(OCCN2C3CCC2CC(NS(=O)(=O)c2cccc(F)c2)C3)c1,-2.15228834438306,training
CC(C)c1cccc(OCCN2C3CCC2CC(NS(=O)(=O)c2cccc(Cl)c2)C3)c1,-2.31386722036915,training
Cn1cc(S(=O)(=O)NC2CN(CCOc3ccccc3-c3ccccc3)C2)cn1,-1.66275783168157,training
O=S(=O)(NC1CN(CCOc2ccccc2-c2ccccc2)C1)c1cccc(Cl)c1,-1.36172783601759,valid
CC(C)c1ccccc1OCCN1CC(NS(=O)(=O)c2ccc(F)cc2)C1,-1.65321251377534,training
CC(C)c1ccccc1OCCN1CC(NS(=O)(=O)c2cccc(F)c2)C1,-1.44715803134222,training
O=S(=O)(NC1CCN(CCOc2ccccc2C2CCCC2)CC1)c1ccc(F)cc1,-2.57170883180869,training
O=S(=O)(NC1CCN(CCOc2ccccc2C2CCCC2)CC1)c1cccc(F)c1,-2.73639650227664,training
O=S(=O)(NC1CCN(CCOc2ccccc2C2CCCC2)CC1)c1cccc(Cl)c1,-2.74507479158206,training
Cn1cc(S(=O)(=O)NC2CCN(CCOc3ccccc3C(C)(C)C)CC2)cn1,-3.74468406327689,training
CC(C)(C)c1ccccc1OCCN1CCC(NS(=O)(=O)c2ccc(F)cc2)CC1,-3.65991620006985,training
CC(C)(C)c1ccccc1OCCN1CCC(NS(=O)(=O)c2cccc(Cl)c2)CC1,-3.26646689544024,training
CC(C)c1cccc(C(C)C)c1OCCN1CCC(NS(=O)(=O)c2ccc(F)cc2)CC1,-3.78866321312086,training
CC(C)Oc1ccccc1OCCN1CCC(NS(=O)(=O)c2ccc(F)cc2)CC1,-2.29446622616159,training
COc1ccccc1OCCN1CCC(NS(=O)(=O)c2ccc(F)cc2)CC1,-2.66558099101795,training
Cc1ccccc1OCCN1CCC(NS(=O)(=O)c2ccc(F)cc2)CC1,-2.87215627274829,training
O=S(=O)(NC1CCN(CCOc2ccccc2)CC1)c1ccc(F)cc1,-3.2464985807958,training
Cn1cc(S(=O)(=O)NC2CC3CCC(C2)N3CCOc2cccc(-c3ccccc3)c2)cn1,-2.97634997900327,training
CC(C)c1ccccc1OCCN1CCC(NC(=O)c2ccc(F)cc2)CC1,-2.29885307640971,training
O=C(NC1CCN(CCOc2ccccc2-c2ccccc2)CC1)c1cccc(Cl)c1,-2.17026171539496,valid
CC(C)c1ccccc1OCCN1CCC(NC(=O)Nc2cccc(Cl)c2)CC1,-2.77158748088126,training
CC(C)c1ccccc1OCCN1CCC(NC(=O)Nc2ccc(F)cc2)CC1,-2.27875360095283,training
O=C(Nc1cccc(Cl)c1)NC1CCN(CCOc2ccccc2-c2ccccc2)CC1,-2.8561244442423,test
CC(C)c1ccccc1OCCN1CCC(NS(=O)(=O)c2ccc(N)cc2)CC1,-2.70070371714502,training
CC(C)c1ccccc1OCCN1CCC(NS(=O)(=O)c2cccnc2)CC1,-2.56937390961505,training
Nc1ccc(S(=O)(=O)NC2CCN(CCOc3ccccc3-c3ccccc3)CC2)cc1,-2.60959440922522,training
O=S(=O)(NC1CCN(CCOc2ccccc2-c2ccccc2)CC1)c1cccnc1,-2.72916478969277,training
CC(C)c1ccccc1OCCN1CC2CC1CN2S(=O)(=O)c1cccc(Cl)c1,-2.59439255037543,valid
CC(C)c1ccccc1OCCN1CC2CC1CN2S(=O)(=O)c1ccc(F)cc1,-2.41497334797082,training
O=S(=O)(c1cccc(Cl)c1)N1CC2CC1CN2CCOc1ccccc1-c1ccccc1,-3.42602301568988,training
O=S(=O)(c1ccc(F)cc1)N1CC2CC1CN2CCOc1ccccc1-c1ccccc1,-3.02857125269254,training
CC1(C)N=C(N)N=C(Nc2cccc(Br)c2)N1,-2.81954393554187,training
CCOC(=O)c1cccc(NC2=NC(N)=NC3(CCCCC3)N2)c1,-2.85369821177617,training
CCOC(=O)c1cccc(NC2=NC(N(C)C)=NC3(CCCCC3)N2)c1,-2.06445798922692,training
NC1=NC2(CCCCC2)NC(Nc2cccc(Br)c2)=N1,-2.50514997831991,test
CCNC(=O)c1cccc(NC2=NC(N)=NC3(CCCCC3)N2)c1,-3.8302035989257,valid
c1ccc(CC2CCN(CC3COC(c4ccccc4)(c4ccccc4)O3)CC2)cc1,-2.73999930940197,training
OCC(CN1CCC(Cc2ccccc2)CC1)OC(c1ccccc1)c1ccccc1,-2.62000064230007,training
c1ccc(CC2CCN(CC3COC4(CCCCC4)O3)CC2)cc1,-2.20999729608237,test
CC1(c2ccc(F)cc2)NC(=O)N(CC(O)CN2CCN(C(c3ccccc3)c3ccccc3)CC2)C1=O,-3.74585519517373,test
Cc1ccc(N2CCN(CC(O)CN3C(=O)NC(C)(c4ccc(F)cc4)C3=O)CC2)cc1C,-3.001733712809,training
CC1(c2ccc(F)cc2)NC(=O)N(CC(O)CN2CCN(c3ccc(Cl)c(Cl)c3)CC2)C1=O,-2.91434315711944,test
CC1(c2ccc(F)cc2)NC(=O)N(CC(O)CN2CCN(c3ccc(F)cc3F)CC2)C1=O,-3.96222723135009,training
CC1(c2ccc(F)cc2)NC(=O)N(CC(O)CN2CCN(c3ccc(Cl)cc3)CC2)C1=O,-3.72411195396121,test
CC1(c2ccc(F)cc2)NC(=O)N(CC(O)CN2CCN(c3ccc(F)cc3)CC2)C1=O,-3.83645071372015,training
Cc1ccc(C)c(N2CCN(CC(O)CN3C(=O)NC(C)(c4ccc(F)cc4)C3=O)CC2)c1,-3.1152775913959,training
CC1(c2ccc(F)cc2)NC(=O)N(CC(O)CN2CCN(c3cccc(Cl)c3Cl)CC2)C1=O,-1.77085201164214,training
CC1(c2ccc(F)cc2)NC(=O)N(CC(O)CN2CCN(c3ccccc3C#N)CC2)C1=O,-2.50379068305718,training
CCOc1ccccc1N1CCN(CC(O)CN2C(=O)NC(C)(c3ccc(F)cc3)C2=O)CC1,-1.99122607569249,training
CC1(c2ccc(F)cc2)NC(=O)N(CC(O)CN2CCN(c3ccccc3Cl)CC2)C1=O,-2.59879050676312,training
CC1(c2ccc(F)cc2)NC(=O)N(CC(O)CN2CCN(c3ccccc3F)CC2)C1=O,-3.21642983087625,training
COc1cccc(N2CCN(CC(O)CN3C(=O)NC(C)(c4ccc(F)cc4)C3=O)CC2)c1,-3.47261019759604,test
CC1(c2ccc(F)cc2)NC(=O)N(CC(O)CN2CCN(c3ccccc3)CC2)C1=O,-3.43663963169266,training
O=C1c2ccccc2C(=O)N1CCCCN1CCc2ccccc2C1,-2.69905251244956,test
O=C1c2ccccc2C(=O)N1CCCCN1CCC2CCCCC2C1,-2.72836595833133,training
c1ccc2c(c1)CCN(CCCCc1c[nH]c3ccccc13)C2,-3.2288159736358,training
O=C(CCCN1CCc2ccccc2C1)c1ccc(F)cc1,-1.07918124604762,training
O=C(CCCN1CCc2ccccc2C1)c1ccccc1,-2.85063092128536,test
N#Cc1ccc(C(=O)CCCN2CCc3ccccc3C2)cc1,-2.46991033807762,training
NC(=O)c1ccc(C(=O)CCCN2CCc3ccccc3C2)cc1,-1.5798978696031,training
COc1ccc(C(=O)CCCN2CCc3ccccc3C2)cc1,-1.41363499719856,training
O=C(CCCN1CCc2ccccc2C1)c1ccc(O)cc1,-1.53256329833448,training
O=C(CCCN1CCc2ccccc2C1)c1ccc(Cl)cc1,-0.911902996044033,training
O=C1NCN(c2ccccc2)C12CCN(CCCCc1nc3ccccc3s1)CC2,-2.29001233927954,training
O=C1NCN(c2ccccc2)C12CCN(CCCCc1nc3cc(Cl)ccc3s1)CC2,-2.00930213933829,test
O=C1NCN(c2ccccc2)C12CCN(CCCCc1nc3ccccc3o1)CC2,-2.58103325082765,test
O=C1NCN(c2ccccc2)C12CCN(CCCCc1c[nH]c3ccccc13)CC2,-2.5776009342079,test
O=c1[nH]c2cc(Cl)ccc2n1C1CCN(CCCCc2nc3ccccc3s2)CC1,-3.06539296156199,valid
O=c1[nH]c2cc(Cl)ccc2n1C1CCN(CCCCc2nc3ccccc3o2)CC1,-2.7880268840958,training
OC1(c2ccc(Cl)cc2)CCN(CCCCc2nc3ccccc3o2)CC1,-3.4987239707479,training
O=C(CCCN1CCC2(CC1)C(=O)NCN2c1ccccc1)c1ccc(F)cc1,-1.23552844690755,training
N#Cc1ccc(CNC(=O)CCOCCN2CCN(c3ncccc3-c3ccc(F)cc3)CC2)cc1,-3.41995574848976,training
O=C(CCOCCN1CCN(c2cccnc2-c2ccc(F)cc2)CC1)NCc1ccc(C(F)(F)F)cc1,-3.782759192624,training
N#Cc1ccc(CNC(=O)CCOCCN2CCN(c3cccnc3-c3ccc(F)cc3)CC2)cc1,-3.82157902791201,training
O=C(CCOCCN1CCN(c2cccnc2-c2ccccc2)CC1)NCc1ccc(C(F)(F)F)cc1,-2.90417436828416,training
N#Cc1ccc(CNC(=O)CCOCCN2CCN(c3cccnc3-c3ccccc3)CC2)cc1,-3.58455736052568,valid
O=C(CCOCCN1CCN(c2ncccc2-c2ccccc2)CC1)NCc1ccc(C(F)(F)F)cc1,-2.56229286445647,training
N#Cc1ccc(CNC(=O)CCOCCN2CCN(c3ncccc3-c3ccccc3)CC2)cc1,-2.77451696572855,valid
O=C(CCOCCN1CCN(c2ccccc2-c2ccccc2)CC1)NCc1ccncc1,-3.02325245963371,training
O=C(CCOCCN1CCN(c2ccccc2-c2ccccc2)CC1)NCc1ccc(C(F)(F)F)cc1,-2.76492298464989,training
N#Cc1ccc(CNC(=O)CCOCCN2CCN(c3ccccc3-c3ccccc3)CC2)cc1,-2.64048143697042,training
O=C(CCOCCN1CCN(c2ncccc2-c2ccc(F)cc2)CC1)NCc1ccc(C(F)(F)F)cc1,-3.26387267686522,training
COCOc1ccc(CNC(=O)CCCCCN2CCN(c3ccccc3-c3ccc(OC)cc3)CC2)cc1,-2.20411998265592,training
COc1ccc(-c2ccccc2N2CCN(CCCCCC(=O)NCc3ccc(OCCO)cc3)CC2)cc1,-2.18184358794477,training
COc1ccc(-c2ccccc2N2CCN(CCCCCC(=O)NCc3ccc(OCCN4CCOCC4)cc3)CC2)cc1,-2.21218760440396,training
COc1ccc(-c2ccccc2N2CCN(CCCCCC(=O)NCc3ccc(OCCCN4CCOCC4)cc3)CC2)cc1,-2.02118929906994,training
COc1ccc(-c2ccccc2N2CCN(CCCCCC(=O)NCc3ccc(C#N)cc3)CC2)cc1,-2.10037054511756,training
COCOc1ccc(CNC(=O)CCCCCN2CCN(c3ccccc3-c3ccccc3)CC2)cc1,-1.93449845124357,training
O=C(CCCCCN1CCN(c2ccccc2-c2ccccc2)CC1)NCc1ccc(OCCN2CCOCC2)cc1,-2.20411998265592,training
O=C(CCCCCN1CCN(c2ccccc2-c2ccccc2)CC1)NCc1ccc(OCCCN2CCOCC2)cc1,-2.17318626841227,training
CN(C)Cc1ccc(CNC(=O)CCCCCN2CCN(c3ccccc3-c3ccccc3)CC2)cc1,-1.86923171973098,training
COc1ccc(-c2cc(F)ccc2N2CCN(CCCCCC(=O)NCc3ccc(C#N)cc3)CC2)cc1,-2.88705437805096,training
N#Cc1ccc(CNC(=O)CCCCCN2CCN(c3ccc(F)cc3-c3ccc(C#N)cc3)CC2)cc1,-3.45788189673399,training
C1=C(CCN2CCc3ccccc3C2)Cc2ccccc21,-3.04247312814665,training
C1=C(CCN2CCc3ccccc3C2)CCc2ccccc21,-2.13994202306998,training
CC1(C)CC(=O)N(CCCCN2Cc3ccccc3C2)C(=O)C1,-2.53009719773485,training
O=C1Cc2cc(C(=O)CCCN3CCc4ccccc4C3)ccc2N1,-2.08818926436112,training
O=C1c2ccc(F)cc2CC1CCN1CCc2ccccc2C1,-1.27438879555038,valid
CCCN1CC[C@H]2CC(=O)[C@H](CC)[C@H]3CCC[C@@H]1[C@H]23,-3.65321251377534,training
COc1cccc(CC2CCN(CCc3ccccc3)CC2)c1,-1.46686762035411,training
COc1ccc(F)c(CC2CCN(CCc3ccccc3)CC2)c1,-0.781036938621132,training
COc1ccc(Cl)c(CC2CCN(CCc3ccccc3)CC2)c1,-0.356025857193123,training
COc1ccc(Br)c(CC2CCN(CCc3ccccc3)CC2)c1,-0.434568904034199,training
COc1ccc(Br)c(CC2CCN(CCc3ccc(C)cc3)CC2)c1,-0.146128035678238,training
COc1ccc(CCN2CCC(Cc3cc(OC)ccc3Br)CC2)cc1,0.09151498112135,training
COc1ccc(Br)c(CC2CCN(CCc3ccccc3OC)CC2)c1,-0.481442628502305,training
COc1cccc(CCN2CCC(Cc3cc(OC)ccc3Br)CC2)c1,0.086186147616283,training
COc1ccc(Br)c(CC2CCN(CCc3ccc(F)cc3)CC2)c1,-0.01703333929878,test
COc1ccc(Br)c(CC2CCN(CCc3ccc(Cl)cc3)CC2)c1,-0.127104798364808,training
COc1ccc(Br)c(CC2CCN(CCc3ccccc3Cl)CC2)c1,-0.61066016308988,test
COc1ccc(Br)c(CC2CCN(CCc3cccc(Cl)c3)CC2)c1,-0.46686762035411,training
COc1ccc(CCN2CCC(Cc3cc(OC)ccc3Br)CC2)c(Cl)c1,-0.049218022670182,training
COc1ccc(Br)c(CC2CCN(CCc3ccc(OC)c(Cl)c3)CC2)c1,-0.01703333929878,training
COc1ccc(Br)c(CC2CCN(CCc3ccc(OC)c(OC)c3)CC2)c1,-0.193124598354462,training
COc1ccc(Br)c(CC2CCN(CCc3cc(OC)c(OC)cc3Cl)CC2)c1,-0.292256071356476,test
COc1ccc(Br)c(CC2CCN(CCc3cccc4ccccc34)CC2)c1,-0.682145076373832,test
COc1ccc(Br)c(CC2CCN(CCc3ccc4ccccc4c3)CC2)c1,0.050609993355087,training
COc1ccc(Br)c(CC2CCN(CCc3cccc4c3OCCO4)CC2)c1,-0.326335860928751,training
COc1ccc(Br)c(CC2CCN(CCc3ccc4c(c3)OCCO4)CC2)c1,0.443697499232713,training
COc1ccc(Br)c(CC2CCN(CCc3cc4c(cc3Cl)OCCO4)CC2)c1,-0.810232517995084,valid
CCOc1ccc(Br)c(CC2CCN(CCc3cc4c(cc3Cl)OCCO4)CC2)c1,-1.36921585741014,training
CC(C)Oc1ccc(Br)c(CC2CCN(CCc3cc4c(cc3Cl)OCCO4)CC2)c1,-1.20139712432045,training
O=C(N[C@H]1CC[C@H](CCN2CCN(c3nsc4ccccc34)CC2)CC1)c1ccccc1,-0.230448921378274,test
O=C(N[C@H]1CC[C@H](CCN2CCN(c3nsc4ccccc34)CC2)CC1)C1CC1,0.036212172654445,training
O=C(N[C@H]1CC[C@H](CCN2CCN(c3nsc4ccccc34)CC2)CC1)C1CCCCC1,-0.7481880270062,training
CCCS(=O)(=O)N[C@H]1CC[C@H](CCN2CCN(c3nsc4ccccc34)CC2)CC1,-0.041392685158225,training
CS(=O)(=O)N[C@H]1CC[C@H](CCN2CCN(c3nsc4ccccc34)CC2)CC1,-0.113943352306837,training
O=C(N[C@H]1CC[C@H](CCN2CCN(c3nsc4ccccc34)CC2)CC1)C(F)(F)F,-0.041392685158225,training
CCCC(=O)N[C@H]1CC[C@H](CCN2CCN(c3nsc4ccccc34)CC2)CC1,-0.322219294733919,training
CCC(=O)N[C@H]1CC[C@H](CCN2CCN(c3nsc4ccccc34)CC2)CC1,-0.176091259055681,valid
CC(=O)N[C@H]1CC[C@H](CCN2CCN(c3nsc4ccccc34)CC2)CC1,0.161150909262745,training
COCC(=O)N[C@H]1CC[C@H](CCN2CCN(c3nsc4ccccc34)CC2)CC1,-0.477121254719662,training
CN(C)C(=O)N[C@H]1CC[C@H](CCN2CCN(c3cccc(Cl)c3Cl)CC2)CC1,-0.45484486000851,test
CN(C(=O)N[C@H]1CC[C@H](CCN2CCN(c3nsc4ccccc34)CC2)CC1)c1ccccc1,-0.716003343634799,training
O=C(Nc1cccnc1)N[C@H]1CC[C@H](CCN2CCN(c3nsc4ccccc34)CC2)CC1,-1.07918124604762,training
O=C(Nc1ccccc1)N[C@H]1CC[C@H](CCN2CCN(c3nsc4ccccc34)CC2)CC1,-0.146128035678238,training
O=C(NCc1ccccc1)N[C@H]1CC[C@H](CCN2CCN(c3nsc4ccccc34)CC2)CC1,-0.724275869600789,training
O=C(N[C@H]1CC[C@H](CCN2CCN(c3nsc4ccccc34)CC2)CC1)N1CCOCC1,-1.17609125905568,training
CCN(C)C(=O)N[C@H]1CC[C@H](CCN2CCN(c3nsc4ccccc34)CC2)CC1,-0.146128035678238,training
CC(C)N(C(=O)N[C@H]1CC[C@H](CCN2CCN(c3nsc4ccccc34)CC2)CC1)C(C)C,-0.361727836017593,test
CN(C)C(=O)N[C@H]1CC[C@H](CCN2CCN(c3nsc4ccccc34)CC2)CC1,-0.079181246047625,training
N[C@H]1CC[C@H](CCN2CCN(c3nsc4ccccc34)CC2)CC1,-0.857332496431268,training
Cc1ccc(S(=O)(=O)N[C@H]2CC[C@H](CCN3CCN(c4nsc5ccccc45)CC3)CC2)cc1,-0.591064607026499,training
O=C(N[C@H]1CC[C@H](CCN2CCN(c3nsc4ccccc34)CC2)CC1)c1cccs1,-0.041392685158225,test
O=C(N[C@H]1CC[C@H](CCN2CCN(c3nsc4ccccc34)CC2)CC1)c1ccc[nH]1,0.283996656365201,training
O=C(N[C@H]1CC[C@H](CCN2CCN(c3nsc4ccccc34)CC2)CC1)c1cccnc1,-0.322219294733919,training
O=S(=O)(N[C@H]1CC[C@H](CCN2CCN(c3nsc4ccccc34)CC2)CC1)c1cccs1,-0.041392685158225,training
CN([C@H]1CC[C@H](CCN2CCN(c3nsc4ccccc34)CC2)CC1)S(=O)(=O)c1cccs1,-0.462397997898956,test
O=S(=O)(N[C@H]1CC[C@H](CCN2CCN(c3nsc4ccccc34)CC2)CC1)c1cccnc1,-1.04139268515823,training
O=C(N[C@H]1CC[C@H](CCN2CCN(c3nsc4ccccc34)CC2)CC1)c1cc2ccccc2[nH]1,-0.880813592280791,valid
O=C(c1ccco1)N1CCC(CCN2CCN(c3nsc4ccccc34)CC2)CC1,0.142667503568732,training
CCOC(=O)N1CCC(CCN2CCN(c3nsc4ccccc34)CC2)CC1,-0.113943352306837,training
O=C(NC[C@H]1CC[C@H](CN2CCN(c3nsc4ccccc34)CC2)CC1)c1ccco1,-0.724275869600789,training
O=C(NC[C@H]1CC[C@H](CN2CCN(c3nsc4cc(Cl)ccc34)CC2)CC1)c1ccco1,-1.17609125905568,training
O=C(N[C@H]1CC[C@H](CCN2CCN(c3nsc4cc([N+](=O)[O-])ccc34)CC2)CC1)c1ccco1,-1.5910646070265,training
Nc1ccc2c(N3CCN(CC[C@H]4CC[C@H](NC(=O)c5ccco5)CC4)CC3)nsc2c1,-1.51851393987789,training
c1ccc(CN2CCN(CCCCCOc3cc(-c4ccccc4)ncn3)CC2)cc1,-3.01367969729119,training
c1ccc(-c2cc(OCCCCCN3CCN(c4ccccc4)CC3)ncn2)cc1,-1.52504480703685,valid
CCOc1ccccc1N1CCN(CCCCCn2cnc(-c3ccccc3)cc2=O)CC1,-1.41329976408125,training
O=c1cc(-c2ccccc2)ncn1CCCCCN1CCN(c2ccc(Cl)cc2)CC1,-2.22271647114758,training
O=c1cc(-c2ccccc2)ncn1CCCCCN1CCN(c2cccc(Cl)c2)CC1,-1.25042000230889,training
O=c1cc(-c2ccccc2)ncn1CCCCCN1CCN(Cc2ccccc2)CC1,-2.88761730033574,training
O=c1cc(-c2ccccc2)ncn1CCCCCN1CCN(c2ccccc2)CC1,-2.04532297878666,training
Clc1cccc(N2CCN(CCCCCOc3cc(-c4ccccc4)ncn3)CC2)c1,-1.2405492482826,test
Clc1ccc(N2CCN(CCCCCOc3cc(-c4ccccc4)ncn3)CC2)cc1,-1.95568775031351,training
CCOc1ccccc1N1CCN(CCCCCOc2cc(-c3ccccc3)ncn2)CC1,-0.842609239610562,training
Cc1nc2ccccc2c(=O)n1CCCCCN1CCN(c2ccccc2)CC1,-1.26951294421792,training
Cc1nc2ccccc2c(=O)n1CCCCCN1CCN(c2cccc(Cl)c2)CC1,-0.914343157119441,training
Cc1nc2ccccc2c(=O)n1CCCCCN1CCN(c2ccc(Cl)cc2)CC1,-2.0,training
CCOc1ccccc1N1CCN(CCCCCn2c(C)nc3ccccc3c2=O)CC1,-0.47567118832443,training
Cc1nc(OCCCCCN2CCN(c3ccccc3)CC2)c2ccccc2n1,-1.39269695325967,training
Cc1nc(OCCCCCN2CCN(c3ccc(Cl)cc3)CC2)c2ccccc2n1,-1.71683772329952,training
c1ccc(OCCNCC2COC3(CCCCC3)O2)cc1,-1.56995881809659,training
COc1ccccc1OCCNCC1COC2(CCCCC2)O1,-0.480006942957151,test
COc1ccccc1N1CCN(CC2CSC3(CCCCC3)O2)CC1,-0.700011062322112,test
c1ccc(OCCNCC2CSC3(CCCCC3)O2)cc1,-1.3600250891894,training
COc1ccccc1OCCNCC1CSC2(CCCCC2)O1,-0.35005409357903,training
COc1ccccc1N1CCN(CC2CSC3(CCCCC3)S2)CC1,-0.480006942957151,training
c1ccc(OCCNCC2CSC3(CCCCC3)S2)cc1,-0.190051417759206,training
COc1ccccc1OCCNCC1CSC2(CCCCC2)S1,0.029978734171634,training
COc1ccccc1N1CCN(CC2COC(c3ccccc3)(c3ccccc3)O2)CC1,-1.3600250891894,training
OCCOc1cc(CC2CCN(CCc3ccc4c(c3)C(O)CCO4)CC2)ccc1Br,-1.51851393987789,training
COCCOc1cc(CC2CCN(CCc3ccc4c(c3)C(=O)C(O)CO4)CC2)ccc1Br,-0.869231719730976,training
O=C1c2cc(CCN3CCC(Cc4ccc(Br)c(OCCO)c4)CC3)ccc2OCC1O,-0.740362689494244,training
O=C1c2cc(CCN3CCC(Cc4ccc(Br)c(O)c4)CC3)ccc2OCC1O,-0.041392685158225,training
COCCOc1cc(CC2CCN(CCc3ccc4occc(=O)c4c3)CC2)ccc1Br,-0.301029995663981,training
O=c1ccoc2ccc(CCN3CCC(Cc4ccc(Br)c(OCCO)c4)CC3)cc12,-0.322219294733919,training
O=C1CCOc2ccc(CCN3CCC(Cc4ccc(Br)c(O)c4)CC3)cc21,-0.113943352306837,test
O=c1ccoc2ccc(CCN3CCC(Cc4ccc(Br)c(O)c4)CC3)cc12,0.568636235841013,training
COCCOc1cc(CC2CCN(CCc3ccc4c(c3)C(=O)CC(O)O4)CC2)ccc1Br,-1.51851393987789,test
COCCOc1cc(CC2CCN(CC(O)c3ccc4c(c3)C(=O)CCO4)CC2)ccc1Br,-1.23044892137827,test
O=C(O)COc1cc(CC2CCN(CCc3ccc4c(c3)C(=O)C(O)CO4)CC2)ccc1Br,-1.95904139232109,training
O=C(O)COc1cc(CC2CCN(CCc3ccc4occc(=O)c4c3)CC2)ccc1Br,-1.82607480270083,valid
COCCOc1cc(CC2CCN(CCc3ccc4occ(O)c(=O)c4c3)CC2)ccc1Br,-0.397940008672038,training
Oc1cc(CC2CCN(CCc3ccc4c(c3)C(O)CCO4)CC2)ccc1Br,-0.929418925714293,training
O=C1CCc2ccc(OCCCCN3CCCN(c4cccc(Cl)c4Cl)CC3)nc2N1,-1.46239799789896,training
Cn1c(=O)cnn(CCCCN2CCN(c3cccc(I)n3)CC2)c1=O,-0.740362689494244,training
Cn1c(=O)cnn(CCCCN2CCN(c3ccccc3Br)CC2)c1=O,-0.778151250383644,training
COc1cc2c(cc1O)[C@@H]1Cc3c(OC)ccc(OC)c3CN1CC2,-2.69326955606209,training
COc1ccc(OC)c2c1C[C@H]1c3cc4c(cc3CCN1C2)OCO4,-2.6967319740211,training
COc1ccc(OC)c2c1C[C@H]1c3cc4c(cc3CCN1C2)OCCO4,-1.60841905131729,training
COc1cc2c(c(OC)c1)CN1CCc3cc(OC)c(OC)cc3[C@@H]1C2,-2.86333475843642,training
CN(C)CC1=Cc2cn(S(=O)(=O)c3cccc4ccccc34)c3cccc(c23)O1,-3.7757560378441,training
CCCN(CCC)CCc1ccccc1O,-2.60205999132796,valid
COc1ccccc1N1CCC2(CCN(CCCSc3nnc(-c4ccccc4)n3C)CC2)C1,-2.85973856619715,test
Cn1c(SCCCN2CCC3(CC2)CCN(c2ccc(F)cc2)CC3)nnc1-c1ccccc1,-2.76863810124761,training
COc1ccccc1N1CCN(CCCSc2nnc(-c3ccccc3)n2C)CC1,0.2518119729938,training
O=S(=O)(c1cccc2ncccc12)N1CCC(CCN2CCN(c3ccccc3)CC2)CC1,-2.87448181769947,training
O=S(=O)(c1cncc2ccccc12)N1CCC(CCN2CCN(c3ccccc3)CC2)CC1,-2.73479982958885,training
O=S(=O)(c1cccc2ncccc12)N1CCC(CCN2CCN(c3ccc(Cl)cc3)CC2)CC1,-2.86923171973098,test
O=S(=O)(c1cccc2ncccc12)N1CCC(CCN2CCN(c3ccc(F)cc3)CC2)CC1,-2.88024177589548,test
O=S(=O)(c1cncc2ccccc12)N1CCC(CCN2CCN(c3ccc(F)cc3)CC2)CC1,-2.98900461569854,test
O=S(=O)(c1cccc2ncccc12)N1CCC(CCN2CCN(c3cccc(Cl)c3)CC2)CC1,-1.73239375982297,training
O=S(=O)(c1cncc2ccccc12)N1CCC(CCN2CCN(c3cccc(Cl)c3)CC2)CC1,-1.50514997831991,training
O=S(=O)(c1cccc2ncccc12)N1CCC(CCN2CCN(c3cccc(F)c3)CC2)CC1,-2.78461729263288,training
O=S(=O)(c1cncc2ccccc12)N1CCC(CCN2CCN(c3cccc(F)c3)CC2)CC1,-2.56820172406699,training
O=S(=O)(c1cccc2ncccc12)N1CCC(CCN2CCN(c3cccc(C(F)(F)F)c3)CC2)CC1,-1.60205999132796,training
O=S(=O)(c1cncc2ccccc12)N1CCC(CCN2CCN(c3cccc(C(F)(F)F)c3)CC2)CC1,-1.47712125471966,training
O=S(=O)(c1cccc2ncccc12)N1CCC(CCN2CCN(c3cccc(Cl)c3Cl)CC2)CC1,-1.65321251377534,training
O=S(=O)(c1cncc2ccccc12)N1CCC(CCN2CCN(c3cccc(Cl)c3Cl)CC2)CC1,-1.46239799789896,training
O=S(=O)(c1cccc2ncccc12)N1CCC(CCN2CCN(c3ccc(Cl)c(Cl)c3)CC2)CC1,-2.40993312333129,training
O=S(=O)(c1cncc2ccccc12)N1CCC(CCN2CCN(c3ccc(Cl)c(Cl)c3)CC2)CC1,-2.51054501020661,training
Cc1ccc(N2CCN(Cc3nc4ccccc4[nH]3)CC2)cc1C,-3.13513265137677,test
Fc1ccc(OC[C@@H]2CC[C@H]3CN(c4ncc(F)cn4)CCN3C2)cc1,-2.25527250510331,training
c1ccc2c(c1)CC(CN1CCN(c3ccc4c(c3)OCCO4)CC1)C2,-2.73239375982297,test
Fc1ccc(N2CCN(CCC3OCCc4ccccc43)CC2)cc1,-2.12710479836481,training
Cc1cccc(S(=O)(=O)NCCN2CC=C(c3c[nH]c4ccc(F)cc34)CC2)c1,-2.04139268515822,training
Cc1cccc(S(=O)(=O)NCCCN2CC=C(c3c[nH]c4ccc(F)cc34)CC2)c1,-1.81954393554187,training
Cc1cccc(S(=O)(=O)NCCCCN2CC=C(c3c[nH]c4ccc(F)cc34)CC2)c1,-1.98227123303957,training
Cc1cccc(S(=O)(=O)NCCN2CC=C(c3c[nH]c4ccc(Cl)cc34)CC2)c1,-0.255272505103306,training
Cc1cccc(S(=O)(=O)NCCCN2CC=C(c3c[nH]c4ccc(Cl)cc34)CC2)c1,-0.698970004336019,training
Cc1cccc(S(=O)(=O)NCCCCN2CC=C(c3c[nH]c4ccc(Cl)cc34)CC2)c1,-0.778151250383644,valid
Cc1cccc(S(=O)(=O)NCCN2CC=C(c3c(C)[nH]c4ccc(Cl)cc34)CC2)c1,-1.84509804001426,training
Cc1cccc(S(=O)(=O)NCCCN2CC=C(c3c(C)[nH]c4ccc(Cl)cc34)CC2)c1,-2.04139268515822,training
Cc1cccc(S(=O)(=O)NCCCCN2CC=C(c3c(C)[nH]c4ccc(Cl)cc34)CC2)c1,-2.23044892137827,training
O=S(=O)(NCCN1CC=C(c2c[nH]c3ccc(F)cc23)CC1)c1ccc2ccccc2c1,-1.55630250076729,training
O=S(=O)(NCCCN1CC=C(c2c[nH]c3ccc(F)cc23)CC1)c1ccc2ccccc2c1,-1.43136376415899,training
O=S(=O)(NCCCCN1CC=C(c2c[nH]c3ccc(F)cc23)CC1)c1ccc2ccccc2c1,-1.0,training
O=S(=O)(NCCN1CC=C(c2c[nH]c3ccc(Cl)cc23)CC1)c1ccc2ccccc2c1,-1.25527250510331,test
O=S(=O)(NCCCN1CC=C(c2c[nH]c3ccc(Cl)cc23)CC1)c1ccc2ccccc2c1,-1.84509804001426,training
O=S(=O)(NCCCCN1CC=C(c2c[nH]c3ccc(Cl)cc23)CC1)c1ccc2ccccc2c1,-0.845098040014257,training
Cc1[nH]c2ccc(Cl)cc2c1C1=CCN(CCNS(=O)(=O)c2ccc3ccccc3c2)CC1,-2.44715803134222,training
Cc1[nH]c2ccc(Cl)cc2c1C1=CCN(CCCNS(=O)(=O)c2ccc3ccccc3c2)CC1,-2.7160033436348,training
Cc1[nH]c2ccc(Cl)cc2c1C1=CCN(CCCCNS(=O)(=O)c2ccc3ccccc3c2)CC1,-2.67209785793572,training
O=S(=O)(NCCN1CC=C(c2c[nH]c3ccc(Cl)cc23)CC1)c1cccc2ccccc12,-0.602059991327962,training
O=S(=O)(NCCCN1CC=C(c2c[nH]c3ccc(Cl)cc23)CC1)c1cccc2ccccc12,-0.698970004336019,training
O=S(=O)(NCCCCN1CC=C(c2c[nH]c3ccc(Cl)cc23)CC1)c1cccc2ccccc12,-0.602059991327962,test
O=S(=O)(NCCN1CC=C(c2c[nH]c3ccc(Cl)cc23)CC1)c1cccc(F)c1,0.0,training
O=S(=O)(NCCCN1CC=C(c2c[nH]c3ccc(Cl)cc23)CC1)c1cccc(F)c1,-1.0,training
O=S(=O)(NCCCCN1CC=C(c2c[nH]c3ccc(Cl)cc23)CC1)c1cccc(F)c1,-0.477121254719662,training
O=S(=O)(NCCN1CC=C(c2c[nH]c3ccc(Cl)cc23)CC1)c1cccc(Cl)c1,-0.869231719730976,training
O=S(=O)(NCCCN1CC=C(c2c[nH]c3ccc(Cl)cc23)CC1)c1cccc(Cl)c1,-1.04139268515823,training
O=S(=O)(NCCCCN1CC=C(c2c[nH]c3ccc(Cl)cc23)CC1)c1cccc(Cl)c1,-0.230448921378274,training
O=S(=O)(NCCN1CC=C(c2c[nH]c3ccc(Cl)cc23)CC1)c1cccc(O)c1,-0.785329835010767,training
O=S(=O)(NCCCN1CC=C(c2c[nH]c3ccc(Cl)cc23)CC1)c1cccc(O)c1,-0.602059991327962,training
O=S(=O)(NCCCCN1CC=C(c2c[nH]c3ccc(Cl)cc23)CC1)c1cccc(O)c1,-1.0,training
O=S(=O)(NCCN1CC=C(c2c[nH]c3ccc(Cl)cc23)CC1)c1ccc(F)cc1,0.0,training
O=S(=O)(NCCCN1CC=C(c2c[nH]c3ccc(Cl)cc23)CC1)c1ccc(F)cc1,-1.07918124604762,training
O=S(=O)(NCCCCN1CC=C(c2c[nH]c3ccc(Cl)cc23)CC1)c1ccc(F)cc1,-1.32221929473392,training
O=S(=O)(NCCN1CC=C(c2c[nH]c3ccc(Cl)cc23)CC1)c1ccc(Cl)cc1,-1.20411998265592,training
O=S(=O)(NCCCN1CC=C(c2c[nH]c3ccc(Cl)cc23)CC1)c1ccc(Cl)cc1,-0.954242509439325,training
O=S(=O)(NCCCCN1CC=C(c2c[nH]c3ccc(Cl)cc23)CC1)c1ccc(Cl)cc1,-1.0,training
c1ccc(C2(c3ccccc3)COCC(CNCCOc3ccccn3)O2)cc1,0.049976093476674,training
COCOc1ccccc1OCCNCC1COCC(c2ccccc2)(c2ccccc2)O1,0.199970640755866,training
Oc1ccccc1OCCNCC1COCC(c2ccccc2)(c2ccccc2)O1,0.160019442321657,training
O=[N+]([O-])c1ccccc1OCCNCC1COCC(c2ccccc2)(c2ccccc2)O1,0.250031916490597,valid
Cc1ccccc1OCCNCC1COCC(c2ccccc2)(c2ccccc2)O1,-0.049992856920143,training
Clc1ccccc1OCCNCC1COCC(c2ccccc2)(c2ccccc2)O1,0.100015437450609,training
CC(=O)c1c(OCCCCN2CCN(c3ccccc3C#N)CC2)ccc2c(C)cc(=O)oc12,-0.176091259055681,training
CC(=O)c1c(OCCCCN2CCN(c3cccc(Cl)c3Cl)CC2)ccc2c(C)cc(=O)oc12,-0.342422680822206,test
CC(=O)c1c(OCCCCN2CCN(c3ccc(Cl)cc3)CC2)ccc2c(C)cc(=O)oc12,-1.44715803134222,training
CC(=O)c1c(OCCCCN2CCN(c3ccncc3)CC2)ccc2c(C)cc(=O)oc12,-2.27875360095283,valid
CC(=O)c1c(OCCCCN2CCN(c3ccc([N+](=O)[O-])cc3)CC2)ccc2c(C)cc(=O)oc12,-1.96378782734556,training
CC(=O)c1c(OCCCCN2CCOCC2)ccc2c(C)cc(=O)oc12,-2.4814426285023,training
COc1cccc(N2CCN(CCCCOc3ccc4c(C)cc(=O)oc4c3C(C)=O)CC2)c1,0.096910013008056,training
CC(=O)c1c(OCCCCN2CCN(c3cnccn3)CC2)ccc2c(C)cc(=O)oc12,-1.57978359661681,training
CC(=O)c1c(OCCCCN2CCN(c3ccccc3F)CC2)ccc2c(C)cc(=O)oc12,0.0,training
CC(=O)c1c(OCCCN2CCN(c3ccccc3C#N)CC2)ccc2c(C)cc(=O)oc12,0.0,training
CC(=O)c1c(OCCCN2CCN(c3cccc(Cl)c3Cl)CC2)ccc2c(C)cc(=O)oc12,-0.204119982655925,training
CC(=O)c1c(OCCCN2CCN(c3ccc(Cl)cc3)CC2)ccc2c(C)cc(=O)oc12,-1.04139268515823,valid
CC(=O)c1c(OCCCN2CCN(c3ccncc3)CC2)ccc2c(C)cc(=O)oc12,-2.74507479158206,training
CC(=O)c1c(OCCCN2CCN(c3ccc([N+](=O)[O-])cc3)CC2)ccc2c(C)cc(=O)oc12,-2.78746047451841,valid
CC(=O)c1c(OCCCN2CCOCC2)ccc2c(C)cc(=O)oc12,-2.25527250510331,test
COc1cccc(N2CCN(CCCOc3ccc4c(C)cc(=O)oc4c3C(C)=O)CC2)c1,-0.204119982655925,training
CC(=O)c1c(OCCCN2CCN(c3cnccn3)CC2)ccc2c(C)cc(=O)oc12,-2.40312052117582,training
CC(=O)c1c(OCCCN2CCN(c3ccccc3F)CC2)ccc2c(C)cc(=O)oc12,-0.113943352306837,training
CCc1nc2c(N3CCNCC3)ccnc2n1Cc1cccc(F)c1,-3.4456042032736,training
CCc1nc2c(N3CCNCC3)ccnc2n1Cc1cccc(Cl)c1,-3.13161866434913,training
CC(C)c1nc2c(N3CCNCC3)ccnc2n1Cc1cccc(F)c1,-3.77334754198082,training
CC(C)c1nc2c(N3CCNCC3)ccnc2n1Cc1cccc(Cl)c1,-3.35736303061514,training
O=S(=O)(c1ccccc1)c1cnc2c(N3CCNCC3)cccc2c1,-3.3747483460101,training
COc1cccc(-c2ccc3c(c2)CN(Cc2ccccc2)C3)c1,-3.30513631894364,training
COc1cccc(-c2ccc3c(c2)CCN(Cc2ccccc2)C3)c1,-2.86510397464113,training
CN1CCN(c2ccc3c(c2)CN(C(=O)OCc2ccccc2)C3)CC1,-3.41647407910022,valid
O=C(OCc1ccccc1)N1Cc2ccc(N3CCN(C4CCCC4)CC3)cc2C1,-3.32939787936104,training
O=C(OCc1ccccc1)N1CCc2ccc(N3CCN(C4CCCC4)CC3)cc2C1,-3.07954300740291,training
CCOC(=O)CCN1CCN(c2ccc3c(c2)CN(C(=O)OCc2ccccc2)CC3)CC1,-2.52504480703685,valid
Cc1ccc(C(C)(C)CC(C)NCc2ccc(C(F)(F)F)cc2)o1,-4.49692964807322,training
CCC1(C)CC(CCNCc2ccccc2)(c2ccc(C)cc2)CCO1,-4.62117628177504,training
CCC1(C)CC(CCNCc2ccc(OC)c(OC)c2)(c2ccc(C)cc2)CCO1,-4.56584781867352,training
COc1ccc(CNCCC(c2ccccc2)c2ccc3c(c2)OCO3)cc1,-4.19312459835446,test
COc1cc(CNCCC2=CCCCC2)ccc1OCc1ccccc1,-3.69019608002851,training
CC(NCCC(Cc1ccccc1)c1ccco1)c1ccc(Cl)cc1,-3.85125834871908,valid
Cc1ccc(C(CCNC(C)c2ccc(Cl)cc2)c2ccco2)cc1,-3.95904139232109,test
Cc1ccc(C(C)NCCC(c2ccc(F)cc2)c2ccco2)cc1,-3.78532983501077,training
COc1ccc(CNCCC(c2ccco2)c2ccccc2OC)cc1,-3.78532983501077,training
CC(C)c1ccccc1OCC(C)N1CCC(NS(=O)(=O)c2cccc(F)c2)CC1,-2.98317507203781,training
CC(C)c1ccccc1OCC(C)N1CCC(NS(=O)(=O)c2ccc(F)cc2)CC1,-3.06781451116184,training
CC(COc1ccccc1-c1ccccc1)N1CCC(NS(=O)(=O)c2cccc(Cl)c2)CC1,-2.84260923961056,training
CC(COc1ccccc1-c1ccccc1)N1CCC(NS(=O)(=O)c2ccc(F)cc2)CC1,-2.47275644931721,training
CC(C)c1ccccc1OCCCN1CCC(NS(=O)(=O)c2cccc(F)c2)CC1,-3.25333800532611,training
CC(C)c1ccccc1OCCCN1CCC(NS(=O)(=O)c2ccc(F)cc2)CC1,-3.31827208021163,training
O=S(=O)(NC1CCN(CCCOc2ccccc2-c2ccccc2)CC1)c1cccc(Cl)c1,-3.21218760440396,training
O=S(=O)(NC1CCN(CCCOc2ccccc2-c2ccccc2)CC1)c1ccc(F)cc1,-3.26458172923808,training
CC(C)c1ccccc1OCC(O)CN1CCC(NS(=O)(=O)c2cccc(F)c2)CC1,-2.87040390527903,training
CC(C)c1ccccc1OCC(O)CN1CCC(NS(=O)(=O)c2ccc(F)cc2)CC1,-2.7041505168398,training
O=S(=O)(NC1CCN(CC(O)COc2ccccc2-c2ccccc2)CC1)c1cccc(Cl)c1,-3.12352498094273,valid
O=S(=O)(NC1CCN(CC(O)COc2ccccc2-c2ccccc2)CC1)c1ccc(F)cc1,-3.12123145514962,training
OC(CN1CCN(c2ccccc2)CC1)c1ccc(Cl)c(Cl)c1,-0.380211241711606,test
Clc1ccc(CCN2CCN(c3ccccc3-c3ccccc3)CC2)cc1Cl,-0.799340549453582,test
Clc1ccc(CCN2CCN(c3nsc4ccccc34)CC2)cc1Cl,0.075720713938118,training
Cc1ccc(Sc2ccccc2N2CCNCC2)c(C)c1,-0.977723605288848,valid
COc1ccccc1N1CCN(CCCN2CCOc3ccccc32)CC1,-0.170261715394957,valid
CC(=O)c1c(OCCCN2CCN(c3ccccc3Cl)CC2)ccc2c(C)cc(=O)oc12,-0.301029995663981,training
CC(=O)c1c(OCCCN2CCN(c3cc(C)cc(C)c3)CC2)ccc2c(C)cc(=O)oc12,0.045757490560675,training
CC(=O)c1c(OCCCN2CCN(c3cc(C)ccc3C)CC2)ccc2c(C)cc(=O)oc12,-1.14612803567824,training
CC(=O)c1c(OCCCN2CCN(c3ccccc3Br)CC2)ccc2c(C)cc(=O)oc12,0.301029995663981,training
CC(=O)c1c(OCCCN2CCN(c3cccc(Br)c3)CC2)ccc2c(C)cc(=O)oc12,-0.544068044350276,training
CC(=O)c1c(OCCCN2CCN(c3cccc(F)c3)CC2)ccc2c(C)cc(=O)oc12,-3.13033376849501,training
CC(=O)c1c(OCCCN2CCN(c3ccccc3C(F)(F)F)CC2)ccc2c(C)cc(=O)oc12,-0.944482672150169,training
COc1ccccc1N1CCN(CCCOc2ccc3c(C)cc(=O)oc3c2C(C)=O)CC1,0.221848749616356,valid
CC(=O)c1c(OCCCCN2CCN(c3ccccc3Cl)CC2)ccc2c(C)cc(=O)oc12,0.045757490560675,training
CC(=O)c1c(OCCCCN2CCN(c3cc(C)cc(C)c3)CC2)ccc2c(C)cc(=O)oc12,-0.568201724066995,training
CC(=O)c1c(OCCCCN2CCN(c3cc(C)ccc3C)CC2)ccc2c(C)cc(=O)oc12,-0.732393759822968,training
CC(=O)c1c(OCCCCN2CCN(c3ccccc3Br)CC2)ccc2c(C)cc(=O)oc12,-0.176091259055681,test
CC(=O)c1c(OCCCCN2CCN(c3cccc(Br)c3)CC2)ccc2c(C)cc(=O)oc12,-0.397940008672038,test
CC(=O)c1c(OCCCCN2CCN(c3cccc(F)c3)CC2)ccc2c(C)cc(=O)oc12,-1.69897000433602,training
CC(=O)c1c(OCCCCN2CCN(c3ccccc3C(F)(F)F)CC2)ccc2c(C)cc(=O)oc12,-1.04139268515823,training
COc1ccccc1N1CCN(CCCCOc2ccc3c(C)cc(=O)oc3c2C(C)=O)CC1,0.0,training
NCCCCCCn1cc(CCCCN2CCC(c3ccc(-c4cc(C(=O)O)cc5cc(-c6ccc(C(F)(F)F)cc6)ccc45)cc3)CC2)nn1,-3.75204844781944,training
COc1ccccc1N1CCN(CCCNc2cc(=O)n(C)c(=O)n2C)CC1,-2.32837960343874,training
O=C1Nc2ccccc2C12CCN(CCN1CCN(c3ccc(Cl)cc3)CC1)C2,-3.57460994134019,training
O=C1Nc2ccccc2C12CCN(CCCN1CCN(c3ccc(Cl)cc3)CC1)C2,-3.46104809167066,valid
O=C1Nc2ccccc2C12CCN(CCN1CCN(c3ccccc3)CC1)C2,-3.77851301173892,training
O=C1Nc2ccccc2C12CCN(CCN1CCN(c3cccc(Cl)c3)CC1)C2,-3.42926766643317,training
O=C1Nc2ccccc2C12CCN(CCN1CCN(c3ccccc3Cl)CC1)C2,-3.03981055414835,training
O=C1Nc2ccccc2C12CCN(CCN1CCN(c3ccc(Cl)c(Cl)c3)CC1)C2,-3.60788374435699,test
O=C1Nc2ccccc2C12CCN(CCN1CCC(c3ccc(Cl)cc3)CC1)C2,-4.17318626841227,valid
O=C1Nc2ccccc2C12CCN(CCN1CCC(c3ccc(F)cc3)CC1)C2,-4.71608685377483,training
O=C1Nc2ccccc2C12CCN(CCN1CC=C(c3ccc(F)cc3)CC1)C2,-3.59648713373654,training
O=C1Nc2ccccc2C12CCN(CCN1CCN(c3ccc(F)cc3)CC1)C2,-4.15106325335375,test
O=C1Nc2ccccc2C12CCN(CCN1CCC(Oc3ccc(Cl)cc3)CC1)C2,-4.13956426617585,training
O=C(c1ccc(Cl)cc1)N1CCN(CCN2CCC3(C2)C(=O)Nc2ccccc23)CC1,-4.6834072991321,valid
CCc1cc(-c2ccoc2)nc(N2CCN(C)CC2)n1,-3.17638069224327,training
CCCCc1cc(-c2ccoc2)nc(N2CCN(C)CC2)n1,-2.80413943233535,training
Fc1ccc(-c2n[nH]c3c2CCNCC3)cc1,-3.27091163941048,training
O=S(=O)(NC1CCN(CCOc2ccccc2)CC1)c1ccccc1Cl,-3.31344537042641,valid
O=S(=O)(NC1CCN(CCOc2ccccc2)CC1)c1ccccc1,-3.55798814822491,training
O=S(=O)(NC1CCN(CCOc2ccccc2)CC1)c1ccccc1Br,-3.3174364965351,training
O=S(=O)(NC1CCN(CCOc2ccccc2)CC1)c1ccccc1I,-2.6954816764902,training
O=S(=O)(NC1CCN(CCOc2ccccc2)CC1)c1cccc(Cl)c1,-3.15472820744016,training
O=S(=O)(NC1CCN(CCOc2ccccc2)CC1)c1cccc(Br)c1,-2.88649072517248,training
O=S(=O)(NC1CCN(CCOc2ccccc2)CC1)c1ccc(Cl)cc1,-3.50487845941022,training
O=S(=O)(NC1CCN(CCOc2ccccc2)CC1)c1ccc(Br)cc1,-3.29247759366778,training
O=S(=O)(NC1CCN(CCOc2ccccc2Cl)CC1)c1ccccc1,-3.10890312766731,training
O=S(=O)(NC1CCN(CCOc2ccccc2Br)CC1)c1ccccc1,-3.37088301677761,training
O=S(=O)(NC1CCN(CCOc2ccccc2I)CC1)c1ccccc1,-2.79169064902012,valid
Cc1ccccc1OCCN1CCC(NS(=O)(=O)c2ccccc2)CC1,-3.37438169805088,training
O=S(=O)(NC1CCN(CCOc2ccccc2C(F)(F)F)CC1)c1ccccc1,-3.63928722591024,valid
CC(C)(C)c1ccccc1OCCN1CCC(NS(=O)(=O)c2ccccc2)CC1,-3.93886982151299,training
O=S(=O)(NC1CCN(CCOc2cccc(Cl)c2)CC1)c1ccccc1,-3.21404867941194,training
O=S(=O)(NC1CCN(CCOc2cccc(Br)c2)CC1)c1ccccc1,-3.34458874257871,valid
O=S(=O)(NC1CCN(CCOc2cccc(I)c2)CC1)c1ccccc1,-2.70671778233676,valid
Cc1cccc(OCCN2CCC(NS(=O)(=O)c3ccccc3)CC2)c1,-3.32387060654051,valid
O=S(=O)(NC1CCN(CCOc2cccc(C(F)(F)F)c2)CC1)c1ccccc1,-3.29025726939452,training
CC(C)c1cccc(OCCN2CCC(NS(=O)(=O)c3ccccc3)CC2)c1,-2.58883172559421,training
CC(C)(C)c1cccc(OCCN2CCC(NS(=O)(=O)c3ccccc3)CC2)c1,-3.18892848376085,training
O=S(=O)(NC1CCN(CCOc2cccc(-c3ccccc3)c2)CC1)c1ccccc1,-3.16316137497702,test
O=S(=O)(NC1CCN(CCOc2ccc(Cl)cc2)CC1)c1ccccc1,-4.58308536634769,training
O=S(=O)(NC1CCN(CCOc2ccc(Br)cc2)CC1)c1ccccc1,-4.72106830179716,training
O=S(=O)(NC1CCN(CCOc2cccc(Br)c2I)CC1)c1ccccc1,-3.42764837118693,training
O=S(=O)(NC1CCN(CCOc2cc(Br)ccc2I)CC1)c1ccccc1,-3.95259873452977,training
O=S(=O)(NC1CCN(CCOc2cccc(Br)c2)CC1)c1ccccc1Br,-2.66464197555613,test
O=S(=O)(NC1CCN(CCOc2cccc(Br)c2)CC1)c1cccc(Cl)c1,-3.14952701375435,training
O=S(=O)(NC1CCN(CCOc2cccc(Br)c2)CC1)c1cccc(Br)c1,-3.10243370568134,valid
O=S(=O)(NC1CCN(CCOc2cccc(Br)c2)CC1)c1ccc(Cl)cc1,-3.60927417240459,training
O=S(=O)(NC1CCN(CCOc2cccc(Br)c2)CC1)c1ccc(Br)cc1,-3.42634857378751,training
COCCOc1cccc(CC2CCN(CCc3cc4c(cc3Cl)OCCO4)CC2)c1Br,-2.67024585307412,test
COCCOc1cc(CC2CCN(CCc3cc4c(cc3Cl)OCCO4)CC2)ccc1Br,-2.39967372148104,training
COCCOc1cc(Br)cc(CC2CCN(CCc3cc4c(cc3Cl)OCCO4)CC2)c1,-2.73719264270474,valid
COCCOc1cc(CC2CCN(CCc3ccc4c(c3)OCCO4)CC2)ccc1Br,-1.20411998265592,test
COCCOc1cc(Br)cc(CC2CCN(CCc3ccc4c(c3)OCCO4)CC2)c1,-1.76192783842053,valid
COCCOc1cc(CC2CCN(CCc3ccc4c(c3)CCCO4)CC2)ccc1Br,-1.63447727016073,training
COCCOc1cc(CC2CCN(CCc3ccc4c(c3)C(O)CCO4)CC2)ccc1Br,-1.51587384371168,training
COCCOc1cc(CC2CCN(CCc3ccc4c(c3)C(=O)CCO4)CC2)ccc1Br,-0.703291378118661,training
COCCOc1cc(CC2CCN(CCc3ccc4c(c3)OCCC4)CC2)ccc1Br,-1.27875360095283,test
COCCOc1cc(CC2CCN(CCc3ccc4c(c3)OCCC4=O)CC2)ccc1Br,-1.63144376901317,training
COCCOc1cc(CC2CCN(CCc3ccc4c(c3)C(=O)CCC4)CC2)ccc1Br,-1.09342168516224,training
COCCOc1cc(CC2CCN(CCc3ccc4c(c3)C(=O)CCCO4)CC2)ccc1Br,-1.85672889038288,training
COCCOc1cc(CC2CCN(CCc3ccc4c(c3)S(=O)(=O)CCO4)CC2)ccc1Br,-1.05307844348342,training
COCCOc1cc(Br)cc(CC2CCN(CCc3ccc4c(c3)C(=O)CCO4)CC2)c1,-1.64640372622307,training
COCCOc1cccc(CC2CCN(CCc3ccc4c(c3)C(=O)CCO4)CC2)c1,-0.382017042574868,valid
COCCOc1cc(CC2CCN(CCc3ccc4c(c3)C(=O)CCO4)CC2)ccc1F,-0.352182518111362,valid
COCCOc1cc(CC2CCN(CCc3ccc4c(c3)C(=O)CCO4)CC2)ccc1Cl,-0.44870631990508,test
COCCOc1cc(CC2CCN(CCc3ccc4c(c3)C(=O)CCO4)CC2)ccc1I,-0.942504106168081,test
COCCOc1cc(CC2CCN(CCc3ccc4c(c3)C(=O)CCO4)CC2)ccc1C,-0.887617300335736,training
CCc1ccc(CC2CCN(CCc3ccc4c(c3)C(=O)CCO4)CC2)cc1OCCOC,-1.28555730900777,training
COCCOc1cc(CC2CCN(CCc3ccc4c(c3)C(=O)CCO4)CC2)ccc1C(C)C,-1.84447717574568,training
CCCCN1CCC(c2cccc(O)c2)C1,-3.25647720624168,valid
CCCCCN1CCC(c2cccc(O)c2)C1,-2.51321760006794,training
CCCCCCN1CCC(c2cccc(O)c2)C1,-2.4345689040342,test
CCCCCCCN1CCC(c2cccc(O)c2)C1,-1.27875360095283,training
CCCCCCCCN1CCC(c2cccc(O)c2)C1,-0.973127853599699,training
CCCCCCCCCCN1CCC(c2cccc(O)c2)C1,-1.07918124604762,training
O=S(=O)(c1cncc2ccccc12)N1CCCCC[C@H]1CCN1CCN(c2cccc3sccc23)CC1,-0.903089986991943,valid
O=S(=O)(c1cccc2ncccc12)N1CCCCC[C@H]1CCN1CCN(c2cccc3sccc23)CC1,-1.07918124604762,training
O=S(=O)(c1cncc2ccccc12)N1CCCC[C@@H]1CCN1CCN(c2cccc3sccc23)CC1,-1.07918124604762,training
O=S(=O)(c1cccc2ncccc12)N1CCCC[C@@H]1CCN1CCN(c2cccc3sccc23)CC1,-1.17609125905568,valid
O=S(=O)(c1cncc2ccccc12)N1CC[C@@H]1CCN1CCN(c2cccc3sccc23)CC1,-1.20411998265592,training
O=S(=O)(c1cccc2ncccc12)N1CC[C@@H]1CCN1CCN(c2cccc3sccc23)CC1,-0.954242509439325,training
O=S(=O)(c1ccnc2ccccc12)N1CCCCC[C@H]1CCN1CCN(c2nsc3ccccc23)CC1,-1.69897000433602,training
O=S(=O)(c1cccc2ncccc12)N1CCCCC[C@H]1CCN1CCN(c2nsc3ccccc23)CC1,-1.68124123737559,training
O=S(=O)(c1ccnc2ccccc12)N1CCCC[C@@H]1CCN1CCN(c2nsc3ccccc23)CC1,-1.38021124171161,training
O=S(=O)(c1cccc2ncccc12)N1CCCC[C@@H]1CCN1CCN(c2nsc3ccccc23)CC1,-1.44715803134222,training
O=S(=O)(c1cncc2ccccc12)N1CC[C@@H]1CCN1CCN(c2nsc3ccccc23)CC1,-1.7481880270062,training
O=S(=O)(c1cccc2ncccc12)N1CC[C@@H]1CCN1CCN(c2nsc3ccccc23)CC1,-1.73239375982297,training
O=S(=O)(c1cccc2cnccc12)N1CCC[C@H]1CCN1CCN(c2noc3ccccc23)CC1,-1.93449845124357,training
O=S(=O)(c1cncc2ccccc12)N1CCC[C@H]1CCN1CCN(c2noc3ccccc23)CC1,-1.98227123303957,training
O=S(=O)(c1cccc2ncccc12)N1CCC[C@H]1CCN1CCN(c2noc3ccccc23)CC1,-2.25285303097989,training
O=S(=O)(c1cncc2ccccc12)N1CCC[C@H]1CCN1CCC(c2noc3cc(F)ccc23)CC1,-2.04532297878666,training
O=c1[nH]c2c(N3CCN(CC[C@@H]4CCCN4S(=O)(=O)c4cccc5ncccc45)CC3)cccc2o1,-1.36172783601759,training
Fc1ccc2[nH]cc(CCN3CCN(c4ccccc4-c4ccccc4)CC3)c2c1,0.275724130399211,valid
Fc1cccc(-c2ccccc2N2CCN(CCc3c[nH]c4ccc(F)cc34)CC2)c1,-0.7481880270062,training
Fc1ccc2[nH]cc(CCN3CCN(c4ccccc4-c4ccccc4F)CC3)c2c1,-1.39794000867204,training
Fc1ccc2[nH]cc(CCCN3CCN(c4ccccc4-c4ccccc4)CC3)c2c1,-1.11394335230684,training
Fc1cccc(-c2ccccc2N2CCN(CCCc3c[nH]c4ccc(F)cc34)CC2)c1,-0.90848501887865,training
Fc1cccc(-c2cc(F)ccc2N2CCN(CCCc3c[nH]c4ccc(F)cc34)CC2)c1,-1.79239168949825,training
Fc1cccc(-c2c(F)cccc2N2CCN(CCCc3c[nH]c4ccc(F)cc34)CC2)c1,-1.25527250510331,training
Fc1cccc(-c2ccc(F)cc2N2CCN(CCCc3c[nH]c4ccc(F)cc34)CC2)c1,-1.17609125905568,training
Fc1ccc(N2CCN(CCCc3c[nH]c4ccc(F)cc34)CC2)c(-c2ccccc2)c1,-1.44715803134222,training
Fc1cc(N2CCN(CCc3coc4ccccc34)CC2)c2ncccc2c1,-0.287801729930226,training
COc1cc2c3c(c1OC)-c1ccccc1[C@@H](O)[C@@H]3NCC2,-1.85125834871908,training
CC1(c2ccc(F)cc2)NC(=O)N(CC(O)CN2CCN(C(=O)c3ccccc3)CC2)C1=O,-3.79351100579286,training
CC1(c2ccc(F)cc2)NC(=O)N(CC(O)CN2CCN(Cc3cccc4ccccc34)CC2)C1=O,-3.74640064449156,test
CC1(c2ccc(F)cc2)NC(=O)N(CC(O)CN2CCN(c3cccc4ccccc34)CC2)C1=O,-1.27875360095283,training
CC1(c2ccc(F)cc2)NC(=O)N(CC(O)CN2CCC(Oc3ccccc3)CC2)C1=O,-3.71692107316676,training
CC1(c2ccc(F)cc2)NC(=O)N(CC(O)CN2CCC(Oc3ccc(Cl)cc3)CC2)C1=O,-4.33183204443625,test
COc1ccccc1N1CCN(CC(O)CN2C(=O)NC(C)(c3cccc4ccccc34)C2=O)CC1,-2.51321760006794,training
CC1(c2cccc3ccccc23)NC(=O)N(CC(O)CN2CCN(c3ccccc3C#N)CC2)C1=O,-3.08813608870055,training
COc1ccccc1N1CCN(CC(O)CN2C(=O)NC(C)(c3ccc4ccccc4c3)C2=O)CC1,-2.10720996964787,valid
CC1(c2ccc3ccccc3c2)NC(=O)N(CC(O)CN2CCN(c3ccccc3C#N)CC2)C1=O,-2.11058971029925,training
COc1ccccc1N1CCN(CC(O)CN2C(=O)NC(C)(C)C2=O)CC1,-2.68930885912362,training
CC1(C)NC(=O)N(CC(O)CN2CCN(c3ccccc3C#N)CC2)C1=O,-3.06258198422816,test
CC1(C)NC(=O)N(CC(O)CN2CCN(C(c3ccccc3)c3ccccc3)CC2)C1=O,-4.18041263283832,training
CC1(c2ccc(F)cc2)NC(=O)N(CC(O)CN2CCc3ccccc3C2)C1=O,-3.1906117978136,valid
O=C(NCCc1c[nH]c2ccccc12)C1CCN(C(=O)c2ccccc2)CC1,-3.73207194099987,training
O=C(NCc1ccccc1)C1CCN(C(=O)c2ccc(-c3ccccc3)cc2)CC1,-3.97261933905962,valid
O=C(NCCc1c[nH]c2ccccc12)C1CCN(C(=O)c2ccc(-c3ccccc3)cc2)CC1,-2.78031731214015,test
OC1(c2ccc(Cl)c(C(F)(F)F)c2)CCN(CCCC=C(c2ccc(F)cc2)c2ccc(F)cc2)CC1,-3.13449585583467,training
OC1(c2ccc(Cl)c(C(F)(F)F)c2)CCN(CCCCCc2ccc(F)cc2)CC1,-2.95472479097906,training
OC1(c2ccc(Cl)c(C(F)(F)F)c2)CCN(CCCN(c2ccc(F)cc2)c2ccc(F)cc2)CC1,-3.10105935490812,training
OC1(c2ccc(Cl)c(C(F)(F)F)c2)CCN(CCCCN(c2ccc(F)cc2)c2ccc(F)cc2)CC1,-3.03901732199741,training
OC1(c2ccc(Cl)c(C(F)(F)F)c2)CCN(CCCCC(c2ccc(F)cc2)c2ccc(F)cc2)CC1,-3.14457420760962,test
OC1(c2ccc(Cl)c(C(F)(F)F)c2)CCN(CCCC(c2ccccc2)c2ccccc2)CC1,-2.68214507637383,training
COc1ccc(N(CCCCN2CCC(O)(c3ccc(Cl)c(C(F)(F)F)c3)CC2)c2ccc(OC)cc2)cc1,-4.0,training
OC1(c2ccc(Cl)c(C(F)(F)F)c2)CCN(CCCC(c2ccc(F)cc2)c2ccc(F)cc2)CC1,-2.55144999797288,training
CC(=O)c1c(C)cc2oc(=O)cc(C)c2c1OCCCN1CCN(c2ccncc2)CC1,-2.18752072083646,training
CC(=O)c1c(C)cc2oc(=O)cc(C)c2c1OCCCN1CCN(c2ccccc2C#N)CC1,0.522878745280338,training
CC(=O)c1c(C)cc2oc(=O)cc(C)c2c1OCCCN1CCN(c2cccc(Cl)c2Cl)CC1,0.397940008672038,training
CC(=O)c1c(C)cc2oc(=O)cc(C)c2c1OCCCN1CCN(c2ccc(Cl)cc2)CC1,-0.079181246047625,training
CC(=O)c1c(C)cc2oc(=O)cc(C)c2c1OCCCN1CCN(c2ccc([N+](=O)[O-])cc2)CC1,-2.20139712432045,training
CC(=O)c1c(C)cc2oc(=O)cc(C)c2c1OCCCN1CCOCC1,-2.92941892571429,training
COc1cccc(N2CCN(CCCOc3c(C(C)=O)c(C)cc4oc(=O)cc(C)c34)CC2)c1,0.397940008672038,training
CC(=O)c1c(C)cc2oc(=O)cc(C)c2c1OCCCN1CCN(c2cnccn2)CC1,-1.04139268515823,valid
CC(=O)c1c(C)cc2oc(=O)cc(C)c2c1OCCCN1CCN(c2ccccc2F)CC1,0.522878745280338,valid
CC(=O)c1c(C)cc2oc(=O)cc(C)c2c1OCCCCN1CCN(c2ccncc2)CC1,-2.48855071650044,training
CC(=O)c1c(C)cc2oc(=O)cc(C)c2c1OCCCCN1CCN(c2cccc(Cl)c2Cl)CC1,-2.39794000867204,training
CC(=O)c1c(C)cc2oc(=O)cc(C)c2c1OCCCCN1CCN(c2ccc(Cl)cc2)CC1,-0.845098040014257,training
CC(=O)c1c(C)cc2oc(=O)cc(C)c2c1OCCCCN1CCN(c2ccc([N+](=O)[O-])cc2)CC1,-1.51851393987789,training
CC(=O)c1c(C)cc2oc(=O)cc(C)c2c1OCCCCN1CCOCC1,-2.39794000867204,training
COc1cccc(N2CCN(CCCCOc3c(C(C)=O)c(C)cc4oc(=O)cc(C)c34)CC2)c1,-1.17609125905568,training
CC(=O)c1c(C)cc2oc(=O)cc(C)c2c1OCCCCN1CCN(c2cnccn2)CC1,-0.681241237375587,valid
CC(=O)c1c(C)cc2oc(=O)cc(C)c2c1OCCCCN1CCN(c2ccccc2F)CC1,0.154901959985743,training
Cc1cc(OCCCN2CCN(c3ccncc3)CC2)c2c(C)cc(=O)oc2c1,-2.65321251377534,training
Cc1cc(OCCCN2CCN(c3ccccc3C#N)CC2)c2c(C)cc(=O)oc2c1,-0.477121254719662,test
Cc1cc(OCCCN2CCN(c3cccc(Cl)c3Cl)CC2)c2c(C)cc(=O)oc2c1,-0.602059991327962,training
Cc1cc(OCCCN2CCN(c3ccc(Cl)cc3)CC2)c2c(C)cc(=O)oc2c1,-2.20682587603185,test
Cc1cc(OCCCN2CCN(c3ccc([N+](=O)[O-])cc3)CC2)c2c(C)cc(=O)oc2c1,-3.08278537031645,training
Cc1cc(OCCCN2CCOCC2)c2c(C)cc(=O)oc2c1,-3.1152775913959,test
COc1cccc(N2CCN(CCCOc3cc(C)cc4oc(=O)cc(C)c34)CC2)c1,-0.778151250383644,training
Cc1cc(OCCCN2CCN(c3cnccn3)CC2)c2c(C)cc(=O)oc2c1,-2.26951294421792,training
Cc1cc(OCCCN2CCN(c3ccccc3F)CC2)c2c(C)cc(=O)oc2c1,-0.477121254719662,training
Cc1cc(OCCCCN2CCN(c3ccncc3)CC2)c2c(C)cc(=O)oc2c1,-2.58994960132571,training
Cc1cc(OCCCCN2CCN(c3ccccc3C#N)CC2)c2c(C)cc(=O)oc2c1,-0.176091259055681,training
Cc1cc(OCCCCN2CCN(c3cccc(Cl)c3Cl)CC2)c2c(C)cc(=O)oc2c1,-0.903089986991943,valid
Cc1cc(OCCCCN2CCN(c3ccc(Cl)cc3)CC2)c2c(C)cc(=O)oc2c1,-1.77815125038364,training
Cc1cc(OCCCCN2CCN(c3ccc([N+](=O)[O-])cc3)CC2)c2c(C)cc(=O)oc2c1,-2.90794852161227,training
Cc1cc(OCCCCN2CCOCC2)c2c(C)cc(=O)oc2c1,-3.54406804435028,valid
COc1cccc(N2CCN(CCCCOc3cc(C)cc4oc(=O)cc(C)c34)CC2)c1,0.0,training
Cc1cc(OCCCCN2CCN(c3cnccn3)CC2)c2c(C)cc(=O)oc2c1,-0.826074802700826,training
Cc1cc(OCCCCN2CCN(c3ccccc3F)CC2)c2c(C)cc(=O)oc2c1,-0.230448921378274,training
O=C1c2ccccc2S(=O)(=O)N1CCCCCCN1CCN(c2nsc3ccccc23)CC1,-1.36172783601759,training
O=C1c2ccccc2S(=O)(=O)N1CCCCCCN1CCN(c2ncccn2)CC1,-1.38021124171161,training
O=C1c2ccccc2S(=O)(=O)N1CCCCCCN1CCN(c2ccccn2)CC1,-1.11394335230684,training
O=C1c2ccccc2S(=O)(=O)N1CCCCCCN1CCN(c2cccc3cccnc23)CC1,-0.602059991327962,training
O=C1c2ccccc2S(=O)(=O)N1CCCCCCN1CCN(c2cccc3ccccc23)CC1,-0.954242509439325,training
O=C1c2ccccc2S(=O)(=O)N1CCCCCCN1CCN(c2ccccc2)CC1,-1.30102999566398,training
O=C1c2ccccc2S(=O)(=O)N1CCCCCCN1CCN(c2cccc(C(F)(F)F)c2)CC1,-1.39794000867204,training
O=C1c2ccccc2S(=O)(=O)N1CCCCCCN1CCN(c2ccccc2C(F)(F)F)CC1,-2.19312459835446,training
COc1ccc(N2CCN(CCCCCCN3C(=O)c4ccccc4S3(=O)=O)CC2)cc1,-2.51454775266029,training
COc1cccc(N2CCN(CCCCCCN3C(=O)c4ccccc4S3(=O)=O)CC2)c1,-1.27875360095283,training
COc1ccccc1N1CCN(CCCCCCN2C(=O)c3ccccc3S2(=O)=O)CC1,-1.95904139232109,training
O=C1c2ccccc2S(=O)(=O)N1CCCCCCN1CCN(c2ccc(Cl)c(Cl)c2)CC1,-1.73239375982297,training
O=C1c2ccccc2S(=O)(=O)N1CCCCCCN1CCN(c2cccc(Cl)c2Cl)CC1,-1.76342799356294,training
O=C1c2ccccc2S(=O)(=O)N1CCCCCCN1CCN(c2ccc(Cl)cc2)CC1,-1.92427928606188,valid
O=C1c2ccccc2S(=O)(=O)N1CCCCCCN1CCN(c2cccc(Cl)c2)CC1,-1.32221929473392,training
O=C1c2ccccc2S(=O)(=O)N1CCCCCCN1CCN(c2ccccc2F)CC1,-1.07918124604762,training
O=C1c2ccccc2S(=O)(=O)N1CCCCCCN1CCN(c2ccccc2Cl)CC1,-1.41497334797082,valid
CN1CC[C@H]2c3ccccc3N(c3ccccc3)C[C@]21C,-2.30000820255381,training
CC[C@H]1c2cc(OC)ccc2CC[C@@]1(C)N,-2.80000182781797,training
CC[C@H]1c2cc(C)ccc2OC[C@@]1(C)N,-3.29999949611698,training
CC[C@H]1c2ccccc2N(c2ccccc2)C[C@@]1(C)N,-1.86961302717213,training
CC[C@H]1c2cc(OC)ccc2OC[C@@]1(C)N,-3.40000061697638,training
CC[C@H]1c2cc(-c3ccccc3)ccc2OC[C@@]1(C)N,-3.29999949611698,test
CC[C@H]1c2ccc3ccccc3c2OC[C@@]1(C)N,-3.40000061697638,test
CC[C@H]1c2c(ccc3ccccc23)OC[C@@]1(C)N,-2.50000306805169,training
COc1cc(OC)c2c(c1)OC[C@@]1(C)NCC[C@@H]21,-3.0,training
C[C@@]12COc3c(-c4ccccc4)cccc3[C@@H]1CCN2,-2.30000820255381,training
CN1CC[C@H]2c3cccc(-c4ccccc4)c3OC[C@]21C,-2.30000820255381,training
C[C@@]12COc3c(Br)cccc3[C@@H]1CCN2,-3.0,test
C=CCc1ccccc1OCC(O)CNC(C)C,-1.33445375115093,training
COC(=O)CSCCCc1ccccc1OCC(O)CNC(C)C,-1.38201704257487,valid
CC(C)NCC(O)COc1ccccc1CCCSCC(=O)NCCOCCOCCNC(=O)OC(C)(C)C,-1.55388302664387,training
CC(C)NCC(O)COc1ccccc1CCCSCC(=O)NCCOCCOCCN,-3.45636603312904,training
CC(C)NCC(O)COc1ccccc1CCCSCC(=O)NCCOCCOCCNC(=O)CCCCCC1(C)C(/C=C/C=C/C=C2/N(CCCS(=O)(=O)O)c3ccc(S(=O)(=O)O)cc3C2(C)C)=[N+](CCCS(=O)(=O)O)c2ccc(S(=O)(=O)O)cc21,-2.41664050733828,training
CC(C)NCC(O)COc1ccccc1CCCSCC(=O)NCCOCCOCCNC(=O)CS(=O)(=O)O,-3.25042000230889,training
CC(C)NCC(O)COc1ccccc1CCCSCC(=O)NCCOCCOCCNC(=O)C1C(C(=O)O)C(C(=O)O)C1C(=O)O,-3.23552844690755,training
C=CCc1ccccc1OCC(O)CNCCOCCOCCOCCOCCNC(=O)OC(C)(C)C,-1.38201704257487,test
C=CCc1ccccc1OCC(O)CNCCOCCOCCOCCOCCN,-1.55388302664387,training
C=CCc1ccccc1OCC(O)CNCCOCCOCCOCCOCCNC(=O)CCCCCC1(C)C(/C=C/C=C/C=C2/N(CCCS(=O)(=O)O)c3ccc(S(=O)(=O)O)cc3C2(C)C)=[N+](CCCS(=O)(=O)O)c2ccc(S(=O)(=O)O)cc21,-3.45636603312904,training
C=CCc1ccccc1OCC(O)CNCCOCCOCCOCCOCCNC(=O)CS(=O)(=O)O,-2.41664050733828,training
C=CCc1ccccc1OCC(O)CNCCOCCOCCOCCOCCNC(=O)C1C(C(=O)O)C(C(=O)O)C1C(=O)O,-3.25042000230889,training
O=c1[nH]c(SCCCN2CCN(c3ccccc3)CC2)nc2c1sc1ccccc12,-2.56702636615906,training
O=c1[nH]c(SCCCN2CCN(Cc3ccccc3)CC2)nc2c1sc1ccccc12,-3.36285930295868,valid
O=c1[nH]c(SCCCN2CCC(Cc3ccccc3)CC2)nc2c1sc1ccccc12,-2.99694924849538,test
Nn1c(CCCCN2CCN(c3ccccc3)CC2)nc2c(sc3ccccc32)c1=O,-2.12710479836481,training
O=c1[nH]c(CCCCN2CCN(Cc3ccccc3)CC2)nc2c1sc1ccccc12,-2.98407703390283,training
O=c1[nH]c(CCCCN2CCC(Cc3ccccc3)CC2)nc2c1sc1ccccc12,-2.51587384371168,training
O=c1[nH]c(CCCCCN2CCN(Cc3ccccc3)CC2)nc2c1sc1ccccc12,-2.90741136077459,training
O=c1[nH]c(CCCCCN2CCC(Cc3ccccc3)CC2)nc2c1sc1ccccc12,-2.93247376467715,training
O=c1[nH]c(CCCCN2CCN(c3ccccc3)CC2)nc2c1sc1ccccc12,-3.05994188806195,training
O=c1[nH]c(CCCCN2CCN(c3cccc(Cl)c3)CC2)nc2c1sc1ccccc12,-0.584331224367531,training
O=c1[nH]c(CCCCCN2CCN(c3ccccc3)CC2)nc2c1sc1ccccc12,-1.2148438480477,training
Cn1c(CCCCN2CCN(c3ccccc3)CC2)nc2c(sc3ccccc32)c1=O,-0.711807229041191,valid
COC(=O)c1sccc1NC(=O)CCCCN1CCN(c2ccccc2)CC1,-1.32633586092875,valid
NC(=O)c1sccc1NC(=O)CCCCN1CCN(c2ccccc2)CC1,-1.58771096501891,training
O=c1[nH]c(CCCCN2CCN(c3ccccc3)CC2)nc2ccsc12,-1.60638136511061,training
O=c1[nH]c(CCCCN2CCN(c3cccc(Cl)c3)CC2)nc2ccsc12,-0.322219294733919,training
COc1ccc(Cl)cc1N1CCN(CCCCc2nc3ccsc3c(=O)[nH]2)CC1,-1.12710479836481,test
O=c1[nH]c(CCCCN2CCN(Cc3ccccc3)CC2)nc2ccsc12,-2.68930885912362,training
O=c1[nH]c(CCCCN2CCC(Cc3ccccc3)CC2)nc2ccsc12,-2.00860017176192,valid
O=c1[nH]c(CCCCN2CCN(c3ccccc3)CC2)nc2cc(-c3ccccc3)sc12,-1.60638136511061,test
O=c1ccc2ccc(OCCCCN3CCN(c4cccc5sccc45)CC3)cc2[nH]1,0.920818753952375,training
O=C1[C@H]2[C@@H]3CC[C@@H](C3)[C@H]2C(=O)N1C[C@@H]1CCCC[C@H]1CN1CCN(c2nsc3ccccc23)CC1,-0.826074802700826,test
COc1ccc2[nH]cc(C3CCCN(CCCCN4C(=O)CC(c5c[nH]c6ccc(OC)cc56)C4=O)C3)c2c1,-1.7160033436348,training
COc1ccc2[nH]cc(C3CCCN(CCCCN4C(=O)CC(c5c[nH]c6ccccc56)C4=O)C3)c2c1,-1.89209460269048,training
O=C1CC(c2c[nH]c3ccccc23)C(=O)N1CCCCN1CCCC(c2c[nH]c3ccc(F)cc23)C1,-2.26245108973043,training
O=C1CC(c2c[nH]c3ccccc23)C(=O)N1CCCCN1CCCC(c2c[nH]c3ccccc23)C1,-2.08635983067475,training
O=C1CC(c2c[nH]c3ccc(F)cc23)C(=O)N1CCN1CCC(c2c[nH]c3ccc(F)cc23)CC1,-2.84509804001426,training
O=C1CC(c2c[nH]c3ccc(F)cc23)C(=O)N1CCN1CCC(c2c[nH]c3ccccc23)CC1,-2.50514997831991,test
COc1ccc2[nH]cc(C3CCN(CCCN4C(=O)CC(c5c[nH]c6ccc(F)cc56)C4=O)CC3)c2c1,-2.19589965240923,test
O=C1CC(c2c[nH]c3ccc(F)cc23)C(=O)N1CCCN1CCC(c2c[nH]c3ccc(F)cc23)CC1,-2.52633927738984,training
O=C1CC(c2c[nH]c3ccc(F)cc23)C(=O)N1CCCN1CCC(c2c[nH]c3ccccc23)CC1,-2.15594301797184,training
COc1ccc2[nH]cc(C3CCN(CCCCN4C(=O)CC(c5c[nH]c6ccc(F)cc56)C4=O)CC3)c2c1,-0.505149978319906,training
O=C1CC(c2c[nH]c3ccc(F)cc23)C(=O)N1CCCCN1CCC(c2c[nH]c3ccc(F)cc23)CC1,-0.845098040014257,training
O=C1CC(c2c[nH]c3ccc(F)cc23)C(=O)N1CCCCN1CCC(c2c[nH]c3ccccc23)CC1,-1.11394335230684,training
COc1ccc2[nH]cc(C3CCN(CCN4C(=O)CC(c5c[nH]c6ccc(OC)cc56)C4=O)CC3)c2c1,-2.38021124171161,training
COc1ccc2[nH]cc(C3CC(=O)N(CCN4CCC(c5c[nH]c6ccc(F)cc56)CC4)C3=O)c2c1,-2.34635297445064,training
COc1ccc2[nH]cc(C3CC(=O)N(CCN4CCC(c5c[nH]c6ccccc56)CC4)C3=O)c2c1,-1.68752896121463,training
COc1ccc2[nH]cc(C3CCN(CCCN4C(=O)CC(c5c[nH]c6ccc(OC)cc56)C4=O)CC3)c2c1,-1.83695673705955,valid
COc1ccc2[nH]cc(C3CC(=O)N(CCCN4CCC(c5c[nH]c6ccc(F)cc56)CC4)C3=O)c2c1,-2.39093510710338,training
COc1ccc2[nH]cc(C3CC(=O)N(CCCN4CCC(c5c[nH]c6ccccc56)CC4)C3=O)c2c1,-2.30984300471607,training
COc1ccc2[nH]cc(C3CCN(CCCCN4C(=O)CC(c5c[nH]c6ccc(OC)cc56)C4=O)CC3)c2c1,-0.361727836017593,training
COc1ccc2[nH]cc(C3CC(=O)N(CCCCN4CCC(c5c[nH]c6ccc(F)cc56)CC4)C3=O)c2c1,-0.690196080028514,training
COc1ccc2[nH]cc(C3CC(=O)N(CCCCN4CCC(c5c[nH]c6ccccc56)CC4)C3=O)c2c1,-0.799340549453582,training
c1ccc(-c2ccc(CNCCc3c[nH]c4ccccc34)o2)cc1,-2.09691001300806,training
COc1cccc(-c2ccc(CNCCc3c[nH]c4ccc(OC)cc34)o2)c1,-1.95904139232109,valid
COc1ccc2[nH]cc(CCNCc3ccc(-c4cccc(O)c4)o3)c2c1,-1.80617997398389,valid
COc1ccc2[nH]cc(CCNCc3ccc(-c4cn[nH]c4)o3)c2c1,-2.16435285578444,training
COc1ccc2[nH]cc(CCNCc3ccc(-c4cnc5ccccc5c4)o3)c2c1,-3.02201573981772,training
COc1ccc2[nH]cc(CCNCc3ccc(-c4ccc(Cl)cc4)o3)c2c1,-2.3384564936046,training
COc1ccc(-c2ccc(CNCCc3c[nH]c4ccc(OC)cc34)o2)cc1,-2.52374646681156,training
Oc1ccc(-c2ccc(CNCCc3c[nH]c4ccccc34)o2)cc1,-2.46538285144842,valid
COc1cccc2[nH]cc(CCNCc3ccc(-c4ccc(O)cc4)o3)c12,-2.86451108105839,training
COc1ccc2[nH]cc(CCNCc3ccc(-c4ccc(O)cc4)o3)c2c1,-2.07918124604762,test
CN(CCc1c[nH]c2ccccc12)Cc1ccc(-c2ccccc2)o1,-2.88930170250631,training
Oc1ccc(-c2ccc(CNCCc3c[nH]c4ccc(F)cc34)o2)cc1,-3.00432137378264,test
Oc1ccc(-c2ccc(CNCCc3c[nH]c4cc(F)ccc34)o2)cc1,-2.30535136944662,training
Oc1ccc(-c2ccc(CNCCc3c[nH]c4ccc(Cl)cc34)o2)cc1,-2.63447727016073,training
Cc1ccc2[nH]cc(CCNCc3ccc(-c4ccc(O)cc4)o3)c2c1,-2.60097289568675,training
Oc1ccc(-c2ccc(CNCCc3c[nH]c4ncc(F)cc34)o2)cc1,-3.79267178914157,training
Fc1ccc2c(CCNCc3cccc(OCC(F)(F)C(F)F)c3)c[nH]c2c1,-3.5950550897593,training
COc1ccccc1N1CCN(CCCNC(=O)NN(Cc2ccccc2)c2ccccc2)CC1,-1.23044892137827,test
COc1ccccc1N1CCN(CCCNC(=O)NN(Cc2ccc(F)cc2)c2ccccc2)CC1,-1.53147891704226,training
COc1ccc(/C=C2\NC(=O)N(CCCN3CCN(c4ccccc4OC)CC3)C2=O)cc1OC,-1.11394335230684,valid
COc1ccc(/C=C2\NC(=O)N(CCCN3CCN(c4cccc(Cl)c4Cl)CC3)C2=O)cc1OC,-1.72427586960079,training
COc1ccc(/C=C2\NC(=O)N(CCCN3CCN(c4ncccn4)CC3)C2=O)cc1OC,-1.07918124604762,training
COc1ccc(/C=C2\NC(=O)N(CCCCN3CCN(c4ccccc4OC)CC3)C2=O)cc1OC,-0.845098040014257,training
COc1ccc(/C=C2\NC(=O)N(CCCCN3CCN(c4cccc(Cl)c4Cl)CC3)C2=O)cc1OC,0.698970004336019,training
COc1ccc(/C=C2\NC(=O)N(CCCCN3CCN(c4ncccn4)CC3)C2=O)cc1OC,-1.65321251377534,training
COc1ccc(/C=C2\NC(=O)N(CCCN3CCN(c4ccccc4OC)CC3)C2=O)cc1OC1CCCC1,-1.568201724067,test
COc1ccc(/C=C2\NC(=O)N(CCCN3CCN(c4ncccn4)CC3)C2=O)cc1OC1CCCC1,-1.92941892571429,test
COc1ccc(/C=C2\NC(=O)N(CCCCN3CCN(c4ccccc4OC)CC3)C2=O)cc1OC1CCCC1,0.0,training
COc1ccc(/C=C2\NC(=O)N(CCCCN3CCN(c4cccc(Cl)c4Cl)CC3)C2=O)cc1OC1CCCC1,-2.12057393120585,training
COc1ccc(/C=C2\NC(=O)N(CCCCN3CCN(c4ncccn4)CC3)C2=O)cc1OC1CCCC1,-1.80617997398389,valid
CNC(=O)Cn1c2c(c3ccccc31)CN(CCCCC13CCCc4cccc(c41)NC3=O)CC2,-2.10720996964787,training
CCC1(CCCCN2CCN(c3ccc(Cl)cc3)CC2)C(=O)Nc2cc(F)ccc21,-3.20682587603185,training
COc1ccccc1N1CCN(Cc2cn(-c3cccc4ccccc34)c3ccccc23)CC1,-2.84509804001426,training
COc1ccccc1N1CCN(CC(O)CN2C(=O)NC(C)(c3ccc(F)cc3)C2=O)CC1,-2.08278537031645,training
O=S(=O)(c1ccc2cc[nH]c2c1)N1CCC[C@H]1CCN1CCC(Oc2ccc(Cl)cc2)CC1,-2.74973631556906,training
COc1ccc(S(=O)(=O)NCCCN2CCN(c3ccccc3OC)CC2)cc1,-2.4345689040342,training
Clc1ccc(-c2nn(Cc3ccccc3)c3c2CCNCC3)cc1,-0.812913356642856,training
Cc1nn(C)c(C)c1-c1cccc2c1CC[C@H](N(C)C)C2,-1.95279244304409,test
Cc1nn(C)c(C)c1-c1cccc(CCN(C)C)c1,-2.84509804001426,training
COc1cccc(OC)c1-c1cccc(CCN(C)C)c1,-3.68358731757277,valid
CN1CCN(c2nc(N)nc(COc3ccccc3)n2)CC1,-3.9408152086508,test
CN1CCN(c2nc(N)nc(COc3ccccc3Cl)n2)CC1,-3.73774907389156,training
CN1CCN(c2nc(N)nc(COc3cccc(Cl)c3)n2)CC1,-3.87535069657929,valid
Cc1ccc(C(C)C)c(OCc2nc(N)nc(N3CCN(C)CC3)n2)c1,-4.09795107099415,training
Cc1ccccc1OCc1nc(N)nc(N2CCN(C)CC2)n1,-4.15106325335375,training
Cc1cccc(OCc2nc(N)nc(N3CCN(C)CC3)n2)c1,-4.17811325231463,training
Cc1ccc(OCc2nc(N)nc(N3CCN(C)CC3)n2)cc1,-4.45499721730946,training
Cc1cc(Cl)ccc1OCc1nc(N)nc(N2CCN(C)CC2)n1,-3.88581337466049,valid
CN1CCN(c2nc(N)nc(COc3ccc(Cl)cc3Cl)n2)CC1,-3.20682587603185,valid
Cc1cc(OCc2nc(N)nc(N3CCN(C)CC3)n2)ccc1Cl,-3.55436800099009,training
CC(Oc1cccc(Cl)c1)c1nc(N)nc(N2CCN(C)CC2)n1,-3.53630587235103,training
CC(Oc1ccccc1Cl)c1nc(N)nc(N2CCN(C)CC2)n1,-3.6570558528571,training
CN1CCN(c2nc(N)nc(CSc3ccccc3)n2)CC1,-3.64236558084497,training
CN1CCN(c2nc(N)nc(CSc3ccccc3Cl)n2)CC1,-3.22530928172586,training
CC(Sc1ccccc1Cl)c1nc(N)nc(N2CCN(C)CC2)n1,-3.52943035436699,training
O=c1c(-c2ccccc2)c2n(c(=O)n1CCCCN1CCCC(c3c[nH]c4ccccc34)C1)CCCC2,-1.43136376415899,valid
O=c1c(-c2ccccc2Cl)c2n(c(=O)n1CCCCN1CCCC(c3c[nH]c4ccccc34)C1)CCCC2,-0.903089986991943,valid
O=c1c(-c2ccccc2F)c2n(c(=O)n1CCCCN1CCCC(c3c[nH]c4ccccc34)C1)CCCC2,-1.17609125905568,training
Cc1ccccc1-c1c2n(c(=O)n(CCCCN3CCCC(c4c[nH]c5ccccc45)C3)c1=O)CCCC2,-1.79239168949825,training
COc1ccccc1-c1c2n(c(=O)n(CCCCN3CCCC(c4c[nH]c5ccccc45)C3)c1=O)CCCC2,-1.39794000867204,valid
O=c1c(-c2ccc(Cl)cc2)c2n(c(=O)n1CCCCN1CCCC(c3c[nH]c4ccccc34)C1)CCCC2,-1.47712125471966,valid
O=c1c(-c2ccc(F)cc2)c2n(c(=O)n1CCCCN1CCCC(c3c[nH]c4ccccc34)C1)CCCC2,-1.11394335230684,valid
Cc1ccc(-c2c3n(c(=O)n(CCCCN4CCCC(c5c[nH]c6ccccc56)C4)c2=O)CCCC3)cc1,-1.69897000433602,test
COc1ccc(-c2c3n(c(=O)n(CCCCN4CCCC(c5c[nH]c6ccccc56)C4)c2=O)CCCC3)cc1,-1.7160033436348,training
O=c1c(-c2ccccc2)c2n(c(=O)n1CCCCN1CCCC(c3c[nH]c4ccc(F)cc34)C1)CCCC2,-2.02118929906994,training
O=c1c(-c2ccccc2Cl)c2n(c(=O)n1CCCCN1CCCC(c3c[nH]c4ccc(F)cc34)C1)CCCC2,-1.67209785793572,training
O=c1c(-c2ccccc2F)c2n(c(=O)n1CCCCN1CCCC(c3c[nH]c4ccc(F)cc34)C1)CCCC2,-1.44715803134222,training
Cc1ccccc1-c1c2n(c(=O)n(CCCCN3CCCC(c4c[nH]c5ccc(F)cc45)C3)c1=O)CCCC2,-2.15228834438306,training
COc1ccccc1-c1c2n(c(=O)n(CCCCN3CCCC(c4c[nH]c5ccc(F)cc45)C3)c1=O)CCCC2,-1.60205999132796,training
O=c1c(-c2ccc(Cl)cc2)c2n(c(=O)n1CCCCN1CCCC(c3c[nH]c4ccc(F)cc34)C1)CCCC2,-2.41329976408125,training
O=c1c(-c2ccc(F)cc2)c2n(c(=O)n1CCCCN1CCCC(c3c[nH]c4ccc(F)cc34)C1)CCCC2,-1.49136169383427,training
Cc1ccc(-c2c3n(c(=O)n(CCCCN4CCCC(c5c[nH]c6ccc(F)cc56)C4)c2=O)CCCC3)cc1,-2.36735592102602,training
COc1ccc(-c2c3n(c(=O)n(CCCCN4CCCC(c5c[nH]c6ccc(F)cc56)C4)c2=O)CCCC3)cc1,-1.6232492903979,training
COc1ccc2[nH]cc(C3CCCN(CCCCn4c(=O)c(-c5ccccc5)c5n(c4=O)CCCC5)C3)c2c1,-2.00860017176192,training
COc1ccc2[nH]cc(C3CCCN(CCCCn4c(=O)c(-c5ccccc5Cl)c5n(c4=O)CCCC5)C3)c2c1,-1.69897000433602,training
COc1ccc2[nH]cc(C3CCCN(CCCCn4c(=O)c(-c5ccccc5F)c5n(c4=O)CCCC5)C3)c2c1,-2.37291200297011,training
COc1ccc2[nH]cc(C3CCCN(CCCCn4c(=O)c(-c5ccccc5C)c5n(c4=O)CCCC5)C3)c2c1,-1.81954393554187,training
COc1ccc2[nH]cc(C3CCCN(CCCCn4c(=O)c(-c5ccccc5OC)c5n(c4=O)CCCC5)C3)c2c1,-2.37839790094814,training
COc1ccc2[nH]cc(C3CCCN(CCCCn4c(=O)c(-c5ccc(Cl)cc5)c5n(c4=O)CCCC5)C3)c2c1,-1.36172783601759,test
COc1ccc2[nH]cc(C3CCCN(CCCCn4c(=O)c(-c5ccc(F)cc5)c5n(c4=O)CCCC5)C3)c2c1,-1.88081359228079,valid
COc1ccc2[nH]cc(C3CCCN(CCCCn4c(=O)c(-c5ccc(C)cc5)c5n(c4=O)CCCC5)C3)c2c1,-2.50650503240487,valid
COc1ccc(-c2c3n(c(=O)n(CCCCN4CCCC(c5c[nH]c6ccc(OC)cc56)C4)c2=O)CCCC3)cc1,-1.7160033436348,valid
COc1ccc2[nH]cc(C3=CCN(Cc4cc(=O)[nH]c5ccccc45)CC3)c2c1,-2.09691001300806,training
C1=C(c2c[nH]c3ccccc23)CCN(Cc2ccco2)C1,-2.87621784059164,test
COc1ccc2[nH]cc(C3=CCN(Cc4ccco4)CC3)c2c1,-2.29003461136252,training
CCOc1ccc2[nH]cc(C3=CCN(Cc4ccco4)CC3)c2c1,-2.68663626926229,training
CC(C)Oc1ccc2[nH]cc(C3=CCN(Cc4ccco4)CC3)c2c1,-2.63447727016073,training
C1=C(c2c[nH]c3ccccc23)CCN(Cc2cccs2)C1,-2.48429983934679,training
COc1ccc2[nH]cc(C3=CCN(Cc4cccs4)CC3)c2c1,-2.19589965240923,training
CCOc1ccc2[nH]cc(C3=CCN(Cc4cccs4)CC3)c2c1,-2.14301480025409,training
CC(C)Oc1ccc2[nH]cc(C3=CCN(Cc4cccs4)CC3)c2c1,-2.33041377334919,training
C1=C(c2c[nH]c3ccccc23)CCN(Cc2ccccc2)C1,-2.54900326202579,test
COc1ccc2[nH]cc(C3=CCN(Cc4ccccc4)CC3)c2c1,-2.14301480025409,training
CCOc1ccc2[nH]cc(C3=CCN(Cc4ccccc4)CC3)c2c1,-2.34242268082221,training
CC(C)Oc1ccc2[nH]cc(C3=CCN(Cc4ccccc4)CC3)c2c1,-2.30749603791321,training
COc1ccc(CN2CC=C(c3c[nH]c4ccccc34)CC2)cc1,-2.38560627359831,training
COc1ccc(CN2CC=C(c3c[nH]c4ccc(OC)cc34)CC2)cc1,-2.12710479836481,training
CCOc1ccc2[nH]cc(C3=CCN(Cc4ccc(OC)cc4)CC3)c2c1,-2.28780172993023,training
COc1ccc(CN2CC=C(c3c[nH]c4ccc(OC(C)C)cc34)CC2)cc1,-2.57749179983722,training
COc1cccc(CN2CC=C(c3c[nH]c4ccccc34)CC2)c1,-2.38560627359831,valid
COc1cccc(CN2CC=C(c3c[nH]c4ccc(OC)cc34)CC2)c1,-2.13033376849501,training
CCOc1ccc2[nH]cc(C3=CCN(Cc4cccc(OC)c4)CC3)c2c1,-2.20411998265592,training
COc1cccc(CN2CC=C(c3c[nH]c4ccc(OC(C)C)cc34)CC2)c1,-2.46239799789896,training
CN1CCN2c3ncccc3Cc3ccccc3C2C1,-1.25527250510331,training
Cn1cncc1-c1c[nH]c2ccc(C(N)=O)cc12,-2.34242268082221,training
CCn1cncc1-c1c[nH]c2ccc(C(N)=O)cc12,-2.0899051114394,training
CCn1cncc1-c1c[nH]c2ccc(I)cc12,-3.02118929906994,training
COc1cc2c(cc1OC)C(=O)N(CCCCN1CCN(c3ccccn3)CC1)CCC2,-0.079181246047625,test
COc1cccc(N2CCN(CCCCCCN3C(=O)c4cccc5cccc3c45)CC2)c1,-1.67209785793572,valid
COc1ccc(N2CCN(CCCCCCN3C(=O)c4cccc5cccc3c45)CC2)cc1,-2.46389298898591,training
CCOc1ccccc1N1CCN(CCCCCCN2C(=O)c3cccc4cccc2c34)CC1,-1.34242268082221,training
O=C1c2cccc3cccc(c23)N1CCCCCCN1CCN(c2ccccn2)CC1,-1.50514997831991,training
O=C1c2cccc3cccc(c23)N1CCCCCCN1CCN(c2ncccn2)CC1,-1.9731278535997,training
O=C1c2cccc3cccc(c23)N1CCCCCCN1CCN(c2ccccc2[N+](=O)[O-])CC1,-3.97648753730519,training
O=C1c2cccc3cccc(c23)N1CCCCCCN1CCN(c2cccc3cccnc23)CC1,-1.34242268082221,training
CCOc1ccccc1N1CCN(CCCCCCN2c3cccc4cccc(c34)S2(=O)=O)CC1,-1.68124123737559,training
O=S1(=O)c2cccc3cccc(c23)N1CCCCCCN1CCN(c2ccccn2)CC1,-1.54406804435028,training
O=[N+]([O-])c1ccccc1N1CCN(CCCCCCN2c3cccc4cccc(c34)S2(=O)=O)CC1,-2.68304703823885,training
COc1ccccc1N1CCN(CCCCCCN2C(=O)c3cccc4cccc(c34)C2=O)CC1,-1.30102999566398,training
COc1cccc(N2CCN(CCCCCCN3C(=O)c4cccc5cccc(c45)C3=O)CC2)c1,-1.67209785793572,training
COc1ccc(N2CCN(CCCCCCN3C(=O)c4cccc5cccc(c45)C3=O)CC2)cc1,-3.55254654795566,training
CCOc1ccccc1N1CCN(CCCCCCN2C(=O)c3cccc4cccc(c34)C2=O)CC1,-1.44715803134222,training
O=C1c2cccc3cccc(c23)C(=O)N1CCCCCCN1CCN(c2ccccn2)CC1,-2.23552844690755,training
O=C1c2cccc3cccc(c23)C(=O)N1CCCCCCN1CCN(c2ccccc2[N+](=O)[O-])CC1,-2.57170883180869,training
COc1ccccc1N1CCN(CCCCCCn2c(=O)n3c4c(cccc42)CCC3)CC1,-1.27875360095283,training
c1ccc(OCCNCC2(c3ccccc3)COCCO2)cc1,-2.42999438415171,training
COc1ccccc1OCCNCC1(c2ccccc2)COCCO1,-1.88001283836677,training
c1ccc(OCCNCC2OCCOC2(c2ccccc2)c2ccccc2)cc1,-1.44994098877334,training
COc1ccccc1OCCNCC1OCCOC1(c1ccccc1)c1ccccc1,-0.599992177584098,training
COc1cccc(OC)c1OCCNCC1OCCOC1(c1ccccc1)c1ccccc1,-1.82000430680832,training
COc1ccccc1N1CCN(CC2COCC(c3ccccc3)(c3ccccc3)O2)CC1,-0.700011062322112,training
COc1ccccc1N1CCN(CC2(c3ccccc3)COCCO2)CC1,-2.23999979288687,training
COc1ccccc1N1CCN(C[C@H]2OCCOC2(c2ccccc2)c2ccccc2)CC1,-1.07990446766672,valid
Cc1cc(Oc2nccc3occc23)ccc1-c1c(C)ncc2nccn12,-3.07918124604762,training
Cc1ncc2nccn2c1-c1ccc(Oc2nccc3occc23)cc1C(F)(F)F,-3.83884909073726,test
FC(F)(F)c1cc(Oc2nccc3occc23)ccc1-c1cccc2nccn12,-3.39794000867204,training
FC(F)(F)c1cc(Oc2nccc3ccsc23)ccc1-c1cccc2nccn12,-3.56820172406699,training
CCn1cncc1-c1c[nH]c2c(F)cc(I)cc12,-2.82994669594164,training
CCn1cncc1-c1c[nH]c2ccc(OC)cc12,-2.82020145948564,training
CCn1cncc1-c1c[nH]c2ccc(F)cc12,-3.36995760734605,training
CCn1cncc1-c1c[nH]c2ccc(C)cc12,-3.33000770087276,training
CCn1cncc1-c1c[nH]c2ccc(Cl)cc12,-3.95999483832842,training
CCn1cncc1-c1c[nH]c2ccc(Br)cc12,-3.0899051114394,training
CCn1cncc1-c1c[nH]c2ccc(C(F)(F)F)cc12,-3.63998424804159,training
CCn1cncc1-c1c[nH]c2ccc(OC(F)(F)F)cc12,-3.51995918075207,training
CCn1cncc1-c1c[nH]c2cccc(F)c12,-3.7499680835094,training
Cn1cncc1-c1c[nH]c2ccc(Cl)c(F)c12,-3.36995760734605,training
CCn1cncc1-c1c[nH]c2ccc(Cl)c(F)c12,-3.22993768590793,training
Cn1cncc1-c1c[nH]c2ccc(Br)c(F)c12,-3.03019478535675,training
CCn1cncc1-c1c[nH]c2ccc(Br)c(F)c12,-2.4996870826184,training
Cn1cncc1-c1c[nH]c2ccc(Br)cc12,-3.0899051114394,training
Cn1cncc1-c1c[nH]c2ccc(I)cc12,-2.92012332629072,training
COc1ccc2[nH]cc(-c3cncn3C)c2c1F,-2.30102999566398,training
CCn1cncc1-c1c[nH]c2ccc(OC)c(F)c12,-2.41995574848976,training
Cn1cncc1-c1c[nH]c2ccc(C(N)=O)c(F)c12,-3.24004977211265,training
CCn1cncc1-c1c[nH]c2ccc(C(N)=O)c(F)c12,-2.9698816437465,valid
CCn1cncc1-c1c[nH]c2ccc(I)c(F)c12,-2.7701152947871,training
CC(C)CCO[C@H]1[C@H]2CCN(CCc3ccc4ccccc4c3)CCCCCCOCc3cn(nn3)C[C@@H](O2)[C@@H]2OC(C)(C)O[C@H]12,-2.49136169383427,training
CC(C)CCO[C@H]1[C@H]2CCN(CCc3ccc4ccccc4c3)CC[C@H]3O[C@H](Cn4cc(nn4)COC[C@@H](O2)[C@@H]2OC(C)(C)O[C@H]12)[C@@H]1OC(C)(C)O[C@@H]1[C@H]3OCCC(C)C,-2.6232492903979,training
COc1ccc(-c2c(=O)n(CCCCN3CCCC(c4c[nH]c5ccc(OC)cc45)C3)c(=O)n3ccccc23)cc1,-1.79239168949825,training
COc1ccc2[nH]cc(C3CCCN(CCCCn4c(=O)c(-c5ccc(C)cc5)c5ccccn5c4=O)C3)c2c1,-2.52244423350632,training
COc1ccc2[nH]cc(C3CCCN(CCCCn4c(=O)c(-c5ccc(F)cc5)c5ccccn5c4=O)C3)c2c1,-2.44870631990508,training
COc1ccc2[nH]cc(C3CCCN(CCCCn4c(=O)c(-c5ccc(Cl)cc5)c5ccccn5c4=O)C3)c2c1,-2.40993312333129,training
COc1ccc2[nH]cc(C3CCCN(CCCCn4c(=O)c(-c5ccccc5OC)c5ccccn5c4=O)C3)c2c1,-1.83884909073726,training
COc1ccc2[nH]cc(C3CCCN(CCCCn4c(=O)c(-c5ccccc5C)c5ccccn5c4=O)C3)c2c1,-2.67760695272049,training
COc1ccc2[nH]cc(C3CCCN(CCCCn4c(=O)c(-c5ccccc5F)c5ccccn5c4=O)C3)c2c1,-2.11394335230684,training
COc1ccc2[nH]cc(C3CCCN(CCCCn4c(=O)c(-c5ccccc5Cl)c5ccccn5c4=O)C3)c2c1,-2.24551266781415,training
COc1ccc2[nH]cc(C3CCCN(CCCCn4c(=O)c(-c5ccccc5)c5ccccn5c4=O)C3)c2c1,-2.41664050733828,training
COc1ccc(-c2c(=O)n(CCCCN3CCCC(c4c[nH]c5ccc(F)cc45)C3)c(=O)n3ccccc23)cc1,-2.14612803567824,training
Cc1ccc(-c2c(=O)n(CCCCN3CCCC(c4c[nH]c5ccc(F)cc45)C3)c(=O)n3ccccc23)cc1,-2.13353890837022,training
O=c1c(-c2ccc(F)cc2)c2ccccn2c(=O)n1CCCCN1CCCC(c2c[nH]c3ccc(F)cc23)C1,-2.16731733474818,valid
O=c1c(-c2ccc(Cl)cc2)c2ccccn2c(=O)n1CCCCN1CCCC(c2c[nH]c3ccc(F)cc23)C1,-2.19033169817029,test
COc1ccccc1-c1c(=O)n(CCCCN2CCCC(c3c[nH]c4ccc(F)cc34)C2)c(=O)n2ccccc12,-1.90308998699194,training
Cc1ccccc1-c1c(=O)n(CCCCN2CCCC(c3c[nH]c4ccc(F)cc34)C2)c(=O)n2ccccc12,-2.57518784492766,valid
O=c1c(-c2ccccc2F)c2ccccn2c(=O)n1CCCCN1CCCC(c2c[nH]c3ccc(F)cc23)C1,-2.3384564936046,training
O=c1c(-c2ccccc2Cl)c2ccccn2c(=O)n1CCCCN1CCCC(c2c[nH]c3ccc(F)cc23)C1,-2.57749179983722,test
O=c1c(-c2ccccc2)c2ccccn2c(=O)n1CCCCN1CCCC(c2c[nH]c3ccc(F)cc23)C1,-2.32014628611105,training
COc1ccc(-c2c(=O)n(CCCCN3CCCC(c4c[nH]c5ccccc45)C3)c(=O)n3ccccc23)cc1,-1.6232492903979,training
Cc1ccc(-c2c(=O)n(CCCCN3CCCC(c4c[nH]c5ccccc45)C3)c(=O)n3ccccc23)cc1,-1.79934054945358,training
O=c1c(-c2ccc(F)cc2)c2ccccn2c(=O)n1CCCCN1CCCC(c2c[nH]c3ccccc23)C1,-1.66275783168157,training
O=c1c(-c2ccc(Cl)cc2)c2ccccn2c(=O)n1CCCCN1CCCC(c2c[nH]c3ccccc23)C1,-2.46834733041216,training
COc1ccccc1-c1c(=O)n(CCCCN2CCCC(c3c[nH]c4ccccc34)C2)c(=O)n2ccccc12,-2.12057393120585,training
Cc1ccccc1-c1c(=O)n(CCCCN2CCCC(c3c[nH]c4ccccc34)C2)c(=O)n2ccccc12,-2.00860017176192,training
O=c1c(-c2ccccc2F)c2ccccn2c(=O)n1CCCCN1CCCC(c2c[nH]c3ccccc23)C1,-1.72427586960079,training
O=c1c(-c2ccccc2Cl)c2ccccn2c(=O)n1CCCCN1CCCC(c2c[nH]c3ccccc23)C1,-1.69897000433602,training
O=c1c(-c2ccccc2)c2ccccn2c(=O)n1CCCCN1CCCC(c2c[nH]c3ccccc23)C1,-1.34242268082221,training
COc1ccc(OCCN2CCN(C(=O)c3cc4ccccc4[nH]3)CC2)cc1,-3.32387060654051,training
CCCN[C@H]1CCc2nc(N)sc2C1,-3.81384775422885,training
CCCN(CC[C@]1(O)C[C@H](NC(=O)c2ccc3ccccc3c2)C1)[C@H]1CCc2nc(N)sc2C1,-2.85003325768977,test
Fc1ccc2[nH]cc(CCN3CCN(c4nsc5ccccc45)CC3)c2c1,-0.204119982655925,training
Fc1ccc2[nH]cc(CCCN3CCN(c4nsc5ccccc45)CC3)c2c1,-0.204119982655925,valid
Fc1ccc(N2CCN(CCCc3c[nH]c4ccc(F)cc34)CC2)c(-c2ccsc2)c1,-0.924279286061882,training
Fc1ccc(N2CCN(CCCc3c[nH]c4ccc(F)cc34)CC2)c(-c2cccs2)c1,-1.57978359661681,training
Fc1ccc(N2CCN(CCCc3c[nH]c4ccc(F)cc34)CC2)c(-c2ccoc2)c1,-1.17609125905568,valid
Fc1ccc(N2CCN(CCCc3c[nH]c4ccc(F)cc34)CC2)c(-c2cn[nH]c2)c1,-0.799340549453582,training
Fc1ccc(OCCN2CCC(c3c[nH]c4ccc(F)cc34)CC2)c(-c2ccccc2)c1,-1.07918124604762,training
Fc1cccc(-c2cc(F)ccc2OCCN2CCC(c3c[nH]c4ccc(F)cc34)CC2)c1,-1.23044892137827,training
CCc1cc(Cl)c(OC)c(N2CCN(CC(F)CCNC(=O)c3cc4ccccc4[nH]3)CC2)c1,-3.97772360528885,training
CCc1cccc(N2CCN(CC(F)CCNC(=O)c3cc4ccccc4[nH]3)CC2)c1Cl,-2.95904139232109,test
CCc1cc(Cl)c(OC)c(N2CCN(CC(F)CCNC(=O)c3cc4ccccc4o3)CC2)c1,-3.42488163663107,training
CCc1cccc(N2CCN(CC(F)CCNC(=O)c3cc4ccccc4o3)CC2)c1Cl,-2.06818586174616,training
COc1ccc2c(c1)c(C1=CCNCC1)cn2S(=O)(=O)c1cncc2ccccc12,-3.69975103168951,training
COc1ccc2c(c1)c(C1=CCNCC1)cn2S(=O)(=O)c1ccc2cccnc2c1,-3.70208572143583,training
COc1ccc2c(c1)c(C1=CCNCC1)cn2S(=O)(=O)c1cccc2ncccc12,-3.46893780566546,training
O=S(=O)(c1ccc2cccnc2c1)n1cc(C2=CCNCC2)c2cc(Cl)ccc21,-3.39216914948974,training
O=S(=O)(c1ccc2ncccc2c1)n1cc(C2=CCNCC2)c2ccccc21,-3.27230584440209,training
O=C(CCN1CCN(c2ccccc2)CC1)N1CCN(c2ccccc2)CC1,-2.4345689040342,training
O=C(CCCCN1CCN(c2ccccc2)CC1)N1CCN(c2ccccc2)CC1,-2.54406804435028,training
O=C(CCN1CCN(c2cccc(Cl)c2)CC1)N1CCN(c2ccccc2)CC1,-1.52504480703685,training
O=C(CCN1CCN(c2ccc(Cl)cc2)CC1)N1CCN(c2ccccc2)CC1,-3.22634208716363,training
CCOc1ccccc1N1CCN(CCC(=O)N2CCN(c3ccccc3)CC2)CC1,-1.91275330367132,training
O=C(CCN1CCN(c2ccccc2)CC1)N1CCN(c2cccc(Cl)c2)CC1,-3.03100428136354,training
O=C(CCN1CCN(Cc2ccccc2)CC1)N1CCN(c2cccc(Cl)c2)CC1,-2.00432137378264,training
O=C(CCN1CCN(c2cccc(Cl)c2)CC1)N1CCN(c2cccc(Cl)c2)CC1,-2.15228834438306,training
O=C(CCN1CCN(c2ccc(Cl)cc2)CC1)N1CCN(c2cccc(Cl)c2)CC1,-2.48000694295715,training
CCOc1ccccc1N1CCN(CCC(=O)N2CCN(c3cccc(Cl)c3)CC2)CC1,-1.18184358794477,training
O=C(CCNCc1ccccc1)N1CCN(c2ccccc2)CC1,-2.97220283837906,training
O=C(CCN1CCN(Cc2ccccc2)CC1)NCc1ccccc1,0.468521082957745,training
O=C(CCNCc1ccccc1)NCc1ccccc1,-3.57403126772772,valid
CCc1cc(Cl)c(OC)c(N2CCNCC2)c1,-3.55144999797288,training
CCc1cccc(N2CCNCC2)c1Cl,-1.84695532501982,training
CCc1cc(Cl)c(OC)c(N2CCN(C)CC2)c1,-3.64345267648619,training
CCc1cccc(N2CCN(C)CC2)c1Cl,-1.60530504614111,valid
CCCCN1CCN(c2cc(CC)cc(Cl)c2OC)CC1,-3.3541084391474,training
CCCCN1CCN(c2cccc(CC)c2Cl)CC1,-1.568201724067,training
CCc1cc(Cl)c(OC)c(N2CCN(CCCCNC(=O)c3cc4ccccc4[nH]3)CC2)c1,-3.36735592102602,training
CCc1cc(Cl)c(OC)c(N2CCN(CCCCNC(=O)c3cc4ccccc4o3)CC2)c1,-2.7481880270062,training
CCc1cc(Cl)c(OC)c(N2CCN(CC(O)CCNC(=O)c3cc4ccccc4o3)CC2)c1,-3.38201704257487,training
CCc1cccc(N2CCN(CCCCNC(=O)c3cc4ccccc4[nH]3)CC2)c1Cl,-1.77085201164214,training
CCc1cccc(N2CCN(CCCCNC(=O)c3cc4ccccc4o3)CC2)c1Cl,-1.41497334797082,training
CCc1cccc(N2CCN(CC(O)CCNC(=O)c3cc4ccccc4o3)CC2)c1Cl,-1.44090908206522,training
CN(C)C1CCc2c(cccc2C2CCCC2)C1,-1.99122607569249,training
CN(C)C1CCc2c(cccc2-c2cc(F)cc(F)c2)C1,-2.36172783601759,test
COc1cccc(-c2cccc3c2CCC(N(C)C)C3)c1,-1.86332286012046,test
CN(C)C1CCc2c(cccc2-c2cncc3ccccc23)C1,-2.81291335664286,training
CN(C)C1CCc2c(cccc2-c2cc(Cl)cc(Cl)c2)C1,-3.34242268082221,training
CN(C)C1CCc2c(cccc2-c2ccc(F)cc2Cl)C1,-1.51851393987789,test
CN(C)C1CCc2c(cccc2-c2cccc(C(F)(F)F)c2)C1,-2.25527250510331,training
CN(C)C1CCc2c(cccc2-c2cccc(F)c2)C1,-1.36172783601759,training
Fc1ccccc1-c1cccc2c1CCC(N1CCCC1)C2,-0.113943352306837,training
CN(C)C1CCc2c(cccc2-c2c3ccccc3cc3ccccc23)C1,-3.14612803567824,training
CN(C)[C@H]1CCc2c(cccc2-c2cc(C(F)(F)F)cc(C(F)(F)F)c2)C1,-3.34830486304816,test
CN(C)C1CCc2c(cccc2-c2ccc(F)cc2)C1,-1.47712125471966,training
CN(C)C1CCc2c(cccc2-c2cccc(Cl)c2)C1,-1.91381385238372,training
CCCC(=O)Nc1ccc2c(c1)-c1c(OC)c(OC)cc3c1C(C2)N(C)CC3,-2.67117284271508,training
COc1cc2c3c(c1OCC1CC1)-c1cc(NC(C)=O)ccc1CC3N(C)CC2,-3.18752072083646,training
CCCC(=O)Nc1ccc2c(c1)-c1c(OCC3CC3)c(OC)cc3c1C(C2)N(C)CC3,-2.63245729218472,test
C=CCOc1c(OC)cc2c3c1-c1cc(NC(=O)CCC)ccc1CC3N(C)CC2,-2.66558099101795,training
C#CCOc1c(OC)cc2c3c1-c1cc(NC(=O)CCC)ccc1CC3N(C)CC2,-2.82020145948564,training
COc1cc2c3c(c1OCC1CC1)-c1cc(NS(C)(=O)=O)ccc1CC3N(C)CC2,-2.5854607295085,training
C=CCOc1c(OC)cc2c3c1-c1cc(NS(C)(=O)=O)ccc1CC3N(C)CC2,-2.60530504614111,training
C#CCOc1c(OC)cc2c3c1-c1cc(NS(C)(=O)=O)ccc1CC3N(C)CC2,-2.70842090013471,training
COc1cc2c3c(c1OCC1CC1)-c1cc(NC(N)=O)ccc1CC3N(C)CC2,-3.10720996964787,training
C#CCOc1c(OC)cc2c3c1-c1cc(NC(N)=O)ccc1CC3N(C)CC2,-2.959518376973,training
COc1cc2c3c(c1OC)-c1cc(N(C)C)ccc1CC3N(C)CC2,-3.19589965240923,training
COc1cc2c3c(c1OCC1CC1)-c1cc(N(C)C)ccc1CC3N(C)CC2,-3.15836249209525,training
CCCN1CCc2cccc3c2C1Cc1ccc(N)cc1-3,-1.47712125471966,training
CCCN1CCc2cccc3c2C1Cc1ccc(NC(C)=O)cc1-3,-1.32221929473392,training
CCCC(=O)Nc1ccc2c(c1)-c1cccc3c1C(C2)N(CCC)CC3,-1.17609125905568,training
CN1CCc2cccc3c2C1Cc1ccc(NS(C)(=O)=O)cc1-3,-2.12385164096709,training
CCCN1CCc2cccc3c2C1Cc1ccc(NS(C)(=O)=O)cc1-3,-1.36172783601759,training
CN1CCc2cccc3c2C1Cc1ccc(NC(N)=O)cc1-3,-1.69019608002851,training
CCCN1CCc2cccc3c2C1Cc1ccc(NC(N)=O)cc1-3,-2.37291200297011,training
CN(C)c1ccc2c(c1)-c1cccc3c1C(C2)N(C)CC3,-2.66086547800387,training
CCCN1CCc2cccc3c2C1Cc1ccc(N(C)C)cc1-3,-2.40823996531185,training
CN1CCc2cccc3c2C1Cc1ccc2nc(N)sc2c1-3,-2.2718416065365,valid
CCCN1CCc2cccc3c2C1Cc1ccc2nc(N)sc2c1-3,-1.96848294855394,valid
CN1CCc2cccc3c2C1Cc1cc2sc(N)nc2cc1-3,-1.36172783601759,training
CCCN1CCc2cccc3c2C1Cc1cc2sc(N)nc2cc1-3,-0.8750612633917,training
C#CCOc1c(OC)cc2c3c1-c1cc(N)ccc1CC3N(C)CC2,-2.63144376901317,training
COc1cc2c3c(c1OC)-c1cc(N)ccc1CC3N(C)CC2,-2.19312459835446,training
C#CCOc1c(OC)cc2c3c1-c1cc([N+](=O)[O-])ccc1CC3N(C)CC2,-2.31386722036915,training
C=CCOc1c(OC)cc2c3c1-c1cc([N+](=O)[O-])ccc1CC3N(C)CC2,-3.22427401429426,training
COc1cc2c3c(c1OC1CC1)-c1cc([N+](=O)[O-])ccc1CC3N(C)CC2,-2.64246452024212,test
COc1cc2c3c(c1OC)-c1cc([N+](=O)[O-])ccc1CC3N(C)CC2,-2.66086547800387,training
COc1cc2c3c(c1O)-c1cc([N+](=O)[O-])ccc1CC3N(C)CC2,-2.73878055848437,training
CCCC(=O)Nc1ccc2c(c1)-c1cccc3c1C(C2)N(C)CC3,-1.91907809237607,training
CC(=O)Nc1ccc2c(c1)-c1cccc3c1C(C2)N(C)CC3,-1.96848294855394,training
CN1CCc2cccc3c2C1Cc1ccc(N)cc1-3,-2.42975228000241,training
CN1CCc2cccc3c2C1Cc1ccc([N+](=O)[O-])cc1-3,-2.0,training
O=[N+]([O-])c1ccc2c(c1)-c1cccc3c1C(C2)NCC3,-2.54406804435028,training
O=C1[C@H]2[C@@H]3CC[C@@H](C3)[C@H]2C(=O)N1CCCCCCN1CCN(c2nsc3ccccc23)CC1,-1.43136376415899,training
O=C1[C@H]2[C@@H]3CC[C@@H](C3)[C@H]2C(=O)N1CCCCCCN1CCN(c2ccccc2Cl)CC1,-1.07918124604762,valid
O=C1[C@H]2[C@@H]3CC[C@@H](C3)[C@H]2C(=O)N1CCCCCCN1CCN(c2cccc(Cl)c2)CC1,-1.25527250510331,training
O=C1[C@H]2[C@@H]3CC[C@@H](C3)[C@H]2C(=O)N1CCCCCCN1CCN(c2ccc(Cl)cc2)CC1,-1.74036268949424,training
O=C1[C@H]2[C@@H]3CC[C@@H](C3)[C@H]2C(=O)N1CCCCCCN1CCN(c2cccc(Cl)c2Cl)CC1,-1.50514997831991,training
O=C1[C@H]2[C@@H]3CC[C@@H](C3)[C@H]2C(=O)N1CCCCCCN1CCN(c2cccc(C(F)(F)F)c2)CC1,-1.34242268082221,training
COc1ccccc1N1CCN(CCCCCCN2C(=O)[C@H]3[C@@H]4CC[C@@H](C4)[C@H]3C2=O)CC1,-0.602059991327962,test
O=C1c2ccccc2C(=O)N1CCCCCCN1CCN(c2nsc3ccccc23)CC1,-1.25527250510331,valid
O=c1n(CCCCCCN2CCN(c3nsc4ccccc34)CC2)nc2ccccn12,-1.04139268515823,training
O=c1oc2ccccc2n1CCCCCCN1CCN(c2nsc3ccccc23)CC1,-0.698970004336019,training
c1ccc2oc(SCCCCCCN3CCN(c4nsc5ccccc45)CC3)nc2c1,-1.0,training
O=C1CCc2cc(OCCCCCCN3CCN(c4nsc5ccccc45)CC3)ccc2N1,-1.30102999566398,training
O=C1c2cccc3cccc(c23)N1CCCCCCN1CCN(c2nsc3ccccc23)CC1,-1.85125834871908,training
O=S1(=O)c2cccc3cccc(c23)N1CCCCCCN1CCN(c2nsc3ccccc23)CC1,-1.79934054945358,training
O=C1c2cccc3cccc(c23)C(=O)N1CCCCCCN1CCN(c2nsc3ccccc23)CC1,-1.93449845124357,training
O=c1n(CCCCCCN2CCN(c3nsc4ccccc34)CC2)c2cccc3c2n1CCC3,-1.64345267648619,training
O=S(=O)(c1ccccc1)N(CCCCCCN1CCN(c2nsc3ccccc23)CC1)c1cccc(C(F)(F)F)c1,-1.6232492903979,training
Cc1ccc(S(=O)(=O)N(CCCCCCN2CCN(c3nsc4ccccc34)CC2)c2ccccc2)cc1,-1.50514997831991,training
O=c1[nH]c2ccccc2n1CCCCCCN1CCN(c2nsc3ccccc23)CC1,-1.20411998265592,training
O=C(NCCCCCCN1CCN(c2nsc3ccccc23)CC1)c1ccccc1,-1.34242268082221,training
O=S(=O)(NCCCCCCN1CCN(c2nsc3ccccc23)CC1)c1ccccc1,-0.903089986991943,valid
O=S(=O)(NCCCCCCN1CCN(c2nsc3ccccc23)CC1)c1cccc2ccccc12,-1.5910646070265,training
O=S(=O)(NCCCCCCN1CCN(c2nsc3ccccc23)CC1)c1ccc2ccccc2c1,-1.86332286012046,training
