nohup: ignoring input
Current seed: 2024, current split method: Perimeter, current task: VDss
Result no existed!
[INFO] 2025-04-19 00:51:14,729 [mp_reader.py:   24]:	ujson not install, fail back to use json instead
W0419 00:51:29.625823 3881724 gpu_resources.cc:119] Please NOTE: device: 0, GPU Compute Capability: 8.9, Driver API Version: 12.2, Runtime API Version: 11.7
W0419 00:51:29.632499 3881724 gpu_resources.cc:149] device: 0, cuDNN Version: 8.2.
Namespace(batch_size=32, compound_encoder_config='model_configs/geognn_l8.json', data_name='VDss_Perimeter_2024', data_path='./data/raw_data', dropout_rate=0.2, encoder_lr=0.001, group_data_path='./data/group', head_lr=0.001, init_model='./pretrain_models-chemrl_gem/regr.pdparams', max_epoch=200, model_config='model_configs/down_mlp2.json', model_dir='./model_extra', num_workers=32, output_dir='./prediction_extra', processed_data_path='./data/processed_data', task='train', task_name='VDss')
current seed: 2024
model_config:
{'layer_num': 2, 'hidden_size': 128, 'dropout_rate': 0.2, 'act': 'leaky_relu', 'task_type': 'regr', 'num_tasks': 1}
[GeoGNNModel] embed_dim:32
[GeoGNNModel] dropout_rate:0.2
[GeoGNNModel] layer_num:8
[GeoGNNModel] readout:mean
[GeoGNNModel] atom_names:['atomic_num', 'formal_charge', 'degree', 'chiral_tag', 'total_numHs', 'is_aromatic', 'hybridization']
[GeoGNNModel] bond_names:['bond_dir', 'bond_type', 'is_in_ring']
[GeoGNNModel] bond_float_names:['bond_length']
[GeoGNNModel] bond_angle_float_names:['bond_angle']
Total param num: 170
Encoder param num: 164
Head param num: 6
Load state_dict from ./pretrain_models-chemrl_gem/regr.pdparams
Read preprocessing data...
Train/Valid/Test num: 850/107/135
Train mean/std/min/max 0.04323866812705884/0.6477097692790296/-2.0/2.84509804
Valid mean/std/min/max 0.14450410668224303/0.5866473229714273/-1.397940009/1.72916479
Test mean/std/min/max -0.1857696020370371/0.6741248463129026/-1.301029996/1.681241237
/root/data1/miniconda3/envs/GEM/lib/python3.7/site-packages/paddle/nn/layer/layers.py:1897: UserWarning: Skip loading for init_atom_embedding.embed_list.3.weight. init_atom_embedding.embed_list.3.weight receives a shape [9, 32], but the expected shape is [14, 32].
  warnings.warn(f"Skip loading for {key}. " + str(err))
/root/data1/miniconda3/envs/GEM/lib/python3.7/site-packages/paddle/nn/layer/layers.py:1897: UserWarning: Skip loading for init_atom_embedding.embed_list.6.weight. init_atom_embedding.embed_list.6.weight receives a shape [13, 32], but the expected shape is [14, 32].
  warnings.warn(f"Skip loading for {key}. " + str(err))
epoch: 1/200, train_loss: 0.7917225956916809, train r2: 0.25294531860141756, valid r2: 0.10359239176270507, test r2: 0.28464807526374725
epoch: 2/200, train_loss: 0.6956968053623482, train r2: 0.3347700956784785, valid r2: -0.0557332522118561, test r2: 0.36756882530492296
out of counter-1
epoch: 3/200, train_loss: 0.6461373975983372, train r2: 0.18546164568786339, valid r2: -0.2272037281334205, test r2: 0.23502243595519978
out of counter-2
epoch: 4/200, train_loss: 0.6267090053470047, train r2: 0.3861709683913218, valid r2: -0.010021487779015903, test r2: 0.38323998404340254
out of counter-3
epoch: 5/200, train_loss: 0.6375137501292758, train r2: 0.40090718436849937, valid r2: -0.15284560142790715, test r2: 0.4169377778422034
out of counter-4
epoch: 6/200, train_loss: 0.6052998006343842, train r2: 0.4561700337128387, valid r2: 0.00918348965388427, test r2: 0.4872378567141009
out of counter-5
epoch: 7/200, train_loss: 0.5802596851631447, train r2: 0.48365139731279105, valid r2: 0.1924445062502118, test r2: 0.5577916272350003
epoch: 8/200, train_loss: 0.5696593015282242, train r2: 0.5028142204817326, valid r2: 0.17153529997885442, test r2: 0.5454301723045771
out of counter-1
epoch: 9/200, train_loss: 0.5636461785546055, train r2: 0.5174312094219624, valid r2: 0.19735957809356508, test r2: 0.5583888252525029
epoch: 10/200, train_loss: 0.5483156917271791, train r2: 0.5386251140610849, valid r2: 0.11948639812095418, test r2: 0.5551483578954207
out of counter-1
epoch: 11/200, train_loss: 0.5315895477930704, train r2: 0.5248415090785168, valid r2: 0.15348704349321507, test r2: 0.5727221718729044
out of counter-2
epoch: 12/200, train_loss: 0.5600915871284626, train r2: 0.4565522421863827, valid r2: -0.016078725365814117, test r2: 0.4446420993665541
out of counter-3
epoch: 13/200, train_loss: 0.5380112749558909, train r2: 0.5612847184324532, valid r2: 0.20244659761200434, test r2: 0.5324152662629821
epoch: 14/200, train_loss: 0.5236510722725479, train r2: 0.545136954836307, valid r2: 0.043065492246885495, test r2: 0.490124574037197
out of counter-1
epoch: 15/200, train_loss: 0.5339997863328015, train r2: 0.5737546988921569, valid r2: 0.1620798479526514, test r2: 0.554851987583355
out of counter-2
epoch: 16/200, train_loss: 0.5280222727192773, train r2: 0.5619478759999634, valid r2: 0.1401208995683496, test r2: 0.562073181885455
out of counter-3
epoch: 17/200, train_loss: 0.5120430997124424, train r2: 0.5028035919950171, valid r2: 0.22432231975424743, test r2: 0.5495116048402648
epoch: 18/200, train_loss: 0.5396865208943685, train r2: 0.6029705188680936, valid r2: 0.22479367525328842, test r2: 0.5828882063091515
epoch: 19/200, train_loss: 0.4947902140793977, train r2: 0.603498896464572, valid r2: 0.1625901030272906, test r2: 0.5597740186446512
out of counter-1
epoch: 20/200, train_loss: 0.48500305745336747, train r2: 0.6085302479083713, valid r2: 0.038213668827832614, test r2: 0.5430297969710567
out of counter-2
epoch: 21/200, train_loss: 0.5009849811041797, train r2: 0.5987712360204833, valid r2: 0.16802540181475212, test r2: 0.5559020214091421
out of counter-3
epoch: 22/200, train_loss: 0.49394788675838047, train r2: 0.6176421991010359, valid r2: 0.13732384091726624, test r2: 0.546447929190178
out of counter-4
epoch: 23/200, train_loss: 0.47244622420381616, train r2: 0.5987824000577271, valid r2: -0.006400033373160641, test r2: 0.4805861477843071
out of counter-5
epoch: 24/200, train_loss: 0.4780089766890914, train r2: 0.626193085648883, valid r2: 0.09072761711130328, test r2: 0.5659116945491591
out of counter-6
epoch: 25/200, train_loss: 0.48241222346270524, train r2: 0.6474103526038586, valid r2: 0.05221699277058833, test r2: 0.5537887950340459
out of counter-7
epoch: 26/200, train_loss: 0.4583076271745894, train r2: 0.6391643050684224, valid r2: -0.018368892526471337, test r2: 0.516524954104683
out of counter-8
epoch: 27/200, train_loss: 0.4744373593065474, train r2: 0.6639504573826455, valid r2: 0.09557750195471004, test r2: 0.5729127863143754
out of counter-9
epoch: 28/200, train_loss: 0.45334449300059565, train r2: 0.6556756775295896, valid r2: 0.1399958696244722, test r2: 0.5869841608122414
out of counter-10
epoch: 29/200, train_loss: 0.4828420259334423, train r2: 0.6518578659211314, valid r2: 0.10108759933720202, test r2: 0.582902403030092
out of counter-11
epoch: 30/200, train_loss: 0.46118028627501595, train r2: 0.6709075859390825, valid r2: 0.017087228748224992, test r2: 0.5526490938208724
out of counter-12
epoch: 31/200, train_loss: 0.4424783808213693, train r2: 0.6541633655467975, valid r2: 0.09804169516685046, test r2: 0.5585749402280464
out of counter-13
epoch: 32/200, train_loss: 0.4699314600891537, train r2: 0.6323525752625344, valid r2: -0.032364201131786174, test r2: 0.5104648870162036
out of counter-14
epoch: 33/200, train_loss: 0.4686524834897783, train r2: 0.6510037218304597, valid r2: 0.03176560760672664, test r2: 0.5565000191372034
out of counter-15
epoch: 34/200, train_loss: 0.44493404030799866, train r2: 0.6707756965100062, valid r2: -0.0030793695555120237, test r2: 0.5354813063557842
out of counter-16
epoch: 35/200, train_loss: 0.43410241934988236, train r2: 0.6777081552993623, valid r2: -0.07680898248152168, test r2: 0.5180177380857547
out of counter-17
epoch: 36/200, train_loss: 0.43537250050791987, train r2: 0.6937491543640029, valid r2: 0.0823918955453411, test r2: 0.5647095570848433
out of counter-18
epoch: 37/200, train_loss: 0.44122622189698396, train r2: 0.6470002634967613, valid r2: -0.004121767843294544, test r2: 0.5688640447506228
out of counter-19
epoch: 38/200, train_loss: 0.4322500670397723, train r2: 0.6671733299490812, valid r2: 0.06424173813700373, test r2: 0.5143668079786576
out of counter-20
out of patience-20!
current seed: 2034
model_config:
{'layer_num': 2, 'hidden_size': 128, 'dropout_rate': 0.2, 'act': 'leaky_relu', 'task_type': 'regr', 'num_tasks': 1}
[GeoGNNModel] embed_dim:32
[GeoGNNModel] dropout_rate:0.2
[GeoGNNModel] layer_num:8
[GeoGNNModel] readout:mean
[GeoGNNModel] atom_names:['atomic_num', 'formal_charge', 'degree', 'chiral_tag', 'total_numHs', 'is_aromatic', 'hybridization']
[GeoGNNModel] bond_names:['bond_dir', 'bond_type', 'is_in_ring']
[GeoGNNModel] bond_float_names:['bond_length']
[GeoGNNModel] bond_angle_float_names:['bond_angle']
Total param num: 170
Encoder param num: 164
Head param num: 6
Load state_dict from ./pretrain_models-chemrl_gem/regr.pdparams
Read preprocessing data...
Train/Valid/Test num: 850/107/135
Train mean/std/min/max 0.04323866812705884/0.6477097692790296/-2.0/2.84509804
Valid mean/std/min/max 0.14450410668224303/0.5866473229714273/-1.397940009/1.72916479
Test mean/std/min/max -0.1857696020370371/0.6741248463129026/-1.301029996/1.681241237
/root/data1/miniconda3/envs/GEM/lib/python3.7/site-packages/paddle/nn/layer/layers.py:1897: UserWarning: Skip loading for init_atom_embedding.embed_list.3.weight. init_atom_embedding.embed_list.3.weight receives a shape [9, 32], but the expected shape is [14, 32].
  warnings.warn(f"Skip loading for {key}. " + str(err))
/root/data1/miniconda3/envs/GEM/lib/python3.7/site-packages/paddle/nn/layer/layers.py:1897: UserWarning: Skip loading for init_atom_embedding.embed_list.6.weight. init_atom_embedding.embed_list.6.weight receives a shape [13, 32], but the expected shape is [14, 32].
  warnings.warn(f"Skip loading for {key}. " + str(err))
epoch: 1/200, train_loss: 0.7741534643703036, train r2: 0.2261876273111627, valid r2: 0.012491990999541014, test r2: 0.25613247219327995
epoch: 2/200, train_loss: 0.7224148081408607, train r2: 0.29188743026709296, valid r2: -0.10924975024273076, test r2: 0.29480949365195286
out of counter-1
epoch: 3/200, train_loss: 0.6836988440266362, train r2: 0.35289072849844705, valid r2: -0.04296329080238026, test r2: 0.3291656555048571
out of counter-2
epoch: 4/200, train_loss: 0.6330295536253188, train r2: 0.40098636722855785, valid r2: 0.19565650984959448, test r2: 0.4106621556868757
epoch: 5/200, train_loss: 0.6148532739392033, train r2: 0.3712808681077827, valid r2: -0.05905361460759373, test r2: 0.37831263080192734
out of counter-1
epoch: 6/200, train_loss: 0.6046283587261483, train r2: 0.4227496641524541, valid r2: 0.1869094167872316, test r2: 0.464139236492806
out of counter-2
epoch: 7/200, train_loss: 0.5984475259427671, train r2: 0.4353953312390042, valid r2: 0.1635900093031416, test r2: 0.44067251701738697
out of counter-3
epoch: 8/200, train_loss: 0.5735516194944028, train r2: 0.4801595167682744, valid r2: 0.19038675832429097, test r2: 0.468170001574607
out of counter-4
epoch: 9/200, train_loss: 0.5680547974727772, train r2: 0.49035183526397275, valid r2: 0.0873425860439434, test r2: 0.5022257424907297
out of counter-5
epoch: 10/200, train_loss: 0.5575225982401106, train r2: 0.4401985081978441, valid r2: 0.10119454472416745, test r2: 0.44831718801643994
out of counter-6
epoch: 11/200, train_loss: 0.5590433202407978, train r2: 0.3277662321924498, valid r2: -0.20791741714137846, test r2: 0.28062803878349574
out of counter-7
epoch: 12/200, train_loss: 0.5629878209696876, train r2: 0.4882242179873407, valid r2: 0.22185305270443456, test r2: 0.5461066187413367
epoch: 13/200, train_loss: 0.5433323030118589, train r2: 0.5141833461052142, valid r2: 0.20096232065149888, test r2: 0.5559956544868074
out of counter-1
epoch: 14/200, train_loss: 0.542050474219852, train r2: 0.5401368931672744, valid r2: 0.15006073140857312, test r2: 0.538998859176194
out of counter-2
epoch: 15/200, train_loss: 0.5214194820986854, train r2: 0.5461570521345027, valid r2: 0.21432476243762255, test r2: 0.5508542897311093
out of counter-3
epoch: 16/200, train_loss: 0.5277208454079099, train r2: 0.558830539647533, valid r2: 0.2554392039610528, test r2: 0.558986263147512
epoch: 17/200, train_loss: 0.5227456865487276, train r2: 0.5555488165124723, valid r2: 0.25287856957719546, test r2: 0.5614537403366057
out of counter-1
epoch: 18/200, train_loss: 0.5144034259849124, train r2: 0.5418078703736783, valid r2: 0.19487242977591646, test r2: 0.5209261338083953
out of counter-2
epoch: 19/200, train_loss: 0.5072121609140325, train r2: 0.5613811497885094, valid r2: 0.14654002429846313, test r2: 0.5249998093483002
out of counter-3
epoch: 20/200, train_loss: 0.5022109007393872, train r2: 0.5815163305112145, valid r2: 0.09565800170868732, test r2: 0.5235175945599604
out of counter-4
epoch: 21/200, train_loss: 0.4996305428169392, train r2: 0.6086303260290629, valid r2: 0.1661717686052966, test r2: 0.583333673845694
out of counter-5
epoch: 22/200, train_loss: 0.48825671716972635, train r2: 0.6045591635317128, valid r2: 0.06986160278643372, test r2: 0.5149603429409484
out of counter-6
epoch: 23/200, train_loss: 0.5027678355022713, train r2: 0.6104301566702302, valid r2: 0.13006904652949214, test r2: 0.5621779416872961
out of counter-7
epoch: 24/200, train_loss: 0.4933920778610088, train r2: 0.6070732783126689, valid r2: 0.16717951455283186, test r2: 0.515869614889463
out of counter-8
epoch: 25/200, train_loss: 0.4853595053708112, train r2: 0.5973427429983642, valid r2: 0.07177485399469896, test r2: 0.528229022152725
out of counter-9
epoch: 26/200, train_loss: 0.4865344729688432, train r2: 0.6347482232119777, valid r2: 0.1964281493308485, test r2: 0.5926592840161264
out of counter-10
epoch: 27/200, train_loss: 0.4781360747637572, train r2: 0.6075668211583973, valid r2: 0.11917572465576631, test r2: 0.5431357836131913
out of counter-11
epoch: 28/200, train_loss: 0.47519328969496266, train r2: 0.6290667018135214, valid r2: 0.17177713058024124, test r2: 0.5385918129757101
out of counter-12
epoch: 29/200, train_loss: 0.4706590506765578, train r2: 0.6471925550374278, valid r2: 0.17422907283850453, test r2: 0.5503537436532642
out of counter-13
epoch: 30/200, train_loss: 0.45340701275401646, train r2: 0.6361237487624294, valid r2: 0.20453322510027105, test r2: 0.5788589505745334
out of counter-14
epoch: 31/200, train_loss: 0.4707747863398658, train r2: 0.6453300035943356, valid r2: 0.24901200442856153, test r2: 0.554989970577884
out of counter-15
epoch: 32/200, train_loss: 0.47553821515153955, train r2: 0.6274327779906572, valid r2: 0.11577853123100701, test r2: 0.5239624008525949
out of counter-16
epoch: 33/200, train_loss: 0.4643738744435487, train r2: 0.643876808216655, valid r2: 0.1872153174118012, test r2: 0.5892292730941511
out of counter-17
epoch: 34/200, train_loss: 0.44459652128043, train r2: 0.6814046290248728, valid r2: 0.139589536728565, test r2: 0.5645164527192001
out of counter-18
epoch: 35/200, train_loss: 0.43671167890230816, train r2: 0.6857113486044413, valid r2: 0.1788814455445248, test r2: 0.5630235758047335
out of counter-19
epoch: 36/200, train_loss: 0.4397957534701736, train r2: 0.644160038439027, valid r2: 0.08797009544689571, test r2: 0.507315354278133
out of counter-20
out of patience-20!
current seed: 2044
model_config:
{'layer_num': 2, 'hidden_size': 128, 'dropout_rate': 0.2, 'act': 'leaky_relu', 'task_type': 'regr', 'num_tasks': 1}
[GeoGNNModel] embed_dim:32
[GeoGNNModel] dropout_rate:0.2
[GeoGNNModel] layer_num:8
[GeoGNNModel] readout:mean
[GeoGNNModel] atom_names:['atomic_num', 'formal_charge', 'degree', 'chiral_tag', 'total_numHs', 'is_aromatic', 'hybridization']
[GeoGNNModel] bond_names:['bond_dir', 'bond_type', 'is_in_ring']
[GeoGNNModel] bond_float_names:['bond_length']
[GeoGNNModel] bond_angle_float_names:['bond_angle']
Total param num: 170
Encoder param num: 164
Head param num: 6
Load state_dict from ./pretrain_models-chemrl_gem/regr.pdparams
Read preprocessing data...
Train/Valid/Test num: 850/107/135
Train mean/std/min/max 0.04323866812705884/0.6477097692790296/-2.0/2.84509804
Valid mean/std/min/max 0.14450410668224303/0.5866473229714273/-1.397940009/1.72916479
Test mean/std/min/max -0.1857696020370371/0.6741248463129026/-1.301029996/1.681241237
/root/data1/miniconda3/envs/GEM/lib/python3.7/site-packages/paddle/nn/layer/layers.py:1897: UserWarning: Skip loading for init_atom_embedding.embed_list.3.weight. init_atom_embedding.embed_list.3.weight receives a shape [9, 32], but the expected shape is [14, 32].
  warnings.warn(f"Skip loading for {key}. " + str(err))
/root/data1/miniconda3/envs/GEM/lib/python3.7/site-packages/paddle/nn/layer/layers.py:1897: UserWarning: Skip loading for init_atom_embedding.embed_list.6.weight. init_atom_embedding.embed_list.6.weight receives a shape [13, 32], but the expected shape is [14, 32].
  warnings.warn(f"Skip loading for {key}. " + str(err))
epoch: 1/200, train_loss: 0.7727416223949857, train r2: 0.2360104336874682, valid r2: 0.05097569811493885, test r2: 0.3134587870308879
epoch: 2/200, train_loss: 0.6779646586488794, train r2: 0.30816268733929497, valid r2: -0.15933485861341112, test r2: 0.31319592967256527
out of counter-1
epoch: 3/200, train_loss: 0.6264663283471708, train r2: 0.3894291145633736, valid r2: 0.06322684124997224, test r2: 0.4022464166163632
epoch: 4/200, train_loss: 0.6342219842804803, train r2: 0.3890828018420648, valid r2: -0.06445812015076768, test r2: 0.35632610448612434
out of counter-1
epoch: 5/200, train_loss: 0.6368813591974752, train r2: 0.4371055708093248, valid r2: 0.1337589568579579, test r2: 0.4405606763205644
epoch: 6/200, train_loss: 0.59243075604792, train r2: 0.4554069678370729, valid r2: 0.11855394678385345, test r2: 0.4560214922892202
out of counter-1
epoch: 7/200, train_loss: 0.5890767110718621, train r2: 0.4643117677770857, valid r2: 0.16711868283275777, test r2: 0.46327521123139626
epoch: 8/200, train_loss: 0.5542924216500035, train r2: 0.4801487514049645, valid r2: 0.21293011171145204, test r2: 0.4650767334751771
epoch: 9/200, train_loss: 0.5829332437780168, train r2: 0.49027460679028245, valid r2: 0.15689969395430026, test r2: 0.45053107176677976
out of counter-1
epoch: 10/200, train_loss: 0.5576246789208165, train r2: 0.43985936107748624, valid r2: 0.009002248314253114, test r2: 0.40147576136973895
out of counter-2
epoch: 11/200, train_loss: 0.5612003781177379, train r2: 0.46057261635617275, valid r2: -0.012224380725696093, test r2: 0.3649179657904752
out of counter-3
epoch: 12/200, train_loss: 0.5496076157799473, train r2: 0.5166624110916294, valid r2: 0.25109260339311457, test r2: 0.49384013974995755
epoch: 13/200, train_loss: 0.5613696641392178, train r2: 0.5072074950558776, valid r2: 0.23907668462627352, test r2: 0.48678679347584475
out of counter-1
epoch: 14/200, train_loss: 0.5462595522403717, train r2: 0.5112743453032513, valid r2: 0.2702840535976109, test r2: 0.5022242838284149
epoch: 15/200, train_loss: 0.5274339991587179, train r2: 0.555274321403697, valid r2: 0.1783952447767475, test r2: 0.533450745940047
out of counter-1
epoch: 16/200, train_loss: 0.5195900069342719, train r2: 0.5581450774249019, valid r2: 0.18338622618027323, test r2: 0.49222986000212443
out of counter-2
epoch: 17/200, train_loss: 0.5207786383452239, train r2: 0.561002163493727, valid r2: 0.21759346821664538, test r2: 0.5342089639978047
out of counter-3
epoch: 18/200, train_loss: 0.5066649836522562, train r2: 0.5228845788566178, valid r2: 0.03137514634922145, test r2: 0.4323719045209806
out of counter-4
epoch: 19/200, train_loss: 0.5277685467843656, train r2: 0.5399993096819404, valid r2: 0.07354630765099901, test r2: 0.45451641532836284
out of counter-5
epoch: 20/200, train_loss: 0.5111962247777868, train r2: 0.5739803346031596, valid r2: 0.19898197345606505, test r2: 0.5629474046609408
out of counter-6
epoch: 21/200, train_loss: 0.4957300259007348, train r2: 0.5700855396404838, valid r2: 0.08517379828071914, test r2: 0.4987712249444417
out of counter-7
epoch: 22/200, train_loss: 0.4899200907459966, train r2: 0.5852232489348481, valid r2: 0.09251791291749134, test r2: 0.5014382477445702
out of counter-8
epoch: 23/200, train_loss: 0.4942534190637094, train r2: 0.5879376922994652, valid r2: 0.15627962192501466, test r2: 0.5355799498961304
out of counter-9
epoch: 24/200, train_loss: 0.48430010124489115, train r2: 0.6118040941535708, valid r2: 0.19749240026442794, test r2: 0.5263934461093631
out of counter-10
epoch: 25/200, train_loss: 0.4831445316473643, train r2: 0.6022733646729583, valid r2: 0.2066422693945792, test r2: 0.5501065471262692
out of counter-11
epoch: 26/200, train_loss: 0.46077380798481127, train r2: 0.6119933813388712, valid r2: 0.07765216698277999, test r2: 0.4978169702791223
out of counter-12
epoch: 27/200, train_loss: 0.4778869626698671, train r2: 0.6057861722189739, valid r2: 0.06643287171530898, test r2: 0.47255742511657306
out of counter-13
epoch: 28/200, train_loss: 0.4874822707087905, train r2: 0.6264869578325469, valid r2: 0.1398678544809644, test r2: 0.5358269713221778
out of counter-14
epoch: 29/200, train_loss: 0.4566592452702699, train r2: 0.6368152356206083, valid r2: 0.24603954502930392, test r2: 0.5691983048875415
out of counter-15
epoch: 30/200, train_loss: 0.46551789729683485, train r2: 0.6093825416095795, valid r2: -0.025372419305258243, test r2: 0.41844895150598493
out of counter-16
epoch: 31/200, train_loss: 0.4742024275991652, train r2: 0.6199600291636935, valid r2: 0.05342427696813634, test r2: 0.47603134073434383
out of counter-17
epoch: 32/200, train_loss: 0.4573702470020012, train r2: 0.649012621191404, valid r2: 0.15047324704343967, test r2: 0.5301937543527802
out of counter-18
epoch: 33/200, train_loss: 0.45539456605911255, train r2: 0.638091650273913, valid r2: 0.2155396187747376, test r2: 0.5645862940595248
out of counter-19
epoch: 34/200, train_loss: 0.4659375449021657, train r2: 0.6475206221750108, valid r2: 0.15511052214822008, test r2: 0.5167980231150786
out of counter-20
out of patience-20!
current seed: 2054
model_config:
{'layer_num': 2, 'hidden_size': 128, 'dropout_rate': 0.2, 'act': 'leaky_relu', 'task_type': 'regr', 'num_tasks': 1}
[GeoGNNModel] embed_dim:32
[GeoGNNModel] dropout_rate:0.2
[GeoGNNModel] layer_num:8
[GeoGNNModel] readout:mean
[GeoGNNModel] atom_names:['atomic_num', 'formal_charge', 'degree', 'chiral_tag', 'total_numHs', 'is_aromatic', 'hybridization']
[GeoGNNModel] bond_names:['bond_dir', 'bond_type', 'is_in_ring']
[GeoGNNModel] bond_float_names:['bond_length']
[GeoGNNModel] bond_angle_float_names:['bond_angle']
Total param num: 170
Encoder param num: 164
Head param num: 6
Load state_dict from ./pretrain_models-chemrl_gem/regr.pdparams
Read preprocessing data...
Train/Valid/Test num: 850/107/135
Train mean/std/min/max 0.04323866812705884/0.6477097692790296/-2.0/2.84509804
Valid mean/std/min/max 0.14450410668224303/0.5866473229714273/-1.397940009/1.72916479
Test mean/std/min/max -0.1857696020370371/0.6741248463129026/-1.301029996/1.681241237
/root/data1/miniconda3/envs/GEM/lib/python3.7/site-packages/paddle/nn/layer/layers.py:1897: UserWarning: Skip loading for init_atom_embedding.embed_list.3.weight. init_atom_embedding.embed_list.3.weight receives a shape [9, 32], but the expected shape is [14, 32].
  warnings.warn(f"Skip loading for {key}. " + str(err))
/root/data1/miniconda3/envs/GEM/lib/python3.7/site-packages/paddle/nn/layer/layers.py:1897: UserWarning: Skip loading for init_atom_embedding.embed_list.6.weight. init_atom_embedding.embed_list.6.weight receives a shape [13, 32], but the expected shape is [14, 32].
  warnings.warn(f"Skip loading for {key}. " + str(err))
epoch: 1/200, train_loss: 0.7975011004341973, train r2: 0.2057434871131647, valid r2: 0.02166028664486286, test r2: 0.307666518000997
epoch: 2/200, train_loss: 0.7483251448030825, train r2: 0.29459348747865766, valid r2: 0.12973305845712257, test r2: 0.421987348835133
epoch: 3/200, train_loss: 0.6637904025890209, train r2: 0.2726102938676903, valid r2: -0.04438556666281279, test r2: 0.3750664447895876
out of counter-1
epoch: 4/200, train_loss: 0.6651440770537765, train r2: 0.37669318311968414, valid r2: 0.195418630617619, test r2: 0.4321736943524285
epoch: 5/200, train_loss: 0.6377191775374942, train r2: 0.3771179697220608, valid r2: 0.07581120157001953, test r2: 0.4584079240758555
out of counter-1
epoch: 6/200, train_loss: 0.6237553843745479, train r2: 0.4142249226581618, valid r2: 0.11581083602879605, test r2: 0.46619455684965694
out of counter-2
epoch: 7/200, train_loss: 0.5998102978423789, train r2: 0.4557190672656878, valid r2: 0.21621627374922525, test r2: 0.5085908462955782
epoch: 8/200, train_loss: 0.6027150882614983, train r2: 0.4455501909553742, valid r2: 0.32734433753146375, test r2: 0.4818292490131806
epoch: 9/200, train_loss: 0.6047218861403288, train r2: 0.46801408644096276, valid r2: 0.21752588474665402, test r2: 0.5242837872885651
out of counter-1
epoch: 10/200, train_loss: 0.5771696435080634, train r2: 0.49489217363039095, valid r2: 0.10860597340998901, test r2: 0.5126704349149541
out of counter-2
epoch: 11/200, train_loss: 0.5743939446078407, train r2: 0.5010622822709595, valid r2: 0.22152160886663064, test r2: 0.5498276966791823
out of counter-3
epoch: 12/200, train_loss: 0.5546775107030515, train r2: 0.4538013186740695, valid r2: 0.2064293128772423, test r2: 0.5089967423395496
out of counter-4
epoch: 13/200, train_loss: 0.5864857887780225, train r2: 0.5013424629927612, valid r2: 0.19851267767536707, test r2: 0.5050646138528753
out of counter-5
epoch: 14/200, train_loss: 0.5513160217691351, train r2: 0.4939890879650969, valid r2: 0.16641270439975786, test r2: 0.4961345917492862
out of counter-6
epoch: 15/200, train_loss: 0.5244114332728915, train r2: 0.4792375052480433, valid r2: 0.07742177192090527, test r2: 0.5573720618052787
out of counter-7
epoch: 16/200, train_loss: 0.5236845237237436, train r2: 0.5631320977907274, valid r2: 0.12354399789852244, test r2: 0.5167984660035404
out of counter-8
epoch: 17/200, train_loss: 0.5201094205732699, train r2: 0.5622740272447868, valid r2: 0.11512662477917235, test r2: 0.5429686846244068
out of counter-9
epoch: 18/200, train_loss: 0.5075327312504804, train r2: 0.5570888319554053, valid r2: 0.06434888953870144, test r2: 0.5406415017364119
out of counter-10
epoch: 19/200, train_loss: 0.5211807654963599, train r2: 0.507730665580163, valid r2: 0.14942922014681015, test r2: 0.574989067741752
out of counter-11
epoch: 20/200, train_loss: 0.5154784012723852, train r2: 0.5764487503430957, valid r2: 0.14738906999525292, test r2: 0.5583098809515745
out of counter-12
epoch: 21/200, train_loss: 0.4962049435686182, train r2: 0.5234728400877446, valid r2: 0.17066022584947604, test r2: 0.533760144731788
out of counter-13
epoch: 22/200, train_loss: 0.5158598721027374, train r2: 0.5938513490725071, valid r2: 0.15532492155473465, test r2: 0.5852704824217456
out of counter-14
epoch: 23/200, train_loss: 0.5009845627678765, train r2: 0.6071435110527861, valid r2: 0.16082742435239006, test r2: 0.5770359829331766
out of counter-15
epoch: 24/200, train_loss: 0.5067164897918701, train r2: 0.6057699803693701, valid r2: 0.13928269428827988, test r2: 0.5837101439938822
out of counter-16
epoch: 25/200, train_loss: 0.48714150543566104, train r2: 0.5997716379870196, valid r2: 0.3207144846400757, test r2: 0.6104399991025866
out of counter-17
epoch: 26/200, train_loss: 0.4859328755625972, train r2: 0.6133168590965139, valid r2: 0.18667443779445503, test r2: 0.5980025521410688
out of counter-18
epoch: 27/200, train_loss: 0.476756500977057, train r2: 0.6096864591542798, valid r2: -0.039303375465746804, test r2: 0.5170224462070432
out of counter-19
epoch: 28/200, train_loss: 0.46380321626309995, train r2: 0.6521535588820468, valid r2: 0.1990141604940746, test r2: 0.6069652337511651
out of counter-20
out of patience-20!
current seed: 2064
model_config:
{'layer_num': 2, 'hidden_size': 128, 'dropout_rate': 0.2, 'act': 'leaky_relu', 'task_type': 'regr', 'num_tasks': 1}
[GeoGNNModel] embed_dim:32
[GeoGNNModel] dropout_rate:0.2
[GeoGNNModel] layer_num:8
[GeoGNNModel] readout:mean
[GeoGNNModel] atom_names:['atomic_num', 'formal_charge', 'degree', 'chiral_tag', 'total_numHs', 'is_aromatic', 'hybridization']
[GeoGNNModel] bond_names:['bond_dir', 'bond_type', 'is_in_ring']
[GeoGNNModel] bond_float_names:['bond_length']
[GeoGNNModel] bond_angle_float_names:['bond_angle']
Total param num: 170
Encoder param num: 164
Head param num: 6
Load state_dict from ./pretrain_models-chemrl_gem/regr.pdparams
Read preprocessing data...
Train/Valid/Test num: 850/107/135
Train mean/std/min/max 0.04323866812705884/0.6477097692790296/-2.0/2.84509804
Valid mean/std/min/max 0.14450410668224303/0.5866473229714273/-1.397940009/1.72916479
Test mean/std/min/max -0.1857696020370371/0.6741248463129026/-1.301029996/1.681241237
/root/data1/miniconda3/envs/GEM/lib/python3.7/site-packages/paddle/nn/layer/layers.py:1897: UserWarning: Skip loading for init_atom_embedding.embed_list.3.weight. init_atom_embedding.embed_list.3.weight receives a shape [9, 32], but the expected shape is [14, 32].
  warnings.warn(f"Skip loading for {key}. " + str(err))
/root/data1/miniconda3/envs/GEM/lib/python3.7/site-packages/paddle/nn/layer/layers.py:1897: UserWarning: Skip loading for init_atom_embedding.embed_list.6.weight. init_atom_embedding.embed_list.6.weight receives a shape [13, 32], but the expected shape is [14, 32].
  warnings.warn(f"Skip loading for {key}. " + str(err))
epoch: 1/200, train_loss: 0.7550391212657646, train r2: 0.24794937615722523, valid r2: -0.19650971840240827, test r2: 0.2892722412411789
epoch: 2/200, train_loss: 0.6787724130683475, train r2: 0.35633890603606777, valid r2: -0.08496469628630576, test r2: 0.3426491839752499
epoch: 3/200, train_loss: 0.6527458341033371, train r2: 0.38271516008187056, valid r2: 0.07644678824419904, test r2: 0.44807204992459526
epoch: 4/200, train_loss: 0.626462753172274, train r2: 0.4207054656297622, valid r2: 0.17193741590588796, test r2: 0.4318663398303698
epoch: 5/200, train_loss: 0.623838327549122, train r2: 0.44901530319420324, valid r2: 0.1526954559517354, test r2: 0.4891322273793357
out of counter-1
epoch: 6/200, train_loss: 0.5796643484521795, train r2: 0.46738080246986335, valid r2: 0.17880510454742193, test r2: 0.48084191411375976
epoch: 7/200, train_loss: 0.5804157113587415, train r2: 0.48000085840596995, valid r2: 0.22351430634852465, test r2: 0.5124477162407621
epoch: 8/200, train_loss: 0.5803900879842264, train r2: 0.49387323575783715, valid r2: 0.15022910200535433, test r2: 0.4731927383785849
out of counter-1
epoch: 9/200, train_loss: 0.6176719555148372, train r2: 0.41059408154501087, valid r2: 0.08506858409689833, test r2: 0.5183751397840739
out of counter-2
epoch: 10/200, train_loss: 0.5693926480081346, train r2: 0.4909598221132595, valid r2: 0.19001427298599372, test r2: 0.5424730656952335
out of counter-3
epoch: 11/200, train_loss: 0.5749633345339034, train r2: 0.5064271035131405, valid r2: 0.2489141795639671, test r2: 0.5441021051340904
epoch: 12/200, train_loss: 0.5643172716652906, train r2: 0.5092778464923241, valid r2: 0.20811307094077092, test r2: 0.5492177269047979
out of counter-1
epoch: 13/200, train_loss: 0.5380374579517929, train r2: 0.5399545295444793, valid r2: 0.1546368292196294, test r2: 0.5323305285043661
out of counter-2
epoch: 14/200, train_loss: 0.5315635414035232, train r2: 0.537731111183253, valid r2: 0.23120836761760966, test r2: 0.581541047221486
out of counter-3
epoch: 15/200, train_loss: 0.5269470733624918, train r2: 0.5686388557846285, valid r2: 0.2332101994685125, test r2: 0.5655658589925949
out of counter-4
epoch: 16/200, train_loss: 0.5236369205845727, train r2: 0.5448438096113778, valid r2: 0.19285008148612093, test r2: 0.5618619854429225
out of counter-5
epoch: 17/200, train_loss: 0.524151294319718, train r2: 0.5564225702762823, valid r2: 0.09996674856168375, test r2: 0.49063561258689026
out of counter-6
epoch: 18/200, train_loss: 0.512761014479178, train r2: 0.4852294523581766, valid r2: 0.012344472784805327, test r2: 0.4173195244010074
out of counter-7
epoch: 19/200, train_loss: 0.5300041668944888, train r2: 0.5429238022948412, valid r2: 0.09490732213579789, test r2: 0.5001657661013046
out of counter-8
epoch: 20/200, train_loss: 0.5033477114306556, train r2: 0.5959490830686094, valid r2: 0.16859536806462716, test r2: 0.5582548925008504
out of counter-9
epoch: 21/200, train_loss: 0.4827031647717511, train r2: 0.6097332917472201, valid r2: 0.22278334615338513, test r2: 0.5976634044059037
out of counter-10
epoch: 22/200, train_loss: 0.4923473828368717, train r2: 0.6071428970229218, valid r2: 0.17024716600625045, test r2: 0.5670835134107732
out of counter-11
epoch: 23/200, train_loss: 0.49079245549661143, train r2: 0.6201823689137653, valid r2: 0.16395776300464537, test r2: 0.5640696532810454
out of counter-12
epoch: 24/200, train_loss: 0.4818749538174382, train r2: 0.6033053185609587, valid r2: 0.07182495136369682, test r2: 0.541046471028203
out of counter-13
epoch: 25/200, train_loss: 0.4926007456249661, train r2: 0.6346689465641051, valid r2: 0.1603639828231641, test r2: 0.5983473461636907
out of counter-14
epoch: 26/200, train_loss: 0.4766317065115328, train r2: 0.6047705823359731, valid r2: 0.16092693449067563, test r2: 0.5326264381674286
out of counter-15
epoch: 27/200, train_loss: 0.469812775099719, train r2: 0.6318569796220579, valid r2: 0.12936641096365675, test r2: 0.579500777816081
out of counter-16
epoch: 28/200, train_loss: 0.45080424348513287, train r2: 0.6290502102129527, valid r2: 0.2434471015354982, test r2: 0.6056532865057369
out of counter-17
epoch: 29/200, train_loss: 0.46312115700156603, train r2: 0.6406686020182675, valid r2: 0.24072824943231164, test r2: 0.5641548612968497
out of counter-18
epoch: 30/200, train_loss: 0.4581501042401349, train r2: 0.6592858174164247, valid r2: 0.22039265999437607, test r2: 0.6044893567838057
out of counter-19
epoch: 31/200, train_loss: 0.44835993206059493, train r2: 0.6585624877627692, valid r2: 0.16342615801704408, test r2: 0.5629129493471772
out of counter-20
out of patience-20!
Time used on VDss_Perimeter_2024: 0:45:34
Current seed: 2034, current split method: Perimeter, current task: VDss
Result no existed!
[INFO] 2025-04-19 01:37:09,571 [mp_reader.py:   24]:	ujson not install, fail back to use json instead
W0419 01:37:10.756282 2308028 gpu_resources.cc:119] Please NOTE: device: 0, GPU Compute Capability: 8.9, Driver API Version: 12.2, Runtime API Version: 11.7
W0419 01:37:10.763608 2308028 gpu_resources.cc:149] device: 0, cuDNN Version: 8.2.
Namespace(batch_size=32, compound_encoder_config='model_configs/geognn_l8.json', data_name='VDss_Perimeter_2034', data_path='./data/raw_data', dropout_rate=0.2, encoder_lr=0.001, group_data_path='./data/group', head_lr=0.001, init_model='./pretrain_models-chemrl_gem/regr.pdparams', max_epoch=200, model_config='model_configs/down_mlp2.json', model_dir='./model_extra', num_workers=32, output_dir='./prediction_extra', processed_data_path='./data/processed_data', task='train', task_name='VDss')
current seed: 2024
model_config:
{'layer_num': 2, 'hidden_size': 128, 'dropout_rate': 0.2, 'act': 'leaky_relu', 'task_type': 'regr', 'num_tasks': 1}
[GeoGNNModel] embed_dim:32
[GeoGNNModel] dropout_rate:0.2
[GeoGNNModel] layer_num:8
[GeoGNNModel] readout:mean
[GeoGNNModel] atom_names:['atomic_num', 'formal_charge', 'degree', 'chiral_tag', 'total_numHs', 'is_aromatic', 'hybridization']
[GeoGNNModel] bond_names:['bond_dir', 'bond_type', 'is_in_ring']
[GeoGNNModel] bond_float_names:['bond_length']
[GeoGNNModel] bond_angle_float_names:['bond_angle']
Total param num: 170
Encoder param num: 164
Head param num: 6
Load state_dict from ./pretrain_models-chemrl_gem/regr.pdparams
Read preprocessing data...
Train/Valid/Test num: 842/140/110
Train mean/std/min/max 0.043294262147268406/0.6358910701169711/-2.0/2.84509804
Valid mean/std/min/max 0.03881043280714291/0.5821752862781022/-1.397940009/1.77815125
Test mean/std/min/max -0.1341028933909091/0.8066173550202019/-1.301029996/1.72916479
/root/data1/miniconda3/envs/GEM/lib/python3.7/site-packages/paddle/nn/layer/layers.py:1897: UserWarning: Skip loading for init_atom_embedding.embed_list.3.weight. init_atom_embedding.embed_list.3.weight receives a shape [9, 32], but the expected shape is [14, 32].
  warnings.warn(f"Skip loading for {key}. " + str(err))
/root/data1/miniconda3/envs/GEM/lib/python3.7/site-packages/paddle/nn/layer/layers.py:1897: UserWarning: Skip loading for init_atom_embedding.embed_list.6.weight. init_atom_embedding.embed_list.6.weight receives a shape [13, 32], but the expected shape is [14, 32].
  warnings.warn(f"Skip loading for {key}. " + str(err))
epoch: 1/200, train_loss: 0.7993091092659876, train r2: 0.17920891126959915, valid r2: 0.18222480515438277, test r2: 0.19714871935935974
epoch: 2/200, train_loss: 0.7070038926142913, train r2: 0.19307304827235527, valid r2: 0.22150191188891255, test r2: 0.2967937951744156
epoch: 3/200, train_loss: 0.670280919625209, train r2: 0.36094271314981585, valid r2: 0.3170545033294896, test r2: 0.4166987210899544
epoch: 4/200, train_loss: 0.6314093562272879, train r2: 0.30163852609876596, valid r2: 0.06720637543965091, test r2: 0.36955040704100683
out of counter-1
epoch: 5/200, train_loss: 0.6300791100813792, train r2: 0.438798330692595, valid r2: 0.28797290660678376, test r2: 0.5073733303305976
out of counter-2
epoch: 6/200, train_loss: 0.6087119040580896, train r2: 0.46496077951126036, valid r2: 0.24378739247589032, test r2: 0.5386841007098357
out of counter-3
epoch: 7/200, train_loss: 0.5935822060474982, train r2: 0.48490939307176373, valid r2: 0.3222199460684708, test r2: 0.516597005622249
epoch: 8/200, train_loss: 0.5981819068010037, train r2: 0.4739033754703431, valid r2: 0.32521791030574343, test r2: 0.5597839101167461
epoch: 9/200, train_loss: 0.5641176494268271, train r2: 0.5098299514911999, valid r2: 0.29070796742390703, test r2: 0.5742311816252601
out of counter-1
epoch: 10/200, train_loss: 0.5609944818111566, train r2: 0.519877357225244, valid r2: 0.28016877786883065, test r2: 0.608885501145944
out of counter-2
epoch: 11/200, train_loss: 0.5565829953322043, train r2: 0.4958140179364796, valid r2: 0.3162904164469611, test r2: 0.6125219119805316
out of counter-3
epoch: 12/200, train_loss: 0.5412917125683564, train r2: 0.5221292536633424, valid r2: 0.28819481255684953, test r2: 0.5688686498986995
out of counter-4
epoch: 13/200, train_loss: 0.5390364734026102, train r2: 0.4793962661455198, valid r2: 0.1871248638902655, test r2: 0.5163087182004111
out of counter-5
epoch: 14/200, train_loss: 0.5380445489516625, train r2: 0.5507696372739935, valid r2: 0.3086412139324285, test r2: 0.6590489356596118
out of counter-6
epoch: 15/200, train_loss: 0.5396490257519942, train r2: 0.5162181343501471, valid r2: 0.37160112577859905, test r2: 0.5007519057017522
epoch: 16/200, train_loss: 0.5544905490600146, train r2: 0.565180607806434, valid r2: 0.39023865875979435, test r2: 0.6328331549637617
epoch: 17/200, train_loss: 0.5216202965149512, train r2: 0.5803605362079585, valid r2: 0.37828311488650035, test r2: 0.5960005748640672
out of counter-1
epoch: 18/200, train_loss: 0.5207625386806635, train r2: 0.5037847781387694, valid r2: 0.35083492867030464, test r2: 0.624587598281747
out of counter-2
epoch: 19/200, train_loss: 0.5332744671748235, train r2: 0.5764020744796101, valid r2: 0.432013493405061, test r2: 0.6149486086405094
epoch: 20/200, train_loss: 0.5021980668489749, train r2: 0.599409354926504, valid r2: 0.39041643502973644, test r2: 0.5995005597787129
out of counter-1
epoch: 21/200, train_loss: 0.5022913836515867, train r2: 0.5497728051847773, valid r2: 0.2676453068796104, test r2: 0.5432137652837716
out of counter-2
epoch: 22/200, train_loss: 0.5030654840744458, train r2: 0.6007488418443878, valid r2: 0.34525474132047906, test r2: 0.5719806346686238
out of counter-3
epoch: 23/200, train_loss: 0.49143676918286544, train r2: 0.5836796915736098, valid r2: 0.39800264421896603, test r2: 0.5198211415260588
out of counter-4
epoch: 24/200, train_loss: 0.49679879729564375, train r2: 0.6168410073003889, valid r2: 0.42157529012950157, test r2: 0.6601689094254359
out of counter-5
epoch: 25/200, train_loss: 0.4806138747013532, train r2: 0.608072628643261, valid r2: 0.29623674186977267, test r2: 0.6205391661080427
out of counter-6
epoch: 26/200, train_loss: 0.46961893943639904, train r2: 0.6298220306291666, valid r2: 0.33523886002305325, test r2: 0.6044428856919617
out of counter-7
epoch: 27/200, train_loss: 0.4743574376289661, train r2: 0.612587790496218, valid r2: 0.3201378211189163, test r2: 0.5354751123692787
out of counter-8
epoch: 28/200, train_loss: 0.4781380398915364, train r2: 0.6112961474324801, valid r2: 0.27244213017494767, test r2: 0.5291685020151228
out of counter-9
epoch: 29/200, train_loss: 0.48791919304774356, train r2: 0.6145197339094789, valid r2: 0.34392166118024603, test r2: 0.59643466051462
out of counter-10
epoch: 30/200, train_loss: 0.4692938190240126, train r2: 0.6525949206397293, valid r2: 0.3743828304045659, test r2: 0.5585744729678599
out of counter-11
epoch: 31/200, train_loss: 0.4679020196199417, train r2: 0.6479296487540599, valid r2: 0.35067667809713865, test r2: 0.6560296895761275
out of counter-12
epoch: 32/200, train_loss: 0.4690350741147995, train r2: 0.638763089753963, valid r2: 0.3629097875406334, test r2: 0.6233912847184437
out of counter-13
epoch: 33/200, train_loss: 0.46817037807061124, train r2: 0.6277706480102154, valid r2: 0.37073601868923334, test r2: 0.6083057482364105
out of counter-14
epoch: 34/200, train_loss: 0.4513356238603592, train r2: 0.6144362430914856, valid r2: 0.32059115973186114, test r2: 0.5379487446047777
out of counter-15
epoch: 35/200, train_loss: 0.4459311572405008, train r2: 0.6524917913778422, valid r2: 0.3827751467389364, test r2: 0.5755219671727834
out of counter-16
epoch: 36/200, train_loss: 0.4586190248911197, train r2: 0.6617037114389781, valid r2: 0.32273200707506067, test r2: 0.569091461745624
out of counter-17
epoch: 37/200, train_loss: 0.44200339454870957, train r2: 0.6646567744121848, valid r2: 0.4212831349597045, test r2: 0.6276511571112438
out of counter-18
epoch: 38/200, train_loss: 0.4456027700350835, train r2: 0.6777619854828613, valid r2: 0.40943714577178736, test r2: 0.6026764040987103
out of counter-19
epoch: 39/200, train_loss: 0.44191713631153107, train r2: 0.6776672131896978, valid r2: 0.361840598377987, test r2: 0.5616378285534922
out of counter-20
out of patience-20!
current seed: 2034
model_config:
{'layer_num': 2, 'hidden_size': 128, 'dropout_rate': 0.2, 'act': 'leaky_relu', 'task_type': 'regr', 'num_tasks': 1}
[GeoGNNModel] embed_dim:32
[GeoGNNModel] dropout_rate:0.2
[GeoGNNModel] layer_num:8
[GeoGNNModel] readout:mean
[GeoGNNModel] atom_names:['atomic_num', 'formal_charge', 'degree', 'chiral_tag', 'total_numHs', 'is_aromatic', 'hybridization']
[GeoGNNModel] bond_names:['bond_dir', 'bond_type', 'is_in_ring']
[GeoGNNModel] bond_float_names:['bond_length']
[GeoGNNModel] bond_angle_float_names:['bond_angle']
Total param num: 170
Encoder param num: 164
Head param num: 6
Load state_dict from ./pretrain_models-chemrl_gem/regr.pdparams
Read preprocessing data...
Train/Valid/Test num: 842/140/110
Train mean/std/min/max 0.043294262147268406/0.6358910701169711/-2.0/2.84509804
Valid mean/std/min/max 0.03881043280714291/0.5821752862781022/-1.397940009/1.77815125
Test mean/std/min/max -0.1341028933909091/0.8066173550202019/-1.301029996/1.72916479
/root/data1/miniconda3/envs/GEM/lib/python3.7/site-packages/paddle/nn/layer/layers.py:1897: UserWarning: Skip loading for init_atom_embedding.embed_list.3.weight. init_atom_embedding.embed_list.3.weight receives a shape [9, 32], but the expected shape is [14, 32].
  warnings.warn(f"Skip loading for {key}. " + str(err))
/root/data1/miniconda3/envs/GEM/lib/python3.7/site-packages/paddle/nn/layer/layers.py:1897: UserWarning: Skip loading for init_atom_embedding.embed_list.6.weight. init_atom_embedding.embed_list.6.weight receives a shape [13, 32], but the expected shape is [14, 32].
  warnings.warn(f"Skip loading for {key}. " + str(err))
epoch: 1/200, train_loss: 0.78424255664532, train r2: 0.22253106897789743, valid r2: 0.1844256382269791, test r2: 0.330446894478752
epoch: 2/200, train_loss: 0.6959322851437789, train r2: 0.33561515608093573, valid r2: 0.15254102979206008, test r2: 0.4510229173165121
out of counter-1
epoch: 3/200, train_loss: 0.6654322032745068, train r2: 0.3149670672324858, valid r2: 0.06394192784805341, test r2: 0.4838025274370312
out of counter-2
epoch: 4/200, train_loss: 0.6739197144141564, train r2: 0.3145009073403263, valid r2: 0.0317902411115899, test r2: 0.3938799291687183
out of counter-3
epoch: 5/200, train_loss: 0.6389347085585961, train r2: 0.35961226967837134, valid r2: 0.12376463902712054, test r2: 0.3997530591957218
out of counter-4
epoch: 6/200, train_loss: 0.6062103372353774, train r2: 0.33959810467673024, valid r2: 0.03327524143483607, test r2: 0.4678303748189794
out of counter-5
epoch: 7/200, train_loss: 0.6074940275687438, train r2: 0.40548975100688267, valid r2: 0.22105120571172832, test r2: 0.5367401880753337
epoch: 8/200, train_loss: 0.5874545906598752, train r2: 0.4526486654056041, valid r2: 0.20278793681732044, test r2: 0.5470829316998211
out of counter-1
epoch: 9/200, train_loss: 0.5760800838470459, train r2: 0.46238684425872256, valid r2: 0.2471162665761849, test r2: 0.5441392138872201
epoch: 10/200, train_loss: 0.5745529245871764, train r2: 0.4873410685958174, valid r2: 0.30587670831552094, test r2: 0.5435385925096743
epoch: 11/200, train_loss: 0.5588566798430222, train r2: 0.47075724817336495, valid r2: 0.22729443755825185, test r2: 0.4853976805920478
out of counter-1
epoch: 12/200, train_loss: 0.5630359959143859, train r2: 0.49367388154004255, valid r2: 0.2697586221700301, test r2: 0.5884163455510505
out of counter-2
epoch: 13/200, train_loss: 0.5556646321828549, train r2: 0.514218280887593, valid r2: 0.2655200420157803, test r2: 0.5361694723126015
out of counter-3
epoch: 14/200, train_loss: 0.5384346143557475, train r2: 0.5248262777348213, valid r2: 0.34281744455141583, test r2: 0.5350060601907057
epoch: 15/200, train_loss: 0.5352079054484, train r2: 0.5188961769096967, valid r2: 0.30727789438105224, test r2: 0.5054876639418775
out of counter-1
epoch: 16/200, train_loss: 0.539094749551553, train r2: 0.5414884655756579, valid r2: 0.2825074505715284, test r2: 0.6259173567138976
out of counter-2
epoch: 17/200, train_loss: 0.5258579632410636, train r2: 0.5049562049351526, valid r2: 0.1694126249360386, test r2: 0.6348004196722642
out of counter-3
epoch: 18/200, train_loss: 0.5401776398603733, train r2: 0.5137473142112597, valid r2: 0.2532625276631272, test r2: 0.49319298852001003
out of counter-4
epoch: 19/200, train_loss: 0.5315626240693606, train r2: 0.47316422662138036, valid r2: 0.22947215597341042, test r2: 0.45226671829084697
out of counter-5
epoch: 20/200, train_loss: 0.5241057987396534, train r2: 0.5325016789851889, valid r2: 0.2319437915782504, test r2: 0.5421584471291434
out of counter-6
epoch: 21/200, train_loss: 0.5240479684793032, train r2: 0.5521348091805167, valid r2: 0.29275804382278736, test r2: 0.6051384367824846
out of counter-7
epoch: 22/200, train_loss: 0.5086880326271057, train r2: 0.5732973370286701, valid r2: 0.34702025526382285, test r2: 0.6461369223971106
epoch: 23/200, train_loss: 0.49889283455335176, train r2: 0.6096076955347369, valid r2: 0.39333340380621773, test r2: 0.5985080331138382
epoch: 24/200, train_loss: 0.4962106209534865, train r2: 0.578866984107691, valid r2: 0.23523646582004298, test r2: 0.5690491070898324
out of counter-1
epoch: 25/200, train_loss: 0.5040446817874908, train r2: 0.5951509744369123, valid r2: 0.2980812789019257, test r2: 0.5896119200960364
out of counter-2
epoch: 26/200, train_loss: 0.5060544472474319, train r2: 0.5850201887398695, valid r2: 0.36294980723933035, test r2: 0.5416077514152015
out of counter-3
epoch: 27/200, train_loss: 0.501915754033969, train r2: 0.5974050852783966, valid r2: 0.4583502273536777, test r2: 0.5848163357287891
epoch: 28/200, train_loss: 0.46731172502040863, train r2: 0.6105845054247077, valid r2: 0.3280365536060751, test r2: 0.5851508180771385
out of counter-1
epoch: 29/200, train_loss: 0.4769388127785463, train r2: 0.623387831932391, valid r2: 0.3812444409520086, test r2: 0.5466954501007971
out of counter-2
epoch: 30/200, train_loss: 0.4799290356727747, train r2: 0.5414399547730289, valid r2: 0.22364696086455582, test r2: 0.5316895330669679
out of counter-3
epoch: 31/200, train_loss: 0.48971713850131404, train r2: 0.6108800443329141, valid r2: 0.29872559750482575, test r2: 0.5545203897419595
out of counter-4
epoch: 32/200, train_loss: 0.4726966745578326, train r2: 0.6096904576550046, valid r2: 0.37670236689826087, test r2: 0.5291633461846585
out of counter-5
epoch: 33/200, train_loss: 0.4996419411439162, train r2: 0.6388679954937557, valid r2: 0.43958098812688806, test r2: 0.6025585884173461
out of counter-6
epoch: 34/200, train_loss: 0.4823610599224384, train r2: 0.6414124470816933, valid r2: 0.40789324666678184, test r2: 0.5904576502169736
out of counter-7
epoch: 35/200, train_loss: 0.46517695371921247, train r2: 0.6553156750704527, valid r2: 0.40545644538717474, test r2: 0.5758699111652055
out of counter-8
epoch: 36/200, train_loss: 0.44770453641047847, train r2: 0.6348434875312645, valid r2: 0.4013164212193272, test r2: 0.5405252517001695
out of counter-9
epoch: 37/200, train_loss: 0.45059526425141555, train r2: 0.650388283553323, valid r2: 0.3791343146697317, test r2: 0.5439129861602134
out of counter-10
epoch: 38/200, train_loss: 0.4432879858292066, train r2: 0.6639517870382101, valid r2: 0.42414613966553805, test r2: 0.5895410510449216
out of counter-11
epoch: 39/200, train_loss: 0.4542002918628546, train r2: 0.6072741940477385, valid r2: 0.2995065387206626, test r2: 0.5242915688235494
out of counter-12
epoch: 40/200, train_loss: 0.45577544890917265, train r2: 0.6639911713331368, valid r2: 0.4169923722876602, test r2: 0.6098109249965091
out of counter-13
epoch: 41/200, train_loss: 0.43897488369391513, train r2: 0.6622406931524039, valid r2: 0.3968561600872508, test r2: 0.596236425722289
out of counter-14
epoch: 42/200, train_loss: 0.45145910519819993, train r2: 0.6876886703733107, valid r2: 0.3864966738440513, test r2: 0.5944181314595476
out of counter-15
epoch: 43/200, train_loss: 0.4517566000039761, train r2: 0.6701219260770109, valid r2: 0.376565076069748, test r2: 0.6686829645837105
out of counter-16
epoch: 44/200, train_loss: 0.4634733601258351, train r2: 0.7017418204792834, valid r2: 0.41381226238415214, test r2: 0.6187925362547345
out of counter-17
epoch: 45/200, train_loss: 0.43277935683727264, train r2: 0.6613100688162705, valid r2: 0.3058620343732138, test r2: 0.5446608298103158
out of counter-18
epoch: 46/200, train_loss: 0.4194209105693377, train r2: 0.6976505658731931, valid r2: 0.42792962298012593, test r2: 0.6073341247627493
out of counter-19
epoch: 47/200, train_loss: 0.4533526668181786, train r2: 0.6829430073908952, valid r2: 0.4240405093499512, test r2: 0.6219838756214362
out of counter-20
out of patience-20!
current seed: 2044
model_config:
{'layer_num': 2, 'hidden_size': 128, 'dropout_rate': 0.2, 'act': 'leaky_relu', 'task_type': 'regr', 'num_tasks': 1}
[GeoGNNModel] embed_dim:32
[GeoGNNModel] dropout_rate:0.2
[GeoGNNModel] layer_num:8
[GeoGNNModel] readout:mean
[GeoGNNModel] atom_names:['atomic_num', 'formal_charge', 'degree', 'chiral_tag', 'total_numHs', 'is_aromatic', 'hybridization']
[GeoGNNModel] bond_names:['bond_dir', 'bond_type', 'is_in_ring']
[GeoGNNModel] bond_float_names:['bond_length']
[GeoGNNModel] bond_angle_float_names:['bond_angle']
Total param num: 170
Encoder param num: 164
Head param num: 6
Load state_dict from ./pretrain_models-chemrl_gem/regr.pdparams
Read preprocessing data...
Train/Valid/Test num: 842/140/110
Train mean/std/min/max 0.043294262147268406/0.6358910701169711/-2.0/2.84509804
Valid mean/std/min/max 0.03881043280714291/0.5821752862781022/-1.397940009/1.77815125
Test mean/std/min/max -0.1341028933909091/0.8066173550202019/-1.301029996/1.72916479
/root/data1/miniconda3/envs/GEM/lib/python3.7/site-packages/paddle/nn/layer/layers.py:1897: UserWarning: Skip loading for init_atom_embedding.embed_list.3.weight. init_atom_embedding.embed_list.3.weight receives a shape [9, 32], but the expected shape is [14, 32].
  warnings.warn(f"Skip loading for {key}. " + str(err))
/root/data1/miniconda3/envs/GEM/lib/python3.7/site-packages/paddle/nn/layer/layers.py:1897: UserWarning: Skip loading for init_atom_embedding.embed_list.6.weight. init_atom_embedding.embed_list.6.weight receives a shape [13, 32], but the expected shape is [14, 32].
  warnings.warn(f"Skip loading for {key}. " + str(err))
epoch: 1/200, train_loss: 0.8144286756332104, train r2: 0.2192607433444681, valid r2: 0.18903059256464905, test r2: 0.29295081668766954
epoch: 2/200, train_loss: 0.7050778430241805, train r2: 0.3510064538673964, valid r2: 0.18412973296574542, test r2: 0.43585538978146376
out of counter-1
epoch: 3/200, train_loss: 0.6852655926576028, train r2: 0.35640576814267866, valid r2: 0.22080172764981354, test r2: 0.4243494263045928
epoch: 4/200, train_loss: 0.6305695267824026, train r2: 0.40351464970409356, valid r2: 0.2233933986811274, test r2: 0.5060933210746512
epoch: 5/200, train_loss: 0.6029926332143637, train r2: 0.39612000069670383, valid r2: 0.1366824382226517, test r2: 0.4341975183721958
out of counter-1
epoch: 6/200, train_loss: 0.6178303945523042, train r2: 0.4441411283297467, valid r2: 0.2527930164176303, test r2: 0.4724976333895392
epoch: 7/200, train_loss: 0.6006649606502973, train r2: 0.44700255430545177, valid r2: 0.27134899946549895, test r2: 0.5025028520171881
epoch: 8/200, train_loss: 0.5803117224803338, train r2: 0.468825201261183, valid r2: 0.28823836922386015, test r2: 0.4875658775241456
epoch: 9/200, train_loss: 0.5684819691456281, train r2: 0.49356694214619967, valid r2: 0.33742670348040704, test r2: 0.566492201552471
epoch: 10/200, train_loss: 0.5481806970559634, train r2: 0.4764128115472076, valid r2: 0.33733490811275957, test r2: 0.5189283720017552
out of counter-1
epoch: 11/200, train_loss: 0.5611207599823291, train r2: 0.4689523521574054, valid r2: 0.17099573698462256, test r2: 0.5060819442309743
out of counter-2
epoch: 12/200, train_loss: 0.5584616156724783, train r2: 0.5048456816335354, valid r2: 0.2835956242866775, test r2: 0.5963837658767672
out of counter-3
epoch: 13/200, train_loss: 0.5527670005193124, train r2: 0.4757649159335502, valid r2: 0.34194492394890474, test r2: 0.5665697937344867
epoch: 14/200, train_loss: 0.5735443291755823, train r2: 0.4835587531599703, valid r2: 0.28814144886883764, test r2: 0.5006632109143924
out of counter-1
epoch: 15/200, train_loss: 0.5459497857552308, train r2: 0.5252715752439331, valid r2: 0.3093355695212675, test r2: 0.4764550917797067
out of counter-2
epoch: 16/200, train_loss: 0.5387241645501211, train r2: 0.5138402362946879, valid r2: 0.35508657659262155, test r2: 0.49168965210055615
epoch: 17/200, train_loss: 0.5395713150501251, train r2: 0.5171549750559723, valid r2: 0.31730330704950616, test r2: 0.5370386597259282
out of counter-1
epoch: 18/200, train_loss: 0.5346889335375565, train r2: 0.4959782477710566, valid r2: 0.24517289124631847, test r2: 0.48751992799485067
out of counter-2
epoch: 19/200, train_loss: 0.5283102014890084, train r2: 0.4724115075488684, valid r2: 0.25291055463038326, test r2: 0.36994503852951066
out of counter-3
epoch: 20/200, train_loss: 0.5197539386840967, train r2: 0.5402466245142472, valid r2: 0.2577146423905332, test r2: 0.49215769120361585
out of counter-4
epoch: 21/200, train_loss: 0.5071603713127283, train r2: 0.5630033707080885, valid r2: 0.31393362058471486, test r2: 0.5716739016576176
out of counter-5
epoch: 22/200, train_loss: 0.4989279909775807, train r2: 0.5693023671817201, valid r2: 0.37020592290728926, test r2: 0.5559317299332125
epoch: 23/200, train_loss: 0.4959172617930632, train r2: 0.5881607505299813, valid r2: 0.2947942087835771, test r2: 0.5822669685156989
out of counter-1
epoch: 24/200, train_loss: 0.5028028751795108, train r2: 0.5815110604162584, valid r2: 0.335133825239203, test r2: 0.5566162980780351
out of counter-2
epoch: 25/200, train_loss: 0.475214414871656, train r2: 0.5834854465528541, valid r2: 0.35277508292109994, test r2: 0.6013492429716236
out of counter-3
epoch: 26/200, train_loss: 0.4870248276453752, train r2: 0.6125017144099074, valid r2: 0.3472360311037056, test r2: 0.5611665246184229
out of counter-4
epoch: 27/200, train_loss: 0.4814984339934129, train r2: 0.5498379940673249, valid r2: 0.27758066631895684, test r2: 0.5482269056044263
out of counter-5
epoch: 28/200, train_loss: 0.4952716128184245, train r2: 0.6020108936260347, valid r2: 0.36311764329296026, test r2: 0.528580049147833
out of counter-6
epoch: 29/200, train_loss: 0.486641811636778, train r2: 0.5889238847124327, valid r2: 0.3295651389070431, test r2: 0.4508868942542228
out of counter-7
epoch: 30/200, train_loss: 0.47701363494763005, train r2: 0.6036090591255336, valid r2: 0.33604894512049466, test r2: 0.47988411351103344
out of counter-8
epoch: 31/200, train_loss: 0.48344164742873263, train r2: 0.6266091685510048, valid r2: 0.3504607954557353, test r2: 0.5130788844824974
out of counter-9
epoch: 32/200, train_loss: 0.4707527160644531, train r2: 0.6309987845078718, valid r2: 0.31667313068399927, test r2: 0.551822673864445
out of counter-10
epoch: 33/200, train_loss: 0.4656596390100626, train r2: 0.5764570412178962, valid r2: 0.35337211462721996, test r2: 0.5014752927757301
out of counter-11
epoch: 34/200, train_loss: 0.475081755564763, train r2: 0.5809509753329634, valid r2: 0.3368307539931523, test r2: 0.5214137047361436
out of counter-12
epoch: 35/200, train_loss: 0.47640759555193096, train r2: 0.6646057841907849, valid r2: 0.34284939039341256, test r2: 0.5766640959669953
out of counter-13
epoch: 36/200, train_loss: 0.44305734451000506, train r2: 0.6541527154816786, valid r2: 0.36932320307757716, test r2: 0.5378745766727913
out of counter-14
epoch: 37/200, train_loss: 0.45094260344138515, train r2: 0.631206118621418, valid r2: 0.37442060337748484, test r2: 0.43688244675199994
epoch: 38/200, train_loss: 0.453075368817036, train r2: 0.631712929803724, valid r2: 0.2835440735314757, test r2: 0.5354575799645149
out of counter-1
epoch: 39/200, train_loss: 0.45426437717217666, train r2: 0.6209964463640212, valid r2: 0.31665157867747296, test r2: 0.48771354041311576
out of counter-2
epoch: 40/200, train_loss: 0.4349008317177112, train r2: 0.6722490200274469, valid r2: 0.3991903970399595, test r2: 0.46188231686310544
epoch: 41/200, train_loss: 0.44928277455843413, train r2: 0.6446661889468162, valid r2: 0.348886716873159, test r2: 0.39808173884110354
out of counter-1
epoch: 42/200, train_loss: 0.43397701588960796, train r2: 0.6860907332072788, valid r2: 0.35791469225385264, test r2: 0.5003505786413099
out of counter-2
epoch: 43/200, train_loss: 0.44094713834615856, train r2: 0.6804692287766982, valid r2: 0.37874099541182704, test r2: 0.5089608121262195
out of counter-3
epoch: 44/200, train_loss: 0.45735930135616887, train r2: 0.6533545452025348, valid r2: 0.31203576165486546, test r2: 0.49335691586036756
out of counter-4
epoch: 45/200, train_loss: 0.44437000155448914, train r2: 0.5663411959939724, valid r2: 0.33024245780355865, test r2: 0.47107705841589453
out of counter-5
epoch: 46/200, train_loss: 0.44995570182800293, train r2: 0.6892844393585633, valid r2: 0.3614833490445779, test r2: 0.5105228423800268
out of counter-6
epoch: 47/200, train_loss: 0.4194706850326978, train r2: 0.6640138353588984, valid r2: 0.3959155256337129, test r2: 0.5112954959452958
out of counter-7
epoch: 48/200, train_loss: 0.42295503272460055, train r2: 0.6977497619805495, valid r2: 0.2647717110433112, test r2: 0.5575251944635469
out of counter-8
epoch: 49/200, train_loss: 0.4182080443088825, train r2: 0.6784395773660943, valid r2: 0.39321865134014, test r2: 0.5359910216293732
out of counter-9
epoch: 50/200, train_loss: 0.42428824305534363, train r2: 0.6950702881440958, valid r2: 0.381111082407648, test r2: 0.5850859081619643
out of counter-10
epoch: 51/200, train_loss: 0.4175905894774657, train r2: 0.7150691289291073, valid r2: 0.4634702356789401, test r2: 0.5182689896261097
epoch: 52/200, train_loss: 0.4158363032799501, train r2: 0.7231864564736734, valid r2: 0.3584435469503895, test r2: 0.5715082943132603
out of counter-1
epoch: 53/200, train_loss: 0.4182030661748006, train r2: 0.7035608439985027, valid r2: 0.37007664420903486, test r2: 0.40333609110782753
out of counter-2
epoch: 54/200, train_loss: 0.4158025819521684, train r2: 0.7044846942506373, valid r2: 0.4066325827823961, test r2: 0.4875039939302366
out of counter-3
epoch: 55/200, train_loss: 0.4280438033434061, train r2: 0.7270893637353981, valid r2: 0.39316515338826663, test r2: 0.4701651071635825
out of counter-4
epoch: 56/200, train_loss: 0.4132963029237894, train r2: 0.7116610322118715, valid r2: 0.3582650443161084, test r2: 0.4951768644462442
out of counter-5
epoch: 57/200, train_loss: 0.3921223340126184, train r2: 0.7364610846362997, valid r2: 0.3524255541334985, test r2: 0.5127127953658792
out of counter-6
epoch: 58/200, train_loss: 0.4034416526556015, train r2: 0.6922205940310135, valid r2: 0.39363922248877437, test r2: 0.35142250000209896
out of counter-7
epoch: 59/200, train_loss: 0.4272847748719729, train r2: 0.6890636933861001, valid r2: 0.4147688094882903, test r2: 0.39915985039997925
out of counter-8
epoch: 60/200, train_loss: 0.4027333500293585, train r2: 0.7129955009534953, valid r2: 0.3923955704815054, test r2: 0.592435709626794
out of counter-9
epoch: 61/200, train_loss: 0.39849281081786525, train r2: 0.717500404614913, valid r2: 0.4158049100742034, test r2: 0.49704484627079326
out of counter-10
epoch: 62/200, train_loss: 0.39928923776516545, train r2: 0.7483806495176687, valid r2: 0.4472028304803428, test r2: 0.532232013651167
out of counter-11
epoch: 63/200, train_loss: 0.40486680085842425, train r2: 0.7437368902341819, valid r2: 0.39294000515267113, test r2: 0.5693080944472211
out of counter-12
epoch: 64/200, train_loss: 0.3895359623890657, train r2: 0.7575164755390119, valid r2: 0.39369599701138425, test r2: 0.42285683382872963
out of counter-13
epoch: 65/200, train_loss: 0.38143309836204237, train r2: 0.7576686392153084, valid r2: 0.3658386829304642, test r2: 0.5055256513568669
out of counter-14
epoch: 66/200, train_loss: 0.3883904700095837, train r2: 0.7708359348650199, valid r2: 0.3779931254457095, test r2: 0.5368256405455227
out of counter-15
epoch: 67/200, train_loss: 0.393215764600497, train r2: 0.7128369998880999, valid r2: 0.35495719286663463, test r2: 0.388480356098837
out of counter-16
epoch: 68/200, train_loss: 0.4011274897135221, train r2: 0.7629632271027614, valid r2: 0.4101092307663745, test r2: 0.4879434083827372
out of counter-17
epoch: 69/200, train_loss: 0.3914495546084184, train r2: 0.7501291120135833, valid r2: 0.40664196379815243, test r2: 0.48369439848421447
out of counter-18
epoch: 70/200, train_loss: 0.38718723219174606, train r2: 0.7512597675150952, valid r2: 0.43587341277916924, test r2: 0.47245103345647144
out of counter-19
epoch: 71/200, train_loss: 0.3863752300922687, train r2: 0.6926627199503996, valid r2: 0.2975074225057226, test r2: 0.29626799500852063
out of counter-20
out of patience-20!
current seed: 2054
model_config:
{'layer_num': 2, 'hidden_size': 128, 'dropout_rate': 0.2, 'act': 'leaky_relu', 'task_type': 'regr', 'num_tasks': 1}
[GeoGNNModel] embed_dim:32
[GeoGNNModel] dropout_rate:0.2
[GeoGNNModel] layer_num:8
[GeoGNNModel] readout:mean
[GeoGNNModel] atom_names:['atomic_num', 'formal_charge', 'degree', 'chiral_tag', 'total_numHs', 'is_aromatic', 'hybridization']
[GeoGNNModel] bond_names:['bond_dir', 'bond_type', 'is_in_ring']
[GeoGNNModel] bond_float_names:['bond_length']
[GeoGNNModel] bond_angle_float_names:['bond_angle']
Total param num: 170
Encoder param num: 164
Head param num: 6
Load state_dict from ./pretrain_models-chemrl_gem/regr.pdparams
Read preprocessing data...
Train/Valid/Test num: 842/140/110
Train mean/std/min/max 0.043294262147268406/0.6358910701169711/-2.0/2.84509804
Valid mean/std/min/max 0.03881043280714291/0.5821752862781022/-1.397940009/1.77815125
Test mean/std/min/max -0.1341028933909091/0.8066173550202019/-1.301029996/1.72916479
/root/data1/miniconda3/envs/GEM/lib/python3.7/site-packages/paddle/nn/layer/layers.py:1897: UserWarning: Skip loading for init_atom_embedding.embed_list.3.weight. init_atom_embedding.embed_list.3.weight receives a shape [9, 32], but the expected shape is [14, 32].
  warnings.warn(f"Skip loading for {key}. " + str(err))
/root/data1/miniconda3/envs/GEM/lib/python3.7/site-packages/paddle/nn/layer/layers.py:1897: UserWarning: Skip loading for init_atom_embedding.embed_list.6.weight. init_atom_embedding.embed_list.6.weight receives a shape [13, 32], but the expected shape is [14, 32].
  warnings.warn(f"Skip loading for {key}. " + str(err))
epoch: 1/200, train_loss: 0.7987057497868171, train r2: 0.18340252749237873, valid r2: 0.19102996496930635, test r2: 0.40025193538666737
epoch: 2/200, train_loss: 0.7124899648703061, train r2: 0.25977400659484895, valid r2: 0.24709111520981974, test r2: 0.4571483234211642
epoch: 3/200, train_loss: 0.6871375475938504, train r2: 0.2809374896132836, valid r2: 0.277763768380372, test r2: 0.43686742174819404
epoch: 4/200, train_loss: 0.6752156271384313, train r2: 0.2796588323402778, valid r2: 0.1590634706359414, test r2: 0.46420714406125196
out of counter-1
epoch: 5/200, train_loss: 0.669529201892706, train r2: 0.38303919581477175, valid r2: 0.3453769944031456, test r2: 0.4853910318761918
epoch: 6/200, train_loss: 0.61964395069159, train r2: 0.4138580931967657, valid r2: 0.32815622125377264, test r2: 0.5361696177200396
out of counter-1
epoch: 7/200, train_loss: 0.6130348237661215, train r2: 0.4033014758213027, valid r2: 0.2524333934004579, test r2: 0.5715578283362017
out of counter-2
epoch: 8/200, train_loss: 0.6006189642044214, train r2: 0.41880253587697003, valid r2: 0.27902339382376395, test r2: 0.5118664297177955
out of counter-3
epoch: 9/200, train_loss: 0.6081986186596063, train r2: 0.22458423589054755, valid r2: 0.021223846947754366, test r2: 0.40985247324180174
out of counter-4
epoch: 10/200, train_loss: 0.5995542636284461, train r2: 0.4638535885011493, valid r2: 0.3449002359103762, test r2: 0.5803078187126682
out of counter-5
epoch: 11/200, train_loss: 0.5753983614536432, train r2: 0.4322364512993916, valid r2: 0.36252286428064984, test r2: 0.6074429152216954
epoch: 12/200, train_loss: 0.5988545234386737, train r2: 0.46727962194455885, valid r2: 0.37812669562247103, test r2: 0.5617387506986395
epoch: 13/200, train_loss: 0.5670394232639899, train r2: 0.4156968013733602, valid r2: 0.1985310089696194, test r2: 0.5198452293145117
out of counter-1
epoch: 14/200, train_loss: 0.571604888026531, train r2: 0.4949772339882781, valid r2: 0.3716934875063661, test r2: 0.6139305210879269
out of counter-2
epoch: 15/200, train_loss: 0.5351143651283704, train r2: 0.502031217775943, valid r2: 0.3598024030101469, test r2: 0.5373581052700949
out of counter-3
epoch: 16/200, train_loss: 0.542275036756809, train r2: 0.5114080922090999, valid r2: 0.36788784384996776, test r2: 0.6140446489335822
out of counter-4
epoch: 17/200, train_loss: 0.534844845533371, train r2: 0.541860482161608, valid r2: 0.34253453086033325, test r2: 0.6026998970087472
out of counter-5
epoch: 18/200, train_loss: 0.530897957774309, train r2: 0.5083445681755154, valid r2: 0.30468608208718695, test r2: 0.5401562687230078
out of counter-6
epoch: 19/200, train_loss: 0.5210791596999536, train r2: 0.5293779708234585, valid r2: 0.3144539760605014, test r2: 0.6094891160781819
out of counter-7
epoch: 20/200, train_loss: 0.5225082784891129, train r2: 0.5653271683048169, valid r2: 0.35793034758299536, test r2: 0.6149257907541963
out of counter-8
epoch: 21/200, train_loss: 0.5096768851463611, train r2: 0.5589942735717852, valid r2: 0.3630469022188838, test r2: 0.5710172292754924
out of counter-9
epoch: 22/200, train_loss: 0.5310559100829638, train r2: 0.5537894757617541, valid r2: 0.35678751858797597, test r2: 0.6242513799867513
out of counter-10
epoch: 23/200, train_loss: 0.5212638148894677, train r2: 0.5690513461004203, valid r2: 0.3451474527927395, test r2: 0.6771946202518517
out of counter-11
epoch: 24/200, train_loss: 0.4903383805201604, train r2: 0.6086815273701851, valid r2: 0.40923119398573726, test r2: 0.5765836762647576
epoch: 25/200, train_loss: 0.4914308717617622, train r2: 0.5053066417975627, valid r2: 0.20998102475991354, test r2: 0.4915281636656016
out of counter-1
epoch: 26/200, train_loss: 0.5001881936421761, train r2: 0.588692665138007, valid r2: 0.41302678120416936, test r2: 0.6659868049550504
epoch: 27/200, train_loss: 0.48105949736558473, train r2: 0.6107855990687812, valid r2: 0.25494694491337866, test r2: 0.6630818009206072
out of counter-1
epoch: 28/200, train_loss: 0.4938677308651117, train r2: 0.5852763882339104, valid r2: 0.3474220062491198, test r2: 0.5430276936576774
out of counter-2
epoch: 29/200, train_loss: 0.49177778913424564, train r2: 0.6214347700597356, valid r2: 0.3579700836704728, test r2: 0.6111364509234787
out of counter-3
epoch: 30/200, train_loss: 0.4797110099058885, train r2: 0.6320068128119198, valid r2: 0.41053759836741555, test r2: 0.6597199522380548
out of counter-4
epoch: 31/200, train_loss: 0.46885369144953215, train r2: 0.6448996693933131, valid r2: 0.40368761265020714, test r2: 0.5982138371681325
out of counter-5
epoch: 32/200, train_loss: 0.48482488898130566, train r2: 0.5662626113743803, valid r2: 0.4274388006939486, test r2: 0.6066079677067013
epoch: 33/200, train_loss: 0.4923878690371147, train r2: 0.6288386991307628, valid r2: 0.4353494521078005, test r2: 0.5570350828828314
epoch: 34/200, train_loss: 0.4725697969014828, train r2: 0.6408321652630302, valid r2: 0.3996906686593179, test r2: 0.63231641519338
out of counter-1
epoch: 35/200, train_loss: 0.4630338412064772, train r2: 0.6453197775751083, valid r2: 0.3397299652598773, test r2: 0.5778013405532485
out of counter-2
epoch: 36/200, train_loss: 0.45761834658109224, train r2: 0.647370576139979, valid r2: 0.4284152054432476, test r2: 0.5491142773941897
out of counter-3
epoch: 37/200, train_loss: 0.46166008481612575, train r2: 0.6622037624160353, valid r2: 0.3874652789518823, test r2: 0.619796860554443
out of counter-4
epoch: 38/200, train_loss: 0.4735463307454036, train r2: 0.6440214962864563, valid r2: 0.4311502940240607, test r2: 0.581230633794511
out of counter-5
epoch: 39/200, train_loss: 0.45519233437684864, train r2: 0.654545035279557, valid r2: 0.42234385188686907, test r2: 0.5699740859803859
out of counter-6
epoch: 40/200, train_loss: 0.45575405198794144, train r2: 0.6421675166321292, valid r2: 0.4407014086312352, test r2: 0.6244361595298356
epoch: 41/200, train_loss: 0.45990316569805145, train r2: 0.6311183050589281, valid r2: 0.377214922704447, test r2: 0.662441768686155
out of counter-1
epoch: 42/200, train_loss: 0.4308397128031804, train r2: 0.678615542401549, valid r2: 0.3363067960240316, test r2: 0.6234580685854823
out of counter-2
epoch: 43/200, train_loss: 0.4314555777953221, train r2: 0.6903817296739955, valid r2: 0.41952024660135734, test r2: 0.6251799678902145
out of counter-3
epoch: 44/200, train_loss: 0.4286684187558981, train r2: 0.6532879261338898, valid r2: 0.2931219512520947, test r2: 0.5494132924218516
out of counter-4
epoch: 45/200, train_loss: 0.4335418160145099, train r2: 0.6761806717217975, valid r2: 0.4088372016656979, test r2: 0.6754802387710194
out of counter-5
epoch: 46/200, train_loss: 0.45901242930155534, train r2: 0.6384892910017226, valid r2: 0.3392004707286769, test r2: 0.5534231359491313
out of counter-6
epoch: 47/200, train_loss: 0.4370919271157338, train r2: 0.6793956358969808, valid r2: 0.3153392669118886, test r2: 0.5459140319347582
out of counter-7
epoch: 48/200, train_loss: 0.42418055350963885, train r2: 0.6717633166214223, valid r2: 0.3313667244601024, test r2: 0.6041767050370972
out of counter-8
epoch: 49/200, train_loss: 0.4190024767930691, train r2: 0.7141495951264965, valid r2: 0.36058353789008, test r2: 0.6121841408011546
out of counter-9
epoch: 50/200, train_loss: 0.4023268692768537, train r2: 0.7181408974734615, valid r2: 0.3703809748213148, test r2: 0.5450908824719083
out of counter-10
epoch: 51/200, train_loss: 0.45700834920773137, train r2: 0.7032451482590409, valid r2: 0.29984325379005494, test r2: 0.5629282094975905
out of counter-11
epoch: 52/200, train_loss: 0.43687837857466477, train r2: 0.6998858686925634, valid r2: 0.27550455260297113, test r2: 0.5971497467872744
out of counter-12
epoch: 53/200, train_loss: 0.4176493218311897, train r2: 0.6945838559780932, valid r2: 0.4598741907151308, test r2: 0.6526215393972945
epoch: 54/200, train_loss: 0.4267201056847206, train r2: 0.6471106183236903, valid r2: 0.36118652721572064, test r2: 0.5528651032496539
out of counter-1
epoch: 55/200, train_loss: 0.4190274259218803, train r2: 0.7088519313427374, valid r2: 0.4418166319818225, test r2: 0.5917799848640883
out of counter-2
epoch: 56/200, train_loss: 0.4039034293248103, train r2: 0.7274696254809732, valid r2: 0.4315377362133406, test r2: 0.5483419604260775
out of counter-3
epoch: 57/200, train_loss: 0.4055693665376076, train r2: 0.7295357731133736, valid r2: 0.3617249129445097, test r2: 0.5934325632234507
out of counter-4
epoch: 58/200, train_loss: 0.4001155598805501, train r2: 0.7442644323170715, valid r2: 0.41380035796678183, test r2: 0.62285036949176
out of counter-5
epoch: 59/200, train_loss: 0.4261469187644812, train r2: 0.7233360459639031, valid r2: 0.37547013881499813, test r2: 0.6163822315920662
out of counter-6
epoch: 60/200, train_loss: 0.40987974405288696, train r2: 0.722346468200026, valid r2: 0.3443207102108893, test r2: 0.606210530910237
out of counter-7
epoch: 61/200, train_loss: 0.39264543526447737, train r2: 0.7383634437201827, valid r2: 0.42877565487446145, test r2: 0.5812902525214769
out of counter-8
epoch: 62/200, train_loss: 0.3940574354850329, train r2: 0.7413184717196535, valid r2: 0.389948428581641, test r2: 0.5321564151973405
out of counter-9
epoch: 63/200, train_loss: 0.3820018103489509, train r2: 0.7470525190853325, valid r2: 0.3834055555195742, test r2: 0.6350538658430773
out of counter-10
epoch: 64/200, train_loss: 0.38527369728455174, train r2: 0.7307828165846011, valid r2: 0.41345757959021134, test r2: 0.5795013557572641
out of counter-11
epoch: 65/200, train_loss: 0.40242644170155895, train r2: 0.7535829585793282, valid r2: 0.40437630994019313, test r2: 0.6412244735014747
out of counter-12
epoch: 66/200, train_loss: 0.385450307566386, train r2: 0.7443597000806106, valid r2: 0.3607852373124597, test r2: 0.6019445997805134
out of counter-13
epoch: 67/200, train_loss: 0.3832166917048968, train r2: 0.7644226143956887, valid r2: 0.3485253278208378, test r2: 0.640426036480441
out of counter-14
epoch: 68/200, train_loss: 0.4104263186454773, train r2: 0.753082960860807, valid r2: 0.4191571867350786, test r2: 0.6700888342804299
out of counter-15
epoch: 69/200, train_loss: 0.39274580203569853, train r2: 0.7408139350728182, valid r2: 0.4655408067389383, test r2: 0.5881129513690722
epoch: 70/200, train_loss: 0.3788905688203298, train r2: 0.776083454862359, valid r2: 0.3961923178027681, test r2: 0.6331718976286452
out of counter-1
epoch: 71/200, train_loss: 0.378903088088219, train r2: 0.7499922556632181, valid r2: 0.37149384583693346, test r2: 0.6289259249206918
out of counter-2
epoch: 72/200, train_loss: 0.3775862409518315, train r2: 0.776721412179781, valid r2: 0.46090875503187445, test r2: 0.6329505626329015
out of counter-3
epoch: 73/200, train_loss: 0.3656518499438579, train r2: 0.7791333067822958, valid r2: 0.3401075895770911, test r2: 0.6485438643796654
out of counter-4
epoch: 74/200, train_loss: 0.38075606295695674, train r2: 0.7864369548361553, valid r2: 0.3927638184291268, test r2: 0.5772014162190114
out of counter-5
epoch: 75/200, train_loss: 0.37646738153237563, train r2: 0.7754446153503669, valid r2: 0.3738443854880352, test r2: 0.6666749659163341
out of counter-6
epoch: 76/200, train_loss: 0.38225605396124035, train r2: 0.7726515667236151, valid r2: 0.34043625019255086, test r2: 0.6140860601338394
out of counter-7
epoch: 77/200, train_loss: 0.386247676725571, train r2: 0.7780502788418762, valid r2: 0.37465334507592163, test r2: 0.5689170277085529
out of counter-8
epoch: 78/200, train_loss: 0.37392689746159774, train r2: 0.7510073298429985, valid r2: 0.2995920761888453, test r2: 0.5283665939873989
out of counter-9
epoch: 79/200, train_loss: 0.37583865454563725, train r2: 0.7803587083298107, valid r2: 0.3975664776661777, test r2: 0.5976964195139703
out of counter-10
epoch: 80/200, train_loss: 0.3710753722832753, train r2: 0.782726640177604, valid r2: 0.41578190428032824, test r2: 0.6408822440249715
out of counter-11
epoch: 81/200, train_loss: 0.3871623701774157, train r2: 0.7738499983170142, valid r2: 0.39891099156602616, test r2: 0.6059704051837144
out of counter-12
epoch: 82/200, train_loss: 0.3747960546841988, train r2: 0.792808722902314, valid r2: 0.38618178588555385, test r2: 0.6119121474905724
out of counter-13
epoch: 83/200, train_loss: 0.36049801340469945, train r2: 0.797868698683402, valid r2: 0.3199928392465543, test r2: 0.5931868351043204
out of counter-14
epoch: 84/200, train_loss: 0.3610243590978476, train r2: 0.7815301766061353, valid r2: 0.39772019824617877, test r2: 0.5879871458844766
out of counter-15
epoch: 85/200, train_loss: 0.37306855905514497, train r2: 0.7855412785626199, valid r2: 0.38169721806889834, test r2: 0.6250281438375699
out of counter-16
epoch: 86/200, train_loss: 0.36897455155849457, train r2: 0.7591478786766799, valid r2: 0.40886773261760423, test r2: 0.5937624865501732
out of counter-17
epoch: 87/200, train_loss: 0.38935074324791247, train r2: 0.7628998796874251, valid r2: 0.42569130522075527, test r2: 0.615535476261897
out of counter-18
epoch: 88/200, train_loss: 0.36850037941565883, train r2: 0.7886440218756647, valid r2: 0.35107310311599615, test r2: 0.5680348385471837
out of counter-19
epoch: 89/200, train_loss: 0.3745001806662633, train r2: 0.8018760804657132, valid r2: 0.4330101548548203, test r2: 0.6175084024380143
out of counter-20
out of patience-20!
current seed: 2064
model_config:
{'layer_num': 2, 'hidden_size': 128, 'dropout_rate': 0.2, 'act': 'leaky_relu', 'task_type': 'regr', 'num_tasks': 1}
[GeoGNNModel] embed_dim:32
[GeoGNNModel] dropout_rate:0.2
[GeoGNNModel] layer_num:8
[GeoGNNModel] readout:mean
[GeoGNNModel] atom_names:['atomic_num', 'formal_charge', 'degree', 'chiral_tag', 'total_numHs', 'is_aromatic', 'hybridization']
[GeoGNNModel] bond_names:['bond_dir', 'bond_type', 'is_in_ring']
[GeoGNNModel] bond_float_names:['bond_length']
[GeoGNNModel] bond_angle_float_names:['bond_angle']
Total param num: 170
Encoder param num: 164
Head param num: 6
Load state_dict from ./pretrain_models-chemrl_gem/regr.pdparams
Read preprocessing data...
Train/Valid/Test num: 842/140/110
Train mean/std/min/max 0.043294262147268406/0.6358910701169711/-2.0/2.84509804
Valid mean/std/min/max 0.03881043280714291/0.5821752862781022/-1.397940009/1.77815125
Test mean/std/min/max -0.1341028933909091/0.8066173550202019/-1.301029996/1.72916479
/root/data1/miniconda3/envs/GEM/lib/python3.7/site-packages/paddle/nn/layer/layers.py:1897: UserWarning: Skip loading for init_atom_embedding.embed_list.3.weight. init_atom_embedding.embed_list.3.weight receives a shape [9, 32], but the expected shape is [14, 32].
  warnings.warn(f"Skip loading for {key}. " + str(err))
/root/data1/miniconda3/envs/GEM/lib/python3.7/site-packages/paddle/nn/layer/layers.py:1897: UserWarning: Skip loading for init_atom_embedding.embed_list.6.weight. init_atom_embedding.embed_list.6.weight receives a shape [13, 32], but the expected shape is [14, 32].
  warnings.warn(f"Skip loading for {key}. " + str(err))
epoch: 1/200, train_loss: 0.7607616002743061, train r2: 0.28103290865151387, valid r2: 0.14800164101696, test r2: 0.409505574669879
epoch: 2/200, train_loss: 0.6988225189539102, train r2: 0.36201985387985147, valid r2: 0.1591407379867219, test r2: 0.452280319009867
epoch: 3/200, train_loss: 0.666643962264061, train r2: 0.381447719651812, valid r2: 0.285310547634679, test r2: 0.39728477340663393
epoch: 4/200, train_loss: 0.6326358765363693, train r2: 0.3748843634640523, valid r2: 0.18669884855455698, test r2: 0.44091132923837706
out of counter-1
epoch: 5/200, train_loss: 0.6378116447191972, train r2: 0.21902425347402443, valid r2: -0.1492377486241554, test r2: 0.31803463054263037
out of counter-2
epoch: 6/200, train_loss: 0.5982034756587102, train r2: 0.4249874171978243, valid r2: 0.24416752261053787, test r2: 0.4951955816003084
out of counter-3
epoch: 7/200, train_loss: 0.6011962867700137, train r2: 0.45010587124030577, valid r2: 0.2914064454339318, test r2: 0.5060952959920311
epoch: 8/200, train_loss: 0.5875348139267701, train r2: 0.4580781464223881, valid r2: 0.27970185405886117, test r2: 0.47505077235966886
out of counter-1
epoch: 9/200, train_loss: 0.578138033931072, train r2: 0.4865182221029777, valid r2: 0.35651375555020537, test r2: 0.4950496127904245
epoch: 10/200, train_loss: 0.571307836816861, train r2: 0.5027027857636217, valid r2: 0.26957803825699567, test r2: 0.5315652832323817
out of counter-1
epoch: 11/200, train_loss: 0.573594888815513, train r2: 0.48881295841155525, valid r2: 0.25724893151698025, test r2: 0.48866465603051046
out of counter-2
epoch: 12/200, train_loss: 0.5414350032806396, train r2: 0.5340903944535895, valid r2: 0.3288510584994633, test r2: 0.6017314940865375
out of counter-3
epoch: 13/200, train_loss: 0.5370346296292084, train r2: 0.5232958432782654, valid r2: 0.2917536975508439, test r2: 0.5607586961631563
out of counter-4
epoch: 14/200, train_loss: 0.5541553394152567, train r2: 0.5384342170730848, valid r2: 0.3324062940272644, test r2: 0.5206702834151884
out of counter-5
epoch: 15/200, train_loss: 0.5321133870344895, train r2: 0.5119475733746194, valid r2: 0.3481248127211971, test r2: 0.6186813740603787
out of counter-6
epoch: 16/200, train_loss: 0.5364853109304721, train r2: 0.5391142329287216, valid r2: 0.30698995554800756, test r2: 0.608709757235466
out of counter-7
epoch: 17/200, train_loss: 0.532367216852995, train r2: 0.5384458156699858, valid r2: 0.3623921073177291, test r2: 0.6135427023000548
epoch: 18/200, train_loss: 0.5197524932714609, train r2: 0.5809464484969644, valid r2: 0.38093921621680016, test r2: 0.5696702544092896
epoch: 19/200, train_loss: 0.5105826533757724, train r2: 0.5768540415463805, valid r2: 0.3450589265445406, test r2: 0.6185208874257538
out of counter-1
epoch: 20/200, train_loss: 0.5194079784246591, train r2: 0.483578043637403, valid r2: 0.24792054819881948, test r2: 0.5576251804063092
out of counter-2
epoch: 21/200, train_loss: 0.5224753239980111, train r2: 0.5902293914964624, valid r2: 0.3641169892731171, test r2: 0.5992783953730475
out of counter-3
epoch: 22/200, train_loss: 0.4978331040877562, train r2: 0.5827069511813595, valid r2: 0.387843869372391, test r2: 0.5921039435248301
epoch: 23/200, train_loss: 0.5124552696943283, train r2: 0.5878461651965153, valid r2: 0.32676802656173676, test r2: 0.5685402510410194
out of counter-1
epoch: 24/200, train_loss: 0.5144171703320283, train r2: 0.5934709833499812, valid r2: 0.3496282910298957, test r2: 0.572009338855315
out of counter-2
epoch: 25/200, train_loss: 0.4910570371609468, train r2: 0.5939197410057495, valid r2: 0.34549643036246813, test r2: 0.6004208681042087
out of counter-3
epoch: 26/200, train_loss: 0.48918518882531387, train r2: 0.6109467802502286, valid r2: 0.38060222658743237, test r2: 0.5963512773277914
out of counter-4
epoch: 27/200, train_loss: 0.4706101738489591, train r2: 0.6329273486949867, valid r2: 0.39645916126278247, test r2: 0.6436809660709077
epoch: 28/200, train_loss: 0.47178490116046023, train r2: 0.6260496456519649, valid r2: 0.40273472482076356, test r2: 0.5634588043186057
epoch: 29/200, train_loss: 0.49624278912177455, train r2: 0.5656659721850485, valid r2: 0.3830275862215238, test r2: 0.5819365567608722
out of counter-1
epoch: 30/200, train_loss: 0.4648001812971555, train r2: 0.645552244446358, valid r2: 0.4026476321586361, test r2: 0.5712983825238267
out of counter-2
epoch: 31/200, train_loss: 0.4559587721641247, train r2: 0.6486896174416327, valid r2: 0.3727214402932467, test r2: 0.6882160522279187
out of counter-3
epoch: 32/200, train_loss: 0.46055392691722286, train r2: 0.6108420930508551, valid r2: 0.38463394222969904, test r2: 0.5451007515754521
out of counter-4
epoch: 33/200, train_loss: 0.4594102742580267, train r2: 0.6471062138531403, valid r2: 0.4034044101288399, test r2: 0.5862242914777012
epoch: 34/200, train_loss: 0.4597843289375305, train r2: 0.650806472104855, valid r2: 0.35564204604480754, test r2: 0.6251847697535953
out of counter-1
epoch: 35/200, train_loss: 0.4474795770186644, train r2: 0.6438778949464596, valid r2: 0.38989723772307594, test r2: 0.582810048603186
out of counter-2
epoch: 36/200, train_loss: 0.43850864240756404, train r2: 0.6596997662965713, valid r2: 0.4149116482791303, test r2: 0.5613086358806927
epoch: 37/200, train_loss: 0.46330659091472626, train r2: 0.6460609723413706, valid r2: 0.335368986883658, test r2: 0.6321186269028553
out of counter-1
epoch: 38/200, train_loss: 0.465094662629641, train r2: 0.6698892509389103, valid r2: 0.3413429293631809, test r2: 0.6234018125819679
out of counter-2
epoch: 39/200, train_loss: 0.45202213067274827, train r2: 0.6617005338650526, valid r2: 0.370600094039071, test r2: 0.5973559623318704
out of counter-3
epoch: 40/200, train_loss: 0.48084154839699084, train r2: 0.6542329429557392, valid r2: 0.35903171972030157, test r2: 0.6049298578745896
out of counter-4
epoch: 41/200, train_loss: 0.4362074136734009, train r2: 0.6514032638346438, valid r2: 0.33411212081277164, test r2: 0.5700866555895097
out of counter-5
epoch: 42/200, train_loss: 0.4354371107541598, train r2: 0.6632893541901266, valid r2: 0.3793840761041787, test r2: 0.5086040780285856
out of counter-6
epoch: 43/200, train_loss: 0.43683092639996457, train r2: 0.6757238476345883, valid r2: 0.4126884538354677, test r2: 0.5668595864745085
out of counter-7
epoch: 44/200, train_loss: 0.4266361261789615, train r2: 0.7034327778447211, valid r2: 0.4264881913277423, test r2: 0.6129536781087739
epoch: 45/200, train_loss: 0.41604037239001346, train r2: 0.713788183715011, valid r2: 0.3873422433114947, test r2: 0.608600110503422
out of counter-1
epoch: 46/200, train_loss: 0.41865437764387864, train r2: 0.7016891131393592, valid r2: 0.3243188115029926, test r2: 0.5702178182326048
out of counter-2
epoch: 47/200, train_loss: 0.4239907757594035, train r2: 0.6961358515610734, valid r2: 0.37099524875784284, test r2: 0.5506564351495145
out of counter-3
epoch: 48/200, train_loss: 0.44492437977057236, train r2: 0.6920969452582706, valid r2: 0.4179116872316736, test r2: 0.628229053056377
out of counter-4
epoch: 49/200, train_loss: 0.43361068631593996, train r2: 0.6983027025262312, valid r2: 0.32969619085081403, test r2: 0.5314028391170391
out of counter-5
epoch: 50/200, train_loss: 0.41858337017206043, train r2: 0.7153345226774595, valid r2: 0.3218625154528414, test r2: 0.5617643426323927
out of counter-6
epoch: 51/200, train_loss: 0.41630630080516523, train r2: 0.7338445419838758, valid r2: 0.3576714535898682, test r2: 0.6174902931596793
out of counter-7
epoch: 52/200, train_loss: 0.38944859688098615, train r2: 0.7321439440692825, valid r2: 0.3463201599525456, test r2: 0.5993959403077499
out of counter-8
epoch: 53/200, train_loss: 0.40119134520108884, train r2: 0.70595145946306, valid r2: 0.4128455296333331, test r2: 0.5604564114188132
out of counter-9
epoch: 54/200, train_loss: 0.4260012346964616, train r2: 0.6644070857316569, valid r2: 0.33906493930536974, test r2: 0.5276785395322552
out of counter-10
epoch: 55/200, train_loss: 0.4273014022753789, train r2: 0.6994420054969885, valid r2: 0.3304061646914469, test r2: 0.5835147934315621
out of counter-11
epoch: 56/200, train_loss: 0.41509344142216903, train r2: 0.6918830195055945, valid r2: 0.3745441440066932, test r2: 0.5845965703235787
out of counter-12
epoch: 57/200, train_loss: 0.40389845692194426, train r2: 0.7553206017786238, valid r2: 0.43487911204369933, test r2: 0.6565372203951735
epoch: 58/200, train_loss: 0.3951729192183568, train r2: 0.7392885041729873, valid r2: 0.40751344039301474, test r2: 0.6411197445772912
out of counter-1
epoch: 59/200, train_loss: 0.4106060151870434, train r2: 0.723689431632009, valid r2: 0.3897454434411468, test r2: 0.5074668113322502
out of counter-2
epoch: 60/200, train_loss: 0.41239234461234164, train r2: 0.7146222179885979, valid r2: 0.3379462049236788, test r2: 0.5510444755282664
out of counter-3
epoch: 61/200, train_loss: 0.4092285747711475, train r2: 0.7190203373671232, valid r2: 0.34990096423779726, test r2: 0.5846652290093861
out of counter-4
epoch: 62/200, train_loss: 0.4031671893138152, train r2: 0.7453594347946605, valid r2: 0.3610943680228159, test r2: 0.5371142513012712
out of counter-5
epoch: 63/200, train_loss: 0.39083011563007647, train r2: 0.745747151137511, valid r2: 0.35380036982439556, test r2: 0.5599072648762522
out of counter-6
epoch: 64/200, train_loss: 0.37940021546987385, train r2: 0.7529709540908538, valid r2: 0.36701891384165, test r2: 0.6632262272079719
out of counter-7
epoch: 65/200, train_loss: 0.38155846985486835, train r2: 0.748588517280677, valid r2: 0.39057022274732645, test r2: 0.5515720590108729
out of counter-8
epoch: 66/200, train_loss: 0.37115710171369404, train r2: 0.7744133427602357, valid r2: 0.385942572937533, test r2: 0.5930774203099352
out of counter-9
epoch: 67/200, train_loss: 0.38943397998809814, train r2: 0.7366048909877809, valid r2: 0.3551548164149667, test r2: 0.531791192040677
out of counter-10
epoch: 68/200, train_loss: 0.3758354691358713, train r2: 0.7631753455531518, valid r2: 0.404071778450514, test r2: 0.5787920889397525
out of counter-11
epoch: 69/200, train_loss: 0.3890633789392618, train r2: 0.74347928466697, valid r2: 0.3641459210748109, test r2: 0.6240012727843011
out of counter-12
epoch: 70/200, train_loss: 0.39444713294506073, train r2: 0.7804979161797219, valid r2: 0.40897767482616143, test r2: 0.5980000064848534
out of counter-13
epoch: 71/200, train_loss: 0.38432839856697965, train r2: 0.7499022419577286, valid r2: 0.4105882297124399, test r2: 0.634443749523417
out of counter-14
epoch: 72/200, train_loss: 0.3862331257416652, train r2: 0.7833330011985561, valid r2: 0.42349633317619384, test r2: 0.6053273479159017
out of counter-15
epoch: 73/200, train_loss: 0.379719825891348, train r2: 0.7322087062646749, valid r2: 0.34597739736107114, test r2: 0.5198399886230307
out of counter-16
epoch: 74/200, train_loss: 0.384928792141951, train r2: 0.7832074778018898, valid r2: 0.37196992619863234, test r2: 0.5672407085069902
out of counter-17
epoch: 75/200, train_loss: 0.37726568946471584, train r2: 0.7745364229677647, valid r2: 0.3820657802172067, test r2: 0.5293625071758297
out of counter-18
epoch: 76/200, train_loss: 0.3722680600789877, train r2: 0.7737713898343819, valid r2: 0.3212605778253238, test r2: 0.49245150161522055
out of counter-19
epoch: 77/200, train_loss: 0.35405798657582355, train r2: 0.7777176749945331, valid r2: 0.33642474693038016, test r2: 0.5242229955080897
out of counter-20
out of patience-20!
Time used on VDss_Perimeter_2034: 1:14:10
Current seed: 2044, current split method: Perimeter, current task: VDss
Result no existed!
[INFO] 2025-04-19 02:51:25,717 [mp_reader.py:   24]:	ujson not install, fail back to use json instead
W0419 02:51:26.925498 2409959 gpu_resources.cc:119] Please NOTE: device: 0, GPU Compute Capability: 8.9, Driver API Version: 12.2, Runtime API Version: 11.7
W0419 02:51:26.930480 2409959 gpu_resources.cc:149] device: 0, cuDNN Version: 8.2.
Namespace(batch_size=32, compound_encoder_config='model_configs/geognn_l8.json', data_name='VDss_Perimeter_2044', data_path='./data/raw_data', dropout_rate=0.2, encoder_lr=0.001, group_data_path='./data/group', head_lr=0.001, init_model='./pretrain_models-chemrl_gem/regr.pdparams', max_epoch=200, model_config='model_configs/down_mlp2.json', model_dir='./model_extra', num_workers=32, output_dir='./prediction_extra', processed_data_path='./data/processed_data', task='train', task_name='VDss')
current seed: 2024
model_config:
{'layer_num': 2, 'hidden_size': 128, 'dropout_rate': 0.2, 'act': 'leaky_relu', 'task_type': 'regr', 'num_tasks': 1}
[GeoGNNModel] embed_dim:32
[GeoGNNModel] dropout_rate:0.2
[GeoGNNModel] layer_num:8
[GeoGNNModel] readout:mean
[GeoGNNModel] atom_names:['atomic_num', 'formal_charge', 'degree', 'chiral_tag', 'total_numHs', 'is_aromatic', 'hybridization']
[GeoGNNModel] bond_names:['bond_dir', 'bond_type', 'is_in_ring']
[GeoGNNModel] bond_float_names:['bond_length']
[GeoGNNModel] bond_angle_float_names:['bond_angle']
Total param num: 170
Encoder param num: 164
Head param num: 6
Load state_dict from ./pretrain_models-chemrl_gem/regr.pdparams
Read preprocessing data...
Train/Valid/Test num: 854/126/112
Train mean/std/min/max 0.07429997558899301/0.662935468870766/-2.0/2.84509804
Valid mean/std/min/max -0.08890053592857142/0.6007675869096658/-1.15490196/1.681241237
Test mean/std/min/max -0.224239290875/0.5271102118885502/-1.301029996/1.487138375
/root/data1/miniconda3/envs/GEM/lib/python3.7/site-packages/paddle/nn/layer/layers.py:1897: UserWarning: Skip loading for init_atom_embedding.embed_list.3.weight. init_atom_embedding.embed_list.3.weight receives a shape [9, 32], but the expected shape is [14, 32].
  warnings.warn(f"Skip loading for {key}. " + str(err))
/root/data1/miniconda3/envs/GEM/lib/python3.7/site-packages/paddle/nn/layer/layers.py:1897: UserWarning: Skip loading for init_atom_embedding.embed_list.6.weight. init_atom_embedding.embed_list.6.weight receives a shape [13, 32], but the expected shape is [14, 32].
  warnings.warn(f"Skip loading for {key}. " + str(err))
epoch: 1/200, train_loss: 0.7761091060108609, train r2: 0.27469599949486034, valid r2: 0.2417302628051723, test r2: 0.22784664263673826
epoch: 2/200, train_loss: 0.6700655023256937, train r2: 0.35161235963184323, valid r2: 0.22709958719808843, test r2: 0.450531960375412
out of counter-1
epoch: 3/200, train_loss: 0.6574115267506352, train r2: 0.34776773061288513, valid r2: 0.2873486513297402, test r2: 0.5354042667888215
epoch: 4/200, train_loss: 0.616262494413941, train r2: 0.413156147666249, valid r2: 0.3290690918625787, test r2: 0.3555072432676817
epoch: 5/200, train_loss: 0.6211659345361922, train r2: 0.42548730906855703, valid r2: 0.3399149356351735, test r2: 0.3815086131061526
epoch: 6/200, train_loss: 0.6107823925989645, train r2: 0.46862399320465353, valid r2: 0.340574235016338, test r2: 0.5837613645955807
epoch: 7/200, train_loss: 0.5706175885818623, train r2: 0.4216363589878005, valid r2: 0.324654370830857, test r2: 0.5502793668322066
out of counter-1
epoch: 8/200, train_loss: 0.5844739642408159, train r2: 0.5108512773029894, valid r2: 0.40895910526197565, test r2: 0.5790565463904082
epoch: 9/200, train_loss: 0.5569280297667892, train r2: 0.4944709317773156, valid r2: 0.35700053681709243, test r2: 0.49448173219230573
out of counter-1
epoch: 10/200, train_loss: 0.567477493374436, train r2: 0.5280399649105707, valid r2: 0.3648205408840385, test r2: 0.5703985560071401
out of counter-2
epoch: 11/200, train_loss: 0.5562789053828628, train r2: 0.5183706348596686, valid r2: 0.4068354484754185, test r2: 0.5503869326398253
out of counter-3
epoch: 12/200, train_loss: 0.5493339189776668, train r2: 0.5593440977192095, valid r2: 0.4632530936448055, test r2: 0.5469153704337324
epoch: 13/200, train_loss: 0.5175553935545462, train r2: 0.4703076281255114, valid r2: 0.23421362434407345, test r2: 0.38666710457761655
out of counter-1
epoch: 14/200, train_loss: 0.5223614319607064, train r2: 0.5721497217919871, valid r2: 0.4608160163211311, test r2: 0.6331894745877894
out of counter-2
epoch: 15/200, train_loss: 0.5165224770704905, train r2: 0.5641866682682231, valid r2: 0.4535973528346213, test r2: 0.5005357509885389
out of counter-3
epoch: 16/200, train_loss: 0.5253345756619064, train r2: 0.5790886926866683, valid r2: 0.4747450871028558, test r2: 0.5053253552835671
epoch: 17/200, train_loss: 0.5383403632375929, train r2: 0.5781032371910495, valid r2: 0.42337427655244053, test r2: 0.5711652035004067
out of counter-1
epoch: 18/200, train_loss: 0.5002917790854419, train r2: 0.5887866840497812, valid r2: 0.4208423915399331, test r2: 0.5132948471630674
out of counter-2
epoch: 19/200, train_loss: 0.502716988325119, train r2: 0.5928324311125557, valid r2: 0.322736357411877, test r2: 0.5779519520654642
out of counter-3
epoch: 20/200, train_loss: 0.4957617543361805, train r2: 0.581462267423692, valid r2: 0.3545264939483239, test r2: 0.5587785491417857
out of counter-4
epoch: 21/200, train_loss: 0.4881715178489685, train r2: 0.5937152777479645, valid r2: 0.4248072704591819, test r2: 0.6132718969237493
out of counter-5
epoch: 22/200, train_loss: 0.5068135857582092, train r2: 0.5134692131068728, valid r2: 0.4717892918442588, test r2: 0.49153501688954004
out of counter-6
epoch: 23/200, train_loss: 0.505171063873503, train r2: 0.6115041328619727, valid r2: 0.4804169386723953, test r2: 0.5816903267782871
epoch: 24/200, train_loss: 0.48169142449343644, train r2: 0.6343394164020463, valid r2: 0.4957286214597859, test r2: 0.6126247108749887
epoch: 25/200, train_loss: 0.4749002357323964, train r2: 0.6300626680313823, valid r2: 0.4397761503092027, test r2: 0.593947812075003
out of counter-1
epoch: 26/200, train_loss: 0.46938721890802737, train r2: 0.5435396547465033, valid r2: 0.3427181273419089, test r2: 0.48089730824318133
out of counter-2
epoch: 27/200, train_loss: 0.4927972091568841, train r2: 0.5728203830091331, valid r2: 0.40233806336833866, test r2: 0.5642408570216229
out of counter-3
epoch: 28/200, train_loss: 0.4751423652525301, train r2: 0.6439188444637897, valid r2: 0.521862926899773, test r2: 0.6090487277489411
epoch: 29/200, train_loss: 0.4591100149684482, train r2: 0.6084005822738849, valid r2: 0.3965999381369294, test r2: 0.5897238022973128
out of counter-1
epoch: 30/200, train_loss: 0.46281221398600825, train r2: 0.6537989528810729, valid r2: 0.434081611211139, test r2: 0.5906780472788256
out of counter-2
epoch: 31/200, train_loss: 0.45502053256388064, train r2: 0.672017333286288, valid r2: 0.43325899604075424, test r2: 0.6117070051032669
out of counter-3
epoch: 32/200, train_loss: 0.4653345313337114, train r2: 0.6198893463505035, valid r2: 0.4584513402763202, test r2: 0.5786877464102946
out of counter-4
epoch: 33/200, train_loss: 0.47189201249016655, train r2: 0.6445083729712631, valid r2: 0.4365443524014697, test r2: 0.5816189211696755
out of counter-5
epoch: 34/200, train_loss: 0.45446785511793913, train r2: 0.6358963563940421, valid r2: 0.4228802289597473, test r2: 0.6136463210958749
out of counter-6
epoch: 35/200, train_loss: 0.466979765229755, train r2: 0.6563481515881219, valid r2: 0.43746775402368265, test r2: 0.640468912719713
out of counter-7
epoch: 36/200, train_loss: 0.4547231649910962, train r2: 0.6772573068708396, valid r2: 0.4355159175662452, test r2: 0.5736018000451345
out of counter-8
epoch: 37/200, train_loss: 0.4442017144627041, train r2: 0.6180387057401744, valid r2: 0.4118841656734552, test r2: 0.6032799170363226
out of counter-9
epoch: 38/200, train_loss: 0.44850566762465016, train r2: 0.6762685503980392, valid r2: 0.41195781311605795, test r2: 0.6317992897262263
out of counter-10
epoch: 39/200, train_loss: 0.435286189670916, train r2: 0.6970028045884973, valid r2: 0.4446082535599616, test r2: 0.6198772346462076
out of counter-11
epoch: 40/200, train_loss: 0.4353259139590793, train r2: 0.6764961054779587, valid r2: 0.4369516612368437, test r2: 0.5726090926249403
out of counter-12
epoch: 41/200, train_loss: 0.44385491256360654, train r2: 0.6673054815819577, valid r2: 0.4015034861220065, test r2: 0.6101916954572312
out of counter-13
epoch: 42/200, train_loss: 0.43106225905595, train r2: 0.7010099880779131, valid r2: 0.43950258054759017, test r2: 0.5381305195938025
out of counter-14
epoch: 43/200, train_loss: 0.42000447268839236, train r2: 0.6959537506803148, valid r2: 0.4294511418018939, test r2: 0.570513985930355
out of counter-15
epoch: 44/200, train_loss: 0.42477187514305115, train r2: 0.717575041781344, valid r2: 0.475044507571334, test r2: 0.5657131309464525
out of counter-16
epoch: 45/200, train_loss: 0.41761344450491444, train r2: 0.7092712176984701, valid r2: 0.44168813165020027, test r2: 0.5467230116139664
out of counter-17
epoch: 46/200, train_loss: 0.4346153570546044, train r2: 0.692601953504941, valid r2: 0.44693429852560684, test r2: 0.5461976948092377
out of counter-18
epoch: 47/200, train_loss: 0.42414348544897856, train r2: 0.7206894603973195, valid r2: 0.43923741141034445, test r2: 0.5802647762043852
out of counter-19
epoch: 48/200, train_loss: 0.42539193232854206, train r2: 0.7245023497914984, valid r2: 0.4347242171599509, test r2: 0.5254234762880021
out of counter-20
out of patience-20!
current seed: 2034
model_config:
{'layer_num': 2, 'hidden_size': 128, 'dropout_rate': 0.2, 'act': 'leaky_relu', 'task_type': 'regr', 'num_tasks': 1}
[GeoGNNModel] embed_dim:32
[GeoGNNModel] dropout_rate:0.2
[GeoGNNModel] layer_num:8
[GeoGNNModel] readout:mean
[GeoGNNModel] atom_names:['atomic_num', 'formal_charge', 'degree', 'chiral_tag', 'total_numHs', 'is_aromatic', 'hybridization']
[GeoGNNModel] bond_names:['bond_dir', 'bond_type', 'is_in_ring']
[GeoGNNModel] bond_float_names:['bond_length']
[GeoGNNModel] bond_angle_float_names:['bond_angle']
Total param num: 170
Encoder param num: 164
Head param num: 6
Load state_dict from ./pretrain_models-chemrl_gem/regr.pdparams
Read preprocessing data...
Train/Valid/Test num: 854/126/112
Train mean/std/min/max 0.07429997558899301/0.662935468870766/-2.0/2.84509804
Valid mean/std/min/max -0.08890053592857142/0.6007675869096658/-1.15490196/1.681241237
Test mean/std/min/max -0.224239290875/0.5271102118885502/-1.301029996/1.487138375
/root/data1/miniconda3/envs/GEM/lib/python3.7/site-packages/paddle/nn/layer/layers.py:1897: UserWarning: Skip loading for init_atom_embedding.embed_list.3.weight. init_atom_embedding.embed_list.3.weight receives a shape [9, 32], but the expected shape is [14, 32].
  warnings.warn(f"Skip loading for {key}. " + str(err))
/root/data1/miniconda3/envs/GEM/lib/python3.7/site-packages/paddle/nn/layer/layers.py:1897: UserWarning: Skip loading for init_atom_embedding.embed_list.6.weight. init_atom_embedding.embed_list.6.weight receives a shape [13, 32], but the expected shape is [14, 32].
  warnings.warn(f"Skip loading for {key}. " + str(err))
epoch: 1/200, train_loss: 0.8101100281432823, train r2: 0.17796865067414702, valid r2: 0.12282912444796923, test r2: 0.41267931878806974
epoch: 2/200, train_loss: 0.7179463351214374, train r2: 0.2079357656438976, valid r2: 0.11355757940669864, test r2: 0.18465718616876514
out of counter-1
epoch: 3/200, train_loss: 0.673459510008494, train r2: 0.3114240656088231, valid r2: 0.1920163508071756, test r2: 0.5446938214614729
epoch: 4/200, train_loss: 0.6268755296866099, train r2: 0.373925493430024, valid r2: 0.3131271518778139, test r2: 0.4861887523927444
epoch: 5/200, train_loss: 0.6246517521363718, train r2: 0.4246002275233146, valid r2: 0.3643888609244298, test r2: 0.5187095489624671
epoch: 6/200, train_loss: 0.6157867698757736, train r2: 0.42587910554310615, valid r2: 0.37117493609772156, test r2: 0.4722366294878607
epoch: 7/200, train_loss: 0.6113598942756653, train r2: 0.42444315262750754, valid r2: 0.4065511436976236, test r2: 0.5362212865992426
epoch: 8/200, train_loss: 0.5930960167337347, train r2: 0.47460253785380213, valid r2: 0.44652785290549857, test r2: 0.5483887479273963
epoch: 9/200, train_loss: 0.589006824625863, train r2: 0.4663584756463056, valid r2: 0.40279287409647635, test r2: 0.5497159321696695
out of counter-1
epoch: 10/200, train_loss: 0.5633269261430811, train r2: 0.4561573292017994, valid r2: 0.39478424149596647, test r2: 0.5325102003616031
out of counter-2
epoch: 11/200, train_loss: 0.5647254818015628, train r2: 0.46931789625401954, valid r2: 0.42499603603567127, test r2: 0.5439397680938673
out of counter-3
epoch: 12/200, train_loss: 0.5479702772917571, train r2: 0.49888353374370176, valid r2: 0.4828592464050503, test r2: 0.46197915558289815
epoch: 13/200, train_loss: 0.549482504526774, train r2: 0.5263257740452785, valid r2: 0.44840123297186707, test r2: 0.5306582820864677
out of counter-1
epoch: 14/200, train_loss: 0.5480680311167682, train r2: 0.5201835150931733, valid r2: 0.4080135463923238, test r2: 0.5011465974539946
out of counter-2
epoch: 15/200, train_loss: 0.5501012139850192, train r2: 0.5265039574739909, valid r2: 0.4539492362857812, test r2: 0.5496397895151075
out of counter-3
epoch: 16/200, train_loss: 0.5355316952422813, train r2: 0.5285853844824651, valid r2: 0.4569087741277571, test r2: 0.530574940897409
out of counter-4
epoch: 17/200, train_loss: 0.5388009636490433, train r2: 0.5450186513571974, valid r2: 0.4965507989653767, test r2: 0.5547270049114053
epoch: 18/200, train_loss: 0.518344270962256, train r2: 0.5380173479086288, valid r2: 0.44246286479210684, test r2: 0.45768170575682876
out of counter-1
epoch: 19/200, train_loss: 0.5102925664848752, train r2: 0.5520250844525505, valid r2: 0.47399417829728996, test r2: 0.5181405103234784
out of counter-2
epoch: 20/200, train_loss: 0.5120999228071283, train r2: 0.5631114207368965, valid r2: 0.45191374582919785, test r2: 0.4140056906511491
out of counter-3
epoch: 21/200, train_loss: 0.5099685368714509, train r2: 0.574583896927386, valid r2: 0.454550769951667, test r2: 0.5543677529404896
out of counter-4
epoch: 22/200, train_loss: 0.4987172053919898, train r2: 0.5677657661184905, valid r2: 0.45000125377479006, test r2: 0.49738749426597073
out of counter-5
epoch: 23/200, train_loss: 0.5119445169413531, train r2: 0.5792039161818627, valid r2: 0.39310821283219843, test r2: 0.44745047615370037
out of counter-6
epoch: 24/200, train_loss: 0.4951312056294194, train r2: 0.5703567450624272, valid r2: 0.45613460157610153, test r2: 0.5429398705984299
out of counter-7
epoch: 25/200, train_loss: 0.4901660945680406, train r2: 0.5610881481812156, valid r2: 0.33697461101911064, test r2: 0.5081101989934633
out of counter-8
epoch: 26/200, train_loss: 0.49793467587894863, train r2: 0.6169376235190633, valid r2: 0.47528317707817114, test r2: 0.5579069507457883
out of counter-9
epoch: 27/200, train_loss: 0.48542696127185114, train r2: 0.6069587869801718, valid r2: 0.48485007855212114, test r2: 0.49110711517959915
out of counter-10
epoch: 28/200, train_loss: 0.48959515271363435, train r2: 0.6204389807212006, valid r2: 0.44605936451664363, test r2: 0.5068095241417032
out of counter-11
epoch: 29/200, train_loss: 0.48875390379517164, train r2: 0.6216730250041969, valid r2: 0.46474059548153834, test r2: 0.5946966119824367
out of counter-12
epoch: 30/200, train_loss: 0.4689054588476817, train r2: 0.6235156705695193, valid r2: 0.44185557927969854, test r2: 0.5276687314242468
out of counter-13
epoch: 31/200, train_loss: 0.4565885078023981, train r2: 0.6089409005847091, valid r2: 0.43290879456292974, test r2: 0.5475490847441034
out of counter-14
epoch: 32/200, train_loss: 0.472578435032456, train r2: 0.5717289025294273, valid r2: 0.41648559448422373, test r2: 0.5371225162999159
out of counter-15
epoch: 33/200, train_loss: 0.46379749200962206, train r2: 0.6511031094941668, valid r2: 0.4260383093826765, test r2: 0.5328626287318649
out of counter-16
epoch: 34/200, train_loss: 0.4582150302551411, train r2: 0.6472566591076094, valid r2: 0.45961116066397434, test r2: 0.5174175287071883
out of counter-17
epoch: 35/200, train_loss: 0.456059992313385, train r2: 0.670224880304573, valid r2: 0.4550506523100829, test r2: 0.5474040299912427
out of counter-18
epoch: 36/200, train_loss: 0.44860666438385294, train r2: 0.6392981532488875, valid r2: 0.24337221674368592, test r2: 0.44032772396996966
out of counter-19
epoch: 37/200, train_loss: 0.44548840875978823, train r2: 0.6030433683199049, valid r2: 0.2296628500015967, test r2: 0.33881669548658866
out of counter-20
out of patience-20!
current seed: 2044
model_config:
{'layer_num': 2, 'hidden_size': 128, 'dropout_rate': 0.2, 'act': 'leaky_relu', 'task_type': 'regr', 'num_tasks': 1}
[GeoGNNModel] embed_dim:32
[GeoGNNModel] dropout_rate:0.2
[GeoGNNModel] layer_num:8
[GeoGNNModel] readout:mean
[GeoGNNModel] atom_names:['atomic_num', 'formal_charge', 'degree', 'chiral_tag', 'total_numHs', 'is_aromatic', 'hybridization']
[GeoGNNModel] bond_names:['bond_dir', 'bond_type', 'is_in_ring']
[GeoGNNModel] bond_float_names:['bond_length']
[GeoGNNModel] bond_angle_float_names:['bond_angle']
Total param num: 170
Encoder param num: 164
Head param num: 6
Load state_dict from ./pretrain_models-chemrl_gem/regr.pdparams
Read preprocessing data...
Train/Valid/Test num: 854/126/112
Train mean/std/min/max 0.07429997558899301/0.662935468870766/-2.0/2.84509804
Valid mean/std/min/max -0.08890053592857142/0.6007675869096658/-1.15490196/1.681241237
Test mean/std/min/max -0.224239290875/0.5271102118885502/-1.301029996/1.487138375
/root/data1/miniconda3/envs/GEM/lib/python3.7/site-packages/paddle/nn/layer/layers.py:1897: UserWarning: Skip loading for init_atom_embedding.embed_list.3.weight. init_atom_embedding.embed_list.3.weight receives a shape [9, 32], but the expected shape is [14, 32].
  warnings.warn(f"Skip loading for {key}. " + str(err))
/root/data1/miniconda3/envs/GEM/lib/python3.7/site-packages/paddle/nn/layer/layers.py:1897: UserWarning: Skip loading for init_atom_embedding.embed_list.6.weight. init_atom_embedding.embed_list.6.weight receives a shape [13, 32], but the expected shape is [14, 32].
  warnings.warn(f"Skip loading for {key}. " + str(err))
epoch: 1/200, train_loss: 0.7683874677728724, train r2: 0.24522523319172673, valid r2: 0.19331221076989025, test r2: 0.4358222229622344
epoch: 2/200, train_loss: 0.6813335010298976, train r2: 0.32294420501580223, valid r2: 0.1945063120558217, test r2: 0.4644528906987926
epoch: 3/200, train_loss: 0.6741475893391503, train r2: 0.3200263732471489, valid r2: 0.11934040039547233, test r2: 0.48373693953516295
out of counter-1
epoch: 4/200, train_loss: 0.6534816887643602, train r2: 0.3524661196211959, valid r2: 0.2233192961385888, test r2: 0.5056960909353114
epoch: 5/200, train_loss: 0.626034340372792, train r2: 0.39045360682329266, valid r2: 0.25680102132631333, test r2: 0.5179316345749999
epoch: 6/200, train_loss: 0.6039986985701101, train r2: 0.43802422018874243, valid r2: 0.33013388616680917, test r2: 0.45923837410739377
epoch: 7/200, train_loss: 0.5894506971041361, train r2: 0.45010242032909564, valid r2: 0.305959534923425, test r2: 0.4993963935319792
out of counter-1
epoch: 8/200, train_loss: 0.5871522746704243, train r2: 0.4461899966106233, valid r2: 0.34656339677972037, test r2: 0.3342267365822317
epoch: 9/200, train_loss: 0.5827311531261161, train r2: 0.4643807119146145, valid r2: 0.3103430915592753, test r2: 0.5016406812400913
out of counter-1
epoch: 10/200, train_loss: 0.5724382212868443, train r2: 0.4303582872373404, valid r2: 0.22027254577038002, test r2: 0.4646938355494109
out of counter-2
epoch: 11/200, train_loss: 0.5557472076680925, train r2: 0.49726167659554765, valid r2: 0.35725706533102, test r2: 0.4734629738186198
epoch: 12/200, train_loss: 0.5267066646505285, train r2: 0.5320707996595799, valid r2: 0.37792372654992645, test r2: 0.44355353305204603
epoch: 13/200, train_loss: 0.5423256534117239, train r2: 0.49557644336868845, valid r2: 0.2817655852916272, test r2: 0.48618402295710395
out of counter-1
epoch: 14/200, train_loss: 0.5374808432879271, train r2: 0.5339452131297833, valid r2: 0.4066358812358042, test r2: 0.49204796404828255
epoch: 15/200, train_loss: 0.5278384718630049, train r2: 0.5417316242235569, valid r2: 0.4247429401483398, test r2: 0.5153771892342047
epoch: 16/200, train_loss: 0.5097575066266237, train r2: 0.5580291426610203, valid r2: 0.4003864370393524, test r2: 0.5083467752301851
out of counter-1
epoch: 17/200, train_loss: 0.524110096472281, train r2: 0.5634978081912307, valid r2: 0.3804987210750733, test r2: 0.4829110524244291
out of counter-2
epoch: 18/200, train_loss: 0.49846710871767114, train r2: 0.51983229198013, valid r2: 0.40868449790044137, test r2: 0.4428439196111651
out of counter-3
epoch: 19/200, train_loss: 0.5222587132895434, train r2: 0.5638934902108066, valid r2: 0.41380123194905305, test r2: 0.4783727947219256
out of counter-4
epoch: 20/200, train_loss: 0.4899765948454539, train r2: 0.5780290196437117, valid r2: 0.4183352814472593, test r2: 0.5088498457704949
out of counter-5
epoch: 21/200, train_loss: 0.4918642474545373, train r2: 0.5871612492558942, valid r2: 0.40491697485422584, test r2: 0.5097770189092659
out of counter-6
epoch: 22/200, train_loss: 0.4901740782790714, train r2: 0.612001444477676, valid r2: 0.3786490472104045, test r2: 0.4689008370644785
out of counter-7
epoch: 23/200, train_loss: 0.4927525487211015, train r2: 0.5983856603790972, valid r2: 0.390832564567138, test r2: 0.4826824173162282
out of counter-8
epoch: 24/200, train_loss: 0.47113655893890943, train r2: 0.5266512542933814, valid r2: 0.36912109683025274, test r2: 0.47793126642008754
out of counter-9
epoch: 25/200, train_loss: 0.4847247192153224, train r2: 0.5965460287474698, valid r2: 0.3702157479541013, test r2: 0.49324152757336526
out of counter-10
epoch: 26/200, train_loss: 0.48277564181221855, train r2: 0.57670043366166, valid r2: 0.2726538805793083, test r2: 0.32632156042760074
out of counter-11
epoch: 27/200, train_loss: 0.5152293222921865, train r2: 0.5986495112102093, valid r2: 0.4211082803872038, test r2: 0.5023540944679966
out of counter-12
epoch: 28/200, train_loss: 0.5179994481581228, train r2: 0.6280107136745365, valid r2: 0.39695234298414805, test r2: 0.4408078697177752
out of counter-13
epoch: 29/200, train_loss: 0.49688083595699734, train r2: 0.6202415402641772, valid r2: 0.4250833303864333, test r2: 0.46294218387286
epoch: 30/200, train_loss: 0.49427085121472675, train r2: 0.6186702635285442, valid r2: 0.40064750661792214, test r2: 0.4314358312699835
out of counter-1
epoch: 31/200, train_loss: 0.486863366983555, train r2: 0.5761356947657156, valid r2: 0.38621053349211776, test r2: 0.5108164616712466
out of counter-2
epoch: 32/200, train_loss: 0.4597430781081871, train r2: 0.6373716535400298, valid r2: 0.450242649205402, test r2: 0.5233391468168738
epoch: 33/200, train_loss: 0.4594306029655315, train r2: 0.6536346512736031, valid r2: 0.3321249714998197, test r2: 0.4742162540203193
out of counter-1
epoch: 34/200, train_loss: 0.4553781493946358, train r2: 0.6468085499412662, valid r2: 0.36506419728832895, test r2: 0.4530198240746185
out of counter-2
epoch: 35/200, train_loss: 0.4557112554709117, train r2: 0.6789612404168928, valid r2: 0.4031777270809338, test r2: 0.47882230999373165
out of counter-3
epoch: 36/200, train_loss: 0.4365479151407878, train r2: 0.6491300421691821, valid r2: 0.40662518801433367, test r2: 0.42475255954929536
out of counter-4
epoch: 37/200, train_loss: 0.4375405521304519, train r2: 0.6738321151793942, valid r2: 0.33815477460824794, test r2: 0.5014396583289
out of counter-5
epoch: 38/200, train_loss: 0.4474725568736041, train r2: 0.6505808962024215, valid r2: 0.37775086684981607, test r2: 0.5497366374008437
out of counter-6
epoch: 39/200, train_loss: 0.45481561841788115, train r2: 0.6872686723661603, valid r2: 0.42051833190793164, test r2: 0.5623496405141153
out of counter-7
epoch: 40/200, train_loss: 0.44553308795999597, train r2: 0.7023670484281423, valid r2: 0.42565108600841906, test r2: 0.5167258735292068
out of counter-8
epoch: 41/200, train_loss: 0.4395375737437495, train r2: 0.7030944325927109, valid r2: 0.4345138346709472, test r2: 0.4760044723971236
out of counter-9
epoch: 42/200, train_loss: 0.43773772650294834, train r2: 0.6885051099159025, valid r2: 0.48678952695796884, test r2: 0.48249887070653397
epoch: 43/200, train_loss: 0.4398670533189067, train r2: 0.7157826894393036, valid r2: 0.390089671470191, test r2: 0.5126699039879052
out of counter-1
epoch: 44/200, train_loss: 0.41385303161762377, train r2: 0.7203754699042324, valid r2: 0.45795236865242106, test r2: 0.4581206686610292
out of counter-2
epoch: 45/200, train_loss: 0.42463633086946273, train r2: 0.6724224170741843, valid r2: 0.36821868013327175, test r2: 0.45430450074583817
out of counter-3
epoch: 46/200, train_loss: 0.4272166104228408, train r2: 0.7347297708024186, valid r2: 0.38677188115677497, test r2: 0.46639959306366785
out of counter-4
epoch: 47/200, train_loss: 0.4170415015132339, train r2: 0.7046570733678088, valid r2: 0.4033841751797598, test r2: 0.5185931253566375
out of counter-5
epoch: 48/200, train_loss: 0.42708877391285366, train r2: 0.7166446068283557, valid r2: 0.383872122135422, test r2: 0.5025874131593695
out of counter-6
epoch: 49/200, train_loss: 0.43105949737407545, train r2: 0.7115238372338571, valid r2: 0.40865276468218314, test r2: 0.47398354461451453
out of counter-7
epoch: 50/200, train_loss: 0.4069567013669897, train r2: 0.7136582922386303, valid r2: 0.3621905793019089, test r2: 0.5003798722697932
out of counter-8
epoch: 51/200, train_loss: 0.4226100477907393, train r2: 0.6905670977544268, valid r2: 0.44978175047697344, test r2: 0.49397961465333173
out of counter-9
epoch: 52/200, train_loss: 0.42538155560140256, train r2: 0.7361950106036397, valid r2: 0.4199727096105126, test r2: 0.4374683163575155
out of counter-10
epoch: 53/200, train_loss: 0.39167862689053573, train r2: 0.7355463437897134, valid r2: 0.3980269633322031, test r2: 0.5062461482481412
out of counter-11
epoch: 54/200, train_loss: 0.4046600897003103, train r2: 0.7277374186642687, valid r2: 0.4353750865954904, test r2: 0.5442522800500117
out of counter-12
epoch: 55/200, train_loss: 0.3990596223760534, train r2: 0.7564863060330382, valid r2: 0.39877106984600774, test r2: 0.4372980828359212
out of counter-13
epoch: 56/200, train_loss: 0.4016707495406822, train r2: 0.7521246790354984, valid r2: 0.35698607383269554, test r2: 0.4889432119657423
out of counter-14
epoch: 57/200, train_loss: 0.4079321600772716, train r2: 0.7277710446793343, valid r2: 0.4570577508330885, test r2: 0.4936632284350887
out of counter-15
epoch: 58/200, train_loss: 0.415297226773368, train r2: 0.7397192374587183, valid r2: 0.4044747994400498, test r2: 0.5573570179550138
out of counter-16
epoch: 59/200, train_loss: 0.3874381924117053, train r2: 0.7469144860170776, valid r2: 0.40221656197384015, test r2: 0.4977708804119685
out of counter-17
epoch: 60/200, train_loss: 0.3914277034777182, train r2: 0.7467667838019775, valid r2: 0.412495817953175, test r2: 0.48805194170688415
out of counter-18
epoch: 61/200, train_loss: 0.4030674320680124, train r2: 0.6788693847151409, valid r2: 0.38961344641728346, test r2: 0.5317935955827122
out of counter-19
epoch: 62/200, train_loss: 0.4201199401307989, train r2: 0.7030097572631462, valid r2: 0.37674671669579674, test r2: 0.5091731186834939
out of counter-20
out of patience-20!
current seed: 2054
model_config:
{'layer_num': 2, 'hidden_size': 128, 'dropout_rate': 0.2, 'act': 'leaky_relu', 'task_type': 'regr', 'num_tasks': 1}
[GeoGNNModel] embed_dim:32
[GeoGNNModel] dropout_rate:0.2
[GeoGNNModel] layer_num:8
[GeoGNNModel] readout:mean
[GeoGNNModel] atom_names:['atomic_num', 'formal_charge', 'degree', 'chiral_tag', 'total_numHs', 'is_aromatic', 'hybridization']
[GeoGNNModel] bond_names:['bond_dir', 'bond_type', 'is_in_ring']
[GeoGNNModel] bond_float_names:['bond_length']
[GeoGNNModel] bond_angle_float_names:['bond_angle']
Total param num: 170
Encoder param num: 164
Head param num: 6
Load state_dict from ./pretrain_models-chemrl_gem/regr.pdparams
Read preprocessing data...
Train/Valid/Test num: 854/126/112
Train mean/std/min/max 0.07429997558899301/0.662935468870766/-2.0/2.84509804
Valid mean/std/min/max -0.08890053592857142/0.6007675869096658/-1.15490196/1.681241237
Test mean/std/min/max -0.224239290875/0.5271102118885502/-1.301029996/1.487138375
/root/data1/miniconda3/envs/GEM/lib/python3.7/site-packages/paddle/nn/layer/layers.py:1897: UserWarning: Skip loading for init_atom_embedding.embed_list.3.weight. init_atom_embedding.embed_list.3.weight receives a shape [9, 32], but the expected shape is [14, 32].
  warnings.warn(f"Skip loading for {key}. " + str(err))
/root/data1/miniconda3/envs/GEM/lib/python3.7/site-packages/paddle/nn/layer/layers.py:1897: UserWarning: Skip loading for init_atom_embedding.embed_list.6.weight. init_atom_embedding.embed_list.6.weight receives a shape [13, 32], but the expected shape is [14, 32].
  warnings.warn(f"Skip loading for {key}. " + str(err))
epoch: 1/200, train_loss: 0.835754273114381, train r2: 0.18063648015306077, valid r2: 0.14309025673462727, test r2: 0.047545840503333436
epoch: 2/200, train_loss: 0.7511783948651066, train r2: 0.2127900574133068, valid r2: 0.1906063630810102, test r2: 0.4379696587980426
epoch: 3/200, train_loss: 0.6908066471417745, train r2: 0.32033263486176244, valid r2: 0.2986734638106283, test r2: 0.40991849044112005
epoch: 4/200, train_loss: 0.649340765343772, train r2: 0.3813253131009171, valid r2: 0.3694616386187639, test r2: 0.4266219396522152
epoch: 5/200, train_loss: 0.6344733878418252, train r2: 0.40473943804249046, valid r2: 0.3814787565129437, test r2: 0.38143300067251373
epoch: 6/200, train_loss: 0.6239922377798293, train r2: 0.375080239241383, valid r2: 0.3976469888333145, test r2: 0.43014013749569446
epoch: 7/200, train_loss: 0.6190469011112496, train r2: 0.43493584981032507, valid r2: 0.3928389931073002, test r2: 0.4815300493798442
out of counter-1
epoch: 8/200, train_loss: 0.5976079360202506, train r2: 0.45702259785620614, valid r2: 0.4147999613325801, test r2: 0.4421355979791953
epoch: 9/200, train_loss: 0.593342990786941, train r2: 0.45754375893808386, valid r2: 0.42158588329839275, test r2: 0.42655018817080037
epoch: 10/200, train_loss: 0.5717423381628813, train r2: 0.49232517786934027, valid r2: 0.4578988323057167, test r2: 0.4077796825606482
epoch: 11/200, train_loss: 0.5634020931190915, train r2: 0.5037665590687057, valid r2: 0.4646156731885248, test r2: 0.46469582476527305
epoch: 12/200, train_loss: 0.5523099391548721, train r2: 0.5105741006245323, valid r2: 0.45996704436505154, test r2: 0.40541746282403635
out of counter-1
epoch: 13/200, train_loss: 0.5480975861902591, train r2: 0.5221830764259916, valid r2: 0.4002838141366193, test r2: 0.5037736177419502
out of counter-2
epoch: 14/200, train_loss: 0.5589714580112033, train r2: 0.5376103009536992, valid r2: 0.4676167525310183, test r2: 0.5340670754851098
epoch: 15/200, train_loss: 0.5316465110690506, train r2: 0.4458132693117588, valid r2: 0.28757588800175715, test r2: 0.37329331921857756
out of counter-1
epoch: 16/200, train_loss: 0.536626907410445, train r2: 0.5122441316462791, valid r2: 0.4132995909889343, test r2: 0.5039422301629912
out of counter-2
epoch: 17/200, train_loss: 0.5413503216372596, train r2: 0.556516829195945, valid r2: 0.47112545708566267, test r2: 0.49152216934164294
epoch: 18/200, train_loss: 0.5304784498832844, train r2: 0.5676590787387259, valid r2: 0.4116016396365417, test r2: 0.5511561535689615
out of counter-1
epoch: 19/200, train_loss: 0.5086900194485983, train r2: 0.53713608623324, valid r2: 0.46439404035792564, test r2: 0.5527353720361179
out of counter-2
epoch: 20/200, train_loss: 0.5189125548910212, train r2: 0.568459187655608, valid r2: 0.4709863059157777, test r2: 0.49356307401536836
out of counter-3
epoch: 21/200, train_loss: 0.520991325378418, train r2: 0.5634736147971093, valid r2: 0.42470736856723124, test r2: 0.575410871858254
out of counter-4
epoch: 22/200, train_loss: 0.5104064566117746, train r2: 0.6109885812454522, valid r2: 0.43632238143396795, test r2: 0.5591134161230803
out of counter-5
epoch: 23/200, train_loss: 0.4988660448127323, train r2: 0.6076275870894284, valid r2: 0.46595474683213833, test r2: 0.5961736231296239
out of counter-6
epoch: 24/200, train_loss: 0.48250665488066496, train r2: 0.635681917760316, valid r2: 0.44847767241911796, test r2: 0.5773265014703676
out of counter-7
epoch: 25/200, train_loss: 0.4782277312543657, train r2: 0.6090474191553688, valid r2: 0.4222491448282807, test r2: 0.5484417656708173
out of counter-8
epoch: 26/200, train_loss: 0.46584919646934225, train r2: 0.5808518278151251, valid r2: 0.3904264897937959, test r2: 0.5883963045656394
out of counter-9
epoch: 27/200, train_loss: 0.4918522227693487, train r2: 0.6336065508113872, valid r2: 0.42416783424784876, test r2: 0.6083365756427067
out of counter-10
epoch: 28/200, train_loss: 0.4790909378616898, train r2: 0.6320294495279155, valid r2: 0.301184835879877, test r2: 0.5603274813725121
out of counter-11
epoch: 29/200, train_loss: 0.4651833353219209, train r2: 0.6416296024033752, valid r2: 0.4157010486695786, test r2: 0.5698581615086937
out of counter-12
epoch: 30/200, train_loss: 0.4672128215984062, train r2: 0.6441529647213271, valid r2: 0.33918129377242645, test r2: 0.620600014482592
out of counter-13
epoch: 31/200, train_loss: 0.45514521885801246, train r2: 0.6137667335748125, valid r2: 0.17873224038454694, test r2: 0.5126659393677394
out of counter-14
epoch: 32/200, train_loss: 0.47183288909770826, train r2: 0.6169184162947318, valid r2: 0.3530315125176605, test r2: 0.5018779593276337
out of counter-15
epoch: 33/200, train_loss: 0.45408713817596436, train r2: 0.642878350210037, valid r2: 0.33130498050429225, test r2: 0.5790524997055476
out of counter-16
epoch: 34/200, train_loss: 0.4475383394294315, train r2: 0.644934563260673, valid r2: 0.3912567416382956, test r2: 0.5111117904149787
out of counter-17
epoch: 35/200, train_loss: 0.4515314113210749, train r2: 0.6735049887911364, valid r2: 0.40514492408405933, test r2: 0.5612173780188734
out of counter-18
epoch: 36/200, train_loss: 0.4404354084421087, train r2: 0.6436938492174629, valid r2: 0.3353180803173894, test r2: 0.5699957896777417
out of counter-19
epoch: 37/200, train_loss: 0.4668214464629138, train r2: 0.6409531013612444, valid r2: 0.42073871292191023, test r2: 0.4944039399795571
out of counter-20
out of patience-20!
current seed: 2064
model_config:
{'layer_num': 2, 'hidden_size': 128, 'dropout_rate': 0.2, 'act': 'leaky_relu', 'task_type': 'regr', 'num_tasks': 1}
[GeoGNNModel] embed_dim:32
[GeoGNNModel] dropout_rate:0.2
[GeoGNNModel] layer_num:8
[GeoGNNModel] readout:mean
[GeoGNNModel] atom_names:['atomic_num', 'formal_charge', 'degree', 'chiral_tag', 'total_numHs', 'is_aromatic', 'hybridization']
[GeoGNNModel] bond_names:['bond_dir', 'bond_type', 'is_in_ring']
[GeoGNNModel] bond_float_names:['bond_length']
[GeoGNNModel] bond_angle_float_names:['bond_angle']
Total param num: 170
Encoder param num: 164
Head param num: 6
Load state_dict from ./pretrain_models-chemrl_gem/regr.pdparams
Read preprocessing data...
Train/Valid/Test num: 854/126/112
Train mean/std/min/max 0.07429997558899301/0.662935468870766/-2.0/2.84509804
Valid mean/std/min/max -0.08890053592857142/0.6007675869096658/-1.15490196/1.681241237
Test mean/std/min/max -0.224239290875/0.5271102118885502/-1.301029996/1.487138375
/root/data1/miniconda3/envs/GEM/lib/python3.7/site-packages/paddle/nn/layer/layers.py:1897: UserWarning: Skip loading for init_atom_embedding.embed_list.3.weight. init_atom_embedding.embed_list.3.weight receives a shape [9, 32], but the expected shape is [14, 32].
  warnings.warn(f"Skip loading for {key}. " + str(err))
/root/data1/miniconda3/envs/GEM/lib/python3.7/site-packages/paddle/nn/layer/layers.py:1897: UserWarning: Skip loading for init_atom_embedding.embed_list.6.weight. init_atom_embedding.embed_list.6.weight receives a shape [13, 32], but the expected shape is [14, 32].
  warnings.warn(f"Skip loading for {key}. " + str(err))
epoch: 1/200, train_loss: 0.7725501347471166, train r2: 0.3093235150176399, valid r2: 0.19445753460732584, test r2: 0.2994775605615023
epoch: 2/200, train_loss: 0.7081975826510677, train r2: 0.338622912074072, valid r2: 0.25624894180310664, test r2: 0.4255579309707218
epoch: 3/200, train_loss: 0.6492167302855739, train r2: 0.3153815732007058, valid r2: 0.17686329700600523, test r2: 0.4680169794712
out of counter-1
epoch: 4/200, train_loss: 0.6275438368320465, train r2: 0.41077996424137997, valid r2: 0.3133115964492462, test r2: 0.4326803805988565
epoch: 5/200, train_loss: 0.6178228623337216, train r2: 0.4396975650769831, valid r2: 0.3093314376967059, test r2: 0.5042322124215322
out of counter-1
epoch: 6/200, train_loss: 0.5968954850126196, train r2: 0.46405474173290073, valid r2: 0.2939555495243811, test r2: 0.47797940101244796
out of counter-2
epoch: 7/200, train_loss: 0.5964208642641703, train r2: 0.45108389812162475, valid r2: 0.23818881764715272, test r2: 0.34478507422434357
out of counter-3
epoch: 8/200, train_loss: 0.5887893427301336, train r2: 0.42141314548911846, valid r2: 0.2219604386840719, test r2: 0.458075500297348
out of counter-4
epoch: 9/200, train_loss: 0.600777369958383, train r2: 0.4855972510909329, valid r2: 0.2685232176859005, test r2: 0.4634113013861808
out of counter-5
epoch: 10/200, train_loss: 0.56141808408278, train r2: 0.5002794469305432, valid r2: 0.3375727577096058, test r2: 0.5197625085430716
epoch: 11/200, train_loss: 0.552932099059776, train r2: 0.5292993290937598, valid r2: 0.34559736323213164, test r2: 0.4590368562501669
epoch: 12/200, train_loss: 0.5357399461445985, train r2: 0.5073352203669759, valid r2: 0.3823031648460059, test r2: 0.5219011162882408
epoch: 13/200, train_loss: 0.5400522009090141, train r2: 0.5472667694145958, valid r2: 0.3751538663639826, test r2: 0.530560487359097
out of counter-1
epoch: 14/200, train_loss: 0.5255198103410227, train r2: 0.5490169518349562, valid r2: 0.3476846272927392, test r2: 0.5321015873462739
out of counter-2
epoch: 15/200, train_loss: 0.5332801077100966, train r2: 0.5009509623637416, valid r2: 0.3267640237403955, test r2: 0.5733363117309829
out of counter-3
epoch: 16/200, train_loss: 0.5408249994119009, train r2: 0.5707807611970337, valid r2: 0.35719198882989056, test r2: 0.6079699187578642
out of counter-4
epoch: 17/200, train_loss: 0.5135388826882398, train r2: 0.5611849492326917, valid r2: 0.37810043266845306, test r2: 0.5711118934617252
out of counter-5
epoch: 18/200, train_loss: 0.49801862129458674, train r2: 0.5901657916979134, valid r2: 0.395150264057612, test r2: 0.6194574973114573
epoch: 19/200, train_loss: 0.4985999387723428, train r2: 0.5454598896424829, valid r2: 0.25895567096755046, test r2: 0.5178418632101117
out of counter-1
epoch: 20/200, train_loss: 0.4886853750105257, train r2: 0.5909289981446504, valid r2: 0.3764316707776125, test r2: 0.6012519606193008
out of counter-2
epoch: 21/200, train_loss: 0.4929345879289839, train r2: 0.62174489298947, valid r2: 0.3895779014108768, test r2: 0.5523300964940141
out of counter-3
epoch: 22/200, train_loss: 0.4720121787654029, train r2: 0.5676247009965774, valid r2: 0.24440913057892433, test r2: 0.46498168960240993
out of counter-4
epoch: 23/200, train_loss: 0.5084259808063507, train r2: 0.5963329576109772, valid r2: 0.386877642049985, test r2: 0.5972722511017201
out of counter-5
epoch: 24/200, train_loss: 0.4934349512612378, train r2: 0.614039649813985, valid r2: 0.3014825006370848, test r2: 0.5583540269144667
out of counter-6
epoch: 25/200, train_loss: 0.4832115283718816, train r2: 0.621525657827721, valid r2: 0.355267556654727, test r2: 0.5625577892492595
out of counter-7
epoch: 26/200, train_loss: 0.5104163752661811, train r2: 0.6282366015210608, valid r2: 0.38729346234742346, test r2: 0.5955987508539
out of counter-8
epoch: 27/200, train_loss: 0.49495719759552564, train r2: 0.6140074878435435, valid r2: 0.3677963285864837, test r2: 0.6120256823608281
out of counter-9
epoch: 28/200, train_loss: 0.465320712990231, train r2: 0.6337625872596196, valid r2: 0.4607974646339962, test r2: 0.5423000552277888
epoch: 29/200, train_loss: 0.454623125217579, train r2: 0.6415074127943319, valid r2: 0.38407851304804597, test r2: 0.5518012381241328
out of counter-1
epoch: 30/200, train_loss: 0.46106543033211317, train r2: 0.6538182498655505, valid r2: 0.4120705234483094, test r2: 0.5693325284552679
out of counter-2
epoch: 31/200, train_loss: 0.4747230785864371, train r2: 0.667617505458616, valid r2: 0.367469571040702, test r2: 0.5867760404264024
out of counter-3
epoch: 32/200, train_loss: 0.45429795097421716, train r2: 0.6841792066316339, valid r2: 0.40711674509221973, test r2: 0.5670152962987279
out of counter-4
epoch: 33/200, train_loss: 0.440004661127373, train r2: 0.5678974468493101, valid r2: 0.2687480784324805, test r2: 0.4802191709815602
out of counter-5
epoch: 34/200, train_loss: 0.45586803886625504, train r2: 0.6677038455788316, valid r2: 0.325552124707436, test r2: 0.5112219275649226
out of counter-6
epoch: 35/200, train_loss: 0.46968214048279655, train r2: 0.6726390054849967, valid r2: 0.4219197644240015, test r2: 0.5219811759111603
out of counter-7
epoch: 36/200, train_loss: 0.44096046023898655, train r2: 0.6915991022650232, valid r2: 0.4427522178551395, test r2: 0.601946719742217
out of counter-8
epoch: 37/200, train_loss: 0.4384553178592964, train r2: 0.680056296929956, valid r2: 0.39596805858691686, test r2: 0.52997722805909
out of counter-9
epoch: 38/200, train_loss: 0.44748869096791305, train r2: 0.6900848108821582, valid r2: 0.41639265829683003, test r2: 0.5740078676432014
out of counter-10
epoch: 39/200, train_loss: 0.43440463918226735, train r2: 0.6909425540389945, valid r2: 0.49707261043455353, test r2: 0.5602158082750057
epoch: 40/200, train_loss: 0.42939663374865494, train r2: 0.6841818649377784, valid r2: 0.39963814632106864, test r2: 0.5247728876678102
out of counter-1
epoch: 41/200, train_loss: 0.42786813003045543, train r2: 0.7120601027435035, valid r2: 0.3777073309625625, test r2: 0.5667862421964787
out of counter-2
epoch: 42/200, train_loss: 0.43268895701125815, train r2: 0.7250449474960023, valid r2: 0.436961237372558, test r2: 0.5830900017701387
out of counter-3
epoch: 43/200, train_loss: 0.4249557179433328, train r2: 0.7086566499441792, valid r2: 0.42858764071697575, test r2: 0.5510321793871784
out of counter-4
epoch: 44/200, train_loss: 0.4339610007074144, train r2: 0.7189125657690547, valid r2: 0.41753854540124546, test r2: 0.5588946542300041
out of counter-5
epoch: 45/200, train_loss: 0.42258496968834486, train r2: 0.7234181192491362, valid r2: 0.38972631551736214, test r2: 0.6087690370416996
out of counter-6
epoch: 46/200, train_loss: 0.4203006514796504, train r2: 0.7194719763454789, valid r2: 0.2795987465540468, test r2: 0.5170131972029536
out of counter-7
epoch: 47/200, train_loss: 0.40821123785442776, train r2: 0.7397412393583087, valid r2: 0.4077163725259839, test r2: 0.5096500856111871
out of counter-8
epoch: 48/200, train_loss: 0.39574414602032415, train r2: 0.7207523104499893, valid r2: 0.4240427127051378, test r2: 0.5667524949058554
out of counter-9
epoch: 49/200, train_loss: 0.4273323184914059, train r2: 0.7209162638506739, valid r2: 0.4214867712758572, test r2: 0.5293538014611159
out of counter-10
epoch: 50/200, train_loss: 0.3994795691083979, train r2: 0.6920501942160949, valid r2: 0.3750950580122733, test r2: 0.5844451801860866
out of counter-11
epoch: 51/200, train_loss: 0.42020450477246885, train r2: 0.7416801412100889, valid r2: 0.40553341716242397, test r2: 0.564077473356678
out of counter-12
epoch: 52/200, train_loss: 0.4112970266077254, train r2: 0.7368167822372101, valid r2: 0.37079822422141306, test r2: 0.43920709445642725
out of counter-13
epoch: 53/200, train_loss: 0.39941199510185804, train r2: 0.737802646279361, valid r2: 0.26835851939404387, test r2: 0.5689072400349044
out of counter-14
epoch: 54/200, train_loss: 0.3998963921158402, train r2: 0.7651291303060059, valid r2: 0.38406978022235605, test r2: 0.5593490484198997
out of counter-15
epoch: 55/200, train_loss: 0.38465123375256854, train r2: 0.7276823507033874, valid r2: 0.348140159210775, test r2: 0.538020096623304
out of counter-16
epoch: 56/200, train_loss: 0.4044080983709406, train r2: 0.7610700154333998, valid r2: 0.3716008579113691, test r2: 0.5577151098277522
out of counter-17
epoch: 57/200, train_loss: 0.402044043496803, train r2: 0.7457468296797501, valid r2: 0.28498376551843063, test r2: 0.5747032179624247
out of counter-18
epoch: 58/200, train_loss: 0.3892002348546629, train r2: 0.7521802557530385, valid r2: 0.35001053779089397, test r2: 0.45608056024000176
out of counter-19
epoch: 59/200, train_loss: 0.4014432242623082, train r2: 0.7737030692228436, valid r2: 0.36272346129138966, test r2: 0.5343545090940517
out of counter-20
out of patience-20!
Time used on VDss_Perimeter_2044: 1:4:44
Current seed: 2054, current split method: Perimeter, current task: VDss
Result no existed!
[INFO] 2025-04-19 03:56:15,822 [mp_reader.py:   24]:	ujson not install, fail back to use json instead
W0419 03:56:17.026897 2489655 gpu_resources.cc:119] Please NOTE: device: 0, GPU Compute Capability: 8.9, Driver API Version: 12.2, Runtime API Version: 11.7
W0419 03:56:17.033537 2489655 gpu_resources.cc:149] device: 0, cuDNN Version: 8.2.
Namespace(batch_size=32, compound_encoder_config='model_configs/geognn_l8.json', data_name='VDss_Perimeter_2054', data_path='./data/raw_data', dropout_rate=0.2, encoder_lr=0.001, group_data_path='./data/group', head_lr=0.001, init_model='./pretrain_models-chemrl_gem/regr.pdparams', max_epoch=200, model_config='model_configs/down_mlp2.json', model_dir='./model_extra', num_workers=32, output_dir='./prediction_extra', processed_data_path='./data/processed_data', task='train', task_name='VDss')
current seed: 2024
model_config:
{'layer_num': 2, 'hidden_size': 128, 'dropout_rate': 0.2, 'act': 'leaky_relu', 'task_type': 'regr', 'num_tasks': 1}
[GeoGNNModel] embed_dim:32
[GeoGNNModel] dropout_rate:0.2
[GeoGNNModel] layer_num:8
[GeoGNNModel] readout:mean
[GeoGNNModel] atom_names:['atomic_num', 'formal_charge', 'degree', 'chiral_tag', 'total_numHs', 'is_aromatic', 'hybridization']
[GeoGNNModel] bond_names:['bond_dir', 'bond_type', 'is_in_ring']
[GeoGNNModel] bond_float_names:['bond_length']
[GeoGNNModel] bond_angle_float_names:['bond_angle']
Total param num: 170
Encoder param num: 164
Head param num: 6
Load state_dict from ./pretrain_models-chemrl_gem/regr.pdparams
Read preprocessing data...
Train/Valid/Test num: 866/114/112
Train mean/std/min/max 0.07789892188452656/0.6498698142156566/-2.0/2.84509804
Valid mean/std/min/max 0.02578856892982454/0.6352928894835277/-0.920818754/1.653212514
Test mean/std/min/max -0.3862897514464286/0.5129017635720095/-1.301029996/1.648360011
/root/data1/miniconda3/envs/GEM/lib/python3.7/site-packages/paddle/nn/layer/layers.py:1897: UserWarning: Skip loading for init_atom_embedding.embed_list.3.weight. init_atom_embedding.embed_list.3.weight receives a shape [9, 32], but the expected shape is [14, 32].
  warnings.warn(f"Skip loading for {key}. " + str(err))
/root/data1/miniconda3/envs/GEM/lib/python3.7/site-packages/paddle/nn/layer/layers.py:1897: UserWarning: Skip loading for init_atom_embedding.embed_list.6.weight. init_atom_embedding.embed_list.6.weight receives a shape [13, 32], but the expected shape is [14, 32].
  warnings.warn(f"Skip loading for {key}. " + str(err))
epoch: 1/200, train_loss: 0.7654460845170198, train r2: 0.2438574548807554, valid r2: 0.4002619929797643, test r2: -0.05435344441801626
epoch: 2/200, train_loss: 0.678415467341741, train r2: 0.2866415787568569, valid r2: 0.4837793135106154, test r2: 0.38967787296201595
epoch: 3/200, train_loss: 0.6857056728115788, train r2: 0.3233473254164182, valid r2: 0.47138169848930067, test r2: 0.3457002313918145
out of counter-1
epoch: 4/200, train_loss: 0.6727235206851253, train r2: 0.22082490595037074, valid r2: 0.33599676048186167, test r2: 0.4171522981696316
out of counter-2
epoch: 5/200, train_loss: 0.6562631935985, train r2: 0.37985072390222663, valid r2: 0.4818743946091997, test r2: 0.4826327774175939
out of counter-3
epoch: 6/200, train_loss: 0.6120294729868571, train r2: 0.4220062003364753, valid r2: 0.532285172760613, test r2: 0.47766285063117875
epoch: 7/200, train_loss: 0.598416539254012, train r2: 0.4034981549570217, valid r2: 0.5193216488258612, test r2: 0.534286918000265
out of counter-1
epoch: 8/200, train_loss: 0.5986254844400618, train r2: 0.43281019338796023, valid r2: 0.5461064169715419, test r2: 0.40717498817398634
epoch: 9/200, train_loss: 0.574426347458804, train r2: 0.49082340400393076, valid r2: 0.49575129478421764, test r2: 0.5186361654444295
out of counter-1
epoch: 10/200, train_loss: 0.5655357859752796, train r2: 0.4178233522923639, valid r2: 0.4855650389665953, test r2: 0.5686317582758624
out of counter-2
epoch: 11/200, train_loss: 0.5887796315881941, train r2: 0.4915117293834803, valid r2: 0.5721151405193585, test r2: 0.5998041778799951
epoch: 12/200, train_loss: 0.5586224154189781, train r2: 0.4965069187235852, valid r2: 0.5186214280803055, test r2: 0.5820242871268142
out of counter-1
epoch: 13/200, train_loss: 0.553043853353571, train r2: 0.473565464052202, valid r2: 0.4762395498074322, test r2: 0.47806663178567077
out of counter-2
epoch: 14/200, train_loss: 0.5465988351239098, train r2: 0.4903355694582666, valid r2: 0.5670868409440939, test r2: 0.5950220599812159
out of counter-3
epoch: 15/200, train_loss: 0.5451519897690525, train r2: 0.5339111992161125, valid r2: 0.573634095192775, test r2: 0.5268443808956844
epoch: 16/200, train_loss: 0.5371992665308493, train r2: 0.5464696531922455, valid r2: 0.5890670732390157, test r2: 0.6066802724189435
epoch: 17/200, train_loss: 0.5323147034203565, train r2: 0.46827178798494573, valid r2: 0.48681902157571255, test r2: 0.5412625008913755
out of counter-1
epoch: 18/200, train_loss: 0.5345842584415719, train r2: 0.5513276935200877, valid r2: 0.5671726156280872, test r2: 0.6212445241155937
out of counter-2
epoch: 19/200, train_loss: 0.5250115460819669, train r2: 0.5619529970313255, valid r2: 0.5238639162523171, test r2: 0.5194497576357211
out of counter-3
epoch: 20/200, train_loss: 0.5277435338055646, train r2: 0.5775842027913365, valid r2: 0.573706655981532, test r2: 0.5359913576077144
out of counter-4
epoch: 21/200, train_loss: 0.5259150443253694, train r2: 0.478510374972857, valid r2: 0.4979584402094417, test r2: 0.5828975615954983
out of counter-5
epoch: 22/200, train_loss: 0.5202053023709191, train r2: 0.5943013843020861, valid r2: 0.5613643563479841, test r2: 0.5593847880286791
out of counter-6
epoch: 23/200, train_loss: 0.5278925553516105, train r2: 0.5469119268689753, valid r2: 0.49163884415387793, test r2: 0.545121965178912
out of counter-7
epoch: 24/200, train_loss: 0.5085519828178264, train r2: 0.5974355826939852, valid r2: 0.5171745294242653, test r2: 0.5124393158800412
out of counter-8
epoch: 25/200, train_loss: 0.5029067209473362, train r2: 0.6097708761311389, valid r2: 0.5682220835684879, test r2: 0.5389199924497555
out of counter-9
epoch: 26/200, train_loss: 0.5094221068753136, train r2: 0.5938103378558977, valid r2: 0.5706009247935753, test r2: 0.6263988869359003
out of counter-10
epoch: 27/200, train_loss: 0.49942286367769595, train r2: 0.6232063862089283, valid r2: 0.5241557563620212, test r2: 0.5691171703476796
out of counter-11
epoch: 28/200, train_loss: 0.47571900818083024, train r2: 0.623276195170791, valid r2: 0.5604769002710562, test r2: 0.6119668661193435
out of counter-12
epoch: 29/200, train_loss: 0.4844668750409727, train r2: 0.6299283049647943, valid r2: 0.5749292959196255, test r2: 0.5589899202945838
out of counter-13
epoch: 30/200, train_loss: 0.4921444422668881, train r2: 0.6073335657850747, valid r2: 0.5244712787766757, test r2: 0.5652178229769809
out of counter-14
epoch: 31/200, train_loss: 0.4872713519467248, train r2: 0.6079923507099956, valid r2: 0.5881061964897096, test r2: 0.5876596654551176
out of counter-15
epoch: 32/200, train_loss: 0.46747918482179995, train r2: 0.6362906691138641, valid r2: 0.5790499965637657, test r2: 0.6075427764087555
out of counter-16
epoch: 33/200, train_loss: 0.48076903488900924, train r2: 0.5351951999981769, valid r2: 0.5666768521217393, test r2: 0.5081310105605343
out of counter-17
epoch: 34/200, train_loss: 0.490869982375039, train r2: 0.6460430068355834, valid r2: 0.5646225484318916, test r2: 0.6169024997055383
out of counter-18
epoch: 35/200, train_loss: 0.45739544210610567, train r2: 0.6555551267448034, valid r2: 0.57253943573054, test r2: 0.6035110297033857
out of counter-19
epoch: 36/200, train_loss: 0.4533840329558761, train r2: 0.6280321798999462, valid r2: 0.5656050727965376, test r2: 0.48614846883093565
out of counter-20
out of patience-20!
current seed: 2034
model_config:
{'layer_num': 2, 'hidden_size': 128, 'dropout_rate': 0.2, 'act': 'leaky_relu', 'task_type': 'regr', 'num_tasks': 1}
[GeoGNNModel] embed_dim:32
[GeoGNNModel] dropout_rate:0.2
[GeoGNNModel] layer_num:8
[GeoGNNModel] readout:mean
[GeoGNNModel] atom_names:['atomic_num', 'formal_charge', 'degree', 'chiral_tag', 'total_numHs', 'is_aromatic', 'hybridization']
[GeoGNNModel] bond_names:['bond_dir', 'bond_type', 'is_in_ring']
[GeoGNNModel] bond_float_names:['bond_length']
[GeoGNNModel] bond_angle_float_names:['bond_angle']
Total param num: 170
Encoder param num: 164
Head param num: 6
Load state_dict from ./pretrain_models-chemrl_gem/regr.pdparams
Read preprocessing data...
Train/Valid/Test num: 866/114/112
Train mean/std/min/max 0.07789892188452656/0.6498698142156566/-2.0/2.84509804
Valid mean/std/min/max 0.02578856892982454/0.6352928894835277/-0.920818754/1.653212514
Test mean/std/min/max -0.3862897514464286/0.5129017635720095/-1.301029996/1.648360011
/root/data1/miniconda3/envs/GEM/lib/python3.7/site-packages/paddle/nn/layer/layers.py:1897: UserWarning: Skip loading for init_atom_embedding.embed_list.3.weight. init_atom_embedding.embed_list.3.weight receives a shape [9, 32], but the expected shape is [14, 32].
  warnings.warn(f"Skip loading for {key}. " + str(err))
/root/data1/miniconda3/envs/GEM/lib/python3.7/site-packages/paddle/nn/layer/layers.py:1897: UserWarning: Skip loading for init_atom_embedding.embed_list.6.weight. init_atom_embedding.embed_list.6.weight receives a shape [13, 32], but the expected shape is [14, 32].
  warnings.warn(f"Skip loading for {key}. " + str(err))
epoch: 1/200, train_loss: 0.8201373087035285, train r2: 0.1413349172451257, valid r2: 0.3157616429982876, test r2: -0.294500449343184
epoch: 2/200, train_loss: 0.7286199331283569, train r2: 0.26261583757656837, valid r2: 0.5186362133262995, test r2: 0.24761301706217842
epoch: 3/200, train_loss: 0.7012417603422094, train r2: 0.28849860351180423, valid r2: 0.49363122377090196, test r2: 0.4065936515271845
out of counter-1
epoch: 4/200, train_loss: 0.6531291725458922, train r2: 0.2818339886925819, valid r2: 0.42279501561907384, test r2: 0.34362002055306606
out of counter-2
epoch: 5/200, train_loss: 0.6499003812118813, train r2: 0.3670301019283999, valid r2: 0.4718365756219236, test r2: 0.42952674228315735
out of counter-3
epoch: 6/200, train_loss: 0.6297339167859819, train r2: 0.37620372563667803, valid r2: 0.4865768975617788, test r2: 0.4044549737955838
out of counter-4
epoch: 7/200, train_loss: 0.5971376984207718, train r2: 0.4349552284761604, valid r2: 0.46890548263877285, test r2: 0.4220162423780265
out of counter-5
epoch: 8/200, train_loss: 0.6012831860118442, train r2: 0.43126462896650675, valid r2: 0.48568765521058666, test r2: 0.41482198157900685
out of counter-6
epoch: 9/200, train_loss: 0.5966016142456619, train r2: 0.43854068851277606, valid r2: 0.48369775869704823, test r2: 0.3909373232432195
out of counter-7
epoch: 10/200, train_loss: 0.5864435489530917, train r2: 0.4414162591264663, valid r2: 0.4685785072976336, test r2: 0.3762945395115813
out of counter-8
epoch: 11/200, train_loss: 0.5876403517193265, train r2: 0.45299199052427663, valid r2: 0.47552510178740526, test r2: 0.3981537423489311
out of counter-9
epoch: 12/200, train_loss: 0.5755773043190991, train r2: 0.461184864156412, valid r2: 0.47330291409657754, test r2: 0.5355327518734952
out of counter-10
epoch: 13/200, train_loss: 0.5648532587069052, train r2: 0.4497003045527279, valid r2: 0.47089465866781155, test r2: 0.5029126981753256
out of counter-11
epoch: 14/200, train_loss: 0.5725898621258912, train r2: 0.4741236004184669, valid r2: 0.43320194768843456, test r2: 0.52706584481202
out of counter-12
epoch: 15/200, train_loss: 0.5561897765707087, train r2: 0.5035288245671122, valid r2: 0.49320479142175166, test r2: 0.5536565054616505
out of counter-13
epoch: 16/200, train_loss: 0.5490287476115756, train r2: 0.4621907414660569, valid r2: 0.48892124590062, test r2: 0.5501380237656444
out of counter-14
epoch: 17/200, train_loss: 0.5535022274211601, train r2: 0.524151598076217, valid r2: 0.5318759527367736, test r2: 0.539025440210806
epoch: 18/200, train_loss: 0.5284421454977106, train r2: 0.508185590065629, valid r2: 0.4425752012296159, test r2: 0.4439021775500184
out of counter-1
epoch: 19/200, train_loss: 0.5290204385916392, train r2: 0.5364991828859322, valid r2: 0.5447929576092907, test r2: 0.5433637262790351
epoch: 20/200, train_loss: 0.5329964072616012, train r2: 0.5467670469750544, valid r2: 0.45718849603226297, test r2: 0.5100877979816211
out of counter-1
epoch: 21/200, train_loss: 0.5339717401398553, train r2: 0.5187300285335568, valid r2: 0.49583419481926005, test r2: 0.47893473146165955
out of counter-2
epoch: 22/200, train_loss: 0.5390059837588558, train r2: 0.536611471779064, valid r2: 0.4380054058098669, test r2: 0.5127754969569875
out of counter-3
epoch: 23/200, train_loss: 0.51131060940248, train r2: 0.46315432505661613, valid r2: 0.48025782595372135, test r2: 0.5099607899162986
out of counter-4
epoch: 24/200, train_loss: 0.516612136805499, train r2: 0.5667457742470633, valid r2: 0.5411930142476769, test r2: 0.5818666437379132
out of counter-5
epoch: 25/200, train_loss: 0.5243899369681323, train r2: 0.5719406308356918, valid r2: 0.48252281285227816, test r2: 0.5390555573058664
out of counter-6
epoch: 26/200, train_loss: 0.5040760923314977, train r2: 0.5912009220872518, valid r2: 0.5446163898346408, test r2: 0.5893542196677157
out of counter-7
epoch: 27/200, train_loss: 0.4952149115226887, train r2: 0.5723386072218855, valid r2: 0.4631869290076166, test r2: 0.5103048135591217
out of counter-8
epoch: 28/200, train_loss: 0.5083973253214801, train r2: 0.5769388981884292, valid r2: 0.4873123367925193, test r2: 0.5556178538061205
out of counter-9
epoch: 29/200, train_loss: 0.49126093255148995, train r2: 0.59764655829378, valid r2: 0.5025378369782508, test r2: 0.46463531587550766
out of counter-10
epoch: 30/200, train_loss: 0.4772071573469374, train r2: 0.607629932403194, valid r2: 0.4879132502155631, test r2: 0.4970394597724277
out of counter-11
epoch: 31/200, train_loss: 0.4789191418223911, train r2: 0.5933925475248357, valid r2: 0.46885210899592955, test r2: 0.5124303295035433
out of counter-12
epoch: 32/200, train_loss: 0.475684169265959, train r2: 0.6138205323159378, valid r2: 0.4692661024277024, test r2: 0.5451719861394433
out of counter-13
epoch: 33/200, train_loss: 0.4838687843746609, train r2: 0.6156500021438791, valid r2: 0.5395606035205371, test r2: 0.5566894325616242
out of counter-14
epoch: 34/200, train_loss: 0.480945971277025, train r2: 0.6073611367762556, valid r2: 0.508883549322765, test r2: 0.5611017571453853
out of counter-15
epoch: 35/200, train_loss: 0.47015484394850554, train r2: 0.650505250482138, valid r2: 0.4945124530786057, test r2: 0.5799343147364346
out of counter-16
epoch: 36/200, train_loss: 0.461867645934776, train r2: 0.563672448213945, valid r2: 0.5762128440378957, test r2: 0.513777990478478
epoch: 37/200, train_loss: 0.4874490300814311, train r2: 0.5530827718291458, valid r2: 0.508832621039635, test r2: 0.6146119873447191
out of counter-1
epoch: 38/200, train_loss: 0.4659297874680272, train r2: 0.6309798578635104, valid r2: 0.5625187622350487, test r2: 0.6266283282946433
out of counter-2
epoch: 39/200, train_loss: 0.4723927875359853, train r2: 0.6291170515750443, valid r2: 0.5789984512503666, test r2: 0.5532114698452533
epoch: 40/200, train_loss: 0.4820931355158488, train r2: 0.6298166963181075, valid r2: 0.457096790117831, test r2: 0.4937853710460818
out of counter-1
epoch: 41/200, train_loss: 0.4709853529930115, train r2: 0.6688696802415607, valid r2: 0.4115500085340821, test r2: 0.6111845349363751
out of counter-2
epoch: 42/200, train_loss: 0.4661341806252797, train r2: 0.669173157623584, valid r2: 0.45994942515388837, test r2: 0.5809885634936582
out of counter-3
epoch: 43/200, train_loss: 0.4392774259602582, train r2: 0.6556017355383019, valid r2: 0.48394034026524513, test r2: 0.5115421351078759
out of counter-4
epoch: 44/200, train_loss: 0.4564597485242067, train r2: 0.6240376293961799, valid r2: 0.455948842845188, test r2: 0.5563849418003213
out of counter-5
epoch: 45/200, train_loss: 0.45682701247709767, train r2: 0.6763109283808642, valid r2: 0.5352830242439981, test r2: 0.6384041715532736
out of counter-6
epoch: 46/200, train_loss: 0.4504942231708103, train r2: 0.666500416402875, valid r2: 0.4430702691035766, test r2: 0.4978953388364923
out of counter-7
epoch: 47/200, train_loss: 0.4493292338318295, train r2: 0.6716593864270823, valid r2: 0.5534634444500419, test r2: 0.5588421930041941
out of counter-8
epoch: 48/200, train_loss: 0.42712126948215345, train r2: 0.6583205770350578, valid r2: 0.4532462688711646, test r2: 0.6160783290740348
out of counter-9
epoch: 49/200, train_loss: 0.4519048200713264, train r2: 0.6699333366469737, valid r2: 0.5555883304035605, test r2: 0.5746995917884103
out of counter-10
epoch: 50/200, train_loss: 0.4407380598562735, train r2: 0.6664286699580457, valid r2: 0.529224800952564, test r2: 0.6190012064248069
out of counter-11
epoch: 51/200, train_loss: 0.4343401381263026, train r2: 0.7063183463968752, valid r2: 0.43214509358181574, test r2: 0.5402923758028615
out of counter-12
epoch: 52/200, train_loss: 0.42437764781492726, train r2: 0.7044907470257673, valid r2: 0.4193050236406476, test r2: 0.48390362432795686
out of counter-13
epoch: 53/200, train_loss: 0.42395374178886414, train r2: 0.6806814001583865, valid r2: 0.34082033041795645, test r2: 0.5385989199259863
out of counter-14
epoch: 54/200, train_loss: 0.4161420630084144, train r2: 0.6951696034708664, valid r2: 0.5067130748023179, test r2: 0.5450910512857255
out of counter-15
epoch: 55/200, train_loss: 0.44229418260079845, train r2: 0.673436850576652, valid r2: 0.5971982867080854, test r2: 0.5411882282607996
epoch: 56/200, train_loss: 0.439136795423649, train r2: 0.6956024393649647, valid r2: 0.5321893062206058, test r2: 0.6306626891745153
out of counter-1
epoch: 57/200, train_loss: 0.4171731792114399, train r2: 0.7239615714957297, valid r2: 0.4561124417642022, test r2: 0.5417381650185721
out of counter-2
epoch: 58/200, train_loss: 0.4135953265207785, train r2: 0.7096555787611485, valid r2: 0.32351057514441395, test r2: 0.532296430175677
out of counter-3
epoch: 59/200, train_loss: 0.4181364123468046, train r2: 0.7216702412021145, valid r2: 0.4869835705082586, test r2: 0.6177769050612821
out of counter-4
epoch: 60/200, train_loss: 0.41725754185959146, train r2: 0.7146401502378948, valid r2: 0.5064568689085269, test r2: 0.5896367183496867
out of counter-5
epoch: 61/200, train_loss: 0.40909208081386705, train r2: 0.7241768369436843, valid r2: 0.4315398173306836, test r2: 0.5814923186530649
out of counter-6
epoch: 62/200, train_loss: 0.4114890352443413, train r2: 0.74738961825604, valid r2: 0.41832488397984724, test r2: 0.5758936353812832
out of counter-7
epoch: 63/200, train_loss: 0.41198302529476305, train r2: 0.7369572151923882, valid r2: 0.4040898826062297, test r2: 0.5579817390886912
out of counter-8
epoch: 64/200, train_loss: 0.4080084142861543, train r2: 0.7345026459993504, valid r2: 0.4001998815844948, test r2: 0.5754070596089985
out of counter-9
epoch: 65/200, train_loss: 0.40297668068497267, train r2: 0.7380197762266674, valid r2: 0.43156892604308517, test r2: 0.5667102187441637
out of counter-10
epoch: 66/200, train_loss: 0.4033028715186649, train r2: 0.7175645400668029, valid r2: 0.3836309861900483, test r2: 0.4754637081827502
out of counter-11
epoch: 67/200, train_loss: 0.41796488287272276, train r2: 0.7438670523438475, valid r2: 0.4886396866723487, test r2: 0.6082508888341606
out of counter-12
epoch: 68/200, train_loss: 0.40360574920972186, train r2: 0.7546406034247556, valid r2: 0.30033163323462264, test r2: 0.5477980383192391
out of counter-13
epoch: 69/200, train_loss: 0.39809490464351793, train r2: 0.7471926126117431, valid r2: 0.4419635332144053, test r2: 0.5529910563016394
out of counter-14
epoch: 70/200, train_loss: 0.3839258639900773, train r2: 0.7508207632527749, valid r2: 0.4487043772415358, test r2: 0.5797918991608975
out of counter-15
epoch: 71/200, train_loss: 0.4002701419371146, train r2: 0.7512772502209106, valid r2: 0.4544269429433502, test r2: 0.5621488894948228
out of counter-16
epoch: 72/200, train_loss: 0.3940505584081014, train r2: 0.7489763238780835, valid r2: 0.2796846369038458, test r2: 0.5060860863558807
out of counter-17
epoch: 73/200, train_loss: 0.40310106454072175, train r2: 0.7548606807354633, valid r2: 0.46342094089766517, test r2: 0.5884856397123779
out of counter-18
epoch: 74/200, train_loss: 0.3897152802458516, train r2: 0.7613271630317424, valid r2: 0.34012784507074967, test r2: 0.5607041623735348
out of counter-19
epoch: 75/200, train_loss: 0.3733710707337768, train r2: 0.7758426597174528, valid r2: 0.35608714941005193, test r2: 0.570019009417071
out of counter-20
out of patience-20!
current seed: 2044
model_config:
{'layer_num': 2, 'hidden_size': 128, 'dropout_rate': 0.2, 'act': 'leaky_relu', 'task_type': 'regr', 'num_tasks': 1}
[GeoGNNModel] embed_dim:32
[GeoGNNModel] dropout_rate:0.2
[GeoGNNModel] layer_num:8
[GeoGNNModel] readout:mean
[GeoGNNModel] atom_names:['atomic_num', 'formal_charge', 'degree', 'chiral_tag', 'total_numHs', 'is_aromatic', 'hybridization']
[GeoGNNModel] bond_names:['bond_dir', 'bond_type', 'is_in_ring']
[GeoGNNModel] bond_float_names:['bond_length']
[GeoGNNModel] bond_angle_float_names:['bond_angle']
Total param num: 170
Encoder param num: 164
Head param num: 6
Load state_dict from ./pretrain_models-chemrl_gem/regr.pdparams
Read preprocessing data...
Train/Valid/Test num: 866/114/112
Train mean/std/min/max 0.07789892188452656/0.6498698142156566/-2.0/2.84509804
Valid mean/std/min/max 0.02578856892982454/0.6352928894835277/-0.920818754/1.653212514
Test mean/std/min/max -0.3862897514464286/0.5129017635720095/-1.301029996/1.648360011
/root/data1/miniconda3/envs/GEM/lib/python3.7/site-packages/paddle/nn/layer/layers.py:1897: UserWarning: Skip loading for init_atom_embedding.embed_list.3.weight. init_atom_embedding.embed_list.3.weight receives a shape [9, 32], but the expected shape is [14, 32].
  warnings.warn(f"Skip loading for {key}. " + str(err))
/root/data1/miniconda3/envs/GEM/lib/python3.7/site-packages/paddle/nn/layer/layers.py:1897: UserWarning: Skip loading for init_atom_embedding.embed_list.6.weight. init_atom_embedding.embed_list.6.weight receives a shape [13, 32], but the expected shape is [14, 32].
  warnings.warn(f"Skip loading for {key}. " + str(err))
epoch: 1/200, train_loss: 0.8077189237983139, train r2: 0.15305661204586474, valid r2: 0.31046796396640475, test r2: -0.23022439220422508
epoch: 2/200, train_loss: 0.7435489109268895, train r2: 0.2539441336708611, valid r2: 0.4407161490258199, test r2: 0.2926496048154522
epoch: 3/200, train_loss: 0.6767549768642143, train r2: 0.2936408069201992, valid r2: 0.46523779563573053, test r2: 0.41665452683206006
epoch: 4/200, train_loss: 0.6714562056241212, train r2: 0.3528844069339421, valid r2: 0.4734845772548454, test r2: 0.3965704649465681
epoch: 5/200, train_loss: 0.6604485732537729, train r2: 0.37821750905299445, valid r2: 0.5648325198428082, test r2: 0.42701277860950626
epoch: 6/200, train_loss: 0.6255060290848767, train r2: 0.35051887479958943, valid r2: 0.46001371787914025, test r2: 0.3242314078760533
out of counter-1
epoch: 7/200, train_loss: 0.6506373264171459, train r2: 0.39773136156123623, valid r2: 0.5243084203815741, test r2: 0.39073674164593863
out of counter-2
epoch: 8/200, train_loss: 0.6122089734783879, train r2: 0.3703928763864419, valid r2: 0.454091808704856, test r2: 0.15277266004014467
out of counter-3
epoch: 9/200, train_loss: 0.6187555613341155, train r2: 0.39509075317718445, valid r2: 0.48099850617525, test r2: 0.482841002373098
out of counter-4
epoch: 10/200, train_loss: 0.6079450183444552, train r2: 0.40108025888591414, valid r2: 0.4864033905272991, test r2: 0.4666407790753132
out of counter-5
epoch: 11/200, train_loss: 0.5721434421009488, train r2: 0.44604280428483745, valid r2: 0.5231169924704617, test r2: 0.4975399162733606
out of counter-6
epoch: 12/200, train_loss: 0.5724417169888815, train r2: 0.45470417196281987, valid r2: 0.49812634572076153, test r2: 0.4311874728073579
out of counter-7
epoch: 13/200, train_loss: 0.5647732858304624, train r2: 0.48388719363755306, valid r2: 0.5091948099003882, test r2: 0.5481712570425371
out of counter-8
epoch: 14/200, train_loss: 0.5897118272604766, train r2: 0.46633234765241904, valid r2: 0.5410397287462024, test r2: 0.5132360201907333
out of counter-9
epoch: 15/200, train_loss: 0.5520162361639517, train r2: 0.39920720071425075, valid r2: 0.5504177251019502, test r2: 0.48363487650683623
out of counter-10
epoch: 16/200, train_loss: 0.5608336086626406, train r2: 0.5193392066847673, valid r2: 0.5484586584728759, test r2: 0.6092916318093478
out of counter-11
epoch: 17/200, train_loss: 0.5346439591160527, train r2: 0.5237026036505561, valid r2: 0.5173828654529415, test r2: 0.5733045946105313
out of counter-12
epoch: 18/200, train_loss: 0.5232464417263314, train r2: 0.5354627999638073, valid r2: 0.508138318747098, test r2: 0.5027487567580182
out of counter-13
epoch: 19/200, train_loss: 0.5398549249878636, train r2: 0.500465577654074, valid r2: 0.4905431410420412, test r2: 0.42612485223703545
out of counter-14
epoch: 20/200, train_loss: 0.534988812826298, train r2: 0.5522054836110066, valid r2: 0.5399276276468024, test r2: 0.5575991691204369
out of counter-15
epoch: 21/200, train_loss: 0.5278925564554002, train r2: 0.5416768668041446, valid r2: 0.5598471390310902, test r2: 0.5544500915739345
out of counter-16
epoch: 22/200, train_loss: 0.5165800363929184, train r2: 0.5770978436217422, valid r2: 0.5307943164426263, test r2: 0.5510658370333912
out of counter-17
epoch: 23/200, train_loss: 0.5179235924173284, train r2: 0.5233118563969201, valid r2: 0.5813069177856909, test r2: 0.5293092553705625
epoch: 24/200, train_loss: 0.5220391650994619, train r2: 0.4903139623620656, valid r2: 0.5389243568416412, test r2: 0.5434716078247515
out of counter-1
epoch: 25/200, train_loss: 0.5072296637075918, train r2: 0.592071453115177, valid r2: 0.5625193462249896, test r2: 0.5856068143395308
out of counter-2
epoch: 26/200, train_loss: 0.49560244878133136, train r2: 0.5927559619518153, valid r2: 0.5593165183914784, test r2: 0.5606827683530607
out of counter-3
epoch: 27/200, train_loss: 0.5040452369937191, train r2: 0.4452960237602194, valid r2: 0.5181018960259203, test r2: 0.49529995530701265
out of counter-4
epoch: 28/200, train_loss: 0.5051833954122331, train r2: 0.5787065451499469, valid r2: 0.575665868465999, test r2: 0.5374812387183474
out of counter-5
epoch: 29/200, train_loss: 0.5117062440624943, train r2: 0.5956849750391489, valid r2: 0.5258653557447132, test r2: 0.54917827510997
out of counter-6
epoch: 30/200, train_loss: 0.48269190170146803, train r2: 0.6119571680208722, valid r2: 0.5790920927878239, test r2: 0.5461235690172783
out of counter-7
epoch: 31/200, train_loss: 0.49103130124233385, train r2: 0.6210757374772868, valid r2: 0.5560742119913753, test r2: 0.562148532085617
out of counter-8
epoch: 32/200, train_loss: 0.47961544769781606, train r2: 0.6020090760936618, valid r2: 0.5719259392667179, test r2: 0.5479363687070373
out of counter-9
epoch: 33/200, train_loss: 0.46803444623947144, train r2: 0.5897520895372107, valid r2: 0.5764591277303541, test r2: 0.5566333990649559
out of counter-10
epoch: 34/200, train_loss: 0.48586705878928854, train r2: 0.6277819227577786, valid r2: 0.5014393327527198, test r2: 0.48291471367446237
out of counter-11
epoch: 35/200, train_loss: 0.4765626103789718, train r2: 0.6146310304541966, valid r2: 0.495769507473626, test r2: 0.4304241369171993
out of counter-12
epoch: 36/200, train_loss: 0.48570050575115065, train r2: 0.6356209868317964, valid r2: 0.5475221565603599, test r2: 0.6208580606048812
out of counter-13
epoch: 37/200, train_loss: 0.46546131813967667, train r2: 0.6042891884387835, valid r2: 0.5022660131938343, test r2: 0.49539629932304363
out of counter-14
epoch: 38/200, train_loss: 0.47073051112669484, train r2: 0.6301160645730253, valid r2: 0.5421060144225246, test r2: 0.5879717066445045
out of counter-15
epoch: 39/200, train_loss: 0.47866024794401946, train r2: 0.646551556351113, valid r2: 0.5405337048564787, test r2: 0.5217503984333519
out of counter-16
epoch: 40/200, train_loss: 0.4528725809521145, train r2: 0.6354565291197233, valid r2: 0.5539541311511516, test r2: 0.603385920881775
out of counter-17
epoch: 41/200, train_loss: 0.45053721136516994, train r2: 0.6565734530007268, valid r2: 0.4591691575950544, test r2: 0.4776163076202161
out of counter-18
epoch: 42/200, train_loss: 0.479853731614572, train r2: 0.5378904885490376, valid r2: 0.4267201536987083, test r2: 0.5966640588610949
out of counter-19
epoch: 43/200, train_loss: 0.48964524269104004, train r2: 0.6144727426660082, valid r2: 0.5103530114196901, test r2: 0.5169174214712134
out of counter-20
out of patience-20!
current seed: 2054
model_config:
{'layer_num': 2, 'hidden_size': 128, 'dropout_rate': 0.2, 'act': 'leaky_relu', 'task_type': 'regr', 'num_tasks': 1}
[GeoGNNModel] embed_dim:32
[GeoGNNModel] dropout_rate:0.2
[GeoGNNModel] layer_num:8
[GeoGNNModel] readout:mean
[GeoGNNModel] atom_names:['atomic_num', 'formal_charge', 'degree', 'chiral_tag', 'total_numHs', 'is_aromatic', 'hybridization']
[GeoGNNModel] bond_names:['bond_dir', 'bond_type', 'is_in_ring']
[GeoGNNModel] bond_float_names:['bond_length']
[GeoGNNModel] bond_angle_float_names:['bond_angle']
Total param num: 170
Encoder param num: 164
Head param num: 6
Load state_dict from ./pretrain_models-chemrl_gem/regr.pdparams
Read preprocessing data...
Train/Valid/Test num: 866/114/112
Train mean/std/min/max 0.07789892188452656/0.6498698142156566/-2.0/2.84509804
Valid mean/std/min/max 0.02578856892982454/0.6352928894835277/-0.920818754/1.653212514
Test mean/std/min/max -0.3862897514464286/0.5129017635720095/-1.301029996/1.648360011
/root/data1/miniconda3/envs/GEM/lib/python3.7/site-packages/paddle/nn/layer/layers.py:1897: UserWarning: Skip loading for init_atom_embedding.embed_list.3.weight. init_atom_embedding.embed_list.3.weight receives a shape [9, 32], but the expected shape is [14, 32].
  warnings.warn(f"Skip loading for {key}. " + str(err))
/root/data1/miniconda3/envs/GEM/lib/python3.7/site-packages/paddle/nn/layer/layers.py:1897: UserWarning: Skip loading for init_atom_embedding.embed_list.6.weight. init_atom_embedding.embed_list.6.weight receives a shape [13, 32], but the expected shape is [14, 32].
  warnings.warn(f"Skip loading for {key}. " + str(err))
epoch: 1/200, train_loss: 0.8072253156591345, train r2: 0.1925398719763145, valid r2: 0.3599807050319054, test r2: 0.3556644771220231
epoch: 2/200, train_loss: 0.7328888840145535, train r2: 0.2630340046507096, valid r2: 0.44130476767150784, test r2: 0.4198406622973412
epoch: 3/200, train_loss: 0.6963416978164956, train r2: 0.30138077961680154, valid r2: 0.453298656430417, test r2: 0.26115834623311474
epoch: 4/200, train_loss: 0.6710860199398465, train r2: 0.3488114626831511, valid r2: 0.4652977433217369, test r2: 0.49137675496862443
epoch: 5/200, train_loss: 0.6507273007322241, train r2: 0.370804367116079, valid r2: 0.5022536071604757, test r2: 0.528743722015455
epoch: 6/200, train_loss: 0.6228327839462845, train r2: 0.35339626644890665, valid r2: 0.5139089637604135, test r2: 0.5413933388688321
epoch: 7/200, train_loss: 0.6201794290984118, train r2: 0.39647416587407425, valid r2: 0.48839126558877044, test r2: 0.5779966115356167
out of counter-1
epoch: 8/200, train_loss: 0.6118653008231411, train r2: 0.42149534240786213, valid r2: 0.4825081720738339, test r2: 0.5697962914566963
out of counter-2
epoch: 9/200, train_loss: 0.6018316668492777, train r2: 0.4368427288683837, valid r2: 0.5104689521934291, test r2: 0.5313727841951947
out of counter-3
epoch: 10/200, train_loss: 0.5983451935980055, train r2: 0.4589837959172054, valid r2: 0.5490148556553209, test r2: 0.59407301766925
epoch: 11/200, train_loss: 0.5818065305550894, train r2: 0.4585028765359791, valid r2: 0.48199787894349655, test r2: 0.5115287105857194
out of counter-1
epoch: 12/200, train_loss: 0.5776103867424859, train r2: 0.46716624541357843, valid r2: 0.5161499880578162, test r2: 0.5492165809310297
out of counter-2
epoch: 13/200, train_loss: 0.557017794361821, train r2: 0.4495099622038904, valid r2: 0.4947947005827743, test r2: 0.36789698372402735
out of counter-3
epoch: 14/200, train_loss: 0.5708378851413727, train r2: 0.4857062641422356, valid r2: 0.515170973876331, test r2: 0.532530851425417
out of counter-4
epoch: 15/200, train_loss: 0.5491479061267994, train r2: 0.5137263517235207, valid r2: 0.4884483742363921, test r2: 0.5691668110688204
out of counter-5
epoch: 16/200, train_loss: 0.5394763063501429, train r2: 0.4902765499854561, valid r2: 0.5753364535676839, test r2: 0.5164828245740655
epoch: 17/200, train_loss: 0.5530762837992774, train r2: 0.5233396508975416, valid r2: 0.5344902543525636, test r2: 0.5740832891898163
out of counter-1
epoch: 18/200, train_loss: 0.5417725532143204, train r2: 0.532040314316535, valid r2: 0.5034833640783047, test r2: 0.5486528058660974
out of counter-2
epoch: 19/200, train_loss: 0.5299805866347419, train r2: 0.5271064085895634, valid r2: 0.5597853798460464, test r2: 0.4900933144198675
out of counter-3
epoch: 20/200, train_loss: 0.5489751542056048, train r2: 0.49814584313008703, valid r2: 0.5611598198299064, test r2: 0.5335032493384801
out of counter-4
epoch: 21/200, train_loss: 0.5270521982952401, train r2: 0.5541975618437162, valid r2: 0.604562799263706, test r2: 0.6158775475164151
epoch: 22/200, train_loss: 0.5161245233482785, train r2: 0.5812338444706971, valid r2: 0.5910684176706107, test r2: 0.5651303803090586
out of counter-1
epoch: 23/200, train_loss: 0.5321265955766042, train r2: 0.5069821015423128, valid r2: 0.5194428187312194, test r2: 0.5500963152667452
out of counter-2
epoch: 24/200, train_loss: 0.5104400857731148, train r2: 0.5795993686051887, valid r2: 0.5803658296953347, test r2: 0.5935319087196835
out of counter-3
epoch: 25/200, train_loss: 0.5108389192157321, train r2: 0.6171540293580033, valid r2: 0.5621441604338078, test r2: 0.5771590258850623
out of counter-4
epoch: 26/200, train_loss: 0.49172099872871683, train r2: 0.606506466537724, valid r2: 0.5763826940425745, test r2: 0.5756668408304668
out of counter-5
epoch: 27/200, train_loss: 0.49294215551129095, train r2: 0.6306447234143491, valid r2: 0.5740510525261979, test r2: 0.6118212146004517
out of counter-6
epoch: 28/200, train_loss: 0.4926694399780697, train r2: 0.6108015399002675, valid r2: 0.5981424546029164, test r2: 0.5567209648304035
out of counter-7
epoch: 29/200, train_loss: 0.4785936000170531, train r2: 0.6197052509357034, valid r2: 0.49974802718408406, test r2: 0.5669802697909347
out of counter-8
epoch: 30/200, train_loss: 0.47927241965576456, train r2: 0.6311397044125178, valid r2: 0.4802057333388994, test r2: 0.49525588206653526
out of counter-9
epoch: 31/200, train_loss: 0.4593083339708823, train r2: 0.662739673014701, valid r2: 0.566345562340588, test r2: 0.6375668981781419
out of counter-10
epoch: 32/200, train_loss: 0.4631372646049217, train r2: 0.6182041926559751, valid r2: 0.5731336182535078, test r2: 0.5284206968447422
out of counter-11
epoch: 33/200, train_loss: 0.46495973843115346, train r2: 0.6324545379241397, valid r2: 0.4731147230042192, test r2: 0.5328426792875102
out of counter-12
epoch: 34/200, train_loss: 0.465210168449967, train r2: 0.6717539262747925, valid r2: 0.5907931477945594, test r2: 0.6262161551667688
out of counter-13
epoch: 35/200, train_loss: 0.44686913269537465, train r2: 0.677252939720195, valid r2: 0.5501823704996651, test r2: 0.6265483233752686
out of counter-14
epoch: 36/200, train_loss: 0.47746884712466486, train r2: 0.6855453443720052, valid r2: 0.5480437325012708, test r2: 0.6097307544454232
out of counter-15
epoch: 37/200, train_loss: 0.4565144275073652, train r2: 0.6959073359951788, valid r2: 0.5359095034659207, test r2: 0.6123955396432574
out of counter-16
epoch: 38/200, train_loss: 0.42946211717746874, train r2: 0.7032902435709358, valid r2: 0.4787807844497284, test r2: 0.5644412981471425
out of counter-17
epoch: 39/200, train_loss: 0.46459551100377683, train r2: 0.6379829149738703, valid r2: 0.47169971902660646, test r2: 0.4968782536765751
out of counter-18
epoch: 40/200, train_loss: 0.4552864807623404, train r2: 0.7094263404278369, valid r2: 0.6029621848104532, test r2: 0.5871170984201214
out of counter-19
epoch: 41/200, train_loss: 0.4359334839714898, train r2: 0.6769282121421283, valid r2: 0.593356586123847, test r2: 0.5864343434900243
out of counter-20
out of patience-20!
current seed: 2064
model_config:
{'layer_num': 2, 'hidden_size': 128, 'dropout_rate': 0.2, 'act': 'leaky_relu', 'task_type': 'regr', 'num_tasks': 1}
[GeoGNNModel] embed_dim:32
[GeoGNNModel] dropout_rate:0.2
[GeoGNNModel] layer_num:8
[GeoGNNModel] readout:mean
[GeoGNNModel] atom_names:['atomic_num', 'formal_charge', 'degree', 'chiral_tag', 'total_numHs', 'is_aromatic', 'hybridization']
[GeoGNNModel] bond_names:['bond_dir', 'bond_type', 'is_in_ring']
[GeoGNNModel] bond_float_names:['bond_length']
[GeoGNNModel] bond_angle_float_names:['bond_angle']
Total param num: 170
Encoder param num: 164
Head param num: 6
Load state_dict from ./pretrain_models-chemrl_gem/regr.pdparams
Read preprocessing data...
Train/Valid/Test num: 866/114/112
Train mean/std/min/max 0.07789892188452656/0.6498698142156566/-2.0/2.84509804
Valid mean/std/min/max 0.02578856892982454/0.6352928894835277/-0.920818754/1.653212514
Test mean/std/min/max -0.3862897514464286/0.5129017635720095/-1.301029996/1.648360011
/root/data1/miniconda3/envs/GEM/lib/python3.7/site-packages/paddle/nn/layer/layers.py:1897: UserWarning: Skip loading for init_atom_embedding.embed_list.3.weight. init_atom_embedding.embed_list.3.weight receives a shape [9, 32], but the expected shape is [14, 32].
  warnings.warn(f"Skip loading for {key}. " + str(err))
/root/data1/miniconda3/envs/GEM/lib/python3.7/site-packages/paddle/nn/layer/layers.py:1897: UserWarning: Skip loading for init_atom_embedding.embed_list.6.weight. init_atom_embedding.embed_list.6.weight receives a shape [13, 32], but the expected shape is [14, 32].
  warnings.warn(f"Skip loading for {key}. " + str(err))
epoch: 1/200, train_loss: 0.7901769501191599, train r2: 0.24131929715229306, valid r2: 0.4538338109721659, test r2: 0.14536223594284303
epoch: 2/200, train_loss: 0.7022904047259578, train r2: 0.29882362966528264, valid r2: 0.4819270507000887, test r2: 0.3558490016503103
epoch: 3/200, train_loss: 0.6633954114384122, train r2: 0.33808981810677197, valid r2: 0.4286226766843847, test r2: 0.3318310333137512
out of counter-1
epoch: 4/200, train_loss: 0.6403012639946408, train r2: 0.3850968593011864, valid r2: 0.47634393893408566, test r2: 0.430961946277021
out of counter-2
epoch: 5/200, train_loss: 0.6256296546370895, train r2: 0.349019947548454, valid r2: 0.43260507805364, test r2: 0.3066680550235916
out of counter-3
epoch: 6/200, train_loss: 0.6329414071860137, train r2: 0.2781783195810792, valid r2: 0.3949981479097582, test r2: 0.37630942092877895
out of counter-4
epoch: 7/200, train_loss: 0.6299623626249807, train r2: 0.32080048958721485, valid r2: 0.4535749468242627, test r2: 0.3932968988619372
out of counter-5
epoch: 8/200, train_loss: 0.5901999374230703, train r2: 0.441252588520219, valid r2: 0.43872703442938443, test r2: 0.20284955742609012
out of counter-6
epoch: 9/200, train_loss: 0.5810361670123206, train r2: 0.44617210351375314, valid r2: 0.46092736507120724, test r2: 0.43630286000449003
out of counter-7
epoch: 10/200, train_loss: 0.5670903148474516, train r2: 0.4534590520702261, valid r2: 0.4759491051202863, test r2: 0.2340806548498724
out of counter-8
epoch: 11/200, train_loss: 0.5617956949604882, train r2: 0.43580982725906325, valid r2: 0.41930671363988425, test r2: 0.40717226704508414
out of counter-9
epoch: 12/200, train_loss: 0.5663465228345659, train r2: 0.4773797224495685, valid r2: 0.48541332936619785, test r2: 0.447699324782488
epoch: 13/200, train_loss: 0.5643753619105728, train r2: 0.48770177164858486, valid r2: 0.44106368245889016, test r2: 0.30283650896869296
out of counter-1
epoch: 14/200, train_loss: 0.5535036259227328, train r2: 0.5257923348084867, valid r2: 0.5126124045284068, test r2: 0.41398291720301683
epoch: 15/200, train_loss: 0.536948460119742, train r2: 0.511990685659857, valid r2: 0.5028644333783747, test r2: 0.4311496458769033
out of counter-1
epoch: 16/200, train_loss: 0.5358538682813998, train r2: 0.5455282954602927, valid r2: 0.5342088871832138, test r2: 0.35726529483058145
epoch: 17/200, train_loss: 0.5178930671126755, train r2: 0.5255354930956324, valid r2: 0.4311073087789006, test r2: 0.3016980692252771
out of counter-1
epoch: 18/200, train_loss: 0.5207027892271677, train r2: 0.5111486549139918, valid r2: 0.5022582563109996, test r2: 0.39655517644396765
out of counter-2
epoch: 19/200, train_loss: 0.5172458147561109, train r2: 0.5809176636059221, valid r2: 0.481744022568641, test r2: 0.3793918134315192
out of counter-3
epoch: 20/200, train_loss: 0.5127104730517776, train r2: 0.5737988790365703, valid r2: 0.5112605771606894, test r2: 0.3307229984051605
out of counter-4
epoch: 21/200, train_loss: 0.5057620626908762, train r2: 0.5835058937307169, valid r2: 0.4994392461758962, test r2: 0.4338636378018178
out of counter-5
epoch: 22/200, train_loss: 0.5105849206447601, train r2: 0.580376762319598, valid r2: 0.5086672695640309, test r2: 0.3902217064426945
out of counter-6
epoch: 23/200, train_loss: 0.48935489963602136, train r2: 0.6133834415675701, valid r2: 0.5096373684206201, test r2: 0.4150985625017074
out of counter-7
epoch: 24/200, train_loss: 0.49569443420127585, train r2: 0.6126138608844494, valid r2: 0.4338187802287985, test r2: 0.3872715080967124
out of counter-8
epoch: 25/200, train_loss: 0.503570149342219, train r2: 0.6037352459883094, valid r2: 0.5479564251807709, test r2: 0.4216486756590989
epoch: 26/200, train_loss: 0.4960475773723037, train r2: 0.6015367669504144, valid r2: 0.528666402717564, test r2: 0.4241949820614058
out of counter-1
epoch: 27/200, train_loss: 0.4863317244582706, train r2: 0.6172342487101566, valid r2: 0.48565244955382536, test r2: 0.37318636501542846
out of counter-2
epoch: 28/200, train_loss: 0.49435077442063224, train r2: 0.6315434080680729, valid r2: 0.5030553778715812, test r2: 0.276988443510768
out of counter-3
epoch: 29/200, train_loss: 0.4834946162170834, train r2: 0.6466349128465624, valid r2: 0.5480479135589493, test r2: 0.4333340956813172
epoch: 30/200, train_loss: 0.47625024892665724, train r2: 0.6024435948178006, valid r2: 0.38347769303195534, test r2: 0.3164897718072427
out of counter-1
epoch: 31/200, train_loss: 0.48877785603205365, train r2: 0.5948822809437779, valid r2: 0.45251026576098397, test r2: 0.3965306816207944
out of counter-2
epoch: 32/200, train_loss: 0.4835271614569205, train r2: 0.6346944821087364, valid r2: 0.46997788184437383, test r2: 0.2983647098812158
out of counter-3
epoch: 33/200, train_loss: 0.4696432484520806, train r2: 0.6268688560299894, valid r2: 0.40873001744842463, test r2: 0.26631715357207597
out of counter-4
epoch: 34/200, train_loss: 0.481931632315671, train r2: 0.6699791738292378, valid r2: 0.5157596092215121, test r2: 0.4798046263705634
out of counter-5
epoch: 35/200, train_loss: 0.4712255674379843, train r2: 0.6106314653689975, valid r2: 0.4463134394038063, test r2: 0.5365871691781563
out of counter-6
epoch: 36/200, train_loss: 0.46956954178986726, train r2: 0.6456656616038843, valid r2: 0.45388114104824706, test r2: 0.48589466114651136
out of counter-7
epoch: 37/200, train_loss: 0.4589141231996042, train r2: 0.6731629523271618, valid r2: 0.5392449834124875, test r2: 0.5020219968433677
out of counter-8
epoch: 38/200, train_loss: 0.4480827605282819, train r2: 0.6741862760019963, valid r2: 0.5062671562334984, test r2: 0.42082988642021124
out of counter-9
epoch: 39/200, train_loss: 0.4520826185191119, train r2: 0.6700447888941662, valid r2: 0.40453298281678485, test r2: 0.43609447694543524
out of counter-10
epoch: 40/200, train_loss: 0.4435466737658889, train r2: 0.6929956846061264, valid r2: 0.4187579631056092, test r2: 0.40517316628007005
out of counter-11
epoch: 41/200, train_loss: 0.4372307426399655, train r2: 0.6926229893769423, valid r2: 0.42576850827109824, test r2: 0.49329955782856205
out of counter-12
epoch: 42/200, train_loss: 0.44341610537634957, train r2: 0.7065256561801211, valid r2: 0.4335519866860079, test r2: 0.38776980269384864
out of counter-13
epoch: 43/200, train_loss: 0.4292954007784526, train r2: 0.7034501047896069, valid r2: 0.3754837780611662, test r2: 0.49903067018185465
out of counter-14
epoch: 44/200, train_loss: 0.43391181583757754, train r2: 0.6968753566911062, valid r2: 0.42333245345709913, test r2: 0.4716350107053845
out of counter-15
epoch: 45/200, train_loss: 0.44246155575469687, train r2: 0.7071793664614759, valid r2: 0.3737401814497453, test r2: 0.3944591450367393
out of counter-16
epoch: 46/200, train_loss: 0.42664895455042523, train r2: 0.7227059656396074, valid r2: 0.4598191676724904, test r2: 0.45198558143853407
out of counter-17
epoch: 47/200, train_loss: 0.42728837331136066, train r2: 0.7215157300125918, valid r2: 0.40615951533015326, test r2: 0.3251556620642251
out of counter-18
epoch: 48/200, train_loss: 0.3966375986735026, train r2: 0.715637312836743, valid r2: 0.4536663033292526, test r2: 0.45113580994072966
out of counter-19
epoch: 49/200, train_loss: 0.4190348839318311, train r2: 0.7174578232922015, valid r2: 0.5190926535439332, test r2: 0.3990390640026157
out of counter-20
out of patience-20!
Time used on VDss_Perimeter_2054: 1:4:36
Current seed: 2064, current split method: Perimeter, current task: VDss
Result no existed!
[INFO] 2025-04-19 05:00:58,507 [mp_reader.py:   24]:	ujson not install, fail back to use json instead
W0419 05:00:59.659206 2569760 gpu_resources.cc:119] Please NOTE: device: 0, GPU Compute Capability: 8.9, Driver API Version: 12.2, Runtime API Version: 11.7
W0419 05:00:59.665597 2569760 gpu_resources.cc:149] device: 0, cuDNN Version: 8.2.
Namespace(batch_size=32, compound_encoder_config='model_configs/geognn_l8.json', data_name='VDss_Perimeter_2064', data_path='./data/raw_data', dropout_rate=0.2, encoder_lr=0.001, group_data_path='./data/group', head_lr=0.001, init_model='./pretrain_models-chemrl_gem/regr.pdparams', max_epoch=200, model_config='model_configs/down_mlp2.json', model_dir='./model_extra', num_workers=32, output_dir='./prediction_extra', processed_data_path='./data/processed_data', task='train', task_name='VDss')
current seed: 2024
model_config:
{'layer_num': 2, 'hidden_size': 128, 'dropout_rate': 0.2, 'act': 'leaky_relu', 'task_type': 'regr', 'num_tasks': 1}
[GeoGNNModel] embed_dim:32
[GeoGNNModel] dropout_rate:0.2
[GeoGNNModel] layer_num:8
[GeoGNNModel] readout:mean
[GeoGNNModel] atom_names:['atomic_num', 'formal_charge', 'degree', 'chiral_tag', 'total_numHs', 'is_aromatic', 'hybridization']
[GeoGNNModel] bond_names:['bond_dir', 'bond_type', 'is_in_ring']
[GeoGNNModel] bond_float_names:['bond_length']
[GeoGNNModel] bond_angle_float_names:['bond_angle']
Total param num: 170
Encoder param num: 164
Head param num: 6
Load state_dict from ./pretrain_models-chemrl_gem/regr.pdparams
Read preprocessing data...
Train/Valid/Test num: 844/136/112
Train mean/std/min/max 0.02876628443601895/0.6559275861149143/-2.0/2.84509804
Valid mean/std/min/max 0.16583573839705884/0.5740821801899822/-0.958607315/1.648360011
Test mean/std/min/max -0.17586154855357145/0.6506058035829237/-1.301029996/1.72916479
/root/data1/miniconda3/envs/GEM/lib/python3.7/site-packages/paddle/nn/layer/layers.py:1897: UserWarning: Skip loading for init_atom_embedding.embed_list.3.weight. init_atom_embedding.embed_list.3.weight receives a shape [9, 32], but the expected shape is [14, 32].
  warnings.warn(f"Skip loading for {key}. " + str(err))
/root/data1/miniconda3/envs/GEM/lib/python3.7/site-packages/paddle/nn/layer/layers.py:1897: UserWarning: Skip loading for init_atom_embedding.embed_list.6.weight. init_atom_embedding.embed_list.6.weight receives a shape [13, 32], but the expected shape is [14, 32].
  warnings.warn(f"Skip loading for {key}. " + str(err))
epoch: 1/200, train_loss: 0.7609005799660316, train r2: 0.27592709333412946, valid r2: 0.2649511215912175, test r2: 0.09140305462145237
epoch: 2/200, train_loss: 0.6654227513533372, train r2: 0.28694867147638403, valid r2: 0.3607164476322934, test r2: 0.17402188345024538
epoch: 3/200, train_loss: 0.6345697824771588, train r2: 0.3810579208837278, valid r2: 0.3528421136943769, test r2: 0.18445590257193345
out of counter-1
epoch: 4/200, train_loss: 0.6150587923251666, train r2: 0.3716554466197175, valid r2: 0.33644130045583376, test r2: 0.24447208056067304
out of counter-2
epoch: 5/200, train_loss: 0.6210661163696876, train r2: 0.4432755607659298, valid r2: 0.3735122794734004, test r2: 0.2288905391698517
epoch: 6/200, train_loss: 0.591138617350505, train r2: 0.46611609929247133, valid r2: 0.4415799526083456, test r2: 0.3995584359442802
epoch: 7/200, train_loss: 0.5671870582378827, train r2: 0.44977671794175833, valid r2: 0.36747241063652414, test r2: 0.2613138961051549
out of counter-1
epoch: 8/200, train_loss: 0.571240498469426, train r2: 0.4788980273822322, valid r2: 0.4036796513892721, test r2: 0.28092651589987827
out of counter-2
epoch: 9/200, train_loss: 0.563756348995062, train r2: 0.5238589986825295, valid r2: 0.469084029199865, test r2: 0.3884732724456622
epoch: 10/200, train_loss: 0.5424624864871685, train r2: 0.2836970553794058, valid r2: 0.03922198339612548, test r2: -0.0018387543219120506
out of counter-1
epoch: 11/200, train_loss: 0.5594147993968084, train r2: 0.5264530349902488, valid r2: 0.45607494084143796, test r2: 0.27320323060292706
out of counter-2
epoch: 12/200, train_loss: 0.5479988146286744, train r2: 0.541718721788621, valid r2: 0.48584717273468636, test r2: 0.4082329095187026
epoch: 13/200, train_loss: 0.5324136098990073, train r2: 0.5554899792453507, valid r2: 0.43733488090578243, test r2: 0.25601318553867347
out of counter-1
epoch: 14/200, train_loss: 0.5454605852182095, train r2: 0.5479448160185467, valid r2: 0.49966329681810506, test r2: 0.42779194680744104
epoch: 15/200, train_loss: 0.5206713447204003, train r2: 0.5677065432603865, valid r2: 0.5197269438743248, test r2: 0.31928868381450326
epoch: 16/200, train_loss: 0.5077563764957281, train r2: 0.5875753073761922, valid r2: 0.5063609069689476, test r2: 0.32071460470120805
out of counter-1
epoch: 17/200, train_loss: 0.5236261108746896, train r2: 0.5947252825557204, valid r2: 0.48596209578223215, test r2: 0.3973484833957991
out of counter-2
epoch: 18/200, train_loss: 0.4918816846150618, train r2: 0.5804824183507593, valid r2: 0.47830922855449587, test r2: 0.42190419180973604
out of counter-3
epoch: 19/200, train_loss: 0.5194341471562018, train r2: 0.5982029468837259, valid r2: 0.4727348558426686, test r2: 0.4430536892416721
out of counter-4
epoch: 20/200, train_loss: 0.4800807684659958, train r2: 0.5636306093607094, valid r2: 0.4060454309917102, test r2: 0.3542784691217785
out of counter-5
epoch: 21/200, train_loss: 0.5018958724462069, train r2: 0.6115927404227861, valid r2: 0.48891332317319247, test r2: 0.3065526739067449
out of counter-6
epoch: 22/200, train_loss: 0.5062480087463672, train r2: 0.5850338149545415, valid r2: 0.4409599082081882, test r2: 0.24688825316414675
out of counter-7
epoch: 23/200, train_loss: 0.4724323715154941, train r2: 0.573068304529054, valid r2: 0.4746141117816264, test r2: 0.3209738252159564
out of counter-8
epoch: 24/200, train_loss: 0.4862475899549631, train r2: 0.6155332990327967, valid r2: 0.48490002547190847, test r2: 0.44354609605827866
out of counter-9
epoch: 25/200, train_loss: 0.48606548401025623, train r2: 0.6226482504923456, valid r2: 0.502004471737336, test r2: 0.4168743689986196
out of counter-10
epoch: 26/200, train_loss: 0.46175426932481617, train r2: 0.625617737055673, valid r2: 0.4727255931774459, test r2: 0.2673561918427918
out of counter-11
epoch: 27/200, train_loss: 0.45515597554353565, train r2: 0.6333622282330932, valid r2: 0.4729820090724711, test r2: 0.28941488252602576
out of counter-12
epoch: 28/200, train_loss: 0.4660575825434465, train r2: 0.6195413325008006, valid r2: 0.4482279275245181, test r2: 0.26108249698311836
out of counter-13
epoch: 29/200, train_loss: 0.4506546671573932, train r2: 0.659303102748568, valid r2: 0.4628622557731339, test r2: 0.4093782953783973
out of counter-14
epoch: 30/200, train_loss: 0.4623765635948915, train r2: 0.6497376699416859, valid r2: 0.48095363403739444, test r2: 0.28295556624521756
out of counter-15
epoch: 31/200, train_loss: 0.44599507175959074, train r2: 0.6470548995799288, valid r2: 0.466983896367527, test r2: 0.3947284756099205
out of counter-16
epoch: 32/200, train_loss: 0.4553910493850708, train r2: 0.6553524874649183, valid r2: 0.48676853417354593, test r2: 0.4589761822714076
out of counter-17
epoch: 33/200, train_loss: 0.44040610125431645, train r2: 0.6597572734151048, valid r2: 0.3565913317853744, test r2: 0.3193596091791312
out of counter-18
epoch: 34/200, train_loss: 0.4558712484744879, train r2: 0.6712220656501116, valid r2: 0.44773391613816815, test r2: 0.3261207215537768
out of counter-19
epoch: 35/200, train_loss: 0.44446026935027194, train r2: 0.6725032206551227, valid r2: 0.4909916273175373, test r2: 0.35280193778299584
out of counter-20
out of patience-20!
current seed: 2034
model_config:
{'layer_num': 2, 'hidden_size': 128, 'dropout_rate': 0.2, 'act': 'leaky_relu', 'task_type': 'regr', 'num_tasks': 1}
[GeoGNNModel] embed_dim:32
[GeoGNNModel] dropout_rate:0.2
[GeoGNNModel] layer_num:8
[GeoGNNModel] readout:mean
[GeoGNNModel] atom_names:['atomic_num', 'formal_charge', 'degree', 'chiral_tag', 'total_numHs', 'is_aromatic', 'hybridization']
[GeoGNNModel] bond_names:['bond_dir', 'bond_type', 'is_in_ring']
[GeoGNNModel] bond_float_names:['bond_length']
[GeoGNNModel] bond_angle_float_names:['bond_angle']
Total param num: 170
Encoder param num: 164
Head param num: 6
Load state_dict from ./pretrain_models-chemrl_gem/regr.pdparams
Read preprocessing data...
Train/Valid/Test num: 844/136/112
Train mean/std/min/max 0.02876628443601895/0.6559275861149143/-2.0/2.84509804
Valid mean/std/min/max 0.16583573839705884/0.5740821801899822/-0.958607315/1.648360011
Test mean/std/min/max -0.17586154855357145/0.6506058035829237/-1.301029996/1.72916479
/root/data1/miniconda3/envs/GEM/lib/python3.7/site-packages/paddle/nn/layer/layers.py:1897: UserWarning: Skip loading for init_atom_embedding.embed_list.3.weight. init_atom_embedding.embed_list.3.weight receives a shape [9, 32], but the expected shape is [14, 32].
  warnings.warn(f"Skip loading for {key}. " + str(err))
/root/data1/miniconda3/envs/GEM/lib/python3.7/site-packages/paddle/nn/layer/layers.py:1897: UserWarning: Skip loading for init_atom_embedding.embed_list.6.weight. init_atom_embedding.embed_list.6.weight receives a shape [13, 32], but the expected shape is [14, 32].
  warnings.warn(f"Skip loading for {key}. " + str(err))
epoch: 1/200, train_loss: 0.7817607017663809, train r2: 0.20497809331962202, valid r2: 0.1116395124002717, test r2: 0.10389782533891756
epoch: 2/200, train_loss: 0.7182175310758444, train r2: 0.2258196433612879, valid r2: 0.07521531657096003, test r2: 0.06083945680796765
out of counter-1
epoch: 3/200, train_loss: 0.6666541042236181, train r2: 0.3386642259346133, valid r2: 0.2908570601641225, test r2: 0.12510297011780103
epoch: 4/200, train_loss: 0.6428996886198337, train r2: 0.3590220356615874, valid r2: 0.23966872916717374, test r2: 0.09482985226582641
out of counter-1
epoch: 5/200, train_loss: 0.6239507771455325, train r2: 0.42540418831480875, valid r2: 0.32204332998892615, test r2: 0.264332259860972
epoch: 6/200, train_loss: 0.5996687572736007, train r2: 0.43896902157533746, valid r2: 0.38063780228420074, test r2: 0.2995284161860372
epoch: 7/200, train_loss: 0.5895061630469102, train r2: 0.4265614429966995, valid r2: 0.4499787508592159, test r2: 0.32818351684238123
epoch: 8/200, train_loss: 0.5837993759375352, train r2: 0.4599648064878368, valid r2: 0.41595036360408344, test r2: 0.34095657524561407
out of counter-1
epoch: 9/200, train_loss: 0.5666048240203124, train r2: 0.4756588966977593, valid r2: 0.39698346997518075, test r2: 0.3383979452018582
out of counter-2
epoch: 10/200, train_loss: 0.5660728789292849, train r2: 0.48055474026194933, valid r2: 0.4248399147747689, test r2: 0.27965414504356756
out of counter-3
epoch: 11/200, train_loss: 0.5392070275086623, train r2: 0.5211282546112666, valid r2: 0.44436470051363963, test r2: 0.38851387952737026
out of counter-4
epoch: 12/200, train_loss: 0.5384238167450979, train r2: 0.5196198458333434, valid r2: 0.4268318056108098, test r2: 0.3727848890153649
out of counter-5
epoch: 13/200, train_loss: 0.539976764183778, train r2: 0.4601300434540285, valid r2: 0.4246996303668863, test r2: 0.3072896151883485
out of counter-6
epoch: 14/200, train_loss: 0.52692934182974, train r2: 0.5455544462088102, valid r2: 0.47664826464702903, test r2: 0.4395247673737992
epoch: 15/200, train_loss: 0.5137108438290082, train r2: 0.557360034061264, valid r2: 0.46831084591334626, test r2: 0.43063312191827385
out of counter-1
epoch: 16/200, train_loss: 0.5301945954561234, train r2: 0.5156026433419578, valid r2: 0.4179578522804043, test r2: 0.33098619114819827
out of counter-2
epoch: 17/200, train_loss: 0.5228298512788919, train r2: 0.5037629513137555, valid r2: 0.36459013237143134, test r2: 0.2410551535094413
out of counter-3
epoch: 18/200, train_loss: 0.511615860920686, train r2: 0.5653623393814915, valid r2: 0.4265338738891845, test r2: 0.45272061988943224
out of counter-4
epoch: 19/200, train_loss: 0.5180402100086212, train r2: 0.5569584712628716, valid r2: 0.40245477777507455, test r2: 0.363184850277778
out of counter-5
epoch: 20/200, train_loss: 0.5079762236430094, train r2: 0.5017125340613382, valid r2: 0.4553968494056235, test r2: 0.5231911637944348
out of counter-6
epoch: 21/200, train_loss: 0.513240301838288, train r2: 0.5828446410751007, valid r2: 0.4128035140713714, test r2: 0.423019992063156
out of counter-7
epoch: 22/200, train_loss: 0.498836766068752, train r2: 0.601339912850745, valid r2: 0.43706156025150833, test r2: 0.4163894532727511
out of counter-8
epoch: 23/200, train_loss: 0.5059700722877796, train r2: 0.5827115119302961, valid r2: 0.4095697628010142, test r2: 0.5122955446327456
out of counter-9
epoch: 24/200, train_loss: 0.5088067054748535, train r2: 0.5865549881851043, valid r2: 0.43979261973848693, test r2: 0.38754045755947897
out of counter-10
epoch: 25/200, train_loss: 0.48315263940737796, train r2: 0.5020505953536455, valid r2: 0.3533830299465325, test r2: 0.366375200738732
out of counter-11
epoch: 26/200, train_loss: 0.5044735062580842, train r2: 0.619955754825035, valid r2: 0.48068822035946324, test r2: 0.4545991010868764
epoch: 27/200, train_loss: 0.477531665792832, train r2: 0.6327056013741997, valid r2: 0.39137124741729323, test r2: 0.41672345685969703
out of counter-1
epoch: 28/200, train_loss: 0.46105406949153316, train r2: 0.5899697905018122, valid r2: 0.4748506813308486, test r2: 0.3972639640248028
out of counter-2
epoch: 29/200, train_loss: 0.4964664028241084, train r2: 0.6029880702634335, valid r2: 0.3970226027779249, test r2: 0.4399222684811336
out of counter-3
epoch: 30/200, train_loss: 0.47510747382274043, train r2: 0.6346015582609332, valid r2: 0.4632054537611169, test r2: 0.409586989898573
out of counter-4
epoch: 31/200, train_loss: 0.46101810381962705, train r2: 0.6221105417388144, valid r2: 0.38434129406211115, test r2: 0.28782935338139826
out of counter-5
epoch: 32/200, train_loss: 0.4426586708197227, train r2: 0.6593370998539171, valid r2: 0.4166416210550824, test r2: 0.47126542956081596
out of counter-6
epoch: 33/200, train_loss: 0.44975951657845425, train r2: 0.6608624210418997, valid r2: 0.4446869553365741, test r2: 0.3829568935910084
out of counter-7
epoch: 34/200, train_loss: 0.46710993349552155, train r2: 0.6388775992415421, valid r2: 0.5055176560718296, test r2: 0.42109462180275214
epoch: 35/200, train_loss: 0.45564042719510883, train r2: 0.6561067058711116, valid r2: 0.4304816267050703, test r2: 0.3425493991297557
out of counter-1
epoch: 36/200, train_loss: 0.46726295810479385, train r2: 0.6739379751516517, valid r2: 0.41230477135194477, test r2: 0.44466802945745076
out of counter-2
epoch: 37/200, train_loss: 0.44771974132611203, train r2: 0.6397222714530708, valid r2: 0.40599172968676156, test r2: 0.5055190590431542
out of counter-3
epoch: 38/200, train_loss: 0.4492748517256517, train r2: 0.6665451192916186, valid r2: 0.3771474101721626, test r2: 0.39907148456106833
out of counter-4
epoch: 39/200, train_loss: 0.44857664750172543, train r2: 0.6788102500392958, valid r2: 0.4923275865367709, test r2: 0.3657211729566139
out of counter-5
epoch: 40/200, train_loss: 0.4282156744828591, train r2: 0.6882174470855629, valid r2: 0.4167480640253177, test r2: 0.37560079529066304
out of counter-6
epoch: 41/200, train_loss: 0.4318942530797078, train r2: 0.6931632678118614, valid r2: 0.4038466256293959, test r2: 0.4195082728867857
out of counter-7
epoch: 42/200, train_loss: 0.4136502272807635, train r2: 0.6795359064207575, valid r2: 0.4950604569248229, test r2: 0.4327241306344344
out of counter-8
epoch: 43/200, train_loss: 0.4333656487556604, train r2: 0.6827423288318795, valid r2: 0.38533689387078096, test r2: 0.3098754966431173
out of counter-9
epoch: 44/200, train_loss: 0.42001836001873016, train r2: 0.6903689139037456, valid r2: 0.39879016867525585, test r2: 0.3760364658197909
out of counter-10
epoch: 45/200, train_loss: 0.42145765171601224, train r2: 0.7056643468942458, valid r2: 0.42402495295980847, test r2: 0.48242830354788213
out of counter-11
epoch: 46/200, train_loss: 0.43518876227048725, train r2: 0.7169806439628621, valid r2: 0.4065951146044102, test r2: 0.4001588234225465
out of counter-12
epoch: 47/200, train_loss: 0.4296510804157991, train r2: 0.7169162026536182, valid r2: 0.408471616675823, test r2: 0.42316251607169697
out of counter-13
epoch: 48/200, train_loss: 0.4288701151426022, train r2: 0.6955135885912878, valid r2: 0.4463848817199648, test r2: 0.39233963939201344
out of counter-14
epoch: 49/200, train_loss: 0.4240838289260864, train r2: 0.6985424763886154, valid r2: 0.35022629605641775, test r2: 0.3916667639711856
out of counter-15
epoch: 50/200, train_loss: 0.398063878600414, train r2: 0.7355551730352992, valid r2: 0.43230413315717053, test r2: 0.38791847266275736
out of counter-16
epoch: 51/200, train_loss: 0.38758611793701464, train r2: 0.7322782261258591, valid r2: 0.4307190530056988, test r2: 0.37481678805991225
out of counter-17
epoch: 52/200, train_loss: 0.4100044220685959, train r2: 0.7217735801723669, valid r2: 0.4147644377645262, test r2: 0.3921302805655489
out of counter-18
epoch: 53/200, train_loss: 0.3956783700447816, train r2: 0.7335968750499935, valid r2: 0.4273546010250705, test r2: 0.3180271258507632
out of counter-19
epoch: 54/200, train_loss: 0.40623345971107483, train r2: 0.7231345400661892, valid r2: 0.34340132972799775, test r2: 0.44678116964810377
out of counter-20
out of patience-20!
current seed: 2044
model_config:
{'layer_num': 2, 'hidden_size': 128, 'dropout_rate': 0.2, 'act': 'leaky_relu', 'task_type': 'regr', 'num_tasks': 1}
[GeoGNNModel] embed_dim:32
[GeoGNNModel] dropout_rate:0.2
[GeoGNNModel] layer_num:8
[GeoGNNModel] readout:mean
[GeoGNNModel] atom_names:['atomic_num', 'formal_charge', 'degree', 'chiral_tag', 'total_numHs', 'is_aromatic', 'hybridization']
[GeoGNNModel] bond_names:['bond_dir', 'bond_type', 'is_in_ring']
[GeoGNNModel] bond_float_names:['bond_length']
[GeoGNNModel] bond_angle_float_names:['bond_angle']
Total param num: 170
Encoder param num: 164
Head param num: 6
Load state_dict from ./pretrain_models-chemrl_gem/regr.pdparams
Read preprocessing data...
Train/Valid/Test num: 844/136/112
Train mean/std/min/max 0.02876628443601895/0.6559275861149143/-2.0/2.84509804
Valid mean/std/min/max 0.16583573839705884/0.5740821801899822/-0.958607315/1.648360011
Test mean/std/min/max -0.17586154855357145/0.6506058035829237/-1.301029996/1.72916479
/root/data1/miniconda3/envs/GEM/lib/python3.7/site-packages/paddle/nn/layer/layers.py:1897: UserWarning: Skip loading for init_atom_embedding.embed_list.3.weight. init_atom_embedding.embed_list.3.weight receives a shape [9, 32], but the expected shape is [14, 32].
  warnings.warn(f"Skip loading for {key}. " + str(err))
/root/data1/miniconda3/envs/GEM/lib/python3.7/site-packages/paddle/nn/layer/layers.py:1897: UserWarning: Skip loading for init_atom_embedding.embed_list.6.weight. init_atom_embedding.embed_list.6.weight receives a shape [13, 32], but the expected shape is [14, 32].
  warnings.warn(f"Skip loading for {key}. " + str(err))
epoch: 1/200, train_loss: 0.8032194628165319, train r2: 0.14773843320602786, valid r2: 0.013791399861426301, test r2: 0.014460260322730734
epoch: 2/200, train_loss: 0.697287591604086, train r2: 0.3090460572209397, valid r2: 0.23864102165827528, test r2: 0.0946342025794239
epoch: 3/200, train_loss: 0.6723004625393794, train r2: 0.31913748405742715, valid r2: 0.22821429819778538, test r2: 0.15514173101554618
out of counter-1
epoch: 4/200, train_loss: 0.6280012245361621, train r2: 0.3855012228728454, valid r2: 0.3819818277124005, test r2: 0.21451312728426708
epoch: 5/200, train_loss: 0.6221668628545908, train r2: 0.35965755659120746, valid r2: 0.19211789930495382, test r2: 0.042952946322198926
out of counter-1
epoch: 6/200, train_loss: 0.6026800664571615, train r2: 0.45235742997252715, valid r2: 0.34018572481109677, test r2: 0.176448867055907
out of counter-2
epoch: 7/200, train_loss: 0.5756599031961881, train r2: 0.45047731015649584, valid r2: 0.40119561738255405, test r2: 0.3092031719845352
epoch: 8/200, train_loss: 0.5747897372795985, train r2: 0.485713362785526, valid r2: 0.42655047580429295, test r2: 0.26030487598187935
epoch: 9/200, train_loss: 0.5648528394790796, train r2: 0.4125550002651319, valid r2: 0.27241157358809265, test r2: 0.14831409027078812
out of counter-1
epoch: 10/200, train_loss: 0.5534095775622588, train r2: 0.47717403167742944, valid r2: 0.463236266191841, test r2: 0.36219320025888146
epoch: 11/200, train_loss: 0.5495321406767919, train r2: 0.5102220709091749, valid r2: 0.4369975121186289, test r2: 0.3434075382764169
out of counter-1
epoch: 12/200, train_loss: 0.5412802134568875, train r2: 0.5248889294638117, valid r2: 0.4447768046753503, test r2: 0.3869423014294413
out of counter-2
epoch: 13/200, train_loss: 0.528349580673071, train r2: 0.5253781626764851, valid r2: 0.4641292659956998, test r2: 0.3695134437491442
epoch: 14/200, train_loss: 0.5298178356427413, train r2: 0.5407726822636041, valid r2: 0.4437258869258789, test r2: 0.2433911714236846
out of counter-1
epoch: 15/200, train_loss: 0.5096634328365326, train r2: 0.5472689971661149, valid r2: 0.4020080762548135, test r2: 0.30228217677487124
out of counter-2
epoch: 16/200, train_loss: 0.5101706213676013, train r2: 0.48452475587548216, valid r2: 0.46298880384274155, test r2: 0.2854213868384514
out of counter-3
epoch: 17/200, train_loss: 0.5313851466545692, train r2: 0.5790365261569386, valid r2: 0.49993640370181913, test r2: 0.4254743287771884
epoch: 18/200, train_loss: 0.5067116216971324, train r2: 0.5795788668108781, valid r2: 0.46118651282660483, test r2: 0.35216997506169223
out of counter-1
epoch: 19/200, train_loss: 0.5168936665241535, train r2: 0.5150365409745108, valid r2: 0.2789685032754303, test r2: 0.14087051142714935
out of counter-2
epoch: 20/200, train_loss: 0.4964813979772421, train r2: 0.5637196706942075, valid r2: 0.4621122994665955, test r2: 0.3527174438403258
out of counter-3
epoch: 21/200, train_loss: 0.49846826379115766, train r2: 0.5857830555216608, valid r2: 0.4635346233952248, test r2: 0.45021064164349733
out of counter-4
epoch: 22/200, train_loss: 0.4800198032305791, train r2: 0.5805848206850881, valid r2: 0.43292129328316464, test r2: 0.34655838624157964
out of counter-5
epoch: 23/200, train_loss: 0.476547441803492, train r2: 0.6101285189077944, valid r2: 0.49209342739233686, test r2: 0.43810170495840983
out of counter-6
epoch: 24/200, train_loss: 0.46655855958278364, train r2: 0.594195270390917, valid r2: 0.4393444260377637, test r2: 0.3291287578164278
out of counter-7
epoch: 25/200, train_loss: 0.47557929158210754, train r2: 0.5980814412034132, valid r2: 0.44334342318914366, test r2: 0.2758949369633986
out of counter-8
epoch: 26/200, train_loss: 0.4536440017131659, train r2: 0.6290047694558878, valid r2: 0.4372522648207342, test r2: 0.3151409903496981
out of counter-9
epoch: 27/200, train_loss: 0.463853833767084, train r2: 0.6305831135880138, valid r2: 0.4041054010161139, test r2: 0.3373396756521062
out of counter-10
epoch: 28/200, train_loss: 0.45459050283982205, train r2: 0.6521013872982029, valid r2: 0.46418920204662495, test r2: 0.3805562369025509
out of counter-11
epoch: 29/200, train_loss: 0.45629123541025013, train r2: 0.6632852557581397, valid r2: 0.4484755714303451, test r2: 0.4127143055178999
out of counter-12
epoch: 30/200, train_loss: 0.45164099908792055, train r2: 0.6538667305563206, valid r2: 0.4673439306680779, test r2: 0.46836697906590197
out of counter-13
epoch: 31/200, train_loss: 0.4501426976460677, train r2: 0.6675126357550187, valid r2: 0.468054354237446, test r2: 0.3563006947826467
out of counter-14
epoch: 32/200, train_loss: 0.4471647280913133, train r2: 0.6731625680184143, valid r2: 0.43902353460588084, test r2: 0.43295173821685407
out of counter-15
epoch: 33/200, train_loss: 0.43909841088148266, train r2: 0.6595096368388804, valid r2: 0.3831004438649652, test r2: 0.24344582482110944
out of counter-16
epoch: 34/200, train_loss: 0.4497483109052365, train r2: 0.6280133628025256, valid r2: 0.35391842860073497, test r2: 0.21960186323692332
out of counter-17
epoch: 35/200, train_loss: 0.4369007990910457, train r2: 0.6734593563030085, valid r2: 0.3714809591870024, test r2: 0.3699990483761487
out of counter-18
epoch: 36/200, train_loss: 0.4240589594611755, train r2: 0.6791014462657476, valid r2: 0.433459894530952, test r2: 0.33296704663887
out of counter-19
epoch: 37/200, train_loss: 0.4261704007020363, train r2: 0.6837142950470013, valid r2: 0.4100985245997879, test r2: 0.404870638098933
out of counter-20
out of patience-20!
current seed: 2054
model_config:
{'layer_num': 2, 'hidden_size': 128, 'dropout_rate': 0.2, 'act': 'leaky_relu', 'task_type': 'regr', 'num_tasks': 1}
[GeoGNNModel] embed_dim:32
[GeoGNNModel] dropout_rate:0.2
[GeoGNNModel] layer_num:8
[GeoGNNModel] readout:mean
[GeoGNNModel] atom_names:['atomic_num', 'formal_charge', 'degree', 'chiral_tag', 'total_numHs', 'is_aromatic', 'hybridization']
[GeoGNNModel] bond_names:['bond_dir', 'bond_type', 'is_in_ring']
[GeoGNNModel] bond_float_names:['bond_length']
[GeoGNNModel] bond_angle_float_names:['bond_angle']
Total param num: 170
Encoder param num: 164
Head param num: 6
Load state_dict from ./pretrain_models-chemrl_gem/regr.pdparams
Read preprocessing data...
Train/Valid/Test num: 844/136/112
Train mean/std/min/max 0.02876628443601895/0.6559275861149143/-2.0/2.84509804
Valid mean/std/min/max 0.16583573839705884/0.5740821801899822/-0.958607315/1.648360011
Test mean/std/min/max -0.17586154855357145/0.6506058035829237/-1.301029996/1.72916479
/root/data1/miniconda3/envs/GEM/lib/python3.7/site-packages/paddle/nn/layer/layers.py:1897: UserWarning: Skip loading for init_atom_embedding.embed_list.3.weight. init_atom_embedding.embed_list.3.weight receives a shape [9, 32], but the expected shape is [14, 32].
  warnings.warn(f"Skip loading for {key}. " + str(err))
/root/data1/miniconda3/envs/GEM/lib/python3.7/site-packages/paddle/nn/layer/layers.py:1897: UserWarning: Skip loading for init_atom_embedding.embed_list.6.weight. init_atom_embedding.embed_list.6.weight receives a shape [13, 32], but the expected shape is [14, 32].
  warnings.warn(f"Skip loading for {key}. " + str(err))
epoch: 1/200, train_loss: 0.7969054465110486, train r2: 0.25386383027625903, valid r2: 0.23050278326041218, test r2: 0.2126291655485718
epoch: 2/200, train_loss: 0.7000924142507406, train r2: 0.28457532707395194, valid r2: 0.12167287678918615, test r2: 0.158851854652457
out of counter-1
epoch: 3/200, train_loss: 0.6711632288419284, train r2: 0.24843436029038324, valid r2: -0.036099740340609365, test r2: 0.008601130926087386
out of counter-2
epoch: 4/200, train_loss: 0.6587803317950323, train r2: 0.24755812711579317, valid r2: -0.0018484213057368137, test r2: 0.00013186151482447173
out of counter-3
epoch: 5/200, train_loss: 0.6374503580423502, train r2: 0.39153117138255733, valid r2: 0.34960415694631297, test r2: 0.2536839595438162
epoch: 6/200, train_loss: 0.6063232582349044, train r2: 0.43125261528614245, valid r2: 0.34234666752562604, test r2: 0.22356735980681242
out of counter-1
epoch: 7/200, train_loss: 0.590776842374068, train r2: 0.44798088833353733, valid r2: 0.3545105097776864, test r2: 0.2492319832855069
epoch: 8/200, train_loss: 0.5893416817371662, train r2: 0.452106565910981, valid r2: 0.40865639141049737, test r2: 0.28563033344863653
epoch: 9/200, train_loss: 0.5620888505990689, train r2: 0.49205209632930935, valid r2: 0.4475229636711794, test r2: 0.2954845402272346
epoch: 10/200, train_loss: 0.563889490870329, train r2: 0.48951513057751583, valid r2: 0.45398501364887867, test r2: 0.3157794192328648
epoch: 11/200, train_loss: 0.5572445553082687, train r2: 0.5054724274837905, valid r2: 0.4049840120743692, test r2: 0.37180074742648217
out of counter-1
epoch: 12/200, train_loss: 0.5551421768390216, train r2: 0.49454088931463336, valid r2: 0.4487448303465087, test r2: 0.3093892744925264
out of counter-2
epoch: 13/200, train_loss: 0.5401189705500236, train r2: 0.5151562980241985, valid r2: 0.46293762444512776, test r2: 0.4274816678736695
epoch: 14/200, train_loss: 0.5334412260697439, train r2: 0.510539846965913, valid r2: 0.4017080636654847, test r2: 0.21742649713461992
out of counter-1
epoch: 15/200, train_loss: 0.5250623134466318, train r2: 0.5523049696388846, valid r2: 0.4462126829918258, test r2: 0.2659527695923146
out of counter-2
epoch: 16/200, train_loss: 0.5174990330751126, train r2: 0.5823229065454935, valid r2: 0.46259234639637914, test r2: 0.36451948624550545
out of counter-3
epoch: 17/200, train_loss: 0.5065937431959006, train r2: 0.5821117391650841, valid r2: 0.420888011085077, test r2: 0.3762793453585701
out of counter-4
epoch: 18/200, train_loss: 0.4826025911248647, train r2: 0.5271646999604891, valid r2: 0.36329489037275153, test r2: 0.24268846371895303
out of counter-5
epoch: 19/200, train_loss: 0.48946533982570356, train r2: 0.5723334951503106, valid r2: 0.4795185478042039, test r2: 0.4361975084671017
epoch: 20/200, train_loss: 0.4923572769531837, train r2: 0.6137736212554459, valid r2: 0.5205836016917094, test r2: 0.34593839800007964
epoch: 21/200, train_loss: 0.48820133621876055, train r2: 0.3995292271669948, valid r2: 0.3728936162728592, test r2: 0.17170057631928182
out of counter-1
epoch: 22/200, train_loss: 0.5470447253722411, train r2: 0.5516112860890624, valid r2: 0.5061816129761043, test r2: 0.41953160950059065
out of counter-2
epoch: 23/200, train_loss: 0.4902865726214189, train r2: 0.6062815481936845, valid r2: 0.4494551756939392, test r2: 0.32775129847177364
out of counter-3
epoch: 24/200, train_loss: 0.4694852393407088, train r2: 0.5781919517270055, valid r2: 0.4115901431069362, test r2: 0.35227804577015553
out of counter-4
epoch: 25/200, train_loss: 0.465971806874642, train r2: 0.6372087381731495, valid r2: 0.449956527832177, test r2: 0.25926602364142926
out of counter-5
epoch: 26/200, train_loss: 0.46817046518509203, train r2: 0.6345906124830532, valid r2: 0.4965480616660629, test r2: 0.35938554976394244
out of counter-6
epoch: 27/200, train_loss: 0.4732846778172713, train r2: 0.612046303257912, valid r2: 0.4394511937712098, test r2: 0.4073626937163848
out of counter-7
epoch: 28/200, train_loss: 0.4709868992750461, train r2: 0.6665661186644805, valid r2: 0.48001320445513984, test r2: 0.3520636344583461
out of counter-8
epoch: 29/200, train_loss: 0.44808154151989865, train r2: 0.6606504269661706, valid r2: 0.4648465074056557, test r2: 0.4208827953787805
out of counter-9
epoch: 30/200, train_loss: 0.4384610733160606, train r2: 0.6284149583345514, valid r2: 0.439328939714564, test r2: 0.5075371397646506
out of counter-10
epoch: 31/200, train_loss: 0.4540561873179216, train r2: 0.6576824621352809, valid r2: 0.49214291781324626, test r2: 0.3192166870108576
out of counter-11
epoch: 32/200, train_loss: 0.4466596624025932, train r2: 0.6947532562302787, valid r2: 0.4821047410717363, test r2: 0.3361697525945453
out of counter-12
epoch: 33/200, train_loss: 0.4439556621588193, train r2: 0.6771005996536474, valid r2: 0.49044356102290476, test r2: 0.43052675401012563
out of counter-13
epoch: 34/200, train_loss: 0.44005328760697293, train r2: 0.6660982986879362, valid r2: 0.4221642561794964, test r2: 0.33746810704185104
out of counter-14
epoch: 35/200, train_loss: 0.43605496333195615, train r2: 0.6692945545741726, valid r2: 0.4191001619737078, test r2: 0.35762469521483353
out of counter-15
epoch: 36/200, train_loss: 0.43258190155029297, train r2: 0.6999838122875468, valid r2: 0.44948870612654335, test r2: 0.38271397674020213
out of counter-16
epoch: 37/200, train_loss: 0.43236847107227033, train r2: 0.689330822386677, valid r2: 0.40509684630789156, test r2: 0.26437529061649867
out of counter-17
epoch: 38/200, train_loss: 0.4397267676316775, train r2: 0.6685264477717108, valid r2: 0.38022235226637147, test r2: 0.28392185667288294
out of counter-18
epoch: 39/200, train_loss: 0.4288462343124243, train r2: 0.5988686879335244, valid r2: 0.3213910254186376, test r2: 0.260828947241598
out of counter-19
epoch: 40/200, train_loss: 0.4460395276546478, train r2: 0.7115279368039373, valid r2: 0.4046142505574227, test r2: 0.3701685795112196
out of counter-20
out of patience-20!
current seed: 2064
model_config:
{'layer_num': 2, 'hidden_size': 128, 'dropout_rate': 0.2, 'act': 'leaky_relu', 'task_type': 'regr', 'num_tasks': 1}
[GeoGNNModel] embed_dim:32
[GeoGNNModel] dropout_rate:0.2
[GeoGNNModel] layer_num:8
[GeoGNNModel] readout:mean
[GeoGNNModel] atom_names:['atomic_num', 'formal_charge', 'degree', 'chiral_tag', 'total_numHs', 'is_aromatic', 'hybridization']
[GeoGNNModel] bond_names:['bond_dir', 'bond_type', 'is_in_ring']
[GeoGNNModel] bond_float_names:['bond_length']
[GeoGNNModel] bond_angle_float_names:['bond_angle']
Total param num: 170
Encoder param num: 164
Head param num: 6
Load state_dict from ./pretrain_models-chemrl_gem/regr.pdparams
Read preprocessing data...
Train/Valid/Test num: 844/136/112
Train mean/std/min/max 0.02876628443601895/0.6559275861149143/-2.0/2.84509804
Valid mean/std/min/max 0.16583573839705884/0.5740821801899822/-0.958607315/1.648360011
Test mean/std/min/max -0.17586154855357145/0.6506058035829237/-1.301029996/1.72916479
/root/data1/miniconda3/envs/GEM/lib/python3.7/site-packages/paddle/nn/layer/layers.py:1897: UserWarning: Skip loading for init_atom_embedding.embed_list.3.weight. init_atom_embedding.embed_list.3.weight receives a shape [9, 32], but the expected shape is [14, 32].
  warnings.warn(f"Skip loading for {key}. " + str(err))
/root/data1/miniconda3/envs/GEM/lib/python3.7/site-packages/paddle/nn/layer/layers.py:1897: UserWarning: Skip loading for init_atom_embedding.embed_list.6.weight. init_atom_embedding.embed_list.6.weight receives a shape [13, 32], but the expected shape is [14, 32].
  warnings.warn(f"Skip loading for {key}. " + str(err))
epoch: 1/200, train_loss: 0.7296705681544083, train r2: 0.35146209913523185, valid r2: 0.3777107691008287, test r2: 0.19178648202629411
epoch: 2/200, train_loss: 0.7090776516841009, train r2: 0.372796021100148, valid r2: 0.3632013200805525, test r2: 0.13553768574327785
out of counter-1
epoch: 3/200, train_loss: 0.6449800741214019, train r2: 0.3938512142897611, valid r2: 0.41739961694066263, test r2: 0.22578314188070303
epoch: 4/200, train_loss: 0.6243754751407183, train r2: 0.4142134629646409, valid r2: 0.40896472846087806, test r2: 0.20924667807281838
out of counter-1
epoch: 5/200, train_loss: 0.6229865573919736, train r2: 0.41801367732504324, valid r2: 0.3460486429015103, test r2: 0.25643707326901866
out of counter-2
epoch: 6/200, train_loss: 0.5845981939480855, train r2: 0.4166264450710009, valid r2: 0.35343050095510886, test r2: 0.14861530716543903
out of counter-3
epoch: 7/200, train_loss: 0.5928932955631843, train r2: 0.46628547661748065, valid r2: 0.4392876624286244, test r2: 0.20058629328021416
epoch: 8/200, train_loss: 0.5803089520105948, train r2: 0.46793854230628995, valid r2: 0.4354162697381644, test r2: 0.26396795673194196
out of counter-1
epoch: 9/200, train_loss: 0.5779045934860523, train r2: 0.4879945659679461, valid r2: 0.4814489836348368, test r2: 0.22458103096305515
epoch: 10/200, train_loss: 0.5635699113974204, train r2: 0.5142550825324559, valid r2: 0.4670618849199597, test r2: 0.2538612261091011
out of counter-1
epoch: 11/200, train_loss: 0.531712722319823, train r2: 0.5256099240623591, valid r2: 0.4788299284779889, test r2: 0.4023529339507669
out of counter-2
epoch: 12/200, train_loss: 0.5455053781087582, train r2: 0.5290508110703128, valid r2: 0.4510308325931742, test r2: 0.35209450229501493
out of counter-3
epoch: 13/200, train_loss: 0.5284904069625415, train r2: 0.5504309854842988, valid r2: 0.4614477006835699, test r2: 0.3855129727091099
out of counter-4
epoch: 14/200, train_loss: 0.5352474473989927, train r2: 0.565687411761323, valid r2: 0.5113170585418614, test r2: 0.3166941566978314
epoch: 15/200, train_loss: 0.5186177457754428, train r2: 0.5786110747379364, valid r2: 0.5026349480411153, test r2: 0.4025699051282564
out of counter-1
epoch: 16/200, train_loss: 0.5168869873652091, train r2: 0.5507846884521241, valid r2: 0.48150414722404866, test r2: 0.39231584604933367
out of counter-2
epoch: 17/200, train_loss: 0.5070007580977219, train r2: 0.5570876716047989, valid r2: 0.4392622337965376, test r2: 0.39012125996725566
out of counter-3
epoch: 18/200, train_loss: 0.4966058685229375, train r2: 0.5894486360356745, valid r2: 0.4481957187728659, test r2: 0.3715326565214444
out of counter-4
epoch: 19/200, train_loss: 0.49630945118573994, train r2: 0.6072235984943639, valid r2: 0.4772065468769562, test r2: 0.2977113301003216
out of counter-5
epoch: 20/200, train_loss: 0.4884174042023145, train r2: 0.6101603040372732, valid r2: 0.487211183712298, test r2: 0.31830176358040463
out of counter-6
epoch: 21/200, train_loss: 0.5028835214101351, train r2: 0.594991532827582, valid r2: 0.40065514298778393, test r2: 0.29700296576311
out of counter-7
epoch: 22/200, train_loss: 0.47605710419324726, train r2: 0.6265991853860888, valid r2: 0.4764099869798697, test r2: 0.41178548155591876
out of counter-8
epoch: 23/200, train_loss: 0.4668374371070128, train r2: 0.5714247822019768, valid r2: 0.331551043899741, test r2: 0.17584698146864797
out of counter-9
epoch: 24/200, train_loss: 0.47539661480830264, train r2: 0.6411601733203914, valid r2: 0.423903317484957, test r2: 0.37895061889358483
out of counter-10
epoch: 25/200, train_loss: 0.46268487435120803, train r2: 0.6546520611136905, valid r2: 0.4803400480501473, test r2: 0.39525781334225973
out of counter-11
epoch: 26/200, train_loss: 0.45549441759402937, train r2: 0.6451475600695254, valid r2: 0.4397511541106922, test r2: 0.2769664989316759
out of counter-12
epoch: 27/200, train_loss: 0.4757718730431337, train r2: 0.6590720257294491, valid r2: 0.4455791011298269, test r2: 0.3378274981889997
out of counter-13
epoch: 28/200, train_loss: 0.4741863447886247, train r2: 0.6513946944383573, valid r2: 0.4864037873799487, test r2: 0.3764112794913259
out of counter-14
epoch: 29/200, train_loss: 0.4571077055655993, train r2: 0.6599121844200564, valid r2: 0.4470513903069697, test r2: 0.32346038344595585
out of counter-15
epoch: 30/200, train_loss: 0.44361532307588136, train r2: 0.6398861896757627, valid r2: 0.38075348108170226, test r2: 0.2228000830813318
out of counter-16
epoch: 31/200, train_loss: 0.4591672454889004, train r2: 0.6765542615376083, valid r2: 0.44515657309981427, test r2: 0.3140415451171634
out of counter-17
epoch: 32/200, train_loss: 0.4290590355029473, train r2: 0.6669745259705805, valid r2: 0.4299423892568923, test r2: 0.3307016178982253
out of counter-18
epoch: 33/200, train_loss: 0.43496382465729344, train r2: 0.6989906456914938, valid r2: 0.42615252451868324, test r2: 0.4373927080945713
out of counter-19
epoch: 34/200, train_loss: 0.42866184505132526, train r2: 0.683669153087613, valid r2: 0.4501291715692586, test r2: 0.30987655807101444
out of counter-20
out of patience-20!
Time used on VDss_Perimeter_2064: 0:44:6
