nohup: ignoring input
Current seed: 2024, current split method: Perimeter, current task: PAMPA1
Learning rate:  0.0005
Epochs:  500
Current seed: 2024
Pre-processed data found: data/processed/PAMPA1_Perimeter_2024/PAMPA1_Perimeter_2024_train.pt, loading ...
Pre-processed data found: data/processed/PAMPA1_Perimeter_2024/PAMPA1_Perimeter_2024_valid.pt, loading ...
Pre-processed data found: data/processed/PAMPA1_Perimeter_2024/PAMPA1_Perimeter_2024_test.pt, loading ...
trainset mean:-5.659999847412109 std:0.9699997901916504
Training on 4892 samples...
Train epoch: 1 [0/4892 (0%)]	Loss: 1.239287
Make prediction for 4892 samples...
Make prediction for 755 samples...
Make prediction for 990 samples...
Make prediction for 990 samples...
Epoch: 000, Train Loss: 1.3664, Metric: r2, Train: -0.0286, Val: -0.0957, best Val: -0.0957, Test: -0.0247
Training on 4892 samples...
Train epoch: 2 [0/4892 (0%)]	Loss: 1.461082
Make prediction for 4892 samples...
Make prediction for 755 samples...
Make prediction for 990 samples...
EarlyStopping counter: 1 out of 30
Epoch: 001, Train Loss: 1.3148, Metric: r2, Train: -0.0228, Val: -0.2933, best Val: -0.0957, Test: -0.1879
Training on 4892 samples...
Train epoch: 3 [0/4892 (0%)]	Loss: 1.346109
Make prediction for 4892 samples...
Make prediction for 755 samples...
Make prediction for 990 samples...
Make prediction for 990 samples...
Epoch: 002, Train Loss: 1.3143, Metric: r2, Train: 0.0633, Val: 0.0082, best Val: 0.0082, Test: -0.0045
Training on 4892 samples...
Train epoch: 4 [0/4892 (0%)]	Loss: 1.365531
Make prediction for 4892 samples...
Make prediction for 755 samples...
Make prediction for 990 samples...
Make prediction for 990 samples...
Epoch: 003, Train Loss: 1.2475, Metric: r2, Train: 0.1584, Val: 0.0160, best Val: 0.0160, Test: 0.0104
Training on 4892 samples...
Train epoch: 5 [0/4892 (0%)]	Loss: 1.211000
Make prediction for 4892 samples...
Make prediction for 755 samples...
Make prediction for 990 samples...
EarlyStopping counter: 1 out of 30
Epoch: 004, Train Loss: 1.2138, Metric: r2, Train: 0.1665, Val: 0.0143, best Val: 0.0160, Test: -0.0330
Training on 4892 samples...
Train epoch: 6 [0/4892 (0%)]	Loss: 1.165059
Make prediction for 4892 samples...
Make prediction for 755 samples...
Make prediction for 990 samples...
Make prediction for 990 samples...
Epoch: 005, Train Loss: 1.2120, Metric: r2, Train: 0.2060, Val: 0.0343, best Val: 0.0343, Test: 0.0273
Training on 4892 samples...
Train epoch: 7 [0/4892 (0%)]	Loss: 1.068168
Make prediction for 4892 samples...
Make prediction for 755 samples...
Make prediction for 990 samples...
Make prediction for 990 samples...
Epoch: 006, Train Loss: 1.1913, Metric: r2, Train: 0.2477, Val: 0.0377, best Val: 0.0377, Test: -0.0247
Training on 4892 samples...
Train epoch: 8 [0/4892 (0%)]	Loss: 1.185755
Make prediction for 4892 samples...
Make prediction for 755 samples...
Make prediction for 990 samples...
EarlyStopping counter: 1 out of 30
Epoch: 007, Train Loss: 1.1666, Metric: r2, Train: 0.2320, Val: -0.1925, best Val: 0.0377, Test: -0.0249
Training on 4892 samples...
Train epoch: 9 [0/4892 (0%)]	Loss: 1.149030
Make prediction for 4892 samples...
Make prediction for 755 samples...
Make prediction for 990 samples...
Make prediction for 990 samples...
Epoch: 008, Train Loss: 1.1617, Metric: r2, Train: 0.2779, Val: 0.0628, best Val: 0.0628, Test: 0.0721
Training on 4892 samples...
Train epoch: 10 [0/4892 (0%)]	Loss: 1.025797
Make prediction for 4892 samples...
Make prediction for 755 samples...
Make prediction for 990 samples...
Make prediction for 990 samples...
Epoch: 009, Train Loss: 1.1342, Metric: r2, Train: 0.2899, Val: 0.0684, best Val: 0.0684, Test: 0.2661
Training on 4892 samples...
Train epoch: 11 [0/4892 (0%)]	Loss: 1.117999
Make prediction for 4892 samples...
Make prediction for 755 samples...
Make prediction for 990 samples...
EarlyStopping counter: 1 out of 30
Epoch: 010, Train Loss: 1.1225, Metric: r2, Train: 0.3242, Val: 0.0273, best Val: 0.0684, Test: 0.3035
Training on 4892 samples...
Train epoch: 12 [0/4892 (0%)]	Loss: 1.065124
Make prediction for 4892 samples...
Make prediction for 755 samples...
Make prediction for 990 samples...
EarlyStopping counter: 2 out of 30
Epoch: 011, Train Loss: 1.1077, Metric: r2, Train: 0.3338, Val: 0.0556, best Val: 0.0684, Test: 0.3043
Training on 4892 samples...
Train epoch: 13 [0/4892 (0%)]	Loss: 1.025616
Make prediction for 4892 samples...
Make prediction for 755 samples...
Make prediction for 990 samples...
Make prediction for 990 samples...
Epoch: 012, Train Loss: 1.1073, Metric: r2, Train: 0.3586, Val: 0.1199, best Val: 0.1199, Test: 0.2462
Training on 4892 samples...
Train epoch: 14 [0/4892 (0%)]	Loss: 1.027888
Make prediction for 4892 samples...
Make prediction for 755 samples...
Make prediction for 990 samples...
EarlyStopping counter: 1 out of 30
Epoch: 013, Train Loss: 1.0868, Metric: r2, Train: 0.3781, Val: 0.0884, best Val: 0.1199, Test: 0.3204
Training on 4892 samples...
Train epoch: 15 [0/4892 (0%)]	Loss: 1.107489
Make prediction for 4892 samples...
Make prediction for 755 samples...
Make prediction for 990 samples...
EarlyStopping counter: 2 out of 30
Epoch: 014, Train Loss: 1.0901, Metric: r2, Train: 0.2545, Val: -0.3165, best Val: 0.1199, Test: 0.2025
Training on 4892 samples...
Train epoch: 16 [0/4892 (0%)]	Loss: 1.164791
Make prediction for 4892 samples...
Make prediction for 755 samples...
Make prediction for 990 samples...
EarlyStopping counter: 3 out of 30
Epoch: 015, Train Loss: 1.0845, Metric: r2, Train: 0.3486, Val: 0.0927, best Val: 0.1199, Test: 0.2022
Training on 4892 samples...
Train epoch: 17 [0/4892 (0%)]	Loss: 1.176121
Make prediction for 4892 samples...
Make prediction for 755 samples...
Make prediction for 990 samples...
EarlyStopping counter: 4 out of 30
Epoch: 016, Train Loss: 1.0639, Metric: r2, Train: 0.3695, Val: -0.1572, best Val: 0.1199, Test: 0.1188
Training on 4892 samples...
Train epoch: 18 [0/4892 (0%)]	Loss: 1.145593
Make prediction for 4892 samples...
Make prediction for 755 samples...
Make prediction for 990 samples...
EarlyStopping counter: 5 out of 30
Epoch: 017, Train Loss: 1.0524, Metric: r2, Train: 0.4237, Val: -0.0045, best Val: 0.1199, Test: 0.2503
Training on 4892 samples...
Train epoch: 19 [0/4892 (0%)]	Loss: 1.025450
Make prediction for 4892 samples...
Make prediction for 755 samples...
Make prediction for 990 samples...
EarlyStopping counter: 6 out of 30
Epoch: 018, Train Loss: 1.0368, Metric: r2, Train: 0.4015, Val: -0.1903, best Val: 0.1199, Test: 0.2211
Training on 4892 samples...
Train epoch: 20 [0/4892 (0%)]	Loss: 1.111983
Make prediction for 4892 samples...
Make prediction for 755 samples...
Make prediction for 990 samples...
EarlyStopping counter: 7 out of 30
Epoch: 019, Train Loss: 1.0358, Metric: r2, Train: 0.3880, Val: 0.0141, best Val: 0.1199, Test: 0.1659
Training on 4892 samples...
Train epoch: 21 [0/4892 (0%)]	Loss: 1.061000
Make prediction for 4892 samples...
Make prediction for 755 samples...
Make prediction for 990 samples...
EarlyStopping counter: 8 out of 30
Epoch: 020, Train Loss: 1.0458, Metric: r2, Train: 0.4530, Val: -0.0433, best Val: 0.1199, Test: 0.1466
Training on 4892 samples...
Train epoch: 22 [0/4892 (0%)]	Loss: 0.989002
Make prediction for 4892 samples...
Make prediction for 755 samples...
Make prediction for 990 samples...
EarlyStopping counter: 9 out of 30
Epoch: 021, Train Loss: 1.0238, Metric: r2, Train: 0.4715, Val: -0.1449, best Val: 0.1199, Test: 0.2061
Training on 4892 samples...
Train epoch: 23 [0/4892 (0%)]	Loss: 1.084890
Make prediction for 4892 samples...
Make prediction for 755 samples...
Make prediction for 990 samples...
EarlyStopping counter: 10 out of 30
Epoch: 022, Train Loss: 1.0120, Metric: r2, Train: 0.4109, Val: 0.0787, best Val: 0.1199, Test: 0.2819
Training on 4892 samples...
Train epoch: 24 [0/4892 (0%)]	Loss: 1.078373
Make prediction for 4892 samples...
Make prediction for 755 samples...
Make prediction for 990 samples...
EarlyStopping counter: 11 out of 30
Epoch: 023, Train Loss: 1.0238, Metric: r2, Train: 0.4728, Val: -0.1241, best Val: 0.1199, Test: 0.2793
Training on 4892 samples...
Train epoch: 25 [0/4892 (0%)]	Loss: 0.905135
Make prediction for 4892 samples...
Make prediction for 755 samples...
Make prediction for 990 samples...
EarlyStopping counter: 12 out of 30
Epoch: 024, Train Loss: 1.0135, Metric: r2, Train: 0.4584, Val: -0.2364, best Val: 0.1199, Test: 0.2516
Training on 4892 samples...
Train epoch: 26 [0/4892 (0%)]	Loss: 0.991202
Make prediction for 4892 samples...
Make prediction for 755 samples...
Make prediction for 990 samples...
EarlyStopping counter: 13 out of 30
Epoch: 025, Train Loss: 1.0076, Metric: r2, Train: 0.3743, Val: -0.0083, best Val: 0.1199, Test: 0.2979
Training on 4892 samples...
Train epoch: 27 [0/4892 (0%)]	Loss: 1.001931
Make prediction for 4892 samples...
Make prediction for 755 samples...
Make prediction for 990 samples...
EarlyStopping counter: 14 out of 30
Epoch: 026, Train Loss: 1.0209, Metric: r2, Train: 0.4685, Val: 0.0722, best Val: 0.1199, Test: 0.2695
Training on 4892 samples...
Train epoch: 28 [0/4892 (0%)]	Loss: 0.966476
Make prediction for 4892 samples...
Make prediction for 755 samples...
Make prediction for 990 samples...
EarlyStopping counter: 15 out of 30
Epoch: 027, Train Loss: 0.9935, Metric: r2, Train: 0.4015, Val: -0.3321, best Val: 0.1199, Test: 0.0841
Training on 4892 samples...
Train epoch: 29 [0/4892 (0%)]	Loss: 1.022548
Make prediction for 4892 samples...
Make prediction for 755 samples...
Make prediction for 990 samples...
EarlyStopping counter: 16 out of 30
Epoch: 028, Train Loss: 1.0061, Metric: r2, Train: 0.4917, Val: -0.0101, best Val: 0.1199, Test: 0.2634
Training on 4892 samples...
Train epoch: 30 [0/4892 (0%)]	Loss: 0.998452
Make prediction for 4892 samples...
Make prediction for 755 samples...
Make prediction for 990 samples...
EarlyStopping counter: 17 out of 30
Epoch: 029, Train Loss: 0.9824, Metric: r2, Train: 0.3913, Val: -0.2539, best Val: 0.1199, Test: 0.2290
Training on 4892 samples...
Train epoch: 31 [0/4892 (0%)]	Loss: 1.005305
Make prediction for 4892 samples...
Make prediction for 755 samples...
Make prediction for 990 samples...
EarlyStopping counter: 18 out of 30
Epoch: 030, Train Loss: 1.0224, Metric: r2, Train: 0.4855, Val: -0.0745, best Val: 0.1199, Test: 0.1956
Training on 4892 samples...
Train epoch: 32 [0/4892 (0%)]	Loss: 0.938693
Make prediction for 4892 samples...
Make prediction for 755 samples...
Make prediction for 990 samples...
EarlyStopping counter: 19 out of 30
Epoch: 031, Train Loss: 0.9950, Metric: r2, Train: 0.5173, Val: -0.0384, best Val: 0.1199, Test: 0.2885
Training on 4892 samples...
Train epoch: 33 [0/4892 (0%)]	Loss: 0.917427
Make prediction for 4892 samples...
Make prediction for 755 samples...
Make prediction for 990 samples...
EarlyStopping counter: 20 out of 30
Epoch: 032, Train Loss: 0.9680, Metric: r2, Train: 0.5304, Val: -0.0635, best Val: 0.1199, Test: 0.2507
Training on 4892 samples...
Train epoch: 34 [0/4892 (0%)]	Loss: 0.979226
Make prediction for 4892 samples...
Make prediction for 755 samples...
Make prediction for 990 samples...
EarlyStopping counter: 21 out of 30
Epoch: 033, Train Loss: 0.9658, Metric: r2, Train: 0.5297, Val: -0.3502, best Val: 0.1199, Test: 0.2737
Training on 4892 samples...
Train epoch: 35 [0/4892 (0%)]	Loss: 1.003610
Make prediction for 4892 samples...
Make prediction for 755 samples...
Make prediction for 990 samples...
EarlyStopping counter: 22 out of 30
Epoch: 034, Train Loss: 0.9555, Metric: r2, Train: 0.5570, Val: -0.0927, best Val: 0.1199, Test: 0.2734
Training on 4892 samples...
Train epoch: 36 [0/4892 (0%)]	Loss: 0.976773
Make prediction for 4892 samples...
Make prediction for 755 samples...
Make prediction for 990 samples...
EarlyStopping counter: 23 out of 30
Epoch: 035, Train Loss: 0.9629, Metric: r2, Train: 0.5451, Val: -0.1027, best Val: 0.1199, Test: 0.2742
Training on 4892 samples...
Train epoch: 37 [0/4892 (0%)]	Loss: 0.968068
Make prediction for 4892 samples...
Make prediction for 755 samples...
Make prediction for 990 samples...
EarlyStopping counter: 24 out of 30
Epoch: 036, Train Loss: 0.9380, Metric: r2, Train: 0.5047, Val: 0.1115, best Val: 0.1199, Test: 0.2824
Training on 4892 samples...
Train epoch: 38 [0/4892 (0%)]	Loss: 0.982084
Make prediction for 4892 samples...
Make prediction for 755 samples...
Make prediction for 990 samples...
EarlyStopping counter: 25 out of 30
Epoch: 037, Train Loss: 0.9588, Metric: r2, Train: 0.4687, Val: 0.1036, best Val: 0.1199, Test: 0.2440
Training on 4892 samples...
Train epoch: 39 [0/4892 (0%)]	Loss: 1.028770
Make prediction for 4892 samples...
Make prediction for 755 samples...
Make prediction for 990 samples...
EarlyStopping counter: 26 out of 30
Epoch: 038, Train Loss: 0.9421, Metric: r2, Train: 0.5523, Val: -0.0007, best Val: 0.1199, Test: 0.1949
Training on 4892 samples...
Train epoch: 40 [0/4892 (0%)]	Loss: 0.846868
Make prediction for 4892 samples...
Make prediction for 755 samples...
Make prediction for 990 samples...
EarlyStopping counter: 27 out of 30
Epoch: 039, Train Loss: 0.9447, Metric: r2, Train: 0.4900, Val: -0.4951, best Val: 0.1199, Test: 0.1784
Training on 4892 samples...
Train epoch: 41 [0/4892 (0%)]	Loss: 0.961931
Make prediction for 4892 samples...
Make prediction for 755 samples...
Make prediction for 990 samples...
EarlyStopping counter: 28 out of 30
Epoch: 040, Train Loss: 0.9293, Metric: r2, Train: 0.5872, Val: 0.0012, best Val: 0.1199, Test: 0.2336
Training on 4892 samples...
Train epoch: 42 [0/4892 (0%)]	Loss: 0.891337
Make prediction for 4892 samples...
Make prediction for 755 samples...
Make prediction for 990 samples...
EarlyStopping counter: 29 out of 30
Epoch: 041, Train Loss: 0.9272, Metric: r2, Train: 0.5498, Val: -0.2988, best Val: 0.1199, Test: 0.2057
Training on 4892 samples...
Train epoch: 43 [0/4892 (0%)]	Loss: 0.955474
Make prediction for 4892 samples...
Make prediction for 755 samples...
Make prediction for 990 samples...
EarlyStopping counter: 30 out of 30
Epoch: 042, Train Loss: 0.9410, Metric: r2, Train: 0.5224, Val: -0.0504, best Val: 0.1199, Test: 0.1801
out of patience!
******PAMPA1_Perimeter_2024, 1th_time_result******
train_result: 0.3586
val_result: 0.1199
test_result: 0.2462
Current seed: 2034
Pre-processed data found: data/processed/PAMPA1_Perimeter_2024/PAMPA1_Perimeter_2024_train.pt, loading ...
Pre-processed data found: data/processed/PAMPA1_Perimeter_2024/PAMPA1_Perimeter_2024_valid.pt, loading ...
Pre-processed data found: data/processed/PAMPA1_Perimeter_2024/PAMPA1_Perimeter_2024_test.pt, loading ...
trainset mean:-5.659999847412109 std:0.9699997901916504
Training on 4892 samples...
Train epoch: 1 [0/4892 (0%)]	Loss: 1.455995
Make prediction for 4892 samples...
Make prediction for 755 samples...
Make prediction for 990 samples...
Make prediction for 990 samples...
Epoch: 000, Train Loss: 1.3547, Metric: r2, Train: -0.0024, Val: -0.0119, best Val: -0.0119, Test: -0.0173
Training on 4892 samples...
Train epoch: 2 [0/4892 (0%)]	Loss: 1.304833
Make prediction for 4892 samples...
Make prediction for 755 samples...
Make prediction for 990 samples...
Make prediction for 990 samples...
Epoch: 001, Train Loss: 1.3092, Metric: r2, Train: 0.1333, Val: -0.0056, best Val: -0.0056, Test: -0.0080
Training on 4892 samples...
Train epoch: 3 [0/4892 (0%)]	Loss: 1.268659
Make prediction for 4892 samples...
Make prediction for 755 samples...
Make prediction for 990 samples...
Make prediction for 990 samples...
Epoch: 002, Train Loss: 1.2551, Metric: r2, Train: 0.1944, Val: 0.0541, best Val: 0.0541, Test: 0.0094
Training on 4892 samples...
Train epoch: 4 [0/4892 (0%)]	Loss: 1.283801
Make prediction for 4892 samples...
Make prediction for 755 samples...
Make prediction for 990 samples...
EarlyStopping counter: 1 out of 30
Epoch: 003, Train Loss: 1.1893, Metric: r2, Train: 0.2265, Val: 0.0460, best Val: 0.0541, Test: 0.0305
Training on 4892 samples...
Train epoch: 5 [0/4892 (0%)]	Loss: 1.090129
Make prediction for 4892 samples...
Make prediction for 755 samples...
Make prediction for 990 samples...
EarlyStopping counter: 2 out of 30
Epoch: 004, Train Loss: 1.1579, Metric: r2, Train: 0.2062, Val: -0.0794, best Val: 0.0541, Test: 0.1084
Training on 4892 samples...
Train epoch: 6 [0/4892 (0%)]	Loss: 1.132474
Make prediction for 4892 samples...
Make prediction for 755 samples...
Make prediction for 990 samples...
EarlyStopping counter: 3 out of 30
Epoch: 005, Train Loss: 1.1484, Metric: r2, Train: 0.0323, Val: -0.3588, best Val: 0.0541, Test: 0.0483
Training on 4892 samples...
Train epoch: 7 [0/4892 (0%)]	Loss: 1.364738
Make prediction for 4892 samples...
Make prediction for 755 samples...
Make prediction for 990 samples...
EarlyStopping counter: 4 out of 30
Epoch: 006, Train Loss: 1.1838, Metric: r2, Train: 0.2926, Val: 0.0127, best Val: 0.0541, Test: 0.2265
Training on 4892 samples...
Train epoch: 8 [0/4892 (0%)]	Loss: 1.176617
Make prediction for 4892 samples...
Make prediction for 755 samples...
Make prediction for 990 samples...
Make prediction for 990 samples...
Epoch: 007, Train Loss: 1.1234, Metric: r2, Train: 0.3063, Val: 0.0609, best Val: 0.0609, Test: 0.3257
Training on 4892 samples...
Train epoch: 9 [0/4892 (0%)]	Loss: 1.056851
Make prediction for 4892 samples...
Make prediction for 755 samples...
Make prediction for 990 samples...
EarlyStopping counter: 1 out of 30
Epoch: 008, Train Loss: 1.1147, Metric: r2, Train: 0.3000, Val: 0.0077, best Val: 0.0609, Test: 0.2167
Training on 4892 samples...
Train epoch: 10 [0/4892 (0%)]	Loss: 1.055315
Make prediction for 4892 samples...
Make prediction for 755 samples...
Make prediction for 990 samples...
EarlyStopping counter: 2 out of 30
Epoch: 009, Train Loss: 1.1146, Metric: r2, Train: 0.2529, Val: -0.0366, best Val: 0.0609, Test: 0.2513
Training on 4892 samples...
Train epoch: 11 [0/4892 (0%)]	Loss: 1.213943
Make prediction for 4892 samples...
Make prediction for 755 samples...
Make prediction for 990 samples...
Make prediction for 990 samples...
Epoch: 010, Train Loss: 1.0985, Metric: r2, Train: 0.3697, Val: 0.1277, best Val: 0.1277, Test: 0.3241
Training on 4892 samples...
Train epoch: 12 [0/4892 (0%)]	Loss: 1.091211
Make prediction for 4892 samples...
Make prediction for 755 samples...
Make prediction for 990 samples...
EarlyStopping counter: 1 out of 30
Epoch: 011, Train Loss: 1.0726, Metric: r2, Train: 0.3339, Val: 0.0918, best Val: 0.1277, Test: 0.3225
Training on 4892 samples...
Train epoch: 13 [0/4892 (0%)]	Loss: 1.187328
Make prediction for 4892 samples...
Make prediction for 755 samples...
Make prediction for 990 samples...
EarlyStopping counter: 2 out of 30
Epoch: 012, Train Loss: 1.1011, Metric: r2, Train: 0.3481, Val: 0.0242, best Val: 0.1277, Test: 0.2111
Training on 4892 samples...
Train epoch: 14 [0/4892 (0%)]	Loss: 1.173433
Make prediction for 4892 samples...
Make prediction for 755 samples...
Make prediction for 990 samples...
EarlyStopping counter: 3 out of 30
Epoch: 013, Train Loss: 1.0720, Metric: r2, Train: 0.4098, Val: 0.1073, best Val: 0.1277, Test: 0.3025
Training on 4892 samples...
Train epoch: 15 [0/4892 (0%)]	Loss: 1.050444
Make prediction for 4892 samples...
Make prediction for 755 samples...
Make prediction for 990 samples...
EarlyStopping counter: 4 out of 30
Epoch: 014, Train Loss: 1.0498, Metric: r2, Train: 0.3471, Val: 0.0337, best Val: 0.1277, Test: 0.1392
Training on 4892 samples...
Train epoch: 16 [0/4892 (0%)]	Loss: 1.085485
Make prediction for 4892 samples...
Make prediction for 755 samples...
Make prediction for 990 samples...
EarlyStopping counter: 5 out of 30
Epoch: 015, Train Loss: 1.0744, Metric: r2, Train: 0.3983, Val: 0.0588, best Val: 0.1277, Test: 0.3128
Training on 4892 samples...
Train epoch: 17 [0/4892 (0%)]	Loss: 1.036095
Make prediction for 4892 samples...
Make prediction for 755 samples...
Make prediction for 990 samples...
EarlyStopping counter: 6 out of 30
Epoch: 016, Train Loss: 1.0531, Metric: r2, Train: 0.4375, Val: 0.0788, best Val: 0.1277, Test: 0.3236
Training on 4892 samples...
Train epoch: 18 [0/4892 (0%)]	Loss: 1.062843
Make prediction for 4892 samples...
Make prediction for 755 samples...
Make prediction for 990 samples...
EarlyStopping counter: 7 out of 30
Epoch: 017, Train Loss: 1.0269, Metric: r2, Train: 0.4265, Val: 0.0347, best Val: 0.1277, Test: 0.2720
Training on 4892 samples...
Train epoch: 19 [0/4892 (0%)]	Loss: 1.016587
Make prediction for 4892 samples...
Make prediction for 755 samples...
Make prediction for 990 samples...
EarlyStopping counter: 8 out of 30
Epoch: 018, Train Loss: 1.0186, Metric: r2, Train: 0.4325, Val: 0.1012, best Val: 0.1277, Test: 0.2999
Training on 4892 samples...
Train epoch: 20 [0/4892 (0%)]	Loss: 1.118935
Make prediction for 4892 samples...
Make prediction for 755 samples...
Make prediction for 990 samples...
EarlyStopping counter: 9 out of 30
Epoch: 019, Train Loss: 1.0149, Metric: r2, Train: 0.4313, Val: -0.1047, best Val: 0.1277, Test: 0.2264
Training on 4892 samples...
Train epoch: 21 [0/4892 (0%)]	Loss: 1.004563
Make prediction for 4892 samples...
Make prediction for 755 samples...
Make prediction for 990 samples...
EarlyStopping counter: 10 out of 30
Epoch: 020, Train Loss: 1.0208, Metric: r2, Train: 0.4740, Val: 0.0504, best Val: 0.1277, Test: 0.2448
Training on 4892 samples...
Train epoch: 22 [0/4892 (0%)]	Loss: 0.996766
Make prediction for 4892 samples...
Make prediction for 755 samples...
Make prediction for 990 samples...
EarlyStopping counter: 11 out of 30
Epoch: 021, Train Loss: 1.0111, Metric: r2, Train: 0.4626, Val: -0.0018, best Val: 0.1277, Test: 0.3521
Training on 4892 samples...
Train epoch: 23 [0/4892 (0%)]	Loss: 1.026105
Make prediction for 4892 samples...
Make prediction for 755 samples...
Make prediction for 990 samples...
EarlyStopping counter: 12 out of 30
Epoch: 022, Train Loss: 1.0155, Metric: r2, Train: 0.4884, Val: 0.0033, best Val: 0.1277, Test: 0.3112
Training on 4892 samples...
Train epoch: 24 [0/4892 (0%)]	Loss: 0.970279
Make prediction for 4892 samples...
Make prediction for 755 samples...
Make prediction for 990 samples...
EarlyStopping counter: 13 out of 30
Epoch: 023, Train Loss: 0.9939, Metric: r2, Train: 0.4965, Val: 0.1032, best Val: 0.1277, Test: 0.3597
Training on 4892 samples...
Train epoch: 25 [0/4892 (0%)]	Loss: 0.992997
Make prediction for 4892 samples...
Make prediction for 755 samples...
Make prediction for 990 samples...
EarlyStopping counter: 14 out of 30
Epoch: 024, Train Loss: 1.0107, Metric: r2, Train: 0.4892, Val: 0.0437, best Val: 0.1277, Test: 0.3467
Training on 4892 samples...
Train epoch: 26 [0/4892 (0%)]	Loss: 0.939287
Make prediction for 4892 samples...
Make prediction for 755 samples...
Make prediction for 990 samples...
EarlyStopping counter: 15 out of 30
Epoch: 025, Train Loss: 0.9801, Metric: r2, Train: 0.5056, Val: -0.1526, best Val: 0.1277, Test: 0.2636
Training on 4892 samples...
Train epoch: 27 [0/4892 (0%)]	Loss: 1.086449
Make prediction for 4892 samples...
Make prediction for 755 samples...
Make prediction for 990 samples...
EarlyStopping counter: 16 out of 30
Epoch: 026, Train Loss: 0.9848, Metric: r2, Train: 0.4845, Val: -0.0222, best Val: 0.1277, Test: 0.2835
Training on 4892 samples...
Train epoch: 28 [0/4892 (0%)]	Loss: 1.020493
Make prediction for 4892 samples...
Make prediction for 755 samples...
Make prediction for 990 samples...
EarlyStopping counter: 17 out of 30
Epoch: 027, Train Loss: 0.9725, Metric: r2, Train: 0.5093, Val: -0.0692, best Val: 0.1277, Test: 0.3028
Training on 4892 samples...
Train epoch: 29 [0/4892 (0%)]	Loss: 0.991189
Make prediction for 4892 samples...
Make prediction for 755 samples...
Make prediction for 990 samples...
EarlyStopping counter: 18 out of 30
Epoch: 028, Train Loss: 0.9475, Metric: r2, Train: 0.5409, Val: 0.1062, best Val: 0.1277, Test: 0.4010
Training on 4892 samples...
Train epoch: 30 [0/4892 (0%)]	Loss: 0.866129
Make prediction for 4892 samples...
Make prediction for 755 samples...
Make prediction for 990 samples...
Make prediction for 990 samples...
Epoch: 029, Train Loss: 0.9764, Metric: r2, Train: 0.5462, Val: 0.1569, best Val: 0.1569, Test: 0.3595
Training on 4892 samples...
Train epoch: 31 [0/4892 (0%)]	Loss: 0.932233
Make prediction for 4892 samples...
Make prediction for 755 samples...
Make prediction for 990 samples...
EarlyStopping counter: 1 out of 30
Epoch: 030, Train Loss: 0.9381, Metric: r2, Train: 0.5468, Val: -0.0219, best Val: 0.1569, Test: 0.2908
Training on 4892 samples...
Train epoch: 32 [0/4892 (0%)]	Loss: 0.964111
Make prediction for 4892 samples...
Make prediction for 755 samples...
Make prediction for 990 samples...
EarlyStopping counter: 2 out of 30
Epoch: 031, Train Loss: 0.9393, Metric: r2, Train: 0.5369, Val: 0.1352, best Val: 0.1569, Test: 0.2895
Training on 4892 samples...
Train epoch: 33 [0/4892 (0%)]	Loss: 0.969226
Make prediction for 4892 samples...
Make prediction for 755 samples...
Make prediction for 990 samples...
EarlyStopping counter: 3 out of 30
Epoch: 032, Train Loss: 0.9325, Metric: r2, Train: 0.5283, Val: -0.1177, best Val: 0.1569, Test: 0.2687
Training on 4892 samples...
Train epoch: 34 [0/4892 (0%)]	Loss: 0.906248
Make prediction for 4892 samples...
Make prediction for 755 samples...
Make prediction for 990 samples...
EarlyStopping counter: 4 out of 30
Epoch: 033, Train Loss: 0.9316, Metric: r2, Train: 0.5683, Val: 0.0138, best Val: 0.1569, Test: 0.3336
Training on 4892 samples...
Train epoch: 35 [0/4892 (0%)]	Loss: 0.890099
Make prediction for 4892 samples...
Make prediction for 755 samples...
Make prediction for 990 samples...
EarlyStopping counter: 5 out of 30
Epoch: 034, Train Loss: 0.9154, Metric: r2, Train: 0.5339, Val: 0.1122, best Val: 0.1569, Test: 0.3730
Training on 4892 samples...
Train epoch: 36 [0/4892 (0%)]	Loss: 0.911871
Make prediction for 4892 samples...
Make prediction for 755 samples...
Make prediction for 990 samples...
EarlyStopping counter: 6 out of 30
Epoch: 035, Train Loss: 0.9373, Metric: r2, Train: 0.5289, Val: 0.1030, best Val: 0.1569, Test: 0.3455
Training on 4892 samples...
Train epoch: 37 [0/4892 (0%)]	Loss: 0.957275
Make prediction for 4892 samples...
Make prediction for 755 samples...
Make prediction for 990 samples...
EarlyStopping counter: 7 out of 30
Epoch: 036, Train Loss: 0.9227, Metric: r2, Train: 0.5851, Val: -0.1026, best Val: 0.1569, Test: 0.2006
Training on 4892 samples...
Train epoch: 38 [0/4892 (0%)]	Loss: 0.839861
Make prediction for 4892 samples...
Make prediction for 755 samples...
Make prediction for 990 samples...
EarlyStopping counter: 8 out of 30
Epoch: 037, Train Loss: 0.9184, Metric: r2, Train: 0.5419, Val: 0.1532, best Val: 0.1569, Test: 0.3574
Training on 4892 samples...
Train epoch: 39 [0/4892 (0%)]	Loss: 0.939921
Make prediction for 4892 samples...
Make prediction for 755 samples...
Make prediction for 990 samples...
Make prediction for 990 samples...
Epoch: 038, Train Loss: 0.9443, Metric: r2, Train: 0.5859, Val: 0.1787, best Val: 0.1787, Test: 0.3548
Training on 4892 samples...
Train epoch: 40 [0/4892 (0%)]	Loss: 0.910756
Make prediction for 4892 samples...
Make prediction for 755 samples...
Make prediction for 990 samples...
EarlyStopping counter: 1 out of 30
Epoch: 039, Train Loss: 0.9150, Metric: r2, Train: 0.5632, Val: -0.1793, best Val: 0.1787, Test: 0.1826
Training on 4892 samples...
Train epoch: 41 [0/4892 (0%)]	Loss: 0.928277
Make prediction for 4892 samples...
Make prediction for 755 samples...
Make prediction for 990 samples...
EarlyStopping counter: 2 out of 30
Epoch: 040, Train Loss: 0.8942, Metric: r2, Train: 0.6035, Val: 0.1351, best Val: 0.1787, Test: 0.3525
Training on 4892 samples...
Train epoch: 42 [0/4892 (0%)]	Loss: 0.911293
Make prediction for 4892 samples...
Make prediction for 755 samples...
Make prediction for 990 samples...
EarlyStopping counter: 3 out of 30
Epoch: 041, Train Loss: 0.8942, Metric: r2, Train: 0.5663, Val: 0.0549, best Val: 0.1787, Test: 0.3472
Training on 4892 samples...
Train epoch: 43 [0/4892 (0%)]	Loss: 0.920917
Make prediction for 4892 samples...
Make prediction for 755 samples...
Make prediction for 990 samples...
EarlyStopping counter: 4 out of 30
Epoch: 042, Train Loss: 0.9023, Metric: r2, Train: 0.6334, Val: 0.1372, best Val: 0.1787, Test: 0.3582
Training on 4892 samples...
Train epoch: 44 [0/4892 (0%)]	Loss: 0.943369
Make prediction for 4892 samples...
Make prediction for 755 samples...
Make prediction for 990 samples...
EarlyStopping counter: 5 out of 30
Epoch: 043, Train Loss: 0.8707, Metric: r2, Train: 0.6161, Val: 0.0478, best Val: 0.1787, Test: 0.3447
Training on 4892 samples...
Train epoch: 45 [0/4892 (0%)]	Loss: 0.874265
Make prediction for 4892 samples...
Make prediction for 755 samples...
Make prediction for 990 samples...
EarlyStopping counter: 6 out of 30
Epoch: 044, Train Loss: 0.8672, Metric: r2, Train: 0.5976, Val: 0.0313, best Val: 0.1787, Test: 0.2852
Training on 4892 samples...
Train epoch: 46 [0/4892 (0%)]	Loss: 0.846742
Make prediction for 4892 samples...
Make prediction for 755 samples...
Make prediction for 990 samples...
EarlyStopping counter: 7 out of 30
Epoch: 045, Train Loss: 0.8564, Metric: r2, Train: 0.6391, Val: 0.1046, best Val: 0.1787, Test: 0.3358
Training on 4892 samples...
Train epoch: 47 [0/4892 (0%)]	Loss: 0.859020
Make prediction for 4892 samples...
Make prediction for 755 samples...
Make prediction for 990 samples...
EarlyStopping counter: 8 out of 30
Epoch: 046, Train Loss: 0.8424, Metric: r2, Train: 0.6181, Val: -0.2803, best Val: 0.1787, Test: 0.1556
Training on 4892 samples...
Train epoch: 48 [0/4892 (0%)]	Loss: 0.770600
Make prediction for 4892 samples...
Make prediction for 755 samples...
Make prediction for 990 samples...
EarlyStopping counter: 9 out of 30
Epoch: 047, Train Loss: 0.8209, Metric: r2, Train: 0.5941, Val: -0.2244, best Val: 0.1787, Test: 0.1539
Training on 4892 samples...
Train epoch: 49 [0/4892 (0%)]	Loss: 0.846287
Make prediction for 4892 samples...
Make prediction for 755 samples...
Make prediction for 990 samples...
EarlyStopping counter: 10 out of 30
Epoch: 048, Train Loss: 0.8213, Metric: r2, Train: 0.6184, Val: 0.1434, best Val: 0.1787, Test: 0.3682
Training on 4892 samples...
Train epoch: 50 [0/4892 (0%)]	Loss: 0.832400
Make prediction for 4892 samples...
Make prediction for 755 samples...
Make prediction for 990 samples...
EarlyStopping counter: 11 out of 30
Epoch: 049, Train Loss: 0.8079, Metric: r2, Train: 0.6573, Val: 0.1660, best Val: 0.1787, Test: 0.3964
Training on 4892 samples...
Train epoch: 51 [0/4892 (0%)]	Loss: 0.776127
Make prediction for 4892 samples...
Make prediction for 755 samples...
Make prediction for 990 samples...
EarlyStopping counter: 12 out of 30
Epoch: 050, Train Loss: 0.7949, Metric: r2, Train: 0.6588, Val: 0.1586, best Val: 0.1787, Test: 0.3578
Training on 4892 samples...
Train epoch: 52 [0/4892 (0%)]	Loss: 0.797269
Make prediction for 4892 samples...
Make prediction for 755 samples...
Make prediction for 990 samples...
EarlyStopping counter: 13 out of 30
Epoch: 051, Train Loss: 0.7887, Metric: r2, Train: 0.6180, Val: -0.0739, best Val: 0.1787, Test: 0.2707
Training on 4892 samples...
Train epoch: 53 [0/4892 (0%)]	Loss: 0.755987
Make prediction for 4892 samples...
Make prediction for 755 samples...
Make prediction for 990 samples...
EarlyStopping counter: 14 out of 30
Epoch: 052, Train Loss: 0.7874, Metric: r2, Train: 0.6592, Val: 0.1423, best Val: 0.1787, Test: 0.4108
Training on 4892 samples...
Train epoch: 54 [0/4892 (0%)]	Loss: 0.807971
Make prediction for 4892 samples...
Make prediction for 755 samples...
Make prediction for 990 samples...
EarlyStopping counter: 15 out of 30
Epoch: 053, Train Loss: 0.7734, Metric: r2, Train: 0.6654, Val: 0.1734, best Val: 0.1787, Test: 0.3837
Training on 4892 samples...
Train epoch: 55 [0/4892 (0%)]	Loss: 0.786169
Make prediction for 4892 samples...
Make prediction for 755 samples...
Make prediction for 990 samples...
EarlyStopping counter: 16 out of 30
Epoch: 054, Train Loss: 0.7661, Metric: r2, Train: 0.6130, Val: -0.0452, best Val: 0.1787, Test: 0.4912
Training on 4892 samples...
Train epoch: 56 [0/4892 (0%)]	Loss: 0.823782
Make prediction for 4892 samples...
Make prediction for 755 samples...
Make prediction for 990 samples...
EarlyStopping counter: 17 out of 30
Epoch: 055, Train Loss: 0.7942, Metric: r2, Train: 0.6596, Val: 0.1737, best Val: 0.1787, Test: 0.4046
Training on 4892 samples...
Train epoch: 57 [0/4892 (0%)]	Loss: 0.752862
Make prediction for 4892 samples...
Make prediction for 755 samples...
Make prediction for 990 samples...
EarlyStopping counter: 18 out of 30
Epoch: 056, Train Loss: 0.7695, Metric: r2, Train: 0.5427, Val: -0.0327, best Val: 0.1787, Test: 0.3252
Training on 4892 samples...
Train epoch: 58 [0/4892 (0%)]	Loss: 0.931080
Make prediction for 4892 samples...
Make prediction for 755 samples...
Make prediction for 990 samples...
EarlyStopping counter: 19 out of 30
Epoch: 057, Train Loss: 0.8125, Metric: r2, Train: 0.6441, Val: 0.1004, best Val: 0.1787, Test: 0.5454
Training on 4892 samples...
Train epoch: 59 [0/4892 (0%)]	Loss: 0.785450
Make prediction for 4892 samples...
Make prediction for 755 samples...
Make prediction for 990 samples...
EarlyStopping counter: 20 out of 30
Epoch: 058, Train Loss: 0.7743, Metric: r2, Train: 0.6248, Val: 0.1132, best Val: 0.1787, Test: 0.4339
Training on 4892 samples...
Train epoch: 60 [0/4892 (0%)]	Loss: 0.776291
Make prediction for 4892 samples...
Make prediction for 755 samples...
Make prediction for 990 samples...
EarlyStopping counter: 21 out of 30
Epoch: 059, Train Loss: 0.7614, Metric: r2, Train: 0.6354, Val: -0.2334, best Val: 0.1787, Test: 0.2617
Training on 4892 samples...
Train epoch: 61 [0/4892 (0%)]	Loss: 0.752909
Make prediction for 4892 samples...
Make prediction for 755 samples...
Make prediction for 990 samples...
EarlyStopping counter: 22 out of 30
Epoch: 060, Train Loss: 0.7635, Metric: r2, Train: 0.6195, Val: 0.1498, best Val: 0.1787, Test: 0.4120
Training on 4892 samples...
Train epoch: 62 [0/4892 (0%)]	Loss: 0.800662
Make prediction for 4892 samples...
Make prediction for 755 samples...
Make prediction for 990 samples...
EarlyStopping counter: 23 out of 30
Epoch: 061, Train Loss: 0.7523, Metric: r2, Train: 0.6663, Val: 0.0755, best Val: 0.1787, Test: 0.4588
Training on 4892 samples...
Train epoch: 63 [0/4892 (0%)]	Loss: 0.742630
Make prediction for 4892 samples...
Make prediction for 755 samples...
Make prediction for 990 samples...
EarlyStopping counter: 24 out of 30
Epoch: 062, Train Loss: 0.7531, Metric: r2, Train: 0.6874, Val: 0.1006, best Val: 0.1787, Test: 0.4089
Training on 4892 samples...
Train epoch: 64 [0/4892 (0%)]	Loss: 0.758089
Make prediction for 4892 samples...
Make prediction for 755 samples...
Make prediction for 990 samples...
EarlyStopping counter: 25 out of 30
Epoch: 063, Train Loss: 0.7360, Metric: r2, Train: 0.6758, Val: 0.1027, best Val: 0.1787, Test: 0.4164
Training on 4892 samples...
Train epoch: 65 [0/4892 (0%)]	Loss: 0.763250
Make prediction for 4892 samples...
Make prediction for 755 samples...
Make prediction for 990 samples...
EarlyStopping counter: 26 out of 30
Epoch: 064, Train Loss: 0.7518, Metric: r2, Train: 0.6740, Val: -0.0067, best Val: 0.1787, Test: 0.3448
Training on 4892 samples...
Train epoch: 66 [0/4892 (0%)]	Loss: 0.760584
Make prediction for 4892 samples...
Make prediction for 755 samples...
Make prediction for 990 samples...
EarlyStopping counter: 27 out of 30
Epoch: 065, Train Loss: 0.7306, Metric: r2, Train: 0.6642, Val: 0.0714, best Val: 0.1787, Test: 0.4262
Training on 4892 samples...
Train epoch: 67 [0/4892 (0%)]	Loss: 0.688819
Make prediction for 4892 samples...
Make prediction for 755 samples...
Make prediction for 990 samples...
EarlyStopping counter: 28 out of 30
Epoch: 066, Train Loss: 0.7287, Metric: r2, Train: 0.6422, Val: 0.0840, best Val: 0.1787, Test: 0.4353
Training on 4892 samples...
Train epoch: 68 [0/4892 (0%)]	Loss: 0.762377
Make prediction for 4892 samples...
Make prediction for 755 samples...
Make prediction for 990 samples...
EarlyStopping counter: 29 out of 30
Epoch: 067, Train Loss: 0.7445, Metric: r2, Train: 0.6921, Val: 0.0382, best Val: 0.1787, Test: 0.3832
Training on 4892 samples...
Train epoch: 69 [0/4892 (0%)]	Loss: 0.751848
Make prediction for 4892 samples...
Make prediction for 755 samples...
Make prediction for 990 samples...
EarlyStopping counter: 30 out of 30
Epoch: 068, Train Loss: 0.7108, Metric: r2, Train: 0.6955, Val: 0.0904, best Val: 0.1787, Test: 0.4005
out of patience!
******PAMPA1_Perimeter_2024, 2th_time_result******
train_result: 0.5859
val_result: 0.1787
test_result: 0.3548
Current seed: 2044
Pre-processed data found: data/processed/PAMPA1_Perimeter_2024/PAMPA1_Perimeter_2024_train.pt, loading ...
Pre-processed data found: data/processed/PAMPA1_Perimeter_2024/PAMPA1_Perimeter_2024_valid.pt, loading ...
Pre-processed data found: data/processed/PAMPA1_Perimeter_2024/PAMPA1_Perimeter_2024_test.pt, loading ...
trainset mean:-5.659999847412109 std:0.9699997901916504
Training on 4892 samples...
Train epoch: 1 [0/4892 (0%)]	Loss: 1.499916
Make prediction for 4892 samples...
Make prediction for 755 samples...
Make prediction for 990 samples...
Make prediction for 990 samples...
Epoch: 000, Train Loss: 1.3606, Metric: r2, Train: 0.0046, Val: -0.0023, best Val: -0.0023, Test: -0.0104
Training on 4892 samples...
Train epoch: 2 [0/4892 (0%)]	Loss: 1.307451
Make prediction for 4892 samples...
Make prediction for 755 samples...
Make prediction for 990 samples...
EarlyStopping counter: 1 out of 30
Epoch: 001, Train Loss: 1.3056, Metric: r2, Train: 0.0708, Val: -0.1665, best Val: -0.0023, Test: -0.1553
Training on 4892 samples...
Train epoch: 3 [0/4892 (0%)]	Loss: 1.228342
Make prediction for 4892 samples...
Make prediction for 755 samples...
Make prediction for 990 samples...
EarlyStopping counter: 2 out of 30
Epoch: 002, Train Loss: 1.2300, Metric: r2, Train: 0.1762, Val: -0.0923, best Val: -0.0023, Test: -0.0437
Training on 4892 samples...
Train epoch: 4 [0/4892 (0%)]	Loss: 1.216118
Make prediction for 4892 samples...
Make prediction for 755 samples...
Make prediction for 990 samples...
EarlyStopping counter: 3 out of 30
Epoch: 003, Train Loss: 1.1914, Metric: r2, Train: 0.0607, Val: -0.6146, best Val: -0.0023, Test: -0.2897
Training on 4892 samples...
Train epoch: 5 [0/4892 (0%)]	Loss: 1.285967
Make prediction for 4892 samples...
Make prediction for 755 samples...
Make prediction for 990 samples...
Make prediction for 990 samples...
Epoch: 004, Train Loss: 1.2234, Metric: r2, Train: 0.1969, Val: 0.0087, best Val: 0.0087, Test: 0.0103
Training on 4892 samples...
Train epoch: 6 [0/4892 (0%)]	Loss: 1.163468
Make prediction for 4892 samples...
Make prediction for 755 samples...
Make prediction for 990 samples...
EarlyStopping counter: 1 out of 30
Epoch: 005, Train Loss: 1.1826, Metric: r2, Train: 0.2368, Val: -0.0111, best Val: 0.0087, Test: 0.0832
Training on 4892 samples...
Train epoch: 7 [0/4892 (0%)]	Loss: 1.097628
Make prediction for 4892 samples...
Make prediction for 755 samples...
Make prediction for 990 samples...
EarlyStopping counter: 2 out of 30
Epoch: 006, Train Loss: 1.1603, Metric: r2, Train: 0.1910, Val: -0.3087, best Val: 0.0087, Test: -0.1210
Training on 4892 samples...
Train epoch: 8 [0/4892 (0%)]	Loss: 1.223458
Make prediction for 4892 samples...
Make prediction for 755 samples...
Make prediction for 990 samples...
Make prediction for 990 samples...
Epoch: 007, Train Loss: 1.1558, Metric: r2, Train: 0.2554, Val: 0.0259, best Val: 0.0259, Test: 0.1638
Training on 4892 samples...
Train epoch: 9 [0/4892 (0%)]	Loss: 1.114371
Make prediction for 4892 samples...
Make prediction for 755 samples...
Make prediction for 990 samples...
EarlyStopping counter: 1 out of 30
Epoch: 008, Train Loss: 1.1406, Metric: r2, Train: 0.2464, Val: -0.7404, best Val: 0.0259, Test: -0.1193
Training on 4892 samples...
Train epoch: 10 [0/4892 (0%)]	Loss: 1.103685
Make prediction for 4892 samples...
Make prediction for 755 samples...
Make prediction for 990 samples...
EarlyStopping counter: 2 out of 30
Epoch: 009, Train Loss: 1.1338, Metric: r2, Train: 0.2263, Val: -0.0658, best Val: 0.0259, Test: -0.0374
Training on 4892 samples...
Train epoch: 11 [0/4892 (0%)]	Loss: 1.233571
Make prediction for 4892 samples...
Make prediction for 755 samples...
Make prediction for 990 samples...
EarlyStopping counter: 3 out of 30
Epoch: 010, Train Loss: 1.1465, Metric: r2, Train: 0.2322, Val: -0.0253, best Val: 0.0259, Test: 0.1761
Training on 4892 samples...
Train epoch: 12 [0/4892 (0%)]	Loss: 1.185511
Make prediction for 4892 samples...
Make prediction for 755 samples...
Make prediction for 990 samples...
EarlyStopping counter: 4 out of 30
Epoch: 011, Train Loss: 1.1349, Metric: r2, Train: 0.3144, Val: -0.3144, best Val: 0.0259, Test: 0.0287
Training on 4892 samples...
Train epoch: 13 [0/4892 (0%)]	Loss: 1.173459
Make prediction for 4892 samples...
Make prediction for 755 samples...
Make prediction for 990 samples...
Make prediction for 990 samples...
Epoch: 012, Train Loss: 1.1157, Metric: r2, Train: 0.3213, Val: 0.0719, best Val: 0.0719, Test: 0.1645
Training on 4892 samples...
Train epoch: 14 [0/4892 (0%)]	Loss: 1.078623
Make prediction for 4892 samples...
Make prediction for 755 samples...
Make prediction for 990 samples...
EarlyStopping counter: 1 out of 30
Epoch: 013, Train Loss: 1.1319, Metric: r2, Train: 0.3341, Val: -0.0109, best Val: 0.0719, Test: 0.0838
Training on 4892 samples...
Train epoch: 15 [0/4892 (0%)]	Loss: 1.108413
Make prediction for 4892 samples...
Make prediction for 755 samples...
Make prediction for 990 samples...
EarlyStopping counter: 2 out of 30
Epoch: 014, Train Loss: 1.0915, Metric: r2, Train: 0.3226, Val: -0.2114, best Val: 0.0719, Test: 0.0157
Training on 4892 samples...
Train epoch: 16 [0/4892 (0%)]	Loss: 1.175049
Make prediction for 4892 samples...
Make prediction for 755 samples...
Make prediction for 990 samples...
EarlyStopping counter: 3 out of 30
Epoch: 015, Train Loss: 1.0820, Metric: r2, Train: 0.2425, Val: -0.3164, best Val: 0.0719, Test: 0.0627
Training on 4892 samples...
Train epoch: 17 [0/4892 (0%)]	Loss: 1.173524
Make prediction for 4892 samples...
Make prediction for 755 samples...
Make prediction for 990 samples...
Make prediction for 990 samples...
Epoch: 016, Train Loss: 1.0887, Metric: r2, Train: 0.4002, Val: 0.1016, best Val: 0.1016, Test: 0.2189
Training on 4892 samples...
Train epoch: 18 [0/4892 (0%)]	Loss: 1.127507
Make prediction for 4892 samples...
Make prediction for 755 samples...
Make prediction for 990 samples...
Make prediction for 990 samples...
Epoch: 017, Train Loss: 1.0671, Metric: r2, Train: 0.4263, Val: 0.1228, best Val: 0.1228, Test: 0.2129
Training on 4892 samples...
Train epoch: 19 [0/4892 (0%)]	Loss: 0.997208
Make prediction for 4892 samples...
Make prediction for 755 samples...
Make prediction for 990 samples...
EarlyStopping counter: 1 out of 30
Epoch: 018, Train Loss: 1.0382, Metric: r2, Train: 0.3019, Val: -0.2911, best Val: 0.1228, Test: 0.0071
Training on 4892 samples...
Train epoch: 20 [0/4892 (0%)]	Loss: 1.190027
Make prediction for 4892 samples...
Make prediction for 755 samples...
Make prediction for 990 samples...
EarlyStopping counter: 2 out of 30
Epoch: 019, Train Loss: 1.0665, Metric: r2, Train: 0.4147, Val: 0.0751, best Val: 0.1228, Test: 0.2533
Training on 4892 samples...
Train epoch: 21 [0/4892 (0%)]	Loss: 0.992148
Make prediction for 4892 samples...
Make prediction for 755 samples...
Make prediction for 990 samples...
EarlyStopping counter: 3 out of 30
Epoch: 020, Train Loss: 1.0212, Metric: r2, Train: 0.4138, Val: 0.0758, best Val: 0.1228, Test: 0.3672
Training on 4892 samples...
Train epoch: 22 [0/4892 (0%)]	Loss: 1.109972
Make prediction for 4892 samples...
Make prediction for 755 samples...
Make prediction for 990 samples...
EarlyStopping counter: 4 out of 30
Epoch: 021, Train Loss: 1.0411, Metric: r2, Train: 0.3581, Val: -0.2089, best Val: 0.1228, Test: 0.0758
Training on 4892 samples...
Train epoch: 23 [0/4892 (0%)]	Loss: 1.020293
Make prediction for 4892 samples...
Make prediction for 755 samples...
Make prediction for 990 samples...
EarlyStopping counter: 5 out of 30
Epoch: 022, Train Loss: 1.0491, Metric: r2, Train: 0.4480, Val: 0.0268, best Val: 0.1228, Test: 0.2264
Training on 4892 samples...
Train epoch: 24 [0/4892 (0%)]	Loss: 1.048254
Make prediction for 4892 samples...
Make prediction for 755 samples...
Make prediction for 990 samples...
EarlyStopping counter: 6 out of 30
Epoch: 023, Train Loss: 1.0346, Metric: r2, Train: 0.4733, Val: 0.1182, best Val: 0.1228, Test: 0.1588
Training on 4892 samples...
Train epoch: 25 [0/4892 (0%)]	Loss: 1.057772
Make prediction for 4892 samples...
Make prediction for 755 samples...
Make prediction for 990 samples...
Make prediction for 990 samples...
Epoch: 024, Train Loss: 1.0309, Metric: r2, Train: 0.4540, Val: 0.1343, best Val: 0.1343, Test: 0.2292
Training on 4892 samples...
Train epoch: 26 [0/4892 (0%)]	Loss: 1.087340
Make prediction for 4892 samples...
Make prediction for 755 samples...
Make prediction for 990 samples...
EarlyStopping counter: 1 out of 30
Epoch: 025, Train Loss: 1.0026, Metric: r2, Train: 0.4997, Val: 0.1339, best Val: 0.1343, Test: 0.2517
Training on 4892 samples...
Train epoch: 27 [0/4892 (0%)]	Loss: 1.043365
Make prediction for 4892 samples...
Make prediction for 755 samples...
Make prediction for 990 samples...
EarlyStopping counter: 2 out of 30
Epoch: 026, Train Loss: 0.9864, Metric: r2, Train: 0.5101, Val: -0.0374, best Val: 0.1343, Test: 0.1415
Training on 4892 samples...
Train epoch: 28 [0/4892 (0%)]	Loss: 0.925352
Make prediction for 4892 samples...
Make prediction for 755 samples...
Make prediction for 990 samples...
EarlyStopping counter: 3 out of 30
Epoch: 027, Train Loss: 0.9873, Metric: r2, Train: 0.4656, Val: -0.0658, best Val: 0.1343, Test: 0.2439
Training on 4892 samples...
Train epoch: 29 [0/4892 (0%)]	Loss: 1.061234
Make prediction for 4892 samples...
Make prediction for 755 samples...
Make prediction for 990 samples...
EarlyStopping counter: 4 out of 30
Epoch: 028, Train Loss: 1.0000, Metric: r2, Train: 0.4885, Val: 0.0880, best Val: 0.1343, Test: 0.2952
Training on 4892 samples...
Train epoch: 30 [0/4892 (0%)]	Loss: 0.975788
Make prediction for 4892 samples...
Make prediction for 755 samples...
Make prediction for 990 samples...
EarlyStopping counter: 5 out of 30
Epoch: 029, Train Loss: 0.9724, Metric: r2, Train: 0.5073, Val: 0.1223, best Val: 0.1343, Test: 0.3245
Training on 4892 samples...
Train epoch: 31 [0/4892 (0%)]	Loss: 0.915409
Make prediction for 4892 samples...
Make prediction for 755 samples...
Make prediction for 990 samples...
EarlyStopping counter: 6 out of 30
Epoch: 030, Train Loss: 0.9723, Metric: r2, Train: 0.5253, Val: 0.0320, best Val: 0.1343, Test: 0.3571
Training on 4892 samples...
Train epoch: 32 [0/4892 (0%)]	Loss: 0.943283
Make prediction for 4892 samples...
Make prediction for 755 samples...
Make prediction for 990 samples...
EarlyStopping counter: 7 out of 30
Epoch: 031, Train Loss: 0.9658, Metric: r2, Train: 0.5317, Val: 0.0592, best Val: 0.1343, Test: 0.2713
Training on 4892 samples...
Train epoch: 33 [0/4892 (0%)]	Loss: 0.972281
Make prediction for 4892 samples...
Make prediction for 755 samples...
Make prediction for 990 samples...
EarlyStopping counter: 8 out of 30
Epoch: 032, Train Loss: 0.9514, Metric: r2, Train: 0.5367, Val: 0.0919, best Val: 0.1343, Test: 0.3625
Training on 4892 samples...
Train epoch: 34 [0/4892 (0%)]	Loss: 0.924999
Make prediction for 4892 samples...
Make prediction for 755 samples...
Make prediction for 990 samples...
EarlyStopping counter: 9 out of 30
Epoch: 033, Train Loss: 0.9525, Metric: r2, Train: 0.5496, Val: -0.0004, best Val: 0.1343, Test: 0.2627
Training on 4892 samples...
Train epoch: 35 [0/4892 (0%)]	Loss: 0.952173
Make prediction for 4892 samples...
Make prediction for 755 samples...
Make prediction for 990 samples...
EarlyStopping counter: 10 out of 30
Epoch: 034, Train Loss: 0.9430, Metric: r2, Train: 0.5118, Val: -0.1289, best Val: 0.1343, Test: 0.2030
Training on 4892 samples...
Train epoch: 36 [0/4892 (0%)]	Loss: 1.001608
Make prediction for 4892 samples...
Make prediction for 755 samples...
Make prediction for 990 samples...
Make prediction for 990 samples...
Epoch: 035, Train Loss: 0.9255, Metric: r2, Train: 0.5531, Val: 0.1652, best Val: 0.1652, Test: 0.4072
Training on 4892 samples...
Train epoch: 37 [0/4892 (0%)]	Loss: 0.929743
Make prediction for 4892 samples...
Make prediction for 755 samples...
Make prediction for 990 samples...
EarlyStopping counter: 1 out of 30
Epoch: 036, Train Loss: 0.9367, Metric: r2, Train: 0.4860, Val: -0.1566, best Val: 0.1652, Test: 0.2495
Training on 4892 samples...
Train epoch: 38 [0/4892 (0%)]	Loss: 0.933568
Make prediction for 4892 samples...
Make prediction for 755 samples...
Make prediction for 990 samples...
EarlyStopping counter: 2 out of 30
Epoch: 037, Train Loss: 0.9278, Metric: r2, Train: 0.5122, Val: -0.0012, best Val: 0.1652, Test: 0.3266
Training on 4892 samples...
Train epoch: 39 [0/4892 (0%)]	Loss: 0.952699
Make prediction for 4892 samples...
Make prediction for 755 samples...
Make prediction for 990 samples...
EarlyStopping counter: 3 out of 30
Epoch: 038, Train Loss: 0.9061, Metric: r2, Train: 0.4797, Val: -0.1958, best Val: 0.1652, Test: 0.2757
Training on 4892 samples...
Train epoch: 40 [0/4892 (0%)]	Loss: 0.995381
Make prediction for 4892 samples...
Make prediction for 755 samples...
Make prediction for 990 samples...
EarlyStopping counter: 4 out of 30
Epoch: 039, Train Loss: 0.9139, Metric: r2, Train: 0.5486, Val: -0.0077, best Val: 0.1652, Test: 0.4373
Training on 4892 samples...
Train epoch: 41 [0/4892 (0%)]	Loss: 0.872904
Make prediction for 4892 samples...
Make prediction for 755 samples...
Make prediction for 990 samples...
EarlyStopping counter: 5 out of 30
Epoch: 040, Train Loss: 0.9120, Metric: r2, Train: 0.5152, Val: -0.2977, best Val: 0.1652, Test: 0.1883
Training on 4892 samples...
Train epoch: 42 [0/4892 (0%)]	Loss: 0.948028
Make prediction for 4892 samples...
Make prediction for 755 samples...
Make prediction for 990 samples...
EarlyStopping counter: 6 out of 30
Epoch: 041, Train Loss: 0.8720, Metric: r2, Train: 0.5879, Val: -0.0147, best Val: 0.1652, Test: 0.3754
Training on 4892 samples...
Train epoch: 43 [0/4892 (0%)]	Loss: 0.811083
Make prediction for 4892 samples...
Make prediction for 755 samples...
Make prediction for 990 samples...
EarlyStopping counter: 7 out of 30
Epoch: 042, Train Loss: 0.8498, Metric: r2, Train: 0.5413, Val: -0.1564, best Val: 0.1652, Test: 0.2166
Training on 4892 samples...
Train epoch: 44 [0/4892 (0%)]	Loss: 0.927795
Make prediction for 4892 samples...
Make prediction for 755 samples...
Make prediction for 990 samples...
EarlyStopping counter: 8 out of 30
Epoch: 043, Train Loss: 0.8612, Metric: r2, Train: 0.5067, Val: 0.0114, best Val: 0.1652, Test: 0.3430
Training on 4892 samples...
Train epoch: 45 [0/4892 (0%)]	Loss: 0.896589
Make prediction for 4892 samples...
Make prediction for 755 samples...
Make prediction for 990 samples...
Make prediction for 990 samples...
Epoch: 044, Train Loss: 0.8806, Metric: r2, Train: 0.5792, Val: 0.1657, best Val: 0.1657, Test: 0.3915
Training on 4892 samples...
Train epoch: 46 [0/4892 (0%)]	Loss: 0.871907
Make prediction for 4892 samples...
Make prediction for 755 samples...
Make prediction for 990 samples...
EarlyStopping counter: 1 out of 30
Epoch: 045, Train Loss: 0.8383, Metric: r2, Train: 0.6130, Val: 0.1489, best Val: 0.1657, Test: 0.4696
Training on 4892 samples...
Train epoch: 47 [0/4892 (0%)]	Loss: 0.830432
Make prediction for 4892 samples...
Make prediction for 755 samples...
Make prediction for 990 samples...
EarlyStopping counter: 2 out of 30
Epoch: 046, Train Loss: 0.8257, Metric: r2, Train: 0.5686, Val: -0.2542, best Val: 0.1657, Test: 0.4468
Training on 4892 samples...
Train epoch: 48 [0/4892 (0%)]	Loss: 0.821792
Make prediction for 4892 samples...
Make prediction for 755 samples...
Make prediction for 990 samples...
EarlyStopping counter: 3 out of 30
Epoch: 047, Train Loss: 0.8232, Metric: r2, Train: 0.6174, Val: 0.0792, best Val: 0.1657, Test: 0.3873
Training on 4892 samples...
Train epoch: 49 [0/4892 (0%)]	Loss: 0.800073
Make prediction for 4892 samples...
Make prediction for 755 samples...
Make prediction for 990 samples...
EarlyStopping counter: 4 out of 30
Epoch: 048, Train Loss: 0.8085, Metric: r2, Train: 0.6102, Val: 0.1447, best Val: 0.1657, Test: 0.4076
Training on 4892 samples...
Train epoch: 50 [0/4892 (0%)]	Loss: 0.778885
Make prediction for 4892 samples...
Make prediction for 755 samples...
Make prediction for 990 samples...
EarlyStopping counter: 5 out of 30
Epoch: 049, Train Loss: 0.8052, Metric: r2, Train: 0.6105, Val: -0.1225, best Val: 0.1657, Test: 0.3200
Training on 4892 samples...
Train epoch: 51 [0/4892 (0%)]	Loss: 0.806367
Make prediction for 4892 samples...
Make prediction for 755 samples...
Make prediction for 990 samples...
EarlyStopping counter: 6 out of 30
Epoch: 050, Train Loss: 0.8051, Metric: r2, Train: 0.6461, Val: 0.1193, best Val: 0.1657, Test: 0.5036
Training on 4892 samples...
Train epoch: 52 [0/4892 (0%)]	Loss: 0.790808
Make prediction for 4892 samples...
Make prediction for 755 samples...
Make prediction for 990 samples...
EarlyStopping counter: 7 out of 30
Epoch: 051, Train Loss: 0.7963, Metric: r2, Train: 0.5927, Val: 0.0470, best Val: 0.1657, Test: 0.4233
Training on 4892 samples...
Train epoch: 53 [0/4892 (0%)]	Loss: 0.817619
Make prediction for 4892 samples...
Make prediction for 755 samples...
Make prediction for 990 samples...
EarlyStopping counter: 8 out of 30
Epoch: 052, Train Loss: 0.8116, Metric: r2, Train: 0.6172, Val: 0.0176, best Val: 0.1657, Test: 0.4386
Training on 4892 samples...
Train epoch: 54 [0/4892 (0%)]	Loss: 0.773176
Make prediction for 4892 samples...
Make prediction for 755 samples...
Make prediction for 990 samples...
EarlyStopping counter: 9 out of 30
Epoch: 053, Train Loss: 0.7799, Metric: r2, Train: 0.6549, Val: 0.0512, best Val: 0.1657, Test: 0.4047
Training on 4892 samples...
Train epoch: 55 [0/4892 (0%)]	Loss: 0.763093
Make prediction for 4892 samples...
Make prediction for 755 samples...
Make prediction for 990 samples...
EarlyStopping counter: 10 out of 30
Epoch: 054, Train Loss: 0.7821, Metric: r2, Train: 0.6234, Val: -0.0702, best Val: 0.1657, Test: 0.3299
Training on 4892 samples...
Train epoch: 56 [0/4892 (0%)]	Loss: 0.742327
Make prediction for 4892 samples...
Make prediction for 755 samples...
Make prediction for 990 samples...
EarlyStopping counter: 11 out of 30
Epoch: 055, Train Loss: 0.7711, Metric: r2, Train: 0.6406, Val: 0.0840, best Val: 0.1657, Test: 0.4400
Training on 4892 samples...
Train epoch: 57 [0/4892 (0%)]	Loss: 0.797271
Make prediction for 4892 samples...
Make prediction for 755 samples...
Make prediction for 990 samples...
EarlyStopping counter: 12 out of 30
Epoch: 056, Train Loss: 0.7939, Metric: r2, Train: 0.6497, Val: -0.0697, best Val: 0.1657, Test: 0.2799
Training on 4892 samples...
Train epoch: 58 [0/4892 (0%)]	Loss: 0.756983
Make prediction for 4892 samples...
Make prediction for 755 samples...
Make prediction for 990 samples...
EarlyStopping counter: 13 out of 30
Epoch: 057, Train Loss: 0.7656, Metric: r2, Train: 0.6610, Val: 0.1612, best Val: 0.1657, Test: 0.4746
Training on 4892 samples...
Train epoch: 59 [0/4892 (0%)]	Loss: 0.710189
Make prediction for 4892 samples...
Make prediction for 755 samples...
Make prediction for 990 samples...
EarlyStopping counter: 14 out of 30
Epoch: 058, Train Loss: 0.7528, Metric: r2, Train: 0.5499, Val: -0.3571, best Val: 0.1657, Test: 0.4245
Training on 4892 samples...
Train epoch: 60 [0/4892 (0%)]	Loss: 0.855753
Make prediction for 4892 samples...
Make prediction for 755 samples...
Make prediction for 990 samples...
EarlyStopping counter: 15 out of 30
Epoch: 059, Train Loss: 0.7731, Metric: r2, Train: 0.5247, Val: 0.0238, best Val: 0.1657, Test: 0.4411
Training on 4892 samples...
Train epoch: 61 [0/4892 (0%)]	Loss: 0.802488
Make prediction for 4892 samples...
Make prediction for 755 samples...
Make prediction for 990 samples...
EarlyStopping counter: 16 out of 30
Epoch: 060, Train Loss: 0.7753, Metric: r2, Train: 0.6652, Val: 0.1290, best Val: 0.1657, Test: 0.4702
Training on 4892 samples...
Train epoch: 62 [0/4892 (0%)]	Loss: 0.763278
Make prediction for 4892 samples...
Make prediction for 755 samples...
Make prediction for 990 samples...
EarlyStopping counter: 17 out of 30
Epoch: 061, Train Loss: 0.7421, Metric: r2, Train: 0.6700, Val: 0.1105, best Val: 0.1657, Test: 0.4438
Training on 4892 samples...
Train epoch: 63 [0/4892 (0%)]	Loss: 0.733271
Make prediction for 4892 samples...
Make prediction for 755 samples...
Make prediction for 990 samples...
EarlyStopping counter: 18 out of 30
Epoch: 062, Train Loss: 0.7335, Metric: r2, Train: 0.6733, Val: 0.0347, best Val: 0.1657, Test: 0.4486
Training on 4892 samples...
Train epoch: 64 [0/4892 (0%)]	Loss: 0.790750
Make prediction for 4892 samples...
Make prediction for 755 samples...
Make prediction for 990 samples...
EarlyStopping counter: 19 out of 30
Epoch: 063, Train Loss: 0.7302, Metric: r2, Train: 0.6947, Val: 0.1440, best Val: 0.1657, Test: 0.4659
Training on 4892 samples...
Train epoch: 65 [0/4892 (0%)]	Loss: 0.672934
Make prediction for 4892 samples...
Make prediction for 755 samples...
Make prediction for 990 samples...
EarlyStopping counter: 20 out of 30
Epoch: 064, Train Loss: 0.7338, Metric: r2, Train: 0.6514, Val: -0.0056, best Val: 0.1657, Test: 0.3652
Training on 4892 samples...
Train epoch: 66 [0/4892 (0%)]	Loss: 0.723981
Make prediction for 4892 samples...
Make prediction for 755 samples...
Make prediction for 990 samples...
EarlyStopping counter: 21 out of 30
Epoch: 065, Train Loss: 0.7363, Metric: r2, Train: 0.6773, Val: -0.0184, best Val: 0.1657, Test: 0.4226
Training on 4892 samples...
Train epoch: 67 [0/4892 (0%)]	Loss: 0.737005
Make prediction for 4892 samples...
Make prediction for 755 samples...
Make prediction for 990 samples...
EarlyStopping counter: 22 out of 30
Epoch: 066, Train Loss: 0.7388, Metric: r2, Train: 0.6792, Val: 0.1208, best Val: 0.1657, Test: 0.4280
Training on 4892 samples...
Train epoch: 68 [0/4892 (0%)]	Loss: 0.713568
Make prediction for 4892 samples...
Make prediction for 755 samples...
Make prediction for 990 samples...
Make prediction for 990 samples...
Epoch: 067, Train Loss: 0.7202, Metric: r2, Train: 0.6764, Val: 0.1803, best Val: 0.1803, Test: 0.5069
Training on 4892 samples...
Train epoch: 69 [0/4892 (0%)]	Loss: 0.706765
Make prediction for 4892 samples...
Make prediction for 755 samples...
Make prediction for 990 samples...
EarlyStopping counter: 1 out of 30
Epoch: 068, Train Loss: 0.7220, Metric: r2, Train: 0.5753, Val: -0.4015, best Val: 0.1803, Test: 0.4429
Training on 4892 samples...
Train epoch: 70 [0/4892 (0%)]	Loss: 0.823274
Make prediction for 4892 samples...
Make prediction for 755 samples...
Make prediction for 990 samples...
EarlyStopping counter: 2 out of 30
Epoch: 069, Train Loss: 0.7516, Metric: r2, Train: 0.6658, Val: 0.0431, best Val: 0.1803, Test: 0.5091
Training on 4892 samples...
Train epoch: 71 [0/4892 (0%)]	Loss: 0.706707
Make prediction for 4892 samples...
Make prediction for 755 samples...
Make prediction for 990 samples...
Make prediction for 990 samples...
Epoch: 070, Train Loss: 0.7388, Metric: r2, Train: 0.6967, Val: 0.1844, best Val: 0.1844, Test: 0.4891
Training on 4892 samples...
Train epoch: 72 [0/4892 (0%)]	Loss: 0.682488
Make prediction for 4892 samples...
Make prediction for 755 samples...
Make prediction for 990 samples...
EarlyStopping counter: 1 out of 30
Epoch: 071, Train Loss: 0.7103, Metric: r2, Train: 0.6803, Val: 0.0296, best Val: 0.1844, Test: 0.5401
Training on 4892 samples...
Train epoch: 73 [0/4892 (0%)]	Loss: 0.725611
Make prediction for 4892 samples...
Make prediction for 755 samples...
Make prediction for 990 samples...
EarlyStopping counter: 2 out of 30
Epoch: 072, Train Loss: 0.7214, Metric: r2, Train: 0.6678, Val: -0.0068, best Val: 0.1844, Test: 0.4080
Training on 4892 samples...
Train epoch: 74 [0/4892 (0%)]	Loss: 0.723708
Make prediction for 4892 samples...
Make prediction for 755 samples...
Make prediction for 990 samples...
EarlyStopping counter: 3 out of 30
Epoch: 073, Train Loss: 0.7113, Metric: r2, Train: 0.6918, Val: 0.0621, best Val: 0.1844, Test: 0.4953
Training on 4892 samples...
Train epoch: 75 [0/4892 (0%)]	Loss: 0.697439
Make prediction for 4892 samples...
Make prediction for 755 samples...
Make prediction for 990 samples...
EarlyStopping counter: 4 out of 30
Epoch: 074, Train Loss: 0.7186, Metric: r2, Train: 0.6947, Val: 0.1390, best Val: 0.1844, Test: 0.4436
Training on 4892 samples...
Train epoch: 76 [0/4892 (0%)]	Loss: 0.681678
Make prediction for 4892 samples...
Make prediction for 755 samples...
Make prediction for 990 samples...
EarlyStopping counter: 5 out of 30
Epoch: 075, Train Loss: 0.7000, Metric: r2, Train: 0.7226, Val: 0.1583, best Val: 0.1844, Test: 0.4977
Training on 4892 samples...
Train epoch: 77 [0/4892 (0%)]	Loss: 0.721962
Make prediction for 4892 samples...
Make prediction for 755 samples...
Make prediction for 990 samples...
EarlyStopping counter: 6 out of 30
Epoch: 076, Train Loss: 0.7022, Metric: r2, Train: 0.7012, Val: 0.1568, best Val: 0.1844, Test: 0.5228
Training on 4892 samples...
Train epoch: 78 [0/4892 (0%)]	Loss: 0.702724
Make prediction for 4892 samples...
Make prediction for 755 samples...
Make prediction for 990 samples...
EarlyStopping counter: 7 out of 30
Epoch: 077, Train Loss: 0.7177, Metric: r2, Train: 0.6860, Val: 0.1422, best Val: 0.1844, Test: 0.5002
Training on 4892 samples...
Train epoch: 79 [0/4892 (0%)]	Loss: 0.684833
Make prediction for 4892 samples...
Make prediction for 755 samples...
Make prediction for 990 samples...
EarlyStopping counter: 8 out of 30
Epoch: 078, Train Loss: 0.7152, Metric: r2, Train: 0.7072, Val: 0.1244, best Val: 0.1844, Test: 0.5502
Training on 4892 samples...
Train epoch: 80 [0/4892 (0%)]	Loss: 0.744345
Make prediction for 4892 samples...
Make prediction for 755 samples...
Make prediction for 990 samples...
EarlyStopping counter: 9 out of 30
Epoch: 079, Train Loss: 0.6971, Metric: r2, Train: 0.7171, Val: 0.1580, best Val: 0.1844, Test: 0.5693
Training on 4892 samples...
Train epoch: 81 [0/4892 (0%)]	Loss: 0.667605
Make prediction for 4892 samples...
Make prediction for 755 samples...
Make prediction for 990 samples...
EarlyStopping counter: 10 out of 30
Epoch: 080, Train Loss: 0.6929, Metric: r2, Train: 0.5767, Val: -0.4843, best Val: 0.1844, Test: 0.3929
Training on 4892 samples...
Train epoch: 82 [0/4892 (0%)]	Loss: 0.780021
Make prediction for 4892 samples...
Make prediction for 755 samples...
Make prediction for 990 samples...
EarlyStopping counter: 11 out of 30
Epoch: 081, Train Loss: 0.7247, Metric: r2, Train: 0.7010, Val: 0.1360, best Val: 0.1844, Test: 0.4323
Training on 4892 samples...
Train epoch: 83 [0/4892 (0%)]	Loss: 0.735727
Make prediction for 4892 samples...
Make prediction for 755 samples...
Make prediction for 990 samples...
Make prediction for 990 samples...
Epoch: 082, Train Loss: 0.6901, Metric: r2, Train: 0.6864, Val: 0.1909, best Val: 0.1909, Test: 0.5281
Training on 4892 samples...
Train epoch: 84 [0/4892 (0%)]	Loss: 0.715916
Make prediction for 4892 samples...
Make prediction for 755 samples...
Make prediction for 990 samples...
EarlyStopping counter: 1 out of 30
Epoch: 083, Train Loss: 0.6962, Metric: r2, Train: 0.6571, Val: 0.0951, best Val: 0.1909, Test: 0.4476
Training on 4892 samples...
Train epoch: 85 [0/4892 (0%)]	Loss: 0.716459
Make prediction for 4892 samples...
Make prediction for 755 samples...
Make prediction for 990 samples...
EarlyStopping counter: 2 out of 30
Epoch: 084, Train Loss: 0.7009, Metric: r2, Train: 0.7298, Val: 0.1544, best Val: 0.1909, Test: 0.4741
Training on 4892 samples...
Train epoch: 86 [0/4892 (0%)]	Loss: 0.676549
Make prediction for 4892 samples...
Make prediction for 755 samples...
Make prediction for 990 samples...
EarlyStopping counter: 3 out of 30
Epoch: 085, Train Loss: 0.6780, Metric: r2, Train: 0.7143, Val: -0.2131, best Val: 0.1909, Test: 0.3439
Training on 4892 samples...
Train epoch: 87 [0/4892 (0%)]	Loss: 0.722627
Make prediction for 4892 samples...
Make prediction for 755 samples...
Make prediction for 990 samples...
EarlyStopping counter: 4 out of 30
Epoch: 086, Train Loss: 0.6818, Metric: r2, Train: 0.7448, Val: 0.1598, best Val: 0.1909, Test: 0.5469
Training on 4892 samples...
Train epoch: 88 [0/4892 (0%)]	Loss: 0.681127
Make prediction for 4892 samples...
Make prediction for 755 samples...
Make prediction for 990 samples...
EarlyStopping counter: 5 out of 30
Epoch: 087, Train Loss: 0.6815, Metric: r2, Train: 0.6844, Val: -0.0828, best Val: 0.1909, Test: 0.4691
Training on 4892 samples...
Train epoch: 89 [0/4892 (0%)]	Loss: 0.739731
Make prediction for 4892 samples...
Make prediction for 755 samples...
Make prediction for 990 samples...
EarlyStopping counter: 6 out of 30
Epoch: 088, Train Loss: 0.6918, Metric: r2, Train: 0.5724, Val: 0.0367, best Val: 0.1909, Test: 0.4334
Training on 4892 samples...
Train epoch: 90 [0/4892 (0%)]	Loss: 0.813380
Make prediction for 4892 samples...
Make prediction for 755 samples...
Make prediction for 990 samples...
EarlyStopping counter: 7 out of 30
Epoch: 089, Train Loss: 0.7061, Metric: r2, Train: 0.7182, Val: 0.1597, best Val: 0.1909, Test: 0.5270
Training on 4892 samples...
Train epoch: 91 [0/4892 (0%)]	Loss: 0.675188
Make prediction for 4892 samples...
Make prediction for 755 samples...
Make prediction for 990 samples...
EarlyStopping counter: 8 out of 30
Epoch: 090, Train Loss: 0.6906, Metric: r2, Train: 0.7295, Val: 0.0795, best Val: 0.1909, Test: 0.5219
Training on 4892 samples...
Train epoch: 92 [0/4892 (0%)]	Loss: 0.675883
Make prediction for 4892 samples...
Make prediction for 755 samples...
Make prediction for 990 samples...
EarlyStopping counter: 9 out of 30
Epoch: 091, Train Loss: 0.6716, Metric: r2, Train: 0.7482, Val: 0.1531, best Val: 0.1909, Test: 0.5431
Training on 4892 samples...
Train epoch: 93 [0/4892 (0%)]	Loss: 0.645518
Make prediction for 4892 samples...
Make prediction for 755 samples...
Make prediction for 990 samples...
EarlyStopping counter: 10 out of 30
Epoch: 092, Train Loss: 0.6720, Metric: r2, Train: 0.7234, Val: 0.1058, best Val: 0.1909, Test: 0.5272
Training on 4892 samples...
Train epoch: 94 [0/4892 (0%)]	Loss: 0.672069
Make prediction for 4892 samples...
Make prediction for 755 samples...
Make prediction for 990 samples...
EarlyStopping counter: 11 out of 30
Epoch: 093, Train Loss: 0.6803, Metric: r2, Train: 0.7355, Val: 0.1832, best Val: 0.1909, Test: 0.4816
Training on 4892 samples...
Train epoch: 95 [0/4892 (0%)]	Loss: 0.713428
Make prediction for 4892 samples...
Make prediction for 755 samples...
Make prediction for 990 samples...
EarlyStopping counter: 12 out of 30
Epoch: 094, Train Loss: 0.6692, Metric: r2, Train: 0.6804, Val: 0.0208, best Val: 0.1909, Test: 0.3964
Training on 4892 samples...
Train epoch: 96 [0/4892 (0%)]	Loss: 0.696613
Make prediction for 4892 samples...
Make prediction for 755 samples...
Make prediction for 990 samples...
EarlyStopping counter: 13 out of 30
Epoch: 095, Train Loss: 0.6869, Metric: r2, Train: 0.6966, Val: -0.0301, best Val: 0.1909, Test: 0.3777
Training on 4892 samples...
Train epoch: 97 [0/4892 (0%)]	Loss: 0.716467
Make prediction for 4892 samples...
Make prediction for 755 samples...
Make prediction for 990 samples...
EarlyStopping counter: 14 out of 30
Epoch: 096, Train Loss: 0.6798, Metric: r2, Train: 0.7545, Val: 0.1842, best Val: 0.1909, Test: 0.4667
Training on 4892 samples...
Train epoch: 98 [0/4892 (0%)]	Loss: 0.697191
Make prediction for 4892 samples...
Make prediction for 755 samples...
Make prediction for 990 samples...
EarlyStopping counter: 15 out of 30
Epoch: 097, Train Loss: 0.6542, Metric: r2, Train: 0.7629, Val: 0.0901, best Val: 0.1909, Test: 0.4446
Training on 4892 samples...
Train epoch: 99 [0/4892 (0%)]	Loss: 0.622810
Make prediction for 4892 samples...
Make prediction for 755 samples...
Make prediction for 990 samples...
EarlyStopping counter: 16 out of 30
Epoch: 098, Train Loss: 0.6556, Metric: r2, Train: 0.7305, Val: 0.1258, best Val: 0.1909, Test: 0.5137
Training on 4892 samples...
Train epoch: 100 [0/4892 (0%)]	Loss: 0.689734
Make prediction for 4892 samples...
Make prediction for 755 samples...
Make prediction for 990 samples...
EarlyStopping counter: 17 out of 30
Epoch: 099, Train Loss: 0.6646, Metric: r2, Train: 0.7276, Val: 0.1850, best Val: 0.1909, Test: 0.5528
Training on 4892 samples...
Train epoch: 101 [0/4892 (0%)]	Loss: 0.658687
Make prediction for 4892 samples...
Make prediction for 755 samples...
Make prediction for 990 samples...
EarlyStopping counter: 18 out of 30
Epoch: 100, Train Loss: 0.6709, Metric: r2, Train: 0.7511, Val: 0.0863, best Val: 0.1909, Test: 0.4444
Training on 4892 samples...
Train epoch: 102 [0/4892 (0%)]	Loss: 0.658970
Make prediction for 4892 samples...
Make prediction for 755 samples...
Make prediction for 990 samples...
EarlyStopping counter: 19 out of 30
Epoch: 101, Train Loss: 0.6563, Metric: r2, Train: 0.7642, Val: 0.1073, best Val: 0.1909, Test: 0.5605
Training on 4892 samples...
Train epoch: 103 [0/4892 (0%)]	Loss: 0.625322
Make prediction for 4892 samples...
Make prediction for 755 samples...
Make prediction for 990 samples...
EarlyStopping counter: 20 out of 30
Epoch: 102, Train Loss: 0.6692, Metric: r2, Train: 0.7234, Val: 0.1872, best Val: 0.1909, Test: 0.4489
Training on 4892 samples...
Train epoch: 104 [0/4892 (0%)]	Loss: 0.676897
Make prediction for 4892 samples...
Make prediction for 755 samples...
Make prediction for 990 samples...
EarlyStopping counter: 21 out of 30
Epoch: 103, Train Loss: 0.6823, Metric: r2, Train: 0.7455, Val: -0.0307, best Val: 0.1909, Test: 0.3865
Training on 4892 samples...
Train epoch: 105 [0/4892 (0%)]	Loss: 0.643805
Make prediction for 4892 samples...
Make prediction for 755 samples...
Make prediction for 990 samples...
EarlyStopping counter: 22 out of 30
Epoch: 104, Train Loss: 0.6563, Metric: r2, Train: 0.7429, Val: 0.1474, best Val: 0.1909, Test: 0.4843
Training on 4892 samples...
Train epoch: 106 [0/4892 (0%)]	Loss: 0.649119
Make prediction for 4892 samples...
Make prediction for 755 samples...
Make prediction for 990 samples...
EarlyStopping counter: 23 out of 30
Epoch: 105, Train Loss: 0.6652, Metric: r2, Train: 0.7570, Val: 0.1574, best Val: 0.1909, Test: 0.4562
Training on 4892 samples...
Train epoch: 107 [0/4892 (0%)]	Loss: 0.615935
Make prediction for 4892 samples...
Make prediction for 755 samples...
Make prediction for 990 samples...
EarlyStopping counter: 24 out of 30
Epoch: 106, Train Loss: 0.6454, Metric: r2, Train: 0.7614, Val: 0.1476, best Val: 0.1909, Test: 0.4632
Training on 4892 samples...
Train epoch: 108 [0/4892 (0%)]	Loss: 0.661420
Make prediction for 4892 samples...
Make prediction for 755 samples...
Make prediction for 990 samples...
EarlyStopping counter: 25 out of 30
Epoch: 107, Train Loss: 0.6514, Metric: r2, Train: 0.7685, Val: 0.1887, best Val: 0.1909, Test: 0.5083
Training on 4892 samples...
Train epoch: 109 [0/4892 (0%)]	Loss: 0.649861
Make prediction for 4892 samples...
Make prediction for 755 samples...
Make prediction for 990 samples...
Make prediction for 990 samples...
Epoch: 108, Train Loss: 0.6480, Metric: r2, Train: 0.7768, Val: 0.1984, best Val: 0.1984, Test: 0.5163
Training on 4892 samples...
Train epoch: 110 [0/4892 (0%)]	Loss: 0.637318
Make prediction for 4892 samples...
Make prediction for 755 samples...
Make prediction for 990 samples...
EarlyStopping counter: 1 out of 30
Epoch: 109, Train Loss: 0.6426, Metric: r2, Train: 0.7458, Val: 0.0788, best Val: 0.1984, Test: 0.3878
Training on 4892 samples...
Train epoch: 111 [0/4892 (0%)]	Loss: 0.665893
Make prediction for 4892 samples...
Make prediction for 755 samples...
Make prediction for 990 samples...
EarlyStopping counter: 2 out of 30
Epoch: 110, Train Loss: 0.6504, Metric: r2, Train: 0.7212, Val: 0.1475, best Val: 0.1984, Test: 0.4518
Training on 4892 samples...
Train epoch: 112 [0/4892 (0%)]	Loss: 0.677342
Make prediction for 4892 samples...
Make prediction for 755 samples...
Make prediction for 990 samples...
EarlyStopping counter: 3 out of 30
Epoch: 111, Train Loss: 0.6495, Metric: r2, Train: 0.7487, Val: 0.0445, best Val: 0.1984, Test: 0.3781
Training on 4892 samples...
Train epoch: 113 [0/4892 (0%)]	Loss: 0.638087
Make prediction for 4892 samples...
Make prediction for 755 samples...
Make prediction for 990 samples...
EarlyStopping counter: 4 out of 30
Epoch: 112, Train Loss: 0.6400, Metric: r2, Train: 0.7501, Val: 0.1487, best Val: 0.1984, Test: 0.4285
Training on 4892 samples...
Train epoch: 114 [0/4892 (0%)]	Loss: 0.605149
Make prediction for 4892 samples...
Make prediction for 755 samples...
Make prediction for 990 samples...
Make prediction for 990 samples...
Epoch: 113, Train Loss: 0.6379, Metric: r2, Train: 0.7643, Val: 0.2122, best Val: 0.2122, Test: 0.5015
Training on 4892 samples...
Train epoch: 115 [0/4892 (0%)]	Loss: 0.626972
Make prediction for 4892 samples...
Make prediction for 755 samples...
Make prediction for 990 samples...
EarlyStopping counter: 1 out of 30
Epoch: 114, Train Loss: 0.6336, Metric: r2, Train: 0.7762, Val: 0.1861, best Val: 0.2122, Test: 0.5255
Training on 4892 samples...
Train epoch: 116 [0/4892 (0%)]	Loss: 0.636485
Make prediction for 4892 samples...
Make prediction for 755 samples...
Make prediction for 990 samples...
EarlyStopping counter: 2 out of 30
Epoch: 115, Train Loss: 0.6477, Metric: r2, Train: 0.7685, Val: 0.1729, best Val: 0.2122, Test: 0.4950
Training on 4892 samples...
Train epoch: 117 [0/4892 (0%)]	Loss: 0.639479
Make prediction for 4892 samples...
Make prediction for 755 samples...
Make prediction for 990 samples...
EarlyStopping counter: 3 out of 30
Epoch: 116, Train Loss: 0.6511, Metric: r2, Train: 0.7640, Val: 0.1458, best Val: 0.2122, Test: 0.4050
Training on 4892 samples...
Train epoch: 118 [0/4892 (0%)]	Loss: 0.647881
Make prediction for 4892 samples...
Make prediction for 755 samples...
Make prediction for 990 samples...
EarlyStopping counter: 4 out of 30
Epoch: 117, Train Loss: 0.6360, Metric: r2, Train: 0.7885, Val: 0.1821, best Val: 0.2122, Test: 0.4965
Training on 4892 samples...
Train epoch: 119 [0/4892 (0%)]	Loss: 0.640817
Make prediction for 4892 samples...
Make prediction for 755 samples...
Make prediction for 990 samples...
EarlyStopping counter: 5 out of 30
Epoch: 118, Train Loss: 0.6270, Metric: r2, Train: 0.7784, Val: 0.1010, best Val: 0.2122, Test: 0.5253
Training on 4892 samples...
Train epoch: 120 [0/4892 (0%)]	Loss: 0.638931
Make prediction for 4892 samples...
Make prediction for 755 samples...
Make prediction for 990 samples...
Make prediction for 990 samples...
Epoch: 119, Train Loss: 0.6342, Metric: r2, Train: 0.7820, Val: 0.2158, best Val: 0.2158, Test: 0.5023
Training on 4892 samples...
Train epoch: 121 [0/4892 (0%)]	Loss: 0.586139
Make prediction for 4892 samples...
Make prediction for 755 samples...
Make prediction for 990 samples...
EarlyStopping counter: 1 out of 30
Epoch: 120, Train Loss: 0.6399, Metric: r2, Train: 0.7265, Val: -0.1655, best Val: 0.2158, Test: 0.4700
Training on 4892 samples...
Train epoch: 122 [0/4892 (0%)]	Loss: 0.670934
Make prediction for 4892 samples...
Make prediction for 755 samples...
Make prediction for 990 samples...
EarlyStopping counter: 2 out of 30
Epoch: 121, Train Loss: 0.6354, Metric: r2, Train: 0.7794, Val: 0.1761, best Val: 0.2158, Test: 0.4884
Training on 4892 samples...
Train epoch: 123 [0/4892 (0%)]	Loss: 0.656544
Make prediction for 4892 samples...
Make prediction for 755 samples...
Make prediction for 990 samples...
EarlyStopping counter: 3 out of 30
Epoch: 122, Train Loss: 0.6354, Metric: r2, Train: 0.7204, Val: -0.1049, best Val: 0.2158, Test: 0.4333
Training on 4892 samples...
Train epoch: 124 [0/4892 (0%)]	Loss: 0.633950
Make prediction for 4892 samples...
Make prediction for 755 samples...
Make prediction for 990 samples...
EarlyStopping counter: 4 out of 30
Epoch: 123, Train Loss: 0.6658, Metric: r2, Train: 0.7490, Val: -0.0482, best Val: 0.2158, Test: 0.5967
Training on 4892 samples...
Train epoch: 125 [0/4892 (0%)]	Loss: 0.647353
Make prediction for 4892 samples...
Make prediction for 755 samples...
Make prediction for 990 samples...
EarlyStopping counter: 5 out of 30
Epoch: 124, Train Loss: 0.6400, Metric: r2, Train: 0.7534, Val: 0.1386, best Val: 0.2158, Test: 0.3786
Training on 4892 samples...
Train epoch: 126 [0/4892 (0%)]	Loss: 0.604380
Make prediction for 4892 samples...
Make prediction for 755 samples...
Make prediction for 990 samples...
EarlyStopping counter: 6 out of 30
Epoch: 125, Train Loss: 0.6384, Metric: r2, Train: 0.7795, Val: 0.1526, best Val: 0.2158, Test: 0.4535
Training on 4892 samples...
Train epoch: 127 [0/4892 (0%)]	Loss: 0.631678
Make prediction for 4892 samples...
Make prediction for 755 samples...
Make prediction for 990 samples...
EarlyStopping counter: 7 out of 30
Epoch: 126, Train Loss: 0.6273, Metric: r2, Train: 0.7838, Val: 0.1746, best Val: 0.2158, Test: 0.4581
Training on 4892 samples...
Train epoch: 128 [0/4892 (0%)]	Loss: 0.591244
Make prediction for 4892 samples...
Make prediction for 755 samples...
Make prediction for 990 samples...
EarlyStopping counter: 8 out of 30
Epoch: 127, Train Loss: 0.6317, Metric: r2, Train: 0.7756, Val: 0.2073, best Val: 0.2158, Test: 0.4425
Training on 4892 samples...
Train epoch: 129 [0/4892 (0%)]	Loss: 0.652654
Make prediction for 4892 samples...
Make prediction for 755 samples...
Make prediction for 990 samples...
EarlyStopping counter: 9 out of 30
Epoch: 128, Train Loss: 0.6428, Metric: r2, Train: 0.7636, Val: 0.1373, best Val: 0.2158, Test: 0.5046
Training on 4892 samples...
Train epoch: 130 [0/4892 (0%)]	Loss: 0.638124
Make prediction for 4892 samples...
Make prediction for 755 samples...
Make prediction for 990 samples...
EarlyStopping counter: 10 out of 30
Epoch: 129, Train Loss: 0.6310, Metric: r2, Train: 0.7817, Val: 0.1866, best Val: 0.2158, Test: 0.5127
Training on 4892 samples...
Train epoch: 131 [0/4892 (0%)]	Loss: 0.631409
Make prediction for 4892 samples...
Make prediction for 755 samples...
Make prediction for 990 samples...
EarlyStopping counter: 11 out of 30
Epoch: 130, Train Loss: 0.6218, Metric: r2, Train: 0.7725, Val: 0.0780, best Val: 0.2158, Test: 0.3903
Training on 4892 samples...
Train epoch: 132 [0/4892 (0%)]	Loss: 0.638043
Make prediction for 4892 samples...
Make prediction for 755 samples...
Make prediction for 990 samples...
EarlyStopping counter: 12 out of 30
Epoch: 131, Train Loss: 0.6331, Metric: r2, Train: 0.7946, Val: 0.1852, best Val: 0.2158, Test: 0.4636
Training on 4892 samples...
Train epoch: 133 [0/4892 (0%)]	Loss: 0.613790
Make prediction for 4892 samples...
Make prediction for 755 samples...
Make prediction for 990 samples...
EarlyStopping counter: 13 out of 30
Epoch: 132, Train Loss: 0.6177, Metric: r2, Train: 0.7661, Val: 0.1422, best Val: 0.2158, Test: 0.4490
Training on 4892 samples...
Train epoch: 134 [0/4892 (0%)]	Loss: 0.616093
Make prediction for 4892 samples...
Make prediction for 755 samples...
Make prediction for 990 samples...
EarlyStopping counter: 14 out of 30
Epoch: 133, Train Loss: 0.6273, Metric: r2, Train: 0.7864, Val: 0.2041, best Val: 0.2158, Test: 0.4628
Training on 4892 samples...
Train epoch: 135 [0/4892 (0%)]	Loss: 0.604136
Make prediction for 4892 samples...
Make prediction for 755 samples...
Make prediction for 990 samples...
EarlyStopping counter: 15 out of 30
Epoch: 134, Train Loss: 0.6176, Metric: r2, Train: 0.7977, Val: 0.2148, best Val: 0.2158, Test: 0.4451
Training on 4892 samples...
Train epoch: 136 [0/4892 (0%)]	Loss: 0.624221
Make prediction for 4892 samples...
Make prediction for 755 samples...
Make prediction for 990 samples...
EarlyStopping counter: 16 out of 30
Epoch: 135, Train Loss: 0.6176, Metric: r2, Train: 0.7832, Val: 0.2120, best Val: 0.2158, Test: 0.4525
Training on 4892 samples...
Train epoch: 137 [0/4892 (0%)]	Loss: 0.608632
Make prediction for 4892 samples...
Make prediction for 755 samples...
Make prediction for 990 samples...
EarlyStopping counter: 17 out of 30
Epoch: 136, Train Loss: 0.6233, Metric: r2, Train: 0.7996, Val: 0.1776, best Val: 0.2158, Test: 0.5129
Training on 4892 samples...
Train epoch: 138 [0/4892 (0%)]	Loss: 0.591332
Make prediction for 4892 samples...
Make prediction for 755 samples...
Make prediction for 990 samples...
Make prediction for 990 samples...
Epoch: 137, Train Loss: 0.6162, Metric: r2, Train: 0.7958, Val: 0.2173, best Val: 0.2173, Test: 0.4725
Training on 4892 samples...
Train epoch: 139 [0/4892 (0%)]	Loss: 0.616665
Make prediction for 4892 samples...
Make prediction for 755 samples...
Make prediction for 990 samples...
EarlyStopping counter: 1 out of 30
Epoch: 138, Train Loss: 0.6086, Metric: r2, Train: 0.7316, Val: 0.1244, best Val: 0.2173, Test: 0.4053
Training on 4892 samples...
Train epoch: 140 [0/4892 (0%)]	Loss: 0.636263
Make prediction for 4892 samples...
Make prediction for 755 samples...
Make prediction for 990 samples...
EarlyStopping counter: 2 out of 30
Epoch: 139, Train Loss: 0.6368, Metric: r2, Train: 0.7741, Val: 0.1228, best Val: 0.2173, Test: 0.3926
Training on 4892 samples...
Train epoch: 141 [0/4892 (0%)]	Loss: 0.603352
Make prediction for 4892 samples...
Make prediction for 755 samples...
Make prediction for 990 samples...
EarlyStopping counter: 3 out of 30
Epoch: 140, Train Loss: 0.6159, Metric: r2, Train: 0.8000, Val: 0.1937, best Val: 0.2173, Test: 0.4731
Training on 4892 samples...
Train epoch: 142 [0/4892 (0%)]	Loss: 0.586405
Make prediction for 4892 samples...
Make prediction for 755 samples...
Make prediction for 990 samples...
EarlyStopping counter: 4 out of 30
Epoch: 141, Train Loss: 0.6089, Metric: r2, Train: 0.7940, Val: 0.1919, best Val: 0.2173, Test: 0.4715
Training on 4892 samples...
Train epoch: 143 [0/4892 (0%)]	Loss: 0.612977
Make prediction for 4892 samples...
Make prediction for 755 samples...
Make prediction for 990 samples...
EarlyStopping counter: 5 out of 30
Epoch: 142, Train Loss: 0.6139, Metric: r2, Train: 0.7890, Val: 0.1726, best Val: 0.2173, Test: 0.5065
Training on 4892 samples...
Train epoch: 144 [0/4892 (0%)]	Loss: 0.577179
Make prediction for 4892 samples...
Make prediction for 755 samples...
Make prediction for 990 samples...
EarlyStopping counter: 6 out of 30
Epoch: 143, Train Loss: 0.6052, Metric: r2, Train: 0.7648, Val: 0.0601, best Val: 0.2173, Test: 0.4131
Training on 4892 samples...
Train epoch: 145 [0/4892 (0%)]	Loss: 0.635505
Make prediction for 4892 samples...
Make prediction for 755 samples...
Make prediction for 990 samples...
EarlyStopping counter: 7 out of 30
Epoch: 144, Train Loss: 0.6076, Metric: r2, Train: 0.7779, Val: 0.1915, best Val: 0.2173, Test: 0.4030
Training on 4892 samples...
Train epoch: 146 [0/4892 (0%)]	Loss: 0.616591
Make prediction for 4892 samples...
Make prediction for 755 samples...
Make prediction for 990 samples...
EarlyStopping counter: 8 out of 30
Epoch: 145, Train Loss: 0.6246, Metric: r2, Train: 0.7732, Val: 0.1974, best Val: 0.2173, Test: 0.3916
Training on 4892 samples...
Train epoch: 147 [0/4892 (0%)]	Loss: 0.611954
Make prediction for 4892 samples...
Make prediction for 755 samples...
Make prediction for 990 samples...
EarlyStopping counter: 9 out of 30
Epoch: 146, Train Loss: 0.6163, Metric: r2, Train: 0.7973, Val: 0.1255, best Val: 0.2173, Test: 0.3427
Training on 4892 samples...
Train epoch: 148 [0/4892 (0%)]	Loss: 0.622469
Make prediction for 4892 samples...
Make prediction for 755 samples...
Make prediction for 990 samples...
EarlyStopping counter: 10 out of 30
Epoch: 147, Train Loss: 0.6083, Metric: r2, Train: 0.7788, Val: 0.1699, best Val: 0.2173, Test: 0.4161
Training on 4892 samples...
Train epoch: 149 [0/4892 (0%)]	Loss: 0.594998
Make prediction for 4892 samples...
Make prediction for 755 samples...
Make prediction for 990 samples...
EarlyStopping counter: 11 out of 30
Epoch: 148, Train Loss: 0.6140, Metric: r2, Train: 0.7926, Val: 0.1743, best Val: 0.2173, Test: 0.4363
Training on 4892 samples...
Train epoch: 150 [0/4892 (0%)]	Loss: 0.609362
Make prediction for 4892 samples...
Make prediction for 755 samples...
Make prediction for 990 samples...
EarlyStopping counter: 12 out of 30
Epoch: 149, Train Loss: 0.6018, Metric: r2, Train: 0.7933, Val: 0.1548, best Val: 0.2173, Test: 0.4578
Training on 4892 samples...
Train epoch: 151 [0/4892 (0%)]	Loss: 0.597361
Make prediction for 4892 samples...
Make prediction for 755 samples...
Make prediction for 990 samples...
EarlyStopping counter: 13 out of 30
Epoch: 150, Train Loss: 0.5986, Metric: r2, Train: 0.7980, Val: 0.1202, best Val: 0.2173, Test: 0.4672
Training on 4892 samples...
Train epoch: 152 [0/4892 (0%)]	Loss: 0.588444
Make prediction for 4892 samples...
Make prediction for 755 samples...
Make prediction for 990 samples...
EarlyStopping counter: 14 out of 30
Epoch: 151, Train Loss: 0.6147, Metric: r2, Train: 0.7736, Val: 0.0400, best Val: 0.2173, Test: 0.4836
Training on 4892 samples...
Train epoch: 153 [0/4892 (0%)]	Loss: 0.584960
Make prediction for 4892 samples...
Make prediction for 755 samples...
Make prediction for 990 samples...
EarlyStopping counter: 15 out of 30
Epoch: 152, Train Loss: 0.6097, Metric: r2, Train: 0.7705, Val: 0.0586, best Val: 0.2173, Test: 0.3744
Training on 4892 samples...
Train epoch: 154 [0/4892 (0%)]	Loss: 0.642689
Make prediction for 4892 samples...
Make prediction for 755 samples...
Make prediction for 990 samples...
EarlyStopping counter: 16 out of 30
Epoch: 153, Train Loss: 0.6077, Metric: r2, Train: 0.8077, Val: 0.1862, best Val: 0.2173, Test: 0.4261
Training on 4892 samples...
Train epoch: 155 [0/4892 (0%)]	Loss: 0.582403
Make prediction for 4892 samples...
Make prediction for 755 samples...
Make prediction for 990 samples...
EarlyStopping counter: 17 out of 30
Epoch: 154, Train Loss: 0.6110, Metric: r2, Train: 0.7959, Val: 0.1564, best Val: 0.2173, Test: 0.3758
Training on 4892 samples...
Train epoch: 156 [0/4892 (0%)]	Loss: 0.660760
Make prediction for 4892 samples...
Make prediction for 755 samples...
Make prediction for 990 samples...
EarlyStopping counter: 18 out of 30
Epoch: 155, Train Loss: 0.5959, Metric: r2, Train: 0.7948, Val: 0.1733, best Val: 0.2173, Test: 0.3793
Training on 4892 samples...
Train epoch: 157 [0/4892 (0%)]	Loss: 0.573450
Make prediction for 4892 samples...
Make prediction for 755 samples...
Make prediction for 990 samples...
EarlyStopping counter: 19 out of 30
Epoch: 156, Train Loss: 0.5957, Metric: r2, Train: 0.7889, Val: 0.1765, best Val: 0.2173, Test: 0.4471
Training on 4892 samples...
Train epoch: 158 [0/4892 (0%)]	Loss: 0.617602
Make prediction for 4892 samples...
Make prediction for 755 samples...
Make prediction for 990 samples...
EarlyStopping counter: 20 out of 30
Epoch: 157, Train Loss: 0.5977, Metric: r2, Train: 0.8126, Val: 0.1674, best Val: 0.2173, Test: 0.4436
Training on 4892 samples...
Train epoch: 159 [0/4892 (0%)]	Loss: 0.591422
Make prediction for 4892 samples...
Make prediction for 755 samples...
Make prediction for 990 samples...
EarlyStopping counter: 21 out of 30
Epoch: 158, Train Loss: 0.5850, Metric: r2, Train: 0.7978, Val: 0.1348, best Val: 0.2173, Test: 0.4566
Training on 4892 samples...
Train epoch: 160 [0/4892 (0%)]	Loss: 0.604084
Make prediction for 4892 samples...
Make prediction for 755 samples...
Make prediction for 990 samples...
EarlyStopping counter: 22 out of 30
Epoch: 159, Train Loss: 0.6113, Metric: r2, Train: 0.8047, Val: 0.0831, best Val: 0.2173, Test: 0.5037
Training on 4892 samples...
Train epoch: 161 [0/4892 (0%)]	Loss: 0.603976
Make prediction for 4892 samples...
Make prediction for 755 samples...
Make prediction for 990 samples...
EarlyStopping counter: 23 out of 30
Epoch: 160, Train Loss: 0.5952, Metric: r2, Train: 0.8033, Val: 0.1753, best Val: 0.2173, Test: 0.4116
Training on 4892 samples...
Train epoch: 162 [0/4892 (0%)]	Loss: 0.628215
Make prediction for 4892 samples...
Make prediction for 755 samples...
Make prediction for 990 samples...
EarlyStopping counter: 24 out of 30
Epoch: 161, Train Loss: 0.5828, Metric: r2, Train: 0.7934, Val: 0.0717, best Val: 0.2173, Test: 0.4487
Training on 4892 samples...
Train epoch: 163 [0/4892 (0%)]	Loss: 0.593517
Make prediction for 4892 samples...
Make prediction for 755 samples...
Make prediction for 990 samples...
EarlyStopping counter: 25 out of 30
Epoch: 162, Train Loss: 0.5985, Metric: r2, Train: 0.7746, Val: 0.1530, best Val: 0.2173, Test: 0.4317
Training on 4892 samples...
Train epoch: 164 [0/4892 (0%)]	Loss: 0.609936
Make prediction for 4892 samples...
Make prediction for 755 samples...
Make prediction for 990 samples...
EarlyStopping counter: 26 out of 30
Epoch: 163, Train Loss: 0.5863, Metric: r2, Train: 0.8237, Val: 0.1705, best Val: 0.2173, Test: 0.4260
Training on 4892 samples...
Train epoch: 165 [0/4892 (0%)]	Loss: 0.563333
Make prediction for 4892 samples...
Make prediction for 755 samples...
Make prediction for 990 samples...
EarlyStopping counter: 27 out of 30
Epoch: 164, Train Loss: 0.5783, Metric: r2, Train: 0.8130, Val: 0.1860, best Val: 0.2173, Test: 0.4571
Training on 4892 samples...
Train epoch: 166 [0/4892 (0%)]	Loss: 0.574177
Make prediction for 4892 samples...
Make prediction for 755 samples...
Make prediction for 990 samples...
EarlyStopping counter: 28 out of 30
Epoch: 165, Train Loss: 0.5847, Metric: r2, Train: 0.8148, Val: 0.1161, best Val: 0.2173, Test: 0.4703
Training on 4892 samples...
Train epoch: 167 [0/4892 (0%)]	Loss: 0.581155
Make prediction for 4892 samples...
Make prediction for 755 samples...
Make prediction for 990 samples...
EarlyStopping counter: 29 out of 30
Epoch: 166, Train Loss: 0.5837, Metric: r2, Train: 0.8218, Val: 0.1725, best Val: 0.2173, Test: 0.4476
Training on 4892 samples...
Train epoch: 168 [0/4892 (0%)]	Loss: 0.586706
Make prediction for 4892 samples...
Make prediction for 755 samples...
Make prediction for 990 samples...
EarlyStopping counter: 30 out of 30
Epoch: 167, Train Loss: 0.5698, Metric: r2, Train: 0.8108, Val: 0.0473, best Val: 0.2173, Test: 0.4351
out of patience!
******PAMPA1_Perimeter_2024, 3th_time_result******
train_result: 0.7958
val_result: 0.2173
test_result: 0.4725
Current seed: 2054
Pre-processed data found: data/processed/PAMPA1_Perimeter_2024/PAMPA1_Perimeter_2024_train.pt, loading ...
Pre-processed data found: data/processed/PAMPA1_Perimeter_2024/PAMPA1_Perimeter_2024_valid.pt, loading ...
Pre-processed data found: data/processed/PAMPA1_Perimeter_2024/PAMPA1_Perimeter_2024_test.pt, loading ...
trainset mean:-5.659999847412109 std:0.9699997901916504
Training on 4892 samples...
Train epoch: 1 [0/4892 (0%)]	Loss: 1.516188
Make prediction for 4892 samples...
Make prediction for 755 samples...
Make prediction for 990 samples...
Make prediction for 990 samples...
Epoch: 000, Train Loss: 1.3804, Metric: r2, Train: -0.0177, Val: -0.0529, best Val: -0.0529, Test: -0.0525
Training on 4892 samples...
Train epoch: 2 [0/4892 (0%)]	Loss: 1.236578
Make prediction for 4892 samples...
Make prediction for 755 samples...
Make prediction for 990 samples...
Make prediction for 990 samples...
Epoch: 001, Train Loss: 1.3204, Metric: r2, Train: 0.0623, Val: 0.0130, best Val: 0.0130, Test: 0.0109
Training on 4892 samples...
Train epoch: 3 [0/4892 (0%)]	Loss: 1.318857
Make prediction for 4892 samples...
Make prediction for 755 samples...
Make prediction for 990 samples...
Make prediction for 990 samples...
Epoch: 002, Train Loss: 1.2518, Metric: r2, Train: 0.1829, Val: 0.0490, best Val: 0.0490, Test: 0.0475
Training on 4892 samples...
Train epoch: 4 [0/4892 (0%)]	Loss: 1.225246
Make prediction for 4892 samples...
Make prediction for 755 samples...
Make prediction for 990 samples...
EarlyStopping counter: 1 out of 30
Epoch: 003, Train Loss: 1.1952, Metric: r2, Train: 0.0057, Val: -0.6680, best Val: 0.0490, Test: -0.2998
Training on 4892 samples...
Train epoch: 5 [0/4892 (0%)]	Loss: 1.293232
Make prediction for 4892 samples...
Make prediction for 755 samples...
Make prediction for 990 samples...
EarlyStopping counter: 2 out of 30
Epoch: 004, Train Loss: 1.2113, Metric: r2, Train: 0.2364, Val: -0.1128, best Val: 0.0490, Test: 0.0524
Training on 4892 samples...
Train epoch: 6 [0/4892 (0%)]	Loss: 1.120732
Make prediction for 4892 samples...
Make prediction for 755 samples...
Make prediction for 990 samples...
EarlyStopping counter: 3 out of 30
Epoch: 005, Train Loss: 1.1402, Metric: r2, Train: 0.2847, Val: 0.0261, best Val: 0.0490, Test: 0.2643
Training on 4892 samples...
Train epoch: 7 [0/4892 (0%)]	Loss: 1.147148
Make prediction for 4892 samples...
Make prediction for 755 samples...
Make prediction for 990 samples...
EarlyStopping counter: 4 out of 30
Epoch: 006, Train Loss: 1.1305, Metric: r2, Train: 0.3006, Val: -0.3251, best Val: 0.0490, Test: 0.1774
Training on 4892 samples...
Train epoch: 8 [0/4892 (0%)]	Loss: 1.127642
Make prediction for 4892 samples...
Make prediction for 755 samples...
Make prediction for 990 samples...
EarlyStopping counter: 5 out of 30
Epoch: 007, Train Loss: 1.1199, Metric: r2, Train: 0.3101, Val: 0.0309, best Val: 0.0490, Test: 0.3157
Training on 4892 samples...
Train epoch: 9 [0/4892 (0%)]	Loss: 1.098676
Make prediction for 4892 samples...
Make prediction for 755 samples...
Make prediction for 990 samples...
EarlyStopping counter: 6 out of 30
Epoch: 008, Train Loss: 1.1032, Metric: r2, Train: 0.1319, Val: -0.6762, best Val: 0.0490, Test: -0.0228
Training on 4892 samples...
Train epoch: 10 [0/4892 (0%)]	Loss: 1.244708
Make prediction for 4892 samples...
Make prediction for 755 samples...
Make prediction for 990 samples...
Make prediction for 990 samples...
Epoch: 009, Train Loss: 1.1579, Metric: r2, Train: 0.2974, Val: 0.0823, best Val: 0.0823, Test: 0.1852
Training on 4892 samples...
Train epoch: 11 [0/4892 (0%)]	Loss: 1.137559
Make prediction for 4892 samples...
Make prediction for 755 samples...
Make prediction for 990 samples...
EarlyStopping counter: 1 out of 30
Epoch: 010, Train Loss: 1.1026, Metric: r2, Train: 0.3246, Val: 0.0116, best Val: 0.0823, Test: 0.2238
Training on 4892 samples...
Train epoch: 12 [0/4892 (0%)]	Loss: 1.127758
Make prediction for 4892 samples...
Make prediction for 755 samples...
Make prediction for 990 samples...
Make prediction for 990 samples...
Epoch: 011, Train Loss: 1.0984, Metric: r2, Train: 0.3663, Val: 0.1296, best Val: 0.1296, Test: 0.2552
Training on 4892 samples...
Train epoch: 13 [0/4892 (0%)]	Loss: 1.035797
Make prediction for 4892 samples...
Make prediction for 755 samples...
Make prediction for 990 samples...
Make prediction for 990 samples...
Epoch: 012, Train Loss: 1.0744, Metric: r2, Train: 0.3958, Val: 0.1492, best Val: 0.1492, Test: 0.3318
Training on 4892 samples...
Train epoch: 14 [0/4892 (0%)]	Loss: 0.959775
Make prediction for 4892 samples...
Make prediction for 755 samples...
Make prediction for 990 samples...
EarlyStopping counter: 1 out of 30
Epoch: 013, Train Loss: 1.0737, Metric: r2, Train: 0.3311, Val: -0.1926, best Val: 0.1492, Test: 0.1110
Training on 4892 samples...
Train epoch: 15 [0/4892 (0%)]	Loss: 1.078489
Make prediction for 4892 samples...
Make prediction for 755 samples...
Make prediction for 990 samples...
EarlyStopping counter: 2 out of 30
Epoch: 014, Train Loss: 1.0710, Metric: r2, Train: 0.3974, Val: 0.0929, best Val: 0.1492, Test: 0.2065
Training on 4892 samples...
Train epoch: 16 [0/4892 (0%)]	Loss: 1.089823
Make prediction for 4892 samples...
Make prediction for 755 samples...
Make prediction for 990 samples...
EarlyStopping counter: 3 out of 30
Epoch: 015, Train Loss: 1.0493, Metric: r2, Train: 0.4135, Val: 0.0364, best Val: 0.1492, Test: 0.1262
Training on 4892 samples...
Train epoch: 17 [0/4892 (0%)]	Loss: 1.082467
Make prediction for 4892 samples...
Make prediction for 755 samples...
Make prediction for 990 samples...
EarlyStopping counter: 4 out of 30
Epoch: 016, Train Loss: 1.0301, Metric: r2, Train: 0.3155, Val: -0.3716, best Val: 0.1492, Test: 0.0978
Training on 4892 samples...
Train epoch: 18 [0/4892 (0%)]	Loss: 1.119619
Make prediction for 4892 samples...
Make prediction for 755 samples...
Make prediction for 990 samples...
EarlyStopping counter: 5 out of 30
Epoch: 017, Train Loss: 1.0244, Metric: r2, Train: 0.4714, Val: 0.0699, best Val: 0.1492, Test: 0.2694
Training on 4892 samples...
Train epoch: 19 [0/4892 (0%)]	Loss: 1.010466
Make prediction for 4892 samples...
Make prediction for 755 samples...
Make prediction for 990 samples...
EarlyStopping counter: 6 out of 30
Epoch: 018, Train Loss: 1.0106, Metric: r2, Train: 0.4400, Val: 0.0443, best Val: 0.1492, Test: 0.2684
Training on 4892 samples...
Train epoch: 20 [0/4892 (0%)]	Loss: 1.024119
Make prediction for 4892 samples...
Make prediction for 755 samples...
Make prediction for 990 samples...
EarlyStopping counter: 7 out of 30
Epoch: 019, Train Loss: 1.0055, Metric: r2, Train: 0.3151, Val: -0.6905, best Val: 0.1492, Test: -0.1639
Training on 4892 samples...
Train epoch: 21 [0/4892 (0%)]	Loss: 1.126597
Make prediction for 4892 samples...
Make prediction for 755 samples...
Make prediction for 990 samples...
EarlyStopping counter: 8 out of 30
Epoch: 020, Train Loss: 1.0150, Metric: r2, Train: 0.3453, Val: -0.0484, best Val: 0.1492, Test: 0.1913
Training on 4892 samples...
Train epoch: 22 [0/4892 (0%)]	Loss: 1.136262
Make prediction for 4892 samples...
Make prediction for 755 samples...
Make prediction for 990 samples...
EarlyStopping counter: 9 out of 30
Epoch: 021, Train Loss: 1.0163, Metric: r2, Train: 0.4805, Val: 0.0685, best Val: 0.1492, Test: 0.3386
Training on 4892 samples...
Train epoch: 23 [0/4892 (0%)]	Loss: 0.929806
Make prediction for 4892 samples...
Make prediction for 755 samples...
Make prediction for 990 samples...
EarlyStopping counter: 10 out of 30
Epoch: 022, Train Loss: 0.9999, Metric: r2, Train: 0.4489, Val: -0.0838, best Val: 0.1492, Test: 0.1371
Training on 4892 samples...
Train epoch: 24 [0/4892 (0%)]	Loss: 1.046399
Make prediction for 4892 samples...
Make prediction for 755 samples...
Make prediction for 990 samples...
EarlyStopping counter: 11 out of 30
Epoch: 023, Train Loss: 1.0044, Metric: r2, Train: 0.4825, Val: 0.1083, best Val: 0.1492, Test: 0.1759
Training on 4892 samples...
Train epoch: 25 [0/4892 (0%)]	Loss: 0.966807
Make prediction for 4892 samples...
Make prediction for 755 samples...
Make prediction for 990 samples...
EarlyStopping counter: 12 out of 30
Epoch: 024, Train Loss: 0.9818, Metric: r2, Train: 0.3993, Val: 0.0073, best Val: 0.1492, Test: 0.1728
Training on 4892 samples...
Train epoch: 26 [0/4892 (0%)]	Loss: 1.061770
Make prediction for 4892 samples...
Make prediction for 755 samples...
Make prediction for 990 samples...
EarlyStopping counter: 13 out of 30
Epoch: 025, Train Loss: 0.9907, Metric: r2, Train: 0.5222, Val: -0.0063, best Val: 0.1492, Test: 0.1980
Training on 4892 samples...
Train epoch: 27 [0/4892 (0%)]	Loss: 0.925871
Make prediction for 4892 samples...
Make prediction for 755 samples...
Make prediction for 990 samples...
EarlyStopping counter: 14 out of 30
Epoch: 026, Train Loss: 0.9656, Metric: r2, Train: 0.5249, Val: 0.1040, best Val: 0.1492, Test: 0.3083
Training on 4892 samples...
Train epoch: 28 [0/4892 (0%)]	Loss: 0.949585
Make prediction for 4892 samples...
Make prediction for 755 samples...
Make prediction for 990 samples...
EarlyStopping counter: 15 out of 30
Epoch: 027, Train Loss: 0.9700, Metric: r2, Train: 0.5436, Val: 0.0989, best Val: 0.1492, Test: 0.2066
Training on 4892 samples...
Train epoch: 29 [0/4892 (0%)]	Loss: 0.941559
Make prediction for 4892 samples...
Make prediction for 755 samples...
Make prediction for 990 samples...
EarlyStopping counter: 16 out of 30
Epoch: 028, Train Loss: 0.9603, Metric: r2, Train: 0.5200, Val: 0.0733, best Val: 0.1492, Test: 0.2392
Training on 4892 samples...
Train epoch: 30 [0/4892 (0%)]	Loss: 0.899283
Make prediction for 4892 samples...
Make prediction for 755 samples...
Make prediction for 990 samples...
EarlyStopping counter: 17 out of 30
Epoch: 029, Train Loss: 0.9584, Metric: r2, Train: 0.5319, Val: -0.0491, best Val: 0.1492, Test: 0.2173
Training on 4892 samples...
Train epoch: 31 [0/4892 (0%)]	Loss: 0.990203
Make prediction for 4892 samples...
Make prediction for 755 samples...
Make prediction for 990 samples...
EarlyStopping counter: 18 out of 30
Epoch: 030, Train Loss: 0.9603, Metric: r2, Train: 0.5530, Val: -0.0369, best Val: 0.1492, Test: 0.2284
Training on 4892 samples...
Train epoch: 32 [0/4892 (0%)]	Loss: 0.963059
Make prediction for 4892 samples...
Make prediction for 755 samples...
Make prediction for 990 samples...
EarlyStopping counter: 19 out of 30
Epoch: 031, Train Loss: 0.9412, Metric: r2, Train: 0.4594, Val: -0.3319, best Val: 0.1492, Test: 0.2453
Training on 4892 samples...
Train epoch: 33 [0/4892 (0%)]	Loss: 1.008379
Make prediction for 4892 samples...
Make prediction for 755 samples...
Make prediction for 990 samples...
EarlyStopping counter: 20 out of 30
Epoch: 032, Train Loss: 0.9405, Metric: r2, Train: 0.5342, Val: -0.0758, best Val: 0.1492, Test: 0.2363
Training on 4892 samples...
Train epoch: 34 [0/4892 (0%)]	Loss: 0.892056
Make prediction for 4892 samples...
Make prediction for 755 samples...
Make prediction for 990 samples...
EarlyStopping counter: 21 out of 30
Epoch: 033, Train Loss: 0.9428, Metric: r2, Train: 0.5653, Val: 0.0522, best Val: 0.1492, Test: 0.3467
Training on 4892 samples...
Train epoch: 35 [0/4892 (0%)]	Loss: 0.899868
Make prediction for 4892 samples...
Make prediction for 755 samples...
Make prediction for 990 samples...
EarlyStopping counter: 22 out of 30
Epoch: 034, Train Loss: 0.9278, Metric: r2, Train: 0.5482, Val: 0.1089, best Val: 0.1492, Test: 0.3889
Training on 4892 samples...
Train epoch: 36 [0/4892 (0%)]	Loss: 0.916623
Make prediction for 4892 samples...
Make prediction for 755 samples...
Make prediction for 990 samples...
Make prediction for 990 samples...
Epoch: 035, Train Loss: 0.9290, Metric: r2, Train: 0.5910, Val: 0.1727, best Val: 0.1727, Test: 0.3348
Training on 4892 samples...
Train epoch: 37 [0/4892 (0%)]	Loss: 0.896834
Make prediction for 4892 samples...
Make prediction for 755 samples...
Make prediction for 990 samples...
EarlyStopping counter: 1 out of 30
Epoch: 036, Train Loss: 0.9024, Metric: r2, Train: 0.5891, Val: 0.1543, best Val: 0.1727, Test: 0.4531
Training on 4892 samples...
Train epoch: 38 [0/4892 (0%)]	Loss: 0.936841
Make prediction for 4892 samples...
Make prediction for 755 samples...
Make prediction for 990 samples...
EarlyStopping counter: 2 out of 30
Epoch: 037, Train Loss: 0.9172, Metric: r2, Train: 0.5409, Val: 0.1457, best Val: 0.1727, Test: 0.3870
Training on 4892 samples...
Train epoch: 39 [0/4892 (0%)]	Loss: 0.899438
Make prediction for 4892 samples...
Make prediction for 755 samples...
Make prediction for 990 samples...
EarlyStopping counter: 3 out of 30
Epoch: 038, Train Loss: 0.9122, Metric: r2, Train: 0.5330, Val: 0.0004, best Val: 0.1727, Test: 0.2494
Training on 4892 samples...
Train epoch: 40 [0/4892 (0%)]	Loss: 0.939860
Make prediction for 4892 samples...
Make prediction for 755 samples...
Make prediction for 990 samples...
EarlyStopping counter: 4 out of 30
Epoch: 039, Train Loss: 0.9091, Metric: r2, Train: 0.6119, Val: 0.1643, best Val: 0.1727, Test: 0.3941
Training on 4892 samples...
Train epoch: 41 [0/4892 (0%)]	Loss: 0.909414
Make prediction for 4892 samples...
Make prediction for 755 samples...
Make prediction for 990 samples...
EarlyStopping counter: 5 out of 30
Epoch: 040, Train Loss: 0.9002, Metric: r2, Train: 0.5976, Val: 0.1595, best Val: 0.1727, Test: 0.4352
Training on 4892 samples...
Train epoch: 42 [0/4892 (0%)]	Loss: 0.864989
Make prediction for 4892 samples...
Make prediction for 755 samples...
Make prediction for 990 samples...
EarlyStopping counter: 6 out of 30
Epoch: 041, Train Loss: 0.8851, Metric: r2, Train: 0.6026, Val: 0.1395, best Val: 0.1727, Test: 0.3757
Training on 4892 samples...
Train epoch: 43 [0/4892 (0%)]	Loss: 0.902320
Make prediction for 4892 samples...
Make prediction for 755 samples...
Make prediction for 990 samples...
EarlyStopping counter: 7 out of 30
Epoch: 042, Train Loss: 0.8873, Metric: r2, Train: 0.6386, Val: 0.1343, best Val: 0.1727, Test: 0.3877
Training on 4892 samples...
Train epoch: 44 [0/4892 (0%)]	Loss: 0.850758
Make prediction for 4892 samples...
Make prediction for 755 samples...
Make prediction for 990 samples...
EarlyStopping counter: 8 out of 30
Epoch: 043, Train Loss: 0.8641, Metric: r2, Train: 0.5625, Val: 0.1123, best Val: 0.1727, Test: 0.4582
Training on 4892 samples...
Train epoch: 45 [0/4892 (0%)]	Loss: 0.970731
Make prediction for 4892 samples...
Make prediction for 755 samples...
Make prediction for 990 samples...
EarlyStopping counter: 9 out of 30
Epoch: 044, Train Loss: 0.8799, Metric: r2, Train: 0.4704, Val: 0.0443, best Val: 0.1727, Test: 0.2370
Training on 4892 samples...
Train epoch: 46 [0/4892 (0%)]	Loss: 0.949020
Make prediction for 4892 samples...
Make prediction for 755 samples...
Make prediction for 990 samples...
EarlyStopping counter: 10 out of 30
Epoch: 045, Train Loss: 0.8988, Metric: r2, Train: 0.6067, Val: 0.0812, best Val: 0.1727, Test: 0.3774
Training on 4892 samples...
Train epoch: 47 [0/4892 (0%)]	Loss: 0.828706
Make prediction for 4892 samples...
Make prediction for 755 samples...
Make prediction for 990 samples...
EarlyStopping counter: 11 out of 30
Epoch: 046, Train Loss: 0.8313, Metric: r2, Train: 0.5262, Val: -0.1261, best Val: 0.1727, Test: 0.4446
Training on 4892 samples...
Train epoch: 48 [0/4892 (0%)]	Loss: 0.901244
Make prediction for 4892 samples...
Make prediction for 755 samples...
Make prediction for 990 samples...
EarlyStopping counter: 12 out of 30
Epoch: 047, Train Loss: 0.8411, Metric: r2, Train: 0.6429, Val: 0.1033, best Val: 0.1727, Test: 0.3588
Training on 4892 samples...
Train epoch: 49 [0/4892 (0%)]	Loss: 0.845356
Make prediction for 4892 samples...
Make prediction for 755 samples...
Make prediction for 990 samples...
EarlyStopping counter: 13 out of 30
Epoch: 048, Train Loss: 0.8147, Metric: r2, Train: 0.5252, Val: -0.9433, best Val: 0.1727, Test: -0.0345
Training on 4892 samples...
Train epoch: 50 [0/4892 (0%)]	Loss: 0.877058
Make prediction for 4892 samples...
Make prediction for 755 samples...
Make prediction for 990 samples...
EarlyStopping counter: 14 out of 30
Epoch: 049, Train Loss: 0.8273, Metric: r2, Train: 0.6355, Val: 0.0602, best Val: 0.1727, Test: 0.3359
Training on 4892 samples...
Train epoch: 51 [0/4892 (0%)]	Loss: 0.804113
Make prediction for 4892 samples...
Make prediction for 755 samples...
Make prediction for 990 samples...
EarlyStopping counter: 15 out of 30
Epoch: 050, Train Loss: 0.8233, Metric: r2, Train: 0.6317, Val: 0.0926, best Val: 0.1727, Test: 0.3968
Training on 4892 samples...
Train epoch: 52 [0/4892 (0%)]	Loss: 0.805779
Make prediction for 4892 samples...
Make prediction for 755 samples...
Make prediction for 990 samples...
EarlyStopping counter: 16 out of 30
Epoch: 051, Train Loss: 0.8033, Metric: r2, Train: 0.6369, Val: -0.1326, best Val: 0.1727, Test: 0.2549
Training on 4892 samples...
Train epoch: 53 [0/4892 (0%)]	Loss: 0.815345
Make prediction for 4892 samples...
Make prediction for 755 samples...
Make prediction for 990 samples...
EarlyStopping counter: 17 out of 30
Epoch: 052, Train Loss: 0.7985, Metric: r2, Train: 0.6696, Val: 0.0754, best Val: 0.1727, Test: 0.4185
Training on 4892 samples...
Train epoch: 54 [0/4892 (0%)]	Loss: 0.739022
Make prediction for 4892 samples...
Make prediction for 755 samples...
Make prediction for 990 samples...
EarlyStopping counter: 18 out of 30
Epoch: 053, Train Loss: 0.7823, Metric: r2, Train: 0.6573, Val: 0.0247, best Val: 0.1727, Test: 0.4061
Training on 4892 samples...
Train epoch: 55 [0/4892 (0%)]	Loss: 0.735281
Make prediction for 4892 samples...
Make prediction for 755 samples...
Make prediction for 990 samples...
EarlyStopping counter: 19 out of 30
Epoch: 054, Train Loss: 0.7861, Metric: r2, Train: 0.6606, Val: 0.1431, best Val: 0.1727, Test: 0.5071
Training on 4892 samples...
Train epoch: 56 [0/4892 (0%)]	Loss: 0.773654
Make prediction for 4892 samples...
Make prediction for 755 samples...
Make prediction for 990 samples...
EarlyStopping counter: 20 out of 30
Epoch: 055, Train Loss: 0.7678, Metric: r2, Train: 0.6616, Val: 0.1089, best Val: 0.1727, Test: 0.4832
Training on 4892 samples...
Train epoch: 57 [0/4892 (0%)]	Loss: 0.807461
Make prediction for 4892 samples...
Make prediction for 755 samples...
Make prediction for 990 samples...
EarlyStopping counter: 21 out of 30
Epoch: 056, Train Loss: 0.7698, Metric: r2, Train: 0.6746, Val: 0.1637, best Val: 0.1727, Test: 0.3856
Training on 4892 samples...
Train epoch: 58 [0/4892 (0%)]	Loss: 0.717820
Make prediction for 4892 samples...
Make prediction for 755 samples...
Make prediction for 990 samples...
EarlyStopping counter: 22 out of 30
Epoch: 057, Train Loss: 0.7590, Metric: r2, Train: 0.6468, Val: 0.0717, best Val: 0.1727, Test: 0.5232
Training on 4892 samples...
Train epoch: 59 [0/4892 (0%)]	Loss: 0.747600
Make prediction for 4892 samples...
Make prediction for 755 samples...
Make prediction for 990 samples...
Make prediction for 990 samples...
Epoch: 058, Train Loss: 0.7688, Metric: r2, Train: 0.6659, Val: 0.1747, best Val: 0.1747, Test: 0.5230
Training on 4892 samples...
Train epoch: 60 [0/4892 (0%)]	Loss: 0.779657
Make prediction for 4892 samples...
Make prediction for 755 samples...
Make prediction for 990 samples...
EarlyStopping counter: 1 out of 30
Epoch: 059, Train Loss: 0.7589, Metric: r2, Train: 0.6561, Val: 0.1440, best Val: 0.1747, Test: 0.4863
Training on 4892 samples...
Train epoch: 61 [0/4892 (0%)]	Loss: 0.802987
Make prediction for 4892 samples...
Make prediction for 755 samples...
Make prediction for 990 samples...
EarlyStopping counter: 2 out of 30
Epoch: 060, Train Loss: 0.7531, Metric: r2, Train: 0.6357, Val: -0.0959, best Val: 0.1747, Test: 0.3832
Training on 4892 samples...
Train epoch: 62 [0/4892 (0%)]	Loss: 0.843954
Make prediction for 4892 samples...
Make prediction for 755 samples...
Make prediction for 990 samples...
EarlyStopping counter: 3 out of 30
Epoch: 061, Train Loss: 0.7479, Metric: r2, Train: 0.6631, Val: 0.1491, best Val: 0.1747, Test: 0.5613
Training on 4892 samples...
Train epoch: 63 [0/4892 (0%)]	Loss: 0.735263
Make prediction for 4892 samples...
Make prediction for 755 samples...
Make prediction for 990 samples...
EarlyStopping counter: 4 out of 30
Epoch: 062, Train Loss: 0.7606, Metric: r2, Train: 0.6630, Val: -0.0242, best Val: 0.1747, Test: 0.3973
Training on 4892 samples...
Train epoch: 64 [0/4892 (0%)]	Loss: 0.752145
Make prediction for 4892 samples...
Make prediction for 755 samples...
Make prediction for 990 samples...
EarlyStopping counter: 5 out of 30
Epoch: 063, Train Loss: 0.7469, Metric: r2, Train: 0.6824, Val: 0.1399, best Val: 0.1747, Test: 0.3335
Training on 4892 samples...
Train epoch: 65 [0/4892 (0%)]	Loss: 0.782607
Make prediction for 4892 samples...
Make prediction for 755 samples...
Make prediction for 990 samples...
EarlyStopping counter: 6 out of 30
Epoch: 064, Train Loss: 0.7332, Metric: r2, Train: 0.6689, Val: 0.0955, best Val: 0.1747, Test: 0.3687
Training on 4892 samples...
Train epoch: 66 [0/4892 (0%)]	Loss: 0.742711
Make prediction for 4892 samples...
Make prediction for 755 samples...
Make prediction for 990 samples...
EarlyStopping counter: 7 out of 30
Epoch: 065, Train Loss: 0.7371, Metric: r2, Train: 0.6861, Val: 0.0485, best Val: 0.1747, Test: 0.4539
Training on 4892 samples...
Train epoch: 67 [0/4892 (0%)]	Loss: 0.745574
Make prediction for 4892 samples...
Make prediction for 755 samples...
Make prediction for 990 samples...
EarlyStopping counter: 8 out of 30
Epoch: 066, Train Loss: 0.7387, Metric: r2, Train: 0.6622, Val: 0.1025, best Val: 0.1747, Test: 0.4792
Training on 4892 samples...
Train epoch: 68 [0/4892 (0%)]	Loss: 0.760849
Make prediction for 4892 samples...
Make prediction for 755 samples...
Make prediction for 990 samples...
EarlyStopping counter: 9 out of 30
Epoch: 067, Train Loss: 0.7495, Metric: r2, Train: 0.6717, Val: 0.0034, best Val: 0.1747, Test: 0.2934
Training on 4892 samples...
Train epoch: 69 [0/4892 (0%)]	Loss: 0.678872
Make prediction for 4892 samples...
Make prediction for 755 samples...
Make prediction for 990 samples...
EarlyStopping counter: 10 out of 30
Epoch: 068, Train Loss: 0.7370, Metric: r2, Train: 0.6916, Val: 0.0962, best Val: 0.1747, Test: 0.4088
Training on 4892 samples...
Train epoch: 70 [0/4892 (0%)]	Loss: 0.680343
Make prediction for 4892 samples...
Make prediction for 755 samples...
Make prediction for 990 samples...
EarlyStopping counter: 11 out of 30
Epoch: 069, Train Loss: 0.7197, Metric: r2, Train: 0.6574, Val: 0.1478, best Val: 0.1747, Test: 0.4369
Training on 4892 samples...
Train epoch: 71 [0/4892 (0%)]	Loss: 0.793890
Make prediction for 4892 samples...
Make prediction for 755 samples...
Make prediction for 990 samples...
EarlyStopping counter: 12 out of 30
Epoch: 070, Train Loss: 0.7241, Metric: r2, Train: 0.6750, Val: 0.1371, best Val: 0.1747, Test: 0.4335
Training on 4892 samples...
Train epoch: 72 [0/4892 (0%)]	Loss: 0.720938
Make prediction for 4892 samples...
Make prediction for 755 samples...
Make prediction for 990 samples...
EarlyStopping counter: 13 out of 30
Epoch: 071, Train Loss: 0.7264, Metric: r2, Train: 0.7001, Val: -0.0319, best Val: 0.1747, Test: 0.3575
Training on 4892 samples...
Train epoch: 73 [0/4892 (0%)]	Loss: 0.706070
Make prediction for 4892 samples...
Make prediction for 755 samples...
Make prediction for 990 samples...
EarlyStopping counter: 14 out of 30
Epoch: 072, Train Loss: 0.7133, Metric: r2, Train: 0.6795, Val: 0.0384, best Val: 0.1747, Test: 0.4221
Training on 4892 samples...
Train epoch: 74 [0/4892 (0%)]	Loss: 0.686832
Make prediction for 4892 samples...
Make prediction for 755 samples...
Make prediction for 990 samples...
EarlyStopping counter: 15 out of 30
Epoch: 073, Train Loss: 0.7163, Metric: r2, Train: 0.7155, Val: 0.1741, best Val: 0.1747, Test: 0.5287
Training on 4892 samples...
Train epoch: 75 [0/4892 (0%)]	Loss: 0.727464
Make prediction for 4892 samples...
Make prediction for 755 samples...
Make prediction for 990 samples...
EarlyStopping counter: 16 out of 30
Epoch: 074, Train Loss: 0.7166, Metric: r2, Train: 0.6500, Val: 0.1168, best Val: 0.1747, Test: 0.4946
Training on 4892 samples...
Train epoch: 76 [0/4892 (0%)]	Loss: 0.740160
Make prediction for 4892 samples...
Make prediction for 755 samples...
Make prediction for 990 samples...
Make prediction for 990 samples...
Epoch: 075, Train Loss: 0.7111, Metric: r2, Train: 0.7080, Val: 0.1871, best Val: 0.1871, Test: 0.4731
Training on 4892 samples...
Train epoch: 77 [0/4892 (0%)]	Loss: 0.764775
Make prediction for 4892 samples...
Make prediction for 755 samples...
Make prediction for 990 samples...
Make prediction for 990 samples...
Epoch: 076, Train Loss: 0.7078, Metric: r2, Train: 0.7167, Val: 0.1882, best Val: 0.1882, Test: 0.4803
Training on 4892 samples...
Train epoch: 78 [0/4892 (0%)]	Loss: 0.672491
Make prediction for 4892 samples...
Make prediction for 755 samples...
Make prediction for 990 samples...
EarlyStopping counter: 1 out of 30
Epoch: 077, Train Loss: 0.6999, Metric: r2, Train: 0.7122, Val: 0.1669, best Val: 0.1882, Test: 0.5006
Training on 4892 samples...
Train epoch: 79 [0/4892 (0%)]	Loss: 0.693871
Make prediction for 4892 samples...
Make prediction for 755 samples...
Make prediction for 990 samples...
EarlyStopping counter: 2 out of 30
Epoch: 078, Train Loss: 0.6948, Metric: r2, Train: 0.7110, Val: 0.1826, best Val: 0.1882, Test: 0.4817
Training on 4892 samples...
Train epoch: 80 [0/4892 (0%)]	Loss: 0.685658
Make prediction for 4892 samples...
Make prediction for 755 samples...
Make prediction for 990 samples...
Make prediction for 990 samples...
Epoch: 079, Train Loss: 0.6925, Metric: r2, Train: 0.7126, Val: 0.1919, best Val: 0.1919, Test: 0.5617
Training on 4892 samples...
Train epoch: 81 [0/4892 (0%)]	Loss: 0.715090
Make prediction for 4892 samples...
Make prediction for 755 samples...
Make prediction for 990 samples...
EarlyStopping counter: 1 out of 30
Epoch: 080, Train Loss: 0.6946, Metric: r2, Train: 0.6881, Val: 0.0532, best Val: 0.1919, Test: 0.4073
Training on 4892 samples...
Train epoch: 82 [0/4892 (0%)]	Loss: 0.704760
Make prediction for 4892 samples...
Make prediction for 755 samples...
Make prediction for 990 samples...
EarlyStopping counter: 2 out of 30
Epoch: 081, Train Loss: 0.6926, Metric: r2, Train: 0.7367, Val: 0.1648, best Val: 0.1919, Test: 0.4735
Training on 4892 samples...
Train epoch: 83 [0/4892 (0%)]	Loss: 0.654815
Make prediction for 4892 samples...
Make prediction for 755 samples...
Make prediction for 990 samples...
EarlyStopping counter: 3 out of 30
Epoch: 082, Train Loss: 0.6862, Metric: r2, Train: 0.6494, Val: -0.2728, best Val: 0.1919, Test: 0.2072
Training on 4892 samples...
Train epoch: 84 [0/4892 (0%)]	Loss: 0.712719
Make prediction for 4892 samples...
Make prediction for 755 samples...
Make prediction for 990 samples...
EarlyStopping counter: 4 out of 30
Epoch: 083, Train Loss: 0.7174, Metric: r2, Train: 0.7010, Val: 0.1399, best Val: 0.1919, Test: 0.4663
Training on 4892 samples...
Train epoch: 85 [0/4892 (0%)]	Loss: 0.699443
Make prediction for 4892 samples...
Make prediction for 755 samples...
Make prediction for 990 samples...
EarlyStopping counter: 5 out of 30
Epoch: 084, Train Loss: 0.7073, Metric: r2, Train: 0.7049, Val: 0.1222, best Val: 0.1919, Test: 0.5085
Training on 4892 samples...
Train epoch: 86 [0/4892 (0%)]	Loss: 0.698897
Make prediction for 4892 samples...
Make prediction for 755 samples...
Make prediction for 990 samples...
EarlyStopping counter: 6 out of 30
Epoch: 085, Train Loss: 0.6932, Metric: r2, Train: 0.7360, Val: 0.1851, best Val: 0.1919, Test: 0.5193
Training on 4892 samples...
Train epoch: 87 [0/4892 (0%)]	Loss: 0.674041
Make prediction for 4892 samples...
Make prediction for 755 samples...
Make prediction for 990 samples...
EarlyStopping counter: 7 out of 30
Epoch: 086, Train Loss: 0.6855, Metric: r2, Train: 0.7099, Val: 0.1533, best Val: 0.1919, Test: 0.5034
Training on 4892 samples...
Train epoch: 88 [0/4892 (0%)]	Loss: 0.698563
Make prediction for 4892 samples...
Make prediction for 755 samples...
Make prediction for 990 samples...
EarlyStopping counter: 8 out of 30
Epoch: 087, Train Loss: 0.6933, Metric: r2, Train: 0.6910, Val: 0.0390, best Val: 0.1919, Test: 0.3462
Training on 4892 samples...
Train epoch: 89 [0/4892 (0%)]	Loss: 0.727576
Make prediction for 4892 samples...
Make prediction for 755 samples...
Make prediction for 990 samples...
EarlyStopping counter: 9 out of 30
Epoch: 088, Train Loss: 0.6790, Metric: r2, Train: 0.7240, Val: 0.1641, best Val: 0.1919, Test: 0.5191
Training on 4892 samples...
Train epoch: 90 [0/4892 (0%)]	Loss: 0.681602
Make prediction for 4892 samples...
Make prediction for 755 samples...
Make prediction for 990 samples...
EarlyStopping counter: 10 out of 30
Epoch: 089, Train Loss: 0.6716, Metric: r2, Train: 0.7466, Val: 0.0552, best Val: 0.1919, Test: 0.5022
Training on 4892 samples...
Train epoch: 91 [0/4892 (0%)]	Loss: 0.674363
Make prediction for 4892 samples...
Make prediction for 755 samples...
Make prediction for 990 samples...
EarlyStopping counter: 11 out of 30
Epoch: 090, Train Loss: 0.6730, Metric: r2, Train: 0.6957, Val: 0.0556, best Val: 0.1919, Test: 0.4221
Training on 4892 samples...
Train epoch: 92 [0/4892 (0%)]	Loss: 0.648312
Make prediction for 4892 samples...
Make prediction for 755 samples...
Make prediction for 990 samples...
EarlyStopping counter: 12 out of 30
Epoch: 091, Train Loss: 0.6908, Metric: r2, Train: 0.7504, Val: 0.0800, best Val: 0.1919, Test: 0.5125
Training on 4892 samples...
Train epoch: 93 [0/4892 (0%)]	Loss: 0.680599
Make prediction for 4892 samples...
Make prediction for 755 samples...
Make prediction for 990 samples...
EarlyStopping counter: 13 out of 30
Epoch: 092, Train Loss: 0.6760, Metric: r2, Train: 0.7177, Val: 0.1348, best Val: 0.1919, Test: 0.3805
Training on 4892 samples...
Train epoch: 94 [0/4892 (0%)]	Loss: 0.687878
Make prediction for 4892 samples...
Make prediction for 755 samples...
Make prediction for 990 samples...
EarlyStopping counter: 14 out of 30
Epoch: 093, Train Loss: 0.6740, Metric: r2, Train: 0.7540, Val: 0.1216, best Val: 0.1919, Test: 0.4489
Training on 4892 samples...
Train epoch: 95 [0/4892 (0%)]	Loss: 0.646399
Make prediction for 4892 samples...
Make prediction for 755 samples...
Make prediction for 990 samples...
EarlyStopping counter: 15 out of 30
Epoch: 094, Train Loss: 0.6624, Metric: r2, Train: 0.7251, Val: 0.0735, best Val: 0.1919, Test: 0.3875
Training on 4892 samples...
Train epoch: 96 [0/4892 (0%)]	Loss: 0.741292
Make prediction for 4892 samples...
Make prediction for 755 samples...
Make prediction for 990 samples...
EarlyStopping counter: 16 out of 30
Epoch: 095, Train Loss: 0.6917, Metric: r2, Train: 0.7335, Val: 0.1297, best Val: 0.1919, Test: 0.3855
Training on 4892 samples...
Train epoch: 97 [0/4892 (0%)]	Loss: 0.664784
Make prediction for 4892 samples...
Make prediction for 755 samples...
Make prediction for 990 samples...
Make prediction for 990 samples...
Epoch: 096, Train Loss: 0.6640, Metric: r2, Train: 0.7457, Val: 0.1929, best Val: 0.1929, Test: 0.4069
Training on 4892 samples...
Train epoch: 98 [0/4892 (0%)]	Loss: 0.638444
Make prediction for 4892 samples...
Make prediction for 755 samples...
Make prediction for 990 samples...
EarlyStopping counter: 1 out of 30
Epoch: 097, Train Loss: 0.6597, Metric: r2, Train: 0.7612, Val: 0.1141, best Val: 0.1929, Test: 0.5074
Training on 4892 samples...
Train epoch: 99 [0/4892 (0%)]	Loss: 0.654619
Make prediction for 4892 samples...
Make prediction for 755 samples...
Make prediction for 990 samples...
EarlyStopping counter: 2 out of 30
Epoch: 098, Train Loss: 0.6594, Metric: r2, Train: 0.7593, Val: 0.1845, best Val: 0.1929, Test: 0.5392
Training on 4892 samples...
Train epoch: 100 [0/4892 (0%)]	Loss: 0.642517
Make prediction for 4892 samples...
Make prediction for 755 samples...
Make prediction for 990 samples...
EarlyStopping counter: 3 out of 30
Epoch: 099, Train Loss: 0.6702, Metric: r2, Train: 0.7412, Val: 0.0154, best Val: 0.1929, Test: 0.4975
Training on 4892 samples...
Train epoch: 101 [0/4892 (0%)]	Loss: 0.684105
Make prediction for 4892 samples...
Make prediction for 755 samples...
Make prediction for 990 samples...
EarlyStopping counter: 4 out of 30
Epoch: 100, Train Loss: 0.6713, Metric: r2, Train: 0.7067, Val: 0.1040, best Val: 0.1929, Test: 0.4364
Training on 4892 samples...
Train epoch: 102 [0/4892 (0%)]	Loss: 0.718117
Make prediction for 4892 samples...
Make prediction for 755 samples...
Make prediction for 990 samples...
EarlyStopping counter: 5 out of 30
Epoch: 101, Train Loss: 0.6669, Metric: r2, Train: 0.7409, Val: 0.0655, best Val: 0.1929, Test: 0.5188
Training on 4892 samples...
Train epoch: 103 [0/4892 (0%)]	Loss: 0.676064
Make prediction for 4892 samples...
Make prediction for 755 samples...
Make prediction for 990 samples...
EarlyStopping counter: 6 out of 30
Epoch: 102, Train Loss: 0.6673, Metric: r2, Train: 0.7662, Val: 0.1563, best Val: 0.1929, Test: 0.4690
Training on 4892 samples...
Train epoch: 104 [0/4892 (0%)]	Loss: 0.654602
Make prediction for 4892 samples...
Make prediction for 755 samples...
Make prediction for 990 samples...
EarlyStopping counter: 7 out of 30
Epoch: 103, Train Loss: 0.6509, Metric: r2, Train: 0.7451, Val: 0.1575, best Val: 0.1929, Test: 0.5123
Training on 4892 samples...
Train epoch: 105 [0/4892 (0%)]	Loss: 0.654153
Make prediction for 4892 samples...
Make prediction for 755 samples...
Make prediction for 990 samples...
EarlyStopping counter: 8 out of 30
Epoch: 104, Train Loss: 0.6671, Metric: r2, Train: 0.7391, Val: 0.0954, best Val: 0.1929, Test: 0.4351
Training on 4892 samples...
Train epoch: 106 [0/4892 (0%)]	Loss: 0.639687
Make prediction for 4892 samples...
Make prediction for 755 samples...
Make prediction for 990 samples...
EarlyStopping counter: 9 out of 30
Epoch: 105, Train Loss: 0.6613, Metric: r2, Train: 0.7416, Val: 0.1035, best Val: 0.1929, Test: 0.5261
Training on 4892 samples...
Train epoch: 107 [0/4892 (0%)]	Loss: 0.707735
Make prediction for 4892 samples...
Make prediction for 755 samples...
Make prediction for 990 samples...
EarlyStopping counter: 10 out of 30
Epoch: 106, Train Loss: 0.6617, Metric: r2, Train: 0.7582, Val: 0.1491, best Val: 0.1929, Test: 0.4439
Training on 4892 samples...
Train epoch: 108 [0/4892 (0%)]	Loss: 0.631400
Make prediction for 4892 samples...
Make prediction for 755 samples...
Make prediction for 990 samples...
EarlyStopping counter: 11 out of 30
Epoch: 107, Train Loss: 0.6578, Metric: r2, Train: 0.7532, Val: 0.1596, best Val: 0.1929, Test: 0.4183
Training on 4892 samples...
Train epoch: 109 [0/4892 (0%)]	Loss: 0.653071
Make prediction for 4892 samples...
Make prediction for 755 samples...
Make prediction for 990 samples...
EarlyStopping counter: 12 out of 30
Epoch: 108, Train Loss: 0.6522, Metric: r2, Train: 0.7602, Val: 0.1340, best Val: 0.1929, Test: 0.4543
Training on 4892 samples...
Train epoch: 110 [0/4892 (0%)]	Loss: 0.659900
Make prediction for 4892 samples...
Make prediction for 755 samples...
Make prediction for 990 samples...
EarlyStopping counter: 13 out of 30
Epoch: 109, Train Loss: 0.6492, Metric: r2, Train: 0.7769, Val: 0.1516, best Val: 0.1929, Test: 0.4536
Training on 4892 samples...
Train epoch: 111 [0/4892 (0%)]	Loss: 0.642741
Make prediction for 4892 samples...
Make prediction for 755 samples...
Make prediction for 990 samples...
EarlyStopping counter: 14 out of 30
Epoch: 110, Train Loss: 0.6370, Metric: r2, Train: 0.7709, Val: 0.1910, best Val: 0.1929, Test: 0.4810
Training on 4892 samples...
Train epoch: 112 [0/4892 (0%)]	Loss: 0.600556
Make prediction for 4892 samples...
Make prediction for 755 samples...
Make prediction for 990 samples...
EarlyStopping counter: 15 out of 30
Epoch: 111, Train Loss: 0.6417, Metric: r2, Train: 0.7818, Val: 0.1131, best Val: 0.1929, Test: 0.5032
Training on 4892 samples...
Train epoch: 113 [0/4892 (0%)]	Loss: 0.643719
Make prediction for 4892 samples...
Make prediction for 755 samples...
Make prediction for 990 samples...
EarlyStopping counter: 16 out of 30
Epoch: 112, Train Loss: 0.6340, Metric: r2, Train: 0.7763, Val: 0.1643, best Val: 0.1929, Test: 0.5021
Training on 4892 samples...
Train epoch: 114 [0/4892 (0%)]	Loss: 0.585874
Make prediction for 4892 samples...
Make prediction for 755 samples...
Make prediction for 990 samples...
EarlyStopping counter: 17 out of 30
Epoch: 113, Train Loss: 0.6375, Metric: r2, Train: 0.7063, Val: -0.2678, best Val: 0.1929, Test: 0.3602
Training on 4892 samples...
Train epoch: 115 [0/4892 (0%)]	Loss: 0.669879
Make prediction for 4892 samples...
Make prediction for 755 samples...
Make prediction for 990 samples...
EarlyStopping counter: 18 out of 30
Epoch: 114, Train Loss: 0.6617, Metric: r2, Train: 0.7606, Val: 0.1646, best Val: 0.1929, Test: 0.4691
Training on 4892 samples...
Train epoch: 116 [0/4892 (0%)]	Loss: 0.620483
Make prediction for 4892 samples...
Make prediction for 755 samples...
Make prediction for 990 samples...
EarlyStopping counter: 19 out of 30
Epoch: 115, Train Loss: 0.6385, Metric: r2, Train: 0.7747, Val: 0.1610, best Val: 0.1929, Test: 0.4563
Training on 4892 samples...
Train epoch: 117 [0/4892 (0%)]	Loss: 0.620996
Make prediction for 4892 samples...
Make prediction for 755 samples...
Make prediction for 990 samples...
EarlyStopping counter: 20 out of 30
Epoch: 116, Train Loss: 0.6349, Metric: r2, Train: 0.7786, Val: 0.1126, best Val: 0.1929, Test: 0.5037
Training on 4892 samples...
Train epoch: 118 [0/4892 (0%)]	Loss: 0.614402
Make prediction for 4892 samples...
Make prediction for 755 samples...
Make prediction for 990 samples...
EarlyStopping counter: 21 out of 30
Epoch: 117, Train Loss: 0.6420, Metric: r2, Train: 0.7820, Val: 0.1259, best Val: 0.1929, Test: 0.4741
Training on 4892 samples...
Train epoch: 119 [0/4892 (0%)]	Loss: 0.669086
Make prediction for 4892 samples...
Make prediction for 755 samples...
Make prediction for 990 samples...
EarlyStopping counter: 22 out of 30
Epoch: 118, Train Loss: 0.6485, Metric: r2, Train: 0.7430, Val: 0.0986, best Val: 0.1929, Test: 0.4158
Training on 4892 samples...
Train epoch: 120 [0/4892 (0%)]	Loss: 0.671939
Make prediction for 4892 samples...
Make prediction for 755 samples...
Make prediction for 990 samples...
EarlyStopping counter: 23 out of 30
Epoch: 119, Train Loss: 0.6524, Metric: r2, Train: 0.7595, Val: 0.0603, best Val: 0.1929, Test: 0.4746
Training on 4892 samples...
Train epoch: 121 [0/4892 (0%)]	Loss: 0.644001
Make prediction for 4892 samples...
Make prediction for 755 samples...
Make prediction for 990 samples...
EarlyStopping counter: 24 out of 30
Epoch: 120, Train Loss: 0.6448, Metric: r2, Train: 0.7490, Val: 0.1154, best Val: 0.1929, Test: 0.4429
Training on 4892 samples...
Train epoch: 122 [0/4892 (0%)]	Loss: 0.670517
Make prediction for 4892 samples...
Make prediction for 755 samples...
Make prediction for 990 samples...
EarlyStopping counter: 25 out of 30
Epoch: 121, Train Loss: 0.6415, Metric: r2, Train: 0.7639, Val: 0.0689, best Val: 0.1929, Test: 0.4927
Training on 4892 samples...
Train epoch: 123 [0/4892 (0%)]	Loss: 0.612071
Make prediction for 4892 samples...
Make prediction for 755 samples...
Make prediction for 990 samples...
EarlyStopping counter: 26 out of 30
Epoch: 122, Train Loss: 0.6412, Metric: r2, Train: 0.7544, Val: 0.0340, best Val: 0.1929, Test: 0.5163
Training on 4892 samples...
Train epoch: 124 [0/4892 (0%)]	Loss: 0.650437
Make prediction for 4892 samples...
Make prediction for 755 samples...
Make prediction for 990 samples...
EarlyStopping counter: 27 out of 30
Epoch: 123, Train Loss: 0.6328, Metric: r2, Train: 0.7782, Val: 0.1568, best Val: 0.1929, Test: 0.5074
Training on 4892 samples...
Train epoch: 125 [0/4892 (0%)]	Loss: 0.632609
Make prediction for 4892 samples...
Make prediction for 755 samples...
Make prediction for 990 samples...
EarlyStopping counter: 28 out of 30
Epoch: 124, Train Loss: 0.6291, Metric: r2, Train: 0.7783, Val: 0.0884, best Val: 0.1929, Test: 0.3906
Training on 4892 samples...
Train epoch: 126 [0/4892 (0%)]	Loss: 0.595198
Make prediction for 4892 samples...
Make prediction for 755 samples...
Make prediction for 990 samples...
EarlyStopping counter: 29 out of 30
Epoch: 125, Train Loss: 0.6383, Metric: r2, Train: 0.7617, Val: 0.1392, best Val: 0.1929, Test: 0.4803
Training on 4892 samples...
Train epoch: 127 [0/4892 (0%)]	Loss: 0.628513
Make prediction for 4892 samples...
Make prediction for 755 samples...
Make prediction for 990 samples...
EarlyStopping counter: 30 out of 30
Epoch: 126, Train Loss: 0.6492, Metric: r2, Train: 0.7810, Val: 0.1638, best Val: 0.1929, Test: 0.4674
out of patience!
******PAMPA1_Perimeter_2024, 4th_time_result******
train_result: 0.7457
val_result: 0.1929
test_result: 0.4069
Current seed: 2064
Pre-processed data found: data/processed/PAMPA1_Perimeter_2024/PAMPA1_Perimeter_2024_train.pt, loading ...
Pre-processed data found: data/processed/PAMPA1_Perimeter_2024/PAMPA1_Perimeter_2024_valid.pt, loading ...
Pre-processed data found: data/processed/PAMPA1_Perimeter_2024/PAMPA1_Perimeter_2024_test.pt, loading ...
trainset mean:-5.659999847412109 std:0.9699997901916504
Training on 4892 samples...
Train epoch: 1 [0/4892 (0%)]	Loss: 1.426265
Make prediction for 4892 samples...
Make prediction for 755 samples...
Make prediction for 990 samples...
Make prediction for 990 samples...
Epoch: 000, Train Loss: 1.3661, Metric: r2, Train: -0.0032, Val: -0.0176, best Val: -0.0176, Test: -0.0226
Training on 4892 samples...
Train epoch: 2 [0/4892 (0%)]	Loss: 1.265905
Make prediction for 4892 samples...
Make prediction for 755 samples...
Make prediction for 990 samples...
EarlyStopping counter: 1 out of 30
Epoch: 001, Train Loss: 1.3091, Metric: r2, Train: 0.0764, Val: -0.0490, best Val: -0.0176, Test: -0.1004
Training on 4892 samples...
Train epoch: 3 [0/4892 (0%)]	Loss: 1.251114
Make prediction for 4892 samples...
Make prediction for 755 samples...
Make prediction for 990 samples...
Make prediction for 990 samples...
Epoch: 002, Train Loss: 1.2568, Metric: r2, Train: 0.1684, Val: 0.0240, best Val: 0.0240, Test: -0.0295
Training on 4892 samples...
Train epoch: 4 [0/4892 (0%)]	Loss: 1.306091
Make prediction for 4892 samples...
Make prediction for 755 samples...
Make prediction for 990 samples...
EarlyStopping counter: 1 out of 30
Epoch: 003, Train Loss: 1.2032, Metric: r2, Train: 0.1846, Val: -0.1053, best Val: 0.0240, Test: -0.0280
Training on 4892 samples...
Train epoch: 5 [0/4892 (0%)]	Loss: 1.106825
Make prediction for 4892 samples...
Make prediction for 755 samples...
Make prediction for 990 samples...
Make prediction for 990 samples...
Epoch: 004, Train Loss: 1.2025, Metric: r2, Train: 0.2065, Val: 0.0384, best Val: 0.0384, Test: 0.0362
Training on 4892 samples...
Train epoch: 6 [0/4892 (0%)]	Loss: 1.146770
Make prediction for 4892 samples...
Make prediction for 755 samples...
Make prediction for 990 samples...
EarlyStopping counter: 1 out of 30
Epoch: 005, Train Loss: 1.1825, Metric: r2, Train: 0.1628, Val: 0.0051, best Val: 0.0384, Test: 0.1772
Training on 4892 samples...
Train epoch: 7 [0/4892 (0%)]	Loss: 1.281755
Make prediction for 4892 samples...
Make prediction for 755 samples...
Make prediction for 990 samples...
EarlyStopping counter: 2 out of 30
Epoch: 006, Train Loss: 1.1874, Metric: r2, Train: 0.2188, Val: -0.1073, best Val: 0.0384, Test: 0.0070
Training on 4892 samples...
Train epoch: 8 [0/4892 (0%)]	Loss: 1.151286
Make prediction for 4892 samples...
Make prediction for 755 samples...
Make prediction for 990 samples...
EarlyStopping counter: 3 out of 30
Epoch: 007, Train Loss: 1.1660, Metric: r2, Train: 0.0952, Val: -0.9505, best Val: 0.0384, Test: -0.3344
Training on 4892 samples...
Train epoch: 9 [0/4892 (0%)]	Loss: 1.315875
Make prediction for 4892 samples...
Make prediction for 755 samples...
Make prediction for 990 samples...
Make prediction for 990 samples...
Epoch: 008, Train Loss: 1.1843, Metric: r2, Train: 0.2198, Val: 0.0611, best Val: 0.0611, Test: 0.1522
Training on 4892 samples...
Train epoch: 10 [0/4892 (0%)]	Loss: 1.118021
Make prediction for 4892 samples...
Make prediction for 755 samples...
Make prediction for 990 samples...
EarlyStopping counter: 1 out of 30
Epoch: 009, Train Loss: 1.1492, Metric: r2, Train: 0.2107, Val: -0.0719, best Val: 0.0611, Test: 0.1825
Training on 4892 samples...
Train epoch: 11 [0/4892 (0%)]	Loss: 1.127787
Make prediction for 4892 samples...
Make prediction for 755 samples...
Make prediction for 990 samples...
Make prediction for 990 samples...
Epoch: 010, Train Loss: 1.1425, Metric: r2, Train: 0.2918, Val: 0.0752, best Val: 0.0752, Test: 0.3113
Training on 4892 samples...
Train epoch: 12 [0/4892 (0%)]	Loss: 1.128165
Make prediction for 4892 samples...
Make prediction for 755 samples...
Make prediction for 990 samples...
EarlyStopping counter: 1 out of 30
Epoch: 011, Train Loss: 1.1104, Metric: r2, Train: 0.3144, Val: 0.0262, best Val: 0.0752, Test: 0.0865
Training on 4892 samples...
Train epoch: 13 [0/4892 (0%)]	Loss: 1.211135
Make prediction for 4892 samples...
Make prediction for 755 samples...
Make prediction for 990 samples...
EarlyStopping counter: 2 out of 30
Epoch: 012, Train Loss: 1.0951, Metric: r2, Train: 0.1812, Val: -0.3892, best Val: 0.0752, Test: -0.0774
Training on 4892 samples...
Train epoch: 14 [0/4892 (0%)]	Loss: 1.222703
Make prediction for 4892 samples...
Make prediction for 755 samples...
Make prediction for 990 samples...
EarlyStopping counter: 3 out of 30
Epoch: 013, Train Loss: 1.1007, Metric: r2, Train: 0.2389, Val: -0.1848, best Val: 0.0752, Test: 0.1333
Training on 4892 samples...
Train epoch: 15 [0/4892 (0%)]	Loss: 1.085442
Make prediction for 4892 samples...
Make prediction for 755 samples...
Make prediction for 990 samples...
Make prediction for 990 samples...
Epoch: 014, Train Loss: 1.1170, Metric: r2, Train: 0.3545, Val: 0.1243, best Val: 0.1243, Test: 0.1719
Training on 4892 samples...
Train epoch: 16 [0/4892 (0%)]	Loss: 1.118461
Make prediction for 4892 samples...
Make prediction for 755 samples...
Make prediction for 990 samples...
EarlyStopping counter: 1 out of 30
Epoch: 015, Train Loss: 1.0645, Metric: r2, Train: 0.3991, Val: 0.0658, best Val: 0.1243, Test: 0.2796
Training on 4892 samples...
Train epoch: 17 [0/4892 (0%)]	Loss: 1.033458
Make prediction for 4892 samples...
Make prediction for 755 samples...
Make prediction for 990 samples...
EarlyStopping counter: 2 out of 30
Epoch: 016, Train Loss: 1.0629, Metric: r2, Train: 0.3828, Val: 0.0081, best Val: 0.1243, Test: 0.2700
Training on 4892 samples...
Train epoch: 18 [0/4892 (0%)]	Loss: 1.041447
Make prediction for 4892 samples...
Make prediction for 755 samples...
Make prediction for 990 samples...
EarlyStopping counter: 3 out of 30
Epoch: 017, Train Loss: 1.0378, Metric: r2, Train: 0.4295, Val: 0.0753, best Val: 0.1243, Test: 0.3405
Training on 4892 samples...
Train epoch: 19 [0/4892 (0%)]	Loss: 1.007311
Make prediction for 4892 samples...
Make prediction for 755 samples...
Make prediction for 990 samples...
EarlyStopping counter: 4 out of 30
Epoch: 018, Train Loss: 1.0315, Metric: r2, Train: 0.4329, Val: -0.2380, best Val: 0.1243, Test: 0.2438
Training on 4892 samples...
Train epoch: 20 [0/4892 (0%)]	Loss: 1.019257
Make prediction for 4892 samples...
Make prediction for 755 samples...
Make prediction for 990 samples...
EarlyStopping counter: 5 out of 30
Epoch: 019, Train Loss: 1.0259, Metric: r2, Train: 0.4409, Val: 0.0589, best Val: 0.1243, Test: 0.0751
Training on 4892 samples...
Train epoch: 21 [0/4892 (0%)]	Loss: 1.062086
Make prediction for 4892 samples...
Make prediction for 755 samples...
Make prediction for 990 samples...
EarlyStopping counter: 6 out of 30
Epoch: 020, Train Loss: 1.0266, Metric: r2, Train: 0.4548, Val: -0.3261, best Val: 0.1243, Test: 0.0845
Training on 4892 samples...
Train epoch: 22 [0/4892 (0%)]	Loss: 0.987276
Make prediction for 4892 samples...
Make prediction for 755 samples...
Make prediction for 990 samples...
EarlyStopping counter: 7 out of 30
Epoch: 021, Train Loss: 0.9994, Metric: r2, Train: 0.4888, Val: -0.1608, best Val: 0.1243, Test: 0.2043
Training on 4892 samples...
Train epoch: 23 [0/4892 (0%)]	Loss: 1.015183
Make prediction for 4892 samples...
Make prediction for 755 samples...
Make prediction for 990 samples...
EarlyStopping counter: 8 out of 30
Epoch: 022, Train Loss: 0.9960, Metric: r2, Train: -0.3339, Val: -0.5269, best Val: 0.1243, Test: -0.2901
Training on 4892 samples...
Train epoch: 24 [0/4892 (0%)]	Loss: 1.525108
Make prediction for 4892 samples...
Make prediction for 755 samples...
Make prediction for 990 samples...
EarlyStopping counter: 9 out of 30
Epoch: 023, Train Loss: 1.2272, Metric: r2, Train: 0.2150, Val: -0.1302, best Val: 0.1243, Test: -0.0919
Training on 4892 samples...
Train epoch: 25 [0/4892 (0%)]	Loss: 1.267482
Make prediction for 4892 samples...
Make prediction for 755 samples...
Make prediction for 990 samples...
EarlyStopping counter: 10 out of 30
Epoch: 024, Train Loss: 1.1525, Metric: r2, Train: 0.2675, Val: 0.0111, best Val: 0.1243, Test: 0.0869
Training on 4892 samples...
Train epoch: 26 [0/4892 (0%)]	Loss: 1.215842
Make prediction for 4892 samples...
Make prediction for 755 samples...
Make prediction for 990 samples...
EarlyStopping counter: 11 out of 30
Epoch: 025, Train Loss: 1.1171, Metric: r2, Train: 0.3278, Val: -0.0173, best Val: 0.1243, Test: 0.1498
Training on 4892 samples...
Train epoch: 27 [0/4892 (0%)]	Loss: 1.131702
Make prediction for 4892 samples...
Make prediction for 755 samples...
Make prediction for 990 samples...
EarlyStopping counter: 12 out of 30
Epoch: 026, Train Loss: 1.0866, Metric: r2, Train: 0.3940, Val: 0.0655, best Val: 0.1243, Test: 0.2126
Training on 4892 samples...
Train epoch: 28 [0/4892 (0%)]	Loss: 1.034727
Make prediction for 4892 samples...
Make prediction for 755 samples...
Make prediction for 990 samples...
EarlyStopping counter: 13 out of 30
Epoch: 027, Train Loss: 1.0638, Metric: r2, Train: 0.3942, Val: -0.1383, best Val: 0.1243, Test: 0.1053
Training on 4892 samples...
Train epoch: 29 [0/4892 (0%)]	Loss: 1.058435
Make prediction for 4892 samples...
Make prediction for 755 samples...
Make prediction for 990 samples...
EarlyStopping counter: 14 out of 30
Epoch: 028, Train Loss: 1.0484, Metric: r2, Train: 0.4362, Val: 0.0686, best Val: 0.1243, Test: 0.2333
Training on 4892 samples...
Train epoch: 30 [0/4892 (0%)]	Loss: 0.995040
Make prediction for 4892 samples...
Make prediction for 755 samples...
Make prediction for 990 samples...
EarlyStopping counter: 15 out of 30
Epoch: 029, Train Loss: 1.0235, Metric: r2, Train: 0.4318, Val: 0.0499, best Val: 0.1243, Test: 0.2998
Training on 4892 samples...
Train epoch: 31 [0/4892 (0%)]	Loss: 0.942502
Make prediction for 4892 samples...
Make prediction for 755 samples...
Make prediction for 990 samples...
EarlyStopping counter: 16 out of 30
Epoch: 030, Train Loss: 1.0230, Metric: r2, Train: 0.4710, Val: 0.0195, best Val: 0.1243, Test: 0.2305
Training on 4892 samples...
Train epoch: 32 [0/4892 (0%)]	Loss: 1.040118
Make prediction for 4892 samples...
Make prediction for 755 samples...
Make prediction for 990 samples...
EarlyStopping counter: 17 out of 30
Epoch: 031, Train Loss: 1.0096, Metric: r2, Train: 0.4775, Val: -0.2030, best Val: 0.1243, Test: 0.2722
Training on 4892 samples...
Train epoch: 33 [0/4892 (0%)]	Loss: 1.006213
Make prediction for 4892 samples...
Make prediction for 755 samples...
Make prediction for 990 samples...
EarlyStopping counter: 18 out of 30
Epoch: 032, Train Loss: 1.0048, Metric: r2, Train: 0.4594, Val: -0.3315, best Val: 0.1243, Test: 0.0794
Training on 4892 samples...
Train epoch: 34 [0/4892 (0%)]	Loss: 0.946265
Make prediction for 4892 samples...
Make prediction for 755 samples...
Make prediction for 990 samples...
EarlyStopping counter: 19 out of 30
Epoch: 033, Train Loss: 1.0056, Metric: r2, Train: 0.5095, Val: 0.0013, best Val: 0.1243, Test: 0.2232
Training on 4892 samples...
Train epoch: 35 [0/4892 (0%)]	Loss: 0.928880
Make prediction for 4892 samples...
Make prediction for 755 samples...
Make prediction for 990 samples...
EarlyStopping counter: 20 out of 30
Epoch: 034, Train Loss: 0.9915, Metric: r2, Train: 0.4745, Val: -0.1315, best Val: 0.1243, Test: 0.2588
Training on 4892 samples...
Train epoch: 36 [0/4892 (0%)]	Loss: 0.905961
Make prediction for 4892 samples...
Make prediction for 755 samples...
Make prediction for 990 samples...
EarlyStopping counter: 21 out of 30
Epoch: 035, Train Loss: 0.9894, Metric: r2, Train: 0.4616, Val: -0.5376, best Val: 0.1243, Test: 0.0548
Training on 4892 samples...
Train epoch: 37 [0/4892 (0%)]	Loss: 0.987027
Make prediction for 4892 samples...
Make prediction for 755 samples...
Make prediction for 990 samples...
EarlyStopping counter: 22 out of 30
Epoch: 036, Train Loss: 0.9852, Metric: r2, Train: 0.2338, Val: -0.4458, best Val: 0.1243, Test: 0.2212
Training on 4892 samples...
Train epoch: 38 [0/4892 (0%)]	Loss: 1.169704
Make prediction for 4892 samples...
Make prediction for 755 samples...
Make prediction for 990 samples...
EarlyStopping counter: 23 out of 30
Epoch: 037, Train Loss: 1.0440, Metric: r2, Train: 0.4095, Val: 0.0960, best Val: 0.1243, Test: 0.3444
Training on 4892 samples...
Train epoch: 39 [0/4892 (0%)]	Loss: 1.049679
Make prediction for 4892 samples...
Make prediction for 755 samples...
Make prediction for 990 samples...
EarlyStopping counter: 24 out of 30
Epoch: 038, Train Loss: 1.0280, Metric: r2, Train: 0.4765, Val: 0.0298, best Val: 0.1243, Test: 0.2859
Training on 4892 samples...
Train epoch: 40 [0/4892 (0%)]	Loss: 0.955050
Make prediction for 4892 samples...
Make prediction for 755 samples...
Make prediction for 990 samples...
EarlyStopping counter: 25 out of 30
Epoch: 039, Train Loss: 1.0040, Metric: r2, Train: 0.4555, Val: 0.1183, best Val: 0.1243, Test: 0.4215
Training on 4892 samples...
Train epoch: 41 [0/4892 (0%)]	Loss: 1.067548
Make prediction for 4892 samples...
Make prediction for 755 samples...
Make prediction for 990 samples...
EarlyStopping counter: 26 out of 30
Epoch: 040, Train Loss: 0.9981, Metric: r2, Train: 0.4354, Val: 0.1056, best Val: 0.1243, Test: 0.3843
Training on 4892 samples...
Train epoch: 42 [0/4892 (0%)]	Loss: 1.070836
Make prediction for 4892 samples...
Make prediction for 755 samples...
Make prediction for 990 samples...
EarlyStopping counter: 27 out of 30
Epoch: 041, Train Loss: 0.9864, Metric: r2, Train: 0.5199, Val: 0.0916, best Val: 0.1243, Test: 0.3920
Training on 4892 samples...
Train epoch: 43 [0/4892 (0%)]	Loss: 0.959418
Make prediction for 4892 samples...
Make prediction for 755 samples...
Make prediction for 990 samples...
EarlyStopping counter: 28 out of 30
Epoch: 042, Train Loss: 0.9691, Metric: r2, Train: 0.5319, Val: -0.0769, best Val: 0.1243, Test: 0.2412
Training on 4892 samples...
Train epoch: 44 [0/4892 (0%)]	Loss: 0.881869
Make prediction for 4892 samples...
Make prediction for 755 samples...
Make prediction for 990 samples...
EarlyStopping counter: 29 out of 30
Epoch: 043, Train Loss: 0.9618, Metric: r2, Train: 0.5476, Val: -0.3030, best Val: 0.1243, Test: 0.2393
Training on 4892 samples...
Train epoch: 45 [0/4892 (0%)]	Loss: 0.891953
Make prediction for 4892 samples...
Make prediction for 755 samples...
Make prediction for 990 samples...
EarlyStopping counter: 30 out of 30
Epoch: 044, Train Loss: 0.9508, Metric: r2, Train: 0.5434, Val: 0.0195, best Val: 0.1243, Test: 0.3645
out of patience!
******PAMPA1_Perimeter_2024, 5th_time_result******
train_result: 0.3545
val_result: 0.1243
test_result: 0.1719
************************************5_times_result************************************
the train result of all tasks (r2):  [0.35861325 0.58591813 0.79580825 0.74568909 0.35447636]
the average train result of all tasks (r2): 0.5681
the train result of all tasks (std): 0.1861
the train result of all tasks (var): 0.0346
the val result of all tasks (r2):  [0.11988654 0.1787418  0.21734024 0.19288323 0.12429343]
the average val result of all tasks (r2): 0.1666
the val result of all tasks (std): 0.0384
the val result of all tasks (var): 0.0015
the test result of all tasks (r2): [0.2461749  0.35482237 0.47249208 0.40693131 0.17193136]
the average test result of all tasks (r2): 0.3305
the test result of all tasks (std): 0.1085
the test result of all tasks (var): 0.0118
PAMPA1_Perimeter_2024 time used:, 0:13:16
/root/data1/miniconda3/envs/CMMSGCL/lib/python3.8/site-packages/torch_geometric/data/in_memory_dataset.py:284: UserWarning: It is not recommended to directly access the internal storage format `data` of an 'InMemoryDataset'. If you are absolutely certain what you are doing, access the internal storage via `InMemoryDataset._data` instead to suppress this warning. Alternatively, you can access stacked individual attributes of every graph via `dataset.{attr_name}`.
  warnings.warn(msg)
/root/data1/miniconda3/envs/CMMSGCL/lib/python3.8/site-packages/torch_geometric/deprecation.py:22: UserWarning: 'data.DataLoader' is deprecated, use 'loader.DataLoader' instead
  warnings.warn(out)
/root/data1/miniconda3/envs/CMMSGCL/lib/python3.8/site-packages/torch_geometric/data/in_memory_dataset.py:284: UserWarning: It is not recommended to directly access the internal storage format `data` of an 'InMemoryDataset'. If you are absolutely certain what you are doing, access the internal storage via `InMemoryDataset._data` instead to suppress this warning. Alternatively, you can access stacked individual attributes of every graph via `dataset.{attr_name}`.
  warnings.warn(msg)
/root/data1/miniconda3/envs/CMMSGCL/lib/python3.8/site-packages/torch_geometric/deprecation.py:22: UserWarning: 'data.DataLoader' is deprecated, use 'loader.DataLoader' instead
  warnings.warn(out)
/root/data1/miniconda3/envs/CMMSGCL/lib/python3.8/site-packages/torch_geometric/data/in_memory_dataset.py:284: UserWarning: It is not recommended to directly access the internal storage format `data` of an 'InMemoryDataset'. If you are absolutely certain what you are doing, access the internal storage via `InMemoryDataset._data` instead to suppress this warning. Alternatively, you can access stacked individual attributes of every graph via `dataset.{attr_name}`.
  warnings.warn(msg)
/root/data1/miniconda3/envs/CMMSGCL/lib/python3.8/site-packages/torch_geometric/deprecation.py:22: UserWarning: 'data.DataLoader' is deprecated, use 'loader.DataLoader' instead
  warnings.warn(out)
/root/data1/miniconda3/envs/CMMSGCL/lib/python3.8/site-packages/torch_geometric/data/in_memory_dataset.py:284: UserWarning: It is not recommended to directly access the internal storage format `data` of an 'InMemoryDataset'. If you are absolutely certain what you are doing, access the internal storage via `InMemoryDataset._data` instead to suppress this warning. Alternatively, you can access stacked individual attributes of every graph via `dataset.{attr_name}`.
  warnings.warn(msg)
/root/data1/miniconda3/envs/CMMSGCL/lib/python3.8/site-packages/torch_geometric/deprecation.py:22: UserWarning: 'data.DataLoader' is deprecated, use 'loader.DataLoader' instead
  warnings.warn(out)
/root/data1/miniconda3/envs/CMMSGCL/lib/python3.8/site-packages/torch_geometric/data/in_memory_dataset.py:284: UserWarning: It is not recommended to directly access the internal storage format `data` of an 'InMemoryDataset'. If you are absolutely certain what you are doing, access the internal storage via `InMemoryDataset._data` instead to suppress this warning. Alternatively, you can access stacked individual attributes of every graph via `dataset.{attr_name}`.
  warnings.warn(msg)
/root/data1/miniconda3/envs/CMMSGCL/lib/python3.8/site-packages/torch_geometric/deprecation.py:22: UserWarning: 'data.DataLoader' is deprecated, use 'loader.DataLoader' instead
  warnings.warn(out)
Current seed: 2034, current split method: Perimeter, current task: PAMPA1
Learning rate:  0.0005
Epochs:  500
Current seed: 2024
Pre-processed data found: data/processed/PAMPA1_Perimeter_2034/PAMPA1_Perimeter_2034_train.pt, loading ...
Pre-processed data found: data/processed/PAMPA1_Perimeter_2034/PAMPA1_Perimeter_2034_valid.pt, loading ...
Pre-processed data found: data/processed/PAMPA1_Perimeter_2034/PAMPA1_Perimeter_2034_test.pt, loading ...
trainset mean:-5.639999866485596 std:0.9600000381469727
Training on 5134 samples...
Train epoch: 1 [0/5134 (0%)]	Loss: 1.365497
Train epoch: 1 [18080/5134 (95%)]	Loss: 0.763739
Make prediction for 5134 samples...
Make prediction for 813 samples...
Make prediction for 690 samples...
Make prediction for 690 samples...
Epoch: 000, Train Loss: 1.3770, Metric: r2, Train: 0.0020, Val: -0.0155, best Val: -0.0155, Test: -0.0040
Training on 5134 samples...
Train epoch: 2 [0/5134 (0%)]	Loss: 1.368827
Train epoch: 2 [19040/5134 (95%)]	Loss: 1.598842
Make prediction for 5134 samples...
Make prediction for 813 samples...
Make prediction for 690 samples...
Make prediction for 690 samples...
Epoch: 001, Train Loss: 1.3211, Metric: r2, Train: 0.0536, Val: 0.0212, best Val: 0.0212, Test: 0.0159
Training on 5134 samples...
Train epoch: 3 [0/5134 (0%)]	Loss: 1.239703
Train epoch: 3 [18180/5134 (95%)]	Loss: 1.069944
Make prediction for 5134 samples...
Make prediction for 813 samples...
Make prediction for 690 samples...
EarlyStopping counter: 1 out of 30
Epoch: 002, Train Loss: 1.2614, Metric: r2, Train: 0.1044, Val: -0.1157, best Val: 0.0212, Test: -0.0774
Training on 5134 samples...
Train epoch: 4 [0/5134 (0%)]	Loss: 1.256459
Train epoch: 4 [18880/5134 (95%)]	Loss: 0.759361
Make prediction for 5134 samples...
Make prediction for 813 samples...
Make prediction for 690 samples...
Make prediction for 690 samples...
Epoch: 003, Train Loss: 1.2316, Metric: r2, Train: 0.1903, Val: 0.1228, best Val: 0.1228, Test: 0.1092
Training on 5134 samples...
Train epoch: 5 [0/5134 (0%)]	Loss: 1.213821
Train epoch: 5 [19200/5134 (95%)]	Loss: 0.924403
Make prediction for 5134 samples...
Make prediction for 813 samples...
Make prediction for 690 samples...
EarlyStopping counter: 1 out of 30
Epoch: 004, Train Loss: 1.2034, Metric: r2, Train: 0.1779, Val: 0.0682, best Val: 0.1228, Test: -0.0322
Training on 5134 samples...
Train epoch: 6 [0/5134 (0%)]	Loss: 1.163586
Train epoch: 6 [18360/5134 (95%)]	Loss: 0.765533
Make prediction for 5134 samples...
Make prediction for 813 samples...
Make prediction for 690 samples...
EarlyStopping counter: 2 out of 30
Epoch: 005, Train Loss: 1.1906, Metric: r2, Train: 0.1602, Val: 0.1100, best Val: 0.1228, Test: 0.1855
Training on 5134 samples...
Train epoch: 7 [0/5134 (0%)]	Loss: 1.276147
Train epoch: 7 [16320/5134 (95%)]	Loss: 0.550334
Make prediction for 5134 samples...
Make prediction for 813 samples...
Make prediction for 690 samples...
Make prediction for 690 samples...
Epoch: 006, Train Loss: 1.1860, Metric: r2, Train: 0.2709, Val: 0.1881, best Val: 0.1881, Test: 0.1946
Training on 5134 samples...
Train epoch: 8 [0/5134 (0%)]	Loss: 1.095735
Train epoch: 8 [19160/5134 (95%)]	Loss: 0.912873
Make prediction for 5134 samples...
Make prediction for 813 samples...
Make prediction for 690 samples...
Make prediction for 690 samples...
Epoch: 007, Train Loss: 1.1418, Metric: r2, Train: 0.3108, Val: 0.2355, best Val: 0.2355, Test: 0.2467
Training on 5134 samples...
Train epoch: 9 [0/5134 (0%)]	Loss: 1.071041
Train epoch: 9 [19860/5134 (95%)]	Loss: 1.050546
Make prediction for 5134 samples...
Make prediction for 813 samples...
Make prediction for 690 samples...
EarlyStopping counter: 1 out of 30
Epoch: 008, Train Loss: 1.1388, Metric: r2, Train: -0.4514, Val: -0.3767, best Val: 0.2355, Test: -1.0408
Training on 5134 samples...
Train epoch: 10 [0/5134 (0%)]	Loss: 1.701743
Train epoch: 10 [19100/5134 (95%)]	Loss: 1.010050
Make prediction for 5134 samples...
Make prediction for 813 samples...
Make prediction for 690 samples...
EarlyStopping counter: 2 out of 30
Epoch: 009, Train Loss: 1.2440, Metric: r2, Train: 0.1887, Val: 0.0158, best Val: 0.2355, Test: -0.0752
Training on 5134 samples...
Train epoch: 11 [0/5134 (0%)]	Loss: 1.243381
Train epoch: 11 [17860/5134 (95%)]	Loss: 0.781979
Make prediction for 5134 samples...
Make prediction for 813 samples...
Make prediction for 690 samples...
Make prediction for 690 samples...
Epoch: 010, Train Loss: 1.1688, Metric: r2, Train: 0.2571, Val: 0.2792, best Val: 0.2792, Test: 0.2852
Training on 5134 samples...
Train epoch: 12 [0/5134 (0%)]	Loss: 1.142951
Train epoch: 12 [20620/5134 (95%)]	Loss: 1.031687
Make prediction for 5134 samples...
Make prediction for 813 samples...
Make prediction for 690 samples...
EarlyStopping counter: 1 out of 30
Epoch: 011, Train Loss: 1.1266, Metric: r2, Train: 0.2247, Val: 0.1108, best Val: 0.2792, Test: -0.0907
Training on 5134 samples...
Train epoch: 13 [0/5134 (0%)]	Loss: 1.238879
Train epoch: 13 [18300/5134 (95%)]	Loss: 1.003466
Make prediction for 5134 samples...
Make prediction for 813 samples...
Make prediction for 690 samples...
EarlyStopping counter: 2 out of 30
Epoch: 012, Train Loss: 1.1040, Metric: r2, Train: 0.2523, Val: 0.1610, best Val: 0.2792, Test: 0.1894
Training on 5134 samples...
Train epoch: 14 [0/5134 (0%)]	Loss: 1.193830
Train epoch: 14 [19000/5134 (95%)]	Loss: 0.705534
Make prediction for 5134 samples...
Make prediction for 813 samples...
Make prediction for 690 samples...
EarlyStopping counter: 3 out of 30
Epoch: 013, Train Loss: 1.1089, Metric: r2, Train: 0.2504, Val: 0.1183, best Val: 0.2792, Test: 0.1089
Training on 5134 samples...
Train epoch: 15 [0/5134 (0%)]	Loss: 1.198772
Train epoch: 15 [18320/5134 (95%)]	Loss: 0.858663
Make prediction for 5134 samples...
Make prediction for 813 samples...
Make prediction for 690 samples...
Make prediction for 690 samples...
Epoch: 014, Train Loss: 1.0924, Metric: r2, Train: 0.3115, Val: 0.3031, best Val: 0.3031, Test: 0.1024
Training on 5134 samples...
Train epoch: 16 [0/5134 (0%)]	Loss: 1.189653
Train epoch: 16 [19860/5134 (95%)]	Loss: 0.892487
Make prediction for 5134 samples...
Make prediction for 813 samples...
Make prediction for 690 samples...
Make prediction for 690 samples...
Epoch: 015, Train Loss: 1.0890, Metric: r2, Train: 0.3942, Val: 0.3809, best Val: 0.3809, Test: 0.1960
Training on 5134 samples...
Train epoch: 17 [0/5134 (0%)]	Loss: 1.031159
Train epoch: 17 [18980/5134 (95%)]	Loss: 0.731807
Make prediction for 5134 samples...
Make prediction for 813 samples...
Make prediction for 690 samples...
EarlyStopping counter: 1 out of 30
Epoch: 016, Train Loss: 1.0708, Metric: r2, Train: 0.3763, Val: 0.3332, best Val: 0.3809, Test: 0.0429
Training on 5134 samples...
Train epoch: 18 [0/5134 (0%)]	Loss: 1.142303
Train epoch: 18 [18200/5134 (95%)]	Loss: 0.734616
Make prediction for 5134 samples...
Make prediction for 813 samples...
Make prediction for 690 samples...
EarlyStopping counter: 2 out of 30
Epoch: 017, Train Loss: 1.0857, Metric: r2, Train: 0.3618, Val: 0.3147, best Val: 0.3809, Test: 0.2084
Training on 5134 samples...
Train epoch: 19 [0/5134 (0%)]	Loss: 1.086154
Train epoch: 19 [17820/5134 (95%)]	Loss: 0.712860
Make prediction for 5134 samples...
Make prediction for 813 samples...
Make prediction for 690 samples...
EarlyStopping counter: 3 out of 30
Epoch: 018, Train Loss: 1.0569, Metric: r2, Train: 0.2697, Val: 0.3678, best Val: 0.3809, Test: 0.0099
Training on 5134 samples...
Train epoch: 20 [0/5134 (0%)]	Loss: 1.227045
Train epoch: 20 [18240/5134 (95%)]	Loss: 0.478452
Make prediction for 5134 samples...
Make prediction for 813 samples...
Make prediction for 690 samples...
Make prediction for 690 samples...
Epoch: 019, Train Loss: 1.0580, Metric: r2, Train: 0.3944, Val: 0.3975, best Val: 0.3975, Test: 0.1539
Training on 5134 samples...
Train epoch: 21 [0/5134 (0%)]	Loss: 1.046307
Train epoch: 21 [19020/5134 (95%)]	Loss: 0.593318
Make prediction for 5134 samples...
Make prediction for 813 samples...
Make prediction for 690 samples...
Make prediction for 690 samples...
Epoch: 020, Train Loss: 1.0438, Metric: r2, Train: 0.4219, Val: 0.4143, best Val: 0.4143, Test: 0.1506
Training on 5134 samples...
Train epoch: 22 [0/5134 (0%)]	Loss: 1.073090
Train epoch: 22 [19020/5134 (95%)]	Loss: 0.485378
Make prediction for 5134 samples...
Make prediction for 813 samples...
Make prediction for 690 samples...
EarlyStopping counter: 1 out of 30
Epoch: 021, Train Loss: 1.0328, Metric: r2, Train: 0.2576, Val: -0.0828, best Val: 0.4143, Test: -0.2274
Training on 5134 samples...
Train epoch: 23 [0/5134 (0%)]	Loss: 1.172367
Train epoch: 23 [17820/5134 (95%)]	Loss: 0.846270
Make prediction for 5134 samples...
Make prediction for 813 samples...
Make prediction for 690 samples...
EarlyStopping counter: 2 out of 30
Epoch: 022, Train Loss: 1.0430, Metric: r2, Train: 0.3670, Val: 0.4013, best Val: 0.4143, Test: 0.1367
Training on 5134 samples...
Train epoch: 24 [0/5134 (0%)]	Loss: 1.090075
Train epoch: 24 [19840/5134 (95%)]	Loss: 1.278261
Make prediction for 5134 samples...
Make prediction for 813 samples...
Make prediction for 690 samples...
EarlyStopping counter: 3 out of 30
Epoch: 023, Train Loss: 1.0516, Metric: r2, Train: 0.3918, Val: 0.3766, best Val: 0.4143, Test: 0.0602
Training on 5134 samples...
Train epoch: 25 [0/5134 (0%)]	Loss: 1.092552
Train epoch: 25 [18720/5134 (95%)]	Loss: 1.010590
Make prediction for 5134 samples...
Make prediction for 813 samples...
Make prediction for 690 samples...
EarlyStopping counter: 4 out of 30
Epoch: 024, Train Loss: 1.0386, Metric: r2, Train: 0.4240, Val: 0.2945, best Val: 0.4143, Test: 0.0671
Training on 5134 samples...
Train epoch: 26 [0/5134 (0%)]	Loss: 1.073470
Train epoch: 26 [20060/5134 (95%)]	Loss: 0.873727
Make prediction for 5134 samples...
Make prediction for 813 samples...
Make prediction for 690 samples...
EarlyStopping counter: 5 out of 30
Epoch: 025, Train Loss: 1.0302, Metric: r2, Train: 0.3677, Val: 0.2029, best Val: 0.4143, Test: 0.0177
Training on 5134 samples...
Train epoch: 27 [0/5134 (0%)]	Loss: 1.046585
Train epoch: 27 [17860/5134 (95%)]	Loss: 0.697333
Make prediction for 5134 samples...
Make prediction for 813 samples...
Make prediction for 690 samples...
Make prediction for 690 samples...
Epoch: 026, Train Loss: 1.0333, Metric: r2, Train: 0.4478, Val: 0.4389, best Val: 0.4389, Test: 0.1063
Training on 5134 samples...
Train epoch: 28 [0/5134 (0%)]	Loss: 1.011925
Train epoch: 28 [16260/5134 (95%)]	Loss: 0.604595
Make prediction for 5134 samples...
Make prediction for 813 samples...
Make prediction for 690 samples...
EarlyStopping counter: 1 out of 30
Epoch: 027, Train Loss: 1.0126, Metric: r2, Train: 0.4446, Val: 0.1244, best Val: 0.4389, Test: -0.0870
Training on 5134 samples...
Train epoch: 29 [0/5134 (0%)]	Loss: 0.924533
Train epoch: 29 [17500/5134 (95%)]	Loss: 0.497033
Make prediction for 5134 samples...
Make prediction for 813 samples...
Make prediction for 690 samples...
EarlyStopping counter: 2 out of 30
Epoch: 028, Train Loss: 1.0044, Metric: r2, Train: 0.3296, Val: -0.0925, best Val: 0.4389, Test: -0.1986
Training on 5134 samples...
Train epoch: 30 [0/5134 (0%)]	Loss: 1.137708
Train epoch: 30 [17340/5134 (95%)]	Loss: 0.537535
Make prediction for 5134 samples...
Make prediction for 813 samples...
Make prediction for 690 samples...
Make prediction for 690 samples...
Epoch: 029, Train Loss: 1.0502, Metric: r2, Train: 0.4304, Val: 0.4681, best Val: 0.4681, Test: 0.0613
Training on 5134 samples...
Train epoch: 31 [0/5134 (0%)]	Loss: 1.001765
Train epoch: 31 [18660/5134 (95%)]	Loss: 0.405676
Make prediction for 5134 samples...
Make prediction for 813 samples...
Make prediction for 690 samples...
EarlyStopping counter: 1 out of 30
Epoch: 030, Train Loss: 1.0268, Metric: r2, Train: 0.4636, Val: 0.4002, best Val: 0.4681, Test: 0.1455
Training on 5134 samples...
Train epoch: 32 [0/5134 (0%)]	Loss: 1.092274
Train epoch: 32 [18620/5134 (95%)]	Loss: 0.890055
Make prediction for 5134 samples...
Make prediction for 813 samples...
Make prediction for 690 samples...
EarlyStopping counter: 2 out of 30
Epoch: 031, Train Loss: 1.0159, Metric: r2, Train: 0.4784, Val: 0.4367, best Val: 0.4681, Test: 0.1118
Training on 5134 samples...
Train epoch: 33 [0/5134 (0%)]	Loss: 1.155650
Train epoch: 33 [17420/5134 (95%)]	Loss: 0.777193
Make prediction for 5134 samples...
Make prediction for 813 samples...
Make prediction for 690 samples...
Make prediction for 690 samples...
Epoch: 032, Train Loss: 1.0005, Metric: r2, Train: 0.4826, Val: 0.4891, best Val: 0.4891, Test: 0.1846
Training on 5134 samples...
Train epoch: 34 [0/5134 (0%)]	Loss: 1.060717
Train epoch: 34 [17920/5134 (95%)]	Loss: 0.541137
Make prediction for 5134 samples...
Make prediction for 813 samples...
Make prediction for 690 samples...
EarlyStopping counter: 1 out of 30
Epoch: 033, Train Loss: 0.9979, Metric: r2, Train: 0.2237, Val: -0.3110, best Val: 0.4891, Test: -0.4348
Training on 5134 samples...
Train epoch: 35 [0/5134 (0%)]	Loss: 1.127113
Train epoch: 35 [16380/5134 (95%)]	Loss: 0.554554
Make prediction for 5134 samples...
Make prediction for 813 samples...
Make prediction for 690 samples...
EarlyStopping counter: 2 out of 30
Epoch: 034, Train Loss: 1.0413, Metric: r2, Train: 0.4372, Val: 0.4458, best Val: 0.4891, Test: 0.1009
Training on 5134 samples...
Train epoch: 36 [0/5134 (0%)]	Loss: 1.099267
Train epoch: 36 [17020/5134 (95%)]	Loss: 0.517007
Make prediction for 5134 samples...
Make prediction for 813 samples...
Make prediction for 690 samples...
EarlyStopping counter: 3 out of 30
Epoch: 035, Train Loss: 0.9923, Metric: r2, Train: 0.4339, Val: 0.1440, best Val: 0.4891, Test: -0.0553
Training on 5134 samples...
Train epoch: 37 [0/5134 (0%)]	Loss: 0.993657
Train epoch: 37 [17220/5134 (95%)]	Loss: 0.770099
Make prediction for 5134 samples...
Make prediction for 813 samples...
Make prediction for 690 samples...
EarlyStopping counter: 4 out of 30
Epoch: 036, Train Loss: 0.9935, Metric: r2, Train: 0.4776, Val: 0.2796, best Val: 0.4891, Test: 0.0724
Training on 5134 samples...
Train epoch: 38 [0/5134 (0%)]	Loss: 1.046251
Train epoch: 38 [18060/5134 (95%)]	Loss: 0.553116
Make prediction for 5134 samples...
Make prediction for 813 samples...
Make prediction for 690 samples...
EarlyStopping counter: 5 out of 30
Epoch: 037, Train Loss: 0.9766, Metric: r2, Train: 0.4845, Val: 0.2517, best Val: 0.4891, Test: 0.0114
Training on 5134 samples...
Train epoch: 39 [0/5134 (0%)]	Loss: 0.931412
Train epoch: 39 [19060/5134 (95%)]	Loss: 0.543473
Make prediction for 5134 samples...
Make prediction for 813 samples...
Make prediction for 690 samples...
Make prediction for 690 samples...
Epoch: 038, Train Loss: 0.9892, Metric: r2, Train: 0.5046, Val: 0.5227, best Val: 0.5227, Test: 0.2516
Training on 5134 samples...
Train epoch: 40 [0/5134 (0%)]	Loss: 0.998845
Train epoch: 40 [18840/5134 (95%)]	Loss: 0.645412
Make prediction for 5134 samples...
Make prediction for 813 samples...
Make prediction for 690 samples...
EarlyStopping counter: 1 out of 30
Epoch: 039, Train Loss: 0.9761, Metric: r2, Train: 0.5324, Val: 0.3132, best Val: 0.5227, Test: 0.0271
Training on 5134 samples...
Train epoch: 41 [0/5134 (0%)]	Loss: 0.915689
Train epoch: 41 [17220/5134 (95%)]	Loss: 0.848309
Make prediction for 5134 samples...
Make prediction for 813 samples...
Make prediction for 690 samples...
EarlyStopping counter: 2 out of 30
Epoch: 040, Train Loss: 0.9564, Metric: r2, Train: 0.5211, Val: 0.5040, best Val: 0.5227, Test: 0.1538
Training on 5134 samples...
Train epoch: 42 [0/5134 (0%)]	Loss: 0.914546
Train epoch: 42 [16400/5134 (95%)]	Loss: 0.607001
Make prediction for 5134 samples...
Make prediction for 813 samples...
Make prediction for 690 samples...
EarlyStopping counter: 3 out of 30
Epoch: 041, Train Loss: 0.9766, Metric: r2, Train: 0.5176, Val: 0.4480, best Val: 0.5227, Test: 0.1561
Training on 5134 samples...
Train epoch: 43 [0/5134 (0%)]	Loss: 0.949598
Train epoch: 43 [17660/5134 (95%)]	Loss: 0.563909
Make prediction for 5134 samples...
Make prediction for 813 samples...
Make prediction for 690 samples...
EarlyStopping counter: 4 out of 30
Epoch: 042, Train Loss: 0.9826, Metric: r2, Train: 0.5109, Val: 0.4018, best Val: 0.5227, Test: 0.1611
Training on 5134 samples...
Train epoch: 44 [0/5134 (0%)]	Loss: 0.985862
Train epoch: 44 [17640/5134 (95%)]	Loss: 0.639393
Make prediction for 5134 samples...
Make prediction for 813 samples...
Make prediction for 690 samples...
EarlyStopping counter: 5 out of 30
Epoch: 043, Train Loss: 1.0036, Metric: r2, Train: 0.4627, Val: 0.1359, best Val: 0.5227, Test: 0.0265
Training on 5134 samples...
Train epoch: 45 [0/5134 (0%)]	Loss: 1.056198
Train epoch: 45 [16300/5134 (95%)]	Loss: 0.667969
Make prediction for 5134 samples...
Make prediction for 813 samples...
Make prediction for 690 samples...
EarlyStopping counter: 6 out of 30
Epoch: 044, Train Loss: 0.9757, Metric: r2, Train: 0.5014, Val: 0.1492, best Val: 0.5227, Test: 0.0098
Training on 5134 samples...
Train epoch: 46 [0/5134 (0%)]	Loss: 0.974475
Train epoch: 46 [18280/5134 (95%)]	Loss: 0.431969
Make prediction for 5134 samples...
Make prediction for 813 samples...
Make prediction for 690 samples...
EarlyStopping counter: 7 out of 30
Epoch: 045, Train Loss: 0.9722, Metric: r2, Train: 0.5434, Val: 0.1940, best Val: 0.5227, Test: -0.0190
Training on 5134 samples...
Train epoch: 47 [0/5134 (0%)]	Loss: 0.988278
Train epoch: 47 [17020/5134 (95%)]	Loss: 0.588203
Make prediction for 5134 samples...
Make prediction for 813 samples...
Make prediction for 690 samples...
EarlyStopping counter: 8 out of 30
Epoch: 046, Train Loss: 0.9349, Metric: r2, Train: 0.5686, Val: 0.4321, best Val: 0.5227, Test: 0.1617
Training on 5134 samples...
Train epoch: 48 [0/5134 (0%)]	Loss: 0.965296
Train epoch: 48 [18500/5134 (95%)]	Loss: 0.911617
Make prediction for 5134 samples...
Make prediction for 813 samples...
Make prediction for 690 samples...
EarlyStopping counter: 9 out of 30
Epoch: 047, Train Loss: 0.9251, Metric: r2, Train: 0.5700, Val: 0.3117, best Val: 0.5227, Test: 0.0850
Training on 5134 samples...
Train epoch: 49 [0/5134 (0%)]	Loss: 0.949829
Train epoch: 49 [19480/5134 (95%)]	Loss: 0.443093
Make prediction for 5134 samples...
Make prediction for 813 samples...
Make prediction for 690 samples...
EarlyStopping counter: 10 out of 30
Epoch: 048, Train Loss: 0.9356, Metric: r2, Train: 0.5475, Val: 0.4606, best Val: 0.5227, Test: 0.1629
Training on 5134 samples...
Train epoch: 50 [0/5134 (0%)]	Loss: 0.941958
Train epoch: 50 [19180/5134 (95%)]	Loss: 0.585105
Make prediction for 5134 samples...
Make prediction for 813 samples...
Make prediction for 690 samples...
EarlyStopping counter: 11 out of 30
Epoch: 049, Train Loss: 0.9243, Metric: r2, Train: 0.5744, Val: 0.4448, best Val: 0.5227, Test: 0.1678
Training on 5134 samples...
Train epoch: 51 [0/5134 (0%)]	Loss: 0.867810
Train epoch: 51 [17560/5134 (95%)]	Loss: 0.448008
Make prediction for 5134 samples...
Make prediction for 813 samples...
Make prediction for 690 samples...
EarlyStopping counter: 12 out of 30
Epoch: 050, Train Loss: 0.9195, Metric: r2, Train: 0.5502, Val: 0.3093, best Val: 0.5227, Test: 0.1087
Training on 5134 samples...
Train epoch: 52 [0/5134 (0%)]	Loss: 1.002289
Train epoch: 52 [16240/5134 (95%)]	Loss: 0.458248
Make prediction for 5134 samples...
Make prediction for 813 samples...
Make prediction for 690 samples...
EarlyStopping counter: 13 out of 30
Epoch: 051, Train Loss: 0.9285, Metric: r2, Train: 0.5607, Val: 0.4160, best Val: 0.5227, Test: 0.1722
Training on 5134 samples...
Train epoch: 53 [0/5134 (0%)]	Loss: 1.049245
Train epoch: 53 [19320/5134 (95%)]	Loss: 0.547572
Make prediction for 5134 samples...
Make prediction for 813 samples...
Make prediction for 690 samples...
EarlyStopping counter: 14 out of 30
Epoch: 052, Train Loss: 0.9540, Metric: r2, Train: 0.5824, Val: 0.3648, best Val: 0.5227, Test: 0.1220
Training on 5134 samples...
Train epoch: 54 [0/5134 (0%)]	Loss: 0.936367
Train epoch: 54 [17980/5134 (95%)]	Loss: 0.645775
Make prediction for 5134 samples...
Make prediction for 813 samples...
Make prediction for 690 samples...
EarlyStopping counter: 15 out of 30
Epoch: 053, Train Loss: 0.9314, Metric: r2, Train: 0.5705, Val: 0.3806, best Val: 0.5227, Test: 0.2021
Training on 5134 samples...
Train epoch: 55 [0/5134 (0%)]	Loss: 0.926274
Train epoch: 55 [16680/5134 (95%)]	Loss: 0.609098
Make prediction for 5134 samples...
Make prediction for 813 samples...
Make prediction for 690 samples...
EarlyStopping counter: 16 out of 30
Epoch: 054, Train Loss: 0.9320, Metric: r2, Train: 0.5793, Val: 0.3239, best Val: 0.5227, Test: 0.1419
Training on 5134 samples...
Train epoch: 56 [0/5134 (0%)]	Loss: 0.933458
Train epoch: 56 [18060/5134 (95%)]	Loss: 0.672078
Make prediction for 5134 samples...
Make prediction for 813 samples...
Make prediction for 690 samples...
EarlyStopping counter: 17 out of 30
Epoch: 055, Train Loss: 0.9222, Metric: r2, Train: 0.6069, Val: 0.4810, best Val: 0.5227, Test: 0.2786
Training on 5134 samples...
Train epoch: 57 [0/5134 (0%)]	Loss: 0.899212
Train epoch: 57 [18840/5134 (95%)]	Loss: 0.537143
Make prediction for 5134 samples...
Make prediction for 813 samples...
Make prediction for 690 samples...
Make prediction for 690 samples...
Epoch: 056, Train Loss: 0.9444, Metric: r2, Train: 0.5744, Val: 0.5307, best Val: 0.5307, Test: 0.2485
Training on 5134 samples...
Train epoch: 58 [0/5134 (0%)]	Loss: 0.934442
Train epoch: 58 [17160/5134 (95%)]	Loss: 0.738597
Make prediction for 5134 samples...
Make prediction for 813 samples...
Make prediction for 690 samples...
EarlyStopping counter: 1 out of 30
Epoch: 057, Train Loss: 0.9300, Metric: r2, Train: 0.5859, Val: 0.3786, best Val: 0.5307, Test: 0.1470
Training on 5134 samples...
Train epoch: 59 [0/5134 (0%)]	Loss: 0.875570
Train epoch: 59 [18780/5134 (95%)]	Loss: 0.616251
Make prediction for 5134 samples...
Make prediction for 813 samples...
Make prediction for 690 samples...
EarlyStopping counter: 2 out of 30
Epoch: 058, Train Loss: 0.9475, Metric: r2, Train: 0.6003, Val: 0.3667, best Val: 0.5307, Test: 0.1406
Training on 5134 samples...
Train epoch: 60 [0/5134 (0%)]	Loss: 0.905145
Train epoch: 60 [18380/5134 (95%)]	Loss: 0.719172
Make prediction for 5134 samples...
Make prediction for 813 samples...
Make prediction for 690 samples...
EarlyStopping counter: 3 out of 30
Epoch: 059, Train Loss: 0.9189, Metric: r2, Train: 0.5916, Val: 0.4246, best Val: 0.5307, Test: 0.3165
Training on 5134 samples...
Train epoch: 61 [0/5134 (0%)]	Loss: 0.943583
Train epoch: 61 [16960/5134 (95%)]	Loss: 0.661692
Make prediction for 5134 samples...
Make prediction for 813 samples...
Make prediction for 690 samples...
Make prediction for 690 samples...
Epoch: 060, Train Loss: 0.9129, Metric: r2, Train: 0.5508, Val: 0.5471, best Val: 0.5471, Test: 0.3137
Training on 5134 samples...
Train epoch: 62 [0/5134 (0%)]	Loss: 0.903937
Train epoch: 62 [19420/5134 (95%)]	Loss: 0.493012
Make prediction for 5134 samples...
Make prediction for 813 samples...
Make prediction for 690 samples...
EarlyStopping counter: 1 out of 30
Epoch: 061, Train Loss: 0.9184, Metric: r2, Train: 0.5963, Val: 0.4218, best Val: 0.5471, Test: 0.2130
Training on 5134 samples...
Train epoch: 63 [0/5134 (0%)]	Loss: 0.950240
Train epoch: 63 [16920/5134 (95%)]	Loss: 0.645496
Make prediction for 5134 samples...
Make prediction for 813 samples...
Make prediction for 690 samples...
EarlyStopping counter: 2 out of 30
Epoch: 062, Train Loss: 0.9220, Metric: r2, Train: 0.5785, Val: 0.3981, best Val: 0.5471, Test: 0.2798
Training on 5134 samples...
Train epoch: 64 [0/5134 (0%)]	Loss: 0.900156
Train epoch: 64 [20180/5134 (95%)]	Loss: 0.619088
Make prediction for 5134 samples...
Make prediction for 813 samples...
Make prediction for 690 samples...
EarlyStopping counter: 3 out of 30
Epoch: 063, Train Loss: 0.9223, Metric: r2, Train: 0.5819, Val: 0.4650, best Val: 0.5471, Test: 0.3159
Training on 5134 samples...
Train epoch: 65 [0/5134 (0%)]	Loss: 0.901252
Train epoch: 65 [16540/5134 (95%)]	Loss: 0.538130
Make prediction for 5134 samples...
Make prediction for 813 samples...
Make prediction for 690 samples...
EarlyStopping counter: 4 out of 30
Epoch: 064, Train Loss: 0.9024, Metric: r2, Train: 0.6218, Val: 0.4509, best Val: 0.5471, Test: 0.2765
Training on 5134 samples...
Train epoch: 66 [0/5134 (0%)]	Loss: 0.855898
Train epoch: 66 [16900/5134 (95%)]	Loss: 0.427798
Make prediction for 5134 samples...
Make prediction for 813 samples...
Make prediction for 690 samples...
EarlyStopping counter: 5 out of 30
Epoch: 065, Train Loss: 0.9056, Metric: r2, Train: 0.4877, Val: 0.3816, best Val: 0.5471, Test: 0.1769
Training on 5134 samples...
Train epoch: 67 [0/5134 (0%)]	Loss: 0.921178
Train epoch: 67 [17100/5134 (95%)]	Loss: 0.649321
Make prediction for 5134 samples...
Make prediction for 813 samples...
Make prediction for 690 samples...
EarlyStopping counter: 6 out of 30
Epoch: 066, Train Loss: 0.9330, Metric: r2, Train: 0.5384, Val: 0.2309, best Val: 0.5471, Test: 0.0850
Training on 5134 samples...
Train epoch: 68 [0/5134 (0%)]	Loss: 0.997244
Train epoch: 68 [17700/5134 (95%)]	Loss: 0.677408
Make prediction for 5134 samples...
Make prediction for 813 samples...
Make prediction for 690 samples...
EarlyStopping counter: 7 out of 30
Epoch: 067, Train Loss: 0.9223, Metric: r2, Train: 0.5955, Val: 0.2129, best Val: 0.5471, Test: 0.0603
Training on 5134 samples...
Train epoch: 69 [0/5134 (0%)]	Loss: 0.916128
Train epoch: 69 [16440/5134 (95%)]	Loss: 0.565473
Make prediction for 5134 samples...
Make prediction for 813 samples...
Make prediction for 690 samples...
EarlyStopping counter: 8 out of 30
Epoch: 068, Train Loss: 0.9019, Metric: r2, Train: 0.6293, Val: 0.4164, best Val: 0.5471, Test: 0.2482
Training on 5134 samples...
Train epoch: 70 [0/5134 (0%)]	Loss: 0.827285
Train epoch: 70 [19200/5134 (95%)]	Loss: 0.630584
Make prediction for 5134 samples...
Make prediction for 813 samples...
Make prediction for 690 samples...
EarlyStopping counter: 9 out of 30
Epoch: 069, Train Loss: 0.9012, Metric: r2, Train: 0.6335, Val: 0.4814, best Val: 0.5471, Test: 0.3514
Training on 5134 samples...
Train epoch: 71 [0/5134 (0%)]	Loss: 0.833473
Train epoch: 71 [20260/5134 (95%)]	Loss: 0.505789
Make prediction for 5134 samples...
Make prediction for 813 samples...
Make prediction for 690 samples...
EarlyStopping counter: 10 out of 30
Epoch: 070, Train Loss: 0.8758, Metric: r2, Train: 0.6296, Val: 0.3580, best Val: 0.5471, Test: 0.2489
Training on 5134 samples...
Train epoch: 72 [0/5134 (0%)]	Loss: 0.924472
Train epoch: 72 [19180/5134 (95%)]	Loss: 0.639470
Make prediction for 5134 samples...
Make prediction for 813 samples...
Make prediction for 690 samples...
EarlyStopping counter: 11 out of 30
Epoch: 071, Train Loss: 0.8661, Metric: r2, Train: 0.6339, Val: 0.4307, best Val: 0.5471, Test: 0.3360
Training on 5134 samples...
Train epoch: 73 [0/5134 (0%)]	Loss: 0.889874
Train epoch: 73 [18320/5134 (95%)]	Loss: 0.569629
Make prediction for 5134 samples...
Make prediction for 813 samples...
Make prediction for 690 samples...
EarlyStopping counter: 12 out of 30
Epoch: 072, Train Loss: 0.8800, Metric: r2, Train: 0.5928, Val: 0.2679, best Val: 0.5471, Test: 0.1431
Training on 5134 samples...
Train epoch: 74 [0/5134 (0%)]	Loss: 1.008423
Train epoch: 74 [20020/5134 (95%)]	Loss: 0.618005
Make prediction for 5134 samples...
Make prediction for 813 samples...
Make prediction for 690 samples...
EarlyStopping counter: 13 out of 30
Epoch: 073, Train Loss: 0.8979, Metric: r2, Train: 0.6148, Val: 0.3741, best Val: 0.5471, Test: 0.2558
Training on 5134 samples...
Train epoch: 75 [0/5134 (0%)]	Loss: 0.886955
Train epoch: 75 [16620/5134 (95%)]	Loss: 0.927097
Make prediction for 5134 samples...
Make prediction for 813 samples...
Make prediction for 690 samples...
EarlyStopping counter: 14 out of 30
Epoch: 074, Train Loss: 0.8835, Metric: r2, Train: 0.6266, Val: 0.4085, best Val: 0.5471, Test: 0.2852
Training on 5134 samples...
Train epoch: 76 [0/5134 (0%)]	Loss: 0.909198
Train epoch: 76 [18840/5134 (95%)]	Loss: 0.961378
Make prediction for 5134 samples...
Make prediction for 813 samples...
Make prediction for 690 samples...
EarlyStopping counter: 15 out of 30
Epoch: 075, Train Loss: 0.9092, Metric: r2, Train: 0.5660, Val: 0.3569, best Val: 0.5471, Test: 0.2072
Training on 5134 samples...
Train epoch: 77 [0/5134 (0%)]	Loss: 0.894014
Train epoch: 77 [19320/5134 (95%)]	Loss: 0.458923
Make prediction for 5134 samples...
Make prediction for 813 samples...
Make prediction for 690 samples...
EarlyStopping counter: 16 out of 30
Epoch: 076, Train Loss: 0.8909, Metric: r2, Train: 0.5725, Val: 0.2255, best Val: 0.5471, Test: 0.1258
Training on 5134 samples...
Train epoch: 78 [0/5134 (0%)]	Loss: 0.968733
Train epoch: 78 [18300/5134 (95%)]	Loss: 0.408334
Make prediction for 5134 samples...
Make prediction for 813 samples...
Make prediction for 690 samples...
EarlyStopping counter: 17 out of 30
Epoch: 077, Train Loss: 0.8753, Metric: r2, Train: 0.6443, Val: 0.4553, best Val: 0.5471, Test: 0.3282
Training on 5134 samples...
Train epoch: 79 [0/5134 (0%)]	Loss: 0.892637
Train epoch: 79 [17480/5134 (95%)]	Loss: 0.656905
Make prediction for 5134 samples...
Make prediction for 813 samples...
Make prediction for 690 samples...
EarlyStopping counter: 18 out of 30
Epoch: 078, Train Loss: 0.8351, Metric: r2, Train: 0.6065, Val: 0.3116, best Val: 0.5471, Test: 0.2735
Training on 5134 samples...
Train epoch: 80 [0/5134 (0%)]	Loss: 0.840419
Train epoch: 80 [17220/5134 (95%)]	Loss: 0.432150
Make prediction for 5134 samples...
Make prediction for 813 samples...
Make prediction for 690 samples...
EarlyStopping counter: 19 out of 30
Epoch: 079, Train Loss: 0.8577, Metric: r2, Train: 0.6414, Val: 0.3598, best Val: 0.5471, Test: 0.2477
Training on 5134 samples...
Train epoch: 81 [0/5134 (0%)]	Loss: 0.783108
Train epoch: 81 [17900/5134 (95%)]	Loss: 0.397394
Make prediction for 5134 samples...
Make prediction for 813 samples...
Make prediction for 690 samples...
EarlyStopping counter: 20 out of 30
Epoch: 080, Train Loss: 0.8096, Metric: r2, Train: 0.6755, Val: 0.4377, best Val: 0.5471, Test: 0.3632
Training on 5134 samples...
Train epoch: 82 [0/5134 (0%)]	Loss: 0.810579
Train epoch: 82 [18420/5134 (95%)]	Loss: 0.446664
Make prediction for 5134 samples...
Make prediction for 813 samples...
Make prediction for 690 samples...
EarlyStopping counter: 21 out of 30
Epoch: 081, Train Loss: 0.8089, Metric: r2, Train: 0.6843, Val: 0.4373, best Val: 0.5471, Test: 0.4088
Training on 5134 samples...
Train epoch: 83 [0/5134 (0%)]	Loss: 0.815974
Train epoch: 83 [19120/5134 (95%)]	Loss: 0.459714
Make prediction for 5134 samples...
Make prediction for 813 samples...
Make prediction for 690 samples...
EarlyStopping counter: 22 out of 30
Epoch: 082, Train Loss: 0.7969, Metric: r2, Train: 0.6946, Val: 0.4714, best Val: 0.5471, Test: 0.4411
Training on 5134 samples...
Train epoch: 84 [0/5134 (0%)]	Loss: 0.722689
Train epoch: 84 [17800/5134 (95%)]	Loss: 0.523759
Make prediction for 5134 samples...
Make prediction for 813 samples...
Make prediction for 690 samples...
EarlyStopping counter: 23 out of 30
Epoch: 083, Train Loss: 0.7795, Metric: r2, Train: 0.6801, Val: 0.4559, best Val: 0.5471, Test: 0.4604
Training on 5134 samples...
Train epoch: 85 [0/5134 (0%)]	Loss: 0.767346
Train epoch: 85 [19740/5134 (95%)]	Loss: 0.405713
Make prediction for 5134 samples...
Make prediction for 813 samples...
Make prediction for 690 samples...
EarlyStopping counter: 24 out of 30
Epoch: 084, Train Loss: 0.7827, Metric: r2, Train: 0.6892, Val: 0.4252, best Val: 0.5471, Test: 0.4112
Training on 5134 samples...
Train epoch: 86 [0/5134 (0%)]	Loss: 0.795434
Train epoch: 86 [21060/5134 (95%)]	Loss: 0.714026
Make prediction for 5134 samples...
Make prediction for 813 samples...
Make prediction for 690 samples...
EarlyStopping counter: 25 out of 30
Epoch: 085, Train Loss: 0.7746, Metric: r2, Train: 0.6380, Val: 0.3510, best Val: 0.5471, Test: 0.3618
Training on 5134 samples...
Train epoch: 87 [0/5134 (0%)]	Loss: 0.805628
Train epoch: 87 [19080/5134 (95%)]	Loss: 0.416244
Make prediction for 5134 samples...
Make prediction for 813 samples...
Make prediction for 690 samples...
EarlyStopping counter: 26 out of 30
Epoch: 086, Train Loss: 0.7871, Metric: r2, Train: 0.5725, Val: 0.1528, best Val: 0.5471, Test: 0.2316
Training on 5134 samples...
Train epoch: 88 [0/5134 (0%)]	Loss: 0.755785
Train epoch: 88 [19380/5134 (95%)]	Loss: 0.905581
Make prediction for 5134 samples...
Make prediction for 813 samples...
Make prediction for 690 samples...
EarlyStopping counter: 27 out of 30
Epoch: 087, Train Loss: 0.8223, Metric: r2, Train: 0.6644, Val: 0.4532, best Val: 0.5471, Test: 0.4758
Training on 5134 samples...
Train epoch: 89 [0/5134 (0%)]	Loss: 0.753082
Train epoch: 89 [18160/5134 (95%)]	Loss: 0.413564
Make prediction for 5134 samples...
Make prediction for 813 samples...
Make prediction for 690 samples...
EarlyStopping counter: 28 out of 30
Epoch: 088, Train Loss: 0.7918, Metric: r2, Train: 0.6698, Val: 0.3667, best Val: 0.5471, Test: 0.4150
Training on 5134 samples...
Train epoch: 90 [0/5134 (0%)]	Loss: 0.765019
Train epoch: 90 [19840/5134 (95%)]	Loss: 0.814543
Make prediction for 5134 samples...
Make prediction for 813 samples...
Make prediction for 690 samples...
EarlyStopping counter: 29 out of 30
Epoch: 089, Train Loss: 0.7734, Metric: r2, Train: 0.6400, Val: 0.3129, best Val: 0.5471, Test: 0.2993
Training on 5134 samples...
Train epoch: 91 [0/5134 (0%)]	Loss: 0.826032
Train epoch: 91 [17520/5134 (95%)]	Loss: 0.269562
Make prediction for 5134 samples...
Make prediction for 813 samples...
Make prediction for 690 samples...
EarlyStopping counter: 30 out of 30
Epoch: 090, Train Loss: 0.8280, Metric: r2, Train: 0.6118, Val: 0.1623, best Val: 0.5471, Test: 0.1176
out of patience!
******PAMPA1_Perimeter_2034, 1th_time_result******
train_result: 0.5508
val_result: 0.5471
test_result: 0.3137
Current seed: 2034
Pre-processed data found: data/processed/PAMPA1_Perimeter_2034/PAMPA1_Perimeter_2034_train.pt, loading ...
Pre-processed data found: data/processed/PAMPA1_Perimeter_2034/PAMPA1_Perimeter_2034_valid.pt, loading ...
Pre-processed data found: data/processed/PAMPA1_Perimeter_2034/PAMPA1_Perimeter_2034_test.pt, loading ...
trainset mean:-5.639999866485596 std:0.9600000381469727
Training on 5134 samples...
Train epoch: 1 [0/5134 (0%)]	Loss: 1.495822
Train epoch: 1 [16900/5134 (95%)]	Loss: 1.246846
Make prediction for 5134 samples...
Make prediction for 813 samples...
Make prediction for 690 samples...
Make prediction for 690 samples...
Epoch: 000, Train Loss: 1.3570, Metric: r2, Train: 0.0019, Val: -0.0091, best Val: -0.0091, Test: -0.0069
Training on 5134 samples...
Train epoch: 2 [0/5134 (0%)]	Loss: 1.343098
Train epoch: 2 [20040/5134 (95%)]	Loss: 0.869775
Make prediction for 5134 samples...
Make prediction for 813 samples...
Make prediction for 690 samples...
EarlyStopping counter: 1 out of 30
Epoch: 001, Train Loss: 1.3207, Metric: r2, Train: 0.0390, Val: -0.0184, best Val: -0.0091, Test: 0.0184
Training on 5134 samples...
Train epoch: 3 [0/5134 (0%)]	Loss: 1.288950
Train epoch: 3 [17660/5134 (95%)]	Loss: 1.065767
Make prediction for 5134 samples...
Make prediction for 813 samples...
Make prediction for 690 samples...
EarlyStopping counter: 2 out of 30
Epoch: 002, Train Loss: 1.2612, Metric: r2, Train: -0.0717, Val: -0.1271, best Val: -0.0091, Test: -0.3689
Training on 5134 samples...
Train epoch: 4 [0/5134 (0%)]	Loss: 1.356080
Train epoch: 4 [19340/5134 (95%)]	Loss: 1.146709
Make prediction for 5134 samples...
Make prediction for 813 samples...
Make prediction for 690 samples...
Make prediction for 690 samples...
Epoch: 003, Train Loss: 1.2520, Metric: r2, Train: 0.2109, Val: 0.1410, best Val: 0.1410, Test: 0.1108
Training on 5134 samples...
Train epoch: 5 [0/5134 (0%)]	Loss: 1.219863
Train epoch: 5 [22060/5134 (95%)]	Loss: 1.067300
Make prediction for 5134 samples...
Make prediction for 813 samples...
Make prediction for 690 samples...
EarlyStopping counter: 1 out of 30
Epoch: 004, Train Loss: 1.1674, Metric: r2, Train: 0.0039, Val: -0.1588, best Val: 0.1410, Test: -0.3177
Training on 5134 samples...
Train epoch: 6 [0/5134 (0%)]	Loss: 1.260023
Train epoch: 6 [17460/5134 (95%)]	Loss: 0.694297
Make prediction for 5134 samples...
Make prediction for 813 samples...
Make prediction for 690 samples...
Make prediction for 690 samples...
Epoch: 005, Train Loss: 1.1764, Metric: r2, Train: 0.2822, Val: 0.2289, best Val: 0.2289, Test: 0.2195
Training on 5134 samples...
Train epoch: 7 [0/5134 (0%)]	Loss: 1.155567
Train epoch: 7 [16660/5134 (95%)]	Loss: 0.574775
Make prediction for 5134 samples...
Make prediction for 813 samples...
Make prediction for 690 samples...
EarlyStopping counter: 1 out of 30
Epoch: 006, Train Loss: 1.1382, Metric: r2, Train: 0.2832, Val: 0.1402, best Val: 0.2289, Test: 0.0955
Training on 5134 samples...
Train epoch: 8 [0/5134 (0%)]	Loss: 1.152097
Train epoch: 8 [16500/5134 (95%)]	Loss: 0.613663
Make prediction for 5134 samples...
Make prediction for 813 samples...
Make prediction for 690 samples...
EarlyStopping counter: 2 out of 30
Epoch: 007, Train Loss: 1.1220, Metric: r2, Train: 0.2978, Val: 0.2122, best Val: 0.2289, Test: 0.2128
Training on 5134 samples...
Train epoch: 9 [0/5134 (0%)]	Loss: 1.235149
Train epoch: 9 [18200/5134 (95%)]	Loss: 1.189193
Make prediction for 5134 samples...
Make prediction for 813 samples...
Make prediction for 690 samples...
EarlyStopping counter: 3 out of 30
Epoch: 008, Train Loss: 1.1224, Metric: r2, Train: 0.2861, Val: 0.1562, best Val: 0.2289, Test: 0.0535
Training on 5134 samples...
Train epoch: 10 [0/5134 (0%)]	Loss: 1.111363
Train epoch: 10 [16880/5134 (95%)]	Loss: 0.868982
Make prediction for 5134 samples...
Make prediction for 813 samples...
Make prediction for 690 samples...
Make prediction for 690 samples...
Epoch: 009, Train Loss: 1.1255, Metric: r2, Train: 0.3488, Val: 0.2856, best Val: 0.2856, Test: 0.2148
Training on 5134 samples...
Train epoch: 11 [0/5134 (0%)]	Loss: 1.005804
Train epoch: 11 [17220/5134 (95%)]	Loss: 0.916547
Make prediction for 5134 samples...
Make prediction for 813 samples...
Make prediction for 690 samples...
Make prediction for 690 samples...
Epoch: 010, Train Loss: 1.0854, Metric: r2, Train: 0.3643, Val: 0.3281, best Val: 0.3281, Test: 0.2200
Training on 5134 samples...
Train epoch: 12 [0/5134 (0%)]	Loss: 1.161630
Train epoch: 12 [19520/5134 (95%)]	Loss: 0.733819
Make prediction for 5134 samples...
Make prediction for 813 samples...
Make prediction for 690 samples...
EarlyStopping counter: 1 out of 30
Epoch: 011, Train Loss: 1.0892, Metric: r2, Train: 0.3482, Val: 0.3271, best Val: 0.3281, Test: 0.1834
Training on 5134 samples...
Train epoch: 13 [0/5134 (0%)]	Loss: 1.182055
Train epoch: 13 [15800/5134 (95%)]	Loss: 0.721643
Make prediction for 5134 samples...
Make prediction for 813 samples...
Make prediction for 690 samples...
EarlyStopping counter: 2 out of 30
Epoch: 012, Train Loss: 1.0890, Metric: r2, Train: 0.3575, Val: 0.3280, best Val: 0.3281, Test: 0.2138
Training on 5134 samples...
Train epoch: 14 [0/5134 (0%)]	Loss: 1.119012
Train epoch: 14 [18600/5134 (95%)]	Loss: 0.720211
Make prediction for 5134 samples...
Make prediction for 813 samples...
Make prediction for 690 samples...
EarlyStopping counter: 3 out of 30
Epoch: 013, Train Loss: 1.0606, Metric: r2, Train: 0.0562, Val: -0.3143, best Val: 0.3281, Test: -0.2933
Training on 5134 samples...
Train epoch: 15 [0/5134 (0%)]	Loss: 1.455355
Train epoch: 15 [16840/5134 (95%)]	Loss: 0.689594
Make prediction for 5134 samples...
Make prediction for 813 samples...
Make prediction for 690 samples...
EarlyStopping counter: 4 out of 30
Epoch: 014, Train Loss: 1.1013, Metric: r2, Train: 0.3893, Val: 0.3214, best Val: 0.3281, Test: 0.1511
Training on 5134 samples...
Train epoch: 16 [0/5134 (0%)]	Loss: 0.972621
Train epoch: 16 [18380/5134 (95%)]	Loss: 0.684218
Make prediction for 5134 samples...
Make prediction for 813 samples...
Make prediction for 690 samples...
EarlyStopping counter: 5 out of 30
Epoch: 015, Train Loss: 1.0614, Metric: r2, Train: 0.0899, Val: -0.3273, best Val: 0.3281, Test: -0.3294
Training on 5134 samples...
Train epoch: 17 [0/5134 (0%)]	Loss: 1.228697
Train epoch: 17 [19420/5134 (95%)]	Loss: 0.550432
Make prediction for 5134 samples...
Make prediction for 813 samples...
Make prediction for 690 samples...
EarlyStopping counter: 6 out of 30
Epoch: 016, Train Loss: 1.1215, Metric: r2, Train: 0.3933, Val: 0.2737, best Val: 0.3281, Test: 0.1194
Training on 5134 samples...
Train epoch: 18 [0/5134 (0%)]	Loss: 1.052903
Train epoch: 18 [18520/5134 (95%)]	Loss: 0.955979
Make prediction for 5134 samples...
Make prediction for 813 samples...
Make prediction for 690 samples...
Make prediction for 690 samples...
Epoch: 017, Train Loss: 1.0585, Metric: r2, Train: 0.4136, Val: 0.3415, best Val: 0.3415, Test: 0.1154
Training on 5134 samples...
Train epoch: 19 [0/5134 (0%)]	Loss: 1.083138
Train epoch: 19 [18060/5134 (95%)]	Loss: 0.585954
Make prediction for 5134 samples...
Make prediction for 813 samples...
Make prediction for 690 samples...
EarlyStopping counter: 1 out of 30
Epoch: 018, Train Loss: 1.0561, Metric: r2, Train: 0.4226, Val: 0.2552, best Val: 0.3415, Test: 0.1292
Training on 5134 samples...
Train epoch: 20 [0/5134 (0%)]	Loss: 1.030035
Train epoch: 20 [21420/5134 (95%)]	Loss: 0.555262
Make prediction for 5134 samples...
Make prediction for 813 samples...
Make prediction for 690 samples...
EarlyStopping counter: 2 out of 30
Epoch: 019, Train Loss: 1.0228, Metric: r2, Train: 0.3550, Val: 0.0782, best Val: 0.3415, Test: -0.1450
Training on 5134 samples...
Train epoch: 21 [0/5134 (0%)]	Loss: 1.016480
Train epoch: 21 [20360/5134 (95%)]	Loss: 0.629416
Make prediction for 5134 samples...
Make prediction for 813 samples...
Make prediction for 690 samples...
Make prediction for 690 samples...
Epoch: 020, Train Loss: 1.0643, Metric: r2, Train: 0.4263, Val: 0.3576, best Val: 0.3576, Test: 0.1540
Training on 5134 samples...
Train epoch: 22 [0/5134 (0%)]	Loss: 1.058280
Train epoch: 22 [16840/5134 (95%)]	Loss: 0.590371
Make prediction for 5134 samples...
Make prediction for 813 samples...
Make prediction for 690 samples...
Make prediction for 690 samples...
Epoch: 021, Train Loss: 1.0308, Metric: r2, Train: 0.4639, Val: 0.3764, best Val: 0.3764, Test: 0.0696
Training on 5134 samples...
Train epoch: 23 [0/5134 (0%)]	Loss: 1.082357
Train epoch: 23 [19660/5134 (95%)]	Loss: 1.074333
Make prediction for 5134 samples...
Make prediction for 813 samples...
Make prediction for 690 samples...
EarlyStopping counter: 1 out of 30
Epoch: 022, Train Loss: 1.0147, Metric: r2, Train: 0.4236, Val: 0.3506, best Val: 0.3764, Test: -0.0279
Training on 5134 samples...
Train epoch: 24 [0/5134 (0%)]	Loss: 1.029289
Train epoch: 24 [17600/5134 (95%)]	Loss: 0.815581
Make prediction for 5134 samples...
Make prediction for 813 samples...
Make prediction for 690 samples...
EarlyStopping counter: 2 out of 30
Epoch: 023, Train Loss: 1.0175, Metric: r2, Train: 0.4668, Val: 0.2717, best Val: 0.3764, Test: 0.0074
Training on 5134 samples...
Train epoch: 25 [0/5134 (0%)]	Loss: 0.974457
Train epoch: 25 [17380/5134 (95%)]	Loss: 0.858531
Make prediction for 5134 samples...
Make prediction for 813 samples...
Make prediction for 690 samples...
EarlyStopping counter: 3 out of 30
Epoch: 024, Train Loss: 1.0397, Metric: r2, Train: 0.3919, Val: 0.1050, best Val: 0.3764, Test: -0.0669
Training on 5134 samples...
Train epoch: 26 [0/5134 (0%)]	Loss: 1.043813
Train epoch: 26 [20220/5134 (95%)]	Loss: 0.982223
Make prediction for 5134 samples...
Make prediction for 813 samples...
Make prediction for 690 samples...
EarlyStopping counter: 4 out of 30
Epoch: 025, Train Loss: 1.0342, Metric: r2, Train: 0.4717, Val: 0.3590, best Val: 0.3764, Test: 0.0948
Training on 5134 samples...
Train epoch: 27 [0/5134 (0%)]	Loss: 1.010107
Train epoch: 27 [16740/5134 (95%)]	Loss: 1.213070
Make prediction for 5134 samples...
Make prediction for 813 samples...
Make prediction for 690 samples...
Make prediction for 690 samples...
Epoch: 026, Train Loss: 1.0091, Metric: r2, Train: 0.4632, Val: 0.4321, best Val: 0.4321, Test: 0.1034
Training on 5134 samples...
Train epoch: 28 [0/5134 (0%)]	Loss: 0.971842
Train epoch: 28 [17520/5134 (95%)]	Loss: 0.552109
Make prediction for 5134 samples...
Make prediction for 813 samples...
Make prediction for 690 samples...
EarlyStopping counter: 1 out of 30
Epoch: 027, Train Loss: 1.0092, Metric: r2, Train: 0.4738, Val: 0.2902, best Val: 0.4321, Test: 0.0357
Training on 5134 samples...
Train epoch: 29 [0/5134 (0%)]	Loss: 1.025089
Train epoch: 29 [17560/5134 (95%)]	Loss: 0.532742
Make prediction for 5134 samples...
Make prediction for 813 samples...
Make prediction for 690 samples...
EarlyStopping counter: 2 out of 30
Epoch: 028, Train Loss: 0.9976, Metric: r2, Train: 0.4183, Val: 0.0144, best Val: 0.4321, Test: -0.1452
Training on 5134 samples...
Train epoch: 30 [0/5134 (0%)]	Loss: 1.209162
Train epoch: 30 [17420/5134 (95%)]	Loss: 0.538163
Make prediction for 5134 samples...
Make prediction for 813 samples...
Make prediction for 690 samples...
EarlyStopping counter: 3 out of 30
Epoch: 029, Train Loss: 0.9957, Metric: r2, Train: 0.4704, Val: 0.2321, best Val: 0.4321, Test: 0.0426
Training on 5134 samples...
Train epoch: 31 [0/5134 (0%)]	Loss: 1.020249
Train epoch: 31 [19000/5134 (95%)]	Loss: 0.974847
Make prediction for 5134 samples...
Make prediction for 813 samples...
Make prediction for 690 samples...
EarlyStopping counter: 4 out of 30
Epoch: 030, Train Loss: 0.9901, Metric: r2, Train: 0.5160, Val: 0.3698, best Val: 0.4321, Test: 0.0524
Training on 5134 samples...
Train epoch: 32 [0/5134 (0%)]	Loss: 0.940808
Train epoch: 32 [18320/5134 (95%)]	Loss: 0.805323
Make prediction for 5134 samples...
Make prediction for 813 samples...
Make prediction for 690 samples...
EarlyStopping counter: 5 out of 30
Epoch: 031, Train Loss: 0.9815, Metric: r2, Train: 0.5100, Val: 0.3386, best Val: 0.4321, Test: 0.1182
Training on 5134 samples...
Train epoch: 33 [0/5134 (0%)]	Loss: 0.923942
Train epoch: 33 [18900/5134 (95%)]	Loss: 0.579775
Make prediction for 5134 samples...
Make prediction for 813 samples...
Make prediction for 690 samples...
EarlyStopping counter: 6 out of 30
Epoch: 032, Train Loss: 0.9764, Metric: r2, Train: 0.5240, Val: 0.3707, best Val: 0.4321, Test: 0.1032
Training on 5134 samples...
Train epoch: 34 [0/5134 (0%)]	Loss: 0.943564
Train epoch: 34 [17740/5134 (95%)]	Loss: 0.610313
Make prediction for 5134 samples...
Make prediction for 813 samples...
Make prediction for 690 samples...
EarlyStopping counter: 7 out of 30
Epoch: 033, Train Loss: 0.9769, Metric: r2, Train: 0.4975, Val: 0.4301, best Val: 0.4321, Test: 0.1208
Training on 5134 samples...
Train epoch: 35 [0/5134 (0%)]	Loss: 0.931197
Train epoch: 35 [17200/5134 (95%)]	Loss: 0.556252
Make prediction for 5134 samples...
Make prediction for 813 samples...
Make prediction for 690 samples...
Make prediction for 690 samples...
Epoch: 034, Train Loss: 0.9808, Metric: r2, Train: 0.5089, Val: 0.4423, best Val: 0.4423, Test: 0.1665
Training on 5134 samples...
Train epoch: 36 [0/5134 (0%)]	Loss: 0.980156
Train epoch: 36 [16800/5134 (95%)]	Loss: 0.590575
Make prediction for 5134 samples...
Make prediction for 813 samples...
Make prediction for 690 samples...
EarlyStopping counter: 1 out of 30
Epoch: 035, Train Loss: 0.9534, Metric: r2, Train: 0.4700, Val: 0.1281, best Val: 0.4423, Test: -0.1474
Training on 5134 samples...
Train epoch: 37 [0/5134 (0%)]	Loss: 0.998796
Train epoch: 37 [17640/5134 (95%)]	Loss: 0.432826
Make prediction for 5134 samples...
Make prediction for 813 samples...
Make prediction for 690 samples...
EarlyStopping counter: 2 out of 30
Epoch: 036, Train Loss: 0.9428, Metric: r2, Train: 0.5661, Val: 0.4005, best Val: 0.4423, Test: 0.1533
Training on 5134 samples...
Train epoch: 38 [0/5134 (0%)]	Loss: 0.919692
Train epoch: 38 [19820/5134 (95%)]	Loss: 0.409370
Make prediction for 5134 samples...
Make prediction for 813 samples...
Make prediction for 690 samples...
EarlyStopping counter: 3 out of 30
Epoch: 037, Train Loss: 0.9305, Metric: r2, Train: 0.5700, Val: 0.4014, best Val: 0.4423, Test: 0.1835
Training on 5134 samples...
Train epoch: 39 [0/5134 (0%)]	Loss: 0.877943
Train epoch: 39 [18120/5134 (95%)]	Loss: 0.471485
Make prediction for 5134 samples...
Make prediction for 813 samples...
Make prediction for 690 samples...
Make prediction for 690 samples...
Epoch: 038, Train Loss: 0.9253, Metric: r2, Train: 0.5733, Val: 0.4439, best Val: 0.4439, Test: 0.2770
Training on 5134 samples...
Train epoch: 40 [0/5134 (0%)]	Loss: 0.920737
Train epoch: 40 [16500/5134 (95%)]	Loss: 0.494163
Make prediction for 5134 samples...
Make prediction for 813 samples...
Make prediction for 690 samples...
EarlyStopping counter: 1 out of 30
Epoch: 039, Train Loss: 0.9230, Metric: r2, Train: 0.5249, Val: 0.3860, best Val: 0.4439, Test: 0.1475
Training on 5134 samples...
Train epoch: 41 [0/5134 (0%)]	Loss: 0.967460
Train epoch: 41 [19180/5134 (95%)]	Loss: 0.669657
Make prediction for 5134 samples...
Make prediction for 813 samples...
Make prediction for 690 samples...
EarlyStopping counter: 2 out of 30
Epoch: 040, Train Loss: 0.9253, Metric: r2, Train: 0.5349, Val: 0.3484, best Val: 0.4439, Test: 0.1084
Training on 5134 samples...
Train epoch: 42 [0/5134 (0%)]	Loss: 0.981446
Train epoch: 42 [16920/5134 (95%)]	Loss: 0.477638
Make prediction for 5134 samples...
Make prediction for 813 samples...
Make prediction for 690 samples...
EarlyStopping counter: 3 out of 30
Epoch: 041, Train Loss: 0.9476, Metric: r2, Train: 0.5079, Val: 0.2123, best Val: 0.4439, Test: 0.0779
Training on 5134 samples...
Train epoch: 43 [0/5134 (0%)]	Loss: 0.920264
Train epoch: 43 [19140/5134 (95%)]	Loss: 0.500591
Make prediction for 5134 samples...
Make prediction for 813 samples...
Make prediction for 690 samples...
EarlyStopping counter: 4 out of 30
Epoch: 042, Train Loss: 0.9412, Metric: r2, Train: 0.4846, Val: 0.1264, best Val: 0.4439, Test: 0.0214
Training on 5134 samples...
Train epoch: 44 [0/5134 (0%)]	Loss: 1.012500
Train epoch: 44 [18580/5134 (95%)]	Loss: 0.482051
Make prediction for 5134 samples...
Make prediction for 813 samples...
Make prediction for 690 samples...
EarlyStopping counter: 5 out of 30
Epoch: 043, Train Loss: 0.9465, Metric: r2, Train: 0.4957, Val: 0.1566, best Val: 0.4439, Test: 0.0495
Training on 5134 samples...
Train epoch: 45 [0/5134 (0%)]	Loss: 0.937994
Train epoch: 45 [18560/5134 (95%)]	Loss: 0.497633
Make prediction for 5134 samples...
Make prediction for 813 samples...
Make prediction for 690 samples...
EarlyStopping counter: 6 out of 30
Epoch: 044, Train Loss: 0.9309, Metric: r2, Train: 0.5197, Val: 0.3329, best Val: 0.4439, Test: 0.1871
Training on 5134 samples...
Train epoch: 46 [0/5134 (0%)]	Loss: 0.895303
Train epoch: 46 [20900/5134 (95%)]	Loss: 0.719755
Make prediction for 5134 samples...
Make prediction for 813 samples...
Make prediction for 690 samples...
EarlyStopping counter: 7 out of 30
Epoch: 045, Train Loss: 0.9294, Metric: r2, Train: 0.5469, Val: 0.2879, best Val: 0.4439, Test: 0.1829
Training on 5134 samples...
Train epoch: 47 [0/5134 (0%)]	Loss: 0.945117
Train epoch: 47 [17620/5134 (95%)]	Loss: 0.924133
Make prediction for 5134 samples...
Make prediction for 813 samples...
Make prediction for 690 samples...
EarlyStopping counter: 8 out of 30
Epoch: 046, Train Loss: 0.9233, Metric: r2, Train: 0.5517, Val: 0.2827, best Val: 0.4439, Test: 0.1890
Training on 5134 samples...
Train epoch: 48 [0/5134 (0%)]	Loss: 0.903419
Train epoch: 48 [20500/5134 (95%)]	Loss: 0.747094
Make prediction for 5134 samples...
Make prediction for 813 samples...
Make prediction for 690 samples...
EarlyStopping counter: 9 out of 30
Epoch: 047, Train Loss: 0.9344, Metric: r2, Train: 0.4811, Val: 0.2871, best Val: 0.4439, Test: 0.1513
Training on 5134 samples...
Train epoch: 49 [0/5134 (0%)]	Loss: 1.032950
Train epoch: 49 [18020/5134 (95%)]	Loss: 0.576002
Make prediction for 5134 samples...
Make prediction for 813 samples...
Make prediction for 690 samples...
EarlyStopping counter: 10 out of 30
Epoch: 048, Train Loss: 0.9517, Metric: r2, Train: 0.5485, Val: 0.3216, best Val: 0.4439, Test: 0.1616
Training on 5134 samples...
Train epoch: 50 [0/5134 (0%)]	Loss: 0.943527
Train epoch: 50 [18320/5134 (95%)]	Loss: 0.479730
Make prediction for 5134 samples...
Make prediction for 813 samples...
Make prediction for 690 samples...
Make prediction for 690 samples...
Epoch: 049, Train Loss: 0.9263, Metric: r2, Train: 0.6285, Val: 0.4632, best Val: 0.4632, Test: 0.2788
Training on 5134 samples...
Train epoch: 51 [0/5134 (0%)]	Loss: 0.841877
Train epoch: 51 [21820/5134 (95%)]	Loss: 1.204497
Make prediction for 5134 samples...
Make prediction for 813 samples...
Make prediction for 690 samples...
EarlyStopping counter: 1 out of 30
Epoch: 050, Train Loss: 0.8966, Metric: r2, Train: 0.6311, Val: 0.3431, best Val: 0.4632, Test: 0.2740
Training on 5134 samples...
Train epoch: 52 [0/5134 (0%)]	Loss: 0.891946
Train epoch: 52 [18420/5134 (95%)]	Loss: 0.531425
Make prediction for 5134 samples...
Make prediction for 813 samples...
Make prediction for 690 samples...
EarlyStopping counter: 2 out of 30
Epoch: 051, Train Loss: 0.8899, Metric: r2, Train: 0.6255, Val: 0.3139, best Val: 0.4632, Test: 0.1707
Training on 5134 samples...
Train epoch: 53 [0/5134 (0%)]	Loss: 0.872303
Train epoch: 53 [17880/5134 (95%)]	Loss: 0.932597
Make prediction for 5134 samples...
Make prediction for 813 samples...
Make prediction for 690 samples...
EarlyStopping counter: 3 out of 30
Epoch: 052, Train Loss: 0.8919, Metric: r2, Train: 0.6214, Val: 0.3149, best Val: 0.4632, Test: 0.2135
Training on 5134 samples...
Train epoch: 54 [0/5134 (0%)]	Loss: 0.926524
Train epoch: 54 [18340/5134 (95%)]	Loss: 0.680428
Make prediction for 5134 samples...
Make prediction for 813 samples...
Make prediction for 690 samples...
EarlyStopping counter: 4 out of 30
Epoch: 053, Train Loss: 0.9187, Metric: r2, Train: 0.5751, Val: 0.4591, best Val: 0.4632, Test: 0.2313
Training on 5134 samples...
Train epoch: 55 [0/5134 (0%)]	Loss: 0.928834
Train epoch: 55 [17560/5134 (95%)]	Loss: 0.629984
Make prediction for 5134 samples...
Make prediction for 813 samples...
Make prediction for 690 samples...
EarlyStopping counter: 5 out of 30
Epoch: 054, Train Loss: 0.8834, Metric: r2, Train: 0.5607, Val: 0.4428, best Val: 0.4632, Test: 0.2346
Training on 5134 samples...
Train epoch: 56 [0/5134 (0%)]	Loss: 0.946044
Train epoch: 56 [17320/5134 (95%)]	Loss: 0.603268
Make prediction for 5134 samples...
Make prediction for 813 samples...
Make prediction for 690 samples...
EarlyStopping counter: 6 out of 30
Epoch: 055, Train Loss: 0.8924, Metric: r2, Train: 0.6603, Val: 0.4555, best Val: 0.4632, Test: 0.3285
Training on 5134 samples...
Train epoch: 57 [0/5134 (0%)]	Loss: 0.873309
Train epoch: 57 [17720/5134 (95%)]	Loss: 0.592435
Make prediction for 5134 samples...
Make prediction for 813 samples...
Make prediction for 690 samples...
EarlyStopping counter: 7 out of 30
Epoch: 056, Train Loss: 0.8846, Metric: r2, Train: 0.6589, Val: 0.3788, best Val: 0.4632, Test: 0.2439
Training on 5134 samples...
Train epoch: 58 [0/5134 (0%)]	Loss: 0.831307
Train epoch: 58 [18300/5134 (95%)]	Loss: 0.535949
Make prediction for 5134 samples...
Make prediction for 813 samples...
Make prediction for 690 samples...
EarlyStopping counter: 8 out of 30
Epoch: 057, Train Loss: 0.8602, Metric: r2, Train: 0.6068, Val: 0.3047, best Val: 0.4632, Test: 0.2215
Training on 5134 samples...
Train epoch: 59 [0/5134 (0%)]	Loss: 0.841075
Train epoch: 59 [17180/5134 (95%)]	Loss: 0.456979
Make prediction for 5134 samples...
Make prediction for 813 samples...
Make prediction for 690 samples...
Make prediction for 690 samples...
Epoch: 058, Train Loss: 0.8653, Metric: r2, Train: 0.6491, Val: 0.4657, best Val: 0.4657, Test: 0.4258
Training on 5134 samples...
Train epoch: 60 [0/5134 (0%)]	Loss: 0.878359
Train epoch: 60 [18420/5134 (95%)]	Loss: 0.453154
Make prediction for 5134 samples...
Make prediction for 813 samples...
Make prediction for 690 samples...
EarlyStopping counter: 1 out of 30
Epoch: 059, Train Loss: 0.8518, Metric: r2, Train: 0.6743, Val: 0.4009, best Val: 0.4657, Test: 0.3434
Training on 5134 samples...
Train epoch: 61 [0/5134 (0%)]	Loss: 0.846613
Train epoch: 61 [19520/5134 (95%)]	Loss: 0.746173
Make prediction for 5134 samples...
Make prediction for 813 samples...
Make prediction for 690 samples...
EarlyStopping counter: 2 out of 30
Epoch: 060, Train Loss: 0.8582, Metric: r2, Train: 0.6208, Val: 0.3137, best Val: 0.4657, Test: 0.2831
Training on 5134 samples...
Train epoch: 62 [0/5134 (0%)]	Loss: 0.867446
Train epoch: 62 [18640/5134 (95%)]	Loss: 0.489760
Make prediction for 5134 samples...
Make prediction for 813 samples...
Make prediction for 690 samples...
EarlyStopping counter: 3 out of 30
Epoch: 061, Train Loss: 0.8669, Metric: r2, Train: 0.6528, Val: 0.4465, best Val: 0.4657, Test: 0.2490
Training on 5134 samples...
Train epoch: 63 [0/5134 (0%)]	Loss: 0.819818
Train epoch: 63 [16520/5134 (95%)]	Loss: 0.602125
Make prediction for 5134 samples...
Make prediction for 813 samples...
Make prediction for 690 samples...
EarlyStopping counter: 4 out of 30
Epoch: 062, Train Loss: 0.8488, Metric: r2, Train: 0.6644, Val: 0.4441, best Val: 0.4657, Test: 0.3812
Training on 5134 samples...
Train epoch: 64 [0/5134 (0%)]	Loss: 0.823443
Train epoch: 64 [16600/5134 (95%)]	Loss: 0.358433
Make prediction for 5134 samples...
Make prediction for 813 samples...
Make prediction for 690 samples...
EarlyStopping counter: 5 out of 30
Epoch: 063, Train Loss: 0.8497, Metric: r2, Train: 0.6750, Val: 0.4475, best Val: 0.4657, Test: 0.3836
Training on 5134 samples...
Train epoch: 65 [0/5134 (0%)]	Loss: 0.790228
Train epoch: 65 [17760/5134 (95%)]	Loss: 0.479781
Make prediction for 5134 samples...
Make prediction for 813 samples...
Make prediction for 690 samples...
EarlyStopping counter: 6 out of 30
Epoch: 064, Train Loss: 0.8214, Metric: r2, Train: 0.6738, Val: 0.3673, best Val: 0.4657, Test: 0.3281
Training on 5134 samples...
Train epoch: 66 [0/5134 (0%)]	Loss: 0.830135
Train epoch: 66 [19240/5134 (95%)]	Loss: 0.713210
Make prediction for 5134 samples...
Make prediction for 813 samples...
Make prediction for 690 samples...
EarlyStopping counter: 7 out of 30
Epoch: 065, Train Loss: 0.8281, Metric: r2, Train: 0.6608, Val: 0.4020, best Val: 0.4657, Test: 0.3530
Training on 5134 samples...
Train epoch: 67 [0/5134 (0%)]	Loss: 0.813078
Train epoch: 67 [19180/5134 (95%)]	Loss: 0.513522
Make prediction for 5134 samples...
Make prediction for 813 samples...
Make prediction for 690 samples...
EarlyStopping counter: 8 out of 30
Epoch: 066, Train Loss: 0.8194, Metric: r2, Train: 0.6214, Val: 0.3564, best Val: 0.4657, Test: 0.3147
Training on 5134 samples...
Train epoch: 68 [0/5134 (0%)]	Loss: 0.803788
Train epoch: 68 [16460/5134 (95%)]	Loss: 0.504980
Make prediction for 5134 samples...
Make prediction for 813 samples...
Make prediction for 690 samples...
EarlyStopping counter: 9 out of 30
Epoch: 067, Train Loss: 0.8218, Metric: r2, Train: 0.5869, Val: 0.3479, best Val: 0.4657, Test: 0.2987
Training on 5134 samples...
Train epoch: 69 [0/5134 (0%)]	Loss: 0.758177
Train epoch: 69 [17140/5134 (95%)]	Loss: 0.479215
Make prediction for 5134 samples...
Make prediction for 813 samples...
Make prediction for 690 samples...
EarlyStopping counter: 10 out of 30
Epoch: 068, Train Loss: 0.8242, Metric: r2, Train: 0.6796, Val: 0.4456, best Val: 0.4657, Test: 0.3981
Training on 5134 samples...
Train epoch: 70 [0/5134 (0%)]	Loss: 0.794553
Train epoch: 70 [18180/5134 (95%)]	Loss: 0.698433
Make prediction for 5134 samples...
Make prediction for 813 samples...
Make prediction for 690 samples...
EarlyStopping counter: 11 out of 30
Epoch: 069, Train Loss: 0.8005, Metric: r2, Train: 0.6761, Val: 0.4486, best Val: 0.4657, Test: 0.3721
Training on 5134 samples...
Train epoch: 71 [0/5134 (0%)]	Loss: 0.766991
Train epoch: 71 [19180/5134 (95%)]	Loss: 0.459666
Make prediction for 5134 samples...
Make prediction for 813 samples...
Make prediction for 690 samples...
Make prediction for 690 samples...
Epoch: 070, Train Loss: 0.7988, Metric: r2, Train: 0.6395, Val: 0.4795, best Val: 0.4795, Test: 0.4249
Training on 5134 samples...
Train epoch: 72 [0/5134 (0%)]	Loss: 0.840935
Train epoch: 72 [17220/5134 (95%)]	Loss: 0.448236
Make prediction for 5134 samples...
Make prediction for 813 samples...
Make prediction for 690 samples...
EarlyStopping counter: 1 out of 30
Epoch: 071, Train Loss: 0.7990, Metric: r2, Train: 0.6949, Val: 0.4551, best Val: 0.4795, Test: 0.3804
Training on 5134 samples...
Train epoch: 73 [0/5134 (0%)]	Loss: 0.759650
Train epoch: 73 [17960/5134 (95%)]	Loss: 0.452990
Make prediction for 5134 samples...
Make prediction for 813 samples...
Make prediction for 690 samples...
EarlyStopping counter: 2 out of 30
Epoch: 072, Train Loss: 0.7669, Metric: r2, Train: 0.6924, Val: 0.4167, best Val: 0.4795, Test: 0.4256
Training on 5134 samples...
Train epoch: 74 [0/5134 (0%)]	Loss: 0.789559
Train epoch: 74 [20360/5134 (95%)]	Loss: 0.514435
Make prediction for 5134 samples...
Make prediction for 813 samples...
Make prediction for 690 samples...
EarlyStopping counter: 3 out of 30
Epoch: 073, Train Loss: 0.7665, Metric: r2, Train: 0.6208, Val: 0.3571, best Val: 0.4795, Test: 0.3475
Training on 5134 samples...
Train epoch: 75 [0/5134 (0%)]	Loss: 0.819750
Train epoch: 75 [16280/5134 (95%)]	Loss: 0.389691
Make prediction for 5134 samples...
Make prediction for 813 samples...
Make prediction for 690 samples...
EarlyStopping counter: 4 out of 30
Epoch: 074, Train Loss: 0.8154, Metric: r2, Train: 0.6517, Val: 0.3209, best Val: 0.4795, Test: 0.3394
Training on 5134 samples...
Train epoch: 76 [0/5134 (0%)]	Loss: 0.851739
Train epoch: 76 [18140/5134 (95%)]	Loss: 0.373441
Make prediction for 5134 samples...
Make prediction for 813 samples...
Make prediction for 690 samples...
EarlyStopping counter: 5 out of 30
Epoch: 075, Train Loss: 0.7915, Metric: r2, Train: 0.7044, Val: 0.3905, best Val: 0.4795, Test: 0.3940
Training on 5134 samples...
Train epoch: 77 [0/5134 (0%)]	Loss: 0.748311
Train epoch: 77 [18360/5134 (95%)]	Loss: 0.390978
Make prediction for 5134 samples...
Make prediction for 813 samples...
Make prediction for 690 samples...
EarlyStopping counter: 6 out of 30
Epoch: 076, Train Loss: 0.7657, Metric: r2, Train: 0.7073, Val: 0.4087, best Val: 0.4795, Test: 0.4171
Training on 5134 samples...
Train epoch: 78 [0/5134 (0%)]	Loss: 0.739869
Train epoch: 78 [18180/5134 (95%)]	Loss: 0.394057
Make prediction for 5134 samples...
Make prediction for 813 samples...
Make prediction for 690 samples...
EarlyStopping counter: 7 out of 30
Epoch: 077, Train Loss: 0.7580, Metric: r2, Train: 0.6274, Val: 0.2018, best Val: 0.4795, Test: 0.1964
Training on 5134 samples...
Train epoch: 79 [0/5134 (0%)]	Loss: 0.789552
Train epoch: 79 [18080/5134 (95%)]	Loss: 0.687827
Make prediction for 5134 samples...
Make prediction for 813 samples...
Make prediction for 690 samples...
EarlyStopping counter: 8 out of 30
Epoch: 078, Train Loss: 0.7701, Metric: r2, Train: 0.5487, Val: 0.2169, best Val: 0.4795, Test: 0.1882
Training on 5134 samples...
Train epoch: 80 [0/5134 (0%)]	Loss: 0.905088
Train epoch: 80 [17120/5134 (95%)]	Loss: 0.346377
Make prediction for 5134 samples...
Make prediction for 813 samples...
Make prediction for 690 samples...
EarlyStopping counter: 9 out of 30
Epoch: 079, Train Loss: 0.8532, Metric: r2, Train: 0.6410, Val: 0.4240, best Val: 0.4795, Test: 0.3210
Training on 5134 samples...
Train epoch: 81 [0/5134 (0%)]	Loss: 0.755230
Train epoch: 81 [17840/5134 (95%)]	Loss: 0.291862
Make prediction for 5134 samples...
Make prediction for 813 samples...
Make prediction for 690 samples...
EarlyStopping counter: 10 out of 30
Epoch: 080, Train Loss: 0.7822, Metric: r2, Train: 0.6341, Val: 0.3868, best Val: 0.4795, Test: 0.3946
Training on 5134 samples...
Train epoch: 82 [0/5134 (0%)]	Loss: 0.766320
Train epoch: 82 [17940/5134 (95%)]	Loss: 0.465080
Make prediction for 5134 samples...
Make prediction for 813 samples...
Make prediction for 690 samples...
EarlyStopping counter: 11 out of 30
Epoch: 081, Train Loss: 0.7633, Metric: r2, Train: 0.6881, Val: 0.3733, best Val: 0.4795, Test: 0.3640
Training on 5134 samples...
Train epoch: 83 [0/5134 (0%)]	Loss: 0.698926
Train epoch: 83 [18260/5134 (95%)]	Loss: 0.324997
Make prediction for 5134 samples...
Make prediction for 813 samples...
Make prediction for 690 samples...
EarlyStopping counter: 12 out of 30
Epoch: 082, Train Loss: 0.7530, Metric: r2, Train: 0.6780, Val: 0.3768, best Val: 0.4795, Test: 0.3249
Training on 5134 samples...
Train epoch: 84 [0/5134 (0%)]	Loss: 0.776985
Train epoch: 84 [17840/5134 (95%)]	Loss: 0.616412
Make prediction for 5134 samples...
Make prediction for 813 samples...
Make prediction for 690 samples...
EarlyStopping counter: 13 out of 30
Epoch: 083, Train Loss: 0.7339, Metric: r2, Train: 0.6879, Val: 0.3891, best Val: 0.4795, Test: 0.3563
Training on 5134 samples...
Train epoch: 85 [0/5134 (0%)]	Loss: 0.736771
Train epoch: 85 [17820/5134 (95%)]	Loss: 0.479523
Make prediction for 5134 samples...
Make prediction for 813 samples...
Make prediction for 690 samples...
EarlyStopping counter: 14 out of 30
Epoch: 084, Train Loss: 0.7543, Metric: r2, Train: 0.5409, Val: 0.2958, best Val: 0.4795, Test: 0.2326
Training on 5134 samples...
Train epoch: 86 [0/5134 (0%)]	Loss: 0.868342
Train epoch: 86 [18340/5134 (95%)]	Loss: 0.439832
Make prediction for 5134 samples...
Make prediction for 813 samples...
Make prediction for 690 samples...
EarlyStopping counter: 15 out of 30
Epoch: 085, Train Loss: 0.7582, Metric: r2, Train: 0.6724, Val: 0.2155, best Val: 0.4795, Test: 0.2346
Training on 5134 samples...
Train epoch: 87 [0/5134 (0%)]	Loss: 0.750067
Train epoch: 87 [19880/5134 (95%)]	Loss: 0.628581
Make prediction for 5134 samples...
Make prediction for 813 samples...
Make prediction for 690 samples...
EarlyStopping counter: 16 out of 30
Epoch: 086, Train Loss: 0.7387, Metric: r2, Train: 0.6295, Val: 0.4216, best Val: 0.4795, Test: 0.3752
Training on 5134 samples...
Train epoch: 88 [0/5134 (0%)]	Loss: 0.821353
Train epoch: 88 [18740/5134 (95%)]	Loss: 0.235842
Make prediction for 5134 samples...
Make prediction for 813 samples...
Make prediction for 690 samples...
EarlyStopping counter: 17 out of 30
Epoch: 087, Train Loss: 0.7670, Metric: r2, Train: 0.6899, Val: 0.3308, best Val: 0.4795, Test: 0.4062
Training on 5134 samples...
Train epoch: 89 [0/5134 (0%)]	Loss: 0.727632
Train epoch: 89 [19260/5134 (95%)]	Loss: 0.672440
Make prediction for 5134 samples...
Make prediction for 813 samples...
Make prediction for 690 samples...
EarlyStopping counter: 18 out of 30
Epoch: 088, Train Loss: 0.7276, Metric: r2, Train: 0.6490, Val: 0.2819, best Val: 0.4795, Test: 0.3341
Training on 5134 samples...
Train epoch: 90 [0/5134 (0%)]	Loss: 0.810925
Train epoch: 90 [20080/5134 (95%)]	Loss: 0.420469
Make prediction for 5134 samples...
Make prediction for 813 samples...
Make prediction for 690 samples...
EarlyStopping counter: 19 out of 30
Epoch: 089, Train Loss: 0.7451, Metric: r2, Train: 0.6983, Val: 0.3869, best Val: 0.4795, Test: 0.4377
Training on 5134 samples...
Train epoch: 91 [0/5134 (0%)]	Loss: 0.703524
Train epoch: 91 [20360/5134 (95%)]	Loss: 0.594303
Make prediction for 5134 samples...
Make prediction for 813 samples...
Make prediction for 690 samples...
EarlyStopping counter: 20 out of 30
Epoch: 090, Train Loss: 0.7336, Metric: r2, Train: 0.6355, Val: 0.2723, best Val: 0.4795, Test: 0.3342
Training on 5134 samples...
Train epoch: 92 [0/5134 (0%)]	Loss: 0.790558
Train epoch: 92 [17820/5134 (95%)]	Loss: 0.485701
Make prediction for 5134 samples...
Make prediction for 813 samples...
Make prediction for 690 samples...
EarlyStopping counter: 21 out of 30
Epoch: 091, Train Loss: 0.7347, Metric: r2, Train: 0.7101, Val: 0.4155, best Val: 0.4795, Test: 0.4218
Training on 5134 samples...
Train epoch: 93 [0/5134 (0%)]	Loss: 0.797157
Train epoch: 93 [17080/5134 (95%)]	Loss: 0.365963
Make prediction for 5134 samples...
Make prediction for 813 samples...
Make prediction for 690 samples...
EarlyStopping counter: 22 out of 30
Epoch: 092, Train Loss: 0.7263, Metric: r2, Train: 0.7179, Val: 0.4423, best Val: 0.4795, Test: 0.3908
Training on 5134 samples...
Train epoch: 94 [0/5134 (0%)]	Loss: 0.710829
Train epoch: 94 [20520/5134 (95%)]	Loss: 0.502304
Make prediction for 5134 samples...
Make prediction for 813 samples...
Make prediction for 690 samples...
EarlyStopping counter: 23 out of 30
Epoch: 093, Train Loss: 0.7142, Metric: r2, Train: 0.6795, Val: 0.3306, best Val: 0.4795, Test: 0.3705
Training on 5134 samples...
Train epoch: 95 [0/5134 (0%)]	Loss: 0.725032
Train epoch: 95 [18580/5134 (95%)]	Loss: 0.345606
Make prediction for 5134 samples...
Make prediction for 813 samples...
Make prediction for 690 samples...
EarlyStopping counter: 24 out of 30
Epoch: 094, Train Loss: 0.7256, Metric: r2, Train: 0.7115, Val: 0.4422, best Val: 0.4795, Test: 0.4380
Training on 5134 samples...
Train epoch: 96 [0/5134 (0%)]	Loss: 0.695355
Train epoch: 96 [19400/5134 (95%)]	Loss: 0.355326
Make prediction for 5134 samples...
Make prediction for 813 samples...
Make prediction for 690 samples...
EarlyStopping counter: 25 out of 30
Epoch: 095, Train Loss: 0.7134, Metric: r2, Train: 0.7075, Val: 0.3462, best Val: 0.4795, Test: 0.2960
Training on 5134 samples...
Train epoch: 97 [0/5134 (0%)]	Loss: 0.706177
Train epoch: 97 [17640/5134 (95%)]	Loss: 0.332803
Make prediction for 5134 samples...
Make prediction for 813 samples...
Make prediction for 690 samples...
EarlyStopping counter: 26 out of 30
Epoch: 096, Train Loss: 0.7048, Metric: r2, Train: 0.7336, Val: 0.4274, best Val: 0.4795, Test: 0.4371
Training on 5134 samples...
Train epoch: 98 [0/5134 (0%)]	Loss: 0.724016
Train epoch: 98 [19480/5134 (95%)]	Loss: 0.395343
Make prediction for 5134 samples...
Make prediction for 813 samples...
Make prediction for 690 samples...
EarlyStopping counter: 27 out of 30
Epoch: 097, Train Loss: 0.7065, Metric: r2, Train: 0.6913, Val: 0.3646, best Val: 0.4795, Test: 0.3874
Training on 5134 samples...
Train epoch: 99 [0/5134 (0%)]	Loss: 0.708803
Train epoch: 99 [18640/5134 (95%)]	Loss: 0.297195
Make prediction for 5134 samples...
Make prediction for 813 samples...
Make prediction for 690 samples...
EarlyStopping counter: 28 out of 30
Epoch: 098, Train Loss: 0.7221, Metric: r2, Train: 0.6975, Val: 0.4399, best Val: 0.4795, Test: 0.4336
Training on 5134 samples...
Train epoch: 100 [0/5134 (0%)]	Loss: 0.692297
Train epoch: 100 [16580/5134 (95%)]	Loss: 0.383654
Make prediction for 5134 samples...
Make prediction for 813 samples...
Make prediction for 690 samples...
EarlyStopping counter: 29 out of 30
Epoch: 099, Train Loss: 0.7194, Metric: r2, Train: 0.7215, Val: 0.3600, best Val: 0.4795, Test: 0.3988
Training on 5134 samples...
Train epoch: 101 [0/5134 (0%)]	Loss: 0.683990
Train epoch: 101 [17220/5134 (95%)]	Loss: 0.347798
Make prediction for 5134 samples...
Make prediction for 813 samples...
Make prediction for 690 samples...
EarlyStopping counter: 30 out of 30
Epoch: 100, Train Loss: 0.7013, Metric: r2, Train: 0.7302, Val: 0.4235, best Val: 0.4795, Test: 0.4196
out of patience!
******PAMPA1_Perimeter_2034, 2th_time_result******
train_result: 0.6395
val_result: 0.4795
test_result: 0.4249
Current seed: 2044
Pre-processed data found: data/processed/PAMPA1_Perimeter_2034/PAMPA1_Perimeter_2034_train.pt, loading ...
Pre-processed data found: data/processed/PAMPA1_Perimeter_2034/PAMPA1_Perimeter_2034_valid.pt, loading ...
Pre-processed data found: data/processed/PAMPA1_Perimeter_2034/PAMPA1_Perimeter_2034_test.pt, loading ...
trainset mean:-5.639999866485596 std:0.9600000381469727
Training on 5134 samples...
Train epoch: 1 [0/5134 (0%)]	Loss: 1.436073
Train epoch: 1 [19460/5134 (95%)]	Loss: 1.934652
Make prediction for 5134 samples...
Make prediction for 813 samples...
Make prediction for 690 samples...
Make prediction for 690 samples...
Epoch: 000, Train Loss: 1.3622, Metric: r2, Train: 0.0025, Val: -0.0112, best Val: -0.0112, Test: -0.0039
Training on 5134 samples...
Train epoch: 2 [0/5134 (0%)]	Loss: 1.380140
Train epoch: 2 [16920/5134 (95%)]	Loss: 0.668965
Make prediction for 5134 samples...
Make prediction for 813 samples...
Make prediction for 690 samples...
Make prediction for 690 samples...
Epoch: 001, Train Loss: 1.3183, Metric: r2, Train: 0.0530, Val: 0.0302, best Val: 0.0302, Test: -0.0006
Training on 5134 samples...
Train epoch: 3 [0/5134 (0%)]	Loss: 1.345880
Train epoch: 3 [17620/5134 (95%)]	Loss: 0.745079
Make prediction for 5134 samples...
Make prediction for 813 samples...
Make prediction for 690 samples...
Make prediction for 690 samples...
Epoch: 002, Train Loss: 1.2526, Metric: r2, Train: 0.1737, Val: 0.0672, best Val: 0.0672, Test: 0.1066
Training on 5134 samples...
Train epoch: 4 [0/5134 (0%)]	Loss: 1.221506
Train epoch: 4 [19040/5134 (95%)]	Loss: 1.871256
Make prediction for 5134 samples...
Make prediction for 813 samples...
Make prediction for 690 samples...
EarlyStopping counter: 1 out of 30
Epoch: 003, Train Loss: 1.1990, Metric: r2, Train: 0.1190, Val: -0.0942, best Val: 0.0672, Test: -0.1983
Training on 5134 samples...
Train epoch: 5 [0/5134 (0%)]	Loss: 1.231319
Train epoch: 5 [17040/5134 (95%)]	Loss: 1.637367
Make prediction for 5134 samples...
Make prediction for 813 samples...
Make prediction for 690 samples...
Make prediction for 690 samples...
Epoch: 004, Train Loss: 1.2256, Metric: r2, Train: 0.2438, Val: 0.0809, best Val: 0.0809, Test: 0.0938
Training on 5134 samples...
Train epoch: 6 [0/5134 (0%)]	Loss: 1.191655
Train epoch: 6 [18560/5134 (95%)]	Loss: 0.881588
Make prediction for 5134 samples...
Make prediction for 813 samples...
Make prediction for 690 samples...
Make prediction for 690 samples...
Epoch: 005, Train Loss: 1.1557, Metric: r2, Train: 0.2753, Val: 0.0859, best Val: 0.0859, Test: 0.1093
Training on 5134 samples...
Train epoch: 7 [0/5134 (0%)]	Loss: 1.183228
Train epoch: 7 [17800/5134 (95%)]	Loss: 1.024509
Make prediction for 5134 samples...
Make prediction for 813 samples...
Make prediction for 690 samples...
EarlyStopping counter: 1 out of 30
Epoch: 006, Train Loss: 1.1369, Metric: r2, Train: 0.2160, Val: 0.0035, best Val: 0.0859, Test: -0.0417
Training on 5134 samples...
Train epoch: 8 [0/5134 (0%)]	Loss: 1.175457
Train epoch: 8 [15840/5134 (95%)]	Loss: 1.204366
Make prediction for 5134 samples...
Make prediction for 813 samples...
Make prediction for 690 samples...
Make prediction for 690 samples...
Epoch: 007, Train Loss: 1.1511, Metric: r2, Train: 0.2761, Val: 0.1049, best Val: 0.1049, Test: 0.1638
Training on 5134 samples...
Train epoch: 9 [0/5134 (0%)]	Loss: 1.113102
Train epoch: 9 [17600/5134 (95%)]	Loss: 0.739256
Make prediction for 5134 samples...
Make prediction for 813 samples...
Make prediction for 690 samples...
EarlyStopping counter: 1 out of 30
Epoch: 008, Train Loss: 1.1170, Metric: r2, Train: 0.1287, Val: -0.0955, best Val: 0.1049, Test: -0.2849
Training on 5134 samples...
Train epoch: 10 [0/5134 (0%)]	Loss: 1.271491
Train epoch: 10 [18560/5134 (95%)]	Loss: 0.690974
Make prediction for 5134 samples...
Make prediction for 813 samples...
Make prediction for 690 samples...
Make prediction for 690 samples...
Epoch: 009, Train Loss: 1.1222, Metric: r2, Train: 0.3403, Val: 0.2696, best Val: 0.2696, Test: 0.2633
Training on 5134 samples...
Train epoch: 11 [0/5134 (0%)]	Loss: 1.117304
Train epoch: 11 [16760/5134 (95%)]	Loss: 1.151908
Make prediction for 5134 samples...
Make prediction for 813 samples...
Make prediction for 690 samples...
EarlyStopping counter: 1 out of 30
Epoch: 010, Train Loss: 1.0916, Metric: r2, Train: 0.1596, Val: -0.0426, best Val: 0.2696, Test: -0.2134
Training on 5134 samples...
Train epoch: 12 [0/5134 (0%)]	Loss: 1.242262
Train epoch: 12 [16660/5134 (95%)]	Loss: 1.017795
Make prediction for 5134 samples...
Make prediction for 813 samples...
Make prediction for 690 samples...
Make prediction for 690 samples...
Epoch: 011, Train Loss: 1.1156, Metric: r2, Train: 0.3532, Val: 0.2704, best Val: 0.2704, Test: 0.1877
Training on 5134 samples...
Train epoch: 13 [0/5134 (0%)]	Loss: 1.036358
Train epoch: 13 [20760/5134 (95%)]	Loss: 0.734645
Make prediction for 5134 samples...
Make prediction for 813 samples...
Make prediction for 690 samples...
Make prediction for 690 samples...
Epoch: 012, Train Loss: 1.0713, Metric: r2, Train: 0.3713, Val: 0.3611, best Val: 0.3611, Test: 0.2564
Training on 5134 samples...
Train epoch: 14 [0/5134 (0%)]	Loss: 0.977563
Train epoch: 14 [16380/5134 (95%)]	Loss: 0.537176
Make prediction for 5134 samples...
Make prediction for 813 samples...
Make prediction for 690 samples...
EarlyStopping counter: 1 out of 30
Epoch: 013, Train Loss: 1.0893, Metric: r2, Train: 0.3498, Val: 0.0941, best Val: 0.3611, Test: -0.0109
Training on 5134 samples...
Train epoch: 15 [0/5134 (0%)]	Loss: 1.057508
Train epoch: 15 [20180/5134 (95%)]	Loss: 1.134967
Make prediction for 5134 samples...
Make prediction for 813 samples...
Make prediction for 690 samples...
EarlyStopping counter: 2 out of 30
Epoch: 014, Train Loss: 1.0768, Metric: r2, Train: 0.2651, Val: 0.2890, best Val: 0.3611, Test: 0.0115
Training on 5134 samples...
Train epoch: 16 [0/5134 (0%)]	Loss: 1.106824
Train epoch: 16 [18960/5134 (95%)]	Loss: 0.781489
Make prediction for 5134 samples...
Make prediction for 813 samples...
Make prediction for 690 samples...
Make prediction for 690 samples...
Epoch: 015, Train Loss: 1.0950, Metric: r2, Train: 0.3779, Val: 0.3745, best Val: 0.3745, Test: 0.1886
Training on 5134 samples...
Train epoch: 17 [0/5134 (0%)]	Loss: 1.011158
Train epoch: 17 [17000/5134 (95%)]	Loss: 0.622586
Make prediction for 5134 samples...
Make prediction for 813 samples...
Make prediction for 690 samples...
Make prediction for 690 samples...
Epoch: 016, Train Loss: 1.0795, Metric: r2, Train: 0.2116, Val: 0.3791, best Val: 0.3791, Test: 0.0616
Training on 5134 samples...
Train epoch: 18 [0/5134 (0%)]	Loss: 1.260864
Train epoch: 18 [16580/5134 (95%)]	Loss: 0.827916
Make prediction for 5134 samples...
Make prediction for 813 samples...
Make prediction for 690 samples...
EarlyStopping counter: 1 out of 30
Epoch: 017, Train Loss: 1.0695, Metric: r2, Train: 0.4301, Val: 0.3544, best Val: 0.3791, Test: 0.1932
Training on 5134 samples...
Train epoch: 19 [0/5134 (0%)]	Loss: 1.008007
Train epoch: 19 [17840/5134 (95%)]	Loss: 1.222351
Make prediction for 5134 samples...
Make prediction for 813 samples...
Make prediction for 690 samples...
EarlyStopping counter: 2 out of 30
Epoch: 018, Train Loss: 1.0446, Metric: r2, Train: 0.3587, Val: 0.3477, best Val: 0.3791, Test: 0.1030
Training on 5134 samples...
Train epoch: 20 [0/5134 (0%)]	Loss: 1.057541
Train epoch: 20 [18160/5134 (95%)]	Loss: 0.669789
Make prediction for 5134 samples...
Make prediction for 813 samples...
Make prediction for 690 samples...
EarlyStopping counter: 3 out of 30
Epoch: 019, Train Loss: 1.0397, Metric: r2, Train: 0.3144, Val: 0.3554, best Val: 0.3791, Test: 0.0696
Training on 5134 samples...
Train epoch: 21 [0/5134 (0%)]	Loss: 1.155158
Train epoch: 21 [17840/5134 (95%)]	Loss: 0.596718
Make prediction for 5134 samples...
Make prediction for 813 samples...
Make prediction for 690 samples...
Make prediction for 690 samples...
Epoch: 020, Train Loss: 1.0451, Metric: r2, Train: 0.4549, Val: 0.3878, best Val: 0.3878, Test: 0.0983
Training on 5134 samples...
Train epoch: 22 [0/5134 (0%)]	Loss: 1.000933
Train epoch: 22 [18960/5134 (95%)]	Loss: 0.565064
Make prediction for 5134 samples...
Make prediction for 813 samples...
Make prediction for 690 samples...
EarlyStopping counter: 1 out of 30
Epoch: 021, Train Loss: 1.0265, Metric: r2, Train: 0.3717, Val: 0.3502, best Val: 0.3878, Test: 0.0574
Training on 5134 samples...
Train epoch: 23 [0/5134 (0%)]	Loss: 1.149881
Train epoch: 23 [18340/5134 (95%)]	Loss: 0.815085
Make prediction for 5134 samples...
Make prediction for 813 samples...
Make prediction for 690 samples...
Make prediction for 690 samples...
Epoch: 022, Train Loss: 1.0425, Metric: r2, Train: 0.4739, Val: 0.4395, best Val: 0.4395, Test: 0.1957
Training on 5134 samples...
Train epoch: 24 [0/5134 (0%)]	Loss: 0.986992
Train epoch: 24 [18240/5134 (95%)]	Loss: 0.585474
Make prediction for 5134 samples...
Make prediction for 813 samples...
Make prediction for 690 samples...
EarlyStopping counter: 1 out of 30
Epoch: 023, Train Loss: 1.0152, Metric: r2, Train: 0.4768, Val: 0.2474, best Val: 0.4395, Test: 0.0864
Training on 5134 samples...
Train epoch: 25 [0/5134 (0%)]	Loss: 1.027921
Train epoch: 25 [19560/5134 (95%)]	Loss: 1.268839
Make prediction for 5134 samples...
Make prediction for 813 samples...
Make prediction for 690 samples...
EarlyStopping counter: 2 out of 30
Epoch: 024, Train Loss: 0.9897, Metric: r2, Train: 0.4050, Val: 0.3913, best Val: 0.4395, Test: 0.1759
Training on 5134 samples...
Train epoch: 26 [0/5134 (0%)]	Loss: 0.924265
Train epoch: 26 [16600/5134 (95%)]	Loss: 0.999084
Make prediction for 5134 samples...
Make prediction for 813 samples...
Make prediction for 690 samples...
EarlyStopping counter: 3 out of 30
Epoch: 025, Train Loss: 1.0149, Metric: r2, Train: 0.5011, Val: 0.3480, best Val: 0.4395, Test: 0.1099
Training on 5134 samples...
Train epoch: 27 [0/5134 (0%)]	Loss: 0.907226
Train epoch: 27 [19220/5134 (95%)]	Loss: 0.621951
Make prediction for 5134 samples...
Make prediction for 813 samples...
Make prediction for 690 samples...
EarlyStopping counter: 4 out of 30
Epoch: 026, Train Loss: 0.9852, Metric: r2, Train: 0.4760, Val: 0.0872, best Val: 0.4395, Test: -0.0311
Training on 5134 samples...
Train epoch: 28 [0/5134 (0%)]	Loss: 1.019092
Train epoch: 28 [18900/5134 (95%)]	Loss: 0.567568
Make prediction for 5134 samples...
Make prediction for 813 samples...
Make prediction for 690 samples...
Make prediction for 690 samples...
Epoch: 027, Train Loss: 0.9914, Metric: r2, Train: 0.4891, Val: 0.4674, best Val: 0.4674, Test: 0.1963
Training on 5134 samples...
Train epoch: 29 [0/5134 (0%)]	Loss: 0.920450
Train epoch: 29 [17760/5134 (95%)]	Loss: 0.471740
Make prediction for 5134 samples...
Make prediction for 813 samples...
Make prediction for 690 samples...
EarlyStopping counter: 1 out of 30
Epoch: 028, Train Loss: 0.9867, Metric: r2, Train: 0.4381, Val: 0.1210, best Val: 0.4674, Test: -0.0561
Training on 5134 samples...
Train epoch: 30 [0/5134 (0%)]	Loss: 1.038489
Train epoch: 30 [16680/5134 (95%)]	Loss: 0.564931
Make prediction for 5134 samples...
Make prediction for 813 samples...
Make prediction for 690 samples...
EarlyStopping counter: 2 out of 30
Epoch: 029, Train Loss: 0.9683, Metric: r2, Train: 0.4826, Val: 0.4316, best Val: 0.4674, Test: 0.1449
Training on 5134 samples...
Train epoch: 31 [0/5134 (0%)]	Loss: 0.970527
Train epoch: 31 [17960/5134 (95%)]	Loss: 0.852496
Make prediction for 5134 samples...
Make prediction for 813 samples...
Make prediction for 690 samples...
EarlyStopping counter: 3 out of 30
Epoch: 030, Train Loss: 0.9610, Metric: r2, Train: 0.5236, Val: 0.2954, best Val: 0.4674, Test: 0.0222
Training on 5134 samples...
Train epoch: 32 [0/5134 (0%)]	Loss: 0.928639
Train epoch: 32 [16680/5134 (95%)]	Loss: 0.497096
Make prediction for 5134 samples...
Make prediction for 813 samples...
Make prediction for 690 samples...
EarlyStopping counter: 4 out of 30
Epoch: 031, Train Loss: 0.9577, Metric: r2, Train: 0.5173, Val: 0.2904, best Val: 0.4674, Test: 0.0934
Training on 5134 samples...
Train epoch: 33 [0/5134 (0%)]	Loss: 0.898002
Train epoch: 33 [20700/5134 (95%)]	Loss: 0.658339
Make prediction for 5134 samples...
Make prediction for 813 samples...
Make prediction for 690 samples...
EarlyStopping counter: 5 out of 30
Epoch: 032, Train Loss: 0.9510, Metric: r2, Train: 0.5673, Val: 0.3354, best Val: 0.4674, Test: 0.1423
Training on 5134 samples...
Train epoch: 34 [0/5134 (0%)]	Loss: 0.918908
Train epoch: 34 [17960/5134 (95%)]	Loss: 0.799482
Make prediction for 5134 samples...
Make prediction for 813 samples...
Make prediction for 690 samples...
EarlyStopping counter: 6 out of 30
Epoch: 033, Train Loss: 0.9334, Metric: r2, Train: 0.5527, Val: 0.4220, best Val: 0.4674, Test: 0.1336
Training on 5134 samples...
Train epoch: 35 [0/5134 (0%)]	Loss: 0.991577
Train epoch: 35 [18640/5134 (95%)]	Loss: 0.652485
Make prediction for 5134 samples...
Make prediction for 813 samples...
Make prediction for 690 samples...
EarlyStopping counter: 7 out of 30
Epoch: 034, Train Loss: 0.9299, Metric: r2, Train: 0.4341, Val: 0.4229, best Val: 0.4674, Test: 0.1544
Training on 5134 samples...
Train epoch: 36 [0/5134 (0%)]	Loss: 1.030508
Train epoch: 36 [18140/5134 (95%)]	Loss: 0.520326
Make prediction for 5134 samples...
Make prediction for 813 samples...
Make prediction for 690 samples...
EarlyStopping counter: 8 out of 30
Epoch: 035, Train Loss: 0.9614, Metric: r2, Train: 0.5508, Val: 0.3232, best Val: 0.4674, Test: 0.1010
Training on 5134 samples...
Train epoch: 37 [0/5134 (0%)]	Loss: 0.904779
Train epoch: 37 [18000/5134 (95%)]	Loss: 0.513970
Make prediction for 5134 samples...
Make prediction for 813 samples...
Make prediction for 690 samples...
EarlyStopping counter: 9 out of 30
Epoch: 036, Train Loss: 0.9170, Metric: r2, Train: 0.5910, Val: 0.4062, best Val: 0.4674, Test: 0.1798
Training on 5134 samples...
Train epoch: 38 [0/5134 (0%)]	Loss: 0.874084
Train epoch: 38 [19520/5134 (95%)]	Loss: 0.745182
Make prediction for 5134 samples...
Make prediction for 813 samples...
Make prediction for 690 samples...
EarlyStopping counter: 10 out of 30
Epoch: 037, Train Loss: 0.9160, Metric: r2, Train: 0.6075, Val: 0.3708, best Val: 0.4674, Test: 0.1866
Training on 5134 samples...
Train epoch: 39 [0/5134 (0%)]	Loss: 0.909091
Train epoch: 39 [17140/5134 (95%)]	Loss: 0.557705
Make prediction for 5134 samples...
Make prediction for 813 samples...
Make prediction for 690 samples...
EarlyStopping counter: 11 out of 30
Epoch: 038, Train Loss: 0.9186, Metric: r2, Train: 0.5939, Val: 0.2720, best Val: 0.4674, Test: 0.1629
Training on 5134 samples...
Train epoch: 40 [0/5134 (0%)]	Loss: 0.926394
Train epoch: 40 [19380/5134 (95%)]	Loss: 0.501122
Make prediction for 5134 samples...
Make prediction for 813 samples...
Make prediction for 690 samples...
EarlyStopping counter: 12 out of 30
Epoch: 039, Train Loss: 0.9123, Metric: r2, Train: 0.5572, Val: 0.2002, best Val: 0.4674, Test: 0.0813
Training on 5134 samples...
Train epoch: 41 [0/5134 (0%)]	Loss: 0.847844
Train epoch: 41 [17040/5134 (95%)]	Loss: 0.526381
Make prediction for 5134 samples...
Make prediction for 813 samples...
Make prediction for 690 samples...
EarlyStopping counter: 13 out of 30
Epoch: 040, Train Loss: 0.8919, Metric: r2, Train: 0.5804, Val: 0.2557, best Val: 0.4674, Test: 0.1271
Training on 5134 samples...
Train epoch: 42 [0/5134 (0%)]	Loss: 0.855197
Train epoch: 42 [20060/5134 (95%)]	Loss: 0.881977
Make prediction for 5134 samples...
Make prediction for 813 samples...
Make prediction for 690 samples...
EarlyStopping counter: 14 out of 30
Epoch: 041, Train Loss: 0.8842, Metric: r2, Train: 0.4531, Val: -0.2379, best Val: 0.4674, Test: -0.3021
Training on 5134 samples...
Train epoch: 43 [0/5134 (0%)]	Loss: 0.906111
Train epoch: 43 [16080/5134 (95%)]	Loss: 0.481766
Make prediction for 5134 samples...
Make prediction for 813 samples...
Make prediction for 690 samples...
EarlyStopping counter: 15 out of 30
Epoch: 042, Train Loss: 0.9681, Metric: r2, Train: 0.4686, Val: 0.1946, best Val: 0.4674, Test: 0.0682
Training on 5134 samples...
Train epoch: 44 [0/5134 (0%)]	Loss: 1.024901
Train epoch: 44 [17460/5134 (95%)]	Loss: 0.527174
Make prediction for 5134 samples...
Make prediction for 813 samples...
Make prediction for 690 samples...
EarlyStopping counter: 16 out of 30
Epoch: 043, Train Loss: 0.8979, Metric: r2, Train: 0.5588, Val: 0.2312, best Val: 0.4674, Test: 0.1277
Training on 5134 samples...
Train epoch: 45 [0/5134 (0%)]	Loss: 0.881950
Train epoch: 45 [20480/5134 (95%)]	Loss: 0.475038
Make prediction for 5134 samples...
Make prediction for 813 samples...
Make prediction for 690 samples...
EarlyStopping counter: 17 out of 30
Epoch: 044, Train Loss: 0.8754, Metric: r2, Train: 0.5529, Val: 0.2151, best Val: 0.4674, Test: 0.1731
Training on 5134 samples...
Train epoch: 46 [0/5134 (0%)]	Loss: 0.961194
Train epoch: 46 [19200/5134 (95%)]	Loss: 0.576507
Make prediction for 5134 samples...
Make prediction for 813 samples...
Make prediction for 690 samples...
EarlyStopping counter: 18 out of 30
Epoch: 045, Train Loss: 0.8526, Metric: r2, Train: 0.6125, Val: 0.1996, best Val: 0.4674, Test: 0.0546
Training on 5134 samples...
Train epoch: 47 [0/5134 (0%)]	Loss: 0.855752
Train epoch: 47 [19380/5134 (95%)]	Loss: 0.530405
Make prediction for 5134 samples...
Make prediction for 813 samples...
Make prediction for 690 samples...
EarlyStopping counter: 19 out of 30
Epoch: 046, Train Loss: 0.8171, Metric: r2, Train: 0.6158, Val: 0.2640, best Val: 0.4674, Test: 0.1163
Training on 5134 samples...
Train epoch: 48 [0/5134 (0%)]	Loss: 0.885030
Train epoch: 48 [15260/5134 (95%)]	Loss: 0.501673
Make prediction for 5134 samples...
Make prediction for 813 samples...
Make prediction for 690 samples...
EarlyStopping counter: 20 out of 30
Epoch: 047, Train Loss: 0.8389, Metric: r2, Train: 0.6235, Val: 0.1832, best Val: 0.4674, Test: 0.0445
Training on 5134 samples...
Train epoch: 49 [0/5134 (0%)]	Loss: 0.887549
Train epoch: 49 [17120/5134 (95%)]	Loss: 0.475248
Make prediction for 5134 samples...
Make prediction for 813 samples...
Make prediction for 690 samples...
EarlyStopping counter: 21 out of 30
Epoch: 048, Train Loss: 0.8263, Metric: r2, Train: 0.6302, Val: 0.2595, best Val: 0.4674, Test: 0.1079
Training on 5134 samples...
Train epoch: 50 [0/5134 (0%)]	Loss: 0.830650
Train epoch: 50 [17320/5134 (95%)]	Loss: 0.631713
Make prediction for 5134 samples...
Make prediction for 813 samples...
Make prediction for 690 samples...
EarlyStopping counter: 22 out of 30
Epoch: 049, Train Loss: 0.8039, Metric: r2, Train: 0.6264, Val: 0.3218, best Val: 0.4674, Test: 0.1616
Training on 5134 samples...
Train epoch: 51 [0/5134 (0%)]	Loss: 0.789481
Train epoch: 51 [17400/5134 (95%)]	Loss: 0.597514
Make prediction for 5134 samples...
Make prediction for 813 samples...
Make prediction for 690 samples...
EarlyStopping counter: 23 out of 30
Epoch: 050, Train Loss: 0.8118, Metric: r2, Train: 0.6476, Val: 0.3531, best Val: 0.4674, Test: 0.2318
Training on 5134 samples...
Train epoch: 52 [0/5134 (0%)]	Loss: 0.881286
Train epoch: 52 [18260/5134 (95%)]	Loss: 0.464416
Make prediction for 5134 samples...
Make prediction for 813 samples...
Make prediction for 690 samples...
EarlyStopping counter: 24 out of 30
Epoch: 051, Train Loss: 0.8090, Metric: r2, Train: 0.6382, Val: 0.4125, best Val: 0.4674, Test: 0.2341
Training on 5134 samples...
Train epoch: 53 [0/5134 (0%)]	Loss: 0.812270
Train epoch: 53 [19000/5134 (95%)]	Loss: 0.469484
Make prediction for 5134 samples...
Make prediction for 813 samples...
Make prediction for 690 samples...
EarlyStopping counter: 25 out of 30
Epoch: 052, Train Loss: 0.8217, Metric: r2, Train: 0.6455, Val: 0.4449, best Val: 0.4674, Test: 0.2057
Training on 5134 samples...
Train epoch: 54 [0/5134 (0%)]	Loss: 0.744655
Train epoch: 54 [17940/5134 (95%)]	Loss: 0.482994
Make prediction for 5134 samples...
Make prediction for 813 samples...
Make prediction for 690 samples...
EarlyStopping counter: 26 out of 30
Epoch: 053, Train Loss: 0.7894, Metric: r2, Train: 0.6467, Val: 0.3486, best Val: 0.4674, Test: 0.1887
Training on 5134 samples...
Train epoch: 55 [0/5134 (0%)]	Loss: 0.827954
Train epoch: 55 [18660/5134 (95%)]	Loss: 0.475266
Make prediction for 5134 samples...
Make prediction for 813 samples...
Make prediction for 690 samples...
EarlyStopping counter: 27 out of 30
Epoch: 054, Train Loss: 0.7882, Metric: r2, Train: 0.6519, Val: 0.2310, best Val: 0.4674, Test: 0.0938
Training on 5134 samples...
Train epoch: 56 [0/5134 (0%)]	Loss: 0.821389
Train epoch: 56 [16040/5134 (95%)]	Loss: 0.438035
Make prediction for 5134 samples...
Make prediction for 813 samples...
Make prediction for 690 samples...
EarlyStopping counter: 28 out of 30
Epoch: 055, Train Loss: 0.7905, Metric: r2, Train: 0.6300, Val: 0.4403, best Val: 0.4674, Test: 0.3147
Training on 5134 samples...
Train epoch: 57 [0/5134 (0%)]	Loss: 0.824177
Train epoch: 57 [17000/5134 (95%)]	Loss: 0.439336
Make prediction for 5134 samples...
Make prediction for 813 samples...
Make prediction for 690 samples...
EarlyStopping counter: 29 out of 30
Epoch: 056, Train Loss: 0.7763, Metric: r2, Train: 0.5206, Val: 0.0296, best Val: 0.4674, Test: -0.0664
Training on 5134 samples...
Train epoch: 58 [0/5134 (0%)]	Loss: 0.854469
Train epoch: 58 [19220/5134 (95%)]	Loss: 0.432155
Make prediction for 5134 samples...
Make prediction for 813 samples...
Make prediction for 690 samples...
EarlyStopping counter: 30 out of 30
Epoch: 057, Train Loss: 0.7979, Metric: r2, Train: 0.6540, Val: 0.2697, best Val: 0.4674, Test: 0.2008
out of patience!
******PAMPA1_Perimeter_2034, 3th_time_result******
train_result: 0.4891
val_result: 0.4674
test_result: 0.1963
Current seed: 2054
Pre-processed data found: data/processed/PAMPA1_Perimeter_2034/PAMPA1_Perimeter_2034_train.pt, loading ...
Pre-processed data found: data/processed/PAMPA1_Perimeter_2034/PAMPA1_Perimeter_2034_valid.pt, loading ...
Pre-processed data found: data/processed/PAMPA1_Perimeter_2034/PAMPA1_Perimeter_2034_test.pt, loading ...
trainset mean:-5.639999866485596 std:0.9600000381469727
Training on 5134 samples...
Train epoch: 1 [0/5134 (0%)]	Loss: 1.374746
Train epoch: 1 [15960/5134 (95%)]	Loss: 1.341550
Make prediction for 5134 samples...
Make prediction for 813 samples...
Make prediction for 690 samples...
Make prediction for 690 samples...
Epoch: 000, Train Loss: 1.3635, Metric: r2, Train: 0.0018, Val: -0.0209, best Val: -0.0209, Test: -0.0014
Training on 5134 samples...
Train epoch: 2 [0/5134 (0%)]	Loss: 1.429908
Train epoch: 2 [17640/5134 (95%)]	Loss: 1.117149
Make prediction for 5134 samples...
Make prediction for 813 samples...
Make prediction for 690 samples...
Make prediction for 690 samples...
Epoch: 001, Train Loss: 1.3209, Metric: r2, Train: 0.0333, Val: -0.0175, best Val: -0.0175, Test: -0.0202
Training on 5134 samples...
Train epoch: 3 [0/5134 (0%)]	Loss: 1.309297
Train epoch: 3 [15880/5134 (95%)]	Loss: 0.807100
Make prediction for 5134 samples...
Make prediction for 813 samples...
Make prediction for 690 samples...
Make prediction for 690 samples...
Epoch: 002, Train Loss: 1.2865, Metric: r2, Train: 0.1482, Val: -0.0113, best Val: -0.0113, Test: 0.0366
Training on 5134 samples...
Train epoch: 4 [0/5134 (0%)]	Loss: 1.192342
Train epoch: 4 [17220/5134 (95%)]	Loss: 0.717116
Make prediction for 5134 samples...
Make prediction for 813 samples...
Make prediction for 690 samples...
EarlyStopping counter: 1 out of 30
Epoch: 003, Train Loss: 1.2306, Metric: r2, Train: 0.1580, Val: -0.1391, best Val: -0.0113, Test: -0.0625
Training on 5134 samples...
Train epoch: 5 [0/5134 (0%)]	Loss: 1.181900
Train epoch: 5 [21000/5134 (95%)]	Loss: 1.049303
Make prediction for 5134 samples...
Make prediction for 813 samples...
Make prediction for 690 samples...
EarlyStopping counter: 2 out of 30
Epoch: 004, Train Loss: 1.1992, Metric: r2, Train: 0.1046, Val: -0.0777, best Val: -0.0113, Test: -0.2523
Training on 5134 samples...
Train epoch: 6 [0/5134 (0%)]	Loss: 1.273178
Train epoch: 6 [19300/5134 (95%)]	Loss: 0.805325
Make prediction for 5134 samples...
Make prediction for 813 samples...
Make prediction for 690 samples...
Make prediction for 690 samples...
Epoch: 005, Train Loss: 1.1869, Metric: r2, Train: 0.2317, Val: 0.1099, best Val: 0.1099, Test: 0.1908
Training on 5134 samples...
Train epoch: 7 [0/5134 (0%)]	Loss: 1.206262
Train epoch: 7 [17440/5134 (95%)]	Loss: 1.049576
Make prediction for 5134 samples...
Make prediction for 813 samples...
Make prediction for 690 samples...
Make prediction for 690 samples...
Epoch: 006, Train Loss: 1.1469, Metric: r2, Train: 0.2827, Val: 0.1256, best Val: 0.1256, Test: 0.1223
Training on 5134 samples...
Train epoch: 8 [0/5134 (0%)]	Loss: 1.017857
Train epoch: 8 [18700/5134 (95%)]	Loss: 0.608396
Make prediction for 5134 samples...
Make prediction for 813 samples...
Make prediction for 690 samples...
Make prediction for 690 samples...
Epoch: 007, Train Loss: 1.1324, Metric: r2, Train: 0.2362, Val: 0.2360, best Val: 0.2360, Test: 0.2917
Training on 5134 samples...
Train epoch: 9 [0/5134 (0%)]	Loss: 1.188159
Train epoch: 9 [19400/5134 (95%)]	Loss: 0.958994
Make prediction for 5134 samples...
Make prediction for 813 samples...
Make prediction for 690 samples...
EarlyStopping counter: 1 out of 30
Epoch: 008, Train Loss: 1.1299, Metric: r2, Train: 0.3128, Val: 0.2325, best Val: 0.2360, Test: 0.2339
Training on 5134 samples...
Train epoch: 10 [0/5134 (0%)]	Loss: 1.006557
Train epoch: 10 [18820/5134 (95%)]	Loss: 0.904444
Make prediction for 5134 samples...
Make prediction for 813 samples...
Make prediction for 690 samples...
Make prediction for 690 samples...
Epoch: 009, Train Loss: 1.1023, Metric: r2, Train: 0.3560, Val: 0.3034, best Val: 0.3034, Test: 0.2837
Training on 5134 samples...
Train epoch: 11 [0/5134 (0%)]	Loss: 1.180451
Train epoch: 11 [17040/5134 (95%)]	Loss: 0.830655
Make prediction for 5134 samples...
Make prediction for 813 samples...
Make prediction for 690 samples...
Make prediction for 690 samples...
Epoch: 010, Train Loss: 1.0957, Metric: r2, Train: 0.3276, Val: 0.3186, best Val: 0.3186, Test: 0.2000
Training on 5134 samples...
Train epoch: 12 [0/5134 (0%)]	Loss: 1.105199
Train epoch: 12 [17540/5134 (95%)]	Loss: 0.627158
Make prediction for 5134 samples...
Make prediction for 813 samples...
Make prediction for 690 samples...
EarlyStopping counter: 1 out of 30
Epoch: 011, Train Loss: 1.0653, Metric: r2, Train: 0.2760, Val: 0.1454, best Val: 0.3186, Test: 0.1253
Training on 5134 samples...
Train epoch: 13 [0/5134 (0%)]	Loss: 1.178829
Train epoch: 13 [16740/5134 (95%)]	Loss: 0.731244
Make prediction for 5134 samples...
Make prediction for 813 samples...
Make prediction for 690 samples...
EarlyStopping counter: 2 out of 30
Epoch: 012, Train Loss: 1.0678, Metric: r2, Train: 0.3606, Val: 0.2670, best Val: 0.3186, Test: 0.0037
Training on 5134 samples...
Train epoch: 14 [0/5134 (0%)]	Loss: 1.046325
Train epoch: 14 [19740/5134 (95%)]	Loss: 1.086489
Make prediction for 5134 samples...
Make prediction for 813 samples...
Make prediction for 690 samples...
Make prediction for 690 samples...
Epoch: 013, Train Loss: 1.0578, Metric: r2, Train: 0.4180, Val: 0.3600, best Val: 0.3600, Test: 0.1756
Training on 5134 samples...
Train epoch: 15 [0/5134 (0%)]	Loss: 1.065818
Train epoch: 15 [19480/5134 (95%)]	Loss: 0.980630
Make prediction for 5134 samples...
Make prediction for 813 samples...
Make prediction for 690 samples...
EarlyStopping counter: 1 out of 30
Epoch: 014, Train Loss: 1.0574, Metric: r2, Train: -0.1481, Val: -0.1255, best Val: 0.3600, Test: -0.7638
Training on 5134 samples...
Train epoch: 16 [0/5134 (0%)]	Loss: 1.534178
Train epoch: 16 [19320/5134 (95%)]	Loss: 0.673178
Make prediction for 5134 samples...
Make prediction for 813 samples...
Make prediction for 690 samples...
EarlyStopping counter: 2 out of 30
Epoch: 015, Train Loss: 1.1662, Metric: r2, Train: 0.3109, Val: 0.2455, best Val: 0.3600, Test: 0.1243
Training on 5134 samples...
Train epoch: 17 [0/5134 (0%)]	Loss: 0.992952
Train epoch: 17 [18420/5134 (95%)]	Loss: 0.507639
Make prediction for 5134 samples...
Make prediction for 813 samples...
Make prediction for 690 samples...
EarlyStopping counter: 3 out of 30
Epoch: 016, Train Loss: 1.1042, Metric: r2, Train: 0.2771, Val: 0.1357, best Val: 0.3600, Test: 0.0704
Training on 5134 samples...
Train epoch: 18 [0/5134 (0%)]	Loss: 1.106774
Train epoch: 18 [17180/5134 (95%)]	Loss: 0.468147
Make prediction for 5134 samples...
Make prediction for 813 samples...
Make prediction for 690 samples...
Make prediction for 690 samples...
Epoch: 017, Train Loss: 1.0647, Metric: r2, Train: 0.4293, Val: 0.3932, best Val: 0.3932, Test: 0.1415
Training on 5134 samples...
Train epoch: 19 [0/5134 (0%)]	Loss: 1.013792
Train epoch: 19 [19420/5134 (95%)]	Loss: 0.426727
Make prediction for 5134 samples...
Make prediction for 813 samples...
Make prediction for 690 samples...
EarlyStopping counter: 1 out of 30
Epoch: 018, Train Loss: 1.0322, Metric: r2, Train: 0.4172, Val: 0.2295, best Val: 0.3932, Test: 0.1021
Training on 5134 samples...
Train epoch: 20 [0/5134 (0%)]	Loss: 0.981369
Train epoch: 20 [19680/5134 (95%)]	Loss: 1.514094
Make prediction for 5134 samples...
Make prediction for 813 samples...
Make prediction for 690 samples...
EarlyStopping counter: 2 out of 30
Epoch: 019, Train Loss: 1.0259, Metric: r2, Train: 0.3899, Val: 0.3600, best Val: 0.3932, Test: -0.0238
Training on 5134 samples...
Train epoch: 21 [0/5134 (0%)]	Loss: 1.086688
Train epoch: 21 [18860/5134 (95%)]	Loss: 0.805670
Make prediction for 5134 samples...
Make prediction for 813 samples...
Make prediction for 690 samples...
EarlyStopping counter: 3 out of 30
Epoch: 020, Train Loss: 1.0614, Metric: r2, Train: 0.4465, Val: 0.3264, best Val: 0.3932, Test: 0.1127
Training on 5134 samples...
Train epoch: 22 [0/5134 (0%)]	Loss: 1.023027
Train epoch: 22 [17220/5134 (95%)]	Loss: 0.673412
Make prediction for 5134 samples...
Make prediction for 813 samples...
Make prediction for 690 samples...
EarlyStopping counter: 4 out of 30
Epoch: 021, Train Loss: 1.0259, Metric: r2, Train: 0.4081, Val: 0.0919, best Val: 0.3932, Test: -0.0686
Training on 5134 samples...
Train epoch: 23 [0/5134 (0%)]	Loss: 1.035229
Train epoch: 23 [17980/5134 (95%)]	Loss: 0.916545
Make prediction for 5134 samples...
Make prediction for 813 samples...
Make prediction for 690 samples...
Make prediction for 690 samples...
Epoch: 022, Train Loss: 1.0189, Metric: r2, Train: 0.3493, Val: 0.4360, best Val: 0.4360, Test: 0.0069
Training on 5134 samples...
Train epoch: 24 [0/5134 (0%)]	Loss: 1.144138
Train epoch: 24 [17960/5134 (95%)]	Loss: 0.577469
Make prediction for 5134 samples...
Make prediction for 813 samples...
Make prediction for 690 samples...
EarlyStopping counter: 1 out of 30
Epoch: 023, Train Loss: 1.0235, Metric: r2, Train: 0.4786, Val: 0.4022, best Val: 0.4360, Test: 0.1417
Training on 5134 samples...
Train epoch: 25 [0/5134 (0%)]	Loss: 0.948439
Train epoch: 25 [15920/5134 (95%)]	Loss: 0.431373
Make prediction for 5134 samples...
Make prediction for 813 samples...
Make prediction for 690 samples...
EarlyStopping counter: 2 out of 30
Epoch: 024, Train Loss: 1.0001, Metric: r2, Train: 0.4899, Val: 0.3613, best Val: 0.4360, Test: 0.1146
Training on 5134 samples...
Train epoch: 26 [0/5134 (0%)]	Loss: 0.962966
Train epoch: 26 [17240/5134 (95%)]	Loss: 0.677227
Make prediction for 5134 samples...
Make prediction for 813 samples...
Make prediction for 690 samples...
EarlyStopping counter: 3 out of 30
Epoch: 025, Train Loss: 0.9893, Metric: r2, Train: 0.4701, Val: 0.4130, best Val: 0.4360, Test: 0.0971
Training on 5134 samples...
Train epoch: 27 [0/5134 (0%)]	Loss: 0.951473
Train epoch: 27 [18200/5134 (95%)]	Loss: 0.460484
Make prediction for 5134 samples...
Make prediction for 813 samples...
Make prediction for 690 samples...
Make prediction for 690 samples...
Epoch: 026, Train Loss: 0.9852, Metric: r2, Train: 0.4562, Val: 0.4521, best Val: 0.4521, Test: 0.0765
Training on 5134 samples...
Train epoch: 28 [0/5134 (0%)]	Loss: 1.017333
Train epoch: 28 [17640/5134 (95%)]	Loss: 0.692346
Make prediction for 5134 samples...
Make prediction for 813 samples...
Make prediction for 690 samples...
EarlyStopping counter: 1 out of 30
Epoch: 027, Train Loss: 0.9745, Metric: r2, Train: 0.4279, Val: 0.1444, best Val: 0.4521, Test: -0.0348
Training on 5134 samples...
Train epoch: 29 [0/5134 (0%)]	Loss: 1.042457
Train epoch: 29 [18160/5134 (95%)]	Loss: 0.870817
Make prediction for 5134 samples...
Make prediction for 813 samples...
Make prediction for 690 samples...
EarlyStopping counter: 2 out of 30
Epoch: 028, Train Loss: 0.9960, Metric: r2, Train: 0.4987, Val: 0.4133, best Val: 0.4521, Test: 0.0929
Training on 5134 samples...
Train epoch: 30 [0/5134 (0%)]	Loss: 0.931476
Train epoch: 30 [18280/5134 (95%)]	Loss: 0.546271
Make prediction for 5134 samples...
Make prediction for 813 samples...
Make prediction for 690 samples...
EarlyStopping counter: 3 out of 30
Epoch: 029, Train Loss: 0.9831, Metric: r2, Train: 0.4620, Val: 0.0645, best Val: 0.4521, Test: -0.1731
Training on 5134 samples...
Train epoch: 31 [0/5134 (0%)]	Loss: 0.970852
Train epoch: 31 [16240/5134 (95%)]	Loss: 0.658052
Make prediction for 5134 samples...
Make prediction for 813 samples...
Make prediction for 690 samples...
EarlyStopping counter: 4 out of 30
Epoch: 030, Train Loss: 0.9676, Metric: r2, Train: 0.5287, Val: 0.4115, best Val: 0.4521, Test: 0.1376
Training on 5134 samples...
Train epoch: 32 [0/5134 (0%)]	Loss: 0.920510
Train epoch: 32 [18880/5134 (95%)]	Loss: 0.507471
Make prediction for 5134 samples...
Make prediction for 813 samples...
Make prediction for 690 samples...
EarlyStopping counter: 5 out of 30
Epoch: 031, Train Loss: 0.9555, Metric: r2, Train: 0.5063, Val: 0.3657, best Val: 0.4521, Test: 0.1894
Training on 5134 samples...
Train epoch: 33 [0/5134 (0%)]	Loss: 1.067383
Train epoch: 33 [18360/5134 (95%)]	Loss: 0.660501
Make prediction for 5134 samples...
Make prediction for 813 samples...
Make prediction for 690 samples...
EarlyStopping counter: 6 out of 30
Epoch: 032, Train Loss: 0.9578, Metric: r2, Train: 0.3757, Val: 0.4097, best Val: 0.4521, Test: 0.0167
Training on 5134 samples...
Train epoch: 34 [0/5134 (0%)]	Loss: 1.132191
Train epoch: 34 [20480/5134 (95%)]	Loss: 0.580192
Make prediction for 5134 samples...
Make prediction for 813 samples...
Make prediction for 690 samples...
Make prediction for 690 samples...
Epoch: 033, Train Loss: 0.9867, Metric: r2, Train: 0.5267, Val: 0.4709, best Val: 0.4709, Test: 0.1309
Training on 5134 samples...
Train epoch: 35 [0/5134 (0%)]	Loss: 0.998228
Train epoch: 35 [17400/5134 (95%)]	Loss: 0.621579
Make prediction for 5134 samples...
Make prediction for 813 samples...
Make prediction for 690 samples...
EarlyStopping counter: 1 out of 30
Epoch: 034, Train Loss: 0.9687, Metric: r2, Train: 0.4635, Val: 0.1855, best Val: 0.4709, Test: -0.0154
Training on 5134 samples...
Train epoch: 36 [0/5134 (0%)]	Loss: 1.005048
Train epoch: 36 [17740/5134 (95%)]	Loss: 0.587298
Make prediction for 5134 samples...
Make prediction for 813 samples...
Make prediction for 690 samples...
EarlyStopping counter: 2 out of 30
Epoch: 035, Train Loss: 1.0154, Metric: r2, Train: 0.4795, Val: 0.2372, best Val: 0.4709, Test: 0.0610
Training on 5134 samples...
Train epoch: 37 [0/5134 (0%)]	Loss: 1.100494
Train epoch: 37 [18540/5134 (95%)]	Loss: 0.707280
Make prediction for 5134 samples...
Make prediction for 813 samples...
Make prediction for 690 samples...
EarlyStopping counter: 3 out of 30
Epoch: 036, Train Loss: 0.9813, Metric: r2, Train: 0.5326, Val: 0.2330, best Val: 0.4709, Test: 0.0325
Training on 5134 samples...
Train epoch: 38 [0/5134 (0%)]	Loss: 0.980041
Train epoch: 38 [16760/5134 (95%)]	Loss: 0.591398
Make prediction for 5134 samples...
Make prediction for 813 samples...
Make prediction for 690 samples...
EarlyStopping counter: 4 out of 30
Epoch: 037, Train Loss: 0.9534, Metric: r2, Train: 0.4991, Val: 0.3139, best Val: 0.4709, Test: 0.1075
Training on 5134 samples...
Train epoch: 39 [0/5134 (0%)]	Loss: 1.076893
Train epoch: 39 [17940/5134 (95%)]	Loss: 0.409403
Make prediction for 5134 samples...
Make prediction for 813 samples...
Make prediction for 690 samples...
EarlyStopping counter: 5 out of 30
Epoch: 038, Train Loss: 0.9537, Metric: r2, Train: 0.5632, Val: 0.3780, best Val: 0.4709, Test: 0.1919
Training on 5134 samples...
Train epoch: 40 [0/5134 (0%)]	Loss: 0.958249
Train epoch: 40 [16840/5134 (95%)]	Loss: 0.486076
Make prediction for 5134 samples...
Make prediction for 813 samples...
Make prediction for 690 samples...
EarlyStopping counter: 6 out of 30
Epoch: 039, Train Loss: 0.9368, Metric: r2, Train: 0.5444, Val: 0.4552, best Val: 0.4709, Test: 0.1875
Training on 5134 samples...
Train epoch: 41 [0/5134 (0%)]	Loss: 0.919604
Train epoch: 41 [20040/5134 (95%)]	Loss: 0.547419
Make prediction for 5134 samples...
Make prediction for 813 samples...
Make prediction for 690 samples...
EarlyStopping counter: 7 out of 30
Epoch: 040, Train Loss: 0.9315, Metric: r2, Train: 0.5994, Val: 0.4380, best Val: 0.4709, Test: 0.1979
Training on 5134 samples...
Train epoch: 42 [0/5134 (0%)]	Loss: 0.971442
Train epoch: 42 [19540/5134 (95%)]	Loss: 0.806765
Make prediction for 5134 samples...
Make prediction for 813 samples...
Make prediction for 690 samples...
EarlyStopping counter: 8 out of 30
Epoch: 041, Train Loss: 0.9205, Metric: r2, Train: 0.6159, Val: 0.3276, best Val: 0.4709, Test: 0.0802
Training on 5134 samples...
Train epoch: 43 [0/5134 (0%)]	Loss: 0.937194
Train epoch: 43 [17960/5134 (95%)]	Loss: 0.824129
Make prediction for 5134 samples...
Make prediction for 813 samples...
Make prediction for 690 samples...
EarlyStopping counter: 9 out of 30
Epoch: 042, Train Loss: 0.9231, Metric: r2, Train: 0.4914, Val: 0.3836, best Val: 0.4709, Test: 0.1094
Training on 5134 samples...
Train epoch: 44 [0/5134 (0%)]	Loss: 1.015723
Train epoch: 44 [18200/5134 (95%)]	Loss: 0.495708
Make prediction for 5134 samples...
Make prediction for 813 samples...
Make prediction for 690 samples...
EarlyStopping counter: 10 out of 30
Epoch: 043, Train Loss: 0.9359, Metric: r2, Train: 0.4971, Val: 0.2157, best Val: 0.4709, Test: 0.0563
Training on 5134 samples...
Train epoch: 45 [0/5134 (0%)]	Loss: 1.010705
Train epoch: 45 [17700/5134 (95%)]	Loss: 0.438971
Make prediction for 5134 samples...
Make prediction for 813 samples...
Make prediction for 690 samples...
EarlyStopping counter: 11 out of 30
Epoch: 044, Train Loss: 0.9144, Metric: r2, Train: 0.5926, Val: 0.4005, best Val: 0.4709, Test: 0.2610
Training on 5134 samples...
Train epoch: 46 [0/5134 (0%)]	Loss: 0.914619
Train epoch: 46 [19000/5134 (95%)]	Loss: 0.903836
Make prediction for 5134 samples...
Make prediction for 813 samples...
Make prediction for 690 samples...
EarlyStopping counter: 12 out of 30
Epoch: 045, Train Loss: 0.8956, Metric: r2, Train: 0.5649, Val: 0.0885, best Val: 0.4709, Test: -0.0547
Training on 5134 samples...
Train epoch: 47 [0/5134 (0%)]	Loss: 0.888982
Train epoch: 47 [18720/5134 (95%)]	Loss: 0.620216
Make prediction for 5134 samples...
Make prediction for 813 samples...
Make prediction for 690 samples...
EarlyStopping counter: 13 out of 30
Epoch: 046, Train Loss: 0.9211, Metric: r2, Train: 0.6049, Val: 0.4128, best Val: 0.4709, Test: 0.2274
Training on 5134 samples...
Train epoch: 48 [0/5134 (0%)]	Loss: 0.948657
Train epoch: 48 [16620/5134 (95%)]	Loss: 0.546715
Make prediction for 5134 samples...
Make prediction for 813 samples...
Make prediction for 690 samples...
EarlyStopping counter: 14 out of 30
Epoch: 047, Train Loss: 0.8796, Metric: r2, Train: 0.6120, Val: 0.3315, best Val: 0.4709, Test: 0.1497
Training on 5134 samples...
Train epoch: 49 [0/5134 (0%)]	Loss: 0.883117
Train epoch: 49 [17920/5134 (95%)]	Loss: 0.434243
Make prediction for 5134 samples...
Make prediction for 813 samples...
Make prediction for 690 samples...
EarlyStopping counter: 15 out of 30
Epoch: 048, Train Loss: 0.8721, Metric: r2, Train: 0.6200, Val: 0.3180, best Val: 0.4709, Test: 0.1568
Training on 5134 samples...
Train epoch: 50 [0/5134 (0%)]	Loss: 0.915188
Train epoch: 50 [19660/5134 (95%)]	Loss: 0.612907
Make prediction for 5134 samples...
Make prediction for 813 samples...
Make prediction for 690 samples...
EarlyStopping counter: 16 out of 30
Epoch: 049, Train Loss: 0.8643, Metric: r2, Train: 0.6138, Val: 0.3312, best Val: 0.4709, Test: 0.2389
Training on 5134 samples...
Train epoch: 51 [0/5134 (0%)]	Loss: 0.849872
Train epoch: 51 [16360/5134 (95%)]	Loss: 0.412589
Make prediction for 5134 samples...
Make prediction for 813 samples...
Make prediction for 690 samples...
EarlyStopping counter: 17 out of 30
Epoch: 050, Train Loss: 0.8467, Metric: r2, Train: 0.6205, Val: 0.2931, best Val: 0.4709, Test: 0.1602
Training on 5134 samples...
Train epoch: 52 [0/5134 (0%)]	Loss: 0.872767
Train epoch: 52 [18600/5134 (95%)]	Loss: 0.293305
Make prediction for 5134 samples...
Make prediction for 813 samples...
Make prediction for 690 samples...
Make prediction for 690 samples...
Epoch: 051, Train Loss: 0.8749, Metric: r2, Train: 0.6199, Val: 0.4746, best Val: 0.4746, Test: 0.3297
Training on 5134 samples...
Train epoch: 53 [0/5134 (0%)]	Loss: 0.872797
Train epoch: 53 [16720/5134 (95%)]	Loss: 0.393679
Make prediction for 5134 samples...
Make prediction for 813 samples...
Make prediction for 690 samples...
EarlyStopping counter: 1 out of 30
Epoch: 052, Train Loss: 0.8415, Metric: r2, Train: 0.6144, Val: 0.4425, best Val: 0.4746, Test: 0.3410
Training on 5134 samples...
Train epoch: 54 [0/5134 (0%)]	Loss: 0.814743
Train epoch: 54 [17960/5134 (95%)]	Loss: 0.673368
Make prediction for 5134 samples...
Make prediction for 813 samples...
Make prediction for 690 samples...
EarlyStopping counter: 2 out of 30
Epoch: 053, Train Loss: 0.8100, Metric: r2, Train: 0.6296, Val: 0.4093, best Val: 0.4746, Test: 0.3262
Training on 5134 samples...
Train epoch: 55 [0/5134 (0%)]	Loss: 0.848811
Train epoch: 55 [17960/5134 (95%)]	Loss: 0.571335
Make prediction for 5134 samples...
Make prediction for 813 samples...
Make prediction for 690 samples...
Make prediction for 690 samples...
Epoch: 054, Train Loss: 0.8295, Metric: r2, Train: 0.6349, Val: 0.5127, best Val: 0.5127, Test: 0.3631
Training on 5134 samples...
Train epoch: 56 [0/5134 (0%)]	Loss: 0.801836
Train epoch: 56 [18000/5134 (95%)]	Loss: 0.399170
Make prediction for 5134 samples...
Make prediction for 813 samples...
Make prediction for 690 samples...
EarlyStopping counter: 1 out of 30
Epoch: 055, Train Loss: 0.8214, Metric: r2, Train: 0.6298, Val: 0.4087, best Val: 0.5127, Test: 0.3169
Training on 5134 samples...
Train epoch: 57 [0/5134 (0%)]	Loss: 0.810636
Train epoch: 57 [17700/5134 (95%)]	Loss: 0.441465
Make prediction for 5134 samples...
Make prediction for 813 samples...
Make prediction for 690 samples...
EarlyStopping counter: 2 out of 30
Epoch: 056, Train Loss: 0.7993, Metric: r2, Train: 0.6571, Val: 0.3528, best Val: 0.5127, Test: 0.3137
Training on 5134 samples...
Train epoch: 58 [0/5134 (0%)]	Loss: 0.806150
Train epoch: 58 [19620/5134 (95%)]	Loss: 0.397895
Make prediction for 5134 samples...
Make prediction for 813 samples...
Make prediction for 690 samples...
EarlyStopping counter: 3 out of 30
Epoch: 057, Train Loss: 0.7949, Metric: r2, Train: 0.6600, Val: 0.4138, best Val: 0.5127, Test: 0.3377
Training on 5134 samples...
Train epoch: 59 [0/5134 (0%)]	Loss: 0.755374
Train epoch: 59 [17740/5134 (95%)]	Loss: 0.542212
Make prediction for 5134 samples...
Make prediction for 813 samples...
Make prediction for 690 samples...
EarlyStopping counter: 4 out of 30
Epoch: 058, Train Loss: 0.8012, Metric: r2, Train: 0.6400, Val: 0.2428, best Val: 0.5127, Test: 0.2066
Training on 5134 samples...
Train epoch: 60 [0/5134 (0%)]	Loss: 0.775709
Train epoch: 60 [18580/5134 (95%)]	Loss: 0.701319
Make prediction for 5134 samples...
Make prediction for 813 samples...
Make prediction for 690 samples...
EarlyStopping counter: 5 out of 30
Epoch: 059, Train Loss: 0.7865, Metric: r2, Train: 0.6695, Val: 0.3372, best Val: 0.5127, Test: 0.2428
Training on 5134 samples...
Train epoch: 61 [0/5134 (0%)]	Loss: 0.760269
Train epoch: 61 [15920/5134 (95%)]	Loss: 0.417908
Make prediction for 5134 samples...
Make prediction for 813 samples...
Make prediction for 690 samples...
EarlyStopping counter: 6 out of 30
Epoch: 060, Train Loss: 0.7847, Metric: r2, Train: 0.6471, Val: 0.4149, best Val: 0.5127, Test: 0.3890
Training on 5134 samples...
Train epoch: 62 [0/5134 (0%)]	Loss: 0.812368
Train epoch: 62 [20360/5134 (95%)]	Loss: 0.497005
Make prediction for 5134 samples...
Make prediction for 813 samples...
Make prediction for 690 samples...
EarlyStopping counter: 7 out of 30
Epoch: 061, Train Loss: 0.7922, Metric: r2, Train: 0.6711, Val: 0.4016, best Val: 0.5127, Test: 0.3270
Training on 5134 samples...
Train epoch: 63 [0/5134 (0%)]	Loss: 0.830035
Train epoch: 63 [16900/5134 (95%)]	Loss: 0.441325
Make prediction for 5134 samples...
Make prediction for 813 samples...
Make prediction for 690 samples...
EarlyStopping counter: 8 out of 30
Epoch: 062, Train Loss: 0.7937, Metric: r2, Train: 0.6760, Val: 0.4277, best Val: 0.5127, Test: 0.3886
Training on 5134 samples...
Train epoch: 64 [0/5134 (0%)]	Loss: 0.839871
Train epoch: 64 [15480/5134 (95%)]	Loss: 0.353986
Make prediction for 5134 samples...
Make prediction for 813 samples...
Make prediction for 690 samples...
EarlyStopping counter: 9 out of 30
Epoch: 063, Train Loss: 0.7738, Metric: r2, Train: 0.6269, Val: 0.3396, best Val: 0.5127, Test: 0.3110
Training on 5134 samples...
Train epoch: 65 [0/5134 (0%)]	Loss: 0.824302
Train epoch: 65 [16720/5134 (95%)]	Loss: 0.375915
Make prediction for 5134 samples...
Make prediction for 813 samples...
Make prediction for 690 samples...
EarlyStopping counter: 10 out of 30
Epoch: 064, Train Loss: 0.7675, Metric: r2, Train: 0.6941, Val: 0.3938, best Val: 0.5127, Test: 0.3252
Training on 5134 samples...
Train epoch: 66 [0/5134 (0%)]	Loss: 0.749333
Train epoch: 66 [17900/5134 (95%)]	Loss: 0.454837
Make prediction for 5134 samples...
Make prediction for 813 samples...
Make prediction for 690 samples...
EarlyStopping counter: 11 out of 30
Epoch: 065, Train Loss: 0.7493, Metric: r2, Train: 0.6793, Val: 0.4073, best Val: 0.5127, Test: 0.4118
Training on 5134 samples...
Train epoch: 67 [0/5134 (0%)]	Loss: 0.749298
Train epoch: 67 [19180/5134 (95%)]	Loss: 0.506907
Make prediction for 5134 samples...
Make prediction for 813 samples...
Make prediction for 690 samples...
EarlyStopping counter: 12 out of 30
Epoch: 066, Train Loss: 0.7625, Metric: r2, Train: 0.6447, Val: 0.4086, best Val: 0.5127, Test: 0.3735
Training on 5134 samples...
Train epoch: 68 [0/5134 (0%)]	Loss: 0.747213
Train epoch: 68 [17720/5134 (95%)]	Loss: 0.513932
Make prediction for 5134 samples...
Make prediction for 813 samples...
Make prediction for 690 samples...
EarlyStopping counter: 13 out of 30
Epoch: 067, Train Loss: 0.7979, Metric: r2, Train: 0.6033, Val: 0.3362, best Val: 0.5127, Test: 0.3201
Training on 5134 samples...
Train epoch: 69 [0/5134 (0%)]	Loss: 0.838554
Train epoch: 69 [16560/5134 (95%)]	Loss: 0.408468
Make prediction for 5134 samples...
Make prediction for 813 samples...
Make prediction for 690 samples...
EarlyStopping counter: 14 out of 30
Epoch: 068, Train Loss: 0.8149, Metric: r2, Train: 0.6209, Val: 0.3515, best Val: 0.5127, Test: 0.2992
Training on 5134 samples...
Train epoch: 70 [0/5134 (0%)]	Loss: 0.774049
Train epoch: 70 [18440/5134 (95%)]	Loss: 0.440462
Make prediction for 5134 samples...
Make prediction for 813 samples...
Make prediction for 690 samples...
EarlyStopping counter: 15 out of 30
Epoch: 069, Train Loss: 0.7594, Metric: r2, Train: 0.6327, Val: 0.3598, best Val: 0.5127, Test: 0.3781
Training on 5134 samples...
Train epoch: 71 [0/5134 (0%)]	Loss: 0.742748
Train epoch: 71 [17800/5134 (95%)]	Loss: 0.401525
Make prediction for 5134 samples...
Make prediction for 813 samples...
Make prediction for 690 samples...
EarlyStopping counter: 16 out of 30
Epoch: 070, Train Loss: 0.7618, Metric: r2, Train: 0.6241, Val: 0.3139, best Val: 0.5127, Test: 0.2216
Training on 5134 samples...
Train epoch: 72 [0/5134 (0%)]	Loss: 0.775312
Train epoch: 72 [17500/5134 (95%)]	Loss: 0.362177
Make prediction for 5134 samples...
Make prediction for 813 samples...
Make prediction for 690 samples...
EarlyStopping counter: 17 out of 30
Epoch: 071, Train Loss: 0.7434, Metric: r2, Train: 0.7027, Val: 0.3765, best Val: 0.5127, Test: 0.3552
Training on 5134 samples...
Train epoch: 73 [0/5134 (0%)]	Loss: 0.763023
Train epoch: 73 [16540/5134 (95%)]	Loss: 0.407952
Make prediction for 5134 samples...
Make prediction for 813 samples...
Make prediction for 690 samples...
EarlyStopping counter: 18 out of 30
Epoch: 072, Train Loss: 0.7440, Metric: r2, Train: 0.6985, Val: 0.4333, best Val: 0.5127, Test: 0.4215
Training on 5134 samples...
Train epoch: 74 [0/5134 (0%)]	Loss: 0.707882
Train epoch: 74 [18000/5134 (95%)]	Loss: 0.378463
Make prediction for 5134 samples...
Make prediction for 813 samples...
Make prediction for 690 samples...
EarlyStopping counter: 19 out of 30
Epoch: 073, Train Loss: 0.7336, Metric: r2, Train: 0.6843, Val: 0.4040, best Val: 0.5127, Test: 0.3866
Training on 5134 samples...
Train epoch: 75 [0/5134 (0%)]	Loss: 0.717388
Train epoch: 75 [17780/5134 (95%)]	Loss: 0.356280
Make prediction for 5134 samples...
Make prediction for 813 samples...
Make prediction for 690 samples...
EarlyStopping counter: 20 out of 30
Epoch: 074, Train Loss: 0.7411, Metric: r2, Train: 0.6251, Val: 0.3889, best Val: 0.5127, Test: 0.3544
Training on 5134 samples...
Train epoch: 76 [0/5134 (0%)]	Loss: 0.789047
Train epoch: 76 [18020/5134 (95%)]	Loss: 0.362257
Make prediction for 5134 samples...
Make prediction for 813 samples...
Make prediction for 690 samples...
EarlyStopping counter: 21 out of 30
Epoch: 075, Train Loss: 0.7391, Metric: r2, Train: 0.5994, Val: 0.3681, best Val: 0.5127, Test: 0.3051
Training on 5134 samples...
Train epoch: 77 [0/5134 (0%)]	Loss: 0.867685
Train epoch: 77 [19840/5134 (95%)]	Loss: 0.487233
Make prediction for 5134 samples...
Make prediction for 813 samples...
Make prediction for 690 samples...
EarlyStopping counter: 22 out of 30
Epoch: 076, Train Loss: 0.7428, Metric: r2, Train: 0.6877, Val: 0.3614, best Val: 0.5127, Test: 0.4481
Training on 5134 samples...
Train epoch: 78 [0/5134 (0%)]	Loss: 0.703812
Train epoch: 78 [16780/5134 (95%)]	Loss: 0.333843
Make prediction for 5134 samples...
Make prediction for 813 samples...
Make prediction for 690 samples...
EarlyStopping counter: 23 out of 30
Epoch: 077, Train Loss: 0.7382, Metric: r2, Train: 0.7053, Val: 0.4309, best Val: 0.5127, Test: 0.4153
Training on 5134 samples...
Train epoch: 79 [0/5134 (0%)]	Loss: 0.682907
Train epoch: 79 [18420/5134 (95%)]	Loss: 0.482788
Make prediction for 5134 samples...
Make prediction for 813 samples...
Make prediction for 690 samples...
EarlyStopping counter: 24 out of 30
Epoch: 078, Train Loss: 0.7184, Metric: r2, Train: 0.6219, Val: 0.2410, best Val: 0.5127, Test: 0.2457
Training on 5134 samples...
Train epoch: 80 [0/5134 (0%)]	Loss: 0.813738
Train epoch: 80 [17920/5134 (95%)]	Loss: 0.575520
Make prediction for 5134 samples...
Make prediction for 813 samples...
Make prediction for 690 samples...
EarlyStopping counter: 25 out of 30
Epoch: 079, Train Loss: 0.7348, Metric: r2, Train: 0.6268, Val: 0.3579, best Val: 0.5127, Test: 0.3168
Training on 5134 samples...
Train epoch: 81 [0/5134 (0%)]	Loss: 0.734509
Train epoch: 81 [18960/5134 (95%)]	Loss: 0.284345
Make prediction for 5134 samples...
Make prediction for 813 samples...
Make prediction for 690 samples...
EarlyStopping counter: 26 out of 30
Epoch: 080, Train Loss: 0.7285, Metric: r2, Train: 0.6903, Val: 0.3919, best Val: 0.5127, Test: 0.3956
Training on 5134 samples...
Train epoch: 82 [0/5134 (0%)]	Loss: 0.748173
Train epoch: 82 [16680/5134 (95%)]	Loss: 0.367932
Make prediction for 5134 samples...
Make prediction for 813 samples...
Make prediction for 690 samples...
EarlyStopping counter: 27 out of 30
Epoch: 081, Train Loss: 0.7123, Metric: r2, Train: 0.6939, Val: 0.3833, best Val: 0.5127, Test: 0.4179
Training on 5134 samples...
Train epoch: 83 [0/5134 (0%)]	Loss: 0.713093
Train epoch: 83 [19220/5134 (95%)]	Loss: 0.398483
Make prediction for 5134 samples...
Make prediction for 813 samples...
Make prediction for 690 samples...
EarlyStopping counter: 28 out of 30
Epoch: 082, Train Loss: 0.7131, Metric: r2, Train: 0.7021, Val: 0.3295, best Val: 0.5127, Test: 0.3391
Training on 5134 samples...
Train epoch: 84 [0/5134 (0%)]	Loss: 0.661858
Train epoch: 84 [18460/5134 (95%)]	Loss: 0.302379
Make prediction for 5134 samples...
Make prediction for 813 samples...
Make prediction for 690 samples...
EarlyStopping counter: 29 out of 30
Epoch: 083, Train Loss: 0.7109, Metric: r2, Train: 0.7125, Val: 0.3362, best Val: 0.5127, Test: 0.2738
Training on 5134 samples...
Train epoch: 85 [0/5134 (0%)]	Loss: 0.678699
Train epoch: 85 [18420/5134 (95%)]	Loss: 0.391568
Make prediction for 5134 samples...
Make prediction for 813 samples...
Make prediction for 690 samples...
EarlyStopping counter: 30 out of 30
Epoch: 084, Train Loss: 0.6923, Metric: r2, Train: 0.7197, Val: 0.4025, best Val: 0.5127, Test: 0.4313
out of patience!
******PAMPA1_Perimeter_2034, 4th_time_result******
train_result: 0.6349
val_result: 0.5127
test_result: 0.3631
Current seed: 2064
Pre-processed data found: data/processed/PAMPA1_Perimeter_2034/PAMPA1_Perimeter_2034_train.pt, loading ...
Pre-processed data found: data/processed/PAMPA1_Perimeter_2034/PAMPA1_Perimeter_2034_valid.pt, loading ...
Pre-processed data found: data/processed/PAMPA1_Perimeter_2034/PAMPA1_Perimeter_2034_test.pt, loading ...
trainset mean:-5.639999866485596 std:0.9600000381469727
Training on 5134 samples...
Train epoch: 1 [0/5134 (0%)]	Loss: 1.370691
Train epoch: 1 [21260/5134 (95%)]	Loss: 1.068710
Make prediction for 5134 samples...
Make prediction for 813 samples...
Make prediction for 690 samples...
Make prediction for 690 samples...
Epoch: 000, Train Loss: 1.3612, Metric: r2, Train: -0.0047, Val: -0.0560, best Val: -0.0560, Test: 0.0011
Training on 5134 samples...
Train epoch: 2 [0/5134 (0%)]	Loss: 1.322961
Train epoch: 2 [17020/5134 (95%)]	Loss: 1.341432
Make prediction for 5134 samples...
Make prediction for 813 samples...
Make prediction for 690 samples...
Make prediction for 690 samples...
Epoch: 001, Train Loss: 1.3287, Metric: r2, Train: -0.0005, Val: -0.0060, best Val: -0.0060, Test: -0.0883
Training on 5134 samples...
Train epoch: 3 [0/5134 (0%)]	Loss: 1.376330
Train epoch: 3 [17660/5134 (95%)]	Loss: 0.777897
Make prediction for 5134 samples...
Make prediction for 813 samples...
Make prediction for 690 samples...
EarlyStopping counter: 1 out of 30
Epoch: 002, Train Loss: 1.2832, Metric: r2, Train: 0.1352, Val: -0.0127, best Val: -0.0060, Test: 0.0107
Training on 5134 samples...
Train epoch: 4 [0/5134 (0%)]	Loss: 1.162429
Train epoch: 4 [19040/5134 (95%)]	Loss: 1.247208
Make prediction for 5134 samples...
Make prediction for 813 samples...
Make prediction for 690 samples...
Make prediction for 690 samples...
Epoch: 003, Train Loss: 1.2258, Metric: r2, Train: 0.1694, Val: 0.0676, best Val: 0.0676, Test: 0.0685
Training on 5134 samples...
Train epoch: 5 [0/5134 (0%)]	Loss: 1.259868
Train epoch: 5 [20180/5134 (95%)]	Loss: 0.918509
Make prediction for 5134 samples...
Make prediction for 813 samples...
Make prediction for 690 samples...
Make prediction for 690 samples...
Epoch: 004, Train Loss: 1.2069, Metric: r2, Train: 0.1078, Val: 0.0757, best Val: 0.0757, Test: 0.1751
Training on 5134 samples...
Train epoch: 6 [0/5134 (0%)]	Loss: 1.350263
Train epoch: 6 [18220/5134 (95%)]	Loss: 0.746326
Make prediction for 5134 samples...
Make prediction for 813 samples...
Make prediction for 690 samples...
Make prediction for 690 samples...
Epoch: 005, Train Loss: 1.1819, Metric: r2, Train: 0.1555, Val: 0.1108, best Val: 0.1108, Test: 0.2185
Training on 5134 samples...
Train epoch: 7 [0/5134 (0%)]	Loss: 1.234859
Train epoch: 7 [17780/5134 (95%)]	Loss: 0.636334
Make prediction for 5134 samples...
Make prediction for 813 samples...
Make prediction for 690 samples...
Make prediction for 690 samples...
Epoch: 006, Train Loss: 1.1772, Metric: r2, Train: 0.2784, Val: 0.1713, best Val: 0.1713, Test: 0.2452
Training on 5134 samples...
Train epoch: 8 [0/5134 (0%)]	Loss: 1.191515
Train epoch: 8 [17780/5134 (95%)]	Loss: 0.666508
Make prediction for 5134 samples...
Make prediction for 813 samples...
Make prediction for 690 samples...
EarlyStopping counter: 1 out of 30
Epoch: 007, Train Loss: 1.1504, Metric: r2, Train: 0.2175, Val: 0.1253, best Val: 0.1713, Test: 0.2688
Training on 5134 samples...
Train epoch: 9 [0/5134 (0%)]	Loss: 1.124024
Train epoch: 9 [20440/5134 (95%)]	Loss: 1.093862
Make prediction for 5134 samples...
Make prediction for 813 samples...
Make prediction for 690 samples...
EarlyStopping counter: 2 out of 30
Epoch: 008, Train Loss: 1.1479, Metric: r2, Train: 0.2214, Val: -0.0870, best Val: 0.1713, Test: -0.0978
Training on 5134 samples...
Train epoch: 10 [0/5134 (0%)]	Loss: 1.157783
Train epoch: 10 [16080/5134 (95%)]	Loss: 0.799520
Make prediction for 5134 samples...
Make prediction for 813 samples...
Make prediction for 690 samples...
EarlyStopping counter: 3 out of 30
Epoch: 009, Train Loss: 1.1321, Metric: r2, Train: 0.3169, Val: 0.1287, best Val: 0.1713, Test: 0.0839
Training on 5134 samples...
Train epoch: 11 [0/5134 (0%)]	Loss: 1.206617
Train epoch: 11 [18040/5134 (95%)]	Loss: 0.872527
Make prediction for 5134 samples...
Make prediction for 813 samples...
Make prediction for 690 samples...
EarlyStopping counter: 4 out of 30
Epoch: 010, Train Loss: 1.1109, Metric: r2, Train: 0.1143, Val: 0.0942, best Val: 0.1713, Test: 0.1819
Training on 5134 samples...
Train epoch: 12 [0/5134 (0%)]	Loss: 1.201678
Train epoch: 12 [17120/5134 (95%)]	Loss: 0.552396
Make prediction for 5134 samples...
Make prediction for 813 samples...
Make prediction for 690 samples...
EarlyStopping counter: 5 out of 30
Epoch: 011, Train Loss: 1.1538, Metric: r2, Train: 0.3264, Val: 0.1699, best Val: 0.1713, Test: 0.0889
Training on 5134 samples...
Train epoch: 13 [0/5134 (0%)]	Loss: 1.204664
Train epoch: 13 [14840/5134 (95%)]	Loss: 0.637198
Make prediction for 5134 samples...
Make prediction for 813 samples...
Make prediction for 690 samples...
EarlyStopping counter: 6 out of 30
Epoch: 012, Train Loss: 1.1012, Metric: r2, Train: 0.3262, Val: 0.0700, best Val: 0.1713, Test: 0.0877
Training on 5134 samples...
Train epoch: 14 [0/5134 (0%)]	Loss: 1.087359
Train epoch: 14 [18400/5134 (95%)]	Loss: 0.659083
Make prediction for 5134 samples...
Make prediction for 813 samples...
Make prediction for 690 samples...
EarlyStopping counter: 7 out of 30
Epoch: 013, Train Loss: 1.0884, Metric: r2, Train: 0.2274, Val: 0.0787, best Val: 0.1713, Test: 0.1207
Training on 5134 samples...
Train epoch: 15 [0/5134 (0%)]	Loss: 1.077968
Train epoch: 15 [17220/5134 (95%)]	Loss: 1.104115
Make prediction for 5134 samples...
Make prediction for 813 samples...
Make prediction for 690 samples...
Make prediction for 690 samples...
Epoch: 014, Train Loss: 1.1111, Metric: r2, Train: 0.3617, Val: 0.1879, best Val: 0.1879, Test: 0.1692
Training on 5134 samples...
Train epoch: 16 [0/5134 (0%)]	Loss: 1.009188
Train epoch: 16 [19100/5134 (95%)]	Loss: 0.497750
Make prediction for 5134 samples...
Make prediction for 813 samples...
Make prediction for 690 samples...
Make prediction for 690 samples...
Epoch: 015, Train Loss: 1.0769, Metric: r2, Train: 0.3609, Val: 0.2005, best Val: 0.2005, Test: 0.1623
Training on 5134 samples...
Train epoch: 17 [0/5134 (0%)]	Loss: 1.119081
Train epoch: 17 [20300/5134 (95%)]	Loss: 0.612036
Make prediction for 5134 samples...
Make prediction for 813 samples...
Make prediction for 690 samples...
Make prediction for 690 samples...
Epoch: 016, Train Loss: 1.0727, Metric: r2, Train: 0.4206, Val: 0.3794, best Val: 0.3794, Test: 0.2672
Training on 5134 samples...
Train epoch: 18 [0/5134 (0%)]	Loss: 0.990199
Train epoch: 18 [19100/5134 (95%)]	Loss: 0.729251
Make prediction for 5134 samples...
Make prediction for 813 samples...
Make prediction for 690 samples...
EarlyStopping counter: 1 out of 30
Epoch: 017, Train Loss: 1.0376, Metric: r2, Train: 0.4487, Val: 0.3524, best Val: 0.3794, Test: 0.2589
Training on 5134 samples...
Train epoch: 19 [0/5134 (0%)]	Loss: 1.023724
Train epoch: 19 [19380/5134 (95%)]	Loss: 0.782237
Make prediction for 5134 samples...
Make prediction for 813 samples...
Make prediction for 690 samples...
EarlyStopping counter: 2 out of 30
Epoch: 018, Train Loss: 1.0284, Metric: r2, Train: 0.3955, Val: 0.0403, best Val: 0.3794, Test: 0.0397
Training on 5134 samples...
Train epoch: 20 [0/5134 (0%)]	Loss: 1.075548
Train epoch: 20 [18560/5134 (95%)]	Loss: 0.985648
Make prediction for 5134 samples...
Make prediction for 813 samples...
Make prediction for 690 samples...
EarlyStopping counter: 3 out of 30
Epoch: 019, Train Loss: 1.0663, Metric: r2, Train: 0.3787, Val: 0.0849, best Val: 0.3794, Test: 0.0285
Training on 5134 samples...
Train epoch: 21 [0/5134 (0%)]	Loss: 1.088672
Train epoch: 21 [17500/5134 (95%)]	Loss: 0.585563
Make prediction for 5134 samples...
Make prediction for 813 samples...
Make prediction for 690 samples...
EarlyStopping counter: 4 out of 30
Epoch: 020, Train Loss: 1.0447, Metric: r2, Train: 0.4254, Val: 0.2199, best Val: 0.3794, Test: 0.1842
Training on 5134 samples...
Train epoch: 22 [0/5134 (0%)]	Loss: 1.083902
Train epoch: 22 [18420/5134 (95%)]	Loss: 0.772905
Make prediction for 5134 samples...
Make prediction for 813 samples...
Make prediction for 690 samples...
EarlyStopping counter: 5 out of 30
Epoch: 021, Train Loss: 1.0314, Metric: r2, Train: 0.4549, Val: 0.2492, best Val: 0.3794, Test: 0.1915
Training on 5134 samples...
Train epoch: 23 [0/5134 (0%)]	Loss: 1.035266
Train epoch: 23 [18220/5134 (95%)]	Loss: 0.719646
Make prediction for 5134 samples...
Make prediction for 813 samples...
Make prediction for 690 samples...
EarlyStopping counter: 6 out of 30
Epoch: 022, Train Loss: 1.0116, Metric: r2, Train: 0.4832, Val: 0.3398, best Val: 0.3794, Test: 0.2035
Training on 5134 samples...
Train epoch: 24 [0/5134 (0%)]	Loss: 0.936889
Train epoch: 24 [18020/5134 (95%)]	Loss: 0.520602
Make prediction for 5134 samples...
Make prediction for 813 samples...
Make prediction for 690 samples...
EarlyStopping counter: 7 out of 30
Epoch: 023, Train Loss: 1.0149, Metric: r2, Train: 0.4696, Val: 0.2200, best Val: 0.3794, Test: 0.1221
Training on 5134 samples...
Train epoch: 25 [0/5134 (0%)]	Loss: 1.136611
Train epoch: 25 [20060/5134 (95%)]	Loss: 0.542563
Make prediction for 5134 samples...
Make prediction for 813 samples...
Make prediction for 690 samples...
Make prediction for 690 samples...
Epoch: 024, Train Loss: 1.0052, Metric: r2, Train: 0.4994, Val: 0.4052, best Val: 0.4052, Test: 0.2660
Training on 5134 samples...
Train epoch: 26 [0/5134 (0%)]	Loss: 1.014238
Train epoch: 26 [16760/5134 (95%)]	Loss: 0.616779
Make prediction for 5134 samples...
Make prediction for 813 samples...
Make prediction for 690 samples...
EarlyStopping counter: 1 out of 30
Epoch: 025, Train Loss: 0.9826, Metric: r2, Train: 0.4669, Val: 0.0960, best Val: 0.4052, Test: 0.0693
Training on 5134 samples...
Train epoch: 27 [0/5134 (0%)]	Loss: 1.034237
Train epoch: 27 [19920/5134 (95%)]	Loss: 0.762264
Make prediction for 5134 samples...
Make prediction for 813 samples...
Make prediction for 690 samples...
EarlyStopping counter: 2 out of 30
Epoch: 026, Train Loss: 0.9859, Metric: r2, Train: 0.4809, Val: 0.3160, best Val: 0.4052, Test: 0.2265
Training on 5134 samples...
Train epoch: 28 [0/5134 (0%)]	Loss: 0.949572
Train epoch: 28 [17820/5134 (95%)]	Loss: 0.861951
Make prediction for 5134 samples...
Make prediction for 813 samples...
Make prediction for 690 samples...
EarlyStopping counter: 3 out of 30
Epoch: 027, Train Loss: 0.9897, Metric: r2, Train: 0.3962, Val: 0.0115, best Val: 0.4052, Test: 0.0290
Training on 5134 samples...
Train epoch: 29 [0/5134 (0%)]	Loss: 1.046905
Train epoch: 29 [19620/5134 (95%)]	Loss: 0.540167
Make prediction for 5134 samples...
Make prediction for 813 samples...
Make prediction for 690 samples...
EarlyStopping counter: 4 out of 30
Epoch: 028, Train Loss: 1.0760, Metric: r2, Train: 0.4338, Val: 0.4044, best Val: 0.4052, Test: 0.2931
Training on 5134 samples...
Train epoch: 30 [0/5134 (0%)]	Loss: 1.010278
Train epoch: 30 [18220/5134 (95%)]	Loss: 0.551625
Make prediction for 5134 samples...
Make prediction for 813 samples...
Make prediction for 690 samples...
EarlyStopping counter: 5 out of 30
Epoch: 029, Train Loss: 1.0040, Metric: r2, Train: 0.3889, Val: 0.1340, best Val: 0.4052, Test: 0.1223
Training on 5134 samples...
Train epoch: 31 [0/5134 (0%)]	Loss: 1.081837
Train epoch: 31 [20160/5134 (95%)]	Loss: 0.591361
Make prediction for 5134 samples...
Make prediction for 813 samples...
Make prediction for 690 samples...
EarlyStopping counter: 6 out of 30
Epoch: 030, Train Loss: 1.0238, Metric: r2, Train: 0.4931, Val: 0.2937, best Val: 0.4052, Test: 0.1910
Training on 5134 samples...
Train epoch: 32 [0/5134 (0%)]	Loss: 0.957365
Train epoch: 32 [16820/5134 (95%)]	Loss: 0.507604
Make prediction for 5134 samples...
Make prediction for 813 samples...
Make prediction for 690 samples...
EarlyStopping counter: 7 out of 30
Epoch: 031, Train Loss: 0.9891, Metric: r2, Train: 0.5164, Val: 0.3568, best Val: 0.4052, Test: 0.2438
Training on 5134 samples...
Train epoch: 33 [0/5134 (0%)]	Loss: 0.925351
Train epoch: 33 [18920/5134 (95%)]	Loss: 0.811719
Make prediction for 5134 samples...
Make prediction for 813 samples...
Make prediction for 690 samples...
EarlyStopping counter: 8 out of 30
Epoch: 032, Train Loss: 0.9702, Metric: r2, Train: 0.5030, Val: 0.3351, best Val: 0.4052, Test: 0.2207
Training on 5134 samples...
Train epoch: 34 [0/5134 (0%)]	Loss: 0.992883
Train epoch: 34 [18180/5134 (95%)]	Loss: 0.583961
Make prediction for 5134 samples...
Make prediction for 813 samples...
Make prediction for 690 samples...
EarlyStopping counter: 9 out of 30
Epoch: 033, Train Loss: 0.9918, Metric: r2, Train: 0.4926, Val: 0.2001, best Val: 0.4052, Test: 0.1279
Training on 5134 samples...
Train epoch: 35 [0/5134 (0%)]	Loss: 0.999810
Train epoch: 35 [16800/5134 (95%)]	Loss: 0.736911
Make prediction for 5134 samples...
Make prediction for 813 samples...
Make prediction for 690 samples...
EarlyStopping counter: 10 out of 30
Epoch: 034, Train Loss: 0.9723, Metric: r2, Train: 0.5259, Val: 0.1799, best Val: 0.4052, Test: 0.1083
Training on 5134 samples...
Train epoch: 36 [0/5134 (0%)]	Loss: 0.937465
Train epoch: 36 [15880/5134 (95%)]	Loss: 0.628127
Make prediction for 5134 samples...
Make prediction for 813 samples...
Make prediction for 690 samples...
Make prediction for 690 samples...
Epoch: 035, Train Loss: 0.9678, Metric: r2, Train: 0.4569, Val: 0.4060, best Val: 0.4060, Test: 0.1242
Training on 5134 samples...
Train epoch: 37 [0/5134 (0%)]	Loss: 0.977134
Train epoch: 37 [18240/5134 (95%)]	Loss: 0.582617
Make prediction for 5134 samples...
Make prediction for 813 samples...
Make prediction for 690 samples...
Make prediction for 690 samples...
Epoch: 036, Train Loss: 0.9912, Metric: r2, Train: 0.5289, Val: 0.4102, best Val: 0.4102, Test: 0.2165
Training on 5134 samples...
Train epoch: 38 [0/5134 (0%)]	Loss: 0.995798
Train epoch: 38 [18640/5134 (95%)]	Loss: 0.604995
Make prediction for 5134 samples...
Make prediction for 813 samples...
Make prediction for 690 samples...
EarlyStopping counter: 1 out of 30
Epoch: 037, Train Loss: 0.9623, Metric: r2, Train: 0.4481, Val: 0.3758, best Val: 0.4102, Test: -0.0066
Training on 5134 samples...
Train epoch: 39 [0/5134 (0%)]	Loss: 1.018740
Train epoch: 39 [19280/5134 (95%)]	Loss: 0.391603
Make prediction for 5134 samples...
Make prediction for 813 samples...
Make prediction for 690 samples...
EarlyStopping counter: 2 out of 30
Epoch: 038, Train Loss: 0.9654, Metric: r2, Train: 0.5418, Val: 0.3971, best Val: 0.4102, Test: 0.2707
Training on 5134 samples...
Train epoch: 40 [0/5134 (0%)]	Loss: 0.952984
Train epoch: 40 [18400/5134 (95%)]	Loss: 0.436363
Make prediction for 5134 samples...
Make prediction for 813 samples...
Make prediction for 690 samples...
EarlyStopping counter: 3 out of 30
Epoch: 039, Train Loss: 0.9397, Metric: r2, Train: 0.5495, Val: 0.3070, best Val: 0.4102, Test: 0.2399
Training on 5134 samples...
Train epoch: 41 [0/5134 (0%)]	Loss: 1.002712
Train epoch: 41 [19800/5134 (95%)]	Loss: 0.501346
Make prediction for 5134 samples...
Make prediction for 813 samples...
Make prediction for 690 samples...
Make prediction for 690 samples...
Epoch: 040, Train Loss: 0.9381, Metric: r2, Train: 0.5728, Val: 0.4107, best Val: 0.4107, Test: 0.2614
Training on 5134 samples...
Train epoch: 42 [0/5134 (0%)]	Loss: 0.972944
Train epoch: 42 [17560/5134 (95%)]	Loss: 0.447867
Make prediction for 5134 samples...
Make prediction for 813 samples...
Make prediction for 690 samples...
Make prediction for 690 samples...
Epoch: 041, Train Loss: 0.9404, Metric: r2, Train: 0.5685, Val: 0.4443, best Val: 0.4443, Test: 0.2484
Training on 5134 samples...
Train epoch: 43 [0/5134 (0%)]	Loss: 0.915979
Train epoch: 43 [20400/5134 (95%)]	Loss: 0.483277
Make prediction for 5134 samples...
Make prediction for 813 samples...
Make prediction for 690 samples...
EarlyStopping counter: 1 out of 30
Epoch: 042, Train Loss: 0.9251, Metric: r2, Train: 0.5321, Val: 0.1858, best Val: 0.4443, Test: 0.1203
Training on 5134 samples...
Train epoch: 44 [0/5134 (0%)]	Loss: 0.955999
Train epoch: 44 [19820/5134 (95%)]	Loss: 0.976953
Make prediction for 5134 samples...
Make prediction for 813 samples...
Make prediction for 690 samples...
EarlyStopping counter: 2 out of 30
Epoch: 043, Train Loss: 0.9276, Metric: r2, Train: 0.5601, Val: 0.3965, best Val: 0.4443, Test: 0.1675
Training on 5134 samples...
Train epoch: 45 [0/5134 (0%)]	Loss: 0.897090
Train epoch: 45 [16300/5134 (95%)]	Loss: 0.649738
Make prediction for 5134 samples...
Make prediction for 813 samples...
Make prediction for 690 samples...
EarlyStopping counter: 3 out of 30
Epoch: 044, Train Loss: 0.9478, Metric: r2, Train: 0.4476, Val: 0.3591, best Val: 0.4443, Test: 0.0538
Training on 5134 samples...
Train epoch: 46 [0/5134 (0%)]	Loss: 1.067598
Train epoch: 46 [17520/5134 (95%)]	Loss: 0.761953
Make prediction for 5134 samples...
Make prediction for 813 samples...
Make prediction for 690 samples...
EarlyStopping counter: 4 out of 30
Epoch: 045, Train Loss: 0.9572, Metric: r2, Train: 0.5308, Val: 0.2299, best Val: 0.4443, Test: 0.1993
Training on 5134 samples...
Train epoch: 47 [0/5134 (0%)]	Loss: 0.990828
Train epoch: 47 [17080/5134 (95%)]	Loss: 1.036356
Make prediction for 5134 samples...
Make prediction for 813 samples...
Make prediction for 690 samples...
EarlyStopping counter: 5 out of 30
Epoch: 046, Train Loss: 0.9760, Metric: r2, Train: 0.5441, Val: 0.3596, best Val: 0.4443, Test: 0.2464
Training on 5134 samples...
Train epoch: 48 [0/5134 (0%)]	Loss: 0.842558
Train epoch: 48 [17840/5134 (95%)]	Loss: 0.458867
Make prediction for 5134 samples...
Make prediction for 813 samples...
Make prediction for 690 samples...
EarlyStopping counter: 6 out of 30
Epoch: 047, Train Loss: 0.9510, Metric: r2, Train: 0.5585, Val: 0.2348, best Val: 0.4443, Test: 0.1823
Training on 5134 samples...
Train epoch: 49 [0/5134 (0%)]	Loss: 0.979114
Train epoch: 49 [18220/5134 (95%)]	Loss: 0.481402
Make prediction for 5134 samples...
Make prediction for 813 samples...
Make prediction for 690 samples...
EarlyStopping counter: 7 out of 30
Epoch: 048, Train Loss: 0.9260, Metric: r2, Train: 0.5833, Val: 0.3987, best Val: 0.4443, Test: 0.2222
Training on 5134 samples...
Train epoch: 50 [0/5134 (0%)]	Loss: 0.863087
Train epoch: 50 [18300/5134 (95%)]	Loss: 0.617793
Make prediction for 5134 samples...
Make prediction for 813 samples...
Make prediction for 690 samples...
EarlyStopping counter: 8 out of 30
Epoch: 049, Train Loss: 0.9119, Metric: r2, Train: 0.5748, Val: 0.2188, best Val: 0.4443, Test: 0.2215
Training on 5134 samples...
Train epoch: 51 [0/5134 (0%)]	Loss: 0.929329
Train epoch: 51 [15680/5134 (95%)]	Loss: 0.727456
Make prediction for 5134 samples...
Make prediction for 813 samples...
Make prediction for 690 samples...
Make prediction for 690 samples...
Epoch: 050, Train Loss: 0.9221, Metric: r2, Train: 0.6074, Val: 0.4719, best Val: 0.4719, Test: 0.2594
Training on 5134 samples...
Train epoch: 52 [0/5134 (0%)]	Loss: 0.848894
Train epoch: 52 [18420/5134 (95%)]	Loss: 0.741440
Make prediction for 5134 samples...
Make prediction for 813 samples...
Make prediction for 690 samples...
EarlyStopping counter: 1 out of 30
Epoch: 051, Train Loss: 0.9020, Metric: r2, Train: 0.5159, Val: 0.0586, best Val: 0.4719, Test: 0.1258
Training on 5134 samples...
Train epoch: 53 [0/5134 (0%)]	Loss: 1.074203
Train epoch: 53 [18280/5134 (95%)]	Loss: 0.564884
Make prediction for 5134 samples...
Make prediction for 813 samples...
Make prediction for 690 samples...
Make prediction for 690 samples...
Epoch: 052, Train Loss: 0.9356, Metric: r2, Train: 0.5935, Val: 0.4899, best Val: 0.4899, Test: 0.3251
Training on 5134 samples...
Train epoch: 54 [0/5134 (0%)]	Loss: 0.943708
Train epoch: 54 [19020/5134 (95%)]	Loss: 0.485586
Make prediction for 5134 samples...
Make prediction for 813 samples...
Make prediction for 690 samples...
EarlyStopping counter: 1 out of 30
Epoch: 053, Train Loss: 0.8996, Metric: r2, Train: 0.6141, Val: 0.4654, best Val: 0.4899, Test: 0.2935
Training on 5134 samples...
Train epoch: 55 [0/5134 (0%)]	Loss: 0.904140
Train epoch: 55 [18900/5134 (95%)]	Loss: 0.549403
Make prediction for 5134 samples...
Make prediction for 813 samples...
Make prediction for 690 samples...
EarlyStopping counter: 2 out of 30
Epoch: 054, Train Loss: 0.8954, Metric: r2, Train: 0.6333, Val: 0.3696, best Val: 0.4899, Test: 0.2295
Training on 5134 samples...
Train epoch: 56 [0/5134 (0%)]	Loss: 0.841610
Train epoch: 56 [16100/5134 (95%)]	Loss: 0.487841
Make prediction for 5134 samples...
Make prediction for 813 samples...
Make prediction for 690 samples...
EarlyStopping counter: 3 out of 30
Epoch: 055, Train Loss: 0.8841, Metric: r2, Train: 0.6268, Val: 0.3870, best Val: 0.4899, Test: 0.3309
Training on 5134 samples...
Train epoch: 57 [0/5134 (0%)]	Loss: 0.880088
Train epoch: 57 [17740/5134 (95%)]	Loss: 0.507133
Make prediction for 5134 samples...
Make prediction for 813 samples...
Make prediction for 690 samples...
EarlyStopping counter: 4 out of 30
Epoch: 056, Train Loss: 0.8834, Metric: r2, Train: 0.6294, Val: 0.4853, best Val: 0.4899, Test: 0.3199
Training on 5134 samples...
Train epoch: 58 [0/5134 (0%)]	Loss: 0.915366
Train epoch: 58 [19840/5134 (95%)]	Loss: 0.515592
Make prediction for 5134 samples...
Make prediction for 813 samples...
Make prediction for 690 samples...
EarlyStopping counter: 5 out of 30
Epoch: 057, Train Loss: 0.8988, Metric: r2, Train: 0.6277, Val: 0.3513, best Val: 0.4899, Test: 0.3231
Training on 5134 samples...
Train epoch: 59 [0/5134 (0%)]	Loss: 0.880239
Train epoch: 59 [17760/5134 (95%)]	Loss: 0.401891
Make prediction for 5134 samples...
Make prediction for 813 samples...
Make prediction for 690 samples...
EarlyStopping counter: 6 out of 30
Epoch: 058, Train Loss: 0.8856, Metric: r2, Train: 0.6281, Val: 0.1890, best Val: 0.4899, Test: 0.1906
Training on 5134 samples...
Train epoch: 60 [0/5134 (0%)]	Loss: 0.935021
Train epoch: 60 [18240/5134 (95%)]	Loss: 0.537203
Make prediction for 5134 samples...
Make prediction for 813 samples...
Make prediction for 690 samples...
EarlyStopping counter: 7 out of 30
Epoch: 059, Train Loss: 0.8706, Metric: r2, Train: 0.5933, Val: 0.2854, best Val: 0.4899, Test: 0.1710
Training on 5134 samples...
Train epoch: 61 [0/5134 (0%)]	Loss: 0.883023
Train epoch: 61 [17260/5134 (95%)]	Loss: 0.478130
Make prediction for 5134 samples...
Make prediction for 813 samples...
Make prediction for 690 samples...
EarlyStopping counter: 8 out of 30
Epoch: 060, Train Loss: 0.9010, Metric: r2, Train: 0.6219, Val: 0.3409, best Val: 0.4899, Test: 0.2924
Training on 5134 samples...
Train epoch: 62 [0/5134 (0%)]	Loss: 0.915560
Train epoch: 62 [17580/5134 (95%)]	Loss: 0.621240
Make prediction for 5134 samples...
Make prediction for 813 samples...
Make prediction for 690 samples...
EarlyStopping counter: 9 out of 30
Epoch: 061, Train Loss: 0.8773, Metric: r2, Train: 0.6306, Val: 0.3523, best Val: 0.4899, Test: 0.2203
Training on 5134 samples...
Train epoch: 63 [0/5134 (0%)]	Loss: 0.871006
Train epoch: 63 [18960/5134 (95%)]	Loss: 0.682431
Make prediction for 5134 samples...
Make prediction for 813 samples...
Make prediction for 690 samples...
EarlyStopping counter: 10 out of 30
Epoch: 062, Train Loss: 0.9004, Metric: r2, Train: 0.5226, Val: 0.3621, best Val: 0.4899, Test: 0.1731
Training on 5134 samples...
Train epoch: 64 [0/5134 (0%)]	Loss: 0.975543
Train epoch: 64 [17500/5134 (95%)]	Loss: 0.578350
Make prediction for 5134 samples...
Make prediction for 813 samples...
Make prediction for 690 samples...
EarlyStopping counter: 11 out of 30
Epoch: 063, Train Loss: 0.8980, Metric: r2, Train: 0.6491, Val: 0.3445, best Val: 0.4899, Test: 0.2222
Training on 5134 samples...
Train epoch: 65 [0/5134 (0%)]	Loss: 0.833467
Train epoch: 65 [18560/5134 (95%)]	Loss: 0.443874
Make prediction for 5134 samples...
Make prediction for 813 samples...
Make prediction for 690 samples...
EarlyStopping counter: 12 out of 30
Epoch: 064, Train Loss: 0.8670, Metric: r2, Train: 0.6406, Val: 0.4792, best Val: 0.4899, Test: 0.3622
Training on 5134 samples...
Train epoch: 66 [0/5134 (0%)]	Loss: 0.870878
Train epoch: 66 [17700/5134 (95%)]	Loss: 0.485528
Make prediction for 5134 samples...
Make prediction for 813 samples...
Make prediction for 690 samples...
EarlyStopping counter: 13 out of 30
Epoch: 065, Train Loss: 0.8688, Metric: r2, Train: 0.6616, Val: 0.4418, best Val: 0.4899, Test: 0.3751
Training on 5134 samples...
Train epoch: 67 [0/5134 (0%)]	Loss: 0.829147
Train epoch: 67 [18160/5134 (95%)]	Loss: 0.567281
Make prediction for 5134 samples...
Make prediction for 813 samples...
Make prediction for 690 samples...
EarlyStopping counter: 14 out of 30
Epoch: 066, Train Loss: 0.8576, Metric: r2, Train: 0.6345, Val: 0.4398, best Val: 0.4899, Test: 0.3431
Training on 5134 samples...
Train epoch: 68 [0/5134 (0%)]	Loss: 0.899333
Train epoch: 68 [17500/5134 (95%)]	Loss: 0.671768
Make prediction for 5134 samples...
Make prediction for 813 samples...
Make prediction for 690 samples...
EarlyStopping counter: 15 out of 30
Epoch: 067, Train Loss: 0.8907, Metric: r2, Train: 0.6005, Val: 0.2649, best Val: 0.4899, Test: 0.2406
Training on 5134 samples...
Train epoch: 69 [0/5134 (0%)]	Loss: 0.957177
Train epoch: 69 [18260/5134 (95%)]	Loss: 0.630116
Make prediction for 5134 samples...
Make prediction for 813 samples...
Make prediction for 690 samples...
EarlyStopping counter: 16 out of 30
Epoch: 068, Train Loss: 0.8994, Metric: r2, Train: 0.5894, Val: 0.1224, best Val: 0.4899, Test: 0.2028
Training on 5134 samples...
Train epoch: 70 [0/5134 (0%)]	Loss: 0.904955
Train epoch: 70 [17940/5134 (95%)]	Loss: 0.749873
Make prediction for 5134 samples...
Make prediction for 813 samples...
Make prediction for 690 samples...
EarlyStopping counter: 17 out of 30
Epoch: 069, Train Loss: 0.8806, Metric: r2, Train: 0.6594, Val: 0.3580, best Val: 0.4899, Test: 0.3559
Training on 5134 samples...
Train epoch: 71 [0/5134 (0%)]	Loss: 0.825625
Train epoch: 71 [18920/5134 (95%)]	Loss: 0.515186
Make prediction for 5134 samples...
Make prediction for 813 samples...
Make prediction for 690 samples...
EarlyStopping counter: 18 out of 30
Epoch: 070, Train Loss: 0.8537, Metric: r2, Train: 0.5747, Val: 0.3512, best Val: 0.4899, Test: 0.1774
Training on 5134 samples...
Train epoch: 72 [0/5134 (0%)]	Loss: 0.905674
Train epoch: 72 [19220/5134 (95%)]	Loss: 0.458711
Make prediction for 5134 samples...
Make prediction for 813 samples...
Make prediction for 690 samples...
EarlyStopping counter: 19 out of 30
Epoch: 071, Train Loss: 0.8666, Metric: r2, Train: 0.6288, Val: 0.2982, best Val: 0.4899, Test: 0.2598
Training on 5134 samples...
Train epoch: 73 [0/5134 (0%)]	Loss: 0.914996
Train epoch: 73 [18560/5134 (95%)]	Loss: 0.476383
Make prediction for 5134 samples...
Make prediction for 813 samples...
Make prediction for 690 samples...
EarlyStopping counter: 20 out of 30
Epoch: 072, Train Loss: 0.8634, Metric: r2, Train: 0.6080, Val: 0.2510, best Val: 0.4899, Test: 0.2551
Training on 5134 samples...
Train epoch: 74 [0/5134 (0%)]	Loss: 0.849412
Train epoch: 74 [17400/5134 (95%)]	Loss: 0.352481
Make prediction for 5134 samples...
Make prediction for 813 samples...
Make prediction for 690 samples...
EarlyStopping counter: 21 out of 30
Epoch: 073, Train Loss: 0.8602, Metric: r2, Train: 0.6664, Val: 0.3510, best Val: 0.4899, Test: 0.3437
Training on 5134 samples...
Train epoch: 75 [0/5134 (0%)]	Loss: 0.831576
Train epoch: 75 [17180/5134 (95%)]	Loss: 0.415754
Make prediction for 5134 samples...
Make prediction for 813 samples...
Make prediction for 690 samples...
EarlyStopping counter: 22 out of 30
Epoch: 074, Train Loss: 0.8184, Metric: r2, Train: 0.6841, Val: 0.4715, best Val: 0.4899, Test: 0.4022
Training on 5134 samples...
Train epoch: 76 [0/5134 (0%)]	Loss: 0.856992
Train epoch: 76 [18060/5134 (95%)]	Loss: 0.534802
Make prediction for 5134 samples...
Make prediction for 813 samples...
Make prediction for 690 samples...
EarlyStopping counter: 23 out of 30
Epoch: 075, Train Loss: 0.8382, Metric: r2, Train: 0.6776, Val: 0.4284, best Val: 0.4899, Test: 0.3692
Training on 5134 samples...
Train epoch: 77 [0/5134 (0%)]	Loss: 0.802359
Train epoch: 77 [18160/5134 (95%)]	Loss: 0.595816
Make prediction for 5134 samples...
Make prediction for 813 samples...
Make prediction for 690 samples...
EarlyStopping counter: 24 out of 30
Epoch: 076, Train Loss: 0.8239, Metric: r2, Train: 0.6295, Val: 0.4562, best Val: 0.4899, Test: 0.2877
Training on 5134 samples...
Train epoch: 78 [0/5134 (0%)]	Loss: 0.857624
Train epoch: 78 [15880/5134 (95%)]	Loss: 0.516037
Make prediction for 5134 samples...
Make prediction for 813 samples...
Make prediction for 690 samples...
EarlyStopping counter: 25 out of 30
Epoch: 077, Train Loss: 0.8201, Metric: r2, Train: 0.6752, Val: 0.4115, best Val: 0.4899, Test: 0.3852
Training on 5134 samples...
Train epoch: 79 [0/5134 (0%)]	Loss: 0.764173
Train epoch: 79 [19840/5134 (95%)]	Loss: 0.449756
Make prediction for 5134 samples...
Make prediction for 813 samples...
Make prediction for 690 samples...
Make prediction for 690 samples...
Epoch: 078, Train Loss: 0.7925, Metric: r2, Train: 0.6805, Val: 0.5059, best Val: 0.5059, Test: 0.4591
Training on 5134 samples...
Train epoch: 80 [0/5134 (0%)]	Loss: 0.750745
Train epoch: 80 [18180/5134 (95%)]	Loss: 0.424738
Make prediction for 5134 samples...
Make prediction for 813 samples...
Make prediction for 690 samples...
EarlyStopping counter: 1 out of 30
Epoch: 079, Train Loss: 0.7752, Metric: r2, Train: 0.6842, Val: 0.3827, best Val: 0.5059, Test: 0.3968
Training on 5134 samples...
Train epoch: 81 [0/5134 (0%)]	Loss: 0.817158
Train epoch: 81 [17340/5134 (95%)]	Loss: 0.396708
Make prediction for 5134 samples...
Make prediction for 813 samples...
Make prediction for 690 samples...
EarlyStopping counter: 2 out of 30
Epoch: 080, Train Loss: 0.7978, Metric: r2, Train: 0.6816, Val: 0.4697, best Val: 0.5059, Test: 0.4081
Training on 5134 samples...
Train epoch: 82 [0/5134 (0%)]	Loss: 0.823355
Train epoch: 82 [18840/5134 (95%)]	Loss: 0.406315
Make prediction for 5134 samples...
Make prediction for 813 samples...
Make prediction for 690 samples...
EarlyStopping counter: 3 out of 30
Epoch: 081, Train Loss: 0.7724, Metric: r2, Train: 0.6319, Val: 0.4346, best Val: 0.5059, Test: 0.3417
Training on 5134 samples...
Train epoch: 83 [0/5134 (0%)]	Loss: 0.792309
Train epoch: 83 [17960/5134 (95%)]	Loss: 0.647107
Make prediction for 5134 samples...
Make prediction for 813 samples...
Make prediction for 690 samples...
EarlyStopping counter: 4 out of 30
Epoch: 082, Train Loss: 0.7807, Metric: r2, Train: 0.6693, Val: 0.4398, best Val: 0.5059, Test: 0.3322
Training on 5134 samples...
Train epoch: 84 [0/5134 (0%)]	Loss: 0.855965
Train epoch: 84 [18820/5134 (95%)]	Loss: 0.611009
Make prediction for 5134 samples...
Make prediction for 813 samples...
Make prediction for 690 samples...
EarlyStopping counter: 5 out of 30
Epoch: 083, Train Loss: 0.7782, Metric: r2, Train: 0.6589, Val: 0.4023, best Val: 0.5059, Test: 0.3663
Training on 5134 samples...
Train epoch: 85 [0/5134 (0%)]	Loss: 0.761528
Train epoch: 85 [18320/5134 (95%)]	Loss: 0.411586
Make prediction for 5134 samples...
Make prediction for 813 samples...
Make prediction for 690 samples...
EarlyStopping counter: 6 out of 30
Epoch: 084, Train Loss: 0.7854, Metric: r2, Train: 0.6781, Val: 0.4579, best Val: 0.5059, Test: 0.4291
Training on 5134 samples...
Train epoch: 86 [0/5134 (0%)]	Loss: 0.814497
Train epoch: 86 [16860/5134 (95%)]	Loss: 0.391489
Make prediction for 5134 samples...
Make prediction for 813 samples...
Make prediction for 690 samples...
EarlyStopping counter: 7 out of 30
Epoch: 085, Train Loss: 0.7735, Metric: r2, Train: 0.6615, Val: 0.3516, best Val: 0.5059, Test: 0.4215
Training on 5134 samples...
Train epoch: 87 [0/5134 (0%)]	Loss: 0.768041
Train epoch: 87 [17800/5134 (95%)]	Loss: 0.448124
Make prediction for 5134 samples...
Make prediction for 813 samples...
Make prediction for 690 samples...
EarlyStopping counter: 8 out of 30
Epoch: 086, Train Loss: 0.7775, Metric: r2, Train: 0.6584, Val: 0.4639, best Val: 0.5059, Test: 0.4523
Training on 5134 samples...
Train epoch: 88 [0/5134 (0%)]	Loss: 0.760847
Train epoch: 88 [17120/5134 (95%)]	Loss: 0.477007
Make prediction for 5134 samples...
Make prediction for 813 samples...
Make prediction for 690 samples...
EarlyStopping counter: 9 out of 30
Epoch: 087, Train Loss: 0.7667, Metric: r2, Train: 0.6899, Val: 0.4443, best Val: 0.5059, Test: 0.4280
Training on 5134 samples...
Train epoch: 89 [0/5134 (0%)]	Loss: 0.754145
Train epoch: 89 [20480/5134 (95%)]	Loss: 0.580344
Make prediction for 5134 samples...
Make prediction for 813 samples...
Make prediction for 690 samples...
EarlyStopping counter: 10 out of 30
Epoch: 088, Train Loss: 0.7590, Metric: r2, Train: 0.6924, Val: 0.4784, best Val: 0.5059, Test: 0.4334
Training on 5134 samples...
Train epoch: 90 [0/5134 (0%)]	Loss: 0.782349
Train epoch: 90 [18660/5134 (95%)]	Loss: 0.610099
Make prediction for 5134 samples...
Make prediction for 813 samples...
Make prediction for 690 samples...
EarlyStopping counter: 11 out of 30
Epoch: 089, Train Loss: 0.7568, Metric: r2, Train: 0.6844, Val: 0.3758, best Val: 0.5059, Test: 0.3696
Training on 5134 samples...
Train epoch: 91 [0/5134 (0%)]	Loss: 0.741841
Train epoch: 91 [16180/5134 (95%)]	Loss: 0.469104
Make prediction for 5134 samples...
Make prediction for 813 samples...
Make prediction for 690 samples...
EarlyStopping counter: 12 out of 30
Epoch: 090, Train Loss: 0.7725, Metric: r2, Train: 0.6544, Val: 0.4400, best Val: 0.5059, Test: 0.4107
Training on 5134 samples...
Train epoch: 92 [0/5134 (0%)]	Loss: 0.716491
Train epoch: 92 [16060/5134 (95%)]	Loss: 0.341467
Make prediction for 5134 samples...
Make prediction for 813 samples...
Make prediction for 690 samples...
EarlyStopping counter: 13 out of 30
Epoch: 091, Train Loss: 0.7536, Metric: r2, Train: 0.6741, Val: 0.4044, best Val: 0.5059, Test: 0.4277
Training on 5134 samples...
Train epoch: 93 [0/5134 (0%)]	Loss: 0.769125
Train epoch: 93 [17140/5134 (95%)]	Loss: 0.636514
Make prediction for 5134 samples...
Make prediction for 813 samples...
Make prediction for 690 samples...
EarlyStopping counter: 14 out of 30
Epoch: 092, Train Loss: 0.7345, Metric: r2, Train: 0.6743, Val: 0.3777, best Val: 0.5059, Test: 0.4209
Training on 5134 samples...
Train epoch: 94 [0/5134 (0%)]	Loss: 0.745731
Train epoch: 94 [19380/5134 (95%)]	Loss: 1.017644
Make prediction for 5134 samples...
Make prediction for 813 samples...
Make prediction for 690 samples...
EarlyStopping counter: 15 out of 30
Epoch: 093, Train Loss: 0.7420, Metric: r2, Train: 0.6988, Val: 0.4325, best Val: 0.5059, Test: 0.4072
Training on 5134 samples...
Train epoch: 95 [0/5134 (0%)]	Loss: 0.749563
Train epoch: 95 [19180/5134 (95%)]	Loss: 0.635912
Make prediction for 5134 samples...
Make prediction for 813 samples...
Make prediction for 690 samples...
EarlyStopping counter: 16 out of 30
Epoch: 094, Train Loss: 0.7692, Metric: r2, Train: 0.6731, Val: 0.4559, best Val: 0.5059, Test: 0.3479
Training on 5134 samples...
Train epoch: 96 [0/5134 (0%)]	Loss: 0.722733
Train epoch: 96 [17780/5134 (95%)]	Loss: 0.405680
Make prediction for 5134 samples...
Make prediction for 813 samples...
Make prediction for 690 samples...
EarlyStopping counter: 17 out of 30
Epoch: 095, Train Loss: 0.7568, Metric: r2, Train: 0.6783, Val: 0.3511, best Val: 0.5059, Test: 0.3594
Training on 5134 samples...
Train epoch: 97 [0/5134 (0%)]	Loss: 0.784301
Train epoch: 97 [20580/5134 (95%)]	Loss: 0.430832
Make prediction for 5134 samples...
Make prediction for 813 samples...
Make prediction for 690 samples...
EarlyStopping counter: 18 out of 30
Epoch: 096, Train Loss: 0.7423, Metric: r2, Train: 0.7133, Val: 0.4946, best Val: 0.5059, Test: 0.4065
Training on 5134 samples...
Train epoch: 98 [0/5134 (0%)]	Loss: 0.706268
Train epoch: 98 [17280/5134 (95%)]	Loss: 0.469062
Make prediction for 5134 samples...
Make prediction for 813 samples...
Make prediction for 690 samples...
EarlyStopping counter: 19 out of 30
Epoch: 097, Train Loss: 0.7321, Metric: r2, Train: 0.6199, Val: 0.2318, best Val: 0.5059, Test: 0.2639
Training on 5134 samples...
Train epoch: 99 [0/5134 (0%)]	Loss: 0.778983
Train epoch: 99 [17200/5134 (95%)]	Loss: 0.395136
Make prediction for 5134 samples...
Make prediction for 813 samples...
Make prediction for 690 samples...
EarlyStopping counter: 20 out of 30
Epoch: 098, Train Loss: 0.7636, Metric: r2, Train: 0.6926, Val: 0.3468, best Val: 0.5059, Test: 0.3891
Training on 5134 samples...
Train epoch: 100 [0/5134 (0%)]	Loss: 0.757954
Train epoch: 100 [17060/5134 (95%)]	Loss: 0.391292
Make prediction for 5134 samples...
Make prediction for 813 samples...
Make prediction for 690 samples...
EarlyStopping counter: 21 out of 30
Epoch: 099, Train Loss: 0.7352, Metric: r2, Train: 0.7008, Val: 0.3383, best Val: 0.5059, Test: 0.3502
Training on 5134 samples...
Train epoch: 101 [0/5134 (0%)]	Loss: 0.696144
Train epoch: 101 [18700/5134 (95%)]	Loss: 0.326121
Make prediction for 5134 samples...
Make prediction for 813 samples...
Make prediction for 690 samples...
EarlyStopping counter: 22 out of 30
Epoch: 100, Train Loss: 0.7228, Metric: r2, Train: 0.7074, Val: 0.4269, best Val: 0.5059, Test: 0.4100
Training on 5134 samples...
Train epoch: 102 [0/5134 (0%)]	Loss: 0.740926
Train epoch: 102 [17360/5134 (95%)]	Loss: 0.426567
Make prediction for 5134 samples...
Make prediction for 813 samples...
Make prediction for 690 samples...
EarlyStopping counter: 23 out of 30
Epoch: 101, Train Loss: 0.7194, Metric: r2, Train: 0.7058, Val: 0.4077, best Val: 0.5059, Test: 0.4149
Training on 5134 samples...
Train epoch: 103 [0/5134 (0%)]	Loss: 0.742405
Train epoch: 103 [18480/5134 (95%)]	Loss: 0.391346
Make prediction for 5134 samples...
Make prediction for 813 samples...
Make prediction for 690 samples...
EarlyStopping counter: 24 out of 30
Epoch: 102, Train Loss: 0.7168, Metric: r2, Train: 0.7186, Val: 0.4149, best Val: 0.5059, Test: 0.4253
Training on 5134 samples...
Train epoch: 104 [0/5134 (0%)]	Loss: 0.686478
Train epoch: 104 [22060/5134 (95%)]	Loss: 0.435638
Make prediction for 5134 samples...
Make prediction for 813 samples...
Make prediction for 690 samples...
EarlyStopping counter: 25 out of 30
Epoch: 103, Train Loss: 0.7205, Metric: r2, Train: 0.6279, Val: 0.4280, best Val: 0.5059, Test: 0.3814
Training on 5134 samples...
Train epoch: 105 [0/5134 (0%)]	Loss: 0.802874
Train epoch: 105 [20000/5134 (95%)]	Loss: 0.526546
Make prediction for 5134 samples...
Make prediction for 813 samples...
Make prediction for 690 samples...
EarlyStopping counter: 26 out of 30
Epoch: 104, Train Loss: 0.7547, Metric: r2, Train: 0.7053, Val: 0.4296, best Val: 0.5059, Test: 0.4108
Training on 5134 samples...
Train epoch: 106 [0/5134 (0%)]	Loss: 0.808581
Train epoch: 106 [17160/5134 (95%)]	Loss: 0.602453
Make prediction for 5134 samples...
Make prediction for 813 samples...
Make prediction for 690 samples...
EarlyStopping counter: 27 out of 30
Epoch: 105, Train Loss: 0.7143, Metric: r2, Train: 0.7212, Val: 0.4202, best Val: 0.5059, Test: 0.3895
Training on 5134 samples...
Train epoch: 107 [0/5134 (0%)]	Loss: 0.709487
Train epoch: 107 [17500/5134 (95%)]	Loss: 0.311624
Make prediction for 5134 samples...
Make prediction for 813 samples...
Make prediction for 690 samples...
EarlyStopping counter: 28 out of 30
Epoch: 106, Train Loss: 0.7118, Metric: r2, Train: 0.7278, Val: 0.4866, best Val: 0.5059, Test: 0.4645
Training on 5134 samples...
Train epoch: 108 [0/5134 (0%)]	Loss: 0.713804
Train epoch: 108 [16720/5134 (95%)]	Loss: 0.292569
Make prediction for 5134 samples...
Make prediction for 813 samples...
Make prediction for 690 samples...
EarlyStopping counter: 29 out of 30
Epoch: 107, Train Loss: 0.7067, Metric: r2, Train: 0.7268, Val: 0.4549, best Val: 0.5059, Test: 0.4465
Training on 5134 samples...
Train epoch: 109 [0/5134 (0%)]	Loss: 0.703152
Train epoch: 109 [17900/5134 (95%)]	Loss: 0.398497
Make prediction for 5134 samples...
Make prediction for 813 samples...
Make prediction for 690 samples...
EarlyStopping counter: 30 out of 30
Epoch: 108, Train Loss: 0.6978, Metric: r2, Train: 0.7147, Val: 0.4535, best Val: 0.5059, Test: 0.4224
out of patience!
******PAMPA1_Perimeter_2034, 5th_time_result******
train_result: 0.6805
val_result: 0.5059
test_result: 0.4591
************************************5_times_result************************************
the train result of all tasks (r2):  [0.55082621 0.63954066 0.48909426 0.63486088 0.68048954]
the average train result of all tasks (r2): 0.5990
the train result of all tasks (std): 0.0692
the train result of all tasks (var): 0.0048
the val result of all tasks (r2):  [0.54707468 0.47952268 0.46742428 0.51273891 0.50588864]
the average val result of all tasks (r2): 0.5025
the val result of all tasks (std): 0.0278
the val result of all tasks (var): 0.0008
the test result of all tasks (r2): [0.31365528 0.42485739 0.19633668 0.36313407 0.45911814]
the average test result of all tasks (r2): 0.3514
the test result of all tasks (std): 0.0923
the test result of all tasks (var): 0.0085
PAMPA1_Perimeter_2034 time used:, 0:13:38
/root/data1/miniconda3/envs/CMMSGCL/lib/python3.8/site-packages/torch_geometric/data/in_memory_dataset.py:284: UserWarning: It is not recommended to directly access the internal storage format `data` of an 'InMemoryDataset'. If you are absolutely certain what you are doing, access the internal storage via `InMemoryDataset._data` instead to suppress this warning. Alternatively, you can access stacked individual attributes of every graph via `dataset.{attr_name}`.
  warnings.warn(msg)
/root/data1/miniconda3/envs/CMMSGCL/lib/python3.8/site-packages/torch_geometric/deprecation.py:22: UserWarning: 'data.DataLoader' is deprecated, use 'loader.DataLoader' instead
  warnings.warn(out)
/root/data1/miniconda3/envs/CMMSGCL/lib/python3.8/site-packages/torch_geometric/data/in_memory_dataset.py:284: UserWarning: It is not recommended to directly access the internal storage format `data` of an 'InMemoryDataset'. If you are absolutely certain what you are doing, access the internal storage via `InMemoryDataset._data` instead to suppress this warning. Alternatively, you can access stacked individual attributes of every graph via `dataset.{attr_name}`.
  warnings.warn(msg)
/root/data1/miniconda3/envs/CMMSGCL/lib/python3.8/site-packages/torch_geometric/deprecation.py:22: UserWarning: 'data.DataLoader' is deprecated, use 'loader.DataLoader' instead
  warnings.warn(out)
/root/data1/miniconda3/envs/CMMSGCL/lib/python3.8/site-packages/torch_geometric/data/in_memory_dataset.py:284: UserWarning: It is not recommended to directly access the internal storage format `data` of an 'InMemoryDataset'. If you are absolutely certain what you are doing, access the internal storage via `InMemoryDataset._data` instead to suppress this warning. Alternatively, you can access stacked individual attributes of every graph via `dataset.{attr_name}`.
  warnings.warn(msg)
/root/data1/miniconda3/envs/CMMSGCL/lib/python3.8/site-packages/torch_geometric/deprecation.py:22: UserWarning: 'data.DataLoader' is deprecated, use 'loader.DataLoader' instead
  warnings.warn(out)
/root/data1/miniconda3/envs/CMMSGCL/lib/python3.8/site-packages/torch_geometric/data/in_memory_dataset.py:284: UserWarning: It is not recommended to directly access the internal storage format `data` of an 'InMemoryDataset'. If you are absolutely certain what you are doing, access the internal storage via `InMemoryDataset._data` instead to suppress this warning. Alternatively, you can access stacked individual attributes of every graph via `dataset.{attr_name}`.
  warnings.warn(msg)
/root/data1/miniconda3/envs/CMMSGCL/lib/python3.8/site-packages/torch_geometric/deprecation.py:22: UserWarning: 'data.DataLoader' is deprecated, use 'loader.DataLoader' instead
  warnings.warn(out)
/root/data1/miniconda3/envs/CMMSGCL/lib/python3.8/site-packages/torch_geometric/data/in_memory_dataset.py:284: UserWarning: It is not recommended to directly access the internal storage format `data` of an 'InMemoryDataset'. If you are absolutely certain what you are doing, access the internal storage via `InMemoryDataset._data` instead to suppress this warning. Alternatively, you can access stacked individual attributes of every graph via `dataset.{attr_name}`.
  warnings.warn(msg)
/root/data1/miniconda3/envs/CMMSGCL/lib/python3.8/site-packages/torch_geometric/deprecation.py:22: UserWarning: 'data.DataLoader' is deprecated, use 'loader.DataLoader' instead
  warnings.warn(out)
Current seed: 2044, current split method: Perimeter, current task: PAMPA1
Learning rate:  0.0005
Epochs:  500
Current seed: 2024
Pre-processed data found: data/processed/PAMPA1_Perimeter_2044/PAMPA1_Perimeter_2044_train.pt, loading ...
Pre-processed data found: data/processed/PAMPA1_Perimeter_2044/PAMPA1_Perimeter_2044_valid.pt, loading ...
Pre-processed data found: data/processed/PAMPA1_Perimeter_2044/PAMPA1_Perimeter_2044_test.pt, loading ...
trainset mean:-5.599999904632568 std:0.9500002861022949
Training on 4705 samples...
Train epoch: 1 [0/4705 (0%)]	Loss: 1.550905
Make prediction for 4705 samples...
Make prediction for 868 samples...
Make prediction for 1064 samples...
Make prediction for 1064 samples...
Epoch: 000, Train Loss: 1.4081, Metric: r2, Train: -0.0022, Val: -0.0497, best Val: -0.0497, Test: -0.0074
Training on 4705 samples...
Train epoch: 2 [0/4705 (0%)]	Loss: 1.450876
Make prediction for 4705 samples...
Make prediction for 868 samples...
Make prediction for 1064 samples...
Make prediction for 1064 samples...
Epoch: 001, Train Loss: 1.3436, Metric: r2, Train: 0.0506, Val: -0.0246, best Val: -0.0246, Test: 0.0097
Training on 4705 samples...
Train epoch: 3 [0/4705 (0%)]	Loss: 1.395530
Make prediction for 4705 samples...
Make prediction for 868 samples...
Make prediction for 1064 samples...
EarlyStopping counter: 1 out of 30
Epoch: 002, Train Loss: 1.2925, Metric: r2, Train: 0.1077, Val: -0.1082, best Val: -0.0246, Test: -0.0115
Training on 4705 samples...
Train epoch: 4 [0/4705 (0%)]	Loss: 1.312747
Make prediction for 4705 samples...
Make prediction for 868 samples...
Make prediction for 1064 samples...
Make prediction for 1064 samples...
Epoch: 003, Train Loss: 1.2518, Metric: r2, Train: 0.1473, Val: 0.0204, best Val: 0.0204, Test: 0.0762
Training on 4705 samples...
Train epoch: 5 [0/4705 (0%)]	Loss: 1.204825
Make prediction for 4705 samples...
Make prediction for 868 samples...
Make prediction for 1064 samples...
EarlyStopping counter: 1 out of 30
Epoch: 004, Train Loss: 1.2269, Metric: r2, Train: 0.2203, Val: -0.0313, best Val: 0.0204, Test: 0.0740
Training on 4705 samples...
Train epoch: 6 [0/4705 (0%)]	Loss: 1.449647
Make prediction for 4705 samples...
Make prediction for 868 samples...
Make prediction for 1064 samples...
EarlyStopping counter: 2 out of 30
Epoch: 005, Train Loss: 1.2185, Metric: r2, Train: 0.2437, Val: -0.0158, best Val: 0.0204, Test: 0.0991
Training on 4705 samples...
Train epoch: 7 [0/4705 (0%)]	Loss: 1.135627
Make prediction for 4705 samples...
Make prediction for 868 samples...
Make prediction for 1064 samples...
EarlyStopping counter: 3 out of 30
Epoch: 006, Train Loss: 1.1873, Metric: r2, Train: 0.1548, Val: 0.0075, best Val: 0.0204, Test: 0.0765
Training on 4705 samples...
Train epoch: 8 [0/4705 (0%)]	Loss: 1.220013
Make prediction for 4705 samples...
Make prediction for 868 samples...
Make prediction for 1064 samples...
Make prediction for 1064 samples...
Epoch: 007, Train Loss: 1.1893, Metric: r2, Train: 0.2608, Val: 0.0693, best Val: 0.0693, Test: 0.1457
Training on 4705 samples...
Train epoch: 9 [0/4705 (0%)]	Loss: 1.196816
Make prediction for 4705 samples...
Make prediction for 868 samples...
Make prediction for 1064 samples...
Make prediction for 1064 samples...
Epoch: 008, Train Loss: 1.1550, Metric: r2, Train: 0.3255, Val: 0.1114, best Val: 0.1114, Test: 0.2410
Training on 4705 samples...
Train epoch: 10 [0/4705 (0%)]	Loss: 1.137866
Make prediction for 4705 samples...
Make prediction for 868 samples...
Make prediction for 1064 samples...
Make prediction for 1064 samples...
Epoch: 009, Train Loss: 1.1226, Metric: r2, Train: 0.3515, Val: 0.1286, best Val: 0.1286, Test: 0.2536
Training on 4705 samples...
Train epoch: 11 [0/4705 (0%)]	Loss: 1.157326
Make prediction for 4705 samples...
Make prediction for 868 samples...
Make prediction for 1064 samples...
Make prediction for 1064 samples...
Epoch: 010, Train Loss: 1.0945, Metric: r2, Train: 0.2311, Val: 0.1364, best Val: 0.1364, Test: 0.2746
Training on 4705 samples...
Train epoch: 12 [0/4705 (0%)]	Loss: 1.146672
Make prediction for 4705 samples...
Make prediction for 868 samples...
Make prediction for 1064 samples...
EarlyStopping counter: 1 out of 30
Epoch: 011, Train Loss: 1.1387, Metric: r2, Train: 0.3245, Val: -0.1194, best Val: 0.1364, Test: 0.0907
Training on 4705 samples...
Train epoch: 13 [0/4705 (0%)]	Loss: 1.214034
Make prediction for 4705 samples...
Make prediction for 868 samples...
Make prediction for 1064 samples...
EarlyStopping counter: 2 out of 30
Epoch: 012, Train Loss: 1.0858, Metric: r2, Train: 0.4136, Val: 0.1266, best Val: 0.1364, Test: 0.2643
Training on 4705 samples...
Train epoch: 14 [0/4705 (0%)]	Loss: 1.028081
Make prediction for 4705 samples...
Make prediction for 868 samples...
Make prediction for 1064 samples...
EarlyStopping counter: 3 out of 30
Epoch: 013, Train Loss: 1.0729, Metric: r2, Train: 0.3808, Val: 0.1123, best Val: 0.1364, Test: 0.2311
Training on 4705 samples...
Train epoch: 15 [0/4705 (0%)]	Loss: 1.208519
Make prediction for 4705 samples...
Make prediction for 868 samples...
Make prediction for 1064 samples...
EarlyStopping counter: 4 out of 30
Epoch: 014, Train Loss: 1.0706, Metric: r2, Train: 0.4325, Val: -0.1134, best Val: 0.1364, Test: 0.1714
Training on 4705 samples...
Train epoch: 16 [0/4705 (0%)]	Loss: 1.046060
Make prediction for 4705 samples...
Make prediction for 868 samples...
Make prediction for 1064 samples...
EarlyStopping counter: 5 out of 30
Epoch: 015, Train Loss: 1.0497, Metric: r2, Train: 0.4371, Val: -0.1820, best Val: 0.1364, Test: 0.1522
Training on 4705 samples...
Train epoch: 17 [0/4705 (0%)]	Loss: 1.055066
Make prediction for 4705 samples...
Make prediction for 868 samples...
Make prediction for 1064 samples...
EarlyStopping counter: 6 out of 30
Epoch: 016, Train Loss: 1.0534, Metric: r2, Train: 0.4427, Val: 0.0409, best Val: 0.1364, Test: 0.2090
Training on 4705 samples...
Train epoch: 18 [0/4705 (0%)]	Loss: 1.028717
Make prediction for 4705 samples...
Make prediction for 868 samples...
Make prediction for 1064 samples...
EarlyStopping counter: 7 out of 30
Epoch: 017, Train Loss: 1.0542, Metric: r2, Train: 0.4344, Val: 0.0253, best Val: 0.1364, Test: 0.2053
Training on 4705 samples...
Train epoch: 19 [0/4705 (0%)]	Loss: 1.034745
Make prediction for 4705 samples...
Make prediction for 868 samples...
Make prediction for 1064 samples...
EarlyStopping counter: 8 out of 30
Epoch: 018, Train Loss: 1.0358, Metric: r2, Train: 0.4505, Val: 0.1249, best Val: 0.1364, Test: 0.2502
Training on 4705 samples...
Train epoch: 20 [0/4705 (0%)]	Loss: 0.990104
Make prediction for 4705 samples...
Make prediction for 868 samples...
Make prediction for 1064 samples...
EarlyStopping counter: 9 out of 30
Epoch: 019, Train Loss: 1.0461, Metric: r2, Train: 0.4477, Val: 0.0842, best Val: 0.1364, Test: 0.2279
Training on 4705 samples...
Train epoch: 21 [0/4705 (0%)]	Loss: 1.057899
Make prediction for 4705 samples...
Make prediction for 868 samples...
Make prediction for 1064 samples...
EarlyStopping counter: 10 out of 30
Epoch: 020, Train Loss: 1.0245, Metric: r2, Train: 0.4579, Val: -0.4040, best Val: 0.1364, Test: 0.1389
Training on 4705 samples...
Train epoch: 22 [0/4705 (0%)]	Loss: 1.054983
Make prediction for 4705 samples...
Make prediction for 868 samples...
Make prediction for 1064 samples...
EarlyStopping counter: 11 out of 30
Epoch: 021, Train Loss: 1.0168, Metric: r2, Train: 0.4655, Val: -0.4367, best Val: 0.1364, Test: 0.0889
Training on 4705 samples...
Train epoch: 23 [0/4705 (0%)]	Loss: 1.025134
Make prediction for 4705 samples...
Make prediction for 868 samples...
Make prediction for 1064 samples...
EarlyStopping counter: 12 out of 30
Epoch: 022, Train Loss: 1.0165, Metric: r2, Train: 0.4913, Val: -0.2408, best Val: 0.1364, Test: 0.1320
Training on 4705 samples...
Train epoch: 24 [0/4705 (0%)]	Loss: 0.982150
Make prediction for 4705 samples...
Make prediction for 868 samples...
Make prediction for 1064 samples...
EarlyStopping counter: 13 out of 30
Epoch: 023, Train Loss: 1.0233, Metric: r2, Train: 0.4789, Val: 0.1230, best Val: 0.1364, Test: 0.2365
Training on 4705 samples...
Train epoch: 25 [0/4705 (0%)]	Loss: 0.934244
Make prediction for 4705 samples...
Make prediction for 868 samples...
Make prediction for 1064 samples...
EarlyStopping counter: 14 out of 30
Epoch: 024, Train Loss: 1.0002, Metric: r2, Train: 0.4958, Val: -0.1054, best Val: 0.1364, Test: 0.2088
Training on 4705 samples...
Train epoch: 26 [0/4705 (0%)]	Loss: 1.030739
Make prediction for 4705 samples...
Make prediction for 868 samples...
Make prediction for 1064 samples...
EarlyStopping counter: 15 out of 30
Epoch: 025, Train Loss: 1.0226, Metric: r2, Train: 0.4397, Val: -0.6079, best Val: 0.1364, Test: -0.0561
Training on 4705 samples...
Train epoch: 27 [0/4705 (0%)]	Loss: 1.041923
Make prediction for 4705 samples...
Make prediction for 868 samples...
Make prediction for 1064 samples...
EarlyStopping counter: 16 out of 30
Epoch: 026, Train Loss: 1.0226, Metric: r2, Train: 0.4602, Val: 0.0975, best Val: 0.1364, Test: 0.2756
Training on 4705 samples...
Train epoch: 28 [0/4705 (0%)]	Loss: 1.038165
Make prediction for 4705 samples...
Make prediction for 868 samples...
Make prediction for 1064 samples...
EarlyStopping counter: 17 out of 30
Epoch: 027, Train Loss: 1.0190, Metric: r2, Train: 0.4683, Val: -0.1464, best Val: 0.1364, Test: 0.1230
Training on 4705 samples...
Train epoch: 29 [0/4705 (0%)]	Loss: 1.049554
Make prediction for 4705 samples...
Make prediction for 868 samples...
Make prediction for 1064 samples...
EarlyStopping counter: 18 out of 30
Epoch: 028, Train Loss: 0.9927, Metric: r2, Train: 0.4416, Val: -0.4452, best Val: 0.1364, Test: 0.0537
Training on 4705 samples...
Train epoch: 30 [0/4705 (0%)]	Loss: 1.045272
Make prediction for 4705 samples...
Make prediction for 868 samples...
Make prediction for 1064 samples...
EarlyStopping counter: 19 out of 30
Epoch: 029, Train Loss: 0.9949, Metric: r2, Train: 0.5168, Val: -0.3862, best Val: 0.1364, Test: 0.1031
Training on 4705 samples...
Train epoch: 31 [0/4705 (0%)]	Loss: 0.937772
Make prediction for 4705 samples...
Make prediction for 868 samples...
Make prediction for 1064 samples...
EarlyStopping counter: 20 out of 30
Epoch: 030, Train Loss: 0.9806, Metric: r2, Train: 0.5305, Val: -0.1052, best Val: 0.1364, Test: 0.1792
Training on 4705 samples...
Train epoch: 32 [0/4705 (0%)]	Loss: 0.995253
Make prediction for 4705 samples...
Make prediction for 868 samples...
Make prediction for 1064 samples...
EarlyStopping counter: 21 out of 30
Epoch: 031, Train Loss: 0.9638, Metric: r2, Train: 0.5449, Val: -0.2828, best Val: 0.1364, Test: 0.1583
Training on 4705 samples...
Train epoch: 33 [0/4705 (0%)]	Loss: 0.922400
Make prediction for 4705 samples...
Make prediction for 868 samples...
Make prediction for 1064 samples...
EarlyStopping counter: 22 out of 30
Epoch: 032, Train Loss: 0.9752, Metric: r2, Train: 0.5244, Val: -0.1576, best Val: 0.1364, Test: 0.1247
Training on 4705 samples...
Train epoch: 34 [0/4705 (0%)]	Loss: 0.930817
Make prediction for 4705 samples...
Make prediction for 868 samples...
Make prediction for 1064 samples...
EarlyStopping counter: 23 out of 30
Epoch: 033, Train Loss: 0.9797, Metric: r2, Train: 0.5588, Val: -0.1995, best Val: 0.1364, Test: 0.2077
Training on 4705 samples...
Train epoch: 35 [0/4705 (0%)]	Loss: 0.996449
Make prediction for 4705 samples...
Make prediction for 868 samples...
Make prediction for 1064 samples...
EarlyStopping counter: 24 out of 30
Epoch: 034, Train Loss: 0.9534, Metric: r2, Train: 0.5543, Val: 0.0135, best Val: 0.1364, Test: 0.1779
Training on 4705 samples...
Train epoch: 36 [0/4705 (0%)]	Loss: 0.959758
Make prediction for 4705 samples...
Make prediction for 868 samples...
Make prediction for 1064 samples...
EarlyStopping counter: 25 out of 30
Epoch: 035, Train Loss: 0.9630, Metric: r2, Train: 0.5378, Val: -0.6198, best Val: 0.1364, Test: -0.0549
Training on 4705 samples...
Train epoch: 37 [0/4705 (0%)]	Loss: 1.051223
Make prediction for 4705 samples...
Make prediction for 868 samples...
Make prediction for 1064 samples...
EarlyStopping counter: 26 out of 30
Epoch: 036, Train Loss: 0.9492, Metric: r2, Train: 0.5849, Val: -0.4169, best Val: 0.1364, Test: 0.1843
Training on 4705 samples...
Train epoch: 38 [0/4705 (0%)]	Loss: 0.969652
Make prediction for 4705 samples...
Make prediction for 868 samples...
Make prediction for 1064 samples...
EarlyStopping counter: 27 out of 30
Epoch: 037, Train Loss: 0.9424, Metric: r2, Train: 0.5727, Val: -0.5622, best Val: 0.1364, Test: 0.0231
Training on 4705 samples...
Train epoch: 39 [0/4705 (0%)]	Loss: 0.991635
Make prediction for 4705 samples...
Make prediction for 868 samples...
Make prediction for 1064 samples...
EarlyStopping counter: 28 out of 30
Epoch: 038, Train Loss: 0.9407, Metric: r2, Train: 0.6024, Val: -0.5088, best Val: 0.1364, Test: 0.0628
Training on 4705 samples...
Train epoch: 40 [0/4705 (0%)]	Loss: 0.917029
Make prediction for 4705 samples...
Make prediction for 868 samples...
Make prediction for 1064 samples...
EarlyStopping counter: 29 out of 30
Epoch: 039, Train Loss: 0.9323, Metric: r2, Train: 0.5413, Val: 0.1347, best Val: 0.1364, Test: 0.2453
Training on 4705 samples...
Train epoch: 41 [0/4705 (0%)]	Loss: 0.937877
Make prediction for 4705 samples...
Make prediction for 868 samples...
Make prediction for 1064 samples...
EarlyStopping counter: 30 out of 30
Epoch: 040, Train Loss: 0.9277, Metric: r2, Train: 0.6083, Val: -0.1235, best Val: 0.1364, Test: 0.1365
out of patience!
******PAMPA1_Perimeter_2044, 1th_time_result******
train_result: 0.2311
val_result: 0.1364
test_result: 0.2746
Current seed: 2034
Pre-processed data found: data/processed/PAMPA1_Perimeter_2044/PAMPA1_Perimeter_2044_train.pt, loading ...
Pre-processed data found: data/processed/PAMPA1_Perimeter_2044/PAMPA1_Perimeter_2044_valid.pt, loading ...
Pre-processed data found: data/processed/PAMPA1_Perimeter_2044/PAMPA1_Perimeter_2044_test.pt, loading ...
trainset mean:-5.599999904632568 std:0.9500002861022949
Training on 4705 samples...
Train epoch: 1 [0/4705 (0%)]	Loss: 1.459574
Make prediction for 4705 samples...
Make prediction for 868 samples...
Make prediction for 1064 samples...
Make prediction for 1064 samples...
Epoch: 000, Train Loss: 1.3751, Metric: r2, Train: 0.0039, Val: -0.0711, best Val: -0.0711, Test: -0.0137
Training on 4705 samples...
Train epoch: 2 [0/4705 (0%)]	Loss: 1.448606
Make prediction for 4705 samples...
Make prediction for 868 samples...
Make prediction for 1064 samples...
EarlyStopping counter: 1 out of 30
Epoch: 001, Train Loss: 1.3207, Metric: r2, Train: -0.0110, Val: -0.8978, best Val: -0.0711, Test: -0.5087
Training on 4705 samples...
Train epoch: 3 [0/4705 (0%)]	Loss: 1.365623
Make prediction for 4705 samples...
Make prediction for 868 samples...
Make prediction for 1064 samples...
EarlyStopping counter: 2 out of 30
Epoch: 002, Train Loss: 1.2412, Metric: r2, Train: 0.2047, Val: -0.2059, best Val: -0.0711, Test: -0.0387
Training on 4705 samples...
Train epoch: 4 [0/4705 (0%)]	Loss: 1.180542
Make prediction for 4705 samples...
Make prediction for 868 samples...
Make prediction for 1064 samples...
EarlyStopping counter: 3 out of 30
Epoch: 003, Train Loss: 1.2096, Metric: r2, Train: 0.2288, Val: -0.3593, best Val: -0.0711, Test: -0.1237
Training on 4705 samples...
Train epoch: 5 [0/4705 (0%)]	Loss: 1.171098
Make prediction for 4705 samples...
Make prediction for 868 samples...
Make prediction for 1064 samples...
EarlyStopping counter: 4 out of 30
Epoch: 004, Train Loss: 1.1896, Metric: r2, Train: 0.2007, Val: -0.3772, best Val: -0.0711, Test: -0.1589
Training on 4705 samples...
Train epoch: 6 [0/4705 (0%)]	Loss: 1.128144
Make prediction for 4705 samples...
Make prediction for 868 samples...
Make prediction for 1064 samples...
Make prediction for 1064 samples...
Epoch: 005, Train Loss: 1.1714, Metric: r2, Train: 0.2848, Val: 0.0927, best Val: 0.0927, Test: 0.1474
Training on 4705 samples...
Train epoch: 7 [0/4705 (0%)]	Loss: 1.148663
Make prediction for 4705 samples...
Make prediction for 868 samples...
Make prediction for 1064 samples...
EarlyStopping counter: 1 out of 30
Epoch: 006, Train Loss: 1.1206, Metric: r2, Train: 0.1911, Val: 0.0181, best Val: 0.0927, Test: 0.1071
Training on 4705 samples...
Train epoch: 8 [0/4705 (0%)]	Loss: 1.295150
Make prediction for 4705 samples...
Make prediction for 868 samples...
Make prediction for 1064 samples...
EarlyStopping counter: 2 out of 30
Epoch: 007, Train Loss: 1.1088, Metric: r2, Train: 0.3605, Val: 0.0469, best Val: 0.0927, Test: 0.1624
Training on 4705 samples...
Train epoch: 9 [0/4705 (0%)]	Loss: 1.113078
Make prediction for 4705 samples...
Make prediction for 868 samples...
Make prediction for 1064 samples...
Make prediction for 1064 samples...
Epoch: 008, Train Loss: 1.0917, Metric: r2, Train: 0.3879, Val: 0.1319, best Val: 0.1319, Test: 0.2540
Training on 4705 samples...
Train epoch: 10 [0/4705 (0%)]	Loss: 1.085142
Make prediction for 4705 samples...
Make prediction for 868 samples...
Make prediction for 1064 samples...
EarlyStopping counter: 1 out of 30
Epoch: 009, Train Loss: 1.1126, Metric: r2, Train: 0.3801, Val: 0.0307, best Val: 0.1319, Test: 0.1764
Training on 4705 samples...
Train epoch: 11 [0/4705 (0%)]	Loss: 0.998979
Make prediction for 4705 samples...
Make prediction for 868 samples...
Make prediction for 1064 samples...
Make prediction for 1064 samples...
Epoch: 010, Train Loss: 1.0894, Metric: r2, Train: 0.4296, Val: 0.1709, best Val: 0.1709, Test: 0.2537
Training on 4705 samples...
Train epoch: 12 [0/4705 (0%)]	Loss: 1.010962
Make prediction for 4705 samples...
Make prediction for 868 samples...
Make prediction for 1064 samples...
EarlyStopping counter: 1 out of 30
Epoch: 011, Train Loss: 1.0478, Metric: r2, Train: 0.3919, Val: -0.3387, best Val: 0.1709, Test: -0.0284
Training on 4705 samples...
Train epoch: 13 [0/4705 (0%)]	Loss: 1.115397
Make prediction for 4705 samples...
Make prediction for 868 samples...
Make prediction for 1064 samples...
EarlyStopping counter: 2 out of 30
Epoch: 012, Train Loss: 1.0493, Metric: r2, Train: 0.4233, Val: 0.1100, best Val: 0.1709, Test: 0.1682
Training on 4705 samples...
Train epoch: 14 [0/4705 (0%)]	Loss: 1.031828
Make prediction for 4705 samples...
Make prediction for 868 samples...
Make prediction for 1064 samples...
EarlyStopping counter: 3 out of 30
Epoch: 013, Train Loss: 1.0481, Metric: r2, Train: 0.4521, Val: -0.1816, best Val: 0.1709, Test: 0.0789
Training on 4705 samples...
Train epoch: 15 [0/4705 (0%)]	Loss: 1.087584
Make prediction for 4705 samples...
Make prediction for 868 samples...
Make prediction for 1064 samples...
Make prediction for 1064 samples...
Epoch: 014, Train Loss: 1.0303, Metric: r2, Train: 0.2953, Val: 0.1790, best Val: 0.1790, Test: -0.0260
Training on 4705 samples...
Train epoch: 16 [0/4705 (0%)]	Loss: 1.229620
Make prediction for 4705 samples...
Make prediction for 868 samples...
Make prediction for 1064 samples...
EarlyStopping counter: 1 out of 30
Epoch: 015, Train Loss: 1.0553, Metric: r2, Train: 0.4705, Val: -0.0142, best Val: 0.1790, Test: 0.1323
Training on 4705 samples...
Train epoch: 17 [0/4705 (0%)]	Loss: 1.034075
Make prediction for 4705 samples...
Make prediction for 868 samples...
Make prediction for 1064 samples...
EarlyStopping counter: 2 out of 30
Epoch: 016, Train Loss: 1.0134, Metric: r2, Train: 0.5004, Val: -0.0355, best Val: 0.1790, Test: 0.1533
Training on 4705 samples...
Train epoch: 18 [0/4705 (0%)]	Loss: 0.966283
Make prediction for 4705 samples...
Make prediction for 868 samples...
Make prediction for 1064 samples...
EarlyStopping counter: 3 out of 30
Epoch: 017, Train Loss: 1.0090, Metric: r2, Train: 0.4512, Val: 0.1226, best Val: 0.1790, Test: 0.2228
Training on 4705 samples...
Train epoch: 19 [0/4705 (0%)]	Loss: 1.014537
Make prediction for 4705 samples...
Make prediction for 868 samples...
Make prediction for 1064 samples...
EarlyStopping counter: 4 out of 30
Epoch: 018, Train Loss: 1.0047, Metric: r2, Train: 0.5047, Val: -0.1469, best Val: 0.1790, Test: 0.1353
Training on 4705 samples...
Train epoch: 20 [0/4705 (0%)]	Loss: 0.909357
Make prediction for 4705 samples...
Make prediction for 868 samples...
Make prediction for 1064 samples...
EarlyStopping counter: 5 out of 30
Epoch: 019, Train Loss: 0.9903, Metric: r2, Train: 0.5054, Val: 0.0915, best Val: 0.1790, Test: 0.1821
Training on 4705 samples...
Train epoch: 21 [0/4705 (0%)]	Loss: 0.977689
Make prediction for 4705 samples...
Make prediction for 868 samples...
Make prediction for 1064 samples...
EarlyStopping counter: 6 out of 30
Epoch: 020, Train Loss: 0.9833, Metric: r2, Train: 0.4969, Val: -0.6525, best Val: 0.1790, Test: -0.0683
Training on 4705 samples...
Train epoch: 22 [0/4705 (0%)]	Loss: 0.909330
Make prediction for 4705 samples...
Make prediction for 868 samples...
Make prediction for 1064 samples...
EarlyStopping counter: 7 out of 30
Epoch: 021, Train Loss: 0.9835, Metric: r2, Train: 0.5055, Val: -0.2829, best Val: 0.1790, Test: 0.1132
Training on 4705 samples...
Train epoch: 23 [0/4705 (0%)]	Loss: 0.948951
Make prediction for 4705 samples...
Make prediction for 868 samples...
Make prediction for 1064 samples...
EarlyStopping counter: 8 out of 30
Epoch: 022, Train Loss: 0.9810, Metric: r2, Train: 0.5340, Val: -0.1846, best Val: 0.1790, Test: 0.1614
Training on 4705 samples...
Train epoch: 24 [0/4705 (0%)]	Loss: 0.962956
Make prediction for 4705 samples...
Make prediction for 868 samples...
Make prediction for 1064 samples...
EarlyStopping counter: 9 out of 30
Epoch: 023, Train Loss: 0.9777, Metric: r2, Train: 0.4830, Val: -0.6243, best Val: 0.1790, Test: -0.0652
Training on 4705 samples...
Train epoch: 25 [0/4705 (0%)]	Loss: 1.067951
Make prediction for 4705 samples...
Make prediction for 868 samples...
Make prediction for 1064 samples...
EarlyStopping counter: 10 out of 30
Epoch: 024, Train Loss: 0.9630, Metric: r2, Train: 0.5436, Val: -0.4114, best Val: 0.1790, Test: 0.0575
Training on 4705 samples...
Train epoch: 26 [0/4705 (0%)]	Loss: 0.952231
Make prediction for 4705 samples...
Make prediction for 868 samples...
Make prediction for 1064 samples...
EarlyStopping counter: 11 out of 30
Epoch: 025, Train Loss: 0.9776, Metric: r2, Train: 0.5562, Val: 0.0916, best Val: 0.1790, Test: 0.1511
Training on 4705 samples...
Train epoch: 27 [0/4705 (0%)]	Loss: 0.930667
Make prediction for 4705 samples...
Make prediction for 868 samples...
Make prediction for 1064 samples...
EarlyStopping counter: 12 out of 30
Epoch: 026, Train Loss: 0.9444, Metric: r2, Train: 0.5726, Val: 0.1550, best Val: 0.1790, Test: 0.3215
Training on 4705 samples...
Train epoch: 28 [0/4705 (0%)]	Loss: 0.908766
Make prediction for 4705 samples...
Make prediction for 868 samples...
Make prediction for 1064 samples...
EarlyStopping counter: 13 out of 30
Epoch: 027, Train Loss: 0.9453, Metric: r2, Train: 0.5031, Val: -0.6564, best Val: 0.1790, Test: -0.1741
Training on 4705 samples...
Train epoch: 29 [0/4705 (0%)]	Loss: 0.975320
Make prediction for 4705 samples...
Make prediction for 868 samples...
Make prediction for 1064 samples...
EarlyStopping counter: 14 out of 30
Epoch: 028, Train Loss: 0.9502, Metric: r2, Train: 0.6014, Val: -0.1327, best Val: 0.1790, Test: 0.1410
Training on 4705 samples...
Train epoch: 30 [0/4705 (0%)]	Loss: 0.866713
Make prediction for 4705 samples...
Make prediction for 868 samples...
Make prediction for 1064 samples...
EarlyStopping counter: 15 out of 30
Epoch: 029, Train Loss: 0.9187, Metric: r2, Train: 0.5757, Val: -0.2332, best Val: 0.1790, Test: 0.0491
Training on 4705 samples...
Train epoch: 31 [0/4705 (0%)]	Loss: 0.844207
Make prediction for 4705 samples...
Make prediction for 868 samples...
Make prediction for 1064 samples...
EarlyStopping counter: 16 out of 30
Epoch: 030, Train Loss: 0.9414, Metric: r2, Train: 0.5814, Val: -0.2247, best Val: 0.1790, Test: 0.1850
Training on 4705 samples...
Train epoch: 32 [0/4705 (0%)]	Loss: 0.859092
Make prediction for 4705 samples...
Make prediction for 868 samples...
Make prediction for 1064 samples...
Make prediction for 1064 samples...
Epoch: 031, Train Loss: 0.9210, Metric: r2, Train: 0.5483, Val: 0.2250, best Val: 0.2250, Test: 0.2689
Training on 4705 samples...
Train epoch: 33 [0/4705 (0%)]	Loss: 0.916071
Make prediction for 4705 samples...
Make prediction for 868 samples...
Make prediction for 1064 samples...
EarlyStopping counter: 1 out of 30
Epoch: 032, Train Loss: 0.9032, Metric: r2, Train: 0.6390, Val: 0.0203, best Val: 0.2250, Test: 0.2373
Training on 4705 samples...
Train epoch: 34 [0/4705 (0%)]	Loss: 0.895951
Make prediction for 4705 samples...
Make prediction for 868 samples...
Make prediction for 1064 samples...
EarlyStopping counter: 2 out of 30
Epoch: 033, Train Loss: 0.8879, Metric: r2, Train: 0.6438, Val: -0.1762, best Val: 0.2250, Test: 0.1621
Training on 4705 samples...
Train epoch: 35 [0/4705 (0%)]	Loss: 0.906747
Make prediction for 4705 samples...
Make prediction for 868 samples...
Make prediction for 1064 samples...
EarlyStopping counter: 3 out of 30
Epoch: 034, Train Loss: 0.8868, Metric: r2, Train: 0.6631, Val: -0.1313, best Val: 0.2250, Test: 0.1687
Training on 4705 samples...
Train epoch: 36 [0/4705 (0%)]	Loss: 0.838277
Make prediction for 4705 samples...
Make prediction for 868 samples...
Make prediction for 1064 samples...
EarlyStopping counter: 4 out of 30
Epoch: 035, Train Loss: 0.9011, Metric: r2, Train: 0.6453, Val: 0.0541, best Val: 0.2250, Test: 0.2397
Training on 4705 samples...
Train epoch: 37 [0/4705 (0%)]	Loss: 0.882034
Make prediction for 4705 samples...
Make prediction for 868 samples...
Make prediction for 1064 samples...
EarlyStopping counter: 5 out of 30
Epoch: 036, Train Loss: 0.8809, Metric: r2, Train: 0.5611, Val: 0.2129, best Val: 0.2250, Test: 0.2485
Training on 4705 samples...
Train epoch: 38 [0/4705 (0%)]	Loss: 0.950672
Make prediction for 4705 samples...
Make prediction for 868 samples...
Make prediction for 1064 samples...
EarlyStopping counter: 6 out of 30
Epoch: 037, Train Loss: 0.8815, Metric: r2, Train: 0.6669, Val: -0.3356, best Val: 0.2250, Test: 0.0131
Training on 4705 samples...
Train epoch: 39 [0/4705 (0%)]	Loss: 0.862841
Make prediction for 4705 samples...
Make prediction for 868 samples...
Make prediction for 1064 samples...
EarlyStopping counter: 7 out of 30
Epoch: 038, Train Loss: 0.8765, Metric: r2, Train: 0.6644, Val: -0.1506, best Val: 0.2250, Test: 0.1797
Training on 4705 samples...
Train epoch: 40 [0/4705 (0%)]	Loss: 0.889404
Make prediction for 4705 samples...
Make prediction for 868 samples...
Make prediction for 1064 samples...
EarlyStopping counter: 8 out of 30
Epoch: 039, Train Loss: 0.8566, Metric: r2, Train: 0.6520, Val: -0.2388, best Val: 0.2250, Test: 0.1651
Training on 4705 samples...
Train epoch: 41 [0/4705 (0%)]	Loss: 0.859679
Make prediction for 4705 samples...
Make prediction for 868 samples...
Make prediction for 1064 samples...
EarlyStopping counter: 9 out of 30
Epoch: 040, Train Loss: 0.8965, Metric: r2, Train: 0.6430, Val: -0.0387, best Val: 0.2250, Test: 0.2148
Training on 4705 samples...
Train epoch: 42 [0/4705 (0%)]	Loss: 0.919268
Make prediction for 4705 samples...
Make prediction for 868 samples...
Make prediction for 1064 samples...
EarlyStopping counter: 10 out of 30
Epoch: 041, Train Loss: 0.8702, Metric: r2, Train: 0.6939, Val: -0.0617, best Val: 0.2250, Test: 0.1508
Training on 4705 samples...
Train epoch: 43 [0/4705 (0%)]	Loss: 0.827160
Make prediction for 4705 samples...
Make prediction for 868 samples...
Make prediction for 1064 samples...
EarlyStopping counter: 11 out of 30
Epoch: 042, Train Loss: 0.8740, Metric: r2, Train: 0.6573, Val: 0.0623, best Val: 0.2250, Test: 0.1756
Training on 4705 samples...
Train epoch: 44 [0/4705 (0%)]	Loss: 0.853693
Make prediction for 4705 samples...
Make prediction for 868 samples...
Make prediction for 1064 samples...
EarlyStopping counter: 12 out of 30
Epoch: 043, Train Loss: 0.8718, Metric: r2, Train: 0.6554, Val: -0.2642, best Val: 0.2250, Test: 0.0531
Training on 4705 samples...
Train epoch: 45 [0/4705 (0%)]	Loss: 0.878517
Make prediction for 4705 samples...
Make prediction for 868 samples...
Make prediction for 1064 samples...
EarlyStopping counter: 13 out of 30
Epoch: 044, Train Loss: 0.8716, Metric: r2, Train: 0.6475, Val: -0.0585, best Val: 0.2250, Test: 0.1465
Training on 4705 samples...
Train epoch: 46 [0/4705 (0%)]	Loss: 0.857828
Make prediction for 4705 samples...
Make prediction for 868 samples...
Make prediction for 1064 samples...
EarlyStopping counter: 14 out of 30
Epoch: 045, Train Loss: 0.8494, Metric: r2, Train: 0.7044, Val: -0.1639, best Val: 0.2250, Test: 0.1837
Training on 4705 samples...
Train epoch: 47 [0/4705 (0%)]	Loss: 0.831004
Make prediction for 4705 samples...
Make prediction for 868 samples...
Make prediction for 1064 samples...
EarlyStopping counter: 15 out of 30
Epoch: 046, Train Loss: 0.8327, Metric: r2, Train: 0.7012, Val: -0.0764, best Val: 0.2250, Test: 0.2059
Training on 4705 samples...
Train epoch: 48 [0/4705 (0%)]	Loss: 0.812693
Make prediction for 4705 samples...
Make prediction for 868 samples...
Make prediction for 1064 samples...
EarlyStopping counter: 16 out of 30
Epoch: 047, Train Loss: 0.8190, Metric: r2, Train: 0.7120, Val: -0.0604, best Val: 0.2250, Test: 0.2151
Training on 4705 samples...
Train epoch: 49 [0/4705 (0%)]	Loss: 0.823111
Make prediction for 4705 samples...
Make prediction for 868 samples...
Make prediction for 1064 samples...
EarlyStopping counter: 17 out of 30
Epoch: 048, Train Loss: 0.8090, Metric: r2, Train: 0.7063, Val: -0.2376, best Val: 0.2250, Test: 0.1157
Training on 4705 samples...
Train epoch: 50 [0/4705 (0%)]	Loss: 0.806839
Make prediction for 4705 samples...
Make prediction for 868 samples...
Make prediction for 1064 samples...
EarlyStopping counter: 18 out of 30
Epoch: 049, Train Loss: 0.8085, Metric: r2, Train: 0.7124, Val: -0.3166, best Val: 0.2250, Test: 0.0772
Training on 4705 samples...
Train epoch: 51 [0/4705 (0%)]	Loss: 0.807936
Make prediction for 4705 samples...
Make prediction for 868 samples...
Make prediction for 1064 samples...
EarlyStopping counter: 19 out of 30
Epoch: 050, Train Loss: 0.7983, Metric: r2, Train: 0.7104, Val: -0.1714, best Val: 0.2250, Test: 0.1452
Training on 4705 samples...
Train epoch: 52 [0/4705 (0%)]	Loss: 0.776211
Make prediction for 4705 samples...
Make prediction for 868 samples...
Make prediction for 1064 samples...
EarlyStopping counter: 20 out of 30
Epoch: 051, Train Loss: 0.7780, Metric: r2, Train: 0.6865, Val: -0.4154, best Val: 0.2250, Test: -0.0599
Training on 4705 samples...
Train epoch: 53 [0/4705 (0%)]	Loss: 0.718489
Make prediction for 4705 samples...
Make prediction for 868 samples...
Make prediction for 1064 samples...
EarlyStopping counter: 21 out of 30
Epoch: 052, Train Loss: 0.7869, Metric: r2, Train: 0.6846, Val: -0.3637, best Val: 0.2250, Test: 0.0447
Training on 4705 samples...
Train epoch: 54 [0/4705 (0%)]	Loss: 0.764360
Make prediction for 4705 samples...
Make prediction for 868 samples...
Make prediction for 1064 samples...
EarlyStopping counter: 22 out of 30
Epoch: 053, Train Loss: 0.7924, Metric: r2, Train: 0.6924, Val: -0.2054, best Val: 0.2250, Test: 0.2118
Training on 4705 samples...
Train epoch: 55 [0/4705 (0%)]	Loss: 0.798047
Make prediction for 4705 samples...
Make prediction for 868 samples...
Make prediction for 1064 samples...
EarlyStopping counter: 23 out of 30
Epoch: 054, Train Loss: 0.7689, Metric: r2, Train: 0.7031, Val: 0.0527, best Val: 0.2250, Test: 0.3148
Training on 4705 samples...
Train epoch: 56 [0/4705 (0%)]	Loss: 0.780488
Make prediction for 4705 samples...
Make prediction for 868 samples...
Make prediction for 1064 samples...
EarlyStopping counter: 24 out of 30
Epoch: 055, Train Loss: 0.7713, Metric: r2, Train: 0.7129, Val: -0.1951, best Val: 0.2250, Test: 0.1079
Training on 4705 samples...
Train epoch: 57 [0/4705 (0%)]	Loss: 0.755329
Make prediction for 4705 samples...
Make prediction for 868 samples...
Make prediction for 1064 samples...
EarlyStopping counter: 25 out of 30
Epoch: 056, Train Loss: 0.7570, Metric: r2, Train: 0.7167, Val: 0.0361, best Val: 0.2250, Test: 0.3219
Training on 4705 samples...
Train epoch: 58 [0/4705 (0%)]	Loss: 0.726086
Make prediction for 4705 samples...
Make prediction for 868 samples...
Make prediction for 1064 samples...
EarlyStopping counter: 26 out of 30
Epoch: 057, Train Loss: 0.7638, Metric: r2, Train: 0.7204, Val: -0.0320, best Val: 0.2250, Test: 0.2891
Training on 4705 samples...
Train epoch: 59 [0/4705 (0%)]	Loss: 0.784786
Make prediction for 4705 samples...
Make prediction for 868 samples...
Make prediction for 1064 samples...
EarlyStopping counter: 27 out of 30
Epoch: 058, Train Loss: 0.7440, Metric: r2, Train: 0.7426, Val: -0.0675, best Val: 0.2250, Test: 0.2567
Training on 4705 samples...
Train epoch: 60 [0/4705 (0%)]	Loss: 0.723141
Make prediction for 4705 samples...
Make prediction for 868 samples...
Make prediction for 1064 samples...
EarlyStopping counter: 28 out of 30
Epoch: 059, Train Loss: 0.7440, Metric: r2, Train: 0.7285, Val: 0.0476, best Val: 0.2250, Test: 0.3312
Training on 4705 samples...
Train epoch: 61 [0/4705 (0%)]	Loss: 0.770709
Make prediction for 4705 samples...
Make prediction for 868 samples...
Make prediction for 1064 samples...
EarlyStopping counter: 29 out of 30
Epoch: 060, Train Loss: 0.7299, Metric: r2, Train: 0.6800, Val: -0.1240, best Val: 0.2250, Test: 0.2036
Training on 4705 samples...
Train epoch: 62 [0/4705 (0%)]	Loss: 0.798928
Make prediction for 4705 samples...
Make prediction for 868 samples...
Make prediction for 1064 samples...
EarlyStopping counter: 30 out of 30
Epoch: 061, Train Loss: 0.7584, Metric: r2, Train: 0.7338, Val: -0.0766, best Val: 0.2250, Test: 0.2946
out of patience!
******PAMPA1_Perimeter_2044, 2th_time_result******
train_result: 0.5483
val_result: 0.225
test_result: 0.2689
Current seed: 2044
Pre-processed data found: data/processed/PAMPA1_Perimeter_2044/PAMPA1_Perimeter_2044_train.pt, loading ...
Pre-processed data found: data/processed/PAMPA1_Perimeter_2044/PAMPA1_Perimeter_2044_valid.pt, loading ...
Pre-processed data found: data/processed/PAMPA1_Perimeter_2044/PAMPA1_Perimeter_2044_test.pt, loading ...
trainset mean:-5.599999904632568 std:0.9500002861022949
Training on 4705 samples...
Train epoch: 1 [0/4705 (0%)]	Loss: 1.458103
Make prediction for 4705 samples...
Make prediction for 868 samples...
Make prediction for 1064 samples...
Make prediction for 1064 samples...
Epoch: 000, Train Loss: 1.3852, Metric: r2, Train: -0.0165, Val: -0.2574, best Val: -0.2574, Test: -0.0955
Training on 4705 samples...
Train epoch: 2 [0/4705 (0%)]	Loss: 1.439872
Make prediction for 4705 samples...
Make prediction for 868 samples...
Make prediction for 1064 samples...
Make prediction for 1064 samples...
Epoch: 001, Train Loss: 1.3478, Metric: r2, Train: 0.0325, Val: -0.1014, best Val: -0.1014, Test: -0.0303
Training on 4705 samples...
Train epoch: 3 [0/4705 (0%)]	Loss: 1.286937
Make prediction for 4705 samples...
Make prediction for 868 samples...
Make prediction for 1064 samples...
EarlyStopping counter: 1 out of 30
Epoch: 002, Train Loss: 1.2875, Metric: r2, Train: 0.1469, Val: -0.3342, best Val: -0.1014, Test: -0.1266
Training on 4705 samples...
Train epoch: 4 [0/4705 (0%)]	Loss: 1.314067
Make prediction for 4705 samples...
Make prediction for 868 samples...
Make prediction for 1064 samples...
Make prediction for 1064 samples...
Epoch: 003, Train Loss: 1.2082, Metric: r2, Train: 0.2296, Val: -0.0389, best Val: -0.0389, Test: 0.0058
Training on 4705 samples...
Train epoch: 5 [0/4705 (0%)]	Loss: 1.231894
Make prediction for 4705 samples...
Make prediction for 868 samples...
Make prediction for 1064 samples...
Make prediction for 1064 samples...
Epoch: 004, Train Loss: 1.1947, Metric: r2, Train: 0.2672, Val: 0.0172, best Val: 0.0172, Test: 0.0815
Training on 4705 samples...
Train epoch: 6 [0/4705 (0%)]	Loss: 1.137209
Make prediction for 4705 samples...
Make prediction for 868 samples...
Make prediction for 1064 samples...
Make prediction for 1064 samples...
Epoch: 005, Train Loss: 1.1665, Metric: r2, Train: 0.2957, Val: 0.0780, best Val: 0.0780, Test: 0.2084
Training on 4705 samples...
Train epoch: 7 [0/4705 (0%)]	Loss: 1.244908
Make prediction for 4705 samples...
Make prediction for 868 samples...
Make prediction for 1064 samples...
Make prediction for 1064 samples...
Epoch: 006, Train Loss: 1.1355, Metric: r2, Train: 0.3255, Val: 0.1509, best Val: 0.1509, Test: 0.2335
Training on 4705 samples...
Train epoch: 8 [0/4705 (0%)]	Loss: 1.033342
Make prediction for 4705 samples...
Make prediction for 868 samples...
Make prediction for 1064 samples...
EarlyStopping counter: 1 out of 30
Epoch: 007, Train Loss: 1.1161, Metric: r2, Train: 0.3281, Val: 0.0396, best Val: 0.1509, Test: 0.1869
Training on 4705 samples...
Train epoch: 9 [0/4705 (0%)]	Loss: 1.103154
Make prediction for 4705 samples...
Make prediction for 868 samples...
Make prediction for 1064 samples...
Make prediction for 1064 samples...
Epoch: 008, Train Loss: 1.1132, Metric: r2, Train: 0.3824, Val: 0.1832, best Val: 0.1832, Test: 0.2246
Training on 4705 samples...
Train epoch: 10 [0/4705 (0%)]	Loss: 1.076832
Make prediction for 4705 samples...
Make prediction for 868 samples...
Make prediction for 1064 samples...
EarlyStopping counter: 1 out of 30
Epoch: 009, Train Loss: 1.1170, Metric: r2, Train: 0.2878, Val: 0.1595, best Val: 0.1832, Test: 0.1355
Training on 4705 samples...
Train epoch: 11 [0/4705 (0%)]	Loss: 1.084807
Make prediction for 4705 samples...
Make prediction for 868 samples...
Make prediction for 1064 samples...
EarlyStopping counter: 2 out of 30
Epoch: 010, Train Loss: 1.0816, Metric: r2, Train: 0.4181, Val: 0.1483, best Val: 0.1832, Test: 0.2457
Training on 4705 samples...
Train epoch: 12 [0/4705 (0%)]	Loss: 1.103380
Make prediction for 4705 samples...
Make prediction for 868 samples...
Make prediction for 1064 samples...
EarlyStopping counter: 3 out of 30
Epoch: 011, Train Loss: 1.0687, Metric: r2, Train: 0.4041, Val: 0.1304, best Val: 0.1832, Test: 0.0898
Training on 4705 samples...
Train epoch: 13 [0/4705 (0%)]	Loss: 1.004323
Make prediction for 4705 samples...
Make prediction for 868 samples...
Make prediction for 1064 samples...
Make prediction for 1064 samples...
Epoch: 012, Train Loss: 1.0622, Metric: r2, Train: 0.3407, Val: 0.2444, best Val: 0.2444, Test: 0.1824
Training on 4705 samples...
Train epoch: 14 [0/4705 (0%)]	Loss: 1.165122
Make prediction for 4705 samples...
Make prediction for 868 samples...
Make prediction for 1064 samples...
EarlyStopping counter: 1 out of 30
Epoch: 013, Train Loss: 1.0627, Metric: r2, Train: 0.4537, Val: 0.0041, best Val: 0.2444, Test: 0.1349
Training on 4705 samples...
Train epoch: 15 [0/4705 (0%)]	Loss: 1.044768
Make prediction for 4705 samples...
Make prediction for 868 samples...
Make prediction for 1064 samples...
EarlyStopping counter: 2 out of 30
Epoch: 014, Train Loss: 1.0540, Metric: r2, Train: 0.4002, Val: -0.4757, best Val: 0.2444, Test: -0.1360
Training on 4705 samples...
Train epoch: 16 [0/4705 (0%)]	Loss: 1.072855
Make prediction for 4705 samples...
Make prediction for 868 samples...
Make prediction for 1064 samples...
EarlyStopping counter: 3 out of 30
Epoch: 015, Train Loss: 1.0240, Metric: r2, Train: 0.4792, Val: -0.1267, best Val: 0.2444, Test: 0.2087
Training on 4705 samples...
Train epoch: 17 [0/4705 (0%)]	Loss: 1.056901
Make prediction for 4705 samples...
Make prediction for 868 samples...
Make prediction for 1064 samples...
EarlyStopping counter: 4 out of 30
Epoch: 016, Train Loss: 1.0150, Metric: r2, Train: 0.4898, Val: 0.1101, best Val: 0.2444, Test: 0.1442
Training on 4705 samples...
Train epoch: 18 [0/4705 (0%)]	Loss: 1.031931
Make prediction for 4705 samples...
Make prediction for 868 samples...
Make prediction for 1064 samples...
EarlyStopping counter: 5 out of 30
Epoch: 017, Train Loss: 1.0113, Metric: r2, Train: 0.4852, Val: -0.6731, best Val: 0.2444, Test: -0.1694
Training on 4705 samples...
Train epoch: 19 [0/4705 (0%)]	Loss: 1.082270
Make prediction for 4705 samples...
Make prediction for 868 samples...
Make prediction for 1064 samples...
EarlyStopping counter: 6 out of 30
Epoch: 018, Train Loss: 1.0006, Metric: r2, Train: 0.5153, Val: -0.4222, best Val: 0.2444, Test: -0.0059
Training on 4705 samples...
Train epoch: 20 [0/4705 (0%)]	Loss: 0.999805
Make prediction for 4705 samples...
Make prediction for 868 samples...
Make prediction for 1064 samples...
EarlyStopping counter: 7 out of 30
Epoch: 019, Train Loss: 0.9841, Metric: r2, Train: 0.5008, Val: -0.3329, best Val: 0.2444, Test: 0.0300
Training on 4705 samples...
Train epoch: 21 [0/4705 (0%)]	Loss: 0.957024
Make prediction for 4705 samples...
Make prediction for 868 samples...
Make prediction for 1064 samples...
EarlyStopping counter: 8 out of 30
Epoch: 020, Train Loss: 0.9834, Metric: r2, Train: 0.5379, Val: -0.1001, best Val: 0.2444, Test: 0.1381
Training on 4705 samples...
Train epoch: 22 [0/4705 (0%)]	Loss: 0.848989
Make prediction for 4705 samples...
Make prediction for 868 samples...
Make prediction for 1064 samples...
EarlyStopping counter: 9 out of 30
Epoch: 021, Train Loss: 0.9889, Metric: r2, Train: 0.4859, Val: -0.3710, best Val: 0.2444, Test: 0.0425
Training on 4705 samples...
Train epoch: 23 [0/4705 (0%)]	Loss: 0.932761
Make prediction for 4705 samples...
Make prediction for 868 samples...
Make prediction for 1064 samples...
EarlyStopping counter: 10 out of 30
Epoch: 022, Train Loss: 0.9798, Metric: r2, Train: 0.5219, Val: 0.1104, best Val: 0.2444, Test: 0.0770
Training on 4705 samples...
Train epoch: 24 [0/4705 (0%)]	Loss: 1.016610
Make prediction for 4705 samples...
Make prediction for 868 samples...
Make prediction for 1064 samples...
EarlyStopping counter: 11 out of 30
Epoch: 023, Train Loss: 0.9564, Metric: r2, Train: 0.5090, Val: 0.1834, best Val: 0.2444, Test: 0.1914
Training on 4705 samples...
Train epoch: 25 [0/4705 (0%)]	Loss: 0.971654
Make prediction for 4705 samples...
Make prediction for 868 samples...
Make prediction for 1064 samples...
EarlyStopping counter: 12 out of 30
Epoch: 024, Train Loss: 0.9663, Metric: r2, Train: 0.5452, Val: -0.3468, best Val: 0.2444, Test: 0.0462
Training on 4705 samples...
Train epoch: 26 [0/4705 (0%)]	Loss: 0.988563
Make prediction for 4705 samples...
Make prediction for 868 samples...
Make prediction for 1064 samples...
EarlyStopping counter: 13 out of 30
Epoch: 025, Train Loss: 0.9636, Metric: r2, Train: 0.5099, Val: -0.6315, best Val: 0.2444, Test: -0.0969
Training on 4705 samples...
Train epoch: 27 [0/4705 (0%)]	Loss: 0.967580
Make prediction for 4705 samples...
Make prediction for 868 samples...
Make prediction for 1064 samples...
EarlyStopping counter: 14 out of 30
Epoch: 026, Train Loss: 0.9522, Metric: r2, Train: 0.5644, Val: -0.2702, best Val: 0.2444, Test: 0.0172
Training on 4705 samples...
Train epoch: 28 [0/4705 (0%)]	Loss: 0.943215
Make prediction for 4705 samples...
Make prediction for 868 samples...
Make prediction for 1064 samples...
EarlyStopping counter: 15 out of 30
Epoch: 027, Train Loss: 0.9459, Metric: r2, Train: 0.5779, Val: 0.0329, best Val: 0.2444, Test: 0.1676
Training on 4705 samples...
Train epoch: 29 [0/4705 (0%)]	Loss: 0.973982
Make prediction for 4705 samples...
Make prediction for 868 samples...
Make prediction for 1064 samples...
EarlyStopping counter: 16 out of 30
Epoch: 028, Train Loss: 0.9097, Metric: r2, Train: 0.5642, Val: 0.0540, best Val: 0.2444, Test: 0.1563
Training on 4705 samples...
Train epoch: 30 [0/4705 (0%)]	Loss: 1.007366
Make prediction for 4705 samples...
Make prediction for 868 samples...
Make prediction for 1064 samples...
EarlyStopping counter: 17 out of 30
Epoch: 029, Train Loss: 0.9222, Metric: r2, Train: 0.5585, Val: -0.0813, best Val: 0.2444, Test: 0.0807
Training on 4705 samples...
Train epoch: 31 [0/4705 (0%)]	Loss: 0.981474
Make prediction for 4705 samples...
Make prediction for 868 samples...
Make prediction for 1064 samples...
EarlyStopping counter: 18 out of 30
Epoch: 030, Train Loss: 0.9059, Metric: r2, Train: 0.6008, Val: -0.4147, best Val: 0.2444, Test: -0.0642
Training on 4705 samples...
Train epoch: 32 [0/4705 (0%)]	Loss: 0.917042
Make prediction for 4705 samples...
Make prediction for 868 samples...
Make prediction for 1064 samples...
EarlyStopping counter: 19 out of 30
Epoch: 031, Train Loss: 0.9031, Metric: r2, Train: 0.6134, Val: -0.0556, best Val: 0.2444, Test: 0.1881
Training on 4705 samples...
Train epoch: 33 [0/4705 (0%)]	Loss: 0.908746
Make prediction for 4705 samples...
Make prediction for 868 samples...
Make prediction for 1064 samples...
EarlyStopping counter: 20 out of 30
Epoch: 032, Train Loss: 0.9054, Metric: r2, Train: 0.5770, Val: 0.1902, best Val: 0.2444, Test: 0.1314
Training on 4705 samples...
Train epoch: 34 [0/4705 (0%)]	Loss: 0.954264
Make prediction for 4705 samples...
Make prediction for 868 samples...
Make prediction for 1064 samples...
EarlyStopping counter: 21 out of 30
Epoch: 033, Train Loss: 0.9227, Metric: r2, Train: 0.6025, Val: -0.2301, best Val: 0.2444, Test: 0.1002
Training on 4705 samples...
Train epoch: 35 [0/4705 (0%)]	Loss: 0.890524
Make prediction for 4705 samples...
Make prediction for 868 samples...
Make prediction for 1064 samples...
EarlyStopping counter: 22 out of 30
Epoch: 034, Train Loss: 0.8974, Metric: r2, Train: 0.5937, Val: -0.0739, best Val: 0.2444, Test: 0.1425
Training on 4705 samples...
Train epoch: 36 [0/4705 (0%)]	Loss: 0.918243
Make prediction for 4705 samples...
Make prediction for 868 samples...
Make prediction for 1064 samples...
EarlyStopping counter: 23 out of 30
Epoch: 035, Train Loss: 0.9082, Metric: r2, Train: 0.6228, Val: -0.0449, best Val: 0.2444, Test: 0.1207
Training on 4705 samples...
Train epoch: 37 [0/4705 (0%)]	Loss: 0.904138
Make prediction for 4705 samples...
Make prediction for 868 samples...
Make prediction for 1064 samples...
EarlyStopping counter: 24 out of 30
Epoch: 036, Train Loss: 0.8828, Metric: r2, Train: 0.6087, Val: 0.0719, best Val: 0.2444, Test: 0.2068
Training on 4705 samples...
Train epoch: 38 [0/4705 (0%)]	Loss: 0.921957
Make prediction for 4705 samples...
Make prediction for 868 samples...
Make prediction for 1064 samples...
EarlyStopping counter: 25 out of 30
Epoch: 037, Train Loss: 0.8523, Metric: r2, Train: 0.5742, Val: 0.1007, best Val: 0.2444, Test: 0.2011
Training on 4705 samples...
Train epoch: 39 [0/4705 (0%)]	Loss: 0.862183
Make prediction for 4705 samples...
Make prediction for 868 samples...
Make prediction for 1064 samples...
EarlyStopping counter: 26 out of 30
Epoch: 038, Train Loss: 0.8526, Metric: r2, Train: 0.6663, Val: -0.1980, best Val: 0.2444, Test: 0.0973
Training on 4705 samples...
Train epoch: 40 [0/4705 (0%)]	Loss: 0.798313
Make prediction for 4705 samples...
Make prediction for 868 samples...
Make prediction for 1064 samples...
EarlyStopping counter: 27 out of 30
Epoch: 039, Train Loss: 0.8414, Metric: r2, Train: 0.6258, Val: -0.4143, best Val: 0.2444, Test: -0.0190
Training on 4705 samples...
Train epoch: 41 [0/4705 (0%)]	Loss: 0.811038
Make prediction for 4705 samples...
Make prediction for 868 samples...
Make prediction for 1064 samples...
EarlyStopping counter: 28 out of 30
Epoch: 040, Train Loss: 0.8362, Metric: r2, Train: 0.6480, Val: -0.1028, best Val: 0.2444, Test: 0.1944
Training on 4705 samples...
Train epoch: 42 [0/4705 (0%)]	Loss: 0.843583
Make prediction for 4705 samples...
Make prediction for 868 samples...
Make prediction for 1064 samples...
EarlyStopping counter: 29 out of 30
Epoch: 041, Train Loss: 0.8152, Metric: r2, Train: 0.6831, Val: -0.1901, best Val: 0.2444, Test: 0.1226
Training on 4705 samples...
Train epoch: 43 [0/4705 (0%)]	Loss: 0.773793
Make prediction for 4705 samples...
Make prediction for 868 samples...
Make prediction for 1064 samples...
EarlyStopping counter: 30 out of 30
Epoch: 042, Train Loss: 0.8200, Metric: r2, Train: 0.6296, Val: -0.5824, best Val: 0.2444, Test: -0.1548
out of patience!
******PAMPA1_Perimeter_2044, 3th_time_result******
train_result: 0.3407
val_result: 0.2444
test_result: 0.1824
Current seed: 2054
Pre-processed data found: data/processed/PAMPA1_Perimeter_2044/PAMPA1_Perimeter_2044_train.pt, loading ...
Pre-processed data found: data/processed/PAMPA1_Perimeter_2044/PAMPA1_Perimeter_2044_valid.pt, loading ...
Pre-processed data found: data/processed/PAMPA1_Perimeter_2044/PAMPA1_Perimeter_2044_test.pt, loading ...
trainset mean:-5.599999904632568 std:0.9500002861022949
Training on 4705 samples...
Train epoch: 1 [0/4705 (0%)]	Loss: 1.482950
Make prediction for 4705 samples...
Make prediction for 868 samples...
Make prediction for 1064 samples...
Make prediction for 1064 samples...
Epoch: 000, Train Loss: 1.3905, Metric: r2, Train: 0.0042, Val: -0.0749, best Val: -0.0749, Test: -0.0191
Training on 4705 samples...
Train epoch: 2 [0/4705 (0%)]	Loss: 1.230223
Make prediction for 4705 samples...
Make prediction for 868 samples...
Make prediction for 1064 samples...
EarlyStopping counter: 1 out of 30
Epoch: 001, Train Loss: 1.3343, Metric: r2, Train: 0.0916, Val: -0.2639, best Val: -0.0749, Test: -0.1151
Training on 4705 samples...
Train epoch: 3 [0/4705 (0%)]	Loss: 1.165252
Make prediction for 4705 samples...
Make prediction for 868 samples...
Make prediction for 1064 samples...
EarlyStopping counter: 2 out of 30
Epoch: 002, Train Loss: 1.3023, Metric: r2, Train: 0.1321, Val: -0.3237, best Val: -0.0749, Test: -0.1181
Training on 4705 samples...
Train epoch: 4 [0/4705 (0%)]	Loss: 1.269193
Make prediction for 4705 samples...
Make prediction for 868 samples...
Make prediction for 1064 samples...
EarlyStopping counter: 3 out of 30
Epoch: 003, Train Loss: 1.2443, Metric: r2, Train: 0.1976, Val: -0.1754, best Val: -0.0749, Test: -0.0026
Training on 4705 samples...
Train epoch: 5 [0/4705 (0%)]	Loss: 1.144420
Make prediction for 4705 samples...
Make prediction for 868 samples...
Make prediction for 1064 samples...
Make prediction for 1064 samples...
Epoch: 004, Train Loss: 1.2020, Metric: r2, Train: 0.2474, Val: -0.0409, best Val: -0.0409, Test: 0.1125
Training on 4705 samples...
Train epoch: 6 [0/4705 (0%)]	Loss: 1.128608
Make prediction for 4705 samples...
Make prediction for 868 samples...
Make prediction for 1064 samples...
EarlyStopping counter: 1 out of 30
Epoch: 005, Train Loss: 1.1680, Metric: r2, Train: 0.2707, Val: -0.0786, best Val: -0.0409, Test: 0.1058
Training on 4705 samples...
Train epoch: 7 [0/4705 (0%)]	Loss: 1.087304
Make prediction for 4705 samples...
Make prediction for 868 samples...
Make prediction for 1064 samples...
Make prediction for 1064 samples...
Epoch: 006, Train Loss: 1.2031, Metric: r2, Train: 0.2647, Val: 0.0772, best Val: 0.0772, Test: 0.1297
Training on 4705 samples...
Train epoch: 8 [0/4705 (0%)]	Loss: 1.142201
Make prediction for 4705 samples...
Make prediction for 868 samples...
Make prediction for 1064 samples...
EarlyStopping counter: 1 out of 30
Epoch: 007, Train Loss: 1.1367, Metric: r2, Train: 0.3435, Val: 0.0737, best Val: 0.0772, Test: 0.1968
Training on 4705 samples...
Train epoch: 9 [0/4705 (0%)]	Loss: 1.061096
Make prediction for 4705 samples...
Make prediction for 868 samples...
Make prediction for 1064 samples...
EarlyStopping counter: 2 out of 30
Epoch: 008, Train Loss: 1.1288, Metric: r2, Train: 0.3585, Val: 0.0570, best Val: 0.0772, Test: 0.1866
Training on 4705 samples...
Train epoch: 10 [0/4705 (0%)]	Loss: 1.104647
Make prediction for 4705 samples...
Make prediction for 868 samples...
Make prediction for 1064 samples...
EarlyStopping counter: 3 out of 30
Epoch: 009, Train Loss: 1.1061, Metric: r2, Train: 0.3583, Val: 0.0027, best Val: 0.0772, Test: 0.1559
Training on 4705 samples...
Train epoch: 11 [0/4705 (0%)]	Loss: 1.060447
Make prediction for 4705 samples...
Make prediction for 868 samples...
Make prediction for 1064 samples...
Make prediction for 1064 samples...
Epoch: 010, Train Loss: 1.0829, Metric: r2, Train: 0.4043, Val: 0.0931, best Val: 0.0931, Test: 0.2557
Training on 4705 samples...
Train epoch: 12 [0/4705 (0%)]	Loss: 1.077325
Make prediction for 4705 samples...
Make prediction for 868 samples...
Make prediction for 1064 samples...
Make prediction for 1064 samples...
Epoch: 011, Train Loss: 1.0576, Metric: r2, Train: 0.4340, Val: 0.1557, best Val: 0.1557, Test: 0.2583
Training on 4705 samples...
Train epoch: 13 [0/4705 (0%)]	Loss: 1.002608
Make prediction for 4705 samples...
Make prediction for 868 samples...
Make prediction for 1064 samples...
EarlyStopping counter: 1 out of 30
Epoch: 012, Train Loss: 1.0525, Metric: r2, Train: 0.4417, Val: -0.0209, best Val: 0.1557, Test: 0.1846
Training on 4705 samples...
Train epoch: 14 [0/4705 (0%)]	Loss: 1.019442
Make prediction for 4705 samples...
Make prediction for 868 samples...
Make prediction for 1064 samples...
Make prediction for 1064 samples...
Epoch: 013, Train Loss: 1.0548, Metric: r2, Train: 0.4113, Val: 0.1787, best Val: 0.1787, Test: 0.2429
Training on 4705 samples...
Train epoch: 15 [0/4705 (0%)]	Loss: 1.058795
Make prediction for 4705 samples...
Make prediction for 868 samples...
Make prediction for 1064 samples...
EarlyStopping counter: 1 out of 30
Epoch: 014, Train Loss: 1.0422, Metric: r2, Train: 0.4610, Val: -0.1596, best Val: 0.1787, Test: 0.1534
Training on 4705 samples...
Train epoch: 16 [0/4705 (0%)]	Loss: 1.044544
Make prediction for 4705 samples...
Make prediction for 868 samples...
Make prediction for 1064 samples...
EarlyStopping counter: 2 out of 30
Epoch: 015, Train Loss: 1.0204, Metric: r2, Train: 0.4240, Val: -0.5056, best Val: 0.1787, Test: 0.0012
Training on 4705 samples...
Train epoch: 17 [0/4705 (0%)]	Loss: 1.064005
Make prediction for 4705 samples...
Make prediction for 868 samples...
Make prediction for 1064 samples...
EarlyStopping counter: 3 out of 30
Epoch: 016, Train Loss: 1.0441, Metric: r2, Train: 0.4488, Val: 0.0392, best Val: 0.1787, Test: 0.2341
Training on 4705 samples...
Train epoch: 18 [0/4705 (0%)]	Loss: 1.004130
Make prediction for 4705 samples...
Make prediction for 868 samples...
Make prediction for 1064 samples...
EarlyStopping counter: 4 out of 30
Epoch: 017, Train Loss: 1.0160, Metric: r2, Train: 0.4947, Val: -0.1732, best Val: 0.1787, Test: 0.2232
Training on 4705 samples...
Train epoch: 19 [0/4705 (0%)]	Loss: 0.907416
Make prediction for 4705 samples...
Make prediction for 868 samples...
Make prediction for 1064 samples...
EarlyStopping counter: 5 out of 30
Epoch: 018, Train Loss: 1.0115, Metric: r2, Train: 0.4866, Val: -0.2449, best Val: 0.1787, Test: 0.1260
Training on 4705 samples...
Train epoch: 20 [0/4705 (0%)]	Loss: 0.984381
Make prediction for 4705 samples...
Make prediction for 868 samples...
Make prediction for 1064 samples...
EarlyStopping counter: 6 out of 30
Epoch: 019, Train Loss: 0.9972, Metric: r2, Train: 0.5189, Val: -0.3537, best Val: 0.1787, Test: 0.1611
Training on 4705 samples...
Train epoch: 21 [0/4705 (0%)]	Loss: 0.954594
Make prediction for 4705 samples...
Make prediction for 868 samples...
Make prediction for 1064 samples...
Make prediction for 1064 samples...
Epoch: 020, Train Loss: 0.9844, Metric: r2, Train: 0.4904, Val: 0.2401, best Val: 0.2401, Test: 0.3567
Training on 4705 samples...
Train epoch: 22 [0/4705 (0%)]	Loss: 1.025836
Make prediction for 4705 samples...
Make prediction for 868 samples...
Make prediction for 1064 samples...
EarlyStopping counter: 1 out of 30
Epoch: 021, Train Loss: 0.9814, Metric: r2, Train: 0.4977, Val: -0.5232, best Val: 0.2401, Test: 0.0135
Training on 4705 samples...
Train epoch: 23 [0/4705 (0%)]	Loss: 0.968991
Make prediction for 4705 samples...
Make prediction for 868 samples...
Make prediction for 1064 samples...
EarlyStopping counter: 2 out of 30
Epoch: 022, Train Loss: 1.0217, Metric: r2, Train: 0.4700, Val: -0.5340, best Val: 0.2401, Test: -0.0380
Training on 4705 samples...
Train epoch: 24 [0/4705 (0%)]	Loss: 1.129709
Make prediction for 4705 samples...
Make prediction for 868 samples...
Make prediction for 1064 samples...
EarlyStopping counter: 3 out of 30
Epoch: 023, Train Loss: 0.9742, Metric: r2, Train: 0.4990, Val: 0.1531, best Val: 0.2401, Test: 0.3356
Training on 4705 samples...
Train epoch: 25 [0/4705 (0%)]	Loss: 0.990579
Make prediction for 4705 samples...
Make prediction for 868 samples...
Make prediction for 1064 samples...
EarlyStopping counter: 4 out of 30
Epoch: 024, Train Loss: 0.9750, Metric: r2, Train: 0.5479, Val: -0.3825, best Val: 0.2401, Test: 0.1169
Training on 4705 samples...
Train epoch: 26 [0/4705 (0%)]	Loss: 0.904308
Make prediction for 4705 samples...
Make prediction for 868 samples...
Make prediction for 1064 samples...
EarlyStopping counter: 5 out of 30
Epoch: 025, Train Loss: 0.9565, Metric: r2, Train: 0.5491, Val: 0.1867, best Val: 0.2401, Test: 0.2755
Training on 4705 samples...
Train epoch: 27 [0/4705 (0%)]	Loss: 1.026575
Make prediction for 4705 samples...
Make prediction for 868 samples...
Make prediction for 1064 samples...
EarlyStopping counter: 6 out of 30
Epoch: 026, Train Loss: 0.9521, Metric: r2, Train: 0.5577, Val: -0.0453, best Val: 0.2401, Test: 0.2117
Training on 4705 samples...
Train epoch: 28 [0/4705 (0%)]	Loss: 0.931033
Make prediction for 4705 samples...
Make prediction for 868 samples...
Make prediction for 1064 samples...
EarlyStopping counter: 7 out of 30
Epoch: 027, Train Loss: 0.9433, Metric: r2, Train: 0.5611, Val: -0.2567, best Val: 0.2401, Test: 0.1237
Training on 4705 samples...
Train epoch: 29 [0/4705 (0%)]	Loss: 0.944729
Make prediction for 4705 samples...
Make prediction for 868 samples...
Make prediction for 1064 samples...
EarlyStopping counter: 8 out of 30
Epoch: 028, Train Loss: 0.9352, Metric: r2, Train: 0.5719, Val: -0.0401, best Val: 0.2401, Test: 0.1965
Training on 4705 samples...
Train epoch: 30 [0/4705 (0%)]	Loss: 0.955143
Make prediction for 4705 samples...
Make prediction for 868 samples...
Make prediction for 1064 samples...
EarlyStopping counter: 9 out of 30
Epoch: 029, Train Loss: 0.9175, Metric: r2, Train: 0.5706, Val: -0.0933, best Val: 0.2401, Test: 0.1887
Training on 4705 samples...
Train epoch: 31 [0/4705 (0%)]	Loss: 0.925207
Make prediction for 4705 samples...
Make prediction for 868 samples...
Make prediction for 1064 samples...
EarlyStopping counter: 10 out of 30
Epoch: 030, Train Loss: 0.9202, Metric: r2, Train: 0.5984, Val: -0.4092, best Val: 0.2401, Test: 0.1180
Training on 4705 samples...
Train epoch: 32 [0/4705 (0%)]	Loss: 0.978192
Make prediction for 4705 samples...
Make prediction for 868 samples...
Make prediction for 1064 samples...
EarlyStopping counter: 11 out of 30
Epoch: 031, Train Loss: 0.9105, Metric: r2, Train: 0.5940, Val: -0.1702, best Val: 0.2401, Test: 0.1285
Training on 4705 samples...
Train epoch: 33 [0/4705 (0%)]	Loss: 0.944859
Make prediction for 4705 samples...
Make prediction for 868 samples...
Make prediction for 1064 samples...
EarlyStopping counter: 12 out of 30
Epoch: 032, Train Loss: 0.9079, Metric: r2, Train: 0.5746, Val: -0.1651, best Val: 0.2401, Test: 0.0922
Training on 4705 samples...
Train epoch: 34 [0/4705 (0%)]	Loss: 0.998289
Make prediction for 4705 samples...
Make prediction for 868 samples...
Make prediction for 1064 samples...
EarlyStopping counter: 13 out of 30
Epoch: 033, Train Loss: 0.9314, Metric: r2, Train: 0.5307, Val: -0.2928, best Val: 0.2401, Test: 0.0323
Training on 4705 samples...
Train epoch: 35 [0/4705 (0%)]	Loss: 0.966132
Make prediction for 4705 samples...
Make prediction for 868 samples...
Make prediction for 1064 samples...
EarlyStopping counter: 14 out of 30
Epoch: 034, Train Loss: 0.8923, Metric: r2, Train: 0.5606, Val: -0.2753, best Val: 0.2401, Test: 0.0446
Training on 4705 samples...
Train epoch: 36 [0/4705 (0%)]	Loss: 0.958616
Make prediction for 4705 samples...
Make prediction for 868 samples...
Make prediction for 1064 samples...
EarlyStopping counter: 15 out of 30
Epoch: 035, Train Loss: 0.8859, Metric: r2, Train: 0.6494, Val: -0.2819, best Val: 0.2401, Test: 0.0946
Training on 4705 samples...
Train epoch: 37 [0/4705 (0%)]	Loss: 0.838050
Make prediction for 4705 samples...
Make prediction for 868 samples...
Make prediction for 1064 samples...
EarlyStopping counter: 16 out of 30
Epoch: 036, Train Loss: 0.8560, Metric: r2, Train: 0.6400, Val: -0.4475, best Val: 0.2401, Test: 0.0304
Training on 4705 samples...
Train epoch: 38 [0/4705 (0%)]	Loss: 0.842694
Make prediction for 4705 samples...
Make prediction for 868 samples...
Make prediction for 1064 samples...
EarlyStopping counter: 17 out of 30
Epoch: 037, Train Loss: 0.8423, Metric: r2, Train: 0.6508, Val: 0.0431, best Val: 0.2401, Test: 0.1938
Training on 4705 samples...
Train epoch: 39 [0/4705 (0%)]	Loss: 0.854057
Make prediction for 4705 samples...
Make prediction for 868 samples...
Make prediction for 1064 samples...
EarlyStopping counter: 18 out of 30
Epoch: 038, Train Loss: 0.8179, Metric: r2, Train: 0.6535, Val: -0.1049, best Val: 0.2401, Test: 0.2406
Training on 4705 samples...
Train epoch: 40 [0/4705 (0%)]	Loss: 0.844571
Make prediction for 4705 samples...
Make prediction for 868 samples...
Make prediction for 1064 samples...
EarlyStopping counter: 19 out of 30
Epoch: 039, Train Loss: 0.8109, Metric: r2, Train: 0.5704, Val: -0.5597, best Val: 0.2401, Test: -0.0869
Training on 4705 samples...
Train epoch: 41 [0/4705 (0%)]	Loss: 0.862618
Make prediction for 4705 samples...
Make prediction for 868 samples...
Make prediction for 1064 samples...
EarlyStopping counter: 20 out of 30
Epoch: 040, Train Loss: 0.8368, Metric: r2, Train: 0.6495, Val: -0.4199, best Val: 0.2401, Test: 0.0401
Training on 4705 samples...
Train epoch: 42 [0/4705 (0%)]	Loss: 0.754317
Make prediction for 4705 samples...
Make prediction for 868 samples...
Make prediction for 1064 samples...
EarlyStopping counter: 21 out of 30
Epoch: 041, Train Loss: 0.8092, Metric: r2, Train: 0.6611, Val: 0.1160, best Val: 0.2401, Test: 0.2820
Training on 4705 samples...
Train epoch: 43 [0/4705 (0%)]	Loss: 0.823283
Make prediction for 4705 samples...
Make prediction for 868 samples...
Make prediction for 1064 samples...
EarlyStopping counter: 22 out of 30
Epoch: 042, Train Loss: 0.7893, Metric: r2, Train: 0.6835, Val: 0.0471, best Val: 0.2401, Test: 0.3363
Training on 4705 samples...
Train epoch: 44 [0/4705 (0%)]	Loss: 0.746876
Make prediction for 4705 samples...
Make prediction for 868 samples...
Make prediction for 1064 samples...
EarlyStopping counter: 23 out of 30
Epoch: 043, Train Loss: 0.7896, Metric: r2, Train: 0.6627, Val: -0.4478, best Val: 0.2401, Test: 0.0353
Training on 4705 samples...
Train epoch: 45 [0/4705 (0%)]	Loss: 0.806957
Make prediction for 4705 samples...
Make prediction for 868 samples...
Make prediction for 1064 samples...
EarlyStopping counter: 24 out of 30
Epoch: 044, Train Loss: 0.7841, Metric: r2, Train: 0.6965, Val: -0.2733, best Val: 0.2401, Test: 0.1473
Training on 4705 samples...
Train epoch: 46 [0/4705 (0%)]	Loss: 0.741471
Make prediction for 4705 samples...
Make prediction for 868 samples...
Make prediction for 1064 samples...
EarlyStopping counter: 25 out of 30
Epoch: 045, Train Loss: 0.7727, Metric: r2, Train: 0.6659, Val: -0.0629, best Val: 0.2401, Test: 0.1907
Training on 4705 samples...
Train epoch: 47 [0/4705 (0%)]	Loss: 0.767844
Make prediction for 4705 samples...
Make prediction for 868 samples...
Make prediction for 1064 samples...
EarlyStopping counter: 26 out of 30
Epoch: 046, Train Loss: 0.7743, Metric: r2, Train: 0.6754, Val: -0.1428, best Val: 0.2401, Test: 0.2007
Training on 4705 samples...
Train epoch: 48 [0/4705 (0%)]	Loss: 0.817681
Make prediction for 4705 samples...
Make prediction for 868 samples...
Make prediction for 1064 samples...
EarlyStopping counter: 27 out of 30
Epoch: 047, Train Loss: 0.7679, Metric: r2, Train: 0.6827, Val: -0.3490, best Val: 0.2401, Test: 0.0617
Training on 4705 samples...
Train epoch: 49 [0/4705 (0%)]	Loss: 0.714998
Make prediction for 4705 samples...
Make prediction for 868 samples...
Make prediction for 1064 samples...
EarlyStopping counter: 28 out of 30
Epoch: 048, Train Loss: 0.7492, Metric: r2, Train: 0.7145, Val: -0.1356, best Val: 0.2401, Test: 0.2092
Training on 4705 samples...
Train epoch: 50 [0/4705 (0%)]	Loss: 0.713269
Make prediction for 4705 samples...
Make prediction for 868 samples...
Make prediction for 1064 samples...
EarlyStopping counter: 29 out of 30
Epoch: 049, Train Loss: 0.7424, Metric: r2, Train: 0.7171, Val: -0.2225, best Val: 0.2401, Test: 0.1930
Training on 4705 samples...
Train epoch: 51 [0/4705 (0%)]	Loss: 0.740312
Make prediction for 4705 samples...
Make prediction for 868 samples...
Make prediction for 1064 samples...
EarlyStopping counter: 30 out of 30
Epoch: 050, Train Loss: 0.7334, Metric: r2, Train: 0.7100, Val: -0.1709, best Val: 0.2401, Test: 0.1752
out of patience!
******PAMPA1_Perimeter_2044, 4th_time_result******
train_result: 0.4904
val_result: 0.2401
test_result: 0.3567
Current seed: 2064
Pre-processed data found: data/processed/PAMPA1_Perimeter_2044/PAMPA1_Perimeter_2044_train.pt, loading ...
Pre-processed data found: data/processed/PAMPA1_Perimeter_2044/PAMPA1_Perimeter_2044_valid.pt, loading ...
Pre-processed data found: data/processed/PAMPA1_Perimeter_2044/PAMPA1_Perimeter_2044_test.pt, loading ...
trainset mean:-5.599999904632568 std:0.9500002861022949
Training on 4705 samples...
Train epoch: 1 [0/4705 (0%)]	Loss: 1.368617
Make prediction for 4705 samples...
Make prediction for 868 samples...
Make prediction for 1064 samples...
Make prediction for 1064 samples...
Epoch: 000, Train Loss: 1.3878, Metric: r2, Train: -0.0030, Val: -0.1764, best Val: -0.1764, Test: -0.0545
Training on 4705 samples...
Train epoch: 2 [0/4705 (0%)]	Loss: 1.372871
Make prediction for 4705 samples...
Make prediction for 868 samples...
Make prediction for 1064 samples...
Make prediction for 1064 samples...
Epoch: 001, Train Loss: 1.3457, Metric: r2, Train: 0.0322, Val: -0.0430, best Val: -0.0430, Test: 0.0021
Training on 4705 samples...
Train epoch: 3 [0/4705 (0%)]	Loss: 1.492025
Make prediction for 4705 samples...
Make prediction for 868 samples...
Make prediction for 1064 samples...
EarlyStopping counter: 1 out of 30
Epoch: 002, Train Loss: 1.2976, Metric: r2, Train: 0.1518, Val: -0.1556, best Val: -0.0430, Test: 0.0068
Training on 4705 samples...
Train epoch: 4 [0/4705 (0%)]	Loss: 1.271931
Make prediction for 4705 samples...
Make prediction for 868 samples...
Make prediction for 1064 samples...
EarlyStopping counter: 2 out of 30
Epoch: 003, Train Loss: 1.2417, Metric: r2, Train: 0.0424, Val: -0.8244, best Val: -0.0430, Test: -0.3577
Training on 4705 samples...
Train epoch: 5 [0/4705 (0%)]	Loss: 1.333430
Make prediction for 4705 samples...
Make prediction for 868 samples...
Make prediction for 1064 samples...
EarlyStopping counter: 3 out of 30
Epoch: 004, Train Loss: 1.2326, Metric: r2, Train: 0.2163, Val: -0.1440, best Val: -0.0430, Test: -0.0201
Training on 4705 samples...
Train epoch: 6 [0/4705 (0%)]	Loss: 1.218013
Make prediction for 4705 samples...
Make prediction for 868 samples...
Make prediction for 1064 samples...
Make prediction for 1064 samples...
Epoch: 005, Train Loss: 1.1836, Metric: r2, Train: 0.2574, Val: -0.0018, best Val: -0.0018, Test: 0.0765
Training on 4705 samples...
Train epoch: 7 [0/4705 (0%)]	Loss: 1.117550
Make prediction for 4705 samples...
Make prediction for 868 samples...
Make prediction for 1064 samples...
Make prediction for 1064 samples...
Epoch: 006, Train Loss: 1.1648, Metric: r2, Train: 0.2979, Val: 0.0766, best Val: 0.0766, Test: 0.1757
Training on 4705 samples...
Train epoch: 8 [0/4705 (0%)]	Loss: 1.155049
Make prediction for 4705 samples...
Make prediction for 868 samples...
Make prediction for 1064 samples...
Make prediction for 1064 samples...
Epoch: 007, Train Loss: 1.1424, Metric: r2, Train: 0.3166, Val: 0.0930, best Val: 0.0930, Test: 0.1807
Training on 4705 samples...
Train epoch: 9 [0/4705 (0%)]	Loss: 1.283970
Make prediction for 4705 samples...
Make prediction for 868 samples...
Make prediction for 1064 samples...
EarlyStopping counter: 1 out of 30
Epoch: 008, Train Loss: 1.1245, Metric: r2, Train: 0.2974, Val: 0.0925, best Val: 0.0930, Test: 0.2029
Training on 4705 samples...
Train epoch: 10 [0/4705 (0%)]	Loss: 1.220129
Make prediction for 4705 samples...
Make prediction for 868 samples...
Make prediction for 1064 samples...
Make prediction for 1064 samples...
Epoch: 009, Train Loss: 1.1227, Metric: r2, Train: 0.3600, Val: 0.1805, best Val: 0.1805, Test: 0.2595
Training on 4705 samples...
Train epoch: 11 [0/4705 (0%)]	Loss: 1.089774
Make prediction for 4705 samples...
Make prediction for 868 samples...
Make prediction for 1064 samples...
EarlyStopping counter: 1 out of 30
Epoch: 010, Train Loss: 1.0980, Metric: r2, Train: 0.3197, Val: -0.1261, best Val: 0.1805, Test: 0.0167
Training on 4705 samples...
Train epoch: 12 [0/4705 (0%)]	Loss: 1.067184
Make prediction for 4705 samples...
Make prediction for 868 samples...
Make prediction for 1064 samples...
EarlyStopping counter: 2 out of 30
Epoch: 011, Train Loss: 1.1049, Metric: r2, Train: 0.3443, Val: 0.1208, best Val: 0.1805, Test: 0.1642
Training on 4705 samples...
Train epoch: 13 [0/4705 (0%)]	Loss: 1.117804
Make prediction for 4705 samples...
Make prediction for 868 samples...
Make prediction for 1064 samples...
EarlyStopping counter: 3 out of 30
Epoch: 012, Train Loss: 1.0857, Metric: r2, Train: 0.4196, Val: 0.0807, best Val: 0.1805, Test: 0.1253
Training on 4705 samples...
Train epoch: 14 [0/4705 (0%)]	Loss: 1.037711
Make prediction for 4705 samples...
Make prediction for 868 samples...
Make prediction for 1064 samples...
EarlyStopping counter: 4 out of 30
Epoch: 013, Train Loss: 1.0484, Metric: r2, Train: 0.4522, Val: -0.0072, best Val: 0.1805, Test: 0.0945
Training on 4705 samples...
Train epoch: 15 [0/4705 (0%)]	Loss: 1.052479
Make prediction for 4705 samples...
Make prediction for 868 samples...
Make prediction for 1064 samples...
EarlyStopping counter: 5 out of 30
Epoch: 014, Train Loss: 1.0439, Metric: r2, Train: 0.4507, Val: 0.1147, best Val: 0.1805, Test: 0.1589
Training on 4705 samples...
Train epoch: 16 [0/4705 (0%)]	Loss: 1.097916
Make prediction for 4705 samples...
Make prediction for 868 samples...
Make prediction for 1064 samples...
EarlyStopping counter: 6 out of 30
Epoch: 015, Train Loss: 1.0513, Metric: r2, Train: 0.4225, Val: -0.1811, best Val: 0.1805, Test: 0.0160
Training on 4705 samples...
Train epoch: 17 [0/4705 (0%)]	Loss: 1.111304
Make prediction for 4705 samples...
Make prediction for 868 samples...
Make prediction for 1064 samples...
EarlyStopping counter: 7 out of 30
Epoch: 016, Train Loss: 1.0265, Metric: r2, Train: 0.4839, Val: -0.0076, best Val: 0.1805, Test: 0.1329
Training on 4705 samples...
Train epoch: 18 [0/4705 (0%)]	Loss: 0.977615
Make prediction for 4705 samples...
Make prediction for 868 samples...
Make prediction for 1064 samples...
EarlyStopping counter: 8 out of 30
Epoch: 017, Train Loss: 1.0090, Metric: r2, Train: 0.4529, Val: -0.5093, best Val: 0.1805, Test: -0.1308
Training on 4705 samples...
Train epoch: 19 [0/4705 (0%)]	Loss: 1.008150
Make prediction for 4705 samples...
Make prediction for 868 samples...
Make prediction for 1064 samples...
EarlyStopping counter: 9 out of 30
Epoch: 018, Train Loss: 1.0091, Metric: r2, Train: 0.5102, Val: -0.1764, best Val: 0.1805, Test: 0.0382
Training on 4705 samples...
Train epoch: 20 [0/4705 (0%)]	Loss: 0.926002
Make prediction for 4705 samples...
Make prediction for 868 samples...
Make prediction for 1064 samples...
EarlyStopping counter: 10 out of 30
Epoch: 019, Train Loss: 0.9866, Metric: r2, Train: 0.5251, Val: -0.3403, best Val: 0.1805, Test: -0.0820
Training on 4705 samples...
Train epoch: 21 [0/4705 (0%)]	Loss: 0.891904
Make prediction for 4705 samples...
Make prediction for 868 samples...
Make prediction for 1064 samples...
EarlyStopping counter: 11 out of 30
Epoch: 020, Train Loss: 1.0147, Metric: r2, Train: 0.5128, Val: -0.2671, best Val: 0.1805, Test: -0.0587
Training on 4705 samples...
Train epoch: 22 [0/4705 (0%)]	Loss: 0.960921
Make prediction for 4705 samples...
Make prediction for 868 samples...
Make prediction for 1064 samples...
EarlyStopping counter: 12 out of 30
Epoch: 021, Train Loss: 0.9833, Metric: r2, Train: 0.5437, Val: -0.0319, best Val: 0.1805, Test: 0.1115
Training on 4705 samples...
Train epoch: 23 [0/4705 (0%)]	Loss: 0.989955
Make prediction for 4705 samples...
Make prediction for 868 samples...
Make prediction for 1064 samples...
EarlyStopping counter: 13 out of 30
Epoch: 022, Train Loss: 0.9704, Metric: r2, Train: 0.5314, Val: -0.1527, best Val: 0.1805, Test: 0.1030
Training on 4705 samples...
Train epoch: 24 [0/4705 (0%)]	Loss: 0.987490
Make prediction for 4705 samples...
Make prediction for 868 samples...
Make prediction for 1064 samples...
EarlyStopping counter: 14 out of 30
Epoch: 023, Train Loss: 0.9602, Metric: r2, Train: 0.5299, Val: -0.6330, best Val: 0.1805, Test: -0.1975
Training on 4705 samples...
Train epoch: 25 [0/4705 (0%)]	Loss: 0.906709
Make prediction for 4705 samples...
Make prediction for 868 samples...
Make prediction for 1064 samples...
EarlyStopping counter: 15 out of 30
Epoch: 024, Train Loss: 0.9698, Metric: r2, Train: 0.5721, Val: -0.4219, best Val: 0.1805, Test: -0.1075
Training on 4705 samples...
Train epoch: 26 [0/4705 (0%)]	Loss: 0.900895
Make prediction for 4705 samples...
Make prediction for 868 samples...
Make prediction for 1064 samples...
EarlyStopping counter: 16 out of 30
Epoch: 025, Train Loss: 0.9971, Metric: r2, Train: 0.4974, Val: 0.1050, best Val: 0.1805, Test: 0.1010
Training on 4705 samples...
Train epoch: 27 [0/4705 (0%)]	Loss: 0.995755
Make prediction for 4705 samples...
Make prediction for 868 samples...
Make prediction for 1064 samples...
EarlyStopping counter: 17 out of 30
Epoch: 026, Train Loss: 0.9659, Metric: r2, Train: 0.5627, Val: -0.3884, best Val: 0.1805, Test: 0.0478
Training on 4705 samples...
Train epoch: 28 [0/4705 (0%)]	Loss: 0.960332
Make prediction for 4705 samples...
Make prediction for 868 samples...
Make prediction for 1064 samples...
EarlyStopping counter: 18 out of 30
Epoch: 027, Train Loss: 0.9519, Metric: r2, Train: 0.5564, Val: -0.2994, best Val: 0.1805, Test: 0.0193
Training on 4705 samples...
Train epoch: 29 [0/4705 (0%)]	Loss: 0.930739
Make prediction for 4705 samples...
Make prediction for 868 samples...
Make prediction for 1064 samples...
EarlyStopping counter: 19 out of 30
Epoch: 028, Train Loss: 0.9425, Metric: r2, Train: 0.5441, Val: -0.3762, best Val: 0.1805, Test: -0.0376
Training on 4705 samples...
Train epoch: 30 [0/4705 (0%)]	Loss: 0.991371
Make prediction for 4705 samples...
Make prediction for 868 samples...
Make prediction for 1064 samples...
EarlyStopping counter: 20 out of 30
Epoch: 029, Train Loss: 0.9403, Metric: r2, Train: 0.5756, Val: -0.4069, best Val: 0.1805, Test: -0.0484
Training on 4705 samples...
Train epoch: 31 [0/4705 (0%)]	Loss: 0.902993
Make prediction for 4705 samples...
Make prediction for 868 samples...
Make prediction for 1064 samples...
EarlyStopping counter: 21 out of 30
Epoch: 030, Train Loss: 0.9478, Metric: r2, Train: 0.5920, Val: -0.3468, best Val: 0.1805, Test: 0.0435
Training on 4705 samples...
Train epoch: 32 [0/4705 (0%)]	Loss: 0.890243
Make prediction for 4705 samples...
Make prediction for 868 samples...
Make prediction for 1064 samples...
EarlyStopping counter: 22 out of 30
Epoch: 031, Train Loss: 0.9258, Metric: r2, Train: 0.5882, Val: -0.3972, best Val: 0.1805, Test: 0.0297
Training on 4705 samples...
Train epoch: 33 [0/4705 (0%)]	Loss: 0.991785
Make prediction for 4705 samples...
Make prediction for 868 samples...
Make prediction for 1064 samples...
EarlyStopping counter: 23 out of 30
Epoch: 032, Train Loss: 0.9684, Metric: r2, Train: 0.5787, Val: -0.1233, best Val: 0.1805, Test: 0.1778
Training on 4705 samples...
Train epoch: 34 [0/4705 (0%)]	Loss: 0.935473
Make prediction for 4705 samples...
Make prediction for 868 samples...
Make prediction for 1064 samples...
EarlyStopping counter: 24 out of 30
Epoch: 033, Train Loss: 0.9255, Metric: r2, Train: 0.5926, Val: -0.4124, best Val: 0.1805, Test: -0.0374
Training on 4705 samples...
Train epoch: 35 [0/4705 (0%)]	Loss: 0.889455
Make prediction for 4705 samples...
Make prediction for 868 samples...
Make prediction for 1064 samples...
EarlyStopping counter: 25 out of 30
Epoch: 034, Train Loss: 0.9010, Metric: r2, Train: 0.6033, Val: -0.5933, best Val: 0.1805, Test: 0.0044
Training on 4705 samples...
Train epoch: 36 [0/4705 (0%)]	Loss: 0.821761
Make prediction for 4705 samples...
Make prediction for 868 samples...
Make prediction for 1064 samples...
Make prediction for 1064 samples...
Epoch: 035, Train Loss: 0.9054, Metric: r2, Train: 0.4832, Val: 0.2264, best Val: 0.2264, Test: 0.3600
Training on 4705 samples...
Train epoch: 37 [0/4705 (0%)]	Loss: 1.015493
Make prediction for 4705 samples...
Make prediction for 868 samples...
Make prediction for 1064 samples...
EarlyStopping counter: 1 out of 30
Epoch: 036, Train Loss: 0.9179, Metric: r2, Train: 0.6205, Val: -0.2106, best Val: 0.2264, Test: 0.1086
Training on 4705 samples...
Train epoch: 38 [0/4705 (0%)]	Loss: 0.845010
Make prediction for 4705 samples...
Make prediction for 868 samples...
Make prediction for 1064 samples...
EarlyStopping counter: 2 out of 30
Epoch: 037, Train Loss: 0.9056, Metric: r2, Train: 0.6273, Val: -0.1384, best Val: 0.2264, Test: 0.1493
Training on 4705 samples...
Train epoch: 39 [0/4705 (0%)]	Loss: 0.913778
Make prediction for 4705 samples...
Make prediction for 868 samples...
Make prediction for 1064 samples...
EarlyStopping counter: 3 out of 30
Epoch: 038, Train Loss: 0.8899, Metric: r2, Train: 0.6006, Val: -0.3542, best Val: 0.2264, Test: 0.0674
Training on 4705 samples...
Train epoch: 40 [0/4705 (0%)]	Loss: 0.899145
Make prediction for 4705 samples...
Make prediction for 868 samples...
Make prediction for 1064 samples...
EarlyStopping counter: 4 out of 30
Epoch: 039, Train Loss: 0.8886, Metric: r2, Train: 0.6536, Val: -0.1204, best Val: 0.2264, Test: 0.1623
Training on 4705 samples...
Train epoch: 41 [0/4705 (0%)]	Loss: 0.853914
Make prediction for 4705 samples...
Make prediction for 868 samples...
Make prediction for 1064 samples...
EarlyStopping counter: 5 out of 30
Epoch: 040, Train Loss: 0.8751, Metric: r2, Train: 0.6543, Val: -0.1701, best Val: 0.2264, Test: 0.1769
Training on 4705 samples...
Train epoch: 42 [0/4705 (0%)]	Loss: 0.839936
Make prediction for 4705 samples...
Make prediction for 868 samples...
Make prediction for 1064 samples...
EarlyStopping counter: 6 out of 30
Epoch: 041, Train Loss: 0.8754, Metric: r2, Train: 0.6182, Val: -0.8818, best Val: 0.2264, Test: -0.2853
Training on 4705 samples...
Train epoch: 43 [0/4705 (0%)]	Loss: 0.911923
Make prediction for 4705 samples...
Make prediction for 868 samples...
Make prediction for 1064 samples...
EarlyStopping counter: 7 out of 30
Epoch: 042, Train Loss: 0.8800, Metric: r2, Train: 0.6109, Val: -0.0330, best Val: 0.2264, Test: 0.1799
Training on 4705 samples...
Train epoch: 44 [0/4705 (0%)]	Loss: 0.859382
Make prediction for 4705 samples...
Make prediction for 868 samples...
Make prediction for 1064 samples...
EarlyStopping counter: 8 out of 30
Epoch: 043, Train Loss: 0.8699, Metric: r2, Train: 0.6435, Val: 0.1855, best Val: 0.2264, Test: 0.3376
Training on 4705 samples...
Train epoch: 45 [0/4705 (0%)]	Loss: 0.840698
Make prediction for 4705 samples...
Make prediction for 868 samples...
Make prediction for 1064 samples...
EarlyStopping counter: 9 out of 30
Epoch: 044, Train Loss: 0.8826, Metric: r2, Train: 0.5977, Val: 0.2239, best Val: 0.2264, Test: 0.3018
Training on 4705 samples...
Train epoch: 46 [0/4705 (0%)]	Loss: 0.862081
Make prediction for 4705 samples...
Make prediction for 868 samples...
Make prediction for 1064 samples...
EarlyStopping counter: 10 out of 30
Epoch: 045, Train Loss: 0.8732, Metric: r2, Train: 0.6237, Val: -0.0718, best Val: 0.2264, Test: 0.2158
Training on 4705 samples...
Train epoch: 47 [0/4705 (0%)]	Loss: 0.901251
Make prediction for 4705 samples...
Make prediction for 868 samples...
Make prediction for 1064 samples...
EarlyStopping counter: 11 out of 30
Epoch: 046, Train Loss: 0.8415, Metric: r2, Train: 0.6722, Val: -0.3882, best Val: 0.2264, Test: 0.0265
Training on 4705 samples...
Train epoch: 48 [0/4705 (0%)]	Loss: 0.855255
Make prediction for 4705 samples...
Make prediction for 868 samples...
Make prediction for 1064 samples...
EarlyStopping counter: 12 out of 30
Epoch: 047, Train Loss: 0.8401, Metric: r2, Train: 0.6451, Val: -0.3585, best Val: 0.2264, Test: 0.0460
Training on 4705 samples...
Train epoch: 49 [0/4705 (0%)]	Loss: 0.800786
Make prediction for 4705 samples...
Make prediction for 868 samples...
Make prediction for 1064 samples...
EarlyStopping counter: 13 out of 30
Epoch: 048, Train Loss: 0.8205, Metric: r2, Train: 0.6761, Val: -0.3585, best Val: 0.2264, Test: 0.0807
Training on 4705 samples...
Train epoch: 50 [0/4705 (0%)]	Loss: 0.785016
Make prediction for 4705 samples...
Make prediction for 868 samples...
Make prediction for 1064 samples...
EarlyStopping counter: 14 out of 30
Epoch: 049, Train Loss: 0.7966, Metric: r2, Train: 0.6635, Val: -0.0937, best Val: 0.2264, Test: 0.1705
Training on 4705 samples...
Train epoch: 51 [0/4705 (0%)]	Loss: 0.803476
Make prediction for 4705 samples...
Make prediction for 868 samples...
Make prediction for 1064 samples...
EarlyStopping counter: 15 out of 30
Epoch: 050, Train Loss: 0.8091, Metric: r2, Train: 0.6768, Val: -0.8309, best Val: 0.2264, Test: -0.1424
Training on 4705 samples...
Train epoch: 52 [0/4705 (0%)]	Loss: 0.744055
Make prediction for 4705 samples...
Make prediction for 868 samples...
Make prediction for 1064 samples...
EarlyStopping counter: 16 out of 30
Epoch: 051, Train Loss: 0.7899, Metric: r2, Train: 0.7008, Val: -0.1921, best Val: 0.2264, Test: 0.1676
Training on 4705 samples...
Train epoch: 53 [0/4705 (0%)]	Loss: 0.749681
Make prediction for 4705 samples...
Make prediction for 868 samples...
Make prediction for 1064 samples...
EarlyStopping counter: 17 out of 30
Epoch: 052, Train Loss: 0.7870, Metric: r2, Train: 0.6543, Val: -0.6808, best Val: 0.2264, Test: -0.1513
Training on 4705 samples...
Train epoch: 54 [0/4705 (0%)]	Loss: 0.806428
Make prediction for 4705 samples...
Make prediction for 868 samples...
Make prediction for 1064 samples...
EarlyStopping counter: 18 out of 30
Epoch: 053, Train Loss: 0.7857, Metric: r2, Train: 0.7048, Val: -0.3510, best Val: 0.2264, Test: 0.0782
Training on 4705 samples...
Train epoch: 55 [0/4705 (0%)]	Loss: 0.775822
Make prediction for 4705 samples...
Make prediction for 868 samples...
Make prediction for 1064 samples...
EarlyStopping counter: 19 out of 30
Epoch: 054, Train Loss: 0.7731, Metric: r2, Train: 0.6853, Val: -0.3236, best Val: 0.2264, Test: 0.1957
Training on 4705 samples...
Train epoch: 56 [0/4705 (0%)]	Loss: 0.773490
Make prediction for 4705 samples...
Make prediction for 868 samples...
Make prediction for 1064 samples...
EarlyStopping counter: 20 out of 30
Epoch: 055, Train Loss: 0.7750, Metric: r2, Train: 0.6866, Val: -0.4348, best Val: 0.2264, Test: 0.0721
Training on 4705 samples...
Train epoch: 57 [0/4705 (0%)]	Loss: 0.763742
Make prediction for 4705 samples...
Make prediction for 868 samples...
Make prediction for 1064 samples...
EarlyStopping counter: 21 out of 30
Epoch: 056, Train Loss: 0.7814, Metric: r2, Train: 0.6585, Val: -0.2370, best Val: 0.2264, Test: 0.1543
Training on 4705 samples...
Train epoch: 58 [0/4705 (0%)]	Loss: 0.773447
Make prediction for 4705 samples...
Make prediction for 868 samples...
Make prediction for 1064 samples...
EarlyStopping counter: 22 out of 30
Epoch: 057, Train Loss: 0.7697, Metric: r2, Train: 0.6548, Val: -0.2854, best Val: 0.2264, Test: 0.0750
Training on 4705 samples...
Train epoch: 59 [0/4705 (0%)]	Loss: 0.776919
Make prediction for 4705 samples...
Make prediction for 868 samples...
Make prediction for 1064 samples...
EarlyStopping counter: 23 out of 30
Epoch: 058, Train Loss: 0.7665, Metric: r2, Train: 0.6905, Val: -0.5681, best Val: 0.2264, Test: -0.0873
Training on 4705 samples...
Train epoch: 60 [0/4705 (0%)]	Loss: 0.736306
Make prediction for 4705 samples...
Make prediction for 868 samples...
Make prediction for 1064 samples...
EarlyStopping counter: 24 out of 30
Epoch: 059, Train Loss: 0.7443, Metric: r2, Train: 0.6929, Val: -0.0095, best Val: 0.2264, Test: 0.2302
Training on 4705 samples...
Train epoch: 61 [0/4705 (0%)]	Loss: 0.784692
Make prediction for 4705 samples...
Make prediction for 868 samples...
Make prediction for 1064 samples...
EarlyStopping counter: 25 out of 30
Epoch: 060, Train Loss: 0.7496, Metric: r2, Train: 0.6858, Val: -0.0951, best Val: 0.2264, Test: 0.2628
Training on 4705 samples...
Train epoch: 62 [0/4705 (0%)]	Loss: 0.718189
Make prediction for 4705 samples...
Make prediction for 868 samples...
Make prediction for 1064 samples...
EarlyStopping counter: 26 out of 30
Epoch: 061, Train Loss: 0.7440, Metric: r2, Train: 0.6965, Val: -0.1602, best Val: 0.2264, Test: 0.1535
Training on 4705 samples...
Train epoch: 63 [0/4705 (0%)]	Loss: 0.728078
Make prediction for 4705 samples...
Make prediction for 868 samples...
Make prediction for 1064 samples...
EarlyStopping counter: 27 out of 30
Epoch: 062, Train Loss: 0.7377, Metric: r2, Train: 0.7163, Val: 0.0403, best Val: 0.2264, Test: 0.3031
Training on 4705 samples...
Train epoch: 64 [0/4705 (0%)]	Loss: 0.771079
Make prediction for 4705 samples...
Make prediction for 868 samples...
Make prediction for 1064 samples...
EarlyStopping counter: 28 out of 30
Epoch: 063, Train Loss: 0.7416, Metric: r2, Train: 0.7222, Val: -0.5236, best Val: 0.2264, Test: -0.0741
Training on 4705 samples...
Train epoch: 65 [0/4705 (0%)]	Loss: 0.716627
Make prediction for 4705 samples...
Make prediction for 868 samples...
Make prediction for 1064 samples...
EarlyStopping counter: 29 out of 30
Epoch: 064, Train Loss: 0.7269, Metric: r2, Train: 0.7281, Val: 0.0809, best Val: 0.2264, Test: 0.3616
Training on 4705 samples...
Train epoch: 66 [0/4705 (0%)]	Loss: 0.703556
Make prediction for 4705 samples...
Make prediction for 868 samples...
Make prediction for 1064 samples...
EarlyStopping counter: 30 out of 30
Epoch: 065, Train Loss: 0.7229, Metric: r2, Train: 0.7343, Val: -0.1981, best Val: 0.2264, Test: 0.1934
out of patience!
******PAMPA1_Perimeter_2044, 5th_time_result******
train_result: 0.4832
val_result: 0.2264
test_result: 0.36
************************************5_times_result************************************
the train result of all tasks (r2):  [0.23110752 0.54827135 0.34071021 0.49041012 0.48322083]
the average train result of all tasks (r2): 0.4187
the train result of all tasks (std): 0.1161
the train result of all tasks (var): 0.0135
the val result of all tasks (r2):  [0.13643156 0.22500995 0.2443881  0.24010085 0.2264085 ]
the average val result of all tasks (r2): 0.2145
the val result of all tasks (std): 0.0397
the val result of all tasks (var): 0.0016
the test result of all tasks (r2): [0.27460854 0.2689193  0.1823753  0.35671351 0.35996469]
the average test result of all tasks (r2): 0.2885
the test result of all tasks (std): 0.0657
the test result of all tasks (var): 0.0043
PAMPA1_Perimeter_2044 time used:, 0:7:45
/root/data1/miniconda3/envs/CMMSGCL/lib/python3.8/site-packages/torch_geometric/data/in_memory_dataset.py:284: UserWarning: It is not recommended to directly access the internal storage format `data` of an 'InMemoryDataset'. If you are absolutely certain what you are doing, access the internal storage via `InMemoryDataset._data` instead to suppress this warning. Alternatively, you can access stacked individual attributes of every graph via `dataset.{attr_name}`.
  warnings.warn(msg)
/root/data1/miniconda3/envs/CMMSGCL/lib/python3.8/site-packages/torch_geometric/deprecation.py:22: UserWarning: 'data.DataLoader' is deprecated, use 'loader.DataLoader' instead
  warnings.warn(out)
/root/data1/miniconda3/envs/CMMSGCL/lib/python3.8/site-packages/torch_geometric/data/in_memory_dataset.py:284: UserWarning: It is not recommended to directly access the internal storage format `data` of an 'InMemoryDataset'. If you are absolutely certain what you are doing, access the internal storage via `InMemoryDataset._data` instead to suppress this warning. Alternatively, you can access stacked individual attributes of every graph via `dataset.{attr_name}`.
  warnings.warn(msg)
/root/data1/miniconda3/envs/CMMSGCL/lib/python3.8/site-packages/torch_geometric/deprecation.py:22: UserWarning: 'data.DataLoader' is deprecated, use 'loader.DataLoader' instead
  warnings.warn(out)
/root/data1/miniconda3/envs/CMMSGCL/lib/python3.8/site-packages/torch_geometric/data/in_memory_dataset.py:284: UserWarning: It is not recommended to directly access the internal storage format `data` of an 'InMemoryDataset'. If you are absolutely certain what you are doing, access the internal storage via `InMemoryDataset._data` instead to suppress this warning. Alternatively, you can access stacked individual attributes of every graph via `dataset.{attr_name}`.
  warnings.warn(msg)
/root/data1/miniconda3/envs/CMMSGCL/lib/python3.8/site-packages/torch_geometric/deprecation.py:22: UserWarning: 'data.DataLoader' is deprecated, use 'loader.DataLoader' instead
  warnings.warn(out)
/root/data1/miniconda3/envs/CMMSGCL/lib/python3.8/site-packages/torch_geometric/data/in_memory_dataset.py:284: UserWarning: It is not recommended to directly access the internal storage format `data` of an 'InMemoryDataset'. If you are absolutely certain what you are doing, access the internal storage via `InMemoryDataset._data` instead to suppress this warning. Alternatively, you can access stacked individual attributes of every graph via `dataset.{attr_name}`.
  warnings.warn(msg)
/root/data1/miniconda3/envs/CMMSGCL/lib/python3.8/site-packages/torch_geometric/deprecation.py:22: UserWarning: 'data.DataLoader' is deprecated, use 'loader.DataLoader' instead
  warnings.warn(out)
/root/data1/miniconda3/envs/CMMSGCL/lib/python3.8/site-packages/torch_geometric/data/in_memory_dataset.py:284: UserWarning: It is not recommended to directly access the internal storage format `data` of an 'InMemoryDataset'. If you are absolutely certain what you are doing, access the internal storage via `InMemoryDataset._data` instead to suppress this warning. Alternatively, you can access stacked individual attributes of every graph via `dataset.{attr_name}`.
  warnings.warn(msg)
/root/data1/miniconda3/envs/CMMSGCL/lib/python3.8/site-packages/torch_geometric/deprecation.py:22: UserWarning: 'data.DataLoader' is deprecated, use 'loader.DataLoader' instead
  warnings.warn(out)
Current seed: 2054, current split method: Perimeter, current task: PAMPA1
Learning rate:  0.0005
Epochs:  500
Current seed: 2024
Pre-processed data found: data/processed/PAMPA1_Perimeter_2054/PAMPA1_Perimeter_2054_train.pt, loading ...
Pre-processed data found: data/processed/PAMPA1_Perimeter_2054/PAMPA1_Perimeter_2054_valid.pt, loading ...
Pre-processed data found: data/processed/PAMPA1_Perimeter_2054/PAMPA1_Perimeter_2054_test.pt, loading ...
trainset mean:-5.610000133514404 std:0.9600000381469727
Training on 5077 samples...
Train epoch: 1 [0/5077 (0%)]	Loss: 1.437807
Make prediction for 5077 samples...
Make prediction for 837 samples...
Make prediction for 723 samples...
Make prediction for 723 samples...
Epoch: 000, Train Loss: 1.3825, Metric: r2, Train: -0.0006, Val: -0.0651, best Val: -0.0651, Test: -0.0435
Training on 5077 samples...
Train epoch: 2 [0/5077 (0%)]	Loss: 1.319718
Make prediction for 5077 samples...
Make prediction for 837 samples...
Make prediction for 723 samples...
Make prediction for 723 samples...
Epoch: 001, Train Loss: 1.3277, Metric: r2, Train: 0.0509, Val: -0.0220, best Val: -0.0220, Test: -0.0101
Training on 5077 samples...
Train epoch: 3 [0/5077 (0%)]	Loss: 1.229919
Make prediction for 5077 samples...
Make prediction for 837 samples...
Make prediction for 723 samples...
EarlyStopping counter: 1 out of 30
Epoch: 002, Train Loss: 1.2652, Metric: r2, Train: 0.0676, Val: -0.1215, best Val: -0.0220, Test: -0.0405
Training on 5077 samples...
Train epoch: 4 [0/5077 (0%)]	Loss: 1.127870
Make prediction for 5077 samples...
Make prediction for 837 samples...
Make prediction for 723 samples...
EarlyStopping counter: 2 out of 30
Epoch: 003, Train Loss: 1.2418, Metric: r2, Train: 0.1828, Val: -0.1071, best Val: -0.0220, Test: 0.2784
Training on 5077 samples...
Train epoch: 5 [0/5077 (0%)]	Loss: 1.300566
Make prediction for 5077 samples...
Make prediction for 837 samples...
Make prediction for 723 samples...
Make prediction for 723 samples...
Epoch: 004, Train Loss: 1.1985, Metric: r2, Train: 0.2574, Val: -0.0150, best Val: -0.0150, Test: 0.3011
Training on 5077 samples...
Train epoch: 6 [0/5077 (0%)]	Loss: 1.156064
Make prediction for 5077 samples...
Make prediction for 837 samples...
Make prediction for 723 samples...
EarlyStopping counter: 1 out of 30
Epoch: 005, Train Loss: 1.1656, Metric: r2, Train: 0.2750, Val: -0.2179, best Val: -0.0150, Test: 0.2859
Training on 5077 samples...
Train epoch: 7 [0/5077 (0%)]	Loss: 1.150959
Make prediction for 5077 samples...
Make prediction for 837 samples...
Make prediction for 723 samples...
Make prediction for 723 samples...
Epoch: 006, Train Loss: 1.1463, Metric: r2, Train: 0.2727, Val: 0.1537, best Val: 0.1537, Test: 0.2372
Training on 5077 samples...
Train epoch: 8 [0/5077 (0%)]	Loss: 1.276360
Make prediction for 5077 samples...
Make prediction for 837 samples...
Make prediction for 723 samples...
EarlyStopping counter: 1 out of 30
Epoch: 007, Train Loss: 1.1336, Metric: r2, Train: 0.3172, Val: 0.0332, best Val: 0.1537, Test: 0.3342
Training on 5077 samples...
Train epoch: 9 [0/5077 (0%)]	Loss: 1.185708
Make prediction for 5077 samples...
Make prediction for 837 samples...
Make prediction for 723 samples...
EarlyStopping counter: 2 out of 30
Epoch: 008, Train Loss: 1.1303, Metric: r2, Train: 0.3153, Val: -0.1052, best Val: 0.1537, Test: 0.3092
Training on 5077 samples...
Train epoch: 10 [0/5077 (0%)]	Loss: 1.067959
Make prediction for 5077 samples...
Make prediction for 837 samples...
Make prediction for 723 samples...
EarlyStopping counter: 3 out of 30
Epoch: 009, Train Loss: 1.1345, Metric: r2, Train: 0.3262, Val: 0.0055, best Val: 0.1537, Test: 0.2835
Training on 5077 samples...
Train epoch: 11 [0/5077 (0%)]	Loss: 1.173005
Make prediction for 5077 samples...
Make prediction for 837 samples...
Make prediction for 723 samples...
Make prediction for 723 samples...
Epoch: 010, Train Loss: 1.1091, Metric: r2, Train: 0.2584, Val: 0.1798, best Val: 0.1798, Test: 0.3069
Training on 5077 samples...
Train epoch: 12 [0/5077 (0%)]	Loss: 1.130867
Make prediction for 5077 samples...
Make prediction for 837 samples...
Make prediction for 723 samples...
Make prediction for 723 samples...
Epoch: 011, Train Loss: 1.1171, Metric: r2, Train: 0.3461, Val: 0.2478, best Val: 0.2478, Test: 0.3281
Training on 5077 samples...
Train epoch: 13 [0/5077 (0%)]	Loss: 1.000493
Make prediction for 5077 samples...
Make prediction for 837 samples...
Make prediction for 723 samples...
Make prediction for 723 samples...
Epoch: 012, Train Loss: 1.0696, Metric: r2, Train: 0.4015, Val: 0.2544, best Val: 0.2544, Test: 0.4115
Training on 5077 samples...
Train epoch: 14 [0/5077 (0%)]	Loss: 1.068538
Make prediction for 5077 samples...
Make prediction for 837 samples...
Make prediction for 723 samples...
EarlyStopping counter: 1 out of 30
Epoch: 013, Train Loss: 1.0764, Metric: r2, Train: 0.4196, Val: 0.1411, best Val: 0.2544, Test: 0.3849
Training on 5077 samples...
Train epoch: 15 [0/5077 (0%)]	Loss: 1.042460
Make prediction for 5077 samples...
Make prediction for 837 samples...
Make prediction for 723 samples...
EarlyStopping counter: 2 out of 30
Epoch: 014, Train Loss: 1.0561, Metric: r2, Train: 0.4254, Val: 0.0585, best Val: 0.2544, Test: 0.3424
Training on 5077 samples...
Train epoch: 16 [0/5077 (0%)]	Loss: 1.015851
Make prediction for 5077 samples...
Make prediction for 837 samples...
Make prediction for 723 samples...
EarlyStopping counter: 3 out of 30
Epoch: 015, Train Loss: 1.0694, Metric: r2, Train: 0.4094, Val: 0.1199, best Val: 0.2544, Test: 0.2787
Training on 5077 samples...
Train epoch: 17 [0/5077 (0%)]	Loss: 0.943289
Make prediction for 5077 samples...
Make prediction for 837 samples...
Make prediction for 723 samples...
EarlyStopping counter: 4 out of 30
Epoch: 016, Train Loss: 1.0678, Metric: r2, Train: 0.3695, Val: 0.1195, best Val: 0.2544, Test: 0.3052
Training on 5077 samples...
Train epoch: 18 [0/5077 (0%)]	Loss: 1.195826
Make prediction for 5077 samples...
Make prediction for 837 samples...
Make prediction for 723 samples...
EarlyStopping counter: 5 out of 30
Epoch: 017, Train Loss: 1.0462, Metric: r2, Train: 0.4392, Val: 0.1403, best Val: 0.2544, Test: 0.3524
Training on 5077 samples...
Train epoch: 19 [0/5077 (0%)]	Loss: 0.951835
Make prediction for 5077 samples...
Make prediction for 837 samples...
Make prediction for 723 samples...
EarlyStopping counter: 6 out of 30
Epoch: 018, Train Loss: 1.0330, Metric: r2, Train: 0.4585, Val: 0.2055, best Val: 0.2544, Test: 0.3974
Training on 5077 samples...
Train epoch: 20 [0/5077 (0%)]	Loss: 1.088502
Make prediction for 5077 samples...
Make prediction for 837 samples...
Make prediction for 723 samples...
EarlyStopping counter: 7 out of 30
Epoch: 019, Train Loss: 1.0237, Metric: r2, Train: 0.4697, Val: -0.0492, best Val: 0.2544, Test: 0.3639
Training on 5077 samples...
Train epoch: 21 [0/5077 (0%)]	Loss: 1.064195
Make prediction for 5077 samples...
Make prediction for 837 samples...
Make prediction for 723 samples...
EarlyStopping counter: 8 out of 30
Epoch: 020, Train Loss: 1.0253, Metric: r2, Train: 0.4674, Val: 0.1564, best Val: 0.2544, Test: 0.2731
Training on 5077 samples...
Train epoch: 22 [0/5077 (0%)]	Loss: 0.964087
Make prediction for 5077 samples...
Make prediction for 837 samples...
Make prediction for 723 samples...
EarlyStopping counter: 9 out of 30
Epoch: 021, Train Loss: 1.0199, Metric: r2, Train: 0.4367, Val: 0.1574, best Val: 0.2544, Test: 0.2978
Training on 5077 samples...
Train epoch: 23 [0/5077 (0%)]	Loss: 1.032247
Make prediction for 5077 samples...
Make prediction for 837 samples...
Make prediction for 723 samples...
EarlyStopping counter: 10 out of 30
Epoch: 022, Train Loss: 1.0105, Metric: r2, Train: 0.4638, Val: 0.0165, best Val: 0.2544, Test: 0.4166
Training on 5077 samples...
Train epoch: 24 [0/5077 (0%)]	Loss: 1.062848
Make prediction for 5077 samples...
Make prediction for 837 samples...
Make prediction for 723 samples...
EarlyStopping counter: 11 out of 30
Epoch: 023, Train Loss: 1.0128, Metric: r2, Train: 0.4636, Val: 0.2308, best Val: 0.2544, Test: 0.2929
Training on 5077 samples...
Train epoch: 25 [0/5077 (0%)]	Loss: 0.994484
Make prediction for 5077 samples...
Make prediction for 837 samples...
Make prediction for 723 samples...
EarlyStopping counter: 12 out of 30
Epoch: 024, Train Loss: 1.0109, Metric: r2, Train: 0.4818, Val: 0.2533, best Val: 0.2544, Test: 0.3984
Training on 5077 samples...
Train epoch: 26 [0/5077 (0%)]	Loss: 0.996426
Make prediction for 5077 samples...
Make prediction for 837 samples...
Make prediction for 723 samples...
EarlyStopping counter: 13 out of 30
Epoch: 025, Train Loss: 0.9901, Metric: r2, Train: 0.5072, Val: 0.0267, best Val: 0.2544, Test: 0.3623
Training on 5077 samples...
Train epoch: 27 [0/5077 (0%)]	Loss: 1.018756
Make prediction for 5077 samples...
Make prediction for 837 samples...
Make prediction for 723 samples...
EarlyStopping counter: 14 out of 30
Epoch: 026, Train Loss: 1.0055, Metric: r2, Train: 0.4485, Val: -0.3473, best Val: 0.2544, Test: 0.1815
Training on 5077 samples...
Train epoch: 28 [0/5077 (0%)]	Loss: 1.055792
Make prediction for 5077 samples...
Make prediction for 837 samples...
Make prediction for 723 samples...
EarlyStopping counter: 15 out of 30
Epoch: 027, Train Loss: 1.0125, Metric: r2, Train: 0.4896, Val: 0.0850, best Val: 0.2544, Test: 0.2810
Training on 5077 samples...
Train epoch: 29 [0/5077 (0%)]	Loss: 0.994323
Make prediction for 5077 samples...
Make prediction for 837 samples...
Make prediction for 723 samples...
EarlyStopping counter: 16 out of 30
Epoch: 028, Train Loss: 0.9963, Metric: r2, Train: 0.4653, Val: 0.0019, best Val: 0.2544, Test: 0.2339
Training on 5077 samples...
Train epoch: 30 [0/5077 (0%)]	Loss: 0.996182
Make prediction for 5077 samples...
Make prediction for 837 samples...
Make prediction for 723 samples...
EarlyStopping counter: 17 out of 30
Epoch: 029, Train Loss: 1.0025, Metric: r2, Train: 0.4884, Val: 0.0122, best Val: 0.2544, Test: 0.2313
Training on 5077 samples...
Train epoch: 31 [0/5077 (0%)]	Loss: 1.050277
Make prediction for 5077 samples...
Make prediction for 837 samples...
Make prediction for 723 samples...
EarlyStopping counter: 18 out of 30
Epoch: 030, Train Loss: 0.9836, Metric: r2, Train: 0.5202, Val: 0.2328, best Val: 0.2544, Test: 0.3983
Training on 5077 samples...
Train epoch: 32 [0/5077 (0%)]	Loss: 0.915676
Make prediction for 5077 samples...
Make prediction for 837 samples...
Make prediction for 723 samples...
EarlyStopping counter: 19 out of 30
Epoch: 031, Train Loss: 0.9763, Metric: r2, Train: 0.5153, Val: -0.0261, best Val: 0.2544, Test: 0.2548
Training on 5077 samples...
Train epoch: 33 [0/5077 (0%)]	Loss: 0.968904
Make prediction for 5077 samples...
Make prediction for 837 samples...
Make prediction for 723 samples...
EarlyStopping counter: 20 out of 30
Epoch: 032, Train Loss: 0.9779, Metric: r2, Train: 0.5358, Val: 0.2467, best Val: 0.2544, Test: 0.3663
Training on 5077 samples...
Train epoch: 34 [0/5077 (0%)]	Loss: 0.966658
Make prediction for 5077 samples...
Make prediction for 837 samples...
Make prediction for 723 samples...
Make prediction for 723 samples...
Epoch: 033, Train Loss: 0.9802, Metric: r2, Train: 0.5308, Val: 0.3025, best Val: 0.3025, Test: 0.3818
Training on 5077 samples...
Train epoch: 35 [0/5077 (0%)]	Loss: 0.956150
Make prediction for 5077 samples...
Make prediction for 837 samples...
Make prediction for 723 samples...
EarlyStopping counter: 1 out of 30
Epoch: 034, Train Loss: 0.9676, Metric: r2, Train: 0.5300, Val: 0.1443, best Val: 0.3025, Test: 0.3505
Training on 5077 samples...
Train epoch: 36 [0/5077 (0%)]	Loss: 0.895296
Make prediction for 5077 samples...
Make prediction for 837 samples...
Make prediction for 723 samples...
EarlyStopping counter: 2 out of 30
Epoch: 035, Train Loss: 0.9615, Metric: r2, Train: 0.4657, Val: -0.2383, best Val: 0.3025, Test: 0.1871
Training on 5077 samples...
Train epoch: 37 [0/5077 (0%)]	Loss: 1.110441
Make prediction for 5077 samples...
Make prediction for 837 samples...
Make prediction for 723 samples...
EarlyStopping counter: 3 out of 30
Epoch: 036, Train Loss: 0.9890, Metric: r2, Train: 0.5079, Val: 0.2313, best Val: 0.3025, Test: 0.3004
Training on 5077 samples...
Train epoch: 38 [0/5077 (0%)]	Loss: 0.905506
Make prediction for 5077 samples...
Make prediction for 837 samples...
Make prediction for 723 samples...
EarlyStopping counter: 4 out of 30
Epoch: 037, Train Loss: 0.9624, Metric: r2, Train: 0.5464, Val: 0.0012, best Val: 0.3025, Test: 0.3844
Training on 5077 samples...
Train epoch: 39 [0/5077 (0%)]	Loss: 0.987797
Make prediction for 5077 samples...
Make prediction for 837 samples...
Make prediction for 723 samples...
Make prediction for 723 samples...
Epoch: 038, Train Loss: 0.9554, Metric: r2, Train: 0.5499, Val: 0.3049, best Val: 0.3049, Test: 0.3463
Training on 5077 samples...
Train epoch: 40 [0/5077 (0%)]	Loss: 0.907503
Make prediction for 5077 samples...
Make prediction for 837 samples...
Make prediction for 723 samples...
EarlyStopping counter: 1 out of 30
Epoch: 039, Train Loss: 0.9676, Metric: r2, Train: 0.5648, Val: 0.1887, best Val: 0.3049, Test: 0.3670
Training on 5077 samples...
Train epoch: 41 [0/5077 (0%)]	Loss: 0.999542
Make prediction for 5077 samples...
Make prediction for 837 samples...
Make prediction for 723 samples...
EarlyStopping counter: 2 out of 30
Epoch: 040, Train Loss: 0.9577, Metric: r2, Train: 0.5478, Val: 0.2799, best Val: 0.3049, Test: 0.4485
Training on 5077 samples...
Train epoch: 42 [0/5077 (0%)]	Loss: 0.875762
Make prediction for 5077 samples...
Make prediction for 837 samples...
Make prediction for 723 samples...
EarlyStopping counter: 3 out of 30
Epoch: 041, Train Loss: 0.9834, Metric: r2, Train: 0.4920, Val: 0.2621, best Val: 0.3049, Test: 0.3149
Training on 5077 samples...
Train epoch: 43 [0/5077 (0%)]	Loss: 0.941186
Make prediction for 5077 samples...
Make prediction for 837 samples...
Make prediction for 723 samples...
EarlyStopping counter: 4 out of 30
Epoch: 042, Train Loss: 0.9577, Metric: r2, Train: 0.5783, Val: 0.1511, best Val: 0.3049, Test: 0.3504
Training on 5077 samples...
Train epoch: 44 [0/5077 (0%)]	Loss: 0.893667
Make prediction for 5077 samples...
Make prediction for 837 samples...
Make prediction for 723 samples...
EarlyStopping counter: 5 out of 30
Epoch: 043, Train Loss: 0.9409, Metric: r2, Train: 0.5116, Val: 0.2270, best Val: 0.3049, Test: 0.4217
Training on 5077 samples...
Train epoch: 45 [0/5077 (0%)]	Loss: 0.927539
Make prediction for 5077 samples...
Make prediction for 837 samples...
Make prediction for 723 samples...
EarlyStopping counter: 6 out of 30
Epoch: 044, Train Loss: 0.9429, Metric: r2, Train: 0.5239, Val: 0.0190, best Val: 0.3049, Test: 0.2669
Training on 5077 samples...
Train epoch: 46 [0/5077 (0%)]	Loss: 1.041507
Make prediction for 5077 samples...
Make prediction for 837 samples...
Make prediction for 723 samples...
EarlyStopping counter: 7 out of 30
Epoch: 045, Train Loss: 0.9412, Metric: r2, Train: 0.5726, Val: -0.0395, best Val: 0.3049, Test: 0.3535
Training on 5077 samples...
Train epoch: 47 [0/5077 (0%)]	Loss: 0.984048
Make prediction for 5077 samples...
Make prediction for 837 samples...
Make prediction for 723 samples...
EarlyStopping counter: 8 out of 30
Epoch: 046, Train Loss: 0.9393, Metric: r2, Train: 0.5984, Val: 0.2658, best Val: 0.3049, Test: 0.4508
Training on 5077 samples...
Train epoch: 48 [0/5077 (0%)]	Loss: 0.977293
Make prediction for 5077 samples...
Make prediction for 837 samples...
Make prediction for 723 samples...
EarlyStopping counter: 9 out of 30
Epoch: 047, Train Loss: 0.9439, Metric: r2, Train: 0.6012, Val: 0.2025, best Val: 0.3049, Test: 0.4152
Training on 5077 samples...
Train epoch: 49 [0/5077 (0%)]	Loss: 0.941559
Make prediction for 5077 samples...
Make prediction for 837 samples...
Make prediction for 723 samples...
EarlyStopping counter: 10 out of 30
Epoch: 048, Train Loss: 0.9170, Metric: r2, Train: 0.6112, Val: 0.0828, best Val: 0.3049, Test: 0.4520
Training on 5077 samples...
Train epoch: 50 [0/5077 (0%)]	Loss: 0.941845
Make prediction for 5077 samples...
Make prediction for 837 samples...
Make prediction for 723 samples...
EarlyStopping counter: 11 out of 30
Epoch: 049, Train Loss: 0.9171, Metric: r2, Train: 0.6059, Val: 0.2720, best Val: 0.3049, Test: 0.4626
Training on 5077 samples...
Train epoch: 51 [0/5077 (0%)]	Loss: 0.951601
Make prediction for 5077 samples...
Make prediction for 837 samples...
Make prediction for 723 samples...
EarlyStopping counter: 12 out of 30
Epoch: 050, Train Loss: 0.9061, Metric: r2, Train: 0.6135, Val: 0.1201, best Val: 0.3049, Test: 0.3838
Training on 5077 samples...
Train epoch: 52 [0/5077 (0%)]	Loss: 0.934215
Make prediction for 5077 samples...
Make prediction for 837 samples...
Make prediction for 723 samples...
EarlyStopping counter: 13 out of 30
Epoch: 051, Train Loss: 0.9032, Metric: r2, Train: 0.6170, Val: 0.1688, best Val: 0.3049, Test: 0.4101
Training on 5077 samples...
Train epoch: 53 [0/5077 (0%)]	Loss: 0.922318
Make prediction for 5077 samples...
Make prediction for 837 samples...
Make prediction for 723 samples...
Make prediction for 723 samples...
Epoch: 052, Train Loss: 0.9065, Metric: r2, Train: 0.6181, Val: 0.3059, best Val: 0.3059, Test: 0.4454
Training on 5077 samples...
Train epoch: 54 [0/5077 (0%)]	Loss: 0.871509
Make prediction for 5077 samples...
Make prediction for 837 samples...
Make prediction for 723 samples...
EarlyStopping counter: 1 out of 30
Epoch: 053, Train Loss: 0.9036, Metric: r2, Train: 0.6183, Val: 0.2446, best Val: 0.3059, Test: 0.4906
Training on 5077 samples...
Train epoch: 55 [0/5077 (0%)]	Loss: 0.889807
Make prediction for 5077 samples...
Make prediction for 837 samples...
Make prediction for 723 samples...
EarlyStopping counter: 2 out of 30
Epoch: 054, Train Loss: 0.8995, Metric: r2, Train: 0.6246, Val: 0.1361, best Val: 0.3059, Test: 0.3955
Training on 5077 samples...
Train epoch: 56 [0/5077 (0%)]	Loss: 0.856713
Make prediction for 5077 samples...
Make prediction for 837 samples...
Make prediction for 723 samples...
EarlyStopping counter: 3 out of 30
Epoch: 055, Train Loss: 0.9044, Metric: r2, Train: 0.5604, Val: 0.2832, best Val: 0.3059, Test: 0.4364
Training on 5077 samples...
Train epoch: 57 [0/5077 (0%)]	Loss: 0.936646
Make prediction for 5077 samples...
Make prediction for 837 samples...
Make prediction for 723 samples...
EarlyStopping counter: 4 out of 30
Epoch: 056, Train Loss: 0.9103, Metric: r2, Train: 0.6211, Val: 0.2528, best Val: 0.3059, Test: 0.4512
Training on 5077 samples...
Train epoch: 58 [0/5077 (0%)]	Loss: 0.864644
Make prediction for 5077 samples...
Make prediction for 837 samples...
Make prediction for 723 samples...
EarlyStopping counter: 5 out of 30
Epoch: 057, Train Loss: 0.8996, Metric: r2, Train: 0.6244, Val: 0.2962, best Val: 0.3059, Test: 0.4677
Training on 5077 samples...
Train epoch: 59 [0/5077 (0%)]	Loss: 0.849600
Make prediction for 5077 samples...
Make prediction for 837 samples...
Make prediction for 723 samples...
EarlyStopping counter: 6 out of 30
Epoch: 058, Train Loss: 0.8828, Metric: r2, Train: 0.6340, Val: 0.2563, best Val: 0.3059, Test: 0.5310
Training on 5077 samples...
Train epoch: 60 [0/5077 (0%)]	Loss: 0.943707
Make prediction for 5077 samples...
Make prediction for 837 samples...
Make prediction for 723 samples...
EarlyStopping counter: 7 out of 30
Epoch: 059, Train Loss: 0.8796, Metric: r2, Train: 0.6524, Val: 0.2305, best Val: 0.3059, Test: 0.5285
Training on 5077 samples...
Train epoch: 61 [0/5077 (0%)]	Loss: 0.877511
Make prediction for 5077 samples...
Make prediction for 837 samples...
Make prediction for 723 samples...
Make prediction for 723 samples...
Epoch: 060, Train Loss: 0.8747, Metric: r2, Train: 0.6383, Val: 0.3067, best Val: 0.3067, Test: 0.4435
Training on 5077 samples...
Train epoch: 62 [0/5077 (0%)]	Loss: 0.874791
Make prediction for 5077 samples...
Make prediction for 837 samples...
Make prediction for 723 samples...
EarlyStopping counter: 1 out of 30
Epoch: 061, Train Loss: 0.8716, Metric: r2, Train: 0.6464, Val: 0.2257, best Val: 0.3067, Test: 0.4789
Training on 5077 samples...
Train epoch: 63 [0/5077 (0%)]	Loss: 0.873448
Make prediction for 5077 samples...
Make prediction for 837 samples...
Make prediction for 723 samples...
EarlyStopping counter: 2 out of 30
Epoch: 062, Train Loss: 0.8747, Metric: r2, Train: 0.6594, Val: 0.2747, best Val: 0.3067, Test: 0.5325
Training on 5077 samples...
Train epoch: 64 [0/5077 (0%)]	Loss: 0.823674
Make prediction for 5077 samples...
Make prediction for 837 samples...
Make prediction for 723 samples...
EarlyStopping counter: 3 out of 30
Epoch: 063, Train Loss: 0.8791, Metric: r2, Train: 0.6415, Val: 0.2895, best Val: 0.3067, Test: 0.4432
Training on 5077 samples...
Train epoch: 65 [0/5077 (0%)]	Loss: 0.849439
Make prediction for 5077 samples...
Make prediction for 837 samples...
Make prediction for 723 samples...
EarlyStopping counter: 4 out of 30
Epoch: 064, Train Loss: 0.8646, Metric: r2, Train: 0.6133, Val: 0.2235, best Val: 0.3067, Test: 0.5658
Training on 5077 samples...
Train epoch: 66 [0/5077 (0%)]	Loss: 0.880347
Make prediction for 5077 samples...
Make prediction for 837 samples...
Make prediction for 723 samples...
EarlyStopping counter: 5 out of 30
Epoch: 065, Train Loss: 0.8624, Metric: r2, Train: 0.6714, Val: 0.2006, best Val: 0.3067, Test: 0.5440
Training on 5077 samples...
Train epoch: 67 [0/5077 (0%)]	Loss: 0.792172
Make prediction for 5077 samples...
Make prediction for 837 samples...
Make prediction for 723 samples...
EarlyStopping counter: 6 out of 30
Epoch: 066, Train Loss: 0.8447, Metric: r2, Train: 0.6031, Val: 0.0409, best Val: 0.3067, Test: 0.5819
Training on 5077 samples...
Train epoch: 68 [0/5077 (0%)]	Loss: 0.882250
Make prediction for 5077 samples...
Make prediction for 837 samples...
Make prediction for 723 samples...
EarlyStopping counter: 7 out of 30
Epoch: 067, Train Loss: 0.8573, Metric: r2, Train: 0.6755, Val: 0.1976, best Val: 0.3067, Test: 0.5478
Training on 5077 samples...
Train epoch: 69 [0/5077 (0%)]	Loss: 0.918168
Make prediction for 5077 samples...
Make prediction for 837 samples...
Make prediction for 723 samples...
EarlyStopping counter: 8 out of 30
Epoch: 068, Train Loss: 0.8268, Metric: r2, Train: 0.6766, Val: 0.2875, best Val: 0.3067, Test: 0.4423
Training on 5077 samples...
Train epoch: 70 [0/5077 (0%)]	Loss: 0.790266
Make prediction for 5077 samples...
Make prediction for 837 samples...
Make prediction for 723 samples...
EarlyStopping counter: 9 out of 30
Epoch: 069, Train Loss: 0.8323, Metric: r2, Train: 0.6437, Val: 0.2312, best Val: 0.3067, Test: 0.4790
Training on 5077 samples...
Train epoch: 71 [0/5077 (0%)]	Loss: 0.907270
Make prediction for 5077 samples...
Make prediction for 837 samples...
Make prediction for 723 samples...
EarlyStopping counter: 10 out of 30
Epoch: 070, Train Loss: 0.8112, Metric: r2, Train: 0.6867, Val: 0.2783, best Val: 0.3067, Test: 0.5212
Training on 5077 samples...
Train epoch: 72 [0/5077 (0%)]	Loss: 0.822034
Make prediction for 5077 samples...
Make prediction for 837 samples...
Make prediction for 723 samples...
EarlyStopping counter: 11 out of 30
Epoch: 071, Train Loss: 0.8051, Metric: r2, Train: 0.6772, Val: 0.2693, best Val: 0.3067, Test: 0.5125
Training on 5077 samples...
Train epoch: 73 [0/5077 (0%)]	Loss: 0.743942
Make prediction for 5077 samples...
Make prediction for 837 samples...
Make prediction for 723 samples...
EarlyStopping counter: 12 out of 30
Epoch: 072, Train Loss: 0.7879, Metric: r2, Train: 0.6889, Val: 0.2875, best Val: 0.3067, Test: 0.5392
Training on 5077 samples...
Train epoch: 74 [0/5077 (0%)]	Loss: 0.811905
Make prediction for 5077 samples...
Make prediction for 837 samples...
Make prediction for 723 samples...
EarlyStopping counter: 13 out of 30
Epoch: 073, Train Loss: 0.7904, Metric: r2, Train: 0.6706, Val: 0.2797, best Val: 0.3067, Test: 0.4321
Training on 5077 samples...
Train epoch: 75 [0/5077 (0%)]	Loss: 0.779215
Make prediction for 5077 samples...
Make prediction for 837 samples...
Make prediction for 723 samples...
EarlyStopping counter: 14 out of 30
Epoch: 074, Train Loss: 0.7846, Metric: r2, Train: 0.6781, Val: 0.2787, best Val: 0.3067, Test: 0.5255
Training on 5077 samples...
Train epoch: 76 [0/5077 (0%)]	Loss: 0.767374
Make prediction for 5077 samples...
Make prediction for 837 samples...
Make prediction for 723 samples...
EarlyStopping counter: 15 out of 30
Epoch: 075, Train Loss: 0.7781, Metric: r2, Train: 0.6874, Val: 0.2945, best Val: 0.3067, Test: 0.4595
Training on 5077 samples...
Train epoch: 77 [0/5077 (0%)]	Loss: 0.707973
Make prediction for 5077 samples...
Make prediction for 837 samples...
Make prediction for 723 samples...
EarlyStopping counter: 16 out of 30
Epoch: 076, Train Loss: 0.7662, Metric: r2, Train: 0.6609, Val: 0.2040, best Val: 0.3067, Test: 0.4618
Training on 5077 samples...
Train epoch: 78 [0/5077 (0%)]	Loss: 0.769429
Make prediction for 5077 samples...
Make prediction for 837 samples...
Make prediction for 723 samples...
EarlyStopping counter: 17 out of 30
Epoch: 077, Train Loss: 0.7609, Metric: r2, Train: 0.7196, Val: 0.2836, best Val: 0.3067, Test: 0.5644
Training on 5077 samples...
Train epoch: 79 [0/5077 (0%)]	Loss: 0.728332
Make prediction for 5077 samples...
Make prediction for 837 samples...
Make prediction for 723 samples...
EarlyStopping counter: 18 out of 30
Epoch: 078, Train Loss: 0.7534, Metric: r2, Train: 0.7033, Val: 0.3064, best Val: 0.3067, Test: 0.4468
Training on 5077 samples...
Train epoch: 80 [0/5077 (0%)]	Loss: 0.696359
Make prediction for 5077 samples...
Make prediction for 837 samples...
Make prediction for 723 samples...
EarlyStopping counter: 19 out of 30
Epoch: 079, Train Loss: 0.7701, Metric: r2, Train: 0.7071, Val: 0.2763, best Val: 0.3067, Test: 0.4839
Training on 5077 samples...
Train epoch: 81 [0/5077 (0%)]	Loss: 0.750054
Make prediction for 5077 samples...
Make prediction for 837 samples...
Make prediction for 723 samples...
EarlyStopping counter: 20 out of 30
Epoch: 080, Train Loss: 0.7606, Metric: r2, Train: 0.7043, Val: 0.2795, best Val: 0.3067, Test: 0.5324
Training on 5077 samples...
Train epoch: 82 [0/5077 (0%)]	Loss: 0.721286
Make prediction for 5077 samples...
Make prediction for 837 samples...
Make prediction for 723 samples...
EarlyStopping counter: 21 out of 30
Epoch: 081, Train Loss: 0.7505, Metric: r2, Train: 0.6998, Val: 0.0782, best Val: 0.3067, Test: 0.5572
Training on 5077 samples...
Train epoch: 83 [0/5077 (0%)]	Loss: 0.767743
Make prediction for 5077 samples...
Make prediction for 837 samples...
Make prediction for 723 samples...
EarlyStopping counter: 22 out of 30
Epoch: 082, Train Loss: 0.7407, Metric: r2, Train: 0.7033, Val: 0.2943, best Val: 0.3067, Test: 0.5003
Training on 5077 samples...
Train epoch: 84 [0/5077 (0%)]	Loss: 0.725195
Make prediction for 5077 samples...
Make prediction for 837 samples...
Make prediction for 723 samples...
EarlyStopping counter: 23 out of 30
Epoch: 083, Train Loss: 0.7457, Metric: r2, Train: 0.7074, Val: 0.2250, best Val: 0.3067, Test: 0.4720
Training on 5077 samples...
Train epoch: 85 [0/5077 (0%)]	Loss: 0.731942
Make prediction for 5077 samples...
Make prediction for 837 samples...
Make prediction for 723 samples...
EarlyStopping counter: 24 out of 30
Epoch: 084, Train Loss: 0.7381, Metric: r2, Train: 0.7096, Val: 0.2528, best Val: 0.3067, Test: 0.5362
Training on 5077 samples...
Train epoch: 86 [0/5077 (0%)]	Loss: 0.682097
Make prediction for 5077 samples...
Make prediction for 837 samples...
Make prediction for 723 samples...
EarlyStopping counter: 25 out of 30
Epoch: 085, Train Loss: 0.7544, Metric: r2, Train: 0.6977, Val: 0.2778, best Val: 0.3067, Test: 0.4393
Training on 5077 samples...
Train epoch: 87 [0/5077 (0%)]	Loss: 0.702030
Make prediction for 5077 samples...
Make prediction for 837 samples...
Make prediction for 723 samples...
EarlyStopping counter: 26 out of 30
Epoch: 086, Train Loss: 0.7659, Metric: r2, Train: 0.6675, Val: 0.1601, best Val: 0.3067, Test: 0.5150
Training on 5077 samples...
Train epoch: 88 [0/5077 (0%)]	Loss: 0.729798
Make prediction for 5077 samples...
Make prediction for 837 samples...
Make prediction for 723 samples...
EarlyStopping counter: 27 out of 30
Epoch: 087, Train Loss: 0.7555, Metric: r2, Train: 0.6808, Val: -0.1804, best Val: 0.3067, Test: 0.5485
Training on 5077 samples...
Train epoch: 89 [0/5077 (0%)]	Loss: 0.771124
Make prediction for 5077 samples...
Make prediction for 837 samples...
Make prediction for 723 samples...
EarlyStopping counter: 28 out of 30
Epoch: 088, Train Loss: 0.7350, Metric: r2, Train: 0.6958, Val: 0.2779, best Val: 0.3067, Test: 0.4978
Training on 5077 samples...
Train epoch: 90 [0/5077 (0%)]	Loss: 0.708940
Make prediction for 5077 samples...
Make prediction for 837 samples...
Make prediction for 723 samples...
EarlyStopping counter: 29 out of 30
Epoch: 089, Train Loss: 0.7236, Metric: r2, Train: 0.7255, Val: 0.2229, best Val: 0.3067, Test: 0.5526
Training on 5077 samples...
Train epoch: 91 [0/5077 (0%)]	Loss: 0.688924
Make prediction for 5077 samples...
Make prediction for 837 samples...
Make prediction for 723 samples...
EarlyStopping counter: 30 out of 30
Epoch: 090, Train Loss: 0.7129, Metric: r2, Train: 0.7094, Val: -0.3357, best Val: 0.3067, Test: 0.5938
out of patience!
******PAMPA1_Perimeter_2054, 1th_time_result******
train_result: 0.6383
val_result: 0.3067
test_result: 0.4435
Current seed: 2034
Pre-processed data found: data/processed/PAMPA1_Perimeter_2054/PAMPA1_Perimeter_2054_train.pt, loading ...
Pre-processed data found: data/processed/PAMPA1_Perimeter_2054/PAMPA1_Perimeter_2054_valid.pt, loading ...
Pre-processed data found: data/processed/PAMPA1_Perimeter_2054/PAMPA1_Perimeter_2054_test.pt, loading ...
trainset mean:-5.610000133514404 std:0.9600000381469727
Training on 5077 samples...
Train epoch: 1 [0/5077 (0%)]	Loss: 1.481430
Make prediction for 5077 samples...
Make prediction for 837 samples...
Make prediction for 723 samples...
Make prediction for 723 samples...
Epoch: 000, Train Loss: 1.3560, Metric: r2, Train: 0.0052, Val: -0.0056, best Val: -0.0056, Test: -0.0122
Training on 5077 samples...
Train epoch: 2 [0/5077 (0%)]	Loss: 1.451296
Make prediction for 5077 samples...
Make prediction for 837 samples...
Make prediction for 723 samples...
Make prediction for 723 samples...
Epoch: 001, Train Loss: 1.3122, Metric: r2, Train: 0.1088, Val: 0.1447, best Val: 0.1447, Test: 0.0183
Training on 5077 samples...
Train epoch: 3 [0/5077 (0%)]	Loss: 1.264116
Make prediction for 5077 samples...
Make prediction for 837 samples...
Make prediction for 723 samples...
EarlyStopping counter: 1 out of 30
Epoch: 002, Train Loss: 1.2662, Metric: r2, Train: 0.1499, Val: 0.0502, best Val: 0.1447, Test: 0.1200
Training on 5077 samples...
Train epoch: 4 [0/5077 (0%)]	Loss: 1.279272
Make prediction for 5077 samples...
Make prediction for 837 samples...
Make prediction for 723 samples...
EarlyStopping counter: 2 out of 30
Epoch: 003, Train Loss: 1.1915, Metric: r2, Train: 0.2129, Val: -0.3089, best Val: 0.1447, Test: 0.1999
Training on 5077 samples...
Train epoch: 5 [0/5077 (0%)]	Loss: 1.183855
Make prediction for 5077 samples...
Make prediction for 837 samples...
Make prediction for 723 samples...
Make prediction for 723 samples...
Epoch: 004, Train Loss: 1.1514, Metric: r2, Train: 0.3119, Val: 0.1681, best Val: 0.1681, Test: 0.3153
Training on 5077 samples...
Train epoch: 6 [0/5077 (0%)]	Loss: 1.072421
Make prediction for 5077 samples...
Make prediction for 837 samples...
Make prediction for 723 samples...
EarlyStopping counter: 1 out of 30
Epoch: 005, Train Loss: 1.1351, Metric: r2, Train: 0.2746, Val: -0.1665, best Val: 0.1681, Test: 0.3201
Training on 5077 samples...
Train epoch: 7 [0/5077 (0%)]	Loss: 1.175233
Make prediction for 5077 samples...
Make prediction for 837 samples...
Make prediction for 723 samples...
Make prediction for 723 samples...
Epoch: 006, Train Loss: 1.1371, Metric: r2, Train: 0.3213, Val: 0.1722, best Val: 0.1722, Test: 0.3713
Training on 5077 samples...
Train epoch: 8 [0/5077 (0%)]	Loss: 1.128130
Make prediction for 5077 samples...
Make prediction for 837 samples...
Make prediction for 723 samples...
Make prediction for 723 samples...
Epoch: 007, Train Loss: 1.1142, Metric: r2, Train: 0.3487, Val: 0.2308, best Val: 0.2308, Test: 0.3154
Training on 5077 samples...
Train epoch: 9 [0/5077 (0%)]	Loss: 1.182484
Make prediction for 5077 samples...
Make prediction for 837 samples...
Make prediction for 723 samples...
EarlyStopping counter: 1 out of 30
Epoch: 008, Train Loss: 1.1174, Metric: r2, Train: 0.3296, Val: 0.2058, best Val: 0.2308, Test: 0.2620
Training on 5077 samples...
Train epoch: 10 [0/5077 (0%)]	Loss: 1.189664
Make prediction for 5077 samples...
Make prediction for 837 samples...
Make prediction for 723 samples...
EarlyStopping counter: 2 out of 30
Epoch: 009, Train Loss: 1.1236, Metric: r2, Train: 0.3512, Val: 0.2298, best Val: 0.2308, Test: 0.3021
Training on 5077 samples...
Train epoch: 11 [0/5077 (0%)]	Loss: 1.048868
Make prediction for 5077 samples...
Make prediction for 837 samples...
Make prediction for 723 samples...
EarlyStopping counter: 3 out of 30
Epoch: 010, Train Loss: 1.0900, Metric: r2, Train: 0.2708, Val: -0.0521, best Val: 0.2308, Test: 0.3536
Training on 5077 samples...
Train epoch: 12 [0/5077 (0%)]	Loss: 1.125637
Make prediction for 5077 samples...
Make prediction for 837 samples...
Make prediction for 723 samples...
EarlyStopping counter: 4 out of 30
Epoch: 011, Train Loss: 1.1133, Metric: r2, Train: 0.3463, Val: 0.0830, best Val: 0.2308, Test: 0.3707
Training on 5077 samples...
Train epoch: 13 [0/5077 (0%)]	Loss: 1.128736
Make prediction for 5077 samples...
Make prediction for 837 samples...
Make prediction for 723 samples...
Make prediction for 723 samples...
Epoch: 012, Train Loss: 1.0681, Metric: r2, Train: 0.4084, Val: 0.2430, best Val: 0.2430, Test: 0.4268
Training on 5077 samples...
Train epoch: 14 [0/5077 (0%)]	Loss: 0.975112
Make prediction for 5077 samples...
Make prediction for 837 samples...
Make prediction for 723 samples...
Make prediction for 723 samples...
Epoch: 013, Train Loss: 1.0567, Metric: r2, Train: 0.4250, Val: 0.2709, best Val: 0.2709, Test: 0.4119
Training on 5077 samples...
Train epoch: 15 [0/5077 (0%)]	Loss: 1.090432
Make prediction for 5077 samples...
Make prediction for 837 samples...
Make prediction for 723 samples...
EarlyStopping counter: 1 out of 30
Epoch: 014, Train Loss: 1.0488, Metric: r2, Train: 0.3599, Val: -0.0426, best Val: 0.2709, Test: 0.1817
Training on 5077 samples...
Train epoch: 16 [0/5077 (0%)]	Loss: 1.196008
Make prediction for 5077 samples...
Make prediction for 837 samples...
Make prediction for 723 samples...
EarlyStopping counter: 2 out of 30
Epoch: 015, Train Loss: 1.0469, Metric: r2, Train: 0.4169, Val: 0.0497, best Val: 0.2709, Test: 0.3459
Training on 5077 samples...
Train epoch: 17 [0/5077 (0%)]	Loss: 1.058836
Make prediction for 5077 samples...
Make prediction for 837 samples...
Make prediction for 723 samples...
EarlyStopping counter: 3 out of 30
Epoch: 016, Train Loss: 1.0384, Metric: r2, Train: 0.4569, Val: 0.0372, best Val: 0.2709, Test: 0.3505
Training on 5077 samples...
Train epoch: 18 [0/5077 (0%)]	Loss: 0.998604
Make prediction for 5077 samples...
Make prediction for 837 samples...
Make prediction for 723 samples...
EarlyStopping counter: 4 out of 30
Epoch: 017, Train Loss: 1.0219, Metric: r2, Train: 0.4609, Val: -0.0792, best Val: 0.2709, Test: 0.2946
Training on 5077 samples...
Train epoch: 19 [0/5077 (0%)]	Loss: 1.083547
Make prediction for 5077 samples...
Make prediction for 837 samples...
Make prediction for 723 samples...
EarlyStopping counter: 5 out of 30
Epoch: 018, Train Loss: 1.0183, Metric: r2, Train: 0.4840, Val: 0.0303, best Val: 0.2709, Test: 0.3158
Training on 5077 samples...
Train epoch: 20 [0/5077 (0%)]	Loss: 1.026179
Make prediction for 5077 samples...
Make prediction for 837 samples...
Make prediction for 723 samples...
EarlyStopping counter: 6 out of 30
Epoch: 019, Train Loss: 1.0232, Metric: r2, Train: 0.4709, Val: 0.0370, best Val: 0.2709, Test: 0.2889
Training on 5077 samples...
Train epoch: 21 [0/5077 (0%)]	Loss: 0.923142
Make prediction for 5077 samples...
Make prediction for 837 samples...
Make prediction for 723 samples...
EarlyStopping counter: 7 out of 30
Epoch: 020, Train Loss: 0.9969, Metric: r2, Train: 0.5080, Val: 0.0893, best Val: 0.2709, Test: 0.3824
Training on 5077 samples...
Train epoch: 22 [0/5077 (0%)]	Loss: 0.993614
Make prediction for 5077 samples...
Make prediction for 837 samples...
Make prediction for 723 samples...
EarlyStopping counter: 8 out of 30
Epoch: 021, Train Loss: 0.9916, Metric: r2, Train: 0.4944, Val: -0.2573, best Val: 0.2709, Test: 0.2858
Training on 5077 samples...
Train epoch: 23 [0/5077 (0%)]	Loss: 0.968732
Make prediction for 5077 samples...
Make prediction for 837 samples...
Make prediction for 723 samples...
EarlyStopping counter: 9 out of 30
Epoch: 022, Train Loss: 0.9911, Metric: r2, Train: 0.4631, Val: 0.0426, best Val: 0.2709, Test: 0.4015
Training on 5077 samples...
Train epoch: 24 [0/5077 (0%)]	Loss: 1.053308
Make prediction for 5077 samples...
Make prediction for 837 samples...
Make prediction for 723 samples...
EarlyStopping counter: 10 out of 30
Epoch: 023, Train Loss: 1.0206, Metric: r2, Train: 0.5056, Val: -0.0074, best Val: 0.2709, Test: 0.3536
Training on 5077 samples...
Train epoch: 25 [0/5077 (0%)]	Loss: 1.026154
Make prediction for 5077 samples...
Make prediction for 837 samples...
Make prediction for 723 samples...
EarlyStopping counter: 11 out of 30
Epoch: 024, Train Loss: 1.0086, Metric: r2, Train: 0.4854, Val: 0.1730, best Val: 0.2709, Test: 0.3611
Training on 5077 samples...
Train epoch: 26 [0/5077 (0%)]	Loss: 0.966546
Make prediction for 5077 samples...
Make prediction for 837 samples...
Make prediction for 723 samples...
EarlyStopping counter: 12 out of 30
Epoch: 025, Train Loss: 0.9940, Metric: r2, Train: 0.5096, Val: -0.0104, best Val: 0.2709, Test: 0.2905
Training on 5077 samples...
Train epoch: 27 [0/5077 (0%)]	Loss: 0.929281
Make prediction for 5077 samples...
Make prediction for 837 samples...
Make prediction for 723 samples...
EarlyStopping counter: 13 out of 30
Epoch: 026, Train Loss: 0.9763, Metric: r2, Train: 0.5322, Val: 0.0986, best Val: 0.2709, Test: 0.3436
Training on 5077 samples...
Train epoch: 28 [0/5077 (0%)]	Loss: 0.923342
Make prediction for 5077 samples...
Make prediction for 837 samples...
Make prediction for 723 samples...
EarlyStopping counter: 14 out of 30
Epoch: 027, Train Loss: 0.9775, Metric: r2, Train: 0.5497, Val: 0.2483, best Val: 0.2709, Test: 0.4756
Training on 5077 samples...
Train epoch: 29 [0/5077 (0%)]	Loss: 0.962306
Make prediction for 5077 samples...
Make prediction for 837 samples...
Make prediction for 723 samples...
EarlyStopping counter: 15 out of 30
Epoch: 028, Train Loss: 0.9653, Metric: r2, Train: 0.5261, Val: 0.1556, best Val: 0.2709, Test: 0.4377
Training on 5077 samples...
Train epoch: 30 [0/5077 (0%)]	Loss: 0.969280
Make prediction for 5077 samples...
Make prediction for 837 samples...
Make prediction for 723 samples...
EarlyStopping counter: 16 out of 30
Epoch: 029, Train Loss: 0.9630, Metric: r2, Train: 0.5433, Val: -0.0480, best Val: 0.2709, Test: 0.3576
Training on 5077 samples...
Train epoch: 31 [0/5077 (0%)]	Loss: 0.951393
Make prediction for 5077 samples...
Make prediction for 837 samples...
Make prediction for 723 samples...
EarlyStopping counter: 17 out of 30
Epoch: 030, Train Loss: 0.9532, Metric: r2, Train: 0.5820, Val: 0.0784, best Val: 0.2709, Test: 0.4065
Training on 5077 samples...
Train epoch: 32 [0/5077 (0%)]	Loss: 0.979742
Make prediction for 5077 samples...
Make prediction for 837 samples...
Make prediction for 723 samples...
EarlyStopping counter: 18 out of 30
Epoch: 031, Train Loss: 0.9424, Metric: r2, Train: 0.5505, Val: -0.1030, best Val: 0.2709, Test: 0.2438
Training on 5077 samples...
Train epoch: 33 [0/5077 (0%)]	Loss: 0.903118
Make prediction for 5077 samples...
Make prediction for 837 samples...
Make prediction for 723 samples...
EarlyStopping counter: 19 out of 30
Epoch: 032, Train Loss: 0.9383, Metric: r2, Train: 0.4332, Val: 0.1617, best Val: 0.2709, Test: 0.3913
Training on 5077 samples...
Train epoch: 34 [0/5077 (0%)]	Loss: 1.011005
Make prediction for 5077 samples...
Make prediction for 837 samples...
Make prediction for 723 samples...
EarlyStopping counter: 20 out of 30
Epoch: 033, Train Loss: 0.9637, Metric: r2, Train: 0.5799, Val: 0.0159, best Val: 0.2709, Test: 0.4522
Training on 5077 samples...
Train epoch: 35 [0/5077 (0%)]	Loss: 0.897662
Make prediction for 5077 samples...
Make prediction for 837 samples...
Make prediction for 723 samples...
EarlyStopping counter: 21 out of 30
Epoch: 034, Train Loss: 0.9344, Metric: r2, Train: 0.5982, Val: 0.1591, best Val: 0.2709, Test: 0.3719
Training on 5077 samples...
Train epoch: 36 [0/5077 (0%)]	Loss: 0.831379
Make prediction for 5077 samples...
Make prediction for 837 samples...
Make prediction for 723 samples...
EarlyStopping counter: 22 out of 30
Epoch: 035, Train Loss: 0.9172, Metric: r2, Train: 0.5993, Val: 0.0084, best Val: 0.2709, Test: 0.3233
Training on 5077 samples...
Train epoch: 37 [0/5077 (0%)]	Loss: 0.865134
Make prediction for 5077 samples...
Make prediction for 837 samples...
Make prediction for 723 samples...
EarlyStopping counter: 23 out of 30
Epoch: 036, Train Loss: 0.9117, Metric: r2, Train: 0.6155, Val: 0.2033, best Val: 0.2709, Test: 0.4496
Training on 5077 samples...
Train epoch: 38 [0/5077 (0%)]	Loss: 0.987761
Make prediction for 5077 samples...
Make prediction for 837 samples...
Make prediction for 723 samples...
EarlyStopping counter: 24 out of 30
Epoch: 037, Train Loss: 0.9033, Metric: r2, Train: 0.6145, Val: 0.2124, best Val: 0.2709, Test: 0.4230
Training on 5077 samples...
Train epoch: 39 [0/5077 (0%)]	Loss: 0.889704
Make prediction for 5077 samples...
Make prediction for 837 samples...
Make prediction for 723 samples...
EarlyStopping counter: 25 out of 30
Epoch: 038, Train Loss: 0.9012, Metric: r2, Train: 0.5466, Val: 0.2470, best Val: 0.2709, Test: 0.4220
Training on 5077 samples...
Train epoch: 40 [0/5077 (0%)]	Loss: 0.946237
Make prediction for 5077 samples...
Make prediction for 837 samples...
Make prediction for 723 samples...
EarlyStopping counter: 26 out of 30
Epoch: 039, Train Loss: 0.9006, Metric: r2, Train: 0.5765, Val: 0.1504, best Val: 0.2709, Test: 0.3937
Training on 5077 samples...
Train epoch: 41 [0/5077 (0%)]	Loss: 0.964511
Make prediction for 5077 samples...
Make prediction for 837 samples...
Make prediction for 723 samples...
EarlyStopping counter: 27 out of 30
Epoch: 040, Train Loss: 0.9104, Metric: r2, Train: 0.5290, Val: 0.2580, best Val: 0.2709, Test: 0.4000
Training on 5077 samples...
Train epoch: 42 [0/5077 (0%)]	Loss: 0.941809
Make prediction for 5077 samples...
Make prediction for 837 samples...
Make prediction for 723 samples...
EarlyStopping counter: 28 out of 30
Epoch: 041, Train Loss: 0.9092, Metric: r2, Train: 0.5871, Val: 0.1594, best Val: 0.2709, Test: 0.3933
Training on 5077 samples...
Train epoch: 43 [0/5077 (0%)]	Loss: 0.857847
Make prediction for 5077 samples...
Make prediction for 837 samples...
Make prediction for 723 samples...
EarlyStopping counter: 29 out of 30
Epoch: 042, Train Loss: 0.9033, Metric: r2, Train: 0.5848, Val: 0.1812, best Val: 0.2709, Test: 0.4006
Training on 5077 samples...
Train epoch: 44 [0/5077 (0%)]	Loss: 0.969438
Make prediction for 5077 samples...
Make prediction for 837 samples...
Make prediction for 723 samples...
EarlyStopping counter: 30 out of 30
Epoch: 043, Train Loss: 0.8762, Metric: r2, Train: 0.6295, Val: 0.2428, best Val: 0.2709, Test: 0.4046
out of patience!
******PAMPA1_Perimeter_2054, 2th_time_result******
train_result: 0.425
val_result: 0.2709
test_result: 0.4119
Current seed: 2044
Pre-processed data found: data/processed/PAMPA1_Perimeter_2054/PAMPA1_Perimeter_2054_train.pt, loading ...
Pre-processed data found: data/processed/PAMPA1_Perimeter_2054/PAMPA1_Perimeter_2054_valid.pt, loading ...
Pre-processed data found: data/processed/PAMPA1_Perimeter_2054/PAMPA1_Perimeter_2054_test.pt, loading ...
trainset mean:-5.610000133514404 std:0.9600000381469727
Training on 5077 samples...
Train epoch: 1 [0/5077 (0%)]	Loss: 1.407423
Make prediction for 5077 samples...
Make prediction for 837 samples...
Make prediction for 723 samples...
Make prediction for 723 samples...
Epoch: 000, Train Loss: 1.3699, Metric: r2, Train: -0.0038, Val: -0.0777, best Val: -0.0777, Test: -0.0469
Training on 5077 samples...
Train epoch: 2 [0/5077 (0%)]	Loss: 1.304652
Make prediction for 5077 samples...
Make prediction for 837 samples...
Make prediction for 723 samples...
Make prediction for 723 samples...
Epoch: 001, Train Loss: 1.3290, Metric: r2, Train: 0.0355, Val: -0.0289, best Val: -0.0289, Test: -0.0427
Training on 5077 samples...
Train epoch: 3 [0/5077 (0%)]	Loss: 1.223746
Make prediction for 5077 samples...
Make prediction for 837 samples...
Make prediction for 723 samples...
Make prediction for 723 samples...
Epoch: 002, Train Loss: 1.2637, Metric: r2, Train: 0.1960, Val: 0.1607, best Val: 0.1607, Test: 0.1626
Training on 5077 samples...
Train epoch: 4 [0/5077 (0%)]	Loss: 1.157088
Make prediction for 5077 samples...
Make prediction for 837 samples...
Make prediction for 723 samples...
EarlyStopping counter: 1 out of 30
Epoch: 003, Train Loss: 1.2040, Metric: r2, Train: 0.2171, Val: -0.0708, best Val: 0.1607, Test: 0.1951
Training on 5077 samples...
Train epoch: 5 [0/5077 (0%)]	Loss: 1.245725
Make prediction for 5077 samples...
Make prediction for 837 samples...
Make prediction for 723 samples...
EarlyStopping counter: 2 out of 30
Epoch: 004, Train Loss: 1.1792, Metric: r2, Train: 0.2388, Val: -0.2065, best Val: 0.1607, Test: 0.2408
Training on 5077 samples...
Train epoch: 6 [0/5077 (0%)]	Loss: 1.309973
Make prediction for 5077 samples...
Make prediction for 837 samples...
Make prediction for 723 samples...
EarlyStopping counter: 3 out of 30
Epoch: 005, Train Loss: 1.1508, Metric: r2, Train: 0.3046, Val: 0.0222, best Val: 0.1607, Test: 0.3092
Training on 5077 samples...
Train epoch: 7 [0/5077 (0%)]	Loss: 1.097423
Make prediction for 5077 samples...
Make prediction for 837 samples...
Make prediction for 723 samples...
Make prediction for 723 samples...
Epoch: 006, Train Loss: 1.1722, Metric: r2, Train: 0.2960, Val: 0.1884, best Val: 0.1884, Test: 0.2756
Training on 5077 samples...
Train epoch: 8 [0/5077 (0%)]	Loss: 1.084791
Make prediction for 5077 samples...
Make prediction for 837 samples...
Make prediction for 723 samples...
EarlyStopping counter: 1 out of 30
Epoch: 007, Train Loss: 1.1293, Metric: r2, Train: 0.3288, Val: -0.1388, best Val: 0.1884, Test: 0.3874
Training on 5077 samples...
Train epoch: 9 [0/5077 (0%)]	Loss: 0.991574
Make prediction for 5077 samples...
Make prediction for 837 samples...
Make prediction for 723 samples...
EarlyStopping counter: 2 out of 30
Epoch: 008, Train Loss: 1.1024, Metric: r2, Train: 0.3593, Val: -0.0276, best Val: 0.1884, Test: 0.4028
Training on 5077 samples...
Train epoch: 10 [0/5077 (0%)]	Loss: 1.084077
Make prediction for 5077 samples...
Make prediction for 837 samples...
Make prediction for 723 samples...
EarlyStopping counter: 3 out of 30
Epoch: 009, Train Loss: 1.1256, Metric: r2, Train: 0.3132, Val: 0.1733, best Val: 0.1884, Test: 0.2329
Training on 5077 samples...
Train epoch: 11 [0/5077 (0%)]	Loss: 1.088523
Make prediction for 5077 samples...
Make prediction for 837 samples...
Make prediction for 723 samples...
Make prediction for 723 samples...
Epoch: 010, Train Loss: 1.1094, Metric: r2, Train: 0.3566, Val: 0.2572, best Val: 0.2572, Test: 0.2773
Training on 5077 samples...
Train epoch: 12 [0/5077 (0%)]	Loss: 1.080039
Make prediction for 5077 samples...
Make prediction for 837 samples...
Make prediction for 723 samples...
EarlyStopping counter: 1 out of 30
Epoch: 011, Train Loss: 1.0727, Metric: r2, Train: 0.3846, Val: 0.0569, best Val: 0.2572, Test: 0.4307
Training on 5077 samples...
Train epoch: 13 [0/5077 (0%)]	Loss: 1.079367
Make prediction for 5077 samples...
Make prediction for 837 samples...
Make prediction for 723 samples...
EarlyStopping counter: 2 out of 30
Epoch: 012, Train Loss: 1.0624, Metric: r2, Train: 0.4262, Val: 0.2235, best Val: 0.2572, Test: 0.3844
Training on 5077 samples...
Train epoch: 14 [0/5077 (0%)]	Loss: 1.100813
Make prediction for 5077 samples...
Make prediction for 837 samples...
Make prediction for 723 samples...
EarlyStopping counter: 3 out of 30
Epoch: 013, Train Loss: 1.0741, Metric: r2, Train: 0.3939, Val: 0.1462, best Val: 0.2572, Test: 0.3470
Training on 5077 samples...
Train epoch: 15 [0/5077 (0%)]	Loss: 0.979372
Make prediction for 5077 samples...
Make prediction for 837 samples...
Make prediction for 723 samples...
EarlyStopping counter: 4 out of 30
Epoch: 014, Train Loss: 1.0484, Metric: r2, Train: 0.3910, Val: -0.0890, best Val: 0.2572, Test: 0.2620
Training on 5077 samples...
Train epoch: 16 [0/5077 (0%)]	Loss: 1.089239
Make prediction for 5077 samples...
Make prediction for 837 samples...
Make prediction for 723 samples...
EarlyStopping counter: 5 out of 30
Epoch: 015, Train Loss: 1.0594, Metric: r2, Train: 0.4478, Val: 0.2174, best Val: 0.2572, Test: 0.3034
Training on 5077 samples...
Train epoch: 17 [0/5077 (0%)]	Loss: 1.135837
Make prediction for 5077 samples...
Make prediction for 837 samples...
Make prediction for 723 samples...
EarlyStopping counter: 6 out of 30
Epoch: 016, Train Loss: 1.0201, Metric: r2, Train: 0.4507, Val: 0.2222, best Val: 0.2572, Test: 0.2829
Training on 5077 samples...
Train epoch: 18 [0/5077 (0%)]	Loss: 1.151992
Make prediction for 5077 samples...
Make prediction for 837 samples...
Make prediction for 723 samples...
EarlyStopping counter: 7 out of 30
Epoch: 017, Train Loss: 1.0299, Metric: r2, Train: 0.4518, Val: 0.1941, best Val: 0.2572, Test: 0.3978
Training on 5077 samples...
Train epoch: 19 [0/5077 (0%)]	Loss: 1.011636
Make prediction for 5077 samples...
Make prediction for 837 samples...
Make prediction for 723 samples...
EarlyStopping counter: 8 out of 30
Epoch: 018, Train Loss: 1.0126, Metric: r2, Train: 0.4862, Val: 0.2295, best Val: 0.2572, Test: 0.4458
Training on 5077 samples...
Train epoch: 20 [0/5077 (0%)]	Loss: 0.934403
Make prediction for 5077 samples...
Make prediction for 837 samples...
Make prediction for 723 samples...
EarlyStopping counter: 9 out of 30
Epoch: 019, Train Loss: 0.9991, Metric: r2, Train: 0.4650, Val: 0.0509, best Val: 0.2572, Test: 0.4341
Training on 5077 samples...
Train epoch: 21 [0/5077 (0%)]	Loss: 0.933470
Make prediction for 5077 samples...
Make prediction for 837 samples...
Make prediction for 723 samples...
EarlyStopping counter: 10 out of 30
Epoch: 020, Train Loss: 0.9973, Metric: r2, Train: 0.4869, Val: 0.1720, best Val: 0.2572, Test: 0.4343
Training on 5077 samples...
Train epoch: 22 [0/5077 (0%)]	Loss: 0.968291
Make prediction for 5077 samples...
Make prediction for 837 samples...
Make prediction for 723 samples...
EarlyStopping counter: 11 out of 30
Epoch: 021, Train Loss: 0.9830, Metric: r2, Train: 0.4150, Val: 0.0462, best Val: 0.2572, Test: 0.3761
Training on 5077 samples...
Train epoch: 23 [0/5077 (0%)]	Loss: 1.060673
Make prediction for 5077 samples...
Make prediction for 837 samples...
Make prediction for 723 samples...
EarlyStopping counter: 12 out of 30
Epoch: 022, Train Loss: 0.9886, Metric: r2, Train: 0.4566, Val: -0.3031, best Val: 0.2572, Test: 0.2056
Training on 5077 samples...
Train epoch: 24 [0/5077 (0%)]	Loss: 1.057161
Make prediction for 5077 samples...
Make prediction for 837 samples...
Make prediction for 723 samples...
EarlyStopping counter: 13 out of 30
Epoch: 023, Train Loss: 0.9807, Metric: r2, Train: 0.5129, Val: 0.0226, best Val: 0.2572, Test: 0.4021
Training on 5077 samples...
Train epoch: 25 [0/5077 (0%)]	Loss: 0.961294
Make prediction for 5077 samples...
Make prediction for 837 samples...
Make prediction for 723 samples...
EarlyStopping counter: 14 out of 30
Epoch: 024, Train Loss: 0.9604, Metric: r2, Train: 0.5488, Val: 0.1265, best Val: 0.2572, Test: 0.4707
Training on 5077 samples...
Train epoch: 26 [0/5077 (0%)]	Loss: 0.933935
Make prediction for 5077 samples...
Make prediction for 837 samples...
Make prediction for 723 samples...
EarlyStopping counter: 15 out of 30
Epoch: 025, Train Loss: 0.9562, Metric: r2, Train: 0.5175, Val: 0.1017, best Val: 0.2572, Test: 0.4473
Training on 5077 samples...
Train epoch: 27 [0/5077 (0%)]	Loss: 0.887139
Make prediction for 5077 samples...
Make prediction for 837 samples...
Make prediction for 723 samples...
EarlyStopping counter: 16 out of 30
Epoch: 026, Train Loss: 0.9527, Metric: r2, Train: 0.5649, Val: 0.2250, best Val: 0.2572, Test: 0.4093
Training on 5077 samples...
Train epoch: 28 [0/5077 (0%)]	Loss: 0.957413
Make prediction for 5077 samples...
Make prediction for 837 samples...
Make prediction for 723 samples...
EarlyStopping counter: 17 out of 30
Epoch: 027, Train Loss: 0.9449, Metric: r2, Train: 0.5511, Val: 0.1700, best Val: 0.2572, Test: 0.4205
Training on 5077 samples...
Train epoch: 29 [0/5077 (0%)]	Loss: 0.957714
Make prediction for 5077 samples...
Make prediction for 837 samples...
Make prediction for 723 samples...
EarlyStopping counter: 18 out of 30
Epoch: 028, Train Loss: 0.9550, Metric: r2, Train: 0.5535, Val: 0.1438, best Val: 0.2572, Test: 0.3884
Training on 5077 samples...
Train epoch: 30 [0/5077 (0%)]	Loss: 0.911831
Make prediction for 5077 samples...
Make prediction for 837 samples...
Make prediction for 723 samples...
EarlyStopping counter: 19 out of 30
Epoch: 029, Train Loss: 0.9585, Metric: r2, Train: 0.5473, Val: 0.1984, best Val: 0.2572, Test: 0.4199
Training on 5077 samples...
Train epoch: 31 [0/5077 (0%)]	Loss: 1.006149
Make prediction for 5077 samples...
Make prediction for 837 samples...
Make prediction for 723 samples...
EarlyStopping counter: 20 out of 30
Epoch: 030, Train Loss: 0.9355, Metric: r2, Train: 0.5640, Val: 0.1911, best Val: 0.2572, Test: 0.4254
Training on 5077 samples...
Train epoch: 32 [0/5077 (0%)]	Loss: 0.901994
Make prediction for 5077 samples...
Make prediction for 837 samples...
Make prediction for 723 samples...
EarlyStopping counter: 21 out of 30
Epoch: 031, Train Loss: 0.9295, Metric: r2, Train: 0.5514, Val: 0.1251, best Val: 0.2572, Test: 0.5096
Training on 5077 samples...
Train epoch: 33 [0/5077 (0%)]	Loss: 0.993693
Make prediction for 5077 samples...
Make prediction for 837 samples...
Make prediction for 723 samples...
Make prediction for 723 samples...
Epoch: 032, Train Loss: 0.9394, Metric: r2, Train: 0.5549, Val: 0.2803, best Val: 0.2803, Test: 0.4416
Training on 5077 samples...
Train epoch: 34 [0/5077 (0%)]	Loss: 0.923542
Make prediction for 5077 samples...
Make prediction for 837 samples...
Make prediction for 723 samples...
EarlyStopping counter: 1 out of 30
Epoch: 033, Train Loss: 0.9114, Metric: r2, Train: 0.5955, Val: 0.0082, best Val: 0.2803, Test: 0.4458
Training on 5077 samples...
Train epoch: 35 [0/5077 (0%)]	Loss: 0.835060
Make prediction for 5077 samples...
Make prediction for 837 samples...
Make prediction for 723 samples...
EarlyStopping counter: 2 out of 30
Epoch: 034, Train Loss: 0.9394, Metric: r2, Train: 0.5750, Val: 0.2085, best Val: 0.2803, Test: 0.4637
Training on 5077 samples...
Train epoch: 36 [0/5077 (0%)]	Loss: 0.959923
Make prediction for 5077 samples...
Make prediction for 837 samples...
Make prediction for 723 samples...
EarlyStopping counter: 3 out of 30
Epoch: 035, Train Loss: 0.9462, Metric: r2, Train: 0.5953, Val: 0.2385, best Val: 0.2803, Test: 0.4459
Training on 5077 samples...
Train epoch: 37 [0/5077 (0%)]	Loss: 0.888013
Make prediction for 5077 samples...
Make prediction for 837 samples...
Make prediction for 723 samples...
EarlyStopping counter: 4 out of 30
Epoch: 036, Train Loss: 0.9310, Metric: r2, Train: 0.5913, Val: 0.0199, best Val: 0.2803, Test: 0.3787
Training on 5077 samples...
Train epoch: 38 [0/5077 (0%)]	Loss: 0.945180
Make prediction for 5077 samples...
Make prediction for 837 samples...
Make prediction for 723 samples...
EarlyStopping counter: 5 out of 30
Epoch: 037, Train Loss: 0.9265, Metric: r2, Train: 0.5882, Val: 0.1177, best Val: 0.2803, Test: 0.3478
Training on 5077 samples...
Train epoch: 39 [0/5077 (0%)]	Loss: 0.963733
Make prediction for 5077 samples...
Make prediction for 837 samples...
Make prediction for 723 samples...
EarlyStopping counter: 6 out of 30
Epoch: 038, Train Loss: 0.9243, Metric: r2, Train: 0.5664, Val: 0.0116, best Val: 0.2803, Test: 0.4605
Training on 5077 samples...
Train epoch: 40 [0/5077 (0%)]	Loss: 0.943303
Make prediction for 5077 samples...
Make prediction for 837 samples...
Make prediction for 723 samples...
EarlyStopping counter: 7 out of 30
Epoch: 039, Train Loss: 0.9230, Metric: r2, Train: 0.6114, Val: 0.2686, best Val: 0.2803, Test: 0.4526
Training on 5077 samples...
Train epoch: 41 [0/5077 (0%)]	Loss: 0.856563
Make prediction for 5077 samples...
Make prediction for 837 samples...
Make prediction for 723 samples...
EarlyStopping counter: 8 out of 30
Epoch: 040, Train Loss: 0.9110, Metric: r2, Train: 0.6232, Val: 0.2287, best Val: 0.2803, Test: 0.4415
Training on 5077 samples...
Train epoch: 42 [0/5077 (0%)]	Loss: 0.928225
Make prediction for 5077 samples...
Make prediction for 837 samples...
Make prediction for 723 samples...
EarlyStopping counter: 9 out of 30
Epoch: 041, Train Loss: 0.8928, Metric: r2, Train: 0.6237, Val: 0.2371, best Val: 0.2803, Test: 0.5429
Training on 5077 samples...
Train epoch: 43 [0/5077 (0%)]	Loss: 0.871495
Make prediction for 5077 samples...
Make prediction for 837 samples...
Make prediction for 723 samples...
EarlyStopping counter: 10 out of 30
Epoch: 042, Train Loss: 0.8955, Metric: r2, Train: 0.6292, Val: 0.2786, best Val: 0.2803, Test: 0.3954
Training on 5077 samples...
Train epoch: 44 [0/5077 (0%)]	Loss: 0.843403
Make prediction for 5077 samples...
Make prediction for 837 samples...
Make prediction for 723 samples...
EarlyStopping counter: 11 out of 30
Epoch: 043, Train Loss: 0.8969, Metric: r2, Train: 0.6449, Val: 0.2224, best Val: 0.2803, Test: 0.4544
Training on 5077 samples...
Train epoch: 45 [0/5077 (0%)]	Loss: 0.888748
Make prediction for 5077 samples...
Make prediction for 837 samples...
Make prediction for 723 samples...
EarlyStopping counter: 12 out of 30
Epoch: 044, Train Loss: 0.8873, Metric: r2, Train: 0.6251, Val: 0.2456, best Val: 0.2803, Test: 0.4772
Training on 5077 samples...
Train epoch: 46 [0/5077 (0%)]	Loss: 0.875879
Make prediction for 5077 samples...
Make prediction for 837 samples...
Make prediction for 723 samples...
EarlyStopping counter: 13 out of 30
Epoch: 045, Train Loss: 0.8853, Metric: r2, Train: 0.6653, Val: 0.2353, best Val: 0.2803, Test: 0.4787
Training on 5077 samples...
Train epoch: 47 [0/5077 (0%)]	Loss: 0.850879
Make prediction for 5077 samples...
Make prediction for 837 samples...
Make prediction for 723 samples...
EarlyStopping counter: 14 out of 30
Epoch: 046, Train Loss: 0.8783, Metric: r2, Train: 0.6432, Val: 0.0800, best Val: 0.2803, Test: 0.4607
Training on 5077 samples...
Train epoch: 48 [0/5077 (0%)]	Loss: 0.839824
Make prediction for 5077 samples...
Make prediction for 837 samples...
Make prediction for 723 samples...
EarlyStopping counter: 15 out of 30
Epoch: 047, Train Loss: 0.8819, Metric: r2, Train: 0.6487, Val: 0.0032, best Val: 0.2803, Test: 0.3859
Training on 5077 samples...
Train epoch: 49 [0/5077 (0%)]	Loss: 0.866238
Make prediction for 5077 samples...
Make prediction for 837 samples...
Make prediction for 723 samples...
EarlyStopping counter: 16 out of 30
Epoch: 048, Train Loss: 0.8687, Metric: r2, Train: 0.6693, Val: 0.1648, best Val: 0.2803, Test: 0.4927
Training on 5077 samples...
Train epoch: 50 [0/5077 (0%)]	Loss: 0.865194
Make prediction for 5077 samples...
Make prediction for 837 samples...
Make prediction for 723 samples...
EarlyStopping counter: 17 out of 30
Epoch: 049, Train Loss: 0.8666, Metric: r2, Train: 0.6683, Val: 0.0978, best Val: 0.2803, Test: 0.4455
Training on 5077 samples...
Train epoch: 51 [0/5077 (0%)]	Loss: 0.837221
Make prediction for 5077 samples...
Make prediction for 837 samples...
Make prediction for 723 samples...
EarlyStopping counter: 18 out of 30
Epoch: 050, Train Loss: 0.8636, Metric: r2, Train: 0.6661, Val: 0.2700, best Val: 0.2803, Test: 0.3888
Training on 5077 samples...
Train epoch: 52 [0/5077 (0%)]	Loss: 0.836591
Make prediction for 5077 samples...
Make prediction for 837 samples...
Make prediction for 723 samples...
Make prediction for 723 samples...
Epoch: 051, Train Loss: 0.8863, Metric: r2, Train: 0.6530, Val: 0.2871, best Val: 0.2871, Test: 0.3999
Training on 5077 samples...
Train epoch: 53 [0/5077 (0%)]	Loss: 0.886872
Make prediction for 5077 samples...
Make prediction for 837 samples...
Make prediction for 723 samples...
EarlyStopping counter: 1 out of 30
Epoch: 052, Train Loss: 0.8757, Metric: r2, Train: 0.6564, Val: 0.2583, best Val: 0.2871, Test: 0.5056
Training on 5077 samples...
Train epoch: 54 [0/5077 (0%)]	Loss: 0.863335
Make prediction for 5077 samples...
Make prediction for 837 samples...
Make prediction for 723 samples...
EarlyStopping counter: 2 out of 30
Epoch: 053, Train Loss: 0.8569, Metric: r2, Train: 0.6359, Val: 0.2599, best Val: 0.2871, Test: 0.4519
Training on 5077 samples...
Train epoch: 55 [0/5077 (0%)]	Loss: 0.831045
Make prediction for 5077 samples...
Make prediction for 837 samples...
Make prediction for 723 samples...
EarlyStopping counter: 3 out of 30
Epoch: 054, Train Loss: 0.8633, Metric: r2, Train: 0.6816, Val: 0.2840, best Val: 0.2871, Test: 0.4819
Training on 5077 samples...
Train epoch: 56 [0/5077 (0%)]	Loss: 0.848144
Make prediction for 5077 samples...
Make prediction for 837 samples...
Make prediction for 723 samples...
EarlyStopping counter: 4 out of 30
Epoch: 055, Train Loss: 0.8459, Metric: r2, Train: 0.6689, Val: 0.1990, best Val: 0.2871, Test: 0.4344
Training on 5077 samples...
Train epoch: 57 [0/5077 (0%)]	Loss: 0.867945
Make prediction for 5077 samples...
Make prediction for 837 samples...
Make prediction for 723 samples...
EarlyStopping counter: 5 out of 30
Epoch: 056, Train Loss: 0.8423, Metric: r2, Train: 0.6643, Val: 0.2578, best Val: 0.2871, Test: 0.4867
Training on 5077 samples...
Train epoch: 58 [0/5077 (0%)]	Loss: 0.845878
Make prediction for 5077 samples...
Make prediction for 837 samples...
Make prediction for 723 samples...
Make prediction for 723 samples...
Epoch: 057, Train Loss: 0.8144, Metric: r2, Train: 0.6800, Val: 0.2929, best Val: 0.2929, Test: 0.4664
Training on 5077 samples...
Train epoch: 59 [0/5077 (0%)]	Loss: 0.782461
Make prediction for 5077 samples...
Make prediction for 837 samples...
Make prediction for 723 samples...
EarlyStopping counter: 1 out of 30
Epoch: 058, Train Loss: 0.8435, Metric: r2, Train: 0.5813, Val: 0.0819, best Val: 0.2929, Test: 0.3367
Training on 5077 samples...
Train epoch: 60 [0/5077 (0%)]	Loss: 0.857667
Make prediction for 5077 samples...
Make prediction for 837 samples...
Make prediction for 723 samples...
Make prediction for 723 samples...
Epoch: 059, Train Loss: 0.8248, Metric: r2, Train: 0.6659, Val: 0.3124, best Val: 0.3124, Test: 0.4610
Training on 5077 samples...
Train epoch: 61 [0/5077 (0%)]	Loss: 0.747259
Make prediction for 5077 samples...
Make prediction for 837 samples...
Make prediction for 723 samples...
EarlyStopping counter: 1 out of 30
Epoch: 060, Train Loss: 0.7876, Metric: r2, Train: 0.7022, Val: 0.2696, best Val: 0.3124, Test: 0.5254
Training on 5077 samples...
Train epoch: 62 [0/5077 (0%)]	Loss: 0.712281
Make prediction for 5077 samples...
Make prediction for 837 samples...
Make prediction for 723 samples...
EarlyStopping counter: 2 out of 30
Epoch: 061, Train Loss: 0.7779, Metric: r2, Train: 0.6917, Val: 0.2320, best Val: 0.3124, Test: 0.4537
Training on 5077 samples...
Train epoch: 63 [0/5077 (0%)]	Loss: 0.795155
Make prediction for 5077 samples...
Make prediction for 837 samples...
Make prediction for 723 samples...
EarlyStopping counter: 3 out of 30
Epoch: 062, Train Loss: 0.7722, Metric: r2, Train: 0.6831, Val: 0.2792, best Val: 0.3124, Test: 0.4237
Training on 5077 samples...
Train epoch: 64 [0/5077 (0%)]	Loss: 0.796756
Make prediction for 5077 samples...
Make prediction for 837 samples...
Make prediction for 723 samples...
EarlyStopping counter: 4 out of 30
Epoch: 063, Train Loss: 0.7690, Metric: r2, Train: 0.6802, Val: 0.1019, best Val: 0.3124, Test: 0.5095
Training on 5077 samples...
Train epoch: 65 [0/5077 (0%)]	Loss: 0.761693
Make prediction for 5077 samples...
Make prediction for 837 samples...
Make prediction for 723 samples...
EarlyStopping counter: 5 out of 30
Epoch: 064, Train Loss: 0.7712, Metric: r2, Train: 0.6847, Val: 0.0978, best Val: 0.3124, Test: 0.4708
Training on 5077 samples...
Train epoch: 66 [0/5077 (0%)]	Loss: 0.758728
Make prediction for 5077 samples...
Make prediction for 837 samples...
Make prediction for 723 samples...
EarlyStopping counter: 6 out of 30
Epoch: 065, Train Loss: 0.7568, Metric: r2, Train: 0.6935, Val: 0.3014, best Val: 0.3124, Test: 0.5184
Training on 5077 samples...
Train epoch: 67 [0/5077 (0%)]	Loss: 0.770039
Make prediction for 5077 samples...
Make prediction for 837 samples...
Make prediction for 723 samples...
EarlyStopping counter: 7 out of 30
Epoch: 066, Train Loss: 0.7581, Metric: r2, Train: 0.7032, Val: 0.2297, best Val: 0.3124, Test: 0.5239
Training on 5077 samples...
Train epoch: 68 [0/5077 (0%)]	Loss: 0.737477
Make prediction for 5077 samples...
Make prediction for 837 samples...
Make prediction for 723 samples...
EarlyStopping counter: 8 out of 30
Epoch: 067, Train Loss: 0.7457, Metric: r2, Train: 0.6977, Val: 0.0692, best Val: 0.3124, Test: 0.3864
Training on 5077 samples...
Train epoch: 69 [0/5077 (0%)]	Loss: 0.728157
Make prediction for 5077 samples...
Make prediction for 837 samples...
Make prediction for 723 samples...
EarlyStopping counter: 9 out of 30
Epoch: 068, Train Loss: 0.7528, Metric: r2, Train: 0.7031, Val: 0.2531, best Val: 0.3124, Test: 0.5199
Training on 5077 samples...
Train epoch: 70 [0/5077 (0%)]	Loss: 0.764393
Make prediction for 5077 samples...
Make prediction for 837 samples...
Make prediction for 723 samples...
EarlyStopping counter: 10 out of 30
Epoch: 069, Train Loss: 0.7508, Metric: r2, Train: 0.7100, Val: 0.2179, best Val: 0.3124, Test: 0.4842
Training on 5077 samples...
Train epoch: 71 [0/5077 (0%)]	Loss: 0.685076
Make prediction for 5077 samples...
Make prediction for 837 samples...
Make prediction for 723 samples...
EarlyStopping counter: 11 out of 30
Epoch: 070, Train Loss: 0.7466, Metric: r2, Train: 0.6946, Val: 0.2470, best Val: 0.3124, Test: 0.4840
Training on 5077 samples...
Train epoch: 72 [0/5077 (0%)]	Loss: 0.838693
Make prediction for 5077 samples...
Make prediction for 837 samples...
Make prediction for 723 samples...
EarlyStopping counter: 12 out of 30
Epoch: 071, Train Loss: 0.7533, Metric: r2, Train: 0.7062, Val: 0.3059, best Val: 0.3124, Test: 0.5171
Training on 5077 samples...
Train epoch: 73 [0/5077 (0%)]	Loss: 0.671447
Make prediction for 5077 samples...
Make prediction for 837 samples...
Make prediction for 723 samples...
EarlyStopping counter: 13 out of 30
Epoch: 072, Train Loss: 0.7316, Metric: r2, Train: 0.7171, Val: 0.2971, best Val: 0.3124, Test: 0.5445
Training on 5077 samples...
Train epoch: 74 [0/5077 (0%)]	Loss: 0.729753
Make prediction for 5077 samples...
Make prediction for 837 samples...
Make prediction for 723 samples...
EarlyStopping counter: 14 out of 30
Epoch: 073, Train Loss: 0.7302, Metric: r2, Train: 0.7180, Val: 0.1606, best Val: 0.3124, Test: 0.4818
Training on 5077 samples...
Train epoch: 75 [0/5077 (0%)]	Loss: 0.702913
Make prediction for 5077 samples...
Make prediction for 837 samples...
Make prediction for 723 samples...
EarlyStopping counter: 15 out of 30
Epoch: 074, Train Loss: 0.7283, Metric: r2, Train: 0.7154, Val: 0.1859, best Val: 0.3124, Test: 0.5132
Training on 5077 samples...
Train epoch: 76 [0/5077 (0%)]	Loss: 0.678819
Make prediction for 5077 samples...
Make prediction for 837 samples...
Make prediction for 723 samples...
EarlyStopping counter: 16 out of 30
Epoch: 075, Train Loss: 0.7241, Metric: r2, Train: 0.6988, Val: 0.2295, best Val: 0.3124, Test: 0.4346
Training on 5077 samples...
Train epoch: 77 [0/5077 (0%)]	Loss: 0.772234
Make prediction for 5077 samples...
Make prediction for 837 samples...
Make prediction for 723 samples...
EarlyStopping counter: 17 out of 30
Epoch: 076, Train Loss: 0.7294, Metric: r2, Train: 0.7145, Val: 0.2859, best Val: 0.3124, Test: 0.5237
Training on 5077 samples...
Train epoch: 78 [0/5077 (0%)]	Loss: 0.719971
Make prediction for 5077 samples...
Make prediction for 837 samples...
Make prediction for 723 samples...
EarlyStopping counter: 18 out of 30
Epoch: 077, Train Loss: 0.7236, Metric: r2, Train: 0.7293, Val: 0.2994, best Val: 0.3124, Test: 0.5466
Training on 5077 samples...
Train epoch: 79 [0/5077 (0%)]	Loss: 0.704810
Make prediction for 5077 samples...
Make prediction for 837 samples...
Make prediction for 723 samples...
EarlyStopping counter: 19 out of 30
Epoch: 078, Train Loss: 0.7143, Metric: r2, Train: 0.7366, Val: 0.1533, best Val: 0.3124, Test: 0.5713
Training on 5077 samples...
Train epoch: 80 [0/5077 (0%)]	Loss: 0.744859
Make prediction for 5077 samples...
Make prediction for 837 samples...
Make prediction for 723 samples...
EarlyStopping counter: 20 out of 30
Epoch: 079, Train Loss: 0.7189, Metric: r2, Train: 0.7221, Val: 0.2288, best Val: 0.3124, Test: 0.4918
Training on 5077 samples...
Train epoch: 81 [0/5077 (0%)]	Loss: 0.707133
Make prediction for 5077 samples...
Make prediction for 837 samples...
Make prediction for 723 samples...
EarlyStopping counter: 21 out of 30
Epoch: 080, Train Loss: 0.7047, Metric: r2, Train: 0.7380, Val: 0.2905, best Val: 0.3124, Test: 0.5019
Training on 5077 samples...
Train epoch: 82 [0/5077 (0%)]	Loss: 0.677401
Make prediction for 5077 samples...
Make prediction for 837 samples...
Make prediction for 723 samples...
EarlyStopping counter: 22 out of 30
Epoch: 081, Train Loss: 0.7034, Metric: r2, Train: 0.7299, Val: 0.2831, best Val: 0.3124, Test: 0.4547
Training on 5077 samples...
Train epoch: 83 [0/5077 (0%)]	Loss: 0.688014
Make prediction for 5077 samples...
Make prediction for 837 samples...
Make prediction for 723 samples...
EarlyStopping counter: 23 out of 30
Epoch: 082, Train Loss: 0.7106, Metric: r2, Train: 0.7312, Val: 0.3113, best Val: 0.3124, Test: 0.5472
Training on 5077 samples...
Train epoch: 84 [0/5077 (0%)]	Loss: 0.706154
Make prediction for 5077 samples...
Make prediction for 837 samples...
Make prediction for 723 samples...
EarlyStopping counter: 24 out of 30
Epoch: 083, Train Loss: 0.7028, Metric: r2, Train: 0.7359, Val: 0.2928, best Val: 0.3124, Test: 0.5185
Training on 5077 samples...
Train epoch: 85 [0/5077 (0%)]	Loss: 0.693226
Make prediction for 5077 samples...
Make prediction for 837 samples...
Make prediction for 723 samples...
EarlyStopping counter: 25 out of 30
Epoch: 084, Train Loss: 0.7041, Metric: r2, Train: 0.7329, Val: 0.0681, best Val: 0.3124, Test: 0.5793
Training on 5077 samples...
Train epoch: 86 [0/5077 (0%)]	Loss: 0.679914
Make prediction for 5077 samples...
Make prediction for 837 samples...
Make prediction for 723 samples...
EarlyStopping counter: 26 out of 30
Epoch: 085, Train Loss: 0.7060, Metric: r2, Train: 0.7194, Val: 0.2049, best Val: 0.3124, Test: 0.4996
Training on 5077 samples...
Train epoch: 87 [0/5077 (0%)]	Loss: 0.651898
Make prediction for 5077 samples...
Make prediction for 837 samples...
Make prediction for 723 samples...
EarlyStopping counter: 27 out of 30
Epoch: 086, Train Loss: 0.6998, Metric: r2, Train: 0.7364, Val: 0.2999, best Val: 0.3124, Test: 0.4524
Training on 5077 samples...
Train epoch: 88 [0/5077 (0%)]	Loss: 0.659672
Make prediction for 5077 samples...
Make prediction for 837 samples...
Make prediction for 723 samples...
EarlyStopping counter: 28 out of 30
Epoch: 087, Train Loss: 0.6963, Metric: r2, Train: 0.7324, Val: 0.1957, best Val: 0.3124, Test: 0.5305
Training on 5077 samples...
Train epoch: 89 [0/5077 (0%)]	Loss: 0.671349
Make prediction for 5077 samples...
Make prediction for 837 samples...
Make prediction for 723 samples...
EarlyStopping counter: 29 out of 30
Epoch: 088, Train Loss: 0.6980, Metric: r2, Train: 0.7330, Val: 0.1758, best Val: 0.3124, Test: 0.5500
Training on 5077 samples...
Train epoch: 90 [0/5077 (0%)]	Loss: 0.688109
Make prediction for 5077 samples...
Make prediction for 837 samples...
Make prediction for 723 samples...
EarlyStopping counter: 30 out of 30
Epoch: 089, Train Loss: 0.6942, Metric: r2, Train: 0.7479, Val: 0.1865, best Val: 0.3124, Test: 0.5363
out of patience!
******PAMPA1_Perimeter_2054, 3th_time_result******
train_result: 0.6659
val_result: 0.3124
test_result: 0.461
Current seed: 2054
Pre-processed data found: data/processed/PAMPA1_Perimeter_2054/PAMPA1_Perimeter_2054_train.pt, loading ...
Pre-processed data found: data/processed/PAMPA1_Perimeter_2054/PAMPA1_Perimeter_2054_valid.pt, loading ...
Pre-processed data found: data/processed/PAMPA1_Perimeter_2054/PAMPA1_Perimeter_2054_test.pt, loading ...
trainset mean:-5.610000133514404 std:0.9600000381469727
Training on 5077 samples...
Train epoch: 1 [0/5077 (0%)]	Loss: 1.291991
Make prediction for 5077 samples...
Make prediction for 837 samples...
Make prediction for 723 samples...
Make prediction for 723 samples...
Epoch: 000, Train Loss: 1.3925, Metric: r2, Train: -0.0111, Val: -0.1166, best Val: -0.1166, Test: -0.0667
Training on 5077 samples...
Train epoch: 2 [0/5077 (0%)]	Loss: 1.388803
Make prediction for 5077 samples...
Make prediction for 837 samples...
Make prediction for 723 samples...
Make prediction for 723 samples...
Epoch: 001, Train Loss: 1.3303, Metric: r2, Train: 0.0273, Val: -0.0753, best Val: -0.0753, Test: -0.0667
Training on 5077 samples...
Train epoch: 3 [0/5077 (0%)]	Loss: 1.326079
Make prediction for 5077 samples...
Make prediction for 837 samples...
Make prediction for 723 samples...
EarlyStopping counter: 1 out of 30
Epoch: 002, Train Loss: 1.2769, Metric: r2, Train: 0.0251, Val: -0.3651, best Val: -0.0753, Test: -0.1559
Training on 5077 samples...
Train epoch: 4 [0/5077 (0%)]	Loss: 1.221749
Make prediction for 5077 samples...
Make prediction for 837 samples...
Make prediction for 723 samples...
Make prediction for 723 samples...
Epoch: 003, Train Loss: 1.2278, Metric: r2, Train: 0.2234, Val: 0.1754, best Val: 0.1754, Test: 0.1351
Training on 5077 samples...
Train epoch: 5 [0/5077 (0%)]	Loss: 1.230113
Make prediction for 5077 samples...
Make prediction for 837 samples...
Make prediction for 723 samples...
EarlyStopping counter: 1 out of 30
Epoch: 004, Train Loss: 1.2082, Metric: r2, Train: 0.2060, Val: 0.0663, best Val: 0.1754, Test: 0.1328
Training on 5077 samples...
Train epoch: 6 [0/5077 (0%)]	Loss: 1.159340
Make prediction for 5077 samples...
Make prediction for 837 samples...
Make prediction for 723 samples...
EarlyStopping counter: 2 out of 30
Epoch: 005, Train Loss: 1.1800, Metric: r2, Train: 0.2826, Val: 0.1566, best Val: 0.1754, Test: 0.2326
Training on 5077 samples...
Train epoch: 7 [0/5077 (0%)]	Loss: 1.080488
Make prediction for 5077 samples...
Make prediction for 837 samples...
Make prediction for 723 samples...
EarlyStopping counter: 3 out of 30
Epoch: 006, Train Loss: 1.1404, Metric: r2, Train: 0.3066, Val: 0.1304, best Val: 0.1754, Test: 0.3129
Training on 5077 samples...
Train epoch: 8 [0/5077 (0%)]	Loss: 1.212943
Make prediction for 5077 samples...
Make prediction for 837 samples...
Make prediction for 723 samples...
EarlyStopping counter: 4 out of 30
Epoch: 007, Train Loss: 1.1218, Metric: r2, Train: 0.3339, Val: 0.1341, best Val: 0.1754, Test: 0.3606
Training on 5077 samples...
Train epoch: 9 [0/5077 (0%)]	Loss: 1.023543
Make prediction for 5077 samples...
Make prediction for 837 samples...
Make prediction for 723 samples...
Make prediction for 723 samples...
Epoch: 008, Train Loss: 1.1002, Metric: r2, Train: 0.3502, Val: 0.2326, best Val: 0.2326, Test: 0.3796
Training on 5077 samples...
Train epoch: 10 [0/5077 (0%)]	Loss: 1.155954
Make prediction for 5077 samples...
Make prediction for 837 samples...
Make prediction for 723 samples...
EarlyStopping counter: 1 out of 30
Epoch: 009, Train Loss: 1.0889, Metric: r2, Train: 0.3037, Val: 0.0952, best Val: 0.2326, Test: 0.2730
Training on 5077 samples...
Train epoch: 11 [0/5077 (0%)]	Loss: 1.013262
Make prediction for 5077 samples...
Make prediction for 837 samples...
Make prediction for 723 samples...
EarlyStopping counter: 2 out of 30
Epoch: 010, Train Loss: 1.0893, Metric: r2, Train: 0.3701, Val: 0.1457, best Val: 0.2326, Test: 0.3693
Training on 5077 samples...
Train epoch: 12 [0/5077 (0%)]	Loss: 1.135125
Make prediction for 5077 samples...
Make prediction for 837 samples...
Make prediction for 723 samples...
EarlyStopping counter: 3 out of 30
Epoch: 011, Train Loss: 1.0704, Metric: r2, Train: 0.3567, Val: 0.1508, best Val: 0.2326, Test: 0.3535
Training on 5077 samples...
Train epoch: 13 [0/5077 (0%)]	Loss: 1.025042
Make prediction for 5077 samples...
Make prediction for 837 samples...
Make prediction for 723 samples...
EarlyStopping counter: 4 out of 30
Epoch: 012, Train Loss: 1.0962, Metric: r2, Train: 0.3363, Val: 0.0894, best Val: 0.2326, Test: 0.3557
Training on 5077 samples...
Train epoch: 14 [0/5077 (0%)]	Loss: 1.163919
Make prediction for 5077 samples...
Make prediction for 837 samples...
Make prediction for 723 samples...
Make prediction for 723 samples...
Epoch: 013, Train Loss: 1.0878, Metric: r2, Train: 0.3944, Val: 0.2587, best Val: 0.2587, Test: 0.3728
Training on 5077 samples...
Train epoch: 15 [0/5077 (0%)]	Loss: 1.108618
Make prediction for 5077 samples...
Make prediction for 837 samples...
Make prediction for 723 samples...
EarlyStopping counter: 1 out of 30
Epoch: 014, Train Loss: 1.0567, Metric: r2, Train: 0.4194, Val: 0.2271, best Val: 0.2587, Test: 0.4495
Training on 5077 samples...
Train epoch: 16 [0/5077 (0%)]	Loss: 1.124089
Make prediction for 5077 samples...
Make prediction for 837 samples...
Make prediction for 723 samples...
EarlyStopping counter: 2 out of 30
Epoch: 015, Train Loss: 1.0488, Metric: r2, Train: 0.3948, Val: -0.1458, best Val: 0.2587, Test: 0.3173
Training on 5077 samples...
Train epoch: 17 [0/5077 (0%)]	Loss: 1.138773
Make prediction for 5077 samples...
Make prediction for 837 samples...
Make prediction for 723 samples...
EarlyStopping counter: 3 out of 30
Epoch: 016, Train Loss: 1.0543, Metric: r2, Train: 0.3875, Val: 0.0591, best Val: 0.2587, Test: 0.2942
Training on 5077 samples...
Train epoch: 18 [0/5077 (0%)]	Loss: 1.081478
Make prediction for 5077 samples...
Make prediction for 837 samples...
Make prediction for 723 samples...
EarlyStopping counter: 4 out of 30
Epoch: 017, Train Loss: 1.0378, Metric: r2, Train: 0.4523, Val: -0.0664, best Val: 0.2587, Test: 0.4033
Training on 5077 samples...
Train epoch: 19 [0/5077 (0%)]	Loss: 1.038479
Make prediction for 5077 samples...
Make prediction for 837 samples...
Make prediction for 723 samples...
EarlyStopping counter: 5 out of 30
Epoch: 018, Train Loss: 1.0210, Metric: r2, Train: 0.4761, Val: -0.0252, best Val: 0.2587, Test: 0.3480
Training on 5077 samples...
Train epoch: 20 [0/5077 (0%)]	Loss: 1.073575
Make prediction for 5077 samples...
Make prediction for 837 samples...
Make prediction for 723 samples...
EarlyStopping counter: 6 out of 30
Epoch: 019, Train Loss: 1.0285, Metric: r2, Train: 0.4592, Val: 0.2581, best Val: 0.2587, Test: 0.4720
Training on 5077 samples...
Train epoch: 21 [0/5077 (0%)]	Loss: 1.037977
Make prediction for 5077 samples...
Make prediction for 837 samples...
Make prediction for 723 samples...
EarlyStopping counter: 7 out of 30
Epoch: 020, Train Loss: 1.0305, Metric: r2, Train: 0.4801, Val: 0.0845, best Val: 0.2587, Test: 0.3171
Training on 5077 samples...
Train epoch: 22 [0/5077 (0%)]	Loss: 0.933029
Make prediction for 5077 samples...
Make prediction for 837 samples...
Make prediction for 723 samples...
EarlyStopping counter: 8 out of 30
Epoch: 021, Train Loss: 1.0275, Metric: r2, Train: 0.4703, Val: 0.0381, best Val: 0.2587, Test: 0.2728
Training on 5077 samples...
Train epoch: 23 [0/5077 (0%)]	Loss: 1.019071
Make prediction for 5077 samples...
Make prediction for 837 samples...
Make prediction for 723 samples...
EarlyStopping counter: 9 out of 30
Epoch: 022, Train Loss: 0.9973, Metric: r2, Train: 0.5048, Val: -0.0393, best Val: 0.2587, Test: 0.4180
Training on 5077 samples...
Train epoch: 24 [0/5077 (0%)]	Loss: 0.978764
Make prediction for 5077 samples...
Make prediction for 837 samples...
Make prediction for 723 samples...
Make prediction for 723 samples...
Epoch: 023, Train Loss: 0.9821, Metric: r2, Train: 0.5175, Val: 0.2592, best Val: 0.2592, Test: 0.3918
Training on 5077 samples...
Train epoch: 25 [0/5077 (0%)]	Loss: 0.943041
Make prediction for 5077 samples...
Make prediction for 837 samples...
Make prediction for 723 samples...
EarlyStopping counter: 1 out of 30
Epoch: 024, Train Loss: 0.9776, Metric: r2, Train: 0.5350, Val: 0.2516, best Val: 0.2592, Test: 0.4208
Training on 5077 samples...
Train epoch: 26 [0/5077 (0%)]	Loss: 0.976665
Make prediction for 5077 samples...
Make prediction for 837 samples...
Make prediction for 723 samples...
EarlyStopping counter: 2 out of 30
Epoch: 025, Train Loss: 0.9639, Metric: r2, Train: 0.5545, Val: 0.0172, best Val: 0.2592, Test: 0.4352
Training on 5077 samples...
Train epoch: 27 [0/5077 (0%)]	Loss: 0.927153
Make prediction for 5077 samples...
Make prediction for 837 samples...
Make prediction for 723 samples...
EarlyStopping counter: 3 out of 30
Epoch: 026, Train Loss: 0.9542, Metric: r2, Train: 0.5176, Val: 0.1616, best Val: 0.2592, Test: 0.4351
Training on 5077 samples...
Train epoch: 28 [0/5077 (0%)]	Loss: 1.002802
Make prediction for 5077 samples...
Make prediction for 837 samples...
Make prediction for 723 samples...
Make prediction for 723 samples...
Epoch: 027, Train Loss: 0.9499, Metric: r2, Train: 0.5707, Val: 0.2678, best Val: 0.2678, Test: 0.3817
Training on 5077 samples...
Train epoch: 29 [0/5077 (0%)]	Loss: 0.943901
Make prediction for 5077 samples...
Make prediction for 837 samples...
Make prediction for 723 samples...
EarlyStopping counter: 1 out of 30
Epoch: 028, Train Loss: 0.9471, Metric: r2, Train: 0.5306, Val: 0.1981, best Val: 0.2678, Test: 0.4888
Training on 5077 samples...
Train epoch: 30 [0/5077 (0%)]	Loss: 1.002016
Make prediction for 5077 samples...
Make prediction for 837 samples...
Make prediction for 723 samples...
EarlyStopping counter: 2 out of 30
Epoch: 029, Train Loss: 0.9333, Metric: r2, Train: 0.5524, Val: 0.1884, best Val: 0.2678, Test: 0.5452
Training on 5077 samples...
Train epoch: 31 [0/5077 (0%)]	Loss: 0.947497
Make prediction for 5077 samples...
Make prediction for 837 samples...
Make prediction for 723 samples...
EarlyStopping counter: 3 out of 30
Epoch: 030, Train Loss: 0.9455, Metric: r2, Train: 0.5549, Val: 0.1422, best Val: 0.2678, Test: 0.3466
Training on 5077 samples...
Train epoch: 32 [0/5077 (0%)]	Loss: 0.984376
Make prediction for 5077 samples...
Make prediction for 837 samples...
Make prediction for 723 samples...
Make prediction for 723 samples...
Epoch: 031, Train Loss: 0.9304, Metric: r2, Train: 0.6114, Val: 0.3027, best Val: 0.3027, Test: 0.4502
Training on 5077 samples...
Train epoch: 33 [0/5077 (0%)]	Loss: 0.934888
Make prediction for 5077 samples...
Make prediction for 837 samples...
Make prediction for 723 samples...
EarlyStopping counter: 1 out of 30
Epoch: 032, Train Loss: 0.9209, Metric: r2, Train: 0.6186, Val: 0.2631, best Val: 0.3027, Test: 0.4400
Training on 5077 samples...
Train epoch: 34 [0/5077 (0%)]	Loss: 0.875372
Make prediction for 5077 samples...
Make prediction for 837 samples...
Make prediction for 723 samples...
EarlyStopping counter: 2 out of 30
Epoch: 033, Train Loss: 0.9132, Metric: r2, Train: 0.6125, Val: 0.2878, best Val: 0.3027, Test: 0.5068
Training on 5077 samples...
Train epoch: 35 [0/5077 (0%)]	Loss: 0.899105
Make prediction for 5077 samples...
Make prediction for 837 samples...
Make prediction for 723 samples...
EarlyStopping counter: 3 out of 30
Epoch: 034, Train Loss: 0.9124, Metric: r2, Train: 0.6094, Val: 0.2411, best Val: 0.3027, Test: 0.5025
Training on 5077 samples...
Train epoch: 36 [0/5077 (0%)]	Loss: 0.954240
Make prediction for 5077 samples...
Make prediction for 837 samples...
Make prediction for 723 samples...
EarlyStopping counter: 4 out of 30
Epoch: 035, Train Loss: 0.9139, Metric: r2, Train: 0.5877, Val: 0.2792, best Val: 0.3027, Test: 0.4555
Training on 5077 samples...
Train epoch: 37 [0/5077 (0%)]	Loss: 0.913672
Make prediction for 5077 samples...
Make prediction for 837 samples...
Make prediction for 723 samples...
EarlyStopping counter: 5 out of 30
Epoch: 036, Train Loss: 0.9176, Metric: r2, Train: 0.5930, Val: 0.2994, best Val: 0.3027, Test: 0.4051
Training on 5077 samples...
Train epoch: 38 [0/5077 (0%)]	Loss: 0.912308
Make prediction for 5077 samples...
Make prediction for 837 samples...
Make prediction for 723 samples...
EarlyStopping counter: 6 out of 30
Epoch: 037, Train Loss: 0.8986, Metric: r2, Train: 0.6420, Val: 0.2793, best Val: 0.3027, Test: 0.4061
Training on 5077 samples...
Train epoch: 39 [0/5077 (0%)]	Loss: 0.889683
Make prediction for 5077 samples...
Make prediction for 837 samples...
Make prediction for 723 samples...
EarlyStopping counter: 7 out of 30
Epoch: 038, Train Loss: 0.8993, Metric: r2, Train: 0.6209, Val: 0.2978, best Val: 0.3027, Test: 0.4101
Training on 5077 samples...
Train epoch: 40 [0/5077 (0%)]	Loss: 0.908121
Make prediction for 5077 samples...
Make prediction for 837 samples...
Make prediction for 723 samples...
EarlyStopping counter: 8 out of 30
Epoch: 039, Train Loss: 0.8867, Metric: r2, Train: 0.6491, Val: 0.2860, best Val: 0.3027, Test: 0.5011
Training on 5077 samples...
Train epoch: 41 [0/5077 (0%)]	Loss: 0.839446
Make prediction for 5077 samples...
Make prediction for 837 samples...
Make prediction for 723 samples...
EarlyStopping counter: 9 out of 30
Epoch: 040, Train Loss: 0.8781, Metric: r2, Train: 0.6550, Val: 0.2765, best Val: 0.3027, Test: 0.5044
Training on 5077 samples...
Train epoch: 42 [0/5077 (0%)]	Loss: 0.892942
Make prediction for 5077 samples...
Make prediction for 837 samples...
Make prediction for 723 samples...
EarlyStopping counter: 10 out of 30
Epoch: 041, Train Loss: 0.8626, Metric: r2, Train: 0.6291, Val: 0.1734, best Val: 0.3027, Test: 0.5355
Training on 5077 samples...
Train epoch: 43 [0/5077 (0%)]	Loss: 0.867786
Make prediction for 5077 samples...
Make prediction for 837 samples...
Make prediction for 723 samples...
EarlyStopping counter: 11 out of 30
Epoch: 042, Train Loss: 0.8986, Metric: r2, Train: 0.5439, Val: 0.0805, best Val: 0.3027, Test: 0.3325
Training on 5077 samples...
Train epoch: 44 [0/5077 (0%)]	Loss: 0.973453
Make prediction for 5077 samples...
Make prediction for 837 samples...
Make prediction for 723 samples...
EarlyStopping counter: 12 out of 30
Epoch: 043, Train Loss: 0.8976, Metric: r2, Train: 0.6462, Val: 0.1923, best Val: 0.3027, Test: 0.5059
Training on 5077 samples...
Train epoch: 45 [0/5077 (0%)]	Loss: 0.860928
Make prediction for 5077 samples...
Make prediction for 837 samples...
Make prediction for 723 samples...
EarlyStopping counter: 13 out of 30
Epoch: 044, Train Loss: 0.8490, Metric: r2, Train: 0.6826, Val: 0.2405, best Val: 0.3027, Test: 0.5445
Training on 5077 samples...
Train epoch: 46 [0/5077 (0%)]	Loss: 0.784022
Make prediction for 5077 samples...
Make prediction for 837 samples...
Make prediction for 723 samples...
EarlyStopping counter: 14 out of 30
Epoch: 045, Train Loss: 0.8448, Metric: r2, Train: 0.6305, Val: 0.1665, best Val: 0.3027, Test: 0.5068
Training on 5077 samples...
Train epoch: 47 [0/5077 (0%)]	Loss: 0.881521
Make prediction for 5077 samples...
Make prediction for 837 samples...
Make prediction for 723 samples...
EarlyStopping counter: 15 out of 30
Epoch: 046, Train Loss: 0.8731, Metric: r2, Train: 0.6723, Val: 0.2141, best Val: 0.3027, Test: 0.4142
Training on 5077 samples...
Train epoch: 48 [0/5077 (0%)]	Loss: 0.822230
Make prediction for 5077 samples...
Make prediction for 837 samples...
Make prediction for 723 samples...
EarlyStopping counter: 16 out of 30
Epoch: 047, Train Loss: 0.8468, Metric: r2, Train: 0.6808, Val: 0.1653, best Val: 0.3027, Test: 0.3870
Training on 5077 samples...
Train epoch: 49 [0/5077 (0%)]	Loss: 0.857105
Make prediction for 5077 samples...
Make prediction for 837 samples...
Make prediction for 723 samples...
Make prediction for 723 samples...
Epoch: 048, Train Loss: 0.8450, Metric: r2, Train: 0.6936, Val: 0.3043, best Val: 0.3043, Test: 0.4850
Training on 5077 samples...
Train epoch: 50 [0/5077 (0%)]	Loss: 0.849030
Make prediction for 5077 samples...
Make prediction for 837 samples...
Make prediction for 723 samples...
EarlyStopping counter: 1 out of 30
Epoch: 049, Train Loss: 0.8522, Metric: r2, Train: 0.6875, Val: 0.2438, best Val: 0.3043, Test: 0.4682
Training on 5077 samples...
Train epoch: 51 [0/5077 (0%)]	Loss: 0.895435
Make prediction for 5077 samples...
Make prediction for 837 samples...
Make prediction for 723 samples...
EarlyStopping counter: 2 out of 30
Epoch: 050, Train Loss: 0.8130, Metric: r2, Train: 0.7112, Val: 0.2560, best Val: 0.3043, Test: 0.5399
Training on 5077 samples...
Train epoch: 52 [0/5077 (0%)]	Loss: 0.857690
Make prediction for 5077 samples...
Make prediction for 837 samples...
Make prediction for 723 samples...
EarlyStopping counter: 3 out of 30
Epoch: 051, Train Loss: 0.8232, Metric: r2, Train: 0.7028, Val: 0.2985, best Val: 0.3043, Test: 0.5328
Training on 5077 samples...
Train epoch: 53 [0/5077 (0%)]	Loss: 0.782411
Make prediction for 5077 samples...
Make prediction for 837 samples...
Make prediction for 723 samples...
EarlyStopping counter: 4 out of 30
Epoch: 052, Train Loss: 0.8250, Metric: r2, Train: 0.7024, Val: 0.2812, best Val: 0.3043, Test: 0.5235
Training on 5077 samples...
Train epoch: 54 [0/5077 (0%)]	Loss: 0.789690
Make prediction for 5077 samples...
Make prediction for 837 samples...
Make prediction for 723 samples...
EarlyStopping counter: 5 out of 30
Epoch: 053, Train Loss: 0.8095, Metric: r2, Train: 0.6933, Val: 0.2616, best Val: 0.3043, Test: 0.4387
Training on 5077 samples...
Train epoch: 55 [0/5077 (0%)]	Loss: 0.787476
Make prediction for 5077 samples...
Make prediction for 837 samples...
Make prediction for 723 samples...
EarlyStopping counter: 6 out of 30
Epoch: 054, Train Loss: 0.7982, Metric: r2, Train: 0.6604, Val: 0.1532, best Val: 0.3043, Test: 0.4719
Training on 5077 samples...
Train epoch: 56 [0/5077 (0%)]	Loss: 0.828667
Make prediction for 5077 samples...
Make prediction for 837 samples...
Make prediction for 723 samples...
Make prediction for 723 samples...
Epoch: 055, Train Loss: 0.8157, Metric: r2, Train: 0.6859, Val: 0.3045, best Val: 0.3045, Test: 0.4874
Training on 5077 samples...
Train epoch: 57 [0/5077 (0%)]	Loss: 0.804210
Make prediction for 5077 samples...
Make prediction for 837 samples...
Make prediction for 723 samples...
EarlyStopping counter: 1 out of 30
Epoch: 056, Train Loss: 0.7777, Metric: r2, Train: 0.6633, Val: 0.1196, best Val: 0.3045, Test: 0.3909
Training on 5077 samples...
Train epoch: 58 [0/5077 (0%)]	Loss: 0.802726
Make prediction for 5077 samples...
Make prediction for 837 samples...
Make prediction for 723 samples...
EarlyStopping counter: 2 out of 30
Epoch: 057, Train Loss: 0.7778, Metric: r2, Train: 0.6764, Val: 0.1104, best Val: 0.3045, Test: 0.4202
Training on 5077 samples...
Train epoch: 59 [0/5077 (0%)]	Loss: 0.795082
Make prediction for 5077 samples...
Make prediction for 837 samples...
Make prediction for 723 samples...
EarlyStopping counter: 3 out of 30
Epoch: 058, Train Loss: 0.7591, Metric: r2, Train: 0.7138, Val: 0.1904, best Val: 0.3045, Test: 0.5241
Training on 5077 samples...
Train epoch: 60 [0/5077 (0%)]	Loss: 0.766838
Make prediction for 5077 samples...
Make prediction for 837 samples...
Make prediction for 723 samples...
EarlyStopping counter: 4 out of 30
Epoch: 059, Train Loss: 0.7699, Metric: r2, Train: 0.6808, Val: 0.2854, best Val: 0.3045, Test: 0.4415
Training on 5077 samples...
Train epoch: 61 [0/5077 (0%)]	Loss: 0.782885
Make prediction for 5077 samples...
Make prediction for 837 samples...
Make prediction for 723 samples...
EarlyStopping counter: 5 out of 30
Epoch: 060, Train Loss: 0.7564, Metric: r2, Train: 0.7284, Val: 0.2927, best Val: 0.3045, Test: 0.4829
Training on 5077 samples...
Train epoch: 62 [0/5077 (0%)]	Loss: 0.757541
Make prediction for 5077 samples...
Make prediction for 837 samples...
Make prediction for 723 samples...
EarlyStopping counter: 6 out of 30
Epoch: 061, Train Loss: 0.7489, Metric: r2, Train: 0.7052, Val: 0.2269, best Val: 0.3045, Test: 0.4597
Training on 5077 samples...
Train epoch: 63 [0/5077 (0%)]	Loss: 0.750386
Make prediction for 5077 samples...
Make prediction for 837 samples...
Make prediction for 723 samples...
EarlyStopping counter: 7 out of 30
Epoch: 062, Train Loss: 0.7437, Metric: r2, Train: 0.7262, Val: 0.2505, best Val: 0.3045, Test: 0.5255
Training on 5077 samples...
Train epoch: 64 [0/5077 (0%)]	Loss: 0.780631
Make prediction for 5077 samples...
Make prediction for 837 samples...
Make prediction for 723 samples...
EarlyStopping counter: 8 out of 30
Epoch: 063, Train Loss: 0.7397, Metric: r2, Train: 0.7067, Val: 0.2002, best Val: 0.3045, Test: 0.5341
Training on 5077 samples...
Train epoch: 65 [0/5077 (0%)]	Loss: 0.740034
Make prediction for 5077 samples...
Make prediction for 837 samples...
Make prediction for 723 samples...
EarlyStopping counter: 9 out of 30
Epoch: 064, Train Loss: 0.7374, Metric: r2, Train: 0.7227, Val: 0.1813, best Val: 0.3045, Test: 0.5011
Training on 5077 samples...
Train epoch: 66 [0/5077 (0%)]	Loss: 0.715731
Make prediction for 5077 samples...
Make prediction for 837 samples...
Make prediction for 723 samples...
EarlyStopping counter: 10 out of 30
Epoch: 065, Train Loss: 0.7340, Metric: r2, Train: 0.7433, Val: 0.2281, best Val: 0.3045, Test: 0.5188
Training on 5077 samples...
Train epoch: 67 [0/5077 (0%)]	Loss: 0.738477
Make prediction for 5077 samples...
Make prediction for 837 samples...
Make prediction for 723 samples...
EarlyStopping counter: 11 out of 30
Epoch: 066, Train Loss: 0.7305, Metric: r2, Train: 0.7402, Val: 0.2174, best Val: 0.3045, Test: 0.5341
Training on 5077 samples...
Train epoch: 68 [0/5077 (0%)]	Loss: 0.716465
Make prediction for 5077 samples...
Make prediction for 837 samples...
Make prediction for 723 samples...
EarlyStopping counter: 12 out of 30
Epoch: 067, Train Loss: 0.7148, Metric: r2, Train: 0.7455, Val: 0.2769, best Val: 0.3045, Test: 0.5458
Training on 5077 samples...
Train epoch: 69 [0/5077 (0%)]	Loss: 0.735804
Make prediction for 5077 samples...
Make prediction for 837 samples...
Make prediction for 723 samples...
EarlyStopping counter: 13 out of 30
Epoch: 068, Train Loss: 0.7199, Metric: r2, Train: 0.7388, Val: 0.1270, best Val: 0.3045, Test: 0.5547
Training on 5077 samples...
Train epoch: 70 [0/5077 (0%)]	Loss: 0.698723
Make prediction for 5077 samples...
Make prediction for 837 samples...
Make prediction for 723 samples...
EarlyStopping counter: 14 out of 30
Epoch: 069, Train Loss: 0.7116, Metric: r2, Train: 0.7260, Val: 0.1867, best Val: 0.3045, Test: 0.5469
Training on 5077 samples...
Train epoch: 71 [0/5077 (0%)]	Loss: 0.731367
Make prediction for 5077 samples...
Make prediction for 837 samples...
Make prediction for 723 samples...
EarlyStopping counter: 15 out of 30
Epoch: 070, Train Loss: 0.7175, Metric: r2, Train: 0.7410, Val: 0.2677, best Val: 0.3045, Test: 0.5377
Training on 5077 samples...
Train epoch: 72 [0/5077 (0%)]	Loss: 0.690053
Make prediction for 5077 samples...
Make prediction for 837 samples...
Make prediction for 723 samples...
EarlyStopping counter: 16 out of 30
Epoch: 071, Train Loss: 0.7081, Metric: r2, Train: 0.7424, Val: 0.3006, best Val: 0.3045, Test: 0.5234
Training on 5077 samples...
Train epoch: 73 [0/5077 (0%)]	Loss: 0.645983
Make prediction for 5077 samples...
Make prediction for 837 samples...
Make prediction for 723 samples...
EarlyStopping counter: 17 out of 30
Epoch: 072, Train Loss: 0.7204, Metric: r2, Train: 0.6973, Val: 0.2386, best Val: 0.3045, Test: 0.5075
Training on 5077 samples...
Train epoch: 74 [0/5077 (0%)]	Loss: 0.698836
Make prediction for 5077 samples...
Make prediction for 837 samples...
Make prediction for 723 samples...
EarlyStopping counter: 18 out of 30
Epoch: 073, Train Loss: 0.7200, Metric: r2, Train: 0.7265, Val: 0.2679, best Val: 0.3045, Test: 0.4719
Training on 5077 samples...
Train epoch: 75 [0/5077 (0%)]	Loss: 0.683621
Make prediction for 5077 samples...
Make prediction for 837 samples...
Make prediction for 723 samples...
EarlyStopping counter: 19 out of 30
Epoch: 074, Train Loss: 0.7013, Metric: r2, Train: 0.7428, Val: 0.2049, best Val: 0.3045, Test: 0.5484
Training on 5077 samples...
Train epoch: 76 [0/5077 (0%)]	Loss: 0.655418
Make prediction for 5077 samples...
Make prediction for 837 samples...
Make prediction for 723 samples...
EarlyStopping counter: 20 out of 30
Epoch: 075, Train Loss: 0.6978, Metric: r2, Train: 0.7223, Val: -0.2940, best Val: 0.3045, Test: 0.5029
Training on 5077 samples...
Train epoch: 77 [0/5077 (0%)]	Loss: 0.763654
Make prediction for 5077 samples...
Make prediction for 837 samples...
Make prediction for 723 samples...
EarlyStopping counter: 21 out of 30
Epoch: 076, Train Loss: 0.6887, Metric: r2, Train: 0.7521, Val: 0.2387, best Val: 0.3045, Test: 0.5291
Training on 5077 samples...
Train epoch: 78 [0/5077 (0%)]	Loss: 0.688264
Make prediction for 5077 samples...
Make prediction for 837 samples...
Make prediction for 723 samples...
EarlyStopping counter: 22 out of 30
Epoch: 077, Train Loss: 0.6924, Metric: r2, Train: 0.7537, Val: 0.2999, best Val: 0.3045, Test: 0.5182
Training on 5077 samples...
Train epoch: 79 [0/5077 (0%)]	Loss: 0.618039
Make prediction for 5077 samples...
Make prediction for 837 samples...
Make prediction for 723 samples...
EarlyStopping counter: 23 out of 30
Epoch: 078, Train Loss: 0.6990, Metric: r2, Train: 0.7414, Val: 0.0296, best Val: 0.3045, Test: 0.5490
Training on 5077 samples...
Train epoch: 80 [0/5077 (0%)]	Loss: 0.661696
Make prediction for 5077 samples...
Make prediction for 837 samples...
Make prediction for 723 samples...
EarlyStopping counter: 24 out of 30
Epoch: 079, Train Loss: 0.6844, Metric: r2, Train: 0.7412, Val: 0.1703, best Val: 0.3045, Test: 0.5275
Training on 5077 samples...
Train epoch: 81 [0/5077 (0%)]	Loss: 0.691155
Make prediction for 5077 samples...
Make prediction for 837 samples...
Make prediction for 723 samples...
EarlyStopping counter: 25 out of 30
Epoch: 080, Train Loss: 0.6924, Metric: r2, Train: 0.7543, Val: 0.2901, best Val: 0.3045, Test: 0.5461
Training on 5077 samples...
Train epoch: 82 [0/5077 (0%)]	Loss: 0.644948
Make prediction for 5077 samples...
Make prediction for 837 samples...
Make prediction for 723 samples...
EarlyStopping counter: 26 out of 30
Epoch: 081, Train Loss: 0.6773, Metric: r2, Train: 0.7595, Val: 0.3015, best Val: 0.3045, Test: 0.5273
Training on 5077 samples...
Train epoch: 83 [0/5077 (0%)]	Loss: 0.643419
Make prediction for 5077 samples...
Make prediction for 837 samples...
Make prediction for 723 samples...
EarlyStopping counter: 27 out of 30
Epoch: 082, Train Loss: 0.6802, Metric: r2, Train: 0.7592, Val: 0.1682, best Val: 0.3045, Test: 0.5499
Training on 5077 samples...
Train epoch: 84 [0/5077 (0%)]	Loss: 0.705113
Make prediction for 5077 samples...
Make prediction for 837 samples...
Make prediction for 723 samples...
EarlyStopping counter: 28 out of 30
Epoch: 083, Train Loss: 0.6862, Metric: r2, Train: 0.7296, Val: 0.2962, best Val: 0.3045, Test: 0.5184
Training on 5077 samples...
Train epoch: 85 [0/5077 (0%)]	Loss: 0.714613
Make prediction for 5077 samples...
Make prediction for 837 samples...
Make prediction for 723 samples...
EarlyStopping counter: 29 out of 30
Epoch: 084, Train Loss: 0.6831, Metric: r2, Train: 0.7410, Val: 0.0730, best Val: 0.3045, Test: 0.5488
Training on 5077 samples...
Train epoch: 86 [0/5077 (0%)]	Loss: 0.696350
Make prediction for 5077 samples...
Make prediction for 837 samples...
Make prediction for 723 samples...
EarlyStopping counter: 30 out of 30
Epoch: 085, Train Loss: 0.6844, Metric: r2, Train: 0.7579, Val: 0.1894, best Val: 0.3045, Test: 0.4926
out of patience!
******PAMPA1_Perimeter_2054, 4th_time_result******
train_result: 0.6859
val_result: 0.3045
test_result: 0.4874
Current seed: 2064
Pre-processed data found: data/processed/PAMPA1_Perimeter_2054/PAMPA1_Perimeter_2054_train.pt, loading ...
Pre-processed data found: data/processed/PAMPA1_Perimeter_2054/PAMPA1_Perimeter_2054_valid.pt, loading ...
Pre-processed data found: data/processed/PAMPA1_Perimeter_2054/PAMPA1_Perimeter_2054_test.pt, loading ...
trainset mean:-5.610000133514404 std:0.9600000381469727
Training on 5077 samples...
Train epoch: 1 [0/5077 (0%)]	Loss: 1.431214
Make prediction for 5077 samples...
Make prediction for 837 samples...
Make prediction for 723 samples...
Make prediction for 723 samples...
Epoch: 000, Train Loss: 1.3705, Metric: r2, Train: 0.0003, Val: -0.0092, best Val: -0.0092, Test: -0.0104
Training on 5077 samples...
Train epoch: 2 [0/5077 (0%)]	Loss: 1.289488
Make prediction for 5077 samples...
Make prediction for 837 samples...
Make prediction for 723 samples...
EarlyStopping counter: 1 out of 30
Epoch: 001, Train Loss: 1.3323, Metric: r2, Train: 0.0225, Val: -0.0107, best Val: -0.0092, Test: -0.0250
Training on 5077 samples...
Train epoch: 3 [0/5077 (0%)]	Loss: 1.287304
Make prediction for 5077 samples...
Make prediction for 837 samples...
Make prediction for 723 samples...
EarlyStopping counter: 2 out of 30
Epoch: 002, Train Loss: 1.3029, Metric: r2, Train: 0.0667, Val: -0.0676, best Val: -0.0092, Test: -0.0397
Training on 5077 samples...
Train epoch: 4 [0/5077 (0%)]	Loss: 1.270522
Make prediction for 5077 samples...
Make prediction for 837 samples...
Make prediction for 723 samples...
Make prediction for 723 samples...
Epoch: 003, Train Loss: 1.2412, Metric: r2, Train: 0.1789, Val: 0.1422, best Val: 0.1422, Test: 0.1031
Training on 5077 samples...
Train epoch: 5 [0/5077 (0%)]	Loss: 1.331019
Make prediction for 5077 samples...
Make prediction for 837 samples...
Make prediction for 723 samples...
EarlyStopping counter: 1 out of 30
Epoch: 004, Train Loss: 1.2272, Metric: r2, Train: 0.1596, Val: -0.0877, best Val: 0.1422, Test: 0.0690
Training on 5077 samples...
Train epoch: 6 [0/5077 (0%)]	Loss: 1.198650
Make prediction for 5077 samples...
Make prediction for 837 samples...
Make prediction for 723 samples...
EarlyStopping counter: 2 out of 30
Epoch: 005, Train Loss: 1.2059, Metric: r2, Train: 0.2257, Val: 0.0152, best Val: 0.1422, Test: 0.1912
Training on 5077 samples...
Train epoch: 7 [0/5077 (0%)]	Loss: 1.185987
Make prediction for 5077 samples...
Make prediction for 837 samples...
Make prediction for 723 samples...
EarlyStopping counter: 3 out of 30
Epoch: 006, Train Loss: 1.1813, Metric: r2, Train: 0.2331, Val: -0.0579, best Val: 0.1422, Test: 0.1500
Training on 5077 samples...
Train epoch: 8 [0/5077 (0%)]	Loss: 1.298318
Make prediction for 5077 samples...
Make prediction for 837 samples...
Make prediction for 723 samples...
Make prediction for 723 samples...
Epoch: 007, Train Loss: 1.1515, Metric: r2, Train: 0.2608, Val: 0.2300, best Val: 0.2300, Test: 0.2441
Training on 5077 samples...
Train epoch: 9 [0/5077 (0%)]	Loss: 1.090812
Make prediction for 5077 samples...
Make prediction for 837 samples...
Make prediction for 723 samples...
EarlyStopping counter: 1 out of 30
Epoch: 008, Train Loss: 1.1405, Metric: r2, Train: 0.2339, Val: -0.9941, best Val: 0.2300, Test: 0.0657
Training on 5077 samples...
Train epoch: 10 [0/5077 (0%)]	Loss: 1.099152
Make prediction for 5077 samples...
Make prediction for 837 samples...
Make prediction for 723 samples...
EarlyStopping counter: 2 out of 30
Epoch: 009, Train Loss: 1.1315, Metric: r2, Train: 0.3303, Val: 0.1069, best Val: 0.2300, Test: 0.2189
Training on 5077 samples...
Train epoch: 11 [0/5077 (0%)]	Loss: 1.058757
Make prediction for 5077 samples...
Make prediction for 837 samples...
Make prediction for 723 samples...
Make prediction for 723 samples...
Epoch: 010, Train Loss: 1.0973, Metric: r2, Train: 0.3699, Val: 0.2322, best Val: 0.2322, Test: 0.2522
Training on 5077 samples...
Train epoch: 12 [0/5077 (0%)]	Loss: 1.049732
Make prediction for 5077 samples...
Make prediction for 837 samples...
Make prediction for 723 samples...
EarlyStopping counter: 1 out of 30
Epoch: 011, Train Loss: 1.1034, Metric: r2, Train: 0.3553, Val: 0.0490, best Val: 0.2322, Test: 0.2672
Training on 5077 samples...
Train epoch: 13 [0/5077 (0%)]	Loss: 1.134621
Make prediction for 5077 samples...
Make prediction for 837 samples...
Make prediction for 723 samples...
EarlyStopping counter: 2 out of 30
Epoch: 012, Train Loss: 1.0917, Metric: r2, Train: 0.3732, Val: 0.2093, best Val: 0.2322, Test: 0.2865
Training on 5077 samples...
Train epoch: 14 [0/5077 (0%)]	Loss: 1.155562
Make prediction for 5077 samples...
Make prediction for 837 samples...
Make prediction for 723 samples...
EarlyStopping counter: 3 out of 30
Epoch: 013, Train Loss: 1.0695, Metric: r2, Train: 0.4081, Val: 0.1625, best Val: 0.2322, Test: 0.2831
Training on 5077 samples...
Train epoch: 15 [0/5077 (0%)]	Loss: 1.039553
Make prediction for 5077 samples...
Make prediction for 837 samples...
Make prediction for 723 samples...
EarlyStopping counter: 4 out of 30
Epoch: 014, Train Loss: 1.0719, Metric: r2, Train: 0.3751, Val: 0.1786, best Val: 0.2322, Test: 0.2840
Training on 5077 samples...
Train epoch: 16 [0/5077 (0%)]	Loss: 1.017438
Make prediction for 5077 samples...
Make prediction for 837 samples...
Make prediction for 723 samples...
EarlyStopping counter: 5 out of 30
Epoch: 015, Train Loss: 1.0531, Metric: r2, Train: 0.4088, Val: 0.0745, best Val: 0.2322, Test: 0.3126
Training on 5077 samples...
Train epoch: 17 [0/5077 (0%)]	Loss: 1.096532
Make prediction for 5077 samples...
Make prediction for 837 samples...
Make prediction for 723 samples...
EarlyStopping counter: 6 out of 30
Epoch: 016, Train Loss: 1.0449, Metric: r2, Train: 0.4012, Val: 0.0266, best Val: 0.2322, Test: 0.1532
Training on 5077 samples...
Train epoch: 18 [0/5077 (0%)]	Loss: 1.114446
Make prediction for 5077 samples...
Make prediction for 837 samples...
Make prediction for 723 samples...
EarlyStopping counter: 7 out of 30
Epoch: 017, Train Loss: 1.0348, Metric: r2, Train: 0.4658, Val: 0.1429, best Val: 0.2322, Test: 0.3804
Training on 5077 samples...
Train epoch: 19 [0/5077 (0%)]	Loss: 0.930069
Make prediction for 5077 samples...
Make prediction for 837 samples...
Make prediction for 723 samples...
EarlyStopping counter: 8 out of 30
Epoch: 018, Train Loss: 1.0241, Metric: r2, Train: 0.4726, Val: 0.2045, best Val: 0.2322, Test: 0.3466
Training on 5077 samples...
Train epoch: 20 [0/5077 (0%)]	Loss: 0.991739
Make prediction for 5077 samples...
Make prediction for 837 samples...
Make prediction for 723 samples...
EarlyStopping counter: 9 out of 30
Epoch: 019, Train Loss: 1.0281, Metric: r2, Train: 0.4442, Val: 0.1737, best Val: 0.2322, Test: 0.2924
Training on 5077 samples...
Train epoch: 21 [0/5077 (0%)]	Loss: 0.985747
Make prediction for 5077 samples...
Make prediction for 837 samples...
Make prediction for 723 samples...
EarlyStopping counter: 10 out of 30
Epoch: 020, Train Loss: 1.0258, Metric: r2, Train: 0.4791, Val: 0.1479, best Val: 0.2322, Test: 0.3425
Training on 5077 samples...
Train epoch: 22 [0/5077 (0%)]	Loss: 1.008516
Make prediction for 5077 samples...
Make prediction for 837 samples...
Make prediction for 723 samples...
EarlyStopping counter: 11 out of 30
Epoch: 021, Train Loss: 1.0044, Metric: r2, Train: 0.4925, Val: 0.0971, best Val: 0.2322, Test: 0.3805
Training on 5077 samples...
Train epoch: 23 [0/5077 (0%)]	Loss: 0.988410
Make prediction for 5077 samples...
Make prediction for 837 samples...
Make prediction for 723 samples...
EarlyStopping counter: 12 out of 30
Epoch: 022, Train Loss: 0.9987, Metric: r2, Train: 0.4498, Val: -0.1476, best Val: 0.2322, Test: 0.1828
Training on 5077 samples...
Train epoch: 24 [0/5077 (0%)]	Loss: 1.017781
Make prediction for 5077 samples...
Make prediction for 837 samples...
Make prediction for 723 samples...
EarlyStopping counter: 13 out of 30
Epoch: 023, Train Loss: 0.9995, Metric: r2, Train: 0.4617, Val: -0.1256, best Val: 0.2322, Test: 0.1429
Training on 5077 samples...
Train epoch: 25 [0/5077 (0%)]	Loss: 0.972620
Make prediction for 5077 samples...
Make prediction for 837 samples...
Make prediction for 723 samples...
Make prediction for 723 samples...
Epoch: 024, Train Loss: 1.0031, Metric: r2, Train: 0.5000, Val: 0.2418, best Val: 0.2418, Test: 0.2472
Training on 5077 samples...
Train epoch: 26 [0/5077 (0%)]	Loss: 1.064185
Make prediction for 5077 samples...
Make prediction for 837 samples...
Make prediction for 723 samples...
EarlyStopping counter: 1 out of 30
Epoch: 025, Train Loss: 0.9936, Metric: r2, Train: 0.5190, Val: 0.0837, best Val: 0.2418, Test: 0.3078
Training on 5077 samples...
Train epoch: 27 [0/5077 (0%)]	Loss: 0.956800
Make prediction for 5077 samples...
Make prediction for 837 samples...
Make prediction for 723 samples...
EarlyStopping counter: 2 out of 30
Epoch: 026, Train Loss: 0.9828, Metric: r2, Train: 0.5129, Val: 0.1145, best Val: 0.2418, Test: 0.2577
Training on 5077 samples...
Train epoch: 28 [0/5077 (0%)]	Loss: 0.988951
Make prediction for 5077 samples...
Make prediction for 837 samples...
Make prediction for 723 samples...
EarlyStopping counter: 3 out of 30
Epoch: 027, Train Loss: 0.9858, Metric: r2, Train: 0.5184, Val: 0.0768, best Val: 0.2418, Test: 0.4790
Training on 5077 samples...
Train epoch: 29 [0/5077 (0%)]	Loss: 1.055941
Make prediction for 5077 samples...
Make prediction for 837 samples...
Make prediction for 723 samples...
EarlyStopping counter: 4 out of 30
Epoch: 028, Train Loss: 0.9849, Metric: r2, Train: 0.5257, Val: -0.0186, best Val: 0.2418, Test: 0.2903
Training on 5077 samples...
Train epoch: 30 [0/5077 (0%)]	Loss: 0.920574
Make prediction for 5077 samples...
Make prediction for 837 samples...
Make prediction for 723 samples...
EarlyStopping counter: 5 out of 30
Epoch: 029, Train Loss: 0.9747, Metric: r2, Train: 0.5482, Val: 0.0962, best Val: 0.2418, Test: 0.3488
Training on 5077 samples...
Train epoch: 31 [0/5077 (0%)]	Loss: 0.954738
Make prediction for 5077 samples...
Make prediction for 837 samples...
Make prediction for 723 samples...
EarlyStopping counter: 6 out of 30
Epoch: 030, Train Loss: 0.9658, Metric: r2, Train: 0.5316, Val: 0.1071, best Val: 0.2418, Test: 0.4357
Training on 5077 samples...
Train epoch: 32 [0/5077 (0%)]	Loss: 0.928352
Make prediction for 5077 samples...
Make prediction for 837 samples...
Make prediction for 723 samples...
Make prediction for 723 samples...
Epoch: 031, Train Loss: 0.9567, Metric: r2, Train: 0.5559, Val: 0.2773, best Val: 0.2773, Test: 0.3030
Training on 5077 samples...
Train epoch: 33 [0/5077 (0%)]	Loss: 0.961055
Make prediction for 5077 samples...
Make prediction for 837 samples...
Make prediction for 723 samples...
EarlyStopping counter: 1 out of 30
Epoch: 032, Train Loss: 0.9635, Metric: r2, Train: 0.5569, Val: 0.0321, best Val: 0.2773, Test: 0.2959
Training on 5077 samples...
Train epoch: 34 [0/5077 (0%)]	Loss: 1.027958
Make prediction for 5077 samples...
Make prediction for 837 samples...
Make prediction for 723 samples...
EarlyStopping counter: 2 out of 30
Epoch: 033, Train Loss: 0.9484, Metric: r2, Train: 0.5776, Val: 0.1202, best Val: 0.2773, Test: 0.4440
Training on 5077 samples...
Train epoch: 35 [0/5077 (0%)]	Loss: 0.905480
Make prediction for 5077 samples...
Make prediction for 837 samples...
Make prediction for 723 samples...
EarlyStopping counter: 3 out of 30
Epoch: 034, Train Loss: 0.9465, Metric: r2, Train: 0.5483, Val: 0.2591, best Val: 0.2773, Test: 0.4876
Training on 5077 samples...
Train epoch: 36 [0/5077 (0%)]	Loss: 0.937076
Make prediction for 5077 samples...
Make prediction for 837 samples...
Make prediction for 723 samples...
EarlyStopping counter: 4 out of 30
Epoch: 035, Train Loss: 0.9546, Metric: r2, Train: 0.5692, Val: 0.2579, best Val: 0.2773, Test: 0.4851
Training on 5077 samples...
Train epoch: 37 [0/5077 (0%)]	Loss: 0.939401
Make prediction for 5077 samples...
Make prediction for 837 samples...
Make prediction for 723 samples...
EarlyStopping counter: 5 out of 30
Epoch: 036, Train Loss: 0.9376, Metric: r2, Train: 0.5518, Val: -0.0950, best Val: 0.2773, Test: 0.2684
Training on 5077 samples...
Train epoch: 38 [0/5077 (0%)]	Loss: 0.919571
Make prediction for 5077 samples...
Make prediction for 837 samples...
Make prediction for 723 samples...
EarlyStopping counter: 6 out of 30
Epoch: 037, Train Loss: 0.9399, Metric: r2, Train: 0.5571, Val: 0.1484, best Val: 0.2773, Test: 0.3627
Training on 5077 samples...
Train epoch: 39 [0/5077 (0%)]	Loss: 0.878218
Make prediction for 5077 samples...
Make prediction for 837 samples...
Make prediction for 723 samples...
EarlyStopping counter: 7 out of 30
Epoch: 038, Train Loss: 0.9325, Metric: r2, Train: 0.5892, Val: 0.2206, best Val: 0.2773, Test: 0.4631
Training on 5077 samples...
Train epoch: 40 [0/5077 (0%)]	Loss: 0.941478
Make prediction for 5077 samples...
Make prediction for 837 samples...
Make prediction for 723 samples...
EarlyStopping counter: 8 out of 30
Epoch: 039, Train Loss: 0.9401, Metric: r2, Train: 0.5893, Val: -0.0057, best Val: 0.2773, Test: 0.4370
Training on 5077 samples...
Train epoch: 41 [0/5077 (0%)]	Loss: 0.863268
Make prediction for 5077 samples...
Make prediction for 837 samples...
Make prediction for 723 samples...
EarlyStopping counter: 9 out of 30
Epoch: 040, Train Loss: 0.9252, Metric: r2, Train: 0.5933, Val: 0.1022, best Val: 0.2773, Test: 0.3421
Training on 5077 samples...
Train epoch: 42 [0/5077 (0%)]	Loss: 0.917811
Make prediction for 5077 samples...
Make prediction for 837 samples...
Make prediction for 723 samples...
EarlyStopping counter: 10 out of 30
Epoch: 041, Train Loss: 0.9091, Metric: r2, Train: 0.5991, Val: 0.0049, best Val: 0.2773, Test: 0.3391
Training on 5077 samples...
Train epoch: 43 [0/5077 (0%)]	Loss: 0.832590
Make prediction for 5077 samples...
Make prediction for 837 samples...
Make prediction for 723 samples...
EarlyStopping counter: 11 out of 30
Epoch: 042, Train Loss: 0.9097, Metric: r2, Train: 0.6029, Val: 0.2134, best Val: 0.2773, Test: 0.4823
Training on 5077 samples...
Train epoch: 44 [0/5077 (0%)]	Loss: 0.877188
Make prediction for 5077 samples...
Make prediction for 837 samples...
Make prediction for 723 samples...
EarlyStopping counter: 12 out of 30
Epoch: 043, Train Loss: 0.9007, Metric: r2, Train: 0.6190, Val: -0.0017, best Val: 0.2773, Test: 0.3899
Training on 5077 samples...
Train epoch: 45 [0/5077 (0%)]	Loss: 1.002597
Make prediction for 5077 samples...
Make prediction for 837 samples...
Make prediction for 723 samples...
EarlyStopping counter: 13 out of 30
Epoch: 044, Train Loss: 0.9050, Metric: r2, Train: 0.5861, Val: 0.0030, best Val: 0.2773, Test: 0.3773
Training on 5077 samples...
Train epoch: 46 [0/5077 (0%)]	Loss: 0.889998
Make prediction for 5077 samples...
Make prediction for 837 samples...
Make prediction for 723 samples...
EarlyStopping counter: 14 out of 30
Epoch: 045, Train Loss: 0.9106, Metric: r2, Train: 0.5951, Val: -0.0245, best Val: 0.2773, Test: 0.3487
Training on 5077 samples...
Train epoch: 47 [0/5077 (0%)]	Loss: 0.866607
Make prediction for 5077 samples...
Make prediction for 837 samples...
Make prediction for 723 samples...
EarlyStopping counter: 15 out of 30
Epoch: 046, Train Loss: 0.8984, Metric: r2, Train: 0.6059, Val: 0.2584, best Val: 0.2773, Test: 0.4117
Training on 5077 samples...
Train epoch: 48 [0/5077 (0%)]	Loss: 0.879983
Make prediction for 5077 samples...
Make prediction for 837 samples...
Make prediction for 723 samples...
Make prediction for 723 samples...
Epoch: 047, Train Loss: 0.8964, Metric: r2, Train: 0.6044, Val: 0.2963, best Val: 0.2963, Test: 0.4049
Training on 5077 samples...
Train epoch: 49 [0/5077 (0%)]	Loss: 0.850824
Make prediction for 5077 samples...
Make prediction for 837 samples...
Make prediction for 723 samples...
EarlyStopping counter: 1 out of 30
Epoch: 048, Train Loss: 0.8932, Metric: r2, Train: 0.6120, Val: 0.2005, best Val: 0.2963, Test: 0.3907
Training on 5077 samples...
Train epoch: 50 [0/5077 (0%)]	Loss: 0.854643
Make prediction for 5077 samples...
Make prediction for 837 samples...
Make prediction for 723 samples...
EarlyStopping counter: 2 out of 30
Epoch: 049, Train Loss: 0.8853, Metric: r2, Train: 0.6413, Val: 0.2446, best Val: 0.2963, Test: 0.4091
Training on 5077 samples...
Train epoch: 51 [0/5077 (0%)]	Loss: 0.863936
Make prediction for 5077 samples...
Make prediction for 837 samples...
Make prediction for 723 samples...
EarlyStopping counter: 3 out of 30
Epoch: 050, Train Loss: 0.8757, Metric: r2, Train: 0.6231, Val: 0.1654, best Val: 0.2963, Test: 0.3547
Training on 5077 samples...
Train epoch: 52 [0/5077 (0%)]	Loss: 0.860252
Make prediction for 5077 samples...
Make prediction for 837 samples...
Make prediction for 723 samples...
EarlyStopping counter: 4 out of 30
Epoch: 051, Train Loss: 0.8805, Metric: r2, Train: 0.6308, Val: 0.2820, best Val: 0.2963, Test: 0.4209
Training on 5077 samples...
Train epoch: 53 [0/5077 (0%)]	Loss: 0.872910
Make prediction for 5077 samples...
Make prediction for 837 samples...
Make prediction for 723 samples...
EarlyStopping counter: 5 out of 30
Epoch: 052, Train Loss: 0.8743, Metric: r2, Train: 0.6407, Val: 0.1280, best Val: 0.2963, Test: 0.3698
Training on 5077 samples...
Train epoch: 54 [0/5077 (0%)]	Loss: 0.847184
Make prediction for 5077 samples...
Make prediction for 837 samples...
Make prediction for 723 samples...
EarlyStopping counter: 6 out of 30
Epoch: 053, Train Loss: 0.8689, Metric: r2, Train: 0.6418, Val: 0.1401, best Val: 0.2963, Test: 0.4302
Training on 5077 samples...
Train epoch: 55 [0/5077 (0%)]	Loss: 0.891288
Make prediction for 5077 samples...
Make prediction for 837 samples...
Make prediction for 723 samples...
EarlyStopping counter: 7 out of 30
Epoch: 054, Train Loss: 0.8973, Metric: r2, Train: 0.6436, Val: 0.1015, best Val: 0.2963, Test: 0.4477
Training on 5077 samples...
Train epoch: 56 [0/5077 (0%)]	Loss: 0.902108
Make prediction for 5077 samples...
Make prediction for 837 samples...
Make prediction for 723 samples...
EarlyStopping counter: 8 out of 30
Epoch: 055, Train Loss: 0.8773, Metric: r2, Train: 0.6300, Val: 0.2129, best Val: 0.2963, Test: 0.3900
Training on 5077 samples...
Train epoch: 57 [0/5077 (0%)]	Loss: 0.936615
Make prediction for 5077 samples...
Make prediction for 837 samples...
Make prediction for 723 samples...
EarlyStopping counter: 9 out of 30
Epoch: 056, Train Loss: 0.8644, Metric: r2, Train: 0.6592, Val: 0.1289, best Val: 0.2963, Test: 0.4779
Training on 5077 samples...
Train epoch: 58 [0/5077 (0%)]	Loss: 0.901980
Make prediction for 5077 samples...
Make prediction for 837 samples...
Make prediction for 723 samples...
EarlyStopping counter: 10 out of 30
Epoch: 057, Train Loss: 0.8612, Metric: r2, Train: 0.6664, Val: 0.2768, best Val: 0.2963, Test: 0.4428
Training on 5077 samples...
Train epoch: 59 [0/5077 (0%)]	Loss: 0.813837
Make prediction for 5077 samples...
Make prediction for 837 samples...
Make prediction for 723 samples...
EarlyStopping counter: 11 out of 30
Epoch: 058, Train Loss: 0.8807, Metric: r2, Train: 0.5796, Val: 0.1082, best Val: 0.2963, Test: 0.3834
Training on 5077 samples...
Train epoch: 60 [0/5077 (0%)]	Loss: 0.953874
Make prediction for 5077 samples...
Make prediction for 837 samples...
Make prediction for 723 samples...
EarlyStopping counter: 12 out of 30
Epoch: 059, Train Loss: 0.8597, Metric: r2, Train: 0.6575, Val: 0.1666, best Val: 0.2963, Test: 0.4614
Training on 5077 samples...
Train epoch: 61 [0/5077 (0%)]	Loss: 0.824840
Make prediction for 5077 samples...
Make prediction for 837 samples...
Make prediction for 723 samples...
EarlyStopping counter: 13 out of 30
Epoch: 060, Train Loss: 0.8429, Metric: r2, Train: 0.6685, Val: 0.2814, best Val: 0.2963, Test: 0.5102
Training on 5077 samples...
Train epoch: 62 [0/5077 (0%)]	Loss: 0.830764
Make prediction for 5077 samples...
Make prediction for 837 samples...
Make prediction for 723 samples...
EarlyStopping counter: 14 out of 30
Epoch: 061, Train Loss: 0.8181, Metric: r2, Train: 0.6697, Val: 0.1952, best Val: 0.2963, Test: 0.4826
Training on 5077 samples...
Train epoch: 63 [0/5077 (0%)]	Loss: 0.762494
Make prediction for 5077 samples...
Make prediction for 837 samples...
Make prediction for 723 samples...
EarlyStopping counter: 15 out of 30
Epoch: 062, Train Loss: 0.8177, Metric: r2, Train: 0.6735, Val: 0.2240, best Val: 0.2963, Test: 0.4796
Training on 5077 samples...
Train epoch: 64 [0/5077 (0%)]	Loss: 0.804427
Make prediction for 5077 samples...
Make prediction for 837 samples...
Make prediction for 723 samples...
EarlyStopping counter: 16 out of 30
Epoch: 063, Train Loss: 0.8186, Metric: r2, Train: 0.6686, Val: 0.2681, best Val: 0.2963, Test: 0.4803
Training on 5077 samples...
Train epoch: 65 [0/5077 (0%)]	Loss: 0.821676
Make prediction for 5077 samples...
Make prediction for 837 samples...
Make prediction for 723 samples...
EarlyStopping counter: 17 out of 30
Epoch: 064, Train Loss: 0.7937, Metric: r2, Train: 0.6868, Val: 0.1386, best Val: 0.2963, Test: 0.4338
Training on 5077 samples...
Train epoch: 66 [0/5077 (0%)]	Loss: 0.865656
Make prediction for 5077 samples...
Make prediction for 837 samples...
Make prediction for 723 samples...
EarlyStopping counter: 18 out of 30
Epoch: 065, Train Loss: 0.7921, Metric: r2, Train: 0.6563, Val: -0.0090, best Val: 0.2963, Test: 0.4171
Training on 5077 samples...
Train epoch: 67 [0/5077 (0%)]	Loss: 0.742679
Make prediction for 5077 samples...
Make prediction for 837 samples...
Make prediction for 723 samples...
EarlyStopping counter: 19 out of 30
Epoch: 066, Train Loss: 0.7783, Metric: r2, Train: 0.6983, Val: 0.0926, best Val: 0.2963, Test: 0.4927
Training on 5077 samples...
Train epoch: 68 [0/5077 (0%)]	Loss: 0.762580
Make prediction for 5077 samples...
Make prediction for 837 samples...
Make prediction for 723 samples...
EarlyStopping counter: 20 out of 30
Epoch: 067, Train Loss: 0.7746, Metric: r2, Train: 0.6528, Val: 0.1857, best Val: 0.2963, Test: 0.4372
Training on 5077 samples...
Train epoch: 69 [0/5077 (0%)]	Loss: 0.807619
Make prediction for 5077 samples...
Make prediction for 837 samples...
Make prediction for 723 samples...
EarlyStopping counter: 21 out of 30
Epoch: 068, Train Loss: 0.7724, Metric: r2, Train: 0.6870, Val: 0.2496, best Val: 0.2963, Test: 0.4408
Training on 5077 samples...
Train epoch: 70 [0/5077 (0%)]	Loss: 0.762032
Make prediction for 5077 samples...
Make prediction for 837 samples...
Make prediction for 723 samples...
EarlyStopping counter: 22 out of 30
Epoch: 069, Train Loss: 0.7699, Metric: r2, Train: 0.6970, Val: 0.2240, best Val: 0.2963, Test: 0.5548
Training on 5077 samples...
Train epoch: 71 [0/5077 (0%)]	Loss: 0.711177
Make prediction for 5077 samples...
Make prediction for 837 samples...
Make prediction for 723 samples...
EarlyStopping counter: 23 out of 30
Epoch: 070, Train Loss: 0.7592, Metric: r2, Train: 0.6749, Val: 0.0446, best Val: 0.2963, Test: 0.3849
Training on 5077 samples...
Train epoch: 72 [0/5077 (0%)]	Loss: 0.792974
Make prediction for 5077 samples...
Make prediction for 837 samples...
Make prediction for 723 samples...
EarlyStopping counter: 24 out of 30
Epoch: 071, Train Loss: 0.7557, Metric: r2, Train: 0.6999, Val: 0.2223, best Val: 0.2963, Test: 0.5431
Training on 5077 samples...
Train epoch: 73 [0/5077 (0%)]	Loss: 0.765903
Make prediction for 5077 samples...
Make prediction for 837 samples...
Make prediction for 723 samples...
EarlyStopping counter: 25 out of 30
Epoch: 072, Train Loss: 0.7564, Metric: r2, Train: 0.6799, Val: 0.2071, best Val: 0.2963, Test: 0.4256
Training on 5077 samples...
Train epoch: 74 [0/5077 (0%)]	Loss: 0.747691
Make prediction for 5077 samples...
Make prediction for 837 samples...
Make prediction for 723 samples...
EarlyStopping counter: 26 out of 30
Epoch: 073, Train Loss: 0.7561, Metric: r2, Train: 0.6820, Val: 0.1925, best Val: 0.2963, Test: 0.4272
Training on 5077 samples...
Train epoch: 75 [0/5077 (0%)]	Loss: 0.749984
Make prediction for 5077 samples...
Make prediction for 837 samples...
Make prediction for 723 samples...
EarlyStopping counter: 27 out of 30
Epoch: 074, Train Loss: 0.7584, Metric: r2, Train: 0.6602, Val: -0.0849, best Val: 0.2963, Test: 0.3670
Training on 5077 samples...
Train epoch: 76 [0/5077 (0%)]	Loss: 0.746462
Make prediction for 5077 samples...
Make prediction for 837 samples...
Make prediction for 723 samples...
EarlyStopping counter: 28 out of 30
Epoch: 075, Train Loss: 0.7789, Metric: r2, Train: 0.6854, Val: 0.2213, best Val: 0.2963, Test: 0.5197
Training on 5077 samples...
Train epoch: 77 [0/5077 (0%)]	Loss: 0.757939
Make prediction for 5077 samples...
Make prediction for 837 samples...
Make prediction for 723 samples...
Make prediction for 723 samples...
Epoch: 076, Train Loss: 0.7520, Metric: r2, Train: 0.6952, Val: 0.2988, best Val: 0.2988, Test: 0.5682
Training on 5077 samples...
Train epoch: 78 [0/5077 (0%)]	Loss: 0.727104
Make prediction for 5077 samples...
Make prediction for 837 samples...
Make prediction for 723 samples...
EarlyStopping counter: 1 out of 30
Epoch: 077, Train Loss: 0.7366, Metric: r2, Train: 0.7213, Val: 0.2753, best Val: 0.2988, Test: 0.5254
Training on 5077 samples...
Train epoch: 79 [0/5077 (0%)]	Loss: 0.654675
Make prediction for 5077 samples...
Make prediction for 837 samples...
Make prediction for 723 samples...
EarlyStopping counter: 2 out of 30
Epoch: 078, Train Loss: 0.7468, Metric: r2, Train: 0.6970, Val: 0.2656, best Val: 0.2988, Test: 0.5383
Training on 5077 samples...
Train epoch: 80 [0/5077 (0%)]	Loss: 0.744130
Make prediction for 5077 samples...
Make prediction for 837 samples...
Make prediction for 723 samples...
EarlyStopping counter: 3 out of 30
Epoch: 079, Train Loss: 0.7388, Metric: r2, Train: 0.7268, Val: 0.2409, best Val: 0.2988, Test: 0.5270
Training on 5077 samples...
Train epoch: 81 [0/5077 (0%)]	Loss: 0.671303
Make prediction for 5077 samples...
Make prediction for 837 samples...
Make prediction for 723 samples...
EarlyStopping counter: 4 out of 30
Epoch: 080, Train Loss: 0.7345, Metric: r2, Train: 0.7230, Val: 0.2416, best Val: 0.2988, Test: 0.5619
Training on 5077 samples...
Train epoch: 82 [0/5077 (0%)]	Loss: 0.723568
Make prediction for 5077 samples...
Make prediction for 837 samples...
Make prediction for 723 samples...
EarlyStopping counter: 5 out of 30
Epoch: 081, Train Loss: 0.7403, Metric: r2, Train: 0.6901, Val: 0.2108, best Val: 0.2988, Test: 0.4757
Training on 5077 samples...
Train epoch: 83 [0/5077 (0%)]	Loss: 0.759112
Make prediction for 5077 samples...
Make prediction for 837 samples...
Make prediction for 723 samples...
EarlyStopping counter: 6 out of 30
Epoch: 082, Train Loss: 0.7414, Metric: r2, Train: 0.7110, Val: 0.2732, best Val: 0.2988, Test: 0.5221
Training on 5077 samples...
Train epoch: 84 [0/5077 (0%)]	Loss: 0.738902
Make prediction for 5077 samples...
Make prediction for 837 samples...
Make prediction for 723 samples...
EarlyStopping counter: 7 out of 30
Epoch: 083, Train Loss: 0.7389, Metric: r2, Train: 0.7212, Val: 0.2661, best Val: 0.2988, Test: 0.4764
Training on 5077 samples...
Train epoch: 85 [0/5077 (0%)]	Loss: 0.706731
Make prediction for 5077 samples...
Make prediction for 837 samples...
Make prediction for 723 samples...
EarlyStopping counter: 8 out of 30
Epoch: 084, Train Loss: 0.7267, Metric: r2, Train: 0.6738, Val: 0.2320, best Val: 0.2988, Test: 0.4385
Training on 5077 samples...
Train epoch: 86 [0/5077 (0%)]	Loss: 0.710934
Make prediction for 5077 samples...
Make prediction for 837 samples...
Make prediction for 723 samples...
EarlyStopping counter: 9 out of 30
Epoch: 085, Train Loss: 0.7235, Metric: r2, Train: 0.7181, Val: 0.2697, best Val: 0.2988, Test: 0.5764
Training on 5077 samples...
Train epoch: 87 [0/5077 (0%)]	Loss: 0.706756
Make prediction for 5077 samples...
Make prediction for 837 samples...
Make prediction for 723 samples...
EarlyStopping counter: 10 out of 30
Epoch: 086, Train Loss: 0.7191, Metric: r2, Train: 0.7176, Val: 0.2939, best Val: 0.2988, Test: 0.5620
Training on 5077 samples...
Train epoch: 88 [0/5077 (0%)]	Loss: 0.690550
Make prediction for 5077 samples...
Make prediction for 837 samples...
Make prediction for 723 samples...
Make prediction for 723 samples...
Epoch: 087, Train Loss: 0.7094, Metric: r2, Train: 0.7124, Val: 0.2992, best Val: 0.2992, Test: 0.4838
Training on 5077 samples...
Train epoch: 89 [0/5077 (0%)]	Loss: 0.763992
Make prediction for 5077 samples...
Make prediction for 837 samples...
Make prediction for 723 samples...
EarlyStopping counter: 1 out of 30
Epoch: 088, Train Loss: 0.7009, Metric: r2, Train: 0.7300, Val: 0.2771, best Val: 0.2992, Test: 0.5415
Training on 5077 samples...
Train epoch: 90 [0/5077 (0%)]	Loss: 0.669799
Make prediction for 5077 samples...
Make prediction for 837 samples...
Make prediction for 723 samples...
EarlyStopping counter: 2 out of 30
Epoch: 089, Train Loss: 0.7055, Metric: r2, Train: 0.7166, Val: 0.1490, best Val: 0.2992, Test: 0.5665
Training on 5077 samples...
Train epoch: 91 [0/5077 (0%)]	Loss: 0.728556
Make prediction for 5077 samples...
Make prediction for 837 samples...
Make prediction for 723 samples...
EarlyStopping counter: 3 out of 30
Epoch: 090, Train Loss: 0.7107, Metric: r2, Train: 0.7052, Val: 0.2622, best Val: 0.2992, Test: 0.4947
Training on 5077 samples...
Train epoch: 92 [0/5077 (0%)]	Loss: 0.768688
Make prediction for 5077 samples...
Make prediction for 837 samples...
Make prediction for 723 samples...
EarlyStopping counter: 4 out of 30
Epoch: 091, Train Loss: 0.7066, Metric: r2, Train: 0.7399, Val: 0.2469, best Val: 0.2992, Test: 0.4997
Training on 5077 samples...
Train epoch: 93 [0/5077 (0%)]	Loss: 0.686855
Make prediction for 5077 samples...
Make prediction for 837 samples...
Make prediction for 723 samples...
EarlyStopping counter: 5 out of 30
Epoch: 092, Train Loss: 0.7039, Metric: r2, Train: 0.7178, Val: 0.2799, best Val: 0.2992, Test: 0.4528
Training on 5077 samples...
Train epoch: 94 [0/5077 (0%)]	Loss: 0.707814
Make prediction for 5077 samples...
Make prediction for 837 samples...
Make prediction for 723 samples...
EarlyStopping counter: 6 out of 30
Epoch: 093, Train Loss: 0.7044, Metric: r2, Train: 0.7259, Val: 0.2771, best Val: 0.2992, Test: 0.5589
Training on 5077 samples...
Train epoch: 95 [0/5077 (0%)]	Loss: 0.722404
Make prediction for 5077 samples...
Make prediction for 837 samples...
Make prediction for 723 samples...
Make prediction for 723 samples...
Epoch: 094, Train Loss: 0.7075, Metric: r2, Train: 0.7371, Val: 0.3026, best Val: 0.3026, Test: 0.5538
Training on 5077 samples...
Train epoch: 96 [0/5077 (0%)]	Loss: 0.701242
Make prediction for 5077 samples...
Make prediction for 837 samples...
Make prediction for 723 samples...
EarlyStopping counter: 1 out of 30
Epoch: 095, Train Loss: 0.6950, Metric: r2, Train: 0.7480, Val: 0.2912, best Val: 0.3026, Test: 0.5362
Training on 5077 samples...
Train epoch: 97 [0/5077 (0%)]	Loss: 0.659368
Make prediction for 5077 samples...
Make prediction for 837 samples...
Make prediction for 723 samples...
Make prediction for 723 samples...
Epoch: 096, Train Loss: 0.6909, Metric: r2, Train: 0.7422, Val: 0.3051, best Val: 0.3051, Test: 0.4844
Training on 5077 samples...
Train epoch: 98 [0/5077 (0%)]	Loss: 0.627883
Make prediction for 5077 samples...
Make prediction for 837 samples...
Make prediction for 723 samples...
EarlyStopping counter: 1 out of 30
Epoch: 097, Train Loss: 0.6935, Metric: r2, Train: 0.7397, Val: 0.2173, best Val: 0.3051, Test: 0.5666
Training on 5077 samples...
Train epoch: 99 [0/5077 (0%)]	Loss: 0.709573
Make prediction for 5077 samples...
Make prediction for 837 samples...
Make prediction for 723 samples...
EarlyStopping counter: 2 out of 30
Epoch: 098, Train Loss: 0.6961, Metric: r2, Train: 0.7276, Val: 0.2467, best Val: 0.3051, Test: 0.5344
Training on 5077 samples...
Train epoch: 100 [0/5077 (0%)]	Loss: 0.738062
Make prediction for 5077 samples...
Make prediction for 837 samples...
Make prediction for 723 samples...
EarlyStopping counter: 3 out of 30
Epoch: 099, Train Loss: 0.6897, Metric: r2, Train: 0.7279, Val: 0.2960, best Val: 0.3051, Test: 0.5147
Training on 5077 samples...
Train epoch: 101 [0/5077 (0%)]	Loss: 0.672882
Make prediction for 5077 samples...
Make prediction for 837 samples...
Make prediction for 723 samples...
EarlyStopping counter: 4 out of 30
Epoch: 100, Train Loss: 0.6888, Metric: r2, Train: 0.7415, Val: 0.1964, best Val: 0.3051, Test: 0.5142
Training on 5077 samples...
Train epoch: 102 [0/5077 (0%)]	Loss: 0.717914
Make prediction for 5077 samples...
Make prediction for 837 samples...
Make prediction for 723 samples...
EarlyStopping counter: 5 out of 30
Epoch: 101, Train Loss: 0.6872, Metric: r2, Train: 0.7309, Val: 0.2891, best Val: 0.3051, Test: 0.4692
Training on 5077 samples...
Train epoch: 103 [0/5077 (0%)]	Loss: 0.693732
Make prediction for 5077 samples...
Make prediction for 837 samples...
Make prediction for 723 samples...
EarlyStopping counter: 6 out of 30
Epoch: 102, Train Loss: 0.6782, Metric: r2, Train: 0.7517, Val: -0.0170, best Val: 0.3051, Test: 0.5661
Training on 5077 samples...
Train epoch: 104 [0/5077 (0%)]	Loss: 0.670609
Make prediction for 5077 samples...
Make prediction for 837 samples...
Make prediction for 723 samples...
EarlyStopping counter: 7 out of 30
Epoch: 103, Train Loss: 0.6768, Metric: r2, Train: 0.7450, Val: 0.1311, best Val: 0.3051, Test: 0.5451
Training on 5077 samples...
Train epoch: 105 [0/5077 (0%)]	Loss: 0.666246
Make prediction for 5077 samples...
Make prediction for 837 samples...
Make prediction for 723 samples...
EarlyStopping counter: 8 out of 30
Epoch: 104, Train Loss: 0.6753, Metric: r2, Train: 0.7519, Val: 0.0832, best Val: 0.3051, Test: 0.5227
Training on 5077 samples...
Train epoch: 106 [0/5077 (0%)]	Loss: 0.642916
Make prediction for 5077 samples...
Make prediction for 837 samples...
Make prediction for 723 samples...
EarlyStopping counter: 9 out of 30
Epoch: 105, Train Loss: 0.6826, Metric: r2, Train: 0.7522, Val: 0.2023, best Val: 0.3051, Test: 0.5171
Training on 5077 samples...
Train epoch: 107 [0/5077 (0%)]	Loss: 0.643296
Make prediction for 5077 samples...
Make prediction for 837 samples...
Make prediction for 723 samples...
EarlyStopping counter: 10 out of 30
Epoch: 106, Train Loss: 0.6804, Metric: r2, Train: 0.7371, Val: 0.0420, best Val: 0.3051, Test: 0.5169
Training on 5077 samples...
Train epoch: 108 [0/5077 (0%)]	Loss: 0.681497
Make prediction for 5077 samples...
Make prediction for 837 samples...
Make prediction for 723 samples...
EarlyStopping counter: 11 out of 30
Epoch: 107, Train Loss: 0.6690, Metric: r2, Train: 0.7492, Val: -0.2234, best Val: 0.3051, Test: 0.5636
Training on 5077 samples...
Train epoch: 109 [0/5077 (0%)]	Loss: 0.663312
Make prediction for 5077 samples...
Make prediction for 837 samples...
Make prediction for 723 samples...
EarlyStopping counter: 12 out of 30
Epoch: 108, Train Loss: 0.6688, Metric: r2, Train: 0.7476, Val: 0.2138, best Val: 0.3051, Test: 0.5212
Training on 5077 samples...
Train epoch: 110 [0/5077 (0%)]	Loss: 0.638523
Make prediction for 5077 samples...
Make prediction for 837 samples...
Make prediction for 723 samples...
Make prediction for 723 samples...
Epoch: 109, Train Loss: 0.6693, Metric: r2, Train: 0.7111, Val: 0.3057, best Val: 0.3057, Test: 0.4561
Training on 5077 samples...
Train epoch: 111 [0/5077 (0%)]	Loss: 0.674332
Make prediction for 5077 samples...
Make prediction for 837 samples...
Make prediction for 723 samples...
EarlyStopping counter: 1 out of 30
Epoch: 110, Train Loss: 0.6821, Metric: r2, Train: 0.7475, Val: 0.2843, best Val: 0.3057, Test: 0.5147
Training on 5077 samples...
Train epoch: 112 [0/5077 (0%)]	Loss: 0.690638
Make prediction for 5077 samples...
Make prediction for 837 samples...
Make prediction for 723 samples...
EarlyStopping counter: 2 out of 30
Epoch: 111, Train Loss: 0.6758, Metric: r2, Train: 0.7363, Val: 0.1555, best Val: 0.3057, Test: 0.5352
Training on 5077 samples...
Train epoch: 113 [0/5077 (0%)]	Loss: 0.720082
Make prediction for 5077 samples...
Make prediction for 837 samples...
Make prediction for 723 samples...
EarlyStopping counter: 3 out of 30
Epoch: 112, Train Loss: 0.6655, Metric: r2, Train: 0.7633, Val: 0.3000, best Val: 0.3057, Test: 0.5007
Training on 5077 samples...
Train epoch: 114 [0/5077 (0%)]	Loss: 0.681968
Make prediction for 5077 samples...
Make prediction for 837 samples...
Make prediction for 723 samples...
EarlyStopping counter: 4 out of 30
Epoch: 113, Train Loss: 0.6614, Metric: r2, Train: 0.7632, Val: 0.2887, best Val: 0.3057, Test: 0.5368
Training on 5077 samples...
Train epoch: 115 [0/5077 (0%)]	Loss: 0.622707
Make prediction for 5077 samples...
Make prediction for 837 samples...
Make prediction for 723 samples...
EarlyStopping counter: 5 out of 30
Epoch: 114, Train Loss: 0.6623, Metric: r2, Train: 0.7406, Val: 0.2942, best Val: 0.3057, Test: 0.5026
Training on 5077 samples...
Train epoch: 116 [0/5077 (0%)]	Loss: 0.709276
Make prediction for 5077 samples...
Make prediction for 837 samples...
Make prediction for 723 samples...
EarlyStopping counter: 6 out of 30
Epoch: 115, Train Loss: 0.6612, Metric: r2, Train: 0.7642, Val: 0.0835, best Val: 0.3057, Test: 0.5264
Training on 5077 samples...
Train epoch: 117 [0/5077 (0%)]	Loss: 0.651363
Make prediction for 5077 samples...
Make prediction for 837 samples...
Make prediction for 723 samples...
EarlyStopping counter: 7 out of 30
Epoch: 116, Train Loss: 0.6588, Metric: r2, Train: 0.7654, Val: 0.2075, best Val: 0.3057, Test: 0.5113
Training on 5077 samples...
Train epoch: 118 [0/5077 (0%)]	Loss: 0.629844
Make prediction for 5077 samples...
Make prediction for 837 samples...
Make prediction for 723 samples...
EarlyStopping counter: 8 out of 30
Epoch: 117, Train Loss: 0.6653, Metric: r2, Train: 0.7571, Val: 0.1480, best Val: 0.3057, Test: 0.5465
Training on 5077 samples...
Train epoch: 119 [0/5077 (0%)]	Loss: 0.644434
Make prediction for 5077 samples...
Make prediction for 837 samples...
Make prediction for 723 samples...
EarlyStopping counter: 9 out of 30
Epoch: 118, Train Loss: 0.6594, Metric: r2, Train: 0.7644, Val: 0.2363, best Val: 0.3057, Test: 0.5740
Training on 5077 samples...
Train epoch: 120 [0/5077 (0%)]	Loss: 0.638364
Make prediction for 5077 samples...
Make prediction for 837 samples...
Make prediction for 723 samples...
EarlyStopping counter: 10 out of 30
Epoch: 119, Train Loss: 0.6544, Metric: r2, Train: 0.7621, Val: 0.2553, best Val: 0.3057, Test: 0.5415
Training on 5077 samples...
Train epoch: 121 [0/5077 (0%)]	Loss: 0.657610
Make prediction for 5077 samples...
Make prediction for 837 samples...
Make prediction for 723 samples...
EarlyStopping counter: 11 out of 30
Epoch: 120, Train Loss: 0.6587, Metric: r2, Train: 0.7506, Val: 0.2756, best Val: 0.3057, Test: 0.4708
Training on 5077 samples...
Train epoch: 122 [0/5077 (0%)]	Loss: 0.630814
Make prediction for 5077 samples...
Make prediction for 837 samples...
Make prediction for 723 samples...
Make prediction for 723 samples...
Epoch: 121, Train Loss: 0.6601, Metric: r2, Train: 0.7710, Val: 0.3081, best Val: 0.3081, Test: 0.5300
Training on 5077 samples...
Train epoch: 123 [0/5077 (0%)]	Loss: 0.677712
Make prediction for 5077 samples...
Make prediction for 837 samples...
Make prediction for 723 samples...
EarlyStopping counter: 1 out of 30
Epoch: 122, Train Loss: 0.6530, Metric: r2, Train: 0.7662, Val: 0.2023, best Val: 0.3081, Test: 0.4946
Training on 5077 samples...
Train epoch: 124 [0/5077 (0%)]	Loss: 0.643626
Make prediction for 5077 samples...
Make prediction for 837 samples...
Make prediction for 723 samples...
EarlyStopping counter: 2 out of 30
Epoch: 123, Train Loss: 0.6567, Metric: r2, Train: 0.7501, Val: 0.2894, best Val: 0.3081, Test: 0.4855
Training on 5077 samples...
Train epoch: 125 [0/5077 (0%)]	Loss: 0.667808
Make prediction for 5077 samples...
Make prediction for 837 samples...
Make prediction for 723 samples...
EarlyStopping counter: 3 out of 30
Epoch: 124, Train Loss: 0.6516, Metric: r2, Train: 0.7614, Val: -0.2460, best Val: 0.3081, Test: 0.5450
Training on 5077 samples...
Train epoch: 126 [0/5077 (0%)]	Loss: 0.660738
Make prediction for 5077 samples...
Make prediction for 837 samples...
Make prediction for 723 samples...
EarlyStopping counter: 4 out of 30
Epoch: 125, Train Loss: 0.6568, Metric: r2, Train: 0.7737, Val: 0.1621, best Val: 0.3081, Test: 0.5524
Training on 5077 samples...
Train epoch: 127 [0/5077 (0%)]	Loss: 0.693305
Make prediction for 5077 samples...
Make prediction for 837 samples...
Make prediction for 723 samples...
EarlyStopping counter: 5 out of 30
Epoch: 126, Train Loss: 0.6420, Metric: r2, Train: 0.7838, Val: 0.2449, best Val: 0.3081, Test: 0.5351
Training on 5077 samples...
Train epoch: 128 [0/5077 (0%)]	Loss: 0.609657
Make prediction for 5077 samples...
Make prediction for 837 samples...
Make prediction for 723 samples...
EarlyStopping counter: 6 out of 30
Epoch: 127, Train Loss: 0.6393, Metric: r2, Train: 0.7879, Val: 0.2137, best Val: 0.3081, Test: 0.5384
Training on 5077 samples...
Train epoch: 129 [0/5077 (0%)]	Loss: 0.669280
Make prediction for 5077 samples...
Make prediction for 837 samples...
Make prediction for 723 samples...
EarlyStopping counter: 7 out of 30
Epoch: 128, Train Loss: 0.6413, Metric: r2, Train: 0.7839, Val: 0.1199, best Val: 0.3081, Test: 0.5539
Training on 5077 samples...
Train epoch: 130 [0/5077 (0%)]	Loss: 0.634579
Make prediction for 5077 samples...
Make prediction for 837 samples...
Make prediction for 723 samples...
EarlyStopping counter: 8 out of 30
Epoch: 129, Train Loss: 0.6416, Metric: r2, Train: 0.7572, Val: 0.2311, best Val: 0.3081, Test: 0.4598
Training on 5077 samples...
Train epoch: 131 [0/5077 (0%)]	Loss: 0.664922
Make prediction for 5077 samples...
Make prediction for 837 samples...
Make prediction for 723 samples...
EarlyStopping counter: 9 out of 30
Epoch: 130, Train Loss: 0.6449, Metric: r2, Train: 0.7891, Val: 0.2406, best Val: 0.3081, Test: 0.5367
Training on 5077 samples...
Train epoch: 132 [0/5077 (0%)]	Loss: 0.614021
Make prediction for 5077 samples...
Make prediction for 837 samples...
Make prediction for 723 samples...
EarlyStopping counter: 10 out of 30
Epoch: 131, Train Loss: 0.6461, Metric: r2, Train: 0.7828, Val: 0.0822, best Val: 0.3081, Test: 0.5349
Training on 5077 samples...
Train epoch: 133 [0/5077 (0%)]	Loss: 0.653829
Make prediction for 5077 samples...
Make prediction for 837 samples...
Make prediction for 723 samples...
EarlyStopping counter: 11 out of 30
Epoch: 132, Train Loss: 0.6348, Metric: r2, Train: 0.7885, Val: 0.1827, best Val: 0.3081, Test: 0.5665
Training on 5077 samples...
Train epoch: 134 [0/5077 (0%)]	Loss: 0.618472
Make prediction for 5077 samples...
Make prediction for 837 samples...
Make prediction for 723 samples...
EarlyStopping counter: 12 out of 30
Epoch: 133, Train Loss: 0.6347, Metric: r2, Train: 0.7948, Val: 0.0881, best Val: 0.3081, Test: 0.5288
Training on 5077 samples...
Train epoch: 135 [0/5077 (0%)]	Loss: 0.616851
Make prediction for 5077 samples...
Make prediction for 837 samples...
Make prediction for 723 samples...
EarlyStopping counter: 13 out of 30
Epoch: 134, Train Loss: 0.6311, Metric: r2, Train: 0.7862, Val: 0.2065, best Val: 0.3081, Test: 0.5463
Training on 5077 samples...
Train epoch: 136 [0/5077 (0%)]	Loss: 0.614193
Make prediction for 5077 samples...
Make prediction for 837 samples...
Make prediction for 723 samples...
EarlyStopping counter: 14 out of 30
Epoch: 135, Train Loss: 0.6290, Metric: r2, Train: 0.7964, Val: 0.0751, best Val: 0.3081, Test: 0.5350
Training on 5077 samples...
Train epoch: 137 [0/5077 (0%)]	Loss: 0.591865
Make prediction for 5077 samples...
Make prediction for 837 samples...
Make prediction for 723 samples...
EarlyStopping counter: 15 out of 30
Epoch: 136, Train Loss: 0.6305, Metric: r2, Train: 0.7786, Val: 0.1322, best Val: 0.3081, Test: 0.5452
Training on 5077 samples...
Train epoch: 138 [0/5077 (0%)]	Loss: 0.671601
Make prediction for 5077 samples...
Make prediction for 837 samples...
Make prediction for 723 samples...
EarlyStopping counter: 16 out of 30
Epoch: 137, Train Loss: 0.6398, Metric: r2, Train: 0.7888, Val: 0.2821, best Val: 0.3081, Test: 0.4904
Training on 5077 samples...
Train epoch: 139 [0/5077 (0%)]	Loss: 0.674277
Make prediction for 5077 samples...
Make prediction for 837 samples...
Make prediction for 723 samples...
EarlyStopping counter: 17 out of 30
Epoch: 138, Train Loss: 0.6267, Metric: r2, Train: 0.7782, Val: 0.1888, best Val: 0.3081, Test: 0.4795
Training on 5077 samples...
Train epoch: 140 [0/5077 (0%)]	Loss: 0.679456
Make prediction for 5077 samples...
Make prediction for 837 samples...
Make prediction for 723 samples...
EarlyStopping counter: 18 out of 30
Epoch: 139, Train Loss: 0.6278, Metric: r2, Train: 0.7818, Val: 0.2620, best Val: 0.3081, Test: 0.5063
Training on 5077 samples...
Train epoch: 141 [0/5077 (0%)]	Loss: 0.682203
Make prediction for 5077 samples...
Make prediction for 837 samples...
Make prediction for 723 samples...
EarlyStopping counter: 19 out of 30
Epoch: 140, Train Loss: 0.6304, Metric: r2, Train: 0.7671, Val: -0.1546, best Val: 0.3081, Test: 0.5606
Training on 5077 samples...
Train epoch: 142 [0/5077 (0%)]	Loss: 0.644887
Make prediction for 5077 samples...
Make prediction for 837 samples...
Make prediction for 723 samples...
EarlyStopping counter: 20 out of 30
Epoch: 141, Train Loss: 0.6281, Metric: r2, Train: 0.7745, Val: 0.2362, best Val: 0.3081, Test: 0.5283
Training on 5077 samples...
Train epoch: 143 [0/5077 (0%)]	Loss: 0.659147
Make prediction for 5077 samples...
Make prediction for 837 samples...
Make prediction for 723 samples...
EarlyStopping counter: 21 out of 30
Epoch: 142, Train Loss: 0.6421, Metric: r2, Train: 0.7805, Val: 0.2849, best Val: 0.3081, Test: 0.5124
Training on 5077 samples...
Train epoch: 144 [0/5077 (0%)]	Loss: 0.639032
Make prediction for 5077 samples...
Make prediction for 837 samples...
Make prediction for 723 samples...
EarlyStopping counter: 22 out of 30
Epoch: 143, Train Loss: 0.6356, Metric: r2, Train: 0.7887, Val: -0.1901, best Val: 0.3081, Test: 0.5483
Training on 5077 samples...
Train epoch: 145 [0/5077 (0%)]	Loss: 0.639628
Make prediction for 5077 samples...
Make prediction for 837 samples...
Make prediction for 723 samples...
EarlyStopping counter: 23 out of 30
Epoch: 144, Train Loss: 0.6259, Metric: r2, Train: 0.7963, Val: 0.0705, best Val: 0.3081, Test: 0.5493
Training on 5077 samples...
Train epoch: 146 [0/5077 (0%)]	Loss: 0.634245
Make prediction for 5077 samples...
Make prediction for 837 samples...
Make prediction for 723 samples...
EarlyStopping counter: 24 out of 30
Epoch: 145, Train Loss: 0.6187, Metric: r2, Train: 0.8041, Val: 0.0922, best Val: 0.3081, Test: 0.5402
Training on 5077 samples...
Train epoch: 147 [0/5077 (0%)]	Loss: 0.645883
Make prediction for 5077 samples...
Make prediction for 837 samples...
Make prediction for 723 samples...
EarlyStopping counter: 25 out of 30
Epoch: 146, Train Loss: 0.6267, Metric: r2, Train: 0.8007, Val: 0.2521, best Val: 0.3081, Test: 0.5029
Training on 5077 samples...
Train epoch: 148 [0/5077 (0%)]	Loss: 0.606797
Make prediction for 5077 samples...
Make prediction for 837 samples...
Make prediction for 723 samples...
EarlyStopping counter: 26 out of 30
Epoch: 147, Train Loss: 0.6231, Metric: r2, Train: 0.7978, Val: 0.2310, best Val: 0.3081, Test: 0.4895
Training on 5077 samples...
Train epoch: 149 [0/5077 (0%)]	Loss: 0.580934
Make prediction for 5077 samples...
Make prediction for 837 samples...
Make prediction for 723 samples...
EarlyStopping counter: 27 out of 30
Epoch: 148, Train Loss: 0.6152, Metric: r2, Train: 0.7884, Val: -0.1458, best Val: 0.3081, Test: 0.5329
Training on 5077 samples...
Train epoch: 150 [0/5077 (0%)]	Loss: 0.623144
Make prediction for 5077 samples...
Make prediction for 837 samples...
Make prediction for 723 samples...
EarlyStopping counter: 28 out of 30
Epoch: 149, Train Loss: 0.6183, Metric: r2, Train: 0.7770, Val: 0.2712, best Val: 0.3081, Test: 0.4871
Training on 5077 samples...
Train epoch: 151 [0/5077 (0%)]	Loss: 0.634408
Make prediction for 5077 samples...
Make prediction for 837 samples...
Make prediction for 723 samples...
EarlyStopping counter: 29 out of 30
Epoch: 150, Train Loss: 0.6355, Metric: r2, Train: 0.7855, Val: -0.0623, best Val: 0.3081, Test: 0.4863
Training on 5077 samples...
Train epoch: 152 [0/5077 (0%)]	Loss: 0.632900
Make prediction for 5077 samples...
Make prediction for 837 samples...
Make prediction for 723 samples...
EarlyStopping counter: 30 out of 30
Epoch: 151, Train Loss: 0.6235, Metric: r2, Train: 0.7933, Val: -0.0040, best Val: 0.3081, Test: 0.5478
out of patience!
******PAMPA1_Perimeter_2054, 5th_time_result******
train_result: 0.771
val_result: 0.3081
test_result: 0.53
************************************5_times_result************************************
the train result of all tasks (r2):  [0.63826118 0.4250389  0.66587877 0.68592263 0.77097757]
the average train result of all tasks (r2): 0.6372
the train result of all tasks (std): 0.1150
the train result of all tasks (var): 0.0132
the val result of all tasks (r2):  [0.30666455 0.27092767 0.31235276 0.30449194 0.30813075]
the average val result of all tasks (r2): 0.3005
the val result of all tasks (std): 0.0150
the val result of all tasks (var): 0.0002
the test result of all tasks (r2): [0.44352436 0.41191114 0.46103867 0.48735354 0.5299783 ]
the average test result of all tasks (r2): 0.4668
the test result of all tasks (std): 0.0400
the test result of all tasks (var): 0.0016
PAMPA1_Perimeter_2054 time used:, 0:13:52
/root/data1/miniconda3/envs/CMMSGCL/lib/python3.8/site-packages/torch_geometric/data/in_memory_dataset.py:284: UserWarning: It is not recommended to directly access the internal storage format `data` of an 'InMemoryDataset'. If you are absolutely certain what you are doing, access the internal storage via `InMemoryDataset._data` instead to suppress this warning. Alternatively, you can access stacked individual attributes of every graph via `dataset.{attr_name}`.
  warnings.warn(msg)
/root/data1/miniconda3/envs/CMMSGCL/lib/python3.8/site-packages/torch_geometric/deprecation.py:22: UserWarning: 'data.DataLoader' is deprecated, use 'loader.DataLoader' instead
  warnings.warn(out)
/root/data1/miniconda3/envs/CMMSGCL/lib/python3.8/site-packages/torch_geometric/data/in_memory_dataset.py:284: UserWarning: It is not recommended to directly access the internal storage format `data` of an 'InMemoryDataset'. If you are absolutely certain what you are doing, access the internal storage via `InMemoryDataset._data` instead to suppress this warning. Alternatively, you can access stacked individual attributes of every graph via `dataset.{attr_name}`.
  warnings.warn(msg)
/root/data1/miniconda3/envs/CMMSGCL/lib/python3.8/site-packages/torch_geometric/deprecation.py:22: UserWarning: 'data.DataLoader' is deprecated, use 'loader.DataLoader' instead
  warnings.warn(out)
/root/data1/miniconda3/envs/CMMSGCL/lib/python3.8/site-packages/torch_geometric/data/in_memory_dataset.py:284: UserWarning: It is not recommended to directly access the internal storage format `data` of an 'InMemoryDataset'. If you are absolutely certain what you are doing, access the internal storage via `InMemoryDataset._data` instead to suppress this warning. Alternatively, you can access stacked individual attributes of every graph via `dataset.{attr_name}`.
  warnings.warn(msg)
/root/data1/miniconda3/envs/CMMSGCL/lib/python3.8/site-packages/torch_geometric/deprecation.py:22: UserWarning: 'data.DataLoader' is deprecated, use 'loader.DataLoader' instead
  warnings.warn(out)
/root/data1/miniconda3/envs/CMMSGCL/lib/python3.8/site-packages/torch_geometric/data/in_memory_dataset.py:284: UserWarning: It is not recommended to directly access the internal storage format `data` of an 'InMemoryDataset'. If you are absolutely certain what you are doing, access the internal storage via `InMemoryDataset._data` instead to suppress this warning. Alternatively, you can access stacked individual attributes of every graph via `dataset.{attr_name}`.
  warnings.warn(msg)
/root/data1/miniconda3/envs/CMMSGCL/lib/python3.8/site-packages/torch_geometric/deprecation.py:22: UserWarning: 'data.DataLoader' is deprecated, use 'loader.DataLoader' instead
  warnings.warn(out)
/root/data1/miniconda3/envs/CMMSGCL/lib/python3.8/site-packages/torch_geometric/data/in_memory_dataset.py:284: UserWarning: It is not recommended to directly access the internal storage format `data` of an 'InMemoryDataset'. If you are absolutely certain what you are doing, access the internal storage via `InMemoryDataset._data` instead to suppress this warning. Alternatively, you can access stacked individual attributes of every graph via `dataset.{attr_name}`.
  warnings.warn(msg)
/root/data1/miniconda3/envs/CMMSGCL/lib/python3.8/site-packages/torch_geometric/deprecation.py:22: UserWarning: 'data.DataLoader' is deprecated, use 'loader.DataLoader' instead
  warnings.warn(out)
Current seed: 2064, current split method: Perimeter, current task: PAMPA1
Learning rate:  0.0005
Epochs:  500
Current seed: 2024
Pre-processed data found: data/processed/PAMPA1_Perimeter_2064/PAMPA1_Perimeter_2064_train.pt, loading ...
Pre-processed data found: data/processed/PAMPA1_Perimeter_2064/PAMPA1_Perimeter_2064_valid.pt, loading ...
Pre-processed data found: data/processed/PAMPA1_Perimeter_2064/PAMPA1_Perimeter_2064_test.pt, loading ...
trainset mean:-5.630000114440918 std:0.9800000190734863
Training on 5109 samples...
Train epoch: 1 [0/5109 (0%)]	Loss: 1.470389
Make prediction for 5109 samples...
Make prediction for 833 samples...
Make prediction for 695 samples...
Make prediction for 695 samples...
Epoch: 000, Train Loss: 1.3561, Metric: r2, Train: 0.0031, Val: -0.0029, best Val: -0.0029, Test: -0.0098
Training on 5109 samples...
Train epoch: 2 [0/5109 (0%)]	Loss: 1.525690
Make prediction for 5109 samples...
Make prediction for 833 samples...
Make prediction for 695 samples...
Make prediction for 695 samples...
Epoch: 001, Train Loss: 1.2874, Metric: r2, Train: 0.1249, Val: -0.0023, best Val: -0.0023, Test: 0.0417
Training on 5109 samples...
Train epoch: 3 [0/5109 (0%)]	Loss: 1.238944
Make prediction for 5109 samples...
Make prediction for 833 samples...
Make prediction for 695 samples...
Make prediction for 695 samples...
Epoch: 002, Train Loss: 1.2336, Metric: r2, Train: 0.1551, Val: 0.0418, best Val: 0.0418, Test: 0.1655
Training on 5109 samples...
Train epoch: 4 [0/5109 (0%)]	Loss: 1.207247
Make prediction for 5109 samples...
Make prediction for 833 samples...
Make prediction for 695 samples...
EarlyStopping counter: 1 out of 30
Epoch: 003, Train Loss: 1.1915, Metric: r2, Train: 0.1564, Val: -0.0080, best Val: 0.0418, Test: 0.1072
Training on 5109 samples...
Train epoch: 5 [0/5109 (0%)]	Loss: 1.136330
Make prediction for 5109 samples...
Make prediction for 833 samples...
Make prediction for 695 samples...
EarlyStopping counter: 2 out of 30
Epoch: 004, Train Loss: 1.1562, Metric: r2, Train: 0.2776, Val: -0.1710, best Val: 0.0418, Test: 0.2985
Training on 5109 samples...
Train epoch: 6 [0/5109 (0%)]	Loss: 1.096903
Make prediction for 5109 samples...
Make prediction for 833 samples...
Make prediction for 695 samples...
EarlyStopping counter: 3 out of 30
Epoch: 005, Train Loss: 1.1420, Metric: r2, Train: 0.2897, Val: 0.0382, best Val: 0.0418, Test: 0.2535
Training on 5109 samples...
Train epoch: 7 [0/5109 (0%)]	Loss: 1.140754
Make prediction for 5109 samples...
Make prediction for 833 samples...
Make prediction for 695 samples...
EarlyStopping counter: 4 out of 30
Epoch: 006, Train Loss: 1.1082, Metric: r2, Train: 0.3301, Val: -0.0154, best Val: 0.0418, Test: 0.3389
Training on 5109 samples...
Train epoch: 8 [0/5109 (0%)]	Loss: 1.102430
Make prediction for 5109 samples...
Make prediction for 833 samples...
Make prediction for 695 samples...
EarlyStopping counter: 5 out of 30
Epoch: 007, Train Loss: 1.1074, Metric: r2, Train: 0.3275, Val: -0.0419, best Val: 0.0418, Test: 0.3643
Training on 5109 samples...
Train epoch: 9 [0/5109 (0%)]	Loss: 1.003707
Make prediction for 5109 samples...
Make prediction for 833 samples...
Make prediction for 695 samples...
EarlyStopping counter: 6 out of 30
Epoch: 008, Train Loss: 1.0866, Metric: r2, Train: 0.3065, Val: -0.4404, best Val: 0.0418, Test: 0.3314
Training on 5109 samples...
Train epoch: 10 [0/5109 (0%)]	Loss: 1.062334
Make prediction for 5109 samples...
Make prediction for 833 samples...
Make prediction for 695 samples...
Make prediction for 695 samples...
Epoch: 009, Train Loss: 1.0945, Metric: r2, Train: 0.3756, Val: 0.0444, best Val: 0.0444, Test: 0.3262
Training on 5109 samples...
Train epoch: 11 [0/5109 (0%)]	Loss: 1.019091
Make prediction for 5109 samples...
Make prediction for 833 samples...
Make prediction for 695 samples...
EarlyStopping counter: 1 out of 30
Epoch: 010, Train Loss: 1.0662, Metric: r2, Train: 0.3798, Val: -0.0042, best Val: 0.0444, Test: 0.3289
Training on 5109 samples...
Train epoch: 12 [0/5109 (0%)]	Loss: 1.059900
Make prediction for 5109 samples...
Make prediction for 833 samples...
Make prediction for 695 samples...
Make prediction for 695 samples...
Epoch: 011, Train Loss: 1.0593, Metric: r2, Train: 0.3977, Val: 0.1139, best Val: 0.1139, Test: 0.4036
Training on 5109 samples...
Train epoch: 13 [0/5109 (0%)]	Loss: 0.964471
Make prediction for 5109 samples...
Make prediction for 833 samples...
Make prediction for 695 samples...
EarlyStopping counter: 1 out of 30
Epoch: 012, Train Loss: 1.0639, Metric: r2, Train: 0.3549, Val: -0.2783, best Val: 0.1139, Test: 0.2452
Training on 5109 samples...
Train epoch: 14 [0/5109 (0%)]	Loss: 1.093195
Make prediction for 5109 samples...
Make prediction for 833 samples...
Make prediction for 695 samples...
EarlyStopping counter: 2 out of 30
Epoch: 013, Train Loss: 1.0407, Metric: r2, Train: 0.4330, Val: -0.0606, best Val: 0.1139, Test: 0.3895
Training on 5109 samples...
Train epoch: 15 [0/5109 (0%)]	Loss: 1.027008
Make prediction for 5109 samples...
Make prediction for 833 samples...
Make prediction for 695 samples...
EarlyStopping counter: 3 out of 30
Epoch: 014, Train Loss: 1.0469, Metric: r2, Train: 0.4142, Val: -0.1122, best Val: 0.1139, Test: 0.3012
Training on 5109 samples...
Train epoch: 16 [0/5109 (0%)]	Loss: 1.007625
Make prediction for 5109 samples...
Make prediction for 833 samples...
Make prediction for 695 samples...
EarlyStopping counter: 4 out of 30
Epoch: 015, Train Loss: 1.0336, Metric: r2, Train: 0.3752, Val: -0.8911, best Val: 0.1139, Test: 0.1372
Training on 5109 samples...
Train epoch: 17 [0/5109 (0%)]	Loss: 1.169212
Make prediction for 5109 samples...
Make prediction for 833 samples...
Make prediction for 695 samples...
EarlyStopping counter: 5 out of 30
Epoch: 016, Train Loss: 1.0240, Metric: r2, Train: 0.4512, Val: -0.0110, best Val: 0.1139, Test: 0.4290
Training on 5109 samples...
Train epoch: 18 [0/5109 (0%)]	Loss: 1.017717
Make prediction for 5109 samples...
Make prediction for 833 samples...
Make prediction for 695 samples...
EarlyStopping counter: 6 out of 30
Epoch: 017, Train Loss: 1.0222, Metric: r2, Train: 0.3842, Val: 0.0416, best Val: 0.1139, Test: 0.3544
Training on 5109 samples...
Train epoch: 19 [0/5109 (0%)]	Loss: 1.134815
Make prediction for 5109 samples...
Make prediction for 833 samples...
Make prediction for 695 samples...
Make prediction for 695 samples...
Epoch: 018, Train Loss: 1.0276, Metric: r2, Train: 0.4380, Val: 0.1204, best Val: 0.1204, Test: 0.3904
Training on 5109 samples...
Train epoch: 20 [0/5109 (0%)]	Loss: 1.011196
Make prediction for 5109 samples...
Make prediction for 833 samples...
Make prediction for 695 samples...
EarlyStopping counter: 1 out of 30
Epoch: 019, Train Loss: 1.0098, Metric: r2, Train: 0.4747, Val: -0.2361, best Val: 0.1204, Test: 0.3786
Training on 5109 samples...
Train epoch: 21 [0/5109 (0%)]	Loss: 0.977415
Make prediction for 5109 samples...
Make prediction for 833 samples...
Make prediction for 695 samples...
EarlyStopping counter: 2 out of 30
Epoch: 020, Train Loss: 0.9983, Metric: r2, Train: 0.4658, Val: 0.0938, best Val: 0.1204, Test: 0.3912
Training on 5109 samples...
Train epoch: 22 [0/5109 (0%)]	Loss: 0.967281
Make prediction for 5109 samples...
Make prediction for 833 samples...
Make prediction for 695 samples...
EarlyStopping counter: 3 out of 30
Epoch: 021, Train Loss: 1.0023, Metric: r2, Train: 0.4865, Val: -0.4381, best Val: 0.1204, Test: 0.2864
Training on 5109 samples...
Train epoch: 23 [0/5109 (0%)]	Loss: 0.983985
Make prediction for 5109 samples...
Make prediction for 833 samples...
Make prediction for 695 samples...
EarlyStopping counter: 4 out of 30
Epoch: 022, Train Loss: 1.0164, Metric: r2, Train: 0.4384, Val: 0.0768, best Val: 0.1204, Test: 0.3320
Training on 5109 samples...
Train epoch: 24 [0/5109 (0%)]	Loss: 1.004154
Make prediction for 5109 samples...
Make prediction for 833 samples...
Make prediction for 695 samples...
EarlyStopping counter: 5 out of 30
Epoch: 023, Train Loss: 1.0362, Metric: r2, Train: 0.4559, Val: -0.1451, best Val: 0.1204, Test: 0.2842
Training on 5109 samples...
Train epoch: 25 [0/5109 (0%)]	Loss: 1.029538
Make prediction for 5109 samples...
Make prediction for 833 samples...
Make prediction for 695 samples...
EarlyStopping counter: 6 out of 30
Epoch: 024, Train Loss: 0.9938, Metric: r2, Train: 0.4342, Val: -0.5283, best Val: 0.1204, Test: 0.2917
Training on 5109 samples...
Train epoch: 26 [0/5109 (0%)]	Loss: 1.100069
Make prediction for 5109 samples...
Make prediction for 833 samples...
Make prediction for 695 samples...
EarlyStopping counter: 7 out of 30
Epoch: 025, Train Loss: 0.9888, Metric: r2, Train: 0.4974, Val: -0.0139, best Val: 0.1204, Test: 0.4168
Training on 5109 samples...
Train epoch: 27 [0/5109 (0%)]	Loss: 0.972444
Make prediction for 5109 samples...
Make prediction for 833 samples...
Make prediction for 695 samples...
EarlyStopping counter: 8 out of 30
Epoch: 026, Train Loss: 0.9731, Metric: r2, Train: 0.5014, Val: -0.0753, best Val: 0.1204, Test: 0.3493
Training on 5109 samples...
Train epoch: 28 [0/5109 (0%)]	Loss: 0.939833
Make prediction for 5109 samples...
Make prediction for 833 samples...
Make prediction for 695 samples...
EarlyStopping counter: 9 out of 30
Epoch: 027, Train Loss: 0.9762, Metric: r2, Train: 0.5231, Val: -0.1363, best Val: 0.1204, Test: 0.3399
Training on 5109 samples...
Train epoch: 29 [0/5109 (0%)]	Loss: 0.920689
Make prediction for 5109 samples...
Make prediction for 833 samples...
Make prediction for 695 samples...
EarlyStopping counter: 10 out of 30
Epoch: 028, Train Loss: 0.9660, Metric: r2, Train: 0.5299, Val: 0.0242, best Val: 0.1204, Test: 0.3726
Training on 5109 samples...
Train epoch: 30 [0/5109 (0%)]	Loss: 0.911879
Make prediction for 5109 samples...
Make prediction for 833 samples...
Make prediction for 695 samples...
EarlyStopping counter: 11 out of 30
Epoch: 029, Train Loss: 0.9822, Metric: r2, Train: 0.4089, Val: 0.0695, best Val: 0.1204, Test: 0.1989
Training on 5109 samples...
Train epoch: 31 [0/5109 (0%)]	Loss: 0.970042
Make prediction for 5109 samples...
Make prediction for 833 samples...
Make prediction for 695 samples...
EarlyStopping counter: 12 out of 30
Epoch: 030, Train Loss: 1.0095, Metric: r2, Train: 0.5167, Val: 0.0485, best Val: 0.1204, Test: 0.3119
Training on 5109 samples...
Train epoch: 32 [0/5109 (0%)]	Loss: 0.943365
Make prediction for 5109 samples...
Make prediction for 833 samples...
Make prediction for 695 samples...
EarlyStopping counter: 13 out of 30
Epoch: 031, Train Loss: 0.9641, Metric: r2, Train: 0.4865, Val: -0.8384, best Val: 0.1204, Test: 0.1900
Training on 5109 samples...
Train epoch: 33 [0/5109 (0%)]	Loss: 1.055450
Make prediction for 5109 samples...
Make prediction for 833 samples...
Make prediction for 695 samples...
EarlyStopping counter: 14 out of 30
Epoch: 032, Train Loss: 0.9513, Metric: r2, Train: 0.5623, Val: -0.3574, best Val: 0.1204, Test: 0.3480
Training on 5109 samples...
Train epoch: 34 [0/5109 (0%)]	Loss: 0.888184
Make prediction for 5109 samples...
Make prediction for 833 samples...
Make prediction for 695 samples...
EarlyStopping counter: 15 out of 30
Epoch: 033, Train Loss: 0.9360, Metric: r2, Train: 0.5332, Val: -0.3403, best Val: 0.1204, Test: 0.2582
Training on 5109 samples...
Train epoch: 35 [0/5109 (0%)]	Loss: 0.943820
Make prediction for 5109 samples...
Make prediction for 833 samples...
Make prediction for 695 samples...
Make prediction for 695 samples...
Epoch: 034, Train Loss: 0.9444, Metric: r2, Train: 0.5194, Val: 0.1375, best Val: 0.1375, Test: 0.3899
Training on 5109 samples...
Train epoch: 36 [0/5109 (0%)]	Loss: 0.995802
Make prediction for 5109 samples...
Make prediction for 833 samples...
Make prediction for 695 samples...
EarlyStopping counter: 1 out of 30
Epoch: 035, Train Loss: 0.9457, Metric: r2, Train: 0.5688, Val: 0.0411, best Val: 0.1375, Test: 0.3920
Training on 5109 samples...
Train epoch: 37 [0/5109 (0%)]	Loss: 0.965703
Make prediction for 5109 samples...
Make prediction for 833 samples...
Make prediction for 695 samples...
EarlyStopping counter: 2 out of 30
Epoch: 036, Train Loss: 0.9339, Metric: r2, Train: 0.5337, Val: -0.3500, best Val: 0.1375, Test: 0.2956
Training on 5109 samples...
Train epoch: 38 [0/5109 (0%)]	Loss: 1.010798
Make prediction for 5109 samples...
Make prediction for 833 samples...
Make prediction for 695 samples...
EarlyStopping counter: 3 out of 30
Epoch: 037, Train Loss: 0.9246, Metric: r2, Train: 0.5421, Val: -0.2993, best Val: 0.1375, Test: 0.2758
Training on 5109 samples...
Train epoch: 39 [0/5109 (0%)]	Loss: 1.017992
Make prediction for 5109 samples...
Make prediction for 833 samples...
Make prediction for 695 samples...
EarlyStopping counter: 4 out of 30
Epoch: 038, Train Loss: 0.9227, Metric: r2, Train: 0.5752, Val: -0.2663, best Val: 0.1375, Test: 0.2973
Training on 5109 samples...
Train epoch: 40 [0/5109 (0%)]	Loss: 0.915743
Make prediction for 5109 samples...
Make prediction for 833 samples...
Make prediction for 695 samples...
EarlyStopping counter: 5 out of 30
Epoch: 039, Train Loss: 0.9051, Metric: r2, Train: 0.5987, Val: -0.0850, best Val: 0.1375, Test: 0.3526
Training on 5109 samples...
Train epoch: 41 [0/5109 (0%)]	Loss: 0.963007
Make prediction for 5109 samples...
Make prediction for 833 samples...
Make prediction for 695 samples...
EarlyStopping counter: 6 out of 30
Epoch: 040, Train Loss: 0.9258, Metric: r2, Train: 0.5438, Val: 0.0119, best Val: 0.1375, Test: 0.2474
Training on 5109 samples...
Train epoch: 42 [0/5109 (0%)]	Loss: 0.955329
Make prediction for 5109 samples...
Make prediction for 833 samples...
Make prediction for 695 samples...
EarlyStopping counter: 7 out of 30
Epoch: 041, Train Loss: 0.9088, Metric: r2, Train: 0.5872, Val: -0.3543, best Val: 0.1375, Test: 0.2367
Training on 5109 samples...
Train epoch: 43 [0/5109 (0%)]	Loss: 0.856872
Make prediction for 5109 samples...
Make prediction for 833 samples...
Make prediction for 695 samples...
EarlyStopping counter: 8 out of 30
Epoch: 042, Train Loss: 0.9029, Metric: r2, Train: 0.5321, Val: -0.2125, best Val: 0.1375, Test: 0.3216
Training on 5109 samples...
Train epoch: 44 [0/5109 (0%)]	Loss: 0.910360
Make prediction for 5109 samples...
Make prediction for 833 samples...
Make prediction for 695 samples...
EarlyStopping counter: 9 out of 30
Epoch: 043, Train Loss: 0.9043, Metric: r2, Train: 0.5853, Val: 0.0942, best Val: 0.1375, Test: 0.3855
Training on 5109 samples...
Train epoch: 45 [0/5109 (0%)]	Loss: 0.932355
Make prediction for 5109 samples...
Make prediction for 833 samples...
Make prediction for 695 samples...
EarlyStopping counter: 10 out of 30
Epoch: 044, Train Loss: 0.8907, Metric: r2, Train: 0.6222, Val: -0.1149, best Val: 0.1375, Test: 0.3749
Training on 5109 samples...
Train epoch: 46 [0/5109 (0%)]	Loss: 0.859934
Make prediction for 5109 samples...
Make prediction for 833 samples...
Make prediction for 695 samples...
EarlyStopping counter: 11 out of 30
Epoch: 045, Train Loss: 0.8799, Metric: r2, Train: 0.6358, Val: 0.0751, best Val: 0.1375, Test: 0.3829
Training on 5109 samples...
Train epoch: 47 [0/5109 (0%)]	Loss: 0.865434
Make prediction for 5109 samples...
Make prediction for 833 samples...
Make prediction for 695 samples...
EarlyStopping counter: 12 out of 30
Epoch: 046, Train Loss: 0.8862, Metric: r2, Train: 0.6242, Val: 0.0898, best Val: 0.1375, Test: 0.3951
Training on 5109 samples...
Train epoch: 48 [0/5109 (0%)]	Loss: 0.852727
Make prediction for 5109 samples...
Make prediction for 833 samples...
Make prediction for 695 samples...
EarlyStopping counter: 13 out of 30
Epoch: 047, Train Loss: 0.8704, Metric: r2, Train: 0.5948, Val: -0.1217, best Val: 0.1375, Test: 0.2834
Training on 5109 samples...
Train epoch: 49 [0/5109 (0%)]	Loss: 0.888353
Make prediction for 5109 samples...
Make prediction for 833 samples...
Make prediction for 695 samples...
Make prediction for 695 samples...
Epoch: 048, Train Loss: 0.9034, Metric: r2, Train: 0.6070, Val: 0.1741, best Val: 0.1741, Test: 0.4008
Training on 5109 samples...
Train epoch: 50 [0/5109 (0%)]	Loss: 0.864903
Make prediction for 5109 samples...
Make prediction for 833 samples...
Make prediction for 695 samples...
EarlyStopping counter: 1 out of 30
Epoch: 049, Train Loss: 0.8680, Metric: r2, Train: 0.6482, Val: -0.1885, best Val: 0.1741, Test: 0.3301
Training on 5109 samples...
Train epoch: 51 [0/5109 (0%)]	Loss: 0.829550
Make prediction for 5109 samples...
Make prediction for 833 samples...
Make prediction for 695 samples...
EarlyStopping counter: 2 out of 30
Epoch: 050, Train Loss: 0.8676, Metric: r2, Train: 0.6516, Val: 0.1561, best Val: 0.1741, Test: 0.4103
Training on 5109 samples...
Train epoch: 52 [0/5109 (0%)]	Loss: 0.874760
Make prediction for 5109 samples...
Make prediction for 833 samples...
Make prediction for 695 samples...
EarlyStopping counter: 3 out of 30
Epoch: 051, Train Loss: 0.8730, Metric: r2, Train: 0.6253, Val: 0.0538, best Val: 0.1741, Test: 0.3636
Training on 5109 samples...
Train epoch: 53 [0/5109 (0%)]	Loss: 0.861914
Make prediction for 5109 samples...
Make prediction for 833 samples...
Make prediction for 695 samples...
EarlyStopping counter: 4 out of 30
Epoch: 052, Train Loss: 0.8582, Metric: r2, Train: 0.6471, Val: -0.1697, best Val: 0.1741, Test: 0.3765
Training on 5109 samples...
Train epoch: 54 [0/5109 (0%)]	Loss: 0.803544
Make prediction for 5109 samples...
Make prediction for 833 samples...
Make prediction for 695 samples...
EarlyStopping counter: 5 out of 30
Epoch: 053, Train Loss: 0.8399, Metric: r2, Train: 0.6760, Val: 0.1622, best Val: 0.1741, Test: 0.4624
Training on 5109 samples...
Train epoch: 55 [0/5109 (0%)]	Loss: 0.857198
Make prediction for 5109 samples...
Make prediction for 833 samples...
Make prediction for 695 samples...
EarlyStopping counter: 6 out of 30
Epoch: 054, Train Loss: 0.9044, Metric: r2, Train: 0.6248, Val: 0.1521, best Val: 0.1741, Test: 0.4507
Training on 5109 samples...
Train epoch: 56 [0/5109 (0%)]	Loss: 0.927004
Make prediction for 5109 samples...
Make prediction for 833 samples...
Make prediction for 695 samples...
EarlyStopping counter: 7 out of 30
Epoch: 055, Train Loss: 0.8536, Metric: r2, Train: 0.6732, Val: -0.0384, best Val: 0.1741, Test: 0.3773
Training on 5109 samples...
Train epoch: 57 [0/5109 (0%)]	Loss: 0.829025
Make prediction for 5109 samples...
Make prediction for 833 samples...
Make prediction for 695 samples...
EarlyStopping counter: 8 out of 30
Epoch: 056, Train Loss: 0.8341, Metric: r2, Train: 0.6760, Val: -0.0370, best Val: 0.1741, Test: 0.3762
Training on 5109 samples...
Train epoch: 58 [0/5109 (0%)]	Loss: 0.802173
Make prediction for 5109 samples...
Make prediction for 833 samples...
Make prediction for 695 samples...
EarlyStopping counter: 9 out of 30
Epoch: 057, Train Loss: 0.8490, Metric: r2, Train: 0.6674, Val: 0.0147, best Val: 0.1741, Test: 0.3525
Training on 5109 samples...
Train epoch: 59 [0/5109 (0%)]	Loss: 0.816456
Make prediction for 5109 samples...
Make prediction for 833 samples...
Make prediction for 695 samples...
EarlyStopping counter: 10 out of 30
Epoch: 058, Train Loss: 0.8446, Metric: r2, Train: 0.6856, Val: 0.1130, best Val: 0.1741, Test: 0.4240
Training on 5109 samples...
Train epoch: 60 [0/5109 (0%)]	Loss: 0.859660
Make prediction for 5109 samples...
Make prediction for 833 samples...
Make prediction for 695 samples...
EarlyStopping counter: 11 out of 30
Epoch: 059, Train Loss: 0.8034, Metric: r2, Train: 0.6884, Val: 0.0751, best Val: 0.1741, Test: 0.4482
Training on 5109 samples...
Train epoch: 61 [0/5109 (0%)]	Loss: 0.779374
Make prediction for 5109 samples...
Make prediction for 833 samples...
Make prediction for 695 samples...
EarlyStopping counter: 12 out of 30
Epoch: 060, Train Loss: 0.8187, Metric: r2, Train: 0.6449, Val: -0.1733, best Val: 0.1741, Test: 0.3059
Training on 5109 samples...
Train epoch: 62 [0/5109 (0%)]	Loss: 0.811539
Make prediction for 5109 samples...
Make prediction for 833 samples...
Make prediction for 695 samples...
EarlyStopping counter: 13 out of 30
Epoch: 061, Train Loss: 0.8022, Metric: r2, Train: 0.6910, Val: 0.1248, best Val: 0.1741, Test: 0.4286
Training on 5109 samples...
Train epoch: 63 [0/5109 (0%)]	Loss: 0.784906
Make prediction for 5109 samples...
Make prediction for 833 samples...
Make prediction for 695 samples...
EarlyStopping counter: 14 out of 30
Epoch: 062, Train Loss: 0.7737, Metric: r2, Train: 0.6865, Val: 0.1645, best Val: 0.1741, Test: 0.4816
Training on 5109 samples...
Train epoch: 64 [0/5109 (0%)]	Loss: 0.758439
Make prediction for 5109 samples...
Make prediction for 833 samples...
Make prediction for 695 samples...
EarlyStopping counter: 15 out of 30
Epoch: 063, Train Loss: 0.7681, Metric: r2, Train: 0.6825, Val: 0.0843, best Val: 0.1741, Test: 0.4432
Training on 5109 samples...
Train epoch: 65 [0/5109 (0%)]	Loss: 0.754800
Make prediction for 5109 samples...
Make prediction for 833 samples...
Make prediction for 695 samples...
EarlyStopping counter: 16 out of 30
Epoch: 064, Train Loss: 0.7721, Metric: r2, Train: 0.6977, Val: 0.1338, best Val: 0.1741, Test: 0.4165
Training on 5109 samples...
Train epoch: 66 [0/5109 (0%)]	Loss: 0.741782
Make prediction for 5109 samples...
Make prediction for 833 samples...
Make prediction for 695 samples...
EarlyStopping counter: 17 out of 30
Epoch: 065, Train Loss: 0.7570, Metric: r2, Train: 0.6672, Val: 0.1256, best Val: 0.1741, Test: 0.3972
Training on 5109 samples...
Train epoch: 67 [0/5109 (0%)]	Loss: 0.717356
Make prediction for 5109 samples...
Make prediction for 833 samples...
Make prediction for 695 samples...
EarlyStopping counter: 18 out of 30
Epoch: 066, Train Loss: 0.7730, Metric: r2, Train: 0.6951, Val: 0.1377, best Val: 0.1741, Test: 0.4604
Training on 5109 samples...
Train epoch: 68 [0/5109 (0%)]	Loss: 0.703679
Make prediction for 5109 samples...
Make prediction for 833 samples...
Make prediction for 695 samples...
EarlyStopping counter: 19 out of 30
Epoch: 067, Train Loss: 0.7582, Metric: r2, Train: 0.6976, Val: 0.1583, best Val: 0.1741, Test: 0.4695
Training on 5109 samples...
Train epoch: 69 [0/5109 (0%)]	Loss: 0.718024
Make prediction for 5109 samples...
Make prediction for 833 samples...
Make prediction for 695 samples...
EarlyStopping counter: 20 out of 30
Epoch: 068, Train Loss: 0.7482, Metric: r2, Train: 0.7034, Val: 0.1165, best Val: 0.1741, Test: 0.4092
Training on 5109 samples...
Train epoch: 70 [0/5109 (0%)]	Loss: 0.731769
Make prediction for 5109 samples...
Make prediction for 833 samples...
Make prediction for 695 samples...
EarlyStopping counter: 21 out of 30
Epoch: 069, Train Loss: 0.7423, Metric: r2, Train: 0.7219, Val: 0.1677, best Val: 0.1741, Test: 0.4580
Training on 5109 samples...
Train epoch: 71 [0/5109 (0%)]	Loss: 0.758834
Make prediction for 5109 samples...
Make prediction for 833 samples...
Make prediction for 695 samples...
EarlyStopping counter: 22 out of 30
Epoch: 070, Train Loss: 0.7368, Metric: r2, Train: 0.7150, Val: 0.1295, best Val: 0.1741, Test: 0.5131
Training on 5109 samples...
Train epoch: 72 [0/5109 (0%)]	Loss: 0.759109
Make prediction for 5109 samples...
Make prediction for 833 samples...
Make prediction for 695 samples...
EarlyStopping counter: 23 out of 30
Epoch: 071, Train Loss: 0.7414, Metric: r2, Train: 0.7060, Val: 0.1459, best Val: 0.1741, Test: 0.4787
Training on 5109 samples...
Train epoch: 73 [0/5109 (0%)]	Loss: 0.751233
Make prediction for 5109 samples...
Make prediction for 833 samples...
Make prediction for 695 samples...
EarlyStopping counter: 24 out of 30
Epoch: 072, Train Loss: 0.7300, Metric: r2, Train: 0.7326, Val: 0.1550, best Val: 0.1741, Test: 0.4861
Training on 5109 samples...
Train epoch: 74 [0/5109 (0%)]	Loss: 0.733863
Make prediction for 5109 samples...
Make prediction for 833 samples...
Make prediction for 695 samples...
EarlyStopping counter: 25 out of 30
Epoch: 073, Train Loss: 0.7332, Metric: r2, Train: 0.6873, Val: 0.0877, best Val: 0.1741, Test: 0.4390
Training on 5109 samples...
Train epoch: 75 [0/5109 (0%)]	Loss: 0.744255
Make prediction for 5109 samples...
Make prediction for 833 samples...
Make prediction for 695 samples...
EarlyStopping counter: 26 out of 30
Epoch: 074, Train Loss: 0.7243, Metric: r2, Train: 0.7078, Val: -0.3130, best Val: 0.1741, Test: 0.5572
Training on 5109 samples...
Train epoch: 76 [0/5109 (0%)]	Loss: 0.713033
Make prediction for 5109 samples...
Make prediction for 833 samples...
Make prediction for 695 samples...
EarlyStopping counter: 27 out of 30
Epoch: 075, Train Loss: 0.7180, Metric: r2, Train: 0.7368, Val: 0.1725, best Val: 0.1741, Test: 0.4748
Training on 5109 samples...
Train epoch: 77 [0/5109 (0%)]	Loss: 0.688049
Make prediction for 5109 samples...
Make prediction for 833 samples...
Make prediction for 695 samples...
EarlyStopping counter: 28 out of 30
Epoch: 076, Train Loss: 0.7114, Metric: r2, Train: 0.6839, Val: 0.1612, best Val: 0.1741, Test: 0.4284
Training on 5109 samples...
Train epoch: 78 [0/5109 (0%)]	Loss: 0.720939
Make prediction for 5109 samples...
Make prediction for 833 samples...
Make prediction for 695 samples...
Make prediction for 695 samples...
Epoch: 077, Train Loss: 0.7261, Metric: r2, Train: 0.7287, Val: 0.1771, best Val: 0.1771, Test: 0.4582
Training on 5109 samples...
Train epoch: 79 [0/5109 (0%)]	Loss: 0.676152
Make prediction for 5109 samples...
Make prediction for 833 samples...
Make prediction for 695 samples...
EarlyStopping counter: 1 out of 30
Epoch: 078, Train Loss: 0.7143, Metric: r2, Train: 0.7349, Val: 0.1292, best Val: 0.1771, Test: 0.4538
Training on 5109 samples...
Train epoch: 80 [0/5109 (0%)]	Loss: 0.706281
Make prediction for 5109 samples...
Make prediction for 833 samples...
Make prediction for 695 samples...
EarlyStopping counter: 2 out of 30
Epoch: 079, Train Loss: 0.7209, Metric: r2, Train: 0.7148, Val: 0.1455, best Val: 0.1771, Test: 0.4589
Training on 5109 samples...
Train epoch: 81 [0/5109 (0%)]	Loss: 0.697182
Make prediction for 5109 samples...
Make prediction for 833 samples...
Make prediction for 695 samples...
EarlyStopping counter: 3 out of 30
Epoch: 080, Train Loss: 0.7185, Metric: r2, Train: 0.6840, Val: -0.3474, best Val: 0.1771, Test: 0.5035
Training on 5109 samples...
Train epoch: 82 [0/5109 (0%)]	Loss: 0.723904
Make prediction for 5109 samples...
Make prediction for 833 samples...
Make prediction for 695 samples...
EarlyStopping counter: 4 out of 30
Epoch: 081, Train Loss: 0.7123, Metric: r2, Train: 0.7060, Val: 0.1714, best Val: 0.1771, Test: 0.4707
Training on 5109 samples...
Train epoch: 83 [0/5109 (0%)]	Loss: 0.670878
Make prediction for 5109 samples...
Make prediction for 833 samples...
Make prediction for 695 samples...
EarlyStopping counter: 5 out of 30
Epoch: 082, Train Loss: 0.7082, Metric: r2, Train: 0.7379, Val: -0.0245, best Val: 0.1771, Test: 0.4943
Training on 5109 samples...
Train epoch: 84 [0/5109 (0%)]	Loss: 0.730347
Make prediction for 5109 samples...
Make prediction for 833 samples...
Make prediction for 695 samples...
EarlyStopping counter: 6 out of 30
Epoch: 083, Train Loss: 0.7002, Metric: r2, Train: 0.7350, Val: 0.0963, best Val: 0.1771, Test: 0.4736
Training on 5109 samples...
Train epoch: 85 [0/5109 (0%)]	Loss: 0.682395
Make prediction for 5109 samples...
Make prediction for 833 samples...
Make prediction for 695 samples...
EarlyStopping counter: 7 out of 30
Epoch: 084, Train Loss: 0.7059, Metric: r2, Train: 0.7137, Val: 0.0492, best Val: 0.1771, Test: 0.4827
Training on 5109 samples...
Train epoch: 86 [0/5109 (0%)]	Loss: 0.698036
Make prediction for 5109 samples...
Make prediction for 833 samples...
Make prediction for 695 samples...
EarlyStopping counter: 8 out of 30
Epoch: 085, Train Loss: 0.6958, Metric: r2, Train: 0.7474, Val: 0.1708, best Val: 0.1771, Test: 0.4486
Training on 5109 samples...
Train epoch: 87 [0/5109 (0%)]	Loss: 0.738599
Make prediction for 5109 samples...
Make prediction for 833 samples...
Make prediction for 695 samples...
EarlyStopping counter: 9 out of 30
Epoch: 086, Train Loss: 0.6879, Metric: r2, Train: 0.7447, Val: 0.1558, best Val: 0.1771, Test: 0.5160
Training on 5109 samples...
Train epoch: 88 [0/5109 (0%)]	Loss: 0.676047
Make prediction for 5109 samples...
Make prediction for 833 samples...
Make prediction for 695 samples...
EarlyStopping counter: 10 out of 30
Epoch: 087, Train Loss: 0.6899, Metric: r2, Train: 0.7266, Val: 0.1342, best Val: 0.1771, Test: 0.4438
Training on 5109 samples...
Train epoch: 89 [0/5109 (0%)]	Loss: 0.646970
Make prediction for 5109 samples...
Make prediction for 833 samples...
Make prediction for 695 samples...
EarlyStopping counter: 11 out of 30
Epoch: 088, Train Loss: 0.6888, Metric: r2, Train: 0.7310, Val: -0.0379, best Val: 0.1771, Test: 0.5227
Training on 5109 samples...
Train epoch: 90 [0/5109 (0%)]	Loss: 0.665770
Make prediction for 5109 samples...
Make prediction for 833 samples...
Make prediction for 695 samples...
EarlyStopping counter: 12 out of 30
Epoch: 089, Train Loss: 0.6911, Metric: r2, Train: 0.7420, Val: 0.0867, best Val: 0.1771, Test: 0.4630
Training on 5109 samples...
Train epoch: 91 [0/5109 (0%)]	Loss: 0.660895
Make prediction for 5109 samples...
Make prediction for 833 samples...
Make prediction for 695 samples...
EarlyStopping counter: 13 out of 30
Epoch: 090, Train Loss: 0.6909, Metric: r2, Train: 0.7380, Val: 0.0567, best Val: 0.1771, Test: 0.4602
Training on 5109 samples...
Train epoch: 92 [0/5109 (0%)]	Loss: 0.728625
Make prediction for 5109 samples...
Make prediction for 833 samples...
Make prediction for 695 samples...
EarlyStopping counter: 14 out of 30
Epoch: 091, Train Loss: 0.6786, Metric: r2, Train: 0.7428, Val: -0.1893, best Val: 0.1771, Test: 0.5244
Training on 5109 samples...
Train epoch: 93 [0/5109 (0%)]	Loss: 0.645821
Make prediction for 5109 samples...
Make prediction for 833 samples...
Make prediction for 695 samples...
EarlyStopping counter: 15 out of 30
Epoch: 092, Train Loss: 0.6868, Metric: r2, Train: 0.7615, Val: 0.0630, best Val: 0.1771, Test: 0.5305
Training on 5109 samples...
Train epoch: 94 [0/5109 (0%)]	Loss: 0.677154
Make prediction for 5109 samples...
Make prediction for 833 samples...
Make prediction for 695 samples...
EarlyStopping counter: 16 out of 30
Epoch: 093, Train Loss: 0.6866, Metric: r2, Train: 0.7435, Val: -0.1463, best Val: 0.1771, Test: 0.4930
Training on 5109 samples...
Train epoch: 95 [0/5109 (0%)]	Loss: 0.674052
Make prediction for 5109 samples...
Make prediction for 833 samples...
Make prediction for 695 samples...
EarlyStopping counter: 17 out of 30
Epoch: 094, Train Loss: 0.6766, Metric: r2, Train: 0.7420, Val: 0.0704, best Val: 0.1771, Test: 0.4720
Training on 5109 samples...
Train epoch: 96 [0/5109 (0%)]	Loss: 0.643019
Make prediction for 5109 samples...
Make prediction for 833 samples...
Make prediction for 695 samples...
EarlyStopping counter: 18 out of 30
Epoch: 095, Train Loss: 0.6756, Metric: r2, Train: 0.7324, Val: 0.0581, best Val: 0.1771, Test: 0.4652
Training on 5109 samples...
Train epoch: 97 [0/5109 (0%)]	Loss: 0.626731
Make prediction for 5109 samples...
Make prediction for 833 samples...
Make prediction for 695 samples...
EarlyStopping counter: 19 out of 30
Epoch: 096, Train Loss: 0.6730, Metric: r2, Train: 0.7450, Val: 0.0997, best Val: 0.1771, Test: 0.4768
Training on 5109 samples...
Train epoch: 98 [0/5109 (0%)]	Loss: 0.640596
Make prediction for 5109 samples...
Make prediction for 833 samples...
Make prediction for 695 samples...
EarlyStopping counter: 20 out of 30
Epoch: 097, Train Loss: 0.6855, Metric: r2, Train: 0.7531, Val: 0.0217, best Val: 0.1771, Test: 0.5343
Training on 5109 samples...
Train epoch: 99 [0/5109 (0%)]	Loss: 0.690355
Make prediction for 5109 samples...
Make prediction for 833 samples...
Make prediction for 695 samples...
EarlyStopping counter: 21 out of 30
Epoch: 098, Train Loss: 0.6758, Metric: r2, Train: 0.7610, Val: 0.1692, best Val: 0.1771, Test: 0.4876
Training on 5109 samples...
Train epoch: 100 [0/5109 (0%)]	Loss: 0.637851
Make prediction for 5109 samples...
Make prediction for 833 samples...
Make prediction for 695 samples...
EarlyStopping counter: 22 out of 30
Epoch: 099, Train Loss: 0.6579, Metric: r2, Train: 0.7595, Val: -0.7910, best Val: 0.1771, Test: 0.5760
Training on 5109 samples...
Train epoch: 101 [0/5109 (0%)]	Loss: 0.656014
Make prediction for 5109 samples...
Make prediction for 833 samples...
Make prediction for 695 samples...
EarlyStopping counter: 23 out of 30
Epoch: 100, Train Loss: 0.6596, Metric: r2, Train: 0.7766, Val: -0.0093, best Val: 0.1771, Test: 0.5427
Training on 5109 samples...
Train epoch: 102 [0/5109 (0%)]	Loss: 0.621481
Make prediction for 5109 samples...
Make prediction for 833 samples...
Make prediction for 695 samples...
EarlyStopping counter: 24 out of 30
Epoch: 101, Train Loss: 0.6539, Metric: r2, Train: 0.7716, Val: -0.1072, best Val: 0.1771, Test: 0.5225
Training on 5109 samples...
Train epoch: 103 [0/5109 (0%)]	Loss: 0.633348
Make prediction for 5109 samples...
Make prediction for 833 samples...
Make prediction for 695 samples...
EarlyStopping counter: 25 out of 30
Epoch: 102, Train Loss: 0.6590, Metric: r2, Train: 0.7649, Val: -0.0716, best Val: 0.1771, Test: 0.5293
Training on 5109 samples...
Train epoch: 104 [0/5109 (0%)]	Loss: 0.644619
Make prediction for 5109 samples...
Make prediction for 833 samples...
Make prediction for 695 samples...
EarlyStopping counter: 26 out of 30
Epoch: 103, Train Loss: 0.6586, Metric: r2, Train: 0.7785, Val: -0.0062, best Val: 0.1771, Test: 0.5304
Training on 5109 samples...
Train epoch: 105 [0/5109 (0%)]	Loss: 0.613530
Make prediction for 5109 samples...
Make prediction for 833 samples...
Make prediction for 695 samples...
EarlyStopping counter: 27 out of 30
Epoch: 104, Train Loss: 0.6553, Metric: r2, Train: 0.7639, Val: 0.1435, best Val: 0.1771, Test: 0.4812
Training on 5109 samples...
Train epoch: 106 [0/5109 (0%)]	Loss: 0.623377
Make prediction for 5109 samples...
Make prediction for 833 samples...
Make prediction for 695 samples...
EarlyStopping counter: 28 out of 30
Epoch: 105, Train Loss: 0.6661, Metric: r2, Train: 0.7722, Val: 0.1207, best Val: 0.1771, Test: 0.5242
Training on 5109 samples...
Train epoch: 107 [0/5109 (0%)]	Loss: 0.628267
Make prediction for 5109 samples...
Make prediction for 833 samples...
Make prediction for 695 samples...
EarlyStopping counter: 29 out of 30
Epoch: 106, Train Loss: 0.6457, Metric: r2, Train: 0.7684, Val: 0.1585, best Val: 0.1771, Test: 0.4976
Training on 5109 samples...
Train epoch: 108 [0/5109 (0%)]	Loss: 0.643432
Make prediction for 5109 samples...
Make prediction for 833 samples...
Make prediction for 695 samples...
EarlyStopping counter: 30 out of 30
Epoch: 107, Train Loss: 0.6516, Metric: r2, Train: 0.7467, Val: -0.1497, best Val: 0.1771, Test: 0.5390
out of patience!
******PAMPA1_Perimeter_2064, 1th_time_result******
train_result: 0.7287
val_result: 0.1771
test_result: 0.4582
Current seed: 2034
Pre-processed data found: data/processed/PAMPA1_Perimeter_2064/PAMPA1_Perimeter_2064_train.pt, loading ...
Pre-processed data found: data/processed/PAMPA1_Perimeter_2064/PAMPA1_Perimeter_2064_valid.pt, loading ...
Pre-processed data found: data/processed/PAMPA1_Perimeter_2064/PAMPA1_Perimeter_2064_test.pt, loading ...
trainset mean:-5.630000114440918 std:0.9800000190734863
Training on 5109 samples...
Train epoch: 1 [0/5109 (0%)]	Loss: 1.431637
Make prediction for 5109 samples...
Make prediction for 833 samples...
Make prediction for 695 samples...
Make prediction for 695 samples...
Epoch: 000, Train Loss: 1.3348, Metric: r2, Train: -0.0160, Val: -0.0931, best Val: -0.0931, Test: -0.0036
Training on 5109 samples...
Train epoch: 2 [0/5109 (0%)]	Loss: 1.383523
Make prediction for 5109 samples...
Make prediction for 833 samples...
Make prediction for 695 samples...
Make prediction for 695 samples...
Epoch: 001, Train Loss: 1.2982, Metric: r2, Train: 0.0699, Val: 0.0024, best Val: 0.0024, Test: 0.0526
Training on 5109 samples...
Train epoch: 3 [0/5109 (0%)]	Loss: 1.272265
Make prediction for 5109 samples...
Make prediction for 833 samples...
Make prediction for 695 samples...
Make prediction for 695 samples...
Epoch: 002, Train Loss: 1.2390, Metric: r2, Train: 0.1637, Val: 0.0147, best Val: 0.0147, Test: 0.1341
Training on 5109 samples...
Train epoch: 4 [0/5109 (0%)]	Loss: 1.205728
Make prediction for 5109 samples...
Make prediction for 833 samples...
Make prediction for 695 samples...
Make prediction for 695 samples...
Epoch: 003, Train Loss: 1.1907, Metric: r2, Train: 0.2375, Val: 0.0406, best Val: 0.0406, Test: 0.2394
Training on 5109 samples...
Train epoch: 5 [0/5109 (0%)]	Loss: 1.162234
Make prediction for 5109 samples...
Make prediction for 833 samples...
Make prediction for 695 samples...
EarlyStopping counter: 1 out of 30
Epoch: 004, Train Loss: 1.1572, Metric: r2, Train: 0.2786, Val: 0.0084, best Val: 0.0406, Test: 0.2587
Training on 5109 samples...
Train epoch: 6 [0/5109 (0%)]	Loss: 1.168844
Make prediction for 5109 samples...
Make prediction for 833 samples...
Make prediction for 695 samples...
Make prediction for 695 samples...
Epoch: 005, Train Loss: 1.1208, Metric: r2, Train: 0.2751, Val: 0.0582, best Val: 0.0582, Test: 0.2478
Training on 5109 samples...
Train epoch: 7 [0/5109 (0%)]	Loss: 1.182360
Make prediction for 5109 samples...
Make prediction for 833 samples...
Make prediction for 695 samples...
EarlyStopping counter: 1 out of 30
Epoch: 006, Train Loss: 1.1156, Metric: r2, Train: 0.3232, Val: -0.4412, best Val: 0.0582, Test: 0.3669
Training on 5109 samples...
Train epoch: 8 [0/5109 (0%)]	Loss: 1.089239
Make prediction for 5109 samples...
Make prediction for 833 samples...
Make prediction for 695 samples...
EarlyStopping counter: 2 out of 30
Epoch: 007, Train Loss: 1.1314, Metric: r2, Train: 0.2670, Val: -0.0576, best Val: 0.0582, Test: 0.2746
Training on 5109 samples...
Train epoch: 9 [0/5109 (0%)]	Loss: 1.032101
Make prediction for 5109 samples...
Make prediction for 833 samples...
Make prediction for 695 samples...
EarlyStopping counter: 3 out of 30
Epoch: 008, Train Loss: 1.1240, Metric: r2, Train: 0.3089, Val: -0.3469, best Val: 0.0582, Test: 0.3081
Training on 5109 samples...
Train epoch: 10 [0/5109 (0%)]	Loss: 1.170898
Make prediction for 5109 samples...
Make prediction for 833 samples...
Make prediction for 695 samples...
EarlyStopping counter: 4 out of 30
Epoch: 009, Train Loss: 1.1085, Metric: r2, Train: 0.2929, Val: -0.4344, best Val: 0.0582, Test: 0.2779
Training on 5109 samples...
Train epoch: 11 [0/5109 (0%)]	Loss: 1.127038
Make prediction for 5109 samples...
Make prediction for 833 samples...
Make prediction for 695 samples...
Make prediction for 695 samples...
Epoch: 010, Train Loss: 1.0773, Metric: r2, Train: 0.3899, Val: 0.1177, best Val: 0.1177, Test: 0.4194
Training on 5109 samples...
Train epoch: 12 [0/5109 (0%)]	Loss: 1.069404
Make prediction for 5109 samples...
Make prediction for 833 samples...
Make prediction for 695 samples...
EarlyStopping counter: 1 out of 30
Epoch: 011, Train Loss: 1.0530, Metric: r2, Train: 0.3448, Val: -0.4017, best Val: 0.1177, Test: 0.2002
Training on 5109 samples...
Train epoch: 13 [0/5109 (0%)]	Loss: 1.086007
Make prediction for 5109 samples...
Make prediction for 833 samples...
Make prediction for 695 samples...
EarlyStopping counter: 2 out of 30
Epoch: 012, Train Loss: 1.0458, Metric: r2, Train: 0.4246, Val: 0.0987, best Val: 0.1177, Test: 0.4426
Training on 5109 samples...
Train epoch: 14 [0/5109 (0%)]	Loss: 1.007366
Make prediction for 5109 samples...
Make prediction for 833 samples...
Make prediction for 695 samples...
EarlyStopping counter: 3 out of 30
Epoch: 013, Train Loss: 1.0321, Metric: r2, Train: 0.4416, Val: 0.1128, best Val: 0.1177, Test: 0.4157
Training on 5109 samples...
Train epoch: 15 [0/5109 (0%)]	Loss: 1.016683
Make prediction for 5109 samples...
Make prediction for 833 samples...
Make prediction for 695 samples...
EarlyStopping counter: 4 out of 30
Epoch: 014, Train Loss: 1.0258, Metric: r2, Train: 0.4151, Val: 0.0634, best Val: 0.1177, Test: 0.4581
Training on 5109 samples...
Train epoch: 16 [0/5109 (0%)]	Loss: 1.013596
Make prediction for 5109 samples...
Make prediction for 833 samples...
Make prediction for 695 samples...
EarlyStopping counter: 5 out of 30
Epoch: 015, Train Loss: 1.0390, Metric: r2, Train: 0.4198, Val: 0.0999, best Val: 0.1177, Test: 0.4371
Training on 5109 samples...
Train epoch: 17 [0/5109 (0%)]	Loss: 0.972787
Make prediction for 5109 samples...
Make prediction for 833 samples...
Make prediction for 695 samples...
EarlyStopping counter: 6 out of 30
Epoch: 016, Train Loss: 1.0089, Metric: r2, Train: 0.4614, Val: -0.0742, best Val: 0.1177, Test: 0.4188
Training on 5109 samples...
Train epoch: 18 [0/5109 (0%)]	Loss: 0.973510
Make prediction for 5109 samples...
Make prediction for 833 samples...
Make prediction for 695 samples...
EarlyStopping counter: 7 out of 30
Epoch: 017, Train Loss: 1.0082, Metric: r2, Train: 0.4712, Val: -0.1298, best Val: 0.1177, Test: 0.3858
Training on 5109 samples...
Train epoch: 19 [0/5109 (0%)]	Loss: 1.083003
Make prediction for 5109 samples...
Make prediction for 833 samples...
Make prediction for 695 samples...
Make prediction for 695 samples...
Epoch: 018, Train Loss: 1.0059, Metric: r2, Train: 0.4629, Val: 0.1391, best Val: 0.1391, Test: 0.4714
Training on 5109 samples...
Train epoch: 20 [0/5109 (0%)]	Loss: 1.033380
Make prediction for 5109 samples...
Make prediction for 833 samples...
Make prediction for 695 samples...
EarlyStopping counter: 1 out of 30
Epoch: 019, Train Loss: 0.9945, Metric: r2, Train: 0.4835, Val: -0.1032, best Val: 0.1391, Test: 0.3283
Training on 5109 samples...
Train epoch: 21 [0/5109 (0%)]	Loss: 0.996984
Make prediction for 5109 samples...
Make prediction for 833 samples...
Make prediction for 695 samples...
EarlyStopping counter: 2 out of 30
Epoch: 020, Train Loss: 0.9895, Metric: r2, Train: 0.4146, Val: 0.1126, best Val: 0.1391, Test: 0.4074
Training on 5109 samples...
Train epoch: 22 [0/5109 (0%)]	Loss: 1.046723
Make prediction for 5109 samples...
Make prediction for 833 samples...
Make prediction for 695 samples...
EarlyStopping counter: 3 out of 30
Epoch: 021, Train Loss: 1.0062, Metric: r2, Train: 0.4322, Val: -0.1008, best Val: 0.1391, Test: 0.2079
Training on 5109 samples...
Train epoch: 23 [0/5109 (0%)]	Loss: 0.990925
Make prediction for 5109 samples...
Make prediction for 833 samples...
Make prediction for 695 samples...
EarlyStopping counter: 4 out of 30
Epoch: 022, Train Loss: 0.9911, Metric: r2, Train: 0.5116, Val: -0.1532, best Val: 0.1391, Test: 0.3310
Training on 5109 samples...
Train epoch: 24 [0/5109 (0%)]	Loss: 0.901873
Make prediction for 5109 samples...
Make prediction for 833 samples...
Make prediction for 695 samples...
EarlyStopping counter: 5 out of 30
Epoch: 023, Train Loss: 0.9754, Metric: r2, Train: 0.5002, Val: -0.0982, best Val: 0.1391, Test: 0.4093
Training on 5109 samples...
Train epoch: 25 [0/5109 (0%)]	Loss: 0.928218
Make prediction for 5109 samples...
Make prediction for 833 samples...
Make prediction for 695 samples...
EarlyStopping counter: 6 out of 30
Epoch: 024, Train Loss: 0.9937, Metric: r2, Train: 0.4764, Val: -0.0542, best Val: 0.1391, Test: 0.3140
Training on 5109 samples...
Train epoch: 26 [0/5109 (0%)]	Loss: 0.960312
Make prediction for 5109 samples...
Make prediction for 833 samples...
Make prediction for 695 samples...
EarlyStopping counter: 7 out of 30
Epoch: 025, Train Loss: 0.9822, Metric: r2, Train: 0.4825, Val: -0.0683, best Val: 0.1391, Test: 0.3120
Training on 5109 samples...
Train epoch: 27 [0/5109 (0%)]	Loss: 1.002779
Make prediction for 5109 samples...
Make prediction for 833 samples...
Make prediction for 695 samples...
EarlyStopping counter: 8 out of 30
Epoch: 026, Train Loss: 0.9697, Metric: r2, Train: 0.5283, Val: -0.0281, best Val: 0.1391, Test: 0.4308
Training on 5109 samples...
Train epoch: 28 [0/5109 (0%)]	Loss: 1.005879
Make prediction for 5109 samples...
Make prediction for 833 samples...
Make prediction for 695 samples...
EarlyStopping counter: 9 out of 30
Epoch: 027, Train Loss: 0.9501, Metric: r2, Train: 0.5097, Val: -0.1405, best Val: 0.1391, Test: 0.2694
Training on 5109 samples...
Train epoch: 29 [0/5109 (0%)]	Loss: 0.912649
Make prediction for 5109 samples...
Make prediction for 833 samples...
Make prediction for 695 samples...
EarlyStopping counter: 10 out of 30
Epoch: 028, Train Loss: 0.9500, Metric: r2, Train: 0.5370, Val: -0.2458, best Val: 0.1391, Test: 0.3522
Training on 5109 samples...
Train epoch: 30 [0/5109 (0%)]	Loss: 0.985618
Make prediction for 5109 samples...
Make prediction for 833 samples...
Make prediction for 695 samples...
EarlyStopping counter: 11 out of 30
Epoch: 029, Train Loss: 0.9483, Metric: r2, Train: 0.5617, Val: -0.1464, best Val: 0.1391, Test: 0.4174
Training on 5109 samples...
Train epoch: 31 [0/5109 (0%)]	Loss: 0.871796
Make prediction for 5109 samples...
Make prediction for 833 samples...
Make prediction for 695 samples...
EarlyStopping counter: 12 out of 30
Epoch: 030, Train Loss: 0.9372, Metric: r2, Train: 0.5059, Val: 0.1055, best Val: 0.1391, Test: 0.4792
Training on 5109 samples...
Train epoch: 32 [0/5109 (0%)]	Loss: 0.974279
Make prediction for 5109 samples...
Make prediction for 833 samples...
Make prediction for 695 samples...
EarlyStopping counter: 13 out of 30
Epoch: 031, Train Loss: 0.9474, Metric: r2, Train: 0.5187, Val: 0.0459, best Val: 0.1391, Test: 0.3397
Training on 5109 samples...
Train epoch: 33 [0/5109 (0%)]	Loss: 0.987519
Make prediction for 5109 samples...
Make prediction for 833 samples...
Make prediction for 695 samples...
EarlyStopping counter: 14 out of 30
Epoch: 032, Train Loss: 0.9398, Metric: r2, Train: 0.5446, Val: -0.0920, best Val: 0.1391, Test: 0.2787
Training on 5109 samples...
Train epoch: 34 [0/5109 (0%)]	Loss: 0.916917
Make prediction for 5109 samples...
Make prediction for 833 samples...
Make prediction for 695 samples...
EarlyStopping counter: 15 out of 30
Epoch: 033, Train Loss: 0.9224, Metric: r2, Train: 0.5532, Val: 0.0467, best Val: 0.1391, Test: 0.3467
Training on 5109 samples...
Train epoch: 35 [0/5109 (0%)]	Loss: 1.012233
Make prediction for 5109 samples...
Make prediction for 833 samples...
Make prediction for 695 samples...
EarlyStopping counter: 16 out of 30
Epoch: 034, Train Loss: 0.9189, Metric: r2, Train: 0.5873, Val: 0.1181, best Val: 0.1391, Test: 0.3820
Training on 5109 samples...
Train epoch: 36 [0/5109 (0%)]	Loss: 0.900146
Make prediction for 5109 samples...
Make prediction for 833 samples...
Make prediction for 695 samples...
EarlyStopping counter: 17 out of 30
Epoch: 035, Train Loss: 0.9115, Metric: r2, Train: 0.5888, Val: -0.0839, best Val: 0.1391, Test: 0.3480
Training on 5109 samples...
Train epoch: 37 [0/5109 (0%)]	Loss: 0.887216
Make prediction for 5109 samples...
Make prediction for 833 samples...
Make prediction for 695 samples...
EarlyStopping counter: 18 out of 30
Epoch: 036, Train Loss: 0.9041, Metric: r2, Train: 0.5354, Val: 0.0729, best Val: 0.1391, Test: 0.3303
Training on 5109 samples...
Train epoch: 38 [0/5109 (0%)]	Loss: 0.869963
Make prediction for 5109 samples...
Make prediction for 833 samples...
Make prediction for 695 samples...
EarlyStopping counter: 19 out of 30
Epoch: 037, Train Loss: 0.9007, Metric: r2, Train: 0.5835, Val: 0.0372, best Val: 0.1391, Test: 0.4046
Training on 5109 samples...
Train epoch: 39 [0/5109 (0%)]	Loss: 0.919522
Make prediction for 5109 samples...
Make prediction for 833 samples...
Make prediction for 695 samples...
EarlyStopping counter: 20 out of 30
Epoch: 038, Train Loss: 0.8935, Metric: r2, Train: 0.5927, Val: -0.1529, best Val: 0.1391, Test: 0.2913
Training on 5109 samples...
Train epoch: 40 [0/5109 (0%)]	Loss: 0.890446
Make prediction for 5109 samples...
Make prediction for 833 samples...
Make prediction for 695 samples...
EarlyStopping counter: 21 out of 30
Epoch: 039, Train Loss: 0.9047, Metric: r2, Train: 0.5948, Val: 0.0907, best Val: 0.1391, Test: 0.4472
Training on 5109 samples...
Train epoch: 41 [0/5109 (0%)]	Loss: 0.851689
Make prediction for 5109 samples...
Make prediction for 833 samples...
Make prediction for 695 samples...
EarlyStopping counter: 22 out of 30
Epoch: 040, Train Loss: 0.8928, Metric: r2, Train: 0.6148, Val: -0.0585, best Val: 0.1391, Test: 0.4268
Training on 5109 samples...
Train epoch: 42 [0/5109 (0%)]	Loss: 0.839174
Make prediction for 5109 samples...
Make prediction for 833 samples...
Make prediction for 695 samples...
EarlyStopping counter: 23 out of 30
Epoch: 041, Train Loss: 0.8859, Metric: r2, Train: 0.6268, Val: 0.1142, best Val: 0.1391, Test: 0.4845
Training on 5109 samples...
Train epoch: 43 [0/5109 (0%)]	Loss: 0.894742
Make prediction for 5109 samples...
Make prediction for 833 samples...
Make prediction for 695 samples...
Make prediction for 695 samples...
Epoch: 042, Train Loss: 0.8847, Metric: r2, Train: 0.6237, Val: 0.1713, best Val: 0.1713, Test: 0.5013
Training on 5109 samples...
Train epoch: 44 [0/5109 (0%)]	Loss: 0.877234
Make prediction for 5109 samples...
Make prediction for 833 samples...
Make prediction for 695 samples...
EarlyStopping counter: 1 out of 30
Epoch: 043, Train Loss: 0.8803, Metric: r2, Train: 0.5939, Val: 0.1356, best Val: 0.1713, Test: 0.4435
Training on 5109 samples...
Train epoch: 45 [0/5109 (0%)]	Loss: 0.924339
Make prediction for 5109 samples...
Make prediction for 833 samples...
Make prediction for 695 samples...
Make prediction for 695 samples...
Epoch: 044, Train Loss: 0.8908, Metric: r2, Train: 0.6032, Val: 0.1747, best Val: 0.1747, Test: 0.4091
Training on 5109 samples...
Train epoch: 46 [0/5109 (0%)]	Loss: 0.880564
Make prediction for 5109 samples...
Make prediction for 833 samples...
Make prediction for 695 samples...
EarlyStopping counter: 1 out of 30
Epoch: 045, Train Loss: 0.8759, Metric: r2, Train: 0.5973, Val: 0.0436, best Val: 0.1747, Test: 0.4074
Training on 5109 samples...
Train epoch: 47 [0/5109 (0%)]	Loss: 0.939546
Make prediction for 5109 samples...
Make prediction for 833 samples...
Make prediction for 695 samples...
EarlyStopping counter: 2 out of 30
Epoch: 046, Train Loss: 0.9170, Metric: r2, Train: 0.6285, Val: -0.0231, best Val: 0.1747, Test: 0.3493
Training on 5109 samples...
Train epoch: 48 [0/5109 (0%)]	Loss: 0.955718
Make prediction for 5109 samples...
Make prediction for 833 samples...
Make prediction for 695 samples...
EarlyStopping counter: 3 out of 30
Epoch: 047, Train Loss: 0.8892, Metric: r2, Train: 0.5812, Val: 0.1167, best Val: 0.1747, Test: 0.4189
Training on 5109 samples...
Train epoch: 49 [0/5109 (0%)]	Loss: 0.873272
Make prediction for 5109 samples...
Make prediction for 833 samples...
Make prediction for 695 samples...
EarlyStopping counter: 4 out of 30
Epoch: 048, Train Loss: 0.8888, Metric: r2, Train: 0.6475, Val: 0.1059, best Val: 0.1747, Test: 0.4627
Training on 5109 samples...
Train epoch: 50 [0/5109 (0%)]	Loss: 0.839306
Make prediction for 5109 samples...
Make prediction for 833 samples...
Make prediction for 695 samples...
EarlyStopping counter: 5 out of 30
Epoch: 049, Train Loss: 0.8678, Metric: r2, Train: 0.6320, Val: 0.0117, best Val: 0.1747, Test: 0.4557
Training on 5109 samples...
Train epoch: 51 [0/5109 (0%)]	Loss: 0.860361
Make prediction for 5109 samples...
Make prediction for 833 samples...
Make prediction for 695 samples...
EarlyStopping counter: 6 out of 30
Epoch: 050, Train Loss: 0.8674, Metric: r2, Train: 0.6454, Val: 0.1681, best Val: 0.1747, Test: 0.3853
Training on 5109 samples...
Train epoch: 52 [0/5109 (0%)]	Loss: 0.889676
Make prediction for 5109 samples...
Make prediction for 833 samples...
Make prediction for 695 samples...
EarlyStopping counter: 7 out of 30
Epoch: 051, Train Loss: 0.8521, Metric: r2, Train: 0.6285, Val: 0.1273, best Val: 0.1747, Test: 0.3389
Training on 5109 samples...
Train epoch: 53 [0/5109 (0%)]	Loss: 0.902639
Make prediction for 5109 samples...
Make prediction for 833 samples...
Make prediction for 695 samples...
EarlyStopping counter: 8 out of 30
Epoch: 052, Train Loss: 0.8740, Metric: r2, Train: 0.5947, Val: -0.0585, best Val: 0.1747, Test: 0.2912
Training on 5109 samples...
Train epoch: 54 [0/5109 (0%)]	Loss: 0.849363
Make prediction for 5109 samples...
Make prediction for 833 samples...
Make prediction for 695 samples...
EarlyStopping counter: 9 out of 30
Epoch: 053, Train Loss: 0.8651, Metric: r2, Train: 0.6426, Val: 0.1571, best Val: 0.1747, Test: 0.4088
Training on 5109 samples...
Train epoch: 55 [0/5109 (0%)]	Loss: 0.857235
Make prediction for 5109 samples...
Make prediction for 833 samples...
Make prediction for 695 samples...
EarlyStopping counter: 10 out of 30
Epoch: 054, Train Loss: 0.8672, Metric: r2, Train: 0.6422, Val: 0.1680, best Val: 0.1747, Test: 0.4472
Training on 5109 samples...
Train epoch: 56 [0/5109 (0%)]	Loss: 0.852159
Make prediction for 5109 samples...
Make prediction for 833 samples...
Make prediction for 695 samples...
EarlyStopping counter: 11 out of 30
Epoch: 055, Train Loss: 0.8439, Metric: r2, Train: 0.6597, Val: -0.0463, best Val: 0.1747, Test: 0.4258
Training on 5109 samples...
Train epoch: 57 [0/5109 (0%)]	Loss: 0.784401
Make prediction for 5109 samples...
Make prediction for 833 samples...
Make prediction for 695 samples...
EarlyStopping counter: 12 out of 30
Epoch: 056, Train Loss: 0.8147, Metric: r2, Train: 0.6773, Val: 0.1462, best Val: 0.1747, Test: 0.4542
Training on 5109 samples...
Train epoch: 58 [0/5109 (0%)]	Loss: 0.764260
Make prediction for 5109 samples...
Make prediction for 833 samples...
Make prediction for 695 samples...
EarlyStopping counter: 13 out of 30
Epoch: 057, Train Loss: 0.8311, Metric: r2, Train: 0.6573, Val: 0.1055, best Val: 0.1747, Test: 0.5038
Training on 5109 samples...
Train epoch: 59 [0/5109 (0%)]	Loss: 0.815543
Make prediction for 5109 samples...
Make prediction for 833 samples...
Make prediction for 695 samples...
EarlyStopping counter: 14 out of 30
Epoch: 058, Train Loss: 0.7971, Metric: r2, Train: 0.6724, Val: 0.1439, best Val: 0.1747, Test: 0.5058
Training on 5109 samples...
Train epoch: 60 [0/5109 (0%)]	Loss: 0.801470
Make prediction for 5109 samples...
Make prediction for 833 samples...
Make prediction for 695 samples...
EarlyStopping counter: 15 out of 30
Epoch: 059, Train Loss: 0.7774, Metric: r2, Train: 0.6067, Val: -0.3094, best Val: 0.1747, Test: 0.3368
Training on 5109 samples...
Train epoch: 61 [0/5109 (0%)]	Loss: 0.829491
Make prediction for 5109 samples...
Make prediction for 833 samples...
Make prediction for 695 samples...
EarlyStopping counter: 16 out of 30
Epoch: 060, Train Loss: 0.7748, Metric: r2, Train: 0.6808, Val: 0.0919, best Val: 0.1747, Test: 0.5151
Training on 5109 samples...
Train epoch: 62 [0/5109 (0%)]	Loss: 0.813486
Make prediction for 5109 samples...
Make prediction for 833 samples...
Make prediction for 695 samples...
EarlyStopping counter: 17 out of 30
Epoch: 061, Train Loss: 0.7765, Metric: r2, Train: 0.6952, Val: 0.1138, best Val: 0.1747, Test: 0.5071
Training on 5109 samples...
Train epoch: 63 [0/5109 (0%)]	Loss: 0.754367
Make prediction for 5109 samples...
Make prediction for 833 samples...
Make prediction for 695 samples...
EarlyStopping counter: 18 out of 30
Epoch: 062, Train Loss: 0.7694, Metric: r2, Train: 0.6992, Val: 0.1678, best Val: 0.1747, Test: 0.4483
Training on 5109 samples...
Train epoch: 64 [0/5109 (0%)]	Loss: 0.726139
Make prediction for 5109 samples...
Make prediction for 833 samples...
Make prediction for 695 samples...
EarlyStopping counter: 19 out of 30
Epoch: 063, Train Loss: 0.7728, Metric: r2, Train: 0.6697, Val: 0.0939, best Val: 0.1747, Test: 0.4375
Training on 5109 samples...
Train epoch: 65 [0/5109 (0%)]	Loss: 0.736865
Make prediction for 5109 samples...
Make prediction for 833 samples...
Make prediction for 695 samples...
EarlyStopping counter: 20 out of 30
Epoch: 064, Train Loss: 0.7679, Metric: r2, Train: 0.6902, Val: 0.0970, best Val: 0.1747, Test: 0.5316
Training on 5109 samples...
Train epoch: 66 [0/5109 (0%)]	Loss: 0.763111
Make prediction for 5109 samples...
Make prediction for 833 samples...
Make prediction for 695 samples...
EarlyStopping counter: 21 out of 30
Epoch: 065, Train Loss: 0.7652, Metric: r2, Train: 0.6988, Val: 0.1249, best Val: 0.1747, Test: 0.5512
Training on 5109 samples...
Train epoch: 67 [0/5109 (0%)]	Loss: 0.744946
Make prediction for 5109 samples...
Make prediction for 833 samples...
Make prediction for 695 samples...
EarlyStopping counter: 22 out of 30
Epoch: 066, Train Loss: 0.7567, Metric: r2, Train: 0.6903, Val: 0.0594, best Val: 0.1747, Test: 0.4248
Training on 5109 samples...
Train epoch: 68 [0/5109 (0%)]	Loss: 0.726822
Make prediction for 5109 samples...
Make prediction for 833 samples...
Make prediction for 695 samples...
EarlyStopping counter: 23 out of 30
Epoch: 067, Train Loss: 0.7461, Metric: r2, Train: 0.7061, Val: 0.0929, best Val: 0.1747, Test: 0.5633
Training on 5109 samples...
Train epoch: 69 [0/5109 (0%)]	Loss: 0.815245
Make prediction for 5109 samples...
Make prediction for 833 samples...
Make prediction for 695 samples...
EarlyStopping counter: 24 out of 30
Epoch: 068, Train Loss: 0.7421, Metric: r2, Train: 0.7119, Val: 0.1580, best Val: 0.1747, Test: 0.5810
Training on 5109 samples...
Train epoch: 70 [0/5109 (0%)]	Loss: 0.774937
Make prediction for 5109 samples...
Make prediction for 833 samples...
Make prediction for 695 samples...
EarlyStopping counter: 25 out of 30
Epoch: 069, Train Loss: 0.7399, Metric: r2, Train: 0.7184, Val: 0.1629, best Val: 0.1747, Test: 0.5290
Training on 5109 samples...
Train epoch: 71 [0/5109 (0%)]	Loss: 0.710500
Make prediction for 5109 samples...
Make prediction for 833 samples...
Make prediction for 695 samples...
EarlyStopping counter: 26 out of 30
Epoch: 070, Train Loss: 0.7318, Metric: r2, Train: 0.6889, Val: 0.0502, best Val: 0.1747, Test: 0.5099
Training on 5109 samples...
Train epoch: 72 [0/5109 (0%)]	Loss: 0.696442
Make prediction for 5109 samples...
Make prediction for 833 samples...
Make prediction for 695 samples...
EarlyStopping counter: 27 out of 30
Epoch: 071, Train Loss: 0.7425, Metric: r2, Train: 0.7069, Val: 0.1424, best Val: 0.1747, Test: 0.4704
Training on 5109 samples...
Train epoch: 73 [0/5109 (0%)]	Loss: 0.721034
Make prediction for 5109 samples...
Make prediction for 833 samples...
Make prediction for 695 samples...
EarlyStopping counter: 28 out of 30
Epoch: 072, Train Loss: 0.7291, Metric: r2, Train: 0.7090, Val: 0.0126, best Val: 0.1747, Test: 0.4521
Training on 5109 samples...
Train epoch: 74 [0/5109 (0%)]	Loss: 0.674784
Make prediction for 5109 samples...
Make prediction for 833 samples...
Make prediction for 695 samples...
EarlyStopping counter: 29 out of 30
Epoch: 073, Train Loss: 0.7183, Metric: r2, Train: 0.7137, Val: -0.2299, best Val: 0.1747, Test: 0.5388
Training on 5109 samples...
Train epoch: 75 [0/5109 (0%)]	Loss: 0.736051
Make prediction for 5109 samples...
Make prediction for 833 samples...
Make prediction for 695 samples...
EarlyStopping counter: 30 out of 30
Epoch: 074, Train Loss: 0.7255, Metric: r2, Train: 0.7161, Val: 0.1535, best Val: 0.1747, Test: 0.5564
out of patience!
******PAMPA1_Perimeter_2064, 2th_time_result******
train_result: 0.6032
val_result: 0.1747
test_result: 0.4091
Current seed: 2044
Pre-processed data found: data/processed/PAMPA1_Perimeter_2064/PAMPA1_Perimeter_2064_train.pt, loading ...
Pre-processed data found: data/processed/PAMPA1_Perimeter_2064/PAMPA1_Perimeter_2064_valid.pt, loading ...
Pre-processed data found: data/processed/PAMPA1_Perimeter_2064/PAMPA1_Perimeter_2064_test.pt, loading ...
trainset mean:-5.630000114440918 std:0.9800000190734863
Training on 5109 samples...
Train epoch: 1 [0/5109 (0%)]	Loss: 1.501400
Make prediction for 5109 samples...
Make prediction for 833 samples...
Make prediction for 695 samples...
Make prediction for 695 samples...
Epoch: 000, Train Loss: 1.3450, Metric: r2, Train: -0.0131, Val: -0.0461, best Val: -0.0461, Test: -0.0590
Training on 5109 samples...
Train epoch: 2 [0/5109 (0%)]	Loss: 1.255232
Make prediction for 5109 samples...
Make prediction for 833 samples...
Make prediction for 695 samples...
Make prediction for 695 samples...
Epoch: 001, Train Loss: 1.2922, Metric: r2, Train: 0.0837, Val: 0.0356, best Val: 0.0356, Test: 0.0074
Training on 5109 samples...
Train epoch: 3 [0/5109 (0%)]	Loss: 1.127819
Make prediction for 5109 samples...
Make prediction for 833 samples...
Make prediction for 695 samples...
EarlyStopping counter: 1 out of 30
Epoch: 002, Train Loss: 1.2327, Metric: r2, Train: 0.1111, Val: -0.3450, best Val: 0.0356, Test: -0.0000
Training on 5109 samples...
Train epoch: 4 [0/5109 (0%)]	Loss: 1.197886
Make prediction for 5109 samples...
Make prediction for 833 samples...
Make prediction for 695 samples...
EarlyStopping counter: 2 out of 30
Epoch: 003, Train Loss: 1.2157, Metric: r2, Train: 0.1621, Val: -0.2350, best Val: 0.0356, Test: 0.0393
Training on 5109 samples...
Train epoch: 5 [0/5109 (0%)]	Loss: 1.099138
Make prediction for 5109 samples...
Make prediction for 833 samples...
Make prediction for 695 samples...
EarlyStopping counter: 3 out of 30
Epoch: 004, Train Loss: 1.1765, Metric: r2, Train: 0.2415, Val: -0.2002, best Val: 0.0356, Test: 0.2225
Training on 5109 samples...
Train epoch: 6 [0/5109 (0%)]	Loss: 1.190534
Make prediction for 5109 samples...
Make prediction for 833 samples...
Make prediction for 695 samples...
EarlyStopping counter: 4 out of 30
Epoch: 005, Train Loss: 1.1474, Metric: r2, Train: 0.2808, Val: -0.5249, best Val: 0.0356, Test: 0.3234
Training on 5109 samples...
Train epoch: 7 [0/5109 (0%)]	Loss: 1.157985
Make prediction for 5109 samples...
Make prediction for 833 samples...
Make prediction for 695 samples...
EarlyStopping counter: 5 out of 30
Epoch: 006, Train Loss: 1.1311, Metric: r2, Train: 0.2639, Val: -0.7540, best Val: 0.0356, Test: 0.2340
Training on 5109 samples...
Train epoch: 8 [0/5109 (0%)]	Loss: 1.142683
Make prediction for 5109 samples...
Make prediction for 833 samples...
Make prediction for 695 samples...
EarlyStopping counter: 6 out of 30
Epoch: 007, Train Loss: 1.1266, Metric: r2, Train: 0.3029, Val: -0.3018, best Val: 0.0356, Test: 0.2613
Training on 5109 samples...
Train epoch: 9 [0/5109 (0%)]	Loss: 1.221334
Make prediction for 5109 samples...
Make prediction for 833 samples...
Make prediction for 695 samples...
EarlyStopping counter: 7 out of 30
Epoch: 008, Train Loss: 1.1358, Metric: r2, Train: 0.2711, Val: -0.4131, best Val: 0.0356, Test: 0.2146
Training on 5109 samples...
Train epoch: 10 [0/5109 (0%)]	Loss: 1.103863
Make prediction for 5109 samples...
Make prediction for 833 samples...
Make prediction for 695 samples...
Make prediction for 695 samples...
Epoch: 009, Train Loss: 1.1140, Metric: r2, Train: 0.2903, Val: 0.0831, best Val: 0.0831, Test: 0.3053
Training on 5109 samples...
Train epoch: 11 [0/5109 (0%)]	Loss: 1.088169
Make prediction for 5109 samples...
Make prediction for 833 samples...
Make prediction for 695 samples...
EarlyStopping counter: 1 out of 30
Epoch: 010, Train Loss: 1.1010, Metric: r2, Train: 0.3349, Val: -0.4495, best Val: 0.0831, Test: 0.2526
Training on 5109 samples...
Train epoch: 12 [0/5109 (0%)]	Loss: 1.157515
Make prediction for 5109 samples...
Make prediction for 833 samples...
Make prediction for 695 samples...
Make prediction for 695 samples...
Epoch: 011, Train Loss: 1.0834, Metric: r2, Train: 0.2786, Val: 0.0840, best Val: 0.0840, Test: 0.3093
Training on 5109 samples...
Train epoch: 13 [0/5109 (0%)]	Loss: 1.011564
Make prediction for 5109 samples...
Make prediction for 833 samples...
Make prediction for 695 samples...
EarlyStopping counter: 1 out of 30
Epoch: 012, Train Loss: 1.0827, Metric: r2, Train: 0.3632, Val: 0.0342, best Val: 0.0840, Test: 0.3665
Training on 5109 samples...
Train epoch: 14 [0/5109 (0%)]	Loss: 1.108267
Make prediction for 5109 samples...
Make prediction for 833 samples...
Make prediction for 695 samples...
Make prediction for 695 samples...
Epoch: 013, Train Loss: 1.0611, Metric: r2, Train: 0.3668, Val: 0.1224, best Val: 0.1224, Test: 0.3711
Training on 5109 samples...
Train epoch: 15 [0/5109 (0%)]	Loss: 1.068361
Make prediction for 5109 samples...
Make prediction for 833 samples...
Make prediction for 695 samples...
EarlyStopping counter: 1 out of 30
Epoch: 014, Train Loss: 1.0590, Metric: r2, Train: 0.3319, Val: 0.0790, best Val: 0.1224, Test: 0.2977
Training on 5109 samples...
Train epoch: 16 [0/5109 (0%)]	Loss: 1.125081
Make prediction for 5109 samples...
Make prediction for 833 samples...
Make prediction for 695 samples...
Make prediction for 695 samples...
Epoch: 015, Train Loss: 1.0521, Metric: r2, Train: 0.3825, Val: 0.1337, best Val: 0.1337, Test: 0.3807
Training on 5109 samples...
Train epoch: 17 [0/5109 (0%)]	Loss: 0.995932
Make prediction for 5109 samples...
Make prediction for 833 samples...
Make prediction for 695 samples...
EarlyStopping counter: 1 out of 30
Epoch: 016, Train Loss: 1.0414, Metric: r2, Train: 0.4113, Val: 0.1233, best Val: 0.1337, Test: 0.3807
Training on 5109 samples...
Train epoch: 18 [0/5109 (0%)]	Loss: 0.941758
Make prediction for 5109 samples...
Make prediction for 833 samples...
Make prediction for 695 samples...
EarlyStopping counter: 2 out of 30
Epoch: 017, Train Loss: 1.0159, Metric: r2, Train: 0.4628, Val: 0.1125, best Val: 0.1337, Test: 0.3655
Training on 5109 samples...
Train epoch: 19 [0/5109 (0%)]	Loss: 1.047866
Make prediction for 5109 samples...
Make prediction for 833 samples...
Make prediction for 695 samples...
EarlyStopping counter: 3 out of 30
Epoch: 018, Train Loss: 1.0089, Metric: r2, Train: 0.4754, Val: 0.1250, best Val: 0.1337, Test: 0.3379
Training on 5109 samples...
Train epoch: 20 [0/5109 (0%)]	Loss: 0.983740
Make prediction for 5109 samples...
Make prediction for 833 samples...
Make prediction for 695 samples...
EarlyStopping counter: 4 out of 30
Epoch: 019, Train Loss: 0.9936, Metric: r2, Train: 0.5034, Val: 0.0940, best Val: 0.1337, Test: 0.4799
Training on 5109 samples...
Train epoch: 21 [0/5109 (0%)]	Loss: 0.988246
Make prediction for 5109 samples...
Make prediction for 833 samples...
Make prediction for 695 samples...
EarlyStopping counter: 5 out of 30
Epoch: 020, Train Loss: 1.0061, Metric: r2, Train: 0.4842, Val: 0.1016, best Val: 0.1337, Test: 0.4217
Training on 5109 samples...
Train epoch: 22 [0/5109 (0%)]	Loss: 0.948190
Make prediction for 5109 samples...
Make prediction for 833 samples...
Make prediction for 695 samples...
EarlyStopping counter: 6 out of 30
Epoch: 021, Train Loss: 0.9784, Metric: r2, Train: 0.4954, Val: -0.0399, best Val: 0.1337, Test: 0.2378
Training on 5109 samples...
Train epoch: 23 [0/5109 (0%)]	Loss: 0.958652
Make prediction for 5109 samples...
Make prediction for 833 samples...
Make prediction for 695 samples...
EarlyStopping counter: 7 out of 30
Epoch: 022, Train Loss: 0.9748, Metric: r2, Train: 0.5247, Val: -0.0361, best Val: 0.1337, Test: 0.3699
Training on 5109 samples...
Train epoch: 24 [0/5109 (0%)]	Loss: 0.952878
Make prediction for 5109 samples...
Make prediction for 833 samples...
Make prediction for 695 samples...
EarlyStopping counter: 8 out of 30
Epoch: 023, Train Loss: 0.9741, Metric: r2, Train: 0.5004, Val: 0.1260, best Val: 0.1337, Test: 0.2982
Training on 5109 samples...
Train epoch: 25 [0/5109 (0%)]	Loss: 0.928339
Make prediction for 5109 samples...
Make prediction for 833 samples...
Make prediction for 695 samples...
EarlyStopping counter: 9 out of 30
Epoch: 024, Train Loss: 0.9760, Metric: r2, Train: 0.5392, Val: 0.0538, best Val: 0.1337, Test: 0.2951
Training on 5109 samples...
Train epoch: 26 [0/5109 (0%)]	Loss: 0.890391
Make prediction for 5109 samples...
Make prediction for 833 samples...
Make prediction for 695 samples...
EarlyStopping counter: 10 out of 30
Epoch: 025, Train Loss: 0.9444, Metric: r2, Train: 0.5248, Val: -0.0459, best Val: 0.1337, Test: 0.4058
Training on 5109 samples...
Train epoch: 27 [0/5109 (0%)]	Loss: 1.029351
Make prediction for 5109 samples...
Make prediction for 833 samples...
Make prediction for 695 samples...
Make prediction for 695 samples...
Epoch: 026, Train Loss: 0.9482, Metric: r2, Train: 0.5383, Val: 0.1436, best Val: 0.1436, Test: 0.4151
Training on 5109 samples...
Train epoch: 28 [0/5109 (0%)]	Loss: 0.967906
Make prediction for 5109 samples...
Make prediction for 833 samples...
Make prediction for 695 samples...
EarlyStopping counter: 1 out of 30
Epoch: 027, Train Loss: 0.9417, Metric: r2, Train: 0.5601, Val: 0.0424, best Val: 0.1436, Test: 0.3180
Training on 5109 samples...
Train epoch: 29 [0/5109 (0%)]	Loss: 0.843335
Make prediction for 5109 samples...
Make prediction for 833 samples...
Make prediction for 695 samples...
EarlyStopping counter: 2 out of 30
Epoch: 028, Train Loss: 0.9243, Metric: r2, Train: 0.5821, Val: -0.1251, best Val: 0.1436, Test: 0.3776
Training on 5109 samples...
Train epoch: 30 [0/5109 (0%)]	Loss: 0.871189
Make prediction for 5109 samples...
Make prediction for 833 samples...
Make prediction for 695 samples...
EarlyStopping counter: 3 out of 30
Epoch: 029, Train Loss: 0.9097, Metric: r2, Train: 0.5644, Val: -0.5456, best Val: 0.1436, Test: 0.2283
Training on 5109 samples...
Train epoch: 31 [0/5109 (0%)]	Loss: 0.974919
Make prediction for 5109 samples...
Make prediction for 833 samples...
Make prediction for 695 samples...
EarlyStopping counter: 4 out of 30
Epoch: 030, Train Loss: 0.9162, Metric: r2, Train: 0.5847, Val: -0.0760, best Val: 0.1436, Test: 0.3259
Training on 5109 samples...
Train epoch: 32 [0/5109 (0%)]	Loss: 0.866278
Make prediction for 5109 samples...
Make prediction for 833 samples...
Make prediction for 695 samples...
EarlyStopping counter: 5 out of 30
Epoch: 031, Train Loss: 0.9109, Metric: r2, Train: 0.5768, Val: -0.1501, best Val: 0.1436, Test: 0.4345
Training on 5109 samples...
Train epoch: 33 [0/5109 (0%)]	Loss: 0.894684
Make prediction for 5109 samples...
Make prediction for 833 samples...
Make prediction for 695 samples...
EarlyStopping counter: 6 out of 30
Epoch: 032, Train Loss: 0.9148, Metric: r2, Train: 0.5371, Val: 0.0882, best Val: 0.1436, Test: 0.2780
Training on 5109 samples...
Train epoch: 34 [0/5109 (0%)]	Loss: 0.900155
Make prediction for 5109 samples...
Make prediction for 833 samples...
Make prediction for 695 samples...
EarlyStopping counter: 7 out of 30
Epoch: 033, Train Loss: 0.9114, Metric: r2, Train: 0.6080, Val: 0.0308, best Val: 0.1436, Test: 0.3290
Training on 5109 samples...
Train epoch: 35 [0/5109 (0%)]	Loss: 0.847704
Make prediction for 5109 samples...
Make prediction for 833 samples...
Make prediction for 695 samples...
EarlyStopping counter: 8 out of 30
Epoch: 034, Train Loss: 0.8945, Metric: r2, Train: 0.6084, Val: 0.1054, best Val: 0.1436, Test: 0.4524
Training on 5109 samples...
Train epoch: 36 [0/5109 (0%)]	Loss: 0.878697
Make prediction for 5109 samples...
Make prediction for 833 samples...
Make prediction for 695 samples...
EarlyStopping counter: 9 out of 30
Epoch: 035, Train Loss: 0.8937, Metric: r2, Train: 0.5923, Val: 0.0113, best Val: 0.1436, Test: 0.2725
Training on 5109 samples...
Train epoch: 37 [0/5109 (0%)]	Loss: 0.944613
Make prediction for 5109 samples...
Make prediction for 833 samples...
Make prediction for 695 samples...
Make prediction for 695 samples...
Epoch: 036, Train Loss: 0.9046, Metric: r2, Train: 0.6231, Val: 0.1511, best Val: 0.1511, Test: 0.4125
Training on 5109 samples...
Train epoch: 38 [0/5109 (0%)]	Loss: 0.879810
Make prediction for 5109 samples...
Make prediction for 833 samples...
Make prediction for 695 samples...
EarlyStopping counter: 1 out of 30
Epoch: 037, Train Loss: 0.9031, Metric: r2, Train: 0.6014, Val: 0.0304, best Val: 0.1511, Test: 0.4083
Training on 5109 samples...
Train epoch: 39 [0/5109 (0%)]	Loss: 0.910135
Make prediction for 5109 samples...
Make prediction for 833 samples...
Make prediction for 695 samples...
EarlyStopping counter: 2 out of 30
Epoch: 038, Train Loss: 0.8975, Metric: r2, Train: 0.6323, Val: -0.1297, best Val: 0.1511, Test: 0.3644
Training on 5109 samples...
Train epoch: 40 [0/5109 (0%)]	Loss: 0.869187
Make prediction for 5109 samples...
Make prediction for 833 samples...
Make prediction for 695 samples...
EarlyStopping counter: 3 out of 30
Epoch: 039, Train Loss: 0.8787, Metric: r2, Train: 0.6476, Val: -0.1455, best Val: 0.1511, Test: 0.3863
Training on 5109 samples...
Train epoch: 41 [0/5109 (0%)]	Loss: 0.828283
Make prediction for 5109 samples...
Make prediction for 833 samples...
Make prediction for 695 samples...
EarlyStopping counter: 4 out of 30
Epoch: 040, Train Loss: 0.8565, Metric: r2, Train: 0.6036, Val: 0.0553, best Val: 0.1511, Test: 0.4072
Training on 5109 samples...
Train epoch: 42 [0/5109 (0%)]	Loss: 0.864365
Make prediction for 5109 samples...
Make prediction for 833 samples...
Make prediction for 695 samples...
EarlyStopping counter: 5 out of 30
Epoch: 041, Train Loss: 0.8713, Metric: r2, Train: 0.6472, Val: -0.1035, best Val: 0.1511, Test: 0.4276
Training on 5109 samples...
Train epoch: 43 [0/5109 (0%)]	Loss: 0.840547
Make prediction for 5109 samples...
Make prediction for 833 samples...
Make prediction for 695 samples...
EarlyStopping counter: 6 out of 30
Epoch: 042, Train Loss: 0.8710, Metric: r2, Train: 0.6523, Val: 0.0799, best Val: 0.1511, Test: 0.4427
Training on 5109 samples...
Train epoch: 44 [0/5109 (0%)]	Loss: 0.835434
Make prediction for 5109 samples...
Make prediction for 833 samples...
Make prediction for 695 samples...
EarlyStopping counter: 7 out of 30
Epoch: 043, Train Loss: 0.8846, Metric: r2, Train: 0.6198, Val: 0.0775, best Val: 0.1511, Test: 0.3385
Training on 5109 samples...
Train epoch: 45 [0/5109 (0%)]	Loss: 0.991099
Make prediction for 5109 samples...
Make prediction for 833 samples...
Make prediction for 695 samples...
EarlyStopping counter: 8 out of 30
Epoch: 044, Train Loss: 0.8718, Metric: r2, Train: 0.6393, Val: -0.0361, best Val: 0.1511, Test: 0.4113
Training on 5109 samples...
Train epoch: 46 [0/5109 (0%)]	Loss: 0.804319
Make prediction for 5109 samples...
Make prediction for 833 samples...
Make prediction for 695 samples...
EarlyStopping counter: 9 out of 30
Epoch: 045, Train Loss: 0.8403, Metric: r2, Train: 0.6520, Val: -0.0025, best Val: 0.1511, Test: 0.3824
Training on 5109 samples...
Train epoch: 47 [0/5109 (0%)]	Loss: 0.791887
Make prediction for 5109 samples...
Make prediction for 833 samples...
Make prediction for 695 samples...
EarlyStopping counter: 10 out of 30
Epoch: 046, Train Loss: 0.8410, Metric: r2, Train: 0.6575, Val: 0.1158, best Val: 0.1511, Test: 0.3727
Training on 5109 samples...
Train epoch: 48 [0/5109 (0%)]	Loss: 0.823857
Make prediction for 5109 samples...
Make prediction for 833 samples...
Make prediction for 695 samples...
EarlyStopping counter: 11 out of 30
Epoch: 047, Train Loss: 0.8223, Metric: r2, Train: 0.6521, Val: -0.1616, best Val: 0.1511, Test: 0.3945
Training on 5109 samples...
Train epoch: 49 [0/5109 (0%)]	Loss: 0.794430
Make prediction for 5109 samples...
Make prediction for 833 samples...
Make prediction for 695 samples...
EarlyStopping counter: 12 out of 30
Epoch: 048, Train Loss: 0.7997, Metric: r2, Train: 0.6406, Val: 0.1428, best Val: 0.1511, Test: 0.5260
Training on 5109 samples...
Train epoch: 50 [0/5109 (0%)]	Loss: 0.872710
Make prediction for 5109 samples...
Make prediction for 833 samples...
Make prediction for 695 samples...
Make prediction for 695 samples...
Epoch: 049, Train Loss: 0.8053, Metric: r2, Train: 0.6549, Val: 0.1647, best Val: 0.1647, Test: 0.3899
Training on 5109 samples...
Train epoch: 51 [0/5109 (0%)]	Loss: 0.792704
Make prediction for 5109 samples...
Make prediction for 833 samples...
Make prediction for 695 samples...
EarlyStopping counter: 1 out of 30
Epoch: 050, Train Loss: 0.7836, Metric: r2, Train: 0.6837, Val: -0.0501, best Val: 0.1647, Test: 0.4208
Training on 5109 samples...
Train epoch: 52 [0/5109 (0%)]	Loss: 0.798315
Make prediction for 5109 samples...
Make prediction for 833 samples...
Make prediction for 695 samples...
EarlyStopping counter: 2 out of 30
Epoch: 051, Train Loss: 0.7749, Metric: r2, Train: 0.6622, Val: -0.3518, best Val: 0.1647, Test: 0.3710
Training on 5109 samples...
Train epoch: 53 [0/5109 (0%)]	Loss: 0.750015
Make prediction for 5109 samples...
Make prediction for 833 samples...
Make prediction for 695 samples...
EarlyStopping counter: 3 out of 30
Epoch: 052, Train Loss: 0.7841, Metric: r2, Train: 0.6833, Val: -0.1823, best Val: 0.1647, Test: 0.4027
Training on 5109 samples...
Train epoch: 54 [0/5109 (0%)]	Loss: 0.715255
Make prediction for 5109 samples...
Make prediction for 833 samples...
Make prediction for 695 samples...
EarlyStopping counter: 4 out of 30
Epoch: 053, Train Loss: 0.7771, Metric: r2, Train: 0.6516, Val: 0.1563, best Val: 0.1647, Test: 0.4103
Training on 5109 samples...
Train epoch: 55 [0/5109 (0%)]	Loss: 0.770660
Make prediction for 5109 samples...
Make prediction for 833 samples...
Make prediction for 695 samples...
EarlyStopping counter: 5 out of 30
Epoch: 054, Train Loss: 0.7600, Metric: r2, Train: 0.6879, Val: 0.1241, best Val: 0.1647, Test: 0.5603
Training on 5109 samples...
Train epoch: 56 [0/5109 (0%)]	Loss: 0.778801
Make prediction for 5109 samples...
Make prediction for 833 samples...
Make prediction for 695 samples...
EarlyStopping counter: 6 out of 30
Epoch: 055, Train Loss: 0.7642, Metric: r2, Train: 0.6700, Val: 0.0689, best Val: 0.1647, Test: 0.4428
Training on 5109 samples...
Train epoch: 57 [0/5109 (0%)]	Loss: 0.740703
Make prediction for 5109 samples...
Make prediction for 833 samples...
Make prediction for 695 samples...
EarlyStopping counter: 7 out of 30
Epoch: 056, Train Loss: 0.7560, Metric: r2, Train: 0.6565, Val: 0.1534, best Val: 0.1647, Test: 0.4519
Training on 5109 samples...
Train epoch: 58 [0/5109 (0%)]	Loss: 0.839320
Make prediction for 5109 samples...
Make prediction for 833 samples...
Make prediction for 695 samples...
EarlyStopping counter: 8 out of 30
Epoch: 057, Train Loss: 0.7507, Metric: r2, Train: 0.6957, Val: 0.0851, best Val: 0.1647, Test: 0.4329
Training on 5109 samples...
Train epoch: 59 [0/5109 (0%)]	Loss: 0.767413
Make prediction for 5109 samples...
Make prediction for 833 samples...
Make prediction for 695 samples...
EarlyStopping counter: 9 out of 30
Epoch: 058, Train Loss: 0.7536, Metric: r2, Train: 0.6888, Val: 0.0722, best Val: 0.1647, Test: 0.4494
Training on 5109 samples...
Train epoch: 60 [0/5109 (0%)]	Loss: 0.715396
Make prediction for 5109 samples...
Make prediction for 833 samples...
Make prediction for 695 samples...
EarlyStopping counter: 10 out of 30
Epoch: 059, Train Loss: 0.7461, Metric: r2, Train: 0.7032, Val: -0.0553, best Val: 0.1647, Test: 0.4226
Training on 5109 samples...
Train epoch: 61 [0/5109 (0%)]	Loss: 0.789909
Make prediction for 5109 samples...
Make prediction for 833 samples...
Make prediction for 695 samples...
EarlyStopping counter: 11 out of 30
Epoch: 060, Train Loss: 0.7459, Metric: r2, Train: 0.6966, Val: 0.1235, best Val: 0.1647, Test: 0.4855
Training on 5109 samples...
Train epoch: 62 [0/5109 (0%)]	Loss: 0.700107
Make prediction for 5109 samples...
Make prediction for 833 samples...
Make prediction for 695 samples...
EarlyStopping counter: 12 out of 30
Epoch: 061, Train Loss: 0.7392, Metric: r2, Train: 0.7141, Val: 0.1215, best Val: 0.1647, Test: 0.4621
Training on 5109 samples...
Train epoch: 63 [0/5109 (0%)]	Loss: 0.757781
Make prediction for 5109 samples...
Make prediction for 833 samples...
Make prediction for 695 samples...
EarlyStopping counter: 13 out of 30
Epoch: 062, Train Loss: 0.7352, Metric: r2, Train: 0.7033, Val: 0.1423, best Val: 0.1647, Test: 0.4586
Training on 5109 samples...
Train epoch: 64 [0/5109 (0%)]	Loss: 0.726405
Make prediction for 5109 samples...
Make prediction for 833 samples...
Make prediction for 695 samples...
EarlyStopping counter: 14 out of 30
Epoch: 063, Train Loss: 0.7275, Metric: r2, Train: 0.7056, Val: 0.1504, best Val: 0.1647, Test: 0.4281
Training on 5109 samples...
Train epoch: 65 [0/5109 (0%)]	Loss: 0.696417
Make prediction for 5109 samples...
Make prediction for 833 samples...
Make prediction for 695 samples...
EarlyStopping counter: 15 out of 30
Epoch: 064, Train Loss: 0.7193, Metric: r2, Train: 0.7215, Val: 0.1450, best Val: 0.1647, Test: 0.5068
Training on 5109 samples...
Train epoch: 66 [0/5109 (0%)]	Loss: 0.723255
Make prediction for 5109 samples...
Make prediction for 833 samples...
Make prediction for 695 samples...
EarlyStopping counter: 16 out of 30
Epoch: 065, Train Loss: 0.7285, Metric: r2, Train: 0.6296, Val: -0.1425, best Val: 0.1647, Test: 0.3031
Training on 5109 samples...
Train epoch: 67 [0/5109 (0%)]	Loss: 0.735150
Make prediction for 5109 samples...
Make prediction for 833 samples...
Make prediction for 695 samples...
EarlyStopping counter: 17 out of 30
Epoch: 066, Train Loss: 0.7366, Metric: r2, Train: 0.7146, Val: -0.0082, best Val: 0.1647, Test: 0.4335
Training on 5109 samples...
Train epoch: 68 [0/5109 (0%)]	Loss: 0.701657
Make prediction for 5109 samples...
Make prediction for 833 samples...
Make prediction for 695 samples...
EarlyStopping counter: 18 out of 30
Epoch: 067, Train Loss: 0.7245, Metric: r2, Train: 0.7152, Val: 0.1320, best Val: 0.1647, Test: 0.4874
Training on 5109 samples...
Train epoch: 69 [0/5109 (0%)]	Loss: 0.678702
Make prediction for 5109 samples...
Make prediction for 833 samples...
Make prediction for 695 samples...
EarlyStopping counter: 19 out of 30
Epoch: 068, Train Loss: 0.7267, Metric: r2, Train: 0.6928, Val: -0.1161, best Val: 0.1647, Test: 0.4344
Training on 5109 samples...
Train epoch: 70 [0/5109 (0%)]	Loss: 0.711373
Make prediction for 5109 samples...
Make prediction for 833 samples...
Make prediction for 695 samples...
EarlyStopping counter: 20 out of 30
Epoch: 069, Train Loss: 0.7289, Metric: r2, Train: 0.6993, Val: 0.1317, best Val: 0.1647, Test: 0.4121
Training on 5109 samples...
Train epoch: 71 [0/5109 (0%)]	Loss: 0.687920
Make prediction for 5109 samples...
Make prediction for 833 samples...
Make prediction for 695 samples...
EarlyStopping counter: 21 out of 30
Epoch: 070, Train Loss: 0.7160, Metric: r2, Train: 0.7063, Val: -0.2532, best Val: 0.1647, Test: 0.5413
Training on 5109 samples...
Train epoch: 72 [0/5109 (0%)]	Loss: 0.744860
Make prediction for 5109 samples...
Make prediction for 833 samples...
Make prediction for 695 samples...
Make prediction for 695 samples...
Epoch: 071, Train Loss: 0.7180, Metric: r2, Train: 0.7135, Val: 0.1818, best Val: 0.1818, Test: 0.4307
Training on 5109 samples...
Train epoch: 73 [0/5109 (0%)]	Loss: 0.710517
Make prediction for 5109 samples...
Make prediction for 833 samples...
Make prediction for 695 samples...
EarlyStopping counter: 1 out of 30
Epoch: 072, Train Loss: 0.7166, Metric: r2, Train: 0.7087, Val: -0.0531, best Val: 0.1818, Test: 0.4279
Training on 5109 samples...
Train epoch: 74 [0/5109 (0%)]	Loss: 0.665893
Make prediction for 5109 samples...
Make prediction for 833 samples...
Make prediction for 695 samples...
EarlyStopping counter: 2 out of 30
Epoch: 073, Train Loss: 0.7045, Metric: r2, Train: 0.7288, Val: 0.0860, best Val: 0.1818, Test: 0.4601
Training on 5109 samples...
Train epoch: 75 [0/5109 (0%)]	Loss: 0.661681
Make prediction for 5109 samples...
Make prediction for 833 samples...
Make prediction for 695 samples...
EarlyStopping counter: 3 out of 30
Epoch: 074, Train Loss: 0.6981, Metric: r2, Train: 0.7296, Val: 0.1777, best Val: 0.1818, Test: 0.5174
Training on 5109 samples...
Train epoch: 76 [0/5109 (0%)]	Loss: 0.708072
Make prediction for 5109 samples...
Make prediction for 833 samples...
Make prediction for 695 samples...
EarlyStopping counter: 4 out of 30
Epoch: 075, Train Loss: 0.6908, Metric: r2, Train: 0.7319, Val: 0.0617, best Val: 0.1818, Test: 0.4939
Training on 5109 samples...
Train epoch: 77 [0/5109 (0%)]	Loss: 0.639555
Make prediction for 5109 samples...
Make prediction for 833 samples...
Make prediction for 695 samples...
EarlyStopping counter: 5 out of 30
Epoch: 076, Train Loss: 0.6848, Metric: r2, Train: 0.7294, Val: 0.1168, best Val: 0.1818, Test: 0.5454
Training on 5109 samples...
Train epoch: 78 [0/5109 (0%)]	Loss: 0.707217
Make prediction for 5109 samples...
Make prediction for 833 samples...
Make prediction for 695 samples...
EarlyStopping counter: 6 out of 30
Epoch: 077, Train Loss: 0.7041, Metric: r2, Train: 0.7253, Val: 0.1369, best Val: 0.1818, Test: 0.4175
Training on 5109 samples...
Train epoch: 79 [0/5109 (0%)]	Loss: 0.705244
Make prediction for 5109 samples...
Make prediction for 833 samples...
Make prediction for 695 samples...
EarlyStopping counter: 7 out of 30
Epoch: 078, Train Loss: 0.6910, Metric: r2, Train: 0.7172, Val: 0.1080, best Val: 0.1818, Test: 0.4192
Training on 5109 samples...
Train epoch: 80 [0/5109 (0%)]	Loss: 0.643801
Make prediction for 5109 samples...
Make prediction for 833 samples...
Make prediction for 695 samples...
EarlyStopping counter: 8 out of 30
Epoch: 079, Train Loss: 0.6839, Metric: r2, Train: 0.6832, Val: -0.0298, best Val: 0.1818, Test: 0.5374
Training on 5109 samples...
Train epoch: 81 [0/5109 (0%)]	Loss: 0.698547
Make prediction for 5109 samples...
Make prediction for 833 samples...
Make prediction for 695 samples...
EarlyStopping counter: 9 out of 30
Epoch: 080, Train Loss: 0.6895, Metric: r2, Train: 0.7315, Val: -0.1733, best Val: 0.1818, Test: 0.5584
Training on 5109 samples...
Train epoch: 82 [0/5109 (0%)]	Loss: 0.649827
Make prediction for 5109 samples...
Make prediction for 833 samples...
Make prediction for 695 samples...
EarlyStopping counter: 10 out of 30
Epoch: 081, Train Loss: 0.6866, Metric: r2, Train: 0.7329, Val: 0.0756, best Val: 0.1818, Test: 0.5163
Training on 5109 samples...
Train epoch: 83 [0/5109 (0%)]	Loss: 0.666316
Make prediction for 5109 samples...
Make prediction for 833 samples...
Make prediction for 695 samples...
EarlyStopping counter: 11 out of 30
Epoch: 082, Train Loss: 0.6748, Metric: r2, Train: 0.7325, Val: 0.1065, best Val: 0.1818, Test: 0.4698
Training on 5109 samples...
Train epoch: 84 [0/5109 (0%)]	Loss: 0.659352
Make prediction for 5109 samples...
Make prediction for 833 samples...
Make prediction for 695 samples...
EarlyStopping counter: 12 out of 30
Epoch: 083, Train Loss: 0.6742, Metric: r2, Train: 0.7396, Val: 0.1483, best Val: 0.1818, Test: 0.4834
Training on 5109 samples...
Train epoch: 85 [0/5109 (0%)]	Loss: 0.683252
Make prediction for 5109 samples...
Make prediction for 833 samples...
Make prediction for 695 samples...
EarlyStopping counter: 13 out of 30
Epoch: 084, Train Loss: 0.6738, Metric: r2, Train: 0.7459, Val: 0.0814, best Val: 0.1818, Test: 0.5452
Training on 5109 samples...
Train epoch: 86 [0/5109 (0%)]	Loss: 0.619669
Make prediction for 5109 samples...
Make prediction for 833 samples...
Make prediction for 695 samples...
EarlyStopping counter: 14 out of 30
Epoch: 085, Train Loss: 0.6665, Metric: r2, Train: 0.7441, Val: 0.1190, best Val: 0.1818, Test: 0.4698
Training on 5109 samples...
Train epoch: 87 [0/5109 (0%)]	Loss: 0.692345
Make prediction for 5109 samples...
Make prediction for 833 samples...
Make prediction for 695 samples...
EarlyStopping counter: 15 out of 30
Epoch: 086, Train Loss: 0.6821, Metric: r2, Train: 0.7286, Val: -0.0147, best Val: 0.1818, Test: 0.5213
Training on 5109 samples...
Train epoch: 88 [0/5109 (0%)]	Loss: 0.729894
Make prediction for 5109 samples...
Make prediction for 833 samples...
Make prediction for 695 samples...
EarlyStopping counter: 16 out of 30
Epoch: 087, Train Loss: 0.6751, Metric: r2, Train: 0.7513, Val: 0.1481, best Val: 0.1818, Test: 0.4384
Training on 5109 samples...
Train epoch: 89 [0/5109 (0%)]	Loss: 0.669064
Make prediction for 5109 samples...
Make prediction for 833 samples...
Make prediction for 695 samples...
EarlyStopping counter: 17 out of 30
Epoch: 088, Train Loss: 0.6619, Metric: r2, Train: 0.7417, Val: 0.1321, best Val: 0.1818, Test: 0.4550
Training on 5109 samples...
Train epoch: 90 [0/5109 (0%)]	Loss: 0.627767
Make prediction for 5109 samples...
Make prediction for 833 samples...
Make prediction for 695 samples...
EarlyStopping counter: 18 out of 30
Epoch: 089, Train Loss: 0.6697, Metric: r2, Train: 0.7316, Val: -0.0421, best Val: 0.1818, Test: 0.4586
Training on 5109 samples...
Train epoch: 91 [0/5109 (0%)]	Loss: 0.648713
Make prediction for 5109 samples...
Make prediction for 833 samples...
Make prediction for 695 samples...
EarlyStopping counter: 19 out of 30
Epoch: 090, Train Loss: 0.6822, Metric: r2, Train: 0.7439, Val: 0.1793, best Val: 0.1818, Test: 0.4785
Training on 5109 samples...
Train epoch: 92 [0/5109 (0%)]	Loss: 0.665279
Make prediction for 5109 samples...
Make prediction for 833 samples...
Make prediction for 695 samples...
EarlyStopping counter: 20 out of 30
Epoch: 091, Train Loss: 0.6662, Metric: r2, Train: 0.7513, Val: 0.0786, best Val: 0.1818, Test: 0.4582
Training on 5109 samples...
Train epoch: 93 [0/5109 (0%)]	Loss: 0.664722
Make prediction for 5109 samples...
Make prediction for 833 samples...
Make prediction for 695 samples...
EarlyStopping counter: 21 out of 30
Epoch: 092, Train Loss: 0.6581, Metric: r2, Train: 0.7494, Val: 0.0327, best Val: 0.1818, Test: 0.4350
Training on 5109 samples...
Train epoch: 94 [0/5109 (0%)]	Loss: 0.649801
Make prediction for 5109 samples...
Make prediction for 833 samples...
Make prediction for 695 samples...
EarlyStopping counter: 22 out of 30
Epoch: 093, Train Loss: 0.6543, Metric: r2, Train: 0.7434, Val: -0.0190, best Val: 0.1818, Test: 0.5115
Training on 5109 samples...
Train epoch: 95 [0/5109 (0%)]	Loss: 0.670825
Make prediction for 5109 samples...
Make prediction for 833 samples...
Make prediction for 695 samples...
EarlyStopping counter: 23 out of 30
Epoch: 094, Train Loss: 0.6635, Metric: r2, Train: 0.7527, Val: 0.0846, best Val: 0.1818, Test: 0.5256
Training on 5109 samples...
Train epoch: 96 [0/5109 (0%)]	Loss: 0.676202
Make prediction for 5109 samples...
Make prediction for 833 samples...
Make prediction for 695 samples...
EarlyStopping counter: 24 out of 30
Epoch: 095, Train Loss: 0.6584, Metric: r2, Train: 0.7482, Val: 0.1507, best Val: 0.1818, Test: 0.4919
Training on 5109 samples...
Train epoch: 97 [0/5109 (0%)]	Loss: 0.665111
Make prediction for 5109 samples...
Make prediction for 833 samples...
Make prediction for 695 samples...
EarlyStopping counter: 25 out of 30
Epoch: 096, Train Loss: 0.6638, Metric: r2, Train: 0.7568, Val: 0.1114, best Val: 0.1818, Test: 0.5039
Training on 5109 samples...
Train epoch: 98 [0/5109 (0%)]	Loss: 0.613382
Make prediction for 5109 samples...
Make prediction for 833 samples...
Make prediction for 695 samples...
EarlyStopping counter: 26 out of 30
Epoch: 097, Train Loss: 0.6543, Metric: r2, Train: 0.7594, Val: 0.1463, best Val: 0.1818, Test: 0.5226
Training on 5109 samples...
Train epoch: 99 [0/5109 (0%)]	Loss: 0.676371
Make prediction for 5109 samples...
Make prediction for 833 samples...
Make prediction for 695 samples...
EarlyStopping counter: 27 out of 30
Epoch: 098, Train Loss: 0.6494, Metric: r2, Train: 0.7541, Val: 0.0404, best Val: 0.1818, Test: 0.4483
Training on 5109 samples...
Train epoch: 100 [0/5109 (0%)]	Loss: 0.636011
Make prediction for 5109 samples...
Make prediction for 833 samples...
Make prediction for 695 samples...
EarlyStopping counter: 28 out of 30
Epoch: 099, Train Loss: 0.6470, Metric: r2, Train: 0.7673, Val: 0.0869, best Val: 0.1818, Test: 0.4931
Training on 5109 samples...
Train epoch: 101 [0/5109 (0%)]	Loss: 0.642640
Make prediction for 5109 samples...
Make prediction for 833 samples...
Make prediction for 695 samples...
EarlyStopping counter: 29 out of 30
Epoch: 100, Train Loss: 0.6495, Metric: r2, Train: 0.7523, Val: 0.1240, best Val: 0.1818, Test: 0.4783
Training on 5109 samples...
Train epoch: 102 [0/5109 (0%)]	Loss: 0.633711
Make prediction for 5109 samples...
Make prediction for 833 samples...
Make prediction for 695 samples...
EarlyStopping counter: 30 out of 30
Epoch: 101, Train Loss: 0.6497, Metric: r2, Train: 0.7295, Val: -0.7966, best Val: 0.1818, Test: 0.5377
out of patience!
******PAMPA1_Perimeter_2064, 3th_time_result******
train_result: 0.7135
val_result: 0.1818
test_result: 0.4307
Current seed: 2054
Pre-processed data found: data/processed/PAMPA1_Perimeter_2064/PAMPA1_Perimeter_2064_train.pt, loading ...
Pre-processed data found: data/processed/PAMPA1_Perimeter_2064/PAMPA1_Perimeter_2064_valid.pt, loading ...
Pre-processed data found: data/processed/PAMPA1_Perimeter_2064/PAMPA1_Perimeter_2064_test.pt, loading ...
trainset mean:-5.630000114440918 std:0.9800000190734863
Training on 5109 samples...
Train epoch: 1 [0/5109 (0%)]	Loss: 1.367728
Make prediction for 5109 samples...
Make prediction for 833 samples...
Make prediction for 695 samples...
Make prediction for 695 samples...
Epoch: 000, Train Loss: 1.3361, Metric: r2, Train: 0.0068, Val: -0.0005, best Val: -0.0005, Test: -0.0066
Training on 5109 samples...
Train epoch: 2 [0/5109 (0%)]	Loss: 1.261604
Make prediction for 5109 samples...
Make prediction for 833 samples...
Make prediction for 695 samples...
EarlyStopping counter: 1 out of 30
Epoch: 001, Train Loss: 1.2867, Metric: r2, Train: 0.0699, Val: -0.1988, best Val: -0.0005, Test: -0.0690
Training on 5109 samples...
Train epoch: 3 [0/5109 (0%)]	Loss: 1.187602
Make prediction for 5109 samples...
Make prediction for 833 samples...
Make prediction for 695 samples...
Make prediction for 695 samples...
Epoch: 002, Train Loss: 1.2259, Metric: r2, Train: 0.1739, Val: 0.0182, best Val: 0.0182, Test: 0.1020
Training on 5109 samples...
Train epoch: 4 [0/5109 (0%)]	Loss: 1.074389
Make prediction for 5109 samples...
Make prediction for 833 samples...
Make prediction for 695 samples...
EarlyStopping counter: 1 out of 30
Epoch: 003, Train Loss: 1.1777, Metric: r2, Train: 0.2064, Val: -0.2325, best Val: 0.0182, Test: 0.2160
Training on 5109 samples...
Train epoch: 5 [0/5109 (0%)]	Loss: 1.284870
Make prediction for 5109 samples...
Make prediction for 833 samples...
Make prediction for 695 samples...
Make prediction for 695 samples...
Epoch: 004, Train Loss: 1.1448, Metric: r2, Train: 0.2682, Val: 0.0555, best Val: 0.0555, Test: 0.2685
Training on 5109 samples...
Train epoch: 6 [0/5109 (0%)]	Loss: 1.151283
Make prediction for 5109 samples...
Make prediction for 833 samples...
Make prediction for 695 samples...
EarlyStopping counter: 1 out of 30
Epoch: 005, Train Loss: 1.1263, Metric: r2, Train: 0.2939, Val: -0.1009, best Val: 0.0555, Test: 0.3436
Training on 5109 samples...
Train epoch: 7 [0/5109 (0%)]	Loss: 1.068794
Make prediction for 5109 samples...
Make prediction for 833 samples...
Make prediction for 695 samples...
EarlyStopping counter: 2 out of 30
Epoch: 006, Train Loss: 1.1180, Metric: r2, Train: 0.2432, Val: -0.4033, best Val: 0.0555, Test: 0.2663
Training on 5109 samples...
Train epoch: 8 [0/5109 (0%)]	Loss: 1.193737
Make prediction for 5109 samples...
Make prediction for 833 samples...
Make prediction for 695 samples...
Make prediction for 695 samples...
Epoch: 007, Train Loss: 1.1067, Metric: r2, Train: 0.3213, Val: 0.0931, best Val: 0.0931, Test: 0.3206
Training on 5109 samples...
Train epoch: 9 [0/5109 (0%)]	Loss: 1.088442
Make prediction for 5109 samples...
Make prediction for 833 samples...
Make prediction for 695 samples...
EarlyStopping counter: 1 out of 30
Epoch: 008, Train Loss: 1.0858, Metric: r2, Train: 0.3448, Val: 0.0211, best Val: 0.0931, Test: 0.3940
Training on 5109 samples...
Train epoch: 10 [0/5109 (0%)]	Loss: 1.006112
Make prediction for 5109 samples...
Make prediction for 833 samples...
Make prediction for 695 samples...
Make prediction for 695 samples...
Epoch: 009, Train Loss: 1.0747, Metric: r2, Train: 0.3464, Val: 0.1164, best Val: 0.1164, Test: 0.3903
Training on 5109 samples...
Train epoch: 11 [0/5109 (0%)]	Loss: 1.065218
Make prediction for 5109 samples...
Make prediction for 833 samples...
Make prediction for 695 samples...
EarlyStopping counter: 1 out of 30
Epoch: 010, Train Loss: 1.0694, Metric: r2, Train: 0.3192, Val: -0.2586, best Val: 0.1164, Test: 0.3587
Training on 5109 samples...
Train epoch: 12 [0/5109 (0%)]	Loss: 1.090465
Make prediction for 5109 samples...
Make prediction for 833 samples...
Make prediction for 695 samples...
EarlyStopping counter: 2 out of 30
Epoch: 011, Train Loss: 1.0533, Metric: r2, Train: 0.3908, Val: 0.0940, best Val: 0.1164, Test: 0.4591
Training on 5109 samples...
Train epoch: 13 [0/5109 (0%)]	Loss: 1.042633
Make prediction for 5109 samples...
Make prediction for 833 samples...
Make prediction for 695 samples...
EarlyStopping counter: 3 out of 30
Epoch: 012, Train Loss: 1.0452, Metric: r2, Train: 0.3524, Val: -0.0411, best Val: 0.1164, Test: 0.4534
Training on 5109 samples...
Train epoch: 14 [0/5109 (0%)]	Loss: 1.125290
Make prediction for 5109 samples...
Make prediction for 833 samples...
Make prediction for 695 samples...
EarlyStopping counter: 4 out of 30
Epoch: 013, Train Loss: 1.0622, Metric: r2, Train: 0.4151, Val: 0.0853, best Val: 0.1164, Test: 0.4121
Training on 5109 samples...
Train epoch: 15 [0/5109 (0%)]	Loss: 0.978547
Make prediction for 5109 samples...
Make prediction for 833 samples...
Make prediction for 695 samples...
EarlyStopping counter: 5 out of 30
Epoch: 014, Train Loss: 1.0416, Metric: r2, Train: 0.3483, Val: -0.2712, best Val: 0.1164, Test: 0.3032
Training on 5109 samples...
Train epoch: 16 [0/5109 (0%)]	Loss: 1.057742
Make prediction for 5109 samples...
Make prediction for 833 samples...
Make prediction for 695 samples...
EarlyStopping counter: 6 out of 30
Epoch: 015, Train Loss: 1.0162, Metric: r2, Train: 0.4512, Val: -0.3706, best Val: 0.1164, Test: 0.2886
Training on 5109 samples...
Train epoch: 17 [0/5109 (0%)]	Loss: 1.010824
Make prediction for 5109 samples...
Make prediction for 833 samples...
Make prediction for 695 samples...
EarlyStopping counter: 7 out of 30
Epoch: 016, Train Loss: 1.0017, Metric: r2, Train: 0.4654, Val: -0.7306, best Val: 0.1164, Test: 0.2638
Training on 5109 samples...
Train epoch: 18 [0/5109 (0%)]	Loss: 1.038273
Make prediction for 5109 samples...
Make prediction for 833 samples...
Make prediction for 695 samples...
EarlyStopping counter: 8 out of 30
Epoch: 017, Train Loss: 0.9940, Metric: r2, Train: 0.4864, Val: 0.0622, best Val: 0.1164, Test: 0.3724
Training on 5109 samples...
Train epoch: 19 [0/5109 (0%)]	Loss: 0.975691
Make prediction for 5109 samples...
Make prediction for 833 samples...
Make prediction for 695 samples...
EarlyStopping counter: 9 out of 30
Epoch: 018, Train Loss: 1.0008, Metric: r2, Train: 0.4625, Val: 0.0797, best Val: 0.1164, Test: 0.3619
Training on 5109 samples...
Train epoch: 20 [0/5109 (0%)]	Loss: 1.068848
Make prediction for 5109 samples...
Make prediction for 833 samples...
Make prediction for 695 samples...
EarlyStopping counter: 10 out of 30
Epoch: 019, Train Loss: 0.9909, Metric: r2, Train: 0.4959, Val: -0.0842, best Val: 0.1164, Test: 0.3361
Training on 5109 samples...
Train epoch: 21 [0/5109 (0%)]	Loss: 0.919348
Make prediction for 5109 samples...
Make prediction for 833 samples...
Make prediction for 695 samples...
EarlyStopping counter: 11 out of 30
Epoch: 020, Train Loss: 0.9769, Metric: r2, Train: 0.4633, Val: 0.0476, best Val: 0.1164, Test: 0.3191
Training on 5109 samples...
Train epoch: 22 [0/5109 (0%)]	Loss: 0.952485
Make prediction for 5109 samples...
Make prediction for 833 samples...
Make prediction for 695 samples...
EarlyStopping counter: 12 out of 30
Epoch: 021, Train Loss: 0.9661, Metric: r2, Train: 0.4946, Val: 0.1040, best Val: 0.1164, Test: 0.3422
Training on 5109 samples...
Train epoch: 23 [0/5109 (0%)]	Loss: 0.997074
Make prediction for 5109 samples...
Make prediction for 833 samples...
Make prediction for 695 samples...
EarlyStopping counter: 13 out of 30
Epoch: 022, Train Loss: 0.9630, Metric: r2, Train: 0.5466, Val: -0.1030, best Val: 0.1164, Test: 0.4033
Training on 5109 samples...
Train epoch: 24 [0/5109 (0%)]	Loss: 0.953184
Make prediction for 5109 samples...
Make prediction for 833 samples...
Make prediction for 695 samples...
EarlyStopping counter: 14 out of 30
Epoch: 023, Train Loss: 0.9481, Metric: r2, Train: 0.5492, Val: -0.1219, best Val: 0.1164, Test: 0.3639
Training on 5109 samples...
Train epoch: 25 [0/5109 (0%)]	Loss: 0.888809
Make prediction for 5109 samples...
Make prediction for 833 samples...
Make prediction for 695 samples...
EarlyStopping counter: 15 out of 30
Epoch: 024, Train Loss: 0.9520, Metric: r2, Train: 0.4971, Val: 0.0792, best Val: 0.1164, Test: 0.3462
Training on 5109 samples...
Train epoch: 26 [0/5109 (0%)]	Loss: 0.958762
Make prediction for 5109 samples...
Make prediction for 833 samples...
Make prediction for 695 samples...
EarlyStopping counter: 16 out of 30
Epoch: 025, Train Loss: 0.9442, Metric: r2, Train: 0.5473, Val: -0.1477, best Val: 0.1164, Test: 0.3357
Training on 5109 samples...
Train epoch: 27 [0/5109 (0%)]	Loss: 0.944539
Make prediction for 5109 samples...
Make prediction for 833 samples...
Make prediction for 695 samples...
EarlyStopping counter: 17 out of 30
Epoch: 026, Train Loss: 0.9331, Metric: r2, Train: 0.5511, Val: -0.6415, best Val: 0.1164, Test: 0.2073
Training on 5109 samples...
Train epoch: 28 [0/5109 (0%)]	Loss: 0.936770
Make prediction for 5109 samples...
Make prediction for 833 samples...
Make prediction for 695 samples...
Make prediction for 695 samples...
Epoch: 027, Train Loss: 0.9339, Metric: r2, Train: 0.5594, Val: 0.1291, best Val: 0.1291, Test: 0.3335
Training on 5109 samples...
Train epoch: 29 [0/5109 (0%)]	Loss: 0.897386
Make prediction for 5109 samples...
Make prediction for 833 samples...
Make prediction for 695 samples...
EarlyStopping counter: 1 out of 30
Epoch: 028, Train Loss: 0.9148, Metric: r2, Train: 0.5889, Val: 0.0723, best Val: 0.1291, Test: 0.4324
Training on 5109 samples...
Train epoch: 30 [0/5109 (0%)]	Loss: 0.895146
Make prediction for 5109 samples...
Make prediction for 833 samples...
Make prediction for 695 samples...
EarlyStopping counter: 2 out of 30
Epoch: 029, Train Loss: 0.9085, Metric: r2, Train: 0.5781, Val: -0.2591, best Val: 0.1291, Test: 0.2953
Training on 5109 samples...
Train epoch: 31 [0/5109 (0%)]	Loss: 0.853929
Make prediction for 5109 samples...
Make prediction for 833 samples...
Make prediction for 695 samples...
EarlyStopping counter: 3 out of 30
Epoch: 030, Train Loss: 0.9093, Metric: r2, Train: 0.6112, Val: 0.0896, best Val: 0.1291, Test: 0.3347
Training on 5109 samples...
Train epoch: 32 [0/5109 (0%)]	Loss: 0.917653
Make prediction for 5109 samples...
Make prediction for 833 samples...
Make prediction for 695 samples...
EarlyStopping counter: 4 out of 30
Epoch: 031, Train Loss: 0.9005, Metric: r2, Train: 0.5983, Val: -0.0558, best Val: 0.1291, Test: 0.3264
Training on 5109 samples...
Train epoch: 33 [0/5109 (0%)]	Loss: 0.906836
Make prediction for 5109 samples...
Make prediction for 833 samples...
Make prediction for 695 samples...
EarlyStopping counter: 5 out of 30
Epoch: 032, Train Loss: 0.9173, Metric: r2, Train: 0.5305, Val: -0.4937, best Val: 0.1291, Test: 0.1082
Training on 5109 samples...
Train epoch: 34 [0/5109 (0%)]	Loss: 0.921707
Make prediction for 5109 samples...
Make prediction for 833 samples...
Make prediction for 695 samples...
EarlyStopping counter: 6 out of 30
Epoch: 033, Train Loss: 0.8963, Metric: r2, Train: 0.5955, Val: -0.2965, best Val: 0.1291, Test: 0.2335
Training on 5109 samples...
Train epoch: 35 [0/5109 (0%)]	Loss: 0.854253
Make prediction for 5109 samples...
Make prediction for 833 samples...
Make prediction for 695 samples...
EarlyStopping counter: 7 out of 30
Epoch: 034, Train Loss: 0.8838, Metric: r2, Train: 0.6273, Val: 0.0711, best Val: 0.1291, Test: 0.3658
Training on 5109 samples...
Train epoch: 36 [0/5109 (0%)]	Loss: 0.868317
Make prediction for 5109 samples...
Make prediction for 833 samples...
Make prediction for 695 samples...
EarlyStopping counter: 8 out of 30
Epoch: 035, Train Loss: 0.8920, Metric: r2, Train: 0.6125, Val: 0.0863, best Val: 0.1291, Test: 0.4214
Training on 5109 samples...
Train epoch: 37 [0/5109 (0%)]	Loss: 0.831695
Make prediction for 5109 samples...
Make prediction for 833 samples...
Make prediction for 695 samples...
EarlyStopping counter: 9 out of 30
Epoch: 036, Train Loss: 0.8809, Metric: r2, Train: 0.5824, Val: 0.0842, best Val: 0.1291, Test: 0.2906
Training on 5109 samples...
Train epoch: 38 [0/5109 (0%)]	Loss: 0.881241
Make prediction for 5109 samples...
Make prediction for 833 samples...
Make prediction for 695 samples...
EarlyStopping counter: 10 out of 30
Epoch: 037, Train Loss: 0.8583, Metric: r2, Train: 0.6276, Val: -0.2518, best Val: 0.1291, Test: 0.2107
Training on 5109 samples...
Train epoch: 39 [0/5109 (0%)]	Loss: 0.857056
Make prediction for 5109 samples...
Make prediction for 833 samples...
Make prediction for 695 samples...
EarlyStopping counter: 11 out of 30
Epoch: 038, Train Loss: 0.8280, Metric: r2, Train: 0.6434, Val: 0.0137, best Val: 0.1291, Test: 0.3649
Training on 5109 samples...
Train epoch: 40 [0/5109 (0%)]	Loss: 0.851729
Make prediction for 5109 samples...
Make prediction for 833 samples...
Make prediction for 695 samples...
EarlyStopping counter: 12 out of 30
Epoch: 039, Train Loss: 0.8171, Metric: r2, Train: 0.6542, Val: 0.0007, best Val: 0.1291, Test: 0.3853
Training on 5109 samples...
Train epoch: 41 [0/5109 (0%)]	Loss: 0.789643
Make prediction for 5109 samples...
Make prediction for 833 samples...
Make prediction for 695 samples...
EarlyStopping counter: 13 out of 30
Epoch: 040, Train Loss: 0.8305, Metric: r2, Train: 0.6334, Val: 0.1162, best Val: 0.1291, Test: 0.3067
Training on 5109 samples...
Train epoch: 42 [0/5109 (0%)]	Loss: 0.808002
Make prediction for 5109 samples...
Make prediction for 833 samples...
Make prediction for 695 samples...
EarlyStopping counter: 14 out of 30
Epoch: 041, Train Loss: 0.8008, Metric: r2, Train: 0.6524, Val: 0.0225, best Val: 0.1291, Test: 0.4132
Training on 5109 samples...
Train epoch: 43 [0/5109 (0%)]	Loss: 0.799260
Make prediction for 5109 samples...
Make prediction for 833 samples...
Make prediction for 695 samples...
Make prediction for 695 samples...
Epoch: 042, Train Loss: 0.7925, Metric: r2, Train: 0.6556, Val: 0.1492, best Val: 0.1492, Test: 0.5067
Training on 5109 samples...
Train epoch: 44 [0/5109 (0%)]	Loss: 0.785133
Make prediction for 5109 samples...
Make prediction for 833 samples...
Make prediction for 695 samples...
EarlyStopping counter: 1 out of 30
Epoch: 043, Train Loss: 0.7796, Metric: r2, Train: 0.6660, Val: -0.1450, best Val: 0.1492, Test: 0.3755
Training on 5109 samples...
Train epoch: 45 [0/5109 (0%)]	Loss: 0.752559
Make prediction for 5109 samples...
Make prediction for 833 samples...
Make prediction for 695 samples...
EarlyStopping counter: 2 out of 30
Epoch: 044, Train Loss: 0.7642, Metric: r2, Train: 0.6530, Val: 0.0013, best Val: 0.1492, Test: 0.3412
Training on 5109 samples...
Train epoch: 46 [0/5109 (0%)]	Loss: 0.859476
Make prediction for 5109 samples...
Make prediction for 833 samples...
Make prediction for 695 samples...
EarlyStopping counter: 3 out of 30
Epoch: 045, Train Loss: 0.7743, Metric: r2, Train: 0.6762, Val: 0.0570, best Val: 0.1492, Test: 0.4195
Training on 5109 samples...
Train epoch: 47 [0/5109 (0%)]	Loss: 0.748955
Make prediction for 5109 samples...
Make prediction for 833 samples...
Make prediction for 695 samples...
EarlyStopping counter: 4 out of 30
Epoch: 046, Train Loss: 0.7616, Metric: r2, Train: 0.6740, Val: 0.0677, best Val: 0.1492, Test: 0.4089
Training on 5109 samples...
Train epoch: 48 [0/5109 (0%)]	Loss: 0.791766
Make prediction for 5109 samples...
Make prediction for 833 samples...
Make prediction for 695 samples...
EarlyStopping counter: 5 out of 30
Epoch: 047, Train Loss: 0.7656, Metric: r2, Train: 0.6781, Val: 0.1164, best Val: 0.1492, Test: 0.4663
Training on 5109 samples...
Train epoch: 49 [0/5109 (0%)]	Loss: 0.727271
Make prediction for 5109 samples...
Make prediction for 833 samples...
Make prediction for 695 samples...
EarlyStopping counter: 6 out of 30
Epoch: 048, Train Loss: 0.7490, Metric: r2, Train: 0.6889, Val: 0.0379, best Val: 0.1492, Test: 0.3603
Training on 5109 samples...
Train epoch: 50 [0/5109 (0%)]	Loss: 0.761171
Make prediction for 5109 samples...
Make prediction for 833 samples...
Make prediction for 695 samples...
Make prediction for 695 samples...
Epoch: 049, Train Loss: 0.7457, Metric: r2, Train: 0.6886, Val: 0.1796, best Val: 0.1796, Test: 0.4413
Training on 5109 samples...
Train epoch: 51 [0/5109 (0%)]	Loss: 0.762028
Make prediction for 5109 samples...
Make prediction for 833 samples...
Make prediction for 695 samples...
Make prediction for 695 samples...
Epoch: 050, Train Loss: 0.7436, Metric: r2, Train: 0.6964, Val: 0.1823, best Val: 0.1823, Test: 0.4314
Training on 5109 samples...
Train epoch: 52 [0/5109 (0%)]	Loss: 0.756238
Make prediction for 5109 samples...
Make prediction for 833 samples...
Make prediction for 695 samples...
EarlyStopping counter: 1 out of 30
Epoch: 051, Train Loss: 0.7345, Metric: r2, Train: 0.6761, Val: 0.1582, best Val: 0.1823, Test: 0.4164
Training on 5109 samples...
Train epoch: 53 [0/5109 (0%)]	Loss: 0.788186
Make prediction for 5109 samples...
Make prediction for 833 samples...
Make prediction for 695 samples...
EarlyStopping counter: 2 out of 30
Epoch: 052, Train Loss: 0.7414, Metric: r2, Train: 0.6738, Val: 0.0896, best Val: 0.1823, Test: 0.4860
Training on 5109 samples...
Train epoch: 54 [0/5109 (0%)]	Loss: 0.723578
Make prediction for 5109 samples...
Make prediction for 833 samples...
Make prediction for 695 samples...
Make prediction for 695 samples...
Epoch: 053, Train Loss: 0.7368, Metric: r2, Train: 0.7003, Val: 0.1925, best Val: 0.1925, Test: 0.4868
Training on 5109 samples...
Train epoch: 55 [0/5109 (0%)]	Loss: 0.657557
Make prediction for 5109 samples...
Make prediction for 833 samples...
Make prediction for 695 samples...
EarlyStopping counter: 1 out of 30
Epoch: 054, Train Loss: 0.7340, Metric: r2, Train: 0.6957, Val: 0.1292, best Val: 0.1925, Test: 0.4587
Training on 5109 samples...
Train epoch: 56 [0/5109 (0%)]	Loss: 0.762496
Make prediction for 5109 samples...
Make prediction for 833 samples...
Make prediction for 695 samples...
EarlyStopping counter: 2 out of 30
Epoch: 055, Train Loss: 0.7209, Metric: r2, Train: 0.7005, Val: 0.1625, best Val: 0.1925, Test: 0.4345
Training on 5109 samples...
Train epoch: 57 [0/5109 (0%)]	Loss: 0.713702
Make prediction for 5109 samples...
Make prediction for 833 samples...
Make prediction for 695 samples...
EarlyStopping counter: 3 out of 30
Epoch: 056, Train Loss: 0.7343, Metric: r2, Train: 0.6716, Val: 0.1710, best Val: 0.1925, Test: 0.4288
Training on 5109 samples...
Train epoch: 58 [0/5109 (0%)]	Loss: 0.698377
Make prediction for 5109 samples...
Make prediction for 833 samples...
Make prediction for 695 samples...
EarlyStopping counter: 4 out of 30
Epoch: 057, Train Loss: 0.7456, Metric: r2, Train: 0.5967, Val: -0.0812, best Val: 0.1925, Test: 0.3149
Training on 5109 samples...
Train epoch: 59 [0/5109 (0%)]	Loss: 0.795018
Make prediction for 5109 samples...
Make prediction for 833 samples...
Make prediction for 695 samples...
EarlyStopping counter: 5 out of 30
Epoch: 058, Train Loss: 0.7318, Metric: r2, Train: 0.7125, Val: 0.1747, best Val: 0.1925, Test: 0.4558
Training on 5109 samples...
Train epoch: 60 [0/5109 (0%)]	Loss: 0.728797
Make prediction for 5109 samples...
Make prediction for 833 samples...
Make prediction for 695 samples...
EarlyStopping counter: 6 out of 30
Epoch: 059, Train Loss: 0.7240, Metric: r2, Train: 0.6495, Val: 0.0918, best Val: 0.1925, Test: 0.4594
Training on 5109 samples...
Train epoch: 61 [0/5109 (0%)]	Loss: 0.692604
Make prediction for 5109 samples...
Make prediction for 833 samples...
Make prediction for 695 samples...
EarlyStopping counter: 7 out of 30
Epoch: 060, Train Loss: 0.7166, Metric: r2, Train: 0.7143, Val: 0.1585, best Val: 0.1925, Test: 0.4609
Training on 5109 samples...
Train epoch: 62 [0/5109 (0%)]	Loss: 0.662910
Make prediction for 5109 samples...
Make prediction for 833 samples...
Make prediction for 695 samples...
EarlyStopping counter: 8 out of 30
Epoch: 061, Train Loss: 0.7272, Metric: r2, Train: 0.6429, Val: -0.6349, best Val: 0.1925, Test: 0.4496
Training on 5109 samples...
Train epoch: 63 [0/5109 (0%)]	Loss: 0.796290
Make prediction for 5109 samples...
Make prediction for 833 samples...
Make prediction for 695 samples...
EarlyStopping counter: 9 out of 30
Epoch: 062, Train Loss: 0.7079, Metric: r2, Train: 0.7057, Val: 0.1344, best Val: 0.1925, Test: 0.3838
Training on 5109 samples...
Train epoch: 64 [0/5109 (0%)]	Loss: 0.737128
Make prediction for 5109 samples...
Make prediction for 833 samples...
Make prediction for 695 samples...
EarlyStopping counter: 10 out of 30
Epoch: 063, Train Loss: 0.6991, Metric: r2, Train: 0.7282, Val: 0.1855, best Val: 0.1925, Test: 0.4710
Training on 5109 samples...
Train epoch: 65 [0/5109 (0%)]	Loss: 0.684550
Make prediction for 5109 samples...
Make prediction for 833 samples...
Make prediction for 695 samples...
EarlyStopping counter: 11 out of 30
Epoch: 064, Train Loss: 0.6941, Metric: r2, Train: 0.6695, Val: 0.0612, best Val: 0.1925, Test: 0.3070
Training on 5109 samples...
Train epoch: 66 [0/5109 (0%)]	Loss: 0.709327
Make prediction for 5109 samples...
Make prediction for 833 samples...
Make prediction for 695 samples...
EarlyStopping counter: 12 out of 30
Epoch: 065, Train Loss: 0.6993, Metric: r2, Train: 0.7297, Val: 0.1820, best Val: 0.1925, Test: 0.3949
Training on 5109 samples...
Train epoch: 67 [0/5109 (0%)]	Loss: 0.656368
Make prediction for 5109 samples...
Make prediction for 833 samples...
Make prediction for 695 samples...
EarlyStopping counter: 13 out of 30
Epoch: 066, Train Loss: 0.6901, Metric: r2, Train: 0.6425, Val: -0.0033, best Val: 0.1925, Test: 0.3553
Training on 5109 samples...
Train epoch: 68 [0/5109 (0%)]	Loss: 0.797199
Make prediction for 5109 samples...
Make prediction for 833 samples...
Make prediction for 695 samples...
EarlyStopping counter: 14 out of 30
Epoch: 067, Train Loss: 0.7003, Metric: r2, Train: 0.7207, Val: -0.0967, best Val: 0.1925, Test: 0.5312
Training on 5109 samples...
Train epoch: 69 [0/5109 (0%)]	Loss: 0.682554
Make prediction for 5109 samples...
Make prediction for 833 samples...
Make prediction for 695 samples...
EarlyStopping counter: 15 out of 30
Epoch: 068, Train Loss: 0.6853, Metric: r2, Train: 0.7315, Val: 0.1260, best Val: 0.1925, Test: 0.4078
Training on 5109 samples...
Train epoch: 70 [0/5109 (0%)]	Loss: 0.713095
Make prediction for 5109 samples...
Make prediction for 833 samples...
Make prediction for 695 samples...
EarlyStopping counter: 16 out of 30
Epoch: 069, Train Loss: 0.6789, Metric: r2, Train: 0.7443, Val: 0.1597, best Val: 0.1925, Test: 0.4695
Training on 5109 samples...
Train epoch: 71 [0/5109 (0%)]	Loss: 0.700387
Make prediction for 5109 samples...
Make prediction for 833 samples...
Make prediction for 695 samples...
EarlyStopping counter: 17 out of 30
Epoch: 070, Train Loss: 0.6742, Metric: r2, Train: 0.7318, Val: -0.0806, best Val: 0.1925, Test: 0.5191
Training on 5109 samples...
Train epoch: 72 [0/5109 (0%)]	Loss: 0.746084
Make prediction for 5109 samples...
Make prediction for 833 samples...
Make prediction for 695 samples...
EarlyStopping counter: 18 out of 30
Epoch: 071, Train Loss: 0.6813, Metric: r2, Train: 0.6974, Val: 0.1130, best Val: 0.1925, Test: 0.4050
Training on 5109 samples...
Train epoch: 73 [0/5109 (0%)]	Loss: 0.690327
Make prediction for 5109 samples...
Make prediction for 833 samples...
Make prediction for 695 samples...
EarlyStopping counter: 19 out of 30
Epoch: 072, Train Loss: 0.6895, Metric: r2, Train: 0.7253, Val: 0.1832, best Val: 0.1925, Test: 0.4200
Training on 5109 samples...
Train epoch: 74 [0/5109 (0%)]	Loss: 0.656863
Make prediction for 5109 samples...
Make prediction for 833 samples...
Make prediction for 695 samples...
EarlyStopping counter: 20 out of 30
Epoch: 073, Train Loss: 0.6770, Metric: r2, Train: 0.7291, Val: -0.2604, best Val: 0.1925, Test: 0.5559
Training on 5109 samples...
Train epoch: 75 [0/5109 (0%)]	Loss: 0.716051
Make prediction for 5109 samples...
Make prediction for 833 samples...
Make prediction for 695 samples...
EarlyStopping counter: 21 out of 30
Epoch: 074, Train Loss: 0.6745, Metric: r2, Train: 0.7409, Val: 0.0406, best Val: 0.1925, Test: 0.4843
Training on 5109 samples...
Train epoch: 76 [0/5109 (0%)]	Loss: 0.687646
Make prediction for 5109 samples...
Make prediction for 833 samples...
Make prediction for 695 samples...
EarlyStopping counter: 22 out of 30
Epoch: 075, Train Loss: 0.6756, Metric: r2, Train: 0.7378, Val: 0.0326, best Val: 0.1925, Test: 0.4777
Training on 5109 samples...
Train epoch: 77 [0/5109 (0%)]	Loss: 0.715873
Make prediction for 5109 samples...
Make prediction for 833 samples...
Make prediction for 695 samples...
EarlyStopping counter: 23 out of 30
Epoch: 076, Train Loss: 0.6720, Metric: r2, Train: 0.7437, Val: 0.1051, best Val: 0.1925, Test: 0.4599
Training on 5109 samples...
Train epoch: 78 [0/5109 (0%)]	Loss: 0.664430
Make prediction for 5109 samples...
Make prediction for 833 samples...
Make prediction for 695 samples...
EarlyStopping counter: 24 out of 30
Epoch: 077, Train Loss: 0.6639, Metric: r2, Train: 0.7398, Val: -0.1248, best Val: 0.1925, Test: 0.5490
Training on 5109 samples...
Train epoch: 79 [0/5109 (0%)]	Loss: 0.662697
Make prediction for 5109 samples...
Make prediction for 833 samples...
Make prediction for 695 samples...
EarlyStopping counter: 25 out of 30
Epoch: 078, Train Loss: 0.6713, Metric: r2, Train: 0.7484, Val: 0.1846, best Val: 0.1925, Test: 0.4556
Training on 5109 samples...
Train epoch: 80 [0/5109 (0%)]	Loss: 0.698899
Make prediction for 5109 samples...
Make prediction for 833 samples...
Make prediction for 695 samples...
EarlyStopping counter: 26 out of 30
Epoch: 079, Train Loss: 0.6678, Metric: r2, Train: 0.7254, Val: -0.1395, best Val: 0.1925, Test: 0.5538
Training on 5109 samples...
Train epoch: 81 [0/5109 (0%)]	Loss: 0.670053
Make prediction for 5109 samples...
Make prediction for 833 samples...
Make prediction for 695 samples...
EarlyStopping counter: 27 out of 30
Epoch: 080, Train Loss: 0.6690, Metric: r2, Train: 0.7420, Val: 0.1557, best Val: 0.1925, Test: 0.5057
Training on 5109 samples...
Train epoch: 82 [0/5109 (0%)]	Loss: 0.659248
Make prediction for 5109 samples...
Make prediction for 833 samples...
Make prediction for 695 samples...
EarlyStopping counter: 28 out of 30
Epoch: 081, Train Loss: 0.6686, Metric: r2, Train: 0.7491, Val: 0.1573, best Val: 0.1925, Test: 0.4516
Training on 5109 samples...
Train epoch: 83 [0/5109 (0%)]	Loss: 0.659443
Make prediction for 5109 samples...
Make prediction for 833 samples...
Make prediction for 695 samples...
EarlyStopping counter: 29 out of 30
Epoch: 082, Train Loss: 0.6603, Metric: r2, Train: 0.7496, Val: 0.0271, best Val: 0.1925, Test: 0.4760
Training on 5109 samples...
Train epoch: 84 [0/5109 (0%)]	Loss: 0.631645
Make prediction for 5109 samples...
Make prediction for 833 samples...
Make prediction for 695 samples...
EarlyStopping counter: 30 out of 30
Epoch: 083, Train Loss: 0.6682, Metric: r2, Train: 0.7558, Val: 0.1249, best Val: 0.1925, Test: 0.4915
out of patience!
******PAMPA1_Perimeter_2064, 4th_time_result******
train_result: 0.7003
val_result: 0.1925
test_result: 0.4868
Current seed: 2064
Pre-processed data found: data/processed/PAMPA1_Perimeter_2064/PAMPA1_Perimeter_2064_train.pt, loading ...
Pre-processed data found: data/processed/PAMPA1_Perimeter_2064/PAMPA1_Perimeter_2064_valid.pt, loading ...
Pre-processed data found: data/processed/PAMPA1_Perimeter_2064/PAMPA1_Perimeter_2064_test.pt, loading ...
trainset mean:-5.630000114440918 std:0.9800000190734863
Training on 5109 samples...
Train epoch: 1 [0/5109 (0%)]	Loss: 1.402049
Make prediction for 5109 samples...
Make prediction for 833 samples...
Make prediction for 695 samples...
Make prediction for 695 samples...
Epoch: 000, Train Loss: 1.3467, Metric: r2, Train: -0.0038, Val: -0.0147, best Val: -0.0147, Test: -0.0368
Training on 5109 samples...
Train epoch: 2 [0/5109 (0%)]	Loss: 1.309415
Make prediction for 5109 samples...
Make prediction for 833 samples...
Make prediction for 695 samples...
EarlyStopping counter: 1 out of 30
Epoch: 001, Train Loss: 1.2936, Metric: r2, Train: 0.0622, Val: -0.0552, best Val: -0.0147, Test: 0.0421
Training on 5109 samples...
Train epoch: 3 [0/5109 (0%)]	Loss: 1.413193
Make prediction for 5109 samples...
Make prediction for 833 samples...
Make prediction for 695 samples...
Make prediction for 695 samples...
Epoch: 002, Train Loss: 1.2363, Metric: r2, Train: 0.1261, Val: 0.0311, best Val: 0.0311, Test: 0.0895
Training on 5109 samples...
Train epoch: 4 [0/5109 (0%)]	Loss: 1.247725
Make prediction for 5109 samples...
Make prediction for 833 samples...
Make prediction for 695 samples...
Make prediction for 695 samples...
Epoch: 003, Train Loss: 1.1967, Metric: r2, Train: 0.1963, Val: 0.0367, best Val: 0.0367, Test: 0.1665
Training on 5109 samples...
Train epoch: 5 [0/5109 (0%)]	Loss: 1.237436
Make prediction for 5109 samples...
Make prediction for 833 samples...
Make prediction for 695 samples...
EarlyStopping counter: 1 out of 30
Epoch: 004, Train Loss: 1.1672, Metric: r2, Train: 0.2373, Val: -0.0158, best Val: 0.0367, Test: 0.2663
Training on 5109 samples...
Train epoch: 6 [0/5109 (0%)]	Loss: 1.175215
Make prediction for 5109 samples...
Make prediction for 833 samples...
Make prediction for 695 samples...
Make prediction for 695 samples...
Epoch: 005, Train Loss: 1.1545, Metric: r2, Train: 0.2458, Val: 0.0392, best Val: 0.0392, Test: 0.2879
Training on 5109 samples...
Train epoch: 7 [0/5109 (0%)]	Loss: 1.256106
Make prediction for 5109 samples...
Make prediction for 833 samples...
Make prediction for 695 samples...
EarlyStopping counter: 1 out of 30
Epoch: 006, Train Loss: 1.1258, Metric: r2, Train: 0.2930, Val: -0.5394, best Val: 0.0392, Test: 0.3381
Training on 5109 samples...
Train epoch: 8 [0/5109 (0%)]	Loss: 1.131685
Make prediction for 5109 samples...
Make prediction for 833 samples...
Make prediction for 695 samples...
Make prediction for 695 samples...
Epoch: 007, Train Loss: 1.1089, Metric: r2, Train: 0.3128, Val: 0.1068, best Val: 0.1068, Test: 0.2595
Training on 5109 samples...
Train epoch: 9 [0/5109 (0%)]	Loss: 0.978228
Make prediction for 5109 samples...
Make prediction for 833 samples...
Make prediction for 695 samples...
EarlyStopping counter: 1 out of 30
Epoch: 008, Train Loss: 1.0961, Metric: r2, Train: 0.2989, Val: 0.0499, best Val: 0.1068, Test: 0.3510
Training on 5109 samples...
Train epoch: 10 [0/5109 (0%)]	Loss: 1.206597
Make prediction for 5109 samples...
Make prediction for 833 samples...
Make prediction for 695 samples...
EarlyStopping counter: 2 out of 30
Epoch: 009, Train Loss: 1.0897, Metric: r2, Train: 0.3676, Val: -0.0634, best Val: 0.1068, Test: 0.3807
Training on 5109 samples...
Train epoch: 11 [0/5109 (0%)]	Loss: 1.065552
Make prediction for 5109 samples...
Make prediction for 833 samples...
Make prediction for 695 samples...
Make prediction for 695 samples...
Epoch: 010, Train Loss: 1.0676, Metric: r2, Train: 0.3878, Val: 0.1334, best Val: 0.1334, Test: 0.3785
Training on 5109 samples...
Train epoch: 12 [0/5109 (0%)]	Loss: 0.969310
Make prediction for 5109 samples...
Make prediction for 833 samples...
Make prediction for 695 samples...
Make prediction for 695 samples...
Epoch: 011, Train Loss: 1.0495, Metric: r2, Train: 0.3919, Val: 0.1485, best Val: 0.1485, Test: 0.3479
Training on 5109 samples...
Train epoch: 13 [0/5109 (0%)]	Loss: 1.039234
Make prediction for 5109 samples...
Make prediction for 833 samples...
Make prediction for 695 samples...
EarlyStopping counter: 1 out of 30
Epoch: 012, Train Loss: 1.0384, Metric: r2, Train: 0.3461, Val: -0.2940, best Val: 0.1485, Test: 0.2191
Training on 5109 samples...
Train epoch: 14 [0/5109 (0%)]	Loss: 1.164706
Make prediction for 5109 samples...
Make prediction for 833 samples...
Make prediction for 695 samples...
EarlyStopping counter: 2 out of 30
Epoch: 013, Train Loss: 1.0291, Metric: r2, Train: 0.3989, Val: -0.0955, best Val: 0.1485, Test: 0.2630
Training on 5109 samples...
Train epoch: 15 [0/5109 (0%)]	Loss: 0.978500
Make prediction for 5109 samples...
Make prediction for 833 samples...
Make prediction for 695 samples...
EarlyStopping counter: 3 out of 30
Epoch: 014, Train Loss: 1.0347, Metric: r2, Train: 0.3899, Val: 0.0141, best Val: 0.1485, Test: 0.3126
Training on 5109 samples...
Train epoch: 16 [0/5109 (0%)]	Loss: 1.084128
Make prediction for 5109 samples...
Make prediction for 833 samples...
Make prediction for 695 samples...
EarlyStopping counter: 4 out of 30
Epoch: 015, Train Loss: 1.0119, Metric: r2, Train: 0.4607, Val: -0.0331, best Val: 0.1485, Test: 0.2742
Training on 5109 samples...
Train epoch: 17 [0/5109 (0%)]	Loss: 0.948372
Make prediction for 5109 samples...
Make prediction for 833 samples...
Make prediction for 695 samples...
EarlyStopping counter: 5 out of 30
Epoch: 016, Train Loss: 1.0018, Metric: r2, Train: 0.4813, Val: 0.0523, best Val: 0.1485, Test: 0.4239
Training on 5109 samples...
Train epoch: 18 [0/5109 (0%)]	Loss: 0.940557
Make prediction for 5109 samples...
Make prediction for 833 samples...
Make prediction for 695 samples...
EarlyStopping counter: 6 out of 30
Epoch: 017, Train Loss: 0.9980, Metric: r2, Train: 0.4800, Val: 0.1322, best Val: 0.1485, Test: 0.3188
Training on 5109 samples...
Train epoch: 19 [0/5109 (0%)]	Loss: 0.882104
Make prediction for 5109 samples...
Make prediction for 833 samples...
Make prediction for 695 samples...
EarlyStopping counter: 7 out of 30
Epoch: 018, Train Loss: 0.9964, Metric: r2, Train: 0.4910, Val: 0.0062, best Val: 0.1485, Test: 0.3607
Training on 5109 samples...
Train epoch: 20 [0/5109 (0%)]	Loss: 1.009751
Make prediction for 5109 samples...
Make prediction for 833 samples...
Make prediction for 695 samples...
EarlyStopping counter: 8 out of 30
Epoch: 019, Train Loss: 0.9876, Metric: r2, Train: 0.5003, Val: -0.1141, best Val: 0.1485, Test: 0.2866
Training on 5109 samples...
Train epoch: 21 [0/5109 (0%)]	Loss: 0.965723
Make prediction for 5109 samples...
Make prediction for 833 samples...
Make prediction for 695 samples...
EarlyStopping counter: 9 out of 30
Epoch: 020, Train Loss: 0.9788, Metric: r2, Train: 0.5226, Val: 0.0459, best Val: 0.1485, Test: 0.3308
Training on 5109 samples...
Train epoch: 22 [0/5109 (0%)]	Loss: 0.936542
Make prediction for 5109 samples...
Make prediction for 833 samples...
Make prediction for 695 samples...
EarlyStopping counter: 10 out of 30
Epoch: 021, Train Loss: 0.9975, Metric: r2, Train: 0.4878, Val: 0.0508, best Val: 0.1485, Test: 0.2760
Training on 5109 samples...
Train epoch: 23 [0/5109 (0%)]	Loss: 0.943970
Make prediction for 5109 samples...
Make prediction for 833 samples...
Make prediction for 695 samples...
EarlyStopping counter: 11 out of 30
Epoch: 022, Train Loss: 0.9858, Metric: r2, Train: 0.5130, Val: 0.0738, best Val: 0.1485, Test: 0.3643
Training on 5109 samples...
Train epoch: 24 [0/5109 (0%)]	Loss: 0.965404
Make prediction for 5109 samples...
Make prediction for 833 samples...
Make prediction for 695 samples...
EarlyStopping counter: 12 out of 30
Epoch: 023, Train Loss: 0.9601, Metric: r2, Train: 0.5217, Val: -0.0735, best Val: 0.1485, Test: 0.3228
Training on 5109 samples...
Train epoch: 25 [0/5109 (0%)]	Loss: 0.941055
Make prediction for 5109 samples...
Make prediction for 833 samples...
Make prediction for 695 samples...
EarlyStopping counter: 13 out of 30
Epoch: 024, Train Loss: 0.9508, Metric: r2, Train: 0.5251, Val: -0.0173, best Val: 0.1485, Test: 0.3939
Training on 5109 samples...
Train epoch: 26 [0/5109 (0%)]	Loss: 0.935849
Make prediction for 5109 samples...
Make prediction for 833 samples...
Make prediction for 695 samples...
EarlyStopping counter: 14 out of 30
Epoch: 025, Train Loss: 0.9628, Metric: r2, Train: 0.5454, Val: 0.0590, best Val: 0.1485, Test: 0.2951
Training on 5109 samples...
Train epoch: 27 [0/5109 (0%)]	Loss: 0.932519
Make prediction for 5109 samples...
Make prediction for 833 samples...
Make prediction for 695 samples...
EarlyStopping counter: 15 out of 30
Epoch: 026, Train Loss: 0.9470, Metric: r2, Train: 0.5148, Val: 0.1134, best Val: 0.1485, Test: 0.4503
Training on 5109 samples...
Train epoch: 28 [0/5109 (0%)]	Loss: 0.919701
Make prediction for 5109 samples...
Make prediction for 833 samples...
Make prediction for 695 samples...
EarlyStopping counter: 16 out of 30
Epoch: 027, Train Loss: 0.9696, Metric: r2, Train: 0.5483, Val: 0.1057, best Val: 0.1485, Test: 0.4325
Training on 5109 samples...
Train epoch: 29 [0/5109 (0%)]	Loss: 0.866413
Make prediction for 5109 samples...
Make prediction for 833 samples...
Make prediction for 695 samples...
EarlyStopping counter: 17 out of 30
Epoch: 028, Train Loss: 0.9426, Metric: r2, Train: 0.5651, Val: -0.2333, best Val: 0.1485, Test: 0.2695
Training on 5109 samples...
Train epoch: 30 [0/5109 (0%)]	Loss: 0.933820
Make prediction for 5109 samples...
Make prediction for 833 samples...
Make prediction for 695 samples...
EarlyStopping counter: 18 out of 30
Epoch: 029, Train Loss: 0.9355, Metric: r2, Train: 0.5005, Val: 0.1202, best Val: 0.1485, Test: 0.4515
Training on 5109 samples...
Train epoch: 31 [0/5109 (0%)]	Loss: 0.981036
Make prediction for 5109 samples...
Make prediction for 833 samples...
Make prediction for 695 samples...
EarlyStopping counter: 19 out of 30
Epoch: 030, Train Loss: 0.9468, Metric: r2, Train: 0.5799, Val: -0.1283, best Val: 0.1485, Test: 0.4212
Training on 5109 samples...
Train epoch: 32 [0/5109 (0%)]	Loss: 0.912110
Make prediction for 5109 samples...
Make prediction for 833 samples...
Make prediction for 695 samples...
EarlyStopping counter: 20 out of 30
Epoch: 031, Train Loss: 0.9280, Metric: r2, Train: 0.5891, Val: -0.0034, best Val: 0.1485, Test: 0.4258
Training on 5109 samples...
Train epoch: 33 [0/5109 (0%)]	Loss: 0.968409
Make prediction for 5109 samples...
Make prediction for 833 samples...
Make prediction for 695 samples...
EarlyStopping counter: 21 out of 30
Epoch: 032, Train Loss: 0.9426, Metric: r2, Train: 0.5851, Val: 0.0394, best Val: 0.1485, Test: 0.3738
Training on 5109 samples...
Train epoch: 34 [0/5109 (0%)]	Loss: 0.984098
Make prediction for 5109 samples...
Make prediction for 833 samples...
Make prediction for 695 samples...
EarlyStopping counter: 22 out of 30
Epoch: 033, Train Loss: 0.9216, Metric: r2, Train: 0.5935, Val: -0.2363, best Val: 0.1485, Test: 0.3931
Training on 5109 samples...
Train epoch: 35 [0/5109 (0%)]	Loss: 0.963625
Make prediction for 5109 samples...
Make prediction for 833 samples...
Make prediction for 695 samples...
EarlyStopping counter: 23 out of 30
Epoch: 034, Train Loss: 0.9188, Metric: r2, Train: 0.5709, Val: -0.1377, best Val: 0.1485, Test: 0.3699
Training on 5109 samples...
Train epoch: 36 [0/5109 (0%)]	Loss: 0.937286
Make prediction for 5109 samples...
Make prediction for 833 samples...
Make prediction for 695 samples...
Make prediction for 695 samples...
Epoch: 035, Train Loss: 0.9180, Metric: r2, Train: 0.5828, Val: 0.1556, best Val: 0.1556, Test: 0.3475
Training on 5109 samples...
Train epoch: 37 [0/5109 (0%)]	Loss: 0.883307
Make prediction for 5109 samples...
Make prediction for 833 samples...
Make prediction for 695 samples...
EarlyStopping counter: 1 out of 30
Epoch: 036, Train Loss: 0.9163, Metric: r2, Train: 0.6055, Val: -0.2983, best Val: 0.1556, Test: 0.3213
Training on 5109 samples...
Train epoch: 38 [0/5109 (0%)]	Loss: 0.952751
Make prediction for 5109 samples...
Make prediction for 833 samples...
Make prediction for 695 samples...
EarlyStopping counter: 2 out of 30
Epoch: 037, Train Loss: 0.9141, Metric: r2, Train: 0.6079, Val: -0.2000, best Val: 0.1556, Test: 0.3615
Training on 5109 samples...
Train epoch: 39 [0/5109 (0%)]	Loss: 0.914839
Make prediction for 5109 samples...
Make prediction for 833 samples...
Make prediction for 695 samples...
Make prediction for 695 samples...
Epoch: 038, Train Loss: 0.9008, Metric: r2, Train: 0.5848, Val: 0.1582, best Val: 0.1582, Test: 0.4505
Training on 5109 samples...
Train epoch: 40 [0/5109 (0%)]	Loss: 0.921214
Make prediction for 5109 samples...
Make prediction for 833 samples...
Make prediction for 695 samples...
EarlyStopping counter: 1 out of 30
Epoch: 039, Train Loss: 0.8995, Metric: r2, Train: 0.6104, Val: -0.0179, best Val: 0.1582, Test: 0.4117
Training on 5109 samples...
Train epoch: 41 [0/5109 (0%)]	Loss: 0.857809
Make prediction for 5109 samples...
Make prediction for 833 samples...
Make prediction for 695 samples...
EarlyStopping counter: 2 out of 30
Epoch: 040, Train Loss: 0.9030, Metric: r2, Train: 0.6014, Val: -0.1271, best Val: 0.1582, Test: 0.2932
Training on 5109 samples...
Train epoch: 42 [0/5109 (0%)]	Loss: 0.854871
Make prediction for 5109 samples...
Make prediction for 833 samples...
Make prediction for 695 samples...
EarlyStopping counter: 3 out of 30
Epoch: 041, Train Loss: 0.9320, Metric: r2, Train: 0.5490, Val: -0.1350, best Val: 0.1582, Test: 0.3696
Training on 5109 samples...
Train epoch: 43 [0/5109 (0%)]	Loss: 1.010602
Make prediction for 5109 samples...
Make prediction for 833 samples...
Make prediction for 695 samples...
EarlyStopping counter: 4 out of 30
Epoch: 042, Train Loss: 0.9065, Metric: r2, Train: 0.6176, Val: -0.1240, best Val: 0.1582, Test: 0.3965
Training on 5109 samples...
Train epoch: 44 [0/5109 (0%)]	Loss: 0.827852
Make prediction for 5109 samples...
Make prediction for 833 samples...
Make prediction for 695 samples...
EarlyStopping counter: 5 out of 30
Epoch: 043, Train Loss: 0.8850, Metric: r2, Train: 0.6295, Val: 0.0040, best Val: 0.1582, Test: 0.4102
Training on 5109 samples...
Train epoch: 45 [0/5109 (0%)]	Loss: 0.866142
Make prediction for 5109 samples...
Make prediction for 833 samples...
Make prediction for 695 samples...
EarlyStopping counter: 6 out of 30
Epoch: 044, Train Loss: 0.8829, Metric: r2, Train: 0.6016, Val: -0.1236, best Val: 0.1582, Test: 0.3322
Training on 5109 samples...
Train epoch: 46 [0/5109 (0%)]	Loss: 0.873648
Make prediction for 5109 samples...
Make prediction for 833 samples...
Make prediction for 695 samples...
EarlyStopping counter: 7 out of 30
Epoch: 045, Train Loss: 0.8763, Metric: r2, Train: 0.6261, Val: 0.1253, best Val: 0.1582, Test: 0.3973
Training on 5109 samples...
Train epoch: 47 [0/5109 (0%)]	Loss: 0.859622
Make prediction for 5109 samples...
Make prediction for 833 samples...
Make prediction for 695 samples...
EarlyStopping counter: 8 out of 30
Epoch: 046, Train Loss: 0.8745, Metric: r2, Train: 0.6327, Val: -0.1627, best Val: 0.1582, Test: 0.3417
Training on 5109 samples...
Train epoch: 48 [0/5109 (0%)]	Loss: 0.887203
Make prediction for 5109 samples...
Make prediction for 833 samples...
Make prediction for 695 samples...
EarlyStopping counter: 9 out of 30
Epoch: 047, Train Loss: 0.8720, Metric: r2, Train: 0.6149, Val: 0.0113, best Val: 0.1582, Test: 0.3789
Training on 5109 samples...
Train epoch: 49 [0/5109 (0%)]	Loss: 0.894431
Make prediction for 5109 samples...
Make prediction for 833 samples...
Make prediction for 695 samples...
EarlyStopping counter: 10 out of 30
Epoch: 048, Train Loss: 0.8765, Metric: r2, Train: 0.6368, Val: -0.0319, best Val: 0.1582, Test: 0.3919
Training on 5109 samples...
Train epoch: 50 [0/5109 (0%)]	Loss: 0.961224
Make prediction for 5109 samples...
Make prediction for 833 samples...
Make prediction for 695 samples...
EarlyStopping counter: 11 out of 30
Epoch: 049, Train Loss: 0.8795, Metric: r2, Train: 0.6415, Val: 0.0321, best Val: 0.1582, Test: 0.4276
Training on 5109 samples...
Train epoch: 51 [0/5109 (0%)]	Loss: 0.842156
Make prediction for 5109 samples...
Make prediction for 833 samples...
Make prediction for 695 samples...
EarlyStopping counter: 12 out of 30
Epoch: 050, Train Loss: 0.8973, Metric: r2, Train: 0.6277, Val: 0.0325, best Val: 0.1582, Test: 0.3525
Training on 5109 samples...
Train epoch: 52 [0/5109 (0%)]	Loss: 0.915418
Make prediction for 5109 samples...
Make prediction for 833 samples...
Make prediction for 695 samples...
EarlyStopping counter: 13 out of 30
Epoch: 051, Train Loss: 0.8804, Metric: r2, Train: 0.6508, Val: 0.1207, best Val: 0.1582, Test: 0.3744
Training on 5109 samples...
Train epoch: 53 [0/5109 (0%)]	Loss: 0.879860
Make prediction for 5109 samples...
Make prediction for 833 samples...
Make prediction for 695 samples...
EarlyStopping counter: 14 out of 30
Epoch: 052, Train Loss: 0.8696, Metric: r2, Train: 0.6636, Val: 0.0574, best Val: 0.1582, Test: 0.4461
Training on 5109 samples...
Train epoch: 54 [0/5109 (0%)]	Loss: 0.825131
Make prediction for 5109 samples...
Make prediction for 833 samples...
Make prediction for 695 samples...
EarlyStopping counter: 15 out of 30
Epoch: 053, Train Loss: 0.8624, Metric: r2, Train: 0.6521, Val: 0.0289, best Val: 0.1582, Test: 0.4604
Training on 5109 samples...
Train epoch: 55 [0/5109 (0%)]	Loss: 0.853622
Make prediction for 5109 samples...
Make prediction for 833 samples...
Make prediction for 695 samples...
EarlyStopping counter: 16 out of 30
Epoch: 054, Train Loss: 0.8484, Metric: r2, Train: 0.6701, Val: -0.0202, best Val: 0.1582, Test: 0.4325
Training on 5109 samples...
Train epoch: 56 [0/5109 (0%)]	Loss: 0.831900
Make prediction for 5109 samples...
Make prediction for 833 samples...
Make prediction for 695 samples...
EarlyStopping counter: 17 out of 30
Epoch: 055, Train Loss: 0.8725, Metric: r2, Train: 0.6251, Val: 0.0284, best Val: 0.1582, Test: 0.3682
Training on 5109 samples...
Train epoch: 57 [0/5109 (0%)]	Loss: 0.908631
Make prediction for 5109 samples...
Make prediction for 833 samples...
Make prediction for 695 samples...
EarlyStopping counter: 18 out of 30
Epoch: 056, Train Loss: 0.8591, Metric: r2, Train: 0.6146, Val: 0.1482, best Val: 0.1582, Test: 0.4692
Training on 5109 samples...
Train epoch: 58 [0/5109 (0%)]	Loss: 0.910669
Make prediction for 5109 samples...
Make prediction for 833 samples...
Make prediction for 695 samples...
EarlyStopping counter: 19 out of 30
Epoch: 057, Train Loss: 0.8613, Metric: r2, Train: 0.6600, Val: -0.1033, best Val: 0.1582, Test: 0.3705
Training on 5109 samples...
Train epoch: 59 [0/5109 (0%)]	Loss: 0.855561
Make prediction for 5109 samples...
Make prediction for 833 samples...
Make prediction for 695 samples...
EarlyStopping counter: 20 out of 30
Epoch: 058, Train Loss: 0.8527, Metric: r2, Train: 0.6727, Val: -0.0452, best Val: 0.1582, Test: 0.4099
Training on 5109 samples...
Train epoch: 60 [0/5109 (0%)]	Loss: 0.905428
Make prediction for 5109 samples...
Make prediction for 833 samples...
Make prediction for 695 samples...
EarlyStopping counter: 21 out of 30
Epoch: 059, Train Loss: 0.9000, Metric: r2, Train: 0.6479, Val: 0.1538, best Val: 0.1582, Test: 0.4777
Training on 5109 samples...
Train epoch: 61 [0/5109 (0%)]	Loss: 0.854989
Make prediction for 5109 samples...
Make prediction for 833 samples...
Make prediction for 695 samples...
EarlyStopping counter: 22 out of 30
Epoch: 060, Train Loss: 0.8719, Metric: r2, Train: 0.6727, Val: 0.1314, best Val: 0.1582, Test: 0.4788
Training on 5109 samples...
Train epoch: 62 [0/5109 (0%)]	Loss: 0.842757
Make prediction for 5109 samples...
Make prediction for 833 samples...
Make prediction for 695 samples...
EarlyStopping counter: 23 out of 30
Epoch: 061, Train Loss: 0.8573, Metric: r2, Train: 0.6833, Val: 0.0819, best Val: 0.1582, Test: 0.4670
Training on 5109 samples...
Train epoch: 63 [0/5109 (0%)]	Loss: 0.836508
Make prediction for 5109 samples...
Make prediction for 833 samples...
Make prediction for 695 samples...
EarlyStopping counter: 24 out of 30
Epoch: 062, Train Loss: 0.8625, Metric: r2, Train: 0.6684, Val: 0.0600, best Val: 0.1582, Test: 0.4392
Training on 5109 samples...
Train epoch: 64 [0/5109 (0%)]	Loss: 0.877536
Make prediction for 5109 samples...
Make prediction for 833 samples...
Make prediction for 695 samples...
EarlyStopping counter: 25 out of 30
Epoch: 063, Train Loss: 0.8819, Metric: r2, Train: 0.6524, Val: 0.1272, best Val: 0.1582, Test: 0.4075
Training on 5109 samples...
Train epoch: 65 [0/5109 (0%)]	Loss: 0.884515
Make prediction for 5109 samples...
Make prediction for 833 samples...
Make prediction for 695 samples...
EarlyStopping counter: 26 out of 30
Epoch: 064, Train Loss: 0.8687, Metric: r2, Train: 0.6679, Val: 0.0050, best Val: 0.1582, Test: 0.3807
Training on 5109 samples...
Train epoch: 66 [0/5109 (0%)]	Loss: 0.798009
Make prediction for 5109 samples...
Make prediction for 833 samples...
Make prediction for 695 samples...
EarlyStopping counter: 27 out of 30
Epoch: 065, Train Loss: 0.8449, Metric: r2, Train: 0.6842, Val: 0.1216, best Val: 0.1582, Test: 0.5175
Training on 5109 samples...
Train epoch: 67 [0/5109 (0%)]	Loss: 0.860541
Make prediction for 5109 samples...
Make prediction for 833 samples...
Make prediction for 695 samples...
Make prediction for 695 samples...
Epoch: 066, Train Loss: 0.8434, Metric: r2, Train: 0.6826, Val: 0.1950, best Val: 0.1950, Test: 0.4582
Training on 5109 samples...
Train epoch: 68 [0/5109 (0%)]	Loss: 0.788912
Make prediction for 5109 samples...
Make prediction for 833 samples...
Make prediction for 695 samples...
EarlyStopping counter: 1 out of 30
Epoch: 067, Train Loss: 0.8361, Metric: r2, Train: 0.6841, Val: 0.1918, best Val: 0.1950, Test: 0.4641
Training on 5109 samples...
Train epoch: 69 [0/5109 (0%)]	Loss: 0.836665
Make prediction for 5109 samples...
Make prediction for 833 samples...
Make prediction for 695 samples...
EarlyStopping counter: 2 out of 30
Epoch: 068, Train Loss: 0.8291, Metric: r2, Train: 0.6887, Val: -0.0219, best Val: 0.1950, Test: 0.4273
Training on 5109 samples...
Train epoch: 70 [0/5109 (0%)]	Loss: 0.814560
Make prediction for 5109 samples...
Make prediction for 833 samples...
Make prediction for 695 samples...
EarlyStopping counter: 3 out of 30
Epoch: 069, Train Loss: 0.8290, Metric: r2, Train: 0.7087, Val: 0.0815, best Val: 0.1950, Test: 0.4539
Training on 5109 samples...
Train epoch: 71 [0/5109 (0%)]	Loss: 0.817857
Make prediction for 5109 samples...
Make prediction for 833 samples...
Make prediction for 695 samples...
EarlyStopping counter: 4 out of 30
Epoch: 070, Train Loss: 0.8135, Metric: r2, Train: 0.7006, Val: 0.1780, best Val: 0.1950, Test: 0.5328
Training on 5109 samples...
Train epoch: 72 [0/5109 (0%)]	Loss: 0.852009
Make prediction for 5109 samples...
Make prediction for 833 samples...
Make prediction for 695 samples...
EarlyStopping counter: 5 out of 30
Epoch: 071, Train Loss: 0.8440, Metric: r2, Train: 0.6920, Val: 0.1266, best Val: 0.1950, Test: 0.4998
Training on 5109 samples...
Train epoch: 73 [0/5109 (0%)]	Loss: 0.838307
Make prediction for 5109 samples...
Make prediction for 833 samples...
Make prediction for 695 samples...
EarlyStopping counter: 6 out of 30
Epoch: 072, Train Loss: 0.8225, Metric: r2, Train: 0.6790, Val: 0.1380, best Val: 0.1950, Test: 0.3858
Training on 5109 samples...
Train epoch: 74 [0/5109 (0%)]	Loss: 0.840132
Make prediction for 5109 samples...
Make prediction for 833 samples...
Make prediction for 695 samples...
EarlyStopping counter: 7 out of 30
Epoch: 073, Train Loss: 0.8081, Metric: r2, Train: 0.7026, Val: 0.1498, best Val: 0.1950, Test: 0.4705
Training on 5109 samples...
Train epoch: 75 [0/5109 (0%)]	Loss: 0.917754
Make prediction for 5109 samples...
Make prediction for 833 samples...
Make prediction for 695 samples...
EarlyStopping counter: 8 out of 30
Epoch: 074, Train Loss: 0.8146, Metric: r2, Train: 0.6922, Val: 0.1071, best Val: 0.1950, Test: 0.5123
Training on 5109 samples...
Train epoch: 76 [0/5109 (0%)]	Loss: 0.808712
Make prediction for 5109 samples...
Make prediction for 833 samples...
Make prediction for 695 samples...
EarlyStopping counter: 9 out of 30
Epoch: 075, Train Loss: 0.7896, Metric: r2, Train: 0.7078, Val: 0.1220, best Val: 0.1950, Test: 0.5562
Training on 5109 samples...
Train epoch: 77 [0/5109 (0%)]	Loss: 0.746867
Make prediction for 5109 samples...
Make prediction for 833 samples...
Make prediction for 695 samples...
EarlyStopping counter: 10 out of 30
Epoch: 076, Train Loss: 0.7893, Metric: r2, Train: 0.6863, Val: 0.1780, best Val: 0.1950, Test: 0.4169
Training on 5109 samples...
Train epoch: 78 [0/5109 (0%)]	Loss: 0.765354
Make prediction for 5109 samples...
Make prediction for 833 samples...
Make prediction for 695 samples...
Make prediction for 695 samples...
Epoch: 077, Train Loss: 0.7730, Metric: r2, Train: 0.7060, Val: 0.1991, best Val: 0.1991, Test: 0.5298
Training on 5109 samples...
Train epoch: 79 [0/5109 (0%)]	Loss: 0.788758
Make prediction for 5109 samples...
Make prediction for 833 samples...
Make prediction for 695 samples...
EarlyStopping counter: 1 out of 30
Epoch: 078, Train Loss: 0.7596, Metric: r2, Train: 0.7178, Val: 0.1824, best Val: 0.1991, Test: 0.4813
Training on 5109 samples...
Train epoch: 80 [0/5109 (0%)]	Loss: 0.748895
Make prediction for 5109 samples...
Make prediction for 833 samples...
Make prediction for 695 samples...
EarlyStopping counter: 2 out of 30
Epoch: 079, Train Loss: 0.7509, Metric: r2, Train: 0.7162, Val: 0.1873, best Val: 0.1991, Test: 0.4752
Training on 5109 samples...
Train epoch: 81 [0/5109 (0%)]	Loss: 0.708940
Make prediction for 5109 samples...
Make prediction for 833 samples...
Make prediction for 695 samples...
EarlyStopping counter: 3 out of 30
Epoch: 080, Train Loss: 0.7485, Metric: r2, Train: 0.7270, Val: 0.1619, best Val: 0.1991, Test: 0.5339
Training on 5109 samples...
Train epoch: 82 [0/5109 (0%)]	Loss: 0.716566
Make prediction for 5109 samples...
Make prediction for 833 samples...
Make prediction for 695 samples...
EarlyStopping counter: 4 out of 30
Epoch: 081, Train Loss: 0.7537, Metric: r2, Train: 0.7017, Val: -0.1028, best Val: 0.1991, Test: 0.5629
Training on 5109 samples...
Train epoch: 83 [0/5109 (0%)]	Loss: 0.729348
Make prediction for 5109 samples...
Make prediction for 833 samples...
Make prediction for 695 samples...
EarlyStopping counter: 5 out of 30
Epoch: 082, Train Loss: 0.7498, Metric: r2, Train: 0.7051, Val: -0.0790, best Val: 0.1991, Test: 0.5013
Training on 5109 samples...
Train epoch: 84 [0/5109 (0%)]	Loss: 0.732294
Make prediction for 5109 samples...
Make prediction for 833 samples...
Make prediction for 695 samples...
EarlyStopping counter: 6 out of 30
Epoch: 083, Train Loss: 0.7382, Metric: r2, Train: 0.7222, Val: 0.1353, best Val: 0.1991, Test: 0.5299
Training on 5109 samples...
Train epoch: 85 [0/5109 (0%)]	Loss: 0.734101
Make prediction for 5109 samples...
Make prediction for 833 samples...
Make prediction for 695 samples...
EarlyStopping counter: 7 out of 30
Epoch: 084, Train Loss: 0.7370, Metric: r2, Train: 0.6811, Val: 0.0890, best Val: 0.1991, Test: 0.5414
Training on 5109 samples...
Train epoch: 86 [0/5109 (0%)]	Loss: 0.747357
Make prediction for 5109 samples...
Make prediction for 833 samples...
Make prediction for 695 samples...
EarlyStopping counter: 8 out of 30
Epoch: 085, Train Loss: 0.7454, Metric: r2, Train: 0.7244, Val: 0.0423, best Val: 0.1991, Test: 0.5281
Training on 5109 samples...
Train epoch: 87 [0/5109 (0%)]	Loss: 0.664166
Make prediction for 5109 samples...
Make prediction for 833 samples...
Make prediction for 695 samples...
EarlyStopping counter: 9 out of 30
Epoch: 086, Train Loss: 0.7260, Metric: r2, Train: 0.7308, Val: 0.0297, best Val: 0.1991, Test: 0.5802
Training on 5109 samples...
Train epoch: 88 [0/5109 (0%)]	Loss: 0.722812
Make prediction for 5109 samples...
Make prediction for 833 samples...
Make prediction for 695 samples...
EarlyStopping counter: 10 out of 30
Epoch: 087, Train Loss: 0.7361, Metric: r2, Train: 0.7264, Val: 0.0867, best Val: 0.1991, Test: 0.5575
Training on 5109 samples...
Train epoch: 89 [0/5109 (0%)]	Loss: 0.744623
Make prediction for 5109 samples...
Make prediction for 833 samples...
Make prediction for 695 samples...
EarlyStopping counter: 11 out of 30
Epoch: 088, Train Loss: 0.7248, Metric: r2, Train: 0.7300, Val: 0.1828, best Val: 0.1991, Test: 0.4584
Training on 5109 samples...
Train epoch: 90 [0/5109 (0%)]	Loss: 0.687896
Make prediction for 5109 samples...
Make prediction for 833 samples...
Make prediction for 695 samples...
EarlyStopping counter: 12 out of 30
Epoch: 089, Train Loss: 0.7228, Metric: r2, Train: 0.7287, Val: 0.0096, best Val: 0.1991, Test: 0.5959
Training on 5109 samples...
Train epoch: 91 [0/5109 (0%)]	Loss: 0.758738
Make prediction for 5109 samples...
Make prediction for 833 samples...
Make prediction for 695 samples...
EarlyStopping counter: 13 out of 30
Epoch: 090, Train Loss: 0.7250, Metric: r2, Train: 0.7462, Val: -0.0220, best Val: 0.1991, Test: 0.5699
Training on 5109 samples...
Train epoch: 92 [0/5109 (0%)]	Loss: 0.694058
Make prediction for 5109 samples...
Make prediction for 833 samples...
Make prediction for 695 samples...
EarlyStopping counter: 14 out of 30
Epoch: 091, Train Loss: 0.7173, Metric: r2, Train: 0.7299, Val: 0.1545, best Val: 0.1991, Test: 0.5432
Training on 5109 samples...
Train epoch: 93 [0/5109 (0%)]	Loss: 0.739064
Make prediction for 5109 samples...
Make prediction for 833 samples...
Make prediction for 695 samples...
EarlyStopping counter: 15 out of 30
Epoch: 092, Train Loss: 0.7093, Metric: r2, Train: 0.7303, Val: 0.1818, best Val: 0.1991, Test: 0.5725
Training on 5109 samples...
Train epoch: 94 [0/5109 (0%)]	Loss: 0.745039
Make prediction for 5109 samples...
Make prediction for 833 samples...
Make prediction for 695 samples...
EarlyStopping counter: 16 out of 30
Epoch: 093, Train Loss: 0.7116, Metric: r2, Train: 0.7161, Val: -0.1190, best Val: 0.1991, Test: 0.5513
Training on 5109 samples...
Train epoch: 95 [0/5109 (0%)]	Loss: 0.767737
Make prediction for 5109 samples...
Make prediction for 833 samples...
Make prediction for 695 samples...
EarlyStopping counter: 17 out of 30
Epoch: 094, Train Loss: 0.7148, Metric: r2, Train: 0.7260, Val: -0.2718, best Val: 0.1991, Test: 0.5781
Training on 5109 samples...
Train epoch: 96 [0/5109 (0%)]	Loss: 0.764349
Make prediction for 5109 samples...
Make prediction for 833 samples...
Make prediction for 695 samples...
EarlyStopping counter: 18 out of 30
Epoch: 095, Train Loss: 0.7021, Metric: r2, Train: 0.7417, Val: 0.1893, best Val: 0.1991, Test: 0.4690
Training on 5109 samples...
Train epoch: 97 [0/5109 (0%)]	Loss: 0.643130
Make prediction for 5109 samples...
Make prediction for 833 samples...
Make prediction for 695 samples...
EarlyStopping counter: 19 out of 30
Epoch: 096, Train Loss: 0.6990, Metric: r2, Train: 0.7554, Val: 0.0535, best Val: 0.1991, Test: 0.5438
Training on 5109 samples...
Train epoch: 98 [0/5109 (0%)]	Loss: 0.699865
Make prediction for 5109 samples...
Make prediction for 833 samples...
Make prediction for 695 samples...
EarlyStopping counter: 20 out of 30
Epoch: 097, Train Loss: 0.6995, Metric: r2, Train: 0.7433, Val: -0.1753, best Val: 0.1991, Test: 0.5591
Training on 5109 samples...
Train epoch: 99 [0/5109 (0%)]	Loss: 0.654489
Make prediction for 5109 samples...
Make prediction for 833 samples...
Make prediction for 695 samples...
EarlyStopping counter: 21 out of 30
Epoch: 098, Train Loss: 0.6842, Metric: r2, Train: 0.7477, Val: 0.0195, best Val: 0.1991, Test: 0.5638
Training on 5109 samples...
Train epoch: 100 [0/5109 (0%)]	Loss: 0.674431
Make prediction for 5109 samples...
Make prediction for 833 samples...
Make prediction for 695 samples...
EarlyStopping counter: 22 out of 30
Epoch: 099, Train Loss: 0.6947, Metric: r2, Train: 0.7460, Val: 0.0829, best Val: 0.1991, Test: 0.5329
Training on 5109 samples...
Train epoch: 101 [0/5109 (0%)]	Loss: 0.694331
Make prediction for 5109 samples...
Make prediction for 833 samples...
Make prediction for 695 samples...
EarlyStopping counter: 23 out of 30
Epoch: 100, Train Loss: 0.6815, Metric: r2, Train: 0.7332, Val: -0.1981, best Val: 0.1991, Test: 0.5593
Training on 5109 samples...
Train epoch: 102 [0/5109 (0%)]	Loss: 0.675818
Make prediction for 5109 samples...
Make prediction for 833 samples...
Make prediction for 695 samples...
EarlyStopping counter: 24 out of 30
Epoch: 101, Train Loss: 0.6902, Metric: r2, Train: 0.7359, Val: 0.0334, best Val: 0.1991, Test: 0.5159
Training on 5109 samples...
Train epoch: 103 [0/5109 (0%)]	Loss: 0.685507
Make prediction for 5109 samples...
Make prediction for 833 samples...
Make prediction for 695 samples...
EarlyStopping counter: 25 out of 30
Epoch: 102, Train Loss: 0.6832, Metric: r2, Train: 0.7477, Val: 0.1336, best Val: 0.1991, Test: 0.5068
Training on 5109 samples...
Train epoch: 104 [0/5109 (0%)]	Loss: 0.648836
Make prediction for 5109 samples...
Make prediction for 833 samples...
Make prediction for 695 samples...
EarlyStopping counter: 26 out of 30
Epoch: 103, Train Loss: 0.6890, Metric: r2, Train: 0.7326, Val: 0.0681, best Val: 0.1991, Test: 0.5456
Training on 5109 samples...
Train epoch: 105 [0/5109 (0%)]	Loss: 0.687291
Make prediction for 5109 samples...
Make prediction for 833 samples...
Make prediction for 695 samples...
EarlyStopping counter: 27 out of 30
Epoch: 104, Train Loss: 0.6792, Metric: r2, Train: 0.7580, Val: 0.1356, best Val: 0.1991, Test: 0.5609
Training on 5109 samples...
Train epoch: 106 [0/5109 (0%)]	Loss: 0.691045
Make prediction for 5109 samples...
Make prediction for 833 samples...
Make prediction for 695 samples...
EarlyStopping counter: 28 out of 30
Epoch: 105, Train Loss: 0.6779, Metric: r2, Train: 0.7560, Val: 0.0898, best Val: 0.1991, Test: 0.5350
Training on 5109 samples...
Train epoch: 107 [0/5109 (0%)]	Loss: 0.656324
Make prediction for 5109 samples...
Make prediction for 833 samples...
Make prediction for 695 samples...
EarlyStopping counter: 29 out of 30
Epoch: 106, Train Loss: 0.6668, Metric: r2, Train: 0.7565, Val: -0.0788, best Val: 0.1991, Test: 0.5664
Training on 5109 samples...
Train epoch: 108 [0/5109 (0%)]	Loss: 0.624539
Make prediction for 5109 samples...
Make prediction for 833 samples...
Make prediction for 695 samples...
EarlyStopping counter: 30 out of 30
Epoch: 107, Train Loss: 0.6687, Metric: r2, Train: 0.7644, Val: 0.0213, best Val: 0.1991, Test: 0.5391
out of patience!
******PAMPA1_Perimeter_2064, 5th_time_result******
train_result: 0.706
val_result: 0.1991
test_result: 0.5298
************************************5_times_result************************************
the train result of all tasks (r2):  [0.72869137 0.60316407 0.71348606 0.70033109 0.70600885]
the average train result of all tasks (r2): 0.6903
the train result of all tasks (std): 0.0446
the train result of all tasks (var): 0.0020
the val result of all tasks (r2):  [0.17713985 0.17469076 0.18175369 0.19253533 0.19913135]
the average val result of all tasks (r2): 0.1851
the val result of all tasks (std): 0.0093
the val result of all tasks (var): 0.0001
the test result of all tasks (r2): [0.45824657 0.40913325 0.430701   0.48679011 0.52978904]
the average test result of all tasks (r2): 0.4629
the test result of all tasks (std): 0.0424
the test result of all tasks (var): 0.0018
PAMPA1_Perimeter_2064 time used:, 0:14:26
/root/data1/miniconda3/envs/CMMSGCL/lib/python3.8/site-packages/torch_geometric/data/in_memory_dataset.py:284: UserWarning: It is not recommended to directly access the internal storage format `data` of an 'InMemoryDataset'. If you are absolutely certain what you are doing, access the internal storage via `InMemoryDataset._data` instead to suppress this warning. Alternatively, you can access stacked individual attributes of every graph via `dataset.{attr_name}`.
  warnings.warn(msg)
/root/data1/miniconda3/envs/CMMSGCL/lib/python3.8/site-packages/torch_geometric/deprecation.py:22: UserWarning: 'data.DataLoader' is deprecated, use 'loader.DataLoader' instead
  warnings.warn(out)
/root/data1/miniconda3/envs/CMMSGCL/lib/python3.8/site-packages/torch_geometric/data/in_memory_dataset.py:284: UserWarning: It is not recommended to directly access the internal storage format `data` of an 'InMemoryDataset'. If you are absolutely certain what you are doing, access the internal storage via `InMemoryDataset._data` instead to suppress this warning. Alternatively, you can access stacked individual attributes of every graph via `dataset.{attr_name}`.
  warnings.warn(msg)
/root/data1/miniconda3/envs/CMMSGCL/lib/python3.8/site-packages/torch_geometric/deprecation.py:22: UserWarning: 'data.DataLoader' is deprecated, use 'loader.DataLoader' instead
  warnings.warn(out)
/root/data1/miniconda3/envs/CMMSGCL/lib/python3.8/site-packages/torch_geometric/data/in_memory_dataset.py:284: UserWarning: It is not recommended to directly access the internal storage format `data` of an 'InMemoryDataset'. If you are absolutely certain what you are doing, access the internal storage via `InMemoryDataset._data` instead to suppress this warning. Alternatively, you can access stacked individual attributes of every graph via `dataset.{attr_name}`.
  warnings.warn(msg)
/root/data1/miniconda3/envs/CMMSGCL/lib/python3.8/site-packages/torch_geometric/deprecation.py:22: UserWarning: 'data.DataLoader' is deprecated, use 'loader.DataLoader' instead
  warnings.warn(out)
/root/data1/miniconda3/envs/CMMSGCL/lib/python3.8/site-packages/torch_geometric/data/in_memory_dataset.py:284: UserWarning: It is not recommended to directly access the internal storage format `data` of an 'InMemoryDataset'. If you are absolutely certain what you are doing, access the internal storage via `InMemoryDataset._data` instead to suppress this warning. Alternatively, you can access stacked individual attributes of every graph via `dataset.{attr_name}`.
  warnings.warn(msg)
/root/data1/miniconda3/envs/CMMSGCL/lib/python3.8/site-packages/torch_geometric/deprecation.py:22: UserWarning: 'data.DataLoader' is deprecated, use 'loader.DataLoader' instead
  warnings.warn(out)
/root/data1/miniconda3/envs/CMMSGCL/lib/python3.8/site-packages/torch_geometric/data/in_memory_dataset.py:284: UserWarning: It is not recommended to directly access the internal storage format `data` of an 'InMemoryDataset'. If you are absolutely certain what you are doing, access the internal storage via `InMemoryDataset._data` instead to suppress this warning. Alternatively, you can access stacked individual attributes of every graph via `dataset.{attr_name}`.
  warnings.warn(msg)
/root/data1/miniconda3/envs/CMMSGCL/lib/python3.8/site-packages/torch_geometric/deprecation.py:22: UserWarning: 'data.DataLoader' is deprecated, use 'loader.DataLoader' instead
  warnings.warn(out)
