nohup: ignoring input
Current seed: 2024, current split method: Perimeter, current task: Caco2
Learning rate:  0.0005
Epochs:  500
please run create_data.py to prepare data in pytorch format!
Current seed: 2034, current split method: Perimeter, current task: Caco2
Learning rate:  0.0005
Epochs:  500
please run create_data.py to prepare data in pytorch format!
Current seed: 2044, current split method: Perimeter, current task: Caco2
Learning rate:  0.0005
Epochs:  500
please run create_data.py to prepare data in pytorch format!
Current seed: 2054, current split method: Perimeter, current task: Caco2
Learning rate:  0.0005
Epochs:  500
please run create_data.py to prepare data in pytorch format!
Current seed: 2064, current split method: Perimeter, current task: Caco2
Learning rate:  0.0005
Epochs:  500
please run create_data.py to prepare data in pytorch format!
nohup: ignoring input
Current seed: 2024, current split method: Perimeter, current task: Caco2
Learning rate:  0.0005
Epochs:  500
Current seed: 2024
Pre-processed data found: data/processed/Caco2_Perimeter_2024/Caco2_Perimeter_2024_train.pt, loading ...
Pre-processed data found: data/processed/Caco2_Perimeter_2024/Caco2_Perimeter_2024_valid.pt, loading ...
Pre-processed data found: data/processed/Caco2_Perimeter_2024/Caco2_Perimeter_2024_test.pt, loading ...
trainset mean:-5.171485424041748 std:0.7813431024551392
Training on 645 samples...
Train epoch: 1 [0/645 (0%)]	Loss: 1.727719
Make prediction for 645 samples...
Make prediction for 92 samples...
Make prediction for 105 samples...
Make prediction for 105 samples...
Epoch: 000, Train Loss: 1.7486, Metric: r2, Train: -0.0305, Val: -0.0511, best Val: -0.0511, Test: -0.3872
Training on 645 samples...
Train epoch: 2 [0/645 (0%)]	Loss: 1.593270
Make prediction for 645 samples...
Make prediction for 92 samples...
Make prediction for 105 samples...
Make prediction for 105 samples...
Epoch: 001, Train Loss: 1.6365, Metric: r2, Train: 0.0002, Val: 0.0035, best Val: 0.0035, Test: -0.1336
Training on 645 samples...
Train epoch: 3 [0/645 (0%)]	Loss: 1.653788
Make prediction for 645 samples...
Make prediction for 92 samples...
Make prediction for 105 samples...
EarlyStopping counter: 1 out of 30
Epoch: 002, Train Loss: 1.6281, Metric: r2, Train: -0.0050, Val: -0.0020, best Val: 0.0035, Test: -0.0988
Training on 645 samples...
Train epoch: 4 [0/645 (0%)]	Loss: 1.667197
Make prediction for 645 samples...
Make prediction for 92 samples...
Make prediction for 105 samples...
EarlyStopping counter: 2 out of 30
Epoch: 003, Train Loss: 1.6109, Metric: r2, Train: -0.0074, Val: -0.0117, best Val: 0.0035, Test: -0.2881
Training on 645 samples...
Train epoch: 5 [0/645 (0%)]	Loss: 1.698875
Make prediction for 645 samples...
Make prediction for 92 samples...
Make prediction for 105 samples...
Make prediction for 105 samples...
Epoch: 004, Train Loss: 1.6222, Metric: r2, Train: 0.0019, Val: 0.0049, best Val: 0.0049, Test: -0.2265
Training on 645 samples...
Train epoch: 6 [0/645 (0%)]	Loss: 1.493094
Make prediction for 645 samples...
Make prediction for 92 samples...
Make prediction for 105 samples...
Make prediction for 105 samples...
Epoch: 005, Train Loss: 1.6086, Metric: r2, Train: 0.0066, Val: 0.0170, best Val: 0.0170, Test: -0.1348
Training on 645 samples...
Train epoch: 7 [0/645 (0%)]	Loss: 1.524054
Make prediction for 645 samples...
Make prediction for 92 samples...
Make prediction for 105 samples...
Make prediction for 105 samples...
Epoch: 006, Train Loss: 1.6022, Metric: r2, Train: 0.0113, Val: 0.0220, best Val: 0.0220, Test: -0.1323
Training on 645 samples...
Train epoch: 8 [0/645 (0%)]	Loss: 1.674556
Make prediction for 645 samples...
Make prediction for 92 samples...
Make prediction for 105 samples...
EarlyStopping counter: 1 out of 30
Epoch: 007, Train Loss: 1.5992, Metric: r2, Train: 0.0124, Val: 0.0199, best Val: 0.0220, Test: -0.2058
Training on 645 samples...
Train epoch: 9 [0/645 (0%)]	Loss: 1.664219
Make prediction for 645 samples...
Make prediction for 92 samples...
Make prediction for 105 samples...
Make prediction for 105 samples...
Epoch: 008, Train Loss: 1.5984, Metric: r2, Train: 0.0159, Val: 0.0256, best Val: 0.0256, Test: -0.1990
Training on 645 samples...
Train epoch: 10 [0/645 (0%)]	Loss: 1.524481
Make prediction for 645 samples...
Make prediction for 92 samples...
Make prediction for 105 samples...
Make prediction for 105 samples...
Epoch: 009, Train Loss: 1.5891, Metric: r2, Train: 0.0282, Val: 0.0445, best Val: 0.0445, Test: -0.0890
Training on 645 samples...
Train epoch: 11 [0/645 (0%)]	Loss: 1.616536
Make prediction for 645 samples...
Make prediction for 92 samples...
Make prediction for 105 samples...
Make prediction for 105 samples...
Epoch: 010, Train Loss: 1.5890, Metric: r2, Train: 0.0352, Val: 0.0457, best Val: 0.0457, Test: -0.0238
Training on 645 samples...
Train epoch: 12 [0/645 (0%)]	Loss: 1.586395
Make prediction for 645 samples...
Make prediction for 92 samples...
Make prediction for 105 samples...
EarlyStopping counter: 1 out of 30
Epoch: 011, Train Loss: 1.5758, Metric: r2, Train: 0.0406, Val: 0.0378, best Val: 0.0457, Test: -0.1974
Training on 645 samples...
Train epoch: 13 [0/645 (0%)]	Loss: 1.510790
Make prediction for 645 samples...
Make prediction for 92 samples...
Make prediction for 105 samples...
Make prediction for 105 samples...
Epoch: 012, Train Loss: 1.5601, Metric: r2, Train: 0.0698, Val: 0.0628, best Val: 0.0628, Test: 0.0272
Training on 645 samples...
Train epoch: 14 [0/645 (0%)]	Loss: 1.505596
Make prediction for 645 samples...
Make prediction for 92 samples...
Make prediction for 105 samples...
Make prediction for 105 samples...
Epoch: 013, Train Loss: 1.5390, Metric: r2, Train: 0.1173, Val: 0.0804, best Val: 0.0804, Test: -0.0519
Training on 645 samples...
Train epoch: 15 [0/645 (0%)]	Loss: 1.548876
Make prediction for 645 samples...
Make prediction for 92 samples...
Make prediction for 105 samples...
Make prediction for 105 samples...
Epoch: 014, Train Loss: 1.4845, Metric: r2, Train: 0.1605, Val: 0.0835, best Val: 0.0835, Test: 0.1348
Training on 645 samples...
Train epoch: 16 [0/645 (0%)]	Loss: 1.467736
Make prediction for 645 samples...
Make prediction for 92 samples...
Make prediction for 105 samples...
Make prediction for 105 samples...
Epoch: 015, Train Loss: 1.4526, Metric: r2, Train: 0.2415, Val: 0.1083, best Val: 0.1083, Test: 0.0206
Training on 645 samples...
Train epoch: 17 [0/645 (0%)]	Loss: 1.396730
Make prediction for 645 samples...
Make prediction for 92 samples...
Make prediction for 105 samples...
Make prediction for 105 samples...
Epoch: 016, Train Loss: 1.3612, Metric: r2, Train: 0.2895, Val: 0.1262, best Val: 0.1262, Test: 0.2073
Training on 645 samples...
Train epoch: 18 [0/645 (0%)]	Loss: 1.326437
Make prediction for 645 samples...
Make prediction for 92 samples...
Make prediction for 105 samples...
Make prediction for 105 samples...
Epoch: 017, Train Loss: 1.3369, Metric: r2, Train: 0.3414, Val: 0.1796, best Val: 0.1796, Test: 0.2176
Training on 645 samples...
Train epoch: 19 [0/645 (0%)]	Loss: 1.256251
Make prediction for 645 samples...
Make prediction for 92 samples...
Make prediction for 105 samples...
Make prediction for 105 samples...
Epoch: 018, Train Loss: 1.2485, Metric: r2, Train: 0.4173, Val: 0.2883, best Val: 0.2883, Test: 0.1983
Training on 645 samples...
Train epoch: 20 [0/645 (0%)]	Loss: 1.290008
Make prediction for 645 samples...
Make prediction for 92 samples...
Make prediction for 105 samples...
Make prediction for 105 samples...
Epoch: 019, Train Loss: 1.2814, Metric: r2, Train: 0.4442, Val: 0.3710, best Val: 0.3710, Test: 0.2124
Training on 645 samples...
Train epoch: 21 [0/645 (0%)]	Loss: 1.195042
Make prediction for 645 samples...
Make prediction for 92 samples...
Make prediction for 105 samples...
EarlyStopping counter: 1 out of 30
Epoch: 020, Train Loss: 1.2299, Metric: r2, Train: 0.3303, Val: 0.1498, best Val: 0.3710, Test: -0.0411
Training on 645 samples...
Train epoch: 22 [0/645 (0%)]	Loss: 1.298894
Make prediction for 645 samples...
Make prediction for 92 samples...
Make prediction for 105 samples...
EarlyStopping counter: 2 out of 30
Epoch: 021, Train Loss: 1.2276, Metric: r2, Train: 0.3196, Val: 0.2508, best Val: 0.3710, Test: 0.0690
Training on 645 samples...
Train epoch: 23 [0/645 (0%)]	Loss: 1.292689
Make prediction for 645 samples...
Make prediction for 92 samples...
Make prediction for 105 samples...
EarlyStopping counter: 3 out of 30
Epoch: 022, Train Loss: 1.2300, Metric: r2, Train: 0.3979, Val: 0.2211, best Val: 0.3710, Test: -0.0506
Training on 645 samples...
Train epoch: 24 [0/645 (0%)]	Loss: 1.248259
Make prediction for 645 samples...
Make prediction for 92 samples...
Make prediction for 105 samples...
Make prediction for 105 samples...
Epoch: 023, Train Loss: 1.1841, Metric: r2, Train: 0.4386, Val: 0.3883, best Val: 0.3883, Test: 0.1206
Training on 645 samples...
Train epoch: 25 [0/645 (0%)]	Loss: 1.200348
Make prediction for 645 samples...
Make prediction for 92 samples...
Make prediction for 105 samples...
EarlyStopping counter: 1 out of 30
Epoch: 024, Train Loss: 1.1497, Metric: r2, Train: 0.4697, Val: 0.3019, best Val: 0.3883, Test: 0.0381
Training on 645 samples...
Train epoch: 26 [0/645 (0%)]	Loss: 1.112321
Make prediction for 645 samples...
Make prediction for 92 samples...
Make prediction for 105 samples...
Make prediction for 105 samples...
Epoch: 025, Train Loss: 1.1346, Metric: r2, Train: 0.5342, Val: 0.4671, best Val: 0.4671, Test: 0.1519
Training on 645 samples...
Train epoch: 27 [0/645 (0%)]	Loss: 1.093200
Make prediction for 645 samples...
Make prediction for 92 samples...
Make prediction for 105 samples...
EarlyStopping counter: 1 out of 30
Epoch: 026, Train Loss: 1.0924, Metric: r2, Train: 0.5613, Val: 0.4379, best Val: 0.4671, Test: 0.1678
Training on 645 samples...
Train epoch: 28 [0/645 (0%)]	Loss: 1.076986
Make prediction for 645 samples...
Make prediction for 92 samples...
Make prediction for 105 samples...
EarlyStopping counter: 2 out of 30
Epoch: 027, Train Loss: 1.0866, Metric: r2, Train: 0.5618, Val: 0.3945, best Val: 0.4671, Test: 0.1821
Training on 645 samples...
Train epoch: 29 [0/645 (0%)]	Loss: 1.019236
Make prediction for 645 samples...
Make prediction for 92 samples...
Make prediction for 105 samples...
EarlyStopping counter: 3 out of 30
Epoch: 028, Train Loss: 1.0773, Metric: r2, Train: 0.5302, Val: 0.4587, best Val: 0.4671, Test: 0.0683
Training on 645 samples...
Train epoch: 30 [0/645 (0%)]	Loss: 1.146997
Make prediction for 645 samples...
Make prediction for 92 samples...
Make prediction for 105 samples...
EarlyStopping counter: 4 out of 30
Epoch: 029, Train Loss: 1.0673, Metric: r2, Train: 0.5611, Val: 0.3273, best Val: 0.4671, Test: 0.1408
Training on 645 samples...
Train epoch: 31 [0/645 (0%)]	Loss: 1.064268
Make prediction for 645 samples...
Make prediction for 92 samples...
Make prediction for 105 samples...
EarlyStopping counter: 5 out of 30
Epoch: 030, Train Loss: 1.0629, Metric: r2, Train: 0.6164, Val: 0.4608, best Val: 0.4671, Test: 0.1600
Training on 645 samples...
Train epoch: 32 [0/645 (0%)]	Loss: 1.025740
Make prediction for 645 samples...
Make prediction for 92 samples...
Make prediction for 105 samples...
Make prediction for 105 samples...
Epoch: 031, Train Loss: 1.0581, Metric: r2, Train: 0.6135, Val: 0.4885, best Val: 0.4885, Test: 0.1445
Training on 645 samples...
Train epoch: 33 [0/645 (0%)]	Loss: 1.030236
Make prediction for 645 samples...
Make prediction for 92 samples...
Make prediction for 105 samples...
EarlyStopping counter: 1 out of 30
Epoch: 032, Train Loss: 1.0503, Metric: r2, Train: 0.5645, Val: 0.3104, best Val: 0.4885, Test: 0.1143
Training on 645 samples...
Train epoch: 34 [0/645 (0%)]	Loss: 1.086649
Make prediction for 645 samples...
Make prediction for 92 samples...
Make prediction for 105 samples...
EarlyStopping counter: 2 out of 30
Epoch: 033, Train Loss: 1.0694, Metric: r2, Train: 0.5826, Val: 0.4799, best Val: 0.4885, Test: 0.0453
Training on 645 samples...
Train epoch: 35 [0/645 (0%)]	Loss: 1.019999
Make prediction for 645 samples...
Make prediction for 92 samples...
Make prediction for 105 samples...
EarlyStopping counter: 3 out of 30
Epoch: 034, Train Loss: 1.0599, Metric: r2, Train: 0.5962, Val: 0.3373, best Val: 0.4885, Test: 0.1158
Training on 645 samples...
Train epoch: 36 [0/645 (0%)]	Loss: 1.056938
Make prediction for 645 samples...
Make prediction for 92 samples...
Make prediction for 105 samples...
Make prediction for 105 samples...
Epoch: 035, Train Loss: 1.0072, Metric: r2, Train: 0.6259, Val: 0.5089, best Val: 0.5089, Test: 0.0521
Training on 645 samples...
Train epoch: 37 [0/645 (0%)]	Loss: 0.994987
Make prediction for 645 samples...
Make prediction for 92 samples...
Make prediction for 105 samples...
EarlyStopping counter: 1 out of 30
Epoch: 036, Train Loss: 0.9777, Metric: r2, Train: 0.6448, Val: 0.4169, best Val: 0.5089, Test: 0.1855
Training on 645 samples...
Train epoch: 38 [0/645 (0%)]	Loss: 1.015018
Make prediction for 645 samples...
Make prediction for 92 samples...
Make prediction for 105 samples...
EarlyStopping counter: 2 out of 30
Epoch: 037, Train Loss: 0.9843, Metric: r2, Train: 0.6636, Val: 0.4601, best Val: 0.5089, Test: 0.2121
Training on 645 samples...
Train epoch: 39 [0/645 (0%)]	Loss: 1.014836
Make prediction for 645 samples...
Make prediction for 92 samples...
Make prediction for 105 samples...
Make prediction for 105 samples...
Epoch: 038, Train Loss: 0.9721, Metric: r2, Train: 0.6715, Val: 0.5229, best Val: 0.5229, Test: 0.1609
Training on 645 samples...
Train epoch: 40 [0/645 (0%)]	Loss: 0.973159
Make prediction for 645 samples...
Make prediction for 92 samples...
Make prediction for 105 samples...
EarlyStopping counter: 1 out of 30
Epoch: 039, Train Loss: 0.9582, Metric: r2, Train: 0.6710, Val: 0.4299, best Val: 0.5229, Test: 0.2196
Training on 645 samples...
Train epoch: 41 [0/645 (0%)]	Loss: 0.945450
Make prediction for 645 samples...
Make prediction for 92 samples...
Make prediction for 105 samples...
EarlyStopping counter: 2 out of 30
Epoch: 040, Train Loss: 0.9572, Metric: r2, Train: 0.6633, Val: 0.5110, best Val: 0.5229, Test: 0.0656
Training on 645 samples...
Train epoch: 42 [0/645 (0%)]	Loss: 1.011007
Make prediction for 645 samples...
Make prediction for 92 samples...
Make prediction for 105 samples...
EarlyStopping counter: 3 out of 30
Epoch: 041, Train Loss: 0.9500, Metric: r2, Train: 0.6870, Val: 0.4470, best Val: 0.5229, Test: 0.2073
Training on 645 samples...
Train epoch: 43 [0/645 (0%)]	Loss: 0.947300
Make prediction for 645 samples...
Make prediction for 92 samples...
Make prediction for 105 samples...
EarlyStopping counter: 4 out of 30
Epoch: 042, Train Loss: 0.9490, Metric: r2, Train: 0.6863, Val: 0.4329, best Val: 0.5229, Test: 0.2070
Training on 645 samples...
Train epoch: 44 [0/645 (0%)]	Loss: 0.940284
Make prediction for 645 samples...
Make prediction for 92 samples...
Make prediction for 105 samples...
EarlyStopping counter: 5 out of 30
Epoch: 043, Train Loss: 0.9459, Metric: r2, Train: 0.6746, Val: 0.5076, best Val: 0.5229, Test: 0.0338
Training on 645 samples...
Train epoch: 45 [0/645 (0%)]	Loss: 0.981309
Make prediction for 645 samples...
Make prediction for 92 samples...
Make prediction for 105 samples...
EarlyStopping counter: 6 out of 30
Epoch: 044, Train Loss: 0.9460, Metric: r2, Train: 0.6619, Val: 0.3638, best Val: 0.5229, Test: 0.1531
Training on 645 samples...
Train epoch: 46 [0/645 (0%)]	Loss: 0.933596
Make prediction for 645 samples...
Make prediction for 92 samples...
Make prediction for 105 samples...
Make prediction for 105 samples...
Epoch: 045, Train Loss: 0.9145, Metric: r2, Train: 0.7150, Val: 0.5334, best Val: 0.5334, Test: 0.1068
Training on 645 samples...
Train epoch: 47 [0/645 (0%)]	Loss: 0.943367
Make prediction for 645 samples...
Make prediction for 92 samples...
Make prediction for 105 samples...
EarlyStopping counter: 1 out of 30
Epoch: 046, Train Loss: 0.9180, Metric: r2, Train: 0.7285, Val: 0.5068, best Val: 0.5334, Test: 0.2140
Training on 645 samples...
Train epoch: 48 [0/645 (0%)]	Loss: 0.907263
Make prediction for 645 samples...
Make prediction for 92 samples...
Make prediction for 105 samples...
EarlyStopping counter: 2 out of 30
Epoch: 047, Train Loss: 0.9214, Metric: r2, Train: 0.7112, Val: 0.4458, best Val: 0.5334, Test: 0.2423
Training on 645 samples...
Train epoch: 49 [0/645 (0%)]	Loss: 0.924854
Make prediction for 645 samples...
Make prediction for 92 samples...
Make prediction for 105 samples...
EarlyStopping counter: 3 out of 30
Epoch: 048, Train Loss: 0.9040, Metric: r2, Train: 0.7407, Val: 0.5275, best Val: 0.5334, Test: 0.1624
Training on 645 samples...
Train epoch: 50 [0/645 (0%)]	Loss: 0.910768
Make prediction for 645 samples...
Make prediction for 92 samples...
Make prediction for 105 samples...
EarlyStopping counter: 4 out of 30
Epoch: 049, Train Loss: 0.8904, Metric: r2, Train: 0.7397, Val: 0.4831, best Val: 0.5334, Test: 0.1851
Training on 645 samples...
Train epoch: 51 [0/645 (0%)]	Loss: 0.927546
Make prediction for 645 samples...
Make prediction for 92 samples...
Make prediction for 105 samples...
EarlyStopping counter: 5 out of 30
Epoch: 050, Train Loss: 0.8864, Metric: r2, Train: 0.7485, Val: 0.4938, best Val: 0.5334, Test: 0.1901
Training on 645 samples...
Train epoch: 52 [0/645 (0%)]	Loss: 0.886208
Make prediction for 645 samples...
Make prediction for 92 samples...
Make prediction for 105 samples...
EarlyStopping counter: 6 out of 30
Epoch: 051, Train Loss: 0.8807, Metric: r2, Train: 0.6915, Val: 0.4586, best Val: 0.5334, Test: -0.0305
Training on 645 samples...
Train epoch: 53 [0/645 (0%)]	Loss: 0.984671
Make prediction for 645 samples...
Make prediction for 92 samples...
Make prediction for 105 samples...
EarlyStopping counter: 7 out of 30
Epoch: 052, Train Loss: 0.9182, Metric: r2, Train: 0.7576, Val: 0.4914, best Val: 0.5334, Test: 0.2623
Training on 645 samples...
Train epoch: 54 [0/645 (0%)]	Loss: 0.865062
Make prediction for 645 samples...
Make prediction for 92 samples...
Make prediction for 105 samples...
EarlyStopping counter: 8 out of 30
Epoch: 053, Train Loss: 0.8660, Metric: r2, Train: 0.7459, Val: 0.4410, best Val: 0.5334, Test: 0.2867
Training on 645 samples...
Train epoch: 55 [0/645 (0%)]	Loss: 0.866702
Make prediction for 645 samples...
Make prediction for 92 samples...
Make prediction for 105 samples...
EarlyStopping counter: 9 out of 30
Epoch: 054, Train Loss: 0.8658, Metric: r2, Train: 0.7272, Val: 0.4916, best Val: 0.5334, Test: 0.0320
Training on 645 samples...
Train epoch: 56 [0/645 (0%)]	Loss: 0.919271
Make prediction for 645 samples...
Make prediction for 92 samples...
Make prediction for 105 samples...
EarlyStopping counter: 10 out of 30
Epoch: 055, Train Loss: 0.8701, Metric: r2, Train: 0.7645, Val: 0.4741, best Val: 0.5334, Test: 0.2513
Training on 645 samples...
Train epoch: 57 [0/645 (0%)]	Loss: 0.861370
Make prediction for 645 samples...
Make prediction for 92 samples...
Make prediction for 105 samples...
EarlyStopping counter: 11 out of 30
Epoch: 056, Train Loss: 0.8695, Metric: r2, Train: 0.7534, Val: 0.4413, best Val: 0.5334, Test: 0.2794
Training on 645 samples...
Train epoch: 58 [0/645 (0%)]	Loss: 0.865671
Make prediction for 645 samples...
Make prediction for 92 samples...
Make prediction for 105 samples...
EarlyStopping counter: 12 out of 30
Epoch: 057, Train Loss: 0.8810, Metric: r2, Train: 0.7545, Val: 0.5147, best Val: 0.5334, Test: 0.1465
Training on 645 samples...
Train epoch: 59 [0/645 (0%)]	Loss: 0.895244
Make prediction for 645 samples...
Make prediction for 92 samples...
Make prediction for 105 samples...
Make prediction for 105 samples...
Epoch: 058, Train Loss: 0.8854, Metric: r2, Train: 0.7775, Val: 0.5354, best Val: 0.5354, Test: 0.1945
Training on 645 samples...
Train epoch: 60 [0/645 (0%)]	Loss: 0.888305
Make prediction for 645 samples...
Make prediction for 92 samples...
Make prediction for 105 samples...
EarlyStopping counter: 1 out of 30
Epoch: 059, Train Loss: 0.8818, Metric: r2, Train: 0.7617, Val: 0.4251, best Val: 0.5354, Test: 0.3140
Training on 645 samples...
Train epoch: 61 [0/645 (0%)]	Loss: 0.857119
Make prediction for 645 samples...
Make prediction for 92 samples...
Make prediction for 105 samples...
Make prediction for 105 samples...
Epoch: 060, Train Loss: 0.8524, Metric: r2, Train: 0.7950, Val: 0.5394, best Val: 0.5394, Test: 0.2645
Training on 645 samples...
Train epoch: 62 [0/645 (0%)]	Loss: 0.847115
Make prediction for 645 samples...
Make prediction for 92 samples...
Make prediction for 105 samples...
EarlyStopping counter: 1 out of 30
Epoch: 061, Train Loss: 0.8324, Metric: r2, Train: 0.8002, Val: 0.5328, best Val: 0.5394, Test: 0.2750
Training on 645 samples...
Train epoch: 63 [0/645 (0%)]	Loss: 0.808859
Make prediction for 645 samples...
Make prediction for 92 samples...
Make prediction for 105 samples...
Make prediction for 105 samples...
Epoch: 062, Train Loss: 0.8330, Metric: r2, Train: 0.7867, Val: 0.5409, best Val: 0.5409, Test: 0.1716
Training on 645 samples...
Train epoch: 64 [0/645 (0%)]	Loss: 0.827327
Make prediction for 645 samples...
Make prediction for 92 samples...
Make prediction for 105 samples...
EarlyStopping counter: 1 out of 30
Epoch: 063, Train Loss: 0.8395, Metric: r2, Train: 0.7586, Val: 0.3925, best Val: 0.5409, Test: 0.2749
Training on 645 samples...
Train epoch: 65 [0/645 (0%)]	Loss: 0.924174
Make prediction for 645 samples...
Make prediction for 92 samples...
Make prediction for 105 samples...
EarlyStopping counter: 2 out of 30
Epoch: 064, Train Loss: 0.8683, Metric: r2, Train: 0.7779, Val: 0.4368, best Val: 0.5409, Test: 0.2879
Training on 645 samples...
Train epoch: 66 [0/645 (0%)]	Loss: 0.879771
Make prediction for 645 samples...
Make prediction for 92 samples...
Make prediction for 105 samples...
EarlyStopping counter: 3 out of 30
Epoch: 065, Train Loss: 0.8425, Metric: r2, Train: 0.8057, Val: 0.5328, best Val: 0.5409, Test: 0.2350
Training on 645 samples...
Train epoch: 67 [0/645 (0%)]	Loss: 0.804656
Make prediction for 645 samples...
Make prediction for 92 samples...
Make prediction for 105 samples...
EarlyStopping counter: 4 out of 30
Epoch: 066, Train Loss: 0.8147, Metric: r2, Train: 0.8164, Val: 0.5300, best Val: 0.5409, Test: 0.2896
Training on 645 samples...
Train epoch: 68 [0/645 (0%)]	Loss: 0.839009
Make prediction for 645 samples...
Make prediction for 92 samples...
Make prediction for 105 samples...
EarlyStopping counter: 5 out of 30
Epoch: 067, Train Loss: 0.8141, Metric: r2, Train: 0.8204, Val: 0.5269, best Val: 0.5409, Test: 0.3039
Training on 645 samples...
Train epoch: 69 [0/645 (0%)]	Loss: 0.809535
Make prediction for 645 samples...
Make prediction for 92 samples...
Make prediction for 105 samples...
EarlyStopping counter: 6 out of 30
Epoch: 068, Train Loss: 0.8024, Metric: r2, Train: 0.8044, Val: 0.4534, best Val: 0.5409, Test: 0.3461
Training on 645 samples...
Train epoch: 70 [0/645 (0%)]	Loss: 0.831139
Make prediction for 645 samples...
Make prediction for 92 samples...
Make prediction for 105 samples...
EarlyStopping counter: 7 out of 30
Epoch: 069, Train Loss: 0.8143, Metric: r2, Train: 0.8038, Val: 0.4499, best Val: 0.5409, Test: 0.3176
Training on 645 samples...
Train epoch: 71 [0/645 (0%)]	Loss: 0.820846
Make prediction for 645 samples...
Make prediction for 92 samples...
Make prediction for 105 samples...
EarlyStopping counter: 8 out of 30
Epoch: 070, Train Loss: 0.8200, Metric: r2, Train: 0.8046, Val: 0.5137, best Val: 0.5409, Test: 0.1827
Training on 645 samples...
Train epoch: 72 [0/645 (0%)]	Loss: 0.841280
Make prediction for 645 samples...
Make prediction for 92 samples...
Make prediction for 105 samples...
EarlyStopping counter: 9 out of 30
Epoch: 071, Train Loss: 0.8187, Metric: r2, Train: 0.8179, Val: 0.5117, best Val: 0.5409, Test: 0.2329
Training on 645 samples...
Train epoch: 73 [0/645 (0%)]	Loss: 0.833650
Make prediction for 645 samples...
Make prediction for 92 samples...
Make prediction for 105 samples...
EarlyStopping counter: 10 out of 30
Epoch: 072, Train Loss: 0.8301, Metric: r2, Train: 0.7985, Val: 0.4051, best Val: 0.5409, Test: 0.3273
Training on 645 samples...
Train epoch: 74 [0/645 (0%)]	Loss: 0.866957
Make prediction for 645 samples...
Make prediction for 92 samples...
Make prediction for 105 samples...
EarlyStopping counter: 11 out of 30
Epoch: 073, Train Loss: 0.8418, Metric: r2, Train: 0.8008, Val: 0.4186, best Val: 0.5409, Test: 0.2969
Training on 645 samples...
Train epoch: 75 [0/645 (0%)]	Loss: 0.846367
Make prediction for 645 samples...
Make prediction for 92 samples...
Make prediction for 105 samples...
EarlyStopping counter: 12 out of 30
Epoch: 074, Train Loss: 0.8170, Metric: r2, Train: 0.8277, Val: 0.5214, best Val: 0.5409, Test: 0.2260
Training on 645 samples...
Train epoch: 76 [0/645 (0%)]	Loss: 0.832207
Make prediction for 645 samples...
Make prediction for 92 samples...
Make prediction for 105 samples...
EarlyStopping counter: 13 out of 30
Epoch: 075, Train Loss: 0.7944, Metric: r2, Train: 0.8298, Val: 0.5287, best Val: 0.5409, Test: 0.2516
Training on 645 samples...
Train epoch: 77 [0/645 (0%)]	Loss: 0.793412
Make prediction for 645 samples...
Make prediction for 92 samples...
Make prediction for 105 samples...
EarlyStopping counter: 14 out of 30
Epoch: 076, Train Loss: 0.7881, Metric: r2, Train: 0.8395, Val: 0.5027, best Val: 0.5409, Test: 0.3464
Training on 645 samples...
Train epoch: 78 [0/645 (0%)]	Loss: 0.796597
Make prediction for 645 samples...
Make prediction for 92 samples...
Make prediction for 105 samples...
EarlyStopping counter: 15 out of 30
Epoch: 077, Train Loss: 0.7992, Metric: r2, Train: 0.8354, Val: 0.4981, best Val: 0.5409, Test: 0.3260
Training on 645 samples...
Train epoch: 79 [0/645 (0%)]	Loss: 0.816328
Make prediction for 645 samples...
Make prediction for 92 samples...
Make prediction for 105 samples...
EarlyStopping counter: 16 out of 30
Epoch: 078, Train Loss: 0.7922, Metric: r2, Train: 0.8284, Val: 0.4803, best Val: 0.5409, Test: 0.3062
Training on 645 samples...
Train epoch: 80 [0/645 (0%)]	Loss: 0.783465
Make prediction for 645 samples...
Make prediction for 92 samples...
Make prediction for 105 samples...
Make prediction for 105 samples...
Epoch: 079, Train Loss: 0.7867, Metric: r2, Train: 0.8463, Val: 0.5423, best Val: 0.5423, Test: 0.2711
Training on 645 samples...
Train epoch: 81 [0/645 (0%)]	Loss: 0.805175
Make prediction for 645 samples...
Make prediction for 92 samples...
Make prediction for 105 samples...
EarlyStopping counter: 1 out of 30
Epoch: 080, Train Loss: 0.7986, Metric: r2, Train: 0.7675, Val: 0.4496, best Val: 0.5423, Test: 0.0616
Training on 645 samples...
Train epoch: 82 [0/645 (0%)]	Loss: 0.876134
Make prediction for 645 samples...
Make prediction for 92 samples...
Make prediction for 105 samples...
EarlyStopping counter: 2 out of 30
Epoch: 081, Train Loss: 0.8219, Metric: r2, Train: 0.8524, Val: 0.5214, best Val: 0.5423, Test: 0.2930
Training on 645 samples...
Train epoch: 83 [0/645 (0%)]	Loss: 0.797883
Make prediction for 645 samples...
Make prediction for 92 samples...
Make prediction for 105 samples...
EarlyStopping counter: 3 out of 30
Epoch: 082, Train Loss: 0.7836, Metric: r2, Train: 0.8387, Val: 0.4769, best Val: 0.5423, Test: 0.3021
Training on 645 samples...
Train epoch: 84 [0/645 (0%)]	Loss: 0.800308
Make prediction for 645 samples...
Make prediction for 92 samples...
Make prediction for 105 samples...
EarlyStopping counter: 4 out of 30
Epoch: 083, Train Loss: 0.7780, Metric: r2, Train: 0.8408, Val: 0.4705, best Val: 0.5423, Test: 0.3308
Training on 645 samples...
Train epoch: 85 [0/645 (0%)]	Loss: 0.822402
Make prediction for 645 samples...
Make prediction for 92 samples...
Make prediction for 105 samples...
EarlyStopping counter: 5 out of 30
Epoch: 084, Train Loss: 0.7973, Metric: r2, Train: 0.8504, Val: 0.4903, best Val: 0.5423, Test: 0.3673
Training on 645 samples...
Train epoch: 86 [0/645 (0%)]	Loss: 0.770241
Make prediction for 645 samples...
Make prediction for 92 samples...
Make prediction for 105 samples...
Make prediction for 105 samples...
Epoch: 085, Train Loss: 0.7882, Metric: r2, Train: 0.8572, Val: 0.5531, best Val: 0.5531, Test: 0.3063
Training on 645 samples...
Train epoch: 87 [0/645 (0%)]	Loss: 0.779027
Make prediction for 645 samples...
Make prediction for 92 samples...
Make prediction for 105 samples...
Make prediction for 105 samples...
Epoch: 086, Train Loss: 0.7696, Metric: r2, Train: 0.8323, Val: 0.5561, best Val: 0.5561, Test: 0.1849
Training on 645 samples...
Train epoch: 88 [0/645 (0%)]	Loss: 0.820096
Make prediction for 645 samples...
Make prediction for 92 samples...
Make prediction for 105 samples...
EarlyStopping counter: 1 out of 30
Epoch: 087, Train Loss: 0.7915, Metric: r2, Train: 0.8658, Val: 0.5385, best Val: 0.5561, Test: 0.3115
Training on 645 samples...
Train epoch: 89 [0/645 (0%)]	Loss: 0.773451
Make prediction for 645 samples...
Make prediction for 92 samples...
Make prediction for 105 samples...
EarlyStopping counter: 2 out of 30
Epoch: 088, Train Loss: 0.7607, Metric: r2, Train: 0.8389, Val: 0.4383, best Val: 0.5561, Test: 0.3120
Training on 645 samples...
Train epoch: 90 [0/645 (0%)]	Loss: 0.801980
Make prediction for 645 samples...
Make prediction for 92 samples...
Make prediction for 105 samples...
EarlyStopping counter: 3 out of 30
Epoch: 089, Train Loss: 0.7685, Metric: r2, Train: 0.8715, Val: 0.5363, best Val: 0.5561, Test: 0.3155
Training on 645 samples...
Train epoch: 91 [0/645 (0%)]	Loss: 0.761448
Make prediction for 645 samples...
Make prediction for 92 samples...
Make prediction for 105 samples...
EarlyStopping counter: 4 out of 30
Epoch: 090, Train Loss: 0.7591, Metric: r2, Train: 0.8641, Val: 0.5417, best Val: 0.5561, Test: 0.2870
Training on 645 samples...
Train epoch: 92 [0/645 (0%)]	Loss: 0.766349
Make prediction for 645 samples...
Make prediction for 92 samples...
Make prediction for 105 samples...
EarlyStopping counter: 5 out of 30
Epoch: 091, Train Loss: 0.7661, Metric: r2, Train: 0.8705, Val: 0.5023, best Val: 0.5561, Test: 0.3627
Training on 645 samples...
Train epoch: 93 [0/645 (0%)]	Loss: 0.771478
Make prediction for 645 samples...
Make prediction for 92 samples...
Make prediction for 105 samples...
EarlyStopping counter: 6 out of 30
Epoch: 092, Train Loss: 0.7535, Metric: r2, Train: 0.8743, Val: 0.5198, best Val: 0.5561, Test: 0.3470
Training on 645 samples...
Train epoch: 94 [0/645 (0%)]	Loss: 0.775012
Make prediction for 645 samples...
Make prediction for 92 samples...
Make prediction for 105 samples...
EarlyStopping counter: 7 out of 30
Epoch: 093, Train Loss: 0.7544, Metric: r2, Train: 0.8775, Val: 0.5363, best Val: 0.5561, Test: 0.3320
Training on 645 samples...
Train epoch: 95 [0/645 (0%)]	Loss: 0.757677
Make prediction for 645 samples...
Make prediction for 92 samples...
Make prediction for 105 samples...
EarlyStopping counter: 8 out of 30
Epoch: 094, Train Loss: 0.7549, Metric: r2, Train: 0.8809, Val: 0.5320, best Val: 0.5561, Test: 0.3303
Training on 645 samples...
Train epoch: 96 [0/645 (0%)]	Loss: 0.749428
Make prediction for 645 samples...
Make prediction for 92 samples...
Make prediction for 105 samples...
EarlyStopping counter: 9 out of 30
Epoch: 095, Train Loss: 0.7442, Metric: r2, Train: 0.8698, Val: 0.5291, best Val: 0.5561, Test: 0.2924
Training on 645 samples...
Train epoch: 97 [0/645 (0%)]	Loss: 0.791486
Make prediction for 645 samples...
Make prediction for 92 samples...
Make prediction for 105 samples...
EarlyStopping counter: 10 out of 30
Epoch: 096, Train Loss: 0.7508, Metric: r2, Train: 0.8855, Val: 0.5317, best Val: 0.5561, Test: 0.3569
Training on 645 samples...
Train epoch: 98 [0/645 (0%)]	Loss: 0.750770
Make prediction for 645 samples...
Make prediction for 92 samples...
Make prediction for 105 samples...
EarlyStopping counter: 11 out of 30
Epoch: 097, Train Loss: 0.7442, Metric: r2, Train: 0.8784, Val: 0.4847, best Val: 0.5561, Test: 0.3835
Training on 645 samples...
Train epoch: 99 [0/645 (0%)]	Loss: 0.729695
Make prediction for 645 samples...
Make prediction for 92 samples...
Make prediction for 105 samples...
Make prediction for 105 samples...
Epoch: 098, Train Loss: 0.7426, Metric: r2, Train: 0.8862, Val: 0.5572, best Val: 0.5572, Test: 0.3546
Training on 645 samples...
Train epoch: 100 [0/645 (0%)]	Loss: 0.739503
Make prediction for 645 samples...
Make prediction for 92 samples...
Make prediction for 105 samples...
EarlyStopping counter: 1 out of 30
Epoch: 099, Train Loss: 0.7420, Metric: r2, Train: 0.8895, Val: 0.5356, best Val: 0.5572, Test: 0.3831
Training on 645 samples...
Train epoch: 101 [0/645 (0%)]	Loss: 0.747609
Make prediction for 645 samples...
Make prediction for 92 samples...
Make prediction for 105 samples...
EarlyStopping counter: 2 out of 30
Epoch: 100, Train Loss: 0.7310, Metric: r2, Train: 0.8892, Val: 0.5073, best Val: 0.5572, Test: 0.3732
Training on 645 samples...
Train epoch: 102 [0/645 (0%)]	Loss: 0.750177
Make prediction for 645 samples...
Make prediction for 92 samples...
Make prediction for 105 samples...
EarlyStopping counter: 3 out of 30
Epoch: 101, Train Loss: 0.7336, Metric: r2, Train: 0.8954, Val: 0.5427, best Val: 0.5572, Test: 0.3479
Training on 645 samples...
Train epoch: 103 [0/645 (0%)]	Loss: 0.748300
Make prediction for 645 samples...
Make prediction for 92 samples...
Make prediction for 105 samples...
EarlyStopping counter: 4 out of 30
Epoch: 102, Train Loss: 0.7309, Metric: r2, Train: 0.8921, Val: 0.5523, best Val: 0.5572, Test: 0.3183
Training on 645 samples...
Train epoch: 104 [0/645 (0%)]	Loss: 0.754957
Make prediction for 645 samples...
Make prediction for 92 samples...
Make prediction for 105 samples...
EarlyStopping counter: 5 out of 30
Epoch: 103, Train Loss: 0.7295, Metric: r2, Train: 0.8973, Val: 0.5219, best Val: 0.5572, Test: 0.3822
Training on 645 samples...
Train epoch: 105 [0/645 (0%)]	Loss: 0.737882
Make prediction for 645 samples...
Make prediction for 92 samples...
Make prediction for 105 samples...
EarlyStopping counter: 6 out of 30
Epoch: 104, Train Loss: 0.7256, Metric: r2, Train: 0.8770, Val: 0.5509, best Val: 0.5572, Test: 0.2857
Training on 645 samples...
Train epoch: 106 [0/645 (0%)]	Loss: 0.746756
Make prediction for 645 samples...
Make prediction for 92 samples...
Make prediction for 105 samples...
EarlyStopping counter: 7 out of 30
Epoch: 105, Train Loss: 0.7908, Metric: r2, Train: 0.8456, Val: 0.3523, best Val: 0.5572, Test: 0.3590
Training on 645 samples...
Train epoch: 107 [0/645 (0%)]	Loss: 0.804748
Make prediction for 645 samples...
Make prediction for 92 samples...
Make prediction for 105 samples...
EarlyStopping counter: 8 out of 30
Epoch: 106, Train Loss: 0.7551, Metric: r2, Train: 0.8810, Val: 0.4734, best Val: 0.5572, Test: 0.3863
Training on 645 samples...
Train epoch: 108 [0/645 (0%)]	Loss: 0.743829
Make prediction for 645 samples...
Make prediction for 92 samples...
Make prediction for 105 samples...
EarlyStopping counter: 9 out of 30
Epoch: 107, Train Loss: 0.7441, Metric: r2, Train: 0.8774, Val: 0.4633, best Val: 0.5572, Test: 0.3715
Training on 645 samples...
Train epoch: 109 [0/645 (0%)]	Loss: 0.760740
Make prediction for 645 samples...
Make prediction for 92 samples...
Make prediction for 105 samples...
EarlyStopping counter: 10 out of 30
Epoch: 108, Train Loss: 0.7649, Metric: r2, Train: 0.7369, Val: 0.1913, best Val: 0.5572, Test: 0.1800
Training on 645 samples...
Train epoch: 110 [0/645 (0%)]	Loss: 0.924393
Make prediction for 645 samples...
Make prediction for 92 samples...
Make prediction for 105 samples...
EarlyStopping counter: 11 out of 30
Epoch: 109, Train Loss: 0.8389, Metric: r2, Train: 0.8373, Val: 0.4610, best Val: 0.5572, Test: 0.2834
Training on 645 samples...
Train epoch: 111 [0/645 (0%)]	Loss: 0.784224
Make prediction for 645 samples...
Make prediction for 92 samples...
Make prediction for 105 samples...
EarlyStopping counter: 12 out of 30
Epoch: 110, Train Loss: 0.8245, Metric: r2, Train: 0.7440, Val: 0.4624, best Val: 0.5572, Test: -0.1197
Training on 645 samples...
Train epoch: 112 [0/645 (0%)]	Loss: 0.882496
Make prediction for 645 samples...
Make prediction for 92 samples...
Make prediction for 105 samples...
EarlyStopping counter: 13 out of 30
Epoch: 111, Train Loss: 0.8101, Metric: r2, Train: 0.8612, Val: 0.4858, best Val: 0.5572, Test: 0.3618
Training on 645 samples...
Train epoch: 113 [0/645 (0%)]	Loss: 0.766058
Make prediction for 645 samples...
Make prediction for 92 samples...
Make prediction for 105 samples...
EarlyStopping counter: 14 out of 30
Epoch: 112, Train Loss: 0.7736, Metric: r2, Train: 0.8568, Val: 0.4722, best Val: 0.5572, Test: 0.3491
Training on 645 samples...
Train epoch: 114 [0/645 (0%)]	Loss: 0.799796
Make prediction for 645 samples...
Make prediction for 92 samples...
Make prediction for 105 samples...
Make prediction for 105 samples...
Epoch: 113, Train Loss: 0.7547, Metric: r2, Train: 0.8738, Val: 0.5831, best Val: 0.5831, Test: 0.1892
Training on 645 samples...
Train epoch: 115 [0/645 (0%)]	Loss: 0.792951
Make prediction for 645 samples...
Make prediction for 92 samples...
Make prediction for 105 samples...
Make prediction for 105 samples...
Epoch: 114, Train Loss: 0.7616, Metric: r2, Train: 0.8860, Val: 0.5942, best Val: 0.5942, Test: 0.1834
Training on 645 samples...
Train epoch: 116 [0/645 (0%)]	Loss: 0.775499
Make prediction for 645 samples...
Make prediction for 92 samples...
Make prediction for 105 samples...
EarlyStopping counter: 1 out of 30
Epoch: 115, Train Loss: 0.7441, Metric: r2, Train: 0.8703, Val: 0.4652, best Val: 0.5942, Test: 0.2939
Training on 645 samples...
Train epoch: 117 [0/645 (0%)]	Loss: 0.756222
Make prediction for 645 samples...
Make prediction for 92 samples...
Make prediction for 105 samples...
EarlyStopping counter: 2 out of 30
Epoch: 116, Train Loss: 0.7382, Metric: r2, Train: 0.8983, Val: 0.5447, best Val: 0.5942, Test: 0.3214
Training on 645 samples...
Train epoch: 118 [0/645 (0%)]	Loss: 0.746302
Make prediction for 645 samples...
Make prediction for 92 samples...
Make prediction for 105 samples...
EarlyStopping counter: 3 out of 30
Epoch: 117, Train Loss: 0.7255, Metric: r2, Train: 0.8999, Val: 0.5444, best Val: 0.5942, Test: 0.3207
Training on 645 samples...
Train epoch: 119 [0/645 (0%)]	Loss: 0.738768
Make prediction for 645 samples...
Make prediction for 92 samples...
Make prediction for 105 samples...
EarlyStopping counter: 4 out of 30
Epoch: 118, Train Loss: 0.7316, Metric: r2, Train: 0.8984, Val: 0.5500, best Val: 0.5942, Test: 0.2867
Training on 645 samples...
Train epoch: 120 [0/645 (0%)]	Loss: 0.730835
Make prediction for 645 samples...
Make prediction for 92 samples...
Make prediction for 105 samples...
EarlyStopping counter: 5 out of 30
Epoch: 119, Train Loss: 0.7161, Metric: r2, Train: 0.9074, Val: 0.5392, best Val: 0.5942, Test: 0.3107
Training on 645 samples...
Train epoch: 121 [0/645 (0%)]	Loss: 0.715587
Make prediction for 645 samples...
Make prediction for 92 samples...
Make prediction for 105 samples...
EarlyStopping counter: 6 out of 30
Epoch: 120, Train Loss: 0.7159, Metric: r2, Train: 0.9083, Val: 0.5293, best Val: 0.5942, Test: 0.3210
Training on 645 samples...
Train epoch: 122 [0/645 (0%)]	Loss: 0.715294
Make prediction for 645 samples...
Make prediction for 92 samples...
Make prediction for 105 samples...
EarlyStopping counter: 7 out of 30
Epoch: 121, Train Loss: 0.7135, Metric: r2, Train: 0.9082, Val: 0.5186, best Val: 0.5942, Test: 0.3294
Training on 645 samples...
Train epoch: 123 [0/645 (0%)]	Loss: 0.737326
Make prediction for 645 samples...
Make prediction for 92 samples...
Make prediction for 105 samples...
EarlyStopping counter: 8 out of 30
Epoch: 122, Train Loss: 0.7134, Metric: r2, Train: 0.8965, Val: 0.4508, best Val: 0.5942, Test: 0.3439
Training on 645 samples...
Train epoch: 124 [0/645 (0%)]	Loss: 0.740454
Make prediction for 645 samples...
Make prediction for 92 samples...
Make prediction for 105 samples...
EarlyStopping counter: 9 out of 30
Epoch: 123, Train Loss: 0.7230, Metric: r2, Train: 0.9123, Val: 0.5088, best Val: 0.5942, Test: 0.3383
Training on 645 samples...
Train epoch: 125 [0/645 (0%)]	Loss: 0.725389
Make prediction for 645 samples...
Make prediction for 92 samples...
Make prediction for 105 samples...
EarlyStopping counter: 10 out of 30
Epoch: 124, Train Loss: 0.7108, Metric: r2, Train: 0.8755, Val: 0.5225, best Val: 0.5942, Test: 0.2081
Training on 645 samples...
Train epoch: 126 [0/645 (0%)]	Loss: 0.749500
Make prediction for 645 samples...
Make prediction for 92 samples...
Make prediction for 105 samples...
EarlyStopping counter: 11 out of 30
Epoch: 125, Train Loss: 0.7285, Metric: r2, Train: 0.9084, Val: 0.5619, best Val: 0.5942, Test: 0.3046
Training on 645 samples...
Train epoch: 127 [0/645 (0%)]	Loss: 0.729509
Make prediction for 645 samples...
Make prediction for 92 samples...
Make prediction for 105 samples...
EarlyStopping counter: 12 out of 30
Epoch: 126, Train Loss: 0.7175, Metric: r2, Train: 0.9134, Val: 0.5491, best Val: 0.5942, Test: 0.3285
Training on 645 samples...
Train epoch: 128 [0/645 (0%)]	Loss: 0.717237
Make prediction for 645 samples...
Make prediction for 92 samples...
Make prediction for 105 samples...
EarlyStopping counter: 13 out of 30
Epoch: 127, Train Loss: 0.7140, Metric: r2, Train: 0.9171, Val: 0.5667, best Val: 0.5942, Test: 0.3206
Training on 645 samples...
Train epoch: 129 [0/645 (0%)]	Loss: 0.714900
Make prediction for 645 samples...
Make prediction for 92 samples...
Make prediction for 105 samples...
EarlyStopping counter: 14 out of 30
Epoch: 128, Train Loss: 0.7058, Metric: r2, Train: 0.9112, Val: 0.5001, best Val: 0.5942, Test: 0.3673
Training on 645 samples...
Train epoch: 130 [0/645 (0%)]	Loss: 0.721953
Make prediction for 645 samples...
Make prediction for 92 samples...
Make prediction for 105 samples...
EarlyStopping counter: 15 out of 30
Epoch: 129, Train Loss: 0.7074, Metric: r2, Train: 0.9169, Val: 0.5188, best Val: 0.5942, Test: 0.3480
Training on 645 samples...
Train epoch: 131 [0/645 (0%)]	Loss: 0.722891
Make prediction for 645 samples...
Make prediction for 92 samples...
Make prediction for 105 samples...
EarlyStopping counter: 16 out of 30
Epoch: 130, Train Loss: 0.7068, Metric: r2, Train: 0.9184, Val: 0.5038, best Val: 0.5942, Test: 0.3449
Training on 645 samples...
Train epoch: 132 [0/645 (0%)]	Loss: 0.716333
Make prediction for 645 samples...
Make prediction for 92 samples...
Make prediction for 105 samples...
EarlyStopping counter: 17 out of 30
Epoch: 131, Train Loss: 0.7017, Metric: r2, Train: 0.9216, Val: 0.5312, best Val: 0.5942, Test: 0.3288
Training on 645 samples...
Train epoch: 133 [0/645 (0%)]	Loss: 0.702237
Make prediction for 645 samples...
Make prediction for 92 samples...
Make prediction for 105 samples...
EarlyStopping counter: 18 out of 30
Epoch: 132, Train Loss: 0.6997, Metric: r2, Train: 0.9152, Val: 0.4925, best Val: 0.5942, Test: 0.3836
Training on 645 samples...
Train epoch: 134 [0/645 (0%)]	Loss: 0.715426
Make prediction for 645 samples...
Make prediction for 92 samples...
Make prediction for 105 samples...
EarlyStopping counter: 19 out of 30
Epoch: 133, Train Loss: 0.7120, Metric: r2, Train: 0.9213, Val: 0.5304, best Val: 0.5942, Test: 0.3941
Training on 645 samples...
Train epoch: 135 [0/645 (0%)]	Loss: 0.701798
Make prediction for 645 samples...
Make prediction for 92 samples...
Make prediction for 105 samples...
EarlyStopping counter: 20 out of 30
Epoch: 134, Train Loss: 0.6999, Metric: r2, Train: 0.9019, Val: 0.5655, best Val: 0.5942, Test: 0.2889
Training on 645 samples...
Train epoch: 136 [0/645 (0%)]	Loss: 0.738682
Make prediction for 645 samples...
Make prediction for 92 samples...
Make prediction for 105 samples...
EarlyStopping counter: 21 out of 30
Epoch: 135, Train Loss: 0.7190, Metric: r2, Train: 0.9240, Val: 0.5441, best Val: 0.5942, Test: 0.3629
Training on 645 samples...
Train epoch: 137 [0/645 (0%)]	Loss: 0.700833
Make prediction for 645 samples...
Make prediction for 92 samples...
Make prediction for 105 samples...
EarlyStopping counter: 22 out of 30
Epoch: 136, Train Loss: 0.6980, Metric: r2, Train: 0.9194, Val: 0.5217, best Val: 0.5942, Test: 0.3739
Training on 645 samples...
Train epoch: 138 [0/645 (0%)]	Loss: 0.705286
Make prediction for 645 samples...
Make prediction for 92 samples...
Make prediction for 105 samples...
EarlyStopping counter: 23 out of 30
Epoch: 137, Train Loss: 0.6975, Metric: r2, Train: 0.9241, Val: 0.5160, best Val: 0.5942, Test: 0.3763
Training on 645 samples...
Train epoch: 139 [0/645 (0%)]	Loss: 0.710556
Make prediction for 645 samples...
Make prediction for 92 samples...
Make prediction for 105 samples...
EarlyStopping counter: 24 out of 30
Epoch: 138, Train Loss: 0.6943, Metric: r2, Train: 0.8978, Val: 0.4106, best Val: 0.5942, Test: 0.3621
Training on 645 samples...
Train epoch: 140 [0/645 (0%)]	Loss: 0.736184
Make prediction for 645 samples...
Make prediction for 92 samples...
Make prediction for 105 samples...
EarlyStopping counter: 25 out of 30
Epoch: 139, Train Loss: 0.7164, Metric: r2, Train: 0.8934, Val: 0.4175, best Val: 0.5942, Test: 0.3304
Training on 645 samples...
Train epoch: 141 [0/645 (0%)]	Loss: 0.737667
Make prediction for 645 samples...
Make prediction for 92 samples...
Make prediction for 105 samples...
EarlyStopping counter: 26 out of 30
Epoch: 140, Train Loss: 0.7176, Metric: r2, Train: 0.8962, Val: 0.4328, best Val: 0.5942, Test: 0.3353
Training on 645 samples...
Train epoch: 142 [0/645 (0%)]	Loss: 0.729074
Make prediction for 645 samples...
Make prediction for 92 samples...
Make prediction for 105 samples...
EarlyStopping counter: 27 out of 30
Epoch: 141, Train Loss: 0.7073, Metric: r2, Train: 0.8545, Val: 0.3201, best Val: 0.5942, Test: 0.3133
Training on 645 samples...
Train epoch: 143 [0/645 (0%)]	Loss: 0.767991
Make prediction for 645 samples...
Make prediction for 92 samples...
Make prediction for 105 samples...
EarlyStopping counter: 28 out of 30
Epoch: 142, Train Loss: 0.7416, Metric: r2, Train: 0.7993, Val: 0.2190, best Val: 0.5942, Test: 0.2334
Training on 645 samples...
Train epoch: 144 [0/645 (0%)]	Loss: 0.847955
Make prediction for 645 samples...
Make prediction for 92 samples...
Make prediction for 105 samples...
EarlyStopping counter: 29 out of 30
Epoch: 143, Train Loss: 0.7859, Metric: r2, Train: 0.8821, Val: 0.4658, best Val: 0.5942, Test: 0.3249
Training on 645 samples...
Train epoch: 145 [0/645 (0%)]	Loss: 0.751579
Make prediction for 645 samples...
Make prediction for 92 samples...
Make prediction for 105 samples...
EarlyStopping counter: 30 out of 30
Epoch: 144, Train Loss: 0.7622, Metric: r2, Train: 0.8425, Val: 0.5763, best Val: 0.5942, Test: 0.1354
out of patience!
******Caco2_Perimeter_2024, 1th_time_result******
train_result: 0.886
val_result: 0.5942
test_result: 0.1834
Current seed: 2034
Pre-processed data found: data/processed/Caco2_Perimeter_2024/Caco2_Perimeter_2024_train.pt, loading ...
Pre-processed data found: data/processed/Caco2_Perimeter_2024/Caco2_Perimeter_2024_valid.pt, loading ...
Pre-processed data found: data/processed/Caco2_Perimeter_2024/Caco2_Perimeter_2024_test.pt, loading ...
trainset mean:-5.171485424041748 std:0.7813431024551392
Training on 645 samples...
Train epoch: 1 [0/645 (0%)]	Loss: 1.634131
Make prediction for 645 samples...
Make prediction for 92 samples...
Make prediction for 105 samples...
Make prediction for 105 samples...
Epoch: 000, Train Loss: 1.6820, Metric: r2, Train: -0.0246, Val: -0.0261, best Val: -0.0261, Test: -0.0593
Training on 645 samples...
Train epoch: 2 [0/645 (0%)]	Loss: 1.655132
Make prediction for 645 samples...
Make prediction for 92 samples...
Make prediction for 105 samples...
Make prediction for 105 samples...
Epoch: 001, Train Loss: 1.6313, Metric: r2, Train: -0.0020, Val: -0.0083, best Val: -0.0083, Test: -0.2517
Training on 645 samples...
Train epoch: 3 [0/645 (0%)]	Loss: 1.672022
Make prediction for 645 samples...
Make prediction for 92 samples...
Make prediction for 105 samples...
Make prediction for 105 samples...
Epoch: 002, Train Loss: 1.6093, Metric: r2, Train: 0.0023, Val: 0.0066, best Val: 0.0066, Test: -0.1279
Training on 645 samples...
Train epoch: 4 [0/645 (0%)]	Loss: 1.598960
Make prediction for 645 samples...
Make prediction for 92 samples...
Make prediction for 105 samples...
Make prediction for 105 samples...
Epoch: 003, Train Loss: 1.6207, Metric: r2, Train: 0.0072, Val: 0.0129, best Val: 0.0129, Test: -0.1402
Training on 645 samples...
Train epoch: 5 [0/645 (0%)]	Loss: 1.454198
Make prediction for 645 samples...
Make prediction for 92 samples...
Make prediction for 105 samples...
EarlyStopping counter: 1 out of 30
Epoch: 004, Train Loss: 1.6074, Metric: r2, Train: 0.0025, Val: 0.0017, best Val: 0.0129, Test: -0.2464
Training on 645 samples...
Train epoch: 6 [0/645 (0%)]	Loss: 1.730101
Make prediction for 645 samples...
Make prediction for 92 samples...
Make prediction for 105 samples...
Make prediction for 105 samples...
Epoch: 005, Train Loss: 1.6043, Metric: r2, Train: 0.0128, Val: 0.0235, best Val: 0.0235, Test: -0.0877
Training on 645 samples...
Train epoch: 7 [0/645 (0%)]	Loss: 1.627758
Make prediction for 645 samples...
Make prediction for 92 samples...
Make prediction for 105 samples...
Make prediction for 105 samples...
Epoch: 006, Train Loss: 1.5932, Metric: r2, Train: 0.0203, Val: 0.0329, best Val: 0.0329, Test: -0.0843
Training on 645 samples...
Train epoch: 8 [0/645 (0%)]	Loss: 1.576427
Make prediction for 645 samples...
Make prediction for 92 samples...
Make prediction for 105 samples...
Make prediction for 105 samples...
Epoch: 007, Train Loss: 1.5904, Metric: r2, Train: 0.0310, Val: 0.0429, best Val: 0.0429, Test: -0.1074
Training on 645 samples...
Train epoch: 9 [0/645 (0%)]	Loss: 1.594712
Make prediction for 645 samples...
Make prediction for 92 samples...
Make prediction for 105 samples...
Make prediction for 105 samples...
Epoch: 008, Train Loss: 1.5716, Metric: r2, Train: 0.0455, Val: 0.0616, best Val: 0.0616, Test: 0.0176
Training on 645 samples...
Train epoch: 10 [0/645 (0%)]	Loss: 1.614743
Make prediction for 645 samples...
Make prediction for 92 samples...
Make prediction for 105 samples...
Make prediction for 105 samples...
Epoch: 009, Train Loss: 1.5601, Metric: r2, Train: 0.0797, Val: 0.0894, best Val: 0.0894, Test: 0.0263
Training on 645 samples...
Train epoch: 11 [0/645 (0%)]	Loss: 1.591002
Make prediction for 645 samples...
Make prediction for 92 samples...
Make prediction for 105 samples...
Make prediction for 105 samples...
Epoch: 010, Train Loss: 1.5199, Metric: r2, Train: 0.1271, Val: 0.1266, best Val: 0.1266, Test: 0.2149
Training on 645 samples...
Train epoch: 12 [0/645 (0%)]	Loss: 1.406410
Make prediction for 645 samples...
Make prediction for 92 samples...
Make prediction for 105 samples...
Make prediction for 105 samples...
Epoch: 011, Train Loss: 1.4735, Metric: r2, Train: 0.2005, Val: 0.1726, best Val: 0.1726, Test: 0.3236
Training on 645 samples...
Train epoch: 13 [0/645 (0%)]	Loss: 1.438709
Make prediction for 645 samples...
Make prediction for 92 samples...
Make prediction for 105 samples...
EarlyStopping counter: 1 out of 30
Epoch: 012, Train Loss: 1.4200, Metric: r2, Train: 0.1580, Val: 0.0430, best Val: 0.1726, Test: 0.1239
Training on 645 samples...
Train epoch: 14 [0/645 (0%)]	Loss: 1.470237
Make prediction for 645 samples...
Make prediction for 92 samples...
Make prediction for 105 samples...
Make prediction for 105 samples...
Epoch: 013, Train Loss: 1.4188, Metric: r2, Train: 0.3074, Val: 0.2419, best Val: 0.2419, Test: 0.3649
Training on 645 samples...
Train epoch: 15 [0/645 (0%)]	Loss: 1.372241
Make prediction for 645 samples...
Make prediction for 92 samples...
Make prediction for 105 samples...
EarlyStopping counter: 1 out of 30
Epoch: 014, Train Loss: 1.3351, Metric: r2, Train: 0.2928, Val: 0.2231, best Val: 0.2419, Test: 0.2966
Training on 645 samples...
Train epoch: 16 [0/645 (0%)]	Loss: 1.350522
Make prediction for 645 samples...
Make prediction for 92 samples...
Make prediction for 105 samples...
EarlyStopping counter: 2 out of 30
Epoch: 015, Train Loss: 1.3152, Metric: r2, Train: 0.3642, Val: 0.2418, best Val: 0.2419, Test: 0.3055
Training on 645 samples...
Train epoch: 17 [0/645 (0%)]	Loss: 1.300148
Make prediction for 645 samples...
Make prediction for 92 samples...
Make prediction for 105 samples...
EarlyStopping counter: 3 out of 30
Epoch: 016, Train Loss: 1.2566, Metric: r2, Train: 0.3806, Val: 0.2166, best Val: 0.2419, Test: 0.2954
Training on 645 samples...
Train epoch: 18 [0/645 (0%)]	Loss: 1.226352
Make prediction for 645 samples...
Make prediction for 92 samples...
Make prediction for 105 samples...
Make prediction for 105 samples...
Epoch: 017, Train Loss: 1.2368, Metric: r2, Train: 0.4239, Val: 0.2809, best Val: 0.2809, Test: 0.3315
Training on 645 samples...
Train epoch: 19 [0/645 (0%)]	Loss: 1.116657
Make prediction for 645 samples...
Make prediction for 92 samples...
Make prediction for 105 samples...
Make prediction for 105 samples...
Epoch: 018, Train Loss: 1.1810, Metric: r2, Train: 0.4532, Val: 0.3056, best Val: 0.3056, Test: 0.3687
Training on 645 samples...
Train epoch: 20 [0/645 (0%)]	Loss: 1.283537
Make prediction for 645 samples...
Make prediction for 92 samples...
Make prediction for 105 samples...
Make prediction for 105 samples...
Epoch: 019, Train Loss: 1.1729, Metric: r2, Train: 0.4729, Val: 0.3365, best Val: 0.3365, Test: 0.3827
Training on 645 samples...
Train epoch: 21 [0/645 (0%)]	Loss: 1.097681
Make prediction for 645 samples...
Make prediction for 92 samples...
Make prediction for 105 samples...
EarlyStopping counter: 1 out of 30
Epoch: 020, Train Loss: 1.1535, Metric: r2, Train: 0.4965, Val: 0.2685, best Val: 0.3365, Test: 0.3832
Training on 645 samples...
Train epoch: 22 [0/645 (0%)]	Loss: 1.164565
Make prediction for 645 samples...
Make prediction for 92 samples...
Make prediction for 105 samples...
EarlyStopping counter: 2 out of 30
Epoch: 021, Train Loss: 1.1294, Metric: r2, Train: 0.3703, Val: 0.0214, best Val: 0.3365, Test: 0.1400
Training on 645 samples...
Train epoch: 23 [0/645 (0%)]	Loss: 1.237609
Make prediction for 645 samples...
Make prediction for 92 samples...
Make prediction for 105 samples...
Make prediction for 105 samples...
Epoch: 022, Train Loss: 1.1927, Metric: r2, Train: 0.5114, Val: 0.3818, best Val: 0.3818, Test: 0.3579
Training on 645 samples...
Train epoch: 24 [0/645 (0%)]	Loss: 1.165144
Make prediction for 645 samples...
Make prediction for 92 samples...
Make prediction for 105 samples...
EarlyStopping counter: 1 out of 30
Epoch: 023, Train Loss: 1.1005, Metric: r2, Train: 0.5562, Val: 0.3556, best Val: 0.3818, Test: 0.3917
Training on 645 samples...
Train epoch: 25 [0/645 (0%)]	Loss: 1.102210
Make prediction for 645 samples...
Make prediction for 92 samples...
Make prediction for 105 samples...
EarlyStopping counter: 2 out of 30
Epoch: 024, Train Loss: 1.0858, Metric: r2, Train: 0.5335, Val: 0.2658, best Val: 0.3818, Test: 0.3303
Training on 645 samples...
Train epoch: 26 [0/645 (0%)]	Loss: 1.102639
Make prediction for 645 samples...
Make prediction for 92 samples...
Make prediction for 105 samples...
Make prediction for 105 samples...
Epoch: 025, Train Loss: 1.0870, Metric: r2, Train: 0.5311, Val: 0.4434, best Val: 0.4434, Test: 0.2848
Training on 645 samples...
Train epoch: 27 [0/645 (0%)]	Loss: 1.098554
Make prediction for 645 samples...
Make prediction for 92 samples...
Make prediction for 105 samples...
EarlyStopping counter: 1 out of 30
Epoch: 026, Train Loss: 1.0757, Metric: r2, Train: 0.6026, Val: 0.3921, best Val: 0.4434, Test: 0.3958
Training on 645 samples...
Train epoch: 28 [0/645 (0%)]	Loss: 1.021783
Make prediction for 645 samples...
Make prediction for 92 samples...
Make prediction for 105 samples...
Make prediction for 105 samples...
Epoch: 027, Train Loss: 1.0075, Metric: r2, Train: 0.6062, Val: 0.4881, best Val: 0.4881, Test: 0.3070
Training on 645 samples...
Train epoch: 29 [0/645 (0%)]	Loss: 1.037251
Make prediction for 645 samples...
Make prediction for 92 samples...
Make prediction for 105 samples...
EarlyStopping counter: 1 out of 30
Epoch: 028, Train Loss: 1.0077, Metric: r2, Train: 0.6435, Val: 0.4645, best Val: 0.4881, Test: 0.3246
Training on 645 samples...
Train epoch: 30 [0/645 (0%)]	Loss: 0.975147
Make prediction for 645 samples...
Make prediction for 92 samples...
Make prediction for 105 samples...
EarlyStopping counter: 2 out of 30
Epoch: 029, Train Loss: 0.9776, Metric: r2, Train: 0.6064, Val: 0.3252, best Val: 0.4881, Test: 0.2827
Training on 645 samples...
Train epoch: 31 [0/645 (0%)]	Loss: 0.990655
Make prediction for 645 samples...
Make prediction for 92 samples...
Make prediction for 105 samples...
Make prediction for 105 samples...
Epoch: 030, Train Loss: 1.0128, Metric: r2, Train: 0.5942, Val: 0.5012, best Val: 0.5012, Test: 0.1868
Training on 645 samples...
Train epoch: 32 [0/645 (0%)]	Loss: 1.036948
Make prediction for 645 samples...
Make prediction for 92 samples...
Make prediction for 105 samples...
Make prediction for 105 samples...
Epoch: 031, Train Loss: 1.0025, Metric: r2, Train: 0.6631, Val: 0.5074, best Val: 0.5074, Test: 0.3373
Training on 645 samples...
Train epoch: 33 [0/645 (0%)]	Loss: 0.964683
Make prediction for 645 samples...
Make prediction for 92 samples...
Make prediction for 105 samples...
EarlyStopping counter: 1 out of 30
Epoch: 032, Train Loss: 1.0307, Metric: r2, Train: 0.4999, Val: 0.1418, best Val: 0.5074, Test: 0.1509
Training on 645 samples...
Train epoch: 34 [0/645 (0%)]	Loss: 1.061274
Make prediction for 645 samples...
Make prediction for 92 samples...
Make prediction for 105 samples...
EarlyStopping counter: 2 out of 30
Epoch: 033, Train Loss: 1.0537, Metric: r2, Train: 0.5447, Val: 0.4476, best Val: 0.5074, Test: 0.1028
Training on 645 samples...
Train epoch: 35 [0/645 (0%)]	Loss: 1.058199
Make prediction for 645 samples...
Make prediction for 92 samples...
Make prediction for 105 samples...
EarlyStopping counter: 3 out of 30
Epoch: 034, Train Loss: 1.0071, Metric: r2, Train: 0.5847, Val: 0.2476, best Val: 0.5074, Test: 0.2345
Training on 645 samples...
Train epoch: 36 [0/645 (0%)]	Loss: 1.078853
Make prediction for 645 samples...
Make prediction for 92 samples...
Make prediction for 105 samples...
Make prediction for 105 samples...
Epoch: 035, Train Loss: 1.0224, Metric: r2, Train: 0.6897, Val: 0.5179, best Val: 0.5179, Test: 0.3061
Training on 645 samples...
Train epoch: 37 [0/645 (0%)]	Loss: 0.906438
Make prediction for 645 samples...
Make prediction for 92 samples...
Make prediction for 105 samples...
EarlyStopping counter: 1 out of 30
Epoch: 036, Train Loss: 0.9588, Metric: r2, Train: 0.6963, Val: 0.5076, best Val: 0.5179, Test: 0.3220
Training on 645 samples...
Train epoch: 38 [0/645 (0%)]	Loss: 0.923092
Make prediction for 645 samples...
Make prediction for 92 samples...
Make prediction for 105 samples...
EarlyStopping counter: 2 out of 30
Epoch: 037, Train Loss: 0.9693, Metric: r2, Train: 0.6639, Val: 0.3847, best Val: 0.5179, Test: 0.3085
Training on 645 samples...
Train epoch: 39 [0/645 (0%)]	Loss: 0.976461
Make prediction for 645 samples...
Make prediction for 92 samples...
Make prediction for 105 samples...
EarlyStopping counter: 3 out of 30
Epoch: 038, Train Loss: 0.9747, Metric: r2, Train: 0.5994, Val: 0.4930, best Val: 0.5179, Test: 0.0786
Training on 645 samples...
Train epoch: 40 [0/645 (0%)]	Loss: 1.021151
Make prediction for 645 samples...
Make prediction for 92 samples...
Make prediction for 105 samples...
EarlyStopping counter: 4 out of 30
Epoch: 039, Train Loss: 0.9720, Metric: r2, Train: 0.5871, Val: 0.1880, best Val: 0.5179, Test: 0.2013
Training on 645 samples...
Train epoch: 41 [0/645 (0%)]	Loss: 1.023006
Make prediction for 645 samples...
Make prediction for 92 samples...
Make prediction for 105 samples...
Make prediction for 105 samples...
Epoch: 040, Train Loss: 0.9784, Metric: r2, Train: 0.6867, Val: 0.5468, best Val: 0.5468, Test: 0.2174
Training on 645 samples...
Train epoch: 42 [0/645 (0%)]	Loss: 0.946656
Make prediction for 645 samples...
Make prediction for 92 samples...
Make prediction for 105 samples...
EarlyStopping counter: 1 out of 30
Epoch: 041, Train Loss: 0.9238, Metric: r2, Train: 0.7109, Val: 0.4430, best Val: 0.5468, Test: 0.3476
Training on 645 samples...
Train epoch: 43 [0/645 (0%)]	Loss: 0.972884
Make prediction for 645 samples...
Make prediction for 92 samples...
Make prediction for 105 samples...
EarlyStopping counter: 2 out of 30
Epoch: 042, Train Loss: 0.9325, Metric: r2, Train: 0.7305, Val: 0.5169, best Val: 0.5468, Test: 0.3256
Training on 645 samples...
Train epoch: 44 [0/645 (0%)]	Loss: 0.930529
Make prediction for 645 samples...
Make prediction for 92 samples...
Make prediction for 105 samples...
EarlyStopping counter: 3 out of 30
Epoch: 043, Train Loss: 0.8982, Metric: r2, Train: 0.7411, Val: 0.5251, best Val: 0.5468, Test: 0.3095
Training on 645 samples...
Train epoch: 45 [0/645 (0%)]	Loss: 0.864407
Make prediction for 645 samples...
Make prediction for 92 samples...
Make prediction for 105 samples...
EarlyStopping counter: 4 out of 30
Epoch: 044, Train Loss: 0.8949, Metric: r2, Train: 0.7354, Val: 0.4746, best Val: 0.5468, Test: 0.3068
Training on 645 samples...
Train epoch: 46 [0/645 (0%)]	Loss: 0.870602
Make prediction for 645 samples...
Make prediction for 92 samples...
Make prediction for 105 samples...
Make prediction for 105 samples...
Epoch: 045, Train Loss: 0.8810, Metric: r2, Train: 0.7368, Val: 0.5561, best Val: 0.5561, Test: 0.2103
Training on 645 samples...
Train epoch: 47 [0/645 (0%)]	Loss: 0.881246
Make prediction for 645 samples...
Make prediction for 92 samples...
Make prediction for 105 samples...
EarlyStopping counter: 1 out of 30
Epoch: 046, Train Loss: 0.8819, Metric: r2, Train: 0.7533, Val: 0.4949, best Val: 0.5561, Test: 0.3048
Training on 645 samples...
Train epoch: 48 [0/645 (0%)]	Loss: 0.915646
Make prediction for 645 samples...
Make prediction for 92 samples...
Make prediction for 105 samples...
EarlyStopping counter: 2 out of 30
Epoch: 047, Train Loss: 0.8646, Metric: r2, Train: 0.7368, Val: 0.4004, best Val: 0.5561, Test: 0.3075
Training on 645 samples...
Train epoch: 49 [0/645 (0%)]	Loss: 0.878671
Make prediction for 645 samples...
Make prediction for 92 samples...
Make prediction for 105 samples...
EarlyStopping counter: 3 out of 30
Epoch: 048, Train Loss: 0.8808, Metric: r2, Train: 0.7689, Val: 0.5117, best Val: 0.5561, Test: 0.2904
Training on 645 samples...
Train epoch: 50 [0/645 (0%)]	Loss: 0.845715
Make prediction for 645 samples...
Make prediction for 92 samples...
Make prediction for 105 samples...
EarlyStopping counter: 4 out of 30
Epoch: 049, Train Loss: 0.8540, Metric: r2, Train: 0.7742, Val: 0.5158, best Val: 0.5561, Test: 0.2965
Training on 645 samples...
Train epoch: 51 [0/645 (0%)]	Loss: 0.829958
Make prediction for 645 samples...
Make prediction for 92 samples...
Make prediction for 105 samples...
EarlyStopping counter: 5 out of 30
Epoch: 050, Train Loss: 0.8524, Metric: r2, Train: 0.7796, Val: 0.5072, best Val: 0.5561, Test: 0.3190
Training on 645 samples...
Train epoch: 52 [0/645 (0%)]	Loss: 0.870359
Make prediction for 645 samples...
Make prediction for 92 samples...
Make prediction for 105 samples...
EarlyStopping counter: 6 out of 30
Epoch: 051, Train Loss: 0.8555, Metric: r2, Train: 0.7410, Val: 0.5085, best Val: 0.5561, Test: 0.1933
Training on 645 samples...
Train epoch: 53 [0/645 (0%)]	Loss: 0.896697
Make prediction for 645 samples...
Make prediction for 92 samples...
Make prediction for 105 samples...
EarlyStopping counter: 7 out of 30
Epoch: 052, Train Loss: 0.8784, Metric: r2, Train: 0.7761, Val: 0.4405, best Val: 0.5561, Test: 0.3349
Training on 645 samples...
Train epoch: 54 [0/645 (0%)]	Loss: 0.846911
Make prediction for 645 samples...
Make prediction for 92 samples...
Make prediction for 105 samples...
EarlyStopping counter: 8 out of 30
Epoch: 053, Train Loss: 0.8923, Metric: r2, Train: 0.6433, Val: 0.1638, best Val: 0.5561, Test: 0.1876
Training on 645 samples...
Train epoch: 55 [0/645 (0%)]	Loss: 0.950405
Make prediction for 645 samples...
Make prediction for 92 samples...
Make prediction for 105 samples...
EarlyStopping counter: 9 out of 30
Epoch: 054, Train Loss: 0.9317, Metric: r2, Train: 0.7228, Val: 0.4794, best Val: 0.5561, Test: 0.2157
Training on 645 samples...
Train epoch: 56 [0/645 (0%)]	Loss: 0.912409
Make prediction for 645 samples...
Make prediction for 92 samples...
Make prediction for 105 samples...
EarlyStopping counter: 10 out of 30
Epoch: 055, Train Loss: 0.8747, Metric: r2, Train: 0.7735, Val: 0.4342, best Val: 0.5561, Test: 0.4010
Training on 645 samples...
Train epoch: 57 [0/645 (0%)]	Loss: 0.870339
Make prediction for 645 samples...
Make prediction for 92 samples...
Make prediction for 105 samples...
EarlyStopping counter: 11 out of 30
Epoch: 056, Train Loss: 0.8591, Metric: r2, Train: 0.7839, Val: 0.4574, best Val: 0.5561, Test: 0.3852
Training on 645 samples...
Train epoch: 58 [0/645 (0%)]	Loss: 0.851744
Make prediction for 645 samples...
Make prediction for 92 samples...
Make prediction for 105 samples...
Make prediction for 105 samples...
Epoch: 057, Train Loss: 0.8408, Metric: r2, Train: 0.7795, Val: 0.5668, best Val: 0.5668, Test: 0.2428
Training on 645 samples...
Train epoch: 59 [0/645 (0%)]	Loss: 0.857224
Make prediction for 645 samples...
Make prediction for 92 samples...
Make prediction for 105 samples...
EarlyStopping counter: 1 out of 30
Epoch: 058, Train Loss: 0.8359, Metric: r2, Train: 0.7569, Val: 0.3662, best Val: 0.5668, Test: 0.3440
Training on 645 samples...
Train epoch: 60 [0/645 (0%)]	Loss: 0.896215
Make prediction for 645 samples...
Make prediction for 92 samples...
Make prediction for 105 samples...
EarlyStopping counter: 2 out of 30
Epoch: 059, Train Loss: 0.8564, Metric: r2, Train: 0.8084, Val: 0.5333, best Val: 0.5668, Test: 0.3552
Training on 645 samples...
Train epoch: 61 [0/645 (0%)]	Loss: 0.833309
Make prediction for 645 samples...
Make prediction for 92 samples...
Make prediction for 105 samples...
EarlyStopping counter: 3 out of 30
Epoch: 060, Train Loss: 0.8475, Metric: r2, Train: 0.7769, Val: 0.5244, best Val: 0.5668, Test: 0.2779
Training on 645 samples...
Train epoch: 62 [0/645 (0%)]	Loss: 0.868729
Make prediction for 645 samples...
Make prediction for 92 samples...
Make prediction for 105 samples...
EarlyStopping counter: 4 out of 30
Epoch: 061, Train Loss: 0.8358, Metric: r2, Train: 0.7885, Val: 0.4167, best Val: 0.5668, Test: 0.4074
Training on 645 samples...
Train epoch: 63 [0/645 (0%)]	Loss: 0.832143
Make prediction for 645 samples...
Make prediction for 92 samples...
Make prediction for 105 samples...
EarlyStopping counter: 5 out of 30
Epoch: 062, Train Loss: 0.8182, Metric: r2, Train: 0.7996, Val: 0.5464, best Val: 0.5668, Test: 0.2641
Training on 645 samples...
Train epoch: 64 [0/645 (0%)]	Loss: 0.859080
Make prediction for 645 samples...
Make prediction for 92 samples...
Make prediction for 105 samples...
EarlyStopping counter: 6 out of 30
Epoch: 063, Train Loss: 0.8196, Metric: r2, Train: 0.8212, Val: 0.4899, best Val: 0.5668, Test: 0.3691
Training on 645 samples...
Train epoch: 65 [0/645 (0%)]	Loss: 0.828437
Make prediction for 645 samples...
Make prediction for 92 samples...
Make prediction for 105 samples...
EarlyStopping counter: 7 out of 30
Epoch: 064, Train Loss: 0.8117, Metric: r2, Train: 0.7751, Val: 0.3308, best Val: 0.5668, Test: 0.3791
Training on 645 samples...
Train epoch: 66 [0/645 (0%)]	Loss: 0.864272
Make prediction for 645 samples...
Make prediction for 92 samples...
Make prediction for 105 samples...
EarlyStopping counter: 8 out of 30
Epoch: 065, Train Loss: 0.8347, Metric: r2, Train: 0.8030, Val: 0.4947, best Val: 0.5668, Test: 0.3308
Training on 645 samples...
Train epoch: 67 [0/645 (0%)]	Loss: 0.839961
Make prediction for 645 samples...
Make prediction for 92 samples...
Make prediction for 105 samples...
EarlyStopping counter: 9 out of 30
Epoch: 066, Train Loss: 0.8274, Metric: r2, Train: 0.8263, Val: 0.5115, best Val: 0.5668, Test: 0.3799
Training on 645 samples...
Train epoch: 68 [0/645 (0%)]	Loss: 0.829046
Make prediction for 645 samples...
Make prediction for 92 samples...
Make prediction for 105 samples...
EarlyStopping counter: 10 out of 30
Epoch: 067, Train Loss: 0.7955, Metric: r2, Train: 0.8264, Val: 0.4562, best Val: 0.5668, Test: 0.4211
Training on 645 samples...
Train epoch: 69 [0/645 (0%)]	Loss: 0.804923
Make prediction for 645 samples...
Make prediction for 92 samples...
Make prediction for 105 samples...
EarlyStopping counter: 11 out of 30
Epoch: 068, Train Loss: 0.7934, Metric: r2, Train: 0.8108, Val: 0.5384, best Val: 0.5668, Test: 0.2770
Training on 645 samples...
Train epoch: 70 [0/645 (0%)]	Loss: 0.841647
Make prediction for 645 samples...
Make prediction for 92 samples...
Make prediction for 105 samples...
EarlyStopping counter: 12 out of 30
Epoch: 069, Train Loss: 0.8053, Metric: r2, Train: 0.8392, Val: 0.5172, best Val: 0.5668, Test: 0.3754
Training on 645 samples...
Train epoch: 71 [0/645 (0%)]	Loss: 0.792434
Make prediction for 645 samples...
Make prediction for 92 samples...
Make prediction for 105 samples...
EarlyStopping counter: 13 out of 30
Epoch: 070, Train Loss: 0.7966, Metric: r2, Train: 0.8105, Val: 0.3894, best Val: 0.5668, Test: 0.3906
Training on 645 samples...
Train epoch: 72 [0/645 (0%)]	Loss: 0.795362
Make prediction for 645 samples...
Make prediction for 92 samples...
Make prediction for 105 samples...
EarlyStopping counter: 14 out of 30
Epoch: 071, Train Loss: 0.8046, Metric: r2, Train: 0.8284, Val: 0.5267, best Val: 0.5668, Test: 0.3472
Training on 645 samples...
Train epoch: 73 [0/645 (0%)]	Loss: 0.810064
Make prediction for 645 samples...
Make prediction for 92 samples...
Make prediction for 105 samples...
EarlyStopping counter: 15 out of 30
Epoch: 072, Train Loss: 0.8167, Metric: r2, Train: 0.7936, Val: 0.5017, best Val: 0.5668, Test: 0.2654
Training on 645 samples...
Train epoch: 74 [0/645 (0%)]	Loss: 0.808850
Make prediction for 645 samples...
Make prediction for 92 samples...
Make prediction for 105 samples...
EarlyStopping counter: 16 out of 30
Epoch: 073, Train Loss: 0.8517, Metric: r2, Train: 0.7019, Val: 0.1456, best Val: 0.5668, Test: 0.2853
Training on 645 samples...
Train epoch: 75 [0/645 (0%)]	Loss: 0.958245
Make prediction for 645 samples...
Make prediction for 92 samples...
Make prediction for 105 samples...
EarlyStopping counter: 17 out of 30
Epoch: 074, Train Loss: 0.8713, Metric: r2, Train: 0.8328, Val: 0.5154, best Val: 0.5668, Test: 0.4166
Training on 645 samples...
Train epoch: 76 [0/645 (0%)]	Loss: 0.798830
Make prediction for 645 samples...
Make prediction for 92 samples...
Make prediction for 105 samples...
EarlyStopping counter: 18 out of 30
Epoch: 075, Train Loss: 0.8188, Metric: r2, Train: 0.8371, Val: 0.5110, best Val: 0.5668, Test: 0.4501
Training on 645 samples...
Train epoch: 77 [0/645 (0%)]	Loss: 0.803534
Make prediction for 645 samples...
Make prediction for 92 samples...
Make prediction for 105 samples...
EarlyStopping counter: 19 out of 30
Epoch: 076, Train Loss: 0.8029, Metric: r2, Train: 0.8200, Val: 0.3829, best Val: 0.5668, Test: 0.4519
Training on 645 samples...
Train epoch: 78 [0/645 (0%)]	Loss: 0.803556
Make prediction for 645 samples...
Make prediction for 92 samples...
Make prediction for 105 samples...
EarlyStopping counter: 20 out of 30
Epoch: 077, Train Loss: 0.7988, Metric: r2, Train: 0.8156, Val: 0.5530, best Val: 0.5668, Test: 0.2730
Training on 645 samples...
Train epoch: 79 [0/645 (0%)]	Loss: 0.843965
Make prediction for 645 samples...
Make prediction for 92 samples...
Make prediction for 105 samples...
EarlyStopping counter: 21 out of 30
Epoch: 078, Train Loss: 0.7903, Metric: r2, Train: 0.8399, Val: 0.4561, best Val: 0.5668, Test: 0.4122
Training on 645 samples...
Train epoch: 80 [0/645 (0%)]	Loss: 0.792008
Make prediction for 645 samples...
Make prediction for 92 samples...
Make prediction for 105 samples...
EarlyStopping counter: 22 out of 30
Epoch: 079, Train Loss: 0.7950, Metric: r2, Train: 0.8516, Val: 0.4788, best Val: 0.5668, Test: 0.4336
Training on 645 samples...
Train epoch: 81 [0/645 (0%)]	Loss: 0.781784
Make prediction for 645 samples...
Make prediction for 92 samples...
Make prediction for 105 samples...
EarlyStopping counter: 23 out of 30
Epoch: 080, Train Loss: 0.7752, Metric: r2, Train: 0.8396, Val: 0.5305, best Val: 0.5668, Test: 0.3551
Training on 645 samples...
Train epoch: 82 [0/645 (0%)]	Loss: 0.812719
Make prediction for 645 samples...
Make prediction for 92 samples...
Make prediction for 105 samples...
EarlyStopping counter: 24 out of 30
Epoch: 081, Train Loss: 0.7785, Metric: r2, Train: 0.8596, Val: 0.5117, best Val: 0.5668, Test: 0.4236
Training on 645 samples...
Train epoch: 83 [0/645 (0%)]	Loss: 0.770637
Make prediction for 645 samples...
Make prediction for 92 samples...
Make prediction for 105 samples...
EarlyStopping counter: 25 out of 30
Epoch: 082, Train Loss: 0.7601, Metric: r2, Train: 0.8586, Val: 0.4733, best Val: 0.5668, Test: 0.4249
Training on 645 samples...
Train epoch: 84 [0/645 (0%)]	Loss: 0.751710
Make prediction for 645 samples...
Make prediction for 92 samples...
Make prediction for 105 samples...
EarlyStopping counter: 26 out of 30
Epoch: 083, Train Loss: 0.7606, Metric: r2, Train: 0.8522, Val: 0.5394, best Val: 0.5668, Test: 0.3510
Training on 645 samples...
Train epoch: 85 [0/645 (0%)]	Loss: 0.808523
Make prediction for 645 samples...
Make prediction for 92 samples...
Make prediction for 105 samples...
EarlyStopping counter: 27 out of 30
Epoch: 084, Train Loss: 0.7667, Metric: r2, Train: 0.8705, Val: 0.5186, best Val: 0.5668, Test: 0.4248
Training on 645 samples...
Train epoch: 86 [0/645 (0%)]	Loss: 0.760953
Make prediction for 645 samples...
Make prediction for 92 samples...
Make prediction for 105 samples...
EarlyStopping counter: 28 out of 30
Epoch: 085, Train Loss: 0.7505, Metric: r2, Train: 0.8728, Val: 0.5242, best Val: 0.5668, Test: 0.4376
Training on 645 samples...
Train epoch: 87 [0/645 (0%)]	Loss: 0.740984
Make prediction for 645 samples...
Make prediction for 92 samples...
Make prediction for 105 samples...
EarlyStopping counter: 29 out of 30
Epoch: 086, Train Loss: 0.7513, Metric: r2, Train: 0.8706, Val: 0.4726, best Val: 0.5668, Test: 0.4740
Training on 645 samples...
Train epoch: 88 [0/645 (0%)]	Loss: 0.755878
Make prediction for 645 samples...
Make prediction for 92 samples...
Make prediction for 105 samples...
EarlyStopping counter: 30 out of 30
Epoch: 087, Train Loss: 0.7486, Metric: r2, Train: 0.8749, Val: 0.5360, best Val: 0.5668, Test: 0.4513
out of patience!
******Caco2_Perimeter_2024, 2th_time_result******
train_result: 0.7795
val_result: 0.5668
test_result: 0.2428
Current seed: 2044
Pre-processed data found: data/processed/Caco2_Perimeter_2024/Caco2_Perimeter_2024_train.pt, loading ...
Pre-processed data found: data/processed/Caco2_Perimeter_2024/Caco2_Perimeter_2024_valid.pt, loading ...
Pre-processed data found: data/processed/Caco2_Perimeter_2024/Caco2_Perimeter_2024_test.pt, loading ...
trainset mean:-5.171485424041748 std:0.7813431024551392
Training on 645 samples...
Train epoch: 1 [0/645 (0%)]	Loss: 1.633915
Make prediction for 645 samples...
Make prediction for 92 samples...
Make prediction for 105 samples...
Make prediction for 105 samples...
Epoch: 000, Train Loss: 1.6511, Metric: r2, Train: -0.0368, Val: -0.0318, best Val: -0.0318, Test: -0.0190
Training on 645 samples...
Train epoch: 2 [0/645 (0%)]	Loss: 1.646372
Make prediction for 645 samples...
Make prediction for 92 samples...
Make prediction for 105 samples...
EarlyStopping counter: 1 out of 30
Epoch: 001, Train Loss: 1.6207, Metric: r2, Train: -0.0353, Val: -0.0546, best Val: -0.0318, Test: -0.4015
Training on 645 samples...
Train epoch: 3 [0/645 (0%)]	Loss: 1.573558
Make prediction for 645 samples...
Make prediction for 92 samples...
Make prediction for 105 samples...
Make prediction for 105 samples...
Epoch: 002, Train Loss: 1.6256, Metric: r2, Train: -0.0039, Val: 0.0029, best Val: 0.0029, Test: -0.0604
Training on 645 samples...
Train epoch: 4 [0/645 (0%)]	Loss: 1.686303
Make prediction for 645 samples...
Make prediction for 92 samples...
Make prediction for 105 samples...
Make prediction for 105 samples...
Epoch: 003, Train Loss: 1.6220, Metric: r2, Train: 0.0115, Val: 0.0162, best Val: 0.0162, Test: -0.1526
Training on 645 samples...
Train epoch: 5 [0/645 (0%)]	Loss: 1.683336
Make prediction for 645 samples...
Make prediction for 92 samples...
Make prediction for 105 samples...
EarlyStopping counter: 1 out of 30
Epoch: 004, Train Loss: 1.6089, Metric: r2, Train: 0.0025, Val: 0.0015, best Val: 0.0162, Test: -0.2510
Training on 645 samples...
Train epoch: 6 [0/645 (0%)]	Loss: 1.719016
Make prediction for 645 samples...
Make prediction for 92 samples...
Make prediction for 105 samples...
Make prediction for 105 samples...
Epoch: 005, Train Loss: 1.6075, Metric: r2, Train: 0.0177, Val: 0.0320, best Val: 0.0320, Test: -0.0537
Training on 645 samples...
Train epoch: 7 [0/645 (0%)]	Loss: 1.549281
Make prediction for 645 samples...
Make prediction for 92 samples...
Make prediction for 105 samples...
Make prediction for 105 samples...
Epoch: 006, Train Loss: 1.5908, Metric: r2, Train: 0.0325, Val: 0.0436, best Val: 0.0436, Test: -0.0634
Training on 645 samples...
Train epoch: 8 [0/645 (0%)]	Loss: 1.660341
Make prediction for 645 samples...
Make prediction for 92 samples...
Make prediction for 105 samples...
Make prediction for 105 samples...
Epoch: 007, Train Loss: 1.5720, Metric: r2, Train: 0.0498, Val: 0.0489, best Val: 0.0489, Test: -0.0586
Training on 645 samples...
Train epoch: 9 [0/645 (0%)]	Loss: 1.424626
Make prediction for 645 samples...
Make prediction for 92 samples...
Make prediction for 105 samples...
Make prediction for 105 samples...
Epoch: 008, Train Loss: 1.5617, Metric: r2, Train: 0.0695, Val: 0.0719, best Val: 0.0719, Test: 0.1268
Training on 645 samples...
Train epoch: 10 [0/645 (0%)]	Loss: 1.638735
Make prediction for 645 samples...
Make prediction for 92 samples...
Make prediction for 105 samples...
Make prediction for 105 samples...
Epoch: 009, Train Loss: 1.5469, Metric: r2, Train: 0.1170, Val: 0.0926, best Val: 0.0926, Test: 0.1659
Training on 645 samples...
Train epoch: 11 [0/645 (0%)]	Loss: 1.543735
Make prediction for 645 samples...
Make prediction for 92 samples...
Make prediction for 105 samples...
Make prediction for 105 samples...
Epoch: 010, Train Loss: 1.5126, Metric: r2, Train: 0.1456, Val: 0.1034, best Val: 0.1034, Test: 0.1945
Training on 645 samples...
Train epoch: 12 [0/645 (0%)]	Loss: 1.522773
Make prediction for 645 samples...
Make prediction for 92 samples...
Make prediction for 105 samples...
Make prediction for 105 samples...
Epoch: 011, Train Loss: 1.4797, Metric: r2, Train: 0.1913, Val: 0.1317, best Val: 0.1317, Test: 0.3438
Training on 645 samples...
Train epoch: 13 [0/645 (0%)]	Loss: 1.359086
Make prediction for 645 samples...
Make prediction for 92 samples...
Make prediction for 105 samples...
Make prediction for 105 samples...
Epoch: 012, Train Loss: 1.4284, Metric: r2, Train: 0.2491, Val: 0.1779, best Val: 0.1779, Test: 0.3263
Training on 645 samples...
Train epoch: 14 [0/645 (0%)]	Loss: 1.484951
Make prediction for 645 samples...
Make prediction for 92 samples...
Make prediction for 105 samples...
Make prediction for 105 samples...
Epoch: 013, Train Loss: 1.3986, Metric: r2, Train: 0.2994, Val: 0.2250, best Val: 0.2250, Test: 0.3383
Training on 645 samples...
Train epoch: 15 [0/645 (0%)]	Loss: 1.292120
Make prediction for 645 samples...
Make prediction for 92 samples...
Make prediction for 105 samples...
Make prediction for 105 samples...
Epoch: 014, Train Loss: 1.3590, Metric: r2, Train: 0.3091, Val: 0.2629, best Val: 0.2629, Test: 0.3233
Training on 645 samples...
Train epoch: 16 [0/645 (0%)]	Loss: 1.255533
Make prediction for 645 samples...
Make prediction for 92 samples...
Make prediction for 105 samples...
EarlyStopping counter: 1 out of 30
Epoch: 015, Train Loss: 1.3204, Metric: r2, Train: 0.3449, Val: 0.2240, best Val: 0.2629, Test: 0.2739
Training on 645 samples...
Train epoch: 17 [0/645 (0%)]	Loss: 1.304022
Make prediction for 645 samples...
Make prediction for 92 samples...
Make prediction for 105 samples...
Make prediction for 105 samples...
Epoch: 016, Train Loss: 1.2497, Metric: r2, Train: 0.3466, Val: 0.3000, best Val: 0.3000, Test: 0.2304
Training on 645 samples...
Train epoch: 18 [0/645 (0%)]	Loss: 1.311235
Make prediction for 645 samples...
Make prediction for 92 samples...
Make prediction for 105 samples...
Make prediction for 105 samples...
Epoch: 017, Train Loss: 1.2395, Metric: r2, Train: 0.4461, Val: 0.3298, best Val: 0.3298, Test: 0.3345
Training on 645 samples...
Train epoch: 19 [0/645 (0%)]	Loss: 1.212082
Make prediction for 645 samples...
Make prediction for 92 samples...
Make prediction for 105 samples...
EarlyStopping counter: 1 out of 30
Epoch: 018, Train Loss: 1.1804, Metric: r2, Train: 0.4529, Val: 0.2817, best Val: 0.3298, Test: 0.3513
Training on 645 samples...
Train epoch: 20 [0/645 (0%)]	Loss: 1.156399
Make prediction for 645 samples...
Make prediction for 92 samples...
Make prediction for 105 samples...
Make prediction for 105 samples...
Epoch: 019, Train Loss: 1.1574, Metric: r2, Train: 0.4674, Val: 0.3981, best Val: 0.3981, Test: 0.2629
Training on 645 samples...
Train epoch: 21 [0/645 (0%)]	Loss: 1.192672
Make prediction for 645 samples...
Make prediction for 92 samples...
Make prediction for 105 samples...
Make prediction for 105 samples...
Epoch: 020, Train Loss: 1.1180, Metric: r2, Train: 0.5341, Val: 0.4041, best Val: 0.4041, Test: 0.3525
Training on 645 samples...
Train epoch: 22 [0/645 (0%)]	Loss: 1.095745
Make prediction for 645 samples...
Make prediction for 92 samples...
Make prediction for 105 samples...
EarlyStopping counter: 1 out of 30
Epoch: 021, Train Loss: 1.1004, Metric: r2, Train: 0.4135, Val: 0.1340, best Val: 0.4041, Test: 0.1624
Training on 645 samples...
Train epoch: 23 [0/645 (0%)]	Loss: 1.217551
Make prediction for 645 samples...
Make prediction for 92 samples...
Make prediction for 105 samples...
Make prediction for 105 samples...
Epoch: 022, Train Loss: 1.1436, Metric: r2, Train: 0.5221, Val: 0.4491, best Val: 0.4491, Test: 0.1841
Training on 645 samples...
Train epoch: 24 [0/645 (0%)]	Loss: 1.127927
Make prediction for 645 samples...
Make prediction for 92 samples...
Make prediction for 105 samples...
EarlyStopping counter: 1 out of 30
Epoch: 023, Train Loss: 1.0850, Metric: r2, Train: 0.5872, Val: 0.4445, best Val: 0.4491, Test: 0.3029
Training on 645 samples...
Train epoch: 25 [0/645 (0%)]	Loss: 1.021341
Make prediction for 645 samples...
Make prediction for 92 samples...
Make prediction for 105 samples...
EarlyStopping counter: 2 out of 30
Epoch: 024, Train Loss: 1.0735, Metric: r2, Train: 0.5128, Val: 0.2246, best Val: 0.4491, Test: 0.2531
Training on 645 samples...
Train epoch: 26 [0/645 (0%)]	Loss: 1.094344
Make prediction for 645 samples...
Make prediction for 92 samples...
Make prediction for 105 samples...
Make prediction for 105 samples...
Epoch: 025, Train Loss: 1.0893, Metric: r2, Train: 0.5433, Val: 0.4507, best Val: 0.4507, Test: 0.0979
Training on 645 samples...
Train epoch: 27 [0/645 (0%)]	Loss: 1.095576
Make prediction for 645 samples...
Make prediction for 92 samples...
Make prediction for 105 samples...
EarlyStopping counter: 1 out of 30
Epoch: 026, Train Loss: 1.0564, Metric: r2, Train: 0.6012, Val: 0.3867, best Val: 0.4507, Test: 0.3209
Training on 645 samples...
Train epoch: 28 [0/645 (0%)]	Loss: 1.075671
Make prediction for 645 samples...
Make prediction for 92 samples...
Make prediction for 105 samples...
Make prediction for 105 samples...
Epoch: 027, Train Loss: 1.0304, Metric: r2, Train: 0.6351, Val: 0.4668, best Val: 0.4668, Test: 0.2845
Training on 645 samples...
Train epoch: 29 [0/645 (0%)]	Loss: 1.007120
Make prediction for 645 samples...
Make prediction for 92 samples...
Make prediction for 105 samples...
Make prediction for 105 samples...
Epoch: 028, Train Loss: 0.9910, Metric: r2, Train: 0.6350, Val: 0.5229, best Val: 0.5229, Test: 0.1455
Training on 645 samples...
Train epoch: 30 [0/645 (0%)]	Loss: 0.951246
Make prediction for 645 samples...
Make prediction for 92 samples...
Make prediction for 105 samples...
EarlyStopping counter: 1 out of 30
Epoch: 029, Train Loss: 0.9779, Metric: r2, Train: 0.6376, Val: 0.4075, best Val: 0.5229, Test: 0.2734
Training on 645 samples...
Train epoch: 31 [0/645 (0%)]	Loss: 1.004224
Make prediction for 645 samples...
Make prediction for 92 samples...
Make prediction for 105 samples...
Make prediction for 105 samples...
Epoch: 030, Train Loss: 0.9682, Metric: r2, Train: 0.6695, Val: 0.5245, best Val: 0.5245, Test: 0.1883
Training on 645 samples...
Train epoch: 32 [0/645 (0%)]	Loss: 0.977827
Make prediction for 645 samples...
Make prediction for 92 samples...
Make prediction for 105 samples...
EarlyStopping counter: 1 out of 30
Epoch: 031, Train Loss: 0.9737, Metric: r2, Train: 0.6838, Val: 0.5199, best Val: 0.5245, Test: 0.1859
Training on 645 samples...
Train epoch: 33 [0/645 (0%)]	Loss: 0.978446
Make prediction for 645 samples...
Make prediction for 92 samples...
Make prediction for 105 samples...
EarlyStopping counter: 2 out of 30
Epoch: 032, Train Loss: 0.9491, Metric: r2, Train: 0.6866, Val: 0.4809, best Val: 0.5245, Test: 0.2250
Training on 645 samples...
Train epoch: 34 [0/645 (0%)]	Loss: 1.008855
Make prediction for 645 samples...
Make prediction for 92 samples...
Make prediction for 105 samples...
EarlyStopping counter: 3 out of 30
Epoch: 033, Train Loss: 0.9377, Metric: r2, Train: 0.7064, Val: 0.4980, best Val: 0.5245, Test: 0.2065
Training on 645 samples...
Train epoch: 35 [0/645 (0%)]	Loss: 0.907403
Make prediction for 645 samples...
Make prediction for 92 samples...
Make prediction for 105 samples...
EarlyStopping counter: 4 out of 30
Epoch: 034, Train Loss: 0.9234, Metric: r2, Train: 0.7096, Val: 0.5191, best Val: 0.5245, Test: 0.1238
Training on 645 samples...
Train epoch: 36 [0/645 (0%)]	Loss: 0.971185
Make prediction for 645 samples...
Make prediction for 92 samples...
Make prediction for 105 samples...
EarlyStopping counter: 5 out of 30
Epoch: 035, Train Loss: 0.9134, Metric: r2, Train: 0.7242, Val: 0.4725, best Val: 0.5245, Test: 0.2209
Training on 645 samples...
Train epoch: 37 [0/645 (0%)]	Loss: 0.928119
Make prediction for 645 samples...
Make prediction for 92 samples...
Make prediction for 105 samples...
EarlyStopping counter: 6 out of 30
Epoch: 036, Train Loss: 0.9013, Metric: r2, Train: 0.7264, Val: 0.4333, best Val: 0.5245, Test: 0.2561
Training on 645 samples...
Train epoch: 38 [0/645 (0%)]	Loss: 0.909669
Make prediction for 645 samples...
Make prediction for 92 samples...
Make prediction for 105 samples...
EarlyStopping counter: 7 out of 30
Epoch: 037, Train Loss: 0.9025, Metric: r2, Train: 0.7223, Val: 0.3841, best Val: 0.5245, Test: 0.3068
Training on 645 samples...
Train epoch: 39 [0/645 (0%)]	Loss: 0.914531
Make prediction for 645 samples...
Make prediction for 92 samples...
Make prediction for 105 samples...
EarlyStopping counter: 8 out of 30
Epoch: 038, Train Loss: 0.9061, Metric: r2, Train: 0.7016, Val: 0.3170, best Val: 0.5245, Test: 0.2918
Training on 645 samples...
Train epoch: 40 [0/645 (0%)]	Loss: 0.946637
Make prediction for 645 samples...
Make prediction for 92 samples...
Make prediction for 105 samples...
EarlyStopping counter: 9 out of 30
Epoch: 039, Train Loss: 0.9213, Metric: r2, Train: 0.7425, Val: 0.5077, best Val: 0.5245, Test: 0.1207
Training on 645 samples...
Train epoch: 41 [0/645 (0%)]	Loss: 0.896521
Make prediction for 645 samples...
Make prediction for 92 samples...
Make prediction for 105 samples...
EarlyStopping counter: 10 out of 30
Epoch: 040, Train Loss: 0.8886, Metric: r2, Train: 0.7596, Val: 0.5042, best Val: 0.5245, Test: 0.1766
Training on 645 samples...
Train epoch: 42 [0/645 (0%)]	Loss: 0.876783
Make prediction for 645 samples...
Make prediction for 92 samples...
Make prediction for 105 samples...
EarlyStopping counter: 11 out of 30
Epoch: 041, Train Loss: 0.8605, Metric: r2, Train: 0.7594, Val: 0.4184, best Val: 0.5245, Test: 0.3082
Training on 645 samples...
Train epoch: 43 [0/645 (0%)]	Loss: 0.901734
Make prediction for 645 samples...
Make prediction for 92 samples...
Make prediction for 105 samples...
EarlyStopping counter: 12 out of 30
Epoch: 042, Train Loss: 0.8678, Metric: r2, Train: 0.7579, Val: 0.3714, best Val: 0.5245, Test: 0.3434
Training on 645 samples...
Train epoch: 44 [0/645 (0%)]	Loss: 0.878402
Make prediction for 645 samples...
Make prediction for 92 samples...
Make prediction for 105 samples...
EarlyStopping counter: 13 out of 30
Epoch: 043, Train Loss: 0.8612, Metric: r2, Train: 0.7863, Val: 0.4628, best Val: 0.5245, Test: 0.2482
Training on 645 samples...
Train epoch: 45 [0/645 (0%)]	Loss: 0.863385
Make prediction for 645 samples...
Make prediction for 92 samples...
Make prediction for 105 samples...
EarlyStopping counter: 14 out of 30
Epoch: 044, Train Loss: 0.8440, Metric: r2, Train: 0.7340, Val: 0.4949, best Val: 0.5245, Test: -0.0410
Training on 645 samples...
Train epoch: 46 [0/645 (0%)]	Loss: 0.903843
Make prediction for 645 samples...
Make prediction for 92 samples...
Make prediction for 105 samples...
EarlyStopping counter: 15 out of 30
Epoch: 045, Train Loss: 0.8680, Metric: r2, Train: 0.7437, Val: 0.4587, best Val: 0.5245, Test: 0.0594
Training on 645 samples...
Train epoch: 47 [0/645 (0%)]	Loss: 0.844384
Make prediction for 645 samples...
Make prediction for 92 samples...
Make prediction for 105 samples...
EarlyStopping counter: 16 out of 30
Epoch: 046, Train Loss: 0.8508, Metric: r2, Train: 0.7994, Val: 0.4374, best Val: 0.5245, Test: 0.3444
Training on 645 samples...
Train epoch: 48 [0/645 (0%)]	Loss: 0.846092
Make prediction for 645 samples...
Make prediction for 92 samples...
Make prediction for 105 samples...
EarlyStopping counter: 17 out of 30
Epoch: 047, Train Loss: 0.8530, Metric: r2, Train: 0.7925, Val: 0.3746, best Val: 0.5245, Test: 0.3881
Training on 645 samples...
Train epoch: 49 [0/645 (0%)]	Loss: 0.856261
Make prediction for 645 samples...
Make prediction for 92 samples...
Make prediction for 105 samples...
EarlyStopping counter: 18 out of 30
Epoch: 048, Train Loss: 0.8391, Metric: r2, Train: 0.7681, Val: 0.3231, best Val: 0.5245, Test: 0.3395
Training on 645 samples...
Train epoch: 50 [0/645 (0%)]	Loss: 0.856743
Make prediction for 645 samples...
Make prediction for 92 samples...
Make prediction for 105 samples...
EarlyStopping counter: 19 out of 30
Epoch: 049, Train Loss: 0.8301, Metric: r2, Train: 0.7904, Val: 0.3953, best Val: 0.5245, Test: 0.2930
Training on 645 samples...
Train epoch: 51 [0/645 (0%)]	Loss: 0.865652
Make prediction for 645 samples...
Make prediction for 92 samples...
Make prediction for 105 samples...
EarlyStopping counter: 20 out of 30
Epoch: 050, Train Loss: 0.8237, Metric: r2, Train: 0.8076, Val: 0.4698, best Val: 0.5245, Test: 0.1580
Training on 645 samples...
Train epoch: 52 [0/645 (0%)]	Loss: 0.844098
Make prediction for 645 samples...
Make prediction for 92 samples...
Make prediction for 105 samples...
EarlyStopping counter: 21 out of 30
Epoch: 051, Train Loss: 0.8371, Metric: r2, Train: 0.6498, Val: 0.3413, best Val: 0.5245, Test: -0.3058
Training on 645 samples...
Train epoch: 53 [0/645 (0%)]	Loss: 0.992222
Make prediction for 645 samples...
Make prediction for 92 samples...
Make prediction for 105 samples...
EarlyStopping counter: 22 out of 30
Epoch: 052, Train Loss: 0.9002, Metric: r2, Train: 0.8100, Val: 0.4550, best Val: 0.5245, Test: 0.2817
Training on 645 samples...
Train epoch: 54 [0/645 (0%)]	Loss: 0.829479
Make prediction for 645 samples...
Make prediction for 92 samples...
Make prediction for 105 samples...
EarlyStopping counter: 23 out of 30
Epoch: 053, Train Loss: 0.8276, Metric: r2, Train: 0.6828, Val: 0.1500, best Val: 0.5245, Test: 0.3249
Training on 645 samples...
Train epoch: 55 [0/645 (0%)]	Loss: 0.938310
Make prediction for 645 samples...
Make prediction for 92 samples...
Make prediction for 105 samples...
EarlyStopping counter: 24 out of 30
Epoch: 054, Train Loss: 0.8972, Metric: r2, Train: 0.8101, Val: 0.4777, best Val: 0.5245, Test: 0.2700
Training on 645 samples...
Train epoch: 56 [0/645 (0%)]	Loss: 0.828898
Make prediction for 645 samples...
Make prediction for 92 samples...
Make prediction for 105 samples...
EarlyStopping counter: 25 out of 30
Epoch: 055, Train Loss: 0.8573, Metric: r2, Train: 0.8116, Val: 0.5069, best Val: 0.5245, Test: 0.2470
Training on 645 samples...
Train epoch: 57 [0/645 (0%)]	Loss: 0.824038
Make prediction for 645 samples...
Make prediction for 92 samples...
Make prediction for 105 samples...
EarlyStopping counter: 26 out of 30
Epoch: 056, Train Loss: 0.8435, Metric: r2, Train: 0.8030, Val: 0.3996, best Val: 0.5245, Test: 0.3705
Training on 645 samples...
Train epoch: 58 [0/645 (0%)]	Loss: 0.850280
Make prediction for 645 samples...
Make prediction for 92 samples...
Make prediction for 105 samples...
EarlyStopping counter: 27 out of 30
Epoch: 057, Train Loss: 0.8003, Metric: r2, Train: 0.8150, Val: 0.5005, best Val: 0.5245, Test: 0.1843
Training on 645 samples...
Train epoch: 59 [0/645 (0%)]	Loss: 0.822082
Make prediction for 645 samples...
Make prediction for 92 samples...
Make prediction for 105 samples...
EarlyStopping counter: 28 out of 30
Epoch: 058, Train Loss: 0.8015, Metric: r2, Train: 0.8366, Val: 0.4709, best Val: 0.5245, Test: 0.2571
Training on 645 samples...
Train epoch: 60 [0/645 (0%)]	Loss: 0.795990
Make prediction for 645 samples...
Make prediction for 92 samples...
Make prediction for 105 samples...
EarlyStopping counter: 29 out of 30
Epoch: 059, Train Loss: 0.7842, Metric: r2, Train: 0.8419, Val: 0.4474, best Val: 0.5245, Test: 0.3129
Training on 645 samples...
Train epoch: 61 [0/645 (0%)]	Loss: 0.783425
Make prediction for 645 samples...
Make prediction for 92 samples...
Make prediction for 105 samples...
EarlyStopping counter: 30 out of 30
Epoch: 060, Train Loss: 0.7823, Metric: r2, Train: 0.8188, Val: 0.3708, best Val: 0.5245, Test: 0.3422
out of patience!
******Caco2_Perimeter_2024, 3th_time_result******
train_result: 0.6695
val_result: 0.5245
test_result: 0.1883
Current seed: 2054
Pre-processed data found: data/processed/Caco2_Perimeter_2024/Caco2_Perimeter_2024_train.pt, loading ...
Pre-processed data found: data/processed/Caco2_Perimeter_2024/Caco2_Perimeter_2024_valid.pt, loading ...
Pre-processed data found: data/processed/Caco2_Perimeter_2024/Caco2_Perimeter_2024_test.pt, loading ...
trainset mean:-5.171485424041748 std:0.7813431024551392
Training on 645 samples...
Train epoch: 1 [0/645 (0%)]	Loss: 1.679289
Make prediction for 645 samples...
Make prediction for 92 samples...
Make prediction for 105 samples...
Make prediction for 105 samples...
Epoch: 000, Train Loss: 1.7376, Metric: r2, Train: -0.1522, Val: -0.1870, best Val: -0.1870, Test: 0.0392
Training on 645 samples...
Train epoch: 2 [0/645 (0%)]	Loss: 1.695167
Make prediction for 645 samples...
Make prediction for 92 samples...
Make prediction for 105 samples...
Make prediction for 105 samples...
Epoch: 001, Train Loss: 1.7256, Metric: r2, Train: 0.0024, Val: 0.0033, best Val: 0.0033, Test: -0.1933
Training on 645 samples...
Train epoch: 3 [0/645 (0%)]	Loss: 1.654604
Make prediction for 645 samples...
Make prediction for 92 samples...
Make prediction for 105 samples...
EarlyStopping counter: 1 out of 30
Epoch: 002, Train Loss: 1.6130, Metric: r2, Train: -0.0074, Val: -0.0109, best Val: 0.0033, Test: -0.2758
Training on 645 samples...
Train epoch: 4 [0/645 (0%)]	Loss: 1.697520
Make prediction for 645 samples...
Make prediction for 92 samples...
Make prediction for 105 samples...
Make prediction for 105 samples...
Epoch: 003, Train Loss: 1.6139, Metric: r2, Train: 0.0023, Val: 0.0114, best Val: 0.0114, Test: -0.1245
Training on 645 samples...
Train epoch: 5 [0/645 (0%)]	Loss: 1.675128
Make prediction for 645 samples...
Make prediction for 92 samples...
Make prediction for 105 samples...
Make prediction for 105 samples...
Epoch: 004, Train Loss: 1.6111, Metric: r2, Train: 0.0068, Val: 0.0179, best Val: 0.0179, Test: -0.1391
Training on 645 samples...
Train epoch: 6 [0/645 (0%)]	Loss: 1.806890
Make prediction for 645 samples...
Make prediction for 92 samples...
Make prediction for 105 samples...
Make prediction for 105 samples...
Epoch: 005, Train Loss: 1.6097, Metric: r2, Train: 0.0083, Val: 0.0179, best Val: 0.0179, Test: -0.1906
Training on 645 samples...
Train epoch: 7 [0/645 (0%)]	Loss: 1.786554
Make prediction for 645 samples...
Make prediction for 92 samples...
Make prediction for 105 samples...
Make prediction for 105 samples...
Epoch: 006, Train Loss: 1.6072, Metric: r2, Train: 0.0129, Val: 0.0258, best Val: 0.0258, Test: -0.1763
Training on 645 samples...
Train epoch: 8 [0/645 (0%)]	Loss: 1.651497
Make prediction for 645 samples...
Make prediction for 92 samples...
Make prediction for 105 samples...
Make prediction for 105 samples...
Epoch: 007, Train Loss: 1.6030, Metric: r2, Train: 0.0157, Val: 0.0356, best Val: 0.0356, Test: -0.0594
Training on 645 samples...
Train epoch: 9 [0/645 (0%)]	Loss: 1.734866
Make prediction for 645 samples...
Make prediction for 92 samples...
Make prediction for 105 samples...
Make prediction for 105 samples...
Epoch: 008, Train Loss: 1.5970, Metric: r2, Train: 0.0206, Val: 0.0408, best Val: 0.0408, Test: -0.1214
Training on 645 samples...
Train epoch: 10 [0/645 (0%)]	Loss: 1.530657
Make prediction for 645 samples...
Make prediction for 92 samples...
Make prediction for 105 samples...
Make prediction for 105 samples...
Epoch: 009, Train Loss: 1.5746, Metric: r2, Train: 0.0325, Val: 0.0499, best Val: 0.0499, Test: -0.0599
Training on 645 samples...
Train epoch: 11 [0/645 (0%)]	Loss: 1.505191
Make prediction for 645 samples...
Make prediction for 92 samples...
Make prediction for 105 samples...
Make prediction for 105 samples...
Epoch: 010, Train Loss: 1.5840, Metric: r2, Train: 0.0418, Val: 0.0552, best Val: 0.0552, Test: -0.0368
Training on 645 samples...
Train epoch: 12 [0/645 (0%)]	Loss: 1.584326
Make prediction for 645 samples...
Make prediction for 92 samples...
Make prediction for 105 samples...
Make prediction for 105 samples...
Epoch: 011, Train Loss: 1.5681, Metric: r2, Train: 0.0615, Val: 0.0568, best Val: 0.0568, Test: -0.0105
Training on 645 samples...
Train epoch: 13 [0/645 (0%)]	Loss: 1.675131
Make prediction for 645 samples...
Make prediction for 92 samples...
Make prediction for 105 samples...
EarlyStopping counter: 1 out of 30
Epoch: 012, Train Loss: 1.5518, Metric: r2, Train: 0.0709, Val: 0.0506, best Val: 0.0568, Test: -0.0523
Training on 645 samples...
Train epoch: 14 [0/645 (0%)]	Loss: 1.579055
Make prediction for 645 samples...
Make prediction for 92 samples...
Make prediction for 105 samples...
Make prediction for 105 samples...
Epoch: 013, Train Loss: 1.5401, Metric: r2, Train: 0.1108, Val: 0.0723, best Val: 0.0723, Test: 0.0366
Training on 645 samples...
Train epoch: 15 [0/645 (0%)]	Loss: 1.503819
Make prediction for 645 samples...
Make prediction for 92 samples...
Make prediction for 105 samples...
Make prediction for 105 samples...
Epoch: 014, Train Loss: 1.4892, Metric: r2, Train: 0.1624, Val: 0.0963, best Val: 0.0963, Test: 0.1479
Training on 645 samples...
Train epoch: 16 [0/645 (0%)]	Loss: 1.463691
Make prediction for 645 samples...
Make prediction for 92 samples...
Make prediction for 105 samples...
Make prediction for 105 samples...
Epoch: 015, Train Loss: 1.4390, Metric: r2, Train: 0.2262, Val: 0.0964, best Val: 0.0964, Test: 0.2566
Training on 645 samples...
Train epoch: 17 [0/645 (0%)]	Loss: 1.316656
Make prediction for 645 samples...
Make prediction for 92 samples...
Make prediction for 105 samples...
EarlyStopping counter: 1 out of 30
Epoch: 016, Train Loss: 1.3696, Metric: r2, Train: 0.2725, Val: 0.0908, best Val: 0.0964, Test: 0.2605
Training on 645 samples...
Train epoch: 18 [0/645 (0%)]	Loss: 1.380260
Make prediction for 645 samples...
Make prediction for 92 samples...
Make prediction for 105 samples...
EarlyStopping counter: 2 out of 30
Epoch: 017, Train Loss: 1.3264, Metric: r2, Train: 0.2493, Val: 0.0169, best Val: 0.0964, Test: 0.1675
Training on 645 samples...
Train epoch: 19 [0/645 (0%)]	Loss: 1.285807
Make prediction for 645 samples...
Make prediction for 92 samples...
Make prediction for 105 samples...
Make prediction for 105 samples...
Epoch: 018, Train Loss: 1.3780, Metric: r2, Train: 0.3741, Val: 0.1857, best Val: 0.1857, Test: 0.1980
Training on 645 samples...
Train epoch: 20 [0/645 (0%)]	Loss: 1.201561
Make prediction for 645 samples...
Make prediction for 92 samples...
Make prediction for 105 samples...
EarlyStopping counter: 1 out of 30
Epoch: 019, Train Loss: 1.3230, Metric: r2, Train: 0.3201, Val: 0.1137, best Val: 0.1857, Test: 0.0497
Training on 645 samples...
Train epoch: 21 [0/645 (0%)]	Loss: 1.433589
Make prediction for 645 samples...
Make prediction for 92 samples...
Make prediction for 105 samples...
Make prediction for 105 samples...
Epoch: 020, Train Loss: 1.3123, Metric: r2, Train: 0.3702, Val: 0.2278, best Val: 0.2278, Test: 0.1735
Training on 645 samples...
Train epoch: 22 [0/645 (0%)]	Loss: 1.210835
Make prediction for 645 samples...
Make prediction for 92 samples...
Make prediction for 105 samples...
Make prediction for 105 samples...
Epoch: 021, Train Loss: 1.2970, Metric: r2, Train: 0.3922, Val: 0.2532, best Val: 0.2532, Test: 0.1524
Training on 645 samples...
Train epoch: 23 [0/645 (0%)]	Loss: 1.245760
Make prediction for 645 samples...
Make prediction for 92 samples...
Make prediction for 105 samples...
Make prediction for 105 samples...
Epoch: 022, Train Loss: 1.2608, Metric: r2, Train: 0.4257, Val: 0.2969, best Val: 0.2969, Test: 0.2092
Training on 645 samples...
Train epoch: 24 [0/645 (0%)]	Loss: 1.209499
Make prediction for 645 samples...
Make prediction for 92 samples...
Make prediction for 105 samples...
Make prediction for 105 samples...
Epoch: 023, Train Loss: 1.2183, Metric: r2, Train: 0.4411, Val: 0.3199, best Val: 0.3199, Test: 0.2264
Training on 645 samples...
Train epoch: 25 [0/645 (0%)]	Loss: 1.218553
Make prediction for 645 samples...
Make prediction for 92 samples...
Make prediction for 105 samples...
EarlyStopping counter: 1 out of 30
Epoch: 024, Train Loss: 1.1800, Metric: r2, Train: 0.4571, Val: 0.2797, best Val: 0.3199, Test: 0.2283
Training on 645 samples...
Train epoch: 26 [0/645 (0%)]	Loss: 1.178931
Make prediction for 645 samples...
Make prediction for 92 samples...
Make prediction for 105 samples...
Make prediction for 105 samples...
Epoch: 025, Train Loss: 1.1490, Metric: r2, Train: 0.5034, Val: 0.3847, best Val: 0.3847, Test: 0.2255
Training on 645 samples...
Train epoch: 27 [0/645 (0%)]	Loss: 1.174525
Make prediction for 645 samples...
Make prediction for 92 samples...
Make prediction for 105 samples...
Make prediction for 105 samples...
Epoch: 026, Train Loss: 1.1256, Metric: r2, Train: 0.5306, Val: 0.3874, best Val: 0.3874, Test: 0.2546
Training on 645 samples...
Train epoch: 28 [0/645 (0%)]	Loss: 1.154560
Make prediction for 645 samples...
Make prediction for 92 samples...
Make prediction for 105 samples...
EarlyStopping counter: 1 out of 30
Epoch: 027, Train Loss: 1.1153, Metric: r2, Train: 0.5150, Val: 0.3146, best Val: 0.3874, Test: 0.2193
Training on 645 samples...
Train epoch: 29 [0/645 (0%)]	Loss: 1.085910
Make prediction for 645 samples...
Make prediction for 92 samples...
Make prediction for 105 samples...
Make prediction for 105 samples...
Epoch: 028, Train Loss: 1.1357, Metric: r2, Train: 0.5075, Val: 0.4197, best Val: 0.4197, Test: 0.1040
Training on 645 samples...
Train epoch: 30 [0/645 (0%)]	Loss: 1.048394
Make prediction for 645 samples...
Make prediction for 92 samples...
Make prediction for 105 samples...
EarlyStopping counter: 1 out of 30
Epoch: 029, Train Loss: 1.0936, Metric: r2, Train: 0.4450, Val: 0.1555, best Val: 0.4197, Test: 0.0840
Training on 645 samples...
Train epoch: 31 [0/645 (0%)]	Loss: 1.122923
Make prediction for 645 samples...
Make prediction for 92 samples...
Make prediction for 105 samples...
EarlyStopping counter: 2 out of 30
Epoch: 030, Train Loss: 1.1224, Metric: r2, Train: 0.4760, Val: 0.3958, best Val: 0.4197, Test: 0.0124
Training on 645 samples...
Train epoch: 32 [0/645 (0%)]	Loss: 1.184284
Make prediction for 645 samples...
Make prediction for 92 samples...
Make prediction for 105 samples...
EarlyStopping counter: 3 out of 30
Epoch: 031, Train Loss: 1.1200, Metric: r2, Train: 0.5319, Val: 0.2927, best Val: 0.4197, Test: 0.2149
Training on 645 samples...
Train epoch: 33 [0/645 (0%)]	Loss: 1.125728
Make prediction for 645 samples...
Make prediction for 92 samples...
Make prediction for 105 samples...
Make prediction for 105 samples...
Epoch: 032, Train Loss: 1.0681, Metric: r2, Train: 0.5906, Val: 0.4845, best Val: 0.4845, Test: 0.2141
Training on 645 samples...
Train epoch: 34 [0/645 (0%)]	Loss: 1.066267
Make prediction for 645 samples...
Make prediction for 92 samples...
Make prediction for 105 samples...
EarlyStopping counter: 1 out of 30
Epoch: 033, Train Loss: 1.0385, Metric: r2, Train: 0.5889, Val: 0.3689, best Val: 0.4845, Test: 0.2882
Training on 645 samples...
Train epoch: 35 [0/645 (0%)]	Loss: 1.024939
Make prediction for 645 samples...
Make prediction for 92 samples...
Make prediction for 105 samples...
Make prediction for 105 samples...
Epoch: 034, Train Loss: 1.0179, Metric: r2, Train: 0.6173, Val: 0.5134, best Val: 0.5134, Test: 0.1910
Training on 645 samples...
Train epoch: 36 [0/645 (0%)]	Loss: 1.043416
Make prediction for 645 samples...
Make prediction for 92 samples...
Make prediction for 105 samples...
Make prediction for 105 samples...
Epoch: 035, Train Loss: 1.0192, Metric: r2, Train: 0.6282, Val: 0.5248, best Val: 0.5248, Test: 0.1613
Training on 645 samples...
Train epoch: 37 [0/645 (0%)]	Loss: 1.054549
Make prediction for 645 samples...
Make prediction for 92 samples...
Make prediction for 105 samples...
EarlyStopping counter: 1 out of 30
Epoch: 036, Train Loss: 1.0235, Metric: r2, Train: 0.6143, Val: 0.3743, best Val: 0.5248, Test: 0.2135
Training on 645 samples...
Train epoch: 38 [0/645 (0%)]	Loss: 1.055425
Make prediction for 645 samples...
Make prediction for 92 samples...
Make prediction for 105 samples...
EarlyStopping counter: 2 out of 30
Epoch: 037, Train Loss: 1.0067, Metric: r2, Train: 0.6512, Val: 0.5243, best Val: 0.5248, Test: 0.1373
Training on 645 samples...
Train epoch: 39 [0/645 (0%)]	Loss: 0.960198
Make prediction for 645 samples...
Make prediction for 92 samples...
Make prediction for 105 samples...
EarlyStopping counter: 3 out of 30
Epoch: 038, Train Loss: 0.9891, Metric: r2, Train: 0.6365, Val: 0.3913, best Val: 0.5248, Test: 0.1899
Training on 645 samples...
Train epoch: 40 [0/645 (0%)]	Loss: 0.979888
Make prediction for 645 samples...
Make prediction for 92 samples...
Make prediction for 105 samples...
EarlyStopping counter: 4 out of 30
Epoch: 039, Train Loss: 0.9832, Metric: r2, Train: 0.6681, Val: 0.4629, best Val: 0.5248, Test: 0.1963
Training on 645 samples...
Train epoch: 41 [0/645 (0%)]	Loss: 1.009894
Make prediction for 645 samples...
Make prediction for 92 samples...
Make prediction for 105 samples...
Make prediction for 105 samples...
Epoch: 040, Train Loss: 0.9730, Metric: r2, Train: 0.6241, Val: 0.5382, best Val: 0.5382, Test: -0.0179
Training on 645 samples...
Train epoch: 42 [0/645 (0%)]	Loss: 1.071236
Make prediction for 645 samples...
Make prediction for 92 samples...
Make prediction for 105 samples...
EarlyStopping counter: 1 out of 30
Epoch: 041, Train Loss: 0.9961, Metric: r2, Train: 0.6837, Val: 0.4577, best Val: 0.5382, Test: 0.2147
Training on 645 samples...
Train epoch: 43 [0/645 (0%)]	Loss: 1.037137
Make prediction for 645 samples...
Make prediction for 92 samples...
Make prediction for 105 samples...
EarlyStopping counter: 2 out of 30
Epoch: 042, Train Loss: 0.9655, Metric: r2, Train: 0.6694, Val: 0.4158, best Val: 0.5382, Test: 0.2143
Training on 645 samples...
Train epoch: 44 [0/645 (0%)]	Loss: 0.985061
Make prediction for 645 samples...
Make prediction for 92 samples...
Make prediction for 105 samples...
Make prediction for 105 samples...
Epoch: 043, Train Loss: 0.9559, Metric: r2, Train: 0.6815, Val: 0.5607, best Val: 0.5607, Test: 0.0547
Training on 645 samples...
Train epoch: 45 [0/645 (0%)]	Loss: 0.948239
Make prediction for 645 samples...
Make prediction for 92 samples...
Make prediction for 105 samples...
EarlyStopping counter: 1 out of 30
Epoch: 044, Train Loss: 0.9322, Metric: r2, Train: 0.6984, Val: 0.4494, best Val: 0.5607, Test: 0.1930
Training on 645 samples...
Train epoch: 46 [0/645 (0%)]	Loss: 0.940365
Make prediction for 645 samples...
Make prediction for 92 samples...
Make prediction for 105 samples...
EarlyStopping counter: 2 out of 30
Epoch: 045, Train Loss: 0.9267, Metric: r2, Train: 0.7014, Val: 0.4284, best Val: 0.5607, Test: 0.2036
Training on 645 samples...
Train epoch: 47 [0/645 (0%)]	Loss: 0.980686
Make prediction for 645 samples...
Make prediction for 92 samples...
Make prediction for 105 samples...
EarlyStopping counter: 3 out of 30
Epoch: 046, Train Loss: 0.9280, Metric: r2, Train: 0.7182, Val: 0.4725, best Val: 0.5607, Test: 0.1976
Training on 645 samples...
Train epoch: 48 [0/645 (0%)]	Loss: 0.966483
Make prediction for 645 samples...
Make prediction for 92 samples...
Make prediction for 105 samples...
EarlyStopping counter: 4 out of 30
Epoch: 047, Train Loss: 0.9027, Metric: r2, Train: 0.7356, Val: 0.5484, best Val: 0.5607, Test: 0.1135
Training on 645 samples...
Train epoch: 49 [0/645 (0%)]	Loss: 0.917166
Make prediction for 645 samples...
Make prediction for 92 samples...
Make prediction for 105 samples...
EarlyStopping counter: 5 out of 30
Epoch: 048, Train Loss: 0.8999, Metric: r2, Train: 0.7427, Val: 0.5392, best Val: 0.5607, Test: 0.1223
Training on 645 samples...
Train epoch: 50 [0/645 (0%)]	Loss: 0.877607
Make prediction for 645 samples...
Make prediction for 92 samples...
Make prediction for 105 samples...
EarlyStopping counter: 6 out of 30
Epoch: 049, Train Loss: 0.8935, Metric: r2, Train: 0.6989, Val: 0.3728, best Val: 0.5607, Test: 0.1588
Training on 645 samples...
Train epoch: 51 [0/645 (0%)]	Loss: 0.938897
Make prediction for 645 samples...
Make prediction for 92 samples...
Make prediction for 105 samples...
EarlyStopping counter: 7 out of 30
Epoch: 050, Train Loss: 0.9089, Metric: r2, Train: 0.7400, Val: 0.4710, best Val: 0.5607, Test: 0.1629
Training on 645 samples...
Train epoch: 52 [0/645 (0%)]	Loss: 0.892638
Make prediction for 645 samples...
Make prediction for 92 samples...
Make prediction for 105 samples...
EarlyStopping counter: 8 out of 30
Epoch: 051, Train Loss: 0.9172, Metric: r2, Train: 0.6910, Val: 0.5489, best Val: 0.5607, Test: -0.0995
Training on 645 samples...
Train epoch: 53 [0/645 (0%)]	Loss: 0.951899
Make prediction for 645 samples...
Make prediction for 92 samples...
Make prediction for 105 samples...
EarlyStopping counter: 9 out of 30
Epoch: 052, Train Loss: 0.9112, Metric: r2, Train: 0.7423, Val: 0.4670, best Val: 0.5607, Test: 0.1845
Training on 645 samples...
Train epoch: 54 [0/645 (0%)]	Loss: 0.887604
Make prediction for 645 samples...
Make prediction for 92 samples...
Make prediction for 105 samples...
EarlyStopping counter: 10 out of 30
Epoch: 053, Train Loss: 0.8765, Metric: r2, Train: 0.7500, Val: 0.4839, best Val: 0.5607, Test: 0.1950
Training on 645 samples...
Train epoch: 55 [0/645 (0%)]	Loss: 0.907710
Make prediction for 645 samples...
Make prediction for 92 samples...
Make prediction for 105 samples...
Make prediction for 105 samples...
Epoch: 054, Train Loss: 0.8748, Metric: r2, Train: 0.7688, Val: 0.5853, best Val: 0.5853, Test: 0.0896
Training on 645 samples...
Train epoch: 56 [0/645 (0%)]	Loss: 0.870808
Make prediction for 645 samples...
Make prediction for 92 samples...
Make prediction for 105 samples...
EarlyStopping counter: 1 out of 30
Epoch: 055, Train Loss: 0.8645, Metric: r2, Train: 0.7755, Val: 0.5527, best Val: 0.5853, Test: 0.1282
Training on 645 samples...
Train epoch: 57 [0/645 (0%)]	Loss: 0.896857
Make prediction for 645 samples...
Make prediction for 92 samples...
Make prediction for 105 samples...
Make prediction for 105 samples...
Epoch: 056, Train Loss: 0.8479, Metric: r2, Train: 0.7772, Val: 0.5965, best Val: 0.5965, Test: 0.0689
Training on 645 samples...
Train epoch: 58 [0/645 (0%)]	Loss: 0.841441
Make prediction for 645 samples...
Make prediction for 92 samples...
Make prediction for 105 samples...
EarlyStopping counter: 1 out of 30
Epoch: 057, Train Loss: 0.8444, Metric: r2, Train: 0.7858, Val: 0.5433, best Val: 0.5965, Test: 0.1294
Training on 645 samples...
Train epoch: 59 [0/645 (0%)]	Loss: 0.864723
Make prediction for 645 samples...
Make prediction for 92 samples...
Make prediction for 105 samples...
EarlyStopping counter: 2 out of 30
Epoch: 058, Train Loss: 0.8410, Metric: r2, Train: 0.7739, Val: 0.4826, best Val: 0.5965, Test: 0.1307
Training on 645 samples...
Train epoch: 60 [0/645 (0%)]	Loss: 0.862070
Make prediction for 645 samples...
Make prediction for 92 samples...
Make prediction for 105 samples...
EarlyStopping counter: 3 out of 30
Epoch: 059, Train Loss: 0.8453, Metric: r2, Train: 0.7937, Val: 0.5881, best Val: 0.5965, Test: 0.0433
Training on 645 samples...
Train epoch: 61 [0/645 (0%)]	Loss: 0.844774
Make prediction for 645 samples...
Make prediction for 92 samples...
Make prediction for 105 samples...
EarlyStopping counter: 4 out of 30
Epoch: 060, Train Loss: 0.8336, Metric: r2, Train: 0.8003, Val: 0.5727, best Val: 0.5965, Test: 0.1049
Training on 645 samples...
Train epoch: 62 [0/645 (0%)]	Loss: 0.841412
Make prediction for 645 samples...
Make prediction for 92 samples...
Make prediction for 105 samples...
EarlyStopping counter: 5 out of 30
Epoch: 061, Train Loss: 0.8230, Metric: r2, Train: 0.8047, Val: 0.5523, best Val: 0.5965, Test: 0.1487
Training on 645 samples...
Train epoch: 63 [0/645 (0%)]	Loss: 0.844709
Make prediction for 645 samples...
Make prediction for 92 samples...
Make prediction for 105 samples...
EarlyStopping counter: 6 out of 30
Epoch: 062, Train Loss: 0.8224, Metric: r2, Train: 0.8021, Val: 0.5242, best Val: 0.5965, Test: 0.1613
Training on 645 samples...
Train epoch: 64 [0/645 (0%)]	Loss: 0.845447
Make prediction for 645 samples...
Make prediction for 92 samples...
Make prediction for 105 samples...
EarlyStopping counter: 7 out of 30
Epoch: 063, Train Loss: 0.8429, Metric: r2, Train: 0.8117, Val: 0.5537, best Val: 0.5965, Test: 0.1739
Training on 645 samples...
Train epoch: 65 [0/645 (0%)]	Loss: 0.813453
Make prediction for 645 samples...
Make prediction for 92 samples...
Make prediction for 105 samples...
EarlyStopping counter: 8 out of 30
Epoch: 064, Train Loss: 0.8324, Metric: r2, Train: 0.7868, Val: 0.5905, best Val: 0.5965, Test: 0.0370
Training on 645 samples...
Train epoch: 66 [0/645 (0%)]	Loss: 0.858610
Make prediction for 645 samples...
Make prediction for 92 samples...
Make prediction for 105 samples...
EarlyStopping counter: 9 out of 30
Epoch: 065, Train Loss: 0.8653, Metric: r2, Train: 0.6636, Val: 0.4860, best Val: 0.5965, Test: -0.2618
Training on 645 samples...
Train epoch: 67 [0/645 (0%)]	Loss: 0.980692
Make prediction for 645 samples...
Make prediction for 92 samples...
Make prediction for 105 samples...
EarlyStopping counter: 10 out of 30
Epoch: 066, Train Loss: 0.8827, Metric: r2, Train: 0.7952, Val: 0.4604, best Val: 0.5965, Test: 0.1777
Training on 645 samples...
Train epoch: 68 [0/645 (0%)]	Loss: 0.844615
Make prediction for 645 samples...
Make prediction for 92 samples...
Make prediction for 105 samples...
EarlyStopping counter: 11 out of 30
Epoch: 067, Train Loss: 0.8375, Metric: r2, Train: 0.7560, Val: 0.3512, best Val: 0.5965, Test: 0.1148
Training on 645 samples...
Train epoch: 69 [0/645 (0%)]	Loss: 0.821864
Make prediction for 645 samples...
Make prediction for 92 samples...
Make prediction for 105 samples...
EarlyStopping counter: 12 out of 30
Epoch: 068, Train Loss: 0.8436, Metric: r2, Train: 0.7575, Val: 0.5860, best Val: 0.5965, Test: -0.1514
Training on 645 samples...
Train epoch: 70 [0/645 (0%)]	Loss: 0.884118
Make prediction for 645 samples...
Make prediction for 92 samples...
Make prediction for 105 samples...
Make prediction for 105 samples...
Epoch: 069, Train Loss: 0.8691, Metric: r2, Train: 0.8126, Val: 0.5968, best Val: 0.5968, Test: 0.0512
Training on 645 samples...
Train epoch: 71 [0/645 (0%)]	Loss: 0.812844
Make prediction for 645 samples...
Make prediction for 92 samples...
Make prediction for 105 samples...
EarlyStopping counter: 1 out of 30
Epoch: 070, Train Loss: 0.8853, Metric: r2, Train: 0.6547, Val: 0.1894, best Val: 0.5968, Test: 0.0655
Training on 645 samples...
Train epoch: 72 [0/645 (0%)]	Loss: 0.992594
Make prediction for 645 samples...
Make prediction for 92 samples...
Make prediction for 105 samples...
Make prediction for 105 samples...
Epoch: 071, Train Loss: 0.9027, Metric: r2, Train: 0.7884, Val: 0.5995, best Val: 0.5995, Test: -0.0122
Training on 645 samples...
Train epoch: 73 [0/645 (0%)]	Loss: 0.855167
Make prediction for 645 samples...
Make prediction for 92 samples...
Make prediction for 105 samples...
EarlyStopping counter: 1 out of 30
Epoch: 072, Train Loss: 0.8453, Metric: r2, Train: 0.8275, Val: 0.5830, best Val: 0.5995, Test: 0.1128
Training on 645 samples...
Train epoch: 74 [0/645 (0%)]	Loss: 0.806813
Make prediction for 645 samples...
Make prediction for 92 samples...
Make prediction for 105 samples...
EarlyStopping counter: 2 out of 30
Epoch: 073, Train Loss: 0.8216, Metric: r2, Train: 0.7909, Val: 0.4171, best Val: 0.5995, Test: 0.1560
Training on 645 samples...
Train epoch: 75 [0/645 (0%)]	Loss: 0.837732
Make prediction for 645 samples...
Make prediction for 92 samples...
Make prediction for 105 samples...
EarlyStopping counter: 3 out of 30
Epoch: 074, Train Loss: 0.8239, Metric: r2, Train: 0.8264, Val: 0.5889, best Val: 0.5995, Test: 0.0377
Training on 645 samples...
Train epoch: 76 [0/645 (0%)]	Loss: 0.793744
Make prediction for 645 samples...
Make prediction for 92 samples...
Make prediction for 105 samples...
EarlyStopping counter: 4 out of 30
Epoch: 075, Train Loss: 0.7936, Metric: r2, Train: 0.8334, Val: 0.5629, best Val: 0.5995, Test: 0.1070
Training on 645 samples...
Train epoch: 77 [0/645 (0%)]	Loss: 0.807316
Make prediction for 645 samples...
Make prediction for 92 samples...
Make prediction for 105 samples...
EarlyStopping counter: 5 out of 30
Epoch: 076, Train Loss: 0.8023, Metric: r2, Train: 0.8339, Val: 0.5204, best Val: 0.5995, Test: 0.1596
Training on 645 samples...
Train epoch: 78 [0/645 (0%)]	Loss: 0.819817
Make prediction for 645 samples...
Make prediction for 92 samples...
Make prediction for 105 samples...
EarlyStopping counter: 6 out of 30
Epoch: 077, Train Loss: 0.7857, Metric: r2, Train: 0.8397, Val: 0.5458, best Val: 0.5995, Test: 0.1591
Training on 645 samples...
Train epoch: 79 [0/645 (0%)]	Loss: 0.808043
Make prediction for 645 samples...
Make prediction for 92 samples...
Make prediction for 105 samples...
EarlyStopping counter: 7 out of 30
Epoch: 078, Train Loss: 0.7913, Metric: r2, Train: 0.8343, Val: 0.5899, best Val: 0.5995, Test: 0.0809
Training on 645 samples...
Train epoch: 80 [0/645 (0%)]	Loss: 0.815782
Make prediction for 645 samples...
Make prediction for 92 samples...
Make prediction for 105 samples...
EarlyStopping counter: 8 out of 30
Epoch: 079, Train Loss: 0.7804, Metric: r2, Train: 0.8442, Val: 0.5359, best Val: 0.5995, Test: 0.1717
Training on 645 samples...
Train epoch: 81 [0/645 (0%)]	Loss: 0.773610
Make prediction for 645 samples...
Make prediction for 92 samples...
Make prediction for 105 samples...
EarlyStopping counter: 9 out of 30
Epoch: 080, Train Loss: 0.7863, Metric: r2, Train: 0.8484, Val: 0.5615, best Val: 0.5995, Test: 0.1566
Training on 645 samples...
Train epoch: 82 [0/645 (0%)]	Loss: 0.769640
Make prediction for 645 samples...
Make prediction for 92 samples...
Make prediction for 105 samples...
EarlyStopping counter: 10 out of 30
Epoch: 081, Train Loss: 0.7756, Metric: r2, Train: 0.8433, Val: 0.5943, best Val: 0.5995, Test: 0.0823
Training on 645 samples...
Train epoch: 83 [0/645 (0%)]	Loss: 0.794978
Make prediction for 645 samples...
Make prediction for 92 samples...
Make prediction for 105 samples...
EarlyStopping counter: 11 out of 30
Epoch: 082, Train Loss: 0.7786, Metric: r2, Train: 0.8536, Val: 0.5793, best Val: 0.5995, Test: 0.1197
Training on 645 samples...
Train epoch: 84 [0/645 (0%)]	Loss: 0.782678
Make prediction for 645 samples...
Make prediction for 92 samples...
Make prediction for 105 samples...
EarlyStopping counter: 12 out of 30
Epoch: 083, Train Loss: 0.7667, Metric: r2, Train: 0.8554, Val: 0.5833, best Val: 0.5995, Test: 0.1139
Training on 645 samples...
Train epoch: 85 [0/645 (0%)]	Loss: 0.787382
Make prediction for 645 samples...
Make prediction for 92 samples...
Make prediction for 105 samples...
EarlyStopping counter: 13 out of 30
Epoch: 084, Train Loss: 0.7726, Metric: r2, Train: 0.8176, Val: 0.5949, best Val: 0.5995, Test: -0.0498
Training on 645 samples...
Train epoch: 86 [0/645 (0%)]	Loss: 0.796809
Make prediction for 645 samples...
Make prediction for 92 samples...
Make prediction for 105 samples...
EarlyStopping counter: 14 out of 30
Epoch: 085, Train Loss: 0.7812, Metric: r2, Train: 0.8556, Val: 0.5324, best Val: 0.5995, Test: 0.1611
Training on 645 samples...
Train epoch: 87 [0/645 (0%)]	Loss: 0.795118
Make prediction for 645 samples...
Make prediction for 92 samples...
Make prediction for 105 samples...
EarlyStopping counter: 15 out of 30
Epoch: 086, Train Loss: 0.7769, Metric: r2, Train: 0.7767, Val: 0.3209, best Val: 0.5995, Test: 0.1625
Training on 645 samples...
Train epoch: 88 [0/645 (0%)]	Loss: 0.858643
Make prediction for 645 samples...
Make prediction for 92 samples...
Make prediction for 105 samples...
EarlyStopping counter: 16 out of 30
Epoch: 087, Train Loss: 0.8100, Metric: r2, Train: 0.8473, Val: 0.5946, best Val: 0.5995, Test: 0.0885
Training on 645 samples...
Train epoch: 89 [0/645 (0%)]	Loss: 0.791250
Make prediction for 645 samples...
Make prediction for 92 samples...
Make prediction for 105 samples...
EarlyStopping counter: 17 out of 30
Epoch: 088, Train Loss: 0.7890, Metric: r2, Train: 0.7855, Val: 0.5658, best Val: 0.5995, Test: -0.0968
Training on 645 samples...
Train epoch: 90 [0/645 (0%)]	Loss: 0.836102
Make prediction for 645 samples...
Make prediction for 92 samples...
Make prediction for 105 samples...
EarlyStopping counter: 18 out of 30
Epoch: 089, Train Loss: 0.8113, Metric: r2, Train: 0.8539, Val: 0.5182, best Val: 0.5995, Test: 0.1964
Training on 645 samples...
Train epoch: 91 [0/645 (0%)]	Loss: 0.798578
Make prediction for 645 samples...
Make prediction for 92 samples...
Make prediction for 105 samples...
EarlyStopping counter: 19 out of 30
Epoch: 090, Train Loss: 0.8034, Metric: r2, Train: 0.7693, Val: 0.3198, best Val: 0.5995, Test: 0.1300
Training on 645 samples...
Train epoch: 92 [0/645 (0%)]	Loss: 0.892646
Make prediction for 645 samples...
Make prediction for 92 samples...
Make prediction for 105 samples...
EarlyStopping counter: 20 out of 30
Epoch: 091, Train Loss: 0.8207, Metric: r2, Train: 0.8580, Val: 0.5980, best Val: 0.5995, Test: 0.1007
Training on 645 samples...
Train epoch: 93 [0/645 (0%)]	Loss: 0.792126
Make prediction for 645 samples...
Make prediction for 92 samples...
Make prediction for 105 samples...
Make prediction for 105 samples...
Epoch: 092, Train Loss: 0.7717, Metric: r2, Train: 0.8478, Val: 0.6067, best Val: 0.6067, Test: 0.0657
Training on 645 samples...
Train epoch: 94 [0/645 (0%)]	Loss: 0.782231
Make prediction for 645 samples...
Make prediction for 92 samples...
Make prediction for 105 samples...
EarlyStopping counter: 1 out of 30
Epoch: 093, Train Loss: 0.7741, Metric: r2, Train: 0.8171, Val: 0.4012, best Val: 0.6067, Test: 0.2210
Training on 645 samples...
Train epoch: 95 [0/645 (0%)]	Loss: 0.795290
Make prediction for 645 samples...
Make prediction for 92 samples...
Make prediction for 105 samples...
EarlyStopping counter: 2 out of 30
Epoch: 094, Train Loss: 0.7865, Metric: r2, Train: 0.8610, Val: 0.5117, best Val: 0.6067, Test: 0.1968
Training on 645 samples...
Train epoch: 96 [0/645 (0%)]	Loss: 0.758973
Make prediction for 645 samples...
Make prediction for 92 samples...
Make prediction for 105 samples...
EarlyStopping counter: 3 out of 30
Epoch: 095, Train Loss: 0.7774, Metric: r2, Train: 0.7941, Val: 0.5393, best Val: 0.6067, Test: -0.1568
Training on 645 samples...
Train epoch: 97 [0/645 (0%)]	Loss: 0.843632
Make prediction for 645 samples...
Make prediction for 92 samples...
Make prediction for 105 samples...
EarlyStopping counter: 4 out of 30
Epoch: 096, Train Loss: 0.8002, Metric: r2, Train: 0.8270, Val: 0.4012, best Val: 0.6067, Test: 0.1571
Training on 645 samples...
Train epoch: 98 [0/645 (0%)]	Loss: 0.792158
Make prediction for 645 samples...
Make prediction for 92 samples...
Make prediction for 105 samples...
EarlyStopping counter: 5 out of 30
Epoch: 097, Train Loss: 0.7783, Metric: r2, Train: 0.8685, Val: 0.5176, best Val: 0.6067, Test: 0.1525
Training on 645 samples...
Train epoch: 99 [0/645 (0%)]	Loss: 0.749673
Make prediction for 645 samples...
Make prediction for 92 samples...
Make prediction for 105 samples...
EarlyStopping counter: 6 out of 30
Epoch: 098, Train Loss: 0.7700, Metric: r2, Train: 0.8410, Val: 0.5794, best Val: 0.6067, Test: -0.0175
Training on 645 samples...
Train epoch: 100 [0/645 (0%)]	Loss: 0.795371
Make prediction for 645 samples...
Make prediction for 92 samples...
Make prediction for 105 samples...
EarlyStopping counter: 7 out of 30
Epoch: 099, Train Loss: 0.7642, Metric: r2, Train: 0.8702, Val: 0.5185, best Val: 0.6067, Test: 0.2035
Training on 645 samples...
Train epoch: 101 [0/645 (0%)]	Loss: 0.742545
Make prediction for 645 samples...
Make prediction for 92 samples...
Make prediction for 105 samples...
EarlyStopping counter: 8 out of 30
Epoch: 100, Train Loss: 0.7521, Metric: r2, Train: 0.8589, Val: 0.4780, best Val: 0.6067, Test: 0.2283
Training on 645 samples...
Train epoch: 102 [0/645 (0%)]	Loss: 0.772393
Make prediction for 645 samples...
Make prediction for 92 samples...
Make prediction for 105 samples...
EarlyStopping counter: 9 out of 30
Epoch: 101, Train Loss: 0.7617, Metric: r2, Train: 0.8795, Val: 0.5787, best Val: 0.6067, Test: 0.1838
Training on 645 samples...
Train epoch: 103 [0/645 (0%)]	Loss: 0.751934
Make prediction for 645 samples...
Make prediction for 92 samples...
Make prediction for 105 samples...
EarlyStopping counter: 10 out of 30
Epoch: 102, Train Loss: 0.7424, Metric: r2, Train: 0.8797, Val: 0.5470, best Val: 0.6067, Test: 0.2064
Training on 645 samples...
Train epoch: 104 [0/645 (0%)]	Loss: 0.750431
Make prediction for 645 samples...
Make prediction for 92 samples...
Make prediction for 105 samples...
EarlyStopping counter: 11 out of 30
Epoch: 103, Train Loss: 0.7459, Metric: r2, Train: 0.8757, Val: 0.5223, best Val: 0.6067, Test: 0.1859
Training on 645 samples...
Train epoch: 105 [0/645 (0%)]	Loss: 0.761322
Make prediction for 645 samples...
Make prediction for 92 samples...
Make prediction for 105 samples...
EarlyStopping counter: 12 out of 30
Epoch: 104, Train Loss: 0.7527, Metric: r2, Train: 0.8763, Val: 0.5955, best Val: 0.6067, Test: 0.0607
Training on 645 samples...
Train epoch: 106 [0/645 (0%)]	Loss: 0.784315
Make prediction for 645 samples...
Make prediction for 92 samples...
Make prediction for 105 samples...
EarlyStopping counter: 13 out of 30
Epoch: 105, Train Loss: 0.7449, Metric: r2, Train: 0.8870, Val: 0.5463, best Val: 0.6067, Test: 0.1871
Training on 645 samples...
Train epoch: 107 [0/645 (0%)]	Loss: 0.758700
Make prediction for 645 samples...
Make prediction for 92 samples...
Make prediction for 105 samples...
EarlyStopping counter: 14 out of 30
Epoch: 106, Train Loss: 0.7359, Metric: r2, Train: 0.8837, Val: 0.5261, best Val: 0.6067, Test: 0.2329
Training on 645 samples...
Train epoch: 108 [0/645 (0%)]	Loss: 0.760817
Make prediction for 645 samples...
Make prediction for 92 samples...
Make prediction for 105 samples...
EarlyStopping counter: 15 out of 30
Epoch: 107, Train Loss: 0.7448, Metric: r2, Train: 0.8873, Val: 0.5807, best Val: 0.6067, Test: 0.1826
Training on 645 samples...
Train epoch: 109 [0/645 (0%)]	Loss: 0.745219
Make prediction for 645 samples...
Make prediction for 92 samples...
Make prediction for 105 samples...
EarlyStopping counter: 16 out of 30
Epoch: 108, Train Loss: 0.7485, Metric: r2, Train: 0.8583, Val: 0.5914, best Val: 0.6067, Test: 0.0424
Training on 645 samples...
Train epoch: 110 [0/645 (0%)]	Loss: 0.768395
Make prediction for 645 samples...
Make prediction for 92 samples...
Make prediction for 105 samples...
EarlyStopping counter: 17 out of 30
Epoch: 109, Train Loss: 0.7483, Metric: r2, Train: 0.8886, Val: 0.5196, best Val: 0.6067, Test: 0.2028
Training on 645 samples...
Train epoch: 111 [0/645 (0%)]	Loss: 0.752195
Make prediction for 645 samples...
Make prediction for 92 samples...
Make prediction for 105 samples...
EarlyStopping counter: 18 out of 30
Epoch: 110, Train Loss: 0.7323, Metric: r2, Train: 0.8619, Val: 0.4064, best Val: 0.6067, Test: 0.2133
Training on 645 samples...
Train epoch: 112 [0/645 (0%)]	Loss: 0.786583
Make prediction for 645 samples...
Make prediction for 92 samples...
Make prediction for 105 samples...
EarlyStopping counter: 19 out of 30
Epoch: 111, Train Loss: 0.7483, Metric: r2, Train: 0.8832, Val: 0.4777, best Val: 0.6067, Test: 0.2039
Training on 645 samples...
Train epoch: 113 [0/645 (0%)]	Loss: 0.764403
Make prediction for 645 samples...
Make prediction for 92 samples...
Make prediction for 105 samples...
EarlyStopping counter: 20 out of 30
Epoch: 112, Train Loss: 0.7419, Metric: r2, Train: 0.8969, Val: 0.5489, best Val: 0.6067, Test: 0.1783
Training on 645 samples...
Train epoch: 114 [0/645 (0%)]	Loss: 0.752566
Make prediction for 645 samples...
Make prediction for 92 samples...
Make prediction for 105 samples...
EarlyStopping counter: 21 out of 30
Epoch: 113, Train Loss: 0.7268, Metric: r2, Train: 0.8965, Val: 0.5674, best Val: 0.6067, Test: 0.1489
Training on 645 samples...
Train epoch: 115 [0/645 (0%)]	Loss: 0.748465
Make prediction for 645 samples...
Make prediction for 92 samples...
Make prediction for 105 samples...
EarlyStopping counter: 22 out of 30
Epoch: 114, Train Loss: 0.7282, Metric: r2, Train: 0.8626, Val: 0.5696, best Val: 0.6067, Test: 0.0245
Training on 645 samples...
Train epoch: 116 [0/645 (0%)]	Loss: 0.778762
Make prediction for 645 samples...
Make prediction for 92 samples...
Make prediction for 105 samples...
EarlyStopping counter: 23 out of 30
Epoch: 115, Train Loss: 0.7527, Metric: r2, Train: 0.8776, Val: 0.5671, best Val: 0.6067, Test: 0.0743
Training on 645 samples...
Train epoch: 117 [0/645 (0%)]	Loss: 0.771261
Make prediction for 645 samples...
Make prediction for 92 samples...
Make prediction for 105 samples...
EarlyStopping counter: 24 out of 30
Epoch: 116, Train Loss: 0.7393, Metric: r2, Train: 0.8989, Val: 0.5454, best Val: 0.6067, Test: 0.1725
Training on 645 samples...
Train epoch: 118 [0/645 (0%)]	Loss: 0.743891
Make prediction for 645 samples...
Make prediction for 92 samples...
Make prediction for 105 samples...
EarlyStopping counter: 25 out of 30
Epoch: 117, Train Loss: 0.7307, Metric: r2, Train: 0.9035, Val: 0.5141, best Val: 0.6067, Test: 0.2376
Training on 645 samples...
Train epoch: 119 [0/645 (0%)]	Loss: 0.730023
Make prediction for 645 samples...
Make prediction for 92 samples...
Make prediction for 105 samples...
EarlyStopping counter: 26 out of 30
Epoch: 118, Train Loss: 0.7210, Metric: r2, Train: 0.9017, Val: 0.5266, best Val: 0.6067, Test: 0.2336
Training on 645 samples...
Train epoch: 120 [0/645 (0%)]	Loss: 0.729294
Make prediction for 645 samples...
Make prediction for 92 samples...
Make prediction for 105 samples...
EarlyStopping counter: 27 out of 30
Epoch: 119, Train Loss: 0.7160, Metric: r2, Train: 0.9053, Val: 0.5240, best Val: 0.6067, Test: 0.2194
Training on 645 samples...
Train epoch: 121 [0/645 (0%)]	Loss: 0.727159
Make prediction for 645 samples...
Make prediction for 92 samples...
Make prediction for 105 samples...
EarlyStopping counter: 28 out of 30
Epoch: 120, Train Loss: 0.7185, Metric: r2, Train: 0.9063, Val: 0.5637, best Val: 0.6067, Test: 0.1637
Training on 645 samples...
Train epoch: 122 [0/645 (0%)]	Loss: 0.738951
Make prediction for 645 samples...
Make prediction for 92 samples...
Make prediction for 105 samples...
EarlyStopping counter: 29 out of 30
Epoch: 121, Train Loss: 0.7166, Metric: r2, Train: 0.9072, Val: 0.5261, best Val: 0.6067, Test: 0.2441
Training on 645 samples...
Train epoch: 123 [0/645 (0%)]	Loss: 0.717977
Make prediction for 645 samples...
Make prediction for 92 samples...
Make prediction for 105 samples...
EarlyStopping counter: 30 out of 30
Epoch: 122, Train Loss: 0.7130, Metric: r2, Train: 0.9081, Val: 0.5112, best Val: 0.6067, Test: 0.2495
out of patience!
******Caco2_Perimeter_2024, 4th_time_result******
train_result: 0.8478
val_result: 0.6067
test_result: 0.0657
Current seed: 2064
Pre-processed data found: data/processed/Caco2_Perimeter_2024/Caco2_Perimeter_2024_train.pt, loading ...
Pre-processed data found: data/processed/Caco2_Perimeter_2024/Caco2_Perimeter_2024_valid.pt, loading ...
Pre-processed data found: data/processed/Caco2_Perimeter_2024/Caco2_Perimeter_2024_test.pt, loading ...
trainset mean:-5.171485424041748 std:0.7813431024551392
Training on 645 samples...
Train epoch: 1 [0/645 (0%)]	Loss: 1.677763
Make prediction for 645 samples...
Make prediction for 92 samples...
Make prediction for 105 samples...
Make prediction for 105 samples...
Epoch: 000, Train Loss: 1.7272, Metric: r2, Train: -0.0154, Val: -0.0202, best Val: -0.0202, Test: -0.0803
Training on 645 samples...
Train epoch: 2 [0/645 (0%)]	Loss: 1.666124
Make prediction for 645 samples...
Make prediction for 92 samples...
Make prediction for 105 samples...
Make prediction for 105 samples...
Epoch: 001, Train Loss: 1.6354, Metric: r2, Train: -0.0018, Val: -0.0080, best Val: -0.0080, Test: -0.2327
Training on 645 samples...
Train epoch: 3 [0/645 (0%)]	Loss: 1.588581
Make prediction for 645 samples...
Make prediction for 92 samples...
Make prediction for 105 samples...
Make prediction for 105 samples...
Epoch: 002, Train Loss: 1.6170, Metric: r2, Train: -0.0002, Val: -0.0024, best Val: -0.0024, Test: -0.2309
Training on 645 samples...
Train epoch: 4 [0/645 (0%)]	Loss: 1.600595
Make prediction for 645 samples...
Make prediction for 92 samples...
Make prediction for 105 samples...
Make prediction for 105 samples...
Epoch: 003, Train Loss: 1.6070, Metric: r2, Train: 0.0036, Val: 0.0098, best Val: 0.0098, Test: -0.1299
Training on 645 samples...
Train epoch: 5 [0/645 (0%)]	Loss: 1.668481
Make prediction for 645 samples...
Make prediction for 92 samples...
Make prediction for 105 samples...
Make prediction for 105 samples...
Epoch: 004, Train Loss: 1.6066, Metric: r2, Train: 0.0081, Val: 0.0155, best Val: 0.0155, Test: -0.1648
Training on 645 samples...
Train epoch: 6 [0/645 (0%)]	Loss: 1.649287
Make prediction for 645 samples...
Make prediction for 92 samples...
Make prediction for 105 samples...
Make prediction for 105 samples...
Epoch: 005, Train Loss: 1.6019, Metric: r2, Train: 0.0126, Val: 0.0227, best Val: 0.0227, Test: -0.1756
Training on 645 samples...
Train epoch: 7 [0/645 (0%)]	Loss: 1.730785
Make prediction for 645 samples...
Make prediction for 92 samples...
Make prediction for 105 samples...
Make prediction for 105 samples...
Epoch: 006, Train Loss: 1.6183, Metric: r2, Train: 0.0186, Val: 0.0330, best Val: 0.0330, Test: -0.1419
Training on 645 samples...
Train epoch: 8 [0/645 (0%)]	Loss: 1.501157
Make prediction for 645 samples...
Make prediction for 92 samples...
Make prediction for 105 samples...
Make prediction for 105 samples...
Epoch: 007, Train Loss: 1.6120, Metric: r2, Train: 0.0209, Val: 0.0335, best Val: 0.0335, Test: -0.1683
Training on 645 samples...
Train epoch: 9 [0/645 (0%)]	Loss: 1.618556
Make prediction for 645 samples...
Make prediction for 92 samples...
Make prediction for 105 samples...
Make prediction for 105 samples...
Epoch: 008, Train Loss: 1.5892, Metric: r2, Train: 0.0236, Val: 0.0400, best Val: 0.0400, Test: 0.0011
Training on 645 samples...
Train epoch: 10 [0/645 (0%)]	Loss: 1.643552
Make prediction for 645 samples...
Make prediction for 92 samples...
Make prediction for 105 samples...
Make prediction for 105 samples...
Epoch: 009, Train Loss: 1.5777, Metric: r2, Train: 0.0388, Val: 0.0512, best Val: 0.0512, Test: -0.1307
Training on 645 samples...
Train epoch: 11 [0/645 (0%)]	Loss: 1.605451
Make prediction for 645 samples...
Make prediction for 92 samples...
Make prediction for 105 samples...
Make prediction for 105 samples...
Epoch: 010, Train Loss: 1.5774, Metric: r2, Train: 0.0767, Val: 0.0843, best Val: 0.0843, Test: -0.0004
Training on 645 samples...
Train epoch: 12 [0/645 (0%)]	Loss: 1.565290
Make prediction for 645 samples...
Make prediction for 92 samples...
Make prediction for 105 samples...
Make prediction for 105 samples...
Epoch: 011, Train Loss: 1.5352, Metric: r2, Train: 0.0961, Val: 0.1017, best Val: 0.1017, Test: 0.1433
Training on 645 samples...
Train epoch: 13 [0/645 (0%)]	Loss: 1.590082
Make prediction for 645 samples...
Make prediction for 92 samples...
Make prediction for 105 samples...
Make prediction for 105 samples...
Epoch: 012, Train Loss: 1.5046, Metric: r2, Train: 0.1496, Val: 0.1391, best Val: 0.1391, Test: 0.1210
Training on 645 samples...
Train epoch: 14 [0/645 (0%)]	Loss: 1.372098
Make prediction for 645 samples...
Make prediction for 92 samples...
Make prediction for 105 samples...
Make prediction for 105 samples...
Epoch: 013, Train Loss: 1.4598, Metric: r2, Train: 0.2124, Val: 0.1930, best Val: 0.1930, Test: 0.3055
Training on 645 samples...
Train epoch: 15 [0/645 (0%)]	Loss: 1.514008
Make prediction for 645 samples...
Make prediction for 92 samples...
Make prediction for 105 samples...
Make prediction for 105 samples...
Epoch: 014, Train Loss: 1.3941, Metric: r2, Train: 0.2898, Val: 0.3007, best Val: 0.3007, Test: 0.3100
Training on 645 samples...
Train epoch: 16 [0/645 (0%)]	Loss: 1.302304
Make prediction for 645 samples...
Make prediction for 92 samples...
Make prediction for 105 samples...
EarlyStopping counter: 1 out of 30
Epoch: 015, Train Loss: 1.3396, Metric: r2, Train: 0.1792, Val: 0.1355, best Val: 0.3007, Test: -0.0136
Training on 645 samples...
Train epoch: 17 [0/645 (0%)]	Loss: 1.403385
Make prediction for 645 samples...
Make prediction for 92 samples...
Make prediction for 105 samples...
Make prediction for 105 samples...
Epoch: 016, Train Loss: 1.3594, Metric: r2, Train: 0.3087, Val: 0.3237, best Val: 0.3237, Test: 0.1621
Training on 645 samples...
Train epoch: 18 [0/645 (0%)]	Loss: 1.374206
Make prediction for 645 samples...
Make prediction for 92 samples...
Make prediction for 105 samples...
Make prediction for 105 samples...
Epoch: 017, Train Loss: 1.3196, Metric: r2, Train: 0.4071, Val: 0.4400, best Val: 0.4400, Test: 0.2165
Training on 645 samples...
Train epoch: 19 [0/645 (0%)]	Loss: 1.165465
Make prediction for 645 samples...
Make prediction for 92 samples...
Make prediction for 105 samples...
Make prediction for 105 samples...
Epoch: 018, Train Loss: 1.2422, Metric: r2, Train: 0.4288, Val: 0.4521, best Val: 0.4521, Test: 0.2322
Training on 645 samples...
Train epoch: 20 [0/645 (0%)]	Loss: 1.224185
Make prediction for 645 samples...
Make prediction for 92 samples...
Make prediction for 105 samples...
Make prediction for 105 samples...
Epoch: 019, Train Loss: 1.2009, Metric: r2, Train: 0.4566, Val: 0.4670, best Val: 0.4670, Test: 0.2566
Training on 645 samples...
Train epoch: 21 [0/645 (0%)]	Loss: 1.254594
Make prediction for 645 samples...
Make prediction for 92 samples...
Make prediction for 105 samples...
EarlyStopping counter: 1 out of 30
Epoch: 020, Train Loss: 1.1772, Metric: r2, Train: 0.4707, Val: 0.4454, best Val: 0.4670, Test: 0.2952
Training on 645 samples...
Train epoch: 22 [0/645 (0%)]	Loss: 1.153406
Make prediction for 645 samples...
Make prediction for 92 samples...
Make prediction for 105 samples...
EarlyStopping counter: 2 out of 30
Epoch: 021, Train Loss: 1.1541, Metric: r2, Train: 0.3838, Val: 0.3305, best Val: 0.4670, Test: 0.0565
Training on 645 samples...
Train epoch: 23 [0/645 (0%)]	Loss: 1.259686
Make prediction for 645 samples...
Make prediction for 92 samples...
Make prediction for 105 samples...
EarlyStopping counter: 3 out of 30
Epoch: 022, Train Loss: 1.1748, Metric: r2, Train: 0.3925, Val: 0.2376, best Val: 0.4670, Test: 0.2228
Training on 645 samples...
Train epoch: 24 [0/645 (0%)]	Loss: 1.266090
Make prediction for 645 samples...
Make prediction for 92 samples...
Make prediction for 105 samples...
EarlyStopping counter: 4 out of 30
Epoch: 023, Train Loss: 1.1686, Metric: r2, Train: 0.4360, Val: 0.3481, best Val: 0.4670, Test: 0.1321
Training on 645 samples...
Train epoch: 25 [0/645 (0%)]	Loss: 1.214366
Make prediction for 645 samples...
Make prediction for 92 samples...
Make prediction for 105 samples...
EarlyStopping counter: 5 out of 30
Epoch: 024, Train Loss: 1.1612, Metric: r2, Train: 0.5118, Val: 0.3729, best Val: 0.4670, Test: 0.3407
Training on 645 samples...
Train epoch: 26 [0/645 (0%)]	Loss: 1.163095
Make prediction for 645 samples...
Make prediction for 92 samples...
Make prediction for 105 samples...
EarlyStopping counter: 6 out of 30
Epoch: 025, Train Loss: 1.1125, Metric: r2, Train: 0.5434, Val: 0.4379, best Val: 0.4670, Test: 0.2766
Training on 645 samples...
Train epoch: 27 [0/645 (0%)]	Loss: 1.112823
Make prediction for 645 samples...
Make prediction for 92 samples...
Make prediction for 105 samples...
EarlyStopping counter: 7 out of 30
Epoch: 026, Train Loss: 1.1097, Metric: r2, Train: 0.5762, Val: 0.4401, best Val: 0.4670, Test: 0.3501
Training on 645 samples...
Train epoch: 28 [0/645 (0%)]	Loss: 1.008147
Make prediction for 645 samples...
Make prediction for 92 samples...
Make prediction for 105 samples...
EarlyStopping counter: 8 out of 30
Epoch: 027, Train Loss: 1.0506, Metric: r2, Train: 0.5882, Val: 0.4669, best Val: 0.4670, Test: 0.2856
Training on 645 samples...
Train epoch: 29 [0/645 (0%)]	Loss: 1.002761
Make prediction for 645 samples...
Make prediction for 92 samples...
Make prediction for 105 samples...
Make prediction for 105 samples...
Epoch: 028, Train Loss: 1.0364, Metric: r2, Train: 0.6096, Val: 0.4726, best Val: 0.4726, Test: 0.3122
Training on 645 samples...
Train epoch: 30 [0/645 (0%)]	Loss: 0.982666
Make prediction for 645 samples...
Make prediction for 92 samples...
Make prediction for 105 samples...
Make prediction for 105 samples...
Epoch: 029, Train Loss: 1.0075, Metric: r2, Train: 0.6153, Val: 0.4783, best Val: 0.4783, Test: 0.2443
Training on 645 samples...
Train epoch: 31 [0/645 (0%)]	Loss: 1.022320
Make prediction for 645 samples...
Make prediction for 92 samples...
Make prediction for 105 samples...
EarlyStopping counter: 1 out of 30
Epoch: 030, Train Loss: 1.0099, Metric: r2, Train: 0.6383, Val: 0.4575, best Val: 0.4783, Test: 0.2994
Training on 645 samples...
Train epoch: 32 [0/645 (0%)]	Loss: 1.007248
Make prediction for 645 samples...
Make prediction for 92 samples...
Make prediction for 105 samples...
EarlyStopping counter: 2 out of 30
Epoch: 031, Train Loss: 0.9967, Metric: r2, Train: 0.6473, Val: 0.4594, best Val: 0.4783, Test: 0.2979
Training on 645 samples...
Train epoch: 33 [0/645 (0%)]	Loss: 0.954229
Make prediction for 645 samples...
Make prediction for 92 samples...
Make prediction for 105 samples...
EarlyStopping counter: 3 out of 30
Epoch: 032, Train Loss: 0.9766, Metric: r2, Train: 0.6417, Val: 0.4654, best Val: 0.4783, Test: 0.1930
Training on 645 samples...
Train epoch: 34 [0/645 (0%)]	Loss: 0.976317
Make prediction for 645 samples...
Make prediction for 92 samples...
Make prediction for 105 samples...
EarlyStopping counter: 4 out of 30
Epoch: 033, Train Loss: 0.9977, Metric: r2, Train: 0.6503, Val: 0.4159, best Val: 0.4783, Test: 0.3121
Training on 645 samples...
Train epoch: 35 [0/645 (0%)]	Loss: 0.982183
Make prediction for 645 samples...
Make prediction for 92 samples...
Make prediction for 105 samples...
EarlyStopping counter: 5 out of 30
Epoch: 034, Train Loss: 0.9711, Metric: r2, Train: 0.6169, Val: 0.3450, best Val: 0.4783, Test: 0.2936
Training on 645 samples...
Train epoch: 36 [0/645 (0%)]	Loss: 1.016872
Make prediction for 645 samples...
Make prediction for 92 samples...
Make prediction for 105 samples...
Make prediction for 105 samples...
Epoch: 035, Train Loss: 0.9884, Metric: r2, Train: 0.6679, Val: 0.4793, best Val: 0.4793, Test: 0.1725
Training on 645 samples...
Train epoch: 37 [0/645 (0%)]	Loss: 0.995171
Make prediction for 645 samples...
Make prediction for 92 samples...
Make prediction for 105 samples...
EarlyStopping counter: 1 out of 30
Epoch: 036, Train Loss: 0.9887, Metric: r2, Train: 0.6452, Val: 0.4541, best Val: 0.4793, Test: 0.0916
Training on 645 samples...
Train epoch: 38 [0/645 (0%)]	Loss: 1.003804
Make prediction for 645 samples...
Make prediction for 92 samples...
Make prediction for 105 samples...
EarlyStopping counter: 2 out of 30
Epoch: 037, Train Loss: 0.9683, Metric: r2, Train: 0.6590, Val: 0.4059, best Val: 0.4793, Test: 0.2943
Training on 645 samples...
Train epoch: 39 [0/645 (0%)]	Loss: 0.980057
Make prediction for 645 samples...
Make prediction for 92 samples...
Make prediction for 105 samples...
EarlyStopping counter: 3 out of 30
Epoch: 038, Train Loss: 0.9625, Metric: r2, Train: 0.6911, Val: 0.4550, best Val: 0.4793, Test: 0.2805
Training on 645 samples...
Train epoch: 40 [0/645 (0%)]	Loss: 0.928278
Make prediction for 645 samples...
Make prediction for 92 samples...
Make prediction for 105 samples...
EarlyStopping counter: 4 out of 30
Epoch: 039, Train Loss: 0.9502, Metric: r2, Train: 0.6576, Val: 0.4673, best Val: 0.4793, Test: 0.0354
Training on 645 samples...
Train epoch: 41 [0/645 (0%)]	Loss: 0.966163
Make prediction for 645 samples...
Make prediction for 92 samples...
Make prediction for 105 samples...
Make prediction for 105 samples...
Epoch: 040, Train Loss: 0.9517, Metric: r2, Train: 0.7163, Val: 0.4965, best Val: 0.4965, Test: 0.2700
Training on 645 samples...
Train epoch: 42 [0/645 (0%)]	Loss: 0.950088
Make prediction for 645 samples...
Make prediction for 92 samples...
Make prediction for 105 samples...
EarlyStopping counter: 1 out of 30
Epoch: 041, Train Loss: 0.9532, Metric: r2, Train: 0.6601, Val: 0.3750, best Val: 0.4965, Test: 0.2540
Training on 645 samples...
Train epoch: 43 [0/645 (0%)]	Loss: 0.962416
Make prediction for 645 samples...
Make prediction for 92 samples...
Make prediction for 105 samples...
EarlyStopping counter: 2 out of 30
Epoch: 042, Train Loss: 0.9567, Metric: r2, Train: 0.6694, Val: 0.4848, best Val: 0.4965, Test: 0.0054
Training on 645 samples...
Train epoch: 44 [0/645 (0%)]	Loss: 0.924253
Make prediction for 645 samples...
Make prediction for 92 samples...
Make prediction for 105 samples...
EarlyStopping counter: 3 out of 30
Epoch: 043, Train Loss: 0.9190, Metric: r2, Train: 0.6786, Val: 0.4039, best Val: 0.4965, Test: 0.2772
Training on 645 samples...
Train epoch: 45 [0/645 (0%)]	Loss: 0.959133
Make prediction for 645 samples...
Make prediction for 92 samples...
Make prediction for 105 samples...
Make prediction for 105 samples...
Epoch: 044, Train Loss: 0.9329, Metric: r2, Train: 0.7361, Val: 0.5330, best Val: 0.5330, Test: 0.1921
Training on 645 samples...
Train epoch: 46 [0/645 (0%)]	Loss: 0.880221
Make prediction for 645 samples...
Make prediction for 92 samples...
Make prediction for 105 samples...
EarlyStopping counter: 1 out of 30
Epoch: 045, Train Loss: 0.9066, Metric: r2, Train: 0.7381, Val: 0.5203, best Val: 0.5330, Test: 0.2006
Training on 645 samples...
Train epoch: 47 [0/645 (0%)]	Loss: 0.885015
Make prediction for 645 samples...
Make prediction for 92 samples...
Make prediction for 105 samples...
EarlyStopping counter: 2 out of 30
Epoch: 046, Train Loss: 0.8932, Metric: r2, Train: 0.7230, Val: 0.4507, best Val: 0.5330, Test: 0.2979
Training on 645 samples...
Train epoch: 48 [0/645 (0%)]	Loss: 0.888652
Make prediction for 645 samples...
Make prediction for 92 samples...
Make prediction for 105 samples...
EarlyStopping counter: 3 out of 30
Epoch: 047, Train Loss: 0.8895, Metric: r2, Train: 0.7203, Val: 0.5137, best Val: 0.5330, Test: 0.0213
Training on 645 samples...
Train epoch: 49 [0/645 (0%)]	Loss: 0.927133
Make prediction for 645 samples...
Make prediction for 92 samples...
Make prediction for 105 samples...
Make prediction for 105 samples...
Epoch: 048, Train Loss: 0.9044, Metric: r2, Train: 0.7543, Val: 0.5485, best Val: 0.5485, Test: 0.1224
Training on 645 samples...
Train epoch: 50 [0/645 (0%)]	Loss: 0.891851
Make prediction for 645 samples...
Make prediction for 92 samples...
Make prediction for 105 samples...
EarlyStopping counter: 1 out of 30
Epoch: 049, Train Loss: 0.8662, Metric: r2, Train: 0.7501, Val: 0.4850, best Val: 0.5485, Test: 0.2663
Training on 645 samples...
Train epoch: 51 [0/645 (0%)]	Loss: 0.876934
Make prediction for 645 samples...
Make prediction for 92 samples...
Make prediction for 105 samples...
EarlyStopping counter: 2 out of 30
Epoch: 050, Train Loss: 0.8656, Metric: r2, Train: 0.7498, Val: 0.5409, best Val: 0.5485, Test: 0.0549
Training on 645 samples...
Train epoch: 52 [0/645 (0%)]	Loss: 0.891817
Make prediction for 645 samples...
Make prediction for 92 samples...
Make prediction for 105 samples...
EarlyStopping counter: 3 out of 30
Epoch: 051, Train Loss: 0.8685, Metric: r2, Train: 0.7769, Val: 0.5323, best Val: 0.5485, Test: 0.2157
Training on 645 samples...
Train epoch: 53 [0/645 (0%)]	Loss: 0.876220
Make prediction for 645 samples...
Make prediction for 92 samples...
Make prediction for 105 samples...
EarlyStopping counter: 4 out of 30
Epoch: 052, Train Loss: 0.8668, Metric: r2, Train: 0.7102, Val: 0.3802, best Val: 0.5485, Test: 0.2792
Training on 645 samples...
Train epoch: 54 [0/645 (0%)]	Loss: 0.867133
Make prediction for 645 samples...
Make prediction for 92 samples...
Make prediction for 105 samples...
EarlyStopping counter: 5 out of 30
Epoch: 053, Train Loss: 0.9045, Metric: r2, Train: 0.7589, Val: 0.5278, best Val: 0.5485, Test: 0.1057
Training on 645 samples...
Train epoch: 55 [0/645 (0%)]	Loss: 0.860716
Make prediction for 645 samples...
Make prediction for 92 samples...
Make prediction for 105 samples...
EarlyStopping counter: 6 out of 30
Epoch: 054, Train Loss: 0.8687, Metric: r2, Train: 0.7863, Val: 0.5400, best Val: 0.5485, Test: 0.2257
Training on 645 samples...
Train epoch: 56 [0/645 (0%)]	Loss: 0.849321
Make prediction for 645 samples...
Make prediction for 92 samples...
Make prediction for 105 samples...
EarlyStopping counter: 7 out of 30
Epoch: 055, Train Loss: 0.8729, Metric: r2, Train: 0.7474, Val: 0.4210, best Val: 0.5485, Test: 0.3210
Training on 645 samples...
Train epoch: 57 [0/645 (0%)]	Loss: 0.871494
Make prediction for 645 samples...
Make prediction for 92 samples...
Make prediction for 105 samples...
EarlyStopping counter: 8 out of 30
Epoch: 056, Train Loss: 0.8612, Metric: r2, Train: 0.7600, Val: 0.5238, best Val: 0.5485, Test: 0.0705
Training on 645 samples...
Train epoch: 58 [0/645 (0%)]	Loss: 0.901574
Make prediction for 645 samples...
Make prediction for 92 samples...
Make prediction for 105 samples...
EarlyStopping counter: 9 out of 30
Epoch: 057, Train Loss: 0.8509, Metric: r2, Train: 0.7902, Val: 0.5076, best Val: 0.5485, Test: 0.2498
Training on 645 samples...
Train epoch: 59 [0/645 (0%)]	Loss: 0.851861
Make prediction for 645 samples...
Make prediction for 92 samples...
Make prediction for 105 samples...
EarlyStopping counter: 10 out of 30
Epoch: 058, Train Loss: 0.8374, Metric: r2, Train: 0.7872, Val: 0.4883, best Val: 0.5485, Test: 0.2558
Training on 645 samples...
Train epoch: 60 [0/645 (0%)]	Loss: 0.851578
Make prediction for 645 samples...
Make prediction for 92 samples...
Make prediction for 105 samples...
EarlyStopping counter: 11 out of 30
Epoch: 059, Train Loss: 0.8309, Metric: r2, Train: 0.7906, Val: 0.5321, best Val: 0.5485, Test: 0.1283
Training on 645 samples...
Train epoch: 61 [0/645 (0%)]	Loss: 0.856790
Make prediction for 645 samples...
Make prediction for 92 samples...
Make prediction for 105 samples...
EarlyStopping counter: 12 out of 30
Epoch: 060, Train Loss: 0.8299, Metric: r2, Train: 0.8081, Val: 0.5270, best Val: 0.5485, Test: 0.2269
Training on 645 samples...
Train epoch: 62 [0/645 (0%)]	Loss: 0.844920
Make prediction for 645 samples...
Make prediction for 92 samples...
Make prediction for 105 samples...
EarlyStopping counter: 13 out of 30
Epoch: 061, Train Loss: 0.8236, Metric: r2, Train: 0.7912, Val: 0.4523, best Val: 0.5485, Test: 0.3227
Training on 645 samples...
Train epoch: 63 [0/645 (0%)]	Loss: 0.817745
Make prediction for 645 samples...
Make prediction for 92 samples...
Make prediction for 105 samples...
EarlyStopping counter: 14 out of 30
Epoch: 062, Train Loss: 0.8229, Metric: r2, Train: 0.8046, Val: 0.5285, best Val: 0.5485, Test: 0.1798
Training on 645 samples...
Train epoch: 64 [0/645 (0%)]	Loss: 0.851027
Make prediction for 645 samples...
Make prediction for 92 samples...
Make prediction for 105 samples...
EarlyStopping counter: 15 out of 30
Epoch: 063, Train Loss: 0.8223, Metric: r2, Train: 0.7985, Val: 0.5234, best Val: 0.5485, Test: 0.1451
Training on 645 samples...
Train epoch: 65 [0/645 (0%)]	Loss: 0.852942
Make prediction for 645 samples...
Make prediction for 92 samples...
Make prediction for 105 samples...
EarlyStopping counter: 16 out of 30
Epoch: 064, Train Loss: 0.8305, Metric: r2, Train: 0.8044, Val: 0.4738, best Val: 0.5485, Test: 0.2665
Training on 645 samples...
Train epoch: 66 [0/645 (0%)]	Loss: 0.833494
Make prediction for 645 samples...
Make prediction for 92 samples...
Make prediction for 105 samples...
EarlyStopping counter: 17 out of 30
Epoch: 065, Train Loss: 0.8149, Metric: r2, Train: 0.8182, Val: 0.5089, best Val: 0.5485, Test: 0.2401
Training on 645 samples...
Train epoch: 67 [0/645 (0%)]	Loss: 0.793203
Make prediction for 645 samples...
Make prediction for 92 samples...
Make prediction for 105 samples...
EarlyStopping counter: 18 out of 30
Epoch: 066, Train Loss: 0.8205, Metric: r2, Train: 0.7685, Val: 0.4854, best Val: 0.5485, Test: 0.0146
Training on 645 samples...
Train epoch: 68 [0/645 (0%)]	Loss: 0.848704
Make prediction for 645 samples...
Make prediction for 92 samples...
Make prediction for 105 samples...
EarlyStopping counter: 19 out of 30
Epoch: 067, Train Loss: 0.8342, Metric: r2, Train: 0.8271, Val: 0.4930, best Val: 0.5485, Test: 0.3211
Training on 645 samples...
Train epoch: 69 [0/645 (0%)]	Loss: 0.841538
Make prediction for 645 samples...
Make prediction for 92 samples...
Make prediction for 105 samples...
EarlyStopping counter: 20 out of 30
Epoch: 068, Train Loss: 0.8318, Metric: r2, Train: 0.7386, Val: 0.3001, best Val: 0.5485, Test: 0.3140
Training on 645 samples...
Train epoch: 70 [0/645 (0%)]	Loss: 0.895746
Make prediction for 645 samples...
Make prediction for 92 samples...
Make prediction for 105 samples...
EarlyStopping counter: 21 out of 30
Epoch: 069, Train Loss: 0.8456, Metric: r2, Train: 0.8121, Val: 0.5316, best Val: 0.5485, Test: 0.1671
Training on 645 samples...
Train epoch: 71 [0/645 (0%)]	Loss: 0.826880
Make prediction for 645 samples...
Make prediction for 92 samples...
Make prediction for 105 samples...
Make prediction for 105 samples...
Epoch: 070, Train Loss: 0.8243, Metric: r2, Train: 0.8194, Val: 0.5533, best Val: 0.5533, Test: 0.1325
Training on 645 samples...
Train epoch: 72 [0/645 (0%)]	Loss: 0.815940
Make prediction for 645 samples...
Make prediction for 92 samples...
Make prediction for 105 samples...
EarlyStopping counter: 1 out of 30
Epoch: 071, Train Loss: 0.8153, Metric: r2, Train: 0.7612, Val: 0.3553, best Val: 0.5533, Test: 0.2858
Training on 645 samples...
Train epoch: 73 [0/645 (0%)]	Loss: 0.856387
Make prediction for 645 samples...
Make prediction for 92 samples...
Make prediction for 105 samples...
EarlyStopping counter: 2 out of 30
Epoch: 072, Train Loss: 0.8362, Metric: r2, Train: 0.8335, Val: 0.5446, best Val: 0.5533, Test: 0.2147
Training on 645 samples...
Train epoch: 74 [0/645 (0%)]	Loss: 0.806120
Make prediction for 645 samples...
Make prediction for 92 samples...
Make prediction for 105 samples...
EarlyStopping counter: 3 out of 30
Epoch: 073, Train Loss: 0.8172, Metric: r2, Train: 0.8287, Val: 0.5504, best Val: 0.5533, Test: 0.1577
Training on 645 samples...
Train epoch: 75 [0/645 (0%)]	Loss: 0.796269
Make prediction for 645 samples...
Make prediction for 92 samples...
Make prediction for 105 samples...
EarlyStopping counter: 4 out of 30
Epoch: 074, Train Loss: 0.7963, Metric: r2, Train: 0.8328, Val: 0.4831, best Val: 0.5533, Test: 0.3122
Training on 645 samples...
Train epoch: 76 [0/645 (0%)]	Loss: 0.814926
Make prediction for 645 samples...
Make prediction for 92 samples...
Make prediction for 105 samples...
EarlyStopping counter: 5 out of 30
Epoch: 075, Train Loss: 0.7870, Metric: r2, Train: 0.8449, Val: 0.5323, best Val: 0.5533, Test: 0.2651
Training on 645 samples...
Train epoch: 77 [0/645 (0%)]	Loss: 0.797726
Make prediction for 645 samples...
Make prediction for 92 samples...
Make prediction for 105 samples...
EarlyStopping counter: 6 out of 30
Epoch: 076, Train Loss: 0.7842, Metric: r2, Train: 0.8357, Val: 0.5431, best Val: 0.5533, Test: 0.1752
Training on 645 samples...
Train epoch: 78 [0/645 (0%)]	Loss: 0.802188
Make prediction for 645 samples...
Make prediction for 92 samples...
Make prediction for 105 samples...
EarlyStopping counter: 7 out of 30
Epoch: 077, Train Loss: 0.7877, Metric: r2, Train: 0.8451, Val: 0.5084, best Val: 0.5533, Test: 0.2792
Training on 645 samples...
Train epoch: 79 [0/645 (0%)]	Loss: 0.774756
Make prediction for 645 samples...
Make prediction for 92 samples...
Make prediction for 105 samples...
EarlyStopping counter: 8 out of 30
Epoch: 078, Train Loss: 0.7987, Metric: r2, Train: 0.8422, Val: 0.4977, best Val: 0.5533, Test: 0.3094
Training on 645 samples...
Train epoch: 80 [0/645 (0%)]	Loss: 0.780204
Make prediction for 645 samples...
Make prediction for 92 samples...
Make prediction for 105 samples...
EarlyStopping counter: 9 out of 30
Epoch: 079, Train Loss: 0.7815, Metric: r2, Train: 0.8405, Val: 0.4837, best Val: 0.5533, Test: 0.3476
Training on 645 samples...
Train epoch: 81 [0/645 (0%)]	Loss: 0.776990
Make prediction for 645 samples...
Make prediction for 92 samples...
Make prediction for 105 samples...
EarlyStopping counter: 10 out of 30
Epoch: 080, Train Loss: 0.7733, Metric: r2, Train: 0.8491, Val: 0.5390, best Val: 0.5533, Test: 0.2635
Training on 645 samples...
Train epoch: 82 [0/645 (0%)]	Loss: 0.790447
Make prediction for 645 samples...
Make prediction for 92 samples...
Make prediction for 105 samples...
EarlyStopping counter: 11 out of 30
Epoch: 081, Train Loss: 0.7846, Metric: r2, Train: 0.8544, Val: 0.5479, best Val: 0.5533, Test: 0.2612
Training on 645 samples...
Train epoch: 83 [0/645 (0%)]	Loss: 0.790699
Make prediction for 645 samples...
Make prediction for 92 samples...
Make prediction for 105 samples...
EarlyStopping counter: 12 out of 30
Epoch: 082, Train Loss: 0.7736, Metric: r2, Train: 0.8390, Val: 0.4593, best Val: 0.5533, Test: 0.3359
Training on 645 samples...
Train epoch: 84 [0/645 (0%)]	Loss: 0.792865
Make prediction for 645 samples...
Make prediction for 92 samples...
Make prediction for 105 samples...
EarlyStopping counter: 13 out of 30
Epoch: 083, Train Loss: 0.7759, Metric: r2, Train: 0.8598, Val: 0.5147, best Val: 0.5533, Test: 0.3488
Training on 645 samples...
Train epoch: 85 [0/645 (0%)]	Loss: 0.777699
Make prediction for 645 samples...
Make prediction for 92 samples...
Make prediction for 105 samples...
EarlyStopping counter: 14 out of 30
Epoch: 084, Train Loss: 0.7740, Metric: r2, Train: 0.8393, Val: 0.5269, best Val: 0.5533, Test: 0.2353
Training on 645 samples...
Train epoch: 86 [0/645 (0%)]	Loss: 0.796706
Make prediction for 645 samples...
Make prediction for 92 samples...
Make prediction for 105 samples...
EarlyStopping counter: 15 out of 30
Epoch: 085, Train Loss: 0.7779, Metric: r2, Train: 0.8593, Val: 0.5460, best Val: 0.5533, Test: 0.2987
Training on 645 samples...
Train epoch: 87 [0/645 (0%)]	Loss: 0.789005
Make prediction for 645 samples...
Make prediction for 92 samples...
Make prediction for 105 samples...
EarlyStopping counter: 16 out of 30
Epoch: 086, Train Loss: 0.7757, Metric: r2, Train: 0.8607, Val: 0.4693, best Val: 0.5533, Test: 0.4013
Training on 645 samples...
Train epoch: 88 [0/645 (0%)]	Loss: 0.771297
Make prediction for 645 samples...
Make prediction for 92 samples...
Make prediction for 105 samples...
EarlyStopping counter: 17 out of 30
Epoch: 087, Train Loss: 0.7604, Metric: r2, Train: 0.8631, Val: 0.4593, best Val: 0.5533, Test: 0.4153
Training on 645 samples...
Train epoch: 89 [0/645 (0%)]	Loss: 0.770319
Make prediction for 645 samples...
Make prediction for 92 samples...
Make prediction for 105 samples...
EarlyStopping counter: 18 out of 30
Epoch: 088, Train Loss: 0.7565, Metric: r2, Train: 0.8744, Val: 0.5048, best Val: 0.5533, Test: 0.3791
Training on 645 samples...
Train epoch: 90 [0/645 (0%)]	Loss: 0.753214
Make prediction for 645 samples...
Make prediction for 92 samples...
Make prediction for 105 samples...
EarlyStopping counter: 19 out of 30
Epoch: 089, Train Loss: 0.7470, Metric: r2, Train: 0.8742, Val: 0.5284, best Val: 0.5533, Test: 0.3657
Training on 645 samples...
Train epoch: 91 [0/645 (0%)]	Loss: 0.760724
Make prediction for 645 samples...
Make prediction for 92 samples...
Make prediction for 105 samples...
EarlyStopping counter: 20 out of 30
Epoch: 090, Train Loss: 0.7489, Metric: r2, Train: 0.8780, Val: 0.5226, best Val: 0.5533, Test: 0.3892
Training on 645 samples...
Train epoch: 92 [0/645 (0%)]	Loss: 0.758529
Make prediction for 645 samples...
Make prediction for 92 samples...
Make prediction for 105 samples...
EarlyStopping counter: 21 out of 30
Epoch: 091, Train Loss: 0.7538, Metric: r2, Train: 0.8579, Val: 0.4466, best Val: 0.5533, Test: 0.4184
Training on 645 samples...
Train epoch: 93 [0/645 (0%)]	Loss: 0.760483
Make prediction for 645 samples...
Make prediction for 92 samples...
Make prediction for 105 samples...
EarlyStopping counter: 22 out of 30
Epoch: 092, Train Loss: 0.7540, Metric: r2, Train: 0.8817, Val: 0.5271, best Val: 0.5533, Test: 0.4275
Training on 645 samples...
Train epoch: 94 [0/645 (0%)]	Loss: 0.759513
Make prediction for 645 samples...
Make prediction for 92 samples...
Make prediction for 105 samples...
EarlyStopping counter: 23 out of 30
Epoch: 093, Train Loss: 0.7366, Metric: r2, Train: 0.8851, Val: 0.5370, best Val: 0.5533, Test: 0.4181
Training on 645 samples...
Train epoch: 95 [0/645 (0%)]	Loss: 0.744506
Make prediction for 645 samples...
Make prediction for 92 samples...
Make prediction for 105 samples...
EarlyStopping counter: 24 out of 30
Epoch: 094, Train Loss: 0.7400, Metric: r2, Train: 0.8547, Val: 0.4211, best Val: 0.5533, Test: 0.3920
Training on 645 samples...
Train epoch: 96 [0/645 (0%)]	Loss: 0.774531
Make prediction for 645 samples...
Make prediction for 92 samples...
Make prediction for 105 samples...
EarlyStopping counter: 25 out of 30
Epoch: 095, Train Loss: 0.7529, Metric: r2, Train: 0.8824, Val: 0.4884, best Val: 0.5533, Test: 0.4206
Training on 645 samples...
Train epoch: 97 [0/645 (0%)]	Loss: 0.752005
Make prediction for 645 samples...
Make prediction for 92 samples...
Make prediction for 105 samples...
EarlyStopping counter: 26 out of 30
Epoch: 096, Train Loss: 0.7381, Metric: r2, Train: 0.8814, Val: 0.4920, best Val: 0.5533, Test: 0.4184
Training on 645 samples...
Train epoch: 98 [0/645 (0%)]	Loss: 0.755830
Make prediction for 645 samples...
Make prediction for 92 samples...
Make prediction for 105 samples...
EarlyStopping counter: 27 out of 30
Epoch: 097, Train Loss: 0.7364, Metric: r2, Train: 0.8881, Val: 0.5281, best Val: 0.5533, Test: 0.3916
Training on 645 samples...
Train epoch: 99 [0/645 (0%)]	Loss: 0.766773
Make prediction for 645 samples...
Make prediction for 92 samples...
Make prediction for 105 samples...
Make prediction for 105 samples...
Epoch: 098, Train Loss: 0.7340, Metric: r2, Train: 0.8795, Val: 0.5539, best Val: 0.5539, Test: 0.3397
Training on 645 samples...
Train epoch: 100 [0/645 (0%)]	Loss: 0.754396
Make prediction for 645 samples...
Make prediction for 92 samples...
Make prediction for 105 samples...
EarlyStopping counter: 1 out of 30
Epoch: 099, Train Loss: 0.7427, Metric: r2, Train: 0.7823, Val: 0.4200, best Val: 0.5539, Test: 0.1430
Training on 645 samples...
Train epoch: 101 [0/645 (0%)]	Loss: 0.859722
Make prediction for 645 samples...
Make prediction for 92 samples...
Make prediction for 105 samples...
EarlyStopping counter: 2 out of 30
Epoch: 100, Train Loss: 0.7916, Metric: r2, Train: 0.8757, Val: 0.5361, best Val: 0.5539, Test: 0.3475
Training on 645 samples...
Train epoch: 102 [0/645 (0%)]	Loss: 0.774177
Make prediction for 645 samples...
Make prediction for 92 samples...
Make prediction for 105 samples...
EarlyStopping counter: 3 out of 30
Epoch: 101, Train Loss: 0.7541, Metric: r2, Train: 0.8668, Val: 0.4482, best Val: 0.5539, Test: 0.3941
Training on 645 samples...
Train epoch: 103 [0/645 (0%)]	Loss: 0.770643
Make prediction for 645 samples...
Make prediction for 92 samples...
Make prediction for 105 samples...
EarlyStopping counter: 4 out of 30
Epoch: 102, Train Loss: 0.7653, Metric: r2, Train: 0.8507, Val: 0.4091, best Val: 0.5539, Test: 0.3837
Training on 645 samples...
Train epoch: 104 [0/645 (0%)]	Loss: 0.784464
Make prediction for 645 samples...
Make prediction for 92 samples...
Make prediction for 105 samples...
EarlyStopping counter: 5 out of 30
Epoch: 103, Train Loss: 0.7467, Metric: r2, Train: 0.8914, Val: 0.5298, best Val: 0.5539, Test: 0.4245
Training on 645 samples...
Train epoch: 105 [0/645 (0%)]	Loss: 0.750584
Make prediction for 645 samples...
Make prediction for 92 samples...
Make prediction for 105 samples...
Make prediction for 105 samples...
Epoch: 104, Train Loss: 0.7391, Metric: r2, Train: 0.8856, Val: 0.5632, best Val: 0.5632, Test: 0.3816
Training on 645 samples...
Train epoch: 106 [0/645 (0%)]	Loss: 0.748968
Make prediction for 645 samples...
Make prediction for 92 samples...
Make prediction for 105 samples...
EarlyStopping counter: 1 out of 30
Epoch: 105, Train Loss: 0.7393, Metric: r2, Train: 0.8918, Val: 0.5463, best Val: 0.5632, Test: 0.3965
Training on 645 samples...
Train epoch: 107 [0/645 (0%)]	Loss: 0.750266
Make prediction for 645 samples...
Make prediction for 92 samples...
Make prediction for 105 samples...
EarlyStopping counter: 2 out of 30
Epoch: 106, Train Loss: 0.7368, Metric: r2, Train: 0.8938, Val: 0.5430, best Val: 0.5632, Test: 0.4126
Training on 645 samples...
Train epoch: 108 [0/645 (0%)]	Loss: 0.749854
Make prediction for 645 samples...
Make prediction for 92 samples...
Make prediction for 105 samples...
EarlyStopping counter: 3 out of 30
Epoch: 107, Train Loss: 0.7283, Metric: r2, Train: 0.8888, Val: 0.5496, best Val: 0.5632, Test: 0.3923
Training on 645 samples...
Train epoch: 109 [0/645 (0%)]	Loss: 0.747099
Make prediction for 645 samples...
Make prediction for 92 samples...
Make prediction for 105 samples...
EarlyStopping counter: 4 out of 30
Epoch: 108, Train Loss: 0.7489, Metric: r2, Train: 0.8904, Val: 0.5379, best Val: 0.5632, Test: 0.4058
Training on 645 samples...
Train epoch: 110 [0/645 (0%)]	Loss: 0.753488
Make prediction for 645 samples...
Make prediction for 92 samples...
Make prediction for 105 samples...
EarlyStopping counter: 5 out of 30
Epoch: 109, Train Loss: 0.7451, Metric: r2, Train: 0.8874, Val: 0.4757, best Val: 0.5632, Test: 0.4013
Training on 645 samples...
Train epoch: 111 [0/645 (0%)]	Loss: 0.744467
Make prediction for 645 samples...
Make prediction for 92 samples...
Make prediction for 105 samples...
EarlyStopping counter: 6 out of 30
Epoch: 110, Train Loss: 0.7435, Metric: r2, Train: 0.8574, Val: 0.4081, best Val: 0.5632, Test: 0.3516
Training on 645 samples...
Train epoch: 112 [0/645 (0%)]	Loss: 0.797161
Make prediction for 645 samples...
Make prediction for 92 samples...
Make prediction for 105 samples...
EarlyStopping counter: 7 out of 30
Epoch: 111, Train Loss: 0.7454, Metric: r2, Train: 0.9050, Val: 0.5287, best Val: 0.5632, Test: 0.4166
Training on 645 samples...
Train epoch: 113 [0/645 (0%)]	Loss: 0.731805
Make prediction for 645 samples...
Make prediction for 92 samples...
Make prediction for 105 samples...
EarlyStopping counter: 8 out of 30
Epoch: 112, Train Loss: 0.7290, Metric: r2, Train: 0.8796, Val: 0.5339, best Val: 0.5632, Test: 0.3362
Training on 645 samples...
Train epoch: 114 [0/645 (0%)]	Loss: 0.750022
Make prediction for 645 samples...
Make prediction for 92 samples...
Make prediction for 105 samples...
EarlyStopping counter: 9 out of 30
Epoch: 113, Train Loss: 0.7383, Metric: r2, Train: 0.8863, Val: 0.5090, best Val: 0.5632, Test: 0.3877
Training on 645 samples...
Train epoch: 115 [0/645 (0%)]	Loss: 0.747401
Make prediction for 645 samples...
Make prediction for 92 samples...
Make prediction for 105 samples...
EarlyStopping counter: 10 out of 30
Epoch: 114, Train Loss: 0.7332, Metric: r2, Train: 0.9088, Val: 0.5403, best Val: 0.5632, Test: 0.4183
Training on 645 samples...
Train epoch: 116 [0/645 (0%)]	Loss: 0.713173
Make prediction for 645 samples...
Make prediction for 92 samples...
Make prediction for 105 samples...
EarlyStopping counter: 11 out of 30
Epoch: 115, Train Loss: 0.7362, Metric: r2, Train: 0.8981, Val: 0.4794, best Val: 0.5632, Test: 0.4065
Training on 645 samples...
Train epoch: 117 [0/645 (0%)]	Loss: 0.739656
Make prediction for 645 samples...
Make prediction for 92 samples...
Make prediction for 105 samples...
EarlyStopping counter: 12 out of 30
Epoch: 116, Train Loss: 0.7378, Metric: r2, Train: 0.8559, Val: 0.3842, best Val: 0.5632, Test: 0.3486
Training on 645 samples...
Train epoch: 118 [0/645 (0%)]	Loss: 0.778341
Make prediction for 645 samples...
Make prediction for 92 samples...
Make prediction for 105 samples...
EarlyStopping counter: 13 out of 30
Epoch: 117, Train Loss: 0.7444, Metric: r2, Train: 0.9107, Val: 0.5091, best Val: 0.5632, Test: 0.4694
Training on 645 samples...
Train epoch: 119 [0/645 (0%)]	Loss: 0.728286
Make prediction for 645 samples...
Make prediction for 92 samples...
Make prediction for 105 samples...
EarlyStopping counter: 14 out of 30
Epoch: 118, Train Loss: 0.7211, Metric: r2, Train: 0.8806, Val: 0.5164, best Val: 0.5632, Test: 0.3730
Training on 645 samples...
Train epoch: 120 [0/645 (0%)]	Loss: 0.764225
Make prediction for 645 samples...
Make prediction for 92 samples...
Make prediction for 105 samples...
EarlyStopping counter: 15 out of 30
Epoch: 119, Train Loss: 0.7313, Metric: r2, Train: 0.9085, Val: 0.5559, best Val: 0.5632, Test: 0.4074
Training on 645 samples...
Train epoch: 121 [0/645 (0%)]	Loss: 0.734346
Make prediction for 645 samples...
Make prediction for 92 samples...
Make prediction for 105 samples...
EarlyStopping counter: 16 out of 30
Epoch: 120, Train Loss: 0.7346, Metric: r2, Train: 0.8822, Val: 0.4349, best Val: 0.5632, Test: 0.3822
Training on 645 samples...
Train epoch: 122 [0/645 (0%)]	Loss: 0.745071
Make prediction for 645 samples...
Make prediction for 92 samples...
Make prediction for 105 samples...
EarlyStopping counter: 17 out of 30
Epoch: 121, Train Loss: 0.7185, Metric: r2, Train: 0.9123, Val: 0.5459, best Val: 0.5632, Test: 0.3986
Training on 645 samples...
Train epoch: 123 [0/645 (0%)]	Loss: 0.717280
Make prediction for 645 samples...
Make prediction for 92 samples...
Make prediction for 105 samples...
EarlyStopping counter: 18 out of 30
Epoch: 122, Train Loss: 0.7162, Metric: r2, Train: 0.8957, Val: 0.5509, best Val: 0.5632, Test: 0.3629
Training on 645 samples...
Train epoch: 124 [0/645 (0%)]	Loss: 0.725377
Make prediction for 645 samples...
Make prediction for 92 samples...
Make prediction for 105 samples...
EarlyStopping counter: 19 out of 30
Epoch: 123, Train Loss: 0.7159, Metric: r2, Train: 0.9197, Val: 0.5259, best Val: 0.5632, Test: 0.4874
Training on 645 samples...
Train epoch: 125 [0/645 (0%)]	Loss: 0.709055
Make prediction for 645 samples...
Make prediction for 92 samples...
Make prediction for 105 samples...
EarlyStopping counter: 20 out of 30
Epoch: 124, Train Loss: 0.7073, Metric: r2, Train: 0.9208, Val: 0.5109, best Val: 0.5632, Test: 0.4771
Training on 645 samples...
Train epoch: 126 [0/645 (0%)]	Loss: 0.701139
Make prediction for 645 samples...
Make prediction for 92 samples...
Make prediction for 105 samples...
EarlyStopping counter: 21 out of 30
Epoch: 125, Train Loss: 0.6992, Metric: r2, Train: 0.9219, Val: 0.5233, best Val: 0.5632, Test: 0.4425
Training on 645 samples...
Train epoch: 127 [0/645 (0%)]	Loss: 0.689988
Make prediction for 645 samples...
Make prediction for 92 samples...
Make prediction for 105 samples...
EarlyStopping counter: 22 out of 30
Epoch: 126, Train Loss: 0.6972, Metric: r2, Train: 0.9213, Val: 0.5026, best Val: 0.5632, Test: 0.4568
Training on 645 samples...
Train epoch: 128 [0/645 (0%)]	Loss: 0.707238
Make prediction for 645 samples...
Make prediction for 92 samples...
Make prediction for 105 samples...
EarlyStopping counter: 23 out of 30
Epoch: 127, Train Loss: 0.6967, Metric: r2, Train: 0.9259, Val: 0.5175, best Val: 0.5632, Test: 0.4867
Training on 645 samples...
Train epoch: 129 [0/645 (0%)]	Loss: 0.717871
Make prediction for 645 samples...
Make prediction for 92 samples...
Make prediction for 105 samples...
EarlyStopping counter: 24 out of 30
Epoch: 128, Train Loss: 0.6992, Metric: r2, Train: 0.9203, Val: 0.5280, best Val: 0.5632, Test: 0.4844
Training on 645 samples...
Train epoch: 130 [0/645 (0%)]	Loss: 0.709942
Make prediction for 645 samples...
Make prediction for 92 samples...
Make prediction for 105 samples...
EarlyStopping counter: 25 out of 30
Epoch: 129, Train Loss: 0.6995, Metric: r2, Train: 0.8723, Val: 0.5018, best Val: 0.5632, Test: 0.3562
Training on 645 samples...
Train epoch: 131 [0/645 (0%)]	Loss: 0.761493
Make prediction for 645 samples...
Make prediction for 92 samples...
Make prediction for 105 samples...
EarlyStopping counter: 26 out of 30
Epoch: 130, Train Loss: 0.7271, Metric: r2, Train: 0.8871, Val: 0.5208, best Val: 0.5632, Test: 0.3652
Training on 645 samples...
Train epoch: 132 [0/645 (0%)]	Loss: 0.724521
Make prediction for 645 samples...
Make prediction for 92 samples...
Make prediction for 105 samples...
EarlyStopping counter: 27 out of 30
Epoch: 131, Train Loss: 0.7312, Metric: r2, Train: 0.9225, Val: 0.5125, best Val: 0.5632, Test: 0.4688
Training on 645 samples...
Train epoch: 133 [0/645 (0%)]	Loss: 0.698105
Make prediction for 645 samples...
Make prediction for 92 samples...
Make prediction for 105 samples...
EarlyStopping counter: 28 out of 30
Epoch: 132, Train Loss: 0.7129, Metric: r2, Train: 0.8927, Val: 0.4155, best Val: 0.5632, Test: 0.4613
Training on 645 samples...
Train epoch: 134 [0/645 (0%)]	Loss: 0.751383
Make prediction for 645 samples...
Make prediction for 92 samples...
Make prediction for 105 samples...
EarlyStopping counter: 29 out of 30
Epoch: 133, Train Loss: 0.7121, Metric: r2, Train: 0.9127, Val: 0.4848, best Val: 0.5632, Test: 0.4659
Training on 645 samples...
Train epoch: 135 [0/645 (0%)]	Loss: 0.727248
Make prediction for 645 samples...
Make prediction for 92 samples...
Make prediction for 105 samples...
EarlyStopping counter: 30 out of 30
Epoch: 134, Train Loss: 0.7089, Metric: r2, Train: 0.9205, Val: 0.5446, best Val: 0.5632, Test: 0.4401
out of patience!
******Caco2_Perimeter_2024, 5th_time_result******
train_result: 0.8856
val_result: 0.5632
test_result: 0.3816
************************************5_times_result************************************
the train result of all tasks (r2):  [0.8859705  0.7794902  0.66950678 0.84778214 0.88555354]
the average train result of all tasks (r2): 0.8137
the train result of all tasks (std): 0.0819
the train result of all tasks (var): 0.0067
the val result of all tasks (r2):  [0.59416039 0.56679773 0.52453649 0.60669028 0.56322364]
the average val result of all tasks (r2): 0.5711
the val result of all tasks (std): 0.0285
the val result of all tasks (var): 0.0008
the test result of all tasks (r2): [0.18344883 0.24282262 0.18828424 0.0656966  0.3816044 ]
the average test result of all tasks (r2): 0.2124
the test result of all tasks (std): 0.1025
the test result of all tasks (var): 0.0105
Caco2_Perimeter_2024 time used:, 0:2:19
/root/data1/miniconda3/envs/CMMSGCL/lib/python3.8/site-packages/torch_geometric/data/in_memory_dataset.py:284: UserWarning: It is not recommended to directly access the internal storage format `data` of an 'InMemoryDataset'. If you are absolutely certain what you are doing, access the internal storage via `InMemoryDataset._data` instead to suppress this warning. Alternatively, you can access stacked individual attributes of every graph via `dataset.{attr_name}`.
  warnings.warn(msg)
/root/data1/miniconda3/envs/CMMSGCL/lib/python3.8/site-packages/torch_geometric/deprecation.py:22: UserWarning: 'data.DataLoader' is deprecated, use 'loader.DataLoader' instead
  warnings.warn(out)
/root/data1/miniconda3/envs/CMMSGCL/lib/python3.8/site-packages/torch_geometric/data/in_memory_dataset.py:284: UserWarning: It is not recommended to directly access the internal storage format `data` of an 'InMemoryDataset'. If you are absolutely certain what you are doing, access the internal storage via `InMemoryDataset._data` instead to suppress this warning. Alternatively, you can access stacked individual attributes of every graph via `dataset.{attr_name}`.
  warnings.warn(msg)
/root/data1/miniconda3/envs/CMMSGCL/lib/python3.8/site-packages/torch_geometric/deprecation.py:22: UserWarning: 'data.DataLoader' is deprecated, use 'loader.DataLoader' instead
  warnings.warn(out)
/root/data1/miniconda3/envs/CMMSGCL/lib/python3.8/site-packages/torch_geometric/data/in_memory_dataset.py:284: UserWarning: It is not recommended to directly access the internal storage format `data` of an 'InMemoryDataset'. If you are absolutely certain what you are doing, access the internal storage via `InMemoryDataset._data` instead to suppress this warning. Alternatively, you can access stacked individual attributes of every graph via `dataset.{attr_name}`.
  warnings.warn(msg)
/root/data1/miniconda3/envs/CMMSGCL/lib/python3.8/site-packages/torch_geometric/deprecation.py:22: UserWarning: 'data.DataLoader' is deprecated, use 'loader.DataLoader' instead
  warnings.warn(out)
/root/data1/miniconda3/envs/CMMSGCL/lib/python3.8/site-packages/torch_geometric/data/in_memory_dataset.py:284: UserWarning: It is not recommended to directly access the internal storage format `data` of an 'InMemoryDataset'. If you are absolutely certain what you are doing, access the internal storage via `InMemoryDataset._data` instead to suppress this warning. Alternatively, you can access stacked individual attributes of every graph via `dataset.{attr_name}`.
  warnings.warn(msg)
/root/data1/miniconda3/envs/CMMSGCL/lib/python3.8/site-packages/torch_geometric/deprecation.py:22: UserWarning: 'data.DataLoader' is deprecated, use 'loader.DataLoader' instead
  warnings.warn(out)
/root/data1/miniconda3/envs/CMMSGCL/lib/python3.8/site-packages/torch_geometric/data/in_memory_dataset.py:284: UserWarning: It is not recommended to directly access the internal storage format `data` of an 'InMemoryDataset'. If you are absolutely certain what you are doing, access the internal storage via `InMemoryDataset._data` instead to suppress this warning. Alternatively, you can access stacked individual attributes of every graph via `dataset.{attr_name}`.
  warnings.warn(msg)
/root/data1/miniconda3/envs/CMMSGCL/lib/python3.8/site-packages/torch_geometric/deprecation.py:22: UserWarning: 'data.DataLoader' is deprecated, use 'loader.DataLoader' instead
  warnings.warn(out)
Current seed: 2034, current split method: Perimeter, current task: Caco2
Learning rate:  0.0005
Epochs:  500
Current seed: 2024
Pre-processed data found: data/processed/Caco2_Perimeter_2034/Caco2_Perimeter_2034_train.pt, loading ...
Pre-processed data found: data/processed/Caco2_Perimeter_2034/Caco2_Perimeter_2034_valid.pt, loading ...
Pre-processed data found: data/processed/Caco2_Perimeter_2034/Caco2_Perimeter_2034_test.pt, loading ...
trainset mean:-5.221658229827881 std:0.7607361674308777
Training on 657 samples...
Train epoch: 1 [0/657 (0%)]	Loss: 1.756086
Make prediction for 657 samples...
Make prediction for 93 samples...
Make prediction for 92 samples...
Make prediction for 92 samples...
Epoch: 000, Train Loss: 1.7236, Metric: r2, Train: -0.0349, Val: -0.0226, best Val: -0.0226, Test: -0.0092
Training on 657 samples...
Train epoch: 2 [0/657 (0%)]	Loss: 1.638283
Make prediction for 657 samples...
Make prediction for 93 samples...
Make prediction for 92 samples...
Make prediction for 92 samples...
Epoch: 001, Train Loss: 1.6496, Metric: r2, Train: 0.0033, Val: 0.0064, best Val: 0.0064, Test: -0.0040
Training on 657 samples...
Train epoch: 3 [0/657 (0%)]	Loss: 1.634122
Make prediction for 657 samples...
Make prediction for 93 samples...
Make prediction for 92 samples...
EarlyStopping counter: 1 out of 30
Epoch: 002, Train Loss: 1.6134, Metric: r2, Train: -0.0015, Val: 0.0026, best Val: 0.0064, Test: -0.0170
Training on 657 samples...
Train epoch: 4 [0/657 (0%)]	Loss: 1.628889
Make prediction for 657 samples...
Make prediction for 93 samples...
Make prediction for 92 samples...
Make prediction for 92 samples...
Epoch: 003, Train Loss: 1.6090, Metric: r2, Train: 0.0080, Val: 0.0175, best Val: 0.0175, Test: 0.0013
Training on 657 samples...
Train epoch: 5 [0/657 (0%)]	Loss: 1.592857
Make prediction for 657 samples...
Make prediction for 93 samples...
Make prediction for 92 samples...
Make prediction for 92 samples...
Epoch: 004, Train Loss: 1.6025, Metric: r2, Train: 0.0064, Val: 0.0268, best Val: 0.0268, Test: 0.0061
Training on 657 samples...
Train epoch: 6 [0/657 (0%)]	Loss: 1.667895
Make prediction for 657 samples...
Make prediction for 93 samples...
Make prediction for 92 samples...
Make prediction for 92 samples...
Epoch: 005, Train Loss: 1.6039, Metric: r2, Train: 0.0165, Val: 0.0419, best Val: 0.0419, Test: 0.0009
Training on 657 samples...
Train epoch: 7 [0/657 (0%)]	Loss: 1.522943
Make prediction for 657 samples...
Make prediction for 93 samples...
Make prediction for 92 samples...
Make prediction for 92 samples...
Epoch: 006, Train Loss: 1.5983, Metric: r2, Train: 0.0216, Val: 0.0592, best Val: 0.0592, Test: -0.0025
Training on 657 samples...
Train epoch: 8 [0/657 (0%)]	Loss: 1.567858
Make prediction for 657 samples...
Make prediction for 93 samples...
Make prediction for 92 samples...
Make prediction for 92 samples...
Epoch: 007, Train Loss: 1.5980, Metric: r2, Train: 0.0264, Val: 0.0789, best Val: 0.0789, Test: 0.0098
Training on 657 samples...
Train epoch: 9 [0/657 (0%)]	Loss: 1.546801
Make prediction for 657 samples...
Make prediction for 93 samples...
Make prediction for 92 samples...
Make prediction for 92 samples...
Epoch: 008, Train Loss: 1.5859, Metric: r2, Train: 0.0281, Val: 0.0928, best Val: 0.0928, Test: -0.0160
Training on 657 samples...
Train epoch: 10 [0/657 (0%)]	Loss: 1.647666
Make prediction for 657 samples...
Make prediction for 93 samples...
Make prediction for 92 samples...
Make prediction for 92 samples...
Epoch: 009, Train Loss: 1.5752, Metric: r2, Train: 0.0460, Val: 0.1316, best Val: 0.1316, Test: 0.0097
Training on 657 samples...
Train epoch: 11 [0/657 (0%)]	Loss: 1.616259
Make prediction for 657 samples...
Make prediction for 93 samples...
Make prediction for 92 samples...
Make prediction for 92 samples...
Epoch: 010, Train Loss: 1.5586, Metric: r2, Train: 0.0654, Val: 0.1736, best Val: 0.1736, Test: 0.0129
Training on 657 samples...
Train epoch: 12 [0/657 (0%)]	Loss: 1.548007
Make prediction for 657 samples...
Make prediction for 93 samples...
Make prediction for 92 samples...
Make prediction for 92 samples...
Epoch: 011, Train Loss: 1.5386, Metric: r2, Train: 0.0750, Val: 0.1949, best Val: 0.1949, Test: -0.0260
Training on 657 samples...
Train epoch: 13 [0/657 (0%)]	Loss: 1.537931
Make prediction for 657 samples...
Make prediction for 93 samples...
Make prediction for 92 samples...
Make prediction for 92 samples...
Epoch: 012, Train Loss: 1.5110, Metric: r2, Train: 0.1088, Val: 0.2289, best Val: 0.2289, Test: 0.0574
Training on 657 samples...
Train epoch: 14 [0/657 (0%)]	Loss: 1.501719
Make prediction for 657 samples...
Make prediction for 93 samples...
Make prediction for 92 samples...
Make prediction for 92 samples...
Epoch: 013, Train Loss: 1.5039, Metric: r2, Train: 0.1825, Val: 0.2697, best Val: 0.2697, Test: 0.0872
Training on 657 samples...
Train epoch: 15 [0/657 (0%)]	Loss: 1.422692
Make prediction for 657 samples...
Make prediction for 93 samples...
Make prediction for 92 samples...
EarlyStopping counter: 1 out of 30
Epoch: 014, Train Loss: 1.4331, Metric: r2, Train: 0.2256, Val: 0.2427, best Val: 0.2697, Test: 0.1212
Training on 657 samples...
Train epoch: 16 [0/657 (0%)]	Loss: 1.482216
Make prediction for 657 samples...
Make prediction for 93 samples...
Make prediction for 92 samples...
Make prediction for 92 samples...
Epoch: 015, Train Loss: 1.4054, Metric: r2, Train: 0.2995, Val: 0.2742, best Val: 0.2742, Test: 0.2751
Training on 657 samples...
Train epoch: 17 [0/657 (0%)]	Loss: 1.414437
Make prediction for 657 samples...
Make prediction for 93 samples...
Make prediction for 92 samples...
EarlyStopping counter: 1 out of 30
Epoch: 016, Train Loss: 1.3237, Metric: r2, Train: 0.3040, Val: 0.2530, best Val: 0.2742, Test: 0.3322
Training on 657 samples...
Train epoch: 18 [0/657 (0%)]	Loss: 1.302032
Make prediction for 657 samples...
Make prediction for 93 samples...
Make prediction for 92 samples...
EarlyStopping counter: 2 out of 30
Epoch: 017, Train Loss: 1.3205, Metric: r2, Train: 0.3922, Val: 0.2564, best Val: 0.2742, Test: 0.3640
Training on 657 samples...
Train epoch: 19 [0/657 (0%)]	Loss: 1.200440
Make prediction for 657 samples...
Make prediction for 93 samples...
Make prediction for 92 samples...
EarlyStopping counter: 3 out of 30
Epoch: 018, Train Loss: 1.2673, Metric: r2, Train: 0.3469, Val: 0.1641, best Val: 0.2742, Test: 0.2608
Training on 657 samples...
Train epoch: 20 [0/657 (0%)]	Loss: 1.297773
Make prediction for 657 samples...
Make prediction for 93 samples...
Make prediction for 92 samples...
Make prediction for 92 samples...
Epoch: 019, Train Loss: 1.2369, Metric: r2, Train: 0.3989, Val: 0.3540, best Val: 0.3540, Test: 0.4367
Training on 657 samples...
Train epoch: 21 [0/657 (0%)]	Loss: 1.313226
Make prediction for 657 samples...
Make prediction for 93 samples...
Make prediction for 92 samples...
Make prediction for 92 samples...
Epoch: 020, Train Loss: 1.2352, Metric: r2, Train: 0.4600, Val: 0.3772, best Val: 0.3772, Test: 0.4512
Training on 657 samples...
Train epoch: 22 [0/657 (0%)]	Loss: 1.172505
Make prediction for 657 samples...
Make prediction for 93 samples...
Make prediction for 92 samples...
EarlyStopping counter: 1 out of 30
Epoch: 021, Train Loss: 1.1851, Metric: r2, Train: 0.4292, Val: 0.2254, best Val: 0.3772, Test: 0.3088
Training on 657 samples...
Train epoch: 23 [0/657 (0%)]	Loss: 1.268216
Make prediction for 657 samples...
Make prediction for 93 samples...
Make prediction for 92 samples...
Make prediction for 92 samples...
Epoch: 022, Train Loss: 1.1652, Metric: r2, Train: 0.4967, Val: 0.4095, best Val: 0.4095, Test: 0.4608
Training on 657 samples...
Train epoch: 24 [0/657 (0%)]	Loss: 1.127337
Make prediction for 657 samples...
Make prediction for 93 samples...
Make prediction for 92 samples...
Make prediction for 92 samples...
Epoch: 023, Train Loss: 1.1300, Metric: r2, Train: 0.4892, Val: 0.4286, best Val: 0.4286, Test: 0.4579
Training on 657 samples...
Train epoch: 25 [0/657 (0%)]	Loss: 1.208369
Make prediction for 657 samples...
Make prediction for 93 samples...
Make prediction for 92 samples...
EarlyStopping counter: 1 out of 30
Epoch: 024, Train Loss: 1.1341, Metric: r2, Train: 0.4794, Val: 0.2123, best Val: 0.4286, Test: 0.3324
Training on 657 samples...
Train epoch: 26 [0/657 (0%)]	Loss: 1.140974
Make prediction for 657 samples...
Make prediction for 93 samples...
Make prediction for 92 samples...
EarlyStopping counter: 2 out of 30
Epoch: 025, Train Loss: 1.1135, Metric: r2, Train: 0.5598, Val: 0.4113, best Val: 0.4286, Test: 0.4790
Training on 657 samples...
Train epoch: 27 [0/657 (0%)]	Loss: 1.107094
Make prediction for 657 samples...
Make prediction for 93 samples...
Make prediction for 92 samples...
EarlyStopping counter: 3 out of 30
Epoch: 026, Train Loss: 1.0744, Metric: r2, Train: 0.5529, Val: 0.4271, best Val: 0.4286, Test: 0.4744
Training on 657 samples...
Train epoch: 28 [0/657 (0%)]	Loss: 1.080689
Make prediction for 657 samples...
Make prediction for 93 samples...
Make prediction for 92 samples...
EarlyStopping counter: 4 out of 30
Epoch: 027, Train Loss: 1.0621, Metric: r2, Train: 0.5901, Val: 0.3682, best Val: 0.4286, Test: 0.4532
Training on 657 samples...
Train epoch: 29 [0/657 (0%)]	Loss: 1.013773
Make prediction for 657 samples...
Make prediction for 93 samples...
Make prediction for 92 samples...
EarlyStopping counter: 5 out of 30
Epoch: 028, Train Loss: 1.0451, Metric: r2, Train: 0.5826, Val: 0.3180, best Val: 0.4286, Test: 0.4104
Training on 657 samples...
Train epoch: 30 [0/657 (0%)]	Loss: 1.043818
Make prediction for 657 samples...
Make prediction for 93 samples...
Make prediction for 92 samples...
Make prediction for 92 samples...
Epoch: 029, Train Loss: 1.0644, Metric: r2, Train: 0.6040, Val: 0.4486, best Val: 0.4486, Test: 0.4871
Training on 657 samples...
Train epoch: 31 [0/657 (0%)]	Loss: 0.970446
Make prediction for 657 samples...
Make prediction for 93 samples...
Make prediction for 92 samples...
EarlyStopping counter: 1 out of 30
Epoch: 030, Train Loss: 1.0313, Metric: r2, Train: 0.5604, Val: 0.4385, best Val: 0.4486, Test: 0.4618
Training on 657 samples...
Train epoch: 32 [0/657 (0%)]	Loss: 1.108083
Make prediction for 657 samples...
Make prediction for 93 samples...
Make prediction for 92 samples...
EarlyStopping counter: 2 out of 30
Epoch: 031, Train Loss: 1.0743, Metric: r2, Train: 0.6242, Val: 0.3601, best Val: 0.4486, Test: 0.4522
Training on 657 samples...
Train epoch: 33 [0/657 (0%)]	Loss: 1.009313
Make prediction for 657 samples...
Make prediction for 93 samples...
Make prediction for 92 samples...
EarlyStopping counter: 3 out of 30
Epoch: 032, Train Loss: 1.0125, Metric: r2, Train: 0.6235, Val: 0.3450, best Val: 0.4486, Test: 0.4321
Training on 657 samples...
Train epoch: 34 [0/657 (0%)]	Loss: 0.971785
Make prediction for 657 samples...
Make prediction for 93 samples...
Make prediction for 92 samples...
Make prediction for 92 samples...
Epoch: 033, Train Loss: 0.9980, Metric: r2, Train: 0.5655, Val: 0.4500, best Val: 0.4500, Test: 0.4424
Training on 657 samples...
Train epoch: 35 [0/657 (0%)]	Loss: 1.057460
Make prediction for 657 samples...
Make prediction for 93 samples...
Make prediction for 92 samples...
EarlyStopping counter: 1 out of 30
Epoch: 034, Train Loss: 1.0224, Metric: r2, Train: 0.6203, Val: 0.2923, best Val: 0.4500, Test: 0.3909
Training on 657 samples...
Train epoch: 36 [0/657 (0%)]	Loss: 1.032381
Make prediction for 657 samples...
Make prediction for 93 samples...
Make prediction for 92 samples...
EarlyStopping counter: 2 out of 30
Epoch: 035, Train Loss: 0.9962, Metric: r2, Train: 0.6603, Val: 0.4050, best Val: 0.4500, Test: 0.4710
Training on 657 samples...
Train epoch: 37 [0/657 (0%)]	Loss: 0.979520
Make prediction for 657 samples...
Make prediction for 93 samples...
Make prediction for 92 samples...
EarlyStopping counter: 3 out of 30
Epoch: 036, Train Loss: 0.9606, Metric: r2, Train: 0.6701, Val: 0.3879, best Val: 0.4500, Test: 0.4605
Training on 657 samples...
Train epoch: 38 [0/657 (0%)]	Loss: 1.001969
Make prediction for 657 samples...
Make prediction for 93 samples...
Make prediction for 92 samples...
EarlyStopping counter: 4 out of 30
Epoch: 037, Train Loss: 0.9582, Metric: r2, Train: 0.6675, Val: 0.4499, best Val: 0.4500, Test: 0.4669
Training on 657 samples...
Train epoch: 39 [0/657 (0%)]	Loss: 0.945635
Make prediction for 657 samples...
Make prediction for 93 samples...
Make prediction for 92 samples...
EarlyStopping counter: 5 out of 30
Epoch: 038, Train Loss: 0.9594, Metric: r2, Train: 0.6814, Val: 0.4226, best Val: 0.4500, Test: 0.4353
Training on 657 samples...
Train epoch: 40 [0/657 (0%)]	Loss: 0.994268
Make prediction for 657 samples...
Make prediction for 93 samples...
Make prediction for 92 samples...
Make prediction for 92 samples...
Epoch: 039, Train Loss: 0.9496, Metric: r2, Train: 0.6239, Val: 0.4636, best Val: 0.4636, Test: 0.4533
Training on 657 samples...
Train epoch: 41 [0/657 (0%)]	Loss: 1.040870
Make prediction for 657 samples...
Make prediction for 93 samples...
Make prediction for 92 samples...
EarlyStopping counter: 1 out of 30
Epoch: 040, Train Loss: 0.9864, Metric: r2, Train: 0.6941, Val: 0.4238, best Val: 0.4636, Test: 0.4459
Training on 657 samples...
Train epoch: 42 [0/657 (0%)]	Loss: 0.951666
Make prediction for 657 samples...
Make prediction for 93 samples...
Make prediction for 92 samples...
EarlyStopping counter: 2 out of 30
Epoch: 041, Train Loss: 0.9423, Metric: r2, Train: 0.6672, Val: 0.2976, best Val: 0.4636, Test: 0.3175
Training on 657 samples...
Train epoch: 43 [0/657 (0%)]	Loss: 0.985454
Make prediction for 657 samples...
Make prediction for 93 samples...
Make prediction for 92 samples...
EarlyStopping counter: 3 out of 30
Epoch: 042, Train Loss: 0.9564, Metric: r2, Train: 0.7053, Val: 0.4350, best Val: 0.4636, Test: 0.4282
Training on 657 samples...
Train epoch: 44 [0/657 (0%)]	Loss: 0.951925
Make prediction for 657 samples...
Make prediction for 93 samples...
Make prediction for 92 samples...
EarlyStopping counter: 4 out of 30
Epoch: 043, Train Loss: 0.9229, Metric: r2, Train: 0.7117, Val: 0.4497, best Val: 0.4636, Test: 0.4525
Training on 657 samples...
Train epoch: 45 [0/657 (0%)]	Loss: 0.969789
Make prediction for 657 samples...
Make prediction for 93 samples...
Make prediction for 92 samples...
EarlyStopping counter: 5 out of 30
Epoch: 044, Train Loss: 0.9147, Metric: r2, Train: 0.7210, Val: 0.4001, best Val: 0.4636, Test: 0.4331
Training on 657 samples...
Train epoch: 46 [0/657 (0%)]	Loss: 0.899967
Make prediction for 657 samples...
Make prediction for 93 samples...
Make prediction for 92 samples...
EarlyStopping counter: 6 out of 30
Epoch: 045, Train Loss: 0.9079, Metric: r2, Train: 0.7158, Val: 0.3390, best Val: 0.4636, Test: 0.4025
Training on 657 samples...
Train epoch: 47 [0/657 (0%)]	Loss: 0.926761
Make prediction for 657 samples...
Make prediction for 93 samples...
Make prediction for 92 samples...
EarlyStopping counter: 7 out of 30
Epoch: 046, Train Loss: 0.9174, Metric: r2, Train: 0.6718, Val: 0.2220, best Val: 0.4636, Test: 0.2916
Training on 657 samples...
Train epoch: 48 [0/657 (0%)]	Loss: 0.991883
Make prediction for 657 samples...
Make prediction for 93 samples...
Make prediction for 92 samples...
EarlyStopping counter: 8 out of 30
Epoch: 047, Train Loss: 0.9407, Metric: r2, Train: 0.7284, Val: 0.3561, best Val: 0.4636, Test: 0.3977
Training on 657 samples...
Train epoch: 49 [0/657 (0%)]	Loss: 0.906128
Make prediction for 657 samples...
Make prediction for 93 samples...
Make prediction for 92 samples...
EarlyStopping counter: 9 out of 30
Epoch: 048, Train Loss: 0.9215, Metric: r2, Train: 0.7284, Val: 0.4615, best Val: 0.4636, Test: 0.4602
Training on 657 samples...
Train epoch: 50 [0/657 (0%)]	Loss: 0.935707
Make prediction for 657 samples...
Make prediction for 93 samples...
Make prediction for 92 samples...
Make prediction for 92 samples...
Epoch: 049, Train Loss: 0.9215, Metric: r2, Train: 0.6805, Val: 0.4826, best Val: 0.4826, Test: 0.4536
Training on 657 samples...
Train epoch: 51 [0/657 (0%)]	Loss: 0.958785
Make prediction for 657 samples...
Make prediction for 93 samples...
Make prediction for 92 samples...
EarlyStopping counter: 1 out of 30
Epoch: 050, Train Loss: 0.9120, Metric: r2, Train: 0.7416, Val: 0.4624, best Val: 0.4826, Test: 0.4488
Training on 657 samples...
Train epoch: 52 [0/657 (0%)]	Loss: 0.875982
Make prediction for 657 samples...
Make prediction for 93 samples...
Make prediction for 92 samples...
EarlyStopping counter: 2 out of 30
Epoch: 051, Train Loss: 0.8774, Metric: r2, Train: 0.7492, Val: 0.3925, best Val: 0.4826, Test: 0.3934
Training on 657 samples...
Train epoch: 53 [0/657 (0%)]	Loss: 0.891147
Make prediction for 657 samples...
Make prediction for 93 samples...
Make prediction for 92 samples...
EarlyStopping counter: 3 out of 30
Epoch: 052, Train Loss: 0.8740, Metric: r2, Train: 0.7408, Val: 0.4766, best Val: 0.4826, Test: 0.4804
Training on 657 samples...
Train epoch: 54 [0/657 (0%)]	Loss: 0.891111
Make prediction for 657 samples...
Make prediction for 93 samples...
Make prediction for 92 samples...
Make prediction for 92 samples...
Epoch: 053, Train Loss: 0.8875, Metric: r2, Train: 0.6856, Val: 0.4853, best Val: 0.4853, Test: 0.4676
Training on 657 samples...
Train epoch: 55 [0/657 (0%)]	Loss: 0.959117
Make prediction for 657 samples...
Make prediction for 93 samples...
Make prediction for 92 samples...
EarlyStopping counter: 1 out of 30
Epoch: 054, Train Loss: 0.8990, Metric: r2, Train: 0.7604, Val: 0.4072, best Val: 0.4853, Test: 0.3966
Training on 657 samples...
Train epoch: 56 [0/657 (0%)]	Loss: 0.875197
Make prediction for 657 samples...
Make prediction for 93 samples...
Make prediction for 92 samples...
EarlyStopping counter: 2 out of 30
Epoch: 055, Train Loss: 0.8832, Metric: r2, Train: 0.7686, Val: 0.4725, best Val: 0.4853, Test: 0.4431
Training on 657 samples...
Train epoch: 57 [0/657 (0%)]	Loss: 0.852359
Make prediction for 657 samples...
Make prediction for 93 samples...
Make prediction for 92 samples...
EarlyStopping counter: 3 out of 30
Epoch: 056, Train Loss: 0.8609, Metric: r2, Train: 0.7735, Val: 0.4580, best Val: 0.4853, Test: 0.4301
Training on 657 samples...
Train epoch: 58 [0/657 (0%)]	Loss: 0.889565
Make prediction for 657 samples...
Make prediction for 93 samples...
Make prediction for 92 samples...
EarlyStopping counter: 4 out of 30
Epoch: 057, Train Loss: 0.8646, Metric: r2, Train: 0.7426, Val: 0.3448, best Val: 0.4853, Test: 0.3131
Training on 657 samples...
Train epoch: 59 [0/657 (0%)]	Loss: 0.913355
Make prediction for 657 samples...
Make prediction for 93 samples...
Make prediction for 92 samples...
EarlyStopping counter: 5 out of 30
Epoch: 058, Train Loss: 0.8835, Metric: r2, Train: 0.7446, Val: 0.3329, best Val: 0.4853, Test: 0.3032
Training on 657 samples...
Train epoch: 60 [0/657 (0%)]	Loss: 0.902868
Make prediction for 657 samples...
Make prediction for 93 samples...
Make prediction for 92 samples...
EarlyStopping counter: 6 out of 30
Epoch: 059, Train Loss: 0.8620, Metric: r2, Train: 0.7851, Val: 0.4378, best Val: 0.4853, Test: 0.3982
Training on 657 samples...
Train epoch: 61 [0/657 (0%)]	Loss: 0.866187
Make prediction for 657 samples...
Make prediction for 93 samples...
Make prediction for 92 samples...
Make prediction for 92 samples...
Epoch: 060, Train Loss: 0.8628, Metric: r2, Train: 0.7835, Val: 0.5028, best Val: 0.5028, Test: 0.4579
Training on 657 samples...
Train epoch: 62 [0/657 (0%)]	Loss: 0.859889
Make prediction for 657 samples...
Make prediction for 93 samples...
Make prediction for 92 samples...
Make prediction for 92 samples...
Epoch: 061, Train Loss: 0.8644, Metric: r2, Train: 0.6791, Val: 0.5159, best Val: 0.5159, Test: 0.4622
Training on 657 samples...
Train epoch: 63 [0/657 (0%)]	Loss: 1.013199
Make prediction for 657 samples...
Make prediction for 93 samples...
Make prediction for 92 samples...
Make prediction for 92 samples...
Epoch: 062, Train Loss: 0.9199, Metric: r2, Train: 0.7403, Val: 0.5369, best Val: 0.5369, Test: 0.4739
Training on 657 samples...
Train epoch: 64 [0/657 (0%)]	Loss: 0.861746
Make prediction for 657 samples...
Make prediction for 93 samples...
Make prediction for 92 samples...
EarlyStopping counter: 1 out of 30
Epoch: 063, Train Loss: 0.8930, Metric: r2, Train: 0.7598, Val: 0.4170, best Val: 0.5369, Test: 0.3073
Training on 657 samples...
Train epoch: 65 [0/657 (0%)]	Loss: 0.879729
Make prediction for 657 samples...
Make prediction for 93 samples...
Make prediction for 92 samples...
EarlyStopping counter: 2 out of 30
Epoch: 064, Train Loss: 0.8818, Metric: r2, Train: 0.7896, Val: 0.4809, best Val: 0.5369, Test: 0.3990
Training on 657 samples...
Train epoch: 66 [0/657 (0%)]	Loss: 0.855766
Make prediction for 657 samples...
Make prediction for 93 samples...
Make prediction for 92 samples...
EarlyStopping counter: 3 out of 30
Epoch: 065, Train Loss: 0.8321, Metric: r2, Train: 0.7885, Val: 0.5348, best Val: 0.5369, Test: 0.4848
Training on 657 samples...
Train epoch: 67 [0/657 (0%)]	Loss: 0.845663
Make prediction for 657 samples...
Make prediction for 93 samples...
Make prediction for 92 samples...
EarlyStopping counter: 4 out of 30
Epoch: 066, Train Loss: 0.8389, Metric: r2, Train: 0.7907, Val: 0.5265, best Val: 0.5369, Test: 0.4750
Training on 657 samples...
Train epoch: 68 [0/657 (0%)]	Loss: 0.835589
Make prediction for 657 samples...
Make prediction for 93 samples...
Make prediction for 92 samples...
EarlyStopping counter: 5 out of 30
Epoch: 067, Train Loss: 0.8158, Metric: r2, Train: 0.8020, Val: 0.4478, best Val: 0.5369, Test: 0.3581
Training on 657 samples...
Train epoch: 69 [0/657 (0%)]	Loss: 0.829836
Make prediction for 657 samples...
Make prediction for 93 samples...
Make prediction for 92 samples...
EarlyStopping counter: 6 out of 30
Epoch: 068, Train Loss: 0.8220, Metric: r2, Train: 0.7770, Val: 0.3874, best Val: 0.5369, Test: 0.2635
Training on 657 samples...
Train epoch: 70 [0/657 (0%)]	Loss: 0.817701
Make prediction for 657 samples...
Make prediction for 93 samples...
Make prediction for 92 samples...
EarlyStopping counter: 7 out of 30
Epoch: 069, Train Loss: 0.8264, Metric: r2, Train: 0.8040, Val: 0.5294, best Val: 0.5369, Test: 0.4638
Training on 657 samples...
Train epoch: 71 [0/657 (0%)]	Loss: 0.820449
Make prediction for 657 samples...
Make prediction for 93 samples...
Make prediction for 92 samples...
EarlyStopping counter: 8 out of 30
Epoch: 070, Train Loss: 0.8261, Metric: r2, Train: 0.7412, Val: 0.5368, best Val: 0.5369, Test: 0.4674
Training on 657 samples...
Train epoch: 72 [0/657 (0%)]	Loss: 0.888424
Make prediction for 657 samples...
Make prediction for 93 samples...
Make prediction for 92 samples...
Make prediction for 92 samples...
Epoch: 071, Train Loss: 0.8561, Metric: r2, Train: 0.8084, Val: 0.5484, best Val: 0.5484, Test: 0.4793
Training on 657 samples...
Train epoch: 73 [0/657 (0%)]	Loss: 0.789833
Make prediction for 657 samples...
Make prediction for 93 samples...
Make prediction for 92 samples...
EarlyStopping counter: 1 out of 30
Epoch: 072, Train Loss: 0.8426, Metric: r2, Train: 0.7528, Val: 0.4142, best Val: 0.5484, Test: 0.2594
Training on 657 samples...
Train epoch: 74 [0/657 (0%)]	Loss: 0.918733
Make prediction for 657 samples...
Make prediction for 93 samples...
Make prediction for 92 samples...
EarlyStopping counter: 2 out of 30
Epoch: 073, Train Loss: 0.8577, Metric: r2, Train: 0.8085, Val: 0.5142, best Val: 0.5484, Test: 0.3888
Training on 657 samples...
Train epoch: 75 [0/657 (0%)]	Loss: 0.833341
Make prediction for 657 samples...
Make prediction for 93 samples...
Make prediction for 92 samples...
Make prediction for 92 samples...
Epoch: 074, Train Loss: 0.8262, Metric: r2, Train: 0.7690, Val: 0.5891, best Val: 0.5891, Test: 0.4822
Training on 657 samples...
Train epoch: 76 [0/657 (0%)]	Loss: 0.861921
Make prediction for 657 samples...
Make prediction for 93 samples...
Make prediction for 92 samples...
Make prediction for 92 samples...
Epoch: 075, Train Loss: 0.8337, Metric: r2, Train: 0.8085, Val: 0.5950, best Val: 0.5950, Test: 0.4750
Training on 657 samples...
Train epoch: 77 [0/657 (0%)]	Loss: 0.826883
Make prediction for 657 samples...
Make prediction for 93 samples...
Make prediction for 92 samples...
EarlyStopping counter: 1 out of 30
Epoch: 076, Train Loss: 0.8272, Metric: r2, Train: 0.8275, Val: 0.5446, best Val: 0.5950, Test: 0.3683
Training on 657 samples...
Train epoch: 78 [0/657 (0%)]	Loss: 0.839837
Make prediction for 657 samples...
Make prediction for 93 samples...
Make prediction for 92 samples...
EarlyStopping counter: 2 out of 30
Epoch: 077, Train Loss: 0.7888, Metric: r2, Train: 0.8205, Val: 0.5941, best Val: 0.5950, Test: 0.4421
Training on 657 samples...
Train epoch: 79 [0/657 (0%)]	Loss: 0.806104
Make prediction for 657 samples...
Make prediction for 93 samples...
Make prediction for 92 samples...
EarlyStopping counter: 3 out of 30
Epoch: 078, Train Loss: 0.7945, Metric: r2, Train: 0.8356, Val: 0.5676, best Val: 0.5950, Test: 0.4333
Training on 657 samples...
Train epoch: 80 [0/657 (0%)]	Loss: 0.788890
Make prediction for 657 samples...
Make prediction for 93 samples...
Make prediction for 92 samples...
EarlyStopping counter: 4 out of 30
Epoch: 079, Train Loss: 0.8013, Metric: r2, Train: 0.8404, Val: 0.5291, best Val: 0.5950, Test: 0.4013
Training on 657 samples...
Train epoch: 81 [0/657 (0%)]	Loss: 0.794663
Make prediction for 657 samples...
Make prediction for 93 samples...
Make prediction for 92 samples...
EarlyStopping counter: 5 out of 30
Epoch: 080, Train Loss: 0.7919, Metric: r2, Train: 0.8369, Val: 0.5223, best Val: 0.5950, Test: 0.3747
Training on 657 samples...
Train epoch: 82 [0/657 (0%)]	Loss: 0.792635
Make prediction for 657 samples...
Make prediction for 93 samples...
Make prediction for 92 samples...
EarlyStopping counter: 6 out of 30
Epoch: 081, Train Loss: 0.7860, Metric: r2, Train: 0.8455, Val: 0.5787, best Val: 0.5950, Test: 0.4435
Training on 657 samples...
Train epoch: 83 [0/657 (0%)]	Loss: 0.778416
Make prediction for 657 samples...
Make prediction for 93 samples...
Make prediction for 92 samples...
EarlyStopping counter: 7 out of 30
Epoch: 082, Train Loss: 0.7772, Metric: r2, Train: 0.8489, Val: 0.5804, best Val: 0.5950, Test: 0.4269
Training on 657 samples...
Train epoch: 84 [0/657 (0%)]	Loss: 0.802121
Make prediction for 657 samples...
Make prediction for 93 samples...
Make prediction for 92 samples...
EarlyStopping counter: 8 out of 30
Epoch: 083, Train Loss: 0.7778, Metric: r2, Train: 0.8540, Val: 0.5735, best Val: 0.5950, Test: 0.4141
Training on 657 samples...
Train epoch: 85 [0/657 (0%)]	Loss: 0.776285
Make prediction for 657 samples...
Make prediction for 93 samples...
Make prediction for 92 samples...
EarlyStopping counter: 9 out of 30
Epoch: 084, Train Loss: 0.7690, Metric: r2, Train: 0.8506, Val: 0.5766, best Val: 0.5950, Test: 0.4271
Training on 657 samples...
Train epoch: 86 [0/657 (0%)]	Loss: 0.768413
Make prediction for 657 samples...
Make prediction for 93 samples...
Make prediction for 92 samples...
EarlyStopping counter: 10 out of 30
Epoch: 085, Train Loss: 0.7804, Metric: r2, Train: 0.7983, Val: 0.5817, best Val: 0.5950, Test: 0.4389
Training on 657 samples...
Train epoch: 87 [0/657 (0%)]	Loss: 0.823115
Make prediction for 657 samples...
Make prediction for 93 samples...
Make prediction for 92 samples...
Make prediction for 92 samples...
Epoch: 086, Train Loss: 0.8012, Metric: r2, Train: 0.8532, Val: 0.6031, best Val: 0.6031, Test: 0.4142
Training on 657 samples...
Train epoch: 88 [0/657 (0%)]	Loss: 0.753860
Make prediction for 657 samples...
Make prediction for 93 samples...
Make prediction for 92 samples...
EarlyStopping counter: 1 out of 30
Epoch: 087, Train Loss: 0.7643, Metric: r2, Train: 0.8591, Val: 0.5707, best Val: 0.6031, Test: 0.3678
Training on 657 samples...
Train epoch: 89 [0/657 (0%)]	Loss: 0.792400
Make prediction for 657 samples...
Make prediction for 93 samples...
Make prediction for 92 samples...
EarlyStopping counter: 2 out of 30
Epoch: 088, Train Loss: 0.7775, Metric: r2, Train: 0.8216, Val: 0.5038, best Val: 0.6031, Test: 0.2651
Training on 657 samples...
Train epoch: 90 [0/657 (0%)]	Loss: 0.815320
Make prediction for 657 samples...
Make prediction for 93 samples...
Make prediction for 92 samples...
EarlyStopping counter: 3 out of 30
Epoch: 089, Train Loss: 0.7831, Metric: r2, Train: 0.8369, Val: 0.5395, best Val: 0.6031, Test: 0.3249
Training on 657 samples...
Train epoch: 91 [0/657 (0%)]	Loss: 0.801497
Make prediction for 657 samples...
Make prediction for 93 samples...
Make prediction for 92 samples...
Make prediction for 92 samples...
Epoch: 090, Train Loss: 0.7743, Metric: r2, Train: 0.8275, Val: 0.6083, best Val: 0.6083, Test: 0.4643
Training on 657 samples...
Train epoch: 92 [0/657 (0%)]	Loss: 0.792713
Make prediction for 657 samples...
Make prediction for 93 samples...
Make prediction for 92 samples...
EarlyStopping counter: 1 out of 30
Epoch: 091, Train Loss: 0.7768, Metric: r2, Train: 0.7106, Val: 0.5782, best Val: 0.6083, Test: 0.4260
Training on 657 samples...
Train epoch: 93 [0/657 (0%)]	Loss: 0.940760
Make prediction for 657 samples...
Make prediction for 93 samples...
Make prediction for 92 samples...
Make prediction for 92 samples...
Epoch: 092, Train Loss: 0.8411, Metric: r2, Train: 0.8368, Val: 0.6154, best Val: 0.6154, Test: 0.4429
Training on 657 samples...
Train epoch: 94 [0/657 (0%)]	Loss: 0.827363
Make prediction for 657 samples...
Make prediction for 93 samples...
Make prediction for 92 samples...
EarlyStopping counter: 1 out of 30
Epoch: 093, Train Loss: 0.7858, Metric: r2, Train: 0.8602, Val: 0.5905, best Val: 0.6154, Test: 0.3511
Training on 657 samples...
Train epoch: 95 [0/657 (0%)]	Loss: 0.782854
Make prediction for 657 samples...
Make prediction for 93 samples...
Make prediction for 92 samples...
EarlyStopping counter: 2 out of 30
Epoch: 094, Train Loss: 0.7800, Metric: r2, Train: 0.8367, Val: 0.5280, best Val: 0.6154, Test: 0.2551
Training on 657 samples...
Train epoch: 96 [0/657 (0%)]	Loss: 0.806417
Make prediction for 657 samples...
Make prediction for 93 samples...
Make prediction for 92 samples...
EarlyStopping counter: 3 out of 30
Epoch: 095, Train Loss: 0.7762, Metric: r2, Train: 0.8642, Val: 0.5681, best Val: 0.6154, Test: 0.3428
Training on 657 samples...
Train epoch: 97 [0/657 (0%)]	Loss: 0.786239
Make prediction for 657 samples...
Make prediction for 93 samples...
Make prediction for 92 samples...
EarlyStopping counter: 4 out of 30
Epoch: 096, Train Loss: 0.7689, Metric: r2, Train: 0.8690, Val: 0.5892, best Val: 0.6154, Test: 0.4208
Training on 657 samples...
Train epoch: 98 [0/657 (0%)]	Loss: 0.774673
Make prediction for 657 samples...
Make prediction for 93 samples...
Make prediction for 92 samples...
EarlyStopping counter: 5 out of 30
Epoch: 097, Train Loss: 0.7579, Metric: r2, Train: 0.8692, Val: 0.5827, best Val: 0.6154, Test: 0.4366
Training on 657 samples...
Train epoch: 99 [0/657 (0%)]	Loss: 0.774006
Make prediction for 657 samples...
Make prediction for 93 samples...
Make prediction for 92 samples...
EarlyStopping counter: 6 out of 30
Epoch: 098, Train Loss: 0.7542, Metric: r2, Train: 0.8749, Val: 0.5999, best Val: 0.6154, Test: 0.4174
Training on 657 samples...
Train epoch: 100 [0/657 (0%)]	Loss: 0.761475
Make prediction for 657 samples...
Make prediction for 93 samples...
Make prediction for 92 samples...
EarlyStopping counter: 7 out of 30
Epoch: 099, Train Loss: 0.7447, Metric: r2, Train: 0.8748, Val: 0.5695, best Val: 0.6154, Test: 0.3173
Training on 657 samples...
Train epoch: 101 [0/657 (0%)]	Loss: 0.748009
Make prediction for 657 samples...
Make prediction for 93 samples...
Make prediction for 92 samples...
EarlyStopping counter: 8 out of 30
Epoch: 100, Train Loss: 0.7565, Metric: r2, Train: 0.8807, Val: 0.6024, best Val: 0.6154, Test: 0.3674
Training on 657 samples...
Train epoch: 102 [0/657 (0%)]	Loss: 0.747067
Make prediction for 657 samples...
Make prediction for 93 samples...
Make prediction for 92 samples...
EarlyStopping counter: 9 out of 30
Epoch: 101, Train Loss: 0.7472, Metric: r2, Train: 0.8612, Val: 0.5548, best Val: 0.6154, Test: 0.2937
Training on 657 samples...
Train epoch: 103 [0/657 (0%)]	Loss: 0.775565
Make prediction for 657 samples...
Make prediction for 93 samples...
Make prediction for 92 samples...
Make prediction for 92 samples...
Epoch: 102, Train Loss: 0.7704, Metric: r2, Train: 0.8831, Val: 0.6310, best Val: 0.6310, Test: 0.4285
Training on 657 samples...
Train epoch: 104 [0/657 (0%)]	Loss: 0.757302
Make prediction for 657 samples...
Make prediction for 93 samples...
Make prediction for 92 samples...
EarlyStopping counter: 1 out of 30
Epoch: 103, Train Loss: 0.7449, Metric: r2, Train: 0.8851, Val: 0.6126, best Val: 0.6310, Test: 0.4131
Training on 657 samples...
Train epoch: 105 [0/657 (0%)]	Loss: 0.753249
Make prediction for 657 samples...
Make prediction for 93 samples...
Make prediction for 92 samples...
EarlyStopping counter: 2 out of 30
Epoch: 104, Train Loss: 0.7369, Metric: r2, Train: 0.8867, Val: 0.5928, best Val: 0.6310, Test: 0.4249
Training on 657 samples...
Train epoch: 106 [0/657 (0%)]	Loss: 0.751761
Make prediction for 657 samples...
Make prediction for 93 samples...
Make prediction for 92 samples...
EarlyStopping counter: 3 out of 30
Epoch: 105, Train Loss: 0.7363, Metric: r2, Train: 0.8487, Val: 0.6066, best Val: 0.6310, Test: 0.4694
Training on 657 samples...
Train epoch: 107 [0/657 (0%)]	Loss: 0.812236
Make prediction for 657 samples...
Make prediction for 93 samples...
Make prediction for 92 samples...
EarlyStopping counter: 4 out of 30
Epoch: 106, Train Loss: 0.7649, Metric: r2, Train: 0.7978, Val: 0.5949, best Val: 0.6310, Test: 0.4513
Training on 657 samples...
Train epoch: 108 [0/657 (0%)]	Loss: 0.859472
Make prediction for 657 samples...
Make prediction for 93 samples...
Make prediction for 92 samples...
EarlyStopping counter: 5 out of 30
Epoch: 107, Train Loss: 0.7964, Metric: r2, Train: 0.8453, Val: 0.6036, best Val: 0.6310, Test: 0.4709
Training on 657 samples...
Train epoch: 109 [0/657 (0%)]	Loss: 0.795346
Make prediction for 657 samples...
Make prediction for 93 samples...
Make prediction for 92 samples...
EarlyStopping counter: 6 out of 30
Epoch: 108, Train Loss: 0.7609, Metric: r2, Train: 0.8412, Val: 0.5981, best Val: 0.6310, Test: 0.4976
Training on 657 samples...
Train epoch: 110 [0/657 (0%)]	Loss: 0.776629
Make prediction for 657 samples...
Make prediction for 93 samples...
Make prediction for 92 samples...
EarlyStopping counter: 7 out of 30
Epoch: 109, Train Loss: 0.7637, Metric: r2, Train: 0.7780, Val: 0.5904, best Val: 0.6310, Test: 0.4817
Training on 657 samples...
Train epoch: 111 [0/657 (0%)]	Loss: 0.852832
Make prediction for 657 samples...
Make prediction for 93 samples...
Make prediction for 92 samples...
EarlyStopping counter: 8 out of 30
Epoch: 110, Train Loss: 0.8131, Metric: r2, Train: 0.8483, Val: 0.6135, best Val: 0.6310, Test: 0.4692
Training on 657 samples...
Train epoch: 112 [0/657 (0%)]	Loss: 0.755286
Make prediction for 657 samples...
Make prediction for 93 samples...
Make prediction for 92 samples...
EarlyStopping counter: 9 out of 30
Epoch: 111, Train Loss: 0.7884, Metric: r2, Train: 0.8021, Val: 0.4244, best Val: 0.6310, Test: 0.1612
Training on 657 samples...
Train epoch: 113 [0/657 (0%)]	Loss: 0.831746
Make prediction for 657 samples...
Make prediction for 93 samples...
Make prediction for 92 samples...
EarlyStopping counter: 10 out of 30
Epoch: 112, Train Loss: 0.7993, Metric: r2, Train: 0.8581, Val: 0.5220, best Val: 0.6310, Test: 0.2952
Training on 657 samples...
Train epoch: 114 [0/657 (0%)]	Loss: 0.780242
Make prediction for 657 samples...
Make prediction for 93 samples...
Make prediction for 92 samples...
Make prediction for 92 samples...
Epoch: 113, Train Loss: 0.7648, Metric: r2, Train: 0.8504, Val: 0.6489, best Val: 0.6489, Test: 0.4830
Training on 657 samples...
Train epoch: 115 [0/657 (0%)]	Loss: 0.768363
Make prediction for 657 samples...
Make prediction for 93 samples...
Make prediction for 92 samples...
EarlyStopping counter: 1 out of 30
Epoch: 114, Train Loss: 0.7591, Metric: r2, Train: 0.8722, Val: 0.6414, best Val: 0.6489, Test: 0.4576
Training on 657 samples...
Train epoch: 116 [0/657 (0%)]	Loss: 0.764749
Make prediction for 657 samples...
Make prediction for 93 samples...
Make prediction for 92 samples...
EarlyStopping counter: 2 out of 30
Epoch: 115, Train Loss: 0.7602, Metric: r2, Train: 0.8834, Val: 0.5883, best Val: 0.6489, Test: 0.3501
Training on 657 samples...
Train epoch: 117 [0/657 (0%)]	Loss: 0.767259
Make prediction for 657 samples...
Make prediction for 93 samples...
Make prediction for 92 samples...
EarlyStopping counter: 3 out of 30
Epoch: 116, Train Loss: 0.7383, Metric: r2, Train: 0.8652, Val: 0.5391, best Val: 0.6489, Test: 0.2757
Training on 657 samples...
Train epoch: 118 [0/657 (0%)]	Loss: 0.770918
Make prediction for 657 samples...
Make prediction for 93 samples...
Make prediction for 92 samples...
Make prediction for 92 samples...
Epoch: 117, Train Loss: 0.7488, Metric: r2, Train: 0.8907, Val: 0.6522, best Val: 0.6522, Test: 0.4382
Training on 657 samples...
Train epoch: 119 [0/657 (0%)]	Loss: 0.751383
Make prediction for 657 samples...
Make prediction for 93 samples...
Make prediction for 92 samples...
Make prediction for 92 samples...
Epoch: 118, Train Loss: 0.7408, Metric: r2, Train: 0.8674, Val: 0.6736, best Val: 0.6736, Test: 0.4501
Training on 657 samples...
Train epoch: 120 [0/657 (0%)]	Loss: 0.780082
Make prediction for 657 samples...
Make prediction for 93 samples...
Make prediction for 92 samples...
Make prediction for 92 samples...
Epoch: 119, Train Loss: 0.7501, Metric: r2, Train: 0.8791, Val: 0.6766, best Val: 0.6766, Test: 0.4283
Training on 657 samples...
Train epoch: 121 [0/657 (0%)]	Loss: 0.757945
Make prediction for 657 samples...
Make prediction for 93 samples...
Make prediction for 92 samples...
EarlyStopping counter: 1 out of 30
Epoch: 120, Train Loss: 0.7461, Metric: r2, Train: 0.8997, Val: 0.6299, best Val: 0.6766, Test: 0.3702
Training on 657 samples...
Train epoch: 122 [0/657 (0%)]	Loss: 0.734569
Make prediction for 657 samples...
Make prediction for 93 samples...
Make prediction for 92 samples...
EarlyStopping counter: 2 out of 30
Epoch: 121, Train Loss: 0.7274, Metric: r2, Train: 0.9000, Val: 0.5988, best Val: 0.6766, Test: 0.3568
Training on 657 samples...
Train epoch: 123 [0/657 (0%)]	Loss: 0.749552
Make prediction for 657 samples...
Make prediction for 93 samples...
Make prediction for 92 samples...
EarlyStopping counter: 3 out of 30
Epoch: 122, Train Loss: 0.7251, Metric: r2, Train: 0.9040, Val: 0.6023, best Val: 0.6766, Test: 0.3930
Training on 657 samples...
Train epoch: 124 [0/657 (0%)]	Loss: 0.740831
Make prediction for 657 samples...
Make prediction for 93 samples...
Make prediction for 92 samples...
EarlyStopping counter: 4 out of 30
Epoch: 123, Train Loss: 0.7255, Metric: r2, Train: 0.8974, Val: 0.5753, best Val: 0.6766, Test: 0.3432
Training on 657 samples...
Train epoch: 125 [0/657 (0%)]	Loss: 0.736976
Make prediction for 657 samples...
Make prediction for 93 samples...
Make prediction for 92 samples...
EarlyStopping counter: 5 out of 30
Epoch: 124, Train Loss: 0.7172, Metric: r2, Train: 0.9026, Val: 0.5906, best Val: 0.6766, Test: 0.3521
Training on 657 samples...
Train epoch: 126 [0/657 (0%)]	Loss: 0.758209
Make prediction for 657 samples...
Make prediction for 93 samples...
Make prediction for 92 samples...
EarlyStopping counter: 6 out of 30
Epoch: 125, Train Loss: 0.7250, Metric: r2, Train: 0.9038, Val: 0.6071, best Val: 0.6766, Test: 0.3458
Training on 657 samples...
Train epoch: 127 [0/657 (0%)]	Loss: 0.727578
Make prediction for 657 samples...
Make prediction for 93 samples...
Make prediction for 92 samples...
EarlyStopping counter: 7 out of 30
Epoch: 126, Train Loss: 0.7187, Metric: r2, Train: 0.9053, Val: 0.6185, best Val: 0.6766, Test: 0.3464
Training on 657 samples...
Train epoch: 128 [0/657 (0%)]	Loss: 0.740358
Make prediction for 657 samples...
Make prediction for 93 samples...
Make prediction for 92 samples...
EarlyStopping counter: 8 out of 30
Epoch: 127, Train Loss: 0.7170, Metric: r2, Train: 0.9113, Val: 0.6370, best Val: 0.6766, Test: 0.3763
Training on 657 samples...
Train epoch: 129 [0/657 (0%)]	Loss: 0.723359
Make prediction for 657 samples...
Make prediction for 93 samples...
Make prediction for 92 samples...
EarlyStopping counter: 9 out of 30
Epoch: 128, Train Loss: 0.7228, Metric: r2, Train: 0.8802, Val: 0.6682, best Val: 0.6766, Test: 0.4654
Training on 657 samples...
Train epoch: 130 [0/657 (0%)]	Loss: 0.773319
Make prediction for 657 samples...
Make prediction for 93 samples...
Make prediction for 92 samples...
EarlyStopping counter: 10 out of 30
Epoch: 129, Train Loss: 0.7360, Metric: r2, Train: 0.8703, Val: 0.6626, best Val: 0.6766, Test: 0.4788
Training on 657 samples...
Train epoch: 131 [0/657 (0%)]	Loss: 0.773989
Make prediction for 657 samples...
Make prediction for 93 samples...
Make prediction for 92 samples...
EarlyStopping counter: 11 out of 30
Epoch: 130, Train Loss: 0.7238, Metric: r2, Train: 0.9019, Val: 0.6666, best Val: 0.6766, Test: 0.4388
Training on 657 samples...
Train epoch: 132 [0/657 (0%)]	Loss: 0.724838
Make prediction for 657 samples...
Make prediction for 93 samples...
Make prediction for 92 samples...
EarlyStopping counter: 12 out of 30
Epoch: 131, Train Loss: 0.7347, Metric: r2, Train: 0.8943, Val: 0.6755, best Val: 0.6766, Test: 0.4576
Training on 657 samples...
Train epoch: 133 [0/657 (0%)]	Loss: 0.736150
Make prediction for 657 samples...
Make prediction for 93 samples...
Make prediction for 92 samples...
EarlyStopping counter: 13 out of 30
Epoch: 132, Train Loss: 0.7305, Metric: r2, Train: 0.9074, Val: 0.6662, best Val: 0.6766, Test: 0.4337
Training on 657 samples...
Train epoch: 134 [0/657 (0%)]	Loss: 0.730927
Make prediction for 657 samples...
Make prediction for 93 samples...
Make prediction for 92 samples...
EarlyStopping counter: 14 out of 30
Epoch: 133, Train Loss: 0.7196, Metric: r2, Train: 0.9063, Val: 0.5974, best Val: 0.6766, Test: 0.3544
Training on 657 samples...
Train epoch: 135 [0/657 (0%)]	Loss: 0.727211
Make prediction for 657 samples...
Make prediction for 93 samples...
Make prediction for 92 samples...
EarlyStopping counter: 15 out of 30
Epoch: 134, Train Loss: 0.7187, Metric: r2, Train: 0.9071, Val: 0.5823, best Val: 0.6766, Test: 0.3705
Training on 657 samples...
Train epoch: 136 [0/657 (0%)]	Loss: 0.729029
Make prediction for 657 samples...
Make prediction for 93 samples...
Make prediction for 92 samples...
EarlyStopping counter: 16 out of 30
Epoch: 135, Train Loss: 0.7397, Metric: r2, Train: 0.8891, Val: 0.5860, best Val: 0.6766, Test: 0.2990
Training on 657 samples...
Train epoch: 137 [0/657 (0%)]	Loss: 0.735763
Make prediction for 657 samples...
Make prediction for 93 samples...
Make prediction for 92 samples...
EarlyStopping counter: 17 out of 30
Epoch: 136, Train Loss: 0.7292, Metric: r2, Train: 0.8743, Val: 0.5644, best Val: 0.6766, Test: 0.2156
Training on 657 samples...
Train epoch: 138 [0/657 (0%)]	Loss: 0.743381
Make prediction for 657 samples...
Make prediction for 93 samples...
Make prediction for 92 samples...
EarlyStopping counter: 18 out of 30
Epoch: 137, Train Loss: 0.7298, Metric: r2, Train: 0.9125, Val: 0.6334, best Val: 0.6766, Test: 0.3217
Training on 657 samples...
Train epoch: 139 [0/657 (0%)]	Loss: 0.714141
Make prediction for 657 samples...
Make prediction for 93 samples...
Make prediction for 92 samples...
EarlyStopping counter: 19 out of 30
Epoch: 138, Train Loss: 0.7219, Metric: r2, Train: 0.8896, Val: 0.6739, best Val: 0.6766, Test: 0.4277
Training on 657 samples...
Train epoch: 140 [0/657 (0%)]	Loss: 0.727586
Make prediction for 657 samples...
Make prediction for 93 samples...
Make prediction for 92 samples...
EarlyStopping counter: 20 out of 30
Epoch: 139, Train Loss: 0.7111, Metric: r2, Train: 0.9157, Val: 0.6145, best Val: 0.6766, Test: 0.4222
Training on 657 samples...
Train epoch: 141 [0/657 (0%)]	Loss: 0.732090
Make prediction for 657 samples...
Make prediction for 93 samples...
Make prediction for 92 samples...
EarlyStopping counter: 21 out of 30
Epoch: 140, Train Loss: 0.7104, Metric: r2, Train: 0.9126, Val: 0.5534, best Val: 0.6766, Test: 0.3777
Training on 657 samples...
Train epoch: 142 [0/657 (0%)]	Loss: 0.729703
Make prediction for 657 samples...
Make prediction for 93 samples...
Make prediction for 92 samples...
EarlyStopping counter: 22 out of 30
Epoch: 141, Train Loss: 0.7189, Metric: r2, Train: 0.8828, Val: 0.4959, best Val: 0.6766, Test: 0.2490
Training on 657 samples...
Train epoch: 143 [0/657 (0%)]	Loss: 0.743989
Make prediction for 657 samples...
Make prediction for 93 samples...
Make prediction for 92 samples...
EarlyStopping counter: 23 out of 30
Epoch: 142, Train Loss: 0.7496, Metric: r2, Train: 0.8693, Val: 0.5337, best Val: 0.6766, Test: 0.2024
Training on 657 samples...
Train epoch: 144 [0/657 (0%)]	Loss: 0.758535
Make prediction for 657 samples...
Make prediction for 93 samples...
Make prediction for 92 samples...
EarlyStopping counter: 24 out of 30
Epoch: 143, Train Loss: 0.7328, Metric: r2, Train: 0.8779, Val: 0.5493, best Val: 0.6766, Test: 0.2397
Training on 657 samples...
Train epoch: 145 [0/657 (0%)]	Loss: 0.757756
Make prediction for 657 samples...
Make prediction for 93 samples...
Make prediction for 92 samples...
EarlyStopping counter: 25 out of 30
Epoch: 144, Train Loss: 0.7339, Metric: r2, Train: 0.9159, Val: 0.6626, best Val: 0.6766, Test: 0.4559
Training on 657 samples...
Train epoch: 146 [0/657 (0%)]	Loss: 0.712177
Make prediction for 657 samples...
Make prediction for 93 samples...
Make prediction for 92 samples...
EarlyStopping counter: 26 out of 30
Epoch: 145, Train Loss: 0.7458, Metric: r2, Train: 0.9129, Val: 0.6507, best Val: 0.6766, Test: 0.4311
Training on 657 samples...
Train epoch: 147 [0/657 (0%)]	Loss: 0.710827
Make prediction for 657 samples...
Make prediction for 93 samples...
Make prediction for 92 samples...
EarlyStopping counter: 27 out of 30
Epoch: 146, Train Loss: 0.7164, Metric: r2, Train: 0.8928, Val: 0.6610, best Val: 0.6766, Test: 0.4549
Training on 657 samples...
Train epoch: 148 [0/657 (0%)]	Loss: 0.744655
Make prediction for 657 samples...
Make prediction for 93 samples...
Make prediction for 92 samples...
EarlyStopping counter: 28 out of 30
Epoch: 147, Train Loss: 0.7203, Metric: r2, Train: 0.8968, Val: 0.6724, best Val: 0.6766, Test: 0.4914
Training on 657 samples...
Train epoch: 149 [0/657 (0%)]	Loss: 0.729662
Make prediction for 657 samples...
Make prediction for 93 samples...
Make prediction for 92 samples...
EarlyStopping counter: 29 out of 30
Epoch: 148, Train Loss: 0.7232, Metric: r2, Train: 0.9194, Val: 0.6736, best Val: 0.6766, Test: 0.4382
Training on 657 samples...
Train epoch: 150 [0/657 (0%)]	Loss: 0.713064
Make prediction for 657 samples...
Make prediction for 93 samples...
Make prediction for 92 samples...
EarlyStopping counter: 30 out of 30
Epoch: 149, Train Loss: 0.7149, Metric: r2, Train: 0.9097, Val: 0.6325, best Val: 0.6766, Test: 0.3253
out of patience!
******Caco2_Perimeter_2034, 1th_time_result******
train_result: 0.8791
val_result: 0.6766
test_result: 0.4283
Current seed: 2034
Pre-processed data found: data/processed/Caco2_Perimeter_2034/Caco2_Perimeter_2034_train.pt, loading ...
Pre-processed data found: data/processed/Caco2_Perimeter_2034/Caco2_Perimeter_2034_valid.pt, loading ...
Pre-processed data found: data/processed/Caco2_Perimeter_2034/Caco2_Perimeter_2034_test.pt, loading ...
trainset mean:-5.221658229827881 std:0.7607361674308777
Training on 657 samples...
Train epoch: 1 [0/657 (0%)]	Loss: 1.627535
Make prediction for 657 samples...
Make prediction for 93 samples...
Make prediction for 92 samples...
Make prediction for 92 samples...
Epoch: 000, Train Loss: 1.7026, Metric: r2, Train: -0.0175, Val: -0.0176, best Val: -0.0176, Test: -0.0400
Training on 657 samples...
Train epoch: 2 [0/657 (0%)]	Loss: 1.544983
Make prediction for 657 samples...
Make prediction for 93 samples...
Make prediction for 92 samples...
Make prediction for 92 samples...
Epoch: 001, Train Loss: 1.6350, Metric: r2, Train: 0.0039, Val: 0.0125, best Val: 0.0125, Test: -0.0024
Training on 657 samples...
Train epoch: 3 [0/657 (0%)]	Loss: 1.640517
Make prediction for 657 samples...
Make prediction for 93 samples...
Make prediction for 92 samples...
Make prediction for 92 samples...
Epoch: 002, Train Loss: 1.6157, Metric: r2, Train: 0.0072, Val: 0.0217, best Val: 0.0217, Test: -0.0026
Training on 657 samples...
Train epoch: 4 [0/657 (0%)]	Loss: 1.550001
Make prediction for 657 samples...
Make prediction for 93 samples...
Make prediction for 92 samples...
Make prediction for 92 samples...
Epoch: 003, Train Loss: 1.6042, Metric: r2, Train: 0.0069, Val: 0.0291, best Val: 0.0291, Test: -0.0129
Training on 657 samples...
Train epoch: 5 [0/657 (0%)]	Loss: 1.648897
Make prediction for 657 samples...
Make prediction for 93 samples...
Make prediction for 92 samples...
Make prediction for 92 samples...
Epoch: 004, Train Loss: 1.6051, Metric: r2, Train: 0.0169, Val: 0.0560, best Val: 0.0560, Test: 0.0036
Training on 657 samples...
Train epoch: 6 [0/657 (0%)]	Loss: 1.609912
Make prediction for 657 samples...
Make prediction for 93 samples...
Make prediction for 92 samples...
Make prediction for 92 samples...
Epoch: 005, Train Loss: 1.5921, Metric: r2, Train: 0.0267, Val: 0.0885, best Val: 0.0885, Test: 0.0084
Training on 657 samples...
Train epoch: 7 [0/657 (0%)]	Loss: 1.543955
Make prediction for 657 samples...
Make prediction for 93 samples...
Make prediction for 92 samples...
Make prediction for 92 samples...
Epoch: 006, Train Loss: 1.5886, Metric: r2, Train: 0.0430, Val: 0.1315, best Val: 0.1315, Test: 0.0127
Training on 657 samples...
Train epoch: 8 [0/657 (0%)]	Loss: 1.665385
Make prediction for 657 samples...
Make prediction for 93 samples...
Make prediction for 92 samples...
Make prediction for 92 samples...
Epoch: 007, Train Loss: 1.5711, Metric: r2, Train: 0.0676, Val: 0.1895, best Val: 0.1895, Test: 0.0145
Training on 657 samples...
Train epoch: 9 [0/657 (0%)]	Loss: 1.584223
Make prediction for 657 samples...
Make prediction for 93 samples...
Make prediction for 92 samples...
Make prediction for 92 samples...
Epoch: 008, Train Loss: 1.5494, Metric: r2, Train: 0.0994, Val: 0.2607, best Val: 0.2607, Test: 0.0247
Training on 657 samples...
Train epoch: 10 [0/657 (0%)]	Loss: 1.412936
Make prediction for 657 samples...
Make prediction for 93 samples...
Make prediction for 92 samples...
Make prediction for 92 samples...
Epoch: 009, Train Loss: 1.5198, Metric: r2, Train: 0.1212, Val: 0.2968, best Val: 0.2968, Test: -0.0070
Training on 657 samples...
Train epoch: 11 [0/657 (0%)]	Loss: 1.485372
Make prediction for 657 samples...
Make prediction for 93 samples...
Make prediction for 92 samples...
Make prediction for 92 samples...
Epoch: 010, Train Loss: 1.4867, Metric: r2, Train: 0.1861, Val: 0.3847, best Val: 0.3847, Test: 0.1041
Training on 657 samples...
Train epoch: 12 [0/657 (0%)]	Loss: 1.377955
Make prediction for 657 samples...
Make prediction for 93 samples...
Make prediction for 92 samples...
EarlyStopping counter: 1 out of 30
Epoch: 011, Train Loss: 1.4377, Metric: r2, Train: 0.2173, Val: 0.3536, best Val: 0.3847, Test: 0.0859
Training on 657 samples...
Train epoch: 13 [0/657 (0%)]	Loss: 1.420352
Make prediction for 657 samples...
Make prediction for 93 samples...
Make prediction for 92 samples...
EarlyStopping counter: 2 out of 30
Epoch: 012, Train Loss: 1.3958, Metric: r2, Train: 0.2525, Val: 0.3337, best Val: 0.3847, Test: 0.1404
Training on 657 samples...
Train epoch: 14 [0/657 (0%)]	Loss: 1.283161
Make prediction for 657 samples...
Make prediction for 93 samples...
Make prediction for 92 samples...
EarlyStopping counter: 3 out of 30
Epoch: 013, Train Loss: 1.3504, Metric: r2, Train: 0.2271, Val: 0.3756, best Val: 0.3847, Test: 0.3037
Training on 657 samples...
Train epoch: 15 [0/657 (0%)]	Loss: 1.356853
Make prediction for 657 samples...
Make prediction for 93 samples...
Make prediction for 92 samples...
EarlyStopping counter: 4 out of 30
Epoch: 014, Train Loss: 1.3578, Metric: r2, Train: 0.3069, Val: 0.2597, best Val: 0.3847, Test: 0.2347
Training on 657 samples...
Train epoch: 16 [0/657 (0%)]	Loss: 1.303924
Make prediction for 657 samples...
Make prediction for 93 samples...
Make prediction for 92 samples...
EarlyStopping counter: 5 out of 30
Epoch: 015, Train Loss: 1.3365, Metric: r2, Train: 0.3688, Val: 0.3487, best Val: 0.3847, Test: 0.3695
Training on 657 samples...
Train epoch: 17 [0/657 (0%)]	Loss: 1.251990
Make prediction for 657 samples...
Make prediction for 93 samples...
Make prediction for 92 samples...
EarlyStopping counter: 6 out of 30
Epoch: 016, Train Loss: 1.3027, Metric: r2, Train: 0.3817, Val: 0.3598, best Val: 0.3847, Test: 0.3948
Training on 657 samples...
Train epoch: 18 [0/657 (0%)]	Loss: 1.186970
Make prediction for 657 samples...
Make prediction for 93 samples...
Make prediction for 92 samples...
EarlyStopping counter: 7 out of 30
Epoch: 017, Train Loss: 1.2582, Metric: r2, Train: 0.4060, Val: 0.3310, best Val: 0.3847, Test: 0.3868
Training on 657 samples...
Train epoch: 19 [0/657 (0%)]	Loss: 1.211699
Make prediction for 657 samples...
Make prediction for 93 samples...
Make prediction for 92 samples...
EarlyStopping counter: 8 out of 30
Epoch: 018, Train Loss: 1.2079, Metric: r2, Train: 0.4270, Val: 0.3728, best Val: 0.3847, Test: 0.4442
Training on 657 samples...
Train epoch: 20 [0/657 (0%)]	Loss: 1.207034
Make prediction for 657 samples...
Make prediction for 93 samples...
Make prediction for 92 samples...
EarlyStopping counter: 9 out of 30
Epoch: 019, Train Loss: 1.1982, Metric: r2, Train: 0.4466, Val: 0.2908, best Val: 0.3847, Test: 0.4166
Training on 657 samples...
Train epoch: 21 [0/657 (0%)]	Loss: 1.218419
Make prediction for 657 samples...
Make prediction for 93 samples...
Make prediction for 92 samples...
Make prediction for 92 samples...
Epoch: 020, Train Loss: 1.1797, Metric: r2, Train: 0.3828, Val: 0.4429, best Val: 0.4429, Test: 0.4688
Training on 657 samples...
Train epoch: 22 [0/657 (0%)]	Loss: 1.197523
Make prediction for 657 samples...
Make prediction for 93 samples...
Make prediction for 92 samples...
EarlyStopping counter: 1 out of 30
Epoch: 021, Train Loss: 1.1863, Metric: r2, Train: 0.4817, Val: 0.2656, best Val: 0.4429, Test: 0.4087
Training on 657 samples...
Train epoch: 23 [0/657 (0%)]	Loss: 1.124651
Make prediction for 657 samples...
Make prediction for 93 samples...
Make prediction for 92 samples...
EarlyStopping counter: 2 out of 30
Epoch: 022, Train Loss: 1.2208, Metric: r2, Train: 0.4643, Val: 0.2133, best Val: 0.4429, Test: 0.3378
Training on 657 samples...
Train epoch: 24 [0/657 (0%)]	Loss: 1.096115
Make prediction for 657 samples...
Make prediction for 93 samples...
Make prediction for 92 samples...
Make prediction for 92 samples...
Epoch: 023, Train Loss: 1.1744, Metric: r2, Train: 0.4713, Val: 0.4454, best Val: 0.4454, Test: 0.4434
Training on 657 samples...
Train epoch: 25 [0/657 (0%)]	Loss: 1.242640
Make prediction for 657 samples...
Make prediction for 93 samples...
Make prediction for 92 samples...
EarlyStopping counter: 1 out of 30
Epoch: 024, Train Loss: 1.1428, Metric: r2, Train: 0.5255, Val: 0.3178, best Val: 0.4454, Test: 0.4039
Training on 657 samples...
Train epoch: 26 [0/657 (0%)]	Loss: 1.093144
Make prediction for 657 samples...
Make prediction for 93 samples...
Make prediction for 92 samples...
Make prediction for 92 samples...
Epoch: 025, Train Loss: 1.0867, Metric: r2, Train: 0.5263, Val: 0.4579, best Val: 0.4579, Test: 0.4877
Training on 657 samples...
Train epoch: 27 [0/657 (0%)]	Loss: 1.190665
Make prediction for 657 samples...
Make prediction for 93 samples...
Make prediction for 92 samples...
Make prediction for 92 samples...
Epoch: 026, Train Loss: 1.1128, Metric: r2, Train: 0.5497, Val: 0.4613, best Val: 0.4613, Test: 0.5080
Training on 657 samples...
Train epoch: 28 [0/657 (0%)]	Loss: 1.116800
Make prediction for 657 samples...
Make prediction for 93 samples...
Make prediction for 92 samples...
EarlyStopping counter: 1 out of 30
Epoch: 027, Train Loss: 1.1005, Metric: r2, Train: 0.5283, Val: 0.2204, best Val: 0.4613, Test: 0.3526
Training on 657 samples...
Train epoch: 29 [0/657 (0%)]	Loss: 1.106478
Make prediction for 657 samples...
Make prediction for 93 samples...
Make prediction for 92 samples...
Make prediction for 92 samples...
Epoch: 028, Train Loss: 1.0680, Metric: r2, Train: 0.5385, Val: 0.4839, best Val: 0.4839, Test: 0.4952
Training on 657 samples...
Train epoch: 30 [0/657 (0%)]	Loss: 1.086175
Make prediction for 657 samples...
Make prediction for 93 samples...
Make prediction for 92 samples...
EarlyStopping counter: 1 out of 30
Epoch: 029, Train Loss: 1.0729, Metric: r2, Train: 0.5982, Val: 0.3330, best Val: 0.4839, Test: 0.4144
Training on 657 samples...
Train epoch: 31 [0/657 (0%)]	Loss: 1.052750
Make prediction for 657 samples...
Make prediction for 93 samples...
Make prediction for 92 samples...
EarlyStopping counter: 2 out of 30
Epoch: 030, Train Loss: 1.0313, Metric: r2, Train: 0.6215, Val: 0.4305, best Val: 0.4839, Test: 0.4709
Training on 657 samples...
Train epoch: 32 [0/657 (0%)]	Loss: 0.998881
Make prediction for 657 samples...
Make prediction for 93 samples...
Make prediction for 92 samples...
Make prediction for 92 samples...
Epoch: 031, Train Loss: 1.0341, Metric: r2, Train: 0.5660, Val: 0.4968, best Val: 0.4968, Test: 0.4688
Training on 657 samples...
Train epoch: 33 [0/657 (0%)]	Loss: 1.078054
Make prediction for 657 samples...
Make prediction for 93 samples...
Make prediction for 92 samples...
EarlyStopping counter: 1 out of 30
Epoch: 032, Train Loss: 1.0452, Metric: r2, Train: 0.6372, Val: 0.3899, best Val: 0.4968, Test: 0.4192
Training on 657 samples...
Train epoch: 34 [0/657 (0%)]	Loss: 0.955237
Make prediction for 657 samples...
Make prediction for 93 samples...
Make prediction for 92 samples...
EarlyStopping counter: 2 out of 30
Epoch: 033, Train Loss: 0.9901, Metric: r2, Train: 0.6517, Val: 0.4320, best Val: 0.4968, Test: 0.4434
Training on 657 samples...
Train epoch: 35 [0/657 (0%)]	Loss: 1.005669
Make prediction for 657 samples...
Make prediction for 93 samples...
Make prediction for 92 samples...
EarlyStopping counter: 3 out of 30
Epoch: 034, Train Loss: 0.9738, Metric: r2, Train: 0.6387, Val: 0.4936, best Val: 0.4968, Test: 0.4775
Training on 657 samples...
Train epoch: 36 [0/657 (0%)]	Loss: 1.061417
Make prediction for 657 samples...
Make prediction for 93 samples...
Make prediction for 92 samples...
EarlyStopping counter: 4 out of 30
Epoch: 035, Train Loss: 0.9802, Metric: r2, Train: 0.6738, Val: 0.4466, best Val: 0.4968, Test: 0.4291
Training on 657 samples...
Train epoch: 37 [0/657 (0%)]	Loss: 0.997534
Make prediction for 657 samples...
Make prediction for 93 samples...
Make prediction for 92 samples...
EarlyStopping counter: 5 out of 30
Epoch: 036, Train Loss: 0.9670, Metric: r2, Train: 0.6604, Val: 0.3593, best Val: 0.4968, Test: 0.3250
Training on 657 samples...
Train epoch: 38 [0/657 (0%)]	Loss: 0.976660
Make prediction for 657 samples...
Make prediction for 93 samples...
Make prediction for 92 samples...
EarlyStopping counter: 6 out of 30
Epoch: 037, Train Loss: 0.9674, Metric: r2, Train: 0.6838, Val: 0.4172, best Val: 0.4968, Test: 0.3785
Training on 657 samples...
Train epoch: 39 [0/657 (0%)]	Loss: 0.993446
Make prediction for 657 samples...
Make prediction for 93 samples...
Make prediction for 92 samples...
EarlyStopping counter: 7 out of 30
Epoch: 038, Train Loss: 0.9469, Metric: r2, Train: 0.6650, Val: 0.4838, best Val: 0.4968, Test: 0.4407
Training on 657 samples...
Train epoch: 40 [0/657 (0%)]	Loss: 0.933508
Make prediction for 657 samples...
Make prediction for 93 samples...
Make prediction for 92 samples...
EarlyStopping counter: 8 out of 30
Epoch: 039, Train Loss: 0.9440, Metric: r2, Train: 0.6681, Val: 0.3535, best Val: 0.4968, Test: 0.3270
Training on 657 samples...
Train epoch: 41 [0/657 (0%)]	Loss: 0.969249
Make prediction for 657 samples...
Make prediction for 93 samples...
Make prediction for 92 samples...
EarlyStopping counter: 9 out of 30
Epoch: 040, Train Loss: 0.9265, Metric: r2, Train: 0.7106, Val: 0.4810, best Val: 0.4968, Test: 0.4367
Training on 657 samples...
Train epoch: 42 [0/657 (0%)]	Loss: 0.900884
Make prediction for 657 samples...
Make prediction for 93 samples...
Make prediction for 92 samples...
EarlyStopping counter: 10 out of 30
Epoch: 041, Train Loss: 0.9283, Metric: r2, Train: 0.6710, Val: 0.3607, best Val: 0.4968, Test: 0.2958
Training on 657 samples...
Train epoch: 43 [0/657 (0%)]	Loss: 0.991295
Make prediction for 657 samples...
Make prediction for 93 samples...
Make prediction for 92 samples...
Make prediction for 92 samples...
Epoch: 042, Train Loss: 0.9316, Metric: r2, Train: 0.7224, Val: 0.4996, best Val: 0.4996, Test: 0.4311
Training on 657 samples...
Train epoch: 44 [0/657 (0%)]	Loss: 0.917236
Make prediction for 657 samples...
Make prediction for 93 samples...
Make prediction for 92 samples...
Make prediction for 92 samples...
Epoch: 043, Train Loss: 0.9067, Metric: r2, Train: 0.7233, Val: 0.5056, best Val: 0.5056, Test: 0.4352
Training on 657 samples...
Train epoch: 45 [0/657 (0%)]	Loss: 0.913977
Make prediction for 657 samples...
Make prediction for 93 samples...
Make prediction for 92 samples...
EarlyStopping counter: 1 out of 30
Epoch: 044, Train Loss: 0.9002, Metric: r2, Train: 0.7262, Val: 0.4334, best Val: 0.5056, Test: 0.3807
Training on 657 samples...
Train epoch: 46 [0/657 (0%)]	Loss: 0.901745
Make prediction for 657 samples...
Make prediction for 93 samples...
Make prediction for 92 samples...
Make prediction for 92 samples...
Epoch: 045, Train Loss: 0.8934, Metric: r2, Train: 0.7446, Val: 0.5209, best Val: 0.5209, Test: 0.4619
Training on 657 samples...
Train epoch: 47 [0/657 (0%)]	Loss: 0.884369
Make prediction for 657 samples...
Make prediction for 93 samples...
Make prediction for 92 samples...
EarlyStopping counter: 1 out of 30
Epoch: 046, Train Loss: 0.8756, Metric: r2, Train: 0.7497, Val: 0.5065, best Val: 0.5209, Test: 0.4298
Training on 657 samples...
Train epoch: 48 [0/657 (0%)]	Loss: 0.886727
Make prediction for 657 samples...
Make prediction for 93 samples...
Make prediction for 92 samples...
Make prediction for 92 samples...
Epoch: 047, Train Loss: 0.8878, Metric: r2, Train: 0.7383, Val: 0.5689, best Val: 0.5689, Test: 0.4931
Training on 657 samples...
Train epoch: 49 [0/657 (0%)]	Loss: 0.895823
Make prediction for 657 samples...
Make prediction for 93 samples...
Make prediction for 92 samples...
EarlyStopping counter: 1 out of 30
Epoch: 048, Train Loss: 0.8974, Metric: r2, Train: 0.7609, Val: 0.5600, best Val: 0.5689, Test: 0.4643
Training on 657 samples...
Train epoch: 50 [0/657 (0%)]	Loss: 0.864785
Make prediction for 657 samples...
Make prediction for 93 samples...
Make prediction for 92 samples...
Make prediction for 92 samples...
Epoch: 049, Train Loss: 0.8834, Metric: r2, Train: 0.7606, Val: 0.5692, best Val: 0.5692, Test: 0.4789
Training on 657 samples...
Train epoch: 51 [0/657 (0%)]	Loss: 0.865615
Make prediction for 657 samples...
Make prediction for 93 samples...
Make prediction for 92 samples...
Make prediction for 92 samples...
Epoch: 050, Train Loss: 0.8583, Metric: r2, Train: 0.7643, Val: 0.5840, best Val: 0.5840, Test: 0.5264
Training on 657 samples...
Train epoch: 52 [0/657 (0%)]	Loss: 0.873533
Make prediction for 657 samples...
Make prediction for 93 samples...
Make prediction for 92 samples...
Make prediction for 92 samples...
Epoch: 051, Train Loss: 0.8834, Metric: r2, Train: 0.7610, Val: 0.5909, best Val: 0.5909, Test: 0.5497
Training on 657 samples...
Train epoch: 53 [0/657 (0%)]	Loss: 0.876556
Make prediction for 657 samples...
Make prediction for 93 samples...
Make prediction for 92 samples...
EarlyStopping counter: 1 out of 30
Epoch: 052, Train Loss: 0.8569, Metric: r2, Train: 0.7811, Val: 0.5446, best Val: 0.5909, Test: 0.4554
Training on 657 samples...
Train epoch: 54 [0/657 (0%)]	Loss: 0.845057
Make prediction for 657 samples...
Make prediction for 93 samples...
Make prediction for 92 samples...
EarlyStopping counter: 2 out of 30
Epoch: 053, Train Loss: 0.8407, Metric: r2, Train: 0.7868, Val: 0.5554, best Val: 0.5909, Test: 0.4286
Training on 657 samples...
Train epoch: 55 [0/657 (0%)]	Loss: 0.846595
Make prediction for 657 samples...
Make prediction for 93 samples...
Make prediction for 92 samples...
Make prediction for 92 samples...
Epoch: 054, Train Loss: 0.8794, Metric: r2, Train: 0.7853, Val: 0.6136, best Val: 0.6136, Test: 0.4778
Training on 657 samples...
Train epoch: 56 [0/657 (0%)]	Loss: 0.866151
Make prediction for 657 samples...
Make prediction for 93 samples...
Make prediction for 92 samples...
Make prediction for 92 samples...
Epoch: 055, Train Loss: 0.8920, Metric: r2, Train: 0.7620, Val: 0.6438, best Val: 0.6438, Test: 0.4969
Training on 657 samples...
Train epoch: 57 [0/657 (0%)]	Loss: 0.915364
Make prediction for 657 samples...
Make prediction for 93 samples...
Make prediction for 92 samples...
EarlyStopping counter: 1 out of 30
Epoch: 056, Train Loss: 0.8972, Metric: r2, Train: 0.6573, Val: 0.6098, best Val: 0.6438, Test: 0.4846
Training on 657 samples...
Train epoch: 58 [0/657 (0%)]	Loss: 0.959154
Make prediction for 657 samples...
Make prediction for 93 samples...
Make prediction for 92 samples...
EarlyStopping counter: 2 out of 30
Epoch: 057, Train Loss: 0.9125, Metric: r2, Train: 0.7787, Val: 0.6306, best Val: 0.6438, Test: 0.5111
Training on 657 samples...
Train epoch: 59 [0/657 (0%)]	Loss: 0.864184
Make prediction for 657 samples...
Make prediction for 93 samples...
Make prediction for 92 samples...
EarlyStopping counter: 3 out of 30
Epoch: 058, Train Loss: 0.8694, Metric: r2, Train: 0.7357, Val: 0.4846, best Val: 0.6438, Test: 0.3251
Training on 657 samples...
Train epoch: 60 [0/657 (0%)]	Loss: 0.905000
Make prediction for 657 samples...
Make prediction for 93 samples...
Make prediction for 92 samples...
EarlyStopping counter: 4 out of 30
Epoch: 059, Train Loss: 0.8660, Metric: r2, Train: 0.7961, Val: 0.6257, best Val: 0.6438, Test: 0.5309
Training on 657 samples...
Train epoch: 61 [0/657 (0%)]	Loss: 0.840963
Make prediction for 657 samples...
Make prediction for 93 samples...
Make prediction for 92 samples...
EarlyStopping counter: 5 out of 30
Epoch: 060, Train Loss: 0.8504, Metric: r2, Train: 0.7741, Val: 0.6349, best Val: 0.6438, Test: 0.5272
Training on 657 samples...
Train epoch: 62 [0/657 (0%)]	Loss: 0.860311
Make prediction for 657 samples...
Make prediction for 93 samples...
Make prediction for 92 samples...
EarlyStopping counter: 6 out of 30
Epoch: 061, Train Loss: 0.8418, Metric: r2, Train: 0.8099, Val: 0.6165, best Val: 0.6438, Test: 0.4836
Training on 657 samples...
Train epoch: 63 [0/657 (0%)]	Loss: 0.870828
Make prediction for 657 samples...
Make prediction for 93 samples...
Make prediction for 92 samples...
EarlyStopping counter: 7 out of 30
Epoch: 062, Train Loss: 0.8309, Metric: r2, Train: 0.8023, Val: 0.5671, best Val: 0.6438, Test: 0.3785
Training on 657 samples...
Train epoch: 64 [0/657 (0%)]	Loss: 0.812503
Make prediction for 657 samples...
Make prediction for 93 samples...
Make prediction for 92 samples...
EarlyStopping counter: 8 out of 30
Epoch: 063, Train Loss: 0.8125, Metric: r2, Train: 0.8153, Val: 0.5994, best Val: 0.6438, Test: 0.4200
Training on 657 samples...
Train epoch: 65 [0/657 (0%)]	Loss: 0.844207
Make prediction for 657 samples...
Make prediction for 93 samples...
Make prediction for 92 samples...
EarlyStopping counter: 9 out of 30
Epoch: 064, Train Loss: 0.8126, Metric: r2, Train: 0.8243, Val: 0.6249, best Val: 0.6438, Test: 0.4524
Training on 657 samples...
Train epoch: 66 [0/657 (0%)]	Loss: 0.824842
Make prediction for 657 samples...
Make prediction for 93 samples...
Make prediction for 92 samples...
EarlyStopping counter: 10 out of 30
Epoch: 065, Train Loss: 0.8009, Metric: r2, Train: 0.8219, Val: 0.5938, best Val: 0.6438, Test: 0.4012
Training on 657 samples...
Train epoch: 67 [0/657 (0%)]	Loss: 0.801255
Make prediction for 657 samples...
Make prediction for 93 samples...
Make prediction for 92 samples...
EarlyStopping counter: 11 out of 30
Epoch: 066, Train Loss: 0.8030, Metric: r2, Train: 0.8300, Val: 0.6167, best Val: 0.6438, Test: 0.4285
Training on 657 samples...
Train epoch: 68 [0/657 (0%)]	Loss: 0.823934
Make prediction for 657 samples...
Make prediction for 93 samples...
Make prediction for 92 samples...
Make prediction for 92 samples...
Epoch: 067, Train Loss: 0.8302, Metric: r2, Train: 0.7722, Val: 0.6616, best Val: 0.6616, Test: 0.5202
Training on 657 samples...
Train epoch: 69 [0/657 (0%)]	Loss: 0.871941
Make prediction for 657 samples...
Make prediction for 93 samples...
Make prediction for 92 samples...
EarlyStopping counter: 1 out of 30
Epoch: 068, Train Loss: 0.8861, Metric: r2, Train: 0.6181, Val: 0.6070, best Val: 0.6616, Test: 0.4817
Training on 657 samples...
Train epoch: 70 [0/657 (0%)]	Loss: 1.018933
Make prediction for 657 samples...
Make prediction for 93 samples...
Make prediction for 92 samples...
Make prediction for 92 samples...
Epoch: 069, Train Loss: 0.9326, Metric: r2, Train: 0.8142, Val: 0.6738, best Val: 0.6738, Test: 0.4757
Training on 657 samples...
Train epoch: 71 [0/657 (0%)]	Loss: 0.836440
Make prediction for 657 samples...
Make prediction for 93 samples...
Make prediction for 92 samples...
EarlyStopping counter: 1 out of 30
Epoch: 070, Train Loss: 0.8566, Metric: r2, Train: 0.8074, Val: 0.6551, best Val: 0.6738, Test: 0.4529
Training on 657 samples...
Train epoch: 72 [0/657 (0%)]	Loss: 0.848096
Make prediction for 657 samples...
Make prediction for 93 samples...
Make prediction for 92 samples...
EarlyStopping counter: 2 out of 30
Epoch: 071, Train Loss: 0.8329, Metric: r2, Train: 0.8054, Val: 0.6706, best Val: 0.6738, Test: 0.5915
Training on 657 samples...
Train epoch: 73 [0/657 (0%)]	Loss: 0.805523
Make prediction for 657 samples...
Make prediction for 93 samples...
Make prediction for 92 samples...
EarlyStopping counter: 3 out of 30
Epoch: 072, Train Loss: 0.8063, Metric: r2, Train: 0.8375, Val: 0.6339, best Val: 0.6738, Test: 0.5080
Training on 657 samples...
Train epoch: 74 [0/657 (0%)]	Loss: 0.813477
Make prediction for 657 samples...
Make prediction for 93 samples...
Make prediction for 92 samples...
EarlyStopping counter: 4 out of 30
Epoch: 073, Train Loss: 0.8062, Metric: r2, Train: 0.7302, Val: 0.4485, best Val: 0.6738, Test: 0.1273
Training on 657 samples...
Train epoch: 75 [0/657 (0%)]	Loss: 0.921161
Make prediction for 657 samples...
Make prediction for 93 samples...
Make prediction for 92 samples...
EarlyStopping counter: 5 out of 30
Epoch: 074, Train Loss: 0.8645, Metric: r2, Train: 0.8313, Val: 0.6466, best Val: 0.6738, Test: 0.4079
Training on 657 samples...
Train epoch: 76 [0/657 (0%)]	Loss: 0.799375
Make prediction for 657 samples...
Make prediction for 93 samples...
Make prediction for 92 samples...
Make prediction for 92 samples...
Epoch: 075, Train Loss: 0.8144, Metric: r2, Train: 0.7881, Val: 0.6896, best Val: 0.6896, Test: 0.5505
Training on 657 samples...
Train epoch: 77 [0/657 (0%)]	Loss: 0.850641
Make prediction for 657 samples...
Make prediction for 93 samples...
Make prediction for 92 samples...
EarlyStopping counter: 1 out of 30
Epoch: 076, Train Loss: 0.8160, Metric: r2, Train: 0.8339, Val: 0.6381, best Val: 0.6896, Test: 0.4115
Training on 657 samples...
Train epoch: 78 [0/657 (0%)]	Loss: 0.817931
Make prediction for 657 samples...
Make prediction for 93 samples...
Make prediction for 92 samples...
EarlyStopping counter: 2 out of 30
Epoch: 077, Train Loss: 0.8130, Metric: r2, Train: 0.7797, Val: 0.5653, best Val: 0.6896, Test: 0.2404
Training on 657 samples...
Train epoch: 79 [0/657 (0%)]	Loss: 0.866469
Make prediction for 657 samples...
Make prediction for 93 samples...
Make prediction for 92 samples...
EarlyStopping counter: 3 out of 30
Epoch: 078, Train Loss: 0.8131, Metric: r2, Train: 0.8197, Val: 0.6881, best Val: 0.6896, Test: 0.5049
Training on 657 samples...
Train epoch: 80 [0/657 (0%)]	Loss: 0.817496
Make prediction for 657 samples...
Make prediction for 93 samples...
Make prediction for 92 samples...
EarlyStopping counter: 4 out of 30
Epoch: 079, Train Loss: 0.7891, Metric: r2, Train: 0.8487, Val: 0.6567, best Val: 0.6896, Test: 0.4089
Training on 657 samples...
Train epoch: 81 [0/657 (0%)]	Loss: 0.770017
Make prediction for 657 samples...
Make prediction for 93 samples...
Make prediction for 92 samples...
EarlyStopping counter: 5 out of 30
Epoch: 080, Train Loss: 0.7743, Metric: r2, Train: 0.8377, Val: 0.6066, best Val: 0.6896, Test: 0.3206
Training on 657 samples...
Train epoch: 82 [0/657 (0%)]	Loss: 0.784150
Make prediction for 657 samples...
Make prediction for 93 samples...
Make prediction for 92 samples...
EarlyStopping counter: 6 out of 30
Epoch: 081, Train Loss: 0.7862, Metric: r2, Train: 0.8577, Val: 0.6495, best Val: 0.6896, Test: 0.4132
Training on 657 samples...
Train epoch: 83 [0/657 (0%)]	Loss: 0.787122
Make prediction for 657 samples...
Make prediction for 93 samples...
Make prediction for 92 samples...
Make prediction for 92 samples...
Epoch: 082, Train Loss: 0.7773, Metric: r2, Train: 0.8470, Val: 0.6954, best Val: 0.6954, Test: 0.5003
Training on 657 samples...
Train epoch: 84 [0/657 (0%)]	Loss: 0.784883
Make prediction for 657 samples...
Make prediction for 93 samples...
Make prediction for 92 samples...
EarlyStopping counter: 1 out of 30
Epoch: 083, Train Loss: 0.7755, Metric: r2, Train: 0.8330, Val: 0.6951, best Val: 0.6954, Test: 0.5045
Training on 657 samples...
Train epoch: 85 [0/657 (0%)]	Loss: 0.791979
Make prediction for 657 samples...
Make prediction for 93 samples...
Make prediction for 92 samples...
EarlyStopping counter: 2 out of 30
Epoch: 084, Train Loss: 0.7829, Metric: r2, Train: 0.8259, Val: 0.6084, best Val: 0.6954, Test: 0.2565
Training on 657 samples...
Train epoch: 86 [0/657 (0%)]	Loss: 0.828414
Make prediction for 657 samples...
Make prediction for 93 samples...
Make prediction for 92 samples...
EarlyStopping counter: 3 out of 30
Epoch: 085, Train Loss: 0.7944, Metric: r2, Train: 0.8379, Val: 0.6165, best Val: 0.6954, Test: 0.2707
Training on 657 samples...
Train epoch: 87 [0/657 (0%)]	Loss: 0.792930
Make prediction for 657 samples...
Make prediction for 93 samples...
Make prediction for 92 samples...
EarlyStopping counter: 4 out of 30
Epoch: 086, Train Loss: 0.7675, Metric: r2, Train: 0.8551, Val: 0.6938, best Val: 0.6954, Test: 0.4992
Training on 657 samples...
Train epoch: 88 [0/657 (0%)]	Loss: 0.782489
Make prediction for 657 samples...
Make prediction for 93 samples...
Make prediction for 92 samples...
EarlyStopping counter: 5 out of 30
Epoch: 087, Train Loss: 0.7682, Metric: r2, Train: 0.8316, Val: 0.6933, best Val: 0.6954, Test: 0.5047
Training on 657 samples...
Train epoch: 89 [0/657 (0%)]	Loss: 0.798873
Make prediction for 657 samples...
Make prediction for 93 samples...
Make prediction for 92 samples...
EarlyStopping counter: 6 out of 30
Epoch: 088, Train Loss: 0.7846, Metric: r2, Train: 0.8649, Val: 0.6569, best Val: 0.6954, Test: 0.3617
Training on 657 samples...
Train epoch: 90 [0/657 (0%)]	Loss: 0.772992
Make prediction for 657 samples...
Make prediction for 93 samples...
Make prediction for 92 samples...
EarlyStopping counter: 7 out of 30
Epoch: 089, Train Loss: 0.7614, Metric: r2, Train: 0.8298, Val: 0.5968, best Val: 0.6954, Test: 0.2410
Training on 657 samples...
Train epoch: 91 [0/657 (0%)]	Loss: 0.801456
Make prediction for 657 samples...
Make prediction for 93 samples...
Make prediction for 92 samples...
EarlyStopping counter: 8 out of 30
Epoch: 090, Train Loss: 0.7753, Metric: r2, Train: 0.8726, Val: 0.6892, best Val: 0.6954, Test: 0.4777
Training on 657 samples...
Train epoch: 92 [0/657 (0%)]	Loss: 0.770943
Make prediction for 657 samples...
Make prediction for 93 samples...
Make prediction for 92 samples...
EarlyStopping counter: 9 out of 30
Epoch: 091, Train Loss: 0.7726, Metric: r2, Train: 0.8491, Val: 0.6846, best Val: 0.6954, Test: 0.5369
Training on 657 samples...
Train epoch: 93 [0/657 (0%)]	Loss: 0.759840
Make prediction for 657 samples...
Make prediction for 93 samples...
Make prediction for 92 samples...
EarlyStopping counter: 10 out of 30
Epoch: 092, Train Loss: 0.7670, Metric: r2, Train: 0.8801, Val: 0.6664, best Val: 0.6954, Test: 0.4741
Training on 657 samples...
Train epoch: 94 [0/657 (0%)]	Loss: 0.773548
Make prediction for 657 samples...
Make prediction for 93 samples...
Make prediction for 92 samples...
EarlyStopping counter: 11 out of 30
Epoch: 093, Train Loss: 0.7573, Metric: r2, Train: 0.8653, Val: 0.6154, best Val: 0.6954, Test: 0.3083
Training on 657 samples...
Train epoch: 95 [0/657 (0%)]	Loss: 0.751616
Make prediction for 657 samples...
Make prediction for 93 samples...
Make prediction for 92 samples...
EarlyStopping counter: 12 out of 30
Epoch: 094, Train Loss: 0.7510, Metric: r2, Train: 0.8801, Val: 0.6418, best Val: 0.6954, Test: 0.3982
Training on 657 samples...
Train epoch: 96 [0/657 (0%)]	Loss: 0.754768
Make prediction for 657 samples...
Make prediction for 93 samples...
Make prediction for 92 samples...
EarlyStopping counter: 13 out of 30
Epoch: 095, Train Loss: 0.7428, Metric: r2, Train: 0.8827, Val: 0.6453, best Val: 0.6954, Test: 0.4198
Training on 657 samples...
Train epoch: 97 [0/657 (0%)]	Loss: 0.747670
Make prediction for 657 samples...
Make prediction for 93 samples...
Make prediction for 92 samples...
EarlyStopping counter: 14 out of 30
Epoch: 096, Train Loss: 0.7408, Metric: r2, Train: 0.8860, Val: 0.6667, best Val: 0.6954, Test: 0.4967
Training on 657 samples...
Train epoch: 98 [0/657 (0%)]	Loss: 0.740793
Make prediction for 657 samples...
Make prediction for 93 samples...
Make prediction for 92 samples...
EarlyStopping counter: 15 out of 30
Epoch: 097, Train Loss: 0.7347, Metric: r2, Train: 0.8873, Val: 0.6392, best Val: 0.6954, Test: 0.4130
Training on 657 samples...
Train epoch: 99 [0/657 (0%)]	Loss: 0.757766
Make prediction for 657 samples...
Make prediction for 93 samples...
Make prediction for 92 samples...
EarlyStopping counter: 16 out of 30
Epoch: 098, Train Loss: 0.7378, Metric: r2, Train: 0.8923, Val: 0.6368, best Val: 0.6954, Test: 0.4358
Training on 657 samples...
Train epoch: 100 [0/657 (0%)]	Loss: 0.750199
Make prediction for 657 samples...
Make prediction for 93 samples...
Make prediction for 92 samples...
EarlyStopping counter: 17 out of 30
Epoch: 099, Train Loss: 0.7320, Metric: r2, Train: 0.8928, Val: 0.6419, best Val: 0.6954, Test: 0.4508
Training on 657 samples...
Train epoch: 101 [0/657 (0%)]	Loss: 0.751954
Make prediction for 657 samples...
Make prediction for 93 samples...
Make prediction for 92 samples...
EarlyStopping counter: 18 out of 30
Epoch: 100, Train Loss: 0.7294, Metric: r2, Train: 0.8936, Val: 0.6194, best Val: 0.6954, Test: 0.3915
Training on 657 samples...
Train epoch: 102 [0/657 (0%)]	Loss: 0.731538
Make prediction for 657 samples...
Make prediction for 93 samples...
Make prediction for 92 samples...
EarlyStopping counter: 19 out of 30
Epoch: 101, Train Loss: 0.7293, Metric: r2, Train: 0.8955, Val: 0.6115, best Val: 0.6954, Test: 0.3982
Training on 657 samples...
Train epoch: 103 [0/657 (0%)]	Loss: 0.747783
Make prediction for 657 samples...
Make prediction for 93 samples...
Make prediction for 92 samples...
EarlyStopping counter: 20 out of 30
Epoch: 102, Train Loss: 0.7284, Metric: r2, Train: 0.8801, Val: 0.5681, best Val: 0.6954, Test: 0.3119
Training on 657 samples...
Train epoch: 104 [0/657 (0%)]	Loss: 0.760284
Make prediction for 657 samples...
Make prediction for 93 samples...
Make prediction for 92 samples...
EarlyStopping counter: 21 out of 30
Epoch: 103, Train Loss: 0.7350, Metric: r2, Train: 0.8558, Val: 0.5546, best Val: 0.6954, Test: 0.2213
Training on 657 samples...
Train epoch: 105 [0/657 (0%)]	Loss: 0.792786
Make prediction for 657 samples...
Make prediction for 93 samples...
Make prediction for 92 samples...
EarlyStopping counter: 22 out of 30
Epoch: 104, Train Loss: 0.7500, Metric: r2, Train: 0.8671, Val: 0.5968, best Val: 0.6954, Test: 0.2484
Training on 657 samples...
Train epoch: 106 [0/657 (0%)]	Loss: 0.765483
Make prediction for 657 samples...
Make prediction for 93 samples...
Make prediction for 92 samples...
EarlyStopping counter: 23 out of 30
Epoch: 105, Train Loss: 0.7451, Metric: r2, Train: 0.8989, Val: 0.6617, best Val: 0.6954, Test: 0.3969
Training on 657 samples...
Train epoch: 107 [0/657 (0%)]	Loss: 0.738546
Make prediction for 657 samples...
Make prediction for 93 samples...
Make prediction for 92 samples...
EarlyStopping counter: 24 out of 30
Epoch: 106, Train Loss: 0.7258, Metric: r2, Train: 0.9016, Val: 0.6641, best Val: 0.6954, Test: 0.4189
Training on 657 samples...
Train epoch: 108 [0/657 (0%)]	Loss: 0.741124
Make prediction for 657 samples...
Make prediction for 93 samples...
Make prediction for 92 samples...
EarlyStopping counter: 25 out of 30
Epoch: 107, Train Loss: 0.7305, Metric: r2, Train: 0.9058, Val: 0.6666, best Val: 0.6954, Test: 0.4222
Training on 657 samples...
Train epoch: 109 [0/657 (0%)]	Loss: 0.724280
Make prediction for 657 samples...
Make prediction for 93 samples...
Make prediction for 92 samples...
EarlyStopping counter: 26 out of 30
Epoch: 108, Train Loss: 0.7400, Metric: r2, Train: 0.9022, Val: 0.6868, best Val: 0.6954, Test: 0.4733
Training on 657 samples...
Train epoch: 110 [0/657 (0%)]	Loss: 0.744235
Make prediction for 657 samples...
Make prediction for 93 samples...
Make prediction for 92 samples...
Make prediction for 92 samples...
Epoch: 109, Train Loss: 0.7255, Metric: r2, Train: 0.8838, Val: 0.7011, best Val: 0.7011, Test: 0.5143
Training on 657 samples...
Train epoch: 111 [0/657 (0%)]	Loss: 0.743011
Make prediction for 657 samples...
Make prediction for 93 samples...
Make prediction for 92 samples...
EarlyStopping counter: 1 out of 30
Epoch: 110, Train Loss: 0.7226, Metric: r2, Train: 0.9066, Val: 0.6555, best Val: 0.7011, Test: 0.3843
Training on 657 samples...
Train epoch: 112 [0/657 (0%)]	Loss: 0.714094
Make prediction for 657 samples...
Make prediction for 93 samples...
Make prediction for 92 samples...
EarlyStopping counter: 2 out of 30
Epoch: 111, Train Loss: 0.7168, Metric: r2, Train: 0.8804, Val: 0.5821, best Val: 0.7011, Test: 0.2444
Training on 657 samples...
Train epoch: 113 [0/657 (0%)]	Loss: 0.758211
Make prediction for 657 samples...
Make prediction for 93 samples...
Make prediction for 92 samples...
EarlyStopping counter: 3 out of 30
Epoch: 112, Train Loss: 0.7277, Metric: r2, Train: 0.8622, Val: 0.5549, best Val: 0.7011, Test: 0.1818
Training on 657 samples...
Train epoch: 114 [0/657 (0%)]	Loss: 0.783496
Make prediction for 657 samples...
Make prediction for 93 samples...
Make prediction for 92 samples...
EarlyStopping counter: 4 out of 30
Epoch: 113, Train Loss: 0.7366, Metric: r2, Train: 0.8953, Val: 0.6055, best Val: 0.7011, Test: 0.3174
Training on 657 samples...
Train epoch: 115 [0/657 (0%)]	Loss: 0.735461
Make prediction for 657 samples...
Make prediction for 93 samples...
Make prediction for 92 samples...
EarlyStopping counter: 5 out of 30
Epoch: 114, Train Loss: 0.7160, Metric: r2, Train: 0.9055, Val: 0.6205, best Val: 0.7011, Test: 0.3723
Training on 657 samples...
Train epoch: 116 [0/657 (0%)]	Loss: 0.730987
Make prediction for 657 samples...
Make prediction for 93 samples...
Make prediction for 92 samples...
EarlyStopping counter: 6 out of 30
Epoch: 115, Train Loss: 0.7228, Metric: r2, Train: 0.9142, Val: 0.6403, best Val: 0.7011, Test: 0.4191
Training on 657 samples...
Train epoch: 117 [0/657 (0%)]	Loss: 0.715294
Make prediction for 657 samples...
Make prediction for 93 samples...
Make prediction for 92 samples...
EarlyStopping counter: 7 out of 30
Epoch: 116, Train Loss: 0.7116, Metric: r2, Train: 0.9110, Val: 0.6531, best Val: 0.7011, Test: 0.4583
Training on 657 samples...
Train epoch: 118 [0/657 (0%)]	Loss: 0.731898
Make prediction for 657 samples...
Make prediction for 93 samples...
Make prediction for 92 samples...
EarlyStopping counter: 8 out of 30
Epoch: 117, Train Loss: 0.7207, Metric: r2, Train: 0.9175, Val: 0.6256, best Val: 0.7011, Test: 0.4139
Training on 657 samples...
Train epoch: 119 [0/657 (0%)]	Loss: 0.730631
Make prediction for 657 samples...
Make prediction for 93 samples...
Make prediction for 92 samples...
EarlyStopping counter: 9 out of 30
Epoch: 118, Train Loss: 0.7058, Metric: r2, Train: 0.9189, Val: 0.6224, best Val: 0.7011, Test: 0.4113
Training on 657 samples...
Train epoch: 120 [0/657 (0%)]	Loss: 0.706848
Make prediction for 657 samples...
Make prediction for 93 samples...
Make prediction for 92 samples...
EarlyStopping counter: 10 out of 30
Epoch: 119, Train Loss: 0.7042, Metric: r2, Train: 0.9206, Val: 0.6308, best Val: 0.7011, Test: 0.4158
Training on 657 samples...
Train epoch: 121 [0/657 (0%)]	Loss: 0.719391
Make prediction for 657 samples...
Make prediction for 93 samples...
Make prediction for 92 samples...
EarlyStopping counter: 11 out of 30
Epoch: 120, Train Loss: 0.7177, Metric: r2, Train: 0.9174, Val: 0.6338, best Val: 0.7011, Test: 0.4466
Training on 657 samples...
Train epoch: 122 [0/657 (0%)]	Loss: 0.713251
Make prediction for 657 samples...
Make prediction for 93 samples...
Make prediction for 92 samples...
EarlyStopping counter: 12 out of 30
Epoch: 121, Train Loss: 0.7199, Metric: r2, Train: 0.8569, Val: 0.6447, best Val: 0.7011, Test: 0.5416
Training on 657 samples...
Train epoch: 123 [0/657 (0%)]	Loss: 0.789592
Make prediction for 657 samples...
Make prediction for 93 samples...
Make prediction for 92 samples...
EarlyStopping counter: 13 out of 30
Epoch: 122, Train Loss: 0.8330, Metric: r2, Train: 0.8614, Val: 0.6499, best Val: 0.7011, Test: 0.5233
Training on 657 samples...
Train epoch: 124 [0/657 (0%)]	Loss: 0.763421
Make prediction for 657 samples...
Make prediction for 93 samples...
Make prediction for 92 samples...
EarlyStopping counter: 14 out of 30
Epoch: 123, Train Loss: 0.7788, Metric: r2, Train: 0.8190, Val: 0.6798, best Val: 0.7011, Test: 0.5665
Training on 657 samples...
Train epoch: 125 [0/657 (0%)]	Loss: 0.813109
Make prediction for 657 samples...
Make prediction for 93 samples...
Make prediction for 92 samples...
EarlyStopping counter: 15 out of 30
Epoch: 124, Train Loss: 0.7661, Metric: r2, Train: 0.9007, Val: 0.6958, best Val: 0.7011, Test: 0.5492
Training on 657 samples...
Train epoch: 126 [0/657 (0%)]	Loss: 0.740441
Make prediction for 657 samples...
Make prediction for 93 samples...
Make prediction for 92 samples...
EarlyStopping counter: 16 out of 30
Epoch: 125, Train Loss: 0.7342, Metric: r2, Train: 0.8618, Val: 0.5834, best Val: 0.7011, Test: 0.2495
Training on 657 samples...
Train epoch: 127 [0/657 (0%)]	Loss: 0.767305
Make prediction for 657 samples...
Make prediction for 93 samples...
Make prediction for 92 samples...
EarlyStopping counter: 17 out of 30
Epoch: 126, Train Loss: 0.7490, Metric: r2, Train: 0.8635, Val: 0.6006, best Val: 0.7011, Test: 0.2284
Training on 657 samples...
Train epoch: 128 [0/657 (0%)]	Loss: 0.772906
Make prediction for 657 samples...
Make prediction for 93 samples...
Make prediction for 92 samples...
Make prediction for 92 samples...
Epoch: 127, Train Loss: 0.7415, Metric: r2, Train: 0.8837, Val: 0.7126, best Val: 0.7126, Test: 0.5203
Training on 657 samples...
Train epoch: 129 [0/657 (0%)]	Loss: 0.752144
Make prediction for 657 samples...
Make prediction for 93 samples...
Make prediction for 92 samples...
EarlyStopping counter: 1 out of 30
Epoch: 128, Train Loss: 0.7414, Metric: r2, Train: 0.8749, Val: 0.6931, best Val: 0.7126, Test: 0.5343
Training on 657 samples...
Train epoch: 130 [0/657 (0%)]	Loss: 0.768854
Make prediction for 657 samples...
Make prediction for 93 samples...
Make prediction for 92 samples...
EarlyStopping counter: 2 out of 30
Epoch: 129, Train Loss: 0.7319, Metric: r2, Train: 0.9177, Val: 0.6566, best Val: 0.7126, Test: 0.4234
Training on 657 samples...
Train epoch: 131 [0/657 (0%)]	Loss: 0.714773
Make prediction for 657 samples...
Make prediction for 93 samples...
Make prediction for 92 samples...
EarlyStopping counter: 3 out of 30
Epoch: 130, Train Loss: 0.7089, Metric: r2, Train: 0.9050, Val: 0.5740, best Val: 0.7126, Test: 0.2616
Training on 657 samples...
Train epoch: 132 [0/657 (0%)]	Loss: 0.739441
Make prediction for 657 samples...
Make prediction for 93 samples...
Make prediction for 92 samples...
EarlyStopping counter: 4 out of 30
Epoch: 131, Train Loss: 0.7198, Metric: r2, Train: 0.9006, Val: 0.5387, best Val: 0.7126, Test: 0.2481
Training on 657 samples...
Train epoch: 133 [0/657 (0%)]	Loss: 0.751503
Make prediction for 657 samples...
Make prediction for 93 samples...
Make prediction for 92 samples...
EarlyStopping counter: 5 out of 30
Epoch: 132, Train Loss: 0.7115, Metric: r2, Train: 0.9211, Val: 0.6133, best Val: 0.7126, Test: 0.4419
Training on 657 samples...
Train epoch: 134 [0/657 (0%)]	Loss: 0.704510
Make prediction for 657 samples...
Make prediction for 93 samples...
Make prediction for 92 samples...
EarlyStopping counter: 6 out of 30
Epoch: 133, Train Loss: 0.6995, Metric: r2, Train: 0.9269, Val: 0.6329, best Val: 0.7126, Test: 0.3972
Training on 657 samples...
Train epoch: 135 [0/657 (0%)]	Loss: 0.703922
Make prediction for 657 samples...
Make prediction for 93 samples...
Make prediction for 92 samples...
EarlyStopping counter: 7 out of 30
Epoch: 134, Train Loss: 0.6989, Metric: r2, Train: 0.9194, Val: 0.6191, best Val: 0.7126, Test: 0.3101
Training on 657 samples...
Train epoch: 136 [0/657 (0%)]	Loss: 0.721878
Make prediction for 657 samples...
Make prediction for 93 samples...
Make prediction for 92 samples...
EarlyStopping counter: 8 out of 30
Epoch: 135, Train Loss: 0.7169, Metric: r2, Train: 0.9252, Val: 0.6329, best Val: 0.7126, Test: 0.3415
Training on 657 samples...
Train epoch: 137 [0/657 (0%)]	Loss: 0.702599
Make prediction for 657 samples...
Make prediction for 93 samples...
Make prediction for 92 samples...
EarlyStopping counter: 9 out of 30
Epoch: 136, Train Loss: 0.6961, Metric: r2, Train: 0.9244, Val: 0.6182, best Val: 0.7126, Test: 0.3134
Training on 657 samples...
Train epoch: 138 [0/657 (0%)]	Loss: 0.705873
Make prediction for 657 samples...
Make prediction for 93 samples...
Make prediction for 92 samples...
EarlyStopping counter: 10 out of 30
Epoch: 137, Train Loss: 0.6957, Metric: r2, Train: 0.9308, Val: 0.6188, best Val: 0.7126, Test: 0.3905
Training on 657 samples...
Train epoch: 139 [0/657 (0%)]	Loss: 0.719149
Make prediction for 657 samples...
Make prediction for 93 samples...
Make prediction for 92 samples...
EarlyStopping counter: 11 out of 30
Epoch: 138, Train Loss: 0.7120, Metric: r2, Train: 0.9251, Val: 0.6264, best Val: 0.7126, Test: 0.4508
Training on 657 samples...
Train epoch: 140 [0/657 (0%)]	Loss: 0.703754
Make prediction for 657 samples...
Make prediction for 93 samples...
Make prediction for 92 samples...
EarlyStopping counter: 12 out of 30
Epoch: 139, Train Loss: 0.6998, Metric: r2, Train: 0.9023, Val: 0.6291, best Val: 0.7126, Test: 0.4905
Training on 657 samples...
Train epoch: 141 [0/657 (0%)]	Loss: 0.719525
Make prediction for 657 samples...
Make prediction for 93 samples...
Make prediction for 92 samples...
EarlyStopping counter: 13 out of 30
Epoch: 140, Train Loss: 0.7141, Metric: r2, Train: 0.9295, Val: 0.6147, best Val: 0.7126, Test: 0.4525
Training on 657 samples...
Train epoch: 142 [0/657 (0%)]	Loss: 0.705199
Make prediction for 657 samples...
Make prediction for 93 samples...
Make prediction for 92 samples...
EarlyStopping counter: 14 out of 30
Epoch: 141, Train Loss: 0.7270, Metric: r2, Train: 0.9183, Val: 0.5784, best Val: 0.7126, Test: 0.3131
Training on 657 samples...
Train epoch: 143 [0/657 (0%)]	Loss: 0.704475
Make prediction for 657 samples...
Make prediction for 93 samples...
Make prediction for 92 samples...
EarlyStopping counter: 15 out of 30
Epoch: 142, Train Loss: 0.7188, Metric: r2, Train: 0.8844, Val: 0.5476, best Val: 0.7126, Test: 0.2198
Training on 657 samples...
Train epoch: 144 [0/657 (0%)]	Loss: 0.756040
Make prediction for 657 samples...
Make prediction for 93 samples...
Make prediction for 92 samples...
EarlyStopping counter: 16 out of 30
Epoch: 143, Train Loss: 0.7151, Metric: r2, Train: 0.9332, Val: 0.6207, best Val: 0.7126, Test: 0.4041
Training on 657 samples...
Train epoch: 145 [0/657 (0%)]	Loss: 0.703196
Make prediction for 657 samples...
Make prediction for 93 samples...
Make prediction for 92 samples...
EarlyStopping counter: 17 out of 30
Epoch: 144, Train Loss: 0.7057, Metric: r2, Train: 0.9115, Val: 0.6382, best Val: 0.7126, Test: 0.4903
Training on 657 samples...
Train epoch: 146 [0/657 (0%)]	Loss: 0.726353
Make prediction for 657 samples...
Make prediction for 93 samples...
Make prediction for 92 samples...
EarlyStopping counter: 18 out of 30
Epoch: 145, Train Loss: 0.6971, Metric: r2, Train: 0.9197, Val: 0.6409, best Val: 0.7126, Test: 0.4791
Training on 657 samples...
Train epoch: 147 [0/657 (0%)]	Loss: 0.713533
Make prediction for 657 samples...
Make prediction for 93 samples...
Make prediction for 92 samples...
EarlyStopping counter: 19 out of 30
Epoch: 146, Train Loss: 0.6945, Metric: r2, Train: 0.9324, Val: 0.5956, best Val: 0.7126, Test: 0.3496
Training on 657 samples...
Train epoch: 148 [0/657 (0%)]	Loss: 0.697590
Make prediction for 657 samples...
Make prediction for 93 samples...
Make prediction for 92 samples...
EarlyStopping counter: 20 out of 30
Epoch: 147, Train Loss: 0.6846, Metric: r2, Train: 0.9306, Val: 0.5875, best Val: 0.7126, Test: 0.3064
Training on 657 samples...
Train epoch: 149 [0/657 (0%)]	Loss: 0.703746
Make prediction for 657 samples...
Make prediction for 93 samples...
Make prediction for 92 samples...
EarlyStopping counter: 21 out of 30
Epoch: 148, Train Loss: 0.6850, Metric: r2, Train: 0.9342, Val: 0.5964, best Val: 0.7126, Test: 0.3136
Training on 657 samples...
Train epoch: 150 [0/657 (0%)]	Loss: 0.697067
Make prediction for 657 samples...
Make prediction for 93 samples...
Make prediction for 92 samples...
EarlyStopping counter: 22 out of 30
Epoch: 149, Train Loss: 0.6851, Metric: r2, Train: 0.9361, Val: 0.6109, best Val: 0.7126, Test: 0.3481
Training on 657 samples...
Train epoch: 151 [0/657 (0%)]	Loss: 0.700156
Make prediction for 657 samples...
Make prediction for 93 samples...
Make prediction for 92 samples...
EarlyStopping counter: 23 out of 30
Epoch: 150, Train Loss: 0.6942, Metric: r2, Train: 0.9243, Val: 0.6481, best Val: 0.7126, Test: 0.4852
Training on 657 samples...
Train epoch: 152 [0/657 (0%)]	Loss: 0.709780
Make prediction for 657 samples...
Make prediction for 93 samples...
Make prediction for 92 samples...
EarlyStopping counter: 24 out of 30
Epoch: 151, Train Loss: 0.7123, Metric: r2, Train: 0.8951, Val: 0.6481, best Val: 0.7126, Test: 0.5168
Training on 657 samples...
Train epoch: 153 [0/657 (0%)]	Loss: 0.734144
Make prediction for 657 samples...
Make prediction for 93 samples...
Make prediction for 92 samples...
EarlyStopping counter: 25 out of 30
Epoch: 152, Train Loss: 0.7154, Metric: r2, Train: 0.8902, Val: 0.6426, best Val: 0.7126, Test: 0.5005
Training on 657 samples...
Train epoch: 154 [0/657 (0%)]	Loss: 0.742147
Make prediction for 657 samples...
Make prediction for 93 samples...
Make prediction for 92 samples...
EarlyStopping counter: 26 out of 30
Epoch: 153, Train Loss: 0.7058, Metric: r2, Train: 0.9326, Val: 0.5636, best Val: 0.7126, Test: 0.3049
Training on 657 samples...
Train epoch: 155 [0/657 (0%)]	Loss: 0.702609
Make prediction for 657 samples...
Make prediction for 93 samples...
Make prediction for 92 samples...
EarlyStopping counter: 27 out of 30
Epoch: 154, Train Loss: 0.7108, Metric: r2, Train: 0.8719, Val: 0.4458, best Val: 0.7126, Test: 0.1073
Training on 657 samples...
Train epoch: 156 [0/657 (0%)]	Loss: 0.762968
Make prediction for 657 samples...
Make prediction for 93 samples...
Make prediction for 92 samples...
EarlyStopping counter: 28 out of 30
Epoch: 155, Train Loss: 0.7308, Metric: r2, Train: 0.8382, Val: 0.4128, best Val: 0.7126, Test: 0.0497
Training on 657 samples...
Train epoch: 157 [0/657 (0%)]	Loss: 0.797228
Make prediction for 657 samples...
Make prediction for 93 samples...
Make prediction for 92 samples...
EarlyStopping counter: 29 out of 30
Epoch: 156, Train Loss: 0.7521, Metric: r2, Train: 0.9281, Val: 0.6382, best Val: 0.7126, Test: 0.4312
Training on 657 samples...
Train epoch: 158 [0/657 (0%)]	Loss: 0.691313
Make prediction for 657 samples...
Make prediction for 93 samples...
Make prediction for 92 samples...
EarlyStopping counter: 30 out of 30
Epoch: 157, Train Loss: 0.7184, Metric: r2, Train: 0.8572, Val: 0.6670, best Val: 0.7126, Test: 0.5214
out of patience!
******Caco2_Perimeter_2034, 2th_time_result******
train_result: 0.8837
val_result: 0.7126
test_result: 0.5203
Current seed: 2044
Pre-processed data found: data/processed/Caco2_Perimeter_2034/Caco2_Perimeter_2034_train.pt, loading ...
Pre-processed data found: data/processed/Caco2_Perimeter_2034/Caco2_Perimeter_2034_valid.pt, loading ...
Pre-processed data found: data/processed/Caco2_Perimeter_2034/Caco2_Perimeter_2034_test.pt, loading ...
trainset mean:-5.221658229827881 std:0.7607361674308777
Training on 657 samples...
Train epoch: 1 [0/657 (0%)]	Loss: 1.651592
Make prediction for 657 samples...
Make prediction for 93 samples...
Make prediction for 92 samples...
Make prediction for 92 samples...
Epoch: 000, Train Loss: 1.6970, Metric: r2, Train: -0.0705, Val: -0.0768, best Val: -0.0768, Test: -0.1044
Training on 657 samples...
Train epoch: 2 [0/657 (0%)]	Loss: 1.748474
Make prediction for 657 samples...
Make prediction for 93 samples...
Make prediction for 92 samples...
Make prediction for 92 samples...
Epoch: 001, Train Loss: 1.6709, Metric: r2, Train: -0.0041, Val: 0.0017, best Val: 0.0017, Test: 0.0003
Training on 657 samples...
Train epoch: 3 [0/657 (0%)]	Loss: 1.568017
Make prediction for 657 samples...
Make prediction for 93 samples...
Make prediction for 92 samples...
Make prediction for 92 samples...
Epoch: 002, Train Loss: 1.6361, Metric: r2, Train: -0.0037, Val: 0.0133, best Val: 0.0133, Test: 0.0027
Training on 657 samples...
Train epoch: 4 [0/657 (0%)]	Loss: 1.519079
Make prediction for 657 samples...
Make prediction for 93 samples...
Make prediction for 92 samples...
EarlyStopping counter: 1 out of 30
Epoch: 003, Train Loss: 1.6160, Metric: r2, Train: -0.0015, Val: 0.0114, best Val: 0.0133, Test: -0.0229
Training on 657 samples...
Train epoch: 5 [0/657 (0%)]	Loss: 1.684734
Make prediction for 657 samples...
Make prediction for 93 samples...
Make prediction for 92 samples...
Make prediction for 92 samples...
Epoch: 004, Train Loss: 1.6173, Metric: r2, Train: 0.0110, Val: 0.0368, best Val: 0.0368, Test: 0.0000
Training on 657 samples...
Train epoch: 6 [0/657 (0%)]	Loss: 1.637792
Make prediction for 657 samples...
Make prediction for 93 samples...
Make prediction for 92 samples...
Make prediction for 92 samples...
Epoch: 005, Train Loss: 1.6065, Metric: r2, Train: 0.0165, Val: 0.0555, best Val: 0.0555, Test: 0.0031
Training on 657 samples...
Train epoch: 7 [0/657 (0%)]	Loss: 1.635062
Make prediction for 657 samples...
Make prediction for 93 samples...
Make prediction for 92 samples...
Make prediction for 92 samples...
Epoch: 006, Train Loss: 1.5868, Metric: r2, Train: 0.0225, Val: 0.0751, best Val: 0.0751, Test: -0.0113
Training on 657 samples...
Train epoch: 8 [0/657 (0%)]	Loss: 1.623167
Make prediction for 657 samples...
Make prediction for 93 samples...
Make prediction for 92 samples...
Make prediction for 92 samples...
Epoch: 007, Train Loss: 1.5965, Metric: r2, Train: 0.0398, Val: 0.1182, best Val: 0.1182, Test: 0.0043
Training on 657 samples...
Train epoch: 9 [0/657 (0%)]	Loss: 1.571731
Make prediction for 657 samples...
Make prediction for 93 samples...
Make prediction for 92 samples...
Make prediction for 92 samples...
Epoch: 008, Train Loss: 1.5817, Metric: r2, Train: 0.0464, Val: 0.1587, best Val: 0.1587, Test: 0.0177
Training on 657 samples...
Train epoch: 10 [0/657 (0%)]	Loss: 1.650897
Make prediction for 657 samples...
Make prediction for 93 samples...
Make prediction for 92 samples...
Make prediction for 92 samples...
Epoch: 009, Train Loss: 1.5654, Metric: r2, Train: 0.0677, Val: 0.1980, best Val: 0.1980, Test: -0.0240
Training on 657 samples...
Train epoch: 11 [0/657 (0%)]	Loss: 1.487509
Make prediction for 657 samples...
Make prediction for 93 samples...
Make prediction for 92 samples...
Make prediction for 92 samples...
Epoch: 010, Train Loss: 1.5363, Metric: r2, Train: 0.1107, Val: 0.2752, best Val: 0.2752, Test: 0.0340
Training on 657 samples...
Train epoch: 12 [0/657 (0%)]	Loss: 1.643415
Make prediction for 657 samples...
Make prediction for 93 samples...
Make prediction for 92 samples...
Make prediction for 92 samples...
Epoch: 011, Train Loss: 1.4936, Metric: r2, Train: 0.1586, Val: 0.3387, best Val: 0.3387, Test: 0.0001
Training on 657 samples...
Train epoch: 13 [0/657 (0%)]	Loss: 1.472808
Make prediction for 657 samples...
Make prediction for 93 samples...
Make prediction for 92 samples...
Make prediction for 92 samples...
Epoch: 012, Train Loss: 1.4535, Metric: r2, Train: 0.2049, Val: 0.4217, best Val: 0.4217, Test: 0.1304
Training on 657 samples...
Train epoch: 14 [0/657 (0%)]	Loss: 1.579260
Make prediction for 657 samples...
Make prediction for 93 samples...
Make prediction for 92 samples...
EarlyStopping counter: 1 out of 30
Epoch: 013, Train Loss: 1.4136, Metric: r2, Train: 0.2702, Val: 0.4158, best Val: 0.4217, Test: 0.1473
Training on 657 samples...
Train epoch: 15 [0/657 (0%)]	Loss: 1.330551
Make prediction for 657 samples...
Make prediction for 93 samples...
Make prediction for 92 samples...
EarlyStopping counter: 2 out of 30
Epoch: 014, Train Loss: 1.3356, Metric: r2, Train: 0.2982, Val: 0.3422, best Val: 0.4217, Test: 0.1633
Training on 657 samples...
Train epoch: 16 [0/657 (0%)]	Loss: 1.400326
Make prediction for 657 samples...
Make prediction for 93 samples...
Make prediction for 92 samples...
EarlyStopping counter: 3 out of 30
Epoch: 015, Train Loss: 1.3064, Metric: r2, Train: 0.3692, Val: 0.3737, best Val: 0.4217, Test: 0.3305
Training on 657 samples...
Train epoch: 17 [0/657 (0%)]	Loss: 1.253229
Make prediction for 657 samples...
Make prediction for 93 samples...
Make prediction for 92 samples...
EarlyStopping counter: 4 out of 30
Epoch: 016, Train Loss: 1.2464, Metric: r2, Train: 0.4153, Val: 0.3162, best Val: 0.4217, Test: 0.3786
Training on 657 samples...
Train epoch: 18 [0/657 (0%)]	Loss: 1.219000
Make prediction for 657 samples...
Make prediction for 93 samples...
Make prediction for 92 samples...
EarlyStopping counter: 5 out of 30
Epoch: 017, Train Loss: 1.2500, Metric: r2, Train: 0.4514, Val: 0.3836, best Val: 0.4217, Test: 0.4501
Training on 657 samples...
Train epoch: 19 [0/657 (0%)]	Loss: 1.290121
Make prediction for 657 samples...
Make prediction for 93 samples...
Make prediction for 92 samples...
EarlyStopping counter: 6 out of 30
Epoch: 018, Train Loss: 1.1836, Metric: r2, Train: 0.4810, Val: 0.3528, best Val: 0.4217, Test: 0.4424
Training on 657 samples...
Train epoch: 20 [0/657 (0%)]	Loss: 1.132306
Make prediction for 657 samples...
Make prediction for 93 samples...
Make prediction for 92 samples...
EarlyStopping counter: 7 out of 30
Epoch: 019, Train Loss: 1.1579, Metric: r2, Train: 0.5016, Val: 0.4214, best Val: 0.4217, Test: 0.4968
Training on 657 samples...
Train epoch: 21 [0/657 (0%)]	Loss: 1.128511
Make prediction for 657 samples...
Make prediction for 93 samples...
Make prediction for 92 samples...
Make prediction for 92 samples...
Epoch: 020, Train Loss: 1.1257, Metric: r2, Train: 0.5156, Val: 0.4668, best Val: 0.4668, Test: 0.5385
Training on 657 samples...
Train epoch: 22 [0/657 (0%)]	Loss: 1.118021
Make prediction for 657 samples...
Make prediction for 93 samples...
Make prediction for 92 samples...
EarlyStopping counter: 1 out of 30
Epoch: 021, Train Loss: 1.1064, Metric: r2, Train: 0.5350, Val: 0.2898, best Val: 0.4668, Test: 0.4726
Training on 657 samples...
Train epoch: 23 [0/657 (0%)]	Loss: 1.112266
Make prediction for 657 samples...
Make prediction for 93 samples...
Make prediction for 92 samples...
EarlyStopping counter: 2 out of 30
Epoch: 022, Train Loss: 1.0994, Metric: r2, Train: 0.5249, Val: 0.2224, best Val: 0.4668, Test: 0.4303
Training on 657 samples...
Train epoch: 24 [0/657 (0%)]	Loss: 1.100629
Make prediction for 657 samples...
Make prediction for 93 samples...
Make prediction for 92 samples...
EarlyStopping counter: 3 out of 30
Epoch: 023, Train Loss: 1.0809, Metric: r2, Train: 0.5711, Val: 0.3101, best Val: 0.4668, Test: 0.4797
Training on 657 samples...
Train epoch: 25 [0/657 (0%)]	Loss: 1.074290
Make prediction for 657 samples...
Make prediction for 93 samples...
Make prediction for 92 samples...
EarlyStopping counter: 4 out of 30
Epoch: 024, Train Loss: 1.0646, Metric: r2, Train: 0.6016, Val: 0.4407, best Val: 0.4668, Test: 0.5325
Training on 657 samples...
Train epoch: 26 [0/657 (0%)]	Loss: 1.059851
Make prediction for 657 samples...
Make prediction for 93 samples...
Make prediction for 92 samples...
Make prediction for 92 samples...
Epoch: 025, Train Loss: 1.0328, Metric: r2, Train: 0.5784, Val: 0.5128, best Val: 0.5128, Test: 0.5539
Training on 657 samples...
Train epoch: 27 [0/657 (0%)]	Loss: 1.031283
Make prediction for 657 samples...
Make prediction for 93 samples...
Make prediction for 92 samples...
EarlyStopping counter: 1 out of 30
Epoch: 026, Train Loss: 1.0237, Metric: r2, Train: 0.6303, Val: 0.4344, best Val: 0.5128, Test: 0.5286
Training on 657 samples...
Train epoch: 28 [0/657 (0%)]	Loss: 1.029090
Make prediction for 657 samples...
Make prediction for 93 samples...
Make prediction for 92 samples...
EarlyStopping counter: 2 out of 30
Epoch: 027, Train Loss: 1.0019, Metric: r2, Train: 0.6435, Val: 0.4447, best Val: 0.5128, Test: 0.5246
Training on 657 samples...
Train epoch: 29 [0/657 (0%)]	Loss: 0.976825
Make prediction for 657 samples...
Make prediction for 93 samples...
Make prediction for 92 samples...
EarlyStopping counter: 3 out of 30
Epoch: 028, Train Loss: 1.0020, Metric: r2, Train: 0.6535, Val: 0.4729, best Val: 0.5128, Test: 0.5243
Training on 657 samples...
Train epoch: 30 [0/657 (0%)]	Loss: 0.942393
Make prediction for 657 samples...
Make prediction for 93 samples...
Make prediction for 92 samples...
EarlyStopping counter: 4 out of 30
Epoch: 029, Train Loss: 0.9975, Metric: r2, Train: 0.6482, Val: 0.4003, best Val: 0.5128, Test: 0.4468
Training on 657 samples...
Train epoch: 31 [0/657 (0%)]	Loss: 0.947673
Make prediction for 657 samples...
Make prediction for 93 samples...
Make prediction for 92 samples...
EarlyStopping counter: 5 out of 30
Epoch: 030, Train Loss: 0.9794, Metric: r2, Train: 0.6213, Val: 0.3371, best Val: 0.5128, Test: 0.3745
Training on 657 samples...
Train epoch: 32 [0/657 (0%)]	Loss: 0.997026
Make prediction for 657 samples...
Make prediction for 93 samples...
Make prediction for 92 samples...
EarlyStopping counter: 6 out of 30
Epoch: 031, Train Loss: 0.9820, Metric: r2, Train: 0.6839, Val: 0.4740, best Val: 0.5128, Test: 0.5107
Training on 657 samples...
Train epoch: 33 [0/657 (0%)]	Loss: 0.960194
Make prediction for 657 samples...
Make prediction for 93 samples...
Make prediction for 92 samples...
Make prediction for 92 samples...
Epoch: 032, Train Loss: 0.9676, Metric: r2, Train: 0.6762, Val: 0.5257, best Val: 0.5257, Test: 0.5278
Training on 657 samples...
Train epoch: 34 [0/657 (0%)]	Loss: 0.891393
Make prediction for 657 samples...
Make prediction for 93 samples...
Make prediction for 92 samples...
EarlyStopping counter: 1 out of 30
Epoch: 033, Train Loss: 0.9417, Metric: r2, Train: 0.6625, Val: 0.3747, best Val: 0.5257, Test: 0.3913
Training on 657 samples...
Train epoch: 35 [0/657 (0%)]	Loss: 0.996298
Make prediction for 657 samples...
Make prediction for 93 samples...
Make prediction for 92 samples...
EarlyStopping counter: 2 out of 30
Epoch: 034, Train Loss: 0.9478, Metric: r2, Train: 0.7119, Val: 0.4792, best Val: 0.5257, Test: 0.4931
Training on 657 samples...
Train epoch: 36 [0/657 (0%)]	Loss: 0.935852
Make prediction for 657 samples...
Make prediction for 93 samples...
Make prediction for 92 samples...
EarlyStopping counter: 3 out of 30
Epoch: 035, Train Loss: 0.9192, Metric: r2, Train: 0.7213, Val: 0.4957, best Val: 0.5257, Test: 0.5075
Training on 657 samples...
Train epoch: 37 [0/657 (0%)]	Loss: 0.907259
Make prediction for 657 samples...
Make prediction for 93 samples...
Make prediction for 92 samples...
EarlyStopping counter: 4 out of 30
Epoch: 036, Train Loss: 0.9054, Metric: r2, Train: 0.7267, Val: 0.5097, best Val: 0.5257, Test: 0.5045
Training on 657 samples...
Train epoch: 38 [0/657 (0%)]	Loss: 0.927147
Make prediction for 657 samples...
Make prediction for 93 samples...
Make prediction for 92 samples...
EarlyStopping counter: 5 out of 30
Epoch: 037, Train Loss: 0.9185, Metric: r2, Train: 0.7354, Val: 0.5181, best Val: 0.5257, Test: 0.4893
Training on 657 samples...
Train epoch: 39 [0/657 (0%)]	Loss: 0.892637
Make prediction for 657 samples...
Make prediction for 93 samples...
Make prediction for 92 samples...
Make prediction for 92 samples...
Epoch: 038, Train Loss: 0.8903, Metric: r2, Train: 0.7357, Val: 0.5269, best Val: 0.5269, Test: 0.4923
Training on 657 samples...
Train epoch: 40 [0/657 (0%)]	Loss: 0.903343
Make prediction for 657 samples...
Make prediction for 93 samples...
Make prediction for 92 samples...
EarlyStopping counter: 1 out of 30
Epoch: 039, Train Loss: 0.8911, Metric: r2, Train: 0.5554, Val: 0.4740, best Val: 0.5269, Test: 0.4388
Training on 657 samples...
Train epoch: 41 [0/657 (0%)]	Loss: 0.998866
Make prediction for 657 samples...
Make prediction for 93 samples...
Make prediction for 92 samples...
Make prediction for 92 samples...
Epoch: 040, Train Loss: 1.0145, Metric: r2, Train: 0.7116, Val: 0.5401, best Val: 0.5401, Test: 0.5088
Training on 657 samples...
Train epoch: 42 [0/657 (0%)]	Loss: 0.910239
Make prediction for 657 samples...
Make prediction for 93 samples...
Make prediction for 92 samples...
EarlyStopping counter: 1 out of 30
Epoch: 041, Train Loss: 0.9724, Metric: r2, Train: 0.6210, Val: 0.3133, best Val: 0.5401, Test: 0.2080
Training on 657 samples...
Train epoch: 43 [0/657 (0%)]	Loss: 1.032343
Make prediction for 657 samples...
Make prediction for 93 samples...
Make prediction for 92 samples...
EarlyStopping counter: 2 out of 30
Epoch: 042, Train Loss: 0.9584, Metric: r2, Train: 0.7236, Val: 0.5375, best Val: 0.5401, Test: 0.5241
Training on 657 samples...
Train epoch: 44 [0/657 (0%)]	Loss: 0.898228
Make prediction for 657 samples...
Make prediction for 93 samples...
Make prediction for 92 samples...
EarlyStopping counter: 3 out of 30
Epoch: 043, Train Loss: 0.8927, Metric: r2, Train: 0.7618, Val: 0.4790, best Val: 0.5401, Test: 0.5338
Training on 657 samples...
Train epoch: 45 [0/657 (0%)]	Loss: 0.869238
Make prediction for 657 samples...
Make prediction for 93 samples...
Make prediction for 92 samples...
EarlyStopping counter: 4 out of 30
Epoch: 044, Train Loss: 0.8820, Metric: r2, Train: 0.7239, Val: 0.3544, best Val: 0.5401, Test: 0.4124
Training on 657 samples...
Train epoch: 46 [0/657 (0%)]	Loss: 0.957955
Make prediction for 657 samples...
Make prediction for 93 samples...
Make prediction for 92 samples...
EarlyStopping counter: 5 out of 30
Epoch: 045, Train Loss: 0.8937, Metric: r2, Train: 0.7791, Val: 0.4881, best Val: 0.5401, Test: 0.4778
Training on 657 samples...
Train epoch: 47 [0/657 (0%)]	Loss: 0.870253
Make prediction for 657 samples...
Make prediction for 93 samples...
Make prediction for 92 samples...
EarlyStopping counter: 6 out of 30
Epoch: 046, Train Loss: 0.8811, Metric: r2, Train: 0.7415, Val: 0.5313, best Val: 0.5401, Test: 0.4863
Training on 657 samples...
Train epoch: 48 [0/657 (0%)]	Loss: 0.885627
Make prediction for 657 samples...
Make prediction for 93 samples...
Make prediction for 92 samples...
EarlyStopping counter: 7 out of 30
Epoch: 047, Train Loss: 0.8699, Metric: r2, Train: 0.7865, Val: 0.5014, best Val: 0.5401, Test: 0.4613
Training on 657 samples...
Train epoch: 49 [0/657 (0%)]	Loss: 0.877406
Make prediction for 657 samples...
Make prediction for 93 samples...
Make prediction for 92 samples...
EarlyStopping counter: 8 out of 30
Epoch: 048, Train Loss: 0.8716, Metric: r2, Train: 0.7252, Val: 0.3743, best Val: 0.5401, Test: 0.2780
Training on 657 samples...
Train epoch: 50 [0/657 (0%)]	Loss: 0.904994
Make prediction for 657 samples...
Make prediction for 93 samples...
Make prediction for 92 samples...
Make prediction for 92 samples...
Epoch: 049, Train Loss: 0.8745, Metric: r2, Train: 0.7917, Val: 0.5401, best Val: 0.5401, Test: 0.4908
Training on 657 samples...
Train epoch: 51 [0/657 (0%)]	Loss: 0.843176
Make prediction for 657 samples...
Make prediction for 93 samples...
Make prediction for 92 samples...
Make prediction for 92 samples...
Epoch: 050, Train Loss: 0.8487, Metric: r2, Train: 0.7408, Val: 0.5655, best Val: 0.5655, Test: 0.5098
Training on 657 samples...
Train epoch: 52 [0/657 (0%)]	Loss: 0.900155
Make prediction for 657 samples...
Make prediction for 93 samples...
Make prediction for 92 samples...
EarlyStopping counter: 1 out of 30
Epoch: 051, Train Loss: 0.8629, Metric: r2, Train: 0.7491, Val: 0.4233, best Val: 0.5655, Test: 0.2830
Training on 657 samples...
Train epoch: 53 [0/657 (0%)]	Loss: 0.922584
Make prediction for 657 samples...
Make prediction for 93 samples...
Make prediction for 92 samples...
EarlyStopping counter: 2 out of 30
Epoch: 052, Train Loss: 0.8794, Metric: r2, Train: 0.7927, Val: 0.5194, best Val: 0.5655, Test: 0.3874
Training on 657 samples...
Train epoch: 54 [0/657 (0%)]	Loss: 0.839395
Make prediction for 657 samples...
Make prediction for 93 samples...
Make prediction for 92 samples...
Make prediction for 92 samples...
Epoch: 053, Train Loss: 0.8519, Metric: r2, Train: 0.7373, Val: 0.5879, best Val: 0.5879, Test: 0.5131
Training on 657 samples...
Train epoch: 55 [0/657 (0%)]	Loss: 0.874680
Make prediction for 657 samples...
Make prediction for 93 samples...
Make prediction for 92 samples...
EarlyStopping counter: 1 out of 30
Epoch: 054, Train Loss: 0.8442, Metric: r2, Train: 0.7986, Val: 0.4846, best Val: 0.5879, Test: 0.4060
Training on 657 samples...
Train epoch: 56 [0/657 (0%)]	Loss: 0.845502
Make prediction for 657 samples...
Make prediction for 93 samples...
Make prediction for 92 samples...
EarlyStopping counter: 2 out of 30
Epoch: 055, Train Loss: 0.8447, Metric: r2, Train: 0.7823, Val: 0.4438, best Val: 0.5879, Test: 0.3644
Training on 657 samples...
Train epoch: 57 [0/657 (0%)]	Loss: 0.857004
Make prediction for 657 samples...
Make prediction for 93 samples...
Make prediction for 92 samples...
EarlyStopping counter: 3 out of 30
Epoch: 056, Train Loss: 0.8399, Metric: r2, Train: 0.7854, Val: 0.5737, best Val: 0.5879, Test: 0.5075
Training on 657 samples...
Train epoch: 58 [0/657 (0%)]	Loss: 0.840163
Make prediction for 657 samples...
Make prediction for 93 samples...
Make prediction for 92 samples...
EarlyStopping counter: 4 out of 30
Epoch: 057, Train Loss: 0.8319, Metric: r2, Train: 0.8173, Val: 0.5609, best Val: 0.5879, Test: 0.4845
Training on 657 samples...
Train epoch: 59 [0/657 (0%)]	Loss: 0.829314
Make prediction for 657 samples...
Make prediction for 93 samples...
Make prediction for 92 samples...
EarlyStopping counter: 5 out of 30
Epoch: 058, Train Loss: 0.8259, Metric: r2, Train: 0.8000, Val: 0.4728, best Val: 0.5879, Test: 0.3834
Training on 657 samples...
Train epoch: 60 [0/657 (0%)]	Loss: 0.830065
Make prediction for 657 samples...
Make prediction for 93 samples...
Make prediction for 92 samples...
EarlyStopping counter: 6 out of 30
Epoch: 059, Train Loss: 0.8141, Metric: r2, Train: 0.8171, Val: 0.5871, best Val: 0.5879, Test: 0.5160
Training on 657 samples...
Train epoch: 61 [0/657 (0%)]	Loss: 0.810585
Make prediction for 657 samples...
Make prediction for 93 samples...
Make prediction for 92 samples...
EarlyStopping counter: 7 out of 30
Epoch: 060, Train Loss: 0.8018, Metric: r2, Train: 0.8270, Val: 0.5716, best Val: 0.5879, Test: 0.4765
Training on 657 samples...
Train epoch: 62 [0/657 (0%)]	Loss: 0.829662
Make prediction for 657 samples...
Make prediction for 93 samples...
Make prediction for 92 samples...
EarlyStopping counter: 8 out of 30
Epoch: 061, Train Loss: 0.7971, Metric: r2, Train: 0.8172, Val: 0.4918, best Val: 0.5879, Test: 0.3673
Training on 657 samples...
Train epoch: 63 [0/657 (0%)]	Loss: 0.825439
Make prediction for 657 samples...
Make prediction for 93 samples...
Make prediction for 92 samples...
EarlyStopping counter: 9 out of 30
Epoch: 062, Train Loss: 0.8076, Metric: r2, Train: 0.8382, Val: 0.5558, best Val: 0.5879, Test: 0.4427
Training on 657 samples...
Train epoch: 64 [0/657 (0%)]	Loss: 0.816168
Make prediction for 657 samples...
Make prediction for 93 samples...
Make prediction for 92 samples...
Make prediction for 92 samples...
Epoch: 063, Train Loss: 0.7973, Metric: r2, Train: 0.8137, Val: 0.6074, best Val: 0.6074, Test: 0.5108
Training on 657 samples...
Train epoch: 65 [0/657 (0%)]	Loss: 0.810438
Make prediction for 657 samples...
Make prediction for 93 samples...
Make prediction for 92 samples...
EarlyStopping counter: 1 out of 30
Epoch: 064, Train Loss: 0.8010, Metric: r2, Train: 0.8428, Val: 0.5942, best Val: 0.6074, Test: 0.4696
Training on 657 samples...
Train epoch: 66 [0/657 (0%)]	Loss: 0.789619
Make prediction for 657 samples...
Make prediction for 93 samples...
Make prediction for 92 samples...
EarlyStopping counter: 2 out of 30
Epoch: 065, Train Loss: 0.7878, Metric: r2, Train: 0.7971, Val: 0.4892, best Val: 0.6074, Test: 0.2812
Training on 657 samples...
Train epoch: 67 [0/657 (0%)]	Loss: 0.856833
Make prediction for 657 samples...
Make prediction for 93 samples...
Make prediction for 92 samples...
EarlyStopping counter: 3 out of 30
Epoch: 066, Train Loss: 0.8069, Metric: r2, Train: 0.8479, Val: 0.5983, best Val: 0.6074, Test: 0.4385
Training on 657 samples...
Train epoch: 68 [0/657 (0%)]	Loss: 0.792143
Make prediction for 657 samples...
Make prediction for 93 samples...
Make prediction for 92 samples...
Make prediction for 92 samples...
Epoch: 067, Train Loss: 0.7853, Metric: r2, Train: 0.7439, Val: 0.6179, best Val: 0.6179, Test: 0.4972
Training on 657 samples...
Train epoch: 69 [0/657 (0%)]	Loss: 0.901310
Make prediction for 657 samples...
Make prediction for 93 samples...
Make prediction for 92 samples...
Make prediction for 92 samples...
Epoch: 068, Train Loss: 0.8392, Metric: r2, Train: 0.8486, Val: 0.6364, best Val: 0.6364, Test: 0.4635
Training on 657 samples...
Train epoch: 70 [0/657 (0%)]	Loss: 0.783427
Make prediction for 657 samples...
Make prediction for 93 samples...
Make prediction for 92 samples...
EarlyStopping counter: 1 out of 30
Epoch: 069, Train Loss: 0.7924, Metric: r2, Train: 0.8104, Val: 0.5662, best Val: 0.6364, Test: 0.2896
Training on 657 samples...
Train epoch: 71 [0/657 (0%)]	Loss: 0.811296
Make prediction for 657 samples...
Make prediction for 93 samples...
Make prediction for 92 samples...
Make prediction for 92 samples...
Epoch: 070, Train Loss: 0.7957, Metric: r2, Train: 0.8542, Val: 0.6368, best Val: 0.6368, Test: 0.4464
Training on 657 samples...
Train epoch: 72 [0/657 (0%)]	Loss: 0.773454
Make prediction for 657 samples...
Make prediction for 93 samples...
Make prediction for 92 samples...
Make prediction for 92 samples...
Epoch: 071, Train Loss: 0.7770, Metric: r2, Train: 0.8256, Val: 0.6447, best Val: 0.6447, Test: 0.5126
Training on 657 samples...
Train epoch: 73 [0/657 (0%)]	Loss: 0.802792
Make prediction for 657 samples...
Make prediction for 93 samples...
Make prediction for 92 samples...
EarlyStopping counter: 1 out of 30
Epoch: 072, Train Loss: 0.7750, Metric: r2, Train: 0.8505, Val: 0.6002, best Val: 0.6447, Test: 0.3718
Training on 657 samples...
Train epoch: 74 [0/657 (0%)]	Loss: 0.770927
Make prediction for 657 samples...
Make prediction for 93 samples...
Make prediction for 92 samples...
EarlyStopping counter: 2 out of 30
Epoch: 073, Train Loss: 0.7758, Metric: r2, Train: 0.8116, Val: 0.5486, best Val: 0.6447, Test: 0.2599
Training on 657 samples...
Train epoch: 75 [0/657 (0%)]	Loss: 0.813183
Make prediction for 657 samples...
Make prediction for 93 samples...
Make prediction for 92 samples...
EarlyStopping counter: 3 out of 30
Epoch: 074, Train Loss: 0.7884, Metric: r2, Train: 0.8635, Val: 0.6445, best Val: 0.6447, Test: 0.4497
Training on 657 samples...
Train epoch: 76 [0/657 (0%)]	Loss: 0.761584
Make prediction for 657 samples...
Make prediction for 93 samples...
Make prediction for 92 samples...
Make prediction for 92 samples...
Epoch: 075, Train Loss: 0.7686, Metric: r2, Train: 0.8599, Val: 0.6574, best Val: 0.6574, Test: 0.4720
Training on 657 samples...
Train epoch: 77 [0/657 (0%)]	Loss: 0.776833
Make prediction for 657 samples...
Make prediction for 93 samples...
Make prediction for 92 samples...
EarlyStopping counter: 1 out of 30
Epoch: 076, Train Loss: 0.7663, Metric: r2, Train: 0.8649, Val: 0.6555, best Val: 0.6574, Test: 0.4746
Training on 657 samples...
Train epoch: 78 [0/657 (0%)]	Loss: 0.765155
Make prediction for 657 samples...
Make prediction for 93 samples...
Make prediction for 92 samples...
Make prediction for 92 samples...
Epoch: 077, Train Loss: 0.7595, Metric: r2, Train: 0.8373, Val: 0.6656, best Val: 0.6656, Test: 0.5098
Training on 657 samples...
Train epoch: 79 [0/657 (0%)]	Loss: 0.819201
Make prediction for 657 samples...
Make prediction for 93 samples...
Make prediction for 92 samples...
EarlyStopping counter: 1 out of 30
Epoch: 078, Train Loss: 0.7738, Metric: r2, Train: 0.8735, Val: 0.6569, best Val: 0.6656, Test: 0.4306
Training on 657 samples...
Train epoch: 80 [0/657 (0%)]	Loss: 0.761333
Make prediction for 657 samples...
Make prediction for 93 samples...
Make prediction for 92 samples...
EarlyStopping counter: 2 out of 30
Epoch: 079, Train Loss: 0.7623, Metric: r2, Train: 0.8642, Val: 0.6305, best Val: 0.6656, Test: 0.3660
Training on 657 samples...
Train epoch: 81 [0/657 (0%)]	Loss: 0.756650
Make prediction for 657 samples...
Make prediction for 93 samples...
Make prediction for 92 samples...
EarlyStopping counter: 3 out of 30
Epoch: 080, Train Loss: 0.7544, Metric: r2, Train: 0.8583, Val: 0.6196, best Val: 0.6656, Test: 0.3604
Training on 657 samples...
Train epoch: 82 [0/657 (0%)]	Loss: 0.770101
Make prediction for 657 samples...
Make prediction for 93 samples...
Make prediction for 92 samples...
EarlyStopping counter: 4 out of 30
Epoch: 081, Train Loss: 0.7601, Metric: r2, Train: 0.8800, Val: 0.6504, best Val: 0.6656, Test: 0.4271
Training on 657 samples...
Train epoch: 83 [0/657 (0%)]	Loss: 0.758042
Make prediction for 657 samples...
Make prediction for 93 samples...
Make prediction for 92 samples...
EarlyStopping counter: 5 out of 30
Epoch: 082, Train Loss: 0.7444, Metric: r2, Train: 0.8809, Val: 0.6527, best Val: 0.6656, Test: 0.4429
Training on 657 samples...
Train epoch: 84 [0/657 (0%)]	Loss: 0.746537
Make prediction for 657 samples...
Make prediction for 93 samples...
Make prediction for 92 samples...
EarlyStopping counter: 6 out of 30
Epoch: 083, Train Loss: 0.7377, Metric: r2, Train: 0.8840, Val: 0.6321, best Val: 0.6656, Test: 0.4162
Training on 657 samples...
Train epoch: 85 [0/657 (0%)]	Loss: 0.737953
Make prediction for 657 samples...
Make prediction for 93 samples...
Make prediction for 92 samples...
EarlyStopping counter: 7 out of 30
Epoch: 084, Train Loss: 0.7374, Metric: r2, Train: 0.8861, Val: 0.6319, best Val: 0.6656, Test: 0.4077
Training on 657 samples...
Train epoch: 86 [0/657 (0%)]	Loss: 0.744666
Make prediction for 657 samples...
Make prediction for 93 samples...
Make prediction for 92 samples...
EarlyStopping counter: 8 out of 30
Epoch: 085, Train Loss: 0.7411, Metric: r2, Train: 0.8881, Val: 0.6426, best Val: 0.6656, Test: 0.3738
Training on 657 samples...
Train epoch: 87 [0/657 (0%)]	Loss: 0.743404
Make prediction for 657 samples...
Make prediction for 93 samples...
Make prediction for 92 samples...
EarlyStopping counter: 9 out of 30
Epoch: 086, Train Loss: 0.7360, Metric: r2, Train: 0.8881, Val: 0.6604, best Val: 0.6656, Test: 0.4184
Training on 657 samples...
Train epoch: 88 [0/657 (0%)]	Loss: 0.749365
Make prediction for 657 samples...
Make prediction for 93 samples...
Make prediction for 92 samples...
EarlyStopping counter: 10 out of 30
Epoch: 087, Train Loss: 0.7330, Metric: r2, Train: 0.8862, Val: 0.6472, best Val: 0.6656, Test: 0.3900
Training on 657 samples...
Train epoch: 89 [0/657 (0%)]	Loss: 0.750468
Make prediction for 657 samples...
Make prediction for 93 samples...
Make prediction for 92 samples...
EarlyStopping counter: 11 out of 30
Epoch: 088, Train Loss: 0.7331, Metric: r2, Train: 0.8904, Val: 0.6361, best Val: 0.6656, Test: 0.4160
Training on 657 samples...
Train epoch: 90 [0/657 (0%)]	Loss: 0.745712
Make prediction for 657 samples...
Make prediction for 93 samples...
Make prediction for 92 samples...
EarlyStopping counter: 12 out of 30
Epoch: 089, Train Loss: 0.7304, Metric: r2, Train: 0.8946, Val: 0.6252, best Val: 0.6656, Test: 0.3970
Training on 657 samples...
Train epoch: 91 [0/657 (0%)]	Loss: 0.745749
Make prediction for 657 samples...
Make prediction for 93 samples...
Make prediction for 92 samples...
EarlyStopping counter: 13 out of 30
Epoch: 090, Train Loss: 0.7288, Metric: r2, Train: 0.8913, Val: 0.6029, best Val: 0.6656, Test: 0.3520
Training on 657 samples...
Train epoch: 92 [0/657 (0%)]	Loss: 0.748346
Make prediction for 657 samples...
Make prediction for 93 samples...
Make prediction for 92 samples...
EarlyStopping counter: 14 out of 30
Epoch: 091, Train Loss: 0.7412, Metric: r2, Train: 0.8945, Val: 0.6081, best Val: 0.6656, Test: 0.3544
Training on 657 samples...
Train epoch: 93 [0/657 (0%)]	Loss: 0.745246
Make prediction for 657 samples...
Make prediction for 93 samples...
Make prediction for 92 samples...
EarlyStopping counter: 15 out of 30
Epoch: 092, Train Loss: 0.7320, Metric: r2, Train: 0.8941, Val: 0.6232, best Val: 0.6656, Test: 0.3375
Training on 657 samples...
Train epoch: 94 [0/657 (0%)]	Loss: 0.751836
Make prediction for 657 samples...
Make prediction for 93 samples...
Make prediction for 92 samples...
EarlyStopping counter: 16 out of 30
Epoch: 093, Train Loss: 0.7653, Metric: r2, Train: 0.8955, Val: 0.6373, best Val: 0.6656, Test: 0.3559
Training on 657 samples...
Train epoch: 95 [0/657 (0%)]	Loss: 0.725757
Make prediction for 657 samples...
Make prediction for 93 samples...
Make prediction for 92 samples...
EarlyStopping counter: 17 out of 30
Epoch: 094, Train Loss: 0.7437, Metric: r2, Train: 0.8747, Val: 0.6062, best Val: 0.6656, Test: 0.2914
Training on 657 samples...
Train epoch: 96 [0/657 (0%)]	Loss: 0.761822
Make prediction for 657 samples...
Make prediction for 93 samples...
Make prediction for 92 samples...
EarlyStopping counter: 18 out of 30
Epoch: 095, Train Loss: 0.7557, Metric: r2, Train: 0.9003, Val: 0.6501, best Val: 0.6656, Test: 0.4004
Training on 657 samples...
Train epoch: 97 [0/657 (0%)]	Loss: 0.738498
Make prediction for 657 samples...
Make prediction for 93 samples...
Make prediction for 92 samples...
EarlyStopping counter: 19 out of 30
Epoch: 096, Train Loss: 0.7199, Metric: r2, Train: 0.9021, Val: 0.6377, best Val: 0.6656, Test: 0.3952
Training on 657 samples...
Train epoch: 98 [0/657 (0%)]	Loss: 0.728466
Make prediction for 657 samples...
Make prediction for 93 samples...
Make prediction for 92 samples...
EarlyStopping counter: 20 out of 30
Epoch: 097, Train Loss: 0.7263, Metric: r2, Train: 0.9048, Val: 0.6583, best Val: 0.6656, Test: 0.4043
Training on 657 samples...
Train epoch: 99 [0/657 (0%)]	Loss: 0.721635
Make prediction for 657 samples...
Make prediction for 93 samples...
Make prediction for 92 samples...
EarlyStopping counter: 21 out of 30
Epoch: 098, Train Loss: 0.7123, Metric: r2, Train: 0.9075, Val: 0.6536, best Val: 0.6656, Test: 0.3927
Training on 657 samples...
Train epoch: 100 [0/657 (0%)]	Loss: 0.727570
Make prediction for 657 samples...
Make prediction for 93 samples...
Make prediction for 92 samples...
EarlyStopping counter: 22 out of 30
Epoch: 099, Train Loss: 0.7156, Metric: r2, Train: 0.9091, Val: 0.6588, best Val: 0.6656, Test: 0.4120
Training on 657 samples...
Train epoch: 101 [0/657 (0%)]	Loss: 0.732046
Make prediction for 657 samples...
Make prediction for 93 samples...
Make prediction for 92 samples...
EarlyStopping counter: 23 out of 30
Epoch: 100, Train Loss: 0.7177, Metric: r2, Train: 0.9100, Val: 0.6551, best Val: 0.6656, Test: 0.3939
Training on 657 samples...
Train epoch: 102 [0/657 (0%)]	Loss: 0.717246
Make prediction for 657 samples...
Make prediction for 93 samples...
Make prediction for 92 samples...
EarlyStopping counter: 24 out of 30
Epoch: 101, Train Loss: 0.7119, Metric: r2, Train: 0.9132, Val: 0.6346, best Val: 0.6656, Test: 0.3723
Training on 657 samples...
Train epoch: 103 [0/657 (0%)]	Loss: 0.720665
Make prediction for 657 samples...
Make prediction for 93 samples...
Make prediction for 92 samples...
EarlyStopping counter: 25 out of 30
Epoch: 102, Train Loss: 0.7101, Metric: r2, Train: 0.9128, Val: 0.6223, best Val: 0.6656, Test: 0.4020
Training on 657 samples...
Train epoch: 104 [0/657 (0%)]	Loss: 0.726339
Make prediction for 657 samples...
Make prediction for 93 samples...
Make prediction for 92 samples...
EarlyStopping counter: 26 out of 30
Epoch: 103, Train Loss: 0.7262, Metric: r2, Train: 0.9101, Val: 0.6099, best Val: 0.6656, Test: 0.3449
Training on 657 samples...
Train epoch: 105 [0/657 (0%)]	Loss: 0.725484
Make prediction for 657 samples...
Make prediction for 93 samples...
Make prediction for 92 samples...
EarlyStopping counter: 27 out of 30
Epoch: 104, Train Loss: 0.7137, Metric: r2, Train: 0.8990, Val: 0.6012, best Val: 0.6656, Test: 0.3101
Training on 657 samples...
Train epoch: 106 [0/657 (0%)]	Loss: 0.731812
Make prediction for 657 samples...
Make prediction for 93 samples...
Make prediction for 92 samples...
EarlyStopping counter: 28 out of 30
Epoch: 105, Train Loss: 0.7170, Metric: r2, Train: 0.9111, Val: 0.6142, best Val: 0.6656, Test: 0.3548
Training on 657 samples...
Train epoch: 107 [0/657 (0%)]	Loss: 0.715386
Make prediction for 657 samples...
Make prediction for 93 samples...
Make prediction for 92 samples...
EarlyStopping counter: 29 out of 30
Epoch: 106, Train Loss: 0.7071, Metric: r2, Train: 0.9063, Val: 0.5803, best Val: 0.6656, Test: 0.3032
Training on 657 samples...
Train epoch: 108 [0/657 (0%)]	Loss: 0.731993
Make prediction for 657 samples...
Make prediction for 93 samples...
Make prediction for 92 samples...
EarlyStopping counter: 30 out of 30
Epoch: 107, Train Loss: 0.7132, Metric: r2, Train: 0.9159, Val: 0.5879, best Val: 0.6656, Test: 0.3259
out of patience!
******Caco2_Perimeter_2034, 3th_time_result******
train_result: 0.8373
val_result: 0.6656
test_result: 0.5098
Current seed: 2054
Pre-processed data found: data/processed/Caco2_Perimeter_2034/Caco2_Perimeter_2034_train.pt, loading ...
Pre-processed data found: data/processed/Caco2_Perimeter_2034/Caco2_Perimeter_2034_valid.pt, loading ...
Pre-processed data found: data/processed/Caco2_Perimeter_2034/Caco2_Perimeter_2034_test.pt, loading ...
trainset mean:-5.221658229827881 std:0.7607361674308777
Training on 657 samples...
Train epoch: 1 [0/657 (0%)]	Loss: 1.643421
Make prediction for 657 samples...
Make prediction for 93 samples...
Make prediction for 92 samples...
Make prediction for 92 samples...
Epoch: 000, Train Loss: 1.7167, Metric: r2, Train: -0.0606, Val: -0.0641, best Val: -0.0641, Test: -0.0945
Training on 657 samples...
Train epoch: 2 [0/657 (0%)]	Loss: 1.812758
Make prediction for 657 samples...
Make prediction for 93 samples...
Make prediction for 92 samples...
Make prediction for 92 samples...
Epoch: 001, Train Loss: 1.6477, Metric: r2, Train: -0.0011, Val: 0.0106, best Val: 0.0106, Test: -0.0003
Training on 657 samples...
Train epoch: 3 [0/657 (0%)]	Loss: 1.565364
Make prediction for 657 samples...
Make prediction for 93 samples...
Make prediction for 92 samples...
Make prediction for 92 samples...
Epoch: 002, Train Loss: 1.6196, Metric: r2, Train: 0.0047, Val: 0.0160, best Val: 0.0160, Test: -0.0114
Training on 657 samples...
Train epoch: 4 [0/657 (0%)]	Loss: 1.478392
Make prediction for 657 samples...
Make prediction for 93 samples...
Make prediction for 92 samples...
EarlyStopping counter: 1 out of 30
Epoch: 003, Train Loss: 1.6127, Metric: r2, Train: -0.0030, Val: 0.0116, best Val: 0.0160, Test: -0.0288
Training on 657 samples...
Train epoch: 5 [0/657 (0%)]	Loss: 1.697561
Make prediction for 657 samples...
Make prediction for 93 samples...
Make prediction for 92 samples...
Make prediction for 92 samples...
Epoch: 004, Train Loss: 1.6062, Metric: r2, Train: 0.0083, Val: 0.0409, best Val: 0.0409, Test: 0.0023
Training on 657 samples...
Train epoch: 6 [0/657 (0%)]	Loss: 1.480906
Make prediction for 657 samples...
Make prediction for 93 samples...
Make prediction for 92 samples...
Make prediction for 92 samples...
Epoch: 005, Train Loss: 1.6122, Metric: r2, Train: 0.0181, Val: 0.0591, best Val: 0.0591, Test: -0.0039
Training on 657 samples...
Train epoch: 7 [0/657 (0%)]	Loss: 1.658327
Make prediction for 657 samples...
Make prediction for 93 samples...
Make prediction for 92 samples...
Make prediction for 92 samples...
Epoch: 006, Train Loss: 1.6145, Metric: r2, Train: 0.0162, Val: 0.0596, best Val: 0.0596, Test: -0.0284
Training on 657 samples...
Train epoch: 8 [0/657 (0%)]	Loss: 1.595262
Make prediction for 657 samples...
Make prediction for 93 samples...
Make prediction for 92 samples...
Make prediction for 92 samples...
Epoch: 007, Train Loss: 1.5943, Metric: r2, Train: 0.0196, Val: 0.0856, best Val: 0.0856, Test: -0.0011
Training on 657 samples...
Train epoch: 9 [0/657 (0%)]	Loss: 1.545781
Make prediction for 657 samples...
Make prediction for 93 samples...
Make prediction for 92 samples...
Make prediction for 92 samples...
Epoch: 008, Train Loss: 1.5871, Metric: r2, Train: 0.0372, Val: 0.1133, best Val: 0.1133, Test: -0.0188
Training on 657 samples...
Train epoch: 10 [0/657 (0%)]	Loss: 1.578704
Make prediction for 657 samples...
Make prediction for 93 samples...
Make prediction for 92 samples...
Make prediction for 92 samples...
Epoch: 009, Train Loss: 1.5752, Metric: r2, Train: 0.0446, Val: 0.1373, best Val: 0.1373, Test: -0.0299
Training on 657 samples...
Train epoch: 11 [0/657 (0%)]	Loss: 1.619484
Make prediction for 657 samples...
Make prediction for 93 samples...
Make prediction for 92 samples...
Make prediction for 92 samples...
Epoch: 010, Train Loss: 1.5647, Metric: r2, Train: 0.0488, Val: 0.1580, best Val: 0.1580, Test: -0.0144
Training on 657 samples...
Train epoch: 12 [0/657 (0%)]	Loss: 1.514772
Make prediction for 657 samples...
Make prediction for 93 samples...
Make prediction for 92 samples...
Make prediction for 92 samples...
Epoch: 011, Train Loss: 1.5668, Metric: r2, Train: 0.0731, Val: 0.1859, best Val: 0.1859, Test: -0.0208
Training on 657 samples...
Train epoch: 13 [0/657 (0%)]	Loss: 1.439918
Make prediction for 657 samples...
Make prediction for 93 samples...
Make prediction for 92 samples...
Make prediction for 92 samples...
Epoch: 012, Train Loss: 1.5472, Metric: r2, Train: 0.0835, Val: 0.1995, best Val: 0.1995, Test: -0.0401
Training on 657 samples...
Train epoch: 14 [0/657 (0%)]	Loss: 1.638278
Make prediction for 657 samples...
Make prediction for 93 samples...
Make prediction for 92 samples...
Make prediction for 92 samples...
Epoch: 013, Train Loss: 1.5174, Metric: r2, Train: 0.1247, Val: 0.2446, best Val: 0.2446, Test: 0.0451
Training on 657 samples...
Train epoch: 15 [0/657 (0%)]	Loss: 1.506984
Make prediction for 657 samples...
Make prediction for 93 samples...
Make prediction for 92 samples...
Make prediction for 92 samples...
Epoch: 014, Train Loss: 1.4689, Metric: r2, Train: 0.1844, Val: 0.2754, best Val: 0.2754, Test: 0.0651
Training on 657 samples...
Train epoch: 16 [0/657 (0%)]	Loss: 1.484941
Make prediction for 657 samples...
Make prediction for 93 samples...
Make prediction for 92 samples...
Make prediction for 92 samples...
Epoch: 015, Train Loss: 1.4165, Metric: r2, Train: 0.2665, Val: 0.3166, best Val: 0.3166, Test: 0.1834
Training on 657 samples...
Train epoch: 17 [0/657 (0%)]	Loss: 1.364576
Make prediction for 657 samples...
Make prediction for 93 samples...
Make prediction for 92 samples...
Make prediction for 92 samples...
Epoch: 016, Train Loss: 1.3370, Metric: r2, Train: 0.2896, Val: 0.3441, best Val: 0.3441, Test: 0.3359
Training on 657 samples...
Train epoch: 18 [0/657 (0%)]	Loss: 1.269476
Make prediction for 657 samples...
Make prediction for 93 samples...
Make prediction for 92 samples...
EarlyStopping counter: 1 out of 30
Epoch: 017, Train Loss: 1.3131, Metric: r2, Train: 0.3496, Val: 0.3236, best Val: 0.3441, Test: 0.4095
Training on 657 samples...
Train epoch: 19 [0/657 (0%)]	Loss: 1.324587
Make prediction for 657 samples...
Make prediction for 93 samples...
Make prediction for 92 samples...
EarlyStopping counter: 2 out of 30
Epoch: 018, Train Loss: 1.2841, Metric: r2, Train: 0.4003, Val: 0.2472, best Val: 0.3441, Test: 0.3948
Training on 657 samples...
Train epoch: 20 [0/657 (0%)]	Loss: 1.271137
Make prediction for 657 samples...
Make prediction for 93 samples...
Make prediction for 92 samples...
EarlyStopping counter: 3 out of 30
Epoch: 019, Train Loss: 1.2686, Metric: r2, Train: 0.3569, Val: 0.1212, best Val: 0.3441, Test: 0.2924
Training on 657 samples...
Train epoch: 21 [0/657 (0%)]	Loss: 1.275811
Make prediction for 657 samples...
Make prediction for 93 samples...
Make prediction for 92 samples...
Make prediction for 92 samples...
Epoch: 020, Train Loss: 1.2337, Metric: r2, Train: 0.4301, Val: 0.3548, best Val: 0.3548, Test: 0.4611
Training on 657 samples...
Train epoch: 22 [0/657 (0%)]	Loss: 1.155835
Make prediction for 657 samples...
Make prediction for 93 samples...
Make prediction for 92 samples...
EarlyStopping counter: 1 out of 30
Epoch: 021, Train Loss: 1.1821, Metric: r2, Train: 0.4793, Val: 0.3238, best Val: 0.3548, Test: 0.4781
Training on 657 samples...
Train epoch: 23 [0/657 (0%)]	Loss: 1.164520
Make prediction for 657 samples...
Make prediction for 93 samples...
Make prediction for 92 samples...
EarlyStopping counter: 2 out of 30
Epoch: 022, Train Loss: 1.1893, Metric: r2, Train: 0.4176, Val: 0.0808, best Val: 0.3548, Test: 0.3393
Training on 657 samples...
Train epoch: 24 [0/657 (0%)]	Loss: 1.207905
Make prediction for 657 samples...
Make prediction for 93 samples...
Make prediction for 92 samples...
Make prediction for 92 samples...
Epoch: 023, Train Loss: 1.1607, Metric: r2, Train: 0.3040, Val: 0.3846, best Val: 0.3846, Test: 0.3662
Training on 657 samples...
Train epoch: 25 [0/657 (0%)]	Loss: 1.278284
Make prediction for 657 samples...
Make prediction for 93 samples...
Make prediction for 92 samples...
EarlyStopping counter: 1 out of 30
Epoch: 024, Train Loss: 1.2105, Metric: r2, Train: 0.4521, Val: 0.0878, best Val: 0.3846, Test: 0.3653
Training on 657 samples...
Train epoch: 26 [0/657 (0%)]	Loss: 1.235821
Make prediction for 657 samples...
Make prediction for 93 samples...
Make prediction for 92 samples...
EarlyStopping counter: 2 out of 30
Epoch: 025, Train Loss: 1.2047, Metric: r2, Train: 0.5303, Val: 0.3656, best Val: 0.3846, Test: 0.4905
Training on 657 samples...
Train epoch: 27 [0/657 (0%)]	Loss: 1.142922
Make prediction for 657 samples...
Make prediction for 93 samples...
Make prediction for 92 samples...
EarlyStopping counter: 3 out of 30
Epoch: 026, Train Loss: 1.1729, Metric: r2, Train: 0.5318, Val: 0.3602, best Val: 0.3846, Test: 0.4798
Training on 657 samples...
Train epoch: 28 [0/657 (0%)]	Loss: 1.119446
Make prediction for 657 samples...
Make prediction for 93 samples...
Make prediction for 92 samples...
EarlyStopping counter: 4 out of 30
Epoch: 027, Train Loss: 1.1461, Metric: r2, Train: 0.5320, Val: 0.3741, best Val: 0.3846, Test: 0.4747
Training on 657 samples...
Train epoch: 29 [0/657 (0%)]	Loss: 1.108890
Make prediction for 657 samples...
Make prediction for 93 samples...
Make prediction for 92 samples...
EarlyStopping counter: 5 out of 30
Epoch: 028, Train Loss: 1.1273, Metric: r2, Train: 0.5514, Val: 0.3019, best Val: 0.3846, Test: 0.4637
Training on 657 samples...
Train epoch: 30 [0/657 (0%)]	Loss: 1.049860
Make prediction for 657 samples...
Make prediction for 93 samples...
Make prediction for 92 samples...
EarlyStopping counter: 6 out of 30
Epoch: 029, Train Loss: 1.1185, Metric: r2, Train: 0.5567, Val: 0.3759, best Val: 0.3846, Test: 0.4975
Training on 657 samples...
Train epoch: 31 [0/657 (0%)]	Loss: 1.145565
Make prediction for 657 samples...
Make prediction for 93 samples...
Make prediction for 92 samples...
EarlyStopping counter: 7 out of 30
Epoch: 030, Train Loss: 1.0945, Metric: r2, Train: 0.5758, Val: 0.2760, best Val: 0.3846, Test: 0.4801
Training on 657 samples...
Train epoch: 32 [0/657 (0%)]	Loss: 1.043937
Make prediction for 657 samples...
Make prediction for 93 samples...
Make prediction for 92 samples...
EarlyStopping counter: 8 out of 30
Epoch: 031, Train Loss: 1.0591, Metric: r2, Train: 0.5863, Val: 0.3616, best Val: 0.3846, Test: 0.5182
Training on 657 samples...
Train epoch: 33 [0/657 (0%)]	Loss: 1.042665
Make prediction for 657 samples...
Make prediction for 93 samples...
Make prediction for 92 samples...
EarlyStopping counter: 9 out of 30
Epoch: 032, Train Loss: 1.0419, Metric: r2, Train: 0.6040, Val: 0.2951, best Val: 0.3846, Test: 0.5011
Training on 657 samples...
Train epoch: 34 [0/657 (0%)]	Loss: 1.052664
Make prediction for 657 samples...
Make prediction for 93 samples...
Make prediction for 92 samples...
EarlyStopping counter: 10 out of 30
Epoch: 033, Train Loss: 1.0307, Metric: r2, Train: 0.6166, Val: 0.3002, best Val: 0.3846, Test: 0.4901
Training on 657 samples...
Train epoch: 35 [0/657 (0%)]	Loss: 1.006168
Make prediction for 657 samples...
Make prediction for 93 samples...
Make prediction for 92 samples...
Make prediction for 92 samples...
Epoch: 034, Train Loss: 1.0450, Metric: r2, Train: 0.5589, Val: 0.4159, best Val: 0.4159, Test: 0.4764
Training on 657 samples...
Train epoch: 36 [0/657 (0%)]	Loss: 1.079634
Make prediction for 657 samples...
Make prediction for 93 samples...
Make prediction for 92 samples...
EarlyStopping counter: 1 out of 30
Epoch: 035, Train Loss: 1.0829, Metric: r2, Train: 0.5523, Val: 0.1332, best Val: 0.4159, Test: 0.3243
Training on 657 samples...
Train epoch: 37 [0/657 (0%)]	Loss: 1.064068
Make prediction for 657 samples...
Make prediction for 93 samples...
Make prediction for 92 samples...
Make prediction for 92 samples...
Epoch: 036, Train Loss: 1.0510, Metric: r2, Train: 0.5365, Val: 0.4424, best Val: 0.4424, Test: 0.4311
Training on 657 samples...
Train epoch: 38 [0/657 (0%)]	Loss: 1.056136
Make prediction for 657 samples...
Make prediction for 93 samples...
Make prediction for 92 samples...
EarlyStopping counter: 1 out of 30
Epoch: 037, Train Loss: 1.0774, Metric: r2, Train: 0.5972, Val: 0.2505, best Val: 0.4424, Test: 0.3528
Training on 657 samples...
Train epoch: 39 [0/657 (0%)]	Loss: 1.045471
Make prediction for 657 samples...
Make prediction for 93 samples...
Make prediction for 92 samples...
Make prediction for 92 samples...
Epoch: 038, Train Loss: 1.0211, Metric: r2, Train: 0.5739, Val: 0.4522, best Val: 0.4522, Test: 0.4448
Training on 657 samples...
Train epoch: 40 [0/657 (0%)]	Loss: 1.025948
Make prediction for 657 samples...
Make prediction for 93 samples...
Make prediction for 92 samples...
EarlyStopping counter: 1 out of 30
Epoch: 039, Train Loss: 1.0274, Metric: r2, Train: 0.5545, Val: 0.0985, best Val: 0.4522, Test: 0.2512
Training on 657 samples...
Train epoch: 41 [0/657 (0%)]	Loss: 1.119410
Make prediction for 657 samples...
Make prediction for 93 samples...
Make prediction for 92 samples...
EarlyStopping counter: 2 out of 30
Epoch: 040, Train Loss: 1.0397, Metric: r2, Train: 0.6203, Val: 0.4278, best Val: 0.4522, Test: 0.4589
Training on 657 samples...
Train epoch: 42 [0/657 (0%)]	Loss: 0.987282
Make prediction for 657 samples...
Make prediction for 93 samples...
Make prediction for 92 samples...
EarlyStopping counter: 3 out of 30
Epoch: 041, Train Loss: 0.9850, Metric: r2, Train: 0.6275, Val: 0.2108, best Val: 0.4522, Test: 0.3394
Training on 657 samples...
Train epoch: 43 [0/657 (0%)]	Loss: 0.991642
Make prediction for 657 samples...
Make prediction for 93 samples...
Make prediction for 92 samples...
EarlyStopping counter: 4 out of 30
Epoch: 042, Train Loss: 0.9730, Metric: r2, Train: 0.6519, Val: 0.4134, best Val: 0.4522, Test: 0.4510
Training on 657 samples...
Train epoch: 44 [0/657 (0%)]	Loss: 0.997475
Make prediction for 657 samples...
Make prediction for 93 samples...
Make prediction for 92 samples...
EarlyStopping counter: 5 out of 30
Epoch: 043, Train Loss: 0.9575, Metric: r2, Train: 0.6672, Val: 0.2669, best Val: 0.4522, Test: 0.3641
Training on 657 samples...
Train epoch: 45 [0/657 (0%)]	Loss: 0.938785
Make prediction for 657 samples...
Make prediction for 93 samples...
Make prediction for 92 samples...
EarlyStopping counter: 6 out of 30
Epoch: 044, Train Loss: 0.9548, Metric: r2, Train: 0.6682, Val: 0.4141, best Val: 0.4522, Test: 0.4383
Training on 657 samples...
Train epoch: 46 [0/657 (0%)]	Loss: 1.002992
Make prediction for 657 samples...
Make prediction for 93 samples...
Make prediction for 92 samples...
EarlyStopping counter: 7 out of 30
Epoch: 045, Train Loss: 0.9471, Metric: r2, Train: 0.6799, Val: 0.2918, best Val: 0.4522, Test: 0.3364
Training on 657 samples...
Train epoch: 47 [0/657 (0%)]	Loss: 0.971844
Make prediction for 657 samples...
Make prediction for 93 samples...
Make prediction for 92 samples...
EarlyStopping counter: 8 out of 30
Epoch: 046, Train Loss: 0.9365, Metric: r2, Train: 0.7068, Val: 0.3845, best Val: 0.4522, Test: 0.3986
Training on 657 samples...
Train epoch: 48 [0/657 (0%)]	Loss: 0.896890
Make prediction for 657 samples...
Make prediction for 93 samples...
Make prediction for 92 samples...
EarlyStopping counter: 9 out of 30
Epoch: 047, Train Loss: 0.9128, Metric: r2, Train: 0.7091, Val: 0.4212, best Val: 0.4522, Test: 0.4197
Training on 657 samples...
Train epoch: 49 [0/657 (0%)]	Loss: 0.947340
Make prediction for 657 samples...
Make prediction for 93 samples...
Make prediction for 92 samples...
EarlyStopping counter: 10 out of 30
Epoch: 048, Train Loss: 0.9104, Metric: r2, Train: 0.7202, Val: 0.3752, best Val: 0.4522, Test: 0.3959
Training on 657 samples...
Train epoch: 50 [0/657 (0%)]	Loss: 0.878482
Make prediction for 657 samples...
Make prediction for 93 samples...
Make prediction for 92 samples...
EarlyStopping counter: 11 out of 30
Epoch: 049, Train Loss: 0.9096, Metric: r2, Train: 0.7255, Val: 0.4058, best Val: 0.4522, Test: 0.4134
Training on 657 samples...
Train epoch: 51 [0/657 (0%)]	Loss: 0.884594
Make prediction for 657 samples...
Make prediction for 93 samples...
Make prediction for 92 samples...
EarlyStopping counter: 12 out of 30
Epoch: 050, Train Loss: 0.9147, Metric: r2, Train: 0.6954, Val: 0.4482, best Val: 0.4522, Test: 0.4104
Training on 657 samples...
Train epoch: 52 [0/657 (0%)]	Loss: 0.947313
Make prediction for 657 samples...
Make prediction for 93 samples...
Make prediction for 92 samples...
EarlyStopping counter: 13 out of 30
Epoch: 051, Train Loss: 0.9202, Metric: r2, Train: 0.7290, Val: 0.3578, best Val: 0.4522, Test: 0.3093
Training on 657 samples...
Train epoch: 53 [0/657 (0%)]	Loss: 0.907220
Make prediction for 657 samples...
Make prediction for 93 samples...
Make prediction for 92 samples...
EarlyStopping counter: 14 out of 30
Epoch: 052, Train Loss: 0.9121, Metric: r2, Train: 0.7192, Val: 0.3361, best Val: 0.4522, Test: 0.2771
Training on 657 samples...
Train epoch: 54 [0/657 (0%)]	Loss: 0.914927
Make prediction for 657 samples...
Make prediction for 93 samples...
Make prediction for 92 samples...
EarlyStopping counter: 15 out of 30
Epoch: 053, Train Loss: 0.8987, Metric: r2, Train: 0.7474, Val: 0.4420, best Val: 0.4522, Test: 0.4173
Training on 657 samples...
Train epoch: 55 [0/657 (0%)]	Loss: 0.905752
Make prediction for 657 samples...
Make prediction for 93 samples...
Make prediction for 92 samples...
Make prediction for 92 samples...
Epoch: 054, Train Loss: 0.8846, Metric: r2, Train: 0.6998, Val: 0.4691, best Val: 0.4691, Test: 0.4630
Training on 657 samples...
Train epoch: 56 [0/657 (0%)]	Loss: 0.986392
Make prediction for 657 samples...
Make prediction for 93 samples...
Make prediction for 92 samples...
EarlyStopping counter: 1 out of 30
Epoch: 055, Train Loss: 0.9044, Metric: r2, Train: 0.7513, Val: 0.4604, best Val: 0.4691, Test: 0.4509
Training on 657 samples...
Train epoch: 57 [0/657 (0%)]	Loss: 0.916701
Make prediction for 657 samples...
Make prediction for 93 samples...
Make prediction for 92 samples...
EarlyStopping counter: 2 out of 30
Epoch: 056, Train Loss: 0.8837, Metric: r2, Train: 0.7619, Val: 0.4543, best Val: 0.4691, Test: 0.4285
Training on 657 samples...
Train epoch: 58 [0/657 (0%)]	Loss: 0.883970
Make prediction for 657 samples...
Make prediction for 93 samples...
Make prediction for 92 samples...
EarlyStopping counter: 3 out of 30
Epoch: 057, Train Loss: 0.8727, Metric: r2, Train: 0.7240, Val: 0.2849, best Val: 0.4691, Test: 0.2596
Training on 657 samples...
Train epoch: 59 [0/657 (0%)]	Loss: 0.946295
Make prediction for 657 samples...
Make prediction for 93 samples...
Make prediction for 92 samples...
EarlyStopping counter: 4 out of 30
Epoch: 058, Train Loss: 0.8860, Metric: r2, Train: 0.7729, Val: 0.3849, best Val: 0.4691, Test: 0.3714
Training on 657 samples...
Train epoch: 60 [0/657 (0%)]	Loss: 0.876742
Make prediction for 657 samples...
Make prediction for 93 samples...
Make prediction for 92 samples...
EarlyStopping counter: 5 out of 30
Epoch: 059, Train Loss: 0.8874, Metric: r2, Train: 0.6353, Val: 0.4622, best Val: 0.4691, Test: 0.4327
Training on 657 samples...
Train epoch: 61 [0/657 (0%)]	Loss: 0.969417
Make prediction for 657 samples...
Make prediction for 93 samples...
Make prediction for 92 samples...
Make prediction for 92 samples...
Epoch: 060, Train Loss: 0.9349, Metric: r2, Train: 0.7670, Val: 0.4809, best Val: 0.4809, Test: 0.4642
Training on 657 samples...
Train epoch: 62 [0/657 (0%)]	Loss: 0.872896
Make prediction for 657 samples...
Make prediction for 93 samples...
Make prediction for 92 samples...
EarlyStopping counter: 1 out of 30
Epoch: 061, Train Loss: 0.8895, Metric: r2, Train: 0.6488, Val: 0.1968, best Val: 0.4809, Test: 0.1388
Training on 657 samples...
Train epoch: 63 [0/657 (0%)]	Loss: 0.957541
Make prediction for 657 samples...
Make prediction for 93 samples...
Make prediction for 92 samples...
Make prediction for 92 samples...
Epoch: 062, Train Loss: 0.9190, Metric: r2, Train: 0.7033, Val: 0.4838, best Val: 0.4838, Test: 0.4767
Training on 657 samples...
Train epoch: 64 [0/657 (0%)]	Loss: 0.957214
Make prediction for 657 samples...
Make prediction for 93 samples...
Make prediction for 92 samples...
EarlyStopping counter: 1 out of 30
Epoch: 063, Train Loss: 0.9038, Metric: r2, Train: 0.7858, Val: 0.4354, best Val: 0.4838, Test: 0.4651
Training on 657 samples...
Train epoch: 65 [0/657 (0%)]	Loss: 0.875054
Make prediction for 657 samples...
Make prediction for 93 samples...
Make prediction for 92 samples...
EarlyStopping counter: 2 out of 30
Epoch: 064, Train Loss: 0.8759, Metric: r2, Train: 0.7545, Val: 0.3141, best Val: 0.4838, Test: 0.3239
Training on 657 samples...
Train epoch: 66 [0/657 (0%)]	Loss: 0.880727
Make prediction for 657 samples...
Make prediction for 93 samples...
Make prediction for 92 samples...
EarlyStopping counter: 3 out of 30
Epoch: 065, Train Loss: 0.8672, Metric: r2, Train: 0.7906, Val: 0.4521, best Val: 0.4838, Test: 0.4621
Training on 657 samples...
Train epoch: 67 [0/657 (0%)]	Loss: 0.831776
Make prediction for 657 samples...
Make prediction for 93 samples...
Make prediction for 92 samples...
EarlyStopping counter: 4 out of 30
Epoch: 066, Train Loss: 0.8390, Metric: r2, Train: 0.7947, Val: 0.4612, best Val: 0.4838, Test: 0.4765
Training on 657 samples...
Train epoch: 68 [0/657 (0%)]	Loss: 0.856541
Make prediction for 657 samples...
Make prediction for 93 samples...
Make prediction for 92 samples...
EarlyStopping counter: 5 out of 30
Epoch: 067, Train Loss: 0.8440, Metric: r2, Train: 0.7337, Val: 0.2759, best Val: 0.4838, Test: 0.2546
Training on 657 samples...
Train epoch: 69 [0/657 (0%)]	Loss: 0.910366
Make prediction for 657 samples...
Make prediction for 93 samples...
Make prediction for 92 samples...
EarlyStopping counter: 6 out of 30
Epoch: 068, Train Loss: 0.8750, Metric: r2, Train: 0.8065, Val: 0.4744, best Val: 0.4838, Test: 0.4659
Training on 657 samples...
Train epoch: 70 [0/657 (0%)]	Loss: 0.835295
Make prediction for 657 samples...
Make prediction for 93 samples...
Make prediction for 92 samples...
Make prediction for 92 samples...
Epoch: 069, Train Loss: 0.8564, Metric: r2, Train: 0.7671, Val: 0.5144, best Val: 0.5144, Test: 0.4916
Training on 657 samples...
Train epoch: 71 [0/657 (0%)]	Loss: 0.872555
Make prediction for 657 samples...
Make prediction for 93 samples...
Make prediction for 92 samples...
EarlyStopping counter: 1 out of 30
Epoch: 070, Train Loss: 0.8507, Metric: r2, Train: 0.7726, Val: 0.3459, best Val: 0.5144, Test: 0.3257
Training on 657 samples...
Train epoch: 72 [0/657 (0%)]	Loss: 0.897476
Make prediction for 657 samples...
Make prediction for 93 samples...
Make prediction for 92 samples...
EarlyStopping counter: 2 out of 30
Epoch: 071, Train Loss: 0.8388, Metric: r2, Train: 0.8153, Val: 0.4672, best Val: 0.5144, Test: 0.5060
Training on 657 samples...
Train epoch: 73 [0/657 (0%)]	Loss: 0.840868
Make prediction for 657 samples...
Make prediction for 93 samples...
Make prediction for 92 samples...
EarlyStopping counter: 3 out of 30
Epoch: 072, Train Loss: 0.8199, Metric: r2, Train: 0.7986, Val: 0.4820, best Val: 0.5144, Test: 0.5258
Training on 657 samples...
Train epoch: 74 [0/657 (0%)]	Loss: 0.834280
Make prediction for 657 samples...
Make prediction for 93 samples...
Make prediction for 92 samples...
EarlyStopping counter: 4 out of 30
Epoch: 073, Train Loss: 0.8190, Metric: r2, Train: 0.8132, Val: 0.4040, best Val: 0.5144, Test: 0.3977
Training on 657 samples...
Train epoch: 75 [0/657 (0%)]	Loss: 0.816977
Make prediction for 657 samples...
Make prediction for 93 samples...
Make prediction for 92 samples...
EarlyStopping counter: 5 out of 30
Epoch: 074, Train Loss: 0.8106, Metric: r2, Train: 0.8251, Val: 0.4311, best Val: 0.5144, Test: 0.4151
Training on 657 samples...
Train epoch: 76 [0/657 (0%)]	Loss: 0.825858
Make prediction for 657 samples...
Make prediction for 93 samples...
Make prediction for 92 samples...
EarlyStopping counter: 6 out of 30
Epoch: 075, Train Loss: 0.8070, Metric: r2, Train: 0.8136, Val: 0.4712, best Val: 0.5144, Test: 0.4460
Training on 657 samples...
Train epoch: 77 [0/657 (0%)]	Loss: 0.822290
Make prediction for 657 samples...
Make prediction for 93 samples...
Make prediction for 92 samples...
EarlyStopping counter: 7 out of 30
Epoch: 076, Train Loss: 0.8055, Metric: r2, Train: 0.8209, Val: 0.4844, best Val: 0.5144, Test: 0.4421
Training on 657 samples...
Train epoch: 78 [0/657 (0%)]	Loss: 0.804739
Make prediction for 657 samples...
Make prediction for 93 samples...
Make prediction for 92 samples...
EarlyStopping counter: 8 out of 30
Epoch: 077, Train Loss: 0.8087, Metric: r2, Train: 0.8231, Val: 0.4384, best Val: 0.5144, Test: 0.3273
Training on 657 samples...
Train epoch: 79 [0/657 (0%)]	Loss: 0.818107
Make prediction for 657 samples...
Make prediction for 93 samples...
Make prediction for 92 samples...
EarlyStopping counter: 9 out of 30
Epoch: 078, Train Loss: 0.8078, Metric: r2, Train: 0.8058, Val: 0.4239, best Val: 0.5144, Test: 0.3019
Training on 657 samples...
Train epoch: 80 [0/657 (0%)]	Loss: 0.814130
Make prediction for 657 samples...
Make prediction for 93 samples...
Make prediction for 92 samples...
EarlyStopping counter: 10 out of 30
Epoch: 079, Train Loss: 0.8139, Metric: r2, Train: 0.7949, Val: 0.5073, best Val: 0.5144, Test: 0.5089
Training on 657 samples...
Train epoch: 81 [0/657 (0%)]	Loss: 0.833158
Make prediction for 657 samples...
Make prediction for 93 samples...
Make prediction for 92 samples...
EarlyStopping counter: 11 out of 30
Epoch: 080, Train Loss: 0.8169, Metric: r2, Train: 0.8283, Val: 0.5138, best Val: 0.5144, Test: 0.4934
Training on 657 samples...
Train epoch: 82 [0/657 (0%)]	Loss: 0.817515
Make prediction for 657 samples...
Make prediction for 93 samples...
Make prediction for 92 samples...
EarlyStopping counter: 12 out of 30
Epoch: 081, Train Loss: 0.8019, Metric: r2, Train: 0.7610, Val: 0.3568, best Val: 0.5144, Test: 0.2364
Training on 657 samples...
Train epoch: 83 [0/657 (0%)]	Loss: 0.855379
Make prediction for 657 samples...
Make prediction for 93 samples...
Make prediction for 92 samples...
Make prediction for 92 samples...
Epoch: 082, Train Loss: 0.8242, Metric: r2, Train: 0.8453, Val: 0.5145, best Val: 0.5145, Test: 0.4596
Training on 657 samples...
Train epoch: 84 [0/657 (0%)]	Loss: 0.798103
Make prediction for 657 samples...
Make prediction for 93 samples...
Make prediction for 92 samples...
Make prediction for 92 samples...
Epoch: 083, Train Loss: 0.7854, Metric: r2, Train: 0.7971, Val: 0.5357, best Val: 0.5357, Test: 0.5054
Training on 657 samples...
Train epoch: 85 [0/657 (0%)]	Loss: 0.849237
Make prediction for 657 samples...
Make prediction for 93 samples...
Make prediction for 92 samples...
EarlyStopping counter: 1 out of 30
Epoch: 084, Train Loss: 0.8040, Metric: r2, Train: 0.8466, Val: 0.4878, best Val: 0.5357, Test: 0.3900
Training on 657 samples...
Train epoch: 86 [0/657 (0%)]	Loss: 0.781905
Make prediction for 657 samples...
Make prediction for 93 samples...
Make prediction for 92 samples...
EarlyStopping counter: 2 out of 30
Epoch: 085, Train Loss: 0.7752, Metric: r2, Train: 0.8464, Val: 0.4647, best Val: 0.5357, Test: 0.3831
Training on 657 samples...
Train epoch: 87 [0/657 (0%)]	Loss: 0.768489
Make prediction for 657 samples...
Make prediction for 93 samples...
Make prediction for 92 samples...
EarlyStopping counter: 3 out of 30
Epoch: 086, Train Loss: 0.7892, Metric: r2, Train: 0.8496, Val: 0.5243, best Val: 0.5357, Test: 0.4727
Training on 657 samples...
Train epoch: 88 [0/657 (0%)]	Loss: 0.798048
Make prediction for 657 samples...
Make prediction for 93 samples...
Make prediction for 92 samples...
EarlyStopping counter: 4 out of 30
Epoch: 087, Train Loss: 0.7781, Metric: r2, Train: 0.8564, Val: 0.5337, best Val: 0.5357, Test: 0.4577
Training on 657 samples...
Train epoch: 89 [0/657 (0%)]	Loss: 0.789019
Make prediction for 657 samples...
Make prediction for 93 samples...
Make prediction for 92 samples...
EarlyStopping counter: 5 out of 30
Epoch: 088, Train Loss: 0.7709, Metric: r2, Train: 0.7827, Val: 0.3797, best Val: 0.5357, Test: 0.1889
Training on 657 samples...
Train epoch: 90 [0/657 (0%)]	Loss: 0.854572
Make prediction for 657 samples...
Make prediction for 93 samples...
Make prediction for 92 samples...
Make prediction for 92 samples...
Epoch: 089, Train Loss: 0.8060, Metric: r2, Train: 0.8580, Val: 0.5381, best Val: 0.5381, Test: 0.4855
Training on 657 samples...
Train epoch: 91 [0/657 (0%)]	Loss: 0.759218
Make prediction for 657 samples...
Make prediction for 93 samples...
Make prediction for 92 samples...
Make prediction for 92 samples...
Epoch: 090, Train Loss: 0.7725, Metric: r2, Train: 0.8418, Val: 0.5612, best Val: 0.5612, Test: 0.5082
Training on 657 samples...
Train epoch: 92 [0/657 (0%)]	Loss: 0.786616
Make prediction for 657 samples...
Make prediction for 93 samples...
Make prediction for 92 samples...
Make prediction for 92 samples...
Epoch: 091, Train Loss: 0.7754, Metric: r2, Train: 0.8636, Val: 0.5695, best Val: 0.5695, Test: 0.4539
Training on 657 samples...
Train epoch: 93 [0/657 (0%)]	Loss: 0.762210
Make prediction for 657 samples...
Make prediction for 93 samples...
Make prediction for 92 samples...
EarlyStopping counter: 1 out of 30
Epoch: 092, Train Loss: 0.7800, Metric: r2, Train: 0.8375, Val: 0.5046, best Val: 0.5695, Test: 0.2890
Training on 657 samples...
Train epoch: 94 [0/657 (0%)]	Loss: 0.772649
Make prediction for 657 samples...
Make prediction for 93 samples...
Make prediction for 92 samples...
EarlyStopping counter: 2 out of 30
Epoch: 093, Train Loss: 0.7625, Metric: r2, Train: 0.8498, Val: 0.5494, best Val: 0.5695, Test: 0.4626
Training on 657 samples...
Train epoch: 95 [0/657 (0%)]	Loss: 0.792213
Make prediction for 657 samples...
Make prediction for 93 samples...
Make prediction for 92 samples...
EarlyStopping counter: 3 out of 30
Epoch: 094, Train Loss: 0.7720, Metric: r2, Train: 0.8597, Val: 0.5509, best Val: 0.5695, Test: 0.4504
Training on 657 samples...
Train epoch: 96 [0/657 (0%)]	Loss: 0.779419
Make prediction for 657 samples...
Make prediction for 93 samples...
Make prediction for 92 samples...
EarlyStopping counter: 4 out of 30
Epoch: 095, Train Loss: 0.7657, Metric: r2, Train: 0.8657, Val: 0.5590, best Val: 0.5695, Test: 0.4416
Training on 657 samples...
Train epoch: 97 [0/657 (0%)]	Loss: 0.748139
Make prediction for 657 samples...
Make prediction for 93 samples...
Make prediction for 92 samples...
EarlyStopping counter: 5 out of 30
Epoch: 096, Train Loss: 0.7532, Metric: r2, Train: 0.8732, Val: 0.5463, best Val: 0.5695, Test: 0.3672
Training on 657 samples...
Train epoch: 98 [0/657 (0%)]	Loss: 0.751755
Make prediction for 657 samples...
Make prediction for 93 samples...
Make prediction for 92 samples...
EarlyStopping counter: 6 out of 30
Epoch: 097, Train Loss: 0.7603, Metric: r2, Train: 0.8661, Val: 0.5291, best Val: 0.5695, Test: 0.3129
Training on 657 samples...
Train epoch: 99 [0/657 (0%)]	Loss: 0.782986
Make prediction for 657 samples...
Make prediction for 93 samples...
Make prediction for 92 samples...
EarlyStopping counter: 7 out of 30
Epoch: 098, Train Loss: 0.7519, Metric: r2, Train: 0.8812, Val: 0.5334, best Val: 0.5695, Test: 0.3641
Training on 657 samples...
Train epoch: 100 [0/657 (0%)]	Loss: 0.761783
Make prediction for 657 samples...
Make prediction for 93 samples...
Make prediction for 92 samples...
EarlyStopping counter: 8 out of 30
Epoch: 099, Train Loss: 0.7454, Metric: r2, Train: 0.8825, Val: 0.5383, best Val: 0.5695, Test: 0.4079
Training on 657 samples...
Train epoch: 101 [0/657 (0%)]	Loss: 0.748597
Make prediction for 657 samples...
Make prediction for 93 samples...
Make prediction for 92 samples...
EarlyStopping counter: 9 out of 30
Epoch: 100, Train Loss: 0.7429, Metric: r2, Train: 0.8823, Val: 0.5549, best Val: 0.5695, Test: 0.4228
Training on 657 samples...
Train epoch: 102 [0/657 (0%)]	Loss: 0.771468
Make prediction for 657 samples...
Make prediction for 93 samples...
Make prediction for 92 samples...
EarlyStopping counter: 10 out of 30
Epoch: 101, Train Loss: 0.7466, Metric: r2, Train: 0.8600, Val: 0.5684, best Val: 0.5695, Test: 0.4598
Training on 657 samples...
Train epoch: 103 [0/657 (0%)]	Loss: 0.787177
Make prediction for 657 samples...
Make prediction for 93 samples...
Make prediction for 92 samples...
Make prediction for 92 samples...
Epoch: 102, Train Loss: 0.7546, Metric: r2, Train: 0.8822, Val: 0.5697, best Val: 0.5697, Test: 0.4250
Training on 657 samples...
Train epoch: 104 [0/657 (0%)]	Loss: 0.749812
Make prediction for 657 samples...
Make prediction for 93 samples...
Make prediction for 92 samples...
EarlyStopping counter: 1 out of 30
Epoch: 103, Train Loss: 0.7445, Metric: r2, Train: 0.8004, Val: 0.4251, best Val: 0.5697, Test: 0.0951
Training on 657 samples...
Train epoch: 105 [0/657 (0%)]	Loss: 0.848904
Make prediction for 657 samples...
Make prediction for 93 samples...
Make prediction for 92 samples...
EarlyStopping counter: 2 out of 30
Epoch: 104, Train Loss: 0.8166, Metric: r2, Train: 0.7872, Val: 0.4417, best Val: 0.5697, Test: 0.0972
Training on 657 samples...
Train epoch: 106 [0/657 (0%)]	Loss: 0.890403
Make prediction for 657 samples...
Make prediction for 93 samples...
Make prediction for 92 samples...
EarlyStopping counter: 3 out of 30
Epoch: 105, Train Loss: 0.8000, Metric: r2, Train: 0.8858, Val: 0.5558, best Val: 0.5697, Test: 0.4439
Training on 657 samples...
Train epoch: 107 [0/657 (0%)]	Loss: 0.737357
Make prediction for 657 samples...
Make prediction for 93 samples...
Make prediction for 92 samples...
EarlyStopping counter: 4 out of 30
Epoch: 106, Train Loss: 0.7573, Metric: r2, Train: 0.8858, Val: 0.5484, best Val: 0.5697, Test: 0.4936
Training on 657 samples...
Train epoch: 108 [0/657 (0%)]	Loss: 0.750099
Make prediction for 657 samples...
Make prediction for 93 samples...
Make prediction for 92 samples...
EarlyStopping counter: 5 out of 30
Epoch: 107, Train Loss: 0.7346, Metric: r2, Train: 0.8907, Val: 0.5241, best Val: 0.5697, Test: 0.4697
Training on 657 samples...
Train epoch: 109 [0/657 (0%)]	Loss: 0.744779
Make prediction for 657 samples...
Make prediction for 93 samples...
Make prediction for 92 samples...
EarlyStopping counter: 6 out of 30
Epoch: 108, Train Loss: 0.7322, Metric: r2, Train: 0.8920, Val: 0.4832, best Val: 0.5697, Test: 0.3995
Training on 657 samples...
Train epoch: 110 [0/657 (0%)]	Loss: 0.740120
Make prediction for 657 samples...
Make prediction for 93 samples...
Make prediction for 92 samples...
EarlyStopping counter: 7 out of 30
Epoch: 109, Train Loss: 0.7353, Metric: r2, Train: 0.8919, Val: 0.4771, best Val: 0.5697, Test: 0.3540
Training on 657 samples...
Train epoch: 111 [0/657 (0%)]	Loss: 0.760854
Make prediction for 657 samples...
Make prediction for 93 samples...
Make prediction for 92 samples...
EarlyStopping counter: 8 out of 30
Epoch: 110, Train Loss: 0.7420, Metric: r2, Train: 0.8959, Val: 0.5161, best Val: 0.5697, Test: 0.3947
Training on 657 samples...
Train epoch: 112 [0/657 (0%)]	Loss: 0.736344
Make prediction for 657 samples...
Make prediction for 93 samples...
Make prediction for 92 samples...
EarlyStopping counter: 9 out of 30
Epoch: 111, Train Loss: 0.7268, Metric: r2, Train: 0.8828, Val: 0.5440, best Val: 0.5697, Test: 0.4126
Training on 657 samples...
Train epoch: 113 [0/657 (0%)]	Loss: 0.750922
Make prediction for 657 samples...
Make prediction for 93 samples...
Make prediction for 92 samples...
EarlyStopping counter: 10 out of 30
Epoch: 112, Train Loss: 0.7323, Metric: r2, Train: 0.8781, Val: 0.5501, best Val: 0.5697, Test: 0.4342
Training on 657 samples...
Train epoch: 114 [0/657 (0%)]	Loss: 0.757908
Make prediction for 657 samples...
Make prediction for 93 samples...
Make prediction for 92 samples...
EarlyStopping counter: 11 out of 30
Epoch: 113, Train Loss: 0.7387, Metric: r2, Train: 0.9015, Val: 0.5287, best Val: 0.5697, Test: 0.3703
Training on 657 samples...
Train epoch: 115 [0/657 (0%)]	Loss: 0.739224
Make prediction for 657 samples...
Make prediction for 93 samples...
Make prediction for 92 samples...
EarlyStopping counter: 12 out of 30
Epoch: 114, Train Loss: 0.7371, Metric: r2, Train: 0.9001, Val: 0.5150, best Val: 0.5697, Test: 0.3582
Training on 657 samples...
Train epoch: 116 [0/657 (0%)]	Loss: 0.760332
Make prediction for 657 samples...
Make prediction for 93 samples...
Make prediction for 92 samples...
EarlyStopping counter: 13 out of 30
Epoch: 115, Train Loss: 0.7267, Metric: r2, Train: 0.9039, Val: 0.5026, best Val: 0.5697, Test: 0.3495
Training on 657 samples...
Train epoch: 117 [0/657 (0%)]	Loss: 0.731522
Make prediction for 657 samples...
Make prediction for 93 samples...
Make prediction for 92 samples...
EarlyStopping counter: 14 out of 30
Epoch: 116, Train Loss: 0.7240, Metric: r2, Train: 0.9068, Val: 0.5162, best Val: 0.5697, Test: 0.3322
Training on 657 samples...
Train epoch: 118 [0/657 (0%)]	Loss: 0.742874
Make prediction for 657 samples...
Make prediction for 93 samples...
Make prediction for 92 samples...
EarlyStopping counter: 15 out of 30
Epoch: 117, Train Loss: 0.7268, Metric: r2, Train: 0.9055, Val: 0.5407, best Val: 0.5697, Test: 0.2753
Training on 657 samples...
Train epoch: 119 [0/657 (0%)]	Loss: 0.724627
Make prediction for 657 samples...
Make prediction for 93 samples...
Make prediction for 92 samples...
EarlyStopping counter: 16 out of 30
Epoch: 118, Train Loss: 0.7304, Metric: r2, Train: 0.8944, Val: 0.5129, best Val: 0.5697, Test: 0.1886
Training on 657 samples...
Train epoch: 120 [0/657 (0%)]	Loss: 0.744144
Make prediction for 657 samples...
Make prediction for 93 samples...
Make prediction for 92 samples...
EarlyStopping counter: 17 out of 30
Epoch: 119, Train Loss: 0.7223, Metric: r2, Train: 0.8969, Val: 0.5089, best Val: 0.5697, Test: 0.2140
Training on 657 samples...
Train epoch: 121 [0/657 (0%)]	Loss: 0.739234
Make prediction for 657 samples...
Make prediction for 93 samples...
Make prediction for 92 samples...
EarlyStopping counter: 18 out of 30
Epoch: 120, Train Loss: 0.7272, Metric: r2, Train: 0.9113, Val: 0.5489, best Val: 0.5697, Test: 0.3018
Training on 657 samples...
Train epoch: 122 [0/657 (0%)]	Loss: 0.720816
Make prediction for 657 samples...
Make prediction for 93 samples...
Make prediction for 92 samples...
EarlyStopping counter: 19 out of 30
Epoch: 121, Train Loss: 0.7112, Metric: r2, Train: 0.9115, Val: 0.5317, best Val: 0.5697, Test: 0.2825
Training on 657 samples...
Train epoch: 123 [0/657 (0%)]	Loss: 0.728755
Make prediction for 657 samples...
Make prediction for 93 samples...
Make prediction for 92 samples...
EarlyStopping counter: 20 out of 30
Epoch: 122, Train Loss: 0.7295, Metric: r2, Train: 0.9078, Val: 0.5150, best Val: 0.5697, Test: 0.2537
Training on 657 samples...
Train epoch: 124 [0/657 (0%)]	Loss: 0.732724
Make prediction for 657 samples...
Make prediction for 93 samples...
Make prediction for 92 samples...
Make prediction for 92 samples...
Epoch: 123, Train Loss: 0.7245, Metric: r2, Train: 0.8956, Val: 0.5900, best Val: 0.5900, Test: 0.4099
Training on 657 samples...
Train epoch: 125 [0/657 (0%)]	Loss: 0.739029
Make prediction for 657 samples...
Make prediction for 93 samples...
Make prediction for 92 samples...
EarlyStopping counter: 1 out of 30
Epoch: 124, Train Loss: 0.7300, Metric: r2, Train: 0.8726, Val: 0.5891, best Val: 0.5900, Test: 0.4506
Training on 657 samples...
Train epoch: 126 [0/657 (0%)]	Loss: 0.774016
Make prediction for 657 samples...
Make prediction for 93 samples...
Make prediction for 92 samples...
EarlyStopping counter: 2 out of 30
Epoch: 125, Train Loss: 0.7363, Metric: r2, Train: 0.9103, Val: 0.5759, best Val: 0.5900, Test: 0.4083
Training on 657 samples...
Train epoch: 127 [0/657 (0%)]	Loss: 0.718898
Make prediction for 657 samples...
Make prediction for 93 samples...
Make prediction for 92 samples...
EarlyStopping counter: 3 out of 30
Epoch: 126, Train Loss: 0.7084, Metric: r2, Train: 0.9106, Val: 0.5679, best Val: 0.5900, Test: 0.4018
Training on 657 samples...
Train epoch: 128 [0/657 (0%)]	Loss: 0.722124
Make prediction for 657 samples...
Make prediction for 93 samples...
Make prediction for 92 samples...
EarlyStopping counter: 4 out of 30
Epoch: 127, Train Loss: 0.7110, Metric: r2, Train: 0.9086, Val: 0.5599, best Val: 0.5900, Test: 0.4007
Training on 657 samples...
Train epoch: 129 [0/657 (0%)]	Loss: 0.728915
Make prediction for 657 samples...
Make prediction for 93 samples...
Make prediction for 92 samples...
EarlyStopping counter: 5 out of 30
Epoch: 128, Train Loss: 0.7107, Metric: r2, Train: 0.9183, Val: 0.5790, best Val: 0.5900, Test: 0.3579
Training on 657 samples...
Train epoch: 130 [0/657 (0%)]	Loss: 0.714500
Make prediction for 657 samples...
Make prediction for 93 samples...
Make prediction for 92 samples...
EarlyStopping counter: 6 out of 30
Epoch: 129, Train Loss: 0.7025, Metric: r2, Train: 0.8950, Val: 0.5122, best Val: 0.5900, Test: 0.1448
Training on 657 samples...
Train epoch: 131 [0/657 (0%)]	Loss: 0.747928
Make prediction for 657 samples...
Make prediction for 93 samples...
Make prediction for 92 samples...
EarlyStopping counter: 7 out of 30
Epoch: 130, Train Loss: 0.7275, Metric: r2, Train: 0.8653, Val: 0.4428, best Val: 0.5900, Test: 0.0487
Training on 657 samples...
Train epoch: 132 [0/657 (0%)]	Loss: 0.742733
Make prediction for 657 samples...
Make prediction for 93 samples...
Make prediction for 92 samples...
EarlyStopping counter: 8 out of 30
Epoch: 131, Train Loss: 0.7255, Metric: r2, Train: 0.8851, Val: 0.4507, best Val: 0.5900, Test: 0.1289
Training on 657 samples...
Train epoch: 133 [0/657 (0%)]	Loss: 0.739270
Make prediction for 657 samples...
Make prediction for 93 samples...
Make prediction for 92 samples...
EarlyStopping counter: 9 out of 30
Epoch: 132, Train Loss: 0.7224, Metric: r2, Train: 0.8921, Val: 0.4764, best Val: 0.5900, Test: 0.1851
Training on 657 samples...
Train epoch: 134 [0/657 (0%)]	Loss: 0.750176
Make prediction for 657 samples...
Make prediction for 93 samples...
Make prediction for 92 samples...
EarlyStopping counter: 10 out of 30
Epoch: 133, Train Loss: 0.7376, Metric: r2, Train: 0.9168, Val: 0.5715, best Val: 0.5900, Test: 0.3613
Training on 657 samples...
Train epoch: 135 [0/657 (0%)]	Loss: 0.699895
Make prediction for 657 samples...
Make prediction for 93 samples...
Make prediction for 92 samples...
EarlyStopping counter: 11 out of 30
Epoch: 134, Train Loss: 0.7371, Metric: r2, Train: 0.8920, Val: 0.5845, best Val: 0.5900, Test: 0.4389
Training on 657 samples...
Train epoch: 136 [0/657 (0%)]	Loss: 0.730603
Make prediction for 657 samples...
Make prediction for 93 samples...
Make prediction for 92 samples...
EarlyStopping counter: 12 out of 30
Epoch: 135, Train Loss: 0.7223, Metric: r2, Train: 0.7950, Val: 0.5697, best Val: 0.5900, Test: 0.4424
Training on 657 samples...
Train epoch: 137 [0/657 (0%)]	Loss: 0.859198
Make prediction for 657 samples...
Make prediction for 93 samples...
Make prediction for 92 samples...
Make prediction for 92 samples...
Epoch: 136, Train Loss: 0.7708, Metric: r2, Train: 0.9050, Val: 0.6212, best Val: 0.6212, Test: 0.3695
Training on 657 samples...
Train epoch: 138 [0/657 (0%)]	Loss: 0.736259
Make prediction for 657 samples...
Make prediction for 93 samples...
Make prediction for 92 samples...
EarlyStopping counter: 1 out of 30
Epoch: 137, Train Loss: 0.7209, Metric: r2, Train: 0.8607, Val: 0.4663, best Val: 0.6212, Test: 0.0843
Training on 657 samples...
Train epoch: 139 [0/657 (0%)]	Loss: 0.772978
Make prediction for 657 samples...
Make prediction for 93 samples...
Make prediction for 92 samples...
EarlyStopping counter: 2 out of 30
Epoch: 138, Train Loss: 0.7389, Metric: r2, Train: 0.9140, Val: 0.5580, best Val: 0.6212, Test: 0.2926
Training on 657 samples...
Train epoch: 140 [0/657 (0%)]	Loss: 0.715164
Make prediction for 657 samples...
Make prediction for 93 samples...
Make prediction for 92 samples...
EarlyStopping counter: 3 out of 30
Epoch: 139, Train Loss: 0.7138, Metric: r2, Train: 0.8767, Val: 0.6199, best Val: 0.6212, Test: 0.4625
Training on 657 samples...
Train epoch: 141 [0/657 (0%)]	Loss: 0.755541
Make prediction for 657 samples...
Make prediction for 93 samples...
Make prediction for 92 samples...
EarlyStopping counter: 4 out of 30
Epoch: 140, Train Loss: 0.7315, Metric: r2, Train: 0.9088, Val: 0.6153, best Val: 0.6212, Test: 0.4449
Training on 657 samples...
Train epoch: 142 [0/657 (0%)]	Loss: 0.716740
Make prediction for 657 samples...
Make prediction for 93 samples...
Make prediction for 92 samples...
EarlyStopping counter: 5 out of 30
Epoch: 141, Train Loss: 0.7121, Metric: r2, Train: 0.9226, Val: 0.5728, best Val: 0.6212, Test: 0.2997
Training on 657 samples...
Train epoch: 143 [0/657 (0%)]	Loss: 0.715494
Make prediction for 657 samples...
Make prediction for 93 samples...
Make prediction for 92 samples...
EarlyStopping counter: 6 out of 30
Epoch: 142, Train Loss: 0.7061, Metric: r2, Train: 0.9144, Val: 0.5476, best Val: 0.6212, Test: 0.2258
Training on 657 samples...
Train epoch: 144 [0/657 (0%)]	Loss: 0.717998
Make prediction for 657 samples...
Make prediction for 93 samples...
Make prediction for 92 samples...
EarlyStopping counter: 7 out of 30
Epoch: 143, Train Loss: 0.7048, Metric: r2, Train: 0.9055, Val: 0.5328, best Val: 0.6212, Test: 0.1570
Training on 657 samples...
Train epoch: 145 [0/657 (0%)]	Loss: 0.739352
Make prediction for 657 samples...
Make prediction for 93 samples...
Make prediction for 92 samples...
EarlyStopping counter: 8 out of 30
Epoch: 144, Train Loss: 0.7130, Metric: r2, Train: 0.9195, Val: 0.5600, best Val: 0.6212, Test: 0.2010
Training on 657 samples...
Train epoch: 146 [0/657 (0%)]	Loss: 0.713374
Make prediction for 657 samples...
Make prediction for 93 samples...
Make prediction for 92 samples...
Make prediction for 92 samples...
Epoch: 145, Train Loss: 0.7100, Metric: r2, Train: 0.8990, Val: 0.6321, best Val: 0.6321, Test: 0.3934
Training on 657 samples...
Train epoch: 147 [0/657 (0%)]	Loss: 0.731695
Make prediction for 657 samples...
Make prediction for 93 samples...
Make prediction for 92 samples...
EarlyStopping counter: 1 out of 30
Epoch: 146, Train Loss: 0.7121, Metric: r2, Train: 0.9069, Val: 0.6097, best Val: 0.6321, Test: 0.3895
Training on 657 samples...
Train epoch: 148 [0/657 (0%)]	Loss: 0.721605
Make prediction for 657 samples...
Make prediction for 93 samples...
Make prediction for 92 samples...
EarlyStopping counter: 2 out of 30
Epoch: 147, Train Loss: 0.7046, Metric: r2, Train: 0.9124, Val: 0.5041, best Val: 0.6321, Test: 0.1695
Training on 657 samples...
Train epoch: 149 [0/657 (0%)]	Loss: 0.723039
Make prediction for 657 samples...
Make prediction for 93 samples...
Make prediction for 92 samples...
EarlyStopping counter: 3 out of 30
Epoch: 148, Train Loss: 0.7159, Metric: r2, Train: 0.8231, Val: 0.4144, best Val: 0.6321, Test: -0.0342
Training on 657 samples...
Train epoch: 150 [0/657 (0%)]	Loss: 0.808950
Make prediction for 657 samples...
Make prediction for 93 samples...
Make prediction for 92 samples...
EarlyStopping counter: 4 out of 30
Epoch: 149, Train Loss: 0.7475, Metric: r2, Train: 0.9020, Val: 0.6018, best Val: 0.6321, Test: 0.4006
Training on 657 samples...
Train epoch: 151 [0/657 (0%)]	Loss: 0.730655
Make prediction for 657 samples...
Make prediction for 93 samples...
Make prediction for 92 samples...
EarlyStopping counter: 5 out of 30
Epoch: 150, Train Loss: 0.7216, Metric: r2, Train: 0.8863, Val: 0.5883, best Val: 0.6321, Test: 0.4385
Training on 657 samples...
Train epoch: 152 [0/657 (0%)]	Loss: 0.763393
Make prediction for 657 samples...
Make prediction for 93 samples...
Make prediction for 92 samples...
EarlyStopping counter: 6 out of 30
Epoch: 151, Train Loss: 0.7253, Metric: r2, Train: 0.9293, Val: 0.5819, best Val: 0.6321, Test: 0.3630
Training on 657 samples...
Train epoch: 153 [0/657 (0%)]	Loss: 0.702301
Make prediction for 657 samples...
Make prediction for 93 samples...
Make prediction for 92 samples...
EarlyStopping counter: 7 out of 30
Epoch: 152, Train Loss: 0.7127, Metric: r2, Train: 0.8253, Val: 0.4649, best Val: 0.6321, Test: -0.0171
Training on 657 samples...
Train epoch: 154 [0/657 (0%)]	Loss: 0.812421
Make prediction for 657 samples...
Make prediction for 93 samples...
Make prediction for 92 samples...
EarlyStopping counter: 8 out of 30
Epoch: 153, Train Loss: 0.7475, Metric: r2, Train: 0.9282, Val: 0.6102, best Val: 0.6321, Test: 0.3048
Training on 657 samples...
Train epoch: 155 [0/657 (0%)]	Loss: 0.703393
Make prediction for 657 samples...
Make prediction for 93 samples...
Make prediction for 92 samples...
EarlyStopping counter: 9 out of 30
Epoch: 154, Train Loss: 0.7123, Metric: r2, Train: 0.8928, Val: 0.6211, best Val: 0.6321, Test: 0.3906
Training on 657 samples...
Train epoch: 156 [0/657 (0%)]	Loss: 0.731625
Make prediction for 657 samples...
Make prediction for 93 samples...
Make prediction for 92 samples...
EarlyStopping counter: 10 out of 30
Epoch: 155, Train Loss: 0.7152, Metric: r2, Train: 0.9246, Val: 0.6191, best Val: 0.6321, Test: 0.3429
Training on 657 samples...
Train epoch: 157 [0/657 (0%)]	Loss: 0.702263
Make prediction for 657 samples...
Make prediction for 93 samples...
Make prediction for 92 samples...
EarlyStopping counter: 11 out of 30
Epoch: 156, Train Loss: 0.7050, Metric: r2, Train: 0.8911, Val: 0.5223, best Val: 0.6321, Test: 0.1184
Training on 657 samples...
Train epoch: 158 [0/657 (0%)]	Loss: 0.750099
Make prediction for 657 samples...
Make prediction for 93 samples...
Make prediction for 92 samples...
EarlyStopping counter: 12 out of 30
Epoch: 157, Train Loss: 0.7180, Metric: r2, Train: 0.9269, Val: 0.5675, best Val: 0.6321, Test: 0.2263
Training on 657 samples...
Train epoch: 159 [0/657 (0%)]	Loss: 0.717423
Make prediction for 657 samples...
Make prediction for 93 samples...
Make prediction for 92 samples...
EarlyStopping counter: 13 out of 30
Epoch: 158, Train Loss: 0.6975, Metric: r2, Train: 0.9207, Val: 0.5980, best Val: 0.6321, Test: 0.3612
Training on 657 samples...
Train epoch: 160 [0/657 (0%)]	Loss: 0.711138
Make prediction for 657 samples...
Make prediction for 93 samples...
Make prediction for 92 samples...
EarlyStopping counter: 14 out of 30
Epoch: 159, Train Loss: 0.6913, Metric: r2, Train: 0.9366, Val: 0.5665, best Val: 0.6321, Test: 0.2930
Training on 657 samples...
Train epoch: 161 [0/657 (0%)]	Loss: 0.698255
Make prediction for 657 samples...
Make prediction for 93 samples...
Make prediction for 92 samples...
EarlyStopping counter: 15 out of 30
Epoch: 160, Train Loss: 0.6879, Metric: r2, Train: 0.9366, Val: 0.5486, best Val: 0.6321, Test: 0.2967
Training on 657 samples...
Train epoch: 162 [0/657 (0%)]	Loss: 0.700495
Make prediction for 657 samples...
Make prediction for 93 samples...
Make prediction for 92 samples...
EarlyStopping counter: 16 out of 30
Epoch: 161, Train Loss: 0.6887, Metric: r2, Train: 0.9361, Val: 0.5333, best Val: 0.6321, Test: 0.2772
Training on 657 samples...
Train epoch: 163 [0/657 (0%)]	Loss: 0.703985
Make prediction for 657 samples...
Make prediction for 93 samples...
Make prediction for 92 samples...
EarlyStopping counter: 17 out of 30
Epoch: 162, Train Loss: 0.6890, Metric: r2, Train: 0.9356, Val: 0.5495, best Val: 0.6321, Test: 0.2534
Training on 657 samples...
Train epoch: 164 [0/657 (0%)]	Loss: 0.704091
Make prediction for 657 samples...
Make prediction for 93 samples...
Make prediction for 92 samples...
EarlyStopping counter: 18 out of 30
Epoch: 163, Train Loss: 0.6821, Metric: r2, Train: 0.9378, Val: 0.6009, best Val: 0.6321, Test: 0.3252
Training on 657 samples...
Train epoch: 165 [0/657 (0%)]	Loss: 0.698435
Make prediction for 657 samples...
Make prediction for 93 samples...
Make prediction for 92 samples...
EarlyStopping counter: 19 out of 30
Epoch: 164, Train Loss: 0.6866, Metric: r2, Train: 0.9398, Val: 0.5947, best Val: 0.6321, Test: 0.2932
Training on 657 samples...
Train epoch: 166 [0/657 (0%)]	Loss: 0.691169
Make prediction for 657 samples...
Make prediction for 93 samples...
Make prediction for 92 samples...
EarlyStopping counter: 20 out of 30
Epoch: 165, Train Loss: 0.6828, Metric: r2, Train: 0.9415, Val: 0.5832, best Val: 0.6321, Test: 0.2693
Training on 657 samples...
Train epoch: 167 [0/657 (0%)]	Loss: 0.692522
Make prediction for 657 samples...
Make prediction for 93 samples...
Make prediction for 92 samples...
EarlyStopping counter: 21 out of 30
Epoch: 166, Train Loss: 0.6795, Metric: r2, Train: 0.9383, Val: 0.5884, best Val: 0.6321, Test: 0.2783
Training on 657 samples...
Train epoch: 168 [0/657 (0%)]	Loss: 0.694173
Make prediction for 657 samples...
Make prediction for 93 samples...
Make prediction for 92 samples...
EarlyStopping counter: 22 out of 30
Epoch: 167, Train Loss: 0.6816, Metric: r2, Train: 0.9184, Val: 0.5949, best Val: 0.6321, Test: 0.3728
Training on 657 samples...
Train epoch: 169 [0/657 (0%)]	Loss: 0.734534
Make prediction for 657 samples...
Make prediction for 93 samples...
Make prediction for 92 samples...
EarlyStopping counter: 23 out of 30
Epoch: 168, Train Loss: 0.6920, Metric: r2, Train: 0.9366, Val: 0.6072, best Val: 0.6321, Test: 0.3650
Training on 657 samples...
Train epoch: 170 [0/657 (0%)]	Loss: 0.690543
Make prediction for 657 samples...
Make prediction for 93 samples...
Make prediction for 92 samples...
EarlyStopping counter: 24 out of 30
Epoch: 169, Train Loss: 0.6860, Metric: r2, Train: 0.9425, Val: 0.5766, best Val: 0.6321, Test: 0.2459
Training on 657 samples...
Train epoch: 171 [0/657 (0%)]	Loss: 0.685571
Make prediction for 657 samples...
Make prediction for 93 samples...
Make prediction for 92 samples...
EarlyStopping counter: 25 out of 30
Epoch: 170, Train Loss: 0.6918, Metric: r2, Train: 0.9094, Val: 0.5202, best Val: 0.6321, Test: 0.0803
Training on 657 samples...
Train epoch: 172 [0/657 (0%)]	Loss: 0.723111
Make prediction for 657 samples...
Make prediction for 93 samples...
Make prediction for 92 samples...
EarlyStopping counter: 26 out of 30
Epoch: 171, Train Loss: 0.6978, Metric: r2, Train: 0.9259, Val: 0.5301, best Val: 0.6321, Test: 0.1227
Training on 657 samples...
Train epoch: 173 [0/657 (0%)]	Loss: 0.715564
Make prediction for 657 samples...
Make prediction for 93 samples...
Make prediction for 92 samples...
EarlyStopping counter: 27 out of 30
Epoch: 172, Train Loss: 0.6886, Metric: r2, Train: 0.9423, Val: 0.5625, best Val: 0.6321, Test: 0.2004
Training on 657 samples...
Train epoch: 174 [0/657 (0%)]	Loss: 0.694331
Make prediction for 657 samples...
Make prediction for 93 samples...
Make prediction for 92 samples...
EarlyStopping counter: 28 out of 30
Epoch: 173, Train Loss: 0.6842, Metric: r2, Train: 0.9435, Val: 0.6049, best Val: 0.6321, Test: 0.3064
Training on 657 samples...
Train epoch: 175 [0/657 (0%)]	Loss: 0.702234
Make prediction for 657 samples...
Make prediction for 93 samples...
Make prediction for 92 samples...
EarlyStopping counter: 29 out of 30
Epoch: 174, Train Loss: 0.6905, Metric: r2, Train: 0.8912, Val: 0.6175, best Val: 0.6321, Test: 0.3883
Training on 657 samples...
Train epoch: 176 [0/657 (0%)]	Loss: 0.744046
Make prediction for 657 samples...
Make prediction for 93 samples...
Make prediction for 92 samples...
Make prediction for 92 samples...
Epoch: 175, Train Loss: 0.7089, Metric: r2, Train: 0.9387, Val: 0.6375, best Val: 0.6375, Test: 0.3704
Training on 657 samples...
Train epoch: 177 [0/657 (0%)]	Loss: 0.702345
Make prediction for 657 samples...
Make prediction for 93 samples...
Make prediction for 92 samples...
EarlyStopping counter: 1 out of 30
Epoch: 176, Train Loss: 0.6920, Metric: r2, Train: 0.9384, Val: 0.5715, best Val: 0.6375, Test: 0.2248
Training on 657 samples...
Train epoch: 178 [0/657 (0%)]	Loss: 0.694016
Make prediction for 657 samples...
Make prediction for 93 samples...
Make prediction for 92 samples...
EarlyStopping counter: 2 out of 30
Epoch: 177, Train Loss: 0.6896, Metric: r2, Train: 0.8872, Val: 0.4906, best Val: 0.6375, Test: 0.0331
Training on 657 samples...
Train epoch: 179 [0/657 (0%)]	Loss: 0.746349
Make prediction for 657 samples...
Make prediction for 93 samples...
Make prediction for 92 samples...
EarlyStopping counter: 3 out of 30
Epoch: 178, Train Loss: 0.7052, Metric: r2, Train: 0.9380, Val: 0.5725, best Val: 0.6375, Test: 0.1753
Training on 657 samples...
Train epoch: 180 [0/657 (0%)]	Loss: 0.688394
Make prediction for 657 samples...
Make prediction for 93 samples...
Make prediction for 92 samples...
EarlyStopping counter: 4 out of 30
Epoch: 179, Train Loss: 0.7005, Metric: r2, Train: 0.9201, Val: 0.6374, best Val: 0.6375, Test: 0.3630
Training on 657 samples...
Train epoch: 181 [0/657 (0%)]	Loss: 0.722140
Make prediction for 657 samples...
Make prediction for 93 samples...
Make prediction for 92 samples...
Make prediction for 92 samples...
Epoch: 180, Train Loss: 0.7085, Metric: r2, Train: 0.8972, Val: 0.6411, best Val: 0.6411, Test: 0.4014
Training on 657 samples...
Train epoch: 182 [0/657 (0%)]	Loss: 0.735934
Make prediction for 657 samples...
Make prediction for 93 samples...
Make prediction for 92 samples...
EarlyStopping counter: 1 out of 30
Epoch: 181, Train Loss: 0.6981, Metric: r2, Train: 0.9463, Val: 0.6174, best Val: 0.6411, Test: 0.2674
Training on 657 samples...
Train epoch: 183 [0/657 (0%)]	Loss: 0.686806
Make prediction for 657 samples...
Make prediction for 93 samples...
Make prediction for 92 samples...
EarlyStopping counter: 2 out of 30
Epoch: 182, Train Loss: 0.6822, Metric: r2, Train: 0.9453, Val: 0.5910, best Val: 0.6411, Test: 0.2421
Training on 657 samples...
Train epoch: 184 [0/657 (0%)]	Loss: 0.689204
Make prediction for 657 samples...
Make prediction for 93 samples...
Make prediction for 92 samples...
EarlyStopping counter: 3 out of 30
Epoch: 183, Train Loss: 0.6722, Metric: r2, Train: 0.9491, Val: 0.5945, best Val: 0.6411, Test: 0.2824
Training on 657 samples...
Train epoch: 185 [0/657 (0%)]	Loss: 0.690998
Make prediction for 657 samples...
Make prediction for 93 samples...
Make prediction for 92 samples...
EarlyStopping counter: 4 out of 30
Epoch: 184, Train Loss: 0.6737, Metric: r2, Train: 0.9458, Val: 0.5626, best Val: 0.6411, Test: 0.2409
Training on 657 samples...
Train epoch: 186 [0/657 (0%)]	Loss: 0.677099
Make prediction for 657 samples...
Make prediction for 93 samples...
Make prediction for 92 samples...
EarlyStopping counter: 5 out of 30
Epoch: 185, Train Loss: 0.6687, Metric: r2, Train: 0.9512, Val: 0.6051, best Val: 0.6411, Test: 0.3294
Training on 657 samples...
Train epoch: 187 [0/657 (0%)]	Loss: 0.686876
Make prediction for 657 samples...
Make prediction for 93 samples...
Make prediction for 92 samples...
EarlyStopping counter: 6 out of 30
Epoch: 186, Train Loss: 0.6726, Metric: r2, Train: 0.9503, Val: 0.6121, best Val: 0.6411, Test: 0.3401
Training on 657 samples...
Train epoch: 188 [0/657 (0%)]	Loss: 0.680782
Make prediction for 657 samples...
Make prediction for 93 samples...
Make prediction for 92 samples...
EarlyStopping counter: 7 out of 30
Epoch: 187, Train Loss: 0.6682, Metric: r2, Train: 0.9534, Val: 0.5825, best Val: 0.6411, Test: 0.2743
Training on 657 samples...
Train epoch: 189 [0/657 (0%)]	Loss: 0.686389
Make prediction for 657 samples...
Make prediction for 93 samples...
Make prediction for 92 samples...
EarlyStopping counter: 8 out of 30
Epoch: 188, Train Loss: 0.6713, Metric: r2, Train: 0.9520, Val: 0.5881, best Val: 0.6411, Test: 0.3008
Training on 657 samples...
Train epoch: 190 [0/657 (0%)]	Loss: 0.673077
Make prediction for 657 samples...
Make prediction for 93 samples...
Make prediction for 92 samples...
EarlyStopping counter: 9 out of 30
Epoch: 189, Train Loss: 0.6658, Metric: r2, Train: 0.9479, Val: 0.5642, best Val: 0.6411, Test: 0.2033
Training on 657 samples...
Train epoch: 191 [0/657 (0%)]	Loss: 0.682184
Make prediction for 657 samples...
Make prediction for 93 samples...
Make prediction for 92 samples...
EarlyStopping counter: 10 out of 30
Epoch: 190, Train Loss: 0.6715, Metric: r2, Train: 0.9511, Val: 0.5944, best Val: 0.6411, Test: 0.2063
Training on 657 samples...
Train epoch: 192 [0/657 (0%)]	Loss: 0.682993
Make prediction for 657 samples...
Make prediction for 93 samples...
Make prediction for 92 samples...
EarlyStopping counter: 11 out of 30
Epoch: 191, Train Loss: 0.6682, Metric: r2, Train: 0.9559, Val: 0.5785, best Val: 0.6411, Test: 0.2080
Training on 657 samples...
Train epoch: 193 [0/657 (0%)]	Loss: 0.673994
Make prediction for 657 samples...
Make prediction for 93 samples...
Make prediction for 92 samples...
EarlyStopping counter: 12 out of 30
Epoch: 192, Train Loss: 0.6711, Metric: r2, Train: 0.9460, Val: 0.6103, best Val: 0.6411, Test: 0.3022
Training on 657 samples...
Train epoch: 194 [0/657 (0%)]	Loss: 0.680916
Make prediction for 657 samples...
Make prediction for 93 samples...
Make prediction for 92 samples...
EarlyStopping counter: 13 out of 30
Epoch: 193, Train Loss: 0.6739, Metric: r2, Train: 0.9534, Val: 0.6167, best Val: 0.6411, Test: 0.2888
Training on 657 samples...
Train epoch: 195 [0/657 (0%)]	Loss: 0.679673
Make prediction for 657 samples...
Make prediction for 93 samples...
Make prediction for 92 samples...
EarlyStopping counter: 14 out of 30
Epoch: 194, Train Loss: 0.6730, Metric: r2, Train: 0.9530, Val: 0.6164, best Val: 0.6411, Test: 0.2974
Training on 657 samples...
Train epoch: 196 [0/657 (0%)]	Loss: 0.678735
Make prediction for 657 samples...
Make prediction for 93 samples...
Make prediction for 92 samples...
EarlyStopping counter: 15 out of 30
Epoch: 195, Train Loss: 0.6750, Metric: r2, Train: 0.9519, Val: 0.5817, best Val: 0.6411, Test: 0.2126
Training on 657 samples...
Train epoch: 197 [0/657 (0%)]	Loss: 0.683855
Make prediction for 657 samples...
Make prediction for 93 samples...
Make prediction for 92 samples...
EarlyStopping counter: 16 out of 30
Epoch: 196, Train Loss: 0.6898, Metric: r2, Train: 0.9459, Val: 0.5914, best Val: 0.6411, Test: 0.2105
Training on 657 samples...
Train epoch: 198 [0/657 (0%)]	Loss: 0.688322
Make prediction for 657 samples...
Make prediction for 93 samples...
Make prediction for 92 samples...
EarlyStopping counter: 17 out of 30
Epoch: 197, Train Loss: 0.6805, Metric: r2, Train: 0.9357, Val: 0.5421, best Val: 0.6411, Test: 0.1361
Training on 657 samples...
Train epoch: 199 [0/657 (0%)]	Loss: 0.704265
Make prediction for 657 samples...
Make prediction for 93 samples...
Make prediction for 92 samples...
EarlyStopping counter: 18 out of 30
Epoch: 198, Train Loss: 0.6835, Metric: r2, Train: 0.9276, Val: 0.5375, best Val: 0.6411, Test: 0.1075
Training on 657 samples...
Train epoch: 200 [0/657 (0%)]	Loss: 0.708760
Make prediction for 657 samples...
Make prediction for 93 samples...
Make prediction for 92 samples...
EarlyStopping counter: 19 out of 30
Epoch: 199, Train Loss: 0.6843, Metric: r2, Train: 0.9352, Val: 0.5391, best Val: 0.6411, Test: 0.1217
Training on 657 samples...
Train epoch: 201 [0/657 (0%)]	Loss: 0.688798
Make prediction for 657 samples...
Make prediction for 93 samples...
Make prediction for 92 samples...
EarlyStopping counter: 20 out of 30
Epoch: 200, Train Loss: 0.6792, Metric: r2, Train: 0.9169, Val: 0.4988, best Val: 0.6411, Test: 0.0509
Training on 657 samples...
Train epoch: 202 [0/657 (0%)]	Loss: 0.707744
Make prediction for 657 samples...
Make prediction for 93 samples...
Make prediction for 92 samples...
EarlyStopping counter: 21 out of 30
Epoch: 201, Train Loss: 0.6853, Metric: r2, Train: 0.9553, Val: 0.6176, best Val: 0.6411, Test: 0.2336
Training on 657 samples...
Train epoch: 203 [0/657 (0%)]	Loss: 0.667699
Make prediction for 657 samples...
Make prediction for 93 samples...
Make prediction for 92 samples...
Make prediction for 92 samples...
Epoch: 202, Train Loss: 0.6834, Metric: r2, Train: 0.9279, Val: 0.6555, best Val: 0.6555, Test: 0.3429
Training on 657 samples...
Train epoch: 204 [0/657 (0%)]	Loss: 0.695928
Make prediction for 657 samples...
Make prediction for 93 samples...
Make prediction for 92 samples...
EarlyStopping counter: 1 out of 30
Epoch: 203, Train Loss: 0.6833, Metric: r2, Train: 0.9193, Val: 0.6518, best Val: 0.6555, Test: 0.3636
Training on 657 samples...
Train epoch: 205 [0/657 (0%)]	Loss: 0.711438
Make prediction for 657 samples...
Make prediction for 93 samples...
Make prediction for 92 samples...
Make prediction for 92 samples...
Epoch: 204, Train Loss: 0.6833, Metric: r2, Train: 0.9218, Val: 0.6639, best Val: 0.6639, Test: 0.3697
Training on 657 samples...
Train epoch: 206 [0/657 (0%)]	Loss: 0.707040
Make prediction for 657 samples...
Make prediction for 93 samples...
Make prediction for 92 samples...
EarlyStopping counter: 1 out of 30
Epoch: 205, Train Loss: 0.6890, Metric: r2, Train: 0.9483, Val: 0.5818, best Val: 0.6639, Test: 0.1995
Training on 657 samples...
Train epoch: 207 [0/657 (0%)]	Loss: 0.683773
Make prediction for 657 samples...
Make prediction for 93 samples...
Make prediction for 92 samples...
EarlyStopping counter: 2 out of 30
Epoch: 206, Train Loss: 0.6789, Metric: r2, Train: 0.9224, Val: 0.5184, best Val: 0.6639, Test: 0.0935
Training on 657 samples...
Train epoch: 208 [0/657 (0%)]	Loss: 0.716867
Make prediction for 657 samples...
Make prediction for 93 samples...
Make prediction for 92 samples...
EarlyStopping counter: 3 out of 30
Epoch: 207, Train Loss: 0.6825, Metric: r2, Train: 0.9399, Val: 0.5569, best Val: 0.6639, Test: 0.1357
Training on 657 samples...
Train epoch: 209 [0/657 (0%)]	Loss: 0.687489
Make prediction for 657 samples...
Make prediction for 93 samples...
Make prediction for 92 samples...
EarlyStopping counter: 4 out of 30
Epoch: 208, Train Loss: 0.6733, Metric: r2, Train: 0.9557, Val: 0.6417, best Val: 0.6639, Test: 0.2860
Training on 657 samples...
Train epoch: 210 [0/657 (0%)]	Loss: 0.680429
Make prediction for 657 samples...
Make prediction for 93 samples...
Make prediction for 92 samples...
EarlyStopping counter: 5 out of 30
Epoch: 209, Train Loss: 0.6848, Metric: r2, Train: 0.9278, Val: 0.6624, best Val: 0.6639, Test: 0.3740
Training on 657 samples...
Train epoch: 211 [0/657 (0%)]	Loss: 0.691412
Make prediction for 657 samples...
Make prediction for 93 samples...
Make prediction for 92 samples...
EarlyStopping counter: 6 out of 30
Epoch: 210, Train Loss: 0.6803, Metric: r2, Train: 0.9372, Val: 0.6458, best Val: 0.6639, Test: 0.3344
Training on 657 samples...
Train epoch: 212 [0/657 (0%)]	Loss: 0.693167
Make prediction for 657 samples...
Make prediction for 93 samples...
Make prediction for 92 samples...
EarlyStopping counter: 7 out of 30
Epoch: 211, Train Loss: 0.6768, Metric: r2, Train: 0.9537, Val: 0.6305, best Val: 0.6639, Test: 0.3068
Training on 657 samples...
Train epoch: 213 [0/657 (0%)]	Loss: 0.681909
Make prediction for 657 samples...
Make prediction for 93 samples...
Make prediction for 92 samples...
EarlyStopping counter: 8 out of 30
Epoch: 212, Train Loss: 0.6721, Metric: r2, Train: 0.9588, Val: 0.5895, best Val: 0.6639, Test: 0.2429
Training on 657 samples...
Train epoch: 214 [0/657 (0%)]	Loss: 0.669591
Make prediction for 657 samples...
Make prediction for 93 samples...
Make prediction for 92 samples...
EarlyStopping counter: 9 out of 30
Epoch: 213, Train Loss: 0.6697, Metric: r2, Train: 0.9585, Val: 0.5929, best Val: 0.6639, Test: 0.2391
Training on 657 samples...
Train epoch: 215 [0/657 (0%)]	Loss: 0.665379
Make prediction for 657 samples...
Make prediction for 93 samples...
Make prediction for 92 samples...
EarlyStopping counter: 10 out of 30
Epoch: 214, Train Loss: 0.6576, Metric: r2, Train: 0.9528, Val: 0.5598, best Val: 0.6639, Test: 0.1715
Training on 657 samples...
Train epoch: 216 [0/657 (0%)]	Loss: 0.678678
Make prediction for 657 samples...
Make prediction for 93 samples...
Make prediction for 92 samples...
EarlyStopping counter: 11 out of 30
Epoch: 215, Train Loss: 0.6606, Metric: r2, Train: 0.9610, Val: 0.5671, best Val: 0.6639, Test: 0.2039
Training on 657 samples...
Train epoch: 217 [0/657 (0%)]	Loss: 0.671117
Make prediction for 657 samples...
Make prediction for 93 samples...
Make prediction for 92 samples...
EarlyStopping counter: 12 out of 30
Epoch: 216, Train Loss: 0.6551, Metric: r2, Train: 0.9583, Val: 0.6307, best Val: 0.6639, Test: 0.2947
Training on 657 samples...
Train epoch: 218 [0/657 (0%)]	Loss: 0.675356
Make prediction for 657 samples...
Make prediction for 93 samples...
Make prediction for 92 samples...
EarlyStopping counter: 13 out of 30
Epoch: 217, Train Loss: 0.6567, Metric: r2, Train: 0.9629, Val: 0.6172, best Val: 0.6639, Test: 0.2237
Training on 657 samples...
Train epoch: 219 [0/657 (0%)]	Loss: 0.664543
Make prediction for 657 samples...
Make prediction for 93 samples...
Make prediction for 92 samples...
EarlyStopping counter: 14 out of 30
Epoch: 218, Train Loss: 0.6571, Metric: r2, Train: 0.9626, Val: 0.5988, best Val: 0.6639, Test: 0.1860
Training on 657 samples...
Train epoch: 220 [0/657 (0%)]	Loss: 0.664382
Make prediction for 657 samples...
Make prediction for 93 samples...
Make prediction for 92 samples...
EarlyStopping counter: 15 out of 30
Epoch: 219, Train Loss: 0.6503, Metric: r2, Train: 0.9629, Val: 0.6050, best Val: 0.6639, Test: 0.1891
Training on 657 samples...
Train epoch: 221 [0/657 (0%)]	Loss: 0.665594
Make prediction for 657 samples...
Make prediction for 93 samples...
Make prediction for 92 samples...
EarlyStopping counter: 16 out of 30
Epoch: 220, Train Loss: 0.6540, Metric: r2, Train: 0.9644, Val: 0.6125, best Val: 0.6639, Test: 0.2545
Training on 657 samples...
Train epoch: 222 [0/657 (0%)]	Loss: 0.659323
Make prediction for 657 samples...
Make prediction for 93 samples...
Make prediction for 92 samples...
EarlyStopping counter: 17 out of 30
Epoch: 221, Train Loss: 0.6487, Metric: r2, Train: 0.9648, Val: 0.6167, best Val: 0.6639, Test: 0.2274
Training on 657 samples...
Train epoch: 223 [0/657 (0%)]	Loss: 0.663083
Make prediction for 657 samples...
Make prediction for 93 samples...
Make prediction for 92 samples...
EarlyStopping counter: 18 out of 30
Epoch: 222, Train Loss: 0.6489, Metric: r2, Train: 0.9579, Val: 0.5771, best Val: 0.6639, Test: 0.1298
Training on 657 samples...
Train epoch: 224 [0/657 (0%)]	Loss: 0.673536
Make prediction for 657 samples...
Make prediction for 93 samples...
Make prediction for 92 samples...
EarlyStopping counter: 19 out of 30
Epoch: 223, Train Loss: 0.6508, Metric: r2, Train: 0.9653, Val: 0.6015, best Val: 0.6639, Test: 0.2014
Training on 657 samples...
Train epoch: 225 [0/657 (0%)]	Loss: 0.664523
Make prediction for 657 samples...
Make prediction for 93 samples...
Make prediction for 92 samples...
EarlyStopping counter: 20 out of 30
Epoch: 224, Train Loss: 0.6464, Metric: r2, Train: 0.9594, Val: 0.5885, best Val: 0.6639, Test: 0.1790
Training on 657 samples...
Train epoch: 226 [0/657 (0%)]	Loss: 0.660688
Make prediction for 657 samples...
Make prediction for 93 samples...
Make prediction for 92 samples...
EarlyStopping counter: 21 out of 30
Epoch: 225, Train Loss: 0.6480, Metric: r2, Train: 0.9662, Val: 0.6067, best Val: 0.6639, Test: 0.2450
Training on 657 samples...
Train epoch: 227 [0/657 (0%)]	Loss: 0.645413
Make prediction for 657 samples...
Make prediction for 93 samples...
Make prediction for 92 samples...
EarlyStopping counter: 22 out of 30
Epoch: 226, Train Loss: 0.6394, Metric: r2, Train: 0.9670, Val: 0.6104, best Val: 0.6639, Test: 0.2429
Training on 657 samples...
Train epoch: 228 [0/657 (0%)]	Loss: 0.644669
Make prediction for 657 samples...
Make prediction for 93 samples...
Make prediction for 92 samples...
EarlyStopping counter: 23 out of 30
Epoch: 227, Train Loss: 0.6424, Metric: r2, Train: 0.9433, Val: 0.6519, best Val: 0.6639, Test: 0.3437
Training on 657 samples...
Train epoch: 229 [0/657 (0%)]	Loss: 0.675566
Make prediction for 657 samples...
Make prediction for 93 samples...
Make prediction for 92 samples...
Make prediction for 92 samples...
Epoch: 228, Train Loss: 0.6543, Metric: r2, Train: 0.9448, Val: 0.6649, best Val: 0.6649, Test: 0.3269
Training on 657 samples...
Train epoch: 230 [0/657 (0%)]	Loss: 0.669214
Make prediction for 657 samples...
Make prediction for 93 samples...
Make prediction for 92 samples...
EarlyStopping counter: 1 out of 30
Epoch: 229, Train Loss: 0.6447, Metric: r2, Train: 0.9430, Val: 0.6511, best Val: 0.6649, Test: 0.3289
Training on 657 samples...
Train epoch: 231 [0/657 (0%)]	Loss: 0.670527
Make prediction for 657 samples...
Make prediction for 93 samples...
Make prediction for 92 samples...
EarlyStopping counter: 2 out of 30
Epoch: 230, Train Loss: 0.6419, Metric: r2, Train: 0.9274, Val: 0.6614, best Val: 0.6649, Test: 0.3709
Training on 657 samples...
Train epoch: 232 [0/657 (0%)]	Loss: 0.668188
Make prediction for 657 samples...
Make prediction for 93 samples...
Make prediction for 92 samples...
Make prediction for 92 samples...
Epoch: 231, Train Loss: 0.6411, Metric: r2, Train: 0.9516, Val: 0.6717, best Val: 0.6717, Test: 0.3239
Training on 657 samples...
Train epoch: 233 [0/657 (0%)]	Loss: 0.648225
Make prediction for 657 samples...
Make prediction for 93 samples...
Make prediction for 92 samples...
EarlyStopping counter: 1 out of 30
Epoch: 232, Train Loss: 0.6307, Metric: r2, Train: 0.9562, Val: 0.6303, best Val: 0.6717, Test: 0.3119
Training on 657 samples...
Train epoch: 234 [0/657 (0%)]	Loss: 0.661539
Make prediction for 657 samples...
Make prediction for 93 samples...
Make prediction for 92 samples...
EarlyStopping counter: 2 out of 30
Epoch: 233, Train Loss: 0.6269, Metric: r2, Train: 0.9619, Val: 0.6110, best Val: 0.6717, Test: 0.3102
Training on 657 samples...
Train epoch: 235 [0/657 (0%)]	Loss: 0.632749
Make prediction for 657 samples...
Make prediction for 93 samples...
Make prediction for 92 samples...
EarlyStopping counter: 3 out of 30
Epoch: 234, Train Loss: 0.6209, Metric: r2, Train: 0.9658, Val: 0.6283, best Val: 0.6717, Test: 0.2989
Training on 657 samples...
Train epoch: 236 [0/657 (0%)]	Loss: 0.619166
Make prediction for 657 samples...
Make prediction for 93 samples...
Make prediction for 92 samples...
EarlyStopping counter: 4 out of 30
Epoch: 235, Train Loss: 0.6239, Metric: r2, Train: 0.9544, Val: 0.5834, best Val: 0.6717, Test: 0.1977
Training on 657 samples...
Train epoch: 237 [0/657 (0%)]	Loss: 0.642382
Make prediction for 657 samples...
Make prediction for 93 samples...
Make prediction for 92 samples...
EarlyStopping counter: 5 out of 30
Epoch: 236, Train Loss: 0.6515, Metric: r2, Train: 0.9505, Val: 0.5988, best Val: 0.6717, Test: 0.2027
Training on 657 samples...
Train epoch: 238 [0/657 (0%)]	Loss: 0.631658
Make prediction for 657 samples...
Make prediction for 93 samples...
Make prediction for 92 samples...
EarlyStopping counter: 6 out of 30
Epoch: 237, Train Loss: 0.6298, Metric: r2, Train: 0.9522, Val: 0.5752, best Val: 0.6717, Test: 0.1957
Training on 657 samples...
Train epoch: 239 [0/657 (0%)]	Loss: 0.625957
Make prediction for 657 samples...
Make prediction for 93 samples...
Make prediction for 92 samples...
EarlyStopping counter: 7 out of 30
Epoch: 238, Train Loss: 0.6147, Metric: r2, Train: 0.9620, Val: 0.5826, best Val: 0.6717, Test: 0.2295
Training on 657 samples...
Train epoch: 240 [0/657 (0%)]	Loss: 0.622122
Make prediction for 657 samples...
Make prediction for 93 samples...
Make prediction for 92 samples...
EarlyStopping counter: 8 out of 30
Epoch: 239, Train Loss: 0.6058, Metric: r2, Train: 0.9396, Val: 0.6020, best Val: 0.6717, Test: 0.1894
Training on 657 samples...
Train epoch: 241 [0/657 (0%)]	Loss: 0.645311
Make prediction for 657 samples...
Make prediction for 93 samples...
Make prediction for 92 samples...
EarlyStopping counter: 9 out of 30
Epoch: 240, Train Loss: 0.6202, Metric: r2, Train: 0.9528, Val: 0.5754, best Val: 0.6717, Test: 0.1785
Training on 657 samples...
Train epoch: 242 [0/657 (0%)]	Loss: 0.628261
Make prediction for 657 samples...
Make prediction for 93 samples...
Make prediction for 92 samples...
EarlyStopping counter: 10 out of 30
Epoch: 241, Train Loss: 0.6097, Metric: r2, Train: 0.9608, Val: 0.5963, best Val: 0.6717, Test: 0.2119
Training on 657 samples...
Train epoch: 243 [0/657 (0%)]	Loss: 0.614839
Make prediction for 657 samples...
Make prediction for 93 samples...
Make prediction for 92 samples...
EarlyStopping counter: 11 out of 30
Epoch: 242, Train Loss: 0.6023, Metric: r2, Train: 0.9598, Val: 0.6128, best Val: 0.6717, Test: 0.2240
Training on 657 samples...
Train epoch: 244 [0/657 (0%)]	Loss: 0.616010
Make prediction for 657 samples...
Make prediction for 93 samples...
Make prediction for 92 samples...
EarlyStopping counter: 12 out of 30
Epoch: 243, Train Loss: 0.6054, Metric: r2, Train: 0.9533, Val: 0.5614, best Val: 0.6717, Test: 0.1838
Training on 657 samples...
Train epoch: 245 [0/657 (0%)]	Loss: 0.623330
Make prediction for 657 samples...
Make prediction for 93 samples...
Make prediction for 92 samples...
EarlyStopping counter: 13 out of 30
Epoch: 244, Train Loss: 0.6068, Metric: r2, Train: 0.9496, Val: 0.5612, best Val: 0.6717, Test: 0.1810
Training on 657 samples...
Train epoch: 246 [0/657 (0%)]	Loss: 0.618012
Make prediction for 657 samples...
Make prediction for 93 samples...
Make prediction for 92 samples...
EarlyStopping counter: 14 out of 30
Epoch: 245, Train Loss: 0.6081, Metric: r2, Train: 0.9603, Val: 0.5959, best Val: 0.6717, Test: 0.2424
Training on 657 samples...
Train epoch: 247 [0/657 (0%)]	Loss: 0.629004
Make prediction for 657 samples...
Make prediction for 93 samples...
Make prediction for 92 samples...
EarlyStopping counter: 15 out of 30
Epoch: 246, Train Loss: 0.6107, Metric: r2, Train: 0.9393, Val: 0.5832, best Val: 0.6717, Test: 0.1244
Training on 657 samples...
Train epoch: 248 [0/657 (0%)]	Loss: 0.647054
Make prediction for 657 samples...
Make prediction for 93 samples...
Make prediction for 92 samples...
EarlyStopping counter: 16 out of 30
Epoch: 247, Train Loss: 0.6203, Metric: r2, Train: 0.9181, Val: 0.5721, best Val: 0.6717, Test: 0.0991
Training on 657 samples...
Train epoch: 249 [0/657 (0%)]	Loss: 0.658242
Make prediction for 657 samples...
Make prediction for 93 samples...
Make prediction for 92 samples...
EarlyStopping counter: 17 out of 30
Epoch: 248, Train Loss: 0.6207, Metric: r2, Train: 0.9480, Val: 0.5710, best Val: 0.6717, Test: 0.1737
Training on 657 samples...
Train epoch: 250 [0/657 (0%)]	Loss: 0.630118
Make prediction for 657 samples...
Make prediction for 93 samples...
Make prediction for 92 samples...
EarlyStopping counter: 18 out of 30
Epoch: 249, Train Loss: 0.6035, Metric: r2, Train: 0.9442, Val: 0.5219, best Val: 0.6717, Test: 0.1806
Training on 657 samples...
Train epoch: 251 [0/657 (0%)]	Loss: 0.630277
Make prediction for 657 samples...
Make prediction for 93 samples...
Make prediction for 92 samples...
EarlyStopping counter: 19 out of 30
Epoch: 250, Train Loss: 0.6160, Metric: r2, Train: 0.9492, Val: 0.5831, best Val: 0.6717, Test: 0.2500
Training on 657 samples...
Train epoch: 252 [0/657 (0%)]	Loss: 0.623258
Make prediction for 657 samples...
Make prediction for 93 samples...
Make prediction for 92 samples...
EarlyStopping counter: 20 out of 30
Epoch: 251, Train Loss: 0.6036, Metric: r2, Train: 0.9453, Val: 0.5570, best Val: 0.6717, Test: 0.1941
Training on 657 samples...
Train epoch: 253 [0/657 (0%)]	Loss: 0.630018
Make prediction for 657 samples...
Make prediction for 93 samples...
Make prediction for 92 samples...
EarlyStopping counter: 21 out of 30
Epoch: 252, Train Loss: 0.6030, Metric: r2, Train: 0.9544, Val: 0.5733, best Val: 0.6717, Test: 0.1818
Training on 657 samples...
Train epoch: 254 [0/657 (0%)]	Loss: 0.620244
Make prediction for 657 samples...
Make prediction for 93 samples...
Make prediction for 92 samples...
EarlyStopping counter: 22 out of 30
Epoch: 253, Train Loss: 0.5968, Metric: r2, Train: 0.9650, Val: 0.6051, best Val: 0.6717, Test: 0.2449
Training on 657 samples...
Train epoch: 255 [0/657 (0%)]	Loss: 0.608357
Make prediction for 657 samples...
Make prediction for 93 samples...
Make prediction for 92 samples...
EarlyStopping counter: 23 out of 30
Epoch: 254, Train Loss: 0.5953, Metric: r2, Train: 0.9711, Val: 0.6264, best Val: 0.6717, Test: 0.3115
Training on 657 samples...
Train epoch: 256 [0/657 (0%)]	Loss: 0.601741
Make prediction for 657 samples...
Make prediction for 93 samples...
Make prediction for 92 samples...
EarlyStopping counter: 24 out of 30
Epoch: 255, Train Loss: 0.5883, Metric: r2, Train: 0.9661, Val: 0.6315, best Val: 0.6717, Test: 0.4025
Training on 657 samples...
Train epoch: 257 [0/657 (0%)]	Loss: 0.600412
Make prediction for 657 samples...
Make prediction for 93 samples...
Make prediction for 92 samples...
EarlyStopping counter: 25 out of 30
Epoch: 256, Train Loss: 0.5928, Metric: r2, Train: 0.9723, Val: 0.5946, best Val: 0.6717, Test: 0.2907
Training on 657 samples...
Train epoch: 258 [0/657 (0%)]	Loss: 0.597250
Make prediction for 657 samples...
Make prediction for 93 samples...
Make prediction for 92 samples...
EarlyStopping counter: 26 out of 30
Epoch: 257, Train Loss: 0.5860, Metric: r2, Train: 0.9694, Val: 0.5762, best Val: 0.6717, Test: 0.2464
Training on 657 samples...
Train epoch: 259 [0/657 (0%)]	Loss: 0.603329
Make prediction for 657 samples...
Make prediction for 93 samples...
Make prediction for 92 samples...
EarlyStopping counter: 27 out of 30
Epoch: 258, Train Loss: 0.5868, Metric: r2, Train: 0.9678, Val: 0.5561, best Val: 0.6717, Test: 0.2403
Training on 657 samples...
Train epoch: 260 [0/657 (0%)]	Loss: 0.598504
Make prediction for 657 samples...
Make prediction for 93 samples...
Make prediction for 92 samples...
EarlyStopping counter: 28 out of 30
Epoch: 259, Train Loss: 0.5844, Metric: r2, Train: 0.9698, Val: 0.5984, best Val: 0.6717, Test: 0.2656
Training on 657 samples...
Train epoch: 261 [0/657 (0%)]	Loss: 0.589146
Make prediction for 657 samples...
Make prediction for 93 samples...
Make prediction for 92 samples...
EarlyStopping counter: 29 out of 30
Epoch: 260, Train Loss: 0.5804, Metric: r2, Train: 0.9742, Val: 0.6202, best Val: 0.6717, Test: 0.3192
Training on 657 samples...
Train epoch: 262 [0/657 (0%)]	Loss: 0.591396
Make prediction for 657 samples...
Make prediction for 93 samples...
Make prediction for 92 samples...
EarlyStopping counter: 30 out of 30
Epoch: 261, Train Loss: 0.5884, Metric: r2, Train: 0.9710, Val: 0.6346, best Val: 0.6717, Test: 0.2909
out of patience!
******Caco2_Perimeter_2034, 4th_time_result******
train_result: 0.9516
val_result: 0.6717
test_result: 0.3239
Current seed: 2064
Pre-processed data found: data/processed/Caco2_Perimeter_2034/Caco2_Perimeter_2034_train.pt, loading ...
Pre-processed data found: data/processed/Caco2_Perimeter_2034/Caco2_Perimeter_2034_valid.pt, loading ...
Pre-processed data found: data/processed/Caco2_Perimeter_2034/Caco2_Perimeter_2034_test.pt, loading ...
trainset mean:-5.221658229827881 std:0.7607361674308777
Training on 657 samples...
Train epoch: 1 [0/657 (0%)]	Loss: 1.643051
Make prediction for 657 samples...
Make prediction for 93 samples...
Make prediction for 92 samples...
Make prediction for 92 samples...
Epoch: 000, Train Loss: 1.6647, Metric: r2, Train: -0.0086, Val: -0.0081, best Val: -0.0081, Test: -0.0303
Training on 657 samples...
Train epoch: 2 [0/657 (0%)]	Loss: 1.561267
Make prediction for 657 samples...
Make prediction for 93 samples...
Make prediction for 92 samples...
Make prediction for 92 samples...
Epoch: 001, Train Loss: 1.6238, Metric: r2, Train: 0.0043, Val: 0.0219, best Val: 0.0219, Test: 0.0009
Training on 657 samples...
Train epoch: 3 [0/657 (0%)]	Loss: 1.572207
Make prediction for 657 samples...
Make prediction for 93 samples...
Make prediction for 92 samples...
Make prediction for 92 samples...
Epoch: 002, Train Loss: 1.6084, Metric: r2, Train: 0.0103, Val: 0.0367, best Val: 0.0367, Test: -0.0102
Training on 657 samples...
Train epoch: 4 [0/657 (0%)]	Loss: 1.586618
Make prediction for 657 samples...
Make prediction for 93 samples...
Make prediction for 92 samples...
Make prediction for 92 samples...
Epoch: 003, Train Loss: 1.5991, Metric: r2, Train: 0.0104, Val: 0.0666, best Val: 0.0666, Test: 0.0066
Training on 657 samples...
Train epoch: 5 [0/657 (0%)]	Loss: 1.504236
Make prediction for 657 samples...
Make prediction for 93 samples...
Make prediction for 92 samples...
Make prediction for 92 samples...
Epoch: 004, Train Loss: 1.6050, Metric: r2, Train: 0.0202, Val: 0.0807, best Val: 0.0807, Test: -0.0258
Training on 657 samples...
Train epoch: 6 [0/657 (0%)]	Loss: 1.586491
Make prediction for 657 samples...
Make prediction for 93 samples...
Make prediction for 92 samples...
Make prediction for 92 samples...
Epoch: 005, Train Loss: 1.6067, Metric: r2, Train: 0.0348, Val: 0.1247, best Val: 0.1247, Test: 0.0122
Training on 657 samples...
Train epoch: 7 [0/657 (0%)]	Loss: 1.622945
Make prediction for 657 samples...
Make prediction for 93 samples...
Make prediction for 92 samples...
Make prediction for 92 samples...
Epoch: 006, Train Loss: 1.5940, Metric: r2, Train: 0.0500, Val: 0.1489, best Val: 0.1489, Test: 0.0110
Training on 657 samples...
Train epoch: 8 [0/657 (0%)]	Loss: 1.506227
Make prediction for 657 samples...
Make prediction for 93 samples...
Make prediction for 92 samples...
Make prediction for 92 samples...
Epoch: 007, Train Loss: 1.5739, Metric: r2, Train: 0.0668, Val: 0.1741, best Val: 0.1741, Test: 0.0017
Training on 657 samples...
Train epoch: 9 [0/657 (0%)]	Loss: 1.491746
Make prediction for 657 samples...
Make prediction for 93 samples...
Make prediction for 92 samples...
Make prediction for 92 samples...
Epoch: 008, Train Loss: 1.5499, Metric: r2, Train: 0.0814, Val: 0.2249, best Val: 0.2249, Test: 0.0329
Training on 657 samples...
Train epoch: 10 [0/657 (0%)]	Loss: 1.590642
Make prediction for 657 samples...
Make prediction for 93 samples...
Make prediction for 92 samples...
Make prediction for 92 samples...
Epoch: 009, Train Loss: 1.5216, Metric: r2, Train: 0.1243, Val: 0.2689, best Val: 0.2689, Test: 0.0187
Training on 657 samples...
Train epoch: 11 [0/657 (0%)]	Loss: 1.516765
Make prediction for 657 samples...
Make prediction for 93 samples...
Make prediction for 92 samples...
Make prediction for 92 samples...
Epoch: 010, Train Loss: 1.4786, Metric: r2, Train: 0.1850, Val: 0.3463, best Val: 0.3463, Test: 0.1102
Training on 657 samples...
Train epoch: 12 [0/657 (0%)]	Loss: 1.496944
Make prediction for 657 samples...
Make prediction for 93 samples...
Make prediction for 92 samples...
Make prediction for 92 samples...
Epoch: 011, Train Loss: 1.4241, Metric: r2, Train: 0.2615, Val: 0.3709, best Val: 0.3709, Test: 0.1844
Training on 657 samples...
Train epoch: 13 [0/657 (0%)]	Loss: 1.425084
Make prediction for 657 samples...
Make prediction for 93 samples...
Make prediction for 92 samples...
EarlyStopping counter: 1 out of 30
Epoch: 012, Train Loss: 1.3501, Metric: r2, Train: 0.2909, Val: 0.2823, best Val: 0.3709, Test: 0.1979
Training on 657 samples...
Train epoch: 14 [0/657 (0%)]	Loss: 1.431682
Make prediction for 657 samples...
Make prediction for 93 samples...
Make prediction for 92 samples...
EarlyStopping counter: 2 out of 30
Epoch: 013, Train Loss: 1.3091, Metric: r2, Train: 0.3881, Val: 0.3478, best Val: 0.3709, Test: 0.4232
Training on 657 samples...
Train epoch: 15 [0/657 (0%)]	Loss: 1.258944
Make prediction for 657 samples...
Make prediction for 93 samples...
Make prediction for 92 samples...
EarlyStopping counter: 3 out of 30
Epoch: 014, Train Loss: 1.2446, Metric: r2, Train: 0.3588, Val: 0.1720, best Val: 0.3709, Test: 0.3353
Training on 657 samples...
Train epoch: 16 [0/657 (0%)]	Loss: 1.335443
Make prediction for 657 samples...
Make prediction for 93 samples...
Make prediction for 92 samples...
EarlyStopping counter: 4 out of 30
Epoch: 015, Train Loss: 1.2693, Metric: r2, Train: 0.2826, Val: 0.0655, best Val: 0.3709, Test: 0.2130
Training on 657 samples...
Train epoch: 17 [0/657 (0%)]	Loss: 1.391767
Make prediction for 657 samples...
Make prediction for 93 samples...
Make prediction for 92 samples...
Make prediction for 92 samples...
Epoch: 016, Train Loss: 1.3001, Metric: r2, Train: 0.4720, Val: 0.3804, best Val: 0.3804, Test: 0.4977
Training on 657 samples...
Train epoch: 18 [0/657 (0%)]	Loss: 1.163820
Make prediction for 657 samples...
Make prediction for 93 samples...
Make prediction for 92 samples...
Make prediction for 92 samples...
Epoch: 017, Train Loss: 1.2920, Metric: r2, Train: 0.3896, Val: 0.4438, best Val: 0.4438, Test: 0.4696
Training on 657 samples...
Train epoch: 19 [0/657 (0%)]	Loss: 1.287697
Make prediction for 657 samples...
Make prediction for 93 samples...
Make prediction for 92 samples...
EarlyStopping counter: 1 out of 30
Epoch: 018, Train Loss: 1.3148, Metric: r2, Train: 0.4446, Val: 0.3730, best Val: 0.4438, Test: 0.4064
Training on 657 samples...
Train epoch: 20 [0/657 (0%)]	Loss: 1.232091
Make prediction for 657 samples...
Make prediction for 93 samples...
Make prediction for 92 samples...
EarlyStopping counter: 2 out of 30
Epoch: 019, Train Loss: 1.2683, Metric: r2, Train: 0.4366, Val: 0.3860, best Val: 0.4438, Test: 0.3892
Training on 657 samples...
Train epoch: 21 [0/657 (0%)]	Loss: 1.184721
Make prediction for 657 samples...
Make prediction for 93 samples...
Make prediction for 92 samples...
Make prediction for 92 samples...
Epoch: 020, Train Loss: 1.2021, Metric: r2, Train: 0.4022, Val: 0.4755, best Val: 0.4755, Test: 0.4549
Training on 657 samples...
Train epoch: 22 [0/657 (0%)]	Loss: 1.179766
Make prediction for 657 samples...
Make prediction for 93 samples...
Make prediction for 92 samples...
EarlyStopping counter: 1 out of 30
Epoch: 021, Train Loss: 1.1705, Metric: r2, Train: 0.3989, Val: 0.2402, best Val: 0.4755, Test: 0.3169
Training on 657 samples...
Train epoch: 23 [0/657 (0%)]	Loss: 1.212020
Make prediction for 657 samples...
Make prediction for 93 samples...
Make prediction for 92 samples...
Make prediction for 92 samples...
Epoch: 022, Train Loss: 1.1809, Metric: r2, Train: 0.4529, Val: 0.4878, best Val: 0.4878, Test: 0.5343
Training on 657 samples...
Train epoch: 24 [0/657 (0%)]	Loss: 1.171744
Make prediction for 657 samples...
Make prediction for 93 samples...
Make prediction for 92 samples...
EarlyStopping counter: 1 out of 30
Epoch: 023, Train Loss: 1.1638, Metric: r2, Train: 0.5193, Val: 0.3006, best Val: 0.4878, Test: 0.4992
Training on 657 samples...
Train epoch: 25 [0/657 (0%)]	Loss: 1.110715
Make prediction for 657 samples...
Make prediction for 93 samples...
Make prediction for 92 samples...
EarlyStopping counter: 2 out of 30
Epoch: 024, Train Loss: 1.0888, Metric: r2, Train: 0.5473, Val: 0.4457, best Val: 0.4878, Test: 0.5923
Training on 657 samples...
Train epoch: 26 [0/657 (0%)]	Loss: 1.079733
Make prediction for 657 samples...
Make prediction for 93 samples...
Make prediction for 92 samples...
EarlyStopping counter: 3 out of 30
Epoch: 025, Train Loss: 1.0773, Metric: r2, Train: 0.5753, Val: 0.3263, best Val: 0.4878, Test: 0.5449
Training on 657 samples...
Train epoch: 27 [0/657 (0%)]	Loss: 1.078083
Make prediction for 657 samples...
Make prediction for 93 samples...
Make prediction for 92 samples...
EarlyStopping counter: 4 out of 30
Epoch: 026, Train Loss: 1.0567, Metric: r2, Train: 0.5922, Val: 0.3803, best Val: 0.4878, Test: 0.5567
Training on 657 samples...
Train epoch: 28 [0/657 (0%)]	Loss: 1.031713
Make prediction for 657 samples...
Make prediction for 93 samples...
Make prediction for 92 samples...
EarlyStopping counter: 5 out of 30
Epoch: 027, Train Loss: 1.0243, Metric: r2, Train: 0.6100, Val: 0.3675, best Val: 0.4878, Test: 0.5350
Training on 657 samples...
Train epoch: 29 [0/657 (0%)]	Loss: 1.020739
Make prediction for 657 samples...
Make prediction for 93 samples...
Make prediction for 92 samples...
EarlyStopping counter: 6 out of 30
Epoch: 028, Train Loss: 1.0216, Metric: r2, Train: 0.6157, Val: 0.3224, best Val: 0.4878, Test: 0.4951
Training on 657 samples...
Train epoch: 30 [0/657 (0%)]	Loss: 1.033173
Make prediction for 657 samples...
Make prediction for 93 samples...
Make prediction for 92 samples...
EarlyStopping counter: 7 out of 30
Epoch: 029, Train Loss: 1.0181, Metric: r2, Train: 0.6293, Val: 0.3559, best Val: 0.4878, Test: 0.4969
Training on 657 samples...
Train epoch: 31 [0/657 (0%)]	Loss: 0.994084
Make prediction for 657 samples...
Make prediction for 93 samples...
Make prediction for 92 samples...
EarlyStopping counter: 8 out of 30
Epoch: 030, Train Loss: 1.0080, Metric: r2, Train: 0.6294, Val: 0.4351, best Val: 0.4878, Test: 0.5301
Training on 657 samples...
Train epoch: 32 [0/657 (0%)]	Loss: 1.072809
Make prediction for 657 samples...
Make prediction for 93 samples...
Make prediction for 92 samples...
EarlyStopping counter: 9 out of 30
Epoch: 031, Train Loss: 1.0045, Metric: r2, Train: 0.6412, Val: 0.4303, best Val: 0.4878, Test: 0.5235
Training on 657 samples...
Train epoch: 33 [0/657 (0%)]	Loss: 1.001509
Make prediction for 657 samples...
Make prediction for 93 samples...
Make prediction for 92 samples...
EarlyStopping counter: 10 out of 30
Epoch: 032, Train Loss: 0.9850, Metric: r2, Train: 0.6450, Val: 0.3007, best Val: 0.4878, Test: 0.4455
Training on 657 samples...
Train epoch: 34 [0/657 (0%)]	Loss: 0.990470
Make prediction for 657 samples...
Make prediction for 93 samples...
Make prediction for 92 samples...
EarlyStopping counter: 11 out of 30
Epoch: 033, Train Loss: 0.9801, Metric: r2, Train: 0.6701, Val: 0.4145, best Val: 0.4878, Test: 0.4979
Training on 657 samples...
Train epoch: 35 [0/657 (0%)]	Loss: 0.991280
Make prediction for 657 samples...
Make prediction for 93 samples...
Make prediction for 92 samples...
EarlyStopping counter: 12 out of 30
Epoch: 034, Train Loss: 0.9779, Metric: r2, Train: 0.6817, Val: 0.4032, best Val: 0.4878, Test: 0.4776
Training on 657 samples...
Train epoch: 36 [0/657 (0%)]	Loss: 0.971262
Make prediction for 657 samples...
Make prediction for 93 samples...
Make prediction for 92 samples...
EarlyStopping counter: 13 out of 30
Epoch: 035, Train Loss: 0.9588, Metric: r2, Train: 0.6665, Val: 0.4794, best Val: 0.4878, Test: 0.4942
Training on 657 samples...
Train epoch: 37 [0/657 (0%)]	Loss: 0.941684
Make prediction for 657 samples...
Make prediction for 93 samples...
Make prediction for 92 samples...
Make prediction for 92 samples...
Epoch: 036, Train Loss: 0.9737, Metric: r2, Train: 0.5896, Val: 0.5004, best Val: 0.5004, Test: 0.4540
Training on 657 samples...
Train epoch: 38 [0/657 (0%)]	Loss: 1.020278
Make prediction for 657 samples...
Make prediction for 93 samples...
Make prediction for 92 samples...
EarlyStopping counter: 1 out of 30
Epoch: 037, Train Loss: 1.0159, Metric: r2, Train: 0.5425, Val: 0.1134, best Val: 0.5004, Test: 0.1437
Training on 657 samples...
Train epoch: 39 [0/657 (0%)]	Loss: 1.067955
Make prediction for 657 samples...
Make prediction for 93 samples...
Make prediction for 92 samples...
EarlyStopping counter: 2 out of 30
Epoch: 038, Train Loss: 0.9923, Metric: r2, Train: 0.6390, Val: 0.4981, best Val: 0.5004, Test: 0.4651
Training on 657 samples...
Train epoch: 40 [0/657 (0%)]	Loss: 0.998410
Make prediction for 657 samples...
Make prediction for 93 samples...
Make prediction for 92 samples...
EarlyStopping counter: 3 out of 30
Epoch: 039, Train Loss: 0.9770, Metric: r2, Train: 0.6950, Val: 0.4756, best Val: 0.5004, Test: 0.4816
Training on 657 samples...
Train epoch: 41 [0/657 (0%)]	Loss: 0.917343
Make prediction for 657 samples...
Make prediction for 93 samples...
Make prediction for 92 samples...
EarlyStopping counter: 4 out of 30
Epoch: 040, Train Loss: 0.9461, Metric: r2, Train: 0.6011, Val: 0.1760, best Val: 0.5004, Test: 0.2438
Training on 657 samples...
Train epoch: 42 [0/657 (0%)]	Loss: 1.095195
Make prediction for 657 samples...
Make prediction for 93 samples...
Make prediction for 92 samples...
EarlyStopping counter: 5 out of 30
Epoch: 041, Train Loss: 0.9725, Metric: r2, Train: 0.6953, Val: 0.4911, best Val: 0.5004, Test: 0.4802
Training on 657 samples...
Train epoch: 43 [0/657 (0%)]	Loss: 0.976818
Make prediction for 657 samples...
Make prediction for 93 samples...
Make prediction for 92 samples...
EarlyStopping counter: 6 out of 30
Epoch: 042, Train Loss: 0.9491, Metric: r2, Train: 0.6920, Val: 0.4922, best Val: 0.5004, Test: 0.4628
Training on 657 samples...
Train epoch: 44 [0/657 (0%)]	Loss: 0.946371
Make prediction for 657 samples...
Make prediction for 93 samples...
Make prediction for 92 samples...
EarlyStopping counter: 7 out of 30
Epoch: 043, Train Loss: 0.9451, Metric: r2, Train: 0.6077, Val: 0.1739, best Val: 0.5004, Test: 0.1979
Training on 657 samples...
Train epoch: 45 [0/657 (0%)]	Loss: 0.993675
Make prediction for 657 samples...
Make prediction for 93 samples...
Make prediction for 92 samples...
Make prediction for 92 samples...
Epoch: 044, Train Loss: 0.9526, Metric: r2, Train: 0.6365, Val: 0.5088, best Val: 0.5088, Test: 0.4432
Training on 657 samples...
Train epoch: 46 [0/657 (0%)]	Loss: 1.013180
Make prediction for 657 samples...
Make prediction for 93 samples...
Make prediction for 92 samples...
EarlyStopping counter: 1 out of 30
Epoch: 045, Train Loss: 0.9635, Metric: r2, Train: 0.7247, Val: 0.4091, best Val: 0.5088, Test: 0.4098
Training on 657 samples...
Train epoch: 47 [0/657 (0%)]	Loss: 0.943435
Make prediction for 657 samples...
Make prediction for 93 samples...
Make prediction for 92 samples...
EarlyStopping counter: 2 out of 30
Epoch: 046, Train Loss: 0.9560, Metric: r2, Train: 0.7308, Val: 0.4588, best Val: 0.5088, Test: 0.4349
Training on 657 samples...
Train epoch: 48 [0/657 (0%)]	Loss: 0.909863
Make prediction for 657 samples...
Make prediction for 93 samples...
Make prediction for 92 samples...
Make prediction for 92 samples...
Epoch: 047, Train Loss: 0.9085, Metric: r2, Train: 0.7281, Val: 0.5130, best Val: 0.5130, Test: 0.4839
Training on 657 samples...
Train epoch: 49 [0/657 (0%)]	Loss: 0.909274
Make prediction for 657 samples...
Make prediction for 93 samples...
Make prediction for 92 samples...
EarlyStopping counter: 1 out of 30
Epoch: 048, Train Loss: 0.8991, Metric: r2, Train: 0.7161, Val: 0.3600, best Val: 0.5130, Test: 0.3790
Training on 657 samples...
Train epoch: 50 [0/657 (0%)]	Loss: 0.919049
Make prediction for 657 samples...
Make prediction for 93 samples...
Make prediction for 92 samples...
EarlyStopping counter: 2 out of 30
Epoch: 049, Train Loss: 0.8971, Metric: r2, Train: 0.7162, Val: 0.5056, best Val: 0.5130, Test: 0.5024
Training on 657 samples...
Train epoch: 51 [0/657 (0%)]	Loss: 0.930205
Make prediction for 657 samples...
Make prediction for 93 samples...
Make prediction for 92 samples...
EarlyStopping counter: 3 out of 30
Epoch: 050, Train Loss: 0.8998, Metric: r2, Train: 0.7553, Val: 0.4266, best Val: 0.5130, Test: 0.4369
Training on 657 samples...
Train epoch: 52 [0/657 (0%)]	Loss: 0.902854
Make prediction for 657 samples...
Make prediction for 93 samples...
Make prediction for 92 samples...
EarlyStopping counter: 4 out of 30
Epoch: 051, Train Loss: 0.8849, Metric: r2, Train: 0.7457, Val: 0.3874, best Val: 0.5130, Test: 0.3752
Training on 657 samples...
Train epoch: 53 [0/657 (0%)]	Loss: 0.874285
Make prediction for 657 samples...
Make prediction for 93 samples...
Make prediction for 92 samples...
EarlyStopping counter: 5 out of 30
Epoch: 052, Train Loss: 0.8858, Metric: r2, Train: 0.7237, Val: 0.5093, best Val: 0.5130, Test: 0.4521
Training on 657 samples...
Train epoch: 54 [0/657 (0%)]	Loss: 0.937883
Make prediction for 657 samples...
Make prediction for 93 samples...
Make prediction for 92 samples...
EarlyStopping counter: 6 out of 30
Epoch: 053, Train Loss: 0.8886, Metric: r2, Train: 0.7589, Val: 0.3987, best Val: 0.5130, Test: 0.3849
Training on 657 samples...
Train epoch: 55 [0/657 (0%)]	Loss: 0.847659
Make prediction for 657 samples...
Make prediction for 93 samples...
Make prediction for 92 samples...
EarlyStopping counter: 7 out of 30
Epoch: 054, Train Loss: 0.8710, Metric: r2, Train: 0.7702, Val: 0.4359, best Val: 0.5130, Test: 0.4184
Training on 657 samples...
Train epoch: 56 [0/657 (0%)]	Loss: 0.838167
Make prediction for 657 samples...
Make prediction for 93 samples...
Make prediction for 92 samples...
EarlyStopping counter: 8 out of 30
Epoch: 055, Train Loss: 0.8575, Metric: r2, Train: 0.7771, Val: 0.4621, best Val: 0.5130, Test: 0.4315
Training on 657 samples...
Train epoch: 57 [0/657 (0%)]	Loss: 0.880677
Make prediction for 657 samples...
Make prediction for 93 samples...
Make prediction for 92 samples...
Make prediction for 92 samples...
Epoch: 056, Train Loss: 0.8463, Metric: r2, Train: 0.7722, Val: 0.5229, best Val: 0.5229, Test: 0.4490
Training on 657 samples...
Train epoch: 58 [0/657 (0%)]	Loss: 0.868482
Make prediction for 657 samples...
Make prediction for 93 samples...
Make prediction for 92 samples...
EarlyStopping counter: 1 out of 30
Epoch: 057, Train Loss: 0.8454, Metric: r2, Train: 0.7820, Val: 0.4686, best Val: 0.5229, Test: 0.3980
Training on 657 samples...
Train epoch: 59 [0/657 (0%)]	Loss: 0.849269
Make prediction for 657 samples...
Make prediction for 93 samples...
Make prediction for 92 samples...
EarlyStopping counter: 2 out of 30
Epoch: 058, Train Loss: 0.8434, Metric: r2, Train: 0.7738, Val: 0.4231, best Val: 0.5229, Test: 0.3591
Training on 657 samples...
Train epoch: 60 [0/657 (0%)]	Loss: 0.843416
Make prediction for 657 samples...
Make prediction for 93 samples...
Make prediction for 92 samples...
Make prediction for 92 samples...
Epoch: 059, Train Loss: 0.8552, Metric: r2, Train: 0.7526, Val: 0.5504, best Val: 0.5504, Test: 0.4511
Training on 657 samples...
Train epoch: 61 [0/657 (0%)]	Loss: 0.917839
Make prediction for 657 samples...
Make prediction for 93 samples...
Make prediction for 92 samples...
Make prediction for 92 samples...
Epoch: 060, Train Loss: 0.8733, Metric: r2, Train: 0.7110, Val: 0.5738, best Val: 0.5738, Test: 0.4492
Training on 657 samples...
Train epoch: 62 [0/657 (0%)]	Loss: 0.915687
Make prediction for 657 samples...
Make prediction for 93 samples...
Make prediction for 92 samples...
EarlyStopping counter: 1 out of 30
Epoch: 061, Train Loss: 0.8981, Metric: r2, Train: 0.7792, Val: 0.4739, best Val: 0.5738, Test: 0.3577
Training on 657 samples...
Train epoch: 63 [0/657 (0%)]	Loss: 0.848230
Make prediction for 657 samples...
Make prediction for 93 samples...
Make prediction for 92 samples...
EarlyStopping counter: 2 out of 30
Epoch: 062, Train Loss: 0.8568, Metric: r2, Train: 0.7669, Val: 0.4618, best Val: 0.5738, Test: 0.3241
Training on 657 samples...
Train epoch: 64 [0/657 (0%)]	Loss: 0.853116
Make prediction for 657 samples...
Make prediction for 93 samples...
Make prediction for 92 samples...
Make prediction for 92 samples...
Epoch: 063, Train Loss: 0.8618, Metric: r2, Train: 0.7396, Val: 0.6073, best Val: 0.6073, Test: 0.4499
Training on 657 samples...
Train epoch: 65 [0/657 (0%)]	Loss: 0.879184
Make prediction for 657 samples...
Make prediction for 93 samples...
Make prediction for 92 samples...
EarlyStopping counter: 1 out of 30
Epoch: 064, Train Loss: 0.8557, Metric: r2, Train: 0.8000, Val: 0.5500, best Val: 0.6073, Test: 0.3991
Training on 657 samples...
Train epoch: 66 [0/657 (0%)]	Loss: 0.830546
Make prediction for 657 samples...
Make prediction for 93 samples...
Make prediction for 92 samples...
EarlyStopping counter: 2 out of 30
Epoch: 065, Train Loss: 0.8394, Metric: r2, Train: 0.7830, Val: 0.4749, best Val: 0.6073, Test: 0.3551
Training on 657 samples...
Train epoch: 67 [0/657 (0%)]	Loss: 0.845768
Make prediction for 657 samples...
Make prediction for 93 samples...
Make prediction for 92 samples...
EarlyStopping counter: 3 out of 30
Epoch: 066, Train Loss: 0.8401, Metric: r2, Train: 0.8071, Val: 0.5794, best Val: 0.6073, Test: 0.4546
Training on 657 samples...
Train epoch: 68 [0/657 (0%)]	Loss: 0.811216
Make prediction for 657 samples...
Make prediction for 93 samples...
Make prediction for 92 samples...
EarlyStopping counter: 4 out of 30
Epoch: 067, Train Loss: 0.8205, Metric: r2, Train: 0.8094, Val: 0.5908, best Val: 0.6073, Test: 0.4610
Training on 657 samples...
Train epoch: 69 [0/657 (0%)]	Loss: 0.820171
Make prediction for 657 samples...
Make prediction for 93 samples...
Make prediction for 92 samples...
EarlyStopping counter: 5 out of 30
Epoch: 068, Train Loss: 0.8132, Metric: r2, Train: 0.8112, Val: 0.5960, best Val: 0.6073, Test: 0.4583
Training on 657 samples...
Train epoch: 70 [0/657 (0%)]	Loss: 0.812089
Make prediction for 657 samples...
Make prediction for 93 samples...
Make prediction for 92 samples...
EarlyStopping counter: 6 out of 30
Epoch: 069, Train Loss: 0.8049, Metric: r2, Train: 0.8147, Val: 0.5941, best Val: 0.6073, Test: 0.4641
Training on 657 samples...
Train epoch: 71 [0/657 (0%)]	Loss: 0.817890
Make prediction for 657 samples...
Make prediction for 93 samples...
Make prediction for 92 samples...
EarlyStopping counter: 7 out of 30
Epoch: 070, Train Loss: 0.8082, Metric: r2, Train: 0.8250, Val: 0.5890, best Val: 0.6073, Test: 0.4310
Training on 657 samples...
Train epoch: 72 [0/657 (0%)]	Loss: 0.809945
Make prediction for 657 samples...
Make prediction for 93 samples...
Make prediction for 92 samples...
Make prediction for 92 samples...
Epoch: 071, Train Loss: 0.7974, Metric: r2, Train: 0.8254, Val: 0.6331, best Val: 0.6331, Test: 0.4498
Training on 657 samples...
Train epoch: 73 [0/657 (0%)]	Loss: 0.823990
Make prediction for 657 samples...
Make prediction for 93 samples...
Make prediction for 92 samples...
EarlyStopping counter: 1 out of 30
Epoch: 072, Train Loss: 0.7972, Metric: r2, Train: 0.8312, Val: 0.6107, best Val: 0.6331, Test: 0.4039
Training on 657 samples...
Train epoch: 74 [0/657 (0%)]	Loss: 0.811134
Make prediction for 657 samples...
Make prediction for 93 samples...
Make prediction for 92 samples...
EarlyStopping counter: 2 out of 30
Epoch: 073, Train Loss: 0.7946, Metric: r2, Train: 0.8335, Val: 0.6136, best Val: 0.6331, Test: 0.4141
Training on 657 samples...
Train epoch: 75 [0/657 (0%)]	Loss: 0.785778
Make prediction for 657 samples...
Make prediction for 93 samples...
Make prediction for 92 samples...
EarlyStopping counter: 3 out of 30
Epoch: 074, Train Loss: 0.8081, Metric: r2, Train: 0.8364, Val: 0.6216, best Val: 0.6331, Test: 0.4296
Training on 657 samples...
Train epoch: 76 [0/657 (0%)]	Loss: 0.776881
Make prediction for 657 samples...
Make prediction for 93 samples...
Make prediction for 92 samples...
Make prediction for 92 samples...
Epoch: 075, Train Loss: 0.8048, Metric: r2, Train: 0.8380, Val: 0.6535, best Val: 0.6535, Test: 0.4539
Training on 657 samples...
Train epoch: 77 [0/657 (0%)]	Loss: 0.791368
Make prediction for 657 samples...
Make prediction for 93 samples...
Make prediction for 92 samples...
EarlyStopping counter: 1 out of 30
Epoch: 076, Train Loss: 0.7801, Metric: r2, Train: 0.8385, Val: 0.6347, best Val: 0.6535, Test: 0.4184
Training on 657 samples...
Train epoch: 78 [0/657 (0%)]	Loss: 0.775469
Make prediction for 657 samples...
Make prediction for 93 samples...
Make prediction for 92 samples...
EarlyStopping counter: 2 out of 30
Epoch: 077, Train Loss: 0.7758, Metric: r2, Train: 0.8381, Val: 0.6180, best Val: 0.6535, Test: 0.4002
Training on 657 samples...
Train epoch: 79 [0/657 (0%)]	Loss: 0.823683
Make prediction for 657 samples...
Make prediction for 93 samples...
Make prediction for 92 samples...
EarlyStopping counter: 3 out of 30
Epoch: 078, Train Loss: 0.7863, Metric: r2, Train: 0.8326, Val: 0.5958, best Val: 0.6535, Test: 0.3771
Training on 657 samples...
Train epoch: 80 [0/657 (0%)]	Loss: 0.797840
Make prediction for 657 samples...
Make prediction for 93 samples...
Make prediction for 92 samples...
EarlyStopping counter: 4 out of 30
Epoch: 079, Train Loss: 0.7964, Metric: r2, Train: 0.7939, Val: 0.5606, best Val: 0.6535, Test: 0.2777
Training on 657 samples...
Train epoch: 81 [0/657 (0%)]	Loss: 0.843700
Make prediction for 657 samples...
Make prediction for 93 samples...
Make prediction for 92 samples...
Make prediction for 92 samples...
Epoch: 080, Train Loss: 0.8072, Metric: r2, Train: 0.8391, Val: 0.6922, best Val: 0.6922, Test: 0.4501
Training on 657 samples...
Train epoch: 82 [0/657 (0%)]	Loss: 0.803728
Make prediction for 657 samples...
Make prediction for 93 samples...
Make prediction for 92 samples...
Make prediction for 92 samples...
Epoch: 081, Train Loss: 0.8232, Metric: r2, Train: 0.7925, Val: 0.6999, best Val: 0.6999, Test: 0.4755
Training on 657 samples...
Train epoch: 83 [0/657 (0%)]	Loss: 0.826347
Make prediction for 657 samples...
Make prediction for 93 samples...
Make prediction for 92 samples...
Make prediction for 92 samples...
Epoch: 082, Train Loss: 0.7983, Metric: r2, Train: 0.8232, Val: 0.7168, best Val: 0.7168, Test: 0.4865
Training on 657 samples...
Train epoch: 84 [0/657 (0%)]	Loss: 0.808841
Make prediction for 657 samples...
Make prediction for 93 samples...
Make prediction for 92 samples...
EarlyStopping counter: 1 out of 30
Epoch: 083, Train Loss: 0.7929, Metric: r2, Train: 0.8387, Val: 0.6482, best Val: 0.7168, Test: 0.3794
Training on 657 samples...
Train epoch: 85 [0/657 (0%)]	Loss: 0.779606
Make prediction for 657 samples...
Make prediction for 93 samples...
Make prediction for 92 samples...
EarlyStopping counter: 2 out of 30
Epoch: 084, Train Loss: 0.7758, Metric: r2, Train: 0.8419, Val: 0.6322, best Val: 0.7168, Test: 0.3813
Training on 657 samples...
Train epoch: 86 [0/657 (0%)]	Loss: 0.802260
Make prediction for 657 samples...
Make prediction for 93 samples...
Make prediction for 92 samples...
EarlyStopping counter: 3 out of 30
Epoch: 085, Train Loss: 0.7793, Metric: r2, Train: 0.8406, Val: 0.6860, best Val: 0.7168, Test: 0.4639
Training on 657 samples...
Train epoch: 87 [0/657 (0%)]	Loss: 0.804357
Make prediction for 657 samples...
Make prediction for 93 samples...
Make prediction for 92 samples...
EarlyStopping counter: 4 out of 30
Epoch: 086, Train Loss: 0.7869, Metric: r2, Train: 0.7985, Val: 0.6738, best Val: 0.7168, Test: 0.4744
Training on 657 samples...
Train epoch: 88 [0/657 (0%)]	Loss: 0.820982
Make prediction for 657 samples...
Make prediction for 93 samples...
Make prediction for 92 samples...
EarlyStopping counter: 5 out of 30
Epoch: 087, Train Loss: 0.8212, Metric: r2, Train: 0.8582, Val: 0.6530, best Val: 0.7168, Test: 0.4162
Training on 657 samples...
Train epoch: 89 [0/657 (0%)]	Loss: 0.754861
Make prediction for 657 samples...
Make prediction for 93 samples...
Make prediction for 92 samples...
EarlyStopping counter: 6 out of 30
Epoch: 088, Train Loss: 0.7961, Metric: r2, Train: 0.7964, Val: 0.5667, best Val: 0.7168, Test: 0.2733
Training on 657 samples...
Train epoch: 90 [0/657 (0%)]	Loss: 0.834204
Make prediction for 657 samples...
Make prediction for 93 samples...
Make prediction for 92 samples...
EarlyStopping counter: 7 out of 30
Epoch: 089, Train Loss: 0.8020, Metric: r2, Train: 0.8335, Val: 0.6932, best Val: 0.7168, Test: 0.4891
Training on 657 samples...
Train epoch: 91 [0/657 (0%)]	Loss: 0.791715
Make prediction for 657 samples...
Make prediction for 93 samples...
Make prediction for 92 samples...
EarlyStopping counter: 8 out of 30
Epoch: 090, Train Loss: 0.7924, Metric: r2, Train: 0.8239, Val: 0.6818, best Val: 0.7168, Test: 0.4506
Training on 657 samples...
Train epoch: 92 [0/657 (0%)]	Loss: 0.809188
Make prediction for 657 samples...
Make prediction for 93 samples...
Make prediction for 92 samples...
EarlyStopping counter: 9 out of 30
Epoch: 091, Train Loss: 0.7925, Metric: r2, Train: 0.8414, Val: 0.5859, best Val: 0.7168, Test: 0.3020
Training on 657 samples...
Train epoch: 93 [0/657 (0%)]	Loss: 0.792828
Make prediction for 657 samples...
Make prediction for 93 samples...
Make prediction for 92 samples...
EarlyStopping counter: 10 out of 30
Epoch: 092, Train Loss: 0.7740, Metric: r2, Train: 0.8598, Val: 0.6460, best Val: 0.7168, Test: 0.3922
Training on 657 samples...
Train epoch: 94 [0/657 (0%)]	Loss: 0.769700
Make prediction for 657 samples...
Make prediction for 93 samples...
Make prediction for 92 samples...
EarlyStopping counter: 11 out of 30
Epoch: 093, Train Loss: 0.7659, Metric: r2, Train: 0.8571, Val: 0.6781, best Val: 0.7168, Test: 0.4605
Training on 657 samples...
Train epoch: 95 [0/657 (0%)]	Loss: 0.768345
Make prediction for 657 samples...
Make prediction for 93 samples...
Make prediction for 92 samples...
EarlyStopping counter: 12 out of 30
Epoch: 094, Train Loss: 0.7570, Metric: r2, Train: 0.8574, Val: 0.6549, best Val: 0.7168, Test: 0.4784
Training on 657 samples...
Train epoch: 96 [0/657 (0%)]	Loss: 0.787145
Make prediction for 657 samples...
Make prediction for 93 samples...
Make prediction for 92 samples...
EarlyStopping counter: 13 out of 30
Epoch: 095, Train Loss: 0.7591, Metric: r2, Train: 0.8739, Val: 0.6170, best Val: 0.7168, Test: 0.3970
Training on 657 samples...
Train epoch: 97 [0/657 (0%)]	Loss: 0.761028
Make prediction for 657 samples...
Make prediction for 93 samples...
Make prediction for 92 samples...
EarlyStopping counter: 14 out of 30
Epoch: 096, Train Loss: 0.7536, Metric: r2, Train: 0.8754, Val: 0.6212, best Val: 0.7168, Test: 0.3868
Training on 657 samples...
Train epoch: 98 [0/657 (0%)]	Loss: 0.738575
Make prediction for 657 samples...
Make prediction for 93 samples...
Make prediction for 92 samples...
EarlyStopping counter: 15 out of 30
Epoch: 097, Train Loss: 0.7463, Metric: r2, Train: 0.8673, Val: 0.6626, best Val: 0.7168, Test: 0.4558
Training on 657 samples...
Train epoch: 99 [0/657 (0%)]	Loss: 0.764146
Make prediction for 657 samples...
Make prediction for 93 samples...
Make prediction for 92 samples...
EarlyStopping counter: 16 out of 30
Epoch: 098, Train Loss: 0.7541, Metric: r2, Train: 0.8260, Val: 0.6733, best Val: 0.7168, Test: 0.4924
Training on 657 samples...
Train epoch: 100 [0/657 (0%)]	Loss: 0.826119
Make prediction for 657 samples...
Make prediction for 93 samples...
Make prediction for 92 samples...
EarlyStopping counter: 17 out of 30
Epoch: 099, Train Loss: 0.7730, Metric: r2, Train: 0.8798, Val: 0.6370, best Val: 0.7168, Test: 0.4188
Training on 657 samples...
Train epoch: 101 [0/657 (0%)]	Loss: 0.773798
Make prediction for 657 samples...
Make prediction for 93 samples...
Make prediction for 92 samples...
EarlyStopping counter: 18 out of 30
Epoch: 100, Train Loss: 0.7619, Metric: r2, Train: 0.8511, Val: 0.5641, best Val: 0.7168, Test: 0.3215
Training on 657 samples...
Train epoch: 102 [0/657 (0%)]	Loss: 0.764156
Make prediction for 657 samples...
Make prediction for 93 samples...
Make prediction for 92 samples...
EarlyStopping counter: 19 out of 30
Epoch: 101, Train Loss: 0.7509, Metric: r2, Train: 0.8749, Val: 0.5909, best Val: 0.7168, Test: 0.3626
Training on 657 samples...
Train epoch: 103 [0/657 (0%)]	Loss: 0.748071
Make prediction for 657 samples...
Make prediction for 93 samples...
Make prediction for 92 samples...
EarlyStopping counter: 20 out of 30
Epoch: 102, Train Loss: 0.7752, Metric: r2, Train: 0.8839, Val: 0.6484, best Val: 0.7168, Test: 0.4267
Training on 657 samples...
Train epoch: 104 [0/657 (0%)]	Loss: 0.747874
Make prediction for 657 samples...
Make prediction for 93 samples...
Make prediction for 92 samples...
EarlyStopping counter: 21 out of 30
Epoch: 103, Train Loss: 0.7726, Metric: r2, Train: 0.8457, Val: 0.6882, best Val: 0.7168, Test: 0.4719
Training on 657 samples...
Train epoch: 105 [0/657 (0%)]	Loss: 0.777646
Make prediction for 657 samples...
Make prediction for 93 samples...
Make prediction for 92 samples...
EarlyStopping counter: 22 out of 30
Epoch: 104, Train Loss: 0.7648, Metric: r2, Train: 0.8468, Val: 0.7048, best Val: 0.7168, Test: 0.4777
Training on 657 samples...
Train epoch: 106 [0/657 (0%)]	Loss: 0.809002
Make prediction for 657 samples...
Make prediction for 93 samples...
Make prediction for 92 samples...
EarlyStopping counter: 23 out of 30
Epoch: 105, Train Loss: 0.7665, Metric: r2, Train: 0.8861, Val: 0.6786, best Val: 0.7168, Test: 0.4631
Training on 657 samples...
Train epoch: 107 [0/657 (0%)]	Loss: 0.747759
Make prediction for 657 samples...
Make prediction for 93 samples...
Make prediction for 92 samples...
EarlyStopping counter: 24 out of 30
Epoch: 106, Train Loss: 0.7436, Metric: r2, Train: 0.8806, Val: 0.6555, best Val: 0.7168, Test: 0.3970
Training on 657 samples...
Train epoch: 108 [0/657 (0%)]	Loss: 0.741603
Make prediction for 657 samples...
Make prediction for 93 samples...
Make prediction for 92 samples...
EarlyStopping counter: 25 out of 30
Epoch: 107, Train Loss: 0.7343, Metric: r2, Train: 0.8875, Val: 0.6578, best Val: 0.7168, Test: 0.4150
Training on 657 samples...
Train epoch: 109 [0/657 (0%)]	Loss: 0.738757
Make prediction for 657 samples...
Make prediction for 93 samples...
Make prediction for 92 samples...
EarlyStopping counter: 26 out of 30
Epoch: 108, Train Loss: 0.7321, Metric: r2, Train: 0.8876, Val: 0.6498, best Val: 0.7168, Test: 0.4682
Training on 657 samples...
Train epoch: 110 [0/657 (0%)]	Loss: 0.758062
Make prediction for 657 samples...
Make prediction for 93 samples...
Make prediction for 92 samples...
EarlyStopping counter: 27 out of 30
Epoch: 109, Train Loss: 0.7394, Metric: r2, Train: 0.8705, Val: 0.6563, best Val: 0.7168, Test: 0.4924
Training on 657 samples...
Train epoch: 111 [0/657 (0%)]	Loss: 0.768590
Make prediction for 657 samples...
Make prediction for 93 samples...
Make prediction for 92 samples...
EarlyStopping counter: 28 out of 30
Epoch: 110, Train Loss: 0.7440, Metric: r2, Train: 0.8789, Val: 0.6264, best Val: 0.7168, Test: 0.4333
Training on 657 samples...
Train epoch: 112 [0/657 (0%)]	Loss: 0.746033
Make prediction for 657 samples...
Make prediction for 93 samples...
Make prediction for 92 samples...
EarlyStopping counter: 29 out of 30
Epoch: 111, Train Loss: 0.7534, Metric: r2, Train: 0.8905, Val: 0.5766, best Val: 0.7168, Test: 0.3674
Training on 657 samples...
Train epoch: 113 [0/657 (0%)]	Loss: 0.753149
Make prediction for 657 samples...
Make prediction for 93 samples...
Make prediction for 92 samples...
EarlyStopping counter: 30 out of 30
Epoch: 112, Train Loss: 0.7359, Metric: r2, Train: 0.8652, Val: 0.5270, best Val: 0.7168, Test: 0.3175
out of patience!
******Caco2_Perimeter_2034, 5th_time_result******
train_result: 0.8232
val_result: 0.7168
test_result: 0.4865
************************************5_times_result************************************
the train result of all tasks (r2):  [0.87910133 0.88367922 0.83729899 0.95161948 0.82320608]
the average train result of all tasks (r2): 0.8750
the train result of all tasks (std): 0.0449
the train result of all tasks (var): 0.0020
the val result of all tasks (r2):  [0.67661145 0.71262308 0.66561246 0.67168571 0.71676798]
the average val result of all tasks (r2): 0.6887
the val result of all tasks (std): 0.0216
the val result of all tasks (var): 0.0005
the test result of all tasks (r2): [0.42830036 0.52028496 0.50975815 0.32387794 0.48654795]
the average test result of all tasks (r2): 0.4538
the test result of all tasks (std): 0.0723
the test result of all tasks (var): 0.0052
Caco2_Perimeter_2034 time used:, 0:3:7
/root/data1/miniconda3/envs/CMMSGCL/lib/python3.8/site-packages/torch_geometric/data/in_memory_dataset.py:284: UserWarning: It is not recommended to directly access the internal storage format `data` of an 'InMemoryDataset'. If you are absolutely certain what you are doing, access the internal storage via `InMemoryDataset._data` instead to suppress this warning. Alternatively, you can access stacked individual attributes of every graph via `dataset.{attr_name}`.
  warnings.warn(msg)
/root/data1/miniconda3/envs/CMMSGCL/lib/python3.8/site-packages/torch_geometric/deprecation.py:22: UserWarning: 'data.DataLoader' is deprecated, use 'loader.DataLoader' instead
  warnings.warn(out)
/root/data1/miniconda3/envs/CMMSGCL/lib/python3.8/site-packages/torch_geometric/data/in_memory_dataset.py:284: UserWarning: It is not recommended to directly access the internal storage format `data` of an 'InMemoryDataset'. If you are absolutely certain what you are doing, access the internal storage via `InMemoryDataset._data` instead to suppress this warning. Alternatively, you can access stacked individual attributes of every graph via `dataset.{attr_name}`.
  warnings.warn(msg)
/root/data1/miniconda3/envs/CMMSGCL/lib/python3.8/site-packages/torch_geometric/deprecation.py:22: UserWarning: 'data.DataLoader' is deprecated, use 'loader.DataLoader' instead
  warnings.warn(out)
/root/data1/miniconda3/envs/CMMSGCL/lib/python3.8/site-packages/torch_geometric/data/in_memory_dataset.py:284: UserWarning: It is not recommended to directly access the internal storage format `data` of an 'InMemoryDataset'. If you are absolutely certain what you are doing, access the internal storage via `InMemoryDataset._data` instead to suppress this warning. Alternatively, you can access stacked individual attributes of every graph via `dataset.{attr_name}`.
  warnings.warn(msg)
/root/data1/miniconda3/envs/CMMSGCL/lib/python3.8/site-packages/torch_geometric/deprecation.py:22: UserWarning: 'data.DataLoader' is deprecated, use 'loader.DataLoader' instead
  warnings.warn(out)
/root/data1/miniconda3/envs/CMMSGCL/lib/python3.8/site-packages/torch_geometric/data/in_memory_dataset.py:284: UserWarning: It is not recommended to directly access the internal storage format `data` of an 'InMemoryDataset'. If you are absolutely certain what you are doing, access the internal storage via `InMemoryDataset._data` instead to suppress this warning. Alternatively, you can access stacked individual attributes of every graph via `dataset.{attr_name}`.
  warnings.warn(msg)
/root/data1/miniconda3/envs/CMMSGCL/lib/python3.8/site-packages/torch_geometric/deprecation.py:22: UserWarning: 'data.DataLoader' is deprecated, use 'loader.DataLoader' instead
  warnings.warn(out)
/root/data1/miniconda3/envs/CMMSGCL/lib/python3.8/site-packages/torch_geometric/data/in_memory_dataset.py:284: UserWarning: It is not recommended to directly access the internal storage format `data` of an 'InMemoryDataset'. If you are absolutely certain what you are doing, access the internal storage via `InMemoryDataset._data` instead to suppress this warning. Alternatively, you can access stacked individual attributes of every graph via `dataset.{attr_name}`.
  warnings.warn(msg)
/root/data1/miniconda3/envs/CMMSGCL/lib/python3.8/site-packages/torch_geometric/deprecation.py:22: UserWarning: 'data.DataLoader' is deprecated, use 'loader.DataLoader' instead
  warnings.warn(out)
Current seed: 2044, current split method: Perimeter, current task: Caco2
Learning rate:  0.0005
Epochs:  500
Current seed: 2024
Pre-processed data found: data/processed/Caco2_Perimeter_2044/Caco2_Perimeter_2044_train.pt, loading ...
Pre-processed data found: data/processed/Caco2_Perimeter_2044/Caco2_Perimeter_2044_valid.pt, loading ...
Pre-processed data found: data/processed/Caco2_Perimeter_2044/Caco2_Perimeter_2044_test.pt, loading ...
trainset mean:-5.230712890625 std:0.8125231266021729
Training on 643 samples...
Train epoch: 1 [0/643 (0%)]	Loss: 1.709581
Make prediction for 643 samples...
Make prediction for 98 samples...
Make prediction for 101 samples...
Make prediction for 101 samples...
Epoch: 000, Train Loss: 1.6686, Metric: r2, Train: -0.1061, Val: -0.0037, best Val: -0.0037, Test: -0.4495
Training on 643 samples...
Train epoch: 2 [0/643 (0%)]	Loss: 1.690021
Make prediction for 643 samples...
Make prediction for 98 samples...
Make prediction for 101 samples...
EarlyStopping counter: 1 out of 30
Epoch: 001, Train Loss: 1.6564, Metric: r2, Train: -0.0147, Val: -0.5767, best Val: -0.0037, Test: 0.0178
Training on 643 samples...
Train epoch: 3 [0/643 (0%)]	Loss: 1.584144
Make prediction for 643 samples...
Make prediction for 98 samples...
Make prediction for 101 samples...
EarlyStopping counter: 2 out of 30
Epoch: 002, Train Loss: 1.6368, Metric: r2, Train: 0.0058, Val: -0.4018, best Val: -0.0037, Test: 0.0021
Training on 643 samples...
Train epoch: 4 [0/643 (0%)]	Loss: 1.642479
Make prediction for 643 samples...
Make prediction for 98 samples...
Make prediction for 101 samples...
EarlyStopping counter: 3 out of 30
Epoch: 003, Train Loss: 1.6029, Metric: r2, Train: 0.0005, Val: -0.1234, best Val: -0.0037, Test: -0.1414
Training on 643 samples...
Train epoch: 5 [0/643 (0%)]	Loss: 1.618293
Make prediction for 643 samples...
Make prediction for 98 samples...
Make prediction for 101 samples...
EarlyStopping counter: 4 out of 30
Epoch: 004, Train Loss: 1.6042, Metric: r2, Train: 0.0259, Val: -0.3849, best Val: -0.0037, Test: 0.0059
Training on 643 samples...
Train epoch: 6 [0/643 (0%)]	Loss: 1.620038
Make prediction for 643 samples...
Make prediction for 98 samples...
Make prediction for 101 samples...
EarlyStopping counter: 5 out of 30
Epoch: 005, Train Loss: 1.6069, Metric: r2, Train: 0.0294, Val: -0.4640, best Val: -0.0037, Test: 0.0331
Training on 643 samples...
Train epoch: 7 [0/643 (0%)]	Loss: 1.646255
Make prediction for 643 samples...
Make prediction for 98 samples...
Make prediction for 101 samples...
EarlyStopping counter: 6 out of 30
Epoch: 006, Train Loss: 1.5698, Metric: r2, Train: 0.0371, Val: -0.1929, best Val: -0.0037, Test: -0.1228
Training on 643 samples...
Train epoch: 8 [0/643 (0%)]	Loss: 1.641565
Make prediction for 643 samples...
Make prediction for 98 samples...
Make prediction for 101 samples...
EarlyStopping counter: 7 out of 30
Epoch: 007, Train Loss: 1.5644, Metric: r2, Train: 0.0671, Val: -0.5330, best Val: -0.0037, Test: 0.0356
Training on 643 samples...
Train epoch: 9 [0/643 (0%)]	Loss: 1.526899
Make prediction for 643 samples...
Make prediction for 98 samples...
Make prediction for 101 samples...
EarlyStopping counter: 8 out of 30
Epoch: 008, Train Loss: 1.5473, Metric: r2, Train: 0.0816, Val: -0.5920, best Val: -0.0037, Test: -0.0044
Training on 643 samples...
Train epoch: 10 [0/643 (0%)]	Loss: 1.452284
Make prediction for 643 samples...
Make prediction for 98 samples...
Make prediction for 101 samples...
EarlyStopping counter: 9 out of 30
Epoch: 009, Train Loss: 1.5333, Metric: r2, Train: 0.0999, Val: -0.6664, best Val: -0.0037, Test: -0.0349
Training on 643 samples...
Train epoch: 11 [0/643 (0%)]	Loss: 1.582792
Make prediction for 643 samples...
Make prediction for 98 samples...
Make prediction for 101 samples...
EarlyStopping counter: 10 out of 30
Epoch: 010, Train Loss: 1.5095, Metric: r2, Train: 0.1413, Val: -0.6693, best Val: -0.0037, Test: 0.0438
Training on 643 samples...
Train epoch: 12 [0/643 (0%)]	Loss: 1.470725
Make prediction for 643 samples...
Make prediction for 98 samples...
Make prediction for 101 samples...
EarlyStopping counter: 11 out of 30
Epoch: 011, Train Loss: 1.4722, Metric: r2, Train: 0.1850, Val: -0.3783, best Val: -0.0037, Test: -0.0297
Training on 643 samples...
Train epoch: 13 [0/643 (0%)]	Loss: 1.361671
Make prediction for 643 samples...
Make prediction for 98 samples...
Make prediction for 101 samples...
EarlyStopping counter: 12 out of 30
Epoch: 012, Train Loss: 1.3960, Metric: r2, Train: 0.2438, Val: -0.8711, best Val: -0.0037, Test: 0.2651
Training on 643 samples...
Train epoch: 14 [0/643 (0%)]	Loss: 1.447129
Make prediction for 643 samples...
Make prediction for 98 samples...
Make prediction for 101 samples...
EarlyStopping counter: 13 out of 30
Epoch: 013, Train Loss: 1.3556, Metric: r2, Train: 0.2722, Val: -1.0222, best Val: -0.0037, Test: 0.2646
Training on 643 samples...
Train epoch: 15 [0/643 (0%)]	Loss: 1.327106
Make prediction for 643 samples...
Make prediction for 98 samples...
Make prediction for 101 samples...
EarlyStopping counter: 14 out of 30
Epoch: 014, Train Loss: 1.3197, Metric: r2, Train: 0.4019, Val: -0.1627, best Val: -0.0037, Test: 0.2445
Training on 643 samples...
Train epoch: 16 [0/643 (0%)]	Loss: 1.263364
Make prediction for 643 samples...
Make prediction for 98 samples...
Make prediction for 101 samples...
Make prediction for 101 samples...
Epoch: 015, Train Loss: 1.2910, Metric: r2, Train: 0.2871, Val: 0.1083, best Val: 0.1083, Test: -0.2022
Training on 643 samples...
Train epoch: 17 [0/643 (0%)]	Loss: 1.300957
Make prediction for 643 samples...
Make prediction for 98 samples...
Make prediction for 101 samples...
EarlyStopping counter: 1 out of 30
Epoch: 016, Train Loss: 1.3229, Metric: r2, Train: 0.3581, Val: -0.9412, best Val: 0.1083, Test: 0.2169
Training on 643 samples...
Train epoch: 18 [0/643 (0%)]	Loss: 1.296923
Make prediction for 643 samples...
Make prediction for 98 samples...
Make prediction for 101 samples...
EarlyStopping counter: 2 out of 30
Epoch: 017, Train Loss: 1.2408, Metric: r2, Train: 0.4309, Val: 0.0593, best Val: 0.1083, Test: 0.1273
Training on 643 samples...
Train epoch: 19 [0/643 (0%)]	Loss: 1.288440
Make prediction for 643 samples...
Make prediction for 98 samples...
Make prediction for 101 samples...
EarlyStopping counter: 3 out of 30
Epoch: 018, Train Loss: 1.1904, Metric: r2, Train: 0.4840, Val: -0.3450, best Val: 0.1083, Test: 0.3082
Training on 643 samples...
Train epoch: 20 [0/643 (0%)]	Loss: 1.110841
Make prediction for 643 samples...
Make prediction for 98 samples...
Make prediction for 101 samples...
EarlyStopping counter: 4 out of 30
Epoch: 019, Train Loss: 1.1725, Metric: r2, Train: 0.5167, Val: -0.2838, best Val: 0.1083, Test: 0.3132
Training on 643 samples...
Train epoch: 21 [0/643 (0%)]	Loss: 1.115864
Make prediction for 643 samples...
Make prediction for 98 samples...
Make prediction for 101 samples...
EarlyStopping counter: 5 out of 30
Epoch: 020, Train Loss: 1.1487, Metric: r2, Train: 0.5056, Val: 0.0135, best Val: 0.1083, Test: 0.1783
Training on 643 samples...
Train epoch: 22 [0/643 (0%)]	Loss: 1.065237
Make prediction for 643 samples...
Make prediction for 98 samples...
Make prediction for 101 samples...
EarlyStopping counter: 6 out of 30
Epoch: 021, Train Loss: 1.1381, Metric: r2, Train: 0.5148, Val: -0.7228, best Val: 0.1083, Test: 0.2107
Training on 643 samples...
Train epoch: 23 [0/643 (0%)]	Loss: 1.102992
Make prediction for 643 samples...
Make prediction for 98 samples...
Make prediction for 101 samples...
EarlyStopping counter: 7 out of 30
Epoch: 022, Train Loss: 1.0980, Metric: r2, Train: 0.5207, Val: 0.0253, best Val: 0.1083, Test: 0.1079
Training on 643 samples...
Train epoch: 24 [0/643 (0%)]	Loss: 1.089759
Make prediction for 643 samples...
Make prediction for 98 samples...
Make prediction for 101 samples...
EarlyStopping counter: 8 out of 30
Epoch: 023, Train Loss: 1.0788, Metric: r2, Train: 0.5176, Val: -0.9727, best Val: 0.1083, Test: 0.1037
Training on 643 samples...
Train epoch: 25 [0/643 (0%)]	Loss: 1.131106
Make prediction for 643 samples...
Make prediction for 98 samples...
Make prediction for 101 samples...
EarlyStopping counter: 9 out of 30
Epoch: 024, Train Loss: 1.0689, Metric: r2, Train: 0.5561, Val: 0.0049, best Val: 0.1083, Test: 0.0973
Training on 643 samples...
Train epoch: 26 [0/643 (0%)]	Loss: 1.079357
Make prediction for 643 samples...
Make prediction for 98 samples...
Make prediction for 101 samples...
EarlyStopping counter: 10 out of 30
Epoch: 025, Train Loss: 1.0569, Metric: r2, Train: 0.6211, Val: -0.4136, best Val: 0.1083, Test: 0.2251
Training on 643 samples...
Train epoch: 27 [0/643 (0%)]	Loss: 1.040330
Make prediction for 643 samples...
Make prediction for 98 samples...
Make prediction for 101 samples...
EarlyStopping counter: 11 out of 30
Epoch: 026, Train Loss: 1.0358, Metric: r2, Train: 0.6305, Val: -0.4064, best Val: 0.1083, Test: 0.2069
Training on 643 samples...
Train epoch: 28 [0/643 (0%)]	Loss: 1.027841
Make prediction for 643 samples...
Make prediction for 98 samples...
Make prediction for 101 samples...
EarlyStopping counter: 12 out of 30
Epoch: 027, Train Loss: 1.0175, Metric: r2, Train: 0.6131, Val: 0.0016, best Val: 0.1083, Test: 0.1245
Training on 643 samples...
Train epoch: 29 [0/643 (0%)]	Loss: 1.050217
Make prediction for 643 samples...
Make prediction for 98 samples...
Make prediction for 101 samples...
EarlyStopping counter: 13 out of 30
Epoch: 028, Train Loss: 0.9971, Metric: r2, Train: 0.6235, Val: -0.7016, best Val: 0.1083, Test: 0.0929
Training on 643 samples...
Train epoch: 30 [0/643 (0%)]	Loss: 1.019938
Make prediction for 643 samples...
Make prediction for 98 samples...
Make prediction for 101 samples...
EarlyStopping counter: 14 out of 30
Epoch: 029, Train Loss: 0.9736, Metric: r2, Train: 0.6582, Val: -0.1346, best Val: 0.1083, Test: 0.1780
Training on 643 samples...
Train epoch: 31 [0/643 (0%)]	Loss: 0.981184
Make prediction for 643 samples...
Make prediction for 98 samples...
Make prediction for 101 samples...
EarlyStopping counter: 15 out of 30
Epoch: 030, Train Loss: 0.9681, Metric: r2, Train: 0.6742, Val: -0.4126, best Val: 0.1083, Test: 0.1821
Training on 643 samples...
Train epoch: 32 [0/643 (0%)]	Loss: 0.983262
Make prediction for 643 samples...
Make prediction for 98 samples...
Make prediction for 101 samples...
EarlyStopping counter: 16 out of 30
Epoch: 031, Train Loss: 0.9427, Metric: r2, Train: 0.6858, Val: -0.1838, best Val: 0.1083, Test: 0.1750
Training on 643 samples...
Train epoch: 33 [0/643 (0%)]	Loss: 0.957762
Make prediction for 643 samples...
Make prediction for 98 samples...
Make prediction for 101 samples...
EarlyStopping counter: 17 out of 30
Epoch: 032, Train Loss: 0.9490, Metric: r2, Train: 0.6814, Val: -0.0343, best Val: 0.1083, Test: 0.1363
Training on 643 samples...
Train epoch: 34 [0/643 (0%)]	Loss: 0.948940
Make prediction for 643 samples...
Make prediction for 98 samples...
Make prediction for 101 samples...
EarlyStopping counter: 18 out of 30
Epoch: 033, Train Loss: 0.9363, Metric: r2, Train: 0.6585, Val: -0.7866, best Val: 0.1083, Test: -0.0437
Training on 643 samples...
Train epoch: 35 [0/643 (0%)]	Loss: 0.998523
Make prediction for 643 samples...
Make prediction for 98 samples...
Make prediction for 101 samples...
EarlyStopping counter: 19 out of 30
Epoch: 034, Train Loss: 0.9517, Metric: r2, Train: 0.7084, Val: -0.3513, best Val: 0.1083, Test: 0.1223
Training on 643 samples...
Train epoch: 36 [0/643 (0%)]	Loss: 0.954215
Make prediction for 643 samples...
Make prediction for 98 samples...
Make prediction for 101 samples...
EarlyStopping counter: 20 out of 30
Epoch: 035, Train Loss: 0.9472, Metric: r2, Train: 0.6917, Val: -0.0181, best Val: 0.1083, Test: 0.0906
Training on 643 samples...
Train epoch: 37 [0/643 (0%)]	Loss: 0.974115
Make prediction for 643 samples...
Make prediction for 98 samples...
Make prediction for 101 samples...
EarlyStopping counter: 21 out of 30
Epoch: 036, Train Loss: 0.9230, Metric: r2, Train: 0.7012, Val: -0.5334, best Val: 0.1083, Test: 0.0120
Training on 643 samples...
Train epoch: 38 [0/643 (0%)]	Loss: 0.951256
Make prediction for 643 samples...
Make prediction for 98 samples...
Make prediction for 101 samples...
EarlyStopping counter: 22 out of 30
Epoch: 037, Train Loss: 0.9336, Metric: r2, Train: 0.7252, Val: -0.3356, best Val: 0.1083, Test: 0.0812
Training on 643 samples...
Train epoch: 39 [0/643 (0%)]	Loss: 0.914573
Make prediction for 643 samples...
Make prediction for 98 samples...
Make prediction for 101 samples...
EarlyStopping counter: 23 out of 30
Epoch: 038, Train Loss: 0.9171, Metric: r2, Train: 0.6992, Val: 0.0376, best Val: 0.1083, Test: 0.0791
Training on 643 samples...
Train epoch: 40 [0/643 (0%)]	Loss: 0.908428
Make prediction for 643 samples...
Make prediction for 98 samples...
Make prediction for 101 samples...
EarlyStopping counter: 24 out of 30
Epoch: 039, Train Loss: 0.8971, Metric: r2, Train: 0.7376, Val: -0.4260, best Val: 0.1083, Test: 0.0914
Training on 643 samples...
Train epoch: 41 [0/643 (0%)]	Loss: 0.898695
Make prediction for 643 samples...
Make prediction for 98 samples...
Make prediction for 101 samples...
EarlyStopping counter: 25 out of 30
Epoch: 040, Train Loss: 0.8990, Metric: r2, Train: 0.7302, Val: -0.5401, best Val: 0.1083, Test: 0.0355
Training on 643 samples...
Train epoch: 42 [0/643 (0%)]	Loss: 0.916256
Make prediction for 643 samples...
Make prediction for 98 samples...
Make prediction for 101 samples...
Make prediction for 101 samples...
Epoch: 041, Train Loss: 0.8966, Metric: r2, Train: 0.6745, Val: 0.1451, best Val: 0.1451, Test: 0.0138
Training on 643 samples...
Train epoch: 43 [0/643 (0%)]	Loss: 0.927758
Make prediction for 643 samples...
Make prediction for 98 samples...
Make prediction for 101 samples...
EarlyStopping counter: 1 out of 30
Epoch: 042, Train Loss: 0.9007, Metric: r2, Train: 0.7406, Val: -0.4552, best Val: 0.1451, Test: 0.0536
Training on 643 samples...
Train epoch: 44 [0/643 (0%)]	Loss: 0.922720
Make prediction for 643 samples...
Make prediction for 98 samples...
Make prediction for 101 samples...
EarlyStopping counter: 2 out of 30
Epoch: 043, Train Loss: 0.8910, Metric: r2, Train: 0.7609, Val: -0.2657, best Val: 0.1451, Test: 0.1278
Training on 643 samples...
Train epoch: 45 [0/643 (0%)]	Loss: 0.868523
Make prediction for 643 samples...
Make prediction for 98 samples...
Make prediction for 101 samples...
EarlyStopping counter: 3 out of 30
Epoch: 044, Train Loss: 0.9016, Metric: r2, Train: 0.7267, Val: 0.1427, best Val: 0.1451, Test: 0.0810
Training on 643 samples...
Train epoch: 46 [0/643 (0%)]	Loss: 0.892823
Make prediction for 643 samples...
Make prediction for 98 samples...
Make prediction for 101 samples...
EarlyStopping counter: 4 out of 30
Epoch: 045, Train Loss: 0.8871, Metric: r2, Train: 0.7650, Val: 0.0357, best Val: 0.1451, Test: 0.1657
Training on 643 samples...
Train epoch: 47 [0/643 (0%)]	Loss: 0.900100
Make prediction for 643 samples...
Make prediction for 98 samples...
Make prediction for 101 samples...
EarlyStopping counter: 5 out of 30
Epoch: 046, Train Loss: 0.8695, Metric: r2, Train: 0.7695, Val: -0.2403, best Val: 0.1451, Test: 0.1248
Training on 643 samples...
Train epoch: 48 [0/643 (0%)]	Loss: 0.855256
Make prediction for 643 samples...
Make prediction for 98 samples...
Make prediction for 101 samples...
EarlyStopping counter: 6 out of 30
Epoch: 047, Train Loss: 0.8507, Metric: r2, Train: 0.7827, Val: -0.0759, best Val: 0.1451, Test: 0.1683
Training on 643 samples...
Train epoch: 49 [0/643 (0%)]	Loss: 0.841730
Make prediction for 643 samples...
Make prediction for 98 samples...
Make prediction for 101 samples...
EarlyStopping counter: 7 out of 30
Epoch: 048, Train Loss: 0.8336, Metric: r2, Train: 0.7911, Val: -0.0969, best Val: 0.1451, Test: 0.1559
Training on 643 samples...
Train epoch: 50 [0/643 (0%)]	Loss: 0.863581
Make prediction for 643 samples...
Make prediction for 98 samples...
Make prediction for 101 samples...
EarlyStopping counter: 8 out of 30
Epoch: 049, Train Loss: 0.8372, Metric: r2, Train: 0.7470, Val: -0.5052, best Val: 0.1451, Test: -0.0433
Training on 643 samples...
Train epoch: 51 [0/643 (0%)]	Loss: 0.902459
Make prediction for 643 samples...
Make prediction for 98 samples...
Make prediction for 101 samples...
EarlyStopping counter: 9 out of 30
Epoch: 050, Train Loss: 0.8473, Metric: r2, Train: 0.7996, Val: 0.0161, best Val: 0.1451, Test: 0.1272
Training on 643 samples...
Train epoch: 52 [0/643 (0%)]	Loss: 0.848133
Make prediction for 643 samples...
Make prediction for 98 samples...
Make prediction for 101 samples...
Make prediction for 101 samples...
Epoch: 051, Train Loss: 0.8503, Metric: r2, Train: 0.7389, Val: 0.1930, best Val: 0.1930, Test: 0.0742
Training on 643 samples...
Train epoch: 53 [0/643 (0%)]	Loss: 0.890724
Make prediction for 643 samples...
Make prediction for 98 samples...
Make prediction for 101 samples...
EarlyStopping counter: 1 out of 30
Epoch: 052, Train Loss: 0.8437, Metric: r2, Train: 0.8024, Val: -0.1445, best Val: 0.1930, Test: 0.0959
Training on 643 samples...
Train epoch: 54 [0/643 (0%)]	Loss: 0.827882
Make prediction for 643 samples...
Make prediction for 98 samples...
Make prediction for 101 samples...
EarlyStopping counter: 2 out of 30
Epoch: 053, Train Loss: 0.8329, Metric: r2, Train: 0.7974, Val: -0.1317, best Val: 0.1930, Test: 0.1079
Training on 643 samples...
Train epoch: 55 [0/643 (0%)]	Loss: 0.839861
Make prediction for 643 samples...
Make prediction for 98 samples...
Make prediction for 101 samples...
EarlyStopping counter: 3 out of 30
Epoch: 054, Train Loss: 0.8197, Metric: r2, Train: 0.8102, Val: -0.0721, best Val: 0.1930, Test: 0.1620
Training on 643 samples...
Train epoch: 56 [0/643 (0%)]	Loss: 0.849161
Make prediction for 643 samples...
Make prediction for 98 samples...
Make prediction for 101 samples...
EarlyStopping counter: 4 out of 30
Epoch: 055, Train Loss: 0.8112, Metric: r2, Train: 0.8177, Val: 0.0749, best Val: 0.1930, Test: 0.2101
Training on 643 samples...
Train epoch: 57 [0/643 (0%)]	Loss: 0.800112
Make prediction for 643 samples...
Make prediction for 98 samples...
Make prediction for 101 samples...
EarlyStopping counter: 5 out of 30
Epoch: 056, Train Loss: 0.8091, Metric: r2, Train: 0.8232, Val: 0.0993, best Val: 0.1930, Test: 0.2074
Training on 643 samples...
Train epoch: 58 [0/643 (0%)]	Loss: 0.839175
Make prediction for 643 samples...
Make prediction for 98 samples...
Make prediction for 101 samples...
EarlyStopping counter: 6 out of 30
Epoch: 057, Train Loss: 0.8010, Metric: r2, Train: 0.8231, Val: 0.1905, best Val: 0.1930, Test: 0.2006
Training on 643 samples...
Train epoch: 59 [0/643 (0%)]	Loss: 0.843183
Make prediction for 643 samples...
Make prediction for 98 samples...
Make prediction for 101 samples...
EarlyStopping counter: 7 out of 30
Epoch: 058, Train Loss: 0.8008, Metric: r2, Train: 0.8252, Val: 0.1785, best Val: 0.1930, Test: 0.2103
Training on 643 samples...
Train epoch: 60 [0/643 (0%)]	Loss: 0.818802
Make prediction for 643 samples...
Make prediction for 98 samples...
Make prediction for 101 samples...
EarlyStopping counter: 8 out of 30
Epoch: 059, Train Loss: 0.7993, Metric: r2, Train: 0.7810, Val: 0.1927, best Val: 0.1930, Test: 0.1307
Training on 643 samples...
Train epoch: 61 [0/643 (0%)]	Loss: 0.852624
Make prediction for 643 samples...
Make prediction for 98 samples...
Make prediction for 101 samples...
EarlyStopping counter: 9 out of 30
Epoch: 060, Train Loss: 0.8256, Metric: r2, Train: 0.8238, Val: 0.1551, best Val: 0.1930, Test: 0.2205
Training on 643 samples...
Train epoch: 62 [0/643 (0%)]	Loss: 0.786533
Make prediction for 643 samples...
Make prediction for 98 samples...
Make prediction for 101 samples...
EarlyStopping counter: 10 out of 30
Epoch: 061, Train Loss: 0.7965, Metric: r2, Train: 0.8412, Val: 0.0439, best Val: 0.1930, Test: 0.2270
Training on 643 samples...
Train epoch: 63 [0/643 (0%)]	Loss: 0.789435
Make prediction for 643 samples...
Make prediction for 98 samples...
Make prediction for 101 samples...
EarlyStopping counter: 11 out of 30
Epoch: 062, Train Loss: 0.7821, Metric: r2, Train: 0.8424, Val: 0.1720, best Val: 0.1930, Test: 0.2170
Training on 643 samples...
Train epoch: 64 [0/643 (0%)]	Loss: 0.787698
Make prediction for 643 samples...
Make prediction for 98 samples...
Make prediction for 101 samples...
Make prediction for 101 samples...
Epoch: 063, Train Loss: 0.7829, Metric: r2, Train: 0.8188, Val: 0.2294, best Val: 0.2294, Test: 0.1829
Training on 643 samples...
Train epoch: 65 [0/643 (0%)]	Loss: 0.849508
Make prediction for 643 samples...
Make prediction for 98 samples...
Make prediction for 101 samples...
Make prediction for 101 samples...
Epoch: 064, Train Loss: 0.8002, Metric: r2, Train: 0.7692, Val: 0.2594, best Val: 0.2594, Test: 0.0736
Training on 643 samples...
Train epoch: 66 [0/643 (0%)]	Loss: 0.864858
Make prediction for 643 samples...
Make prediction for 98 samples...
Make prediction for 101 samples...
EarlyStopping counter: 1 out of 30
Epoch: 065, Train Loss: 0.8248, Metric: r2, Train: 0.8521, Val: 0.0662, best Val: 0.2594, Test: 0.2245
Training on 643 samples...
Train epoch: 67 [0/643 (0%)]	Loss: 0.770200
Make prediction for 643 samples...
Make prediction for 98 samples...
Make prediction for 101 samples...
EarlyStopping counter: 2 out of 30
Epoch: 066, Train Loss: 0.7963, Metric: r2, Train: 0.7946, Val: -0.3378, best Val: 0.2594, Test: 0.0446
Training on 643 samples...
Train epoch: 68 [0/643 (0%)]	Loss: 0.870404
Make prediction for 643 samples...
Make prediction for 98 samples...
Make prediction for 101 samples...
EarlyStopping counter: 3 out of 30
Epoch: 067, Train Loss: 0.8105, Metric: r2, Train: 0.8532, Val: 0.0711, best Val: 0.2594, Test: 0.2568
Training on 643 samples...
Train epoch: 69 [0/643 (0%)]	Loss: 0.788823
Make prediction for 643 samples...
Make prediction for 98 samples...
Make prediction for 101 samples...
EarlyStopping counter: 4 out of 30
Epoch: 068, Train Loss: 0.7657, Metric: r2, Train: 0.8594, Val: 0.1301, best Val: 0.2594, Test: 0.2551
Training on 643 samples...
Train epoch: 70 [0/643 (0%)]	Loss: 0.797684
Make prediction for 643 samples...
Make prediction for 98 samples...
Make prediction for 101 samples...
EarlyStopping counter: 5 out of 30
Epoch: 069, Train Loss: 0.7647, Metric: r2, Train: 0.8527, Val: 0.2144, best Val: 0.2594, Test: 0.2223
Training on 643 samples...
Train epoch: 71 [0/643 (0%)]	Loss: 0.786253
Make prediction for 643 samples...
Make prediction for 98 samples...
Make prediction for 101 samples...
EarlyStopping counter: 6 out of 30
Epoch: 070, Train Loss: 0.7680, Metric: r2, Train: 0.8520, Val: 0.1903, best Val: 0.2594, Test: 0.2104
Training on 643 samples...
Train epoch: 72 [0/643 (0%)]	Loss: 0.785400
Make prediction for 643 samples...
Make prediction for 98 samples...
Make prediction for 101 samples...
EarlyStopping counter: 7 out of 30
Epoch: 071, Train Loss: 0.7596, Metric: r2, Train: 0.8263, Val: 0.2346, best Val: 0.2594, Test: 0.1812
Training on 643 samples...
Train epoch: 73 [0/643 (0%)]	Loss: 0.806508
Make prediction for 643 samples...
Make prediction for 98 samples...
Make prediction for 101 samples...
EarlyStopping counter: 8 out of 30
Epoch: 072, Train Loss: 0.7803, Metric: r2, Train: 0.8632, Val: 0.1546, best Val: 0.2594, Test: 0.2439
Training on 643 samples...
Train epoch: 74 [0/643 (0%)]	Loss: 0.774698
Make prediction for 643 samples...
Make prediction for 98 samples...
Make prediction for 101 samples...
EarlyStopping counter: 9 out of 30
Epoch: 073, Train Loss: 0.7930, Metric: r2, Train: 0.8408, Val: -0.1246, best Val: 0.2594, Test: 0.1603
Training on 643 samples...
Train epoch: 75 [0/643 (0%)]	Loss: 0.781842
Make prediction for 643 samples...
Make prediction for 98 samples...
Make prediction for 101 samples...
EarlyStopping counter: 10 out of 30
Epoch: 074, Train Loss: 0.7632, Metric: r2, Train: 0.8644, Val: 0.1884, best Val: 0.2594, Test: 0.2804
Training on 643 samples...
Train epoch: 76 [0/643 (0%)]	Loss: 0.762480
Make prediction for 643 samples...
Make prediction for 98 samples...
Make prediction for 101 samples...
EarlyStopping counter: 11 out of 30
Epoch: 075, Train Loss: 0.7580, Metric: r2, Train: 0.8688, Val: 0.2094, best Val: 0.2594, Test: 0.2824
Training on 643 samples...
Train epoch: 77 [0/643 (0%)]	Loss: 0.754079
Make prediction for 643 samples...
Make prediction for 98 samples...
Make prediction for 101 samples...
EarlyStopping counter: 12 out of 30
Epoch: 076, Train Loss: 0.7468, Metric: r2, Train: 0.8700, Val: 0.1509, best Val: 0.2594, Test: 0.2531
Training on 643 samples...
Train epoch: 78 [0/643 (0%)]	Loss: 0.762321
Make prediction for 643 samples...
Make prediction for 98 samples...
Make prediction for 101 samples...
EarlyStopping counter: 13 out of 30
Epoch: 077, Train Loss: 0.7478, Metric: r2, Train: 0.8594, Val: 0.1916, best Val: 0.2594, Test: 0.2116
Training on 643 samples...
Train epoch: 79 [0/643 (0%)]	Loss: 0.757598
Make prediction for 643 samples...
Make prediction for 98 samples...
Make prediction for 101 samples...
EarlyStopping counter: 14 out of 30
Epoch: 078, Train Loss: 0.7553, Metric: r2, Train: 0.8767, Val: 0.1257, best Val: 0.2594, Test: 0.2228
Training on 643 samples...
Train epoch: 80 [0/643 (0%)]	Loss: 0.742760
Make prediction for 643 samples...
Make prediction for 98 samples...
Make prediction for 101 samples...
EarlyStopping counter: 15 out of 30
Epoch: 079, Train Loss: 0.7401, Metric: r2, Train: 0.8826, Val: 0.1674, best Val: 0.2594, Test: 0.2325
Training on 643 samples...
Train epoch: 81 [0/643 (0%)]	Loss: 0.751953
Make prediction for 643 samples...
Make prediction for 98 samples...
Make prediction for 101 samples...
EarlyStopping counter: 16 out of 30
Epoch: 080, Train Loss: 0.7329, Metric: r2, Train: 0.8849, Val: 0.0437, best Val: 0.2594, Test: 0.1966
Training on 643 samples...
Train epoch: 82 [0/643 (0%)]	Loss: 0.762912
Make prediction for 643 samples...
Make prediction for 98 samples...
Make prediction for 101 samples...
EarlyStopping counter: 17 out of 30
Epoch: 081, Train Loss: 0.7451, Metric: r2, Train: 0.8770, Val: -0.0676, best Val: 0.2594, Test: 0.1825
Training on 643 samples...
Train epoch: 83 [0/643 (0%)]	Loss: 0.764274
Make prediction for 643 samples...
Make prediction for 98 samples...
Make prediction for 101 samples...
EarlyStopping counter: 18 out of 30
Epoch: 082, Train Loss: 0.7494, Metric: r2, Train: 0.8509, Val: -0.2255, best Val: 0.2594, Test: 0.1436
Training on 643 samples...
Train epoch: 84 [0/643 (0%)]	Loss: 0.791857
Make prediction for 643 samples...
Make prediction for 98 samples...
Make prediction for 101 samples...
EarlyStopping counter: 19 out of 30
Epoch: 083, Train Loss: 0.7563, Metric: r2, Train: 0.8673, Val: -0.2836, best Val: 0.2594, Test: 0.1780
Training on 643 samples...
Train epoch: 85 [0/643 (0%)]	Loss: 0.750554
Make prediction for 643 samples...
Make prediction for 98 samples...
Make prediction for 101 samples...
EarlyStopping counter: 20 out of 30
Epoch: 084, Train Loss: 0.7463, Metric: r2, Train: 0.8916, Val: -0.0436, best Val: 0.2594, Test: 0.2473
Training on 643 samples...
Train epoch: 86 [0/643 (0%)]	Loss: 0.745706
Make prediction for 643 samples...
Make prediction for 98 samples...
Make prediction for 101 samples...
EarlyStopping counter: 21 out of 30
Epoch: 085, Train Loss: 0.7383, Metric: r2, Train: 0.8819, Val: 0.1819, best Val: 0.2594, Test: 0.2494
Training on 643 samples...
Train epoch: 87 [0/643 (0%)]	Loss: 0.753585
Make prediction for 643 samples...
Make prediction for 98 samples...
Make prediction for 101 samples...
EarlyStopping counter: 22 out of 30
Epoch: 086, Train Loss: 0.7373, Metric: r2, Train: 0.8820, Val: 0.1871, best Val: 0.2594, Test: 0.2323
Training on 643 samples...
Train epoch: 88 [0/643 (0%)]	Loss: 0.767500
Make prediction for 643 samples...
Make prediction for 98 samples...
Make prediction for 101 samples...
EarlyStopping counter: 23 out of 30
Epoch: 087, Train Loss: 0.7362, Metric: r2, Train: 0.8696, Val: 0.1926, best Val: 0.2594, Test: 0.2016
Training on 643 samples...
Train epoch: 89 [0/643 (0%)]	Loss: 0.768137
Make prediction for 643 samples...
Make prediction for 98 samples...
Make prediction for 101 samples...
EarlyStopping counter: 24 out of 30
Epoch: 088, Train Loss: 0.7366, Metric: r2, Train: 0.8837, Val: 0.2234, best Val: 0.2594, Test: 0.2425
Training on 643 samples...
Train epoch: 90 [0/643 (0%)]	Loss: 0.742200
Make prediction for 643 samples...
Make prediction for 98 samples...
Make prediction for 101 samples...
EarlyStopping counter: 25 out of 30
Epoch: 089, Train Loss: 0.7456, Metric: r2, Train: 0.8816, Val: 0.0545, best Val: 0.2594, Test: 0.2472
Training on 643 samples...
Train epoch: 91 [0/643 (0%)]	Loss: 0.759862
Make prediction for 643 samples...
Make prediction for 98 samples...
Make prediction for 101 samples...
EarlyStopping counter: 26 out of 30
Epoch: 090, Train Loss: 0.7537, Metric: r2, Train: 0.8502, Val: -0.1894, best Val: 0.2594, Test: 0.1707
Training on 643 samples...
Train epoch: 92 [0/643 (0%)]	Loss: 0.784557
Make prediction for 643 samples...
Make prediction for 98 samples...
Make prediction for 101 samples...
EarlyStopping counter: 27 out of 30
Epoch: 091, Train Loss: 0.7453, Metric: r2, Train: 0.8967, Val: 0.0503, best Val: 0.2594, Test: 0.2769
Training on 643 samples...
Train epoch: 93 [0/643 (0%)]	Loss: 0.737614
Make prediction for 643 samples...
Make prediction for 98 samples...
Make prediction for 101 samples...
EarlyStopping counter: 28 out of 30
Epoch: 092, Train Loss: 0.7386, Metric: r2, Train: 0.8935, Val: 0.2096, best Val: 0.2594, Test: 0.2554
Training on 643 samples...
Train epoch: 94 [0/643 (0%)]	Loss: 0.741889
Make prediction for 643 samples...
Make prediction for 98 samples...
Make prediction for 101 samples...
EarlyStopping counter: 29 out of 30
Epoch: 093, Train Loss: 0.7811, Metric: r2, Train: 0.8118, Val: 0.2585, best Val: 0.2594, Test: 0.1071
Training on 643 samples...
Train epoch: 95 [0/643 (0%)]	Loss: 0.803042
Make prediction for 643 samples...
Make prediction for 98 samples...
Make prediction for 101 samples...
EarlyStopping counter: 30 out of 30
Epoch: 094, Train Loss: 0.7672, Metric: r2, Train: 0.8884, Val: 0.2007, best Val: 0.2594, Test: 0.2797
out of patience!
******Caco2_Perimeter_2044, 1th_time_result******
train_result: 0.7692
val_result: 0.2594
test_result: 0.0736
Current seed: 2034
Pre-processed data found: data/processed/Caco2_Perimeter_2044/Caco2_Perimeter_2044_train.pt, loading ...
Pre-processed data found: data/processed/Caco2_Perimeter_2044/Caco2_Perimeter_2044_valid.pt, loading ...
Pre-processed data found: data/processed/Caco2_Perimeter_2044/Caco2_Perimeter_2044_test.pt, loading ...
trainset mean:-5.230712890625 std:0.8125231266021729
Training on 643 samples...
Train epoch: 1 [0/643 (0%)]	Loss: 1.604550
Make prediction for 643 samples...
Make prediction for 98 samples...
Make prediction for 101 samples...
Make prediction for 101 samples...
Epoch: 000, Train Loss: 1.6371, Metric: r2, Train: -0.0102, Val: -0.1146, best Val: -0.1146, Test: -0.1738
Training on 643 samples...
Train epoch: 2 [0/643 (0%)]	Loss: 1.629571
Make prediction for 643 samples...
Make prediction for 98 samples...
Make prediction for 101 samples...
EarlyStopping counter: 1 out of 30
Epoch: 001, Train Loss: 1.6173, Metric: r2, Train: -0.0012, Val: -0.6055, best Val: -0.1146, Test: 0.0287
Training on 643 samples...
Train epoch: 3 [0/643 (0%)]	Loss: 1.565526
Make prediction for 643 samples...
Make prediction for 98 samples...
Make prediction for 101 samples...
Make prediction for 101 samples...
Epoch: 002, Train Loss: 1.5988, Metric: r2, Train: -0.0045, Val: -0.1052, best Val: -0.1052, Test: -0.1979
Training on 643 samples...
Train epoch: 4 [0/643 (0%)]	Loss: 1.681854
Make prediction for 643 samples...
Make prediction for 98 samples...
Make prediction for 101 samples...
EarlyStopping counter: 1 out of 30
Epoch: 003, Train Loss: 1.5990, Metric: r2, Train: 0.0257, Val: -0.5245, best Val: -0.1052, Test: 0.0391
Training on 643 samples...
Train epoch: 5 [0/643 (0%)]	Loss: 1.601482
Make prediction for 643 samples...
Make prediction for 98 samples...
Make prediction for 101 samples...
EarlyStopping counter: 2 out of 30
Epoch: 004, Train Loss: 1.5844, Metric: r2, Train: 0.0445, Val: -0.3386, best Val: -0.1052, Test: -0.0429
Training on 643 samples...
Train epoch: 6 [0/643 (0%)]	Loss: 1.658427
Make prediction for 643 samples...
Make prediction for 98 samples...
Make prediction for 101 samples...
EarlyStopping counter: 3 out of 30
Epoch: 005, Train Loss: 1.5598, Metric: r2, Train: 0.0681, Val: -0.4005, best Val: -0.1052, Test: -0.0748
Training on 643 samples...
Train epoch: 7 [0/643 (0%)]	Loss: 1.531242
Make prediction for 643 samples...
Make prediction for 98 samples...
Make prediction for 101 samples...
EarlyStopping counter: 4 out of 30
Epoch: 006, Train Loss: 1.5458, Metric: r2, Train: 0.0957, Val: -0.6598, best Val: -0.1052, Test: -0.0123
Training on 643 samples...
Train epoch: 8 [0/643 (0%)]	Loss: 1.589792
Make prediction for 643 samples...
Make prediction for 98 samples...
Make prediction for 101 samples...
EarlyStopping counter: 5 out of 30
Epoch: 007, Train Loss: 1.5150, Metric: r2, Train: 0.1188, Val: -0.7880, best Val: -0.1052, Test: 0.0237
Training on 643 samples...
Train epoch: 9 [0/643 (0%)]	Loss: 1.573325
Make prediction for 643 samples...
Make prediction for 98 samples...
Make prediction for 101 samples...
EarlyStopping counter: 6 out of 30
Epoch: 008, Train Loss: 1.5181, Metric: r2, Train: 0.1396, Val: -0.6541, best Val: -0.1052, Test: 0.0102
Training on 643 samples...
Train epoch: 10 [0/643 (0%)]	Loss: 1.550904
Make prediction for 643 samples...
Make prediction for 98 samples...
Make prediction for 101 samples...
EarlyStopping counter: 7 out of 30
Epoch: 009, Train Loss: 1.4688, Metric: r2, Train: 0.2033, Val: -0.7404, best Val: -0.1052, Test: 0.1852
Training on 643 samples...
Train epoch: 11 [0/643 (0%)]	Loss: 1.490429
Make prediction for 643 samples...
Make prediction for 98 samples...
Make prediction for 101 samples...
EarlyStopping counter: 8 out of 30
Epoch: 010, Train Loss: 1.4095, Metric: r2, Train: 0.2653, Val: -0.5648, best Val: -0.1052, Test: 0.2314
Training on 643 samples...
Train epoch: 12 [0/643 (0%)]	Loss: 1.321241
Make prediction for 643 samples...
Make prediction for 98 samples...
Make prediction for 101 samples...
Make prediction for 101 samples...
Epoch: 011, Train Loss: 1.3485, Metric: r2, Train: 0.1760, Val: -0.0025, best Val: -0.0025, Test: -0.2295
Training on 643 samples...
Train epoch: 13 [0/643 (0%)]	Loss: 1.553794
Make prediction for 643 samples...
Make prediction for 98 samples...
Make prediction for 101 samples...
EarlyStopping counter: 1 out of 30
Epoch: 012, Train Loss: 1.3895, Metric: r2, Train: 0.3416, Val: -0.6252, best Val: -0.0025, Test: 0.3675
Training on 643 samples...
Train epoch: 14 [0/643 (0%)]	Loss: 1.384968
Make prediction for 643 samples...
Make prediction for 98 samples...
Make prediction for 101 samples...
EarlyStopping counter: 2 out of 30
Epoch: 013, Train Loss: 1.2608, Metric: r2, Train: 0.3700, Val: -0.1302, best Val: -0.0025, Test: 0.2934
Training on 643 samples...
Train epoch: 15 [0/643 (0%)]	Loss: 1.310742
Make prediction for 643 samples...
Make prediction for 98 samples...
Make prediction for 101 samples...
EarlyStopping counter: 3 out of 30
Epoch: 014, Train Loss: 1.2681, Metric: r2, Train: 0.4091, Val: -0.2086, best Val: -0.0025, Test: 0.3364
Training on 643 samples...
Train epoch: 16 [0/643 (0%)]	Loss: 1.233694
Make prediction for 643 samples...
Make prediction for 98 samples...
Make prediction for 101 samples...
EarlyStopping counter: 4 out of 30
Epoch: 015, Train Loss: 1.2205, Metric: r2, Train: 0.3633, Val: -1.0315, best Val: -0.0025, Test: 0.2490
Training on 643 samples...
Train epoch: 17 [0/643 (0%)]	Loss: 1.241933
Make prediction for 643 samples...
Make prediction for 98 samples...
Make prediction for 101 samples...
EarlyStopping counter: 5 out of 30
Epoch: 016, Train Loss: 1.2344, Metric: r2, Train: 0.4191, Val: -0.1253, best Val: -0.0025, Test: 0.2536
Training on 643 samples...
Train epoch: 18 [0/643 (0%)]	Loss: 1.248281
Make prediction for 643 samples...
Make prediction for 98 samples...
Make prediction for 101 samples...
EarlyStopping counter: 6 out of 30
Epoch: 017, Train Loss: 1.1820, Metric: r2, Train: 0.4938, Val: -0.4717, best Val: -0.0025, Test: 0.3974
Training on 643 samples...
Train epoch: 19 [0/643 (0%)]	Loss: 1.143457
Make prediction for 643 samples...
Make prediction for 98 samples...
Make prediction for 101 samples...
EarlyStopping counter: 7 out of 30
Epoch: 018, Train Loss: 1.1297, Metric: r2, Train: 0.5150, Val: -0.5618, best Val: -0.0025, Test: 0.3773
Training on 643 samples...
Train epoch: 20 [0/643 (0%)]	Loss: 1.138287
Make prediction for 643 samples...
Make prediction for 98 samples...
Make prediction for 101 samples...
EarlyStopping counter: 8 out of 30
Epoch: 019, Train Loss: 1.1211, Metric: r2, Train: 0.5417, Val: -0.6074, best Val: -0.0025, Test: 0.3413
Training on 643 samples...
Train epoch: 21 [0/643 (0%)]	Loss: 1.052146
Make prediction for 643 samples...
Make prediction for 98 samples...
Make prediction for 101 samples...
EarlyStopping counter: 9 out of 30
Epoch: 020, Train Loss: 1.0754, Metric: r2, Train: 0.5625, Val: -0.5656, best Val: -0.0025, Test: 0.2990
Training on 643 samples...
Train epoch: 22 [0/643 (0%)]	Loss: 1.040870
Make prediction for 643 samples...
Make prediction for 98 samples...
Make prediction for 101 samples...
EarlyStopping counter: 10 out of 30
Epoch: 021, Train Loss: 1.0548, Metric: r2, Train: 0.5329, Val: -1.2484, best Val: -0.0025, Test: 0.0799
Training on 643 samples...
Train epoch: 23 [0/643 (0%)]	Loss: 1.128883
Make prediction for 643 samples...
Make prediction for 98 samples...
Make prediction for 101 samples...
EarlyStopping counter: 11 out of 30
Epoch: 022, Train Loss: 1.1064, Metric: r2, Train: 0.4278, Val: -1.7018, best Val: -0.0025, Test: -0.2400
Training on 643 samples...
Train epoch: 24 [0/643 (0%)]	Loss: 1.218753
Make prediction for 643 samples...
Make prediction for 98 samples...
Make prediction for 101 samples...
Make prediction for 101 samples...
Epoch: 023, Train Loss: 1.0951, Metric: r2, Train: 0.4895, Val: 0.0407, best Val: 0.0407, Test: -0.0198
Training on 643 samples...
Train epoch: 25 [0/643 (0%)]	Loss: 1.094390
Make prediction for 643 samples...
Make prediction for 98 samples...
Make prediction for 101 samples...
EarlyStopping counter: 1 out of 30
Epoch: 024, Train Loss: 1.0627, Metric: r2, Train: 0.5934, Val: -0.5395, best Val: 0.0407, Test: 0.2717
Training on 643 samples...
Train epoch: 26 [0/643 (0%)]	Loss: 1.042175
Make prediction for 643 samples...
Make prediction for 98 samples...
Make prediction for 101 samples...
EarlyStopping counter: 2 out of 30
Epoch: 025, Train Loss: 1.0425, Metric: r2, Train: 0.6301, Val: -0.2715, best Val: 0.0407, Test: 0.3404
Training on 643 samples...
Train epoch: 27 [0/643 (0%)]	Loss: 1.063124
Make prediction for 643 samples...
Make prediction for 98 samples...
Make prediction for 101 samples...
EarlyStopping counter: 3 out of 30
Epoch: 026, Train Loss: 1.0180, Metric: r2, Train: 0.6322, Val: -0.1556, best Val: 0.0407, Test: 0.2960
Training on 643 samples...
Train epoch: 28 [0/643 (0%)]	Loss: 0.998552
Make prediction for 643 samples...
Make prediction for 98 samples...
Make prediction for 101 samples...
EarlyStopping counter: 4 out of 30
Epoch: 027, Train Loss: 0.9694, Metric: r2, Train: 0.5953, Val: -1.1440, best Val: 0.0407, Test: 0.2041
Training on 643 samples...
Train epoch: 29 [0/643 (0%)]	Loss: 1.053332
Make prediction for 643 samples...
Make prediction for 98 samples...
Make prediction for 101 samples...
EarlyStopping counter: 5 out of 30
Epoch: 028, Train Loss: 0.9912, Metric: r2, Train: 0.6725, Val: -0.3428, best Val: 0.0407, Test: 0.2800
Training on 643 samples...
Train epoch: 30 [0/643 (0%)]	Loss: 0.982670
Make prediction for 643 samples...
Make prediction for 98 samples...
Make prediction for 101 samples...
EarlyStopping counter: 6 out of 30
Epoch: 029, Train Loss: 0.9484, Metric: r2, Train: 0.6870, Val: -0.4241, best Val: 0.0407, Test: 0.2324
Training on 643 samples...
Train epoch: 31 [0/643 (0%)]	Loss: 0.941236
Make prediction for 643 samples...
Make prediction for 98 samples...
Make prediction for 101 samples...
EarlyStopping counter: 7 out of 30
Epoch: 030, Train Loss: 0.9426, Metric: r2, Train: 0.6908, Val: -0.5322, best Val: 0.0407, Test: 0.1976
Training on 643 samples...
Train epoch: 32 [0/643 (0%)]	Loss: 0.978113
Make prediction for 643 samples...
Make prediction for 98 samples...
Make prediction for 101 samples...
EarlyStopping counter: 8 out of 30
Epoch: 031, Train Loss: 0.9377, Metric: r2, Train: 0.7100, Val: -0.4945, best Val: 0.0407, Test: 0.2385
Training on 643 samples...
Train epoch: 33 [0/643 (0%)]	Loss: 0.922416
Make prediction for 643 samples...
Make prediction for 98 samples...
Make prediction for 101 samples...
EarlyStopping counter: 9 out of 30
Epoch: 032, Train Loss: 0.9206, Metric: r2, Train: 0.6829, Val: -0.1362, best Val: 0.0407, Test: 0.1392
Training on 643 samples...
Train epoch: 34 [0/643 (0%)]	Loss: 0.991991
Make prediction for 643 samples...
Make prediction for 98 samples...
Make prediction for 101 samples...
EarlyStopping counter: 10 out of 30
Epoch: 033, Train Loss: 0.9459, Metric: r2, Train: 0.6217, Val: 0.0228, best Val: 0.0407, Test: -0.0642
Training on 643 samples...
Train epoch: 35 [0/643 (0%)]	Loss: 1.056018
Make prediction for 643 samples...
Make prediction for 98 samples...
Make prediction for 101 samples...
EarlyStopping counter: 11 out of 30
Epoch: 034, Train Loss: 0.9626, Metric: r2, Train: 0.7256, Val: -0.3166, best Val: 0.0407, Test: 0.2754
Training on 643 samples...
Train epoch: 36 [0/643 (0%)]	Loss: 0.890209
Make prediction for 643 samples...
Make prediction for 98 samples...
Make prediction for 101 samples...
EarlyStopping counter: 12 out of 30
Epoch: 035, Train Loss: 0.8970, Metric: r2, Train: 0.7186, Val: -0.6740, best Val: 0.0407, Test: 0.2491
Training on 643 samples...
Train epoch: 37 [0/643 (0%)]	Loss: 0.902161
Make prediction for 643 samples...
Make prediction for 98 samples...
Make prediction for 101 samples...
EarlyStopping counter: 13 out of 30
Epoch: 036, Train Loss: 0.8895, Metric: r2, Train: 0.7265, Val: -0.1378, best Val: 0.0407, Test: 0.1460
Training on 643 samples...
Train epoch: 38 [0/643 (0%)]	Loss: 0.916050
Make prediction for 643 samples...
Make prediction for 98 samples...
Make prediction for 101 samples...
Make prediction for 101 samples...
Epoch: 037, Train Loss: 0.8962, Metric: r2, Train: 0.6242, Val: 0.0713, best Val: 0.0713, Test: -0.1840
Training on 643 samples...
Train epoch: 39 [0/643 (0%)]	Loss: 1.003686
Make prediction for 643 samples...
Make prediction for 98 samples...
Make prediction for 101 samples...
EarlyStopping counter: 1 out of 30
Epoch: 038, Train Loss: 0.9402, Metric: r2, Train: 0.7498, Val: -0.1250, best Val: 0.0713, Test: 0.2211
Training on 643 samples...
Train epoch: 40 [0/643 (0%)]	Loss: 0.896155
Make prediction for 643 samples...
Make prediction for 98 samples...
Make prediction for 101 samples...
EarlyStopping counter: 2 out of 30
Epoch: 039, Train Loss: 0.8762, Metric: r2, Train: 0.7447, Val: -0.4334, best Val: 0.0713, Test: 0.2616
Training on 643 samples...
Train epoch: 41 [0/643 (0%)]	Loss: 0.886839
Make prediction for 643 samples...
Make prediction for 98 samples...
Make prediction for 101 samples...
EarlyStopping counter: 3 out of 30
Epoch: 040, Train Loss: 0.8829, Metric: r2, Train: 0.7476, Val: -0.5570, best Val: 0.0713, Test: 0.2848
Training on 643 samples...
Train epoch: 42 [0/643 (0%)]	Loss: 0.907917
Make prediction for 643 samples...
Make prediction for 98 samples...
Make prediction for 101 samples...
EarlyStopping counter: 4 out of 30
Epoch: 041, Train Loss: 0.8815, Metric: r2, Train: 0.7749, Val: -0.3862, best Val: 0.0713, Test: 0.3013
Training on 643 samples...
Train epoch: 43 [0/643 (0%)]	Loss: 0.837964
Make prediction for 643 samples...
Make prediction for 98 samples...
Make prediction for 101 samples...
EarlyStopping counter: 5 out of 30
Epoch: 042, Train Loss: 0.8674, Metric: r2, Train: 0.7777, Val: -0.2964, best Val: 0.0713, Test: 0.2718
Training on 643 samples...
Train epoch: 44 [0/643 (0%)]	Loss: 0.843955
Make prediction for 643 samples...
Make prediction for 98 samples...
Make prediction for 101 samples...
EarlyStopping counter: 6 out of 30
Epoch: 043, Train Loss: 0.8515, Metric: r2, Train: 0.7578, Val: -0.0805, best Val: 0.0713, Test: 0.1694
Training on 643 samples...
Train epoch: 45 [0/643 (0%)]	Loss: 0.866362
Make prediction for 643 samples...
Make prediction for 98 samples...
Make prediction for 101 samples...
EarlyStopping counter: 7 out of 30
Epoch: 044, Train Loss: 0.8553, Metric: r2, Train: 0.7916, Val: -0.2982, best Val: 0.0713, Test: 0.2713
Training on 643 samples...
Train epoch: 46 [0/643 (0%)]	Loss: 0.850907
Make prediction for 643 samples...
Make prediction for 98 samples...
Make prediction for 101 samples...
EarlyStopping counter: 8 out of 30
Epoch: 045, Train Loss: 0.8367, Metric: r2, Train: 0.7922, Val: -0.3213, best Val: 0.0713, Test: 0.2809
Training on 643 samples...
Train epoch: 47 [0/643 (0%)]	Loss: 0.849849
Make prediction for 643 samples...
Make prediction for 98 samples...
Make prediction for 101 samples...
EarlyStopping counter: 9 out of 30
Epoch: 046, Train Loss: 0.8334, Metric: r2, Train: 0.8005, Val: -0.2088, best Val: 0.0713, Test: 0.2906
Training on 643 samples...
Train epoch: 48 [0/643 (0%)]	Loss: 0.834358
Make prediction for 643 samples...
Make prediction for 98 samples...
Make prediction for 101 samples...
EarlyStopping counter: 10 out of 30
Epoch: 047, Train Loss: 0.8390, Metric: r2, Train: 0.8016, Val: -0.3301, best Val: 0.0713, Test: 0.2895
Training on 643 samples...
Train epoch: 49 [0/643 (0%)]	Loss: 0.858617
Make prediction for 643 samples...
Make prediction for 98 samples...
Make prediction for 101 samples...
EarlyStopping counter: 11 out of 30
Epoch: 048, Train Loss: 0.8188, Metric: r2, Train: 0.8066, Val: -0.2688, best Val: 0.0713, Test: 0.3138
Training on 643 samples...
Train epoch: 50 [0/643 (0%)]	Loss: 0.801704
Make prediction for 643 samples...
Make prediction for 98 samples...
Make prediction for 101 samples...
EarlyStopping counter: 12 out of 30
Epoch: 049, Train Loss: 0.8333, Metric: r2, Train: 0.8042, Val: -0.3049, best Val: 0.0713, Test: 0.3278
Training on 643 samples...
Train epoch: 51 [0/643 (0%)]	Loss: 0.851605
Make prediction for 643 samples...
Make prediction for 98 samples...
Make prediction for 101 samples...
EarlyStopping counter: 13 out of 30
Epoch: 050, Train Loss: 0.8316, Metric: r2, Train: 0.8030, Val: 0.0303, best Val: 0.0713, Test: 0.2798
Training on 643 samples...
Train epoch: 52 [0/643 (0%)]	Loss: 0.858244
Make prediction for 643 samples...
Make prediction for 98 samples...
Make prediction for 101 samples...
Make prediction for 101 samples...
Epoch: 051, Train Loss: 0.9324, Metric: r2, Train: 0.6498, Val: 0.1779, best Val: 0.1779, Test: -0.0275
Training on 643 samples...
Train epoch: 53 [0/643 (0%)]	Loss: 0.991186
Make prediction for 643 samples...
Make prediction for 98 samples...
Make prediction for 101 samples...
EarlyStopping counter: 1 out of 30
Epoch: 052, Train Loss: 0.9148, Metric: r2, Train: 0.7981, Val: -0.0868, best Val: 0.1779, Test: 0.3818
Training on 643 samples...
Train epoch: 54 [0/643 (0%)]	Loss: 0.827841
Make prediction for 643 samples...
Make prediction for 98 samples...
Make prediction for 101 samples...
EarlyStopping counter: 2 out of 30
Epoch: 053, Train Loss: 0.8399, Metric: r2, Train: 0.7850, Val: -0.3860, best Val: 0.1779, Test: 0.3374
Training on 643 samples...
Train epoch: 55 [0/643 (0%)]	Loss: 0.829146
Make prediction for 643 samples...
Make prediction for 98 samples...
Make prediction for 101 samples...
EarlyStopping counter: 3 out of 30
Epoch: 054, Train Loss: 0.8338, Metric: r2, Train: 0.7827, Val: 0.1205, best Val: 0.1779, Test: 0.2411
Training on 643 samples...
Train epoch: 56 [0/643 (0%)]	Loss: 0.872009
Make prediction for 643 samples...
Make prediction for 98 samples...
Make prediction for 101 samples...
EarlyStopping counter: 4 out of 30
Epoch: 055, Train Loss: 0.8179, Metric: r2, Train: 0.8212, Val: 0.0270, best Val: 0.1779, Test: 0.2987
Training on 643 samples...
Train epoch: 57 [0/643 (0%)]	Loss: 0.783401
Make prediction for 643 samples...
Make prediction for 98 samples...
Make prediction for 101 samples...
EarlyStopping counter: 5 out of 30
Epoch: 056, Train Loss: 0.7946, Metric: r2, Train: 0.8213, Val: -0.1002, best Val: 0.1779, Test: 0.2368
Training on 643 samples...
Train epoch: 58 [0/643 (0%)]	Loss: 0.835352
Make prediction for 643 samples...
Make prediction for 98 samples...
Make prediction for 101 samples...
EarlyStopping counter: 6 out of 30
Epoch: 057, Train Loss: 0.8023, Metric: r2, Train: 0.8271, Val: -0.0760, best Val: 0.1779, Test: 0.2441
Training on 643 samples...
Train epoch: 59 [0/643 (0%)]	Loss: 0.828011
Make prediction for 643 samples...
Make prediction for 98 samples...
Make prediction for 101 samples...
EarlyStopping counter: 7 out of 30
Epoch: 058, Train Loss: 0.7941, Metric: r2, Train: 0.8072, Val: -0.3482, best Val: 0.1779, Test: 0.2161
Training on 643 samples...
Train epoch: 60 [0/643 (0%)]	Loss: 0.830020
Make prediction for 643 samples...
Make prediction for 98 samples...
Make prediction for 101 samples...
EarlyStopping counter: 8 out of 30
Epoch: 059, Train Loss: 0.8042, Metric: r2, Train: 0.8381, Val: -0.0822, best Val: 0.1779, Test: 0.3312
Training on 643 samples...
Train epoch: 61 [0/643 (0%)]	Loss: 0.801857
Make prediction for 643 samples...
Make prediction for 98 samples...
Make prediction for 101 samples...
Make prediction for 101 samples...
Epoch: 060, Train Loss: 0.7935, Metric: r2, Train: 0.8131, Val: 0.1795, best Val: 0.1795, Test: 0.2736
Training on 643 samples...
Train epoch: 62 [0/643 (0%)]	Loss: 0.824386
Make prediction for 643 samples...
Make prediction for 98 samples...
Make prediction for 101 samples...
EarlyStopping counter: 1 out of 30
Epoch: 061, Train Loss: 0.8002, Metric: r2, Train: 0.8341, Val: 0.1224, best Val: 0.1795, Test: 0.3153
Training on 643 samples...
Train epoch: 63 [0/643 (0%)]	Loss: 0.791016
Make prediction for 643 samples...
Make prediction for 98 samples...
Make prediction for 101 samples...
EarlyStopping counter: 2 out of 30
Epoch: 062, Train Loss: 0.8063, Metric: r2, Train: 0.7788, Val: -0.5386, best Val: 0.1795, Test: 0.1366
Training on 643 samples...
Train epoch: 64 [0/643 (0%)]	Loss: 0.826012
Make prediction for 643 samples...
Make prediction for 98 samples...
Make prediction for 101 samples...
EarlyStopping counter: 3 out of 30
Epoch: 063, Train Loss: 0.8155, Metric: r2, Train: 0.8247, Val: -0.2814, best Val: 0.1795, Test: 0.2787
Training on 643 samples...
Train epoch: 65 [0/643 (0%)]	Loss: 0.812729
Make prediction for 643 samples...
Make prediction for 98 samples...
Make prediction for 101 samples...
Make prediction for 101 samples...
Epoch: 064, Train Loss: 0.8128, Metric: r2, Train: 0.8167, Val: 0.1905, best Val: 0.1905, Test: 0.3133
Training on 643 samples...
Train epoch: 66 [0/643 (0%)]	Loss: 0.821501
Make prediction for 643 samples...
Make prediction for 98 samples...
Make prediction for 101 samples...
Make prediction for 101 samples...
Epoch: 065, Train Loss: 0.8149, Metric: r2, Train: 0.8172, Val: 0.2269, best Val: 0.2269, Test: 0.3085
Training on 643 samples...
Train epoch: 67 [0/643 (0%)]	Loss: 0.818673
Make prediction for 643 samples...
Make prediction for 98 samples...
Make prediction for 101 samples...
EarlyStopping counter: 1 out of 30
Epoch: 066, Train Loss: 0.7960, Metric: r2, Train: 0.8393, Val: -0.0988, best Val: 0.2269, Test: 0.3557
Training on 643 samples...
Train epoch: 68 [0/643 (0%)]	Loss: 0.782866
Make prediction for 643 samples...
Make prediction for 98 samples...
Make prediction for 101 samples...
EarlyStopping counter: 2 out of 30
Epoch: 067, Train Loss: 0.7781, Metric: r2, Train: 0.8457, Val: -0.2100, best Val: 0.2269, Test: 0.3323
Training on 643 samples...
Train epoch: 69 [0/643 (0%)]	Loss: 0.772418
Make prediction for 643 samples...
Make prediction for 98 samples...
Make prediction for 101 samples...
EarlyStopping counter: 3 out of 30
Epoch: 068, Train Loss: 0.7815, Metric: r2, Train: 0.8563, Val: -0.0391, best Val: 0.2269, Test: 0.3579
Training on 643 samples...
Train epoch: 70 [0/643 (0%)]	Loss: 0.776463
Make prediction for 643 samples...
Make prediction for 98 samples...
Make prediction for 101 samples...
EarlyStopping counter: 4 out of 30
Epoch: 069, Train Loss: 0.7784, Metric: r2, Train: 0.8325, Val: 0.1688, best Val: 0.2269, Test: 0.3271
Training on 643 samples...
Train epoch: 71 [0/643 (0%)]	Loss: 0.779716
Make prediction for 643 samples...
Make prediction for 98 samples...
Make prediction for 101 samples...
EarlyStopping counter: 5 out of 30
Epoch: 070, Train Loss: 0.7758, Metric: r2, Train: 0.8412, Val: 0.1661, best Val: 0.2269, Test: 0.3432
Training on 643 samples...
Train epoch: 72 [0/643 (0%)]	Loss: 0.783315
Make prediction for 643 samples...
Make prediction for 98 samples...
Make prediction for 101 samples...
EarlyStopping counter: 6 out of 30
Epoch: 071, Train Loss: 0.7750, Metric: r2, Train: 0.8561, Val: -0.1469, best Val: 0.2269, Test: 0.3770
Training on 643 samples...
Train epoch: 73 [0/643 (0%)]	Loss: 0.774613
Make prediction for 643 samples...
Make prediction for 98 samples...
Make prediction for 101 samples...
EarlyStopping counter: 7 out of 30
Epoch: 072, Train Loss: 0.7777, Metric: r2, Train: 0.8214, Val: -0.3659, best Val: 0.2269, Test: 0.2717
Training on 643 samples...
Train epoch: 74 [0/643 (0%)]	Loss: 0.828131
Make prediction for 643 samples...
Make prediction for 98 samples...
Make prediction for 101 samples...
EarlyStopping counter: 8 out of 30
Epoch: 073, Train Loss: 0.7865, Metric: r2, Train: 0.8525, Val: -0.1883, best Val: 0.2269, Test: 0.3347
Training on 643 samples...
Train epoch: 75 [0/643 (0%)]	Loss: 0.781637
Make prediction for 643 samples...
Make prediction for 98 samples...
Make prediction for 101 samples...
EarlyStopping counter: 9 out of 30
Epoch: 074, Train Loss: 0.7812, Metric: r2, Train: 0.8349, Val: 0.1798, best Val: 0.2269, Test: 0.3098
Training on 643 samples...
Train epoch: 76 [0/643 (0%)]	Loss: 0.782661
Make prediction for 643 samples...
Make prediction for 98 samples...
Make prediction for 101 samples...
EarlyStopping counter: 10 out of 30
Epoch: 075, Train Loss: 0.7804, Metric: r2, Train: 0.8212, Val: 0.1999, best Val: 0.2269, Test: 0.2661
Training on 643 samples...
Train epoch: 77 [0/643 (0%)]	Loss: 0.834642
Make prediction for 643 samples...
Make prediction for 98 samples...
Make prediction for 101 samples...
EarlyStopping counter: 11 out of 30
Epoch: 076, Train Loss: 0.7872, Metric: r2, Train: 0.8678, Val: 0.0989, best Val: 0.2269, Test: 0.3712
Training on 643 samples...
Train epoch: 78 [0/643 (0%)]	Loss: 0.773248
Make prediction for 643 samples...
Make prediction for 98 samples...
Make prediction for 101 samples...
EarlyStopping counter: 12 out of 30
Epoch: 077, Train Loss: 0.7647, Metric: r2, Train: 0.8708, Val: 0.0077, best Val: 0.2269, Test: 0.3682
Training on 643 samples...
Train epoch: 79 [0/643 (0%)]	Loss: 0.759315
Make prediction for 643 samples...
Make prediction for 98 samples...
Make prediction for 101 samples...
EarlyStopping counter: 13 out of 30
Epoch: 078, Train Loss: 0.7561, Metric: r2, Train: 0.8550, Val: -0.2076, best Val: 0.2269, Test: 0.3088
Training on 643 samples...
Train epoch: 80 [0/643 (0%)]	Loss: 0.779422
Make prediction for 643 samples...
Make prediction for 98 samples...
Make prediction for 101 samples...
EarlyStopping counter: 14 out of 30
Epoch: 079, Train Loss: 0.7590, Metric: r2, Train: 0.8724, Val: -0.0560, best Val: 0.2269, Test: 0.3478
Training on 643 samples...
Train epoch: 81 [0/643 (0%)]	Loss: 0.775779
Make prediction for 643 samples...
Make prediction for 98 samples...
Make prediction for 101 samples...
EarlyStopping counter: 15 out of 30
Epoch: 080, Train Loss: 0.7533, Metric: r2, Train: 0.8749, Val: 0.1147, best Val: 0.2269, Test: 0.3522
Training on 643 samples...
Train epoch: 82 [0/643 (0%)]	Loss: 0.771221
Make prediction for 643 samples...
Make prediction for 98 samples...
Make prediction for 101 samples...
EarlyStopping counter: 16 out of 30
Epoch: 081, Train Loss: 0.7449, Metric: r2, Train: 0.8751, Val: 0.0837, best Val: 0.2269, Test: 0.3541
Training on 643 samples...
Train epoch: 83 [0/643 (0%)]	Loss: 0.745215
Make prediction for 643 samples...
Make prediction for 98 samples...
Make prediction for 101 samples...
EarlyStopping counter: 17 out of 30
Epoch: 082, Train Loss: 0.7429, Metric: r2, Train: 0.8832, Val: 0.0408, best Val: 0.2269, Test: 0.3717
Training on 643 samples...
Train epoch: 84 [0/643 (0%)]	Loss: 0.737047
Make prediction for 643 samples...
Make prediction for 98 samples...
Make prediction for 101 samples...
EarlyStopping counter: 18 out of 30
Epoch: 083, Train Loss: 0.7393, Metric: r2, Train: 0.8801, Val: -0.0681, best Val: 0.2269, Test: 0.3740
Training on 643 samples...
Train epoch: 85 [0/643 (0%)]	Loss: 0.740290
Make prediction for 643 samples...
Make prediction for 98 samples...
Make prediction for 101 samples...
EarlyStopping counter: 19 out of 30
Epoch: 084, Train Loss: 0.7389, Metric: r2, Train: 0.8326, Val: -0.3373, best Val: 0.2269, Test: 0.2609
Training on 643 samples...
Train epoch: 86 [0/643 (0%)]	Loss: 0.800862
Make prediction for 643 samples...
Make prediction for 98 samples...
Make prediction for 101 samples...
EarlyStopping counter: 20 out of 30
Epoch: 085, Train Loss: 0.7626, Metric: r2, Train: 0.8793, Val: -0.1383, best Val: 0.2269, Test: 0.3560
Training on 643 samples...
Train epoch: 87 [0/643 (0%)]	Loss: 0.756449
Make prediction for 643 samples...
Make prediction for 98 samples...
Make prediction for 101 samples...
EarlyStopping counter: 21 out of 30
Epoch: 086, Train Loss: 0.7417, Metric: r2, Train: 0.8894, Val: -0.0585, best Val: 0.2269, Test: 0.3820
Training on 643 samples...
Train epoch: 88 [0/643 (0%)]	Loss: 0.734020
Make prediction for 643 samples...
Make prediction for 98 samples...
Make prediction for 101 samples...
EarlyStopping counter: 22 out of 30
Epoch: 087, Train Loss: 0.7310, Metric: r2, Train: 0.8901, Val: -0.0826, best Val: 0.2269, Test: 0.3822
Training on 643 samples...
Train epoch: 89 [0/643 (0%)]	Loss: 0.742171
Make prediction for 643 samples...
Make prediction for 98 samples...
Make prediction for 101 samples...
EarlyStopping counter: 23 out of 30
Epoch: 088, Train Loss: 0.7234, Metric: r2, Train: 0.8925, Val: 0.0014, best Val: 0.2269, Test: 0.3742
Training on 643 samples...
Train epoch: 90 [0/643 (0%)]	Loss: 0.748840
Make prediction for 643 samples...
Make prediction for 98 samples...
Make prediction for 101 samples...
EarlyStopping counter: 24 out of 30
Epoch: 089, Train Loss: 0.7260, Metric: r2, Train: 0.8938, Val: -0.0345, best Val: 0.2269, Test: 0.3725
Training on 643 samples...
Train epoch: 91 [0/643 (0%)]	Loss: 0.758718
Make prediction for 643 samples...
Make prediction for 98 samples...
Make prediction for 101 samples...
EarlyStopping counter: 25 out of 30
Epoch: 090, Train Loss: 0.7311, Metric: r2, Train: 0.8932, Val: -0.1179, best Val: 0.2269, Test: 0.3721
Training on 643 samples...
Train epoch: 92 [0/643 (0%)]	Loss: 0.740097
Make prediction for 643 samples...
Make prediction for 98 samples...
Make prediction for 101 samples...
EarlyStopping counter: 26 out of 30
Epoch: 091, Train Loss: 0.7252, Metric: r2, Train: 0.8982, Val: -0.1076, best Val: 0.2269, Test: 0.3772
Training on 643 samples...
Train epoch: 93 [0/643 (0%)]	Loss: 0.732513
Make prediction for 643 samples...
Make prediction for 98 samples...
Make prediction for 101 samples...
EarlyStopping counter: 27 out of 30
Epoch: 092, Train Loss: 0.7288, Metric: r2, Train: 0.8678, Val: -0.3985, best Val: 0.2269, Test: 0.3257
Training on 643 samples...
Train epoch: 94 [0/643 (0%)]	Loss: 0.763256
Make prediction for 643 samples...
Make prediction for 98 samples...
Make prediction for 101 samples...
EarlyStopping counter: 28 out of 30
Epoch: 093, Train Loss: 0.7310, Metric: r2, Train: 0.8967, Val: -0.0424, best Val: 0.2269, Test: 0.3706
Training on 643 samples...
Train epoch: 95 [0/643 (0%)]	Loss: 0.737178
Make prediction for 643 samples...
Make prediction for 98 samples...
Make prediction for 101 samples...
EarlyStopping counter: 29 out of 30
Epoch: 094, Train Loss: 0.7273, Metric: r2, Train: 0.9008, Val: 0.0178, best Val: 0.2269, Test: 0.3779
Training on 643 samples...
Train epoch: 96 [0/643 (0%)]	Loss: 0.738977
Make prediction for 643 samples...
Make prediction for 98 samples...
Make prediction for 101 samples...
EarlyStopping counter: 30 out of 30
Epoch: 095, Train Loss: 0.7332, Metric: r2, Train: 0.9020, Val: -0.0789, best Val: 0.2269, Test: 0.3924
out of patience!
******Caco2_Perimeter_2044, 2th_time_result******
train_result: 0.8172
val_result: 0.2269
test_result: 0.3085
Current seed: 2044
Pre-processed data found: data/processed/Caco2_Perimeter_2044/Caco2_Perimeter_2044_train.pt, loading ...
Pre-processed data found: data/processed/Caco2_Perimeter_2044/Caco2_Perimeter_2044_valid.pt, loading ...
Pre-processed data found: data/processed/Caco2_Perimeter_2044/Caco2_Perimeter_2044_test.pt, loading ...
trainset mean:-5.230712890625 std:0.8125231266021729
Training on 643 samples...
Train epoch: 1 [0/643 (0%)]	Loss: 1.669686
Make prediction for 643 samples...
Make prediction for 98 samples...
Make prediction for 101 samples...
Make prediction for 101 samples...
Epoch: 000, Train Loss: 1.6553, Metric: r2, Train: -0.1057, Val: -1.0412, best Val: -1.0412, Test: -0.0355
Training on 643 samples...
Train epoch: 2 [0/643 (0%)]	Loss: 1.670350
Make prediction for 643 samples...
Make prediction for 98 samples...
Make prediction for 101 samples...
Make prediction for 101 samples...
Epoch: 001, Train Loss: 1.6799, Metric: r2, Train: -0.0098, Val: -0.1151, best Val: -0.1151, Test: -0.1384
Training on 643 samples...
Train epoch: 3 [0/643 (0%)]	Loss: 1.666925
Make prediction for 643 samples...
Make prediction for 98 samples...
Make prediction for 101 samples...
EarlyStopping counter: 1 out of 30
Epoch: 002, Train Loss: 1.6127, Metric: r2, Train: 0.0130, Val: -0.3560, best Val: -0.1151, Test: 0.0029
Training on 643 samples...
Train epoch: 4 [0/643 (0%)]	Loss: 1.668572
Make prediction for 643 samples...
Make prediction for 98 samples...
Make prediction for 101 samples...
EarlyStopping counter: 2 out of 30
Epoch: 003, Train Loss: 1.6067, Metric: r2, Train: 0.0248, Val: -0.3512, best Val: -0.1151, Test: 0.0111
Training on 643 samples...
Train epoch: 5 [0/643 (0%)]	Loss: 1.558798
Make prediction for 643 samples...
Make prediction for 98 samples...
Make prediction for 101 samples...
EarlyStopping counter: 3 out of 30
Epoch: 004, Train Loss: 1.5897, Metric: r2, Train: 0.0373, Val: -0.2362, best Val: -0.1151, Test: -0.0314
Training on 643 samples...
Train epoch: 6 [0/643 (0%)]	Loss: 1.437235
Make prediction for 643 samples...
Make prediction for 98 samples...
Make prediction for 101 samples...
EarlyStopping counter: 4 out of 30
Epoch: 005, Train Loss: 1.5542, Metric: r2, Train: 0.0606, Val: -0.5235, best Val: -0.1151, Test: 0.0938
Training on 643 samples...
Train epoch: 7 [0/643 (0%)]	Loss: 1.512094
Make prediction for 643 samples...
Make prediction for 98 samples...
Make prediction for 101 samples...
EarlyStopping counter: 5 out of 30
Epoch: 006, Train Loss: 1.5404, Metric: r2, Train: 0.1044, Val: -0.5087, best Val: -0.1151, Test: 0.1038
Training on 643 samples...
Train epoch: 8 [0/643 (0%)]	Loss: 1.548802
Make prediction for 643 samples...
Make prediction for 98 samples...
Make prediction for 101 samples...
EarlyStopping counter: 6 out of 30
Epoch: 007, Train Loss: 1.5002, Metric: r2, Train: 0.1484, Val: -0.7627, best Val: -0.1151, Test: 0.1736
Training on 643 samples...
Train epoch: 9 [0/643 (0%)]	Loss: 1.432833
Make prediction for 643 samples...
Make prediction for 98 samples...
Make prediction for 101 samples...
EarlyStopping counter: 7 out of 30
Epoch: 008, Train Loss: 1.4636, Metric: r2, Train: 0.1952, Val: -0.6870, best Val: -0.1151, Test: 0.1462
Training on 643 samples...
Train epoch: 10 [0/643 (0%)]	Loss: 1.489599
Make prediction for 643 samples...
Make prediction for 98 samples...
Make prediction for 101 samples...
EarlyStopping counter: 8 out of 30
Epoch: 009, Train Loss: 1.4063, Metric: r2, Train: 0.2455, Val: -0.9969, best Val: -0.1151, Test: 0.3173
Training on 643 samples...
Train epoch: 11 [0/643 (0%)]	Loss: 1.344407
Make prediction for 643 samples...
Make prediction for 98 samples...
Make prediction for 101 samples...
EarlyStopping counter: 9 out of 30
Epoch: 010, Train Loss: 1.3651, Metric: r2, Train: 0.2371, Val: -1.2973, best Val: -0.1151, Test: 0.3383
Training on 643 samples...
Train epoch: 12 [0/643 (0%)]	Loss: 1.429678
Make prediction for 643 samples...
Make prediction for 98 samples...
Make prediction for 101 samples...
Make prediction for 101 samples...
Epoch: 011, Train Loss: 1.3300, Metric: r2, Train: 0.2232, Val: 0.0651, best Val: 0.0651, Test: -0.1041
Training on 643 samples...
Train epoch: 13 [0/643 (0%)]	Loss: 1.290545
Make prediction for 643 samples...
Make prediction for 98 samples...
Make prediction for 101 samples...
EarlyStopping counter: 1 out of 30
Epoch: 012, Train Loss: 1.3209, Metric: r2, Train: 0.3541, Val: -0.7745, best Val: 0.0651, Test: 0.3662
Training on 643 samples...
Train epoch: 14 [0/643 (0%)]	Loss: 1.277017
Make prediction for 643 samples...
Make prediction for 98 samples...
Make prediction for 101 samples...
EarlyStopping counter: 2 out of 30
Epoch: 013, Train Loss: 1.2649, Metric: r2, Train: 0.4135, Val: -0.3537, best Val: 0.0651, Test: 0.3608
Training on 643 samples...
Train epoch: 15 [0/643 (0%)]	Loss: 1.185509
Make prediction for 643 samples...
Make prediction for 98 samples...
Make prediction for 101 samples...
EarlyStopping counter: 3 out of 30
Epoch: 014, Train Loss: 1.2143, Metric: r2, Train: 0.4293, Val: -0.1154, best Val: 0.0651, Test: 0.2906
Training on 643 samples...
Train epoch: 16 [0/643 (0%)]	Loss: 1.293467
Make prediction for 643 samples...
Make prediction for 98 samples...
Make prediction for 101 samples...
EarlyStopping counter: 4 out of 30
Epoch: 015, Train Loss: 1.1905, Metric: r2, Train: 0.4901, Val: -0.4769, best Val: 0.0651, Test: 0.3418
Training on 643 samples...
Train epoch: 17 [0/643 (0%)]	Loss: 1.189787
Make prediction for 643 samples...
Make prediction for 98 samples...
Make prediction for 101 samples...
EarlyStopping counter: 5 out of 30
Epoch: 016, Train Loss: 1.1254, Metric: r2, Train: 0.4914, Val: -0.9322, best Val: 0.0651, Test: 0.1648
Training on 643 samples...
Train epoch: 18 [0/643 (0%)]	Loss: 1.203366
Make prediction for 643 samples...
Make prediction for 98 samples...
Make prediction for 101 samples...
EarlyStopping counter: 6 out of 30
Epoch: 017, Train Loss: 1.1097, Metric: r2, Train: 0.5553, Val: -0.6173, best Val: 0.0651, Test: 0.2080
Training on 643 samples...
Train epoch: 19 [0/643 (0%)]	Loss: 1.088516
Make prediction for 643 samples...
Make prediction for 98 samples...
Make prediction for 101 samples...
EarlyStopping counter: 7 out of 30
Epoch: 018, Train Loss: 1.0757, Metric: r2, Train: 0.5419, Val: -1.0476, best Val: 0.0651, Test: -0.0477
Training on 643 samples...
Train epoch: 20 [0/643 (0%)]	Loss: 1.147698
Make prediction for 643 samples...
Make prediction for 98 samples...
Make prediction for 101 samples...
EarlyStopping counter: 8 out of 30
Epoch: 019, Train Loss: 1.0774, Metric: r2, Train: 0.5741, Val: -0.8978, best Val: 0.0651, Test: -0.0138
Training on 643 samples...
Train epoch: 21 [0/643 (0%)]	Loss: 1.007388
Make prediction for 643 samples...
Make prediction for 98 samples...
Make prediction for 101 samples...
EarlyStopping counter: 9 out of 30
Epoch: 020, Train Loss: 1.0596, Metric: r2, Train: 0.5742, Val: -0.8994, best Val: 0.0651, Test: 0.0041
Training on 643 samples...
Train epoch: 22 [0/643 (0%)]	Loss: 1.106616
Make prediction for 643 samples...
Make prediction for 98 samples...
Make prediction for 101 samples...
EarlyStopping counter: 10 out of 30
Epoch: 021, Train Loss: 1.0669, Metric: r2, Train: 0.6178, Val: -0.2947, best Val: 0.0651, Test: 0.2038
Training on 643 samples...
Train epoch: 23 [0/643 (0%)]	Loss: 1.047189
Make prediction for 643 samples...
Make prediction for 98 samples...
Make prediction for 101 samples...
EarlyStopping counter: 11 out of 30
Epoch: 022, Train Loss: 1.0261, Metric: r2, Train: 0.5970, Val: -0.0768, best Val: 0.0651, Test: 0.1593
Training on 643 samples...
Train epoch: 24 [0/643 (0%)]	Loss: 1.120169
Make prediction for 643 samples...
Make prediction for 98 samples...
Make prediction for 101 samples...
EarlyStopping counter: 12 out of 30
Epoch: 023, Train Loss: 1.0241, Metric: r2, Train: 0.6509, Val: -0.2651, best Val: 0.0651, Test: 0.2351
Training on 643 samples...
Train epoch: 25 [0/643 (0%)]	Loss: 0.971893
Make prediction for 643 samples...
Make prediction for 98 samples...
Make prediction for 101 samples...
EarlyStopping counter: 13 out of 30
Epoch: 024, Train Loss: 0.9769, Metric: r2, Train: 0.6339, Val: -0.7112, best Val: 0.0651, Test: 0.1388
Training on 643 samples...
Train epoch: 26 [0/643 (0%)]	Loss: 1.003006
Make prediction for 643 samples...
Make prediction for 98 samples...
Make prediction for 101 samples...
EarlyStopping counter: 14 out of 30
Epoch: 025, Train Loss: 0.9648, Metric: r2, Train: 0.6636, Val: -0.2243, best Val: 0.0651, Test: 0.2308
Training on 643 samples...
Train epoch: 27 [0/643 (0%)]	Loss: 0.958945
Make prediction for 643 samples...
Make prediction for 98 samples...
Make prediction for 101 samples...
EarlyStopping counter: 15 out of 30
Epoch: 026, Train Loss: 0.9522, Metric: r2, Train: 0.6738, Val: -0.2587, best Val: 0.0651, Test: 0.2009
Training on 643 samples...
Train epoch: 28 [0/643 (0%)]	Loss: 0.995024
Make prediction for 643 samples...
Make prediction for 98 samples...
Make prediction for 101 samples...
EarlyStopping counter: 16 out of 30
Epoch: 027, Train Loss: 0.9501, Metric: r2, Train: 0.6910, Val: -0.3623, best Val: 0.0651, Test: 0.1660
Training on 643 samples...
Train epoch: 29 [0/643 (0%)]	Loss: 0.948154
Make prediction for 643 samples...
Make prediction for 98 samples...
Make prediction for 101 samples...
EarlyStopping counter: 17 out of 30
Epoch: 028, Train Loss: 1.0062, Metric: r2, Train: 0.6996, Val: -0.4434, best Val: 0.0651, Test: 0.1547
Training on 643 samples...
Train epoch: 30 [0/643 (0%)]	Loss: 0.929546
Make prediction for 643 samples...
Make prediction for 98 samples...
Make prediction for 101 samples...
EarlyStopping counter: 18 out of 30
Epoch: 029, Train Loss: 0.9448, Metric: r2, Train: 0.6660, Val: -0.8508, best Val: 0.0651, Test: 0.0085
Training on 643 samples...
Train epoch: 31 [0/643 (0%)]	Loss: 0.943727
Make prediction for 643 samples...
Make prediction for 98 samples...
Make prediction for 101 samples...
EarlyStopping counter: 19 out of 30
Epoch: 030, Train Loss: 0.9376, Metric: r2, Train: 0.6546, Val: 0.0426, best Val: 0.0651, Test: 0.1042
Training on 643 samples...
Train epoch: 32 [0/643 (0%)]	Loss: 0.986378
Make prediction for 643 samples...
Make prediction for 98 samples...
Make prediction for 101 samples...
EarlyStopping counter: 20 out of 30
Epoch: 031, Train Loss: 0.9453, Metric: r2, Train: 0.7166, Val: -0.3843, best Val: 0.0651, Test: 0.1809
Training on 643 samples...
Train epoch: 33 [0/643 (0%)]	Loss: 0.885760
Make prediction for 643 samples...
Make prediction for 98 samples...
Make prediction for 101 samples...
EarlyStopping counter: 21 out of 30
Epoch: 032, Train Loss: 0.9208, Metric: r2, Train: 0.6963, Val: -0.6656, best Val: 0.0651, Test: 0.0832
Training on 643 samples...
Train epoch: 34 [0/643 (0%)]	Loss: 0.920360
Make prediction for 643 samples...
Make prediction for 98 samples...
Make prediction for 101 samples...
EarlyStopping counter: 22 out of 30
Epoch: 033, Train Loss: 0.9145, Metric: r2, Train: 0.7342, Val: -0.1948, best Val: 0.0651, Test: 0.1846
Training on 643 samples...
Train epoch: 35 [0/643 (0%)]	Loss: 0.896688
Make prediction for 643 samples...
Make prediction for 98 samples...
Make prediction for 101 samples...
Make prediction for 101 samples...
Epoch: 034, Train Loss: 0.9099, Metric: r2, Train: 0.5998, Val: 0.1778, best Val: 0.1778, Test: -0.0803
Training on 643 samples...
Train epoch: 36 [0/643 (0%)]	Loss: 1.036294
Make prediction for 643 samples...
Make prediction for 98 samples...
Make prediction for 101 samples...
EarlyStopping counter: 1 out of 30
Epoch: 035, Train Loss: 0.9541, Metric: r2, Train: 0.7294, Val: -0.5330, best Val: 0.1778, Test: 0.0575
Training on 643 samples...
Train epoch: 37 [0/643 (0%)]	Loss: 0.847852
Make prediction for 643 samples...
Make prediction for 98 samples...
Make prediction for 101 samples...
EarlyStopping counter: 2 out of 30
Epoch: 036, Train Loss: 0.9025, Metric: r2, Train: 0.7231, Val: -0.6022, best Val: 0.1778, Test: 0.0423
Training on 643 samples...
Train epoch: 38 [0/643 (0%)]	Loss: 0.906290
Make prediction for 643 samples...
Make prediction for 98 samples...
Make prediction for 101 samples...
EarlyStopping counter: 3 out of 30
Epoch: 037, Train Loss: 0.9100, Metric: r2, Train: 0.7040, Val: 0.0956, best Val: 0.1778, Test: 0.1015
Training on 643 samples...
Train epoch: 39 [0/643 (0%)]	Loss: 0.918515
Make prediction for 643 samples...
Make prediction for 98 samples...
Make prediction for 101 samples...
EarlyStopping counter: 4 out of 30
Epoch: 038, Train Loss: 0.8861, Metric: r2, Train: 0.7642, Val: -0.1801, best Val: 0.1778, Test: 0.1883
Training on 643 samples...
Train epoch: 40 [0/643 (0%)]	Loss: 0.875697
Make prediction for 643 samples...
Make prediction for 98 samples...
Make prediction for 101 samples...
EarlyStopping counter: 5 out of 30
Epoch: 039, Train Loss: 0.8690, Metric: r2, Train: 0.6449, Val: -1.1349, best Val: 0.1778, Test: -0.2821
Training on 643 samples...
Train epoch: 41 [0/643 (0%)]	Loss: 0.949295
Make prediction for 643 samples...
Make prediction for 98 samples...
Make prediction for 101 samples...
EarlyStopping counter: 6 out of 30
Epoch: 040, Train Loss: 0.8989, Metric: r2, Train: 0.6943, Val: 0.1452, best Val: 0.1778, Test: 0.0450
Training on 643 samples...
Train epoch: 42 [0/643 (0%)]	Loss: 0.929325
Make prediction for 643 samples...
Make prediction for 98 samples...
Make prediction for 101 samples...
EarlyStopping counter: 7 out of 30
Epoch: 041, Train Loss: 0.8832, Metric: r2, Train: 0.7470, Val: -0.5072, best Val: 0.1778, Test: 0.0524
Training on 643 samples...
Train epoch: 43 [0/643 (0%)]	Loss: 0.915274
Make prediction for 643 samples...
Make prediction for 98 samples...
Make prediction for 101 samples...
EarlyStopping counter: 8 out of 30
Epoch: 042, Train Loss: 0.8897, Metric: r2, Train: 0.7715, Val: -0.3567, best Val: 0.1778, Test: 0.1447
Training on 643 samples...
Train epoch: 44 [0/643 (0%)]	Loss: 0.888414
Make prediction for 643 samples...
Make prediction for 98 samples...
Make prediction for 101 samples...
EarlyStopping counter: 9 out of 30
Epoch: 043, Train Loss: 0.8793, Metric: r2, Train: 0.7591, Val: 0.1213, best Val: 0.1778, Test: 0.1821
Training on 643 samples...
Train epoch: 45 [0/643 (0%)]	Loss: 0.912016
Make prediction for 643 samples...
Make prediction for 98 samples...
Make prediction for 101 samples...
EarlyStopping counter: 10 out of 30
Epoch: 044, Train Loss: 0.8603, Metric: r2, Train: 0.7857, Val: 0.0228, best Val: 0.1778, Test: 0.2292
Training on 643 samples...
Train epoch: 46 [0/643 (0%)]	Loss: 0.860791
Make prediction for 643 samples...
Make prediction for 98 samples...
Make prediction for 101 samples...
EarlyStopping counter: 11 out of 30
Epoch: 045, Train Loss: 0.8403, Metric: r2, Train: 0.7888, Val: -0.3293, best Val: 0.1778, Test: 0.1468
Training on 643 samples...
Train epoch: 47 [0/643 (0%)]	Loss: 0.834871
Make prediction for 643 samples...
Make prediction for 98 samples...
Make prediction for 101 samples...
EarlyStopping counter: 12 out of 30
Epoch: 046, Train Loss: 0.8301, Metric: r2, Train: 0.8032, Val: -0.0751, best Val: 0.1778, Test: 0.1972
Training on 643 samples...
Train epoch: 48 [0/643 (0%)]	Loss: 0.829591
Make prediction for 643 samples...
Make prediction for 98 samples...
Make prediction for 101 samples...
EarlyStopping counter: 13 out of 30
Epoch: 047, Train Loss: 0.8247, Metric: r2, Train: 0.8071, Val: -0.0339, best Val: 0.1778, Test: 0.1976
Training on 643 samples...
Train epoch: 49 [0/643 (0%)]	Loss: 0.845657
Make prediction for 643 samples...
Make prediction for 98 samples...
Make prediction for 101 samples...
EarlyStopping counter: 14 out of 30
Epoch: 048, Train Loss: 0.8152, Metric: r2, Train: 0.8167, Val: -0.2042, best Val: 0.1778, Test: 0.1702
Training on 643 samples...
Train epoch: 50 [0/643 (0%)]	Loss: 0.779488
Make prediction for 643 samples...
Make prediction for 98 samples...
Make prediction for 101 samples...
EarlyStopping counter: 15 out of 30
Epoch: 049, Train Loss: 0.8185, Metric: r2, Train: 0.8170, Val: -0.1821, best Val: 0.1778, Test: 0.1802
Training on 643 samples...
Train epoch: 51 [0/643 (0%)]	Loss: 0.833489
Make prediction for 643 samples...
Make prediction for 98 samples...
Make prediction for 101 samples...
EarlyStopping counter: 16 out of 30
Epoch: 050, Train Loss: 0.7972, Metric: r2, Train: 0.8182, Val: -0.1580, best Val: 0.1778, Test: 0.1770
Training on 643 samples...
Train epoch: 52 [0/643 (0%)]	Loss: 0.848193
Make prediction for 643 samples...
Make prediction for 98 samples...
Make prediction for 101 samples...
EarlyStopping counter: 17 out of 30
Epoch: 051, Train Loss: 0.8098, Metric: r2, Train: 0.8286, Val: -0.1554, best Val: 0.1778, Test: 0.1990
Training on 643 samples...
Train epoch: 53 [0/643 (0%)]	Loss: 0.800296
Make prediction for 643 samples...
Make prediction for 98 samples...
Make prediction for 101 samples...
EarlyStopping counter: 18 out of 30
Epoch: 052, Train Loss: 0.8265, Metric: r2, Train: 0.8347, Val: -0.0538, best Val: 0.1778, Test: 0.2428
Training on 643 samples...
Train epoch: 54 [0/643 (0%)]	Loss: 0.797683
Make prediction for 643 samples...
Make prediction for 98 samples...
Make prediction for 101 samples...
Make prediction for 101 samples...
Epoch: 053, Train Loss: 0.8164, Metric: r2, Train: 0.7651, Val: 0.2226, best Val: 0.2226, Test: 0.1988
Training on 643 samples...
Train epoch: 55 [0/643 (0%)]	Loss: 0.862416
Make prediction for 643 samples...
Make prediction for 98 samples...
Make prediction for 101 samples...
EarlyStopping counter: 1 out of 30
Epoch: 054, Train Loss: 0.8286, Metric: r2, Train: 0.8346, Val: 0.0283, best Val: 0.2226, Test: 0.2844
Training on 643 samples...
Train epoch: 56 [0/643 (0%)]	Loss: 0.811979
Make prediction for 643 samples...
Make prediction for 98 samples...
Make prediction for 101 samples...
EarlyStopping counter: 2 out of 30
Epoch: 055, Train Loss: 0.7940, Metric: r2, Train: 0.8102, Val: -0.4280, best Val: 0.2226, Test: 0.1708
Training on 643 samples...
Train epoch: 57 [0/643 (0%)]	Loss: 0.858629
Make prediction for 643 samples...
Make prediction for 98 samples...
Make prediction for 101 samples...
EarlyStopping counter: 3 out of 30
Epoch: 056, Train Loss: 0.8164, Metric: r2, Train: 0.8004, Val: -0.5186, best Val: 0.2226, Test: 0.1341
Training on 643 samples...
Train epoch: 58 [0/643 (0%)]	Loss: 0.857409
Make prediction for 643 samples...
Make prediction for 98 samples...
Make prediction for 101 samples...
EarlyStopping counter: 4 out of 30
Epoch: 057, Train Loss: 0.8023, Metric: r2, Train: 0.8422, Val: 0.0439, best Val: 0.2226, Test: 0.3026
Training on 643 samples...
Train epoch: 59 [0/643 (0%)]	Loss: 0.782473
Make prediction for 643 samples...
Make prediction for 98 samples...
Make prediction for 101 samples...
EarlyStopping counter: 5 out of 30
Epoch: 058, Train Loss: 0.7779, Metric: r2, Train: 0.8508, Val: 0.0757, best Val: 0.2226, Test: 0.2991
Training on 643 samples...
Train epoch: 60 [0/643 (0%)]	Loss: 0.773739
Make prediction for 643 samples...
Make prediction for 98 samples...
Make prediction for 101 samples...
EarlyStopping counter: 6 out of 30
Epoch: 059, Train Loss: 0.7680, Metric: r2, Train: 0.8555, Val: 0.1291, best Val: 0.2226, Test: 0.2896
Training on 643 samples...
Train epoch: 61 [0/643 (0%)]	Loss: 0.796406
Make prediction for 643 samples...
Make prediction for 98 samples...
Make prediction for 101 samples...
EarlyStopping counter: 7 out of 30
Epoch: 060, Train Loss: 0.7697, Metric: r2, Train: 0.8607, Val: 0.1127, best Val: 0.2226, Test: 0.2889
Training on 643 samples...
Train epoch: 62 [0/643 (0%)]	Loss: 0.777068
Make prediction for 643 samples...
Make prediction for 98 samples...
Make prediction for 101 samples...
EarlyStopping counter: 8 out of 30
Epoch: 061, Train Loss: 0.7594, Metric: r2, Train: 0.8466, Val: 0.1570, best Val: 0.2226, Test: 0.2739
Training on 643 samples...
Train epoch: 63 [0/643 (0%)]	Loss: 0.780597
Make prediction for 643 samples...
Make prediction for 98 samples...
Make prediction for 101 samples...
EarlyStopping counter: 9 out of 30
Epoch: 062, Train Loss: 0.7755, Metric: r2, Train: 0.8651, Val: 0.0034, best Val: 0.2226, Test: 0.3021
Training on 643 samples...
Train epoch: 64 [0/643 (0%)]	Loss: 0.777302
Make prediction for 643 samples...
Make prediction for 98 samples...
Make prediction for 101 samples...
EarlyStopping counter: 10 out of 30
Epoch: 063, Train Loss: 0.7629, Metric: r2, Train: 0.8522, Val: 0.2003, best Val: 0.2226, Test: 0.3203
Training on 643 samples...
Train epoch: 65 [0/643 (0%)]	Loss: 0.796596
Make prediction for 643 samples...
Make prediction for 98 samples...
Make prediction for 101 samples...
Make prediction for 101 samples...
Epoch: 064, Train Loss: 0.7697, Metric: r2, Train: 0.7649, Val: 0.2970, best Val: 0.2970, Test: 0.1747
Training on 643 samples...
Train epoch: 66 [0/643 (0%)]	Loss: 0.872393
Make prediction for 643 samples...
Make prediction for 98 samples...
Make prediction for 101 samples...
EarlyStopping counter: 1 out of 30
Epoch: 065, Train Loss: 0.8056, Metric: r2, Train: 0.8329, Val: 0.2033, best Val: 0.2970, Test: 0.3017
Training on 643 samples...
Train epoch: 67 [0/643 (0%)]	Loss: 0.787370
Make prediction for 643 samples...
Make prediction for 98 samples...
Make prediction for 101 samples...
EarlyStopping counter: 2 out of 30
Epoch: 066, Train Loss: 0.7863, Metric: r2, Train: 0.8608, Val: 0.1078, best Val: 0.2970, Test: 0.3151
Training on 643 samples...
Train epoch: 68 [0/643 (0%)]	Loss: 0.789472
Make prediction for 643 samples...
Make prediction for 98 samples...
Make prediction for 101 samples...
EarlyStopping counter: 3 out of 30
Epoch: 067, Train Loss: 0.7629, Metric: r2, Train: 0.8521, Val: -0.1621, best Val: 0.2970, Test: 0.2088
Training on 643 samples...
Train epoch: 69 [0/643 (0%)]	Loss: 0.789921
Make prediction for 643 samples...
Make prediction for 98 samples...
Make prediction for 101 samples...
EarlyStopping counter: 4 out of 30
Epoch: 068, Train Loss: 0.7628, Metric: r2, Train: 0.8583, Val: -0.1077, best Val: 0.2970, Test: 0.2304
Training on 643 samples...
Train epoch: 70 [0/643 (0%)]	Loss: 0.785746
Make prediction for 643 samples...
Make prediction for 98 samples...
Make prediction for 101 samples...
EarlyStopping counter: 5 out of 30
Epoch: 069, Train Loss: 0.7523, Metric: r2, Train: 0.8806, Val: 0.0817, best Val: 0.2970, Test: 0.2937
Training on 643 samples...
Train epoch: 71 [0/643 (0%)]	Loss: 0.769592
Make prediction for 643 samples...
Make prediction for 98 samples...
Make prediction for 101 samples...
EarlyStopping counter: 6 out of 30
Epoch: 070, Train Loss: 0.7471, Metric: r2, Train: 0.8793, Val: 0.0261, best Val: 0.2970, Test: 0.2800
Training on 643 samples...
Train epoch: 72 [0/643 (0%)]	Loss: 0.773242
Make prediction for 643 samples...
Make prediction for 98 samples...
Make prediction for 101 samples...
EarlyStopping counter: 7 out of 30
Epoch: 071, Train Loss: 0.7415, Metric: r2, Train: 0.8797, Val: -0.0452, best Val: 0.2970, Test: 0.2839
Training on 643 samples...
Train epoch: 73 [0/643 (0%)]	Loss: 0.755869
Make prediction for 643 samples...
Make prediction for 98 samples...
Make prediction for 101 samples...
EarlyStopping counter: 8 out of 30
Epoch: 072, Train Loss: 0.7382, Metric: r2, Train: 0.8538, Val: -0.2124, best Val: 0.2970, Test: 0.2279
Training on 643 samples...
Train epoch: 74 [0/643 (0%)]	Loss: 0.790412
Make prediction for 643 samples...
Make prediction for 98 samples...
Make prediction for 101 samples...
EarlyStopping counter: 9 out of 30
Epoch: 073, Train Loss: 0.7591, Metric: r2, Train: 0.8685, Val: -0.0958, best Val: 0.2970, Test: 0.2807
Training on 643 samples...
Train epoch: 75 [0/643 (0%)]	Loss: 0.778738
Make prediction for 643 samples...
Make prediction for 98 samples...
Make prediction for 101 samples...
EarlyStopping counter: 10 out of 30
Epoch: 074, Train Loss: 0.7456, Metric: r2, Train: 0.8876, Val: 0.0876, best Val: 0.2970, Test: 0.3319
Training on 643 samples...
Train epoch: 76 [0/643 (0%)]	Loss: 0.753251
Make prediction for 643 samples...
Make prediction for 98 samples...
Make prediction for 101 samples...
EarlyStopping counter: 11 out of 30
Epoch: 075, Train Loss: 0.7419, Metric: r2, Train: 0.8935, Val: 0.0732, best Val: 0.2970, Test: 0.3196
Training on 643 samples...
Train epoch: 77 [0/643 (0%)]	Loss: 0.734895
Make prediction for 643 samples...
Make prediction for 98 samples...
Make prediction for 101 samples...
EarlyStopping counter: 12 out of 30
Epoch: 076, Train Loss: 0.7518, Metric: r2, Train: 0.8905, Val: 0.1391, best Val: 0.2970, Test: 0.3242
Training on 643 samples...
Train epoch: 78 [0/643 (0%)]	Loss: 0.723995
Make prediction for 643 samples...
Make prediction for 98 samples...
Make prediction for 101 samples...
Make prediction for 101 samples...
Epoch: 077, Train Loss: 0.7713, Metric: r2, Train: 0.8072, Val: 0.2990, best Val: 0.2990, Test: 0.2107
Training on 643 samples...
Train epoch: 79 [0/643 (0%)]	Loss: 0.821037
Make prediction for 643 samples...
Make prediction for 98 samples...
Make prediction for 101 samples...
EarlyStopping counter: 1 out of 30
Epoch: 078, Train Loss: 0.7855, Metric: r2, Train: 0.8617, Val: 0.2646, best Val: 0.2990, Test: 0.3327
Training on 643 samples...
Train epoch: 80 [0/643 (0%)]	Loss: 0.781253
Make prediction for 643 samples...
Make prediction for 98 samples...
Make prediction for 101 samples...
EarlyStopping counter: 2 out of 30
Epoch: 079, Train Loss: 0.7537, Metric: r2, Train: 0.8538, Val: -0.2122, best Val: 0.2990, Test: 0.2542
Training on 643 samples...
Train epoch: 81 [0/643 (0%)]	Loss: 0.792523
Make prediction for 643 samples...
Make prediction for 98 samples...
Make prediction for 101 samples...
EarlyStopping counter: 3 out of 30
Epoch: 080, Train Loss: 0.7568, Metric: r2, Train: 0.8868, Val: -0.0507, best Val: 0.2990, Test: 0.2774
Training on 643 samples...
Train epoch: 82 [0/643 (0%)]	Loss: 0.744076
Make prediction for 643 samples...
Make prediction for 98 samples...
Make prediction for 101 samples...
EarlyStopping counter: 4 out of 30
Epoch: 081, Train Loss: 0.7298, Metric: r2, Train: 0.8926, Val: 0.1309, best Val: 0.2990, Test: 0.2826
Training on 643 samples...
Train epoch: 83 [0/643 (0%)]	Loss: 0.744570
Make prediction for 643 samples...
Make prediction for 98 samples...
Make prediction for 101 samples...
EarlyStopping counter: 5 out of 30
Epoch: 082, Train Loss: 0.7269, Metric: r2, Train: 0.8938, Val: 0.1542, best Val: 0.2990, Test: 0.2755
Training on 643 samples...
Train epoch: 84 [0/643 (0%)]	Loss: 0.742621
Make prediction for 643 samples...
Make prediction for 98 samples...
Make prediction for 101 samples...
EarlyStopping counter: 6 out of 30
Epoch: 083, Train Loss: 0.7203, Metric: r2, Train: 0.8947, Val: -0.0791, best Val: 0.2990, Test: 0.2587
Training on 643 samples...
Train epoch: 85 [0/643 (0%)]	Loss: 0.713358
Make prediction for 643 samples...
Make prediction for 98 samples...
Make prediction for 101 samples...
EarlyStopping counter: 7 out of 30
Epoch: 084, Train Loss: 0.7178, Metric: r2, Train: 0.9011, Val: 0.1448, best Val: 0.2990, Test: 0.3254
Training on 643 samples...
Train epoch: 86 [0/643 (0%)]	Loss: 0.741623
Make prediction for 643 samples...
Make prediction for 98 samples...
Make prediction for 101 samples...
EarlyStopping counter: 8 out of 30
Epoch: 085, Train Loss: 0.7221, Metric: r2, Train: 0.8766, Val: 0.2455, best Val: 0.2990, Test: 0.3145
Training on 643 samples...
Train epoch: 87 [0/643 (0%)]	Loss: 0.767854
Make prediction for 643 samples...
Make prediction for 98 samples...
Make prediction for 101 samples...
EarlyStopping counter: 9 out of 30
Epoch: 086, Train Loss: 0.7415, Metric: r2, Train: 0.9044, Val: 0.1366, best Val: 0.2990, Test: 0.3638
Training on 643 samples...
Train epoch: 88 [0/643 (0%)]	Loss: 0.715608
Make prediction for 643 samples...
Make prediction for 98 samples...
Make prediction for 101 samples...
EarlyStopping counter: 10 out of 30
Epoch: 087, Train Loss: 0.7111, Metric: r2, Train: 0.8770, Val: 0.2871, best Val: 0.2990, Test: 0.3029
Training on 643 samples...
Train epoch: 89 [0/643 (0%)]	Loss: 0.756165
Make prediction for 643 samples...
Make prediction for 98 samples...
Make prediction for 101 samples...
EarlyStopping counter: 11 out of 30
Epoch: 088, Train Loss: 0.7387, Metric: r2, Train: 0.8524, Val: 0.2935, best Val: 0.2990, Test: 0.2418
Training on 643 samples...
Train epoch: 90 [0/643 (0%)]	Loss: 0.808920
Make prediction for 643 samples...
Make prediction for 98 samples...
Make prediction for 101 samples...
Make prediction for 101 samples...
Epoch: 089, Train Loss: 0.7596, Metric: r2, Train: 0.8264, Val: 0.3112, best Val: 0.3112, Test: 0.1809
Training on 643 samples...
Train epoch: 91 [0/643 (0%)]	Loss: 0.802182
Make prediction for 643 samples...
Make prediction for 98 samples...
Make prediction for 101 samples...
EarlyStopping counter: 1 out of 30
Epoch: 090, Train Loss: 0.7609, Metric: r2, Train: 0.8771, Val: 0.2552, best Val: 0.3112, Test: 0.3078
Training on 643 samples...
Train epoch: 92 [0/643 (0%)]	Loss: 0.757570
Make prediction for 643 samples...
Make prediction for 98 samples...
Make prediction for 101 samples...
EarlyStopping counter: 2 out of 30
Epoch: 091, Train Loss: 0.7450, Metric: r2, Train: 0.9021, Val: 0.0457, best Val: 0.3112, Test: 0.3715
Training on 643 samples...
Train epoch: 93 [0/643 (0%)]	Loss: 0.735347
Make prediction for 643 samples...
Make prediction for 98 samples...
Make prediction for 101 samples...
EarlyStopping counter: 3 out of 30
Epoch: 092, Train Loss: 0.7294, Metric: r2, Train: 0.8764, Val: -0.1622, best Val: 0.3112, Test: 0.2779
Training on 643 samples...
Train epoch: 94 [0/643 (0%)]	Loss: 0.747154
Make prediction for 643 samples...
Make prediction for 98 samples...
Make prediction for 101 samples...
EarlyStopping counter: 4 out of 30
Epoch: 093, Train Loss: 0.7271, Metric: r2, Train: 0.9027, Val: 0.0204, best Val: 0.3112, Test: 0.3187
Training on 643 samples...
Train epoch: 95 [0/643 (0%)]	Loss: 0.739158
Make prediction for 643 samples...
Make prediction for 98 samples...
Make prediction for 101 samples...
EarlyStopping counter: 5 out of 30
Epoch: 094, Train Loss: 0.7270, Metric: r2, Train: 0.9105, Val: 0.1749, best Val: 0.3112, Test: 0.3302
Training on 643 samples...
Train epoch: 96 [0/643 (0%)]	Loss: 0.710520
Make prediction for 643 samples...
Make prediction for 98 samples...
Make prediction for 101 samples...
EarlyStopping counter: 6 out of 30
Epoch: 095, Train Loss: 0.7076, Metric: r2, Train: 0.8744, Val: 0.2893, best Val: 0.3112, Test: 0.2694
Training on 643 samples...
Train epoch: 97 [0/643 (0%)]	Loss: 0.758707
Make prediction for 643 samples...
Make prediction for 98 samples...
Make prediction for 101 samples...
EarlyStopping counter: 7 out of 30
Epoch: 096, Train Loss: 0.7307, Metric: r2, Train: 0.8972, Val: 0.2840, best Val: 0.3112, Test: 0.3054
Training on 643 samples...
Train epoch: 98 [0/643 (0%)]	Loss: 0.735374
Make prediction for 643 samples...
Make prediction for 98 samples...
Make prediction for 101 samples...
EarlyStopping counter: 8 out of 30
Epoch: 097, Train Loss: 0.7205, Metric: r2, Train: 0.8975, Val: 0.0153, best Val: 0.3112, Test: 0.3011
Training on 643 samples...
Train epoch: 99 [0/643 (0%)]	Loss: 0.734305
Make prediction for 643 samples...
Make prediction for 98 samples...
Make prediction for 101 samples...
EarlyStopping counter: 9 out of 30
Epoch: 098, Train Loss: 0.7336, Metric: r2, Train: 0.8685, Val: -0.2077, best Val: 0.3112, Test: 0.2367
Training on 643 samples...
Train epoch: 100 [0/643 (0%)]	Loss: 0.767756
Make prediction for 643 samples...
Make prediction for 98 samples...
Make prediction for 101 samples...
EarlyStopping counter: 10 out of 30
Epoch: 099, Train Loss: 0.7329, Metric: r2, Train: 0.9114, Val: -0.0058, best Val: 0.3112, Test: 0.3173
Training on 643 samples...
Train epoch: 101 [0/643 (0%)]	Loss: 0.723261
Make prediction for 643 samples...
Make prediction for 98 samples...
Make prediction for 101 samples...
EarlyStopping counter: 11 out of 30
Epoch: 100, Train Loss: 0.7152, Metric: r2, Train: 0.8867, Val: 0.2542, best Val: 0.3112, Test: 0.2767
Training on 643 samples...
Train epoch: 102 [0/643 (0%)]	Loss: 0.753195
Make prediction for 643 samples...
Make prediction for 98 samples...
Make prediction for 101 samples...
Make prediction for 101 samples...
Epoch: 101, Train Loss: 0.7359, Metric: r2, Train: 0.8281, Val: 0.3113, best Val: 0.3113, Test: 0.1777
Training on 643 samples...
Train epoch: 103 [0/643 (0%)]	Loss: 0.795217
Make prediction for 643 samples...
Make prediction for 98 samples...
Make prediction for 101 samples...
EarlyStopping counter: 1 out of 30
Epoch: 102, Train Loss: 0.7560, Metric: r2, Train: 0.9126, Val: 0.1253, best Val: 0.3113, Test: 0.3777
Training on 643 samples...
Train epoch: 104 [0/643 (0%)]	Loss: 0.718843
Make prediction for 643 samples...
Make prediction for 98 samples...
Make prediction for 101 samples...
EarlyStopping counter: 2 out of 30
Epoch: 103, Train Loss: 0.7276, Metric: r2, Train: 0.8431, Val: -0.3524, best Val: 0.3113, Test: 0.2138
Training on 643 samples...
Train epoch: 105 [0/643 (0%)]	Loss: 0.786029
Make prediction for 643 samples...
Make prediction for 98 samples...
Make prediction for 101 samples...
EarlyStopping counter: 3 out of 30
Epoch: 104, Train Loss: 0.7558, Metric: r2, Train: 0.9028, Val: 0.2691, best Val: 0.3113, Test: 0.3686
Training on 643 samples...
Train epoch: 106 [0/643 (0%)]	Loss: 0.722890
Make prediction for 643 samples...
Make prediction for 98 samples...
Make prediction for 101 samples...
Make prediction for 101 samples...
Epoch: 105, Train Loss: 0.7280, Metric: r2, Train: 0.8960, Val: 0.3142, best Val: 0.3142, Test: 0.3267
Training on 643 samples...
Train epoch: 107 [0/643 (0%)]	Loss: 0.738294
Make prediction for 643 samples...
Make prediction for 98 samples...
Make prediction for 101 samples...
EarlyStopping counter: 1 out of 30
Epoch: 106, Train Loss: 0.7150, Metric: r2, Train: 0.9190, Val: 0.1436, best Val: 0.3142, Test: 0.3216
Training on 643 samples...
Train epoch: 108 [0/643 (0%)]	Loss: 0.703822
Make prediction for 643 samples...
Make prediction for 98 samples...
Make prediction for 101 samples...
EarlyStopping counter: 2 out of 30
Epoch: 107, Train Loss: 0.7072, Metric: r2, Train: 0.9158, Val: 0.0605, best Val: 0.3142, Test: 0.3042
Training on 643 samples...
Train epoch: 109 [0/643 (0%)]	Loss: 0.720596
Make prediction for 643 samples...
Make prediction for 98 samples...
Make prediction for 101 samples...
EarlyStopping counter: 3 out of 30
Epoch: 108, Train Loss: 0.6979, Metric: r2, Train: 0.9200, Val: 0.1483, best Val: 0.3142, Test: 0.3586
Training on 643 samples...
Train epoch: 110 [0/643 (0%)]	Loss: 0.713684
Make prediction for 643 samples...
Make prediction for 98 samples...
Make prediction for 101 samples...
Make prediction for 101 samples...
Epoch: 109, Train Loss: 0.7039, Metric: r2, Train: 0.8835, Val: 0.3426, best Val: 0.3426, Test: 0.2812
Training on 643 samples...
Train epoch: 111 [0/643 (0%)]	Loss: 0.757991
Make prediction for 643 samples...
Make prediction for 98 samples...
Make prediction for 101 samples...
EarlyStopping counter: 1 out of 30
Epoch: 110, Train Loss: 0.7249, Metric: r2, Train: 0.9021, Val: 0.2978, best Val: 0.3426, Test: 0.3093
Training on 643 samples...
Train epoch: 112 [0/643 (0%)]	Loss: 0.720429
Make prediction for 643 samples...
Make prediction for 98 samples...
Make prediction for 101 samples...
EarlyStopping counter: 2 out of 30
Epoch: 111, Train Loss: 0.7086, Metric: r2, Train: 0.9226, Val: 0.0205, best Val: 0.3426, Test: 0.3550
Training on 643 samples...
Train epoch: 113 [0/643 (0%)]	Loss: 0.700066
Make prediction for 643 samples...
Make prediction for 98 samples...
Make prediction for 101 samples...
EarlyStopping counter: 3 out of 30
Epoch: 112, Train Loss: 0.6994, Metric: r2, Train: 0.8941, Val: -0.2288, best Val: 0.3426, Test: 0.2718
Training on 643 samples...
Train epoch: 114 [0/643 (0%)]	Loss: 0.736532
Make prediction for 643 samples...
Make prediction for 98 samples...
Make prediction for 101 samples...
EarlyStopping counter: 4 out of 30
Epoch: 113, Train Loss: 0.7045, Metric: r2, Train: 0.9287, Val: 0.1899, best Val: 0.3426, Test: 0.3339
Training on 643 samples...
Train epoch: 115 [0/643 (0%)]	Loss: 0.700522
Make prediction for 643 samples...
Make prediction for 98 samples...
Make prediction for 101 samples...
EarlyStopping counter: 5 out of 30
Epoch: 114, Train Loss: 0.6915, Metric: r2, Train: 0.9290, Val: 0.2280, best Val: 0.3426, Test: 0.3238
Training on 643 samples...
Train epoch: 116 [0/643 (0%)]	Loss: 0.708238
Make prediction for 643 samples...
Make prediction for 98 samples...
Make prediction for 101 samples...
EarlyStopping counter: 6 out of 30
Epoch: 115, Train Loss: 0.6928, Metric: r2, Train: 0.9224, Val: 0.3166, best Val: 0.3426, Test: 0.3060
Training on 643 samples...
Train epoch: 117 [0/643 (0%)]	Loss: 0.696620
Make prediction for 643 samples...
Make prediction for 98 samples...
Make prediction for 101 samples...
EarlyStopping counter: 7 out of 30
Epoch: 116, Train Loss: 0.6944, Metric: r2, Train: 0.9264, Val: 0.2842, best Val: 0.3426, Test: 0.3122
Training on 643 samples...
Train epoch: 118 [0/643 (0%)]	Loss: 0.707033
Make prediction for 643 samples...
Make prediction for 98 samples...
Make prediction for 101 samples...
EarlyStopping counter: 8 out of 30
Epoch: 117, Train Loss: 0.6872, Metric: r2, Train: 0.9257, Val: 0.2991, best Val: 0.3426, Test: 0.3392
Training on 643 samples...
Train epoch: 119 [0/643 (0%)]	Loss: 0.711428
Make prediction for 643 samples...
Make prediction for 98 samples...
Make prediction for 101 samples...
EarlyStopping counter: 9 out of 30
Epoch: 118, Train Loss: 0.6918, Metric: r2, Train: 0.9329, Val: 0.1644, best Val: 0.3426, Test: 0.3545
Training on 643 samples...
Train epoch: 120 [0/643 (0%)]	Loss: 0.696710
Make prediction for 643 samples...
Make prediction for 98 samples...
Make prediction for 101 samples...
EarlyStopping counter: 10 out of 30
Epoch: 119, Train Loss: 0.6879, Metric: r2, Train: 0.9284, Val: 0.0317, best Val: 0.3426, Test: 0.3127
Training on 643 samples...
Train epoch: 121 [0/643 (0%)]	Loss: 0.700464
Make prediction for 643 samples...
Make prediction for 98 samples...
Make prediction for 101 samples...
EarlyStopping counter: 11 out of 30
Epoch: 120, Train Loss: 0.6895, Metric: r2, Train: 0.9293, Val: 0.0307, best Val: 0.3426, Test: 0.3027
Training on 643 samples...
Train epoch: 122 [0/643 (0%)]	Loss: 0.702531
Make prediction for 643 samples...
Make prediction for 98 samples...
Make prediction for 101 samples...
EarlyStopping counter: 12 out of 30
Epoch: 121, Train Loss: 0.6815, Metric: r2, Train: 0.9337, Val: 0.0345, best Val: 0.3426, Test: 0.3107
Training on 643 samples...
Train epoch: 123 [0/643 (0%)]	Loss: 0.713464
Make prediction for 643 samples...
Make prediction for 98 samples...
Make prediction for 101 samples...
EarlyStopping counter: 13 out of 30
Epoch: 122, Train Loss: 0.6832, Metric: r2, Train: 0.9216, Val: -0.0239, best Val: 0.3426, Test: 0.2923
Training on 643 samples...
Train epoch: 124 [0/643 (0%)]	Loss: 0.708305
Make prediction for 643 samples...
Make prediction for 98 samples...
Make prediction for 101 samples...
EarlyStopping counter: 14 out of 30
Epoch: 123, Train Loss: 0.6882, Metric: r2, Train: 0.9269, Val: 0.1122, best Val: 0.3426, Test: 0.3320
Training on 643 samples...
Train epoch: 125 [0/643 (0%)]	Loss: 0.686144
Make prediction for 643 samples...
Make prediction for 98 samples...
Make prediction for 101 samples...
EarlyStopping counter: 15 out of 30
Epoch: 124, Train Loss: 0.6883, Metric: r2, Train: 0.9321, Val: 0.2754, best Val: 0.3426, Test: 0.3749
Training on 643 samples...
Train epoch: 126 [0/643 (0%)]	Loss: 0.682352
Make prediction for 643 samples...
Make prediction for 98 samples...
Make prediction for 101 samples...
EarlyStopping counter: 16 out of 30
Epoch: 125, Train Loss: 0.6770, Metric: r2, Train: 0.9320, Val: 0.2636, best Val: 0.3426, Test: 0.3546
Training on 643 samples...
Train epoch: 127 [0/643 (0%)]	Loss: 0.694266
Make prediction for 643 samples...
Make prediction for 98 samples...
Make prediction for 101 samples...
EarlyStopping counter: 17 out of 30
Epoch: 126, Train Loss: 0.6761, Metric: r2, Train: 0.9381, Val: 0.1663, best Val: 0.3426, Test: 0.3455
Training on 643 samples...
Train epoch: 128 [0/643 (0%)]	Loss: 0.693385
Make prediction for 643 samples...
Make prediction for 98 samples...
Make prediction for 101 samples...
EarlyStopping counter: 18 out of 30
Epoch: 127, Train Loss: 0.6822, Metric: r2, Train: 0.9360, Val: 0.1347, best Val: 0.3426, Test: 0.3356
Training on 643 samples...
Train epoch: 129 [0/643 (0%)]	Loss: 0.682212
Make prediction for 643 samples...
Make prediction for 98 samples...
Make prediction for 101 samples...
EarlyStopping counter: 19 out of 30
Epoch: 128, Train Loss: 0.6792, Metric: r2, Train: 0.9334, Val: 0.0207, best Val: 0.3426, Test: 0.3254
Training on 643 samples...
Train epoch: 130 [0/643 (0%)]	Loss: 0.688337
Make prediction for 643 samples...
Make prediction for 98 samples...
Make prediction for 101 samples...
EarlyStopping counter: 20 out of 30
Epoch: 129, Train Loss: 0.6895, Metric: r2, Train: 0.9368, Val: 0.1004, best Val: 0.3426, Test: 0.3649
Training on 643 samples...
Train epoch: 131 [0/643 (0%)]	Loss: 0.687785
Make prediction for 643 samples...
Make prediction for 98 samples...
Make prediction for 101 samples...
EarlyStopping counter: 21 out of 30
Epoch: 130, Train Loss: 0.6789, Metric: r2, Train: 0.9291, Val: 0.0140, best Val: 0.3426, Test: 0.3277
Training on 643 samples...
Train epoch: 132 [0/643 (0%)]	Loss: 0.694680
Make prediction for 643 samples...
Make prediction for 98 samples...
Make prediction for 101 samples...
EarlyStopping counter: 22 out of 30
Epoch: 131, Train Loss: 0.6782, Metric: r2, Train: 0.8316, Val: -0.6217, best Val: 0.3426, Test: 0.0289
Training on 643 samples...
Train epoch: 133 [0/643 (0%)]	Loss: 0.801574
Make prediction for 643 samples...
Make prediction for 98 samples...
Make prediction for 101 samples...
EarlyStopping counter: 23 out of 30
Epoch: 132, Train Loss: 0.7377, Metric: r2, Train: 0.8898, Val: -0.2549, best Val: 0.3426, Test: 0.2318
Training on 643 samples...
Train epoch: 134 [0/643 (0%)]	Loss: 0.734909
Make prediction for 643 samples...
Make prediction for 98 samples...
Make prediction for 101 samples...
EarlyStopping counter: 24 out of 30
Epoch: 133, Train Loss: 0.7028, Metric: r2, Train: 0.9352, Val: 0.0941, best Val: 0.3426, Test: 0.3425
Training on 643 samples...
Train epoch: 135 [0/643 (0%)]	Loss: 0.669917
Make prediction for 643 samples...
Make prediction for 98 samples...
Make prediction for 101 samples...
EarlyStopping counter: 25 out of 30
Epoch: 134, Train Loss: 0.6792, Metric: r2, Train: 0.8760, Val: 0.3273, best Val: 0.3426, Test: 0.2009
Training on 643 samples...
Train epoch: 136 [0/643 (0%)]	Loss: 0.739028
Make prediction for 643 samples...
Make prediction for 98 samples...
Make prediction for 101 samples...
EarlyStopping counter: 26 out of 30
Epoch: 135, Train Loss: 0.6992, Metric: r2, Train: 0.9091, Val: 0.2696, best Val: 0.3426, Test: 0.3001
Training on 643 samples...
Train epoch: 137 [0/643 (0%)]	Loss: 0.698192
Make prediction for 643 samples...
Make prediction for 98 samples...
Make prediction for 101 samples...
EarlyStopping counter: 27 out of 30
Epoch: 136, Train Loss: 0.6764, Metric: r2, Train: 0.9280, Val: -0.1021, best Val: 0.3426, Test: 0.2344
Training on 643 samples...
Train epoch: 138 [0/643 (0%)]	Loss: 0.678250
Make prediction for 643 samples...
Make prediction for 98 samples...
Make prediction for 101 samples...
EarlyStopping counter: 28 out of 30
Epoch: 137, Train Loss: 0.6757, Metric: r2, Train: 0.9314, Val: 0.0226, best Val: 0.3426, Test: 0.2417
Training on 643 samples...
Train epoch: 139 [0/643 (0%)]	Loss: 0.682354
Make prediction for 643 samples...
Make prediction for 98 samples...
Make prediction for 101 samples...
EarlyStopping counter: 29 out of 30
Epoch: 138, Train Loss: 0.6579, Metric: r2, Train: 0.9134, Val: -0.0547, best Val: 0.3426, Test: 0.2557
Training on 643 samples...
Train epoch: 140 [0/643 (0%)]	Loss: 0.685983
Make prediction for 643 samples...
Make prediction for 98 samples...
Make prediction for 101 samples...
EarlyStopping counter: 30 out of 30
Epoch: 139, Train Loss: 0.6639, Metric: r2, Train: 0.9327, Val: 0.0347, best Val: 0.3426, Test: 0.3200
out of patience!
******Caco2_Perimeter_2044, 3th_time_result******
train_result: 0.8835
val_result: 0.3426
test_result: 0.2812
Current seed: 2054
Pre-processed data found: data/processed/Caco2_Perimeter_2044/Caco2_Perimeter_2044_train.pt, loading ...
Pre-processed data found: data/processed/Caco2_Perimeter_2044/Caco2_Perimeter_2044_valid.pt, loading ...
Pre-processed data found: data/processed/Caco2_Perimeter_2044/Caco2_Perimeter_2044_test.pt, loading ...
trainset mean:-5.230712890625 std:0.8125231266021729
Training on 643 samples...
Train epoch: 1 [0/643 (0%)]	Loss: 1.620938
Make prediction for 643 samples...
Make prediction for 98 samples...
Make prediction for 101 samples...
Make prediction for 101 samples...
Epoch: 000, Train Loss: 1.6276, Metric: r2, Train: 0.0144, Val: -0.2118, best Val: -0.2118, Test: -0.0874
Training on 643 samples...
Train epoch: 2 [0/643 (0%)]	Loss: 1.676373
Make prediction for 643 samples...
Make prediction for 98 samples...
Make prediction for 101 samples...
EarlyStopping counter: 1 out of 30
Epoch: 001, Train Loss: 1.6082, Metric: r2, Train: 0.0277, Val: -0.2654, best Val: -0.2118, Test: -0.0630
Training on 643 samples...
Train epoch: 3 [0/643 (0%)]	Loss: 1.705436
Make prediction for 643 samples...
Make prediction for 98 samples...
Make prediction for 101 samples...
EarlyStopping counter: 2 out of 30
Epoch: 002, Train Loss: 1.5857, Metric: r2, Train: 0.0365, Val: -0.5343, best Val: -0.2118, Test: 0.0286
Training on 643 samples...
Train epoch: 4 [0/643 (0%)]	Loss: 1.645077
Make prediction for 643 samples...
Make prediction for 98 samples...
Make prediction for 101 samples...
EarlyStopping counter: 3 out of 30
Epoch: 003, Train Loss: 1.5806, Metric: r2, Train: 0.0649, Val: -0.4363, best Val: -0.2118, Test: -0.0557
Training on 643 samples...
Train epoch: 5 [0/643 (0%)]	Loss: 1.438296
Make prediction for 643 samples...
Make prediction for 98 samples...
Make prediction for 101 samples...
EarlyStopping counter: 4 out of 30
Epoch: 004, Train Loss: 1.5499, Metric: r2, Train: 0.0589, Val: -1.0984, best Val: -0.2118, Test: 0.1050
Training on 643 samples...
Train epoch: 6 [0/643 (0%)]	Loss: 1.556547
Make prediction for 643 samples...
Make prediction for 98 samples...
Make prediction for 101 samples...
EarlyStopping counter: 5 out of 30
Epoch: 005, Train Loss: 1.5311, Metric: r2, Train: 0.0165, Val: -0.2949, best Val: -0.2118, Test: -0.4465
Training on 643 samples...
Train epoch: 7 [0/643 (0%)]	Loss: 1.557171
Make prediction for 643 samples...
Make prediction for 98 samples...
Make prediction for 101 samples...
EarlyStopping counter: 6 out of 30
Epoch: 006, Train Loss: 1.5647, Metric: r2, Train: 0.0155, Val: -1.7124, best Val: -0.2118, Test: 0.1508
Training on 643 samples...
Train epoch: 8 [0/643 (0%)]	Loss: 1.590464
Make prediction for 643 samples...
Make prediction for 98 samples...
Make prediction for 101 samples...
EarlyStopping counter: 7 out of 30
Epoch: 007, Train Loss: 1.5520, Metric: r2, Train: 0.0879, Val: -0.3277, best Val: -0.2118, Test: -0.2025
Training on 643 samples...
Train epoch: 9 [0/643 (0%)]	Loss: 1.594709
Make prediction for 643 samples...
Make prediction for 98 samples...
Make prediction for 101 samples...
EarlyStopping counter: 8 out of 30
Epoch: 008, Train Loss: 1.5087, Metric: r2, Train: 0.1485, Val: -0.8025, best Val: -0.2118, Test: 0.1431
Training on 643 samples...
Train epoch: 10 [0/643 (0%)]	Loss: 1.479133
Make prediction for 643 samples...
Make prediction for 98 samples...
Make prediction for 101 samples...
EarlyStopping counter: 9 out of 30
Epoch: 009, Train Loss: 1.4566, Metric: r2, Train: 0.1991, Val: -0.8998, best Val: -0.2118, Test: 0.1828
Training on 643 samples...
Train epoch: 11 [0/643 (0%)]	Loss: 1.436640
Make prediction for 643 samples...
Make prediction for 98 samples...
Make prediction for 101 samples...
EarlyStopping counter: 10 out of 30
Epoch: 010, Train Loss: 1.4323, Metric: r2, Train: 0.2358, Val: -1.0327, best Val: -0.2118, Test: 0.2370
Training on 643 samples...
Train epoch: 12 [0/643 (0%)]	Loss: 1.411528
Make prediction for 643 samples...
Make prediction for 98 samples...
Make prediction for 101 samples...
EarlyStopping counter: 11 out of 30
Epoch: 011, Train Loss: 1.3956, Metric: r2, Train: 0.2793, Val: -0.6533, best Val: -0.2118, Test: 0.1412
Training on 643 samples...
Train epoch: 13 [0/643 (0%)]	Loss: 1.394878
Make prediction for 643 samples...
Make prediction for 98 samples...
Make prediction for 101 samples...
EarlyStopping counter: 12 out of 30
Epoch: 012, Train Loss: 1.3300, Metric: r2, Train: 0.3256, Val: -0.9722, best Val: -0.2118, Test: 0.3090
Training on 643 samples...
Train epoch: 14 [0/643 (0%)]	Loss: 1.346434
Make prediction for 643 samples...
Make prediction for 98 samples...
Make prediction for 101 samples...
EarlyStopping counter: 13 out of 30
Epoch: 013, Train Loss: 1.2903, Metric: r2, Train: 0.3647, Val: -0.4690, best Val: -0.2118, Test: 0.2143
Training on 643 samples...
Train epoch: 15 [0/643 (0%)]	Loss: 1.254955
Make prediction for 643 samples...
Make prediction for 98 samples...
Make prediction for 101 samples...
EarlyStopping counter: 14 out of 30
Epoch: 014, Train Loss: 1.2396, Metric: r2, Train: 0.4220, Val: -0.3472, best Val: -0.2118, Test: 0.2204
Training on 643 samples...
Train epoch: 16 [0/643 (0%)]	Loss: 1.171371
Make prediction for 643 samples...
Make prediction for 98 samples...
Make prediction for 101 samples...
EarlyStopping counter: 15 out of 30
Epoch: 015, Train Loss: 1.1739, Metric: r2, Train: 0.4862, Val: -0.5081, best Val: -0.2118, Test: 0.2873
Training on 643 samples...
Train epoch: 17 [0/643 (0%)]	Loss: 1.166464
Make prediction for 643 samples...
Make prediction for 98 samples...
Make prediction for 101 samples...
EarlyStopping counter: 16 out of 30
Epoch: 016, Train Loss: 1.1244, Metric: r2, Train: 0.5257, Val: -0.4321, best Val: -0.2118, Test: 0.1789
Training on 643 samples...
Train epoch: 18 [0/643 (0%)]	Loss: 1.104648
Make prediction for 643 samples...
Make prediction for 98 samples...
Make prediction for 101 samples...
Make prediction for 101 samples...
Epoch: 017, Train Loss: 1.1160, Metric: r2, Train: 0.2479, Val: -0.1578, best Val: -0.1578, Test: -0.6169
Training on 643 samples...
Train epoch: 19 [0/643 (0%)]	Loss: 1.411896
Make prediction for 643 samples...
Make prediction for 98 samples...
Make prediction for 101 samples...
EarlyStopping counter: 1 out of 30
Epoch: 018, Train Loss: 1.2806, Metric: r2, Train: 0.5703, Val: -0.5476, best Val: -0.1578, Test: 0.1620
Training on 643 samples...
Train epoch: 20 [0/643 (0%)]	Loss: 1.064609
Make prediction for 643 samples...
Make prediction for 98 samples...
Make prediction for 101 samples...
EarlyStopping counter: 2 out of 30
Epoch: 019, Train Loss: 1.1296, Metric: r2, Train: 0.5399, Val: -0.7363, best Val: -0.1578, Test: 0.1718
Training on 643 samples...
Train epoch: 21 [0/643 (0%)]	Loss: 1.144877
Make prediction for 643 samples...
Make prediction for 98 samples...
Make prediction for 101 samples...
Make prediction for 101 samples...
Epoch: 020, Train Loss: 1.1910, Metric: r2, Train: 0.5167, Val: -0.0895, best Val: -0.0895, Test: 0.1432
Training on 643 samples...
Train epoch: 22 [0/643 (0%)]	Loss: 1.092518
Make prediction for 643 samples...
Make prediction for 98 samples...
Make prediction for 101 samples...
EarlyStopping counter: 1 out of 30
Epoch: 021, Train Loss: 1.1611, Metric: r2, Train: 0.5587, Val: -0.3102, best Val: -0.0895, Test: 0.2517
Training on 643 samples...
Train epoch: 23 [0/643 (0%)]	Loss: 1.009137
Make prediction for 643 samples...
Make prediction for 98 samples...
Make prediction for 101 samples...
EarlyStopping counter: 2 out of 30
Epoch: 022, Train Loss: 1.1212, Metric: r2, Train: 0.5715, Val: -0.6053, best Val: -0.0895, Test: 0.2637
Training on 643 samples...
Train epoch: 24 [0/643 (0%)]	Loss: 1.081452
Make prediction for 643 samples...
Make prediction for 98 samples...
Make prediction for 101 samples...
EarlyStopping counter: 3 out of 30
Epoch: 023, Train Loss: 1.0698, Metric: r2, Train: 0.5699, Val: -0.2315, best Val: -0.0895, Test: 0.1553
Training on 643 samples...
Train epoch: 25 [0/643 (0%)]	Loss: 1.022778
Make prediction for 643 samples...
Make prediction for 98 samples...
Make prediction for 101 samples...
EarlyStopping counter: 4 out of 30
Epoch: 024, Train Loss: 1.0377, Metric: r2, Train: 0.5792, Val: -1.0501, best Val: -0.0895, Test: 0.1985
Training on 643 samples...
Train epoch: 26 [0/643 (0%)]	Loss: 1.054730
Make prediction for 643 samples...
Make prediction for 98 samples...
Make prediction for 101 samples...
EarlyStopping counter: 5 out of 30
Epoch: 025, Train Loss: 1.0491, Metric: r2, Train: 0.6076, Val: -0.3621, best Val: -0.0895, Test: 0.1502
Training on 643 samples...
Train epoch: 27 [0/643 (0%)]	Loss: 1.048354
Make prediction for 643 samples...
Make prediction for 98 samples...
Make prediction for 101 samples...
EarlyStopping counter: 6 out of 30
Epoch: 026, Train Loss: 1.0255, Metric: r2, Train: 0.6352, Val: -0.6049, best Val: -0.0895, Test: 0.2148
Training on 643 samples...
Train epoch: 28 [0/643 (0%)]	Loss: 1.035992
Make prediction for 643 samples...
Make prediction for 98 samples...
Make prediction for 101 samples...
EarlyStopping counter: 7 out of 30
Epoch: 027, Train Loss: 1.0066, Metric: r2, Train: 0.6406, Val: -0.4568, best Val: -0.0895, Test: 0.1814
Training on 643 samples...
Train epoch: 29 [0/643 (0%)]	Loss: 1.005614
Make prediction for 643 samples...
Make prediction for 98 samples...
Make prediction for 101 samples...
EarlyStopping counter: 8 out of 30
Epoch: 028, Train Loss: 0.9797, Metric: r2, Train: 0.6563, Val: -0.5315, best Val: -0.0895, Test: 0.1769
Training on 643 samples...
Train epoch: 30 [0/643 (0%)]	Loss: 0.982965
Make prediction for 643 samples...
Make prediction for 98 samples...
Make prediction for 101 samples...
EarlyStopping counter: 9 out of 30
Epoch: 029, Train Loss: 0.9855, Metric: r2, Train: 0.6657, Val: -0.7013, best Val: -0.0895, Test: 0.1688
Training on 643 samples...
Train epoch: 31 [0/643 (0%)]	Loss: 0.980418
Make prediction for 643 samples...
Make prediction for 98 samples...
Make prediction for 101 samples...
EarlyStopping counter: 10 out of 30
Epoch: 030, Train Loss: 0.9738, Metric: r2, Train: 0.6041, Val: -0.1808, best Val: -0.0895, Test: -0.0093
Training on 643 samples...
Train epoch: 32 [0/643 (0%)]	Loss: 1.025461
Make prediction for 643 samples...
Make prediction for 98 samples...
Make prediction for 101 samples...
EarlyStopping counter: 11 out of 30
Epoch: 031, Train Loss: 1.0036, Metric: r2, Train: 0.6222, Val: -1.2176, best Val: -0.0895, Test: 0.0075
Training on 643 samples...
Train epoch: 33 [0/643 (0%)]	Loss: 1.049508
Make prediction for 643 samples...
Make prediction for 98 samples...
Make prediction for 101 samples...
EarlyStopping counter: 12 out of 30
Epoch: 032, Train Loss: 0.9745, Metric: r2, Train: 0.6849, Val: -0.4262, best Val: -0.0895, Test: 0.1850
Training on 643 samples...
Train epoch: 34 [0/643 (0%)]	Loss: 0.918651
Make prediction for 643 samples...
Make prediction for 98 samples...
Make prediction for 101 samples...
EarlyStopping counter: 13 out of 30
Epoch: 033, Train Loss: 0.9445, Metric: r2, Train: 0.6933, Val: -0.4574, best Val: -0.0895, Test: 0.1886
Training on 643 samples...
Train epoch: 35 [0/643 (0%)]	Loss: 0.936307
Make prediction for 643 samples...
Make prediction for 98 samples...
Make prediction for 101 samples...
EarlyStopping counter: 14 out of 30
Epoch: 034, Train Loss: 0.9320, Metric: r2, Train: 0.6992, Val: -0.7222, best Val: -0.0895, Test: 0.1583
Training on 643 samples...
Train epoch: 36 [0/643 (0%)]	Loss: 0.932025
Make prediction for 643 samples...
Make prediction for 98 samples...
Make prediction for 101 samples...
EarlyStopping counter: 15 out of 30
Epoch: 035, Train Loss: 0.9288, Metric: r2, Train: 0.7159, Val: -0.6136, best Val: -0.0895, Test: 0.1695
Training on 643 samples...
Train epoch: 37 [0/643 (0%)]	Loss: 0.920519
Make prediction for 643 samples...
Make prediction for 98 samples...
Make prediction for 101 samples...
EarlyStopping counter: 16 out of 30
Epoch: 036, Train Loss: 0.9051, Metric: r2, Train: 0.7203, Val: -0.7117, best Val: -0.0895, Test: 0.1389
Training on 643 samples...
Train epoch: 38 [0/643 (0%)]	Loss: 0.894646
Make prediction for 643 samples...
Make prediction for 98 samples...
Make prediction for 101 samples...
EarlyStopping counter: 17 out of 30
Epoch: 037, Train Loss: 0.9007, Metric: r2, Train: 0.7293, Val: -0.3912, best Val: -0.0895, Test: 0.1328
Training on 643 samples...
Train epoch: 39 [0/643 (0%)]	Loss: 0.893072
Make prediction for 643 samples...
Make prediction for 98 samples...
Make prediction for 101 samples...
EarlyStopping counter: 18 out of 30
Epoch: 038, Train Loss: 0.8875, Metric: r2, Train: 0.7383, Val: -0.4376, best Val: -0.0895, Test: 0.1407
Training on 643 samples...
Train epoch: 40 [0/643 (0%)]	Loss: 0.888907
Make prediction for 643 samples...
Make prediction for 98 samples...
Make prediction for 101 samples...
EarlyStopping counter: 19 out of 30
Epoch: 039, Train Loss: 0.8760, Metric: r2, Train: 0.7454, Val: -0.5340, best Val: -0.0895, Test: 0.1539
Training on 643 samples...
Train epoch: 41 [0/643 (0%)]	Loss: 0.912690
Make prediction for 643 samples...
Make prediction for 98 samples...
Make prediction for 101 samples...
EarlyStopping counter: 20 out of 30
Epoch: 040, Train Loss: 0.8873, Metric: r2, Train: 0.7402, Val: -0.2203, best Val: -0.0895, Test: 0.1212
Training on 643 samples...
Train epoch: 42 [0/643 (0%)]	Loss: 0.905258
Make prediction for 643 samples...
Make prediction for 98 samples...
Make prediction for 101 samples...
EarlyStopping counter: 21 out of 30
Epoch: 041, Train Loss: 0.8656, Metric: r2, Train: 0.7428, Val: -0.1515, best Val: -0.0895, Test: 0.1076
Training on 643 samples...
Train epoch: 43 [0/643 (0%)]	Loss: 0.881198
Make prediction for 643 samples...
Make prediction for 98 samples...
Make prediction for 101 samples...
EarlyStopping counter: 22 out of 30
Epoch: 042, Train Loss: 0.8794, Metric: r2, Train: 0.7661, Val: -0.2611, best Val: -0.0895, Test: 0.1602
Training on 643 samples...
Train epoch: 44 [0/643 (0%)]	Loss: 0.854640
Make prediction for 643 samples...
Make prediction for 98 samples...
Make prediction for 101 samples...
EarlyStopping counter: 23 out of 30
Epoch: 043, Train Loss: 0.8784, Metric: r2, Train: 0.7067, Val: -0.9832, best Val: -0.0895, Test: 0.0218
Training on 643 samples...
Train epoch: 45 [0/643 (0%)]	Loss: 0.933231
Make prediction for 643 samples...
Make prediction for 98 samples...
Make prediction for 101 samples...
EarlyStopping counter: 24 out of 30
Epoch: 044, Train Loss: 0.9146, Metric: r2, Train: 0.7231, Val: -0.8174, best Val: -0.0895, Test: 0.0834
Training on 643 samples...
Train epoch: 46 [0/643 (0%)]	Loss: 0.900692
Make prediction for 643 samples...
Make prediction for 98 samples...
Make prediction for 101 samples...
Make prediction for 101 samples...
Epoch: 045, Train Loss: 0.8872, Metric: r2, Train: 0.7529, Val: 0.0211, best Val: 0.0211, Test: 0.1561
Training on 643 samples...
Train epoch: 47 [0/643 (0%)]	Loss: 0.851675
Make prediction for 643 samples...
Make prediction for 98 samples...
Make prediction for 101 samples...
EarlyStopping counter: 1 out of 30
Epoch: 046, Train Loss: 0.8686, Metric: r2, Train: 0.7654, Val: -0.0467, best Val: 0.0211, Test: 0.1628
Training on 643 samples...
Train epoch: 48 [0/643 (0%)]	Loss: 0.860912
Make prediction for 643 samples...
Make prediction for 98 samples...
Make prediction for 101 samples...
EarlyStopping counter: 2 out of 30
Epoch: 047, Train Loss: 0.8497, Metric: r2, Train: 0.7596, Val: -0.7406, best Val: 0.0211, Test: 0.1596
Training on 643 samples...
Train epoch: 49 [0/643 (0%)]	Loss: 0.875806
Make prediction for 643 samples...
Make prediction for 98 samples...
Make prediction for 101 samples...
EarlyStopping counter: 3 out of 30
Epoch: 048, Train Loss: 0.8476, Metric: r2, Train: 0.7917, Val: -0.4127, best Val: 0.0211, Test: 0.1986
Training on 643 samples...
Train epoch: 50 [0/643 (0%)]	Loss: 0.845507
Make prediction for 643 samples...
Make prediction for 98 samples...
Make prediction for 101 samples...
Make prediction for 101 samples...
Epoch: 049, Train Loss: 0.8608, Metric: r2, Train: 0.7740, Val: 0.0711, best Val: 0.0711, Test: 0.1279
Training on 643 samples...
Train epoch: 51 [0/643 (0%)]	Loss: 0.880107
Make prediction for 643 samples...
Make prediction for 98 samples...
Make prediction for 101 samples...
Make prediction for 101 samples...
Epoch: 050, Train Loss: 0.8530, Metric: r2, Train: 0.7400, Val: 0.1596, best Val: 0.1596, Test: 0.0398
Training on 643 samples...
Train epoch: 52 [0/643 (0%)]	Loss: 0.899053
Make prediction for 643 samples...
Make prediction for 98 samples...
Make prediction for 101 samples...
EarlyStopping counter: 1 out of 30
Epoch: 051, Train Loss: 0.8708, Metric: r2, Train: 0.7933, Val: -0.4324, best Val: 0.1596, Test: 0.1706
Training on 643 samples...
Train epoch: 53 [0/643 (0%)]	Loss: 0.823133
Make prediction for 643 samples...
Make prediction for 98 samples...
Make prediction for 101 samples...
EarlyStopping counter: 2 out of 30
Epoch: 052, Train Loss: 0.8187, Metric: r2, Train: 0.8136, Val: -0.2484, best Val: 0.1596, Test: 0.1943
Training on 643 samples...
Train epoch: 54 [0/643 (0%)]	Loss: 0.818647
Make prediction for 643 samples...
Make prediction for 98 samples...
Make prediction for 101 samples...
EarlyStopping counter: 3 out of 30
Epoch: 053, Train Loss: 0.8104, Metric: r2, Train: 0.8046, Val: -0.0590, best Val: 0.1596, Test: 0.1608
Training on 643 samples...
Train epoch: 55 [0/643 (0%)]	Loss: 0.839484
Make prediction for 643 samples...
Make prediction for 98 samples...
Make prediction for 101 samples...
EarlyStopping counter: 4 out of 30
Epoch: 054, Train Loss: 0.8164, Metric: r2, Train: 0.8153, Val: -0.0365, best Val: 0.1596, Test: 0.1837
Training on 643 samples...
Train epoch: 56 [0/643 (0%)]	Loss: 0.813683
Make prediction for 643 samples...
Make prediction for 98 samples...
Make prediction for 101 samples...
EarlyStopping counter: 5 out of 30
Epoch: 055, Train Loss: 0.8134, Metric: r2, Train: 0.8221, Val: -0.2734, best Val: 0.1596, Test: 0.2086
Training on 643 samples...
Train epoch: 57 [0/643 (0%)]	Loss: 0.810742
Make prediction for 643 samples...
Make prediction for 98 samples...
Make prediction for 101 samples...
EarlyStopping counter: 6 out of 30
Epoch: 056, Train Loss: 0.7982, Metric: r2, Train: 0.8303, Val: -0.0441, best Val: 0.1596, Test: 0.2347
Training on 643 samples...
Train epoch: 58 [0/643 (0%)]	Loss: 0.816602
Make prediction for 643 samples...
Make prediction for 98 samples...
Make prediction for 101 samples...
EarlyStopping counter: 7 out of 30
Epoch: 057, Train Loss: 0.8001, Metric: r2, Train: 0.8300, Val: 0.0331, best Val: 0.1596, Test: 0.2169
Training on 643 samples...
Train epoch: 59 [0/643 (0%)]	Loss: 0.802038
Make prediction for 643 samples...
Make prediction for 98 samples...
Make prediction for 101 samples...
EarlyStopping counter: 8 out of 30
Epoch: 058, Train Loss: 0.7880, Metric: r2, Train: 0.8296, Val: 0.0621, best Val: 0.1596, Test: 0.1949
Training on 643 samples...
Train epoch: 60 [0/643 (0%)]	Loss: 0.803681
Make prediction for 643 samples...
Make prediction for 98 samples...
Make prediction for 101 samples...
EarlyStopping counter: 9 out of 30
Epoch: 059, Train Loss: 0.7797, Metric: r2, Train: 0.8402, Val: -0.0402, best Val: 0.1596, Test: 0.2208
Training on 643 samples...
Train epoch: 61 [0/643 (0%)]	Loss: 0.787324
Make prediction for 643 samples...
Make prediction for 98 samples...
Make prediction for 101 samples...
EarlyStopping counter: 10 out of 30
Epoch: 060, Train Loss: 0.7831, Metric: r2, Train: 0.8215, Val: 0.0959, best Val: 0.1596, Test: 0.1674
Training on 643 samples...
Train epoch: 62 [0/643 (0%)]	Loss: 0.809754
Make prediction for 643 samples...
Make prediction for 98 samples...
Make prediction for 101 samples...
EarlyStopping counter: 11 out of 30
Epoch: 061, Train Loss: 0.7980, Metric: r2, Train: 0.8044, Val: 0.1054, best Val: 0.1596, Test: 0.1210
Training on 643 samples...
Train epoch: 63 [0/643 (0%)]	Loss: 0.810118
Make prediction for 643 samples...
Make prediction for 98 samples...
Make prediction for 101 samples...
EarlyStopping counter: 12 out of 30
Epoch: 062, Train Loss: 0.8099, Metric: r2, Train: 0.8012, Val: 0.1320, best Val: 0.1596, Test: 0.1122
Training on 643 samples...
Train epoch: 64 [0/643 (0%)]	Loss: 0.873711
Make prediction for 643 samples...
Make prediction for 98 samples...
Make prediction for 101 samples...
EarlyStopping counter: 13 out of 30
Epoch: 063, Train Loss: 0.8108, Metric: r2, Train: 0.8408, Val: 0.0488, best Val: 0.1596, Test: 0.2605
Training on 643 samples...
Train epoch: 65 [0/643 (0%)]	Loss: 0.776871
Make prediction for 643 samples...
Make prediction for 98 samples...
Make prediction for 101 samples...
EarlyStopping counter: 14 out of 30
Epoch: 064, Train Loss: 0.7865, Metric: r2, Train: 0.8328, Val: -0.4324, best Val: 0.1596, Test: 0.2600
Training on 643 samples...
Train epoch: 66 [0/643 (0%)]	Loss: 0.817234
Make prediction for 643 samples...
Make prediction for 98 samples...
Make prediction for 101 samples...
EarlyStopping counter: 15 out of 30
Epoch: 065, Train Loss: 0.7989, Metric: r2, Train: 0.6715, Val: -1.3681, best Val: 0.1596, Test: -0.0758
Training on 643 samples...
Train epoch: 67 [0/643 (0%)]	Loss: 0.974884
Make prediction for 643 samples...
Make prediction for 98 samples...
Make prediction for 101 samples...
EarlyStopping counter: 16 out of 30
Epoch: 066, Train Loss: 0.8618, Metric: r2, Train: 0.8506, Val: -0.0116, best Val: 0.1596, Test: 0.2978
Training on 643 samples...
Train epoch: 68 [0/643 (0%)]	Loss: 0.769794
Make prediction for 643 samples...
Make prediction for 98 samples...
Make prediction for 101 samples...
EarlyStopping counter: 17 out of 30
Epoch: 067, Train Loss: 0.8138, Metric: r2, Train: 0.8440, Val: 0.0403, best Val: 0.1596, Test: 0.2802
Training on 643 samples...
Train epoch: 69 [0/643 (0%)]	Loss: 0.769637
Make prediction for 643 samples...
Make prediction for 98 samples...
Make prediction for 101 samples...
EarlyStopping counter: 18 out of 30
Epoch: 068, Train Loss: 0.7703, Metric: r2, Train: 0.8496, Val: -0.0601, best Val: 0.1596, Test: 0.2350
Training on 643 samples...
Train epoch: 70 [0/643 (0%)]	Loss: 0.768652
Make prediction for 643 samples...
Make prediction for 98 samples...
Make prediction for 101 samples...
EarlyStopping counter: 19 out of 30
Epoch: 069, Train Loss: 0.7670, Metric: r2, Train: 0.8509, Val: -0.4796, best Val: 0.1596, Test: 0.2437
Training on 643 samples...
Train epoch: 71 [0/643 (0%)]	Loss: 0.785042
Make prediction for 643 samples...
Make prediction for 98 samples...
Make prediction for 101 samples...
EarlyStopping counter: 20 out of 30
Epoch: 070, Train Loss: 0.7648, Metric: r2, Train: 0.8657, Val: -0.1749, best Val: 0.1596, Test: 0.2683
Training on 643 samples...
Train epoch: 72 [0/643 (0%)]	Loss: 0.764652
Make prediction for 643 samples...
Make prediction for 98 samples...
Make prediction for 101 samples...
EarlyStopping counter: 21 out of 30
Epoch: 071, Train Loss: 0.7537, Metric: r2, Train: 0.8655, Val: -0.2155, best Val: 0.1596, Test: 0.2612
Training on 643 samples...
Train epoch: 73 [0/643 (0%)]	Loss: 0.754987
Make prediction for 643 samples...
Make prediction for 98 samples...
Make prediction for 101 samples...
EarlyStopping counter: 22 out of 30
Epoch: 072, Train Loss: 0.7630, Metric: r2, Train: 0.8603, Val: -0.3692, best Val: 0.1596, Test: 0.2375
Training on 643 samples...
Train epoch: 74 [0/643 (0%)]	Loss: 0.776373
Make prediction for 643 samples...
Make prediction for 98 samples...
Make prediction for 101 samples...
EarlyStopping counter: 23 out of 30
Epoch: 073, Train Loss: 0.7746, Metric: r2, Train: 0.8732, Val: -0.2008, best Val: 0.1596, Test: 0.2430
Training on 643 samples...
Train epoch: 75 [0/643 (0%)]	Loss: 0.764081
Make prediction for 643 samples...
Make prediction for 98 samples...
Make prediction for 101 samples...
EarlyStopping counter: 24 out of 30
Epoch: 074, Train Loss: 0.7694, Metric: r2, Train: 0.8349, Val: 0.0727, best Val: 0.1596, Test: 0.1613
Training on 643 samples...
Train epoch: 76 [0/643 (0%)]	Loss: 0.806260
Make prediction for 643 samples...
Make prediction for 98 samples...
Make prediction for 101 samples...
EarlyStopping counter: 25 out of 30
Epoch: 075, Train Loss: 0.7766, Metric: r2, Train: 0.8236, Val: 0.0692, best Val: 0.1596, Test: 0.1509
Training on 643 samples...
Train epoch: 77 [0/643 (0%)]	Loss: 0.836915
Make prediction for 643 samples...
Make prediction for 98 samples...
Make prediction for 101 samples...
EarlyStopping counter: 26 out of 30
Epoch: 076, Train Loss: 0.7853, Metric: r2, Train: 0.8741, Val: -0.2213, best Val: 0.1596, Test: 0.3041
Training on 643 samples...
Train epoch: 78 [0/643 (0%)]	Loss: 0.764726
Make prediction for 643 samples...
Make prediction for 98 samples...
Make prediction for 101 samples...
EarlyStopping counter: 27 out of 30
Epoch: 077, Train Loss: 0.7615, Metric: r2, Train: 0.8433, Val: -0.6500, best Val: 0.1596, Test: 0.2761
Training on 643 samples...
Train epoch: 79 [0/643 (0%)]	Loss: 0.794679
Make prediction for 643 samples...
Make prediction for 98 samples...
Make prediction for 101 samples...
EarlyStopping counter: 28 out of 30
Epoch: 078, Train Loss: 0.7676, Metric: r2, Train: 0.8778, Val: -0.1679, best Val: 0.1596, Test: 0.3303
Training on 643 samples...
Train epoch: 80 [0/643 (0%)]	Loss: 0.754051
Make prediction for 643 samples...
Make prediction for 98 samples...
Make prediction for 101 samples...
EarlyStopping counter: 29 out of 30
Epoch: 079, Train Loss: 0.7415, Metric: r2, Train: 0.8817, Val: -0.1317, best Val: 0.1596, Test: 0.2792
Training on 643 samples...
Train epoch: 81 [0/643 (0%)]	Loss: 0.749911
Make prediction for 643 samples...
Make prediction for 98 samples...
Make prediction for 101 samples...
EarlyStopping counter: 30 out of 30
Epoch: 080, Train Loss: 0.7416, Metric: r2, Train: 0.8481, Val: 0.0451, best Val: 0.1596, Test: 0.1275
out of patience!
******Caco2_Perimeter_2044, 4th_time_result******
train_result: 0.74
val_result: 0.1596
test_result: 0.0398
Current seed: 2064
Pre-processed data found: data/processed/Caco2_Perimeter_2044/Caco2_Perimeter_2044_train.pt, loading ...
Pre-processed data found: data/processed/Caco2_Perimeter_2044/Caco2_Perimeter_2044_valid.pt, loading ...
Pre-processed data found: data/processed/Caco2_Perimeter_2044/Caco2_Perimeter_2044_test.pt, loading ...
trainset mean:-5.230712890625 std:0.8125231266021729
Training on 643 samples...
Train epoch: 1 [0/643 (0%)]	Loss: 1.618835
Make prediction for 643 samples...
Make prediction for 98 samples...
Make prediction for 101 samples...
Make prediction for 101 samples...
Epoch: 000, Train Loss: 1.6993, Metric: r2, Train: -0.0314, Val: -0.6245, best Val: -0.6245, Test: 0.0016
Training on 643 samples...
Train epoch: 2 [0/643 (0%)]	Loss: 1.698924
Make prediction for 643 samples...
Make prediction for 98 samples...
Make prediction for 101 samples...
Make prediction for 101 samples...
Epoch: 001, Train Loss: 1.6307, Metric: r2, Train: -0.0144, Val: -0.1068, best Val: -0.1068, Test: -0.1544
Training on 643 samples...
Train epoch: 3 [0/643 (0%)]	Loss: 1.636551
Make prediction for 643 samples...
Make prediction for 98 samples...
Make prediction for 101 samples...
EarlyStopping counter: 1 out of 30
Epoch: 002, Train Loss: 1.6224, Metric: r2, Train: 0.0105, Val: -0.2778, best Val: -0.1068, Test: -0.0313
Training on 643 samples...
Train epoch: 4 [0/643 (0%)]	Loss: 1.583047
Make prediction for 643 samples...
Make prediction for 98 samples...
Make prediction for 101 samples...
EarlyStopping counter: 2 out of 30
Epoch: 003, Train Loss: 1.5956, Metric: r2, Train: 0.0178, Val: -0.3162, best Val: -0.1068, Test: -0.0069
Training on 643 samples...
Train epoch: 5 [0/643 (0%)]	Loss: 1.702570
Make prediction for 643 samples...
Make prediction for 98 samples...
Make prediction for 101 samples...
EarlyStopping counter: 3 out of 30
Epoch: 004, Train Loss: 1.6040, Metric: r2, Train: 0.0260, Val: -0.2490, best Val: -0.1068, Test: -0.0290
Training on 643 samples...
Train epoch: 6 [0/643 (0%)]	Loss: 1.529978
Make prediction for 643 samples...
Make prediction for 98 samples...
Make prediction for 101 samples...
EarlyStopping counter: 4 out of 30
Epoch: 005, Train Loss: 1.5852, Metric: r2, Train: 0.0378, Val: -0.4827, best Val: -0.1068, Test: 0.0644
Training on 643 samples...
Train epoch: 7 [0/643 (0%)]	Loss: 1.646013
Make prediction for 643 samples...
Make prediction for 98 samples...
Make prediction for 101 samples...
EarlyStopping counter: 5 out of 30
Epoch: 006, Train Loss: 1.5775, Metric: r2, Train: 0.0539, Val: -0.2107, best Val: -0.1068, Test: -0.0413
Training on 643 samples...
Train epoch: 8 [0/643 (0%)]	Loss: 1.565217
Make prediction for 643 samples...
Make prediction for 98 samples...
Make prediction for 101 samples...
EarlyStopping counter: 6 out of 30
Epoch: 007, Train Loss: 1.5654, Metric: r2, Train: 0.0891, Val: -0.5725, best Val: -0.1068, Test: 0.1265
Training on 643 samples...
Train epoch: 9 [0/643 (0%)]	Loss: 1.538630
Make prediction for 643 samples...
Make prediction for 98 samples...
Make prediction for 101 samples...
EarlyStopping counter: 7 out of 30
Epoch: 008, Train Loss: 1.5257, Metric: r2, Train: 0.1054, Val: -0.2998, best Val: -0.1068, Test: -0.0234
Training on 643 samples...
Train epoch: 10 [0/643 (0%)]	Loss: 1.517509
Make prediction for 643 samples...
Make prediction for 98 samples...
Make prediction for 101 samples...
EarlyStopping counter: 8 out of 30
Epoch: 009, Train Loss: 1.5174, Metric: r2, Train: 0.1483, Val: -0.6435, best Val: -0.1068, Test: 0.1518
Training on 643 samples...
Train epoch: 11 [0/643 (0%)]	Loss: 1.522925
Make prediction for 643 samples...
Make prediction for 98 samples...
Make prediction for 101 samples...
EarlyStopping counter: 9 out of 30
Epoch: 010, Train Loss: 1.4754, Metric: r2, Train: 0.1782, Val: -0.6356, best Val: -0.1068, Test: 0.1661
Training on 643 samples...
Train epoch: 12 [0/643 (0%)]	Loss: 1.281708
Make prediction for 643 samples...
Make prediction for 98 samples...
Make prediction for 101 samples...
EarlyStopping counter: 10 out of 30
Epoch: 011, Train Loss: 1.4507, Metric: r2, Train: 0.2222, Val: -0.6762, best Val: -0.1068, Test: 0.2349
Training on 643 samples...
Train epoch: 13 [0/643 (0%)]	Loss: 1.544839
Make prediction for 643 samples...
Make prediction for 98 samples...
Make prediction for 101 samples...
EarlyStopping counter: 11 out of 30
Epoch: 012, Train Loss: 1.4487, Metric: r2, Train: 0.2566, Val: -0.4677, best Val: -0.1068, Test: 0.2278
Training on 643 samples...
Train epoch: 14 [0/643 (0%)]	Loss: 1.335015
Make prediction for 643 samples...
Make prediction for 98 samples...
Make prediction for 101 samples...
EarlyStopping counter: 12 out of 30
Epoch: 013, Train Loss: 1.3814, Metric: r2, Train: 0.2939, Val: -0.4406, best Val: -0.1068, Test: 0.2771
Training on 643 samples...
Train epoch: 15 [0/643 (0%)]	Loss: 1.307381
Make prediction for 643 samples...
Make prediction for 98 samples...
Make prediction for 101 samples...
EarlyStopping counter: 13 out of 30
Epoch: 014, Train Loss: 1.3436, Metric: r2, Train: 0.3274, Val: -0.5463, best Val: -0.1068, Test: 0.3291
Training on 643 samples...
Train epoch: 16 [0/643 (0%)]	Loss: 1.375535
Make prediction for 643 samples...
Make prediction for 98 samples...
Make prediction for 101 samples...
EarlyStopping counter: 14 out of 30
Epoch: 015, Train Loss: 1.2837, Metric: r2, Train: 0.3790, Val: -0.1328, best Val: -0.1068, Test: 0.2734
Training on 643 samples...
Train epoch: 17 [0/643 (0%)]	Loss: 1.300152
Make prediction for 643 samples...
Make prediction for 98 samples...
Make prediction for 101 samples...
EarlyStopping counter: 15 out of 30
Epoch: 016, Train Loss: 1.2359, Metric: r2, Train: 0.4438, Val: -0.1931, best Val: -0.1068, Test: 0.3635
Training on 643 samples...
Train epoch: 18 [0/643 (0%)]	Loss: 1.157041
Make prediction for 643 samples...
Make prediction for 98 samples...
Make prediction for 101 samples...
EarlyStopping counter: 16 out of 30
Epoch: 017, Train Loss: 1.1584, Metric: r2, Train: 0.4999, Val: -0.2591, best Val: -0.1068, Test: 0.3816
Training on 643 samples...
Train epoch: 19 [0/643 (0%)]	Loss: 1.097675
Make prediction for 643 samples...
Make prediction for 98 samples...
Make prediction for 101 samples...
Make prediction for 101 samples...
Epoch: 018, Train Loss: 1.1287, Metric: r2, Train: 0.5291, Val: -0.0678, best Val: -0.0678, Test: 0.3266
Training on 643 samples...
Train epoch: 20 [0/643 (0%)]	Loss: 1.085243
Make prediction for 643 samples...
Make prediction for 98 samples...
Make prediction for 101 samples...
Make prediction for 101 samples...
Epoch: 019, Train Loss: 1.0936, Metric: r2, Train: 0.5224, Val: 0.0405, best Val: 0.0405, Test: 0.2413
Training on 643 samples...
Train epoch: 21 [0/643 (0%)]	Loss: 1.145171
Make prediction for 643 samples...
Make prediction for 98 samples...
Make prediction for 101 samples...
EarlyStopping counter: 1 out of 30
Epoch: 020, Train Loss: 1.0748, Metric: r2, Train: 0.5898, Val: -0.1284, best Val: 0.0405, Test: 0.2891
Training on 643 samples...
Train epoch: 22 [0/643 (0%)]	Loss: 1.036675
Make prediction for 643 samples...
Make prediction for 98 samples...
Make prediction for 101 samples...
EarlyStopping counter: 2 out of 30
Epoch: 021, Train Loss: 1.0692, Metric: r2, Train: 0.5995, Val: -0.3961, best Val: 0.0405, Test: 0.2500
Training on 643 samples...
Train epoch: 23 [0/643 (0%)]	Loss: 1.026264
Make prediction for 643 samples...
Make prediction for 98 samples...
Make prediction for 101 samples...
EarlyStopping counter: 3 out of 30
Epoch: 022, Train Loss: 1.0559, Metric: r2, Train: 0.5448, Val: -0.8145, best Val: 0.0405, Test: 0.0745
Training on 643 samples...
Train epoch: 24 [0/643 (0%)]	Loss: 1.150035
Make prediction for 643 samples...
Make prediction for 98 samples...
Make prediction for 101 samples...
EarlyStopping counter: 4 out of 30
Epoch: 023, Train Loss: 1.0553, Metric: r2, Train: 0.6313, Val: -0.2418, best Val: 0.0405, Test: 0.2649
Training on 643 samples...
Train epoch: 25 [0/643 (0%)]	Loss: 0.981358
Make prediction for 643 samples...
Make prediction for 98 samples...
Make prediction for 101 samples...
EarlyStopping counter: 5 out of 30
Epoch: 024, Train Loss: 1.0137, Metric: r2, Train: 0.6318, Val: -0.0230, best Val: 0.0405, Test: 0.2361
Training on 643 samples...
Train epoch: 26 [0/643 (0%)]	Loss: 1.067811
Make prediction for 643 samples...
Make prediction for 98 samples...
Make prediction for 101 samples...
Make prediction for 101 samples...
Epoch: 025, Train Loss: 1.0119, Metric: r2, Train: 0.5820, Val: 0.0856, best Val: 0.0856, Test: 0.0937
Training on 643 samples...
Train epoch: 27 [0/643 (0%)]	Loss: 1.018954
Make prediction for 643 samples...
Make prediction for 98 samples...
Make prediction for 101 samples...
EarlyStopping counter: 1 out of 30
Epoch: 026, Train Loss: 1.0080, Metric: r2, Train: 0.6480, Val: -0.6322, best Val: 0.0856, Test: 0.1695
Training on 643 samples...
Train epoch: 28 [0/643 (0%)]	Loss: 0.959199
Make prediction for 643 samples...
Make prediction for 98 samples...
Make prediction for 101 samples...
EarlyStopping counter: 2 out of 30
Epoch: 027, Train Loss: 0.9693, Metric: r2, Train: 0.6739, Val: -0.2988, best Val: 0.0856, Test: 0.2485
Training on 643 samples...
Train epoch: 29 [0/643 (0%)]	Loss: 0.933728
Make prediction for 643 samples...
Make prediction for 98 samples...
Make prediction for 101 samples...
EarlyStopping counter: 3 out of 30
Epoch: 028, Train Loss: 0.9567, Metric: r2, Train: 0.5723, Val: 0.0583, best Val: 0.0856, Test: 0.0221
Training on 643 samples...
Train epoch: 30 [0/643 (0%)]	Loss: 1.124113
Make prediction for 643 samples...
Make prediction for 98 samples...
Make prediction for 101 samples...
EarlyStopping counter: 4 out of 30
Epoch: 029, Train Loss: 1.0049, Metric: r2, Train: 0.6784, Val: -0.6162, best Val: 0.0856, Test: 0.1976
Training on 643 samples...
Train epoch: 31 [0/643 (0%)]	Loss: 0.910483
Make prediction for 643 samples...
Make prediction for 98 samples...
Make prediction for 101 samples...
EarlyStopping counter: 5 out of 30
Epoch: 030, Train Loss: 0.9343, Metric: r2, Train: 0.6942, Val: -0.5380, best Val: 0.0856, Test: 0.2386
Training on 643 samples...
Train epoch: 32 [0/643 (0%)]	Loss: 0.980753
Make prediction for 643 samples...
Make prediction for 98 samples...
Make prediction for 101 samples...
EarlyStopping counter: 6 out of 30
Epoch: 031, Train Loss: 0.9469, Metric: r2, Train: 0.6551, Val: -0.0645, best Val: 0.0856, Test: 0.1804
Training on 643 samples...
Train epoch: 33 [0/643 (0%)]	Loss: 0.961217
Make prediction for 643 samples...
Make prediction for 98 samples...
Make prediction for 101 samples...
EarlyStopping counter: 7 out of 30
Epoch: 032, Train Loss: 0.9488, Metric: r2, Train: 0.7192, Val: -0.4400, best Val: 0.0856, Test: 0.2543
Training on 643 samples...
Train epoch: 34 [0/643 (0%)]	Loss: 0.949035
Make prediction for 643 samples...
Make prediction for 98 samples...
Make prediction for 101 samples...
EarlyStopping counter: 8 out of 30
Epoch: 033, Train Loss: 0.9047, Metric: r2, Train: 0.7222, Val: -0.5315, best Val: 0.0856, Test: 0.2313
Training on 643 samples...
Train epoch: 35 [0/643 (0%)]	Loss: 0.912516
Make prediction for 643 samples...
Make prediction for 98 samples...
Make prediction for 101 samples...
EarlyStopping counter: 9 out of 30
Epoch: 034, Train Loss: 0.9019, Metric: r2, Train: 0.7181, Val: -0.2108, best Val: 0.0856, Test: 0.2371
Training on 643 samples...
Train epoch: 36 [0/643 (0%)]	Loss: 0.923554
Make prediction for 643 samples...
Make prediction for 98 samples...
Make prediction for 101 samples...
EarlyStopping counter: 10 out of 30
Epoch: 035, Train Loss: 0.9041, Metric: r2, Train: 0.7408, Val: -0.3629, best Val: 0.0856, Test: 0.2547
Training on 643 samples...
Train epoch: 37 [0/643 (0%)]	Loss: 0.874617
Make prediction for 643 samples...
Make prediction for 98 samples...
Make prediction for 101 samples...
EarlyStopping counter: 11 out of 30
Epoch: 036, Train Loss: 0.8893, Metric: r2, Train: 0.7441, Val: -0.5504, best Val: 0.0856, Test: 0.1904
Training on 643 samples...
Train epoch: 38 [0/643 (0%)]	Loss: 0.873647
Make prediction for 643 samples...
Make prediction for 98 samples...
Make prediction for 101 samples...
EarlyStopping counter: 12 out of 30
Epoch: 037, Train Loss: 0.8887, Metric: r2, Train: 0.7505, Val: -0.2930, best Val: 0.0856, Test: 0.2140
Training on 643 samples...
Train epoch: 39 [0/643 (0%)]	Loss: 0.864567
Make prediction for 643 samples...
Make prediction for 98 samples...
Make prediction for 101 samples...
EarlyStopping counter: 13 out of 30
Epoch: 038, Train Loss: 0.8825, Metric: r2, Train: 0.7449, Val: -0.2188, best Val: 0.0856, Test: 0.2090
Training on 643 samples...
Train epoch: 40 [0/643 (0%)]	Loss: 0.882206
Make prediction for 643 samples...
Make prediction for 98 samples...
Make prediction for 101 samples...
EarlyStopping counter: 14 out of 30
Epoch: 039, Train Loss: 0.8833, Metric: r2, Train: 0.6893, Val: -0.0499, best Val: 0.0856, Test: 0.1239
Training on 643 samples...
Train epoch: 41 [0/643 (0%)]	Loss: 0.944193
Make prediction for 643 samples...
Make prediction for 98 samples...
Make prediction for 101 samples...
EarlyStopping counter: 15 out of 30
Epoch: 040, Train Loss: 0.8998, Metric: r2, Train: 0.7706, Val: -0.4318, best Val: 0.0856, Test: 0.2707
Training on 643 samples...
Train epoch: 42 [0/643 (0%)]	Loss: 0.884779
Make prediction for 643 samples...
Make prediction for 98 samples...
Make prediction for 101 samples...
EarlyStopping counter: 16 out of 30
Epoch: 041, Train Loss: 0.8739, Metric: r2, Train: 0.7242, Val: -0.8570, best Val: 0.0856, Test: 0.0819
Training on 643 samples...
Train epoch: 43 [0/643 (0%)]	Loss: 0.880424
Make prediction for 643 samples...
Make prediction for 98 samples...
Make prediction for 101 samples...
EarlyStopping counter: 17 out of 30
Epoch: 042, Train Loss: 0.8737, Metric: r2, Train: 0.7634, Val: -0.1337, best Val: 0.0856, Test: 0.2464
Training on 643 samples...
Train epoch: 44 [0/643 (0%)]	Loss: 0.862266
Make prediction for 643 samples...
Make prediction for 98 samples...
Make prediction for 101 samples...
EarlyStopping counter: 18 out of 30
Epoch: 043, Train Loss: 0.8682, Metric: r2, Train: 0.7805, Val: -0.2019, best Val: 0.0856, Test: 0.2851
Training on 643 samples...
Train epoch: 45 [0/643 (0%)]	Loss: 0.850850
Make prediction for 643 samples...
Make prediction for 98 samples...
Make prediction for 101 samples...
EarlyStopping counter: 19 out of 30
Epoch: 044, Train Loss: 0.8450, Metric: r2, Train: 0.7843, Val: -0.4928, best Val: 0.0856, Test: 0.2430
Training on 643 samples...
Train epoch: 46 [0/643 (0%)]	Loss: 0.843894
Make prediction for 643 samples...
Make prediction for 98 samples...
Make prediction for 101 samples...
EarlyStopping counter: 20 out of 30
Epoch: 045, Train Loss: 0.8369, Metric: r2, Train: 0.7492, Val: -0.8125, best Val: 0.0856, Test: 0.1212
Training on 643 samples...
Train epoch: 47 [0/643 (0%)]	Loss: 0.872753
Make prediction for 643 samples...
Make prediction for 98 samples...
Make prediction for 101 samples...
EarlyStopping counter: 21 out of 30
Epoch: 046, Train Loss: 0.8584, Metric: r2, Train: 0.7983, Val: -0.3324, best Val: 0.0856, Test: 0.2822
Training on 643 samples...
Train epoch: 48 [0/643 (0%)]	Loss: 0.813409
Make prediction for 643 samples...
Make prediction for 98 samples...
Make prediction for 101 samples...
EarlyStopping counter: 22 out of 30
Epoch: 047, Train Loss: 0.8410, Metric: r2, Train: 0.7116, Val: 0.0098, best Val: 0.0856, Test: 0.1396
Training on 643 samples...
Train epoch: 49 [0/643 (0%)]	Loss: 0.896343
Make prediction for 643 samples...
Make prediction for 98 samples...
Make prediction for 101 samples...
EarlyStopping counter: 23 out of 30
Epoch: 048, Train Loss: 0.8827, Metric: r2, Train: 0.8031, Val: -0.3179, best Val: 0.0856, Test: 0.3018
Training on 643 samples...
Train epoch: 50 [0/643 (0%)]	Loss: 0.841169
Make prediction for 643 samples...
Make prediction for 98 samples...
Make prediction for 101 samples...
EarlyStopping counter: 24 out of 30
Epoch: 049, Train Loss: 0.8557, Metric: r2, Train: 0.7138, Val: -0.9736, best Val: 0.0856, Test: 0.0684
Training on 643 samples...
Train epoch: 51 [0/643 (0%)]	Loss: 0.903594
Make prediction for 643 samples...
Make prediction for 98 samples...
Make prediction for 101 samples...
EarlyStopping counter: 25 out of 30
Epoch: 050, Train Loss: 0.8613, Metric: r2, Train: 0.6898, Val: 0.0517, best Val: 0.0856, Test: 0.0776
Training on 643 samples...
Train epoch: 52 [0/643 (0%)]	Loss: 0.915764
Make prediction for 643 samples...
Make prediction for 98 samples...
Make prediction for 101 samples...
EarlyStopping counter: 26 out of 30
Epoch: 051, Train Loss: 0.8779, Metric: r2, Train: 0.8050, Val: -0.3981, best Val: 0.0856, Test: 0.3360
Training on 643 samples...
Train epoch: 53 [0/643 (0%)]	Loss: 0.827929
Make prediction for 643 samples...
Make prediction for 98 samples...
Make prediction for 101 samples...
EarlyStopping counter: 27 out of 30
Epoch: 052, Train Loss: 0.8476, Metric: r2, Train: 0.7939, Val: -0.4869, best Val: 0.0856, Test: 0.2848
Training on 643 samples...
Train epoch: 54 [0/643 (0%)]	Loss: 0.836489
Make prediction for 643 samples...
Make prediction for 98 samples...
Make prediction for 101 samples...
EarlyStopping counter: 28 out of 30
Epoch: 053, Train Loss: 0.8522, Metric: r2, Train: 0.6932, Val: 0.0815, best Val: 0.0856, Test: 0.1045
Training on 643 samples...
Train epoch: 55 [0/643 (0%)]	Loss: 0.933130
Make prediction for 643 samples...
Make prediction for 98 samples...
Make prediction for 101 samples...
EarlyStopping counter: 29 out of 30
Epoch: 054, Train Loss: 0.8808, Metric: r2, Train: 0.7481, Val: -0.6791, best Val: 0.0856, Test: 0.1238
Training on 643 samples...
Train epoch: 56 [0/643 (0%)]	Loss: 0.871772
Make prediction for 643 samples...
Make prediction for 98 samples...
Make prediction for 101 samples...
EarlyStopping counter: 30 out of 30
Epoch: 055, Train Loss: 0.8335, Metric: r2, Train: 0.8015, Val: -0.0099, best Val: 0.0856, Test: 0.3303
out of patience!
******Caco2_Perimeter_2044, 5th_time_result******
train_result: 0.582
val_result: 0.0856
test_result: 0.0937
************************************5_times_result************************************
the train result of all tasks (r2):  [0.76924544 0.81716298 0.883492   0.73998718 0.58203621]
the average train result of all tasks (r2): 0.7584
the train result of all tasks (std): 0.1007
the train result of all tasks (var): 0.0101
the val result of all tasks (r2):  [0.25938669 0.22686728 0.34264021 0.15956653 0.08557878]
the average val result of all tasks (r2): 0.2148
the val result of all tasks (std): 0.0874
the val result of all tasks (var): 0.0076
the test result of all tasks (r2): [0.07360194 0.30853194 0.28123158 0.03977385 0.09374829]
the average test result of all tasks (r2): 0.1594
the test result of all tasks (std): 0.1123
the test result of all tasks (var): 0.0126
Caco2_Perimeter_2044 time used:, 0:1:45
/root/data1/miniconda3/envs/CMMSGCL/lib/python3.8/site-packages/torch_geometric/data/in_memory_dataset.py:284: UserWarning: It is not recommended to directly access the internal storage format `data` of an 'InMemoryDataset'. If you are absolutely certain what you are doing, access the internal storage via `InMemoryDataset._data` instead to suppress this warning. Alternatively, you can access stacked individual attributes of every graph via `dataset.{attr_name}`.
  warnings.warn(msg)
/root/data1/miniconda3/envs/CMMSGCL/lib/python3.8/site-packages/torch_geometric/deprecation.py:22: UserWarning: 'data.DataLoader' is deprecated, use 'loader.DataLoader' instead
  warnings.warn(out)
/root/data1/miniconda3/envs/CMMSGCL/lib/python3.8/site-packages/torch_geometric/data/in_memory_dataset.py:284: UserWarning: It is not recommended to directly access the internal storage format `data` of an 'InMemoryDataset'. If you are absolutely certain what you are doing, access the internal storage via `InMemoryDataset._data` instead to suppress this warning. Alternatively, you can access stacked individual attributes of every graph via `dataset.{attr_name}`.
  warnings.warn(msg)
/root/data1/miniconda3/envs/CMMSGCL/lib/python3.8/site-packages/torch_geometric/deprecation.py:22: UserWarning: 'data.DataLoader' is deprecated, use 'loader.DataLoader' instead
  warnings.warn(out)
/root/data1/miniconda3/envs/CMMSGCL/lib/python3.8/site-packages/torch_geometric/data/in_memory_dataset.py:284: UserWarning: It is not recommended to directly access the internal storage format `data` of an 'InMemoryDataset'. If you are absolutely certain what you are doing, access the internal storage via `InMemoryDataset._data` instead to suppress this warning. Alternatively, you can access stacked individual attributes of every graph via `dataset.{attr_name}`.
  warnings.warn(msg)
/root/data1/miniconda3/envs/CMMSGCL/lib/python3.8/site-packages/torch_geometric/deprecation.py:22: UserWarning: 'data.DataLoader' is deprecated, use 'loader.DataLoader' instead
  warnings.warn(out)
/root/data1/miniconda3/envs/CMMSGCL/lib/python3.8/site-packages/torch_geometric/data/in_memory_dataset.py:284: UserWarning: It is not recommended to directly access the internal storage format `data` of an 'InMemoryDataset'. If you are absolutely certain what you are doing, access the internal storage via `InMemoryDataset._data` instead to suppress this warning. Alternatively, you can access stacked individual attributes of every graph via `dataset.{attr_name}`.
  warnings.warn(msg)
/root/data1/miniconda3/envs/CMMSGCL/lib/python3.8/site-packages/torch_geometric/deprecation.py:22: UserWarning: 'data.DataLoader' is deprecated, use 'loader.DataLoader' instead
  warnings.warn(out)
/root/data1/miniconda3/envs/CMMSGCL/lib/python3.8/site-packages/torch_geometric/data/in_memory_dataset.py:284: UserWarning: It is not recommended to directly access the internal storage format `data` of an 'InMemoryDataset'. If you are absolutely certain what you are doing, access the internal storage via `InMemoryDataset._data` instead to suppress this warning. Alternatively, you can access stacked individual attributes of every graph via `dataset.{attr_name}`.
  warnings.warn(msg)
/root/data1/miniconda3/envs/CMMSGCL/lib/python3.8/site-packages/torch_geometric/deprecation.py:22: UserWarning: 'data.DataLoader' is deprecated, use 'loader.DataLoader' instead
  warnings.warn(out)
Current seed: 2054, current split method: Perimeter, current task: Caco2
Learning rate:  0.0005
Epochs:  500
Current seed: 2024
Pre-processed data found: data/processed/Caco2_Perimeter_2054/Caco2_Perimeter_2054_train.pt, loading ...
Pre-processed data found: data/processed/Caco2_Perimeter_2054/Caco2_Perimeter_2054_valid.pt, loading ...
Pre-processed data found: data/processed/Caco2_Perimeter_2054/Caco2_Perimeter_2054_test.pt, loading ...
trainset mean:-5.15206241607666 std:0.7830649614334106
Training on 666 samples...
Train epoch: 1 [0/666 (0%)]	Loss: 1.633364
Make prediction for 666 samples...
Make prediction for 90 samples...
Make prediction for 86 samples...
Make prediction for 86 samples...
Epoch: 000, Train Loss: 1.6820, Metric: r2, Train: -0.0713, Val: -0.3165, best Val: -0.3165, Test: -0.7928
Training on 666 samples...
Train epoch: 2 [0/666 (0%)]	Loss: 1.802878
Make prediction for 666 samples...
Make prediction for 90 samples...
Make prediction for 86 samples...
Make prediction for 86 samples...
Epoch: 001, Train Loss: 1.6576, Metric: r2, Train: 0.0006, Val: -0.0245, best Val: -0.0245, Test: -0.2261
Training on 666 samples...
Train epoch: 3 [0/666 (0%)]	Loss: 1.669701
Make prediction for 666 samples...
Make prediction for 90 samples...
Make prediction for 86 samples...
EarlyStopping counter: 1 out of 30
Epoch: 002, Train Loss: 1.6190, Metric: r2, Train: 0.0075, Val: -0.0428, best Val: -0.0245, Test: -0.2740
Training on 666 samples...
Train epoch: 4 [0/666 (0%)]	Loss: 1.593523
Make prediction for 666 samples...
Make prediction for 90 samples...
Make prediction for 86 samples...
EarlyStopping counter: 2 out of 30
Epoch: 003, Train Loss: 1.6094, Metric: r2, Train: 0.0032, Val: -0.1218, best Val: -0.0245, Test: -0.4372
Training on 666 samples...
Train epoch: 5 [0/666 (0%)]	Loss: 1.641566
Make prediction for 666 samples...
Make prediction for 90 samples...
Make prediction for 86 samples...
EarlyStopping counter: 3 out of 30
Epoch: 004, Train Loss: 1.6124, Metric: r2, Train: 0.0155, Val: -0.0344, best Val: -0.0245, Test: -0.2274
Training on 666 samples...
Train epoch: 6 [0/666 (0%)]	Loss: 1.603713
Make prediction for 666 samples...
Make prediction for 90 samples...
Make prediction for 86 samples...
EarlyStopping counter: 4 out of 30
Epoch: 005, Train Loss: 1.5991, Metric: r2, Train: 0.0259, Val: -0.0472, best Val: -0.0245, Test: -0.2397
Training on 666 samples...
Train epoch: 7 [0/666 (0%)]	Loss: 1.577185
Make prediction for 666 samples...
Make prediction for 90 samples...
Make prediction for 86 samples...
EarlyStopping counter: 5 out of 30
Epoch: 006, Train Loss: 1.5888, Metric: r2, Train: 0.0295, Val: -0.1229, best Val: -0.0245, Test: -0.3632
Training on 666 samples...
Train epoch: 8 [0/666 (0%)]	Loss: 1.553330
Make prediction for 666 samples...
Make prediction for 90 samples...
Make prediction for 86 samples...
EarlyStopping counter: 6 out of 30
Epoch: 007, Train Loss: 1.5770, Metric: r2, Train: 0.0421, Val: -0.0813, best Val: -0.0245, Test: -0.1957
Training on 666 samples...
Train epoch: 9 [0/666 (0%)]	Loss: 1.541716
Make prediction for 666 samples...
Make prediction for 90 samples...
Make prediction for 86 samples...
EarlyStopping counter: 7 out of 30
Epoch: 008, Train Loss: 1.5642, Metric: r2, Train: 0.0620, Val: -0.0917, best Val: -0.0245, Test: -0.1315
Training on 666 samples...
Train epoch: 10 [0/666 (0%)]	Loss: 1.523040
Make prediction for 666 samples...
Make prediction for 90 samples...
Make prediction for 86 samples...
EarlyStopping counter: 8 out of 30
Epoch: 009, Train Loss: 1.5664, Metric: r2, Train: 0.0681, Val: -0.1650, best Val: -0.0245, Test: -0.2321
Training on 666 samples...
Train epoch: 11 [0/666 (0%)]	Loss: 1.709575
Make prediction for 666 samples...
Make prediction for 90 samples...
Make prediction for 86 samples...
EarlyStopping counter: 9 out of 30
Epoch: 010, Train Loss: 1.5519, Metric: r2, Train: 0.0768, Val: -0.1029, best Val: -0.0245, Test: -0.0840
Training on 666 samples...
Train epoch: 12 [0/666 (0%)]	Loss: 1.554647
Make prediction for 666 samples...
Make prediction for 90 samples...
Make prediction for 86 samples...
EarlyStopping counter: 10 out of 30
Epoch: 011, Train Loss: 1.5342, Metric: r2, Train: 0.1064, Val: -0.1594, best Val: -0.0245, Test: -0.1893
Training on 666 samples...
Train epoch: 13 [0/666 (0%)]	Loss: 1.575881
Make prediction for 666 samples...
Make prediction for 90 samples...
Make prediction for 86 samples...
EarlyStopping counter: 11 out of 30
Epoch: 012, Train Loss: 1.4988, Metric: r2, Train: 0.1547, Val: -0.0948, best Val: -0.0245, Test: 0.0296
Training on 666 samples...
Train epoch: 14 [0/666 (0%)]	Loss: 1.394935
Make prediction for 666 samples...
Make prediction for 90 samples...
Make prediction for 86 samples...
EarlyStopping counter: 12 out of 30
Epoch: 013, Train Loss: 1.4485, Metric: r2, Train: 0.2376, Val: -0.0846, best Val: -0.0245, Test: 0.1845
Training on 666 samples...
Train epoch: 15 [0/666 (0%)]	Loss: 1.346876
Make prediction for 666 samples...
Make prediction for 90 samples...
Make prediction for 86 samples...
EarlyStopping counter: 13 out of 30
Epoch: 014, Train Loss: 1.3684, Metric: r2, Train: 0.2388, Val: -0.1382, best Val: -0.0245, Test: 0.3967
Training on 666 samples...
Train epoch: 16 [0/666 (0%)]	Loss: 1.343966
Make prediction for 666 samples...
Make prediction for 90 samples...
Make prediction for 86 samples...
EarlyStopping counter: 14 out of 30
Epoch: 015, Train Loss: 1.3575, Metric: r2, Train: 0.3602, Val: -0.1741, best Val: -0.0245, Test: 0.5341
Training on 666 samples...
Train epoch: 17 [0/666 (0%)]	Loss: 1.250564
Make prediction for 666 samples...
Make prediction for 90 samples...
Make prediction for 86 samples...
EarlyStopping counter: 15 out of 30
Epoch: 016, Train Loss: 1.3126, Metric: r2, Train: 0.3492, Val: -0.1993, best Val: -0.0245, Test: 0.3255
Training on 666 samples...
Train epoch: 18 [0/666 (0%)]	Loss: 1.301471
Make prediction for 666 samples...
Make prediction for 90 samples...
Make prediction for 86 samples...
EarlyStopping counter: 16 out of 30
Epoch: 017, Train Loss: 1.2399, Metric: r2, Train: 0.4250, Val: -0.1861, best Val: -0.0245, Test: 0.6110
Training on 666 samples...
Train epoch: 19 [0/666 (0%)]	Loss: 1.207955
Make prediction for 666 samples...
Make prediction for 90 samples...
Make prediction for 86 samples...
EarlyStopping counter: 17 out of 30
Epoch: 018, Train Loss: 1.2009, Metric: r2, Train: 0.4561, Val: -0.1860, best Val: -0.0245, Test: 0.6381
Training on 666 samples...
Train epoch: 20 [0/666 (0%)]	Loss: 1.200025
Make prediction for 666 samples...
Make prediction for 90 samples...
Make prediction for 86 samples...
EarlyStopping counter: 18 out of 30
Epoch: 019, Train Loss: 1.1719, Metric: r2, Train: 0.4752, Val: -0.1446, best Val: -0.0245, Test: 0.5839
Training on 666 samples...
Train epoch: 21 [0/666 (0%)]	Loss: 1.121825
Make prediction for 666 samples...
Make prediction for 90 samples...
Make prediction for 86 samples...
EarlyStopping counter: 19 out of 30
Epoch: 020, Train Loss: 1.1314, Metric: r2, Train: 0.5063, Val: -0.1728, best Val: -0.0245, Test: 0.6504
Training on 666 samples...
Train epoch: 22 [0/666 (0%)]	Loss: 1.114206
Make prediction for 666 samples...
Make prediction for 90 samples...
Make prediction for 86 samples...
EarlyStopping counter: 20 out of 30
Epoch: 021, Train Loss: 1.1317, Metric: r2, Train: 0.4512, Val: -0.2954, best Val: -0.0245, Test: 0.5007
Training on 666 samples...
Train epoch: 23 [0/666 (0%)]	Loss: 1.108530
Make prediction for 666 samples...
Make prediction for 90 samples...
Make prediction for 86 samples...
EarlyStopping counter: 21 out of 30
Epoch: 022, Train Loss: 1.1332, Metric: r2, Train: 0.4478, Val: -0.1360, best Val: -0.0245, Test: 0.3584
Training on 666 samples...
Train epoch: 24 [0/666 (0%)]	Loss: 1.182792
Make prediction for 666 samples...
Make prediction for 90 samples...
Make prediction for 86 samples...
Make prediction for 86 samples...
Epoch: 023, Train Loss: 1.1623, Metric: r2, Train: 0.5345, Val: 0.0124, best Val: 0.0124, Test: 0.4784
Training on 666 samples...
Train epoch: 25 [0/666 (0%)]	Loss: 1.130067
Make prediction for 666 samples...
Make prediction for 90 samples...
Make prediction for 86 samples...
EarlyStopping counter: 1 out of 30
Epoch: 024, Train Loss: 1.1476, Metric: r2, Train: 0.5171, Val: -0.0347, best Val: 0.0124, Test: 0.4897
Training on 666 samples...
Train epoch: 26 [0/666 (0%)]	Loss: 1.158328
Make prediction for 666 samples...
Make prediction for 90 samples...
Make prediction for 86 samples...
EarlyStopping counter: 2 out of 30
Epoch: 025, Train Loss: 1.1040, Metric: r2, Train: 0.4995, Val: -0.0225, best Val: 0.0124, Test: 0.3981
Training on 666 samples...
Train epoch: 27 [0/666 (0%)]	Loss: 1.154505
Make prediction for 666 samples...
Make prediction for 90 samples...
Make prediction for 86 samples...
EarlyStopping counter: 3 out of 30
Epoch: 026, Train Loss: 1.1057, Metric: r2, Train: 0.5290, Val: -0.0960, best Val: 0.0124, Test: 0.4422
Training on 666 samples...
Train epoch: 28 [0/666 (0%)]	Loss: 1.119065
Make prediction for 666 samples...
Make prediction for 90 samples...
Make prediction for 86 samples...
EarlyStopping counter: 4 out of 30
Epoch: 027, Train Loss: 1.0772, Metric: r2, Train: 0.5381, Val: 0.0069, best Val: 0.0124, Test: 0.4694
Training on 666 samples...
Train epoch: 29 [0/666 (0%)]	Loss: 1.098222
Make prediction for 666 samples...
Make prediction for 90 samples...
Make prediction for 86 samples...
EarlyStopping counter: 5 out of 30
Epoch: 028, Train Loss: 1.0543, Metric: r2, Train: 0.5829, Val: -0.0322, best Val: 0.0124, Test: 0.4352
Training on 666 samples...
Train epoch: 30 [0/666 (0%)]	Loss: 1.018028
Make prediction for 666 samples...
Make prediction for 90 samples...
Make prediction for 86 samples...
Make prediction for 86 samples...
Epoch: 029, Train Loss: 1.0241, Metric: r2, Train: 0.6230, Val: 0.1095, best Val: 0.1095, Test: 0.5600
Training on 666 samples...
Train epoch: 31 [0/666 (0%)]	Loss: 1.034225
Make prediction for 666 samples...
Make prediction for 90 samples...
Make prediction for 86 samples...
Make prediction for 86 samples...
Epoch: 030, Train Loss: 1.0105, Metric: r2, Train: 0.6415, Val: 0.1288, best Val: 0.1288, Test: 0.5372
Training on 666 samples...
Train epoch: 32 [0/666 (0%)]	Loss: 0.965405
Make prediction for 666 samples...
Make prediction for 90 samples...
Make prediction for 86 samples...
Make prediction for 86 samples...
Epoch: 031, Train Loss: 0.9780, Metric: r2, Train: 0.6573, Val: 0.1477, best Val: 0.1477, Test: 0.4803
Training on 666 samples...
Train epoch: 33 [0/666 (0%)]	Loss: 1.009219
Make prediction for 666 samples...
Make prediction for 90 samples...
Make prediction for 86 samples...
Make prediction for 86 samples...
Epoch: 032, Train Loss: 0.9737, Metric: r2, Train: 0.6642, Val: 0.1759, best Val: 0.1759, Test: 0.4433
Training on 666 samples...
Train epoch: 34 [0/666 (0%)]	Loss: 1.009047
Make prediction for 666 samples...
Make prediction for 90 samples...
Make prediction for 86 samples...
Make prediction for 86 samples...
Epoch: 033, Train Loss: 0.9508, Metric: r2, Train: 0.6696, Val: 0.2032, best Val: 0.2032, Test: 0.4583
Training on 666 samples...
Train epoch: 35 [0/666 (0%)]	Loss: 0.978450
Make prediction for 666 samples...
Make prediction for 90 samples...
Make prediction for 86 samples...
EarlyStopping counter: 1 out of 30
Epoch: 034, Train Loss: 0.9467, Metric: r2, Train: 0.6669, Val: 0.1414, best Val: 0.2032, Test: 0.2919
Training on 666 samples...
Train epoch: 36 [0/666 (0%)]	Loss: 0.971027
Make prediction for 666 samples...
Make prediction for 90 samples...
Make prediction for 86 samples...
Make prediction for 86 samples...
Epoch: 035, Train Loss: 0.9482, Metric: r2, Train: 0.6966, Val: 0.2071, best Val: 0.2071, Test: 0.3598
Training on 666 samples...
Train epoch: 37 [0/666 (0%)]	Loss: 0.930446
Make prediction for 666 samples...
Make prediction for 90 samples...
Make prediction for 86 samples...
EarlyStopping counter: 1 out of 30
Epoch: 036, Train Loss: 0.9332, Metric: r2, Train: 0.7031, Val: 0.1960, best Val: 0.2071, Test: 0.3581
Training on 666 samples...
Train epoch: 38 [0/666 (0%)]	Loss: 0.949212
Make prediction for 666 samples...
Make prediction for 90 samples...
Make prediction for 86 samples...
EarlyStopping counter: 2 out of 30
Epoch: 037, Train Loss: 0.9317, Metric: r2, Train: 0.6644, Val: 0.0930, best Val: 0.2071, Test: 0.0889
Training on 666 samples...
Train epoch: 39 [0/666 (0%)]	Loss: 0.946079
Make prediction for 666 samples...
Make prediction for 90 samples...
Make prediction for 86 samples...
Make prediction for 86 samples...
Epoch: 038, Train Loss: 0.9571, Metric: r2, Train: 0.7195, Val: 0.2243, best Val: 0.2243, Test: 0.3442
Training on 666 samples...
Train epoch: 40 [0/666 (0%)]	Loss: 0.939669
Make prediction for 666 samples...
Make prediction for 90 samples...
Make prediction for 86 samples...
EarlyStopping counter: 1 out of 30
Epoch: 039, Train Loss: 0.9847, Metric: r2, Train: 0.6699, Val: 0.1988, best Val: 0.2243, Test: 0.3261
Training on 666 samples...
Train epoch: 41 [0/666 (0%)]	Loss: 0.969477
Make prediction for 666 samples...
Make prediction for 90 samples...
Make prediction for 86 samples...
Make prediction for 86 samples...
Epoch: 040, Train Loss: 0.9229, Metric: r2, Train: 0.7220, Val: 0.2279, best Val: 0.2279, Test: 0.3283
Training on 666 samples...
Train epoch: 42 [0/666 (0%)]	Loss: 0.919608
Make prediction for 666 samples...
Make prediction for 90 samples...
Make prediction for 86 samples...
Make prediction for 86 samples...
Epoch: 041, Train Loss: 0.9065, Metric: r2, Train: 0.7355, Val: 0.2285, best Val: 0.2285, Test: 0.3736
Training on 666 samples...
Train epoch: 43 [0/666 (0%)]	Loss: 0.872915
Make prediction for 666 samples...
Make prediction for 90 samples...
Make prediction for 86 samples...
EarlyStopping counter: 1 out of 30
Epoch: 042, Train Loss: 0.8917, Metric: r2, Train: 0.7146, Val: 0.2207, best Val: 0.2285, Test: 0.3723
Training on 666 samples...
Train epoch: 44 [0/666 (0%)]	Loss: 0.868336
Make prediction for 666 samples...
Make prediction for 90 samples...
Make prediction for 86 samples...
EarlyStopping counter: 2 out of 30
Epoch: 043, Train Loss: 0.8966, Metric: r2, Train: 0.7489, Val: 0.2218, best Val: 0.2285, Test: 0.3613
Training on 666 samples...
Train epoch: 45 [0/666 (0%)]	Loss: 0.901256
Make prediction for 666 samples...
Make prediction for 90 samples...
Make prediction for 86 samples...
EarlyStopping counter: 3 out of 30
Epoch: 044, Train Loss: 0.8931, Metric: r2, Train: 0.7304, Val: 0.1199, best Val: 0.2285, Test: 0.1677
Training on 666 samples...
Train epoch: 46 [0/666 (0%)]	Loss: 0.928345
Make prediction for 666 samples...
Make prediction for 90 samples...
Make prediction for 86 samples...
EarlyStopping counter: 4 out of 30
Epoch: 045, Train Loss: 0.8974, Metric: r2, Train: 0.7480, Val: 0.1757, best Val: 0.2285, Test: 0.2183
Training on 666 samples...
Train epoch: 47 [0/666 (0%)]	Loss: 0.888559
Make prediction for 666 samples...
Make prediction for 90 samples...
Make prediction for 86 samples...
Make prediction for 86 samples...
Epoch: 046, Train Loss: 0.8760, Metric: r2, Train: 0.7255, Val: 0.2746, best Val: 0.2746, Test: 0.3064
Training on 666 samples...
Train epoch: 48 [0/666 (0%)]	Loss: 0.923313
Make prediction for 666 samples...
Make prediction for 90 samples...
Make prediction for 86 samples...
Make prediction for 86 samples...
Epoch: 047, Train Loss: 0.8944, Metric: r2, Train: 0.7384, Val: 0.2832, best Val: 0.2832, Test: 0.3251
Training on 666 samples...
Train epoch: 49 [0/666 (0%)]	Loss: 0.876966
Make prediction for 666 samples...
Make prediction for 90 samples...
Make prediction for 86 samples...
EarlyStopping counter: 1 out of 30
Epoch: 048, Train Loss: 0.8855, Metric: r2, Train: 0.7621, Val: 0.2267, best Val: 0.2832, Test: 0.2439
Training on 666 samples...
Train epoch: 50 [0/666 (0%)]	Loss: 0.943583
Make prediction for 666 samples...
Make prediction for 90 samples...
Make prediction for 86 samples...
EarlyStopping counter: 2 out of 30
Epoch: 049, Train Loss: 0.8699, Metric: r2, Train: 0.7786, Val: 0.2647, best Val: 0.2832, Test: 0.2774
Training on 666 samples...
Train epoch: 51 [0/666 (0%)]	Loss: 0.853739
Make prediction for 666 samples...
Make prediction for 90 samples...
Make prediction for 86 samples...
Make prediction for 86 samples...
Epoch: 050, Train Loss: 0.8906, Metric: r2, Train: 0.7553, Val: 0.3326, best Val: 0.3326, Test: 0.2993
Training on 666 samples...
Train epoch: 52 [0/666 (0%)]	Loss: 0.885291
Make prediction for 666 samples...
Make prediction for 90 samples...
Make prediction for 86 samples...
Make prediction for 86 samples...
Epoch: 051, Train Loss: 0.8635, Metric: r2, Train: 0.7776, Val: 0.3517, best Val: 0.3517, Test: 0.3137
Training on 666 samples...
Train epoch: 53 [0/666 (0%)]	Loss: 0.884020
Make prediction for 666 samples...
Make prediction for 90 samples...
Make prediction for 86 samples...
EarlyStopping counter: 1 out of 30
Epoch: 052, Train Loss: 0.8408, Metric: r2, Train: 0.7664, Val: 0.2156, best Val: 0.3517, Test: 0.1612
Training on 666 samples...
Train epoch: 54 [0/666 (0%)]	Loss: 0.886575
Make prediction for 666 samples...
Make prediction for 90 samples...
Make prediction for 86 samples...
EarlyStopping counter: 2 out of 30
Epoch: 053, Train Loss: 0.8698, Metric: r2, Train: 0.7566, Val: 0.2278, best Val: 0.3517, Test: 0.0965
Training on 666 samples...
Train epoch: 55 [0/666 (0%)]	Loss: 0.881891
Make prediction for 666 samples...
Make prediction for 90 samples...
Make prediction for 86 samples...
Make prediction for 86 samples...
Epoch: 054, Train Loss: 0.8655, Metric: r2, Train: 0.7702, Val: 0.3901, best Val: 0.3901, Test: 0.2742
Training on 666 samples...
Train epoch: 56 [0/666 (0%)]	Loss: 0.883059
Make prediction for 666 samples...
Make prediction for 90 samples...
Make prediction for 86 samples...
EarlyStopping counter: 1 out of 30
Epoch: 055, Train Loss: 0.8509, Metric: r2, Train: 0.7876, Val: 0.3631, best Val: 0.3901, Test: 0.3344
Training on 666 samples...
Train epoch: 57 [0/666 (0%)]	Loss: 0.833614
Make prediction for 666 samples...
Make prediction for 90 samples...
Make prediction for 86 samples...
EarlyStopping counter: 2 out of 30
Epoch: 056, Train Loss: 0.8303, Metric: r2, Train: 0.8005, Val: 0.3109, best Val: 0.3901, Test: 0.2870
Training on 666 samples...
Train epoch: 58 [0/666 (0%)]	Loss: 0.826735
Make prediction for 666 samples...
Make prediction for 90 samples...
Make prediction for 86 samples...
EarlyStopping counter: 3 out of 30
Epoch: 057, Train Loss: 0.8165, Metric: r2, Train: 0.8113, Val: 0.3583, best Val: 0.3901, Test: 0.2740
Training on 666 samples...
Train epoch: 59 [0/666 (0%)]	Loss: 0.796767
Make prediction for 666 samples...
Make prediction for 90 samples...
Make prediction for 86 samples...
Make prediction for 86 samples...
Epoch: 058, Train Loss: 0.8120, Metric: r2, Train: 0.8033, Val: 0.4127, best Val: 0.4127, Test: 0.2544
Training on 666 samples...
Train epoch: 60 [0/666 (0%)]	Loss: 0.802740
Make prediction for 666 samples...
Make prediction for 90 samples...
Make prediction for 86 samples...
EarlyStopping counter: 1 out of 30
Epoch: 059, Train Loss: 0.8111, Metric: r2, Train: 0.8060, Val: 0.3654, best Val: 0.4127, Test: 0.1043
Training on 666 samples...
Train epoch: 61 [0/666 (0%)]	Loss: 0.825352
Make prediction for 666 samples...
Make prediction for 90 samples...
Make prediction for 86 samples...
EarlyStopping counter: 2 out of 30
Epoch: 060, Train Loss: 0.8230, Metric: r2, Train: 0.7989, Val: 0.3571, best Val: 0.4127, Test: 0.0890
Training on 666 samples...
Train epoch: 62 [0/666 (0%)]	Loss: 0.836880
Make prediction for 666 samples...
Make prediction for 90 samples...
Make prediction for 86 samples...
Make prediction for 86 samples...
Epoch: 061, Train Loss: 0.8155, Metric: r2, Train: 0.8301, Val: 0.4266, best Val: 0.4266, Test: 0.2440
Training on 666 samples...
Train epoch: 63 [0/666 (0%)]	Loss: 0.829125
Make prediction for 666 samples...
Make prediction for 90 samples...
Make prediction for 86 samples...
Make prediction for 86 samples...
Epoch: 062, Train Loss: 0.7993, Metric: r2, Train: 0.8231, Val: 0.4470, best Val: 0.4470, Test: 0.2911
Training on 666 samples...
Train epoch: 64 [0/666 (0%)]	Loss: 0.818474
Make prediction for 666 samples...
Make prediction for 90 samples...
Make prediction for 86 samples...
Make prediction for 86 samples...
Epoch: 063, Train Loss: 0.7992, Metric: r2, Train: 0.8355, Val: 0.4630, best Val: 0.4630, Test: 0.2541
Training on 666 samples...
Train epoch: 65 [0/666 (0%)]	Loss: 0.795198
Make prediction for 666 samples...
Make prediction for 90 samples...
Make prediction for 86 samples...
Make prediction for 86 samples...
Epoch: 064, Train Loss: 0.7872, Metric: r2, Train: 0.8390, Val: 0.4681, best Val: 0.4681, Test: 0.2085
Training on 666 samples...
Train epoch: 66 [0/666 (0%)]	Loss: 0.849909
Make prediction for 666 samples...
Make prediction for 90 samples...
Make prediction for 86 samples...
EarlyStopping counter: 1 out of 30
Epoch: 065, Train Loss: 0.7998, Metric: r2, Train: 0.8101, Val: 0.3433, best Val: 0.4681, Test: 0.1249
Training on 666 samples...
Train epoch: 67 [0/666 (0%)]	Loss: 0.816056
Make prediction for 666 samples...
Make prediction for 90 samples...
Make prediction for 86 samples...
EarlyStopping counter: 2 out of 30
Epoch: 066, Train Loss: 0.7928, Metric: r2, Train: 0.8311, Val: 0.4150, best Val: 0.4681, Test: 0.1965
Training on 666 samples...
Train epoch: 68 [0/666 (0%)]	Loss: 0.807311
Make prediction for 666 samples...
Make prediction for 90 samples...
Make prediction for 86 samples...
EarlyStopping counter: 3 out of 30
Epoch: 067, Train Loss: 0.8001, Metric: r2, Train: 0.8463, Val: 0.4372, best Val: 0.4681, Test: 0.2248
Training on 666 samples...
Train epoch: 69 [0/666 (0%)]	Loss: 0.779681
Make prediction for 666 samples...
Make prediction for 90 samples...
Make prediction for 86 samples...
EarlyStopping counter: 4 out of 30
Epoch: 068, Train Loss: 0.7796, Metric: r2, Train: 0.8493, Val: 0.3907, best Val: 0.4681, Test: 0.2472
Training on 666 samples...
Train epoch: 70 [0/666 (0%)]	Loss: 0.793688
Make prediction for 666 samples...
Make prediction for 90 samples...
Make prediction for 86 samples...
EarlyStopping counter: 5 out of 30
Epoch: 069, Train Loss: 0.7832, Metric: r2, Train: 0.8533, Val: 0.4225, best Val: 0.4681, Test: 0.2172
Training on 666 samples...
Train epoch: 71 [0/666 (0%)]	Loss: 0.788175
Make prediction for 666 samples...
Make prediction for 90 samples...
Make prediction for 86 samples...
EarlyStopping counter: 6 out of 30
Epoch: 070, Train Loss: 0.7706, Metric: r2, Train: 0.8556, Val: 0.4417, best Val: 0.4681, Test: 0.1430
Training on 666 samples...
Train epoch: 72 [0/666 (0%)]	Loss: 0.781354
Make prediction for 666 samples...
Make prediction for 90 samples...
Make prediction for 86 samples...
EarlyStopping counter: 7 out of 30
Epoch: 071, Train Loss: 0.7652, Metric: r2, Train: 0.8381, Val: 0.3650, best Val: 0.4681, Test: 0.0821
Training on 666 samples...
Train epoch: 73 [0/666 (0%)]	Loss: 0.807949
Make prediction for 666 samples...
Make prediction for 90 samples...
Make prediction for 86 samples...
EarlyStopping counter: 8 out of 30
Epoch: 072, Train Loss: 0.7918, Metric: r2, Train: 0.6500, Val: -0.1039, best Val: 0.4681, Test: -0.1139
Training on 666 samples...
Train epoch: 74 [0/666 (0%)]	Loss: 0.997026
Make prediction for 666 samples...
Make prediction for 90 samples...
Make prediction for 86 samples...
EarlyStopping counter: 9 out of 30
Epoch: 073, Train Loss: 0.9835, Metric: r2, Train: 0.6088, Val: -0.1460, best Val: 0.4681, Test: 0.0382
Training on 666 samples...
Train epoch: 75 [0/666 (0%)]	Loss: 1.061396
Make prediction for 666 samples...
Make prediction for 90 samples...
Make prediction for 86 samples...
EarlyStopping counter: 10 out of 30
Epoch: 074, Train Loss: 0.9363, Metric: r2, Train: 0.7008, Val: 0.3149, best Val: 0.4681, Test: -0.0330
Training on 666 samples...
Train epoch: 76 [0/666 (0%)]	Loss: 0.882975
Make prediction for 666 samples...
Make prediction for 90 samples...
Make prediction for 86 samples...
EarlyStopping counter: 11 out of 30
Epoch: 075, Train Loss: 0.8501, Metric: r2, Train: 0.8258, Val: 0.1858, best Val: 0.4681, Test: 0.2794
Training on 666 samples...
Train epoch: 77 [0/666 (0%)]	Loss: 0.799894
Make prediction for 666 samples...
Make prediction for 90 samples...
Make prediction for 86 samples...
EarlyStopping counter: 12 out of 30
Epoch: 076, Train Loss: 0.8075, Metric: r2, Train: 0.8271, Val: 0.0991, best Val: 0.4681, Test: 0.2370
Training on 666 samples...
Train epoch: 78 [0/666 (0%)]	Loss: 0.812440
Make prediction for 666 samples...
Make prediction for 90 samples...
Make prediction for 86 samples...
EarlyStopping counter: 13 out of 30
Epoch: 077, Train Loss: 0.7928, Metric: r2, Train: 0.8339, Val: 0.3188, best Val: 0.4681, Test: 0.2433
Training on 666 samples...
Train epoch: 79 [0/666 (0%)]	Loss: 0.799442
Make prediction for 666 samples...
Make prediction for 90 samples...
Make prediction for 86 samples...
EarlyStopping counter: 14 out of 30
Epoch: 078, Train Loss: 0.7913, Metric: r2, Train: 0.8341, Val: 0.3653, best Val: 0.4681, Test: 0.2061
Training on 666 samples...
Train epoch: 80 [0/666 (0%)]	Loss: 0.786330
Make prediction for 666 samples...
Make prediction for 90 samples...
Make prediction for 86 samples...
EarlyStopping counter: 15 out of 30
Epoch: 079, Train Loss: 0.7925, Metric: r2, Train: 0.8470, Val: 0.2915, best Val: 0.4681, Test: 0.2396
Training on 666 samples...
Train epoch: 81 [0/666 (0%)]	Loss: 0.807522
Make prediction for 666 samples...
Make prediction for 90 samples...
Make prediction for 86 samples...
EarlyStopping counter: 16 out of 30
Epoch: 080, Train Loss: 0.7834, Metric: r2, Train: 0.8466, Val: 0.2657, best Val: 0.4681, Test: 0.2739
Training on 666 samples...
Train epoch: 82 [0/666 (0%)]	Loss: 0.813078
Make prediction for 666 samples...
Make prediction for 90 samples...
Make prediction for 86 samples...
EarlyStopping counter: 17 out of 30
Epoch: 081, Train Loss: 0.7709, Metric: r2, Train: 0.8615, Val: 0.3799, best Val: 0.4681, Test: 0.2848
Training on 666 samples...
Train epoch: 83 [0/666 (0%)]	Loss: 0.773834
Make prediction for 666 samples...
Make prediction for 90 samples...
Make prediction for 86 samples...
EarlyStopping counter: 18 out of 30
Epoch: 082, Train Loss: 0.7717, Metric: r2, Train: 0.8594, Val: 0.3972, best Val: 0.4681, Test: 0.2337
Training on 666 samples...
Train epoch: 84 [0/666 (0%)]	Loss: 0.780751
Make prediction for 666 samples...
Make prediction for 90 samples...
Make prediction for 86 samples...
EarlyStopping counter: 19 out of 30
Epoch: 083, Train Loss: 0.7645, Metric: r2, Train: 0.8683, Val: 0.3699, best Val: 0.4681, Test: 0.2320
Training on 666 samples...
Train epoch: 85 [0/666 (0%)]	Loss: 0.774381
Make prediction for 666 samples...
Make prediction for 90 samples...
Make prediction for 86 samples...
EarlyStopping counter: 20 out of 30
Epoch: 084, Train Loss: 0.7607, Metric: r2, Train: 0.8628, Val: 0.3314, best Val: 0.4681, Test: 0.2090
Training on 666 samples...
Train epoch: 86 [0/666 (0%)]	Loss: 0.774822
Make prediction for 666 samples...
Make prediction for 90 samples...
Make prediction for 86 samples...
EarlyStopping counter: 21 out of 30
Epoch: 085, Train Loss: 0.7557, Metric: r2, Train: 0.8745, Val: 0.3611, best Val: 0.4681, Test: 0.2792
Training on 666 samples...
Train epoch: 87 [0/666 (0%)]	Loss: 0.782329
Make prediction for 666 samples...
Make prediction for 90 samples...
Make prediction for 86 samples...
EarlyStopping counter: 22 out of 30
Epoch: 086, Train Loss: 0.7491, Metric: r2, Train: 0.8637, Val: 0.3133, best Val: 0.4681, Test: 0.2554
Training on 666 samples...
Train epoch: 88 [0/666 (0%)]	Loss: 0.763951
Make prediction for 666 samples...
Make prediction for 90 samples...
Make prediction for 86 samples...
EarlyStopping counter: 23 out of 30
Epoch: 087, Train Loss: 0.7550, Metric: r2, Train: 0.8792, Val: 0.3891, best Val: 0.4681, Test: 0.2273
Training on 666 samples...
Train epoch: 89 [0/666 (0%)]	Loss: 0.754080
Make prediction for 666 samples...
Make prediction for 90 samples...
Make prediction for 86 samples...
EarlyStopping counter: 24 out of 30
Epoch: 088, Train Loss: 0.7502, Metric: r2, Train: 0.8783, Val: 0.3760, best Val: 0.4681, Test: 0.1817
Training on 666 samples...
Train epoch: 90 [0/666 (0%)]	Loss: 0.758085
Make prediction for 666 samples...
Make prediction for 90 samples...
Make prediction for 86 samples...
EarlyStopping counter: 25 out of 30
Epoch: 089, Train Loss: 0.7478, Metric: r2, Train: 0.8796, Val: 0.3918, best Val: 0.4681, Test: 0.1789
Training on 666 samples...
Train epoch: 91 [0/666 (0%)]	Loss: 0.739748
Make prediction for 666 samples...
Make prediction for 90 samples...
Make prediction for 86 samples...
EarlyStopping counter: 26 out of 30
Epoch: 090, Train Loss: 0.7594, Metric: r2, Train: 0.8652, Val: 0.3782, best Val: 0.4681, Test: 0.1640
Training on 666 samples...
Train epoch: 92 [0/666 (0%)]	Loss: 0.767860
Make prediction for 666 samples...
Make prediction for 90 samples...
Make prediction for 86 samples...
EarlyStopping counter: 27 out of 30
Epoch: 091, Train Loss: 0.7914, Metric: r2, Train: 0.8755, Val: 0.4039, best Val: 0.4681, Test: 0.1778
Training on 666 samples...
Train epoch: 93 [0/666 (0%)]	Loss: 0.762461
Make prediction for 666 samples...
Make prediction for 90 samples...
Make prediction for 86 samples...
EarlyStopping counter: 28 out of 30
Epoch: 092, Train Loss: 0.7732, Metric: r2, Train: 0.8590, Val: 0.4062, best Val: 0.4681, Test: 0.1656
Training on 666 samples...
Train epoch: 94 [0/666 (0%)]	Loss: 0.758718
Make prediction for 666 samples...
Make prediction for 90 samples...
Make prediction for 86 samples...
EarlyStopping counter: 29 out of 30
Epoch: 093, Train Loss: 0.7504, Metric: r2, Train: 0.8755, Val: 0.3938, best Val: 0.4681, Test: 0.2084
Training on 666 samples...
Train epoch: 95 [0/666 (0%)]	Loss: 0.754982
Make prediction for 666 samples...
Make prediction for 90 samples...
Make prediction for 86 samples...
EarlyStopping counter: 30 out of 30
Epoch: 094, Train Loss: 0.7512, Metric: r2, Train: 0.8870, Val: 0.3618, best Val: 0.4681, Test: 0.2507
out of patience!
******Caco2_Perimeter_2054, 1th_time_result******
train_result: 0.839
val_result: 0.4681
test_result: 0.2085
Current seed: 2034
Pre-processed data found: data/processed/Caco2_Perimeter_2054/Caco2_Perimeter_2054_train.pt, loading ...
Pre-processed data found: data/processed/Caco2_Perimeter_2054/Caco2_Perimeter_2054_valid.pt, loading ...
Pre-processed data found: data/processed/Caco2_Perimeter_2054/Caco2_Perimeter_2054_test.pt, loading ...
trainset mean:-5.15206241607666 std:0.7830649614334106
Training on 666 samples...
Train epoch: 1 [0/666 (0%)]	Loss: 1.721585
Make prediction for 666 samples...
Make prediction for 90 samples...
Make prediction for 86 samples...
Make prediction for 86 samples...
Epoch: 000, Train Loss: 1.6751, Metric: r2, Train: -0.0217, Val: 0.0001, best Val: 0.0001, Test: -0.1329
Training on 666 samples...
Train epoch: 2 [0/666 (0%)]	Loss: 1.624558
Make prediction for 666 samples...
Make prediction for 90 samples...
Make prediction for 86 samples...
EarlyStopping counter: 1 out of 30
Epoch: 001, Train Loss: 1.6201, Metric: r2, Train: -0.0169, Val: -0.1710, best Val: 0.0001, Test: -0.5517
Training on 666 samples...
Train epoch: 3 [0/666 (0%)]	Loss: 1.687269
Make prediction for 666 samples...
Make prediction for 90 samples...
Make prediction for 86 samples...
EarlyStopping counter: 2 out of 30
Epoch: 002, Train Loss: 1.6233, Metric: r2, Train: 0.0075, Val: -0.0195, best Val: 0.0001, Test: -0.2075
Training on 666 samples...
Train epoch: 4 [0/666 (0%)]	Loss: 1.613376
Make prediction for 666 samples...
Make prediction for 90 samples...
Make prediction for 86 samples...
EarlyStopping counter: 3 out of 30
Epoch: 003, Train Loss: 1.6057, Metric: r2, Train: 0.0206, Val: -0.0334, best Val: 0.0001, Test: -0.2233
Training on 666 samples...
Train epoch: 5 [0/666 (0%)]	Loss: 1.548478
Make prediction for 666 samples...
Make prediction for 90 samples...
Make prediction for 86 samples...
EarlyStopping counter: 4 out of 30
Epoch: 004, Train Loss: 1.5887, Metric: r2, Train: 0.0333, Val: -0.0533, best Val: 0.0001, Test: -0.2405
Training on 666 samples...
Train epoch: 6 [0/666 (0%)]	Loss: 1.659422
Make prediction for 666 samples...
Make prediction for 90 samples...
Make prediction for 86 samples...
EarlyStopping counter: 5 out of 30
Epoch: 005, Train Loss: 1.5862, Metric: r2, Train: 0.0416, Val: -0.0353, best Val: 0.0001, Test: -0.1424
Training on 666 samples...
Train epoch: 7 [0/666 (0%)]	Loss: 1.611117
Make prediction for 666 samples...
Make prediction for 90 samples...
Make prediction for 86 samples...
EarlyStopping counter: 6 out of 30
Epoch: 006, Train Loss: 1.5635, Metric: r2, Train: 0.0640, Val: -0.0661, best Val: 0.0001, Test: -0.1299
Training on 666 samples...
Train epoch: 8 [0/666 (0%)]	Loss: 1.520557
Make prediction for 666 samples...
Make prediction for 90 samples...
Make prediction for 86 samples...
EarlyStopping counter: 7 out of 30
Epoch: 007, Train Loss: 1.5533, Metric: r2, Train: 0.0808, Val: -0.0580, best Val: 0.0001, Test: 0.0301
Training on 666 samples...
Train epoch: 9 [0/666 (0%)]	Loss: 1.588904
Make prediction for 666 samples...
Make prediction for 90 samples...
Make prediction for 86 samples...
EarlyStopping counter: 8 out of 30
Epoch: 008, Train Loss: 1.5582, Metric: r2, Train: 0.1050, Val: -0.1534, best Val: 0.0001, Test: -0.1284
Training on 666 samples...
Train epoch: 10 [0/666 (0%)]	Loss: 1.477676
Make prediction for 666 samples...
Make prediction for 90 samples...
Make prediction for 86 samples...
EarlyStopping counter: 9 out of 30
Epoch: 009, Train Loss: 1.5070, Metric: r2, Train: 0.1340, Val: -0.0338, best Val: 0.0001, Test: 0.1814
Training on 666 samples...
Train epoch: 11 [0/666 (0%)]	Loss: 1.531681
Make prediction for 666 samples...
Make prediction for 90 samples...
Make prediction for 86 samples...
EarlyStopping counter: 10 out of 30
Epoch: 010, Train Loss: 1.4647, Metric: r2, Train: 0.2067, Val: -0.0488, best Val: 0.0001, Test: 0.2325
Training on 666 samples...
Train epoch: 12 [0/666 (0%)]	Loss: 1.330913
Make prediction for 666 samples...
Make prediction for 90 samples...
Make prediction for 86 samples...
EarlyStopping counter: 11 out of 30
Epoch: 011, Train Loss: 1.3816, Metric: r2, Train: 0.2496, Val: -0.0579, best Val: 0.0001, Test: 0.4346
Training on 666 samples...
Train epoch: 13 [0/666 (0%)]	Loss: 1.462394
Make prediction for 666 samples...
Make prediction for 90 samples...
Make prediction for 86 samples...
EarlyStopping counter: 12 out of 30
Epoch: 012, Train Loss: 1.3616, Metric: r2, Train: 0.3553, Val: -0.1125, best Val: 0.0001, Test: 0.5297
Training on 666 samples...
Train epoch: 14 [0/666 (0%)]	Loss: 1.344646
Make prediction for 666 samples...
Make prediction for 90 samples...
Make prediction for 86 samples...
EarlyStopping counter: 13 out of 30
Epoch: 013, Train Loss: 1.2861, Metric: r2, Train: 0.2621, Val: -0.2951, best Val: 0.0001, Test: 0.3341
Training on 666 samples...
Train epoch: 15 [0/666 (0%)]	Loss: 1.320297
Make prediction for 666 samples...
Make prediction for 90 samples...
Make prediction for 86 samples...
EarlyStopping counter: 14 out of 30
Epoch: 014, Train Loss: 1.2966, Metric: r2, Train: 0.4098, Val: -0.2114, best Val: 0.0001, Test: 0.6126
Training on 666 samples...
Train epoch: 16 [0/666 (0%)]	Loss: 1.225838
Make prediction for 666 samples...
Make prediction for 90 samples...
Make prediction for 86 samples...
EarlyStopping counter: 15 out of 30
Epoch: 015, Train Loss: 1.2128, Metric: r2, Train: 0.4125, Val: -0.2992, best Val: 0.0001, Test: 0.6122
Training on 666 samples...
Train epoch: 17 [0/666 (0%)]	Loss: 1.237971
Make prediction for 666 samples...
Make prediction for 90 samples...
Make prediction for 86 samples...
EarlyStopping counter: 16 out of 30
Epoch: 016, Train Loss: 1.1917, Metric: r2, Train: 0.4388, Val: -0.2765, best Val: 0.0001, Test: 0.6322
Training on 666 samples...
Train epoch: 18 [0/666 (0%)]	Loss: 1.295220
Make prediction for 666 samples...
Make prediction for 90 samples...
Make prediction for 86 samples...
EarlyStopping counter: 17 out of 30
Epoch: 017, Train Loss: 1.1967, Metric: r2, Train: 0.4645, Val: -0.2931, best Val: 0.0001, Test: 0.6602
Training on 666 samples...
Train epoch: 19 [0/666 (0%)]	Loss: 1.186689
Make prediction for 666 samples...
Make prediction for 90 samples...
Make prediction for 86 samples...
EarlyStopping counter: 18 out of 30
Epoch: 018, Train Loss: 1.1439, Metric: r2, Train: 0.5078, Val: -0.3199, best Val: 0.0001, Test: 0.6884
Training on 666 samples...
Train epoch: 20 [0/666 (0%)]	Loss: 1.178699
Make prediction for 666 samples...
Make prediction for 90 samples...
Make prediction for 86 samples...
EarlyStopping counter: 19 out of 30
Epoch: 019, Train Loss: 1.1527, Metric: r2, Train: 0.5111, Val: -0.3353, best Val: 0.0001, Test: 0.5958
Training on 666 samples...
Train epoch: 21 [0/666 (0%)]	Loss: 1.146627
Make prediction for 666 samples...
Make prediction for 90 samples...
Make prediction for 86 samples...
EarlyStopping counter: 20 out of 30
Epoch: 020, Train Loss: 1.1110, Metric: r2, Train: 0.5347, Val: -0.2997, best Val: 0.0001, Test: 0.5516
Training on 666 samples...
Train epoch: 22 [0/666 (0%)]	Loss: 1.129433
Make prediction for 666 samples...
Make prediction for 90 samples...
Make prediction for 86 samples...
EarlyStopping counter: 21 out of 30
Epoch: 021, Train Loss: 1.0896, Metric: r2, Train: 0.5176, Val: -0.3279, best Val: 0.0001, Test: 0.4198
Training on 666 samples...
Train epoch: 23 [0/666 (0%)]	Loss: 1.182463
Make prediction for 666 samples...
Make prediction for 90 samples...
Make prediction for 86 samples...
EarlyStopping counter: 22 out of 30
Epoch: 022, Train Loss: 1.0937, Metric: r2, Train: 0.5833, Val: -0.2031, best Val: 0.0001, Test: 0.5317
Training on 666 samples...
Train epoch: 24 [0/666 (0%)]	Loss: 1.041586
Make prediction for 666 samples...
Make prediction for 90 samples...
Make prediction for 86 samples...
EarlyStopping counter: 23 out of 30
Epoch: 023, Train Loss: 1.0335, Metric: r2, Train: 0.6090, Val: -0.1205, best Val: 0.0001, Test: 0.5887
Training on 666 samples...
Train epoch: 25 [0/666 (0%)]	Loss: 1.101597
Make prediction for 666 samples...
Make prediction for 90 samples...
Make prediction for 86 samples...
EarlyStopping counter: 24 out of 30
Epoch: 024, Train Loss: 1.0451, Metric: r2, Train: 0.6319, Val: -0.0441, best Val: 0.0001, Test: 0.5951
Training on 666 samples...
Train epoch: 26 [0/666 (0%)]	Loss: 1.000649
Make prediction for 666 samples...
Make prediction for 90 samples...
Make prediction for 86 samples...
EarlyStopping counter: 25 out of 30
Epoch: 025, Train Loss: 1.0981, Metric: r2, Train: 0.5140, Val: -0.0757, best Val: 0.0001, Test: 0.4606
Training on 666 samples...
Train epoch: 27 [0/666 (0%)]	Loss: 1.001594
Make prediction for 666 samples...
Make prediction for 90 samples...
Make prediction for 86 samples...
Make prediction for 86 samples...
Epoch: 026, Train Loss: 1.0687, Metric: r2, Train: 0.6279, Val: 0.0833, best Val: 0.0833, Test: 0.5597
Training on 666 samples...
Train epoch: 28 [0/666 (0%)]	Loss: 0.977517
Make prediction for 666 samples...
Make prediction for 90 samples...
Make prediction for 86 samples...
EarlyStopping counter: 1 out of 30
Epoch: 027, Train Loss: 1.0395, Metric: r2, Train: 0.6277, Val: 0.0402, best Val: 0.0833, Test: 0.5504
Training on 666 samples...
Train epoch: 29 [0/666 (0%)]	Loss: 0.951303
Make prediction for 666 samples...
Make prediction for 90 samples...
Make prediction for 86 samples...
EarlyStopping counter: 2 out of 30
Epoch: 028, Train Loss: 1.0265, Metric: r2, Train: 0.5821, Val: 0.0581, best Val: 0.0833, Test: 0.5167
Training on 666 samples...
Train epoch: 30 [0/666 (0%)]	Loss: 1.058048
Make prediction for 666 samples...
Make prediction for 90 samples...
Make prediction for 86 samples...
EarlyStopping counter: 3 out of 30
Epoch: 029, Train Loss: 1.0502, Metric: r2, Train: 0.5894, Val: -0.1726, best Val: 0.0833, Test: 0.3798
Training on 666 samples...
Train epoch: 31 [0/666 (0%)]	Loss: 1.028208
Make prediction for 666 samples...
Make prediction for 90 samples...
Make prediction for 86 samples...
EarlyStopping counter: 4 out of 30
Epoch: 030, Train Loss: 1.0064, Metric: r2, Train: 0.6016, Val: 0.0445, best Val: 0.0833, Test: 0.5278
Training on 666 samples...
Train epoch: 32 [0/666 (0%)]	Loss: 1.024368
Make prediction for 666 samples...
Make prediction for 90 samples...
Make prediction for 86 samples...
EarlyStopping counter: 5 out of 30
Epoch: 031, Train Loss: 1.0034, Metric: r2, Train: 0.6801, Val: 0.0214, best Val: 0.0833, Test: 0.5448
Training on 666 samples...
Train epoch: 33 [0/666 (0%)]	Loss: 1.002171
Make prediction for 666 samples...
Make prediction for 90 samples...
Make prediction for 86 samples...
EarlyStopping counter: 6 out of 30
Epoch: 032, Train Loss: 0.9537, Metric: r2, Train: 0.6897, Val: 0.0524, best Val: 0.0833, Test: 0.5109
Training on 666 samples...
Train epoch: 34 [0/666 (0%)]	Loss: 0.924891
Make prediction for 666 samples...
Make prediction for 90 samples...
Make prediction for 86 samples...
EarlyStopping counter: 7 out of 30
Epoch: 033, Train Loss: 0.9664, Metric: r2, Train: 0.6193, Val: 0.0461, best Val: 0.0833, Test: 0.4467
Training on 666 samples...
Train epoch: 35 [0/666 (0%)]	Loss: 1.034469
Make prediction for 666 samples...
Make prediction for 90 samples...
Make prediction for 86 samples...
EarlyStopping counter: 8 out of 30
Epoch: 034, Train Loss: 0.9875, Metric: r2, Train: 0.6723, Val: -0.0271, best Val: 0.0833, Test: 0.3726
Training on 666 samples...
Train epoch: 36 [0/666 (0%)]	Loss: 0.935637
Make prediction for 666 samples...
Make prediction for 90 samples...
Make prediction for 86 samples...
Make prediction for 86 samples...
Epoch: 035, Train Loss: 0.9331, Metric: r2, Train: 0.7033, Val: 0.1098, best Val: 0.1098, Test: 0.5488
Training on 666 samples...
Train epoch: 37 [0/666 (0%)]	Loss: 0.919610
Make prediction for 666 samples...
Make prediction for 90 samples...
Make prediction for 86 samples...
EarlyStopping counter: 1 out of 30
Epoch: 036, Train Loss: 0.9108, Metric: r2, Train: 0.7150, Val: 0.0184, best Val: 0.1098, Test: 0.4581
Training on 666 samples...
Train epoch: 38 [0/666 (0%)]	Loss: 0.943454
Make prediction for 666 samples...
Make prediction for 90 samples...
Make prediction for 86 samples...
EarlyStopping counter: 2 out of 30
Epoch: 037, Train Loss: 0.9224, Metric: r2, Train: 0.7239, Val: 0.0739, best Val: 0.1098, Test: 0.4083
Training on 666 samples...
Train epoch: 39 [0/666 (0%)]	Loss: 0.942917
Make prediction for 666 samples...
Make prediction for 90 samples...
Make prediction for 86 samples...
Make prediction for 86 samples...
Epoch: 038, Train Loss: 0.9055, Metric: r2, Train: 0.7389, Val: 0.1957, best Val: 0.1957, Test: 0.4373
Training on 666 samples...
Train epoch: 40 [0/666 (0%)]	Loss: 0.932766
Make prediction for 666 samples...
Make prediction for 90 samples...
Make prediction for 86 samples...
Make prediction for 86 samples...
Epoch: 039, Train Loss: 0.8893, Metric: r2, Train: 0.7082, Val: 0.1973, best Val: 0.1973, Test: 0.4222
Training on 666 samples...
Train epoch: 41 [0/666 (0%)]	Loss: 0.942820
Make prediction for 666 samples...
Make prediction for 90 samples...
Make prediction for 86 samples...
EarlyStopping counter: 1 out of 30
Epoch: 040, Train Loss: 0.8984, Metric: r2, Train: 0.7527, Val: 0.1864, best Val: 0.1973, Test: 0.4629
Training on 666 samples...
Train epoch: 42 [0/666 (0%)]	Loss: 0.875739
Make prediction for 666 samples...
Make prediction for 90 samples...
Make prediction for 86 samples...
EarlyStopping counter: 2 out of 30
Epoch: 041, Train Loss: 0.8957, Metric: r2, Train: 0.7462, Val: 0.1238, best Val: 0.1973, Test: 0.4033
Training on 666 samples...
Train epoch: 43 [0/666 (0%)]	Loss: 0.888491
Make prediction for 666 samples...
Make prediction for 90 samples...
Make prediction for 86 samples...
Make prediction for 86 samples...
Epoch: 042, Train Loss: 0.8687, Metric: r2, Train: 0.7443, Val: 0.2341, best Val: 0.2341, Test: 0.4340
Training on 666 samples...
Train epoch: 44 [0/666 (0%)]	Loss: 0.908487
Make prediction for 666 samples...
Make prediction for 90 samples...
Make prediction for 86 samples...
Make prediction for 86 samples...
Epoch: 043, Train Loss: 0.8733, Metric: r2, Train: 0.7534, Val: 0.2665, best Val: 0.2665, Test: 0.4203
Training on 666 samples...
Train epoch: 45 [0/666 (0%)]	Loss: 0.895761
Make prediction for 666 samples...
Make prediction for 90 samples...
Make prediction for 86 samples...
EarlyStopping counter: 1 out of 30
Epoch: 044, Train Loss: 0.8813, Metric: r2, Train: 0.7781, Val: 0.2315, best Val: 0.2665, Test: 0.4275
Training on 666 samples...
Train epoch: 46 [0/666 (0%)]	Loss: 0.847883
Make prediction for 666 samples...
Make prediction for 90 samples...
Make prediction for 86 samples...
EarlyStopping counter: 2 out of 30
Epoch: 045, Train Loss: 0.8640, Metric: r2, Train: 0.7229, Val: 0.0314, best Val: 0.2665, Test: 0.2494
Training on 666 samples...
Train epoch: 47 [0/666 (0%)]	Loss: 0.970442
Make prediction for 666 samples...
Make prediction for 90 samples...
Make prediction for 86 samples...
EarlyStopping counter: 3 out of 30
Epoch: 046, Train Loss: 0.9006, Metric: r2, Train: 0.7710, Val: 0.1963, best Val: 0.2665, Test: 0.3568
Training on 666 samples...
Train epoch: 48 [0/666 (0%)]	Loss: 0.855999
Make prediction for 666 samples...
Make prediction for 90 samples...
Make prediction for 86 samples...
EarlyStopping counter: 4 out of 30
Epoch: 047, Train Loss: 0.8538, Metric: r2, Train: 0.7673, Val: 0.2618, best Val: 0.2665, Test: 0.3818
Training on 666 samples...
Train epoch: 49 [0/666 (0%)]	Loss: 0.912050
Make prediction for 666 samples...
Make prediction for 90 samples...
Make prediction for 86 samples...
EarlyStopping counter: 5 out of 30
Epoch: 048, Train Loss: 0.8544, Metric: r2, Train: 0.7716, Val: 0.2270, best Val: 0.2665, Test: 0.4407
Training on 666 samples...
Train epoch: 50 [0/666 (0%)]	Loss: 0.847881
Make prediction for 666 samples...
Make prediction for 90 samples...
Make prediction for 86 samples...
EarlyStopping counter: 6 out of 30
Epoch: 049, Train Loss: 0.8722, Metric: r2, Train: 0.7737, Val: 0.2484, best Val: 0.2665, Test: 0.4457
Training on 666 samples...
Train epoch: 51 [0/666 (0%)]	Loss: 0.875986
Make prediction for 666 samples...
Make prediction for 90 samples...
Make prediction for 86 samples...
EarlyStopping counter: 7 out of 30
Epoch: 050, Train Loss: 0.8620, Metric: r2, Train: 0.7257, Val: 0.0488, best Val: 0.2665, Test: 0.2956
Training on 666 samples...
Train epoch: 52 [0/666 (0%)]	Loss: 0.922357
Make prediction for 666 samples...
Make prediction for 90 samples...
Make prediction for 86 samples...
Make prediction for 86 samples...
Epoch: 051, Train Loss: 0.8744, Metric: r2, Train: 0.7976, Val: 0.3122, best Val: 0.3122, Test: 0.4696
Training on 666 samples...
Train epoch: 53 [0/666 (0%)]	Loss: 0.844680
Make prediction for 666 samples...
Make prediction for 90 samples...
Make prediction for 86 samples...
EarlyStopping counter: 1 out of 30
Epoch: 052, Train Loss: 0.8447, Metric: r2, Train: 0.7948, Val: 0.2929, best Val: 0.3122, Test: 0.4997
Training on 666 samples...
Train epoch: 54 [0/666 (0%)]	Loss: 0.833524
Make prediction for 666 samples...
Make prediction for 90 samples...
Make prediction for 86 samples...
EarlyStopping counter: 2 out of 30
Epoch: 053, Train Loss: 0.8306, Metric: r2, Train: 0.8112, Val: 0.2234, best Val: 0.3122, Test: 0.4956
Training on 666 samples...
Train epoch: 55 [0/666 (0%)]	Loss: 0.820776
Make prediction for 666 samples...
Make prediction for 90 samples...
Make prediction for 86 samples...
EarlyStopping counter: 3 out of 30
Epoch: 054, Train Loss: 0.8114, Metric: r2, Train: 0.8157, Val: 0.2347, best Val: 0.3122, Test: 0.4301
Training on 666 samples...
Train epoch: 56 [0/666 (0%)]	Loss: 0.824986
Make prediction for 666 samples...
Make prediction for 90 samples...
Make prediction for 86 samples...
EarlyStopping counter: 4 out of 30
Epoch: 055, Train Loss: 0.8073, Metric: r2, Train: 0.8146, Val: 0.2713, best Val: 0.3122, Test: 0.3633
Training on 666 samples...
Train epoch: 57 [0/666 (0%)]	Loss: 0.816854
Make prediction for 666 samples...
Make prediction for 90 samples...
Make prediction for 86 samples...
EarlyStopping counter: 5 out of 30
Epoch: 056, Train Loss: 0.8176, Metric: r2, Train: 0.8257, Val: 0.3111, best Val: 0.3122, Test: 0.4286
Training on 666 samples...
Train epoch: 58 [0/666 (0%)]	Loss: 0.806768
Make prediction for 666 samples...
Make prediction for 90 samples...
Make prediction for 86 samples...
EarlyStopping counter: 6 out of 30
Epoch: 057, Train Loss: 0.8063, Metric: r2, Train: 0.7957, Val: 0.2911, best Val: 0.3122, Test: 0.4654
Training on 666 samples...
Train epoch: 59 [0/666 (0%)]	Loss: 0.850979
Make prediction for 666 samples...
Make prediction for 90 samples...
Make prediction for 86 samples...
Make prediction for 86 samples...
Epoch: 058, Train Loss: 0.8205, Metric: r2, Train: 0.8160, Val: 0.3173, best Val: 0.3173, Test: 0.4602
Training on 666 samples...
Train epoch: 60 [0/666 (0%)]	Loss: 0.827330
Make prediction for 666 samples...
Make prediction for 90 samples...
Make prediction for 86 samples...
EarlyStopping counter: 1 out of 30
Epoch: 059, Train Loss: 0.8045, Metric: r2, Train: 0.8339, Val: 0.2741, best Val: 0.3173, Test: 0.4083
Training on 666 samples...
Train epoch: 61 [0/666 (0%)]	Loss: 0.794614
Make prediction for 666 samples...
Make prediction for 90 samples...
Make prediction for 86 samples...
EarlyStopping counter: 2 out of 30
Epoch: 060, Train Loss: 0.7953, Metric: r2, Train: 0.8310, Val: 0.2248, best Val: 0.3173, Test: 0.4132
Training on 666 samples...
Train epoch: 62 [0/666 (0%)]	Loss: 0.801500
Make prediction for 666 samples...
Make prediction for 90 samples...
Make prediction for 86 samples...
EarlyStopping counter: 3 out of 30
Epoch: 061, Train Loss: 0.8058, Metric: r2, Train: 0.8098, Val: 0.1879, best Val: 0.3173, Test: 0.3556
Training on 666 samples...
Train epoch: 63 [0/666 (0%)]	Loss: 0.813957
Make prediction for 666 samples...
Make prediction for 90 samples...
Make prediction for 86 samples...
Make prediction for 86 samples...
Epoch: 062, Train Loss: 0.8010, Metric: r2, Train: 0.8439, Val: 0.3588, best Val: 0.3588, Test: 0.4468
Training on 666 samples...
Train epoch: 64 [0/666 (0%)]	Loss: 0.775851
Make prediction for 666 samples...
Make prediction for 90 samples...
Make prediction for 86 samples...
EarlyStopping counter: 1 out of 30
Epoch: 063, Train Loss: 0.7777, Metric: r2, Train: 0.8478, Val: 0.3351, best Val: 0.3588, Test: 0.4813
Training on 666 samples...
Train epoch: 65 [0/666 (0%)]	Loss: 0.798467
Make prediction for 666 samples...
Make prediction for 90 samples...
Make prediction for 86 samples...
EarlyStopping counter: 2 out of 30
Epoch: 064, Train Loss: 0.7909, Metric: r2, Train: 0.8237, Val: 0.3055, best Val: 0.3588, Test: 0.4625
Training on 666 samples...
Train epoch: 66 [0/666 (0%)]	Loss: 0.798801
Make prediction for 666 samples...
Make prediction for 90 samples...
Make prediction for 86 samples...
Make prediction for 86 samples...
Epoch: 065, Train Loss: 0.7826, Metric: r2, Train: 0.8552, Val: 0.3702, best Val: 0.3702, Test: 0.4297
Training on 666 samples...
Train epoch: 67 [0/666 (0%)]	Loss: 0.800101
Make prediction for 666 samples...
Make prediction for 90 samples...
Make prediction for 86 samples...
EarlyStopping counter: 1 out of 30
Epoch: 066, Train Loss: 0.7802, Metric: r2, Train: 0.8471, Val: 0.2942, best Val: 0.3702, Test: 0.4393
Training on 666 samples...
Train epoch: 68 [0/666 (0%)]	Loss: 0.811425
Make prediction for 666 samples...
Make prediction for 90 samples...
Make prediction for 86 samples...
EarlyStopping counter: 2 out of 30
Epoch: 067, Train Loss: 0.7820, Metric: r2, Train: 0.7932, Val: 0.0837, best Val: 0.3702, Test: 0.3277
Training on 666 samples...
Train epoch: 69 [0/666 (0%)]	Loss: 0.853093
Make prediction for 666 samples...
Make prediction for 90 samples...
Make prediction for 86 samples...
EarlyStopping counter: 3 out of 30
Epoch: 068, Train Loss: 0.7981, Metric: r2, Train: 0.8506, Val: 0.2243, best Val: 0.3702, Test: 0.4675
Training on 666 samples...
Train epoch: 70 [0/666 (0%)]	Loss: 0.782059
Make prediction for 666 samples...
Make prediction for 90 samples...
Make prediction for 86 samples...
EarlyStopping counter: 4 out of 30
Epoch: 069, Train Loss: 0.7764, Metric: r2, Train: 0.8453, Val: 0.1994, best Val: 0.3702, Test: 0.4326
Training on 666 samples...
Train epoch: 71 [0/666 (0%)]	Loss: 0.796053
Make prediction for 666 samples...
Make prediction for 90 samples...
Make prediction for 86 samples...
EarlyStopping counter: 5 out of 30
Epoch: 070, Train Loss: 0.7748, Metric: r2, Train: 0.8424, Val: 0.1963, best Val: 0.3702, Test: 0.3619
Training on 666 samples...
Train epoch: 72 [0/666 (0%)]	Loss: 0.769232
Make prediction for 666 samples...
Make prediction for 90 samples...
Make prediction for 86 samples...
EarlyStopping counter: 6 out of 30
Epoch: 071, Train Loss: 0.7733, Metric: r2, Train: 0.8676, Val: 0.2752, best Val: 0.3702, Test: 0.4346
Training on 666 samples...
Train epoch: 73 [0/666 (0%)]	Loss: 0.750893
Make prediction for 666 samples...
Make prediction for 90 samples...
Make prediction for 86 samples...
EarlyStopping counter: 7 out of 30
Epoch: 072, Train Loss: 0.8017, Metric: r2, Train: 0.8124, Val: 0.2338, best Val: 0.3702, Test: 0.3864
Training on 666 samples...
Train epoch: 74 [0/666 (0%)]	Loss: 0.830054
Make prediction for 666 samples...
Make prediction for 90 samples...
Make prediction for 86 samples...
EarlyStopping counter: 8 out of 30
Epoch: 073, Train Loss: 0.8002, Metric: r2, Train: 0.8331, Val: 0.2708, best Val: 0.3702, Test: 0.4208
Training on 666 samples...
Train epoch: 75 [0/666 (0%)]	Loss: 0.814516
Make prediction for 666 samples...
Make prediction for 90 samples...
Make prediction for 86 samples...
EarlyStopping counter: 9 out of 30
Epoch: 074, Train Loss: 0.7795, Metric: r2, Train: 0.8508, Val: 0.2747, best Val: 0.3702, Test: 0.4707
Training on 666 samples...
Train epoch: 76 [0/666 (0%)]	Loss: 0.783670
Make prediction for 666 samples...
Make prediction for 90 samples...
Make prediction for 86 samples...
EarlyStopping counter: 10 out of 30
Epoch: 075, Train Loss: 0.7821, Metric: r2, Train: 0.8719, Val: 0.2324, best Val: 0.3702, Test: 0.4682
Training on 666 samples...
Train epoch: 77 [0/666 (0%)]	Loss: 0.781652
Make prediction for 666 samples...
Make prediction for 90 samples...
Make prediction for 86 samples...
EarlyStopping counter: 11 out of 30
Epoch: 076, Train Loss: 0.7546, Metric: r2, Train: 0.8656, Val: 0.1972, best Val: 0.3702, Test: 0.4190
Training on 666 samples...
Train epoch: 78 [0/666 (0%)]	Loss: 0.791016
Make prediction for 666 samples...
Make prediction for 90 samples...
Make prediction for 86 samples...
EarlyStopping counter: 12 out of 30
Epoch: 077, Train Loss: 0.7587, Metric: r2, Train: 0.8691, Val: 0.1979, best Val: 0.3702, Test: 0.4653
Training on 666 samples...
Train epoch: 79 [0/666 (0%)]	Loss: 0.772402
Make prediction for 666 samples...
Make prediction for 90 samples...
Make prediction for 86 samples...
EarlyStopping counter: 13 out of 30
Epoch: 078, Train Loss: 0.7576, Metric: r2, Train: 0.8803, Val: 0.2233, best Val: 0.3702, Test: 0.4963
Training on 666 samples...
Train epoch: 80 [0/666 (0%)]	Loss: 0.754875
Make prediction for 666 samples...
Make prediction for 90 samples...
Make prediction for 86 samples...
EarlyStopping counter: 14 out of 30
Epoch: 079, Train Loss: 0.7538, Metric: r2, Train: 0.8718, Val: 0.2683, best Val: 0.3702, Test: 0.4409
Training on 666 samples...
Train epoch: 81 [0/666 (0%)]	Loss: 0.773983
Make prediction for 666 samples...
Make prediction for 90 samples...
Make prediction for 86 samples...
EarlyStopping counter: 15 out of 30
Epoch: 080, Train Loss: 0.7525, Metric: r2, Train: 0.8739, Val: 0.2675, best Val: 0.3702, Test: 0.4738
Training on 666 samples...
Train epoch: 82 [0/666 (0%)]	Loss: 0.752229
Make prediction for 666 samples...
Make prediction for 90 samples...
Make prediction for 86 samples...
EarlyStopping counter: 16 out of 30
Epoch: 081, Train Loss: 0.7423, Metric: r2, Train: 0.8575, Val: 0.2439, best Val: 0.3702, Test: 0.4562
Training on 666 samples...
Train epoch: 83 [0/666 (0%)]	Loss: 0.765905
Make prediction for 666 samples...
Make prediction for 90 samples...
Make prediction for 86 samples...
EarlyStopping counter: 17 out of 30
Epoch: 082, Train Loss: 0.7491, Metric: r2, Train: 0.8827, Val: 0.2117, best Val: 0.3702, Test: 0.4821
Training on 666 samples...
Train epoch: 84 [0/666 (0%)]	Loss: 0.755055
Make prediction for 666 samples...
Make prediction for 90 samples...
Make prediction for 86 samples...
EarlyStopping counter: 18 out of 30
Epoch: 083, Train Loss: 0.7467, Metric: r2, Train: 0.8862, Val: 0.1085, best Val: 0.3702, Test: 0.4254
Training on 666 samples...
Train epoch: 85 [0/666 (0%)]	Loss: 0.742432
Make prediction for 666 samples...
Make prediction for 90 samples...
Make prediction for 86 samples...
EarlyStopping counter: 19 out of 30
Epoch: 084, Train Loss: 0.7384, Metric: r2, Train: 0.8673, Val: -0.0371, best Val: 0.3702, Test: 0.4242
Training on 666 samples...
Train epoch: 86 [0/666 (0%)]	Loss: 0.766582
Make prediction for 666 samples...
Make prediction for 90 samples...
Make prediction for 86 samples...
EarlyStopping counter: 20 out of 30
Epoch: 085, Train Loss: 0.7554, Metric: r2, Train: 0.8078, Val: -0.2486, best Val: 0.3702, Test: 0.3588
Training on 666 samples...
Train epoch: 87 [0/666 (0%)]	Loss: 0.819778
Make prediction for 666 samples...
Make prediction for 90 samples...
Make prediction for 86 samples...
EarlyStopping counter: 21 out of 30
Epoch: 086, Train Loss: 0.7851, Metric: r2, Train: 0.8514, Val: -0.0880, best Val: 0.3702, Test: 0.3994
Training on 666 samples...
Train epoch: 88 [0/666 (0%)]	Loss: 0.778631
Make prediction for 666 samples...
Make prediction for 90 samples...
Make prediction for 86 samples...
EarlyStopping counter: 22 out of 30
Epoch: 087, Train Loss: 0.7484, Metric: r2, Train: 0.8924, Val: 0.1535, best Val: 0.3702, Test: 0.4800
Training on 666 samples...
Train epoch: 89 [0/666 (0%)]	Loss: 0.744974
Make prediction for 666 samples...
Make prediction for 90 samples...
Make prediction for 86 samples...
EarlyStopping counter: 23 out of 30
Epoch: 088, Train Loss: 0.7439, Metric: r2, Train: 0.8949, Val: 0.1665, best Val: 0.3702, Test: 0.5031
Training on 666 samples...
Train epoch: 90 [0/666 (0%)]	Loss: 0.730769
Make prediction for 666 samples...
Make prediction for 90 samples...
Make prediction for 86 samples...
EarlyStopping counter: 24 out of 30
Epoch: 089, Train Loss: 0.7280, Metric: r2, Train: 0.8974, Val: 0.1664, best Val: 0.3702, Test: 0.4507
Training on 666 samples...
Train epoch: 91 [0/666 (0%)]	Loss: 0.721346
Make prediction for 666 samples...
Make prediction for 90 samples...
Make prediction for 86 samples...
EarlyStopping counter: 25 out of 30
Epoch: 090, Train Loss: 0.7269, Metric: r2, Train: 0.8921, Val: 0.0565, best Val: 0.3702, Test: 0.4486
Training on 666 samples...
Train epoch: 92 [0/666 (0%)]	Loss: 0.740873
Make prediction for 666 samples...
Make prediction for 90 samples...
Make prediction for 86 samples...
EarlyStopping counter: 26 out of 30
Epoch: 091, Train Loss: 0.7283, Metric: r2, Train: 0.8967, Val: 0.0606, best Val: 0.3702, Test: 0.4890
Training on 666 samples...
Train epoch: 93 [0/666 (0%)]	Loss: 0.738577
Make prediction for 666 samples...
Make prediction for 90 samples...
Make prediction for 86 samples...
EarlyStopping counter: 27 out of 30
Epoch: 092, Train Loss: 0.7241, Metric: r2, Train: 0.8763, Val: -0.0520, best Val: 0.3702, Test: 0.4379
Training on 666 samples...
Train epoch: 94 [0/666 (0%)]	Loss: 0.767669
Make prediction for 666 samples...
Make prediction for 90 samples...
Make prediction for 86 samples...
EarlyStopping counter: 28 out of 30
Epoch: 093, Train Loss: 0.7433, Metric: r2, Train: 0.8990, Val: 0.0742, best Val: 0.3702, Test: 0.4319
Training on 666 samples...
Train epoch: 95 [0/666 (0%)]	Loss: 0.719021
Make prediction for 666 samples...
Make prediction for 90 samples...
Make prediction for 86 samples...
EarlyStopping counter: 29 out of 30
Epoch: 094, Train Loss: 0.7141, Metric: r2, Train: 0.9058, Val: 0.1153, best Val: 0.3702, Test: 0.4353
Training on 666 samples...
Train epoch: 96 [0/666 (0%)]	Loss: 0.736859
Make prediction for 666 samples...
Make prediction for 90 samples...
Make prediction for 86 samples...
EarlyStopping counter: 30 out of 30
Epoch: 095, Train Loss: 0.7184, Metric: r2, Train: 0.8748, Val: 0.1569, best Val: 0.3702, Test: 0.4187
out of patience!
******Caco2_Perimeter_2054, 2th_time_result******
train_result: 0.8552
val_result: 0.3702
test_result: 0.4297
Current seed: 2044
Pre-processed data found: data/processed/Caco2_Perimeter_2054/Caco2_Perimeter_2054_train.pt, loading ...
Pre-processed data found: data/processed/Caco2_Perimeter_2054/Caco2_Perimeter_2054_valid.pt, loading ...
Pre-processed data found: data/processed/Caco2_Perimeter_2054/Caco2_Perimeter_2054_test.pt, loading ...
trainset mean:-5.15206241607666 std:0.7830649614334106
Training on 666 samples...
Train epoch: 1 [0/666 (0%)]	Loss: 1.625740
Make prediction for 666 samples...
Make prediction for 90 samples...
Make prediction for 86 samples...
Make prediction for 86 samples...
Epoch: 000, Train Loss: 1.6798, Metric: r2, Train: -0.0106, Val: -0.0021, best Val: -0.0021, Test: -0.1535
Training on 666 samples...
Train epoch: 2 [0/666 (0%)]	Loss: 1.613427
Make prediction for 666 samples...
Make prediction for 90 samples...
Make prediction for 86 samples...
EarlyStopping counter: 1 out of 30
Epoch: 001, Train Loss: 1.6149, Metric: r2, Train: -0.0020, Val: -0.1310, best Val: -0.0021, Test: -0.4800
Training on 666 samples...
Train epoch: 3 [0/666 (0%)]	Loss: 1.584007
Make prediction for 666 samples...
Make prediction for 90 samples...
Make prediction for 86 samples...
Make prediction for 86 samples...
Epoch: 002, Train Loss: 1.6037, Metric: r2, Train: 0.0044, Val: -0.0007, best Val: -0.0007, Test: -0.1512
Training on 666 samples...
Train epoch: 4 [0/666 (0%)]	Loss: 1.642222
Make prediction for 666 samples...
Make prediction for 90 samples...
Make prediction for 86 samples...
EarlyStopping counter: 1 out of 30
Epoch: 003, Train Loss: 1.6140, Metric: r2, Train: 0.0275, Val: -0.0444, best Val: -0.0007, Test: -0.2479
Training on 666 samples...
Train epoch: 5 [0/666 (0%)]	Loss: 1.610948
Make prediction for 666 samples...
Make prediction for 90 samples...
Make prediction for 86 samples...
EarlyStopping counter: 2 out of 30
Epoch: 004, Train Loss: 1.5898, Metric: r2, Train: 0.0261, Val: -0.1447, best Val: -0.0007, Test: -0.4177
Training on 666 samples...
Train epoch: 6 [0/666 (0%)]	Loss: 1.724863
Make prediction for 666 samples...
Make prediction for 90 samples...
Make prediction for 86 samples...
EarlyStopping counter: 3 out of 30
Epoch: 005, Train Loss: 1.5732, Metric: r2, Train: 0.0450, Val: -0.0124, best Val: -0.0007, Test: -0.0608
Training on 666 samples...
Train epoch: 7 [0/666 (0%)]	Loss: 1.587492
Make prediction for 666 samples...
Make prediction for 90 samples...
Make prediction for 86 samples...
EarlyStopping counter: 4 out of 30
Epoch: 006, Train Loss: 1.5671, Metric: r2, Train: 0.0793, Val: -0.0689, best Val: -0.0007, Test: -0.1192
Training on 666 samples...
Train epoch: 8 [0/666 (0%)]	Loss: 1.572939
Make prediction for 666 samples...
Make prediction for 90 samples...
Make prediction for 86 samples...
EarlyStopping counter: 5 out of 30
Epoch: 007, Train Loss: 1.5185, Metric: r2, Train: 0.1076, Val: -0.0911, best Val: -0.0007, Test: -0.0244
Training on 666 samples...
Train epoch: 9 [0/666 (0%)]	Loss: 1.693648
Make prediction for 666 samples...
Make prediction for 90 samples...
Make prediction for 86 samples...
EarlyStopping counter: 6 out of 30
Epoch: 008, Train Loss: 1.5338, Metric: r2, Train: 0.1098, Val: -0.2376, best Val: -0.0007, Test: -0.1455
Training on 666 samples...
Train epoch: 10 [0/666 (0%)]	Loss: 1.581284
Make prediction for 666 samples...
Make prediction for 90 samples...
Make prediction for 86 samples...
EarlyStopping counter: 7 out of 30
Epoch: 009, Train Loss: 1.5053, Metric: r2, Train: 0.1755, Val: -0.0408, best Val: -0.0007, Test: 0.1876
Training on 666 samples...
Train epoch: 11 [0/666 (0%)]	Loss: 1.459580
Make prediction for 666 samples...
Make prediction for 90 samples...
Make prediction for 86 samples...
EarlyStopping counter: 8 out of 30
Epoch: 010, Train Loss: 1.4561, Metric: r2, Train: 0.2038, Val: -0.0760, best Val: -0.0007, Test: 0.1505
Training on 666 samples...
Train epoch: 12 [0/666 (0%)]	Loss: 1.448168
Make prediction for 666 samples...
Make prediction for 90 samples...
Make prediction for 86 samples...
Make prediction for 86 samples...
Epoch: 011, Train Loss: 1.4263, Metric: r2, Train: 0.2394, Val: 0.0319, best Val: 0.0319, Test: 0.3939
Training on 666 samples...
Train epoch: 13 [0/666 (0%)]	Loss: 1.292748
Make prediction for 666 samples...
Make prediction for 90 samples...
Make prediction for 86 samples...
EarlyStopping counter: 1 out of 30
Epoch: 012, Train Loss: 1.3955, Metric: r2, Train: 0.2971, Val: -0.0195, best Val: 0.0319, Test: 0.3386
Training on 666 samples...
Train epoch: 14 [0/666 (0%)]	Loss: 1.345781
Make prediction for 666 samples...
Make prediction for 90 samples...
Make prediction for 86 samples...
EarlyStopping counter: 2 out of 30
Epoch: 013, Train Loss: 1.3192, Metric: r2, Train: 0.3489, Val: 0.0015, best Val: 0.0319, Test: 0.5127
Training on 666 samples...
Train epoch: 15 [0/666 (0%)]	Loss: 1.324266
Make prediction for 666 samples...
Make prediction for 90 samples...
Make prediction for 86 samples...
EarlyStopping counter: 3 out of 30
Epoch: 014, Train Loss: 1.2541, Metric: r2, Train: 0.4178, Val: -0.0620, best Val: 0.0319, Test: 0.5772
Training on 666 samples...
Train epoch: 16 [0/666 (0%)]	Loss: 1.335828
Make prediction for 666 samples...
Make prediction for 90 samples...
Make prediction for 86 samples...
EarlyStopping counter: 4 out of 30
Epoch: 015, Train Loss: 1.1989, Metric: r2, Train: 0.4364, Val: -0.2286, best Val: 0.0319, Test: 0.5423
Training on 666 samples...
Train epoch: 17 [0/666 (0%)]	Loss: 1.139678
Make prediction for 666 samples...
Make prediction for 90 samples...
Make prediction for 86 samples...
EarlyStopping counter: 5 out of 30
Epoch: 016, Train Loss: 1.2082, Metric: r2, Train: 0.2924, Val: -0.4835, best Val: 0.0319, Test: 0.1673
Training on 666 samples...
Train epoch: 18 [0/666 (0%)]	Loss: 1.395114
Make prediction for 666 samples...
Make prediction for 90 samples...
Make prediction for 86 samples...
EarlyStopping counter: 6 out of 30
Epoch: 017, Train Loss: 1.2655, Metric: r2, Train: 0.5127, Val: -0.1430, best Val: 0.0319, Test: 0.5679
Training on 666 samples...
Train epoch: 19 [0/666 (0%)]	Loss: 1.196391
Make prediction for 666 samples...
Make prediction for 90 samples...
Make prediction for 86 samples...
EarlyStopping counter: 7 out of 30
Epoch: 018, Train Loss: 1.1637, Metric: r2, Train: 0.5132, Val: -0.1071, best Val: 0.0319, Test: 0.5628
Training on 666 samples...
Train epoch: 20 [0/666 (0%)]	Loss: 1.128063
Make prediction for 666 samples...
Make prediction for 90 samples...
Make prediction for 86 samples...
EarlyStopping counter: 8 out of 30
Epoch: 019, Train Loss: 1.1343, Metric: r2, Train: 0.5201, Val: -0.1275, best Val: 0.0319, Test: 0.5550
Training on 666 samples...
Train epoch: 21 [0/666 (0%)]	Loss: 1.114179
Make prediction for 666 samples...
Make prediction for 90 samples...
Make prediction for 86 samples...
EarlyStopping counter: 9 out of 30
Epoch: 020, Train Loss: 1.1180, Metric: r2, Train: 0.5025, Val: -0.1966, best Val: 0.0319, Test: 0.5780
Training on 666 samples...
Train epoch: 22 [0/666 (0%)]	Loss: 1.194812
Make prediction for 666 samples...
Make prediction for 90 samples...
Make prediction for 86 samples...
EarlyStopping counter: 10 out of 30
Epoch: 021, Train Loss: 1.0947, Metric: r2, Train: 0.5213, Val: -0.2266, best Val: 0.0319, Test: 0.4470
Training on 666 samples...
Train epoch: 23 [0/666 (0%)]	Loss: 1.118279
Make prediction for 666 samples...
Make prediction for 90 samples...
Make prediction for 86 samples...
EarlyStopping counter: 11 out of 30
Epoch: 022, Train Loss: 1.0739, Metric: r2, Train: 0.5428, Val: -0.1532, best Val: 0.0319, Test: 0.6035
Training on 666 samples...
Train epoch: 24 [0/666 (0%)]	Loss: 1.112605
Make prediction for 666 samples...
Make prediction for 90 samples...
Make prediction for 86 samples...
EarlyStopping counter: 12 out of 30
Epoch: 023, Train Loss: 1.0721, Metric: r2, Train: 0.5992, Val: -0.0728, best Val: 0.0319, Test: 0.5542
Training on 666 samples...
Train epoch: 25 [0/666 (0%)]	Loss: 1.056514
Make prediction for 666 samples...
Make prediction for 90 samples...
Make prediction for 86 samples...
EarlyStopping counter: 13 out of 30
Epoch: 024, Train Loss: 1.0283, Metric: r2, Train: 0.6137, Val: -0.0260, best Val: 0.0319, Test: 0.5572
Training on 666 samples...
Train epoch: 26 [0/666 (0%)]	Loss: 1.031173
Make prediction for 666 samples...
Make prediction for 90 samples...
Make prediction for 86 samples...
EarlyStopping counter: 14 out of 30
Epoch: 025, Train Loss: 1.0084, Metric: r2, Train: 0.6198, Val: -0.0334, best Val: 0.0319, Test: 0.5728
Training on 666 samples...
Train epoch: 27 [0/666 (0%)]	Loss: 1.044566
Make prediction for 666 samples...
Make prediction for 90 samples...
Make prediction for 86 samples...
EarlyStopping counter: 15 out of 30
Epoch: 026, Train Loss: 1.0050, Metric: r2, Train: 0.5772, Val: -0.1772, best Val: 0.0319, Test: 0.2843
Training on 666 samples...
Train epoch: 28 [0/666 (0%)]	Loss: 1.013572
Make prediction for 666 samples...
Make prediction for 90 samples...
Make prediction for 86 samples...
EarlyStopping counter: 16 out of 30
Epoch: 027, Train Loss: 0.9891, Metric: r2, Train: 0.6327, Val: 0.0046, best Val: 0.0319, Test: 0.5427
Training on 666 samples...
Train epoch: 29 [0/666 (0%)]	Loss: 1.008767
Make prediction for 666 samples...
Make prediction for 90 samples...
Make prediction for 86 samples...
Make prediction for 86 samples...
Epoch: 028, Train Loss: 1.0072, Metric: r2, Train: 0.6626, Val: 0.0753, best Val: 0.0753, Test: 0.5180
Training on 666 samples...
Train epoch: 30 [0/666 (0%)]	Loss: 0.936238
Make prediction for 666 samples...
Make prediction for 90 samples...
Make prediction for 86 samples...
Make prediction for 86 samples...
Epoch: 029, Train Loss: 0.9577, Metric: r2, Train: 0.6825, Val: 0.0879, best Val: 0.0879, Test: 0.4571
Training on 666 samples...
Train epoch: 31 [0/666 (0%)]	Loss: 0.960934
Make prediction for 666 samples...
Make prediction for 90 samples...
Make prediction for 86 samples...
EarlyStopping counter: 1 out of 30
Epoch: 030, Train Loss: 0.9488, Metric: r2, Train: 0.6780, Val: 0.0555, best Val: 0.0879, Test: 0.3980
Training on 666 samples...
Train epoch: 32 [0/666 (0%)]	Loss: 1.012404
Make prediction for 666 samples...
Make prediction for 90 samples...
Make prediction for 86 samples...
Make prediction for 86 samples...
Epoch: 031, Train Loss: 0.9682, Metric: r2, Train: 0.6468, Val: 0.0951, best Val: 0.0951, Test: 0.4480
Training on 666 samples...
Train epoch: 33 [0/666 (0%)]	Loss: 0.973960
Make prediction for 666 samples...
Make prediction for 90 samples...
Make prediction for 86 samples...
EarlyStopping counter: 1 out of 30
Epoch: 032, Train Loss: 0.9772, Metric: r2, Train: 0.6068, Val: 0.0544, best Val: 0.0951, Test: 0.3255
Training on 666 samples...
Train epoch: 34 [0/666 (0%)]	Loss: 0.955487
Make prediction for 666 samples...
Make prediction for 90 samples...
Make prediction for 86 samples...
EarlyStopping counter: 2 out of 30
Epoch: 033, Train Loss: 1.0370, Metric: r2, Train: 0.5829, Val: -0.0679, best Val: 0.0951, Test: 0.1647
Training on 666 samples...
Train epoch: 35 [0/666 (0%)]	Loss: 1.061420
Make prediction for 666 samples...
Make prediction for 90 samples...
Make prediction for 86 samples...
Make prediction for 86 samples...
Epoch: 034, Train Loss: 1.0043, Metric: r2, Train: 0.6530, Val: 0.1613, best Val: 0.1613, Test: 0.4114
Training on 666 samples...
Train epoch: 36 [0/666 (0%)]	Loss: 0.966947
Make prediction for 666 samples...
Make prediction for 90 samples...
Make prediction for 86 samples...
Make prediction for 86 samples...
Epoch: 035, Train Loss: 0.9570, Metric: r2, Train: 0.7197, Val: 0.1846, best Val: 0.1846, Test: 0.5053
Training on 666 samples...
Train epoch: 37 [0/666 (0%)]	Loss: 0.923398
Make prediction for 666 samples...
Make prediction for 90 samples...
Make prediction for 86 samples...
EarlyStopping counter: 1 out of 30
Epoch: 036, Train Loss: 0.9558, Metric: r2, Train: 0.7168, Val: 0.1328, best Val: 0.1846, Test: 0.4179
Training on 666 samples...
Train epoch: 38 [0/666 (0%)]	Loss: 0.891653
Make prediction for 666 samples...
Make prediction for 90 samples...
Make prediction for 86 samples...
EarlyStopping counter: 2 out of 30
Epoch: 037, Train Loss: 0.9443, Metric: r2, Train: 0.6501, Val: 0.1509, best Val: 0.1846, Test: 0.3780
Training on 666 samples...
Train epoch: 39 [0/666 (0%)]	Loss: 0.986468
Make prediction for 666 samples...
Make prediction for 90 samples...
Make prediction for 86 samples...
EarlyStopping counter: 3 out of 30
Epoch: 038, Train Loss: 0.9433, Metric: r2, Train: 0.7091, Val: 0.1089, best Val: 0.1846, Test: 0.2974
Training on 666 samples...
Train epoch: 40 [0/666 (0%)]	Loss: 0.931540
Make prediction for 666 samples...
Make prediction for 90 samples...
Make prediction for 86 samples...
Make prediction for 86 samples...
Epoch: 039, Train Loss: 0.8914, Metric: r2, Train: 0.7345, Val: 0.2239, best Val: 0.2239, Test: 0.4383
Training on 666 samples...
Train epoch: 41 [0/666 (0%)]	Loss: 0.899245
Make prediction for 666 samples...
Make prediction for 90 samples...
Make prediction for 86 samples...
EarlyStopping counter: 1 out of 30
Epoch: 040, Train Loss: 0.8816, Metric: r2, Train: 0.7619, Val: 0.2192, best Val: 0.2239, Test: 0.4127
Training on 666 samples...
Train epoch: 42 [0/666 (0%)]	Loss: 0.868438
Make prediction for 666 samples...
Make prediction for 90 samples...
Make prediction for 86 samples...
EarlyStopping counter: 2 out of 30
Epoch: 041, Train Loss: 0.8881, Metric: r2, Train: 0.7628, Val: 0.1939, best Val: 0.2239, Test: 0.3034
Training on 666 samples...
Train epoch: 43 [0/666 (0%)]	Loss: 0.900665
Make prediction for 666 samples...
Make prediction for 90 samples...
Make prediction for 86 samples...
Make prediction for 86 samples...
Epoch: 042, Train Loss: 0.8651, Metric: r2, Train: 0.7747, Val: 0.2297, best Val: 0.2297, Test: 0.3372
Training on 666 samples...
Train epoch: 44 [0/666 (0%)]	Loss: 0.825165
Make prediction for 666 samples...
Make prediction for 90 samples...
Make prediction for 86 samples...
Make prediction for 86 samples...
Epoch: 043, Train Loss: 0.8463, Metric: r2, Train: 0.7661, Val: 0.2785, best Val: 0.2785, Test: 0.4109
Training on 666 samples...
Train epoch: 45 [0/666 (0%)]	Loss: 0.870162
Make prediction for 666 samples...
Make prediction for 90 samples...
Make prediction for 86 samples...
Make prediction for 86 samples...
Epoch: 044, Train Loss: 0.8582, Metric: r2, Train: 0.7892, Val: 0.2938, best Val: 0.2938, Test: 0.4181
Training on 666 samples...
Train epoch: 46 [0/666 (0%)]	Loss: 0.864869
Make prediction for 666 samples...
Make prediction for 90 samples...
Make prediction for 86 samples...
EarlyStopping counter: 1 out of 30
Epoch: 045, Train Loss: 0.8418, Metric: r2, Train: 0.7375, Val: 0.1557, best Val: 0.2938, Test: 0.2185
Training on 666 samples...
Train epoch: 47 [0/666 (0%)]	Loss: 0.883870
Make prediction for 666 samples...
Make prediction for 90 samples...
Make prediction for 86 samples...
EarlyStopping counter: 2 out of 30
Epoch: 046, Train Loss: 0.8692, Metric: r2, Train: 0.7167, Val: 0.2532, best Val: 0.2938, Test: 0.2614
Training on 666 samples...
Train epoch: 48 [0/666 (0%)]	Loss: 0.908601
Make prediction for 666 samples...
Make prediction for 90 samples...
Make prediction for 86 samples...
Make prediction for 86 samples...
Epoch: 047, Train Loss: 0.8916, Metric: r2, Train: 0.7882, Val: 0.3508, best Val: 0.3508, Test: 0.4050
Training on 666 samples...
Train epoch: 49 [0/666 (0%)]	Loss: 0.823544
Make prediction for 666 samples...
Make prediction for 90 samples...
Make prediction for 86 samples...
EarlyStopping counter: 1 out of 30
Epoch: 048, Train Loss: 0.8730, Metric: r2, Train: 0.7049, Val: 0.0637, best Val: 0.3508, Test: 0.2164
Training on 666 samples...
Train epoch: 50 [0/666 (0%)]	Loss: 0.922469
Make prediction for 666 samples...
Make prediction for 90 samples...
Make prediction for 86 samples...
EarlyStopping counter: 2 out of 30
Epoch: 049, Train Loss: 0.8717, Metric: r2, Train: 0.7456, Val: 0.2998, best Val: 0.3508, Test: 0.3568
Training on 666 samples...
Train epoch: 51 [0/666 (0%)]	Loss: 0.867358
Make prediction for 666 samples...
Make prediction for 90 samples...
Make prediction for 86 samples...
EarlyStopping counter: 3 out of 30
Epoch: 050, Train Loss: 0.8604, Metric: r2, Train: 0.8031, Val: 0.3467, best Val: 0.3508, Test: 0.4347
Training on 666 samples...
Train epoch: 52 [0/666 (0%)]	Loss: 0.840572
Make prediction for 666 samples...
Make prediction for 90 samples...
Make prediction for 86 samples...
EarlyStopping counter: 4 out of 30
Epoch: 051, Train Loss: 0.8415, Metric: r2, Train: 0.7996, Val: 0.2892, best Val: 0.3508, Test: 0.4042
Training on 666 samples...
Train epoch: 53 [0/666 (0%)]	Loss: 0.859076
Make prediction for 666 samples...
Make prediction for 90 samples...
Make prediction for 86 samples...
EarlyStopping counter: 5 out of 30
Epoch: 052, Train Loss: 0.8378, Metric: r2, Train: 0.7483, Val: 0.2650, best Val: 0.3508, Test: 0.3618
Training on 666 samples...
Train epoch: 54 [0/666 (0%)]	Loss: 0.893876
Make prediction for 666 samples...
Make prediction for 90 samples...
Make prediction for 86 samples...
EarlyStopping counter: 6 out of 30
Epoch: 053, Train Loss: 0.8496, Metric: r2, Train: 0.8056, Val: 0.2982, best Val: 0.3508, Test: 0.3478
Training on 666 samples...
Train epoch: 55 [0/666 (0%)]	Loss: 0.859148
Make prediction for 666 samples...
Make prediction for 90 samples...
Make prediction for 86 samples...
EarlyStopping counter: 7 out of 30
Epoch: 054, Train Loss: 0.8203, Metric: r2, Train: 0.8236, Val: 0.3309, best Val: 0.3508, Test: 0.4384
Training on 666 samples...
Train epoch: 56 [0/666 (0%)]	Loss: 0.818462
Make prediction for 666 samples...
Make prediction for 90 samples...
Make prediction for 86 samples...
EarlyStopping counter: 8 out of 30
Epoch: 055, Train Loss: 0.8047, Metric: r2, Train: 0.8221, Val: 0.3333, best Val: 0.3508, Test: 0.4578
Training on 666 samples...
Train epoch: 57 [0/666 (0%)]	Loss: 0.819914
Make prediction for 666 samples...
Make prediction for 90 samples...
Make prediction for 86 samples...
EarlyStopping counter: 9 out of 30
Epoch: 056, Train Loss: 0.8022, Metric: r2, Train: 0.8333, Val: 0.3271, best Val: 0.3508, Test: 0.4536
Training on 666 samples...
Train epoch: 58 [0/666 (0%)]	Loss: 0.810337
Make prediction for 666 samples...
Make prediction for 90 samples...
Make prediction for 86 samples...
Make prediction for 86 samples...
Epoch: 057, Train Loss: 0.7951, Metric: r2, Train: 0.8371, Val: 0.3621, best Val: 0.3621, Test: 0.4031
Training on 666 samples...
Train epoch: 59 [0/666 (0%)]	Loss: 0.835097
Make prediction for 666 samples...
Make prediction for 90 samples...
Make prediction for 86 samples...
Make prediction for 86 samples...
Epoch: 058, Train Loss: 0.7838, Metric: r2, Train: 0.8411, Val: 0.4020, best Val: 0.4020, Test: 0.3901
Training on 666 samples...
Train epoch: 60 [0/666 (0%)]	Loss: 0.777794
Make prediction for 666 samples...
Make prediction for 90 samples...
Make prediction for 86 samples...
Make prediction for 86 samples...
Epoch: 059, Train Loss: 0.7849, Metric: r2, Train: 0.8351, Val: 0.4067, best Val: 0.4067, Test: 0.3611
Training on 666 samples...
Train epoch: 61 [0/666 (0%)]	Loss: 0.798477
Make prediction for 666 samples...
Make prediction for 90 samples...
Make prediction for 86 samples...
EarlyStopping counter: 1 out of 30
Epoch: 060, Train Loss: 0.7735, Metric: r2, Train: 0.8304, Val: 0.3231, best Val: 0.4067, Test: 0.3223
Training on 666 samples...
Train epoch: 62 [0/666 (0%)]	Loss: 0.786328
Make prediction for 666 samples...
Make prediction for 90 samples...
Make prediction for 86 samples...
EarlyStopping counter: 2 out of 30
Epoch: 061, Train Loss: 0.7867, Metric: r2, Train: 0.8388, Val: 0.3365, best Val: 0.4067, Test: 0.3809
Training on 666 samples...
Train epoch: 63 [0/666 (0%)]	Loss: 0.803582
Make prediction for 666 samples...
Make prediction for 90 samples...
Make prediction for 86 samples...
Make prediction for 86 samples...
Epoch: 062, Train Loss: 0.7856, Metric: r2, Train: 0.8463, Val: 0.4157, best Val: 0.4157, Test: 0.4365
Training on 666 samples...
Train epoch: 64 [0/666 (0%)]	Loss: 0.798086
Make prediction for 666 samples...
Make prediction for 90 samples...
Make prediction for 86 samples...
EarlyStopping counter: 1 out of 30
Epoch: 063, Train Loss: 0.7947, Metric: r2, Train: 0.7730, Val: 0.3183, best Val: 0.4157, Test: 0.2673
Training on 666 samples...
Train epoch: 65 [0/666 (0%)]	Loss: 0.837253
Make prediction for 666 samples...
Make prediction for 90 samples...
Make prediction for 86 samples...
EarlyStopping counter: 2 out of 30
Epoch: 064, Train Loss: 0.8115, Metric: r2, Train: 0.8562, Val: 0.4118, best Val: 0.4157, Test: 0.3964
Training on 666 samples...
Train epoch: 66 [0/666 (0%)]	Loss: 0.774889
Make prediction for 666 samples...
Make prediction for 90 samples...
Make prediction for 86 samples...
EarlyStopping counter: 3 out of 30
Epoch: 065, Train Loss: 0.7933, Metric: r2, Train: 0.7861, Val: 0.2223, best Val: 0.4157, Test: 0.2414
Training on 666 samples...
Train epoch: 67 [0/666 (0%)]	Loss: 0.860283
Make prediction for 666 samples...
Make prediction for 90 samples...
Make prediction for 86 samples...
EarlyStopping counter: 4 out of 30
Epoch: 066, Train Loss: 0.8085, Metric: r2, Train: 0.8577, Val: 0.4083, best Val: 0.4157, Test: 0.3883
Training on 666 samples...
Train epoch: 68 [0/666 (0%)]	Loss: 0.779371
Make prediction for 666 samples...
Make prediction for 90 samples...
Make prediction for 86 samples...
EarlyStopping counter: 5 out of 30
Epoch: 067, Train Loss: 0.7861, Metric: r2, Train: 0.8238, Val: 0.3724, best Val: 0.4157, Test: 0.3846
Training on 666 samples...
Train epoch: 69 [0/666 (0%)]	Loss: 0.829198
Make prediction for 666 samples...
Make prediction for 90 samples...
Make prediction for 86 samples...
EarlyStopping counter: 6 out of 30
Epoch: 068, Train Loss: 0.7951, Metric: r2, Train: 0.8432, Val: 0.3906, best Val: 0.4157, Test: 0.3792
Training on 666 samples...
Train epoch: 70 [0/666 (0%)]	Loss: 0.761374
Make prediction for 666 samples...
Make prediction for 90 samples...
Make prediction for 86 samples...
EarlyStopping counter: 7 out of 30
Epoch: 069, Train Loss: 0.7950, Metric: r2, Train: 0.8124, Val: 0.1969, best Val: 0.4157, Test: 0.3544
Training on 666 samples...
Train epoch: 71 [0/666 (0%)]	Loss: 0.803179
Make prediction for 666 samples...
Make prediction for 90 samples...
Make prediction for 86 samples...
EarlyStopping counter: 8 out of 30
Epoch: 070, Train Loss: 0.7767, Metric: r2, Train: 0.8639, Val: 0.3719, best Val: 0.4157, Test: 0.4104
Training on 666 samples...
Train epoch: 72 [0/666 (0%)]	Loss: 0.768066
Make prediction for 666 samples...
Make prediction for 90 samples...
Make prediction for 86 samples...
EarlyStopping counter: 9 out of 30
Epoch: 071, Train Loss: 0.7633, Metric: r2, Train: 0.8335, Val: 0.3543, best Val: 0.4157, Test: 0.3411
Training on 666 samples...
Train epoch: 73 [0/666 (0%)]	Loss: 0.799569
Make prediction for 666 samples...
Make prediction for 90 samples...
Make prediction for 86 samples...
EarlyStopping counter: 10 out of 30
Epoch: 072, Train Loss: 0.7726, Metric: r2, Train: 0.8489, Val: 0.3167, best Val: 0.4157, Test: 0.3273
Training on 666 samples...
Train epoch: 74 [0/666 (0%)]	Loss: 0.777999
Make prediction for 666 samples...
Make prediction for 90 samples...
Make prediction for 86 samples...
EarlyStopping counter: 11 out of 30
Epoch: 073, Train Loss: 0.7627, Metric: r2, Train: 0.8718, Val: 0.3642, best Val: 0.4157, Test: 0.3655
Training on 666 samples...
Train epoch: 75 [0/666 (0%)]	Loss: 0.761500
Make prediction for 666 samples...
Make prediction for 90 samples...
Make prediction for 86 samples...
EarlyStopping counter: 12 out of 30
Epoch: 074, Train Loss: 0.7612, Metric: r2, Train: 0.8442, Val: 0.3503, best Val: 0.4157, Test: 0.3276
Training on 666 samples...
Train epoch: 76 [0/666 (0%)]	Loss: 0.786854
Make prediction for 666 samples...
Make prediction for 90 samples...
Make prediction for 86 samples...
EarlyStopping counter: 13 out of 30
Epoch: 075, Train Loss: 0.7714, Metric: r2, Train: 0.8610, Val: 0.3944, best Val: 0.4157, Test: 0.3652
Training on 666 samples...
Train epoch: 77 [0/666 (0%)]	Loss: 0.778711
Make prediction for 666 samples...
Make prediction for 90 samples...
Make prediction for 86 samples...
EarlyStopping counter: 14 out of 30
Epoch: 076, Train Loss: 0.7609, Metric: r2, Train: 0.8778, Val: 0.3984, best Val: 0.4157, Test: 0.3818
Training on 666 samples...
Train epoch: 78 [0/666 (0%)]	Loss: 0.745433
Make prediction for 666 samples...
Make prediction for 90 samples...
Make prediction for 86 samples...
EarlyStopping counter: 15 out of 30
Epoch: 077, Train Loss: 0.7493, Metric: r2, Train: 0.8728, Val: 0.3440, best Val: 0.4157, Test: 0.3629
Training on 666 samples...
Train epoch: 79 [0/666 (0%)]	Loss: 0.770645
Make prediction for 666 samples...
Make prediction for 90 samples...
Make prediction for 86 samples...
EarlyStopping counter: 16 out of 30
Epoch: 078, Train Loss: 0.7509, Metric: r2, Train: 0.8807, Val: 0.3403, best Val: 0.4157, Test: 0.3586
Training on 666 samples...
Train epoch: 80 [0/666 (0%)]	Loss: 0.742758
Make prediction for 666 samples...
Make prediction for 90 samples...
Make prediction for 86 samples...
EarlyStopping counter: 17 out of 30
Epoch: 079, Train Loss: 0.7388, Metric: r2, Train: 0.8858, Val: 0.3710, best Val: 0.4157, Test: 0.3346
Training on 666 samples...
Train epoch: 81 [0/666 (0%)]	Loss: 0.744113
Make prediction for 666 samples...
Make prediction for 90 samples...
Make prediction for 86 samples...
EarlyStopping counter: 18 out of 30
Epoch: 080, Train Loss: 0.7605, Metric: r2, Train: 0.8356, Val: 0.3366, best Val: 0.4157, Test: 0.2316
Training on 666 samples...
Train epoch: 82 [0/666 (0%)]	Loss: 0.833241
Make prediction for 666 samples...
Make prediction for 90 samples...
Make prediction for 86 samples...
EarlyStopping counter: 19 out of 30
Epoch: 081, Train Loss: 0.7888, Metric: r2, Train: 0.8574, Val: 0.3436, best Val: 0.4157, Test: 0.3091
Training on 666 samples...
Train epoch: 83 [0/666 (0%)]	Loss: 0.791795
Make prediction for 666 samples...
Make prediction for 90 samples...
Make prediction for 86 samples...
EarlyStopping counter: 20 out of 30
Epoch: 082, Train Loss: 0.7543, Metric: r2, Train: 0.8892, Val: 0.3397, best Val: 0.4157, Test: 0.4061
Training on 666 samples...
Train epoch: 84 [0/666 (0%)]	Loss: 0.754703
Make prediction for 666 samples...
Make prediction for 90 samples...
Make prediction for 86 samples...
EarlyStopping counter: 21 out of 30
Epoch: 083, Train Loss: 0.7335, Metric: r2, Train: 0.8881, Val: 0.3545, best Val: 0.4157, Test: 0.3729
Training on 666 samples...
Train epoch: 85 [0/666 (0%)]	Loss: 0.747705
Make prediction for 666 samples...
Make prediction for 90 samples...
Make prediction for 86 samples...
EarlyStopping counter: 22 out of 30
Epoch: 084, Train Loss: 0.7335, Metric: r2, Train: 0.8892, Val: 0.3618, best Val: 0.4157, Test: 0.3295
Training on 666 samples...
Train epoch: 86 [0/666 (0%)]	Loss: 0.749809
Make prediction for 666 samples...
Make prediction for 90 samples...
Make prediction for 86 samples...
EarlyStopping counter: 23 out of 30
Epoch: 085, Train Loss: 0.7401, Metric: r2, Train: 0.8926, Val: 0.3356, best Val: 0.4157, Test: 0.3106
Training on 666 samples...
Train epoch: 87 [0/666 (0%)]	Loss: 0.747388
Make prediction for 666 samples...
Make prediction for 90 samples...
Make prediction for 86 samples...
EarlyStopping counter: 24 out of 30
Epoch: 086, Train Loss: 0.7323, Metric: r2, Train: 0.8772, Val: 0.2566, best Val: 0.4157, Test: 0.3135
Training on 666 samples...
Train epoch: 88 [0/666 (0%)]	Loss: 0.754580
Make prediction for 666 samples...
Make prediction for 90 samples...
Make prediction for 86 samples...
EarlyStopping counter: 25 out of 30
Epoch: 087, Train Loss: 0.7334, Metric: r2, Train: 0.8981, Val: 0.3289, best Val: 0.4157, Test: 0.3323
Training on 666 samples...
Train epoch: 89 [0/666 (0%)]	Loss: 0.724941
Make prediction for 666 samples...
Make prediction for 90 samples...
Make prediction for 86 samples...
EarlyStopping counter: 26 out of 30
Epoch: 088, Train Loss: 0.7209, Metric: r2, Train: 0.8668, Val: 0.3031, best Val: 0.4157, Test: 0.2639
Training on 666 samples...
Train epoch: 90 [0/666 (0%)]	Loss: 0.764059
Make prediction for 666 samples...
Make prediction for 90 samples...
Make prediction for 86 samples...
EarlyStopping counter: 27 out of 30
Epoch: 089, Train Loss: 0.7423, Metric: r2, Train: 0.8984, Val: 0.2891, best Val: 0.4157, Test: 0.3276
Training on 666 samples...
Train epoch: 91 [0/666 (0%)]	Loss: 0.722675
Make prediction for 666 samples...
Make prediction for 90 samples...
Make prediction for 86 samples...
EarlyStopping counter: 28 out of 30
Epoch: 090, Train Loss: 0.7223, Metric: r2, Train: 0.8987, Val: 0.2810, best Val: 0.4157, Test: 0.3445
Training on 666 samples...
Train epoch: 92 [0/666 (0%)]	Loss: 0.742004
Make prediction for 666 samples...
Make prediction for 90 samples...
Make prediction for 86 samples...
EarlyStopping counter: 29 out of 30
Epoch: 091, Train Loss: 0.7228, Metric: r2, Train: 0.9041, Val: 0.3075, best Val: 0.4157, Test: 0.2988
Training on 666 samples...
Train epoch: 93 [0/666 (0%)]	Loss: 0.734888
Make prediction for 666 samples...
Make prediction for 90 samples...
Make prediction for 86 samples...
EarlyStopping counter: 30 out of 30
Epoch: 092, Train Loss: 0.7232, Metric: r2, Train: 0.9052, Val: 0.3330, best Val: 0.4157, Test: 0.2791
out of patience!
******Caco2_Perimeter_2054, 3th_time_result******
train_result: 0.8463
val_result: 0.4157
test_result: 0.4365
Current seed: 2054
Pre-processed data found: data/processed/Caco2_Perimeter_2054/Caco2_Perimeter_2054_train.pt, loading ...
Pre-processed data found: data/processed/Caco2_Perimeter_2054/Caco2_Perimeter_2054_valid.pt, loading ...
Pre-processed data found: data/processed/Caco2_Perimeter_2054/Caco2_Perimeter_2054_test.pt, loading ...
trainset mean:-5.15206241607666 std:0.7830649614334106
Training on 666 samples...
Train epoch: 1 [0/666 (0%)]	Loss: 1.692657
Make prediction for 666 samples...
Make prediction for 90 samples...
Make prediction for 86 samples...
Make prediction for 86 samples...
Epoch: 000, Train Loss: 1.7457, Metric: r2, Train: -0.0537, Val: -0.0029, best Val: -0.0029, Test: -0.0758
Training on 666 samples...
Train epoch: 2 [0/666 (0%)]	Loss: 1.681173
Make prediction for 666 samples...
Make prediction for 90 samples...
Make prediction for 86 samples...
EarlyStopping counter: 1 out of 30
Epoch: 001, Train Loss: 1.6442, Metric: r2, Train: -0.0087, Val: -0.1360, best Val: -0.0029, Test: -0.4906
Training on 666 samples...
Train epoch: 3 [0/666 (0%)]	Loss: 1.657926
Make prediction for 666 samples...
Make prediction for 90 samples...
Make prediction for 86 samples...
EarlyStopping counter: 2 out of 30
Epoch: 002, Train Loss: 1.6196, Metric: r2, Train: 0.0090, Val: -0.0625, best Val: -0.0029, Test: -0.3157
Training on 666 samples...
Train epoch: 4 [0/666 (0%)]	Loss: 1.543769
Make prediction for 666 samples...
Make prediction for 90 samples...
Make prediction for 86 samples...
EarlyStopping counter: 3 out of 30
Epoch: 003, Train Loss: 1.6116, Metric: r2, Train: 0.0132, Val: -0.0435, best Val: -0.0029, Test: -0.2535
Training on 666 samples...
Train epoch: 5 [0/666 (0%)]	Loss: 1.542449
Make prediction for 666 samples...
Make prediction for 90 samples...
Make prediction for 86 samples...
EarlyStopping counter: 4 out of 30
Epoch: 004, Train Loss: 1.5934, Metric: r2, Train: 0.0178, Val: -0.0870, best Val: -0.0029, Test: -0.3285
Training on 666 samples...
Train epoch: 6 [0/666 (0%)]	Loss: 1.554371
Make prediction for 666 samples...
Make prediction for 90 samples...
Make prediction for 86 samples...
EarlyStopping counter: 5 out of 30
Epoch: 005, Train Loss: 1.5968, Metric: r2, Train: 0.0318, Val: -0.0620, best Val: -0.0029, Test: -0.2146
Training on 666 samples...
Train epoch: 7 [0/666 (0%)]	Loss: 1.582999
Make prediction for 666 samples...
Make prediction for 90 samples...
Make prediction for 86 samples...
EarlyStopping counter: 6 out of 30
Epoch: 006, Train Loss: 1.5744, Metric: r2, Train: 0.0418, Val: -0.0812, best Val: -0.0029, Test: -0.1950
Training on 666 samples...
Train epoch: 8 [0/666 (0%)]	Loss: 1.594216
Make prediction for 666 samples...
Make prediction for 90 samples...
Make prediction for 86 samples...
EarlyStopping counter: 7 out of 30
Epoch: 007, Train Loss: 1.5635, Metric: r2, Train: 0.0632, Val: -0.1144, best Val: -0.0029, Test: -0.1651
Training on 666 samples...
Train epoch: 9 [0/666 (0%)]	Loss: 1.543575
Make prediction for 666 samples...
Make prediction for 90 samples...
Make prediction for 86 samples...
EarlyStopping counter: 8 out of 30
Epoch: 008, Train Loss: 1.5542, Metric: r2, Train: 0.0719, Val: -0.1614, best Val: -0.0029, Test: -0.1300
Training on 666 samples...
Train epoch: 10 [0/666 (0%)]	Loss: 1.615539
Make prediction for 666 samples...
Make prediction for 90 samples...
Make prediction for 86 samples...
EarlyStopping counter: 9 out of 30
Epoch: 009, Train Loss: 1.5366, Metric: r2, Train: 0.0654, Val: -0.3110, best Val: -0.0029, Test: -0.3309
Training on 666 samples...
Train epoch: 11 [0/666 (0%)]	Loss: 1.653225
Make prediction for 666 samples...
Make prediction for 90 samples...
Make prediction for 86 samples...
EarlyStopping counter: 10 out of 30
Epoch: 010, Train Loss: 1.5469, Metric: r2, Train: 0.1116, Val: -0.1066, best Val: -0.0029, Test: 0.0455
Training on 666 samples...
Train epoch: 12 [0/666 (0%)]	Loss: 1.409837
Make prediction for 666 samples...
Make prediction for 90 samples...
Make prediction for 86 samples...
EarlyStopping counter: 11 out of 30
Epoch: 011, Train Loss: 1.5039, Metric: r2, Train: 0.1587, Val: -0.0763, best Val: -0.0029, Test: 0.0531
Training on 666 samples...
Train epoch: 13 [0/666 (0%)]	Loss: 1.636822
Make prediction for 666 samples...
Make prediction for 90 samples...
Make prediction for 86 samples...
EarlyStopping counter: 12 out of 30
Epoch: 012, Train Loss: 1.4854, Metric: r2, Train: 0.1678, Val: -0.1920, best Val: -0.0029, Test: -0.1189
Training on 666 samples...
Train epoch: 14 [0/666 (0%)]	Loss: 1.357621
Make prediction for 666 samples...
Make prediction for 90 samples...
Make prediction for 86 samples...
EarlyStopping counter: 13 out of 30
Epoch: 013, Train Loss: 1.4750, Metric: r2, Train: 0.1712, Val: -0.1036, best Val: -0.0029, Test: 0.2697
Training on 666 samples...
Train epoch: 15 [0/666 (0%)]	Loss: 1.425358
Make prediction for 666 samples...
Make prediction for 90 samples...
Make prediction for 86 samples...
EarlyStopping counter: 14 out of 30
Epoch: 014, Train Loss: 1.4735, Metric: r2, Train: 0.2389, Val: -0.1605, best Val: -0.0029, Test: 0.0465
Training on 666 samples...
Train epoch: 16 [0/666 (0%)]	Loss: 1.307803
Make prediction for 666 samples...
Make prediction for 90 samples...
Make prediction for 86 samples...
EarlyStopping counter: 15 out of 30
Epoch: 015, Train Loss: 1.4547, Metric: r2, Train: 0.2909, Val: -0.0699, best Val: -0.0029, Test: 0.2466
Training on 666 samples...
Train epoch: 17 [0/666 (0%)]	Loss: 1.372576
Make prediction for 666 samples...
Make prediction for 90 samples...
Make prediction for 86 samples...
EarlyStopping counter: 16 out of 30
Epoch: 016, Train Loss: 1.3579, Metric: r2, Train: 0.2353, Val: -0.1156, best Val: -0.0029, Test: 0.3515
Training on 666 samples...
Train epoch: 18 [0/666 (0%)]	Loss: 1.344948
Make prediction for 666 samples...
Make prediction for 90 samples...
Make prediction for 86 samples...
EarlyStopping counter: 17 out of 30
Epoch: 017, Train Loss: 1.3444, Metric: r2, Train: 0.2496, Val: -0.2331, best Val: -0.0029, Test: 0.0450
Training on 666 samples...
Train epoch: 19 [0/666 (0%)]	Loss: 1.297184
Make prediction for 666 samples...
Make prediction for 90 samples...
Make prediction for 86 samples...
EarlyStopping counter: 18 out of 30
Epoch: 018, Train Loss: 1.3404, Metric: r2, Train: 0.3160, Val: -0.2297, best Val: -0.0029, Test: 0.4600
Training on 666 samples...
Train epoch: 20 [0/666 (0%)]	Loss: 1.291065
Make prediction for 666 samples...
Make prediction for 90 samples...
Make prediction for 86 samples...
EarlyStopping counter: 19 out of 30
Epoch: 019, Train Loss: 1.3033, Metric: r2, Train: 0.3602, Val: -0.2386, best Val: -0.0029, Test: 0.3395
Training on 666 samples...
Train epoch: 21 [0/666 (0%)]	Loss: 1.246963
Make prediction for 666 samples...
Make prediction for 90 samples...
Make prediction for 86 samples...
EarlyStopping counter: 20 out of 30
Epoch: 020, Train Loss: 1.2911, Metric: r2, Train: 0.4206, Val: -0.2909, best Val: -0.0029, Test: 0.5734
Training on 666 samples...
Train epoch: 22 [0/666 (0%)]	Loss: 1.265893
Make prediction for 666 samples...
Make prediction for 90 samples...
Make prediction for 86 samples...
EarlyStopping counter: 21 out of 30
Epoch: 021, Train Loss: 1.2769, Metric: r2, Train: 0.4282, Val: -0.2497, best Val: -0.0029, Test: 0.4682
Training on 666 samples...
Train epoch: 23 [0/666 (0%)]	Loss: 1.296591
Make prediction for 666 samples...
Make prediction for 90 samples...
Make prediction for 86 samples...
EarlyStopping counter: 22 out of 30
Epoch: 022, Train Loss: 1.2502, Metric: r2, Train: 0.4512, Val: -0.2232, best Val: -0.0029, Test: 0.5167
Training on 666 samples...
Train epoch: 24 [0/666 (0%)]	Loss: 1.164091
Make prediction for 666 samples...
Make prediction for 90 samples...
Make prediction for 86 samples...
EarlyStopping counter: 23 out of 30
Epoch: 023, Train Loss: 1.1941, Metric: r2, Train: 0.4396, Val: -0.3350, best Val: -0.0029, Test: 0.5837
Training on 666 samples...
Train epoch: 25 [0/666 (0%)]	Loss: 1.243762
Make prediction for 666 samples...
Make prediction for 90 samples...
Make prediction for 86 samples...
EarlyStopping counter: 24 out of 30
Epoch: 024, Train Loss: 1.2016, Metric: r2, Train: 0.4383, Val: -0.2656, best Val: -0.0029, Test: 0.4141
Training on 666 samples...
Train epoch: 26 [0/666 (0%)]	Loss: 1.106850
Make prediction for 666 samples...
Make prediction for 90 samples...
Make prediction for 86 samples...
EarlyStopping counter: 25 out of 30
Epoch: 025, Train Loss: 1.1454, Metric: r2, Train: 0.4647, Val: -0.4220, best Val: -0.0029, Test: 0.5801
Training on 666 samples...
Train epoch: 27 [0/666 (0%)]	Loss: 1.209308
Make prediction for 666 samples...
Make prediction for 90 samples...
Make prediction for 86 samples...
EarlyStopping counter: 26 out of 30
Epoch: 026, Train Loss: 1.1259, Metric: r2, Train: 0.5003, Val: -0.3023, best Val: -0.0029, Test: 0.5368
Training on 666 samples...
Train epoch: 28 [0/666 (0%)]	Loss: 1.144099
Make prediction for 666 samples...
Make prediction for 90 samples...
Make prediction for 86 samples...
EarlyStopping counter: 27 out of 30
Epoch: 027, Train Loss: 1.1022, Metric: r2, Train: 0.5319, Val: -0.4190, best Val: -0.0029, Test: 0.6015
Training on 666 samples...
Train epoch: 29 [0/666 (0%)]	Loss: 1.053438
Make prediction for 666 samples...
Make prediction for 90 samples...
Make prediction for 86 samples...
EarlyStopping counter: 28 out of 30
Epoch: 028, Train Loss: 1.0938, Metric: r2, Train: 0.5639, Val: -0.3162, best Val: -0.0029, Test: 0.6140
Training on 666 samples...
Train epoch: 30 [0/666 (0%)]	Loss: 1.085224
Make prediction for 666 samples...
Make prediction for 90 samples...
Make prediction for 86 samples...
EarlyStopping counter: 29 out of 30
Epoch: 029, Train Loss: 1.0609, Metric: r2, Train: 0.5752, Val: -0.3306, best Val: -0.0029, Test: 0.5719
Training on 666 samples...
Train epoch: 31 [0/666 (0%)]	Loss: 1.100902
Make prediction for 666 samples...
Make prediction for 90 samples...
Make prediction for 86 samples...
EarlyStopping counter: 30 out of 30
Epoch: 030, Train Loss: 1.0482, Metric: r2, Train: 0.5805, Val: -0.3063, best Val: -0.0029, Test: 0.5194
out of patience!
******Caco2_Perimeter_2054, 4th_time_result******
train_result: -0.0537
val_result: -0.0029
test_result: -0.0758
Current seed: 2064
Pre-processed data found: data/processed/Caco2_Perimeter_2054/Caco2_Perimeter_2054_train.pt, loading ...
Pre-processed data found: data/processed/Caco2_Perimeter_2054/Caco2_Perimeter_2054_valid.pt, loading ...
Pre-processed data found: data/processed/Caco2_Perimeter_2054/Caco2_Perimeter_2054_test.pt, loading ...
trainset mean:-5.15206241607666 std:0.7830649614334106
Training on 666 samples...
Train epoch: 1 [0/666 (0%)]	Loss: 1.598492
Make prediction for 666 samples...
Make prediction for 90 samples...
Make prediction for 86 samples...
Make prediction for 86 samples...
Epoch: 000, Train Loss: 1.6650, Metric: r2, Train: -0.0082, Val: -0.0089, best Val: -0.0089, Test: -0.1989
Training on 666 samples...
Train epoch: 2 [0/666 (0%)]	Loss: 1.727482
Make prediction for 666 samples...
Make prediction for 90 samples...
Make prediction for 86 samples...
EarlyStopping counter: 1 out of 30
Epoch: 001, Train Loss: 1.6188, Metric: r2, Train: -0.0058, Val: -0.1416, best Val: -0.0089, Test: -0.4911
Training on 666 samples...
Train epoch: 3 [0/666 (0%)]	Loss: 1.762974
Make prediction for 666 samples...
Make prediction for 90 samples...
Make prediction for 86 samples...
EarlyStopping counter: 2 out of 30
Epoch: 002, Train Loss: 1.6215, Metric: r2, Train: 0.0112, Val: -0.0291, best Val: -0.0089, Test: -0.2283
Training on 666 samples...
Train epoch: 4 [0/666 (0%)]	Loss: 1.636230
Make prediction for 666 samples...
Make prediction for 90 samples...
Make prediction for 86 samples...
EarlyStopping counter: 3 out of 30
Epoch: 003, Train Loss: 1.5961, Metric: r2, Train: 0.0141, Val: -0.1260, best Val: -0.0089, Test: -0.4081
Training on 666 samples...
Train epoch: 5 [0/666 (0%)]	Loss: 1.609739
Make prediction for 666 samples...
Make prediction for 90 samples...
Make prediction for 86 samples...
EarlyStopping counter: 4 out of 30
Epoch: 004, Train Loss: 1.5884, Metric: r2, Train: 0.0124, Val: -0.0090, best Val: -0.0089, Test: -0.0699
Training on 666 samples...
Train epoch: 6 [0/666 (0%)]	Loss: 1.500751
Make prediction for 666 samples...
Make prediction for 90 samples...
Make prediction for 86 samples...
EarlyStopping counter: 5 out of 30
Epoch: 005, Train Loss: 1.6000, Metric: r2, Train: 0.0451, Val: -0.1152, best Val: -0.0089, Test: -0.3032
Training on 666 samples...
Train epoch: 7 [0/666 (0%)]	Loss: 1.465884
Make prediction for 666 samples...
Make prediction for 90 samples...
Make prediction for 86 samples...
EarlyStopping counter: 6 out of 30
Epoch: 006, Train Loss: 1.5993, Metric: r2, Train: 0.0648, Val: -0.0655, best Val: -0.0089, Test: -0.1631
Training on 666 samples...
Train epoch: 8 [0/666 (0%)]	Loss: 1.524667
Make prediction for 666 samples...
Make prediction for 90 samples...
Make prediction for 86 samples...
EarlyStopping counter: 7 out of 30
Epoch: 007, Train Loss: 1.5528, Metric: r2, Train: 0.0764, Val: -0.0560, best Val: -0.0089, Test: -0.0626
Training on 666 samples...
Train epoch: 9 [0/666 (0%)]	Loss: 1.719825
Make prediction for 666 samples...
Make prediction for 90 samples...
Make prediction for 86 samples...
EarlyStopping counter: 8 out of 30
Epoch: 008, Train Loss: 1.5288, Metric: r2, Train: 0.0739, Val: -0.2206, best Val: -0.0089, Test: -0.2899
Training on 666 samples...
Train epoch: 10 [0/666 (0%)]	Loss: 1.576558
Make prediction for 666 samples...
Make prediction for 90 samples...
Make prediction for 86 samples...
EarlyStopping counter: 9 out of 30
Epoch: 009, Train Loss: 1.5313, Metric: r2, Train: 0.1261, Val: -0.0452, best Val: -0.0089, Test: 0.1090
Training on 666 samples...
Train epoch: 11 [0/666 (0%)]	Loss: 1.539300
Make prediction for 666 samples...
Make prediction for 90 samples...
Make prediction for 86 samples...
EarlyStopping counter: 10 out of 30
Epoch: 010, Train Loss: 1.4818, Metric: r2, Train: 0.1769, Val: -0.0691, best Val: -0.0089, Test: 0.1688
Training on 666 samples...
Train epoch: 12 [0/666 (0%)]	Loss: 1.353666
Make prediction for 666 samples...
Make prediction for 90 samples...
Make prediction for 86 samples...
EarlyStopping counter: 11 out of 30
Epoch: 011, Train Loss: 1.4269, Metric: r2, Train: 0.2656, Val: -0.0700, best Val: -0.0089, Test: 0.2907
Training on 666 samples...
Train epoch: 13 [0/666 (0%)]	Loss: 1.356959
Make prediction for 666 samples...
Make prediction for 90 samples...
Make prediction for 86 samples...
EarlyStopping counter: 12 out of 30
Epoch: 012, Train Loss: 1.3459, Metric: r2, Train: 0.3125, Val: -0.0799, best Val: -0.0089, Test: 0.4760
Training on 666 samples...
Train epoch: 14 [0/666 (0%)]	Loss: 1.396702
Make prediction for 666 samples...
Make prediction for 90 samples...
Make prediction for 86 samples...
EarlyStopping counter: 13 out of 30
Epoch: 013, Train Loss: 1.2859, Metric: r2, Train: 0.3156, Val: -0.2390, best Val: -0.0089, Test: 0.5045
Training on 666 samples...
Train epoch: 15 [0/666 (0%)]	Loss: 1.334164
Make prediction for 666 samples...
Make prediction for 90 samples...
Make prediction for 86 samples...
EarlyStopping counter: 14 out of 30
Epoch: 014, Train Loss: 1.2600, Metric: r2, Train: 0.4163, Val: -0.1852, best Val: -0.0089, Test: 0.5853
Training on 666 samples...
Train epoch: 16 [0/666 (0%)]	Loss: 1.245202
Make prediction for 666 samples...
Make prediction for 90 samples...
Make prediction for 86 samples...
EarlyStopping counter: 15 out of 30
Epoch: 015, Train Loss: 1.2059, Metric: r2, Train: 0.4612, Val: -0.1629, best Val: -0.0089, Test: 0.6263
Training on 666 samples...
Train epoch: 17 [0/666 (0%)]	Loss: 1.192459
Make prediction for 666 samples...
Make prediction for 90 samples...
Make prediction for 86 samples...
EarlyStopping counter: 16 out of 30
Epoch: 016, Train Loss: 1.1863, Metric: r2, Train: 0.4882, Val: -0.1578, best Val: -0.0089, Test: 0.6705
Training on 666 samples...
Train epoch: 18 [0/666 (0%)]	Loss: 1.170019
Make prediction for 666 samples...
Make prediction for 90 samples...
Make prediction for 86 samples...
EarlyStopping counter: 17 out of 30
Epoch: 017, Train Loss: 1.1444, Metric: r2, Train: 0.4722, Val: -0.1441, best Val: -0.0089, Test: 0.6208
Training on 666 samples...
Train epoch: 19 [0/666 (0%)]	Loss: 1.201242
Make prediction for 666 samples...
Make prediction for 90 samples...
Make prediction for 86 samples...
EarlyStopping counter: 18 out of 30
Epoch: 018, Train Loss: 1.1844, Metric: r2, Train: 0.3349, Val: -0.3010, best Val: -0.0089, Test: 0.3197
Training on 666 samples...
Train epoch: 20 [0/666 (0%)]	Loss: 1.279298
Make prediction for 666 samples...
Make prediction for 90 samples...
Make prediction for 86 samples...
EarlyStopping counter: 19 out of 30
Epoch: 019, Train Loss: 1.2120, Metric: r2, Train: 0.5297, Val: -0.0653, best Val: -0.0089, Test: 0.6067
Training on 666 samples...
Train epoch: 21 [0/666 (0%)]	Loss: 1.094565
Make prediction for 666 samples...
Make prediction for 90 samples...
Make prediction for 86 samples...
EarlyStopping counter: 20 out of 30
Epoch: 020, Train Loss: 1.1659, Metric: r2, Train: 0.5429, Val: -0.0229, best Val: -0.0089, Test: 0.6133
Training on 666 samples...
Train epoch: 22 [0/666 (0%)]	Loss: 1.128734
Make prediction for 666 samples...
Make prediction for 90 samples...
Make prediction for 86 samples...
EarlyStopping counter: 21 out of 30
Epoch: 021, Train Loss: 1.1418, Metric: r2, Train: 0.4767, Val: -0.0747, best Val: -0.0089, Test: 0.5060
Training on 666 samples...
Train epoch: 23 [0/666 (0%)]	Loss: 1.166574
Make prediction for 666 samples...
Make prediction for 90 samples...
Make prediction for 86 samples...
EarlyStopping counter: 22 out of 30
Epoch: 022, Train Loss: 1.1369, Metric: r2, Train: 0.5002, Val: -0.1900, best Val: -0.0089, Test: 0.5092
Training on 666 samples...
Train epoch: 24 [0/666 (0%)]	Loss: 1.138702
Make prediction for 666 samples...
Make prediction for 90 samples...
Make prediction for 86 samples...
EarlyStopping counter: 23 out of 30
Epoch: 023, Train Loss: 1.0887, Metric: r2, Train: 0.5303, Val: -0.0386, best Val: -0.0089, Test: 0.6118
Training on 666 samples...
Train epoch: 25 [0/666 (0%)]	Loss: 1.127210
Make prediction for 666 samples...
Make prediction for 90 samples...
Make prediction for 86 samples...
EarlyStopping counter: 24 out of 30
Epoch: 024, Train Loss: 1.0600, Metric: r2, Train: 0.5379, Val: -0.2190, best Val: -0.0089, Test: 0.4951
Training on 666 samples...
Train epoch: 26 [0/666 (0%)]	Loss: 1.100052
Make prediction for 666 samples...
Make prediction for 90 samples...
Make prediction for 86 samples...
Make prediction for 86 samples...
Epoch: 025, Train Loss: 1.0682, Metric: r2, Train: 0.5929, Val: 0.0186, best Val: 0.0186, Test: 0.6484
Training on 666 samples...
Train epoch: 27 [0/666 (0%)]	Loss: 1.039425
Make prediction for 666 samples...
Make prediction for 90 samples...
Make prediction for 86 samples...
EarlyStopping counter: 1 out of 30
Epoch: 026, Train Loss: 1.0154, Metric: r2, Train: 0.6169, Val: -0.0202, best Val: 0.0186, Test: 0.5878
Training on 666 samples...
Train epoch: 28 [0/666 (0%)]	Loss: 1.033303
Make prediction for 666 samples...
Make prediction for 90 samples...
Make prediction for 86 samples...
Make prediction for 86 samples...
Epoch: 027, Train Loss: 1.0110, Metric: r2, Train: 0.6332, Val: 0.0424, best Val: 0.0424, Test: 0.6103
Training on 666 samples...
Train epoch: 29 [0/666 (0%)]	Loss: 1.036718
Make prediction for 666 samples...
Make prediction for 90 samples...
Make prediction for 86 samples...
EarlyStopping counter: 1 out of 30
Epoch: 028, Train Loss: 1.0060, Metric: r2, Train: 0.6479, Val: 0.0351, best Val: 0.0424, Test: 0.5918
Training on 666 samples...
Train epoch: 30 [0/666 (0%)]	Loss: 0.953880
Make prediction for 666 samples...
Make prediction for 90 samples...
Make prediction for 86 samples...
EarlyStopping counter: 2 out of 30
Epoch: 029, Train Loss: 0.9734, Metric: r2, Train: 0.6519, Val: -0.0180, best Val: 0.0424, Test: 0.5442
Training on 666 samples...
Train epoch: 31 [0/666 (0%)]	Loss: 0.962542
Make prediction for 666 samples...
Make prediction for 90 samples...
Make prediction for 86 samples...
EarlyStopping counter: 3 out of 30
Epoch: 030, Train Loss: 0.9644, Metric: r2, Train: 0.6723, Val: 0.0333, best Val: 0.0424, Test: 0.5642
Training on 666 samples...
Train epoch: 32 [0/666 (0%)]	Loss: 0.998979
Make prediction for 666 samples...
Make prediction for 90 samples...
Make prediction for 86 samples...
Make prediction for 86 samples...
Epoch: 031, Train Loss: 0.9491, Metric: r2, Train: 0.6839, Val: 0.0765, best Val: 0.0765, Test: 0.5283
Training on 666 samples...
Train epoch: 33 [0/666 (0%)]	Loss: 0.968818
Make prediction for 666 samples...
Make prediction for 90 samples...
Make prediction for 86 samples...
EarlyStopping counter: 1 out of 30
Epoch: 032, Train Loss: 0.9438, Metric: r2, Train: 0.6928, Val: 0.0693, best Val: 0.0765, Test: 0.4519
Training on 666 samples...
Train epoch: 34 [0/666 (0%)]	Loss: 0.952236
Make prediction for 666 samples...
Make prediction for 90 samples...
Make prediction for 86 samples...
EarlyStopping counter: 2 out of 30
Epoch: 033, Train Loss: 0.9495, Metric: r2, Train: 0.6976, Val: 0.0579, best Val: 0.0765, Test: 0.3882
Training on 666 samples...
Train epoch: 35 [0/666 (0%)]	Loss: 0.916280
Make prediction for 666 samples...
Make prediction for 90 samples...
Make prediction for 86 samples...
Make prediction for 86 samples...
Epoch: 034, Train Loss: 0.9209, Metric: r2, Train: 0.7170, Val: 0.1762, best Val: 0.1762, Test: 0.4801
Training on 666 samples...
Train epoch: 36 [0/666 (0%)]	Loss: 0.938878
Make prediction for 666 samples...
Make prediction for 90 samples...
Make prediction for 86 samples...
Make prediction for 86 samples...
Epoch: 035, Train Loss: 0.9102, Metric: r2, Train: 0.6904, Val: 0.1843, best Val: 0.1843, Test: 0.4716
Training on 666 samples...
Train epoch: 37 [0/666 (0%)]	Loss: 0.926745
Make prediction for 666 samples...
Make prediction for 90 samples...
Make prediction for 86 samples...
EarlyStopping counter: 1 out of 30
Epoch: 036, Train Loss: 0.9135, Metric: r2, Train: 0.7339, Val: 0.1679, best Val: 0.1843, Test: 0.4623
Training on 666 samples...
Train epoch: 38 [0/666 (0%)]	Loss: 0.926447
Make prediction for 666 samples...
Make prediction for 90 samples...
Make prediction for 86 samples...
EarlyStopping counter: 2 out of 30
Epoch: 037, Train Loss: 0.8999, Metric: r2, Train: 0.7334, Val: 0.0535, best Val: 0.1843, Test: 0.3691
Training on 666 samples...
Train epoch: 39 [0/666 (0%)]	Loss: 0.940335
Make prediction for 666 samples...
Make prediction for 90 samples...
Make prediction for 86 samples...
EarlyStopping counter: 3 out of 30
Epoch: 038, Train Loss: 0.8979, Metric: r2, Train: 0.6903, Val: -0.0654, best Val: 0.1843, Test: 0.1983
Training on 666 samples...
Train epoch: 40 [0/666 (0%)]	Loss: 0.982676
Make prediction for 666 samples...
Make prediction for 90 samples...
Make prediction for 86 samples...
EarlyStopping counter: 4 out of 30
Epoch: 039, Train Loss: 0.9058, Metric: r2, Train: 0.7033, Val: -0.0537, best Val: 0.1843, Test: 0.1919
Training on 666 samples...
Train epoch: 41 [0/666 (0%)]	Loss: 0.902125
Make prediction for 666 samples...
Make prediction for 90 samples...
Make prediction for 86 samples...
EarlyStopping counter: 5 out of 30
Epoch: 040, Train Loss: 0.9020, Metric: r2, Train: 0.7456, Val: 0.0593, best Val: 0.1843, Test: 0.2969
Training on 666 samples...
Train epoch: 42 [0/666 (0%)]	Loss: 0.901089
Make prediction for 666 samples...
Make prediction for 90 samples...
Make prediction for 86 samples...
Make prediction for 86 samples...
Epoch: 041, Train Loss: 0.8849, Metric: r2, Train: 0.7433, Val: 0.2171, best Val: 0.2171, Test: 0.4042
Training on 666 samples...
Train epoch: 43 [0/666 (0%)]	Loss: 0.877476
Make prediction for 666 samples...
Make prediction for 90 samples...
Make prediction for 86 samples...
EarlyStopping counter: 1 out of 30
Epoch: 042, Train Loss: 0.8727, Metric: r2, Train: 0.7191, Val: 0.2146, best Val: 0.2171, Test: 0.3810
Training on 666 samples...
Train epoch: 44 [0/666 (0%)]	Loss: 0.897516
Make prediction for 666 samples...
Make prediction for 90 samples...
Make prediction for 86 samples...
Make prediction for 86 samples...
Epoch: 043, Train Loss: 0.8795, Metric: r2, Train: 0.7784, Val: 0.2481, best Val: 0.2481, Test: 0.4147
Training on 666 samples...
Train epoch: 45 [0/666 (0%)]	Loss: 0.850400
Make prediction for 666 samples...
Make prediction for 90 samples...
Make prediction for 86 samples...
EarlyStopping counter: 1 out of 30
Epoch: 044, Train Loss: 0.8860, Metric: r2, Train: 0.7648, Val: 0.1527, best Val: 0.2481, Test: 0.3001
Training on 666 samples...
Train epoch: 46 [0/666 (0%)]	Loss: 0.898835
Make prediction for 666 samples...
Make prediction for 90 samples...
Make prediction for 86 samples...
EarlyStopping counter: 2 out of 30
Epoch: 045, Train Loss: 0.8663, Metric: r2, Train: 0.7667, Val: 0.1222, best Val: 0.2481, Test: 0.2738
Training on 666 samples...
Train epoch: 47 [0/666 (0%)]	Loss: 0.848819
Make prediction for 666 samples...
Make prediction for 90 samples...
Make prediction for 86 samples...
EarlyStopping counter: 3 out of 30
Epoch: 046, Train Loss: 0.8331, Metric: r2, Train: 0.7983, Val: 0.2360, best Val: 0.2481, Test: 0.3914
Training on 666 samples...
Train epoch: 48 [0/666 (0%)]	Loss: 0.837046
Make prediction for 666 samples...
Make prediction for 90 samples...
Make prediction for 86 samples...
EarlyStopping counter: 4 out of 30
Epoch: 047, Train Loss: 0.8843, Metric: r2, Train: 0.7844, Val: 0.1280, best Val: 0.2481, Test: 0.2653
Training on 666 samples...
Train epoch: 49 [0/666 (0%)]	Loss: 0.850010
Make prediction for 666 samples...
Make prediction for 90 samples...
Make prediction for 86 samples...
Make prediction for 86 samples...
Epoch: 048, Train Loss: 0.8573, Metric: r2, Train: 0.7950, Val: 0.2742, best Val: 0.2742, Test: 0.3709
Training on 666 samples...
Train epoch: 50 [0/666 (0%)]	Loss: 0.868578
Make prediction for 666 samples...
Make prediction for 90 samples...
Make prediction for 86 samples...
EarlyStopping counter: 1 out of 30
Epoch: 049, Train Loss: 0.8528, Metric: r2, Train: 0.7339, Val: 0.2455, best Val: 0.2742, Test: 0.3117
Training on 666 samples...
Train epoch: 51 [0/666 (0%)]	Loss: 0.871259
Make prediction for 666 samples...
Make prediction for 90 samples...
Make prediction for 86 samples...
EarlyStopping counter: 2 out of 30
Epoch: 050, Train Loss: 0.8495, Metric: r2, Train: 0.7947, Val: 0.1031, best Val: 0.2742, Test: 0.3634
Training on 666 samples...
Train epoch: 52 [0/666 (0%)]	Loss: 0.824693
Make prediction for 666 samples...
Make prediction for 90 samples...
Make prediction for 86 samples...
EarlyStopping counter: 3 out of 30
Epoch: 051, Train Loss: 0.8515, Metric: r2, Train: 0.6782, Val: -0.2442, best Val: 0.2742, Test: 0.0350
Training on 666 samples...
Train epoch: 53 [0/666 (0%)]	Loss: 1.000365
Make prediction for 666 samples...
Make prediction for 90 samples...
Make prediction for 86 samples...
EarlyStopping counter: 4 out of 30
Epoch: 052, Train Loss: 0.9029, Metric: r2, Train: 0.8053, Val: 0.2390, best Val: 0.2742, Test: 0.3610
Training on 666 samples...
Train epoch: 54 [0/666 (0%)]	Loss: 0.841866
Make prediction for 666 samples...
Make prediction for 90 samples...
Make prediction for 86 samples...
EarlyStopping counter: 5 out of 30
Epoch: 053, Train Loss: 0.8345, Metric: r2, Train: 0.7770, Val: 0.2716, best Val: 0.2742, Test: 0.3742
Training on 666 samples...
Train epoch: 55 [0/666 (0%)]	Loss: 0.872677
Make prediction for 666 samples...
Make prediction for 90 samples...
Make prediction for 86 samples...
EarlyStopping counter: 6 out of 30
Epoch: 054, Train Loss: 0.8418, Metric: r2, Train: 0.7817, Val: 0.2499, best Val: 0.2742, Test: 0.4206
Training on 666 samples...
Train epoch: 56 [0/666 (0%)]	Loss: 0.870088
Make prediction for 666 samples...
Make prediction for 90 samples...
Make prediction for 86 samples...
EarlyStopping counter: 7 out of 30
Epoch: 055, Train Loss: 0.8312, Metric: r2, Train: 0.7758, Val: -0.0170, best Val: 0.2742, Test: 0.2136
Training on 666 samples...
Train epoch: 57 [0/666 (0%)]	Loss: 0.842525
Make prediction for 666 samples...
Make prediction for 90 samples...
Make prediction for 86 samples...
EarlyStopping counter: 8 out of 30
Epoch: 056, Train Loss: 0.8331, Metric: r2, Train: 0.8116, Val: 0.1827, best Val: 0.2742, Test: 0.2889
Training on 666 samples...
Train epoch: 58 [0/666 (0%)]	Loss: 0.814525
Make prediction for 666 samples...
Make prediction for 90 samples...
Make prediction for 86 samples...
Make prediction for 86 samples...
Epoch: 057, Train Loss: 0.8413, Metric: r2, Train: 0.7661, Val: 0.3325, best Val: 0.3325, Test: 0.3140
Training on 666 samples...
Train epoch: 59 [0/666 (0%)]	Loss: 0.865281
Make prediction for 666 samples...
Make prediction for 90 samples...
Make prediction for 86 samples...
Make prediction for 86 samples...
Epoch: 058, Train Loss: 0.8548, Metric: r2, Train: 0.7618, Val: 0.3364, best Val: 0.3364, Test: 0.2985
Training on 666 samples...
Train epoch: 60 [0/666 (0%)]	Loss: 0.872578
Make prediction for 666 samples...
Make prediction for 90 samples...
Make prediction for 86 samples...
EarlyStopping counter: 1 out of 30
Epoch: 059, Train Loss: 0.8489, Metric: r2, Train: 0.6657, Val: -0.1535, best Val: 0.3364, Test: 0.0841
Training on 666 samples...
Train epoch: 61 [0/666 (0%)]	Loss: 0.996805
Make prediction for 666 samples...
Make prediction for 90 samples...
Make prediction for 86 samples...
EarlyStopping counter: 2 out of 30
Epoch: 060, Train Loss: 0.9108, Metric: r2, Train: 0.8200, Val: 0.3218, best Val: 0.3364, Test: 0.4316
Training on 666 samples...
Train epoch: 62 [0/666 (0%)]	Loss: 0.818425
Make prediction for 666 samples...
Make prediction for 90 samples...
Make prediction for 86 samples...
EarlyStopping counter: 3 out of 30
Epoch: 061, Train Loss: 0.8497, Metric: r2, Train: 0.7526, Val: 0.2499, best Val: 0.3364, Test: 0.3286
Training on 666 samples...
Train epoch: 63 [0/666 (0%)]	Loss: 0.892872
Make prediction for 666 samples...
Make prediction for 90 samples...
Make prediction for 86 samples...
EarlyStopping counter: 4 out of 30
Epoch: 062, Train Loss: 0.8606, Metric: r2, Train: 0.7759, Val: 0.0833, best Val: 0.3364, Test: 0.2752
Training on 666 samples...
Train epoch: 64 [0/666 (0%)]	Loss: 0.870604
Make prediction for 666 samples...
Make prediction for 90 samples...
Make prediction for 86 samples...
EarlyStopping counter: 5 out of 30
Epoch: 063, Train Loss: 0.8376, Metric: r2, Train: 0.8336, Val: 0.2919, best Val: 0.3364, Test: 0.4213
Training on 666 samples...
Train epoch: 65 [0/666 (0%)]	Loss: 0.797642
Make prediction for 666 samples...
Make prediction for 90 samples...
Make prediction for 86 samples...
EarlyStopping counter: 6 out of 30
Epoch: 064, Train Loss: 0.8110, Metric: r2, Train: 0.7953, Val: 0.3134, best Val: 0.3364, Test: 0.3919
Training on 666 samples...
Train epoch: 66 [0/666 (0%)]	Loss: 0.831199
Make prediction for 666 samples...
Make prediction for 90 samples...
Make prediction for 86 samples...
EarlyStopping counter: 7 out of 30
Epoch: 065, Train Loss: 0.8193, Metric: r2, Train: 0.8109, Val: 0.1758, best Val: 0.3364, Test: 0.2996
Training on 666 samples...
Train epoch: 67 [0/666 (0%)]	Loss: 0.863916
Make prediction for 666 samples...
Make prediction for 90 samples...
Make prediction for 86 samples...
EarlyStopping counter: 8 out of 30
Epoch: 066, Train Loss: 0.8244, Metric: r2, Train: 0.8320, Val: 0.2755, best Val: 0.3364, Test: 0.3320
Training on 666 samples...
Train epoch: 68 [0/666 (0%)]	Loss: 0.783269
Make prediction for 666 samples...
Make prediction for 90 samples...
Make prediction for 86 samples...
Make prediction for 86 samples...
Epoch: 067, Train Loss: 0.8113, Metric: r2, Train: 0.7854, Val: 0.3655, best Val: 0.3655, Test: 0.3228
Training on 666 samples...
Train epoch: 69 [0/666 (0%)]	Loss: 0.832582
Make prediction for 666 samples...
Make prediction for 90 samples...
Make prediction for 86 samples...
EarlyStopping counter: 1 out of 30
Epoch: 068, Train Loss: 0.8169, Metric: r2, Train: 0.8376, Val: 0.3166, best Val: 0.3655, Test: 0.3726
Training on 666 samples...
Train epoch: 70 [0/666 (0%)]	Loss: 0.785602
Make prediction for 666 samples...
Make prediction for 90 samples...
Make prediction for 86 samples...
EarlyStopping counter: 2 out of 30
Epoch: 069, Train Loss: 0.8050, Metric: r2, Train: 0.8447, Val: 0.3427, best Val: 0.3655, Test: 0.3847
Training on 666 samples...
Train epoch: 71 [0/666 (0%)]	Loss: 0.807118
Make prediction for 666 samples...
Make prediction for 90 samples...
Make prediction for 86 samples...
Make prediction for 86 samples...
Epoch: 070, Train Loss: 0.7783, Metric: r2, Train: 0.8370, Val: 0.3739, best Val: 0.3739, Test: 0.3598
Training on 666 samples...
Train epoch: 72 [0/666 (0%)]	Loss: 0.799570
Make prediction for 666 samples...
Make prediction for 90 samples...
Make prediction for 86 samples...
EarlyStopping counter: 1 out of 30
Epoch: 071, Train Loss: 0.7814, Metric: r2, Train: 0.8321, Val: 0.1826, best Val: 0.3739, Test: 0.2871
Training on 666 samples...
Train epoch: 73 [0/666 (0%)]	Loss: 0.785950
Make prediction for 666 samples...
Make prediction for 90 samples...
Make prediction for 86 samples...
EarlyStopping counter: 2 out of 30
Epoch: 072, Train Loss: 0.7749, Metric: r2, Train: 0.8540, Val: 0.3302, best Val: 0.3739, Test: 0.3193
Training on 666 samples...
Train epoch: 74 [0/666 (0%)]	Loss: 0.786050
Make prediction for 666 samples...
Make prediction for 90 samples...
Make prediction for 86 samples...
EarlyStopping counter: 3 out of 30
Epoch: 073, Train Loss: 0.7748, Metric: r2, Train: 0.8217, Val: 0.3709, best Val: 0.3739, Test: 0.2720
Training on 666 samples...
Train epoch: 75 [0/666 (0%)]	Loss: 0.811082
Make prediction for 666 samples...
Make prediction for 90 samples...
Make prediction for 86 samples...
EarlyStopping counter: 4 out of 30
Epoch: 074, Train Loss: 0.7878, Metric: r2, Train: 0.8342, Val: 0.2697, best Val: 0.3739, Test: 0.2867
Training on 666 samples...
Train epoch: 76 [0/666 (0%)]	Loss: 0.788080
Make prediction for 666 samples...
Make prediction for 90 samples...
Make prediction for 86 samples...
EarlyStopping counter: 5 out of 30
Epoch: 075, Train Loss: 0.7716, Metric: r2, Train: 0.8615, Val: 0.3721, best Val: 0.3739, Test: 0.3824
Training on 666 samples...
Train epoch: 77 [0/666 (0%)]	Loss: 0.777079
Make prediction for 666 samples...
Make prediction for 90 samples...
Make prediction for 86 samples...
EarlyStopping counter: 6 out of 30
Epoch: 076, Train Loss: 0.7786, Metric: r2, Train: 0.8156, Val: 0.3472, best Val: 0.3739, Test: 0.3211
Training on 666 samples...
Train epoch: 78 [0/666 (0%)]	Loss: 0.804494
Make prediction for 666 samples...
Make prediction for 90 samples...
Make prediction for 86 samples...
EarlyStopping counter: 7 out of 30
Epoch: 077, Train Loss: 0.7872, Metric: r2, Train: 0.8636, Val: 0.3545, best Val: 0.3739, Test: 0.3275
Training on 666 samples...
Train epoch: 79 [0/666 (0%)]	Loss: 0.777854
Make prediction for 666 samples...
Make prediction for 90 samples...
Make prediction for 86 samples...
EarlyStopping counter: 8 out of 30
Epoch: 078, Train Loss: 0.7680, Metric: r2, Train: 0.8335, Val: 0.2265, best Val: 0.3739, Test: 0.2392
Training on 666 samples...
Train epoch: 80 [0/666 (0%)]	Loss: 0.789061
Make prediction for 666 samples...
Make prediction for 90 samples...
Make prediction for 86 samples...
EarlyStopping counter: 9 out of 30
Epoch: 079, Train Loss: 0.7834, Metric: r2, Train: 0.8423, Val: 0.3286, best Val: 0.3739, Test: 0.3355
Training on 666 samples...
Train epoch: 81 [0/666 (0%)]	Loss: 0.788868
Make prediction for 666 samples...
Make prediction for 90 samples...
Make prediction for 86 samples...
EarlyStopping counter: 10 out of 30
Epoch: 080, Train Loss: 0.7754, Metric: r2, Train: 0.8622, Val: 0.3404, best Val: 0.3739, Test: 0.4039
Training on 666 samples...
Train epoch: 82 [0/666 (0%)]	Loss: 0.779294
Make prediction for 666 samples...
Make prediction for 90 samples...
Make prediction for 86 samples...
EarlyStopping counter: 11 out of 30
Epoch: 081, Train Loss: 0.7778, Metric: r2, Train: 0.8564, Val: 0.2908, best Val: 0.3739, Test: 0.3671
Training on 666 samples...
Train epoch: 83 [0/666 (0%)]	Loss: 0.772485
Make prediction for 666 samples...
Make prediction for 90 samples...
Make prediction for 86 samples...
EarlyStopping counter: 12 out of 30
Epoch: 082, Train Loss: 0.7756, Metric: r2, Train: 0.8471, Val: 0.2406, best Val: 0.3739, Test: 0.3367
Training on 666 samples...
Train epoch: 84 [0/666 (0%)]	Loss: 0.788100
Make prediction for 666 samples...
Make prediction for 90 samples...
Make prediction for 86 samples...
EarlyStopping counter: 13 out of 30
Epoch: 083, Train Loss: 0.7649, Metric: r2, Train: 0.8474, Val: 0.3549, best Val: 0.3739, Test: 0.3320
Training on 666 samples...
Train epoch: 85 [0/666 (0%)]	Loss: 0.784778
Make prediction for 666 samples...
Make prediction for 90 samples...
Make prediction for 86 samples...
Make prediction for 86 samples...
Epoch: 084, Train Loss: 0.7660, Metric: r2, Train: 0.8605, Val: 0.3805, best Val: 0.3805, Test: 0.3121
Training on 666 samples...
Train epoch: 86 [0/666 (0%)]	Loss: 0.769547
Make prediction for 666 samples...
Make prediction for 90 samples...
Make prediction for 86 samples...
EarlyStopping counter: 1 out of 30
Epoch: 085, Train Loss: 0.7619, Metric: r2, Train: 0.8615, Val: 0.3069, best Val: 0.3805, Test: 0.2779
Training on 666 samples...
Train epoch: 87 [0/666 (0%)]	Loss: 0.781114
Make prediction for 666 samples...
Make prediction for 90 samples...
Make prediction for 86 samples...
EarlyStopping counter: 2 out of 30
Epoch: 086, Train Loss: 0.7527, Metric: r2, Train: 0.8770, Val: 0.3402, best Val: 0.3805, Test: 0.3321
Training on 666 samples...
Train epoch: 88 [0/666 (0%)]	Loss: 0.772257
Make prediction for 666 samples...
Make prediction for 90 samples...
Make prediction for 86 samples...
EarlyStopping counter: 3 out of 30
Epoch: 087, Train Loss: 0.7449, Metric: r2, Train: 0.8811, Val: 0.3425, best Val: 0.3805, Test: 0.3674
Training on 666 samples...
Train epoch: 89 [0/666 (0%)]	Loss: 0.743987
Make prediction for 666 samples...
Make prediction for 90 samples...
Make prediction for 86 samples...
EarlyStopping counter: 4 out of 30
Epoch: 088, Train Loss: 0.7408, Metric: r2, Train: 0.8751, Val: 0.2989, best Val: 0.3805, Test: 0.3141
Training on 666 samples...
Train epoch: 90 [0/666 (0%)]	Loss: 0.756170
Make prediction for 666 samples...
Make prediction for 90 samples...
Make prediction for 86 samples...
EarlyStopping counter: 5 out of 30
Epoch: 089, Train Loss: 0.7477, Metric: r2, Train: 0.8672, Val: 0.2630, best Val: 0.3805, Test: 0.2923
Training on 666 samples...
Train epoch: 91 [0/666 (0%)]	Loss: 0.759898
Make prediction for 666 samples...
Make prediction for 90 samples...
Make prediction for 86 samples...
EarlyStopping counter: 6 out of 30
Epoch: 090, Train Loss: 0.7525, Metric: r2, Train: 0.8837, Val: 0.3649, best Val: 0.3805, Test: 0.3241
Training on 666 samples...
Train epoch: 92 [0/666 (0%)]	Loss: 0.753574
Make prediction for 666 samples...
Make prediction for 90 samples...
Make prediction for 86 samples...
EarlyStopping counter: 7 out of 30
Epoch: 091, Train Loss: 0.7597, Metric: r2, Train: 0.8837, Val: 0.3790, best Val: 0.3805, Test: 0.3079
Training on 666 samples...
Train epoch: 93 [0/666 (0%)]	Loss: 0.765866
Make prediction for 666 samples...
Make prediction for 90 samples...
Make prediction for 86 samples...
Make prediction for 86 samples...
Epoch: 092, Train Loss: 0.7464, Metric: r2, Train: 0.8615, Val: 0.3831, best Val: 0.3831, Test: 0.2625
Training on 666 samples...
Train epoch: 94 [0/666 (0%)]	Loss: 0.769138
Make prediction for 666 samples...
Make prediction for 90 samples...
Make prediction for 86 samples...
EarlyStopping counter: 1 out of 30
Epoch: 093, Train Loss: 0.7481, Metric: r2, Train: 0.8873, Val: 0.3560, best Val: 0.3831, Test: 0.3406
Training on 666 samples...
Train epoch: 95 [0/666 (0%)]	Loss: 0.748320
Make prediction for 666 samples...
Make prediction for 90 samples...
Make prediction for 86 samples...
EarlyStopping counter: 2 out of 30
Epoch: 094, Train Loss: 0.7376, Metric: r2, Train: 0.8888, Val: 0.3168, best Val: 0.3831, Test: 0.3188
Training on 666 samples...
Train epoch: 96 [0/666 (0%)]	Loss: 0.736515
Make prediction for 666 samples...
Make prediction for 90 samples...
Make prediction for 86 samples...
EarlyStopping counter: 3 out of 30
Epoch: 095, Train Loss: 0.7303, Metric: r2, Train: 0.8904, Val: 0.2649, best Val: 0.3831, Test: 0.2938
Training on 666 samples...
Train epoch: 97 [0/666 (0%)]	Loss: 0.741873
Make prediction for 666 samples...
Make prediction for 90 samples...
Make prediction for 86 samples...
EarlyStopping counter: 4 out of 30
Epoch: 096, Train Loss: 0.7352, Metric: r2, Train: 0.8895, Val: 0.2658, best Val: 0.3831, Test: 0.2771
Training on 666 samples...
Train epoch: 98 [0/666 (0%)]	Loss: 0.735512
Make prediction for 666 samples...
Make prediction for 90 samples...
Make prediction for 86 samples...
EarlyStopping counter: 5 out of 30
Epoch: 097, Train Loss: 0.7290, Metric: r2, Train: 0.8887, Val: 0.2872, best Val: 0.3831, Test: 0.2848
Training on 666 samples...
Train epoch: 99 [0/666 (0%)]	Loss: 0.731881
Make prediction for 666 samples...
Make prediction for 90 samples...
Make prediction for 86 samples...
EarlyStopping counter: 6 out of 30
Epoch: 098, Train Loss: 0.7291, Metric: r2, Train: 0.8639, Val: 0.1841, best Val: 0.3831, Test: 0.2976
Training on 666 samples...
Train epoch: 100 [0/666 (0%)]	Loss: 0.768163
Make prediction for 666 samples...
Make prediction for 90 samples...
Make prediction for 86 samples...
EarlyStopping counter: 7 out of 30
Epoch: 099, Train Loss: 0.7432, Metric: r2, Train: 0.8549, Val: 0.1306, best Val: 0.3831, Test: 0.2968
Training on 666 samples...
Train epoch: 101 [0/666 (0%)]	Loss: 0.774252
Make prediction for 666 samples...
Make prediction for 90 samples...
Make prediction for 86 samples...
EarlyStopping counter: 8 out of 30
Epoch: 100, Train Loss: 0.7468, Metric: r2, Train: 0.8766, Val: 0.1706, best Val: 0.3831, Test: 0.3110
Training on 666 samples...
Train epoch: 102 [0/666 (0%)]	Loss: 0.751586
Make prediction for 666 samples...
Make prediction for 90 samples...
Make prediction for 86 samples...
EarlyStopping counter: 9 out of 30
Epoch: 101, Train Loss: 0.7574, Metric: r2, Train: 0.8983, Val: 0.2664, best Val: 0.3831, Test: 0.3290
Training on 666 samples...
Train epoch: 103 [0/666 (0%)]	Loss: 0.728012
Make prediction for 666 samples...
Make prediction for 90 samples...
Make prediction for 86 samples...
EarlyStopping counter: 10 out of 30
Epoch: 102, Train Loss: 0.7568, Metric: r2, Train: 0.8851, Val: 0.2740, best Val: 0.3831, Test: 0.2888
Training on 666 samples...
Train epoch: 104 [0/666 (0%)]	Loss: 0.745385
Make prediction for 666 samples...
Make prediction for 90 samples...
Make prediction for 86 samples...
EarlyStopping counter: 11 out of 30
Epoch: 103, Train Loss: 0.7431, Metric: r2, Train: 0.8404, Val: 0.2619, best Val: 0.3831, Test: 0.1819
Training on 666 samples...
Train epoch: 105 [0/666 (0%)]	Loss: 0.799716
Make prediction for 666 samples...
Make prediction for 90 samples...
Make prediction for 86 samples...
EarlyStopping counter: 12 out of 30
Epoch: 104, Train Loss: 0.7529, Metric: r2, Train: 0.8993, Val: 0.2687, best Val: 0.3831, Test: 0.3408
Training on 666 samples...
Train epoch: 106 [0/666 (0%)]	Loss: 0.743962
Make prediction for 666 samples...
Make prediction for 90 samples...
Make prediction for 86 samples...
EarlyStopping counter: 13 out of 30
Epoch: 105, Train Loss: 0.7190, Metric: r2, Train: 0.8975, Val: 0.1999, best Val: 0.3831, Test: 0.3289
Training on 666 samples...
Train epoch: 107 [0/666 (0%)]	Loss: 0.740232
Make prediction for 666 samples...
Make prediction for 90 samples...
Make prediction for 86 samples...
EarlyStopping counter: 14 out of 30
Epoch: 106, Train Loss: 0.7211, Metric: r2, Train: 0.8891, Val: 0.2251, best Val: 0.3831, Test: 0.2699
Training on 666 samples...
Train epoch: 108 [0/666 (0%)]	Loss: 0.743131
Make prediction for 666 samples...
Make prediction for 90 samples...
Make prediction for 86 samples...
EarlyStopping counter: 15 out of 30
Epoch: 107, Train Loss: 0.7210, Metric: r2, Train: 0.9067, Val: 0.3107, best Val: 0.3831, Test: 0.2810
Training on 666 samples...
Train epoch: 109 [0/666 (0%)]	Loss: 0.727939
Make prediction for 666 samples...
Make prediction for 90 samples...
Make prediction for 86 samples...
EarlyStopping counter: 16 out of 30
Epoch: 108, Train Loss: 0.7170, Metric: r2, Train: 0.8779, Val: 0.3106, best Val: 0.3831, Test: 0.2290
Training on 666 samples...
Train epoch: 110 [0/666 (0%)]	Loss: 0.754062
Make prediction for 666 samples...
Make prediction for 90 samples...
Make prediction for 86 samples...
EarlyStopping counter: 17 out of 30
Epoch: 109, Train Loss: 0.7318, Metric: r2, Train: 0.8421, Val: 0.2690, best Val: 0.3831, Test: 0.1258
Training on 666 samples...
Train epoch: 111 [0/666 (0%)]	Loss: 0.770266
Make prediction for 666 samples...
Make prediction for 90 samples...
Make prediction for 86 samples...
EarlyStopping counter: 18 out of 30
Epoch: 110, Train Loss: 0.7398, Metric: r2, Train: 0.8961, Val: 0.2032, best Val: 0.3831, Test: 0.2945
Training on 666 samples...
Train epoch: 112 [0/666 (0%)]	Loss: 0.736193
Make prediction for 666 samples...
Make prediction for 90 samples...
Make prediction for 86 samples...
EarlyStopping counter: 19 out of 30
Epoch: 111, Train Loss: 0.7395, Metric: r2, Train: 0.8541, Val: 0.0102, best Val: 0.3831, Test: 0.2395
Training on 666 samples...
Train epoch: 113 [0/666 (0%)]	Loss: 0.783511
Make prediction for 666 samples...
Make prediction for 90 samples...
Make prediction for 86 samples...
EarlyStopping counter: 20 out of 30
Epoch: 112, Train Loss: 0.7440, Metric: r2, Train: 0.8807, Val: 0.0573, best Val: 0.3831, Test: 0.2774
Training on 666 samples...
Train epoch: 114 [0/666 (0%)]	Loss: 0.751540
Make prediction for 666 samples...
Make prediction for 90 samples...
Make prediction for 86 samples...
EarlyStopping counter: 21 out of 30
Epoch: 113, Train Loss: 0.7381, Metric: r2, Train: 0.9070, Val: 0.2343, best Val: 0.3831, Test: 0.2608
Training on 666 samples...
Train epoch: 115 [0/666 (0%)]	Loss: 0.729721
Make prediction for 666 samples...
Make prediction for 90 samples...
Make prediction for 86 samples...
EarlyStopping counter: 22 out of 30
Epoch: 114, Train Loss: 0.7447, Metric: r2, Train: 0.8582, Val: 0.2774, best Val: 0.3831, Test: 0.1586
Training on 666 samples...
Train epoch: 116 [0/666 (0%)]	Loss: 0.773974
Make prediction for 666 samples...
Make prediction for 90 samples...
Make prediction for 86 samples...
EarlyStopping counter: 23 out of 30
Epoch: 115, Train Loss: 0.7391, Metric: r2, Train: 0.9087, Val: 0.2737, best Val: 0.3831, Test: 0.3007
Training on 666 samples...
Train epoch: 117 [0/666 (0%)]	Loss: 0.713518
Make prediction for 666 samples...
Make prediction for 90 samples...
Make prediction for 86 samples...
EarlyStopping counter: 24 out of 30
Epoch: 116, Train Loss: 0.7141, Metric: r2, Train: 0.9033, Val: 0.1629, best Val: 0.3831, Test: 0.3090
Training on 666 samples...
Train epoch: 118 [0/666 (0%)]	Loss: 0.728171
Make prediction for 666 samples...
Make prediction for 90 samples...
Make prediction for 86 samples...
EarlyStopping counter: 25 out of 30
Epoch: 117, Train Loss: 0.7200, Metric: r2, Train: 0.8773, Val: 0.1252, best Val: 0.3831, Test: 0.2333
Training on 666 samples...
Train epoch: 119 [0/666 (0%)]	Loss: 0.754109
Make prediction for 666 samples...
Make prediction for 90 samples...
Make prediction for 86 samples...
EarlyStopping counter: 26 out of 30
Epoch: 118, Train Loss: 0.7262, Metric: r2, Train: 0.9148, Val: 0.2753, best Val: 0.3831, Test: 0.2671
Training on 666 samples...
Train epoch: 120 [0/666 (0%)]	Loss: 0.738894
Make prediction for 666 samples...
Make prediction for 90 samples...
Make prediction for 86 samples...
EarlyStopping counter: 27 out of 30
Epoch: 119, Train Loss: 0.7172, Metric: r2, Train: 0.8836, Val: 0.2796, best Val: 0.3831, Test: 0.2137
Training on 666 samples...
Train epoch: 121 [0/666 (0%)]	Loss: 0.729313
Make prediction for 666 samples...
Make prediction for 90 samples...
Make prediction for 86 samples...
EarlyStopping counter: 28 out of 30
Epoch: 120, Train Loss: 0.7170, Metric: r2, Train: 0.8898, Val: 0.2506, best Val: 0.3831, Test: 0.2379
Training on 666 samples...
Train epoch: 122 [0/666 (0%)]	Loss: 0.738847
Make prediction for 666 samples...
Make prediction for 90 samples...
Make prediction for 86 samples...
EarlyStopping counter: 29 out of 30
Epoch: 121, Train Loss: 0.7312, Metric: r2, Train: 0.9167, Val: 0.1719, best Val: 0.3831, Test: 0.2825
Training on 666 samples...
Train epoch: 123 [0/666 (0%)]	Loss: 0.699676
Make prediction for 666 samples...
Make prediction for 90 samples...
Make prediction for 86 samples...
EarlyStopping counter: 30 out of 30
Epoch: 122, Train Loss: 0.7277, Metric: r2, Train: 0.8433, Val: -0.1011, best Val: 0.3831, Test: 0.2101
out of patience!
******Caco2_Perimeter_2054, 5th_time_result******
train_result: 0.8615
val_result: 0.3831
test_result: 0.2625
************************************5_times_result************************************
the train result of all tasks (r2):  [ 0.83896957  0.85516601  0.84628191 -0.05368554  0.86154603]
the average train result of all tasks (r2): 0.6697
the train result of all tasks (std): 0.3618
the train result of all tasks (var): 0.1309
the val result of all tasks (r2):  [ 0.46812371  0.37019622  0.41572534 -0.0028848   0.38305132]
the average val result of all tasks (r2): 0.3268
the val result of all tasks (std): 0.1683
the val result of all tasks (var): 0.0283
the test result of all tasks (r2): [ 0.20851365  0.42974575  0.4364525  -0.07575793  0.26249155]
the average test result of all tasks (r2): 0.2523
the test result of all tasks (std): 0.1871
the test result of all tasks (var): 0.0350
Caco2_Perimeter_2054 time used:, 0:1:51
/root/data1/miniconda3/envs/CMMSGCL/lib/python3.8/site-packages/torch_geometric/data/in_memory_dataset.py:284: UserWarning: It is not recommended to directly access the internal storage format `data` of an 'InMemoryDataset'. If you are absolutely certain what you are doing, access the internal storage via `InMemoryDataset._data` instead to suppress this warning. Alternatively, you can access stacked individual attributes of every graph via `dataset.{attr_name}`.
  warnings.warn(msg)
/root/data1/miniconda3/envs/CMMSGCL/lib/python3.8/site-packages/torch_geometric/deprecation.py:22: UserWarning: 'data.DataLoader' is deprecated, use 'loader.DataLoader' instead
  warnings.warn(out)
/root/data1/miniconda3/envs/CMMSGCL/lib/python3.8/site-packages/torch_geometric/data/in_memory_dataset.py:284: UserWarning: It is not recommended to directly access the internal storage format `data` of an 'InMemoryDataset'. If you are absolutely certain what you are doing, access the internal storage via `InMemoryDataset._data` instead to suppress this warning. Alternatively, you can access stacked individual attributes of every graph via `dataset.{attr_name}`.
  warnings.warn(msg)
/root/data1/miniconda3/envs/CMMSGCL/lib/python3.8/site-packages/torch_geometric/deprecation.py:22: UserWarning: 'data.DataLoader' is deprecated, use 'loader.DataLoader' instead
  warnings.warn(out)
/root/data1/miniconda3/envs/CMMSGCL/lib/python3.8/site-packages/torch_geometric/data/in_memory_dataset.py:284: UserWarning: It is not recommended to directly access the internal storage format `data` of an 'InMemoryDataset'. If you are absolutely certain what you are doing, access the internal storage via `InMemoryDataset._data` instead to suppress this warning. Alternatively, you can access stacked individual attributes of every graph via `dataset.{attr_name}`.
  warnings.warn(msg)
/root/data1/miniconda3/envs/CMMSGCL/lib/python3.8/site-packages/torch_geometric/deprecation.py:22: UserWarning: 'data.DataLoader' is deprecated, use 'loader.DataLoader' instead
  warnings.warn(out)
/root/data1/miniconda3/envs/CMMSGCL/lib/python3.8/site-packages/torch_geometric/data/in_memory_dataset.py:284: UserWarning: It is not recommended to directly access the internal storage format `data` of an 'InMemoryDataset'. If you are absolutely certain what you are doing, access the internal storage via `InMemoryDataset._data` instead to suppress this warning. Alternatively, you can access stacked individual attributes of every graph via `dataset.{attr_name}`.
  warnings.warn(msg)
/root/data1/miniconda3/envs/CMMSGCL/lib/python3.8/site-packages/torch_geometric/deprecation.py:22: UserWarning: 'data.DataLoader' is deprecated, use 'loader.DataLoader' instead
  warnings.warn(out)
/root/data1/miniconda3/envs/CMMSGCL/lib/python3.8/site-packages/torch_geometric/data/in_memory_dataset.py:284: UserWarning: It is not recommended to directly access the internal storage format `data` of an 'InMemoryDataset'. If you are absolutely certain what you are doing, access the internal storage via `InMemoryDataset._data` instead to suppress this warning. Alternatively, you can access stacked individual attributes of every graph via `dataset.{attr_name}`.
  warnings.warn(msg)
/root/data1/miniconda3/envs/CMMSGCL/lib/python3.8/site-packages/torch_geometric/deprecation.py:22: UserWarning: 'data.DataLoader' is deprecated, use 'loader.DataLoader' instead
  warnings.warn(out)
Current seed: 2064, current split method: Perimeter, current task: Caco2
Learning rate:  0.0005
Epochs:  500
Current seed: 2024
Pre-processed data found: data/processed/Caco2_Perimeter_2064/Caco2_Perimeter_2064_train.pt, loading ...
Pre-processed data found: data/processed/Caco2_Perimeter_2064/Caco2_Perimeter_2064_valid.pt, loading ...
Pre-processed data found: data/processed/Caco2_Perimeter_2064/Caco2_Perimeter_2064_test.pt, loading ...
trainset mean:-5.18760347366333 std:0.7630442380905151
Training on 653 samples...
Train epoch: 1 [0/653 (0%)]	Loss: 1.744769
Make prediction for 653 samples...
Make prediction for 102 samples...
Make prediction for 87 samples...
Make prediction for 87 samples...
Epoch: 000, Train Loss: 1.7245, Metric: r2, Train: -0.0474, Val: -0.1279, best Val: -0.1279, Test: -0.0971
Training on 653 samples...
Train epoch: 2 [0/653 (0%)]	Loss: 1.826002
Make prediction for 653 samples...
Make prediction for 102 samples...
Make prediction for 87 samples...
Make prediction for 87 samples...
Epoch: 001, Train Loss: 1.6430, Metric: r2, Train: 0.0043, Val: -0.0035, best Val: -0.0035, Test: -0.0105
Training on 653 samples...
Train epoch: 3 [0/653 (0%)]	Loss: 1.720656
Make prediction for 653 samples...
Make prediction for 102 samples...
Make prediction for 87 samples...
Make prediction for 87 samples...
Epoch: 002, Train Loss: 1.6256, Metric: r2, Train: -0.0004, Val: 0.0113, best Val: 0.0113, Test: -0.0185
Training on 653 samples...
Train epoch: 4 [0/653 (0%)]	Loss: 1.605927
Make prediction for 653 samples...
Make prediction for 102 samples...
Make prediction for 87 samples...
EarlyStopping counter: 1 out of 30
Epoch: 003, Train Loss: 1.6122, Metric: r2, Train: 0.0035, Val: -0.0384, best Val: 0.0113, Test: -0.0461
Training on 653 samples...
Train epoch: 5 [0/653 (0%)]	Loss: 1.620880
Make prediction for 653 samples...
Make prediction for 102 samples...
Make prediction for 87 samples...
EarlyStopping counter: 2 out of 30
Epoch: 004, Train Loss: 1.6090, Metric: r2, Train: 0.0178, Val: -0.0046, best Val: 0.0113, Test: -0.0388
Training on 653 samples...
Train epoch: 6 [0/653 (0%)]	Loss: 1.432173
Make prediction for 653 samples...
Make prediction for 102 samples...
Make prediction for 87 samples...
Make prediction for 87 samples...
Epoch: 005, Train Loss: 1.5911, Metric: r2, Train: 0.0235, Val: 0.0270, best Val: 0.0270, Test: -0.0462
Training on 653 samples...
Train epoch: 7 [0/653 (0%)]	Loss: 1.588252
Make prediction for 653 samples...
Make prediction for 102 samples...
Make prediction for 87 samples...
Make prediction for 87 samples...
Epoch: 006, Train Loss: 1.5929, Metric: r2, Train: 0.0356, Val: 0.0429, best Val: 0.0429, Test: -0.0692
Training on 653 samples...
Train epoch: 8 [0/653 (0%)]	Loss: 1.680995
Make prediction for 653 samples...
Make prediction for 102 samples...
Make prediction for 87 samples...
EarlyStopping counter: 1 out of 30
Epoch: 007, Train Loss: 1.5751, Metric: r2, Train: 0.0291, Val: 0.0019, best Val: 0.0429, Test: -0.1148
Training on 653 samples...
Train epoch: 9 [0/653 (0%)]	Loss: 1.696217
Make prediction for 653 samples...
Make prediction for 102 samples...
Make prediction for 87 samples...
Make prediction for 87 samples...
Epoch: 008, Train Loss: 1.5708, Metric: r2, Train: 0.0617, Val: 0.0733, best Val: 0.0733, Test: -0.1345
Training on 653 samples...
Train epoch: 10 [0/653 (0%)]	Loss: 1.532933
Make prediction for 653 samples...
Make prediction for 102 samples...
Make prediction for 87 samples...
Make prediction for 87 samples...
Epoch: 009, Train Loss: 1.5543, Metric: r2, Train: 0.0668, Val: 0.0933, best Val: 0.0933, Test: -0.1919
Training on 653 samples...
Train epoch: 11 [0/653 (0%)]	Loss: 1.614063
Make prediction for 653 samples...
Make prediction for 102 samples...
Make prediction for 87 samples...
EarlyStopping counter: 1 out of 30
Epoch: 010, Train Loss: 1.5383, Metric: r2, Train: 0.0788, Val: 0.0756, best Val: 0.0933, Test: -0.2538
Training on 653 samples...
Train epoch: 12 [0/653 (0%)]	Loss: 1.558698
Make prediction for 653 samples...
Make prediction for 102 samples...
Make prediction for 87 samples...
Make prediction for 87 samples...
Epoch: 011, Train Loss: 1.5268, Metric: r2, Train: 0.0997, Val: 0.1216, best Val: 0.1216, Test: -0.2729
Training on 653 samples...
Train epoch: 13 [0/653 (0%)]	Loss: 1.512507
Make prediction for 653 samples...
Make prediction for 102 samples...
Make prediction for 87 samples...
Make prediction for 87 samples...
Epoch: 012, Train Loss: 1.5108, Metric: r2, Train: 0.1277, Val: 0.1235, best Val: 0.1235, Test: -0.2534
Training on 653 samples...
Train epoch: 14 [0/653 (0%)]	Loss: 1.488925
Make prediction for 653 samples...
Make prediction for 102 samples...
Make prediction for 87 samples...
Make prediction for 87 samples...
Epoch: 013, Train Loss: 1.4629, Metric: r2, Train: 0.1478, Val: 0.1778, best Val: 0.1778, Test: -0.2231
Training on 653 samples...
Train epoch: 15 [0/653 (0%)]	Loss: 1.407659
Make prediction for 653 samples...
Make prediction for 102 samples...
Make prediction for 87 samples...
Make prediction for 87 samples...
Epoch: 014, Train Loss: 1.4246, Metric: r2, Train: 0.2057, Val: 0.2246, best Val: 0.2246, Test: -0.1986
Training on 653 samples...
Train epoch: 16 [0/653 (0%)]	Loss: 1.277718
Make prediction for 653 samples...
Make prediction for 102 samples...
Make prediction for 87 samples...
Make prediction for 87 samples...
Epoch: 015, Train Loss: 1.3497, Metric: r2, Train: 0.3212, Val: 0.3874, best Val: 0.3874, Test: -0.1140
Training on 653 samples...
Train epoch: 17 [0/653 (0%)]	Loss: 1.292815
Make prediction for 653 samples...
Make prediction for 102 samples...
Make prediction for 87 samples...
Make prediction for 87 samples...
Epoch: 016, Train Loss: 1.2716, Metric: r2, Train: 0.3915, Val: 0.5213, best Val: 0.5213, Test: -0.0400
Training on 653 samples...
Train epoch: 18 [0/653 (0%)]	Loss: 1.244687
Make prediction for 653 samples...
Make prediction for 102 samples...
Make prediction for 87 samples...
EarlyStopping counter: 1 out of 30
Epoch: 017, Train Loss: 1.2228, Metric: r2, Train: 0.1582, Val: 0.3364, best Val: 0.5213, Test: -0.0085
Training on 653 samples...
Train epoch: 19 [0/653 (0%)]	Loss: 1.431377
Make prediction for 653 samples...
Make prediction for 102 samples...
Make prediction for 87 samples...
Make prediction for 87 samples...
Epoch: 018, Train Loss: 1.3610, Metric: r2, Train: 0.3820, Val: 0.5489, best Val: 0.5489, Test: 0.1348
Training on 653 samples...
Train epoch: 20 [0/653 (0%)]	Loss: 1.333452
Make prediction for 653 samples...
Make prediction for 102 samples...
Make prediction for 87 samples...
EarlyStopping counter: 1 out of 30
Epoch: 019, Train Loss: 1.2291, Metric: r2, Train: 0.3511, Val: 0.5033, best Val: 0.5489, Test: -0.2152
Training on 653 samples...
Train epoch: 21 [0/653 (0%)]	Loss: 1.272888
Make prediction for 653 samples...
Make prediction for 102 samples...
Make prediction for 87 samples...
EarlyStopping counter: 2 out of 30
Epoch: 020, Train Loss: 1.2388, Metric: r2, Train: 0.3554, Val: 0.4756, best Val: 0.5489, Test: 0.1243
Training on 653 samples...
Train epoch: 22 [0/653 (0%)]	Loss: 1.283803
Make prediction for 653 samples...
Make prediction for 102 samples...
Make prediction for 87 samples...
EarlyStopping counter: 3 out of 30
Epoch: 021, Train Loss: 1.2294, Metric: r2, Train: 0.4033, Val: 0.5029, best Val: 0.5489, Test: -0.1026
Training on 653 samples...
Train epoch: 23 [0/653 (0%)]	Loss: 1.181789
Make prediction for 653 samples...
Make prediction for 102 samples...
Make prediction for 87 samples...
Make prediction for 87 samples...
Epoch: 022, Train Loss: 1.1958, Metric: r2, Train: 0.4685, Val: 0.5883, best Val: 0.5883, Test: 0.1490
Training on 653 samples...
Train epoch: 24 [0/653 (0%)]	Loss: 1.211216
Make prediction for 653 samples...
Make prediction for 102 samples...
Make prediction for 87 samples...
EarlyStopping counter: 1 out of 30
Epoch: 023, Train Loss: 1.1524, Metric: r2, Train: 0.4805, Val: 0.5842, best Val: 0.5883, Test: -0.0635
Training on 653 samples...
Train epoch: 25 [0/653 (0%)]	Loss: 1.111417
Make prediction for 653 samples...
Make prediction for 102 samples...
Make prediction for 87 samples...
Make prediction for 87 samples...
Epoch: 024, Train Loss: 1.1327, Metric: r2, Train: 0.4956, Val: 0.6389, best Val: 0.6389, Test: 0.1568
Training on 653 samples...
Train epoch: 26 [0/653 (0%)]	Loss: 1.103378
Make prediction for 653 samples...
Make prediction for 102 samples...
Make prediction for 87 samples...
EarlyStopping counter: 1 out of 30
Epoch: 025, Train Loss: 1.1034, Metric: r2, Train: 0.4935, Val: 0.6069, best Val: 0.6389, Test: -0.1666
Training on 653 samples...
Train epoch: 27 [0/653 (0%)]	Loss: 1.140701
Make prediction for 653 samples...
Make prediction for 102 samples...
Make prediction for 87 samples...
Make prediction for 87 samples...
Epoch: 026, Train Loss: 1.1004, Metric: r2, Train: 0.5483, Val: 0.6790, best Val: 0.6790, Test: 0.1939
Training on 653 samples...
Train epoch: 28 [0/653 (0%)]	Loss: 1.082356
Make prediction for 653 samples...
Make prediction for 102 samples...
Make prediction for 87 samples...
Make prediction for 87 samples...
Epoch: 027, Train Loss: 1.0592, Metric: r2, Train: 0.5942, Val: 0.6948, best Val: 0.6948, Test: 0.0782
Training on 653 samples...
Train epoch: 29 [0/653 (0%)]	Loss: 1.079318
Make prediction for 653 samples...
Make prediction for 102 samples...
Make prediction for 87 samples...
EarlyStopping counter: 1 out of 30
Epoch: 028, Train Loss: 1.0432, Metric: r2, Train: 0.5965, Val: 0.6851, best Val: 0.6948, Test: 0.0497
Training on 653 samples...
Train epoch: 30 [0/653 (0%)]	Loss: 1.060346
Make prediction for 653 samples...
Make prediction for 102 samples...
Make prediction for 87 samples...
EarlyStopping counter: 2 out of 30
Epoch: 029, Train Loss: 1.0375, Metric: r2, Train: 0.5364, Val: 0.6496, best Val: 0.6948, Test: 0.2444
Training on 653 samples...
Train epoch: 31 [0/653 (0%)]	Loss: 1.066818
Make prediction for 653 samples...
Make prediction for 102 samples...
Make prediction for 87 samples...
EarlyStopping counter: 3 out of 30
Epoch: 030, Train Loss: 1.0570, Metric: r2, Train: 0.5126, Val: 0.5489, best Val: 0.6948, Test: -0.2623
Training on 653 samples...
Train epoch: 32 [0/653 (0%)]	Loss: 1.122790
Make prediction for 653 samples...
Make prediction for 102 samples...
Make prediction for 87 samples...
EarlyStopping counter: 4 out of 30
Epoch: 031, Train Loss: 1.0309, Metric: r2, Train: 0.5065, Val: 0.6108, best Val: 0.6948, Test: 0.2027
Training on 653 samples...
Train epoch: 33 [0/653 (0%)]	Loss: 1.109061
Make prediction for 653 samples...
Make prediction for 102 samples...
Make prediction for 87 samples...
EarlyStopping counter: 5 out of 30
Epoch: 032, Train Loss: 1.0512, Metric: r2, Train: 0.5659, Val: 0.5947, best Val: 0.6948, Test: -0.2114
Training on 653 samples...
Train epoch: 34 [0/653 (0%)]	Loss: 1.080280
Make prediction for 653 samples...
Make prediction for 102 samples...
Make prediction for 87 samples...
EarlyStopping counter: 6 out of 30
Epoch: 033, Train Loss: 1.0327, Metric: r2, Train: 0.5807, Val: 0.6518, best Val: 0.6948, Test: 0.1764
Training on 653 samples...
Train epoch: 35 [0/653 (0%)]	Loss: 1.015325
Make prediction for 653 samples...
Make prediction for 102 samples...
Make prediction for 87 samples...
EarlyStopping counter: 7 out of 30
Epoch: 034, Train Loss: 1.0271, Metric: r2, Train: 0.6412, Val: 0.6774, best Val: 0.6948, Test: -0.0045
Training on 653 samples...
Train epoch: 36 [0/653 (0%)]	Loss: 0.990637
Make prediction for 653 samples...
Make prediction for 102 samples...
Make prediction for 87 samples...
Make prediction for 87 samples...
Epoch: 035, Train Loss: 0.9926, Metric: r2, Train: 0.6542, Val: 0.7016, best Val: 0.7016, Test: 0.1053
Training on 653 samples...
Train epoch: 37 [0/653 (0%)]	Loss: 1.043692
Make prediction for 653 samples...
Make prediction for 102 samples...
Make prediction for 87 samples...
Make prediction for 87 samples...
Epoch: 036, Train Loss: 0.9830, Metric: r2, Train: 0.6585, Val: 0.7063, best Val: 0.7063, Test: 0.1156
Training on 653 samples...
Train epoch: 38 [0/653 (0%)]	Loss: 0.961700
Make prediction for 653 samples...
Make prediction for 102 samples...
Make prediction for 87 samples...
EarlyStopping counter: 1 out of 30
Epoch: 037, Train Loss: 0.9891, Metric: r2, Train: 0.6378, Val: 0.6463, best Val: 0.7063, Test: -0.1453
Training on 653 samples...
Train epoch: 39 [0/653 (0%)]	Loss: 1.016705
Make prediction for 653 samples...
Make prediction for 102 samples...
Make prediction for 87 samples...
EarlyStopping counter: 2 out of 30
Epoch: 038, Train Loss: 0.9956, Metric: r2, Train: 0.6405, Val: 0.6947, best Val: 0.7063, Test: 0.1578
Training on 653 samples...
Train epoch: 40 [0/653 (0%)]	Loss: 0.975363
Make prediction for 653 samples...
Make prediction for 102 samples...
Make prediction for 87 samples...
EarlyStopping counter: 3 out of 30
Epoch: 039, Train Loss: 0.9709, Metric: r2, Train: 0.6619, Val: 0.6592, best Val: 0.7063, Test: -0.1042
Training on 653 samples...
Train epoch: 41 [0/653 (0%)]	Loss: 0.960055
Make prediction for 653 samples...
Make prediction for 102 samples...
Make prediction for 87 samples...
EarlyStopping counter: 4 out of 30
Epoch: 040, Train Loss: 0.9776, Metric: r2, Train: 0.6934, Val: 0.7045, best Val: 0.7063, Test: 0.0696
Training on 653 samples...
Train epoch: 42 [0/653 (0%)]	Loss: 0.959181
Make prediction for 653 samples...
Make prediction for 102 samples...
Make prediction for 87 samples...
EarlyStopping counter: 5 out of 30
Epoch: 041, Train Loss: 0.9514, Metric: r2, Train: 0.6650, Val: 0.7035, best Val: 0.7063, Test: 0.1675
Training on 653 samples...
Train epoch: 43 [0/653 (0%)]	Loss: 0.977143
Make prediction for 653 samples...
Make prediction for 102 samples...
Make prediction for 87 samples...
EarlyStopping counter: 6 out of 30
Epoch: 042, Train Loss: 0.9503, Metric: r2, Train: 0.6930, Val: 0.6745, best Val: 0.7063, Test: -0.0297
Training on 653 samples...
Train epoch: 44 [0/653 (0%)]	Loss: 0.927270
Make prediction for 653 samples...
Make prediction for 102 samples...
Make prediction for 87 samples...
Make prediction for 87 samples...
Epoch: 043, Train Loss: 0.9196, Metric: r2, Train: 0.6929, Val: 0.7173, best Val: 0.7173, Test: 0.1672
Training on 653 samples...
Train epoch: 45 [0/653 (0%)]	Loss: 0.943361
Make prediction for 653 samples...
Make prediction for 102 samples...
Make prediction for 87 samples...
Make prediction for 87 samples...
Epoch: 044, Train Loss: 0.9246, Metric: r2, Train: 0.7140, Val: 0.7192, best Val: 0.7192, Test: 0.1298
Training on 653 samples...
Train epoch: 46 [0/653 (0%)]	Loss: 0.896177
Make prediction for 653 samples...
Make prediction for 102 samples...
Make prediction for 87 samples...
EarlyStopping counter: 1 out of 30
Epoch: 045, Train Loss: 0.9361, Metric: r2, Train: 0.6469, Val: 0.5715, best Val: 0.7192, Test: -0.2656
Training on 653 samples...
Train epoch: 47 [0/653 (0%)]	Loss: 0.989645
Make prediction for 653 samples...
Make prediction for 102 samples...
Make prediction for 87 samples...
EarlyStopping counter: 2 out of 30
Epoch: 046, Train Loss: 0.9429, Metric: r2, Train: 0.6731, Val: 0.6893, best Val: 0.7192, Test: 0.1987
Training on 653 samples...
Train epoch: 48 [0/653 (0%)]	Loss: 0.953473
Make prediction for 653 samples...
Make prediction for 102 samples...
Make prediction for 87 samples...
EarlyStopping counter: 3 out of 30
Epoch: 047, Train Loss: 0.9219, Metric: r2, Train: 0.6976, Val: 0.6328, best Val: 0.7192, Test: -0.1086
Training on 653 samples...
Train epoch: 49 [0/653 (0%)]	Loss: 0.959520
Make prediction for 653 samples...
Make prediction for 102 samples...
Make prediction for 87 samples...
EarlyStopping counter: 4 out of 30
Epoch: 048, Train Loss: 0.9200, Metric: r2, Train: 0.7248, Val: 0.7120, best Val: 0.7192, Test: 0.1451
Training on 653 samples...
Train epoch: 50 [0/653 (0%)]	Loss: 0.929644
Make prediction for 653 samples...
Make prediction for 102 samples...
Make prediction for 87 samples...
EarlyStopping counter: 5 out of 30
Epoch: 049, Train Loss: 0.8894, Metric: r2, Train: 0.7429, Val: 0.6895, best Val: 0.7192, Test: 0.0196
Training on 653 samples...
Train epoch: 51 [0/653 (0%)]	Loss: 0.876623
Make prediction for 653 samples...
Make prediction for 102 samples...
Make prediction for 87 samples...
Make prediction for 87 samples...
Epoch: 050, Train Loss: 0.8781, Metric: r2, Train: 0.7537, Val: 0.7203, best Val: 0.7203, Test: 0.1013
Training on 653 samples...
Train epoch: 52 [0/653 (0%)]	Loss: 0.851108
Make prediction for 653 samples...
Make prediction for 102 samples...
Make prediction for 87 samples...
Make prediction for 87 samples...
Epoch: 051, Train Loss: 0.8725, Metric: r2, Train: 0.7584, Val: 0.7215, best Val: 0.7215, Test: 0.1109
Training on 653 samples...
Train epoch: 53 [0/653 (0%)]	Loss: 0.878180
Make prediction for 653 samples...
Make prediction for 102 samples...
Make prediction for 87 samples...
EarlyStopping counter: 1 out of 30
Epoch: 052, Train Loss: 0.8604, Metric: r2, Train: 0.7635, Val: 0.6936, best Val: 0.7215, Test: 0.0423
Training on 653 samples...
Train epoch: 54 [0/653 (0%)]	Loss: 0.872675
Make prediction for 653 samples...
Make prediction for 102 samples...
Make prediction for 87 samples...
EarlyStopping counter: 2 out of 30
Epoch: 053, Train Loss: 0.8564, Metric: r2, Train: 0.7701, Val: 0.7122, best Val: 0.7215, Test: 0.1527
Training on 653 samples...
Train epoch: 55 [0/653 (0%)]	Loss: 0.865383
Make prediction for 653 samples...
Make prediction for 102 samples...
Make prediction for 87 samples...
EarlyStopping counter: 3 out of 30
Epoch: 054, Train Loss: 0.8546, Metric: r2, Train: 0.7774, Val: 0.6898, best Val: 0.7215, Test: 0.1247
Training on 653 samples...
Train epoch: 56 [0/653 (0%)]	Loss: 0.871633
Make prediction for 653 samples...
Make prediction for 102 samples...
Make prediction for 87 samples...
EarlyStopping counter: 4 out of 30
Epoch: 055, Train Loss: 0.8360, Metric: r2, Train: 0.7830, Val: 0.7093, best Val: 0.7215, Test: 0.1797
Training on 653 samples...
Train epoch: 57 [0/653 (0%)]	Loss: 0.872202
Make prediction for 653 samples...
Make prediction for 102 samples...
Make prediction for 87 samples...
EarlyStopping counter: 5 out of 30
Epoch: 056, Train Loss: 0.8405, Metric: r2, Train: 0.7855, Val: 0.7167, best Val: 0.7215, Test: 0.2197
Training on 653 samples...
Train epoch: 58 [0/653 (0%)]	Loss: 0.819806
Make prediction for 653 samples...
Make prediction for 102 samples...
Make prediction for 87 samples...
EarlyStopping counter: 6 out of 30
Epoch: 057, Train Loss: 0.8328, Metric: r2, Train: 0.7854, Val: 0.7178, best Val: 0.7215, Test: 0.2327
Training on 653 samples...
Train epoch: 59 [0/653 (0%)]	Loss: 0.859743
Make prediction for 653 samples...
Make prediction for 102 samples...
Make prediction for 87 samples...
Make prediction for 87 samples...
Epoch: 058, Train Loss: 0.8364, Metric: r2, Train: 0.7835, Val: 0.7244, best Val: 0.7244, Test: 0.2601
Training on 653 samples...
Train epoch: 60 [0/653 (0%)]	Loss: 0.827413
Make prediction for 653 samples...
Make prediction for 102 samples...
Make prediction for 87 samples...
EarlyStopping counter: 1 out of 30
Epoch: 059, Train Loss: 0.8218, Metric: r2, Train: 0.8003, Val: 0.6728, best Val: 0.7244, Test: 0.1842
Training on 653 samples...
Train epoch: 61 [0/653 (0%)]	Loss: 0.821543
Make prediction for 653 samples...
Make prediction for 102 samples...
Make prediction for 87 samples...
EarlyStopping counter: 2 out of 30
Epoch: 060, Train Loss: 0.8127, Metric: r2, Train: 0.7941, Val: 0.7230, best Val: 0.7244, Test: 0.2744
Training on 653 samples...
Train epoch: 62 [0/653 (0%)]	Loss: 0.833716
Make prediction for 653 samples...
Make prediction for 102 samples...
Make prediction for 87 samples...
EarlyStopping counter: 3 out of 30
Epoch: 061, Train Loss: 0.8121, Metric: r2, Train: 0.8117, Val: 0.6719, best Val: 0.7244, Test: 0.2190
Training on 653 samples...
Train epoch: 63 [0/653 (0%)]	Loss: 0.805889
Make prediction for 653 samples...
Make prediction for 102 samples...
Make prediction for 87 samples...
EarlyStopping counter: 4 out of 30
Epoch: 062, Train Loss: 0.8089, Metric: r2, Train: 0.8217, Val: 0.6827, best Val: 0.7244, Test: 0.2484
Training on 653 samples...
Train epoch: 64 [0/653 (0%)]	Loss: 0.800308
Make prediction for 653 samples...
Make prediction for 102 samples...
Make prediction for 87 samples...
EarlyStopping counter: 5 out of 30
Epoch: 063, Train Loss: 0.7976, Metric: r2, Train: 0.8237, Val: 0.6753, best Val: 0.7244, Test: 0.2436
Training on 653 samples...
Train epoch: 65 [0/653 (0%)]	Loss: 0.786096
Make prediction for 653 samples...
Make prediction for 102 samples...
Make prediction for 87 samples...
EarlyStopping counter: 6 out of 30
Epoch: 064, Train Loss: 0.8366, Metric: r2, Train: 0.8281, Val: 0.6877, best Val: 0.7244, Test: 0.2580
Training on 653 samples...
Train epoch: 66 [0/653 (0%)]	Loss: 0.825300
Make prediction for 653 samples...
Make prediction for 102 samples...
Make prediction for 87 samples...
EarlyStopping counter: 7 out of 30
Epoch: 065, Train Loss: 0.8871, Metric: r2, Train: 0.6632, Val: 0.6655, best Val: 0.7244, Test: 0.1631
Training on 653 samples...
Train epoch: 67 [0/653 (0%)]	Loss: 0.938493
Make prediction for 653 samples...
Make prediction for 102 samples...
Make prediction for 87 samples...
EarlyStopping counter: 8 out of 30
Epoch: 066, Train Loss: 0.8907, Metric: r2, Train: 0.7943, Val: 0.6973, best Val: 0.7244, Test: 0.2776
Training on 653 samples...
Train epoch: 68 [0/653 (0%)]	Loss: 0.828071
Make prediction for 653 samples...
Make prediction for 102 samples...
Make prediction for 87 samples...
EarlyStopping counter: 9 out of 30
Epoch: 067, Train Loss: 0.8663, Metric: r2, Train: 0.6719, Val: 0.4154, best Val: 0.7244, Test: -0.0675
Training on 653 samples...
Train epoch: 69 [0/653 (0%)]	Loss: 0.946701
Make prediction for 653 samples...
Make prediction for 102 samples...
Make prediction for 87 samples...
Make prediction for 87 samples...
Epoch: 068, Train Loss: 0.8799, Metric: r2, Train: 0.7564, Val: 0.7301, best Val: 0.7301, Test: 0.2463
Training on 653 samples...
Train epoch: 70 [0/653 (0%)]	Loss: 0.880177
Make prediction for 653 samples...
Make prediction for 102 samples...
Make prediction for 87 samples...
EarlyStopping counter: 1 out of 30
Epoch: 069, Train Loss: 0.8517, Metric: r2, Train: 0.8203, Val: 0.7178, best Val: 0.7301, Test: 0.3117
Training on 653 samples...
Train epoch: 71 [0/653 (0%)]	Loss: 0.810351
Make prediction for 653 samples...
Make prediction for 102 samples...
Make prediction for 87 samples...
EarlyStopping counter: 2 out of 30
Epoch: 070, Train Loss: 0.8300, Metric: r2, Train: 0.8154, Val: 0.6581, best Val: 0.7301, Test: 0.2441
Training on 653 samples...
Train epoch: 72 [0/653 (0%)]	Loss: 0.835765
Make prediction for 653 samples...
Make prediction for 102 samples...
Make prediction for 87 samples...
EarlyStopping counter: 3 out of 30
Epoch: 071, Train Loss: 0.7989, Metric: r2, Train: 0.8108, Val: 0.7227, best Val: 0.7301, Test: 0.2926
Training on 653 samples...
Train epoch: 73 [0/653 (0%)]	Loss: 0.782712
Make prediction for 653 samples...
Make prediction for 102 samples...
Make prediction for 87 samples...
EarlyStopping counter: 4 out of 30
Epoch: 072, Train Loss: 0.8029, Metric: r2, Train: 0.8378, Val: 0.6679, best Val: 0.7301, Test: 0.2510
Training on 653 samples...
Train epoch: 74 [0/653 (0%)]	Loss: 0.785588
Make prediction for 653 samples...
Make prediction for 102 samples...
Make prediction for 87 samples...
EarlyStopping counter: 5 out of 30
Epoch: 073, Train Loss: 0.8045, Metric: r2, Train: 0.7896, Val: 0.5475, best Val: 0.7301, Test: 0.1051
Training on 653 samples...
Train epoch: 75 [0/653 (0%)]	Loss: 0.852120
Make prediction for 653 samples...
Make prediction for 102 samples...
Make prediction for 87 samples...
EarlyStopping counter: 6 out of 30
Epoch: 074, Train Loss: 0.8151, Metric: r2, Train: 0.8114, Val: 0.7083, best Val: 0.7301, Test: 0.2936
Training on 653 samples...
Train epoch: 76 [0/653 (0%)]	Loss: 0.787341
Make prediction for 653 samples...
Make prediction for 102 samples...
Make prediction for 87 samples...
EarlyStopping counter: 7 out of 30
Epoch: 075, Train Loss: 0.7849, Metric: r2, Train: 0.8388, Val: 0.6259, best Val: 0.7301, Test: 0.2030
Training on 653 samples...
Train epoch: 77 [0/653 (0%)]	Loss: 0.772823
Make prediction for 653 samples...
Make prediction for 102 samples...
Make prediction for 87 samples...
EarlyStopping counter: 8 out of 30
Epoch: 076, Train Loss: 0.7815, Metric: r2, Train: 0.8245, Val: 0.5885, best Val: 0.7301, Test: 0.1501
Training on 653 samples...
Train epoch: 78 [0/653 (0%)]	Loss: 0.832215
Make prediction for 653 samples...
Make prediction for 102 samples...
Make prediction for 87 samples...
EarlyStopping counter: 9 out of 30
Epoch: 077, Train Loss: 0.7908, Metric: r2, Train: 0.8292, Val: 0.7155, best Val: 0.7301, Test: 0.2825
Training on 653 samples...
Train epoch: 79 [0/653 (0%)]	Loss: 0.806557
Make prediction for 653 samples...
Make prediction for 102 samples...
Make prediction for 87 samples...
EarlyStopping counter: 10 out of 30
Epoch: 078, Train Loss: 0.7885, Metric: r2, Train: 0.8472, Val: 0.6837, best Val: 0.7301, Test: 0.2706
Training on 653 samples...
Train epoch: 80 [0/653 (0%)]	Loss: 0.798392
Make prediction for 653 samples...
Make prediction for 102 samples...
Make prediction for 87 samples...
EarlyStopping counter: 11 out of 30
Epoch: 079, Train Loss: 0.7735, Metric: r2, Train: 0.8489, Val: 0.6098, best Val: 0.7301, Test: 0.1736
Training on 653 samples...
Train epoch: 81 [0/653 (0%)]	Loss: 0.802388
Make prediction for 653 samples...
Make prediction for 102 samples...
Make prediction for 87 samples...
EarlyStopping counter: 12 out of 30
Epoch: 080, Train Loss: 0.7713, Metric: r2, Train: 0.8585, Val: 0.6429, best Val: 0.7301, Test: 0.1987
Training on 653 samples...
Train epoch: 82 [0/653 (0%)]	Loss: 0.774475
Make prediction for 653 samples...
Make prediction for 102 samples...
Make prediction for 87 samples...
EarlyStopping counter: 13 out of 30
Epoch: 081, Train Loss: 0.7583, Metric: r2, Train: 0.8529, Val: 0.7009, best Val: 0.7301, Test: 0.2754
Training on 653 samples...
Train epoch: 83 [0/653 (0%)]	Loss: 0.795996
Make prediction for 653 samples...
Make prediction for 102 samples...
Make prediction for 87 samples...
EarlyStopping counter: 14 out of 30
Epoch: 082, Train Loss: 0.7677, Metric: r2, Train: 0.8560, Val: 0.6973, best Val: 0.7301, Test: 0.2958
Training on 653 samples...
Train epoch: 84 [0/653 (0%)]	Loss: 0.776747
Make prediction for 653 samples...
Make prediction for 102 samples...
Make prediction for 87 samples...
EarlyStopping counter: 15 out of 30
Epoch: 083, Train Loss: 0.7588, Metric: r2, Train: 0.8689, Val: 0.6554, best Val: 0.7301, Test: 0.2664
Training on 653 samples...
Train epoch: 85 [0/653 (0%)]	Loss: 0.767473
Make prediction for 653 samples...
Make prediction for 102 samples...
Make prediction for 87 samples...
EarlyStopping counter: 16 out of 30
Epoch: 084, Train Loss: 0.7517, Metric: r2, Train: 0.8595, Val: 0.6169, best Val: 0.7301, Test: 0.2163
Training on 653 samples...
Train epoch: 86 [0/653 (0%)]	Loss: 0.760833
Make prediction for 653 samples...
Make prediction for 102 samples...
Make prediction for 87 samples...
EarlyStopping counter: 17 out of 30
Epoch: 085, Train Loss: 0.7563, Metric: r2, Train: 0.8587, Val: 0.7077, best Val: 0.7301, Test: 0.2944
Training on 653 samples...
Train epoch: 87 [0/653 (0%)]	Loss: 0.778743
Make prediction for 653 samples...
Make prediction for 102 samples...
Make prediction for 87 samples...
EarlyStopping counter: 18 out of 30
Epoch: 086, Train Loss: 0.7576, Metric: r2, Train: 0.8449, Val: 0.7109, best Val: 0.7301, Test: 0.2911
Training on 653 samples...
Train epoch: 88 [0/653 (0%)]	Loss: 0.770397
Make prediction for 653 samples...
Make prediction for 102 samples...
Make prediction for 87 samples...
EarlyStopping counter: 19 out of 30
Epoch: 087, Train Loss: 0.7622, Metric: r2, Train: 0.8737, Val: 0.6291, best Val: 0.7301, Test: 0.2240
Training on 653 samples...
Train epoch: 89 [0/653 (0%)]	Loss: 0.777969
Make prediction for 653 samples...
Make prediction for 102 samples...
Make prediction for 87 samples...
EarlyStopping counter: 20 out of 30
Epoch: 088, Train Loss: 0.7621, Metric: r2, Train: 0.8685, Val: 0.6021, best Val: 0.7301, Test: 0.1834
Training on 653 samples...
Train epoch: 90 [0/653 (0%)]	Loss: 0.765131
Make prediction for 653 samples...
Make prediction for 102 samples...
Make prediction for 87 samples...
EarlyStopping counter: 21 out of 30
Epoch: 089, Train Loss: 0.7513, Metric: r2, Train: 0.8489, Val: 0.5626, best Val: 0.7301, Test: 0.1409
Training on 653 samples...
Train epoch: 91 [0/653 (0%)]	Loss: 0.777907
Make prediction for 653 samples...
Make prediction for 102 samples...
Make prediction for 87 samples...
EarlyStopping counter: 22 out of 30
Epoch: 090, Train Loss: 0.7592, Metric: r2, Train: 0.8783, Val: 0.6512, best Val: 0.7301, Test: 0.2703
Training on 653 samples...
Train epoch: 92 [0/653 (0%)]	Loss: 0.754072
Make prediction for 653 samples...
Make prediction for 102 samples...
Make prediction for 87 samples...
EarlyStopping counter: 23 out of 30
Epoch: 091, Train Loss: 0.7419, Metric: r2, Train: 0.8607, Val: 0.7177, best Val: 0.7301, Test: 0.3306
Training on 653 samples...
Train epoch: 93 [0/653 (0%)]	Loss: 0.764619
Make prediction for 653 samples...
Make prediction for 102 samples...
Make prediction for 87 samples...
EarlyStopping counter: 24 out of 30
Epoch: 092, Train Loss: 0.7551, Metric: r2, Train: 0.8685, Val: 0.6938, best Val: 0.7301, Test: 0.3158
Training on 653 samples...
Train epoch: 94 [0/653 (0%)]	Loss: 0.772853
Make prediction for 653 samples...
Make prediction for 102 samples...
Make prediction for 87 samples...
EarlyStopping counter: 25 out of 30
Epoch: 093, Train Loss: 0.7604, Metric: r2, Train: 0.8673, Val: 0.7012, best Val: 0.7301, Test: 0.3168
Training on 653 samples...
Train epoch: 95 [0/653 (0%)]	Loss: 0.796489
Make prediction for 653 samples...
Make prediction for 102 samples...
Make prediction for 87 samples...
EarlyStopping counter: 26 out of 30
Epoch: 094, Train Loss: 0.7521, Metric: r2, Train: 0.8672, Val: 0.7017, best Val: 0.7301, Test: 0.3237
Training on 653 samples...
Train epoch: 96 [0/653 (0%)]	Loss: 0.784315
Make prediction for 653 samples...
Make prediction for 102 samples...
Make prediction for 87 samples...
EarlyStopping counter: 27 out of 30
Epoch: 095, Train Loss: 0.7460, Metric: r2, Train: 0.8759, Val: 0.6932, best Val: 0.7301, Test: 0.3075
Training on 653 samples...
Train epoch: 97 [0/653 (0%)]	Loss: 0.754119
Make prediction for 653 samples...
Make prediction for 102 samples...
Make prediction for 87 samples...
EarlyStopping counter: 28 out of 30
Epoch: 096, Train Loss: 0.7362, Metric: r2, Train: 0.8875, Val: 0.6381, best Val: 0.7301, Test: 0.2795
Training on 653 samples...
Train epoch: 98 [0/653 (0%)]	Loss: 0.731886
Make prediction for 653 samples...
Make prediction for 102 samples...
Make prediction for 87 samples...
EarlyStopping counter: 29 out of 30
Epoch: 097, Train Loss: 0.7513, Metric: r2, Train: 0.8675, Val: 0.5650, best Val: 0.7301, Test: 0.2280
Training on 653 samples...
Train epoch: 99 [0/653 (0%)]	Loss: 0.766685
Make prediction for 653 samples...
Make prediction for 102 samples...
Make prediction for 87 samples...
EarlyStopping counter: 30 out of 30
Epoch: 098, Train Loss: 0.7556, Metric: r2, Train: 0.8570, Val: 0.5263, best Val: 0.7301, Test: 0.1857
out of patience!
******Caco2_Perimeter_2064, 1th_time_result******
train_result: 0.7564
val_result: 0.7301
test_result: 0.2463
Current seed: 2034
Pre-processed data found: data/processed/Caco2_Perimeter_2064/Caco2_Perimeter_2064_train.pt, loading ...
Pre-processed data found: data/processed/Caco2_Perimeter_2064/Caco2_Perimeter_2064_valid.pt, loading ...
Pre-processed data found: data/processed/Caco2_Perimeter_2064/Caco2_Perimeter_2064_test.pt, loading ...
trainset mean:-5.18760347366333 std:0.7630442380905151
Training on 653 samples...
Train epoch: 1 [0/653 (0%)]	Loss: 1.667857
Make prediction for 653 samples...
Make prediction for 102 samples...
Make prediction for 87 samples...
Make prediction for 87 samples...
Epoch: 000, Train Loss: 1.6639, Metric: r2, Train: -0.0205, Val: 0.0197, best Val: 0.0197, Test: -0.0415
Training on 653 samples...
Train epoch: 2 [0/653 (0%)]	Loss: 1.554400
Make prediction for 653 samples...
Make prediction for 102 samples...
Make prediction for 87 samples...
EarlyStopping counter: 1 out of 30
Epoch: 001, Train Loss: 1.6286, Metric: r2, Train: 0.0106, Val: -0.0129, best Val: 0.0197, Test: -0.0410
Training on 653 samples...
Train epoch: 3 [0/653 (0%)]	Loss: 1.567466
Make prediction for 653 samples...
Make prediction for 102 samples...
Make prediction for 87 samples...
Make prediction for 87 samples...
Epoch: 002, Train Loss: 1.6105, Metric: r2, Train: 0.0199, Val: 0.0274, best Val: 0.0274, Test: -0.0457
Training on 653 samples...
Train epoch: 4 [0/653 (0%)]	Loss: 1.590479
Make prediction for 653 samples...
Make prediction for 102 samples...
Make prediction for 87 samples...
EarlyStopping counter: 1 out of 30
Epoch: 003, Train Loss: 1.5910, Metric: r2, Train: 0.0268, Val: 0.0123, best Val: 0.0274, Test: -0.0796
Training on 653 samples...
Train epoch: 5 [0/653 (0%)]	Loss: 1.494064
Make prediction for 653 samples...
Make prediction for 102 samples...
Make prediction for 87 samples...
Make prediction for 87 samples...
Epoch: 004, Train Loss: 1.5863, Metric: r2, Train: 0.0409, Val: 0.0682, best Val: 0.0682, Test: -0.1019
Training on 653 samples...
Train epoch: 6 [0/653 (0%)]	Loss: 1.505566
Make prediction for 653 samples...
Make prediction for 102 samples...
Make prediction for 87 samples...
Make prediction for 87 samples...
Epoch: 005, Train Loss: 1.6074, Metric: r2, Train: 0.0365, Val: 0.0793, best Val: 0.0793, Test: -0.1229
Training on 653 samples...
Train epoch: 7 [0/653 (0%)]	Loss: 1.571487
Make prediction for 653 samples...
Make prediction for 102 samples...
Make prediction for 87 samples...
EarlyStopping counter: 1 out of 30
Epoch: 006, Train Loss: 1.5747, Metric: r2, Train: 0.0178, Val: -0.0026, best Val: 0.0793, Test: -0.1697
Training on 653 samples...
Train epoch: 8 [0/653 (0%)]	Loss: 1.603717
Make prediction for 653 samples...
Make prediction for 102 samples...
Make prediction for 87 samples...
EarlyStopping counter: 2 out of 30
Epoch: 007, Train Loss: 1.5906, Metric: r2, Train: 0.0641, Val: 0.0742, best Val: 0.0793, Test: -0.1265
Training on 653 samples...
Train epoch: 9 [0/653 (0%)]	Loss: 1.532658
Make prediction for 653 samples...
Make prediction for 102 samples...
Make prediction for 87 samples...
Make prediction for 87 samples...
Epoch: 008, Train Loss: 1.5499, Metric: r2, Train: 0.0779, Val: 0.1102, best Val: 0.1102, Test: -0.1515
Training on 653 samples...
Train epoch: 10 [0/653 (0%)]	Loss: 1.539802
Make prediction for 653 samples...
Make prediction for 102 samples...
Make prediction for 87 samples...
Make prediction for 87 samples...
Epoch: 009, Train Loss: 1.5270, Metric: r2, Train: 0.1048, Val: 0.1331, best Val: 0.1331, Test: -0.2371
Training on 653 samples...
Train epoch: 11 [0/653 (0%)]	Loss: 1.592590
Make prediction for 653 samples...
Make prediction for 102 samples...
Make prediction for 87 samples...
Make prediction for 87 samples...
Epoch: 010, Train Loss: 1.5161, Metric: r2, Train: 0.1244, Val: 0.1694, best Val: 0.1694, Test: -0.2851
Training on 653 samples...
Train epoch: 12 [0/653 (0%)]	Loss: 1.514375
Make prediction for 653 samples...
Make prediction for 102 samples...
Make prediction for 87 samples...
Make prediction for 87 samples...
Epoch: 011, Train Loss: 1.4821, Metric: r2, Train: 0.1659, Val: 0.2282, best Val: 0.2282, Test: -0.2620
Training on 653 samples...
Train epoch: 13 [0/653 (0%)]	Loss: 1.356964
Make prediction for 653 samples...
Make prediction for 102 samples...
Make prediction for 87 samples...
Make prediction for 87 samples...
Epoch: 012, Train Loss: 1.4315, Metric: r2, Train: 0.2159, Val: 0.3075, best Val: 0.3075, Test: -0.2225
Training on 653 samples...
Train epoch: 14 [0/653 (0%)]	Loss: 1.328568
Make prediction for 653 samples...
Make prediction for 102 samples...
Make prediction for 87 samples...
Make prediction for 87 samples...
Epoch: 013, Train Loss: 1.4000, Metric: r2, Train: 0.2670, Val: 0.4023, best Val: 0.4023, Test: -0.2153
Training on 653 samples...
Train epoch: 15 [0/653 (0%)]	Loss: 1.333058
Make prediction for 653 samples...
Make prediction for 102 samples...
Make prediction for 87 samples...
Make prediction for 87 samples...
Epoch: 014, Train Loss: 1.3277, Metric: r2, Train: 0.3212, Val: 0.5138, best Val: 0.5138, Test: -0.1797
Training on 653 samples...
Train epoch: 16 [0/653 (0%)]	Loss: 1.349187
Make prediction for 653 samples...
Make prediction for 102 samples...
Make prediction for 87 samples...
Make prediction for 87 samples...
Epoch: 015, Train Loss: 1.2830, Metric: r2, Train: 0.3342, Val: 0.5592, best Val: 0.5592, Test: -0.0203
Training on 653 samples...
Train epoch: 17 [0/653 (0%)]	Loss: 1.350393
Make prediction for 653 samples...
Make prediction for 102 samples...
Make prediction for 87 samples...
EarlyStopping counter: 1 out of 30
Epoch: 016, Train Loss: 1.2985, Metric: r2, Train: 0.1802, Val: 0.4228, best Val: 0.5592, Test: -0.0227
Training on 653 samples...
Train epoch: 18 [0/653 (0%)]	Loss: 1.481934
Make prediction for 653 samples...
Make prediction for 102 samples...
Make prediction for 87 samples...
Make prediction for 87 samples...
Epoch: 017, Train Loss: 1.3332, Metric: r2, Train: 0.3958, Val: 0.5834, best Val: 0.5834, Test: -0.2269
Training on 653 samples...
Train epoch: 19 [0/653 (0%)]	Loss: 1.237486
Make prediction for 653 samples...
Make prediction for 102 samples...
Make prediction for 87 samples...
Make prediction for 87 samples...
Epoch: 018, Train Loss: 1.2643, Metric: r2, Train: 0.4404, Val: 0.6140, best Val: 0.6140, Test: -0.0359
Training on 653 samples...
Train epoch: 20 [0/653 (0%)]	Loss: 1.151909
Make prediction for 653 samples...
Make prediction for 102 samples...
Make prediction for 87 samples...
EarlyStopping counter: 1 out of 30
Epoch: 019, Train Loss: 1.2375, Metric: r2, Train: 0.4220, Val: 0.6120, best Val: 0.6140, Test: 0.0457
Training on 653 samples...
Train epoch: 21 [0/653 (0%)]	Loss: 1.287783
Make prediction for 653 samples...
Make prediction for 102 samples...
Make prediction for 87 samples...
EarlyStopping counter: 2 out of 30
Epoch: 020, Train Loss: 1.2165, Metric: r2, Train: 0.4589, Val: 0.6064, best Val: 0.6140, Test: -0.0843
Training on 653 samples...
Train epoch: 22 [0/653 (0%)]	Loss: 1.118647
Make prediction for 653 samples...
Make prediction for 102 samples...
Make prediction for 87 samples...
Make prediction for 87 samples...
Epoch: 021, Train Loss: 1.1692, Metric: r2, Train: 0.4778, Val: 0.6587, best Val: 0.6587, Test: 0.0197
Training on 653 samples...
Train epoch: 23 [0/653 (0%)]	Loss: 1.160570
Make prediction for 653 samples...
Make prediction for 102 samples...
Make prediction for 87 samples...
EarlyStopping counter: 1 out of 30
Epoch: 022, Train Loss: 1.1713, Metric: r2, Train: 0.5058, Val: 0.6455, best Val: 0.6587, Test: -0.1634
Training on 653 samples...
Train epoch: 24 [0/653 (0%)]	Loss: 1.098318
Make prediction for 653 samples...
Make prediction for 102 samples...
Make prediction for 87 samples...
Make prediction for 87 samples...
Epoch: 023, Train Loss: 1.1229, Metric: r2, Train: 0.5390, Val: 0.6926, best Val: 0.6926, Test: -0.0878
Training on 653 samples...
Train epoch: 25 [0/653 (0%)]	Loss: 1.144167
Make prediction for 653 samples...
Make prediction for 102 samples...
Make prediction for 87 samples...
Make prediction for 87 samples...
Epoch: 024, Train Loss: 1.0841, Metric: r2, Train: 0.5614, Val: 0.7056, best Val: 0.7056, Test: -0.0852
Training on 653 samples...
Train epoch: 26 [0/653 (0%)]	Loss: 1.041377
Make prediction for 653 samples...
Make prediction for 102 samples...
Make prediction for 87 samples...
EarlyStopping counter: 1 out of 30
Epoch: 025, Train Loss: 1.0636, Metric: r2, Train: 0.5814, Val: 0.6900, best Val: 0.7056, Test: -0.2030
Training on 653 samples...
Train epoch: 27 [0/653 (0%)]	Loss: 1.102636
Make prediction for 653 samples...
Make prediction for 102 samples...
Make prediction for 87 samples...
EarlyStopping counter: 2 out of 30
Epoch: 026, Train Loss: 1.0560, Metric: r2, Train: 0.5414, Val: 0.6009, best Val: 0.7056, Test: -0.3837
Training on 653 samples...
Train epoch: 28 [0/653 (0%)]	Loss: 1.067881
Make prediction for 653 samples...
Make prediction for 102 samples...
Make prediction for 87 samples...
EarlyStopping counter: 3 out of 30
Epoch: 027, Train Loss: 1.0611, Metric: r2, Train: 0.6172, Val: 0.6707, best Val: 0.7056, Test: -0.0900
Training on 653 samples...
Train epoch: 29 [0/653 (0%)]	Loss: 1.026020
Make prediction for 653 samples...
Make prediction for 102 samples...
Make prediction for 87 samples...
EarlyStopping counter: 4 out of 30
Epoch: 028, Train Loss: 1.1447, Metric: r2, Train: 0.3802, Val: 0.5696, best Val: 0.7056, Test: 0.0811
Training on 653 samples...
Train epoch: 30 [0/653 (0%)]	Loss: 1.243991
Make prediction for 653 samples...
Make prediction for 102 samples...
Make prediction for 87 samples...
EarlyStopping counter: 5 out of 30
Epoch: 029, Train Loss: 1.1505, Metric: r2, Train: 0.5146, Val: 0.5233, best Val: 0.7056, Test: -0.1864
Training on 653 samples...
Train epoch: 31 [0/653 (0%)]	Loss: 1.119539
Make prediction for 653 samples...
Make prediction for 102 samples...
Make prediction for 87 samples...
EarlyStopping counter: 6 out of 30
Epoch: 030, Train Loss: 1.0869, Metric: r2, Train: 0.5563, Val: 0.6421, best Val: 0.7056, Test: 0.2199
Training on 653 samples...
Train epoch: 32 [0/653 (0%)]	Loss: 1.076329
Make prediction for 653 samples...
Make prediction for 102 samples...
Make prediction for 87 samples...
EarlyStopping counter: 7 out of 30
Epoch: 031, Train Loss: 1.0509, Metric: r2, Train: 0.6127, Val: 0.6303, best Val: 0.7056, Test: 0.0425
Training on 653 samples...
Train epoch: 33 [0/653 (0%)]	Loss: 1.015241
Make prediction for 653 samples...
Make prediction for 102 samples...
Make prediction for 87 samples...
EarlyStopping counter: 8 out of 30
Epoch: 032, Train Loss: 0.9956, Metric: r2, Train: 0.6408, Val: 0.6958, best Val: 0.7056, Test: 0.2007
Training on 653 samples...
Train epoch: 34 [0/653 (0%)]	Loss: 1.033095
Make prediction for 653 samples...
Make prediction for 102 samples...
Make prediction for 87 samples...
EarlyStopping counter: 9 out of 30
Epoch: 033, Train Loss: 0.9939, Metric: r2, Train: 0.6576, Val: 0.7035, best Val: 0.7056, Test: 0.1432
Training on 653 samples...
Train epoch: 35 [0/653 (0%)]	Loss: 0.979280
Make prediction for 653 samples...
Make prediction for 102 samples...
Make prediction for 87 samples...
EarlyStopping counter: 10 out of 30
Epoch: 034, Train Loss: 0.9806, Metric: r2, Train: 0.5897, Val: 0.5818, best Val: 0.7056, Test: -0.2997
Training on 653 samples...
Train epoch: 36 [0/653 (0%)]	Loss: 1.103305
Make prediction for 653 samples...
Make prediction for 102 samples...
Make prediction for 87 samples...
EarlyStopping counter: 11 out of 30
Epoch: 035, Train Loss: 0.9924, Metric: r2, Train: 0.6197, Val: 0.6862, best Val: 0.7056, Test: 0.1776
Training on 653 samples...
Train epoch: 37 [0/653 (0%)]	Loss: 1.031623
Make prediction for 653 samples...
Make prediction for 102 samples...
Make prediction for 87 samples...
EarlyStopping counter: 12 out of 30
Epoch: 036, Train Loss: 0.9667, Metric: r2, Train: 0.6626, Val: 0.6385, best Val: 0.7056, Test: -0.0561
Training on 653 samples...
Train epoch: 38 [0/653 (0%)]	Loss: 0.952995
Make prediction for 653 samples...
Make prediction for 102 samples...
Make prediction for 87 samples...
EarlyStopping counter: 13 out of 30
Epoch: 037, Train Loss: 0.9689, Metric: r2, Train: 0.6909, Val: 0.6813, best Val: 0.7056, Test: 0.1126
Training on 653 samples...
Train epoch: 39 [0/653 (0%)]	Loss: 0.984089
Make prediction for 653 samples...
Make prediction for 102 samples...
Make prediction for 87 samples...
EarlyStopping counter: 14 out of 30
Epoch: 038, Train Loss: 0.9262, Metric: r2, Train: 0.7016, Val: 0.6715, best Val: 0.7056, Test: 0.0781
Training on 653 samples...
Train epoch: 40 [0/653 (0%)]	Loss: 0.919513
Make prediction for 653 samples...
Make prediction for 102 samples...
Make prediction for 87 samples...
EarlyStopping counter: 15 out of 30
Epoch: 039, Train Loss: 0.9193, Metric: r2, Train: 0.7102, Val: 0.6714, best Val: 0.7056, Test: 0.0308
Training on 653 samples...
Train epoch: 41 [0/653 (0%)]	Loss: 0.874368
Make prediction for 653 samples...
Make prediction for 102 samples...
Make prediction for 87 samples...
EarlyStopping counter: 16 out of 30
Epoch: 040, Train Loss: 0.9173, Metric: r2, Train: 0.7178, Val: 0.7047, best Val: 0.7056, Test: 0.1226
Training on 653 samples...
Train epoch: 42 [0/653 (0%)]	Loss: 0.918053
Make prediction for 653 samples...
Make prediction for 102 samples...
Make prediction for 87 samples...
EarlyStopping counter: 17 out of 30
Epoch: 041, Train Loss: 0.9153, Metric: r2, Train: 0.7265, Val: 0.6971, best Val: 0.7056, Test: 0.1264
Training on 653 samples...
Train epoch: 43 [0/653 (0%)]	Loss: 0.899564
Make prediction for 653 samples...
Make prediction for 102 samples...
Make prediction for 87 samples...
EarlyStopping counter: 18 out of 30
Epoch: 042, Train Loss: 0.8910, Metric: r2, Train: 0.7334, Val: 0.6799, best Val: 0.7056, Test: 0.1224
Training on 653 samples...
Train epoch: 44 [0/653 (0%)]	Loss: 0.940388
Make prediction for 653 samples...
Make prediction for 102 samples...
Make prediction for 87 samples...
EarlyStopping counter: 19 out of 30
Epoch: 043, Train Loss: 0.9025, Metric: r2, Train: 0.7285, Val: 0.6364, best Val: 0.7056, Test: 0.0432
Training on 653 samples...
Train epoch: 45 [0/653 (0%)]	Loss: 0.939933
Make prediction for 653 samples...
Make prediction for 102 samples...
Make prediction for 87 samples...
EarlyStopping counter: 20 out of 30
Epoch: 044, Train Loss: 0.8892, Metric: r2, Train: 0.7447, Val: 0.6594, best Val: 0.7056, Test: 0.1016
Training on 653 samples...
Train epoch: 46 [0/653 (0%)]	Loss: 0.912716
Make prediction for 653 samples...
Make prediction for 102 samples...
Make prediction for 87 samples...
Make prediction for 87 samples...
Epoch: 045, Train Loss: 0.8770, Metric: r2, Train: 0.7431, Val: 0.7062, best Val: 0.7062, Test: 0.2507
Training on 653 samples...
Train epoch: 47 [0/653 (0%)]	Loss: 0.877772
Make prediction for 653 samples...
Make prediction for 102 samples...
Make prediction for 87 samples...
EarlyStopping counter: 1 out of 30
Epoch: 046, Train Loss: 0.8706, Metric: r2, Train: 0.7427, Val: 0.7055, best Val: 0.7062, Test: 0.2658
Training on 653 samples...
Train epoch: 48 [0/653 (0%)]	Loss: 0.898194
Make prediction for 653 samples...
Make prediction for 102 samples...
Make prediction for 87 samples...
EarlyStopping counter: 2 out of 30
Epoch: 047, Train Loss: 0.8910, Metric: r2, Train: 0.7676, Val: 0.6949, best Val: 0.7062, Test: 0.2279
Training on 653 samples...
Train epoch: 49 [0/653 (0%)]	Loss: 0.879415
Make prediction for 653 samples...
Make prediction for 102 samples...
Make prediction for 87 samples...
EarlyStopping counter: 3 out of 30
Epoch: 048, Train Loss: 0.8694, Metric: r2, Train: 0.7466, Val: 0.6097, best Val: 0.7062, Test: 0.0978
Training on 653 samples...
Train epoch: 50 [0/653 (0%)]	Loss: 0.847557
Make prediction for 653 samples...
Make prediction for 102 samples...
Make prediction for 87 samples...
EarlyStopping counter: 4 out of 30
Epoch: 049, Train Loss: 0.8601, Metric: r2, Train: 0.7775, Val: 0.6724, best Val: 0.7062, Test: 0.2705
Training on 653 samples...
Train epoch: 51 [0/653 (0%)]	Loss: 0.844410
Make prediction for 653 samples...
Make prediction for 102 samples...
Make prediction for 87 samples...
EarlyStopping counter: 5 out of 30
Epoch: 050, Train Loss: 0.8398, Metric: r2, Train: 0.7785, Val: 0.6593, best Val: 0.7062, Test: 0.2170
Training on 653 samples...
Train epoch: 52 [0/653 (0%)]	Loss: 0.847801
Make prediction for 653 samples...
Make prediction for 102 samples...
Make prediction for 87 samples...
Make prediction for 87 samples...
Epoch: 051, Train Loss: 0.8357, Metric: r2, Train: 0.7909, Val: 0.7079, best Val: 0.7079, Test: 0.2777
Training on 653 samples...
Train epoch: 53 [0/653 (0%)]	Loss: 0.842479
Make prediction for 653 samples...
Make prediction for 102 samples...
Make prediction for 87 samples...
Make prediction for 87 samples...
Epoch: 052, Train Loss: 0.8333, Metric: r2, Train: 0.7585, Val: 0.7091, best Val: 0.7091, Test: 0.3101
Training on 653 samples...
Train epoch: 54 [0/653 (0%)]	Loss: 0.851151
Make prediction for 653 samples...
Make prediction for 102 samples...
Make prediction for 87 samples...
Make prediction for 87 samples...
Epoch: 053, Train Loss: 0.8437, Metric: r2, Train: 0.7819, Val: 0.7094, best Val: 0.7094, Test: 0.3364
Training on 653 samples...
Train epoch: 55 [0/653 (0%)]	Loss: 0.869441
Make prediction for 653 samples...
Make prediction for 102 samples...
Make prediction for 87 samples...
EarlyStopping counter: 1 out of 30
Epoch: 054, Train Loss: 0.8499, Metric: r2, Train: 0.7909, Val: 0.7074, best Val: 0.7094, Test: 0.3679
Training on 653 samples...
Train epoch: 56 [0/653 (0%)]	Loss: 0.863568
Make prediction for 653 samples...
Make prediction for 102 samples...
Make prediction for 87 samples...
EarlyStopping counter: 2 out of 30
Epoch: 055, Train Loss: 0.8348, Metric: r2, Train: 0.7719, Val: 0.6193, best Val: 0.7094, Test: 0.1950
Training on 653 samples...
Train epoch: 57 [0/653 (0%)]	Loss: 0.850420
Make prediction for 653 samples...
Make prediction for 102 samples...
Make prediction for 87 samples...
EarlyStopping counter: 3 out of 30
Epoch: 056, Train Loss: 0.8301, Metric: r2, Train: 0.7662, Val: 0.6009, best Val: 0.7094, Test: 0.1446
Training on 653 samples...
Train epoch: 58 [0/653 (0%)]	Loss: 0.846747
Make prediction for 653 samples...
Make prediction for 102 samples...
Make prediction for 87 samples...
EarlyStopping counter: 4 out of 30
Epoch: 057, Train Loss: 0.8321, Metric: r2, Train: 0.7996, Val: 0.6540, best Val: 0.7094, Test: 0.2175
Training on 653 samples...
Train epoch: 59 [0/653 (0%)]	Loss: 0.839056
Make prediction for 653 samples...
Make prediction for 102 samples...
Make prediction for 87 samples...
EarlyStopping counter: 5 out of 30
Epoch: 058, Train Loss: 0.8287, Metric: r2, Train: 0.8209, Val: 0.6877, best Val: 0.7094, Test: 0.3331
Training on 653 samples...
Train epoch: 60 [0/653 (0%)]	Loss: 0.805163
Make prediction for 653 samples...
Make prediction for 102 samples...
Make prediction for 87 samples...
Make prediction for 87 samples...
Epoch: 059, Train Loss: 0.8021, Metric: r2, Train: 0.7601, Val: 0.7102, best Val: 0.7102, Test: 0.3928
Training on 653 samples...
Train epoch: 61 [0/653 (0%)]	Loss: 0.887917
Make prediction for 653 samples...
Make prediction for 102 samples...
Make prediction for 87 samples...
EarlyStopping counter: 1 out of 30
Epoch: 060, Train Loss: 0.8507, Metric: r2, Train: 0.7244, Val: 0.6909, best Val: 0.7102, Test: 0.3630
Training on 653 samples...
Train epoch: 62 [0/653 (0%)]	Loss: 0.871577
Make prediction for 653 samples...
Make prediction for 102 samples...
Make prediction for 87 samples...
EarlyStopping counter: 2 out of 30
Epoch: 061, Train Loss: 0.8357, Metric: r2, Train: 0.8244, Val: 0.7092, best Val: 0.7102, Test: 0.3804
Training on 653 samples...
Train epoch: 63 [0/653 (0%)]	Loss: 0.819957
Make prediction for 653 samples...
Make prediction for 102 samples...
Make prediction for 87 samples...
EarlyStopping counter: 3 out of 30
Epoch: 062, Train Loss: 0.8096, Metric: r2, Train: 0.7615, Val: 0.5601, best Val: 0.7102, Test: 0.1429
Training on 653 samples...
Train epoch: 64 [0/653 (0%)]	Loss: 0.876392
Make prediction for 653 samples...
Make prediction for 102 samples...
Make prediction for 87 samples...
EarlyStopping counter: 4 out of 30
Epoch: 063, Train Loss: 0.8320, Metric: r2, Train: 0.8103, Val: 0.6146, best Val: 0.7102, Test: 0.2535
Training on 653 samples...
Train epoch: 65 [0/653 (0%)]	Loss: 0.858115
Make prediction for 653 samples...
Make prediction for 102 samples...
Make prediction for 87 samples...
EarlyStopping counter: 5 out of 30
Epoch: 064, Train Loss: 0.8057, Metric: r2, Train: 0.8193, Val: 0.6328, best Val: 0.7102, Test: 0.2874
Training on 653 samples...
Train epoch: 66 [0/653 (0%)]	Loss: 0.821420
Make prediction for 653 samples...
Make prediction for 102 samples...
Make prediction for 87 samples...
Make prediction for 87 samples...
Epoch: 065, Train Loss: 0.7955, Metric: r2, Train: 0.8330, Val: 0.7131, best Val: 0.7131, Test: 0.3989
Training on 653 samples...
Train epoch: 67 [0/653 (0%)]	Loss: 0.786343
Make prediction for 653 samples...
Make prediction for 102 samples...
Make prediction for 87 samples...
Make prediction for 87 samples...
Epoch: 066, Train Loss: 0.7886, Metric: r2, Train: 0.8293, Val: 0.7204, best Val: 0.7204, Test: 0.3895
Training on 653 samples...
Train epoch: 68 [0/653 (0%)]	Loss: 0.777223
Make prediction for 653 samples...
Make prediction for 102 samples...
Make prediction for 87 samples...
Make prediction for 87 samples...
Epoch: 067, Train Loss: 0.7850, Metric: r2, Train: 0.8208, Val: 0.7213, best Val: 0.7213, Test: 0.3557
Training on 653 samples...
Train epoch: 69 [0/653 (0%)]	Loss: 0.814343
Make prediction for 653 samples...
Make prediction for 102 samples...
Make prediction for 87 samples...
EarlyStopping counter: 1 out of 30
Epoch: 068, Train Loss: 0.7843, Metric: r2, Train: 0.8320, Val: 0.6238, best Val: 0.7213, Test: 0.2370
Training on 653 samples...
Train epoch: 70 [0/653 (0%)]	Loss: 0.790290
Make prediction for 653 samples...
Make prediction for 102 samples...
Make prediction for 87 samples...
EarlyStopping counter: 2 out of 30
Epoch: 069, Train Loss: 0.7908, Metric: r2, Train: 0.8412, Val: 0.6284, best Val: 0.7213, Test: 0.2831
Training on 653 samples...
Train epoch: 71 [0/653 (0%)]	Loss: 0.804828
Make prediction for 653 samples...
Make prediction for 102 samples...
Make prediction for 87 samples...
EarlyStopping counter: 3 out of 30
Epoch: 070, Train Loss: 0.7769, Metric: r2, Train: 0.8555, Val: 0.6633, best Val: 0.7213, Test: 0.3660
Training on 653 samples...
Train epoch: 72 [0/653 (0%)]	Loss: 0.763748
Make prediction for 653 samples...
Make prediction for 102 samples...
Make prediction for 87 samples...
EarlyStopping counter: 4 out of 30
Epoch: 071, Train Loss: 0.7669, Metric: r2, Train: 0.8244, Val: 0.7093, best Val: 0.7213, Test: 0.3602
Training on 653 samples...
Train epoch: 73 [0/653 (0%)]	Loss: 0.790259
Make prediction for 653 samples...
Make prediction for 102 samples...
Make prediction for 87 samples...
EarlyStopping counter: 5 out of 30
Epoch: 072, Train Loss: 0.7764, Metric: r2, Train: 0.8595, Val: 0.6928, best Val: 0.7213, Test: 0.3331
Training on 653 samples...
Train epoch: 74 [0/653 (0%)]	Loss: 0.775256
Make prediction for 653 samples...
Make prediction for 102 samples...
Make prediction for 87 samples...
EarlyStopping counter: 6 out of 30
Epoch: 073, Train Loss: 0.7588, Metric: r2, Train: 0.8592, Val: 0.6672, best Val: 0.7213, Test: 0.3150
Training on 653 samples...
Train epoch: 75 [0/653 (0%)]	Loss: 0.758714
Make prediction for 653 samples...
Make prediction for 102 samples...
Make prediction for 87 samples...
EarlyStopping counter: 7 out of 30
Epoch: 074, Train Loss: 0.7642, Metric: r2, Train: 0.8649, Val: 0.7016, best Val: 0.7213, Test: 0.3659
Training on 653 samples...
Train epoch: 76 [0/653 (0%)]	Loss: 0.758314
Make prediction for 653 samples...
Make prediction for 102 samples...
Make prediction for 87 samples...
EarlyStopping counter: 8 out of 30
Epoch: 075, Train Loss: 0.7524, Metric: r2, Train: 0.8596, Val: 0.6827, best Val: 0.7213, Test: 0.3220
Training on 653 samples...
Train epoch: 77 [0/653 (0%)]	Loss: 0.769892
Make prediction for 653 samples...
Make prediction for 102 samples...
Make prediction for 87 samples...
EarlyStopping counter: 9 out of 30
Epoch: 076, Train Loss: 0.7580, Metric: r2, Train: 0.8174, Val: 0.7054, best Val: 0.7213, Test: 0.3247
Training on 653 samples...
Train epoch: 78 [0/653 (0%)]	Loss: 0.797672
Make prediction for 653 samples...
Make prediction for 102 samples...
Make prediction for 87 samples...
EarlyStopping counter: 10 out of 30
Epoch: 077, Train Loss: 0.7757, Metric: r2, Train: 0.7883, Val: 0.7020, best Val: 0.7213, Test: 0.3323
Training on 653 samples...
Train epoch: 79 [0/653 (0%)]	Loss: 0.848104
Make prediction for 653 samples...
Make prediction for 102 samples...
Make prediction for 87 samples...
EarlyStopping counter: 11 out of 30
Epoch: 078, Train Loss: 0.7876, Metric: r2, Train: 0.8459, Val: 0.7156, best Val: 0.7213, Test: 0.4011
Training on 653 samples...
Train epoch: 80 [0/653 (0%)]	Loss: 0.797348
Make prediction for 653 samples...
Make prediction for 102 samples...
Make prediction for 87 samples...
EarlyStopping counter: 12 out of 30
Epoch: 079, Train Loss: 0.7673, Metric: r2, Train: 0.8346, Val: 0.7113, best Val: 0.7213, Test: 0.3960
Training on 653 samples...
Train epoch: 81 [0/653 (0%)]	Loss: 0.809493
Make prediction for 653 samples...
Make prediction for 102 samples...
Make prediction for 87 samples...
EarlyStopping counter: 13 out of 30
Epoch: 080, Train Loss: 0.7785, Metric: r2, Train: 0.7407, Val: 0.6961, best Val: 0.7213, Test: 0.3302
Training on 653 samples...
Train epoch: 82 [0/653 (0%)]	Loss: 0.853159
Make prediction for 653 samples...
Make prediction for 102 samples...
Make prediction for 87 samples...
EarlyStopping counter: 14 out of 30
Epoch: 081, Train Loss: 0.8055, Metric: r2, Train: 0.8528, Val: 0.7139, best Val: 0.7213, Test: 0.3707
Training on 653 samples...
Train epoch: 83 [0/653 (0%)]	Loss: 0.760896
Make prediction for 653 samples...
Make prediction for 102 samples...
Make prediction for 87 samples...
EarlyStopping counter: 15 out of 30
Epoch: 082, Train Loss: 0.7910, Metric: r2, Train: 0.8077, Val: 0.5220, best Val: 0.7213, Test: 0.1796
Training on 653 samples...
Train epoch: 84 [0/653 (0%)]	Loss: 0.826377
Make prediction for 653 samples...
Make prediction for 102 samples...
Make prediction for 87 samples...
EarlyStopping counter: 16 out of 30
Epoch: 083, Train Loss: 0.7934, Metric: r2, Train: 0.8636, Val: 0.6256, best Val: 0.7213, Test: 0.3012
Training on 653 samples...
Train epoch: 85 [0/653 (0%)]	Loss: 0.767692
Make prediction for 653 samples...
Make prediction for 102 samples...
Make prediction for 87 samples...
EarlyStopping counter: 17 out of 30
Epoch: 084, Train Loss: 0.7527, Metric: r2, Train: 0.8735, Val: 0.7201, best Val: 0.7213, Test: 0.3623
Training on 653 samples...
Train epoch: 86 [0/653 (0%)]	Loss: 0.773604
Make prediction for 653 samples...
Make prediction for 102 samples...
Make prediction for 87 samples...
EarlyStopping counter: 18 out of 30
Epoch: 085, Train Loss: 0.7496, Metric: r2, Train: 0.8772, Val: 0.7020, best Val: 0.7213, Test: 0.3292
Training on 653 samples...
Train epoch: 87 [0/653 (0%)]	Loss: 0.759253
Make prediction for 653 samples...
Make prediction for 102 samples...
Make prediction for 87 samples...
EarlyStopping counter: 19 out of 30
Epoch: 086, Train Loss: 0.7430, Metric: r2, Train: 0.8667, Val: 0.7083, best Val: 0.7213, Test: 0.3689
Training on 653 samples...
Train epoch: 88 [0/653 (0%)]	Loss: 0.750957
Make prediction for 653 samples...
Make prediction for 102 samples...
Make prediction for 87 samples...
EarlyStopping counter: 20 out of 30
Epoch: 087, Train Loss: 0.7406, Metric: r2, Train: 0.8795, Val: 0.6811, best Val: 0.7213, Test: 0.3553
Training on 653 samples...
Train epoch: 89 [0/653 (0%)]	Loss: 0.751867
Make prediction for 653 samples...
Make prediction for 102 samples...
Make prediction for 87 samples...
EarlyStopping counter: 21 out of 30
Epoch: 088, Train Loss: 0.7330, Metric: r2, Train: 0.8740, Val: 0.6185, best Val: 0.7213, Test: 0.2322
Training on 653 samples...
Train epoch: 90 [0/653 (0%)]	Loss: 0.736175
Make prediction for 653 samples...
Make prediction for 102 samples...
Make prediction for 87 samples...
EarlyStopping counter: 22 out of 30
Epoch: 089, Train Loss: 0.7354, Metric: r2, Train: 0.8846, Val: 0.6773, best Val: 0.7213, Test: 0.2573
Training on 653 samples...
Train epoch: 91 [0/653 (0%)]	Loss: 0.744290
Make prediction for 653 samples...
Make prediction for 102 samples...
Make prediction for 87 samples...
EarlyStopping counter: 23 out of 30
Epoch: 090, Train Loss: 0.7324, Metric: r2, Train: 0.8891, Val: 0.6618, best Val: 0.7213, Test: 0.2497
Training on 653 samples...
Train epoch: 92 [0/653 (0%)]	Loss: 0.740201
Make prediction for 653 samples...
Make prediction for 102 samples...
Make prediction for 87 samples...
EarlyStopping counter: 24 out of 30
Epoch: 091, Train Loss: 0.7289, Metric: r2, Train: 0.8846, Val: 0.5995, best Val: 0.7213, Test: 0.2079
Training on 653 samples...
Train epoch: 93 [0/653 (0%)]	Loss: 0.766924
Make prediction for 653 samples...
Make prediction for 102 samples...
Make prediction for 87 samples...
EarlyStopping counter: 25 out of 30
Epoch: 092, Train Loss: 0.7409, Metric: r2, Train: 0.8785, Val: 0.5840, best Val: 0.7213, Test: 0.1623
Training on 653 samples...
Train epoch: 94 [0/653 (0%)]	Loss: 0.746296
Make prediction for 653 samples...
Make prediction for 102 samples...
Make prediction for 87 samples...
EarlyStopping counter: 26 out of 30
Epoch: 093, Train Loss: 0.7553, Metric: r2, Train: 0.8335, Val: 0.5109, best Val: 0.7213, Test: -0.0163
Training on 653 samples...
Train epoch: 95 [0/653 (0%)]	Loss: 0.801174
Make prediction for 653 samples...
Make prediction for 102 samples...
Make prediction for 87 samples...
EarlyStopping counter: 27 out of 30
Epoch: 094, Train Loss: 0.7554, Metric: r2, Train: 0.8619, Val: 0.5735, best Val: 0.7213, Test: 0.0734
Training on 653 samples...
Train epoch: 96 [0/653 (0%)]	Loss: 0.749168
Make prediction for 653 samples...
Make prediction for 102 samples...
Make prediction for 87 samples...
EarlyStopping counter: 28 out of 30
Epoch: 095, Train Loss: 0.7410, Metric: r2, Train: 0.8801, Val: 0.6185, best Val: 0.7213, Test: 0.1681
Training on 653 samples...
Train epoch: 97 [0/653 (0%)]	Loss: 0.746489
Make prediction for 653 samples...
Make prediction for 102 samples...
Make prediction for 87 samples...
EarlyStopping counter: 29 out of 30
Epoch: 096, Train Loss: 0.7347, Metric: r2, Train: 0.8936, Val: 0.7060, best Val: 0.7213, Test: 0.3089
Training on 653 samples...
Train epoch: 98 [0/653 (0%)]	Loss: 0.739935
Make prediction for 653 samples...
Make prediction for 102 samples...
Make prediction for 87 samples...
EarlyStopping counter: 30 out of 30
Epoch: 097, Train Loss: 0.7571, Metric: r2, Train: 0.8792, Val: 0.6948, best Val: 0.7213, Test: 0.2776
out of patience!
******Caco2_Perimeter_2064, 2th_time_result******
train_result: 0.8208
val_result: 0.7213
test_result: 0.3557
Current seed: 2044
Pre-processed data found: data/processed/Caco2_Perimeter_2064/Caco2_Perimeter_2064_train.pt, loading ...
Pre-processed data found: data/processed/Caco2_Perimeter_2064/Caco2_Perimeter_2064_valid.pt, loading ...
Pre-processed data found: data/processed/Caco2_Perimeter_2064/Caco2_Perimeter_2064_test.pt, loading ...
trainset mean:-5.18760347366333 std:0.7630442380905151
Training on 653 samples...
Train epoch: 1 [0/653 (0%)]	Loss: 1.720559
Make prediction for 653 samples...
Make prediction for 102 samples...
Make prediction for 87 samples...
Make prediction for 87 samples...
Epoch: 000, Train Loss: 1.6812, Metric: r2, Train: -0.0326, Val: 0.0131, best Val: 0.0131, Test: -0.0344
Training on 653 samples...
Train epoch: 2 [0/653 (0%)]	Loss: 1.579762
Make prediction for 653 samples...
Make prediction for 102 samples...
Make prediction for 87 samples...
EarlyStopping counter: 1 out of 30
Epoch: 001, Train Loss: 1.6323, Metric: r2, Train: -0.0057, Val: -0.0587, best Val: 0.0131, Test: -0.0465
Training on 653 samples...
Train epoch: 3 [0/653 (0%)]	Loss: 1.667207
Make prediction for 653 samples...
Make prediction for 102 samples...
Make prediction for 87 samples...
Make prediction for 87 samples...
Epoch: 002, Train Loss: 1.6106, Metric: r2, Train: 0.0154, Val: 0.0178, best Val: 0.0178, Test: -0.0265
Training on 653 samples...
Train epoch: 4 [0/653 (0%)]	Loss: 1.633656
Make prediction for 653 samples...
Make prediction for 102 samples...
Make prediction for 87 samples...
EarlyStopping counter: 1 out of 30
Epoch: 003, Train Loss: 1.6055, Metric: r2, Train: 0.0328, Val: 0.0154, best Val: 0.0178, Test: -0.0503
Training on 653 samples...
Train epoch: 5 [0/653 (0%)]	Loss: 1.600717
Make prediction for 653 samples...
Make prediction for 102 samples...
Make prediction for 87 samples...
EarlyStopping counter: 2 out of 30
Epoch: 004, Train Loss: 1.5826, Metric: r2, Train: 0.0403, Val: 0.0148, best Val: 0.0178, Test: -0.0998
Training on 653 samples...
Train epoch: 6 [0/653 (0%)]	Loss: 1.538998
Make prediction for 653 samples...
Make prediction for 102 samples...
Make prediction for 87 samples...
Make prediction for 87 samples...
Epoch: 005, Train Loss: 1.5669, Metric: r2, Train: 0.0679, Val: 0.0974, best Val: 0.0974, Test: -0.1187
Training on 653 samples...
Train epoch: 7 [0/653 (0%)]	Loss: 1.667121
Make prediction for 653 samples...
Make prediction for 102 samples...
Make prediction for 87 samples...
EarlyStopping counter: 1 out of 30
Epoch: 006, Train Loss: 1.5453, Metric: r2, Train: 0.0826, Val: 0.0910, best Val: 0.0974, Test: -0.1958
Training on 653 samples...
Train epoch: 8 [0/653 (0%)]	Loss: 1.467819
Make prediction for 653 samples...
Make prediction for 102 samples...
Make prediction for 87 samples...
Make prediction for 87 samples...
Epoch: 007, Train Loss: 1.5358, Metric: r2, Train: 0.0934, Val: 0.1449, best Val: 0.1449, Test: -0.2170
Training on 653 samples...
Train epoch: 9 [0/653 (0%)]	Loss: 1.566872
Make prediction for 653 samples...
Make prediction for 102 samples...
Make prediction for 87 samples...
Make prediction for 87 samples...
Epoch: 008, Train Loss: 1.5400, Metric: r2, Train: 0.1404, Val: 0.1748, best Val: 0.1748, Test: -0.1846
Training on 653 samples...
Train epoch: 10 [0/653 (0%)]	Loss: 1.400923
Make prediction for 653 samples...
Make prediction for 102 samples...
Make prediction for 87 samples...
Make prediction for 87 samples...
Epoch: 009, Train Loss: 1.4954, Metric: r2, Train: 0.1573, Val: 0.2005, best Val: 0.2005, Test: -0.1665
Training on 653 samples...
Train epoch: 11 [0/653 (0%)]	Loss: 1.345211
Make prediction for 653 samples...
Make prediction for 102 samples...
Make prediction for 87 samples...
Make prediction for 87 samples...
Epoch: 010, Train Loss: 1.4512, Metric: r2, Train: 0.1486, Val: 0.2137, best Val: 0.2137, Test: -0.2078
Training on 653 samples...
Train epoch: 12 [0/653 (0%)]	Loss: 1.528422
Make prediction for 653 samples...
Make prediction for 102 samples...
Make prediction for 87 samples...
Make prediction for 87 samples...
Epoch: 011, Train Loss: 1.4221, Metric: r2, Train: 0.1457, Val: 0.2442, best Val: 0.2442, Test: -0.2388
Training on 653 samples...
Train epoch: 13 [0/653 (0%)]	Loss: 1.471604
Make prediction for 653 samples...
Make prediction for 102 samples...
Make prediction for 87 samples...
Make prediction for 87 samples...
Epoch: 012, Train Loss: 1.4236, Metric: r2, Train: 0.1556, Val: 0.2684, best Val: 0.2684, Test: -0.3093
Training on 653 samples...
Train epoch: 14 [0/653 (0%)]	Loss: 1.408966
Make prediction for 653 samples...
Make prediction for 102 samples...
Make prediction for 87 samples...
Make prediction for 87 samples...
Epoch: 013, Train Loss: 1.4426, Metric: r2, Train: 0.2634, Val: 0.3855, best Val: 0.3855, Test: -0.1227
Training on 653 samples...
Train epoch: 15 [0/653 (0%)]	Loss: 1.398487
Make prediction for 653 samples...
Make prediction for 102 samples...
Make prediction for 87 samples...
Make prediction for 87 samples...
Epoch: 014, Train Loss: 1.3461, Metric: r2, Train: 0.3118, Val: 0.4446, best Val: 0.4446, Test: -0.0990
Training on 653 samples...
Train epoch: 16 [0/653 (0%)]	Loss: 1.290576
Make prediction for 653 samples...
Make prediction for 102 samples...
Make prediction for 87 samples...
Make prediction for 87 samples...
Epoch: 015, Train Loss: 1.2914, Metric: r2, Train: 0.3607, Val: 0.5188, best Val: 0.5188, Test: -0.0426
Training on 653 samples...
Train epoch: 17 [0/653 (0%)]	Loss: 1.184743
Make prediction for 653 samples...
Make prediction for 102 samples...
Make prediction for 87 samples...
Make prediction for 87 samples...
Epoch: 016, Train Loss: 1.2482, Metric: r2, Train: 0.4147, Val: 0.5914, best Val: 0.5914, Test: -0.0506
Training on 653 samples...
Train epoch: 18 [0/653 (0%)]	Loss: 1.235517
Make prediction for 653 samples...
Make prediction for 102 samples...
Make prediction for 87 samples...
Make prediction for 87 samples...
Epoch: 017, Train Loss: 1.1950, Metric: r2, Train: 0.4337, Val: 0.6257, best Val: 0.6257, Test: 0.1175
Training on 653 samples...
Train epoch: 19 [0/653 (0%)]	Loss: 1.221256
Make prediction for 653 samples...
Make prediction for 102 samples...
Make prediction for 87 samples...
Make prediction for 87 samples...
Epoch: 018, Train Loss: 1.1644, Metric: r2, Train: 0.5058, Val: 0.6626, best Val: 0.6626, Test: 0.1468
Training on 653 samples...
Train epoch: 20 [0/653 (0%)]	Loss: 1.207846
Make prediction for 653 samples...
Make prediction for 102 samples...
Make prediction for 87 samples...
EarlyStopping counter: 1 out of 30
Epoch: 019, Train Loss: 1.1149, Metric: r2, Train: 0.5350, Val: 0.6291, best Val: 0.6626, Test: -0.0263
Training on 653 samples...
Train epoch: 21 [0/653 (0%)]	Loss: 1.133792
Make prediction for 653 samples...
Make prediction for 102 samples...
Make prediction for 87 samples...
EarlyStopping counter: 2 out of 30
Epoch: 020, Train Loss: 1.0833, Metric: r2, Train: 0.5251, Val: 0.5804, best Val: 0.6626, Test: -0.1815
Training on 653 samples...
Train epoch: 22 [0/653 (0%)]	Loss: 1.136398
Make prediction for 653 samples...
Make prediction for 102 samples...
Make prediction for 87 samples...
EarlyStopping counter: 3 out of 30
Epoch: 021, Train Loss: 1.1242, Metric: r2, Train: 0.5770, Val: 0.6392, best Val: 0.6626, Test: -0.0192
Training on 653 samples...
Train epoch: 23 [0/653 (0%)]	Loss: 1.066957
Make prediction for 653 samples...
Make prediction for 102 samples...
Make prediction for 87 samples...
EarlyStopping counter: 4 out of 30
Epoch: 022, Train Loss: 1.0482, Metric: r2, Train: 0.5542, Val: 0.5986, best Val: 0.6626, Test: -0.1877
Training on 653 samples...
Train epoch: 24 [0/653 (0%)]	Loss: 1.114257
Make prediction for 653 samples...
Make prediction for 102 samples...
Make prediction for 87 samples...
EarlyStopping counter: 5 out of 30
Epoch: 023, Train Loss: 1.0723, Metric: r2, Train: 0.4674, Val: 0.4986, best Val: 0.6626, Test: -0.4398
Training on 653 samples...
Train epoch: 25 [0/653 (0%)]	Loss: 1.144856
Make prediction for 653 samples...
Make prediction for 102 samples...
Make prediction for 87 samples...
EarlyStopping counter: 6 out of 30
Epoch: 024, Train Loss: 1.1236, Metric: r2, Train: 0.5744, Val: 0.6548, best Val: 0.6626, Test: 0.2034
Training on 653 samples...
Train epoch: 26 [0/653 (0%)]	Loss: 1.028314
Make prediction for 653 samples...
Make prediction for 102 samples...
Make prediction for 87 samples...
Make prediction for 87 samples...
Epoch: 025, Train Loss: 1.0639, Metric: r2, Train: 0.6063, Val: 0.6666, best Val: 0.6666, Test: 0.2048
Training on 653 samples...
Train epoch: 27 [0/653 (0%)]	Loss: 1.032048
Make prediction for 653 samples...
Make prediction for 102 samples...
Make prediction for 87 samples...
EarlyStopping counter: 1 out of 30
Epoch: 026, Train Loss: 1.0836, Metric: r2, Train: 0.6045, Val: 0.6387, best Val: 0.6666, Test: 0.0753
Training on 653 samples...
Train epoch: 28 [0/653 (0%)]	Loss: 1.012880
Make prediction for 653 samples...
Make prediction for 102 samples...
Make prediction for 87 samples...
EarlyStopping counter: 2 out of 30
Epoch: 027, Train Loss: 1.0479, Metric: r2, Train: 0.6074, Val: 0.6603, best Val: 0.6666, Test: 0.2340
Training on 653 samples...
Train epoch: 29 [0/653 (0%)]	Loss: 1.077422
Make prediction for 653 samples...
Make prediction for 102 samples...
Make prediction for 87 samples...
EarlyStopping counter: 3 out of 30
Epoch: 028, Train Loss: 1.0326, Metric: r2, Train: 0.6139, Val: 0.6201, best Val: 0.6666, Test: -0.0147
Training on 653 samples...
Train epoch: 30 [0/653 (0%)]	Loss: 1.019326
Make prediction for 653 samples...
Make prediction for 102 samples...
Make prediction for 87 samples...
Make prediction for 87 samples...
Epoch: 029, Train Loss: 0.9963, Metric: r2, Train: 0.6181, Val: 0.6838, best Val: 0.6838, Test: 0.2321
Training on 653 samples...
Train epoch: 31 [0/653 (0%)]	Loss: 0.992178
Make prediction for 653 samples...
Make prediction for 102 samples...
Make prediction for 87 samples...
EarlyStopping counter: 1 out of 30
Epoch: 030, Train Loss: 0.9879, Metric: r2, Train: 0.6423, Val: 0.6235, best Val: 0.6838, Test: -0.1039
Training on 653 samples...
Train epoch: 32 [0/653 (0%)]	Loss: 0.989007
Make prediction for 653 samples...
Make prediction for 102 samples...
Make prediction for 87 samples...
EarlyStopping counter: 2 out of 30
Epoch: 031, Train Loss: 0.9830, Metric: r2, Train: 0.6799, Val: 0.6718, best Val: 0.6838, Test: 0.0123
Training on 653 samples...
Train epoch: 33 [0/653 (0%)]	Loss: 0.950944
Make prediction for 653 samples...
Make prediction for 102 samples...
Make prediction for 87 samples...
EarlyStopping counter: 3 out of 30
Epoch: 032, Train Loss: 0.9979, Metric: r2, Train: 0.6242, Val: 0.6672, best Val: 0.6838, Test: 0.2032
Training on 653 samples...
Train epoch: 34 [0/653 (0%)]	Loss: 1.003608
Make prediction for 653 samples...
Make prediction for 102 samples...
Make prediction for 87 samples...
EarlyStopping counter: 4 out of 30
Epoch: 033, Train Loss: 0.9800, Metric: r2, Train: 0.6673, Val: 0.6272, best Val: 0.6838, Test: -0.0693
Training on 653 samples...
Train epoch: 35 [0/653 (0%)]	Loss: 0.980778
Make prediction for 653 samples...
Make prediction for 102 samples...
Make prediction for 87 samples...
Make prediction for 87 samples...
Epoch: 034, Train Loss: 0.9521, Metric: r2, Train: 0.7019, Val: 0.6873, best Val: 0.6873, Test: 0.1497
Training on 653 samples...
Train epoch: 36 [0/653 (0%)]	Loss: 0.954898
Make prediction for 653 samples...
Make prediction for 102 samples...
Make prediction for 87 samples...
EarlyStopping counter: 1 out of 30
Epoch: 035, Train Loss: 0.9185, Metric: r2, Train: 0.7153, Val: 0.6720, best Val: 0.6873, Test: 0.0846
Training on 653 samples...
Train epoch: 37 [0/653 (0%)]	Loss: 0.914602
Make prediction for 653 samples...
Make prediction for 102 samples...
Make prediction for 87 samples...
EarlyStopping counter: 2 out of 30
Epoch: 036, Train Loss: 0.8999, Metric: r2, Train: 0.7244, Val: 0.6864, best Val: 0.6873, Test: 0.0854
Training on 653 samples...
Train epoch: 38 [0/653 (0%)]	Loss: 0.907473
Make prediction for 653 samples...
Make prediction for 102 samples...
Make prediction for 87 samples...
Make prediction for 87 samples...
Epoch: 037, Train Loss: 0.9046, Metric: r2, Train: 0.7066, Val: 0.6977, best Val: 0.6977, Test: 0.2427
Training on 653 samples...
Train epoch: 39 [0/653 (0%)]	Loss: 0.947882
Make prediction for 653 samples...
Make prediction for 102 samples...
Make prediction for 87 samples...
EarlyStopping counter: 1 out of 30
Epoch: 038, Train Loss: 0.9025, Metric: r2, Train: 0.7335, Val: 0.6654, best Val: 0.6977, Test: 0.0540
Training on 653 samples...
Train epoch: 40 [0/653 (0%)]	Loss: 0.945192
Make prediction for 653 samples...
Make prediction for 102 samples...
Make prediction for 87 samples...
EarlyStopping counter: 2 out of 30
Epoch: 039, Train Loss: 0.8955, Metric: r2, Train: 0.7514, Val: 0.6864, best Val: 0.6977, Test: 0.1533
Training on 653 samples...
Train epoch: 41 [0/653 (0%)]	Loss: 0.879130
Make prediction for 653 samples...
Make prediction for 102 samples...
Make prediction for 87 samples...
EarlyStopping counter: 3 out of 30
Epoch: 040, Train Loss: 0.8724, Metric: r2, Train: 0.7373, Val: 0.6351, best Val: 0.6977, Test: 0.0209
Training on 653 samples...
Train epoch: 42 [0/653 (0%)]	Loss: 0.903136
Make prediction for 653 samples...
Make prediction for 102 samples...
Make prediction for 87 samples...
EarlyStopping counter: 4 out of 30
Epoch: 041, Train Loss: 0.8636, Metric: r2, Train: 0.7690, Val: 0.6912, best Val: 0.6977, Test: 0.1606
Training on 653 samples...
Train epoch: 43 [0/653 (0%)]	Loss: 0.885107
Make prediction for 653 samples...
Make prediction for 102 samples...
Make prediction for 87 samples...
EarlyStopping counter: 5 out of 30
Epoch: 042, Train Loss: 0.8542, Metric: r2, Train: 0.7326, Val: 0.6963, best Val: 0.6977, Test: 0.2775
Training on 653 samples...
Train epoch: 44 [0/653 (0%)]	Loss: 0.858581
Make prediction for 653 samples...
Make prediction for 102 samples...
Make prediction for 87 samples...
EarlyStopping counter: 6 out of 30
Epoch: 043, Train Loss: 0.8516, Metric: r2, Train: 0.7842, Val: 0.6957, best Val: 0.6977, Test: 0.2300
Training on 653 samples...
Train epoch: 45 [0/653 (0%)]	Loss: 0.817404
Make prediction for 653 samples...
Make prediction for 102 samples...
Make prediction for 87 samples...
EarlyStopping counter: 7 out of 30
Epoch: 044, Train Loss: 0.8413, Metric: r2, Train: 0.7831, Val: 0.6689, best Val: 0.6977, Test: 0.2007
Training on 653 samples...
Train epoch: 46 [0/653 (0%)]	Loss: 0.850320
Make prediction for 653 samples...
Make prediction for 102 samples...
Make prediction for 87 samples...
Make prediction for 87 samples...
Epoch: 045, Train Loss: 0.8256, Metric: r2, Train: 0.7951, Val: 0.7036, best Val: 0.7036, Test: 0.2951
Training on 653 samples...
Train epoch: 47 [0/653 (0%)]	Loss: 0.817525
Make prediction for 653 samples...
Make prediction for 102 samples...
Make prediction for 87 samples...
Make prediction for 87 samples...
Epoch: 046, Train Loss: 0.8270, Metric: r2, Train: 0.7991, Val: 0.7135, best Val: 0.7135, Test: 0.3196
Training on 653 samples...
Train epoch: 48 [0/653 (0%)]	Loss: 0.845068
Make prediction for 653 samples...
Make prediction for 102 samples...
Make prediction for 87 samples...
Make prediction for 87 samples...
Epoch: 047, Train Loss: 0.8259, Metric: r2, Train: 0.8135, Val: 0.7139, best Val: 0.7139, Test: 0.3241
Training on 653 samples...
Train epoch: 49 [0/653 (0%)]	Loss: 0.796143
Make prediction for 653 samples...
Make prediction for 102 samples...
Make prediction for 87 samples...
EarlyStopping counter: 1 out of 30
Epoch: 048, Train Loss: 0.8093, Metric: r2, Train: 0.8084, Val: 0.6822, best Val: 0.7139, Test: 0.2661
Training on 653 samples...
Train epoch: 50 [0/653 (0%)]	Loss: 0.865665
Make prediction for 653 samples...
Make prediction for 102 samples...
Make prediction for 87 samples...
EarlyStopping counter: 2 out of 30
Epoch: 049, Train Loss: 0.8079, Metric: r2, Train: 0.7658, Val: 0.6084, best Val: 0.7139, Test: 0.1428
Training on 653 samples...
Train epoch: 51 [0/653 (0%)]	Loss: 0.866817
Make prediction for 653 samples...
Make prediction for 102 samples...
Make prediction for 87 samples...
EarlyStopping counter: 3 out of 30
Epoch: 050, Train Loss: 0.8574, Metric: r2, Train: 0.7810, Val: 0.6254, best Val: 0.7139, Test: 0.1993
Training on 653 samples...
Train epoch: 52 [0/653 (0%)]	Loss: 0.837610
Make prediction for 653 samples...
Make prediction for 102 samples...
Make prediction for 87 samples...
EarlyStopping counter: 4 out of 30
Epoch: 051, Train Loss: 0.8135, Metric: r2, Train: 0.8038, Val: 0.6442, best Val: 0.7139, Test: 0.2743
Training on 653 samples...
Train epoch: 53 [0/653 (0%)]	Loss: 0.834578
Make prediction for 653 samples...
Make prediction for 102 samples...
Make prediction for 87 samples...
EarlyStopping counter: 5 out of 30
Epoch: 052, Train Loss: 0.8067, Metric: r2, Train: 0.7898, Val: 0.6223, best Val: 0.7139, Test: 0.2396
Training on 653 samples...
Train epoch: 54 [0/653 (0%)]	Loss: 0.861925
Make prediction for 653 samples...
Make prediction for 102 samples...
Make prediction for 87 samples...
EarlyStopping counter: 6 out of 30
Epoch: 053, Train Loss: 0.8221, Metric: r2, Train: 0.7454, Val: 0.5500, best Val: 0.7139, Test: 0.0935
Training on 653 samples...
Train epoch: 55 [0/653 (0%)]	Loss: 0.902955
Make prediction for 653 samples...
Make prediction for 102 samples...
Make prediction for 87 samples...
EarlyStopping counter: 7 out of 30
Epoch: 054, Train Loss: 0.8426, Metric: r2, Train: 0.8343, Val: 0.6771, best Val: 0.7139, Test: 0.3041
Training on 653 samples...
Train epoch: 56 [0/653 (0%)]	Loss: 0.787322
Make prediction for 653 samples...
Make prediction for 102 samples...
Make prediction for 87 samples...
EarlyStopping counter: 8 out of 30
Epoch: 055, Train Loss: 0.8022, Metric: r2, Train: 0.7784, Val: 0.6988, best Val: 0.7139, Test: 0.3233
Training on 653 samples...
Train epoch: 57 [0/653 (0%)]	Loss: 0.830941
Make prediction for 653 samples...
Make prediction for 102 samples...
Make prediction for 87 samples...
Make prediction for 87 samples...
Epoch: 056, Train Loss: 0.8212, Metric: r2, Train: 0.7743, Val: 0.7166, best Val: 0.7166, Test: 0.3477
Training on 653 samples...
Train epoch: 58 [0/653 (0%)]	Loss: 0.875206
Make prediction for 653 samples...
Make prediction for 102 samples...
Make prediction for 87 samples...
EarlyStopping counter: 1 out of 30
Epoch: 057, Train Loss: 0.8336, Metric: r2, Train: 0.8119, Val: 0.6264, best Val: 0.7166, Test: 0.2105
Training on 653 samples...
Train epoch: 59 [0/653 (0%)]	Loss: 0.818003
Make prediction for 653 samples...
Make prediction for 102 samples...
Make prediction for 87 samples...
EarlyStopping counter: 2 out of 30
Epoch: 058, Train Loss: 0.7912, Metric: r2, Train: 0.8412, Val: 0.6783, best Val: 0.7166, Test: 0.3039
Training on 653 samples...
Train epoch: 60 [0/653 (0%)]	Loss: 0.797781
Make prediction for 653 samples...
Make prediction for 102 samples...
Make prediction for 87 samples...
EarlyStopping counter: 3 out of 30
Epoch: 059, Train Loss: 0.8094, Metric: r2, Train: 0.7201, Val: 0.6715, best Val: 0.7166, Test: 0.2943
Training on 653 samples...
Train epoch: 61 [0/653 (0%)]	Loss: 0.882067
Make prediction for 653 samples...
Make prediction for 102 samples...
Make prediction for 87 samples...
EarlyStopping counter: 4 out of 30
Epoch: 060, Train Loss: 0.8440, Metric: r2, Train: 0.8376, Val: 0.6899, best Val: 0.7166, Test: 0.2756
Training on 653 samples...
Train epoch: 62 [0/653 (0%)]	Loss: 0.810301
Make prediction for 653 samples...
Make prediction for 102 samples...
Make prediction for 87 samples...
EarlyStopping counter: 5 out of 30
Epoch: 061, Train Loss: 0.7986, Metric: r2, Train: 0.8358, Val: 0.6736, best Val: 0.7166, Test: 0.2552
Training on 653 samples...
Train epoch: 63 [0/653 (0%)]	Loss: 0.834472
Make prediction for 653 samples...
Make prediction for 102 samples...
Make prediction for 87 samples...
Make prediction for 87 samples...
Epoch: 062, Train Loss: 0.7942, Metric: r2, Train: 0.8159, Val: 0.7188, best Val: 0.7188, Test: 0.3901
Training on 653 samples...
Train epoch: 64 [0/653 (0%)]	Loss: 0.837375
Make prediction for 653 samples...
Make prediction for 102 samples...
Make prediction for 87 samples...
EarlyStopping counter: 1 out of 30
Epoch: 063, Train Loss: 0.8055, Metric: r2, Train: 0.8224, Val: 0.7187, best Val: 0.7188, Test: 0.3968
Training on 653 samples...
Train epoch: 65 [0/653 (0%)]	Loss: 0.812936
Make prediction for 653 samples...
Make prediction for 102 samples...
Make prediction for 87 samples...
EarlyStopping counter: 2 out of 30
Epoch: 064, Train Loss: 0.8136, Metric: r2, Train: 0.8109, Val: 0.6136, best Val: 0.7188, Test: 0.1774
Training on 653 samples...
Train epoch: 66 [0/653 (0%)]	Loss: 0.837794
Make prediction for 653 samples...
Make prediction for 102 samples...
Make prediction for 87 samples...
EarlyStopping counter: 3 out of 30
Epoch: 065, Train Loss: 0.7944, Metric: r2, Train: 0.8592, Val: 0.7133, best Val: 0.7188, Test: 0.3934
Training on 653 samples...
Train epoch: 67 [0/653 (0%)]	Loss: 0.771405
Make prediction for 653 samples...
Make prediction for 102 samples...
Make prediction for 87 samples...
Make prediction for 87 samples...
Epoch: 066, Train Loss: 0.7687, Metric: r2, Train: 0.8471, Val: 0.7340, best Val: 0.7340, Test: 0.4283
Training on 653 samples...
Train epoch: 68 [0/653 (0%)]	Loss: 0.794422
Make prediction for 653 samples...
Make prediction for 102 samples...
Make prediction for 87 samples...
EarlyStopping counter: 1 out of 30
Epoch: 067, Train Loss: 0.7670, Metric: r2, Train: 0.8622, Val: 0.6936, best Val: 0.7340, Test: 0.3394
Training on 653 samples...
Train epoch: 69 [0/653 (0%)]	Loss: 0.780966
Make prediction for 653 samples...
Make prediction for 102 samples...
Make prediction for 87 samples...
EarlyStopping counter: 2 out of 30
Epoch: 068, Train Loss: 0.7696, Metric: r2, Train: 0.8289, Val: 0.6368, best Val: 0.7340, Test: 0.1916
Training on 653 samples...
Train epoch: 70 [0/653 (0%)]	Loss: 0.790611
Make prediction for 653 samples...
Make prediction for 102 samples...
Make prediction for 87 samples...
EarlyStopping counter: 3 out of 30
Epoch: 069, Train Loss: 0.7664, Metric: r2, Train: 0.8479, Val: 0.7190, best Val: 0.7340, Test: 0.3831
Training on 653 samples...
Train epoch: 71 [0/653 (0%)]	Loss: 0.781247
Make prediction for 653 samples...
Make prediction for 102 samples...
Make prediction for 87 samples...
EarlyStopping counter: 4 out of 30
Epoch: 070, Train Loss: 0.7750, Metric: r2, Train: 0.8454, Val: 0.7262, best Val: 0.7340, Test: 0.4138
Training on 653 samples...
Train epoch: 72 [0/653 (0%)]	Loss: 0.783022
Make prediction for 653 samples...
Make prediction for 102 samples...
Make prediction for 87 samples...
EarlyStopping counter: 5 out of 30
Epoch: 071, Train Loss: 0.7676, Metric: r2, Train: 0.8425, Val: 0.6363, best Val: 0.7340, Test: 0.2544
Training on 653 samples...
Train epoch: 73 [0/653 (0%)]	Loss: 0.800781
Make prediction for 653 samples...
Make prediction for 102 samples...
Make prediction for 87 samples...
EarlyStopping counter: 6 out of 30
Epoch: 072, Train Loss: 0.7832, Metric: r2, Train: 0.8660, Val: 0.6769, best Val: 0.7340, Test: 0.3080
Training on 653 samples...
Train epoch: 74 [0/653 (0%)]	Loss: 0.756144
Make prediction for 653 samples...
Make prediction for 102 samples...
Make prediction for 87 samples...
EarlyStopping counter: 7 out of 30
Epoch: 073, Train Loss: 0.7539, Metric: r2, Train: 0.8483, Val: 0.6937, best Val: 0.7340, Test: 0.3726
Training on 653 samples...
Train epoch: 75 [0/653 (0%)]	Loss: 0.777932
Make prediction for 653 samples...
Make prediction for 102 samples...
Make prediction for 87 samples...
EarlyStopping counter: 8 out of 30
Epoch: 074, Train Loss: 0.7645, Metric: r2, Train: 0.8780, Val: 0.7049, best Val: 0.7340, Test: 0.3648
Training on 653 samples...
Train epoch: 76 [0/653 (0%)]	Loss: 0.719505
Make prediction for 653 samples...
Make prediction for 102 samples...
Make prediction for 87 samples...
EarlyStopping counter: 9 out of 30
Epoch: 075, Train Loss: 0.7559, Metric: r2, Train: 0.8013, Val: 0.5362, best Val: 0.7340, Test: 0.0954
Training on 653 samples...
Train epoch: 77 [0/653 (0%)]	Loss: 0.832304
Make prediction for 653 samples...
Make prediction for 102 samples...
Make prediction for 87 samples...
EarlyStopping counter: 10 out of 30
Epoch: 076, Train Loss: 0.7988, Metric: r2, Train: 0.8797, Val: 0.6917, best Val: 0.7340, Test: 0.3597
Training on 653 samples...
Train epoch: 78 [0/653 (0%)]	Loss: 0.755135
Make prediction for 653 samples...
Make prediction for 102 samples...
Make prediction for 87 samples...
EarlyStopping counter: 11 out of 30
Epoch: 077, Train Loss: 0.7750, Metric: r2, Train: 0.7972, Val: 0.6801, best Val: 0.7340, Test: 0.3806
Training on 653 samples...
Train epoch: 79 [0/653 (0%)]	Loss: 0.817474
Make prediction for 653 samples...
Make prediction for 102 samples...
Make prediction for 87 samples...
EarlyStopping counter: 12 out of 30
Epoch: 078, Train Loss: 0.7887, Metric: r2, Train: 0.7975, Val: 0.5909, best Val: 0.7340, Test: 0.1341
Training on 653 samples...
Train epoch: 80 [0/653 (0%)]	Loss: 0.826819
Make prediction for 653 samples...
Make prediction for 102 samples...
Make prediction for 87 samples...
EarlyStopping counter: 13 out of 30
Epoch: 079, Train Loss: 0.7961, Metric: r2, Train: 0.8798, Val: 0.6988, best Val: 0.7340, Test: 0.4109
Training on 653 samples...
Train epoch: 81 [0/653 (0%)]	Loss: 0.741635
Make prediction for 653 samples...
Make prediction for 102 samples...
Make prediction for 87 samples...
EarlyStopping counter: 14 out of 30
Epoch: 080, Train Loss: 0.7598, Metric: r2, Train: 0.8562, Val: 0.7177, best Val: 0.7340, Test: 0.4214
Training on 653 samples...
Train epoch: 82 [0/653 (0%)]	Loss: 0.775062
Make prediction for 653 samples...
Make prediction for 102 samples...
Make prediction for 87 samples...
EarlyStopping counter: 15 out of 30
Epoch: 081, Train Loss: 0.7510, Metric: r2, Train: 0.8069, Val: 0.5925, best Val: 0.7340, Test: 0.1036
Training on 653 samples...
Train epoch: 83 [0/653 (0%)]	Loss: 0.824680
Make prediction for 653 samples...
Make prediction for 102 samples...
Make prediction for 87 samples...
EarlyStopping counter: 16 out of 30
Epoch: 082, Train Loss: 0.7784, Metric: r2, Train: 0.8637, Val: 0.7148, best Val: 0.7340, Test: 0.3830
Training on 653 samples...
Train epoch: 84 [0/653 (0%)]	Loss: 0.758053
Make prediction for 653 samples...
Make prediction for 102 samples...
Make prediction for 87 samples...
EarlyStopping counter: 17 out of 30
Epoch: 083, Train Loss: 0.7643, Metric: r2, Train: 0.8808, Val: 0.7056, best Val: 0.7340, Test: 0.3475
Training on 653 samples...
Train epoch: 85 [0/653 (0%)]	Loss: 0.737955
Make prediction for 653 samples...
Make prediction for 102 samples...
Make prediction for 87 samples...
EarlyStopping counter: 18 out of 30
Epoch: 084, Train Loss: 0.7418, Metric: r2, Train: 0.8645, Val: 0.6392, best Val: 0.7340, Test: 0.2459
Training on 653 samples...
Train epoch: 86 [0/653 (0%)]	Loss: 0.767491
Make prediction for 653 samples...
Make prediction for 102 samples...
Make prediction for 87 samples...
Make prediction for 87 samples...
Epoch: 085, Train Loss: 0.7502, Metric: r2, Train: 0.8664, Val: 0.7349, best Val: 0.7349, Test: 0.3839
Training on 653 samples...
Train epoch: 87 [0/653 (0%)]	Loss: 0.764762
Make prediction for 653 samples...
Make prediction for 102 samples...
Make prediction for 87 samples...
EarlyStopping counter: 1 out of 30
Epoch: 086, Train Loss: 0.7474, Metric: r2, Train: 0.8907, Val: 0.7128, best Val: 0.7349, Test: 0.3293
Training on 653 samples...
Train epoch: 88 [0/653 (0%)]	Loss: 0.726941
Make prediction for 653 samples...
Make prediction for 102 samples...
Make prediction for 87 samples...
EarlyStopping counter: 2 out of 30
Epoch: 087, Train Loss: 0.7452, Metric: r2, Train: 0.8366, Val: 0.6156, best Val: 0.7349, Test: 0.0925
Training on 653 samples...
Train epoch: 89 [0/653 (0%)]	Loss: 0.786584
Make prediction for 653 samples...
Make prediction for 102 samples...
Make prediction for 87 samples...
EarlyStopping counter: 3 out of 30
Epoch: 088, Train Loss: 0.7540, Metric: r2, Train: 0.8829, Val: 0.7235, best Val: 0.7349, Test: 0.3719
Training on 653 samples...
Train epoch: 90 [0/653 (0%)]	Loss: 0.758787
Make prediction for 653 samples...
Make prediction for 102 samples...
Make prediction for 87 samples...
EarlyStopping counter: 4 out of 30
Epoch: 089, Train Loss: 0.7390, Metric: r2, Train: 0.8761, Val: 0.7212, best Val: 0.7349, Test: 0.3691
Training on 653 samples...
Train epoch: 91 [0/653 (0%)]	Loss: 0.759078
Make prediction for 653 samples...
Make prediction for 102 samples...
Make prediction for 87 samples...
EarlyStopping counter: 5 out of 30
Epoch: 090, Train Loss: 0.7343, Metric: r2, Train: 0.8571, Val: 0.6375, best Val: 0.7349, Test: 0.1282
Training on 653 samples...
Train epoch: 92 [0/653 (0%)]	Loss: 0.760989
Make prediction for 653 samples...
Make prediction for 102 samples...
Make prediction for 87 samples...
EarlyStopping counter: 6 out of 30
Epoch: 091, Train Loss: 0.7365, Metric: r2, Train: 0.8962, Val: 0.7211, best Val: 0.7349, Test: 0.3832
Training on 653 samples...
Train epoch: 93 [0/653 (0%)]	Loss: 0.740866
Make prediction for 653 samples...
Make prediction for 102 samples...
Make prediction for 87 samples...
EarlyStopping counter: 7 out of 30
Epoch: 092, Train Loss: 0.7273, Metric: r2, Train: 0.8884, Val: 0.7322, best Val: 0.7349, Test: 0.4193
Training on 653 samples...
Train epoch: 94 [0/653 (0%)]	Loss: 0.748530
Make prediction for 653 samples...
Make prediction for 102 samples...
Make prediction for 87 samples...
EarlyStopping counter: 8 out of 30
Epoch: 093, Train Loss: 0.7228, Metric: r2, Train: 0.8907, Val: 0.6663, best Val: 0.7349, Test: 0.2996
Training on 653 samples...
Train epoch: 95 [0/653 (0%)]	Loss: 0.728748
Make prediction for 653 samples...
Make prediction for 102 samples...
Make prediction for 87 samples...
EarlyStopping counter: 9 out of 30
Epoch: 094, Train Loss: 0.7234, Metric: r2, Train: 0.8998, Val: 0.6776, best Val: 0.7349, Test: 0.3440
Training on 653 samples...
Train epoch: 96 [0/653 (0%)]	Loss: 0.739786
Make prediction for 653 samples...
Make prediction for 102 samples...
Make prediction for 87 samples...
EarlyStopping counter: 10 out of 30
Epoch: 095, Train Loss: 0.7204, Metric: r2, Train: 0.8671, Val: 0.7341, best Val: 0.7349, Test: 0.4214
Training on 653 samples...
Train epoch: 97 [0/653 (0%)]	Loss: 0.774994
Make prediction for 653 samples...
Make prediction for 102 samples...
Make prediction for 87 samples...
EarlyStopping counter: 11 out of 30
Epoch: 096, Train Loss: 0.7340, Metric: r2, Train: 0.9049, Val: 0.7202, best Val: 0.7349, Test: 0.3617
Training on 653 samples...
Train epoch: 98 [0/653 (0%)]	Loss: 0.735509
Make prediction for 653 samples...
Make prediction for 102 samples...
Make prediction for 87 samples...
EarlyStopping counter: 12 out of 30
Epoch: 097, Train Loss: 0.7174, Metric: r2, Train: 0.8853, Val: 0.6577, best Val: 0.7349, Test: 0.1950
Training on 653 samples...
Train epoch: 99 [0/653 (0%)]	Loss: 0.754202
Make prediction for 653 samples...
Make prediction for 102 samples...
Make prediction for 87 samples...
EarlyStopping counter: 13 out of 30
Epoch: 098, Train Loss: 0.7240, Metric: r2, Train: 0.9072, Val: 0.6889, best Val: 0.7349, Test: 0.2817
Training on 653 samples...
Train epoch: 100 [0/653 (0%)]	Loss: 0.712651
Make prediction for 653 samples...
Make prediction for 102 samples...
Make prediction for 87 samples...
EarlyStopping counter: 14 out of 30
Epoch: 099, Train Loss: 0.7156, Metric: r2, Train: 0.8991, Val: 0.7271, best Val: 0.7349, Test: 0.3780
Training on 653 samples...
Train epoch: 101 [0/653 (0%)]	Loss: 0.724560
Make prediction for 653 samples...
Make prediction for 102 samples...
Make prediction for 87 samples...
EarlyStopping counter: 15 out of 30
Epoch: 100, Train Loss: 0.7110, Metric: r2, Train: 0.9100, Val: 0.7133, best Val: 0.7349, Test: 0.3504
Training on 653 samples...
Train epoch: 102 [0/653 (0%)]	Loss: 0.711371
Make prediction for 653 samples...
Make prediction for 102 samples...
Make prediction for 87 samples...
EarlyStopping counter: 16 out of 30
Epoch: 101, Train Loss: 0.7046, Metric: r2, Train: 0.9053, Val: 0.6718, best Val: 0.7349, Test: 0.2929
Training on 653 samples...
Train epoch: 103 [0/653 (0%)]	Loss: 0.719529
Make prediction for 653 samples...
Make prediction for 102 samples...
Make prediction for 87 samples...
EarlyStopping counter: 17 out of 30
Epoch: 102, Train Loss: 0.7098, Metric: r2, Train: 0.9070, Val: 0.6712, best Val: 0.7349, Test: 0.3091
Training on 653 samples...
Train epoch: 104 [0/653 (0%)]	Loss: 0.712944
Make prediction for 653 samples...
Make prediction for 102 samples...
Make prediction for 87 samples...
EarlyStopping counter: 18 out of 30
Epoch: 103, Train Loss: 0.7115, Metric: r2, Train: 0.8834, Val: 0.7157, best Val: 0.7349, Test: 0.3576
Training on 653 samples...
Train epoch: 105 [0/653 (0%)]	Loss: 0.738062
Make prediction for 653 samples...
Make prediction for 102 samples...
Make prediction for 87 samples...
EarlyStopping counter: 19 out of 30
Epoch: 104, Train Loss: 0.7224, Metric: r2, Train: 0.8875, Val: 0.7206, best Val: 0.7349, Test: 0.3250
Training on 653 samples...
Train epoch: 106 [0/653 (0%)]	Loss: 0.749166
Make prediction for 653 samples...
Make prediction for 102 samples...
Make prediction for 87 samples...
EarlyStopping counter: 20 out of 30
Epoch: 105, Train Loss: 0.7149, Metric: r2, Train: 0.9003, Val: 0.6598, best Val: 0.7349, Test: 0.2344
Training on 653 samples...
Train epoch: 107 [0/653 (0%)]	Loss: 0.727115
Make prediction for 653 samples...
Make prediction for 102 samples...
Make prediction for 87 samples...
EarlyStopping counter: 21 out of 30
Epoch: 106, Train Loss: 0.7122, Metric: r2, Train: 0.9072, Val: 0.6730, best Val: 0.7349, Test: 0.2547
Training on 653 samples...
Train epoch: 108 [0/653 (0%)]	Loss: 0.707699
Make prediction for 653 samples...
Make prediction for 102 samples...
Make prediction for 87 samples...
EarlyStopping counter: 22 out of 30
Epoch: 107, Train Loss: 0.6983, Metric: r2, Train: 0.8882, Val: 0.7197, best Val: 0.7349, Test: 0.3828
Training on 653 samples...
Train epoch: 109 [0/653 (0%)]	Loss: 0.740662
Make prediction for 653 samples...
Make prediction for 102 samples...
Make prediction for 87 samples...
EarlyStopping counter: 23 out of 30
Epoch: 108, Train Loss: 0.7077, Metric: r2, Train: 0.9040, Val: 0.7247, best Val: 0.7349, Test: 0.3674
Training on 653 samples...
Train epoch: 110 [0/653 (0%)]	Loss: 0.706622
Make prediction for 653 samples...
Make prediction for 102 samples...
Make prediction for 87 samples...
EarlyStopping counter: 24 out of 30
Epoch: 109, Train Loss: 0.7004, Metric: r2, Train: 0.9085, Val: 0.6632, best Val: 0.7349, Test: 0.2211
Training on 653 samples...
Train epoch: 111 [0/653 (0%)]	Loss: 0.717393
Make prediction for 653 samples...
Make prediction for 102 samples...
Make prediction for 87 samples...
EarlyStopping counter: 25 out of 30
Epoch: 110, Train Loss: 0.6910, Metric: r2, Train: 0.9079, Val: 0.6806, best Val: 0.7349, Test: 0.2185
Training on 653 samples...
Train epoch: 112 [0/653 (0%)]	Loss: 0.712422
Make prediction for 653 samples...
Make prediction for 102 samples...
Make prediction for 87 samples...
EarlyStopping counter: 26 out of 30
Epoch: 111, Train Loss: 0.6914, Metric: r2, Train: 0.9099, Val: 0.7220, best Val: 0.7349, Test: 0.3528
Training on 653 samples...
Train epoch: 113 [0/653 (0%)]	Loss: 0.716421
Make prediction for 653 samples...
Make prediction for 102 samples...
Make prediction for 87 samples...
EarlyStopping counter: 27 out of 30
Epoch: 112, Train Loss: 0.6920, Metric: r2, Train: 0.9046, Val: 0.7208, best Val: 0.7349, Test: 0.3774
Training on 653 samples...
Train epoch: 114 [0/653 (0%)]	Loss: 0.715711
Make prediction for 653 samples...
Make prediction for 102 samples...
Make prediction for 87 samples...
EarlyStopping counter: 28 out of 30
Epoch: 113, Train Loss: 0.6828, Metric: r2, Train: 0.9192, Val: 0.6793, best Val: 0.7349, Test: 0.2751
Training on 653 samples...
Train epoch: 115 [0/653 (0%)]	Loss: 0.699750
Make prediction for 653 samples...
Make prediction for 102 samples...
Make prediction for 87 samples...
EarlyStopping counter: 29 out of 30
Epoch: 114, Train Loss: 0.6800, Metric: r2, Train: 0.9122, Val: 0.6579, best Val: 0.7349, Test: 0.1768
Training on 653 samples...
Train epoch: 116 [0/653 (0%)]	Loss: 0.694280
Make prediction for 653 samples...
Make prediction for 102 samples...
Make prediction for 87 samples...
EarlyStopping counter: 30 out of 30
Epoch: 115, Train Loss: 0.6717, Metric: r2, Train: 0.9147, Val: 0.6640, best Val: 0.7349, Test: 0.1724
out of patience!
******Caco2_Perimeter_2064, 3th_time_result******
train_result: 0.8664
val_result: 0.7349
test_result: 0.3839
Current seed: 2054
Pre-processed data found: data/processed/Caco2_Perimeter_2064/Caco2_Perimeter_2064_train.pt, loading ...
Pre-processed data found: data/processed/Caco2_Perimeter_2064/Caco2_Perimeter_2064_valid.pt, loading ...
Pre-processed data found: data/processed/Caco2_Perimeter_2064/Caco2_Perimeter_2064_test.pt, loading ...
trainset mean:-5.18760347366333 std:0.7630442380905151
Training on 653 samples...
Train epoch: 1 [0/653 (0%)]	Loss: 1.721403
Make prediction for 653 samples...
Make prediction for 102 samples...
Make prediction for 87 samples...
Make prediction for 87 samples...
Epoch: 000, Train Loss: 1.7410, Metric: r2, Train: -0.0764, Val: 0.0066, best Val: 0.0066, Test: -0.0915
Training on 653 samples...
Train epoch: 2 [0/653 (0%)]	Loss: 1.685170
Make prediction for 653 samples...
Make prediction for 102 samples...
Make prediction for 87 samples...
EarlyStopping counter: 1 out of 30
Epoch: 001, Train Loss: 1.6497, Metric: r2, Train: -0.0084, Val: -0.0578, best Val: 0.0066, Test: -0.0620
Training on 653 samples...
Train epoch: 3 [0/653 (0%)]	Loss: 1.518197
Make prediction for 653 samples...
Make prediction for 102 samples...
Make prediction for 87 samples...
Make prediction for 87 samples...
Epoch: 002, Train Loss: 1.6282, Metric: r2, Train: 0.0110, Val: 0.0122, best Val: 0.0122, Test: -0.0378
Training on 653 samples...
Train epoch: 4 [0/653 (0%)]	Loss: 1.667528
Make prediction for 653 samples...
Make prediction for 102 samples...
Make prediction for 87 samples...
Make prediction for 87 samples...
Epoch: 003, Train Loss: 1.6081, Metric: r2, Train: 0.0043, Val: 0.0327, best Val: 0.0327, Test: -0.0606
Training on 653 samples...
Train epoch: 5 [0/653 (0%)]	Loss: 1.510947
Make prediction for 653 samples...
Make prediction for 102 samples...
Make prediction for 87 samples...
EarlyStopping counter: 1 out of 30
Epoch: 004, Train Loss: 1.6012, Metric: r2, Train: 0.0170, Val: -0.0069, best Val: 0.0327, Test: -0.0791
Training on 653 samples...
Train epoch: 6 [0/653 (0%)]	Loss: 1.503851
Make prediction for 653 samples...
Make prediction for 102 samples...
Make prediction for 87 samples...
Make prediction for 87 samples...
Epoch: 005, Train Loss: 1.5944, Metric: r2, Train: 0.0364, Val: 0.0411, best Val: 0.0411, Test: -0.0984
Training on 653 samples...
Train epoch: 7 [0/653 (0%)]	Loss: 1.586587
Make prediction for 653 samples...
Make prediction for 102 samples...
Make prediction for 87 samples...
Make prediction for 87 samples...
Epoch: 006, Train Loss: 1.5734, Metric: r2, Train: 0.0425, Val: 0.0720, best Val: 0.0720, Test: -0.1531
Training on 653 samples...
Train epoch: 8 [0/653 (0%)]	Loss: 1.637917
Make prediction for 653 samples...
Make prediction for 102 samples...
Make prediction for 87 samples...
EarlyStopping counter: 1 out of 30
Epoch: 007, Train Loss: 1.5599, Metric: r2, Train: 0.0476, Val: 0.0507, best Val: 0.0720, Test: -0.2255
Training on 653 samples...
Train epoch: 9 [0/653 (0%)]	Loss: 1.474997
Make prediction for 653 samples...
Make prediction for 102 samples...
Make prediction for 87 samples...
Make prediction for 87 samples...
Epoch: 008, Train Loss: 1.5509, Metric: r2, Train: 0.0673, Val: 0.0997, best Val: 0.0997, Test: -0.3298
Training on 653 samples...
Train epoch: 10 [0/653 (0%)]	Loss: 1.612332
Make prediction for 653 samples...
Make prediction for 102 samples...
Make prediction for 87 samples...
Make prediction for 87 samples...
Epoch: 009, Train Loss: 1.5464, Metric: r2, Train: 0.0781, Val: 0.1000, best Val: 0.1000, Test: -0.3683
Training on 653 samples...
Train epoch: 11 [0/653 (0%)]	Loss: 1.613583
Make prediction for 653 samples...
Make prediction for 102 samples...
Make prediction for 87 samples...
Make prediction for 87 samples...
Epoch: 010, Train Loss: 1.5279, Metric: r2, Train: 0.1029, Val: 0.1098, best Val: 0.1098, Test: -0.3224
Training on 653 samples...
Train epoch: 12 [0/653 (0%)]	Loss: 1.512856
Make prediction for 653 samples...
Make prediction for 102 samples...
Make prediction for 87 samples...
Make prediction for 87 samples...
Epoch: 011, Train Loss: 1.5017, Metric: r2, Train: 0.1368, Val: 0.1562, best Val: 0.1562, Test: -0.2808
Training on 653 samples...
Train epoch: 13 [0/653 (0%)]	Loss: 1.488794
Make prediction for 653 samples...
Make prediction for 102 samples...
Make prediction for 87 samples...
Make prediction for 87 samples...
Epoch: 012, Train Loss: 1.4835, Metric: r2, Train: 0.1782, Val: 0.1984, best Val: 0.1984, Test: -0.2239
Training on 653 samples...
Train epoch: 14 [0/653 (0%)]	Loss: 1.473652
Make prediction for 653 samples...
Make prediction for 102 samples...
Make prediction for 87 samples...
Make prediction for 87 samples...
Epoch: 013, Train Loss: 1.4472, Metric: r2, Train: 0.2020, Val: 0.2497, best Val: 0.2497, Test: -0.1873
Training on 653 samples...
Train epoch: 15 [0/653 (0%)]	Loss: 1.400946
Make prediction for 653 samples...
Make prediction for 102 samples...
Make prediction for 87 samples...
Make prediction for 87 samples...
Epoch: 014, Train Loss: 1.4053, Metric: r2, Train: 0.2298, Val: 0.3252, best Val: 0.3252, Test: -0.2553
Training on 653 samples...
Train epoch: 16 [0/653 (0%)]	Loss: 1.428569
Make prediction for 653 samples...
Make prediction for 102 samples...
Make prediction for 87 samples...
EarlyStopping counter: 1 out of 30
Epoch: 015, Train Loss: 1.3379, Metric: r2, Train: 0.1173, Val: 0.2510, best Val: 0.3252, Test: -0.1868
Training on 653 samples...
Train epoch: 17 [0/653 (0%)]	Loss: 1.520631
Make prediction for 653 samples...
Make prediction for 102 samples...
Make prediction for 87 samples...
Make prediction for 87 samples...
Epoch: 016, Train Loss: 1.4281, Metric: r2, Train: 0.2641, Val: 0.4275, best Val: 0.4275, Test: -0.2920
Training on 653 samples...
Train epoch: 18 [0/653 (0%)]	Loss: 1.380088
Make prediction for 653 samples...
Make prediction for 102 samples...
Make prediction for 87 samples...
EarlyStopping counter: 1 out of 30
Epoch: 017, Train Loss: 1.3236, Metric: r2, Train: 0.2937, Val: 0.4093, best Val: 0.4275, Test: 0.0170
Training on 653 samples...
Train epoch: 19 [0/653 (0%)]	Loss: 1.318564
Make prediction for 653 samples...
Make prediction for 102 samples...
Make prediction for 87 samples...
Make prediction for 87 samples...
Epoch: 018, Train Loss: 1.3075, Metric: r2, Train: 0.2939, Val: 0.4506, best Val: 0.4506, Test: -0.1931
Training on 653 samples...
Train epoch: 20 [0/653 (0%)]	Loss: 1.359994
Make prediction for 653 samples...
Make prediction for 102 samples...
Make prediction for 87 samples...
Make prediction for 87 samples...
Epoch: 019, Train Loss: 1.3024, Metric: r2, Train: 0.3481, Val: 0.4750, best Val: 0.4750, Test: 0.0807
Training on 653 samples...
Train epoch: 21 [0/653 (0%)]	Loss: 1.273615
Make prediction for 653 samples...
Make prediction for 102 samples...
Make prediction for 87 samples...
Make prediction for 87 samples...
Epoch: 020, Train Loss: 1.2859, Metric: r2, Train: 0.3993, Val: 0.5536, best Val: 0.5536, Test: -0.0684
Training on 653 samples...
Train epoch: 22 [0/653 (0%)]	Loss: 1.326922
Make prediction for 653 samples...
Make prediction for 102 samples...
Make prediction for 87 samples...
Make prediction for 87 samples...
Epoch: 021, Train Loss: 1.2066, Metric: r2, Train: 0.4288, Val: 0.5935, best Val: 0.5935, Test: 0.0859
Training on 653 samples...
Train epoch: 23 [0/653 (0%)]	Loss: 1.131172
Make prediction for 653 samples...
Make prediction for 102 samples...
Make prediction for 87 samples...
Make prediction for 87 samples...
Epoch: 022, Train Loss: 1.1830, Metric: r2, Train: 0.4556, Val: 0.6163, best Val: 0.6163, Test: -0.1380
Training on 653 samples...
Train epoch: 24 [0/653 (0%)]	Loss: 1.184446
Make prediction for 653 samples...
Make prediction for 102 samples...
Make prediction for 87 samples...
Make prediction for 87 samples...
Epoch: 023, Train Loss: 1.1684, Metric: r2, Train: 0.5044, Val: 0.6659, best Val: 0.6659, Test: -0.0468
Training on 653 samples...
Train epoch: 25 [0/653 (0%)]	Loss: 1.230918
Make prediction for 653 samples...
Make prediction for 102 samples...
Make prediction for 87 samples...
Make prediction for 87 samples...
Epoch: 024, Train Loss: 1.1190, Metric: r2, Train: 0.5278, Val: 0.6817, best Val: 0.6817, Test: -0.0472
Training on 653 samples...
Train epoch: 26 [0/653 (0%)]	Loss: 1.141635
Make prediction for 653 samples...
Make prediction for 102 samples...
Make prediction for 87 samples...
EarlyStopping counter: 1 out of 30
Epoch: 025, Train Loss: 1.1182, Metric: r2, Train: 0.5264, Val: 0.6480, best Val: 0.6817, Test: -0.2062
Training on 653 samples...
Train epoch: 27 [0/653 (0%)]	Loss: 1.085620
Make prediction for 653 samples...
Make prediction for 102 samples...
Make prediction for 87 samples...
Make prediction for 87 samples...
Epoch: 026, Train Loss: 1.0937, Metric: r2, Train: 0.5586, Val: 0.6975, best Val: 0.6975, Test: 0.0011
Training on 653 samples...
Train epoch: 28 [0/653 (0%)]	Loss: 1.075753
Make prediction for 653 samples...
Make prediction for 102 samples...
Make prediction for 87 samples...
EarlyStopping counter: 1 out of 30
Epoch: 027, Train Loss: 1.0752, Metric: r2, Train: 0.5350, Val: 0.6801, best Val: 0.6975, Test: 0.0578
Training on 653 samples...
Train epoch: 29 [0/653 (0%)]	Loss: 1.072768
Make prediction for 653 samples...
Make prediction for 102 samples...
Make prediction for 87 samples...
EarlyStopping counter: 2 out of 30
Epoch: 028, Train Loss: 1.0622, Metric: r2, Train: 0.6010, Val: 0.6895, best Val: 0.6975, Test: -0.0320
Training on 653 samples...
Train epoch: 30 [0/653 (0%)]	Loss: 1.037889
Make prediction for 653 samples...
Make prediction for 102 samples...
Make prediction for 87 samples...
EarlyStopping counter: 3 out of 30
Epoch: 029, Train Loss: 1.0559, Metric: r2, Train: 0.5550, Val: 0.6133, best Val: 0.6975, Test: -0.2699
Training on 653 samples...
Train epoch: 31 [0/653 (0%)]	Loss: 1.079508
Make prediction for 653 samples...
Make prediction for 102 samples...
Make prediction for 87 samples...
EarlyStopping counter: 4 out of 30
Epoch: 030, Train Loss: 1.0326, Metric: r2, Train: 0.6094, Val: 0.6932, best Val: 0.6975, Test: 0.0710
Training on 653 samples...
Train epoch: 32 [0/653 (0%)]	Loss: 1.033574
Make prediction for 653 samples...
Make prediction for 102 samples...
Make prediction for 87 samples...
EarlyStopping counter: 5 out of 30
Epoch: 031, Train Loss: 1.0423, Metric: r2, Train: 0.5452, Val: 0.6539, best Val: 0.6975, Test: 0.1032
Training on 653 samples...
Train epoch: 33 [0/653 (0%)]	Loss: 1.068801
Make prediction for 653 samples...
Make prediction for 102 samples...
Make prediction for 87 samples...
EarlyStopping counter: 6 out of 30
Epoch: 032, Train Loss: 1.0500, Metric: r2, Train: 0.6399, Val: 0.6894, best Val: 0.6975, Test: -0.0679
Training on 653 samples...
Train epoch: 34 [0/653 (0%)]	Loss: 1.031709
Make prediction for 653 samples...
Make prediction for 102 samples...
Make prediction for 87 samples...
EarlyStopping counter: 7 out of 30
Epoch: 033, Train Loss: 1.1098, Metric: r2, Train: 0.4674, Val: 0.4958, best Val: 0.6975, Test: -0.5204
Training on 653 samples...
Train epoch: 35 [0/653 (0%)]	Loss: 1.126594
Make prediction for 653 samples...
Make prediction for 102 samples...
Make prediction for 87 samples...
EarlyStopping counter: 8 out of 30
Epoch: 034, Train Loss: 1.0867, Metric: r2, Train: 0.5301, Val: 0.6028, best Val: 0.6975, Test: 0.1560
Training on 653 samples...
Train epoch: 36 [0/653 (0%)]	Loss: 1.075346
Make prediction for 653 samples...
Make prediction for 102 samples...
Make prediction for 87 samples...
EarlyStopping counter: 9 out of 30
Epoch: 035, Train Loss: 1.0407, Metric: r2, Train: 0.5509, Val: 0.5573, best Val: 0.6975, Test: -0.3612
Training on 653 samples...
Train epoch: 37 [0/653 (0%)]	Loss: 1.070649
Make prediction for 653 samples...
Make prediction for 102 samples...
Make prediction for 87 samples...
EarlyStopping counter: 10 out of 30
Epoch: 036, Train Loss: 1.0052, Metric: r2, Train: 0.5764, Val: 0.6576, best Val: 0.6975, Test: 0.1258
Training on 653 samples...
Train epoch: 38 [0/653 (0%)]	Loss: 1.099059
Make prediction for 653 samples...
Make prediction for 102 samples...
Make prediction for 87 samples...
EarlyStopping counter: 11 out of 30
Epoch: 037, Train Loss: 1.0091, Metric: r2, Train: 0.6575, Val: 0.6712, best Val: 0.6975, Test: -0.1586
Training on 653 samples...
Train epoch: 39 [0/653 (0%)]	Loss: 1.003016
Make prediction for 653 samples...
Make prediction for 102 samples...
Make prediction for 87 samples...
Make prediction for 87 samples...
Epoch: 038, Train Loss: 0.9776, Metric: r2, Train: 0.6819, Val: 0.7110, best Val: 0.7110, Test: 0.0274
Training on 653 samples...
Train epoch: 40 [0/653 (0%)]	Loss: 0.973951
Make prediction for 653 samples...
Make prediction for 102 samples...
Make prediction for 87 samples...
Make prediction for 87 samples...
Epoch: 039, Train Loss: 0.9469, Metric: r2, Train: 0.6932, Val: 0.7131, best Val: 0.7131, Test: -0.0032
Training on 653 samples...
Train epoch: 41 [0/653 (0%)]	Loss: 0.921107
Make prediction for 653 samples...
Make prediction for 102 samples...
Make prediction for 87 samples...
EarlyStopping counter: 1 out of 30
Epoch: 040, Train Loss: 0.9410, Metric: r2, Train: 0.6523, Val: 0.6420, best Val: 0.7131, Test: -0.2940
Training on 653 samples...
Train epoch: 42 [0/653 (0%)]	Loss: 1.000145
Make prediction for 653 samples...
Make prediction for 102 samples...
Make prediction for 87 samples...
EarlyStopping counter: 2 out of 30
Epoch: 041, Train Loss: 0.9551, Metric: r2, Train: 0.6259, Val: 0.6679, best Val: 0.7131, Test: 0.1290
Training on 653 samples...
Train epoch: 43 [0/653 (0%)]	Loss: 1.006864
Make prediction for 653 samples...
Make prediction for 102 samples...
Make prediction for 87 samples...
EarlyStopping counter: 3 out of 30
Epoch: 042, Train Loss: 0.9662, Metric: r2, Train: 0.6943, Val: 0.6772, best Val: 0.7131, Test: -0.1156
Training on 653 samples...
Train epoch: 44 [0/653 (0%)]	Loss: 0.938425
Make prediction for 653 samples...
Make prediction for 102 samples...
Make prediction for 87 samples...
EarlyStopping counter: 4 out of 30
Epoch: 043, Train Loss: 0.9215, Metric: r2, Train: 0.7189, Val: 0.7113, best Val: 0.7131, Test: 0.0747
Training on 653 samples...
Train epoch: 45 [0/653 (0%)]	Loss: 0.916778
Make prediction for 653 samples...
Make prediction for 102 samples...
Make prediction for 87 samples...
EarlyStopping counter: 5 out of 30
Epoch: 044, Train Loss: 0.9198, Metric: r2, Train: 0.6903, Val: 0.6976, best Val: 0.7131, Test: 0.1202
Training on 653 samples...
Train epoch: 46 [0/653 (0%)]	Loss: 0.973378
Make prediction for 653 samples...
Make prediction for 102 samples...
Make prediction for 87 samples...
EarlyStopping counter: 6 out of 30
Epoch: 045, Train Loss: 0.9267, Metric: r2, Train: 0.7265, Val: 0.6900, best Val: 0.7131, Test: -0.0909
Training on 653 samples...
Train epoch: 47 [0/653 (0%)]	Loss: 0.917153
Make prediction for 653 samples...
Make prediction for 102 samples...
Make prediction for 87 samples...
Make prediction for 87 samples...
Epoch: 046, Train Loss: 0.8980, Metric: r2, Train: 0.7465, Val: 0.7139, best Val: 0.7139, Test: -0.0230
Training on 653 samples...
Train epoch: 48 [0/653 (0%)]	Loss: 0.901587
Make prediction for 653 samples...
Make prediction for 102 samples...
Make prediction for 87 samples...
Make prediction for 87 samples...
Epoch: 047, Train Loss: 0.8912, Metric: r2, Train: 0.7416, Val: 0.7226, best Val: 0.7226, Test: 0.0470
Training on 653 samples...
Train epoch: 49 [0/653 (0%)]	Loss: 0.859966
Make prediction for 653 samples...
Make prediction for 102 samples...
Make prediction for 87 samples...
EarlyStopping counter: 1 out of 30
Epoch: 048, Train Loss: 0.8804, Metric: r2, Train: 0.7582, Val: 0.7091, best Val: 0.7226, Test: -0.0620
Training on 653 samples...
Train epoch: 50 [0/653 (0%)]	Loss: 0.892568
Make prediction for 653 samples...
Make prediction for 102 samples...
Make prediction for 87 samples...
EarlyStopping counter: 2 out of 30
Epoch: 049, Train Loss: 0.8684, Metric: r2, Train: 0.7657, Val: 0.7154, best Val: 0.7226, Test: 0.0057
Training on 653 samples...
Train epoch: 51 [0/653 (0%)]	Loss: 0.865761
Make prediction for 653 samples...
Make prediction for 102 samples...
Make prediction for 87 samples...
EarlyStopping counter: 3 out of 30
Epoch: 050, Train Loss: 0.8556, Metric: r2, Train: 0.7700, Val: 0.7187, best Val: 0.7226, Test: 0.0463
Training on 653 samples...
Train epoch: 52 [0/653 (0%)]	Loss: 0.812832
Make prediction for 653 samples...
Make prediction for 102 samples...
Make prediction for 87 samples...
Make prediction for 87 samples...
Epoch: 051, Train Loss: 0.8457, Metric: r2, Train: 0.7763, Val: 0.7253, best Val: 0.7253, Test: 0.1018
Training on 653 samples...
Train epoch: 53 [0/653 (0%)]	Loss: 0.868904
Make prediction for 653 samples...
Make prediction for 102 samples...
Make prediction for 87 samples...
EarlyStopping counter: 1 out of 30
Epoch: 052, Train Loss: 0.8501, Metric: r2, Train: 0.7847, Val: 0.7205, best Val: 0.7253, Test: 0.0911
Training on 653 samples...
Train epoch: 54 [0/653 (0%)]	Loss: 0.874649
Make prediction for 653 samples...
Make prediction for 102 samples...
Make prediction for 87 samples...
EarlyStopping counter: 2 out of 30
Epoch: 053, Train Loss: 0.8334, Metric: r2, Train: 0.7838, Val: 0.7245, best Val: 0.7253, Test: 0.1659
Training on 653 samples...
Train epoch: 55 [0/653 (0%)]	Loss: 0.847579
Make prediction for 653 samples...
Make prediction for 102 samples...
Make prediction for 87 samples...
EarlyStopping counter: 3 out of 30
Epoch: 054, Train Loss: 0.8342, Metric: r2, Train: 0.7909, Val: 0.7169, best Val: 0.7253, Test: 0.1365
Training on 653 samples...
Train epoch: 56 [0/653 (0%)]	Loss: 0.827293
Make prediction for 653 samples...
Make prediction for 102 samples...
Make prediction for 87 samples...
EarlyStopping counter: 4 out of 30
Epoch: 055, Train Loss: 0.8561, Metric: r2, Train: 0.7077, Val: 0.6702, best Val: 0.7253, Test: 0.1496
Training on 653 samples...
Train epoch: 57 [0/653 (0%)]	Loss: 0.886577
Make prediction for 653 samples...
Make prediction for 102 samples...
Make prediction for 87 samples...
EarlyStopping counter: 5 out of 30
Epoch: 056, Train Loss: 0.9136, Metric: r2, Train: 0.8003, Val: 0.7055, best Val: 0.7253, Test: 0.1772
Training on 653 samples...
Train epoch: 58 [0/653 (0%)]	Loss: 0.811381
Make prediction for 653 samples...
Make prediction for 102 samples...
Make prediction for 87 samples...
EarlyStopping counter: 6 out of 30
Epoch: 057, Train Loss: 0.8862, Metric: r2, Train: 0.6993, Val: 0.5985, best Val: 0.7253, Test: 0.0133
Training on 653 samples...
Train epoch: 59 [0/653 (0%)]	Loss: 0.933954
Make prediction for 653 samples...
Make prediction for 102 samples...
Make prediction for 87 samples...
EarlyStopping counter: 7 out of 30
Epoch: 058, Train Loss: 0.8702, Metric: r2, Train: 0.7633, Val: 0.6950, best Val: 0.7253, Test: 0.2851
Training on 653 samples...
Train epoch: 60 [0/653 (0%)]	Loss: 0.855293
Make prediction for 653 samples...
Make prediction for 102 samples...
Make prediction for 87 samples...
Make prediction for 87 samples...
Epoch: 059, Train Loss: 0.8388, Metric: r2, Train: 0.8092, Val: 0.7311, best Val: 0.7311, Test: 0.2389
Training on 653 samples...
Train epoch: 61 [0/653 (0%)]	Loss: 0.796603
Make prediction for 653 samples...
Make prediction for 102 samples...
Make prediction for 87 samples...
EarlyStopping counter: 1 out of 30
Epoch: 060, Train Loss: 0.8083, Metric: r2, Train: 0.8064, Val: 0.7136, best Val: 0.7311, Test: 0.1458
Training on 653 samples...
Train epoch: 62 [0/653 (0%)]	Loss: 0.868869
Make prediction for 653 samples...
Make prediction for 102 samples...
Make prediction for 87 samples...
EarlyStopping counter: 2 out of 30
Epoch: 061, Train Loss: 0.8218, Metric: r2, Train: 0.8198, Val: 0.7205, best Val: 0.7311, Test: 0.1805
Training on 653 samples...
Train epoch: 63 [0/653 (0%)]	Loss: 0.830980
Make prediction for 653 samples...
Make prediction for 102 samples...
Make prediction for 87 samples...
EarlyStopping counter: 3 out of 30
Epoch: 062, Train Loss: 0.8017, Metric: r2, Train: 0.8231, Val: 0.7148, best Val: 0.7311, Test: 0.2080
Training on 653 samples...
Train epoch: 64 [0/653 (0%)]	Loss: 0.814695
Make prediction for 653 samples...
Make prediction for 102 samples...
Make prediction for 87 samples...
EarlyStopping counter: 4 out of 30
Epoch: 063, Train Loss: 0.8040, Metric: r2, Train: 0.8210, Val: 0.7190, best Val: 0.7311, Test: 0.2422
Training on 653 samples...
Train epoch: 65 [0/653 (0%)]	Loss: 0.813264
Make prediction for 653 samples...
Make prediction for 102 samples...
Make prediction for 87 samples...
Make prediction for 87 samples...
Epoch: 064, Train Loss: 0.7944, Metric: r2, Train: 0.8262, Val: 0.7323, best Val: 0.7323, Test: 0.2545
Training on 653 samples...
Train epoch: 66 [0/653 (0%)]	Loss: 0.829780
Make prediction for 653 samples...
Make prediction for 102 samples...
Make prediction for 87 samples...
EarlyStopping counter: 1 out of 30
Epoch: 065, Train Loss: 0.7889, Metric: r2, Train: 0.8363, Val: 0.7282, best Val: 0.7323, Test: 0.2485
Training on 653 samples...
Train epoch: 67 [0/653 (0%)]	Loss: 0.803833
Make prediction for 653 samples...
Make prediction for 102 samples...
Make prediction for 87 samples...
EarlyStopping counter: 2 out of 30
Epoch: 066, Train Loss: 0.7984, Metric: r2, Train: 0.8396, Val: 0.7159, best Val: 0.7323, Test: 0.2630
Training on 653 samples...
Train epoch: 68 [0/653 (0%)]	Loss: 0.801248
Make prediction for 653 samples...
Make prediction for 102 samples...
Make prediction for 87 samples...
EarlyStopping counter: 3 out of 30
Epoch: 067, Train Loss: 0.7787, Metric: r2, Train: 0.8218, Val: 0.6609, best Val: 0.7323, Test: 0.2363
Training on 653 samples...
Train epoch: 69 [0/653 (0%)]	Loss: 0.814046
Make prediction for 653 samples...
Make prediction for 102 samples...
Make prediction for 87 samples...
EarlyStopping counter: 4 out of 30
Epoch: 068, Train Loss: 0.7928, Metric: r2, Train: 0.7541, Val: 0.5760, best Val: 0.7323, Test: 0.1160
Training on 653 samples...
Train epoch: 70 [0/653 (0%)]	Loss: 0.881934
Make prediction for 653 samples...
Make prediction for 102 samples...
Make prediction for 87 samples...
EarlyStopping counter: 5 out of 30
Epoch: 069, Train Loss: 0.8288, Metric: r2, Train: 0.8141, Val: 0.6684, best Val: 0.7323, Test: 0.2603
Training on 653 samples...
Train epoch: 71 [0/653 (0%)]	Loss: 0.835884
Make prediction for 653 samples...
Make prediction for 102 samples...
Make prediction for 87 samples...
EarlyStopping counter: 6 out of 30
Epoch: 070, Train Loss: 0.8032, Metric: r2, Train: 0.8436, Val: 0.7190, best Val: 0.7323, Test: 0.3265
Training on 653 samples...
Train epoch: 72 [0/653 (0%)]	Loss: 0.790171
Make prediction for 653 samples...
Make prediction for 102 samples...
Make prediction for 87 samples...
EarlyStopping counter: 7 out of 30
Epoch: 071, Train Loss: 0.7851, Metric: r2, Train: 0.8498, Val: 0.7149, best Val: 0.7323, Test: 0.2877
Training on 653 samples...
Train epoch: 73 [0/653 (0%)]	Loss: 0.767552
Make prediction for 653 samples...
Make prediction for 102 samples...
Make prediction for 87 samples...
EarlyStopping counter: 8 out of 30
Epoch: 072, Train Loss: 0.7698, Metric: r2, Train: 0.8298, Val: 0.7299, best Val: 0.7323, Test: 0.2922
Training on 653 samples...
Train epoch: 74 [0/653 (0%)]	Loss: 0.802419
Make prediction for 653 samples...
Make prediction for 102 samples...
Make prediction for 87 samples...
EarlyStopping counter: 9 out of 30
Epoch: 073, Train Loss: 0.7841, Metric: r2, Train: 0.8372, Val: 0.7180, best Val: 0.7323, Test: 0.2986
Training on 653 samples...
Train epoch: 75 [0/653 (0%)]	Loss: 0.798046
Make prediction for 653 samples...
Make prediction for 102 samples...
Make prediction for 87 samples...
EarlyStopping counter: 10 out of 30
Epoch: 074, Train Loss: 0.7745, Metric: r2, Train: 0.8597, Val: 0.6976, best Val: 0.7323, Test: 0.3106
Training on 653 samples...
Train epoch: 76 [0/653 (0%)]	Loss: 0.791969
Make prediction for 653 samples...
Make prediction for 102 samples...
Make prediction for 87 samples...
EarlyStopping counter: 11 out of 30
Epoch: 075, Train Loss: 0.8004, Metric: r2, Train: 0.8475, Val: 0.6522, best Val: 0.7323, Test: 0.2809
Training on 653 samples...
Train epoch: 77 [0/653 (0%)]	Loss: 0.768249
Make prediction for 653 samples...
Make prediction for 102 samples...
Make prediction for 87 samples...
EarlyStopping counter: 12 out of 30
Epoch: 076, Train Loss: 0.7779, Metric: r2, Train: 0.7855, Val: 0.5826, best Val: 0.7323, Test: 0.1234
Training on 653 samples...
Train epoch: 78 [0/653 (0%)]	Loss: 0.835804
Make prediction for 653 samples...
Make prediction for 102 samples...
Make prediction for 87 samples...
EarlyStopping counter: 13 out of 30
Epoch: 077, Train Loss: 0.7993, Metric: r2, Train: 0.8429, Val: 0.6800, best Val: 0.7323, Test: 0.2129
Training on 653 samples...
Train epoch: 79 [0/653 (0%)]	Loss: 0.782434
Make prediction for 653 samples...
Make prediction for 102 samples...
Make prediction for 87 samples...
EarlyStopping counter: 14 out of 30
Epoch: 078, Train Loss: 0.8024, Metric: r2, Train: 0.8242, Val: 0.7210, best Val: 0.7323, Test: 0.2626
Training on 653 samples...
Train epoch: 80 [0/653 (0%)]	Loss: 0.803837
Make prediction for 653 samples...
Make prediction for 102 samples...
Make prediction for 87 samples...
EarlyStopping counter: 15 out of 30
Epoch: 079, Train Loss: 0.7994, Metric: r2, Train: 0.8027, Val: 0.7141, best Val: 0.7323, Test: 0.2386
Training on 653 samples...
Train epoch: 81 [0/653 (0%)]	Loss: 0.836867
Make prediction for 653 samples...
Make prediction for 102 samples...
Make prediction for 87 samples...
EarlyStopping counter: 16 out of 30
Epoch: 080, Train Loss: 0.8236, Metric: r2, Train: 0.8563, Val: 0.6933, best Val: 0.7323, Test: 0.2601
Training on 653 samples...
Train epoch: 82 [0/653 (0%)]	Loss: 0.762945
Make prediction for 653 samples...
Make prediction for 102 samples...
Make prediction for 87 samples...
EarlyStopping counter: 17 out of 30
Epoch: 081, Train Loss: 0.7751, Metric: r2, Train: 0.8145, Val: 0.6369, best Val: 0.7323, Test: 0.1387
Training on 653 samples...
Train epoch: 83 [0/653 (0%)]	Loss: 0.821067
Make prediction for 653 samples...
Make prediction for 102 samples...
Make prediction for 87 samples...
EarlyStopping counter: 18 out of 30
Epoch: 082, Train Loss: 0.7910, Metric: r2, Train: 0.8250, Val: 0.7199, best Val: 0.7323, Test: 0.2690
Training on 653 samples...
Train epoch: 84 [0/653 (0%)]	Loss: 0.792539
Make prediction for 653 samples...
Make prediction for 102 samples...
Make prediction for 87 samples...
EarlyStopping counter: 19 out of 30
Epoch: 083, Train Loss: 0.7881, Metric: r2, Train: 0.8489, Val: 0.7208, best Val: 0.7323, Test: 0.2683
Training on 653 samples...
Train epoch: 85 [0/653 (0%)]	Loss: 0.765082
Make prediction for 653 samples...
Make prediction for 102 samples...
Make prediction for 87 samples...
EarlyStopping counter: 20 out of 30
Epoch: 084, Train Loss: 0.7881, Metric: r2, Train: 0.8168, Val: 0.6426, best Val: 0.7323, Test: 0.1430
Training on 653 samples...
Train epoch: 86 [0/653 (0%)]	Loss: 0.824480
Make prediction for 653 samples...
Make prediction for 102 samples...
Make prediction for 87 samples...
Make prediction for 87 samples...
Epoch: 085, Train Loss: 0.7812, Metric: r2, Train: 0.8648, Val: 0.7431, best Val: 0.7431, Test: 0.3254
Training on 653 samples...
Train epoch: 87 [0/653 (0%)]	Loss: 0.768247
Make prediction for 653 samples...
Make prediction for 102 samples...
Make prediction for 87 samples...
EarlyStopping counter: 1 out of 30
Epoch: 086, Train Loss: 0.7764, Metric: r2, Train: 0.8643, Val: 0.7371, best Val: 0.7431, Test: 0.3079
Training on 653 samples...
Train epoch: 88 [0/653 (0%)]	Loss: 0.762128
Make prediction for 653 samples...
Make prediction for 102 samples...
Make prediction for 87 samples...
EarlyStopping counter: 2 out of 30
Epoch: 087, Train Loss: 0.7540, Metric: r2, Train: 0.8717, Val: 0.7138, best Val: 0.7431, Test: 0.2784
Training on 653 samples...
Train epoch: 89 [0/653 (0%)]	Loss: 0.753479
Make prediction for 653 samples...
Make prediction for 102 samples...
Make prediction for 87 samples...
EarlyStopping counter: 3 out of 30
Epoch: 088, Train Loss: 0.7565, Metric: r2, Train: 0.8773, Val: 0.6865, best Val: 0.7431, Test: 0.2301
Training on 653 samples...
Train epoch: 90 [0/653 (0%)]	Loss: 0.738296
Make prediction for 653 samples...
Make prediction for 102 samples...
Make prediction for 87 samples...
EarlyStopping counter: 4 out of 30
Epoch: 089, Train Loss: 0.7362, Metric: r2, Train: 0.8813, Val: 0.7339, best Val: 0.7431, Test: 0.2781
Training on 653 samples...
Train epoch: 91 [0/653 (0%)]	Loss: 0.760499
Make prediction for 653 samples...
Make prediction for 102 samples...
Make prediction for 87 samples...
EarlyStopping counter: 5 out of 30
Epoch: 090, Train Loss: 0.7390, Metric: r2, Train: 0.8810, Val: 0.7318, best Val: 0.7431, Test: 0.3018
Training on 653 samples...
Train epoch: 92 [0/653 (0%)]	Loss: 0.773992
Make prediction for 653 samples...
Make prediction for 102 samples...
Make prediction for 87 samples...
EarlyStopping counter: 6 out of 30
Epoch: 091, Train Loss: 0.7466, Metric: r2, Train: 0.8832, Val: 0.7150, best Val: 0.7431, Test: 0.2885
Training on 653 samples...
Train epoch: 93 [0/653 (0%)]	Loss: 0.772530
Make prediction for 653 samples...
Make prediction for 102 samples...
Make prediction for 87 samples...
EarlyStopping counter: 7 out of 30
Epoch: 092, Train Loss: 0.7394, Metric: r2, Train: 0.8773, Val: 0.7275, best Val: 0.7431, Test: 0.2643
Training on 653 samples...
Train epoch: 94 [0/653 (0%)]	Loss: 0.757235
Make prediction for 653 samples...
Make prediction for 102 samples...
Make prediction for 87 samples...
EarlyStopping counter: 8 out of 30
Epoch: 093, Train Loss: 0.7498, Metric: r2, Train: 0.8846, Val: 0.7271, best Val: 0.7431, Test: 0.2567
Training on 653 samples...
Train epoch: 95 [0/653 (0%)]	Loss: 0.755285
Make prediction for 653 samples...
Make prediction for 102 samples...
Make prediction for 87 samples...
EarlyStopping counter: 9 out of 30
Epoch: 094, Train Loss: 0.7351, Metric: r2, Train: 0.8834, Val: 0.6870, best Val: 0.7431, Test: 0.2443
Training on 653 samples...
Train epoch: 96 [0/653 (0%)]	Loss: 0.741633
Make prediction for 653 samples...
Make prediction for 102 samples...
Make prediction for 87 samples...
EarlyStopping counter: 10 out of 30
Epoch: 095, Train Loss: 0.7329, Metric: r2, Train: 0.8916, Val: 0.6920, best Val: 0.7431, Test: 0.2671
Training on 653 samples...
Train epoch: 97 [0/653 (0%)]	Loss: 0.725002
Make prediction for 653 samples...
Make prediction for 102 samples...
Make prediction for 87 samples...
EarlyStopping counter: 11 out of 30
Epoch: 096, Train Loss: 0.7379, Metric: r2, Train: 0.8934, Val: 0.7167, best Val: 0.7431, Test: 0.2738
Training on 653 samples...
Train epoch: 98 [0/653 (0%)]	Loss: 0.718796
Make prediction for 653 samples...
Make prediction for 102 samples...
Make prediction for 87 samples...
EarlyStopping counter: 12 out of 30
Epoch: 097, Train Loss: 0.7329, Metric: r2, Train: 0.8951, Val: 0.7057, best Val: 0.7431, Test: 0.2391
Training on 653 samples...
Train epoch: 99 [0/653 (0%)]	Loss: 0.734081
Make prediction for 653 samples...
Make prediction for 102 samples...
Make prediction for 87 samples...
EarlyStopping counter: 13 out of 30
Epoch: 098, Train Loss: 0.7249, Metric: r2, Train: 0.8970, Val: 0.7094, best Val: 0.7431, Test: 0.2334
Training on 653 samples...
Train epoch: 100 [0/653 (0%)]	Loss: 0.723042
Make prediction for 653 samples...
Make prediction for 102 samples...
Make prediction for 87 samples...
EarlyStopping counter: 14 out of 30
Epoch: 099, Train Loss: 0.7194, Metric: r2, Train: 0.8974, Val: 0.6973, best Val: 0.7431, Test: 0.2145
Training on 653 samples...
Train epoch: 101 [0/653 (0%)]	Loss: 0.740632
Make prediction for 653 samples...
Make prediction for 102 samples...
Make prediction for 87 samples...
EarlyStopping counter: 15 out of 30
Epoch: 100, Train Loss: 0.7217, Metric: r2, Train: 0.8947, Val: 0.6580, best Val: 0.7431, Test: 0.1495
Training on 653 samples...
Train epoch: 102 [0/653 (0%)]	Loss: 0.728504
Make prediction for 653 samples...
Make prediction for 102 samples...
Make prediction for 87 samples...
EarlyStopping counter: 16 out of 30
Epoch: 101, Train Loss: 0.7200, Metric: r2, Train: 0.8999, Val: 0.6989, best Val: 0.7431, Test: 0.1502
Training on 653 samples...
Train epoch: 103 [0/653 (0%)]	Loss: 0.723651
Make prediction for 653 samples...
Make prediction for 102 samples...
Make prediction for 87 samples...
EarlyStopping counter: 17 out of 30
Epoch: 102, Train Loss: 0.7191, Metric: r2, Train: 0.9041, Val: 0.7131, best Val: 0.7431, Test: 0.1543
Training on 653 samples...
Train epoch: 104 [0/653 (0%)]	Loss: 0.739787
Make prediction for 653 samples...
Make prediction for 102 samples...
Make prediction for 87 samples...
EarlyStopping counter: 18 out of 30
Epoch: 103, Train Loss: 0.7232, Metric: r2, Train: 0.9044, Val: 0.6889, best Val: 0.7431, Test: 0.1411
Training on 653 samples...
Train epoch: 105 [0/653 (0%)]	Loss: 0.720993
Make prediction for 653 samples...
Make prediction for 102 samples...
Make prediction for 87 samples...
EarlyStopping counter: 19 out of 30
Epoch: 104, Train Loss: 0.7219, Metric: r2, Train: 0.8897, Val: 0.7035, best Val: 0.7431, Test: 0.1700
Training on 653 samples...
Train epoch: 106 [0/653 (0%)]	Loss: 0.747011
Make prediction for 653 samples...
Make prediction for 102 samples...
Make prediction for 87 samples...
EarlyStopping counter: 20 out of 30
Epoch: 105, Train Loss: 0.7269, Metric: r2, Train: 0.8820, Val: 0.7201, best Val: 0.7431, Test: 0.2013
Training on 653 samples...
Train epoch: 107 [0/653 (0%)]	Loss: 0.747533
Make prediction for 653 samples...
Make prediction for 102 samples...
Make prediction for 87 samples...
EarlyStopping counter: 21 out of 30
Epoch: 106, Train Loss: 0.7207, Metric: r2, Train: 0.8958, Val: 0.7377, best Val: 0.7431, Test: 0.2051
Training on 653 samples...
Train epoch: 108 [0/653 (0%)]	Loss: 0.743027
Make prediction for 653 samples...
Make prediction for 102 samples...
Make prediction for 87 samples...
EarlyStopping counter: 22 out of 30
Epoch: 107, Train Loss: 0.7195, Metric: r2, Train: 0.9078, Val: 0.7152, best Val: 0.7431, Test: 0.2072
Training on 653 samples...
Train epoch: 109 [0/653 (0%)]	Loss: 0.712417
Make prediction for 653 samples...
Make prediction for 102 samples...
Make prediction for 87 samples...
EarlyStopping counter: 23 out of 30
Epoch: 108, Train Loss: 0.7288, Metric: r2, Train: 0.8942, Val: 0.7112, best Val: 0.7431, Test: 0.2254
Training on 653 samples...
Train epoch: 110 [0/653 (0%)]	Loss: 0.743408
Make prediction for 653 samples...
Make prediction for 102 samples...
Make prediction for 87 samples...
EarlyStopping counter: 24 out of 30
Epoch: 109, Train Loss: 0.7266, Metric: r2, Train: 0.8874, Val: 0.7207, best Val: 0.7431, Test: 0.2437
Training on 653 samples...
Train epoch: 111 [0/653 (0%)]	Loss: 0.753085
Make prediction for 653 samples...
Make prediction for 102 samples...
Make prediction for 87 samples...
EarlyStopping counter: 25 out of 30
Epoch: 110, Train Loss: 0.7291, Metric: r2, Train: 0.8531, Val: 0.7118, best Val: 0.7431, Test: 0.2506
Training on 653 samples...
Train epoch: 112 [0/653 (0%)]	Loss: 0.770827
Make prediction for 653 samples...
Make prediction for 102 samples...
Make prediction for 87 samples...
EarlyStopping counter: 26 out of 30
Epoch: 111, Train Loss: 0.7449, Metric: r2, Train: 0.8518, Val: 0.7018, best Val: 0.7431, Test: 0.2345
Training on 653 samples...
Train epoch: 113 [0/653 (0%)]	Loss: 0.792446
Make prediction for 653 samples...
Make prediction for 102 samples...
Make prediction for 87 samples...
EarlyStopping counter: 27 out of 30
Epoch: 112, Train Loss: 0.7590, Metric: r2, Train: 0.8961, Val: 0.6818, best Val: 0.7431, Test: 0.2274
Training on 653 samples...
Train epoch: 114 [0/653 (0%)]	Loss: 0.748897
Make prediction for 653 samples...
Make prediction for 102 samples...
Make prediction for 87 samples...
EarlyStopping counter: 28 out of 30
Epoch: 113, Train Loss: 0.7296, Metric: r2, Train: 0.8901, Val: 0.6461, best Val: 0.7431, Test: 0.0706
Training on 653 samples...
Train epoch: 115 [0/653 (0%)]	Loss: 0.740401
Make prediction for 653 samples...
Make prediction for 102 samples...
Make prediction for 87 samples...
EarlyStopping counter: 29 out of 30
Epoch: 114, Train Loss: 0.7243, Metric: r2, Train: 0.8825, Val: 0.6546, best Val: 0.7431, Test: 0.0434
Training on 653 samples...
Train epoch: 116 [0/653 (0%)]	Loss: 0.753604
Make prediction for 653 samples...
Make prediction for 102 samples...
Make prediction for 87 samples...
EarlyStopping counter: 30 out of 30
Epoch: 115, Train Loss: 0.7281, Metric: r2, Train: 0.9089, Val: 0.6727, best Val: 0.7431, Test: 0.1480
out of patience!
******Caco2_Perimeter_2064, 4th_time_result******
train_result: 0.8648
val_result: 0.7431
test_result: 0.3254
Current seed: 2064
Pre-processed data found: data/processed/Caco2_Perimeter_2064/Caco2_Perimeter_2064_train.pt, loading ...
Pre-processed data found: data/processed/Caco2_Perimeter_2064/Caco2_Perimeter_2064_valid.pt, loading ...
Pre-processed data found: data/processed/Caco2_Perimeter_2064/Caco2_Perimeter_2064_test.pt, loading ...
trainset mean:-5.18760347366333 std:0.7630442380905151
Training on 653 samples...
Train epoch: 1 [0/653 (0%)]	Loss: 1.628951
Make prediction for 653 samples...
Make prediction for 102 samples...
Make prediction for 87 samples...
Make prediction for 87 samples...
Epoch: 000, Train Loss: 1.6883, Metric: r2, Train: -0.0043, Val: 0.0006, best Val: 0.0006, Test: -0.0083
Training on 653 samples...
Train epoch: 2 [0/653 (0%)]	Loss: 1.548707
Make prediction for 653 samples...
Make prediction for 102 samples...
Make prediction for 87 samples...
EarlyStopping counter: 1 out of 30
Epoch: 001, Train Loss: 1.6116, Metric: r2, Train: 0.0069, Val: -0.0255, best Val: 0.0006, Test: -0.0271
Training on 653 samples...
Train epoch: 3 [0/653 (0%)]	Loss: 1.615454
Make prediction for 653 samples...
Make prediction for 102 samples...
Make prediction for 87 samples...
Make prediction for 87 samples...
Epoch: 002, Train Loss: 1.6089, Metric: r2, Train: 0.0094, Val: 0.0190, best Val: 0.0190, Test: -0.0251
Training on 653 samples...
Train epoch: 4 [0/653 (0%)]	Loss: 1.663897
Make prediction for 653 samples...
Make prediction for 102 samples...
Make prediction for 87 samples...
EarlyStopping counter: 1 out of 30
Epoch: 003, Train Loss: 1.6033, Metric: r2, Train: 0.0033, Val: -0.0430, best Val: 0.0190, Test: -0.0855
Training on 653 samples...
Train epoch: 5 [0/653 (0%)]	Loss: 1.641653
Make prediction for 653 samples...
Make prediction for 102 samples...
Make prediction for 87 samples...
Make prediction for 87 samples...
Epoch: 004, Train Loss: 1.6142, Metric: r2, Train: 0.0311, Val: 0.0413, best Val: 0.0413, Test: -0.0525
Training on 653 samples...
Train epoch: 6 [0/653 (0%)]	Loss: 1.672713
Make prediction for 653 samples...
Make prediction for 102 samples...
Make prediction for 87 samples...
Make prediction for 87 samples...
Epoch: 005, Train Loss: 1.6106, Metric: r2, Train: 0.0126, Val: 0.0575, best Val: 0.0575, Test: -0.0812
Training on 653 samples...
Train epoch: 7 [0/653 (0%)]	Loss: 1.606719
Make prediction for 653 samples...
Make prediction for 102 samples...
Make prediction for 87 samples...
EarlyStopping counter: 1 out of 30
Epoch: 006, Train Loss: 1.5883, Metric: r2, Train: 0.0260, Val: -0.0030, best Val: 0.0575, Test: -0.1012
Training on 653 samples...
Train epoch: 8 [0/653 (0%)]	Loss: 1.721572
Make prediction for 653 samples...
Make prediction for 102 samples...
Make prediction for 87 samples...
EarlyStopping counter: 2 out of 30
Epoch: 007, Train Loss: 1.5793, Metric: r2, Train: 0.0575, Val: 0.0492, best Val: 0.0575, Test: -0.1030
Training on 653 samples...
Train epoch: 9 [0/653 (0%)]	Loss: 1.495124
Make prediction for 653 samples...
Make prediction for 102 samples...
Make prediction for 87 samples...
Make prediction for 87 samples...
Epoch: 008, Train Loss: 1.5429, Metric: r2, Train: 0.0583, Val: 0.0972, best Val: 0.0972, Test: -0.1241
Training on 653 samples...
Train epoch: 10 [0/653 (0%)]	Loss: 1.580243
Make prediction for 653 samples...
Make prediction for 102 samples...
Make prediction for 87 samples...
Make prediction for 87 samples...
Epoch: 009, Train Loss: 1.5502, Metric: r2, Train: 0.0986, Val: 0.1153, best Val: 0.1153, Test: -0.1618
Training on 653 samples...
Train epoch: 11 [0/653 (0%)]	Loss: 1.642899
Make prediction for 653 samples...
Make prediction for 102 samples...
Make prediction for 87 samples...
Make prediction for 87 samples...
Epoch: 010, Train Loss: 1.5288, Metric: r2, Train: 0.1024, Val: 0.1205, best Val: 0.1205, Test: -0.2430
Training on 653 samples...
Train epoch: 12 [0/653 (0%)]	Loss: 1.559142
Make prediction for 653 samples...
Make prediction for 102 samples...
Make prediction for 87 samples...
Make prediction for 87 samples...
Epoch: 011, Train Loss: 1.4964, Metric: r2, Train: 0.1252, Val: 0.1616, best Val: 0.1616, Test: -0.2989
Training on 653 samples...
Train epoch: 13 [0/653 (0%)]	Loss: 1.525367
Make prediction for 653 samples...
Make prediction for 102 samples...
Make prediction for 87 samples...
Make prediction for 87 samples...
Epoch: 012, Train Loss: 1.4872, Metric: r2, Train: 0.1628, Val: 0.1949, best Val: 0.1949, Test: -0.2453
Training on 653 samples...
Train epoch: 14 [0/653 (0%)]	Loss: 1.518509
Make prediction for 653 samples...
Make prediction for 102 samples...
Make prediction for 87 samples...
Make prediction for 87 samples...
Epoch: 013, Train Loss: 1.4316, Metric: r2, Train: 0.1764, Val: 0.2428, best Val: 0.2428, Test: -0.2277
Training on 653 samples...
Train epoch: 15 [0/653 (0%)]	Loss: 1.535362
Make prediction for 653 samples...
Make prediction for 102 samples...
Make prediction for 87 samples...
Make prediction for 87 samples...
Epoch: 014, Train Loss: 1.4409, Metric: r2, Train: 0.2760, Val: 0.3399, best Val: 0.3399, Test: -0.1095
Training on 653 samples...
Train epoch: 16 [0/653 (0%)]	Loss: 1.407280
Make prediction for 653 samples...
Make prediction for 102 samples...
Make prediction for 87 samples...
Make prediction for 87 samples...
Epoch: 015, Train Loss: 1.3549, Metric: r2, Train: 0.3195, Val: 0.4142, best Val: 0.4142, Test: -0.0714
Training on 653 samples...
Train epoch: 17 [0/653 (0%)]	Loss: 1.312450
Make prediction for 653 samples...
Make prediction for 102 samples...
Make prediction for 87 samples...
Make prediction for 87 samples...
Epoch: 016, Train Loss: 1.3441, Metric: r2, Train: 0.3234, Val: 0.4565, best Val: 0.4565, Test: -0.1580
Training on 653 samples...
Train epoch: 18 [0/653 (0%)]	Loss: 1.305494
Make prediction for 653 samples...
Make prediction for 102 samples...
Make prediction for 87 samples...
EarlyStopping counter: 1 out of 30
Epoch: 017, Train Loss: 1.3140, Metric: r2, Train: 0.2764, Val: 0.4163, best Val: 0.4565, Test: 0.0139
Training on 653 samples...
Train epoch: 19 [0/653 (0%)]	Loss: 1.386442
Make prediction for 653 samples...
Make prediction for 102 samples...
Make prediction for 87 samples...
Make prediction for 87 samples...
Epoch: 018, Train Loss: 1.3382, Metric: r2, Train: 0.3206, Val: 0.4806, best Val: 0.4806, Test: -0.1902
Training on 653 samples...
Train epoch: 20 [0/653 (0%)]	Loss: 1.347622
Make prediction for 653 samples...
Make prediction for 102 samples...
Make prediction for 87 samples...
EarlyStopping counter: 1 out of 30
Epoch: 019, Train Loss: 1.2605, Metric: r2, Train: 0.2968, Val: 0.4508, best Val: 0.4806, Test: 0.1088
Training on 653 samples...
Train epoch: 21 [0/653 (0%)]	Loss: 1.334029
Make prediction for 653 samples...
Make prediction for 102 samples...
Make prediction for 87 samples...
Make prediction for 87 samples...
Epoch: 020, Train Loss: 1.2871, Metric: r2, Train: 0.3709, Val: 0.5212, best Val: 0.5212, Test: -0.1327
Training on 653 samples...
Train epoch: 22 [0/653 (0%)]	Loss: 1.353082
Make prediction for 653 samples...
Make prediction for 102 samples...
Make prediction for 87 samples...
Make prediction for 87 samples...
Epoch: 021, Train Loss: 1.2316, Metric: r2, Train: 0.4462, Val: 0.6109, best Val: 0.6109, Test: 0.1799
Training on 653 samples...
Train epoch: 23 [0/653 (0%)]	Loss: 1.178592
Make prediction for 653 samples...
Make prediction for 102 samples...
Make prediction for 87 samples...
Make prediction for 87 samples...
Epoch: 022, Train Loss: 1.1693, Metric: r2, Train: 0.4772, Val: 0.6252, best Val: 0.6252, Test: -0.0049
Training on 653 samples...
Train epoch: 24 [0/653 (0%)]	Loss: 1.173716
Make prediction for 653 samples...
Make prediction for 102 samples...
Make prediction for 87 samples...
Make prediction for 87 samples...
Epoch: 023, Train Loss: 1.1401, Metric: r2, Train: 0.5156, Val: 0.6784, best Val: 0.6784, Test: 0.1826
Training on 653 samples...
Train epoch: 25 [0/653 (0%)]	Loss: 1.111832
Make prediction for 653 samples...
Make prediction for 102 samples...
Make prediction for 87 samples...
Make prediction for 87 samples...
Epoch: 024, Train Loss: 1.1045, Metric: r2, Train: 0.5454, Val: 0.6898, best Val: 0.6898, Test: 0.1703
Training on 653 samples...
Train epoch: 26 [0/653 (0%)]	Loss: 1.173850
Make prediction for 653 samples...
Make prediction for 102 samples...
Make prediction for 87 samples...
Make prediction for 87 samples...
Epoch: 025, Train Loss: 1.0833, Metric: r2, Train: 0.5739, Val: 0.6912, best Val: 0.6912, Test: 0.1297
Training on 653 samples...
Train epoch: 27 [0/653 (0%)]	Loss: 1.037027
Make prediction for 653 samples...
Make prediction for 102 samples...
Make prediction for 87 samples...
EarlyStopping counter: 1 out of 30
Epoch: 026, Train Loss: 1.0533, Metric: r2, Train: 0.5705, Val: 0.6659, best Val: 0.6912, Test: -0.0783
Training on 653 samples...
Train epoch: 28 [0/653 (0%)]	Loss: 1.118959
Make prediction for 653 samples...
Make prediction for 102 samples...
Make prediction for 87 samples...
EarlyStopping counter: 2 out of 30
Epoch: 027, Train Loss: 1.0305, Metric: r2, Train: 0.5667, Val: 0.6744, best Val: 0.6912, Test: 0.2131
Training on 653 samples...
Train epoch: 29 [0/653 (0%)]	Loss: 1.107205
Make prediction for 653 samples...
Make prediction for 102 samples...
Make prediction for 87 samples...
Make prediction for 87 samples...
Epoch: 028, Train Loss: 1.0342, Metric: r2, Train: 0.6307, Val: 0.6924, best Val: 0.6924, Test: 0.1134
Training on 653 samples...
Train epoch: 30 [0/653 (0%)]	Loss: 0.988289
Make prediction for 653 samples...
Make prediction for 102 samples...
Make prediction for 87 samples...
EarlyStopping counter: 1 out of 30
Epoch: 029, Train Loss: 0.9895, Metric: r2, Train: 0.6339, Val: 0.6519, best Val: 0.6924, Test: -0.0946
Training on 653 samples...
Train epoch: 31 [0/653 (0%)]	Loss: 1.020361
Make prediction for 653 samples...
Make prediction for 102 samples...
Make prediction for 87 samples...
EarlyStopping counter: 2 out of 30
Epoch: 030, Train Loss: 0.9820, Metric: r2, Train: 0.6526, Val: 0.6706, best Val: 0.6924, Test: -0.1321
Training on 653 samples...
Train epoch: 32 [0/653 (0%)]	Loss: 1.009457
Make prediction for 653 samples...
Make prediction for 102 samples...
Make prediction for 87 samples...
EarlyStopping counter: 3 out of 30
Epoch: 031, Train Loss: 0.9803, Metric: r2, Train: 0.5814, Val: 0.5871, best Val: 0.6924, Test: -0.4741
Training on 653 samples...
Train epoch: 33 [0/653 (0%)]	Loss: 1.035303
Make prediction for 653 samples...
Make prediction for 102 samples...
Make prediction for 87 samples...
EarlyStopping counter: 4 out of 30
Epoch: 032, Train Loss: 1.0064, Metric: r2, Train: 0.5756, Val: 0.5558, best Val: 0.6924, Test: -0.4609
Training on 653 samples...
Train epoch: 34 [0/653 (0%)]	Loss: 1.063735
Make prediction for 653 samples...
Make prediction for 102 samples...
Make prediction for 87 samples...
EarlyStopping counter: 5 out of 30
Epoch: 033, Train Loss: 1.0241, Metric: r2, Train: 0.5792, Val: 0.6229, best Val: 0.6924, Test: 0.1796
Training on 653 samples...
Train epoch: 35 [0/653 (0%)]	Loss: 1.050204
Make prediction for 653 samples...
Make prediction for 102 samples...
Make prediction for 87 samples...
EarlyStopping counter: 6 out of 30
Epoch: 034, Train Loss: 1.0259, Metric: r2, Train: 0.6514, Val: 0.6604, best Val: 0.6924, Test: 0.1774
Training on 653 samples...
Train epoch: 36 [0/653 (0%)]	Loss: 0.989304
Make prediction for 653 samples...
Make prediction for 102 samples...
Make prediction for 87 samples...
EarlyStopping counter: 7 out of 30
Epoch: 035, Train Loss: 1.0355, Metric: r2, Train: 0.6494, Val: 0.6175, best Val: 0.6924, Test: -0.0285
Training on 653 samples...
Train epoch: 37 [0/653 (0%)]	Loss: 1.009436
Make prediction for 653 samples...
Make prediction for 102 samples...
Make prediction for 87 samples...
EarlyStopping counter: 8 out of 30
Epoch: 036, Train Loss: 0.9884, Metric: r2, Train: 0.6509, Val: 0.6681, best Val: 0.6924, Test: 0.2176
Training on 653 samples...
Train epoch: 38 [0/653 (0%)]	Loss: 1.018117
Make prediction for 653 samples...
Make prediction for 102 samples...
Make prediction for 87 samples...
EarlyStopping counter: 9 out of 30
Epoch: 037, Train Loss: 0.9507, Metric: r2, Train: 0.6613, Val: 0.6306, best Val: 0.6924, Test: -0.1868
Training on 653 samples...
Train epoch: 39 [0/653 (0%)]	Loss: 0.947525
Make prediction for 653 samples...
Make prediction for 102 samples...
Make prediction for 87 samples...
EarlyStopping counter: 10 out of 30
Epoch: 038, Train Loss: 0.9418, Metric: r2, Train: 0.6492, Val: 0.6629, best Val: 0.6924, Test: 0.1829
Training on 653 samples...
Train epoch: 40 [0/653 (0%)]	Loss: 0.953663
Make prediction for 653 samples...
Make prediction for 102 samples...
Make prediction for 87 samples...
Make prediction for 87 samples...
Epoch: 039, Train Loss: 0.9542, Metric: r2, Train: 0.7166, Val: 0.6957, best Val: 0.6957, Test: 0.0792
Training on 653 samples...
Train epoch: 41 [0/653 (0%)]	Loss: 0.908324
Make prediction for 653 samples...
Make prediction for 102 samples...
Make prediction for 87 samples...
EarlyStopping counter: 1 out of 30
Epoch: 040, Train Loss: 0.9371, Metric: r2, Train: 0.7193, Val: 0.6730, best Val: 0.6957, Test: -0.0358
Training on 653 samples...
Train epoch: 42 [0/653 (0%)]	Loss: 0.937085
Make prediction for 653 samples...
Make prediction for 102 samples...
Make prediction for 87 samples...
EarlyStopping counter: 2 out of 30
Epoch: 041, Train Loss: 0.8994, Metric: r2, Train: 0.7298, Val: 0.6834, best Val: 0.6957, Test: 0.0568
Training on 653 samples...
Train epoch: 43 [0/653 (0%)]	Loss: 0.914714
Make prediction for 653 samples...
Make prediction for 102 samples...
Make prediction for 87 samples...
EarlyStopping counter: 3 out of 30
Epoch: 042, Train Loss: 0.8859, Metric: r2, Train: 0.7380, Val: 0.6880, best Val: 0.6957, Test: 0.0783
Training on 653 samples...
Train epoch: 44 [0/653 (0%)]	Loss: 0.910571
Make prediction for 653 samples...
Make prediction for 102 samples...
Make prediction for 87 samples...
EarlyStopping counter: 4 out of 30
Epoch: 043, Train Loss: 0.8894, Metric: r2, Train: 0.7406, Val: 0.6943, best Val: 0.6957, Test: 0.0976
Training on 653 samples...
Train epoch: 45 [0/653 (0%)]	Loss: 0.902275
Make prediction for 653 samples...
Make prediction for 102 samples...
Make prediction for 87 samples...
Make prediction for 87 samples...
Epoch: 044, Train Loss: 0.8986, Metric: r2, Train: 0.7488, Val: 0.6970, best Val: 0.6970, Test: 0.0952
Training on 653 samples...
Train epoch: 46 [0/653 (0%)]	Loss: 0.876222
Make prediction for 653 samples...
Make prediction for 102 samples...
Make prediction for 87 samples...
EarlyStopping counter: 1 out of 30
Epoch: 045, Train Loss: 0.8767, Metric: r2, Train: 0.7593, Val: 0.6866, best Val: 0.6970, Test: 0.0393
Training on 653 samples...
Train epoch: 47 [0/653 (0%)]	Loss: 0.871047
Make prediction for 653 samples...
Make prediction for 102 samples...
Make prediction for 87 samples...
EarlyStopping counter: 2 out of 30
Epoch: 046, Train Loss: 0.8672, Metric: r2, Train: 0.7192, Val: 0.6068, best Val: 0.6970, Test: -0.1869
Training on 653 samples...
Train epoch: 48 [0/653 (0%)]	Loss: 0.919065
Make prediction for 653 samples...
Make prediction for 102 samples...
Make prediction for 87 samples...
EarlyStopping counter: 3 out of 30
Epoch: 047, Train Loss: 0.8889, Metric: r2, Train: 0.7525, Val: 0.6797, best Val: 0.6970, Test: 0.1224
Training on 653 samples...
Train epoch: 49 [0/653 (0%)]	Loss: 0.897613
Make prediction for 653 samples...
Make prediction for 102 samples...
Make prediction for 87 samples...
EarlyStopping counter: 4 out of 30
Epoch: 048, Train Loss: 0.8585, Metric: r2, Train: 0.7685, Val: 0.6787, best Val: 0.6970, Test: 0.0702
Training on 653 samples...
Train epoch: 50 [0/653 (0%)]	Loss: 0.861809
Make prediction for 653 samples...
Make prediction for 102 samples...
Make prediction for 87 samples...
EarlyStopping counter: 5 out of 30
Epoch: 049, Train Loss: 0.8568, Metric: r2, Train: 0.7123, Val: 0.5648, best Val: 0.6970, Test: -0.2790
Training on 653 samples...
Train epoch: 51 [0/653 (0%)]	Loss: 0.936764
Make prediction for 653 samples...
Make prediction for 102 samples...
Make prediction for 87 samples...
EarlyStopping counter: 6 out of 30
Epoch: 050, Train Loss: 0.8884, Metric: r2, Train: 0.7821, Val: 0.6793, best Val: 0.6970, Test: 0.0624
Training on 653 samples...
Train epoch: 52 [0/653 (0%)]	Loss: 0.818717
Make prediction for 653 samples...
Make prediction for 102 samples...
Make prediction for 87 samples...
EarlyStopping counter: 7 out of 30
Epoch: 051, Train Loss: 0.8598, Metric: r2, Train: 0.7699, Val: 0.6863, best Val: 0.6970, Test: 0.1620
Training on 653 samples...
Train epoch: 53 [0/653 (0%)]	Loss: 0.848923
Make prediction for 653 samples...
Make prediction for 102 samples...
Make prediction for 87 samples...
EarlyStopping counter: 8 out of 30
Epoch: 052, Train Loss: 0.8555, Metric: r2, Train: 0.7530, Val: 0.6800, best Val: 0.6970, Test: 0.1816
Training on 653 samples...
Train epoch: 54 [0/653 (0%)]	Loss: 0.856713
Make prediction for 653 samples...
Make prediction for 102 samples...
Make prediction for 87 samples...
EarlyStopping counter: 9 out of 30
Epoch: 053, Train Loss: 0.8545, Metric: r2, Train: 0.7930, Val: 0.6790, best Val: 0.6970, Test: 0.0980
Training on 653 samples...
Train epoch: 55 [0/653 (0%)]	Loss: 0.836268
Make prediction for 653 samples...
Make prediction for 102 samples...
Make prediction for 87 samples...
EarlyStopping counter: 10 out of 30
Epoch: 054, Train Loss: 0.8363, Metric: r2, Train: 0.7683, Val: 0.6337, best Val: 0.6970, Test: -0.0644
Training on 653 samples...
Train epoch: 56 [0/653 (0%)]	Loss: 0.905667
Make prediction for 653 samples...
Make prediction for 102 samples...
Make prediction for 87 samples...
EarlyStopping counter: 11 out of 30
Epoch: 055, Train Loss: 0.8431, Metric: r2, Train: 0.7944, Val: 0.6766, best Val: 0.6970, Test: 0.1776
Training on 653 samples...
Train epoch: 57 [0/653 (0%)]	Loss: 0.843409
Make prediction for 653 samples...
Make prediction for 102 samples...
Make prediction for 87 samples...
EarlyStopping counter: 12 out of 30
Epoch: 056, Train Loss: 0.8452, Metric: r2, Train: 0.7443, Val: 0.6535, best Val: 0.6970, Test: 0.2359
Training on 653 samples...
Train epoch: 58 [0/653 (0%)]	Loss: 0.888656
Make prediction for 653 samples...
Make prediction for 102 samples...
Make prediction for 87 samples...
EarlyStopping counter: 13 out of 30
Epoch: 057, Train Loss: 0.8595, Metric: r2, Train: 0.7995, Val: 0.6837, best Val: 0.6970, Test: 0.1925
Training on 653 samples...
Train epoch: 59 [0/653 (0%)]	Loss: 0.856546
Make prediction for 653 samples...
Make prediction for 102 samples...
Make prediction for 87 samples...
EarlyStopping counter: 14 out of 30
Epoch: 058, Train Loss: 0.8234, Metric: r2, Train: 0.7992, Val: 0.6570, best Val: 0.6970, Test: 0.0454
Training on 653 samples...
Train epoch: 60 [0/653 (0%)]	Loss: 0.846828
Make prediction for 653 samples...
Make prediction for 102 samples...
Make prediction for 87 samples...
EarlyStopping counter: 15 out of 30
Epoch: 059, Train Loss: 0.8228, Metric: r2, Train: 0.8126, Val: 0.6801, best Val: 0.6970, Test: 0.1069
Training on 653 samples...
Train epoch: 61 [0/653 (0%)]	Loss: 0.812170
Make prediction for 653 samples...
Make prediction for 102 samples...
Make prediction for 87 samples...
EarlyStopping counter: 16 out of 30
Epoch: 060, Train Loss: 0.8160, Metric: r2, Train: 0.8141, Val: 0.6955, best Val: 0.6970, Test: 0.1852
Training on 653 samples...
Train epoch: 62 [0/653 (0%)]	Loss: 0.814019
Make prediction for 653 samples...
Make prediction for 102 samples...
Make prediction for 87 samples...
EarlyStopping counter: 17 out of 30
Epoch: 061, Train Loss: 0.8023, Metric: r2, Train: 0.8139, Val: 0.6924, best Val: 0.6970, Test: 0.2090
Training on 653 samples...
Train epoch: 63 [0/653 (0%)]	Loss: 0.820890
Make prediction for 653 samples...
Make prediction for 102 samples...
Make prediction for 87 samples...
EarlyStopping counter: 18 out of 30
Epoch: 062, Train Loss: 0.8111, Metric: r2, Train: 0.8201, Val: 0.6923, best Val: 0.6970, Test: 0.2043
Training on 653 samples...
Train epoch: 64 [0/653 (0%)]	Loss: 0.798086
Make prediction for 653 samples...
Make prediction for 102 samples...
Make prediction for 87 samples...
EarlyStopping counter: 19 out of 30
Epoch: 063, Train Loss: 0.8186, Metric: r2, Train: 0.8246, Val: 0.6727, best Val: 0.6970, Test: 0.1253
Training on 653 samples...
Train epoch: 65 [0/653 (0%)]	Loss: 0.812671
Make prediction for 653 samples...
Make prediction for 102 samples...
Make prediction for 87 samples...
EarlyStopping counter: 20 out of 30
Epoch: 064, Train Loss: 0.8077, Metric: r2, Train: 0.8145, Val: 0.6622, best Val: 0.6970, Test: 0.1169
Training on 653 samples...
Train epoch: 66 [0/653 (0%)]	Loss: 0.815180
Make prediction for 653 samples...
Make prediction for 102 samples...
Make prediction for 87 samples...
EarlyStopping counter: 21 out of 30
Epoch: 065, Train Loss: 0.8020, Metric: r2, Train: 0.8322, Val: 0.6726, best Val: 0.6970, Test: 0.2182
Training on 653 samples...
Train epoch: 67 [0/653 (0%)]	Loss: 0.778354
Make prediction for 653 samples...
Make prediction for 102 samples...
Make prediction for 87 samples...
Make prediction for 87 samples...
Epoch: 066, Train Loss: 0.7907, Metric: r2, Train: 0.7852, Val: 0.6976, best Val: 0.6976, Test: 0.3172
Training on 653 samples...
Train epoch: 68 [0/653 (0%)]	Loss: 0.869058
Make prediction for 653 samples...
Make prediction for 102 samples...
Make prediction for 87 samples...
EarlyStopping counter: 1 out of 30
Epoch: 067, Train Loss: 0.8356, Metric: r2, Train: 0.7368, Val: 0.6657, best Val: 0.6976, Test: 0.3114
Training on 653 samples...
Train epoch: 69 [0/653 (0%)]	Loss: 0.862881
Make prediction for 653 samples...
Make prediction for 102 samples...
Make prediction for 87 samples...
EarlyStopping counter: 2 out of 30
Epoch: 068, Train Loss: 0.8533, Metric: r2, Train: 0.8284, Val: 0.6699, best Val: 0.6976, Test: 0.2559
Training on 653 samples...
Train epoch: 70 [0/653 (0%)]	Loss: 0.781823
Make prediction for 653 samples...
Make prediction for 102 samples...
Make prediction for 87 samples...
EarlyStopping counter: 3 out of 30
Epoch: 069, Train Loss: 0.8086, Metric: r2, Train: 0.8080, Val: 0.6128, best Val: 0.6976, Test: 0.1263
Training on 653 samples...
Train epoch: 71 [0/653 (0%)]	Loss: 0.842647
Make prediction for 653 samples...
Make prediction for 102 samples...
Make prediction for 87 samples...
EarlyStopping counter: 4 out of 30
Epoch: 070, Train Loss: 0.8047, Metric: r2, Train: 0.8398, Val: 0.6638, best Val: 0.6976, Test: 0.2419
Training on 653 samples...
Train epoch: 72 [0/653 (0%)]	Loss: 0.790033
Make prediction for 653 samples...
Make prediction for 102 samples...
Make prediction for 87 samples...
Make prediction for 87 samples...
Epoch: 071, Train Loss: 0.8020, Metric: r2, Train: 0.7856, Val: 0.6994, best Val: 0.6994, Test: 0.3428
Training on 653 samples...
Train epoch: 73 [0/653 (0%)]	Loss: 0.840213
Make prediction for 653 samples...
Make prediction for 102 samples...
Make prediction for 87 samples...
EarlyStopping counter: 1 out of 30
Epoch: 072, Train Loss: 0.8138, Metric: r2, Train: 0.8421, Val: 0.6949, best Val: 0.6994, Test: 0.3219
Training on 653 samples...
Train epoch: 74 [0/653 (0%)]	Loss: 0.802618
Make prediction for 653 samples...
Make prediction for 102 samples...
Make prediction for 87 samples...
EarlyStopping counter: 2 out of 30
Epoch: 073, Train Loss: 0.8122, Metric: r2, Train: 0.7938, Val: 0.5911, best Val: 0.6994, Test: 0.0958
Training on 653 samples...
Train epoch: 75 [0/653 (0%)]	Loss: 0.855644
Make prediction for 653 samples...
Make prediction for 102 samples...
Make prediction for 87 samples...
EarlyStopping counter: 3 out of 30
Epoch: 074, Train Loss: 0.8069, Metric: r2, Train: 0.8283, Val: 0.6908, best Val: 0.6994, Test: 0.3394
Training on 653 samples...
Train epoch: 76 [0/653 (0%)]	Loss: 0.816914
Make prediction for 653 samples...
Make prediction for 102 samples...
Make prediction for 87 samples...
EarlyStopping counter: 4 out of 30
Epoch: 075, Train Loss: 0.7902, Metric: r2, Train: 0.8484, Val: 0.6786, best Val: 0.6994, Test: 0.3051
Training on 653 samples...
Train epoch: 77 [0/653 (0%)]	Loss: 0.781756
Make prediction for 653 samples...
Make prediction for 102 samples...
Make prediction for 87 samples...
EarlyStopping counter: 5 out of 30
Epoch: 076, Train Loss: 0.7713, Metric: r2, Train: 0.8495, Val: 0.6684, best Val: 0.6994, Test: 0.2161
Training on 653 samples...
Train epoch: 78 [0/653 (0%)]	Loss: 0.774348
Make prediction for 653 samples...
Make prediction for 102 samples...
Make prediction for 87 samples...
EarlyStopping counter: 6 out of 30
Epoch: 077, Train Loss: 0.7633, Metric: r2, Train: 0.8577, Val: 0.6850, best Val: 0.6994, Test: 0.2551
Training on 653 samples...
Train epoch: 79 [0/653 (0%)]	Loss: 0.761821
Make prediction for 653 samples...
Make prediction for 102 samples...
Make prediction for 87 samples...
EarlyStopping counter: 7 out of 30
Epoch: 078, Train Loss: 0.7655, Metric: r2, Train: 0.8619, Val: 0.6753, best Val: 0.6994, Test: 0.2607
Training on 653 samples...
Train epoch: 80 [0/653 (0%)]	Loss: 0.774326
Make prediction for 653 samples...
Make prediction for 102 samples...
Make prediction for 87 samples...
EarlyStopping counter: 8 out of 30
Epoch: 079, Train Loss: 0.7624, Metric: r2, Train: 0.8636, Val: 0.6669, best Val: 0.6994, Test: 0.2719
Training on 653 samples...
Train epoch: 81 [0/653 (0%)]	Loss: 0.768594
Make prediction for 653 samples...
Make prediction for 102 samples...
Make prediction for 87 samples...
EarlyStopping counter: 9 out of 30
Epoch: 080, Train Loss: 0.7538, Metric: r2, Train: 0.8659, Val: 0.6824, best Val: 0.6994, Test: 0.2949
Training on 653 samples...
Train epoch: 82 [0/653 (0%)]	Loss: 0.775746
Make prediction for 653 samples...
Make prediction for 102 samples...
Make prediction for 87 samples...
EarlyStopping counter: 10 out of 30
Epoch: 081, Train Loss: 0.7533, Metric: r2, Train: 0.8642, Val: 0.6595, best Val: 0.6994, Test: 0.2481
Training on 653 samples...
Train epoch: 83 [0/653 (0%)]	Loss: 0.768225
Make prediction for 653 samples...
Make prediction for 102 samples...
Make prediction for 87 samples...
EarlyStopping counter: 11 out of 30
Epoch: 082, Train Loss: 0.7577, Metric: r2, Train: 0.8696, Val: 0.6661, best Val: 0.6994, Test: 0.2900
Training on 653 samples...
Train epoch: 84 [0/653 (0%)]	Loss: 0.745545
Make prediction for 653 samples...
Make prediction for 102 samples...
Make prediction for 87 samples...
EarlyStopping counter: 12 out of 30
Epoch: 083, Train Loss: 0.7446, Metric: r2, Train: 0.8715, Val: 0.6833, best Val: 0.6994, Test: 0.3588
Training on 653 samples...
Train epoch: 85 [0/653 (0%)]	Loss: 0.761365
Make prediction for 653 samples...
Make prediction for 102 samples...
Make prediction for 87 samples...
EarlyStopping counter: 13 out of 30
Epoch: 084, Train Loss: 0.7518, Metric: r2, Train: 0.8609, Val: 0.6950, best Val: 0.6994, Test: 0.3790
Training on 653 samples...
Train epoch: 86 [0/653 (0%)]	Loss: 0.787435
Make prediction for 653 samples...
Make prediction for 102 samples...
Make prediction for 87 samples...
EarlyStopping counter: 14 out of 30
Epoch: 085, Train Loss: 0.7570, Metric: r2, Train: 0.8303, Val: 0.6918, best Val: 0.6994, Test: 0.3498
Training on 653 samples...
Train epoch: 87 [0/653 (0%)]	Loss: 0.800146
Make prediction for 653 samples...
Make prediction for 102 samples...
Make prediction for 87 samples...
EarlyStopping counter: 15 out of 30
Epoch: 086, Train Loss: 0.7736, Metric: r2, Train: 0.8463, Val: 0.6932, best Val: 0.6994, Test: 0.3433
Training on 653 samples...
Train epoch: 88 [0/653 (0%)]	Loss: 0.775535
Make prediction for 653 samples...
Make prediction for 102 samples...
Make prediction for 87 samples...
EarlyStopping counter: 16 out of 30
Epoch: 087, Train Loss: 0.7942, Metric: r2, Train: 0.8713, Val: 0.6884, best Val: 0.6994, Test: 0.3588
Training on 653 samples...
Train epoch: 89 [0/653 (0%)]	Loss: 0.773334
Make prediction for 653 samples...
Make prediction for 102 samples...
Make prediction for 87 samples...
EarlyStopping counter: 17 out of 30
Epoch: 088, Train Loss: 0.7533, Metric: r2, Train: 0.8417, Val: 0.5774, best Val: 0.6994, Test: 0.1776
Training on 653 samples...
Train epoch: 90 [0/653 (0%)]	Loss: 0.790297
Make prediction for 653 samples...
Make prediction for 102 samples...
Make prediction for 87 samples...
EarlyStopping counter: 18 out of 30
Epoch: 089, Train Loss: 0.7667, Metric: r2, Train: 0.8553, Val: 0.6037, best Val: 0.6994, Test: 0.1918
Training on 653 samples...
Train epoch: 91 [0/653 (0%)]	Loss: 0.778143
Make prediction for 653 samples...
Make prediction for 102 samples...
Make prediction for 87 samples...
EarlyStopping counter: 19 out of 30
Epoch: 090, Train Loss: 0.7613, Metric: r2, Train: 0.8637, Val: 0.6811, best Val: 0.6994, Test: 0.3459
Training on 653 samples...
Train epoch: 92 [0/653 (0%)]	Loss: 0.762374
Make prediction for 653 samples...
Make prediction for 102 samples...
Make prediction for 87 samples...
EarlyStopping counter: 20 out of 30
Epoch: 091, Train Loss: 0.7529, Metric: r2, Train: 0.8507, Val: 0.6880, best Val: 0.6994, Test: 0.3656
Training on 653 samples...
Train epoch: 93 [0/653 (0%)]	Loss: 0.775856
Make prediction for 653 samples...
Make prediction for 102 samples...
Make prediction for 87 samples...
EarlyStopping counter: 21 out of 30
Epoch: 092, Train Loss: 0.7543, Metric: r2, Train: 0.8823, Val: 0.6673, best Val: 0.6994, Test: 0.3044
Training on 653 samples...
Train epoch: 94 [0/653 (0%)]	Loss: 0.749250
Make prediction for 653 samples...
Make prediction for 102 samples...
Make prediction for 87 samples...
EarlyStopping counter: 22 out of 30
Epoch: 093, Train Loss: 0.7561, Metric: r2, Train: 0.8578, Val: 0.6032, best Val: 0.6994, Test: 0.1595
Training on 653 samples...
Train epoch: 95 [0/653 (0%)]	Loss: 0.779219
Make prediction for 653 samples...
Make prediction for 102 samples...
Make prediction for 87 samples...
EarlyStopping counter: 23 out of 30
Epoch: 094, Train Loss: 0.7527, Metric: r2, Train: 0.8831, Val: 0.6479, best Val: 0.6994, Test: 0.2436
Training on 653 samples...
Train epoch: 96 [0/653 (0%)]	Loss: 0.745598
Make prediction for 653 samples...
Make prediction for 102 samples...
Make prediction for 87 samples...
Make prediction for 87 samples...
Epoch: 095, Train Loss: 0.7361, Metric: r2, Train: 0.8479, Val: 0.7080, best Val: 0.7080, Test: 0.3758
Training on 653 samples...
Train epoch: 97 [0/653 (0%)]	Loss: 0.791347
Make prediction for 653 samples...
Make prediction for 102 samples...
Make prediction for 87 samples...
Make prediction for 87 samples...
Epoch: 096, Train Loss: 0.7651, Metric: r2, Train: 0.8588, Val: 0.7085, best Val: 0.7085, Test: 0.3657
Training on 653 samples...
Train epoch: 98 [0/653 (0%)]	Loss: 0.772961
Make prediction for 653 samples...
Make prediction for 102 samples...
Make prediction for 87 samples...
EarlyStopping counter: 1 out of 30
Epoch: 097, Train Loss: 0.7450, Metric: r2, Train: 0.8919, Val: 0.6724, best Val: 0.7085, Test: 0.2799
Training on 653 samples...
Train epoch: 99 [0/653 (0%)]	Loss: 0.737784
Make prediction for 653 samples...
Make prediction for 102 samples...
Make prediction for 87 samples...
EarlyStopping counter: 2 out of 30
Epoch: 098, Train Loss: 0.7410, Metric: r2, Train: 0.8892, Val: 0.6460, best Val: 0.7085, Test: 0.2457
Training on 653 samples...
Train epoch: 100 [0/653 (0%)]	Loss: 0.745036
Make prediction for 653 samples...
Make prediction for 102 samples...
Make prediction for 87 samples...
EarlyStopping counter: 3 out of 30
Epoch: 099, Train Loss: 0.7332, Metric: r2, Train: 0.8144, Val: 0.4983, best Val: 0.7085, Test: 0.0002
Training on 653 samples...
Train epoch: 101 [0/653 (0%)]	Loss: 0.814618
Make prediction for 653 samples...
Make prediction for 102 samples...
Make prediction for 87 samples...
EarlyStopping counter: 4 out of 30
Epoch: 100, Train Loss: 0.7661, Metric: r2, Train: 0.8777, Val: 0.5996, best Val: 0.7085, Test: 0.1830
Training on 653 samples...
Train epoch: 102 [0/653 (0%)]	Loss: 0.730977
Make prediction for 653 samples...
Make prediction for 102 samples...
Make prediction for 87 samples...
EarlyStopping counter: 5 out of 30
Epoch: 101, Train Loss: 0.7853, Metric: r2, Train: 0.8662, Val: 0.6860, best Val: 0.7085, Test: 0.3310
Training on 653 samples...
Train epoch: 103 [0/653 (0%)]	Loss: 0.778535
Make prediction for 653 samples...
Make prediction for 102 samples...
Make prediction for 87 samples...
EarlyStopping counter: 6 out of 30
Epoch: 102, Train Loss: 0.7761, Metric: r2, Train: 0.8115, Val: 0.6697, best Val: 0.7085, Test: 0.2972
Training on 653 samples...
Train epoch: 104 [0/653 (0%)]	Loss: 0.834970
Make prediction for 653 samples...
Make prediction for 102 samples...
Make prediction for 87 samples...
EarlyStopping counter: 7 out of 30
Epoch: 103, Train Loss: 0.7648, Metric: r2, Train: 0.8612, Val: 0.5832, best Val: 0.7085, Test: 0.2184
Training on 653 samples...
Train epoch: 105 [0/653 (0%)]	Loss: 0.762163
Make prediction for 653 samples...
Make prediction for 102 samples...
Make prediction for 87 samples...
EarlyStopping counter: 8 out of 30
Epoch: 104, Train Loss: 0.7454, Metric: r2, Train: 0.8888, Val: 0.6428, best Val: 0.7085, Test: 0.3058
Training on 653 samples...
Train epoch: 106 [0/653 (0%)]	Loss: 0.744329
Make prediction for 653 samples...
Make prediction for 102 samples...
Make prediction for 87 samples...
EarlyStopping counter: 9 out of 30
Epoch: 105, Train Loss: 0.7401, Metric: r2, Train: 0.8524, Val: 0.6951, best Val: 0.7085, Test: 0.3577
Training on 653 samples...
Train epoch: 107 [0/653 (0%)]	Loss: 0.756883
Make prediction for 653 samples...
Make prediction for 102 samples...
Make prediction for 87 samples...
EarlyStopping counter: 10 out of 30
Epoch: 106, Train Loss: 0.7472, Metric: r2, Train: 0.8910, Val: 0.6766, best Val: 0.7085, Test: 0.2887
Training on 653 samples...
Train epoch: 108 [0/653 (0%)]	Loss: 0.742206
Make prediction for 653 samples...
Make prediction for 102 samples...
Make prediction for 87 samples...
EarlyStopping counter: 11 out of 30
Epoch: 107, Train Loss: 0.7377, Metric: r2, Train: 0.8677, Val: 0.5592, best Val: 0.7085, Test: 0.1429
Training on 653 samples...
Train epoch: 109 [0/653 (0%)]	Loss: 0.755180
Make prediction for 653 samples...
Make prediction for 102 samples...
Make prediction for 87 samples...
EarlyStopping counter: 12 out of 30
Epoch: 108, Train Loss: 0.7416, Metric: r2, Train: 0.9008, Val: 0.6567, best Val: 0.7085, Test: 0.3139
Training on 653 samples...
Train epoch: 110 [0/653 (0%)]	Loss: 0.732669
Make prediction for 653 samples...
Make prediction for 102 samples...
Make prediction for 87 samples...
EarlyStopping counter: 13 out of 30
Epoch: 109, Train Loss: 0.7402, Metric: r2, Train: 0.8463, Val: 0.7070, best Val: 0.7085, Test: 0.3413
Training on 653 samples...
Train epoch: 111 [0/653 (0%)]	Loss: 0.797026
Make prediction for 653 samples...
Make prediction for 102 samples...
Make prediction for 87 samples...
EarlyStopping counter: 14 out of 30
Epoch: 110, Train Loss: 0.7540, Metric: r2, Train: 0.8988, Val: 0.6872, best Val: 0.7085, Test: 0.3271
Training on 653 samples...
Train epoch: 112 [0/653 (0%)]	Loss: 0.740695
Make prediction for 653 samples...
Make prediction for 102 samples...
Make prediction for 87 samples...
EarlyStopping counter: 15 out of 30
Epoch: 111, Train Loss: 0.7343, Metric: r2, Train: 0.8746, Val: 0.6152, best Val: 0.7085, Test: 0.2234
Training on 653 samples...
Train epoch: 113 [0/653 (0%)]	Loss: 0.757461
Make prediction for 653 samples...
Make prediction for 102 samples...
Make prediction for 87 samples...
EarlyStopping counter: 16 out of 30
Epoch: 112, Train Loss: 0.7310, Metric: r2, Train: 0.8785, Val: 0.7002, best Val: 0.7085, Test: 0.3856
Training on 653 samples...
Train epoch: 114 [0/653 (0%)]	Loss: 0.745749
Make prediction for 653 samples...
Make prediction for 102 samples...
Make prediction for 87 samples...
EarlyStopping counter: 17 out of 30
Epoch: 113, Train Loss: 0.7357, Metric: r2, Train: 0.8928, Val: 0.6850, best Val: 0.7085, Test: 0.3656
Training on 653 samples...
Train epoch: 115 [0/653 (0%)]	Loss: 0.742173
Make prediction for 653 samples...
Make prediction for 102 samples...
Make prediction for 87 samples...
EarlyStopping counter: 18 out of 30
Epoch: 114, Train Loss: 0.7255, Metric: r2, Train: 0.8795, Val: 0.5960, best Val: 0.7085, Test: 0.1671
Training on 653 samples...
Train epoch: 116 [0/653 (0%)]	Loss: 0.756624
Make prediction for 653 samples...
Make prediction for 102 samples...
Make prediction for 87 samples...
EarlyStopping counter: 19 out of 30
Epoch: 115, Train Loss: 0.7268, Metric: r2, Train: 0.9078, Val: 0.6443, best Val: 0.7085, Test: 0.2391
Training on 653 samples...
Train epoch: 117 [0/653 (0%)]	Loss: 0.718521
Make prediction for 653 samples...
Make prediction for 102 samples...
Make prediction for 87 samples...
EarlyStopping counter: 20 out of 30
Epoch: 116, Train Loss: 0.7130, Metric: r2, Train: 0.9026, Val: 0.6830, best Val: 0.7085, Test: 0.2809
Training on 653 samples...
Train epoch: 118 [0/653 (0%)]	Loss: 0.726858
Make prediction for 653 samples...
Make prediction for 102 samples...
Make prediction for 87 samples...
EarlyStopping counter: 21 out of 30
Epoch: 117, Train Loss: 0.7091, Metric: r2, Train: 0.9113, Val: 0.6675, best Val: 0.7085, Test: 0.2775
Training on 653 samples...
Train epoch: 119 [0/653 (0%)]	Loss: 0.715372
Make prediction for 653 samples...
Make prediction for 102 samples...
Make prediction for 87 samples...
EarlyStopping counter: 22 out of 30
Epoch: 118, Train Loss: 0.7043, Metric: r2, Train: 0.8890, Val: 0.5918, best Val: 0.7085, Test: 0.1968
Training on 653 samples...
Train epoch: 120 [0/653 (0%)]	Loss: 0.744206
Make prediction for 653 samples...
Make prediction for 102 samples...
Make prediction for 87 samples...
EarlyStopping counter: 23 out of 30
Epoch: 119, Train Loss: 0.7175, Metric: r2, Train: 0.9124, Val: 0.6572, best Val: 0.7085, Test: 0.3385
Training on 653 samples...
Train epoch: 121 [0/653 (0%)]	Loss: 0.707572
Make prediction for 653 samples...
Make prediction for 102 samples...
Make prediction for 87 samples...
EarlyStopping counter: 24 out of 30
Epoch: 120, Train Loss: 0.7092, Metric: r2, Train: 0.8963, Val: 0.6935, best Val: 0.7085, Test: 0.3591
Training on 653 samples...
Train epoch: 122 [0/653 (0%)]	Loss: 0.732004
Make prediction for 653 samples...
Make prediction for 102 samples...
Make prediction for 87 samples...
EarlyStopping counter: 25 out of 30
Epoch: 121, Train Loss: 0.7191, Metric: r2, Train: 0.9002, Val: 0.6865, best Val: 0.7085, Test: 0.3262
Training on 653 samples...
Train epoch: 123 [0/653 (0%)]	Loss: 0.716312
Make prediction for 653 samples...
Make prediction for 102 samples...
Make prediction for 87 samples...
EarlyStopping counter: 26 out of 30
Epoch: 122, Train Loss: 0.7127, Metric: r2, Train: 0.9160, Val: 0.6379, best Val: 0.7085, Test: 0.2828
Training on 653 samples...
Train epoch: 124 [0/653 (0%)]	Loss: 0.716853
Make prediction for 653 samples...
Make prediction for 102 samples...
Make prediction for 87 samples...
EarlyStopping counter: 27 out of 30
Epoch: 123, Train Loss: 0.7152, Metric: r2, Train: 0.8977, Val: 0.5717, best Val: 0.7085, Test: 0.2417
Training on 653 samples...
Train epoch: 125 [0/653 (0%)]	Loss: 0.725251
Make prediction for 653 samples...
Make prediction for 102 samples...
Make prediction for 87 samples...
EarlyStopping counter: 28 out of 30
Epoch: 124, Train Loss: 0.7175, Metric: r2, Train: 0.8744, Val: 0.5487, best Val: 0.7085, Test: 0.1760
Training on 653 samples...
Train epoch: 126 [0/653 (0%)]	Loss: 0.740473
Make prediction for 653 samples...
Make prediction for 102 samples...
Make prediction for 87 samples...
EarlyStopping counter: 29 out of 30
Epoch: 125, Train Loss: 0.7151, Metric: r2, Train: 0.9046, Val: 0.6676, best Val: 0.7085, Test: 0.3590
Training on 653 samples...
Train epoch: 127 [0/653 (0%)]	Loss: 0.722759
Make prediction for 653 samples...
Make prediction for 102 samples...
Make prediction for 87 samples...
EarlyStopping counter: 30 out of 30
Epoch: 126, Train Loss: 0.7249, Metric: r2, Train: 0.8572, Val: 0.6597, best Val: 0.7085, Test: 0.3252
out of patience!
******Caco2_Perimeter_2064, 5th_time_result******
train_result: 0.8588
val_result: 0.7085
test_result: 0.3657
************************************5_times_result************************************
the train result of all tasks (r2):  [0.75643458 0.82083755 0.86637223 0.86483385 0.8588157 ]
the average train result of all tasks (r2): 0.8335
the train result of all tasks (std): 0.0420
the train result of all tasks (var): 0.0018
the val result of all tasks (r2):  [0.73007312 0.72125018 0.73491698 0.74312132 0.70848296]
the average val result of all tasks (r2): 0.7276
the val result of all tasks (std): 0.0119
the val result of all tasks (var): 0.0001
the test result of all tasks (r2): [0.24629158 0.35569464 0.38392883 0.3253791  0.36573563]
the average test result of all tasks (r2): 0.3354
the test result of all tasks (std): 0.0484
the test result of all tasks (var): 0.0023
Caco2_Perimeter_2064 time used:, 0:2:24
/root/data1/miniconda3/envs/CMMSGCL/lib/python3.8/site-packages/torch_geometric/data/in_memory_dataset.py:284: UserWarning: It is not recommended to directly access the internal storage format `data` of an 'InMemoryDataset'. If you are absolutely certain what you are doing, access the internal storage via `InMemoryDataset._data` instead to suppress this warning. Alternatively, you can access stacked individual attributes of every graph via `dataset.{attr_name}`.
  warnings.warn(msg)
/root/data1/miniconda3/envs/CMMSGCL/lib/python3.8/site-packages/torch_geometric/deprecation.py:22: UserWarning: 'data.DataLoader' is deprecated, use 'loader.DataLoader' instead
  warnings.warn(out)
/root/data1/miniconda3/envs/CMMSGCL/lib/python3.8/site-packages/torch_geometric/data/in_memory_dataset.py:284: UserWarning: It is not recommended to directly access the internal storage format `data` of an 'InMemoryDataset'. If you are absolutely certain what you are doing, access the internal storage via `InMemoryDataset._data` instead to suppress this warning. Alternatively, you can access stacked individual attributes of every graph via `dataset.{attr_name}`.
  warnings.warn(msg)
/root/data1/miniconda3/envs/CMMSGCL/lib/python3.8/site-packages/torch_geometric/deprecation.py:22: UserWarning: 'data.DataLoader' is deprecated, use 'loader.DataLoader' instead
  warnings.warn(out)
/root/data1/miniconda3/envs/CMMSGCL/lib/python3.8/site-packages/torch_geometric/data/in_memory_dataset.py:284: UserWarning: It is not recommended to directly access the internal storage format `data` of an 'InMemoryDataset'. If you are absolutely certain what you are doing, access the internal storage via `InMemoryDataset._data` instead to suppress this warning. Alternatively, you can access stacked individual attributes of every graph via `dataset.{attr_name}`.
  warnings.warn(msg)
/root/data1/miniconda3/envs/CMMSGCL/lib/python3.8/site-packages/torch_geometric/deprecation.py:22: UserWarning: 'data.DataLoader' is deprecated, use 'loader.DataLoader' instead
  warnings.warn(out)
/root/data1/miniconda3/envs/CMMSGCL/lib/python3.8/site-packages/torch_geometric/data/in_memory_dataset.py:284: UserWarning: It is not recommended to directly access the internal storage format `data` of an 'InMemoryDataset'. If you are absolutely certain what you are doing, access the internal storage via `InMemoryDataset._data` instead to suppress this warning. Alternatively, you can access stacked individual attributes of every graph via `dataset.{attr_name}`.
  warnings.warn(msg)
/root/data1/miniconda3/envs/CMMSGCL/lib/python3.8/site-packages/torch_geometric/deprecation.py:22: UserWarning: 'data.DataLoader' is deprecated, use 'loader.DataLoader' instead
  warnings.warn(out)
/root/data1/miniconda3/envs/CMMSGCL/lib/python3.8/site-packages/torch_geometric/data/in_memory_dataset.py:284: UserWarning: It is not recommended to directly access the internal storage format `data` of an 'InMemoryDataset'. If you are absolutely certain what you are doing, access the internal storage via `InMemoryDataset._data` instead to suppress this warning. Alternatively, you can access stacked individual attributes of every graph via `dataset.{attr_name}`.
  warnings.warn(msg)
/root/data1/miniconda3/envs/CMMSGCL/lib/python3.8/site-packages/torch_geometric/deprecation.py:22: UserWarning: 'data.DataLoader' is deprecated, use 'loader.DataLoader' instead
  warnings.warn(out)
