nohup: ignoring input
Current seed: 2024, current split method: random, current task: constrained_logP
Result existed!
Current seed: 2024, current split method: scaffold, current task: constrained_logP
Result existed!
Current seed: 2034, current split method: random, current task: constrained_logP
Namespace(seed=2024, times=5, n_epochs=100, config='base', model_path='../models/pretrained/base/base.pth', dataset='constrained_logP', data_path='../datasets/', dataset_type='regression', use_scaler=True, metric=['r2', 'rmse', 'mae'], split='random_2034', weight_decay=0.0, dropout=0.0, lr=3e-05, n_threads=8)
args.seed: 2024
use label scaler
use label scaler
use label scaler
model have 90.143705M paramerters in total
train_dataset.mean: tensor([-2.4398]) train_dataset.std: tensor([1.9338])
1/101
train r2: 0.8406024543727589, valid r2: 0.7856131600642857, test r2: 0.8169601909075903
Training Results:
r2: 0.8406
rmse: 0.7719
mae: 0.5744
Validation Results:
r2: 0.7856
rmse: 0.8833
mae: 0.6376
Test Results:
r2: 0.8170
rmse: 0.8062
mae: 0.5783
2/101
train r2: 0.9605785246430875, valid r2: 0.9323237630089518, test r2: 0.9452075323270499
Training Results:
r2: 0.9606
rmse: 0.3841
mae: 0.2825
Validation Results:
r2: 0.9323
rmse: 0.4963
mae: 0.3469
Test Results:
r2: 0.9452
rmse: 0.4411
mae: 0.3123
3/101
train r2: 0.9788240763155398, valid r2: 0.9614349737530641, test r2: 0.9678125968096486
Training Results:
r2: 0.9788
rmse: 0.2814
mae: 0.2106
Validation Results:
r2: 0.9614
rmse: 0.3746
mae: 0.2656
Test Results:
r2: 0.9678
rmse: 0.3381
mae: 0.2511
4/101
train r2: 0.9868216754763113, valid r2: 0.9716964015957907, test r2: 0.9767183063583859
Training Results:
r2: 0.9868
rmse: 0.2220
mae: 0.1677
Validation Results:
r2: 0.9717
rmse: 0.3209
mae: 0.2340
Test Results:
r2: 0.9767
rmse: 0.2875
mae: 0.2131
5/101
train r2: 0.9932414669466085, valid r2: 0.9796001612491302, test r2: 0.9842630193684817
Training Results:
r2: 0.9932
rmse: 0.1590
mae: 0.1230
Validation Results:
r2: 0.9796
rmse: 0.2725
mae: 0.1921
Test Results:
r2: 0.9843
rmse: 0.2364
mae: 0.1735
6/101
train r2: 0.9858415501719816, valid r2: 0.9730338732931202, test r2: 0.9770435887094714
Training Results:
r2: 0.9858
rmse: 0.2302
mae: 0.1881
Validation Results:
r2: 0.9730
rmse: 0.3133
mae: 0.2341
Test Results:
r2: 0.9770
rmse: 0.2855
mae: 0.2223
7/101
train r2: 0.9918341527774923, valid r2: 0.9801368553611274, test r2: 0.9819301790564039
Training Results:
r2: 0.9918
rmse: 0.1748
mae: 0.1430
Validation Results:
r2: 0.9801
rmse: 0.2689
mae: 0.2004
Test Results:
r2: 0.9819
rmse: 0.2533
mae: 0.1952
8/101
train r2: 0.9943115141826876, valid r2: 0.9826821307704164, test r2: 0.9858870791682706
Training Results:
r2: 0.9943
rmse: 0.1459
mae: 0.1162
Validation Results:
r2: 0.9827
rmse: 0.2510
mae: 0.1786
Test Results:
r2: 0.9859
rmse: 0.2239
mae: 0.1695
9/101
train r2: 0.9925843850285526, valid r2: 0.9820068355341391, test r2: 0.983014316537128
Training Results:
r2: 0.9926
rmse: 0.1663
mae: 0.1275
Validation Results:
r2: 0.9820
rmse: 0.2559
mae: 0.1853
Test Results:
r2: 0.9830
rmse: 0.2456
mae: 0.1845
10/101
train r2: 0.9919280089880361, valid r2: 0.9826289849833987, test r2: 0.9866940473928663
Training Results:
r2: 0.9919
rmse: 0.1738
mae: 0.1316
Validation Results:
r2: 0.9826
rmse: 0.2514
mae: 0.1801
Test Results:
r2: 0.9867
rmse: 0.2174
mae: 0.1668
11/101
train r2: 0.9937247120937106, valid r2: 0.9855712318033153, test r2: 0.987468915897856
Training Results:
r2: 0.9937
rmse: 0.1532
mae: 0.1155
Validation Results:
r2: 0.9856
rmse: 0.2291
mae: 0.1645
Test Results:
r2: 0.9875
rmse: 0.2109
mae: 0.1539
12/101
train r2: 0.9956694170887999, valid r2: 0.9860084195507676, test r2: 0.9891826191724272
Training Results:
r2: 0.9957
rmse: 0.1273
mae: 0.0988
Validation Results:
r2: 0.9860
rmse: 0.2256
mae: 0.1538
Test Results:
r2: 0.9892
rmse: 0.1960
mae: 0.1445
13/101
train r2: 0.9971807064831616, valid r2: 0.988034121934077, test r2: 0.990752636572291
Training Results:
r2: 0.9972
rmse: 0.1027
mae: 0.0776
Validation Results:
r2: 0.9880
rmse: 0.2087
mae: 0.1417
Test Results:
r2: 0.9908
rmse: 0.1812
mae: 0.1291
se: 0.3train r2: 0.9977414030419054, valid r2: 0.9890376578061741, test r2: 0.9923376712948407
Training Results:
r2: 0.9977
rmse: 0.0919
mae: 0.0694
Validation Results:
r2: 0.9890
rmse: 0.1997
mae: 0.1316
Test Results:
r2: 0.9923
rmse: 0.1650
mae: 0.1186
15/101
train r2: 0.9971383783593307, valid r2: 0.9878998366010416, test r2: 0.9903607800677964
Training Results:
r2: 0.9971
rmse: 0.1035
mae: 0.0791
Validation Results:
r2: 0.9879
rmse: 0.2098
mae: 0.1362
Test Results:
r2: 0.9904
rmse: 0.1850
mae: 0.1308
16/101
train r2: 0.9964867570274233, valid r2: 0.9874299036878863, test r2: 0.990603284966586
Training Results:
r2: 0.9965
rmse: 0.1146
mae: 0.0906
Validation Results:
r2: 0.9874
rmse: 0.2139
mae: 0.1434
Test Results:
r2: 0.9906
rmse: 0.1827
mae: 0.1336
17/101
train r2: 0.9978017327406034, valid r2: 0.9888691691350181, test r2: 0.9910638112704893
Training Results:
r2: 0.9978
rmse: 0.0907
mae: 0.0677
Validation Results:
r2: 0.9889
rmse: 0.2013
mae: 0.1287
Test Results:
r2: 0.9911
rmse: 0.1781
mae: 0.1226
18/101
train r2: 0.9964252115092405, valid r2: 0.9886859686094064, test r2: 0.9902133752581167
Training Results:
r2: 0.9964
rmse: 0.1156
mae: 0.0888
Validation Results:
r2: 0.9887
rmse: 0.2029
mae: 0.1394
Test Results:
r2: 0.9902
rmse: 0.1864
mae: 0.1316
19/101
train r2: 0.9937582092964206, valid r2: 0.9855993619715582, test r2: 0.9872006795536253
Training Results:
r2: 0.9938
rmse: 0.1528
mae: 0.1026
Validation Results:
r2: 0.9856
rmse: 0.2289
mae: 0.1516
Test Results:
r2: 0.9872
rmse: 0.2132
mae: 0.1463
20/101
train r2: 0.9971561976894258, valid r2: 0.9890816729774193, test r2: 0.9913267670328041
Training Results:
r2: 0.9972
rmse: 0.1031
mae: 0.0753
Validation Results:
r2: 0.9891
rmse: 0.1993
mae: 0.1275
Test Results:
r2: 0.9913
rmse: 0.1755
mae: 0.1186
21/101
train r2: 0.9961187713021493, valid r2: 0.9886578393177131, test r2: 0.9900075740246265
Training Results:
r2: 0.9961
rmse: 0.1205
mae: 0.0963
Validation Results:
r2: 0.9887
rmse: 0.2032
mae: 0.1413
Test Results:
r2: 0.9900
rmse: 0.1884
mae: 0.1371
22/101
train r2: 0.9975909694699824, valid r2: 0.9898396317424777, test r2: 0.9922824783740632
Training Results:
r2: 0.9976
rmse: 0.0950
mae: 0.0741
Validation Results:
r2: 0.9898
rmse: 0.1923
mae: 0.1219
Test Results:
r2: 0.9923
rmse: 0.1655
mae: 0.1170
23/101
train r2: 0.9972892418018584, valid r2: 0.9896410054897365, test r2: 0.9917234360464823
Training Results:
r2: 0.9973
rmse: 0.1007
mae: 0.0769
Validation Results:
r2: 0.9896
rmse: 0.1942
mae: 0.1286
Test Results:
r2: 0.9917
rmse: 0.1714
mae: 0.1257
24/101
train r2: 0.9948974451103775, valid r2: 0.9887451778271853, test r2: 0.9893889676882126
Training Results:
r2: 0.9949
rmse: 0.1382
mae: 0.1079
Validation Results:
r2: 0.9887
rmse: 0.2024
mae: 0.1430
Test Results:
r2: 0.9894
rmse: 0.1941
mae: 0.1413
25/101
train r2: 0.9978347824461066, valid r2: 0.9901593055643263, test r2: 0.9927844362113741
Training Results:
r2: 0.9978
rmse: 0.0899
mae: 0.0680
Validation Results:
r2: 0.9902
rmse: 0.1892
mae: 0.1206
Test Results:
r2: 0.9928
rmse: 0.1601
mae: 0.1084
26/101
train r2: 0.9971870275841154, valid r2: 0.9892175218938352, test r2: 0.9909018364149571
Training Results:
r2: 0.9972
rmse: 0.1026
mae: 0.0797
Validation Results:
r2: 0.9892
rmse: 0.1981
mae: 0.1247
Test Results:
r2: 0.9909
rmse: 0.1797
mae: 0.1235
27/101
train r2: 0.9960953069892482, valid r2: 0.9902451867609036, test r2: 0.9914278367843389
Training Results:
r2: 0.9961
rmse: 0.1209
mae: 0.0917
Validation Results:
r2: 0.9902
rmse: 0.1884
mae: 0.1288
Test Results:
r2: 0.9914
rmse: 0.1745
mae: 0.1231
28/101
train r2: 0.9959463983015032, valid r2: 0.9884187501181543, test r2: 0.9907674085503384
Training Results:
r2: 0.9959
rmse: 0.1232
mae: 0.1009
Validation Results:
r2: 0.9884
rmse: 0.2053
mae: 0.1425
Test Results:
r2: 0.9908
rmse: 0.1811
mae: 0.1340
29/101
train r2: 0.996360003341898, valid r2: 0.9879585465389579, test r2: 0.99089144486879
Training Results:
r2: 0.9964
rmse: 0.1167
mae: 0.0850
Validation Results:
r2: 0.9880
rmse: 0.2093
mae: 0.1308
Test Results:
r2: 0.9909
rmse: 0.1798
mae: 0.1214
30/101
train r2: 0.9Results:
r2: 0.9887
rmse: 0.2029
mae: 0.1394
Test Results:
r2: 0.9902
rmse: 0.1864
mae: 0.1316
19/101
train r2: 0.9937583248032232, valid r2: 0.9855994937836271, test r2: 0.9872008457453064
Training Results:
r2: 0.9938
rmse: 0.1528
mae: 0.1026
Validation Results:
r2: 0.9856
rmse: 0.2289
mae: 0.1516
Test Results:
r2: 0.9872
rmse: 0.2132
mae: 0.1463
20/101
train r2: 0.9971562018010413, valid r2: 0.9890817264153023, test r2: 0.9913267828021388
Training Results:
r2: 0.9972
rmse: 0.1031
mae: 0.0753
Validation Results:
r2: 0.9891
rmse: 0.1993
mae: 0.1275
Test Results:
r2: 0.9913
rmse: 0.1755
mae: 0.1186
21/101
train r2: 0.9961189158001371, valid r2: 0.9886580377091851, test r2: 0.990007808574235
Training Results:
r2: 0.9961
rmse: 0.1205
mae: 0.0963
Validation Results:
r2: 0.9887
rmse: 0.2032
mae: 0.1413
Test Results:
r2: 0.9900
rmse: 0.1884
mae: 0.1371
22/101
train r2: 0.9975909380901735, valid r2: 0.9898396490590338, test r2: 0.992282522461253
Training Results:
r2: 0.9976
rmse: 0.0950
mae: 0.0741
Validation Results:
r2: 0.9898
rmse: 0.1923
mae: 0.1219
Test Results:
r2: 0.9923
rmse: 0.1655
mae: 0.1170
23/101
train r2: 0.9972891435789603, valid r2: 0.9896408441838735, test r2: 0.991723292442984
Training Results:
r2: 0.9973
rmse: 0.1007
mae: 0.0769
Validation Results:
r2: 0.9896
rmse: 0.1942
mae: 0.1286
Test Results:
r2: 0.9917
rmse: 0.1714
mae: 0.1257
24/101
train r2: 0.9948972249405305, valid r2: 0.9887449303395853, test r2: 0.9893887177608038
Training Results:
r2: 0.9949
rmse: 0.1382
mae: 0.1079
Validation Results:
r2: 0.9887
rmse: 0.2024
mae: 0.1430
Test Results:
r2: 0.9894
rmse: 0.1941
mae: 0.1413
25/101
train r2: 0.9978348791193324, valid r2: 0.9901594109241869, test r2: 0.992784616644716
Training Results:
r2: 0.9978
rmse: 0.0899
mae: 0.0680
Validation Results:
r2: 0.9902
rmse: 0.1892
mae: 0.1206
Test Results:
r2: 0.9928
rmse: 0.1601
mae: 0.1084
26/101
train r2: 0.9971867644839137, valid r2: 0.9892173410104531, test r2: 0.9909014495443621
Training Results:
r2: 0.9972
rmse: 0.1026
mae: 0.0797
Validation Results:
r2: 0.9892
rmse: 0.1981
mae: 0.1247
Test Results:
r2: 0.9909
rmse: 0.1797
mae: 0.1235
27/101
train r2: 0.9960953417245669, valid r2: 0.9902451760454473, test r2: 0.991427887225055
Training Results:
r2: 0.9961
rmse: 0.1209
mae: 0.0917
Validation Results:
r2: 0.9902
rmse: 0.1884
mae: 0.1288
Test Results:
r2: 0.9914
rmse: 0.1745
mae: 0.1231
28/101
train r2: 0.9959468061183477, valid r2: 0.9884190976334402, test r2: 0.9907677785449877
Training Results:
r2: 0.9959
rmse: 0.1232
mae: 0.1009
Validation Results:
r2: 0.9884
rmse: 0.2053
mae: 0.1425
Test Results:
r2: 0.9908
rmse: 0.1811
mae: 0.1340
29/101
train r2: 0.9963604606202157, valid r2: 0.9879591540611485, test r2: 0.9908919161031462
Training Results:
r2: 0.9964
rmse: 0.1167
mae: 0.0850
Validation Results:
r2: 0.9880
rmse: 0.2093
mae: 0.1308
Test Results:
r2: 0.9909
rmse: 0.1798
mae: 0.1214
30/101
train r2: 0.9988078249362442, valid r2: 0.9927889089982062, test r2: 0.9941229102328312
Training Results:
r2: 0.9988
rmse: 0.0668
mae: 0.0494
Validation Results:
r2: 0.9928
rmse: 0.1620
mae: 0.1006
Test Results:
r2: 0.9941
rmse: 0.1445
mae: 0.0944
31/101
train r2: 0.998766873228603, valid r2: 0.9916923112405094, test r2: 0.9941733861207791
Training Results:
r2: 0.9988
rmse: 0.0679
mae: 0.0509
train r2: 0.9985328626973842, valid r2: 0.9923580973621511, test r2: 0.9946429123168569
Training Results:
r2: 0.9985
rmse: 0.0741
mae: 0.0567
Validation Results:
r2: 0.9924
rmse: 0.1668
mae: 0.1060
Test Results:
r2: 0.9946
rmse: 0.1379
mae: 0.0934
44/101
train r2: 0.9993438736774937, valid r2: 0.9934318008119278, test r2: 0.9950976304071576
Training Results:
r2: 0.9993
rmse: 0.0496
mae: 0.0378
Validation Results:
r2: 0.9934
rmse: 0.1546
mae: 0.0921
Test Results:
r2: 0.9951
rmse: 0.1319
mae: 0.0844
45/101
train r2: 0.9977200803405873, valid r2: 0.9915455740621547, test r2: 0.9930282213599378
Training Results:
r2: 0.9977
rmse: 0.0923
mae: 0.0755
Validation Results:
r2: 0.9915
rmse: 0.1754
mae: 0.1175
Test Results:
r2: 0.9930
rmse: 0.1573
mae: 0.1150
46/101
train r2: 0.9989876455777646, vale: 0.1717
mae: 0.1010
Test Results:
r2: 0.9940
rmse: 0.1456
mae: 0.0913
35/101
train r2: 0.9983091292899399, valid r2: 0.9913531318755198, test r2: 0.9933083852441945
Training Results:
r2: 0.9983
rmse: 0.0795
mae: 0.0567
Validation Results:
r2: 0.9914
rmse: 0.1774
mae: 0.1072
Test Results:
r2: 0.9933
rmse: 0.1542
mae: 0.1001
36/101
train r2: 0.9988277201431692, valid r2: 0.9917779457301059, test r2: 0.9938351895064201
Training Results:
r2: 0.9988
rmse: 0.0662
mae: 0.0466
Validation Results:
r2: 0.9918
rmse: 0.1730
mae: 0.1033
Test Results:
r2: 0.9938
rmse: 0.1480
mae: 0.0945
37/101
train r2: 0.9989002458774343, valid r2: 0.9922515835576546, test r2: 0.9943617843515802
Training Results:
r2: 0.9989
rmse: 0.0641
mae: 0.0473
Validation Results:
r2: 0.9923
rmse: 0.1679
mae: 0.1056
Test Results:
r2: 0.9944
rmse: 0.1415
mae: 0.0943
38/101
train r2: 0.9987637599295381, valid r2: 0.9920635236573161, test r2: 0.9937895772606793
Training Results:
r2: 0.9988
rmse: 0.0680
mae: 0.0517
Validation Results:
r2: 0.9921
rmse: 0.1699
mae: 0.1034
Test Results:
r2: 0.9938
rmse: 0.1485
mae: 0.0962
39/101
train r2: 0.9991534426244799, valid r2: 0.9923545349227062, test r2: 0.9947203155695518
Training Results:
r2: 0.9992
rmse: 0.0562
mae: 0.0422
Validation Results:
r2: 0.9924
rmse: 0.1668
mae: 0.0981
Test Results:
r2: 0.9947
rmse: 0.1369
mae: 0.0886
40/101
train r2: 0.9991858621220089, valid r2: 0.993304798749049, test r2: 0.994752432113599
Training Results:
r2: 0.9992
rmse: 0.0552
mae: 0.0398
Validation Results:
r2: 0.9933
rmse: 0.1561
mae: 0.0953
Test Results:
r2: 0.9948
rmse: 0.1365
mae: 0.0878
41/101
train r2: 0.9991199319637923, valid r2: 0.9930833457889293, test r2: 0.9946761165431277
Training Results:
r2: 0.9991
rmse: 0.0574
mae: 0.0425
Validation Results:
r2: 0.9931
rmse: 0.1587
mae: 0.0970
Test Results:
r2: 0.9947
rmse: 0.1375
mae: 0.0902
42/101
train r2: 0.9991910134536551, valid r2: 0.9925109274457132, test r2: 0.994444955128055
Training Results:
r2: 0.9992
rmse: 0.0550
mae: 0.0414
Validation Results:
r2: 0.9925
rmse: 0.1651
mae: 0.0981
Test Results:
r2: 0.9944
rmse: 0.1405
mae: 0.0882
43/101
train r2: 0.9985319606851062, valid r2: 0.9923571616153721, test r2: 0.9946421567192004
Training Results:
r2: 0.9985
rmse: 0.0741
mae: 0.0567
Validation Results:
r2: 0.9924
rmse: 0.1668
mae: 0.1061
Test Results:
r2: 0.9946
rmse: 0.1379
mae: 0.0934
44/101
train r2: 0.9993438598546085, valid r2: 0.9934315864563726, test r2: 0.9950975022922395
Training Results:
r2: 0.9993
rmse: 0.0496
mae: 0.0378
Validation Results:
r2: 0.9934
rmse: 0.1546
mae: 0.0921
Test Results:
r2: 0.9951
rmse: 0.1319
mae: 0.0844
45/101
train r2: 0.9977202467375557, valid r2: 0.9915454541929193, test r2: 0.9930283755697406
Training Results:
r2: 0.9977
rmse: 0.0923
mae: 0.0755
Validation Results:
r2: 0.9915
rmse: 0.1754
mae: 0.1175
Test Results:
r2: 0.9930
rmse: 0.1573
mae: 0.1150
46/101
train r2: 0.9989878108782378, valid r2: 0.9935120641455835, test r2: 0.9950131045475411
Training Results:
r2: 0.9990
rmse: 0.0616
mae: 0.0491
Validation Results:
r2: 0.9935
rmse: 0.1537
mae: 0.0990
Test Results:
r2: 0.9950
rmse: 0.1331
mae: 0.0904
47/101
train r2: 0.9992674083604481, valid r2: 0.9930687658020958, test r2: 0.9946129048759322
Training Results:
r2: 0.9993
rmse: 0.0523
mae: 0.0406
Validation Results:
r2: 0.9931
rmse: 0.1588
mae: 0.0969
Test Results:
r2: 0.9946
rmse: 0.1383
mae: 0.0917
48/101
train r2: 0.9993927917453671, valid r2: 0.9933453810226746, test r2: 0.9951222116604853
Training Results:
r2: 0.9994
rmse: 0.0477
mae: 0.0365
Validation Results:
r2: 0.9933
rmse: 0.1556
mae: 0.0926
Test Results:
r2: 0.9951
rmse: 0.1316
mae: 0.0833
49/101
train r2: 0.9992256287215515, valid r2: 0.992549144370126, test r2: 0.9944036439593971
Training Results:
r2: 0.9992
rmse: 0.0538
mae: 0.0401
Validation Results:
r2: 0.9925
rmse: 0.1647
mae: 0.0972
Test Results:
r2: 0.9944
rmse: 0.1410
mae: 0.0891
50/101
train r2: 0.9991909916162046, valid r2: 0.9930494313351236, test r2: 0.9946477668247207
Training Results:
r2: 0.9992
rmse: 0.0550
mae: 0.0432
Validation Results:
r2: 0.9930
rmse: 0.1590
mae: 0.09683, test r2: 0.9948973913267509
Training Results:
r2: 0.9996
rmse: 0.0390
mae: 0.0299
Validation Results:
r2: 0.9936
rmse: 0.1531
mae: 0.0875
Test Results:
r2: 0.9949
rmse: 0.1346
mae: 0.0817
63/101
train r2: 0.9996133186842099, valid r2: 0.993679002808276, test r2: 0.9953620543149481
Training Results:
r2: 0.9996
rmse: 0.0380
mae: 0.0280
Validation Results:
r2: 0.9937
rmse: 0.1517
mae: 0.0878
Test Results:
r2: 0.9954
rmse: 0.1283
mae: 0.0785
64/101
train r2: 0.9995036108386125, valid r2: 0.994064232480214, test r2: 0.9954940114455011
Training Results:
r2: 0.9995
rmse: 0.0431
mae: 0.0312
Validation Results:
r2: 0.9941
rmse: 0.1470
mae: 0.0888
Test Results:
r2: 0.9955
rmse: 0.1265
mae: 0.0806
65/101
train r2: 0.9993601681986823, valid r2: 0.9932710605189061, test r2: 0.9948189205973964
Training Results:
r2: 0.9994
rmse: 0.0489
mae: 0.0381
Validation Results:
r2: 0.9933
rmse: 0.1565
mae: 0.0925
Test Results:
r2: 0.9948
rmse: 0.1356
mae: 0.0859
66/101
train r2: 0.999523202191194, valid r2: 0.9939999089546406, test r2: 0.9953742874492156
Training Results:
r2: 0.9995
rmse: 0.0422
mae: 0.0327
Validation Results:
r2: 0.9940
rmse: 0.1478
mae: 0.0879
Test Results:
r2: 0.9954
rmse: 0.1282
mae: 0.0817
67/101
train r2: 0.9997310573056541, valid r2: 0.9940633123601487, test r2: 0.9955406236524525
Training Results:
r2: 0.9997
rmse: 0.0317
mae: 0.0244
Validation Results:
r2: 0.9941
rmse: 0.1470
mae: 0.0851
Test Results:
r2: 0.9955
rmse: 0.1258
mae: 0.0773
68/101
train r2: 0.9998087925479836, valid r2: 0.9939514955406091, test r2: 0.9954451581886532
Training Results:
r2: 0.9998
rmse: 0.0267
mae: 0.0201
Validation Results:
r2: 0.9940
rmse: 0.1484
mae: 0.0849
Test Results:
r2: 0.9954
rmse: 0.1272
mae: 0.0784
69/101
train r2: 0.9998719364606005, valid r2: 0.9938273059178324, test r2: 0.995252091684766
Training Results:
r2: 0.9999
rmse: 0.0219
mae: 0.0162
Validation Results:
r2: 0.9938
rmse: 0.1499
mae: 0.0845
Test Results:
r2: 0.9953
rmse: 0.1298
mae: 0.0777
70/101
train r2: 0.999861239928931, valid r2: 0.9939089583746293, test r2: 0.9952467121727536
Training Results:
r2: 0.9999
rmse: 0.0228
mae: 0.0174
Validation Results:
r2: 0.9939
rmse: 0.1489
mae: 0.0834
Test Results:
r2: 0.9952
rmse: 0.1299
mae: 0.0772
71/101
train r2: 0.9998688126682194, valid r2: 0.9939270820942009, test r2: 0.9952496431360701
Training Results:
r2: 0.9999
rmse: 0.0222
mae: 0.0166
Validation Results:
r2: 0.9939
rmse: 0.1487
mae: 0.0830
Test Results:
r2: 0.9952
rmse: 0.1299
mae: 0.0772
72/101
train r2: 0.9998350113368307, valid r2: 0.993773267801479, test r2: 0.9953199771649429
Training Results:
r2: 0.9998
rmse: 0.0248
mae: 0.0189
Validation Results:
r2: 0.9938
rmse: 0.1505
mae: 0.0839
Test Results:
r2: 0.9953
rmse: 0.1289
mae: 0.0781
73/101
train r2: 0.9998843663099991, valid r2: 0.994053506490158, test r2: 0.9954121304861697
Training Results:
r2: 0.9999
rmse: 0.0208
mae: 0.0157
Validation Results:
r2: 0.9941
rmse: 0.1471
mae: 0.0831
Test Results:
r2: 0.9954
rmse: 0.1276
mae: 0.0764
74/101
train r2: 0.9998172034391124, valid r2: 0.9936243609127238, test r2: 0.995189921340125
Training Results:
r2: 0.9998
rmse: 0.0261
mae: 0.0186
Validation Results:
r2: 0.9936
rmse: 0.1523
mae: 0.0853
Test Results:
r2: 0.9952
rmse: 0.1307
mae: 0.0784
75/101
train r2: 0.9998967593270106, valid r2: 0.9940576329805436, test r2: 0.9953430537605346
Training Results:
r2: 0.9999
rmse: 0.0197
mae: 0.0146
Validation Results:
r2: 0.9941
rmse: 0.1471
mae: 0.0830
Test Results:
r2: 0.9953
rmse: 0.1286
mae: 0.0775
76/101
train r2: 0.9998874658480373, valid r2: 0.9940104697671237, test r2: 0.9951459013940342
Training Results:
r2: 0.9999
rmse: 0.0205
mae: 0.0152
Validation Results:
r2: 0.9940
rmse: 0.1476
mae: 0.0822
Test Results:
r2: 0.9951
rmse: 0.1313
mae: 0.0771
77/101
train r2: 0.9999103204021164, valid r2: 0.9940980263837095, test r2: 0.9955401098574072
Training Results:
r2: 0.9999
rmse: 0.0183
mae: 0.0136
Validation Results:
r2: 0.9941
rmse: 0.1466
mae: 0.0836
Test Results:
r2: 0.9955
rmse: 0.1258
mae: 0.0765
break!
train: 0.9996, val: 0.9941, test: 0.9956
end_test_result: (0.9955917039156301, 0.1251169741153717, 0.07867058366537094)
args.seed: 2034
use label scaler
use label scaler
use label scaler
model have 90.143705M paramerters in total
train_dataset.mean: tensor([-2.4398]) train_dataset.std: tensor([1.9338])
1/101
train r2: 0.8338667898200576, valid r2: 0.7854330577105408, test r2: 0.8057440549731631
Training Results:
r2: 0.8339
rmse: 0.7882
mae: 0.5898
Validation Results:
r2: 0.7854
rmse: 0.8836
mae: 0.6564
Test Results:
r2: 0.8057
rmse: 0.8306
mae: 0.5837
2/101
train r2: 0.9573861506330894, valid r2: 0.9290720732185493, test r2: 0.9369470140829572
Training Results:
r2: 0.9574
rmse: 0.3993
mae: 0.2921
Validation Results:
r2: 0.9291
rmse: 0.5080
mae: 0.3526
Test Results:
r2: 0.9369
rmse: 0.4732
mae: 0.3270
3/101
train r2: 0.9818263140766696, valid r2: 0.966200801989297, test r2: 0.9714360157631399
Training Results:
r2: 0.9818
rmse: 0.2605
mae: 0.1925
Validation Results:
r2: 0.9662
rmse: 0.3507
mae: 0.2507
Test Results:
r2: 0.9714
rmse: 0.3185
mae: 0.2283
4/101
train r2: 0.9838799395902386, valid r2: 0.9695783450587332, test r2: 0.9759045500547509
Training Results:
r2: 0.9839
rmse: 0.2456
mae: 0.1912
Validation Results:
r2: 0.9696
rmse: 0.3327
mae: 0.2452
Test Results:
r2: 0.9759
rmse: 0.2925
mae: 0.2204
5/101
train r2: 0.9854950969223266, valid r2: 0.9744345790911767, test r2: 0.9751313183538071
Training Results:
r2: 0.9855
rmse: 0.2329
mae: 0.1948
Validation Results:
r2: 0.9744
rmse: 0.3050
mae: 0.2345
Test Results:
r2: 0.9751
rmse: 0.2972
mae: 0.2342
6/101
train r2: 0.9948026403335002, valid r2: 0.9838386415579481, test r2: 0.985469889246046
Training Results:
r2: 0.9948
rmse: 0.1395
mae: 0.1078
Validation Results:
r2: 0.9838
rmse: 0.2425
mae: 0.1725
Test Results:
r2: 0.9855
rmse: 0.2272
mae: 0.1644
7/101
train r2: 0.9941143614583845, valid r2: 0.9811192440589597, test r2: 0.9837856161638567
Training Results:
r2: 0.9941
rmse: 0.1483
mae: 0.1154
Validation Results:
r2: 0.9811
rmse: 0.2621
mae: 0.1802
Test Results:
r2: 0.9838
rmse: 0.2400
mae: 0.1719
8/101
train r2: 0.9954233835209171, valid r2: 0.9846037491154702, test r2: 0.9865415012799248
Training Results:
r2: 0.9954
rmse: 0.1308
mae: 0.1036
Validation Results:
r2: 0.9846
rmse: 0.2367
mae: 0.1683
Test Results:
r2: 0.9865
rmse: 0.2186
mae: 0.1640
9/101
train r2: 0.9853520865475625, valid r2: 0.9722693360466517, test r2: 0.9764379074280161
Training Results:
r2: 0.9854
rmse: 0.2341
mae: 0.1950
Validation Results:
r2: 0.9723
rmse: 0.3177
mae: 0.2404
Test Results:
r2: 0.9764
rmse: 0.2893
mae: 0.2243
10/101
train r2: 0.9920617957281823, valid r2: 0.9833641604633616, test r2: 0.9846885395083791
Training Results:
r2: 0.9921
rmse: 0.1723
mae: 0.1323
Validation Results:
r2: 0.9834
rmse: 0.2460
mae: 0.1793
Test Results:
r2: 0.9847
rmse: 0.2332
mae: 0.1763
11/101
train r2: 0.9948886900205316, valid r2: 0.9861385317184188, test r2: 0.9882371122155575
Training Results:
r2: 0.9949
rmse: 0.1382
mae: 0.1031
Validation Results:
r2: 0.9861
rmse: 0.2246
mae: 0.1567
Test Results:
r2: 0.9882
rmse: 0.2044
mae: 0.1476
12/101
train r2: 0.9961446199616618, valid r2: 0.9881459660874272, test r2: 0.9897007664713859
Training Results:
r2: 0.9961
rmse: 0.1201
mae: 0.0901
Validation Results:
r2: 0.9881
rmse: 0.2077
mae: 0.1401
Test Results:
r2: 0.9897
rmse: 0.1912
mae: 0.1364
13/101
train r2: 0.9941084659025199, valid r2: 0.9864332862150053, test r2: 0.988641670417783
Training Results:
r2: 0.9941
rmse: 0.1484
mae: 0.1181
Validation Results:
r2: 0.9864
rmse: 0.2222
mae: 0.1607
Test Results:
r2: 0.9886
rmse: 0.2008
mae: 0.1496
14/101
train r2: 0.9979169373342446, valid r2: 0.9896282289606438, test r2: 0.9926023040340795
Training Results:
r2: 0.9979
rmse: 0.0883
mae: 0.0679
Validation Results:
r2: 0.9896
rmse: 0.1943
mae: 0.1293
Test Results:
r2: 0.9926
rmse: 0.1621
mae: 0.1141
15/101
train r2: 0.9973559625226756, valid r2: 0.9886834171972383, test r2: 0.9904311657005453
Training Results:
r2: 0.9974
rmse: 0.0995
mae: 0.0744
Validation Results:
r2: 0.9887
rmse: 0.2029
mae: 0.1295
Test Results:
r2: 0.9904
rmse: 0.1843
mae: 0.1230
16/101
train r2: 0.9962104147929278, valid r2: 0.9881707260351692, test r2: 0.9895921885188216
Training Results:
r2: 0.9962
rmse: 0.1190
mae: 0.0922
Validation Results:
r2: 0.9882
rmse: 0.2075
mae: 0.1437
Test Results:
r2: 0.9896
rmse: 0.1922
mae: 0.1361
17/101
train r2: 0.9978862002258784, valid r2: 0.990301980532432, test r2: 0.9919307076528726
Training Results:
r2: 0.9979
rmse: 0.0889
mae: 0.0653
Validation Results:
r2: 0.9903
rmse: 0.1879
mae: 0.1181
Test Results:
r2: 0.9919
rmse: 0.1693
mae: 0.1150
18/101
train r2: 0.9971428429041749, valid r2: 0.9897518069452768, test r2: 0.9920077357497007
Training Results:
r2: 0.9971
rmse: 0.1034
mae: 0.0780
Validation Results:
r2: 0.9898
rmse: 0.1931
mae: 0.1292
Test Results:
r2: 0.9920
rmse: 0.1685
mae: 0.1172
19/101
train r2: 0.9959474105108844, valid r2: 0.9871434389798593, test r2: 0.989847391682138
Training Results:
r2: 0.9959
rmse: 0.1231
mae: 0.0952
Validation Results:
r2: 0.9871
rmse: 0.2163
mae: 0.1400
Test Results:
r2: 0.9898
rmse: 0.1899
mae: 0.1294
20/101
train r2: 0.9953545032087943, valid r2: 0.9883185026043557, test r2: 0.9886177886439809
Training Results:
r2: 0.9954
rmse: 0.1318
mae: 0.0992
Validation Results:
r2: 0.9883
rmse: 0.2062
mae: 0.1394
Test Results:
r2: 0.9886
rmse: 0.2010
mae: 0.1339
21/101
train r2: 0.9963020626702169, valid r2: 0.988866255846446, test r2: 0.9921386047814783
Training Results:
r2: 0.9963
rmse: 0.1176
mae: 0.0903
Validation Results:
r2: 0.9889
rmse: 0.2013
mae: 0.1365
Test Results:
r2: 0.9921
rmse: 0.1671
mae: 0.1201
22/101
train r2: 0.9978239753907299, valid r2: 0.9901763953802903, test r2: 0.9927812449842428
Training Results:
r2: 0.9978
rmse: 0.0902
mae: 0.0658
Validation Results:
r2: 0.9902
rmse: 0.1891
mae: 0.1168
Test Results:
r2: 0.9928
rmse: 0.1601
mae: 0.1065
23/101
train r2: 0.9974585437612141, valid r2: 0.9910005792904882, test r2: 0.9929691714502409
Training Results:
r2: 0.9975
rmse: 0.0975
mae: 0.0770
Validation Results:
r2: 0.9910
rmse: 0.1810
mae: 0.1229
Test Results:
r2: 0.9930
rmse: 0.1580
mae: 0.1128
24/101
train r2: 0.9969270478482901, valid r2: 0.9908662322484378, test r2: 0.9924823116544945
Training Results:
r2: 0.9969
rmse: 0.1072
mae: 0.0864
Validation Results:
r2: 0.9909
rmse: 0.1823
mae: 0.1266
Test Results:
r2: 0.9925
rmse: 0.1634
mae: 0.1217
25/101
train r2: 0.9981297309596552, valid r2: 0.9909091442980238, test r2: 0.9921866664424116
Training Results:
r2: 0.9981
rmse: 0.0837
mae: 0.0630
Validation Results:
r2: 0.9909
rmse: 0.1819
mae: 0.1152
Test Results:
r2: 0.9922
rmse: 0.1666
mae: 0.1108
26/101
train r2: 0.9977316750342139, valid r2: 0.9910083890778811, test r2: 0.9925115004595745
Training Results:
r2: 0.9977
rmse: 0.0921
mae: 0.0709
Validation Results:
r2: 0.9910
rmse: 0.1809
mae: 0.1168
Test Results:
r2: 0.9925
rmse: 0.1631
mae: 0.1109
27/101
train r2: 0.9980372541483346, valid r2: 0.9911137854601869, test r2: 0.9928722348459259
Training Results:
r2: 0.9980
rmse: 0.0857
mae: 0.0630
Validation Results:
r2: 0.9911
rmse: 0.1798
mae: 0.1119
Test Results:
r2: 0.9929
rmse: 0.1591
mae: 0.1056
28/101
train r2: 0.9973669771903406, valid r2: 0.9903650639817302, test r2: 0.9931553848778469
Training Results:
r2: 0.9974
rmse: 0.0992
mae: 0.0742
Validation Results:
r2: 0.9904
rmse: 0.1872
mae: 0.1188
Test Results:
r2: 0.9932
rmse: 0.1559
mae: 0.1059
29/101
train r2: 0.9981493503238944, valid r2: 0.9912188297269763, test r2: 0.9930358462315623
Training Results:
r2: 0.9981
rmse: 0.0832
mae: 0.0624
Validation Results:
r2: 0.9912
rmse: 0.1788
mae: 0.1116
Test Results:
r2: 0.9930
rmse: 0.1573
mae: 0.1062
30/101
train r2: 0.99490002691728, valid r2: 0.9872858412102576, test r2: 0.9901619389573042
Training Results:
r2: 0.9949
rmse: 0.1380
mae: 0.1141
Validation Results:
r2: 0.9873
rmse: 0.2151
mae: 0.1488
Test Results:
r2: 0.9902
rmse: 0.1869
mae: 0.1371
31/101
train r2: 0.9977799194878796, valid r2: 0.9911272841901182, test r2: 0.9929558447611425
Training Results:
r2: 0.9978
rmse: 0.0911
mae: 0.0715
Validation Results:
r2: 0.9911
rmse: 0.1797
mae: 0.1178
Test Results:
r2: 0.9930
rmse: 0.1582
mae: 0.1094
32/101
train r2: 0.998507119186152, valid r2: 0.9918731682899432, test r2: 0.9933978137099393
Training Results:
r2: 0.9985
rmse: 0.0747
mae: 0.0548
Validation Results:
r2: 0.9919
rmse: 0.1720
mae: 0.1044
Test Results:
r2: 0.9934
rmse: 0.1531
mae: 0.1001
33/101
train r2: 0.9981002879599227, valid r2: 0.9909979422261479, test r2: 0.9931206666264858
Training Results:
r2: 0.9981
rmse: 0.0843
mae: 0.0672
Validation Results:
r2: 0.9910
rmse: 0.1810
mae: 0.1134
Test Results:
r2: 0.9931
rmse: 0.1563
mae: 0.1056
34/101
train r2: 0.9988110492460509, valid r2: 0.9927497900887773, test r2: 0.9940537075854563
Training Results:
r2: 0.9988
rmse: 0.0667
mae: 0.0512
Validation Results:
r2: 0.9927
rmse: 0.1624
mae: 0.0985
Test Results:
r2: 0.9941
rmse: 0.1453
mae: 0.0957
35/101
train r2: 0.9989272470079479, valid r2: 0.9926938083777456, test r2: 0.9945384094885883
Training Results:
r2: 0.9989
rmse: 0.0634
mae: 0.0475
Validation Results:
r2: 0.9927
rmse: 0.1631
mae: 0.1011
Test Results:
r2: 0.9945
rmse: 0.1393
mae: 0.0913
36/101
train r2: 0.9988952372613293, valid r2: 0.99264307498072, test r2: 0.9943937567585336
Training Results:
r2: 0.9989
rmse: 0.0643
mae: 0.0489
Validation Results:
r2: 0.9926
rmse: 0.1636
mae: 0.0979
Test Results:
r2: 0.9944
rmse: 0.1411
mae: 0.0933
37/101
train r2: 0.9989949396356064, valid r2: 0.992616845632198, test r2: 0.9945114420082474
Training Results:
r2: 0.9990
rmse: 0.0613
mae: 0.0465
Validation Results:
r2: 0.9926
rmse: 0.1639
mae: 0.1002
Test Results:
r2: 0.9945
rmse: 0.1396
mae: 0.0902
38/101
train r2: 0.9983365050818604, valid r2: 0.9931531919769959, test r2: 0.9943145851682951
Training Results:
r2: 0.9983
rmse: 0.0789
mae: 0.0561
Validation Results:
r2: 0.9932
rmse: 0.1578
mae: 0.0995
Test Results:
r2: 0.9943
rmse: 0.1421
mae: 0.0938
39/101
train r2: 0.9987316620501786, valid r2: 0.9922479981283915, test r2: 0.9944740839736868
Training Results:
r2: 0.9987
rmse: 0.0689
mae: 0.0525
Validation Results:
r2: 0.9922
rmse: 0.1680
mae: 0.1016
Test Results:
r2: 0.9945
rmse: 0.1401
mae: 0.0926
40/101
train r2: 0.9988431509779999, valid r2: 0.9930712770782526, test r2: 0.9945008963613687
Training Results:
r2: 0.9988
rmse: 0.0658
mae: 0.0505
Validation Results:
r2: 0.9931
rmse: 0.1588
mae: 0.0989
Test Results:
r2: 0.9945
rmse: 0.1397
mae: 0.0944
41/101
train r2: 0.998996510663343, valid r2: 0.9930179518330948, test r2: 0.9945288160289792
Training Results:
r2: 0.9990
rmse: 0.0613
mae: 0.0465
Validation Results:
r2: 0.9930
rmse: 0.1594
mae: 0.0959
Test Results:
r2: 0.9945
rmse: 0.1394
mae: 0.0899
42/101
train r2: 0.9986940775453271, valid r2: 0.9923032406363628, test r2: 0.9940414689618791
Training Results:
r2: 0.9987
rmse: 0.0699
mae: 0.0551
Validation Results:
r2: 0.9923
rmse: 0.1674
mae: 0.1026
Test Results:
r2: 0.9940
rmse: 0.1455
mae: 0.0952
43/101
train r2: 0.9992382256053713, valid r2: 0.9933600112369929, test r2: 0.9948667043142871
Training Results:
r2: 0.9992
rmse: 0.0534
mae: 0.0404
Validation Results:
r2: 0.9934
rmse: 0.1554
mae: 0.0927
Test Results:
r2: 0.9949
rmse: 0.1350
mae: 0.0848
44/101
train r2: 0.9990912090553877, valid r2: 0.9938175369067643, test r2: 0.9951581766560765
Training Results:
r2: 0.9991
rmse: 0.0583
mae: 0.0422
Validation Results:
r2: 0.9938
rmse: 0.1500
mae: 0.0926
Test Results:
r2: 0.9952
rmse: 0.1311
mae: 0.0866
45/101
train r2: 0.9993415460669942, valid r2: 0.993578453351179, test r2: 0.9952890950481263
Training Results:
r2: 0.9993
rmse: 0.0496
mae: 0.0373
Validation Results:
r2: 0.9936
rmse: 0.1529
mae: 0.0912
Test Results:
r2: 0.9953
rmse: 0.1293
mae: 0.0839
46/101
train r2: 0.9992545272962928, valid r2: 0.9936297607241176, test r2: 0.9950947383618661
Training Results:
r2: 0.9993
rmse: 0.0528
mae: 0.0398
Validation Results:
r2: 0.9936
rmse: 0.1523
mae: 0.0916
Test Results:
r2: 0.9951
rmse: 0.1320
mae: 0.0835
47/101
train r2: 0.998960293597723, valid r2: 0.9926439852662926, test r2: 0.9941931694711763
Training Results:
r2: 0.9990
rmse: 0.0624
mae: 0.0498
Validation Results:
r2: 0.9926
rmse: 0.1636
mae: 0.0992
Test Results:
r2: 0.9942
rmse: 0.1436
mae: 0.0933
48/101
train r2: 0.9993847478169212, valid r2: 0.993704663549612, test r2: 0.9954972258203034
Training Results:
r2: 0.9994
rmse: 0.0480
mae: 0.0360
Validation Results:
r2: 0.9937
rmse: 0.1514
mae: 0.0889
Test Results:
r2: 0.9955
rmse: 0.1265
mae: 0.0820
49/101
train r2: 0.9995042654472359, valid r2: 0.9936858863268037, test r2: 0.9950628504310262
Training Results:
r2: 0.9995
rmse: 0.0431
mae: 0.0328
Validation Results:
r2: 0.9937
rmse: 0.1516
mae: 0.0891
Test Results:
r2: 0.9951
rmse: 0.1324
mae: 0.0844
50/101
train r2: 0.99915547905874, valid r2: 0.9934176048516117, test r2: 0.9948586864995449
Training Results:
r2: 0.9992
rmse: 0.0562
mae: 0.0425
Validation Results:
r2: 0.9934
rmse: 0.1548
mae: 0.0931
Test Results:
r2: 0.9949
rmse: 0.1351
mae: 0.0861
51/101
train r2: 0.9995433506554962, valid r2: 0.9935517754570204, test r2: 0.9951246816503901
Training Results:
r2: 0.9995
rmse: 0.0413
mae: 0.0304
Validation Results:
r2: 0.9936
rmse: 0.1532
mae: 0.0876
Test Results:
r2: 0.9951
rmse: 0.1316
mae: 0.0817
52/101
train r2: 0.9994556389479402, valid r2: 0.9932522893014198, test r2: 0.9948775021242884
Training Results:
r2: 0.9995
rmse: 0.0451
mae: 0.0336
Validation Results:
r2: 0.9933
rmse: 0.1567
mae: 0.0906
Test Results:
r2: 0.9949
rmse: 0.1349
mae: 0.0829
53/101
train r2: 0.999588257500171, valid r2: 0.9940589198267289, test r2: 0.9956102407932569
Training Results:
r2: 0.9996
rmse: 0.0393
mae: 0.0291
Validation Results:
r2: 0.9941
rmse: 0.1470
mae: 0.0862
Test Results:
r2: 0.9956
rmse: 0.1249
mae: 0.0784
54/101
train r2: 0.9996849465059353, valid r2: 0.9938880284768349, test r2: 0.9955421514000024
Training Results:
r2: 0.9997
rmse: 0.0343
mae: 0.0255
Validation Results:
r2: 0.9939
rmse: 0.1491
mae: 0.0863
Test Results:
r2: 0.9955
rmse: 0.1258
mae: 0.0779
55/101
train r2: 0.9995670823850852, valid r2: 0.9942275778290587, test r2: 0.9955255128913328
Training Results:
r2: 0.9996
rmse: 0.0402
mae: 0.0295
Validation Results:
r2: 0.9942
rmse: 0.1449
mae: 0.0860
Test Results:
r2: 0.9955
rmse: 0.1261
mae: 0.0781
56/101
train r2: 0.9993471277377395, valid r2: 0.9931000103956346, test r2: 0.994691133235133
Training Results:
r2: 0.9993
rmse: 0.0494
mae: 0.0362
Validation Results:
r2: 0.9931
rmse: 0.1585
mae: 0.0910
Test Results:
r2: 0.9947
rmse: 0.1373
mae: 0.0837
57/101
train r2: 0.9992479260642546, valid r2: 0.9938017547856555, test r2: 0.9954666861720838
Training Results:
r2: 0.9992
rmse: 0.0530
mae: 0.0421
Validation Results:
r2: 0.9938
rmse: 0.1502
mae: 0.0909
Test Results:
r2: 0.9955
rmse: 0.1269
mae: 0.0825
58/101
train r2: 0.9994981825901036, valid r2: 0.9940980823653953, test r2: 0.9955431492766554
Training Results:
r2: 0.9995
rmse: 0.0433
mae: 0.0321
Validation Results:
r2: 0.9941
rmse: 0.1466
mae: 0.0861
Test Results:
r2: 0.9955
rmse: 0.1258
mae: 0.0789
59/101
train r2: 0.9995153894457321, valid r2: 0.9942813295299038, test r2: 0.9955266639938175
Training Results:
r2: 0.9995
rmse: 0.0426
mae: 0.0314
Validation Results:
r2: 0.9943
rmse: 0.1443
mae: 0.0877
Test Results:
r2: 0.9955
rmse: 0.1260
mae: 0.0795
60/101
train r2: 0.9995970312594911, valid r2: 0.994281791424854, test r2: 0.9958298730102818
Training Results:
r2: 0.9996
rmse: 0.0388
mae: 0.0287
Validation Results:
r2: 0.9943
rmse: 0.1443
mae: 0.0852
Test Results:
r2: 0.9958
rmse: 0.1217
mae: 0.0766
61/101
train r2: 0.9995849005646076, valid r2: 0.9936645227513718, test r2: 0.9952498373772184
Training Results:
r2: 0.9996
rmse: 0.0394
mae: 0.0315
Validation Results:
r2: 0.9937
rmse: 0.1518
mae: 0.0892
Test Results:
r2: 0.9952
rmse: 0.1299
mae: 0.0807
62/101
train r2: 0.9995974463594426, valid r2: 0.9941462950827423, test r2: 0.9957054984824837
Training Results:
r2: 0.9996
rmse: 0.0388
mae: 0.0293
Validation Results:
r2: 0.9941
rmse: 0.1460
mae: 0.0862
Test Results:
r2: 0.9957
rmse: 0.1235
mae: 0.0780
63/101
train r2: 0.9997165285873153, valid r2: 0.9937355539484848, test r2: 0.9952504768462695
Training Results:
r2: 0.9997
rmse: 0.0325
mae: 0.0251
Validation Results:
r2: 0.9937
rmse: 0.1510
mae: 0.0857
Test Results:
r2: 0.9953
rmse: 0.1299
mae: 0.0804
64/101
train r2: 0.999694736797784, valid r2: 0.9943572650890379, test r2: 0.9955850954201438
Training Results:
r2: 0.9997
rmse: 0.0338
mae: 0.0256
Validation Results:
r2: 0.9944
rmse: 0.1433
mae: 0.0849
Test Results:
r2: 0.9956
rmse: 0.1252
mae: 0.0788
65/101
train r2: 0.9996713670940046, valid r2: 0.9943340632621845, test r2: 0.9957891813862898
Training Results:
r2: 0.9997
rmse: 0.0351
mae: 0.0260
Validation Results:
r2: 0.9943
rmse: 0.1436
mae: 0.0844
Test Results:
r2: 0.9958
rmse: 0.1223
mae: 0.0774
66/101
train r2: 0.9998531509662018, valid r2: 0.9943522664308561, test r2: 0.9959040911884705
Training Results:
r2: 0.9999
rmse: 0.0234
mae: 0.0171
Validation Results:
r2: 0.9944
rmse: 0.1434
mae: 0.0826
Test Results:
r2: 0.9959
rmse: 0.1206
mae: 0.0745
67/101
train r2: 0.9997824913117561, valid r2: 0.9943036675678373, test r2: 0.9955571729974967
Training Results:
r2: 0.9998
rmse: 0.0285
mae: 0.0214
Validation Results:
r2: 0.9943
rmse: 0.1440
mae: 0.0830
Test Results:
r2: 0.9956
rmse: 0.1256
mae: 0.0777
68/101
train r2: 0.9996773397089597, valid r2: 0.9936124851919739, test r2: 0.9955634530802797
Training Results:
r2: 0.9997
rmse: 0.0347
mae: 0.0264
Validation Results:
r2: 0.9936
rmse: 0.1525
mae: 0.0882
Test Results:
r2: 0.9956
rmse: 0.1255
mae: 0.0773
69/101
train r2: 0.9997849231996984, valid r2: 0.9939824159841094, test r2: 0.9954499596424327
Training Results:
r2: 0.9998
rmse: 0.0284
mae: 0.0215
Validation Results:
r2: 0.9940
rmse: 0.1480
mae: 0.0847
Test Results:
r2: 0.9954
rmse: 0.1271
mae: 0.0769
70/101
train r2: 0.9998429100559646, valid r2: 0.9941779575980293, test r2: 0.9956351486237117
Training Results:
r2: 0.9998
rmse: 0.0242
mae: 0.0180
Validation Results:
r2: 0.9942
rmse: 0.1456
mae: 0.0825
Test Results:
r2: 0.9956
rmse: 0.1245
mae: 0.0752
71/101
train r2: 0.9998474014566288, valid r2: 0.9942271623559727, test r2: 0.9957064335175443
Training Results:
r2: 0.9998
rmse: 0.0239
mae: 0.0184
Validation Results:
r2: 0.9942
rmse: 0.1449
mae: 0.0818
Test Results:
r2: 0.9957
rmse: 0.1235
mae: 0.0761
72/101
train r2: 0.9998919495231112, valid r2: 0.9941443856263187, test r2: 0.9956124184882593
Training Results:
r2: 0.9999
rmse: 0.0201
mae: 0.0150
Validation Results:
r2: 0.9941
rmse: 0.1460
mae: 0.0822
Test Results:
r2: 0.9956
rmse: 0.1248
mae: 0.0754
73/101
train r2: 0.9997862936964512, valid r2: 0.9942650561393438, test r2: 0.9958347688306883
Training Results:
r2: 0.9998
rmse: 0.0283
mae: 0.0219
Validation Results:
r2: 0.9943
rmse: 0.1445
mae: 0.0841
Test Results:
r2: 0.9958
rmse: 0.1216
mae: 0.0748
74/101
train r2: 0.9997487173688266, valid r2: 0.9940568988431866, test r2: 0.9955458020471984
Training Results:
r2: 0.9997
rmse: 0.0306
mae: 0.0253
Validation Results:
r2: 0.9941
rmse: 0.1471
mae: 0.0845
Test Results:
r2: 0.9955
rmse: 0.1258
mae: 0.0785
75/101
train r2: 0.9998006997147196, valid r2: 0.9940072238507496, test r2: 0.9954608170943657
Training Results:
r2: 0.9998
rmse: 0.0273
mae: 0.0209
Validation Results:
r2: 0.9940
rmse: 0.1477
mae: 0.0841
Test Results:
r2: 0.9955
rmse: 0.1270
mae: 0.0776
76/101
train r2: 0.9999079790010124, valid r2: 0.9942564678494858, test r2: 0.9957056112472535
Training Results:
r2: 0.9999
rmse: 0.0185
mae: 0.0136
Validation Results:
r2: 0.9943
rmse: 0.1446
mae: 0.0819
Test Results:
r2: 0.9957
rmse: 0.1235
mae: 0.0748
77/101
train r2: 0.9998415498213641, valid r2: 0.9942432474484844, test r2: 0.9956484841840737
Training Results:
r2: 0.9998
rmse: 0.0244
mae: 0.0186
Validation Results:
r2: 0.9942
rmse: 0.1447
mae: 0.0825
Test Results:
r2: 0.9956
rmse: 0.1243
mae: 0.0761
78/101
train r2: 0.9998920447235804, valid r2: 0.9943184926562365, test r2: 0.9958590815676898
Training Results:
r2: 0.9999
rmse: 0.0201
mae: 0.0151
Validation Results:
r2: 0.9943
rmse: 0.1438
mae: 0.0808
Test Results:
r2: 0.9959
rmse: 0.1213
mae: 0.0738
79/101
train r2: 0.9998604406984293, valid r2: 0.9941439621790576, test r2: 0.9956919104406129
Training Results:
r2: 0.9999
rmse: 0.0228
mae: 0.0173
Validation Results:
r2: 0.9941
rmse: 0.1460
mae: 0.0813
Test Results:
r2: 0.9957
rmse: 0.1237
mae: 0.0753
80/101
train r2: 0.9998893314379267, valid r2: 0.9942480593518941, test r2: 0.995748366620126
Training Results:
r2: 0.9999
rmse: 0.0204
mae: 0.0160
Validation Results:
r2: 0.9942
rmse: 0.1447
mae: 0.0826
Test Results:
r2: 0.9957
rmse: 0.1229
mae: 0.0741
81/101
train r2: 0.9999366036718629, valid r2: 0.9944162661348732, test r2: 0.9958002582560848
Training Results:
r2: 0.9999
rmse: 0.0154
mae: 0.0119
Validation Results:
r2: 0.9944
rmse: 0.1425
mae: 0.0810
Test Results:
r2: 0.9958
rmse: 0.1221
mae: 0.0739
82/101
train r2: 0.9999145531684556, valid r2: 0.9943038874213386, test r2: 0.9957981636917088
Training Results:
r2: 0.9999
rmse: 0.0179
mae: 0.0138
Validation Results:
r2: 0.9943
rmse: 0.1440
mae: 0.0820
Test Results:
r2: 0.9958
rmse: 0.1222
mae: 0.0737
83/101
train r2: 0.9999318963856084, valid r2: 0.9941637517625898, test r2: 0.9956360507362593
Training Results:
r2: 0.9999
rmse: 0.0160
mae: 0.0123
Validation Results:
r2: 0.9942
rmse: 0.1457
mae: 0.0817
Test Results:
r2: 0.9956
rmse: 0.1245
mae: 0.0749
84/101
train r2: 0.9999515632033981, valid r2: 0.9942811359093404, test r2: 0.9957681649807016
Training Results:
r2: 1.0000
rmse: 0.0135
mae: 0.0101
Validation Results:
r2: 0.9943
rmse: 0.1443
mae: 0.0805
Test Results:
r2: 0.9958
rmse: 0.1226
mae: 0.0736
85/101
train r2: 0.9999421984463216, valid r2: 0.9943721401878154, test r2: 0.9957567283810016
Training Results:
r2: 0.9999
rmse: 0.0147
mae: 0.0113
Validation Results:
r2: 0.9944
rmse: 0.1431
mae: 0.0799
Test Results:
r2: 0.9958
rmse: 0.1228
mae: 0.0736
86/101
train r2: 0.9999269245555087, valid r2: 0.994067162326315, test r2: 0.9956876530819486
Training Results:
r2: 0.9999
rmse: 0.0165
mae: 0.0119
Validation Results:
r2: 0.9941
rmse: 0.1469
mae: 0.0820
Test Results:
r2: 0.9957
rmse: 0.1237
mae: 0.0745
87/101
train r2: 0.999960964312593, valid r2: 0.9944226448655131, test r2: 0.9957505957591453
Training Results:
r2: 1.0000
rmse: 0.0121
mae: 0.0092
Validation Results:
r2: 0.9944
rmse: 0.1425
mae: 0.0803
Test Results:
r2: 0.9958
rmse: 0.1228
mae: 0.0740
88/101
train r2: 0.999968564983748, valid r2: 0.9943278803231133, test r2: 0.9958016600383843
Training Results:
r2: 1.0000
rmse: 0.0108
mae: 0.0087
Validation Results:
r2: 0.9943
rmse: 0.1437
mae: 0.0807
Test Results:
r2: 0.9958
rmse: 0.1221
mae: 0.0737
89/101
train r2: 0.999985612908274, valid r2: 0.9941944452785063, test r2: 0.9957296516499562
Training Results:
r2: 1.0000
rmse: 0.0073
mae: 0.0055
Validation Results:
r2: 0.9942
rmse: 0.1454
mae: 0.0807
Test Results:
r2: 0.9957
rmse: 0.1231
mae: 0.0735
90/101
train r2: 0.999974732857028, valid r2: 0.9943892174910848, test r2: 0.9958284487595375
Training Results:
r2: 1.0000
rmse: 0.0097
mae: 0.0081
Validation Results:
r2: 0.9944
rmse: 0.1429
mae: 0.0802
Test Results:
r2: 0.9958
rmse: 0.1217
mae: 0.0734
91/101
train r2: 0.9999932467276016, valid r2: 0.9943176160471549, test r2: 0.9958128129762153
Training Results:
r2: 1.0000
rmse: 0.0050
mae: 0.0038
Validation Results:
r2: 0.9943
rmse: 0.1438
mae: 0.0803
Test Results:
r2: 0.9958
rmse: 0.1219
mae: 0.0731
92/101
train r2: 0.9999911939329584, valid r2: 0.9943496644473252, test r2: 0.9957834874055627
Training Results:
r2: 1.0000
rmse: 0.0057
mae: 0.0045
Validation Results:
r2: 0.9943
rmse: 0.1434
mae: 0.0803
Test Results:
r2: 0.9958
rmse: 0.1224
mae: 0.0732
93/101
train r2: 0.9999934748928536, valid r2: 0.9943543630152636, test r2: 0.995809099037266
Training Results:
r2: 1.0000
rmse: 0.0049
mae: 0.0038
Validation Results:
r2: 0.9944
rmse: 0.1433
mae: 0.0803
Test Results:
r2: 0.9958
rmse: 0.1220
mae: 0.0732
94/101
train r2: 0.9999942942190736, valid r2: 0.9943423725389002, test r2: 0.9957841175052058
Training Results:
r2: 1.0000
rmse: 0.0046
mae: 0.0036
Validation Results:
r2: 0.9943
rmse: 0.1435
mae: 0.0803
Test Results:
r2: 0.9958
rmse: 0.1224
mae: 0.0732
95/101
train r2: 0.9999970084336934, valid r2: 0.9943435784921717, test r2: 0.9958009917411578
Training Results:
r2: 1.0000
rmse: 0.0033
mae: 0.0026
Validation Results:
r2: 0.9943
rmse: 0.1435
mae: 0.0803
Test Results:
r2: 0.9958
rmse: 0.1221
mae: 0.0730
96/101
train r2: 0.9999983665854693, valid r2: 0.9943135920655971, test r2: 0.9957757716566328
Training Results:
r2: 1.0000
rmse: 0.0025
mae: 0.0019
Validation Results:
r2: 0.9943
rmse: 0.1439
mae: 0.0804
Test Results:
r2: 0.9958
rmse: 0.1225
mae: 0.0732
97/101
train r2: 0.9999990512799714, valid r2: 0.9943119381914208, test r2: 0.9957717736454289
Training Results:
r2: 1.0000
rmse: 0.0019
mae: 0.0014
Validation Results:
r2: 0.9943
rmse: 0.1439
mae: 0.0803
Test Results:
r2: 0.9958
rmse: 0.1225
mae: 0.0732
98/101
train r2: 0.9999995344571212, valid r2: 0.9943208949576583, test r2: 0.9957861214365125
Training Results:
r2: 1.0000
rmse: 0.0013
mae: 0.0010
Validation Results:
r2: 0.9943
rmse: 0.1438
mae: 0.0803
Test Results:
r2: 0.9958
rmse: 0.1223
mae: 0.0731
99/101
train r2: 0.99999969967802, valid r2: 0.9943228737430123, test r2: 0.9957844226330756
Training Results:
r2: 1.0000
rmse: 0.0011
mae: 0.0008
Validation Results:
r2: 0.9943
rmse: 0.1437
mae: 0.0802
Test Results:
r2: 0.9958
rmse: 0.1224
mae: 0.0731
100/101
train r2: 0.9999997626418767, valid r2: 0.9943239429584204, test r2: 0.995784855305804
Training Results:
r2: 1.0000
rmse: 0.0009
mae: 0.0007
Validation Results:
r2: 0.9943
rmse: 0.1437
mae: 0.0803
Test Results:
r2: 0.9958
rmse: 0.1223
mae: 0.0731
train: 1.0000, val: 0.9944, test: 0.9958
end_test_result: (0.9991359099438538, 0.05539369955658913, 0.03476449474692345)
args.seed: 2044
use label scaler
use label scaler
use label scaler
model have 90.143705M paramerters in total
train_dataset.mean: tensor([-2.4398]) train_dataset.std: tensor([1.9338])
1/101
train r2: 0.8399183808826921, valid r2: 0.8041895985821343, test r2: 0.8129166692388688
Training Results:
r2: 0.8399
rmse: 0.7738
mae: 0.5843
Validation Results:
r2: 0.8042
rmse: 0.8441
mae: 0.6024
Test Results:
r2: 0.8129
rmse: 0.8151
mae: 0.5878
2/101
train r2: 0.9557808404233537, valid r2: 0.9301191433943283, test r2: 0.9354101173461633
Training Results:
r2: 0.9558
rmse: 0.4067
mae: 0.3027
Validation Results:
r2: 0.9301
rmse: 0.5043
mae: 0.3522
Test Results:
r2: 0.9354
rmse: 0.4789
mae: 0.3474
3/101
train r2: 0.9781423537584425, valid r2: 0.9625294409224024, test r2: 0.9637468783446682
Training Results:
r2: 0.9781
rmse: 0.2860
mae: 0.2155
Validation Results:
r2: 0.9625
rmse: 0.3693
mae: 0.2683
Test Results:
r2: 0.9637
rmse: 0.3588
mae: 0.2579
4/101
train r2: 0.9878257439577625, valid r2: 0.9716190058652053, test r2: 0.9747230059286902
Training Results:
r2: 0.9878
rmse: 0.2135
mae: 0.1650
Validation Results:
r2: 0.9716
rmse: 0.3214
mae: 0.2275
Test Results:
r2: 0.9747
rmse: 0.2996
mae: 0.2148
5/101
train r2: 0.9927446688611256, valid r2: 0.9796024137990795, test r2: 0.9802961091162807
Training Results:
r2: 0.9927
rmse: 0.1647
mae: 0.1263
Validation Results:
r2: 0.9796
rmse: 0.2724
mae: 0.1940
Test Results:
r2: 0.9803
rmse: 0.2645
mae: 0.1859
6/101
train r2: 0.9936855291772155, valid r2: 0.9802312851679734, test r2: 0.9813493249467176
Training Results:
r2: 0.9937
rmse: 0.1536
mae: 0.1195
Validation Results:
r2: 0.9802
rmse: 0.2682
mae: 0.1854
Test Results:
r2: 0.9813
rmse: 0.2574
mae: 0.1860
7/101
train r2: 0.9946545242023922, valid r2: 0.9809580056366625, test r2: 0.9849247467750498
Training Results:
r2: 0.9947
rmse: 0.1414
mae: 0.1097
Validation Results:
r2: 0.9810
rmse: 0.2632
mae: 0.1845
Test Results:
r2: 0.9849
rmse: 0.2314
mae: 0.1673
8/101
train r2: 0.9920324120828833, valid r2: 0.9801048459957974, test r2: 0.9825063594795117
Training Results:
r2: 0.9920
rmse: 0.1726
mae: 0.1393
Validation Results:
r2: 0.9801
rmse: 0.2691
mae: 0.1982
Test Results:
r2: 0.9825
rmse: 0.2492
mae: 0.1872
9/101
train r2: 0.9922119039100199, valid r2: 0.980270540450454, test r2: 0.9826917804633691
Training Results:
r2: 0.9922
rmse: 0.1706
mae: 0.1341
Validation Results:
r2: 0.9803
rmse: 0.2679
mae: 0.1912
Test Results:
r2: 0.9827
rmse: 0.2479
mae: 0.1789
10/101
train r2: 0.9941997387609757, valid r2: 0.9831691234622404, test r2: 0.9843868975674689
Training Results:
r2: 0.9942
rmse: 0.1473
mae: 0.1142
Validation Results:
r2: 0.9832
rmse: 0.2475
mae: 0.1727
Test Results:
r2: 0.9844
rmse: 0.2355
mae: 0.1713
11/101
train r2: 0.9893274729856387, valid r2: 0.9805539233678644, test r2: 0.9806770092320283
Training Results:
r2: 0.9893
rmse: 0.1999
mae: 0.1528
Validation Results:
r2: 0.9806
rmse: 0.2660
mae: 0.1938
Test Results:
r2: 0.9807
rmse: 0.2619
mae: 0.1864
12/101
train r2: 0.9945524183081569, valid r2: 0.984483978124529, test r2: 0.9884012271719825
Training Results:
r2: 0.9946
rmse: 0.1427
mae: 0.1095
Validation Results:
r2: 0.9845
rmse: 0.2376
mae: 0.1590
Test Results:
r2: 0.9884
rmse: 0.2029
mae: 0.1480
13/101
train r2: 0.9948356275418283, valid r2: 0.984591147203422, test r2: 0.9876526423570402
Training Results:
r2: 0.9948
rmse: 0.1389
mae: 0.1053
Validation Results:
r2: 0.9846
rmse: 0.2368
mae: 0.1571
Test Results:
r2: 0.9877
rmse: 0.2094
mae: 0.1473
14/101
train r2: 0.9966388339783626, valid r2: 0.9870898045376089, test r2: 0.9891414979656886
Training Results:
r2: 0.9966
rmse: 0.1121
mae: 0.0844
Validation Results:
r2: 0.9871
rmse: 0.2168
mae: 0.1414
Test Results:
r2: 0.9891
rmse: 0.1964
mae: 0.1319
15/101
train r2: 0.9972732285516783, valid r2: 0.9879828451405196, test r2: 0.9902035649900229
Training Results:
r2: 0.9973
rmse: 0.1010
mae: 0.0752
Validation Results:
r2: 0.9880
rmse: 0.2091
mae: 0.1341
Test Results:
r2: 0.9902
rmse: 0.1865
mae: 0.1278
16/101
train r2: 0.9975130316021872, valid r2: 0.9893746404714828, test r2: 0.9910621912891402
Training Results:
r2: 0.9975
rmse: 0.0964
mae: 0.0713
Validation Results:
r2: 0.9894
rmse: 0.1966
mae: 0.1298
Test Results:
r2: 0.9911
rmse: 0.1782
mae: 0.1230
17/101
train r2: 0.9944981630553262, valid r2: 0.9850861205361536, test r2: 0.986947785638936
Training Results:
r2: 0.9945
rmse: 0.1435
mae: 0.1066
Validation Results:
r2: 0.9851
rmse: 0.2330
mae: 0.1579
Test Results:
r2: 0.9869
rmse: 0.2153
mae: 0.1505
18/101
train r2: 0.9965242186587966, valid r2: 0.9883393693515691, test r2: 0.9900353236044219
Training Results:
r2: 0.9965
rmse: 0.1140
mae: 0.0900
Validation Results:
r2: 0.9883
rmse: 0.2060
mae: 0.1378
Test Results:
r2: 0.9900
rmse: 0.1881
mae: 0.1329
19/101
train r2: 0.9975204196175377, valid r2: 0.9893196651391767, test r2: 0.9907813934151642
Training Results:
r2: 0.9975
rmse: 0.0963
mae: 0.0734
Validation Results:
r2: 0.9893
rmse: 0.1971
mae: 0.1283
Test Results:
r2: 0.9908
rmse: 0.1809
mae: 0.1229
20/101
train r2: 0.9974058953781438, valid r2: 0.9899828142682748, test r2: 0.9914812577423059
Training Results:
r2: 0.9974
rmse: 0.0985
mae: 0.0738
Validation Results:
r2: 0.9900
rmse: 0.1909
mae: 0.1254
Test Results:
r2: 0.9915
rmse: 0.1739
mae: 0.1159
21/101
train r2: 0.9967245565971715, valid r2: 0.9891251892744708, test r2: 0.9911512971195467
Training Results:
r2: 0.9967
rmse: 0.1107
mae: 0.0813
Validation Results:
r2: 0.9891
rmse: 0.1989
mae: 0.1317
Test Results:
r2: 0.9912
rmse: 0.1773
mae: 0.1233
22/101
train r2: 0.9965825910589277, valid r2: 0.9892569371220258, test r2: 0.9910282021209255
Training Results:
r2: 0.9966
rmse: 0.1131
mae: 0.0850
Validation Results:
r2: 0.9893
rmse: 0.1977
mae: 0.1322
Test Results:
r2: 0.9910
rmse: 0.1785
mae: 0.1271
23/101
train r2: 0.997117443626274, valid r2: 0.9905706778842547, test r2: 0.9915245302727371
Training Results:
r2: 0.9971
rmse: 0.1039
mae: 0.0789
Validation Results:
r2: 0.9906
rmse: 0.1852
mae: 0.1238
Test Results:
r2: 0.9915
rmse: 0.1735
mae: 0.1199
24/101
train r2: 0.9964094182152564, valid r2: 0.988626060225201, test r2: 0.9900760931256501
Training Results:
r2: 0.9964
rmse: 0.1158
mae: 0.0943
Validation Results:
r2: 0.9886
rmse: 0.2034
mae: 0.1370
Test Results:
r2: 0.9901
rmse: 0.1877
mae: 0.1342
25/101
train r2: 0.997473525435313, valid r2: 0.9902996584540491, test r2: 0.9917599799164806
Training Results:
r2: 0.9975
rmse: 0.0971
mae: 0.0765
Validation Results:
r2: 0.9903
rmse: 0.1879
mae: 0.1247
Test Results:
r2: 0.9918
rmse: 0.1711
mae: 0.1170
26/101
train r2: 0.9983484217961612, valid r2: 0.9910243978843182, test r2: 0.9923811466035639
Training Results:
r2: 0.9983
rmse: 0.0786
mae: 0.0596
Validation Results:
r2: 0.9910
rmse: 0.1807
mae: 0.1113
Test Results:
r2: 0.9924
rmse: 0.1645
mae: 0.1115
27/101
train r2: 0.9979244783626584, valid r2: 0.9901314000695035, test r2: 0.9917892699411239
Training Results:
r2: 0.9979
rmse: 0.0881
mae: 0.0668
Validation Results:
r2: 0.9901
rmse: 0.1895
mae: 0.1170
Test Results:
r2: 0.9918
rmse: 0.1708
mae: 0.1107
28/101
train r2: 0.99832351881173, valid r2: 0.9906920656597599, test r2: 0.9919375442291083
Training Results:
r2: 0.9983
rmse: 0.0792
mae: 0.0565
Validation Results:
r2: 0.9907
rmse: 0.1840
mae: 0.1124
Test Results:
r2: 0.9919
rmse: 0.1692
mae: 0.1062
29/101
train r2: 0.997517215750332, valid r2: 0.9902623280276257, test r2: 0.9919062721883093
Training Results:
r2: 0.9975
rmse: 0.0964
mae: 0.0745
Validation Results:
r2: 0.9903
rmse: 0.1882
mae: 0.1233
Test Results:
r2: 0.9919
rmse: 0.1695
mae: 0.1163
30/101
train r2: 0.9985356649360654, valid r2: 0.9913682846249453, test r2: 0.9929206052678416
Training Results:
r2: 0.9985
rmse: 0.0740
mae: 0.0562
Validation Results:
r2: 0.9914
rmse: 0.1772
mae: 0.1092
Test Results:
r2: 0.9929
rmse: 0.1586
mae: 0.1000
31/101
train r2: 0.99785472252963, valid r2: 0.9905510024682411, test r2: 0.9924018786011027
Training Results:
r2: 0.9979
rmse: 0.0896
mae: 0.0690
Validation Results:
r2: 0.9906
rmse: 0.1854
mae: 0.1182
Test Results:
r2: 0.9924
rmse: 0.1643
mae: 0.1115
32/101
train r2: 0.9982540387334721, valid r2: 0.9921142185556565, test r2: 0.9934604602336117
Training Results:
r2: 0.9983
rmse: 0.0808
mae: 0.0634
Validation Results:
r2: 0.9921
rmse: 0.1694
mae: 0.1099
Test Results:
r2: 0.9935
rmse: 0.1524
mae: 0.1050
33/101
train r2: 0.9986923811123171, valid r2: 0.9918499616757535, test r2: 0.9934088879999533
Training Results:
r2: 0.9987
rmse: 0.0699
mae: 0.0528
Validation Results:
r2: 0.9918
rmse: 0.1722
mae: 0.1051
Test Results:
r2: 0.9934
rmse: 0.1530
mae: 0.1006
34/101
train r2: 0.9983106074843779, valid r2: 0.9917997726298071, test r2: 0.9936870719933858
Training Results:
r2: 0.9983
rmse: 0.0795
mae: 0.0588
Validation Results:
r2: 0.9918
rmse: 0.1727
mae: 0.1107
Test Results:
r2: 0.9937
rmse: 0.1497
mae: 0.1020
35/101
train r2: 0.9986592988153516, valid r2: 0.9916671824311734, test r2: 0.9936638399670785
Training Results:
r2: 0.9987
rmse: 0.0708
mae: 0.0520
Validation Results:
r2: 0.9917
rmse: 0.1741
mae: 0.1035
Test Results:
r2: 0.9937
rmse: 0.1500
mae: 0.0977
36/101
train r2: 0.9991179970307382, valid r2: 0.9923912650372697, test r2: 0.9942134679353541
Training Results:
r2: 0.9991
rmse: 0.0574
mae: 0.0430
Validation Results:
r2: 0.9924
rmse: 0.1664
mae: 0.1018
Test Results:
r2: 0.9942
rmse: 0.1433
mae: 0.0924
37/101
train r2: 0.9990142664433144, valid r2: 0.9926548875720813, test r2: 0.9941914492794395
Training Results:
r2: 0.9990
rmse: 0.0607
mae: 0.0451
Validation Results:
r2: 0.9927
rmse: 0.1635
mae: 0.0992
Test Results:
r2: 0.9942
rmse: 0.1436
mae: 0.0928
38/101
train r2: 0.9989965584437974, valid r2: 0.9929185035198331, test r2: 0.994700728225654
Training Results:
r2: 0.9990
rmse: 0.0613
mae: 0.0449
Validation Results:
r2: 0.9929
rmse: 0.1605
mae: 0.1007
Test Results:
r2: 0.9947
rmse: 0.1372
mae: 0.0909
39/101
train r2: 0.9988716887993793, valid r2: 0.9931909087391287, test r2: 0.9944496265010657
Training Results:
r2: 0.9989
rmse: 0.0650
mae: 0.0468
Validation Results:
r2: 0.9932
rmse: 0.1574
mae: 0.1001
Test Results:
r2: 0.9944
rmse: 0.1404
mae: 0.0909
40/101
train r2: 0.9989258805140192, valid r2: 0.9927023443246228, test r2: 0.9944017414450617
Training Results:
r2: 0.9989
rmse: 0.0634
mae: 0.0485
Validation Results:
r2: 0.9927
rmse: 0.1630
mae: 0.1015
Test Results:
r2: 0.9944
rmse: 0.1410
mae: 0.0915
41/101
train r2: 0.9991396384919753, valid r2: 0.9924826563758614, test r2: 0.9937386055678012
Training Results:
r2: 0.9991
rmse: 0.0567
mae: 0.0410
Validation Results:
r2: 0.9925
rmse: 0.1654
mae: 0.0979
Test Results:
r2: 0.9937
rmse: 0.1491
mae: 0.0917
42/101
train r2: 0.9989866822245501, valid r2: 0.993235413647977, test r2: 0.9943987668735513
Training Results:
r2: 0.9990
rmse: 0.0616
mae: 0.0471
Validation Results:
r2: 0.9932
rmse: 0.1569
mae: 0.1005
Test Results:
r2: 0.9944
rmse: 0.1410
mae: 0.0919
43/101
train r2: 0.9993169703337818, valid r2: 0.9930727905577142, test r2: 0.99463339789802
Training Results:
r2: 0.9993
rmse: 0.0505
mae: 0.0374
Validation Results:
r2: 0.9931
rmse: 0.1588
mae: 0.0958
Test Results:
r2: 0.9946
rmse: 0.1380
mae: 0.0880
44/101
train r2: 0.9992578484255331, valid r2: 0.9926956347195712, test r2: 0.9941524615788044
Training Results:
r2: 0.9993
rmse: 0.0527
mae: 0.0392
Validation Results:
r2: 0.9927
rmse: 0.1630
mae: 0.0979
Test Results:
r2: 0.9942
rmse: 0.1441
mae: 0.0909
45/101
train r2: 0.9988042689612918, valid r2: 0.9934668362027608, test r2: 0.9948841259870576
Training Results:
r2: 0.9988
rmse: 0.0669
mae: 0.0480
Validation Results:
r2: 0.9935
rmse: 0.1542
mae: 0.0990
Test Results:
r2: 0.9949
rmse: 0.1348
mae: 0.0904
46/101
train r2: 0.9992808659773978, valid r2: 0.9938392414747165, test r2: 0.9949888605019936
Training Results:
r2: 0.9993
rmse: 0.0519
mae: 0.0383
Validation Results:
r2: 0.9938
rmse: 0.1497
mae: 0.0918
Test Results:
r2: 0.9950
rmse: 0.1334
mae: 0.0861
47/101
train r2: 0.999446182554937, valid r2: 0.993683630202664, test r2: 0.9948293014258508
Training Results:
r2: 0.9994
rmse: 0.0455
mae: 0.0335
Validation Results:
r2: 0.9937
rmse: 0.1516
mae: 0.0912
Test Results:
r2: 0.9948
rmse: 0.1355
mae: 0.0850
48/101
train r2: 0.9993387462405243, valid r2: 0.9931700348192347, test r2: 0.9941539946786452
Training Results:
r2: 0.9993
rmse: 0.0497
mae: 0.0379
Validation Results:
r2: 0.9932
rmse: 0.1577
mae: 0.0940
Test Results:
r2: 0.9942
rmse: 0.1441
mae: 0.0890
49/101
train r2: 0.9989969113405702, valid r2: 0.9936492568022035, test r2: 0.9951268856345263
Training Results:
r2: 0.9990
rmse: 0.0612
mae: 0.0455
Validation Results:
r2: 0.9936
rmse: 0.1520
mae: 0.0976
Test Results:
r2: 0.9951
rmse: 0.1315
mae: 0.0881
50/101
train r2: 0.9993193734122525, valid r2: 0.993452178065521, test r2: 0.9950402990315752
Training Results:
r2: 0.9993
rmse: 0.0504
mae: 0.0379
Validation Results:
r2: 0.9935
rmse: 0.1544
mae: 0.0933
Test Results:
r2: 0.9950
rmse: 0.1327
mae: 0.0835
51/101
train r2: 0.999541268947769, valid r2: 0.9936571838077823, test r2: 0.995202367667261
Training Results:
r2: 0.9995
rmse: 0.0414
mae: 0.0321
Validation Results:
r2: 0.9937
rmse: 0.1519
mae: 0.0894
Test Results:
r2: 0.9952
rmse: 0.1305
mae: 0.0827
52/101
train r2: 0.9993839137740975, valid r2: 0.9936617601415295, test r2: 0.9950348203459685
Training Results:
r2: 0.9994
rmse: 0.0480
mae: 0.0382
Validation Results:
r2: 0.9937
rmse: 0.1519
mae: 0.0937
Test Results:
r2: 0.9950
rmse: 0.1328
mae: 0.0863
53/101
train r2: 0.9994843555389756, valid r2: 0.9934574645133842, test r2: 0.994658260497802
Training Results:
r2: 0.9995
rmse: 0.0439
mae: 0.0332
Validation Results:
r2: 0.9935
rmse: 0.1543
mae: 0.0922
Test Results:
r2: 0.9947
rmse: 0.1377
mae: 0.0850
54/101
train r2: 0.9995418738787444, valid r2: 0.993593379955503, test r2: 0.994818929034548
Training Results:
r2: 0.9995
rmse: 0.0414
mae: 0.0305
Validation Results:
r2: 0.9936
rmse: 0.1527
mae: 0.0909
Test Results:
r2: 0.9948
rmse: 0.1356
mae: 0.0828
55/101
train r2: 0.9994221780661915, valid r2: 0.9932823560063296, test r2: 0.9950428534367709
Training Results:
r2: 0.9994
rmse: 0.0465
mae: 0.0350
Validation Results:
r2: 0.9933
rmse: 0.1564
mae: 0.0924
Test Results:
r2: 0.9950
rmse: 0.1327
mae: 0.0861
56/101
train r2: 0.9993502444975904, valid r2: 0.9938686828507778, test r2: 0.9954339650043139
Training Results:
r2: 0.9994
rmse: 0.0493
mae: 0.0365
Validation Results:
r2: 0.9939
rmse: 0.1494
mae: 0.0925
Test Results:
r2: 0.9954
rmse: 0.1273
mae: 0.0820
57/101
train r2: 0.9996901864780504, valid r2: 0.9936847447848589, test r2: 0.9950227524908436
Training Results:
r2: 0.9997
rmse: 0.0340
mae: 0.0254
Validation Results:
r2: 0.9937
rmse: 0.1516
mae: 0.0874
Test Results:
r2: 0.9950
rmse: 0.1329
mae: 0.0817
58/101
train r2: 0.9991427287041097, valid r2: 0.9930691974621343, test r2: 0.9942760251406517
Training Results:
r2: 0.9991
rmse: 0.0566
mae: 0.0472
Validation Results:
r2: 0.9931
rmse: 0.1588
mae: 0.0981
Test Results:
r2: 0.9943
rmse: 0.1426
mae: 0.0934
59/101
train r2: 0.9995201849992076, valid r2: 0.9933384443954236, test r2: 0.994660851582677
Training Results:
r2: 0.9995
rmse: 0.0424
mae: 0.0324
Validation Results:
r2: 0.9933
rmse: 0.1557
mae: 0.0920
Test Results:
r2: 0.9947
rmse: 0.1377
mae: 0.0854
60/101
train r2: 0.9996961314315679, valid r2: 0.9939083455716073, test r2: 0.9953674516396183
Training Results:
r2: 0.9997
rmse: 0.0337
mae: 0.0249
Validation Results:
r2: 0.9939
rmse: 0.1489
mae: 0.0868
Test Results:
r2: 0.9954
rmse: 0.1283
mae: 0.0785
61/101
train r2: 0.9994797504945921, valid r2: 0.9932606854387654, test r2: 0.9945714993463144
Training Results:
r2: 0.9995
rmse: 0.0441
mae: 0.0351
Validation Results:
r2: 0.9933
rmse: 0.1566
mae: 0.0920
Test Results:
r2: 0.9946
rmse: 0.1388
mae: 0.0843
62/101
train r2: 0.9996740471958249, valid r2: 0.9937022175056373, test r2: 0.9950602186413504
Training Results:
r2: 0.9997
rmse: 0.0349
mae: 0.0262
Validation Results:
r2: 0.9937
rmse: 0.1514
mae: 0.0891
Test Results:
r2: 0.9951
rmse: 0.1324
mae: 0.0822
63/101
train r2: 0.9998058342444723, valid r2: 0.9941548868337026, test r2: 0.995457247596353
Training Results:
r2: 0.9998
rmse: 0.0270
mae: 0.0204
Validation Results:
r2: 0.9942
rmse: 0.1458
mae: 0.0856
Test Results:
r2: 0.9955
rmse: 0.1270
mae: 0.0781
64/101
train r2: 0.9994830145566671, valid r2: 0.9937193449870316, test r2: 0.9950974281344954
Training Results:
r2: 0.9995
rmse: 0.0440
mae: 0.0337
Validation Results:
r2: 0.9937
rmse: 0.1512
mae: 0.0901
Test Results:
r2: 0.9951
rmse: 0.1319
mae: 0.0832
65/101
train r2: 0.9996779451546738, valid r2: 0.9942016419728755, test r2: 0.9953790776005299
Training Results:
r2: 0.9997
rmse: 0.0347
mae: 0.0255
Validation Results:
r2: 0.9942
rmse: 0.1453
mae: 0.0878
Test Results:
r2: 0.9954
rmse: 0.1281
mae: 0.0798
66/101
train r2: 0.9997393839096728, valid r2: 0.994245807023371, test r2: 0.9954704868868585
Training Results:
r2: 0.9997
rmse: 0.0312
mae: 0.0235
Validation Results:
r2: 0.9942
rmse: 0.1447
mae: 0.0860
Test Results:
r2: 0.9955
rmse: 0.1268
mae: 0.0787
67/101
train r2: 0.9997967405027784, valid r2: 0.9941195963267447, test r2: 0.9952559605344244
Training Results:
r2: 0.9998
rmse: 0.0276
mae: 0.0204
Validation Results:
r2: 0.9941
rmse: 0.1463
mae: 0.0856
Test Results:
r2: 0.9953
rmse: 0.1298
mae: 0.0789
68/101
train r2: 0.9997517236366719, valid r2: 0.9936789289438729, test r2: 0.9951029895671972
Training Results:
r2: 0.9998
rmse: 0.0305
mae: 0.0223
Validation Results:
r2: 0.9937
rmse: 0.1517
mae: 0.0878
Test Results:
r2: 0.9951
rmse: 0.1319
mae: 0.0798
69/101
train r2: 0.9997652259290681, valid r2: 0.9940966791186016, test r2: 0.9951842129312728
Training Results:
r2: 0.9998
rmse: 0.0296
mae: 0.0224
Validation Results:
r2: 0.9941
rmse: 0.1466
mae: 0.0863
Test Results:
r2: 0.9952
rmse: 0.1308
mae: 0.0797
70/101
train r2: 0.9998093020524587, valid r2: 0.9941108307244767, test r2: 0.995288627286444
Training Results:
r2: 0.9998
rmse: 0.0267
mae: 0.0202
Validation Results:
r2: 0.9941
rmse: 0.1464
mae: 0.0853
Test Results:
r2: 0.9953
rmse: 0.1293
mae: 0.0785
71/101
train r2: 0.9997420522735535, valid r2: 0.9940965975934065, test r2: 0.9952331267782873
Training Results:
r2: 0.9997
rmse: 0.0311
mae: 0.0232
Validation Results:
r2: 0.9941
rmse: 0.1466
mae: 0.0857
Test Results:
r2: 0.9952
rmse: 0.1301
mae: 0.0805
72/101
train r2: 0.9997461552984765, valid r2: 0.9939550473369339, test r2: 0.9953033331672108
Training Results:
r2: 0.9997
rmse: 0.0308
mae: 0.0239
Validation Results:
r2: 0.9940
rmse: 0.1483
mae: 0.0862
Test Results:
r2: 0.9953
rmse: 0.1291
mae: 0.0790
73/101
train r2: 0.9998539450097575, valid r2: 0.9938349495574947, test r2: 0.9951948790347489
Training Results:
r2: 0.9999
rmse: 0.0234
mae: 0.0175
Validation Results:
r2: 0.9938
rmse: 0.1498
mae: 0.0856
Test Results:
r2: 0.9952
rmse: 0.1306
mae: 0.0788
74/101
train r2: 0.999899895299938, valid r2: 0.9940292857645744, test r2: 0.9952237434186525
Training Results:
r2: 0.9999
rmse: 0.0193
mae: 0.0149
Validation Results:
r2: 0.9940
rmse: 0.1474
mae: 0.0855
Test Results:
r2: 0.9952
rmse: 0.1302
mae: 0.0782
75/101
train r2: 0.9998832226946158, valid r2: 0.994002933134279, test r2: 0.9952453885704441
Training Results:
r2: 0.9999
rmse: 0.0209
mae: 0.0158
Validation Results:
r2: 0.9940
rmse: 0.1477
mae: 0.0843
Test Results:
r2: 0.9952
rmse: 0.1299
mae: 0.0781
76/101
train r2: 0.99991729405308, valid r2: 0.9941910946244917, test r2: 0.9955805461926915
Training Results:
r2: 0.9999
rmse: 0.0176
mae: 0.0132
Validation Results:
r2: 0.9942
rmse: 0.1454
mae: 0.0834
Test Results:
r2: 0.9956
rmse: 0.1253
mae: 0.0770
77/101
train r2: 0.9998973128214927, valid r2: 0.9942420116077354, test r2: 0.9954907221531014
Training Results:
r2: 0.9999
rmse: 0.0196
mae: 0.0146
Validation Results:
r2: 0.9942
rmse: 0.1448
mae: 0.0834
Test Results:
r2: 0.9955
rmse: 0.1265
mae: 0.0761
78/101
train r2: 0.9998921168110498, valid r2: 0.9939955097567411, test r2: 0.9953700226739445
Training Results:
r2: 0.9999
rmse: 0.0201
mae: 0.0158
Validation Results:
r2: 0.9940
rmse: 0.1478
mae: 0.0846
Test Results:
r2: 0.9954
rmse: 0.1282
mae: 0.0768
79/101
train r2: 0.9998817262557581, valid r2: 0.9940582678010611, test r2: 0.9950049254324559
Training Results:
r2: 0.9999
rmse: 0.0210
mae: 0.0160
Validation Results:
r2: 0.9941
rmse: 0.1470
mae: 0.0848
Test Results:
r2: 0.9950
rmse: 0.1332
mae: 0.0791
80/101
train r2: 0.9999340344665919, valid r2: 0.994222061819256, test r2: 0.9954373240263424
Training Results:
r2: 0.9999
rmse: 0.0157
mae: 0.0115
Validation Results:
r2: 0.9942
rmse: 0.1450
mae: 0.0839
Test Results:
r2: 0.9954
rmse: 0.1273
mae: 0.0767
81/101
train r2: 0.9999309799947977, valid r2: 0.9942052005199085, test r2: 0.995288824073786
Training Results:
r2: 0.9999
rmse: 0.0161
mae: 0.0121
Validation Results:
r2: 0.9942
rmse: 0.1452
mae: 0.0830
Test Results:
r2: 0.9953
rmse: 0.1293
mae: 0.0769
82/101
train r2: 0.9999319963704587, valid r2: 0.9940220455744309, test r2: 0.9952859284572037
Training Results:
r2: 0.9999
rmse: 0.0159
mae: 0.0125
Validation Results:
r2: 0.9940
rmse: 0.1475
mae: 0.0840
Test Results:
r2: 0.9953
rmse: 0.1294
mae: 0.0770
83/101
train r2: 0.9999485795218632, valid r2: 0.9942044488448647, test r2: 0.9952895014988814
Training Results:
r2: 0.9999
rmse: 0.0139
mae: 0.0100
Validation Results:
r2: 0.9942
rmse: 0.1452
mae: 0.0830
Test Results:
r2: 0.9953
rmse: 0.1293
mae: 0.0768
84/101
train r2: 0.9999542004840763, valid r2: 0.9941531863322831, test r2: 0.9953916837191455
Training Results:
r2: 1.0000
rmse: 0.0131
mae: 0.0097
Validation Results:
r2: 0.9942
rmse: 0.1459
mae: 0.0832
Test Results:
r2: 0.9954
rmse: 0.1279
mae: 0.0770
85/101
train r2: 0.9999541155590603, valid r2: 0.9943616782613365, test r2: 0.9954456744596354
Training Results:
r2: 1.0000
rmse: 0.0131
mae: 0.0094
Validation Results:
r2: 0.9944
rmse: 0.1432
mae: 0.0824
Test Results:
r2: 0.9954
rmse: 0.1272
mae: 0.0761
86/101
train r2: 0.9999303735733251, valid r2: 0.9939284369038478, test r2: 0.9952545935472288
Training Results:
r2: 0.9999
rmse: 0.0161
mae: 0.0123
Validation Results:
r2: 0.9939
rmse: 0.1486
mae: 0.0842
Test Results:
r2: 0.9953
rmse: 0.1298
mae: 0.0766
87/101
train r2: 0.9999644494821166, valid r2: 0.9940562120789384, test r2: 0.9952167620613719
Training Results:
r2: 1.0000
rmse: 0.0115
mae: 0.0086
Validation Results:
r2: 0.9941
rmse: 0.1471
mae: 0.0836
Test Results:
r2: 0.9952
rmse: 0.1303
mae: 0.0768
88/101
train r2: 0.9999784701158259, valid r2: 0.9942115838746519, test r2: 0.9953965484612829
Training Results:
r2: 1.0000
rmse: 0.0090
mae: 0.0066
Validation Results:
r2: 0.9942
rmse: 0.1451
mae: 0.0830
Test Results:
r2: 0.9954
rmse: 0.1279
mae: 0.0764
89/101
train r2: 0.9999806869672287, valid r2: 0.9941246469604874, test r2: 0.9952244820587429
Training Results:
r2: 1.0000
rmse: 0.0085
mae: 0.0061
Validation Results:
r2: 0.9941
rmse: 0.1462
mae: 0.0832
Test Results:
r2: 0.9952
rmse: 0.1302
mae: 0.0767
90/101
train r2: 0.9999877495964087, valid r2: 0.9941753656913369, test r2: 0.9953617317622111
Training Results:
r2: 1.0000
rmse: 0.0068
mae: 0.0053
Validation Results:
r2: 0.9942
rmse: 0.1456
mae: 0.0831
Test Results:
r2: 0.9954
rmse: 0.1283
mae: 0.0762
91/101
train r2: 0.9999937014539154, valid r2: 0.9941947170832569, test r2: 0.9953456540839237
Training Results:
r2: 1.0000
rmse: 0.0049
mae: 0.0037
Validation Results:
r2: 0.9942
rmse: 0.1453
mae: 0.0828
Test Results:
r2: 0.9953
rmse: 0.1286
mae: 0.0763
92/101
train r2: 0.9999926629196486, valid r2: 0.994228223940161, test r2: 0.9954405248540557
Training Results:
r2: 1.0000
rmse: 0.0052
mae: 0.0040
Validation Results:
r2: 0.9942
rmse: 0.1449
mae: 0.0826
Test Results:
r2: 0.9954
rmse: 0.1272
mae: 0.0760
93/101
train r2: 0.9999943833010729, valid r2: 0.9941505714012182, test r2: 0.9953430944445517
Training Results:
r2: 1.0000
rmse: 0.0046
mae: 0.0034
Validation Results:
r2: 0.9942
rmse: 0.1459
mae: 0.0826
Test Results:
r2: 0.9953
rmse: 0.1286
mae: 0.0762
94/101
train r2: 0.9999971253374118, valid r2: 0.9942418455920751, test r2: 0.995447145000377
Training Results:
r2: 1.0000
rmse: 0.0033
mae: 0.0025
Validation Results:
r2: 0.9942
rmse: 0.1448
mae: 0.0824
Test Results:
r2: 0.9954
rmse: 0.1272
mae: 0.0757
95/101
train r2: 0.9999957624856634, valid r2: 0.9942090810564634, test r2: 0.9953731365535349
Training Results:
r2: 1.0000
rmse: 0.0040
mae: 0.0034
Validation Results:
r2: 0.9942
rmse: 0.1452
mae: 0.0827
Test Results:
r2: 0.9954
rmse: 0.1282
mae: 0.0762
96/101
train r2: 0.9999984397745587, valid r2: 0.9942121678026004, test r2: 0.9953989435689353
Training Results:
r2: 1.0000
rmse: 0.0024
mae: 0.0019
Validation Results:
r2: 0.9942
rmse: 0.1451
mae: 0.0827
Test Results:
r2: 0.9954
rmse: 0.1278
mae: 0.0761
97/101
train r2: 0.9999993278008706, valid r2: 0.9942149650804603, test r2: 0.9954137133555341
Training Results:
r2: 1.0000
rmse: 0.0016
mae: 0.0012
Validation Results:
r2: 0.9942
rmse: 0.1451
mae: 0.0827
Test Results:
r2: 0.9954
rmse: 0.1276
mae: 0.0758
98/101
train r2: 0.9999996263221593, valid r2: 0.9942071465759859, test r2: 0.9954023612926323
Training Results:
r2: 1.0000
rmse: 0.0012
mae: 0.0009
Validation Results:
r2: 0.9942
rmse: 0.1452
mae: 0.0827
Test Results:
r2: 0.9954
rmse: 0.1278
mae: 0.0759
99/101
train r2: 0.999999782306745, valid r2: 0.9942060715457346, test r2: 0.9953987375206316
Training Results:
r2: 1.0000
rmse: 0.0009
mae: 0.0007
Validation Results:
r2: 0.9942
rmse: 0.1452
mae: 0.0827
Test Results:
r2: 0.9954
rmse: 0.1278
mae: 0.0759
100/101
train r2: 0.9999998263752787, valid r2: 0.994203430396001, test r2: 0.9953971974722814
Training Results:
r2: 1.0000
rmse: 0.0008
mae: 0.0006
Validation Results:
r2: 0.9942
rmse: 0.1452
mae: 0.0827
Test Results:
r2: 0.9954
rmse: 0.1278
mae: 0.0759
train: 1.0000, val: 0.9944, test: 0.9954
end_test_result: (0.9985353948829724, 0.07211757451295853, 0.0547824464738369)
args.seed: 2054
use label scaler
use label scaler
use label scaler
model have 90.143705M paramerters in total
train_dataset.mean: tensor([-2.4398]) train_dataset.std: tensor([1.9338])
1/101
train r2: 0.8435680441189681, valid r2: 0.8047862601501525, test r2: 0.8144566652027737
Training Results:
r2: 0.8436
rmse: 0.7650
mae: 0.5722
Validation Results:
r2: 0.8048
rmse: 0.8428
mae: 0.6153
Test Results:
r2: 0.8145
rmse: 0.8117
mae: 0.5744
2/101
train r2: 0.9586041947259425, valid r2: 0.9310485364402337, test r2: 0.938918731152106
Training Results:
r2: 0.9586
rmse: 0.3935
mae: 0.2874
Validation Results:
r2: 0.9310
rmse: 0.5009
mae: 0.3412
Test Results:
r2: 0.9389
rmse: 0.4657
mae: 0.3177
3/101
train r2: 0.9784335849203675, valid r2: 0.9639290512049884, test r2: 0.9673367190675085
Training Results:
r2: 0.9784
rmse: 0.2840
mae: 0.2150
Validation Results:
r2: 0.9639
rmse: 0.3623
mae: 0.2651
Test Results:
r2: 0.9673
rmse: 0.3406
mae: 0.2505
4/101
train r2: 0.9872963205056731, valid r2: 0.9731158205489294, test r2: 0.9764847402830107
Training Results:
r2: 0.9873
rmse: 0.2180
mae: 0.1623
Validation Results:
r2: 0.9731
rmse: 0.3128
mae: 0.2145
Test Results:
r2: 0.9765
rmse: 0.2890
mae: 0.2064
5/101
train r2: 0.9909869374114859, valid r2: 0.9795908565896196, test r2: 0.9810657855977682
Training Results:
r2: 0.9910
rmse: 0.1836
mae: 0.1447
Validation Results:
r2: 0.9796
rmse: 0.2725
mae: 0.1989
Test Results:
r2: 0.9811
rmse: 0.2593
mae: 0.1922
6/101
train r2: 0.988885392751203, valid r2: 0.9746713292575235, test r2: 0.9788864204936862
Training Results:
r2: 0.9889
rmse: 0.2039
mae: 0.1675
Validation Results:
r2: 0.9747
rmse: 0.3036
mae: 0.2172
Test Results:
r2: 0.9789
rmse: 0.2738
mae: 0.2058
7/101
train r2: 0.9942634141909661, valid r2: 0.9837631875430889, test r2: 0.9851975186825644
Training Results:
r2: 0.9943
rmse: 0.1464
mae: 0.1158
Validation Results:
r2: 0.9838
rmse: 0.2431
mae: 0.1750
Test Results:
r2: 0.9852
rmse: 0.2293
mae: 0.1713
8/101
train r2: 0.9921844601988342, valid r2: 0.9816071347060238, test r2: 0.982167343475493
Training Results:
r2: 0.9922
rmse: 0.1709
mae: 0.1339
Validation Results:
r2: 0.9816
rmse: 0.2587
mae: 0.1853
Test Results:
r2: 0.9822
rmse: 0.2516
mae: 0.1850
9/101
train r2: 0.9949233469685655, valid r2: 0.9839090791558954, test r2: 0.9853005962543563
Training Results:
r2: 0.9949
rmse: 0.1378
mae: 0.1009
Validation Results:
r2: 0.9839
rmse: 0.2420
mae: 0.1621
Test Results:
r2: 0.9853
rmse: 0.2285
mae: 0.1606
10/101
train r2: 0.9928569588757777, valid r2: 0.9829096871333227, test r2: 0.9867551277357601
Training Results:
r2: 0.9929
rmse: 0.1634
mae: 0.1224
Validation Results:
r2: 0.9829
rmse: 0.2494
mae: 0.1731
Test Results:
r2: 0.9868
rmse: 0.2169
mae: 0.1590
11/101
train r2: 0.9901475008002133, valid r2: 0.9831271521515906, test r2: 0.9846773458328809
Training Results:
r2: 0.9901
rmse: 0.1920
mae: 0.1369
Validation Results:
r2: 0.9831
rmse: 0.2478
mae: 0.1797
Test Results:
r2: 0.9847
rmse: 0.2333
mae: 0.1749
12/101
train r2: 0.9948816361385442, valid r2: 0.9853671217310503, test r2: 0.9864972232286058
Training Results:
r2: 0.9949
rmse: 0.1384
mae: 0.0983
Validation Results:
r2: 0.9854
rmse: 0.2308
mae: 0.1478
Test Results:
r2: 0.9865
rmse: 0.2190
mae: 0.1496
13/101
train r2: 0.9959866095503702, valid r2: 0.9858761692516343, test r2: 0.9881328562059571
Training Results:
r2: 0.9960
rmse: 0.1226
mae: 0.0899
Validation Results:
r2: 0.9859
rmse: 0.2267
mae: 0.1443
Test Results:
r2: 0.9881
rmse: 0.2053
mae: 0.1358
14/101
train r2: 0.9967409465004191, valid r2: 0.9885539470092747, test r2: 0.989800673354964
Training Results:
r2: 0.9967
rmse: 0.1104
mae: 0.0825
Validation Results:
r2: 0.9886
rmse: 0.2041
mae: 0.1382
Test Results:
r2: 0.9898
rmse: 0.1903
mae: 0.1327
15/101
train r2: 0.9958159587451662, valid r2: 0.9870218675538542, test r2: 0.98916775140823
Training Results:
r2: 0.9958
rmse: 0.1250
mae: 0.1004
Validation Results:
r2: 0.9870
rmse: 0.2173
mae: 0.1477
Test Results:
r2: 0.9892
rmse: 0.1961
mae: 0.1427
16/101
train r2: 0.9978096665055961, valid r2: 0.9896455718579646, test r2: 0.9910688820259118
Training Results:
r2: 0.9978
rmse: 0.0905
mae: 0.0678
Validation Results:
r2: 0.9896
rmse: 0.1941
mae: 0.1222
Test Results:
r2: 0.9911
rmse: 0.1781
mae: 0.1215
17/101
train r2: 0.9972112181547705, valid r2: 0.9888616597807384, test r2: 0.990746642430182
Training Results:
r2: 0.9972
rmse: 0.1021
mae: 0.0768
Validation Results:
r2: 0.9889
rmse: 0.2013
mae: 0.1271
Test Results:
r2: 0.9907
rmse: 0.1813
mae: 0.1214
18/101
train r2: 0.9976426587772865, valid r2: 0.9914316921031081, test r2: 0.9920240371524212
Training Results:
r2: 0.9976
rmse: 0.0939
mae: 0.0677
Validation Results:
r2: 0.9914
rmse: 0.1766
mae: 0.1178
Test Results:
r2: 0.9920
rmse: 0.1683
mae: 0.1165
19/101
train r2: 0.9966162730650631, valid r2: 0.9888448144426073, test r2: 0.9914450960597185
Training Results:
r2: 0.9966
rmse: 0.1124
mae: 0.0864
Validation Results:
r2: 0.9888
rmse: 0.2015
mae: 0.1366
Test Results:
r2: 0.9914
rmse: 0.1743
mae: 0.1267
20/101
train r2: 0.9965725701629529, valid r2: 0.9883010176930794, test r2: 0.9897958084433873
Training Results:
r2: 0.9966
rmse: 0.1131
mae: 0.0843
Validation Results:
r2: 0.9883
rmse: 0.2063
mae: 0.1336
Test Results:
r2: 0.9898
rmse: 0.1904
mae: 0.1306
21/101
train r2: 0.9968809488245344, valid r2: 0.988587837889541, test r2: 0.9890731042335522
Training Results:
r2: 0.9969
rmse: 0.1079
mae: 0.0748
Validation Results:
r2: 0.9886
rmse: 0.2038
mae: 0.1228
Test Results:
r2: 0.9891
rmse: 0.1970
mae: 0.1202
22/101
train r2: 0.9970152138089567, valid r2: 0.9897968912739216, test r2: 0.9915659667892999
Training Results:
r2: 0.9970
rmse: 0.1056
mae: 0.0799
Validation Results:
r2: 0.9898
rmse: 0.1927
mae: 0.1254
Test Results:
r2: 0.9916
rmse: 0.1731
mae: 0.1220
23/101
train r2: 0.9965676621986268, valid r2: 0.9894522350125576, test r2: 0.9894830333206781
Training Results:
r2: 0.9966
rmse: 0.1133
mae: 0.0843
Validation Results:
r2: 0.9895
rmse: 0.1959
mae: 0.1275
Test Results:
r2: 0.9895
rmse: 0.1933
mae: 0.1321
24/101
train r2: 0.9977721665565958, valid r2: 0.9895938917481483, test r2: 0.990946736626405
Training Results:
r2: 0.9978
rmse: 0.0913
mae: 0.0668
Validation Results:
r2: 0.9896
rmse: 0.1946
mae: 0.1185
Test Results:
r2: 0.9909
rmse: 0.1793
mae: 0.1177
25/101
train r2: 0.9986171125657649, valid r2: 0.9909214840747905, test r2: 0.9924720467014821
Training Results:
r2: 0.9986
rmse: 0.0719
mae: 0.0525
Validation Results:
r2: 0.9909
rmse: 0.1818
mae: 0.1073
Test Results:
r2: 0.9925
rmse: 0.1635
mae: 0.1041
26/101
train r2: 0.9985811989536859, valid r2: 0.9917168091966494, test r2: 0.9935563919852158
Training Results:
r2: 0.9986
rmse: 0.0729
mae: 0.0538
Validation Results:
r2: 0.9917
rmse: 0.1736
mae: 0.1067
Test Results:
r2: 0.9936
rmse: 0.1513
mae: 0.1036
27/101
train r2: 0.9985136029232631, valid r2: 0.991659960226201, test r2: 0.9936107655345008
Training Results:
r2: 0.9985
rmse: 0.0745
mae: 0.0569
Validation Results:
r2: 0.9917
rmse: 0.1742
mae: 0.1099
Test Results:
r2: 0.9936
rmse: 0.1506
mae: 0.1046
28/101
train r2: 0.9987279276942468, valid r2: 0.9924473370546322, test r2: 0.9939417170278481
Training Results:
r2: 0.9987
rmse: 0.0690
mae: 0.0496
Validation Results:
r2: 0.9924
rmse: 0.1658
mae: 0.1012
Test Results:
r2: 0.9939
rmse: 0.1467
mae: 0.0957
29/101
train r2: 0.9969035077370756, valid r2: 0.9907329342361939, test r2: 0.9920340484595059
Training Results:
r2: 0.9969
rmse: 0.1076
mae: 0.0863
Validation Results:
r2: 0.9907
rmse: 0.1836
mae: 0.1261
Test Results:
r2: 0.9920
rmse: 0.1682
mae: 0.1249
30/101
train r2: 0.998109036202399, valid r2: 0.9916083481317806, test r2: 0.9933732139907309
Training Results:
r2: 0.9981
rmse: 0.0841
mae: 0.0650
Validation Results:
r2: 0.9916
rmse: 0.1748
mae: 0.1129
Test Results:
r2: 0.9934
rmse: 0.1534
mae: 0.1065
31/101
train r2: 0.9983235253761248, valid r2: 0.9919196787649927, test r2: 0.9936293385612787
Training Results:
r2: 0.9983
rmse: 0.0792
mae: 0.0607
Validation Results:
r2: 0.9919
rmse: 0.1715
mae: 0.1088
Test Results:
r2: 0.9936
rmse: 0.1504
mae: 0.1030
32/101
train r2: 0.9984835583143855, valid r2: 0.9926898388811083, test r2: 0.993758639605698
Training Results:
r2: 0.9985
rmse: 0.0753
mae: 0.0541
Validation Results:
r2: 0.9927
rmse: 0.1631
mae: 0.1023
Test Results:
r2: 0.9938
rmse: 0.1489
mae: 0.0986
33/101
train r2: 0.9985814750237656, valid r2: 0.9925584927291285, test r2: 0.9938201438262075
Training Results:
r2: 0.9986
rmse: 0.0728
mae: 0.0563
Validation Results:
r2: 0.9926
rmse: 0.1646
mae: 0.1043
Test Results:
r2: 0.9938
rmse: 0.1481
mae: 0.1001
34/101
train r2: 0.9987162208029428, valid r2: 0.9932884680709747, test r2: 0.994275599982953
Training Results:
r2: 0.9987
rmse: 0.0693
mae: 0.0493
Validation Results:
r2: 0.9933
rmse: 0.1563
mae: 0.0978
Test Results:
r2: 0.9943
rmse: 0.1426
mae: 0.0932
35/101
train r2: 0.9988304223810411, valid r2: 0.9922218477034667, test r2: 0.9940895524768149
Training Results:
r2: 0.9988
rmse: 0.0662
mae: 0.0499
Validation Results:
r2: 0.9922
rmse: 0.1682
mae: 0.1015
Test Results:
r2: 0.9941
rmse: 0.1449
mae: 0.0931
36/101
train r2: 0.9987239685272578, valid r2: 0.9924362661339448, test r2: 0.9934960029052502
Training Results:
r2: 0.9987
rmse: 0.0691
mae: 0.0537
Validation Results:
r2: 0.9924
rmse: 0.1659
mae: 0.1030
Test Results:
r2: 0.9935
rmse: 0.1520
mae: 0.0997
37/101
train r2: 0.9991711932095327, valid r2: 0.992963535047453, test r2: 0.9944665414231831
Training Results:
r2: 0.9992
rmse: 0.0556
mae: 0.0409
Validation Results:
r2: 0.9930
rmse: 0.1600
mae: 0.0953
Test Results:
r2: 0.9945
rmse: 0.1402
mae: 0.0890
38/101
train r2: 0.9991131719960142, valid r2: 0.9930986349635302, test r2: 0.9941398185368635
Training Results:
r2: 0.9991
rmse: 0.0576
mae: 0.0436
Validation Results:
r2: 0.9931
rmse: 0.1585
mae: 0.0971
Test Results:
r2: 0.9941
rmse: 0.1443
mae: 0.0922
39/101
train r2: 0.9988578722286695, valid r2: 0.9925662878011766, test r2: 0.9937912506971215
Training Results:
r2: 0.9989
rmse: 0.0654
mae: 0.0486
Validation Results:
r2: 0.9926
rmse: 0.1645
mae: 0.1008
Test Results:
r2: 0.9938
rmse: 0.1485
mae: 0.0961
40/101
train r2: 0.9984229164677547, valid r2: 0.9922147865596943, test r2: 0.9936752100503181
Training Results:
r2: 0.9984
rmse: 0.0768
mae: 0.0622
Validation Results:
r2: 0.9922
rmse: 0.1683
mae: 0.1044
Test Results:
r2: 0.9937
rmse: 0.1499
mae: 0.1002
41/101
train r2: 0.9991034369210477, valid r2: 0.9921804621513385, test r2: 0.9931101117833688
Training Results:
r2: 0.9991
rmse: 0.0579
mae: 0.0420
Validation Results:
r2: 0.9922
rmse: 0.1687
mae: 0.0969
Test Results:
r2: 0.9931
rmse: 0.1564
mae: 0.0935
42/101
train r2: 0.9990383874758196, valid r2: 0.9936342010705077, test r2: 0.9950693665891858
Training Results:
r2: 0.9990
rmse: 0.0600
mae: 0.0446
Validation Results:
r2: 0.9936
rmse: 0.1522
mae: 0.0942
Test Results:
r2: 0.9951
rmse: 0.1323
mae: 0.0898
43/101
train r2: 0.9991680507268669, valid r2: 0.9931873065248084, test r2: 0.994534587550685
Training Results:
r2: 0.9992
rmse: 0.0558
mae: 0.0447
Validation Results:
r2: 0.9932
rmse: 0.1575
mae: 0.0952
Test Results:
r2: 0.9945
rmse: 0.1393
mae: 0.0905
44/101
train r2: 0.9985306235513399, valid r2: 0.9919958627535755, test r2: 0.9934816276265022
Training Results:
r2: 0.9985
rmse: 0.0741
mae: 0.0609
Validation Results:
r2: 0.9920
rmse: 0.1707
mae: 0.1062
Test Results:
r2: 0.9935
rmse: 0.1521
mae: 0.1008
45/101
train r2: 0.999035815766978, valid r2: 0.9927288881575957, test r2: 0.9937314310700017
Training Results:
r2: 0.9990
rmse: 0.0600
mae: 0.0483
Validation Results:
r2: 0.9927
rmse: 0.1627
mae: 0.0990
Test Results:
r2: 0.9937
rmse: 0.1492
mae: 0.0965
46/101
train r2: 0.999173637022068, valid r2: 0.9923392828172747, test r2: 0.9944750505321062
Training Results:
r2: 0.9992
rmse: 0.0556
mae: 0.0409
Validation Results:
r2: 0.9923
rmse: 0.1670
mae: 0.0959
Test Results:
r2: 0.9945
rmse: 0.1401
mae: 0.0885
47/101
train r2: 0.999183194112348, valid r2: 0.9934563768348847, test r2: 0.9947347355472946
Training Results:
r2: 0.9992
rmse: 0.0553
mae: 0.0416
Validation Results:
r2: 0.9935
rmse: 0.1543
mae: 0.0931
Test Results:
r2: 0.9947
rmse: 0.1367
mae: 0.0885
48/101
train r2: 0.998888069010291, valid r2: 0.9925245545165173, test r2: 0.9940952823902027
Training Results:
r2: 0.9989
rmse: 0.0645
mae: 0.0508
Validation Results:
r2: 0.9925
rmse: 0.1649
mae: 0.1018
Test Results:
r2: 0.9941
rmse: 0.1448
mae: 0.0961
49/101
train r2: 0.9990600134855061, valid r2: 0.9927499853545688, test r2: 0.9937462571899199
Training Results:
r2: 0.9991
rmse: 0.0593
mae: 0.0479
Validation Results:
r2: 0.9927
rmse: 0.1624
mae: 0.0982
Test Results:
r2: 0.9937
rmse: 0.1490
mae: 0.0953
50/101
train r2: 0.9992315656267117, valid r2: 0.9937392524758392, test r2: 0.9948106670522501
Training Results:
r2: 0.9992
rmse: 0.0536
mae: 0.0395
Validation Results:
r2: 0.9937
rmse: 0.1509
mae: 0.0899
Test Results:
r2: 0.9948
rmse: 0.1357
mae: 0.0864
51/101
train r2: 0.9991688663554195, valid r2: 0.9934491034735313, test r2: 0.9945458791395083
Training Results:
r2: 0.9992
rmse: 0.0557
mae: 0.0440
Validation Results:
r2: 0.9934
rmse: 0.1544
mae: 0.0947
Test Results:
r2: 0.9945
rmse: 0.1392
mae: 0.0914
52/101
train r2: 0.9995003477675236, valid r2: 0.9939623938359641, test r2: 0.9949256980255092
Training Results:
r2: 0.9995
rmse: 0.0432
mae: 0.0338
Validation Results:
r2: 0.9940
rmse: 0.1482
mae: 0.0892
Test Results:
r2: 0.9949
rmse: 0.1342
mae: 0.0854
53/101
train r2: 0.9995872909406797, valid r2: 0.9939348838012354, test r2: 0.9949243783922561
Training Results:
r2: 0.9996
rmse: 0.0393
mae: 0.0286
Validation Results:
r2: 0.9939
rmse: 0.1486
mae: 0.0876
Test Results:
r2: 0.9949
rmse: 0.1343
mae: 0.0832
54/101
train r2: 0.9992445263919648, valid r2: 0.9927990687593574, test r2: 0.9931837020348195
Training Results:
r2: 0.9992
rmse: 0.0531
mae: 0.0371
Validation Results:
r2: 0.9928
rmse: 0.1619
mae: 0.0932
Test Results:
r2: 0.9932
rmse: 0.1556
mae: 0.0904
55/101
train r2: 0.9995330025301687, valid r2: 0.9933089782003287, test r2: 0.9951930707747189
Training Results:
r2: 0.9995
rmse: 0.0418
mae: 0.0305
Validation Results:
r2: 0.9933
rmse: 0.1560
mae: 0.0902
Test Results:
r2: 0.9952
rmse: 0.1307
mae: 0.0824
56/101
train r2: 0.9994133719573414, valid r2: 0.9934228193698478, test r2: 0.995406100167679
Training Results:
r2: 0.9994
rmse: 0.0468
mae: 0.0347
Validation Results:
r2: 0.9934
rmse: 0.1547
mae: 0.0916
Test Results:
r2: 0.9954
rmse: 0.1277
mae: 0.0844
57/101
train r2: 0.999616991326058, valid r2: 0.9938601791444889, test r2: 0.9956198028135604
Training Results:
r2: 0.9996
rmse: 0.0378
mae: 0.0271
Validation Results:
r2: 0.9939
rmse: 0.1495
mae: 0.0884
Test Results:
r2: 0.9956
rmse: 0.1247
mae: 0.0812
58/101
train r2: 0.9992971262668185, valid r2: 0.9933850026174408, test r2: 0.9946443305447839
Training Results:
r2: 0.9993
rmse: 0.0513
mae: 0.0401
Validation Results:
r2: 0.9934
rmse: 0.1552
mae: 0.0927
Test Results:
r2: 0.9946
rmse: 0.1379
mae: 0.0881
59/101
train r2: 0.9995436638309995, valid r2: 0.9931598088180675, test r2: 0.9947049171935577
Training Results:
r2: 0.9995
rmse: 0.0413
mae: 0.0295
Validation Results:
r2: 0.9932
rmse: 0.1578
mae: 0.0883
Test Results:
r2: 0.9947
rmse: 0.1371
mae: 0.0847
60/101
train r2: 0.9996746124114, valid r2: 0.9941596602908552, test r2: 0.9955213409842462
Training Results:
r2: 0.9997
rmse: 0.0349
mae: 0.0261
Validation Results:
r2: 0.9942
rmse: 0.1458
mae: 0.0849
Test Results:
r2: 0.9955
rmse: 0.1261
mae: 0.0804
61/101
train r2: 0.9996581134011476, valid r2: 0.9933022429893014, test r2: 0.9947384283521534
Training Results:
r2: 0.9997
rmse: 0.0358
mae: 0.0254
Validation Results:
r2: 0.9933
rmse: 0.1561
mae: 0.0868
Test Results:
r2: 0.9947
rmse: 0.1367
mae: 0.0834
62/101
train r2: 0.9996189474874799, valid r2: 0.9934619789308811, test r2: 0.9951293622106357
Training Results:
r2: 0.9996
rmse: 0.0378
mae: 0.0293
Validation Results:
r2: 0.9935
rmse: 0.1542
mae: 0.0891
Test Results:
r2: 0.9951
rmse: 0.1315
mae: 0.0834
63/101
train r2: 0.9996421685282928, valid r2: 0.9938333913305073, test r2: 0.9954676277613796
Training Results:
r2: 0.9996
rmse: 0.0366
mae: 0.0291
Validation Results:
r2: 0.9938
rmse: 0.1498
mae: 0.0872
Test Results:
r2: 0.9955
rmse: 0.1269
mae: 0.0813
64/101
train r2: 0.9997251042977, valid r2: 0.9941402445944516, test r2: 0.9956248137635803
Training Results:
r2: 0.9997
rmse: 0.0321
mae: 0.0249
Validation Results:
r2: 0.9941
rmse: 0.1460
mae: 0.0845
Test Results:
r2: 0.9956
rmse: 0.1246
mae: 0.0801
65/101
train r2: 0.9997554792761478, valid r2: 0.9936989073583388, test r2: 0.9952946065484927
Training Results:
r2: 0.9998
rmse: 0.0302
mae: 0.0229
Validation Results:
r2: 0.9937
rmse: 0.1514
mae: 0.0858
Test Results:
r2: 0.9953
rmse: 0.1293
mae: 0.0818
66/101
train r2: 0.9996656372047095, valid r2: 0.9935360400046056, test r2: 0.9950274834464728
Training Results:
r2: 0.9997
rmse: 0.0354
mae: 0.0262
Validation Results:
r2: 0.9935
rmse: 0.1534
mae: 0.0877
Test Results:
r2: 0.9950
rmse: 0.1329
mae: 0.0829
67/101
train r2: 0.9997340836041655, valid r2: 0.9937737804848144, test r2: 0.9953965897953775
Training Results:
r2: 0.9997
rmse: 0.0315
mae: 0.0232
Validation Results:
r2: 0.9938
rmse: 0.1505
mae: 0.0863
Test Results:
r2: 0.9954
rmse: 0.1279
mae: 0.0802
68/101
train r2: 0.9997081689142998, valid r2: 0.9936057057608755, test r2: 0.995196778538667
Training Results:
r2: 0.9997
rmse: 0.0330
mae: 0.0248
Validation Results:
r2: 0.9936
rmse: 0.1525
mae: 0.0868
Test Results:
r2: 0.9952
rmse: 0.1306
mae: 0.0808
69/101
train r2: 0.9997870223718442, valid r2: 0.9939019986546034, test r2: 0.9954750755285808
Training Results:
r2: 0.9998
rmse: 0.0282
mae: 0.0219
Validation Results:
r2: 0.9939
rmse: 0.1490
mae: 0.0855
Test Results:
r2: 0.9955
rmse: 0.1268
mae: 0.0797
70/101
train r2: 0.9997777672855696, valid r2: 0.9936976692657131, test r2: 0.9953567251135831
Training Results:
r2: 0.9998
rmse: 0.0288
mae: 0.0214
Validation Results:
r2: 0.9937
rmse: 0.1514
mae: 0.0850
Test Results:
r2: 0.9954
rmse: 0.1284
mae: 0.0800
71/101
train r2: 0.9997587656182331, valid r2: 0.9937491097866041, test r2: 0.9954923819941104
Training Results:
r2: 0.9998
rmse: 0.0300
mae: 0.0232
Validation Results:
r2: 0.9937
rmse: 0.1508
mae: 0.0855
Test Results:
r2: 0.9955
rmse: 0.1265
mae: 0.0794
72/101
train r2: 0.9998644588300379, valid r2: 0.9938431984854382, test r2: 0.9953459379573782
Training Results:
r2: 0.9999
rmse: 0.0225
mae: 0.0168
Validation Results:
r2: 0.9938
rmse: 0.1497
mae: 0.0839
Test Results:
r2: 0.9953
rmse: 0.1286
mae: 0.0788
73/101
train r2: 0.9998283315284607, valid r2: 0.9939208761588257, test r2: 0.9956159890587473
Training Results:
r2: 0.9998
rmse: 0.0253
mae: 0.0194
Validation Results:
r2: 0.9939
rmse: 0.1487
mae: 0.0852
Test Results:
r2: 0.9956
rmse: 0.1248
mae: 0.0788
74/101
train r2: 0.9998644119657021, valid r2: 0.9942958649864414, test r2: 0.9958692776521655
Training Results:
r2: 0.9999
rmse: 0.0225
mae: 0.0168
Validation Results:
r2: 0.9943
rmse: 0.1441
mae: 0.0827
Test Results:
r2: 0.9959
rmse: 0.1211
mae: 0.0764
75/101
train r2: 0.9999131203669435, valid r2: 0.9941877322774936, test r2: 0.9957639443836505
Training Results:
r2: 0.9999
rmse: 0.0180
mae: 0.0134
Validation Results:
r2: 0.9942
rmse: 0.1454
mae: 0.0825
Test Results:
r2: 0.9958
rmse: 0.1226
mae: 0.0764
76/101
train r2: 0.9998806592029106, valid r2: 0.9939137668521788, test r2: 0.9954647223749609
Training Results:
r2: 0.9999
rmse: 0.0211
mae: 0.0160
Validation Results:
r2: 0.9939
rmse: 0.1488
mae: 0.0847
Test Results:
r2: 0.9955
rmse: 0.1269
mae: 0.0793
77/101
train r2: 0.9999181667801861, valid r2: 0.9941699098225344, test r2: 0.9957706522262385
Training Results:
r2: 0.9999
rmse: 0.0175
mae: 0.0127
Validation Results:
r2: 0.9942
rmse: 0.1457
mae: 0.0826
Test Results:
r2: 0.9958
rmse: 0.1226
mae: 0.0767
78/101
train r2: 0.9999033909000745, valid r2: 0.9939941475351636, test r2: 0.9955826282354147
Training Results:
r2: 0.9999
rmse: 0.0190
mae: 0.0142
Validation Results:
r2: 0.9940
rmse: 0.1478
mae: 0.0828
Test Results:
r2: 0.9956
rmse: 0.1252
mae: 0.0769
79/101
train r2: 0.9999188948869093, valid r2: 0.9941456148507336, test r2: 0.9956426727448066
Training Results:
r2: 0.9999
rmse: 0.0174
mae: 0.0130
Validation Results:
r2: 0.9941
rmse: 0.1460
mae: 0.0824
Test Results:
r2: 0.9956
rmse: 0.1244
mae: 0.0778
80/101
train r2: 0.9998901014480548, valid r2: 0.9941787803690049, test r2: 0.9956089058668365
Training Results:
r2: 0.9999
rmse: 0.0203
mae: 0.0152
Validation Results:
r2: 0.9942
rmse: 0.1455
mae: 0.0828
Test Results:
r2: 0.9956
rmse: 0.1249
mae: 0.0777
81/101
train r2: 0.9999398606730108, valid r2: 0.9941697701968596, test r2: 0.9957448839983838
Training Results:
r2: 0.9999
rmse: 0.0150
mae: 0.0110
Validation Results:
r2: 0.9942
rmse: 0.1457
mae: 0.0818
Test Results:
r2: 0.9957
rmse: 0.1229
mae: 0.0762
82/101
train r2: 0.9999295860707229, valid r2: 0.9941061921887768, test r2: 0.9957030769505857
Training Results:
r2: 0.9999
rmse: 0.0162
mae: 0.0123
Validation Results:
r2: 0.9941
rmse: 0.1465
mae: 0.0827
Test Results:
r2: 0.9957
rmse: 0.1235
mae: 0.0764
83/101
train r2: 0.9999379392911036, valid r2: 0.9941701173592374, test r2: 0.9957885679915948
Training Results:
r2: 0.9999
rmse: 0.0152
mae: 0.0113
Validation Results:
r2: 0.9942
rmse: 0.1457
mae: 0.0827
Test Results:
r2: 0.9958
rmse: 0.1223
mae: 0.0759
84/101
train r2: 0.9999282925760402, valid r2: 0.9940213338557878, test r2: 0.9955851771848999
Training Results:
r2: 0.9999
rmse: 0.0164
mae: 0.0124
Validation Results:
r2: 0.9940
rmse: 0.1475
mae: 0.0833
Test Results:
r2: 0.9956
rmse: 0.1252
mae: 0.0768
85/101
train r2: 0.9999691652544854, valid r2: 0.9941652454401897, test r2: 0.9957662046978022
Training Results:
r2: 1.0000
rmse: 0.0107
mae: 0.0080
Validation Results:
r2: 0.9942
rmse: 0.1457
mae: 0.0820
Test Results:
r2: 0.9958
rmse: 0.1226
mae: 0.0758
86/101
train r2: 0.9999754450278211, valid r2: 0.9940606310414034, test r2: 0.9956143598729907
Training Results:
r2: 1.0000
rmse: 0.0096
mae: 0.0073
Validation Results:
r2: 0.9941
rmse: 0.1470
mae: 0.0820
Test Results:
r2: 0.9956
rmse: 0.1248
mae: 0.0766
87/101
train r2: 0.9999704984728619, valid r2: 0.9942353602503965, test r2: 0.995701980571276
Training Results:
r2: 1.0000
rmse: 0.0105
mae: 0.0080
Validation Results:
r2: 0.9942
rmse: 0.1448
mae: 0.0815
Test Results:
r2: 0.9957
rmse: 0.1235
mae: 0.0762
88/101
train r2: 0.9999773023777097, valid r2: 0.9942363557874045, test r2: 0.9957324143388057
Training Results:
r2: 1.0000
rmse: 0.0092
mae: 0.0072
Validation Results:
r2: 0.9942
rmse: 0.1448
mae: 0.0816
Test Results:
r2: 0.9957
rmse: 0.1231
mae: 0.0760
89/101
train r2: 0.9999849367951132, valid r2: 0.9942977179904225, test r2: 0.9958010740390766
Training Results:
r2: 1.0000
rmse: 0.0075
mae: 0.0055
Validation Results:
r2: 0.9943
rmse: 0.1441
mae: 0.0815
Test Results:
r2: 0.9958
rmse: 0.1221
mae: 0.0755
90/101
train r2: 0.9999854934668146, valid r2: 0.994169912002777, test r2: 0.9957080784264662
Training Results:
r2: 1.0000
rmse: 0.0074
mae: 0.0059
Validation Results:
r2: 0.9942
rmse: 0.1457
mae: 0.0820
Test Results:
r2: 0.9957
rmse: 0.1235
mae: 0.0760
91/101
train r2: 0.9999920773261419, valid r2: 0.9941607357475358, test r2: 0.995696252388805
Training Results:
r2: 1.0000
rmse: 0.0054
mae: 0.0041
Validation Results:
r2: 0.9942
rmse: 0.1458
mae: 0.0819
Test Results:
r2: 0.9957
rmse: 0.1236
mae: 0.0758
92/101
train r2: 0.9999938823301682, valid r2: 0.9941706783099344, test r2: 0.9957108498074071
Training Results:
r2: 1.0000
rmse: 0.0048
mae: 0.0036
Validation Results:
r2: 0.9942
rmse: 0.1456
mae: 0.0818
Test Results:
r2: 0.9957
rmse: 0.1234
mae: 0.0757
93/101
train r2: 0.9999947038953179, valid r2: 0.9942102329561178, test r2: 0.9957485422395514
Training Results:
r2: 1.0000
rmse: 0.0044
mae: 0.0034
Validation Results:
r2: 0.9942
rmse: 0.1452
mae: 0.0815
Test Results:
r2: 0.9957
rmse: 0.1229
mae: 0.0757
94/101
train r2: 0.9999960567193429, valid r2: 0.9942077793331875, test r2: 0.9957091278298413
Training Results:
r2: 1.0000
rmse: 0.0038
mae: 0.0030
Validation Results:
r2: 0.9942
rmse: 0.1452
mae: 0.0816
Test Results:
r2: 0.9957
rmse: 0.1234
mae: 0.0759
95/101
train r2: 0.9999958793407566, valid r2: 0.9942069117710867, test r2: 0.9957348053473157
Training Results:
r2: 1.0000
rmse: 0.0039
mae: 0.0031
Validation Results:
r2: 0.9942
rmse: 0.1452
mae: 0.0815
Test Results:
r2: 0.9957
rmse: 0.1231
mae: 0.0757
96/101
train r2: 0.9999979388834374, valid r2: 0.9941964178256781, test r2: 0.995727543207311
Training Results:
r2: 1.0000
rmse: 0.0028
mae: 0.0022
Validation Results:
r2: 0.9942
rmse: 0.1453
mae: 0.0815
Test Results:
r2: 0.9957
rmse: 0.1232
mae: 0.0757
97/101
train r2: 0.9999993363281977, valid r2: 0.9942061941410115, test r2: 0.9957279701403813
Training Results:
r2: 1.0000
rmse: 0.0016
mae: 0.0012
Validation Results:
r2: 0.9942
rmse: 0.1452
mae: 0.0815
Test Results:
r2: 0.9957
rmse: 0.1232
mae: 0.0757
98/101
train r2: 0.9999995880906312, valid r2: 0.9942091494639728, test r2: 0.9957255222408683
Training Results:
r2: 1.0000
rmse: 0.0012
mae: 0.0010
Validation Results:
r2: 0.9942
rmse: 0.1452
mae: 0.0815
Test Results:
r2: 0.9957
rmse: 0.1232
mae: 0.0757
99/101
train r2: 0.9999997231700137, valid r2: 0.9942069516829628, test r2: 0.9957291839337167
Training Results:
r2: 1.0000
rmse: 0.0010
mae: 0.0008
Validation Results:
r2: 0.9942
rmse: 0.1452
mae: 0.0815
Test Results:
r2: 0.9957
rmse: 0.1232
mae: 0.0757
100/101
train r2: 0.99999977883136, valid r2: 0.994212098637891, test r2: 0.9957315842255803
Training Results:
r2: 1.0000
rmse: 0.0009
mae: 0.0007
Validation Results:
r2: 0.9942
rmse: 0.1451
mae: 0.0815
Test Results:
r2: 0.9957
rmse: 0.1231
mae: 0.0757
train: 1.0000, val: 0.9943, test: 0.9958
end_test_result: (0.9987870588545059, 0.065629743039608, 0.04707353189587593)
args.seed: 2064
use label scaler
use label scaler
use label scaler
model have 90.143705M paramerters in total
train_dataset.mean: tensor([-2.4398]) train_dataset.std: tensor([1.9338])
1/101
train r2: 0.8274392095310719, valid r2: 0.7801630538638726, test r2: 0.8021159359629004
Training Results:
r2: 0.8274
rmse: 0.8030
mae: 0.6105
Validation Results:
r2: 0.7802
rmse: 0.8944
mae: 0.6536
Test Results:
r2: 0.8021
rmse: 0.8383
mae: 0.6150
2/101
train r2: 0.9578499575602115, valid r2: 0.9282038781836419, test r2: 0.9350744710872163
Training Results:
r2: 0.9578
rmse: 0.3969
mae: 0.2861
Validation Results:
r2: 0.9282
rmse: 0.5111
mae: 0.3407
Test Results:
r2: 0.9351
rmse: 0.4802
mae: 0.3271
3/101
train r2: 0.9814151704070534, valid r2: 0.9668154575666851, test r2: 0.9702539887882282
Training Results:
r2: 0.9814
rmse: 0.2634
mae: 0.1981
Validation Results:
r2: 0.9668
rmse: 0.3475
mae: 0.2484
Test Results:
r2: 0.9703
rmse: 0.3250
mae: 0.2380
4/101
train r2: 0.9901881809806321, valid r2: 0.977068909612615, test r2: 0.9798695459370692
Training Results:
r2: 0.9902
rmse: 0.1916
mae: 0.1471
Validation Results:
r2: 0.9771
rmse: 0.2889
mae: 0.2059
Test Results:
r2: 0.9799
rmse: 0.2674
mae: 0.1962
5/101
train r2: 0.9926294060466073, valid r2: 0.9800143137023867, test r2: 0.9817434064081122
Training Results:
r2: 0.9926
rmse: 0.1661
mae: 0.1304
Validation Results:
r2: 0.9800
rmse: 0.2697
mae: 0.1926
Test Results:
r2: 0.9817
rmse: 0.2546
mae: 0.1868
6/101
train r2: 0.9941292785233173, valid r2: 0.982013566285095, test r2: 0.9840352391824162
Training Results:
r2: 0.9941
rmse: 0.1482
mae: 0.1176
Validation Results:
r2: 0.9820
rmse: 0.2558
mae: 0.1833
Test Results:
r2: 0.9840
rmse: 0.2381
mae: 0.1757
7/101
train r2: 0.9954401312746688, valid r2: 0.9833910494941224, test r2: 0.985541749134018
Training Results:
r2: 0.9954
rmse: 0.1306
mae: 0.1027
Validation Results:
r2: 0.9834
rmse: 0.2458
mae: 0.1749
Test Results:
r2: 0.9855
rmse: 0.2266
mae: 0.1681
8/101
train r2: 0.994304058291994, valid r2: 0.9824333776191625, test r2: 0.984966438453029
Training Results:
r2: 0.9943
rmse: 0.1460
mae: 0.1104
Validation Results:
r2: 0.9824
rmse: 0.2528
mae: 0.1740
Test Results:
r2: 0.9850
rmse: 0.2311
mae: 0.1665
9/101
train r2: 0.9924040274843807, valid r2: 0.9786296115683935, test r2: 0.980367800292619
Training Results:
r2: 0.9924
rmse: 0.1684
mae: 0.1190
Validation Results:
r2: 0.9786
rmse: 0.2789
mae: 0.1757
Test Results:
r2: 0.9804
rmse: 0.2640
mae: 0.1740
10/101
train r2: 0.9944153711676254, valid r2: 0.9851008483012165, test r2: 0.9862895146188851
Training Results:
r2: 0.9944
rmse: 0.1445
mae: 0.1068
Validation Results:
r2: 0.9851
rmse: 0.2328
mae: 0.1649
Test Results:
r2: 0.9863
rmse: 0.2207
mae: 0.1573
11/101
train r2: 0.9925867723223735, valid r2: 0.9826357213706757, test r2: 0.9842020844861277
Training Results:
r2: 0.9926
rmse: 0.1665
mae: 0.1280
Validation Results:
r2: 0.9826
rmse: 0.2514
mae: 0.1721
Test Results:
r2: 0.9842
rmse: 0.2369
mae: 0.1728
12/101
train r2: 0.9945549500330664, valid r2: 0.9849142008475151, test r2: 0.9867396449286855
Training Results:
r2: 0.9946
rmse: 0.1427
mae: 0.1118
Validation Results:
r2: 0.9849
rmse: 0.2343
mae: 0.1619
Test Results:
r2: 0.9867
rmse: 0.2170
mae: 0.1567
13/101
train r2: 0.9966669312666195, valid r2: 0.9877147153753795, test r2: 0.9902191072462444
Training Results:
r2: 0.9967
rmse: 0.1116
mae: 0.0844
Validation Results:
r2: 0.9877
rmse: 0.2114
mae: 0.1407
Test Results:
r2: 0.9902
rmse: 0.1864
mae: 0.1319
14/101
train r2: 0.9966627234910143, valid r2: 0.9888714360843319, test r2: 0.9906528558869454
Training Results:
r2: 0.9967
rmse: 0.1117
mae: 0.0819
Validation Results:
r2: 0.9889
rmse: 0.2012
mae: 0.1351
Test Results:
r2: 0.9907
rmse: 0.1822
mae: 0.1275
15/101
train r2: 0.9957511500260804, valid r2: 0.9880882273661985, test r2: 0.9900351407444071
Training Results:
r2: 0.9958
rmse: 0.1261
mae: 0.0929
Validation Results:
r2: 0.9881
rmse: 0.2082
mae: 0.1418
Test Results:
r2: 0.9900
rmse: 0.1881
mae: 0.1351
16/101
train r2: 0.9944102953307485, valid r2: 0.9854217122389528, test r2: 0.9882897586951316
Training Results:
r2: 0.9944
rmse: 0.1446
mae: 0.1134
Validation Results:
r2: 0.9854
rmse: 0.2303
mae: 0.1626
Test Results:
r2: 0.9883
rmse: 0.2039
mae: 0.1456
17/101
train r2: 0.996053837787061, valid r2: 0.9882846972582054, test r2: 0.9901426042242333
Training Results:
r2: 0.9961
rmse: 0.1215
mae: 0.0975
Validation Results:
r2: 0.9883
rmse: 0.2065
mae: 0.1403
Test Results:
r2: 0.9901
rmse: 0.1871
mae: 0.1396
18/101
train r2: 0.9966655207899355, valid r2: 0.9889585700510753, test r2: 0.9913703181124003
Training Results:
r2: 0.9967
rmse: 0.1117
mae: 0.0832
Validation Results:
r2: 0.9890
rmse: 0.2005
mae: 0.1347
Test Results:
r2: 0.9914
rmse: 0.1751
mae: 0.1261
19/101
train r2: 0.9968905135277395, valid r2: 0.9893635320576826, test r2: 0.9907371527247055
Training Results:
r2: 0.9969
rmse: 0.1078
mae: 0.0816
Validation Results:
r2: 0.9894
rmse: 0.1967
mae: 0.1319
Test Results:
r2: 0.9907
rmse: 0.1814
mae: 0.1256
20/101
train r2: 0.9976556170869213, valid r2: 0.9895460843163464, test r2: 0.9916775187917416
Training Results:
r2: 0.9977
rmse: 0.0937
mae: 0.0720
Validation Results:
r2: 0.9895
rmse: 0.1950
mae: 0.1250
Test Results:
r2: 0.9917
rmse: 0.1719
mae: 0.1189
21/101
train r2: 0.9970936500305334, valid r2: 0.9882870688559646, test r2: 0.9905741855213462
Training Results:
r2: 0.9971
rmse: 0.1042
mae: 0.0775
Validation Results:
r2: 0.9883
rmse: 0.2065
mae: 0.1293
Test Results:
r2: 0.9906
rmse: 0.1830
mae: 0.1238
22/101
train r2: 0.9979835327292021, valid r2: 0.9901225654101451, test r2: 0.9928226498092424
Training Results:
r2: 0.9980
rmse: 0.0868
mae: 0.0665
Validation Results:
r2: 0.9901
rmse: 0.1896
mae: 0.1191
Test Results:
r2: 0.9928
rmse: 0.1596
mae: 0.1102
23/101
train r2: 0.9971974394204476, valid r2: 0.9905670577508581, test r2: 0.9918151466849511
Training Results:
r2: 0.9972
rmse: 0.1024
mae: 0.0783
Validation Results:
r2: 0.9906
rmse: 0.1853
mae: 0.1267
Test Results:
r2: 0.9918
rmse: 0.1705
mae: 0.1161
24/101
train r2: 0.9978348844969467, valid r2: 0.9907829366260195, test r2: 0.9922461792926524
Training Results:
r2: 0.9978
rmse: 0.0900
mae: 0.0671
Validation Results:
r2: 0.9908
rmse: 0.1831
mae: 0.1163
Test Results:
r2: 0.9922
rmse: 0.1659
mae: 0.1111
25/101
train r2: 0.9968609203005454, valid r2: 0.9905442959343169, test r2: 0.9923742914547506
Training Results:
r2: 0.9969
rmse: 0.1084
mae: 0.0870
Validation Results:
r2: 0.9905
rmse: 0.1855
mae: 0.1245
Test Results:
r2: 0.9924
rmse: 0.1646
mae: 0.1181
26/101
train r2: 0.9982118850477484, valid r2: 0.991966053194855, test r2: 0.9932714108959971
Training Results:
r2: 0.9982
rmse: 0.0818
mae: 0.0615
Validation Results:
r2: 0.9920
rmse: 0.1710
mae: 0.1102
Test Results:
r2: 0.9933
rmse: 0.1546
mae: 0.1049
27/101
train r2: 0.9980029305078375, valid r2: 0.9904413443739875, test r2: 0.9924612826011124
Training Results:
r2: 0.9980
rmse: 0.0864
mae: 0.0641
Validation Results:
r2: 0.9904
rmse: 0.1865
mae: 0.1124
Test Results:
r2: 0.9925
rmse: 0.1636
mae: 0.1093
28/101
train r2: 0.9977809394876404, valid r2: 0.9902979207496829, test r2: 0.9917250117268621
Training Results:
r2: 0.9978
rmse: 0.0911
mae: 0.0655
Validation Results:
r2: 0.9903
rmse: 0.1879
mae: 0.1153
Test Results:
r2: 0.9917
rmse: 0.1714
mae: 0.1112
29/101
train r2: 0.9982141872250854, valid r2: 0.9916790202022137, test r2: 0.993754707058532
Training Results:
r2: 0.9982
rmse: 0.0817
mae: 0.0589
Validation Results:
r2: 0.9917
rmse: 0.1740
mae: 0.1086
Test Results:
r2: 0.9938
rmse: 0.1489
mae: 0.1020
30/101
train r2: 0.9975296797553614, valid r2: 0.9911762727682782, test r2: 0.9925448563593542
Training Results:
r2: 0.9975
rmse: 0.0961
mae: 0.0754
Validation Results:
r2: 0.9912
rmse: 0.1792
mae: 0.1198
Test Results:
r2: 0.9925
rmse: 0.1627
mae: 0.1148
31/101
train r2: 0.9982294372413617, valid r2: 0.9925656645660178, test r2: 0.9935851617083162
Training Results:
r2: 0.9982
rmse: 0.0814
mae: 0.0590
Validation Results:
r2: 0.9926
rmse: 0.1645
mae: 0.1064
Test Results:
r2: 0.9936
rmse: 0.1509
mae: 0.1013
32/101
train r2: 0.9984596046565447, valid r2: 0.9911050598206709, test r2: 0.9930479805865408
Training Results:
r2: 0.9985
rmse: 0.0759
mae: 0.0553
Validation Results:
r2: 0.9911
rmse: 0.1799
mae: 0.1089
Test Results:
r2: 0.9930
rmse: 0.1571
mae: 0.1006
33/101
train r2: 0.9980488539062674, valid r2: 0.9922479691985747, test r2: 0.9938193698859752
Training Results:
r2: 0.9980
rmse: 0.0854
mae: 0.0659
Validation Results:
r2: 0.9922
rmse: 0.1680
mae: 0.1096
Test Results:
r2: 0.9938
rmse: 0.1481
mae: 0.1024
34/101
train r2: 0.9986847643071357, valid r2: 0.9926968239948867, test r2: 0.994178269697059
Training Results:
r2: 0.9987
rmse: 0.0702
mae: 0.0540
Validation Results:
r2: 0.9927
rmse: 0.1630
mae: 0.1047
Test Results:
r2: 0.9942
rmse: 0.1438
mae: 0.0974
35/101
train r2: 0.9990519103119306, valid r2: 0.9922969761909785, test r2: 0.9938787595849181
Training Results:
r2: 0.9991
rmse: 0.0596
mae: 0.0459
Validation Results:
r2: 0.9923
rmse: 0.1674
mae: 0.1030
Test Results:
r2: 0.9939
rmse: 0.1474
mae: 0.0966
36/101
train r2: 0.9992668107518095, valid r2: 0.9928605169622943, test r2: 0.9946403167196703
Training Results:
r2: 0.9993
rmse: 0.0523
mae: 0.0388
Validation Results:
r2: 0.9929
rmse: 0.1612
mae: 0.0942
Test Results:
r2: 0.9946
rmse: 0.1380
mae: 0.0887
37/101
train r2: 0.9986802506544566, valid r2: 0.9927848797621729, test r2: 0.9946081159197807
Training Results:
r2: 0.9987
rmse: 0.0703
mae: 0.0521
Validation Results:
r2: 0.9928
rmse: 0.1620
mae: 0.1021
Test Results:
r2: 0.9946
rmse: 0.1384
mae: 0.0922
38/101
train r2: 0.9986557452783877, valid r2: 0.992221987000408, test r2: 0.9938558507691747
Training Results:
r2: 0.9987
rmse: 0.0709
mae: 0.0531
Validation Results:
r2: 0.9922
rmse: 0.1682
mae: 0.1013
Test Results:
r2: 0.9939
rmse: 0.1477
mae: 0.0983
39/101
train r2: 0.9986901904996335, valid r2: 0.9929675831878905, test r2: 0.9947170086808322
Training Results:
r2: 0.9987
rmse: 0.0700
mae: 0.0525
Validation Results:
r2: 0.9930
rmse: 0.1600
mae: 0.1011
Test Results:
r2: 0.9947
rmse: 0.1370
mae: 0.0926
40/101
train r2: 0.9992620429900213, valid r2: 0.9928983473194222, test r2: 0.994477541889752
Training Results:
r2: 0.9993
rmse: 0.0525
mae: 0.0399
Validation Results:
r2: 0.9929
rmse: 0.1608
mae: 0.0944
Test Results:
r2: 0.9945
rmse: 0.1400
mae: 0.0904
41/101
train r2: 0.9991529512739847, valid r2: 0.9928467066650464, test r2: 0.9942144693122579
Training Results:
r2: 0.9992
rmse: 0.0563
mae: 0.0428
Validation Results:
r2: 0.9928
rmse: 0.1613
mae: 0.0978
Test Results:
r2: 0.9942
rmse: 0.1433
mae: 0.0926
42/101
train r2: 0.9994043932558488, valid r2: 0.9930364315103053, test r2: 0.9948478005704641
Training Results:
r2: 0.9994
rmse: 0.0472
mae: 0.0356
Validation Results:
r2: 0.9930
rmse: 0.1592
mae: 0.0931
Test Results:
r2: 0.9948
rmse: 0.1353
mae: 0.0858
43/101
train r2: 0.9993020466515493, valid r2: 0.9933245017524583, test r2: 0.9948269452411891
Training Results:
r2: 0.9993
rmse: 0.0511
mae: 0.0391
Validation Results:
r2: 0.9933
rmse: 0.1559
mae: 0.0953
Test Results:
r2: 0.9948
rmse: 0.1355
mae: 0.0905
44/101
train r2: 0.999217952690677, valid r2: 0.9928062231758041, test r2: 0.9945027059308613
Training Results:
r2: 0.9992
rmse: 0.0541
mae: 0.0400
Validation Results:
r2: 0.9928
rmse: 0.1618
mae: 0.0937
Test Results:
r2: 0.9945
rmse: 0.1397
mae: 0.0882
45/101
train r2: 0.9989797916676759, valid r2: 0.9930424944432223, test r2: 0.9945182049909643
Training Results:
r2: 0.9990
rmse: 0.0618
mae: 0.0469
Validation Results:
r2: 0.9930
rmse: 0.1591
mae: 0.0991
Test Results:
r2: 0.9945
rmse: 0.1395
mae: 0.0921
46/101
train r2: 0.9990369362351857, valid r2: 0.9923156022763255, test r2: 0.9943574339283264
Training Results:
r2: 0.9990
rmse: 0.0600
mae: 0.0450
Validation Results:
r2: 0.9923
rmse: 0.1672
mae: 0.1000
Test Results:
r2: 0.9944
rmse: 0.1416
mae: 0.0915
47/101
train r2: 0.9993249232785982, valid r2: 0.9932660650293715, test r2: 0.9949416004047003
Training Results:
r2: 0.9993
rmse: 0.0503
mae: 0.0384
Validation Results:
r2: 0.9933
rmse: 0.1565
mae: 0.0929
Test Results:
r2: 0.9949
rmse: 0.1340
mae: 0.0878
48/101
train r2: 0.9989112943297732, valid r2: 0.9933326013854901, test r2: 0.9946931338388945
Training Results:
r2: 0.9989
rmse: 0.0638
mae: 0.0490
Validation Results:
r2: 0.9933
rmse: 0.1558
mae: 0.0981
Test Results:
r2: 0.9947
rmse: 0.1373
mae: 0.0915
49/101
train r2: 0.9994169157536432, valid r2: 0.9934667139438637, test r2: 0.9952346507789978
Training Results:
r2: 0.9994
rmse: 0.0467
mae: 0.0353
Validation Results:
r2: 0.9935
rmse: 0.1542
mae: 0.0925
Test Results:
r2: 0.9952
rmse: 0.1301
mae: 0.0831
50/101
train r2: 0.9994377126869242, valid r2: 0.9932234070298825, test r2: 0.9948990050957522
Training Results:
r2: 0.9994
rmse: 0.0458
mae: 0.0353
Validation Results:
r2: 0.9932
rmse: 0.1570
mae: 0.0922
Test Results:
r2: 0.9949
rmse: 0.1346
mae: 0.0858
51/101
train r2: 0.9995979261204755, valid r2: 0.9934492743528963, test r2: 0.9953291711368049
Training Results:
r2: 0.9996
rmse: 0.0388
mae: 0.0285
Validation Results:
r2: 0.9934
rmse: 0.1544
mae: 0.0885
Test Results:
r2: 0.9953
rmse: 0.1288
mae: 0.0808
52/101
train r2: 0.9990491125852332, valid r2: 0.9928463151917803, test r2: 0.9945169564269297
Training Results:
r2: 0.9990
rmse: 0.0596
mae: 0.0491
Validation Results:
r2: 0.9928
rmse: 0.1613
mae: 0.0996
Test Results:
r2: 0.9945
rmse: 0.1395
mae: 0.0937
53/101
train r2: 0.9994240415646347, valid r2: 0.9938313296785365, test r2: 0.9954075520986039
Training Results:
r2: 0.9994
rmse: 0.0464
mae: 0.0348
Validation Results:
r2: 0.9938
rmse: 0.1498
mae: 0.0893
Test Results:
r2: 0.9954
rmse: 0.1277
mae: 0.0832
54/101
train r2: 0.9992857525375546, valid r2: 0.9933065502285287, test r2: 0.995041643523261
Training Results:
r2: 0.9993
rmse: 0.0517
mae: 0.0395
Validation Results:
r2: 0.9933
rmse: 0.1561
mae: 0.0937
Test Results:
r2: 0.9950
rmse: 0.1327
mae: 0.0864
55/101
train r2: 0.9994098462687813, valid r2: 0.99389133521642, test r2: 0.9955167353125666
Training Results:
r2: 0.9994
rmse: 0.0470
mae: 0.0341
Validation Results:
r2: 0.9939
rmse: 0.1491
mae: 0.0896
Test Results:
r2: 0.9955
rmse: 0.1262
mae: 0.0819
56/101
train r2: 0.9995966987498197, valid r2: 0.9936992699044842, test r2: 0.9952350119263156
Training Results:
r2: 0.9996
rmse: 0.0388
mae: 0.0296
Validation Results:
r2: 0.9937
rmse: 0.1514
mae: 0.0890
Test Results:
r2: 0.9952
rmse: 0.1301
mae: 0.0826
57/101
train r2: 0.9997213876572901, valid r2: 0.9935151077635035, test r2: 0.9952463823589596
Training Results:
r2: 0.9997
rmse: 0.0323
mae: 0.0245
Validation Results:
r2: 0.9935
rmse: 0.1536
mae: 0.0866
Test Results:
r2: 0.9952
rmse: 0.1299
mae: 0.0812
58/101
train r2: 0.9996289487572003, valid r2: 0.9935303679218211, test r2: 0.9951876094719565
Training Results:
r2: 0.9996
rmse: 0.0372
mae: 0.0304
Validation Results:
r2: 0.9935
rmse: 0.1534
mae: 0.0895
Test Results:
r2: 0.9952
rmse: 0.1307
mae: 0.0827
59/101
train r2: 0.9996821112680134, valid r2: 0.9936584015657245, test r2: 0.9953153374326343
Training Results:
r2: 0.9997
rmse: 0.0345
mae: 0.0257
Validation Results:
r2: 0.9937
rmse: 0.1519
mae: 0.0866
Test Results:
r2: 0.9953
rmse: 0.1290
mae: 0.0803
60/101
train r2: 0.9995254123436291, valid r2: 0.9936290019035533, test r2: 0.9955000559371926
Training Results:
r2: 0.9995
rmse: 0.0421
mae: 0.0317
Validation Results:
r2: 0.9936
rmse: 0.1523
mae: 0.0879
Test Results:
r2: 0.9955
rmse: 0.1264
mae: 0.0818
61/101
train r2: 0.9992891115150963, valid r2: 0.9934172625318427, test r2: 0.9945309534436505
Training Results:
r2: 0.9993
rmse: 0.0515
mae: 0.0418
Validation Results:
r2: 0.9934
rmse: 0.1548
mae: 0.0920
Test Results:
r2: 0.9945
rmse: 0.1394
mae: 0.0911
62/101
train r2: 0.999658871971978, valid r2: 0.9935681241182526, test r2: 0.9953796645868052
Training Results:
r2: 0.9997
rmse: 0.0357
mae: 0.0263
Validation Results:
r2: 0.9936
rmse: 0.1530
mae: 0.0880
Test Results:
r2: 0.9954
rmse: 0.1281
mae: 0.0802
63/101
train r2: 0.9997311352273837, valid r2: 0.9936894407516738, test r2: 0.995284991324766
Training Results:
r2: 0.9997
rmse: 0.0317
mae: 0.0244
Validation Results:
r2: 0.9937
rmse: 0.1515
mae: 0.0879
Test Results:
r2: 0.9953
rmse: 0.1294
mae: 0.0805
64/101
train r2: 0.99982256095426, valid r2: 0.9938214932464633, test r2: 0.9954416812961189
Training Results:
r2: 0.9998
rmse: 0.0258
mae: 0.0188
Validation Results:
r2: 0.9938
rmse: 0.1499
mae: 0.0830
Test Results:
r2: 0.9954
rmse: 0.1272
mae: 0.0775
65/101
train r2: 0.9996573491565317, valid r2: 0.9937709216879351, test r2: 0.9955752115870042
Training Results:
r2: 0.9997
rmse: 0.0358
mae: 0.0283
Validation Results:
r2: 0.9938
rmse: 0.1506
mae: 0.0856
Test Results:
r2: 0.9956
rmse: 0.1254
mae: 0.0787
66/101
train r2: 0.9996223175132884, valid r2: 0.9931731754268034, test r2: 0.994504503175909
Training Results:
r2: 0.9996
rmse: 0.0376
mae: 0.0273
Validation Results:
r2: 0.9932
rmse: 0.1576
mae: 0.0864
Test Results:
r2: 0.9945
rmse: 0.1397
mae: 0.0837
67/101
train r2: 0.999726332394867, valid r2: 0.9940730029381717, test r2: 0.9955918348949699
Training Results:
r2: 0.9997
rmse: 0.0320
mae: 0.0242
Validation Results:
r2: 0.9941
rmse: 0.1469
mae: 0.0842
Test Results:
r2: 0.9956
rmse: 0.1251
mae: 0.0787
68/101
train r2: 0.9997580985603667, valid r2: 0.9936602052633247, test r2: 0.9951029946947121
Training Results:
r2: 0.9998
rmse: 0.0301
mae: 0.0233
Validation Results:
r2: 0.9937
rmse: 0.1519
mae: 0.0851
Test Results:
r2: 0.9951
rmse: 0.1319
mae: 0.0800
69/101
train r2: 0.9998209984535432, valid r2: 0.9935531840588498, test r2: 0.995213985460362
Training Results:
r2: 0.9998
rmse: 0.0259
mae: 0.0190
Validation Results:
r2: 0.9936
rmse: 0.1532
mae: 0.0849
Test Results:
r2: 0.9952
rmse: 0.1304
mae: 0.0784
70/101
train r2: 0.9998095401796433, valid r2: 0.993705899448322, test r2: 0.9950930807103512
Training Results:
r2: 0.9998
rmse: 0.0267
mae: 0.0200
Validation Results:
r2: 0.9937
rmse: 0.1513
mae: 0.0846
Test Results:
r2: 0.9951
rmse: 0.1320
mae: 0.0783
71/101
train r2: 0.9998006520729548, valid r2: 0.9939318661228259, test r2: 0.9956346053664008
Training Results:
r2: 0.9998
rmse: 0.0273
mae: 0.0197
Validation Results:
r2: 0.9939
rmse: 0.1486
mae: 0.0847
Test Results:
r2: 0.9956
rmse: 0.1245
mae: 0.0783
72/101
train r2: 0.999876748248005, valid r2: 0.9939092454729836, test r2: 0.9955997162208341
Training Results:
r2: 0.9999
rmse: 0.0215
mae: 0.0153
Validation Results:
r2: 0.9939
rmse: 0.1489
mae: 0.0839
Test Results:
r2: 0.9956
rmse: 0.1250
mae: 0.0775
73/101
train r2: 0.9997513439923674, valid r2: 0.9935084502752801, test r2: 0.9952489338522745
Training Results:
r2: 0.9998
rmse: 0.0305
mae: 0.0238
Validation Results:
r2: 0.9935
rmse: 0.1537
mae: 0.0860
Test Results:
r2: 0.9952
rmse: 0.1299
mae: 0.0797
74/101
train r2: 0.9998721600804164, valid r2: 0.9940907103930188, test r2: 0.9955549980775489
Training Results:
r2: 0.9999
rmse: 0.0219
mae: 0.0166
Validation Results:
r2: 0.9941
rmse: 0.1466
mae: 0.0831
Test Results:
r2: 0.9956
rmse: 0.1256
mae: 0.0780
75/101
train r2: 0.9998185257471559, valid r2: 0.9938707151851527, test r2: 0.9955602350751654
Training Results:
r2: 0.9998
rmse: 0.0261
mae: 0.0209
Validation Results:
r2: 0.9939
rmse: 0.1493
mae: 0.0849
Test Results:
r2: 0.9956
rmse: 0.1256
mae: 0.0782
76/101
train r2: 0.9999227290555764, valid r2: 0.9942039321661796, test r2: 0.9957564391413158
Training Results:
r2: 0.9999
rmse: 0.0170
mae: 0.0123
Validation Results:
r2: 0.9942
rmse: 0.1452
mae: 0.0816
Test Results:
r2: 0.9958
rmse: 0.1228
mae: 0.0757
77/101
train r2: 0.9999273390011035, valid r2: 0.9939994224609844, test r2: 0.9956135152424508
Training Results:
r2: 0.9999
rmse: 0.0165
mae: 0.0119
Validation Results:
r2: 0.9940
rmse: 0.1478
mae: 0.0824
Test Results:
r2: 0.9956
rmse: 0.1248
mae: 0.0766
78/101
train r2: 0.9999377868615957, valid r2: 0.9939495217164444, test r2: 0.9956033194925379
Training Results:
r2: 0.9999
rmse: 0.0153
mae: 0.0113
Validation Results:
r2: 0.9939
rmse: 0.1484
mae: 0.0823
Test Results:
r2: 0.9956
rmse: 0.1250
mae: 0.0764
79/101
train r2: 0.9998656013706517, valid r2: 0.9938717682737025, test r2: 0.9955437071285564
Training Results:
r2: 0.9999
rmse: 0.0224
mae: 0.0182
Validation Results:
r2: 0.9939
rmse: 0.1493
mae: 0.0838
Test Results:
r2: 0.9955
rmse: 0.1258
mae: 0.0773
80/101
train r2: 0.9998924955651156, valid r2: 0.9938986997554172, test r2: 0.9954601209805565
Training Results:
r2: 0.9999
rmse: 0.0201
mae: 0.0158
Validation Results:
r2: 0.9939
rmse: 0.1490
mae: 0.0828
Test Results:
r2: 0.9955
rmse: 0.1270
mae: 0.0776
81/101
train r2: 0.9998803485000474, valid r2: 0.9938952576856595, test r2: 0.9955627886072517
Training Results:
r2: 0.9999
rmse: 0.0212
mae: 0.0165
Validation Results:
r2: 0.9939
rmse: 0.1490
mae: 0.0839
Test Results:
r2: 0.9956
rmse: 0.1255
mae: 0.0778
82/101
train r2: 0.9999403434368284, valid r2: 0.993909498544504, test r2: 0.9953884522855946
Training Results:
r2: 0.9999
rmse: 0.0149
mae: 0.0113
Validation Results:
r2: 0.9939
rmse: 0.1489
mae: 0.0827
Test Results:
r2: 0.9954
rmse: 0.1280
mae: 0.0769
83/101
train r2: 0.9999191708172671, valid r2: 0.9937363454686295, test r2: 0.9954277089700578
Training Results:
r2: 0.9999
rmse: 0.0174
mae: 0.0127
Validation Results:
r2: 0.9937
rmse: 0.1510
mae: 0.0832
Test Results:
r2: 0.9954
rmse: 0.1274
mae: 0.0771
84/101
train r2: 0.9999671283711494, valid r2: 0.9940454645881762, test r2: 0.99557267097844
Training Results:
r2: 1.0000
rmse: 0.0111
mae: 0.0083
Validation Results:
r2: 0.9940
rmse: 0.1472
mae: 0.0816
Test Results:
r2: 0.9956
rmse: 0.1254
mae: 0.0751
85/101
train r2: 0.9999648920394951, valid r2: 0.9939221026934542, test r2: 0.9955691622116849
Training Results:
r2: 1.0000
rmse: 0.0115
mae: 0.0086
Validation Results:
r2: 0.9939
rmse: 0.1487
mae: 0.0816
Test Results:
r2: 0.9956
rmse: 0.1254
mae: 0.0760
86/101
train r2: 0.9999787260224896, valid r2: 0.994018884881585, test r2: 0.9955746159609157
Training Results:
r2: 1.0000
rmse: 0.0089
mae: 0.0069
Validation Results:
r2: 0.9940
rmse: 0.1475
mae: 0.0816
Test Results:
r2: 0.9956
rmse: 0.1254
mae: 0.0758
87/101
train r2: 0.9999751300915841, valid r2: 0.9939794002889868, test r2: 0.9955585343113845
Training Results:
r2: 1.0000
rmse: 0.0096
mae: 0.0075
Validation Results:
r2: 0.9940
rmse: 0.1480
mae: 0.0817
Test Results:
r2: 0.9956
rmse: 0.1256
mae: 0.0757
88/101
train r2: 0.9999637632671362, valid r2: 0.9940370920970568, test r2: 0.9955345460258761
Training Results:
r2: 1.0000
rmse: 0.0116
mae: 0.0089
Validation Results:
r2: 0.9940
rmse: 0.1473
mae: 0.0821
Test Results:
r2: 0.9955
rmse: 0.1259
mae: 0.0762
89/101
train r2: 0.999981123268585, valid r2: 0.9940051192773023, test r2: 0.9955178255488738
Training Results:
r2: 1.0000
rmse: 0.0084
mae: 0.0062
Validation Results:
r2: 0.9940
rmse: 0.1477
mae: 0.0815
Test Results:
r2: 0.9955
rmse: 0.1262
mae: 0.0761
90/101
train r2: 0.9999902804955346, valid r2: 0.994042265391082, test r2: 0.9955860596205898
Training Results:
r2: 1.0000
rmse: 0.0060
mae: 0.0046
Validation Results:
r2: 0.9940
rmse: 0.1472
mae: 0.0813
Test Results:
r2: 0.9956
rmse: 0.1252
mae: 0.0753
91/101
train r2: 0.9999918706483678, valid r2: 0.9940387113160732, test r2: 0.9956153980176827
Training Results:
r2: 1.0000
rmse: 0.0055
mae: 0.0042
Validation Results:
r2: 0.9940
rmse: 0.1473
mae: 0.0815
Test Results:
r2: 0.9956
rmse: 0.1248
mae: 0.0754
92/101
train r2: 0.999993404500793, valid r2: 0.9940244450085377, test r2: 0.9956402407263494
Training Results:
r2: 1.0000
rmse: 0.0050
mae: 0.0038
Validation Results:
r2: 0.9940
rmse: 0.1475
mae: 0.0817
Test Results:
r2: 0.9956
rmse: 0.1244
mae: 0.0751
93/101
train r2: 0.9999946535695156, valid r2: 0.9939913864522165, test r2: 0.9956011124189157
Training Results:
r2: 1.0000
rmse: 0.0045
mae: 0.0034
Validation Results:
r2: 0.9940
rmse: 0.1479
mae: 0.0817
Test Results:
r2: 0.9956
rmse: 0.1250
mae: 0.0753
94/101
train r2: 0.9999963447372796, valid r2: 0.9940526717894282, test r2: 0.9956352083180368
Training Results:
r2: 1.0000
rmse: 0.0037
mae: 0.0027
Validation Results:
r2: 0.9941
rmse: 0.1471
mae: 0.0815
Test Results:
r2: 0.9956
rmse: 0.1245
mae: 0.0751
95/101
train r2: 0.9999976868766514, valid r2: 0.9940310215357759, test r2: 0.9956205677428888
Training Results:
r2: 1.0000
rmse: 0.0029
mae: 0.0023
Validation Results:
r2: 0.9940
rmse: 0.1474
mae: 0.0815
Test Results:
r2: 0.9956
rmse: 0.1247
mae: 0.0751
96/101
train r2: 0.9999975887190478, valid r2: 0.9940063801309871, test r2: 0.9955730571589817
Training Results:
r2: 1.0000
rmse: 0.0030
mae: 0.0025
Validation Results:
r2: 0.9940
rmse: 0.1477
mae: 0.0815
Test Results:
r2: 0.9956
rmse: 0.1254
mae: 0.0754
break!
train: 0.9999, val: 0.9942, test: 0.9958
end_test_result: (0.9988930570343808, 0.06269653141498566, 0.04214771091938019)
Time used on constrained_logP: 5:59:28
Current seed: 2034, current split method: scaffold, current task: constrained_logP
Namespace(seed=2024, times=5, n_epochs=100, config='base', model_path='../models/pretrained/base/base.pth', dataset='constrained_logP', data_path='../datasets/', dataset_type='regression', use_scaler=True, metric=['r2', 'rmse', 'mae'], split='scaffold_2034', weight_decay=0.0, dropout=0.0, lr=3e-05, n_threads=8)
args.seed: 2024
use label scaler
use label scaler
use label scaler
model have 90.143705M paramerters in total
train_dataset.mean: tensor([-2.4285]) train_dataset.std: tensor([1.9232])
1/101
train r2: 0.8350408943357294, valid r2: 0.8240354718161227, test r2: 0.8376027298301351
Training Results:
r2: 0.8350
rmse: 0.7810
mae: 0.5779
Validation Results:
r2: 0.8240
rmse: 0.7830
mae: 0.5898
Test Results:
r2: 0.8376
rmse: 0.8167
mae: 0.6035
2/101
train r2: 0.9580085526182095, valid r2: 0.9467319615306722, test r2: 0.9511547926216514
Training Results:
r2: 0.9580
rmse: 0.3942
mae: 0.2900
Validation Results:
r2: 0.9467
rmse: 0.4308
mae: 0.3189
Test Results:
r2: 0.9512
rmse: 0.4479
mae: 0.3234
3/101
train r2: 0.9818526220620045, valid r2: 0.9696034425199431, test r2: 0.9737333948766212
Training Results:
r2: 0.9819
rmse: 0.2591
mae: 0.1924
Validation Results:
r2: 0.9696
rmse: 0.3254
mae: 0.2349
Test Results:
r2: 0.9737
rmse: 0.3285
mae: 0.2347
4/101
train r2: 0.9882659821007873, valid r2: 0.9764945328095455, test r2: 0.9792452404578622
Training Results:
r2: 0.9883
rmse: 0.2084
mae: 0.1599
Validation Results:
r2: 0.9765
rmse: 0.2862
mae: 0.2073
Test Results:
r2: 0.9792
rmse: 0.2920
mae: 0.2083
5/101
train r2: 0.9926791919011451, valid r2: 0.9822823732740824, test r2: 0.982089005446923
Training Results:
r2: 0.9927
rmse: 0.1646
mae: 0.1276
Validation Results:
r2: 0.9823
rmse: 0.2484
mae: 0.1816
Test Results:
r2: 0.9821
rmse: 0.2712
mae: 0.1936
6/101
train r2: 0.9942751139153334, valid r2: 0.9839112772458988, test r2: 0.9836989273404348
Training Results:
r2: 0.9943
rmse: 0.1456
mae: 0.1140
Validation Results:
r2: 0.9839
rmse: 0.2367
mae: 0.1703
Test Results:
r2: 0.9837
rmse: 0.2587
mae: 0.1776
7/101
train r2: 0.992115787928201, valid r2: 0.9837245807070085, test r2: 0.9818286580527951
Training Results:
r2: 0.9921
rmse: 0.1707
mae: 0.1335
Validation Results:
r2: 0.9837
rmse: 0.2381
mae: 0.1741
Test Results:
r2: 0.9818
rmse: 0.2732
mae: 0.1941
8/101
train r2: 0.9952432439723942, valid r2: 0.9857886591556001, test r2: 0.9866351790181164
Training Results:
r2: 0.9952
rmse: 0.1326
mae: 0.0994
Validation Results:
r2: 0.9858
rmse: 0.2225
mae: 0.1568
Test Results:
r2: 0.9866
rmse: 0.2343
mae: 0.1594
9/101
train r2: 0.993955777048547, valid r2: 0.9852041549517572, test r2: 0.9852677733263544
Training Results:
r2: 0.9940
rmse: 0.1495
mae: 0.1141
Validation Results:
r2: 0.9852
rmse: 0.2270
mae: 0.1629
Test Results:
r2: 0.9853
rmse: 0.2460
mae: 0.1717
10/101
train r2: 0.9948461354904162, valid r2: 0.987454194162835, test r2: 0.9868501832024273
Training Results:
r2: 0.9948
rmse: 0.1381
mae: 0.1056
Validation Results:
r2: 0.9875
rmse: 0.2091
mae: 0.1510
Test Results:
r2: 0.9869
rmse: 0.2324
mae: 0.1595
11/101
train r2: 0.9922303341756002, valid r2: 0.9855163895352163, test r2: 0.9861041872524329
Training Results:
r2: 0.9922
rmse: 0.1695
mae: 0.1341
Validation Results:
r2: 0.9855
rmse: 0.2246
mae: 0.1677
Test Results:
r2: 0.9861
rmse: 0.2389
mae: 0.1750
12/101
train r2: 0.9951748337299058, valid r2: 0.9876318914392261, test r2: 0.9885410049081943
Training Results:
r2: 0.9952
rmse: 0.1336
mae: 0.1005
Validation Results:
r2: 0.9876
rmse: 0.2076
mae: 0.1467
Test Results:
r2: 0.9885
rmse: 0.2169
mae: 0.1486
13/101
train r2: 0.9971865881924545, valid r2: 0.9895011297034679, test r2: 0.9902048533516867
Training Results:
r2: 0.9972
rmse: 0.1020
mae: 0.0775
Validation Results:
r2: 0.9895
rmse: 0.1912
mae: 0.1298
Test Results:
r2: 0.9902
rmse: 0.2006
mae: 0.1350
14/101
train r2: 0.9967655439129827, valid r2: 0.9900453639837352, test r2: 0.9901123826023136
Training Results:
r2: 0.9968
rmse: 0.1094
mae: 0.0848
Validation Results:
r2: 0.9900
rmse: 0.1862
mae: 0.1327
Test Results:
r2: 0.9901
rmse: 0.2015
mae: 0.1352
15/101
train r2: 0.9967848282053632, valid r2: 0.9896693623156892, test r2: 0.9901235631806791
Training Results:
r2: 0.9968
rmse: 0.1091
mae: 0.0822
Validation Results:
r2: 0.9897
rmse: 0.1897
mae: 0.1297
Test Results:
r2: 0.9901
rmse: 0.2014
mae: 0.1369
16/101
train r2: 0.9974623383367158, valid r2: 0.9912551985805079, test r2: 0.9915123781514822
Training Results:
r2: 0.9975
rmse: 0.0969
mae: 0.0724
Validation Results:
r2: 0.9913
rmse: 0.1745
mae: 0.1205
Test Results:
r2: 0.9915
rmse: 0.1867
mae: 0.1254
17/101
train r2: 0.996723968765256, valid r2: 0.9891291857786177, test r2: 0.990296007227933
Training Results:
r2: 0.9967
rmse: 0.1101
mae: 0.0870
Validation Results:
r2: 0.9891
rmse: 0.1946
mae: 0.1317
Test Results:
r2: 0.9903
rmse: 0.1996
mae: 0.1396
18/101
train r2: 0.997745936811971, valid r2: 0.9914568397521912, test r2: 0.9919464612172623
Training Results:
r2: 0.9977
rmse: 0.0913
mae: 0.0687
Validation Results:
r2: 0.9915
rmse: 0.1725
mae: 0.1147
Test Results:
r2: 0.9919
rmse: 0.1819
mae: 0.1224
19/101
train r2: 0.9971976165290053, valid r2: 0.9907249938360041, test r2: 0.9910386391185454
Training Results:
r2: 0.9972
rmse: 0.1018
mae: 0.0766
Validation Results:
r2: 0.9907
rmse: 0.1798
mae: 0.1222
Test Results:
r2: 0.9910
rmse: 0.1918
mae: 0.1313
20/101
train r2: 0.9983733752030098, valid r2: 0.9918686919107204, test r2: 0.9919966519378621
Training Results:
r2: 0.9984
rmse: 0.0776
mae: 0.0581
Validation Results:
r2: 0.9919
rmse: 0.1683
mae: 0.1083
Test Results:
r2: 0.9920
rmse: 0.1813
mae: 0.1149
21/101
train r2: 0.9978369667130867, valid r2: 0.9915053356594394, test r2: 0.9919070506970862
Training Results:
r2: 0.9978
rmse: 0.0895
mae: 0.0627
Validation Results:
r2: 0.9915
rmse: 0.1720
mae: 0.1116
Test Results:
r2: 0.9919
rmse: 0.1823
mae: 0.1165
22/101
train r2: 0.9969470793140153, valid r2: 0.9908995648611104, test r2: 0.9916002012239179
Training Results:
r2: 0.9969
rmse: 0.1063
mae: 0.0809
Validation Results:
r2: 0.9909
rmse: 0.1781
mae: 0.1238
Test Results:
r2: 0.9916
rmse: 0.1857
mae: 0.1263
23/101
train r2: 0.9960654561143824, valid r2: 0.9901697257820503, test r2: 0.9900042810122912
Training Results:
r2: 0.9961
rmse: 0.1207
mae: 0.0926
Validation Results:
r2: 0.9902
rmse: 0.1851
mae: 0.1258
Test Results:
r2: 0.9900
rmse: 0.2026
mae: 0.1361
24/101
train r2: 0.9976979208193522, valid r2: 0.9921741504592144, test r2: 0.9924541666438121
Training Results:
r2: 0.9977
rmse: 0.0923
mae: 0.0708
Validation Results:
r2: 0.9922
rmse: 0.1651
mae: 0.1125
Test Results:
r2: 0.9925
rmse: 0.1760
mae: 0.1204
25/101
train r2: 0.9982355373197648, valid r2: 0.9922038605598212, test r2: 0.9930590534958591
Training Results:
r2: 0.9982
rmse: 0.0808
mae: 0.0605
Validation Results:
r2: 0.9922
rmse: 0.1648
mae: 0.1083
Test Results:
r2: 0.9931
rmse: 0.1688
mae: 0.1126
26/101
train r2: 0.998399289691787, valid r2: 0.9924560721756153, test r2: 0.9928745926350767
Training Results:
r2: 0.9984
rmse: 0.0770
mae: 0.0581
Validation Results:
r2: 0.9925
rmse: 0.1621
mae: 0.1049
Test Results:
r2: 0.9929
rmse: 0.1711
mae: 0.1098
27/101
train r2: 0.9980508761947177, valid r2: 0.9928574487028471, test r2: 0.9931738085855814
Training Results:
r2: 0.9981
rmse: 0.0849
mae: 0.0625
Validation Results:
r2: 0.9929
rmse: 0.1577
mae: 0.1059
Test Results:
r2: 0.9932
rmse: 0.1674
mae: 0.1105
28/101
train r2: 0.9982231563000242, valid r2: 0.9932472892973832, test r2: 0.9938042876121148
Training Results:
r2: 0.9982
rmse: 0.0811
mae: 0.0621
Validation Results:
r2: 0.9932
rmse: 0.1534
mae: 0.1040
Test Results:
r2: 0.9938
rmse: 0.1595
mae: 0.1072
29/101
train r2: 0.9975043899953123, valid r2: 0.9921410646975531, test r2: 0.9933000576506147
Training Results:
r2: 0.9975
rmse: 0.0961
mae: 0.0747
Validation Results:
r2: 0.9921
rmse: 0.1655
mae: 0.1116
Test Results:
r2: 0.9933
rmse: 0.1659
mae: 0.1135
30/101
train r2: 0.9987498837436685, valid r2: 0.9930698056511386, test r2: 0.9931041045195734
Training Results:
r2: 0.9987
rmse: 0.0680
mae: 0.0495
Validation Results:
r2: 0.9931
rmse: 0.1554
mae: 0.0977
Test Results:
r2: 0.9931
rmse: 0.1683
mae: 0.1062
31/101
train r2: 0.997937449853542, valid r2: 0.9920620921404573, test r2: 0.9928958798509976
Training Results:
r2: 0.9979
rmse: 0.0873
mae: 0.0679
Validation Results:
r2: 0.9921
rmse: 0.1663
mae: 0.1098
Test Results:
r2: 0.9929
rmse: 0.1708
mae: 0.1156
32/101
train r2: 0.9984817469547912, valid r2: 0.9933002852769766, test r2: 0.9930088420944693
Training Results:
r2: 0.9985
rmse: 0.0750
mae: 0.0562
Validation Results:
r2: 0.9933
rmse: 0.1528
mae: 0.1025
Test Results:
r2: 0.9930
rmse: 0.1695
mae: 0.1075
33/101
train r2: 0.9963632114133375, valid r2: 0.9901172764754156, test r2: 0.9920426733495211
Training Results:
r2: 0.9964
rmse: 0.1159
mae: 0.0946
Validation Results:
r2: 0.9901
rmse: 0.1856
mae: 0.1318
Test Results:
r2: 0.9920
rmse: 0.1808
mae: 0.1312
34/101
train r2: 0.9982487224722316, valid r2: 0.9926516974745906, test r2: 0.993804398927499
Training Results:
r2: 0.9982
rmse: 0.0804
mae: 0.0606
Validation Results:
r2: 0.9927
rmse: 0.1600
mae: 0.1061
Test Results:
r2: 0.9938
rmse: 0.1595
mae: 0.1069
35/101
train r2: 0.9986233648386281, valid r2: 0.9930509237349717, test r2: 0.9935987556042811
Training Results:
r2: 0.9986
rmse: 0.0713
mae: 0.0545
Validation Results:
r2: 0.9931
rmse: 0.1556
mae: 0.1001
Test Results:
r2: 0.9936
rmse: 0.1621
mae: 0.1064
36/101
train r2: 0.9989848826374503, valid r2: 0.9932655093204348, test r2: 0.9939951749465256
Training Results:
r2: 0.9990
rmse: 0.0613
mae: 0.0448
Validation Results:
r2: 0.9933
rmse: 0.1532
mae: 0.0957
Test Results:
r2: 0.9940
rmse: 0.1570
mae: 0.1008
37/101
train r2: 0.9987485859000618, valid r2: 0.9937314606569722, test r2: 0.9941952753943868
Training Results:
r2: 0.9987
rmse: 0.0681
mae: 0.0513
Validation Results:
r2: 0.9937
rmse: 0.1478
mae: 0.0959
Test Results:
r2: 0.9942
rmse: 0.1544
mae: 0.0988
38/101
train r2: 0.9990367859925043, valid r2: 0.9927022166130618, test r2: 0.9936661010343764
Training Results:
r2: 0.9990
rmse: 0.0597
mae: 0.0433
Validation Results:
r2: 0.9927
rmse: 0.1594
mae: 0.0961
Test Results:
r2: 0.9937
rmse: 0.1613
mae: 0.1007
39/101
train r2: 0.9989557045919173, valid r2: 0.9934984167373448, test r2: 0.994191839290462
Training Results:
r2: 0.9990
rmse: 0.0622
mae: 0.0483
Validation Results:
r2: 0.9935
rmse: 0.1505
mae: 0.0935
Test Results:
r2: 0.9942
rmse: 0.1545
mae: 0.0998
40/101
train r2: 0.998580620548883, valid r2: 0.9929235355061085, test r2: 0.9941833761911674
Training Results:
r2: 0.9986
rmse: 0.0725
mae: 0.0564
Validation Results:
r2: 0.9929
rmse: 0.1570
mae: 0.1000
Test Results:
r2: 0.9942
rmse: 0.1546
mae: 0.1032
41/101
train r2: 0.9992036324732334, valid r2: 0.9939172491042535, test r2: 0.994645811737861
Training Results:
r2: 0.9992
rmse: 0.0543
mae: 0.0409
Validation Results:
r2: 0.9939
rmse: 0.1456
mae: 0.0896
Test Results:
r2: 0.9946
rmse: 0.1483
mae: 0.0942
42/101
train r2: 0.9979031382652283, valid r2: 0.9928976885519072, test r2: 0.9928951113341874
Training Results:
r2: 0.9979
rmse: 0.0881
mae: 0.0707
Validation Results:
r2: 0.9929
rmse: 0.1573
mae: 0.1067
Test Results:
r2: 0.9929
rmse: 0.1708
mae: 0.1169
43/101
train r2: 0.9977428471433069, valid r2: 0.9919980473985098, test r2: 0.992401172577757
Training Results:
r2: 0.9977
rmse: 0.0913
mae: 0.0742
Validation Results:
r2: 0.9920
rmse: 0.1670
mae: 0.1108
Test Results:
r2: 0.9924
rmse: 0.1767
mae: 0.1190
44/101
train r2: 0.9989262113705697, valid r2: 0.9936488457261876, test r2: 0.9943884446187787
Training Results:
r2: 0.9989
rmse: 0.0630
mae: 0.0486
Validation Results:
r2: 0.9936
rmse: 0.1487
mae: 0.0946
Test Results:
r2: 0.9944
rmse: 0.1518
mae: 0.1003
45/101
train r2: 0.9991729528753172, valid r2: 0.9932844733009695, test r2: 0.9944884549644731
Training Results:
r2: 0.9992
rmse: 0.0553
mae: 0.0398
Validation Results:
r2: 0.9933
rmse: 0.1530
mae: 0.0917
Test Results:
r2: 0.9945
rmse: 0.1505
mae: 0.0966
46/101
train r2: 0.9994721758729016, valid r2: 0.9939700032644907, test r2: 0.9947368860143987
Training Results:
r2: 0.9995
rmse: 0.0442
mae: 0.0330
Validation Results:
r2: 0.9940
rmse: 0.1449
mae: 0.0871
Test Results:
r2: 0.9947
rmse: 0.1470
mae: 0.0918
47/101
train r2: 0.9993761016646907, valid r2: 0.9943049913007336, test r2: 0.9950053320043519
Training Results:
r2: 0.9994
rmse: 0.0480
mae: 0.0362
Validation Results:
r2: 0.9943
rmse: 0.1409
mae: 0.0878
Test Results:
r2: 0.9950
rmse: 0.1432
mae: 0.0921
48/101
train r2: 0.999449140059114, valid r2: 0.9940703452877385, test r2: 0.9952773803396885
Training Results:
r2: 0.9994
rmse: 0.0451
mae: 0.0351
Validation Results:
r2: 0.9941
rmse: 0.1437
mae: 0.0890
Test Results:
r2: 0.9953
rmse: 0.1393
mae: 0.0906
49/101
train r2: 0.9992858762413614, valid r2: 0.9940443921718705, test r2: 0.9950148658860187
Training Results:
r2: 0.9993
rmse: 0.0514
mae: 0.0399
Validation Results:
r2: 0.9940
rmse: 0.1440
mae: 0.0902
Test Results:
r2: 0.9950
rmse: 0.1431
mae: 0.0944
50/101
train r2: 0.9990152016741648, valid r2: 0.9935497115877744, test r2: 0.9947789708343201
Training Results:
r2: 0.9990
rmse: 0.0604
mae: 0.0453
Validation Results:
r2: 0.9935
rmse: 0.1499
mae: 0.0945
Test Results:
r2: 0.9948
rmse: 0.1464
mae: 0.0946
51/101
train r2: 0.9989990765055964, valid r2: 0.993372844651831, test r2: 0.9946253689666326
Training Results:
r2: 0.9990
rmse: 0.0608
mae: 0.0501
Validation Results:
r2: 0.9934
rmse: 0.1519
mae: 0.0971
Test Results:
r2: 0.9946
rmse: 0.1486
mae: 0.0975
52/101
train r2: 0.9995560412745732, valid r2: 0.99412623498343, test r2: 0.9950626639098086
Training Results:
r2: 0.9996
rmse: 0.0405
mae: 0.0303
Validation Results:
r2: 0.9941
rmse: 0.1430
mae: 0.0852
Test Results:
r2: 0.9951
rmse: 0.1424
mae: 0.0893
53/101
train r2: 0.9996373369116212, valid r2: 0.9944609017903989, test r2: 0.9954410194268709
Training Results:
r2: 0.9996
rmse: 0.0366
mae: 0.0275
Validation Results:
r2: 0.9945
rmse: 0.1389
mae: 0.0847
Test Results:
r2: 0.9954
rmse: 0.1368
mae: 0.0872
54/101
train r2: 0.9989206208080263, valid r2: 0.993371056873057, test r2: 0.994118930444101
Training Results:
r2: 0.9989
rmse: 0.0632
mae: 0.0519
Validation Results:
r2: 0.9934
rmse: 0.1520
mae: 0.0965
Test Results:
r2: 0.9941
rmse: 0.1554
mae: 0.1002
55/101
train r2: 0.9993746702874904, valid r2: 0.9940051779381842, test r2: 0.9949655220528506
Training Results:
r2: 0.9994
rmse: 0.0481
mae: 0.0369
Validation Results:
r2: 0.9940
rmse: 0.1445
mae: 0.0902
Test Results:
r2: 0.9950
rmse: 0.1438
mae: 0.0936
56/101
train r2: 0.9984634764045061, valid r2: 0.9937263293802283, test r2: 0.9948960863709277
Training Results:
r2: 0.9985
rmse: 0.0754
mae: 0.0587
Validation Results:
r2: 0.9937
rmse: 0.1478
mae: 0.0997
Test Results:
r2: 0.9949
rmse: 0.1448
mae: 0.0982
57/101
train r2: 0.9996704880189151, valid r2: 0.994254003990555, test r2: 0.9950935004308527
Training Results:
r2: 0.9997
rmse: 0.0349
mae: 0.0265
Validation Results:
r2: 0.9943
rmse: 0.1415
mae: 0.0861
Test Results:
r2: 0.9951
rmse: 0.1420
mae: 0.0895
58/101
train r2: 0.9996988834974398, valid r2: 0.9947468157614159, test r2: 0.9954613368090524
Training Results:
r2: 0.9997
rmse: 0.0334
mae: 0.0257
Validation Results:
r2: 0.9947
rmse: 0.1353
mae: 0.0830
Test Results:
r2: 0.9955
rmse: 0.1365
mae: 0.0874
59/101
train r2: 0.999638849774432, valid r2: 0.9944099710002388, test r2: 0.9957297833632933
Training Results:
r2: 0.9996
rmse: 0.0366
mae: 0.0272
Validation Results:
r2: 0.9944
rmse: 0.1395
mae: 0.0841
Test Results:
r2: 0.9957
rmse: 0.1324
mae: 0.0862
60/101
train r2: 0.9997976070698503, valid r2: 0.9945925234013083, test r2: 0.9954528506547494
Training Results:
r2: 0.9998
rmse: 0.0274
mae: 0.0208
Validation Results:
r2: 0.9946
rmse: 0.1373
mae: 0.0826
Test Results:
r2: 0.9955
rmse: 0.1367
mae: 0.0853
61/101
train r2: 0.9997487768705453, valid r2: 0.9944722974234863, test r2: 0.995296996073647
Training Results:
r2: 0.9997
rmse: 0.0305
mae: 0.0231
Validation Results:
r2: 0.9945
rmse: 0.1388
mae: 0.0840
Test Results:
r2: 0.9953
rmse: 0.1390
mae: 0.0884
62/101
train r2: 0.9997683742259033, valid r2: 0.9943904561643981, test r2: 0.995332195740626
Training Results:
r2: 0.9998
rmse: 0.0293
mae: 0.0228
Validation Results:
r2: 0.9944
rmse: 0.1398
mae: 0.0841
Test Results:
r2: 0.9953
rmse: 0.1385
mae: 0.0873
63/101
train r2: 0.9992944396337232, valid r2: 0.9937430432919591, test r2: 0.9944814473137421
Training Results:
r2: 0.9993
rmse: 0.0511
mae: 0.0392
Validation Results:
r2: 0.9937
rmse: 0.1476
mae: 0.0893
Test Results:
r2: 0.9945
rmse: 0.1506
mae: 0.0948
64/101
train r2: 0.9996777491363907, valid r2: 0.9939570173259363, test r2: 0.9951268422018384
Training Results:
r2: 0.9997
rmse: 0.0345
mae: 0.0252
Validation Results:
r2: 0.9940
rmse: 0.1451
mae: 0.0861
Test Results:
r2: 0.9951
rmse: 0.1415
mae: 0.0889
65/101
train r2: 0.9995663535906917, valid r2: 0.9942618462187376, test r2: 0.9951331912696031
Training Results:
r2: 0.9996
rmse: 0.0400
mae: 0.0292
Validation Results:
r2: 0.9943
rmse: 0.1414
mae: 0.0844
Test Results:
r2: 0.9951
rmse: 0.1414
mae: 0.0892
66/101
train r2: 0.9996740075325645, valid r2: 0.9947085608759533, test r2: 0.9953182409017376
Training Results:
r2: 0.9997
rmse: 0.0347
mae: 0.0255
Validation Results:
r2: 0.9947
rmse: 0.1358
mae: 0.0816
Test Results:
r2: 0.9953
rmse: 0.1387
mae: 0.0876
67/101
train r2: 0.9994260579585557, valid r2: 0.994629781028614, test r2: 0.9955549808520179
Training Results:
r2: 0.9994
rmse: 0.0461
mae: 0.0354
Validation Results:
r2: 0.9946
rmse: 0.1368
mae: 0.0864
Test Results:
r2: 0.9956
rmse: 0.1351
mae: 0.0879
68/101
train r2: 0.9997239114888539, valid r2: 0.9944173920486796, test r2: 0.9952321416950621
Training Results:
r2: 0.9997
rmse: 0.0320
mae: 0.0242
Validation Results:
r2: 0.9944
rmse: 0.1395
mae: 0.0838
Test Results:
r2: 0.9952
rmse: 0.1399
mae: 0.0882
69/101
train r2: 0.9998640422783697, valid r2: 0.9945085504318874, test r2: 0.9954072692537382
Training Results:
r2: 0.9999
rmse: 0.0224
mae: 0.0162
Validation Results:
r2: 0.9945
rmse: 0.1383
mae: 0.0827
Test Results:
r2: 0.9954
rmse: 0.1373
mae: 0.0849
70/101
train r2: 0.9997988198901833, valid r2: 0.9944953796409267, test r2: 0.9954774708614931
Training Results:
r2: 0.9998
rmse: 0.0273
mae: 0.0200
Validation Results:
r2: 0.9945
rmse: 0.1385
mae: 0.0822
Test Results:
r2: 0.9955
rmse: 0.1363
mae: 0.0862
71/101
train r2: 0.9997734513252549, valid r2: 0.994576849006798, test r2: 0.995487834569379
Training Results:
r2: 0.9998
rmse: 0.0289
mae: 0.0210
Validation Results:
r2: 0.9946
rmse: 0.1375
mae: 0.0828
Test Results:
r2: 0.9955
rmse: 0.1361
mae: 0.0860
72/101
train r2: 0.9997982475081452, valid r2: 0.9945690772962498, test r2: 0.9951773596320153
Training Results:
r2: 0.9998
rmse: 0.0273
mae: 0.0220
Validation Results:
r2: 0.9946
rmse: 0.1375
mae: 0.0822
Test Results:
r2: 0.9952
rmse: 0.1407
mae: 0.0880
73/101
train r2: 0.9998167152415234, valid r2: 0.9944161398823117, test r2: 0.9954151564235475
Training Results:
r2: 0.9998
rmse: 0.0260
mae: 0.0203
Validation Results:
r2: 0.9944
rmse: 0.1395
mae: 0.0834
Test Results:
r2: 0.9954
rmse: 0.1372
mae: 0.0860
74/101
train r2: 0.9997251423209835, valid r2: 0.9945455390288799, test r2: 0.9952925422750571
Training Results:
r2: 0.9997
rmse: 0.0319
mae: 0.0255
Validation Results:
r2: 0.9945
rmse: 0.1378
mae: 0.0828
Test Results:
r2: 0.9953
rmse: 0.1390
mae: 0.0876
75/101
train r2: 0.99983467674964, valid r2: 0.9944490773632672, test r2: 0.9952372510831748
Training Results:
r2: 0.9998
rmse: 0.0247
mae: 0.0187
Validation Results:
r2: 0.9944
rmse: 0.1391
mae: 0.0830
Test Results:
r2: 0.9952
rmse: 0.1399
mae: 0.0866
76/101
train r2: 0.9998689571846461, valid r2: 0.994550550506792, test r2: 0.995343352829508
Training Results:
r2: 0.9999
rmse: 0.0220
mae: 0.0169
Validation Results:
r2: 0.9946
rmse: 0.1378
mae: 0.0811
Test Results:
r2: 0.9953
rmse: 0.1383
mae: 0.0855
77/101
train r2: 0.9998888276309783, valid r2: 0.9944578693228746, test r2: 0.9953427265161422
Training Results:
r2: 0.9999
rmse: 0.0203
mae: 0.0153
Validation Results:
r2: 0.9945
rmse: 0.1390
mae: 0.0812
Test Results:
r2: 0.9953
rmse: 0.1383
mae: 0.0854
78/101
train r2: 0.9999281506482478, valid r2: 0.9947929546860993, test r2: 0.9956079796812844
Training Results:
r2: 0.9999
rmse: 0.0163
mae: 0.0118
Validation Results:
r2: 0.9948
rmse: 0.1347
mae: 0.0792
Test Results:
r2: 0.9956
rmse: 0.1343
mae: 0.0830
79/101
train r2: 0.9998909248963537, valid r2: 0.994474593375158, test r2: 0.9953497395395136
Training Results:
r2: 0.9999
rmse: 0.0201
mae: 0.0151
Validation Results:
r2: 0.9945
rmse: 0.1387
mae: 0.0809
Test Results:
r2: 0.9953
rmse: 0.1382
mae: 0.0850
80/101
train r2: 0.9999017258899475, valid r2: 0.9947872984551114, test r2: 0.9955651585429197
Training Results:
r2: 0.9999
rmse: 0.0191
mae: 0.0144
Validation Results:
r2: 0.9948
rmse: 0.1348
mae: 0.0798
Test Results:
r2: 0.9956
rmse: 0.1350
mae: 0.0841
81/101
train r2: 0.9999332622839153, valid r2: 0.9945835704483117, test r2: 0.9954573699312883
Training Results:
r2: 0.9999
rmse: 0.0157
mae: 0.0117
Validation Results:
r2: 0.9946
rmse: 0.1374
mae: 0.0801
Test Results:
r2: 0.9955
rmse: 0.1366
mae: 0.0839
82/101
train r2: 0.999949634986727, valid r2: 0.9948027620789747, test r2: 0.9956380492956995
Training Results:
r2: 0.9999
rmse: 0.0136
mae: 0.0104
Validation Results:
r2: 0.9948
rmse: 0.1346
mae: 0.0791
Test Results:
r2: 0.9956
rmse: 0.1338
mae: 0.0824
83/101
train r2: 0.9999416337303789, valid r2: 0.9946121225516886, test r2: 0.9954545141203028
Training Results:
r2: 0.9999
rmse: 0.0147
mae: 0.0116
Validation Results:
r2: 0.9946
rmse: 0.1370
mae: 0.0806
Test Results:
r2: 0.9955
rmse: 0.1366
mae: 0.0843
84/101
train r2: 0.9999509489929574, valid r2: 0.9947820070198994, test r2: 0.9955997849144792
Training Results:
r2: 1.0000
rmse: 0.0135
mae: 0.0108
Validation Results:
r2: 0.9948
rmse: 0.1348
mae: 0.0798
Test Results:
r2: 0.9956
rmse: 0.1344
mae: 0.0832
85/101
train r2: 0.9999686954630831, valid r2: 0.9947342147756165, test r2: 0.995677892524331
Training Results:
r2: 1.0000
rmse: 0.0108
mae: 0.0080
Validation Results:
r2: 0.9947
rmse: 0.1354
mae: 0.0791
Test Results:
r2: 0.9957
rmse: 0.1332
mae: 0.0827
86/101
train r2: 0.9999638465302698, valid r2: 0.9947782792088066, test r2: 0.9955792349864825
Training Results:
r2: 1.0000
rmse: 0.0116
mae: 0.0092
Validation Results:
r2: 0.9948
rmse: 0.1349
mae: 0.0797
Test Results:
r2: 0.9956
rmse: 0.1347
mae: 0.0834
87/101
train r2: 0.9999707629355044, valid r2: 0.9948052860095337, test r2: 0.9956841974844336
Training Results:
r2: 1.0000
rmse: 0.0104
mae: 0.0077
Validation Results:
r2: 0.9948
rmse: 0.1345
mae: 0.0796
Test Results:
r2: 0.9957
rmse: 0.1331
mae: 0.0825
88/101
train r2: 0.9999766911252271, valid r2: 0.994693561465607, test r2: 0.9955896376549912
Training Results:
r2: 1.0000
rmse: 0.0093
mae: 0.0070
Validation Results:
r2: 0.9947
rmse: 0.1360
mae: 0.0796
Test Results:
r2: 0.9956
rmse: 0.1346
mae: 0.0828
89/101
train r2: 0.9999599671646378, valid r2: 0.9947679130813086, test r2: 0.9956401740472063
Training Results:
r2: 1.0000
rmse: 0.0122
mae: 0.0098
Validation Results:
r2: 0.9948
rmse: 0.1350
mae: 0.0800
Test Results:
r2: 0.9956
rmse: 0.1338
mae: 0.0831
90/101
train r2: 0.9999738261292325, valid r2: 0.994681627020148, test r2: 0.99558326080402
Training Results:
r2: 1.0000
rmse: 0.0098
mae: 0.0076
Validation Results:
r2: 0.9947
rmse: 0.1361
mae: 0.0797
Test Results:
r2: 0.9956
rmse: 0.1347
mae: 0.0828
91/101
train r2: 0.9999864303691074, valid r2: 0.9947534082375948, test r2: 0.9956181804790996
Training Results:
r2: 1.0000
rmse: 0.0071
mae: 0.0054
Validation Results:
r2: 0.9948
rmse: 0.1352
mae: 0.0790
Test Results:
r2: 0.9956
rmse: 0.1342
mae: 0.0826
92/101
train r2: 0.9999913038821653, valid r2: 0.9947648049725324, test r2: 0.99564925775958
Training Results:
r2: 1.0000
rmse: 0.0057
mae: 0.0044
Validation Results:
r2: 0.9948
rmse: 0.1350
mae: 0.0788
Test Results:
r2: 0.9956
rmse: 0.1337
mae: 0.0824
93/101
train r2: 0.9999905845085982, valid r2: 0.9947466768893716, test r2: 0.995622927456596
Training Results:
r2: 1.0000
rmse: 0.0059
mae: 0.0046
Validation Results:
r2: 0.9947
rmse: 0.1353
mae: 0.0797
Test Results:
r2: 0.9956
rmse: 0.1341
mae: 0.0824
94/101
train r2: 0.9999967772616508, valid r2: 0.994722254508738, test r2: 0.9956003087337549
Training Results:
r2: 1.0000
rmse: 0.0035
mae: 0.0026
Validation Results:
r2: 0.9947
rmse: 0.1356
mae: 0.0793
Test Results:
r2: 0.9956
rmse: 0.1344
mae: 0.0826
95/101
train r2: 0.9999978029614719, valid r2: 0.9947290874703039, test r2: 0.9956338665817146
Training Results:
r2: 1.0000
rmse: 0.0029
mae: 0.0022
Validation Results:
r2: 0.9947
rmse: 0.1355
mae: 0.0795
Test Results:
r2: 0.9956
rmse: 0.1339
mae: 0.0824
96/101
train r2: 0.9999988182612599, valid r2: 0.9947361735644175, test r2: 0.9956213066925628
Training Results:
r2: 1.0000
rmse: 0.0021
mae: 0.0016
Validation Results:
r2: 0.9947
rmse: 0.1354
mae: 0.0794
Test Results:
r2: 0.9956
rmse: 0.1341
mae: 0.0824
97/101
train r2: 0.9999992506297175, valid r2: 0.9947427096472773, test r2: 0.9956279885850765
Training Results:
r2: 1.0000
rmse: 0.0017
mae: 0.0013
Validation Results:
r2: 0.9947
rmse: 0.1353
mae: 0.0793
Test Results:
r2: 0.9956
rmse: 0.1340
mae: 0.0824
98/101
train r2: 0.9999993291211724, valid r2: 0.994735853229555, test r2: 0.99562093770244
Training Results:
r2: 1.0000
rmse: 0.0016
mae: 0.0013
Validation Results:
r2: 0.9947
rmse: 0.1354
mae: 0.0793
Test Results:
r2: 0.9956
rmse: 0.1341
mae: 0.0824
99/101
train r2: 0.9999997276546418, valid r2: 0.994740065957901, test r2: 0.9956259793890331
Training Results:
r2: 1.0000
rmse: 0.0010
mae: 0.0008
Validation Results:
r2: 0.9947
rmse: 0.1354
mae: 0.0794
Test Results:
r2: 0.9956
rmse: 0.1340
mae: 0.0824
100/101
train r2: 0.9999997794988137, valid r2: 0.9947387586392419, test r2: 0.9956259679022003
Training Results:
r2: 1.0000
rmse: 0.0009
mae: 0.0007
Validation Results:
r2: 0.9947
rmse: 0.1354
mae: 0.0794
Test Results:
r2: 0.9956
rmse: 0.1340
mae: 0.0824
train: 1.0000, val: 0.9948, test: 0.9957
end_test_result: (0.9944663523314332, 0.15075676143169403, 0.0908447802066803)
args.seed: 2034
use label scaler
use label scaler
use label scaler
model have 90.143705M paramerters in total
train_dataset.mean: tensor([-2.4285]) train_dataset.std: tensor([1.9232])
1/101
train r2: 0.8255861445797582, valid r2: 0.8087205305690492, test r2: 0.8272988476368093
Training Results:
r2: 0.8256
rmse: 0.8028
mae: 0.5971
Validation Results:
r2: 0.8087
rmse: 0.8163
mae: 0.6161
Test Results:
r2: 0.8273
rmse: 0.8422
mae: 0.6120
2/101
train r2: 0.957239116162753, valid r2: 0.9474730108777847, test r2: 0.9470277575938968
Training Results:
r2: 0.9572
rmse: 0.3977
mae: 0.2903
Validation Results:
r2: 0.9475
rmse: 0.4278
mae: 0.3140
Test Results:
r2: 0.9470
rmse: 0.4664
mae: 0.3341
3/101
train r2: 0.98166859624774, valid r2: 0.9723410340459088, test r2: 0.972855774212097
Training Results:
r2: 0.9817
rmse: 0.2602
mae: 0.1892
Validation Results:
r2: 0.9723
rmse: 0.3104
mae: 0.2280
Test Results:
r2: 0.9729
rmse: 0.3339
mae: 0.2432
4/101
train r2: 0.9833242298199618, valid r2: 0.9742024564347087, test r2: 0.9760317264605104
Training Results:
r2: 0.9833
rmse: 0.2484
mae: 0.1992
Validation Results:
r2: 0.9742
rmse: 0.2998
mae: 0.2310
Test Results:
r2: 0.9760
rmse: 0.3138
mae: 0.2324
5/101
train r2: 0.9921540326763045, valid r2: 0.9840502253853357, test r2: 0.9825401242335724
Training Results:
r2: 0.9922
rmse: 0.1704
mae: 0.1309
Validation Results:
r2: 0.9841
rmse: 0.2357
mae: 0.1763
Test Results:
r2: 0.9825
rmse: 0.2678
mae: 0.1901
6/101
train r2: 0.9931283804311205, valid r2: 0.9838006681968229, test r2: 0.980557085260789
Training Results:
r2: 0.9931
rmse: 0.1594
mae: 0.1237
Validation Results:
r2: 0.9838
rmse: 0.2376
mae: 0.1745
Test Results:
r2: 0.9806
rmse: 0.2826
mae: 0.1947
7/101
train r2: 0.9865553645822255, valid r2: 0.9767439345881717, test r2: 0.9751609008576163
Training Results:
r2: 0.9866
rmse: 0.2230
mae: 0.1800
Validation Results:
r2: 0.9767
rmse: 0.2846
mae: 0.2177
Test Results:
r2: 0.9752
rmse: 0.3194
mae: 0.2337
8/101
train r2: 0.9870684919157521, valid r2: 0.9798311485364015, test r2: 0.9788238953575713
Training Results:
r2: 0.9871
rmse: 0.2188
mae: 0.1860
Validation Results:
r2: 0.9798
rmse: 0.2651
mae: 0.2109
Test Results:
r2: 0.9788
rmse: 0.2949
mae: 0.2275
9/101
train r2: 0.9920831873669059, valid r2: 0.9832759834713564, test r2: 0.983428800335449
Training Results:
r2: 0.9921
rmse: 0.1712
mae: 0.1327
Validation Results:
r2: 0.9833
rmse: 0.2414
mae: 0.1820
Test Results:
r2: 0.9834
rmse: 0.2609
mae: 0.1875
10/101
train r2: 0.9949195009598385, valid r2: 0.9877633487150357, test r2: 0.9857376470026273
Training Results:
r2: 0.9949
rmse: 0.1371
mae: 0.1042
Validation Results:
r2: 0.9878
rmse: 0.2065
mae: 0.1497
Test Results:
r2: 0.9857
rmse: 0.2420
mae: 0.1640
11/101
train r2: 0.9952117673713891, valid r2: 0.9888246784843291, test r2: 0.988218790235973
Training Results:
r2: 0.9952
rmse: 0.1330
mae: 0.1003
Validation Results:
r2: 0.9888
rmse: 0.1973
mae: 0.1442
Test Results:
r2: 0.9882
rmse: 0.2200
mae: 0.1528
12/101
train r2: 0.995315015317901, valid r2: 0.9894407508601866, test r2: 0.9885043008270228
Training Results:
r2: 0.9953
rmse: 0.1316
mae: 0.0988
Validation Results:
r2: 0.9894
rmse: 0.1918
mae: 0.1379
Test Results:
r2: 0.9885
rmse: 0.2173
mae: 0.1521
13/101
train r2: 0.9971460754634026, valid r2: 0.990621963095839, test r2: 0.9895778717826124
Training Results:
r2: 0.9971
rmse: 0.1027
mae: 0.0794
Validation Results:
r2: 0.9906
rmse: 0.1808
mae: 0.1277
Test Results:
r2: 0.9896
rmse: 0.2069
mae: 0.1409
14/101
train r2: 0.997302558930076, valid r2: 0.9911504786837853, test r2: 0.9899819421868029
Training Results:
r2: 0.9973
rmse: 0.0999
mae: 0.0749
Validation Results:
r2: 0.9912
rmse: 0.1756
mae: 0.1252
Test Results:
r2: 0.9900
rmse: 0.2028
mae: 0.1374
15/101
train r2: 0.9962953919728558, valid r2: 0.9899441063503682, test r2: 0.9888648995085886
Training Results:
r2: 0.9963
rmse: 0.1171
mae: 0.0931
Validation Results:
r2: 0.9899
rmse: 0.1872
mae: 0.1371
Test Results:
r2: 0.9889
rmse: 0.2139
mae: 0.1453
16/101
train r2: 0.9972547612993616, valid r2: 0.9912565372315021, test r2: 0.9908681864612728
Training Results:
r2: 0.9973
rmse: 0.1008
mae: 0.0735
Validation Results:
r2: 0.9913
rmse: 0.1745
mae: 0.1196
Test Results:
r2: 0.9909
rmse: 0.1937
mae: 0.1309
17/101
train r2: 0.9967156459556687, valid r2: 0.9910847612503987, test r2: 0.990934103198997
Training Results:
r2: 0.9967
rmse: 0.1102
mae: 0.0840
Validation Results:
r2: 0.9911
rmse: 0.1762
mae: 0.1249
Test Results:
r2: 0.9909
rmse: 0.1930
mae: 0.1306
18/101
train r2: 0.9958837493449411, valid r2: 0.9901690099159974, test r2: 0.990214480174772
Training Results:
r2: 0.9959
rmse: 0.1234
mae: 0.0921
Validation Results:
r2: 0.9902
rmse: 0.1851
mae: 0.1296
Test Results:
r2: 0.9902
rmse: 0.2005
mae: 0.1411
19/101
train r2: 0.9951751763398735, valid r2: 0.9881645535774858, test r2: 0.9892310933752461
Training Results:
r2: 0.9952
rmse: 0.1336
mae: 0.1088
Validation Results:
r2: 0.9882
rmse: 0.2031
mae: 0.1447
Test Results:
r2: 0.9892
rmse: 0.2103
mae: 0.1452
20/101
train r2: 0.9975199386142847, valid r2: 0.9913175335238308, test r2: 0.9912560052559414
Training Results:
r2: 0.9975
rmse: 0.0957
mae: 0.0735
Validation Results:
r2: 0.9913
rmse: 0.1739
mae: 0.1178
Test Results:
r2: 0.9913
rmse: 0.1895
mae: 0.1250
21/101
train r2: 0.996248173960219, valid r2: 0.9888361173496546, test r2: 0.9881337324311164
Training Results:
r2: 0.9962
rmse: 0.1178
mae: 0.0748
Validation Results:
r2: 0.9888
rmse: 0.1972
mae: 0.1208
Test Results:
r2: 0.9881
rmse: 0.2208
mae: 0.1338
22/101
train r2: 0.9974838611982851, valid r2: 0.9925614987184117, test r2: 0.9918689223118174
Training Results:
r2: 0.9975
rmse: 0.0965
mae: 0.0711
Validation Results:
r2: 0.9926
rmse: 0.1610
mae: 0.1128
Test Results:
r2: 0.9919
rmse: 0.1827
mae: 0.1244
23/101
train r2: 0.9974166994116956, valid r2: 0.9923592240119112, test r2: 0.9919688341067224
Training Results:
r2: 0.9974
rmse: 0.0977
mae: 0.0705
Validation Results:
r2: 0.9924
rmse: 0.1632
mae: 0.1092
Test Results:
r2: 0.9920
rmse: 0.1816
mae: 0.1211
24/101
train r2: 0.99818322329509, valid r2: 0.9931977938555204, test r2: 0.9925524281389005
Training Results:
r2: 0.9982
rmse: 0.0820
mae: 0.0613
Validation Results:
r2: 0.9932
rmse: 0.1539
mae: 0.1052
Test Results:
r2: 0.9926
rmse: 0.1749
mae: 0.1148
25/101
train r2: 0.9972412091571471, valid r2: 0.9913829556045779, test r2: 0.9914284948244068
Training Results:
r2: 0.9972
rmse: 0.1011
mae: 0.0780
Validation Results:
r2: 0.9914
rmse: 0.1733
mae: 0.1170
Test Results:
r2: 0.9914
rmse: 0.1876
mae: 0.1270
26/101
train r2: 0.9980496392914481, valid r2: 0.9921611182439732, test r2: 0.9927497252601076
Training Results:
r2: 0.9980
rmse: 0.0850
mae: 0.0649
Validation Results:
r2: 0.9922
rmse: 0.1653
mae: 0.1072
Test Results:
r2: 0.9927
rmse: 0.1726
mae: 0.1136
27/101
train r2: 0.9974868436359994, valid r2: 0.9917292795031916, test r2: 0.9918371675170311
Training Results:
r2: 0.9975
rmse: 0.0965
mae: 0.0740
Validation Results:
r2: 0.9917
rmse: 0.1697
mae: 0.1170
Test Results:
r2: 0.9918
rmse: 0.1831
mae: 0.1196
28/101
train r2: 0.9982824944494738, valid r2: 0.9922975281748124, test r2: 0.9930232895771768
Training Results:
r2: 0.9983
rmse: 0.0797
mae: 0.0580
Validation Results:
r2: 0.9923
rmse: 0.1638
mae: 0.1044
Test Results:
r2: 0.9930
rmse: 0.1693
mae: 0.1116
29/101
train r2: 0.9979333417387026, valid r2: 0.9926213547040587, test r2: 0.9923509327181281
Training Results:
r2: 0.9979
rmse: 0.0875
mae: 0.0699
Validation Results:
r2: 0.9926
rmse: 0.1603
mae: 0.1108
Test Results:
r2: 0.9924
rmse: 0.1772
mae: 0.1181
30/101
train r2: 0.9988692734015727, valid r2: 0.9938132646498551, test r2: 0.9939412947284593
Training Results:
r2: 0.9989
rmse: 0.0647
mae: 0.0487
Validation Results:
r2: 0.9938
rmse: 0.1468
mae: 0.0938
Test Results:
r2: 0.9939
rmse: 0.1577
mae: 0.1015
31/101
train r2: 0.998870061826407, valid r2: 0.9931025993890525, test r2: 0.9929936452642536
Training Results:
r2: 0.9989
rmse: 0.0647
mae: 0.0483
Validation Results:
r2: 0.9931
rmse: 0.1550
mae: 0.0978
Test Results:
r2: 0.9930
rmse: 0.1696
mae: 0.1078
32/101
train r2: 0.9982878080841322, valid r2: 0.9924855830077567, test r2: 0.9928507912668051
Training Results:
r2: 0.9983
rmse: 0.0796
mae: 0.0599
Validation Results:
r2: 0.9925
rmse: 0.1618
mae: 0.1048
Test Results:
r2: 0.9929
rmse: 0.1714
mae: 0.1124
33/101
train r2: 0.997345177613069, valid r2: 0.9924767468420547, test r2: 0.9936621288911937
Training Results:
r2: 0.9973
rmse: 0.0991
mae: 0.0794
Validation Results:
r2: 0.9925
rmse: 0.1619
mae: 0.1159
Test Results:
r2: 0.9937
rmse: 0.1613
mae: 0.1158
34/101
train r2: 0.9978955682251576, valid r2: 0.9931524539518285, test r2: 0.9937996061781952
Training Results:
r2: 0.9979
rmse: 0.0883
mae: 0.0615
Validation Results:
r2: 0.9932
rmse: 0.1545
mae: 0.1034
Test Results:
r2: 0.9938
rmse: 0.1596
mae: 0.1059
35/101
train r2: 0.9979065427403486, valid r2: 0.9926025566040306, test r2: 0.9929446845446674
Training Results:
r2: 0.9979
rmse: 0.0880
mae: 0.0667
Validation Results:
r2: 0.9926
rmse: 0.1605
mae: 0.1029
Test Results:
r2: 0.9929
rmse: 0.1702
mae: 0.1119
36/101
train r2: 0.9989356844264574, valid r2: 0.9942854214708013, test r2: 0.9942850167170478
Training Results:
r2: 0.9989
rmse: 0.0628
mae: 0.0449
Validation Results:
r2: 0.9943
rmse: 0.1411
mae: 0.0917
Test Results:
r2: 0.9943
rmse: 0.1532
mae: 0.0986
37/101
train r2: 0.998245587709724, valid r2: 0.9931698942724446, test r2: 0.9932000341253506
Training Results:
r2: 0.9982
rmse: 0.0805
mae: 0.0639
Validation Results:
r2: 0.9932
rmse: 0.1543
mae: 0.1038
Test Results:
r2: 0.9932
rmse: 0.1671
mae: 0.1108
38/101
train r2: 0.9981050603379477, valid r2: 0.9932623799738878, test r2: 0.9933375637893319
Training Results:
r2: 0.9981
rmse: 0.0837
mae: 0.0678
Validation Results:
r2: 0.9933
rmse: 0.1532
mae: 0.1029
Test Results:
r2: 0.9933
rmse: 0.1654
mae: 0.1110
39/101
train r2: 0.9991287934588697, valid r2: 0.9936617068341077, test r2: 0.9937531513330597
Training Results:
r2: 0.9991
rmse: 0.0568
mae: 0.0422
Validation Results:
r2: 0.9937
rmse: 0.1486
mae: 0.0948
Test Results:
r2: 0.9938
rmse: 0.1602
mae: 0.1011
40/101
train r2: 0.9984620872277975, valid r2: 0.9930519961726604, test r2: 0.9936329334171091
Training Results:
r2: 0.9985
rmse: 0.0754
mae: 0.0609
Validation Results:
r2: 0.9931
rmse: 0.1556
mae: 0.1044
Test Results:
r2: 0.9936
rmse: 0.1617
mae: 0.1072
41/101
train r2: 0.9990265709318569, valid r2: 0.9937128886271631, test r2: 0.9938026561957022
Training Results:
r2: 0.9990
rmse: 0.0600
mae: 0.0445
Validation Results:
r2: 0.9937
rmse: 0.1480
mae: 0.0956
Test Results:
r2: 0.9938
rmse: 0.1595
mae: 0.1010
42/101
train r2: 0.9992874782958607, valid r2: 0.9941824130771072, test r2: 0.9942436692918873
Training Results:
r2: 0.9993
rmse: 0.0513
mae: 0.0368
Validation Results:
r2: 0.9942
rmse: 0.1424
mae: 0.0903
Test Results:
r2: 0.9942
rmse: 0.1538
mae: 0.0964
43/101
train r2: 0.9991115653394452, valid r2: 0.9940538850697676, test r2: 0.9941015287073764
Training Results:
r2: 0.9991
rmse: 0.0573
mae: 0.0415
Validation Results:
r2: 0.9941
rmse: 0.1439
mae: 0.0888
Test Results:
r2: 0.9941
rmse: 0.1556
mae: 0.0957
44/101
train r2: 0.9988463062842092, valid r2: 0.9935469726111706, test r2: 0.9934842954686184
Training Results:
r2: 0.9988
rmse: 0.0653
mae: 0.0490
Validation Results:
r2: 0.9935
rmse: 0.1499
mae: 0.0931
Test Results:
r2: 0.9935
rmse: 0.1636
mae: 0.1032
45/101
train r2: 0.9991973538120129, valid r2: 0.9945003625017727, test r2: 0.9947221931470135
Training Results:
r2: 0.9992
rmse: 0.0545
mae: 0.0402
Validation Results:
r2: 0.9945
rmse: 0.1384
mae: 0.0868
Test Results:
r2: 0.9947
rmse: 0.1472
mae: 0.0937
46/101
train r2: 0.999099582608455, valid r2: 0.9941087701392451, test r2: 0.9946310404296921
Training Results:
r2: 0.9991
rmse: 0.0577
mae: 0.0431
Validation Results:
r2: 0.9941
rmse: 0.1433
mae: 0.0923
Test Results:
r2: 0.9946
rmse: 0.1485
mae: 0.0944
47/101
train r2: 0.9992537483778181, valid r2: 0.9945298072338944, test r2: 0.9948141702001405
Training Results:
r2: 0.9993
rmse: 0.0526
mae: 0.0378
Validation Results:
r2: 0.9945
rmse: 0.1380
mae: 0.0868
Test Results:
r2: 0.9948
rmse: 0.1459
mae: 0.0919
48/101
train r2: 0.9993585033143192, valid r2: 0.994582286325729, test r2: 0.9949703472904318
Training Results:
r2: 0.9994
rmse: 0.0487
mae: 0.0365
Validation Results:
r2: 0.9946
rmse: 0.1374
mae: 0.0861
Test Results:
r2: 0.9950
rmse: 0.1437
mae: 0.0924
49/101
train r2: 0.9990844632681757, valid r2: 0.9940474358450063, test r2: 0.9949148700496527
Training Results:
r2: 0.9991
rmse: 0.0582
mae: 0.0468
Validation Results:
r2: 0.9940
rmse: 0.1440
mae: 0.0936
Test Results:
r2: 0.9949
rmse: 0.1445
mae: 0.0940
50/101
train r2: 0.999366178839729, valid r2: 0.9943144745992455, test r2: 0.9945330176588819
Training Results:
r2: 0.9994
rmse: 0.0484
mae: 0.0347
Validation Results:
r2: 0.9943
rmse: 0.1407
mae: 0.0862
Test Results:
r2: 0.9945
rmse: 0.1498
mae: 0.0921
51/101
train r2: 0.9991851285469139, valid r2: 0.9942829301226341, test r2: 0.9946722718897197
Training Results:
r2: 0.9992
rmse: 0.0549
mae: 0.0447
Validation Results:
r2: 0.9943
rmse: 0.1411
mae: 0.0926
Test Results:
r2: 0.9947
rmse: 0.1479
mae: 0.0957
52/101
train r2: 0.9995230855298152, valid r2: 0.9943898214037854, test r2: 0.9950410079446262
Training Results:
r2: 0.9995
rmse: 0.0420
mae: 0.0310
Validation Results:
r2: 0.9944
rmse: 0.1398
mae: 0.0842
Test Results:
r2: 0.9950
rmse: 0.1427
mae: 0.0920
53/101
train r2: 0.9991677236817096, valid r2: 0.9947058789799572, test r2: 0.9947341477311927
Training Results:
r2: 0.9992
rmse: 0.0555
mae: 0.0432
Validation Results:
r2: 0.9947
rmse: 0.1358
mae: 0.0882
Test Results:
r2: 0.9947
rmse: 0.1471
mae: 0.0934
54/101
train r2: 0.9993153563266445, valid r2: 0.9942710428026202, test r2: 0.9950292787130199
Training Results:
r2: 0.9993
rmse: 0.0503
mae: 0.0376
Validation Results:
r2: 0.9943
rmse: 0.1413
mae: 0.0878
Test Results:
r2: 0.9950
rmse: 0.1429
mae: 0.0920
55/101
train r2: 0.9993128382893622, valid r2: 0.994101793895891, test r2: 0.9941478691151037
Training Results:
r2: 0.9993
rmse: 0.0504
mae: 0.0353
Validation Results:
r2: 0.9941
rmse: 0.1433
mae: 0.0883
Test Results:
r2: 0.9941
rmse: 0.1550
mae: 0.0949
56/101
train r2: 0.9993510901054832, valid r2: 0.9938497445143091, test r2: 0.9945632891312022
Training Results:
r2: 0.9994
rmse: 0.0490
mae: 0.0370
Validation Results:
r2: 0.9938
rmse: 0.1464
mae: 0.0911
Test Results:
r2: 0.9946
rmse: 0.1494
mae: 0.0946
57/101
train r2: 0.9996517959540698, valid r2: 0.9946800996203606, test r2: 0.9952377307015711
Training Results:
r2: 0.9997
rmse: 0.0359
mae: 0.0260
Validation Results:
r2: 0.9947
rmse: 0.1361
mae: 0.0821
Test Results:
r2: 0.9952
rmse: 0.1399
mae: 0.0869
58/101
train r2: 0.9995842764738806, valid r2: 0.9949109395790557, test r2: 0.9953283338183883
Training Results:
r2: 0.9996
rmse: 0.0392
mae: 0.0272
Validation Results:
r2: 0.9949
rmse: 0.1332
mae: 0.0829
Test Results:
r2: 0.9953
rmse: 0.1385
mae: 0.0872
59/101
train r2: 0.9995771172192901, valid r2: 0.9945663322893773, test r2: 0.9946916149920908
Training Results:
r2: 0.9996
rmse: 0.0396
mae: 0.0305
Validation Results:
r2: 0.9946
rmse: 0.1376
mae: 0.0829
Test Results:
r2: 0.9947
rmse: 0.1477
mae: 0.0917
60/101
train r2: 0.99945197257126, valid r2: 0.994372698123672, test r2: 0.9948011598736086
Training Results:
r2: 0.9995
rmse: 0.0450
mae: 0.0358
Validation Results:
r2: 0.9944
rmse: 0.1400
mae: 0.0882
Test Results:
r2: 0.9948
rmse: 0.1461
mae: 0.0944
61/101
train r2: 0.9996001210720326, valid r2: 0.9946945718597978, test r2: 0.9949458757119171
Training Results:
r2: 0.9996
rmse: 0.0384
mae: 0.0291
Validation Results:
r2: 0.9947
rmse: 0.1360
mae: 0.0824
Test Results:
r2: 0.9949
rmse: 0.1441
mae: 0.0892
62/101
train r2: 0.9995884101525697, valid r2: 0.9945348476988789, test r2: 0.9950011933307525
Training Results:
r2: 0.9996
rmse: 0.0390
mae: 0.0298
Validation Results:
r2: 0.9945
rmse: 0.1380
mae: 0.0834
Test Results:
r2: 0.9950
rmse: 0.1433
mae: 0.0889
63/101
train r2: 0.9996453979438001, valid r2: 0.9945098494880246, test r2: 0.9948087179294642
Training Results:
r2: 0.9996
rmse: 0.0362
mae: 0.0277
Validation Results:
r2: 0.9945
rmse: 0.1383
mae: 0.0836
Test Results:
r2: 0.9948
rmse: 0.1460
mae: 0.0915
64/101
train r2: 0.9997266241207083, valid r2: 0.9945881928446305, test r2: 0.9950617672715055
Training Results:
r2: 0.9997
rmse: 0.0318
mae: 0.0242
Validation Results:
r2: 0.9946
rmse: 0.1373
mae: 0.0832
Test Results:
r2: 0.9951
rmse: 0.1424
mae: 0.0877
65/101
train r2: 0.9997478872445765, valid r2: 0.9947149737457475, test r2: 0.9950738748582539
Training Results:
r2: 0.9997
rmse: 0.0305
mae: 0.0231
Validation Results:
r2: 0.9947
rmse: 0.1357
mae: 0.0810
Test Results:
r2: 0.9951
rmse: 0.1422
mae: 0.0875
66/101
train r2: 0.9997601116498399, valid r2: 0.9947142091578228, test r2: 0.9951860728293606
Training Results:
r2: 0.9998
rmse: 0.0298
mae: 0.0228
Validation Results:
r2: 0.9947
rmse: 0.1357
mae: 0.0815
Test Results:
r2: 0.9952
rmse: 0.1406
mae: 0.0868
67/101
train r2: 0.9998032036795259, valid r2: 0.9950920067975633, test r2: 0.9953692737116291
Training Results:
r2: 0.9998
rmse: 0.0270
mae: 0.0200
Validation Results:
r2: 0.9951
rmse: 0.1308
mae: 0.0794
Test Results:
r2: 0.9954
rmse: 0.1379
mae: 0.0849
68/101
train r2: 0.9998234233900595, valid r2: 0.9946251237029556, test r2: 0.9950376277677535
Training Results:
r2: 0.9998
rmse: 0.0256
mae: 0.0191
Validation Results:
r2: 0.9946
rmse: 0.1368
mae: 0.0821
Test Results:
r2: 0.9950
rmse: 0.1428
mae: 0.0876
69/101
train r2: 0.9996541904817187, valid r2: 0.9944789769089075, test r2: 0.9949919533269774
Training Results:
r2: 0.9997
rmse: 0.0358
mae: 0.0292
Validation Results:
r2: 0.9945
rmse: 0.1387
mae: 0.0838
Test Results:
r2: 0.9950
rmse: 0.1434
mae: 0.0892
70/101
train r2: 0.9998763988937077, valid r2: 0.994880661892595, test r2: 0.9952135699423561
Training Results:
r2: 0.9999
rmse: 0.0214
mae: 0.0160
Validation Results:
r2: 0.9949
rmse: 0.1335
mae: 0.0805
Test Results:
r2: 0.9952
rmse: 0.1402
mae: 0.0854
71/101
train r2: 0.9997398247343163, valid r2: 0.9948765763129999, test r2: 0.995248189299773
Training Results:
r2: 0.9997
rmse: 0.0310
mae: 0.0255
Validation Results:
r2: 0.9949
rmse: 0.1336
mae: 0.0823
Test Results:
r2: 0.9952
rmse: 0.1397
mae: 0.0856
72/101
train r2: 0.9997281367625312, valid r2: 0.9944407716184134, test r2: 0.9948862304284316
Training Results:
r2: 0.9997
rmse: 0.0317
mae: 0.0238
Validation Results:
r2: 0.9944
rmse: 0.1392
mae: 0.0818
Test Results:
r2: 0.9949
rmse: 0.1449
mae: 0.0898
73/101
train r2: 0.9997803150208597, valid r2: 0.9948644437347625, test r2: 0.9951705021003637
Training Results:
r2: 0.9998
rmse: 0.0285
mae: 0.0219
Validation Results:
r2: 0.9949
rmse: 0.1338
mae: 0.0805
Test Results:
r2: 0.9952
rmse: 0.1408
mae: 0.0863
74/101
train r2: 0.9998681155749064, valid r2: 0.9950251822051556, test r2: 0.9953963089406277
Training Results:
r2: 0.9999
rmse: 0.0221
mae: 0.0166
Validation Results:
r2: 0.9950
rmse: 0.1316
mae: 0.0788
Test Results:
r2: 0.9954
rmse: 0.1375
mae: 0.0835
75/101
train r2: 0.9998940271568846, valid r2: 0.9949414570991465, test r2: 0.9951903240659088
Training Results:
r2: 0.9999
rmse: 0.0198
mae: 0.0150
Validation Results:
r2: 0.9949
rmse: 0.1328
mae: 0.0790
Test Results:
r2: 0.9952
rmse: 0.1405
mae: 0.0860
76/101
train r2: 0.9999217179132067, valid r2: 0.9948646333864124, test r2: 0.9952034397593859
Training Results:
r2: 0.9999
rmse: 0.0170
mae: 0.0128
Validation Results:
r2: 0.9949
rmse: 0.1338
mae: 0.0792
Test Results:
r2: 0.9952
rmse: 0.1404
mae: 0.0840
77/101
train r2: 0.9998778139031562, valid r2: 0.9948138395319235, test r2: 0.9950771755213113
Training Results:
r2: 0.9999
rmse: 0.0213
mae: 0.0168
Validation Results:
r2: 0.9948
rmse: 0.1344
mae: 0.0794
Test Results:
r2: 0.9951
rmse: 0.1422
mae: 0.0865
78/101
train r2: 0.9999118054911806, valid r2: 0.9950038597878118, test r2: 0.9952992855516984
Training Results:
r2: 0.9999
rmse: 0.0181
mae: 0.0140
Validation Results:
r2: 0.9950
rmse: 0.1319
mae: 0.0790
Test Results:
r2: 0.9953
rmse: 0.1389
mae: 0.0844
79/101
train r2: 0.9999025454700735, valid r2: 0.9948013536031539, test r2: 0.9950798782767046
Training Results:
r2: 0.9999
rmse: 0.0190
mae: 0.0144
Validation Results:
r2: 0.9948
rmse: 0.1346
mae: 0.0797
Test Results:
r2: 0.9951
rmse: 0.1422
mae: 0.0854
80/101
train r2: 0.9999393476322519, valid r2: 0.9949548330540575, test r2: 0.9953764535373747
Training Results:
r2: 0.9999
rmse: 0.0150
mae: 0.0111
Validation Results:
r2: 0.9950
rmse: 0.1326
mae: 0.0782
Test Results:
r2: 0.9954
rmse: 0.1378
mae: 0.0834
81/101
train r2: 0.9999506695536237, valid r2: 0.9949695159815757, test r2: 0.9952763369251008
Training Results:
r2: 1.0000
rmse: 0.0135
mae: 0.0101
Validation Results:
r2: 0.9950
rmse: 0.1324
mae: 0.0787
Test Results:
r2: 0.9953
rmse: 0.1393
mae: 0.0840
82/101
train r2: 0.9997819703752582, valid r2: 0.9949694838577035, test r2: 0.9954612457308575
Training Results:
r2: 0.9998
rmse: 0.0284
mae: 0.0229
Validation Results:
r2: 0.9950
rmse: 0.1324
mae: 0.0814
Test Results:
r2: 0.9955
rmse: 0.1365
mae: 0.0844
83/101
train r2: 0.999949500926196, valid r2: 0.9950486532988927, test r2: 0.9953260089623901
Training Results:
r2: 0.9999
rmse: 0.0137
mae: 0.0103
Validation Results:
r2: 0.9950
rmse: 0.1313
mae: 0.0787
Test Results:
r2: 0.9953
rmse: 0.1386
mae: 0.0836
84/101
train r2: 0.9999400411164917, valid r2: 0.9950156753607798, test r2: 0.9952575962151463
Training Results:
r2: 0.9999
rmse: 0.0149
mae: 0.0113
Validation Results:
r2: 0.9950
rmse: 0.1318
mae: 0.0783
Test Results:
r2: 0.9953
rmse: 0.1396
mae: 0.0839
85/101
train r2: 0.99994847187719, valid r2: 0.9949258318860386, test r2: 0.9951840939369249
Training Results:
r2: 0.9999
rmse: 0.0138
mae: 0.0109
Validation Results:
r2: 0.9949
rmse: 0.1330
mae: 0.0788
Test Results:
r2: 0.9952
rmse: 0.1406
mae: 0.0853
86/101
train r2: 0.9999674633151923, valid r2: 0.9949121265857414, test r2: 0.9952837649704981
Training Results:
r2: 1.0000
rmse: 0.0110
mae: 0.0082
Validation Results:
r2: 0.9949
rmse: 0.1331
mae: 0.0783
Test Results:
r2: 0.9953
rmse: 0.1392
mae: 0.0835
87/101
train r2: 0.9999762081113838, valid r2: 0.9949730668153359, test r2: 0.9953506753250413
Training Results:
r2: 1.0000
rmse: 0.0094
mae: 0.0073
Validation Results:
r2: 0.9950
rmse: 0.1323
mae: 0.0783
Test Results:
r2: 0.9954
rmse: 0.1382
mae: 0.0836
break!
train: 0.9998, val: 0.9951, test: 0.9954
end_test_result: (0.9987621188488583, 0.07130344212055206, 0.051076121628284454)
args.seed: 2044
use label scaler
use label scaler
use label scaler
model have 90.143705M paramerters in total
train_dataset.mean: tensor([-2.4285]) train_dataset.std: tensor([1.9232])
1/101
train r2: 0.8367999915994242, valid r2: 0.8146784986669551, test r2: 0.8297015852989696
Training Results:
r2: 0.8368
rmse: 0.7769
mae: 0.5787
Validation Results:
r2: 0.8147
rmse: 0.8035
mae: 0.6152
Test Results:
r2: 0.8297
rmse: 0.8363
mae: 0.6166
2/101
train r2: 0.9552164297063847, valid r2: 0.9425633422065569, test r2: 0.9422222293290986
Training Results:
r2: 0.9552
rmse: 0.4070
mae: 0.3014
Validation Results:
r2: 0.9426
rmse: 0.4473
mae: 0.3365
Test Results:
r2: 0.9422
rmse: 0.4871
mae: 0.3541
3/101
train r2: 0.9811922587723546, valid r2: 0.9691808182664334, test r2: 0.9713022271986083
Training Results:
r2: 0.9812
rmse: 0.2637
mae: 0.1968
Validation Results:
r2: 0.9692
rmse: 0.3277
mae: 0.2415
Test Results:
r2: 0.9713
rmse: 0.3433
mae: 0.2440
4/101
train r2: 0.9896288994023393, valid r2: 0.9777101765161762, test r2: 0.9787876027508956
Training Results:
r2: 0.9896
rmse: 0.1958
mae: 0.1470
Validation Results:
r2: 0.9777
rmse: 0.2787
mae: 0.2053
Test Results:
r2: 0.9788
rmse: 0.2952
mae: 0.2085
5/101
train r2: 0.988753445462924, valid r2: 0.9774486582157632, test r2: 0.9782445581133351
Training Results:
r2: 0.9888
rmse: 0.2040
mae: 0.1587
Validation Results:
r2: 0.9774
rmse: 0.2803
mae: 0.2126
Test Results:
r2: 0.9782
rmse: 0.2989
mae: 0.2144
6/101
train r2: 0.9948022005443634, valid r2: 0.9833179574935148, test r2: 0.9832076184830856
Training Results:
r2: 0.9948
rmse: 0.1387
mae: 0.1089
Validation Results:
r2: 0.9833
rmse: 0.2411
mae: 0.1813
Test Results:
r2: 0.9832
rmse: 0.2626
mae: 0.1801
7/101
train r2: 0.9955428659947285, valid r2: 0.984641579812332, test r2: 0.9838223294736608
Training Results:
r2: 0.9955
rmse: 0.1283
mae: 0.1019
Validation Results:
r2: 0.9846
rmse: 0.2313
mae: 0.1715
Test Results:
r2: 0.9838
rmse: 0.2578
mae: 0.1796
8/101
train r2: 0.9949989513675549, valid r2: 0.9864362422698811, test r2: 0.9846449076796463
Training Results:
r2: 0.9950
rmse: 0.1360
mae: 0.1014
Validation Results:
r2: 0.9864
rmse: 0.2174
mae: 0.1583
Test Results:
r2: 0.9846
rmse: 0.2511
mae: 0.1738
9/101
train r2: 0.988916917122069, valid r2: 0.9801891592550197, test r2: 0.979597473306984
Training Results:
r2: 0.9889
rmse: 0.2025
mae: 0.1396
Validation Results:
r2: 0.9802
rmse: 0.2627
mae: 0.1883
Test Results:
r2: 0.9796
rmse: 0.2895
mae: 0.2027
10/101
train r2: 0.9914011522345787, valid r2: 0.9826638870675998, test r2: 0.9827140007562185
Training Results:
r2: 0.9914
rmse: 0.1782
mae: 0.1374
Validation Results:
r2: 0.9827
rmse: 0.2458
mae: 0.1849
Test Results:
r2: 0.9827
rmse: 0.2665
mae: 0.1938
11/101
train r2: 0.9936435131891641, valid r2: 0.9864641459136687, test r2: 0.9854013263900707
Training Results:
r2: 0.9936
rmse: 0.1534
mae: 0.1123
Validation Results:
r2: 0.9865
rmse: 0.2172
mae: 0.1564
Test Results:
r2: 0.9854
rmse: 0.2449
mae: 0.1661
12/101
train r2: 0.9946342527064284, valid r2: 0.9875148286539864, test r2: 0.9875000053819907
Training Results:
r2: 0.9946
rmse: 0.1409
mae: 0.1040
Validation Results:
r2: 0.9875
rmse: 0.2086
mae: 0.1490
Test Results:
r2: 0.9875
rmse: 0.2266
mae: 0.1581
13/101
train r2: 0.9969228047191645, valid r2: 0.9883797824064076, test r2: 0.988366592709821
Training Results:
r2: 0.9969
rmse: 0.1067
mae: 0.0784
Validation Results:
r2: 0.9884
rmse: 0.2012
mae: 0.1356
Test Results:
r2: 0.9884
rmse: 0.2186
mae: 0.1427
14/101
train r2: 0.9976296079792619, valid r2: 0.990351963411682, test r2: 0.990409358740814
Training Results:
r2: 0.9976
rmse: 0.0936
mae: 0.0726
Validation Results:
r2: 0.9904
rmse: 0.1833
mae: 0.1276
Test Results:
r2: 0.9904
rmse: 0.1985
mae: 0.1350
15/101
train r2: 0.9975434347783061, valid r2: 0.9899125763516424, test r2: 0.9902280341940306
Training Results:
r2: 0.9975
rmse: 0.0953
mae: 0.0721
Validation Results:
r2: 0.9899
rmse: 0.1875
mae: 0.1299
Test Results:
r2: 0.9902
rmse: 0.2003
mae: 0.1358
16/101
train r2: 0.9956147289874254, valid r2: 0.9885427137990663, test r2: 0.9888860586216003
Training Results:
r2: 0.9956
rmse: 0.1274
mae: 0.0991
Validation Results:
r2: 0.9885
rmse: 0.1998
mae: 0.1458
Test Results:
r2: 0.9889
rmse: 0.2137
mae: 0.1526
17/101
train r2: 0.9968426578373519, valid r2: 0.9898735093679372, test r2: 0.9905818563966022
Training Results:
r2: 0.9968
rmse: 0.1081
mae: 0.0824
Validation Results:
r2: 0.9899
rmse: 0.1878
mae: 0.1309
Test Results:
r2: 0.9906
rmse: 0.1967
mae: 0.1346
18/101
train r2: 0.9960632984041753, valid r2: 0.9883395805431815, test r2: 0.9895017072052481
Training Results:
r2: 0.9961
rmse: 0.1206
mae: 0.0914
Validation Results:
r2: 0.9883
rmse: 0.2015
mae: 0.1365
Test Results:
r2: 0.9895
rmse: 0.2076
mae: 0.1419
19/101
train r2: 0.9974489571056264, valid r2: 0.9902387331718522, test r2: 0.9914166975674862
Training Results:
r2: 0.9974
rmse: 0.0970
mae: 0.0725
Validation Results:
r2: 0.9902
rmse: 0.1844
mae: 0.1246
Test Results:
r2: 0.9914
rmse: 0.1878
mae: 0.1254
20/101
train r2: 0.9975542005077972, valid r2: 0.990926077029765, test r2: 0.9915596523833625
Training Results:
r2: 0.9976
rmse: 0.0951
mae: 0.0711
Validation Results:
r2: 0.9909
rmse: 0.1778
mae: 0.1214
Test Results:
r2: 0.9916
rmse: 0.1862
mae: 0.1271
21/101
train r2: 0.9972264549674554, valid r2: 0.9914985158422162, test r2: 0.9919244790128398
Training Results:
r2: 0.9972
rmse: 0.1013
mae: 0.0758
Validation Results:
r2: 0.9915
rmse: 0.1721
mae: 0.1212
Test Results:
r2: 0.9919
rmse: 0.1821
mae: 0.1226
22/101
train r2: 0.997012937210122, valid r2: 0.9899611436272917, test r2: 0.9913232733154127
Training Results:
r2: 0.9970
rmse: 0.1051
mae: 0.0808
Validation Results:
r2: 0.9900
rmse: 0.1870
mae: 0.1270
Test Results:
r2: 0.9913
rmse: 0.1888
mae: 0.1290
23/101
train r2: 0.9975248221623575, valid r2: 0.9919827280325185, test r2: 0.9923709003152834
Training Results:
r2: 0.9975
rmse: 0.0957
mae: 0.0739
Validation Results:
r2: 0.9920
rmse: 0.1671
mae: 0.1160
Test Results:
r2: 0.9924
rmse: 0.1770
mae: 0.1218
24/101
train r2: 0.9982440182290548, valid r2: 0.9923744045734079, test r2: 0.9931022654421006
Training Results:
r2: 0.9982
rmse: 0.0806
mae: 0.0598
Validation Results:
r2: 0.9924
rmse: 0.1630
mae: 0.1079
Test Results:
r2: 0.9931
rmse: 0.1683
mae: 0.1128
25/101
train r2: 0.9967738181002741, valid r2: 0.9908619706039916, test r2: 0.9918506439947489
Training Results:
r2: 0.9968
rmse: 0.1092
mae: 0.0893
Validation Results:
r2: 0.9909
rmse: 0.1784
mae: 0.1270
Test Results:
r2: 0.9919
rmse: 0.1830
mae: 0.1283
26/101
train r2: 0.9981376865557384, valid r2: 0.992365617681115, test r2: 0.9929743142249263
Training Results:
r2: 0.9981
rmse: 0.0829
mae: 0.0618
Validation Results:
r2: 0.9924
rmse: 0.1631
mae: 0.1103
Test Results:
r2: 0.9930
rmse: 0.1699
mae: 0.1133
27/101
train r2: 0.99731227141459, valid r2: 0.9911922112920107, test r2: 0.9915443731176422
Training Results:
r2: 0.9973
rmse: 0.0997
mae: 0.0806
Validation Results:
r2: 0.9912
rmse: 0.1752
mae: 0.1206
Test Results:
r2: 0.9915
rmse: 0.1864
mae: 0.1303
28/101
train r2: 0.9982676262590767, valid r2: 0.9927719700975545, test r2: 0.9929645377031533
Training Results:
r2: 0.9983
rmse: 0.0800
mae: 0.0585
Validation Results:
r2: 0.9928
rmse: 0.1587
mae: 0.1045
Test Results:
r2: 0.9930
rmse: 0.1700
mae: 0.1096
29/101
train r2: 0.9975005002010654, valid r2: 0.9923073581235183, test r2: 0.9917283975019824
Training Results:
r2: 0.9975
rmse: 0.0962
mae: 0.0710
Validation Results:
r2: 0.9923
rmse: 0.1637
mae: 0.1122
Test Results:
r2: 0.9917
rmse: 0.1843
mae: 0.1188
30/101
train r2: 0.9980963767480627, valid r2: 0.9922104938695463, test r2: 0.9937341057055827
Training Results:
r2: 0.9981
rmse: 0.0839
mae: 0.0598
Validation Results:
r2: 0.9922
rmse: 0.1647
mae: 0.1085
Test Results:
r2: 0.9937
rmse: 0.1604
mae: 0.1093
31/101
train r2: 0.9979772105575273, valid r2: 0.9923562597812802, test r2: 0.9925055614139897
Training Results:
r2: 0.9980
rmse: 0.0865
mae: 0.0670
Validation Results:
r2: 0.9924
rmse: 0.1632
mae: 0.1088
Test Results:
r2: 0.9925
rmse: 0.1754
mae: 0.1184
32/101
train r2: 0.9986185846890662, valid r2: 0.9933864517575255, test r2: 0.9937995429104036
Training Results:
r2: 0.9986
rmse: 0.0715
mae: 0.0523
Validation Results:
r2: 0.9934
rmse: 0.1518
mae: 0.0989
Test Results:
r2: 0.9938
rmse: 0.1596
mae: 0.1028
33/101
train r2: 0.9985731036243158, valid r2: 0.9934108644967701, test r2: 0.9933196935770436
Training Results:
r2: 0.9986
rmse: 0.0727
mae: 0.0565
Validation Results:
r2: 0.9934
rmse: 0.1515
mae: 0.0999
Test Results:
r2: 0.9933
rmse: 0.1656
mae: 0.1078
34/101
train r2: 0.9981686406331436, valid r2: 0.9924336713016328, test r2: 0.9930320205354579
Training Results:
r2: 0.9982
rmse: 0.0823
mae: 0.0657
Validation Results:
r2: 0.9924
rmse: 0.1624
mae: 0.1057
Test Results:
r2: 0.9930
rmse: 0.1692
mae: 0.1145
35/101
train r2: 0.9974268246551137, valid r2: 0.9915079777330633, test r2: 0.9921060360292004
Training Results:
r2: 0.9974
rmse: 0.0976
mae: 0.0784
Validation Results:
r2: 0.9915
rmse: 0.1720
mae: 0.1198
Test Results:
r2: 0.9921
rmse: 0.1801
mae: 0.1230
36/101
train r2: 0.999021594654591, valid r2: 0.994066826548292, test r2: 0.9941409960233041
Training Results:
r2: 0.9990
rmse: 0.0602
mae: 0.0438
Validation Results:
r2: 0.9941
rmse: 0.1438
mae: 0.0925
Test Results:
r2: 0.9941
rmse: 0.1551
mae: 0.0978
37/101
train r2: 0.9983734915314405, valid r2: 0.9930816312621863, test r2: 0.9937886759436885
Training Results:
r2: 0.9984
rmse: 0.0775
mae: 0.0634
Validation Results:
r2: 0.9931
rmse: 0.1552
mae: 0.1058
Test Results:
r2: 0.9938
rmse: 0.1597
mae: 0.1103
38/101
train r2: 0.9990658367326297, valid r2: 0.9940020415974938, test r2: 0.9939683763231651
Training Results:
r2: 0.9991
rmse: 0.0588
mae: 0.0451
Validation Results:
r2: 0.9940
rmse: 0.1446
mae: 0.0934
Test Results:
r2: 0.9940
rmse: 0.1574
mae: 0.1005
39/101
train r2: 0.9989768977879494, valid r2: 0.9941677399500376, test r2: 0.9943688617008786
Training Results:
r2: 0.9990
rmse: 0.0615
mae: 0.0460
Validation Results:
r2: 0.9942
rmse: 0.1425
mae: 0.0928
Test Results:
r2: 0.9944
rmse: 0.1521
mae: 0.1003
40/101
train r2: 0.9992526204061781, valid r2: 0.9941609569299511, test r2: 0.9937129663917994
Training Results:
r2: 0.9993
rmse: 0.0526
mae: 0.0393
Validation Results:
r2: 0.9942
rmse: 0.1426
mae: 0.0923
Test Results:
r2: 0.9937
rmse: 0.1607
mae: 0.0999
41/101
train r2: 0.9988808041612421, valid r2: 0.994064198805613, test r2: 0.9943300919339297
Training Results:
r2: 0.9989
rmse: 0.0644
mae: 0.0470
Validation Results:
r2: 0.9941
rmse: 0.1438
mae: 0.0938
Test Results:
r2: 0.9943
rmse: 0.1526
mae: 0.0998
42/101
train r2: 0.9978555278561976, valid r2: 0.9923239812253345, test r2: 0.9933801398439471
Training Results:
r2: 0.9979
rmse: 0.0891
mae: 0.0702
Validation Results:
r2: 0.9923
rmse: 0.1635
mae: 0.1087
Test Results:
r2: 0.9934
rmse: 0.1649
mae: 0.1122
43/101
train r2: 0.9985788254097508, valid r2: 0.9935375547686487, test r2: 0.9941176246468579
Training Results:
r2: 0.9986
rmse: 0.0725
mae: 0.0579
Validation Results:
r2: 0.9935
rmse: 0.1500
mae: 0.1001
Test Results:
r2: 0.9941
rmse: 0.1554
mae: 0.1036
44/101
train r2: 0.9992416976686463, valid r2: 0.993804329935218, test r2: 0.9942380708151757
Training Results:
r2: 0.9992
rmse: 0.0530
mae: 0.0397
Validation Results:
r2: 0.9938
rmse: 0.1469
mae: 0.0905
Test Results:
r2: 0.9942
rmse: 0.1538
mae: 0.0984
45/101
train r2: 0.9986672607890631, valid r2: 0.9932027017793054, test r2: 0.9934280873920452
Training Results:
r2: 0.9987
rmse: 0.0702
mae: 0.0546
Validation Results:
r2: 0.9932
rmse: 0.1539
mae: 0.0978
Test Results:
r2: 0.9934
rmse: 0.1643
mae: 0.1073
46/101
train r2: 0.9992667382708711, valid r2: 0.9942498937577461, test r2: 0.9944104649402616
Training Results:
r2: 0.9993
rmse: 0.0521
mae: 0.0380
Validation Results:
r2: 0.9942
rmse: 0.1415
mae: 0.0909
Test Results:
r2: 0.9944
rmse: 0.1515
mae: 0.0992
47/101
train r2: 0.999322144230091, valid r2: 0.994217928149382, test r2: 0.9942887890945347
Training Results:
r2: 0.9993
rmse: 0.0501
mae: 0.0369
Validation Results:
r2: 0.9942
rmse: 0.1419
mae: 0.0890
Test Results:
r2: 0.9943
rmse: 0.1532
mae: 0.0956
48/101
train r2: 0.9989951297032209, valid r2: 0.9937567889468347, test r2: 0.9940158168372183
Training Results:
r2: 0.9990
rmse: 0.0609
mae: 0.0483
Validation Results:
r2: 0.9938
rmse: 0.1475
mae: 0.0949
Test Results:
r2: 0.9940
rmse: 0.1568
mae: 0.1036
49/101
train r2: 0.9989201925380532, valid r2: 0.9937441027455207, test r2: 0.9942957134612155
Training Results:
r2: 0.9989
rmse: 0.0632
mae: 0.0517
Validation Results:
r2: 0.9937
rmse: 0.1476
mae: 0.0959
Test Results:
r2: 0.9943
rmse: 0.1531
mae: 0.1023
50/101
train r2: 0.9992952688180775, valid r2: 0.9942472787596324, test r2: 0.9943157389083694
Training Results:
r2: 0.9993
rmse: 0.0511
mae: 0.0367
Validation Results:
r2: 0.9942
rmse: 0.1416
mae: 0.0889
Test Results:
r2: 0.9943
rmse: 0.1528
mae: 0.0957
51/101
train r2: 0.9988691674369989, valid r2: 0.9935824923251444, test r2: 0.9938471487454086
Training Results:
r2: 0.9989
rmse: 0.0647
mae: 0.0508
Validation Results:
r2: 0.9936
rmse: 0.1495
mae: 0.0949
Test Results:
r2: 0.9938
rmse: 0.1590
mae: 0.1039
52/101
train r2: 0.9994026632704418, valid r2: 0.9940933639350057, test r2: 0.9944441587709925
Training Results:
r2: 0.9994
rmse: 0.0470
mae: 0.0365
Validation Results:
r2: 0.9941
rmse: 0.1434
mae: 0.0898
Test Results:
r2: 0.9944
rmse: 0.1511
mae: 0.0941
53/101
train r2: 0.9995954156847409, valid r2: 0.9944300037951833, test r2: 0.9946630666613862
Training Results:
r2: 0.9996
rmse: 0.0386
mae: 0.0292
Validation Results:
r2: 0.9944
rmse: 0.1393
mae: 0.0857
Test Results:
r2: 0.9947
rmse: 0.1481
mae: 0.0932
54/101
train r2: 0.9994936261663763, valid r2: 0.9942880363772496, test r2: 0.9947865337057444
Training Results:
r2: 0.9995
rmse: 0.0433
mae: 0.0323
Validation Results:
r2: 0.9943
rmse: 0.1411
mae: 0.0876
Test Results:
r2: 0.9948
rmse: 0.1463
mae: 0.0915
55/101
train r2: 0.9994941909847234, valid r2: 0.9945091240144234, test r2: 0.9949126258252717
Training Results:
r2: 0.9995
rmse: 0.0432
mae: 0.0336
Validation Results:
r2: 0.9945
rmse: 0.1383
mae: 0.0873
Test Results:
r2: 0.9949
rmse: 0.1445
mae: 0.0904
56/101
train r2: 0.999635362385125, valid r2: 0.9941494217806774, test r2: 0.9946823009461602
Training Results:
r2: 0.9996
rmse: 0.0367
mae: 0.0275
Validation Results:
r2: 0.9941
rmse: 0.1428
mae: 0.0866
Test Results:
r2: 0.9947
rmse: 0.1478
mae: 0.0923
57/101
train r2: 0.9995712341743053, valid r2: 0.9944022474793334, test r2: 0.9941334171170616
Training Results:
r2: 0.9996
rmse: 0.0398
mae: 0.0290
Validation Results:
r2: 0.9944
rmse: 0.1396
mae: 0.0854
Test Results:
r2: 0.9941
rmse: 0.1552
mae: 0.0936
58/101
train r2: 0.9994766843480869, valid r2: 0.9941593978506831, test r2: 0.9948058462139484
Training Results:
r2: 0.9995
rmse: 0.0440
mae: 0.0321
Validation Results:
r2: 0.9942
rmse: 0.1426
mae: 0.0878
Test Results:
r2: 0.9948
rmse: 0.1461
mae: 0.0925
59/101
train r2: 0.9996287072560633, valid r2: 0.9946373424091752, test r2: 0.9947845150137848
Training Results:
r2: 0.9996
rmse: 0.0371
mae: 0.0277
Validation Results:
r2: 0.9946
rmse: 0.1367
mae: 0.0845
Test Results:
r2: 0.9948
rmse: 0.1464
mae: 0.0899
60/101
train r2: 0.9993693425752186, valid r2: 0.9939693636887811, test r2: 0.9942509338040844
Training Results:
r2: 0.9994
rmse: 0.0483
mae: 0.0372
Validation Results:
r2: 0.9940
rmse: 0.1449
mae: 0.0913
Test Results:
r2: 0.9943
rmse: 0.1537
mae: 0.0965
61/101
train r2: 0.9997678860069416, valid r2: 0.9946492906890014, test r2: 0.9947579104797144
Training Results:
r2: 0.9998
rmse: 0.0293
mae: 0.0222
Validation Results:
r2: 0.9946
rmse: 0.1365
mae: 0.0830
Test Results:
r2: 0.9948
rmse: 0.1467
mae: 0.0901
62/101
train r2: 0.9997098918079569, valid r2: 0.9943232918388089, test r2: 0.9946900522899865
Training Results:
r2: 0.9997
rmse: 0.0328
mae: 0.0255
Validation Results:
r2: 0.9943
rmse: 0.1406
mae: 0.0860
Test Results:
r2: 0.9947
rmse: 0.1477
mae: 0.0895
63/101
train r2: 0.9997882203634229, valid r2: 0.9946347750566314, test r2: 0.9948293762132634
Training Results:
r2: 0.9998
rmse: 0.0280
mae: 0.0215
Validation Results:
r2: 0.9946
rmse: 0.1367
mae: 0.0827
Test Results:
r2: 0.9948
rmse: 0.1457
mae: 0.0893
64/101
train r2: 0.9997100323512329, valid r2: 0.9943836820866953, test r2: 0.9944838055480869
Training Results:
r2: 0.9997
rmse: 0.0327
mae: 0.0238
Validation Results:
r2: 0.9944
rmse: 0.1399
mae: 0.0834
Test Results:
r2: 0.9945
rmse: 0.1505
mae: 0.0898
65/101
train r2: 0.9997417575712877, valid r2: 0.9945177047417029, test r2: 0.9949260865735206
Training Results:
r2: 0.9997
rmse: 0.0309
mae: 0.0234
Validation Results:
r2: 0.9945
rmse: 0.1382
mae: 0.0831
Test Results:
r2: 0.9949
rmse: 0.1444
mae: 0.0879
66/101
train r2: 0.9997040840603273, valid r2: 0.9947965169390446, test r2: 0.995163484405756
Training Results:
r2: 0.9997
rmse: 0.0331
mae: 0.0252
Validation Results:
r2: 0.9948
rmse: 0.1346
mae: 0.0826
Test Results:
r2: 0.9952
rmse: 0.1409
mae: 0.0877
67/101
train r2: 0.9998509074683649, valid r2: 0.9947327083644805, test r2: 0.9949609172098413
Training Results:
r2: 0.9999
rmse: 0.0235
mae: 0.0177
Validation Results:
r2: 0.9947
rmse: 0.1355
mae: 0.0817
Test Results:
r2: 0.9950
rmse: 0.1439
mae: 0.0876
68/101
train r2: 0.9995992686317899, valid r2: 0.9942409552307524, test r2: 0.9944836537531387
Training Results:
r2: 0.9996
rmse: 0.0385
mae: 0.0315
Validation Results:
r2: 0.9942
rmse: 0.1416
mae: 0.0865
Test Results:
r2: 0.9945
rmse: 0.1505
mae: 0.0944
69/101
train r2: 0.9997860294800783, valid r2: 0.9944048681618749, test r2: 0.9947617153480182
Training Results:
r2: 0.9998
rmse: 0.0281
mae: 0.0202
Validation Results:
r2: 0.9944
rmse: 0.1396
mae: 0.0826
Test Results:
r2: 0.9948
rmse: 0.1467
mae: 0.0887
70/101
train r2: 0.9998209672459354, valid r2: 0.9946907684890376, test r2: 0.9949563804756647
Training Results:
r2: 0.9998
rmse: 0.0257
mae: 0.0193
Validation Results:
r2: 0.9947
rmse: 0.1360
mae: 0.0819
Test Results:
r2: 0.9950
rmse: 0.1439
mae: 0.0885
71/101
train r2: 0.9997354433987327, valid r2: 0.9946369181721022, test r2: 0.995109770492074
Training Results:
r2: 0.9997
rmse: 0.0313
mae: 0.0256
Validation Results:
r2: 0.9946
rmse: 0.1367
mae: 0.0835
Test Results:
r2: 0.9951
rmse: 0.1417
mae: 0.0886
72/101
train r2: 0.9998521770796258, valid r2: 0.9948138826379469, test r2: 0.995053370047
Training Results:
r2: 0.9999
rmse: 0.0234
mae: 0.0176
Validation Results:
r2: 0.9948
rmse: 0.1344
mae: 0.0805
Test Results:
r2: 0.9951
rmse: 0.1425
mae: 0.0875
73/101
train r2: 0.9999024044819268, valid r2: 0.9947357580569981, test r2: 0.995001411347789
Training Results:
r2: 0.9999
rmse: 0.0190
mae: 0.0142
Validation Results:
r2: 0.9947
rmse: 0.1354
mae: 0.0812
Test Results:
r2: 0.9950
rmse: 0.1433
mae: 0.0861
74/101
train r2: 0.9998801782548827, valid r2: 0.9948469643812413, test r2: 0.9950802223596673
Training Results:
r2: 0.9999
rmse: 0.0211
mae: 0.0163
Validation Results:
r2: 0.9948
rmse: 0.1340
mae: 0.0794
Test Results:
r2: 0.9951
rmse: 0.1421
mae: 0.0875
75/101
train r2: 0.9998204350569545, valid r2: 0.9947428473025999, test r2: 0.9949505238038358
Training Results:
r2: 0.9998
rmse: 0.0258
mae: 0.0203
Validation Results:
r2: 0.9947
rmse: 0.1353
mae: 0.0815
Test Results:
r2: 0.9950
rmse: 0.1440
mae: 0.0863
76/101
train r2: 0.9998639171856069, valid r2: 0.9947735428039908, test r2: 0.9950492909340405
Training Results:
r2: 0.9999
rmse: 0.0224
mae: 0.0172
Validation Results:
r2: 0.9948
rmse: 0.1349
mae: 0.0808
Test Results:
r2: 0.9950
rmse: 0.1426
mae: 0.0868
77/101
train r2: 0.999855177765589, valid r2: 0.9949337334194528, test r2: 0.9951856344184808
Training Results:
r2: 0.9999
rmse: 0.0231
mae: 0.0177
Validation Results:
r2: 0.9949
rmse: 0.1329
mae: 0.0801
Test Results:
r2: 0.9952
rmse: 0.1406
mae: 0.0859
78/101
train r2: 0.9998737156429682, valid r2: 0.994891233922741, test r2: 0.9953857465508054
Training Results:
r2: 0.9999
rmse: 0.0216
mae: 0.0154
Validation Results:
r2: 0.9949
rmse: 0.1334
mae: 0.0800
Test Results:
r2: 0.9954
rmse: 0.1377
mae: 0.0849
79/101
train r2: 0.9999261579922736, valid r2: 0.9948654508023634, test r2: 0.9952017455934051
Training Results:
r2: 0.9999
rmse: 0.0165
mae: 0.0123
Validation Results:
r2: 0.9949
rmse: 0.1337
mae: 0.0798
Test Results:
r2: 0.9952
rmse: 0.1404
mae: 0.0853
80/101
train r2: 0.9999361371910035, valid r2: 0.9948524601933881, test r2: 0.9951493007672788
Training Results:
r2: 0.9999
rmse: 0.0154
mae: 0.0112
Validation Results:
r2: 0.9949
rmse: 0.1339
mae: 0.0800
Test Results:
r2: 0.9951
rmse: 0.1411
mae: 0.0856
81/101
train r2: 0.9999595459659796, valid r2: 0.9948851841877949, test r2: 0.9951604759192619
Training Results:
r2: 1.0000
rmse: 0.0122
mae: 0.0092
Validation Results:
r2: 0.9949
rmse: 0.1335
mae: 0.0795
Test Results:
r2: 0.9952
rmse: 0.1410
mae: 0.0853
82/101
train r2: 0.9999443896878591, valid r2: 0.9947662892211134, test r2: 0.9951418752330901
Training Results:
r2: 0.9999
rmse: 0.0143
mae: 0.0111
Validation Results:
r2: 0.9948
rmse: 0.1350
mae: 0.0808
Test Results:
r2: 0.9951
rmse: 0.1413
mae: 0.0851
83/101
train r2: 0.9999439149146332, valid r2: 0.9948091489090117, test r2: 0.9952023743149859
Training Results:
r2: 0.9999
rmse: 0.0144
mae: 0.0116
Validation Results:
r2: 0.9948
rmse: 0.1345
mae: 0.0807
Test Results:
r2: 0.9952
rmse: 0.1404
mae: 0.0856
84/101
train r2: 0.9999541785531576, valid r2: 0.994824576448836, test r2: 0.9951553420408559
Training Results:
r2: 1.0000
rmse: 0.0130
mae: 0.0100
Validation Results:
r2: 0.9948
rmse: 0.1343
mae: 0.0799
Test Results:
r2: 0.9952
rmse: 0.1411
mae: 0.0853
85/101
train r2: 0.9999421237325906, valid r2: 0.9948383667526125, test r2: 0.9951435744100467
Training Results:
r2: 0.9999
rmse: 0.0146
mae: 0.0118
Validation Results:
r2: 0.9948
rmse: 0.1341
mae: 0.0800
Test Results:
r2: 0.9951
rmse: 0.1412
mae: 0.0857
86/101
train r2: 0.9999687315648476, valid r2: 0.9948804439701494, test r2: 0.9952401208686752
Training Results:
r2: 1.0000
rmse: 0.0107
mae: 0.0079
Validation Results:
r2: 0.9949
rmse: 0.1335
mae: 0.0799
Test Results:
r2: 0.9952
rmse: 0.1398
mae: 0.0843
87/101
train r2: 0.9999559033261669, valid r2: 0.9948831028910033, test r2: 0.9951285217849585
Training Results:
r2: 1.0000
rmse: 0.0128
mae: 0.0100
Validation Results:
r2: 0.9949
rmse: 0.1335
mae: 0.0796
Test Results:
r2: 0.9951
rmse: 0.1414
mae: 0.0858
88/101
train r2: 0.9999795832407165, valid r2: 0.994769106030198, test r2: 0.9951253055332793
Training Results:
r2: 1.0000
rmse: 0.0087
mae: 0.0065
Validation Results:
r2: 0.9948
rmse: 0.1350
mae: 0.0798
Test Results:
r2: 0.9951
rmse: 0.1415
mae: 0.0855
89/101
train r2: 0.9999749075286917, valid r2: 0.9947666927811409, test r2: 0.9950762472066441
Training Results:
r2: 1.0000
rmse: 0.0096
mae: 0.0068
Validation Results:
r2: 0.9948
rmse: 0.1350
mae: 0.0799
Test Results:
r2: 0.9951
rmse: 0.1422
mae: 0.0859
90/101
train r2: 0.9999839430962568, valid r2: 0.9948533057807191, test r2: 0.9952004103197493
Training Results:
r2: 1.0000
rmse: 0.0077
mae: 0.0060
Validation Results:
r2: 0.9949
rmse: 0.1339
mae: 0.0798
Test Results:
r2: 0.9952
rmse: 0.1404
mae: 0.0845
91/101
train r2: 0.9999891393798336, valid r2: 0.9948273076339347, test r2: 0.9951867719577137
Training Results:
r2: 1.0000
rmse: 0.0063
mae: 0.0049
Validation Results:
r2: 0.9948
rmse: 0.1342
mae: 0.0797
Test Results:
r2: 0.9952
rmse: 0.1406
mae: 0.0851
92/101
train r2: 0.9999935461453188, valid r2: 0.9948555704739085, test r2: 0.9951755853730001
Training Results:
r2: 1.0000
rmse: 0.0049
mae: 0.0037
Validation Results:
r2: 0.9949
rmse: 0.1339
mae: 0.0797
Test Results:
r2: 0.9952
rmse: 0.1408
mae: 0.0853
93/101
train r2: 0.9999922926185553, valid r2: 0.9948157985198858, test r2: 0.9951387516058381
Training Results:
r2: 1.0000
rmse: 0.0053
mae: 0.0042
Validation Results:
r2: 0.9948
rmse: 0.1344
mae: 0.0796
Test Results:
r2: 0.9951
rmse: 0.1413
mae: 0.0853
94/101
train r2: 0.999993565522376, valid r2: 0.9948404023305732, test r2: 0.995166785464156
Training Results:
r2: 1.0000
rmse: 0.0049
mae: 0.0040
Validation Results:
r2: 0.9948
rmse: 0.1341
mae: 0.0794
Test Results:
r2: 0.9952
rmse: 0.1409
mae: 0.0851
95/101
train r2: 0.9999978220351571, valid r2: 0.9948366468640832, test r2: 0.9951590013058526
Training Results:
r2: 1.0000
rmse: 0.0028
mae: 0.0022
Validation Results:
r2: 0.9948
rmse: 0.1341
mae: 0.0795
Test Results:
r2: 0.9952
rmse: 0.1410
mae: 0.0851
96/101
train r2: 0.9999984950668331, valid r2: 0.9948489729737938, test r2: 0.9951792739948886
Training Results:
r2: 1.0000
rmse: 0.0024
mae: 0.0018
Validation Results:
r2: 0.9948
rmse: 0.1340
mae: 0.0794
Test Results:
r2: 0.9952
rmse: 0.1407
mae: 0.0849
97/101
train r2: 0.9999989145813712, valid r2: 0.9948495932085911, test r2: 0.9951621342591532
Training Results:
r2: 1.0000
rmse: 0.0020
mae: 0.0015
Validation Results:
r2: 0.9948
rmse: 0.1340
mae: 0.0794
Test Results:
r2: 0.9952
rmse: 0.1410
mae: 0.0850
break!
train: 0.9999, val: 0.9949, test: 0.9952
end_test_result: (0.9990787483716127, 0.0615120455622673, 0.041007377207279205)
args.seed: 2054
use label scaler
use label scaler
use label scaler
model have 90.143705M paramerters in total
train_dataset.mean: tensor([-2.4285]) train_dataset.std: tensor([1.9232])
1/101
train r2: 0.8422390572877426, valid r2: 0.8213534454320103, test r2: 0.8341333239177391
Training Results:
r2: 0.8422
rmse: 0.7637
mae: 0.5711
Validation Results:
r2: 0.8214
rmse: 0.7889
mae: 0.5891
Test Results:
r2: 0.8341
rmse: 0.8254
mae: 0.6161
2/101
train r2: 0.9556443100168259, valid r2: 0.940980350658556, test r2: 0.9459936114349643
Training Results:
r2: 0.9556
rmse: 0.4052
mae: 0.2987
Validation Results:
r2: 0.9410
rmse: 0.4534
mae: 0.3338
Test Results:
r2: 0.9460
rmse: 0.4710
mae: 0.3497
3/101
train r2: 0.9798403818651976, valid r2: 0.9682323560728103, test r2: 0.9711606866663304
Training Results:
r2: 0.9798
rmse: 0.2730
mae: 0.2052
Validation Results:
r2: 0.9682
rmse: 0.3327
mae: 0.2474
Test Results:
r2: 0.9712
rmse: 0.3442
mae: 0.2523
4/101
train r2: 0.989616346689619, valid r2: 0.9785419584991458, test r2: 0.9795908764196753
Training Results:
r2: 0.9896
rmse: 0.1960
mae: 0.1486
Validation Results:
r2: 0.9785
rmse: 0.2734
mae: 0.2020
Test Results:
r2: 0.9796
rmse: 0.2895
mae: 0.2045
5/101
train r2: 0.9920086750819198, valid r2: 0.9803901924390602, test r2: 0.9817955271365645
Training Results:
r2: 0.9920
rmse: 0.1719
mae: 0.1343
Validation Results:
r2: 0.9804
rmse: 0.2614
mae: 0.1956
Test Results:
r2: 0.9818
rmse: 0.2734
mae: 0.1906
6/101
train r2: 0.9946272526438078, valid r2: 0.9834834817720339, test r2: 0.9844793763929025
Training Results:
r2: 0.9946
rmse: 0.1410
mae: 0.1096
Validation Results:
r2: 0.9835
rmse: 0.2399
mae: 0.1731
Test Results:
r2: 0.9845
rmse: 0.2525
mae: 0.1734
7/101
train r2: 0.9937298594411861, valid r2: 0.982021634392644, test r2: 0.9839285419164568
Training Results:
r2: 0.9937
rmse: 0.1522
mae: 0.1184
Validation Results:
r2: 0.9820
rmse: 0.2503
mae: 0.1803
Test Results:
r2: 0.9839
rmse: 0.2569
mae: 0.1766
8/101
train r2: 0.9917171653984566, valid r2: 0.9818950719107494, test r2: 0.9817385385400648
Training Results:
r2: 0.9917
rmse: 0.1749
mae: 0.1372
Validation Results:
r2: 0.9819
rmse: 0.2511
mae: 0.1878
Test Results:
r2: 0.9817
rmse: 0.2739
mae: 0.1927
9/101
train r2: 0.9883581421162241, valid r2: 0.9817364251523171, test r2: 0.9821368994540919
Training Results:
r2: 0.9884
rmse: 0.2075
mae: 0.1393
Validation Results:
r2: 0.9817
rmse: 0.2522
mae: 0.1775
Test Results:
r2: 0.9821
rmse: 0.2709
mae: 0.1933
10/101
train r2: 0.9906685937861481, valid r2: 0.9815724966081544, test r2: 0.9838315729347351
Training Results:
r2: 0.9907
rmse: 0.1858
mae: 0.1358
Validation Results:
r2: 0.9816
rmse: 0.2534
mae: 0.1740
Test Results:
r2: 0.9838
rmse: 0.2577
mae: 0.1780
11/101
train r2: 0.9920371941860888, valid r2: 0.9853663067220093, test r2: 0.9850499076888666
Training Results:
r2: 0.9920
rmse: 0.1716
mae: 0.1288
Validation Results:
r2: 0.9854
rmse: 0.2258
mae: 0.1672
Test Results:
r2: 0.9850
rmse: 0.2478
mae: 0.1775
12/101
train r2: 0.9966570546504214, valid r2: 0.9905449841893418, test r2: 0.9894458421791473
Training Results:
r2: 0.9967
rmse: 0.1112
mae: 0.0818
Validation Results:
r2: 0.9905
rmse: 0.1815
mae: 0.1296
Test Results:
r2: 0.9894
rmse: 0.2082
mae: 0.1408
13/101
train r2: 0.9960291055499572, valid r2: 0.9889881178244042, test r2: 0.9887691679746479
Training Results:
r2: 0.9960
rmse: 0.1212
mae: 0.0922
Validation Results:
r2: 0.9890
rmse: 0.1959
mae: 0.1398
Test Results:
r2: 0.9888
rmse: 0.2148
mae: 0.1479
14/101
train r2: 0.9966090177081937, valid r2: 0.9901031707708934, test r2: 0.9900901990715709
Training Results:
r2: 0.9966
rmse: 0.1120
mae: 0.0862
Validation Results:
r2: 0.9901
rmse: 0.1857
mae: 0.1341
Test Results:
r2: 0.9901
rmse: 0.2017
mae: 0.1368
15/101
train r2: 0.9963619467546763, valid r2: 0.9899219713900349, test r2: 0.9905802775731339
Training Results:
r2: 0.9964
rmse: 0.1161
mae: 0.0885
Validation Results:
r2: 0.9899
rmse: 0.1874
mae: 0.1342
Test Results:
r2: 0.9906
rmse: 0.1967
mae: 0.1317
16/101
train r2: 0.9968693871386952, valid r2: 0.9898094354184152, test r2: 0.9901738075985559
Training Results:
r2: 0.9969
rmse: 0.1076
mae: 0.0777
Validation Results:
r2: 0.9898
rmse: 0.1884
mae: 0.1240
Test Results:
r2: 0.9902
rmse: 0.2009
mae: 0.1342
17/101
train r2: 0.9970868618515891, valid r2: 0.991045273308405, test r2: 0.9901434217644732
Training Results:
r2: 0.9971
rmse: 0.1038
mae: 0.0781
Validation Results:
r2: 0.9910
rmse: 0.1766
mae: 0.1225
Test Results:
r2: 0.9901
rmse: 0.2012
mae: 0.1302
18/101
train r2: 0.9973122363919205, valid r2: 0.990976107209926, test r2: 0.9908579686949807
Training Results:
r2: 0.9973
rmse: 0.0997
mae: 0.0723
Validation Results:
r2: 0.9910
rmse: 0.1773
mae: 0.1192
Test Results:
r2: 0.9909
rmse: 0.1938
mae: 0.1266
19/101
train r2: 0.9942512752884713, valid r2: 0.9881843890968685, test r2: 0.9872925912631072
Training Results:
r2: 0.9943
rmse: 0.1458
mae: 0.1132
Validation Results:
r2: 0.9882
rmse: 0.2029
mae: 0.1445
Test Results:
r2: 0.9873
rmse: 0.2285
mae: 0.1625
20/101
train r2: 0.997277126616178, valid r2: 0.99138848965856, test r2: 0.9909192663554596
Training Results:
r2: 0.9973
rmse: 0.1003
mae: 0.0720
Validation Results:
r2: 0.9914
rmse: 0.1732
mae: 0.1183
Test Results:
r2: 0.9909
rmse: 0.1931
mae: 0.1283
21/101
train r2: 0.9981038267666936, valid r2: 0.9922711386179809, test r2: 0.9922697706310346
Training Results:
r2: 0.9981
rmse: 0.0837
mae: 0.0616
Validation Results:
r2: 0.9923
rmse: 0.1641
mae: 0.1103
Test Results:
r2: 0.9923
rmse: 0.1782
mae: 0.1156
22/101
train r2: 0.9977814921780641, valid r2: 0.9926209889654598, test r2: 0.9925928144812142
Training Results:
r2: 0.9978
rmse: 0.0906
mae: 0.0666
Validation Results:
r2: 0.9926
rmse: 0.1603
mae: 0.1094
Test Results:
r2: 0.9926
rmse: 0.1744
mae: 0.1167
23/101
train r2: 0.9979756111735342, valid r2: 0.9923465000528807, test r2: 0.992136011093173
Training Results:
r2: 0.9980
rmse: 0.0866
mae: 0.0673
Validation Results:
r2: 0.9923
rmse: 0.1633
mae: 0.1136
Test Results:
r2: 0.9921
rmse: 0.1797
mae: 0.1168
24/101
train r2: 0.9975204577919711, valid r2: 0.9916741891580477, test r2: 0.9920021781063737
Training Results:
r2: 0.9975
rmse: 0.0957
mae: 0.0737
Validation Results:
r2: 0.9917
rmse: 0.1703
mae: 0.1172
Test Results:
r2: 0.9920
rmse: 0.1812
mae: 0.1198
25/101
train r2: 0.9971534299808961, valid r2: 0.9903340932262203, test r2: 0.9896424947714755
Training Results:
r2: 0.9972
rmse: 0.1026
mae: 0.0741
Validation Results:
r2: 0.9903
rmse: 0.1835
mae: 0.1207
Test Results:
r2: 0.9896
rmse: 0.2063
mae: 0.1297
26/101
train r2: 0.9951940084905693, valid r2: 0.988954153781944, test r2: 0.9905140209787727
Training Results:
r2: 0.9952
rmse: 0.1333
mae: 0.1085
Validation Results:
r2: 0.9890
rmse: 0.1962
mae: 0.1432
Test Results:
r2: 0.9905
rmse: 0.1974
mae: 0.1407
27/101
train r2: 0.9942585748893107, valid r2: 0.9889490167680921, test r2: 0.9888210400846245
Training Results:
r2: 0.9943
rmse: 0.1458
mae: 0.1142
Validation Results:
r2: 0.9889
rmse: 0.1962
mae: 0.1418
Test Results:
r2: 0.9888
rmse: 0.2143
mae: 0.1546
28/101
train r2: 0.998123635440133, valid r2: 0.9925140833986621, test r2: 0.9917431226497403
Training Results:
r2: 0.9981
rmse: 0.0833
mae: 0.0604
Validation Results:
r2: 0.9925
rmse: 0.1615
mae: 0.1038
Test Results:
r2: 0.9917
rmse: 0.1842
mae: 0.1176
29/101
train r2: 0.9983403537763239, valid r2: 0.9924391841158112, test r2: 0.9929033517340405
Training Results:
r2: 0.9983
rmse: 0.0783
mae: 0.0596
Validation Results:
r2: 0.9924
rmse: 0.1623
mae: 0.1105
Test Results:
r2: 0.9929
rmse: 0.1707
mae: 0.1106
30/101
train r2: 0.9980527635990964, valid r2: 0.992745101941225, test r2: 0.9931569900036608
Training Results:
r2: 0.9981
rmse: 0.0849
mae: 0.0621
Validation Results:
r2: 0.9927
rmse: 0.1590
mae: 0.1080
Test Results:
r2: 0.9932
rmse: 0.1676
mae: 0.1112
31/101
train r2: 0.998430296412178, valid r2: 0.9930586063890607, test r2: 0.9931190290807128
Training Results:
r2: 0.9984
rmse: 0.0762
mae: 0.0576
Validation Results:
r2: 0.9931
rmse: 0.1555
mae: 0.1044
Test Results:
r2: 0.9931
rmse: 0.1681
mae: 0.1062
32/101
train r2: 0.9982258664382759, valid r2: 0.9925180913397623, test r2: 0.9928935086254971
Training Results:
r2: 0.9982
rmse: 0.0810
mae: 0.0602
Validation Results:
r2: 0.9925
rmse: 0.1614
mae: 0.1096
Test Results:
r2: 0.9929
rmse: 0.1708
mae: 0.1149
33/101
train r2: 0.9988156705586604, valid r2: 0.9926860392249814, test r2: 0.9931884795816465
Training Results:
r2: 0.9988
rmse: 0.0662
mae: 0.0478
Validation Results:
r2: 0.9927
rmse: 0.1596
mae: 0.1004
Test Results:
r2: 0.9932
rmse: 0.1673
mae: 0.1067
34/101
train r2: 0.998936715569684, valid r2: 0.9933566579721514, test r2: 0.9934978876010216
Training Results:
r2: 0.9989
rmse: 0.0626
mae: 0.0463
Validation Results:
r2: 0.9934
rmse: 0.1521
mae: 0.0979
Test Results:
r2: 0.9935
rmse: 0.1634
mae: 0.1037
35/101
train r2: 0.9979487188888297, valid r2: 0.9914017185792033, test r2: 0.9918794100060958
Training Results:
r2: 0.9979
rmse: 0.0871
mae: 0.0644
Validation Results:
r2: 0.9914
rmse: 0.1731
mae: 0.1103
Test Results:
r2: 0.9919
rmse: 0.1826
mae: 0.1171
36/101
train r2: 0.9988462236589997, valid r2: 0.993760263866524, test r2: 0.9942638401773762
Training Results:
r2: 0.9988
rmse: 0.0653
mae: 0.0476
Validation Results:
r2: 0.9938
rmse: 0.1474
mae: 0.0961
Test Results:
r2: 0.9943
rmse: 0.1535
mae: 0.0994
37/101
train r2: 0.9989895440881214, valid r2: 0.9937716962159253, test r2: 0.9937137233847789
Training Results:
r2: 0.9990
rmse: 0.0611
mae: 0.0447
Validation Results:
r2: 0.9938
rmse: 0.1473
mae: 0.0956
Test Results:
r2: 0.9937
rmse: 0.1607
mae: 0.1011
38/101
train r2: 0.9981591371202335, valid r2: 0.9928596110533413, test r2: 0.9931313370327182
Training Results:
r2: 0.9982
rmse: 0.0825
mae: 0.0629
Validation Results:
r2: 0.9929
rmse: 0.1577
mae: 0.1044
Test Results:
r2: 0.9931
rmse: 0.1680
mae: 0.1133
39/101
train r2: 0.9987375136716141, valid r2: 0.9932883586209945, test r2: 0.9940147947840369
Training Results:
r2: 0.9987
rmse: 0.0683
mae: 0.0523
Validation Results:
r2: 0.9933
rmse: 0.1529
mae: 0.0992
Test Results:
r2: 0.9940
rmse: 0.1568
mae: 0.1000
40/101
train r2: 0.9991964970691244, valid r2: 0.993966338623786, test r2: 0.9942575689575988
Training Results:
r2: 0.9992
rmse: 0.0545
mae: 0.0398
Validation Results:
r2: 0.9940
rmse: 0.1450
mae: 0.0925
Test Results:
r2: 0.9943
rmse: 0.1536
mae: 0.0971
41/101
train r2: 0.9990466816626762, valid r2: 0.9940205309619579, test r2: 0.99435415375136
Training Results:
r2: 0.9990
rmse: 0.0594
mae: 0.0455
Validation Results:
r2: 0.9940
rmse: 0.1443
mae: 0.0905
Test Results:
r2: 0.9944
rmse: 0.1523
mae: 0.0975
42/101
train r2: 0.9989408186938848, valid r2: 0.993700910308276, test r2: 0.9944088534086757
Training Results:
r2: 0.9989
rmse: 0.0626
mae: 0.0464
Validation Results:
r2: 0.9937
rmse: 0.1481
mae: 0.0979
Test Results:
r2: 0.9944
rmse: 0.1515
mae: 0.0997
43/101
train r2: 0.9988037608734299, valid r2: 0.9938569259548591, test r2: 0.9939874467961948
Training Results:
r2: 0.9988
rmse: 0.0665
mae: 0.0511
Validation Results:
r2: 0.9939
rmse: 0.1463
mae: 0.0962
Test Results:
r2: 0.9940
rmse: 0.1571
mae: 0.1011
44/101
train r2: 0.9990478095436451, valid r2: 0.9934520098159647, test r2: 0.9940414433079036
Training Results:
r2: 0.9990
rmse: 0.0593
mae: 0.0431
Validation Results:
r2: 0.9935
rmse: 0.1510
mae: 0.0947
Test Results:
r2: 0.9940
rmse: 0.1564
mae: 0.0994
45/101
train r2: 0.9992229580083802, valid r2: 0.994584894125467, test r2: 0.9947537321894394
Training Results:
r2: 0.9992
rmse: 0.0536
mae: 0.0390
Validation Results:
r2: 0.9946
rmse: 0.1373
mae: 0.0869
Test Results:
r2: 0.9948
rmse: 0.1468
mae: 0.0935
46/101
train r2: 0.9992607072652041, valid r2: 0.9942588382101243, test r2: 0.9943939275465051
Training Results:
r2: 0.9993
rmse: 0.0523
mae: 0.0394
Validation Results:
r2: 0.9943
rmse: 0.1414
mae: 0.0894
Test Results:
r2: 0.9944
rmse: 0.1517
mae: 0.0963
47/101
train r2: 0.9994105916563754, valid r2: 0.9939967554581618, test r2: 0.9942180958007427
Training Results:
r2: 0.9994
rmse: 0.0467
mae: 0.0338
Validation Results:
r2: 0.9940
rmse: 0.1446
mae: 0.0886
Test Results:
r2: 0.9942
rmse: 0.1541
mae: 0.0961
48/101
train r2: 0.9995243321443348, valid r2: 0.994788459888071, test r2: 0.9948898571474287
Training Results:
r2: 0.9995
rmse: 0.0420
mae: 0.0312
Validation Results:
r2: 0.9948
rmse: 0.1347
mae: 0.0871
Test Results:
r2: 0.9949
rmse: 0.1449
mae: 0.0916
49/101
train r2: 0.9993536281128577, valid r2: 0.993559240418914, test r2: 0.9943550538455727
Training Results:
r2: 0.9994
rmse: 0.0489
mae: 0.0362
Validation Results:
r2: 0.9936
rmse: 0.1498
mae: 0.0925
Test Results:
r2: 0.9944
rmse: 0.1523
mae: 0.0961
50/101
train r2: 0.9987458573612669, valid r2: 0.9936266922240433, test r2: 0.9943632174327532
Training Results:
r2: 0.9987
rmse: 0.0681
mae: 0.0554
Validation Results:
r2: 0.9936
rmse: 0.1490
mae: 0.0986
Test Results:
r2: 0.9944
rmse: 0.1522
mae: 0.1041
51/101
train r2: 0.9994337381270411, valid r2: 0.9941545055589015, test r2: 0.9945914205162864
Training Results:
r2: 0.9994
rmse: 0.0458
mae: 0.0344
Validation Results:
r2: 0.9942
rmse: 0.1427
mae: 0.0870
Test Results:
r2: 0.9946
rmse: 0.1490
mae: 0.0932
52/101
train r2: 0.9994286796638293, valid r2: 0.9943917470875452, test r2: 0.9950080068246728
Training Results:
r2: 0.9994
rmse: 0.0460
mae: 0.0354
Validation Results:
r2: 0.9944
rmse: 0.1398
mae: 0.0878
Test Results:
r2: 0.9950
rmse: 0.1432
mae: 0.0934
53/101
train r2: 0.9995039765124426, valid r2: 0.994586423504187, test r2: 0.9949268477563966
Training Results:
r2: 0.9995
rmse: 0.0428
mae: 0.0316
Validation Results:
r2: 0.9946
rmse: 0.1373
mae: 0.0847
Test Results:
r2: 0.9949
rmse: 0.1443
mae: 0.0913
54/101
train r2: 0.999285973266824, valid r2: 0.993675712181688, test r2: 0.9939221208974112
Training Results:
r2: 0.9993
rmse: 0.0514
mae: 0.0359
Validation Results:
r2: 0.9937
rmse: 0.1484
mae: 0.0908
Test Results:
r2: 0.9939
rmse: 0.1580
mae: 0.0975
55/101
train r2: 0.9993916352912166, valid r2: 0.9938370357527058, test r2: 0.9941848397576849
Training Results:
r2: 0.9994
rmse: 0.0474
mae: 0.0343
Validation Results:
r2: 0.9938
rmse: 0.1465
mae: 0.0885
Test Results:
r2: 0.9942
rmse: 0.1545
mae: 0.0938
56/101
train r2: 0.9994010858353229, valid r2: 0.9942804525352654, test r2: 0.9948038547796808
Training Results:
r2: 0.9994
rmse: 0.0471
mae: 0.0361
Validation Results:
r2: 0.9943
rmse: 0.1412
mae: 0.0881
Test Results:
r2: 0.9948
rmse: 0.1461
mae: 0.0930
57/101
train r2: 0.9994308665479749, valid r2: 0.9939283169846689, test r2: 0.9946728572121628
Training Results:
r2: 0.9994
rmse: 0.0459
mae: 0.0360
Validation Results:
r2: 0.9939
rmse: 0.1454
mae: 0.0888
Test Results:
r2: 0.9947
rmse: 0.1479
mae: 0.0945
58/101
train r2: 0.9994030666602332, valid r2: 0.9945352985809298, test r2: 0.9949908212617716
Training Results:
r2: 0.9994
rmse: 0.0470
mae: 0.0360
Validation Results:
r2: 0.9945
rmse: 0.1380
mae: 0.0862
Test Results:
r2: 0.9950
rmse: 0.1434
mae: 0.0929
59/101
train r2: 0.9996761218694641, valid r2: 0.9946222119417178, test r2: 0.9951239083573854
Training Results:
r2: 0.9997
rmse: 0.0346
mae: 0.0256
Validation Results:
r2: 0.9946
rmse: 0.1369
mae: 0.0850
Test Results:
r2: 0.9951
rmse: 0.1415
mae: 0.0895
60/101
train r2: 0.9997027480812534, valid r2: 0.9949307671794454, test r2: 0.9950167506246123
Training Results:
r2: 0.9997
rmse: 0.0332
mae: 0.0251
Validation Results:
r2: 0.9949
rmse: 0.1329
mae: 0.0831
Test Results:
r2: 0.9950
rmse: 0.1431
mae: 0.0892
61/101
train r2: 0.9996362685059776, valid r2: 0.9946241630927901, test r2: 0.995227102696755
Training Results:
r2: 0.9996
rmse: 0.0367
mae: 0.0279
Validation Results:
r2: 0.9946
rmse: 0.1369
mae: 0.0856
Test Results:
r2: 0.9952
rmse: 0.1400
mae: 0.0891
62/101
train r2: 0.9997687399820179, valid r2: 0.9945507184131441, test r2: 0.9946782780133457
Training Results:
r2: 0.9998
rmse: 0.0293
mae: 0.0219
Validation Results:
r2: 0.9946
rmse: 0.1378
mae: 0.0847
Test Results:
r2: 0.9947
rmse: 0.1478
mae: 0.0899
63/101
train r2: 0.999715969643847, valid r2: 0.9944546300990901, test r2: 0.9948948449622262
Training Results:
r2: 0.9997
rmse: 0.0324
mae: 0.0242
Validation Results:
r2: 0.9945
rmse: 0.1390
mae: 0.0836
Test Results:
r2: 0.9949
rmse: 0.1448
mae: 0.0908
64/101
train r2: 0.9997587874813123, valid r2: 0.9944689011782281, test r2: 0.9951054746682924
Training Results:
r2: 0.9998
rmse: 0.0299
mae: 0.0217
Validation Results:
r2: 0.9945
rmse: 0.1388
mae: 0.0829
Test Results:
r2: 0.9951
rmse: 0.1418
mae: 0.0877
65/101
train r2: 0.9994079465205841, valid r2: 0.9944334762585246, test r2: 0.994965423025775
Training Results:
r2: 0.9994
rmse: 0.0468
mae: 0.0405
Validation Results:
r2: 0.9944
rmse: 0.1393
mae: 0.0909
Test Results:
r2: 0.9950
rmse: 0.1438
mae: 0.0930
66/101
train r2: 0.9998247978966579, valid r2: 0.9947030459923498, test r2: 0.9952438022084109
Training Results:
r2: 0.9998
rmse: 0.0255
mae: 0.0186
Validation Results:
r2: 0.9947
rmse: 0.1358
mae: 0.0811
Test Results:
r2: 0.9952
rmse: 0.1398
mae: 0.0863
67/101
train r2: 0.9997642601121396, valid r2: 0.994685362406546, test r2: 0.9952096543076
Training Results:
r2: 0.9998
rmse: 0.0295
mae: 0.0233
Validation Results:
r2: 0.9947
rmse: 0.1361
mae: 0.0834
Test Results:
r2: 0.9952
rmse: 0.1403
mae: 0.0881
68/101
train r2: 0.9997713649825883, valid r2: 0.9943230804196495, test r2: 0.9947695412756169
Training Results:
r2: 0.9998
rmse: 0.0291
mae: 0.0211
Validation Results:
r2: 0.9943
rmse: 0.1406
mae: 0.0837
Test Results:
r2: 0.9948
rmse: 0.1466
mae: 0.0899
69/101
train r2: 0.9998330847021719, valid r2: 0.9946312900158144, test r2: 0.9953114259515952
Training Results:
r2: 0.9998
rmse: 0.0248
mae: 0.0185
Validation Results:
r2: 0.9946
rmse: 0.1368
mae: 0.0822
Test Results:
r2: 0.9953
rmse: 0.1388
mae: 0.0870
70/101
train r2: 0.9998026835596237, valid r2: 0.9947410897326482, test r2: 0.9952059685140884
Training Results:
r2: 0.9998
rmse: 0.0270
mae: 0.0199
Validation Results:
r2: 0.9947
rmse: 0.1354
mae: 0.0827
Test Results:
r2: 0.9952
rmse: 0.1403
mae: 0.0866
71/101
train r2: 0.9998493667464662, valid r2: 0.9945343139276678, test r2: 0.9950974417570506
Training Results:
r2: 0.9998
rmse: 0.0236
mae: 0.0171
Validation Results:
r2: 0.9945
rmse: 0.1380
mae: 0.0819
Test Results:
r2: 0.9951
rmse: 0.1419
mae: 0.0869
72/101
train r2: 0.9997672415742336, valid r2: 0.9948374205348018, test r2: 0.9952182961706874
Training Results:
r2: 0.9998
rmse: 0.0294
mae: 0.0220
Validation Results:
r2: 0.9948
rmse: 0.1341
mae: 0.0822
Test Results:
r2: 0.9952
rmse: 0.1401
mae: 0.0885
73/101
train r2: 0.9998859777577708, valid r2: 0.9947090971960144, test r2: 0.9952518926479431
Training Results:
r2: 0.9999
rmse: 0.0205
mae: 0.0150
Validation Results:
r2: 0.9947
rmse: 0.1358
mae: 0.0815
Test Results:
r2: 0.9953
rmse: 0.1396
mae: 0.0865
74/101
train r2: 0.999846742017543, valid r2: 0.994703187436543, test r2: 0.9950614920404981
Training Results:
r2: 0.9998
rmse: 0.0238
mae: 0.0187
Validation Results:
r2: 0.9947
rmse: 0.1358
mae: 0.0809
Test Results:
r2: 0.9951
rmse: 0.1424
mae: 0.0882
75/101
train r2: 0.9997466122891847, valid r2: 0.994634458264682, test r2: 0.9950933157642718
Training Results:
r2: 0.9997
rmse: 0.0306
mae: 0.0247
Validation Results:
r2: 0.9946
rmse: 0.1367
mae: 0.0824
Test Results:
r2: 0.9951
rmse: 0.1420
mae: 0.0890
76/101
train r2: 0.9998700309923941, valid r2: 0.994755264920198, test r2: 0.9952451100953463
Training Results:
r2: 0.9999
rmse: 0.0219
mae: 0.0166
Validation Results:
r2: 0.9948
rmse: 0.1352
mae: 0.0804
Test Results:
r2: 0.9952
rmse: 0.1397
mae: 0.0868
77/101
train r2: 0.9999097117994289, valid r2: 0.9947703781144149, test r2: 0.9951719226168383
Training Results:
r2: 0.9999
rmse: 0.0183
mae: 0.0138
Validation Results:
r2: 0.9948
rmse: 0.1350
mae: 0.0817
Test Results:
r2: 0.9952
rmse: 0.1408
mae: 0.0867
78/101
train r2: 0.9999001249054691, valid r2: 0.994858646793701, test r2: 0.9953090402338571
Training Results:
r2: 0.9999
rmse: 0.0192
mae: 0.0141
Validation Results:
r2: 0.9949
rmse: 0.1338
mae: 0.0805
Test Results:
r2: 0.9953
rmse: 0.1388
mae: 0.0860
79/101
train r2: 0.9999214614434825, valid r2: 0.9947726176844235, test r2: 0.9953261940474433
Training Results:
r2: 0.9999
rmse: 0.0170
mae: 0.0124
Validation Results:
r2: 0.9948
rmse: 0.1349
mae: 0.0806
Test Results:
r2: 0.9953
rmse: 0.1385
mae: 0.0854
80/101
train r2: 0.9999123964634712, valid r2: 0.9947429333506116, test r2: 0.99539637410299
Training Results:
r2: 0.9999
rmse: 0.0180
mae: 0.0139
Validation Results:
r2: 0.9947
rmse: 0.1353
mae: 0.0814
Test Results:
r2: 0.9954
rmse: 0.1375
mae: 0.0852
break!
train: 0.9997, val: 0.9949, test: 0.9950
end_test_result: (0.9981709874290151, 0.0866721123456955, 0.05985891819000244)
args.seed: 2064
use label scaler
use label scaler
use label scaler
model have 90.143705M paramerters in total
train_dataset.mean: tensor([-2.4285]) train_dataset.std: tensor([1.9232])
1/101
train r2: 0.8218160069017989, valid r2: 0.7992216488811533, test r2: 0.8256701908076124
Training Results:
r2: 0.8218
rmse: 0.8115
mae: 0.6099
Validation Results:
r2: 0.7992
rmse: 0.8363
mae: 0.6352
Test Results:
r2: 0.8257
rmse: 0.8462
mae: 0.6285
2/101
train r2: 0.9544435471617012, valid r2: 0.9438097854093417, test r2: 0.943032285187873
Training Results:
r2: 0.9544
rmse: 0.4106
mae: 0.3026
Validation Results:
r2: 0.9438
rmse: 0.4424
mae: 0.3274
Test Results:
r2: 0.9430
rmse: 0.4837
mae: 0.3452
3/101
train r2: 0.9810064491809152, valid r2: 0.9709197860921152, test r2: 0.9701144424884568
Training Results:
r2: 0.9810
rmse: 0.2650
mae: 0.1955
Validation Results:
r2: 0.9709
rmse: 0.3183
mae: 0.2382
Test Results:
r2: 0.9701
rmse: 0.3503
mae: 0.2500
4/101
train r2: 0.9870487889766013, valid r2: 0.9757515851867121, test r2: 0.9766048751925183
Training Results:
r2: 0.9870
rmse: 0.2188
mae: 0.1725
Validation Results:
r2: 0.9758
rmse: 0.2906
mae: 0.2197
Test Results:
r2: 0.9766
rmse: 0.3100
mae: 0.2297
5/101
train r2: 0.9930260351542892, valid r2: 0.9822739720490196, test r2: 0.9812257359830501
Training Results:
r2: 0.9930
rmse: 0.1606
mae: 0.1246
Validation Results:
r2: 0.9823
rmse: 0.2485
mae: 0.1838
Test Results:
r2: 0.9812
rmse: 0.2777
mae: 0.1983
6/101
train r2: 0.9946518815037091, valid r2: 0.9833807905920139, test r2: 0.983669492285908
Training Results:
r2: 0.9947
rmse: 0.1406
mae: 0.1093
Validation Results:
r2: 0.9834
rmse: 0.2406
mae: 0.1728
Test Results:
r2: 0.9837
rmse: 0.2590
mae: 0.1819
7/101
train r2: 0.994226084272918, valid r2: 0.9837595269787203, test r2: 0.9830127467047214
Training Results:
r2: 0.9942
rmse: 0.1461
mae: 0.1117
Validation Results:
r2: 0.9838
rmse: 0.2379
mae: 0.1743
Test Results:
r2: 0.9830
rmse: 0.2641
mae: 0.1839
8/101
train r2: 0.9948166245758253, valid r2: 0.9853202430096676, test r2: 0.985739144226909
Training Results:
r2: 0.9948
rmse: 0.1385
mae: 0.1069
Validation Results:
r2: 0.9853
rmse: 0.2261
mae: 0.1684
Test Results:
r2: 0.9857
rmse: 0.2420
mae: 0.1723
9/101
train r2: 0.9946811165458432, valid r2: 0.9856792912566188, test r2: 0.9848565719767105
Training Results:
r2: 0.9947
rmse: 0.1402
mae: 0.1008
Validation Results:
r2: 0.9857
rmse: 0.2234
mae: 0.1543
Test Results:
r2: 0.9849
rmse: 0.2494
mae: 0.1690
10/101
train r2: 0.9914070831191355, valid r2: 0.9831615201782737, test r2: 0.9828054594288299
Training Results:
r2: 0.9914
rmse: 0.1782
mae: 0.1336
Validation Results:
r2: 0.9832
rmse: 0.2422
mae: 0.1775
Test Results:
r2: 0.9828
rmse: 0.2657
mae: 0.1901
11/101
train r2: 0.9953523275154459, valid r2: 0.9883868150642016, test r2: 0.9881440186811703
Training Results:
r2: 0.9954
rmse: 0.1311
mae: 0.0972
Validation Results:
r2: 0.9884
rmse: 0.2011
mae: 0.1438
Test Results:
r2: 0.9881
rmse: 0.2207
mae: 0.1525
12/101
train r2: 0.9958830373732075, valid r2: 0.9893546347878066, test r2: 0.9895784928502159
Training Results:
r2: 0.9959
rmse: 0.1234
mae: 0.0934
Validation Results:
r2: 0.9894
rmse: 0.1926
mae: 0.1372
Test Results:
r2: 0.9896
rmse: 0.2069
mae: 0.1426
13/101
train r2: 0.9946087030316536, valid r2: 0.9873268583954997, test r2: 0.9877728702673949
Training Results:
r2: 0.9946
rmse: 0.1412
mae: 0.1140
Validation Results:
r2: 0.9873
rmse: 0.2101
mae: 0.1538
Test Results:
r2: 0.9878
rmse: 0.2241
mae: 0.1617
14/101
train r2: 0.9957644369873806, valid r2: 0.9879714198578563, test r2: 0.9878303478537069
Training Results:
r2: 0.9958
rmse: 0.1252
mae: 0.0967
Validation Results:
r2: 0.9880
rmse: 0.2047
mae: 0.1432
Test Results:
r2: 0.9878
rmse: 0.2236
mae: 0.1529
15/101
train r2: 0.9958611500821197, valid r2: 0.9890878321767993, test r2: 0.9886074565337968
Training Results:
r2: 0.9959
rmse: 0.1237
mae: 0.0978
Validation Results:
r2: 0.9891
rmse: 0.1950
mae: 0.1455
Test Results:
r2: 0.9886
rmse: 0.2163
mae: 0.1494
16/101
train r2: 0.9970145571605469, valid r2: 0.9900799527417806, test r2: 0.9898015864850433
Training Results:
r2: 0.9970
rmse: 0.1051
mae: 0.0778
Validation Results:
r2: 0.9901
rmse: 0.1859
mae: 0.1270
Test Results:
r2: 0.9898
rmse: 0.2047
mae: 0.1371
17/101
train r2: 0.9963292946782766, valid r2: 0.9890866283958821, test r2: 0.9889396713021242
Training Results:
r2: 0.9963
rmse: 0.1166
mae: 0.0860
Validation Results:
r2: 0.9891
rmse: 0.1950
mae: 0.1293
Test Results:
r2: 0.9889
rmse: 0.2131
mae: 0.1433
18/101
train r2: 0.9965384266624787, valid r2: 0.9896388949957713, test r2: 0.9897825409145333
Training Results:
r2: 0.9965
rmse: 0.1131
mae: 0.0842
Validation Results:
r2: 0.9896
rmse: 0.1900
mae: 0.1289
Test Results:
r2: 0.9898
rmse: 0.2049
mae: 0.1345
19/101
train r2: 0.9955208230171587, valid r2: 0.9885999345783585, test r2: 0.98835816255713
Training Results:
r2: 0.9955
rmse: 0.1287
mae: 0.0954
Validation Results:
r2: 0.9886
rmse: 0.1993
mae: 0.1403
Test Results:
r2: 0.9884
rmse: 0.2187
mae: 0.1491
20/101
train r2: 0.997871668635458, valid r2: 0.9911480842551129, test r2: 0.9909207190361744
Training Results:
r2: 0.9979
rmse: 0.0887
mae: 0.0658
Validation Results:
r2: 0.9911
rmse: 0.1756
mae: 0.1168
Test Results:
r2: 0.9909
rmse: 0.1931
mae: 0.1238
21/101
train r2: 0.9967771825157501, valid r2: 0.9910623709499244, test r2: 0.9908623435306678
Training Results:
r2: 0.9968
rmse: 0.1092
mae: 0.0803
Validation Results:
r2: 0.9911
rmse: 0.1765
mae: 0.1189
Test Results:
r2: 0.9909
rmse: 0.1937
mae: 0.1293
22/101
train r2: 0.9966189392110876, valid r2: 0.9912800173070142, test r2: 0.9915431452079615
Training Results:
r2: 0.9966
rmse: 0.1119
mae: 0.0810
Validation Results:
r2: 0.9913
rmse: 0.1743
mae: 0.1206
Test Results:
r2: 0.9915
rmse: 0.1864
mae: 0.1260
23/101
train r2: 0.9973884067436878, valid r2: 0.9908804346751663, test r2: 0.9906839958955507
Training Results:
r2: 0.9974
rmse: 0.0982
mae: 0.0751
Validation Results:
r2: 0.9909
rmse: 0.1782
mae: 0.1180
Test Results:
r2: 0.9907
rmse: 0.1956
mae: 0.1295
24/101
train r2: 0.9970528282098051, valid r2: 0.9917231358340288, test r2: 0.9915044855029415
Training Results:
r2: 0.9971
rmse: 0.1044
mae: 0.0812
Validation Results:
r2: 0.9917
rmse: 0.1698
mae: 0.1171
Test Results:
r2: 0.9915
rmse: 0.1868
mae: 0.1260
25/101
train r2: 0.998312094831254, valid r2: 0.9928610224652792, test r2: 0.9922443794908594
Training Results:
r2: 0.9983
rmse: 0.0790
mae: 0.0592
Validation Results:
r2: 0.9929
rmse: 0.1577
mae: 0.1045
Test Results:
r2: 0.9922
rmse: 0.1785
mae: 0.1161
26/101
train r2: 0.998328671079978, valid r2: 0.9921304295261143, test r2: 0.9924319254119153
Training Results:
r2: 0.9983
rmse: 0.0785
mae: 0.0572
Validation Results:
r2: 0.9921
rmse: 0.1656
mae: 0.1071
Test Results:
r2: 0.9924
rmse: 0.1763
mae: 0.1107
27/101
train r2: 0.9980946235876131, valid r2: 0.9924945824342911, test r2: 0.992757613572258
Training Results:
r2: 0.9981
rmse: 0.0839
mae: 0.0656
Validation Results:
r2: 0.9925
rmse: 0.1617
mae: 0.1080
Test Results:
r2: 0.9928
rmse: 0.1725
mae: 0.1148
28/101
train r2: 0.998203752030871, valid r2: 0.9927216054824773, test r2: 0.9918596656407619
Training Results:
r2: 0.9982
rmse: 0.0815
mae: 0.0624
Validation Results:
r2: 0.9927
rmse: 0.1592
mae: 0.1047
Test Results:
r2: 0.9919
rmse: 0.1828
mae: 0.1180
29/101
train r2: 0.9982288139171481, valid r2: 0.9932337181268502, test r2: 0.9930855583875569
Training Results:
r2: 0.9982
rmse: 0.0810
mae: 0.0587
Validation Results:
r2: 0.9932
rmse: 0.1535
mae: 0.1021
Test Results:
r2: 0.9931
rmse: 0.1685
mae: 0.1084
30/101
train r2: 0.9982245178842748, valid r2: 0.9927821157316031, test r2: 0.9926024296117599
Training Results:
r2: 0.9982
rmse: 0.0810
mae: 0.0629
Validation Results:
r2: 0.9928
rmse: 0.1586
mae: 0.1037
Test Results:
r2: 0.9926
rmse: 0.1743
mae: 0.1109
31/101
train r2: 0.9973046992149406, valid r2: 0.9916235409877615, test r2: 0.9921819264022901
Training Results:
r2: 0.9973
rmse: 0.0998
mae: 0.0825
Validation Results:
r2: 0.9916
rmse: 0.1708
mae: 0.1214
Test Results:
r2: 0.9922
rmse: 0.1792
mae: 0.1215
32/101
train r2: 0.9988004623118217, valid r2: 0.9937798087791986, test r2: 0.9933621976351835
Training Results:
r2: 0.9988
rmse: 0.0666
mae: 0.0485
Validation Results:
r2: 0.9938
rmse: 0.1472
mae: 0.0948
Test Results:
r2: 0.9934
rmse: 0.1651
mae: 0.1042
33/101
train r2: 0.9983715682985015, valid r2: 0.9936001750596963, test r2: 0.9930423210686369
Training Results:
r2: 0.9984
rmse: 0.0776
mae: 0.0606
Validation Results:
r2: 0.9936
rmse: 0.1493
mae: 0.1024
Test Results:
r2: 0.9930
rmse: 0.1690
mae: 0.1085
34/101
train r2: 0.9978175485810212, valid r2: 0.9922379078502963, test r2: 0.9928888325990879
Training Results:
r2: 0.9978
rmse: 0.0899
mae: 0.0740
Validation Results:
r2: 0.9922
rmse: 0.1644
mae: 0.1128
Test Results:
r2: 0.9929
rmse: 0.1709
mae: 0.1157
35/101
train r2: 0.9987594227367675, valid r2: 0.9936585655926474, test r2: 0.9935361824485723
Training Results:
r2: 0.9988
rmse: 0.0677
mae: 0.0518
Validation Results:
r2: 0.9937
rmse: 0.1486
mae: 0.0962
Test Results:
r2: 0.9935
rmse: 0.1629
mae: 0.1025
36/101
train r2: 0.9985902728610757, valid r2: 0.9934851246868044, test r2: 0.993429552846534
Training Results:
r2: 0.9986
rmse: 0.0722
mae: 0.0552
Validation Results:
r2: 0.9935
rmse: 0.1507
mae: 0.0972
Test Results:
r2: 0.9934
rmse: 0.1643
mae: 0.1053
37/101
train r2: 0.9991605349438094, valid r2: 0.9940216394203119, test r2: 0.9938802572752998
Training Results:
r2: 0.9992
rmse: 0.0557
mae: 0.0432
Validation Results:
r2: 0.9940
rmse: 0.1443
mae: 0.0927
Test Results:
r2: 0.9939
rmse: 0.1585
mae: 0.0978
38/101
train r2: 0.9992671442999791, valid r2: 0.9937974734197041, test r2: 0.9935865072646972
Training Results:
r2: 0.9993
rmse: 0.0521
mae: 0.0396
Validation Results:
r2: 0.9938
rmse: 0.1470
mae: 0.0934
Test Results:
r2: 0.9936
rmse: 0.1623
mae: 0.0999
39/101
train r2: 0.9991935813375823, valid r2: 0.9939573206074508, test r2: 0.994069109460873
Training Results:
r2: 0.9992
rmse: 0.0546
mae: 0.0409
Validation Results:
r2: 0.9940
rmse: 0.1451
mae: 0.0932
Test Results:
r2: 0.9941
rmse: 0.1561
mae: 0.0970
40/101
train r2: 0.9989507899478288, valid r2: 0.9935110391890875, test r2: 0.9939165144329395
Training Results:
r2: 0.9990
rmse: 0.0623
mae: 0.0480
Validation Results:
r2: 0.9935
rmse: 0.1504
mae: 0.0968
Test Results:
r2: 0.9939
rmse: 0.1581
mae: 0.1013
41/101
train r2: 0.998035334629794, valid r2: 0.9925215497091994, test r2: 0.9919519312854391
Training Results:
r2: 0.9980
rmse: 0.0852
mae: 0.0607
Validation Results:
r2: 0.9925
rmse: 0.1614
mae: 0.0990
Test Results:
r2: 0.9920
rmse: 0.1818
mae: 0.1121
42/101
train r2: 0.9984825987961953, valid r2: 0.9930344360333482, test r2: 0.993409904334763
Training Results:
r2: 0.9985
rmse: 0.0749
mae: 0.0600
Validation Results:
r2: 0.9930
rmse: 0.1558
mae: 0.1021
Test Results:
r2: 0.9934
rmse: 0.1645
mae: 0.1066
43/101
train r2: 0.9992444949541804, valid r2: 0.9936467010353578, test r2: 0.9935011021568694
Training Results:
r2: 0.9992
rmse: 0.0528
mae: 0.0383
Validation Results:
r2: 0.9936
rmse: 0.1488
mae: 0.0907
Test Results:
r2: 0.9935
rmse: 0.1634
mae: 0.0981
44/101
train r2: 0.9992923802636609, valid r2: 0.9941129290784739, test r2: 0.9941875570647537
Training Results:
r2: 0.9993
rmse: 0.0511
mae: 0.0386
Validation Results:
r2: 0.9941
rmse: 0.1432
mae: 0.0879
Test Results:
r2: 0.9942
rmse: 0.1545
mae: 0.0945
45/101
train r2: 0.9993634193390523, valid r2: 0.9940956965416636, test r2: 0.9939609662184159
Training Results:
r2: 0.9994
rmse: 0.0485
mae: 0.0361
Validation Results:
r2: 0.9941
rmse: 0.1434
mae: 0.0880
Test Results:
r2: 0.9940
rmse: 0.1575
mae: 0.0942
46/101
train r2: 0.9991088544622901, valid r2: 0.9933029326387867, test r2: 0.9935046081358099
Training Results:
r2: 0.9991
rmse: 0.0574
mae: 0.0421
Validation Results:
r2: 0.9933
rmse: 0.1527
mae: 0.0942
Test Results:
r2: 0.9935
rmse: 0.1633
mae: 0.0992
47/101
train r2: 0.9991514642963049, valid r2: 0.9937566785098237, test r2: 0.9936895241023025
Training Results:
r2: 0.9992
rmse: 0.0560
mae: 0.0445
Validation Results:
r2: 0.9938
rmse: 0.1475
mae: 0.0937
Test Results:
r2: 0.9937
rmse: 0.1610
mae: 0.1004
48/101
train r2: 0.9994162070024627, valid r2: 0.9942717158647908, test r2: 0.9940919093467162
Training Results:
r2: 0.9994
rmse: 0.0465
mae: 0.0346
Validation Results:
r2: 0.9943
rmse: 0.1413
mae: 0.0868
Test Results:
r2: 0.9941
rmse: 0.1558
mae: 0.0940
49/101
train r2: 0.9995066586810081, valid r2: 0.9943157214405063, test r2: 0.9944763713366538
Training Results:
r2: 0.9995
rmse: 0.0427
mae: 0.0326
Validation Results:
r2: 0.9943
rmse: 0.1407
mae: 0.0857
Test Results:
r2: 0.9945
rmse: 0.1506
mae: 0.0907
50/101
train r2: 0.9995330348197888, valid r2: 0.9940806668274804, test r2: 0.9941788552482171
Training Results:
r2: 0.9995
rmse: 0.0416
mae: 0.0299
Validation Results:
r2: 0.9941
rmse: 0.1436
mae: 0.0872
Test Results:
r2: 0.9942
rmse: 0.1546
mae: 0.0919
51/101
train r2: 0.9989035063231093, valid r2: 0.9930006508057679, test r2: 0.9932390569426761
Training Results:
r2: 0.9989
rmse: 0.0637
mae: 0.0518
Validation Results:
r2: 0.9930
rmse: 0.1562
mae: 0.0975
Test Results:
r2: 0.9932
rmse: 0.1666
mae: 0.1052
52/101
train r2: 0.9995092973999642, valid r2: 0.9941237515411019, test r2: 0.9938293583879433
Training Results:
r2: 0.9995
rmse: 0.0426
mae: 0.0327
Validation Results:
r2: 0.9941
rmse: 0.1431
mae: 0.0871
Test Results:
r2: 0.9938
rmse: 0.1592
mae: 0.0971
53/101
train r2: 0.9994993881380817, valid r2: 0.9943346874869549, test r2: 0.9942612110611784
Training Results:
r2: 0.9995
rmse: 0.0430
mae: 0.0327
Validation Results:
r2: 0.9943
rmse: 0.1405
mae: 0.0846
Test Results:
r2: 0.9943
rmse: 0.1535
mae: 0.0938
54/101
train r2: 0.9992359234470438, valid r2: 0.9948354468803138, test r2: 0.9946499244992182
Training Results:
r2: 0.9992
rmse: 0.0532
mae: 0.0355
Validation Results:
r2: 0.9948
rmse: 0.1341
mae: 0.0854
Test Results:
r2: 0.9946
rmse: 0.1482
mae: 0.0914
55/101
train r2: 0.9994098165238465, valid r2: 0.9941680953764178, test r2: 0.994214230197447
Training Results:
r2: 0.9994
rmse: 0.0467
mae: 0.0350
Validation Results:
r2: 0.9942
rmse: 0.1425
mae: 0.0879
Test Results:
r2: 0.9942
rmse: 0.1542
mae: 0.0917
56/101
train r2: 0.99874622948132, valid r2: 0.9939605183311707, test r2: 0.9940208751348321
Training Results:
r2: 0.9987
rmse: 0.0681
mae: 0.0509
Validation Results:
r2: 0.9940
rmse: 0.1451
mae: 0.0944
Test Results:
r2: 0.9940
rmse: 0.1567
mae: 0.0971
57/101
train r2: 0.9996748568837913, valid r2: 0.9946161335159395, test r2: 0.9944718343543801
Training Results:
r2: 0.9997
rmse: 0.0347
mae: 0.0258
Validation Results:
r2: 0.9946
rmse: 0.1370
mae: 0.0827
Test Results:
r2: 0.9945
rmse: 0.1507
mae: 0.0891
58/101
train r2: 0.9996316861324149, valid r2: 0.9945433683018983, test r2: 0.9944542446150545
Training Results:
r2: 0.9996
rmse: 0.0369
mae: 0.0285
Validation Results:
r2: 0.9945
rmse: 0.1379
mae: 0.0849
Test Results:
r2: 0.9945
rmse: 0.1509
mae: 0.0899
59/101
train r2: 0.9997422122777297, valid r2: 0.9945833337673706, test r2: 0.9946261343085109
Training Results:
r2: 0.9997
rmse: 0.0309
mae: 0.0240
Validation Results:
r2: 0.9946
rmse: 0.1374
mae: 0.0830
Test Results:
r2: 0.9946
rmse: 0.1486
mae: 0.0899
60/101
train r2: 0.9997635291902376, valid r2: 0.9944263339969571, test r2: 0.9946862924445222
Training Results:
r2: 0.9998
rmse: 0.0296
mae: 0.0237
Validation Results:
r2: 0.9944
rmse: 0.1393
mae: 0.0845
Test Results:
r2: 0.9947
rmse: 0.1477
mae: 0.0877
61/101
train r2: 0.9996399930904264, valid r2: 0.9947231573174927, test r2: 0.994774044646648
Training Results:
r2: 0.9996
rmse: 0.0365
mae: 0.0259
Validation Results:
r2: 0.9947
rmse: 0.1356
mae: 0.0822
Test Results:
r2: 0.9948
rmse: 0.1465
mae: 0.0885
62/101
train r2: 0.9997521496943249, valid r2: 0.9946807137673704, test r2: 0.994765282014524
Training Results:
r2: 0.9998
rmse: 0.0303
mae: 0.0228
Validation Results:
r2: 0.9947
rmse: 0.1361
mae: 0.0823
Test Results:
r2: 0.9948
rmse: 0.1466
mae: 0.0871
63/101
train r2: 0.9994301885216088, valid r2: 0.9943380276202731, test r2: 0.994385639571424
Training Results:
r2: 0.9994
rmse: 0.0459
mae: 0.0371
Validation Results:
r2: 0.9943
rmse: 0.1404
mae: 0.0885
Test Results:
r2: 0.9944
rmse: 0.1519
mae: 0.0941
64/101
train r2: 0.9997794523285706, valid r2: 0.9945782565044704, test r2: 0.9947609077780276
Training Results:
r2: 0.9998
rmse: 0.0286
mae: 0.0212
Validation Results:
r2: 0.9946
rmse: 0.1374
mae: 0.0812
Test Results:
r2: 0.9948
rmse: 0.1467
mae: 0.0873
65/101
train r2: 0.9997759959788571, valid r2: 0.9945160264657519, test r2: 0.9947100970896428
Training Results:
r2: 0.9998
rmse: 0.0288
mae: 0.0217
Validation Results:
r2: 0.9945
rmse: 0.1382
mae: 0.0817
Test Results:
r2: 0.9947
rmse: 0.1474
mae: 0.0880
66/101
train r2: 0.9998013807640507, valid r2: 0.9946337101223632, test r2: 0.994754496251251
Training Results:
r2: 0.9998
rmse: 0.0271
mae: 0.0203
Validation Results:
r2: 0.9946
rmse: 0.1367
mae: 0.0805
Test Results:
r2: 0.9948
rmse: 0.1468
mae: 0.0876
67/101
train r2: 0.999741708134091, valid r2: 0.9945232155644754, test r2: 0.994761708411131
Training Results:
r2: 0.9997
rmse: 0.0309
mae: 0.0237
Validation Results:
r2: 0.9945
rmse: 0.1381
mae: 0.0821
Test Results:
r2: 0.9948
rmse: 0.1467
mae: 0.0874
68/101
train r2: 0.9997111695271088, valid r2: 0.9947590068489413, test r2: 0.9947594607473879
Training Results:
r2: 0.9997
rmse: 0.0327
mae: 0.0247
Validation Results:
r2: 0.9948
rmse: 0.1351
mae: 0.0817
Test Results:
r2: 0.9948
rmse: 0.1467
mae: 0.0881
69/101
train r2: 0.9998068318044127, valid r2: 0.9943371227717835, test r2: 0.9946097328885473
Training Results:
r2: 0.9998
rmse: 0.0267
mae: 0.0200
Validation Results:
r2: 0.9943
rmse: 0.1405
mae: 0.0829
Test Results:
r2: 0.9946
rmse: 0.1488
mae: 0.0889
70/101
train r2: 0.9997915101055352, valid r2: 0.9945960702977302, test r2: 0.9946845457263441
Training Results:
r2: 0.9998
rmse: 0.0278
mae: 0.0214
Validation Results:
r2: 0.9946
rmse: 0.1372
mae: 0.0816
Test Results:
r2: 0.9947
rmse: 0.1478
mae: 0.0878
71/101
train r2: 0.9997893442322633, valid r2: 0.9945386758722538, test r2: 0.9946065230417048
Training Results:
r2: 0.9998
rmse: 0.0279
mae: 0.0215
Validation Results:
r2: 0.9945
rmse: 0.1379
mae: 0.0828
Test Results:
r2: 0.9946
rmse: 0.1488
mae: 0.0888
72/101
train r2: 0.9998674596218443, valid r2: 0.9946870522573193, test r2: 0.9946951585249248
Training Results:
r2: 0.9999
rmse: 0.0221
mae: 0.0171
Validation Results:
r2: 0.9947
rmse: 0.1360
mae: 0.0805
Test Results:
r2: 0.9947
rmse: 0.1476
mae: 0.0881
73/101
train r2: 0.9998372864341359, valid r2: 0.9946483075533656, test r2: 0.9946982851358577
Training Results:
r2: 0.9998
rmse: 0.0245
mae: 0.0197
Validation Results:
r2: 0.9946
rmse: 0.1365
mae: 0.0818
Test Results:
r2: 0.9947
rmse: 0.1476
mae: 0.0869
74/101
train r2: 0.9998189086454339, valid r2: 0.9946215897605758, test r2: 0.9946999527358615
Training Results:
r2: 0.9998
rmse: 0.0259
mae: 0.0203
Validation Results:
r2: 0.9946
rmse: 0.1369
mae: 0.0816
Test Results:
r2: 0.9947
rmse: 0.1475
mae: 0.0878
break!
train: 0.9992, val: 0.9948, test: 0.9946
end_test_result: (0.9941189013605274, 0.15541762113571167, 0.11547976732254028)
Time used on constrained_logP: 5:18:34
Current seed: 2044, current split method: random, current task: constrained_logP
Namespace(seed=2024, times=5, n_epochs=100, config='base', model_path='../models/pretrained/base/base.pth', dataset='constrained_logP', data_path='../datasets/', dataset_type='regression', use_scaler=True, metric=['r2', 'rmse', 'mae'], split='random_2044', weight_decay=0.0, dropout=0.0, lr=3e-05, n_threads=8)
args.seed: 2024
use label scaler
use label scaler
use label scaler
model have 90.143705M paramerters in total
train_dataset.mean: tensor([-2.4388]) train_dataset.std: tensor([1.9342])
1/101
train r2: 0.8247621953020288, valid r2: 0.8123185167642861, test r2: 0.816712352992437
Training Results:
r2: 0.8248
rmse: 0.8098
mae: 0.5981
Validation Results:
r2: 0.8123
rmse: 0.8276
mae: 0.6204
Test Results:
r2: 0.8167
rmse: 0.8030
mae: 0.5918
2/101
train r2: 0.9600533374371174, valid r2: 0.9445569919646002, test r2: 0.9509798597567384
Training Results:
r2: 0.9601
rmse: 0.3863
mae: 0.2823
Validation Results:
r2: 0.9446
rmse: 0.4498
mae: 0.3262
Test Results:
r2: 0.9510
rmse: 0.4153
mae: 0.3048
3/101
train r2: 0.9821699329516227, valid r2: 0.9680330414239913, test r2: 0.9730263305293916
Training Results:
r2: 0.9822
rmse: 0.2581
mae: 0.1909
Validation Results:
r2: 0.9680
rmse: 0.3416
mae: 0.2435
Test Results:
r2: 0.9730
rmse: 0.3080
mae: 0.2274
4/101
train r2: 0.9878155414368852, valid r2: 0.9756179436762802, test r2: 0.9799997834749289
Training Results:
r2: 0.9878
rmse: 0.2136
mae: 0.1662
Validation Results:
r2: 0.9756
rmse: 0.2983
mae: 0.2162
Test Results:
r2: 0.9800
rmse: 0.2653
mae: 0.2004
5/101
train r2: 0.99034519385626, valid r2: 0.9777322214934218, test r2: 0.9805612754024774
Training Results:
r2: 0.9903
rmse: 0.1900
mae: 0.1480
Validation Results:
r2: 0.9777
rmse: 0.2851
mae: 0.2039
Test Results:
r2: 0.9806
rmse: 0.2615
mae: 0.1978
6/101
train r2: 0.9927917599681174, valid r2: 0.9811577749938765, test r2: 0.9848962612128827
Training Results:
r2: 0.9928
rmse: 0.1641
mae: 0.1312
Validation Results:
r2: 0.9812
rmse: 0.2622
mae: 0.1879
Test Results:
r2: 0.9849
rmse: 0.2305
mae: 0.1785
7/101
train r2: 0.9917601406003713, valid r2: 0.9796463564079748, test r2: 0.9825727579040898
Training Results:
r2: 0.9918
rmse: 0.1755
mae: 0.1415
Validation Results:
r2: 0.9796
rmse: 0.2725
mae: 0.1971
Test Results:
r2: 0.9826
rmse: 0.2476
mae: 0.1911
8/101
train r2: 0.9903821544747216, valid r2: 0.9798183355709817, test r2: 0.9816466654821553
Training Results:
r2: 0.9904
rmse: 0.1898
mae: 0.1523
Validation Results:
r2: 0.9798
rmse: 0.2714
mae: 0.1967
Test Results:
r2: 0.9816
rmse: 0.2541
mae: 0.1930
9/101
train r2: 0.9957679106562484, valid r2: 0.986436593775291, test r2: 0.9887720892493645
Training Results:
r2: 0.9958
rmse: 0.1259
mae: 0.0947
Validation Results:
r2: 0.9864
rmse: 0.2225
mae: 0.1563
Test Results:
r2: 0.9888
rmse: 0.1987
mae: 0.1460
10/101
train r2: 0.9918377285663037, valid r2: 0.9816610178158947, test r2: 0.9862395977101387
Training Results:
r2: 0.9918
rmse: 0.1748
mae: 0.1308
Validation Results:
r2: 0.9817
rmse: 0.2587
mae: 0.1797
Test Results:
r2: 0.9862
rmse: 0.2200
mae: 0.1676
11/101
train r2: 0.9936133995796148, valid r2: 0.9853090796343021, test r2: 0.9881728216562425
Training Results:
r2: 0.9936
rmse: 0.1546
mae: 0.1188
Validation Results:
r2: 0.9853
rmse: 0.2315
mae: 0.1631
Test Results:
r2: 0.9882
rmse: 0.2040
mae: 0.1519
12/101
train r2: 0.9908223117321322, valid r2: 0.9808277201241651, test r2: 0.9845840746047396
Training Results:
r2: 0.9908
rmse: 0.1853
mae: 0.1524
Validation Results:
r2: 0.9808
rmse: 0.2645
mae: 0.1890
Test Results:
r2: 0.9846
rmse: 0.2329
mae: 0.1786
13/101
train r2: 0.9970506918527214, valid r2: 0.9890820709679792, test r2: 0.9920727349069479
Training Results:
r2: 0.9971
rmse: 0.1051
mae: 0.0805
Validation Results:
r2: 0.9891
rmse: 0.1996
mae: 0.1352
Test Results:
r2: 0.9921
rmse: 0.1670
mae: 0.1213
14/101
train r2: 0.9966585767160735, valid r2: 0.9877935441965147, test r2: 0.9915812232162998
Training Results:
r2: 0.9967
rmse: 0.1118
mae: 0.0866
Validation Results:
r2: 0.9878
rmse: 0.2111
mae: 0.1383
Test Results:
r2: 0.9916
rmse: 0.1721
mae: 0.1252
15/101
train r2: 0.9969306271821498, valid r2: 0.9884142031853443, test r2: 0.9916822808328326
Training Results:
r2: 0.9969
rmse: 0.1072
mae: 0.0825
Validation Results:
r2: 0.9884
rmse: 0.2056
mae: 0.1362
Test Results:
r2: 0.9917
rmse: 0.1711
mae: 0.1240
16/101
train r2: 0.9954201887301309, valid r2: 0.9869772240389268, test r2: 0.9898474726304763
Training Results:
r2: 0.9954
rmse: 0.1309
mae: 0.1020
Validation Results:
r2: 0.9870
rmse: 0.2180
mae: 0.1463
Test Results:
r2: 0.9898
rmse: 0.1890
mae: 0.1386
17/101
train r2: 0.9930635802878951, valid r2: 0.9853687525786028, test r2: 0.9882971142352257
Training Results:
r2: 0.9931
rmse: 0.1611
mae: 0.1309
Validation Results:
r2: 0.9854
rmse: 0.2311
mae: 0.1644
Test Results:
r2: 0.9883
rmse: 0.2029
mae: 0.1568
18/101
train r2: 0.996690755973925, valid r2: 0.9888549648656315, test r2: 0.9920633039351553
Training Results:
r2: 0.9967
rmse: 0.1113
mae: 0.0853
Validation Results:
r2: 0.9889
rmse: 0.2017
mae: 0.1323
Test Results:
r2: 0.9921
rmse: 0.1671
mae: 0.1206
19/101
train r2: 0.9977975929179033, valid r2: 0.9895229695420077, test r2: 0.9931416211992574
Training Results:
r2: 0.9978
rmse: 0.0908
mae: 0.0684
Validation Results:
r2: 0.9895
rmse: 0.1955
mae: 0.1207
Test Results:
r2: 0.9931
rmse: 0.1553
mae: 0.1091
20/101
train r2: 0.9981970675602732, valid r2: 0.9906096740273389, test r2: 0.9937575848011779
Training Results:
r2: 0.9982
rmse: 0.0821
mae: 0.0602
Validation Results:
r2: 0.9906
rmse: 0.1851
mae: 0.1126
Test Results:
r2: 0.9938
rmse: 0.1482
mae: 0.1033
21/101
train r2: 0.9982197713490172, valid r2: 0.9901069245163222, test r2: 0.993835093083989
Training Results:
r2: 0.9982
rmse: 0.0816
mae: 0.0613
Validation Results:
r2: 0.9901
rmse: 0.1900
mae: 0.1156
Test Results:
r2: 0.9938
rmse: 0.1473
mae: 0.1022
22/101
train r2: 0.997598791197935, valid r2: 0.9906404330141648, test r2: 0.993967624289171
Training Results:
r2: 0.9976
rmse: 0.0948
mae: 0.0700
Validation Results:
r2: 0.9906
rmse: 0.1848
mae: 0.1167
Test Results:
r2: 0.9940
rmse: 0.1457
mae: 0.1059
23/101
train r2: 0.998088025487036, valid r2: 0.9901733945951692, test r2: 0.994216467503566
Training Results:
r2: 0.9981
rmse: 0.0846
mae: 0.0620
Validation Results:
r2: 0.9902
rmse: 0.1894
mae: 0.1091
Test Results:
r2: 0.9942
rmse: 0.1426
mae: 0.1026
24/101
train r2: 0.9982315491467165, valid r2: 0.9907622316763828, test r2: 0.9939909113779093
Training Results:
r2: 0.9982
rmse: 0.0814
mae: 0.0614
Validation Results:
r2: 0.9908
rmse: 0.1836
mae: 0.1114
Test Results:
r2: 0.9940
rmse: 0.1454
mae: 0.1020
25/101
train r2: 0.9966116083639017, valid r2: 0.9893532840572584, test r2: 0.9926732992738907
Training Results:
r2: 0.9966
rmse: 0.1126
mae: 0.0866
Validation Results:
r2: 0.9894
rmse: 0.1971
mae: 0.1276
Test Results:
r2: 0.9927
rmse: 0.1605
mae: 0.1180
26/101
train r2: 0.9988355566503994, valid r2: 0.9912825882334263, test r2: 0.9948805444325415
Training Results:
r2: 0.9988
rmse: 0.0660
mae: 0.0489
Validation Results:
r2: 0.9913
rmse: 0.1784
mae: 0.1053
Test Results:
r2: 0.9949
rmse: 0.1342
mae: 0.0935
27/101
train r2: 0.9979403993616982, valid r2: 0.9901794303680237, test r2: 0.9936763994527045
Training Results:
r2: 0.9979
rmse: 0.0878
mae: 0.0676
Validation Results:
r2: 0.9902
rmse: 0.1893
mae: 0.1132
Test Results:
r2: 0.9937
rmse: 0.1492
mae: 0.1059
28/101
train r2: 0.9981666370799124, valid r2: 0.9904542175821293, test r2: 0.9940748362711019
Training Results:
r2: 0.9982
rmse: 0.0828
mae: 0.0626
Validation Results:
r2: 0.9905
rmse: 0.1866
mae: 0.1107
Test Results:
r2: 0.9941
rmse: 0.1444
mae: 0.1019
29/101
train r2: 0.9984141655717687, valid r2: 0.9913451305644706, test r2: 0.9942398964765979
Training Results:
r2: 0.9984
rmse: 0.0770
mae: 0.0587
Validation Results:
r2: 0.9913
rmse: 0.1777
mae: 0.1049
Test Results:
r2: 0.9942
rmse: 0.1424
mae: 0.0979
30/101
train r2: 0.9956997443656538, valid r2: 0.9886009298864112, test r2: 0.9915477885278197
Training Results:
r2: 0.9957
rmse: 0.1269
mae: 0.0984
Validation Results:
r2: 0.9886
rmse: 0.2040
mae: 0.1353
Test Results:
r2: 0.9915
rmse: 0.1724
mae: 0.1263
31/101
train r2: 0.9981889444726898, valid r2: 0.9911524110867989, test r2: 0.9945077871789124
Training Results:
r2: 0.9982
rmse: 0.0823
mae: 0.0606
Validation Results:
r2: 0.9912
rmse: 0.1797
mae: 0.1070
Test Results:
r2: 0.9945
rmse: 0.1390
mae: 0.0976
32/101
train r2: 0.9984075783531585, valid r2: 0.9910447675467641, test r2: 0.9946170708593376
Training Results:
r2: 0.9984
rmse: 0.0772
mae: 0.0595
Validation Results:
r2: 0.9910
rmse: 0.1808
mae: 0.1061
Test Results:
r2: 0.9946
rmse: 0.1376
mae: 0.0991
33/101
train r2: 0.9985869878141937, valid r2: 0.991478430622538, test r2: 0.994771038151948
Training Results:
r2: 0.9986
rmse: 0.0727
mae: 0.0552
Validation Results:
r2: 0.9915
rmse: 0.1763
mae: 0.1038
Test Results:
r2: 0.9948
rmse: 0.1356
mae: 0.0978
34/101
train r2: 0.998650077137847, valid r2: 0.9916448236946634, test r2: 0.994598904657308
Training Results:
r2: 0.9987
rmse: 0.0711
mae: 0.0535
Validation Results:
r2: 0.9916
rmse: 0.1746
mae: 0.1005
Test Results:
r2: 0.9946
rmse: 0.1378
mae: 0.0955
35/101
train r2: 0.9989378618571457, valid r2: 0.9915093983994836, test r2: 0.9948737381388445
Training Results:
r2: 0.9989
rmse: 0.0631
mae: 0.0474
Validation Results:
r2: 0.9915
rmse: 0.1760
mae: 0.1012
Test Results:
r2: 0.9949
rmse: 0.1343
mae: 0.0901
36/101
train r2: 0.9989937039237207, valid r2: 0.9914096288986659, test r2: 0.9953176502687148
Training Results:
r2: 0.9990
rmse: 0.0614
mae: 0.0453
Validation Results:
r2: 0.9914
rmse: 0.1771
mae: 0.1012
Test Results:
r2: 0.9953
rmse: 0.1283
mae: 0.0882
37/101
train r2: 0.9987570557936004, valid r2: 0.9915625127464613, test r2: 0.9945150077539094
Training Results:
r2: 0.9988
rmse: 0.0682
mae: 0.0527
Validation Results:
r2: 0.9916
rmse: 0.1755
mae: 0.1039
Test Results:
r2: 0.9945
rmse: 0.1389
mae: 0.0960
38/101
train r2: 0.9984131324269058, valid r2: 0.9913944026996081, test r2: 0.9949853119322016
Training Results:
r2: 0.9984
rmse: 0.0771
mae: 0.0599
Validation Results:
r2: 0.9914
rmse: 0.1772
mae: 0.1023
Test Results:
r2: 0.9950
rmse: 0.1328
mae: 0.0937
39/101
train r2: 0.998806645279564, valid r2: 0.9923183854354277, test r2: 0.995018848695608
Training Results:
r2: 0.9988
rmse: 0.0668
mae: 0.0482
Validation Results:
r2: 0.9923
rmse: 0.1674
mae: 0.0991
Test Results:
r2: 0.9950
rmse: 0.1324
mae: 0.0904
40/101
train r2: 0.9989868402975448, valid r2: 0.9919324304561113, test r2: 0.9949708187481726
Training Results:
r2: 0.9990
rmse: 0.0616
mae: 0.0457
Validation Results:
r2: 0.9919
rmse: 0.1716
mae: 0.0978
Test Results:
r2: 0.9950
rmse: 0.1330
mae: 0.0893
41/101
train r2: 0.9990703141843951, valid r2: 0.9923545332205288, test r2: 0.9956611292673205
Training Results:
r2: 0.9991
rmse: 0.0589
mae: 0.0431
Validation Results:
r2: 0.9924
rmse: 0.1670
mae: 0.0945
Test Results:
r2: 0.9957
rmse: 0.1235
mae: 0.0848
42/101
train r2: 0.9989620787908492, valid r2: 0.9918118164799407, test r2: 0.9951149657887348
Training Results:
r2: 0.9990
rmse: 0.0623
mae: 0.0476
Validation Results:
r2: 0.9918
rmse: 0.1729
mae: 0.0965
Test Results:
r2: 0.9951
rmse: 0.1311
mae: 0.0897
43/101
train r2: 0.9992761152633942, valid r2: 0.9920751435084492, test r2: 0.99566773269053
Training Results:
r2: 0.9993
rmse: 0.0520
mae: 0.0392
Validation Results:
r2: 0.9921
rmse: 0.1701
mae: 0.0933
Test Results:
r2: 0.9957
rmse: 0.1235
mae: 0.0838
44/101
train r2: 0.9989699361182713, valid r2: 0.9922508831108219, test r2: 0.995174319351066
Training Results:
r2: 0.9990
rmse: 0.0620
mae: 0.0489
Validation Results:
r2: 0.9923
rmse: 0.1682
mae: 0.0997
Test Results:
r2: 0.9952
rmse: 0.1303
mae: 0.0915
45/101
train r2: 0.9994438444885613, valid r2: 0.9921219420003597, test r2: 0.9956885130867659
Training Results:
r2: 0.9994
rmse: 0.0456
mae: 0.0348
Validation Results:
r2: 0.9921
rmse: 0.1696
mae: 0.0913
Test Results:
r2: 0.9957
rmse: 0.1232
mae: 0.0823
46/101
train r2: 0.9994001322128833, valid r2: 0.9924607946311321, test r2: 0.9957398228160016
Training Results:
r2: 0.9994
rmse: 0.0473
mae: 0.0363
Validation Results:
r2: 0.9925
rmse: 0.1659
mae: 0.0898
Test Results:
r2: 0.9957
rmse: 0.1224
mae: 0.0821
47/101
train r2: 0.9993928444815654, valid r2: 0.9926311361952443, test r2: 0.9957718838018486
Training Results:
r2: 0.9994
rmse: 0.0476
mae: 0.0356
Validation Results:
r2: 0.9926
rmse: 0.1640
mae: 0.0881
Test Results:
r2: 0.9958
rmse: 0.1220
mae: 0.0815
48/101
train r2: 0.9992052133537029, valid r2: 0.9922798271941075, test r2: 0.9954515455851412
Training Results:
r2: 0.9992
rmse: 0.0545
mae: 0.0413
Validation Results:
r2: 0.9923
rmse: 0.1678
mae: 0.0920
Test Results:
r2: 0.9955
rmse: 0.1265
mae: 0.0855
49/101
train r2: 0.9993738578791254, valid r2: 0.9923628135031046, test r2: 0.9958332947380037
Training Results:
r2: 0.9994
rmse: 0.0484
mae: 0.0369
Validation Results:
r2: 0.9924
rmse: 0.1669
mae: 0.0889
Test Results:
r2: 0.9958
rmse: 0.1211
mae: 0.0818
50/101
train r2: 0.9987125367139802, valid r2: 0.9915503377324194, test r2: 0.9952714172432435
Training Results:
r2: 0.9987
rmse: 0.0694
mae: 0.0522
Validation Results:
r2: 0.9916
rmse: 0.1756
mae: 0.0983
Test Results:
r2: 0.9953
rmse: 0.1290
mae: 0.0910
51/101
train r2: 0.9993264997034367, valid r2: 0.991631853217997, test r2: 0.9952680722086924
Training Results:
r2: 0.9993
rmse: 0.0502
mae: 0.0371
Validation Results:
r2: 0.9916
rmse: 0.1748
mae: 0.0935
Test Results:
r2: 0.9953
rmse: 0.1290
mae: 0.0841
52/101
train r2: 0.9996253852365509, valid r2: 0.9924804847194255, test r2: 0.995894916734278
Training Results:
r2: 0.9996
rmse: 0.0374
mae: 0.0281
Validation Results:
r2: 0.9925
rmse: 0.1657
mae: 0.0870
Test Results:
r2: 0.9959
rmse: 0.1202
mae: 0.0787
53/101
train r2: 0.9995173398368321, valid r2: 0.9923369085599606, test r2: 0.9956099597993746
Training Results:
r2: 0.9995
rmse: 0.0425
mae: 0.0314
Validation Results:
r2: 0.9923
rmse: 0.1672
mae: 0.0884
Test Results:
r2: 0.9956
rmse: 0.1243
mae: 0.0803
54/101
train r2: 0.9995872254117812, valid r2: 0.9922201165338163, test r2: 0.9959455301439244
Training Results:
r2: 0.9996
rmse: 0.0393
mae: 0.0294
Validation Results:
r2: 0.9922
rmse: 0.1685
mae: 0.0873
Test Results:
r2: 0.9959
rmse: 0.1194
mae: 0.0785
55/101
train r2: 0.9996256543162086, valid r2: 0.9925105248125365, test r2: 0.9961218567206843
Training Results:
r2: 0.9996
rmse: 0.0374
mae: 0.0272
Validation Results:
r2: 0.9925
rmse: 0.1653
mae: 0.0863
Test Results:
r2: 0.9961
rmse: 0.1168
mae: 0.0771
56/101
train r2: 0.9994121731568376, valid r2: 0.9925092485807259, test r2: 0.9956968132746042
Training Results:
r2: 0.9994
rmse: 0.0469
mae: 0.0360
Validation Results:
r2: 0.9925
rmse: 0.1653
mae: 0.0902
Test Results:
r2: 0.9957
rmse: 0.1230
mae: 0.0817
57/101
train r2: 0.9989431721022531, valid r2: 0.9919980132689366, test r2: 0.9952116967059126
Training Results:
r2: 0.9989
rmse: 0.0629
mae: 0.0495
Validation Results:
r2: 0.9920
rmse: 0.1709
mae: 0.0988
Test Results:
r2: 0.9952
rmse: 0.1298
mae: 0.0907
58/101
train r2: 0.99909714627225, valid r2: 0.991786143097886, test r2: 0.9953596845633699
Training Results:
r2: 0.9991
rmse: 0.0581
mae: 0.0478
Validation Results:
r2: 0.9918
rmse: 0.1731
mae: 0.0954
Test Results:
r2: 0.9954
rmse: 0.1278
mae: 0.0883
59/101
train r2: 0.9996254636029668, valid r2: 0.992405023837661, test r2: 0.9960418699000713
Training Results:
r2: 0.9996
rmse: 0.0374
mae: 0.0283
Validation Results:
r2: 0.9924
rmse: 0.1665
mae: 0.0896
Test Results:
r2: 0.9960
rmse: 0.1180
mae: 0.0778
60/101
train r2: 0.9996411698051563, valid r2: 0.992909150763741, test r2: 0.9962042271720141
Training Results:
r2: 0.9996
rmse: 0.0366
mae: 0.0266
Validation Results:
r2: 0.9929
rmse: 0.1609
mae: 0.0834
Test Results:
r2: 0.9962
rmse: 0.1156
mae: 0.0760
61/101
train r2: 0.9997784779519286, valid r2: 0.9926501610213783, test r2: 0.9962195870912193
Training Results:
r2: 0.9998
rmse: 0.0288
mae: 0.0223
Validation Results:
r2: 0.9927
rmse: 0.1638
mae: 0.0846
Test Results:
r2: 0.9962
rmse: 0.1153
mae: 0.0760
62/101
train r2: 0.9996914018779, valid r2: 0.9926006171971067, test r2: 0.9959627669156368
Training Results:
r2: 0.9997
rmse: 0.0340
mae: 0.0259
Validation Results:
r2: 0.9926
rmse: 0.1643
mae: 0.0837
Test Results:
r2: 0.9960
rmse: 0.1192
mae: 0.0783
63/101
train r2: 0.9997514688149957, valid r2: 0.9926758141360184, test r2: 0.9959538157935725
Training Results:
r2: 0.9998
rmse: 0.0305
mae: 0.0231
Validation Results:
r2: 0.9927
rmse: 0.1635
mae: 0.0850
Test Results:
r2: 0.9960
rmse: 0.1193
mae: 0.0769
64/101
train r2: 0.9995953131925757, valid r2: 0.9924421066197171, test r2: 0.996016086301927
Training Results:
r2: 0.9996
rmse: 0.0389
mae: 0.0308
Validation Results:
r2: 0.9924
rmse: 0.1661
mae: 0.0875
Test Results:
r2: 0.9960
rmse: 0.1184
mae: 0.0792
65/101
train r2: 0.999712038905665, valid r2: 0.992909025293842, test r2: 0.9960695067429803
Training Results:
r2: 0.9997
rmse: 0.0328
mae: 0.0246
Validation Results:
r2: 0.9929
rmse: 0.1609
mae: 0.0849
Test Results:
r2: 0.9961
rmse: 0.1176
mae: 0.0765
66/101
train r2: 0.999630415492742, valid r2: 0.9923796254095224, test r2: 0.9960695756051251
Training Results:
r2: 0.9996
rmse: 0.0372
mae: 0.0291
Validation Results:
r2: 0.9924
rmse: 0.1668
mae: 0.0862
Test Results:
r2: 0.9961
rmse: 0.1176
mae: 0.0778
67/101
train r2: 0.999753972976476, valid r2: 0.9929045614017865, test r2: 0.9959119654970223
Training Results:
r2: 0.9998
rmse: 0.0303
mae: 0.0224
Validation Results:
r2: 0.9929
rmse: 0.1609
mae: 0.0830
Test Results:
r2: 0.9959
rmse: 0.1199
mae: 0.0771
68/101
train r2: 0.9998301985886039, valid r2: 0.9927048553941212, test r2: 0.9962501727339313
Training Results:
r2: 0.9998
rmse: 0.0252
mae: 0.0188
Validation Results:
r2: 0.9927
rmse: 0.1632
mae: 0.0828
Test Results:
r2: 0.9963
rmse: 0.1149
mae: 0.0743
69/101
train r2: 0.9998254252002823, valid r2: 0.9925971164118854, test r2: 0.9962327769125562
Training Results:
r2: 0.9998
rmse: 0.0256
mae: 0.0192
Validation Results:
r2: 0.9926
rmse: 0.1644
mae: 0.0830
Test Results:
r2: 0.9962
rmse: 0.1151
mae: 0.0755
70/101
train r2: 0.9997821077058682, valid r2: 0.9924020498694747, test r2: 0.9959705037991743
Training Results:
r2: 0.9998
rmse: 0.0285
mae: 0.0212
Validation Results:
r2: 0.9924
rmse: 0.1665
mae: 0.0853
Test Results:
r2: 0.9960
rmse: 0.1191
mae: 0.0764
71/101
train r2: 0.9996305306813347, valid r2: 0.9927367460766454, test r2: 0.9961030721090299
Training Results:
r2: 0.9996
rmse: 0.0372
mae: 0.0303
Validation Results:
r2: 0.9927
rmse: 0.1628
mae: 0.0859
Test Results:
r2: 0.9961
rmse: 0.1171
mae: 0.0777
72/101
train r2: 0.9998221001655585, valid r2: 0.9925814066040655, test r2: 0.9961048335229233
Training Results:
r2: 0.9998
rmse: 0.0258
mae: 0.0201
Validation Results:
r2: 0.9926
rmse: 0.1645
mae: 0.0834
Test Results:
r2: 0.9961
rmse: 0.1171
mae: 0.0752
73/101
train r2: 0.9997797307980445, valid r2: 0.992737350239279, test r2: 0.9960635031227143
Training Results:
r2: 0.9998
rmse: 0.0287
mae: 0.0234
Validation Results:
r2: 0.9927
rmse: 0.1628
mae: 0.0848
Test Results:
r2: 0.9961
rmse: 0.1177
mae: 0.0760
74/101
train r2: 0.9998983161351594, valid r2: 0.9928247691428724, test r2: 0.996294350702636
Training Results:
r2: 0.9999
rmse: 0.0195
mae: 0.0140
Validation Results:
r2: 0.9928
rmse: 0.1618
mae: 0.0815
Test Results:
r2: 0.9963
rmse: 0.1142
mae: 0.0738
75/101
train r2: 0.9998087841932373, valid r2: 0.9925665127019087, test r2: 0.995992460355464
Training Results:
r2: 0.9998
rmse: 0.0268
mae: 0.0194
Validation Results:
r2: 0.9926
rmse: 0.1647
mae: 0.0837
Test Results:
r2: 0.9960
rmse: 0.1187
mae: 0.0760
76/101
train r2: 0.9999166756645302, valid r2: 0.9928520968608961, test r2: 0.9962402526873498
Training Results:
r2: 0.9999
rmse: 0.0177
mae: 0.0131
Validation Results:
r2: 0.9929
rmse: 0.1615
mae: 0.0810
Test Results:
r2: 0.9962
rmse: 0.1150
mae: 0.0736
77/101
train r2: 0.9998561608391608, valid r2: 0.9928245579995214, test r2: 0.9963295956570344
Training Results:
r2: 0.9999
rmse: 0.0232
mae: 0.0181
Validation Results:
r2: 0.9928
rmse: 0.1618
mae: 0.0817
Test Results:
r2: 0.9963
rmse: 0.1136
mae: 0.0745
78/101
train r2: 0.9998746798160936, valid r2: 0.9926865371312847, test r2: 0.9962221343040579
Training Results:
r2: 0.9999
rmse: 0.0217
mae: 0.0172
Validation Results:
r2: 0.9927
rmse: 0.1634
mae: 0.0823
Test Results:
r2: 0.9962
rmse: 0.1153
mae: 0.0744
79/101
train r2: 0.9998833495233991, valid r2: 0.9924582102656514, test r2: 0.9961554787592448
Training Results:
r2: 0.9999
rmse: 0.0209
mae: 0.0164
Validation Results:
r2: 0.9925
rmse: 0.1659
mae: 0.0829
Test Results:
r2: 0.9962
rmse: 0.1163
mae: 0.0745
80/101
train r2: 0.9999323716181879, valid r2: 0.9925773980427239, test r2: 0.9963533389914118
Training Results:
r2: 0.9999
rmse: 0.0159
mae: 0.0121
Validation Results:
r2: 0.9926
rmse: 0.1646
mae: 0.0822
Test Results:
r2: 0.9964
rmse: 0.1133
mae: 0.0726
break!
train: 0.9996, val: 0.9929, test: 0.9962
end_test_result: (0.99604243843486, 0.1179940477013588, 0.07570209354162216)
args.seed: 2034
use label scaler
use label scaler
use label scaler
model have 90.143705M paramerters in total
train_dataset.mean: tensor([-2.4388]) train_dataset.std: tensor([1.9342])
1/101
train r2: 0.8275278167197833, valid r2: 0.8188404681699515, test r2: 0.8053312995197428
Training Results:
r2: 0.8275
rmse: 0.8029
mae: 0.5990
Validation Results:
r2: 0.8188
rmse: 0.8131
mae: 0.6170
Test Results:
r2: 0.8053
rmse: 0.8276
mae: 0.6161
2/101
train r2: 0.9577502317576041, valid r2: 0.9423911660356825, test r2: 0.946979477144274
Training Results:
r2: 0.9578
rmse: 0.3975
mae: 0.2911
Validation Results:
r2: 0.9424
rmse: 0.4585
mae: 0.3347
Test Results:
r2: 0.9470
rmse: 0.4319
mae: 0.3194
3/101
train r2: 0.9813540270555924, valid r2: 0.9696876461956765, test r2: 0.9738237045266733
Training Results:
r2: 0.9814
rmse: 0.2640
mae: 0.1952
Validation Results:
r2: 0.9697
rmse: 0.3326
mae: 0.2365
Test Results:
r2: 0.9738
rmse: 0.3035
mae: 0.2219
4/101
train r2: 0.9873633905900877, valid r2: 0.9762954135255926, test r2: 0.9793865104470855
Training Results:
r2: 0.9874
rmse: 0.2174
mae: 0.1670
Validation Results:
r2: 0.9763
rmse: 0.2941
mae: 0.2134
Test Results:
r2: 0.9794
rmse: 0.2693
mae: 0.2063
5/101
train r2: 0.9901850437682643, valid r2: 0.9784178018910246, test r2: 0.9826088797367659
Training Results:
r2: 0.9902
rmse: 0.1917
mae: 0.1482
Validation Results:
r2: 0.9784
rmse: 0.2806
mae: 0.2042
Test Results:
r2: 0.9826
rmse: 0.2473
mae: 0.1850
6/101
train r2: 0.99304340453135, valid r2: 0.9833786182096873, test r2: 0.9859882815597442
Training Results:
r2: 0.9930
rmse: 0.1613
mae: 0.1220
Validation Results:
r2: 0.9834
rmse: 0.2463
mae: 0.1768
Test Results:
r2: 0.9860
rmse: 0.2220
mae: 0.1620
7/101
train r2: 0.9936420310289202, valid r2: 0.9835370749967961, test r2: 0.9856483988959178
Training Results:
r2: 0.9936
rmse: 0.1543
mae: 0.1233
Validation Results:
r2: 0.9835
rmse: 0.2451
mae: 0.1764
Test Results:
r2: 0.9856
rmse: 0.2247
mae: 0.1710
8/101
train r2: 0.9959085145884918, valid r2: 0.9858750990044598, test r2: 0.9882801224825528
Training Results:
r2: 0.9959
rmse: 0.1237
mae: 0.0955
Validation Results:
r2: 0.9859
rmse: 0.2270
mae: 0.1549
Test Results:
r2: 0.9883
rmse: 0.2031
mae: 0.1474
9/101
train r2: 0.9932426531180303, valid r2: 0.9836680047652889, test r2: 0.9870851655692234
Training Results:
r2: 0.9932
rmse: 0.1590
mae: 0.1195
Validation Results:
r2: 0.9837
rmse: 0.2441
mae: 0.1658
Test Results:
r2: 0.9871
rmse: 0.2132
mae: 0.1605
10/101
train r2: 0.9941221189224256, valid r2: 0.9858550039322176, test r2: 0.9890805406191564
Training Results:
r2: 0.9941
rmse: 0.1483
mae: 0.1100
Validation Results:
r2: 0.9859
rmse: 0.2272
mae: 0.1551
Test Results:
r2: 0.9891
rmse: 0.1960
mae: 0.1460
11/101
train r2: 0.9942623827772622, valid r2: 0.9856898711318894, test r2: 0.988059634461151
Training Results:
r2: 0.9943
rmse: 0.1465
mae: 0.1110
Validation Results:
r2: 0.9857
rmse: 0.2285
mae: 0.1580
Test Results:
r2: 0.9881
rmse: 0.2050
mae: 0.1522
12/101
train r2: 0.9947762794406761, valid r2: 0.9869552521054012, test r2: 0.9889675714453423
Training Results:
r2: 0.9948
rmse: 0.1398
mae: 0.1050
Validation Results:
r2: 0.9870
rmse: 0.2182
mae: 0.1520
Test Results:
r2: 0.9890
rmse: 0.1970
mae: 0.1445
13/101
train r2: 0.9968630874865103, valid r2: 0.9879300239436088, test r2: 0.9918980332955833
Training Results:
r2: 0.9969
rmse: 0.1084
mae: 0.0821
Validation Results:
r2: 0.9879
rmse: 0.2099
mae: 0.1388
Test Results:
r2: 0.9919
rmse: 0.1688
mae: 0.1236
14/101
train r2: 0.9973227710193802, valid r2: 0.9893832748794268, test r2: 0.9925311996068208
Training Results:
r2: 0.9973
rmse: 0.1000
mae: 0.0756
Validation Results:
r2: 0.9894
rmse: 0.1968
mae: 0.1312
Test Results:
r2: 0.9925
rmse: 0.1621
mae: 0.1165
15/101
train r2: 0.993904294126314, valid r2: 0.9850464359584418, test r2: 0.9875876378792794
Training Results:
r2: 0.9939
rmse: 0.1510
mae: 0.1159
Validation Results:
r2: 0.9850
rmse: 0.2336
mae: 0.1617
Test Results:
r2: 0.9876
rmse: 0.2090
mae: 0.1539
16/101
train r2: 0.9978505599816048, valid r2: 0.9897531985866708, test r2: 0.9925764680398312
Training Results:
r2: 0.9979
rmse: 0.0897
mae: 0.0669
Validation Results:
r2: 0.9898
rmse: 0.1934
mae: 0.1236
Test Results:
r2: 0.9926
rmse: 0.1616
mae: 0.1127
17/101
train r2: 0.9956776372424385, valid r2: 0.987432045258607, test r2: 0.9911768784069356
Training Results:
r2: 0.9957
rmse: 0.1272
mae: 0.0995
Validation Results:
r2: 0.9874
rmse: 0.2142
mae: 0.1450
Test Results:
r2: 0.9912
rmse: 0.1762
mae: 0.1304
18/101
train r2: 0.9979015211927017, valid r2: 0.9906107514227682, test r2: 0.9929986338432544
Training Results:
r2: 0.9979
rmse: 0.0886
mae: 0.0656
Validation Results:
r2: 0.9906
rmse: 0.1851
mae: 0.1166
Test Results:
r2: 0.9930
rmse: 0.1569
mae: 0.1090
19/101
train r2: 0.9977493943466388, valid r2: 0.9900650358030721, test r2: 0.9932355586663942
Training Results:
r2: 0.9977
rmse: 0.0918
mae: 0.0683
Validation Results:
r2: 0.9901
rmse: 0.1904
mae: 0.1191
Test Results:
r2: 0.9932
rmse: 0.1543
mae: 0.1098
20/101
train r2: 0.9960669242958313, valid r2: 0.9888791250853962, test r2: 0.9922739423700865
Training Results:
r2: 0.9961
rmse: 0.1212
mae: 0.0918
Validation Results:
r2: 0.9889
rmse: 0.2015
mae: 0.1301
Test Results:
r2: 0.9923
rmse: 0.1649
mae: 0.1210
21/101
train r2: 0.9958198014652274, valid r2: 0.9875231552748993, test r2: 0.9907872881896957
Training Results:
r2: 0.9958
rmse: 0.1251
mae: 0.0914
Validation Results:
r2: 0.9875
rmse: 0.2134
mae: 0.1323
Test Results:
r2: 0.9908
rmse: 0.1800
mae: 0.1232
22/101
train r2: 0.9968515284651631, valid r2: 0.9881220376029506, test r2: 0.9921997854385971
Training Results:
r2: 0.9969
rmse: 0.1085
mae: 0.0794
Validation Results:
r2: 0.9881
rmse: 0.2082
mae: 0.1281
Test Results:
r2: 0.9922
rmse: 0.1657
mae: 0.1160
23/101
train r2: 0.9976790537554601, valid r2: 0.9910489506437206, test r2: 0.9939525028515516
Training Results:
r2: 0.9977
rmse: 0.0932
mae: 0.0691
Validation Results:
r2: 0.9910
rmse: 0.1807
mae: 0.1118
Test Results:
r2: 0.9940
rmse: 0.1459
mae: 0.1065
24/101
train r2: 0.9977855234667711, valid r2: 0.9902967990379921, test r2: 0.9937301415449957
Training Results:
r2: 0.9978
rmse: 0.0911
mae: 0.0676
Validation Results:
r2: 0.9903
rmse: 0.1882
mae: 0.1153
Test Results:
r2: 0.9937
rmse: 0.1485
mae: 0.1068
25/101
train r2: 0.9981572980864011, valid r2: 0.9901767872900974, test r2: 0.993413997521851
Training Results:
r2: 0.9982
rmse: 0.0831
mae: 0.0610
Validation Results:
r2: 0.9902
rmse: 0.1893
mae: 0.1114
Test Results:
r2: 0.9934
rmse: 0.1522
mae: 0.1034
26/101
train r2: 0.9982767656661893, valid r2: 0.9914275800317744, test r2: 0.9945665454932807
Training Results:
r2: 0.9983
rmse: 0.0803
mae: 0.0574
Validation Results:
r2: 0.9914
rmse: 0.1769
mae: 0.1065
Test Results:
r2: 0.9946
rmse: 0.1383
mae: 0.0988
27/101
train r2: 0.9982895512515835, valid r2: 0.9904387482163121, test r2: 0.9941350237934762
Training Results:
r2: 0.9983
rmse: 0.0800
mae: 0.0587
Validation Results:
r2: 0.9904
rmse: 0.1868
mae: 0.1100
Test Results:
r2: 0.9941
rmse: 0.1436
mae: 0.0994
28/101
train r2: 0.9978323021886613, valid r2: 0.9908700872589257, test r2: 0.9939928496181979
Training Results:
r2: 0.9978
rmse: 0.0900
mae: 0.0696
Validation Results:
r2: 0.9909
rmse: 0.1825
mae: 0.1140
Test Results:
r2: 0.9940
rmse: 0.1454
mae: 0.1039
29/101
train r2: 0.9972944460151725, valid r2: 0.9901004157108023, test r2: 0.9929572945522891
Training Results:
r2: 0.9973
rmse: 0.1006
mae: 0.0736
Validation Results:
r2: 0.9901
rmse: 0.1901
mae: 0.1134
Test Results:
r2: 0.9930
rmse: 0.1574
mae: 0.1069
30/101
train r2: 0.9989096648128227, valid r2: 0.9915963704928145, test r2: 0.9950186587325176
Training Results:
r2: 0.9989
rmse: 0.0639
mae: 0.0475
Validation Results:
r2: 0.9916
rmse: 0.1751
mae: 0.0999
Test Results:
r2: 0.9950
rmse: 0.1324
mae: 0.0898
31/101
train r2: 0.997990529629092, valid r2: 0.9912367238356619, test r2: 0.9941726027324419
Training Results:
r2: 0.9980
rmse: 0.0867
mae: 0.0633
Validation Results:
r2: 0.9912
rmse: 0.1788
mae: 0.1077
Test Results:
r2: 0.9942
rmse: 0.1432
mae: 0.1007
32/101
train r2: 0.9979346986542095, valid r2: 0.9906308122670434, test r2: 0.9939645888678876
Training Results:
r2: 0.9979
rmse: 0.0879
mae: 0.0657
Validation Results:
r2: 0.9906
rmse: 0.1849
mae: 0.1121
Test Results:
r2: 0.9940
rmse: 0.1457
mae: 0.0994
33/101
train r2: 0.9982642115395136, valid r2: 0.99157560584315, test r2: 0.9943458836690425
Training Results:
r2: 0.9983
rmse: 0.0806
mae: 0.0613
Validation Results:
r2: 0.9916
rmse: 0.1753
mae: 0.1056
Test Results:
r2: 0.9943
rmse: 0.1410
mae: 0.0984
34/101
train r2: 0.9983357028030307, valid r2: 0.9903813870834385, test r2: 0.9942556644458044
Training Results:
r2: 0.9983
rmse: 0.0789
mae: 0.0640
Validation Results:
r2: 0.9904
rmse: 0.1874
mae: 0.1105
Test Results:
r2: 0.9943
rmse: 0.1422
mae: 0.1003
35/101
train r2: 0.998521857342314, valid r2: 0.991430883198522, test r2: 0.9950394986494646
Training Results:
r2: 0.9985
rmse: 0.0744
mae: 0.0559
Validation Results:
r2: 0.9914
rmse: 0.1768
mae: 0.1008
Test Results:
r2: 0.9950
rmse: 0.1321
mae: 0.0910
36/101
train r2: 0.9980595920337835, valid r2: 0.9905778785160011, test r2: 0.9940878659741652
Training Results:
r2: 0.9981
rmse: 0.0851
mae: 0.0684
Validation Results:
r2: 0.9906
rmse: 0.1854
mae: 0.1122
Test Results:
r2: 0.9941
rmse: 0.1442
mae: 0.1037
37/101
train r2: 0.9987288037025849, valid r2: 0.990957124098696, test r2: 0.9944500802808164
Training Results:
r2: 0.9987
rmse: 0.0690
mae: 0.0504
Validation Results:
r2: 0.9910
rmse: 0.1817
mae: 0.1017
Test Results:
r2: 0.9945
rmse: 0.1397
mae: 0.0912
38/101
train r2: 0.9991194504321684, valid r2: 0.9917167607182207, test r2: 0.9951352871893355
Training Results:
r2: 0.9991
rmse: 0.0574
mae: 0.0427
Validation Results:
r2: 0.9917
rmse: 0.1739
mae: 0.0959
Test Results:
r2: 0.9951
rmse: 0.1308
mae: 0.0887
39/101
train r2: 0.9989768710251106, valid r2: 0.9921172389384452, test r2: 0.9951898586761568
Training Results:
r2: 0.9990
rmse: 0.0619
mae: 0.0467
Validation Results:
r2: 0.9921
rmse: 0.1696
mae: 0.0985
Test Results:
r2: 0.9952
rmse: 0.1301
mae: 0.0901
40/101
train r2: 0.9983262548230676, valid r2: 0.9910159898831203, test r2: 0.9939604581153308
Training Results:
r2: 0.9983
rmse: 0.0792
mae: 0.0603
Validation Results:
r2: 0.9910
rmse: 0.1811
mae: 0.1064
Test Results:
r2: 0.9940
rmse: 0.1458
mae: 0.0989
41/101
train r2: 0.998622130176122, valid r2: 0.9914616142839612, test r2: 0.9950793427684632
Training Results:
r2: 0.9986
rmse: 0.0718
mae: 0.0562
Validation Results:
r2: 0.9915
rmse: 0.1765
mae: 0.1063
Test Results:
r2: 0.9951
rmse: 0.1316
mae: 0.0925
42/101
train r2: 0.998881328463872, valid r2: 0.9912674800078818, test r2: 0.9950028280149066
Training Results:
r2: 0.9989
rmse: 0.0647
mae: 0.0474
Validation Results:
r2: 0.9913
rmse: 0.1785
mae: 0.0983
Test Results:
r2: 0.9950
rmse: 0.1326
mae: 0.0865
43/101
train r2: 0.9987857107571765, valid r2: 0.9908449349710324, test r2: 0.9944114758438815
Training Results:
r2: 0.9988
rmse: 0.0674
mae: 0.0521
Validation Results:
r2: 0.9908
rmse: 0.1828
mae: 0.1054
Test Results:
r2: 0.9944
rmse: 0.1402
mae: 0.0942
44/101
train r2: 0.9990271616840966, valid r2: 0.9923095185346612, test r2: 0.9954192700130885
Training Results:
r2: 0.9990
rmse: 0.0603
mae: 0.0468
Validation Results:
r2: 0.9923
rmse: 0.1675
mae: 0.0969
Test Results:
r2: 0.9954
rmse: 0.1269
mae: 0.0874
45/101
train r2: 0.9988014979973501, valid r2: 0.9917009870440483, test r2: 0.9948551191819314
Training Results:
r2: 0.9988
rmse: 0.0670
mae: 0.0544
Validation Results:
r2: 0.9917
rmse: 0.1740
mae: 0.1007
Test Results:
r2: 0.9949
rmse: 0.1345
mae: 0.0953
46/101
train r2: 0.9989998558711048, valid r2: 0.991287400712735, test r2: 0.9949858714255395
Training Results:
r2: 0.9990
rmse: 0.0612
mae: 0.0477
Validation Results:
r2: 0.9913
rmse: 0.1783
mae: 0.0989
Test Results:
r2: 0.9950
rmse: 0.1328
mae: 0.0896
47/101
train r2: 0.9989529837052571, valid r2: 0.9912457796230573, test r2: 0.9950589367011008
Training Results:
r2: 0.9990
rmse: 0.0626
mae: 0.0459
Validation Results:
r2: 0.9912
rmse: 0.1787
mae: 0.0972
Test Results:
r2: 0.9951
rmse: 0.1318
mae: 0.0878
48/101
train r2: 0.9992215252810137, valid r2: 0.992563459326189, test r2: 0.9954937078826723
Training Results:
r2: 0.9992
rmse: 0.0540
mae: 0.0412
Validation Results:
r2: 0.9926
rmse: 0.1647
mae: 0.0897
Test Results:
r2: 0.9955
rmse: 0.1259
mae: 0.0845
49/101
train r2: 0.9991439693040038, valid r2: 0.9923955874440354, test r2: 0.9955258443906059
Training Results:
r2: 0.9991
rmse: 0.0566
mae: 0.0414
Validation Results:
r2: 0.9924
rmse: 0.1666
mae: 0.0891
Test Results:
r2: 0.9955
rmse: 0.1255
mae: 0.0847
50/101
train r2: 0.9994365534564312, valid r2: 0.9921245139589009, test r2: 0.9955617210108354
Training Results:
r2: 0.9994
rmse: 0.0459
mae: 0.0342
Validation Results:
r2: 0.9921
rmse: 0.1695
mae: 0.0888
Test Results:
r2: 0.9956
rmse: 0.1250
mae: 0.0841
51/101
train r2: 0.9995060974867342, valid r2: 0.9923041139332868, test r2: 0.9957723604750652
Training Results:
r2: 0.9995
rmse: 0.0430
mae: 0.0321
Validation Results:
r2: 0.9923
rmse: 0.1676
mae: 0.0874
Test Results:
r2: 0.9958
rmse: 0.1220
mae: 0.0797
52/101
train r2: 0.9995639393301419, valid r2: 0.9926464246215261, test r2: 0.9959175242168018
Training Results:
r2: 0.9996
rmse: 0.0404
mae: 0.0300
Validation Results:
r2: 0.9926
rmse: 0.1638
mae: 0.0874
Test Results:
r2: 0.9959
rmse: 0.1198
mae: 0.0788
53/101
train r2: 0.999471973360156, valid r2: 0.9921511858390357, test r2: 0.995620029734049
Training Results:
r2: 0.9995
rmse: 0.0444
mae: 0.0343
Validation Results:
r2: 0.9922
rmse: 0.1692
mae: 0.0893
Test Results:
r2: 0.9956
rmse: 0.1241
mae: 0.0808
54/101
train r2: 0.9995444215950325, valid r2: 0.9922605291932531, test r2: 0.9957752511378839
Training Results:
r2: 0.9995
rmse: 0.0413
mae: 0.0313
Validation Results:
r2: 0.9923
rmse: 0.1681
mae: 0.0888
Test Results:
r2: 0.9958
rmse: 0.1219
mae: 0.0791
55/101
train r2: 0.9993159394261039, valid r2: 0.9926387124242703, test r2: 0.9956595526714094
Training Results:
r2: 0.9993
rmse: 0.0506
mae: 0.0377
Validation Results:
r2: 0.9926
rmse: 0.1639
mae: 0.0888
Test Results:
r2: 0.9957
rmse: 0.1236
mae: 0.0833
56/101
train r2: 0.9991430353081358, valid r2: 0.991893789726928, test r2: 0.9952802643367381
Training Results:
r2: 0.9991
rmse: 0.0566
mae: 0.0438
Validation Results:
r2: 0.9919
rmse: 0.1720
mae: 0.0943
Test Results:
r2: 0.9953
rmse: 0.1289
mae: 0.0854
57/101
train r2: 0.9995400920268912, valid r2: 0.9924552355809215, test r2: 0.9958171541513582
Training Results:
r2: 0.9995
rmse: 0.0415
mae: 0.0296
Validation Results:
r2: 0.9925
rmse: 0.1659
mae: 0.0869
Test Results:
r2: 0.9958
rmse: 0.1213
mae: 0.0777
58/101
train r2: 0.9996476610055146, valid r2: 0.9927790536476329, test r2: 0.9959459561086829
Training Results:
r2: 0.9996
rmse: 0.0363
mae: 0.0272
Validation Results:
r2: 0.9928
rmse: 0.1623
mae: 0.0847
Test Results:
r2: 0.9959
rmse: 0.1194
mae: 0.0775
59/101
train r2: 0.9994316532196406, valid r2: 0.9923759667204262, test r2: 0.9958999495037693
Training Results:
r2: 0.9994
rmse: 0.0461
mae: 0.0363
Validation Results:
r2: 0.9924
rmse: 0.1668
mae: 0.0901
Test Results:
r2: 0.9959
rmse: 0.1201
mae: 0.0811
60/101
train r2: 0.9996774351884364, valid r2: 0.9926010585616578, test r2: 0.9959723965657515
Training Results:
r2: 0.9997
rmse: 0.0347
mae: 0.0262
Validation Results:
r2: 0.9926
rmse: 0.1643
mae: 0.0850
Test Results:
r2: 0.9960
rmse: 0.1190
mae: 0.0784
61/101
train r2: 0.9997108477997003, valid r2: 0.9927083657378855, test r2: 0.9959297803197519
Training Results:
r2: 0.9997
rmse: 0.0329
mae: 0.0246
Validation Results:
r2: 0.9927
rmse: 0.1631
mae: 0.0843
Test Results:
r2: 0.9959
rmse: 0.1197
mae: 0.0768
62/101
train r2: 0.9997035598093801, valid r2: 0.9926817516108728, test r2: 0.996001087973963
Training Results:
r2: 0.9997
rmse: 0.0333
mae: 0.0249
Validation Results:
r2: 0.9927
rmse: 0.1634
mae: 0.0834
Test Results:
r2: 0.9960
rmse: 0.1186
mae: 0.0764
63/101
train r2: 0.9997236798562554, valid r2: 0.9924820362527909, test r2: 0.9961195457930604
Training Results:
r2: 0.9997
rmse: 0.0322
mae: 0.0244
Validation Results:
r2: 0.9925
rmse: 0.1656
mae: 0.0834
Test Results:
r2: 0.9961
rmse: 0.1168
mae: 0.0755
64/101
train r2: 0.9997308195948584, valid r2: 0.9924201875838928, test r2: 0.9960734934196004
Training Results:
r2: 0.9997
rmse: 0.0317
mae: 0.0238
Validation Results:
r2: 0.9924
rmse: 0.1663
mae: 0.0858
Test Results:
r2: 0.9961
rmse: 0.1175
mae: 0.0771
65/101
train r2: 0.9997494607771911, valid r2: 0.9927893830462683, test r2: 0.9961126087492198
Training Results:
r2: 0.9997
rmse: 0.0306
mae: 0.0226
Validation Results:
r2: 0.9928
rmse: 0.1622
mae: 0.0830
Test Results:
r2: 0.9961
rmse: 0.1169
mae: 0.0753
66/101
train r2: 0.999775851955567, valid r2: 0.9928222294001418, test r2: 0.9961330210707569
Training Results:
r2: 0.9998
rmse: 0.0290
mae: 0.0212
Validation Results:
r2: 0.9928
rmse: 0.1618
mae: 0.0826
Test Results:
r2: 0.9961
rmse: 0.1166
mae: 0.0761
67/101
train r2: 0.9998019757348628, valid r2: 0.9926993132859078, test r2: 0.9960869870344194
Training Results:
r2: 0.9998
rmse: 0.0272
mae: 0.0205
Validation Results:
r2: 0.9927
rmse: 0.1632
mae: 0.0819
Test Results:
r2: 0.9961
rmse: 0.1173
mae: 0.0754
68/101
train r2: 0.9997725516061508, valid r2: 0.9927016943890908, test r2: 0.9962514174017731
Training Results:
r2: 0.9998
rmse: 0.0292
mae: 0.0219
Validation Results:
r2: 0.9927
rmse: 0.1632
mae: 0.0844
Test Results:
r2: 0.9963
rmse: 0.1148
mae: 0.0757
69/101
train r2: 0.9996670759608315, valid r2: 0.9930111580993045, test r2: 0.9960816503860044
Training Results:
r2: 0.9997
rmse: 0.0353
mae: 0.0281
Validation Results:
r2: 0.9930
rmse: 0.1597
mae: 0.0839
Test Results:
r2: 0.9961
rmse: 0.1174
mae: 0.0786
70/101
train r2: 0.9998221063636644, valid r2: 0.9927490192624306, test r2: 0.9961308683106997
Training Results:
r2: 0.9998
rmse: 0.0258
mae: 0.0191
Validation Results:
r2: 0.9927
rmse: 0.1627
mae: 0.0822
Test Results:
r2: 0.9961
rmse: 0.1167
mae: 0.0756
71/101
train r2: 0.9998383452566556, valid r2: 0.9926772163230112, test r2: 0.9960548382854741
Training Results:
r2: 0.9998
rmse: 0.0246
mae: 0.0192
Validation Results:
r2: 0.9927
rmse: 0.1635
mae: 0.0823
Test Results:
r2: 0.9961
rmse: 0.1178
mae: 0.0757
72/101
train r2: 0.9998336220639479, valid r2: 0.9927415152118023, test r2: 0.9961857024646003
Training Results:
r2: 0.9998
rmse: 0.0250
mae: 0.0188
Validation Results:
r2: 0.9927
rmse: 0.1628
mae: 0.0824
Test Results:
r2: 0.9962
rmse: 0.1158
mae: 0.0746
73/101
train r2: 0.9998664800717328, valid r2: 0.9929360344944338, test r2: 0.9961995969521782
Training Results:
r2: 0.9999
rmse: 0.0223
mae: 0.0170
Validation Results:
r2: 0.9929
rmse: 0.1606
mae: 0.0817
Test Results:
r2: 0.9962
rmse: 0.1156
mae: 0.0744
74/101
train r2: 0.9998203019565651, valid r2: 0.9926929511212881, test r2: 0.9961215731859075
Training Results:
r2: 0.9998
rmse: 0.0259
mae: 0.0196
Validation Results:
r2: 0.9927
rmse: 0.1633
mae: 0.0823
Test Results:
r2: 0.9961
rmse: 0.1168
mae: 0.0754
75/101
train r2: 0.9997489095512581, valid r2: 0.9926535071675021, test r2: 0.9960659917051488
Training Results:
r2: 0.9997
rmse: 0.0307
mae: 0.0234
Validation Results:
r2: 0.9927
rmse: 0.1637
mae: 0.0839
Test Results:
r2: 0.9961
rmse: 0.1176
mae: 0.0760
76/101
train r2: 0.9998403940539814, valid r2: 0.9926421199071201, test r2: 0.996234186053773
Training Results:
r2: 0.9998
rmse: 0.0244
mae: 0.0189
Validation Results:
r2: 0.9926
rmse: 0.1639
mae: 0.0816
Test Results:
r2: 0.9962
rmse: 0.1151
mae: 0.0745
77/101
train r2: 0.9998831046782682, valid r2: 0.9925547047014202, test r2: 0.996096271391886
Training Results:
r2: 0.9999
rmse: 0.0209
mae: 0.0156
Validation Results:
r2: 0.9926
rmse: 0.1648
mae: 0.0825
Test Results:
r2: 0.9961
rmse: 0.1172
mae: 0.0748
78/101
train r2: 0.9999242644811251, valid r2: 0.9929036356785284, test r2: 0.9962217364810225
Training Results:
r2: 0.9999
rmse: 0.0168
mae: 0.0122
Validation Results:
r2: 0.9929
rmse: 0.1609
mae: 0.0803
Test Results:
r2: 0.9962
rmse: 0.1153
mae: 0.0729
79/101
train r2: 0.9999421876248515, valid r2: 0.9928832942451213, test r2: 0.9961983127029221
Training Results:
r2: 0.9999
rmse: 0.0147
mae: 0.0106
Validation Results:
r2: 0.9929
rmse: 0.1612
mae: 0.0804
Test Results:
r2: 0.9962
rmse: 0.1156
mae: 0.0732
80/101
train r2: 0.9999430549378252, valid r2: 0.9928946296192517, test r2: 0.9962785966809582
Training Results:
r2: 0.9999
rmse: 0.0146
mae: 0.0111
Validation Results:
r2: 0.9929
rmse: 0.1610
mae: 0.0806
Test Results:
r2: 0.9963
rmse: 0.1144
mae: 0.0733
81/101
train r2: 0.9999568592663378, valid r2: 0.9929623566875728, test r2: 0.996239073276863
Training Results:
r2: 1.0000
rmse: 0.0127
mae: 0.0097
Validation Results:
r2: 0.9930
rmse: 0.1603
mae: 0.0796
Test Results:
r2: 0.9962
rmse: 0.1150
mae: 0.0736
82/101
train r2: 0.9999327717231283, valid r2: 0.9929091512678105, test r2: 0.9962258076323063
Training Results:
r2: 0.9999
rmse: 0.0159
mae: 0.0127
Validation Results:
r2: 0.9929
rmse: 0.1609
mae: 0.0803
Test Results:
r2: 0.9962
rmse: 0.1152
mae: 0.0742
83/101
train r2: 0.9999507984296883, valid r2: 0.9928973704487378, test r2: 0.996273464891925
Training Results:
r2: 1.0000
rmse: 0.0136
mae: 0.0103
Validation Results:
r2: 0.9929
rmse: 0.1610
mae: 0.0801
Test Results:
r2: 0.9963
rmse: 0.1145
mae: 0.0732
84/101
train r2: 0.9999531983879585, valid r2: 0.9929333571883685, test r2: 0.9963213728258645
Training Results:
r2: 1.0000
rmse: 0.0132
mae: 0.0101
Validation Results:
r2: 0.9929
rmse: 0.1606
mae: 0.0803
Test Results:
r2: 0.9963
rmse: 0.1138
mae: 0.0728
85/101
train r2: 0.9999684426446811, valid r2: 0.9929313690517252, test r2: 0.996336736619526
Training Results:
r2: 1.0000
rmse: 0.0109
mae: 0.0082
Validation Results:
r2: 0.9929
rmse: 0.1606
mae: 0.0794
Test Results:
r2: 0.9963
rmse: 0.1135
mae: 0.0724
86/101
train r2: 0.999934474796377, valid r2: 0.9929316185134957, test r2: 0.99618728081633
Training Results:
r2: 0.9999
rmse: 0.0157
mae: 0.0127
Validation Results:
r2: 0.9929
rmse: 0.1606
mae: 0.0809
Test Results:
r2: 0.9962
rmse: 0.1158
mae: 0.0740
87/101
train r2: 0.9999582295194612, valid r2: 0.9929893403229018, test r2: 0.9962712402793468
Training Results:
r2: 1.0000
rmse: 0.0125
mae: 0.0096
Validation Results:
r2: 0.9930
rmse: 0.1600
mae: 0.0796
Test Results:
r2: 0.9963
rmse: 0.1145
mae: 0.0730
88/101
train r2: 0.9999752664502618, valid r2: 0.9929664305358684, test r2: 0.9963344507624967
Training Results:
r2: 1.0000
rmse: 0.0096
mae: 0.0072
Validation Results:
r2: 0.9930
rmse: 0.1602
mae: 0.0793
Test Results:
r2: 0.9963
rmse: 0.1136
mae: 0.0727
89/101
train r2: 0.9999737514456792, valid r2: 0.9929240379601566, test r2: 0.9962574042937098
Training Results:
r2: 1.0000
rmse: 0.0099
mae: 0.0076
Validation Results:
r2: 0.9929
rmse: 0.1607
mae: 0.0800
Test Results:
r2: 0.9963
rmse: 0.1147
mae: 0.0727
break!
train: 0.9997, val: 0.9930, test: 0.9961
end_test_result: (0.9955383253083568, 0.125283882021904, 0.08285485953092575)
args.seed: 2044
use label scaler
use label scaler
use label scaler
model have 90.143705M paramerters in total
train_dataset.mean: tensor([-2.4388]) train_dataset.std: tensor([1.9342])
1/101
train r2: 0.8376748671059473, valid r2: 0.8170482107097732, test r2: 0.8375989770359201
Training Results:
r2: 0.8377
rmse: 0.7791
mae: 0.5835
Validation Results:
r2: 0.8170
rmse: 0.8171
mae: 0.6245
Test Results:
r2: 0.8376
rmse: 0.7559
mae: 0.5726
2/101
train r2: 0.9487877245603491, valid r2: 0.9320488695477771, test r2: 0.9365365917481281
Training Results:
r2: 0.9488
rmse: 0.4378
mae: 0.3327
Validation Results:
r2: 0.9320
rmse: 0.4980
mae: 0.3787
Test Results:
r2: 0.9365
rmse: 0.4725
mae: 0.3544
3/101
train r2: 0.9816870241155347, valid r2: 0.9652119331404836, test r2: 0.969470601852633
Training Results:
r2: 0.9817
rmse: 0.2618
mae: 0.1957
Validation Results:
r2: 0.9652
rmse: 0.3563
mae: 0.2576
Test Results:
r2: 0.9695
rmse: 0.3277
mae: 0.2424
4/101
train r2: 0.9880362336544318, valid r2: 0.9707207737935544, test r2: 0.9757053770377967
Training Results:
r2: 0.9880
rmse: 0.2116
mae: 0.1622
Validation Results:
r2: 0.9707
rmse: 0.3269
mae: 0.2369
Test Results:
r2: 0.9757
rmse: 0.2923
mae: 0.2156
5/101
train r2: 0.9907893096879812, valid r2: 0.9753807884970935, test r2: 0.9803293363658674
Training Results:
r2: 0.9908
rmse: 0.1857
mae: 0.1426
Validation Results:
r2: 0.9754
rmse: 0.2997
mae: 0.2152
Test Results:
r2: 0.9803
rmse: 0.2631
mae: 0.1920
6/101
train r2: 0.9941767195230273, valid r2: 0.9789129185546385, test r2: 0.9839095896023224
Training Results:
r2: 0.9942
rmse: 0.1476
mae: 0.1158
Validation Results:
r2: 0.9789
rmse: 0.2774
mae: 0.2010
Test Results:
r2: 0.9839
rmse: 0.2379
mae: 0.1725
7/101
train r2: 0.9900063950854473, valid r2: 0.9772371494149158, test r2: 0.9791413327870845
Training Results:
r2: 0.9900
rmse: 0.1933
mae: 0.1610
Validation Results:
r2: 0.9772
rmse: 0.2882
mae: 0.2205
Test Results:
r2: 0.9791
rmse: 0.2709
mae: 0.2154
8/101
train r2: 0.9945155634839246, valid r2: 0.9812115292989158, test r2: 0.9855440164372683
Training Results:
r2: 0.9945
rmse: 0.1433
mae: 0.1092
Validation Results:
r2: 0.9812
rmse: 0.2619
mae: 0.1855
Test Results:
r2: 0.9855
rmse: 0.2255
mae: 0.1629
9/101
train r2: 0.9951618381692021, valid r2: 0.9839317129315684, test r2: 0.9867573761122832
Training Results:
r2: 0.9952
rmse: 0.1345
mae: 0.1011
Validation Results:
r2: 0.9839
rmse: 0.2422
mae: 0.1724
Test Results:
r2: 0.9868
rmse: 0.2158
mae: 0.1582
10/101
train r2: 0.9928529128379934, valid r2: 0.9804718842662911, test r2: 0.9852276714905347
Training Results:
r2: 0.9929
rmse: 0.1634
mae: 0.1248
Validation Results:
r2: 0.9805
rmse: 0.2670
mae: 0.1932
Test Results:
r2: 0.9852
rmse: 0.2280
mae: 0.1694
11/101
train r2: 0.9924042827723288, valid r2: 0.9834720292506773, test r2: 0.985929871689617
Training Results:
r2: 0.9924
rmse: 0.1686
mae: 0.1238
Validation Results:
r2: 0.9835
rmse: 0.2456
mae: 0.1773
Test Results:
r2: 0.9859
rmse: 0.2225
mae: 0.1648
12/101
train r2: 0.9950628809928724, valid r2: 0.9859661308991076, test r2: 0.9886850099276626
Training Results:
r2: 0.9951
rmse: 0.1359
mae: 0.1069
Validation Results:
r2: 0.9860
rmse: 0.2263
mae: 0.1598
Test Results:
r2: 0.9887
rmse: 0.1995
mae: 0.1491
13/101
train r2: 0.9964430987052879, valid r2: 0.9874039317410076, test r2: 0.9907231244959441
Training Results:
r2: 0.9964
rmse: 0.1154
mae: 0.0856
Validation Results:
r2: 0.9874
rmse: 0.2144
mae: 0.1424
Test Results:
r2: 0.9907
rmse: 0.1807
mae: 0.1286
14/101
train r2: 0.9954255507552013, valid r2: 0.986140210741808, test r2: 0.9901218807375387
Training Results:
r2: 0.9954
rmse: 0.1308
mae: 0.1002
Validation Results:
r2: 0.9861
rmse: 0.2249
mae: 0.1529
Test Results:
r2: 0.9901
rmse: 0.1864
mae: 0.1389
15/101
train r2: 0.9959907538497386, valid r2: 0.987726711370183, test r2: 0.9906549518050453
Training Results:
r2: 0.9960
rmse: 0.1225
mae: 0.0919
Validation Results:
r2: 0.9877
rmse: 0.2116
mae: 0.1456
Test Results:
r2: 0.9907
rmse: 0.1813
mae: 0.1342
16/101
train r2: 0.9959350817850054, valid r2: 0.987356023366617, test r2: 0.9912868839321403
Training Results:
r2: 0.9959
rmse: 0.1233
mae: 0.0902
Validation Results:
r2: 0.9874
rmse: 0.2148
mae: 0.1437
Test Results:
r2: 0.9913
rmse: 0.1751
mae: 0.1269
17/101
train r2: 0.9978985123705565, valid r2: 0.9891779060637488, test r2: 0.9929055689737833
Training Results:
r2: 0.9979
rmse: 0.0887
mae: 0.0665
Validation Results:
r2: 0.9892
rmse: 0.1987
mae: 0.1307
Test Results:
r2: 0.9929
rmse: 0.1580
mae: 0.1133
18/101
train r2: 0.9970930489418854, valid r2: 0.9885069616129639, test r2: 0.9924644209812991
Training Results:
r2: 0.9971
rmse: 0.1043
mae: 0.0762
Validation Results:
r2: 0.9885
rmse: 0.2048
mae: 0.1314
Test Results:
r2: 0.9925
rmse: 0.1628
mae: 0.1171
19/101
train r2: 0.9971550414922319, valid r2: 0.9889144591379319, test r2: 0.9920945038107738
Training Results:
r2: 0.9972
rmse: 0.1032
mae: 0.0768
Validation Results:
r2: 0.9889
rmse: 0.2011
mae: 0.1316
Test Results:
r2: 0.9921
rmse: 0.1668
mae: 0.1160
20/101
train r2: 0.9955792978733465, valid r2: 0.9876114599519714, test r2: 0.9907660422918688
Training Results:
r2: 0.9956
rmse: 0.1285
mae: 0.0969
Validation Results:
r2: 0.9876
rmse: 0.2126
mae: 0.1422
Test Results:
r2: 0.9908
rmse: 0.1802
mae: 0.1327
21/101
train r2: 0.9962523465224125, valid r2: 0.9882589099856736, test r2: 0.9918074867847776
Training Results:
r2: 0.9963
rmse: 0.1184
mae: 0.0928
Validation Results:
r2: 0.9883
rmse: 0.2070
mae: 0.1375
Test Results:
r2: 0.9918
rmse: 0.1698
mae: 0.1275
22/101
train r2: 0.9980365563073564, valid r2: 0.9900629300893795, test r2: 0.9935119667387549
Training Results:
r2: 0.9980
rmse: 0.0856
mae: 0.0648
Validation Results:
r2: 0.9901
rmse: 0.1904
mae: 0.1197
Test Results:
r2: 0.9935
rmse: 0.1511
mae: 0.1054
23/101
train r2: 0.9969975220164338, valid r2: 0.9889240961621031, test r2: 0.9925157938648292
Training Results:
r2: 0.9970
rmse: 0.1060
mae: 0.0825
Validation Results:
r2: 0.9889
rmse: 0.2010
mae: 0.1316
Test Results:
r2: 0.9925
rmse: 0.1623
mae: 0.1179
24/101
train r2: 0.998638882098099, valid r2: 0.9912190980934208, test r2: 0.9939020064534083
Training Results:
r2: 0.9986
rmse: 0.0713
mae: 0.0517
Validation Results:
r2: 0.9912
rmse: 0.1790
mae: 0.1106
Test Results:
r2: 0.9939
rmse: 0.1465
mae: 0.0986
25/101
train r2: 0.9949515303572756, valid r2: 0.9862513693813936, test r2: 0.9897908007126528
Training Results:
r2: 0.9950
rmse: 0.1375
mae: 0.1158
Validation Results:
r2: 0.9863
rmse: 0.2240
mae: 0.1555
Test Results:
r2: 0.9898
rmse: 0.1895
mae: 0.1414
26/101
train r2: 0.9985447543828557, valid r2: 0.9905863499689535, test r2: 0.994203774127212
Training Results:
r2: 0.9985
rmse: 0.0738
mae: 0.0543
Validation Results:
r2: 0.9906
rmse: 0.1853
mae: 0.1078
Test Results:
r2: 0.9942
rmse: 0.1428
mae: 0.0985
27/101
train r2: 0.9979981859625875, valid r2: 0.9895737319655337, test r2: 0.9933444840892833
Training Results:
r2: 0.9980
rmse: 0.0866
mae: 0.0642
Validation Results:
r2: 0.9896
rmse: 0.1951
mae: 0.1216
Test Results:
r2: 0.9933
rmse: 0.1530
mae: 0.1089
28/101
train r2: 0.99722513716686, valid r2: 0.9885316797084922, test r2: 0.9923245044546465
Training Results:
r2: 0.9972
rmse: 0.1018
mae: 0.0772
Validation Results:
r2: 0.9885
rmse: 0.2046
mae: 0.1269
Test Results:
r2: 0.9923
rmse: 0.1643
mae: 0.1175
29/101
train r2: 0.9983271500826555, valid r2: 0.990778631954809, test r2: 0.9940155710444057
Training Results:
r2: 0.9983
rmse: 0.0791
mae: 0.0585
Validation Results:
r2: 0.9908
rmse: 0.1834
mae: 0.1124
Test Results:
r2: 0.9940
rmse: 0.1451
mae: 0.0994
30/101
train r2: 0.9981035383790808, valid r2: 0.991017590501699, test r2: 0.9940740266841201
Training Results:
r2: 0.9981
rmse: 0.0843
mae: 0.0613
Validation Results:
r2: 0.9910
rmse: 0.1811
mae: 0.1081
Test Results:
r2: 0.9941
rmse: 0.1444
mae: 0.1016
31/101
train r2: 0.9978146323269492, valid r2: 0.9900622965366208, test r2: 0.9930870944556205
Training Results:
r2: 0.9978
rmse: 0.0905
mae: 0.0684
Validation Results:
r2: 0.9901
rmse: 0.1904
mae: 0.1175
Test Results:
r2: 0.9931
rmse: 0.1559
mae: 0.1044
32/101
train r2: 0.9988169228713932, valid r2: 0.9903929866937726, test r2: 0.994458430186926
Training Results:
r2: 0.9988
rmse: 0.0665
mae: 0.0483
Validation Results:
r2: 0.9904
rmse: 0.1872
mae: 0.1049
Test Results:
r2: 0.9945
rmse: 0.1396
mae: 0.0930
33/101
train r2: 0.9986862395043071, valid r2: 0.9910488716375647, test r2: 0.9940872631960415
Training Results:
r2: 0.9987
rmse: 0.0701
mae: 0.0518
Validation Results:
r2: 0.9910
rmse: 0.1807
mae: 0.1069
Test Results:
r2: 0.9941
rmse: 0.1442
mae: 0.0980
34/101
train r2: 0.9984642174263378, valid r2: 0.9909369534767152, test r2: 0.9944087882568693
Training Results:
r2: 0.9985
rmse: 0.0757
mae: 0.0598
Validation Results:
r2: 0.9909
rmse: 0.1819
mae: 0.1093
Test Results:
r2: 0.9944
rmse: 0.1402
mae: 0.0985
35/101
train r2: 0.9988238682641707, valid r2: 0.991364568195021, test r2: 0.9945184370580649
Training Results:
r2: 0.9988
rmse: 0.0663
mae: 0.0496
Validation Results:
r2: 0.9914
rmse: 0.1775
mae: 0.1024
Test Results:
r2: 0.9945
rmse: 0.1389
mae: 0.0933
36/101
train r2: 0.9982667822946453, valid r2: 0.9908504741797505, test r2: 0.9943707970694969
Training Results:
r2: 0.9983
rmse: 0.0805
mae: 0.0619
Validation Results:
r2: 0.9909
rmse: 0.1827
mae: 0.1080
Test Results:
r2: 0.9944
rmse: 0.1407
mae: 0.0993
37/101
train r2: 0.998883414643417, valid r2: 0.9916921432804504, test r2: 0.9949541672508836
Training Results:
r2: 0.9989
rmse: 0.0646
mae: 0.0477
Validation Results:
r2: 0.9917
rmse: 0.1741
mae: 0.1034
Test Results:
r2: 0.9950
rmse: 0.1332
mae: 0.0903
38/101
train r2: 0.998881550155053, valid r2: 0.9912468786028049, test r2: 0.9949550003299914
Training Results:
r2: 0.9989
rmse: 0.0647
mae: 0.0490
Validation Results:
r2: 0.9912
rmse: 0.1787
mae: 0.1059
Test Results:
r2: 0.9950
rmse: 0.1332
mae: 0.0916
39/101
train r2: 0.999074084626011, valid r2: 0.9911485936922293, test r2: 0.9947076200758266
Training Results:
r2: 0.9991
rmse: 0.0589
mae: 0.0430
Validation Results:
r2: 0.9911
rmse: 0.1797
mae: 0.1013
Test Results:
r2: 0.9947
rmse: 0.1364
mae: 0.0900
40/101
train r2: 0.9993302620275105, valid r2: 0.9917983011209992, test r2: 0.9952542873969127
Training Results:
r2: 0.9993
rmse: 0.0501
mae: 0.0367
Validation Results:
r2: 0.9918
rmse: 0.1730
mae: 0.0974
Test Results:
r2: 0.9953
rmse: 0.1292
mae: 0.0849
41/101
train r2: 0.9987823931101897, valid r2: 0.9908529839529214, test r2: 0.9944926224865627
Training Results:
r2: 0.9988
rmse: 0.0675
mae: 0.0518
Validation Results:
r2: 0.9909
rmse: 0.1827
mae: 0.1041
Test Results:
r2: 0.9945
rmse: 0.1392
mae: 0.0940
42/101
train r2: 0.9985080863035866, valid r2: 0.9899335497325182, test r2: 0.9939726296836298
Training Results:
r2: 0.9985
rmse: 0.0747
mae: 0.0524
Validation Results:
r2: 0.9899
rmse: 0.1917
mae: 0.1077
Test Results:
r2: 0.9940
rmse: 0.1456
mae: 0.0953
43/101
train r2: 0.9991275567328677, valid r2: 0.9919695659366154, test r2: 0.9954829145031943
Training Results:
r2: 0.9991
rmse: 0.0571
mae: 0.0404
Validation Results:
r2: 0.9920
rmse: 0.1712
mae: 0.0946
Test Results:
r2: 0.9955
rmse: 0.1261
mae: 0.0844
44/101
train r2: 0.999021721962751, valid r2: 0.991223159794985, test r2: 0.9948275673061999
Training Results:
r2: 0.9990
rmse: 0.0605
mae: 0.0463
Validation Results:
r2: 0.9912
rmse: 0.1790
mae: 0.1028
Test Results:
r2: 0.9948
rmse: 0.1349
mae: 0.0905
45/101
train r2: 0.9989766168674783, valid r2: 0.9918697012749845, test r2: 0.9951376833611777
Training Results:
r2: 0.9990
rmse: 0.0619
mae: 0.0492
Validation Results:
r2: 0.9919
rmse: 0.1723
mae: 0.1008
Test Results:
r2: 0.9951
rmse: 0.1308
mae: 0.0895
46/101
train r2: 0.9993594109703157, valid r2: 0.9913876504294711, test r2: 0.9953869548347731
Training Results:
r2: 0.9994
rmse: 0.0490
mae: 0.0373
Validation Results:
r2: 0.9914
rmse: 0.1773
mae: 0.0966
Test Results:
r2: 0.9954
rmse: 0.1274
mae: 0.0831
47/101
train r2: 0.999093046506196, valid r2: 0.9920823991337776, test r2: 0.9952482765371968
Training Results:
r2: 0.9991
rmse: 0.0583
mae: 0.0467
Validation Results:
r2: 0.9921
rmse: 0.1700
mae: 0.0987
Test Results:
r2: 0.9952
rmse: 0.1293
mae: 0.0895
48/101
train r2: 0.9992626974435977, valid r2: 0.9920261741609092, test r2: 0.9957010607520713
Training Results:
r2: 0.9993
rmse: 0.0525
mae: 0.0402
Validation Results:
r2: 0.9920
rmse: 0.1706
mae: 0.0961
Test Results:
r2: 0.9957
rmse: 0.1230
mae: 0.0823
49/101
train r2: 0.9991944746302596, valid r2: 0.9919246064074175, test r2: 0.9952332721443545
Training Results:
r2: 0.9992
rmse: 0.0549
mae: 0.0417
Validation Results:
r2: 0.9919
rmse: 0.1717
mae: 0.0970
Test Results:
r2: 0.9952
rmse: 0.1295
mae: 0.0877
50/101
train r2: 0.9988542359622732, valid r2: 0.9915696725937386, test r2: 0.9949318599561524
Training Results:
r2: 0.9989
rmse: 0.0655
mae: 0.0522
Validation Results:
r2: 0.9916
rmse: 0.1754
mae: 0.0993
Test Results:
r2: 0.9949
rmse: 0.1335
mae: 0.0907
51/101
train r2: 0.9991290259658366, valid r2: 0.9912902507638662, test r2: 0.9948303526346882
Training Results:
r2: 0.9991
rmse: 0.0571
mae: 0.0435
Validation Results:
r2: 0.9913
rmse: 0.1783
mae: 0.0957
Test Results:
r2: 0.9948
rmse: 0.1349
mae: 0.0862
52/101
train r2: 0.9995282757036722, valid r2: 0.9923038387925687, test r2: 0.9957130391013712
Training Results:
r2: 0.9995
rmse: 0.0420
mae: 0.0314
Validation Results:
r2: 0.9923
rmse: 0.1676
mae: 0.0893
Test Results:
r2: 0.9957
rmse: 0.1228
mae: 0.0808
53/101
train r2: 0.9989397803497178, valid r2: 0.9911062558917847, test r2: 0.9951075062811562
Training Results:
r2: 0.9989
rmse: 0.0630
mae: 0.0515
Validation Results:
r2: 0.9911
rmse: 0.1802
mae: 0.1020
Test Results:
r2: 0.9951
rmse: 0.1312
mae: 0.0900
54/101
train r2: 0.9994788919052656, valid r2: 0.9921200547566709, test r2: 0.995406747903764
Training Results:
r2: 0.9995
rmse: 0.0442
mae: 0.0341
Validation Results:
r2: 0.9921
rmse: 0.1696
mae: 0.0930
Test Results:
r2: 0.9954
rmse: 0.1271
mae: 0.0833
55/101
train r2: 0.999578976597738, valid r2: 0.9923889249934428, test r2: 0.9956620304559638
Training Results:
r2: 0.9996
rmse: 0.0397
mae: 0.0302
Validation Results:
r2: 0.9924
rmse: 0.1667
mae: 0.0894
Test Results:
r2: 0.9957
rmse: 0.1235
mae: 0.0806
56/101
train r2: 0.9995359841674498, valid r2: 0.9921836296648077, test r2: 0.9957673455928937
Training Results:
r2: 0.9995
rmse: 0.0416
mae: 0.0314
Validation Results:
r2: 0.9922
rmse: 0.1689
mae: 0.0931
Test Results:
r2: 0.9958
rmse: 0.1220
mae: 0.0807
57/101
train r2: 0.9993728411509615, valid r2: 0.9914764808299381, test r2: 0.9953815240690327
Training Results:
r2: 0.9994
rmse: 0.0485
mae: 0.0396
Validation Results:
r2: 0.9915
rmse: 0.1764
mae: 0.0943
Test Results:
r2: 0.9954
rmse: 0.1275
mae: 0.0846
58/101
train r2: 0.999677009675777, valid r2: 0.9922346901571517, test r2: 0.995830060421349
Training Results:
r2: 0.9997
rmse: 0.0348
mae: 0.0262
Validation Results:
r2: 0.9922
rmse: 0.1683
mae: 0.0908
Test Results:
r2: 0.9958
rmse: 0.1211
mae: 0.0786
59/101
train r2: 0.9993123003880483, valid r2: 0.9916954004772102, test r2: 0.9953858421547963
Training Results:
r2: 0.9993
rmse: 0.0507
mae: 0.0394
Validation Results:
r2: 0.9917
rmse: 0.1741
mae: 0.0957
Test Results:
r2: 0.9954
rmse: 0.1274
mae: 0.0859
60/101
train r2: 0.9997293403641399, valid r2: 0.9924346937354653, test r2: 0.9958052710448579
Training Results:
r2: 0.9997
rmse: 0.0318
mae: 0.0244
Validation Results:
r2: 0.9924
rmse: 0.1662
mae: 0.0872
Test Results:
r2: 0.9958
rmse: 0.1215
mae: 0.0777
61/101
train r2: 0.9997113897938908, valid r2: 0.9924560947801819, test r2: 0.9959896587822876
Training Results:
r2: 0.9997
rmse: 0.0329
mae: 0.0244
Validation Results:
r2: 0.9925
rmse: 0.1659
mae: 0.0879
Test Results:
r2: 0.9960
rmse: 0.1188
mae: 0.0773
62/101
train r2: 0.9996563023085934, valid r2: 0.9926324545813192, test r2: 0.9960067494635644
Training Results:
r2: 0.9997
rmse: 0.0359
mae: 0.0266
Validation Results:
r2: 0.9926
rmse: 0.1640
mae: 0.0891
Test Results:
r2: 0.9960
rmse: 0.1185
mae: 0.0775
63/101
train r2: 0.9997205281534348, valid r2: 0.9922532905899383, test r2: 0.9960063139790221
Training Results:
r2: 0.9997
rmse: 0.0323
mae: 0.0241
Validation Results:
r2: 0.9923
rmse: 0.1681
mae: 0.0887
Test Results:
r2: 0.9960
rmse: 0.1185
mae: 0.0766
64/101
train r2: 0.999730755946938, valid r2: 0.9922576905790493, test r2: 0.995736437497495
Training Results:
r2: 0.9997
rmse: 0.0317
mae: 0.0232
Validation Results:
r2: 0.9923
rmse: 0.1681
mae: 0.0881
Test Results:
r2: 0.9957
rmse: 0.1225
mae: 0.0782
65/101
train r2: 0.9996746443197226, valid r2: 0.9922856256184593, test r2: 0.9957848302457534
Training Results:
r2: 0.9997
rmse: 0.0349
mae: 0.0254
Validation Results:
r2: 0.9923
rmse: 0.1678
mae: 0.0887
Test Results:
r2: 0.9958
rmse: 0.1218
mae: 0.0780
66/101
train r2: 0.9997757600762697, valid r2: 0.992425919387501, test r2: 0.9959533241447818
Training Results:
r2: 0.9998
rmse: 0.0290
mae: 0.0214
Validation Results:
r2: 0.9924
rmse: 0.1663
mae: 0.0861
Test Results:
r2: 0.9960
rmse: 0.1193
mae: 0.0779
67/101
train r2: 0.9997739282147826, valid r2: 0.9926623661263682, test r2: 0.9960937477755545
Training Results:
r2: 0.9998
rmse: 0.0291
mae: 0.0221
Validation Results:
r2: 0.9927
rmse: 0.1636
mae: 0.0849
Test Results:
r2: 0.9961
rmse: 0.1172
mae: 0.0758
68/101
train r2: 0.9997504434287098, valid r2: 0.9922687926731861, test r2: 0.9958515512739201
Training Results:
r2: 0.9998
rmse: 0.0306
mae: 0.0234
Validation Results:
r2: 0.9923
rmse: 0.1680
mae: 0.0875
Test Results:
r2: 0.9959
rmse: 0.1208
mae: 0.0777
69/101
train r2: 0.9998180209689165, valid r2: 0.9925653035613822, test r2: 0.9961148665560333
Training Results:
r2: 0.9998
rmse: 0.0261
mae: 0.0197
Validation Results:
r2: 0.9926
rmse: 0.1647
mae: 0.0858
Test Results:
r2: 0.9961
rmse: 0.1169
mae: 0.0758
70/101
train r2: 0.9998702409480892, valid r2: 0.992332413850041, test r2: 0.9959850202788597
Training Results:
r2: 0.9999
rmse: 0.0220
mae: 0.0164
Validation Results:
r2: 0.9923
rmse: 0.1673
mae: 0.0868
Test Results:
r2: 0.9960
rmse: 0.1188
mae: 0.0764
71/101
train r2: 0.9998156787356203, valid r2: 0.9923544878592012, test r2: 0.9958627544923837
Training Results:
r2: 0.9998
rmse: 0.0263
mae: 0.0208
Validation Results:
r2: 0.9924
rmse: 0.1670
mae: 0.0878
Test Results:
r2: 0.9959
rmse: 0.1206
mae: 0.0777
72/101
train r2: 0.9997719260207428, valid r2: 0.9921787363091935, test r2: 0.995845551881036
Training Results:
r2: 0.9998
rmse: 0.0292
mae: 0.0232
Validation Results:
r2: 0.9922
rmse: 0.1689
mae: 0.0882
Test Results:
r2: 0.9958
rmse: 0.1209
mae: 0.0778
73/101
train r2: 0.999796007891773, valid r2: 0.9924459388283746, test r2: 0.9961354145598683
Training Results:
r2: 0.9998
rmse: 0.0276
mae: 0.0207
Validation Results:
r2: 0.9924
rmse: 0.1660
mae: 0.0861
Test Results:
r2: 0.9961
rmse: 0.1166
mae: 0.0755
74/101
train r2: 0.9999008499214593, valid r2: 0.9924694602697869, test r2: 0.9960226014228699
Training Results:
r2: 0.9999
rmse: 0.0192
mae: 0.0147
Validation Results:
r2: 0.9925
rmse: 0.1658
mae: 0.0843
Test Results:
r2: 0.9960
rmse: 0.1183
mae: 0.0746
75/101
train r2: 0.9998574037483896, valid r2: 0.9923877636530058, test r2: 0.995962166514921
Training Results:
r2: 0.9999
rmse: 0.0231
mae: 0.0179
Validation Results:
r2: 0.9924
rmse: 0.1667
mae: 0.0857
Test Results:
r2: 0.9960
rmse: 0.1192
mae: 0.0761
76/101
train r2: 0.999906337556832, valid r2: 0.9924570243833807, test r2: 0.9961309765214815
Training Results:
r2: 0.9999
rmse: 0.0187
mae: 0.0141
Validation Results:
r2: 0.9925
rmse: 0.1659
mae: 0.0850
Test Results:
r2: 0.9961
rmse: 0.1167
mae: 0.0751
77/101
train r2: 0.9999085795454691, valid r2: 0.992378340400455, test r2: 0.9959597786118038
Training Results:
r2: 0.9999
rmse: 0.0185
mae: 0.0142
Validation Results:
r2: 0.9924
rmse: 0.1668
mae: 0.0855
Test Results:
r2: 0.9960
rmse: 0.1192
mae: 0.0760
78/101
train r2: 0.9999013655306099, valid r2: 0.9924143044662113, test r2: 0.9961255513641111
Training Results:
r2: 0.9999
rmse: 0.0192
mae: 0.0142
Validation Results:
r2: 0.9924
rmse: 0.1664
mae: 0.0847
Test Results:
r2: 0.9961
rmse: 0.1167
mae: 0.0746
79/101
train r2: 0.9999169648728828, valid r2: 0.9922519642070325, test r2: 0.9958936304185994
Training Results:
r2: 0.9999
rmse: 0.0176
mae: 0.0130
Validation Results:
r2: 0.9923
rmse: 0.1682
mae: 0.0851
Test Results:
r2: 0.9959
rmse: 0.1202
mae: 0.0751
80/101
train r2: 0.9999182990781795, valid r2: 0.9923729642577879, test r2: 0.995995804649561
Training Results:
r2: 0.9999
rmse: 0.0175
mae: 0.0127
Validation Results:
r2: 0.9924
rmse: 0.1668
mae: 0.0846
Test Results:
r2: 0.9960
rmse: 0.1187
mae: 0.0748
81/101
train r2: 0.9999397522498084, valid r2: 0.9925004356999185, test r2: 0.9961254044599811
Training Results:
r2: 0.9999
rmse: 0.0150
mae: 0.0113
Validation Results:
r2: 0.9925
rmse: 0.1654
mae: 0.0836
Test Results:
r2: 0.9961
rmse: 0.1168
mae: 0.0738
82/101
train r2: 0.9999309811642956, valid r2: 0.9925503604807316, test r2: 0.9961183120338553
Training Results:
r2: 0.9999
rmse: 0.0161
mae: 0.0122
Validation Results:
r2: 0.9926
rmse: 0.1649
mae: 0.0850
Test Results:
r2: 0.9961
rmse: 0.1169
mae: 0.0740
83/101
train r2: 0.9999240490459823, valid r2: 0.9923352225692761, test r2: 0.9960034693115957
Training Results:
r2: 0.9999
rmse: 0.0168
mae: 0.0126
Validation Results:
r2: 0.9923
rmse: 0.1672
mae: 0.0856
Test Results:
r2: 0.9960
rmse: 0.1186
mae: 0.0753
84/101
train r2: 0.9999456865554606, valid r2: 0.9925146619684957, test r2: 0.9961214028688353
Training Results:
r2: 0.9999
rmse: 0.0143
mae: 0.0114
Validation Results:
r2: 0.9925
rmse: 0.1653
mae: 0.0835
Test Results:
r2: 0.9961
rmse: 0.1168
mae: 0.0737
85/101
train r2: 0.9999606156549065, valid r2: 0.9924949824000481, test r2: 0.996118597651482
Training Results:
r2: 1.0000
rmse: 0.0121
mae: 0.0091
Validation Results:
r2: 0.9925
rmse: 0.1655
mae: 0.0841
Test Results:
r2: 0.9961
rmse: 0.1169
mae: 0.0739
86/101
train r2: 0.9999726121719502, valid r2: 0.992517085834004, test r2: 0.9961149928933902
Training Results:
r2: 1.0000
rmse: 0.0101
mae: 0.0078
Validation Results:
r2: 0.9925
rmse: 0.1653
mae: 0.0836
Test Results:
r2: 0.9961
rmse: 0.1169
mae: 0.0739
87/101
train r2: 0.9999741253333105, valid r2: 0.9924623108857288, test r2: 0.9961362724902121
Training Results:
r2: 1.0000
rmse: 0.0098
mae: 0.0076
Validation Results:
r2: 0.9925
rmse: 0.1659
mae: 0.0840
Test Results:
r2: 0.9961
rmse: 0.1166
mae: 0.0740
break!
train: 0.9998, val: 0.9927, test: 0.9961
end_test_result: (0.9982656682309926, 0.07811103016138077, 0.05676328390836716)
args.seed: 2054
use label scaler
use label scaler
use label scaler
model have 90.143705M paramerters in total
train_dataset.mean: tensor([-2.4388]) train_dataset.std: tensor([1.9342])
1/101
train r2: 0.8408417380693771, valid r2: 0.8260488338806018, test r2: 0.8274852025946026
Training Results:
r2: 0.8408
rmse: 0.7717
mae: 0.5724
Validation Results:
r2: 0.8260
rmse: 0.7967
mae: 0.5895
Test Results:
r2: 0.8275
rmse: 0.7790
mae: 0.5699
2/101
train r2: 0.9550925548664272, valid r2: 0.9378875559052893, test r2: 0.9419620091545201
Training Results:
r2: 0.9551
rmse: 0.4099
mae: 0.3053
Validation Results:
r2: 0.9379
rmse: 0.4761
mae: 0.3470
Test Results:
r2: 0.9420
rmse: 0.4519
mae: 0.3291
3/101
train r2: 0.9770999316131994, valid r2: 0.9635727562174248, test r2: 0.9646320034500293
Training Results:
r2: 0.9771
rmse: 0.2926
mae: 0.2247
Validation Results:
r2: 0.9636
rmse: 0.3646
mae: 0.2646
Test Results:
r2: 0.9646
rmse: 0.3527
mae: 0.2655
4/101
train r2: 0.9853035355576969, valid r2: 0.9732071428694922, test r2: 0.9751246258307849
Training Results:
r2: 0.9853
rmse: 0.2345
mae: 0.1862
Validation Results:
r2: 0.9732
rmse: 0.3127
mae: 0.2285
Test Results:
r2: 0.9751
rmse: 0.2958
mae: 0.2246
5/101
train r2: 0.9919581563695855, valid r2: 0.9783676960262684, test r2: 0.9831946226807349
Training Results:
r2: 0.9920
rmse: 0.1735
mae: 0.1343
Validation Results:
r2: 0.9784
rmse: 0.2810
mae: 0.1966
Test Results:
r2: 0.9832
rmse: 0.2431
mae: 0.1816
6/101
train r2: 0.9951440489714324, valid r2: 0.9836055452918366, test r2: 0.9867502192222828
Training Results:
r2: 0.9951
rmse: 0.1348
mae: 0.1050
Validation Results:
r2: 0.9836
rmse: 0.2446
mae: 0.1683
Test Results:
r2: 0.9868
rmse: 0.2159
mae: 0.1601
7/101
train r2: 0.9948041696583658, valid r2: 0.9841690215370953, test r2: 0.9865526121834646
Training Results:
r2: 0.9948
rmse: 0.1394
mae: 0.1110
Validation Results:
r2: 0.9842
rmse: 0.2404
mae: 0.1733
Test Results:
r2: 0.9866
rmse: 0.2175
mae: 0.1612
8/101
train r2: 0.9937899617050194, valid r2: 0.9830921864184056, test r2: 0.9848315700097393
Training Results:
r2: 0.9938
rmse: 0.1525
mae: 0.1123
Validation Results:
r2: 0.9831
rmse: 0.2484
mae: 0.1722
Test Results:
r2: 0.9848
rmse: 0.2310
mae: 0.1646
9/101
train r2: 0.9833304601804987, valid r2: 0.9719337889077773, test r2: 0.9766921074472518
Training Results:
r2: 0.9833
rmse: 0.2498
mae: 0.2104
Validation Results:
r2: 0.9719
rmse: 0.3200
mae: 0.2460
Test Results:
r2: 0.9767
rmse: 0.2864
mae: 0.2313
10/101
train r2: 0.9889558108949664, valid r2: 0.9790733038782429, test r2: 0.9830592445385796
Training Results:
r2: 0.9890
rmse: 0.2032
mae: 0.1625
Validation Results:
r2: 0.9791
rmse: 0.2763
mae: 0.1991
Test Results:
r2: 0.9831
rmse: 0.2441
mae: 0.1854
11/101
train r2: 0.9920695535511924, valid r2: 0.9842572573740955, test r2: 0.9869118373887481
Training Results:
r2: 0.9921
rmse: 0.1723
mae: 0.1262
Validation Results:
r2: 0.9843
rmse: 0.2397
mae: 0.1658
Test Results:
r2: 0.9869
rmse: 0.2146
mae: 0.1581
12/101
train r2: 0.9939436225698126, valid r2: 0.9855918901442025, test r2: 0.9880741982794223
Training Results:
r2: 0.9939
rmse: 0.1506
mae: 0.1113
Validation Results:
r2: 0.9856
rmse: 0.2293
mae: 0.1551
Test Results:
r2: 0.9881
rmse: 0.2048
mae: 0.1543
13/101
train r2: 0.9952028594413154, valid r2: 0.986038743333414, test r2: 0.988513836027885
Training Results:
r2: 0.9952
rmse: 0.1340
mae: 0.1026
Validation Results:
r2: 0.9860
rmse: 0.2257
mae: 0.1524
Test Results:
r2: 0.9885
rmse: 0.2010
mae: 0.1448
14/101
train r2: 0.9978267780499704, valid r2: 0.9884552447315476, test r2: 0.9922549251220253
Training Results:
r2: 0.9978
rmse: 0.0902
mae: 0.0676
Validation Results:
r2: 0.9885
rmse: 0.2053
mae: 0.1311
Test Results:
r2: 0.9923
rmse: 0.1651
mae: 0.1155
15/101
train r2: 0.99647706749631, valid r2: 0.9877844957906503, test r2: 0.9909197716434084
Training Results:
r2: 0.9965
rmse: 0.1148
mae: 0.0864
Validation Results:
r2: 0.9878
rmse: 0.2111
mae: 0.1410
Test Results:
r2: 0.9909
rmse: 0.1787
mae: 0.1305
16/101
train r2: 0.9971505699207855, valid r2: 0.9888989777052033, test r2: 0.9916489217548003
Training Results:
r2: 0.9972
rmse: 0.1032
mae: 0.0767
Validation Results:
r2: 0.9889
rmse: 0.2013
mae: 0.1306
Test Results:
r2: 0.9916
rmse: 0.1714
mae: 0.1203
17/101
train r2: 0.9967413118084838, valid r2: 0.9871771221526465, test r2: 0.9907576360429992
Training Results:
r2: 0.9967
rmse: 0.1103
mae: 0.0779
Validation Results:
r2: 0.9872
rmse: 0.2163
mae: 0.1363
Test Results:
r2: 0.9908
rmse: 0.1803
mae: 0.1186
18/101
train r2: 0.9970200359156981, valid r2: 0.9888522963113145, test r2: 0.9923922662638099
Training Results:
r2: 0.9970
rmse: 0.1056
mae: 0.0803
Validation Results:
r2: 0.9889
rmse: 0.2017
mae: 0.1304
Test Results:
r2: 0.9924
rmse: 0.1636
mae: 0.1171
19/101
train r2: 0.9964470126712764, valid r2: 0.9882797560325833, test r2: 0.9905450675310423
Training Results:
r2: 0.9964
rmse: 0.1153
mae: 0.0880
Validation Results:
r2: 0.9883
rmse: 0.2068
mae: 0.1355
Test Results:
r2: 0.9905
rmse: 0.1824
mae: 0.1259
20/101
train r2: 0.9953657702902702, valid r2: 0.9897960743745537, test r2: 0.9914551857602512
Training Results:
r2: 0.9954
rmse: 0.1317
mae: 0.0951
Validation Results:
r2: 0.9898
rmse: 0.1930
mae: 0.1310
Test Results:
r2: 0.9915
rmse: 0.1734
mae: 0.1261
21/101
train r2: 0.9969308009858567, valid r2: 0.9895192552988196, test r2: 0.9922424027042984
Training Results:
r2: 0.9969
rmse: 0.1072
mae: 0.0802
Validation Results:
r2: 0.9895
rmse: 0.1956
mae: 0.1249
Test Results:
r2: 0.9922
rmse: 0.1652
mae: 0.1195
22/101
train r2: 0.9977530118965446, valid r2: 0.9907869105043952, test r2: 0.9933990550785456
Training Results:
r2: 0.9978
rmse: 0.0917
mae: 0.0662
Validation Results:
r2: 0.9908
rmse: 0.1834
mae: 0.1149
Test Results:
r2: 0.9934
rmse: 0.1524
mae: 0.1069
23/101
train r2: 0.9967313835087426, valid r2: 0.987919958601457, test r2: 0.9916470686618284
Training Results:
r2: 0.9967
rmse: 0.1106
mae: 0.0835
Validation Results:
r2: 0.9879
rmse: 0.2100
mae: 0.1341
Test Results:
r2: 0.9916
rmse: 0.1714
mae: 0.1190
24/101
train r2: 0.9977738538555937, valid r2: 0.9905181483972084, test r2: 0.992796093545273
Training Results:
r2: 0.9978
rmse: 0.0913
mae: 0.0693
Validation Results:
r2: 0.9905
rmse: 0.1860
mae: 0.1199
Test Results:
r2: 0.9928
rmse: 0.1592
mae: 0.1071
25/101
train r2: 0.9983671024384889, valid r2: 0.9899315054228441, test r2: 0.9931237827986906
Training Results:
r2: 0.9984
rmse: 0.0782
mae: 0.0553
Validation Results:
r2: 0.9899
rmse: 0.1917
mae: 0.1099
Test Results:
r2: 0.9931
rmse: 0.1555
mae: 0.0980
26/101
train r2: 0.9980077533517586, valid r2: 0.9900877574892765, test r2: 0.9933311466292294
Training Results:
r2: 0.9980
rmse: 0.0863
mae: 0.0679
Validation Results:
r2: 0.9901
rmse: 0.1902
mae: 0.1186
Test Results:
r2: 0.9933
rmse: 0.1532
mae: 0.1073
27/101
train r2: 0.9988331449338835, valid r2: 0.9912547512027228, test r2: 0.9943218203928282
Training Results:
r2: 0.9988
rmse: 0.0661
mae: 0.0472
Validation Results:
r2: 0.9913
rmse: 0.1786
mae: 0.1044
Test Results:
r2: 0.9943
rmse: 0.1413
mae: 0.0935
28/101
train r2: 0.9984819965519903, valid r2: 0.9906885604759914, test r2: 0.9941287988559557
Training Results:
r2: 0.9985
rmse: 0.0753
mae: 0.0554
Validation Results:
r2: 0.9907
rmse: 0.1843
mae: 0.1086
Test Results:
r2: 0.9941
rmse: 0.1437
mae: 0.0971
29/101
train r2: 0.9978879514917726, valid r2: 0.9900673012763967, test r2: 0.9931633903045815
Training Results:
r2: 0.9979
rmse: 0.0889
mae: 0.0645
Validation Results:
r2: 0.9901
rmse: 0.1904
mae: 0.1126
Test Results:
r2: 0.9932
rmse: 0.1551
mae: 0.1020
30/101
train r2: 0.9980642156643882, valid r2: 0.9906441528779739, test r2: 0.993556506995708
Training Results:
r2: 0.9981
rmse: 0.0851
mae: 0.0640
Validation Results:
r2: 0.9906
rmse: 0.1848
mae: 0.1137
Test Results:
r2: 0.9936
rmse: 0.1506
mae: 0.1055
31/101
train r2: 0.9981622727953927, valid r2: 0.9908799194233905, test r2: 0.9937109739757337
Training Results:
r2: 0.9982
rmse: 0.0829
mae: 0.0606
Validation Results:
r2: 0.9909
rmse: 0.1824
mae: 0.1101
Test Results:
r2: 0.9937
rmse: 0.1487
mae: 0.1019
32/101
train r2: 0.9983686237497182, valid r2: 0.9914704193822117, test r2: 0.9945625357211376
Training Results:
r2: 0.9984
rmse: 0.0781
mae: 0.0570
Validation Results:
r2: 0.9915
rmse: 0.1764
mae: 0.1070
Test Results:
r2: 0.9946
rmse: 0.1383
mae: 0.0980
33/101
train r2: 0.9985631112274117, valid r2: 0.9908211560115628, test r2: 0.9938860212770702
Training Results:
r2: 0.9986
rmse: 0.0733
mae: 0.0561
Validation Results:
r2: 0.9908
rmse: 0.1830
mae: 0.1065
Test Results:
r2: 0.9939
rmse: 0.1467
mae: 0.0993
34/101
train r2: 0.9987859023422511, valid r2: 0.9918308507922968, test r2: 0.9947436893173647
Training Results:
r2: 0.9988
rmse: 0.0674
mae: 0.0522
Validation Results:
r2: 0.9918
rmse: 0.1727
mae: 0.1014
Test Results:
r2: 0.9947
rmse: 0.1360
mae: 0.0943
35/101
train r2: 0.999083644485311, valid r2: 0.9917015440081608, test r2: 0.994696250553986
Training Results:
r2: 0.9991
rmse: 0.0585
mae: 0.0426
Validation Results:
r2: 0.9917
rmse: 0.1740
mae: 0.0998
Test Results:
r2: 0.9947
rmse: 0.1366
mae: 0.0902
36/101
train r2: 0.9982205315176129, valid r2: 0.9911345453794526, test r2: 0.9940271189706069
Training Results:
r2: 0.9982
rmse: 0.0816
mae: 0.0633
Validation Results:
r2: 0.9911
rmse: 0.1799
mae: 0.1103
Test Results:
r2: 0.9940
rmse: 0.1450
mae: 0.1021
37/101
train r2: 0.9990013705163384, valid r2: 0.9913064816276158, test r2: 0.9949145639833371
Training Results:
r2: 0.9990
rmse: 0.0611
mae: 0.0438
Validation Results:
r2: 0.9913
rmse: 0.1781
mae: 0.0999
Test Results:
r2: 0.9949
rmse: 0.1338
mae: 0.0895
38/101
train r2: 0.997586422457033, valid r2: 0.9909144002562085, test r2: 0.9938330191659135
Training Results:
r2: 0.9976
rmse: 0.0951
mae: 0.0785
Validation Results:
r2: 0.9909
rmse: 0.1821
mae: 0.1164
Test Results:
r2: 0.9938
rmse: 0.1473
mae: 0.1089
39/101
train r2: 0.9980496910771985, valid r2: 0.9907206581970308, test r2: 0.9940350560076984
Training Results:
r2: 0.9980
rmse: 0.0854
mae: 0.0690
Validation Results:
r2: 0.9907
rmse: 0.1840
mae: 0.1163
Test Results:
r2: 0.9940
rmse: 0.1449
mae: 0.1031
40/101
train r2: 0.9991946982363682, valid r2: 0.9913452809822119, test r2: 0.9949139685863051
Training Results:
r2: 0.9992
rmse: 0.0549
mae: 0.0389
Validation Results:
r2: 0.9913
rmse: 0.1777
mae: 0.0964
Test Results:
r2: 0.9949
rmse: 0.1338
mae: 0.0856
41/101
train r2: 0.9986988961263105, valid r2: 0.9918006802928765, test r2: 0.9950181038611567
Training Results:
r2: 0.9987
rmse: 0.0698
mae: 0.0531
Validation Results:
r2: 0.9918
rmse: 0.1730
mae: 0.1018
Test Results:
r2: 0.9950
rmse: 0.1324
mae: 0.0920
42/101
train r2: 0.9980266808228323, valid r2: 0.9912415287130585, test r2: 0.9941025446732902
Training Results:
r2: 0.9980
rmse: 0.0860
mae: 0.0711
Validation Results:
r2: 0.9912
rmse: 0.1788
mae: 0.1113
Test Results:
r2: 0.9941
rmse: 0.1440
mae: 0.1031
43/101
train r2: 0.9994179582114581, valid r2: 0.9923631876137345, test r2: 0.9955066803640822
Training Results:
r2: 0.9994
rmse: 0.0467
mae: 0.0338
Validation Results:
r2: 0.9924
rmse: 0.1669
mae: 0.0902
Test Results:
r2: 0.9955
rmse: 0.1257
mae: 0.0837
44/101
train r2: 0.9993130883629925, valid r2: 0.9928373490393273, test r2: 0.9953109513845296
Training Results:
r2: 0.9993
rmse: 0.0507
mae: 0.0374
Validation Results:
r2: 0.9928
rmse: 0.1617
mae: 0.0915
Test Results:
r2: 0.9953
rmse: 0.1284
mae: 0.0850
45/101
train r2: 0.9982702715429314, valid r2: 0.9915503494296969, test r2: 0.9941125623871319
Training Results:
r2: 0.9983
rmse: 0.0804
mae: 0.0656
Validation Results:
r2: 0.9916
rmse: 0.1756
mae: 0.1108
Test Results:
r2: 0.9941
rmse: 0.1439
mae: 0.0995
46/101
train r2: 0.9993887554883386, valid r2: 0.9922169526474247, test r2: 0.9953161427427814
Training Results:
r2: 0.9994
rmse: 0.0478
mae: 0.0358
Validation Results:
r2: 0.9922
rmse: 0.1685
mae: 0.0911
Test Results:
r2: 0.9953
rmse: 0.1284
mae: 0.0826
47/101
train r2: 0.9990666316655044, valid r2: 0.9918396155594176, test r2: 0.9944372674485432
Training Results:
r2: 0.9991
rmse: 0.0591
mae: 0.0456
Validation Results:
r2: 0.9918
rmse: 0.1726
mae: 0.0981
Test Results:
r2: 0.9944
rmse: 0.1399
mae: 0.0896
48/101
train r2: 0.9994126733292561, valid r2: 0.9925364381350339, test r2: 0.9952052635292749
Training Results:
r2: 0.9994
rmse: 0.0469
mae: 0.0346
Validation Results:
r2: 0.9925
rmse: 0.1650
mae: 0.0914
Test Results:
r2: 0.9952
rmse: 0.1299
mae: 0.0851
49/101
train r2: 0.9993378023664917, valid r2: 0.9925410180587086, test r2: 0.995386418475409
Training Results:
r2: 0.9993
rmse: 0.0498
mae: 0.0369
Validation Results:
r2: 0.9925
rmse: 0.1650
mae: 0.0918
Test Results:
r2: 0.9954
rmse: 0.1274
mae: 0.0837
50/101
train r2: 0.9994267969536446, valid r2: 0.9925015993054114, test r2: 0.9954725113820335
Training Results:
r2: 0.9994
rmse: 0.0463
mae: 0.0349
Validation Results:
r2: 0.9925
rmse: 0.1654
mae: 0.0897
Test Results:
r2: 0.9955
rmse: 0.1262
mae: 0.0818
51/101
train r2: 0.9995637182590803, valid r2: 0.9927783051643162, test r2: 0.9955246394046833
Training Results:
r2: 0.9996
rmse: 0.0404
mae: 0.0305
Validation Results:
r2: 0.9928
rmse: 0.1623
mae: 0.0895
Test Results:
r2: 0.9955
rmse: 0.1255
mae: 0.0824
52/101
train r2: 0.9995383914404207, valid r2: 0.9922092836895527, test r2: 0.995472403782433
Training Results:
r2: 0.9995
rmse: 0.0415
mae: 0.0305
Validation Results:
r2: 0.9922
rmse: 0.1686
mae: 0.0909
Test Results:
r2: 0.9955
rmse: 0.1262
mae: 0.0808
53/101
train r2: 0.9990381416399127, valid r2: 0.9924266547840679, test r2: 0.9952591553625054
Training Results:
r2: 0.9990
rmse: 0.0600
mae: 0.0475
Validation Results:
r2: 0.9924
rmse: 0.1662
mae: 0.0953
Test Results:
r2: 0.9953
rmse: 0.1291
mae: 0.0863
54/101
train r2: 0.9995325517447087, valid r2: 0.9924486745066476, test r2: 0.9957740859649714
Training Results:
r2: 0.9995
rmse: 0.0418
mae: 0.0307
Validation Results:
r2: 0.9924
rmse: 0.1660
mae: 0.0894
Test Results:
r2: 0.9958
rmse: 0.1219
mae: 0.0799
55/101
train r2: 0.999307009146478, valid r2: 0.9927055801648236, test r2: 0.995365864847255
Training Results:
r2: 0.9993
rmse: 0.0509
mae: 0.0378
Validation Results:
r2: 0.9927
rmse: 0.1632
mae: 0.0923
Test Results:
r2: 0.9954
rmse: 0.1277
mae: 0.0844
56/101
train r2: 0.9993820219550916, valid r2: 0.9921572942074656, test r2: 0.9956697165536788
Training Results:
r2: 0.9994
rmse: 0.0481
mae: 0.0375
Validation Results:
r2: 0.9922
rmse: 0.1692
mae: 0.0899
Test Results:
r2: 0.9957
rmse: 0.1234
mae: 0.0834
57/101
train r2: 0.9995284130770323, valid r2: 0.9926990366126021, test r2: 0.9955427826138115
Training Results:
r2: 0.9995
rmse: 0.0420
mae: 0.0321
Validation Results:
r2: 0.9927
rmse: 0.1632
mae: 0.0909
Test Results:
r2: 0.9955
rmse: 0.1252
mae: 0.0816
58/101
train r2: 0.9996852501668849, valid r2: 0.9928876524108716, test r2: 0.9958395843677472
Training Results:
r2: 0.9997
rmse: 0.0343
mae: 0.0255
Validation Results:
r2: 0.9929
rmse: 0.1611
mae: 0.0863
Test Results:
r2: 0.9958
rmse: 0.1210
mae: 0.0796
59/101
train r2: 0.9996542808785159, valid r2: 0.9923747007627732, test r2: 0.9956205825827654
Training Results:
r2: 0.9997
rmse: 0.0360
mae: 0.0278
Validation Results:
r2: 0.9924
rmse: 0.1668
mae: 0.0889
Test Results:
r2: 0.9956
rmse: 0.1241
mae: 0.0804
60/101
train r2: 0.9996511771285299, valid r2: 0.9929014740624669, test r2: 0.9956315096821712
Training Results:
r2: 0.9997
rmse: 0.0361
mae: 0.0271
Validation Results:
r2: 0.9929
rmse: 0.1610
mae: 0.0862
Test Results:
r2: 0.9956
rmse: 0.1240
mae: 0.0792
61/101
train r2: 0.999449181078006, valid r2: 0.9922833723199768, test r2: 0.9954520279264222
Training Results:
r2: 0.9994
rmse: 0.0454
mae: 0.0372
Validation Results:
r2: 0.9923
rmse: 0.1678
mae: 0.0932
Test Results:
r2: 0.9955
rmse: 0.1265
mae: 0.0841
62/101
train r2: 0.9996472663195751, valid r2: 0.9925130667182132, test r2: 0.9955503855630365
Training Results:
r2: 0.9996
rmse: 0.0363
mae: 0.0263
Validation Results:
r2: 0.9925
rmse: 0.1653
mae: 0.0890
Test Results:
r2: 0.9956
rmse: 0.1251
mae: 0.0793
63/101
train r2: 0.9995432071330073, valid r2: 0.9925070769327893, test r2: 0.994975460794555
Training Results:
r2: 0.9995
rmse: 0.0414
mae: 0.0289
Validation Results:
r2: 0.9925
rmse: 0.1654
mae: 0.0888
Test Results:
r2: 0.9950
rmse: 0.1330
mae: 0.0819
64/101
train r2: 0.9996803609092743, valid r2: 0.9928865623676906, test r2: 0.9958503772959595
Training Results:
r2: 0.9997
rmse: 0.0346
mae: 0.0258
Validation Results:
r2: 0.9929
rmse: 0.1611
mae: 0.0867
Test Results:
r2: 0.9959
rmse: 0.1208
mae: 0.0785
65/101
train r2: 0.9997771810080527, valid r2: 0.9926025263986714, test r2: 0.9956520364241033
Training Results:
r2: 0.9998
rmse: 0.0289
mae: 0.0220
Validation Results:
r2: 0.9926
rmse: 0.1643
mae: 0.0871
Test Results:
r2: 0.9957
rmse: 0.1237
mae: 0.0790
66/101
train r2: 0.9997811712047244, valid r2: 0.9928253706287805, test r2: 0.9957446286983259
Training Results:
r2: 0.9998
rmse: 0.0286
mae: 0.0214
Validation Results:
r2: 0.9928
rmse: 0.1618
mae: 0.0860
Test Results:
r2: 0.9957
rmse: 0.1224
mae: 0.0781
67/101
train r2: 0.9997672828314728, valid r2: 0.9931058778674785, test r2: 0.9959386863044519
Training Results:
r2: 0.9998
rmse: 0.0295
mae: 0.0229
Validation Results:
r2: 0.9931
rmse: 0.1586
mae: 0.0844
Test Results:
r2: 0.9959
rmse: 0.1195
mae: 0.0774
68/101
train r2: 0.9997693340856835, valid r2: 0.9926562467621384, test r2: 0.9956742046956492
Training Results:
r2: 0.9998
rmse: 0.0294
mae: 0.0215
Validation Results:
r2: 0.9927
rmse: 0.1637
mae: 0.0859
Test Results:
r2: 0.9957
rmse: 0.1234
mae: 0.0774
69/101
train r2: 0.9997149976060172, valid r2: 0.9923877465371467, test r2: 0.9959110461429233
Training Results:
r2: 0.9997
rmse: 0.0326
mae: 0.0248
Validation Results:
r2: 0.9924
rmse: 0.1667
mae: 0.0860
Test Results:
r2: 0.9959
rmse: 0.1199
mae: 0.0785
70/101
train r2: 0.9998006589376128, valid r2: 0.99261352327852, test r2: 0.9957365593313443
Training Results:
r2: 0.9998
rmse: 0.0273
mae: 0.0204
Validation Results:
r2: 0.9926
rmse: 0.1642
mae: 0.0857
Test Results:
r2: 0.9957
rmse: 0.1225
mae: 0.0773
71/101
train r2: 0.9998394042937462, valid r2: 0.9928207822758068, test r2: 0.9958376122452588
Training Results:
r2: 0.9998
rmse: 0.0245
mae: 0.0178
Validation Results:
r2: 0.9928
rmse: 0.1619
mae: 0.0844
Test Results:
r2: 0.9958
rmse: 0.1210
mae: 0.0771
72/101
train r2: 0.9997988935117545, valid r2: 0.9929176545834739, test r2: 0.9959613634195786
Training Results:
r2: 0.9998
rmse: 0.0274
mae: 0.0210
Validation Results:
r2: 0.9929
rmse: 0.1608
mae: 0.0841
Test Results:
r2: 0.9960
rmse: 0.1192
mae: 0.0769
73/101
train r2: 0.9998363507225704, valid r2: 0.9929056199880303, test r2: 0.9958747719502138
Training Results:
r2: 0.9998
rmse: 0.0247
mae: 0.0195
Validation Results:
r2: 0.9929
rmse: 0.1609
mae: 0.0851
Test Results:
r2: 0.9959
rmse: 0.1205
mae: 0.0768
74/101
train r2: 0.9998674949127034, valid r2: 0.9927613765624708, test r2: 0.9958584988446402
Training Results:
r2: 0.9999
rmse: 0.0223
mae: 0.0167
Validation Results:
r2: 0.9928
rmse: 0.1625
mae: 0.0843
Test Results:
r2: 0.9959
rmse: 0.1207
mae: 0.0760
75/101
train r2: 0.9998726190668475, valid r2: 0.992780943510116, test r2: 0.9958881460322203
Training Results:
r2: 0.9999
rmse: 0.0218
mae: 0.0163
Validation Results:
r2: 0.9928
rmse: 0.1623
mae: 0.0846
Test Results:
r2: 0.9959
rmse: 0.1203
mae: 0.0754
76/101
train r2: 0.9998897983109654, valid r2: 0.9931250301893172, test r2: 0.9960427767284313
Training Results:
r2: 0.9999
rmse: 0.0203
mae: 0.0154
Validation Results:
r2: 0.9931
rmse: 0.1584
mae: 0.0829
Test Results:
r2: 0.9960
rmse: 0.1180
mae: 0.0757
77/101
train r2: 0.9999297571600173, valid r2: 0.9929776038518972, test r2: 0.9960317127557895
Training Results:
r2: 0.9999
rmse: 0.0162
mae: 0.0122
Validation Results:
r2: 0.9930
rmse: 0.1601
mae: 0.0827
Test Results:
r2: 0.9960
rmse: 0.1182
mae: 0.0742
78/101
train r2: 0.9998995213790924, valid r2: 0.9929687145931142, test r2: 0.9958693577888964
Training Results:
r2: 0.9999
rmse: 0.0194
mae: 0.0146
Validation Results:
r2: 0.9930
rmse: 0.1602
mae: 0.0841
Test Results:
r2: 0.9959
rmse: 0.1205
mae: 0.0761
79/101
train r2: 0.9998607308334859, valid r2: 0.9930391687810773, test r2: 0.9961077495705872
Training Results:
r2: 0.9999
rmse: 0.0228
mae: 0.0167
Validation Results:
r2: 0.9930
rmse: 0.1594
mae: 0.0813
Test Results:
r2: 0.9961
rmse: 0.1170
mae: 0.0745
80/101
train r2: 0.9998463547642928, valid r2: 0.9929816847501182, test r2: 0.9959241252094009
Training Results:
r2: 0.9998
rmse: 0.0240
mae: 0.0186
Validation Results:
r2: 0.9930
rmse: 0.1600
mae: 0.0853
Test Results:
r2: 0.9959
rmse: 0.1197
mae: 0.0764
81/101
train r2: 0.9998725927184251, valid r2: 0.9929294246504772, test r2: 0.9958339321220494
Training Results:
r2: 0.9999
rmse: 0.0218
mae: 0.0164
Validation Results:
r2: 0.9929
rmse: 0.1606
mae: 0.0839
Test Results:
r2: 0.9958
rmse: 0.1211
mae: 0.0766
82/101
train r2: 0.9999587622026688, valid r2: 0.9930271448968823, test r2: 0.996061792020993
Training Results:
r2: 1.0000
rmse: 0.0124
mae: 0.0094
Validation Results:
r2: 0.9930
rmse: 0.1595
mae: 0.0829
Test Results:
r2: 0.9961
rmse: 0.1177
mae: 0.0743
83/101
train r2: 0.9999667193990807, valid r2: 0.9929167368751817, test r2: 0.9959904573006272
Training Results:
r2: 1.0000
rmse: 0.0112
mae: 0.0082
Validation Results:
r2: 0.9929
rmse: 0.1608
mae: 0.0824
Test Results:
r2: 0.9960
rmse: 0.1188
mae: 0.0743
84/101
train r2: 0.9999594056789998, valid r2: 0.9929981836365904, test r2: 0.9960427885432264
Training Results:
r2: 1.0000
rmse: 0.0123
mae: 0.0095
Validation Results:
r2: 0.9930
rmse: 0.1599
mae: 0.0829
Test Results:
r2: 0.9960
rmse: 0.1180
mae: 0.0743
85/101
train r2: 0.9999675013044199, valid r2: 0.9931233878019807, test r2: 0.9960552680582966
Training Results:
r2: 1.0000
rmse: 0.0110
mae: 0.0083
Validation Results:
r2: 0.9931
rmse: 0.1584
mae: 0.0818
Test Results:
r2: 0.9961
rmse: 0.1178
mae: 0.0742
86/101
train r2: 0.9999694593570294, valid r2: 0.9929244561649494, test r2: 0.99606165485006
Training Results:
r2: 1.0000
rmse: 0.0107
mae: 0.0080
Validation Results:
r2: 0.9929
rmse: 0.1607
mae: 0.0825
Test Results:
r2: 0.9961
rmse: 0.1177
mae: 0.0743
87/101
train r2: 0.999977010704744, valid r2: 0.9930076474857404, test r2: 0.9960460635721677
Training Results:
r2: 1.0000
rmse: 0.0093
mae: 0.0070
Validation Results:
r2: 0.9930
rmse: 0.1597
mae: 0.0824
Test Results:
r2: 0.9960
rmse: 0.1179
mae: 0.0744
88/101
train r2: 0.9999836786786219, valid r2: 0.9930263171440304, test r2: 0.996059431241004
Training Results:
r2: 1.0000
rmse: 0.0078
mae: 0.0059
Validation Results:
r2: 0.9930
rmse: 0.1595
mae: 0.0822
Test Results:
r2: 0.9961
rmse: 0.1177
mae: 0.0741
89/101
train r2: 0.9999823151583287, valid r2: 0.9930650206230107, test r2: 0.9960697423857012
Training Results:
r2: 1.0000
rmse: 0.0081
mae: 0.0062
Validation Results:
r2: 0.9931
rmse: 0.1591
mae: 0.0818
Test Results:
r2: 0.9961
rmse: 0.1176
mae: 0.0741
90/101
train r2: 0.9999869242239905, valid r2: 0.9930824814996507, test r2: 0.9960727559262466
Training Results:
r2: 1.0000
rmse: 0.0070
mae: 0.0052
Validation Results:
r2: 0.9931
rmse: 0.1589
mae: 0.0820
Test Results:
r2: 0.9961
rmse: 0.1175
mae: 0.0743
91/101
train r2: 0.9999854934271739, valid r2: 0.9929297933342939, test r2: 0.9960700569830349
Training Results:
r2: 1.0000
rmse: 0.0074
mae: 0.0053
Validation Results:
r2: 0.9929
rmse: 0.1606
mae: 0.0825
Test Results:
r2: 0.9961
rmse: 0.1176
mae: 0.0738
92/101
train r2: 0.999993375700172, valid r2: 0.993072779723878, test r2: 0.9960615240826525
Training Results:
r2: 1.0000
rmse: 0.0050
mae: 0.0037
Validation Results:
r2: 0.9931
rmse: 0.1590
mae: 0.0818
Test Results:
r2: 0.9961
rmse: 0.1177
mae: 0.0739
93/101
train r2: 0.9999954764390345, valid r2: 0.993039219552681, test r2: 0.996083086310949
Training Results:
r2: 1.0000
rmse: 0.0041
mae: 0.0031
Validation Results:
r2: 0.9930
rmse: 0.1594
mae: 0.0820
Test Results:
r2: 0.9961
rmse: 0.1174
mae: 0.0739
94/101
train r2: 0.9999961182572905, valid r2: 0.993071080024227, test r2: 0.9960923816281013
Training Results:
r2: 1.0000
rmse: 0.0038
mae: 0.0029
Validation Results:
r2: 0.9931
rmse: 0.1590
mae: 0.0818
Test Results:
r2: 0.9961
rmse: 0.1172
mae: 0.0739
95/101
train r2: 0.9999978678203123, valid r2: 0.9930611816566496, test r2: 0.9960960942409517
Training Results:
r2: 1.0000
rmse: 0.0028
mae: 0.0022
Validation Results:
r2: 0.9931
rmse: 0.1591
mae: 0.0817
Test Results:
r2: 0.9961
rmse: 0.1172
mae: 0.0739
96/101
train r2: 0.9999982884273115, valid r2: 0.9930574192577297, test r2: 0.9960774089534816
Training Results:
r2: 1.0000
rmse: 0.0025
mae: 0.0020
Validation Results:
r2: 0.9931
rmse: 0.1592
mae: 0.0818
Test Results:
r2: 0.9961
rmse: 0.1175
mae: 0.0739
break!
train: 0.9999, val: 0.9931, test: 0.9960
end_test_result: (0.9975940428204937, 0.09200049936771393, 0.06740923970937729)
args.seed: 2064
use label scaler
use label scaler
use label scaler
model have 90.143705M paramerters in total
train_dataset.mean: tensor([-2.4388]) train_dataset.std: tensor([1.9342])
1/101
train r2: 0.8231761196386816, valid r2: 0.8109180431591096, test r2: 0.8089568843615855
Training Results:
r2: 0.8232
rmse: 0.8137
mae: 0.6115
Validation Results:
r2: 0.8109
rmse: 0.8307
mae: 0.6221
Test Results:
r2: 0.8090
rmse: 0.8198
mae: 0.6081
2/101
train r2: 0.9553289076598407, valid r2: 0.9424987448951617, test r2: 0.943687914553387
Training Results:
r2: 0.9553
rmse: 0.4089
mae: 0.2979
Validation Results:
r2: 0.9425
rmse: 0.4581
mae: 0.3330
Test Results:
r2: 0.9437
rmse: 0.4451
mae: 0.3227
3/101
train r2: 0.9750082346108193, valid r2: 0.9626563998682249, test r2: 0.9639076372759993
Training Results:
r2: 0.9750
rmse: 0.3057
mae: 0.2398
Validation Results:
r2: 0.9627
rmse: 0.3692
mae: 0.2791
Test Results:
r2: 0.9639
rmse: 0.3563
mae: 0.2703
4/101
train r2: 0.9880951887155476, valid r2: 0.9749130514179501, test r2: 0.9776422093255095
Training Results:
r2: 0.9881
rmse: 0.2110
mae: 0.1614
Validation Results:
r2: 0.9749
rmse: 0.3026
mae: 0.2191
Test Results:
r2: 0.9776
rmse: 0.2805
mae: 0.2080
5/101
train r2: 0.9910642670266998, valid r2: 0.9794294157800131, test r2: 0.9809404067652988
Training Results:
r2: 0.9911
rmse: 0.1828
mae: 0.1464
Validation Results:
r2: 0.9794
rmse: 0.2740
mae: 0.2034
Test Results:
r2: 0.9809
rmse: 0.2589
mae: 0.1967
6/101
train r2: 0.9934135337169184, valid r2: 0.9817372760077583, test r2: 0.9841660078540251
Training Results:
r2: 0.9934
rmse: 0.1570
mae: 0.1189
Validation Results:
r2: 0.9817
rmse: 0.2582
mae: 0.1813
Test Results:
r2: 0.9842
rmse: 0.2360
mae: 0.1739
7/101
train r2: 0.9962613654157563, valid r2: 0.9844839076034899, test r2: 0.9869399329857781
Training Results:
r2: 0.9963
rmse: 0.1183
mae: 0.0913
Validation Results:
r2: 0.9845
rmse: 0.2380
mae: 0.1667
Test Results:
r2: 0.9869
rmse: 0.2143
mae: 0.1542
8/101
train r2: 0.9789148596103033, valid r2: 0.9672690330476927, test r2: 0.9696007499640804
Training Results:
r2: 0.9789
rmse: 0.2808
mae: 0.2281
Validation Results:
r2: 0.9673
rmse: 0.3456
mae: 0.2676
Test Results:
r2: 0.9696
rmse: 0.3270
mae: 0.2615
9/101
train r2: 0.9939614940065709, valid r2: 0.9824417063789429, test r2: 0.9855996686556466
Training Results:
r2: 0.9940
rmse: 0.1503
mae: 0.1131
Validation Results:
r2: 0.9824
rmse: 0.2531
mae: 0.1726
Test Results:
r2: 0.9856
rmse: 0.2251
mae: 0.1647
10/101
train r2: 0.9932484742110073, valid r2: 0.9838095909130676, test r2: 0.9854717735203258
Training Results:
r2: 0.9932
rmse: 0.1588
mae: 0.1243
Validation Results:
r2: 0.9838
rmse: 0.2431
mae: 0.1747
Test Results:
r2: 0.9855
rmse: 0.2261
mae: 0.1610
11/101
train r2: 0.9901312581367262, valid r2: 0.9803679535477081, test r2: 0.9829059913045862
Training Results:
r2: 0.9901
rmse: 0.1922
mae: 0.1578
Validation Results:
r2: 0.9804
rmse: 0.2677
mae: 0.1985
Test Results:
r2: 0.9829
rmse: 0.2452
mae: 0.1921
12/101
train r2: 0.9939330108858502, valid r2: 0.9853277711948231, test r2: 0.9889785810241528
Training Results:
r2: 0.9939
rmse: 0.1506
mae: 0.1128
Validation Results:
r2: 0.9853
rmse: 0.2314
mae: 0.1620
Test Results:
r2: 0.9890
rmse: 0.1969
mae: 0.1488
13/101
train r2: 0.9972650118763187, valid r2: 0.9880608851491095, test r2: 0.9908633926656677
Training Results:
r2: 0.9973
rmse: 0.1009
mae: 0.0739
Validation Results:
r2: 0.9881
rmse: 0.2087
mae: 0.1349
Test Results:
r2: 0.9909
rmse: 0.1793
mae: 0.1243
14/101
train r2: 0.9977645206566196, valid r2: 0.9881919767114736, test r2: 0.9916174711725985
Training Results:
r2: 0.9978
rmse: 0.0915
mae: 0.0673
Validation Results:
r2: 0.9882
rmse: 0.2076
mae: 0.1302
Test Results:
r2: 0.9916
rmse: 0.1717
mae: 0.1207
15/101
train r2: 0.9966013746616156, valid r2: 0.9879099029836669, test r2: 0.9908326090805454
Training Results:
r2: 0.9966
rmse: 0.1128
mae: 0.0865
Validation Results:
r2: 0.9879
rmse: 0.2100
mae: 0.1378
Test Results:
r2: 0.9908
rmse: 0.1796
mae: 0.1300
16/101
train r2: 0.9972325329241154, valid r2: 0.9894725887158557, test r2: 0.9917700393965987
Training Results:
r2: 0.9972
rmse: 0.1017
mae: 0.0796
Validation Results:
r2: 0.9895
rmse: 0.1960
mae: 0.1312
Test Results:
r2: 0.9918
rmse: 0.1702
mae: 0.1250
17/101
train r2: 0.9952563981163123, valid r2: 0.9856482654768977, test r2: 0.9886127002874399
Training Results:
r2: 0.9953
rmse: 0.1332
mae: 0.1036
Validation Results:
r2: 0.9856
rmse: 0.2289
mae: 0.1507
Test Results:
r2: 0.9886
rmse: 0.2002
mae: 0.1465
18/101
train r2: 0.9944132698953595, valid r2: 0.9868707352909082, test r2: 0.9893315105617786
Training Results:
r2: 0.9944
rmse: 0.1446
mae: 0.1177
Validation Results:
r2: 0.9869
rmse: 0.2189
mae: 0.1565
Test Results:
r2: 0.9893
rmse: 0.1937
mae: 0.1448
19/101
train r2: 0.9972073996954931, valid r2: 0.989312876618282, test r2: 0.9923706594282097
Training Results:
r2: 0.9972
rmse: 0.1022
mae: 0.0762
Validation Results:
r2: 0.9893
rmse: 0.1975
mae: 0.1285
Test Results:
r2: 0.9924
rmse: 0.1638
mae: 0.1166
20/101
train r2: 0.9972042087575408, valid r2: 0.988171662416373, test r2: 0.991888560304109
Training Results:
r2: 0.9972
rmse: 0.1023
mae: 0.0755
Validation Results:
r2: 0.9882
rmse: 0.2078
mae: 0.1308
Test Results:
r2: 0.9919
rmse: 0.1689
mae: 0.1175
21/101
train r2: 0.9977376908574993, valid r2: 0.9900888222361588, test r2: 0.9929755832593147
Training Results:
r2: 0.9977
rmse: 0.0920
mae: 0.0704
Validation Results:
r2: 0.9901
rmse: 0.1902
mae: 0.1228
Test Results:
r2: 0.9930
rmse: 0.1572
mae: 0.1080
22/101
train r2: 0.9970631670475153, valid r2: 0.9898624541830511, test r2: 0.99313705915374
Training Results:
r2: 0.9971
rmse: 0.1048
mae: 0.0764
Validation Results:
r2: 0.9899
rmse: 0.1923
mae: 0.1240
Test Results:
r2: 0.9931
rmse: 0.1554
mae: 0.1137
23/101
train r2: 0.9978060809549704, valid r2: 0.9904224029199195, test r2: 0.9931703134368641
Training Results:
r2: 0.9978
rmse: 0.0906
mae: 0.0635
Validation Results:
r2: 0.9904
rmse: 0.1870
mae: 0.1147
Test Results:
r2: 0.9932
rmse: 0.1550
mae: 0.1072
24/101
train r2: 0.9979400330720729, valid r2: 0.990057170632658, test r2: 0.9931301360851656
Training Results:
r2: 0.9979
rmse: 0.0878
mae: 0.0665
Validation Results:
r2: 0.9901
rmse: 0.1905
mae: 0.1179
Test Results:
r2: 0.9931
rmse: 0.1555
mae: 0.1082
25/101
train r2: 0.998200225963854, valid r2: 0.9909270069836327, test r2: 0.9929965786911628
Training Results:
r2: 0.9982
rmse: 0.0821
mae: 0.0582
Validation Results:
r2: 0.9909
rmse: 0.1820
mae: 0.1065
Test Results:
r2: 0.9930
rmse: 0.1570
mae: 0.1035
26/101
train r2: 0.9979346309099556, valid r2: 0.9902295397260912, test r2: 0.9930846181204924
Training Results:
r2: 0.9979
rmse: 0.0879
mae: 0.0668
Validation Results:
r2: 0.9902
rmse: 0.1888
mae: 0.1169
Test Results:
r2: 0.9931
rmse: 0.1560
mae: 0.1073
27/101
train r2: 0.9971443311299839, valid r2: 0.9884197013029474, test r2: 0.9922892462506643
Training Results:
r2: 0.9971
rmse: 0.1033
mae: 0.0651
Validation Results:
r2: 0.9884
rmse: 0.2056
mae: 0.1199
Test Results:
r2: 0.9923
rmse: 0.1647
mae: 0.1075
28/101
train r2: 0.9983306059937823, valid r2: 0.990937841455836, test r2: 0.9942536058270088
Training Results:
r2: 0.9983
rmse: 0.0790
mae: 0.0589
Validation Results:
r2: 0.9909
rmse: 0.1819
mae: 0.1084
Test Results:
r2: 0.9943
rmse: 0.1422
mae: 0.0997
29/101
train r2: 0.9988309810137543, valid r2: 0.9916521921804048, test r2: 0.9947055089596641
Training Results:
r2: 0.9988
rmse: 0.0661
mae: 0.0497
Validation Results:
r2: 0.9917
rmse: 0.1745
mae: 0.1011
Test Results:
r2: 0.9947
rmse: 0.1365
mae: 0.0919
30/101
train r2: 0.9988905215689308, valid r2: 0.991228529544048, test r2: 0.9944925798224296
Training Results:
r2: 0.9989
rmse: 0.0644
mae: 0.0497
Validation Results:
r2: 0.9912
rmse: 0.1789
mae: 0.1050
Test Results:
r2: 0.9945
rmse: 0.1392
mae: 0.0954
31/101
train r2: 0.9986471332364889, valid r2: 0.991397524828174, test r2: 0.9943879142518093
Training Results:
r2: 0.9986
rmse: 0.0711
mae: 0.0531
Validation Results:
r2: 0.9914
rmse: 0.1772
mae: 0.1074
Test Results:
r2: 0.9944
rmse: 0.1405
mae: 0.0951
32/101
train r2: 0.9986126371317549, valid r2: 0.9909466871656901, test r2: 0.9944843508159537
Training Results:
r2: 0.9986
rmse: 0.0721
mae: 0.0545
Validation Results:
r2: 0.9909
rmse: 0.1818
mae: 0.1052
Test Results:
r2: 0.9945
rmse: 0.1393
mae: 0.0952
33/101
train r2: 0.9978371039101694, valid r2: 0.9900032031436837, test r2: 0.9936072255311582
Training Results:
r2: 0.9978
rmse: 0.0900
mae: 0.0681
Validation Results:
r2: 0.9900
rmse: 0.1910
mae: 0.1148
Test Results:
r2: 0.9936
rmse: 0.1500
mae: 0.1011
34/101
train r2: 0.9990277939762314, valid r2: 0.9917663208425437, test r2: 0.9947622454634899
Training Results:
r2: 0.9990
rmse: 0.0603
mae: 0.0459
Validation Results:
r2: 0.9918
rmse: 0.1733
mae: 0.0999
Test Results:
r2: 0.9948
rmse: 0.1357
mae: 0.0900
35/101
train r2: 0.9986891558827524, valid r2: 0.9908722818138739, test r2: 0.9945982266489884
Training Results:
r2: 0.9987
rmse: 0.0700
mae: 0.0525
Validation Results:
r2: 0.9909
rmse: 0.1825
mae: 0.1024
Test Results:
r2: 0.9946
rmse: 0.1379
mae: 0.0930
36/101
train r2: 0.9989129451161843, valid r2: 0.9915818162891905, test r2: 0.9941865245454252
Training Results:
r2: 0.9989
rmse: 0.0638
mae: 0.0470
Validation Results:
r2: 0.9916
rmse: 0.1753
mae: 0.1024
Test Results:
r2: 0.9942
rmse: 0.1430
mae: 0.0939
37/101
train r2: 0.998884572179444, valid r2: 0.9918013665822917, test r2: 0.9950415568380422
Training Results:
r2: 0.9989
rmse: 0.0646
mae: 0.0481
Validation Results:
r2: 0.9918
rmse: 0.1730
mae: 0.0993
Test Results:
r2: 0.9950
rmse: 0.1321
mae: 0.0893
38/101
train r2: 0.9990549100537253, valid r2: 0.9918487821697651, test r2: 0.9951562056284058
Training Results:
r2: 0.9991
rmse: 0.0595
mae: 0.0432
Validation Results:
r2: 0.9918
rmse: 0.1725
mae: 0.0973
Test Results:
r2: 0.9952
rmse: 0.1305
mae: 0.0893
39/101
train r2: 0.9988511161527315, valid r2: 0.9908694268177818, test r2: 0.9945847541737708
Training Results:
r2: 0.9989
rmse: 0.0656
mae: 0.0482
Validation Results:
r2: 0.9909
rmse: 0.1825
mae: 0.1023
Test Results:
r2: 0.9946
rmse: 0.1380
mae: 0.0907
40/101
train r2: 0.9992951262423484, valid r2: 0.9919850586031039, test r2: 0.9950618829537237
Training Results:
r2: 0.9993
rmse: 0.0513
mae: 0.0377
Validation Results:
r2: 0.9920
rmse: 0.1710
mae: 0.0943
Test Results:
r2: 0.9951
rmse: 0.1318
mae: 0.0856
41/101
train r2: 0.9993708462709525, valid r2: 0.9917749913702275, test r2: 0.9953258268862197
Training Results:
r2: 0.9994
rmse: 0.0485
mae: 0.0365
Validation Results:
r2: 0.9918
rmse: 0.1733
mae: 0.0943
Test Results:
r2: 0.9953
rmse: 0.1282
mae: 0.0850
42/101
train r2: 0.9992974803971653, valid r2: 0.9920836263873093, test r2: 0.9951687406089162
Training Results:
r2: 0.9993
rmse: 0.0513
mae: 0.0386
Validation Results:
r2: 0.9921
rmse: 0.1700
mae: 0.0918
Test Results:
r2: 0.9952
rmse: 0.1304
mae: 0.0835
43/101
train r2: 0.9990599951337731, valid r2: 0.9912887009131134, test r2: 0.9947903020856218
Training Results:
r2: 0.9991
rmse: 0.0593
mae: 0.0455
Validation Results:
r2: 0.9913
rmse: 0.1783
mae: 0.0990
Test Results:
r2: 0.9948
rmse: 0.1354
mae: 0.0902
44/101
train r2: 0.9989875955273436, valid r2: 0.9920443305161919, test r2: 0.9950413771565487
Training Results:
r2: 0.9990
rmse: 0.0615
mae: 0.0484
Validation Results:
r2: 0.9920
rmse: 0.1704
mae: 0.0981
Test Results:
r2: 0.9950
rmse: 0.1321
mae: 0.0884
45/101
train r2: 0.9991623435986187, valid r2: 0.991958109423189, test r2: 0.9951717224637061
Training Results:
r2: 0.9992
rmse: 0.0560
mae: 0.0430
Validation Results:
r2: 0.9920
rmse: 0.1713
mae: 0.0943
Test Results:
r2: 0.9952
rmse: 0.1303
mae: 0.0854
46/101
train r2: 0.9991653432702176, valid r2: 0.9918563681786097, test r2: 0.9953089080328933
Training Results:
r2: 0.9992
rmse: 0.0559
mae: 0.0426
Validation Results:
r2: 0.9919
rmse: 0.1724
mae: 0.0948
Test Results:
r2: 0.9953
rmse: 0.1285
mae: 0.0863
47/101
train r2: 0.9991389609380209, valid r2: 0.9919739283091832, test r2: 0.9953093912601652
Training Results:
r2: 0.9991
rmse: 0.0568
mae: 0.0427
Validation Results:
r2: 0.9920
rmse: 0.1711
mae: 0.0969
Test Results:
r2: 0.9953
rmse: 0.1285
mae: 0.0868
48/101
train r2: 0.9988386223262431, valid r2: 0.991363576141129, test r2: 0.9946719579752161
Training Results:
r2: 0.9988
rmse: 0.0659
mae: 0.0495
Validation Results:
r2: 0.9914
rmse: 0.1775
mae: 0.0974
Test Results:
r2: 0.9947
rmse: 0.1369
mae: 0.0894
49/101
train r2: 0.9994072679814778, valid r2: 0.9920508878143365, test r2: 0.9953971422406609
Training Results:
r2: 0.9994
rmse: 0.0471
mae: 0.0363
Validation Results:
r2: 0.9921
rmse: 0.1703
mae: 0.0923
Test Results:
r2: 0.9954
rmse: 0.1273
mae: 0.0833
50/101
train r2: 0.9993942617956242, valid r2: 0.9923250414421085, test r2: 0.9954639143686675
Training Results:
r2: 0.9994
rmse: 0.0476
mae: 0.0369
Validation Results:
r2: 0.9923
rmse: 0.1674
mae: 0.0900
Test Results:
r2: 0.9955
rmse: 0.1263
mae: 0.0836
51/101
train r2: 0.9992918281967655, valid r2: 0.9921854382450089, test r2: 0.9954076400452891
Training Results:
r2: 0.9993
rmse: 0.0515
mae: 0.0419
Validation Results:
r2: 0.9922
rmse: 0.1689
mae: 0.0944
Test Results:
r2: 0.9954
rmse: 0.1271
mae: 0.0849
52/101
train r2: 0.9993848809707835, valid r2: 0.9919304649328294, test r2: 0.9955082209250287
Training Results:
r2: 0.9994
rmse: 0.0480
mae: 0.0384
Validation Results:
r2: 0.9919
rmse: 0.1716
mae: 0.0935
Test Results:
r2: 0.9955
rmse: 0.1257
mae: 0.0835
53/101
train r2: 0.9994441216026898, valid r2: 0.9926758397699798, test r2: 0.9955356031600157
Training Results:
r2: 0.9994
rmse: 0.0456
mae: 0.0341
Validation Results:
r2: 0.9927
rmse: 0.1635
mae: 0.0882
Test Results:
r2: 0.9955
rmse: 0.1253
mae: 0.0829
54/101
train r2: 0.9993277509490139, valid r2: 0.9921101290284372, test r2: 0.9953594378346349
Training Results:
r2: 0.9993
rmse: 0.0502
mae: 0.0395
Validation Results:
r2: 0.9921
rmse: 0.1697
mae: 0.0915
Test Results:
r2: 0.9954
rmse: 0.1278
mae: 0.0847
55/101
train r2: 0.9993741805223748, valid r2: 0.9923317249986772, test r2: 0.9955831923994115
Training Results:
r2: 0.9994
rmse: 0.0484
mae: 0.0376
Validation Results:
r2: 0.9923
rmse: 0.1673
mae: 0.0896
Test Results:
r2: 0.9956
rmse: 0.1247
mae: 0.0817
56/101
train r2: 0.9996457663591521, valid r2: 0.9925556141074154, test r2: 0.9956345459945131
Training Results:
r2: 0.9996
rmse: 0.0364
mae: 0.0276
Validation Results:
r2: 0.9926
rmse: 0.1648
mae: 0.0856
Test Results:
r2: 0.9956
rmse: 0.1239
mae: 0.0799
57/101
train r2: 0.9996139560501283, valid r2: 0.9922697233506482, test r2: 0.9955178856274579
Training Results:
r2: 0.9996
rmse: 0.0380
mae: 0.0289
Validation Results:
r2: 0.9923
rmse: 0.1680
mae: 0.0884
Test Results:
r2: 0.9955
rmse: 0.1256
mae: 0.0804
58/101
train r2: 0.9996751324539916, valid r2: 0.9924877898400959, test r2: 0.9958766157108625
Training Results:
r2: 0.9997
rmse: 0.0349
mae: 0.0261
Validation Results:
r2: 0.9925
rmse: 0.1656
mae: 0.0867
Test Results:
r2: 0.9959
rmse: 0.1204
mae: 0.0788
59/101
train r2: 0.9990935737480519, valid r2: 0.9918377991756424, test r2: 0.9953011135003588
Training Results:
r2: 0.9991
rmse: 0.0582
mae: 0.0496
Validation Results:
r2: 0.9918
rmse: 0.1726
mae: 0.0987
Test Results:
r2: 0.9953
rmse: 0.1286
mae: 0.0892
60/101
train r2: 0.9996240962409064, valid r2: 0.9920079917302332, test r2: 0.9957004097009935
Training Results:
r2: 0.9996
rmse: 0.0375
mae: 0.0285
Validation Results:
r2: 0.9920
rmse: 0.1708
mae: 0.0894
Test Results:
r2: 0.9957
rmse: 0.1230
mae: 0.0801
61/101
train r2: 0.9994752047743567, valid r2: 0.9918633625576856, test r2: 0.9954701720265462
Training Results:
r2: 0.9995
rmse: 0.0443
mae: 0.0349
Validation Results:
r2: 0.9919
rmse: 0.1723
mae: 0.0918
Test Results:
r2: 0.9955
rmse: 0.1262
mae: 0.0831
62/101
train r2: 0.9997062593023608, valid r2: 0.9923975682801184, test r2: 0.9957123726786785
Training Results:
r2: 0.9997
rmse: 0.0332
mae: 0.0251
Validation Results:
r2: 0.9924
rmse: 0.1666
mae: 0.0857
Test Results:
r2: 0.9957
rmse: 0.1228
mae: 0.0787
63/101
train r2: 0.9998159993340784, valid r2: 0.9925392601540903, test r2: 0.995870665458317
Training Results:
r2: 0.9998
rmse: 0.0262
mae: 0.0194
Validation Results:
r2: 0.9925
rmse: 0.1650
mae: 0.0850
Test Results:
r2: 0.9959
rmse: 0.1205
mae: 0.0769
64/101
train r2: 0.9997160585235861, valid r2: 0.9924330987841332, test r2: 0.9959675669213304
Training Results:
r2: 0.9997
rmse: 0.0326
mae: 0.0251
Validation Results:
r2: 0.9924
rmse: 0.1662
mae: 0.0863
Test Results:
r2: 0.9960
rmse: 0.1191
mae: 0.0774
65/101
train r2: 0.9997809423315036, valid r2: 0.9924825338582549, test r2: 0.9957815261486848
Training Results:
r2: 0.9998
rmse: 0.0286
mae: 0.0216
Validation Results:
r2: 0.9925
rmse: 0.1656
mae: 0.0833
Test Results:
r2: 0.9958
rmse: 0.1218
mae: 0.0770
66/101
train r2: 0.9997996001971909, valid r2: 0.9924593842030942, test r2: 0.9958689719104716
Training Results:
r2: 0.9998
rmse: 0.0274
mae: 0.0209
Validation Results:
r2: 0.9925
rmse: 0.1659
mae: 0.0855
Test Results:
r2: 0.9959
rmse: 0.1206
mae: 0.0762
67/101
train r2: 0.9997489118611651, valid r2: 0.992277222618003, test r2: 0.9958251926485768
Training Results:
r2: 0.9997
rmse: 0.0307
mae: 0.0239
Validation Results:
r2: 0.9923
rmse: 0.1679
mae: 0.0870
Test Results:
r2: 0.9958
rmse: 0.1212
mae: 0.0782
68/101
train r2: 0.9997510240287172, valid r2: 0.9925868102476941, test r2: 0.9957842504597827
Training Results:
r2: 0.9998
rmse: 0.0305
mae: 0.0228
Validation Results:
r2: 0.9926
rmse: 0.1645
mae: 0.0855
Test Results:
r2: 0.9958
rmse: 0.1218
mae: 0.0777
69/101
train r2: 0.9997670423540665, valid r2: 0.9927268104834822, test r2: 0.9959712351612131
Training Results:
r2: 0.9998
rmse: 0.0295
mae: 0.0216
Validation Results:
r2: 0.9927
rmse: 0.1629
mae: 0.0839
Test Results:
r2: 0.9960
rmse: 0.1191
mae: 0.0762
70/101
train r2: 0.9997573231669673, valid r2: 0.99249627025452, test r2: 0.9958138578966611
Training Results:
r2: 0.9998
rmse: 0.0301
mae: 0.0238
Validation Results:
r2: 0.9925
rmse: 0.1655
mae: 0.0855
Test Results:
r2: 0.9958
rmse: 0.1214
mae: 0.0774
71/101
train r2: 0.9997513411284962, valid r2: 0.9923401548460025, test r2: 0.9958357909161032
Training Results:
r2: 0.9998
rmse: 0.0305
mae: 0.0232
Validation Results:
r2: 0.9923
rmse: 0.1672
mae: 0.0853
Test Results:
r2: 0.9958
rmse: 0.1210
mae: 0.0779
72/101
train r2: 0.9998327870399306, valid r2: 0.9926108305414121, test r2: 0.9958081804992205
Training Results:
r2: 0.9998
rmse: 0.0250
mae: 0.0189
Validation Results:
r2: 0.9926
rmse: 0.1642
mae: 0.0846
Test Results:
r2: 0.9958
rmse: 0.1214
mae: 0.0766
73/101
train r2: 0.9998970447093531, valid r2: 0.9925683056848159, test r2: 0.9960793024374633
Training Results:
r2: 0.9999
rmse: 0.0196
mae: 0.0147
Validation Results:
r2: 0.9926
rmse: 0.1647
mae: 0.0826
Test Results:
r2: 0.9961
rmse: 0.1174
mae: 0.0753
74/101
train r2: 0.9998696093711447, valid r2: 0.9927255376424111, test r2: 0.9960772079700849
Training Results:
r2: 0.9999
rmse: 0.0221
mae: 0.0163
Validation Results:
r2: 0.9927
rmse: 0.1629
mae: 0.0826
Test Results:
r2: 0.9961
rmse: 0.1175
mae: 0.0745
75/101
train r2: 0.9998589583221833, valid r2: 0.9924705138060368, test r2: 0.9960230804414281
Training Results:
r2: 0.9999
rmse: 0.0230
mae: 0.0179
Validation Results:
r2: 0.9925
rmse: 0.1658
mae: 0.0843
Test Results:
r2: 0.9960
rmse: 0.1183
mae: 0.0760
76/101
train r2: 0.9998649715603588, valid r2: 0.9926446596305797, test r2: 0.9958507396851772
Training Results:
r2: 0.9999
rmse: 0.0225
mae: 0.0177
Validation Results:
r2: 0.9926
rmse: 0.1638
mae: 0.0836
Test Results:
r2: 0.9959
rmse: 0.1208
mae: 0.0761
77/101
train r2: 0.9998950683730565, valid r2: 0.9924859951091024, test r2: 0.9961021404126902
Training Results:
r2: 0.9999
rmse: 0.0198
mae: 0.0150
Validation Results:
r2: 0.9925
rmse: 0.1656
mae: 0.0839
Test Results:
r2: 0.9961
rmse: 0.1171
mae: 0.0745
78/101
train r2: 0.9999188883074865, valid r2: 0.9926740090441726, test r2: 0.9959925527020783
Training Results:
r2: 0.9999
rmse: 0.0174
mae: 0.0129
Validation Results:
r2: 0.9927
rmse: 0.1635
mae: 0.0832
Test Results:
r2: 0.9960
rmse: 0.1187
mae: 0.0749
79/101
train r2: 0.999940646402434, valid r2: 0.9925618429760928, test r2: 0.9959505634749792
Training Results:
r2: 0.9999
rmse: 0.0149
mae: 0.0107
Validation Results:
r2: 0.9926
rmse: 0.1648
mae: 0.0830
Test Results:
r2: 0.9960
rmse: 0.1194
mae: 0.0749
80/101
train r2: 0.999955090041867, valid r2: 0.9926162252311188, test r2: 0.9960754370277115
Training Results:
r2: 1.0000
rmse: 0.0130
mae: 0.0099
Validation Results:
r2: 0.9926
rmse: 0.1642
mae: 0.0823
Test Results:
r2: 0.9961
rmse: 0.1175
mae: 0.0737
81/101
train r2: 0.9999406931908353, valid r2: 0.9926556658840422, test r2: 0.996090596039756
Training Results:
r2: 0.9999
rmse: 0.0149
mae: 0.0111
Validation Results:
r2: 0.9927
rmse: 0.1637
mae: 0.0822
Test Results:
r2: 0.9961
rmse: 0.1173
mae: 0.0740
82/101
train r2: 0.9999541622166043, valid r2: 0.9926547400907587, test r2: 0.9960433818160649
Training Results:
r2: 1.0000
rmse: 0.0131
mae: 0.0097
Validation Results:
r2: 0.9927
rmse: 0.1637
mae: 0.0822
Test Results:
r2: 0.9960
rmse: 0.1180
mae: 0.0745
83/101
train r2: 0.9999529316845337, valid r2: 0.9927301683008202, test r2: 0.9960765137142624
Training Results:
r2: 1.0000
rmse: 0.0133
mae: 0.0100
Validation Results:
r2: 0.9927
rmse: 0.1629
mae: 0.0815
Test Results:
r2: 0.9961
rmse: 0.1175
mae: 0.0735
84/101
train r2: 0.9999173073525734, valid r2: 0.9926506326020937, test r2: 0.9961418244000041
Training Results:
r2: 0.9999
rmse: 0.0176
mae: 0.0131
Validation Results:
r2: 0.9927
rmse: 0.1638
mae: 0.0822
Test Results:
r2: 0.9961
rmse: 0.1165
mae: 0.0740
85/101
train r2: 0.9999116733318449, valid r2: 0.9924544344974371, test r2: 0.9959987536972483
Training Results:
r2: 0.9999
rmse: 0.0182
mae: 0.0139
Validation Results:
r2: 0.9925
rmse: 0.1659
mae: 0.0837
Test Results:
r2: 0.9960
rmse: 0.1186
mae: 0.0743
86/101
train r2: 0.9999659708318934, valid r2: 0.9927533202735284, test r2: 0.9961414031991583
Training Results:
r2: 1.0000
rmse: 0.0113
mae: 0.0086
Validation Results:
r2: 0.9928
rmse: 0.1626
mae: 0.0815
Test Results:
r2: 0.9961
rmse: 0.1165
mae: 0.0731
87/101
train r2: 0.9999726019443687, valid r2: 0.9927957052300717, test r2: 0.9961458636703315
Training Results:
r2: 1.0000
rmse: 0.0101
mae: 0.0075
Validation Results:
r2: 0.9928
rmse: 0.1621
mae: 0.0817
Test Results:
r2: 0.9961
rmse: 0.1164
mae: 0.0736
88/101
train r2: 0.9999723452814374, valid r2: 0.9926967236109459, test r2: 0.9961026637298613
Training Results:
r2: 1.0000
rmse: 0.0102
mae: 0.0077
Validation Results:
r2: 0.9927
rmse: 0.1633
mae: 0.0819
Test Results:
r2: 0.9961
rmse: 0.1171
mae: 0.0735
89/101
train r2: 0.9999837020311634, valid r2: 0.9926932907335213, test r2: 0.9961187081727388
Training Results:
r2: 1.0000
rmse: 0.0078
mae: 0.0060
Validation Results:
r2: 0.9927
rmse: 0.1633
mae: 0.0817
Test Results:
r2: 0.9961
rmse: 0.1169
mae: 0.0735
90/101
train r2: 0.9999833514872633, valid r2: 0.992716520064593, test r2: 0.9960715815957175
Training Results:
r2: 1.0000
rmse: 0.0079
mae: 0.0061
Validation Results:
r2: 0.9927
rmse: 0.1630
mae: 0.0814
Test Results:
r2: 0.9961
rmse: 0.1176
mae: 0.0737
91/101
train r2: 0.9999924491919188, valid r2: 0.9927553187266915, test r2: 0.9961427844874263
Training Results:
r2: 1.0000
rmse: 0.0053
mae: 0.0040
Validation Results:
r2: 0.9928
rmse: 0.1626
mae: 0.0815
Test Results:
r2: 0.9961
rmse: 0.1165
mae: 0.0733
92/101
train r2: 0.9999941800230349, valid r2: 0.9926736406946108, test r2: 0.9961071032641298
Training Results:
r2: 1.0000
rmse: 0.0047
mae: 0.0036
Validation Results:
r2: 0.9927
rmse: 0.1635
mae: 0.0819
Test Results:
r2: 0.9961
rmse: 0.1170
mae: 0.0733
93/101
train r2: 0.9999961386640812, valid r2: 0.9927474235728029, test r2: 0.9961022493060386
Training Results:
r2: 1.0000
rmse: 0.0038
mae: 0.0029
Validation Results:
r2: 0.9927
rmse: 0.1627
mae: 0.0814
Test Results:
r2: 0.9961
rmse: 0.1171
mae: 0.0733
94/101
train r2: 0.9999974353408405, valid r2: 0.9927273355280537, test r2: 0.9961233027093235
Training Results:
r2: 1.0000
rmse: 0.0031
mae: 0.0024
Validation Results:
r2: 0.9927
rmse: 0.1629
mae: 0.0816
Test Results:
r2: 0.9961
rmse: 0.1168
mae: 0.0733
95/101
train r2: 0.9999975517126853, valid r2: 0.9927253485852385, test r2: 0.9961121592143801
Training Results:
r2: 1.0000
rmse: 0.0030
mae: 0.0023
Validation Results:
r2: 0.9927
rmse: 0.1629
mae: 0.0816
Test Results:
r2: 0.9961
rmse: 0.1170
mae: 0.0732
96/101
train r2: 0.999998893448483, valid r2: 0.9927117609015422, test r2: 0.9961115151752918
Training Results:
r2: 1.0000
rmse: 0.0020
mae: 0.0016
Validation Results:
r2: 0.9927
rmse: 0.1631
mae: 0.0816
Test Results:
r2: 0.9961
rmse: 0.1170
mae: 0.0733
97/101
train r2: 0.9999993760474383, valid r2: 0.9927246076906643, test r2: 0.9961193575614047
Training Results:
r2: 1.0000
rmse: 0.0015
mae: 0.0012
Validation Results:
r2: 0.9927
rmse: 0.1629
mae: 0.0815
Test Results:
r2: 0.9961
rmse: 0.1168
mae: 0.0732
98/101
train r2: 0.9999996064111276, valid r2: 0.9927118073527796, test r2: 0.9961192959964046
Training Results:
r2: 1.0000
rmse: 0.0012
mae: 0.0010
Validation Results:
r2: 0.9927
rmse: 0.1631
mae: 0.0816
Test Results:
r2: 0.9961
rmse: 0.1168
mae: 0.0733
99/101
train r2: 0.9999997580575793, valid r2: 0.9927241092396748, test r2: 0.9961222858189155
Training Results:
r2: 1.0000
rmse: 0.0010
mae: 0.0007
Validation Results:
r2: 0.9927
rmse: 0.1629
mae: 0.0815
Test Results:
r2: 0.9961
rmse: 0.1168
mae: 0.0732
100/101
train r2: 0.9999998182705099, valid r2: 0.9927214252610004, test r2: 0.996119072554043
Training Results:
r2: 1.0000
rmse: 0.0008
mae: 0.0006
Validation Results:
r2: 0.9927
rmse: 0.1630
mae: 0.0815
Test Results:
r2: 0.9961
rmse: 0.1168
mae: 0.0732
train: 1.0000, val: 0.9928, test: 0.9961
end_test_result: (0.9979174121341985, 0.08559489995241165, 0.062140051275491714)
Time used on constrained_logP: 5:30:34
Current seed: 2044, current split method: scaffold, current task: constrained_logP
Namespace(seed=2024, times=5, n_epochs=100, config='base', model_path='../models/pretrained/base/base.pth', dataset='constrained_logP', data_path='../datasets/', dataset_type='regression', use_scaler=True, metric=['r2', 'rmse', 'mae'], split='scaffold_2044', weight_decay=0.0, dropout=0.0, lr=3e-05, n_threads=8)
args.seed: 2024
use label scaler
use label scaler
use label scaler
model have 90.143705M paramerters in total
train_dataset.mean: tensor([-2.4664]) train_dataset.std: tensor([1.9374])
1/101
train r2: 0.8337128727933012, valid r2: 0.8335788672412126, test r2: 0.7986541088232811
Training Results:
r2: 0.8337
rmse: 0.7898
mae: 0.5877
Validation Results:
r2: 0.8336
rmse: 0.8120
mae: 0.5983
Test Results:
r2: 0.7987
rmse: 0.7760
mae: 0.5907
2/101
train r2: 0.9573507914014765, valid r2: 0.9504203216562751, test r2: 0.9393093732013906
Training Results:
r2: 0.9574
rmse: 0.4002
mae: 0.2980
Validation Results:
r2: 0.9504
rmse: 0.4432
mae: 0.3181
Test Results:
r2: 0.9393
rmse: 0.4261
mae: 0.3249
3/101
train r2: 0.9803497404557341, valid r2: 0.9708541065537669, test r2: 0.9644921280036788
Training Results:
r2: 0.9803
rmse: 0.2714
mae: 0.2032
Validation Results:
r2: 0.9709
rmse: 0.3398
mae: 0.2395
Test Results:
r2: 0.9645
rmse: 0.3259
mae: 0.2450
4/101
train r2: 0.9840508635064033, valid r2: 0.9763604779694682, test r2: 0.9688964934186408
Training Results:
r2: 0.9841
rmse: 0.2447
mae: 0.1909
Validation Results:
r2: 0.9764
rmse: 0.3060
mae: 0.2270
Test Results:
r2: 0.9689
rmse: 0.3050
mae: 0.2234
5/101
train r2: 0.993310337759262, valid r2: 0.983332440797426, test r2: 0.9791167520082459
Training Results:
r2: 0.9933
rmse: 0.1585
mae: 0.1210
Validation Results:
r2: 0.9833
rmse: 0.2570
mae: 0.1758
Test Results:
r2: 0.9791
rmse: 0.2499
mae: 0.1749
6/101
train r2: 0.9943055850918419, valid r2: 0.98400174361231, test r2: 0.9807648312402949
Training Results:
r2: 0.9943
rmse: 0.1462
mae: 0.1143
Validation Results:
r2: 0.9840
rmse: 0.2518
mae: 0.1757
Test Results:
r2: 0.9808
rmse: 0.2399
mae: 0.1693
7/101
train r2: 0.9954478767094456, valid r2: 0.9868178718168553, test r2: 0.9817753126658724
Training Results:
r2: 0.9954
rmse: 0.1308
mae: 0.1005
Validation Results:
r2: 0.9868
rmse: 0.2285
mae: 0.1592
Test Results:
r2: 0.9818
rmse: 0.2335
mae: 0.1596
8/101
train r2: 0.9942829881360825, valid r2: 0.9869009584132199, test r2: 0.981376614632083
Training Results:
r2: 0.9943
rmse: 0.1465
mae: 0.1140
Validation Results:
r2: 0.9869
rmse: 0.2278
mae: 0.1620
Test Results:
r2: 0.9814
rmse: 0.2360
mae: 0.1638
9/101
train r2: 0.9902606142864453, valid r2: 0.9797220681635179, test r2: 0.9778750857804375
Training Results:
r2: 0.9903
rmse: 0.1912
mae: 0.1422
Validation Results:
r2: 0.9797
rmse: 0.2834
mae: 0.1948
Test Results:
r2: 0.9779
rmse: 0.2573
mae: 0.1811
10/101
train r2: 0.9944327608433521, valid r2: 0.9881237162962836, test r2: 0.9839043502960932
Training Results:
r2: 0.9944
rmse: 0.1446
mae: 0.1079
Validation Results:
r2: 0.9881
rmse: 0.2169
mae: 0.1509
Test Results:
r2: 0.9839
rmse: 0.2194
mae: 0.1505
11/101
train r2: 0.9951429580810279, valid r2: 0.9872670492746284, test r2: 0.9851491294914718
Training Results:
r2: 0.9951
rmse: 0.1350
mae: 0.1019
Validation Results:
r2: 0.9873
rmse: 0.2246
mae: 0.1543
Test Results:
r2: 0.9851
rmse: 0.2108
mae: 0.1451
12/101
train r2: 0.9956963716687866, valid r2: 0.9878520098168906, test r2: 0.9867911809465866
Training Results:
r2: 0.9957
rmse: 0.1270
mae: 0.0955
Validation Results:
r2: 0.9879
rmse: 0.2194
mae: 0.1462
Test Results:
r2: 0.9868
rmse: 0.1988
mae: 0.1353
13/101
train r2: 0.9961376020752535, valid r2: 0.9878199508787643, test r2: 0.9867051777722831
Training Results:
r2: 0.9961
rmse: 0.1204
mae: 0.0916
Validation Results:
r2: 0.9878
rmse: 0.2197
mae: 0.1391
Test Results:
r2: 0.9867
rmse: 0.1994
mae: 0.1452
14/101
train r2: 0.9975119463903446, valid r2: 0.9895622178679243, test r2: 0.9872298554391329
Training Results:
r2: 0.9975
rmse: 0.0967
mae: 0.0751
Validation Results:
r2: 0.9896
rmse: 0.2033
mae: 0.1319
Test Results:
r2: 0.9872
rmse: 0.1954
mae: 0.1313
15/101
train r2: 0.9976675657816305, valid r2: 0.990275072623056, test r2: 0.9875883871801137
Training Results:
r2: 0.9977
rmse: 0.0936
mae: 0.0717
Validation Results:
r2: 0.9903
rmse: 0.1963
mae: 0.1304
Test Results:
r2: 0.9876
rmse: 0.1927
mae: 0.1316
16/101
train r2: 0.9978309957411898, valid r2: 0.991116134907404, test r2: 0.9899321024554129
Training Results:
r2: 0.9978
rmse: 0.0902
mae: 0.0675
Validation Results:
r2: 0.9911
rmse: 0.1876
mae: 0.1193
Test Results:
r2: 0.9899
rmse: 0.1735
mae: 0.1146
17/101
train r2: 0.9961210601072487, valid r2: 0.9897726511278491, test r2: 0.9886541909787424
Training Results:
r2: 0.9961
rmse: 0.1207
mae: 0.0938
Validation Results:
r2: 0.9898
rmse: 0.2013
mae: 0.1361
Test Results:
r2: 0.9887
rmse: 0.1842
mae: 0.1295
18/101
train r2: 0.9969392509200898, valid r2: 0.9901554501904973, test r2: 0.9890828162016019
Training Results:
r2: 0.9969
rmse: 0.1072
mae: 0.0796
Validation Results:
r2: 0.9902
rmse: 0.1975
mae: 0.1271
Test Results:
r2: 0.9891
rmse: 0.1807
mae: 0.1224
19/101
train r2: 0.9970452989964719, valid r2: 0.9905068142191797, test r2: 0.9901472008262558
Training Results:
r2: 0.9970
rmse: 0.1053
mae: 0.0809
Validation Results:
r2: 0.9905
rmse: 0.1939
mae: 0.1254
Test Results:
r2: 0.9901
rmse: 0.1717
mae: 0.1163
20/101
train r2: 0.995901099980088, valid r2: 0.9891771079944781, test r2: 0.9867372356264797
Training Results:
r2: 0.9959
rmse: 0.1240
mae: 0.0957
Validation Results:
r2: 0.9892
rmse: 0.2071
mae: 0.1358
Test Results:
r2: 0.9867
rmse: 0.1992
mae: 0.1438
21/101
train r2: 0.9975169792921857, valid r2: 0.9912845734698778, test r2: 0.9905308645951169
Training Results:
r2: 0.9975
rmse: 0.0965
mae: 0.0727
Validation Results:
r2: 0.9913
rmse: 0.1858
mae: 0.1202
Test Results:
r2: 0.9905
rmse: 0.1683
mae: 0.1109
22/101
train r2: 0.9977866957641416, valid r2: 0.9920808922268941, test r2: 0.9903736171033152
Training Results:
r2: 0.9978
rmse: 0.0911
mae: 0.0659
Validation Results:
r2: 0.9921
rmse: 0.1771
mae: 0.1116
Test Results:
r2: 0.9904
rmse: 0.1697
mae: 0.1132
23/101
train r2: 0.9979029188113111, valid r2: 0.9920229845176325, test r2: 0.9918847533385835
Training Results:
r2: 0.9979
rmse: 0.0887
mae: 0.0659
Validation Results:
r2: 0.9920
rmse: 0.1778
mae: 0.1155
Test Results:
r2: 0.9919
rmse: 0.1558
mae: 0.1002
24/101
train r2: 0.9976030997020956, valid r2: 0.9912990187760856, test r2: 0.9905381818800967
Training Results:
r2: 0.9976
rmse: 0.0949
mae: 0.0707
Validation Results:
r2: 0.9913
rmse: 0.1857
mae: 0.1195
Test Results:
r2: 0.9905
rmse: 0.1682
mae: 0.1176
25/101
train r2: 0.9981864423915888, valid r2: 0.9927276122187004, test r2: 0.99153877429773
Training Results:
r2: 0.9982
rmse: 0.0825
mae: 0.0617
Validation Results:
r2: 0.9927
rmse: 0.1697
mae: 0.1096
Test Results:
r2: 0.9915
rmse: 0.1591
mae: 0.1019
26/101
train r2: 0.9983516492448116, valid r2: 0.9921834353082876, test r2: 0.9917674960884589
Training Results:
r2: 0.9984
rmse: 0.0787
mae: 0.0581
Validation Results:
r2: 0.9922
rmse: 0.1760
mae: 0.1075
Test Results:
r2: 0.9918
rmse: 0.1569
mae: 0.1040
27/101
train r2: 0.9981657102575665, valid r2: 0.992768829084151, test r2: 0.9918106396729204
Training Results:
r2: 0.9982
rmse: 0.0830
mae: 0.0620
Validation Results:
r2: 0.9928
rmse: 0.1693
mae: 0.1088
Test Results:
r2: 0.9918
rmse: 0.1565
mae: 0.1027
28/101
train r2: 0.9985078421874868, valid r2: 0.9929600842378383, test r2: 0.9920387825113903
Training Results:
r2: 0.9985
rmse: 0.0748
mae: 0.0562
Validation Results:
r2: 0.9930
rmse: 0.1670
mae: 0.1039
Test Results:
r2: 0.9920
rmse: 0.1543
mae: 0.1032
29/101
train r2: 0.9975305506037682, valid r2: 0.9916742187222974, test r2: 0.9900975263909175
Training Results:
r2: 0.9975
rmse: 0.0963
mae: 0.0738
Validation Results:
r2: 0.9917
rmse: 0.1816
mae: 0.1170
Test Results:
r2: 0.9901
rmse: 0.1721
mae: 0.1187
30/101
train r2: 0.9984181355282026, valid r2: 0.9925554569775518, test r2: 0.9924135625206602
Training Results:
r2: 0.9984
rmse: 0.0770
mae: 0.0577
Validation Results:
r2: 0.9926
rmse: 0.1717
mae: 0.1019
Test Results:
r2: 0.9924
rmse: 0.1506
mae: 0.0969
31/101
train r2: 0.9962197062517307, valid r2: 0.9918447196013779, test r2: 0.9905394414077942
Training Results:
r2: 0.9962
rmse: 0.1191
mae: 0.0875
Validation Results:
r2: 0.9918
rmse: 0.1797
mae: 0.1255
Test Results:
r2: 0.9905
rmse: 0.1682
mae: 0.1171
32/101
train r2: 0.9977543453877092, valid r2: 0.992811071771008, test r2: 0.9919174595065394
Training Results:
r2: 0.9978
rmse: 0.0918
mae: 0.0745
Validation Results:
r2: 0.9928
rmse: 0.1688
mae: 0.1122
Test Results:
r2: 0.9919
rmse: 0.1555
mae: 0.1066
33/101
train r2: 0.998347763723879, valid r2: 0.9935065877947159, test r2: 0.991256768819382
Training Results:
r2: 0.9983
rmse: 0.0787
mae: 0.0629
Validation Results:
r2: 0.9935
rmse: 0.1604
mae: 0.1025
Test Results:
r2: 0.9913
rmse: 0.1617
mae: 0.1120
34/101
train r2: 0.9973687149116954, valid r2: 0.9924659270319245, test r2: 0.990859005402341
Training Results:
r2: 0.9974
rmse: 0.0994
mae: 0.0849
Validation Results:
r2: 0.9925
rmse: 0.1728
mae: 0.1189
Test Results:
r2: 0.9909
rmse: 0.1654
mae: 0.1211
35/101
train r2: 0.9969962449807546, valid r2: 0.9914230640192072, test r2: 0.9904671091431548
Training Results:
r2: 0.9970
rmse: 0.1062
mae: 0.0903
Validation Results:
r2: 0.9914
rmse: 0.1843
mae: 0.1283
Test Results:
r2: 0.9905
rmse: 0.1689
mae: 0.1238
36/101
train r2: 0.9983589707292837, valid r2: 0.9936842570887675, test r2: 0.9924071142508841
Training Results:
r2: 0.9984
rmse: 0.0785
mae: 0.0593
Validation Results:
r2: 0.9937
rmse: 0.1582
mae: 0.1016
Test Results:
r2: 0.9924
rmse: 0.1507
mae: 0.0979
37/101
train r2: 0.9979469069746595, valid r2: 0.9933990868183278, test r2: 0.9925707164683664
Training Results:
r2: 0.9979
rmse: 0.0878
mae: 0.0661
Validation Results:
r2: 0.9934
rmse: 0.1617
mae: 0.1054
Test Results:
r2: 0.9926
rmse: 0.1491
mae: 0.1002
38/101
train r2: 0.9989073810796688, valid r2: 0.9938217477614585, test r2: 0.9927634986424522
Training Results:
r2: 0.9989
rmse: 0.0641
mae: 0.0484
Validation Results:
r2: 0.9938
rmse: 0.1564
mae: 0.0936
Test Results:
r2: 0.9928
rmse: 0.1471
mae: 0.0963
39/101
train r2: 0.9979735930866698, valid r2: 0.9934198804453706, test r2: 0.992283802456568
Training Results:
r2: 0.9980
rmse: 0.0872
mae: 0.0704
Validation Results:
r2: 0.9934
rmse: 0.1615
mae: 0.1071
Test Results:
r2: 0.9923
rmse: 0.1519
mae: 0.1055
40/101
train r2: 0.9992545358244599, valid r2: 0.9938376742096635, test r2: 0.9933547058307718
Training Results:
r2: 0.9993
rmse: 0.0529
mae: 0.0382
Validation Results:
r2: 0.9938
rmse: 0.1562
mae: 0.0940
Test Results:
r2: 0.9934
rmse: 0.1410
mae: 0.0862
41/101
train r2: 0.9992486937111704, valid r2: 0.9939525376654477, test r2: 0.9933673539290054
Training Results:
r2: 0.9992
rmse: 0.0531
mae: 0.0396
Validation Results:
r2: 0.9940
rmse: 0.1548
mae: 0.0909
Test Results:
r2: 0.9934
rmse: 0.1409
mae: 0.0876
42/101
train r2: 0.9990784152737696, valid r2: 0.9947374223138932, test r2: 0.9934364252706323
Training Results:
r2: 0.9991
rmse: 0.0588
mae: 0.0454
Validation Results:
r2: 0.9947
rmse: 0.1444
mae: 0.0922
Test Results:
r2: 0.9934
rmse: 0.1401
mae: 0.0874
43/101
train r2: 0.9984750259645312, valid r2: 0.9937647865703855, test r2: 0.9926402039132234
Training Results:
r2: 0.9985
rmse: 0.0757
mae: 0.0577
Validation Results:
r2: 0.9938
rmse: 0.1572
mae: 0.0994
Test Results:
r2: 0.9926
rmse: 0.1484
mae: 0.0963
44/101
train r2: 0.9987915761524705, valid r2: 0.9945404112242214, test r2: 0.9934742447102314
Training Results:
r2: 0.9988
rmse: 0.0674
mae: 0.0496
Validation Results:
r2: 0.9945
rmse: 0.1471
mae: 0.0917
Test Results:
r2: 0.9935
rmse: 0.1397
mae: 0.0927
45/101
train r2: 0.9994009214117846, valid r2: 0.9947328791714171, test r2: 0.9937286096799138
Training Results:
r2: 0.9994
rmse: 0.0474
mae: 0.0349
Validation Results:
r2: 0.9947
rmse: 0.1445
mae: 0.0857
Test Results:
r2: 0.9937
rmse: 0.1370
mae: 0.0853
46/101
train r2: 0.9990144783848086, valid r2: 0.9940105022666798, test r2: 0.9931170621819219
Training Results:
r2: 0.9990
rmse: 0.0608
mae: 0.0483
Validation Results:
r2: 0.9940
rmse: 0.1540
mae: 0.0939
Test Results:
r2: 0.9931
rmse: 0.1435
mae: 0.0975
47/101
train r2: 0.9990950362558647, valid r2: 0.9946165526052045, test r2: 0.9935895463495661
Training Results:
r2: 0.9991
rmse: 0.0583
mae: 0.0433
Validation Results:
r2: 0.9946
rmse: 0.1460
mae: 0.0911
Test Results:
r2: 0.9936
rmse: 0.1385
mae: 0.0896
48/101
train r2: 0.9992944556672768, valid r2: 0.9949552701291001, test r2: 0.9938452999996369
Training Results:
r2: 0.9993
rmse: 0.0515
mae: 0.0389
Validation Results:
r2: 0.9950
rmse: 0.1414
mae: 0.0852
Test Results:
r2: 0.9938
rmse: 0.1357
mae: 0.0850
49/101
train r2: 0.9990493480182678, valid r2: 0.9939332720180456, test r2: 0.9933341402799714
Training Results:
r2: 0.9990
rmse: 0.0597
mae: 0.0458
Validation Results:
r2: 0.9939
rmse: 0.1550
mae: 0.0928
Test Results:
r2: 0.9933
rmse: 0.1412
mae: 0.0954
50/101
train r2: 0.9994833355872944, valid r2: 0.9948817952620876, test r2: 0.9939837518926302
Training Results:
r2: 0.9995
rmse: 0.0440
mae: 0.0343
Validation Results:
r2: 0.9949
rmse: 0.1424
mae: 0.0854
Test Results:
r2: 0.9940
rmse: 0.1341
mae: 0.0853
51/101
train r2: 0.9993673678949371, valid r2: 0.9940950899602924, test r2: 0.9937356522941988
Training Results:
r2: 0.9994
rmse: 0.0487
mae: 0.0350
Validation Results:
r2: 0.9941
rmse: 0.1529
mae: 0.0885
Test Results:
r2: 0.9937
rmse: 0.1369
mae: 0.0847
52/101
train r2: 0.999226521988488, valid r2: 0.9940605207240414, test r2: 0.993978285237373
Training Results:
r2: 0.9992
rmse: 0.0539
mae: 0.0410
Validation Results:
r2: 0.9941
rmse: 0.1534
mae: 0.0910
Test Results:
r2: 0.9940
rmse: 0.1342
mae: 0.0836
53/101
train r2: 0.999237249760965, valid r2: 0.9947551626240808, test r2: 0.9939313905830822
Training Results:
r2: 0.9992
rmse: 0.0535
mae: 0.0406
Validation Results:
r2: 0.9948
rmse: 0.1441
mae: 0.0872
Test Results:
r2: 0.9939
rmse: 0.1347
mae: 0.0874
54/101
train r2: 0.9994267867881452, valid r2: 0.9946953594138578, test r2: 0.994242151923692
Training Results:
r2: 0.9994
rmse: 0.0464
mae: 0.0353
Validation Results:
r2: 0.9947
rmse: 0.1450
mae: 0.0870
Test Results:
r2: 0.9942
rmse: 0.1312
mae: 0.0813
55/101
train r2: 0.9995362052404013, valid r2: 0.9949027433823302, test r2: 0.9940062433537782
Training Results:
r2: 0.9995
rmse: 0.0417
mae: 0.0303
Validation Results:
r2: 0.9949
rmse: 0.1421
mae: 0.0849
Test Results:
r2: 0.9940
rmse: 0.1339
mae: 0.0834
56/101
train r2: 0.9994693267267114, valid r2: 0.9943481205591277, test r2: 0.9940980277329229
Training Results:
r2: 0.9995
rmse: 0.0446
mae: 0.0335
Validation Results:
r2: 0.9943
rmse: 0.1496
mae: 0.0873
Test Results:
r2: 0.9941
rmse: 0.1329
mae: 0.0832
57/101
train r2: 0.9996557843433207, valid r2: 0.9947335953022659, test r2: 0.9943960712737347
Training Results:
r2: 0.9997
rmse: 0.0359
mae: 0.0273
Validation Results:
r2: 0.9947
rmse: 0.1444
mae: 0.0848
Test Results:
r2: 0.9944
rmse: 0.1295
mae: 0.0804
58/101
train r2: 0.9996660019859216, valid r2: 0.994923251578199, test r2: 0.994301852497581
Training Results:
r2: 0.9997
rmse: 0.0354
mae: 0.0270
Validation Results:
r2: 0.9949
rmse: 0.1418
mae: 0.0835
Test Results:
r2: 0.9943
rmse: 0.1306
mae: 0.0824
59/101
train r2: 0.9995947757531038, valid r2: 0.994722774859272, test r2: 0.9943427094312538
Training Results:
r2: 0.9996
rmse: 0.0390
mae: 0.0292
Validation Results:
r2: 0.9947
rmse: 0.1446
mae: 0.0853
Test Results:
r2: 0.9943
rmse: 0.1301
mae: 0.0825
60/101
train r2: 0.9995380195220877, valid r2: 0.9947530251685442, test r2: 0.9943661865729843
Training Results:
r2: 0.9995
rmse: 0.0416
mae: 0.0334
Validation Results:
r2: 0.9948
rmse: 0.1442
mae: 0.0851
Test Results:
r2: 0.9944
rmse: 0.1298
mae: 0.0821
61/101
train r2: 0.9997340732108403, valid r2: 0.9949238100641264, test r2: 0.9943946232968138
Training Results:
r2: 0.9997
rmse: 0.0316
mae: 0.0234
Validation Results:
r2: 0.9949
rmse: 0.1418
mae: 0.0816
Test Results:
r2: 0.9944
rmse: 0.1295
mae: 0.0802
62/101
train r2: 0.999606372191544, valid r2: 0.9946161149170385, test r2: 0.9943594414974803
Training Results:
r2: 0.9996
rmse: 0.0384
mae: 0.0292
Validation Results:
r2: 0.9946
rmse: 0.1460
mae: 0.0837
Test Results:
r2: 0.9944
rmse: 0.1299
mae: 0.0807
63/101
train r2: 0.9994815802434684, valid r2: 0.9948452068726915, test r2: 0.9944990179819466
Training Results:
r2: 0.9995
rmse: 0.0441
mae: 0.0347
Validation Results:
r2: 0.9948
rmse: 0.1429
mae: 0.0853
Test Results:
r2: 0.9945
rmse: 0.1283
mae: 0.0787
64/101
train r2: 0.9997215700617434, valid r2: 0.9950545373794096, test r2: 0.9943680480532882
Training Results:
r2: 0.9997
rmse: 0.0323
mae: 0.0243
Validation Results:
r2: 0.9951
rmse: 0.1400
mae: 0.0812
Test Results:
r2: 0.9944
rmse: 0.1298
mae: 0.0807
65/101
train r2: 0.9998044836187484, valid r2: 0.9951418443265381, test r2: 0.9946268401847915
Training Results:
r2: 0.9998
rmse: 0.0271
mae: 0.0207
Validation Results:
r2: 0.9951
rmse: 0.1387
mae: 0.0798
Test Results:
r2: 0.9946
rmse: 0.1268
mae: 0.0782
66/101
train r2: 0.9998358354476147, valid r2: 0.9952804917383001, test r2: 0.9945145566282343
Training Results:
r2: 0.9998
rmse: 0.0248
mae: 0.0188
Validation Results:
r2: 0.9953
rmse: 0.1367
mae: 0.0793
Test Results:
r2: 0.9945
rmse: 0.1281
mae: 0.0805
67/101
train r2: 0.9998441087807277, valid r2: 0.9952223672591315, test r2: 0.9944972456317742
Training Results:
r2: 0.9998
rmse: 0.0242
mae: 0.0184
Validation Results:
r2: 0.9952
rmse: 0.1376
mae: 0.0789
Test Results:
r2: 0.9945
rmse: 0.1283
mae: 0.0790
68/101
train r2: 0.9996703149606307, valid r2: 0.9948247770441524, test r2: 0.9945446476782862
Training Results:
r2: 0.9997
rmse: 0.0352
mae: 0.0257
Validation Results:
r2: 0.9948
rmse: 0.1432
mae: 0.0813
Test Results:
r2: 0.9945
rmse: 0.1277
mae: 0.0802
69/101
train r2: 0.9997882624014496, valid r2: 0.9951132565215934, test r2: 0.9944046136917539
Training Results:
r2: 0.9998
rmse: 0.0282
mae: 0.0211
Validation Results:
r2: 0.9951
rmse: 0.1391
mae: 0.0811
Test Results:
r2: 0.9944
rmse: 0.1294
mae: 0.0789
70/101
train r2: 0.9998539088166304, valid r2: 0.9949692029382169, test r2: 0.9944714907778074
Training Results:
r2: 0.9999
rmse: 0.0234
mae: 0.0173
Validation Results:
r2: 0.9950
rmse: 0.1412
mae: 0.0797
Test Results:
r2: 0.9945
rmse: 0.1286
mae: 0.0786
71/101
train r2: 0.999870314451415, valid r2: 0.9953084703834497, test r2: 0.9945919492561485
Training Results:
r2: 0.9999
rmse: 0.0221
mae: 0.0164
Validation Results:
r2: 0.9953
rmse: 0.1363
mae: 0.0797
Test Results:
r2: 0.9946
rmse: 0.1272
mae: 0.0782
72/101
train r2: 0.9998684562870008, valid r2: 0.9951431627847269, test r2: 0.9945008384618822
Training Results:
r2: 0.9999
rmse: 0.0222
mae: 0.0166
Validation Results:
r2: 0.9951
rmse: 0.1387
mae: 0.0793
Test Results:
r2: 0.9945
rmse: 0.1283
mae: 0.0776
73/101
train r2: 0.9999003616807554, valid r2: 0.9953107667192924, test r2: 0.9946360747346151
Training Results:
r2: 0.9999
rmse: 0.0193
mae: 0.0145
Validation Results:
r2: 0.9953
rmse: 0.1363
mae: 0.0777
Test Results:
r2: 0.9946
rmse: 0.1267
mae: 0.0781
74/101
train r2: 0.9998136252304325, valid r2: 0.9952033155671203, test r2: 0.9944480328499263
Training Results:
r2: 0.9998
rmse: 0.0265
mae: 0.0207
Validation Results:
r2: 0.9952
rmse: 0.1379
mae: 0.0804
Test Results:
r2: 0.9944
rmse: 0.1289
mae: 0.0807
75/101
train r2: 0.9998600020007298, valid r2: 0.9951475445293259, test r2: 0.9946262253935726
Training Results:
r2: 0.9999
rmse: 0.0229
mae: 0.0173
Validation Results:
r2: 0.9951
rmse: 0.1386
mae: 0.0793
Test Results:
r2: 0.9946
rmse: 0.1268
mae: 0.0778
76/101
train r2: 0.9998957742619345, valid r2: 0.9953300292763311, test r2: 0.994627021933129
Training Results:
r2: 0.9999
rmse: 0.0198
mae: 0.0151
Validation Results:
r2: 0.9953
rmse: 0.1360
mae: 0.0782
Test Results:
r2: 0.9946
rmse: 0.1268
mae: 0.0771
77/101
train r2: 0.9999013688027717, valid r2: 0.9954356537599139, test r2: 0.9945913477134392
Training Results:
r2: 0.9999
rmse: 0.0192
mae: 0.0146
Validation Results:
r2: 0.9954
rmse: 0.1345
mae: 0.0777
Test Results:
r2: 0.9946
rmse: 0.1272
mae: 0.0789
78/101
train r2: 0.9999157544290201, valid r2: 0.9951712680584767, test r2: 0.9946998675965715
Training Results:
r2: 0.9999
rmse: 0.0178
mae: 0.0132
Validation Results:
r2: 0.9952
rmse: 0.1383
mae: 0.0791
Test Results:
r2: 0.9947
rmse: 0.1259
mae: 0.0765
79/101
train r2: 0.9998161653275301, valid r2: 0.9951725372961113, test r2: 0.994470222640498
Training Results:
r2: 0.9998
rmse: 0.0263
mae: 0.0214
Validation Results:
r2: 0.9952
rmse: 0.1383
mae: 0.0808
Test Results:
r2: 0.9945
rmse: 0.1286
mae: 0.0808
80/101
train r2: 0.9999438556475526, valid r2: 0.9952615833027095, test r2: 0.9946654655099257
Training Results:
r2: 0.9999
rmse: 0.0145
mae: 0.0106
Validation Results:
r2: 0.9953
rmse: 0.1370
mae: 0.0776
Test Results:
r2: 0.9947
rmse: 0.1263
mae: 0.0770
81/101
train r2: 0.9999293703982196, valid r2: 0.9952854457315008, test r2: 0.9947418781798295
Training Results:
r2: 0.9999
rmse: 0.0163
mae: 0.0121
Validation Results:
r2: 0.9953
rmse: 0.1367
mae: 0.0783
Test Results:
r2: 0.9947
rmse: 0.1254
mae: 0.0766
82/101
train r2: 0.9998986003673976, valid r2: 0.9952554992902491, test r2: 0.9946132555746844
Training Results:
r2: 0.9999
rmse: 0.0195
mae: 0.0155
Validation Results:
r2: 0.9953
rmse: 0.1371
mae: 0.0784
Test Results:
r2: 0.9946
rmse: 0.1269
mae: 0.0764
83/101
train r2: 0.9999458773671878, valid r2: 0.9951852227225112, test r2: 0.9947362504987833
Training Results:
r2: 0.9999
rmse: 0.0143
mae: 0.0102
Validation Results:
r2: 0.9952
rmse: 0.1381
mae: 0.0780
Test Results:
r2: 0.9947
rmse: 0.1255
mae: 0.0756
84/101
train r2: 0.9999410947491518, valid r2: 0.9953189723757769, test r2: 0.9946744952650269
Training Results:
r2: 0.9999
rmse: 0.0149
mae: 0.0123
Validation Results:
r2: 0.9953
rmse: 0.1362
mae: 0.0779
Test Results:
r2: 0.9947
rmse: 0.1262
mae: 0.0759
85/101
train r2: 0.9999653205119328, valid r2: 0.9953678731198956, test r2: 0.9947015608712126
Training Results:
r2: 1.0000
rmse: 0.0114
mae: 0.0090
Validation Results:
r2: 0.9954
rmse: 0.1355
mae: 0.0772
Test Results:
r2: 0.9947
rmse: 0.1259
mae: 0.0769
86/101
train r2: 0.9999659631672168, valid r2: 0.9953297056636905, test r2: 0.9946476863632799
Training Results:
r2: 1.0000
rmse: 0.0113
mae: 0.0088
Validation Results:
r2: 0.9953
rmse: 0.1360
mae: 0.0775
Test Results:
r2: 0.9946
rmse: 0.1265
mae: 0.0770
87/101
train r2: 0.9999724825884639, valid r2: 0.9953215350473126, test r2: 0.9946516385738309
Training Results:
r2: 1.0000
rmse: 0.0102
mae: 0.0075
Validation Results:
r2: 0.9953
rmse: 0.1361
mae: 0.0770
Test Results:
r2: 0.9947
rmse: 0.1265
mae: 0.0763
88/101
train r2: 0.9999599625863826, valid r2: 0.995429233850236, test r2: 0.9946670572027027
Training Results:
r2: 1.0000
rmse: 0.0123
mae: 0.0099
Validation Results:
r2: 0.9954
rmse: 0.1346
mae: 0.0770
Test Results:
r2: 0.9947
rmse: 0.1263
mae: 0.0780
89/101
train r2: 0.9999811052455709, valid r2: 0.9953899993837719, test r2: 0.9946903601085747
Training Results:
r2: 1.0000
rmse: 0.0084
mae: 0.0065
Validation Results:
r2: 0.9954
rmse: 0.1351
mae: 0.0772
Test Results:
r2: 0.9947
rmse: 0.1260
mae: 0.0765
90/101
train r2: 0.9999860777508582, valid r2: 0.9953634761380962, test r2: 0.9947259001093488
Training Results:
r2: 1.0000
rmse: 0.0072
mae: 0.0055
Validation Results:
r2: 0.9954
rmse: 0.1355
mae: 0.0774
Test Results:
r2: 0.9947
rmse: 0.1256
mae: 0.0760
91/101
train r2: 0.9999882747618323, valid r2: 0.9954373833538115, test r2: 0.9947467074233846
Training Results:
r2: 1.0000
rmse: 0.0066
mae: 0.0046
Validation Results:
r2: 0.9954
rmse: 0.1344
mae: 0.0767
Test Results:
r2: 0.9947
rmse: 0.1254
mae: 0.0760
92/101
train r2: 0.9999947448434516, valid r2: 0.9953627418655931, test r2: 0.9947367149900884
Training Results:
r2: 1.0000
rmse: 0.0044
mae: 0.0034
Validation Results:
r2: 0.9954
rmse: 0.1355
mae: 0.0768
Test Results:
r2: 0.9947
rmse: 0.1255
mae: 0.0761
93/101
train r2: 0.9999929921903569, valid r2: 0.9953764109307237, test r2: 0.9947291785988994
Training Results:
r2: 1.0000
rmse: 0.0051
mae: 0.0039
Validation Results:
r2: 0.9954
rmse: 0.1353
mae: 0.0769
Test Results:
r2: 0.9947
rmse: 0.1256
mae: 0.0758
94/101
train r2: 0.9999941158815352, valid r2: 0.9954008367541809, test r2: 0.9947627260882486
Training Results:
r2: 1.0000
rmse: 0.0047
mae: 0.0035
Validation Results:
r2: 0.9954
rmse: 0.1350
mae: 0.0771
Test Results:
r2: 0.9948
rmse: 0.1252
mae: 0.0755
95/101
train r2: 0.9999957237595072, valid r2: 0.9953853516744043, test r2: 0.9947051233718042
Training Results:
r2: 1.0000
rmse: 0.0040
mae: 0.0031
Validation Results:
r2: 0.9954
rmse: 0.1352
mae: 0.0769
Test Results:
r2: 0.9947
rmse: 0.1258
mae: 0.0762
96/101
train r2: 0.9999989131856963, valid r2: 0.9953754168699473, test r2: 0.9947368500192556
Training Results:
r2: 1.0000
rmse: 0.0020
mae: 0.0015
Validation Results:
r2: 0.9954
rmse: 0.1354
mae: 0.0769
Test Results:
r2: 0.9947
rmse: 0.1255
mae: 0.0759
97/101
train r2: 0.9999983710492505, valid r2: 0.9953919416367153, test r2: 0.9947245782924033
Training Results:
r2: 1.0000
rmse: 0.0025
mae: 0.0020
Validation Results:
r2: 0.9954
rmse: 0.1351
mae: 0.0768
Test Results:
r2: 0.9947
rmse: 0.1256
mae: 0.0761
98/101
train r2: 0.999999579263203, valid r2: 0.9953763517355256, test r2: 0.9947350446390597
Training Results:
r2: 1.0000
rmse: 0.0013
mae: 0.0010
Validation Results:
r2: 0.9954
rmse: 0.1353
mae: 0.0769
Test Results:
r2: 0.9947
rmse: 0.1255
mae: 0.0759
99/101
train r2: 0.9999996674170271, valid r2: 0.9953835992809276, test r2: 0.9947313252173999
Training Results:
r2: 1.0000
rmse: 0.0011
mae: 0.0009
Validation Results:
r2: 0.9954
rmse: 0.1352
mae: 0.0768
Test Results:
r2: 0.9947
rmse: 0.1255
mae: 0.0759
100/101
train r2: 0.9999997799326672, valid r2: 0.9953822109535101, test r2: 0.9947320872063935
Training Results:
r2: 1.0000
rmse: 0.0009
mae: 0.0007
Validation Results:
r2: 0.9954
rmse: 0.1353
mae: 0.0768
Test Results:
r2: 0.9947
rmse: 0.1255
mae: 0.0759
train: 1.0000, val: 0.9954, test: 0.9947
end_test_result: (0.99284377302989, 0.1463053822517395, 0.0957668274641037)
args.seed: 2034
use label scaler
use label scaler
use label scaler
model have 90.143705M paramerters in total
train_dataset.mean: tensor([-2.4664]) train_dataset.std: tensor([1.9374])
1/101
train r2: 0.8242102402195279, valid r2: 0.8207030768034727, test r2: 0.792999310180124
Training Results:
r2: 0.8242
rmse: 0.8123
mae: 0.5998
Validation Results:
r2: 0.8207
rmse: 0.8428
mae: 0.6231
Test Results:
r2: 0.7930
rmse: 0.7869
mae: 0.5930
2/101
train r2: 0.9563479841460611, valid r2: 0.9481262815237592, test r2: 0.9343108843418269
Training Results:
r2: 0.9563
rmse: 0.4046
mae: 0.3026
Validation Results:
r2: 0.9481
rmse: 0.4533
mae: 0.3319
Test Results:
r2: 0.9343
rmse: 0.4433
mae: 0.3257
3/101
train r2: 0.981455359635459, valid r2: 0.9721094756953521, test r2: 0.9678942442736593
Training Results:
r2: 0.9815
rmse: 0.2638
mae: 0.1958
Validation Results:
r2: 0.9721
rmse: 0.3324
mae: 0.2335
Test Results:
r2: 0.9679
rmse: 0.3099
mae: 0.2265
4/101
train r2: 0.9894272066507747, valid r2: 0.9799890597991904, test r2: 0.97713151850651
Training Results:
r2: 0.9894
rmse: 0.1993
mae: 0.1490
Validation Results:
r2: 0.9800
rmse: 0.2816
mae: 0.1948
Test Results:
r2: 0.9771
rmse: 0.2615
mae: 0.1867
5/101
train r2: 0.9915621352128543, valid r2: 0.9814073444438537, test r2: 0.9774769598582599
Training Results:
r2: 0.9916
rmse: 0.1780
mae: 0.1373
Validation Results:
r2: 0.9814
rmse: 0.2714
mae: 0.1907
Test Results:
r2: 0.9775
rmse: 0.2596
mae: 0.1865
6/101
train r2: 0.99421076743348, valid r2: 0.9845320391520156, test r2: 0.9803528951555516
Training Results:
r2: 0.9942
rmse: 0.1475
mae: 0.1151
Validation Results:
r2: 0.9845
rmse: 0.2475
mae: 0.1693
Test Results:
r2: 0.9804
rmse: 0.2424
mae: 0.1692
7/101
train r2: 0.9922244268805185, valid r2: 0.9824837701325493, test r2: 0.9776235441670339
Training Results:
r2: 0.9922
rmse: 0.1709
mae: 0.1370
Validation Results:
r2: 0.9825
rmse: 0.2634
mae: 0.1855
Test Results:
r2: 0.9776
rmse: 0.2587
mae: 0.1908
8/101
train r2: 0.9947171685181397, valid r2: 0.9846884653556409, test r2: 0.9804292490271024
Training Results:
r2: 0.9947
rmse: 0.1409
mae: 0.1091
Validation Results:
r2: 0.9847
rmse: 0.2463
mae: 0.1690
Test Results:
r2: 0.9804
rmse: 0.2419
mae: 0.1627
9/101
train r2: 0.9950932483313806, valid r2: 0.9865323099553691, test r2: 0.9834121017665525
Training Results:
r2: 0.9951
rmse: 0.1357
mae: 0.1038
Validation Results:
r2: 0.9865
rmse: 0.2310
mae: 0.1576
Test Results:
r2: 0.9834
rmse: 0.2227
mae: 0.1540
10/101
train r2: 0.9932581357420259, valid r2: 0.9850290876872708, test r2: 0.9820786893245317
Training Results:
r2: 0.9933
rmse: 0.1591
mae: 0.1216
Validation Results:
r2: 0.9850
rmse: 0.2435
mae: 0.1654
Test Results:
r2: 0.9821
rmse: 0.2315
mae: 0.1614
11/101
train r2: 0.9906783944644634, valid r2: 0.9819899317183955, test r2: 0.9795366914933329
Training Results:
r2: 0.9907
rmse: 0.1871
mae: 0.1485
Validation Results:
r2: 0.9820
rmse: 0.2671
mae: 0.1908
Test Results:
r2: 0.9795
rmse: 0.2474
mae: 0.1838
12/101
train r2: 0.9954582453424841, valid r2: 0.9876100327388415, test r2: 0.9867539843866038
Training Results:
r2: 0.9955
rmse: 0.1306
mae: 0.1006
Validation Results:
r2: 0.9876
rmse: 0.2216
mae: 0.1468
Test Results:
r2: 0.9868
rmse: 0.1990
mae: 0.1427
13/101
train r2: 0.991129491629666, valid r2: 0.9840561914383655, test r2: 0.9793283256653627
Training Results:
r2: 0.9911
rmse: 0.1825
mae: 0.1490
Validation Results:
r2: 0.9841
rmse: 0.2513
mae: 0.1814
Test Results:
r2: 0.9793
rmse: 0.2487
mae: 0.1859
14/101
train r2: 0.9976252702732582, valid r2: 0.9896786025484767, test r2: 0.988659870468336
Training Results:
r2: 0.9976
rmse: 0.0944
mae: 0.0706
Validation Results:
r2: 0.9897
rmse: 0.2022
mae: 0.1241
Test Results:
r2: 0.9887
rmse: 0.1842
mae: 0.1230
15/101
train r2: 0.9956070719259473, valid r2: 0.9883492832861807, test r2: 0.9872119270474689
Training Results:
r2: 0.9956
rmse: 0.1284
mae: 0.0911
Validation Results:
r2: 0.9883
rmse: 0.2148
mae: 0.1379
Test Results:
r2: 0.9872
rmse: 0.1956
mae: 0.1300
16/101
train r2: 0.9961628567267549, valid r2: 0.9895802505421918, test r2: 0.9869428468672888
Training Results:
r2: 0.9962
rmse: 0.1200
mae: 0.0973
Validation Results:
r2: 0.9896
rmse: 0.2032
mae: 0.1384
Test Results:
r2: 0.9869
rmse: 0.1976
mae: 0.1452
17/101
train r2: 0.9967552301528618, valid r2: 0.9908089239636626, test r2: 0.9884811089990184
Training Results:
r2: 0.9968
rmse: 0.1104
mae: 0.0821
Validation Results:
r2: 0.9908
rmse: 0.1908
mae: 0.1254
Test Results:
r2: 0.9885
rmse: 0.1856
mae: 0.1231
18/101
train r2: 0.9961218627718142, valid r2: 0.9889493062957835, test r2: 0.9891128428180321
Training Results:
r2: 0.9961
rmse: 0.1207
mae: 0.0949
Validation Results:
r2: 0.9889
rmse: 0.2092
mae: 0.1397
Test Results:
r2: 0.9891
rmse: 0.1805
mae: 0.1263
19/101
train r2: 0.9973723457383881, valid r2: 0.9906764153036818, test r2: 0.9903063050652985
Training Results:
r2: 0.9974
rmse: 0.0994
mae: 0.0735
Validation Results:
r2: 0.9907
rmse: 0.1922
mae: 0.1200
Test Results:
r2: 0.9903
rmse: 0.1703
mae: 0.1126
20/101
train r2: 0.9954961433598409, valid r2: 0.9888705602030183, test r2: 0.9883209582206796
Training Results:
r2: 0.9955
rmse: 0.1300
mae: 0.1035
Validation Results:
r2: 0.9889
rmse: 0.2100
mae: 0.1431
Test Results:
r2: 0.9883
rmse: 0.1869
mae: 0.1326
21/101
train r2: 0.997153346390241, valid r2: 0.9908390744380675, test r2: 0.9896746903055519
Training Results:
r2: 0.9972
rmse: 0.1033
mae: 0.0777
Validation Results:
r2: 0.9908
rmse: 0.1905
mae: 0.1221
Test Results:
r2: 0.9897
rmse: 0.1757
mae: 0.1179
22/101
train r2: 0.9979836478230498, valid r2: 0.9922919723480851, test r2: 0.9910819095458584
Training Results:
r2: 0.9980
rmse: 0.0870
mae: 0.0637
Validation Results:
r2: 0.9923
rmse: 0.1747
mae: 0.1073
Test Results:
r2: 0.9911
rmse: 0.1633
mae: 0.1096
23/101
train r2: 0.9966078683437966, valid r2: 0.9891384890619975, test r2: 0.9898636400601698
Training Results:
r2: 0.9966
rmse: 0.1128
mae: 0.0852
Validation Results:
r2: 0.9891
rmse: 0.2074
mae: 0.1328
Test Results:
r2: 0.9899
rmse: 0.1741
mae: 0.1173
24/101
train r2: 0.9984524873452065, valid r2: 0.9923315060734897, test r2: 0.9914871606746195
Training Results:
r2: 0.9985
rmse: 0.0762
mae: 0.0579
Validation Results:
r2: 0.9923
rmse: 0.1743
mae: 0.1066
Test Results:
r2: 0.9915
rmse: 0.1596
mae: 0.1064
25/101
train r2: 0.9979388946594099, valid r2: 0.991951275339655, test r2: 0.9900816491891651
Training Results:
r2: 0.9979
rmse: 0.0880
mae: 0.0683
Validation Results:
r2: 0.9920
rmse: 0.1786
mae: 0.1138
Test Results:
r2: 0.9901
rmse: 0.1722
mae: 0.1211
26/101
train r2: 0.9966508512265698, valid r2: 0.9915209292820176, test r2: 0.9894747339587783
Training Results:
r2: 0.9967
rmse: 0.1121
mae: 0.0864
Validation Results:
r2: 0.9915
rmse: 0.1833
mae: 0.1260
Test Results:
r2: 0.9895
rmse: 0.1774
mae: 0.1265
27/101
train r2: 0.9988606490926794, valid r2: 0.9937067296013652, test r2: 0.9926711011248545
Training Results:
r2: 0.9989
rmse: 0.0654
mae: 0.0486
Validation Results:
r2: 0.9937
rmse: 0.1579
mae: 0.1003
Test Results:
r2: 0.9927
rmse: 0.1481
mae: 0.0964
28/101
train r2: 0.9972703015353822, valid r2: 0.99209751883019, test r2: 0.9906716560224544
Training Results:
r2: 0.9973
rmse: 0.1012
mae: 0.0786
Validation Results:
r2: 0.9921
rmse: 0.1769
mae: 0.1162
Test Results:
r2: 0.9907
rmse: 0.1670
mae: 0.1111
29/101
train r2: 0.9984260760699503, valid r2: 0.9934134455410919, test r2: 0.9926492570606446
Training Results:
r2: 0.9984
rmse: 0.0769
mae: 0.0576
Validation Results:
r2: 0.9934
rmse: 0.1615
mae: 0.1026
Test Results:
r2: 0.9926
rmse: 0.1483
mae: 0.0998
30/101
train r2: 0.9972145139936086, valid r2: 0.9906513220389397, test r2: 0.991458067994937
Training Results:
r2: 0.9972
rmse: 0.1022
mae: 0.0798
Validation Results:
r2: 0.9907
rmse: 0.1924
mae: 0.1212
Test Results:
r2: 0.9915
rmse: 0.1598
mae: 0.1099
31/101
train r2: 0.9974584730645689, valid r2: 0.9916707674906088, test r2: 0.9919400148845042
Training Results:
r2: 0.9975
rmse: 0.0977
mae: 0.0777
Validation Results:
r2: 0.9917
rmse: 0.1817
mae: 0.1181
Test Results:
r2: 0.9919
rmse: 0.1553
mae: 0.1050
32/101
train r2: 0.9990437246892281, valid r2: 0.9936100671385117, test r2: 0.993067024857651
Training Results:
r2: 0.9990
rmse: 0.0599
mae: 0.0442
Validation Results:
r2: 0.9936
rmse: 0.1591
mae: 0.0930
Test Results:
r2: 0.9931
rmse: 0.1440
mae: 0.0928
33/101
train r2: 0.9990611827144867, valid r2: 0.9935429463924015, test r2: 0.9934304884422152
Training Results:
r2: 0.9991
rmse: 0.0594
mae: 0.0440
Validation Results:
r2: 0.9935
rmse: 0.1599
mae: 0.0930
Test Results:
r2: 0.9934
rmse: 0.1402
mae: 0.0895
34/101
train r2: 0.9978581248772065, valid r2: 0.9921272327113055, test r2: 0.9925288216607272
Training Results:
r2: 0.9979
rmse: 0.0897
mae: 0.0664
Validation Results:
r2: 0.9921
rmse: 0.1766
mae: 0.1080
Test Results:
r2: 0.9925
rmse: 0.1495
mae: 0.0998
35/101
train r2: 0.997860077518477, valid r2: 0.9925904111906639, test r2: 0.9916563478456292
Training Results:
r2: 0.9979
rmse: 0.0896
mae: 0.0731
Validation Results:
r2: 0.9926
rmse: 0.1713
mae: 0.1124
Test Results:
r2: 0.9917
rmse: 0.1580
mae: 0.1087
36/101
train r2: 0.9986689018089218, valid r2: 0.993240978650503, test r2: 0.9932305557436067
Training Results:
r2: 0.9987
rmse: 0.0707
mae: 0.0572
Validation Results:
r2: 0.9932
rmse: 0.1636
mae: 0.1018
Test Results:
r2: 0.9932
rmse: 0.1423
mae: 0.0931
37/101
train r2: 0.9990208705910365, valid r2: 0.9936601604010601, test r2: 0.9931977477836347
Training Results:
r2: 0.9990
rmse: 0.0606
mae: 0.0466
Validation Results:
r2: 0.9937
rmse: 0.1585
mae: 0.0936
Test Results:
r2: 0.9932
rmse: 0.1426
mae: 0.0935
38/101
train r2: 0.9991491297350636, valid r2: 0.9937709131921829, test r2: 0.9930267145704686
Training Results:
r2: 0.9991
rmse: 0.0565
mae: 0.0417
Validation Results:
r2: 0.9938
rmse: 0.1571
mae: 0.0903
Test Results:
r2: 0.9930
rmse: 0.1444
mae: 0.0931
39/101
train r2: 0.9985711575226276, valid r2: 0.993102942583638, test r2: 0.992680829318796
Training Results:
r2: 0.9986
rmse: 0.0732
mae: 0.0548
Validation Results:
r2: 0.9931
rmse: 0.1653
mae: 0.0974
Test Results:
r2: 0.9927
rmse: 0.1480
mae: 0.0959
40/101
train r2: 0.99923052049158, valid r2: 0.9939765082125589, test r2: 0.9941140354264909
Training Results:
r2: 0.9992
rmse: 0.0537
mae: 0.0399
Validation Results:
r2: 0.9940
rmse: 0.1545
mae: 0.0923
Test Results:
r2: 0.9941
rmse: 0.1327
mae: 0.0851
41/101
train r2: 0.9990377561575697, valid r2: 0.9937786599294638, test r2: 0.993891105300955
Training Results:
r2: 0.9990
rmse: 0.0601
mae: 0.0451
Validation Results:
r2: 0.9938
rmse: 0.1570
mae: 0.0958
Test Results:
r2: 0.9939
rmse: 0.1352
mae: 0.0886
42/101
train r2: 0.9987112290490154, valid r2: 0.9933507224307416, test r2: 0.9934901726587703
Training Results:
r2: 0.9987
rmse: 0.0695
mae: 0.0503
Validation Results:
r2: 0.9934
rmse: 0.1623
mae: 0.0969
Test Results:
r2: 0.9935
rmse: 0.1395
mae: 0.0906
43/101
train r2: 0.9990192761110189, valid r2: 0.9940399410684875, test r2: 0.9933615042516918
Training Results:
r2: 0.9990
rmse: 0.0607
mae: 0.0451
Validation Results:
r2: 0.9940
rmse: 0.1537
mae: 0.0920
Test Results:
r2: 0.9934
rmse: 0.1409
mae: 0.0915
44/101
train r2: 0.9991184057627749, valid r2: 0.9937929900579612, test r2: 0.9932283854974703
Training Results:
r2: 0.9991
rmse: 0.0575
mae: 0.0428
Validation Results:
r2: 0.9938
rmse: 0.1568
mae: 0.0915
Test Results:
r2: 0.9932
rmse: 0.1423
mae: 0.0911
45/101
train r2: 0.9990925909635693, valid r2: 0.9945394244294441, test r2: 0.9936361110517482
Training Results:
r2: 0.9991
rmse: 0.0584
mae: 0.0423
Validation Results:
r2: 0.9945
rmse: 0.1471
mae: 0.0893
Test Results:
r2: 0.9936
rmse: 0.1380
mae: 0.0897
46/101
train r2: 0.9990181034090565, valid r2: 0.9940254421055252, test r2: 0.9937190309628495
Training Results:
r2: 0.9990
rmse: 0.0607
mae: 0.0455
Validation Results:
r2: 0.9940
rmse: 0.1538
mae: 0.0915
Test Results:
r2: 0.9937
rmse: 0.1371
mae: 0.0855
47/101
train r2: 0.9991801765526709, valid r2: 0.9940873119674221, test r2: 0.9930348225337251
Training Results:
r2: 0.9992
rmse: 0.0555
mae: 0.0423
Validation Results:
r2: 0.9941
rmse: 0.1530
mae: 0.0892
Test Results:
r2: 0.9930
rmse: 0.1443
mae: 0.0967
48/101
train r2: 0.9994626975908413, valid r2: 0.9943621140755461, test r2: 0.9941568316851701
Training Results:
r2: 0.9995
rmse: 0.0449
mae: 0.0335
Validation Results:
r2: 0.9944
rmse: 0.1495
mae: 0.0861
Test Results:
r2: 0.9942
rmse: 0.1322
mae: 0.0846
49/101
train r2: 0.9994049588315383, valid r2: 0.9947006923117904, test r2: 0.9937491329946041
Training Results:
r2: 0.9994
rmse: 0.0473
mae: 0.0367
Validation Results:
r2: 0.9947
rmse: 0.1449
mae: 0.0864
Test Results:
r2: 0.9937
rmse: 0.1367
mae: 0.0869
50/101
train r2: 0.9995350248954887, valid r2: 0.9947559889656704, test r2: 0.9943823932677491
Training Results:
r2: 0.9995
rmse: 0.0418
mae: 0.0314
Validation Results:
r2: 0.9948
rmse: 0.1441
mae: 0.0844
Test Results:
r2: 0.9944
rmse: 0.1296
mae: 0.0819
51/101
train r2: 0.9994832989207503, valid r2: 0.9943510010754457, test r2: 0.9942531381013046
Training Results:
r2: 0.9995
rmse: 0.0440
mae: 0.0331
Validation Results:
r2: 0.9944
rmse: 0.1496
mae: 0.0863
Test Results:
r2: 0.9943
rmse: 0.1311
mae: 0.0833
52/101
train r2: 0.9994045340408454, valid r2: 0.9943668603751621, test r2: 0.9943294915198495
Training Results:
r2: 0.9994
rmse: 0.0473
mae: 0.0358
Validation Results:
r2: 0.9944
rmse: 0.1494
mae: 0.0877
Test Results:
r2: 0.9943
rmse: 0.1302
mae: 0.0810
53/101
train r2: 0.9995440658138366, valid r2: 0.9946612471834916, test r2: 0.9942355449511233
Training Results:
r2: 0.9995
rmse: 0.0414
mae: 0.0310
Validation Results:
r2: 0.9947
rmse: 0.1454
mae: 0.0845
Test Results:
r2: 0.9942
rmse: 0.1313
mae: 0.0811
54/101
train r2: 0.9995165663555869, valid r2: 0.9940146534027477, test r2: 0.9943589566439555
Training Results:
r2: 0.9995
rmse: 0.0426
mae: 0.0317
Validation Results:
r2: 0.9940
rmse: 0.1540
mae: 0.0867
Test Results:
r2: 0.9944
rmse: 0.1299
mae: 0.0806
55/101
train r2: 0.9995826623279463, valid r2: 0.9941355582039479, test r2: 0.9940423578485593
Training Results:
r2: 0.9996
rmse: 0.0396
mae: 0.0289
Validation Results:
r2: 0.9941
rmse: 0.1524
mae: 0.0855
Test Results:
r2: 0.9940
rmse: 0.1335
mae: 0.0838
56/101
train r2: 0.9995994344808847, valid r2: 0.9949037500393452, test r2: 0.9945734867511846
Training Results:
r2: 0.9996
rmse: 0.0388
mae: 0.0293
Validation Results:
r2: 0.9949
rmse: 0.1421
mae: 0.0832
Test Results:
r2: 0.9946
rmse: 0.1274
mae: 0.0820
57/101
train r2: 0.9993948784193083, valid r2: 0.9938297747591135, test r2: 0.994301354176083
Training Results:
r2: 0.9994
rmse: 0.0477
mae: 0.0328
Validation Results:
r2: 0.9938
rmse: 0.1563
mae: 0.0875
Test Results:
r2: 0.9943
rmse: 0.1306
mae: 0.0827
58/101
train r2: 0.9996508367661638, valid r2: 0.9950369974669675, test r2: 0.9944453151370666
Training Results:
r2: 0.9997
rmse: 0.0362
mae: 0.0256
Validation Results:
r2: 0.9950
rmse: 0.1402
mae: 0.0820
Test Results:
r2: 0.9944
rmse: 0.1289
mae: 0.0810
59/101
train r2: 0.9995346844184151, valid r2: 0.9944445057187014, test r2: 0.9945033447674406
Training Results:
r2: 0.9995
rmse: 0.0418
mae: 0.0302
Validation Results:
r2: 0.9944
rmse: 0.1484
mae: 0.0836
Test Results:
r2: 0.9945
rmse: 0.1282
mae: 0.0822
60/101
train r2: 0.9996065990038105, valid r2: 0.9944000469071226, test r2: 0.9945714453921672
Training Results:
r2: 0.9996
rmse: 0.0384
mae: 0.0298
Validation Results:
r2: 0.9944
rmse: 0.1489
mae: 0.0841
Test Results:
r2: 0.9946
rmse: 0.1274
mae: 0.0791
61/101
train r2: 0.9997666318043121, valid r2: 0.9948465531378419, test r2: 0.9945113972600237
Training Results:
r2: 0.9998
rmse: 0.0296
mae: 0.0217
Validation Results:
r2: 0.9948
rmse: 0.1429
mae: 0.0805
Test Results:
r2: 0.9945
rmse: 0.1281
mae: 0.0804
62/101
train r2: 0.9996122679993917, valid r2: 0.994612467137507, test r2: 0.9943724966507503
Training Results:
r2: 0.9996
rmse: 0.0382
mae: 0.0288
Validation Results:
r2: 0.9946
rmse: 0.1461
mae: 0.0846
Test Results:
r2: 0.9944
rmse: 0.1297
mae: 0.0806
63/101
train r2: 0.9997263087841054, valid r2: 0.9950649262877865, test r2: 0.994830895194408
Training Results:
r2: 0.9997
rmse: 0.0321
mae: 0.0239
Validation Results:
r2: 0.9951
rmse: 0.1398
mae: 0.0808
Test Results:
r2: 0.9948
rmse: 0.1243
mae: 0.0773
64/101
train r2: 0.999752971431023, valid r2: 0.9948941359614393, test r2: 0.9946881544545699
Training Results:
r2: 0.9998
rmse: 0.0305
mae: 0.0232
Validation Results:
r2: 0.9949
rmse: 0.1422
mae: 0.0819
Test Results:
r2: 0.9947
rmse: 0.1260
mae: 0.0782
65/101
train r2: 0.9997861048389542, valid r2: 0.9952130832353472, test r2: 0.9948082708060829
Training Results:
r2: 0.9998
rmse: 0.0283
mae: 0.0217
Validation Results:
r2: 0.9952
rmse: 0.1377
mae: 0.0785
Test Results:
r2: 0.9948
rmse: 0.1246
mae: 0.0779
66/101
train r2: 0.9997835157743318, valid r2: 0.994894964536667, test r2: 0.9944290873735913
Training Results:
r2: 0.9998
rmse: 0.0285
mae: 0.0221
Validation Results:
r2: 0.9949
rmse: 0.1422
mae: 0.0813
Test Results:
r2: 0.9944
rmse: 0.1291
mae: 0.0817
67/101
train r2: 0.9998609625455227, valid r2: 0.9949813859811867, test r2: 0.9946955681815203
Training Results:
r2: 0.9999
rmse: 0.0228
mae: 0.0173
Validation Results:
r2: 0.9950
rmse: 0.1410
mae: 0.0794
Test Results:
r2: 0.9947
rmse: 0.1260
mae: 0.0763
68/101
train r2: 0.9997288861585064, valid r2: 0.9947280717110885, test r2: 0.99447281793344
Training Results:
r2: 0.9997
rmse: 0.0319
mae: 0.0232
Validation Results:
r2: 0.9947
rmse: 0.1445
mae: 0.0819
Test Results:
r2: 0.9945
rmse: 0.1286
mae: 0.0805
69/101
train r2: 0.9996901756144305, valid r2: 0.9944784933299868, test r2: 0.9943921842289319
Training Results:
r2: 0.9997
rmse: 0.0341
mae: 0.0259
Validation Results:
r2: 0.9945
rmse: 0.1479
mae: 0.0823
Test Results:
r2: 0.9944
rmse: 0.1295
mae: 0.0808
70/101
train r2: 0.9998167896614919, valid r2: 0.9952046580417377, test r2: 0.9950156070216924
Training Results:
r2: 0.9998
rmse: 0.0262
mae: 0.0196
Validation Results:
r2: 0.9952
rmse: 0.1378
mae: 0.0790
Test Results:
r2: 0.9950
rmse: 0.1221
mae: 0.0749
71/101
train r2: 0.999756214397471, valid r2: 0.9949452669818645, test r2: 0.9945984353960261
Training Results:
r2: 0.9998
rmse: 0.0303
mae: 0.0231
Validation Results:
r2: 0.9949
rmse: 0.1415
mae: 0.0806
Test Results:
r2: 0.9946
rmse: 0.1271
mae: 0.0784
72/101
train r2: 0.9998092019303069, valid r2: 0.9951696937174208, test r2: 0.9948699547622017
Training Results:
r2: 0.9998
rmse: 0.0268
mae: 0.0195
Validation Results:
r2: 0.9952
rmse: 0.1383
mae: 0.0794
Test Results:
r2: 0.9949
rmse: 0.1239
mae: 0.0766
73/101
train r2: 0.9998269686163794, valid r2: 0.9949030192768933, test r2: 0.99480599235914
Training Results:
r2: 0.9998
rmse: 0.0255
mae: 0.0200
Validation Results:
r2: 0.9949
rmse: 0.1421
mae: 0.0795
Test Results:
r2: 0.9948
rmse: 0.1246
mae: 0.0780
74/101
train r2: 0.9998287802731528, valid r2: 0.9948871124082769, test r2: 0.9947353239708067
Training Results:
r2: 0.9998
rmse: 0.0254
mae: 0.0197
Validation Results:
r2: 0.9949
rmse: 0.1423
mae: 0.0796
Test Results:
r2: 0.9947
rmse: 0.1255
mae: 0.0770
75/101
train r2: 0.9998406734719205, valid r2: 0.9948012353244227, test r2: 0.9947923936351245
Training Results:
r2: 0.9998
rmse: 0.0245
mae: 0.0195
Validation Results:
r2: 0.9948
rmse: 0.1435
mae: 0.0808
Test Results:
r2: 0.9948
rmse: 0.1248
mae: 0.0759
76/101
train r2: 0.9999136644253338, valid r2: 0.9949794601669678, test r2: 0.9948712422484571
Training Results:
r2: 0.9999
rmse: 0.0180
mae: 0.0133
Validation Results:
r2: 0.9950
rmse: 0.1410
mae: 0.0786
Test Results:
r2: 0.9949
rmse: 0.1239
mae: 0.0766
77/101
train r2: 0.999854710378999, valid r2: 0.9951158303553738, test r2: 0.9948147061938952
Training Results:
r2: 0.9999
rmse: 0.0233
mae: 0.0180
Validation Results:
r2: 0.9951
rmse: 0.1391
mae: 0.0793
Test Results:
r2: 0.9948
rmse: 0.1245
mae: 0.0775
78/101
train r2: 0.9999147371706766, valid r2: 0.9948495686998736, test r2: 0.9948274770297605
Training Results:
r2: 0.9999
rmse: 0.0179
mae: 0.0134
Validation Results:
r2: 0.9948
rmse: 0.1428
mae: 0.0786
Test Results:
r2: 0.9948
rmse: 0.1244
mae: 0.0770
79/101
train r2: 0.9998656520706252, valid r2: 0.9949857412414111, test r2: 0.9950092624805608
Training Results:
r2: 0.9999
rmse: 0.0224
mae: 0.0178
Validation Results:
r2: 0.9950
rmse: 0.1409
mae: 0.0793
Test Results:
r2: 0.9950
rmse: 0.1222
mae: 0.0745
80/101
train r2: 0.9998059022896834, valid r2: 0.9947818884820172, test r2: 0.994759525423328
Training Results:
r2: 0.9998
rmse: 0.0270
mae: 0.0218
Validation Results:
r2: 0.9948
rmse: 0.1438
mae: 0.0817
Test Results:
r2: 0.9948
rmse: 0.1252
mae: 0.0768
81/101
train r2: 0.9999320666307574, valid r2: 0.9950735467713224, test r2: 0.9950428028246165
Training Results:
r2: 0.9999
rmse: 0.0160
mae: 0.0117
Validation Results:
r2: 0.9951
rmse: 0.1397
mae: 0.0779
Test Results:
r2: 0.9950
rmse: 0.1218
mae: 0.0749
82/101
train r2: 0.9999157055499797, valid r2: 0.9950855521900087, test r2: 0.994841774893059
Training Results:
r2: 0.9999
rmse: 0.0178
mae: 0.0132
Validation Results:
r2: 0.9951
rmse: 0.1395
mae: 0.0787
Test Results:
r2: 0.9948
rmse: 0.1242
mae: 0.0764
83/101
train r2: 0.9999572604248594, valid r2: 0.9951146544697538, test r2: 0.9950532922458081
Training Results:
r2: 1.0000
rmse: 0.0127
mae: 0.0093
Validation Results:
r2: 0.9951
rmse: 0.1391
mae: 0.0777
Test Results:
r2: 0.9951
rmse: 0.1216
mae: 0.0748
84/101
train r2: 0.999959156080476, valid r2: 0.9949936039585964, test r2: 0.9949460972796436
Training Results:
r2: 1.0000
rmse: 0.0124
mae: 0.0096
Validation Results:
r2: 0.9950
rmse: 0.1408
mae: 0.0779
Test Results:
r2: 0.9949
rmse: 0.1230
mae: 0.0760
85/101
train r2: 0.9999547171247626, valid r2: 0.9949487778835308, test r2: 0.9949963928673292
Training Results:
r2: 1.0000
rmse: 0.0130
mae: 0.0102
Validation Results:
r2: 0.9949
rmse: 0.1415
mae: 0.0781
Test Results:
r2: 0.9950
rmse: 0.1223
mae: 0.0754
break!
train: 0.9998, val: 0.9952, test: 0.9948
end_test_result: (0.9924382747293553, 0.15039338171482086, 0.09795135259628296)
args.seed: 2044
use label scaler
use label scaler
use label scaler
model have 90.143705M paramerters in total
train_dataset.mean: tensor([-2.4664]) train_dataset.std: tensor([1.9374])
1/101
train r2: 0.8319713301055771, valid r2: 0.8306074616358806, test r2: 0.8157383412083314
Training Results:
r2: 0.8320
rmse: 0.7940
mae: 0.5969
Validation Results:
r2: 0.8306
rmse: 0.8192
mae: 0.6188
Test Results:
r2: 0.8157
rmse: 0.7424
mae: 0.5666
2/101
train r2: 0.9548070594088588, valid r2: 0.9457124486477351, test r2: 0.9314734236909782
Training Results:
r2: 0.9548
rmse: 0.4120
mae: 0.3087
Validation Results:
r2: 0.9457
rmse: 0.4638
mae: 0.3428
Test Results:
r2: 0.9315
rmse: 0.4527
mae: 0.3358
3/101
train r2: 0.9780180987682429, valid r2: 0.9678908580640486, test r2: 0.957339298576671
Training Results:
r2: 0.9780
rmse: 0.2874
mae: 0.2203
Validation Results:
r2: 0.9679
rmse: 0.3567
mae: 0.2627
Test Results:
r2: 0.9573
rmse: 0.3572
mae: 0.2640
4/101
train r2: 0.9858450957533561, valid r2: 0.9733671945231502, test r2: 0.9704906422908609
Training Results:
r2: 0.9858
rmse: 0.2306
mae: 0.1806
Validation Results:
r2: 0.9734
rmse: 0.3248
mae: 0.2392
Test Results:
r2: 0.9705
rmse: 0.2971
mae: 0.2125
5/101
train r2: 0.9917186506331636, valid r2: 0.9799584349954008, test r2: 0.9750173496044043
Training Results:
r2: 0.9917
rmse: 0.1763
mae: 0.1383
Validation Results:
r2: 0.9800
rmse: 0.2818
mae: 0.2055
Test Results:
r2: 0.9750
rmse: 0.2734
mae: 0.1990
6/101
train r2: 0.9926761780396449, valid r2: 0.9807512372768538, test r2: 0.9775706308132471
Training Results:
r2: 0.9927
rmse: 0.1657
mae: 0.1251
Validation Results:
r2: 0.9808
rmse: 0.2761
mae: 0.1956
Test Results:
r2: 0.9776
rmse: 0.2590
mae: 0.1838
7/101
train r2: 0.9923773468594076, valid r2: 0.9810561728141497, test r2: 0.9794222402896595
Training Results:
r2: 0.9924
rmse: 0.1692
mae: 0.1350
Validation Results:
r2: 0.9811
rmse: 0.2740
mae: 0.2000
Test Results:
r2: 0.9794
rmse: 0.2481
mae: 0.1763
8/101
train r2: 0.9953089704877084, valid r2: 0.9846938898633941, test r2: 0.9838453020762858
Training Results:
r2: 0.9953
rmse: 0.1327
mae: 0.1016
Validation Results:
r2: 0.9847
rmse: 0.2462
mae: 0.1735
Test Results:
r2: 0.9838
rmse: 0.2198
mae: 0.1534
9/101
train r2: 0.9947766821638553, valid r2: 0.9855971000728118, test r2: 0.9813900694242059
Training Results:
r2: 0.9948
rmse: 0.1398
mae: 0.1049
Validation Results:
r2: 0.9856
rmse: 0.2389
mae: 0.1705
Test Results:
r2: 0.9814
rmse: 0.2359
mae: 0.1625
10/101
train r2: 0.9932286545552156, valid r2: 0.9840406715100772, test r2: 0.9816058202190215
Training Results:
r2: 0.9932
rmse: 0.1595
mae: 0.1185
Validation Results:
r2: 0.9840
rmse: 0.2514
mae: 0.1743
Test Results:
r2: 0.9816
rmse: 0.2346
mae: 0.1654
11/101
train r2: 0.9931419372696463, valid r2: 0.9857486440534107, test r2: 0.982955783138084
Training Results:
r2: 0.9931
rmse: 0.1604
mae: 0.1201
Validation Results:
r2: 0.9857
rmse: 0.2376
mae: 0.1615
Test Results:
r2: 0.9830
rmse: 0.2258
mae: 0.1575
12/101
train r2: 0.9954400431911105, valid r2: 0.9875195081625902, test r2: 0.9844309874475566
Training Results:
r2: 0.9954
rmse: 0.1308
mae: 0.0989
Validation Results:
r2: 0.9875
rmse: 0.2224
mae: 0.1524
Test Results:
r2: 0.9844
rmse: 0.2158
mae: 0.1516
13/101
train r2: 0.9965310912004989, valid r2: 0.9891345085805148, test r2: 0.9860047910230401
Training Results:
r2: 0.9965
rmse: 0.1141
mae: 0.0875
Validation Results:
r2: 0.9891
rmse: 0.2075
mae: 0.1443
Test Results:
r2: 0.9860
rmse: 0.2046
mae: 0.1413
14/101
train r2: 0.9964104490401111, valid r2: 0.9888438489096116, test r2: 0.9861639055453314
Training Results:
r2: 0.9964
rmse: 0.1161
mae: 0.0877
Validation Results:
r2: 0.9888
rmse: 0.2102
mae: 0.1408
Test Results:
r2: 0.9862
rmse: 0.2034
mae: 0.1468
15/101
train r2: 0.9976184948497642, valid r2: 0.9902751906528434, test r2: 0.9881174790122301
Training Results:
r2: 0.9976
rmse: 0.0946
mae: 0.0716
Validation Results:
r2: 0.9903
rmse: 0.1963
mae: 0.1273
Test Results:
r2: 0.9881
rmse: 0.1885
mae: 0.1305
16/101
train r2: 0.9975918461752201, valid r2: 0.9902189071511691, test r2: 0.9875985562367005
Training Results:
r2: 0.9976
rmse: 0.0951
mae: 0.0698
Validation Results:
r2: 0.9902
rmse: 0.1968
mae: 0.1323
Test Results:
r2: 0.9876
rmse: 0.1926
mae: 0.1314
17/101
train r2: 0.9969809874072193, valid r2: 0.9902950875676424, test r2: 0.9871308961174886
Training Results:
r2: 0.9970
rmse: 0.1065
mae: 0.0812
Validation Results:
r2: 0.9903
rmse: 0.1961
mae: 0.1303
Test Results:
r2: 0.9871
rmse: 0.1962
mae: 0.1353
18/101
train r2: 0.9954183554294996, valid r2: 0.9901974791651648, test r2: 0.9884918962709863
Training Results:
r2: 0.9954
rmse: 0.1312
mae: 0.0975
Validation Results:
r2: 0.9902
rmse: 0.1971
mae: 0.1357
Test Results:
r2: 0.9885
rmse: 0.1855
mae: 0.1290
19/101
train r2: 0.9969559766759268, valid r2: 0.9889285986802516, test r2: 0.9882726140948032
Training Results:
r2: 0.9970
rmse: 0.1069
mae: 0.0800
Validation Results:
r2: 0.9889
rmse: 0.2094
mae: 0.1322
Test Results:
r2: 0.9883
rmse: 0.1873
mae: 0.1238
20/101
train r2: 0.9965739613067818, valid r2: 0.9906294349649611, test r2: 0.989079480393317
Training Results:
r2: 0.9966
rmse: 0.1134
mae: 0.0838
Validation Results:
r2: 0.9906
rmse: 0.1927
mae: 0.1329
Test Results:
r2: 0.9891
rmse: 0.1807
mae: 0.1260
21/101
train r2: 0.9948956258340022, valid r2: 0.9886941317991828, test r2: 0.9872560372996843
Training Results:
r2: 0.9949
rmse: 0.1384
mae: 0.1045
Validation Results:
r2: 0.9887
rmse: 0.2116
mae: 0.1452
Test Results:
r2: 0.9873
rmse: 0.1952
mae: 0.1383
22/101
train r2: 0.9974897973046645, valid r2: 0.9907710242226264, test r2: 0.9895976934193284
Training Results:
r2: 0.9975
rmse: 0.0971
mae: 0.0746
Validation Results:
r2: 0.9908
rmse: 0.1912
mae: 0.1221
Test Results:
r2: 0.9896
rmse: 0.1764
mae: 0.1143
23/101
train r2: 0.9977541077397574, valid r2: 0.9914684049297104, test r2: 0.9904494474182438
Training Results:
r2: 0.9978
rmse: 0.0918
mae: 0.0676
Validation Results:
r2: 0.9915
rmse: 0.1838
mae: 0.1197
Test Results:
r2: 0.9904
rmse: 0.1690
mae: 0.1100
24/101
train r2: 0.9958364984913575, valid r2: 0.9887590829792084, test r2: 0.9885969523902702
Training Results:
r2: 0.9958
rmse: 0.1250
mae: 0.1024
Validation Results:
r2: 0.9888
rmse: 0.2110
mae: 0.1440
Test Results:
r2: 0.9886
rmse: 0.1847
mae: 0.1294
25/101
train r2: 0.9985120076238245, valid r2: 0.9926261384407878, test r2: 0.9913257665519603
Training Results:
r2: 0.9985
rmse: 0.0747
mae: 0.0569
Validation Results:
r2: 0.9926
rmse: 0.1709
mae: 0.1090
Test Results:
r2: 0.9913
rmse: 0.1611
mae: 0.1059
26/101
train r2: 0.9977668849099439, valid r2: 0.9908910936961679, test r2: 0.990601376635987
Training Results:
r2: 0.9978
rmse: 0.0915
mae: 0.0713
Validation Results:
r2: 0.9909
rmse: 0.1900
mae: 0.1183
Test Results:
r2: 0.9906
rmse: 0.1677
mae: 0.1132
27/101
train r2: 0.9982438632046468, valid r2: 0.9929469820793562, test r2: 0.991177489230558
Training Results:
r2: 0.9982
rmse: 0.0812
mae: 0.0602
Validation Results:
r2: 0.9929
rmse: 0.1672
mae: 0.1069
Test Results:
r2: 0.9912
rmse: 0.1624
mae: 0.1079
28/101
train r2: 0.9981468306930484, valid r2: 0.9918901700931357, test r2: 0.9917315922623605
Training Results:
r2: 0.9981
rmse: 0.0834
mae: 0.0619
Validation Results:
r2: 0.9919
rmse: 0.1792
mae: 0.1109
Test Results:
r2: 0.9917
rmse: 0.1573
mae: 0.1033
29/101
train r2: 0.9974879900939145, valid r2: 0.9920736590328377, test r2: 0.9906625956953382
Training Results:
r2: 0.9975
rmse: 0.0971
mae: 0.0739
Validation Results:
r2: 0.9921
rmse: 0.1772
mae: 0.1138
Test Results:
r2: 0.9907
rmse: 0.1671
mae: 0.1151
30/101
train r2: 0.9983210419987842, valid r2: 0.9922333643026348, test r2: 0.9908411636859572
Training Results:
r2: 0.9983
rmse: 0.0794
mae: 0.0617
Validation Results:
r2: 0.9922
rmse: 0.1754
mae: 0.1094
Test Results:
r2: 0.9908
rmse: 0.1655
mae: 0.1053
31/101
train r2: 0.9986567777746966, valid r2: 0.9922651119251301, test r2: 0.9912941796562044
Training Results:
r2: 0.9987
rmse: 0.0710
mae: 0.0534
Validation Results:
r2: 0.9923
rmse: 0.1751
mae: 0.1016
Test Results:
r2: 0.9913
rmse: 0.1614
mae: 0.1036
32/101
train r2: 0.9987576907091308, valid r2: 0.9922763762534017, test r2: 0.991939506307265
Training Results:
r2: 0.9988
rmse: 0.0683
mae: 0.0496
Validation Results:
r2: 0.9923
rmse: 0.1749
mae: 0.1047
Test Results:
r2: 0.9919
rmse: 0.1553
mae: 0.0992
33/101
train r2: 0.9985409252652926, valid r2: 0.9932030386165099, test r2: 0.9918285062260452
Training Results:
r2: 0.9985
rmse: 0.0740
mae: 0.0553
Validation Results:
r2: 0.9932
rmse: 0.1641
mae: 0.1046
Test Results:
r2: 0.9918
rmse: 0.1563
mae: 0.1008
34/101
train r2: 0.9977902500757103, valid r2: 0.9918498293007968, test r2: 0.9910187142911644
Training Results:
r2: 0.9978
rmse: 0.0911
mae: 0.0673
Validation Results:
r2: 0.9918
rmse: 0.1797
mae: 0.1114
Test Results:
r2: 0.9910
rmse: 0.1639
mae: 0.1111
35/101
train r2: 0.9982793627581336, valid r2: 0.9921370194063018, test r2: 0.9909264184515955
Training Results:
r2: 0.9983
rmse: 0.0804
mae: 0.0593
Validation Results:
r2: 0.9921
rmse: 0.1765
mae: 0.1065
Test Results:
r2: 0.9909
rmse: 0.1647
mae: 0.1085
36/101
train r2: 0.9976181007007292, valid r2: 0.9911193380253686, test r2: 0.9916014508890298
Training Results:
r2: 0.9976
rmse: 0.0946
mae: 0.0747
Validation Results:
r2: 0.9911
rmse: 0.1876
mae: 0.1177
Test Results:
r2: 0.9916
rmse: 0.1585
mae: 0.1052
37/101
train r2: 0.9989137943028439, valid r2: 0.99236858144924, test r2: 0.9924072782393283
Training Results:
r2: 0.9989
rmse: 0.0639
mae: 0.0511
Validation Results:
r2: 0.9924
rmse: 0.1739
mae: 0.1025
Test Results:
r2: 0.9924
rmse: 0.1507
mae: 0.0971
38/101
train r2: 0.999472750304374, valid r2: 0.9940305639982816, test r2: 0.9930923796809741
Training Results:
r2: 0.9995
rmse: 0.0445
mae: 0.0325
Validation Results:
r2: 0.9940
rmse: 0.1538
mae: 0.0917
Test Results:
r2: 0.9931
rmse: 0.1437
mae: 0.0923
39/101
train r2: 0.999114841588479, valid r2: 0.9940324565714934, test r2: 0.9927702469557523
Training Results:
r2: 0.9991
rmse: 0.0576
mae: 0.0435
Validation Results:
r2: 0.9940
rmse: 0.1538
mae: 0.0941
Test Results:
r2: 0.9928
rmse: 0.1471
mae: 0.0941
40/101
train r2: 0.9991869901077293, valid r2: 0.9934428711514227, test r2: 0.9929899264976045
Training Results:
r2: 0.9992
rmse: 0.0553
mae: 0.0415
Validation Results:
r2: 0.9934
rmse: 0.1612
mae: 0.0942
Test Results:
r2: 0.9930
rmse: 0.1448
mae: 0.0924
41/101
train r2: 0.998936677643058, valid r2: 0.9936938478280659, test r2: 0.9920400635709059
Training Results:
r2: 0.9989
rmse: 0.0632
mae: 0.0482
Validation Results:
r2: 0.9937
rmse: 0.1581
mae: 0.0963
Test Results:
r2: 0.9920
rmse: 0.1543
mae: 0.1022
42/101
train r2: 0.9988718513673176, valid r2: 0.9929444726227055, test r2: 0.9926250858016964
Training Results:
r2: 0.9989
rmse: 0.0651
mae: 0.0499
Validation Results:
r2: 0.9929
rmse: 0.1672
mae: 0.0982
Test Results:
r2: 0.9926
rmse: 0.1485
mae: 0.0935
43/101
train r2: 0.999315845961305, valid r2: 0.9939955761057943, test r2: 0.9933417527766342
Training Results:
r2: 0.9993
rmse: 0.0507
mae: 0.0360
Validation Results:
r2: 0.9940
rmse: 0.1542
mae: 0.0906
Test Results:
r2: 0.9933
rmse: 0.1411
mae: 0.0879
44/101
train r2: 0.9990050208514202, valid r2: 0.993971088910715, test r2: 0.9928506139067848
Training Results:
r2: 0.9990
rmse: 0.0611
mae: 0.0469
Validation Results:
r2: 0.9940
rmse: 0.1545
mae: 0.0950
Test Results:
r2: 0.9929
rmse: 0.1462
mae: 0.0926
45/101
train r2: 0.9992066324461857, valid r2: 0.9941850130325365, test r2: 0.9931223230902593
Training Results:
r2: 0.9992
rmse: 0.0546
mae: 0.0402
Validation Results:
r2: 0.9942
rmse: 0.1518
mae: 0.0924
Test Results:
r2: 0.9931
rmse: 0.1434
mae: 0.0888
46/101
train r2: 0.99909554496528, valid r2: 0.9939713936135613, test r2: 0.9920939824932291
Training Results:
r2: 0.9991
rmse: 0.0582
mae: 0.0441
Validation Results:
r2: 0.9940
rmse: 0.1545
mae: 0.0913
Test Results:
r2: 0.9921
rmse: 0.1538
mae: 0.0928
47/101
train r2: 0.9988675235394479, valid r2: 0.9942084074844727, test r2: 0.9931815252751733
Training Results:
r2: 0.9989
rmse: 0.0652
mae: 0.0479
Validation Results:
r2: 0.9942
rmse: 0.1515
mae: 0.0933
Test Results:
r2: 0.9932
rmse: 0.1428
mae: 0.0910
48/101
train r2: 0.9993454398976426, valid r2: 0.9946684270595946, test r2: 0.9932883413657299
Training Results:
r2: 0.9993
rmse: 0.0496
mae: 0.0372
Validation Results:
r2: 0.9947
rmse: 0.1453
mae: 0.0885
Test Results:
r2: 0.9933
rmse: 0.1417
mae: 0.0882
49/101
train r2: 0.9994432724917196, valid r2: 0.9942565816441511, test r2: 0.9935652119566227
Training Results:
r2: 0.9994
rmse: 0.0457
mae: 0.0357
Validation Results:
r2: 0.9943
rmse: 0.1508
mae: 0.0912
Test Results:
r2: 0.9936
rmse: 0.1387
mae: 0.0871
50/101
train r2: 0.9995745736653118, valid r2: 0.994026467692059, test r2: 0.9934103829782494
Training Results:
r2: 0.9996
rmse: 0.0400
mae: 0.0295
Validation Results:
r2: 0.9940
rmse: 0.1538
mae: 0.0893
Test Results:
r2: 0.9934
rmse: 0.1404
mae: 0.0846
51/101
train r2: 0.9995943510280958, valid r2: 0.9947388611998952, test r2: 0.9936977604265586
Training Results:
r2: 0.9996
rmse: 0.0390
mae: 0.0296
Validation Results:
r2: 0.9947
rmse: 0.1444
mae: 0.0847
Test Results:
r2: 0.9937
rmse: 0.1373
mae: 0.0842
52/101
train r2: 0.9996114255843239, valid r2: 0.9943867622675877, test r2: 0.9935953852294737
Training Results:
r2: 0.9996
rmse: 0.0382
mae: 0.0291
Validation Results:
r2: 0.9944
rmse: 0.1491
mae: 0.0872
Test Results:
r2: 0.9936
rmse: 0.1384
mae: 0.0847
53/101
train r2: 0.9994291160956286, valid r2: 0.9946235592646022, test r2: 0.9935276442215831
Training Results:
r2: 0.9994
rmse: 0.0463
mae: 0.0353
Validation Results:
r2: 0.9946
rmse: 0.1459
mae: 0.0887
Test Results:
r2: 0.9935
rmse: 0.1391
mae: 0.0897
54/101
train r2: 0.9994452009457734, valid r2: 0.9935904051335189, test r2: 0.9930805459990469
Training Results:
r2: 0.9994
rmse: 0.0456
mae: 0.0352
Validation Results:
r2: 0.9936
rmse: 0.1594
mae: 0.0901
Test Results:
r2: 0.9931
rmse: 0.1439
mae: 0.0914
55/101
train r2: 0.9995573759656252, valid r2: 0.9944720997704072, test r2: 0.9933382614788557
Training Results:
r2: 0.9996
rmse: 0.0408
mae: 0.0301
Validation Results:
r2: 0.9945
rmse: 0.1480
mae: 0.0852
Test Results:
r2: 0.9933
rmse: 0.1412
mae: 0.0861
56/101
train r2: 0.999472799221358, valid r2: 0.9942633639197825, test r2: 0.9936210459982614
Training Results:
r2: 0.9995
rmse: 0.0445
mae: 0.0343
Validation Results:
r2: 0.9943
rmse: 0.1508
mae: 0.0892
Test Results:
r2: 0.9936
rmse: 0.1381
mae: 0.0853
57/101
train r2: 0.999526327919407, valid r2: 0.9939738367578921, test r2: 0.9936360585475433
Training Results:
r2: 0.9995
rmse: 0.0422
mae: 0.0322
Validation Results:
r2: 0.9940
rmse: 0.1545
mae: 0.0875
Test Results:
r2: 0.9936
rmse: 0.1380
mae: 0.0825
58/101
train r2: 0.9994962382082401, valid r2: 0.9939253380697384, test r2: 0.9933947398145092
Training Results:
r2: 0.9995
rmse: 0.0435
mae: 0.0329
Validation Results:
r2: 0.9939
rmse: 0.1551
mae: 0.0900
Test Results:
r2: 0.9934
rmse: 0.1406
mae: 0.0857
59/101
train r2: 0.9996566293816204, valid r2: 0.9946900213723736, test r2: 0.994031355496381
Training Results:
r2: 0.9997
rmse: 0.0359
mae: 0.0260
Validation Results:
r2: 0.9947
rmse: 0.1450
mae: 0.0849
Test Results:
r2: 0.9940
rmse: 0.1336
mae: 0.0809
60/101
train r2: 0.9996040533055112, valid r2: 0.9944039266040161, test r2: 0.9937142009330391
Training Results:
r2: 0.9996
rmse: 0.0385
mae: 0.0291
Validation Results:
r2: 0.9944
rmse: 0.1489
mae: 0.0850
Test Results:
r2: 0.9937
rmse: 0.1371
mae: 0.0841
61/101
train r2: 0.9993467242436486, valid r2: 0.9940990653971695, test r2: 0.9933637937533933
Training Results:
r2: 0.9993
rmse: 0.0495
mae: 0.0384
Validation Results:
r2: 0.9941
rmse: 0.1529
mae: 0.0900
Test Results:
r2: 0.9934
rmse: 0.1409
mae: 0.0893
62/101
train r2: 0.9995950864916703, valid r2: 0.9943646032974598, test r2: 0.9938030959572393
Training Results:
r2: 0.9996
rmse: 0.0390
mae: 0.0296
Validation Results:
r2: 0.9944
rmse: 0.1494
mae: 0.0866
Test Results:
r2: 0.9938
rmse: 0.1361
mae: 0.0858
63/101
train r2: 0.99970463981285, valid r2: 0.9945091679840302, test r2: 0.9938995871326893
Training Results:
r2: 0.9997
rmse: 0.0333
mae: 0.0247
Validation Results:
r2: 0.9945
rmse: 0.1475
mae: 0.0854
Test Results:
r2: 0.9939
rmse: 0.1351
mae: 0.0823
64/101
train r2: 0.9996963804936546, valid r2: 0.9944116040255055, test r2: 0.9938851976406156
Training Results:
r2: 0.9997
rmse: 0.0337
mae: 0.0255
Validation Results:
r2: 0.9944
rmse: 0.1488
mae: 0.0866
Test Results:
r2: 0.9939
rmse: 0.1352
mae: 0.0833
65/101
train r2: 0.9995875975360048, valid r2: 0.9943807681449863, test r2: 0.9937230504490785
Training Results:
r2: 0.9996
rmse: 0.0393
mae: 0.0292
Validation Results:
r2: 0.9944
rmse: 0.1492
mae: 0.0874
Test Results:
r2: 0.9937
rmse: 0.1370
mae: 0.0862
66/101
train r2: 0.9997845340715202, valid r2: 0.9945835699581561, test r2: 0.9939006723652657
Training Results:
r2: 0.9998
rmse: 0.0284
mae: 0.0214
Validation Results:
r2: 0.9946
rmse: 0.1465
mae: 0.0841
Test Results:
r2: 0.9939
rmse: 0.1351
mae: 0.0824
67/101
train r2: 0.9997067675646387, valid r2: 0.99428698403111, test r2: 0.9938074268636482
Training Results:
r2: 0.9997
rmse: 0.0332
mae: 0.0257
Validation Results:
r2: 0.9943
rmse: 0.1504
mae: 0.0865
Test Results:
r2: 0.9938
rmse: 0.1361
mae: 0.0831
68/101
train r2: 0.9998361031177591, valid r2: 0.9943839934909149, test r2: 0.9941000312476268
Training Results:
r2: 0.9998
rmse: 0.0248
mae: 0.0185
Validation Results:
r2: 0.9944
rmse: 0.1492
mae: 0.0830
Test Results:
r2: 0.9941
rmse: 0.1328
mae: 0.0806
69/101
train r2: 0.9998073002715863, valid r2: 0.994704842383367, test r2: 0.9939312701328283
Training Results:
r2: 0.9998
rmse: 0.0269
mae: 0.0202
Validation Results:
r2: 0.9947
rmse: 0.1448
mae: 0.0817
Test Results:
r2: 0.9939
rmse: 0.1347
mae: 0.0823
70/101
train r2: 0.9997352637240847, valid r2: 0.9945715299263422, test r2: 0.993862250947672
Training Results:
r2: 0.9997
rmse: 0.0315
mae: 0.0248
Validation Results:
r2: 0.9946
rmse: 0.1466
mae: 0.0852
Test Results:
r2: 0.9939
rmse: 0.1355
mae: 0.0849
71/101
train r2: 0.9998168554975025, valid r2: 0.9945727220271978, test r2: 0.9938973622504869
Training Results:
r2: 0.9998
rmse: 0.0262
mae: 0.0195
Validation Results:
r2: 0.9946
rmse: 0.1466
mae: 0.0827
Test Results:
r2: 0.9939
rmse: 0.1351
mae: 0.0818
break!
train: 0.9996, val: 0.9947, test: 0.9937
end_test_result: (0.9917334489330528, 0.15724629163742065, 0.12026220560073853)
args.seed: 2054
use label scaler
use label scaler
use label scaler
model have 90.143705M paramerters in total
train_dataset.mean: tensor([-2.4664]) train_dataset.std: tensor([1.9374])
1/101
train r2: 0.8392471797749276, valid r2: 0.8444621747161982, test r2: 0.8096577100549821
Training Results:
r2: 0.8392
rmse: 0.7767
mae: 0.5786
Validation Results:
r2: 0.8445
rmse: 0.7850
mae: 0.5903
Test Results:
r2: 0.8097
rmse: 0.7545
mae: 0.5796
2/101
train r2: 0.9588162002283223, valid r2: 0.9486324960016819, test r2: 0.9399495729302553
Training Results:
r2: 0.9588
rmse: 0.3933
mae: 0.2872
Validation Results:
r2: 0.9486
rmse: 0.4511
mae: 0.3164
Test Results:
r2: 0.9399
rmse: 0.4238
mae: 0.3084
3/101
train r2: 0.9699424395477558, valid r2: 0.9585320877940742, test r2: 0.9429424765613675
Training Results:
r2: 0.9699
rmse: 0.3359
mae: 0.2723
Validation Results:
r2: 0.9585
rmse: 0.4053
mae: 0.3193
Test Results:
r2: 0.9429
rmse: 0.4131
mae: 0.3345
4/101
train r2: 0.9901916673458117, valid r2: 0.980688743433469, test r2: 0.9747013155854286
Training Results:
r2: 0.9902
rmse: 0.1919
mae: 0.1453
Validation Results:
r2: 0.9807
rmse: 0.2766
mae: 0.1959
Test Results:
r2: 0.9747
rmse: 0.2751
mae: 0.1957
5/101
train r2: 0.987034745073363, valid r2: 0.9766905341762177, test r2: 0.9729582027819872
Training Results:
r2: 0.9870
rmse: 0.2205
mae: 0.1743
Validation Results:
r2: 0.9767
rmse: 0.3039
mae: 0.2233
Test Results:
r2: 0.9730
rmse: 0.2844
mae: 0.2051
6/101
train r2: 0.993731745944225, valid r2: 0.9837907063712099, test r2: 0.9796563654598271
Training Results:
r2: 0.9937
rmse: 0.1534
mae: 0.1206
Validation Results:
r2: 0.9838
rmse: 0.2534
mae: 0.1764
Test Results:
r2: 0.9797
rmse: 0.2467
mae: 0.1743
7/101
train r2: 0.995634714081637, valid r2: 0.9856672921394349, test r2: 0.9826325282122584
Training Results:
r2: 0.9956
rmse: 0.1280
mae: 0.0996
Validation Results:
r2: 0.9857
rmse: 0.2383
mae: 0.1639
Test Results:
r2: 0.9826
rmse: 0.2279
mae: 0.1535
8/101
train r2: 0.9961528992711702, valid r2: 0.9870875094960972, test r2: 0.983721893828525
Training Results:
r2: 0.9962
rmse: 0.1201
mae: 0.0920
Validation Results:
r2: 0.9871
rmse: 0.2262
mae: 0.1553
Test Results:
r2: 0.9837
rmse: 0.2207
mae: 0.1515
9/101
train r2: 0.9925239480848155, valid r2: 0.9840616902226204, test r2: 0.9819820797982192
Training Results:
r2: 0.9925
rmse: 0.1675
mae: 0.1281
Validation Results:
r2: 0.9841
rmse: 0.2513
mae: 0.1734
Test Results:
r2: 0.9820
rmse: 0.2322
mae: 0.1625
10/101
train r2: 0.9902878576716128, valid r2: 0.9802988722219836, test r2: 0.978939005694784
Training Results:
r2: 0.9903
rmse: 0.1910
mae: 0.1386
Validation Results:
r2: 0.9803
rmse: 0.2794
mae: 0.1844
Test Results:
r2: 0.9789
rmse: 0.2510
mae: 0.1742
11/101
train r2: 0.9950151295245919, valid r2: 0.987334805478577, test r2: 0.985164613711928
Training Results:
r2: 0.9950
rmse: 0.1368
mae: 0.1042
Validation Results:
r2: 0.9873
rmse: 0.2240
mae: 0.1491
Test Results:
r2: 0.9852
rmse: 0.2107
mae: 0.1443
12/101
train r2: 0.9953699328095474, valid r2: 0.9872583100511052, test r2: 0.9844581699438383
Training Results:
r2: 0.9954
rmse: 0.1319
mae: 0.0958
Validation Results:
r2: 0.9873
rmse: 0.2247
mae: 0.1469
Test Results:
r2: 0.9845
rmse: 0.2156
mae: 0.1418
13/101
train r2: 0.9972905601428244, valid r2: 0.9898042956967759, test r2: 0.9888917691064879
Training Results:
r2: 0.9973
rmse: 0.1009
mae: 0.0736
Validation Results:
r2: 0.9898
rmse: 0.2010
mae: 0.1264
Test Results:
r2: 0.9889
rmse: 0.1823
mae: 0.1236
14/101
train r2: 0.9968213857331878, valid r2: 0.9893435839436968, test r2: 0.9881016179026877
Training Results:
r2: 0.9968
rmse: 0.1092
mae: 0.0816
Validation Results:
r2: 0.9893
rmse: 0.2055
mae: 0.1306
Test Results:
r2: 0.9881
rmse: 0.1887
mae: 0.1307
15/101
train r2: 0.9968811467162074, valid r2: 0.988981169175573, test r2: 0.9875535946913565
Training Results:
r2: 0.9969
rmse: 0.1082
mae: 0.0762
Validation Results:
r2: 0.9890
rmse: 0.2089
mae: 0.1282
Test Results:
r2: 0.9876
rmse: 0.1929
mae: 0.1246
16/101
train r2: 0.9973475884144196, valid r2: 0.9912488102127779, test r2: 0.9884629637763217
Training Results:
r2: 0.9973
rmse: 0.0997
mae: 0.0763
Validation Results:
r2: 0.9912
rmse: 0.1862
mae: 0.1241
Test Results:
r2: 0.9885
rmse: 0.1858
mae: 0.1302
17/101
train r2: 0.997448761466037, valid r2: 0.9908810667552927, test r2: 0.9888187906608956
Training Results:
r2: 0.9974
rmse: 0.0978
mae: 0.0731
Validation Results:
r2: 0.9909
rmse: 0.1901
mae: 0.1219
Test Results:
r2: 0.9888
rmse: 0.1829
mae: 0.1196
18/101
train r2: 0.9934892557896118, valid r2: 0.9857983951963958, test r2: 0.9858823541185093
Training Results:
r2: 0.9935
rmse: 0.1563
mae: 0.1211
Validation Results:
r2: 0.9858
rmse: 0.2372
mae: 0.1605
Test Results:
r2: 0.9859
rmse: 0.2055
mae: 0.1426
19/101
train r2: 0.997460332765392, valid r2: 0.9917795130802917, test r2: 0.9905776652946967
Training Results:
r2: 0.9975
rmse: 0.0977
mae: 0.0727
Validation Results:
r2: 0.9918
rmse: 0.1805
mae: 0.1163
Test Results:
r2: 0.9906
rmse: 0.1679
mae: 0.1101
20/101
train r2: 0.997245549692135, valid r2: 0.9919399143271194, test r2: 0.9890162777954442
Training Results:
r2: 0.9972
rmse: 0.1017
mae: 0.0771
Validation Results:
r2: 0.9919
rmse: 0.1787
mae: 0.1175
Test Results:
r2: 0.9890
rmse: 0.1813
mae: 0.1188
21/101
train r2: 0.9980217331055992, valid r2: 0.9915499286268219, test r2: 0.991293166282015
Training Results:
r2: 0.9980
rmse: 0.0862
mae: 0.0635
Validation Results:
r2: 0.9915
rmse: 0.1830
mae: 0.1131
Test Results:
r2: 0.9913
rmse: 0.1614
mae: 0.1051
22/101
train r2: 0.9978942696930736, valid r2: 0.9923674496293988, test r2: 0.9912298585886721
Training Results:
r2: 0.9979
rmse: 0.0889
mae: 0.0635
Validation Results:
r2: 0.9924
rmse: 0.1739
mae: 0.1085
Test Results:
r2: 0.9912
rmse: 0.1620
mae: 0.1042
23/101
train r2: 0.9976009633504528, valid r2: 0.9914509045230331, test r2: 0.9907480877838661
Training Results:
r2: 0.9976
rmse: 0.0949
mae: 0.0654
Validation Results:
r2: 0.9915
rmse: 0.1840
mae: 0.1132
Test Results:
r2: 0.9907
rmse: 0.1664
mae: 0.1106
24/101
train r2: 0.997931990678406, valid r2: 0.9923382007293593, test r2: 0.9910496793045891
Training Results:
r2: 0.9979
rmse: 0.0881
mae: 0.0675
Validation Results:
r2: 0.9923
rmse: 0.1742
mae: 0.1114
Test Results:
r2: 0.9910
rmse: 0.1636
mae: 0.1082
25/101
train r2: 0.9934733881317515, valid r2: 0.988352470001345, test r2: 0.9870495997577408
Training Results:
r2: 0.9935
rmse: 0.1564
mae: 0.1293
Validation Results:
r2: 0.9884
rmse: 0.2148
mae: 0.1530
Test Results:
r2: 0.9870
rmse: 0.1968
mae: 0.1418
26/101
train r2: 0.9980704777994879, valid r2: 0.992958471874762, test r2: 0.991069798107736
Training Results:
r2: 0.9981
rmse: 0.0851
mae: 0.0614
Validation Results:
r2: 0.9930
rmse: 0.1670
mae: 0.1054
Test Results:
r2: 0.9911
rmse: 0.1634
mae: 0.1045
27/101
train r2: 0.9982093379531887, valid r2: 0.992106000707679, test r2: 0.9914631863603717
Training Results:
r2: 0.9982
rmse: 0.0820
mae: 0.0609
Validation Results:
r2: 0.9921
rmse: 0.1768
mae: 0.1097
Test Results:
r2: 0.9915
rmse: 0.1598
mae: 0.1053
28/101
train r2: 0.9974651272893527, valid r2: 0.9923164857096807, test r2: 0.9885493829608589
Training Results:
r2: 0.9975
rmse: 0.0975
mae: 0.0733
Validation Results:
r2: 0.9923
rmse: 0.1745
mae: 0.1146
Test Results:
r2: 0.9885
rmse: 0.1851
mae: 0.1357
29/101
train r2: 0.9981739287201553, valid r2: 0.9930363759941357, test r2: 0.9925591294178913
Training Results:
r2: 0.9982
rmse: 0.0828
mae: 0.0609
Validation Results:
r2: 0.9930
rmse: 0.1661
mae: 0.1062
Test Results:
r2: 0.9926
rmse: 0.1492
mae: 0.0996
30/101
train r2: 0.998730360102224, valid r2: 0.9932108860485597, test r2: 0.9925214121178662
Training Results:
r2: 0.9987
rmse: 0.0690
mae: 0.0507
Validation Results:
r2: 0.9932
rmse: 0.1640
mae: 0.1009
Test Results:
r2: 0.9925
rmse: 0.1496
mae: 0.0957
31/101
train r2: 0.9982983644313063, valid r2: 0.9937547251430088, test r2: 0.9925362362895436
Training Results:
r2: 0.9983
rmse: 0.0800
mae: 0.0594
Validation Results:
r2: 0.9938
rmse: 0.1573
mae: 0.1025
Test Results:
r2: 0.9925
rmse: 0.1494
mae: 0.1001
32/101
train r2: 0.9975614698498646, valid r2: 0.9924243391737453, test r2: 0.9918073182971324
Training Results:
r2: 0.9976
rmse: 0.0957
mae: 0.0727
Validation Results:
r2: 0.9924
rmse: 0.1732
mae: 0.1125
Test Results:
r2: 0.9918
rmse: 0.1565
mae: 0.1079
33/101
train r2: 0.9979356111332763, valid r2: 0.9921303237934647, test r2: 0.9915948606046268
Training Results:
r2: 0.9979
rmse: 0.0880
mae: 0.0696
Validation Results:
r2: 0.9921
rmse: 0.1766
mae: 0.1115
Test Results:
r2: 0.9916
rmse: 0.1586
mae: 0.1062
34/101
train r2: 0.9969100498570588, valid r2: 0.9917403796378347, test r2: 0.9907678112474501
Training Results:
r2: 0.9969
rmse: 0.1077
mae: 0.0882
Validation Results:
r2: 0.9917
rmse: 0.1809
mae: 0.1224
Test Results:
r2: 0.9908
rmse: 0.1662
mae: 0.1219
35/101
train r2: 0.9986445161695672, valid r2: 0.9931291492023063, test r2: 0.9922940714261023
Training Results:
r2: 0.9986
rmse: 0.0713
mae: 0.0520
Validation Results:
r2: 0.9931
rmse: 0.1650
mae: 0.0991
Test Results:
r2: 0.9923
rmse: 0.1518
mae: 0.0956
36/101
train r2: 0.9990397539168058, valid r2: 0.9934077737652617, test r2: 0.9928174907432552
Training Results:
r2: 0.9990
rmse: 0.0600
mae: 0.0449
Validation Results:
r2: 0.9934
rmse: 0.1616
mae: 0.0962
Test Results:
r2: 0.9928
rmse: 0.1466
mae: 0.0929
37/101
train r2: 0.9984640568011068, valid r2: 0.9926202866123768, test r2: 0.9929651343251928
Training Results:
r2: 0.9985
rmse: 0.0759
mae: 0.0579
Validation Results:
r2: 0.9926
rmse: 0.1710
mae: 0.1022
Test Results:
r2: 0.9930
rmse: 0.1451
mae: 0.0946
38/101
train r2: 0.9989045706528943, valid r2: 0.9939334818315143, test r2: 0.9928438303031782
Training Results:
r2: 0.9989
rmse: 0.0641
mae: 0.0512
Validation Results:
r2: 0.9939
rmse: 0.1550
mae: 0.0963
Test Results:
r2: 0.9928
rmse: 0.1463
mae: 0.0958
39/101
train r2: 0.9989951193559979, valid r2: 0.9937771237074826, test r2: 0.9930056144551067
Training Results:
r2: 0.9990
rmse: 0.0614
mae: 0.0452
Validation Results:
r2: 0.9938
rmse: 0.1570
mae: 0.0958
Test Results:
r2: 0.9930
rmse: 0.1446
mae: 0.0969
40/101
train r2: 0.9983357214575564, valid r2: 0.9932965650272715, test r2: 0.9917557469769162
Training Results:
r2: 0.9983
rmse: 0.0790
mae: 0.0618
Validation Results:
r2: 0.9933
rmse: 0.1630
mae: 0.1014
Test Results:
r2: 0.9918
rmse: 0.1570
mae: 0.1002
41/101
train r2: 0.9989865349686264, valid r2: 0.9946148936984298, test r2: 0.9939165914317643
Training Results:
r2: 0.9990
rmse: 0.0616
mae: 0.0435
Validation Results:
r2: 0.9946
rmse: 0.1461
mae: 0.0904
Test Results:
r2: 0.9939
rmse: 0.1349
mae: 0.0888
42/101
train r2: 0.999363744147109, valid r2: 0.9939082674598366, test r2: 0.9933498979836272
Training Results:
r2: 0.9994
rmse: 0.0489
mae: 0.0360
Validation Results:
r2: 0.9939
rmse: 0.1553
mae: 0.0908
Test Results:
r2: 0.9933
rmse: 0.1410
mae: 0.0865
43/101
train r2: 0.9991154971478701, valid r2: 0.9941084526398699, test r2: 0.9929214647682905
Training Results:
r2: 0.9991
rmse: 0.0576
mae: 0.0444
Validation Results:
r2: 0.9941
rmse: 0.1528
mae: 0.0934
Test Results:
r2: 0.9929
rmse: 0.1455
mae: 0.0958
44/101
train r2: 0.9991145595731443, valid r2: 0.9944559242640149, test r2: 0.9931518103678539
Training Results:
r2: 0.9991
rmse: 0.0576
mae: 0.0435
Validation Results:
r2: 0.9945
rmse: 0.1482
mae: 0.0912
Test Results:
r2: 0.9932
rmse: 0.1431
mae: 0.0936
45/101
train r2: 0.9991727869956886, valid r2: 0.9937708603366987, test r2: 0.9935541183201828
Training Results:
r2: 0.9992
rmse: 0.0557
mae: 0.0420
Validation Results:
r2: 0.9938
rmse: 0.1571
mae: 0.0940
Test Results:
r2: 0.9936
rmse: 0.1389
mae: 0.0877
46/101
train r2: 0.9993066332281719, valid r2: 0.9940368599213405, test r2: 0.9940599807628999
Training Results:
r2: 0.9993
rmse: 0.0510
mae: 0.0378
Validation Results:
r2: 0.9940
rmse: 0.1537
mae: 0.0913
Test Results:
r2: 0.9941
rmse: 0.1333
mae: 0.0852
47/101
train r2: 0.9991519177554554, valid r2: 0.9940871405558973, test r2: 0.9934319089152615
Training Results:
r2: 0.9992
rmse: 0.0564
mae: 0.0408
Validation Results:
r2: 0.9941
rmse: 0.1531
mae: 0.0922
Test Results:
r2: 0.9934
rmse: 0.1402
mae: 0.0914
48/101
train r2: 0.9988214320273275, valid r2: 0.9941106132585974, test r2: 0.9923867208719855
Training Results:
r2: 0.9988
rmse: 0.0665
mae: 0.0516
Validation Results:
r2: 0.9941
rmse: 0.1527
mae: 0.0942
Test Results:
r2: 0.9924
rmse: 0.1509
mae: 0.1032
49/101
train r2: 0.9992272880373391, valid r2: 0.9942412085057359, test r2: 0.9932710512321277
Training Results:
r2: 0.9992
rmse: 0.0538
mae: 0.0406
Validation Results:
r2: 0.9942
rmse: 0.1510
mae: 0.0890
Test Results:
r2: 0.9933
rmse: 0.1419
mae: 0.0926
50/101
train r2: 0.9993521529147079, valid r2: 0.9943953021845131, test r2: 0.993859323972885
Training Results:
r2: 0.9994
rmse: 0.0493
mae: 0.0366
Validation Results:
r2: 0.9944
rmse: 0.1490
mae: 0.0885
Test Results:
r2: 0.9939
rmse: 0.1355
mae: 0.0851
51/101
train r2: 0.9993831463328059, valid r2: 0.9941088686685856, test r2: 0.9934721007501398
Training Results:
r2: 0.9994
rmse: 0.0481
mae: 0.0339
Validation Results:
r2: 0.9941
rmse: 0.1528
mae: 0.0874
Test Results:
r2: 0.9935
rmse: 0.1397
mae: 0.0876
52/101
train r2: 0.9983794105049933, valid r2: 0.9934164526558807, test r2: 0.9928000909383862
Training Results:
r2: 0.9984
rmse: 0.0780
mae: 0.0658
Validation Results:
r2: 0.9934
rmse: 0.1615
mae: 0.1055
Test Results:
r2: 0.9928
rmse: 0.1468
mae: 0.1036
53/101
train r2: 0.9990630235769522, valid r2: 0.9945909058462865, test r2: 0.9937043905765847
Training Results:
r2: 0.9991
rmse: 0.0593
mae: 0.0430
Validation Results:
r2: 0.9946
rmse: 0.1464
mae: 0.0907
Test Results:
r2: 0.9937
rmse: 0.1372
mae: 0.0870
54/101
train r2: 0.9994578330481616, valid r2: 0.994561054436564, test r2: 0.9938867605749065
Training Results:
r2: 0.9995
rmse: 0.0451
mae: 0.0337
Validation Results:
r2: 0.9946
rmse: 0.1468
mae: 0.0880
Test Results:
r2: 0.9939
rmse: 0.1352
mae: 0.0907
55/101
train r2: 0.9994598694662458, valid r2: 0.9938663473819729, test r2: 0.9940906408762358
Training Results:
r2: 0.9995
rmse: 0.0450
mae: 0.0352
Validation Results:
r2: 0.9939
rmse: 0.1559
mae: 0.0907
Test Results:
r2: 0.9941
rmse: 0.1330
mae: 0.0843
56/101
train r2: 0.9995596069146048, valid r2: 0.9946268720671774, test r2: 0.9942781348677271
Training Results:
r2: 0.9996
rmse: 0.0407
mae: 0.0303
Validation Results:
r2: 0.9946
rmse: 0.1459
mae: 0.0847
Test Results:
r2: 0.9943
rmse: 0.1308
mae: 0.0832
57/101
train r2: 0.9993803603830271, valid r2: 0.9942708792577672, test r2: 0.9937776294535791
Training Results:
r2: 0.9994
rmse: 0.0482
mae: 0.0363
Validation Results:
r2: 0.9943
rmse: 0.1507
mae: 0.0885
Test Results:
r2: 0.9938
rmse: 0.1364
mae: 0.0844
58/101
train r2: 0.9996915134782036, valid r2: 0.9946470769188195, test r2: 0.9943267643046879
Training Results:
r2: 0.9997
rmse: 0.0340
mae: 0.0235
Validation Results:
r2: 0.9946
rmse: 0.1456
mae: 0.0833
Test Results:
r2: 0.9943
rmse: 0.1303
mae: 0.0806
59/101
train r2: 0.9995651082786392, valid r2: 0.995228328113983, test r2: 0.9941396944310615
Training Results:
r2: 0.9996
rmse: 0.0404
mae: 0.0297
Validation Results:
r2: 0.9952
rmse: 0.1375
mae: 0.0836
Test Results:
r2: 0.9941
rmse: 0.1324
mae: 0.0835
60/101
train r2: 0.999734635555238, valid r2: 0.9948062275046986, test r2: 0.9940019348035792
Training Results:
r2: 0.9997
rmse: 0.0316
mae: 0.0226
Validation Results:
r2: 0.9948
rmse: 0.1434
mae: 0.0818
Test Results:
r2: 0.9940
rmse: 0.1339
mae: 0.0833
61/101
train r2: 0.9994755152357118, valid r2: 0.9938485090803516, test r2: 0.9939974267492321
Training Results:
r2: 0.9995
rmse: 0.0444
mae: 0.0319
Validation Results:
r2: 0.9938
rmse: 0.1561
mae: 0.0889
Test Results:
r2: 0.9940
rmse: 0.1340
mae: 0.0840
62/101
train r2: 0.9995021978315863, valid r2: 0.9942739203628927, test r2: 0.9937626051597575
Training Results:
r2: 0.9995
rmse: 0.0432
mae: 0.0321
Validation Results:
r2: 0.9943
rmse: 0.1506
mae: 0.0870
Test Results:
r2: 0.9938
rmse: 0.1366
mae: 0.0864
63/101
train r2: 0.9996512488628758, valid r2: 0.994337613458162, test r2: 0.9943202688835965
Training Results:
r2: 0.9997
rmse: 0.0362
mae: 0.0255
Validation Results:
r2: 0.9943
rmse: 0.1498
mae: 0.0836
Test Results:
r2: 0.9943
rmse: 0.1303
mae: 0.0814
64/101
train r2: 0.9997122060610582, valid r2: 0.9951903606293837, test r2: 0.9945418187390348
Training Results:
r2: 0.9997
rmse: 0.0329
mae: 0.0254
Validation Results:
r2: 0.9952
rmse: 0.1380
mae: 0.0815
Test Results:
r2: 0.9945
rmse: 0.1278
mae: 0.0820
65/101
train r2: 0.9998034672165333, valid r2: 0.9946600211706131, test r2: 0.9942936465457515
Training Results:
r2: 0.9998
rmse: 0.0272
mae: 0.0202
Validation Results:
r2: 0.9947
rmse: 0.1454
mae: 0.0820
Test Results:
r2: 0.9943
rmse: 0.1306
mae: 0.0799
66/101
train r2: 0.9997891908658421, valid r2: 0.9948630708292932, test r2: 0.9944917182745802
Training Results:
r2: 0.9998
rmse: 0.0281
mae: 0.0200
Validation Results:
r2: 0.9949
rmse: 0.1427
mae: 0.0823
Test Results:
r2: 0.9945
rmse: 0.1284
mae: 0.0793
67/101
train r2: 0.9998075976942015, valid r2: 0.9948937643458934, test r2: 0.9945278884021235
Training Results:
r2: 0.9998
rmse: 0.0268
mae: 0.0198
Validation Results:
r2: 0.9949
rmse: 0.1422
mae: 0.0815
Test Results:
r2: 0.9945
rmse: 0.1279
mae: 0.0799
68/101
train r2: 0.9998199427656118, valid r2: 0.9945499420716318, test r2: 0.9943834047050988
Training Results:
r2: 0.9998
rmse: 0.0260
mae: 0.0191
Validation Results:
r2: 0.9945
rmse: 0.1469
mae: 0.0826
Test Results:
r2: 0.9944
rmse: 0.1296
mae: 0.0806
69/101
train r2: 0.9997814021044672, valid r2: 0.9949344081398599, test r2: 0.9945268502834497
Training Results:
r2: 0.9998
rmse: 0.0286
mae: 0.0216
Validation Results:
r2: 0.9949
rmse: 0.1417
mae: 0.0822
Test Results:
r2: 0.9945
rmse: 0.1279
mae: 0.0793
70/101
train r2: 0.9998376521750278, valid r2: 0.9948812755194067, test r2: 0.9944645252528382
Training Results:
r2: 0.9998
rmse: 0.0247
mae: 0.0185
Validation Results:
r2: 0.9949
rmse: 0.1424
mae: 0.0811
Test Results:
r2: 0.9945
rmse: 0.1287
mae: 0.0798
71/101
train r2: 0.999794063420365, valid r2: 0.9948840915872523, test r2: 0.9946334664433976
Training Results:
r2: 0.9998
rmse: 0.0278
mae: 0.0207
Validation Results:
r2: 0.9949
rmse: 0.1424
mae: 0.0818
Test Results:
r2: 0.9946
rmse: 0.1267
mae: 0.0780
72/101
train r2: 0.9997594604455435, valid r2: 0.9951603788693633, test r2: 0.9943466340976096
Training Results:
r2: 0.9998
rmse: 0.0300
mae: 0.0221
Validation Results:
r2: 0.9952
rmse: 0.1385
mae: 0.0806
Test Results:
r2: 0.9943
rmse: 0.1300
mae: 0.0821
73/101
train r2: 0.9998865048911295, valid r2: 0.9947950452310044, test r2: 0.9945625949677881
Training Results:
r2: 0.9999
rmse: 0.0206
mae: 0.0152
Validation Results:
r2: 0.9948
rmse: 0.1436
mae: 0.0806
Test Results:
r2: 0.9946
rmse: 0.1275
mae: 0.0785
74/101
train r2: 0.9997997936221649, valid r2: 0.9946765903082324, test r2: 0.9943537540060379
Training Results:
r2: 0.9998
rmse: 0.0274
mae: 0.0201
Validation Results:
r2: 0.9947
rmse: 0.1452
mae: 0.0813
Test Results:
r2: 0.9944
rmse: 0.1300
mae: 0.0800
75/101
train r2: 0.9999181493547203, valid r2: 0.9951219451722396, test r2: 0.994709105716814
Training Results:
r2: 0.9999
rmse: 0.0175
mae: 0.0130
Validation Results:
r2: 0.9951
rmse: 0.1390
mae: 0.0801
Test Results:
r2: 0.9947
rmse: 0.1258
mae: 0.0784
76/101
train r2: 0.9998412625942644, valid r2: 0.9950171193496731, test r2: 0.9946265116406012
Training Results:
r2: 0.9998
rmse: 0.0244
mae: 0.0186
Validation Results:
r2: 0.9950
rmse: 0.1405
mae: 0.0805
Test Results:
r2: 0.9946
rmse: 0.1268
mae: 0.0789
77/101
train r2: 0.9998489981135839, valid r2: 0.9951275336635957, test r2: 0.9944561108904534
Training Results:
r2: 0.9998
rmse: 0.0238
mae: 0.0186
Validation Results:
r2: 0.9951
rmse: 0.1389
mae: 0.0802
Test Results:
r2: 0.9945
rmse: 0.1288
mae: 0.0812
78/101
train r2: 0.9999150650182946, valid r2: 0.9950908430974801, test r2: 0.9946799557877463
Training Results:
r2: 0.9999
rmse: 0.0179
mae: 0.0133
Validation Results:
r2: 0.9951
rmse: 0.1395
mae: 0.0793
Test Results:
r2: 0.9947
rmse: 0.1261
mae: 0.0782
79/101
train r2: 0.999908720275035, valid r2: 0.9950517964316301, test r2: 0.9945814692434161
Training Results:
r2: 0.9999
rmse: 0.0185
mae: 0.0140
Validation Results:
r2: 0.9951
rmse: 0.1400
mae: 0.0796
Test Results:
r2: 0.9946
rmse: 0.1273
mae: 0.0795
break!
train: 0.9996, val: 0.9952, test: 0.9941
end_test_result: (0.8102576143373514, 0.7533562779426575, 0.5738715529441833)
args.seed: 2064
use label scaler
use label scaler
use label scaler
model have 90.143705M paramerters in total
train_dataset.mean: tensor([-2.4664]) train_dataset.std: tensor([1.9374])
1/101
train r2: 0.824733864371067, valid r2: 0.8165710776025957, test r2: 0.8163152977140874
Training Results:
r2: 0.8247
rmse: 0.8114
mae: 0.6080
Validation Results:
r2: 0.8166
rmse: 0.8525
mae: 0.6415
Test Results:
r2: 0.8163
rmse: 0.7412
mae: 0.5788
2/101
train r2: 0.9533940414684854, valid r2: 0.9440089277070629, test r2: 0.940539318101323
Training Results:
r2: 0.9534
rmse: 0.4182
mae: 0.3115
Validation Results:
r2: 0.9440
rmse: 0.4710
mae: 0.3386
Test Results:
r2: 0.9405
rmse: 0.4217
mae: 0.3153
3/101
train r2: 0.9813426393200388, valid r2: 0.9710307776839697, test r2: 0.9686933187777489
Training Results:
r2: 0.9813
rmse: 0.2647
mae: 0.1960
Validation Results:
r2: 0.9710
rmse: 0.3388
mae: 0.2339
Test Results:
r2: 0.9687
rmse: 0.3060
mae: 0.2255
4/101
train r2: 0.9895240729263471, valid r2: 0.9773344600259516, test r2: 0.9755379563572605
Training Results:
r2: 0.9895
rmse: 0.1983
mae: 0.1511
Validation Results:
r2: 0.9773
rmse: 0.2997
mae: 0.2101
Test Results:
r2: 0.9755
rmse: 0.2705
mae: 0.1974
5/101
train r2: 0.9920260969063563, valid r2: 0.9812568324332795, test r2: 0.9784237319243732
Training Results:
r2: 0.9920
rmse: 0.1730
mae: 0.1360
Validation Results:
r2: 0.9813
rmse: 0.2725
mae: 0.1906
Test Results:
r2: 0.9784
rmse: 0.2540
mae: 0.1916
6/101
train r2: 0.9947963682355948, valid r2: 0.9827926594999036, test r2: 0.9819271042398179
Training Results:
r2: 0.9948
rmse: 0.1398
mae: 0.1064
Validation Results:
r2: 0.9828
rmse: 0.2611
mae: 0.1754
Test Results:
r2: 0.9819
rmse: 0.2325
mae: 0.1658
7/101
train r2: 0.9956912848969427, valid r2: 0.9846780282773004, test r2: 0.9835640444260543
Training Results:
r2: 0.9957
rmse: 0.1271
mae: 0.0981
Validation Results:
r2: 0.9847
rmse: 0.2464
mae: 0.1684
Test Results:
r2: 0.9836
rmse: 0.2217
mae: 0.1569
8/101
train r2: 0.9950590827928678, valid r2: 0.9855488063875595, test r2: 0.9829428531853059
Training Results:
r2: 0.9951
rmse: 0.1362
mae: 0.1031
Validation Results:
r2: 0.9855
rmse: 0.2393
mae: 0.1687
Test Results:
r2: 0.9829
rmse: 0.2259
mae: 0.1606
9/101
train r2: 0.9955205270688902, valid r2: 0.9865374816615654, test r2: 0.9856549843673755
Training Results:
r2: 0.9955
rmse: 0.1297
mae: 0.0943
Validation Results:
r2: 0.9865
rmse: 0.2309
mae: 0.1576
Test Results:
r2: 0.9857
rmse: 0.2071
mae: 0.1466
10/101
train r2: 0.9774029404895064, valid r2: 0.9699810694503874, test r2: 0.9681811218650299
Training Results:
r2: 0.9774
rmse: 0.2913
mae: 0.2429
Validation Results:
r2: 0.9700
rmse: 0.3449
mae: 0.2563
Test Results:
r2: 0.9682
rmse: 0.3085
mae: 0.2490
11/101
train r2: 0.9889744429418967, valid r2: 0.9827208061072571, test r2: 0.9732536248123881
Training Results:
r2: 0.9890
rmse: 0.2034
mae: 0.1545
Validation Results:
r2: 0.9827
rmse: 0.2616
mae: 0.1930
Test Results:
r2: 0.9733
rmse: 0.2828
mae: 0.2102
12/101
train r2: 0.9923593092237306, valid r2: 0.984719038741159, test r2: 0.9828994256589266
Training Results:
r2: 0.9924
rmse: 0.1693
mae: 0.1319
Validation Results:
r2: 0.9847
rmse: 0.2460
mae: 0.1743
Test Results:
r2: 0.9829
rmse: 0.2262
mae: 0.1644
13/101
train r2: 0.9976613861800874, valid r2: 0.9902242479844433, test r2: 0.98941535602116
Training Results:
r2: 0.9977
rmse: 0.0937
mae: 0.0703
Validation Results:
r2: 0.9902
rmse: 0.1968
mae: 0.1285
Test Results:
r2: 0.9894
rmse: 0.1779
mae: 0.1201
14/101
train r2: 0.9965699027734906, valid r2: 0.9883769203944355, test r2: 0.9881212608686459
Training Results:
r2: 0.9966
rmse: 0.1134
mae: 0.0916
Validation Results:
r2: 0.9884
rmse: 0.2146
mae: 0.1422
Test Results:
r2: 0.9881
rmse: 0.1885
mae: 0.1358
15/101
train r2: 0.997738161979923, valid r2: 0.989928236958359, test r2: 0.9891901103391653
Training Results:
r2: 0.9977
rmse: 0.0922
mae: 0.0702
Validation Results:
r2: 0.9899
rmse: 0.1998
mae: 0.1308
Test Results:
r2: 0.9892
rmse: 0.1798
mae: 0.1244
16/101
train r2: 0.9967324414907281, valid r2: 0.9891423492656968, test r2: 0.9885255686321993
Training Results:
r2: 0.9967
rmse: 0.1108
mae: 0.0847
Validation Results:
r2: 0.9891
rmse: 0.2074
mae: 0.1352
Test Results:
r2: 0.9885
rmse: 0.1853
mae: 0.1282
17/101
train r2: 0.9975066432202234, valid r2: 0.9905943069964862, test r2: 0.9889622130130535
Training Results:
r2: 0.9975
rmse: 0.0967
mae: 0.0716
Validation Results:
r2: 0.9906
rmse: 0.1930
mae: 0.1228
Test Results:
r2: 0.9890
rmse: 0.1817
mae: 0.1207
18/101
train r2: 0.9953805817826343, valid r2: 0.989844044125, test r2: 0.985280281264011
Training Results:
r2: 0.9954
rmse: 0.1317
mae: 0.0982
Validation Results:
r2: 0.9898
rmse: 0.2006
mae: 0.1384
Test Results:
r2: 0.9853
rmse: 0.2098
mae: 0.1544
19/101
train r2: 0.9964747017885118, valid r2: 0.9917197096665026, test r2: 0.9892281357133844
Training Results:
r2: 0.9965
rmse: 0.1150
mae: 0.0834
Validation Results:
r2: 0.9917
rmse: 0.1811
mae: 0.1234
Test Results:
r2: 0.9892
rmse: 0.1795
mae: 0.1206
20/101
train r2: 0.997958767951822, valid r2: 0.9918718387408598, test r2: 0.9900263818188171
Training Results:
r2: 0.9980
rmse: 0.0875
mae: 0.0664
Validation Results:
r2: 0.9919
rmse: 0.1794
mae: 0.1184
Test Results:
r2: 0.9900
rmse: 0.1727
mae: 0.1186
21/101
train r2: 0.9978733951487104, valid r2: 0.9922392261974302, test r2: 0.990114899484767
Training Results:
r2: 0.9979
rmse: 0.0893
mae: 0.0662
Validation Results:
r2: 0.9922
rmse: 0.1753
mae: 0.1131
Test Results:
r2: 0.9901
rmse: 0.1720
mae: 0.1129
22/101
train r2: 0.9976706628874354, valid r2: 0.9920401072443722, test r2: 0.9910657088859098
Training Results:
r2: 0.9977
rmse: 0.0935
mae: 0.0676
Validation Results:
r2: 0.9920
rmse: 0.1776
mae: 0.1142
Test Results:
r2: 0.9911
rmse: 0.1635
mae: 0.1081
23/101
train r2: 0.9975481385797135, valid r2: 0.9918692269209413, test r2: 0.99068425925443
Training Results:
r2: 0.9975
rmse: 0.0959
mae: 0.0686
Validation Results:
r2: 0.9919
rmse: 0.1795
mae: 0.1149
Test Results:
r2: 0.9907
rmse: 0.1669
mae: 0.1116
24/101
train r2: 0.9981309632794065, valid r2: 0.9921209524050972, test r2: 0.9917029813516548
Training Results:
r2: 0.9981
rmse: 0.0838
mae: 0.0634
Validation Results:
r2: 0.9921
rmse: 0.1767
mae: 0.1118
Test Results:
r2: 0.9917
rmse: 0.1575
mae: 0.1013
25/101
train r2: 0.9982770593764129, valid r2: 0.9920657617679056, test r2: 0.9914969317224867
Training Results:
r2: 0.9983
rmse: 0.0804
mae: 0.0605
Validation Results:
r2: 0.9921
rmse: 0.1773
mae: 0.1091
Test Results:
r2: 0.9915
rmse: 0.1595
mae: 0.1026
26/101
train r2: 0.9984914544080762, valid r2: 0.9919973147876058, test r2: 0.9913622562850215
Training Results:
r2: 0.9985
rmse: 0.0753
mae: 0.0538
Validation Results:
r2: 0.9920
rmse: 0.1781
mae: 0.1043
Test Results:
r2: 0.9914
rmse: 0.1607
mae: 0.1042
27/101
train r2: 0.997156372970876, valid r2: 0.9918679483513138, test r2: 0.990642750175423
Training Results:
r2: 0.9972
rmse: 0.1034
mae: 0.0837
Validation Results:
r2: 0.9919
rmse: 0.1795
mae: 0.1187
Test Results:
r2: 0.9906
rmse: 0.1673
mae: 0.1166
28/101
train r2: 0.9980153755457428, valid r2: 0.9918261130860928, test r2: 0.9917430845869681
Training Results:
r2: 0.9980
rmse: 0.0863
mae: 0.0651
Validation Results:
r2: 0.9918
rmse: 0.1800
mae: 0.1122
Test Results:
r2: 0.9917
rmse: 0.1572
mae: 0.1044
29/101
train r2: 0.9976952685611473, valid r2: 0.9920625307445616, test r2: 0.9905657537869765
Training Results:
r2: 0.9977
rmse: 0.0930
mae: 0.0746
Validation Results:
r2: 0.9921
rmse: 0.1773
mae: 0.1170
Test Results:
r2: 0.9906
rmse: 0.1680
mae: 0.1176
30/101
train r2: 0.9989926037319136, valid r2: 0.9935378830075743, test r2: 0.9926276326171024
Training Results:
r2: 0.9990
rmse: 0.0615
mae: 0.0459
Validation Results:
r2: 0.9935
rmse: 0.1600
mae: 0.0962
Test Results:
r2: 0.9926
rmse: 0.1485
mae: 0.0954
31/101
train r2: 0.9982724610241512, valid r2: 0.9919275207840451, test r2: 0.9909316589118602
Training Results:
r2: 0.9983
rmse: 0.0805
mae: 0.0608
Validation Results:
r2: 0.9919
rmse: 0.1788
mae: 0.1069
Test Results:
r2: 0.9909
rmse: 0.1647
mae: 0.1108
32/101
train r2: 0.9984557704908169, valid r2: 0.9929445831518082, test r2: 0.9929364490229595
Training Results:
r2: 0.9985
rmse: 0.0761
mae: 0.0559
Validation Results:
r2: 0.9929
rmse: 0.1672
mae: 0.1039
Test Results:
r2: 0.9929
rmse: 0.1454
mae: 0.0928
33/101
train r2: 0.9988161817153764, valid r2: 0.9931915684681603, test r2: 0.9925849424640302
Training Results:
r2: 0.9988
rmse: 0.0667
mae: 0.0496
Validation Results:
r2: 0.9932
rmse: 0.1642
mae: 0.1000
Test Results:
r2: 0.9926
rmse: 0.1489
mae: 0.0982
34/101
train r2: 0.9989512001083583, valid r2: 0.993994259936697, test r2: 0.9924380129124226
Training Results:
r2: 0.9990
rmse: 0.0628
mae: 0.0460
Validation Results:
r2: 0.9940
rmse: 0.1542
mae: 0.0936
Test Results:
r2: 0.9924
rmse: 0.1504
mae: 0.0980
35/101
train r2: 0.9985653263661884, valid r2: 0.9927849952570769, test r2: 0.9920982322948206
Training Results:
r2: 0.9986
rmse: 0.0734
mae: 0.0570
Validation Results:
r2: 0.9928
rmse: 0.1691
mae: 0.1013
Test Results:
r2: 0.9921
rmse: 0.1537
mae: 0.0989
36/101
train r2: 0.9985718175964303, valid r2: 0.9938645691766527, test r2: 0.9923634495954327
Training Results:
r2: 0.9986
rmse: 0.0733
mae: 0.0536
Validation Results:
r2: 0.9939
rmse: 0.1559
mae: 0.0952
Test Results:
r2: 0.9924
rmse: 0.1511
mae: 0.0970
37/101
train r2: 0.998652630167981, valid r2: 0.9936961459369364, test r2: 0.9925477801392293
Training Results:
r2: 0.9987
rmse: 0.0711
mae: 0.0554
Validation Results:
r2: 0.9937
rmse: 0.1580
mae: 0.0992
Test Results:
r2: 0.9925
rmse: 0.1493
mae: 0.0955
38/101
train r2: 0.9990050883645495, valid r2: 0.994039611796842, test r2: 0.9933518530129586
Training Results:
r2: 0.9990
rmse: 0.0610
mae: 0.0464
Validation Results:
r2: 0.9940
rmse: 0.1537
mae: 0.0939
Test Results:
r2: 0.9934
rmse: 0.1410
mae: 0.0903
39/101
train r2: 0.9984452456832938, valid r2: 0.9933931958265189, test r2: 0.9920201108161469
Training Results:
r2: 0.9984
rmse: 0.0764
mae: 0.0546
Validation Results:
r2: 0.9934
rmse: 0.1618
mae: 0.0984
Test Results:
r2: 0.9920
rmse: 0.1545
mae: 0.1003
40/101
train r2: 0.9983728832819609, valid r2: 0.9936305053546652, test r2: 0.9924806420113427
Training Results:
r2: 0.9984
rmse: 0.0782
mae: 0.0624
Validation Results:
r2: 0.9936
rmse: 0.1589
mae: 0.1029
Test Results:
r2: 0.9925
rmse: 0.1500
mae: 0.1034
41/101
train r2: 0.9990275633378949, valid r2: 0.993964800817115, test r2: 0.9933167262627492
Training Results:
r2: 0.9990
rmse: 0.0604
mae: 0.0452
Validation Results:
r2: 0.9940
rmse: 0.1546
mae: 0.0926
Test Results:
r2: 0.9933
rmse: 0.1414
mae: 0.0883
42/101
train r2: 0.9988346024080196, valid r2: 0.9932843504354503, test r2: 0.9927088532717846
Training Results:
r2: 0.9988
rmse: 0.0662
mae: 0.0489
Validation Results:
r2: 0.9933
rmse: 0.1631
mae: 0.0961
Test Results:
r2: 0.9927
rmse: 0.1477
mae: 0.0925
43/101
train r2: 0.9993596295038512, valid r2: 0.9947013755143402, test r2: 0.9939823847392256
Training Results:
r2: 0.9994
rmse: 0.0490
mae: 0.0347
Validation Results:
r2: 0.9947
rmse: 0.1449
mae: 0.0876
Test Results:
r2: 0.9940
rmse: 0.1342
mae: 0.0846
44/101
train r2: 0.9987634007214287, valid r2: 0.9939920720913183, test r2: 0.9926992927837146
Training Results:
r2: 0.9988
rmse: 0.0681
mae: 0.0525
Validation Results:
r2: 0.9940
rmse: 0.1543
mae: 0.0976
Test Results:
r2: 0.9927
rmse: 0.1478
mae: 0.0998
45/101
train r2: 0.9994231178726246, valid r2: 0.9944698486428234, test r2: 0.9933949488566158
Training Results:
r2: 0.9994
rmse: 0.0465
mae: 0.0343
Validation Results:
r2: 0.9945
rmse: 0.1480
mae: 0.0872
Test Results:
r2: 0.9934
rmse: 0.1406
mae: 0.0894
46/101
train r2: 0.9993832862126256, valid r2: 0.9946815900028076, test r2: 0.993773091700863
Training Results:
r2: 0.9994
rmse: 0.0481
mae: 0.0366
Validation Results:
r2: 0.9947
rmse: 0.1452
mae: 0.0858
Test Results:
r2: 0.9938
rmse: 0.1365
mae: 0.0846
47/101
train r2: 0.9991379439372109, valid r2: 0.9941835714174168, test r2: 0.9932383325460029
Training Results:
r2: 0.9991
rmse: 0.0569
mae: 0.0433
Validation Results:
r2: 0.9942
rmse: 0.1518
mae: 0.0913
Test Results:
r2: 0.9932
rmse: 0.1422
mae: 0.0893
48/101
train r2: 0.9991795461997505, valid r2: 0.9938609340649518, test r2: 0.9932069916050968
Training Results:
r2: 0.9992
rmse: 0.0555
mae: 0.0426
Validation Results:
r2: 0.9939
rmse: 0.1560
mae: 0.0938
Test Results:
r2: 0.9932
rmse: 0.1425
mae: 0.0908
49/101
train r2: 0.9991505931968757, valid r2: 0.9947339501729067, test r2: 0.9936351686689665
Training Results:
r2: 0.9992
rmse: 0.0564
mae: 0.0429
Validation Results:
r2: 0.9947
rmse: 0.1444
mae: 0.0901
Test Results:
r2: 0.9936
rmse: 0.1380
mae: 0.0891
50/101
train r2: 0.9990329931295072, valid r2: 0.9945251270404043, test r2: 0.9937556721450622
Training Results:
r2: 0.9990
rmse: 0.0603
mae: 0.0484
Validation Results:
r2: 0.9945
rmse: 0.1473
mae: 0.0935
Test Results:
r2: 0.9938
rmse: 0.1367
mae: 0.0878
51/101
train r2: 0.9994760531148682, valid r2: 0.9948330705171377, test r2: 0.9939660799279039
Training Results:
r2: 0.9995
rmse: 0.0444
mae: 0.0325
Validation Results:
r2: 0.9948
rmse: 0.1431
mae: 0.0848
Test Results:
r2: 0.9940
rmse: 0.1343
mae: 0.0829
52/101
train r2: 0.9988828273318565, valid r2: 0.9937420885861281, test r2: 0.9934940034094049
Training Results:
r2: 0.9989
rmse: 0.0647
mae: 0.0502
Validation Results:
r2: 0.9937
rmse: 0.1575
mae: 0.0958
Test Results:
r2: 0.9935
rmse: 0.1395
mae: 0.0885
53/101
train r2: 0.9994252983315121, valid r2: 0.9940675209097856, test r2: 0.9936914377383913
Training Results:
r2: 0.9994
rmse: 0.0465
mae: 0.0336
Validation Results:
r2: 0.9941
rmse: 0.1533
mae: 0.0885
Test Results:
r2: 0.9937
rmse: 0.1374
mae: 0.0836
54/101
train r2: 0.9995905599157888, valid r2: 0.9947336930181894, test r2: 0.993851592411037
Training Results:
r2: 0.9996
rmse: 0.0392
mae: 0.0292
Validation Results:
r2: 0.9947
rmse: 0.1444
mae: 0.0854
Test Results:
r2: 0.9939
rmse: 0.1356
mae: 0.0835
55/101
train r2: 0.9995879019180628, valid r2: 0.9945233599387577, test r2: 0.9939929831363319
Training Results:
r2: 0.9996
rmse: 0.0393
mae: 0.0294
Validation Results:
r2: 0.9945
rmse: 0.1473
mae: 0.0857
Test Results:
r2: 0.9940
rmse: 0.1340
mae: 0.0810
56/101
train r2: 0.9994709852390771, valid r2: 0.9948440823862895, test r2: 0.9943301161545821
Training Results:
r2: 0.9995
rmse: 0.0445
mae: 0.0335
Validation Results:
r2: 0.9948
rmse: 0.1429
mae: 0.0846
Test Results:
r2: 0.9943
rmse: 0.1302
mae: 0.0792
57/101
train r2: 0.9995080749879899, valid r2: 0.9946524580764711, test r2: 0.994134078721092
Training Results:
r2: 0.9995
rmse: 0.0429
mae: 0.0323
Validation Results:
r2: 0.9947
rmse: 0.1456
mae: 0.0869
Test Results:
r2: 0.9941
rmse: 0.1325
mae: 0.0820
58/101
train r2: 0.999585517552528, valid r2: 0.9945393230200458, test r2: 0.9943887230184537
Training Results:
r2: 0.9996
rmse: 0.0395
mae: 0.0294
Validation Results:
r2: 0.9945
rmse: 0.1471
mae: 0.0851
Test Results:
r2: 0.9944
rmse: 0.1296
mae: 0.0800
59/101
train r2: 0.9996472402627107, valid r2: 0.9949574808238297, test r2: 0.9940407833229871
Training Results:
r2: 0.9996
rmse: 0.0364
mae: 0.0279
Validation Results:
r2: 0.9950
rmse: 0.1413
mae: 0.0821
Test Results:
r2: 0.9940
rmse: 0.1335
mae: 0.0826
60/101
train r2: 0.9996396352678365, valid r2: 0.995259281718439, test r2: 0.9941975836596239
Training Results:
r2: 0.9996
rmse: 0.0368
mae: 0.0267
Validation Results:
r2: 0.9953
rmse: 0.1370
mae: 0.0813
Test Results:
r2: 0.9942
rmse: 0.1317
mae: 0.0820
61/101
train r2: 0.9997334493308601, valid r2: 0.9948475326506162, test r2: 0.994331621011671
Training Results:
r2: 0.9997
rmse: 0.0316
mae: 0.0241
Validation Results:
r2: 0.9948
rmse: 0.1429
mae: 0.0822
Test Results:
r2: 0.9943
rmse: 0.1302
mae: 0.0808
62/101
train r2: 0.9997907356621341, valid r2: 0.9949233646026292, test r2: 0.9943896069306738
Training Results:
r2: 0.9998
rmse: 0.0280
mae: 0.0217
Validation Results:
r2: 0.9949
rmse: 0.1418
mae: 0.0809
Test Results:
r2: 0.9944
rmse: 0.1295
mae: 0.0795
63/101
train r2: 0.9997767109565971, valid r2: 0.9953503796712504, test r2: 0.9943989195673505
Training Results:
r2: 0.9998
rmse: 0.0289
mae: 0.0216
Validation Results:
r2: 0.9954
rmse: 0.1357
mae: 0.0794
Test Results:
r2: 0.9944
rmse: 0.1294
mae: 0.0781
64/101
train r2: 0.9997441045914497, valid r2: 0.995040594472058, test r2: 0.9944335503391849
Training Results:
r2: 0.9997
rmse: 0.0310
mae: 0.0242
Validation Results:
r2: 0.9950
rmse: 0.1402
mae: 0.0820
Test Results:
r2: 0.9944
rmse: 0.1290
mae: 0.0808
65/101
train r2: 0.9994082040154554, valid r2: 0.9943092021623954, test r2: 0.9940227787379622
Training Results:
r2: 0.9994
rmse: 0.0471
mae: 0.0377
Validation Results:
r2: 0.9943
rmse: 0.1501
mae: 0.0876
Test Results:
r2: 0.9940
rmse: 0.1337
mae: 0.0826
66/101
train r2: 0.9996056903293512, valid r2: 0.9945483681501603, test r2: 0.9943625653984245
Training Results:
r2: 0.9996
rmse: 0.0385
mae: 0.0288
Validation Results:
r2: 0.9945
rmse: 0.1470
mae: 0.0842
Test Results:
r2: 0.9944
rmse: 0.1299
mae: 0.0797
67/101
train r2: 0.9997415965357466, valid r2: 0.9948437510850872, test r2: 0.9940495922657933
Training Results:
r2: 0.9997
rmse: 0.0311
mae: 0.0242
Validation Results:
r2: 0.9948
rmse: 0.1429
mae: 0.0820
Test Results:
r2: 0.9940
rmse: 0.1334
mae: 0.0823
68/101
train r2: 0.9997710726816471, valid r2: 0.9950102487791109, test r2: 0.994380826971658
Training Results:
r2: 0.9998
rmse: 0.0293
mae: 0.0221
Validation Results:
r2: 0.9950
rmse: 0.1406
mae: 0.0812
Test Results:
r2: 0.9944
rmse: 0.1296
mae: 0.0797
69/101
train r2: 0.9996666517303191, valid r2: 0.9950827394549008, test r2: 0.9941347264381329
Training Results:
r2: 0.9997
rmse: 0.0354
mae: 0.0267
Validation Results:
r2: 0.9951
rmse: 0.1396
mae: 0.0816
Test Results:
r2: 0.9941
rmse: 0.1325
mae: 0.0827
70/101
train r2: 0.9997474561866686, valid r2: 0.9951387886250866, test r2: 0.9945052095187228
Training Results:
r2: 0.9997
rmse: 0.0308
mae: 0.0253
Validation Results:
r2: 0.9951
rmse: 0.1388
mae: 0.0808
Test Results:
r2: 0.9945
rmse: 0.1282
mae: 0.0780
71/101
train r2: 0.9998170541548752, valid r2: 0.9949494236001757, test r2: 0.9944942723980257
Training Results:
r2: 0.9998
rmse: 0.0262
mae: 0.0205
Validation Results:
r2: 0.9949
rmse: 0.1415
mae: 0.0802
Test Results:
r2: 0.9945
rmse: 0.1283
mae: 0.0772
72/101
train r2: 0.9999034315770853, valid r2: 0.9949632021358551, test r2: 0.9945555529986891
Training Results:
r2: 0.9999
rmse: 0.0190
mae: 0.0139
Validation Results:
r2: 0.9950
rmse: 0.1413
mae: 0.0790
Test Results:
r2: 0.9946
rmse: 0.1276
mae: 0.0768
73/101
train r2: 0.9998975970335602, valid r2: 0.9952159337815569, test r2: 0.994515926822117
Training Results:
r2: 0.9999
rmse: 0.0196
mae: 0.0144
Validation Results:
r2: 0.9952
rmse: 0.1377
mae: 0.0785
Test Results:
r2: 0.9945
rmse: 0.1281
mae: 0.0770
74/101
train r2: 0.9998541741146459, valid r2: 0.9947780638843001, test r2: 0.994445770089555
Training Results:
r2: 0.9999
rmse: 0.0234
mae: 0.0172
Validation Results:
r2: 0.9948
rmse: 0.1438
mae: 0.0806
Test Results:
r2: 0.9944
rmse: 0.1289
mae: 0.0771
75/101
train r2: 0.9996893425589676, valid r2: 0.9949524906777586, test r2: 0.994420784348889
Training Results:
r2: 0.9997
rmse: 0.0341
mae: 0.0281
Validation Results:
r2: 0.9950
rmse: 0.1414
mae: 0.0832
Test Results:
r2: 0.9944
rmse: 0.1292
mae: 0.0789
76/101
train r2: 0.9998601680335724, valid r2: 0.9953917906875328, test r2: 0.9946693127277513
Training Results:
r2: 0.9999
rmse: 0.0229
mae: 0.0166
Validation Results:
r2: 0.9954
rmse: 0.1351
mae: 0.0783
Test Results:
r2: 0.9947
rmse: 0.1263
mae: 0.0767
77/101
train r2: 0.9998680192087184, valid r2: 0.9951321829624693, test r2: 0.994431002352189
Training Results:
r2: 0.9999
rmse: 0.0222
mae: 0.0167
Validation Results:
r2: 0.9951
rmse: 0.1389
mae: 0.0787
Test Results:
r2: 0.9944
rmse: 0.1291
mae: 0.0786
78/101
train r2: 0.9998819339364894, valid r2: 0.995117332095035, test r2: 0.9945838532736184
Training Results:
r2: 0.9999
rmse: 0.0210
mae: 0.0158
Validation Results:
r2: 0.9951
rmse: 0.1391
mae: 0.0793
Test Results:
r2: 0.9946
rmse: 0.1273
mae: 0.0777
79/101
train r2: 0.9998837303377102, valid r2: 0.9950548070676655, test r2: 0.9946744014770118
Training Results:
r2: 0.9999
rmse: 0.0209
mae: 0.0161
Validation Results:
r2: 0.9951
rmse: 0.1400
mae: 0.0796
Test Results:
r2: 0.9947
rmse: 0.1262
mae: 0.0761
80/101
train r2: 0.9999181315081157, valid r2: 0.9953478986915906, test r2: 0.9946178777057908
Training Results:
r2: 0.9999
rmse: 0.0175
mae: 0.0138
Validation Results:
r2: 0.9953
rmse: 0.1358
mae: 0.0771
Test Results:
r2: 0.9946
rmse: 0.1269
mae: 0.0768
81/101
train r2: 0.9999234723980898, valid r2: 0.9952401045369423, test r2: 0.9946245017623789
Training Results:
r2: 0.9999
rmse: 0.0169
mae: 0.0129
Validation Results:
r2: 0.9952
rmse: 0.1373
mae: 0.0786
Test Results:
r2: 0.9946
rmse: 0.1268
mae: 0.0774
82/101
train r2: 0.9999518761424191, valid r2: 0.9951372977172028, test r2: 0.994558838484579
Training Results:
r2: 1.0000
rmse: 0.0134
mae: 0.0101
Validation Results:
r2: 0.9951
rmse: 0.1388
mae: 0.0774
Test Results:
r2: 0.9946
rmse: 0.1276
mae: 0.0773
83/101
train r2: 0.9999478144342819, valid r2: 0.9951522150392136, test r2: 0.9944881376804068
Training Results:
r2: 0.9999
rmse: 0.0140
mae: 0.0105
Validation Results:
r2: 0.9952
rmse: 0.1386
mae: 0.0777
Test Results:
r2: 0.9945
rmse: 0.1284
mae: 0.0776
84/101
train r2: 0.99995755973226, valid r2: 0.9950811891450928, test r2: 0.9945804155240863
Training Results:
r2: 1.0000
rmse: 0.0126
mae: 0.0095
Validation Results:
r2: 0.9951
rmse: 0.1396
mae: 0.0779
Test Results:
r2: 0.9946
rmse: 0.1273
mae: 0.0762
85/101
train r2: 0.9999683854051213, valid r2: 0.995360311651119, test r2: 0.9946842402146163
Training Results:
r2: 1.0000
rmse: 0.0109
mae: 0.0081
Validation Results:
r2: 0.9954
rmse: 0.1356
mae: 0.0766
Test Results:
r2: 0.9947
rmse: 0.1261
mae: 0.0766
86/101
train r2: 0.9999735099726471, valid r2: 0.995170813248478, test r2: 0.9946236449286253
Training Results:
r2: 1.0000
rmse: 0.0100
mae: 0.0077
Validation Results:
r2: 0.9952
rmse: 0.1383
mae: 0.0772
Test Results:
r2: 0.9946
rmse: 0.1268
mae: 0.0763
87/101
train r2: 0.9999763664741697, valid r2: 0.9952409374332808, test r2: 0.9945632974177335
Training Results:
r2: 1.0000
rmse: 0.0094
mae: 0.0071
Validation Results:
r2: 0.9952
rmse: 0.1373
mae: 0.0770
Test Results:
r2: 0.9946
rmse: 0.1275
mae: 0.0772
88/101
train r2: 0.9999827533118316, valid r2: 0.9952097131810185, test r2: 0.994623617334486
Training Results:
r2: 1.0000
rmse: 0.0080
mae: 0.0060
Validation Results:
r2: 0.9952
rmse: 0.1378
mae: 0.0769
Test Results:
r2: 0.9946
rmse: 0.1268
mae: 0.0767
89/101
train r2: 0.9999802824416296, valid r2: 0.9952207541412087, test r2: 0.9946441463544816
Training Results:
r2: 1.0000
rmse: 0.0086
mae: 0.0064
Validation Results:
r2: 0.9952
rmse: 0.1376
mae: 0.0771
Test Results:
r2: 0.9946
rmse: 0.1266
mae: 0.0763
90/101
train r2: 0.9999746867679504, valid r2: 0.995174902007813, test r2: 0.994645435425755
Training Results:
r2: 1.0000
rmse: 0.0098
mae: 0.0075
Validation Results:
r2: 0.9952
rmse: 0.1383
mae: 0.0775
Test Results:
r2: 0.9946
rmse: 0.1266
mae: 0.0760
91/101
train r2: 0.9999857413311785, valid r2: 0.9952392172817617, test r2: 0.9946802333211291
Training Results:
r2: 1.0000
rmse: 0.0073
mae: 0.0056
Validation Results:
r2: 0.9952
rmse: 0.1373
mae: 0.0769
Test Results:
r2: 0.9947
rmse: 0.1261
mae: 0.0756
92/101
train r2: 0.9999905732804197, valid r2: 0.9952495396107417, test r2: 0.9946510807967963
Training Results:
r2: 1.0000
rmse: 0.0059
mae: 0.0046
Validation Results:
r2: 0.9952
rmse: 0.1372
mae: 0.0772
Test Results:
r2: 0.9947
rmse: 0.1265
mae: 0.0765
93/101
train r2: 0.9999926134993813, valid r2: 0.9952078078683774, test r2: 0.9946370459321185
Training Results:
r2: 1.0000
rmse: 0.0053
mae: 0.0039
Validation Results:
r2: 0.9952
rmse: 0.1378
mae: 0.0770
Test Results:
r2: 0.9946
rmse: 0.1267
mae: 0.0761
94/101
train r2: 0.9999927659832601, valid r2: 0.9952746532131939, test r2: 0.9946273330387057
Training Results:
r2: 1.0000
rmse: 0.0052
mae: 0.0044
Validation Results:
r2: 0.9953
rmse: 0.1368
mae: 0.0768
Test Results:
r2: 0.9946
rmse: 0.1268
mae: 0.0766
95/101
train r2: 0.999998183774443, valid r2: 0.9952554459839134, test r2: 0.9946524924537206
Training Results:
r2: 1.0000
rmse: 0.0026
mae: 0.0020
Validation Results:
r2: 0.9953
rmse: 0.1371
mae: 0.0767
Test Results:
r2: 0.9947
rmse: 0.1265
mae: 0.0761
96/101
train r2: 0.9999988118256844, valid r2: 0.9952673160446952, test r2: 0.9946513093255231
Training Results:
r2: 1.0000
rmse: 0.0021
mae: 0.0016
Validation Results:
r2: 0.9953
rmse: 0.1369
mae: 0.0767
Test Results:
r2: 0.9947
rmse: 0.1265
mae: 0.0760
break!
train: 0.9999, val: 0.9954, test: 0.9947
end_test_result: (0.998104340759265, 0.07530058920383453, 0.05478157848119736)
Time used on constrained_logP: 5:20:44
Current seed: 2054, current split method: random, current task: constrained_logP
Namespace(seed=2024, times=5, n_epochs=100, config='base', model_path='../models/pretrained/base/base.pth', dataset='constrained_logP', data_path='../datasets/', dataset_type='regression', use_scaler=True, metric=['r2', 'rmse', 'mae'], split='random_2054', weight_decay=0.0, dropout=0.0, lr=3e-05, n_threads=8)
args.seed: 2024
use label scaler
use label scaler
use label scaler
model have 90.143705M paramerters in total
train_dataset.mean: tensor([-2.4332]) train_dataset.std: tensor([1.9206])
1/101
train r2: 0.8366036388632946, valid r2: 0.8286624648308603, test r2: 0.8203019112712854
Training Results:
r2: 0.8366
rmse: 0.7762
mae: 0.5791
Validation Results:
r2: 0.8287
rmse: 0.8228
mae: 0.6011
Test Results:
r2: 0.8203
rmse: 0.8205
mae: 0.6064
2/101
train r2: 0.9603190323739312, valid r2: 0.9455201368776666, test r2: 0.9464211231206382
Training Results:
r2: 0.9603
rmse: 0.3827
mae: 0.2800
Validation Results:
r2: 0.9455
rmse: 0.4639
mae: 0.3224
Test Results:
r2: 0.9464
rmse: 0.4480
mae: 0.3166
3/101
train r2: 0.9796542437459655, valid r2: 0.9673243729262431, test r2: 0.9670523147035627
Training Results:
r2: 0.9797
rmse: 0.2740
mae: 0.2029
Validation Results:
r2: 0.9673
rmse: 0.3593
mae: 0.2498
Test Results:
r2: 0.9671
rmse: 0.3513
mae: 0.2430
4/101
train r2: 0.9875499765457502, valid r2: 0.9763758887461996, test r2: 0.9754647479187428
Training Results:
r2: 0.9875
rmse: 0.2143
mae: 0.1641
Validation Results:
r2: 0.9764
rmse: 0.3055
mae: 0.2127
Test Results:
r2: 0.9755
rmse: 0.3032
mae: 0.2135
5/101
train r2: 0.9915939774358785, valid r2: 0.9811917625593839, test r2: 0.9802612350204076
Training Results:
r2: 0.9916
rmse: 0.1761
mae: 0.1362
Validation Results:
r2: 0.9812
rmse: 0.2726
mae: 0.1902
Test Results:
r2: 0.9803
rmse: 0.2719
mae: 0.1902
6/101
train r2: 0.9940989114730829, valid r2: 0.9835116526410537, test r2: 0.9836461279082424
Training Results:
r2: 0.9941
rmse: 0.1475
mae: 0.1168
Validation Results:
r2: 0.9835
rmse: 0.2552
mae: 0.1772
Test Results:
r2: 0.9836
rmse: 0.2475
mae: 0.1726
7/101
train r2: 0.9959249560165443, valid r2: 0.9862392006367261, test r2: 0.9861533754925834
Training Results:
r2: 0.9959
rmse: 0.1226
mae: 0.0959
Validation Results:
r2: 0.9862
rmse: 0.2332
mae: 0.1573
Test Results:
r2: 0.9862
rmse: 0.2277
mae: 0.1562
8/101
train r2: 0.9949193764771156, valid r2: 0.985921814804936, test r2: 0.9851036582774758
Training Results:
r2: 0.9949
rmse: 0.1369
mae: 0.1083
Validation Results:
r2: 0.9859
rmse: 0.2358
mae: 0.1670
Test Results:
r2: 0.9851
rmse: 0.2362
mae: 0.1666
9/101
train r2: 0.993738187478461, valid r2: 0.9841443005474921, test r2: 0.9845350411597453
Training Results:
r2: 0.9937
rmse: 0.1520
mae: 0.1194
Validation Results:
r2: 0.9841
rmse: 0.2503
mae: 0.1715
Test Results:
r2: 0.9845
rmse: 0.2407
mae: 0.1686
10/101
train r2: 0.9899536279580113, valid r2: 0.9791663535312355, test r2: 0.9799756045174515
Training Results:
r2: 0.9900
rmse: 0.1925
mae: 0.1496
Validation Results:
r2: 0.9792
rmse: 0.2869
mae: 0.1999
Test Results:
r2: 0.9800
rmse: 0.2739
mae: 0.1936
11/101
train r2: 0.9851983831320289, valid r2: 0.9755202321384666, test r2: 0.97610628007615
Training Results:
r2: 0.9852
rmse: 0.2337
mae: 0.1706
Validation Results:
r2: 0.9755
rmse: 0.3110
mae: 0.2171
Test Results:
r2: 0.9761
rmse: 0.2992
mae: 0.2078
12/101
train r2: 0.9952156871218463, valid r2: 0.9859224138304363, test r2: 0.9869440844588675
Training Results:
r2: 0.9952
rmse: 0.1329
mae: 0.1019
Validation Results:
r2: 0.9859
rmse: 0.2358
mae: 0.1528
Test Results:
r2: 0.9869
rmse: 0.2211
mae: 0.1471
13/101
train r2: 0.9959562949752374, valid r2: 0.9876706104344042, test r2: 0.9880909270048476
Training Results:
r2: 0.9960
rmse: 0.1222
mae: 0.0974
Validation Results:
r2: 0.9877
rmse: 0.2207
mae: 0.1461
Test Results:
r2: 0.9881
rmse: 0.2112
mae: 0.1446
14/101
train r2: 0.9973042878200229, valid r2: 0.9890122491213901, test r2: 0.9898359254550835
Training Results:
r2: 0.9973
rmse: 0.0997
mae: 0.0771
Validation Results:
r2: 0.9890
rmse: 0.2084
mae: 0.1327
Test Results:
r2: 0.9898
rmse: 0.1951
mae: 0.1281
15/101
train r2: 0.9969462455097043, valid r2: 0.9877728430215862, test r2: 0.9895888457369231
Training Results:
r2: 0.9969
rmse: 0.1061
mae: 0.0810
Validation Results:
r2: 0.9878
rmse: 0.2198
mae: 0.1387
Test Results:
r2: 0.9896
rmse: 0.1975
mae: 0.1335
16/101
train r2: 0.9967993171897331, valid r2: 0.987949464222966, test r2: 0.9890939604233999
Training Results:
r2: 0.9968
rmse: 0.1087
mae: 0.0836
Validation Results:
r2: 0.9879
rmse: 0.2182
mae: 0.1403
Test Results:
r2: 0.9891
rmse: 0.2021
mae: 0.1298
17/101
train r2: 0.9969111783306385, valid r2: 0.9876291573985113, test r2: 0.9892239504728021
Training Results:
r2: 0.9969
rmse: 0.1067
mae: 0.0792
Validation Results:
r2: 0.9876
rmse: 0.2211
mae: 0.1356
Test Results:
r2: 0.9892
rmse: 0.2009
mae: 0.1272
18/101
train r2: 0.9954545595228412, valid r2: 0.9883074729228561, test r2: 0.9886588462834565
Training Results:
r2: 0.9955
rmse: 0.1295
mae: 0.0980
Validation Results:
r2: 0.9883
rmse: 0.2149
mae: 0.1389
Test Results:
r2: 0.9887
rmse: 0.2061
mae: 0.1379
19/101
train r2: 0.9963243858423305, valid r2: 0.9895504424506684, test r2: 0.9893670716542585
Training Results:
r2: 0.9963
rmse: 0.1165
mae: 0.0882
Validation Results:
r2: 0.9896
rmse: 0.2032
mae: 0.1292
Test Results:
r2: 0.9894
rmse: 0.1996
mae: 0.1333
20/101
train r2: 0.9958079853159186, valid r2: 0.9878077978638288, test r2: 0.9886286953300745
Training Results:
r2: 0.9958
rmse: 0.1244
mae: 0.0987
Validation Results:
r2: 0.9878
rmse: 0.2195
mae: 0.1417
Test Results:
r2: 0.9886
rmse: 0.2064
mae: 0.1423
21/101
train r2: 0.9981424773192077, valid r2: 0.9902432070547382, test r2: 0.9913853169964192
Training Results:
r2: 0.9981
rmse: 0.0828
mae: 0.0621
Validation Results:
r2: 0.9902
rmse: 0.1963
mae: 0.1140
Test Results:
r2: 0.9914
rmse: 0.1796
mae: 0.1146
22/101
train r2: 0.9965576081397395, valid r2: 0.9892110651850384, test r2: 0.9889616358423521
Training Results:
r2: 0.9966
rmse: 0.1126
mae: 0.0924
Validation Results:
r2: 0.9892
rmse: 0.2065
mae: 0.1347
Test Results:
r2: 0.9890
rmse: 0.2033
mae: 0.1394
23/101
train r2: 0.9982530906461989, valid r2: 0.9909393344664209, test r2: 0.9917230257063543
Training Results:
r2: 0.9983
rmse: 0.0802
mae: 0.0603
Validation Results:
r2: 0.9909
rmse: 0.1892
mae: 0.1122
Test Results:
r2: 0.9917
rmse: 0.1761
mae: 0.1080
24/101
train r2: 0.9985278264222204, valid r2: 0.9911982021980367, test r2: 0.9924078280448229
Training Results:
r2: 0.9985
rmse: 0.0737
mae: 0.0534
Validation Results:
r2: 0.9912
rmse: 0.1865
mae: 0.1079
Test Results:
r2: 0.9924
rmse: 0.1686
mae: 0.1047
25/101
train r2: 0.997261138911489, valid r2: 0.9893543979138147, test r2: 0.9906811038892442
Training Results:
r2: 0.9973
rmse: 0.1005
mae: 0.0760
Validation Results:
r2: 0.9894
rmse: 0.2051
mae: 0.1222
Test Results:
r2: 0.9907
rmse: 0.1868
mae: 0.1171
26/101
train r2: 0.9975533590372454, valid r2: 0.9902102102222564, test r2: 0.9915702608400935
Training Results:
r2: 0.9976
rmse: 0.0950
mae: 0.0706
Validation Results:
r2: 0.9902
rmse: 0.1967
mae: 0.1176
Test Results:
r2: 0.9916
rmse: 0.1777
mae: 0.1151
27/101
train r2: 0.9983657514942027, valid r2: 0.9911480623943969, test r2: 0.9933845173399805
Training Results:
r2: 0.9984
rmse: 0.0777
mae: 0.0587
Validation Results:
r2: 0.9911
rmse: 0.1870
mae: 0.1086
Test Results:
r2: 0.9934
rmse: 0.1574
mae: 0.1016
28/101
train r2: 0.9979468521666317, valid r2: 0.9901958679445539, test r2: 0.9921591697548943
Training Results:
r2: 0.9979
rmse: 0.0870
mae: 0.0695
Validation Results:
r2: 0.9902
rmse: 0.1968
mae: 0.1169
Test Results:
r2: 0.9922
rmse: 0.1714
mae: 0.1113
29/101
train r2: 0.9970781066212393, valid r2: 0.9891098552775575, test r2: 0.9910386318445462
Training Results:
r2: 0.9971
rmse: 0.1038
mae: 0.0792
Validation Results:
r2: 0.9891
rmse: 0.2074
mae: 0.1251
Test Results:
r2: 0.9910
rmse: 0.1832
mae: 0.1156
30/101
train r2: 0.9967368562375477, valid r2: 0.9907945126898575, test r2: 0.9920504759010538
Training Results:
r2: 0.9967
rmse: 0.1097
mae: 0.0871
Validation Results:
r2: 0.9908
rmse: 0.1907
mae: 0.1218
Test Results:
r2: 0.9921
rmse: 0.1726
mae: 0.1210
31/101
train r2: 0.9976108298141524, valid r2: 0.9899223464837758, test r2: 0.991663051101065
Training Results:
r2: 0.9976
rmse: 0.0938
mae: 0.0760
Validation Results:
r2: 0.9899
rmse: 0.1995
mae: 0.1199
Test Results:
r2: 0.9917
rmse: 0.1767
mae: 0.1141
32/101
train r2: 0.9986320234514859, valid r2: 0.9905065142688355, test r2: 0.9927324603518958
Training Results:
r2: 0.9986
rmse: 0.0710
mae: 0.0518
Validation Results:
r2: 0.9905
rmse: 0.1937
mae: 0.1066
Test Results:
r2: 0.9927
rmse: 0.1650
mae: 0.0976
33/101
train r2: 0.9989535643666693, valid r2: 0.9919851021253293, test r2: 0.9940398949718162
Training Results:
r2: 0.9990
rmse: 0.0621
mae: 0.0445
Validation Results:
r2: 0.9920
rmse: 0.1780
mae: 0.0996
Test Results:
r2: 0.9940
rmse: 0.1494
mae: 0.0921
34/101
train r2: 0.9984963400827831, valid r2: 0.991195049962375, test r2: 0.9927903568702425
Training Results:
r2: 0.9985
rmse: 0.0744
mae: 0.0530
Validation Results:
r2: 0.9912
rmse: 0.1865
mae: 0.1054
Test Results:
r2: 0.9928
rmse: 0.1643
mae: 0.1000
35/101
train r2: 0.9990297616084678, valid r2: 0.9909952199843921, test r2: 0.993843974199785
Training Results:
r2: 0.9990
rmse: 0.0598
mae: 0.0454
Validation Results:
r2: 0.9910
rmse: 0.1886
mae: 0.1016
Test Results:
r2: 0.9938
rmse: 0.1519
mae: 0.0928
36/101
train r2: 0.9992402659448142, valid r2: 0.9918055544804811, test r2: 0.9937075069952082
Training Results:
r2: 0.9992
rmse: 0.0529
mae: 0.0400
Validation Results:
r2: 0.9918
rmse: 0.1799
mae: 0.0964
Test Results:
r2: 0.9937
rmse: 0.1535
mae: 0.0898
37/101
train r2: 0.9985622526813062, valid r2: 0.9907325585702854, test r2: 0.9930525208239146
Training Results:
r2: 0.9986
rmse: 0.0729
mae: 0.0552
Validation Results:
r2: 0.9907
rmse: 0.1914
mae: 0.1064
Test Results:
r2: 0.9931
rmse: 0.1613
mae: 0.0989
38/101
train r2: 0.9979722015121127, valid r2: 0.9914363608665018, test r2: 0.9931485610914558
Training Results:
r2: 0.9980
rmse: 0.0865
mae: 0.0620
Validation Results:
r2: 0.9914
rmse: 0.1839
mae: 0.1074
Test Results:
r2: 0.9931
rmse: 0.1602
mae: 0.1022
39/101
train r2: 0.9988823828110144, valid r2: 0.9915525421950597, test r2: 0.9933854426458957
Training Results:
r2: 0.9989
rmse: 0.0641
mae: 0.0478
Validation Results:
r2: 0.9916
rmse: 0.1827
mae: 0.1003
Test Results:
r2: 0.9934
rmse: 0.1574
mae: 0.0949
40/101
train r2: 0.9982963632893477, valid r2: 0.9903263336869854, test r2: 0.9923307882231462
Training Results:
r2: 0.9983
rmse: 0.0792
mae: 0.0623
Validation Results:
r2: 0.9903
rmse: 0.1955
mae: 0.1116
Test Results:
r2: 0.9923
rmse: 0.1695
mae: 0.1028
41/101
train r2: 0.9990987072856781, valid r2: 0.9918377925637873, test r2: 0.9941010027544738
Training Results:
r2: 0.9991
rmse: 0.0576
mae: 0.0445
Validation Results:
r2: 0.9918
rmse: 0.1796
mae: 0.0969
Test Results:
r2: 0.9941
rmse: 0.1487
mae: 0.0890
42/101
train r2: 0.9990724726246495, valid r2: 0.9913773984500827, test r2: 0.9934905863653181
Training Results:
r2: 0.9991
rmse: 0.0585
mae: 0.0445
Validation Results:
r2: 0.9914
rmse: 0.1846
mae: 0.1008
Test Results:
r2: 0.9935
rmse: 0.1562
mae: 0.0926
43/101
train r2: 0.9992027503771119, valid r2: 0.9915449737463831, test r2: 0.9938488478739126
Training Results:
r2: 0.9992
rmse: 0.0542
mae: 0.0415
Validation Results:
r2: 0.9915
rmse: 0.1828
mae: 0.0949
Test Results:
r2: 0.9938
rmse: 0.1518
mae: 0.0907
44/101
train r2: 0.9993732549708787, valid r2: 0.9916150005923348, test r2: 0.9940155429013703
Training Results:
r2: 0.9994
rmse: 0.0481
mae: 0.0357
Validation Results:
r2: 0.9916
rmse: 0.1820
mae: 0.0924
Test Results:
r2: 0.9940
rmse: 0.1497
mae: 0.0872
45/101
train r2: 0.9985932041158571, valid r2: 0.9916045353196344, test r2: 0.993670554206304
Training Results:
r2: 0.9986
rmse: 0.0720
mae: 0.0562
Validation Results:
r2: 0.9916
rmse: 0.1821
mae: 0.1021
Test Results:
r2: 0.9937
rmse: 0.1540
mae: 0.0995
46/101
train r2: 0.9991928153379479, valid r2: 0.9910654591997767, test r2: 0.9932922906807283
Training Results:
r2: 0.9992
rmse: 0.0546
mae: 0.0377
Validation Results:
r2: 0.9911
rmse: 0.1879
mae: 0.0978
Test Results:
r2: 0.9933
rmse: 0.1585
mae: 0.0911
47/101
train r2: 0.9992700230093354, valid r2: 0.9920454249699673, test r2: 0.9938510271426311
Training Results:
r2: 0.9993
rmse: 0.0519
mae: 0.0386
Validation Results:
r2: 0.9920
rmse: 0.1773
mae: 0.0927
Test Results:
r2: 0.9939
rmse: 0.1518
mae: 0.0877
48/101
train r2: 0.9993642344617603, valid r2: 0.9918330491061202, test r2: 0.9941458821820689
Training Results:
r2: 0.9994
rmse: 0.0484
mae: 0.0368
Validation Results:
r2: 0.9918
rmse: 0.1796
mae: 0.0937
Test Results:
r2: 0.9941
rmse: 0.1481
mae: 0.0882
49/101
train r2: 0.999371094747824, valid r2: 0.9917711740273402, test r2: 0.9942319559353183
Training Results:
r2: 0.9994
rmse: 0.0482
mae: 0.0345
Validation Results:
r2: 0.9918
rmse: 0.1803
mae: 0.0935
Test Results:
r2: 0.9942
rmse: 0.1470
mae: 0.0878
50/101
train r2: 0.999196845044276, valid r2: 0.9924927894531617, test r2: 0.9939663763761912
Training Results:
r2: 0.9992
rmse: 0.0544
mae: 0.0416
Validation Results:
r2: 0.9925
rmse: 0.1722
mae: 0.0921
Test Results:
r2: 0.9940
rmse: 0.1503
mae: 0.0898
51/101
train r2: 0.9988487705927617, valid r2: 0.9919550092718946, test r2: 0.9941461008389199
Training Results:
r2: 0.9988
rmse: 0.0652
mae: 0.0521
Validation Results:
r2: 0.9920
rmse: 0.1783
mae: 0.0987
Test Results:
r2: 0.9941
rmse: 0.1481
mae: 0.0955
52/101
train r2: 0.9988337078021693, valid r2: 0.9919927665456716, test r2: 0.9934396698086705
Training Results:
r2: 0.9988
rmse: 0.0656
mae: 0.0520
Validation Results:
r2: 0.9920
rmse: 0.1779
mae: 0.1007
Test Results:
r2: 0.9934
rmse: 0.1568
mae: 0.0958
53/101
train r2: 0.9994663933785938, valid r2: 0.9921064292976599, test r2: 0.993970000536234
Training Results:
r2: 0.9995
rmse: 0.0443
mae: 0.0333
Validation Results:
r2: 0.9921
rmse: 0.1766
mae: 0.0913
Test Results:
r2: 0.9940
rmse: 0.1503
mae: 0.0865
54/101
train r2: 0.9994077702913916, valid r2: 0.9921797853521859, test r2: 0.9945476182309962
Training Results:
r2: 0.9994
rmse: 0.0467
mae: 0.0365
Validation Results:
r2: 0.9922
rmse: 0.1758
mae: 0.0923
Test Results:
r2: 0.9945
rmse: 0.1429
mae: 0.0859
55/101
train r2: 0.9995908644731376, valid r2: 0.9927770671067817, test r2: 0.9947997349872811
Training Results:
r2: 0.9996
rmse: 0.0388
mae: 0.0286
Validation Results:
r2: 0.9928
rmse: 0.1689
mae: 0.0869
Test Results:
r2: 0.9948
rmse: 0.1396
mae: 0.0824
56/101
train r2: 0.9995367328391564, valid r2: 0.9923232912664598, test r2: 0.9948146299481633
Training Results:
r2: 0.9995
rmse: 0.0413
mae: 0.0312
Validation Results:
r2: 0.9923
rmse: 0.1742
mae: 0.0900
Test Results:
r2: 0.9948
rmse: 0.1394
mae: 0.0839
57/101
train r2: 0.9996259161601759, valid r2: 0.9923794185841127, test r2: 0.994130081056244
Training Results:
r2: 0.9996
rmse: 0.0371
mae: 0.0277
Validation Results:
r2: 0.9924
rmse: 0.1735
mae: 0.0871
Test Results:
r2: 0.9941
rmse: 0.1483
mae: 0.0825
58/101
train r2: 0.9997023671130921, valid r2: 0.9926687402301055, test r2: 0.994545074346418
Training Results:
r2: 0.9997
rmse: 0.0331
mae: 0.0251
Validation Results:
r2: 0.9927
rmse: 0.1702
mae: 0.0849
Test Results:
r2: 0.9945
rmse: 0.1429
mae: 0.0820
59/101
train r2: 0.9996433550433196, valid r2: 0.9925361967071552, test r2: 0.9946404214588981
Training Results:
r2: 0.9996
rmse: 0.0363
mae: 0.0282
Validation Results:
r2: 0.9925
rmse: 0.1717
mae: 0.0872
Test Results:
r2: 0.9946
rmse: 0.1417
mae: 0.0819
60/101
train r2: 0.9996678952396664, valid r2: 0.9926794677783252, test r2: 0.994666535396615
Training Results:
r2: 0.9997
rmse: 0.0350
mae: 0.0252
Validation Results:
r2: 0.9927
rmse: 0.1701
mae: 0.0849
Test Results:
r2: 0.9947
rmse: 0.1413
mae: 0.0819
61/101
train r2: 0.9996001607905739, valid r2: 0.9922799585392816, test r2: 0.9947802129644637
Training Results:
r2: 0.9996
rmse: 0.0384
mae: 0.0290
Validation Results:
r2: 0.9923
rmse: 0.1746
mae: 0.0893
Test Results:
r2: 0.9948
rmse: 0.1398
mae: 0.0821
62/101
train r2: 0.999510671012256, valid r2: 0.992295905270643, test r2: 0.9944301953963333
Training Results:
r2: 0.9995
rmse: 0.0425
mae: 0.0328
Validation Results:
r2: 0.9923
rmse: 0.1745
mae: 0.0918
Test Results:
r2: 0.9944
rmse: 0.1444
mae: 0.0857
63/101
train r2: 0.9996149822796029, valid r2: 0.9929722703056205, test r2: 0.9951055198349196
Training Results:
r2: 0.9996
rmse: 0.0377
mae: 0.0269
Validation Results:
r2: 0.9930
rmse: 0.1666
mae: 0.0848
Test Results:
r2: 0.9951
rmse: 0.1354
mae: 0.0779
64/101
train r2: 0.9997397732268947, valid r2: 0.9927239393773941, test r2: 0.9948120509784413
Training Results:
r2: 0.9997
rmse: 0.0310
mae: 0.0239
Validation Results:
r2: 0.9927
rmse: 0.1696
mae: 0.0865
Test Results:
r2: 0.9948
rmse: 0.1394
mae: 0.0806
65/101
train r2: 0.9997418707286063, valid r2: 0.9923649758865606, test r2: 0.9942900129400052
Training Results:
r2: 0.9997
rmse: 0.0308
mae: 0.0228
Validation Results:
r2: 0.9924
rmse: 0.1737
mae: 0.0861
Test Results:
r2: 0.9943
rmse: 0.1463
mae: 0.0806
66/101
train r2: 0.9997210496244532, valid r2: 0.9928559192443382, test r2: 0.9949905343457043
Training Results:
r2: 0.9997
rmse: 0.0321
mae: 0.0257
Validation Results:
r2: 0.9929
rmse: 0.1680
mae: 0.0860
Test Results:
r2: 0.9950
rmse: 0.1370
mae: 0.0802
67/101
train r2: 0.9997074941093852, valid r2: 0.9920921672407434, test r2: 0.9943676389538688
Training Results:
r2: 0.9997
rmse: 0.0328
mae: 0.0242
Validation Results:
r2: 0.9921
rmse: 0.1768
mae: 0.0882
Test Results:
r2: 0.9944
rmse: 0.1453
mae: 0.0815
68/101
train r2: 0.9998147624807099, valid r2: 0.9927710713624501, test r2: 0.9949772032329675
Training Results:
r2: 0.9998
rmse: 0.0261
mae: 0.0194
Validation Results:
r2: 0.9928
rmse: 0.1690
mae: 0.0848
Test Results:
r2: 0.9950
rmse: 0.1372
mae: 0.0774
69/101
train r2: 0.9995732397324681, valid r2: 0.9927313109018728, test r2: 0.9945787184863638
Training Results:
r2: 0.9996
rmse: 0.0397
mae: 0.0312
Validation Results:
r2: 0.9927
rmse: 0.1695
mae: 0.0881
Test Results:
r2: 0.9946
rmse: 0.1425
mae: 0.0831
70/101
train r2: 0.9998284031375032, valid r2: 0.9928689900599609, test r2: 0.9947821732034786
Training Results:
r2: 0.9998
rmse: 0.0251
mae: 0.0190
Validation Results:
r2: 0.9929
rmse: 0.1679
mae: 0.0841
Test Results:
r2: 0.9948
rmse: 0.1398
mae: 0.0788
71/101
train r2: 0.999763061837981, valid r2: 0.9929337066317181, test r2: 0.9949020436105401
Training Results:
r2: 0.9998
rmse: 0.0296
mae: 0.0227
Validation Results:
r2: 0.9929
rmse: 0.1671
mae: 0.0845
Test Results:
r2: 0.9949
rmse: 0.1382
mae: 0.0788
72/101
train r2: 0.9997642761350716, valid r2: 0.9925682872100219, test r2: 0.9947772170558385
Training Results:
r2: 0.9998
rmse: 0.0295
mae: 0.0232
Validation Results:
r2: 0.9926
rmse: 0.1714
mae: 0.0854
Test Results:
r2: 0.9948
rmse: 0.1399
mae: 0.0785
73/101
train r2: 0.9997909383728459, valid r2: 0.9926058490662499, test r2: 0.9946025316546644
Training Results:
r2: 0.9998
rmse: 0.0278
mae: 0.0219
Validation Results:
r2: 0.9926
rmse: 0.1709
mae: 0.0860
Test Results:
r2: 0.9946
rmse: 0.1422
mae: 0.0796
74/101
train r2: 0.9998883435256386, valid r2: 0.992732140014425, test r2: 0.9948300342531604
Training Results:
r2: 0.9999
rmse: 0.0203
mae: 0.0151
Validation Results:
r2: 0.9927
rmse: 0.1695
mae: 0.0839
Test Results:
r2: 0.9948
rmse: 0.1392
mae: 0.0775
75/101
train r2: 0.9998672182471166, valid r2: 0.9927213729908297, test r2: 0.995035504300908
Training Results:
r2: 0.9999
rmse: 0.0221
mae: 0.0170
Validation Results:
r2: 0.9927
rmse: 0.1696
mae: 0.0840
Test Results:
r2: 0.9950
rmse: 0.1364
mae: 0.0768
76/101
train r2: 0.9998805741527456, valid r2: 0.9929561277692, test r2: 0.9948963965823031
Training Results:
r2: 0.9999
rmse: 0.0210
mae: 0.0160
Validation Results:
r2: 0.9930
rmse: 0.1668
mae: 0.0821
Test Results:
r2: 0.9949
rmse: 0.1383
mae: 0.0772
77/101
train r2: 0.9999251447740254, valid r2: 0.992644143354232, test r2: 0.9949197142918512
Training Results:
r2: 0.9999
rmse: 0.0166
mae: 0.0123
Validation Results:
r2: 0.9926
rmse: 0.1705
mae: 0.0832
Test Results:
r2: 0.9949
rmse: 0.1380
mae: 0.0769
78/101
train r2: 0.9999169205101158, valid r2: 0.9928280328777959, test r2: 0.995082813123975
Training Results:
r2: 0.9999
rmse: 0.0175
mae: 0.0133
Validation Results:
r2: 0.9928
rmse: 0.1683
mae: 0.0834
Test Results:
r2: 0.9951
rmse: 0.1357
mae: 0.0766
79/101
train r2: 0.9999104616893653, valid r2: 0.9927066270932636, test r2: 0.9949183563275434
Training Results:
r2: 0.9999
rmse: 0.0182
mae: 0.0142
Validation Results:
r2: 0.9927
rmse: 0.1698
mae: 0.0834
Test Results:
r2: 0.9949
rmse: 0.1380
mae: 0.0776
80/101
train r2: 0.9999053196257616, valid r2: 0.9926980055630047, test r2: 0.9949578417577449
Training Results:
r2: 0.9999
rmse: 0.0187
mae: 0.0143
Validation Results:
r2: 0.9927
rmse: 0.1699
mae: 0.0836
Test Results:
r2: 0.9950
rmse: 0.1374
mae: 0.0764
81/101
train r2: 0.999923136866014, valid r2: 0.9928435195448168, test r2: 0.9949870723121053
Training Results:
r2: 0.9999
rmse: 0.0168
mae: 0.0128
Validation Results:
r2: 0.9928
rmse: 0.1682
mae: 0.0826
Test Results:
r2: 0.9950
rmse: 0.1370
mae: 0.0765
82/101
train r2: 0.9999149521134875, valid r2: 0.9925906078437832, test r2: 0.994649380348452
Training Results:
r2: 0.9999
rmse: 0.0177
mae: 0.0129
Validation Results:
r2: 0.9926
rmse: 0.1711
mae: 0.0841
Test Results:
r2: 0.9946
rmse: 0.1416
mae: 0.0782
83/101
train r2: 0.9999550284956891, valid r2: 0.9927878411953227, test r2: 0.9949701894658499
Training Results:
r2: 1.0000
rmse: 0.0129
mae: 0.0097
Validation Results:
r2: 0.9928
rmse: 0.1688
mae: 0.0823
Test Results:
r2: 0.9950
rmse: 0.1373
mae: 0.0762
break!
train: 0.9996, val: 0.9930, test: 0.9951
end_test_result: (0.9939536354025058, 0.15049763023853302, 0.08615464717149734)
args.seed: 2034
use label scaler
use label scaler
use label scaler
model have 90.143705M paramerters in total
train_dataset.mean: tensor([-2.4332]) train_dataset.std: tensor([1.9206])
1/101
train r2: 0.8293289511473677, valid r2: 0.8162113360746523, test r2: 0.8125028745906169
Training Results:
r2: 0.8293
rmse: 0.7934
mae: 0.5942
Validation Results:
r2: 0.8162
rmse: 0.8521
mae: 0.6157
Test Results:
r2: 0.8125
rmse: 0.8381
mae: 0.6176
2/101
train r2: 0.9576304236438545, valid r2: 0.94151533162212, test r2: 0.9446629834529078
Training Results:
r2: 0.9576
rmse: 0.3950
mae: 0.2895
Validation Results:
r2: 0.9415
rmse: 0.4807
mae: 0.3301
Test Results:
r2: 0.9447
rmse: 0.4553
mae: 0.3234
3/101
train r2: 0.9812353250572692, valid r2: 0.9692334878211344, test r2: 0.9696556136873975
Training Results:
r2: 0.9812
rmse: 0.2632
mae: 0.1974
Validation Results:
r2: 0.9692
rmse: 0.3487
mae: 0.2433
Test Results:
r2: 0.9697
rmse: 0.3371
mae: 0.2442
4/101
train r2: 0.9885360448908823, valid r2: 0.9756212435719461, test r2: 0.9754315889457539
Training Results:
r2: 0.9885
rmse: 0.2057
mae: 0.1537
Validation Results:
r2: 0.9756
rmse: 0.3104
mae: 0.2098
Test Results:
r2: 0.9754
rmse: 0.3034
mae: 0.2051
5/101
train r2: 0.992494400903448, valid r2: 0.9783553600210557, test r2: 0.9798433377590052
Training Results:
r2: 0.9925
rmse: 0.1664
mae: 0.1269
Validation Results:
r2: 0.9784
rmse: 0.2924
mae: 0.1995
Test Results:
r2: 0.9798
rmse: 0.2748
mae: 0.1889
6/101
train r2: 0.993383243315969, valid r2: 0.9823807436126869, test r2: 0.9831407094790735
Training Results:
r2: 0.9934
rmse: 0.1561
mae: 0.1227
Validation Results:
r2: 0.9824
rmse: 0.2638
mae: 0.1831
Test Results:
r2: 0.9831
rmse: 0.2513
mae: 0.1754
7/101
train r2: 0.9949289748835874, valid r2: 0.9827531520627043, test r2: 0.984711378185777
Training Results:
r2: 0.9949
rmse: 0.1368
mae: 0.1058
Validation Results:
r2: 0.9828
rmse: 0.2610
mae: 0.1710
Test Results:
r2: 0.9847
rmse: 0.2393
mae: 0.1686
8/101
train r2: 0.9960384089825779, valid r2: 0.9846564880838149, test r2: 0.9849502552862165
Training Results:
r2: 0.9960
rmse: 0.1208
mae: 0.0927
Validation Results:
r2: 0.9847
rmse: 0.2462
mae: 0.1619
Test Results:
r2: 0.9850
rmse: 0.2374
mae: 0.1600
9/101
train r2: 0.9949911414371625, valid r2: 0.9849770871420761, test r2: 0.9854253654553226
Training Results:
r2: 0.9950
rmse: 0.1359
mae: 0.1020
Validation Results:
r2: 0.9850
rmse: 0.2436
mae: 0.1591
Test Results:
r2: 0.9854
rmse: 0.2337
mae: 0.1536
10/101
train r2: 0.989162557386453, valid r2: 0.9785807291629041, test r2: 0.9790223125534381
Training Results:
r2: 0.9892
rmse: 0.2000
mae: 0.1424
Validation Results:
r2: 0.9786
rmse: 0.2909
mae: 0.1972
Test Results:
r2: 0.9790
rmse: 0.2803
mae: 0.1867
11/101
train r2: 0.9931763644844067, valid r2: 0.983408505932158, test r2: 0.984217344156853
Training Results:
r2: 0.9932
rmse: 0.1587
mae: 0.1225
Validation Results:
r2: 0.9834
rmse: 0.2560
mae: 0.1691
Test Results:
r2: 0.9842
rmse: 0.2431
mae: 0.1636
12/101
train r2: 0.9947811650073365, valid r2: 0.9858845239487631, test r2: 0.9861226467613381
Training Results:
r2: 0.9948
rmse: 0.1388
mae: 0.1075
Validation Results:
r2: 0.9859
rmse: 0.2362
mae: 0.1585
Test Results:
r2: 0.9861
rmse: 0.2280
mae: 0.1558
13/101
train r2: 0.9970396990424326, valid r2: 0.98750269564734, test r2: 0.9897791767846611
Training Results:
r2: 0.9970
rmse: 0.1045
mae: 0.0784
Validation Results:
r2: 0.9875
rmse: 0.2222
mae: 0.1373
Test Results:
r2: 0.9898
rmse: 0.1957
mae: 0.1277
14/101
train r2: 0.9967055902359488, valid r2: 0.986475947547407, test r2: 0.9878743753017746
Training Results:
r2: 0.9967
rmse: 0.1103
mae: 0.0841
Validation Results:
r2: 0.9865
rmse: 0.2312
mae: 0.1463
Test Results:
r2: 0.9879
rmse: 0.2131
mae: 0.1386
15/101
train r2: 0.9971779461236672, valid r2: 0.9882296540361183, test r2: 0.9898370499686445
Training Results:
r2: 0.9972
rmse: 0.1020
mae: 0.0728
Validation Results:
r2: 0.9882
rmse: 0.2156
mae: 0.1335
Test Results:
r2: 0.9898
rmse: 0.1951
mae: 0.1265
16/101
train r2: 0.997509109717246, valid r2: 0.9881806208039033, test r2: 0.9896849483238415
Training Results:
r2: 0.9975
rmse: 0.0959
mae: 0.0731
Validation Results:
r2: 0.9882
rmse: 0.2161
mae: 0.1311
Test Results:
r2: 0.9897
rmse: 0.1966
mae: 0.1287
17/101
train r2: 0.9965065254249736, valid r2: 0.9862990863533198, test r2: 0.9891425674154278
Training Results:
r2: 0.9965
rmse: 0.1135
mae: 0.0836
Validation Results:
r2: 0.9863
rmse: 0.2327
mae: 0.1367
Test Results:
r2: 0.9891
rmse: 0.2017
mae: 0.1292
18/101
train r2: 0.9967785796166974, valid r2: 0.987033149736207, test r2: 0.9894432048218096
Training Results:
r2: 0.9968
rmse: 0.1090
mae: 0.0807
Validation Results:
r2: 0.9870
rmse: 0.2263
mae: 0.1393
Test Results:
r2: 0.9894
rmse: 0.1989
mae: 0.1292
19/101
train r2: 0.9930114120610517, valid r2: 0.9838075478663653, test r2: 0.9857670482032523
Training Results:
r2: 0.9930
rmse: 0.1604
mae: 0.1377
Validation Results:
r2: 0.9838
rmse: 0.2529
mae: 0.1763
Test Results:
r2: 0.9858
rmse: 0.2309
mae: 0.1636
20/101
train r2: 0.9960460408792146, valid r2: 0.987987556924813, test r2: 0.9888192771258242
Training Results:
r2: 0.9960
rmse: 0.1208
mae: 0.0959
Validation Results:
r2: 0.9880
rmse: 0.2179
mae: 0.1370
Test Results:
r2: 0.9888
rmse: 0.2047
mae: 0.1384
21/101
train r2: 0.9947985870814219, valid r2: 0.9860653710027109, test r2: 0.987358431392597
Training Results:
r2: 0.9948
rmse: 0.1385
mae: 0.1157
Validation Results:
r2: 0.9861
rmse: 0.2346
mae: 0.1544
Test Results:
r2: 0.9874
rmse: 0.2176
mae: 0.1531
22/101
train r2: 0.9972794165296743, valid r2: 0.9895907652352683, test r2: 0.990801191951262
Training Results:
r2: 0.9973
rmse: 0.1002
mae: 0.0738
Validation Results:
r2: 0.9896
rmse: 0.2028
mae: 0.1242
Test Results:
r2: 0.9908
rmse: 0.1856
mae: 0.1169
23/101
train r2: 0.9975085359637088, valid r2: 0.9888184128990036, test r2: 0.9901184933082616
Training Results:
r2: 0.9975
rmse: 0.0958
mae: 0.0723
Validation Results:
r2: 0.9888
rmse: 0.2102
mae: 0.1244
Test Results:
r2: 0.9901
rmse: 0.1924
mae: 0.1198
24/101
train r2: 0.9982403915275598, valid r2: 0.9906637876930791, test r2: 0.9916035769534707
Training Results:
r2: 0.9982
rmse: 0.0806
mae: 0.0608
Validation Results:
r2: 0.9907
rmse: 0.1921
mae: 0.1135
Test Results:
r2: 0.9916
rmse: 0.1773
mae: 0.1100
25/101
train r2: 0.998002346687495, valid r2: 0.9891874902299729, test r2: 0.9904650050205132
Training Results:
r2: 0.9980
rmse: 0.0859
mae: 0.0661
Validation Results:
r2: 0.9892
rmse: 0.2067
mae: 0.1203
Test Results:
r2: 0.9905
rmse: 0.1890
mae: 0.1153
26/101
train r2: 0.9982728143867539, valid r2: 0.991200533924342, test r2: 0.9923055120154456
Training Results:
r2: 0.9983
rmse: 0.0798
mae: 0.0587
Validation Results:
r2: 0.9912
rmse: 0.1865
mae: 0.1120
Test Results:
r2: 0.9923
rmse: 0.1698
mae: 0.1066
27/101
train r2: 0.9979697444613363, valid r2: 0.9888878204820009, test r2: 0.9906415444566988
Training Results:
r2: 0.9980
rmse: 0.0865
mae: 0.0633
Validation Results:
r2: 0.9889
rmse: 0.2095
mae: 0.1190
Test Results:
r2: 0.9906
rmse: 0.1872
mae: 0.1090
28/101
train r2: 0.998069377286914, valid r2: 0.9904584350537708, test r2: 0.9916904972587745
Training Results:
r2: 0.9981
rmse: 0.0844
mae: 0.0637
Validation Results:
r2: 0.9905
rmse: 0.1942
mae: 0.1148
Test Results:
r2: 0.9917
rmse: 0.1764
mae: 0.1087
29/101
train r2: 0.9969517551005533, valid r2: 0.9884300920527571, test r2: 0.989553499306384
Training Results:
r2: 0.9970
rmse: 0.1060
mae: 0.0845
Validation Results:
r2: 0.9884
rmse: 0.2138
mae: 0.1317
Test Results:
r2: 0.9896
rmse: 0.1978
mae: 0.1262
30/101
train r2: 0.9974656374569996, valid r2: 0.9914256491344339, test r2: 0.9919458729368679
Training Results:
r2: 0.9975
rmse: 0.0967
mae: 0.0725
Validation Results:
r2: 0.9914
rmse: 0.1841
mae: 0.1116
Test Results:
r2: 0.9919
rmse: 0.1737
mae: 0.1138
31/101
train r2: 0.9974114030800468, valid r2: 0.9893962103618923, test r2: 0.9903223493599606
Training Results:
r2: 0.9974
rmse: 0.0977
mae: 0.0755
Validation Results:
r2: 0.9894
rmse: 0.2047
mae: 0.1221
Test Results:
r2: 0.9903
rmse: 0.1904
mae: 0.1208
32/101
train r2: 0.9983166376467556, valid r2: 0.9908214947214411, test r2: 0.9926262510623399
Training Results:
r2: 0.9983
rmse: 0.0788
mae: 0.0576
Validation Results:
r2: 0.9908
rmse: 0.1904
mae: 0.1076
Test Results:
r2: 0.9926
rmse: 0.1662
mae: 0.1047
33/101
train r2: 0.9989054077503133, valid r2: 0.9915259584218462, test r2: 0.9932360988874711
Training Results:
r2: 0.9989
rmse: 0.0635
mae: 0.0476
Validation Results:
r2: 0.9915
rmse: 0.1830
mae: 0.1010
Test Results:
r2: 0.9932
rmse: 0.1592
mae: 0.0974
34/101
train r2: 0.998995277441099, valid r2: 0.9919388886974536, test r2: 0.9936027107809293
Training Results:
r2: 0.9990
rmse: 0.0609
mae: 0.0454
Validation Results:
r2: 0.9919
rmse: 0.1785
mae: 0.0988
Test Results:
r2: 0.9936
rmse: 0.1548
mae: 0.0972
35/101
train r2: 0.9992993350043411, valid r2: 0.9922306923050834, test r2: 0.9939478119430505
Training Results:
r2: 0.9993
rmse: 0.0508
mae: 0.0392
Validation Results:
r2: 0.9922
rmse: 0.1752
mae: 0.0968
Test Results:
r2: 0.9939
rmse: 0.1506
mae: 0.0912
36/101
train r2: 0.9993528954796324, valid r2: 0.991445809411217, test r2: 0.9933565306184133
Training Results:
r2: 0.9994
rmse: 0.0489
mae: 0.0358
Validation Results:
r2: 0.9914
rmse: 0.1838
mae: 0.0979
Test Results:
r2: 0.9934
rmse: 0.1578
mae: 0.0922
37/101
train r2: 0.9986179228379405, valid r2: 0.9913082308693503, test r2: 0.9930815113742368
Training Results:
r2: 0.9986
rmse: 0.0714
mae: 0.0557
Validation Results:
r2: 0.9913
rmse: 0.1853
mae: 0.1064
Test Results:
r2: 0.9931
rmse: 0.1610
mae: 0.1009
38/101
train r2: 0.9990400799564229, valid r2: 0.9916703012860644, test r2: 0.992925948949483
Training Results:
r2: 0.9990
rmse: 0.0595
mae: 0.0437
Validation Results:
r2: 0.9917
rmse: 0.1814
mae: 0.0977
Test Results:
r2: 0.9929
rmse: 0.1628
mae: 0.0945
39/101
train r2: 0.9983905879145751, valid r2: 0.992162394150358, test r2: 0.9936698628255043
Training Results:
r2: 0.9984
rmse: 0.0770
mae: 0.0571
Validation Results:
r2: 0.9922
rmse: 0.1760
mae: 0.1040
Test Results:
r2: 0.9937
rmse: 0.1540
mae: 0.1012
40/101
train r2: 0.9990731737469312, valid r2: 0.9913392734023668, test r2: 0.9932943981694192
Training Results:
r2: 0.9991
rmse: 0.0585
mae: 0.0435
Validation Results:
r2: 0.9913
rmse: 0.1850
mae: 0.0999
Test Results:
r2: 0.9933
rmse: 0.1585
mae: 0.0946
41/101
train r2: 0.9985318260083128, valid r2: 0.9910848530493648, test r2: 0.9926091624873846
Training Results:
r2: 0.9985
rmse: 0.0736
mae: 0.0580
Validation Results:
r2: 0.9911
rmse: 0.1877
mae: 0.1075
Test Results:
r2: 0.9926
rmse: 0.1664
mae: 0.1028
42/101
train r2: 0.9986887439518262, valid r2: 0.9909439019970226, test r2: 0.9934142609783867
Training Results:
r2: 0.9987
rmse: 0.0695
mae: 0.0516
Validation Results:
r2: 0.9909
rmse: 0.1892
mae: 0.1044
Test Results:
r2: 0.9934
rmse: 0.1571
mae: 0.0944
43/101
train r2: 0.9989813122430028, valid r2: 0.9924948078248869, test r2: 0.9936432845154686
Training Results:
r2: 0.9990
rmse: 0.0613
mae: 0.0450
Validation Results:
r2: 0.9925
rmse: 0.1722
mae: 0.0942
Test Results:
r2: 0.9936
rmse: 0.1543
mae: 0.0917
44/101
train r2: 0.9984039085140579, valid r2: 0.9909569986305271, test r2: 0.9934517246194436
Training Results:
r2: 0.9984
rmse: 0.0767
mae: 0.0614
Validation Results:
r2: 0.9910
rmse: 0.1890
mae: 0.1063
Test Results:
r2: 0.9935
rmse: 0.1566
mae: 0.1008
45/101
train r2: 0.999330648759264, valid r2: 0.9928063638020871, test r2: 0.9938531991068378
Training Results:
r2: 0.9993
rmse: 0.0497
mae: 0.0364
Validation Results:
r2: 0.9928
rmse: 0.1686
mae: 0.0906
Test Results:
r2: 0.9939
rmse: 0.1517
mae: 0.0882
46/101
train r2: 0.9993162492417459, valid r2: 0.991544062364441, test r2: 0.993473907092576
Training Results:
r2: 0.9993
rmse: 0.0502
mae: 0.0357
Validation Results:
r2: 0.9915
rmse: 0.1828
mae: 0.0956
Test Results:
r2: 0.9935
rmse: 0.1564
mae: 0.0886
47/101
train r2: 0.9994590727031434, valid r2: 0.9922479599881399, test r2: 0.9937801949946367
Training Results:
r2: 0.9995
rmse: 0.0447
mae: 0.0342
Validation Results:
r2: 0.9922
rmse: 0.1750
mae: 0.0933
Test Results:
r2: 0.9938
rmse: 0.1526
mae: 0.0879
48/101
train r2: 0.9994741958372207, valid r2: 0.9922510018764125, test r2: 0.9937789589808251
Training Results:
r2: 0.9995
rmse: 0.0440
mae: 0.0331
Validation Results:
r2: 0.9923
rmse: 0.1750
mae: 0.0910
Test Results:
r2: 0.9938
rmse: 0.1527
mae: 0.0883
49/101
train r2: 0.9995124909303931, valid r2: 0.9924882028908752, test r2: 0.994181703181488
Training Results:
r2: 0.9995
rmse: 0.0424
mae: 0.0316
Validation Results:
r2: 0.9925
rmse: 0.1723
mae: 0.0902
Test Results:
r2: 0.9942
rmse: 0.1476
mae: 0.0859
50/101
train r2: 0.999345628880984, valid r2: 0.9929015094654685, test r2: 0.9943195368803109
Training Results:
r2: 0.9993
rmse: 0.0491
mae: 0.0362
Validation Results:
r2: 0.9929
rmse: 0.1675
mae: 0.0903
Test Results:
r2: 0.9943
rmse: 0.1459
mae: 0.0855
51/101
train r2: 0.9994570277117458, valid r2: 0.9922209226226557, test r2: 0.993990529939996
Training Results:
r2: 0.9995
rmse: 0.0448
mae: 0.0336
Validation Results:
r2: 0.9922
rmse: 0.1753
mae: 0.0914
Test Results:
r2: 0.9940
rmse: 0.1500
mae: 0.0850
52/101
train r2: 0.9993093837023774, valid r2: 0.9926812675744451, test r2: 0.993831802677908
Training Results:
r2: 0.9993
rmse: 0.0505
mae: 0.0390
Validation Results:
r2: 0.9927
rmse: 0.1700
mae: 0.0914
Test Results:
r2: 0.9938
rmse: 0.1520
mae: 0.0911
53/101
train r2: 0.9994633717051168, valid r2: 0.9920085915530698, test r2: 0.9940321616373535
Training Results:
r2: 0.9995
rmse: 0.0445
mae: 0.0334
Validation Results:
r2: 0.9920
rmse: 0.1777
mae: 0.0923
Test Results:
r2: 0.9940
rmse: 0.1495
mae: 0.0856
54/101
train r2: 0.9994265002739546, valid r2: 0.9922134534696002, test r2: 0.9940641413833523
Training Results:
r2: 0.9994
rmse: 0.0460
mae: 0.0352
Validation Results:
r2: 0.9922
rmse: 0.1754
mae: 0.0932
Test Results:
r2: 0.9941
rmse: 0.1491
mae: 0.0856
55/101
train r2: 0.9995868264044889, valid r2: 0.9924149112177285, test r2: 0.9943198516195797
Training Results:
r2: 0.9996
rmse: 0.0390
mae: 0.0294
Validation Results:
r2: 0.9924
rmse: 0.1731
mae: 0.0901
Test Results:
r2: 0.9943
rmse: 0.1459
mae: 0.0825
56/101
train r2: 0.9994962610800877, valid r2: 0.9926453469962848, test r2: 0.9945011829240477
Training Results:
r2: 0.9995
rmse: 0.0431
mae: 0.0319
Validation Results:
r2: 0.9926
rmse: 0.1705
mae: 0.0881
Test Results:
r2: 0.9945
rmse: 0.1435
mae: 0.0845
57/101
train r2: 0.9996118116650284, valid r2: 0.9925103036140426, test r2: 0.9943005105871251
Training Results:
r2: 0.9996
rmse: 0.0379
mae: 0.0276
Validation Results:
r2: 0.9925
rmse: 0.1720
mae: 0.0875
Test Results:
r2: 0.9943
rmse: 0.1461
mae: 0.0820
58/101
train r2: 0.9996225470082649, valid r2: 0.9925745014471706, test r2: 0.9943482954122802
Training Results:
r2: 0.9996
rmse: 0.0373
mae: 0.0274
Validation Results:
r2: 0.9926
rmse: 0.1713
mae: 0.0872
Test Results:
r2: 0.9943
rmse: 0.1455
mae: 0.0823
59/101
train r2: 0.9994432879517028, valid r2: 0.9921185822853005, test r2: 0.9941693049103164
Training Results:
r2: 0.9994
rmse: 0.0453
mae: 0.0342
Validation Results:
r2: 0.9921
rmse: 0.1765
mae: 0.0941
Test Results:
r2: 0.9942
rmse: 0.1478
mae: 0.0863
60/101
train r2: 0.9985641108276614, valid r2: 0.9908763194564151, test r2: 0.9931818662825719
Training Results:
r2: 0.9986
rmse: 0.0728
mae: 0.0627
Validation Results:
r2: 0.9909
rmse: 0.1899
mae: 0.1088
Test Results:
r2: 0.9932
rmse: 0.1598
mae: 0.1011
61/101
train r2: 0.9996967028225904, valid r2: 0.992666848152519, test r2: 0.9943739419476925
Training Results:
r2: 0.9997
rmse: 0.0334
mae: 0.0250
Validation Results:
r2: 0.9927
rmse: 0.1702
mae: 0.0846
Test Results:
r2: 0.9944
rmse: 0.1452
mae: 0.0815
62/101
train r2: 0.9996922288108276, valid r2: 0.9926122625751216, test r2: 0.994599826797268
Training Results:
r2: 0.9997
rmse: 0.0337
mae: 0.0256
Validation Results:
r2: 0.9926
rmse: 0.1708
mae: 0.0864
Test Results:
r2: 0.9946
rmse: 0.1422
mae: 0.0804
63/101
train r2: 0.999612399342731, valid r2: 0.9925825041057587, test r2: 0.9945093817106904
Training Results:
r2: 0.9996
rmse: 0.0378
mae: 0.0298
Validation Results:
r2: 0.9926
rmse: 0.1712
mae: 0.0891
Test Results:
r2: 0.9945
rmse: 0.1434
mae: 0.0817
64/101
train r2: 0.9995918793289896, valid r2: 0.9927084560497049, test r2: 0.9948582047205857
Training Results:
r2: 0.9996
rmse: 0.0388
mae: 0.0300
Validation Results:
r2: 0.9927
rmse: 0.1697
mae: 0.0875
Test Results:
r2: 0.9949
rmse: 0.1388
mae: 0.0820
65/101
train r2: 0.999298596867671, valid r2: 0.9922881520191789, test r2: 0.9938545552692905
Training Results:
r2: 0.9993
rmse: 0.0509
mae: 0.0430
Validation Results:
r2: 0.9923
rmse: 0.1746
mae: 0.0954
Test Results:
r2: 0.9939
rmse: 0.1517
mae: 0.0917
66/101
train r2: 0.9997926165398496, valid r2: 0.9928659268022212, test r2: 0.9943617245938199
Training Results:
r2: 0.9998
rmse: 0.0277
mae: 0.0210
Validation Results:
r2: 0.9929
rmse: 0.1679
mae: 0.0850
Test Results:
r2: 0.9944
rmse: 0.1453
mae: 0.0799
67/101
train r2: 0.999803842721032, valid r2: 0.9928092860584321, test r2: 0.9944720394259436
Training Results:
r2: 0.9998
rmse: 0.0269
mae: 0.0198
Validation Results:
r2: 0.9928
rmse: 0.1686
mae: 0.0849
Test Results:
r2: 0.9945
rmse: 0.1439
mae: 0.0791
68/101
train r2: 0.999791150598281, valid r2: 0.9928227084104212, test r2: 0.994352747467931
Training Results:
r2: 0.9998
rmse: 0.0278
mae: 0.0209
Validation Results:
r2: 0.9928
rmse: 0.1684
mae: 0.0847
Test Results:
r2: 0.9944
rmse: 0.1454
mae: 0.0805
69/101
train r2: 0.999763984644936, valid r2: 0.9929043910243311, test r2: 0.9942430129709567
Training Results:
r2: 0.9998
rmse: 0.0295
mae: 0.0232
Validation Results:
r2: 0.9929
rmse: 0.1674
mae: 0.0856
Test Results:
r2: 0.9942
rmse: 0.1469
mae: 0.0804
70/101
train r2: 0.9997654546212653, valid r2: 0.9932624202296496, test r2: 0.9947677647289241
Training Results:
r2: 0.9998
rmse: 0.0294
mae: 0.0224
Validation Results:
r2: 0.9933
rmse: 0.1632
mae: 0.0829
Test Results:
r2: 0.9948
rmse: 0.1400
mae: 0.0799
71/101
train r2: 0.9997038432809617, valid r2: 0.9933085049058821, test r2: 0.9945921980131763
Training Results:
r2: 0.9997
rmse: 0.0330
mae: 0.0257
Validation Results:
r2: 0.9933
rmse: 0.1626
mae: 0.0839
Test Results:
r2: 0.9946
rmse: 0.1423
mae: 0.0814
72/101
train r2: 0.999845133805699, valid r2: 0.9926609928970435, test r2: 0.9944307575758657
Training Results:
r2: 0.9998
rmse: 0.0239
mae: 0.0177
Validation Results:
r2: 0.9927
rmse: 0.1703
mae: 0.0841
Test Results:
r2: 0.9944
rmse: 0.1444
mae: 0.0796
73/101
train r2: 0.9998262708447513, valid r2: 0.9927420392054327, test r2: 0.9942213305273828
Training Results:
r2: 0.9998
rmse: 0.0253
mae: 0.0182
Validation Results:
r2: 0.9927
rmse: 0.1693
mae: 0.0842
Test Results:
r2: 0.9942
rmse: 0.1471
mae: 0.0796
74/101
train r2: 0.9998863306689312, valid r2: 0.9929787267850372, test r2: 0.9945868022033073
Training Results:
r2: 0.9999
rmse: 0.0205
mae: 0.0155
Validation Results:
r2: 0.9930
rmse: 0.1666
mae: 0.0823
Test Results:
r2: 0.9946
rmse: 0.1424
mae: 0.0786
75/101
train r2: 0.9998991126661603, valid r2: 0.9928510802013036, test r2: 0.9946748226807518
Training Results:
r2: 0.9999
rmse: 0.0193
mae: 0.0145
Validation Results:
r2: 0.9929
rmse: 0.1681
mae: 0.0839
Test Results:
r2: 0.9947
rmse: 0.1412
mae: 0.0783
76/101
train r2: 0.9998919151606217, valid r2: 0.9928416072179304, test r2: 0.9943928906956171
Training Results:
r2: 0.9999
rmse: 0.0200
mae: 0.0145
Validation Results:
r2: 0.9928
rmse: 0.1682
mae: 0.0841
Test Results:
r2: 0.9944
rmse: 0.1449
mae: 0.0791
77/101
train r2: 0.9998766473537006, valid r2: 0.9930552524794842, test r2: 0.9947271703275082
Training Results:
r2: 0.9999
rmse: 0.0213
mae: 0.0168
Validation Results:
r2: 0.9931
rmse: 0.1656
mae: 0.0829
Test Results:
r2: 0.9947
rmse: 0.1405
mae: 0.0782
78/101
train r2: 0.999900635005418, valid r2: 0.9930107924417199, test r2: 0.9946434440759419
Training Results:
r2: 0.9999
rmse: 0.0191
mae: 0.0146
Validation Results:
r2: 0.9930
rmse: 0.1662
mae: 0.0825
Test Results:
r2: 0.9946
rmse: 0.1417
mae: 0.0781
79/101
train r2: 0.9998910792214674, valid r2: 0.9930735548098661, test r2: 0.9947177144022267
Training Results:
r2: 0.9999
rmse: 0.0200
mae: 0.0156
Validation Results:
r2: 0.9931
rmse: 0.1654
mae: 0.0835
Test Results:
r2: 0.9947
rmse: 0.1407
mae: 0.0786
80/101
train r2: 0.9997739570045907, valid r2: 0.99251605959634, test r2: 0.9942615305996197
Training Results:
r2: 0.9998
rmse: 0.0289
mae: 0.0224
Validation Results:
r2: 0.9925
rmse: 0.1720
mae: 0.0870
Test Results:
r2: 0.9943
rmse: 0.1466
mae: 0.0801
81/101
train r2: 0.9999033137987942, valid r2: 0.9927148488391686, test r2: 0.9945741873140919
Training Results:
r2: 0.9999
rmse: 0.0189
mae: 0.0135
Validation Results:
r2: 0.9927
rmse: 0.1697
mae: 0.0837
Test Results:
r2: 0.9946
rmse: 0.1426
mae: 0.0778
82/101
train r2: 0.999927878158371, valid r2: 0.9929437000593286, test r2: 0.9947296978460763
Training Results:
r2: 0.9999
rmse: 0.0163
mae: 0.0123
Validation Results:
r2: 0.9929
rmse: 0.1670
mae: 0.0821
Test Results:
r2: 0.9947
rmse: 0.1405
mae: 0.0773
83/101
train r2: 0.9999513201807686, valid r2: 0.9930888142304976, test r2: 0.9947155700414041
Training Results:
r2: 1.0000
rmse: 0.0134
mae: 0.0102
Validation Results:
r2: 0.9931
rmse: 0.1652
mae: 0.0813
Test Results:
r2: 0.9947
rmse: 0.1407
mae: 0.0772
84/101
train r2: 0.9999626638511772, valid r2: 0.9930955426887402, test r2: 0.9947045512574777
Training Results:
r2: 1.0000
rmse: 0.0117
mae: 0.0088
Validation Results:
r2: 0.9931
rmse: 0.1652
mae: 0.0811
Test Results:
r2: 0.9947
rmse: 0.1408
mae: 0.0765
85/101
train r2: 0.9999620834827794, valid r2: 0.9929992156661757, test r2: 0.9948002954913551
Training Results:
r2: 1.0000
rmse: 0.0118
mae: 0.0091
Validation Results:
r2: 0.9930
rmse: 0.1663
mae: 0.0821
Test Results:
r2: 0.9948
rmse: 0.1396
mae: 0.0766
86/101
train r2: 0.9999742811081277, valid r2: 0.9931554215117816, test r2: 0.9947587914004303
Training Results:
r2: 1.0000
rmse: 0.0097
mae: 0.0074
Validation Results:
r2: 0.9932
rmse: 0.1644
mae: 0.0812
Test Results:
r2: 0.9948
rmse: 0.1401
mae: 0.0769
87/101
train r2: 0.999977573822873, valid r2: 0.9930043859238944, test r2: 0.9946768187866518
Training Results:
r2: 1.0000
rmse: 0.0091
mae: 0.0070
Validation Results:
r2: 0.9930
rmse: 0.1663
mae: 0.0818
Test Results:
r2: 0.9947
rmse: 0.1412
mae: 0.0768
88/101
train r2: 0.9999858314486784, valid r2: 0.9930766044341807, test r2: 0.9947402726071155
Training Results:
r2: 1.0000
rmse: 0.0072
mae: 0.0054
Validation Results:
r2: 0.9931
rmse: 0.1654
mae: 0.0818
Test Results:
r2: 0.9947
rmse: 0.1404
mae: 0.0766
89/101
train r2: 0.9999768292312109, valid r2: 0.9930460514909139, test r2: 0.9947207821869898
Training Results:
r2: 1.0000
rmse: 0.0092
mae: 0.0075
Validation Results:
r2: 0.9930
rmse: 0.1658
mae: 0.0819
Test Results:
r2: 0.9947
rmse: 0.1406
mae: 0.0768
90/101
train r2: 0.9999820301999934, valid r2: 0.9929488058351233, test r2: 0.9946561110871464
Training Results:
r2: 1.0000
rmse: 0.0081
mae: 0.0060
Validation Results:
r2: 0.9929
rmse: 0.1669
mae: 0.0819
Test Results:
r2: 0.9947
rmse: 0.1415
mae: 0.0768
91/101
train r2: 0.9999832542815188, valid r2: 0.9930254739360744, test r2: 0.9947178786707995
Training Results:
r2: 1.0000
rmse: 0.0079
mae: 0.0065
Validation Results:
r2: 0.9930
rmse: 0.1660
mae: 0.0817
Test Results:
r2: 0.9947
rmse: 0.1407
mae: 0.0771
break!
train: 0.9997, val: 0.9933, test: 0.9946
end_test_result: (0.9937333649471929, 0.1532144397497177, 0.09240208566188812)
args.seed: 2044
use label scaler
use label scaler
use label scaler
model have 90.143705M paramerters in total
train_dataset.mean: tensor([-2.4332]) train_dataset.std: tensor([1.9206])
1/101
train r2: 0.8357128964259449, valid r2: 0.8197674786861477, test r2: 0.8229264046096458
Training Results:
r2: 0.8357
rmse: 0.7784
mae: 0.5840
Validation Results:
r2: 0.8198
rmse: 0.8439
mae: 0.6182
Test Results:
r2: 0.8229
rmse: 0.8144
mae: 0.6058
2/101
train r2: 0.9580522187405107, valid r2: 0.9409983941182097, test r2: 0.9440842185759984
Training Results:
r2: 0.9581
rmse: 0.3933
mae: 0.2873
Validation Results:
r2: 0.9410
rmse: 0.4828
mae: 0.3309
Test Results:
r2: 0.9441
rmse: 0.4577
mae: 0.3251
3/101
train r2: 0.9764462817447653, valid r2: 0.9662815916012978, test r2: 0.963466611177822
Training Results:
r2: 0.9764
rmse: 0.2946
mae: 0.2299
Validation Results:
r2: 0.9663
rmse: 0.3650
mae: 0.2618
Test Results:
r2: 0.9635
rmse: 0.3699
mae: 0.2738
4/101
train r2: 0.9887754432963195, valid r2: 0.9759938878487283, test r2: 0.9751101991367258
Training Results:
r2: 0.9888
rmse: 0.2035
mae: 0.1553
Validation Results:
r2: 0.9760
rmse: 0.3080
mae: 0.2142
Test Results:
r2: 0.9751
rmse: 0.3053
mae: 0.2114
5/101
train r2: 0.9932955527703448, valid r2: 0.9808465949419058, test r2: 0.9797789018475269
Training Results:
r2: 0.9933
rmse: 0.1573
mae: 0.1210
Validation Results:
r2: 0.9808
rmse: 0.2751
mae: 0.1878
Test Results:
r2: 0.9798
rmse: 0.2752
mae: 0.1882
6/101
train r2: 0.9946001238424027, valid r2: 0.9818578537820837, test r2: 0.9810412440471676
Training Results:
r2: 0.9946
rmse: 0.1411
mae: 0.1100
Validation Results:
r2: 0.9819
rmse: 0.2677
mae: 0.1818
Test Results:
r2: 0.9810
rmse: 0.2665
mae: 0.1832
7/101
train r2: 0.9942253964351737, valid r2: 0.9839200041265965, test r2: 0.9822657208156921
Training Results:
r2: 0.9942
rmse: 0.1460
mae: 0.1140
Validation Results:
r2: 0.9839
rmse: 0.2521
mae: 0.1744
Test Results:
r2: 0.9823
rmse: 0.2577
mae: 0.1860
8/101
train r2: 0.9947396822697492, valid r2: 0.9854355470363281, test r2: 0.9846922820753333
Training Results:
r2: 0.9947
rmse: 0.1394
mae: 0.1057
Validation Results:
r2: 0.9854
rmse: 0.2399
mae: 0.1691
Test Results:
r2: 0.9847
rmse: 0.2395
mae: 0.1711
9/101
train r2: 0.9895090543860581, valid r2: 0.9801036237964981, test r2: 0.9791420766365084
Training Results:
r2: 0.9895
rmse: 0.1967
mae: 0.1631
Validation Results:
r2: 0.9801
rmse: 0.2804
mae: 0.2083
Test Results:
r2: 0.9791
rmse: 0.2795
mae: 0.2144
10/101
train r2: 0.9933920667932634, valid r2: 0.9831547581615174, test r2: 0.9844751069790263
Training Results:
r2: 0.9934
rmse: 0.1561
mae: 0.1188
Validation Results:
r2: 0.9832
rmse: 0.2580
mae: 0.1774
Test Results:
r2: 0.9845
rmse: 0.2412
mae: 0.1706
11/101
train r2: 0.9930773815358953, valid r2: 0.9839028991775696, test r2: 0.9844370486513494
Training Results:
r2: 0.9931
rmse: 0.1598
mae: 0.1294
Validation Results:
r2: 0.9839
rmse: 0.2522
mae: 0.1764
Test Results:
r2: 0.9844
rmse: 0.2415
mae: 0.1770
12/101
train r2: 0.9924341154695622, valid r2: 0.9827226307309681, test r2: 0.9837237079356267
Training Results:
r2: 0.9924
rmse: 0.1670
mae: 0.1317
Validation Results:
r2: 0.9827
rmse: 0.2613
mae: 0.1815
Test Results:
r2: 0.9837
rmse: 0.2469
mae: 0.1770
13/101
train r2: 0.9959512100173987, valid r2: 0.9862264442953772, test r2: 0.9870049675629001
Training Results:
r2: 0.9960
rmse: 0.1222
mae: 0.0925
Validation Results:
r2: 0.9862
rmse: 0.2333
mae: 0.1526
Test Results:
r2: 0.9870
rmse: 0.2206
mae: 0.1495
14/101
train r2: 0.9965740906493797, valid r2: 0.9868093419362125, test r2: 0.9879270777351551
Training Results:
r2: 0.9966
rmse: 0.1124
mae: 0.0847
Validation Results:
r2: 0.9868
rmse: 0.2283
mae: 0.1460
Test Results:
r2: 0.9879
rmse: 0.2127
mae: 0.1402
15/101
train r2: 0.9962231258357552, valid r2: 0.9871662767723595, test r2: 0.9883696351957508
Training Results:
r2: 0.9962
rmse: 0.1181
mae: 0.0915
Validation Results:
r2: 0.9872
rmse: 0.2252
mae: 0.1465
Test Results:
r2: 0.9884
rmse: 0.2087
mae: 0.1418
16/101
train r2: 0.9970096487443078, valid r2: 0.9867343299230097, test r2: 0.9888643460022376
Training Results:
r2: 0.9970
rmse: 0.1050
mae: 0.0796
Validation Results:
r2: 0.9867
rmse: 0.2289
mae: 0.1428
Test Results:
r2: 0.9889
rmse: 0.2042
mae: 0.1335
17/101
train r2: 0.9973122100191126, valid r2: 0.9882729364475316, test r2: 0.9896867905387339
Training Results:
r2: 0.9973
rmse: 0.0996
mae: 0.0743
Validation Results:
r2: 0.9883
rmse: 0.2153
mae: 0.1341
Test Results:
r2: 0.9897
rmse: 0.1966
mae: 0.1280
18/101
train r2: 0.9934861708147418, valid r2: 0.9866755687741077, test r2: 0.985672514754398
Training Results:
r2: 0.9935
rmse: 0.1550
mae: 0.1221
Validation Results:
r2: 0.9867
rmse: 0.2294
mae: 0.1547
Test Results:
r2: 0.9857
rmse: 0.2317
mae: 0.1660
19/101
train r2: 0.996744347580163, valid r2: 0.9880824916571878, test r2: 0.9893665883041179
Training Results:
r2: 0.9967
rmse: 0.1095
mae: 0.0820
Validation Results:
r2: 0.9881
rmse: 0.2170
mae: 0.1342
Test Results:
r2: 0.9894
rmse: 0.1996
mae: 0.1333
20/101
train r2: 0.9950164463403551, valid r2: 0.9865368410297868, test r2: 0.988147497272452
Training Results:
r2: 0.9950
rmse: 0.1356
mae: 0.1094
Validation Results:
r2: 0.9865
rmse: 0.2306
mae: 0.1561
Test Results:
r2: 0.9881
rmse: 0.2107
mae: 0.1490
21/101
train r2: 0.9939884996367353, valid r2: 0.9872002642164719, test r2: 0.9879354814651611
Training Results:
r2: 0.9940
rmse: 0.1489
mae: 0.1098
Validation Results:
r2: 0.9872
rmse: 0.2249
mae: 0.1498
Test Results:
r2: 0.9879
rmse: 0.2126
mae: 0.1506
22/101
train r2: 0.9970650053649672, valid r2: 0.9881955053047937, test r2: 0.9893479562158182
Training Results:
r2: 0.9971
rmse: 0.1041
mae: 0.0749
Validation Results:
r2: 0.9882
rmse: 0.2160
mae: 0.1299
Test Results:
r2: 0.9893
rmse: 0.1998
mae: 0.1204
23/101
train r2: 0.9975084376402816, valid r2: 0.9891376786225159, test r2: 0.9907659594706204
Training Results:
r2: 0.9975
rmse: 0.0959
mae: 0.0755
Validation Results:
r2: 0.9891
rmse: 0.2072
mae: 0.1271
Test Results:
r2: 0.9908
rmse: 0.1860
mae: 0.1242
24/101
train r2: 0.9974889109951764, valid r2: 0.9900939015836095, test r2: 0.9904499301471856
Training Results:
r2: 0.9975
rmse: 0.0962
mae: 0.0720
Validation Results:
r2: 0.9901
rmse: 0.1978
mae: 0.1240
Test Results:
r2: 0.9904
rmse: 0.1891
mae: 0.1201
25/101
train r2: 0.9981599905121176, valid r2: 0.9901374012202065, test r2: 0.9914009414572411
Training Results:
r2: 0.9982
rmse: 0.0824
mae: 0.0612
Validation Results:
r2: 0.9901
rmse: 0.1974
mae: 0.1164
Test Results:
r2: 0.9914
rmse: 0.1795
mae: 0.1127
26/101
train r2: 0.997820825079571, valid r2: 0.9912820436498422, test r2: 0.9915018561223169
Training Results:
r2: 0.9978
rmse: 0.0897
mae: 0.0651
Validation Results:
r2: 0.9913
rmse: 0.1856
mae: 0.1106
Test Results:
r2: 0.9915
rmse: 0.1784
mae: 0.1144
27/101
train r2: 0.9980006019244241, valid r2: 0.9902018212658381, test r2: 0.9917280102342371
Training Results:
r2: 0.9980
rmse: 0.0859
mae: 0.0633
Validation Results:
r2: 0.9902
rmse: 0.1968
mae: 0.1180
Test Results:
r2: 0.9917
rmse: 0.1760
mae: 0.1116
28/101
train r2: 0.9979688028528124, valid r2: 0.9893936450045493, test r2: 0.9905010973515691
Training Results:
r2: 0.9980
rmse: 0.0866
mae: 0.0668
Validation Results:
r2: 0.9894
rmse: 0.2047
mae: 0.1213
Test Results:
r2: 0.9905
rmse: 0.1886
mae: 0.1159
29/101
train r2: 0.9983290056613577, valid r2: 0.990030490837428, test r2: 0.9915381232196373
Training Results:
r2: 0.9983
rmse: 0.0785
mae: 0.0574
Validation Results:
r2: 0.9900
rmse: 0.1985
mae: 0.1126
Test Results:
r2: 0.9915
rmse: 0.1780
mae: 0.1086
30/101
train r2: 0.9981526308379367, valid r2: 0.9907336526572083, test r2: 0.9924777825225584
Training Results:
r2: 0.9982
rmse: 0.0826
mae: 0.0631
Validation Results:
r2: 0.9907
rmse: 0.1913
mae: 0.1123
Test Results:
r2: 0.9925
rmse: 0.1679
mae: 0.1063
31/101
train r2: 0.9980626206826171, valid r2: 0.990050529920255, test r2: 0.991466825252989
Training Results:
r2: 0.9981
rmse: 0.0845
mae: 0.0622
Validation Results:
r2: 0.9901
rmse: 0.1983
mae: 0.1137
Test Results:
r2: 0.9915
rmse: 0.1788
mae: 0.1112
32/101
train r2: 0.9980799195823526, valid r2: 0.9909043410009367, test r2: 0.9919199005303895
Training Results:
r2: 0.9981
rmse: 0.0842
mae: 0.0622
Validation Results:
r2: 0.9909
rmse: 0.1896
mae: 0.1087
Test Results:
r2: 0.9919
rmse: 0.1740
mae: 0.1083
33/101
train r2: 0.998433396072984, valid r2: 0.9907690821873363, test r2: 0.9927635257136395
Training Results:
r2: 0.9984
rmse: 0.0760
mae: 0.0580
Validation Results:
r2: 0.9908
rmse: 0.1910
mae: 0.1093
Test Results:
r2: 0.9928
rmse: 0.1646
mae: 0.1055
34/101
train r2: 0.998807900966713, valid r2: 0.9908954604493249, test r2: 0.9925447880948186
Training Results:
r2: 0.9988
rmse: 0.0663
mae: 0.0500
Validation Results:
r2: 0.9909
rmse: 0.1897
mae: 0.1058
Test Results:
r2: 0.9925
rmse: 0.1671
mae: 0.0996
35/101
train r2: 0.9984512347850396, valid r2: 0.9913153389563929, test r2: 0.9927033163677088
Training Results:
r2: 0.9985
rmse: 0.0755
mae: 0.0588
Validation Results:
r2: 0.9913
rmse: 0.1852
mae: 0.1090
Test Results:
r2: 0.9927
rmse: 0.1653
mae: 0.1044
36/101
train r2: 0.9987712364414106, valid r2: 0.9903826405589572, test r2: 0.9925658438575525
Training Results:
r2: 0.9988
rmse: 0.0673
mae: 0.0510
Validation Results:
r2: 0.9904
rmse: 0.1949
mae: 0.1071
Test Results:
r2: 0.9926
rmse: 0.1669
mae: 0.1016
37/101
train r2: 0.9992294347970345, valid r2: 0.9921935936643814, test r2: 0.9935263660894688
Training Results:
r2: 0.9992
rmse: 0.0533
mae: 0.0386
Validation Results:
r2: 0.9922
rmse: 0.1756
mae: 0.0961
Test Results:
r2: 0.9935
rmse: 0.1557
mae: 0.0937
38/101
train r2: 0.9988740719761683, valid r2: 0.9916520064389136, test r2: 0.9931798415811707
Training Results:
r2: 0.9989
rmse: 0.0645
mae: 0.0479
Validation Results:
r2: 0.9917
rmse: 0.1816
mae: 0.1017
Test Results:
r2: 0.9932
rmse: 0.1598
mae: 0.0965
39/101
train r2: 0.998805130180024, valid r2: 0.9913301755190679, test r2: 0.9919481464827948
Training Results:
r2: 0.9988
rmse: 0.0664
mae: 0.0513
Validation Results:
r2: 0.9913
rmse: 0.1851
mae: 0.1058
Test Results:
r2: 0.9919
rmse: 0.1737
mae: 0.1028
40/101
train r2: 0.9989013798356979, valid r2: 0.9920477591964588, test r2: 0.9934301957767108
Training Results:
r2: 0.9989
rmse: 0.0637
mae: 0.0452
Validation Results:
r2: 0.9920
rmse: 0.1773
mae: 0.0982
Test Results:
r2: 0.9934
rmse: 0.1569
mae: 0.0968
41/101
train r2: 0.9989260195907951, valid r2: 0.991847375005684, test r2: 0.9931098144891806
Training Results:
r2: 0.9989
rmse: 0.0630
mae: 0.0472
Validation Results:
r2: 0.9918
rmse: 0.1795
mae: 0.1007
Test Results:
r2: 0.9931
rmse: 0.1607
mae: 0.0975
42/101
train r2: 0.9992728057340442, valid r2: 0.9920052022731496, test r2: 0.9934353370170924
Training Results:
r2: 0.9993
rmse: 0.0518
mae: 0.0388
Validation Results:
r2: 0.9920
rmse: 0.1777
mae: 0.0960
Test Results:
r2: 0.9934
rmse: 0.1568
mae: 0.0944
43/101
train r2: 0.9993673307279143, valid r2: 0.9920296996863764, test r2: 0.9934627798744181
Training Results:
r2: 0.9994
rmse: 0.0483
mae: 0.0366
Validation Results:
r2: 0.9920
rmse: 0.1775
mae: 0.0957
Test Results:
r2: 0.9935
rmse: 0.1565
mae: 0.0911
44/101
train r2: 0.99920016764555, valid r2: 0.9919531894492882, test r2: 0.993700030504842
Training Results:
r2: 0.9992
rmse: 0.0543
mae: 0.0424
Validation Results:
r2: 0.9920
rmse: 0.1783
mae: 0.0971
Test Results:
r2: 0.9937
rmse: 0.1536
mae: 0.0931
45/101
train r2: 0.9993094987077898, valid r2: 0.9915712759372147, test r2: 0.9937301460712148
Training Results:
r2: 0.9993
rmse: 0.0505
mae: 0.0371
Validation Results:
r2: 0.9916
rmse: 0.1825
mae: 0.0974
Test Results:
r2: 0.9937
rmse: 0.1533
mae: 0.0927
46/101
train r2: 0.9991280217382393, valid r2: 0.9920498558150882, test r2: 0.9937632754739713
Training Results:
r2: 0.9991
rmse: 0.0567
mae: 0.0418
Validation Results:
r2: 0.9920
rmse: 0.1772
mae: 0.0969
Test Results:
r2: 0.9938
rmse: 0.1528
mae: 0.0913
47/101
train r2: 0.9959829614814538, valid r2: 0.9886440608806224, test r2: 0.9903854303258571
Training Results:
r2: 0.9960
rmse: 0.1217
mae: 0.1041
Validation Results:
r2: 0.9886
rmse: 0.2118
mae: 0.1417
Test Results:
r2: 0.9904
rmse: 0.1898
mae: 0.1333
48/101
train r2: 0.9993449701351306, valid r2: 0.9920068100250975, test r2: 0.9933894447487244
Training Results:
r2: 0.9993
rmse: 0.0491
mae: 0.0376
Validation Results:
r2: 0.9920
rmse: 0.1777
mae: 0.0932
Test Results:
r2: 0.9934
rmse: 0.1574
mae: 0.0918
49/101
train r2: 0.9994628263398947, valid r2: 0.9920164984860531, test r2: 0.9938892081868036
Training Results:
r2: 0.9995
rmse: 0.0445
mae: 0.0334
Validation Results:
r2: 0.9920
rmse: 0.1776
mae: 0.0941
Test Results:
r2: 0.9939
rmse: 0.1513
mae: 0.0899
50/101
train r2: 0.9995584025754358, valid r2: 0.9924748100137576, test r2: 0.9939155738749824
Training Results:
r2: 0.9996
rmse: 0.0404
mae: 0.0310
Validation Results:
r2: 0.9925
rmse: 0.1724
mae: 0.0906
Test Results:
r2: 0.9939
rmse: 0.1510
mae: 0.0870
51/101
train r2: 0.9994799352814346, valid r2: 0.9927012644013034, test r2: 0.9939533637298297
Training Results:
r2: 0.9995
rmse: 0.0438
mae: 0.0316
Validation Results:
r2: 0.9927
rmse: 0.1698
mae: 0.0896
Test Results:
r2: 0.9940
rmse: 0.1505
mae: 0.0862
52/101
train r2: 0.9995802372339976, valid r2: 0.992276345003596, test r2: 0.9940425028047042
Training Results:
r2: 0.9996
rmse: 0.0393
mae: 0.0294
Validation Results:
r2: 0.9923
rmse: 0.1747
mae: 0.0907
Test Results:
r2: 0.9940
rmse: 0.1494
mae: 0.0864
53/101
train r2: 0.9994136231858073, valid r2: 0.9918531888717029, test r2: 0.993923565267877
Training Results:
r2: 0.9994
rmse: 0.0465
mae: 0.0344
Validation Results:
r2: 0.9919
rmse: 0.1794
mae: 0.0928
Test Results:
r2: 0.9939
rmse: 0.1509
mae: 0.0873
54/101
train r2: 0.9989186472956131, valid r2: 0.9917712516812088, test r2: 0.993409113826826
Training Results:
r2: 0.9989
rmse: 0.0631
mae: 0.0483
Validation Results:
r2: 0.9918
rmse: 0.1803
mae: 0.1004
Test Results:
r2: 0.9934
rmse: 0.1571
mae: 0.0933
55/101
train r2: 0.9993135913179364, valid r2: 0.9916897221901111, test r2: 0.9930111877368832
Training Results:
r2: 0.9993
rmse: 0.0503
mae: 0.0374
Validation Results:
r2: 0.9917
rmse: 0.1812
mae: 0.0940
Test Results:
r2: 0.9930
rmse: 0.1618
mae: 0.0928
56/101
train r2: 0.9993059238235513, valid r2: 0.9925696260357203, test r2: 0.993555077075569
Training Results:
r2: 0.9993
rmse: 0.0506
mae: 0.0402
Validation Results:
r2: 0.9926
rmse: 0.1713
mae: 0.0919
Test Results:
r2: 0.9936
rmse: 0.1554
mae: 0.0937
57/101
train r2: 0.9997285085838318, valid r2: 0.9924978709663125, test r2: 0.9940110266691746
Training Results:
r2: 0.9997
rmse: 0.0317
mae: 0.0234
Validation Results:
r2: 0.9925
rmse: 0.1722
mae: 0.0889
Test Results:
r2: 0.9940
rmse: 0.1498
mae: 0.0849
58/101
train r2: 0.9995420851386345, valid r2: 0.9921739033539868, test r2: 0.9940264544110389
Training Results:
r2: 0.9995
rmse: 0.0411
mae: 0.0332
Validation Results:
r2: 0.9922
rmse: 0.1758
mae: 0.0933
Test Results:
r2: 0.9940
rmse: 0.1496
mae: 0.0868
59/101
train r2: 0.9997141847795996, valid r2: 0.9926340679160252, test r2: 0.9939055542958298
Training Results:
r2: 0.9997
rmse: 0.0325
mae: 0.0238
Validation Results:
r2: 0.9926
rmse: 0.1706
mae: 0.0879
Test Results:
r2: 0.9939
rmse: 0.1511
mae: 0.0863
60/101
train r2: 0.9996751870218966, valid r2: 0.9927976261030786, test r2: 0.9943957037895089
Training Results:
r2: 0.9997
rmse: 0.0346
mae: 0.0260
Validation Results:
r2: 0.9928
rmse: 0.1687
mae: 0.0875
Test Results:
r2: 0.9944
rmse: 0.1449
mae: 0.0842
61/101
train r2: 0.9996776294422733, valid r2: 0.9920294751914064, test r2: 0.9936738420375563
Training Results:
r2: 0.9997
rmse: 0.0345
mae: 0.0261
Validation Results:
r2: 0.9920
rmse: 0.1775
mae: 0.0913
Test Results:
r2: 0.9937
rmse: 0.1539
mae: 0.0868
62/101
train r2: 0.9996793326338235, valid r2: 0.9925036340045436, test r2: 0.9939557086395465
Training Results:
r2: 0.9997
rmse: 0.0344
mae: 0.0262
Validation Results:
r2: 0.9925
rmse: 0.1721
mae: 0.0896
Test Results:
r2: 0.9940
rmse: 0.1505
mae: 0.0854
63/101
train r2: 0.9996636631830406, valid r2: 0.9923239660697405, test r2: 0.994169823923129
Training Results:
r2: 0.9997
rmse: 0.0352
mae: 0.0259
Validation Results:
r2: 0.9923
rmse: 0.1741
mae: 0.0885
Test Results:
r2: 0.9942
rmse: 0.1478
mae: 0.0835
64/101
train r2: 0.999662703312217, valid r2: 0.9929066927739293, test r2: 0.9945416028597194
Training Results:
r2: 0.9997
rmse: 0.0353
mae: 0.0266
Validation Results:
r2: 0.9929
rmse: 0.1674
mae: 0.0872
Test Results:
r2: 0.9945
rmse: 0.1430
mae: 0.0819
65/101
train r2: 0.9995542828610692, valid r2: 0.9926858888064888, test r2: 0.9945270005456044
Training Results:
r2: 0.9996
rmse: 0.0405
mae: 0.0315
Validation Results:
r2: 0.9927
rmse: 0.1700
mae: 0.0891
Test Results:
r2: 0.9945
rmse: 0.1432
mae: 0.0848
66/101
train r2: 0.9997290322142397, valid r2: 0.9929794166132452, test r2: 0.9945233556484189
Training Results:
r2: 0.9997
rmse: 0.0316
mae: 0.0234
Validation Results:
r2: 0.9930
rmse: 0.1665
mae: 0.0858
Test Results:
r2: 0.9945
rmse: 0.1432
mae: 0.0824
67/101
train r2: 0.9997398400040581, valid r2: 0.992755494662553, test r2: 0.9942715161165651
Training Results:
r2: 0.9997
rmse: 0.0310
mae: 0.0243
Validation Results:
r2: 0.9928
rmse: 0.1692
mae: 0.0878
Test Results:
r2: 0.9943
rmse: 0.1465
mae: 0.0827
68/101
train r2: 0.9996048457375679, valid r2: 0.9927539073971405, test r2: 0.9943461478829855
Training Results:
r2: 0.9996
rmse: 0.0382
mae: 0.0313
Validation Results:
r2: 0.9928
rmse: 0.1692
mae: 0.0879
Test Results:
r2: 0.9943
rmse: 0.1455
mae: 0.0876
69/101
train r2: 0.9996535654117048, valid r2: 0.992538207498028, test r2: 0.9942253133751887
Training Results:
r2: 0.9997
rmse: 0.0357
mae: 0.0284
Validation Results:
r2: 0.9925
rmse: 0.1717
mae: 0.0891
Test Results:
r2: 0.9942
rmse: 0.1471
mae: 0.0856
70/101
train r2: 0.999737316645164, valid r2: 0.9925648595092557, test r2: 0.9941623829781722
Training Results:
r2: 0.9997
rmse: 0.0311
mae: 0.0247
Validation Results:
r2: 0.9926
rmse: 0.1714
mae: 0.0886
Test Results:
r2: 0.9942
rmse: 0.1479
mae: 0.0845
71/101
train r2: 0.9998444056748693, valid r2: 0.9925567470003065, test r2: 0.9942541340119535
Training Results:
r2: 0.9998
rmse: 0.0240
mae: 0.0176
Validation Results:
r2: 0.9926
rmse: 0.1715
mae: 0.0856
Test Results:
r2: 0.9943
rmse: 0.1467
mae: 0.0822
72/101
train r2: 0.9998433668163205, valid r2: 0.9928465926393234, test r2: 0.9944655143130449
Training Results:
r2: 0.9998
rmse: 0.0240
mae: 0.0173
Validation Results:
r2: 0.9928
rmse: 0.1681
mae: 0.0844
Test Results:
r2: 0.9945
rmse: 0.1440
mae: 0.0807
73/101
train r2: 0.9997657210105727, valid r2: 0.9924836364906489, test r2: 0.9942588385561144
Training Results:
r2: 0.9998
rmse: 0.0294
mae: 0.0238
Validation Results:
r2: 0.9925
rmse: 0.1723
mae: 0.0873
Test Results:
r2: 0.9943
rmse: 0.1467
mae: 0.0847
74/101
train r2: 0.9998642467624794, valid r2: 0.9927006346127021, test r2: 0.9944301865316292
Training Results:
r2: 0.9999
rmse: 0.0224
mae: 0.0172
Validation Results:
r2: 0.9927
rmse: 0.1698
mae: 0.0852
Test Results:
r2: 0.9944
rmse: 0.1444
mae: 0.0814
75/101
train r2: 0.9998767387846242, valid r2: 0.9926113505832055, test r2: 0.9942021702565672
Training Results:
r2: 0.9999
rmse: 0.0213
mae: 0.0161
Validation Results:
r2: 0.9926
rmse: 0.1709
mae: 0.0857
Test Results:
r2: 0.9942
rmse: 0.1474
mae: 0.0829
76/101
train r2: 0.99988291126554, valid r2: 0.9928344186537427, test r2: 0.9946633739299237
Training Results:
r2: 0.9999
rmse: 0.0208
mae: 0.0161
Validation Results:
r2: 0.9928
rmse: 0.1683
mae: 0.0836
Test Results:
r2: 0.9947
rmse: 0.1414
mae: 0.0806
77/101
train r2: 0.9999087874502669, valid r2: 0.9926263571339474, test r2: 0.9942918991051145
Training Results:
r2: 0.9999
rmse: 0.0183
mae: 0.0142
Validation Results:
r2: 0.9926
rmse: 0.1707
mae: 0.0855
Test Results:
r2: 0.9943
rmse: 0.1462
mae: 0.0814
78/101
train r2: 0.9999104907252607, valid r2: 0.9927917042262345, test r2: 0.9945047074324512
Training Results:
r2: 0.9999
rmse: 0.0182
mae: 0.0142
Validation Results:
r2: 0.9928
rmse: 0.1688
mae: 0.0841
Test Results:
r2: 0.9945
rmse: 0.1435
mae: 0.0806
79/101
train r2: 0.9999099046966955, valid r2: 0.9928574171633107, test r2: 0.9946289262679133
Training Results:
r2: 0.9999
rmse: 0.0182
mae: 0.0144
Validation Results:
r2: 0.9929
rmse: 0.1680
mae: 0.0840
Test Results:
r2: 0.9946
rmse: 0.1418
mae: 0.0804
80/101
train r2: 0.9999375635501543, valid r2: 0.9928968977460613, test r2: 0.994579483849198
Training Results:
r2: 0.9999
rmse: 0.0152
mae: 0.0116
Validation Results:
r2: 0.9929
rmse: 0.1675
mae: 0.0830
Test Results:
r2: 0.9946
rmse: 0.1425
mae: 0.0793
81/101
train r2: 0.9999335955805683, valid r2: 0.9928624558715405, test r2: 0.9946010312029933
Training Results:
r2: 0.9999
rmse: 0.0157
mae: 0.0117
Validation Results:
r2: 0.9929
rmse: 0.1679
mae: 0.0833
Test Results:
r2: 0.9946
rmse: 0.1422
mae: 0.0799
82/101
train r2: 0.9999185416383459, valid r2: 0.9927627295573556, test r2: 0.9945071983244718
Training Results:
r2: 0.9999
rmse: 0.0173
mae: 0.0138
Validation Results:
r2: 0.9928
rmse: 0.1691
mae: 0.0850
Test Results:
r2: 0.9945
rmse: 0.1434
mae: 0.0801
83/101
train r2: 0.9999437603495639, valid r2: 0.992857388045626, test r2: 0.9945039510610402
Training Results:
r2: 0.9999
rmse: 0.0144
mae: 0.0110
Validation Results:
r2: 0.9929
rmse: 0.1680
mae: 0.0842
Test Results:
r2: 0.9945
rmse: 0.1435
mae: 0.0796
84/101
train r2: 0.9999485524333751, valid r2: 0.992748571147912, test r2: 0.9944812757373503
Training Results:
r2: 0.9999
rmse: 0.0138
mae: 0.0107
Validation Results:
r2: 0.9927
rmse: 0.1693
mae: 0.0840
Test Results:
r2: 0.9945
rmse: 0.1438
mae: 0.0795
85/101
train r2: 0.9999411052366244, valid r2: 0.9928792383674884, test r2: 0.9945464586106246
Training Results:
r2: 0.9999
rmse: 0.0147
mae: 0.0118
Validation Results:
r2: 0.9929
rmse: 0.1677
mae: 0.0837
Test Results:
r2: 0.9945
rmse: 0.1429
mae: 0.0800
86/101
train r2: 0.999978879714944, valid r2: 0.9928949214186131, test r2: 0.994533340513218
Training Results:
r2: 1.0000
rmse: 0.0088
mae: 0.0066
Validation Results:
r2: 0.9929
rmse: 0.1675
mae: 0.0832
Test Results:
r2: 0.9945
rmse: 0.1431
mae: 0.0791
break!
train: 0.9997, val: 0.9930, test: 0.9945
end_test_result: (0.9933345151412891, 0.15801502764225006, 0.09520845860242844)
args.seed: 2054
use label scaler
use label scaler
use label scaler
model have 90.143705M paramerters in total
train_dataset.mean: tensor([-2.4332]) train_dataset.std: tensor([1.9206])
1/101
train r2: 0.840043559991432, valid r2: 0.8080185825671686, test r2: 0.8309856072297312
Training Results:
r2: 0.8400
rmse: 0.7682
mae: 0.5694
Validation Results:
r2: 0.8080
rmse: 0.8709
mae: 0.6252
Test Results:
r2: 0.8310
rmse: 0.7957
mae: 0.5930
2/101
train r2: 0.9571187254448783, valid r2: 0.9428949648096556, test r2: 0.9420317889961392
Training Results:
r2: 0.9571
rmse: 0.3977
mae: 0.2915
Validation Results:
r2: 0.9429
rmse: 0.4750
mae: 0.3346
Test Results:
r2: 0.9420
rmse: 0.4660
mae: 0.3317
3/101
train r2: 0.9818286452707008, valid r2: 0.9666532675301629, test r2: 0.9689314845369663
Training Results:
r2: 0.9818
rmse: 0.2589
mae: 0.1931
Validation Results:
r2: 0.9667
rmse: 0.3630
mae: 0.2449
Test Results:
r2: 0.9689
rmse: 0.3411
mae: 0.2326
4/101
train r2: 0.9829852789351325, valid r2: 0.967309788390574, test r2: 0.9695742249408983
Training Results:
r2: 0.9830
rmse: 0.2506
mae: 0.1936
Validation Results:
r2: 0.9673
rmse: 0.3594
mae: 0.2491
Test Results:
r2: 0.9696
rmse: 0.3376
mae: 0.2331
5/101
train r2: 0.9901273698567193, valid r2: 0.9795022017418528, test r2: 0.9787996236629127
Training Results:
r2: 0.9901
rmse: 0.1909
mae: 0.1543
Validation Results:
r2: 0.9795
rmse: 0.2846
mae: 0.2027
Test Results:
r2: 0.9788
rmse: 0.2818
mae: 0.2025
6/101
train r2: 0.9939624733224979, valid r2: 0.9818617019929288, test r2: 0.9826826419125353
Training Results:
r2: 0.9940
rmse: 0.1492
mae: 0.1163
Validation Results:
r2: 0.9819
rmse: 0.2677
mae: 0.1848
Test Results:
r2: 0.9827
rmse: 0.2547
mae: 0.1728
7/101
train r2: 0.9958420173490347, valid r2: 0.9847354190097926, test r2: 0.9856511031210275
Training Results:
r2: 0.9958
rmse: 0.1239
mae: 0.0949
Validation Results:
r2: 0.9847
rmse: 0.2456
mae: 0.1625
Test Results:
r2: 0.9857
rmse: 0.2318
mae: 0.1587
8/101
train r2: 0.9954083655407274, valid r2: 0.9849211391897493, test r2: 0.9855496749844437
Training Results:
r2: 0.9954
rmse: 0.1302
mae: 0.1031
Validation Results:
r2: 0.9849
rmse: 0.2441
mae: 0.1669
Test Results:
r2: 0.9855
rmse: 0.2327
mae: 0.1602
9/101
train r2: 0.9916536064635946, valid r2: 0.9837695958169855, test r2: 0.9824198598126203
Training Results:
r2: 0.9917
rmse: 0.1755
mae: 0.1312
Validation Results:
r2: 0.9838
rmse: 0.2532
mae: 0.1794
Test Results:
r2: 0.9824
rmse: 0.2566
mae: 0.1816
10/101
train r2: 0.9913430737220129, valid r2: 0.982249666466038, test r2: 0.9821614340891183
Training Results:
r2: 0.9913
rmse: 0.1785
mae: 0.1349
Validation Results:
r2: 0.9822
rmse: 0.2648
mae: 0.1811
Test Results:
r2: 0.9822
rmse: 0.2585
mae: 0.1801
11/101
train r2: 0.9938150821519299, valid r2: 0.9858783956740274, test r2: 0.9872133983860674
Training Results:
r2: 0.9938
rmse: 0.1511
mae: 0.1093
Validation Results:
r2: 0.9859
rmse: 0.2362
mae: 0.1594
Test Results:
r2: 0.9872
rmse: 0.2189
mae: 0.1498
12/101
train r2: 0.995657592699199, valid r2: 0.9887611194679893, test r2: 0.9891808220775345
Training Results:
r2: 0.9957
rmse: 0.1266
mae: 0.0902
Validation Results:
r2: 0.9888
rmse: 0.2107
mae: 0.1390
Test Results:
r2: 0.9892
rmse: 0.2013
mae: 0.1338
13/101
train r2: 0.9960248128460805, valid r2: 0.9869285156193756, test r2: 0.9875811872339915
Training Results:
r2: 0.9960
rmse: 0.1211
mae: 0.0987
Validation Results:
r2: 0.9869
rmse: 0.2273
mae: 0.1536
Test Results:
r2: 0.9876
rmse: 0.2157
mae: 0.1469
14/101
train r2: 0.9966782544568435, valid r2: 0.9883650160608048, test r2: 0.9890259158844571
Training Results:
r2: 0.9967
rmse: 0.1107
mae: 0.0827
Validation Results:
r2: 0.9884
rmse: 0.2144
mae: 0.1397
Test Results:
r2: 0.9890
rmse: 0.2028
mae: 0.1308
15/101
train r2: 0.9967685846573766, valid r2: 0.987041226392304, test r2: 0.9885922774760807
Training Results:
r2: 0.9968
rmse: 0.1092
mae: 0.0800
Validation Results:
r2: 0.9870
rmse: 0.2263
mae: 0.1420
Test Results:
r2: 0.9886
rmse: 0.2067
mae: 0.1275
16/101
train r2: 0.9962304006660057, valid r2: 0.9884524061625696, test r2: 0.9894536082535983
Training Results:
r2: 0.9962
rmse: 0.1179
mae: 0.0893
Validation Results:
r2: 0.9885
rmse: 0.2136
mae: 0.1399
Test Results:
r2: 0.9895
rmse: 0.1988
mae: 0.1344
17/101
train r2: 0.9967622696741775, valid r2: 0.98955559286533, test r2: 0.9909274404515536
Training Results:
r2: 0.9968
rmse: 0.1093
mae: 0.0773
Validation Results:
r2: 0.9896
rmse: 0.2031
mae: 0.1291
Test Results:
r2: 0.9909
rmse: 0.1844
mae: 0.1202
18/101
train r2: 0.9949588268526935, valid r2: 0.9866051219707112, test r2: 0.9878321282192046
Training Results:
r2: 0.9950
rmse: 0.1364
mae: 0.1100
Validation Results:
r2: 0.9866
rmse: 0.2301
mae: 0.1558
Test Results:
r2: 0.9878
rmse: 0.2135
mae: 0.1456
19/101
train r2: 0.996212269000364, valid r2: 0.9873314408878544, test r2: 0.9887775401297808
Training Results:
r2: 0.9962
rmse: 0.1182
mae: 0.0913
Validation Results:
r2: 0.9873
rmse: 0.2237
mae: 0.1379
Test Results:
r2: 0.9888
rmse: 0.2050
mae: 0.1337
20/101
train r2: 0.9971287360575817, valid r2: 0.9896785010849801, test r2: 0.9913635118736912
Training Results:
r2: 0.9971
rmse: 0.1029
mae: 0.0756
Validation Results:
r2: 0.9897
rmse: 0.2019
mae: 0.1247
Test Results:
r2: 0.9914
rmse: 0.1799
mae: 0.1169
21/101
train r2: 0.997578524018532, valid r2: 0.9894306266310109, test r2: 0.9912742576466557
Training Results:
r2: 0.9976
rmse: 0.0945
mae: 0.0714
Validation Results:
r2: 0.9894
rmse: 0.2044
mae: 0.1255
Test Results:
r2: 0.9913
rmse: 0.1808
mae: 0.1160
22/101
train r2: 0.9981498018659773, valid r2: 0.9898782649622025, test r2: 0.9923636882295425
Training Results:
r2: 0.9981
rmse: 0.0826
mae: 0.0595
Validation Results:
r2: 0.9899
rmse: 0.2000
mae: 0.1188
Test Results:
r2: 0.9924
rmse: 0.1691
mae: 0.1074
23/101
train r2: 0.9976192369782498, valid r2: 0.9899358056483968, test r2: 0.9906598642237426
Training Results:
r2: 0.9976
rmse: 0.0937
mae: 0.0739
Validation Results:
r2: 0.9899
rmse: 0.1994
mae: 0.1250
Test Results:
r2: 0.9907
rmse: 0.1871
mae: 0.1184
24/101
train r2: 0.9975762315085754, valid r2: 0.9885032730845351, test r2: 0.9911836143197513
Training Results:
r2: 0.9976
rmse: 0.0946
mae: 0.0694
Validation Results:
r2: 0.9885
rmse: 0.2131
mae: 0.1236
Test Results:
r2: 0.9912
rmse: 0.1817
mae: 0.1129
25/101
train r2: 0.9972869853859747, valid r2: 0.9885360785482363, test r2: 0.9901733519381134
Training Results:
r2: 0.9973
rmse: 0.1001
mae: 0.0790
Validation Results:
r2: 0.9885
rmse: 0.2128
mae: 0.1309
Test Results:
r2: 0.9902
rmse: 0.1919
mae: 0.1224
26/101
train r2: 0.9978491309992903, valid r2: 0.989708647979895, test r2: 0.9910570469902574
Training Results:
r2: 0.9978
rmse: 0.0890
mae: 0.0685
Validation Results:
r2: 0.9897
rmse: 0.2016
mae: 0.1202
Test Results:
r2: 0.9911
rmse: 0.1830
mae: 0.1115
27/101
train r2: 0.997924541080156, valid r2: 0.989997087263546, test r2: 0.9916357767373812
Training Results:
r2: 0.9979
rmse: 0.0874
mae: 0.0666
Validation Results:
r2: 0.9900
rmse: 0.1988
mae: 0.1193
Test Results:
r2: 0.9916
rmse: 0.1770
mae: 0.1093
28/101
train r2: 0.9974700422084273, valid r2: 0.9900997689621857, test r2: 0.991551513026634
Training Results:
r2: 0.9975
rmse: 0.0966
mae: 0.0804
Validation Results:
r2: 0.9901
rmse: 0.1978
mae: 0.1241
Test Results:
r2: 0.9916
rmse: 0.1779
mae: 0.1176
29/101
train r2: 0.9965931873967953, valid r2: 0.9887719257715553, test r2: 0.9901049935844234
Training Results:
r2: 0.9966
rmse: 0.1120
mae: 0.0881
Validation Results:
r2: 0.9888
rmse: 0.2106
mae: 0.1343
Test Results:
r2: 0.9901
rmse: 0.1925
mae: 0.1277
30/101
train r2: 0.9988333452381158, valid r2: 0.9920222670462739, test r2: 0.9926835650312031
Training Results:
r2: 0.9988
rmse: 0.0656
mae: 0.0483
Validation Results:
r2: 0.9920
rmse: 0.1775
mae: 0.0997
Test Results:
r2: 0.9927
rmse: 0.1656
mae: 0.0970
31/101
train r2: 0.9978681643569546, valid r2: 0.9902478663931769, test r2: 0.9921975297271531
Training Results:
r2: 0.9979
rmse: 0.0887
mae: 0.0679
Validation Results:
r2: 0.9902
rmse: 0.1963
mae: 0.1141
Test Results:
r2: 0.9922
rmse: 0.1710
mae: 0.1093
32/101
train r2: 0.9972695170565735, valid r2: 0.9900990707511165, test r2: 0.9922121347423766
Training Results:
r2: 0.9973
rmse: 0.1004
mae: 0.0783
Validation Results:
r2: 0.9901
rmse: 0.1978
mae: 0.1200
Test Results:
r2: 0.9922
rmse: 0.1708
mae: 0.1144
33/101
train r2: 0.9981340861436202, valid r2: 0.9901276300832044, test r2: 0.9925654409179047
Training Results:
r2: 0.9981
rmse: 0.0830
mae: 0.0571
Validation Results:
r2: 0.9901
rmse: 0.1975
mae: 0.1081
Test Results:
r2: 0.9926
rmse: 0.1669
mae: 0.1030
34/101
train r2: 0.9984593085849753, valid r2: 0.9912570916439504, test r2: 0.9932924293905021
Training Results:
r2: 0.9985
rmse: 0.0753
mae: 0.0552
Validation Results:
r2: 0.9913
rmse: 0.1859
mae: 0.1040
Test Results:
r2: 0.9933
rmse: 0.1585
mae: 0.0983
35/101
train r2: 0.9987846085398221, valid r2: 0.9910524988012634, test r2: 0.9928616671314345
Training Results:
r2: 0.9988
rmse: 0.0670
mae: 0.0509
Validation Results:
r2: 0.9911
rmse: 0.1880
mae: 0.1064
Test Results:
r2: 0.9929
rmse: 0.1635
mae: 0.0987
36/101
train r2: 0.9989999698081454, valid r2: 0.9917143806561675, test r2: 0.9933215215371175
Training Results:
r2: 0.9990
rmse: 0.0607
mae: 0.0465
Validation Results:
r2: 0.9917
rmse: 0.1809
mae: 0.1021
Test Results:
r2: 0.9933
rmse: 0.1582
mae: 0.0961
37/101
train r2: 0.9991394368941995, valid r2: 0.9922754149575003, test r2: 0.9937333840665028
Training Results:
r2: 0.9991
rmse: 0.0564
mae: 0.0417
Validation Results:
r2: 0.9923
rmse: 0.1747
mae: 0.0936
Test Results:
r2: 0.9937
rmse: 0.1532
mae: 0.0924
38/101
train r2: 0.9991987632964402, valid r2: 0.9919026168173977, test r2: 0.9933204980483528
Training Results:
r2: 0.9992
rmse: 0.0544
mae: 0.0404
Validation Results:
r2: 0.9919
rmse: 0.1789
mae: 0.0975
Test Results:
r2: 0.9933
rmse: 0.1582
mae: 0.0912
39/101
train r2: 0.999205577788207, valid r2: 0.991604078875766, test r2: 0.9939979247006487
Training Results:
r2: 0.9992
rmse: 0.0541
mae: 0.0396
Validation Results:
r2: 0.9916
rmse: 0.1821
mae: 0.0972
Test Results:
r2: 0.9940
rmse: 0.1499
mae: 0.0897
40/101
train r2: 0.9992219511401998, valid r2: 0.9915869567212073, test r2: 0.9933552929564323
Training Results:
r2: 0.9992
rmse: 0.0536
mae: 0.0397
Validation Results:
r2: 0.9916
rmse: 0.1823
mae: 0.0970
Test Results:
r2: 0.9934
rmse: 0.1578
mae: 0.0914
41/101
train r2: 0.9986321964390652, valid r2: 0.9912098595453962, test r2: 0.9928295083649732
Training Results:
r2: 0.9986
rmse: 0.0710
mae: 0.0551
Validation Results:
r2: 0.9912
rmse: 0.1864
mae: 0.1044
Test Results:
r2: 0.9928
rmse: 0.1639
mae: 0.0952
42/101
train r2: 0.9992592583824351, valid r2: 0.9919747925326668, test r2: 0.994195166198425
Training Results:
r2: 0.9993
rmse: 0.0523
mae: 0.0383
Validation Results:
r2: 0.9920
rmse: 0.1781
mae: 0.0936
Test Results:
r2: 0.9942
rmse: 0.1475
mae: 0.0870
43/101
train r2: 0.9985720612594241, valid r2: 0.9915207214324816, test r2: 0.9937270917852139
Training Results:
r2: 0.9986
rmse: 0.0726
mae: 0.0593
Validation Results:
r2: 0.9915
rmse: 0.1830
mae: 0.1057
Test Results:
r2: 0.9937
rmse: 0.1533
mae: 0.0960
44/101
train r2: 0.9982241861104297, valid r2: 0.9902534930428937, test r2: 0.9922896448452085
Training Results:
r2: 0.9982
rmse: 0.0809
mae: 0.0628
Validation Results:
r2: 0.9903
rmse: 0.1962
mae: 0.1151
Test Results:
r2: 0.9923
rmse: 0.1699
mae: 0.1037
45/101
train r2: 0.999205889468343, valid r2: 0.9910841196599464, test r2: 0.9931879100972798
Training Results:
r2: 0.9992
rmse: 0.0541
mae: 0.0399
Validation Results:
r2: 0.9911
rmse: 0.1877
mae: 0.0988
Test Results:
r2: 0.9932
rmse: 0.1597
mae: 0.0921
46/101
train r2: 0.9994131131364872, valid r2: 0.9919286706807979, test r2: 0.9933428314802942
Training Results:
r2: 0.9994
rmse: 0.0465
mae: 0.0346
Validation Results:
r2: 0.9919
rmse: 0.1786
mae: 0.0935
Test Results:
r2: 0.9933
rmse: 0.1579
mae: 0.0888
47/101
train r2: 0.9990749570847738, valid r2: 0.9914330606003299, test r2: 0.9936334089266339
Training Results:
r2: 0.9991
rmse: 0.0584
mae: 0.0464
Validation Results:
r2: 0.9914
rmse: 0.1840
mae: 0.1014
Test Results:
r2: 0.9936
rmse: 0.1544
mae: 0.0922
48/101
train r2: 0.9994146996279722, valid r2: 0.9921116632125938, test r2: 0.994154572414379
Training Results:
r2: 0.9994
rmse: 0.0465
mae: 0.0355
Validation Results:
r2: 0.9921
rmse: 0.1765
mae: 0.0945
Test Results:
r2: 0.9942
rmse: 0.1480
mae: 0.0844
49/101
train r2: 0.9994614549769089, valid r2: 0.9924378304820299, test r2: 0.9943274700892489
Training Results:
r2: 0.9995
rmse: 0.0446
mae: 0.0308
Validation Results:
r2: 0.9924
rmse: 0.1729
mae: 0.0914
Test Results:
r2: 0.9943
rmse: 0.1458
mae: 0.0833
50/101
train r2: 0.999480824709861, valid r2: 0.9925063694559949, test r2: 0.9944363209223909
Training Results:
r2: 0.9995
rmse: 0.0437
mae: 0.0321
Validation Results:
r2: 0.9925
rmse: 0.1721
mae: 0.0898
Test Results:
r2: 0.9944
rmse: 0.1444
mae: 0.0856
51/101
train r2: 0.9993385286641695, valid r2: 0.9927563590632402, test r2: 0.9945327829773839
Training Results:
r2: 0.9993
rmse: 0.0494
mae: 0.0366
Validation Results:
r2: 0.9928
rmse: 0.1692
mae: 0.0911
Test Results:
r2: 0.9945
rmse: 0.1431
mae: 0.0859
52/101
train r2: 0.9989820636911794, valid r2: 0.9918329089401341, test r2: 0.9938930268589976
Training Results:
r2: 0.9990
rmse: 0.0613
mae: 0.0484
Validation Results:
r2: 0.9918
rmse: 0.1796
mae: 0.0989
Test Results:
r2: 0.9939
rmse: 0.1513
mae: 0.0936
53/101
train r2: 0.9990680005149016, valid r2: 0.9918350294299236, test r2: 0.993632094864189
Training Results:
r2: 0.9991
rmse: 0.0586
mae: 0.0469
Validation Results:
r2: 0.9918
rmse: 0.1796
mae: 0.0984
Test Results:
r2: 0.9936
rmse: 0.1544
mae: 0.0932
54/101
train r2: 0.9992243234757203, valid r2: 0.9912424579289533, test r2: 0.9935229585305407
Training Results:
r2: 0.9992
rmse: 0.0535
mae: 0.0383
Validation Results:
r2: 0.9912
rmse: 0.1860
mae: 0.0977
Test Results:
r2: 0.9935
rmse: 0.1558
mae: 0.0871
55/101
train r2: 0.9995700109945577, valid r2: 0.9925017441373912, test r2: 0.9943621699266305
Training Results:
r2: 0.9996
rmse: 0.0398
mae: 0.0285
Validation Results:
r2: 0.9925
rmse: 0.1721
mae: 0.0890
Test Results:
r2: 0.9944
rmse: 0.1453
mae: 0.0812
56/101
train r2: 0.9994626388488329, valid r2: 0.992087568429869, test r2: 0.9937594406770431
Training Results:
r2: 0.9995
rmse: 0.0445
mae: 0.0331
Validation Results:
r2: 0.9921
rmse: 0.1768
mae: 0.0915
Test Results:
r2: 0.9938
rmse: 0.1529
mae: 0.0859
57/101
train r2: 0.999710316879006, valid r2: 0.9932086296283312, test r2: 0.994868140302825
Training Results:
r2: 0.9997
rmse: 0.0327
mae: 0.0230
Validation Results:
r2: 0.9932
rmse: 0.1638
mae: 0.0863
Test Results:
r2: 0.9949
rmse: 0.1387
mae: 0.0777
58/101
train r2: 0.9996593026605689, valid r2: 0.991715659073993, test r2: 0.993599444450044
Training Results:
r2: 0.9997
rmse: 0.0355
mae: 0.0254
Validation Results:
r2: 0.9917
rmse: 0.1809
mae: 0.0923
Test Results:
r2: 0.9936
rmse: 0.1548
mae: 0.0835
59/101
train r2: 0.9995408552575313, valid r2: 0.9921552938124956, test r2: 0.994651823566402
Training Results:
r2: 0.9995
rmse: 0.0412
mae: 0.0328
Validation Results:
r2: 0.9922
rmse: 0.1761
mae: 0.0924
Test Results:
r2: 0.9947
rmse: 0.1415
mae: 0.0818
60/101
train r2: 0.9994463971581508, valid r2: 0.9923776948189503, test r2: 0.9938743125452333
Training Results:
r2: 0.9994
rmse: 0.0452
mae: 0.0337
Validation Results:
r2: 0.9924
rmse: 0.1735
mae: 0.0919
Test Results:
r2: 0.9939
rmse: 0.1515
mae: 0.0849
61/101
train r2: 0.9996433646177088, valid r2: 0.9928333479247611, test r2: 0.9948861380236429
Training Results:
r2: 0.9996
rmse: 0.0363
mae: 0.0264
Validation Results:
r2: 0.9928
rmse: 0.1683
mae: 0.0865
Test Results:
r2: 0.9949
rmse: 0.1384
mae: 0.0786
62/101
train r2: 0.9996580917233251, valid r2: 0.9924153571040555, test r2: 0.9942057535248421
Training Results:
r2: 0.9997
rmse: 0.0355
mae: 0.0276
Validation Results:
r2: 0.9924
rmse: 0.1731
mae: 0.0883
Test Results:
r2: 0.9942
rmse: 0.1473
mae: 0.0822
63/101
train r2: 0.9995425368051086, valid r2: 0.9926367671470318, test r2: 0.9949616280236532
Training Results:
r2: 0.9995
rmse: 0.0411
mae: 0.0313
Validation Results:
r2: 0.9926
rmse: 0.1706
mae: 0.0901
Test Results:
r2: 0.9950
rmse: 0.1374
mae: 0.0807
64/101
train r2: 0.999737658423288, valid r2: 0.992734925339533, test r2: 0.994430018313087
Training Results:
r2: 0.9997
rmse: 0.0311
mae: 0.0240
Validation Results:
r2: 0.9927
rmse: 0.1694
mae: 0.0864
Test Results:
r2: 0.9944
rmse: 0.1444
mae: 0.0804
65/101
train r2: 0.9996944548974662, valid r2: 0.9916582243088855, test r2: 0.9939238860077703
Training Results:
r2: 0.9997
rmse: 0.0336
mae: 0.0223
Validation Results:
r2: 0.9917
rmse: 0.1815
mae: 0.0909
Test Results:
r2: 0.9939
rmse: 0.1509
mae: 0.0821
66/101
train r2: 0.9993908546376, valid r2: 0.9920348745910323, test r2: 0.9941501266909256
Training Results:
r2: 0.9994
rmse: 0.0474
mae: 0.0402
Validation Results:
r2: 0.9920
rmse: 0.1774
mae: 0.0946
Test Results:
r2: 0.9942
rmse: 0.1480
mae: 0.0869
67/101
train r2: 0.9997054475484067, valid r2: 0.9922184819599784, test r2: 0.9941117282879365
Training Results:
r2: 0.9997
rmse: 0.0330
mae: 0.0257
Validation Results:
r2: 0.9922
rmse: 0.1753
mae: 0.0895
Test Results:
r2: 0.9941
rmse: 0.1485
mae: 0.0818
68/101
train r2: 0.9997956459042285, valid r2: 0.9925242113229901, test r2: 0.9944173735033786
Training Results:
r2: 0.9998
rmse: 0.0275
mae: 0.0206
Validation Results:
r2: 0.9925
rmse: 0.1719
mae: 0.0870
Test Results:
r2: 0.9944
rmse: 0.1446
mae: 0.0791
69/101
train r2: 0.9998352865655391, valid r2: 0.9926126790638646, test r2: 0.9946608573783035
Training Results:
r2: 0.9998
rmse: 0.0247
mae: 0.0185
Validation Results:
r2: 0.9926
rmse: 0.1708
mae: 0.0863
Test Results:
r2: 0.9947
rmse: 0.1414
mae: 0.0782
70/101
train r2: 0.9998441870282335, valid r2: 0.9925875294438753, test r2: 0.9944485280383102
Training Results:
r2: 0.9998
rmse: 0.0240
mae: 0.0184
Validation Results:
r2: 0.9926
rmse: 0.1711
mae: 0.0855
Test Results:
r2: 0.9944
rmse: 0.1442
mae: 0.0782
71/101
train r2: 0.9998583977491593, valid r2: 0.992690974241603, test r2: 0.9947414827229935
Training Results:
r2: 0.9999
rmse: 0.0229
mae: 0.0174
Validation Results:
r2: 0.9927
rmse: 0.1699
mae: 0.0843
Test Results:
r2: 0.9947
rmse: 0.1404
mae: 0.0773
72/101
train r2: 0.9996951665003805, valid r2: 0.9923035379486097, test r2: 0.9943964183576537
Training Results:
r2: 0.9997
rmse: 0.0335
mae: 0.0282
Validation Results:
r2: 0.9923
rmse: 0.1744
mae: 0.0899
Test Results:
r2: 0.9944
rmse: 0.1449
mae: 0.0798
73/101
train r2: 0.9998806208645972, valid r2: 0.9926216074855853, test r2: 0.9945094897324878
Training Results:
r2: 0.9999
rmse: 0.0210
mae: 0.0159
Validation Results:
r2: 0.9926
rmse: 0.1707
mae: 0.0847
Test Results:
r2: 0.9945
rmse: 0.1434
mae: 0.0788
74/101
train r2: 0.9997677891522752, valid r2: 0.9927026819298517, test r2: 0.9945683793439641
Training Results:
r2: 0.9998
rmse: 0.0293
mae: 0.0240
Validation Results:
r2: 0.9927
rmse: 0.1698
mae: 0.0871
Test Results:
r2: 0.9946
rmse: 0.1426
mae: 0.0811
75/101
train r2: 0.9998642837144421, valid r2: 0.9926203343359158, test r2: 0.9944714812308149
Training Results:
r2: 0.9999
rmse: 0.0224
mae: 0.0175
Validation Results:
r2: 0.9926
rmse: 0.1708
mae: 0.0854
Test Results:
r2: 0.9945
rmse: 0.1439
mae: 0.0794
76/101
train r2: 0.9998989159068058, valid r2: 0.9927081516950883, test r2: 0.9946048339854429
Training Results:
r2: 0.9999
rmse: 0.0193
mae: 0.0146
Validation Results:
r2: 0.9927
rmse: 0.1697
mae: 0.0842
Test Results:
r2: 0.9946
rmse: 0.1422
mae: 0.0771
77/101
train r2: 0.9998513368502193, valid r2: 0.9924323268193492, test r2: 0.9945158441865553
Training Results:
r2: 0.9999
rmse: 0.0234
mae: 0.0185
Validation Results:
r2: 0.9924
rmse: 0.1729
mae: 0.0864
Test Results:
r2: 0.9945
rmse: 0.1433
mae: 0.0788
break!
train: 0.9997, val: 0.9932, test: 0.9949
end_test_result: (0.9766700560294955, 0.295623779296875, 0.20389242470264435)
args.seed: 2064
use label scaler
use label scaler
use label scaler
model have 90.143705M paramerters in total
train_dataset.mean: tensor([-2.4332]) train_dataset.std: tensor([1.9206])
1/101
train r2: 0.8226587795389364, valid r2: 0.8102412896992972, test r2: 0.8068586724985256
Training Results:
r2: 0.8227
rmse: 0.8088
mae: 0.6116
Validation Results:
r2: 0.8102
rmse: 0.8659
mae: 0.6450
Test Results:
r2: 0.8069
rmse: 0.8506
mae: 0.6400
2/101
train r2: 0.9539558986572044, valid r2: 0.9442679864619278, test r2: 0.9411746702677126
Training Results:
r2: 0.9540
rmse: 0.4123
mae: 0.3038
Validation Results:
r2: 0.9443
rmse: 0.4693
mae: 0.3308
Test Results:
r2: 0.9412
rmse: 0.4694
mae: 0.3355
3/101
train r2: 0.9727795698245215, valid r2: 0.9647348908551783, test r2: 0.9631003465720258
Training Results:
r2: 0.9728
rmse: 0.3169
mae: 0.2512
Validation Results:
r2: 0.9647
rmse: 0.3733
mae: 0.2809
Test Results:
r2: 0.9631
rmse: 0.3718
mae: 0.2828
4/101
train r2: 0.9891762938351958, valid r2: 0.977032975682696, test r2: 0.9769029310121751
Training Results:
r2: 0.9892
rmse: 0.1998
mae: 0.1528
Validation Results:
r2: 0.9770
rmse: 0.3012
mae: 0.2116
Test Results:
r2: 0.9769
rmse: 0.2941
mae: 0.2008
5/101
train r2: 0.9918775905136646, valid r2: 0.9789519377591278, test r2: 0.9807259320425613
Training Results:
r2: 0.9919
rmse: 0.1731
mae: 0.1361
Validation Results:
r2: 0.9790
rmse: 0.2884
mae: 0.2024
Test Results:
r2: 0.9807
rmse: 0.2687
mae: 0.1925
6/101
train r2: 0.9950129976142489, valid r2: 0.9840423790965768, test r2: 0.982167444540854
Training Results:
r2: 0.9950
rmse: 0.1357
mae: 0.1052
Validation Results:
r2: 0.9840
rmse: 0.2511
mae: 0.1725
Test Results:
r2: 0.9822
rmse: 0.2585
mae: 0.1699
7/101
train r2: 0.9933366126233524, valid r2: 0.9823780693975277, test r2: 0.9814526396887939
Training Results:
r2: 0.9933
rmse: 0.1567
mae: 0.1222
Validation Results:
r2: 0.9824
rmse: 0.2639
mae: 0.1834
Test Results:
r2: 0.9815
rmse: 0.2636
mae: 0.1786
8/101
train r2: 0.9936861604230457, valid r2: 0.9846136871448125, test r2: 0.9837106430443596
Training Results:
r2: 0.9937
rmse: 0.1526
mae: 0.1156
Validation Results:
r2: 0.9846
rmse: 0.2466
mae: 0.1724
Test Results:
r2: 0.9837
rmse: 0.2470
mae: 0.1712
9/101
train r2: 0.9898157530714915, valid r2: 0.981714552167808, test r2: 0.9798712110317562
Training Results:
r2: 0.9898
rmse: 0.1939
mae: 0.1583
Validation Results:
r2: 0.9817
rmse: 0.2688
mae: 0.1996
Test Results:
r2: 0.9799
rmse: 0.2746
mae: 0.2055
10/101
train r2: 0.9930008848799222, valid r2: 0.9823478899053026, test r2: 0.9829615274028505
Training Results:
r2: 0.9930
rmse: 0.1607
mae: 0.1225
Validation Results:
r2: 0.9823
rmse: 0.2641
mae: 0.1789
Test Results:
r2: 0.9830
rmse: 0.2526
mae: 0.1727
11/101
train r2: 0.9938927382627335, valid r2: 0.9823556239756911, test r2: 0.9845224724854196
Training Results:
r2: 0.9939
rmse: 0.1501
mae: 0.1146
Validation Results:
r2: 0.9824
rmse: 0.2640
mae: 0.1707
Test Results:
r2: 0.9845
rmse: 0.2408
mae: 0.1636
12/101
train r2: 0.9953806070634409, valid r2: 0.9863345017061239, test r2: 0.986445740563519
Training Results:
r2: 0.9954
rmse: 0.1306
mae: 0.1048
Validation Results:
r2: 0.9863
rmse: 0.2324
mae: 0.1574
Test Results:
r2: 0.9864
rmse: 0.2253
mae: 0.1532
13/101
train r2: 0.9962661331012397, valid r2: 0.9856208451235486, test r2: 0.9870089394428464
Training Results:
r2: 0.9963
rmse: 0.1173
mae: 0.0864
Validation Results:
r2: 0.9856
rmse: 0.2384
mae: 0.1465
Test Results:
r2: 0.9870
rmse: 0.2206
mae: 0.1437
14/101
train r2: 0.9959125940564639, valid r2: 0.9857280378445837, test r2: 0.9870065694794548
Training Results:
r2: 0.9959
rmse: 0.1228
mae: 0.0880
Validation Results:
r2: 0.9857
rmse: 0.2375
mae: 0.1446
Test Results:
r2: 0.9870
rmse: 0.2206
mae: 0.1373
15/101
train r2: 0.9967879594154812, valid r2: 0.9876233368332491, test r2: 0.9891387069813805
Training Results:
r2: 0.9968
rmse: 0.1087
mae: 0.0833
Validation Results:
r2: 0.9876
rmse: 0.2211
mae: 0.1435
Test Results:
r2: 0.9891
rmse: 0.2017
mae: 0.1314
16/101
train r2: 0.9976163721737293, valid r2: 0.9878285772095092, test r2: 0.9889294878897454
Training Results:
r2: 0.9976
rmse: 0.0938
mae: 0.0694
Validation Results:
r2: 0.9878
rmse: 0.2193
mae: 0.1314
Test Results:
r2: 0.9889
rmse: 0.2036
mae: 0.1286
17/101
train r2: 0.996249621704701, valid r2: 0.988540836021765, test r2: 0.9901362537539565
Training Results:
r2: 0.9962
rmse: 0.1176
mae: 0.0915
Validation Results:
r2: 0.9885
rmse: 0.2128
mae: 0.1373
Test Results:
r2: 0.9901
rmse: 0.1922
mae: 0.1332
18/101
train r2: 0.997933635326743, valid r2: 0.9888285212274549, test r2: 0.9906794737438214
Training Results:
r2: 0.9979
rmse: 0.0873
mae: 0.0637
Validation Results:
r2: 0.9888
rmse: 0.2101
mae: 0.1212
Test Results:
r2: 0.9907
rmse: 0.1869
mae: 0.1180
19/101
train r2: 0.9971583057272333, valid r2: 0.9897860356381045, test r2: 0.9895051310292229
Training Results:
r2: 0.9972
rmse: 0.1024
mae: 0.0759
Validation Results:
r2: 0.9898
rmse: 0.2009
mae: 0.1246
Test Results:
r2: 0.9895
rmse: 0.1983
mae: 0.1259
20/101
train r2: 0.9974228045006199, valid r2: 0.9896774137774782, test r2: 0.9911488991845415
Training Results:
r2: 0.9974
rmse: 0.0975
mae: 0.0744
Validation Results:
r2: 0.9897
rmse: 0.2020
mae: 0.1256
Test Results:
r2: 0.9911
rmse: 0.1821
mae: 0.1200
21/101
train r2: 0.9978354300645392, valid r2: 0.9896997622247379, test r2: 0.99042402643078
Training Results:
r2: 0.9978
rmse: 0.0893
mae: 0.0675
Validation Results:
r2: 0.9897
rmse: 0.2017
mae: 0.1209
Test Results:
r2: 0.9904
rmse: 0.1894
mae: 0.1180
22/101
train r2: 0.9972743290164923, valid r2: 0.988172823567968, test r2: 0.9898047564497262
Training Results:
r2: 0.9973
rmse: 0.1003
mae: 0.0766
Validation Results:
r2: 0.9882
rmse: 0.2162
mae: 0.1294
Test Results:
r2: 0.9898
rmse: 0.1954
mae: 0.1212
23/101
train r2: 0.9904905704025231, valid r2: 0.9809555732290395, test r2: 0.9835264343313402
Training Results:
r2: 0.9905
rmse: 0.1873
mae: 0.1516
Validation Results:
r2: 0.9810
rmse: 0.2743
mae: 0.1872
Test Results:
r2: 0.9835
rmse: 0.2484
mae: 0.1821
24/101
train r2: 0.9974237368285317, valid r2: 0.9893376501046384, test r2: 0.9903747083602247
Training Results:
r2: 0.9974
rmse: 0.0975
mae: 0.0737
Validation Results:
r2: 0.9893
rmse: 0.2052
mae: 0.1222
Test Results:
r2: 0.9904
rmse: 0.1899
mae: 0.1165
25/101
train r2: 0.9968277922322295, valid r2: 0.9900483234641446, test r2: 0.9908306966281532
Training Results:
r2: 0.9968
rmse: 0.1082
mae: 0.0845
Validation Results:
r2: 0.9900
rmse: 0.1983
mae: 0.1301
Test Results:
r2: 0.9908
rmse: 0.1853
mae: 0.1243
26/101
train r2: 0.9980813737872168, valid r2: 0.9896180689560476, test r2: 0.9918170029881607
Training Results:
r2: 0.9981
rmse: 0.0842
mae: 0.0635
Validation Results:
r2: 0.9896
rmse: 0.2025
mae: 0.1191
Test Results:
r2: 0.9918
rmse: 0.1751
mae: 0.1102
27/101
train r2: 0.9982946317615551, valid r2: 0.9910332880303334, test r2: 0.9925823475976152
Training Results:
r2: 0.9983
rmse: 0.0793
mae: 0.0605
Validation Results:
r2: 0.9910
rmse: 0.1882
mae: 0.1092
Test Results:
r2: 0.9926
rmse: 0.1667
mae: 0.1033
28/101
train r2: 0.9986613495033906, valid r2: 0.990742068365297, test r2: 0.9927059529833763
Training Results:
r2: 0.9987
rmse: 0.0703
mae: 0.0529
Validation Results:
r2: 0.9907
rmse: 0.1913
mae: 0.1071
Test Results:
r2: 0.9927
rmse: 0.1653
mae: 0.1022
29/101
train r2: 0.9988768446636841, valid r2: 0.9917464887720937, test r2: 0.9933092183884241
Training Results:
r2: 0.9989
rmse: 0.0644
mae: 0.0475
Validation Results:
r2: 0.9917
rmse: 0.1806
mae: 0.1031
Test Results:
r2: 0.9933
rmse: 0.1583
mae: 0.0993
30/101
train r2: 0.9985025769648842, valid r2: 0.9906956366344766, test r2: 0.9925697667768972
Training Results:
r2: 0.9985
rmse: 0.0743
mae: 0.0545
Validation Results:
r2: 0.9907
rmse: 0.1917
mae: 0.1087
Test Results:
r2: 0.9926
rmse: 0.1668
mae: 0.1040
31/101
train r2: 0.9988670483559543, valid r2: 0.9911571802599205, test r2: 0.9929400568667565
Training Results:
r2: 0.9989
rmse: 0.0647
mae: 0.0484
Validation Results:
r2: 0.9912
rmse: 0.1869
mae: 0.1033
Test Results:
r2: 0.9929
rmse: 0.1626
mae: 0.0997
32/101
train r2: 0.9982573418808117, valid r2: 0.9900069782678562, test r2: 0.9918314493149323
Training Results:
r2: 0.9983
rmse: 0.0801
mae: 0.0606
Validation Results:
r2: 0.9900
rmse: 0.1987
mae: 0.1148
Test Results:
r2: 0.9918
rmse: 0.1749
mae: 0.1082
33/101
train r2: 0.9985181812648112, valid r2: 0.990998239314923, test r2: 0.9930003479673689
Training Results:
r2: 0.9985
rmse: 0.0739
mae: 0.0564
Validation Results:
r2: 0.9910
rmse: 0.1886
mae: 0.1073
Test Results:
r2: 0.9930
rmse: 0.1619
mae: 0.0996
34/101
train r2: 0.9972970754209155, valid r2: 0.9904854566840656, test r2: 0.9919766413161282
Training Results:
r2: 0.9973
rmse: 0.0999
mae: 0.0795
Validation Results:
r2: 0.9905
rmse: 0.1939
mae: 0.1191
Test Results:
r2: 0.9920
rmse: 0.1734
mae: 0.1162
35/101
train r2: 0.9987917499198755, valid r2: 0.9921766973583491, test r2: 0.993334162704445
Training Results:
r2: 0.9988
rmse: 0.0668
mae: 0.0505
Validation Results:
r2: 0.9922
rmse: 0.1758
mae: 0.1018
Test Results:
r2: 0.9933
rmse: 0.1580
mae: 0.0952
36/101
train r2: 0.9986588900084686, valid r2: 0.9918037482319354, test r2: 0.992881675262201
Training Results:
r2: 0.9987
rmse: 0.0703
mae: 0.0518
Validation Results:
r2: 0.9918
rmse: 0.1800
mae: 0.1007
Test Results:
r2: 0.9929
rmse: 0.1633
mae: 0.0972
37/101
train r2: 0.9990641950595717, valid r2: 0.9908956026670769, test r2: 0.9928375981079877
Training Results:
r2: 0.9991
rmse: 0.0588
mae: 0.0435
Validation Results:
r2: 0.9909
rmse: 0.1897
mae: 0.1006
Test Results:
r2: 0.9928
rmse: 0.1638
mae: 0.0961
38/101
train r2: 0.9986780938950016, valid r2: 0.9910577428121561, test r2: 0.992677438406773
Training Results:
r2: 0.9987
rmse: 0.0698
mae: 0.0557
Validation Results:
r2: 0.9911
rmse: 0.1880
mae: 0.1057
Test Results:
r2: 0.9927
rmse: 0.1656
mae: 0.1007
39/101
train r2: 0.9983587393291858, valid r2: 0.9914226275663129, test r2: 0.9922548055621868
Training Results:
r2: 0.9984
rmse: 0.0778
mae: 0.0607
Validation Results:
r2: 0.9914
rmse: 0.1841
mae: 0.1065
Test Results:
r2: 0.9923
rmse: 0.1703
mae: 0.1084
40/101
train r2: 0.9988785725805801, valid r2: 0.9911874292682074, test r2: 0.9932645181085834
Training Results:
r2: 0.9989
rmse: 0.0643
mae: 0.0518
Validation Results:
r2: 0.9912
rmse: 0.1866
mae: 0.1045
Test Results:
r2: 0.9933
rmse: 0.1588
mae: 0.0989
41/101
train r2: 0.9993456025038213, valid r2: 0.9921085679401864, test r2: 0.9938617925100424
Training Results:
r2: 0.9993
rmse: 0.0491
mae: 0.0363
Validation Results:
r2: 0.9921
rmse: 0.1766
mae: 0.0940
Test Results:
r2: 0.9939
rmse: 0.1516
mae: 0.0889
42/101
train r2: 0.9990319207198102, valid r2: 0.9913049410008761, test r2: 0.9935193176997045
Training Results:
r2: 0.9990
rmse: 0.0597
mae: 0.0455
Validation Results:
r2: 0.9913
rmse: 0.1853
mae: 0.1014
Test Results:
r2: 0.9935
rmse: 0.1558
mae: 0.0953
43/101
train r2: 0.9987925656234852, valid r2: 0.9921225100511807, test r2: 0.9938972981500332
Training Results:
r2: 0.9988
rmse: 0.0667
mae: 0.0499
Validation Results:
r2: 0.9921
rmse: 0.1764
mae: 0.1001
Test Results:
r2: 0.9939
rmse: 0.1512
mae: 0.0934
44/101
train r2: 0.9993279527600847, valid r2: 0.9924262965844028, test r2: 0.9939508854163747
Training Results:
r2: 0.9993
rmse: 0.0498
mae: 0.0376
Validation Results:
r2: 0.9924
rmse: 0.1730
mae: 0.0918
Test Results:
r2: 0.9940
rmse: 0.1505
mae: 0.0874
45/101
train r2: 0.9993292388373789, valid r2: 0.992382338174077, test r2: 0.994172679881175
Training Results:
r2: 0.9993
rmse: 0.0498
mae: 0.0376
Validation Results:
r2: 0.9924
rmse: 0.1735
mae: 0.0925
Test Results:
r2: 0.9942
rmse: 0.1477
mae: 0.0888
46/101
train r2: 0.9992936416689685, valid r2: 0.9917438246627837, test r2: 0.9939971784463077
Training Results:
r2: 0.9993
rmse: 0.0510
mae: 0.0372
Validation Results:
r2: 0.9917
rmse: 0.1806
mae: 0.0957
Test Results:
r2: 0.9940
rmse: 0.1500
mae: 0.0905
47/101
train r2: 0.9992037228437205, valid r2: 0.9922835140806977, test r2: 0.9937741796181853
Training Results:
r2: 0.9992
rmse: 0.0542
mae: 0.0402
Validation Results:
r2: 0.9923
rmse: 0.1746
mae: 0.0936
Test Results:
r2: 0.9938
rmse: 0.1527
mae: 0.0904
48/101
train r2: 0.9989626029983151, valid r2: 0.9918316109696009, test r2: 0.9936980873946035
Training Results:
r2: 0.9990
rmse: 0.0619
mae: 0.0493
Validation Results:
r2: 0.9918
rmse: 0.1796
mae: 0.0980
Test Results:
r2: 0.9937
rmse: 0.1536
mae: 0.0913
49/101
train r2: 0.9991494602364428, valid r2: 0.9920507326314025, test r2: 0.993653477497036
Training Results:
r2: 0.9991
rmse: 0.0560
mae: 0.0438
Validation Results:
r2: 0.9921
rmse: 0.1772
mae: 0.0968
Test Results:
r2: 0.9937
rmse: 0.1542
mae: 0.0926
50/101
train r2: 0.9995075607236927, valid r2: 0.9924104148495647, test r2: 0.9943022098768318
Training Results:
r2: 0.9995
rmse: 0.0426
mae: 0.0320
Validation Results:
r2: 0.9924
rmse: 0.1732
mae: 0.0904
Test Results:
r2: 0.9943
rmse: 0.1461
mae: 0.0850
51/101
train r2: 0.9995028825269155, valid r2: 0.9921694438089709, test r2: 0.9942409787309202
Training Results:
r2: 0.9995
rmse: 0.0428
mae: 0.0317
Validation Results:
r2: 0.9922
rmse: 0.1759
mae: 0.0903
Test Results:
r2: 0.9942
rmse: 0.1469
mae: 0.0847
52/101
train r2: 0.9967080751053176, valid r2: 0.9883222278865712, test r2: 0.9909713473418958
Training Results:
r2: 0.9967
rmse: 0.1101
mae: 0.0847
Validation Results:
r2: 0.9883
rmse: 0.2148
mae: 0.1308
Test Results:
r2: 0.9910
rmse: 0.1839
mae: 0.1208
53/101
train r2: 0.9993705185999171, valid r2: 0.992595479577479, test r2: 0.9942289773343154
Training Results:
r2: 0.9994
rmse: 0.0482
mae: 0.0361
Validation Results:
r2: 0.9926
rmse: 0.1710
mae: 0.0898
Test Results:
r2: 0.9942
rmse: 0.1470
mae: 0.0868
54/101
train r2: 0.9995584017821363, valid r2: 0.9922279089766618, test r2: 0.9944999178385151
Training Results:
r2: 0.9996
rmse: 0.0404
mae: 0.0296
Validation Results:
r2: 0.9922
rmse: 0.1752
mae: 0.0909
Test Results:
r2: 0.9945
rmse: 0.1435
mae: 0.0846
55/101
train r2: 0.9996315372200361, valid r2: 0.9924718859553724, test r2: 0.9946748920697317
Training Results:
r2: 0.9996
rmse: 0.0369
mae: 0.0283
Validation Results:
r2: 0.9925
rmse: 0.1725
mae: 0.0888
Test Results:
r2: 0.9947
rmse: 0.1412
mae: 0.0837
56/101
train r2: 0.999245587483616, valid r2: 0.9923874322441898, test r2: 0.9939409687188203
Training Results:
r2: 0.9992
rmse: 0.0528
mae: 0.0435
Validation Results:
r2: 0.9924
rmse: 0.1734
mae: 0.0944
Test Results:
r2: 0.9939
rmse: 0.1507
mae: 0.0899
57/101
train r2: 0.9994974831516243, valid r2: 0.9926781471275832, test r2: 0.9943958588582439
Training Results:
r2: 0.9995
rmse: 0.0431
mae: 0.0317
Validation Results:
r2: 0.9927
rmse: 0.1701
mae: 0.0918
Test Results:
r2: 0.9944
rmse: 0.1449
mae: 0.0845
58/101
train r2: 0.9992742004189649, valid r2: 0.9915873794796987, test r2: 0.9939121764526996
Training Results:
r2: 0.9993
rmse: 0.0518
mae: 0.0393
Validation Results:
r2: 0.9916
rmse: 0.1823
mae: 0.0953
Test Results:
r2: 0.9939
rmse: 0.1510
mae: 0.0880
59/101
train r2: 0.9995360047164262, valid r2: 0.9927054078983172, test r2: 0.994392481893833
Training Results:
r2: 0.9995
rmse: 0.0414
mae: 0.0308
Validation Results:
r2: 0.9927
rmse: 0.1698
mae: 0.0884
Test Results:
r2: 0.9944
rmse: 0.1449
mae: 0.0851
60/101
train r2: 0.9997036654755506, valid r2: 0.9925623429454618, test r2: 0.9946385459036295
Training Results:
r2: 0.9997
rmse: 0.0331
mae: 0.0251
Validation Results:
r2: 0.9926
rmse: 0.1714
mae: 0.0877
Test Results:
r2: 0.9946
rmse: 0.1417
mae: 0.0825
61/101
train r2: 0.9997026925428145, valid r2: 0.9927503537428747, test r2: 0.9945555847898527
Training Results:
r2: 0.9997
rmse: 0.0331
mae: 0.0256
Validation Results:
r2: 0.9928
rmse: 0.1692
mae: 0.0858
Test Results:
r2: 0.9946
rmse: 0.1428
mae: 0.0816
62/101
train r2: 0.9997304847315704, valid r2: 0.9924983386910076, test r2: 0.99454706213498
Training Results:
r2: 0.9997
rmse: 0.0315
mae: 0.0235
Validation Results:
r2: 0.9925
rmse: 0.1722
mae: 0.0872
Test Results:
r2: 0.9945
rmse: 0.1429
mae: 0.0824
63/101
train r2: 0.9993012226525734, valid r2: 0.9926157162965515, test r2: 0.994736629456904
Training Results:
r2: 0.9993
rmse: 0.0508
mae: 0.0391
Validation Results:
r2: 0.9926
rmse: 0.1708
mae: 0.0919
Test Results:
r2: 0.9947
rmse: 0.1404
mae: 0.0855
64/101
train r2: 0.9997751862218083, valid r2: 0.9929861780730833, test r2: 0.9948027033313476
Training Results:
r2: 0.9998
rmse: 0.0288
mae: 0.0213
Validation Results:
r2: 0.9930
rmse: 0.1665
mae: 0.0838
Test Results:
r2: 0.9948
rmse: 0.1395
mae: 0.0811
65/101
train r2: 0.9990968270370866, valid r2: 0.9925490178626096, test r2: 0.9943271859260917
Training Results:
r2: 0.9991
rmse: 0.0577
mae: 0.0491
Validation Results:
r2: 0.9925
rmse: 0.1716
mae: 0.0948
Test Results:
r2: 0.9943
rmse: 0.1458
mae: 0.0919
66/101
train r2: 0.9997577003633072, valid r2: 0.9925739988370739, test r2: 0.994783399442179
Training Results:
r2: 0.9998
rmse: 0.0299
mae: 0.0218
Validation Results:
r2: 0.9926
rmse: 0.1713
mae: 0.0869
Test Results:
r2: 0.9948
rmse: 0.1398
mae: 0.0795
67/101
train r2: 0.9998017191797494, valid r2: 0.9924633011538019, test r2: 0.9944135714573096
Training Results:
r2: 0.9998
rmse: 0.0270
mae: 0.0199
Validation Results:
r2: 0.9925
rmse: 0.1726
mae: 0.0866
Test Results:
r2: 0.9944
rmse: 0.1447
mae: 0.0808
68/101
train r2: 0.9998017435931567, valid r2: 0.9925768989465763, test r2: 0.9947414511935783
Training Results:
r2: 0.9998
rmse: 0.0270
mae: 0.0209
Validation Results:
r2: 0.9926
rmse: 0.1713
mae: 0.0863
Test Results:
r2: 0.9947
rmse: 0.1404
mae: 0.0789
69/101
train r2: 0.9996434229707691, valid r2: 0.9925790321423662, test r2: 0.9940668376813653
Training Results:
r2: 0.9996
rmse: 0.0363
mae: 0.0293
Validation Results:
r2: 0.9926
rmse: 0.1712
mae: 0.0891
Test Results:
r2: 0.9941
rmse: 0.1491
mae: 0.0850
70/101
train r2: 0.9997084877101634, valid r2: 0.9920915817551861, test r2: 0.994114444310312
Training Results:
r2: 0.9997
rmse: 0.0328
mae: 0.0238
Validation Results:
r2: 0.9921
rmse: 0.1768
mae: 0.0885
Test Results:
r2: 0.9941
rmse: 0.1485
mae: 0.0820
71/101
train r2: 0.9998064925649152, valid r2: 0.9928755355394853, test r2: 0.9946731686391995
Training Results:
r2: 0.9998
rmse: 0.0267
mae: 0.0203
Validation Results:
r2: 0.9929
rmse: 0.1678
mae: 0.0842
Test Results:
r2: 0.9947
rmse: 0.1413
mae: 0.0812
72/101
train r2: 0.999825595660532, valid r2: 0.9930974061516629, test r2: 0.9949728508131429
Training Results:
r2: 0.9998
rmse: 0.0254
mae: 0.0191
Validation Results:
r2: 0.9931
rmse: 0.1651
mae: 0.0831
Test Results:
r2: 0.9950
rmse: 0.1372
mae: 0.0783
73/101
train r2: 0.9998166690349333, valid r2: 0.9927177838909931, test r2: 0.9944620381904924
Training Results:
r2: 0.9998
rmse: 0.0260
mae: 0.0196
Validation Results:
r2: 0.9927
rmse: 0.1696
mae: 0.0854
Test Results:
r2: 0.9945
rmse: 0.1440
mae: 0.0813
74/101
train r2: 0.9998720358695957, valid r2: 0.9930265937279719, test r2: 0.994989435431262
Training Results:
r2: 0.9999
rmse: 0.0217
mae: 0.0162
Validation Results:
r2: 0.9930
rmse: 0.1660
mae: 0.0827
Test Results:
r2: 0.9950
rmse: 0.1370
mae: 0.0780
75/101
train r2: 0.9998590620135871, valid r2: 0.9927112049136394, test r2: 0.994522789444814
Training Results:
r2: 0.9999
rmse: 0.0228
mae: 0.0173
Validation Results:
r2: 0.9927
rmse: 0.1697
mae: 0.0849
Test Results:
r2: 0.9945
rmse: 0.1432
mae: 0.0792
76/101
train r2: 0.9998565925161678, valid r2: 0.9930085257827769, test r2: 0.9947903507863033
Training Results:
r2: 0.9999
rmse: 0.0230
mae: 0.0175
Validation Results:
r2: 0.9930
rmse: 0.1662
mae: 0.0831
Test Results:
r2: 0.9948
rmse: 0.1397
mae: 0.0792
77/101
train r2: 0.9998524150089219, valid r2: 0.9932554156844638, test r2: 0.9949089974476849
Training Results:
r2: 0.9999
rmse: 0.0233
mae: 0.0167
Validation Results:
r2: 0.9933
rmse: 0.1632
mae: 0.0821
Test Results:
r2: 0.9949
rmse: 0.1381
mae: 0.0786
78/101
train r2: 0.9998942822464431, valid r2: 0.9929810921065346, test r2: 0.9949679222430126
Training Results:
r2: 0.9999
rmse: 0.0198
mae: 0.0153
Validation Results:
r2: 0.9930
rmse: 0.1665
mae: 0.0836
Test Results:
r2: 0.9950
rmse: 0.1373
mae: 0.0786
79/101
train r2: 0.9999340903667463, valid r2: 0.9929676357551955, test r2: 0.9948504620399061
Training Results:
r2: 0.9999
rmse: 0.0156
mae: 0.0116
Validation Results:
r2: 0.9930
rmse: 0.1667
mae: 0.0818
Test Results:
r2: 0.9949
rmse: 0.1389
mae: 0.0768
80/101
train r2: 0.9999255233832766, valid r2: 0.9927153885952302, test r2: 0.994680691118511
Training Results:
r2: 0.9999
rmse: 0.0166
mae: 0.0123
Validation Results:
r2: 0.9927
rmse: 0.1697
mae: 0.0838
Test Results:
r2: 0.9947
rmse: 0.1412
mae: 0.0782
81/101
train r2: 0.9999328421915132, valid r2: 0.992905046178505, test r2: 0.9948606140918773
Training Results:
r2: 0.9999
rmse: 0.0157
mae: 0.0118
Validation Results:
r2: 0.9929
rmse: 0.1674
mae: 0.0821
Test Results:
r2: 0.9949
rmse: 0.1388
mae: 0.0778
82/101
train r2: 0.9999450790850917, valid r2: 0.992908033270441, test r2: 0.9949733347184464
Training Results:
r2: 0.9999
rmse: 0.0142
mae: 0.0105
Validation Results:
r2: 0.9929
rmse: 0.1674
mae: 0.0825
Test Results:
r2: 0.9950
rmse: 0.1372
mae: 0.0770
83/101
train r2: 0.9999213972270355, valid r2: 0.992764814750898, test r2: 0.994740289599301
Training Results:
r2: 0.9999
rmse: 0.0170
mae: 0.0134
Validation Results:
r2: 0.9928
rmse: 0.1691
mae: 0.0838
Test Results:
r2: 0.9947
rmse: 0.1404
mae: 0.0780
84/101
train r2: 0.9999574979669986, valid r2: 0.9928368701787746, test r2: 0.9949098602001681
Training Results:
r2: 1.0000
rmse: 0.0125
mae: 0.0095
Validation Results:
r2: 0.9928
rmse: 0.1682
mae: 0.0824
Test Results:
r2: 0.9949
rmse: 0.1381
mae: 0.0769
85/101
train r2: 0.9999595715883492, valid r2: 0.9929083499149685, test r2: 0.9948029975482898
Training Results:
r2: 1.0000
rmse: 0.0122
mae: 0.0094
Validation Results:
r2: 0.9929
rmse: 0.1674
mae: 0.0818
Test Results:
r2: 0.9948
rmse: 0.1395
mae: 0.0772
86/101
train r2: 0.9999757520047258, valid r2: 0.9929166778374432, test r2: 0.9949851285213436
Training Results:
r2: 1.0000
rmse: 0.0095
mae: 0.0071
Validation Results:
r2: 0.9929
rmse: 0.1673
mae: 0.0815
Test Results:
r2: 0.9950
rmse: 0.1371
mae: 0.0769
87/101
train r2: 0.9999696175981182, valid r2: 0.9928930480847621, test r2: 0.9948611350951542
Training Results:
r2: 1.0000
rmse: 0.0106
mae: 0.0078
Validation Results:
r2: 0.9929
rmse: 0.1676
mae: 0.0822
Test Results:
r2: 0.9949
rmse: 0.1387
mae: 0.0768
88/101
train r2: 0.9999738285188797, valid r2: 0.9929875046424409, test r2: 0.9949402708914907
Training Results:
r2: 1.0000
rmse: 0.0098
mae: 0.0076
Validation Results:
r2: 0.9930
rmse: 0.1665
mae: 0.0817
Test Results:
r2: 0.9949
rmse: 0.1377
mae: 0.0771
89/101
train r2: 0.9999728519470779, valid r2: 0.9929989550743359, test r2: 0.9949214049002072
Training Results:
r2: 1.0000
rmse: 0.0100
mae: 0.0083
Validation Results:
r2: 0.9930
rmse: 0.1663
mae: 0.0817
Test Results:
r2: 0.9949
rmse: 0.1379
mae: 0.0768
90/101
train r2: 0.9999886724159496, valid r2: 0.9929577191831755, test r2: 0.9949190711024588
Training Results:
r2: 1.0000
rmse: 0.0065
mae: 0.0050
Validation Results:
r2: 0.9930
rmse: 0.1668
mae: 0.0814
Test Results:
r2: 0.9949
rmse: 0.1380
mae: 0.0766
91/101
train r2: 0.9999844224598038, valid r2: 0.9929226775585718, test r2: 0.9949172533351761
Training Results:
r2: 1.0000
rmse: 0.0076
mae: 0.0063
Validation Results:
r2: 0.9929
rmse: 0.1672
mae: 0.0816
Test Results:
r2: 0.9949
rmse: 0.1380
mae: 0.0769
92/101
train r2: 0.9999844169970993, valid r2: 0.9929046359940953, test r2: 0.9948198854089275
Training Results:
r2: 1.0000
rmse: 0.0076
mae: 0.0060
Validation Results:
r2: 0.9929
rmse: 0.1674
mae: 0.0820
Test Results:
r2: 0.9948
rmse: 0.1393
mae: 0.0775
93/101
train r2: 0.999985813133943, valid r2: 0.9930195633575485, test r2: 0.9949906822981758
Training Results:
r2: 1.0000
rmse: 0.0072
mae: 0.0056
Validation Results:
r2: 0.9930
rmse: 0.1661
mae: 0.0812
Test Results:
r2: 0.9950
rmse: 0.1370
mae: 0.0764
94/101
train r2: 0.9999941383384371, valid r2: 0.9929401576200763, test r2: 0.9948729324377604
Training Results:
r2: 1.0000
rmse: 0.0047
mae: 0.0037
Validation Results:
r2: 0.9929
rmse: 0.1670
mae: 0.0815
Test Results:
r2: 0.9949
rmse: 0.1386
mae: 0.0770
95/101
train r2: 0.9999974960812046, valid r2: 0.9929746705069407, test r2: 0.9949373360152509
Training Results:
r2: 1.0000
rmse: 0.0030
mae: 0.0023
Validation Results:
r2: 0.9930
rmse: 0.1666
mae: 0.0815
Test Results:
r2: 0.9949
rmse: 0.1377
mae: 0.0765
96/101
train r2: 0.9999986918179766, valid r2: 0.9929465966424222, test r2: 0.9949182186566412
Training Results:
r2: 1.0000
rmse: 0.0022
mae: 0.0017
Validation Results:
r2: 0.9929
rmse: 0.1669
mae: 0.0814
Test Results:
r2: 0.9949
rmse: 0.1380
mae: 0.0765
97/101
train r2: 0.9999991646558076, valid r2: 0.9929525720878672, test r2: 0.9949231795492655
Training Results:
r2: 1.0000
rmse: 0.0018
mae: 0.0014
Validation Results:
r2: 0.9930
rmse: 0.1669
mae: 0.0814
Test Results:
r2: 0.9949
rmse: 0.1379
mae: 0.0765
break!
train: 0.9999, val: 0.9933, test: 0.9949
end_test_result: (0.9966953265741763, 0.11126197874546051, 0.043453145772218704)
Time used on constrained_logP: 5:10:47
Current seed: 2054, current split method: scaffold, current task: constrained_logP
Namespace(seed=2024, times=5, n_epochs=100, config='base', model_path='../models/pretrained/base/base.pth', dataset='constrained_logP', data_path='../datasets/', dataset_type='regression', use_scaler=True, metric=['r2', 'rmse', 'mae'], split='scaffold_2054', weight_decay=0.0, dropout=0.0, lr=3e-05, n_threads=8)
args.seed: 2024
use label scaler
use label scaler
use label scaler
model have 90.143705M paramerters in total
train_dataset.mean: tensor([-2.4512]) train_dataset.std: tensor([1.9425])
1/101
train r2: 0.8457118071102434, valid r2: 0.8113021463821001, test r2: 0.8024135738366289
Training Results:
r2: 0.8457
rmse: 0.7630
mae: 0.5756
Validation Results:
r2: 0.8113
rmse: 0.7957
mae: 0.5929
Test Results:
r2: 0.8024
rmse: 0.8306
mae: 0.5958
2/101
train r2: 0.9575917495847042, valid r2: 0.9378920906504787, test r2: 0.9270081162804731
Training Results:
r2: 0.9576
rmse: 0.4001
mae: 0.2965
Validation Results:
r2: 0.9379
rmse: 0.4565
mae: 0.3324
Test Results:
r2: 0.9270
rmse: 0.5048
mae: 0.3470
3/101
train r2: 0.9833195480134973, valid r2: 0.9708440258534254, test r2: 0.9642018361117906
Training Results:
r2: 0.9833
rmse: 0.2509
mae: 0.1867
Validation Results:
r2: 0.9708
rmse: 0.3128
mae: 0.2299
Test Results:
r2: 0.9642
rmse: 0.3535
mae: 0.2410
4/101
train r2: 0.9905261960767697, valid r2: 0.9781540569675974, test r2: 0.9726224537072955
Training Results:
r2: 0.9905
rmse: 0.1891
mae: 0.1439
Validation Results:
r2: 0.9782
rmse: 0.2707
mae: 0.1993
Test Results:
r2: 0.9726
rmse: 0.3092
mae: 0.2063
5/101
train r2: 0.9885485049307099, valid r2: 0.9758419675787677, test r2: 0.9721875720987994
Training Results:
r2: 0.9885
rmse: 0.2079
mae: 0.1671
Validation Results:
r2: 0.9758
rmse: 0.2847
mae: 0.2134
Test Results:
r2: 0.9722
rmse: 0.3116
mae: 0.2204
6/101
train r2: 0.9931723115600285, valid r2: 0.9819584187156808, test r2: 0.9760397181790554
Training Results:
r2: 0.9932
rmse: 0.1605
mae: 0.1283
Validation Results:
r2: 0.9820
rmse: 0.2460
mae: 0.1809
Test Results:
r2: 0.9760
rmse: 0.2892
mae: 0.1968
7/101
train r2: 0.9954398859160177, valid r2: 0.984724827797882, test r2: 0.9812463516860688
Training Results:
r2: 0.9954
rmse: 0.1311
mae: 0.1025
Validation Results:
r2: 0.9847
rmse: 0.2264
mae: 0.1637
Test Results:
r2: 0.9812
rmse: 0.2559
mae: 0.1691
8/101
train r2: 0.9918909568506434, valid r2: 0.9808904970141004, test r2: 0.9768533204927438
Training Results:
r2: 0.9919
rmse: 0.1750
mae: 0.1422
Validation Results:
r2: 0.9809
rmse: 0.2532
mae: 0.1895
Test Results:
r2: 0.9769
rmse: 0.2843
mae: 0.1941
9/101
train r2: 0.9947262471169456, valid r2: 0.9856669039941023, test r2: 0.9816127379708863
Training Results:
r2: 0.9947
rmse: 0.1411
mae: 0.1075
Validation Results:
r2: 0.9857
rmse: 0.2193
mae: 0.1606
Test Results:
r2: 0.9816
rmse: 0.2534
mae: 0.1690
10/101
train r2: 0.9929406724501753, valid r2: 0.9826914752044775, test r2: 0.9798936233375294
Training Results:
r2: 0.9929
rmse: 0.1632
mae: 0.1245
Validation Results:
r2: 0.9827
rmse: 0.2410
mae: 0.1750
Test Results:
r2: 0.9799
rmse: 0.2650
mae: 0.1796
11/101
train r2: 0.9933984177539321, valid r2: 0.9843643312266809, test r2: 0.9788536482062482
Training Results:
r2: 0.9934
rmse: 0.1578
mae: 0.1126
Validation Results:
r2: 0.9844
rmse: 0.2290
mae: 0.1570
Test Results:
r2: 0.9789
rmse: 0.2717
mae: 0.1670
12/101
train r2: 0.9950613534781094, valid r2: 0.9874361829740063, test r2: 0.9835363253851326
Training Results:
r2: 0.9951
rmse: 0.1366
mae: 0.1012
Validation Results:
r2: 0.9874
rmse: 0.2053
mae: 0.1440
Test Results:
r2: 0.9835
rmse: 0.2398
mae: 0.1521
13/101
train r2: 0.9966695032477884, valid r2: 0.9885901559942393, test r2: 0.9841888252422067
Training Results:
r2: 0.9967
rmse: 0.1121
mae: 0.0846
Validation Results:
r2: 0.9886
rmse: 0.1957
mae: 0.1352
Test Results:
r2: 0.9842
rmse: 0.2350
mae: 0.1424
14/101
train r2: 0.9977617454384952, valid r2: 0.9903116928070389, test r2: 0.985775894930561
Training Results:
r2: 0.9978
rmse: 0.0919
mae: 0.0694
Validation Results:
r2: 0.9903
rmse: 0.1803
mae: 0.1255
Test Results:
r2: 0.9858
rmse: 0.2229
mae: 0.1329
15/101
train r2: 0.9973828512375181, valid r2: 0.9895190026925076, test r2: 0.9850690670460515
Training Results:
r2: 0.9974
rmse: 0.0994
mae: 0.0763
Validation Results:
r2: 0.9895
rmse: 0.1875
mae: 0.1311
Test Results:
r2: 0.9851
rmse: 0.2283
mae: 0.1355
16/101
train r2: 0.9980616531628783, valid r2: 0.9911207007093246, test r2: 0.9859056437190338
Training Results:
r2: 0.9981
rmse: 0.0855
mae: 0.0649
Validation Results:
r2: 0.9911
rmse: 0.1726
mae: 0.1156
Test Results:
r2: 0.9859
rmse: 0.2218
mae: 0.1267
17/101
train r2: 0.996640154204466, valid r2: 0.9890897959569614, test r2: 0.9852882798833523
Training Results:
r2: 0.9966
rmse: 0.1126
mae: 0.0894
Validation Results:
r2: 0.9891
rmse: 0.1913
mae: 0.1340
Test Results:
r2: 0.9853
rmse: 0.2266
mae: 0.1433
18/101
train r2: 0.9979708164852423, valid r2: 0.9911347647773885, test r2: 0.9874915336048936
Training Results:
r2: 0.9980
rmse: 0.0875
mae: 0.0657
Validation Results:
r2: 0.9911
rmse: 0.1725
mae: 0.1152
Test Results:
r2: 0.9875
rmse: 0.2090
mae: 0.1223
19/101
train r2: 0.997090404929729, valid r2: 0.9901998111659762, test r2: 0.9856164678248349
Training Results:
r2: 0.9971
rmse: 0.1047
mae: 0.0799
Validation Results:
r2: 0.9902
rmse: 0.1813
mae: 0.1262
Test Results:
r2: 0.9856
rmse: 0.2241
mae: 0.1347
20/101
train r2: 0.9943055851354397, valid r2: 0.9877076746602688, test r2: 0.981887820644421
Training Results:
r2: 0.9943
rmse: 0.1465
mae: 0.1158
Validation Results:
r2: 0.9877
rmse: 0.2031
mae: 0.1469
Test Results:
r2: 0.9819
rmse: 0.2515
mae: 0.1541
21/101
train r2: 0.997698879651168, valid r2: 0.9910450079830915, test r2: 0.9875357473072013
Training Results:
r2: 0.9977
rmse: 0.0932
mae: 0.0703
Validation Results:
r2: 0.9910
rmse: 0.1733
mae: 0.1171
Test Results:
r2: 0.9875
rmse: 0.2086
mae: 0.1228
22/101
train r2: 0.99813827625334, valid r2: 0.9921330758182663, test r2: 0.9878453376936777
Training Results:
r2: 0.9981
rmse: 0.0838
mae: 0.0622
Validation Results:
r2: 0.9921
rmse: 0.1625
mae: 0.1093
Test Results:
r2: 0.9878
rmse: 0.2060
mae: 0.1166
23/101
train r2: 0.998179423847746, valid r2: 0.9917378088445123, test r2: 0.9870899290089831
Training Results:
r2: 0.9982
rmse: 0.0829
mae: 0.0616
Validation Results:
r2: 0.9917
rmse: 0.1665
mae: 0.1072
Test Results:
r2: 0.9871
rmse: 0.2123
mae: 0.1200
24/101
train r2: 0.9971936421201104, valid r2: 0.9909122080738056, test r2: 0.9862385348535543
Training Results:
r2: 0.9972
rmse: 0.1029
mae: 0.0742
Validation Results:
r2: 0.9909
rmse: 0.1746
mae: 0.1172
Test Results:
r2: 0.9862
rmse: 0.2192
mae: 0.1217
25/101
train r2: 0.9949083553877857, valid r2: 0.9881878161309866, test r2: 0.9840898387902253
Training Results:
r2: 0.9949
rmse: 0.1386
mae: 0.1190
Validation Results:
r2: 0.9882
rmse: 0.1991
mae: 0.1508
Test Results:
r2: 0.9841
rmse: 0.2357
mae: 0.1561
26/101
train r2: 0.9980604401520532, valid r2: 0.9921044558851241, test r2: 0.9871486189612575
Training Results:
r2: 0.9981
rmse: 0.0855
mae: 0.0635
Validation Results:
r2: 0.9921
rmse: 0.1628
mae: 0.1077
Test Results:
r2: 0.9871
rmse: 0.2118
mae: 0.1190
27/101
train r2: 0.9957482998803922, valid r2: 0.9891303435370014, test r2: 0.9851523242168936
Training Results:
r2: 0.9957
rmse: 0.1267
mae: 0.1123
Validation Results:
r2: 0.9891
rmse: 0.1910
mae: 0.1422
Test Results:
r2: 0.9852
rmse: 0.2277
mae: 0.1497
28/101
train r2: 0.9987064491447982, valid r2: 0.992616963997498, test r2: 0.9887352187625903
Training Results:
r2: 0.9987
rmse: 0.0698
mae: 0.0523
Validation Results:
r2: 0.9926
rmse: 0.1574
mae: 0.1002
Test Results:
r2: 0.9887
rmse: 0.1983
mae: 0.1060
29/101
train r2: 0.9978932288305525, valid r2: 0.9912519219972823, test r2: 0.9866681754346746
Training Results:
r2: 0.9979
rmse: 0.0892
mae: 0.0684
Validation Results:
r2: 0.9913
rmse: 0.1713
mae: 0.1119
Test Results:
r2: 0.9867
rmse: 0.2158
mae: 0.1203
30/101
train r2: 0.9983595279027074, valid r2: 0.9925393221139716, test r2: 0.9874336155625354
Training Results:
r2: 0.9984
rmse: 0.0787
mae: 0.0599
Validation Results:
r2: 0.9925
rmse: 0.1582
mae: 0.1044
Test Results:
r2: 0.9874
rmse: 0.2095
mae: 0.1119
31/101
train r2: 0.9978217907365751, valid r2: 0.9917832157753876, test r2: 0.9876535257934871
Training Results:
r2: 0.9978
rmse: 0.0907
mae: 0.0663
Validation Results:
r2: 0.9918
rmse: 0.1660
mae: 0.1093
Test Results:
r2: 0.9877
rmse: 0.2076
mae: 0.1136
32/101
train r2: 0.9978907344677924, valid r2: 0.9921783448603563, test r2: 0.9862677664084163
Training Results:
r2: 0.9979
rmse: 0.0892
mae: 0.0654
Validation Results:
r2: 0.9922
rmse: 0.1620
mae: 0.1067
Test Results:
r2: 0.9863
rmse: 0.2190
mae: 0.1155
33/101
train r2: 0.9985016584168784, valid r2: 0.9926506266959187, test r2: 0.9889588760313935
Training Results:
r2: 0.9985
rmse: 0.0752
mae: 0.0554
Validation Results:
r2: 0.9927
rmse: 0.1570
mae: 0.1009
Test Results:
r2: 0.9890
rmse: 0.1963
mae: 0.1071
34/101
train r2: 0.9984487728547617, valid r2: 0.9926594371501017, test r2: 0.9880332589487459
Training Results:
r2: 0.9984
rmse: 0.0765
mae: 0.0576
Validation Results:
r2: 0.9927
rmse: 0.1569
mae: 0.1020
Test Results:
r2: 0.9880
rmse: 0.2044
mae: 0.1089
35/101
train r2: 0.9991186533271749, valid r2: 0.9936961645159126, test r2: 0.9892900299202801
Training Results:
r2: 0.9991
rmse: 0.0577
mae: 0.0434
Validation Results:
r2: 0.9937
rmse: 0.1454
mae: 0.0918
Test Results:
r2: 0.9893
rmse: 0.1934
mae: 0.1028
36/101
train r2: 0.9983083366418452, valid r2: 0.992785342108954, test r2: 0.9884616500487717
Training Results:
r2: 0.9983
rmse: 0.0799
mae: 0.0602
Validation Results:
r2: 0.9928
rmse: 0.1556
mae: 0.1007
Test Results:
r2: 0.9885
rmse: 0.2007
mae: 0.1111
37/101
train r2: 0.9988983126628262, valid r2: 0.9933309195364807, test r2: 0.9888858317511611
Training Results:
r2: 0.9989
rmse: 0.0645
mae: 0.0481
Validation Results:
r2: 0.9933
rmse: 0.1496
mae: 0.0925
Test Results:
r2: 0.9889
rmse: 0.1970
mae: 0.1016
38/101
train r2: 0.998844974140895, valid r2: 0.9934641368549972, test r2: 0.9898809349287796
Training Results:
r2: 0.9988
rmse: 0.0660
mae: 0.0472
Validation Results:
r2: 0.9935
rmse: 0.1481
mae: 0.0930
Test Results:
r2: 0.9899
rmse: 0.1880
mae: 0.1005
39/101
train r2: 0.999208567395491, valid r2: 0.9938140824890068, test r2: 0.9889458768614657
Training Results:
r2: 0.9992
rmse: 0.0546
mae: 0.0397
Validation Results:
r2: 0.9938
rmse: 0.1441
mae: 0.0906
Test Results:
r2: 0.9889
rmse: 0.1965
mae: 0.1013
40/101
train r2: 0.9992006443213884, valid r2: 0.9934486440546537, test r2: 0.9893004287326892
Training Results:
r2: 0.9992
rmse: 0.0549
mae: 0.0403
Validation Results:
r2: 0.9934
rmse: 0.1483
mae: 0.0901
Test Results:
r2: 0.9893
rmse: 0.1933
mae: 0.0985
41/101
train r2: 0.999147056219166, valid r2: 0.9935358664012707, test r2: 0.9888662457980475
Training Results:
r2: 0.9991
rmse: 0.0567
mae: 0.0414
Validation Results:
r2: 0.9935
rmse: 0.1473
mae: 0.0919
Test Results:
r2: 0.9889
rmse: 0.1972
mae: 0.0972
42/101
train r2: 0.9974821493593311, valid r2: 0.9918055159085477, test r2: 0.9876125691646481
Training Results:
r2: 0.9975
rmse: 0.0975
mae: 0.0826
Validation Results:
r2: 0.9918
rmse: 0.1658
mae: 0.1137
Test Results:
r2: 0.9876
rmse: 0.2080
mae: 0.1215
43/101
train r2: 0.9993766024188745, valid r2: 0.9938758272450167, test r2: 0.9896064780990259
Training Results:
r2: 0.9994
rmse: 0.0485
mae: 0.0360
Validation Results:
r2: 0.9939
rmse: 0.1433
mae: 0.0870
Test Results:
r2: 0.9896
rmse: 0.1905
mae: 0.0947
44/101
train r2: 0.9993378500509167, valid r2: 0.9934329818423342, test r2: 0.9891033673635123
Training Results:
r2: 0.9993
rmse: 0.0500
mae: 0.0389
Validation Results:
r2: 0.9934
rmse: 0.1484
mae: 0.0907
Test Results:
r2: 0.9891
rmse: 0.1951
mae: 0.0984
45/101
train r2: 0.9994344460899055, valid r2: 0.9942644387219178, test r2: 0.990581288154602
Training Results:
r2: 0.9994
rmse: 0.0462
mae: 0.0339
Validation Results:
r2: 0.9943
rmse: 0.1387
mae: 0.0857
Test Results:
r2: 0.9906
rmse: 0.1813
mae: 0.0938
46/101
train r2: 0.999370389796558, valid r2: 0.9940007022693086, test r2: 0.9898002597321957
Training Results:
r2: 0.9994
rmse: 0.0487
mae: 0.0376
Validation Results:
r2: 0.9940
rmse: 0.1419
mae: 0.0882
Test Results:
r2: 0.9898
rmse: 0.1887
mae: 0.0962
47/101
train r2: 0.999008515955193, valid r2: 0.9934975444404405, test r2: 0.9891916922266216
Training Results:
r2: 0.9990
rmse: 0.0612
mae: 0.0461
Validation Results:
r2: 0.9935
rmse: 0.1477
mae: 0.0917
Test Results:
r2: 0.9892
rmse: 0.1943
mae: 0.1002
48/101
train r2: 0.9994208905253286, valid r2: 0.9942307368927165, test r2: 0.990499316350753
Training Results:
r2: 0.9994
rmse: 0.0467
mae: 0.0350
Validation Results:
r2: 0.9942
rmse: 0.1391
mae: 0.0856
Test Results:
r2: 0.9905
rmse: 0.1821
mae: 0.0922
49/101
train r2: 0.9990947423259351, valid r2: 0.9935681518084553, test r2: 0.989614167610613
Training Results:
r2: 0.9991
rmse: 0.0585
mae: 0.0443
Validation Results:
r2: 0.9936
rmse: 0.1469
mae: 0.0917
Test Results:
r2: 0.9896
rmse: 0.1904
mae: 0.1026
50/101
train r2: 0.9994881721223322, valid r2: 0.9939939537431081, test r2: 0.9898528429384493
Training Results:
r2: 0.9995
rmse: 0.0439
mae: 0.0337
Validation Results:
r2: 0.9940
rmse: 0.1420
mae: 0.0867
Test Results:
r2: 0.9899
rmse: 0.1882
mae: 0.0942
51/101
train r2: 0.9995885704051416, valid r2: 0.9941893256825138, test r2: 0.9895583002066067
Training Results:
r2: 0.9996
rmse: 0.0394
mae: 0.0293
Validation Results:
r2: 0.9942
rmse: 0.1396
mae: 0.0836
Test Results:
r2: 0.9896
rmse: 0.1909
mae: 0.0912
52/101
train r2: 0.9995752417068686, valid r2: 0.9943811049666637, test r2: 0.9908872661047616
Training Results:
r2: 0.9996
rmse: 0.0400
mae: 0.0301
Validation Results:
r2: 0.9944
rmse: 0.1373
mae: 0.0861
Test Results:
r2: 0.9909
rmse: 0.1784
mae: 0.0889
53/101
train r2: 0.9996232683071354, valid r2: 0.9946046933755551, test r2: 0.990045310311756
Training Results:
r2: 0.9996
rmse: 0.0377
mae: 0.0289
Validation Results:
r2: 0.9946
rmse: 0.1345
mae: 0.0834
Test Results:
r2: 0.9900
rmse: 0.1864
mae: 0.0920
54/101
train r2: 0.9992790997575957, valid r2: 0.993961927005004, test r2: 0.9907025091440677
Training Results:
r2: 0.9993
rmse: 0.0522
mae: 0.0422
Validation Results:
r2: 0.9940
rmse: 0.1423
mae: 0.0909
Test Results:
r2: 0.9907
rmse: 0.1802
mae: 0.0946
55/101
train r2: 0.999305652619138, valid r2: 0.9943810799072474, test r2: 0.9895194740563655
Training Results:
r2: 0.9993
rmse: 0.0511
mae: 0.0402
Validation Results:
r2: 0.9944
rmse: 0.1373
mae: 0.0872
Test Results:
r2: 0.9895
rmse: 0.1913
mae: 0.0942
56/101
train r2: 0.9994699826904757, valid r2: 0.9941446981852913, test r2: 0.9896845713412438
Training Results:
r2: 0.9995
rmse: 0.0447
mae: 0.0336
Validation Results:
r2: 0.9941
rmse: 0.1402
mae: 0.0860
Test Results:
r2: 0.9897
rmse: 0.1898
mae: 0.0935
57/101
train r2: 0.9992775605223627, valid r2: 0.9940919189024848, test r2: 0.989918378669337
Training Results:
r2: 0.9993
rmse: 0.0522
mae: 0.0413
Validation Results:
r2: 0.9941
rmse: 0.1408
mae: 0.0884
Test Results:
r2: 0.9899
rmse: 0.1876
mae: 0.0960
58/101
train r2: 0.9991536284119955, valid r2: 0.9939573303328885, test r2: 0.9899365329486319
Training Results:
r2: 0.9992
rmse: 0.0565
mae: 0.0437
Validation Results:
r2: 0.9940
rmse: 0.1424
mae: 0.0902
Test Results:
r2: 0.9899
rmse: 0.1874
mae: 0.0978
59/101
train r2: 0.9994012618957279, valid r2: 0.993941029252108, test r2: 0.9890681078428629
Training Results:
r2: 0.9994
rmse: 0.0475
mae: 0.0376
Validation Results:
r2: 0.9939
rmse: 0.1426
mae: 0.0867
Test Results:
r2: 0.9891
rmse: 0.1954
mae: 0.0936
60/101
train r2: 0.9996821832898236, valid r2: 0.9944116469755506, test r2: 0.9897339038688251
Training Results:
r2: 0.9997
rmse: 0.0346
mae: 0.0261
Validation Results:
r2: 0.9944
rmse: 0.1369
mae: 0.0822
Test Results:
r2: 0.9897
rmse: 0.1893
mae: 0.0911
61/101
train r2: 0.9997575945563928, valid r2: 0.9947164647059458, test r2: 0.9903527511625525
Training Results:
r2: 0.9998
rmse: 0.0302
mae: 0.0227
Validation Results:
r2: 0.9947
rmse: 0.1331
mae: 0.0799
Test Results:
r2: 0.9904
rmse: 0.1835
mae: 0.0892
62/101
train r2: 0.999449628691418, valid r2: 0.9941942210714035, test r2: 0.989577785060968
Training Results:
r2: 0.9994
rmse: 0.0456
mae: 0.0375
Validation Results:
r2: 0.9942
rmse: 0.1396
mae: 0.0863
Test Results:
r2: 0.9896
rmse: 0.1908
mae: 0.0960
63/101
train r2: 0.9997377486563953, valid r2: 0.9946719943366338, test r2: 0.9899680296053965
Training Results:
r2: 0.9997
rmse: 0.0315
mae: 0.0232
Validation Results:
r2: 0.9947
rmse: 0.1337
mae: 0.0810
Test Results:
r2: 0.9900
rmse: 0.1872
mae: 0.0894
64/101
train r2: 0.9998109239773028, valid r2: 0.9945003481156897, test r2: 0.9900866526713006
Training Results:
r2: 0.9998
rmse: 0.0267
mae: 0.0199
Validation Results:
r2: 0.9945
rmse: 0.1358
mae: 0.0802
Test Results:
r2: 0.9901
rmse: 0.1860
mae: 0.0871
65/101
train r2: 0.9996894914880532, valid r2: 0.9946285248524597, test r2: 0.9903825676262874
Training Results:
r2: 0.9997
rmse: 0.0342
mae: 0.0260
Validation Results:
r2: 0.9946
rmse: 0.1343
mae: 0.0802
Test Results:
r2: 0.9904
rmse: 0.1832
mae: 0.0894
66/101
train r2: 0.9997167013382732, valid r2: 0.9943600383254502, test r2: 0.9904936020224357
Training Results:
r2: 0.9997
rmse: 0.0327
mae: 0.0244
Validation Results:
r2: 0.9944
rmse: 0.1376
mae: 0.0818
Test Results:
r2: 0.9905
rmse: 0.1822
mae: 0.0892
67/101
train r2: 0.9996772022216671, valid r2: 0.9946328899788252, test r2: 0.9903118019947089
Training Results:
r2: 0.9997
rmse: 0.0349
mae: 0.0263
Validation Results:
r2: 0.9946
rmse: 0.1342
mae: 0.0807
Test Results:
r2: 0.9903
rmse: 0.1839
mae: 0.0881
68/101
train r2: 0.9996759776948592, valid r2: 0.9943955891988403, test r2: 0.990269004082308
Training Results:
r2: 0.9997
rmse: 0.0350
mae: 0.0279
Validation Results:
r2: 0.9944
rmse: 0.1371
mae: 0.0819
Test Results:
r2: 0.9903
rmse: 0.1843
mae: 0.0892
69/101
train r2: 0.999664408083236, valid r2: 0.9945534398809642, test r2: 0.9903687179460459
Training Results:
r2: 0.9997
rmse: 0.0356
mae: 0.0293
Validation Results:
r2: 0.9946
rmse: 0.1352
mae: 0.0826
Test Results:
r2: 0.9904
rmse: 0.1834
mae: 0.0919
70/101
train r2: 0.9998472107223562, valid r2: 0.9946500019081012, test r2: 0.9901508297883541
Training Results:
r2: 0.9998
rmse: 0.0240
mae: 0.0182
Validation Results:
r2: 0.9947
rmse: 0.1340
mae: 0.0789
Test Results:
r2: 0.9902
rmse: 0.1854
mae: 0.0880
71/101
train r2: 0.9998756326325309, valid r2: 0.9946734671190498, test r2: 0.9903671081504776
Training Results:
r2: 0.9999
rmse: 0.0217
mae: 0.0162
Validation Results:
r2: 0.9947
rmse: 0.1337
mae: 0.0781
Test Results:
r2: 0.9904
rmse: 0.1834
mae: 0.0861
72/101
train r2: 0.9999109122881386, valid r2: 0.9947355412647193, test r2: 0.9905293533971374
Training Results:
r2: 0.9999
rmse: 0.0183
mae: 0.0137
Validation Results:
r2: 0.9947
rmse: 0.1329
mae: 0.0775
Test Results:
r2: 0.9905
rmse: 0.1818
mae: 0.0863
73/101
train r2: 0.9998979637366678, valid r2: 0.9946782006831651, test r2: 0.9905128513663459
Training Results:
r2: 0.9999
rmse: 0.0196
mae: 0.0147
Validation Results:
r2: 0.9947
rmse: 0.1336
mae: 0.0786
Test Results:
r2: 0.9905
rmse: 0.1820
mae: 0.0857
74/101
train r2: 0.999865214315223, valid r2: 0.9947360165735047, test r2: 0.9905725594665783
Training Results:
r2: 0.9999
rmse: 0.0226
mae: 0.0171
Validation Results:
r2: 0.9947
rmse: 0.1329
mae: 0.0790
Test Results:
r2: 0.9906
rmse: 0.1814
mae: 0.0856
75/101
train r2: 0.9998755738531987, valid r2: 0.9947455952712971, test r2: 0.9903357518638232
Training Results:
r2: 0.9999
rmse: 0.0217
mae: 0.0166
Validation Results:
r2: 0.9947
rmse: 0.1328
mae: 0.0774
Test Results:
r2: 0.9903
rmse: 0.1837
mae: 0.0862
76/101
train r2: 0.9998840332811381, valid r2: 0.9946544706948433, test r2: 0.9902121346634899
Training Results:
r2: 0.9999
rmse: 0.0209
mae: 0.0153
Validation Results:
r2: 0.9947
rmse: 0.1339
mae: 0.0785
Test Results:
r2: 0.9902
rmse: 0.1849
mae: 0.0862
77/101
train r2: 0.9998227568257871, valid r2: 0.9948412746855476, test r2: 0.9903528145625003
Training Results:
r2: 0.9998
rmse: 0.0259
mae: 0.0205
Validation Results:
r2: 0.9948
rmse: 0.1316
mae: 0.0796
Test Results:
r2: 0.9904
rmse: 0.1835
mae: 0.0883
78/101
train r2: 0.9998252476733983, valid r2: 0.9945147098304825, test r2: 0.9903873030165186
Training Results:
r2: 0.9998
rmse: 0.0257
mae: 0.0194
Validation Results:
r2: 0.9945
rmse: 0.1357
mae: 0.0797
Test Results:
r2: 0.9904
rmse: 0.1832
mae: 0.0884
79/101
train r2: 0.9999030664225345, valid r2: 0.99476915384076, test r2: 0.9904359182142874
Training Results:
r2: 0.9999
rmse: 0.0191
mae: 0.0142
Validation Results:
r2: 0.9948
rmse: 0.1325
mae: 0.0789
Test Results:
r2: 0.9904
rmse: 0.1827
mae: 0.0859
80/101
train r2: 0.9998778287257684, valid r2: 0.9946238669367835, test r2: 0.9904071928813929
Training Results:
r2: 0.9999
rmse: 0.0215
mae: 0.0174
Validation Results:
r2: 0.9946
rmse: 0.1343
mae: 0.0798
Test Results:
r2: 0.9904
rmse: 0.1830
mae: 0.0878
81/101
train r2: 0.999897065168751, valid r2: 0.9946040070008079, test r2: 0.9902891102741932
Training Results:
r2: 0.9999
rmse: 0.0197
mae: 0.0157
Validation Results:
r2: 0.9946
rmse: 0.1346
mae: 0.0795
Test Results:
r2: 0.9903
rmse: 0.1841
mae: 0.0870
82/101
train r2: 0.9999195125393486, valid r2: 0.9946668454610741, test r2: 0.990403317030399
Training Results:
r2: 0.9999
rmse: 0.0174
mae: 0.0131
Validation Results:
r2: 0.9947
rmse: 0.1338
mae: 0.0781
Test Results:
r2: 0.9904
rmse: 0.1831
mae: 0.0853
83/101
train r2: 0.9999602697888735, valid r2: 0.994717769387563, test r2: 0.9906572199161295
Training Results:
r2: 1.0000
rmse: 0.0122
mae: 0.0092
Validation Results:
r2: 0.9947
rmse: 0.1331
mae: 0.0777
Test Results:
r2: 0.9907
rmse: 0.1806
mae: 0.0848
84/101
train r2: 0.9999134914668416, valid r2: 0.994669587298144, test r2: 0.990480015525692
Training Results:
r2: 0.9999
rmse: 0.0181
mae: 0.0146
Validation Results:
r2: 0.9947
rmse: 0.1337
mae: 0.0786
Test Results:
r2: 0.9905
rmse: 0.1823
mae: 0.0869
85/101
train r2: 0.999972457650543, valid r2: 0.9947249136637629, test r2: 0.9904144888015652
Training Results:
r2: 1.0000
rmse: 0.0102
mae: 0.0076
Validation Results:
r2: 0.9947
rmse: 0.1330
mae: 0.0778
Test Results:
r2: 0.9904
rmse: 0.1829
mae: 0.0853
86/101
train r2: 0.9999689278681038, valid r2: 0.9947090026703148, test r2: 0.9905250456286347
Training Results:
r2: 1.0000
rmse: 0.0108
mae: 0.0084
Validation Results:
r2: 0.9947
rmse: 0.1332
mae: 0.0774
Test Results:
r2: 0.9905
rmse: 0.1819
mae: 0.0850
87/101
train r2: 0.9999481260898543, valid r2: 0.9948148812242037, test r2: 0.99044261582277
Training Results:
r2: 0.9999
rmse: 0.0140
mae: 0.0113
Validation Results:
r2: 0.9948
rmse: 0.1319
mae: 0.0773
Test Results:
r2: 0.9904
rmse: 0.1827
mae: 0.0851
88/101
train r2: 0.9999735318422575, valid r2: 0.9947876558374792, test r2: 0.990681746801487
Training Results:
r2: 1.0000
rmse: 0.0100
mae: 0.0075
Validation Results:
r2: 0.9948
rmse: 0.1322
mae: 0.0772
Test Results:
r2: 0.9907
rmse: 0.1804
mae: 0.0851
89/101
train r2: 0.9999829622432278, valid r2: 0.9948126134081244, test r2: 0.9906198651425518
Training Results:
r2: 1.0000
rmse: 0.0080
mae: 0.0061
Validation Results:
r2: 0.9948
rmse: 0.1319
mae: 0.0769
Test Results:
r2: 0.9906
rmse: 0.1810
mae: 0.0846
90/101
train r2: 0.9999859806511026, valid r2: 0.9948108636119897, test r2: 0.9906336034941595
Training Results:
r2: 1.0000
rmse: 0.0073
mae: 0.0056
Validation Results:
r2: 0.9948
rmse: 0.1320
mae: 0.0768
Test Results:
r2: 0.9906
rmse: 0.1808
mae: 0.0845
91/101
train r2: 0.9999924681837195, valid r2: 0.9948258604677556, test r2: 0.9905701364791782
Training Results:
r2: 1.0000
rmse: 0.0053
mae: 0.0042
Validation Results:
r2: 0.9948
rmse: 0.1318
mae: 0.0768
Test Results:
r2: 0.9906
rmse: 0.1815
mae: 0.0847
92/101
train r2: 0.9999933637028137, valid r2: 0.9947728743544089, test r2: 0.9905956960028853
Training Results:
r2: 1.0000
rmse: 0.0050
mae: 0.0039
Validation Results:
r2: 0.9948
rmse: 0.1324
mae: 0.0771
Test Results:
r2: 0.9906
rmse: 0.1812
mae: 0.0847
93/101
train r2: 0.9999954072880208, valid r2: 0.9947998701242617, test r2: 0.9905789402707732
Training Results:
r2: 1.0000
rmse: 0.0042
mae: 0.0033
Validation Results:
r2: 0.9948
rmse: 0.1321
mae: 0.0769
Test Results:
r2: 0.9906
rmse: 0.1814
mae: 0.0846
94/101
train r2: 0.9999968376378295, valid r2: 0.9947981617789725, test r2: 0.9905939271879506
Training Results:
r2: 1.0000
rmse: 0.0035
mae: 0.0026
Validation Results:
r2: 0.9948
rmse: 0.1321
mae: 0.0767
Test Results:
r2: 0.9906
rmse: 0.1812
mae: 0.0847
95/101
train r2: 0.9999964120949248, valid r2: 0.9948075812605839, test r2: 0.9905255140941622
Training Results:
r2: 1.0000
rmse: 0.0037
mae: 0.0030
Validation Results:
r2: 0.9948
rmse: 0.1320
mae: 0.0769
Test Results:
r2: 0.9905
rmse: 0.1819
mae: 0.0846
96/101
train r2: 0.9999983780811545, valid r2: 0.9947963355800026, test r2: 0.9905578731361037
Training Results:
r2: 1.0000
rmse: 0.0025
mae: 0.0019
Validation Results:
r2: 0.9948
rmse: 0.1321
mae: 0.0768
Test Results:
r2: 0.9906
rmse: 0.1816
mae: 0.0845
97/101
train r2: 0.9999993058760218, valid r2: 0.9948068552902395, test r2: 0.9905719108364847
Training Results:
r2: 1.0000
rmse: 0.0016
mae: 0.0013
Validation Results:
r2: 0.9948
rmse: 0.1320
mae: 0.0768
Test Results:
r2: 0.9906
rmse: 0.1814
mae: 0.0846
break!
train: 0.9998, val: 0.9948, test: 0.9904
end_test_result: (0.9901569687348182, 0.18538545072078705, 0.08970800787210464)
args.seed: 2034
use label scaler
use label scaler
use label scaler
model have 90.143705M paramerters in total
train_dataset.mean: tensor([-2.4512]) train_dataset.std: tensor([1.9425])
1/101
train r2: 0.8290068244724248, valid r2: 0.788547911955022, test r2: 0.7925240131330915
Training Results:
r2: 0.8290
rmse: 0.8030
mae: 0.5997
Validation Results:
r2: 0.7885
rmse: 0.8423
mae: 0.6233
Test Results:
r2: 0.7925
rmse: 0.8511
mae: 0.6238
2/101
train r2: 0.9574893416107871, valid r2: 0.9368557036352487, test r2: 0.9351795154556504
Training Results:
r2: 0.9575
rmse: 0.4005
mae: 0.2937
Validation Results:
r2: 0.9369
rmse: 0.4603
mae: 0.3308
Test Results:
r2: 0.9352
rmse: 0.4757
mae: 0.3338
3/101
train r2: 0.9830649784573072, valid r2: 0.9696609221162571, test r2: 0.9649499622329728
Training Results:
r2: 0.9831
rmse: 0.2528
mae: 0.1882
Validation Results:
r2: 0.9697
rmse: 0.3191
mae: 0.2289
Test Results:
r2: 0.9649
rmse: 0.3498
mae: 0.2442
4/101
train r2: 0.9804725098768886, valid r2: 0.968037488399164, test r2: 0.9607500625933576
Training Results:
r2: 0.9805
rmse: 0.2715
mae: 0.2186
Validation Results:
r2: 0.9680
rmse: 0.3275
mae: 0.2513
Test Results:
r2: 0.9608
rmse: 0.3702
mae: 0.2740
5/101
train r2: 0.9927638388277414, valid r2: 0.98139875001861, test r2: 0.976544151047289
Training Results:
r2: 0.9928
rmse: 0.1653
mae: 0.1276
Validation Results:
r2: 0.9814
rmse: 0.2498
mae: 0.1740
Test Results:
r2: 0.9765
rmse: 0.2862
mae: 0.1938
6/101
train r2: 0.9951070088305772, valid r2: 0.98304300703714, test r2: 0.9790141954010381
Training Results:
r2: 0.9951
rmse: 0.1358
mae: 0.1066
Validation Results:
r2: 0.9830
rmse: 0.2385
mae: 0.1659
Test Results:
r2: 0.9790
rmse: 0.2707
mae: 0.1756
7/101
train r2: 0.9934601077520737, valid r2: 0.9812429947825728, test r2: 0.9775192242307806
Training Results:
r2: 0.9935
rmse: 0.1570
mae: 0.1241
Validation Results:
r2: 0.9812
rmse: 0.2509
mae: 0.1807
Test Results:
r2: 0.9775
rmse: 0.2802
mae: 0.1861
8/101
train r2: 0.9917894517094163, valid r2: 0.9799834103378796, test r2: 0.9773698958419019
Training Results:
r2: 0.9918
rmse: 0.1761
mae: 0.1408
Validation Results:
r2: 0.9800
rmse: 0.2592
mae: 0.1908
Test Results:
r2: 0.9774
rmse: 0.2811
mae: 0.1927
9/101
train r2: 0.9925682111356893, valid r2: 0.9821913135507245, test r2: 0.9779588619135103
Training Results:
r2: 0.9926
rmse: 0.1675
mae: 0.1270
Validation Results:
r2: 0.9822
rmse: 0.2444
mae: 0.1758
Test Results:
r2: 0.9780
rmse: 0.2774
mae: 0.1823
10/101
train r2: 0.9948661917503966, valid r2: 0.9854987714838302, test r2: 0.9795511858365316
Training Results:
r2: 0.9949
rmse: 0.1390
mae: 0.1032
Validation Results:
r2: 0.9855
rmse: 0.2206
mae: 0.1538
Test Results:
r2: 0.9796
rmse: 0.2672
mae: 0.1644
11/101
train r2: 0.9882084237609873, valid r2: 0.9788049522758209, test r2: 0.9753751089512646
Training Results:
r2: 0.9882
rmse: 0.2110
mae: 0.1718
Validation Results:
r2: 0.9788
rmse: 0.2667
mae: 0.2062
Test Results:
r2: 0.9754
rmse: 0.2932
mae: 0.2142
12/101
train r2: 0.9938760290936554, valid r2: 0.9857629743140025, test r2: 0.9820054405454444
Training Results:
r2: 0.9939
rmse: 0.1520
mae: 0.1177
Validation Results:
r2: 0.9858
rmse: 0.2186
mae: 0.1567
Test Results:
r2: 0.9820
rmse: 0.2507
mae: 0.1688
13/101
train r2: 0.9955570280159145, valid r2: 0.9872415220189938, test r2: 0.9837341523397023
Training Results:
r2: 0.9956
rmse: 0.1294
mae: 0.0977
Validation Results:
r2: 0.9872
rmse: 0.2069
mae: 0.1421
Test Results:
r2: 0.9837
rmse: 0.2383
mae: 0.1510
14/101
train r2: 0.9965618684105249, valid r2: 0.9888060737488087, test r2: 0.9834525779995373
Training Results:
r2: 0.9966
rmse: 0.1139
mae: 0.0865
Validation Results:
r2: 0.9888
rmse: 0.1938
mae: 0.1321
Test Results:
r2: 0.9835
rmse: 0.2404
mae: 0.1470
15/101
train r2: 0.9974823906438253, valid r2: 0.9900081632076358, test r2: 0.9863020061721691
Training Results:
r2: 0.9975
rmse: 0.0974
mae: 0.0706
Validation Results:
r2: 0.9900
rmse: 0.1831
mae: 0.1190
Test Results:
r2: 0.9863
rmse: 0.2187
mae: 0.1293
16/101
train r2: 0.9977443251282971, valid r2: 0.9902115930927367, test r2: 0.9852800385318802
Training Results:
r2: 0.9977
rmse: 0.0923
mae: 0.0707
Validation Results:
r2: 0.9902
rmse: 0.1812
mae: 0.1202
Test Results:
r2: 0.9853
rmse: 0.2267
mae: 0.1290
17/101
train r2: 0.997687680419583, valid r2: 0.989811503090035, test r2: 0.9840021439222729
Training Results:
r2: 0.9977
rmse: 0.0934
mae: 0.0691
Validation Results:
r2: 0.9898
rmse: 0.1849
mae: 0.1203
Test Results:
r2: 0.9840
rmse: 0.2363
mae: 0.1328
18/101
train r2: 0.9964594326762702, valid r2: 0.9885506704424166, test r2: 0.9850341835527341
Training Results:
r2: 0.9965
rmse: 0.1156
mae: 0.0901
Validation Results:
r2: 0.9886
rmse: 0.1960
mae: 0.1365
Test Results:
r2: 0.9850
rmse: 0.2286
mae: 0.1403
19/101
train r2: 0.9978738543529607, valid r2: 0.9909376684472667, test r2: 0.9862173660310193
Training Results:
r2: 0.9979
rmse: 0.0896
mae: 0.0661
Validation Results:
r2: 0.9909
rmse: 0.1744
mae: 0.1137
Test Results:
r2: 0.9862
rmse: 0.2194
mae: 0.1265
20/101
train r2: 0.9976418056720118, valid r2: 0.9904330799487474, test r2: 0.985253809083122
Training Results:
r2: 0.9976
rmse: 0.0943
mae: 0.0707
Validation Results:
r2: 0.9904
rmse: 0.1792
mae: 0.1143
Test Results:
r2: 0.9853
rmse: 0.2269
mae: 0.1215
21/101
train r2: 0.9971222515296114, valid r2: 0.990002458625885, test r2: 0.9848058091707323
Training Results:
r2: 0.9971
rmse: 0.1042
mae: 0.0768
Validation Results:
r2: 0.9900
rmse: 0.1832
mae: 0.1188
Test Results:
r2: 0.9848
rmse: 0.2303
mae: 0.1291
22/101
train r2: 0.9975451248548316, valid r2: 0.9912216396403088, test r2: 0.9861735471023522
Training Results:
r2: 0.9975
rmse: 0.0963
mae: 0.0754
Validation Results:
r2: 0.9912
rmse: 0.1716
mae: 0.1125
Test Results:
r2: 0.9862
rmse: 0.2197
mae: 0.1269
23/101
train r2: 0.9976701006216442, valid r2: 0.9908871410763276, test r2: 0.9858750692671835
Training Results:
r2: 0.9977
rmse: 0.0938
mae: 0.0684
Validation Results:
r2: 0.9909
rmse: 0.1749
mae: 0.1107
Test Results:
r2: 0.9859
rmse: 0.2221
mae: 0.1182
24/101
train r2: 0.9976777400774424, valid r2: 0.9908765458631745, test r2: 0.9862696105895826
Training Results:
r2: 0.9977
rmse: 0.0936
mae: 0.0695
Validation Results:
r2: 0.9909
rmse: 0.1750
mae: 0.1111
Test Results:
r2: 0.9863
rmse: 0.2190
mae: 0.1219
25/101
train r2: 0.9985646895602497, valid r2: 0.9920781823140273, test r2: 0.9870521203382627
Training Results:
r2: 0.9986
rmse: 0.0736
mae: 0.0562
Validation Results:
r2: 0.9921
rmse: 0.1630
mae: 0.1033
Test Results:
r2: 0.9871
rmse: 0.2126
mae: 0.1115
26/101
train r2: 0.9969334393997357, valid r2: 0.9903316290816331, test r2: 0.9860375015058676
Training Results:
r2: 0.9969
rmse: 0.1076
mae: 0.0863
Validation Results:
r2: 0.9903
rmse: 0.1801
mae: 0.1255
Test Results:
r2: 0.9860
rmse: 0.2208
mae: 0.1326
27/101
train r2: 0.9984639136820376, valid r2: 0.9928835713389027, test r2: 0.9883587335428318
Training Results:
r2: 0.9985
rmse: 0.0761
mae: 0.0565
Validation Results:
r2: 0.9929
rmse: 0.1545
mae: 0.0988
Test Results:
r2: 0.9884
rmse: 0.2016
mae: 0.1099
28/101
train r2: 0.9983145599513418, valid r2: 0.9920100816656922, test r2: 0.9884891979274146
Training Results:
r2: 0.9983
rmse: 0.0797
mae: 0.0596
Validation Results:
r2: 0.9920
rmse: 0.1637
mae: 0.1049
Test Results:
r2: 0.9885
rmse: 0.2005
mae: 0.1130
29/101
train r2: 0.9979845946737264, valid r2: 0.9915990809115519, test r2: 0.9878694130121233
Training Results:
r2: 0.9980
rmse: 0.0872
mae: 0.0659
Validation Results:
r2: 0.9916
rmse: 0.1679
mae: 0.1086
Test Results:
r2: 0.9879
rmse: 0.2058
mae: 0.1149
30/101
train r2: 0.9980380130055518, valid r2: 0.9916487945856888, test r2: 0.9860886711323903
Training Results:
r2: 0.9980
rmse: 0.0860
mae: 0.0635
Validation Results:
r2: 0.9916
rmse: 0.1674
mae: 0.1051
Test Results:
r2: 0.9861
rmse: 0.2204
mae: 0.1147
31/101
train r2: 0.9980810014170607, valid r2: 0.9917744030197075, test r2: 0.9881438000066497
Training Results:
r2: 0.9981
rmse: 0.0851
mae: 0.0657
Validation Results:
r2: 0.9918
rmse: 0.1661
mae: 0.1043
Test Results:
r2: 0.9881
rmse: 0.2035
mae: 0.1130
32/101
train r2: 0.9986138057858797, valid r2: 0.9923605873442176, test r2: 0.9879292184627269
Training Results:
r2: 0.9986
rmse: 0.0723
mae: 0.0560
Validation Results:
r2: 0.9924
rmse: 0.1601
mae: 0.1030
Test Results:
r2: 0.9879
rmse: 0.2053
mae: 0.1111
33/101
train r2: 0.9987767274338769, valid r2: 0.9929312481067907, test r2: 0.9891886852037945
Training Results:
r2: 0.9988
rmse: 0.0679
mae: 0.0504
Validation Results:
r2: 0.9929
rmse: 0.1540
mae: 0.0944
Test Results:
r2: 0.9892
rmse: 0.1943
mae: 0.1055
34/101
train r2: 0.9985870874337234, valid r2: 0.9925349630926326, test r2: 0.9885027653341669
Training Results:
r2: 0.9986
rmse: 0.0730
mae: 0.0575
Validation Results:
r2: 0.9925
rmse: 0.1583
mae: 0.1025
Test Results:
r2: 0.9885
rmse: 0.2004
mae: 0.1073
35/101
train r2: 0.9988113762790946, valid r2: 0.992606499668477, test r2: 0.9888801552818598
Training Results:
r2: 0.9988
rmse: 0.0670
mae: 0.0494
Validation Results:
r2: 0.9926
rmse: 0.1575
mae: 0.0967
Test Results:
r2: 0.9889
rmse: 0.1970
mae: 0.1056
36/101
train r2: 0.9989016869910805, valid r2: 0.9925976009560548, test r2: 0.9896765043598063
Training Results:
r2: 0.9989
rmse: 0.0644
mae: 0.0485
Validation Results:
r2: 0.9926
rmse: 0.1576
mae: 0.0970
Test Results:
r2: 0.9897
rmse: 0.1899
mae: 0.1030
37/101
train r2: 0.99861165149987, valid r2: 0.9930795344085864, test r2: 0.9877658652789449
Training Results:
r2: 0.9986
rmse: 0.0724
mae: 0.0556
Validation Results:
r2: 0.9931
rmse: 0.1524
mae: 0.0969
Test Results:
r2: 0.9878
rmse: 0.2067
mae: 0.1070
38/101
train r2: 0.998767417215851, valid r2: 0.9930854025032343, test r2: 0.9891225319243584
Training Results:
r2: 0.9988
rmse: 0.0681
mae: 0.0517
Validation Results:
r2: 0.9931
rmse: 0.1523
mae: 0.0967
Test Results:
r2: 0.9891
rmse: 0.1949
mae: 0.1049
39/101
train r2: 0.9987974466373083, valid r2: 0.9931884923328846, test r2: 0.9888447109255049
Training Results:
r2: 0.9988
rmse: 0.0674
mae: 0.0503
Validation Results:
r2: 0.9932
rmse: 0.1512
mae: 0.0926
Test Results:
r2: 0.9888
rmse: 0.1974
mae: 0.1054
40/101
train r2: 0.9987578102853869, valid r2: 0.9926613757827171, test r2: 0.9884685825889233
Training Results:
r2: 0.9988
rmse: 0.0685
mae: 0.0513
Validation Results:
r2: 0.9927
rmse: 0.1569
mae: 0.0961
Test Results:
r2: 0.9885
rmse: 0.2007
mae: 0.1085
41/101
train r2: 0.9986936075008886, valid r2: 0.9926867091031066, test r2: 0.9893201293556012
Training Results:
r2: 0.9987
rmse: 0.0702
mae: 0.0516
Validation Results:
r2: 0.9927
rmse: 0.1566
mae: 0.0982
Test Results:
r2: 0.9893
rmse: 0.1931
mae: 0.1061
42/101
train r2: 0.998847735051569, valid r2: 0.9927486528121205, test r2: 0.9883218993018651
Training Results:
r2: 0.9988
rmse: 0.0660
mae: 0.0491
Validation Results:
r2: 0.9927
rmse: 0.1560
mae: 0.0939
Test Results:
r2: 0.9883
rmse: 0.2019
mae: 0.1041
43/101
train r2: 0.9992774804631375, valid r2: 0.9933246590084709, test r2: 0.98907569551553
Training Results:
r2: 0.9993
rmse: 0.0522
mae: 0.0390
Validation Results:
r2: 0.9933
rmse: 0.1497
mae: 0.0886
Test Results:
r2: 0.9891
rmse: 0.1953
mae: 0.0983
44/101
train r2: 0.9994057364509801, valid r2: 0.9938074848790537, test r2: 0.9895667965918772
Training Results:
r2: 0.9994
rmse: 0.0474
mae: 0.0345
Validation Results:
r2: 0.9938
rmse: 0.1441
mae: 0.0869
Test Results:
r2: 0.9896
rmse: 0.1909
mae: 0.0974
45/101
train r2: 0.9989835013700296, valid r2: 0.9931215552241518, test r2: 0.9891181261606804
Training Results:
r2: 0.9990
rmse: 0.0619
mae: 0.0488
Validation Results:
r2: 0.9931
rmse: 0.1519
mae: 0.0950
Test Results:
r2: 0.9891
rmse: 0.1949
mae: 0.1053
46/101
train r2: 0.9989899992861202, valid r2: 0.9933795813021238, test r2: 0.9896444254721865
Training Results:
r2: 0.9990
rmse: 0.0617
mae: 0.0493
Validation Results:
r2: 0.9934
rmse: 0.1490
mae: 0.0939
Test Results:
r2: 0.9896
rmse: 0.1902
mae: 0.1008
47/101
train r2: 0.9990010756371387, valid r2: 0.9931354618967932, test r2: 0.9892356648524436
Training Results:
r2: 0.9990
rmse: 0.0614
mae: 0.0474
Validation Results:
r2: 0.9931
rmse: 0.1518
mae: 0.0937
Test Results:
r2: 0.9892
rmse: 0.1939
mae: 0.1025
48/101
train r2: 0.9994888528761822, valid r2: 0.9938013983194831, test r2: 0.9900891448574273
Training Results:
r2: 0.9995
rmse: 0.0439
mae: 0.0312
Validation Results:
r2: 0.9938
rmse: 0.1442
mae: 0.0840
Test Results:
r2: 0.9901
rmse: 0.1860
mae: 0.0940
49/101
train r2: 0.9993296462919312, valid r2: 0.9935047139968968, test r2: 0.9895106733317653
Training Results:
r2: 0.9993
rmse: 0.0502
mae: 0.0378
Validation Results:
r2: 0.9935
rmse: 0.1476
mae: 0.0890
Test Results:
r2: 0.9895
rmse: 0.1914
mae: 0.0980
50/101
train r2: 0.9995525002047895, valid r2: 0.9938633576968503, test r2: 0.9898421907870474
Training Results:
r2: 0.9996
rmse: 0.0411
mae: 0.0300
Validation Results:
r2: 0.9939
rmse: 0.1435
mae: 0.0839
Test Results:
r2: 0.9898
rmse: 0.1883
mae: 0.0927
51/101
train r2: 0.999496513484165, valid r2: 0.993865377074131, test r2: 0.9894702805061726
Training Results:
r2: 0.9995
rmse: 0.0436
mae: 0.0346
Validation Results:
r2: 0.9939
rmse: 0.1435
mae: 0.0841
Test Results:
r2: 0.9895
rmse: 0.1917
mae: 0.0967
52/101
train r2: 0.9985810939927934, valid r2: 0.9925615249596664, test r2: 0.9889366343783902
Training Results:
r2: 0.9986
rmse: 0.0732
mae: 0.0567
Validation Results:
r2: 0.9926
rmse: 0.1580
mae: 0.0976
Test Results:
r2: 0.9889
rmse: 0.1965
mae: 0.1070
53/101
train r2: 0.9995914151882541, valid r2: 0.9941000337197441, test r2: 0.9898021515032748
Training Results:
r2: 0.9996
rmse: 0.0393
mae: 0.0295
Validation Results:
r2: 0.9941
rmse: 0.1407
mae: 0.0829
Test Results:
r2: 0.9898
rmse: 0.1887
mae: 0.0921
54/101
train r2: 0.9995710577716902, valid r2: 0.9936691899214851, test r2: 0.9895575224464074
Training Results:
r2: 0.9996
rmse: 0.0403
mae: 0.0300
Validation Results:
r2: 0.9937
rmse: 0.1457
mae: 0.0845
Test Results:
r2: 0.9896
rmse: 0.1909
mae: 0.0924
55/101
train r2: 0.9994448955219714, valid r2: 0.9934725553546359, test r2: 0.9896139134839096
Training Results:
r2: 0.9994
rmse: 0.0458
mae: 0.0344
Validation Results:
r2: 0.9935
rmse: 0.1480
mae: 0.0871
Test Results:
r2: 0.9896
rmse: 0.1904
mae: 0.0936
56/101
train r2: 0.9994279919038446, valid r2: 0.9935110967571105, test r2: 0.9887505384422819
Training Results:
r2: 0.9994
rmse: 0.0465
mae: 0.0345
Validation Results:
r2: 0.9935
rmse: 0.1476
mae: 0.0865
Test Results:
r2: 0.9888
rmse: 0.1982
mae: 0.0988
57/101
train r2: 0.9996856308840678, valid r2: 0.9939067019344902, test r2: 0.9899861749544495
Training Results:
r2: 0.9997
rmse: 0.0344
mae: 0.0256
Validation Results:
r2: 0.9939
rmse: 0.1430
mae: 0.0827
Test Results:
r2: 0.9900
rmse: 0.1870
mae: 0.0897
58/101
train r2: 0.9995283340609251, valid r2: 0.9940771149353906, test r2: 0.9906698185977643
Training Results:
r2: 0.9995
rmse: 0.0422
mae: 0.0305
Validation Results:
r2: 0.9941
rmse: 0.1410
mae: 0.0832
Test Results:
r2: 0.9907
rmse: 0.1805
mae: 0.0924
59/101
train r2: 0.9996027598518534, valid r2: 0.9938544233021622, test r2: 0.9894604340471093
Training Results:
r2: 0.9996
rmse: 0.0387
mae: 0.0294
Validation Results:
r2: 0.9939
rmse: 0.1436
mae: 0.0842
Test Results:
r2: 0.9895
rmse: 0.1918
mae: 0.0934
60/101
train r2: 0.999599944877098, valid r2: 0.9937722567391418, test r2: 0.9900563311374994
Training Results:
r2: 0.9996
rmse: 0.0389
mae: 0.0285
Validation Results:
r2: 0.9938
rmse: 0.1446
mae: 0.0839
Test Results:
r2: 0.9901
rmse: 0.1863
mae: 0.0914
61/101
train r2: 0.9997096125762445, valid r2: 0.9940905671705111, test r2: 0.9898744967642121
Training Results:
r2: 0.9997
rmse: 0.0331
mae: 0.0251
Validation Results:
r2: 0.9941
rmse: 0.1408
mae: 0.0820
Test Results:
r2: 0.9899
rmse: 0.1880
mae: 0.0916
62/101
train r2: 0.9997450463425482, valid r2: 0.9938007577286404, test r2: 0.9895845917263408
Training Results:
r2: 0.9997
rmse: 0.0310
mae: 0.0236
Validation Results:
r2: 0.9938
rmse: 0.1442
mae: 0.0830
Test Results:
r2: 0.9896
rmse: 0.1907
mae: 0.0920
63/101
train r2: 0.9997749623891627, valid r2: 0.9938716156783685, test r2: 0.9902076637487714
Training Results:
r2: 0.9998
rmse: 0.0291
mae: 0.0218
Validation Results:
r2: 0.9939
rmse: 0.1434
mae: 0.0820
Test Results:
r2: 0.9902
rmse: 0.1849
mae: 0.0895
64/101
train r2: 0.9998315168876352, valid r2: 0.9941066351605929, test r2: 0.9901733483281575
Training Results:
r2: 0.9998
rmse: 0.0252
mae: 0.0186
Validation Results:
r2: 0.9941
rmse: 0.1406
mae: 0.0797
Test Results:
r2: 0.9902
rmse: 0.1852
mae: 0.0898
65/101
train r2: 0.9997859192221716, valid r2: 0.994040742613112, test r2: 0.9902912018925792
Training Results:
r2: 0.9998
rmse: 0.0284
mae: 0.0215
Validation Results:
r2: 0.9940
rmse: 0.1414
mae: 0.0808
Test Results:
r2: 0.9903
rmse: 0.1841
mae: 0.0900
66/101
train r2: 0.9997825401785899, valid r2: 0.9942327973028263, test r2: 0.9901545325259566
Training Results:
r2: 0.9998
rmse: 0.0286
mae: 0.0213
Validation Results:
r2: 0.9942
rmse: 0.1391
mae: 0.0801
Test Results:
r2: 0.9902
rmse: 0.1854
mae: 0.0897
67/101
train r2: 0.999743419111405, valid r2: 0.9940248082381052, test r2: 0.9902374758650985
Training Results:
r2: 0.9997
rmse: 0.0311
mae: 0.0226
Validation Results:
r2: 0.9940
rmse: 0.1416
mae: 0.0811
Test Results:
r2: 0.9902
rmse: 0.1846
mae: 0.0908
68/101
train r2: 0.9997381013894309, valid r2: 0.9939910178521616, test r2: 0.9895439372251269
Training Results:
r2: 0.9997
rmse: 0.0314
mae: 0.0239
Validation Results:
r2: 0.9940
rmse: 0.1420
mae: 0.0817
Test Results:
r2: 0.9895
rmse: 0.1911
mae: 0.0910
69/101
train r2: 0.9997966752201125, valid r2: 0.9939886343416976, test r2: 0.989688346585003
Training Results:
r2: 0.9998
rmse: 0.0277
mae: 0.0205
Validation Results:
r2: 0.9940
rmse: 0.1420
mae: 0.0803
Test Results:
r2: 0.9897
rmse: 0.1897
mae: 0.0909
70/101
train r2: 0.9997239437702204, valid r2: 0.9940289235525958, test r2: 0.989823150055935
Training Results:
r2: 0.9997
rmse: 0.0322
mae: 0.0266
Validation Results:
r2: 0.9940
rmse: 0.1415
mae: 0.0821
Test Results:
r2: 0.9898
rmse: 0.1885
mae: 0.0923
71/101
train r2: 0.9998385601448361, valid r2: 0.9940610487257038, test r2: 0.9900329393555397
Training Results:
r2: 0.9998
rmse: 0.0247
mae: 0.0191
Validation Results:
r2: 0.9941
rmse: 0.1412
mae: 0.0802
Test Results:
r2: 0.9900
rmse: 0.1865
mae: 0.0901
72/101
train r2: 0.9998121701179145, valid r2: 0.9939912483171603, test r2: 0.9898136081510469
Training Results:
r2: 0.9998
rmse: 0.0266
mae: 0.0215
Validation Results:
r2: 0.9940
rmse: 0.1420
mae: 0.0809
Test Results:
r2: 0.9898
rmse: 0.1886
mae: 0.0899
73/101
train r2: 0.9998803355514109, valid r2: 0.9941707066010532, test r2: 0.9904334597662271
Training Results:
r2: 0.9999
rmse: 0.0212
mae: 0.0158
Validation Results:
r2: 0.9942
rmse: 0.1399
mae: 0.0796
Test Results:
r2: 0.9904
rmse: 0.1828
mae: 0.0874
74/101
train r2: 0.9998343474227138, valid r2: 0.9940503009754784, test r2: 0.9897678402710515
Training Results:
r2: 0.9998
rmse: 0.0250
mae: 0.0207
Validation Results:
r2: 0.9941
rmse: 0.1413
mae: 0.0805
Test Results:
r2: 0.9898
rmse: 0.1890
mae: 0.0889
75/101
train r2: 0.9998938394010725, valid r2: 0.9941750163068109, test r2: 0.9900451134163456
Training Results:
r2: 0.9999
rmse: 0.0200
mae: 0.0155
Validation Results:
r2: 0.9942
rmse: 0.1398
mae: 0.0790
Test Results:
r2: 0.9900
rmse: 0.1864
mae: 0.0886
76/101
train r2: 0.9998988090909704, valid r2: 0.99421138207446, test r2: 0.9902174123397702
Training Results:
r2: 0.9999
rmse: 0.0195
mae: 0.0148
Validation Results:
r2: 0.9942
rmse: 0.1394
mae: 0.0790
Test Results:
r2: 0.9902
rmse: 0.1848
mae: 0.0881
77/101
train r2: 0.9998935411469967, valid r2: 0.9940952205132157, test r2: 0.9898383416050874
Training Results:
r2: 0.9999
rmse: 0.0200
mae: 0.0153
Validation Results:
r2: 0.9941
rmse: 0.1408
mae: 0.0790
Test Results:
r2: 0.9898
rmse: 0.1884
mae: 0.0886
78/101
train r2: 0.9998969441636214, valid r2: 0.9941934825537906, test r2: 0.9901001361062554
Training Results:
r2: 0.9999
rmse: 0.0197
mae: 0.0155
Validation Results:
r2: 0.9942
rmse: 0.1396
mae: 0.0790
Test Results:
r2: 0.9901
rmse: 0.1859
mae: 0.0891
79/101
train r2: 0.9998286945304949, valid r2: 0.9939975847812392, test r2: 0.9901447630121981
Training Results:
r2: 0.9998
rmse: 0.0254
mae: 0.0190
Validation Results:
r2: 0.9940
rmse: 0.1419
mae: 0.0801
Test Results:
r2: 0.9901
rmse: 0.1855
mae: 0.0893
80/101
train r2: 0.9999148271405605, valid r2: 0.9942469155333107, test r2: 0.9898508761665163
Training Results:
r2: 0.9999
rmse: 0.0179
mae: 0.0131
Validation Results:
r2: 0.9942
rmse: 0.1389
mae: 0.0784
Test Results:
r2: 0.9899
rmse: 0.1882
mae: 0.0877
81/101
train r2: 0.9999112639886583, valid r2: 0.9941556047437299, test r2: 0.9900966580460067
Training Results:
r2: 0.9999
rmse: 0.0183
mae: 0.0144
Validation Results:
r2: 0.9942
rmse: 0.1400
mae: 0.0785
Test Results:
r2: 0.9901
rmse: 0.1860
mae: 0.0880
82/101
train r2: 0.999918060267788, valid r2: 0.9942464572480367, test r2: 0.9903144717442051
Training Results:
r2: 0.9999
rmse: 0.0176
mae: 0.0139
Validation Results:
r2: 0.9942
rmse: 0.1389
mae: 0.0786
Test Results:
r2: 0.9903
rmse: 0.1839
mae: 0.0875
83/101
train r2: 0.9999161995770042, valid r2: 0.9942437720141394, test r2: 0.9905407027727515
Training Results:
r2: 0.9999
rmse: 0.0178
mae: 0.0131
Validation Results:
r2: 0.9942
rmse: 0.1390
mae: 0.0779
Test Results:
r2: 0.9905
rmse: 0.1817
mae: 0.0868
84/101
train r2: 0.9999583892724444, valid r2: 0.9942378461317479, test r2: 0.9903862427253113
Training Results:
r2: 1.0000
rmse: 0.0125
mae: 0.0089
Validation Results:
r2: 0.9942
rmse: 0.1390
mae: 0.0783
Test Results:
r2: 0.9904
rmse: 0.1832
mae: 0.0874
85/101
train r2: 0.9999765230402442, valid r2: 0.99423520250544, test r2: 0.9902842234101559
Training Results:
r2: 1.0000
rmse: 0.0094
mae: 0.0072
Validation Results:
r2: 0.9942
rmse: 0.1391
mae: 0.0779
Test Results:
r2: 0.9903
rmse: 0.1842
mae: 0.0867
86/101
train r2: 0.9999779609032878, valid r2: 0.9942459563006414, test r2: 0.9902586985505915
Training Results:
r2: 1.0000
rmse: 0.0091
mae: 0.0069
Validation Results:
r2: 0.9942
rmse: 0.1389
mae: 0.0774
Test Results:
r2: 0.9903
rmse: 0.1844
mae: 0.0871
87/101
train r2: 0.9999631489090147, valid r2: 0.994321762643844, test r2: 0.9901843517193641
Training Results:
r2: 1.0000
rmse: 0.0118
mae: 0.0088
Validation Results:
r2: 0.9943
rmse: 0.1380
mae: 0.0773
Test Results:
r2: 0.9902
rmse: 0.1851
mae: 0.0869
88/101
train r2: 0.9999796185698686, valid r2: 0.9941832771848299, test r2: 0.9900757547130549
Training Results:
r2: 1.0000
rmse: 0.0088
mae: 0.0066
Validation Results:
r2: 0.9942
rmse: 0.1397
mae: 0.0777
Test Results:
r2: 0.9901
rmse: 0.1861
mae: 0.0870
89/101
train r2: 0.9999824371801118, valid r2: 0.994282315872918, test r2: 0.9902591706053596
Training Results:
r2: 1.0000
rmse: 0.0081
mae: 0.0064
Validation Results:
r2: 0.9943
rmse: 0.1385
mae: 0.0773
Test Results:
r2: 0.9903
rmse: 0.1844
mae: 0.0868
90/101
train r2: 0.9999892530928344, valid r2: 0.9941937680190659, test r2: 0.9902000268712925
Training Results:
r2: 1.0000
rmse: 0.0064
mae: 0.0048
Validation Results:
r2: 0.9942
rmse: 0.1396
mae: 0.0776
Test Results:
r2: 0.9902
rmse: 0.1850
mae: 0.0865
91/101
train r2: 0.9999900649016469, valid r2: 0.9942811696223552, test r2: 0.9901323846045663
Training Results:
r2: 1.0000
rmse: 0.0061
mae: 0.0046
Validation Results:
r2: 0.9943
rmse: 0.1385
mae: 0.0773
Test Results:
r2: 0.9901
rmse: 0.1856
mae: 0.0866
92/101
train r2: 0.9999886191248164, valid r2: 0.9942235303720128, test r2: 0.9902285121353532
Training Results:
r2: 1.0000
rmse: 0.0066
mae: 0.0051
Validation Results:
r2: 0.9942
rmse: 0.1392
mae: 0.0775
Test Results:
r2: 0.9902
rmse: 0.1847
mae: 0.0868
93/101
train r2: 0.9999942201724648, valid r2: 0.9942443715047645, test r2: 0.9901038524775775
Training Results:
r2: 1.0000
rmse: 0.0047
mae: 0.0035
Validation Results:
r2: 0.9942
rmse: 0.1390
mae: 0.0772
Test Results:
r2: 0.9901
rmse: 0.1859
mae: 0.0867
94/101
train r2: 0.9999951573711983, valid r2: 0.9942796090622315, test r2: 0.9902100718651453
Training Results:
r2: 1.0000
rmse: 0.0043
mae: 0.0033
Validation Results:
r2: 0.9943
rmse: 0.1385
mae: 0.0772
Test Results:
r2: 0.9902
rmse: 0.1849
mae: 0.0864
95/101
train r2: 0.9999974584231336, valid r2: 0.994254019551344, test r2: 0.9901588257297591
Training Results:
r2: 1.0000
rmse: 0.0031
mae: 0.0024
Validation Results:
r2: 0.9943
rmse: 0.1389
mae: 0.0773
Test Results:
r2: 0.9902
rmse: 0.1854
mae: 0.0865
96/101
train r2: 0.9999984866296935, valid r2: 0.9942636860698842, test r2: 0.990139697083
Training Results:
r2: 1.0000
rmse: 0.0024
mae: 0.0019
Validation Results:
r2: 0.9943
rmse: 0.1387
mae: 0.0772
Test Results:
r2: 0.9901
rmse: 0.1855
mae: 0.0867
97/101
train r2: 0.9999991889660159, valid r2: 0.9942705821922481, test r2: 0.9901669550151159
Training Results:
r2: 1.0000
rmse: 0.0017
mae: 0.0013
Validation Results:
r2: 0.9943
rmse: 0.1387
mae: 0.0772
Test Results:
r2: 0.9902
rmse: 0.1853
mae: 0.0865
98/101
train r2: 0.9999995953957815, valid r2: 0.9942617443415764, test r2: 0.9901682362190868
Training Results:
r2: 1.0000
rmse: 0.0012
mae: 0.0009
Validation Results:
r2: 0.9943
rmse: 0.1388
mae: 0.0772
Test Results:
r2: 0.9902
rmse: 0.1853
mae: 0.0865
99/101
train r2: 0.9999997101715058, valid r2: 0.9942664814309443, test r2: 0.990168281829628
Training Results:
r2: 1.0000
rmse: 0.0010
mae: 0.0008
Validation Results:
r2: 0.9943
rmse: 0.1387
mae: 0.0772
Test Results:
r2: 0.9902
rmse: 0.1853
mae: 0.0865
100/101
train r2: 0.9999997826009581, valid r2: 0.9942675549986247, test r2: 0.9901710948081139
Training Results:
r2: 1.0000
rmse: 0.0009
mae: 0.0007
Validation Results:
r2: 0.9943
rmse: 0.1387
mae: 0.0772
Test Results:
r2: 0.9902
rmse: 0.1853
mae: 0.0865
train: 1.0000, val: 0.9943, test: 0.9902
end_test_result: (0.9895394945419809, 0.19111183285713196, 0.09620803594589233)
args.seed: 2044
use label scaler
use label scaler
use label scaler
model have 90.143705M paramerters in total
train_dataset.mean: tensor([-2.4512]) train_dataset.std: tensor([1.9425])
1/101
train r2: 0.833801547821726, valid r2: 0.8100724221068333, test r2: 0.7915218242906211
Training Results:
r2: 0.8338
rmse: 0.7916
mae: 0.5967
Validation Results:
r2: 0.8101
rmse: 0.7983
mae: 0.5944
Test Results:
r2: 0.7915
rmse: 0.8532
mae: 0.6338
2/101
train r2: 0.9558584090220694, valid r2: 0.9382406376319031, test r2: 0.9281367405482945
Training Results:
r2: 0.9559
rmse: 0.4077
mae: 0.2956
Validation Results:
r2: 0.9382
rmse: 0.4552
mae: 0.3269
Test Results:
r2: 0.9281
rmse: 0.5009
mae: 0.3414
3/101
train r2: 0.9782483819159594, valid r2: 0.9644420427206389, test r2: 0.9578200979667174
Training Results:
r2: 0.9782
rmse: 0.2865
mae: 0.2147
Validation Results:
r2: 0.9644
rmse: 0.3454
mae: 0.2506
Test Results:
r2: 0.9578
rmse: 0.3838
mae: 0.2639
4/101
train r2: 0.9874439684677342, valid r2: 0.9730998437626265, test r2: 0.9705036277065657
Training Results:
r2: 0.9874
rmse: 0.2172
mae: 0.1686
Validation Results:
r2: 0.9731
rmse: 0.3004
mae: 0.2155
Test Results:
r2: 0.9705
rmse: 0.3209
mae: 0.2293
5/101
train r2: 0.9934341324183199, valid r2: 0.9795863866614691, test r2: 0.9768198537972156
Training Results:
r2: 0.9934
rmse: 0.1574
mae: 0.1235
Validation Results:
r2: 0.9796
rmse: 0.2617
mae: 0.1843
Test Results:
r2: 0.9768
rmse: 0.2845
mae: 0.1930
6/101
train r2: 0.9937191855502239, valid r2: 0.9796107924817258, test r2: 0.9775902410570546
Training Results:
r2: 0.9937
rmse: 0.1540
mae: 0.1237
Validation Results:
r2: 0.9796
rmse: 0.2616
mae: 0.1892
Test Results:
r2: 0.9776
rmse: 0.2797
mae: 0.1970
7/101
train r2: 0.9922063450937852, valid r2: 0.9771682582104897, test r2: 0.9766842534839524
Training Results:
r2: 0.9922
rmse: 0.1715
mae: 0.1286
Validation Results:
r2: 0.9772
rmse: 0.2768
mae: 0.1953
Test Results:
r2: 0.9767
rmse: 0.2853
mae: 0.2002
8/101
train r2: 0.9953822625420928, valid r2: 0.9831293616915288, test r2: 0.9791874663110982
Training Results:
r2: 0.9954
rmse: 0.1321
mae: 0.1002
Validation Results:
r2: 0.9831
rmse: 0.2379
mae: 0.1666
Test Results:
r2: 0.9792
rmse: 0.2696
mae: 0.1784
9/101
train r2: 0.9928030263873999, valid r2: 0.9805437533096294, test r2: 0.9784571690884608
Training Results:
r2: 0.9928
rmse: 0.1649
mae: 0.1298
Validation Results:
r2: 0.9805
rmse: 0.2555
mae: 0.1887
Test Results:
r2: 0.9785
rmse: 0.2743
mae: 0.1933
10/101
train r2: 0.9929222600028033, valid r2: 0.9822721189242621, test r2: 0.9775399383352643
Training Results:
r2: 0.9929
rmse: 0.1634
mae: 0.1236
Validation Results:
r2: 0.9823
rmse: 0.2439
mae: 0.1728
Test Results:
r2: 0.9775
rmse: 0.2800
mae: 0.1829
11/101
train r2: 0.9927009628337264, valid r2: 0.9818637396499368, test r2: 0.9793579159899537
Training Results:
r2: 0.9927
rmse: 0.1660
mae: 0.1275
Validation Results:
r2: 0.9819
rmse: 0.2467
mae: 0.1759
Test Results:
r2: 0.9794
rmse: 0.2685
mae: 0.1792
12/101
train r2: 0.9951047701227166, valid r2: 0.9853116259176585, test r2: 0.9816050218886003
Training Results:
r2: 0.9951
rmse: 0.1359
mae: 0.1018
Validation Results:
r2: 0.9853
rmse: 0.2220
mae: 0.1501
Test Results:
r2: 0.9816
rmse: 0.2534
mae: 0.1582
13/101
train r2: 0.9972567534654854, valid r2: 0.987637908497254, test r2: 0.9841223799221963
Training Results:
r2: 0.9973
rmse: 0.1017
mae: 0.0773
Validation Results:
r2: 0.9876
rmse: 0.2037
mae: 0.1340
Test Results:
r2: 0.9841
rmse: 0.2355
mae: 0.1461
14/101
train r2: 0.9962493425397813, valid r2: 0.9863872044867092, test r2: 0.98350786517254
Training Results:
r2: 0.9962
rmse: 0.1190
mae: 0.0923
Validation Results:
r2: 0.9864
rmse: 0.2137
mae: 0.1472
Test Results:
r2: 0.9835
rmse: 0.2400
mae: 0.1484
15/101
train r2: 0.9959026170802542, valid r2: 0.9862483416605737, test r2: 0.9827700130896069
Training Results:
r2: 0.9959
rmse: 0.1243
mae: 0.1019
Validation Results:
r2: 0.9862
rmse: 0.2148
mae: 0.1502
Test Results:
r2: 0.9828
rmse: 0.2453
mae: 0.1552
16/101
train r2: 0.9966285831836116, valid r2: 0.9878819754207627, test r2: 0.9854320583843253
Training Results:
r2: 0.9966
rmse: 0.1128
mae: 0.0861
Validation Results:
r2: 0.9879
rmse: 0.2016
mae: 0.1358
Test Results:
r2: 0.9854
rmse: 0.2255
mae: 0.1403
17/101
train r2: 0.9974890218845126, valid r2: 0.9889621176261403, test r2: 0.9860909988758826
Training Results:
r2: 0.9975
rmse: 0.0974
mae: 0.0727
Validation Results:
r2: 0.9890
rmse: 0.1924
mae: 0.1262
Test Results:
r2: 0.9861
rmse: 0.2204
mae: 0.1352
18/101
train r2: 0.9969742860527167, valid r2: 0.9894717926501094, test r2: 0.9852413805252296
Training Results:
r2: 0.9970
rmse: 0.1068
mae: 0.0804
Validation Results:
r2: 0.9895
rmse: 0.1880
mae: 0.1256
Test Results:
r2: 0.9852
rmse: 0.2270
mae: 0.1379
19/101
train r2: 0.9964510285908839, valid r2: 0.9890241405685654, test r2: 0.9846652320783387
Training Results:
r2: 0.9965
rmse: 0.1158
mae: 0.0886
Validation Results:
r2: 0.9890
rmse: 0.1919
mae: 0.1296
Test Results:
r2: 0.9847
rmse: 0.2314
mae: 0.1458
20/101
train r2: 0.9976798837072586, valid r2: 0.9897664040387344, test r2: 0.9867155094399157
Training Results:
r2: 0.9977
rmse: 0.0936
mae: 0.0709
Validation Results:
r2: 0.9898
rmse: 0.1853
mae: 0.1233
Test Results:
r2: 0.9867
rmse: 0.2154
mae: 0.1271
21/101
train r2: 0.9970307373552116, valid r2: 0.9887988676864807, test r2: 0.9845397699867343
Training Results:
r2: 0.9970
rmse: 0.1059
mae: 0.0839
Validation Results:
r2: 0.9888
rmse: 0.1939
mae: 0.1280
Test Results:
r2: 0.9845
rmse: 0.2323
mae: 0.1385
22/101
train r2: 0.996800147193847, valid r2: 0.9891814888701025, test r2: 0.9839795927497526
Training Results:
r2: 0.9968
rmse: 0.1099
mae: 0.0755
Validation Results:
r2: 0.9892
rmse: 0.1905
mae: 0.1222
Test Results:
r2: 0.9840
rmse: 0.2365
mae: 0.1304
23/101
train r2: 0.9975419394849909, valid r2: 0.9895931287571896, test r2: 0.986856153245985
Training Results:
r2: 0.9975
rmse: 0.0963
mae: 0.0730
Validation Results:
r2: 0.9896
rmse: 0.1869
mae: 0.1224
Test Results:
r2: 0.9869
rmse: 0.2142
mae: 0.1253
24/101
train r2: 0.9964394525701585, valid r2: 0.9894353431410411, test r2: 0.9852727135375132
Training Results:
r2: 0.9964
rmse: 0.1159
mae: 0.0861
Validation Results:
r2: 0.9894
rmse: 0.1883
mae: 0.1237
Test Results:
r2: 0.9853
rmse: 0.2268
mae: 0.1349
25/101
train r2: 0.9967463176423349, valid r2: 0.9886793997569011, test r2: 0.9842463809596221
Training Results:
r2: 0.9967
rmse: 0.1108
mae: 0.0843
Validation Results:
r2: 0.9887
rmse: 0.1949
mae: 0.1265
Test Results:
r2: 0.9842
rmse: 0.2345
mae: 0.1357
26/101
train r2: 0.9980990628200157, valid r2: 0.9905750178738421, test r2: 0.9882021565546055
Training Results:
r2: 0.9981
rmse: 0.0847
mae: 0.0611
Validation Results:
r2: 0.9906
rmse: 0.1778
mae: 0.1142
Test Results:
r2: 0.9882
rmse: 0.2030
mae: 0.1171
27/101
train r2: 0.9984406686662243, valid r2: 0.9909603892455815, test r2: 0.9882684202033936
Training Results:
r2: 0.9984
rmse: 0.0767
mae: 0.0572
Validation Results:
r2: 0.9910
rmse: 0.1742
mae: 0.1077
Test Results:
r2: 0.9883
rmse: 0.2024
mae: 0.1142
28/101
train r2: 0.998400640201452, valid r2: 0.9916612146231046, test r2: 0.9875375803805417
Training Results:
r2: 0.9984
rmse: 0.0777
mae: 0.0591
Validation Results:
r2: 0.9917
rmse: 0.1673
mae: 0.1044
Test Results:
r2: 0.9875
rmse: 0.2086
mae: 0.1178
29/101
train r2: 0.9978553552415044, valid r2: 0.9899586883846694, test r2: 0.9869667626596985
Training Results:
r2: 0.9979
rmse: 0.0899
mae: 0.0703
Validation Results:
r2: 0.9900
rmse: 0.1836
mae: 0.1157
Test Results:
r2: 0.9870
rmse: 0.2133
mae: 0.1183
30/101
train r2: 0.9979559669316558, valid r2: 0.9911454882036895, test r2: 0.9871008634530323
Training Results:
r2: 0.9980
rmse: 0.0878
mae: 0.0657
Validation Results:
r2: 0.9911
rmse: 0.1724
mae: 0.1093
Test Results:
r2: 0.9871
rmse: 0.2122
mae: 0.1185
31/101
train r2: 0.9978586405625464, valid r2: 0.990359569893247, test r2: 0.9872822409476327
Training Results:
r2: 0.9979
rmse: 0.0899
mae: 0.0730
Validation Results:
r2: 0.9904
rmse: 0.1799
mae: 0.1185
Test Results:
r2: 0.9873
rmse: 0.2107
mae: 0.1266
32/101
train r2: 0.9984593433843033, valid r2: 0.9913605187130096, test r2: 0.9875379873524534
Training Results:
r2: 0.9985
rmse: 0.0762
mae: 0.0569
Validation Results:
r2: 0.9914
rmse: 0.1703
mae: 0.1057
Test Results:
r2: 0.9875
rmse: 0.2086
mae: 0.1134
33/101
train r2: 0.9982069816892806, valid r2: 0.9913998825796021, test r2: 0.987649652237453
Training Results:
r2: 0.9982
rmse: 0.0822
mae: 0.0606
Validation Results:
r2: 0.9914
rmse: 0.1699
mae: 0.1054
Test Results:
r2: 0.9876
rmse: 0.2077
mae: 0.1147
34/101
train r2: 0.9985981680246047, valid r2: 0.9921900847009805, test r2: 0.9889594733638094
Training Results:
r2: 0.9986
rmse: 0.0727
mae: 0.0551
Validation Results:
r2: 0.9922
rmse: 0.1619
mae: 0.1020
Test Results:
r2: 0.9890
rmse: 0.1963
mae: 0.1108
35/101
train r2: 0.9987875984323744, valid r2: 0.9922188641604137, test r2: 0.9886549939627515
Training Results:
r2: 0.9988
rmse: 0.0676
mae: 0.0509
Validation Results:
r2: 0.9922
rmse: 0.1616
mae: 0.0999
Test Results:
r2: 0.9887
rmse: 0.1990
mae: 0.1108
36/101
train r2: 0.9989863087501349, valid r2: 0.9924273753139957, test r2: 0.9888707846856106
Training Results:
r2: 0.9990
rmse: 0.0619
mae: 0.0447
Validation Results:
r2: 0.9924
rmse: 0.1594
mae: 0.0981
Test Results:
r2: 0.9889
rmse: 0.1971
mae: 0.1059
37/101
train r2: 0.9987928045367873, valid r2: 0.9922560826220526, test r2: 0.9890368309918193
Training Results:
r2: 0.9988
rmse: 0.0675
mae: 0.0489
Validation Results:
r2: 0.9923
rmse: 0.1612
mae: 0.0988
Test Results:
r2: 0.9890
rmse: 0.1956
mae: 0.1064
38/101
train r2: 0.9992001519306652, valid r2: 0.9926525735381996, test r2: 0.9886719130636642
Training Results:
r2: 0.9992
rmse: 0.0549
mae: 0.0402
Validation Results:
r2: 0.9927
rmse: 0.1570
mae: 0.0936
Test Results:
r2: 0.9887
rmse: 0.1989
mae: 0.1025
39/101
train r2: 0.9981324468980156, valid r2: 0.9912141447937416, test r2: 0.987347117302372
Training Results:
r2: 0.9981
rmse: 0.0840
mae: 0.0638
Validation Results:
r2: 0.9912
rmse: 0.1717
mae: 0.1081
Test Results:
r2: 0.9873
rmse: 0.2102
mae: 0.1162
40/101
train r2: 0.9990837041749225, valid r2: 0.9925185740150189, test r2: 0.9887278139416998
Training Results:
r2: 0.9991
rmse: 0.0588
mae: 0.0438
Validation Results:
r2: 0.9925
rmse: 0.1584
mae: 0.0963
Test Results:
r2: 0.9887
rmse: 0.1984
mae: 0.1024
41/101
train r2: 0.998846053143381, valid r2: 0.9925328060500342, test r2: 0.9880783769627511
Training Results:
r2: 0.9988
rmse: 0.0659
mae: 0.0495
Validation Results:
r2: 0.9925
rmse: 0.1583
mae: 0.0988
Test Results:
r2: 0.9881
rmse: 0.2040
mae: 0.1103
42/101
train r2: 0.9988650331387806, valid r2: 0.9926010250633074, test r2: 0.9884364216052658
Training Results:
r2: 0.9989
rmse: 0.0655
mae: 0.0524
Validation Results:
r2: 0.9926
rmse: 0.1576
mae: 0.0987
Test Results:
r2: 0.9884
rmse: 0.2009
mae: 0.1070
43/101
train r2: 0.9987810256657527, valid r2: 0.9925737412339491, test r2: 0.9896553987118905
Training Results:
r2: 0.9988
rmse: 0.0678
mae: 0.0483
Validation Results:
r2: 0.9926
rmse: 0.1579
mae: 0.0974
Test Results:
r2: 0.9897
rmse: 0.1901
mae: 0.1058
44/101
train r2: 0.9993678502699438, valid r2: 0.9931968188308671, test r2: 0.9892494874936902
Training Results:
r2: 0.9994
rmse: 0.0488
mae: 0.0364
Validation Results:
r2: 0.9932
rmse: 0.1511
mae: 0.0902
Test Results:
r2: 0.9892
rmse: 0.1937
mae: 0.0986
45/101
train r2: 0.998772844199692, valid r2: 0.9923932639326718, test r2: 0.9888198611593291
Training Results:
r2: 0.9988
rmse: 0.0680
mae: 0.0538
Validation Results:
r2: 0.9924
rmse: 0.1598
mae: 0.1004
Test Results:
r2: 0.9888
rmse: 0.1976
mae: 0.1097
46/101
train r2: 0.9994371302154446, valid r2: 0.993168450512203, test r2: 0.989409898051562
Training Results:
r2: 0.9994
rmse: 0.0461
mae: 0.0351
Validation Results:
r2: 0.9932
rmse: 0.1514
mae: 0.0912
Test Results:
r2: 0.9894
rmse: 0.1923
mae: 0.0982
47/101
train r2: 0.9990120640618518, valid r2: 0.9932490020375936, test r2: 0.9893629047453473
Training Results:
r2: 0.9990
rmse: 0.0611
mae: 0.0463
Validation Results:
r2: 0.9932
rmse: 0.1505
mae: 0.0942
Test Results:
r2: 0.9894
rmse: 0.1927
mae: 0.1054
48/101
train r2: 0.9991676802633419, valid r2: 0.9925535032068095, test r2: 0.9897985431170265
Training Results:
r2: 0.9992
rmse: 0.0560
mae: 0.0420
Validation Results:
r2: 0.9926
rmse: 0.1581
mae: 0.0944
Test Results:
r2: 0.9898
rmse: 0.1887
mae: 0.0988
49/101
train r2: 0.9991560099352073, valid r2: 0.9930322930044791, test r2: 0.9899437237290227
Training Results:
r2: 0.9992
rmse: 0.0564
mae: 0.0419
Validation Results:
r2: 0.9930
rmse: 0.1529
mae: 0.0952
Test Results:
r2: 0.9899
rmse: 0.1874
mae: 0.1009
50/101
train r2: 0.9988590036142219, valid r2: 0.9927595121512934, test r2: 0.9884543091581157
Training Results:
r2: 0.9989
rmse: 0.0656
mae: 0.0537
Validation Results:
r2: 0.9928
rmse: 0.1559
mae: 0.0990
Test Results:
r2: 0.9885
rmse: 0.2008
mae: 0.1077
51/101
train r2: 0.9992732054102338, valid r2: 0.9931311807963475, test r2: 0.9885204951151101
Training Results:
r2: 0.9993
rmse: 0.0524
mae: 0.0392
Validation Results:
r2: 0.9931
rmse: 0.1518
mae: 0.0919
Test Results:
r2: 0.9885
rmse: 0.2002
mae: 0.1026
52/101
train r2: 0.9996045624282115, valid r2: 0.9935562126356693, test r2: 0.9899821182980091
Training Results:
r2: 0.9996
rmse: 0.0386
mae: 0.0296
Validation Results:
r2: 0.9936
rmse: 0.1470
mae: 0.0864
Test Results:
r2: 0.9900
rmse: 0.1870
mae: 0.0944
53/101
train r2: 0.9994571579933843, valid r2: 0.993324685479634, test r2: 0.9891652315285202
Training Results:
r2: 0.9995
rmse: 0.0453
mae: 0.0363
Validation Results:
r2: 0.9933
rmse: 0.1497
mae: 0.0901
Test Results:
r2: 0.9892
rmse: 0.1945
mae: 0.0980
54/101
train r2: 0.9995544209850423, valid r2: 0.9935993132884703, test r2: 0.9903022716749746
Training Results:
r2: 0.9996
rmse: 0.0410
mae: 0.0297
Validation Results:
r2: 0.9936
rmse: 0.1465
mae: 0.0882
Test Results:
r2: 0.9903
rmse: 0.1840
mae: 0.0949
55/101
train r2: 0.9995825401138327, valid r2: 0.9934820349894274, test r2: 0.9895133405971992
Training Results:
r2: 0.9996
rmse: 0.0397
mae: 0.0300
Validation Results:
r2: 0.9935
rmse: 0.1479
mae: 0.0880
Test Results:
r2: 0.9895
rmse: 0.1914
mae: 0.0960
56/101
train r2: 0.9992111730819001, valid r2: 0.9927401145297874, test r2: 0.9892882485321937
Training Results:
r2: 0.9992
rmse: 0.0546
mae: 0.0435
Validation Results:
r2: 0.9927
rmse: 0.1561
mae: 0.0954
Test Results:
r2: 0.9893
rmse: 0.1934
mae: 0.1025
57/101
train r2: 0.9995156050474439, valid r2: 0.9937812093903383, test r2: 0.9895393174340615
Training Results:
r2: 0.9995
rmse: 0.0427
mae: 0.0319
Validation Results:
r2: 0.9938
rmse: 0.1445
mae: 0.0860
Test Results:
r2: 0.9895
rmse: 0.1911
mae: 0.0962
58/101
train r2: 0.9991682570284897, valid r2: 0.9930990079167744, test r2: 0.9889548365014713
Training Results:
r2: 0.9992
rmse: 0.0560
mae: 0.0433
Validation Results:
r2: 0.9931
rmse: 0.1522
mae: 0.0922
Test Results:
r2: 0.9890
rmse: 0.1964
mae: 0.1023
59/101
train r2: 0.9996962924370625, valid r2: 0.9937120222632795, test r2: 0.9896904174724291
Training Results:
r2: 0.9997
rmse: 0.0338
mae: 0.0252
Validation Results:
r2: 0.9937
rmse: 0.1453
mae: 0.0844
Test Results:
r2: 0.9897
rmse: 0.1897
mae: 0.0945
60/101
train r2: 0.9995261893615531, valid r2: 0.9934998530115012, test r2: 0.9895665392895852
Training Results:
r2: 0.9995
rmse: 0.0423
mae: 0.0357
Validation Results:
r2: 0.9935
rmse: 0.1477
mae: 0.0885
Test Results:
r2: 0.9896
rmse: 0.1909
mae: 0.0980
61/101
train r2: 0.9995567705998308, valid r2: 0.9931957530650767, test r2: 0.9894141093814222
Training Results:
r2: 0.9996
rmse: 0.0409
mae: 0.0326
Validation Results:
r2: 0.9932
rmse: 0.1511
mae: 0.0898
Test Results:
r2: 0.9894
rmse: 0.1923
mae: 0.0985
62/101
train r2: 0.9995647857114576, valid r2: 0.9935890295577423, test r2: 0.9899866075743164
Training Results:
r2: 0.9996
rmse: 0.0405
mae: 0.0328
Validation Results:
r2: 0.9936
rmse: 0.1467
mae: 0.0881
Test Results:
r2: 0.9900
rmse: 0.1870
mae: 0.0970
63/101
train r2: 0.9996981584708641, valid r2: 0.993641936221824, test r2: 0.989906498933106
Training Results:
r2: 0.9997
rmse: 0.0337
mae: 0.0237
Validation Results:
r2: 0.9936
rmse: 0.1461
mae: 0.0853
Test Results:
r2: 0.9899
rmse: 0.1877
mae: 0.0927
64/101
train r2: 0.9996565886959848, valid r2: 0.9938026335639214, test r2: 0.9902305105253671
Training Results:
r2: 0.9997
rmse: 0.0360
mae: 0.0276
Validation Results:
r2: 0.9938
rmse: 0.1442
mae: 0.0860
Test Results:
r2: 0.9902
rmse: 0.1847
mae: 0.0939
65/101
train r2: 0.9995447469011991, valid r2: 0.9936165293360532, test r2: 0.9892267393081411
Training Results:
r2: 0.9995
rmse: 0.0415
mae: 0.0305
Validation Results:
r2: 0.9936
rmse: 0.1464
mae: 0.0864
Test Results:
r2: 0.9892
rmse: 0.1939
mae: 0.0937
66/101
train r2: 0.9995772919697784, valid r2: 0.9935393928907423, test r2: 0.9898201667628053
Training Results:
r2: 0.9996
rmse: 0.0399
mae: 0.0316
Validation Results:
r2: 0.9935
rmse: 0.1472
mae: 0.0874
Test Results:
r2: 0.9898
rmse: 0.1885
mae: 0.0952
67/101
train r2: 0.9997007373412907, valid r2: 0.9935875251625255, test r2: 0.9899562765295159
Training Results:
r2: 0.9997
rmse: 0.0336
mae: 0.0260
Validation Results:
r2: 0.9936
rmse: 0.1467
mae: 0.0851
Test Results:
r2: 0.9900
rmse: 0.1873
mae: 0.0947
68/101
train r2: 0.9998738235813556, valid r2: 0.9940287605733404, test r2: 0.9902018633957471
Training Results:
r2: 0.9999
rmse: 0.0218
mae: 0.0157
Validation Results:
r2: 0.9940
rmse: 0.1415
mae: 0.0823
Test Results:
r2: 0.9902
rmse: 0.1850
mae: 0.0908
69/101
train r2: 0.9998173580410346, valid r2: 0.9939937492368822, test r2: 0.9899879156834822
Training Results:
r2: 0.9998
rmse: 0.0263
mae: 0.0210
Validation Results:
r2: 0.9940
rmse: 0.1420
mae: 0.0835
Test Results:
r2: 0.9900
rmse: 0.1870
mae: 0.0923
70/101
train r2: 0.9997887062558909, valid r2: 0.994020165001525, test r2: 0.98986699235925
Training Results:
r2: 0.9998
rmse: 0.0282
mae: 0.0225
Validation Results:
r2: 0.9940
rmse: 0.1416
mae: 0.0838
Test Results:
r2: 0.9899
rmse: 0.1881
mae: 0.0939
71/101
train r2: 0.9997680037564177, valid r2: 0.9935941622719705, test r2: 0.9899615656669347
Training Results:
r2: 0.9998
rmse: 0.0296
mae: 0.0202
Validation Results:
r2: 0.9936
rmse: 0.1466
mae: 0.0839
Test Results:
r2: 0.9900
rmse: 0.1872
mae: 0.0921
72/101
train r2: 0.9998613527780075, valid r2: 0.9940833940617466, test r2: 0.9903869174133437
Training Results:
r2: 0.9999
rmse: 0.0229
mae: 0.0173
Validation Results:
r2: 0.9941
rmse: 0.1409
mae: 0.0822
Test Results:
r2: 0.9904
rmse: 0.1832
mae: 0.0906
73/101
train r2: 0.9998239454969697, valid r2: 0.9938548416652279, test r2: 0.9901184142983561
Training Results:
r2: 0.9998
rmse: 0.0258
mae: 0.0197
Validation Results:
r2: 0.9939
rmse: 0.1436
mae: 0.0830
Test Results:
r2: 0.9901
rmse: 0.1857
mae: 0.0923
74/101
train r2: 0.9998842103300788, valid r2: 0.9940315715646298, test r2: 0.9897495783516489
Training Results:
r2: 0.9999
rmse: 0.0209
mae: 0.0154
Validation Results:
r2: 0.9940
rmse: 0.1415
mae: 0.0811
Test Results:
r2: 0.9897
rmse: 0.1892
mae: 0.0911
75/101
train r2: 0.9998459768211901, valid r2: 0.9939306980090935, test r2: 0.9899041673068397
Training Results:
r2: 0.9998
rmse: 0.0241
mae: 0.0181
Validation Results:
r2: 0.9939
rmse: 0.1427
mae: 0.0820
Test Results:
r2: 0.9899
rmse: 0.1878
mae: 0.0922
76/101
train r2: 0.999891183879573, valid r2: 0.9940098045746861, test r2: 0.9901364974073759
Training Results:
r2: 0.9999
rmse: 0.0203
mae: 0.0153
Validation Results:
r2: 0.9940
rmse: 0.1418
mae: 0.0816
Test Results:
r2: 0.9901
rmse: 0.1856
mae: 0.0902
77/101
train r2: 0.9998967227264008, valid r2: 0.9939815338411626, test r2: 0.9904342931651621
Training Results:
r2: 0.9999
rmse: 0.0197
mae: 0.0145
Validation Results:
r2: 0.9940
rmse: 0.1421
mae: 0.0820
Test Results:
r2: 0.9904
rmse: 0.1828
mae: 0.0894
78/101
train r2: 0.9999214863147795, valid r2: 0.9940744827537821, test r2: 0.9901760876152065
Training Results:
r2: 0.9999
rmse: 0.0172
mae: 0.0133
Validation Results:
r2: 0.9941
rmse: 0.1410
mae: 0.0805
Test Results:
r2: 0.9902
rmse: 0.1852
mae: 0.0899
79/101
train r2: 0.9999204089807628, valid r2: 0.9941266635282197, test r2: 0.9903807518317348
Training Results:
r2: 0.9999
rmse: 0.0173
mae: 0.0128
Validation Results:
r2: 0.9941
rmse: 0.1404
mae: 0.0810
Test Results:
r2: 0.9904
rmse: 0.1833
mae: 0.0894
80/101
train r2: 0.9999238483369627, valid r2: 0.9940457553336636, test r2: 0.9902320247852248
Training Results:
r2: 0.9999
rmse: 0.0170
mae: 0.0128
Validation Results:
r2: 0.9940
rmse: 0.1413
mae: 0.0816
Test Results:
r2: 0.9902
rmse: 0.1847
mae: 0.0902
81/101
train r2: 0.9999076969759246, valid r2: 0.994095823813272, test r2: 0.9901455764022646
Training Results:
r2: 0.9999
rmse: 0.0187
mae: 0.0147
Validation Results:
r2: 0.9941
rmse: 0.1408
mae: 0.0819
Test Results:
r2: 0.9901
rmse: 0.1855
mae: 0.0900
82/101
train r2: 0.9999117063474209, valid r2: 0.9940097134050656, test r2: 0.9901772072787162
Training Results:
r2: 0.9999
rmse: 0.0183
mae: 0.0139
Validation Results:
r2: 0.9940
rmse: 0.1418
mae: 0.0814
Test Results:
r2: 0.9902
rmse: 0.1852
mae: 0.0897
83/101
train r2: 0.9999436664372826, valid r2: 0.9940674119544005, test r2: 0.9901200674340405
Training Results:
r2: 0.9999
rmse: 0.0146
mae: 0.0109
Validation Results:
r2: 0.9941
rmse: 0.1411
mae: 0.0813
Test Results:
r2: 0.9901
rmse: 0.1857
mae: 0.0901
84/101
train r2: 0.9999484857913118, valid r2: 0.9939843342135041, test r2: 0.990251123689821
Training Results:
r2: 0.9999
rmse: 0.0139
mae: 0.0107
Validation Results:
r2: 0.9940
rmse: 0.1421
mae: 0.0811
Test Results:
r2: 0.9903
rmse: 0.1845
mae: 0.0895
85/101
train r2: 0.9999503921946311, valid r2: 0.9940628779153151, test r2: 0.9902946628956439
Training Results:
r2: 1.0000
rmse: 0.0137
mae: 0.0103
Validation Results:
r2: 0.9941
rmse: 0.1411
mae: 0.0816
Test Results:
r2: 0.9903
rmse: 0.1841
mae: 0.0898
86/101
train r2: 0.9999727635372949, valid r2: 0.9941173238073608, test r2: 0.9900132572760784
Training Results:
r2: 1.0000
rmse: 0.0101
mae: 0.0074
Validation Results:
r2: 0.9941
rmse: 0.1405
mae: 0.0802
Test Results:
r2: 0.9900
rmse: 0.1867
mae: 0.0897
87/101
train r2: 0.9999686282526863, valid r2: 0.994110344508575, test r2: 0.9904643493406916
Training Results:
r2: 1.0000
rmse: 0.0109
mae: 0.0084
Validation Results:
r2: 0.9941
rmse: 0.1406
mae: 0.0807
Test Results:
r2: 0.9905
rmse: 0.1825
mae: 0.0886
88/101
train r2: 0.9999731953486091, valid r2: 0.9940236349518118, test r2: 0.9900639538743671
Training Results:
r2: 1.0000
rmse: 0.0101
mae: 0.0073
Validation Results:
r2: 0.9940
rmse: 0.1416
mae: 0.0806
Test Results:
r2: 0.9901
rmse: 0.1863
mae: 0.0893
89/101
train r2: 0.9999806895779995, valid r2: 0.994106872936585, test r2: 0.9902126541933827
Training Results:
r2: 1.0000
rmse: 0.0085
mae: 0.0064
Validation Results:
r2: 0.9941
rmse: 0.1406
mae: 0.0804
Test Results:
r2: 0.9902
rmse: 0.1849
mae: 0.0895
90/101
train r2: 0.9999880735579819, valid r2: 0.9941262533665091, test r2: 0.9902596800178763
Training Results:
r2: 1.0000
rmse: 0.0067
mae: 0.0050
Validation Results:
r2: 0.9941
rmse: 0.1404
mae: 0.0805
Test Results:
r2: 0.9903
rmse: 0.1844
mae: 0.0891
91/101
train r2: 0.9999847306694457, valid r2: 0.9941040308248621, test r2: 0.9902371359041168
Training Results:
r2: 1.0000
rmse: 0.0076
mae: 0.0058
Validation Results:
r2: 0.9941
rmse: 0.1407
mae: 0.0805
Test Results:
r2: 0.9902
rmse: 0.1846
mae: 0.0892
92/101
train r2: 0.9999938117577437, valid r2: 0.9941162670536312, test r2: 0.9901258198441661
Training Results:
r2: 1.0000
rmse: 0.0048
mae: 0.0035
Validation Results:
r2: 0.9941
rmse: 0.1405
mae: 0.0803
Test Results:
r2: 0.9901
rmse: 0.1857
mae: 0.0891
93/101
train r2: 0.9999926405112837, valid r2: 0.9941103242449033, test r2: 0.9902827722345932
Training Results:
r2: 1.0000
rmse: 0.0053
mae: 0.0036
Validation Results:
r2: 0.9941
rmse: 0.1406
mae: 0.0803
Test Results:
r2: 0.9903
rmse: 0.1842
mae: 0.0889
94/101
train r2: 0.9999944193228631, valid r2: 0.9941249948838632, test r2: 0.9901423163755092
Training Results:
r2: 1.0000
rmse: 0.0046
mae: 0.0036
Validation Results:
r2: 0.9941
rmse: 0.1404
mae: 0.0802
Test Results:
r2: 0.9901
rmse: 0.1855
mae: 0.0890
95/101
train r2: 0.9999970032847824, valid r2: 0.994109786716146, test r2: 0.990231231720947
Training Results:
r2: 1.0000
rmse: 0.0034
mae: 0.0026
Validation Results:
r2: 0.9941
rmse: 0.1406
mae: 0.0803
Test Results:
r2: 0.9902
rmse: 0.1847
mae: 0.0891
96/101
train r2: 0.9999985556614234, valid r2: 0.9941244320715581, test r2: 0.990160148238854
Training Results:
r2: 1.0000
rmse: 0.0023
mae: 0.0017
Validation Results:
r2: 0.9941
rmse: 0.1404
mae: 0.0803
Test Results:
r2: 0.9902
rmse: 0.1854
mae: 0.0891
97/101
train r2: 0.9999992903975848, valid r2: 0.994126843293157, test r2: 0.9902056519464671
Training Results:
r2: 1.0000
rmse: 0.0016
mae: 0.0013
Validation Results:
r2: 0.9941
rmse: 0.1404
mae: 0.0803
Test Results:
r2: 0.9902
rmse: 0.1849
mae: 0.0890
98/101
train r2: 0.9999995222422723, valid r2: 0.9941244255158074, test r2: 0.9902062276481199
Training Results:
r2: 1.0000
rmse: 0.0013
mae: 0.0011
Validation Results:
r2: 0.9941
rmse: 0.1404
mae: 0.0803
Test Results:
r2: 0.9902
rmse: 0.1849
mae: 0.0890
99/101
train r2: 0.9999997169154616, valid r2: 0.9941218874365984, test r2: 0.9902103043985224
Training Results:
r2: 1.0000
rmse: 0.0010
mae: 0.0008
Validation Results:
r2: 0.9941
rmse: 0.1404
mae: 0.0803
Test Results:
r2: 0.9902
rmse: 0.1849
mae: 0.0890
100/101
train r2: 0.9999997897981724, valid r2: 0.9941221475571509, test r2: 0.9902063076411752
Training Results:
r2: 1.0000
rmse: 0.0009
mae: 0.0007
Validation Results:
r2: 0.9941
rmse: 0.1404
mae: 0.0803
Test Results:
r2: 0.9902
rmse: 0.1849
mae: 0.0890
train: 1.0000, val: 0.9941, test: 0.9902
end_test_result: (0.9902056519464671, 0.18492643535137177, 0.0889931246638298)
args.seed: 2054
use label scaler
use label scaler
use label scaler
model have 90.143705M paramerters in total
train_dataset.mean: tensor([-2.4512]) train_dataset.std: tensor([1.9425])
1/101
train r2: 0.8452167878433382, valid r2: 0.8261276254103456, test r2: 0.8151585984750187
Training Results:
r2: 0.8452
rmse: 0.7639
mae: 0.5681
Validation Results:
r2: 0.8261
rmse: 0.7638
mae: 0.5596
Test Results:
r2: 0.8152
rmse: 0.8034
mae: 0.5963
2/101
train r2: 0.9583577842659595, valid r2: 0.938937016655888, test r2: 0.9307527891164367
Training Results:
r2: 0.9584
rmse: 0.3964
mae: 0.2935
Validation Results:
r2: 0.9389
rmse: 0.4526
mae: 0.3253
Test Results:
r2: 0.9308
rmse: 0.4917
mae: 0.3525
3/101
train r2: 0.981328152927737, valid r2: 0.9709204822273472, test r2: 0.9616389337289519
Training Results:
r2: 0.9813
rmse: 0.2655
mae: 0.1984
Validation Results:
r2: 0.9709
rmse: 0.3124
mae: 0.2262
Test Results:
r2: 0.9616
rmse: 0.3660
mae: 0.2501
4/101
train r2: 0.989465398630345, valid r2: 0.9784041711644091, test r2: 0.9719940782465382
Training Results:
r2: 0.9895
rmse: 0.1994
mae: 0.1522
Validation Results:
r2: 0.9784
rmse: 0.2692
mae: 0.1954
Test Results:
r2: 0.9720
rmse: 0.3127
mae: 0.2110
5/101
train r2: 0.99029454170984, valid r2: 0.9790525808239838, test r2: 0.9716955359311011
Training Results:
r2: 0.9903
rmse: 0.1914
mae: 0.1459
Validation Results:
r2: 0.9791
rmse: 0.2651
mae: 0.1933
Test Results:
r2: 0.9717
rmse: 0.3144
mae: 0.2077
6/101
train r2: 0.9907413941800145, valid r2: 0.9797148573484253, test r2: 0.9733332169992029
Training Results:
r2: 0.9907
rmse: 0.1869
mae: 0.1484
Validation Results:
r2: 0.9797
rmse: 0.2609
mae: 0.1955
Test Results:
r2: 0.9733
rmse: 0.3051
mae: 0.2066
7/101
train r2: 0.9946133209499262, valid r2: 0.9847036165935908, test r2: 0.97901597586561
Training Results:
r2: 0.9946
rmse: 0.1426
mae: 0.1126
Validation Results:
r2: 0.9847
rmse: 0.2266
mae: 0.1630
Test Results:
r2: 0.9790
rmse: 0.2707
mae: 0.1880
8/101
train r2: 0.99478268640573, valid r2: 0.9855569874883963, test r2: 0.9801908514346094
Training Results:
r2: 0.9948
rmse: 0.1403
mae: 0.1091
Validation Results:
r2: 0.9856
rmse: 0.2201
mae: 0.1572
Test Results:
r2: 0.9802
rmse: 0.2630
mae: 0.1756
9/101
train r2: 0.9921140676462149, valid r2: 0.9821351553515041, test r2: 0.9763877620937237
Training Results:
r2: 0.9921
rmse: 0.1724
mae: 0.1320
Validation Results:
r2: 0.9821
rmse: 0.2448
mae: 0.1744
Test Results:
r2: 0.9764
rmse: 0.2871
mae: 0.1890
10/101
train r2: 0.9918435636061893, valid r2: 0.9827258757885958, test r2: 0.9783811008892425
Training Results:
r2: 0.9918
rmse: 0.1754
mae: 0.1326
Validation Results:
r2: 0.9827
rmse: 0.2408
mae: 0.1730
Test Results:
r2: 0.9784
rmse: 0.2747
mae: 0.1873
11/101
train r2: 0.9952945541908428, valid r2: 0.9879028433518536, test r2: 0.9827642549034019
Training Results:
r2: 0.9953
rmse: 0.1332
mae: 0.1007
Validation Results:
r2: 0.9879
rmse: 0.2015
mae: 0.1414
Test Results:
r2: 0.9828
rmse: 0.2453
mae: 0.1584
12/101
train r2: 0.995096157289075, valid r2: 0.9867408497691942, test r2: 0.9853451599814341
Training Results:
r2: 0.9951
rmse: 0.1360
mae: 0.0969
Validation Results:
r2: 0.9867
rmse: 0.2109
mae: 0.1440
Test Results:
r2: 0.9853
rmse: 0.2262
mae: 0.1498
13/101
train r2: 0.9968890005629457, valid r2: 0.9892797112603733, test r2: 0.9849204078215751
Training Results:
r2: 0.9969
rmse: 0.1084
mae: 0.0783
Validation Results:
r2: 0.9893
rmse: 0.1897
mae: 0.1301
Test Results:
r2: 0.9849
rmse: 0.2295
mae: 0.1394
14/101
train r2: 0.9975867469025237, valid r2: 0.9886767219409468, test r2: 0.9857578519730669
Training Results:
r2: 0.9976
rmse: 0.0955
mae: 0.0691
Validation Results:
r2: 0.9887
rmse: 0.1949
mae: 0.1253
Test Results:
r2: 0.9858
rmse: 0.2230
mae: 0.1326
15/101
train r2: 0.9971250340567613, valid r2: 0.9892231700916778, test r2: 0.9846550737951192
Training Results:
r2: 0.9971
rmse: 0.1042
mae: 0.0788
Validation Results:
r2: 0.9892
rmse: 0.1902
mae: 0.1303
Test Results:
r2: 0.9847
rmse: 0.2315
mae: 0.1443
16/101
train r2: 0.9971766791257635, valid r2: 0.9899082013349495, test r2: 0.9867902332242323
Training Results:
r2: 0.9972
rmse: 0.1032
mae: 0.0743
Validation Results:
r2: 0.9899
rmse: 0.1840
mae: 0.1259
Test Results:
r2: 0.9868
rmse: 0.2148
mae: 0.1308
17/101
train r2: 0.9955712127437639, valid r2: 0.9884338059191105, test r2: 0.9859193387163552
Training Results:
r2: 0.9956
rmse: 0.1293
mae: 0.1064
Validation Results:
r2: 0.9884
rmse: 0.1970
mae: 0.1452
Test Results:
r2: 0.9859
rmse: 0.2217
mae: 0.1436
18/101
train r2: 0.9970480387548977, valid r2: 0.9896200485437251, test r2: 0.9849411539982899
Training Results:
r2: 0.9970
rmse: 0.1055
mae: 0.0786
Validation Results:
r2: 0.9896
rmse: 0.1866
mae: 0.1256
Test Results:
r2: 0.9849
rmse: 0.2293
mae: 0.1343
19/101
train r2: 0.9969720006198597, valid r2: 0.9891168532505352, test r2: 0.9846471836194817
Training Results:
r2: 0.9970
rmse: 0.1069
mae: 0.0787
Validation Results:
r2: 0.9891
rmse: 0.1911
mae: 0.1274
Test Results:
r2: 0.9846
rmse: 0.2315
mae: 0.1350
20/101
train r2: 0.9970297459327869, valid r2: 0.9901400423619534, test r2: 0.9865725688323832
Training Results:
r2: 0.9970
rmse: 0.1059
mae: 0.0809
Validation Results:
r2: 0.9901
rmse: 0.1819
mae: 0.1245
Test Results:
r2: 0.9866
rmse: 0.2165
mae: 0.1280
21/101
train r2: 0.9975473104407011, valid r2: 0.9906995608357695, test r2: 0.9873676331091333
Training Results:
r2: 0.9975
rmse: 0.0962
mae: 0.0730
Validation Results:
r2: 0.9907
rmse: 0.1767
mae: 0.1183
Test Results:
r2: 0.9874
rmse: 0.2100
mae: 0.1220
22/101
train r2: 0.9969452004134659, valid r2: 0.9900756927587663, test r2: 0.9852759766927884
Training Results:
r2: 0.9969
rmse: 0.1074
mae: 0.0834
Validation Results:
r2: 0.9901
rmse: 0.1825
mae: 0.1241
Test Results:
r2: 0.9853
rmse: 0.2267
mae: 0.1314
23/101
train r2: 0.9967131966505179, valid r2: 0.9903351843738014, test r2: 0.9858368327813525
Training Results:
r2: 0.9967
rmse: 0.1114
mae: 0.0881
Validation Results:
r2: 0.9903
rmse: 0.1801
mae: 0.1232
Test Results:
r2: 0.9858
rmse: 0.2224
mae: 0.1378
24/101
train r2: 0.9979725009355399, valid r2: 0.9918626376689205, test r2: 0.9879979354838477
Training Results:
r2: 0.9980
rmse: 0.0875
mae: 0.0666
Validation Results:
r2: 0.9919
rmse: 0.1652
mae: 0.1083
Test Results:
r2: 0.9880
rmse: 0.2047
mae: 0.1208
25/101
train r2: 0.9980245791990952, valid r2: 0.9912214628248448, test r2: 0.9869039093778638
Training Results:
r2: 0.9980
rmse: 0.0863
mae: 0.0651
Validation Results:
r2: 0.9912
rmse: 0.1716
mae: 0.1120
Test Results:
r2: 0.9869
rmse: 0.2138
mae: 0.1249
26/101
train r2: 0.9980481929265301, valid r2: 0.991902081187673, test r2: 0.989377196472977
Training Results:
r2: 0.9980
rmse: 0.0857
mae: 0.0641
Validation Results:
r2: 0.9919
rmse: 0.1648
mae: 0.1065
Test Results:
r2: 0.9894
rmse: 0.1926
mae: 0.1154
27/101
train r2: 0.9977411471123346, valid r2: 0.9914842307121551, test r2: 0.987483089346417
Training Results:
r2: 0.9977
rmse: 0.0923
mae: 0.0705
Validation Results:
r2: 0.9915
rmse: 0.1690
mae: 0.1121
Test Results:
r2: 0.9875
rmse: 0.2091
mae: 0.1158
28/101
train r2: 0.9979915866809169, valid r2: 0.9913667578189791, test r2: 0.9883565178502679
Training Results:
r2: 0.9980
rmse: 0.0870
mae: 0.0647
Validation Results:
r2: 0.9914
rmse: 0.1702
mae: 0.1100
Test Results:
r2: 0.9884
rmse: 0.2016
mae: 0.1143
29/101
train r2: 0.9974833485211675, valid r2: 0.9910253147200005, test r2: 0.9880930967659055
Training Results:
r2: 0.9975
rmse: 0.0974
mae: 0.0769
Validation Results:
r2: 0.9910
rmse: 0.1735
mae: 0.1156
Test Results:
r2: 0.9881
rmse: 0.2039
mae: 0.1236
30/101
train r2: 0.9986507620227199, valid r2: 0.9923723877977867, test r2: 0.9886006491926916
Training Results:
r2: 0.9987
rmse: 0.0713
mae: 0.0526
Validation Results:
r2: 0.9924
rmse: 0.1600
mae: 0.1015
Test Results:
r2: 0.9886
rmse: 0.1995
mae: 0.1077
31/101
train r2: 0.9986127063445318, valid r2: 0.992641068626116, test r2: 0.9892674814649801
Training Results:
r2: 0.9986
rmse: 0.0724
mae: 0.0556
Validation Results:
r2: 0.9926
rmse: 0.1571
mae: 0.1023
Test Results:
r2: 0.9893
rmse: 0.1936
mae: 0.1064
32/101
train r2: 0.9986235024222726, valid r2: 0.9920777011492953, test r2: 0.9887295115084742
Training Results:
r2: 0.9986
rmse: 0.0721
mae: 0.0567
Validation Results:
r2: 0.9921
rmse: 0.1630
mae: 0.1047
Test Results:
r2: 0.9887
rmse: 0.1984
mae: 0.1139
33/101
train r2: 0.9989785423194281, valid r2: 0.9930423665809834, test r2: 0.989791255503929
Training Results:
r2: 0.9990
rmse: 0.0621
mae: 0.0457
Validation Results:
r2: 0.9930
rmse: 0.1528
mae: 0.0955
Test Results:
r2: 0.9898
rmse: 0.1888
mae: 0.1036
34/101
train r2: 0.9988468336689332, valid r2: 0.9928396285842521, test r2: 0.9898382777518653
Training Results:
r2: 0.9988
rmse: 0.0660
mae: 0.0502
Validation Results:
r2: 0.9928
rmse: 0.1550
mae: 0.0978
Test Results:
r2: 0.9898
rmse: 0.1884
mae: 0.1037
35/101
train r2: 0.9991465552695278, valid r2: 0.9927462146095056, test r2: 0.9888325540253234
Training Results:
r2: 0.9991
rmse: 0.0568
mae: 0.0415
Validation Results:
r2: 0.9927
rmse: 0.1560
mae: 0.0938
Test Results:
r2: 0.9888
rmse: 0.1975
mae: 0.1042
36/101
train r2: 0.9979313736371057, valid r2: 0.9921050624873343, test r2: 0.9889967950228911
Training Results:
r2: 0.9979
rmse: 0.0883
mae: 0.0667
Validation Results:
r2: 0.9921
rmse: 0.1628
mae: 0.1057
Test Results:
r2: 0.9890
rmse: 0.1960
mae: 0.1149
37/101
train r2: 0.9986170437042974, valid r2: 0.9931338319937438, test r2: 0.9906274436252352
Training Results:
r2: 0.9986
rmse: 0.0722
mae: 0.0530
Validation Results:
r2: 0.9931
rmse: 0.1518
mae: 0.0967
Test Results:
r2: 0.9906
rmse: 0.1809
mae: 0.1026
38/101
train r2: 0.9987298136230657, valid r2: 0.9924062738702407, test r2: 0.9887711756336462
Training Results:
r2: 0.9987
rmse: 0.0693
mae: 0.0531
Validation Results:
r2: 0.9924
rmse: 0.1596
mae: 0.0994
Test Results:
r2: 0.9888
rmse: 0.1980
mae: 0.1059
39/101
train r2: 0.9982900599791733, valid r2: 0.9920101442177864, test r2: 0.9897013422581752
Training Results:
r2: 0.9983
rmse: 0.0803
mae: 0.0606
Validation Results:
r2: 0.9920
rmse: 0.1637
mae: 0.1066
Test Results:
r2: 0.9897
rmse: 0.1896
mae: 0.1072
40/101
train r2: 0.9991845550488554, valid r2: 0.9930919997859669, test r2: 0.9886556196861391
Training Results:
r2: 0.9992
rmse: 0.0555
mae: 0.0402
Validation Results:
r2: 0.9931
rmse: 0.1522
mae: 0.0912
Test Results:
r2: 0.9887
rmse: 0.1990
mae: 0.1010
41/101
train r2: 0.999165471407391, valid r2: 0.9930480805790594, test r2: 0.9901159878374612
Training Results:
r2: 0.9992
rmse: 0.0561
mae: 0.0421
Validation Results:
r2: 0.9930
rmse: 0.1527
mae: 0.0921
Test Results:
r2: 0.9901
rmse: 0.1858
mae: 0.1003
42/101
train r2: 0.9988517349238405, valid r2: 0.9930306330843409, test r2: 0.9896377908431293
Training Results:
r2: 0.9989
rmse: 0.0658
mae: 0.0486
Validation Results:
r2: 0.9930
rmse: 0.1529
mae: 0.0951
Test Results:
r2: 0.9896
rmse: 0.1902
mae: 0.1027
43/101
train r2: 0.999138658389697, valid r2: 0.9928961090478532, test r2: 0.9889035319811252
Training Results:
r2: 0.9991
rmse: 0.0570
mae: 0.0407
Validation Results:
r2: 0.9929
rmse: 0.1544
mae: 0.0939
Test Results:
r2: 0.9889
rmse: 0.1968
mae: 0.1004
44/101
train r2: 0.99844554381286, valid r2: 0.9926511225636655, test r2: 0.9880070685295036
Training Results:
r2: 0.9984
rmse: 0.0766
mae: 0.0603
Validation Results:
r2: 0.9927
rmse: 0.1570
mae: 0.1009
Test Results:
r2: 0.9880
rmse: 0.2046
mae: 0.1102
45/101
train r2: 0.999220418796288, valid r2: 0.9932778464686411, test r2: 0.9898066295488972
Training Results:
r2: 0.9992
rmse: 0.0543
mae: 0.0412
Validation Results:
r2: 0.9933
rmse: 0.1502
mae: 0.0918
Test Results:
r2: 0.9898
rmse: 0.1887
mae: 0.0997
46/101
train r2: 0.9992409385746213, valid r2: 0.9932046719746449, test r2: 0.9889582918187307
Training Results:
r2: 0.9992
rmse: 0.0535
mae: 0.0389
Validation Results:
r2: 0.9932
rmse: 0.1510
mae: 0.0906
Test Results:
r2: 0.9890
rmse: 0.1963
mae: 0.0996
47/101
train r2: 0.9995018107436082, valid r2: 0.9934755121247322, test r2: 0.9908298104816142
Training Results:
r2: 0.9995
rmse: 0.0434
mae: 0.0310
Validation Results:
r2: 0.9935
rmse: 0.1480
mae: 0.0859
Test Results:
r2: 0.9908
rmse: 0.1789
mae: 0.0949
48/101
train r2: 0.9993696789414005, valid r2: 0.9938840623638674, test r2: 0.9906002566214926
Training Results:
r2: 0.9994
rmse: 0.0488
mae: 0.0363
Validation Results:
r2: 0.9939
rmse: 0.1433
mae: 0.0858
Test Results:
r2: 0.9906
rmse: 0.1812
mae: 0.0956
49/101
train r2: 0.9991995072929011, valid r2: 0.9929486635705994, test r2: 0.9899009633548533
Training Results:
r2: 0.9992
rmse: 0.0550
mae: 0.0427
Validation Results:
r2: 0.9929
rmse: 0.1538
mae: 0.0940
Test Results:
r2: 0.9899
rmse: 0.1878
mae: 0.1024
50/101
train r2: 0.9994394807797132, valid r2: 0.9937067425865604, test r2: 0.9909685869959647
Training Results:
r2: 0.9994
rmse: 0.0460
mae: 0.0326
Validation Results:
r2: 0.9937
rmse: 0.1453
mae: 0.0884
Test Results:
r2: 0.9910
rmse: 0.1776
mae: 0.0952
51/101
train r2: 0.9994385900941186, valid r2: 0.9937380783896355, test r2: 0.9907704276863457
Training Results:
r2: 0.9994
rmse: 0.0460
mae: 0.0333
Validation Results:
r2: 0.9937
rmse: 0.1450
mae: 0.0873
Test Results:
r2: 0.9908
rmse: 0.1795
mae: 0.0942
52/101
train r2: 0.9993033638029232, valid r2: 0.9935546241229275, test r2: 0.9908354730203704
Training Results:
r2: 0.9993
rmse: 0.0513
mae: 0.0385
Validation Results:
r2: 0.9936
rmse: 0.1471
mae: 0.0893
Test Results:
r2: 0.9908
rmse: 0.1789
mae: 0.0968
53/101
train r2: 0.9990988236973147, valid r2: 0.993124164637773, test r2: 0.9898949039447468
Training Results:
r2: 0.9991
rmse: 0.0583
mae: 0.0450
Validation Results:
r2: 0.9931
rmse: 0.1519
mae: 0.0946
Test Results:
r2: 0.9899
rmse: 0.1878
mae: 0.1012
54/101
train r2: 0.9993031436462722, valid r2: 0.9934419591899397, test r2: 0.9896310562985385
Training Results:
r2: 0.9993
rmse: 0.0513
mae: 0.0397
Validation Results:
r2: 0.9934
rmse: 0.1483
mae: 0.0894
Test Results:
r2: 0.9896
rmse: 0.1903
mae: 0.0993
55/101
train r2: 0.9994987229571178, valid r2: 0.9939819733768571, test r2: 0.990001793122794
Training Results:
r2: 0.9995
rmse: 0.0435
mae: 0.0326
Validation Results:
r2: 0.9940
rmse: 0.1421
mae: 0.0856
Test Results:
r2: 0.9900
rmse: 0.1868
mae: 0.0943
56/101
train r2: 0.9995408629839277, valid r2: 0.993899596127583, test r2: 0.9902635943853617
Training Results:
r2: 0.9995
rmse: 0.0416
mae: 0.0314
Validation Results:
r2: 0.9939
rmse: 0.1431
mae: 0.0868
Test Results:
r2: 0.9903
rmse: 0.1844
mae: 0.0936
57/101
train r2: 0.9995194018435353, valid r2: 0.9939757755672739, test r2: 0.9907027042054193
Training Results:
r2: 0.9995
rmse: 0.0426
mae: 0.0327
Validation Results:
r2: 0.9940
rmse: 0.1422
mae: 0.0856
Test Results:
r2: 0.9907
rmse: 0.1802
mae: 0.0917
58/101
train r2: 0.9995222843218855, valid r2: 0.993950900657609, test r2: 0.9897454921645639
Training Results:
r2: 0.9995
rmse: 0.0425
mae: 0.0316
Validation Results:
r2: 0.9940
rmse: 0.1425
mae: 0.0861
Test Results:
r2: 0.9897
rmse: 0.1892
mae: 0.0944
59/101
train r2: 0.9995888906294, valid r2: 0.9936329154429818, test r2: 0.9898628994042653
Training Results:
r2: 0.9996
rmse: 0.0394
mae: 0.0292
Validation Results:
r2: 0.9936
rmse: 0.1462
mae: 0.0854
Test Results:
r2: 0.9899
rmse: 0.1881
mae: 0.0916
60/101
train r2: 0.9996680639370449, valid r2: 0.9940294204793655, test r2: 0.9905213322237993
Training Results:
r2: 0.9997
rmse: 0.0354
mae: 0.0260
Validation Results:
r2: 0.9940
rmse: 0.1415
mae: 0.0831
Test Results:
r2: 0.9905
rmse: 0.1819
mae: 0.0907
61/101
train r2: 0.999687732187914, valid r2: 0.9940242885024331, test r2: 0.9903434556453178
Training Results:
r2: 0.9997
rmse: 0.0343
mae: 0.0253
Validation Results:
r2: 0.9940
rmse: 0.1416
mae: 0.0839
Test Results:
r2: 0.9903
rmse: 0.1836
mae: 0.0910
62/101
train r2: 0.9996498559589404, valid r2: 0.9939491728801303, test r2: 0.9905572048313727
Training Results:
r2: 0.9996
rmse: 0.0363
mae: 0.0270
Validation Results:
r2: 0.9939
rmse: 0.1425
mae: 0.0843
Test Results:
r2: 0.9906
rmse: 0.1816
mae: 0.0924
63/101
train r2: 0.9997256223906158, valid r2: 0.9940213114912522, test r2: 0.9900567429351531
Training Results:
r2: 0.9997
rmse: 0.0322
mae: 0.0250
Validation Results:
r2: 0.9940
rmse: 0.1416
mae: 0.0838
Test Results:
r2: 0.9901
rmse: 0.1863
mae: 0.0931
64/101
train r2: 0.9998046973964514, valid r2: 0.9941213361455012, test r2: 0.9904750792883361
Training Results:
r2: 0.9998
rmse: 0.0272
mae: 0.0200
Validation Results:
r2: 0.9941
rmse: 0.1404
mae: 0.0820
Test Results:
r2: 0.9905
rmse: 0.1824
mae: 0.0900
65/101
train r2: 0.9997946824429433, valid r2: 0.9941741538758629, test r2: 0.9906333348335881
Training Results:
r2: 0.9998
rmse: 0.0278
mae: 0.0212
Validation Results:
r2: 0.9942
rmse: 0.1398
mae: 0.0818
Test Results:
r2: 0.9906
rmse: 0.1808
mae: 0.0908
66/101
train r2: 0.9998293515755099, valid r2: 0.9941515251859313, test r2: 0.9904881072807481
Training Results:
r2: 0.9998
rmse: 0.0254
mae: 0.0194
Validation Results:
r2: 0.9942
rmse: 0.1401
mae: 0.0815
Test Results:
r2: 0.9905
rmse: 0.1822
mae: 0.0897
67/101
train r2: 0.9996900195803387, valid r2: 0.9940025284380364, test r2: 0.9899788216813805
Training Results:
r2: 0.9997
rmse: 0.0342
mae: 0.0261
Validation Results:
r2: 0.9940
rmse: 0.1419
mae: 0.0833
Test Results:
r2: 0.9900
rmse: 0.1871
mae: 0.0926
68/101
train r2: 0.9998162391163, valid r2: 0.9941677573277754, test r2: 0.9903954238356493
Training Results:
r2: 0.9998
rmse: 0.0263
mae: 0.0202
Validation Results:
r2: 0.9942
rmse: 0.1399
mae: 0.0819
Test Results:
r2: 0.9904
rmse: 0.1831
mae: 0.0887
69/101
train r2: 0.9996860228648884, valid r2: 0.9940024385844837, test r2: 0.990615762099185
Training Results:
r2: 0.9997
rmse: 0.0344
mae: 0.0262
Validation Results:
r2: 0.9940
rmse: 0.1419
mae: 0.0842
Test Results:
r2: 0.9906
rmse: 0.1810
mae: 0.0893
70/101
train r2: 0.9998141818376333, valid r2: 0.9940298943397691, test r2: 0.9902928260705789
Training Results:
r2: 0.9998
rmse: 0.0264
mae: 0.0202
Validation Results:
r2: 0.9940
rmse: 0.1415
mae: 0.0828
Test Results:
r2: 0.9903
rmse: 0.1841
mae: 0.0908
71/101
train r2: 0.9998092867479804, valid r2: 0.9939419158920673, test r2: 0.9904053593572876
Training Results:
r2: 0.9998
rmse: 0.0268
mae: 0.0200
Validation Results:
r2: 0.9939
rmse: 0.1426
mae: 0.0820
Test Results:
r2: 0.9904
rmse: 0.1830
mae: 0.0895
72/101
train r2: 0.999738556626877, valid r2: 0.9940366700222066, test r2: 0.9902551870324342
Training Results:
r2: 0.9997
rmse: 0.0314
mae: 0.0230
Validation Results:
r2: 0.9940
rmse: 0.1415
mae: 0.0830
Test Results:
r2: 0.9903
rmse: 0.1845
mae: 0.0900
73/101
train r2: 0.9997726614243292, valid r2: 0.9940065578594913, test r2: 0.9909998046527634
Training Results:
r2: 0.9998
rmse: 0.0293
mae: 0.0218
Validation Results:
r2: 0.9940
rmse: 0.1418
mae: 0.0827
Test Results:
r2: 0.9910
rmse: 0.1773
mae: 0.0893
74/101
train r2: 0.9997728612818947, valid r2: 0.993912127672447, test r2: 0.9897576181321728
Training Results:
r2: 0.9998
rmse: 0.0293
mae: 0.0205
Validation Results:
r2: 0.9939
rmse: 0.1429
mae: 0.0827
Test Results:
r2: 0.9898
rmse: 0.1891
mae: 0.0900
75/101
train r2: 0.9998635058737888, valid r2: 0.9942350714922719, test r2: 0.9911343793752067
Training Results:
r2: 0.9999
rmse: 0.0227
mae: 0.0179
Validation Results:
r2: 0.9942
rmse: 0.1391
mae: 0.0807
Test Results:
r2: 0.9911
rmse: 0.1759
mae: 0.0864
76/101
train r2: 0.9999254732897254, valid r2: 0.9943379345660842, test r2: 0.9907490999226566
Training Results:
r2: 0.9999
rmse: 0.0168
mae: 0.0126
Validation Results:
r2: 0.9943
rmse: 0.1378
mae: 0.0799
Test Results:
r2: 0.9907
rmse: 0.1797
mae: 0.0874
77/101
train r2: 0.9998533963938318, valid r2: 0.9941858305788414, test r2: 0.9910111658102603
Training Results:
r2: 0.9999
rmse: 0.0235
mae: 0.0183
Validation Results:
r2: 0.9942
rmse: 0.1397
mae: 0.0815
Test Results:
r2: 0.9910
rmse: 0.1772
mae: 0.0877
78/101
train r2: 0.9998354692192609, valid r2: 0.9942052452228538, test r2: 0.9906868613513923
Training Results:
r2: 0.9998
rmse: 0.0249
mae: 0.0201
Validation Results:
r2: 0.9942
rmse: 0.1394
mae: 0.0815
Test Results:
r2: 0.9907
rmse: 0.1803
mae: 0.0903
79/101
train r2: 0.9998946396986707, valid r2: 0.9941777825540272, test r2: 0.9909335491109288
Training Results:
r2: 0.9999
rmse: 0.0199
mae: 0.0155
Validation Results:
r2: 0.9942
rmse: 0.1398
mae: 0.0804
Test Results:
r2: 0.9909
rmse: 0.1779
mae: 0.0881
80/101
train r2: 0.9999333999045344, valid r2: 0.9942707895758884, test r2: 0.990585058408798
Training Results:
r2: 0.9999
rmse: 0.0158
mae: 0.0114
Validation Results:
r2: 0.9943
rmse: 0.1386
mae: 0.0804
Test Results:
r2: 0.9906
rmse: 0.1813
mae: 0.0880
81/101
train r2: 0.9999294605362455, valid r2: 0.9942619986343156, test r2: 0.9906993529270006
Training Results:
r2: 0.9999
rmse: 0.0163
mae: 0.0120
Validation Results:
r2: 0.9943
rmse: 0.1388
mae: 0.0799
Test Results:
r2: 0.9907
rmse: 0.1802
mae: 0.0876
82/101
train r2: 0.9998707328274279, valid r2: 0.9942272779907474, test r2: 0.9904909587751572
Training Results:
r2: 0.9999
rmse: 0.0221
mae: 0.0181
Validation Results:
r2: 0.9942
rmse: 0.1392
mae: 0.0816
Test Results:
r2: 0.9905
rmse: 0.1822
mae: 0.0881
83/101
train r2: 0.9999579369055209, valid r2: 0.9942686800899342, test r2: 0.9907208090289641
Training Results:
r2: 1.0000
rmse: 0.0126
mae: 0.0096
Validation Results:
r2: 0.9943
rmse: 0.1387
mae: 0.0799
Test Results:
r2: 0.9907
rmse: 0.1800
mae: 0.0869
84/101
train r2: 0.9999330648522542, valid r2: 0.9942723462596651, test r2: 0.990586185540014
Training Results:
r2: 0.9999
rmse: 0.0159
mae: 0.0123
Validation Results:
r2: 0.9943
rmse: 0.1386
mae: 0.0796
Test Results:
r2: 0.9906
rmse: 0.1813
mae: 0.0880
85/101
train r2: 0.999961618625239, valid r2: 0.9942189160191557, test r2: 0.9907729484447624
Training Results:
r2: 1.0000
rmse: 0.0120
mae: 0.0091
Validation Results:
r2: 0.9942
rmse: 0.1393
mae: 0.0799
Test Results:
r2: 0.9908
rmse: 0.1795
mae: 0.0872
86/101
train r2: 0.9999579670728151, valid r2: 0.994361520754, test r2: 0.9909191042450937
Training Results:
r2: 1.0000
rmse: 0.0126
mae: 0.0097
Validation Results:
r2: 0.9944
rmse: 0.1375
mae: 0.0792
Test Results:
r2: 0.9909
rmse: 0.1781
mae: 0.0864
87/101
train r2: 0.9999794044794867, valid r2: 0.9942322075188201, test r2: 0.9908362585654719
Training Results:
r2: 1.0000
rmse: 0.0088
mae: 0.0066
Validation Results:
r2: 0.9942
rmse: 0.1391
mae: 0.0797
Test Results:
r2: 0.9908
rmse: 0.1789
mae: 0.0869
88/101
train r2: 0.9999794480759581, valid r2: 0.9944022923497943, test r2: 0.9908811773420808
Training Results:
r2: 1.0000
rmse: 0.0088
mae: 0.0064
Validation Results:
r2: 0.9944
rmse: 0.1370
mae: 0.0787
Test Results:
r2: 0.9909
rmse: 0.1784
mae: 0.0868
89/101
train r2: 0.9999806253176085, valid r2: 0.9943395956342175, test r2: 0.990771938115969
Training Results:
r2: 1.0000
rmse: 0.0085
mae: 0.0065
Validation Results:
r2: 0.9943
rmse: 0.1378
mae: 0.0791
Test Results:
r2: 0.9908
rmse: 0.1795
mae: 0.0865
90/101
train r2: 0.9999878965618215, valid r2: 0.9943426261941393, test r2: 0.9909013344570312
Training Results:
r2: 1.0000
rmse: 0.0068
mae: 0.0052
Validation Results:
r2: 0.9943
rmse: 0.1378
mae: 0.0791
Test Results:
r2: 0.9909
rmse: 0.1782
mae: 0.0864
91/101
train r2: 0.999989822765775, valid r2: 0.9943029520022162, test r2: 0.9907906946891538
Training Results:
r2: 1.0000
rmse: 0.0062
mae: 0.0046
Validation Results:
r2: 0.9943
rmse: 0.1383
mae: 0.0790
Test Results:
r2: 0.9908
rmse: 0.1793
mae: 0.0865
92/101
train r2: 0.9999939657457648, valid r2: 0.994305896422322, test r2: 0.9908205060998558
Training Results:
r2: 1.0000
rmse: 0.0048
mae: 0.0036
Validation Results:
r2: 0.9943
rmse: 0.1382
mae: 0.0792
Test Results:
r2: 0.9908
rmse: 0.1790
mae: 0.0864
93/101
train r2: 0.9999946182927383, valid r2: 0.9943407245861068, test r2: 0.9908412758971383
Training Results:
r2: 1.0000
rmse: 0.0045
mae: 0.0034
Validation Results:
r2: 0.9943
rmse: 0.1378
mae: 0.0789
Test Results:
r2: 0.9908
rmse: 0.1788
mae: 0.0865
94/101
train r2: 0.9999968143309405, valid r2: 0.994345941153283, test r2: 0.9908454583477392
Training Results:
r2: 1.0000
rmse: 0.0035
mae: 0.0027
Validation Results:
r2: 0.9943
rmse: 0.1377
mae: 0.0788
Test Results:
r2: 0.9908
rmse: 0.1788
mae: 0.0865
95/101
train r2: 0.99999830934968, valid r2: 0.9943147399595551, test r2: 0.9908399248461179
Training Results:
r2: 1.0000
rmse: 0.0025
mae: 0.0019
Validation Results:
r2: 0.9943
rmse: 0.1381
mae: 0.0790
Test Results:
r2: 0.9908
rmse: 0.1788
mae: 0.0863
96/101
train r2: 0.999998533656326, valid r2: 0.9943117484299511, test r2: 0.9908283949626066
Training Results:
r2: 1.0000
rmse: 0.0024
mae: 0.0018
Validation Results:
r2: 0.9943
rmse: 0.1382
mae: 0.0791
Test Results:
r2: 0.9908
rmse: 0.1790
mae: 0.0863
97/101
train r2: 0.9999992857323194, valid r2: 0.9943302578748107, test r2: 0.9908293490703902
Training Results:
r2: 1.0000
rmse: 0.0016
mae: 0.0013
Validation Results:
r2: 0.9943
rmse: 0.1379
mae: 0.0790
Test Results:
r2: 0.9908
rmse: 0.1789
mae: 0.0863
98/101
train r2: 0.9999996201964602, valid r2: 0.9943211643184985, test r2: 0.9908371608114813
Training Results:
r2: 1.0000
rmse: 0.0012
mae: 0.0009
Validation Results:
r2: 0.9943
rmse: 0.1380
mae: 0.0789
Test Results:
r2: 0.9908
rmse: 0.1789
mae: 0.0864
99/101
train r2: 0.9999996916911202, valid r2: 0.9943240844230579, test r2: 0.9908298823596087
Training Results:
r2: 1.0000
rmse: 0.0011
mae: 0.0008
Validation Results:
r2: 0.9943
rmse: 0.1380
mae: 0.0789
Test Results:
r2: 0.9908
rmse: 0.1789
mae: 0.0864
100/101
train r2: 0.9999997850100535, valid r2: 0.9943247716203347, test r2: 0.9908392298895342
Training Results:
r2: 1.0000
rmse: 0.0009
mae: 0.0007
Validation Results:
r2: 0.9943
rmse: 0.1380
mae: 0.0789
Test Results:
r2: 0.9908
rmse: 0.1788
mae: 0.0863
train: 1.0000, val: 0.9944, test: 0.9909
end_test_result: (0.9890406332940476, 0.19561581313610077, 0.10357692092657089)
args.seed: 2064
use label scaler
use label scaler
use label scaler
model have 90.143705M paramerters in total
train_dataset.mean: tensor([-2.4512]) train_dataset.std: tensor([1.9425])
1/101
train r2: 0.8290972827327282, valid r2: 0.7928236373673898, test r2: 0.7946357633878817
Training Results:
r2: 0.8291
rmse: 0.8032
mae: 0.6076
Validation Results:
r2: 0.7928
rmse: 0.8338
mae: 0.6169
Test Results:
r2: 0.7946
rmse: 0.8468
mae: 0.6245
2/101
train r2: 0.956233159907656, valid r2: 0.9368292732182025, test r2: 0.9271979668521791
Training Results:
r2: 0.9562
rmse: 0.4064
mae: 0.2961
Validation Results:
r2: 0.9368
rmse: 0.4604
mae: 0.3252
Test Results:
r2: 0.9272
rmse: 0.5042
mae: 0.3350
3/101
train r2: 0.9828083109441581, valid r2: 0.9696818068012771, test r2: 0.9658810729935712
Training Results:
r2: 0.9828
rmse: 0.2547
mae: 0.1922
Validation Results:
r2: 0.9697
rmse: 0.3189
mae: 0.2352
Test Results:
r2: 0.9659
rmse: 0.3452
mae: 0.2361
4/101
train r2: 0.9895307783542168, valid r2: 0.9762335819476822, test r2: 0.9719840836278427
Training Results:
r2: 0.9895
rmse: 0.1987
mae: 0.1533
Validation Results:
r2: 0.9762
rmse: 0.2824
mae: 0.2057
Test Results:
r2: 0.9720
rmse: 0.3128
mae: 0.2080
5/101
train r2: 0.9939286533899031, valid r2: 0.9817800735626027, test r2: 0.9773944471721243
Training Results:
r2: 0.9939
rmse: 0.1514
mae: 0.1164
Validation Results:
r2: 0.9818
rmse: 0.2473
mae: 0.1761
Test Results:
r2: 0.9774
rmse: 0.2809
mae: 0.1850
6/101
train r2: 0.9943141500043695, valid r2: 0.9814201969400816, test r2: 0.9789573133190504
Training Results:
r2: 0.9943
rmse: 0.1465
mae: 0.1149
Validation Results:
r2: 0.9814
rmse: 0.2497
mae: 0.1822
Test Results:
r2: 0.9790
rmse: 0.2711
mae: 0.1871
7/101
train r2: 0.9956481971240363, valid r2: 0.983843490814784, test r2: 0.98018152928322
Training Results:
r2: 0.9956
rmse: 0.1282
mae: 0.0976
Validation Results:
r2: 0.9838
rmse: 0.2328
mae: 0.1684
Test Results:
r2: 0.9802
rmse: 0.2631
mae: 0.1762
8/101
train r2: 0.995594166101715, valid r2: 0.9836811036724125, test r2: 0.9790812139484788
Training Results:
r2: 0.9956
rmse: 0.1289
mae: 0.0998
Validation Results:
r2: 0.9837
rmse: 0.2340
mae: 0.1658
Test Results:
r2: 0.9791
rmse: 0.2703
mae: 0.1723
9/101
train r2: 0.9927927421832828, valid r2: 0.9815336474324053, test r2: 0.9788162753601444
Training Results:
r2: 0.9928
rmse: 0.1649
mae: 0.1267
Validation Results:
r2: 0.9815
rmse: 0.2489
mae: 0.1779
Test Results:
r2: 0.9788
rmse: 0.2720
mae: 0.1827
10/101
train r2: 0.9934819063171494, valid r2: 0.9819468077792676, test r2: 0.9787543379993313
Training Results:
r2: 0.9935
rmse: 0.1569
mae: 0.1167
Validation Results:
r2: 0.9819
rmse: 0.2461
mae: 0.1713
Test Results:
r2: 0.9788
rmse: 0.2724
mae: 0.1745
11/101
train r2: 0.9947213632161208, valid r2: 0.9842104990403446, test r2: 0.9803800397188178
Training Results:
r2: 0.9947
rmse: 0.1412
mae: 0.1053
Validation Results:
r2: 0.9842
rmse: 0.2302
mae: 0.1564
Test Results:
r2: 0.9804
rmse: 0.2617
mae: 0.1611
12/101
train r2: 0.9947967620100309, valid r2: 0.9860304176712804, test r2: 0.9807901117007993
Training Results:
r2: 0.9948
rmse: 0.1401
mae: 0.1027
Validation Results:
r2: 0.9860
rmse: 0.2165
mae: 0.1493
Test Results:
r2: 0.9808
rmse: 0.2590
mae: 0.1593
13/101
train r2: 0.996199980395743, valid r2: 0.9873713320020825, test r2: 0.9834029530406653
Training Results:
r2: 0.9962
rmse: 0.1197
mae: 0.0891
Validation Results:
r2: 0.9874
rmse: 0.2058
mae: 0.1405
Test Results:
r2: 0.9834
rmse: 0.2407
mae: 0.1486
14/101
train r2: 0.9942207651900893, valid r2: 0.9851647691014663, test r2: 0.981743598288538
Training Results:
r2: 0.9942
rmse: 0.1477
mae: 0.1196
Validation Results:
r2: 0.9852
rmse: 0.2231
mae: 0.1633
Test Results:
r2: 0.9817
rmse: 0.2525
mae: 0.1682
15/101
train r2: 0.9983377299978008, valid r2: 0.9902333516715269, test r2: 0.9856756005223134
Training Results:
r2: 0.9983
rmse: 0.0792
mae: 0.0592
Validation Results:
r2: 0.9902
rmse: 0.1810
mae: 0.1193
Test Results:
r2: 0.9857
rmse: 0.2236
mae: 0.1276
16/101
train r2: 0.9970702455824437, valid r2: 0.9883655950998305, test r2: 0.9846921447977599
Training Results:
r2: 0.9971
rmse: 0.1052
mae: 0.0795
Validation Results:
r2: 0.9884
rmse: 0.1976
mae: 0.1351
Test Results:
r2: 0.9847
rmse: 0.2312
mae: 0.1386
17/101
train r2: 0.9975092395981877, valid r2: 0.9893259907327459, test r2: 0.9861300818402885
Training Results:
r2: 0.9975
rmse: 0.0969
mae: 0.0717
Validation Results:
r2: 0.9893
rmse: 0.1892
mae: 0.1281
Test Results:
r2: 0.9861
rmse: 0.2201
mae: 0.1304
18/101
train r2: 0.9971844452303429, valid r2: 0.9888538805280603, test r2: 0.9847599098234183
Training Results:
r2: 0.9972
rmse: 0.1031
mae: 0.0772
Validation Results:
r2: 0.9889
rmse: 0.1934
mae: 0.1295
Test Results:
r2: 0.9848
rmse: 0.2307
mae: 0.1346
19/101
train r2: 0.9968513468650012, valid r2: 0.9896953922808568, test r2: 0.9856603484167232
Training Results:
r2: 0.9969
rmse: 0.1090
mae: 0.0819
Validation Results:
r2: 0.9897
rmse: 0.1859
mae: 0.1230
Test Results:
r2: 0.9857
rmse: 0.2238
mae: 0.1337
20/101
train r2: 0.9965556051692799, valid r2: 0.9888030704357992, test r2: 0.9848351262845055
Training Results:
r2: 0.9966
rmse: 0.1140
mae: 0.0890
Validation Results:
r2: 0.9888
rmse: 0.1938
mae: 0.1287
Test Results:
r2: 0.9848
rmse: 0.2301
mae: 0.1383
21/101
train r2: 0.9940242851268515, valid r2: 0.9865591439766304, test r2: 0.9822432473006076
Training Results:
r2: 0.9940
rmse: 0.1501
mae: 0.1263
Validation Results:
r2: 0.9866
rmse: 0.2124
mae: 0.1589
Test Results:
r2: 0.9822
rmse: 0.2490
mae: 0.1695
22/101
train r2: 0.9966074769104185, valid r2: 0.9902475602722537, test r2: 0.9857891236241523
Training Results:
r2: 0.9966
rmse: 0.1131
mae: 0.0826
Validation Results:
r2: 0.9902
rmse: 0.1809
mae: 0.1264
Test Results:
r2: 0.9858
rmse: 0.2228
mae: 0.1329
23/101
train r2: 0.9984890911053514, valid r2: 0.9913405155555802, test r2: 0.9886048797528382
Training Results:
r2: 0.9985
rmse: 0.0755
mae: 0.0548
Validation Results:
r2: 0.9913
rmse: 0.1705
mae: 0.1072
Test Results:
r2: 0.9886
rmse: 0.1995
mae: 0.1120
24/101
train r2: 0.9982252109628904, valid r2: 0.9912671278772166, test r2: 0.9876124017092239
Training Results:
r2: 0.9982
rmse: 0.0818
mae: 0.0623
Validation Results:
r2: 0.9913
rmse: 0.1712
mae: 0.1104
Test Results:
r2: 0.9876
rmse: 0.2080
mae: 0.1183
25/101
train r2: 0.998545089428842, valid r2: 0.9916657859774057, test r2: 0.9881971545838798
Training Results:
r2: 0.9985
rmse: 0.0740
mae: 0.0547
Validation Results:
r2: 0.9917
rmse: 0.1672
mae: 0.1065
Test Results:
r2: 0.9882
rmse: 0.2030
mae: 0.1125
26/101
train r2: 0.9981655549834002, valid r2: 0.9910641722919463, test r2: 0.9873104129213388
Training Results:
r2: 0.9982
rmse: 0.0832
mae: 0.0635
Validation Results:
r2: 0.9911
rmse: 0.1732
mae: 0.1116
Test Results:
r2: 0.9873
rmse: 0.2105
mae: 0.1168
27/101
train r2: 0.998122122768304, valid r2: 0.9915435045965638, test r2: 0.9876748688805576
Training Results:
r2: 0.9981
rmse: 0.0841
mae: 0.0665
Validation Results:
r2: 0.9915
rmse: 0.1684
mae: 0.1111
Test Results:
r2: 0.9877
rmse: 0.2074
mae: 0.1159
28/101
train r2: 0.9977245098129518, valid r2: 0.9905211082923727, test r2: 0.9855141889703652
Training Results:
r2: 0.9977
rmse: 0.0926
mae: 0.0714
Validation Results:
r2: 0.9905
rmse: 0.1783
mae: 0.1148
Test Results:
r2: 0.9855
rmse: 0.2249
mae: 0.1245
29/101
train r2: 0.9983640211726523, valid r2: 0.9920282596272932, test r2: 0.9884345685441563
Training Results:
r2: 0.9984
rmse: 0.0786
mae: 0.0583
Validation Results:
r2: 0.9920
rmse: 0.1635
mae: 0.1043
Test Results:
r2: 0.9884
rmse: 0.2010
mae: 0.1114
30/101
train r2: 0.9974074797782873, valid r2: 0.9911501712864662, test r2: 0.985942354223512
Training Results:
r2: 0.9974
rmse: 0.0989
mae: 0.0774
Validation Results:
r2: 0.9912
rmse: 0.1723
mae: 0.1170
Test Results:
r2: 0.9859
rmse: 0.2215
mae: 0.1228
31/101
train r2: 0.9985099303348642, valid r2: 0.9923100466830115, test r2: 0.9882234944794861
Training Results:
r2: 0.9985
rmse: 0.0750
mae: 0.0563
Validation Results:
r2: 0.9923
rmse: 0.1606
mae: 0.1017
Test Results:
r2: 0.9882
rmse: 0.2028
mae: 0.1088
32/101
train r2: 0.9984529390458525, valid r2: 0.9922595888798524, test r2: 0.9858543215787576
Training Results:
r2: 0.9985
rmse: 0.0764
mae: 0.0574
Validation Results:
r2: 0.9923
rmse: 0.1612
mae: 0.1029
Test Results:
r2: 0.9859
rmse: 0.2222
mae: 0.1131
33/101
train r2: 0.9990685233952655, valid r2: 0.9929614760134639, test r2: 0.9887477102378098
Training Results:
r2: 0.9991
rmse: 0.0592
mae: 0.0447
Validation Results:
r2: 0.9930
rmse: 0.1537
mae: 0.0966
Test Results:
r2: 0.9887
rmse: 0.1982
mae: 0.1034
34/101
train r2: 0.9990957279983197, valid r2: 0.9931376529898349, test r2: 0.9891878754380538
Training Results:
r2: 0.9991
rmse: 0.0584
mae: 0.0447
Validation Results:
r2: 0.9931
rmse: 0.1517
mae: 0.0937
Test Results:
r2: 0.9892
rmse: 0.1943
mae: 0.1042
35/101
train r2: 0.9989553937325156, valid r2: 0.99332823934533, test r2: 0.9890424277794059
Training Results:
r2: 0.9990
rmse: 0.0628
mae: 0.0459
Validation Results:
r2: 0.9933
rmse: 0.1496
mae: 0.0938
Test Results:
r2: 0.9890
rmse: 0.1956
mae: 0.1036
36/101
train r2: 0.9985818582059367, valid r2: 0.9924926485048897, test r2: 0.9885995115855045
Training Results:
r2: 0.9986
rmse: 0.0731
mae: 0.0587
Validation Results:
r2: 0.9925
rmse: 0.1587
mae: 0.1027
Test Results:
r2: 0.9886
rmse: 0.1995
mae: 0.1112
37/101
train r2: 0.9987614694170072, valid r2: 0.9926205711192848, test r2: 0.987763532389955
Training Results:
r2: 0.9988
rmse: 0.0684
mae: 0.0500
Validation Results:
r2: 0.9926
rmse: 0.1574
mae: 0.0984
Test Results:
r2: 0.9878
rmse: 0.2067
mae: 0.1089
38/101
train r2: 0.9979326718069894, valid r2: 0.9924596472922101, test r2: 0.9883035210924658
Training Results:
r2: 0.9979
rmse: 0.0883
mae: 0.0719
Validation Results:
r2: 0.9925
rmse: 0.1591
mae: 0.1104
Test Results:
r2: 0.9883
rmse: 0.2021
mae: 0.1178
39/101
train r2: 0.998480357117551, valid r2: 0.9926605777164238, test r2: 0.9877419647736645
Training Results:
r2: 0.9985
rmse: 0.0757
mae: 0.0600
Validation Results:
r2: 0.9927
rmse: 0.1569
mae: 0.1014
Test Results:
r2: 0.9877
rmse: 0.2069
mae: 0.1096
40/101
train r2: 0.9989452494617582, valid r2: 0.9931273074811687, test r2: 0.9888833524435308
Training Results:
r2: 0.9989
rmse: 0.0631
mae: 0.0475
Validation Results:
r2: 0.9931
rmse: 0.1519
mae: 0.0941
Test Results:
r2: 0.9889
rmse: 0.1970
mae: 0.1022
41/101
train r2: 0.9989791201990542, valid r2: 0.9928460677704394, test r2: 0.9887347766607238
Training Results:
r2: 0.9990
rmse: 0.0621
mae: 0.0479
Validation Results:
r2: 0.9928
rmse: 0.1549
mae: 0.0960
Test Results:
r2: 0.9887
rmse: 0.1983
mae: 0.1052
42/101
train r2: 0.9986608838247001, valid r2: 0.9925089434138611, test r2: 0.9881879981027629
Training Results:
r2: 0.9987
rmse: 0.0711
mae: 0.0543
Validation Results:
r2: 0.9925
rmse: 0.1585
mae: 0.0988
Test Results:
r2: 0.9882
rmse: 0.2031
mae: 0.1046
43/101
train r2: 0.9993954019266756, valid r2: 0.9938240933392957, test r2: 0.9897554657237064
Training Results:
r2: 0.9994
rmse: 0.0478
mae: 0.0350
Validation Results:
r2: 0.9938
rmse: 0.1440
mae: 0.0880
Test Results:
r2: 0.9898
rmse: 0.1891
mae: 0.0939
44/101
train r2: 0.9989772592328136, valid r2: 0.9931561934628996, test r2: 0.9888699894895876
Training Results:
r2: 0.9990
rmse: 0.0621
mae: 0.0462
Validation Results:
r2: 0.9932
rmse: 0.1515
mae: 0.0949
Test Results:
r2: 0.9889
rmse: 0.1971
mae: 0.1017
45/101
train r2: 0.9993609926249061, valid r2: 0.9934506141517566, test r2: 0.990012055562864
Training Results:
r2: 0.9994
rmse: 0.0491
mae: 0.0363
Validation Results:
r2: 0.9935
rmse: 0.1482
mae: 0.0899
Test Results:
r2: 0.9900
rmse: 0.1867
mae: 0.0949
46/101
train r2: 0.9994822144519564, valid r2: 0.9937040666119868, test r2: 0.9889119596423384
Training Results:
r2: 0.9995
rmse: 0.0442
mae: 0.0334
Validation Results:
r2: 0.9937
rmse: 0.1453
mae: 0.0870
Test Results:
r2: 0.9889
rmse: 0.1968
mae: 0.0969
47/101
train r2: 0.9993633674006209, valid r2: 0.9934683669575242, test r2: 0.9896031752595543
Training Results:
r2: 0.9994
rmse: 0.0490
mae: 0.0366
Validation Results:
r2: 0.9935
rmse: 0.1480
mae: 0.0896
Test Results:
r2: 0.9896
rmse: 0.1905
mae: 0.0973
48/101
train r2: 0.9991379062758321, valid r2: 0.9934260510654399, test r2: 0.9892981297241974
Training Results:
r2: 0.9991
rmse: 0.0570
mae: 0.0437
Validation Results:
r2: 0.9934
rmse: 0.1485
mae: 0.0924
Test Results:
r2: 0.9893
rmse: 0.1933
mae: 0.0974
49/101
train r2: 0.9987595764409978, valid r2: 0.9931166902954569, test r2: 0.9889869341340708
Training Results:
r2: 0.9988
rmse: 0.0685
mae: 0.0529
Validation Results:
r2: 0.9931
rmse: 0.1520
mae: 0.0958
Test Results:
r2: 0.9890
rmse: 0.1961
mae: 0.1046
50/101
train r2: 0.9993226012929785, valid r2: 0.9933942286131572, test r2: 0.9895497970167548
Training Results:
r2: 0.9993
rmse: 0.0506
mae: 0.0385
Validation Results:
r2: 0.9934
rmse: 0.1489
mae: 0.0902
Test Results:
r2: 0.9895
rmse: 0.1910
mae: 0.0945
51/101
train r2: 0.9993351767042965, valid r2: 0.9935232414429064, test r2: 0.9899408809148627
Training Results:
r2: 0.9993
rmse: 0.0501
mae: 0.0384
Validation Results:
r2: 0.9935
rmse: 0.1474
mae: 0.0877
Test Results:
r2: 0.9899
rmse: 0.1874
mae: 0.0983
52/101
train r2: 0.9980366517727506, valid r2: 0.9924170108073472, test r2: 0.9878660082690215
Training Results:
r2: 0.9980
rmse: 0.0861
mae: 0.0758
Validation Results:
r2: 0.9924
rmse: 0.1595
mae: 0.1083
Test Results:
r2: 0.9879
rmse: 0.2058
mae: 0.1156
53/101
train r2: 0.9994182315929446, valid r2: 0.9936716149591324, test r2: 0.9892991709830691
Training Results:
r2: 0.9994
rmse: 0.0469
mae: 0.0365
Validation Results:
r2: 0.9937
rmse: 0.1457
mae: 0.0886
Test Results:
r2: 0.9893
rmse: 0.1933
mae: 0.0970
54/101
train r2: 0.9995668491071682, valid r2: 0.9935598917685228, test r2: 0.9894632447480213
Training Results:
r2: 0.9996
rmse: 0.0404
mae: 0.0311
Validation Results:
r2: 0.9936
rmse: 0.1470
mae: 0.0859
Test Results:
r2: 0.9895
rmse: 0.1918
mae: 0.0932
55/101
train r2: 0.9996875598910667, valid r2: 0.9942249103321574, test r2: 0.9904070110822045
Training Results:
r2: 0.9997
rmse: 0.0343
mae: 0.0250
Validation Results:
r2: 0.9942
rmse: 0.1392
mae: 0.0826
Test Results:
r2: 0.9904
rmse: 0.1830
mae: 0.0925
56/101
train r2: 0.9996592635842908, valid r2: 0.9939705924691764, test r2: 0.9903775145440207
Training Results:
r2: 0.9997
rmse: 0.0358
mae: 0.0269
Validation Results:
r2: 0.9940
rmse: 0.1422
mae: 0.0843
Test Results:
r2: 0.9904
rmse: 0.1833
mae: 0.0914
57/101
train r2: 0.9996516788438459, valid r2: 0.9937921129727381, test r2: 0.9895640243254198
Training Results:
r2: 0.9997
rmse: 0.0362
mae: 0.0274
Validation Results:
r2: 0.9938
rmse: 0.1443
mae: 0.0843
Test Results:
r2: 0.9896
rmse: 0.1909
mae: 0.0921
58/101
train r2: 0.9993665367809538, valid r2: 0.993539257297876, test r2: 0.9898111477466781
Training Results:
r2: 0.9994
rmse: 0.0489
mae: 0.0363
Validation Results:
r2: 0.9935
rmse: 0.1472
mae: 0.0888
Test Results:
r2: 0.9898
rmse: 0.1886
mae: 0.0961
59/101
train r2: 0.9997748979798345, valid r2: 0.9943739872094145, test r2: 0.9900584906371026
Training Results:
r2: 0.9998
rmse: 0.0292
mae: 0.0215
Validation Results:
r2: 0.9944
rmse: 0.1374
mae: 0.0813
Test Results:
r2: 0.9901
rmse: 0.1863
mae: 0.0903
60/101
train r2: 0.9996348353762523, valid r2: 0.9938617314105649, test r2: 0.990012355417356
Training Results:
r2: 0.9996
rmse: 0.0371
mae: 0.0287
Validation Results:
r2: 0.9939
rmse: 0.1435
mae: 0.0842
Test Results:
r2: 0.9900
rmse: 0.1867
mae: 0.0926
61/101
train r2: 0.998741405206671, valid r2: 0.9934366133443239, test r2: 0.9901002923408165
Training Results:
r2: 0.9987
rmse: 0.0689
mae: 0.0517
Validation Results:
r2: 0.9934
rmse: 0.1484
mae: 0.0956
Test Results:
r2: 0.9901
rmse: 0.1859
mae: 0.1020
62/101
train r2: 0.9992766275904549, valid r2: 0.9936520179467491, test r2: 0.9905312641960913
Training Results:
r2: 0.9993
rmse: 0.0523
mae: 0.0414
Validation Results:
r2: 0.9937
rmse: 0.1459
mae: 0.0905
Test Results:
r2: 0.9905
rmse: 0.1818
mae: 0.0988
63/101
train r2: 0.9995349144146932, valid r2: 0.9938560783490799, test r2: 0.9900841658192643
Training Results:
r2: 0.9995
rmse: 0.0419
mae: 0.0333
Validation Results:
r2: 0.9939
rmse: 0.1436
mae: 0.0854
Test Results:
r2: 0.9901
rmse: 0.1861
mae: 0.0953
64/101
train r2: 0.9996563353757935, valid r2: 0.9943306170533621, test r2: 0.9900733313924613
Training Results:
r2: 0.9997
rmse: 0.0360
mae: 0.0279
Validation Results:
r2: 0.9943
rmse: 0.1379
mae: 0.0832
Test Results:
r2: 0.9901
rmse: 0.1862
mae: 0.0908
65/101
train r2: 0.9995773484356464, valid r2: 0.9942401376610036, test r2: 0.9903194289984326
Training Results:
r2: 0.9996
rmse: 0.0399
mae: 0.0309
Validation Results:
r2: 0.9942
rmse: 0.1390
mae: 0.0847
Test Results:
r2: 0.9903
rmse: 0.1838
mae: 0.0914
66/101
train r2: 0.9996422733404873, valid r2: 0.9941545630863715, test r2: 0.9898247700587108
Training Results:
r2: 0.9996
rmse: 0.0367
mae: 0.0292
Validation Results:
r2: 0.9942
rmse: 0.1400
mae: 0.0829
Test Results:
r2: 0.9898
rmse: 0.1885
mae: 0.0899
67/101
train r2: 0.9997460764036047, valid r2: 0.9943750353874817, test r2: 0.9903166476725855
Training Results:
r2: 0.9997
rmse: 0.0309
mae: 0.0238
Validation Results:
r2: 0.9944
rmse: 0.1374
mae: 0.0812
Test Results:
r2: 0.9903
rmse: 0.1839
mae: 0.0890
68/101
train r2: 0.9998536026820737, valid r2: 0.99425907974488, test r2: 0.9899801636248873
Training Results:
r2: 0.9999
rmse: 0.0235
mae: 0.0172
Validation Results:
r2: 0.9943
rmse: 0.1388
mae: 0.0806
Test Results:
r2: 0.9900
rmse: 0.1870
mae: 0.0892
69/101
train r2: 0.999728832420011, valid r2: 0.9944531645655136, test r2: 0.9901222774912172
Training Results:
r2: 0.9997
rmse: 0.0320
mae: 0.0249
Validation Results:
r2: 0.9945
rmse: 0.1364
mae: 0.0818
Test Results:
r2: 0.9901
rmse: 0.1857
mae: 0.0910
70/101
train r2: 0.9998231783138513, valid r2: 0.9943599186609882, test r2: 0.9898852568245757
Training Results:
r2: 0.9998
rmse: 0.0258
mae: 0.0193
Validation Results:
r2: 0.9944
rmse: 0.1376
mae: 0.0799
Test Results:
r2: 0.9899
rmse: 0.1879
mae: 0.0889
71/101
train r2: 0.9996973876721789, valid r2: 0.9941993768860167, test r2: 0.9899071265970815
Training Results:
r2: 0.9997
rmse: 0.0338
mae: 0.0274
Validation Results:
r2: 0.9942
rmse: 0.1395
mae: 0.0832
Test Results:
r2: 0.9899
rmse: 0.1877
mae: 0.0900
72/101
train r2: 0.9998764304664807, valid r2: 0.9943831436953939, test r2: 0.9903755021097117
Training Results:
r2: 0.9999
rmse: 0.0216
mae: 0.0163
Validation Results:
r2: 0.9944
rmse: 0.1373
mae: 0.0797
Test Results:
r2: 0.9904
rmse: 0.1833
mae: 0.0879
73/101
train r2: 0.9998182117693729, valid r2: 0.9942522015341817, test r2: 0.9898381122996814
Training Results:
r2: 0.9998
rmse: 0.0262
mae: 0.0202
Validation Results:
r2: 0.9943
rmse: 0.1389
mae: 0.0803
Test Results:
r2: 0.9898
rmse: 0.1884
mae: 0.0889
74/101
train r2: 0.9998809053163936, valid r2: 0.9945156108709607, test r2: 0.9901496415566452
Training Results:
r2: 0.9999
rmse: 0.0212
mae: 0.0156
Validation Results:
r2: 0.9945
rmse: 0.1357
mae: 0.0791
Test Results:
r2: 0.9901
rmse: 0.1855
mae: 0.0873
75/101
train r2: 0.9998620676706077, valid r2: 0.994352338492608, test r2: 0.9899995764811573
Training Results:
r2: 0.9999
rmse: 0.0228
mae: 0.0175
Validation Results:
r2: 0.9944
rmse: 0.1377
mae: 0.0801
Test Results:
r2: 0.9900
rmse: 0.1869
mae: 0.0878
76/101
train r2: 0.9999019574251397, valid r2: 0.9943913615289923, test r2: 0.9901035246966368
Training Results:
r2: 0.9999
rmse: 0.0192
mae: 0.0146
Validation Results:
r2: 0.9944
rmse: 0.1372
mae: 0.0790
Test Results:
r2: 0.9901
rmse: 0.1859
mae: 0.0878
77/101
train r2: 0.9998384863233434, valid r2: 0.9941295165219044, test r2: 0.9900695470987915
Training Results:
r2: 0.9998
rmse: 0.0247
mae: 0.0190
Validation Results:
r2: 0.9941
rmse: 0.1403
mae: 0.0821
Test Results:
r2: 0.9901
rmse: 0.1862
mae: 0.0875
78/101
train r2: 0.9998800764350346, valid r2: 0.9945154426324477, test r2: 0.9898042462074654
Training Results:
r2: 0.9999
rmse: 0.0213
mae: 0.0157
Validation Results:
r2: 0.9945
rmse: 0.1357
mae: 0.0784
Test Results:
r2: 0.9898
rmse: 0.1887
mae: 0.0886
79/101
train r2: 0.9999134159287958, valid r2: 0.9943008204029842, test r2: 0.9899752724612153
Training Results:
r2: 0.9999
rmse: 0.0181
mae: 0.0127
Validation Results:
r2: 0.9943
rmse: 0.1383
mae: 0.0792
Test Results:
r2: 0.9900
rmse: 0.1871
mae: 0.0874
80/101
train r2: 0.9999599311659106, valid r2: 0.9944486947515875, test r2: 0.9902399872124493
Training Results:
r2: 1.0000
rmse: 0.0123
mae: 0.0090
Validation Results:
r2: 0.9944
rmse: 0.1365
mae: 0.0779
Test Results:
r2: 0.9902
rmse: 0.1846
mae: 0.0868
81/101
train r2: 0.9999340658527661, valid r2: 0.9943281236689391, test r2: 0.9902088526069714
Training Results:
r2: 0.9999
rmse: 0.0158
mae: 0.0119
Validation Results:
r2: 0.9943
rmse: 0.1380
mae: 0.0790
Test Results:
r2: 0.9902
rmse: 0.1849
mae: 0.0865
82/101
train r2: 0.9999473555938749, valid r2: 0.9943896983066244, test r2: 0.9901661390261911
Training Results:
r2: 0.9999
rmse: 0.0141
mae: 0.0108
Validation Results:
r2: 0.9944
rmse: 0.1372
mae: 0.0786
Test Results:
r2: 0.9902
rmse: 0.1853
mae: 0.0863
83/101
train r2: 0.9999602193553074, valid r2: 0.994544397314622, test r2: 0.9902911992563521
Training Results:
r2: 1.0000
rmse: 0.0123
mae: 0.0093
Validation Results:
r2: 0.9945
rmse: 0.1353
mae: 0.0779
Test Results:
r2: 0.9903
rmse: 0.1841
mae: 0.0864
84/101
train r2: 0.9999562656131054, valid r2: 0.9944589872345526, test r2: 0.9901797280566889
Training Results:
r2: 1.0000
rmse: 0.0129
mae: 0.0098
Validation Results:
r2: 0.9945
rmse: 0.1364
mae: 0.0781
Test Results:
r2: 0.9902
rmse: 0.1852
mae: 0.0871
85/101
train r2: 0.9999613805248675, valid r2: 0.9943452662564143, test r2: 0.9901493877600782
Training Results:
r2: 1.0000
rmse: 0.0121
mae: 0.0093
Validation Results:
r2: 0.9943
rmse: 0.1377
mae: 0.0788
Test Results:
r2: 0.9901
rmse: 0.1855
mae: 0.0864
86/101
train r2: 0.9999695290942562, valid r2: 0.99450077703369, test r2: 0.9903148025160088
Training Results:
r2: 1.0000
rmse: 0.0107
mae: 0.0077
Validation Results:
r2: 0.9945
rmse: 0.1358
mae: 0.0780
Test Results:
r2: 0.9903
rmse: 0.1839
mae: 0.0863
87/101
train r2: 0.9999732288651711, valid r2: 0.9945525797403042, test r2: 0.9902180769437264
Training Results:
r2: 1.0000
rmse: 0.0101
mae: 0.0071
Validation Results:
r2: 0.9946
rmse: 0.1352
mae: 0.0777
Test Results:
r2: 0.9902
rmse: 0.1848
mae: 0.0867
88/101
train r2: 0.999973275804934, valid r2: 0.9944644256184534, test r2: 0.9901528985552422
Training Results:
r2: 1.0000
rmse: 0.0100
mae: 0.0076
Validation Results:
r2: 0.9945
rmse: 0.1363
mae: 0.0782
Test Results:
r2: 0.9902
rmse: 0.1854
mae: 0.0869
89/101
train r2: 0.9999774199246573, valid r2: 0.9945171411546861, test r2: 0.9902432265873317
Training Results:
r2: 1.0000
rmse: 0.0092
mae: 0.0071
Validation Results:
r2: 0.9945
rmse: 0.1356
mae: 0.0778
Test Results:
r2: 0.9902
rmse: 0.1846
mae: 0.0862
90/101
train r2: 0.9999868292862868, valid r2: 0.9944537495410777, test r2: 0.9901544170401194
Training Results:
r2: 1.0000
rmse: 0.0070
mae: 0.0053
Validation Results:
r2: 0.9945
rmse: 0.1364
mae: 0.0779
Test Results:
r2: 0.9902
rmse: 0.1854
mae: 0.0865
91/101
train r2: 0.9999919073493732, valid r2: 0.9945031079108196, test r2: 0.9902270432235907
Training Results:
r2: 1.0000
rmse: 0.0055
mae: 0.0042
Validation Results:
r2: 0.9945
rmse: 0.1358
mae: 0.0776
Test Results:
r2: 0.9902
rmse: 0.1847
mae: 0.0862
92/101
train r2: 0.9999907047615726, valid r2: 0.9945248571322789, test r2: 0.9902692506796215
Training Results:
r2: 1.0000
rmse: 0.0059
mae: 0.0048
Validation Results:
r2: 0.9945
rmse: 0.1355
mae: 0.0777
Test Results:
r2: 0.9903
rmse: 0.1843
mae: 0.0860
93/101
train r2: 0.9999943602545713, valid r2: 0.9945012270928718, test r2: 0.9902545476697234
Training Results:
r2: 1.0000
rmse: 0.0046
mae: 0.0036
Validation Results:
r2: 0.9945
rmse: 0.1358
mae: 0.0777
Test Results:
r2: 0.9903
rmse: 0.1845
mae: 0.0861
94/101
train r2: 0.9999972596849999, valid r2: 0.994513320810674, test r2: 0.9902586180899431
Training Results:
r2: 1.0000
rmse: 0.0032
mae: 0.0025
Validation Results:
r2: 0.9945
rmse: 0.1357
mae: 0.0775
Test Results:
r2: 0.9903
rmse: 0.1844
mae: 0.0860
95/101
train r2: 0.9999923037804045, valid r2: 0.9945058177012155, test r2: 0.9902067593514194
Training Results:
r2: 1.0000
rmse: 0.0054
mae: 0.0041
Validation Results:
r2: 0.9945
rmse: 0.1358
mae: 0.0775
Test Results:
r2: 0.9902
rmse: 0.1849
mae: 0.0862
96/101
train r2: 0.9999984977492858, valid r2: 0.9945117205769738, test r2: 0.9902824263993396
Training Results:
r2: 1.0000
rmse: 0.0024
mae: 0.0018
Validation Results:
r2: 0.9945
rmse: 0.1357
mae: 0.0776
Test Results:
r2: 0.9903
rmse: 0.1842
mae: 0.0860
97/101
train r2: 0.9999993137815674, valid r2: 0.9945060112183796, test r2: 0.9902571726881811
Training Results:
r2: 1.0000
rmse: 0.0016
mae: 0.0013
Validation Results:
r2: 0.9945
rmse: 0.1358
mae: 0.0775
Test Results:
r2: 0.9903
rmse: 0.1844
mae: 0.0861
98/101
train r2: 0.9999996319108443, valid r2: 0.9945024184930208, test r2: 0.9902453244647639
Training Results:
r2: 1.0000
rmse: 0.0012
mae: 0.0009
Validation Results:
r2: 0.9945
rmse: 0.1358
mae: 0.0775
Test Results:
r2: 0.9902
rmse: 0.1846
mae: 0.0861
99/101
train r2: 0.9999997416433155, valid r2: 0.9945022445936208, test r2: 0.9902517749349576
Training Results:
r2: 1.0000
rmse: 0.0010
mae: 0.0008
Validation Results:
r2: 0.9945
rmse: 0.1358
mae: 0.0775
Test Results:
r2: 0.9903
rmse: 0.1845
mae: 0.0861
100/101
train r2: 0.9999998019534779, valid r2: 0.9945053760527338, test r2: 0.9902504841175156
Training Results:
r2: 1.0000
rmse: 0.0009
mae: 0.0007
Validation Results:
r2: 0.9945
rmse: 0.1358
mae: 0.0775
Test Results:
r2: 0.9903
rmse: 0.1845
mae: 0.0861
train: 1.0000, val: 0.9946, test: 0.9902
end_test_result: (0.9970690685944108, 0.10116122663021088, 0.06999589502811432)
Time used on constrained_logP: 6:6:52
Current seed: 2064, current split method: random, current task: constrained_logP
Namespace(seed=2024, times=5, n_epochs=100, config='base', model_path='../models/pretrained/base/base.pth', dataset='constrained_logP', data_path='../datasets/', dataset_type='regression', use_scaler=True, metric=['r2', 'rmse', 'mae'], split='random_2064', weight_decay=0.0, dropout=0.0, lr=3e-05, n_threads=8)
args.seed: 2024
use label scaler
use label scaler
use label scaler
model have 90.143705M paramerters in total
train_dataset.mean: tensor([-2.4526]) train_dataset.std: tensor([1.9224])
1/101
train r2: 0.8338097404841671, valid r2: 0.829928243915751, test r2: 0.8112492890075937
Training Results:
r2: 0.8338
rmse: 0.7837
mae: 0.5866
Validation Results:
r2: 0.8299
rmse: 0.8321
mae: 0.6027
Test Results:
r2: 0.8112
rmse: 0.8171
mae: 0.5920
2/101
train r2: 0.9562710002642133, valid r2: 0.9448645148874201, test r2: 0.9363276371848698
Training Results:
r2: 0.9563
rmse: 0.4020
mae: 0.2949
Validation Results:
r2: 0.9449
rmse: 0.4738
mae: 0.3334
Test Results:
r2: 0.9363
rmse: 0.4746
mae: 0.3333
3/101
train r2: 0.9808861222330774, valid r2: 0.971474399457064, test r2: 0.9677544187907811
Training Results:
r2: 0.9809
rmse: 0.2658
mae: 0.2001
Validation Results:
r2: 0.9715
rmse: 0.3408
mae: 0.2489
Test Results:
r2: 0.9678
rmse: 0.3377
mae: 0.2411
4/101
train r2: 0.9880201327424499, valid r2: 0.9800913528171067, test r2: 0.9754978261195321
Training Results:
r2: 0.9880
rmse: 0.2105
mae: 0.1596
Validation Results:
r2: 0.9801
rmse: 0.2847
mae: 0.2085
Test Results:
r2: 0.9755
rmse: 0.2944
mae: 0.2061
5/101
train r2: 0.9929533813940169, valid r2: 0.9838748585814093, test r2: 0.9813887785455341
Training Results:
r2: 0.9930
rmse: 0.1614
mae: 0.1251
Validation Results:
r2: 0.9839
rmse: 0.2562
mae: 0.1870
Test Results:
r2: 0.9814
rmse: 0.2566
mae: 0.1872
6/101
train r2: 0.9946155065760829, valid r2: 0.986151557968563, test r2: 0.9843279940923602
Training Results:
r2: 0.9946
rmse: 0.1411
mae: 0.1092
Validation Results:
r2: 0.9862
rmse: 0.2375
mae: 0.1744
Test Results:
r2: 0.9843
rmse: 0.2354
mae: 0.1690
7/101
train r2: 0.9926371770119222, valid r2: 0.9845695330833433, test r2: 0.9819104002965703
Training Results:
r2: 0.9926
rmse: 0.1649
mae: 0.1347
Validation Results:
r2: 0.9846
rmse: 0.2507
mae: 0.1912
Test Results:
r2: 0.9819
rmse: 0.2530
mae: 0.1895
8/101
train r2: 0.9960471608763392, valid r2: 0.9881992396427108, test r2: 0.9870733517497773
Training Results:
r2: 0.9960
rmse: 0.1209
mae: 0.0933
Validation Results:
r2: 0.9882
rmse: 0.2192
mae: 0.1573
Test Results:
r2: 0.9871
rmse: 0.2138
mae: 0.1550
9/101
train r2: 0.9950720969527406, valid r2: 0.9873947920439626, test r2: 0.9861312794649548
Training Results:
r2: 0.9951
rmse: 0.1350
mae: 0.1042
Validation Results:
r2: 0.9874
rmse: 0.2265
mae: 0.1657
Test Results:
r2: 0.9861
rmse: 0.2215
mae: 0.1634
10/101
train r2: 0.9957010939324753, valid r2: 0.9889260433181667, test r2: 0.9876638286510975
Training Results:
r2: 0.9957
rmse: 0.1261
mae: 0.0929
Validation Results:
r2: 0.9889
rmse: 0.2123
mae: 0.1484
Test Results:
r2: 0.9877
rmse: 0.2089
mae: 0.1468
11/101
train r2: 0.9944069959046007, valid r2: 0.9882160990443486, test r2: 0.9868708253605462
Training Results:
r2: 0.9944
rmse: 0.1438
mae: 0.1074
Validation Results:
r2: 0.9882
rmse: 0.2190
mae: 0.1541
Test Results:
r2: 0.9869
rmse: 0.2155
mae: 0.1506
12/101
train r2: 0.9954516303758905, valid r2: 0.990306667845602, test r2: 0.9887818665240992
Training Results:
r2: 0.9955
rmse: 0.1297
mae: 0.0978
Validation Results:
r2: 0.9903
rmse: 0.1987
mae: 0.1443
Test Results:
r2: 0.9888
rmse: 0.1992
mae: 0.1375
13/101
train r2: 0.9956925542077885, valid r2: 0.9899715556650658, test r2: 0.988424679329217
Training Results:
r2: 0.9957
rmse: 0.1261
mae: 0.0952
Validation Results:
r2: 0.9900
rmse: 0.2021
mae: 0.1443
Test Results:
r2: 0.9884
rmse: 0.2023
mae: 0.1448
14/101
train r2: 0.9961816713070522, valid r2: 0.9903893595155269, test r2: 0.98917093384664
Training Results:
r2: 0.9962
rmse: 0.1188
mae: 0.0921
Validation Results:
r2: 0.9904
rmse: 0.1978
mae: 0.1434
Test Results:
r2: 0.9892
rmse: 0.1957
mae: 0.1386
15/101
train r2: 0.9961364528493145, valid r2: 0.9904236424673639, test r2: 0.9885732023161298
Training Results:
r2: 0.9961
rmse: 0.1195
mae: 0.0945
Validation Results:
r2: 0.9904
rmse: 0.1975
mae: 0.1436
Test Results:
r2: 0.9886
rmse: 0.2010
mae: 0.1419
16/101
train r2: 0.9983845831918926, valid r2: 0.9929759772521934, test r2: 0.9921970261977395
Training Results:
r2: 0.9984
rmse: 0.0772
mae: 0.0562
Validation Results:
r2: 0.9930
rmse: 0.1691
mae: 0.1168
Test Results:
r2: 0.9922
rmse: 0.1661
mae: 0.1125
17/101
train r2: 0.9981982611054971, valid r2: 0.9928814476517451, test r2: 0.9913593416608564
Training Results:
r2: 0.9982
rmse: 0.0815
mae: 0.0604
Validation Results:
r2: 0.9929
rmse: 0.1702
mae: 0.1165
Test Results:
r2: 0.9914
rmse: 0.1748
mae: 0.1143
18/101
train r2: 0.9960827888305397, valid r2: 0.9911520721776953, test r2: 0.9897171133267082
Training Results:
r2: 0.9961
rmse: 0.1203
mae: 0.0937
Validation Results:
r2: 0.9912
rmse: 0.1898
mae: 0.1373
Test Results:
r2: 0.9897
rmse: 0.1907
mae: 0.1363
19/101
train r2: 0.995453367501331, valid r2: 0.9904818940797588, test r2: 0.9891246053317085
Training Results:
r2: 0.9955
rmse: 0.1296
mae: 0.1046
Validation Results:
r2: 0.9905
rmse: 0.1969
mae: 0.1416
Test Results:
r2: 0.9891
rmse: 0.1961
mae: 0.1369
20/101
train r2: 0.9960495437040007, valid r2: 0.9917037815642644, test r2: 0.9898496305178567
Training Results:
r2: 0.9960
rmse: 0.1209
mae: 0.0943
Validation Results:
r2: 0.9917
rmse: 0.1838
mae: 0.1366
Test Results:
r2: 0.9898
rmse: 0.1895
mae: 0.1355
21/101
train r2: 0.9980934262905198, valid r2: 0.993367338429564, test r2: 0.9917895110165305
Training Results:
r2: 0.9981
rmse: 0.0839
mae: 0.0624
Validation Results:
r2: 0.9934
rmse: 0.1643
mae: 0.1136
Test Results:
r2: 0.9918
rmse: 0.1704
mae: 0.1121
22/101
train r2: 0.9968281764666143, valid r2: 0.99251162285843, test r2: 0.9914402048676991
Training Results:
r2: 0.9968
rmse: 0.1083
mae: 0.0894
Validation Results:
r2: 0.9925
rmse: 0.1746
mae: 0.1308
Test Results:
r2: 0.9914
rmse: 0.1740
mae: 0.1263
23/101
train r2: 0.9981081407271986, valid r2: 0.993739962790489, test r2: 0.9921611387898579
Training Results:
r2: 0.9981
rmse: 0.0836
mae: 0.0643
Validation Results:
r2: 0.9937
rmse: 0.1596
mae: 0.1125
Test Results:
r2: 0.9922
rmse: 0.1665
mae: 0.1105
24/101
train r2: 0.9977226124886018, valid r2: 0.9935119108263786, test r2: 0.9923870392238524
Training Results:
r2: 0.9977
rmse: 0.0917
mae: 0.0682
Validation Results:
r2: 0.9935
rmse: 0.1625
mae: 0.1141
Test Results:
r2: 0.9924
rmse: 0.1641
mae: 0.1075
25/101
train r2: 0.9980858399242745, valid r2: 0.9939466120867332, test r2: 0.9923966824005133
Training Results:
r2: 0.9981
rmse: 0.0841
mae: 0.0619
Validation Results:
r2: 0.9939
rmse: 0.1570
mae: 0.1115
Test Results:
r2: 0.9924
rmse: 0.1640
mae: 0.1057
26/101
train r2: 0.997799097697533, valid r2: 0.9936735138287782, test r2: 0.992478829934137
Training Results:
r2: 0.9978
rmse: 0.0902
mae: 0.0665
Validation Results:
r2: 0.9937
rmse: 0.1605
mae: 0.1125
Test Results:
r2: 0.9925
rmse: 0.1631
mae: 0.1095
27/101
train r2: 0.9985002247908353, valid r2: 0.9937001103974661, test r2: 0.9924181218056541
Training Results:
r2: 0.9985
rmse: 0.0745
mae: 0.0565
Validation Results:
r2: 0.9937
rmse: 0.1602
mae: 0.1075
Test Results:
r2: 0.9924
rmse: 0.1638
mae: 0.1029
28/101
train r2: 0.9988373044990811, valid r2: 0.99387527371223, test r2: 0.9924971241809855
Training Results:
r2: 0.9988
rmse: 0.0655
mae: 0.0487
Validation Results:
r2: 0.9939
rmse: 0.1579
mae: 0.1014
Test Results:
r2: 0.9925
rmse: 0.1629
mae: 0.0994
29/101
train r2: 0.9986320402077028, valid r2: 0.9938464617129544, test r2: 0.9920027076194364
Training Results:
r2: 0.9986
rmse: 0.0711
mae: 0.0521
Validation Results:
r2: 0.9938
rmse: 0.1583
mae: 0.1031
Test Results:
r2: 0.9920
rmse: 0.1682
mae: 0.1000
30/101
train r2: 0.9978670370082938, valid r2: 0.9932399539401713, test r2: 0.9914675882095708
Training Results:
r2: 0.9979
rmse: 0.0888
mae: 0.0662
Validation Results:
r2: 0.9932
rmse: 0.1659
mae: 0.1116
Test Results:
r2: 0.9915
rmse: 0.1737
mae: 0.1087
31/101
train r2: 0.998162256547684, valid r2: 0.9940371380910362, test r2: 0.9926869120612756
Training Results:
r2: 0.9982
rmse: 0.0824
mae: 0.0624
Validation Results:
r2: 0.9940
rmse: 0.1558
mae: 0.1080
Test Results:
r2: 0.9927
rmse: 0.1608
mae: 0.1056
32/101
train r2: 0.9974146036578354, valid r2: 0.992498602663054, test r2: 0.9910717503992442
Training Results:
r2: 0.9974
rmse: 0.0977
mae: 0.0794
Validation Results:
r2: 0.9925
rmse: 0.1748
mae: 0.1236
Test Results:
r2: 0.9911
rmse: 0.1777
mae: 0.1177
33/101
train r2: 0.9982508572968883, valid r2: 0.993648790268746, test r2: 0.9918067950310125
Training Results:
r2: 0.9983
rmse: 0.0804
mae: 0.0610
Validation Results:
r2: 0.9936
rmse: 0.1608
mae: 0.1108
Test Results:
r2: 0.9918
rmse: 0.1702
mae: 0.1075
34/101
train r2: 0.9973815780906756, valid r2: 0.9939415547581734, test r2: 0.9922944377959371
Training Results:
r2: 0.9974
rmse: 0.0984
mae: 0.0769
Validation Results:
r2: 0.9939
rmse: 0.1571
mae: 0.1158
Test Results:
r2: 0.9923
rmse: 0.1651
mae: 0.1135
35/101
train r2: 0.9984802869075686, valid r2: 0.9938798231701067, test r2: 0.9926608420730488
Training Results:
r2: 0.9985
rmse: 0.0749
mae: 0.0543
Validation Results:
r2: 0.9939
rmse: 0.1579
mae: 0.1034
Test Results:
r2: 0.9927
rmse: 0.1611
mae: 0.1001
36/101
train r2: 0.9986356909912851, valid r2: 0.9949150155346902, test r2: 0.9934759045648692
Training Results:
r2: 0.9986
rmse: 0.0710
mae: 0.0525
Validation Results:
r2: 0.9949
rmse: 0.1439
mae: 0.1006
Test Results:
r2: 0.9935
rmse: 0.1519
mae: 0.0975
37/101
train r2: 0.9988495772027639, valid r2: 0.995112059011248, test r2: 0.9938794196649079
Training Results:
r2: 0.9988
rmse: 0.0652
mae: 0.0461
Validation Results:
r2: 0.9951
rmse: 0.1411
mae: 0.0969
Test Results:
r2: 0.9939
rmse: 0.1471
mae: 0.0930
38/101
train r2: 0.999262494029441, valid r2: 0.9951325510079374, test r2: 0.9942305390130802
Training Results:
r2: 0.9993
rmse: 0.0522
mae: 0.0390
Validation Results:
r2: 0.9951
rmse: 0.1408
mae: 0.0933
Test Results:
r2: 0.9942
rmse: 0.1429
mae: 0.0903
39/101
train r2: 0.9990050861928886, valid r2: 0.995231818555535, test r2: 0.9940318607694903
Training Results:
r2: 0.9990
rmse: 0.0606
mae: 0.0436
Validation Results:
r2: 0.9952
rmse: 0.1393
mae: 0.0932
Test Results:
r2: 0.9940
rmse: 0.1453
mae: 0.0907
40/101
train r2: 0.9990651713921829, valid r2: 0.9947766914505275, test r2: 0.9934114954539012
Training Results:
r2: 0.9991
rmse: 0.0588
mae: 0.0452
Validation Results:
r2: 0.9948
rmse: 0.1458
mae: 0.0986
Test Results:
r2: 0.9934
rmse: 0.1527
mae: 0.0942
41/101
train r2: 0.998953440504929, valid r2: 0.9948869113328951, test r2: 0.9938283322621503
Training Results:
r2: 0.9990
rmse: 0.0622
mae: 0.0458
Validation Results:
r2: 0.9949
rmse: 0.1443
mae: 0.0990
Test Results:
r2: 0.9938
rmse: 0.1478
mae: 0.0959
42/101
train r2: 0.9991190123040724, valid r2: 0.9942481895309928, test r2: 0.9931541571639193
Training Results:
r2: 0.9991
rmse: 0.0571
mae: 0.0397
Validation Results:
r2: 0.9942
rmse: 0.1530
mae: 0.0945
Test Results:
r2: 0.9932
rmse: 0.1556
mae: 0.0904
43/101
train r2: 0.998795603212987, valid r2: 0.9940083677891598, test r2: 0.9929630908754244
Training Results:
r2: 0.9988
rmse: 0.0667
mae: 0.0490
Validation Results:
r2: 0.9940
rmse: 0.1562
mae: 0.1012
Test Results:
r2: 0.9930
rmse: 0.1578
mae: 0.0954
44/101
train r2: 0.9990384833041909, valid r2: 0.9951746854719562, test r2: 0.9940113885622803
Training Results:
r2: 0.9990
rmse: 0.0596
mae: 0.0448
Validation Results:
r2: 0.9952
rmse: 0.1402
mae: 0.0944
Test Results:
r2: 0.9940
rmse: 0.1455
mae: 0.0936
45/101
train r2: 0.9984916778222305, valid r2: 0.99413940080928, test r2: 0.9929424857153334
Training Results:
r2: 0.9985
rmse: 0.0747
mae: 0.0580
Validation Results:
r2: 0.9941
rmse: 0.1545
mae: 0.1034
Test Results:
r2: 0.9929
rmse: 0.1580
mae: 0.1002
46/101
train r2: 0.9985769436479104, valid r2: 0.9946946947445806, test r2: 0.993664803562479
Training Results:
r2: 0.9986
rmse: 0.0725
mae: 0.0599
Validation Results:
r2: 0.9947
rmse: 0.1470
mae: 0.1016
Test Results:
r2: 0.9937
rmse: 0.1497
mae: 0.0984
47/101
train r2: 0.999258269712221, valid r2: 0.9957054633422513, test r2: 0.9944709389305696
Training Results:
r2: 0.9993
rmse: 0.0523
mae: 0.0390
Validation Results:
r2: 0.9957
rmse: 0.1322
mae: 0.0909
Test Results:
r2: 0.9945
rmse: 0.1398
mae: 0.0872
48/101
train r2: 0.999425399754381, valid r2: 0.9954198600133692, test r2: 0.9944499370550934
Training Results:
r2: 0.9994
rmse: 0.0461
mae: 0.0340
Validation Results:
r2: 0.9954
rmse: 0.1366
mae: 0.0888
Test Results:
r2: 0.9944
rmse: 0.1401
mae: 0.0861
49/101
train r2: 0.9996130183957769, valid r2: 0.995630595713659, test r2: 0.9944464445538327
Training Results:
r2: 0.9996
rmse: 0.0378
mae: 0.0286
Validation Results:
r2: 0.9956
rmse: 0.1334
mae: 0.0881
Test Results:
r2: 0.9944
rmse: 0.1402
mae: 0.0833
50/101
train r2: 0.9992411743467837, valid r2: 0.9954807329316818, test r2: 0.9943836107029398
Training Results:
r2: 0.9992
rmse: 0.0529
mae: 0.0407
Validation Results:
r2: 0.9955
rmse: 0.1356
mae: 0.0909
Test Results:
r2: 0.9944
rmse: 0.1409
mae: 0.0871
51/101
train r2: 0.9985084353042533, valid r2: 0.9941558057782384, test r2: 0.9928180957703436
Training Results:
r2: 0.9985
rmse: 0.0742
mae: 0.0620
Validation Results:
r2: 0.9942
rmse: 0.1543
mae: 0.1042
Test Results:
r2: 0.9928
rmse: 0.1594
mae: 0.1033
52/101
train r2: 0.9994710595029969, valid r2: 0.9958357076892117, test r2: 0.9947473556400335
Training Results:
r2: 0.9995
rmse: 0.0442
mae: 0.0325
Validation Results:
r2: 0.9958
rmse: 0.1302
mae: 0.0882
Test Results:
r2: 0.9947
rmse: 0.1363
mae: 0.0838
53/101
train r2: 0.9995268716911363, valid r2: 0.9956802667192466, test r2: 0.9940451073061267
Training Results:
r2: 0.9995
rmse: 0.0418
mae: 0.0306
Validation Results:
r2: 0.9957
rmse: 0.1326
mae: 0.0882
Test Results:
r2: 0.9940
rmse: 0.1451
mae: 0.0853
54/101
train r2: 0.9995780255237068, valid r2: 0.9955244078347681, test r2: 0.9944478930345755
Training Results:
r2: 0.9996
rmse: 0.0395
mae: 0.0308
Validation Results:
r2: 0.9955
rmse: 0.1350
mae: 0.0896
Test Results:
r2: 0.9944
rmse: 0.1401
mae: 0.0856
55/101
train r2: 0.999328264740723, valid r2: 0.9956147990025388, test r2: 0.9945353840283171
Training Results:
r2: 0.9993
rmse: 0.0498
mae: 0.0405
Validation Results:
r2: 0.9956
rmse: 0.1336
mae: 0.0911
Test Results:
r2: 0.9945
rmse: 0.1390
mae: 0.0873
56/101
train r2: 0.9993231400272659, valid r2: 0.9955785451606588, test r2: 0.9943482890861673
Training Results:
r2: 0.9993
rmse: 0.0500
mae: 0.0397
Validation Results:
r2: 0.9956
rmse: 0.1342
mae: 0.0902
Test Results:
r2: 0.9943
rmse: 0.1414
mae: 0.0881
57/101
train r2: 0.999694022695457, valid r2: 0.9957105908900876, test r2: 0.9945686186309748
Training Results:
r2: 0.9997
rmse: 0.0336
mae: 0.0254
Validation Results:
r2: 0.9957
rmse: 0.1322
mae: 0.0855
Test Results:
r2: 0.9946
rmse: 0.1386
mae: 0.0821
58/101
train r2: 0.9994084860924555, valid r2: 0.9953437412637225, test r2: 0.9941186455803068
Training Results:
r2: 0.9994
rmse: 0.0467
mae: 0.0365
Validation Results:
r2: 0.9953
rmse: 0.1377
mae: 0.0894
Test Results:
r2: 0.9941
rmse: 0.1442
mae: 0.0859
59/101
train r2: 0.9997579895842023, valid r2: 0.9959852756700587, test r2: 0.9944406141479485
Training Results:
r2: 0.9998
rmse: 0.0299
mae: 0.0223
Validation Results:
r2: 0.9960
rmse: 0.1279
mae: 0.0840
Test Results:
r2: 0.9944
rmse: 0.1402
mae: 0.0821
60/101
train r2: 0.9997240566458176, valid r2: 0.9958297050417863, test r2: 0.9947533983302984
Training Results:
r2: 0.9997
rmse: 0.0319
mae: 0.0241
Validation Results:
r2: 0.9958
rmse: 0.1303
mae: 0.0859
Test Results:
r2: 0.9948
rmse: 0.1362
mae: 0.0823
61/101
train r2: 0.9996802196367629, valid r2: 0.9959629456319079, test r2: 0.9948090994972952
Training Results:
r2: 0.9997
rmse: 0.0344
mae: 0.0257
Validation Results:
r2: 0.9960
rmse: 0.1282
mae: 0.0848
Test Results:
r2: 0.9948
rmse: 0.1355
mae: 0.0820
62/101
train r2: 0.9995448886992913, valid r2: 0.9958018882310856, test r2: 0.9944546860456067
Training Results:
r2: 0.9995
rmse: 0.0410
mae: 0.0327
Validation Results:
r2: 0.9958
rmse: 0.1307
mae: 0.0885
Test Results:
r2: 0.9945
rmse: 0.1401
mae: 0.0853
63/101
train r2: 0.9996588867480021, valid r2: 0.9957419924155008, test r2: 0.9944541818777449
Training Results:
r2: 0.9997
rmse: 0.0355
mae: 0.0278
Validation Results:
r2: 0.9957
rmse: 0.1317
mae: 0.0853
Test Results:
r2: 0.9945
rmse: 0.1401
mae: 0.0839
64/101
train r2: 0.9997576206983679, valid r2: 0.9959210996202644, test r2: 0.9947549764782943
Training Results:
r2: 0.9998
rmse: 0.0299
mae: 0.0223
Validation Results:
r2: 0.9959
rmse: 0.1289
mae: 0.0837
Test Results:
r2: 0.9948
rmse: 0.1362
mae: 0.0801
65/101
train r2: 0.9995970618060833, valid r2: 0.9960122134878117, test r2: 0.9949586335502506
Training Results:
r2: 0.9996
rmse: 0.0386
mae: 0.0293
Validation Results:
r2: 0.9960
rmse: 0.1274
mae: 0.0843
Test Results:
r2: 0.9950
rmse: 0.1335
mae: 0.0815
66/101
train r2: 0.9997265436475145, valid r2: 0.9958905574144797, test r2: 0.9947550653321157
Training Results:
r2: 0.9997
rmse: 0.0318
mae: 0.0248
Validation Results:
r2: 0.9959
rmse: 0.1294
mae: 0.0836
Test Results:
r2: 0.9948
rmse: 0.1362
mae: 0.0807
67/101
train r2: 0.9995261363567002, valid r2: 0.9953194851663086, test r2: 0.9940160635942907
Training Results:
r2: 0.9995
rmse: 0.0418
mae: 0.0308
Validation Results:
r2: 0.9953
rmse: 0.1380
mae: 0.0874
Test Results:
r2: 0.9940
rmse: 0.1455
mae: 0.0861
68/101
train r2: 0.999759256376511, valid r2: 0.9958953818117371, test r2: 0.994655132568888
Training Results:
r2: 0.9998
rmse: 0.0298
mae: 0.0223
Validation Results:
r2: 0.9959
rmse: 0.1293
mae: 0.0834
Test Results:
r2: 0.9947
rmse: 0.1375
mae: 0.0807
69/101
train r2: 0.999817314352307, valid r2: 0.9959605417472819, test r2: 0.994792616550338
Training Results:
r2: 0.9998
rmse: 0.0260
mae: 0.0192
Validation Results:
r2: 0.9960
rmse: 0.1282
mae: 0.0828
Test Results:
r2: 0.9948
rmse: 0.1357
mae: 0.0797
70/101
train r2: 0.9998337886311705, valid r2: 0.996103552720363, test r2: 0.9949142875346334
Training Results:
r2: 0.9998
rmse: 0.0248
mae: 0.0192
Validation Results:
r2: 0.9961
rmse: 0.1260
mae: 0.0819
Test Results:
r2: 0.9949
rmse: 0.1341
mae: 0.0799
71/101
train r2: 0.9998218177726811, valid r2: 0.9958677726281602, test r2: 0.9946890162441777
Training Results:
r2: 0.9998
rmse: 0.0257
mae: 0.0206
Validation Results:
r2: 0.9959
rmse: 0.1297
mae: 0.0833
Test Results:
r2: 0.9947
rmse: 0.1371
mae: 0.0809
72/101
train r2: 0.9998596894741545, valid r2: 0.9958246736372215, test r2: 0.994675823754958
Training Results:
r2: 0.9999
rmse: 0.0228
mae: 0.0172
Validation Results:
r2: 0.9958
rmse: 0.1304
mae: 0.0830
Test Results:
r2: 0.9947
rmse: 0.1372
mae: 0.0800
73/101
train r2: 0.9998073640105916, valid r2: 0.9961134050224962, test r2: 0.9948534494358927
Training Results:
r2: 0.9998
rmse: 0.0267
mae: 0.0202
Validation Results:
r2: 0.9961
rmse: 0.1258
mae: 0.0834
Test Results:
r2: 0.9949
rmse: 0.1349
mae: 0.0801
74/101
train r2: 0.9998091273017042, valid r2: 0.9961974902270991, test r2: 0.9951302925909611
Training Results:
r2: 0.9998
rmse: 0.0266
mae: 0.0202
Validation Results:
r2: 0.9962
rmse: 0.1244
mae: 0.0823
Test Results:
r2: 0.9951
rmse: 0.1312
mae: 0.0798
75/101
train r2: 0.9998164170993145, valid r2: 0.995794111287335, test r2: 0.9945411679922567
Training Results:
r2: 0.9998
rmse: 0.0261
mae: 0.0202
Validation Results:
r2: 0.9958
rmse: 0.1309
mae: 0.0825
Test Results:
r2: 0.9945
rmse: 0.1390
mae: 0.0810
76/101
train r2: 0.9998933440880708, valid r2: 0.9960881466524837, test r2: 0.9949705481476786
Training Results:
r2: 0.9999
rmse: 0.0198
mae: 0.0149
Validation Results:
r2: 0.9961
rmse: 0.1262
mae: 0.0811
Test Results:
r2: 0.9950
rmse: 0.1334
mae: 0.0785
77/101
train r2: 0.9998832550759099, valid r2: 0.9961853332516103, test r2: 0.9949644562703509
Training Results:
r2: 0.9999
rmse: 0.0208
mae: 0.0156
Validation Results:
r2: 0.9962
rmse: 0.1246
mae: 0.0807
Test Results:
r2: 0.9950
rmse: 0.1335
mae: 0.0783
78/101
train r2: 0.9999136010840516, valid r2: 0.996197651950354, test r2: 0.9950166411102483
Training Results:
r2: 0.9999
rmse: 0.0178
mae: 0.0130
Validation Results:
r2: 0.9962
rmse: 0.1244
mae: 0.0810
Test Results:
r2: 0.9950
rmse: 0.1328
mae: 0.0776
79/101
train r2: 0.9998327707470663, valid r2: 0.9962699637726026, test r2: 0.9950775448463859
Training Results:
r2: 0.9998
rmse: 0.0249
mae: 0.0191
Validation Results:
r2: 0.9963
rmse: 0.1232
mae: 0.0812
Test Results:
r2: 0.9951
rmse: 0.1320
mae: 0.0780
80/101
train r2: 0.9999085363751766, valid r2: 0.9961373319301551, test r2: 0.9948096326932792
Training Results:
r2: 0.9999
rmse: 0.0184
mae: 0.0136
Validation Results:
r2: 0.9961
rmse: 0.1254
mae: 0.0816
Test Results:
r2: 0.9948
rmse: 0.1355
mae: 0.0789
81/101
train r2: 0.9999359576670553, valid r2: 0.9962270404634808, test r2: 0.9949198152510323
Training Results:
r2: 0.9999
rmse: 0.0154
mae: 0.0117
Validation Results:
r2: 0.9962
rmse: 0.1239
mae: 0.0809
Test Results:
r2: 0.9949
rmse: 0.1341
mae: 0.0784
82/101
train r2: 0.9999248935933777, valid r2: 0.9961689640022429, test r2: 0.9948773924725606
Training Results:
r2: 0.9999
rmse: 0.0167
mae: 0.0124
Validation Results:
r2: 0.9962
rmse: 0.1249
mae: 0.0801
Test Results:
r2: 0.9949
rmse: 0.1346
mae: 0.0780
83/101
train r2: 0.999916885239059, valid r2: 0.9961393985255681, test r2: 0.9948634166557073
Training Results:
r2: 0.9999
rmse: 0.0175
mae: 0.0135
Validation Results:
r2: 0.9961
rmse: 0.1254
mae: 0.0813
Test Results:
r2: 0.9949
rmse: 0.1348
mae: 0.0784
84/101
train r2: 0.9999494237141895, valid r2: 0.9961896683632038, test r2: 0.9950675815063869
Training Results:
r2: 0.9999
rmse: 0.0137
mae: 0.0103
Validation Results:
r2: 0.9962
rmse: 0.1246
mae: 0.0807
Test Results:
r2: 0.9951
rmse: 0.1321
mae: 0.0775
85/101
train r2: 0.9999653141736731, valid r2: 0.9961498343074868, test r2: 0.9950061878564292
Training Results:
r2: 1.0000
rmse: 0.0113
mae: 0.0086
Validation Results:
r2: 0.9961
rmse: 0.1252
mae: 0.0802
Test Results:
r2: 0.9950
rmse: 0.1329
mae: 0.0773
86/101
train r2: 0.9999742367413843, valid r2: 0.9961850455508654, test r2: 0.9950267574746235
Training Results:
r2: 1.0000
rmse: 0.0097
mae: 0.0075
Validation Results:
r2: 0.9962
rmse: 0.1246
mae: 0.0803
Test Results:
r2: 0.9950
rmse: 0.1326
mae: 0.0772
87/101
train r2: 0.9999781077344249, valid r2: 0.9961329629411302, test r2: 0.9949015885602289
Training Results:
r2: 1.0000
rmse: 0.0090
mae: 0.0069
Validation Results:
r2: 0.9961
rmse: 0.1255
mae: 0.0806
Test Results:
r2: 0.9949
rmse: 0.1343
mae: 0.0780
88/101
train r2: 0.9999819840975003, valid r2: 0.9961773682631689, test r2: 0.9949698506224524
Training Results:
r2: 1.0000
rmse: 0.0082
mae: 0.0063
Validation Results:
r2: 0.9962
rmse: 0.1248
mae: 0.0803
Test Results:
r2: 0.9950
rmse: 0.1334
mae: 0.0777
89/101
train r2: 0.9999638371835915, valid r2: 0.996117338597466, test r2: 0.9949263190537588
Training Results:
r2: 1.0000
rmse: 0.0116
mae: 0.0096
Validation Results:
r2: 0.9961
rmse: 0.1257
mae: 0.0805
Test Results:
r2: 0.9949
rmse: 0.1340
mae: 0.0784
90/101
train r2: 0.9999886674101421, valid r2: 0.996147117833787, test r2: 0.9949644848139438
Training Results:
r2: 1.0000
rmse: 0.0065
mae: 0.0049
Validation Results:
r2: 0.9961
rmse: 0.1252
mae: 0.0804
Test Results:
r2: 0.9950
rmse: 0.1335
mae: 0.0774
91/101
train r2: 0.999989861681684, valid r2: 0.9961825873898063, test r2: 0.9949582400056854
Training Results:
r2: 1.0000
rmse: 0.0061
mae: 0.0046
Validation Results:
r2: 0.9962
rmse: 0.1247
mae: 0.0803
Test Results:
r2: 0.9950
rmse: 0.1335
mae: 0.0773
92/101
train r2: 0.999987044571454, valid r2: 0.9961506276961131, test r2: 0.9949493931148122
Training Results:
r2: 1.0000
rmse: 0.0069
mae: 0.0055
Validation Results:
r2: 0.9962
rmse: 0.1252
mae: 0.0804
Test Results:
r2: 0.9949
rmse: 0.1337
mae: 0.0778
93/101
train r2: 0.9999931041935994, valid r2: 0.9961339339520765, test r2: 0.9949306516587152
Training Results:
r2: 1.0000
rmse: 0.0050
mae: 0.0038
Validation Results:
r2: 0.9961
rmse: 0.1255
mae: 0.0806
Test Results:
r2: 0.9949
rmse: 0.1339
mae: 0.0776
94/101
train r2: 0.9999885178071058, valid r2: 0.9961774822668367, test r2: 0.9949749706979909
Training Results:
r2: 1.0000
rmse: 0.0065
mae: 0.0054
Validation Results:
r2: 0.9962
rmse: 0.1248
mae: 0.0800
Test Results:
r2: 0.9950
rmse: 0.1333
mae: 0.0775
95/101
train r2: 0.9999978151841017, valid r2: 0.9961626917368614, test r2: 0.9949546585442494
Training Results:
r2: 1.0000
rmse: 0.0028
mae: 0.0021
Validation Results:
r2: 0.9962
rmse: 0.1250
mae: 0.0801
Test Results:
r2: 0.9950
rmse: 0.1336
mae: 0.0774
96/101
train r2: 0.9999977676562825, valid r2: 0.9962099560271805, test r2: 0.995022399745244
Training Results:
r2: 1.0000
rmse: 0.0029
mae: 0.0021
Validation Results:
r2: 0.9962
rmse: 0.1242
mae: 0.0800
Test Results:
r2: 0.9950
rmse: 0.1327
mae: 0.0772
97/101
train r2: 0.9999992210153643, valid r2: 0.9961751021374106, test r2: 0.9949837708948172
Training Results:
r2: 1.0000
rmse: 0.0017
mae: 0.0013
Validation Results:
r2: 0.9962
rmse: 0.1248
mae: 0.0802
Test Results:
r2: 0.9950
rmse: 0.1332
mae: 0.0773
98/101
train r2: 0.999999559281318, valid r2: 0.996167639601869, test r2: 0.9949764835787602
Training Results:
r2: 1.0000
rmse: 0.0013
mae: 0.0010
Validation Results:
r2: 0.9962
rmse: 0.1249
mae: 0.0802
Test Results:
r2: 0.9950
rmse: 0.1333
mae: 0.0773
99/101
train r2: 0.9999996478886288, valid r2: 0.9961760101970218, test r2: 0.9949801141111534
Training Results:
r2: 1.0000
rmse: 0.0011
mae: 0.0009
Validation Results:
r2: 0.9962
rmse: 0.1248
mae: 0.0802
Test Results:
r2: 0.9950
rmse: 0.1333
mae: 0.0773
break!
train: 0.9998, val: 0.9963, test: 0.9951
end_test_result: (0.9895345133992695, 0.192404106259346, 0.12754441797733307)
args.seed: 2034
use label scaler
use label scaler
use label scaler
model have 90.143705M paramerters in total
train_dataset.mean: tensor([-2.4526]) train_dataset.std: tensor([1.9224])
1/101
train r2: 0.8335905879208755, valid r2: 0.8247743826912696, test r2: 0.8009047779612862
Training Results:
r2: 0.8336
rmse: 0.7845
mae: 0.5846
Validation Results:
r2: 0.8248
rmse: 0.8447
mae: 0.6228
Test Results:
r2: 0.8009
rmse: 0.8392
mae: 0.6168
2/101
train r2: 0.9570750712399432, valid r2: 0.9442623796440371, test r2: 0.9373662688400619
Training Results:
r2: 0.9571
rmse: 0.3984
mae: 0.2897
Validation Results:
r2: 0.9443
rmse: 0.4764
mae: 0.3407
Test Results:
r2: 0.9374
rmse: 0.4707
mae: 0.3319
3/101
train r2: 0.9787403714798083, valid r2: 0.9713013849198716, test r2: 0.9613072933906254
Training Results:
r2: 0.9787
rmse: 0.2803
mae: 0.2077
Validation Results:
r2: 0.9713
rmse: 0.3418
mae: 0.2473
Test Results:
r2: 0.9613
rmse: 0.3700
mae: 0.2584
4/101
train r2: 0.9857045402748128, valid r2: 0.9781703979169721, test r2: 0.9734729672680048
Training Results:
r2: 0.9857
rmse: 0.2298
mae: 0.1752
Validation Results:
r2: 0.9782
rmse: 0.2981
mae: 0.2255
Test Results:
r2: 0.9735
rmse: 0.3063
mae: 0.2156
5/101
train r2: 0.9904692442527089, valid r2: 0.9826775783054411, test r2: 0.9778835724849969
Training Results:
r2: 0.9905
rmse: 0.1876
mae: 0.1451
Validation Results:
r2: 0.9827
rmse: 0.2656
mae: 0.1931
Test Results:
r2: 0.9779
rmse: 0.2797
mae: 0.2024
6/101
train r2: 0.9943738751773318, valid r2: 0.9864989714719199, test r2: 0.983516713264777
Training Results:
r2: 0.9944
rmse: 0.1442
mae: 0.1098
Validation Results:
r2: 0.9865
rmse: 0.2345
mae: 0.1680
Test Results:
r2: 0.9835
rmse: 0.2415
mae: 0.1655
7/101
train r2: 0.9933602228519383, valid r2: 0.9858231765690942, test r2: 0.9825673578559101
Training Results:
r2: 0.9934
rmse: 0.1567
mae: 0.1280
Validation Results:
r2: 0.9858
rmse: 0.2403
mae: 0.1809
Test Results:
r2: 0.9826
rmse: 0.2483
mae: 0.1827
8/101
train r2: 0.9951831898776514, valid r2: 0.9877236707011405, test r2: 0.9856174453524604
Training Results:
r2: 0.9952
rmse: 0.1334
mae: 0.1023
Validation Results:
r2: 0.9877
rmse: 0.2236
mae: 0.1624
Test Results:
r2: 0.9856
rmse: 0.2256
mae: 0.1603
9/101
train r2: 0.9945500574689894, valid r2: 0.9878371263274892, test r2: 0.9847068969724273
Training Results:
r2: 0.9946
rmse: 0.1419
mae: 0.1087
Validation Results:
r2: 0.9878
rmse: 0.2225
mae: 0.1638
Test Results:
r2: 0.9847
rmse: 0.2326
mae: 0.1620
10/101
train r2: 0.9911525799001676, valid r2: 0.9855397175911289, test r2: 0.9831622054468528
Training Results:
r2: 0.9912
rmse: 0.1808
mae: 0.1426
Validation Results:
r2: 0.9855
rmse: 0.2426
mae: 0.1833
Test Results:
r2: 0.9832
rmse: 0.2440
mae: 0.1814
11/101
train r2: 0.9938557319855063, valid r2: 0.9871548034164027, test r2: 0.9868123799194863
Training Results:
r2: 0.9939
rmse: 0.1506
mae: 0.1141
Validation Results:
r2: 0.9872
rmse: 0.2287
mae: 0.1647
Test Results:
r2: 0.9868
rmse: 0.2160
mae: 0.1526
12/101
train r2: 0.9905190217655416, valid r2: 0.9843454878994129, test r2: 0.9827286283085139
Training Results:
r2: 0.9905
rmse: 0.1872
mae: 0.1563
Validation Results:
r2: 0.9843
rmse: 0.2525
mae: 0.1902
Test Results:
r2: 0.9827
rmse: 0.2472
mae: 0.1863
13/101
train r2: 0.9941627951654867, valid r2: 0.9895478754797304, test r2: 0.9893262318098599
Training Results:
r2: 0.9942
rmse: 0.1468
mae: 0.1009
Validation Results:
r2: 0.9895
rmse: 0.2063
mae: 0.1476
Test Results:
r2: 0.9893
rmse: 0.1943
mae: 0.1351
14/101
train r2: 0.9940339771562686, valid r2: 0.9882501459631681, test r2: 0.9873245974798583
Training Results:
r2: 0.9940
rmse: 0.1485
mae: 0.1167
Validation Results:
r2: 0.9883
rmse: 0.2187
mae: 0.1564
Test Results:
r2: 0.9873
rmse: 0.2117
mae: 0.1521
15/101
train r2: 0.9969201936786598, valid r2: 0.9913075191439996, test r2: 0.9895344567225918
Training Results:
r2: 0.9969
rmse: 0.1067
mae: 0.0810
Validation Results:
r2: 0.9913
rmse: 0.1881
mae: 0.1318
Test Results:
r2: 0.9895
rmse: 0.1924
mae: 0.1275
16/101
train r2: 0.9960600084524434, valid r2: 0.9911456642780647, test r2: 0.9905254345645276
Training Results:
r2: 0.9961
rmse: 0.1206
mae: 0.0910
Validation Results:
r2: 0.9911
rmse: 0.1899
mae: 0.1359
Test Results:
r2: 0.9905
rmse: 0.1831
mae: 0.1293
17/101
train r2: 0.9975212677981559, valid r2: 0.9925591065557271, test r2: 0.9904192150371512
Training Results:
r2: 0.9975
rmse: 0.0958
mae: 0.0705
Validation Results:
r2: 0.9926
rmse: 0.1741
mae: 0.1227
Test Results:
r2: 0.9904
rmse: 0.1841
mae: 0.1185
18/101
train r2: 0.9974692092458904, valid r2: 0.9930605189525465, test r2: 0.9916224090223733
Training Results:
r2: 0.9975
rmse: 0.0967
mae: 0.0740
Validation Results:
r2: 0.9931
rmse: 0.1681
mae: 0.1185
Test Results:
r2: 0.9916
rmse: 0.1721
mae: 0.1189
19/101
train r2: 0.9976383932891892, valid r2: 0.9928221229960829, test r2: 0.9903496893074515
Training Results:
r2: 0.9976
rmse: 0.0935
mae: 0.0693
Validation Results:
r2: 0.9928
rmse: 0.1710
mae: 0.1202
Test Results:
r2: 0.9903
rmse: 0.1848
mae: 0.1190
20/101
train r2: 0.996222006154953, valid r2: 0.9907919316531664, test r2: 0.9894520069408574
Training Results:
r2: 0.9962
rmse: 0.1182
mae: 0.0952
Validation Results:
r2: 0.9908
rmse: 0.1936
mae: 0.1410
Test Results:
r2: 0.9895
rmse: 0.1932
mae: 0.1378
21/101
train r2: 0.9961729199411263, valid r2: 0.9925288255324862, test r2: 0.9909163573525359
Training Results:
r2: 0.9962
rmse: 0.1189
mae: 0.0955
Validation Results:
r2: 0.9925
rmse: 0.1744
mae: 0.1287
Test Results:
r2: 0.9909
rmse: 0.1793
mae: 0.1303
22/101
train r2: 0.9967028312271351, valid r2: 0.9910986679304656, test r2: 0.9893353840592887
Training Results:
r2: 0.9967
rmse: 0.1104
mae: 0.0878
Validation Results:
r2: 0.9911
rmse: 0.1904
mae: 0.1360
Test Results:
r2: 0.9893
rmse: 0.1942
mae: 0.1312
23/101
train r2: 0.9979450129650886, valid r2: 0.9939641711700101, test r2: 0.9924052814358304
Training Results:
r2: 0.9979
rmse: 0.0871
mae: 0.0637
Validation Results:
r2: 0.9940
rmse: 0.1568
mae: 0.1087
Test Results:
r2: 0.9924
rmse: 0.1639
mae: 0.1085
24/101
train r2: 0.9973424099740932, valid r2: 0.9934703227398078, test r2: 0.9914154882236682
Training Results:
r2: 0.9973
rmse: 0.0991
mae: 0.0734
Validation Results:
r2: 0.9935
rmse: 0.1631
mae: 0.1161
Test Results:
r2: 0.9914
rmse: 0.1743
mae: 0.1145
25/101
train r2: 0.998271688864418, valid r2: 0.9935689377065365, test r2: 0.9922333774967402
Training Results:
r2: 0.9983
rmse: 0.0799
mae: 0.0609
Validation Results:
r2: 0.9936
rmse: 0.1618
mae: 0.1090
Test Results:
r2: 0.9922
rmse: 0.1657
mae: 0.1052
26/101
train r2: 0.9986842568137475, valid r2: 0.9935430463323583, test r2: 0.9919828927413009
Training Results:
r2: 0.9987
rmse: 0.0697
mae: 0.0513
Validation Results:
r2: 0.9935
rmse: 0.1621
mae: 0.1079
Test Results:
r2: 0.9920
rmse: 0.1684
mae: 0.1023
27/101
train r2: 0.9983679944124488, valid r2: 0.9930778402161305, test r2: 0.9908298933076835
Training Results:
r2: 0.9984
rmse: 0.0777
mae: 0.0576
Validation Results:
r2: 0.9931
rmse: 0.1679
mae: 0.1084
Test Results:
r2: 0.9908
rmse: 0.1801
mae: 0.1072
28/101
train r2: 0.9983937469490435, valid r2: 0.9942098950207011, test r2: 0.9931333799954105
Training Results:
r2: 0.9984
rmse: 0.0770
mae: 0.0541
Validation Results:
r2: 0.9942
rmse: 0.1535
mae: 0.1032
Test Results:
r2: 0.9931
rmse: 0.1558
mae: 0.0980
29/101
train r2: 0.9982667755142676, valid r2: 0.9935530881424208, test r2: 0.9919149891904749
Training Results:
r2: 0.9983
rmse: 0.0800
mae: 0.0610
Validation Results:
r2: 0.9936
rmse: 0.1620
mae: 0.1093
Test Results:
r2: 0.9919
rmse: 0.1691
mae: 0.1077
30/101
train r2: 0.9978759526080743, valid r2: 0.9931499321613583, test r2: 0.9921360505234309
Training Results:
r2: 0.9979
rmse: 0.0886
mae: 0.0700
Validation Results:
r2: 0.9931
rmse: 0.1670
mae: 0.1129
Test Results:
r2: 0.9921
rmse: 0.1668
mae: 0.1069
31/101
train r2: 0.9971916636756134, valid r2: 0.9937341568441259, test r2: 0.9909663059377827
Training Results:
r2: 0.9972
rmse: 0.1019
mae: 0.0763
Validation Results:
r2: 0.9937
rmse: 0.1597
mae: 0.1130
Test Results:
r2: 0.9910
rmse: 0.1788
mae: 0.1154
32/101
train r2: 0.9984754916600505, valid r2: 0.9942015950973898, test r2: 0.9921037426637491
Training Results:
r2: 0.9985
rmse: 0.0750
mae: 0.0549
Validation Results:
r2: 0.9942
rmse: 0.1537
mae: 0.1054
Test Results:
r2: 0.9921
rmse: 0.1671
mae: 0.0999
33/101
train r2: 0.9986448484662295, valid r2: 0.9945069035806302, test r2: 0.992976011864834
Training Results:
r2: 0.9986
rmse: 0.0708
mae: 0.0531
Validation Results:
r2: 0.9945
rmse: 0.1496
mae: 0.1003
Test Results:
r2: 0.9930
rmse: 0.1576
mae: 0.0990
34/101
train r2: 0.9991174671087085, valid r2: 0.9946849152391483, test r2: 0.9932679099785493
Training Results:
r2: 0.9991
rmse: 0.0571
mae: 0.0423
Validation Results:
r2: 0.9947
rmse: 0.1471
mae: 0.0971
Test Results:
r2: 0.9933
rmse: 0.1543
mae: 0.0926
35/101
train r2: 0.9989957839232366, valid r2: 0.9949521955991846, test r2: 0.9935792553167274
Training Results:
r2: 0.9990
rmse: 0.0609
mae: 0.0458
Validation Results:
r2: 0.9950
rmse: 0.1434
mae: 0.0973
Test Results:
r2: 0.9936
rmse: 0.1507
mae: 0.0950
36/101
train r2: 0.9989466600142695, valid r2: 0.9945402018057405, test r2: 0.9926610955904166
Training Results:
r2: 0.9989
rmse: 0.0624
mae: 0.0489
Validation Results:
r2: 0.9945
rmse: 0.1491
mae: 0.0978
Test Results:
r2: 0.9927
rmse: 0.1611
mae: 0.0970
37/101
train r2: 0.9985792865462078, valid r2: 0.9937640882138817, test r2: 0.9928578420786832
Training Results:
r2: 0.9986
rmse: 0.0725
mae: 0.0536
Validation Results:
r2: 0.9938
rmse: 0.1593
mae: 0.1021
Test Results:
r2: 0.9929
rmse: 0.1589
mae: 0.0969
38/101
train r2: 0.9985209414648245, valid r2: 0.9943734101709155, test r2: 0.9926514733416218
Training Results:
r2: 0.9985
rmse: 0.0739
mae: 0.0546
Validation Results:
r2: 0.9944
rmse: 0.1514
mae: 0.1022
Test Results:
r2: 0.9927
rmse: 0.1612
mae: 0.0973
39/101
train r2: 0.9990947263205859, valid r2: 0.995384889334771, test r2: 0.9940172959723734
Training Results:
r2: 0.9991
rmse: 0.0579
mae: 0.0441
Validation Results:
r2: 0.9954
rmse: 0.1371
mae: 0.0924
Test Results:
r2: 0.9940
rmse: 0.1455
mae: 0.0884
40/101
train r2: 0.9988657514959091, valid r2: 0.9948375620705905, test r2: 0.9936717151354026
Training Results:
r2: 0.9989
rmse: 0.0648
mae: 0.0497
Validation Results:
r2: 0.9948
rmse: 0.1450
mae: 0.0963
Test Results:
r2: 0.9937
rmse: 0.1496
mae: 0.0934
41/101
train r2: 0.9990809624212186, valid r2: 0.9950863534478707, test r2: 0.9932686279348977
Training Results:
r2: 0.9991
rmse: 0.0583
mae: 0.0442
Validation Results:
r2: 0.9951
rmse: 0.1414
mae: 0.0941
Test Results:
r2: 0.9933
rmse: 0.1543
mae: 0.0922
42/101
train r2: 0.9989989687080661, valid r2: 0.9950337239174717, test r2: 0.9940593882103572
Training Results:
r2: 0.9990
rmse: 0.0608
mae: 0.0458
Validation Results:
r2: 0.9950
rmse: 0.1422
mae: 0.0945
Test Results:
r2: 0.9941
rmse: 0.1450
mae: 0.0908
43/101
train r2: 0.9992906018037828, valid r2: 0.9959940042566402, test r2: 0.9948068727330341
Training Results:
r2: 0.9993
rmse: 0.0512
mae: 0.0387
Validation Results:
r2: 0.9960
rmse: 0.1277
mae: 0.0869
Test Results:
r2: 0.9948
rmse: 0.1355
mae: 0.0840
44/101
train r2: 0.9991429164991784, valid r2: 0.995153509938475, test r2: 0.9937727363605445
Training Results:
r2: 0.9991
rmse: 0.0563
mae: 0.0430
Validation Results:
r2: 0.9952
rmse: 0.1405
mae: 0.0943
Test Results:
r2: 0.9938
rmse: 0.1484
mae: 0.0892
45/101
train r2: 0.9988477358680552, valid r2: 0.9948326677931671, test r2: 0.9936188031474631
Training Results:
r2: 0.9988
rmse: 0.0652
mae: 0.0531
Validation Results:
r2: 0.9948
rmse: 0.1450
mae: 0.0981
Test Results:
r2: 0.9936
rmse: 0.1502
mae: 0.0937
46/101
train r2: 0.9992607719182709, valid r2: 0.9949619171692708, test r2: 0.9936973733795111
Training Results:
r2: 0.9993
rmse: 0.0523
mae: 0.0399
Validation Results:
r2: 0.9950
rmse: 0.1432
mae: 0.0937
Test Results:
r2: 0.9937
rmse: 0.1493
mae: 0.0891
47/101
train r2: 0.9994652023544954, valid r2: 0.995846159293863, test r2: 0.9942231370743092
Training Results:
r2: 0.9995
rmse: 0.0445
mae: 0.0332
Validation Results:
r2: 0.9958
rmse: 0.1300
mae: 0.0865
Test Results:
r2: 0.9942
rmse: 0.1429
mae: 0.0848
48/101
train r2: 0.9995535894605553, valid r2: 0.9956944288297119, test r2: 0.994345704291272
Training Results:
r2: 0.9996
rmse: 0.0406
mae: 0.0311
Validation Results:
r2: 0.9957
rmse: 0.1324
mae: 0.0876
Test Results:
r2: 0.9943
rmse: 0.1414
mae: 0.0837
49/101
train r2: 0.9993252901831112, valid r2: 0.9955375919640636, test r2: 0.9941115203302865
Training Results:
r2: 0.9993
rmse: 0.0499
mae: 0.0381
Validation Results:
r2: 0.9955
rmse: 0.1348
mae: 0.0901
Test Results:
r2: 0.9941
rmse: 0.1443
mae: 0.0887
50/101
train r2: 0.9990824715185233, valid r2: 0.9948014529681215, test r2: 0.993685208143228
Training Results:
r2: 0.9991
rmse: 0.0582
mae: 0.0458
Validation Results:
r2: 0.9948
rmse: 0.1455
mae: 0.0954
Test Results:
r2: 0.9937
rmse: 0.1495
mae: 0.0929
51/101
train r2: 0.999407913897535, valid r2: 0.9956464910990509, test r2: 0.994647276648446
Training Results:
r2: 0.9994
rmse: 0.0468
mae: 0.0360
Validation Results:
r2: 0.9956
rmse: 0.1331
mae: 0.0882
Test Results:
r2: 0.9946
rmse: 0.1376
mae: 0.0854
52/101
train r2: 0.9991593616649195, valid r2: 0.9954939575668001, test r2: 0.9941357631117841
Training Results:
r2: 0.9992
rmse: 0.0557
mae: 0.0439
Validation Results:
r2: 0.9955
rmse: 0.1354
mae: 0.0911
Test Results:
r2: 0.9941
rmse: 0.1440
mae: 0.0896
53/101
train r2: 0.9993740088467723, valid r2: 0.9950185632284497, test r2: 0.9938259681917134
Training Results:
r2: 0.9994
rmse: 0.0481
mae: 0.0364
Validation Results:
r2: 0.9950
rmse: 0.1424
mae: 0.0905
Test Results:
r2: 0.9938
rmse: 0.1478
mae: 0.0869
54/101
train r2: 0.9995180903796878, valid r2: 0.9955845392821199, test r2: 0.9941156772853912
Training Results:
r2: 0.9995
rmse: 0.0422
mae: 0.0324
Validation Results:
r2: 0.9956
rmse: 0.1341
mae: 0.0886
Test Results:
r2: 0.9941
rmse: 0.1443
mae: 0.0852
55/101
train r2: 0.9994798583762736, valid r2: 0.9952919726751949, test r2: 0.9940430880338561
Training Results:
r2: 0.9995
rmse: 0.0438
mae: 0.0325
Validation Results:
r2: 0.9953
rmse: 0.1385
mae: 0.0896
Test Results:
r2: 0.9940
rmse: 0.1452
mae: 0.0856
56/101
train r2: 0.9995285938630153, valid r2: 0.9957774248096383, test r2: 0.9942407813885553
Training Results:
r2: 0.9995
rmse: 0.0417
mae: 0.0315
Validation Results:
r2: 0.9958
rmse: 0.1311
mae: 0.0866
Test Results:
r2: 0.9942
rmse: 0.1427
mae: 0.0844
57/101
train r2: 0.9990763398275397, valid r2: 0.9952657892739255, test r2: 0.9936057116159883
Training Results:
r2: 0.9991
rmse: 0.0584
mae: 0.0485
Validation Results:
r2: 0.9953
rmse: 0.1388
mae: 0.0939
Test Results:
r2: 0.9936
rmse: 0.1504
mae: 0.0932
58/101
train r2: 0.999612901271967, valid r2: 0.995655252968886, test r2: 0.9939295246931501
Training Results:
r2: 0.9996
rmse: 0.0378
mae: 0.0287
Validation Results:
r2: 0.9957
rmse: 0.1330
mae: 0.0851
Test Results:
r2: 0.9939
rmse: 0.1465
mae: 0.0839
59/101
train r2: 0.9995921282184599, valid r2: 0.9959187784912973, test r2: 0.9946308848534668
Training Results:
r2: 0.9996
rmse: 0.0388
mae: 0.0303
Validation Results:
r2: 0.9959
rmse: 0.1289
mae: 0.0853
Test Results:
r2: 0.9946
rmse: 0.1378
mae: 0.0817
60/101
train r2: 0.9997310577281535, valid r2: 0.9957342008871191, test r2: 0.9945074483187302
Training Results:
r2: 0.9997
rmse: 0.0315
mae: 0.0237
Validation Results:
r2: 0.9957
rmse: 0.1318
mae: 0.0847
Test Results:
r2: 0.9945
rmse: 0.1394
mae: 0.0804
61/101
train r2: 0.9997530525095356, valid r2: 0.995854857500935, test r2: 0.9946080989520164
Training Results:
r2: 0.9998
rmse: 0.0302
mae: 0.0227
Validation Results:
r2: 0.9959
rmse: 0.1299
mae: 0.0843
Test Results:
r2: 0.9946
rmse: 0.1381
mae: 0.0802
62/101
train r2: 0.9996022984948636, valid r2: 0.9957696705467405, test r2: 0.9942574320504195
Training Results:
r2: 0.9996
rmse: 0.0383
mae: 0.0309
Validation Results:
r2: 0.9958
rmse: 0.1312
mae: 0.0871
Test Results:
r2: 0.9943
rmse: 0.1425
mae: 0.0848
63/101
train r2: 0.9994860599937364, valid r2: 0.9960468891247903, test r2: 0.9947985432124709
Training Results:
r2: 0.9995
rmse: 0.0436
mae: 0.0324
Validation Results:
r2: 0.9960
rmse: 0.1269
mae: 0.0839
Test Results:
r2: 0.9948
rmse: 0.1356
mae: 0.0811
64/101
train r2: 0.9991344689963612, valid r2: 0.995763344086636, test r2: 0.9945194787543242
Training Results:
r2: 0.9991
rmse: 0.0566
mae: 0.0391
Validation Results:
r2: 0.9958
rmse: 0.1313
mae: 0.0889
Test Results:
r2: 0.9945
rmse: 0.1392
mae: 0.0863
65/101
train r2: 0.9996215462092618, valid r2: 0.9958681025784026, test r2: 0.9944741834214478
Training Results:
r2: 0.9996
rmse: 0.0374
mae: 0.0294
Validation Results:
r2: 0.9959
rmse: 0.1297
mae: 0.0862
Test Results:
r2: 0.9945
rmse: 0.1398
mae: 0.0828
66/101
train r2: 0.9997234587059128, valid r2: 0.9958606055389847, test r2: 0.9945096558004546
Training Results:
r2: 0.9997
rmse: 0.0320
mae: 0.0245
Validation Results:
r2: 0.9959
rmse: 0.1298
mae: 0.0842
Test Results:
r2: 0.9945
rmse: 0.1394
mae: 0.0819
67/101
train r2: 0.9998355566861095, valid r2: 0.9958073025248775, test r2: 0.9945418628226923
Training Results:
r2: 0.9998
rmse: 0.0247
mae: 0.0184
Validation Results:
r2: 0.9958
rmse: 0.1307
mae: 0.0826
Test Results:
r2: 0.9945
rmse: 0.1389
mae: 0.0787
68/101
train r2: 0.999842276473822, valid r2: 0.9958862861764365, test r2: 0.994681844380075
Training Results:
r2: 0.9998
rmse: 0.0241
mae: 0.0186
Validation Results:
r2: 0.9959
rmse: 0.1294
mae: 0.0823
Test Results:
r2: 0.9947
rmse: 0.1372
mae: 0.0789
69/101
train r2: 0.9998406592495863, valid r2: 0.9960913602373701, test r2: 0.9948012957779235
Training Results:
r2: 0.9998
rmse: 0.0243
mae: 0.0184
Validation Results:
r2: 0.9961
rmse: 0.1262
mae: 0.0807
Test Results:
r2: 0.9948
rmse: 0.1356
mae: 0.0778
70/101
train r2: 0.9998437723977676, valid r2: 0.9962217397903662, test r2: 0.9951118692972875
Training Results:
r2: 0.9998
rmse: 0.0240
mae: 0.0176
Validation Results:
r2: 0.9962
rmse: 0.1240
mae: 0.0809
Test Results:
r2: 0.9951
rmse: 0.1315
mae: 0.0766
71/101
train r2: 0.999780365724661, valid r2: 0.9956600324781112, test r2: 0.9941775593682088
Training Results:
r2: 0.9998
rmse: 0.0285
mae: 0.0203
Validation Results:
r2: 0.9957
rmse: 0.1329
mae: 0.0835
Test Results:
r2: 0.9942
rmse: 0.1435
mae: 0.0797
72/101
train r2: 0.999814390528429, valid r2: 0.995802366864002, test r2: 0.994371452803288
Training Results:
r2: 0.9998
rmse: 0.0262
mae: 0.0189
Validation Results:
r2: 0.9958
rmse: 0.1307
mae: 0.0819
Test Results:
r2: 0.9944
rmse: 0.1411
mae: 0.0791
73/101
train r2: 0.9998277783803198, valid r2: 0.9961096417821194, test r2: 0.9948822214071804
Training Results:
r2: 0.9998
rmse: 0.0252
mae: 0.0197
Validation Results:
r2: 0.9961
rmse: 0.1259
mae: 0.0815
Test Results:
r2: 0.9949
rmse: 0.1345
mae: 0.0771
74/101
train r2: 0.9998346916273461, valid r2: 0.9961135685201945, test r2: 0.9948401419290787
Training Results:
r2: 0.9998
rmse: 0.0247
mae: 0.0190
Validation Results:
r2: 0.9961
rmse: 0.1258
mae: 0.0818
Test Results:
r2: 0.9948
rmse: 0.1351
mae: 0.0781
75/101
train r2: 0.9998721752239268, valid r2: 0.9960349316761969, test r2: 0.9947219338826393
Training Results:
r2: 0.9999
rmse: 0.0217
mae: 0.0166
Validation Results:
r2: 0.9960
rmse: 0.1271
mae: 0.0812
Test Results:
r2: 0.9947
rmse: 0.1366
mae: 0.0783
76/101
train r2: 0.9998969980889212, valid r2: 0.9958777892707622, test r2: 0.9945464245421441
Training Results:
r2: 0.9999
rmse: 0.0195
mae: 0.0148
Validation Results:
r2: 0.9959
rmse: 0.1296
mae: 0.0821
Test Results:
r2: 0.9945
rmse: 0.1389
mae: 0.0785
77/101
train r2: 0.9999337642053023, valid r2: 0.9960365414139313, test r2: 0.9947802153560745
Training Results:
r2: 0.9999
rmse: 0.0156
mae: 0.0119
Validation Results:
r2: 0.9960
rmse: 0.1270
mae: 0.0816
Test Results:
r2: 0.9948
rmse: 0.1359
mae: 0.0779
78/101
train r2: 0.9999285736478614, valid r2: 0.9961470535438179, test r2: 0.9948012950905872
Training Results:
r2: 0.9999
rmse: 0.0162
mae: 0.0125
Validation Results:
r2: 0.9961
rmse: 0.1252
mae: 0.0802
Test Results:
r2: 0.9948
rmse: 0.1356
mae: 0.0774
79/101
train r2: 0.9998804305060998, valid r2: 0.9958557527871118, test r2: 0.9944764089564833
Training Results:
r2: 0.9999
rmse: 0.0210
mae: 0.0161
Validation Results:
r2: 0.9959
rmse: 0.1299
mae: 0.0816
Test Results:
r2: 0.9945
rmse: 0.1398
mae: 0.0792
80/101
train r2: 0.9999114985848512, valid r2: 0.9959848879278933, test r2: 0.9945824902224198
Training Results:
r2: 0.9999
rmse: 0.0181
mae: 0.0138
Validation Results:
r2: 0.9960
rmse: 0.1279
mae: 0.0819
Test Results:
r2: 0.9946
rmse: 0.1384
mae: 0.0783
81/101
train r2: 0.9999127567069744, valid r2: 0.9962415588459494, test r2: 0.9948451210625278
Training Results:
r2: 0.9999
rmse: 0.0180
mae: 0.0135
Validation Results:
r2: 0.9962
rmse: 0.1237
mae: 0.0796
Test Results:
r2: 0.9948
rmse: 0.1350
mae: 0.0764
82/101
train r2: 0.9998605464442506, valid r2: 0.9962896200748772, test r2: 0.9950331288707004
Training Results:
r2: 0.9999
rmse: 0.0227
mae: 0.0168
Validation Results:
r2: 0.9963
rmse: 0.1229
mae: 0.0802
Test Results:
r2: 0.9950
rmse: 0.1325
mae: 0.0768
83/101
train r2: 0.9999305190930968, valid r2: 0.9962623912133384, test r2: 0.9949622541457256
Training Results:
r2: 0.9999
rmse: 0.0160
mae: 0.0118
Validation Results:
r2: 0.9963
rmse: 0.1234
mae: 0.0796
Test Results:
r2: 0.9950
rmse: 0.1335
mae: 0.0763
84/101
train r2: 0.9999400132475234, valid r2: 0.9959402986480014, test r2: 0.9945954738090063
Training Results:
r2: 0.9999
rmse: 0.0149
mae: 0.0111
Validation Results:
r2: 0.9959
rmse: 0.1286
mae: 0.0808
Test Results:
r2: 0.9946
rmse: 0.1383
mae: 0.0776
85/101
train r2: 0.9999669315142146, valid r2: 0.9961107054687292, test r2: 0.9948033513843525
Training Results:
r2: 1.0000
rmse: 0.0111
mae: 0.0084
Validation Results:
r2: 0.9961
rmse: 0.1258
mae: 0.0805
Test Results:
r2: 0.9948
rmse: 0.1356
mae: 0.0764
86/101
train r2: 0.9999726691794977, valid r2: 0.9961014457642008, test r2: 0.9947955388166552
Training Results:
r2: 1.0000
rmse: 0.0100
mae: 0.0079
Validation Results:
r2: 0.9961
rmse: 0.1260
mae: 0.0800
Test Results:
r2: 0.9948
rmse: 0.1357
mae: 0.0767
87/101
train r2: 0.9999778970461026, valid r2: 0.9961654184783263, test r2: 0.9948842311798024
Training Results:
r2: 1.0000
rmse: 0.0090
mae: 0.0069
Validation Results:
r2: 0.9962
rmse: 0.1250
mae: 0.0799
Test Results:
r2: 0.9949
rmse: 0.1345
mae: 0.0763
88/101
train r2: 0.9999787259907028, valid r2: 0.9961142530347977, test r2: 0.9948421372194621
Training Results:
r2: 1.0000
rmse: 0.0089
mae: 0.0069
Validation Results:
r2: 0.9961
rmse: 0.1258
mae: 0.0799
Test Results:
r2: 0.9948
rmse: 0.1351
mae: 0.0764
89/101
train r2: 0.9999835552027897, valid r2: 0.9960503937800467, test r2: 0.9947724873757043
Training Results:
r2: 1.0000
rmse: 0.0078
mae: 0.0059
Validation Results:
r2: 0.9961
rmse: 0.1268
mae: 0.0803
Test Results:
r2: 0.9948
rmse: 0.1360
mae: 0.0766
90/101
train r2: 0.9999869236247165, valid r2: 0.9961743125123789, test r2: 0.9948611401912182
Training Results:
r2: 1.0000
rmse: 0.0070
mae: 0.0053
Validation Results:
r2: 0.9962
rmse: 0.1248
mae: 0.0798
Test Results:
r2: 0.9949
rmse: 0.1348
mae: 0.0762
91/101
train r2: 0.9999883848241468, valid r2: 0.9961743318274324, test r2: 0.9948150382281779
Training Results:
r2: 1.0000
rmse: 0.0066
mae: 0.0051
Validation Results:
r2: 0.9962
rmse: 0.1248
mae: 0.0798
Test Results:
r2: 0.9948
rmse: 0.1354
mae: 0.0764
92/101
train r2: 0.9999919606906934, valid r2: 0.9961875241914455, test r2: 0.9949185032699418
Training Results:
r2: 1.0000
rmse: 0.0055
mae: 0.0040
Validation Results:
r2: 0.9962
rmse: 0.1246
mae: 0.0797
Test Results:
r2: 0.9949
rmse: 0.1341
mae: 0.0759
93/101
train r2: 0.9999946487986799, valid r2: 0.9961394181297655, test r2: 0.9948549482085108
Training Results:
r2: 1.0000
rmse: 0.0044
mae: 0.0035
Validation Results:
r2: 0.9961
rmse: 0.1254
mae: 0.0797
Test Results:
r2: 0.9949
rmse: 0.1349
mae: 0.0762
94/101
train r2: 0.9999961827912062, valid r2: 0.9961113840113943, test r2: 0.9947912840560299
Training Results:
r2: 1.0000
rmse: 0.0038
mae: 0.0028
Validation Results:
r2: 0.9961
rmse: 0.1258
mae: 0.0799
Test Results:
r2: 0.9948
rmse: 0.1357
mae: 0.0765
95/101
train r2: 0.9999975361236324, valid r2: 0.9961573737382815, test r2: 0.9948597621628782
Training Results:
r2: 1.0000
rmse: 0.0030
mae: 0.0023
Validation Results:
r2: 0.9962
rmse: 0.1251
mae: 0.0797
Test Results:
r2: 0.9949
rmse: 0.1348
mae: 0.0761
96/101
train r2: 0.9999977606109799, valid r2: 0.9961393210808542, test r2: 0.9948534435879784
Training Results:
r2: 1.0000
rmse: 0.0029
mae: 0.0023
Validation Results:
r2: 0.9961
rmse: 0.1254
mae: 0.0798
Test Results:
r2: 0.9949
rmse: 0.1349
mae: 0.0761
97/101
train r2: 0.9999993158778534, valid r2: 0.9961502809424257, test r2: 0.9948509296920368
Training Results:
r2: 1.0000
rmse: 0.0016
mae: 0.0012
Validation Results:
r2: 0.9962
rmse: 0.1252
mae: 0.0797
Test Results:
r2: 0.9949
rmse: 0.1350
mae: 0.0761
98/101
train r2: 0.9999995002669924, valid r2: 0.9961518109056273, test r2: 0.9948501917013921
Training Results:
r2: 1.0000
rmse: 0.0014
mae: 0.0011
Validation Results:
r2: 0.9962
rmse: 0.1252
mae: 0.0797
Test Results:
r2: 0.9949
rmse: 0.1350
mae: 0.0761
99/101
train r2: 0.9999997096925383, valid r2: 0.9961508480703485, test r2: 0.9948555139259558
Training Results:
r2: 1.0000
rmse: 0.0010
mae: 0.0008
Validation Results:
r2: 0.9962
rmse: 0.1252
mae: 0.0797
Test Results:
r2: 0.9949
rmse: 0.1349
mae: 0.0761
100/101
train r2: 0.9999997783608078, valid r2: 0.9961516408900157, test r2: 0.9948567470177027
Training Results:
r2: 1.0000
rmse: 0.0009
mae: 0.0007
Validation Results:
r2: 0.9962
rmse: 0.1252
mae: 0.0797
Test Results:
r2: 0.9949
rmse: 0.1349
mae: 0.0761
train: 0.9999, val: 0.9963, test: 0.9950
end_test_result: (0.9760608510928357, 0.29099729657173157, 0.20794570446014404)
args.seed: 2044
use label scaler
use label scaler
use label scaler
model have 90.143705M paramerters in total
train_dataset.mean: tensor([-2.4526]) train_dataset.std: tensor([1.9224])
1/101
train r2: 0.8414760548476485, valid r2: 0.8332660079438405, test r2: 0.8139890100590164
Training Results:
r2: 0.8415
rmse: 0.7656
mae: 0.5763
Validation Results:
r2: 0.8333
rmse: 0.8239
mae: 0.6031
Test Results:
r2: 0.8140
rmse: 0.8112
mae: 0.5999
2/101
train r2: 0.9566220671488317, valid r2: 0.9439186664532596, test r2: 0.9380181798202573
Training Results:
r2: 0.9566
rmse: 0.4004
mae: 0.2937
Validation Results:
r2: 0.9439
rmse: 0.4778
mae: 0.3423
Test Results:
r2: 0.9380
rmse: 0.4682
mae: 0.3313
3/101
train r2: 0.9814791357765587, valid r2: 0.9689980002690425, test r2: 0.9654966965724932
Training Results:
r2: 0.9815
rmse: 0.2616
mae: 0.1959
Validation Results:
r2: 0.9690
rmse: 0.3553
mae: 0.2591
Test Results:
r2: 0.9655
rmse: 0.3494
mae: 0.2532
4/101
train r2: 0.9901509021916137, valid r2: 0.9786129610388611, test r2: 0.9760608547091463
Training Results:
r2: 0.9902
rmse: 0.1907
mae: 0.1454
Validation Results:
r2: 0.9786
rmse: 0.2951
mae: 0.2181
Test Results:
r2: 0.9761
rmse: 0.2910
mae: 0.2079
5/101
train r2: 0.9877694260555239, valid r2: 0.9773983443902479, test r2: 0.9746615797949796
Training Results:
r2: 0.9878
rmse: 0.2126
mae: 0.1705
Validation Results:
r2: 0.9774
rmse: 0.3034
mae: 0.2310
Test Results:
r2: 0.9747
rmse: 0.2994
mae: 0.2283
6/101
train r2: 0.9914541254914604, valid r2: 0.9801536403049357, test r2: 0.9774733822616524
Training Results:
r2: 0.9915
rmse: 0.1777
mae: 0.1414
Validation Results:
r2: 0.9802
rmse: 0.2843
mae: 0.2060
Test Results:
r2: 0.9775
rmse: 0.2823
mae: 0.2017
7/101
train r2: 0.993121730484855, valid r2: 0.9833009238131818, test r2: 0.9810913894077914
Training Results:
r2: 0.9931
rmse: 0.1594
mae: 0.1256
Validation Results:
r2: 0.9833
rmse: 0.2608
mae: 0.1920
Test Results:
r2: 0.9811
rmse: 0.2586
mae: 0.1898
8/101
train r2: 0.9949731980975941, valid r2: 0.9855680866432959, test r2: 0.9843996072752311
Training Results:
r2: 0.9950
rmse: 0.1362
mae: 0.0998
Validation Results:
r2: 0.9856
rmse: 0.2424
mae: 0.1769
Test Results:
r2: 0.9844
rmse: 0.2349
mae: 0.1685
9/101
train r2: 0.994561370166032, valid r2: 0.9868078213952165, test r2: 0.9842246924568712
Training Results:
r2: 0.9946
rmse: 0.1418
mae: 0.1059
Validation Results:
r2: 0.9868
rmse: 0.2318
mae: 0.1716
Test Results:
r2: 0.9842
rmse: 0.2362
mae: 0.1703
10/101
train r2: 0.9875787523826232, valid r2: 0.9813090867789733, test r2: 0.9775776549791667
Training Results:
r2: 0.9876
rmse: 0.2142
mae: 0.1705
Validation Results:
r2: 0.9813
rmse: 0.2759
mae: 0.2141
Test Results:
r2: 0.9776
rmse: 0.2816
mae: 0.2125
11/101
train r2: 0.9950956541388108, valid r2: 0.9881723949681672, test r2: 0.9874280727582058
Training Results:
r2: 0.9951
rmse: 0.1346
mae: 0.1006
Validation Results:
r2: 0.9882
rmse: 0.2194
mae: 0.1555
Test Results:
r2: 0.9874
rmse: 0.2109
mae: 0.1500
12/101
train r2: 0.9921662365741444, valid r2: 0.9865286485410157, test r2: 0.984667328009936
Training Results:
r2: 0.9922
rmse: 0.1700
mae: 0.1361
Validation Results:
r2: 0.9865
rmse: 0.2342
mae: 0.1768
Test Results:
r2: 0.9847
rmse: 0.2329
mae: 0.1751
13/101
train r2: 0.9964052678317065, valid r2: 0.9896308970545987, test r2: 0.988803263416085
Training Results:
r2: 0.9964
rmse: 0.1153
mae: 0.0869
Validation Results:
r2: 0.9896
rmse: 0.2055
mae: 0.1466
Test Results:
r2: 0.9888
rmse: 0.1990
mae: 0.1398
14/101
train r2: 0.9951601202634667, valid r2: 0.9881827002558201, test r2: 0.9863575079282797
Training Results:
r2: 0.9952
rmse: 0.1337
mae: 0.1054
Validation Results:
r2: 0.9882
rmse: 0.2194
mae: 0.1562
Test Results:
r2: 0.9864
rmse: 0.2197
mae: 0.1548
15/101
train r2: 0.9966188314862419, valid r2: 0.9907501363562226, test r2: 0.9890056570580689
Training Results:
r2: 0.9966
rmse: 0.1118
mae: 0.0839
Validation Results:
r2: 0.9908
rmse: 0.1941
mae: 0.1353
Test Results:
r2: 0.9890
rmse: 0.1972
mae: 0.1380
16/101
train r2: 0.9950558717132556, valid r2: 0.9885934677925051, test r2: 0.9871867671624405
Training Results:
r2: 0.9951
rmse: 0.1352
mae: 0.1046
Validation Results:
r2: 0.9886
rmse: 0.2155
mae: 0.1520
Test Results:
r2: 0.9872
rmse: 0.2129
mae: 0.1505
17/101
train r2: 0.9965754653134061, valid r2: 0.9914603181769033, test r2: 0.9899530472467146
Training Results:
r2: 0.9966
rmse: 0.1125
mae: 0.0812
Validation Results:
r2: 0.9915
rmse: 0.1865
mae: 0.1297
Test Results:
r2: 0.9900
rmse: 0.1885
mae: 0.1289
18/101
train r2: 0.9948882375182863, valid r2: 0.9890037511441855, test r2: 0.98809747828808
Training Results:
r2: 0.9949
rmse: 0.1374
mae: 0.1076
Validation Results:
r2: 0.9890
rmse: 0.2116
mae: 0.1511
Test Results:
r2: 0.9881
rmse: 0.2052
mae: 0.1462
19/101
train r2: 0.9975978560308647, valid r2: 0.9921259607290788, test r2: 0.9898048090662579
Training Results:
r2: 0.9976
rmse: 0.0942
mae: 0.0716
Validation Results:
r2: 0.9921
rmse: 0.1791
mae: 0.1232
Test Results:
r2: 0.9898
rmse: 0.1899
mae: 0.1271
20/101
train r2: 0.9964810863098045, valid r2: 0.99079357362547, test r2: 0.9890464185425694
Training Results:
r2: 0.9965
rmse: 0.1141
mae: 0.0872
Validation Results:
r2: 0.9908
rmse: 0.1936
mae: 0.1357
Test Results:
r2: 0.9890
rmse: 0.1968
mae: 0.1332
21/101
train r2: 0.9978549686549799, valid r2: 0.9919531656103141, test r2: 0.9914399112802235
Training Results:
r2: 0.9979
rmse: 0.0890
mae: 0.0672
Validation Results:
r2: 0.9920
rmse: 0.1810
mae: 0.1229
Test Results:
r2: 0.9914
rmse: 0.1740
mae: 0.1153
22/101
train r2: 0.998347932991968, valid r2: 0.9930542570143103, test r2: 0.992139561190713
Training Results:
r2: 0.9983
rmse: 0.0781
mae: 0.0583
Validation Results:
r2: 0.9931
rmse: 0.1682
mae: 0.1133
Test Results:
r2: 0.9921
rmse: 0.1667
mae: 0.1119
23/101
train r2: 0.998183968668889, valid r2: 0.9920317608499215, test r2: 0.9907561262212317
Training Results:
r2: 0.9982
rmse: 0.0819
mae: 0.0579
Validation Results:
r2: 0.9920
rmse: 0.1801
mae: 0.1169
Test Results:
r2: 0.9908
rmse: 0.1808
mae: 0.1129
24/101
train r2: 0.9980478621887492, valid r2: 0.9926287765137978, test r2: 0.9916760847457973
Training Results:
r2: 0.9980
rmse: 0.0849
mae: 0.0647
Validation Results:
r2: 0.9926
rmse: 0.1732
mae: 0.1203
Test Results:
r2: 0.9917
rmse: 0.1716
mae: 0.1157
25/101
train r2: 0.9953902496968842, valid r2: 0.9916048622905549, test r2: 0.9898969255572402
Training Results:
r2: 0.9954
rmse: 0.1305
mae: 0.0985
Validation Results:
r2: 0.9916
rmse: 0.1849
mae: 0.1340
Test Results:
r2: 0.9899
rmse: 0.1890
mae: 0.1327
26/101
train r2: 0.996220984005525, valid r2: 0.9910980549353825, test r2: 0.9901955139853991
Training Results:
r2: 0.9962
rmse: 0.1182
mae: 0.0924
Validation Results:
r2: 0.9911
rmse: 0.1904
mae: 0.1365
Test Results:
r2: 0.9902
rmse: 0.1862
mae: 0.1298
27/101
train r2: 0.9977730539324506, valid r2: 0.9934384956816662, test r2: 0.9921718208286407
Training Results:
r2: 0.9978
rmse: 0.0906
mae: 0.0726
Validation Results:
r2: 0.9934
rmse: 0.1634
mae: 0.1155
Test Results:
r2: 0.9922
rmse: 0.1664
mae: 0.1159
28/101
train r2: 0.9982570303442178, valid r2: 0.993738407654208, test r2: 0.9924143782618448
Training Results:
r2: 0.9983
rmse: 0.0802
mae: 0.0596
Validation Results:
r2: 0.9937
rmse: 0.1597
mae: 0.1100
Test Results:
r2: 0.9924
rmse: 0.1638
mae: 0.1071
29/101
train r2: 0.9986661343091802, valid r2: 0.9943480075830637, test r2: 0.9929573536960457
Training Results:
r2: 0.9987
rmse: 0.0702
mae: 0.0497
Validation Results:
r2: 0.9943
rmse: 0.1517
mae: 0.1044
Test Results:
r2: 0.9930
rmse: 0.1578
mae: 0.1030
30/101
train r2: 0.9982980132451794, valid r2: 0.994742390830411, test r2: 0.9939383277625093
Training Results:
r2: 0.9983
rmse: 0.0793
mae: 0.0540
Validation Results:
r2: 0.9947
rmse: 0.1463
mae: 0.1004
Test Results:
r2: 0.9939
rmse: 0.1464
mae: 0.0974
31/101
train r2: 0.9986923692439187, valid r2: 0.9939364158356174, test r2: 0.9931232236747078
Training Results:
r2: 0.9987
rmse: 0.0695
mae: 0.0513
Validation Results:
r2: 0.9939
rmse: 0.1571
mae: 0.1038
Test Results:
r2: 0.9931
rmse: 0.1560
mae: 0.1002
32/101
train r2: 0.99617858461487, valid r2: 0.9916163727342242, test r2: 0.9900040272201241
Training Results:
r2: 0.9962
rmse: 0.1189
mae: 0.1027
Validation Results:
r2: 0.9916
rmse: 0.1848
mae: 0.1385
Test Results:
r2: 0.9900
rmse: 0.1880
mae: 0.1367
33/101
train r2: 0.998519793637732, valid r2: 0.9934853280810857, test r2: 0.9925770190740246
Training Results:
r2: 0.9985
rmse: 0.0740
mae: 0.0558
Validation Results:
r2: 0.9935
rmse: 0.1629
mae: 0.1088
Test Results:
r2: 0.9926
rmse: 0.1620
mae: 0.1008
34/101
train r2: 0.9985638083616151, valid r2: 0.9938990701624251, test r2: 0.9926533358167164
Training Results:
r2: 0.9986
rmse: 0.0728
mae: 0.0549
Validation Results:
r2: 0.9939
rmse: 0.1576
mae: 0.1057
Test Results:
r2: 0.9927
rmse: 0.1612
mae: 0.1041
35/101
train r2: 0.9982970627622041, valid r2: 0.9943482804819147, test r2: 0.992526739784784
Training Results:
r2: 0.9983
rmse: 0.0794
mae: 0.0616
Validation Results:
r2: 0.9943
rmse: 0.1517
mae: 0.1060
Test Results:
r2: 0.9925
rmse: 0.1626
mae: 0.1063
36/101
train r2: 0.9982125375714052, valid r2: 0.9934087116194964, test r2: 0.9923885898464224
Training Results:
r2: 0.9982
rmse: 0.0812
mae: 0.0630
Validation Results:
r2: 0.9934
rmse: 0.1638
mae: 0.1126
Test Results:
r2: 0.9924
rmse: 0.1641
mae: 0.1081
37/101
train r2: 0.9986449139474716, valid r2: 0.9945124014422684, test r2: 0.9935649500108429
Training Results:
r2: 0.9986
rmse: 0.0708
mae: 0.0531
Validation Results:
r2: 0.9945
rmse: 0.1495
mae: 0.1009
Test Results:
r2: 0.9936
rmse: 0.1509
mae: 0.0965
38/101
train r2: 0.998805058919798, valid r2: 0.9943877928519996, test r2: 0.9930053913508092
Training Results:
r2: 0.9988
rmse: 0.0665
mae: 0.0509
Validation Results:
r2: 0.9944
rmse: 0.1512
mae: 0.1028
Test Results:
r2: 0.9930
rmse: 0.1573
mae: 0.0997
39/101
train r2: 0.9975582572242607, valid r2: 0.993296209502185, test r2: 0.992176288778008
Training Results:
r2: 0.9976
rmse: 0.0950
mae: 0.0812
Validation Results:
r2: 0.9933
rmse: 0.1652
mae: 0.1188
Test Results:
r2: 0.9922
rmse: 0.1664
mae: 0.1144
40/101
train r2: 0.9987812126667118, valid r2: 0.9947693672583752, test r2: 0.9937441404101206
Training Results:
r2: 0.9988
rmse: 0.0671
mae: 0.0501
Validation Results:
r2: 0.9948
rmse: 0.1459
mae: 0.0989
Test Results:
r2: 0.9937
rmse: 0.1488
mae: 0.0951
41/101
train r2: 0.9993369763349131, valid r2: 0.9952695662024711, test r2: 0.994246106169838
Training Results:
r2: 0.9993
rmse: 0.0495
mae: 0.0371
Validation Results:
r2: 0.9953
rmse: 0.1388
mae: 0.0922
Test Results:
r2: 0.9942
rmse: 0.1427
mae: 0.0889
42/101
train r2: 0.9990684344415797, valid r2: 0.9943975106457925, test r2: 0.9931138456450642
Training Results:
r2: 0.9991
rmse: 0.0587
mae: 0.0457
Validation Results:
r2: 0.9944
rmse: 0.1510
mae: 0.0993
Test Results:
r2: 0.9931
rmse: 0.1561
mae: 0.0991
43/101
train r2: 0.9992841315943961, valid r2: 0.9951253793209868, test r2: 0.9937933204347933
Training Results:
r2: 0.9993
rmse: 0.0514
mae: 0.0389
Validation Results:
r2: 0.9951
rmse: 0.1409
mae: 0.0935
Test Results:
r2: 0.9938
rmse: 0.1482
mae: 0.0908
44/101
train r2: 0.9992574644441045, valid r2: 0.9947568912144009, test r2: 0.9938359192777573
Training Results:
r2: 0.9993
rmse: 0.0524
mae: 0.0397
Validation Results:
r2: 0.9948
rmse: 0.1461
mae: 0.0962
Test Results:
r2: 0.9938
rmse: 0.1477
mae: 0.0929
45/101
train r2: 0.9994158905516102, valid r2: 0.9949289354054904, test r2: 0.9939206516162064
Training Results:
r2: 0.9994
rmse: 0.0465
mae: 0.0350
Validation Results:
r2: 0.9949
rmse: 0.1437
mae: 0.0923
Test Results:
r2: 0.9939
rmse: 0.1466
mae: 0.0877
46/101
train r2: 0.9993427924229222, valid r2: 0.9953187194770671, test r2: 0.9944033778111364
Training Results:
r2: 0.9993
rmse: 0.0493
mae: 0.0366
Validation Results:
r2: 0.9953
rmse: 0.1381
mae: 0.0904
Test Results:
r2: 0.9944
rmse: 0.1407
mae: 0.0870
47/101
train r2: 0.9992609253850518, valid r2: 0.9948139912469521, test r2: 0.9936792122506243
Training Results:
r2: 0.9993
rmse: 0.0523
mae: 0.0392
Validation Results:
r2: 0.9948
rmse: 0.1453
mae: 0.0952
Test Results:
r2: 0.9937
rmse: 0.1495
mae: 0.0916
48/101
train r2: 0.999006094143646, valid r2: 0.994680163528734, test r2: 0.9933647130322821
Training Results:
r2: 0.9990
rmse: 0.0606
mae: 0.0483
Validation Results:
r2: 0.9947
rmse: 0.1472
mae: 0.0985
Test Results:
r2: 0.9934
rmse: 0.1532
mae: 0.0982
49/101
train r2: 0.999267972155076, valid r2: 0.9948928681144491, test r2: 0.9939615943253777
Training Results:
r2: 0.9993
rmse: 0.0520
mae: 0.0382
Validation Results:
r2: 0.9949
rmse: 0.1442
mae: 0.0952
Test Results:
r2: 0.9940
rmse: 0.1461
mae: 0.0896
50/101
train r2: 0.9992364562388851, valid r2: 0.9950522421738163, test r2: 0.9939479983853696
Training Results:
r2: 0.9992
rmse: 0.0531
mae: 0.0396
Validation Results:
r2: 0.9951
rmse: 0.1419
mae: 0.0918
Test Results:
r2: 0.9939
rmse: 0.1463
mae: 0.0900
51/101
train r2: 0.9995460423248895, valid r2: 0.9952954754309653, test r2: 0.994219816769216
Training Results:
r2: 0.9995
rmse: 0.0410
mae: 0.0302
Validation Results:
r2: 0.9953
rmse: 0.1384
mae: 0.0912
Test Results:
r2: 0.9942
rmse: 0.1430
mae: 0.0880
52/101
train r2: 0.9995714554663566, valid r2: 0.9955447980042387, test r2: 0.9945048223454473
Training Results:
r2: 0.9996
rmse: 0.0398
mae: 0.0294
Validation Results:
r2: 0.9955
rmse: 0.1347
mae: 0.0872
Test Results:
r2: 0.9945
rmse: 0.1394
mae: 0.0849
53/101
train r2: 0.9996096529960734, valid r2: 0.9955990002242877, test r2: 0.9943456417611591
Training Results:
r2: 0.9996
rmse: 0.0380
mae: 0.0281
Validation Results:
r2: 0.9956
rmse: 0.1339
mae: 0.0868
Test Results:
r2: 0.9943
rmse: 0.1414
mae: 0.0848
54/101
train r2: 0.9995550208063995, valid r2: 0.9955137588096266, test r2: 0.994560799670505
Training Results:
r2: 0.9996
rmse: 0.0405
mae: 0.0314
Validation Results:
r2: 0.9955
rmse: 0.1352
mae: 0.0881
Test Results:
r2: 0.9946
rmse: 0.1387
mae: 0.0867
55/101
train r2: 0.9995160439560173, valid r2: 0.9951029072199264, test r2: 0.9943018338817214
Training Results:
r2: 0.9995
rmse: 0.0423
mae: 0.0324
Validation Results:
r2: 0.9951
rmse: 0.1412
mae: 0.0913
Test Results:
r2: 0.9943
rmse: 0.1420
mae: 0.0856
56/101
train r2: 0.9996920381856446, valid r2: 0.995469948734409, test r2: 0.9940879935663122
Training Results:
r2: 0.9997
rmse: 0.0337
mae: 0.0249
Validation Results:
r2: 0.9955
rmse: 0.1358
mae: 0.0865
Test Results:
r2: 0.9941
rmse: 0.1446
mae: 0.0860
57/101
train r2: 0.9996268336841077, valid r2: 0.9956103822227956, test r2: 0.9946840932095748
Training Results:
r2: 0.9996
rmse: 0.0371
mae: 0.0274
Validation Results:
r2: 0.9956
rmse: 0.1337
mae: 0.0880
Test Results:
r2: 0.9947
rmse: 0.1371
mae: 0.0853
58/101
train r2: 0.9996214031856404, valid r2: 0.995626174799856, test r2: 0.994324471593007
Training Results:
r2: 0.9996
rmse: 0.0374
mae: 0.0287
Validation Results:
r2: 0.9956
rmse: 0.1334
mae: 0.0878
Test Results:
r2: 0.9943
rmse: 0.1417
mae: 0.0847
59/101
train r2: 0.9995257793934728, valid r2: 0.9953924008084849, test r2: 0.9943402222694494
Training Results:
r2: 0.9995
rmse: 0.0419
mae: 0.0313
Validation Results:
r2: 0.9954
rmse: 0.1370
mae: 0.0904
Test Results:
r2: 0.9943
rmse: 0.1415
mae: 0.0867
60/101
train r2: 0.9996649727335941, valid r2: 0.9956899079534501, test r2: 0.9949182926850713
Training Results:
r2: 0.9997
rmse: 0.0352
mae: 0.0263
Validation Results:
r2: 0.9957
rmse: 0.1325
mae: 0.0854
Test Results:
r2: 0.9949
rmse: 0.1341
mae: 0.0825
61/101
train r2: 0.9993921431743217, valid r2: 0.9949125024569638, test r2: 0.9937314670663854
Training Results:
r2: 0.9994
rmse: 0.0474
mae: 0.0358
Validation Results:
r2: 0.9949
rmse: 0.1439
mae: 0.0933
Test Results:
r2: 0.9937
rmse: 0.1489
mae: 0.0910
62/101
train r2: 0.9996014679680603, valid r2: 0.9950563381883651, test r2: 0.9942396479336673
Training Results:
r2: 0.9996
rmse: 0.0384
mae: 0.0294
Validation Results:
r2: 0.9951
rmse: 0.1419
mae: 0.0919
Test Results:
r2: 0.9942
rmse: 0.1427
mae: 0.0866
63/101
train r2: 0.999676413572526, valid r2: 0.9955322828802873, test r2: 0.9942049330205788
Training Results:
r2: 0.9997
rmse: 0.0346
mae: 0.0256
Validation Results:
r2: 0.9955
rmse: 0.1349
mae: 0.0866
Test Results:
r2: 0.9942
rmse: 0.1432
mae: 0.0847
64/101
train r2: 0.9996536982412632, valid r2: 0.9959368315770875, test r2: 0.994898439529275
Training Results:
r2: 0.9997
rmse: 0.0358
mae: 0.0265
Validation Results:
r2: 0.9959
rmse: 0.1286
mae: 0.0853
Test Results:
r2: 0.9949
rmse: 0.1343
mae: 0.0825
65/101
train r2: 0.9997342605482673, valid r2: 0.9958467030012423, test r2: 0.9948159295208822
Training Results:
r2: 0.9997
rmse: 0.0313
mae: 0.0231
Validation Results:
r2: 0.9958
rmse: 0.1300
mae: 0.0843
Test Results:
r2: 0.9948
rmse: 0.1354
mae: 0.0815
66/101
train r2: 0.9998311489887638, valid r2: 0.9957177460317272, test r2: 0.9948105151063946
Training Results:
r2: 0.9998
rmse: 0.0250
mae: 0.0188
Validation Results:
r2: 0.9957
rmse: 0.1320
mae: 0.0840
Test Results:
r2: 0.9948
rmse: 0.1355
mae: 0.0809
67/101
train r2: 0.999726985004128, valid r2: 0.9957178988599716, test r2: 0.9946044365736122
Training Results:
r2: 0.9997
rmse: 0.0318
mae: 0.0250
Validation Results:
r2: 0.9957
rmse: 0.1320
mae: 0.0849
Test Results:
r2: 0.9946
rmse: 0.1382
mae: 0.0832
68/101
train r2: 0.9997990956670421, valid r2: 0.9956491788841636, test r2: 0.9948053658554534
Training Results:
r2: 0.9998
rmse: 0.0272
mae: 0.0213
Validation Results:
r2: 0.9956
rmse: 0.1331
mae: 0.0842
Test Results:
r2: 0.9948
rmse: 0.1356
mae: 0.0810
69/101
train r2: 0.9996760346084793, valid r2: 0.9955513946932073, test r2: 0.9945613629833424
Training Results:
r2: 0.9997
rmse: 0.0346
mae: 0.0282
Validation Results:
r2: 0.9956
rmse: 0.1346
mae: 0.0861
Test Results:
r2: 0.9946
rmse: 0.1387
mae: 0.0836
70/101
train r2: 0.9997070217093413, valid r2: 0.9950443545133606, test r2: 0.994152931601899
Training Results:
r2: 0.9997
rmse: 0.0329
mae: 0.0241
Validation Results:
r2: 0.9950
rmse: 0.1420
mae: 0.0867
Test Results:
r2: 0.9942
rmse: 0.1438
mae: 0.0836
71/101
train r2: 0.9998388587258132, valid r2: 0.9958326703676382, test r2: 0.9947107126149862
Training Results:
r2: 0.9998
rmse: 0.0244
mae: 0.0184
Validation Results:
r2: 0.9958
rmse: 0.1303
mae: 0.0841
Test Results:
r2: 0.9947
rmse: 0.1368
mae: 0.0812
72/101
train r2: 0.9998145538394013, valid r2: 0.9957904386886455, test r2: 0.9946192027949069
Training Results:
r2: 0.9998
rmse: 0.0262
mae: 0.0207
Validation Results:
r2: 0.9958
rmse: 0.1309
mae: 0.0839
Test Results:
r2: 0.9946
rmse: 0.1380
mae: 0.0811
73/101
train r2: 0.9998038076113447, valid r2: 0.9957071891524297, test r2: 0.9947644142927613
Training Results:
r2: 0.9998
rmse: 0.0269
mae: 0.0208
Validation Results:
r2: 0.9957
rmse: 0.1322
mae: 0.0836
Test Results:
r2: 0.9948
rmse: 0.1361
mae: 0.0800
74/101
train r2: 0.9998627274084161, valid r2: 0.9955236397567993, test r2: 0.9941980643621552
Training Results:
r2: 0.9999
rmse: 0.0225
mae: 0.0167
Validation Results:
r2: 0.9955
rmse: 0.1350
mae: 0.0839
Test Results:
r2: 0.9942
rmse: 0.1433
mae: 0.0820
75/101
train r2: 0.9998543324932163, valid r2: 0.995903357474336, test r2: 0.9947824693924183
Training Results:
r2: 0.9999
rmse: 0.0232
mae: 0.0174
Validation Results:
r2: 0.9959
rmse: 0.1291
mae: 0.0824
Test Results:
r2: 0.9948
rmse: 0.1359
mae: 0.0800
76/101
train r2: 0.9998852551624751, valid r2: 0.995933038482352, test r2: 0.9947759947654677
Training Results:
r2: 0.9999
rmse: 0.0206
mae: 0.0155
Validation Results:
r2: 0.9959
rmse: 0.1287
mae: 0.0829
Test Results:
r2: 0.9948
rmse: 0.1359
mae: 0.0802
77/101
train r2: 0.9998856851628496, valid r2: 0.9958344119437765, test r2: 0.9944574147223538
Training Results:
r2: 0.9999
rmse: 0.0205
mae: 0.0153
Validation Results:
r2: 0.9958
rmse: 0.1302
mae: 0.0828
Test Results:
r2: 0.9945
rmse: 0.1400
mae: 0.0808
78/101
train r2: 0.9998871600775296, valid r2: 0.9958166041938313, test r2: 0.994720303501838
Training Results:
r2: 0.9999
rmse: 0.0204
mae: 0.0158
Validation Results:
r2: 0.9958
rmse: 0.1305
mae: 0.0833
Test Results:
r2: 0.9947
rmse: 0.1367
mae: 0.0805
79/101
train r2: 0.9999178830401116, valid r2: 0.9958199425355934, test r2: 0.9946965316163102
Training Results:
r2: 0.9999
rmse: 0.0174
mae: 0.0135
Validation Results:
r2: 0.9958
rmse: 0.1305
mae: 0.0832
Test Results:
r2: 0.9947
rmse: 0.1370
mae: 0.0802
80/101
train r2: 0.9999464881702376, valid r2: 0.9958605450069248, test r2: 0.9947019127948074
Training Results:
r2: 0.9999
rmse: 0.0141
mae: 0.0104
Validation Results:
r2: 0.9959
rmse: 0.1298
mae: 0.0822
Test Results:
r2: 0.9947
rmse: 0.1369
mae: 0.0790
81/101
train r2: 0.9999462155294149, valid r2: 0.9957601327567487, test r2: 0.994562671819522
Training Results:
r2: 0.9999
rmse: 0.0141
mae: 0.0106
Validation Results:
r2: 0.9958
rmse: 0.1314
mae: 0.0821
Test Results:
r2: 0.9946
rmse: 0.1387
mae: 0.0800
82/101
train r2: 0.9999420104052528, valid r2: 0.9958749223798293, test r2: 0.9946760235538095
Training Results:
r2: 0.9999
rmse: 0.0146
mae: 0.0105
Validation Results:
r2: 0.9959
rmse: 0.1296
mae: 0.0827
Test Results:
r2: 0.9947
rmse: 0.1372
mae: 0.0800
83/101
train r2: 0.9999477952978736, valid r2: 0.9958100443756013, test r2: 0.994659097815681
Training Results:
r2: 0.9999
rmse: 0.0139
mae: 0.0103
Validation Results:
r2: 0.9958
rmse: 0.1306
mae: 0.0825
Test Results:
r2: 0.9947
rmse: 0.1374
mae: 0.0799
84/101
train r2: 0.9999489053128995, valid r2: 0.9958196563360138, test r2: 0.9947761725312515
Training Results:
r2: 0.9999
rmse: 0.0137
mae: 0.0105
Validation Results:
r2: 0.9958
rmse: 0.1305
mae: 0.0822
Test Results:
r2: 0.9948
rmse: 0.1359
mae: 0.0788
break!
train: 0.9997, val: 0.9959, test: 0.9949
end_test_result: (0.9948985504105107, 0.1343325972557068, 0.08251515030860901)
args.seed: 2054
use label scaler
use label scaler
use label scaler
model have 90.143705M paramerters in total
train_dataset.mean: tensor([-2.4526]) train_dataset.std: tensor([1.9224])
1/101
train r2: 0.8416768881128229, valid r2: 0.8323331429228836, test r2: 0.8204488975503822
Training Results:
r2: 0.8417
rmse: 0.7651
mae: 0.5677
Validation Results:
r2: 0.8323
rmse: 0.8262
mae: 0.6051
Test Results:
r2: 0.8204
rmse: 0.7969
mae: 0.5837
2/101
train r2: 0.9594539025128378, valid r2: 0.9471075048727752, test r2: 0.942879762886603
Training Results:
r2: 0.9595
rmse: 0.3872
mae: 0.2818
Validation Results:
r2: 0.9471
rmse: 0.4641
mae: 0.3305
Test Results:
r2: 0.9429
rmse: 0.4495
mae: 0.3156
3/101
train r2: 0.9812775861306108, valid r2: 0.9734746219430055, test r2: 0.9692764520357043
Training Results:
r2: 0.9813
rmse: 0.2631
mae: 0.1957
Validation Results:
r2: 0.9735
rmse: 0.3286
mae: 0.2378
Test Results:
r2: 0.9693
rmse: 0.3297
mae: 0.2376
4/101
train r2: 0.9894388432384562, valid r2: 0.9799401935245357, test r2: 0.9783830988137614
Training Results:
r2: 0.9894
rmse: 0.1976
mae: 0.1504
Validation Results:
r2: 0.9799
rmse: 0.2858
mae: 0.2057
Test Results:
r2: 0.9784
rmse: 0.2765
mae: 0.2013
5/101
train r2: 0.9914588738724188, valid r2: 0.9821563281413199, test r2: 0.9806635324494596
Training Results:
r2: 0.9915
rmse: 0.1777
mae: 0.1392
Validation Results:
r2: 0.9822
rmse: 0.2695
mae: 0.1965
Test Results:
r2: 0.9807
rmse: 0.2615
mae: 0.1897
6/101
train r2: 0.9906729129021696, valid r2: 0.9816781561509793, test r2: 0.9808963953749988
Training Results:
r2: 0.9907
rmse: 0.1857
mae: 0.1513
Validation Results:
r2: 0.9817
rmse: 0.2731
mae: 0.2043
Test Results:
r2: 0.9809
rmse: 0.2600
mae: 0.1959
7/101
train r2: 0.9958453769537775, valid r2: 0.9864478796578893, test r2: 0.9863981434343476
Training Results:
r2: 0.9958
rmse: 0.1239
mae: 0.0963
Validation Results:
r2: 0.9864
rmse: 0.2349
mae: 0.1645
Test Results:
r2: 0.9864
rmse: 0.2193
mae: 0.1564
8/101
train r2: 0.9942124919101075, valid r2: 0.9865654775988476, test r2: 0.9855590583887509
Training Results:
r2: 0.9942
rmse: 0.1462
mae: 0.1140
Validation Results:
r2: 0.9866
rmse: 0.2339
mae: 0.1731
Test Results:
r2: 0.9856
rmse: 0.2260
mae: 0.1631
9/101
train r2: 0.9938948717237257, valid r2: 0.987146252931181, test r2: 0.9870754992378749
Training Results:
r2: 0.9939
rmse: 0.1502
mae: 0.1115
Validation Results:
r2: 0.9871
rmse: 0.2288
mae: 0.1644
Test Results:
r2: 0.9871
rmse: 0.2138
mae: 0.1572
10/101
train r2: 0.9912660704693792, valid r2: 0.9864913788431173, test r2: 0.9838401621375934
Training Results:
r2: 0.9913
rmse: 0.1796
mae: 0.1282
Validation Results:
r2: 0.9865
rmse: 0.2345
mae: 0.1716
Test Results:
r2: 0.9838
rmse: 0.2391
mae: 0.1657
11/101
train r2: 0.9930630829497673, valid r2: 0.9871027600143613, test r2: 0.9863964581069595
Training Results:
r2: 0.9931
rmse: 0.1602
mae: 0.1178
Validation Results:
r2: 0.9871
rmse: 0.2292
mae: 0.1651
Test Results:
r2: 0.9864
rmse: 0.2194
mae: 0.1562
12/101
train r2: 0.9941462880346441, valid r2: 0.9880586058158063, test r2: 0.9867721947882303
Training Results:
r2: 0.9941
rmse: 0.1471
mae: 0.1095
Validation Results:
r2: 0.9881
rmse: 0.2205
mae: 0.1562
Test Results:
r2: 0.9868
rmse: 0.2163
mae: 0.1535
13/101
train r2: 0.995916583329801, valid r2: 0.990426520434702, test r2: 0.9900522453321554
Training Results:
r2: 0.9959
rmse: 0.1228
mae: 0.0917
Validation Results:
r2: 0.9904
rmse: 0.1974
mae: 0.1398
Test Results:
r2: 0.9901
rmse: 0.1876
mae: 0.1327
14/101
train r2: 0.9961441397337002, valid r2: 0.9901516968832457, test r2: 0.9890870128356238
Training Results:
r2: 0.9961
rmse: 0.1194
mae: 0.0954
Validation Results:
r2: 0.9902
rmse: 0.2002
mae: 0.1463
Test Results:
r2: 0.9891
rmse: 0.1965
mae: 0.1386
15/101
train r2: 0.9968760698806765, valid r2: 0.9897824658209312, test r2: 0.9895950804244726
Training Results:
r2: 0.9969
rmse: 0.1075
mae: 0.0803
Validation Results:
r2: 0.9898
rmse: 0.2040
mae: 0.1344
Test Results:
r2: 0.9896
rmse: 0.1918
mae: 0.1257
16/101
train r2: 0.997741191970466, valid r2: 0.9924940155353646, test r2: 0.9916376761791378
Training Results:
r2: 0.9977
rmse: 0.0914
mae: 0.0685
Validation Results:
r2: 0.9925
rmse: 0.1748
mae: 0.1228
Test Results:
r2: 0.9916
rmse: 0.1720
mae: 0.1169
17/101
train r2: 0.997769254790894, valid r2: 0.9921797296388325, test r2: 0.9916910669722986
Training Results:
r2: 0.9978
rmse: 0.0908
mae: 0.0696
Validation Results:
r2: 0.9922
rmse: 0.1784
mae: 0.1250
Test Results:
r2: 0.9917
rmse: 0.1714
mae: 0.1178
18/101
train r2: 0.9914945350229094, valid r2: 0.9864969474400307, test r2: 0.9835714759986908
Training Results:
r2: 0.9915
rmse: 0.1773
mae: 0.1470
Validation Results:
r2: 0.9865
rmse: 0.2345
mae: 0.1802
Test Results:
r2: 0.9836
rmse: 0.2411
mae: 0.1815
19/101
train r2: 0.9980006396372062, valid r2: 0.9920353639499061, test r2: 0.9907805117385081
Training Results:
r2: 0.9980
rmse: 0.0860
mae: 0.0608
Validation Results:
r2: 0.9920
rmse: 0.1801
mae: 0.1154
Test Results:
r2: 0.9908
rmse: 0.1806
mae: 0.1129
20/101
train r2: 0.9968816529242668, valid r2: 0.9920789525936059, test r2: 0.9905063160847292
Training Results:
r2: 0.9969
rmse: 0.1074
mae: 0.0837
Validation Results:
r2: 0.9921
rmse: 0.1796
mae: 0.1265
Test Results:
r2: 0.9905
rmse: 0.1833
mae: 0.1220
21/101
train r2: 0.9966175691085003, valid r2: 0.9915228747482038, test r2: 0.9897956529143656
Training Results:
r2: 0.9966
rmse: 0.1117
mae: 0.0830
Validation Results:
r2: 0.9915
rmse: 0.1858
mae: 0.1311
Test Results:
r2: 0.9898
rmse: 0.1900
mae: 0.1245
22/101
train r2: 0.99773539018992, valid r2: 0.9923919218135615, test r2: 0.9914521119185263
Training Results:
r2: 0.9977
rmse: 0.0915
mae: 0.0684
Validation Results:
r2: 0.9924
rmse: 0.1760
mae: 0.1186
Test Results:
r2: 0.9915
rmse: 0.1739
mae: 0.1122
23/101
train r2: 0.99769364018901, valid r2: 0.9930990372658195, test r2: 0.9924349261679847
Training Results:
r2: 0.9977
rmse: 0.0923
mae: 0.0677
Validation Results:
r2: 0.9931
rmse: 0.1676
mae: 0.1139
Test Results:
r2: 0.9924
rmse: 0.1636
mae: 0.1113
24/101
train r2: 0.9974821649419222, valid r2: 0.9923476158022262, test r2: 0.9912967063032087
Training Results:
r2: 0.9975
rmse: 0.0964
mae: 0.0727
Validation Results:
r2: 0.9923
rmse: 0.1765
mae: 0.1185
Test Results:
r2: 0.9913
rmse: 0.1755
mae: 0.1158
25/101
train r2: 0.9966729551669717, valid r2: 0.9932169796111048, test r2: 0.992242919951387
Training Results:
r2: 0.9967
rmse: 0.1109
mae: 0.0847
Validation Results:
r2: 0.9932
rmse: 0.1662
mae: 0.1210
Test Results:
r2: 0.9922
rmse: 0.1656
mae: 0.1182
26/101
train r2: 0.9979148786003548, valid r2: 0.992274692171884, test r2: 0.9905487750935438
Training Results:
r2: 0.9979
rmse: 0.0878
mae: 0.0623
Validation Results:
r2: 0.9923
rmse: 0.1774
mae: 0.1146
Test Results:
r2: 0.9905
rmse: 0.1828
mae: 0.1100
27/101
train r2: 0.9987620220435084, valid r2: 0.994070293990402, test r2: 0.993378043256624
Training Results:
r2: 0.9988
rmse: 0.0676
mae: 0.0510
Validation Results:
r2: 0.9941
rmse: 0.1554
mae: 0.1035
Test Results:
r2: 0.9934
rmse: 0.1530
mae: 0.1001
28/101
train r2: 0.9985492559598718, valid r2: 0.9937319519870724, test r2: 0.9927940560891508
Training Results:
r2: 0.9985
rmse: 0.0732
mae: 0.0552
Validation Results:
r2: 0.9937
rmse: 0.1598
mae: 0.1059
Test Results:
r2: 0.9928
rmse: 0.1597
mae: 0.0995
29/101
train r2: 0.9979951001336287, valid r2: 0.9940097529302716, test r2: 0.9923708896998332
Training Results:
r2: 0.9980
rmse: 0.0861
mae: 0.0660
Validation Results:
r2: 0.9940
rmse: 0.1562
mae: 0.1083
Test Results:
r2: 0.9924
rmse: 0.1643
mae: 0.1080
30/101
train r2: 0.9984879774800981, valid r2: 0.9935223898549154, test r2: 0.9922605599323211
Training Results:
r2: 0.9985
rmse: 0.0748
mae: 0.0552
Validation Results:
r2: 0.9935
rmse: 0.1624
mae: 0.1037
Test Results:
r2: 0.9923
rmse: 0.1655
mae: 0.1001
31/101
train r2: 0.9978672870101067, valid r2: 0.9933515446320925, test r2: 0.9923795877836366
Training Results:
r2: 0.9979
rmse: 0.0888
mae: 0.0678
Validation Results:
r2: 0.9934
rmse: 0.1645
mae: 0.1124
Test Results:
r2: 0.9924
rmse: 0.1642
mae: 0.1061
32/101
train r2: 0.9984009914673511, valid r2: 0.9937985458385425, test r2: 0.9930234563269377
Training Results:
r2: 0.9984
rmse: 0.0769
mae: 0.0554
Validation Results:
r2: 0.9938
rmse: 0.1589
mae: 0.1043
Test Results:
r2: 0.9930
rmse: 0.1571
mae: 0.0994
33/101
train r2: 0.9987537514493363, valid r2: 0.9944093479221808, test r2: 0.9926311997667933
Training Results:
r2: 0.9988
rmse: 0.0679
mae: 0.0491
Validation Results:
r2: 0.9944
rmse: 0.1509
mae: 0.1006
Test Results:
r2: 0.9926
rmse: 0.1614
mae: 0.0968
34/101
train r2: 0.9977018367674414, valid r2: 0.9938307163400932, test r2: 0.9923533471823851
Training Results:
r2: 0.9977
rmse: 0.0921
mae: 0.0744
Validation Results:
r2: 0.9938
rmse: 0.1585
mae: 0.1161
Test Results:
r2: 0.9924
rmse: 0.1645
mae: 0.1133
35/101
train r2: 0.9989588312542692, valid r2: 0.9948081365226186, test r2: 0.9938191066618086
Training Results:
r2: 0.9990
rmse: 0.0620
mae: 0.0465
Validation Results:
r2: 0.9948
rmse: 0.1454
mae: 0.0986
Test Results:
r2: 0.9938
rmse: 0.1479
mae: 0.0952
36/101
train r2: 0.9988405154533572, valid r2: 0.9942852210526075, test r2: 0.9932464872215732
Training Results:
r2: 0.9988
rmse: 0.0655
mae: 0.0514
Validation Results:
r2: 0.9943
rmse: 0.1525
mae: 0.1037
Test Results:
r2: 0.9932
rmse: 0.1546
mae: 0.0991
37/101
train r2: 0.9992521135994272, valid r2: 0.9949927017546271, test r2: 0.993486131342247
Training Results:
r2: 0.9993
rmse: 0.0526
mae: 0.0389
Validation Results:
r2: 0.9950
rmse: 0.1428
mae: 0.0940
Test Results:
r2: 0.9935
rmse: 0.1518
mae: 0.0930
38/101
train r2: 0.9980230427111786, valid r2: 0.994045446573533, test r2: 0.9929396345789997
Training Results:
r2: 0.9980
rmse: 0.0855
mae: 0.0662
Validation Results:
r2: 0.9940
rmse: 0.1557
mae: 0.1069
Test Results:
r2: 0.9929
rmse: 0.1580
mae: 0.1041
39/101
train r2: 0.998098033502288, valid r2: 0.9941097508369177, test r2: 0.9930915831075721
Training Results:
r2: 0.9981
rmse: 0.0838
mae: 0.0617
Validation Results:
r2: 0.9941
rmse: 0.1549
mae: 0.1041
Test Results:
r2: 0.9931
rmse: 0.1563
mae: 0.1033
40/101
train r2: 0.9988339919446241, valid r2: 0.9944616737987773, test r2: 0.9933290437405804
Training Results:
r2: 0.9988
rmse: 0.0656
mae: 0.0499
Validation Results:
r2: 0.9945
rmse: 0.1502
mae: 0.0996
Test Results:
r2: 0.9933
rmse: 0.1536
mae: 0.0976
41/101
train r2: 0.9987519653481721, valid r2: 0.9943908204848637, test r2: 0.9932231967692571
Training Results:
r2: 0.9988
rmse: 0.0679
mae: 0.0540
Validation Results:
r2: 0.9944
rmse: 0.1511
mae: 0.1030
Test Results:
r2: 0.9932
rmse: 0.1548
mae: 0.0989
42/101
train r2: 0.9992285151304255, valid r2: 0.9945924056105886, test r2: 0.9936578609246745
Training Results:
r2: 0.9992
rmse: 0.0534
mae: 0.0409
Validation Results:
r2: 0.9946
rmse: 0.1484
mae: 0.0960
Test Results:
r2: 0.9937
rmse: 0.1498
mae: 0.0901
43/101
train r2: 0.9989134845006808, valid r2: 0.9943467956290044, test r2: 0.9936893643391678
Training Results:
r2: 0.9989
rmse: 0.0633
mae: 0.0498
Validation Results:
r2: 0.9943
rmse: 0.1517
mae: 0.1002
Test Results:
r2: 0.9937
rmse: 0.1494
mae: 0.0931
44/101
train r2: 0.9989898411232876, valid r2: 0.9947383998838717, test r2: 0.9935885170871056
Training Results:
r2: 0.9990
rmse: 0.0611
mae: 0.0474
Validation Results:
r2: 0.9947
rmse: 0.1464
mae: 0.1001
Test Results:
r2: 0.9936
rmse: 0.1506
mae: 0.0959
45/101
train r2: 0.999158479217472, valid r2: 0.9952397055393758, test r2: 0.9943442069841129
Training Results:
r2: 0.9992
rmse: 0.0558
mae: 0.0429
Validation Results:
r2: 0.9952
rmse: 0.1392
mae: 0.0936
Test Results:
r2: 0.9943
rmse: 0.1414
mae: 0.0887
46/101
train r2: 0.9990751551287986, valid r2: 0.994126829645062, test r2: 0.9931278582239196
Training Results:
r2: 0.9991
rmse: 0.0584
mae: 0.0433
Validation Results:
r2: 0.9941
rmse: 0.1546
mae: 0.0968
Test Results:
r2: 0.9931
rmse: 0.1559
mae: 0.0927
47/101
train r2: 0.9992209483479527, valid r2: 0.9950528943279893, test r2: 0.9940075343909063
Training Results:
r2: 0.9992
rmse: 0.0537
mae: 0.0421
Validation Results:
r2: 0.9951
rmse: 0.1419
mae: 0.0932
Test Results:
r2: 0.9940
rmse: 0.1456
mae: 0.0892
48/101
train r2: 0.9990449547312976, valid r2: 0.9950513157857249, test r2: 0.9938639392842213
Training Results:
r2: 0.9990
rmse: 0.0594
mae: 0.0453
Validation Results:
r2: 0.9951
rmse: 0.1419
mae: 0.0966
Test Results:
r2: 0.9939
rmse: 0.1473
mae: 0.0922
49/101
train r2: 0.9994677786063471, valid r2: 0.994907315906872, test r2: 0.9942390834509303
Training Results:
r2: 0.9995
rmse: 0.0443
mae: 0.0324
Validation Results:
r2: 0.9949
rmse: 0.1440
mae: 0.0900
Test Results:
r2: 0.9942
rmse: 0.1428
mae: 0.0856
50/101
train r2: 0.9994999362861737, valid r2: 0.9953137878194891, test r2: 0.994503281034015
Training Results:
r2: 0.9995
rmse: 0.0430
mae: 0.0327
Validation Results:
r2: 0.9953
rmse: 0.1381
mae: 0.0915
Test Results:
r2: 0.9945
rmse: 0.1394
mae: 0.0856
51/101
train r2: 0.9993584110652843, valid r2: 0.9952207784214833, test r2: 0.9944823684718269
Training Results:
r2: 0.9994
rmse: 0.0487
mae: 0.0380
Validation Results:
r2: 0.9952
rmse: 0.1395
mae: 0.0931
Test Results:
r2: 0.9945
rmse: 0.1397
mae: 0.0877
52/101
train r2: 0.9993740498216654, valid r2: 0.995541791009355, test r2: 0.9947318194779866
Training Results:
r2: 0.9994
rmse: 0.0481
mae: 0.0353
Validation Results:
r2: 0.9955
rmse: 0.1347
mae: 0.0870
Test Results:
r2: 0.9947
rmse: 0.1365
mae: 0.0846
53/101
train r2: 0.9996016504481328, valid r2: 0.9953924945351087, test r2: 0.9944202699810266
Training Results:
r2: 0.9996
rmse: 0.0384
mae: 0.0285
Validation Results:
r2: 0.9954
rmse: 0.1370
mae: 0.0891
Test Results:
r2: 0.9944
rmse: 0.1405
mae: 0.0856
54/101
train r2: 0.9992433720387566, valid r2: 0.9956359180185695, test r2: 0.9945971235544131
Training Results:
r2: 0.9992
rmse: 0.0529
mae: 0.0391
Validation Results:
r2: 0.9956
rmse: 0.1333
mae: 0.0896
Test Results:
r2: 0.9946
rmse: 0.1382
mae: 0.0860
55/101
train r2: 0.9994367315733398, valid r2: 0.9954156651073678, test r2: 0.9947784969498515
Training Results:
r2: 0.9994
rmse: 0.0456
mae: 0.0342
Validation Results:
r2: 0.9954
rmse: 0.1366
mae: 0.0908
Test Results:
r2: 0.9948
rmse: 0.1359
mae: 0.0847
56/101
train r2: 0.9985213969667166, valid r2: 0.9948961675339091, test r2: 0.9937938609471935
Training Results:
r2: 0.9985
rmse: 0.0738
mae: 0.0602
Validation Results:
r2: 0.9949
rmse: 0.1442
mae: 0.1008
Test Results:
r2: 0.9938
rmse: 0.1482
mae: 0.0984
57/101
train r2: 0.9996421678367013, valid r2: 0.9953880268524954, test r2: 0.9944945935507563
Training Results:
r2: 0.9996
rmse: 0.0364
mae: 0.0275
Validation Results:
r2: 0.9954
rmse: 0.1370
mae: 0.0878
Test Results:
r2: 0.9945
rmse: 0.1395
mae: 0.0838
58/101
train r2: 0.9994281169886114, valid r2: 0.9954327208712415, test r2: 0.9945652697732577
Training Results:
r2: 0.9994
rmse: 0.0460
mae: 0.0364
Validation Results:
r2: 0.9954
rmse: 0.1364
mae: 0.0898
Test Results:
r2: 0.9946
rmse: 0.1387
mae: 0.0858
59/101
train r2: 0.9997158986433493, valid r2: 0.9955794356491549, test r2: 0.994818789842117
Training Results:
r2: 0.9997
rmse: 0.0324
mae: 0.0242
Validation Results:
r2: 0.9956
rmse: 0.1342
mae: 0.0865
Test Results:
r2: 0.9948
rmse: 0.1354
mae: 0.0821
60/101
train r2: 0.9996568576628946, valid r2: 0.9958834637556891, test r2: 0.9948086136140162
Training Results:
r2: 0.9997
rmse: 0.0356
mae: 0.0260
Validation Results:
r2: 0.9959
rmse: 0.1295
mae: 0.0848
Test Results:
r2: 0.9948
rmse: 0.1355
mae: 0.0817
61/101
train r2: 0.9997539722881362, valid r2: 0.9953099311271048, test r2: 0.9946589193602541
Training Results:
r2: 0.9998
rmse: 0.0302
mae: 0.0220
Validation Results:
r2: 0.9953
rmse: 0.1382
mae: 0.0871
Test Results:
r2: 0.9947
rmse: 0.1375
mae: 0.0820
62/101
train r2: 0.9996951902056623, valid r2: 0.9959575438307333, test r2: 0.9949721350924087
Training Results:
r2: 0.9997
rmse: 0.0336
mae: 0.0244
Validation Results:
r2: 0.9960
rmse: 0.1283
mae: 0.0844
Test Results:
r2: 0.9950
rmse: 0.1334
mae: 0.0809
63/101
train r2: 0.9996540115524323, valid r2: 0.995913369468013, test r2: 0.9948878255134329
Training Results:
r2: 0.9997
rmse: 0.0358
mae: 0.0262
Validation Results:
r2: 0.9959
rmse: 0.1290
mae: 0.0840
Test Results:
r2: 0.9949
rmse: 0.1345
mae: 0.0815
64/101
train r2: 0.9996986596647053, valid r2: 0.9953604162375159, test r2: 0.9943871192682994
Training Results:
r2: 0.9997
rmse: 0.0334
mae: 0.0243
Validation Results:
r2: 0.9954
rmse: 0.1374
mae: 0.0877
Test Results:
r2: 0.9944
rmse: 0.1409
mae: 0.0817
65/101
train r2: 0.9997811323903363, valid r2: 0.9955452537358613, test r2: 0.9946172933871225
Training Results:
r2: 0.9998
rmse: 0.0284
mae: 0.0208
Validation Results:
r2: 0.9955
rmse: 0.1347
mae: 0.0850
Test Results:
r2: 0.9946
rmse: 0.1380
mae: 0.0810
66/101
train r2: 0.9996845279782699, valid r2: 0.9958226910662086, test r2: 0.9948577381913151
Training Results:
r2: 0.9997
rmse: 0.0341
mae: 0.0269
Validation Results:
r2: 0.9958
rmse: 0.1304
mae: 0.0869
Test Results:
r2: 0.9949
rmse: 0.1349
mae: 0.0825
67/101
train r2: 0.9994925669539895, valid r2: 0.9955850150866222, test r2: 0.9943823373162269
Training Results:
r2: 0.9995
rmse: 0.0433
mae: 0.0350
Validation Results:
r2: 0.9956
rmse: 0.1341
mae: 0.0892
Test Results:
r2: 0.9944
rmse: 0.1410
mae: 0.0864
68/101
train r2: 0.9996176440145665, valid r2: 0.9956493632097444, test r2: 0.994697487004543
Training Results:
r2: 0.9996
rmse: 0.0376
mae: 0.0303
Validation Results:
r2: 0.9956
rmse: 0.1331
mae: 0.0865
Test Results:
r2: 0.9947
rmse: 0.1370
mae: 0.0833
69/101
train r2: 0.9996922536471656, valid r2: 0.9956645168060266, test r2: 0.9946592620644414
Training Results:
r2: 0.9997
rmse: 0.0337
mae: 0.0266
Validation Results:
r2: 0.9957
rmse: 0.1329
mae: 0.0860
Test Results:
r2: 0.9947
rmse: 0.1374
mae: 0.0821
70/101
train r2: 0.9997930379006, valid r2: 0.995791968932636, test r2: 0.9949272246761052
Training Results:
r2: 0.9998
rmse: 0.0277
mae: 0.0209
Validation Results:
r2: 0.9958
rmse: 0.1309
mae: 0.0846
Test Results:
r2: 0.9949
rmse: 0.1340
mae: 0.0804
71/101
train r2: 0.9998534848579964, valid r2: 0.9957445018391907, test r2: 0.9947370754318375
Training Results:
r2: 0.9999
rmse: 0.0233
mae: 0.0175
Validation Results:
r2: 0.9957
rmse: 0.1316
mae: 0.0837
Test Results:
r2: 0.9947
rmse: 0.1364
mae: 0.0797
72/101
train r2: 0.9998066776011506, valid r2: 0.9957161747673111, test r2: 0.9946599478203779
Training Results:
r2: 0.9998
rmse: 0.0267
mae: 0.0204
Validation Results:
r2: 0.9957
rmse: 0.1321
mae: 0.0846
Test Results:
r2: 0.9947
rmse: 0.1374
mae: 0.0804
73/101
train r2: 0.9998551563574517, valid r2: 0.995809454264419, test r2: 0.9947132233181843
Training Results:
r2: 0.9999
rmse: 0.0231
mae: 0.0174
Validation Results:
r2: 0.9958
rmse: 0.1306
mae: 0.0840
Test Results:
r2: 0.9947
rmse: 0.1368
mae: 0.0801
74/101
train r2: 0.9998673761734582, valid r2: 0.9958014073605154, test r2: 0.9947355541980247
Training Results:
r2: 0.9999
rmse: 0.0221
mae: 0.0162
Validation Results:
r2: 0.9958
rmse: 0.1307
mae: 0.0834
Test Results:
r2: 0.9947
rmse: 0.1365
mae: 0.0798
75/101
train r2: 0.9998878203785437, valid r2: 0.9958993401077136, test r2: 0.9947633337836487
Training Results:
r2: 0.9999
rmse: 0.0204
mae: 0.0156
Validation Results:
r2: 0.9959
rmse: 0.1292
mae: 0.0824
Test Results:
r2: 0.9948
rmse: 0.1361
mae: 0.0795
76/101
train r2: 0.9998881764988592, valid r2: 0.9957146327193069, test r2: 0.9946492453162172
Training Results:
r2: 0.9999
rmse: 0.0203
mae: 0.0152
Validation Results:
r2: 0.9957
rmse: 0.1321
mae: 0.0835
Test Results:
r2: 0.9946
rmse: 0.1376
mae: 0.0788
77/101
train r2: 0.9998883050025928, valid r2: 0.9959305251065638, test r2: 0.9949102584110027
Training Results:
r2: 0.9999
rmse: 0.0203
mae: 0.0151
Validation Results:
r2: 0.9959
rmse: 0.1287
mae: 0.0830
Test Results:
r2: 0.9949
rmse: 0.1342
mae: 0.0785
78/101
train r2: 0.9998900818323121, valid r2: 0.9960189749549478, test r2: 0.9950235059279249
Training Results:
r2: 0.9999
rmse: 0.0202
mae: 0.0150
Validation Results:
r2: 0.9960
rmse: 0.1273
mae: 0.0820
Test Results:
r2: 0.9950
rmse: 0.1327
mae: 0.0781
79/101
train r2: 0.9998366920227907, valid r2: 0.9958249093068725, test r2: 0.9948261293986728
Training Results:
r2: 0.9998
rmse: 0.0245
mae: 0.0207
Validation Results:
r2: 0.9958
rmse: 0.1304
mae: 0.0849
Test Results:
r2: 0.9948
rmse: 0.1353
mae: 0.0801
80/101
train r2: 0.9998770945589285, valid r2: 0.9957965313787704, test r2: 0.9947910254171877
Training Results:
r2: 0.9999
rmse: 0.0213
mae: 0.0168
Validation Results:
r2: 0.9958
rmse: 0.1308
mae: 0.0827
Test Results:
r2: 0.9948
rmse: 0.1357
mae: 0.0787
81/101
train r2: 0.9998898331120137, valid r2: 0.995950605135281, test r2: 0.9951556746380976
Training Results:
r2: 0.9999
rmse: 0.0202
mae: 0.0157
Validation Results:
r2: 0.9960
rmse: 0.1284
mae: 0.0819
Test Results:
r2: 0.9952
rmse: 0.1309
mae: 0.0775
82/101
train r2: 0.9999257059856927, valid r2: 0.9958603153719516, test r2: 0.9947965651363221
Training Results:
r2: 0.9999
rmse: 0.0166
mae: 0.0126
Validation Results:
r2: 0.9959
rmse: 0.1298
mae: 0.0827
Test Results:
r2: 0.9948
rmse: 0.1357
mae: 0.0795
83/101
train r2: 0.9999568061099876, valid r2: 0.9959454915439311, test r2: 0.9949810629412168
Training Results:
r2: 1.0000
rmse: 0.0126
mae: 0.0094
Validation Results:
r2: 0.9959
rmse: 0.1285
mae: 0.0814
Test Results:
r2: 0.9950
rmse: 0.1332
mae: 0.0771
84/101
train r2: 0.9999485503547282, valid r2: 0.9959972342384013, test r2: 0.9950515452330254
Training Results:
r2: 0.9999
rmse: 0.0138
mae: 0.0102
Validation Results:
r2: 0.9960
rmse: 0.1277
mae: 0.0813
Test Results:
r2: 0.9951
rmse: 0.1323
mae: 0.0780
85/101
train r2: 0.9999256315592991, valid r2: 0.9959052334750729, test r2: 0.9949933491540895
Training Results:
r2: 0.9999
rmse: 0.0166
mae: 0.0129
Validation Results:
r2: 0.9959
rmse: 0.1291
mae: 0.0823
Test Results:
r2: 0.9950
rmse: 0.1331
mae: 0.0780
86/101
train r2: 0.9999554782859931, valid r2: 0.9958654751692888, test r2: 0.9949255099897526
Training Results:
r2: 1.0000
rmse: 0.0128
mae: 0.0095
Validation Results:
r2: 0.9959
rmse: 0.1297
mae: 0.0823
Test Results:
r2: 0.9949
rmse: 0.1340
mae: 0.0780
87/101
train r2: 0.9999749640083644, valid r2: 0.995824585268356, test r2: 0.994859804031203
Training Results:
r2: 1.0000
rmse: 0.0096
mae: 0.0069
Validation Results:
r2: 0.9958
rmse: 0.1304
mae: 0.0820
Test Results:
r2: 0.9949
rmse: 0.1348
mae: 0.0773
88/101
train r2: 0.9999780618866876, valid r2: 0.9959547295645145, test r2: 0.9949805934259516
Training Results:
r2: 1.0000
rmse: 0.0090
mae: 0.0069
Validation Results:
r2: 0.9960
rmse: 0.1283
mae: 0.0812
Test Results:
r2: 0.9950
rmse: 0.1332
mae: 0.0768
89/101
train r2: 0.9999800584423866, valid r2: 0.9958851129755584, test r2: 0.994892285567966
Training Results:
r2: 1.0000
rmse: 0.0086
mae: 0.0062
Validation Results:
r2: 0.9959
rmse: 0.1294
mae: 0.0815
Test Results:
r2: 0.9949
rmse: 0.1344
mae: 0.0773
90/101
train r2: 0.9999897197316978, valid r2: 0.9959112320702586, test r2: 0.9948862472880171
Training Results:
r2: 1.0000
rmse: 0.0062
mae: 0.0047
Validation Results:
r2: 0.9959
rmse: 0.1290
mae: 0.0813
Test Results:
r2: 0.9949
rmse: 0.1345
mae: 0.0773
91/101
train r2: 0.9999908665937212, valid r2: 0.9959361340900812, test r2: 0.9949475303809721
Training Results:
r2: 1.0000
rmse: 0.0058
mae: 0.0044
Validation Results:
r2: 0.9959
rmse: 0.1286
mae: 0.0811
Test Results:
r2: 0.9949
rmse: 0.1337
mae: 0.0771
92/101
train r2: 0.9999839815316239, valid r2: 0.9959242684785165, test r2: 0.9949224831259667
Training Results:
r2: 1.0000
rmse: 0.0077
mae: 0.0063
Validation Results:
r2: 0.9959
rmse: 0.1288
mae: 0.0817
Test Results:
r2: 0.9949
rmse: 0.1340
mae: 0.0774
93/101
train r2: 0.9999960856232719, valid r2: 0.9959203446753062, test r2: 0.9949350056314296
Training Results:
r2: 1.0000
rmse: 0.0038
mae: 0.0029
Validation Results:
r2: 0.9959
rmse: 0.1289
mae: 0.0812
Test Results:
r2: 0.9949
rmse: 0.1339
mae: 0.0770
94/101
train r2: 0.9999913648080456, valid r2: 0.9959470060436033, test r2: 0.9949188415953092
Training Results:
r2: 1.0000
rmse: 0.0056
mae: 0.0047
Validation Results:
r2: 0.9959
rmse: 0.1285
mae: 0.0814
Test Results:
r2: 0.9949
rmse: 0.1341
mae: 0.0771
95/101
train r2: 0.9999975557314869, valid r2: 0.9959239876391651, test r2: 0.994933179959989
Training Results:
r2: 1.0000
rmse: 0.0030
mae: 0.0023
Validation Results:
r2: 0.9959
rmse: 0.1288
mae: 0.0814
Test Results:
r2: 0.9949
rmse: 0.1339
mae: 0.0770
96/101
train r2: 0.9999983547666677, valid r2: 0.9959483685955628, test r2: 0.9949416873218802
Training Results:
r2: 1.0000
rmse: 0.0025
mae: 0.0019
Validation Results:
r2: 0.9959
rmse: 0.1284
mae: 0.0812
Test Results:
r2: 0.9949
rmse: 0.1338
mae: 0.0770
97/101
train r2: 0.9999988755235462, valid r2: 0.9959461328031932, test r2: 0.9949505924849023
Training Results:
r2: 1.0000
rmse: 0.0020
mae: 0.0017
Validation Results:
r2: 0.9959
rmse: 0.1285
mae: 0.0811
Test Results:
r2: 0.9950
rmse: 0.1336
mae: 0.0769
98/101
train r2: 0.9999995459516848, valid r2: 0.9959384506686205, test r2: 0.9949394673894195
Training Results:
r2: 1.0000
rmse: 0.0013
mae: 0.0010
Validation Results:
r2: 0.9959
rmse: 0.1286
mae: 0.0812
Test Results:
r2: 0.9949
rmse: 0.1338
mae: 0.0770
break!
train: 0.9999, val: 0.9960, test: 0.9950
end_test_result: (0.9950228553690517, 0.13268589973449707, 0.07806847244501114)
args.seed: 2064
use label scaler
use label scaler
use label scaler
model have 90.143705M paramerters in total
train_dataset.mean: tensor([-2.4526]) train_dataset.std: tensor([1.9224])
1/101
train r2: 0.8194830002463249, valid r2: 0.8144097902279598, test r2: 0.8014576691493016
Training Results:
r2: 0.8195
rmse: 0.8165
mae: 0.6173
Validation Results:
r2: 0.8144
rmse: 0.8693
mae: 0.6452
Test Results:
r2: 0.8015
rmse: 0.8380
mae: 0.6167
2/101
train r2: 0.9552578595250291, valid r2: 0.942383662123406, test r2: 0.939546633101913
Training Results:
r2: 0.9553
rmse: 0.4066
mae: 0.3006
Validation Results:
r2: 0.9424
rmse: 0.4843
mae: 0.3469
Test Results:
r2: 0.9395
rmse: 0.4624
mae: 0.3239
3/101
train r2: 0.9796697582814674, valid r2: 0.9701110328825012, test r2: 0.9658757143576334
Training Results:
r2: 0.9797
rmse: 0.2741
mae: 0.2083
Validation Results:
r2: 0.9701
rmse: 0.3488
mae: 0.2552
Test Results:
r2: 0.9659
rmse: 0.3474
mae: 0.2509
4/101
train r2: 0.9881253917238256, valid r2: 0.9792449056429037, test r2: 0.9758661376297494
Training Results:
r2: 0.9881
rmse: 0.2094
mae: 0.1604
Validation Results:
r2: 0.9792
rmse: 0.2907
mae: 0.2140
Test Results:
r2: 0.9759
rmse: 0.2922
mae: 0.2073
5/101
train r2: 0.9916489973227314, valid r2: 0.9827573005226896, test r2: 0.9805180066323531
Training Results:
r2: 0.9916
rmse: 0.1757
mae: 0.1371
Validation Results:
r2: 0.9828
rmse: 0.2650
mae: 0.1951
Test Results:
r2: 0.9805
rmse: 0.2625
mae: 0.1924
6/101
train r2: 0.9889844598088177, valid r2: 0.9805087786370081, test r2: 0.9780671133465126
Training Results:
r2: 0.9890
rmse: 0.2018
mae: 0.1669
Validation Results:
r2: 0.9805
rmse: 0.2817
mae: 0.2160
Test Results:
r2: 0.9781
rmse: 0.2785
mae: 0.2123
7/101
train r2: 0.9957859815027031, valid r2: 0.986913207582444, test r2: 0.9857202033280849
Training Results:
r2: 0.9958
rmse: 0.1249
mae: 0.0971
Validation Results:
r2: 0.9869
rmse: 0.2308
mae: 0.1688
Test Results:
r2: 0.9857
rmse: 0.2247
mae: 0.1609
8/101
train r2: 0.9960915600969567, valid r2: 0.9880157357818515, test r2: 0.9855608820978309
Training Results:
r2: 0.9961
rmse: 0.1202
mae: 0.0904
Validation Results:
r2: 0.9880
rmse: 0.2209
mae: 0.1601
Test Results:
r2: 0.9856
rmse: 0.2260
mae: 0.1553
9/101
train r2: 0.9946758394949649, valid r2: 0.9875298669969955, test r2: 0.9860921236584173
Training Results:
r2: 0.9947
rmse: 0.1403
mae: 0.1044
Validation Results:
r2: 0.9875
rmse: 0.2253
mae: 0.1638
Test Results:
r2: 0.9861
rmse: 0.2218
mae: 0.1558
10/101
train r2: 0.9931665705981393, valid r2: 0.9867407985412099, test r2: 0.9840070015268707
Training Results:
r2: 0.9932
rmse: 0.1589
mae: 0.1198
Validation Results:
r2: 0.9867
rmse: 0.2323
mae: 0.1684
Test Results:
r2: 0.9840
rmse: 0.2378
mae: 0.1639
11/101
train r2: 0.9947579333529392, valid r2: 0.9887779273087702, test r2: 0.9873601763595605
Training Results:
r2: 0.9948
rmse: 0.1391
mae: 0.1037
Validation Results:
r2: 0.9888
rmse: 0.2138
mae: 0.1550
Test Results:
r2: 0.9874
rmse: 0.2114
mae: 0.1507
12/101
train r2: 0.9954845326450099, valid r2: 0.990006856066779, test r2: 0.987450379025639
Training Results:
r2: 0.9955
rmse: 0.1291
mae: 0.0987
Validation Results:
r2: 0.9900
rmse: 0.2017
mae: 0.1451
Test Results:
r2: 0.9875
rmse: 0.2107
mae: 0.1499
13/101
train r2: 0.9964959841614731, valid r2: 0.9899312180202674, test r2: 0.9878334946886901
Training Results:
r2: 0.9965
rmse: 0.1138
mae: 0.0869
Validation Results:
r2: 0.9899
rmse: 0.2025
mae: 0.1420
Test Results:
r2: 0.9878
rmse: 0.2075
mae: 0.1390
14/101
train r2: 0.9961097542047485, valid r2: 0.9892775440586629, test r2: 0.9871048302200583
Training Results:
r2: 0.9961
rmse: 0.1199
mae: 0.0864
Validation Results:
r2: 0.9893
rmse: 0.2089
mae: 0.1398
Test Results:
r2: 0.9871
rmse: 0.2136
mae: 0.1351
15/101
train r2: 0.9975739856661309, valid r2: 0.9920865732465127, test r2: 0.9897054444194248
Training Results:
r2: 0.9976
rmse: 0.0947
mae: 0.0698
Validation Results:
r2: 0.9921
rmse: 0.1795
mae: 0.1266
Test Results:
r2: 0.9897
rmse: 0.1908
mae: 0.1244
16/101
train r2: 0.9967267161335113, valid r2: 0.9917153288960013, test r2: 0.9898956266274094
Training Results:
r2: 0.9967
rmse: 0.1099
mae: 0.0825
Validation Results:
r2: 0.9917
rmse: 0.1837
mae: 0.1314
Test Results:
r2: 0.9899
rmse: 0.1891
mae: 0.1294
17/101
train r2: 0.9968838344825095, valid r2: 0.9916241805855058, test r2: 0.9896608472695633
Training Results:
r2: 0.9969
rmse: 0.1073
mae: 0.0779
Validation Results:
r2: 0.9916
rmse: 0.1847
mae: 0.1264
Test Results:
r2: 0.9897
rmse: 0.1912
mae: 0.1262
18/101
train r2: 0.9971956735113751, valid r2: 0.9926449490550666, test r2: 0.9907388615563572
Training Results:
r2: 0.9972
rmse: 0.1018
mae: 0.0753
Validation Results:
r2: 0.9926
rmse: 0.1731
mae: 0.1256
Test Results:
r2: 0.9907
rmse: 0.1810
mae: 0.1236
19/101
train r2: 0.9977616328695782, valid r2: 0.9935083524220399, test r2: 0.9918631788460905
Training Results:
r2: 0.9978
rmse: 0.0910
mae: 0.0676
Validation Results:
r2: 0.9935
rmse: 0.1626
mae: 0.1157
Test Results:
r2: 0.9919
rmse: 0.1697
mae: 0.1145
20/101
train r2: 0.9972458880916372, valid r2: 0.992455949487284, test r2: 0.9910984443222594
Training Results:
r2: 0.9972
rmse: 0.1009
mae: 0.0765
Validation Results:
r2: 0.9925
rmse: 0.1753
mae: 0.1205
Test Results:
r2: 0.9911
rmse: 0.1774
mae: 0.1167
21/101
train r2: 0.9949034434455831, valid r2: 0.9912643245813588, test r2: 0.9894323352696731
Training Results:
r2: 0.9949
rmse: 0.1373
mae: 0.1056
Validation Results:
r2: 0.9913
rmse: 0.1886
mae: 0.1419
Test Results:
r2: 0.9894
rmse: 0.1933
mae: 0.1393
22/101
train r2: 0.9970012819410222, valid r2: 0.9919908193496327, test r2: 0.9908189258345793
Training Results:
r2: 0.9970
rmse: 0.1051
mae: 0.0785
Validation Results:
r2: 0.9920
rmse: 0.1806
mae: 0.1245
Test Results:
r2: 0.9908
rmse: 0.1802
mae: 0.1196
23/101
train r2: 0.9961550667291357, valid r2: 0.9920851061991519, test r2: 0.9907999406950262
Training Results:
r2: 0.9962
rmse: 0.1192
mae: 0.0978
Validation Results:
r2: 0.9921
rmse: 0.1795
mae: 0.1344
Test Results:
r2: 0.9908
rmse: 0.1804
mae: 0.1308
24/101
train r2: 0.9984057857160881, valid r2: 0.9937300029090631, test r2: 0.9921617370546034
Training Results:
r2: 0.9984
rmse: 0.0768
mae: 0.0578
Validation Results:
r2: 0.9937
rmse: 0.1598
mae: 0.1097
Test Results:
r2: 0.9922
rmse: 0.1665
mae: 0.1106
25/101
train r2: 0.9958461440846763, valid r2: 0.9901970621290032, test r2: 0.9892855098797727
Training Results:
r2: 0.9958
rmse: 0.1238
mae: 0.0938
Validation Results:
r2: 0.9902
rmse: 0.1998
mae: 0.1349
Test Results:
r2: 0.9893
rmse: 0.1947
mae: 0.1303
26/101
train r2: 0.9971507991913501, valid r2: 0.9930356374917638, test r2: 0.9911114476389488
Training Results:
r2: 0.9972
rmse: 0.1026
mae: 0.0763
Validation Results:
r2: 0.9930
rmse: 0.1684
mae: 0.1170
Test Results:
r2: 0.9911
rmse: 0.1773
mae: 0.1152
27/101
train r2: 0.9956064088421815, valid r2: 0.992265042803016, test r2: 0.990486596176323
Training Results:
r2: 0.9956
rmse: 0.1274
mae: 0.0969
Validation Results:
r2: 0.9923
rmse: 0.1775
mae: 0.1292
Test Results:
r2: 0.9905
rmse: 0.1834
mae: 0.1300
28/101
train r2: 0.9979861236191256, valid r2: 0.9941448591872591, test r2: 0.9925073111467388
Training Results:
r2: 0.9980
rmse: 0.0862
mae: 0.0624
Validation Results:
r2: 0.9941
rmse: 0.1544
mae: 0.1056
Test Results:
r2: 0.9925
rmse: 0.1628
mae: 0.1062
29/101
train r2: 0.9954472731726715, valid r2: 0.9915179061575243, test r2: 0.9898019884198687
Training Results:
r2: 0.9954
rmse: 0.1297
mae: 0.1112
Validation Results:
r2: 0.9915
rmse: 0.1858
mae: 0.1475
Test Results:
r2: 0.9898
rmse: 0.1899
mae: 0.1445
30/101
train r2: 0.9990257465368674, valid r2: 0.9944625530512167, test r2: 0.9928773259268796
Training Results:
r2: 0.9990
rmse: 0.0600
mae: 0.0443
Validation Results:
r2: 0.9945
rmse: 0.1502
mae: 0.0970
Test Results:
r2: 0.9929
rmse: 0.1587
mae: 0.0970
31/101
train r2: 0.9987838378326732, valid r2: 0.9947858228533611, test r2: 0.993174253899786
Training Results:
r2: 0.9988
rmse: 0.0671
mae: 0.0499
Validation Results:
r2: 0.9948
rmse: 0.1457
mae: 0.0978
Test Results:
r2: 0.9932
rmse: 0.1554
mae: 0.0972
32/101
train r2: 0.9984595659953847, valid r2: 0.9940892286842671, test r2: 0.9926042009638204
Training Results:
r2: 0.9985
rmse: 0.0754
mae: 0.0575
Validation Results:
r2: 0.9941
rmse: 0.1551
mae: 0.1055
Test Results:
r2: 0.9926
rmse: 0.1617
mae: 0.1035
33/101
train r2: 0.9986688298360785, valid r2: 0.9944595365791946, test r2: 0.9931891607096718
Training Results:
r2: 0.9987
rmse: 0.0702
mae: 0.0519
Validation Results:
r2: 0.9945
rmse: 0.1502
mae: 0.1010
Test Results:
r2: 0.9932
rmse: 0.1552
mae: 0.0977
34/101
train r2: 0.9988136142557809, valid r2: 0.9946665407164093, test r2: 0.9936140870103797
Training Results:
r2: 0.9988
rmse: 0.0662
mae: 0.0490
Validation Results:
r2: 0.9947
rmse: 0.1474
mae: 0.0988
Test Results:
r2: 0.9936
rmse: 0.1503
mae: 0.0958
35/101
train r2: 0.9980515222065971, valid r2: 0.9936801203308385, test r2: 0.9923664117904692
Training Results:
r2: 0.9981
rmse: 0.0848
mae: 0.0656
Validation Results:
r2: 0.9937
rmse: 0.1604
mae: 0.1077
Test Results:
r2: 0.9924
rmse: 0.1643
mae: 0.1076
36/101
train r2: 0.9987469225501802, valid r2: 0.9941662780396664, test r2: 0.9931914936339388
Training Results:
r2: 0.9987
rmse: 0.0681
mae: 0.0519
Validation Results:
r2: 0.9942
rmse: 0.1541
mae: 0.1027
Test Results:
r2: 0.9932
rmse: 0.1552
mae: 0.0987
37/101
train r2: 0.9990861088285862, valid r2: 0.995368619848948, test r2: 0.9939402275356188
Training Results:
r2: 0.9991
rmse: 0.0581
mae: 0.0440
Validation Results:
r2: 0.9954
rmse: 0.1373
mae: 0.0930
Test Results:
r2: 0.9939
rmse: 0.1464
mae: 0.0936
38/101
train r2: 0.9991341305581807, valid r2: 0.9948987992148131, test r2: 0.9934799351820816
Training Results:
r2: 0.9991
rmse: 0.0566
mae: 0.0424
Validation Results:
r2: 0.9949
rmse: 0.1441
mae: 0.0937
Test Results:
r2: 0.9935
rmse: 0.1519
mae: 0.0941
39/101
train r2: 0.9988883597251494, valid r2: 0.99564254678275, test r2: 0.9942947864240834
Training Results:
r2: 0.9989
rmse: 0.0641
mae: 0.0469
Validation Results:
r2: 0.9956
rmse: 0.1332
mae: 0.0899
Test Results:
r2: 0.9943
rmse: 0.1421
mae: 0.0921
40/101
train r2: 0.9992423155105706, valid r2: 0.9952973934159192, test r2: 0.9937833276084933
Training Results:
r2: 0.9992
rmse: 0.0529
mae: 0.0398
Validation Results:
r2: 0.9953
rmse: 0.1384
mae: 0.0912
Test Results:
r2: 0.9938
rmse: 0.1483
mae: 0.0918
41/101
train r2: 0.9992672729891356, valid r2: 0.9951315784867444, test r2: 0.9941300822362069
Training Results:
r2: 0.9993
rmse: 0.0521
mae: 0.0404
Validation Results:
r2: 0.9951
rmse: 0.1408
mae: 0.0937
Test Results:
r2: 0.9941
rmse: 0.1441
mae: 0.0909
42/101
train r2: 0.9988659448959123, valid r2: 0.994636557542955, test r2: 0.9934265550018858
Training Results:
r2: 0.9989
rmse: 0.0647
mae: 0.0476
Validation Results:
r2: 0.9946
rmse: 0.1478
mae: 0.0962
Test Results:
r2: 0.9934
rmse: 0.1525
mae: 0.0959
43/101
train r2: 0.9989458770763773, valid r2: 0.995488828588369, test r2: 0.9939579845423799
Training Results:
r2: 0.9989
rmse: 0.0624
mae: 0.0469
Validation Results:
r2: 0.9955
rmse: 0.1355
mae: 0.0928
Test Results:
r2: 0.9940
rmse: 0.1462
mae: 0.0924
44/101
train r2: 0.9991852922291576, valid r2: 0.9955981506760366, test r2: 0.9940931438803389
Training Results:
r2: 0.9992
rmse: 0.0549
mae: 0.0409
Validation Results:
r2: 0.9956
rmse: 0.1339
mae: 0.0895
Test Results:
r2: 0.9941
rmse: 0.1445
mae: 0.0895
45/101
train r2: 0.9989987014444649, valid r2: 0.9948699329080426, test r2: 0.9935148784356786
Training Results:
r2: 0.9990
rmse: 0.0608
mae: 0.0459
Validation Results:
r2: 0.9949
rmse: 0.1445
mae: 0.0956
Test Results:
r2: 0.9935
rmse: 0.1515
mae: 0.0939
46/101
train r2: 0.9993484770480935, valid r2: 0.9955050944409447, test r2: 0.9939634375374274
Training Results:
r2: 0.9993
rmse: 0.0491
mae: 0.0362
Validation Results:
r2: 0.9955
rmse: 0.1353
mae: 0.0897
Test Results:
r2: 0.9940
rmse: 0.1461
mae: 0.0862
47/101
train r2: 0.999003447859498, valid r2: 0.9953326330129131, test r2: 0.9938569063362886
Training Results:
r2: 0.9990
rmse: 0.0607
mae: 0.0494
Validation Results:
r2: 0.9953
rmse: 0.1379
mae: 0.0944
Test Results:
r2: 0.9939
rmse: 0.1474
mae: 0.0954
48/101
train r2: 0.9994193144450148, valid r2: 0.9951896633183225, test r2: 0.9937943957175763
Training Results:
r2: 0.9994
rmse: 0.0463
mae: 0.0352
Validation Results:
r2: 0.9952
rmse: 0.1399
mae: 0.0909
Test Results:
r2: 0.9938
rmse: 0.1482
mae: 0.0893
49/101
train r2: 0.9990597122125415, valid r2: 0.9950506059827715, test r2: 0.9933452341377804
Training Results:
r2: 0.9991
rmse: 0.0590
mae: 0.0453
Validation Results:
r2: 0.9951
rmse: 0.1420
mae: 0.0948
Test Results:
r2: 0.9933
rmse: 0.1534
mae: 0.0947
50/101
train r2: 0.9993526612658973, valid r2: 0.9957836271213065, test r2: 0.9946064448229013
Training Results:
r2: 0.9994
rmse: 0.0489
mae: 0.0372
Validation Results:
r2: 0.9958
rmse: 0.1310
mae: 0.0886
Test Results:
r2: 0.9946
rmse: 0.1381
mae: 0.0871
51/101
train r2: 0.9992848435081613, valid r2: 0.9954539072707418, test r2: 0.9946391268243892
Training Results:
r2: 0.9993
rmse: 0.0514
mae: 0.0399
Validation Results:
r2: 0.9955
rmse: 0.1360
mae: 0.0886
Test Results:
r2: 0.9946
rmse: 0.1377
mae: 0.0864
52/101
train r2: 0.9995478826027924, valid r2: 0.9955910538879363, test r2: 0.9945370178729007
Training Results:
r2: 0.9995
rmse: 0.0409
mae: 0.0296
Validation Results:
r2: 0.9956
rmse: 0.1340
mae: 0.0866
Test Results:
r2: 0.9945
rmse: 0.1390
mae: 0.0840
53/101
train r2: 0.9994804041396731, valid r2: 0.9959414443208043, test r2: 0.9948414371833358
Training Results:
r2: 0.9995
rmse: 0.0438
mae: 0.0310
Validation Results:
r2: 0.9959
rmse: 0.1285
mae: 0.0838
Test Results:
r2: 0.9948
rmse: 0.1351
mae: 0.0843
54/101
train r2: 0.999443054823023, valid r2: 0.9958172961408919, test r2: 0.9943902133082957
Training Results:
r2: 0.9994
rmse: 0.0454
mae: 0.0343
Validation Results:
r2: 0.9958
rmse: 0.1305
mae: 0.0877
Test Results:
r2: 0.9944
rmse: 0.1409
mae: 0.0855
55/101
train r2: 0.9992417183531315, valid r2: 0.9956726733183223, test r2: 0.99432867330705
Training Results:
r2: 0.9992
rmse: 0.0529
mae: 0.0417
Validation Results:
r2: 0.9957
rmse: 0.1327
mae: 0.0915
Test Results:
r2: 0.9943
rmse: 0.1416
mae: 0.0901
56/101
train r2: 0.9997104601235324, valid r2: 0.9956135899062919, test r2: 0.994485853839727
Training Results:
r2: 0.9997
rmse: 0.0327
mae: 0.0245
Validation Results:
r2: 0.9956
rmse: 0.1336
mae: 0.0845
Test Results:
r2: 0.9945
rmse: 0.1397
mae: 0.0829
57/101
train r2: 0.9996694530729207, valid r2: 0.9956977491988985, test r2: 0.9943175000602392
Training Results:
r2: 0.9997
rmse: 0.0350
mae: 0.0261
Validation Results:
r2: 0.9957
rmse: 0.1324
mae: 0.0844
Test Results:
r2: 0.9943
rmse: 0.1418
mae: 0.0837
58/101
train r2: 0.9996907574777298, valid r2: 0.9959294872994051, test r2: 0.99461745525935
Training Results:
r2: 0.9997
rmse: 0.0338
mae: 0.0255
Validation Results:
r2: 0.9959
rmse: 0.1287
mae: 0.0833
Test Results:
r2: 0.9946
rmse: 0.1380
mae: 0.0814
59/101
train r2: 0.999483366163872, valid r2: 0.9958209754635031, test r2: 0.9946053129175956
Training Results:
r2: 0.9995
rmse: 0.0437
mae: 0.0349
Validation Results:
r2: 0.9958
rmse: 0.1304
mae: 0.0868
Test Results:
r2: 0.9946
rmse: 0.1381
mae: 0.0854
60/101
train r2: 0.9994458861764878, valid r2: 0.9957988678187506, test r2: 0.9942077306200883
Training Results:
r2: 0.9994
rmse: 0.0452
mae: 0.0352
Validation Results:
r2: 0.9958
rmse: 0.1308
mae: 0.0866
Test Results:
r2: 0.9942
rmse: 0.1431
mae: 0.0868
61/101
train r2: 0.9995595182131528, valid r2: 0.995826716051153, test r2: 0.9947980956837532
Training Results:
r2: 0.9996
rmse: 0.0403
mae: 0.0305
Validation Results:
r2: 0.9958
rmse: 0.1304
mae: 0.0853
Test Results:
r2: 0.9948
rmse: 0.1356
mae: 0.0814
62/101
train r2: 0.9995446331814318, valid r2: 0.996010133935699, test r2: 0.9948733450041434
Training Results:
r2: 0.9995
rmse: 0.0410
mae: 0.0309
Validation Results:
r2: 0.9960
rmse: 0.1275
mae: 0.0852
Test Results:
r2: 0.9949
rmse: 0.1347
mae: 0.0837
63/101
train r2: 0.9997266835675247, valid r2: 0.9959470104694059, test r2: 0.9948843978178044
Training Results:
r2: 0.9997
rmse: 0.0318
mae: 0.0240
Validation Results:
r2: 0.9959
rmse: 0.1285
mae: 0.0818
Test Results:
r2: 0.9949
rmse: 0.1345
mae: 0.0824
64/101
train r2: 0.9997407952335126, valid r2: 0.9962508646202903, test r2: 0.9947840186923154
Training Results:
r2: 0.9997
rmse: 0.0309
mae: 0.0235
Validation Results:
r2: 0.9963
rmse: 0.1236
mae: 0.0810
Test Results:
r2: 0.9948
rmse: 0.1358
mae: 0.0814
65/101
train r2: 0.9994890455448172, valid r2: 0.9955767669284206, test r2: 0.9944901790977227
Training Results:
r2: 0.9995
rmse: 0.0435
mae: 0.0373
Validation Results:
r2: 0.9956
rmse: 0.1342
mae: 0.0884
Test Results:
r2: 0.9945
rmse: 0.1396
mae: 0.0847
66/101
train r2: 0.9996134388224565, valid r2: 0.9954822573733193, test r2: 0.9940488678733207
Training Results:
r2: 0.9996
rmse: 0.0378
mae: 0.0299
Validation Results:
r2: 0.9955
rmse: 0.1356
mae: 0.0855
Test Results:
r2: 0.9940
rmse: 0.1451
mae: 0.0863
67/101
train r2: 0.9998037967032735, valid r2: 0.9961022589340401, test r2: 0.9949355574704892
Training Results:
r2: 0.9998
rmse: 0.0269
mae: 0.0204
Validation Results:
r2: 0.9961
rmse: 0.1260
mae: 0.0810
Test Results:
r2: 0.9949
rmse: 0.1338
mae: 0.0798
68/101
train r2: 0.9998333314461656, valid r2: 0.9959746503243718, test r2: 0.9945970576938298
Training Results:
r2: 0.9998
rmse: 0.0248
mae: 0.0187
Validation Results:
r2: 0.9960
rmse: 0.1280
mae: 0.0810
Test Results:
r2: 0.9946
rmse: 0.1382
mae: 0.0804
69/101
train r2: 0.9998409148922588, valid r2: 0.9959735480479636, test r2: 0.9946651488428632
Training Results:
r2: 0.9998
rmse: 0.0242
mae: 0.0176
Validation Results:
r2: 0.9960
rmse: 0.1280
mae: 0.0807
Test Results:
r2: 0.9947
rmse: 0.1374
mae: 0.0796
70/101
train r2: 0.9998134617512783, valid r2: 0.996041591414509, test r2: 0.9948541137614373
Training Results:
r2: 0.9998
rmse: 0.0262
mae: 0.0190
Validation Results:
r2: 0.9960
rmse: 0.1270
mae: 0.0808
Test Results:
r2: 0.9949
rmse: 0.1349
mae: 0.0791
71/101
train r2: 0.9997980341981045, valid r2: 0.9962863854937558, test r2: 0.9949492766787029
Training Results:
r2: 0.9998
rmse: 0.0273
mae: 0.0205
Validation Results:
r2: 0.9963
rmse: 0.1230
mae: 0.0797
Test Results:
r2: 0.9949
rmse: 0.1337
mae: 0.0793
72/101
train r2: 0.9998830321915994, valid r2: 0.9962554967895276, test r2: 0.9948750788779266
Training Results:
r2: 0.9999
rmse: 0.0208
mae: 0.0155
Validation Results:
r2: 0.9963
rmse: 0.1235
mae: 0.0788
Test Results:
r2: 0.9949
rmse: 0.1346
mae: 0.0782
73/101
train r2: 0.9998463608037047, valid r2: 0.9961127566251406, test r2: 0.9949125343658701
Training Results:
r2: 0.9998
rmse: 0.0238
mae: 0.0181
Validation Results:
r2: 0.9961
rmse: 0.1258
mae: 0.0813
Test Results:
r2: 0.9949
rmse: 0.1341
mae: 0.0787
74/101
train r2: 0.9998958830279425, valid r2: 0.9962732355995143, test r2: 0.9949948119999604
Training Results:
r2: 0.9999
rmse: 0.0196
mae: 0.0146
Validation Results:
r2: 0.9963
rmse: 0.1232
mae: 0.0793
Test Results:
r2: 0.9950
rmse: 0.1331
mae: 0.0774
75/101
train r2: 0.9998366037770591, valid r2: 0.9960647220385773, test r2: 0.9947629264357429
Training Results:
r2: 0.9998
rmse: 0.0246
mae: 0.0190
Validation Results:
r2: 0.9961
rmse: 0.1266
mae: 0.0820
Test Results:
r2: 0.9948
rmse: 0.1361
mae: 0.0806
76/101
train r2: 0.9998916787914577, valid r2: 0.9961290291379845, test r2: 0.9948128697921823
Training Results:
r2: 0.9999
rmse: 0.0200
mae: 0.0149
Validation Results:
r2: 0.9961
rmse: 0.1255
mae: 0.0807
Test Results:
r2: 0.9948
rmse: 0.1355
mae: 0.0788
77/101
train r2: 0.999851525886443, valid r2: 0.9963003368814674, test r2: 0.9950764166881526
Training Results:
r2: 0.9999
rmse: 0.0234
mae: 0.0163
Validation Results:
r2: 0.9963
rmse: 0.1227
mae: 0.0798
Test Results:
r2: 0.9951
rmse: 0.1320
mae: 0.0785
78/101
train r2: 0.999908282360718, valid r2: 0.9961544041399378, test r2: 0.9949853772056754
Training Results:
r2: 0.9999
rmse: 0.0184
mae: 0.0140
Validation Results:
r2: 0.9962
rmse: 0.1251
mae: 0.0802
Test Results:
r2: 0.9950
rmse: 0.1332
mae: 0.0779
79/101
train r2: 0.9998760941686244, valid r2: 0.9961269345445447, test r2: 0.9950655948893168
Training Results:
r2: 0.9999
rmse: 0.0214
mae: 0.0169
Validation Results:
r2: 0.9961
rmse: 0.1256
mae: 0.0797
Test Results:
r2: 0.9951
rmse: 0.1321
mae: 0.0778
80/101
train r2: 0.9998986033976817, valid r2: 0.9961951992579798, test r2: 0.9949079546982764
Training Results:
r2: 0.9999
rmse: 0.0194
mae: 0.0158
Validation Results:
r2: 0.9962
rmse: 0.1245
mae: 0.0801
Test Results:
r2: 0.9949
rmse: 0.1342
mae: 0.0788
81/101
train r2: 0.9999353360443713, valid r2: 0.9961249530413745, test r2: 0.9949898826932538
Training Results:
r2: 0.9999
rmse: 0.0155
mae: 0.0116
Validation Results:
r2: 0.9961
rmse: 0.1256
mae: 0.0797
Test Results:
r2: 0.9950
rmse: 0.1331
mae: 0.0782
82/101
train r2: 0.9999378363930735, valid r2: 0.9961244892154937, test r2: 0.9949014041496078
Training Results:
r2: 0.9999
rmse: 0.0152
mae: 0.0115
Validation Results:
r2: 0.9961
rmse: 0.1256
mae: 0.0799
Test Results:
r2: 0.9949
rmse: 0.1343
mae: 0.0778
83/101
train r2: 0.9999201755899212, valid r2: 0.9961866344513236, test r2: 0.9949525731429347
Training Results:
r2: 0.9999
rmse: 0.0172
mae: 0.0134
Validation Results:
r2: 0.9962
rmse: 0.1246
mae: 0.0798
Test Results:
r2: 0.9950
rmse: 0.1336
mae: 0.0776
84/101
train r2: 0.9999594184843311, valid r2: 0.9962154931274497, test r2: 0.9949801314604779
Training Results:
r2: 1.0000
rmse: 0.0122
mae: 0.0091
Validation Results:
r2: 0.9962
rmse: 0.1241
mae: 0.0792
Test Results:
r2: 0.9950
rmse: 0.1333
mae: 0.0777
85/101
train r2: 0.9999551148899366, valid r2: 0.996271405290171, test r2: 0.9950602072330895
Training Results:
r2: 1.0000
rmse: 0.0129
mae: 0.0100
Validation Results:
r2: 0.9963
rmse: 0.1232
mae: 0.0787
Test Results:
r2: 0.9951
rmse: 0.1322
mae: 0.0771
86/101
train r2: 0.9999590770435285, valid r2: 0.9960698164823545, test r2: 0.9948472713520391
Training Results:
r2: 1.0000
rmse: 0.0123
mae: 0.0093
Validation Results:
r2: 0.9961
rmse: 0.1265
mae: 0.0792
Test Results:
r2: 0.9948
rmse: 0.1350
mae: 0.0775
87/101
train r2: 0.9999715205424473, valid r2: 0.9962010475210362, test r2: 0.9949665111366428
Training Results:
r2: 1.0000
rmse: 0.0103
mae: 0.0080
Validation Results:
r2: 0.9962
rmse: 0.1244
mae: 0.0786
Test Results:
r2: 0.9950
rmse: 0.1334
mae: 0.0775
88/101
train r2: 0.9999647922512425, valid r2: 0.9961787635763137, test r2: 0.9949629407598731
Training Results:
r2: 1.0000
rmse: 0.0114
mae: 0.0096
Validation Results:
r2: 0.9962
rmse: 0.1247
mae: 0.0791
Test Results:
r2: 0.9950
rmse: 0.1335
mae: 0.0773
89/101
train r2: 0.9999890195891746, valid r2: 0.9962430865153888, test r2: 0.9950028732850719
Training Results:
r2: 1.0000
rmse: 0.0064
mae: 0.0048
Validation Results:
r2: 0.9962
rmse: 0.1237
mae: 0.0785
Test Results:
r2: 0.9950
rmse: 0.1330
mae: 0.0770
90/101
train r2: 0.9999856296211762, valid r2: 0.9962075911931348, test r2: 0.9950188426056592
Training Results:
r2: 1.0000
rmse: 0.0073
mae: 0.0057
Validation Results:
r2: 0.9962
rmse: 0.1243
mae: 0.0785
Test Results:
r2: 0.9950
rmse: 0.1327
mae: 0.0768
91/101
train r2: 0.9999913692075159, valid r2: 0.9961955837611147, test r2: 0.9949456335636545
Training Results:
r2: 1.0000
rmse: 0.0057
mae: 0.0042
Validation Results:
r2: 0.9962
rmse: 0.1245
mae: 0.0785
Test Results:
r2: 0.9949
rmse: 0.1337
mae: 0.0770
92/101
train r2: 0.9999915408517723, valid r2: 0.9961756512902957, test r2: 0.9949656272308612
Training Results:
r2: 1.0000
rmse: 0.0056
mae: 0.0043
Validation Results:
r2: 0.9962
rmse: 0.1248
mae: 0.0787
Test Results:
r2: 0.9950
rmse: 0.1334
mae: 0.0771
93/101
train r2: 0.9999855847419016, valid r2: 0.9962764780089136, test r2: 0.9950899221518485
Training Results:
r2: 1.0000
rmse: 0.0073
mae: 0.0058
Validation Results:
r2: 0.9963
rmse: 0.1231
mae: 0.0784
Test Results:
r2: 0.9951
rmse: 0.1318
mae: 0.0768
94/101
train r2: 0.9999952083944793, valid r2: 0.9962696495566832, test r2: 0.9950569569995134
Training Results:
r2: 1.0000
rmse: 0.0042
mae: 0.0032
Validation Results:
r2: 0.9963
rmse: 0.1232
mae: 0.0782
Test Results:
r2: 0.9951
rmse: 0.1322
mae: 0.0767
95/101
train r2: 0.9999973315612277, valid r2: 0.9962317815790059, test r2: 0.9950127825083354
Training Results:
r2: 1.0000
rmse: 0.0031
mae: 0.0024
Validation Results:
r2: 0.9962
rmse: 0.1239
mae: 0.0785
Test Results:
r2: 0.9950
rmse: 0.1328
mae: 0.0769
96/101
train r2: 0.9999977693364009, valid r2: 0.9962378412992126, test r2: 0.9950275799434949
Training Results:
r2: 1.0000
rmse: 0.0029
mae: 0.0023
Validation Results:
r2: 0.9962
rmse: 0.1238
mae: 0.0785
Test Results:
r2: 0.9950
rmse: 0.1326
mae: 0.0769
97/101
train r2: 0.999999200731157, valid r2: 0.9962201324764275, test r2: 0.9949999784908198
Training Results:
r2: 1.0000
rmse: 0.0017
mae: 0.0013
Validation Results:
r2: 0.9962
rmse: 0.1241
mae: 0.0785
Test Results:
r2: 0.9950
rmse: 0.1330
mae: 0.0768
break!
train: 0.9999, val: 0.9963, test: 0.9951
end_test_result: (0.9949481283964415, 0.13367825746536255, 0.07931166887283325)
Time used on constrained_logP: 5:51:18
Current seed: 2064, current split method: scaffold, current task: constrained_logP
Namespace(seed=2024, times=5, n_epochs=100, config='base', model_path='../models/pretrained/base/base.pth', dataset='constrained_logP', data_path='../datasets/', dataset_type='regression', use_scaler=True, metric=['r2', 'rmse', 'mae'], split='scaffold_2064', weight_decay=0.0, dropout=0.0, lr=3e-05, n_threads=8)
args.seed: 2024
use label scaler
use label scaler
use label scaler
model have 90.143705M paramerters in total
train_dataset.mean: tensor([-2.4327]) train_dataset.std: tensor([1.9263])
1/101
train r2: 0.8388515835288701, valid r2: 0.8244567817465701, test r2: 0.8189112221573812
Training Results:
r2: 0.8389
rmse: 0.7731
mae: 0.5710
Validation Results:
r2: 0.8245
rmse: 0.8253
mae: 0.5955
Test Results:
r2: 0.8189
rmse: 0.8066
mae: 0.5816
2/101
train r2: 0.9579297430064937, valid r2: 0.9460112719843368, test r2: 0.9445700476072365
Training Results:
r2: 0.9579
rmse: 0.3950
mae: 0.2888
Validation Results:
r2: 0.9460
rmse: 0.4577
mae: 0.3278
Test Results:
r2: 0.9446
rmse: 0.4463
mae: 0.3231
3/101
train r2: 0.981805480156713, valid r2: 0.9710613199580544, test r2: 0.9718519577160191
Training Results:
r2: 0.9818
rmse: 0.2598
mae: 0.1927
Validation Results:
r2: 0.9711
rmse: 0.3351
mae: 0.2418
Test Results:
r2: 0.9719
rmse: 0.3180
mae: 0.2293
4/101
train r2: 0.9889481789821459, valid r2: 0.9797204872649959, test r2: 0.9785619977004871
Training Results:
r2: 0.9889
rmse: 0.2025
mae: 0.1526
Validation Results:
r2: 0.9797
rmse: 0.2805
mae: 0.2022
Test Results:
r2: 0.9786
rmse: 0.2775
mae: 0.1969
5/101
train r2: 0.9937859493446216, valid r2: 0.9835415341711995, test r2: 0.9837843712956249
Training Results:
r2: 0.9938
rmse: 0.1518
mae: 0.1167
Validation Results:
r2: 0.9835
rmse: 0.2527
mae: 0.1806
Test Results:
r2: 0.9838
rmse: 0.2414
mae: 0.1732
6/101
train r2: 0.994321457005626, valid r2: 0.9851868634701487, test r2: 0.9855301286622287
Training Results:
r2: 0.9943
rmse: 0.1452
mae: 0.1133
Validation Results:
r2: 0.9852
rmse: 0.2398
mae: 0.1716
Test Results:
r2: 0.9855
rmse: 0.2280
mae: 0.1654
7/101
train r2: 0.9939577180610333, valid r2: 0.9853168792785779, test r2: 0.9844295039054428
Training Results:
r2: 0.9940
rmse: 0.1498
mae: 0.1211
Validation Results:
r2: 0.9853
rmse: 0.2387
mae: 0.1744
Test Results:
r2: 0.9844
rmse: 0.2365
mae: 0.1697
8/101
train r2: 0.9942668709784905, valid r2: 0.9879683973059217, test r2: 0.9847664306917814
Training Results:
r2: 0.9943
rmse: 0.1458
mae: 0.1109
Validation Results:
r2: 0.9880
rmse: 0.2161
mae: 0.1600
Test Results:
r2: 0.9848
rmse: 0.2339
mae: 0.1662
9/101
train r2: 0.9951533385930929, valid r2: 0.9876757981560108, test r2: 0.9871576815757195
Training Results:
r2: 0.9952
rmse: 0.1340
mae: 0.1015
Validation Results:
r2: 0.9877
rmse: 0.2187
mae: 0.1574
Test Results:
r2: 0.9872
rmse: 0.2148
mae: 0.1547
10/101
train r2: 0.9898761302243044, valid r2: 0.9834914474064244, test r2: 0.9816018408862764
Training Results:
r2: 0.9899
rmse: 0.1938
mae: 0.1623
Validation Results:
r2: 0.9835
rmse: 0.2531
mae: 0.2027
Test Results:
r2: 0.9816
rmse: 0.2571
mae: 0.2032
11/101
train r2: 0.993023476299026, valid r2: 0.9876112941704055, test r2: 0.984184930529943
Training Results:
r2: 0.9930
rmse: 0.1609
mae: 0.1216
Validation Results:
r2: 0.9876
rmse: 0.2193
mae: 0.1619
Test Results:
r2: 0.9842
rmse: 0.2384
mae: 0.1674
12/101
train r2: 0.9940066439973921, valid r2: 0.9861777646969042, test r2: 0.9859144005848667
Training Results:
r2: 0.9940
rmse: 0.1492
mae: 0.1121
Validation Results:
r2: 0.9862
rmse: 0.2316
mae: 0.1619
Test Results:
r2: 0.9859
rmse: 0.2250
mae: 0.1569
13/101
train r2: 0.9963048860283502, valid r2: 0.9904434000125879, test r2: 0.9877091688281419
Training Results:
r2: 0.9963
rmse: 0.1170
mae: 0.0883
Validation Results:
r2: 0.9904
rmse: 0.1926
mae: 0.1361
Test Results:
r2: 0.9877
rmse: 0.2101
mae: 0.1403
14/101
train r2: 0.9979748704123994, valid r2: 0.9919072799712434, test r2: 0.9910139449515643
Training Results:
r2: 0.9980
rmse: 0.0867
mae: 0.0654
Validation Results:
r2: 0.9919
rmse: 0.1772
mae: 0.1229
Test Results:
r2: 0.9910
rmse: 0.1797
mae: 0.1224
15/101
train r2: 0.996870336669372, valid r2: 0.989234338891459, test r2: 0.9878073310657897
Training Results:
r2: 0.9969
rmse: 0.1077
mae: 0.0805
Validation Results:
r2: 0.9892
rmse: 0.2044
mae: 0.1391
Test Results:
r2: 0.9878
rmse: 0.2093
mae: 0.1368
16/101
train r2: 0.9970200671652032, valid r2: 0.9912366255323102, test r2: 0.9888010654076628
Training Results:
r2: 0.9970
rmse: 0.1052
mae: 0.0802
Validation Results:
r2: 0.9912
rmse: 0.1844
mae: 0.1278
Test Results:
r2: 0.9888
rmse: 0.2006
mae: 0.1311
17/101
train r2: 0.9967416173976611, valid r2: 0.9897916594239372, test r2: 0.9887970648048245
Training Results:
r2: 0.9967
rmse: 0.1100
mae: 0.0821
Validation Results:
r2: 0.9898
rmse: 0.1990
mae: 0.1349
Test Results:
r2: 0.9888
rmse: 0.2006
mae: 0.1311
18/101
train r2: 0.9977221069906501, valid r2: 0.9916020272891983, test r2: 0.9901044810752349
Training Results:
r2: 0.9977
rmse: 0.0919
mae: 0.0687
Validation Results:
r2: 0.9916
rmse: 0.1805
mae: 0.1173
Test Results:
r2: 0.9901
rmse: 0.1885
mae: 0.1225
19/101
train r2: 0.9976831113699384, valid r2: 0.9915468698250313, test r2: 0.9907868545765688
Training Results:
r2: 0.9977
rmse: 0.0927
mae: 0.0699
Validation Results:
r2: 0.9915
rmse: 0.1811
mae: 0.1222
Test Results:
r2: 0.9908
rmse: 0.1819
mae: 0.1175
20/101
train r2: 0.9965196128344422, valid r2: 0.9906295062900563, test r2: 0.9890268139119212
Training Results:
r2: 0.9965
rmse: 0.1136
mae: 0.0880
Validation Results:
r2: 0.9906
rmse: 0.1907
mae: 0.1324
Test Results:
r2: 0.9890
rmse: 0.1986
mae: 0.1319
21/101
train r2: 0.9973284132653545, valid r2: 0.9930053014488072, test r2: 0.9900811848268598
Training Results:
r2: 0.9973
rmse: 0.0996
mae: 0.0738
Validation Results:
r2: 0.9930
rmse: 0.1648
mae: 0.1154
Test Results:
r2: 0.9901
rmse: 0.1888
mae: 0.1177
22/101
train r2: 0.9974546757451123, valid r2: 0.9931536385181445, test r2: 0.9906177857460857
Training Results:
r2: 0.9975
rmse: 0.0972
mae: 0.0711
Validation Results:
r2: 0.9932
rmse: 0.1630
mae: 0.1157
Test Results:
r2: 0.9906
rmse: 0.1836
mae: 0.1187
23/101
train r2: 0.9972187675601341, valid r2: 0.9908749545392374, test r2: 0.9899687515182053
Training Results:
r2: 0.9972
rmse: 0.1016
mae: 0.0763
Validation Results:
r2: 0.9909
rmse: 0.1882
mae: 0.1230
Test Results:
r2: 0.9900
rmse: 0.1898
mae: 0.1187
24/101
train r2: 0.9969350813241831, valid r2: 0.9918322644898805, test r2: 0.9885945180935602
Training Results:
r2: 0.9969
rmse: 0.1066
mae: 0.0789
Validation Results:
r2: 0.9918
rmse: 0.1780
mae: 0.1189
Test Results:
r2: 0.9886
rmse: 0.2024
mae: 0.1247
25/101
train r2: 0.9964208455298877, valid r2: 0.9916010927442918, test r2: 0.9897588791112129
Training Results:
r2: 0.9964
rmse: 0.1153
mae: 0.0948
Validation Results:
r2: 0.9916
rmse: 0.1805
mae: 0.1294
Test Results:
r2: 0.9898
rmse: 0.1918
mae: 0.1375
26/101
train r2: 0.9968538400972865, valid r2: 0.9925182925070627, test r2: 0.9901517509316033
Training Results:
r2: 0.9969
rmse: 0.1081
mae: 0.0794
Validation Results:
r2: 0.9925
rmse: 0.1704
mae: 0.1186
Test Results:
r2: 0.9902
rmse: 0.1881
mae: 0.1214
27/101
train r2: 0.9981778187137273, valid r2: 0.9934985133369161, test r2: 0.9906837728245594
Training Results:
r2: 0.9982
rmse: 0.0822
mae: 0.0597
Validation Results:
r2: 0.9935
rmse: 0.1588
mae: 0.1020
Test Results:
r2: 0.9907
rmse: 0.1829
mae: 0.1114
28/101
train r2: 0.9979396567567624, valid r2: 0.9932275823869448, test r2: 0.98965173524787
Training Results:
r2: 0.9979
rmse: 0.0874
mae: 0.0655
Validation Results:
r2: 0.9932
rmse: 0.1621
mae: 0.1066
Test Results:
r2: 0.9897
rmse: 0.1928
mae: 0.1150
29/101
train r2: 0.9984024709419828, valid r2: 0.9931387530974326, test r2: 0.9900263175823525
Training Results:
r2: 0.9984
rmse: 0.0770
mae: 0.0578
Validation Results:
r2: 0.9931
rmse: 0.1632
mae: 0.1066
Test Results:
r2: 0.9900
rmse: 0.1893
mae: 0.1109
30/101
train r2: 0.9980407925241774, valid r2: 0.9930999029767462, test r2: 0.9902823885658201
Training Results:
r2: 0.9980
rmse: 0.0853
mae: 0.0683
Validation Results:
r2: 0.9931
rmse: 0.1636
mae: 0.1091
Test Results:
r2: 0.9903
rmse: 0.1868
mae: 0.1134
31/101
train r2: 0.9991885229526286, valid r2: 0.9940093131871263, test r2: 0.9911296303203735
Training Results:
r2: 0.9992
rmse: 0.0549
mae: 0.0417
Validation Results:
r2: 0.9940
rmse: 0.1525
mae: 0.0960
Test Results:
r2: 0.9911
rmse: 0.1785
mae: 0.0986
32/101
train r2: 0.9983868384020497, valid r2: 0.9929161518759603, test r2: 0.9909476630268133
Training Results:
r2: 0.9984
rmse: 0.0774
mae: 0.0593
Validation Results:
r2: 0.9929
rmse: 0.1658
mae: 0.1068
Test Results:
r2: 0.9909
rmse: 0.1803
mae: 0.1071
33/101
train r2: 0.998599982415686, valid r2: 0.9941048855797969, test r2: 0.9911062283691702
Training Results:
r2: 0.9986
rmse: 0.0721
mae: 0.0562
Validation Results:
r2: 0.9941
rmse: 0.1512
mae: 0.1001
Test Results:
r2: 0.9911
rmse: 0.1788
mae: 0.1047
34/101
train r2: 0.9976797994244422, valid r2: 0.9921760081785073, test r2: 0.9890545512716337
Training Results:
r2: 0.9977
rmse: 0.0928
mae: 0.0705
Validation Results:
r2: 0.9922
rmse: 0.1742
mae: 0.1098
Test Results:
r2: 0.9891
rmse: 0.1983
mae: 0.1142
35/101
train r2: 0.9986366747909681, valid r2: 0.9943324862258557, test r2: 0.9913946985376949
Training Results:
r2: 0.9986
rmse: 0.0711
mae: 0.0529
Validation Results:
r2: 0.9943
rmse: 0.1483
mae: 0.0983
Test Results:
r2: 0.9914
rmse: 0.1758
mae: 0.1026
36/101
train r2: 0.9991547503664372, valid r2: 0.9945512139992557, test r2: 0.9917673341659852
Training Results:
r2: 0.9992
rmse: 0.0560
mae: 0.0426
Validation Results:
r2: 0.9946
rmse: 0.1454
mae: 0.0921
Test Results:
r2: 0.9918
rmse: 0.1720
mae: 0.0987
37/101
train r2: 0.998977350437296, valid r2: 0.9941590676036601, test r2: 0.9912183183096449
Training Results:
r2: 0.9990
rmse: 0.0616
mae: 0.0477
Validation Results:
r2: 0.9942
rmse: 0.1506
mae: 0.0966
Test Results:
r2: 0.9912
rmse: 0.1776
mae: 0.1020
38/101
train r2: 0.9984213634718339, valid r2: 0.9935747249782132, test r2: 0.9900955573582716
Training Results:
r2: 0.9984
rmse: 0.0765
mae: 0.0610
Validation Results:
r2: 0.9936
rmse: 0.1579
mae: 0.1026
Test Results:
r2: 0.9901
rmse: 0.1886
mae: 0.1062
39/101
train r2: 0.9989498560681909, valid r2: 0.9940374731011197, test r2: 0.9911032867206212
Training Results:
r2: 0.9989
rmse: 0.0624
mae: 0.0470
Validation Results:
r2: 0.9940
rmse: 0.1521
mae: 0.0962
Test Results:
r2: 0.9911
rmse: 0.1788
mae: 0.0985
40/101
train r2: 0.9988209223780167, valid r2: 0.9947386201854289, test r2: 0.992225676549747
Training Results:
r2: 0.9988
rmse: 0.0661
mae: 0.0483
Validation Results:
r2: 0.9947
rmse: 0.1429
mae: 0.0924
Test Results:
r2: 0.9922
rmse: 0.1671
mae: 0.0971
41/101
train r2: 0.9988510667509019, valid r2: 0.993291697540374, test r2: 0.9904059087470927
Training Results:
r2: 0.9989
rmse: 0.0653
mae: 0.0470
Validation Results:
r2: 0.9933
rmse: 0.1613
mae: 0.0961
Test Results:
r2: 0.9904
rmse: 0.1857
mae: 0.0991
42/101
train r2: 0.9958372296551756, valid r2: 0.9906068818081475, test r2: 0.9883546529070192
Training Results:
r2: 0.9958
rmse: 0.1243
mae: 0.0973
Validation Results:
r2: 0.9906
rmse: 0.1909
mae: 0.1340
Test Results:
r2: 0.9884
rmse: 0.2045
mae: 0.1293
43/101
train r2: 0.9991830838316026, valid r2: 0.9941057407822081, test r2: 0.9920977599801442
Training Results:
r2: 0.9992
rmse: 0.0551
mae: 0.0409
Validation Results:
r2: 0.9941
rmse: 0.1512
mae: 0.0915
Test Results:
r2: 0.9921
rmse: 0.1685
mae: 0.0954
44/101
train r2: 0.9994005062853496, valid r2: 0.9945294579961027, test r2: 0.992210506269798
Training Results:
r2: 0.9994
rmse: 0.0472
mae: 0.0355
Validation Results:
r2: 0.9945
rmse: 0.1457
mae: 0.0879
Test Results:
r2: 0.9922
rmse: 0.1673
mae: 0.0926
45/101
train r2: 0.9994238821709748, valid r2: 0.9943423696848382, test r2: 0.99174449741545
Training Results:
r2: 0.9994
rmse: 0.0462
mae: 0.0362
Validation Results:
r2: 0.9943
rmse: 0.1482
mae: 0.0875
Test Results:
r2: 0.9917
rmse: 0.1722
mae: 0.0912
46/101
train r2: 0.9992327380657127, valid r2: 0.9939736121299618, test r2: 0.9912621441058475
Training Results:
r2: 0.9992
rmse: 0.0534
mae: 0.0400
Validation Results:
r2: 0.9940
rmse: 0.1529
mae: 0.0923
Test Results:
r2: 0.9913
rmse: 0.1772
mae: 0.0963
47/101
train r2: 0.9992777736418911, valid r2: 0.9945681913801512, test r2: 0.9923640460687108
Training Results:
r2: 0.9993
rmse: 0.0518
mae: 0.0400
Validation Results:
r2: 0.9946
rmse: 0.1452
mae: 0.0902
Test Results:
r2: 0.9924
rmse: 0.1656
mae: 0.0959
48/101
train r2: 0.9994548991300397, valid r2: 0.9948363400215221, test r2: 0.9926760763538615
Training Results:
r2: 0.9995
rmse: 0.0450
mae: 0.0342
Validation Results:
r2: 0.9948
rmse: 0.1416
mae: 0.0858
Test Results:
r2: 0.9927
rmse: 0.1622
mae: 0.0898
49/101
train r2: 0.9994922695706231, valid r2: 0.9946801250002151, test r2: 0.9926961395400725
Training Results:
r2: 0.9995
rmse: 0.0434
mae: 0.0323
Validation Results:
r2: 0.9947
rmse: 0.1437
mae: 0.0848
Test Results:
r2: 0.9927
rmse: 0.1620
mae: 0.0893
50/101
train r2: 0.9991027076836742, valid r2: 0.9943351897172865, test r2: 0.9916326631281017
Training Results:
r2: 0.9991
rmse: 0.0577
mae: 0.0442
Validation Results:
r2: 0.9943
rmse: 0.1483
mae: 0.0931
Test Results:
r2: 0.9916
rmse: 0.1734
mae: 0.0939
51/101
train r2: 0.9993059086897494, valid r2: 0.9941863707278722, test r2: 0.991604209697772
Training Results:
r2: 0.9993
rmse: 0.0507
mae: 0.0378
Validation Results:
r2: 0.9942
rmse: 0.1502
mae: 0.0895
Test Results:
r2: 0.9916
rmse: 0.1737
mae: 0.0912
52/101
train r2: 0.9994436317418307, valid r2: 0.9949378207601818, test r2: 0.9919064516521768
Training Results:
r2: 0.9994
rmse: 0.0454
mae: 0.0333
Validation Results:
r2: 0.9949
rmse: 0.1402
mae: 0.0844
Test Results:
r2: 0.9919
rmse: 0.1705
mae: 0.0924
53/101
train r2: 0.9995248986615051, valid r2: 0.9945930967906357, test r2: 0.992012201123019
Training Results:
r2: 0.9995
rmse: 0.0420
mae: 0.0321
Validation Results:
r2: 0.9946
rmse: 0.1448
mae: 0.0837
Test Results:
r2: 0.9920
rmse: 0.1694
mae: 0.0875
54/101
train r2: 0.9991370819542287, valid r2: 0.99460243651365, test r2: 0.9923425375847668
Training Results:
r2: 0.9991
rmse: 0.0566
mae: 0.0465
Validation Results:
r2: 0.9946
rmse: 0.1447
mae: 0.0902
Test Results:
r2: 0.9923
rmse: 0.1659
mae: 0.0950
55/101
train r2: 0.9996993192386789, valid r2: 0.9949476699532865, test r2: 0.9921209915706835
Training Results:
r2: 0.9997
rmse: 0.0334
mae: 0.0255
Validation Results:
r2: 0.9949
rmse: 0.1400
mae: 0.0818
Test Results:
r2: 0.9921
rmse: 0.1682
mae: 0.0864
56/101
train r2: 0.999608721354787, valid r2: 0.995082152623681, test r2: 0.9923308775726621
Training Results:
r2: 0.9996
rmse: 0.0381
mae: 0.0304
Validation Results:
r2: 0.9951
rmse: 0.1381
mae: 0.0817
Test Results:
r2: 0.9923
rmse: 0.1660
mae: 0.0860
57/101
train r2: 0.9997069932703754, valid r2: 0.9948666385845545, test r2: 0.9925230767405928
Training Results:
r2: 0.9997
rmse: 0.0330
mae: 0.0248
Validation Results:
r2: 0.9949
rmse: 0.1411
mae: 0.0826
Test Results:
r2: 0.9925
rmse: 0.1639
mae: 0.0863
58/101
train r2: 0.9989469881889423, valid r2: 0.9946558070157654, test r2: 0.9918894637200275
Training Results:
r2: 0.9989
rmse: 0.0625
mae: 0.0507
Validation Results:
r2: 0.9947
rmse: 0.1440
mae: 0.0940
Test Results:
r2: 0.9919
rmse: 0.1707
mae: 0.0992
59/101
train r2: 0.9996628052845001, valid r2: 0.9950821566068407, test r2: 0.9925587908177426
Training Results:
r2: 0.9997
rmse: 0.0354
mae: 0.0257
Validation Results:
r2: 0.9951
rmse: 0.1381
mae: 0.0812
Test Results:
r2: 0.9926
rmse: 0.1635
mae: 0.0857
60/101
train r2: 0.9996982826026559, valid r2: 0.9949489887595322, test r2: 0.9918743909576315
Training Results:
r2: 0.9997
rmse: 0.0335
mae: 0.0254
Validation Results:
r2: 0.9949
rmse: 0.1400
mae: 0.0821
Test Results:
r2: 0.9919
rmse: 0.1709
mae: 0.0879
61/101
train r2: 0.9996712680376927, valid r2: 0.995565282372642, test r2: 0.9931372642814268
Training Results:
r2: 0.9997
rmse: 0.0349
mae: 0.0258
Validation Results:
r2: 0.9956
rmse: 0.1312
mae: 0.0789
Test Results:
r2: 0.9931
rmse: 0.1570
mae: 0.0839
62/101
train r2: 0.999701885048868, valid r2: 0.9948814312942021, test r2: 0.9916840167470385
Training Results:
r2: 0.9997
rmse: 0.0332
mae: 0.0256
Validation Results:
r2: 0.9949
rmse: 0.1409
mae: 0.0821
Test Results:
r2: 0.9917
rmse: 0.1728
mae: 0.0866
63/101
train r2: 0.9996326104522328, valid r2: 0.9946814364371234, test r2: 0.9916553080101905
Training Results:
r2: 0.9996
rmse: 0.0369
mae: 0.0293
Validation Results:
r2: 0.9947
rmse: 0.1437
mae: 0.0836
Test Results:
r2: 0.9917
rmse: 0.1731
mae: 0.0904
64/101
train r2: 0.9996533702508442, valid r2: 0.9948254780594058, test r2: 0.9920928481988978
Training Results:
r2: 0.9997
rmse: 0.0359
mae: 0.0279
Validation Results:
r2: 0.9948
rmse: 0.1417
mae: 0.0843
Test Results:
r2: 0.9921
rmse: 0.1685
mae: 0.0893
65/101
train r2: 0.9993966727384925, valid r2: 0.9951997373125325, test r2: 0.9923513489312231
Training Results:
r2: 0.9994
rmse: 0.0473
mae: 0.0346
Validation Results:
r2: 0.9952
rmse: 0.1365
mae: 0.0837
Test Results:
r2: 0.9924
rmse: 0.1658
mae: 0.0879
66/101
train r2: 0.9997167366155485, valid r2: 0.9950941729371989, test r2: 0.9930378928343058
Training Results:
r2: 0.9997
rmse: 0.0324
mae: 0.0243
Validation Results:
r2: 0.9951
rmse: 0.1380
mae: 0.0808
Test Results:
r2: 0.9930
rmse: 0.1582
mae: 0.0853
67/101
train r2: 0.9997080804961829, valid r2: 0.9946597802668385, test r2: 0.9920641971862215
Training Results:
r2: 0.9997
rmse: 0.0329
mae: 0.0254
Validation Results:
r2: 0.9947
rmse: 0.1440
mae: 0.0817
Test Results:
r2: 0.9921
rmse: 0.1689
mae: 0.0868
68/101
train r2: 0.9997514041675749, valid r2: 0.9949423160295501, test r2: 0.9923513682460192
Training Results:
r2: 0.9998
rmse: 0.0304
mae: 0.0231
Validation Results:
r2: 0.9949
rmse: 0.1401
mae: 0.0811
Test Results:
r2: 0.9924
rmse: 0.1658
mae: 0.0860
69/101
train r2: 0.9998348522557978, valid r2: 0.9951438822230695, test r2: 0.9925496919479847
Training Results:
r2: 0.9998
rmse: 0.0248
mae: 0.0187
Validation Results:
r2: 0.9951
rmse: 0.1373
mae: 0.0793
Test Results:
r2: 0.9925
rmse: 0.1636
mae: 0.0845
70/101
train r2: 0.9998456082281321, valid r2: 0.9949889940552533, test r2: 0.992545231415669
Training Results:
r2: 0.9998
rmse: 0.0239
mae: 0.0187
Validation Results:
r2: 0.9950
rmse: 0.1394
mae: 0.0799
Test Results:
r2: 0.9925
rmse: 0.1637
mae: 0.0848
71/101
train r2: 0.9998699281399177, valid r2: 0.9951067104060358, test r2: 0.9923800286339529
Training Results:
r2: 0.9999
rmse: 0.0220
mae: 0.0165
Validation Results:
r2: 0.9951
rmse: 0.1378
mae: 0.0784
Test Results:
r2: 0.9924
rmse: 0.1655
mae: 0.0843
72/101
train r2: 0.9998526760837352, valid r2: 0.9950961758831799, test r2: 0.9921350277935735
Training Results:
r2: 0.9999
rmse: 0.0234
mae: 0.0177
Validation Results:
r2: 0.9951
rmse: 0.1379
mae: 0.0791
Test Results:
r2: 0.9921
rmse: 0.1681
mae: 0.0842
73/101
train r2: 0.9998827026945777, valid r2: 0.9952172205154495, test r2: 0.9922676175337103
Training Results:
r2: 0.9999
rmse: 0.0209
mae: 0.0153
Validation Results:
r2: 0.9952
rmse: 0.1362
mae: 0.0779
Test Results:
r2: 0.9923
rmse: 0.1667
mae: 0.0831
74/101
train r2: 0.9998872212643355, valid r2: 0.9952820497373732, test r2: 0.9927894739209857
Training Results:
r2: 0.9999
rmse: 0.0205
mae: 0.0154
Validation Results:
r2: 0.9953
rmse: 0.1353
mae: 0.0773
Test Results:
r2: 0.9928
rmse: 0.1609
mae: 0.0815
75/101
train r2: 0.9998650070100692, valid r2: 0.9950680313470308, test r2: 0.9927721815886094
Training Results:
r2: 0.9999
rmse: 0.0224
mae: 0.0174
Validation Results:
r2: 0.9951
rmse: 0.1383
mae: 0.0797
Test Results:
r2: 0.9928
rmse: 0.1611
mae: 0.0831
76/101
train r2: 0.9996112543548287, valid r2: 0.9953167744958569, test r2: 0.9920715633879592
Training Results:
r2: 0.9996
rmse: 0.0380
mae: 0.0302
Validation Results:
r2: 0.9953
rmse: 0.1348
mae: 0.0816
Test Results:
r2: 0.9921
rmse: 0.1688
mae: 0.0887
77/101
train r2: 0.9999096492242618, valid r2: 0.9952218688919247, test r2: 0.9926781838948298
Training Results:
r2: 0.9999
rmse: 0.0183
mae: 0.0134
Validation Results:
r2: 0.9952
rmse: 0.1362
mae: 0.0773
Test Results:
r2: 0.9927
rmse: 0.1622
mae: 0.0825
78/101
train r2: 0.9998791729361622, valid r2: 0.9950807935687589, test r2: 0.992576823246048
Training Results:
r2: 0.9999
rmse: 0.0212
mae: 0.0155
Validation Results:
r2: 0.9951
rmse: 0.1382
mae: 0.0783
Test Results:
r2: 0.9926
rmse: 0.1633
mae: 0.0825
79/101
train r2: 0.9999234623909137, valid r2: 0.9953536193642732, test r2: 0.9926061013949498
Training Results:
r2: 0.9999
rmse: 0.0169
mae: 0.0124
Validation Results:
r2: 0.9954
rmse: 0.1343
mae: 0.0762
Test Results:
r2: 0.9926
rmse: 0.1630
mae: 0.0827
80/101
train r2: 0.999887684671478, valid r2: 0.9950447584438374, test r2: 0.9925423639084897
Training Results:
r2: 0.9999
rmse: 0.0204
mae: 0.0156
Validation Results:
r2: 0.9950
rmse: 0.1387
mae: 0.0781
Test Results:
r2: 0.9925
rmse: 0.1637
mae: 0.0834
81/101
train r2: 0.9999513225007913, valid r2: 0.9952825118844414, test r2: 0.992860440176116
Training Results:
r2: 1.0000
rmse: 0.0134
mae: 0.0101
Validation Results:
r2: 0.9953
rmse: 0.1353
mae: 0.0771
Test Results:
r2: 0.9929
rmse: 0.1602
mae: 0.0822
break!
train: 0.9997, val: 0.9956, test: 0.9931
end_test_result: (0.9922272502073108, 0.16710655391216278, 0.09704246371984482)
args.seed: 2034
use label scaler
use label scaler
use label scaler
model have 90.143705M paramerters in total
train_dataset.mean: tensor([-2.4327]) train_dataset.std: tensor([1.9263])
1/101
train r2: 0.8271968056171918, valid r2: 0.8178096936500703, test r2: 0.8008597340520672
Training Results:
r2: 0.8272
rmse: 0.8004
mae: 0.5936
Validation Results:
r2: 0.8178
rmse: 0.8408
mae: 0.6079
Test Results:
r2: 0.8009
rmse: 0.8458
mae: 0.6128
2/101
train r2: 0.9548734065778128, valid r2: 0.9444239888780708, test r2: 0.9365042696613696
Training Results:
r2: 0.9549
rmse: 0.4092
mae: 0.2971
Validation Results:
r2: 0.9444
rmse: 0.4644
mae: 0.3366
Test Results:
r2: 0.9365
rmse: 0.4776
mae: 0.3427
3/101
train r2: 0.9800772362929069, valid r2: 0.9712899065646995, test r2: 0.9692036283866865
Training Results:
r2: 0.9801
rmse: 0.2719
mae: 0.2040
Validation Results:
r2: 0.9713
rmse: 0.3338
mae: 0.2484
Test Results:
r2: 0.9692
rmse: 0.3326
mae: 0.2469
4/101
train r2: 0.9874519737392812, valid r2: 0.9769208067818111, test r2: 0.9758255819364499
Training Results:
r2: 0.9875
rmse: 0.2158
mae: 0.1631
Validation Results:
r2: 0.9769
rmse: 0.2993
mae: 0.2216
Test Results:
r2: 0.9758
rmse: 0.2947
mae: 0.2136
5/101
train r2: 0.9914865463689222, valid r2: 0.9825880549078194, test r2: 0.9811617031483836
Training Results:
r2: 0.9915
rmse: 0.1777
mae: 0.1368
Validation Results:
r2: 0.9826
rmse: 0.2599
mae: 0.1950
Test Results:
r2: 0.9812
rmse: 0.2602
mae: 0.1887
6/101
train r2: 0.9927353791949071, valid r2: 0.9825129097850892, test r2: 0.9815601737017099
Training Results:
r2: 0.9927
rmse: 0.1642
mae: 0.1290
Validation Results:
r2: 0.9825
rmse: 0.2605
mae: 0.1872
Test Results:
r2: 0.9816
rmse: 0.2574
mae: 0.1852
7/101
train r2: 0.9922174081249316, valid r2: 0.9842893380265108, test r2: 0.9818100280621657
Training Results:
r2: 0.9922
rmse: 0.1699
mae: 0.1373
Validation Results:
r2: 0.9843
rmse: 0.2469
mae: 0.1847
Test Results:
r2: 0.9818
rmse: 0.2556
mae: 0.1847
8/101
train r2: 0.9946162142704447, valid r2: 0.9867149960719097, test r2: 0.9846730123821187
Training Results:
r2: 0.9946
rmse: 0.1413
mae: 0.1079
Validation Results:
r2: 0.9867
rmse: 0.2271
mae: 0.1702
Test Results:
r2: 0.9847
rmse: 0.2347
mae: 0.1660
9/101
train r2: 0.9934391522095866, valid r2: 0.986817266335873, test r2: 0.9862405588599673
Training Results:
r2: 0.9934
rmse: 0.1561
mae: 0.1180
Validation Results:
r2: 0.9868
rmse: 0.2262
mae: 0.1675
Test Results:
r2: 0.9862
rmse: 0.2223
mae: 0.1687
10/101
train r2: 0.9919276601022022, valid r2: 0.9858299993586472, test r2: 0.9833406079727754
Training Results:
r2: 0.9919
rmse: 0.1731
mae: 0.1376
Validation Results:
r2: 0.9858
rmse: 0.2345
mae: 0.1723
Test Results:
r2: 0.9833
rmse: 0.2446
mae: 0.1793
11/101
train r2: 0.995042064128181, valid r2: 0.9897131642425315, test r2: 0.9876704347743378
Training Results:
r2: 0.9950
rmse: 0.1356
mae: 0.1065
Validation Results:
r2: 0.9897
rmse: 0.1998
mae: 0.1467
Test Results:
r2: 0.9877
rmse: 0.2105
mae: 0.1502
12/101
train r2: 0.9960027323654168, valid r2: 0.9896322237785936, test r2: 0.9882676327162663
Training Results:
r2: 0.9960
rmse: 0.1218
mae: 0.0956
Validation Results:
r2: 0.9896
rmse: 0.2006
mae: 0.1439
Test Results:
r2: 0.9883
rmse: 0.2053
mae: 0.1459
13/101
train r2: 0.9944017047479299, valid r2: 0.9884914993892935, test r2: 0.9871335976921745
Training Results:
r2: 0.9944
rmse: 0.1440
mae: 0.1112
Validation Results:
r2: 0.9885
rmse: 0.2113
mae: 0.1551
Test Results:
r2: 0.9871
rmse: 0.2150
mae: 0.1576
14/101
train r2: 0.9974537761770249, valid r2: 0.9912965895686121, test r2: 0.9894047422927903
Training Results:
r2: 0.9975
rmse: 0.0972
mae: 0.0757
Validation Results:
r2: 0.9913
rmse: 0.1838
mae: 0.1262
Test Results:
r2: 0.9894
rmse: 0.1951
mae: 0.1328
15/101
train r2: 0.9973058010999472, valid r2: 0.9907717321807888, test r2: 0.9891917975531526
Training Results:
r2: 0.9973
rmse: 0.1000
mae: 0.0750
Validation Results:
r2: 0.9908
rmse: 0.1892
mae: 0.1282
Test Results:
r2: 0.9892
rmse: 0.1971
mae: 0.1296
16/101
train r2: 0.9956404920485149, valid r2: 0.9882956410382755, test r2: 0.9867092904633424
Training Results:
r2: 0.9956
rmse: 0.1272
mae: 0.0942
Validation Results:
r2: 0.9883
rmse: 0.2131
mae: 0.1398
Test Results:
r2: 0.9867
rmse: 0.2185
mae: 0.1430
17/101
train r2: 0.9971946926014534, valid r2: 0.9905747061700323, test r2: 0.9902822476939652
Training Results:
r2: 0.9972
rmse: 0.1020
mae: 0.0764
Validation Results:
r2: 0.9906
rmse: 0.1912
mae: 0.1258
Test Results:
r2: 0.9903
rmse: 0.1868
mae: 0.1223
18/101
train r2: 0.9967511827069228, valid r2: 0.9897413554184352, test r2: 0.9890232000408476
Training Results:
r2: 0.9968
rmse: 0.1097
mae: 0.0774
Validation Results:
r2: 0.9897
rmse: 0.1995
mae: 0.1276
Test Results:
r2: 0.9890
rmse: 0.1986
mae: 0.1289
19/101
train r2: 0.9950426299140742, valid r2: 0.9879497131669028, test r2: 0.9857313689471446
Training Results:
r2: 0.9950
rmse: 0.1357
mae: 0.1031
Validation Results:
r2: 0.9879
rmse: 0.2162
mae: 0.1501
Test Results:
r2: 0.9857
rmse: 0.2264
mae: 0.1514
20/101
train r2: 0.9971798379711623, valid r2: 0.9915400958362918, test r2: 0.9892845059324246
Training Results:
r2: 0.9972
rmse: 0.1023
mae: 0.0810
Validation Results:
r2: 0.9915
rmse: 0.1812
mae: 0.1246
Test Results:
r2: 0.9893
rmse: 0.1962
mae: 0.1267
21/101
train r2: 0.9980649043529957, valid r2: 0.9926785447341623, test r2: 0.9917528449681914
Training Results:
r2: 0.9981
rmse: 0.0847
mae: 0.0646
Validation Results:
r2: 0.9927
rmse: 0.1686
mae: 0.1138
Test Results:
r2: 0.9918
rmse: 0.1721
mae: 0.1167
22/101
train r2: 0.9975265434399646, valid r2: 0.9924261413694461, test r2: 0.9890797218666861
Training Results:
r2: 0.9975
rmse: 0.0957
mae: 0.0692
Validation Results:
r2: 0.9924
rmse: 0.1714
mae: 0.1157
Test Results:
r2: 0.9891
rmse: 0.1981
mae: 0.1227
23/101
train r2: 0.997678659524283, valid r2: 0.9917914470372629, test r2: 0.9901307803515331
Training Results:
r2: 0.9977
rmse: 0.0928
mae: 0.0683
Validation Results:
r2: 0.9918
rmse: 0.1785
mae: 0.1164
Test Results:
r2: 0.9901
rmse: 0.1883
mae: 0.1187
24/101
train r2: 0.99806086856714, valid r2: 0.9919576853902842, test r2: 0.9904120984177367
Training Results:
r2: 0.9981
rmse: 0.0848
mae: 0.0613
Validation Results:
r2: 0.9920
rmse: 0.1767
mae: 0.1109
Test Results:
r2: 0.9904
rmse: 0.1856
mae: 0.1115
25/101
train r2: 0.9975433237979073, valid r2: 0.9925206473886037, test r2: 0.9905333821623593
Training Results:
r2: 0.9975
rmse: 0.0954
mae: 0.0731
Validation Results:
r2: 0.9925
rmse: 0.1704
mae: 0.1175
Test Results:
r2: 0.9905
rmse: 0.1844
mae: 0.1188
26/101
train r2: 0.9981461325797404, valid r2: 0.9936106717413976, test r2: 0.9915557378876032
Training Results:
r2: 0.9981
rmse: 0.0829
mae: 0.0631
Validation Results:
r2: 0.9936
rmse: 0.1575
mae: 0.1072
Test Results:
r2: 0.9916
rmse: 0.1742
mae: 0.1100
27/101
train r2: 0.9967115676038653, valid r2: 0.9905182090728744, test r2: 0.98940916639249
Training Results:
r2: 0.9967
rmse: 0.1104
mae: 0.0881
Validation Results:
r2: 0.9905
rmse: 0.1918
mae: 0.1272
Test Results:
r2: 0.9894
rmse: 0.1951
mae: 0.1294
28/101
train r2: 0.9989353693548924, valid r2: 0.9931796340718023, test r2: 0.9916608477949556
Training Results:
r2: 0.9989
rmse: 0.0628
mae: 0.0465
Validation Results:
r2: 0.9932
rmse: 0.1627
mae: 0.0993
Test Results:
r2: 0.9917
rmse: 0.1731
mae: 0.1030
29/101
train r2: 0.9985238316862739, valid r2: 0.9930908998871992, test r2: 0.9916895957737122
Training Results:
r2: 0.9985
rmse: 0.0740
mae: 0.0565
Validation Results:
r2: 0.9931
rmse: 0.1637
mae: 0.1056
Test Results:
r2: 0.9917
rmse: 0.1728
mae: 0.1043
30/101
train r2: 0.9981543875009063, valid r2: 0.9928241192687084, test r2: 0.9904183532778328
Training Results:
r2: 0.9982
rmse: 0.0828
mae: 0.0632
Validation Results:
r2: 0.9928
rmse: 0.1669
mae: 0.1090
Test Results:
r2: 0.9904
rmse: 0.1855
mae: 0.1136
31/101
train r2: 0.9986136024824199, valid r2: 0.9930202992847199, test r2: 0.9911943615380492
Training Results:
r2: 0.9986
rmse: 0.0717
mae: 0.0520
Validation Results:
r2: 0.9930
rmse: 0.1646
mae: 0.1017
Test Results:
r2: 0.9912
rmse: 0.1779
mae: 0.1038
32/101
train r2: 0.9982639162868848, valid r2: 0.9921189481077742, test r2: 0.9905770595134255
Training Results:
r2: 0.9983
rmse: 0.0802
mae: 0.0616
Validation Results:
r2: 0.9921
rmse: 0.1749
mae: 0.1088
Test Results:
r2: 0.9906
rmse: 0.1840
mae: 0.1113
33/101
train r2: 0.9980839042264735, valid r2: 0.9925682038072834, test r2: 0.992044047962388
Training Results:
r2: 0.9981
rmse: 0.0843
mae: 0.0656
Validation Results:
r2: 0.9926
rmse: 0.1698
mae: 0.1096
Test Results:
r2: 0.9920
rmse: 0.1691
mae: 0.1087
34/101
train r2: 0.9977866642848232, valid r2: 0.9930149845866588, test r2: 0.9907068127248156
Training Results:
r2: 0.9978
rmse: 0.0906
mae: 0.0730
Validation Results:
r2: 0.9930
rmse: 0.1646
mae: 0.1123
Test Results:
r2: 0.9907
rmse: 0.1827
mae: 0.1152
35/101
train r2: 0.9986036216376863, valid r2: 0.9922862300382167, test r2: 0.9908397701571003
Training Results:
r2: 0.9986
rmse: 0.0720
mae: 0.0546
Validation Results:
r2: 0.9923
rmse: 0.1730
mae: 0.1049
Test Results:
r2: 0.9908
rmse: 0.1814
mae: 0.1104
36/101
train r2: 0.9990750435860266, valid r2: 0.9940008906604988, test r2: 0.9913768215782718
Training Results:
r2: 0.9991
rmse: 0.0586
mae: 0.0450
Validation Results:
r2: 0.9940
rmse: 0.1526
mae: 0.0947
Test Results:
r2: 0.9914
rmse: 0.1760
mae: 0.0988
37/101
train r2: 0.9989605068364286, valid r2: 0.9933820882420641, test r2: 0.9917121666410246
Training Results:
r2: 0.9990
rmse: 0.0621
mae: 0.0455
Validation Results:
r2: 0.9934
rmse: 0.1603
mae: 0.0954
Test Results:
r2: 0.9917
rmse: 0.1726
mae: 0.0981
38/101
train r2: 0.9989371120958425, valid r2: 0.9935689341863889, test r2: 0.9908480384515941
Training Results:
r2: 0.9989
rmse: 0.0628
mae: 0.0480
Validation Results:
r2: 0.9936
rmse: 0.1580
mae: 0.0989
Test Results:
r2: 0.9908
rmse: 0.1813
mae: 0.1022
39/101
train r2: 0.9990376051591411, valid r2: 0.9943648888614272, test r2: 0.9918761733670859
Training Results:
r2: 0.9990
rmse: 0.0598
mae: 0.0448
Validation Results:
r2: 0.9944
rmse: 0.1479
mae: 0.0942
Test Results:
r2: 0.9919
rmse: 0.1708
mae: 0.0973
40/101
train r2: 0.9989620274039905, valid r2: 0.9948789837309576, test r2: 0.9934021249095482
Training Results:
r2: 0.9990
rmse: 0.0621
mae: 0.0460
Validation Results:
r2: 0.9949
rmse: 0.1410
mae: 0.0892
Test Results:
r2: 0.9934
rmse: 0.1540
mae: 0.0924
41/101
train r2: 0.9991706354026616, valid r2: 0.9930710903168846, test r2: 0.9913313247816311
Training Results:
r2: 0.9992
rmse: 0.0555
mae: 0.0397
Validation Results:
r2: 0.9931
rmse: 0.1640
mae: 0.0961
Test Results:
r2: 0.9913
rmse: 0.1765
mae: 0.0982
42/101
train r2: 0.9986599393694215, valid r2: 0.9931326439771447, test r2: 0.9909422652656612
Training Results:
r2: 0.9987
rmse: 0.0705
mae: 0.0540
Validation Results:
r2: 0.9931
rmse: 0.1632
mae: 0.1027
Test Results:
r2: 0.9909
rmse: 0.1804
mae: 0.1047
43/101
train r2: 0.9991770449380118, valid r2: 0.9938889753942952, test r2: 0.9919478208382675
Training Results:
r2: 0.9992
rmse: 0.0553
mae: 0.0416
Validation Results:
r2: 0.9939
rmse: 0.1540
mae: 0.0936
Test Results:
r2: 0.9919
rmse: 0.1701
mae: 0.0972
44/101
train r2: 0.9990616627234488, valid r2: 0.9940117927883488, test r2: 0.9916562958317455
Training Results:
r2: 0.9991
rmse: 0.0590
mae: 0.0448
Validation Results:
r2: 0.9940
rmse: 0.1524
mae: 0.0937
Test Results:
r2: 0.9917
rmse: 0.1731
mae: 0.0985
45/101
train r2: 0.9988837531263346, valid r2: 0.9941783583806194, test r2: 0.9923071277113317
Training Results:
r2: 0.9989
rmse: 0.0644
mae: 0.0522
Validation Results:
r2: 0.9942
rmse: 0.1503
mae: 0.0958
Test Results:
r2: 0.9923
rmse: 0.1662
mae: 0.0971
46/101
train r2: 0.9993462768397744, valid r2: 0.9948666828654814, test r2: 0.9924679060032047
Training Results:
r2: 0.9993
rmse: 0.0493
mae: 0.0371
Validation Results:
r2: 0.9949
rmse: 0.1411
mae: 0.0862
Test Results:
r2: 0.9925
rmse: 0.1645
mae: 0.0925
47/101
train r2: 0.9994989511964781, valid r2: 0.9943391282372113, test r2: 0.9930948262175734
Training Results:
r2: 0.9995
rmse: 0.0431
mae: 0.0335
Validation Results:
r2: 0.9943
rmse: 0.1482
mae: 0.0880
Test Results:
r2: 0.9931
rmse: 0.1575
mae: 0.0898
48/101
train r2: 0.9995563337532902, valid r2: 0.9946302085921533, test r2: 0.9916482602619364
Training Results:
r2: 0.9996
rmse: 0.0406
mae: 0.0310
Validation Results:
r2: 0.9946
rmse: 0.1444
mae: 0.0855
Test Results:
r2: 0.9916
rmse: 0.1732
mae: 0.0894
49/101
train r2: 0.9988216404923501, valid r2: 0.9943249666020987, test r2: 0.9918839420825682
Training Results:
r2: 0.9988
rmse: 0.0661
mae: 0.0554
Validation Results:
r2: 0.9943
rmse: 0.1484
mae: 0.0968
Test Results:
r2: 0.9919
rmse: 0.1708
mae: 0.1012
50/101
train r2: 0.9992454695565604, valid r2: 0.9943538557060306, test r2: 0.9921836100712604
Training Results:
r2: 0.9992
rmse: 0.0529
mae: 0.0411
Validation Results:
r2: 0.9944
rmse: 0.1480
mae: 0.0907
Test Results:
r2: 0.9922
rmse: 0.1676
mae: 0.0969
51/101
train r2: 0.9987775705601426, valid r2: 0.9945065143739833, test r2: 0.9911818099513707
Training Results:
r2: 0.9988
rmse: 0.0674
mae: 0.0537
Validation Results:
r2: 0.9945
rmse: 0.1460
mae: 0.0945
Test Results:
r2: 0.9912
rmse: 0.1780
mae: 0.1027
52/101
train r2: 0.9990700808083949, valid r2: 0.993945907380188, test r2: 0.9920032618899775
Training Results:
r2: 0.9991
rmse: 0.0587
mae: 0.0451
Validation Results:
r2: 0.9939
rmse: 0.1533
mae: 0.0931
Test Results:
r2: 0.9920
rmse: 0.1695
mae: 0.0946
53/101
train r2: 0.9992525003881659, valid r2: 0.9939842418792251, test r2: 0.9910843261432688
Training Results:
r2: 0.9993
rmse: 0.0527
mae: 0.0399
Validation Results:
r2: 0.9940
rmse: 0.1528
mae: 0.0942
Test Results:
r2: 0.9911
rmse: 0.1790
mae: 0.0958
54/101
train r2: 0.9995562467449651, valid r2: 0.9949109496421735, test r2: 0.9923117485446572
Training Results:
r2: 0.9996
rmse: 0.0406
mae: 0.0303
Validation Results:
r2: 0.9949
rmse: 0.1405
mae: 0.0837
Test Results:
r2: 0.9923
rmse: 0.1662
mae: 0.0895
55/101
train r2: 0.999662524868407, valid r2: 0.9950853843885192, test r2: 0.9921431176431375
Training Results:
r2: 0.9997
rmse: 0.0354
mae: 0.0267
Validation Results:
r2: 0.9951
rmse: 0.1381
mae: 0.0823
Test Results:
r2: 0.9921
rmse: 0.1680
mae: 0.0875
56/101
train r2: 0.9993974751845951, valid r2: 0.9947206238873111, test r2: 0.9924658491404559
Training Results:
r2: 0.9994
rmse: 0.0473
mae: 0.0358
Validation Results:
r2: 0.9947
rmse: 0.1431
mae: 0.0872
Test Results:
r2: 0.9925
rmse: 0.1645
mae: 0.0911
57/101
train r2: 0.9995706292049057, valid r2: 0.9946287322255761, test r2: 0.9916386099272266
Training Results:
r2: 0.9996
rmse: 0.0399
mae: 0.0296
Validation Results:
r2: 0.9946
rmse: 0.1444
mae: 0.0834
Test Results:
r2: 0.9916
rmse: 0.1733
mae: 0.0891
58/101
train r2: 0.99956802470907, valid r2: 0.9946895681392375, test r2: 0.9927016759083039
Training Results:
r2: 0.9996
rmse: 0.0400
mae: 0.0302
Validation Results:
r2: 0.9947
rmse: 0.1436
mae: 0.0845
Test Results:
r2: 0.9927
rmse: 0.1619
mae: 0.0883
59/101
train r2: 0.9996095857860762, valid r2: 0.994781532135678, test r2: 0.9928044768745967
Training Results:
r2: 0.9996
rmse: 0.0381
mae: 0.0292
Validation Results:
r2: 0.9948
rmse: 0.1423
mae: 0.0839
Test Results:
r2: 0.9928
rmse: 0.1608
mae: 0.0887
60/101
train r2: 0.9996224239401721, valid r2: 0.9944614423954263, test r2: 0.9917115277469398
Training Results:
r2: 0.9996
rmse: 0.0374
mae: 0.0280
Validation Results:
r2: 0.9945
rmse: 0.1466
mae: 0.0854
Test Results:
r2: 0.9917
rmse: 0.1726
mae: 0.0900
61/101
train r2: 0.9996334354360767, valid r2: 0.9943122006421428, test r2: 0.9924985310723455
Training Results:
r2: 0.9996
rmse: 0.0369
mae: 0.0262
Validation Results:
r2: 0.9943
rmse: 0.1486
mae: 0.0836
Test Results:
r2: 0.9925
rmse: 0.1642
mae: 0.0873
62/101
train r2: 0.9995176548611899, valid r2: 0.994466913852706, test r2: 0.9918390063919064
Training Results:
r2: 0.9995
rmse: 0.0423
mae: 0.0324
Validation Results:
r2: 0.9945
rmse: 0.1465
mae: 0.0858
Test Results:
r2: 0.9918
rmse: 0.1712
mae: 0.0914
63/101
train r2: 0.9997269980347159, valid r2: 0.9948238877219832, test r2: 0.9927720470062431
Training Results:
r2: 0.9997
rmse: 0.0318
mae: 0.0253
Validation Results:
r2: 0.9948
rmse: 0.1417
mae: 0.0813
Test Results:
r2: 0.9928
rmse: 0.1611
mae: 0.0858
64/101
train r2: 0.9997954332250861, valid r2: 0.9949106859135617, test r2: 0.9926417656704885
Training Results:
r2: 0.9998
rmse: 0.0275
mae: 0.0209
Validation Results:
r2: 0.9949
rmse: 0.1405
mae: 0.0816
Test Results:
r2: 0.9926
rmse: 0.1626
mae: 0.0863
65/101
train r2: 0.9997797000008071, valid r2: 0.9946805733132252, test r2: 0.9923716815424405
Training Results:
r2: 0.9998
rmse: 0.0286
mae: 0.0217
Validation Results:
r2: 0.9947
rmse: 0.1437
mae: 0.0825
Test Results:
r2: 0.9924
rmse: 0.1655
mae: 0.0844
66/101
train r2: 0.9997103692620268, valid r2: 0.9946759590008436, test r2: 0.9919310315989966
Training Results:
r2: 0.9997
rmse: 0.0328
mae: 0.0251
Validation Results:
r2: 0.9947
rmse: 0.1437
mae: 0.0842
Test Results:
r2: 0.9919
rmse: 0.1703
mae: 0.0871
67/101
train r2: 0.9997779321245953, valid r2: 0.9948826004340063, test r2: 0.9923816059054714
Training Results:
r2: 0.9998
rmse: 0.0287
mae: 0.0216
Validation Results:
r2: 0.9949
rmse: 0.1409
mae: 0.0819
Test Results:
r2: 0.9924
rmse: 0.1654
mae: 0.0857
68/101
train r2: 0.9998030754756148, valid r2: 0.9952072046542099, test r2: 0.9925982141310515
Training Results:
r2: 0.9998
rmse: 0.0270
mae: 0.0198
Validation Results:
r2: 0.9952
rmse: 0.1364
mae: 0.0789
Test Results:
r2: 0.9926
rmse: 0.1631
mae: 0.0844
69/101
train r2: 0.999801496966505, valid r2: 0.994568127702498, test r2: 0.9926514425662094
Training Results:
r2: 0.9998
rmse: 0.0271
mae: 0.0195
Validation Results:
r2: 0.9946
rmse: 0.1452
mae: 0.0817
Test Results:
r2: 0.9927
rmse: 0.1625
mae: 0.0855
70/101
train r2: 0.9997769143917113, valid r2: 0.9950529593052804, test r2: 0.9926530977504221
Training Results:
r2: 0.9998
rmse: 0.0288
mae: 0.0223
Validation Results:
r2: 0.9951
rmse: 0.1386
mae: 0.0803
Test Results:
r2: 0.9927
rmse: 0.1625
mae: 0.0845
71/101
train r2: 0.9998275724194847, valid r2: 0.9947718834420012, test r2: 0.9923498989972228
Training Results:
r2: 0.9998
rmse: 0.0253
mae: 0.0192
Validation Results:
r2: 0.9948
rmse: 0.1424
mae: 0.0802
Test Results:
r2: 0.9923
rmse: 0.1658
mae: 0.0839
72/101
train r2: 0.9997676188900584, valid r2: 0.9949290994501807, test r2: 0.9925121160297614
Training Results:
r2: 0.9998
rmse: 0.0293
mae: 0.0224
Validation Results:
r2: 0.9949
rmse: 0.1403
mae: 0.0809
Test Results:
r2: 0.9925
rmse: 0.1640
mae: 0.0862
73/101
train r2: 0.9998428495555922, valid r2: 0.9949983511842972, test r2: 0.9926854480295852
Training Results:
r2: 0.9998
rmse: 0.0241
mae: 0.0175
Validation Results:
r2: 0.9950
rmse: 0.1393
mae: 0.0785
Test Results:
r2: 0.9927
rmse: 0.1621
mae: 0.0840
74/101
train r2: 0.9998310066678826, valid r2: 0.9950822904038381, test r2: 0.9927492272143219
Training Results:
r2: 0.9998
rmse: 0.0250
mae: 0.0186
Validation Results:
r2: 0.9951
rmse: 0.1381
mae: 0.0795
Test Results:
r2: 0.9927
rmse: 0.1614
mae: 0.0850
75/101
train r2: 0.9998879291962285, valid r2: 0.9952767695792779, test r2: 0.9930848778520204
Training Results:
r2: 0.9999
rmse: 0.0204
mae: 0.0154
Validation Results:
r2: 0.9953
rmse: 0.1354
mae: 0.0781
Test Results:
r2: 0.9931
rmse: 0.1576
mae: 0.0821
76/101
train r2: 0.9999028700037366, valid r2: 0.9950035657132894, test r2: 0.992572209066231
Training Results:
r2: 0.9999
rmse: 0.0190
mae: 0.0139
Validation Results:
r2: 0.9950
rmse: 0.1392
mae: 0.0791
Test Results:
r2: 0.9926
rmse: 0.1634
mae: 0.0840
77/101
train r2: 0.9997336982306881, valid r2: 0.9952745798739857, test r2: 0.9926261156745803
Training Results:
r2: 0.9997
rmse: 0.0314
mae: 0.0244
Validation Results:
r2: 0.9953
rmse: 0.1354
mae: 0.0802
Test Results:
r2: 0.9926
rmse: 0.1628
mae: 0.0849
78/101
train r2: 0.9999327854524607, valid r2: 0.9952124612692156, test r2: 0.9929021140461353
Training Results:
r2: 0.9999
rmse: 0.0158
mae: 0.0117
Validation Results:
r2: 0.9952
rmse: 0.1363
mae: 0.0780
Test Results:
r2: 0.9929
rmse: 0.1597
mae: 0.0818
79/101
train r2: 0.9999135294151774, valid r2: 0.9950893130836173, test r2: 0.9926143418629035
Training Results:
r2: 0.9999
rmse: 0.0179
mae: 0.0132
Validation Results:
r2: 0.9951
rmse: 0.1380
mae: 0.0784
Test Results:
r2: 0.9926
rmse: 0.1629
mae: 0.0824
80/101
train r2: 0.9999251001946705, valid r2: 0.9950831271626952, test r2: 0.9925870748064873
Training Results:
r2: 0.9999
rmse: 0.0167
mae: 0.0127
Validation Results:
r2: 0.9951
rmse: 0.1381
mae: 0.0793
Test Results:
r2: 0.9926
rmse: 0.1632
mae: 0.0832
81/101
train r2: 0.9999268969693595, valid r2: 0.9951253666505065, test r2: 0.9926904387353453
Training Results:
r2: 0.9999
rmse: 0.0165
mae: 0.0119
Validation Results:
r2: 0.9951
rmse: 0.1375
mae: 0.0783
Test Results:
r2: 0.9927
rmse: 0.1621
mae: 0.0825
82/101
train r2: 0.9999353227733458, valid r2: 0.9951195964811502, test r2: 0.992543000661215
Training Results:
r2: 0.9999
rmse: 0.0155
mae: 0.0118
Validation Results:
r2: 0.9951
rmse: 0.1376
mae: 0.0782
Test Results:
r2: 0.9925
rmse: 0.1637
mae: 0.0839
83/101
train r2: 0.9999468807405357, valid r2: 0.9951035809511244, test r2: 0.9925730766309246
Training Results:
r2: 0.9999
rmse: 0.0140
mae: 0.0103
Validation Results:
r2: 0.9951
rmse: 0.1378
mae: 0.0777
Test Results:
r2: 0.9926
rmse: 0.1633
mae: 0.0819
84/101
train r2: 0.9999647650176336, valid r2: 0.9951562804376816, test r2: 0.9927357720183475
Training Results:
r2: 1.0000
rmse: 0.0114
mae: 0.0086
Validation Results:
r2: 0.9952
rmse: 0.1371
mae: 0.0774
Test Results:
r2: 0.9927
rmse: 0.1615
mae: 0.0820
85/101
train r2: 0.999931358357796, valid r2: 0.995028748609164, test r2: 0.9926679821015492
Training Results:
r2: 0.9999
rmse: 0.0160
mae: 0.0126
Validation Results:
r2: 0.9950
rmse: 0.1389
mae: 0.0782
Test Results:
r2: 0.9927
rmse: 0.1623
mae: 0.0818
86/101
train r2: 0.9998653893282579, valid r2: 0.9952609215644281, test r2: 0.9930253608295574
Training Results:
r2: 0.9999
rmse: 0.0224
mae: 0.0180
Validation Results:
r2: 0.9953
rmse: 0.1356
mae: 0.0788
Test Results:
r2: 0.9930
rmse: 0.1583
mae: 0.0829
87/101
train r2: 0.9999689328248165, valid r2: 0.9950580859545813, test r2: 0.9925533452564217
Training Results:
r2: 1.0000
rmse: 0.0107
mae: 0.0082
Validation Results:
r2: 0.9951
rmse: 0.1385
mae: 0.0774
Test Results:
r2: 0.9926
rmse: 0.1636
mae: 0.0821
88/101
train r2: 0.9999691134117317, valid r2: 0.9950003639187537, test r2: 0.9925876033275324
Training Results:
r2: 1.0000
rmse: 0.0107
mae: 0.0081
Validation Results:
r2: 0.9950
rmse: 0.1393
mae: 0.0778
Test Results:
r2: 0.9926
rmse: 0.1632
mae: 0.0824
89/101
train r2: 0.999986610616676, valid r2: 0.9951565351336542, test r2: 0.9927381663227991
Training Results:
r2: 1.0000
rmse: 0.0070
mae: 0.0053
Validation Results:
r2: 0.9952
rmse: 0.1371
mae: 0.0771
Test Results:
r2: 0.9927
rmse: 0.1615
mae: 0.0818
90/101
train r2: 0.9999794344717139, valid r2: 0.9952071717888451, test r2: 0.9928171841833546
Training Results:
r2: 1.0000
rmse: 0.0087
mae: 0.0070
Validation Results:
r2: 0.9952
rmse: 0.1364
mae: 0.0771
Test Results:
r2: 0.9928
rmse: 0.1606
mae: 0.0818
91/101
train r2: 0.99999022699083, valid r2: 0.9951090749398743, test r2: 0.9927515320535876
Training Results:
r2: 1.0000
rmse: 0.0060
mae: 0.0046
Validation Results:
r2: 0.9951
rmse: 0.1378
mae: 0.0775
Test Results:
r2: 0.9928
rmse: 0.1614
mae: 0.0821
92/101
train r2: 0.9999893257363284, valid r2: 0.9952580868622666, test r2: 0.9928761114299278
Training Results:
r2: 1.0000
rmse: 0.0063
mae: 0.0047
Validation Results:
r2: 0.9953
rmse: 0.1357
mae: 0.0765
Test Results:
r2: 0.9929
rmse: 0.1600
mae: 0.0813
93/101
train r2: 0.9999940227127988, valid r2: 0.9951762222724853, test r2: 0.9927667706470932
Training Results:
r2: 1.0000
rmse: 0.0047
mae: 0.0036
Validation Results:
r2: 0.9952
rmse: 0.1368
mae: 0.0770
Test Results:
r2: 0.9928
rmse: 0.1612
mae: 0.0817
94/101
train r2: 0.9999956418290427, valid r2: 0.9951991610370133, test r2: 0.992781152420937
Training Results:
r2: 1.0000
rmse: 0.0040
mae: 0.0031
Validation Results:
r2: 0.9952
rmse: 0.1365
mae: 0.0768
Test Results:
r2: 0.9928
rmse: 0.1610
mae: 0.0814
95/101
train r2: 0.9999975508367435, valid r2: 0.9952189867617603, test r2: 0.9927994812306009
Training Results:
r2: 1.0000
rmse: 0.0030
mae: 0.0023
Validation Results:
r2: 0.9952
rmse: 0.1362
mae: 0.0768
Test Results:
r2: 0.9928
rmse: 0.1608
mae: 0.0816
break!
train: 0.9999, val: 0.9953, test: 0.9931
end_test_result: (0.9934018469532818, 0.1539633423089981, 0.0924382135272026)
args.seed: 2044
use label scaler
use label scaler
use label scaler
model have 90.143705M paramerters in total
train_dataset.mean: tensor([-2.4327]) train_dataset.std: tensor([1.9263])
1/101
train r2: 0.8377443362503894, valid r2: 0.8216001301976327, test r2: 0.8110664901260135
Training Results:
r2: 0.8377
rmse: 0.7759
mae: 0.5836
Validation Results:
r2: 0.8216
rmse: 0.8320
mae: 0.6224
Test Results:
r2: 0.8111
rmse: 0.8239
mae: 0.6123
2/101
train r2: 0.9556574490969018, valid r2: 0.9428296526555493, test r2: 0.9323515223647146
Training Results:
r2: 0.9557
rmse: 0.4052
mae: 0.2978
Validation Results:
r2: 0.9428
rmse: 0.4710
mae: 0.3441
Test Results:
r2: 0.9324
rmse: 0.4930
mae: 0.3488
3/101
train r2: 0.9785399117048741, valid r2: 0.966103478739516, test r2: 0.9638139772369463
Training Results:
r2: 0.9785
rmse: 0.2822
mae: 0.2149
Validation Results:
r2: 0.9661
rmse: 0.3627
mae: 0.2697
Test Results:
r2: 0.9638
rmse: 0.3606
mae: 0.2657
4/101
train r2: 0.9894808698288173, valid r2: 0.9768154387969358, test r2: 0.9760525100218448
Training Results:
r2: 0.9895
rmse: 0.1976
mae: 0.1506
Validation Results:
r2: 0.9768
rmse: 0.2999
mae: 0.2146
Test Results:
r2: 0.9761
rmse: 0.2933
mae: 0.2073
5/101
train r2: 0.9915562281035996, valid r2: 0.9794666433075548, test r2: 0.9788049290106119
Training Results:
r2: 0.9916
rmse: 0.1770
mae: 0.1396
Validation Results:
r2: 0.9795
rmse: 0.2823
mae: 0.2046
Test Results:
r2: 0.9788
rmse: 0.2759
mae: 0.2011
6/101
train r2: 0.9923276328256065, valid r2: 0.9810764302999202, test r2: 0.9809967499967039
Training Results:
r2: 0.9923
rmse: 0.1687
mae: 0.1326
Validation Results:
r2: 0.9811
rmse: 0.2710
mae: 0.1977
Test Results:
r2: 0.9810
rmse: 0.2613
mae: 0.1934
7/101
train r2: 0.9944613882597375, valid r2: 0.9840696168291303, test r2: 0.9837702967130693
Training Results:
r2: 0.9945
rmse: 0.1434
mae: 0.1148
Validation Results:
r2: 0.9841
rmse: 0.2486
mae: 0.1849
Test Results:
r2: 0.9838
rmse: 0.2415
mae: 0.1764
8/101
train r2: 0.9941505646114309, valid r2: 0.9847491506523699, test r2: 0.9831348487997889
Training Results:
r2: 0.9942
rmse: 0.1473
mae: 0.1138
Validation Results:
r2: 0.9847
rmse: 0.2433
mae: 0.1781
Test Results:
r2: 0.9831
rmse: 0.2462
mae: 0.1788
9/101
train r2: 0.9945348899724754, valid r2: 0.984949232402794, test r2: 0.9841853227154158
Training Results:
r2: 0.9945
rmse: 0.1424
mae: 0.1079
Validation Results:
r2: 0.9849
rmse: 0.2417
mae: 0.1775
Test Results:
r2: 0.9842
rmse: 0.2384
mae: 0.1716
10/101
train r2: 0.9898555489054695, valid r2: 0.9810635105883414, test r2: 0.9801442080099956
Training Results:
r2: 0.9899
rmse: 0.1940
mae: 0.1502
Validation Results:
r2: 0.9811
rmse: 0.2711
mae: 0.1923
Test Results:
r2: 0.9801
rmse: 0.2671
mae: 0.1915
11/101
train r2: 0.9950710656513437, valid r2: 0.9874064787222117, test r2: 0.9870621383932938
Training Results:
r2: 0.9951
rmse: 0.1353
mae: 0.1013
Validation Results:
r2: 0.9874
rmse: 0.2211
mae: 0.1540
Test Results:
r2: 0.9871
rmse: 0.2156
mae: 0.1521
12/101
train r2: 0.9931330578210563, valid r2: 0.9831446797691098, test r2: 0.9824733736527435
Training Results:
r2: 0.9931
rmse: 0.1596
mae: 0.1160
Validation Results:
r2: 0.9831
rmse: 0.2557
mae: 0.1728
Test Results:
r2: 0.9825
rmse: 0.2509
mae: 0.1717
13/101
train r2: 0.9953351292012416, valid r2: 0.9885424412413915, test r2: 0.9872500326644689
Training Results:
r2: 0.9953
rmse: 0.1316
mae: 0.0963
Validation Results:
r2: 0.9885
rmse: 0.2109
mae: 0.1483
Test Results:
r2: 0.9873
rmse: 0.2140
mae: 0.1433
14/101
train r2: 0.997072391375172, valid r2: 0.9906237592978974, test r2: 0.988383221317645
Training Results:
r2: 0.9971
rmse: 0.1043
mae: 0.0765
Validation Results:
r2: 0.9906
rmse: 0.1907
mae: 0.1321
Test Results:
r2: 0.9884
rmse: 0.2043
mae: 0.1338
15/101
train r2: 0.9981259669183198, valid r2: 0.9909349824632527, test r2: 0.9894244109614815
Training Results:
r2: 0.9981
rmse: 0.0834
mae: 0.0634
Validation Results:
r2: 0.9909
rmse: 0.1876
mae: 0.1288
Test Results:
r2: 0.9894
rmse: 0.1949
mae: 0.1272
16/101
train r2: 0.9971692425680321, valid r2: 0.990971928817804, test r2: 0.9893962213449671
Training Results:
r2: 0.9972
rmse: 0.1024
mae: 0.0803
Validation Results:
r2: 0.9910
rmse: 0.1872
mae: 0.1339
Test Results:
r2: 0.9894
rmse: 0.1952
mae: 0.1330
17/101
train r2: 0.996752158232067, valid r2: 0.990527422624534, test r2: 0.9870629553383957
Training Results:
r2: 0.9968
rmse: 0.1098
mae: 0.0825
Validation Results:
r2: 0.9905
rmse: 0.1917
mae: 0.1304
Test Results:
r2: 0.9871
rmse: 0.2156
mae: 0.1427
18/101
train r2: 0.997594523786453, valid r2: 0.9899159050485031, test r2: 0.9890548119092955
Training Results:
r2: 0.9976
rmse: 0.0945
mae: 0.0702
Validation Results:
r2: 0.9899
rmse: 0.1978
mae: 0.1269
Test Results:
r2: 0.9891
rmse: 0.1983
mae: 0.1253
19/101
train r2: 0.9963184564152727, valid r2: 0.9907504281384125, test r2: 0.9894944348549561
Training Results:
r2: 0.9963
rmse: 0.1169
mae: 0.0897
Validation Results:
r2: 0.9908
rmse: 0.1895
mae: 0.1330
Test Results:
r2: 0.9895
rmse: 0.1943
mae: 0.1326
20/101
train r2: 0.9962514485368835, valid r2: 0.988549483168446, test r2: 0.9859075570269208
Training Results:
r2: 0.9963
rmse: 0.1180
mae: 0.0891
Validation Results:
r2: 0.9885
rmse: 0.2108
mae: 0.1391
Test Results:
r2: 0.9859
rmse: 0.2250
mae: 0.1437
21/101
train r2: 0.9922399706820687, valid r2: 0.9849663330419474, test r2: 0.9854456193301978
Training Results:
r2: 0.9922
rmse: 0.1697
mae: 0.1322
Validation Results:
r2: 0.9850
rmse: 0.2415
mae: 0.1701
Test Results:
r2: 0.9854
rmse: 0.2287
mae: 0.1653
22/101
train r2: 0.9981099013169957, valid r2: 0.9929616670952381, test r2: 0.9914852806899965
Training Results:
r2: 0.9981
rmse: 0.0838
mae: 0.0606
Validation Results:
r2: 0.9930
rmse: 0.1653
mae: 0.1097
Test Results:
r2: 0.9915
rmse: 0.1749
mae: 0.1131
23/101
train r2: 0.9968712267386548, valid r2: 0.9918972371984259, test r2: 0.99090108747759
Training Results:
r2: 0.9969
rmse: 0.1078
mae: 0.0810
Validation Results:
r2: 0.9919
rmse: 0.1773
mae: 0.1224
Test Results:
r2: 0.9909
rmse: 0.1808
mae: 0.1228
24/101
train r2: 0.9969715020445037, valid r2: 0.9909058326184318, test r2: 0.9900302965181896
Training Results:
r2: 0.9970
rmse: 0.1060
mae: 0.0857
Validation Results:
r2: 0.9909
rmse: 0.1879
mae: 0.1253
Test Results:
r2: 0.9900
rmse: 0.1893
mae: 0.1235
25/101
train r2: 0.9976519658066173, valid r2: 0.992481155685675, test r2: 0.9903950685293674
Training Results:
r2: 0.9977
rmse: 0.0934
mae: 0.0700
Validation Results:
r2: 0.9925
rmse: 0.1708
mae: 0.1167
Test Results:
r2: 0.9904
rmse: 0.1858
mae: 0.1232
26/101
train r2: 0.9968412835921748, valid r2: 0.9917591742495312, test r2: 0.9895329521713065
Training Results:
r2: 0.9968
rmse: 0.1083
mae: 0.0900
Validation Results:
r2: 0.9918
rmse: 0.1788
mae: 0.1292
Test Results:
r2: 0.9895
rmse: 0.1939
mae: 0.1366
27/101
train r2: 0.9980537611431974, valid r2: 0.9922585956194744, test r2: 0.9911676939967403
Training Results:
r2: 0.9981
rmse: 0.0850
mae: 0.0636
Validation Results:
r2: 0.9923
rmse: 0.1733
mae: 0.1112
Test Results:
r2: 0.9912
rmse: 0.1781
mae: 0.1141
28/101
train r2: 0.99624226526201, valid r2: 0.9883396380559034, test r2: 0.987374215236968
Training Results:
r2: 0.9962
rmse: 0.1181
mae: 0.0887
Validation Results:
r2: 0.9883
rmse: 0.2127
mae: 0.1283
Test Results:
r2: 0.9874
rmse: 0.2130
mae: 0.1303
29/101
train r2: 0.9982604987465481, valid r2: 0.9929449239382295, test r2: 0.9917760540556302
Training Results:
r2: 0.9983
rmse: 0.0803
mae: 0.0599
Validation Results:
r2: 0.9929
rmse: 0.1655
mae: 0.1088
Test Results:
r2: 0.9918
rmse: 0.1719
mae: 0.1107
30/101
train r2: 0.9986674027533577, valid r2: 0.9922476889030344, test r2: 0.990235640078064
Training Results:
r2: 0.9987
rmse: 0.0703
mae: 0.0516
Validation Results:
r2: 0.9922
rmse: 0.1734
mae: 0.1009
Test Results:
r2: 0.9902
rmse: 0.1873
mae: 0.1053
31/101
train r2: 0.9986750004719153, valid r2: 0.9934628292981806, test r2: 0.9914265509912813
Training Results:
r2: 0.9987
rmse: 0.0701
mae: 0.0518
Validation Results:
r2: 0.9935
rmse: 0.1593
mae: 0.1020
Test Results:
r2: 0.9914
rmse: 0.1755
mae: 0.1059
32/101
train r2: 0.9986189821033242, valid r2: 0.9920724426459541, test r2: 0.9902484896964896
Training Results:
r2: 0.9986
rmse: 0.0716
mae: 0.0536
Validation Results:
r2: 0.9921
rmse: 0.1754
mae: 0.1065
Test Results:
r2: 0.9902
rmse: 0.1872
mae: 0.1104
33/101
train r2: 0.9987009590066767, valid r2: 0.9937188907420162, test r2: 0.9915173374844758
Training Results:
r2: 0.9987
rmse: 0.0694
mae: 0.0513
Validation Results:
r2: 0.9937
rmse: 0.1561
mae: 0.0999
Test Results:
r2: 0.9915
rmse: 0.1746
mae: 0.1008
34/101
train r2: 0.9987046374290252, valid r2: 0.9928776182412135, test r2: 0.991424028312923
Training Results:
r2: 0.9987
rmse: 0.0693
mae: 0.0543
Validation Results:
r2: 0.9929
rmse: 0.1662
mae: 0.1042
Test Results:
r2: 0.9914
rmse: 0.1755
mae: 0.1071
35/101
train r2: 0.9990720156109005, valid r2: 0.9931563474976065, test r2: 0.9910539696547704
Training Results:
r2: 0.9991
rmse: 0.0587
mae: 0.0443
Validation Results:
r2: 0.9932
rmse: 0.1630
mae: 0.0971
Test Results:
r2: 0.9911
rmse: 0.1793
mae: 0.1014
36/101
train r2: 0.9990470927564906, valid r2: 0.9934675511049301, test r2: 0.9915409647816837
Training Results:
r2: 0.9990
rmse: 0.0595
mae: 0.0450
Validation Results:
r2: 0.9935
rmse: 0.1592
mae: 0.0981
Test Results:
r2: 0.9915
rmse: 0.1743
mae: 0.1015
37/101
train r2: 0.9984971364622436, valid r2: 0.9926623247497661, test r2: 0.9915154386164939
Training Results:
r2: 0.9985
rmse: 0.0747
mae: 0.0535
Validation Results:
r2: 0.9927
rmse: 0.1687
mae: 0.1044
Test Results:
r2: 0.9915
rmse: 0.1746
mae: 0.1040
38/101
train r2: 0.9985380192148339, valid r2: 0.9929346954786266, test r2: 0.9910745364809929
Training Results:
r2: 0.9985
rmse: 0.0737
mae: 0.0578
Validation Results:
r2: 0.9929
rmse: 0.1656
mae: 0.1041
Test Results:
r2: 0.9911
rmse: 0.1791
mae: 0.1096
39/101
train r2: 0.9989322113084277, valid r2: 0.9939342422768499, test r2: 0.9929044732005569
Training Results:
r2: 0.9989
rmse: 0.0629
mae: 0.0488
Validation Results:
r2: 0.9939
rmse: 0.1534
mae: 0.0989
Test Results:
r2: 0.9929
rmse: 0.1597
mae: 0.0967
40/101
train r2: 0.9985952025486765, valid r2: 0.9930980145299664, test r2: 0.9910948024389455
Training Results:
r2: 0.9986
rmse: 0.0722
mae: 0.0531
Validation Results:
r2: 0.9931
rmse: 0.1637
mae: 0.1024
Test Results:
r2: 0.9911
rmse: 0.1789
mae: 0.1053
41/101
train r2: 0.9994205898166019, valid r2: 0.9939426042560084, test r2: 0.9925389353152171
Training Results:
r2: 0.9994
rmse: 0.0464
mae: 0.0335
Validation Results:
r2: 0.9939
rmse: 0.1533
mae: 0.0892
Test Results:
r2: 0.9925
rmse: 0.1637
mae: 0.0928
42/101
train r2: 0.9989229151105254, valid r2: 0.9939786590493255, test r2: 0.991619630513801
Training Results:
r2: 0.9989
rmse: 0.0632
mae: 0.0498
Validation Results:
r2: 0.9940
rmse: 0.1529
mae: 0.0984
Test Results:
r2: 0.9916
rmse: 0.1735
mae: 0.0997
43/101
train r2: 0.9989209003635907, valid r2: 0.9931067223884004, test r2: 0.9914392085849665
Training Results:
r2: 0.9989
rmse: 0.0633
mae: 0.0485
Validation Results:
r2: 0.9931
rmse: 0.1636
mae: 0.0987
Test Results:
r2: 0.9914
rmse: 0.1754
mae: 0.1050
44/101
train r2: 0.9992711089937152, valid r2: 0.9941897682376181, test r2: 0.9915019934502474
Training Results:
r2: 0.9993
rmse: 0.0520
mae: 0.0390
Validation Results:
r2: 0.9942
rmse: 0.1502
mae: 0.0920
Test Results:
r2: 0.9915
rmse: 0.1747
mae: 0.0945
45/101
train r2: 0.9990047975067194, valid r2: 0.9940717838367703, test r2: 0.9906240260104071
Training Results:
r2: 0.9990
rmse: 0.0607
mae: 0.0448
Validation Results:
r2: 0.9941
rmse: 0.1517
mae: 0.0961
Test Results:
r2: 0.9906
rmse: 0.1835
mae: 0.1019
46/101
train r2: 0.999047501151777, valid r2: 0.9932009058872715, test r2: 0.9904259286870868
Training Results:
r2: 0.9990
rmse: 0.0594
mae: 0.0460
Validation Results:
r2: 0.9932
rmse: 0.1624
mae: 0.0961
Test Results:
r2: 0.9904
rmse: 0.1855
mae: 0.0982
47/101
train r2: 0.9991943424819456, valid r2: 0.993210177377927, test r2: 0.9912936575963537
Training Results:
r2: 0.9992
rmse: 0.0547
mae: 0.0420
Validation Results:
r2: 0.9932
rmse: 0.1623
mae: 0.0961
Test Results:
r2: 0.9913
rmse: 0.1769
mae: 0.1015
48/101
train r2: 0.9994063508038895, valid r2: 0.9942019801203856, test r2: 0.9927364646628996
Training Results:
r2: 0.9994
rmse: 0.0469
mae: 0.0356
Validation Results:
r2: 0.9942
rmse: 0.1500
mae: 0.0890
Test Results:
r2: 0.9927
rmse: 0.1615
mae: 0.0936
49/101
train r2: 0.9995925388717759, valid r2: 0.9945614911736897, test r2: 0.9924392193755867
Training Results:
r2: 0.9996
rmse: 0.0389
mae: 0.0288
Validation Results:
r2: 0.9946
rmse: 0.1453
mae: 0.0846
Test Results:
r2: 0.9924
rmse: 0.1648
mae: 0.0902
50/101
train r2: 0.9995211365130557, valid r2: 0.9940282660357626, test r2: 0.9925550042427627
Training Results:
r2: 0.9995
rmse: 0.0421
mae: 0.0315
Validation Results:
r2: 0.9940
rmse: 0.1522
mae: 0.0880
Test Results:
r2: 0.9926
rmse: 0.1635
mae: 0.0913
51/101
train r2: 0.9994591648635143, valid r2: 0.9941377080438579, test r2: 0.9920758661756174
Training Results:
r2: 0.9995
rmse: 0.0448
mae: 0.0340
Validation Results:
r2: 0.9941
rmse: 0.1508
mae: 0.0898
Test Results:
r2: 0.9921
rmse: 0.1687
mae: 0.0941
52/101
train r2: 0.9993769894184019, valid r2: 0.994045380329781, test r2: 0.9919430813037617
Training Results:
r2: 0.9994
rmse: 0.0481
mae: 0.0363
Validation Results:
r2: 0.9940
rmse: 0.1520
mae: 0.0893
Test Results:
r2: 0.9919
rmse: 0.1701
mae: 0.0915
53/101
train r2: 0.9993309140904222, valid r2: 0.994832856377306, test r2: 0.9920864015746877
Training Results:
r2: 0.9993
rmse: 0.0498
mae: 0.0379
Validation Results:
r2: 0.9948
rmse: 0.1416
mae: 0.0863
Test Results:
r2: 0.9921
rmse: 0.1686
mae: 0.0902
54/101
train r2: 0.999618493484948, valid r2: 0.9945902133899382, test r2: 0.9928428229951773
Training Results:
r2: 0.9996
rmse: 0.0376
mae: 0.0284
Validation Results:
r2: 0.9946
rmse: 0.1449
mae: 0.0852
Test Results:
r2: 0.9928
rmse: 0.1604
mae: 0.0892
55/101
train r2: 0.9994508513411107, valid r2: 0.9942239051624195, test r2: 0.9919036597741387
Training Results:
r2: 0.9995
rmse: 0.0451
mae: 0.0340
Validation Results:
r2: 0.9942
rmse: 0.1497
mae: 0.0882
Test Results:
r2: 0.9919
rmse: 0.1705
mae: 0.0909
56/101
train r2: 0.999098309964025, valid r2: 0.9940812150772002, test r2: 0.9918475228991598
Training Results:
r2: 0.9991
rmse: 0.0579
mae: 0.0451
Validation Results:
r2: 0.9941
rmse: 0.1516
mae: 0.0927
Test Results:
r2: 0.9918
rmse: 0.1711
mae: 0.0948
57/101
train r2: 0.9996208417252334, valid r2: 0.9946862132883278, test r2: 0.993139106536751
Training Results:
r2: 0.9996
rmse: 0.0375
mae: 0.0284
Validation Results:
r2: 0.9947
rmse: 0.1436
mae: 0.0822
Test Results:
r2: 0.9931
rmse: 0.1570
mae: 0.0882
58/101
train r2: 0.9995438062005352, valid r2: 0.9948503863026904, test r2: 0.9930211619750076
Training Results:
r2: 0.9995
rmse: 0.0412
mae: 0.0303
Validation Results:
r2: 0.9949
rmse: 0.1414
mae: 0.0844
Test Results:
r2: 0.9930
rmse: 0.1583
mae: 0.0896
59/101
train r2: 0.9996980754517092, valid r2: 0.9941036358153594, test r2: 0.9927779236781175
Training Results:
r2: 0.9997
rmse: 0.0335
mae: 0.0246
Validation Results:
r2: 0.9941
rmse: 0.1513
mae: 0.0843
Test Results:
r2: 0.9928
rmse: 0.1611
mae: 0.0872
60/101
train r2: 0.9996580905825163, valid r2: 0.9944755417188289, test r2: 0.9922093721431431
Training Results:
r2: 0.9997
rmse: 0.0356
mae: 0.0291
Validation Results:
r2: 0.9945
rmse: 0.1464
mae: 0.0862
Test Results:
r2: 0.9922
rmse: 0.1673
mae: 0.0929
61/101
train r2: 0.9997002707465767, valid r2: 0.9946098592603041, test r2: 0.9929727929107176
Training Results:
r2: 0.9997
rmse: 0.0334
mae: 0.0252
Validation Results:
r2: 0.9946
rmse: 0.1446
mae: 0.0842
Test Results:
r2: 0.9930
rmse: 0.1589
mae: 0.0863
62/101
train r2: 0.9994481076024488, valid r2: 0.9944213600549896, test r2: 0.9929101827574148
Training Results:
r2: 0.9994
rmse: 0.0452
mae: 0.0358
Validation Results:
r2: 0.9944
rmse: 0.1471
mae: 0.0873
Test Results:
r2: 0.9929
rmse: 0.1596
mae: 0.0903
63/101
train r2: 0.9996149904379755, valid r2: 0.9949618819427319, test r2: 0.9930747612041614
Training Results:
r2: 0.9996
rmse: 0.0378
mae: 0.0272
Validation Results:
r2: 0.9950
rmse: 0.1398
mae: 0.0838
Test Results:
r2: 0.9931
rmse: 0.1577
mae: 0.0870
64/101
train r2: 0.9996802448714905, valid r2: 0.9944019344240959, test r2: 0.9921847055626176
Training Results:
r2: 0.9997
rmse: 0.0344
mae: 0.0257
Validation Results:
r2: 0.9944
rmse: 0.1474
mae: 0.0839
Test Results:
r2: 0.9922
rmse: 0.1676
mae: 0.0887
65/101
train r2: 0.9997036678230854, valid r2: 0.9944630050854019, test r2: 0.992466000358384
Training Results:
r2: 0.9997
rmse: 0.0331
mae: 0.0249
Validation Results:
r2: 0.9945
rmse: 0.1466
mae: 0.0841
Test Results:
r2: 0.9925
rmse: 0.1645
mae: 0.0886
66/101
train r2: 0.9997959957587098, valid r2: 0.9944389898271471, test r2: 0.9923568414433404
Training Results:
r2: 0.9998
rmse: 0.0275
mae: 0.0202
Validation Results:
r2: 0.9944
rmse: 0.1469
mae: 0.0823
Test Results:
r2: 0.9924
rmse: 0.1657
mae: 0.0863
67/101
train r2: 0.9998200700497439, valid r2: 0.9945668662990107, test r2: 0.992722347678373
Training Results:
r2: 0.9998
rmse: 0.0258
mae: 0.0194
Validation Results:
r2: 0.9946
rmse: 0.1452
mae: 0.0835
Test Results:
r2: 0.9927
rmse: 0.1617
mae: 0.0861
68/101
train r2: 0.9998182839206763, valid r2: 0.9943906559562998, test r2: 0.9924710266887617
Training Results:
r2: 0.9998
rmse: 0.0260
mae: 0.0196
Validation Results:
r2: 0.9944
rmse: 0.1475
mae: 0.0827
Test Results:
r2: 0.9925
rmse: 0.1645
mae: 0.0857
69/101
train r2: 0.9998779735181991, valid r2: 0.9945419217501615, test r2: 0.9926772468823326
Training Results:
r2: 0.9999
rmse: 0.0213
mae: 0.0159
Validation Results:
r2: 0.9945
rmse: 0.1455
mae: 0.0809
Test Results:
r2: 0.9927
rmse: 0.1622
mae: 0.0856
70/101
train r2: 0.999896376523046, valid r2: 0.9947892460493284, test r2: 0.9927059624660679
Training Results:
r2: 0.9999
rmse: 0.0196
mae: 0.0147
Validation Results:
r2: 0.9948
rmse: 0.1422
mae: 0.0793
Test Results:
r2: 0.9927
rmse: 0.1619
mae: 0.0842
71/101
train r2: 0.9998546823008806, valid r2: 0.9947354527959934, test r2: 0.9926830470435828
Training Results:
r2: 0.9999
rmse: 0.0232
mae: 0.0173
Validation Results:
r2: 0.9947
rmse: 0.1429
mae: 0.0802
Test Results:
r2: 0.9927
rmse: 0.1621
mae: 0.0839
72/101
train r2: 0.9998741142679539, valid r2: 0.9946550069585396, test r2: 0.9926569122740864
Training Results:
r2: 0.9999
rmse: 0.0216
mae: 0.0164
Validation Results:
r2: 0.9947
rmse: 0.1440
mae: 0.0809
Test Results:
r2: 0.9927
rmse: 0.1624
mae: 0.0851
73/101
train r2: 0.9998903621467392, valid r2: 0.9946922495913386, test r2: 0.9924389217548131
Training Results:
r2: 0.9999
rmse: 0.0202
mae: 0.0149
Validation Results:
r2: 0.9947
rmse: 0.1435
mae: 0.0801
Test Results:
r2: 0.9924
rmse: 0.1648
mae: 0.0850
74/101
train r2: 0.9998798242819951, valid r2: 0.9947435291447003, test r2: 0.9925882393102865
Training Results:
r2: 0.9999
rmse: 0.0211
mae: 0.0161
Validation Results:
r2: 0.9947
rmse: 0.1428
mae: 0.0794
Test Results:
r2: 0.9926
rmse: 0.1632
mae: 0.0844
75/101
train r2: 0.9998992874056057, valid r2: 0.9947177987412175, test r2: 0.9927545628662718
Training Results:
r2: 0.9999
rmse: 0.0193
mae: 0.0145
Validation Results:
r2: 0.9947
rmse: 0.1432
mae: 0.0796
Test Results:
r2: 0.9928
rmse: 0.1613
mae: 0.0834
76/101
train r2: 0.9999070111927957, valid r2: 0.9947732285065526, test r2: 0.9929816749247297
Training Results:
r2: 0.9999
rmse: 0.0186
mae: 0.0140
Validation Results:
r2: 0.9948
rmse: 0.1424
mae: 0.0792
Test Results:
r2: 0.9930
rmse: 0.1588
mae: 0.0838
77/101
train r2: 0.9998907312460507, valid r2: 0.9945736513155474, test r2: 0.9924545856966924
Training Results:
r2: 0.9999
rmse: 0.0201
mae: 0.0155
Validation Results:
r2: 0.9946
rmse: 0.1451
mae: 0.0810
Test Results:
r2: 0.9925
rmse: 0.1646
mae: 0.0844
78/101
train r2: 0.9999014372468955, valid r2: 0.9944492895683429, test r2: 0.9922578118352503
Training Results:
r2: 0.9999
rmse: 0.0191
mae: 0.0144
Validation Results:
r2: 0.9944
rmse: 0.1468
mae: 0.0809
Test Results:
r2: 0.9923
rmse: 0.1668
mae: 0.0851
79/101
train r2: 0.9998498985543995, valid r2: 0.9948389739348052, test r2: 0.992901391530738
Training Results:
r2: 0.9998
rmse: 0.0236
mae: 0.0172
Validation Results:
r2: 0.9948
rmse: 0.1415
mae: 0.0808
Test Results:
r2: 0.9929
rmse: 0.1597
mae: 0.0854
80/101
train r2: 0.9998941197440888, valid r2: 0.9946936957622782, test r2: 0.9925738362571903
Training Results:
r2: 0.9999
rmse: 0.0198
mae: 0.0154
Validation Results:
r2: 0.9947
rmse: 0.1435
mae: 0.0800
Test Results:
r2: 0.9926
rmse: 0.1633
mae: 0.0849
81/101
train r2: 0.999942685528155, valid r2: 0.9947706714432951, test r2: 0.9930779460515139
Training Results:
r2: 0.9999
rmse: 0.0146
mae: 0.0111
Validation Results:
r2: 0.9948
rmse: 0.1425
mae: 0.0795
Test Results:
r2: 0.9931
rmse: 0.1577
mae: 0.0839
82/101
train r2: 0.9999550947744322, valid r2: 0.994660618314245, test r2: 0.9928505701709618
Training Results:
r2: 1.0000
rmse: 0.0129
mae: 0.0097
Validation Results:
r2: 0.9947
rmse: 0.1439
mae: 0.0789
Test Results:
r2: 0.9929
rmse: 0.1603
mae: 0.0831
83/101
train r2: 0.9998987706660855, valid r2: 0.9949165700275621, test r2: 0.9928157945281992
Training Results:
r2: 0.9999
rmse: 0.0194
mae: 0.0142
Validation Results:
r2: 0.9949
rmse: 0.1405
mae: 0.0792
Test Results:
r2: 0.9928
rmse: 0.1607
mae: 0.0844
break!
train: 0.9996, val: 0.9950, test: 0.9931
end_test_result: (0.9914853197490532, 0.17490020394325256, 0.11313653737306595)
args.seed: 2054
use label scaler
use label scaler
use label scaler
model have 90.143705M paramerters in total
train_dataset.mean: tensor([-2.4327]) train_dataset.std: tensor([1.9263])
1/101
train r2: 0.8406100193602026, valid r2: 0.8295451726336411, test r2: 0.8220116752347149
Training Results:
r2: 0.8406
rmse: 0.7692
mae: 0.5763
Validation Results:
r2: 0.8295
rmse: 0.8133
mae: 0.5995
Test Results:
r2: 0.8220
rmse: 0.7997
mae: 0.5819
2/101
train r2: 0.9569926017929831, valid r2: 0.9467301656401168, test r2: 0.9391937295051905
Training Results:
r2: 0.9570
rmse: 0.3994
mae: 0.2944
Validation Results:
r2: 0.9467
rmse: 0.4547
mae: 0.3209
Test Results:
r2: 0.9392
rmse: 0.4674
mae: 0.3334
3/101
train r2: 0.9802332633706793, valid r2: 0.9712189410351565, test r2: 0.9689146804072191
Training Results:
r2: 0.9802
rmse: 0.2708
mae: 0.2044
Validation Results:
r2: 0.9712
rmse: 0.3342
mae: 0.2434
Test Results:
r2: 0.9689
rmse: 0.3342
mae: 0.2397
4/101
train r2: 0.9891803204361367, valid r2: 0.978319989152493, test r2: 0.9776060209713774
Training Results:
r2: 0.9892
rmse: 0.2003
mae: 0.1520
Validation Results:
r2: 0.9783
rmse: 0.2901
mae: 0.2083
Test Results:
r2: 0.9776
rmse: 0.2836
mae: 0.1981
5/101
train r2: 0.9928943396579861, valid r2: 0.9832794898846926, test r2: 0.9830591938966856
Training Results:
r2: 0.9929
rmse: 0.1625
mae: 0.1260
Validation Results:
r2: 0.9833
rmse: 0.2547
mae: 0.1846
Test Results:
r2: 0.9831
rmse: 0.2467
mae: 0.1786
6/101
train r2: 0.9947338892699755, valid r2: 0.9838277232118023, test r2: 0.9822738008312079
Training Results:
r2: 0.9947
rmse: 0.1398
mae: 0.1098
Validation Results:
r2: 0.9838
rmse: 0.2505
mae: 0.1784
Test Results:
r2: 0.9823
rmse: 0.2524
mae: 0.1761
7/101
train r2: 0.9952000783163811, valid r2: 0.9845639775403668, test r2: 0.9830033654374515
Training Results:
r2: 0.9952
rmse: 0.1334
mae: 0.1007
Validation Results:
r2: 0.9846
rmse: 0.2447
mae: 0.1709
Test Results:
r2: 0.9830
rmse: 0.2471
mae: 0.1606
8/101
train r2: 0.9896124642728767, valid r2: 0.9824779654192917, test r2: 0.979480739301238
Training Results:
r2: 0.9896
rmse: 0.1963
mae: 0.1633
Validation Results:
r2: 0.9825
rmse: 0.2608
mae: 0.2020
Test Results:
r2: 0.9795
rmse: 0.2715
mae: 0.2072
9/101
train r2: 0.9933634564507695, valid r2: 0.9852243635099532, test r2: 0.9849605889553156
Training Results:
r2: 0.9934
rmse: 0.1568
mae: 0.1165
Validation Results:
r2: 0.9852
rmse: 0.2395
mae: 0.1694
Test Results:
r2: 0.9850
rmse: 0.2324
mae: 0.1640
10/101
train r2: 0.9933781962838557, valid r2: 0.9855241158892387, test r2: 0.9840800305041025
Training Results:
r2: 0.9934
rmse: 0.1567
mae: 0.1220
Validation Results:
r2: 0.9855
rmse: 0.2370
mae: 0.1711
Test Results:
r2: 0.9841
rmse: 0.2392
mae: 0.1689
11/101
train r2: 0.9933847019862105, valid r2: 0.9858883118593033, test r2: 0.9855583237914921
Training Results:
r2: 0.9934
rmse: 0.1565
mae: 0.1221
Validation Results:
r2: 0.9859
rmse: 0.2340
mae: 0.1707
Test Results:
r2: 0.9856
rmse: 0.2278
mae: 0.1640
12/101
train r2: 0.994549743930858, valid r2: 0.9866136520122536, test r2: 0.9862761516585931
Training Results:
r2: 0.9945
rmse: 0.1422
mae: 0.1141
Validation Results:
r2: 0.9866
rmse: 0.2279
mae: 0.1615
Test Results:
r2: 0.9863
rmse: 0.2220
mae: 0.1580
13/101
train r2: 0.9966878477057103, valid r2: 0.988609275195622, test r2: 0.9878059596780975
Training Results:
r2: 0.9967
rmse: 0.1109
mae: 0.0828
Validation Results:
r2: 0.9886
rmse: 0.2102
mae: 0.1395
Test Results:
r2: 0.9878
rmse: 0.2093
mae: 0.1389
14/101
train r2: 0.9972290276601461, valid r2: 0.9901915473384539, test r2: 0.9891795410375226
Training Results:
r2: 0.9972
rmse: 0.1014
mae: 0.0762
Validation Results:
r2: 0.9902
rmse: 0.1951
mae: 0.1321
Test Results:
r2: 0.9892
rmse: 0.1972
mae: 0.1289
15/101
train r2: 0.9917081935606153, valid r2: 0.9859008779136427, test r2: 0.9831208346276081
Training Results:
r2: 0.9917
rmse: 0.1754
mae: 0.1483
Validation Results:
r2: 0.9859
rmse: 0.2339
mae: 0.1814
Test Results:
r2: 0.9831
rmse: 0.2463
mae: 0.1848
16/101
train r2: 0.9965523451385774, valid r2: 0.9890621888387607, test r2: 0.989703547211459
Training Results:
r2: 0.9966
rmse: 0.1131
mae: 0.0842
Validation Results:
r2: 0.9891
rmse: 0.2060
mae: 0.1365
Test Results:
r2: 0.9897
rmse: 0.1923
mae: 0.1355
17/101
train r2: 0.9967701393294469, valid r2: 0.991384334650145, test r2: 0.9903256793546921
Training Results:
r2: 0.9968
rmse: 0.1095
mae: 0.0839
Validation Results:
r2: 0.9914
rmse: 0.1828
mae: 0.1242
Test Results:
r2: 0.9903
rmse: 0.1864
mae: 0.1309
18/101
train r2: 0.9955407599300193, valid r2: 0.9869942122120334, test r2: 0.9866607897048089
Training Results:
r2: 0.9955
rmse: 0.1287
mae: 0.1010
Validation Results:
r2: 0.9870
rmse: 0.2247
mae: 0.1483
Test Results:
r2: 0.9867
rmse: 0.2189
mae: 0.1503
19/101
train r2: 0.9978275659307301, valid r2: 0.9924183724269233, test r2: 0.9910063058986371
Training Results:
r2: 0.9978
rmse: 0.0897
mae: 0.0670
Validation Results:
r2: 0.9924
rmse: 0.1715
mae: 0.1174
Test Results:
r2: 0.9910
rmse: 0.1798
mae: 0.1154
20/101
train r2: 0.9977399392966377, valid r2: 0.9917935423990005, test r2: 0.9902722586317426
Training Results:
r2: 0.9977
rmse: 0.0916
mae: 0.0693
Validation Results:
r2: 0.9918
rmse: 0.1785
mae: 0.1184
Test Results:
r2: 0.9903
rmse: 0.1869
mae: 0.1224
21/101
train r2: 0.99794955503315, valid r2: 0.9917063311477448, test r2: 0.9910333449718889
Training Results:
r2: 0.9979
rmse: 0.0873
mae: 0.0631
Validation Results:
r2: 0.9917
rmse: 0.1794
mae: 0.1155
Test Results:
r2: 0.9910
rmse: 0.1795
mae: 0.1128
22/101
train r2: 0.9979435724106104, valid r2: 0.9923772245059668, test r2: 0.9908063768111929
Training Results:
r2: 0.9979
rmse: 0.0874
mae: 0.0661
Validation Results:
r2: 0.9924
rmse: 0.1720
mae: 0.1127
Test Results:
r2: 0.9908
rmse: 0.1817
mae: 0.1157
23/101
train r2: 0.9977249731807576, valid r2: 0.9917121974087527, test r2: 0.9908063868508652
Training Results:
r2: 0.9977
rmse: 0.0919
mae: 0.0708
Validation Results:
r2: 0.9917
rmse: 0.1793
mae: 0.1166
Test Results:
r2: 0.9908
rmse: 0.1817
mae: 0.1157
24/101
train r2: 0.9985103064445608, valid r2: 0.9935873427453851, test r2: 0.9918907574630922
Training Results:
r2: 0.9985
rmse: 0.0743
mae: 0.0537
Validation Results:
r2: 0.9936
rmse: 0.1577
mae: 0.1017
Test Results:
r2: 0.9919
rmse: 0.1707
mae: 0.1072
25/101
train r2: 0.9982704403591562, valid r2: 0.991968134357311, test r2: 0.9909567971765907
Training Results:
r2: 0.9983
rmse: 0.0801
mae: 0.0582
Validation Results:
r2: 0.9920
rmse: 0.1765
mae: 0.1099
Test Results:
r2: 0.9910
rmse: 0.1802
mae: 0.1064
26/101
train r2: 0.9980292525378279, valid r2: 0.9924275230636267, test r2: 0.990549591873308
Training Results:
r2: 0.9980
rmse: 0.0855
mae: 0.0646
Validation Results:
r2: 0.9924
rmse: 0.1714
mae: 0.1124
Test Results:
r2: 0.9905
rmse: 0.1843
mae: 0.1133
27/101
train r2: 0.9965686722417593, valid r2: 0.9913593187921064, test r2: 0.990462159959627
Training Results:
r2: 0.9966
rmse: 0.1129
mae: 0.0911
Validation Results:
r2: 0.9914
rmse: 0.1831
mae: 0.1276
Test Results:
r2: 0.9905
rmse: 0.1851
mae: 0.1267
28/101
train r2: 0.9986230245918892, valid r2: 0.9935738101916629, test r2: 0.9912476701397936
Training Results:
r2: 0.9986
rmse: 0.0715
mae: 0.0545
Validation Results:
r2: 0.9936
rmse: 0.1579
mae: 0.1018
Test Results:
r2: 0.9912
rmse: 0.1773
mae: 0.1064
29/101
train r2: 0.9980495177632045, valid r2: 0.9921010064910435, test r2: 0.990319346772105
Training Results:
r2: 0.9980
rmse: 0.0851
mae: 0.0651
Validation Results:
r2: 0.9921
rmse: 0.1751
mae: 0.1123
Test Results:
r2: 0.9903
rmse: 0.1865
mae: 0.1154
30/101
train r2: 0.998296211869383, valid r2: 0.9929592524911137, test r2: 0.9894681703986477
Training Results:
r2: 0.9983
rmse: 0.0795
mae: 0.0562
Validation Results:
r2: 0.9930
rmse: 0.1653
mae: 0.1026
Test Results:
r2: 0.9895
rmse: 0.1945
mae: 0.1063
31/101
train r2: 0.9971132385918998, valid r2: 0.9913589172963404, test r2: 0.9893721198892028
Training Results:
r2: 0.9971
rmse: 0.1035
mae: 0.0858
Validation Results:
r2: 0.9914
rmse: 0.1831
mae: 0.1252
Test Results:
r2: 0.9894
rmse: 0.1954
mae: 0.1320
32/101
train r2: 0.9989501782470526, valid r2: 0.9942871218178068, test r2: 0.9925089083722733
Training Results:
r2: 0.9990
rmse: 0.0624
mae: 0.0467
Validation Results:
r2: 0.9943
rmse: 0.1489
mae: 0.0974
Test Results:
r2: 0.9925
rmse: 0.1641
mae: 0.1013
33/101
train r2: 0.9971197814737197, valid r2: 0.9907039733612328, test r2: 0.989214487515976
Training Results:
r2: 0.9971
rmse: 0.1034
mae: 0.0858
Validation Results:
r2: 0.9907
rmse: 0.1899
mae: 0.1276
Test Results:
r2: 0.9892
rmse: 0.1968
mae: 0.1319
34/101
train r2: 0.9985921596740203, valid r2: 0.9937352489413043, test r2: 0.9918912909643012
Training Results:
r2: 0.9986
rmse: 0.0723
mae: 0.0502
Validation Results:
r2: 0.9937
rmse: 0.1559
mae: 0.0978
Test Results:
r2: 0.9919
rmse: 0.1707
mae: 0.1013
35/101
train r2: 0.9968712994910559, valid r2: 0.9920931660846966, test r2: 0.9899273681993858
Training Results:
r2: 0.9969
rmse: 0.1078
mae: 0.0859
Validation Results:
r2: 0.9921
rmse: 0.1752
mae: 0.1240
Test Results:
r2: 0.9899
rmse: 0.1902
mae: 0.1263
36/101
train r2: 0.9987374160263829, valid r2: 0.9921538920416685, test r2: 0.9911425909759155
Training Results:
r2: 0.9987
rmse: 0.0685
mae: 0.0481
Validation Results:
r2: 0.9922
rmse: 0.1745
mae: 0.0989
Test Results:
r2: 0.9911
rmse: 0.1784
mae: 0.1009
37/101
train r2: 0.9992161009042572, valid r2: 0.994163114318446, test r2: 0.9929733510664253
Training Results:
r2: 0.9992
rmse: 0.0539
mae: 0.0404
Validation Results:
r2: 0.9942
rmse: 0.1505
mae: 0.0915
Test Results:
r2: 0.9930
rmse: 0.1589
mae: 0.0940
38/101
train r2: 0.9992682326976999, valid r2: 0.9942507488662419, test r2: 0.9922170708226606
Training Results:
r2: 0.9993
rmse: 0.0520
mae: 0.0390
Validation Results:
r2: 0.9943
rmse: 0.1494
mae: 0.0920
Test Results:
r2: 0.9922
rmse: 0.1672
mae: 0.0943
39/101
train r2: 0.9982291721532799, valid r2: 0.9922251021920466, test r2: 0.9902999927742011
Training Results:
r2: 0.9982
rmse: 0.0811
mae: 0.0633
Validation Results:
r2: 0.9922
rmse: 0.1737
mae: 0.1087
Test Results:
r2: 0.9903
rmse: 0.1867
mae: 0.1092
40/101
train r2: 0.9990369052702133, valid r2: 0.9929638172472266, test r2: 0.9909553197425491
Training Results:
r2: 0.9990
rmse: 0.0598
mae: 0.0441
Validation Results:
r2: 0.9930
rmse: 0.1652
mae: 0.0972
Test Results:
r2: 0.9910
rmse: 0.1803
mae: 0.1018
41/101
train r2: 0.9990115073978739, valid r2: 0.9935817289462388, test r2: 0.9914367219122715
Training Results:
r2: 0.9990
rmse: 0.0606
mae: 0.0473
Validation Results:
r2: 0.9936
rmse: 0.1578
mae: 0.0959
Test Results:
r2: 0.9914
rmse: 0.1754
mae: 0.0978
42/101
train r2: 0.9992621786048741, valid r2: 0.9940466975169876, test r2: 0.9920333738277204
Training Results:
r2: 0.9993
rmse: 0.0523
mae: 0.0395
Validation Results:
r2: 0.9940
rmse: 0.1520
mae: 0.0929
Test Results:
r2: 0.9920
rmse: 0.1692
mae: 0.0928
43/101
train r2: 0.999297338847418, valid r2: 0.994637182839358, test r2: 0.992072718876133
Training Results:
r2: 0.9993
rmse: 0.0511
mae: 0.0364
Validation Results:
r2: 0.9946
rmse: 0.1443
mae: 0.0891
Test Results:
r2: 0.9921
rmse: 0.1688
mae: 0.0919
44/101
train r2: 0.9990443775012412, valid r2: 0.9937343141938219, test r2: 0.9918184844992683
Training Results:
r2: 0.9990
rmse: 0.0596
mae: 0.0459
Validation Results:
r2: 0.9937
rmse: 0.1559
mae: 0.0946
Test Results:
r2: 0.9918
rmse: 0.1714
mae: 0.0987
45/101
train r2: 0.999206983174338, valid r2: 0.9944443110607177, test r2: 0.9920367281927333
Training Results:
r2: 0.9992
rmse: 0.0542
mae: 0.0396
Validation Results:
r2: 0.9944
rmse: 0.1468
mae: 0.0901
Test Results:
r2: 0.9920
rmse: 0.1691
mae: 0.0954
46/101
train r2: 0.9994118799522599, valid r2: 0.9940907717097189, test r2: 0.9923195126990491
Training Results:
r2: 0.9994
rmse: 0.0467
mae: 0.0345
Validation Results:
r2: 0.9941
rmse: 0.1514
mae: 0.0895
Test Results:
r2: 0.9923
rmse: 0.1661
mae: 0.0927
47/101
train r2: 0.999255584325477, valid r2: 0.9943788126585421, test r2: 0.9924373617547371
Training Results:
r2: 0.9993
rmse: 0.0526
mae: 0.0415
Validation Results:
r2: 0.9944
rmse: 0.1477
mae: 0.0926
Test Results:
r2: 0.9924
rmse: 0.1648
mae: 0.0955
48/101
train r2: 0.9992544773278956, valid r2: 0.9943601613059443, test r2: 0.9923373080484275
Training Results:
r2: 0.9993
rmse: 0.0526
mae: 0.0415
Validation Results:
r2: 0.9944
rmse: 0.1479
mae: 0.0900
Test Results:
r2: 0.9923
rmse: 0.1659
mae: 0.0922
49/101
train r2: 0.9992674816301109, valid r2: 0.9937187434241093, test r2: 0.9919748625806314
Training Results:
r2: 0.9993
rmse: 0.0521
mae: 0.0382
Validation Results:
r2: 0.9937
rmse: 0.1561
mae: 0.0917
Test Results:
r2: 0.9920
rmse: 0.1698
mae: 0.0919
50/101
train r2: 0.9993654204588712, valid r2: 0.9948977542305855, test r2: 0.9930645666875164
Training Results:
r2: 0.9994
rmse: 0.0485
mae: 0.0363
Validation Results:
r2: 0.9949
rmse: 0.1407
mae: 0.0877
Test Results:
r2: 0.9931
rmse: 0.1578
mae: 0.0913
51/101
train r2: 0.9994260503516306, valid r2: 0.9947983440593515, test r2: 0.9934771693564824
Training Results:
r2: 0.9994
rmse: 0.0462
mae: 0.0334
Validation Results:
r2: 0.9948
rmse: 0.1421
mae: 0.0856
Test Results:
r2: 0.9935
rmse: 0.1531
mae: 0.0902
52/101
train r2: 0.9986707263877126, valid r2: 0.9943059326343621, test r2: 0.9916375367272456
Training Results:
r2: 0.9987
rmse: 0.0702
mae: 0.0545
Validation Results:
r2: 0.9943
rmse: 0.1486
mae: 0.0964
Test Results:
r2: 0.9916
rmse: 0.1733
mae: 0.1021
53/101
train r2: 0.999024640745799, valid r2: 0.9945078056238932, test r2: 0.9924302955396499
Training Results:
r2: 0.9990
rmse: 0.0601
mae: 0.0468
Validation Results:
r2: 0.9945
rmse: 0.1460
mae: 0.0925
Test Results:
r2: 0.9924
rmse: 0.1649
mae: 0.0981
54/101
train r2: 0.9994509597464413, valid r2: 0.9947492252072845, test r2: 0.9927111352533099
Training Results:
r2: 0.9995
rmse: 0.0452
mae: 0.0354
Validation Results:
r2: 0.9947
rmse: 0.1427
mae: 0.0868
Test Results:
r2: 0.9927
rmse: 0.1618
mae: 0.0903
55/101
train r2: 0.999519876670122, valid r2: 0.9946267190341985, test r2: 0.9929596050496573
Training Results:
r2: 0.9995
rmse: 0.0422
mae: 0.0327
Validation Results:
r2: 0.9946
rmse: 0.1444
mae: 0.0865
Test Results:
r2: 0.9930
rmse: 0.1590
mae: 0.0899
56/101
train r2: 0.9994881188992688, valid r2: 0.9942264806570041, test r2: 0.9927360482505384
Training Results:
r2: 0.9995
rmse: 0.0436
mae: 0.0347
Validation Results:
r2: 0.9942
rmse: 0.1497
mae: 0.0892
Test Results:
r2: 0.9927
rmse: 0.1615
mae: 0.0919
57/101
train r2: 0.9996366173939355, valid r2: 0.9948841712586303, test r2: 0.9927021832125925
Training Results:
r2: 0.9996
rmse: 0.0367
mae: 0.0277
Validation Results:
r2: 0.9949
rmse: 0.1409
mae: 0.0836
Test Results:
r2: 0.9927
rmse: 0.1619
mae: 0.0875
58/101
train r2: 0.9994712433795714, valid r2: 0.994922648122631, test r2: 0.9928940125854825
Training Results:
r2: 0.9995
rmse: 0.0443
mae: 0.0340
Validation Results:
r2: 0.9949
rmse: 0.1404
mae: 0.0855
Test Results:
r2: 0.9929
rmse: 0.1598
mae: 0.0863
59/101
train r2: 0.9996048124577609, valid r2: 0.995050244323042, test r2: 0.9930053544128542
Training Results:
r2: 0.9996
rmse: 0.0383
mae: 0.0283
Validation Results:
r2: 0.9951
rmse: 0.1386
mae: 0.0830
Test Results:
r2: 0.9930
rmse: 0.1585
mae: 0.0867
60/101
train r2: 0.9993625943314197, valid r2: 0.9947631775773385, test r2: 0.9928674647063279
Training Results:
r2: 0.9994
rmse: 0.0486
mae: 0.0391
Validation Results:
r2: 0.9948
rmse: 0.1426
mae: 0.0891
Test Results:
r2: 0.9929
rmse: 0.1601
mae: 0.0936
61/101
train r2: 0.9996246708071347, valid r2: 0.994856365070013, test r2: 0.9931063866203989
Training Results:
r2: 0.9996
rmse: 0.0373
mae: 0.0280
Validation Results:
r2: 0.9949
rmse: 0.1413
mae: 0.0819
Test Results:
r2: 0.9931
rmse: 0.1574
mae: 0.0868
62/101
train r2: 0.999643535342577, valid r2: 0.994902676243326, test r2: 0.9929543155661531
Training Results:
r2: 0.9996
rmse: 0.0364
mae: 0.0279
Validation Results:
r2: 0.9949
rmse: 0.1406
mae: 0.0830
Test Results:
r2: 0.9930
rmse: 0.1591
mae: 0.0873
63/101
train r2: 0.9997388056116624, valid r2: 0.9945795500422223, test r2: 0.9925210089999937
Training Results:
r2: 0.9997
rmse: 0.0311
mae: 0.0241
Validation Results:
r2: 0.9946
rmse: 0.1450
mae: 0.0852
Test Results:
r2: 0.9925
rmse: 0.1639
mae: 0.0888
64/101
train r2: 0.9996154223585466, valid r2: 0.9945963947678867, test r2: 0.9926136659537852
Training Results:
r2: 0.9996
rmse: 0.0378
mae: 0.0284
Validation Results:
r2: 0.9946
rmse: 0.1448
mae: 0.0839
Test Results:
r2: 0.9926
rmse: 0.1629
mae: 0.0875
65/101
train r2: 0.9997049927966656, valid r2: 0.9948952690610775, test r2: 0.9926689150102436
Training Results:
r2: 0.9997
rmse: 0.0331
mae: 0.0256
Validation Results:
r2: 0.9949
rmse: 0.1407
mae: 0.0843
Test Results:
r2: 0.9927
rmse: 0.1623
mae: 0.0861
66/101
train r2: 0.999759020619087, valid r2: 0.9946999041827722, test r2: 0.9930562720992994
Training Results:
r2: 0.9998
rmse: 0.0299
mae: 0.0221
Validation Results:
r2: 0.9947
rmse: 0.1434
mae: 0.0826
Test Results:
r2: 0.9931
rmse: 0.1579
mae: 0.0847
67/101
train r2: 0.9997136515673393, valid r2: 0.994576883063945, test r2: 0.9922394481616906
Training Results:
r2: 0.9997
rmse: 0.0326
mae: 0.0239
Validation Results:
r2: 0.9946
rmse: 0.1451
mae: 0.0824
Test Results:
r2: 0.9922
rmse: 0.1670
mae: 0.0857
68/101
train r2: 0.999743427650475, valid r2: 0.9950796352094307, test r2: 0.9925389665859873
Training Results:
r2: 0.9997
rmse: 0.0309
mae: 0.0234
Validation Results:
r2: 0.9951
rmse: 0.1382
mae: 0.0813
Test Results:
r2: 0.9925
rmse: 0.1637
mae: 0.0846
69/101
train r2: 0.9998048361768456, valid r2: 0.9948384620007258, test r2: 0.9930890371741848
Training Results:
r2: 0.9998
rmse: 0.0269
mae: 0.0204
Validation Results:
r2: 0.9948
rmse: 0.1415
mae: 0.0807
Test Results:
r2: 0.9931
rmse: 0.1576
mae: 0.0853
70/101
train r2: 0.9997445179126603, valid r2: 0.9949301903097212, test r2: 0.9932182318238952
Training Results:
r2: 0.9997
rmse: 0.0308
mae: 0.0237
Validation Results:
r2: 0.9949
rmse: 0.1403
mae: 0.0836
Test Results:
r2: 0.9932
rmse: 0.1561
mae: 0.0849
71/101
train r2: 0.9997834787249501, valid r2: 0.9947719987016851, test r2: 0.9928139964395675
Training Results:
r2: 0.9998
rmse: 0.0283
mae: 0.0218
Validation Results:
r2: 0.9948
rmse: 0.1424
mae: 0.0824
Test Results:
r2: 0.9928
rmse: 0.1607
mae: 0.0850
72/101
train r2: 0.9998291338657472, valid r2: 0.9949548875277829, test r2: 0.9931773491484811
Training Results:
r2: 0.9998
rmse: 0.0252
mae: 0.0195
Validation Results:
r2: 0.9950
rmse: 0.1399
mae: 0.0807
Test Results:
r2: 0.9932
rmse: 0.1566
mae: 0.0838
73/101
train r2: 0.9998960858759668, valid r2: 0.9949702131594409, test r2: 0.9932752715752234
Training Results:
r2: 0.9999
rmse: 0.0196
mae: 0.0147
Validation Results:
r2: 0.9950
rmse: 0.1397
mae: 0.0781
Test Results:
r2: 0.9933
rmse: 0.1554
mae: 0.0825
74/101
train r2: 0.9998357962810555, valid r2: 0.9948150481875419, test r2: 0.992570737479682
Training Results:
r2: 0.9998
rmse: 0.0247
mae: 0.0193
Validation Results:
r2: 0.9948
rmse: 0.1418
mae: 0.0808
Test Results:
r2: 0.9926
rmse: 0.1634
mae: 0.0860
75/101
train r2: 0.9998896191643172, valid r2: 0.995006992210189, test r2: 0.9931501950360944
Training Results:
r2: 0.9999
rmse: 0.0202
mae: 0.0160
Validation Results:
r2: 0.9950
rmse: 0.1392
mae: 0.0793
Test Results:
r2: 0.9932
rmse: 0.1569
mae: 0.0823
76/101
train r2: 0.9999204225313146, valid r2: 0.9950306594669044, test r2: 0.9931886344168667
Training Results:
r2: 0.9999
rmse: 0.0172
mae: 0.0127
Validation Results:
r2: 0.9950
rmse: 0.1389
mae: 0.0790
Test Results:
r2: 0.9932
rmse: 0.1564
mae: 0.0824
77/101
train r2: 0.9998796207118655, valid r2: 0.9951330278174019, test r2: 0.9933947443368101
Training Results:
r2: 0.9999
rmse: 0.0211
mae: 0.0165
Validation Results:
r2: 0.9951
rmse: 0.1374
mae: 0.0797
Test Results:
r2: 0.9934
rmse: 0.1540
mae: 0.0832
78/101
train r2: 0.999907264192395, valid r2: 0.9951117644261402, test r2: 0.993548769282038
Training Results:
r2: 0.9999
rmse: 0.0185
mae: 0.0142
Validation Results:
r2: 0.9951
rmse: 0.1377
mae: 0.0786
Test Results:
r2: 0.9935
rmse: 0.1522
mae: 0.0807
79/101
train r2: 0.9998862429812182, valid r2: 0.9948480877569866, test r2: 0.992879520509546
Training Results:
r2: 0.9999
rmse: 0.0205
mae: 0.0161
Validation Results:
r2: 0.9948
rmse: 0.1414
mae: 0.0808
Test Results:
r2: 0.9929
rmse: 0.1599
mae: 0.0832
80/101
train r2: 0.9999010662394082, valid r2: 0.995010646650477, test r2: 0.9931008385503591
Training Results:
r2: 0.9999
rmse: 0.0192
mae: 0.0150
Validation Results:
r2: 0.9950
rmse: 0.1391
mae: 0.0795
Test Results:
r2: 0.9931
rmse: 0.1574
mae: 0.0837
81/101
train r2: 0.9999327195608583, valid r2: 0.9950147761086923, test r2: 0.9931912692301118
Training Results:
r2: 0.9999
rmse: 0.0158
mae: 0.0119
Validation Results:
r2: 0.9950
rmse: 0.1391
mae: 0.0785
Test Results:
r2: 0.9932
rmse: 0.1564
mae: 0.0818
82/101
train r2: 0.9999307063851592, valid r2: 0.9950412357518384, test r2: 0.9932187179192894
Training Results:
r2: 0.9999
rmse: 0.0160
mae: 0.0123
Validation Results:
r2: 0.9950
rmse: 0.1387
mae: 0.0793
Test Results:
r2: 0.9932
rmse: 0.1561
mae: 0.0821
83/101
train r2: 0.9999410487262196, valid r2: 0.9951392426449076, test r2: 0.9932478518929648
Training Results:
r2: 0.9999
rmse: 0.0148
mae: 0.0111
Validation Results:
r2: 0.9951
rmse: 0.1373
mae: 0.0782
Test Results:
r2: 0.9932
rmse: 0.1557
mae: 0.0822
84/101
train r2: 0.9999473274172636, valid r2: 0.9950373024070976, test r2: 0.9930371161265631
Training Results:
r2: 0.9999
rmse: 0.0140
mae: 0.0105
Validation Results:
r2: 0.9950
rmse: 0.1388
mae: 0.0785
Test Results:
r2: 0.9930
rmse: 0.1582
mae: 0.0822
85/101
train r2: 0.9998783189652714, valid r2: 0.9947586482683148, test r2: 0.9928453616300201
Training Results:
r2: 0.9999
rmse: 0.0213
mae: 0.0179
Validation Results:
r2: 0.9948
rmse: 0.1426
mae: 0.0817
Test Results:
r2: 0.9928
rmse: 0.1603
mae: 0.0854
86/101
train r2: 0.9999559333773037, valid r2: 0.9952497377914742, test r2: 0.9933210950810983
Training Results:
r2: 1.0000
rmse: 0.0128
mae: 0.0089
Validation Results:
r2: 0.9952
rmse: 0.1358
mae: 0.0783
Test Results:
r2: 0.9933
rmse: 0.1549
mae: 0.0820
87/101
train r2: 0.9999654566519101, valid r2: 0.9948438504464249, test r2: 0.9931886034835021
Training Results:
r2: 1.0000
rmse: 0.0113
mae: 0.0083
Validation Results:
r2: 0.9948
rmse: 0.1415
mae: 0.0793
Test Results:
r2: 0.9932
rmse: 0.1564
mae: 0.0815
88/101
train r2: 0.9999515355689074, valid r2: 0.9950570547482966, test r2: 0.9930710609325817
Training Results:
r2: 1.0000
rmse: 0.0134
mae: 0.0112
Validation Results:
r2: 0.9951
rmse: 0.1385
mae: 0.0790
Test Results:
r2: 0.9931
rmse: 0.1578
mae: 0.0828
89/101
train r2: 0.999981110089704, valid r2: 0.9951298218226245, test r2: 0.9931369955875968
Training Results:
r2: 1.0000
rmse: 0.0084
mae: 0.0059
Validation Results:
r2: 0.9951
rmse: 0.1375
mae: 0.0780
Test Results:
r2: 0.9931
rmse: 0.1570
mae: 0.0817
90/101
train r2: 0.9999799653323186, valid r2: 0.9950072069998666, test r2: 0.9931194290512357
Training Results:
r2: 1.0000
rmse: 0.0086
mae: 0.0068
Validation Results:
r2: 0.9950
rmse: 0.1392
mae: 0.0786
Test Results:
r2: 0.9931
rmse: 0.1572
mae: 0.0814
91/101
train r2: 0.999991630563591, valid r2: 0.9950280413071128, test r2: 0.9930864951128271
Training Results:
r2: 1.0000
rmse: 0.0056
mae: 0.0042
Validation Results:
r2: 0.9950
rmse: 0.1389
mae: 0.0784
Test Results:
r2: 0.9931
rmse: 0.1576
mae: 0.0818
92/101
train r2: 0.9999937177849441, valid r2: 0.9950807727279005, test r2: 0.9931691452350886
Training Results:
r2: 1.0000
rmse: 0.0048
mae: 0.0036
Validation Results:
r2: 0.9951
rmse: 0.1382
mae: 0.0784
Test Results:
r2: 0.9932
rmse: 0.1567
mae: 0.0814
93/101
train r2: 0.9999946245154925, valid r2: 0.9950047726254566, test r2: 0.9931272013765353
Training Results:
r2: 1.0000
rmse: 0.0045
mae: 0.0035
Validation Results:
r2: 0.9950
rmse: 0.1392
mae: 0.0783
Test Results:
r2: 0.9931
rmse: 0.1571
mae: 0.0814
94/101
train r2: 0.9999957755209559, valid r2: 0.9950542447078058, test r2: 0.9931374083938964
Training Results:
r2: 1.0000
rmse: 0.0040
mae: 0.0030
Validation Results:
r2: 0.9951
rmse: 0.1385
mae: 0.0782
Test Results:
r2: 0.9931
rmse: 0.1570
mae: 0.0814
95/101
train r2: 0.9999960960425881, valid r2: 0.995036721211555, test r2: 0.9932032891065975
Training Results:
r2: 1.0000
rmse: 0.0038
mae: 0.0030
Validation Results:
r2: 0.9950
rmse: 0.1388
mae: 0.0781
Test Results:
r2: 0.9932
rmse: 0.1563
mae: 0.0810
96/101
train r2: 0.9999984915320038, valid r2: 0.995079066046832, test r2: 0.9932169059526819
Training Results:
r2: 1.0000
rmse: 0.0024
mae: 0.0018
Validation Results:
r2: 0.9951
rmse: 0.1382
mae: 0.0781
Test Results:
r2: 0.9932
rmse: 0.1561
mae: 0.0814
97/101
train r2: 0.999999010495706, valid r2: 0.9950662639958918, test r2: 0.9931764031435523
Training Results:
r2: 1.0000
rmse: 0.0019
mae: 0.0015
Validation Results:
r2: 0.9951
rmse: 0.1384
mae: 0.0781
Test Results:
r2: 0.9932
rmse: 0.1566
mae: 0.0813
98/101
train r2: 0.9999994675476961, valid r2: 0.9950614740823175, test r2: 0.9931890449966637
Training Results:
r2: 1.0000
rmse: 0.0014
mae: 0.0011
Validation Results:
r2: 0.9951
rmse: 0.1384
mae: 0.0781
Test Results:
r2: 0.9932
rmse: 0.1564
mae: 0.0813
99/101
train r2: 0.9999996730447224, valid r2: 0.9950525341928194, test r2: 0.9931784786165941
Training Results:
r2: 1.0000
rmse: 0.0011
mae: 0.0009
Validation Results:
r2: 0.9951
rmse: 0.1386
mae: 0.0782
Test Results:
r2: 0.9932
rmse: 0.1565
mae: 0.0814
100/101
train r2: 0.9999997771695478, valid r2: 0.9950556701641217, test r2: 0.9931764351653409
Training Results:
r2: 1.0000
rmse: 0.0009
mae: 0.0007
Validation Results:
r2: 0.9951
rmse: 0.1385
mae: 0.0782
Test Results:
r2: 0.9932
rmse: 0.1566
mae: 0.0814
train: 1.0000, val: 0.9952, test: 0.9933
end_test_result: (0.9918907578842922, 0.17068536579608917, 0.10716847330331802)
args.seed: 2064
use label scaler
use label scaler
use label scaler
model have 90.143705M paramerters in total
train_dataset.mean: tensor([-2.4327]) train_dataset.std: tensor([1.9263])
1/101
train r2: 0.8222262335817424, valid r2: 0.7997828629681916, test r2: 0.7944522391224778
Training Results:
r2: 0.8222
rmse: 0.8123
mae: 0.6204
Validation Results:
r2: 0.7998
rmse: 0.8814
mae: 0.6587
Test Results:
r2: 0.7945
rmse: 0.8593
mae: 0.6339
2/101
train r2: 0.9549299865337944, valid r2: 0.9416131810968309, test r2: 0.9352420845008842
Training Results:
r2: 0.9549
rmse: 0.4091
mae: 0.3000
Validation Results:
r2: 0.9416
rmse: 0.4760
mae: 0.3459
Test Results:
r2: 0.9352
rmse: 0.4823
mae: 0.3379
3/101
train r2: 0.9786843488179233, valid r2: 0.9689229890194898, test r2: 0.9671411380615828
Training Results:
r2: 0.9787
rmse: 0.2813
mae: 0.2144
Validation Results:
r2: 0.9689
rmse: 0.3473
mae: 0.2572
Test Results:
r2: 0.9671
rmse: 0.3436
mae: 0.2550
4/101
train r2: 0.9865202694191938, valid r2: 0.9758534679006954, test r2: 0.9742511996094588
Training Results:
r2: 0.9865
rmse: 0.2236
mae: 0.1701
Validation Results:
r2: 0.9759
rmse: 0.3061
mae: 0.2228
Test Results:
r2: 0.9743
rmse: 0.3041
mae: 0.2146
5/101
train r2: 0.9928653844269626, valid r2: 0.9837058056088155, test r2: 0.9809825725408605
Training Results:
r2: 0.9929
rmse: 0.1626
mae: 0.1271
Validation Results:
r2: 0.9837
rmse: 0.2515
mae: 0.1843
Test Results:
r2: 0.9810
rmse: 0.2614
mae: 0.1880
6/101
train r2: 0.9929985114328832, valid r2: 0.9845178405984907, test r2: 0.9823949760444128
Training Results:
r2: 0.9930
rmse: 0.1612
mae: 0.1271
Validation Results:
r2: 0.9845
rmse: 0.2451
mae: 0.1831
Test Results:
r2: 0.9824
rmse: 0.2515
mae: 0.1870
7/101
train r2: 0.9934244490195013, valid r2: 0.9841308140748581, test r2: 0.9828770759336329
Training Results:
r2: 0.9934
rmse: 0.1562
mae: 0.1248
Validation Results:
r2: 0.9841
rmse: 0.2482
mae: 0.1846
Test Results:
r2: 0.9829
rmse: 0.2480
mae: 0.1808
8/101
train r2: 0.990310814261096, valid r2: 0.9829276093011869, test r2: 0.9781605207069255
Training Results:
r2: 0.9903
rmse: 0.1895
mae: 0.1559
Validation Results:
r2: 0.9829
rmse: 0.2574
mae: 0.1985
Test Results:
r2: 0.9782
rmse: 0.2801
mae: 0.2131
9/101
train r2: 0.9928264568163194, valid r2: 0.986412767736694, test r2: 0.9830261521325435
Training Results:
r2: 0.9928
rmse: 0.1631
mae: 0.1321
Validation Results:
r2: 0.9864
rmse: 0.2296
mae: 0.1719
Test Results:
r2: 0.9830
rmse: 0.2469
mae: 0.1837
10/101
train r2: 0.987455835556774, valid r2: 0.9806749040317715, test r2: 0.9795658310378682
Training Results:
r2: 0.9875
rmse: 0.2157
mae: 0.1679
Validation Results:
r2: 0.9807
rmse: 0.2738
mae: 0.2070
Test Results:
r2: 0.9796
rmse: 0.2709
mae: 0.1968
11/101
train r2: 0.9940694065100256, valid r2: 0.9879248295516486, test r2: 0.9867164837638032
Training Results:
r2: 0.9941
rmse: 0.1483
mae: 0.1150
Validation Results:
r2: 0.9879
rmse: 0.2165
mae: 0.1593
Test Results:
r2: 0.9867
rmse: 0.2185
mae: 0.1621
12/101
train r2: 0.9949190596716767, valid r2: 0.9886694588891606, test r2: 0.9872600902565923
Training Results:
r2: 0.9949
rmse: 0.1372
mae: 0.1086
Validation Results:
r2: 0.9887
rmse: 0.2097
mae: 0.1552
Test Results:
r2: 0.9873
rmse: 0.2139
mae: 0.1517
13/101
train r2: 0.9962404948549669, valid r2: 0.9893148648793991, test r2: 0.9887915276318437
Training Results:
r2: 0.9962
rmse: 0.1181
mae: 0.0908
Validation Results:
r2: 0.9893
rmse: 0.2036
mae: 0.1436
Test Results:
r2: 0.9888
rmse: 0.2007
mae: 0.1419
14/101
train r2: 0.9965023232545555, valid r2: 0.9887494434290263, test r2: 0.9870729922710038
Training Results:
r2: 0.9965
rmse: 0.1140
mae: 0.0851
Validation Results:
r2: 0.9887
rmse: 0.2089
mae: 0.1389
Test Results:
r2: 0.9871
rmse: 0.2155
mae: 0.1431
15/101
train r2: 0.9961973198163003, valid r2: 0.9910097857704644, test r2: 0.9888960096860776
Training Results:
r2: 0.9962
rmse: 0.1188
mae: 0.0941
Validation Results:
r2: 0.9910
rmse: 0.1868
mae: 0.1349
Test Results:
r2: 0.9889
rmse: 0.1997
mae: 0.1444
16/101
train r2: 0.9974455542507478, valid r2: 0.9905577890112021, test r2: 0.9895507521877608
Training Results:
r2: 0.9974
rmse: 0.0973
mae: 0.0741
Validation Results:
r2: 0.9906
rmse: 0.1914
mae: 0.1271
Test Results:
r2: 0.9896
rmse: 0.1938
mae: 0.1285
17/101
train r2: 0.9953038214913326, valid r2: 0.986918301201212, test r2: 0.9855684207093813
Training Results:
r2: 0.9953
rmse: 0.1320
mae: 0.0973
Validation Results:
r2: 0.9869
rmse: 0.2253
mae: 0.1509
Test Results:
r2: 0.9856
rmse: 0.2277
mae: 0.1456
18/101
train r2: 0.9969773087319662, valid r2: 0.9902035611244969, test r2: 0.9888175412543286
Training Results:
r2: 0.9970
rmse: 0.1059
mae: 0.0776
Validation Results:
r2: 0.9902
rmse: 0.1950
mae: 0.1297
Test Results:
r2: 0.9888
rmse: 0.2004
mae: 0.1268
19/101
train r2: 0.9950433792738763, valid r2: 0.9895406718560295, test r2: 0.988503266673177
Training Results:
r2: 0.9950
rmse: 0.1356
mae: 0.1045
Validation Results:
r2: 0.9895
rmse: 0.2015
mae: 0.1444
Test Results:
r2: 0.9885
rmse: 0.2032
mae: 0.1411
20/101
train r2: 0.9929305992729865, valid r2: 0.9863340868314668, test r2: 0.9840831202633428
Training Results:
r2: 0.9929
rmse: 0.1620
mae: 0.1355
Validation Results:
r2: 0.9863
rmse: 0.2303
mae: 0.1709
Test Results:
r2: 0.9841
rmse: 0.2391
mae: 0.1682
21/101
train r2: 0.9969763482187474, valid r2: 0.9919283536960325, test r2: 0.9883987434022559
Training Results:
r2: 0.9970
rmse: 0.1059
mae: 0.0815
Validation Results:
r2: 0.9919
rmse: 0.1770
mae: 0.1216
Test Results:
r2: 0.9884
rmse: 0.2042
mae: 0.1315
22/101
train r2: 0.998405233353264, valid r2: 0.9928284125595691, test r2: 0.9906087000131352
Training Results:
r2: 0.9984
rmse: 0.0769
mae: 0.0582
Validation Results:
r2: 0.9928
rmse: 0.1668
mae: 0.1090
Test Results:
r2: 0.9906
rmse: 0.1837
mae: 0.1148
23/101
train r2: 0.9979261628087248, valid r2: 0.9921439763974156, test r2: 0.9903235367760852
Training Results:
r2: 0.9979
rmse: 0.0877
mae: 0.0669
Validation Results:
r2: 0.9921
rmse: 0.1746
mae: 0.1121
Test Results:
r2: 0.9903
rmse: 0.1865
mae: 0.1173
24/101
train r2: 0.9984461681202822, valid r2: 0.9926034734049898, test r2: 0.9911464698862664
Training Results:
r2: 0.9984
rmse: 0.0759
mae: 0.0564
Validation Results:
r2: 0.9926
rmse: 0.1694
mae: 0.1070
Test Results:
r2: 0.9911
rmse: 0.1783
mae: 0.1109
25/101
train r2: 0.9961404964900612, valid r2: 0.9892000370255799, test r2: 0.9879479950258662
Training Results:
r2: 0.9961
rmse: 0.1197
mae: 0.0961
Validation Results:
r2: 0.9892
rmse: 0.2047
mae: 0.1405
Test Results:
r2: 0.9879
rmse: 0.2081
mae: 0.1385
26/101
train r2: 0.9986322927521969, valid r2: 0.9932199215293896, test r2: 0.9913294625749748
Training Results:
r2: 0.9986
rmse: 0.0713
mae: 0.0541
Validation Results:
r2: 0.9932
rmse: 0.1622
mae: 0.1060
Test Results:
r2: 0.9913
rmse: 0.1765
mae: 0.1077
27/101
train r2: 0.9975209072892092, valid r2: 0.9923994323050948, test r2: 0.9895992996486384
Training Results:
r2: 0.9975
rmse: 0.0959
mae: 0.0774
Validation Results:
r2: 0.9924
rmse: 0.1717
mae: 0.1152
Test Results:
r2: 0.9896
rmse: 0.1933
mae: 0.1227
28/101
train r2: 0.9986811107781884, valid r2: 0.9929975061023861, test r2: 0.992110937132992
Training Results:
r2: 0.9987
rmse: 0.0700
mae: 0.0522
Validation Results:
r2: 0.9930
rmse: 0.1648
mae: 0.1038
Test Results:
r2: 0.9921
rmse: 0.1684
mae: 0.1046
29/101
train r2: 0.998210355676207, valid r2: 0.9927181129014264, test r2: 0.992439572738642
Training Results:
r2: 0.9982
rmse: 0.0815
mae: 0.0623
Validation Results:
r2: 0.9927
rmse: 0.1681
mae: 0.1090
Test Results:
r2: 0.9924
rmse: 0.1648
mae: 0.1079
30/101
train r2: 0.9983648816939434, valid r2: 0.9933224977432814, test r2: 0.9926198345566931
Training Results:
r2: 0.9984
rmse: 0.0779
mae: 0.0588
Validation Results:
r2: 0.9933
rmse: 0.1610
mae: 0.1026
Test Results:
r2: 0.9926
rmse: 0.1628
mae: 0.1070
31/101
train r2: 0.9986491661801824, valid r2: 0.9929166177260766, test r2: 0.9913572037971679
Training Results:
r2: 0.9986
rmse: 0.0708
mae: 0.0533
Validation Results:
r2: 0.9929
rmse: 0.1658
mae: 0.1039
Test Results:
r2: 0.9914
rmse: 0.1762
mae: 0.1063
32/101
train r2: 0.9975486534711169, valid r2: 0.9927001462396009, test r2: 0.9911287224172104
Training Results:
r2: 0.9975
rmse: 0.0954
mae: 0.0767
Validation Results:
r2: 0.9927
rmse: 0.1683
mae: 0.1168
Test Results:
r2: 0.9911
rmse: 0.1785
mae: 0.1187
33/101
train r2: 0.9989007202205151, valid r2: 0.9938101154958933, test r2: 0.992373037030998
Training Results:
r2: 0.9989
rmse: 0.0639
mae: 0.0482
Validation Results:
r2: 0.9938
rmse: 0.1550
mae: 0.0954
Test Results:
r2: 0.9924
rmse: 0.1655
mae: 0.0982
34/101
train r2: 0.9969727417761399, valid r2: 0.9911118287229155, test r2: 0.989579358604721
Training Results:
r2: 0.9970
rmse: 0.1060
mae: 0.0900
Validation Results:
r2: 0.9911
rmse: 0.1857
mae: 0.1253
Test Results:
r2: 0.9896
rmse: 0.1935
mae: 0.1235
35/101
train r2: 0.998594326950288, valid r2: 0.9923755760741152, test r2: 0.9909834909386339
Training Results:
r2: 0.9986
rmse: 0.0722
mae: 0.0536
Validation Results:
r2: 0.9924
rmse: 0.1720
mae: 0.1006
Test Results:
r2: 0.9910
rmse: 0.1800
mae: 0.1034
36/101
train r2: 0.9985361864003214, valid r2: 0.9944691689389977, test r2: 0.9919590572188624
Training Results:
r2: 0.9985
rmse: 0.0736
mae: 0.0539
Validation Results:
r2: 0.9945
rmse: 0.1465
mae: 0.0962
Test Results:
r2: 0.9920
rmse: 0.1700
mae: 0.1014
37/101
train r2: 0.9979811951371435, valid r2: 0.9936383729896194, test r2: 0.9925184711446039
Training Results:
r2: 0.9980
rmse: 0.0866
mae: 0.0637
Validation Results:
r2: 0.9936
rmse: 0.1571
mae: 0.1026
Test Results:
r2: 0.9925
rmse: 0.1639
mae: 0.1050
38/101
train r2: 0.9980351467353039, valid r2: 0.9927093372077958, test r2: 0.9909482997008825
Training Results:
r2: 0.9980
rmse: 0.0854
mae: 0.0672
Validation Results:
r2: 0.9927
rmse: 0.1682
mae: 0.1087
Test Results:
r2: 0.9909
rmse: 0.1803
mae: 0.1151
39/101
train r2: 0.9988597593674958, valid r2: 0.9935735923596328, test r2: 0.9921905705808742
Training Results:
r2: 0.9989
rmse: 0.0651
mae: 0.0497
Validation Results:
r2: 0.9936
rmse: 0.1579
mae: 0.0964
Test Results:
r2: 0.9922
rmse: 0.1675
mae: 0.1020
40/101
train r2: 0.9989096422128313, valid r2: 0.9938820205731205, test r2: 0.9916875054222134
Training Results:
r2: 0.9989
rmse: 0.0636
mae: 0.0514
Validation Results:
r2: 0.9939
rmse: 0.1541
mae: 0.0984
Test Results:
r2: 0.9917
rmse: 0.1728
mae: 0.1068
41/101
train r2: 0.9993819586922514, valid r2: 0.994401015423114, test r2: 0.9925459060542906
Training Results:
r2: 0.9994
rmse: 0.0479
mae: 0.0356
Validation Results:
r2: 0.9944
rmse: 0.1474
mae: 0.0884
Test Results:
r2: 0.9925
rmse: 0.1636
mae: 0.0930
42/101
train r2: 0.999247038855177, valid r2: 0.9939768512582244, test r2: 0.9919801243406479
Training Results:
r2: 0.9992
rmse: 0.0528
mae: 0.0392
Validation Results:
r2: 0.9940
rmse: 0.1529
mae: 0.0909
Test Results:
r2: 0.9920
rmse: 0.1697
mae: 0.0938
43/101
train r2: 0.9987660048809007, valid r2: 0.9932189228206221, test r2: 0.9911892663778704
Training Results:
r2: 0.9988
rmse: 0.0677
mae: 0.0534
Validation Results:
r2: 0.9932
rmse: 0.1622
mae: 0.0999
Test Results:
r2: 0.9912
rmse: 0.1779
mae: 0.1014
44/101
train r2: 0.9988209180042981, valid r2: 0.9934932147629871, test r2: 0.9919210884413128
Training Results:
r2: 0.9988
rmse: 0.0661
mae: 0.0511
Validation Results:
r2: 0.9935
rmse: 0.1589
mae: 0.0961
Test Results:
r2: 0.9919
rmse: 0.1704
mae: 0.1008
45/101
train r2: 0.999171412712271, valid r2: 0.9945598525793865, test r2: 0.9919996716539594
Training Results:
r2: 0.9992
rmse: 0.0555
mae: 0.0422
Validation Results:
r2: 0.9946
rmse: 0.1453
mae: 0.0890
Test Results:
r2: 0.9920
rmse: 0.1695
mae: 0.0953
46/101
train r2: 0.999354076215923, valid r2: 0.9941337391055433, test r2: 0.9917185282372902
Training Results:
r2: 0.9994
rmse: 0.0489
mae: 0.0368
Validation Results:
r2: 0.9941
rmse: 0.1509
mae: 0.0886
Test Results:
r2: 0.9917
rmse: 0.1725
mae: 0.0927
47/101
train r2: 0.9993162153370581, valid r2: 0.9941822193289942, test r2: 0.9922695287342032
Training Results:
r2: 0.9993
rmse: 0.0504
mae: 0.0389
Validation Results:
r2: 0.9942
rmse: 0.1503
mae: 0.0891
Test Results:
r2: 0.9923
rmse: 0.1667
mae: 0.0964
48/101
train r2: 0.9993706806925142, valid r2: 0.9940862860553432, test r2: 0.9911816946369012
Training Results:
r2: 0.9994
rmse: 0.0483
mae: 0.0373
Validation Results:
r2: 0.9941
rmse: 0.1515
mae: 0.0900
Test Results:
r2: 0.9912
rmse: 0.1780
mae: 0.0949
49/101
train r2: 0.9994997271810181, valid r2: 0.9944928782603341, test r2: 0.9920398973673346
Training Results:
r2: 0.9995
rmse: 0.0431
mae: 0.0332
Validation Results:
r2: 0.9945
rmse: 0.1462
mae: 0.0866
Test Results:
r2: 0.9920
rmse: 0.1691
mae: 0.0922
50/101
train r2: 0.9986531744597589, valid r2: 0.9940897196643517, test r2: 0.9912196116204014
Training Results:
r2: 0.9987
rmse: 0.0707
mae: 0.0590
Validation Results:
r2: 0.9941
rmse: 0.1514
mae: 0.0998
Test Results:
r2: 0.9912
rmse: 0.1776
mae: 0.1069
51/101
train r2: 0.9989598353681293, valid r2: 0.9938488648145167, test r2: 0.9903572015155133
Training Results:
r2: 0.9990
rmse: 0.0621
mae: 0.0505
Validation Results:
r2: 0.9938
rmse: 0.1545
mae: 0.0949
Test Results:
r2: 0.9904
rmse: 0.1861
mae: 0.0985
52/101
train r2: 0.9989217185269027, valid r2: 0.994124739532687, test r2: 0.9917302860510577
Training Results:
r2: 0.9989
rmse: 0.0633
mae: 0.0490
Validation Results:
r2: 0.9941
rmse: 0.1510
mae: 0.0921
Test Results:
r2: 0.9917
rmse: 0.1724
mae: 0.0952
53/101
train r2: 0.9995755402826436, valid r2: 0.9947409313273753, test r2: 0.992012663690354
Training Results:
r2: 0.9996
rmse: 0.0397
mae: 0.0299
Validation Results:
r2: 0.9947
rmse: 0.1429
mae: 0.0829
Test Results:
r2: 0.9920
rmse: 0.1694
mae: 0.0880
54/101
train r2: 0.9996296368005304, valid r2: 0.9943075374037638, test r2: 0.9924074492920021
Training Results:
r2: 0.9996
rmse: 0.0371
mae: 0.0284
Validation Results:
r2: 0.9943
rmse: 0.1486
mae: 0.0850
Test Results:
r2: 0.9924
rmse: 0.1652
mae: 0.0884
55/101
train r2: 0.9996541844909427, valid r2: 0.9944645450475441, test r2: 0.9923227694903254
Training Results:
r2: 0.9997
rmse: 0.0358
mae: 0.0264
Validation Results:
r2: 0.9945
rmse: 0.1466
mae: 0.0832
Test Results:
r2: 0.9923
rmse: 0.1661
mae: 0.0874
56/101
train r2: 0.9996224704004286, valid r2: 0.9948070131565032, test r2: 0.9917707679855853
Training Results:
r2: 0.9996
rmse: 0.0374
mae: 0.0293
Validation Results:
r2: 0.9948
rmse: 0.1420
mae: 0.0829
Test Results:
r2: 0.9918
rmse: 0.1719
mae: 0.0892
57/101
train r2: 0.999547731239882, valid r2: 0.994536789810215, test r2: 0.9919506739226995
Training Results:
r2: 0.9995
rmse: 0.0410
mae: 0.0321
Validation Results:
r2: 0.9945
rmse: 0.1456
mae: 0.0861
Test Results:
r2: 0.9920
rmse: 0.1701
mae: 0.0906
58/101
train r2: 0.9996203494693549, valid r2: 0.994319445015206, test r2: 0.992435381156894
Training Results:
r2: 0.9996
rmse: 0.0375
mae: 0.0291
Validation Results:
r2: 0.9943
rmse: 0.1485
mae: 0.0841
Test Results:
r2: 0.9924
rmse: 0.1649
mae: 0.0873
59/101
train r2: 0.9995116454495618, valid r2: 0.994234072832678, test r2: 0.9916855824258708
Training Results:
r2: 0.9995
rmse: 0.0426
mae: 0.0323
Validation Results:
r2: 0.9942
rmse: 0.1496
mae: 0.0856
Test Results:
r2: 0.9917
rmse: 0.1728
mae: 0.0921
60/101
train r2: 0.9995693090670796, valid r2: 0.9941067590752272, test r2: 0.9914576237019501
Training Results:
r2: 0.9996
rmse: 0.0400
mae: 0.0304
Validation Results:
r2: 0.9941
rmse: 0.1512
mae: 0.0847
Test Results:
r2: 0.9915
rmse: 0.1752
mae: 0.0896
61/101
train r2: 0.9996772090914823, valid r2: 0.994736339971805, test r2: 0.9919922216776614
Training Results:
r2: 0.9997
rmse: 0.0346
mae: 0.0259
Validation Results:
r2: 0.9947
rmse: 0.1429
mae: 0.0833
Test Results:
r2: 0.9920
rmse: 0.1696
mae: 0.0878
62/101
train r2: 0.9994602033387193, valid r2: 0.9946616364110586, test r2: 0.9922216610630774
Training Results:
r2: 0.9995
rmse: 0.0447
mae: 0.0347
Validation Results:
r2: 0.9947
rmse: 0.1439
mae: 0.0871
Test Results:
r2: 0.9922
rmse: 0.1672
mae: 0.0920
63/101
train r2: 0.9996566425996682, valid r2: 0.9949604118489027, test r2: 0.9924759473446378
Training Results:
r2: 0.9997
rmse: 0.0357
mae: 0.0261
Validation Results:
r2: 0.9950
rmse: 0.1398
mae: 0.0820
Test Results:
r2: 0.9925
rmse: 0.1644
mae: 0.0870
64/101
train r2: 0.9998100024736841, valid r2: 0.9949798761683829, test r2: 0.9929575546577342
Training Results:
r2: 0.9998
rmse: 0.0266
mae: 0.0196
Validation Results:
r2: 0.9950
rmse: 0.1396
mae: 0.0805
Test Results:
r2: 0.9930
rmse: 0.1591
mae: 0.0844
65/101
train r2: 0.9996759869688537, valid r2: 0.994811294136583, test r2: 0.9921421662456145
Training Results:
r2: 0.9997
rmse: 0.0347
mae: 0.0263
Validation Results:
r2: 0.9948
rmse: 0.1419
mae: 0.0835
Test Results:
r2: 0.9921
rmse: 0.1680
mae: 0.0870
66/101
train r2: 0.9997471197372438, valid r2: 0.9945380945653389, test r2: 0.9924530901887246
Training Results:
r2: 0.9997
rmse: 0.0306
mae: 0.0237
Validation Results:
r2: 0.9945
rmse: 0.1456
mae: 0.0820
Test Results:
r2: 0.9925
rmse: 0.1647
mae: 0.0872
67/101
train r2: 0.9998103806186456, valid r2: 0.9950210044936918, test r2: 0.992209222043861
Training Results:
r2: 0.9998
rmse: 0.0265
mae: 0.0208
Validation Results:
r2: 0.9950
rmse: 0.1390
mae: 0.0798
Test Results:
r2: 0.9922
rmse: 0.1673
mae: 0.0875
68/101
train r2: 0.9998529651186127, valid r2: 0.9946536564052841, test r2: 0.9922316884305131
Training Results:
r2: 0.9999
rmse: 0.0234
mae: 0.0176
Validation Results:
r2: 0.9947
rmse: 0.1440
mae: 0.0796
Test Results:
r2: 0.9922
rmse: 0.1671
mae: 0.0855
69/101
train r2: 0.9998040058008947, valid r2: 0.9947339629044591, test r2: 0.992846482026015
Training Results:
r2: 0.9998
rmse: 0.0270
mae: 0.0205
Validation Results:
r2: 0.9947
rmse: 0.1430
mae: 0.0795
Test Results:
r2: 0.9928
rmse: 0.1603
mae: 0.0840
70/101
train r2: 0.9998381858517698, valid r2: 0.9950345794267762, test r2: 0.9923731114058968
Training Results:
r2: 0.9998
rmse: 0.0245
mae: 0.0189
Validation Results:
r2: 0.9950
rmse: 0.1388
mae: 0.0793
Test Results:
r2: 0.9924
rmse: 0.1655
mae: 0.0856
71/101
train r2: 0.9998674221093555, valid r2: 0.9947061544789954, test r2: 0.9926732835717214
Training Results:
r2: 0.9999
rmse: 0.0222
mae: 0.0164
Validation Results:
r2: 0.9947
rmse: 0.1433
mae: 0.0799
Test Results:
r2: 0.9927
rmse: 0.1622
mae: 0.0835
72/101
train r2: 0.9998292614675144, valid r2: 0.9948429082137993, test r2: 0.9926642719519683
Training Results:
r2: 0.9998
rmse: 0.0252
mae: 0.0193
Validation Results:
r2: 0.9948
rmse: 0.1415
mae: 0.0814
Test Results:
r2: 0.9927
rmse: 0.1623
mae: 0.0845
73/101
train r2: 0.9996044952698651, valid r2: 0.9949629295674004, test r2: 0.9924793813019992
Training Results:
r2: 0.9996
rmse: 0.0383
mae: 0.0327
Validation Results:
r2: 0.9950
rmse: 0.1398
mae: 0.0839
Test Results:
r2: 0.9925
rmse: 0.1644
mae: 0.0898
74/101
train r2: 0.9998685096718914, valid r2: 0.9949134455687391, test r2: 0.9925211966806241
Training Results:
r2: 0.9999
rmse: 0.0221
mae: 0.0171
Validation Results:
r2: 0.9949
rmse: 0.1405
mae: 0.0787
Test Results:
r2: 0.9925
rmse: 0.1639
mae: 0.0830
75/101
train r2: 0.999867630624403, valid r2: 0.995157218057166, test r2: 0.9925096435715833
Training Results:
r2: 0.9999
rmse: 0.0222
mae: 0.0165
Validation Results:
r2: 0.9952
rmse: 0.1371
mae: 0.0784
Test Results:
r2: 0.9925
rmse: 0.1640
mae: 0.0843
76/101
train r2: 0.9998131227879394, valid r2: 0.9951337013303753, test r2: 0.9924268939764312
Training Results:
r2: 0.9998
rmse: 0.0263
mae: 0.0200
Validation Results:
r2: 0.9951
rmse: 0.1374
mae: 0.0781
Test Results:
r2: 0.9924
rmse: 0.1649
mae: 0.0840
77/101
train r2: 0.9998822538537976, valid r2: 0.9952948678382251, test r2: 0.9926560628466528
Training Results:
r2: 0.9999
rmse: 0.0209
mae: 0.0157
Validation Results:
r2: 0.9953
rmse: 0.1351
mae: 0.0771
Test Results:
r2: 0.9927
rmse: 0.1624
mae: 0.0827
78/101
train r2: 0.9998294212277292, valid r2: 0.9952509403815338, test r2: 0.9927322583663328
Training Results:
r2: 0.9998
rmse: 0.0251
mae: 0.0189
Validation Results:
r2: 0.9953
rmse: 0.1358
mae: 0.0775
Test Results:
r2: 0.9927
rmse: 0.1616
mae: 0.0835
79/101
train r2: 0.9998990047724318, valid r2: 0.9948281232040881, test r2: 0.9923872523133548
Training Results:
r2: 0.9999
rmse: 0.0194
mae: 0.0154
Validation Results:
r2: 0.9948
rmse: 0.1417
mae: 0.0793
Test Results:
r2: 0.9924
rmse: 0.1654
mae: 0.0851
80/101
train r2: 0.9999002312217935, valid r2: 0.9950961691449158, test r2: 0.992523389678685
Training Results:
r2: 0.9999
rmse: 0.0192
mae: 0.0143
Validation Results:
r2: 0.9951
rmse: 0.1379
mae: 0.0777
Test Results:
r2: 0.9925
rmse: 0.1639
mae: 0.0829
81/101
train r2: 0.9999450339189895, valid r2: 0.9950056251917386, test r2: 0.9922345904154553
Training Results:
r2: 0.9999
rmse: 0.0143
mae: 0.0106
Validation Results:
r2: 0.9950
rmse: 0.1392
mae: 0.0772
Test Results:
r2: 0.9922
rmse: 0.1670
mae: 0.0835
82/101
train r2: 0.9999382707132434, valid r2: 0.9949958773267185, test r2: 0.9922339378689626
Training Results:
r2: 0.9999
rmse: 0.0151
mae: 0.0117
Validation Results:
r2: 0.9950
rmse: 0.1394
mae: 0.0776
Test Results:
r2: 0.9922
rmse: 0.1670
mae: 0.0842
83/101
train r2: 0.9999649475310601, valid r2: 0.9949911390757589, test r2: 0.9922273682479006
Training Results:
r2: 1.0000
rmse: 0.0114
mae: 0.0086
Validation Results:
r2: 0.9950
rmse: 0.1394
mae: 0.0770
Test Results:
r2: 0.9922
rmse: 0.1671
mae: 0.0833
84/101
train r2: 0.9999522137007042, valid r2: 0.9950455246913009, test r2: 0.9923417371076609
Training Results:
r2: 1.0000
rmse: 0.0133
mae: 0.0102
Validation Results:
r2: 0.9950
rmse: 0.1387
mae: 0.0769
Test Results:
r2: 0.9923
rmse: 0.1659
mae: 0.0833
85/101
train r2: 0.9999712285138982, valid r2: 0.9950182066591219, test r2: 0.9924966122731232
Training Results:
r2: 1.0000
rmse: 0.0103
mae: 0.0078
Validation Results:
r2: 0.9950
rmse: 0.1390
mae: 0.0764
Test Results:
r2: 0.9925
rmse: 0.1642
mae: 0.0834
86/101
train r2: 0.999971598202327, valid r2: 0.9951275130982957, test r2: 0.99255507662548
Training Results:
r2: 1.0000
rmse: 0.0103
mae: 0.0076
Validation Results:
r2: 0.9951
rmse: 0.1375
mae: 0.0762
Test Results:
r2: 0.9926
rmse: 0.1635
mae: 0.0828
87/101
train r2: 0.9999694469718858, valid r2: 0.9948998206356697, test r2: 0.9923967443185191
Training Results:
r2: 1.0000
rmse: 0.0106
mae: 0.0078
Validation Results:
r2: 0.9949
rmse: 0.1407
mae: 0.0771
Test Results:
r2: 0.9924
rmse: 0.1653
mae: 0.0835
88/101
train r2: 0.9999762252685007, valid r2: 0.995039300847503, test r2: 0.9924791790496323
Training Results:
r2: 1.0000
rmse: 0.0094
mae: 0.0071
Validation Results:
r2: 0.9950
rmse: 0.1387
mae: 0.0768
Test Results:
r2: 0.9925
rmse: 0.1644
mae: 0.0827
89/101
train r2: 0.9999827108076994, valid r2: 0.9949716817585174, test r2: 0.9924599993725185
Training Results:
r2: 1.0000
rmse: 0.0080
mae: 0.0059
Validation Results:
r2: 0.9950
rmse: 0.1397
mae: 0.0767
Test Results:
r2: 0.9925
rmse: 0.1646
mae: 0.0828
90/101
train r2: 0.9999864155854055, valid r2: 0.9950348392165695, test r2: 0.9923484414044185
Training Results:
r2: 1.0000
rmse: 0.0071
mae: 0.0055
Validation Results:
r2: 0.9950
rmse: 0.1388
mae: 0.0769
Test Results:
r2: 0.9923
rmse: 0.1658
mae: 0.0834
91/101
train r2: 0.9999910883730552, valid r2: 0.9950105579789095, test r2: 0.9923108580940965
Training Results:
r2: 1.0000
rmse: 0.0058
mae: 0.0043
Validation Results:
r2: 0.9950
rmse: 0.1391
mae: 0.0768
Test Results:
r2: 0.9923
rmse: 0.1662
mae: 0.0830
92/101
train r2: 0.9999948500172403, valid r2: 0.9950176024292889, test r2: 0.992287057090524
Training Results:
r2: 1.0000
rmse: 0.0044
mae: 0.0033
Validation Results:
r2: 0.9950
rmse: 0.1390
mae: 0.0766
Test Results:
r2: 0.9923
rmse: 0.1665
mae: 0.0831
93/101
train r2: 0.9999952968528926, valid r2: 0.9949659907706987, test r2: 0.9922809641372764
Training Results:
r2: 1.0000
rmse: 0.0042
mae: 0.0032
Validation Results:
r2: 0.9950
rmse: 0.1398
mae: 0.0770
Test Results:
r2: 0.9923
rmse: 0.1665
mae: 0.0832
94/101
train r2: 0.999996478535489, valid r2: 0.99506263161433, test r2: 0.9923368293378587
Training Results:
r2: 1.0000
rmse: 0.0036
mae: 0.0028
Validation Results:
r2: 0.9951
rmse: 0.1384
mae: 0.0768
Test Results:
r2: 0.9923
rmse: 0.1659
mae: 0.0831
95/101
train r2: 0.9999983094127443, valid r2: 0.9950336375581694, test r2: 0.9923450334783547
Training Results:
r2: 1.0000
rmse: 0.0025
mae: 0.0019
Validation Results:
r2: 0.9950
rmse: 0.1388
mae: 0.0767
Test Results:
r2: 0.9923
rmse: 0.1658
mae: 0.0828
96/101
train r2: 0.9999986200671961, valid r2: 0.9950152222241351, test r2: 0.9923193853385037
Training Results:
r2: 1.0000
rmse: 0.0023
mae: 0.0018
Validation Results:
r2: 0.9950
rmse: 0.1391
mae: 0.0767
Test Results:
r2: 0.9923
rmse: 0.1661
mae: 0.0829
97/101
train r2: 0.9999993162175741, valid r2: 0.9950186688310582, test r2: 0.9923365996783069
Training Results:
r2: 1.0000
rmse: 0.0016
mae: 0.0013
Validation Results:
r2: 0.9950
rmse: 0.1390
mae: 0.0767
Test Results:
r2: 0.9923
rmse: 0.1659
mae: 0.0829
break!
train: 0.9999, val: 0.9953, test: 0.9927
end_test_result: (0.9887915481378088, 0.20066837966442108, 0.14186197519302368)
Time used on constrained_logP: 5:35:51
