nohup: ignoring input
***************************************************************************************************
BBBP_random_2024, 1/5 time
***************************************************************************************************
Training set: 3096; Validation set: 387; Test set: 388
Molecule graph is loaded!
parameters num:  43300624
epoch 1/500, batch 1/25, loss 0.5543
epoch 1/500, batch 2/25, loss 0.5245
epoch 1/500, batch 3/25, loss 0.4797
epoch 1/500, batch 4/25, loss 0.4755
epoch 1/500, batch 5/25, loss 0.3840
epoch 1/500, batch 6/25, loss 0.4197
epoch 1/500, batch 7/25, loss 0.4405
epoch 1/500, batch 8/25, loss 0.3843
epoch 1/500, batch 9/25, loss 0.4028
epoch 1/500, batch 10/25, loss 0.2950
epoch 1/500, batch 11/25, loss 0.3305
epoch 1/500, batch 12/25, loss 0.4089
epoch 1/500, batch 13/25, loss 0.3510
epoch 1/500, batch 14/25, loss 0.3728
epoch 1/500, batch 15/25, loss 0.3165
epoch 1/500, batch 16/25, loss 0.3169
epoch 1/500, batch 17/25, loss 0.3267
epoch 1/500, batch 18/25, loss 0.2894
epoch 1/500, batch 19/25, loss 0.3159
epoch 1/500, batch 20/25, loss 0.3674
epoch 1/500, batch 21/25, loss 0.3110
epoch 1/500, batch 22/25, loss 0.3359
epoch 1/500, batch 23/25, loss 0.3169
epoch 1/500, batch 24/25, loss 0.3733
epoch 1/500, batch 25/25, loss 0.2997
epoch 1/500, roc_auc, lr: 0.000030,  train: 0.9317, valid: 0.8873, best valid 0.0000, test: 0.8933
epoch 2/500, batch 1/25, loss 0.2863
epoch 2/500, batch 2/25, loss 0.2702
epoch 2/500, batch 3/25, loss 0.2799
epoch 2/500, batch 4/25, loss 0.2666
epoch 2/500, batch 5/25, loss 0.2868
epoch 2/500, batch 6/25, loss 0.2584
epoch 2/500, batch 7/25, loss 0.2706
epoch 2/500, batch 8/25, loss 0.2357
epoch 2/500, batch 9/25, loss 0.2453
epoch 2/500, batch 10/25, loss 0.1585
epoch 2/500, batch 11/25, loss 0.3040
epoch 2/500, batch 12/25, loss 0.2477
epoch 2/500, batch 13/25, loss 0.2453
epoch 2/500, batch 14/25, loss 0.2918
epoch 2/500, batch 15/25, loss 0.2743
epoch 2/500, batch 16/25, loss 0.2132
epoch 2/500, batch 17/25, loss 0.3088
epoch 2/500, batch 18/25, loss 0.2902
epoch 2/500, batch 19/25, loss 0.2186
epoch 2/500, batch 20/25, loss 0.2267
epoch 2/500, batch 21/25, loss 0.2329
epoch 2/500, batch 22/25, loss 0.2243
epoch 2/500, batch 23/25, loss 0.2865
epoch 2/500, batch 24/25, loss 0.2321
epoch 2/500, batch 25/25, loss 0.1688
EarlyStopping counter: 1 out of 20
epoch 2/500, roc_auc, lr: 0.000030,  train: 0.9695, valid: 0.9027, best valid 0.0000, test: 0.9097
epoch 3/500, batch 1/25, loss 0.1969
epoch 3/500, batch 2/25, loss 0.1814
epoch 3/500, batch 3/25, loss 0.1744
epoch 3/500, batch 4/25, loss 0.1851
epoch 3/500, batch 5/25, loss 0.2132
epoch 3/500, batch 6/25, loss 0.1637
epoch 3/500, batch 7/25, loss 0.1344
epoch 3/500, batch 8/25, loss 0.2035
epoch 3/500, batch 9/25, loss 0.1923
epoch 3/500, batch 10/25, loss 0.1995
epoch 3/500, batch 11/25, loss 0.1947
epoch 3/500, batch 12/25, loss 0.1500
epoch 3/500, batch 13/25, loss 0.2334
epoch 3/500, batch 14/25, loss 0.2213
epoch 3/500, batch 15/25, loss 0.2694
epoch 3/500, batch 16/25, loss 0.2126
epoch 3/500, batch 17/25, loss 0.2261
epoch 3/500, batch 18/25, loss 0.2035
epoch 3/500, batch 19/25, loss 0.2006
epoch 3/500, batch 20/25, loss 0.1854
epoch 3/500, batch 21/25, loss 0.2135
epoch 3/500, batch 22/25, loss 0.1803
epoch 3/500, batch 23/25, loss 0.1669
epoch 3/500, batch 24/25, loss 0.2167
epoch 3/500, batch 25/25, loss 0.1739
EarlyStopping counter: 2 out of 20
epoch 3/500, roc_auc, lr: 0.000030,  train: 0.9851, valid: 0.8998, best valid 0.0000, test: 0.9192
epoch 4/500, batch 1/25, loss 0.1333
epoch 4/500, batch 2/25, loss 0.2070
epoch 4/500, batch 3/25, loss 0.1734
epoch 4/500, batch 4/25, loss 0.1427
epoch 4/500, batch 5/25, loss 0.1348
epoch 4/500, batch 6/25, loss 0.1471
epoch 4/500, batch 7/25, loss 0.1322
epoch 4/500, batch 8/25, loss 0.1198
epoch 4/500, batch 9/25, loss 0.1376
epoch 4/500, batch 10/25, loss 0.1346
epoch 4/500, batch 11/25, loss 0.1339
epoch 4/500, batch 12/25, loss 0.1626
epoch 4/500, batch 13/25, loss 0.1574
epoch 4/500, batch 14/25, loss 0.2101
epoch 4/500, batch 15/25, loss 0.1248
epoch 4/500, batch 16/25, loss 0.1513
epoch 4/500, batch 17/25, loss 0.1358
epoch 4/500, batch 18/25, loss 0.1145
epoch 4/500, batch 19/25, loss 0.1799
epoch 4/500, batch 20/25, loss 0.2001
epoch 4/500, batch 21/25, loss 0.1679
epoch 4/500, batch 22/25, loss 0.1664
epoch 4/500, batch 23/25, loss 0.1860
epoch 4/500, batch 24/25, loss 0.1880
epoch 4/500, batch 25/25, loss 0.1390
EarlyStopping counter: 3 out of 20
epoch 4/500, roc_auc, lr: 0.000030,  train: 0.9933, valid: 0.9084, best valid 0.0000, test: 0.9183
epoch 5/500, batch 1/25, loss 0.1293
epoch 5/500, batch 2/25, loss 0.1134
epoch 5/500, batch 3/25, loss 0.1153
epoch 5/500, batch 4/25, loss 0.1021
epoch 5/500, batch 5/25, loss 0.1199
epoch 5/500, batch 6/25, loss 0.1160
epoch 5/500, batch 7/25, loss 0.0901
epoch 5/500, batch 8/25, loss 0.1223
epoch 5/500, batch 9/25, loss 0.1044
epoch 5/500, batch 10/25, loss 0.0926
epoch 5/500, batch 11/25, loss 0.1261
epoch 5/500, batch 12/25, loss 0.1459
epoch 5/500, batch 13/25, loss 0.1183
epoch 5/500, batch 14/25, loss 0.1213
epoch 5/500, batch 15/25, loss 0.0889
epoch 5/500, batch 16/25, loss 0.1339
epoch 5/500, batch 17/25, loss 0.1331
epoch 5/500, batch 18/25, loss 0.1338
epoch 5/500, batch 19/25, loss 0.1316
epoch 5/500, batch 20/25, loss 0.1370
epoch 5/500, batch 21/25, loss 0.0930
epoch 5/500, batch 22/25, loss 0.1069
epoch 5/500, batch 23/25, loss 0.1625
epoch 5/500, batch 24/25, loss 0.1233
epoch 5/500, batch 25/25, loss 0.1305
EarlyStopping counter: 4 out of 20
epoch 5/500, roc_auc, lr: 0.000030,  train: 0.9971, valid: 0.9011, best valid 0.0000, test: 0.9175
epoch 6/500, batch 1/25, loss 0.0978
epoch 6/500, batch 2/25, loss 0.0980
epoch 6/500, batch 3/25, loss 0.0955
epoch 6/500, batch 4/25, loss 0.0903
epoch 6/500, batch 5/25, loss 0.0807
epoch 6/500, batch 6/25, loss 0.0809
epoch 6/500, batch 7/25, loss 0.0615
epoch 6/500, batch 8/25, loss 0.0713
epoch 6/500, batch 9/25, loss 0.1042
epoch 6/500, batch 10/25, loss 0.0854
epoch 6/500, batch 11/25, loss 0.0723
epoch 6/500, batch 12/25, loss 0.0829
epoch 6/500, batch 13/25, loss 0.1098
epoch 6/500, batch 14/25, loss 0.0582
epoch 6/500, batch 15/25, loss 0.1013
epoch 6/500, batch 16/25, loss 0.0742
epoch 6/500, batch 17/25, loss 0.0820
epoch 6/500, batch 18/25, loss 0.0842
epoch 6/500, batch 19/25, loss 0.0722
epoch 6/500, batch 20/25, loss 0.0796
epoch 6/500, batch 21/25, loss 0.1462
epoch 6/500, batch 22/25, loss 0.1017
epoch 6/500, batch 23/25, loss 0.0805
epoch 6/500, batch 24/25, loss 0.0717
epoch 6/500, batch 25/25, loss 0.1846
epoch 6/500, roc_auc, lr: 0.000030,  train: 0.9992, valid: 0.9003, best valid 0.9003, test: 0.9152
epoch 7/500, batch 1/25, loss 0.0533
epoch 7/500, batch 2/25, loss 0.0644
epoch 7/500, batch 3/25, loss 0.0636
epoch 7/500, batch 4/25, loss 0.0732
epoch 7/500, batch 5/25, loss 0.0512
epoch 7/500, batch 6/25, loss 0.0676
epoch 7/500, batch 7/25, loss 0.0854
epoch 7/500, batch 8/25, loss 0.0680
epoch 7/500, batch 9/25, loss 0.0673
epoch 7/500, batch 10/25, loss 0.0486
epoch 7/500, batch 11/25, loss 0.0651
epoch 7/500, batch 12/25, loss 0.0404
epoch 7/500, batch 13/25, loss 0.0814
epoch 7/500, batch 14/25, loss 0.0518
epoch 7/500, batch 15/25, loss 0.0735
epoch 7/500, batch 16/25, loss 0.0498
epoch 7/500, batch 17/25, loss 0.0566
epoch 7/500, batch 18/25, loss 0.0620
epoch 7/500, batch 19/25, loss 0.0740
epoch 7/500, batch 20/25, loss 0.0578
epoch 7/500, batch 21/25, loss 0.0775
epoch 7/500, batch 22/25, loss 0.0473
epoch 7/500, batch 23/25, loss 0.0626
epoch 7/500, batch 24/25, loss 0.0534
epoch 7/500, batch 25/25, loss 0.0585
epoch 7/500, roc_auc, lr: 0.000030,  train: 0.9997, valid: 0.9020, best valid 0.9020, test: 0.9170
epoch 8/500, batch 1/25, loss 0.0282
epoch 8/500, batch 2/25, loss 0.0521
epoch 8/500, batch 3/25, loss 0.0541
epoch 8/500, batch 4/25, loss 0.0613
epoch 8/500, batch 5/25, loss 0.0462
epoch 8/500, batch 6/25, loss 0.0334
epoch 8/500, batch 7/25, loss 0.0677
epoch 8/500, batch 8/25, loss 0.0462
epoch 8/500, batch 9/25, loss 0.0359
epoch 8/500, batch 10/25, loss 0.0617
epoch 8/500, batch 11/25, loss 0.0457
epoch 8/500, batch 12/25, loss 0.0394
epoch 8/500, batch 13/25, loss 0.0338
epoch 8/500, batch 14/25, loss 0.0451
epoch 8/500, batch 15/25, loss 0.0389
epoch 8/500, batch 16/25, loss 0.0542
epoch 8/500, batch 17/25, loss 0.0434
epoch 8/500, batch 18/25, loss 0.0318
epoch 8/500, batch 19/25, loss 0.0373
epoch 8/500, batch 20/25, loss 0.0664
epoch 8/500, batch 21/25, loss 0.0284
epoch 8/500, batch 22/25, loss 0.0530
epoch 8/500, batch 23/25, loss 0.0498
epoch 8/500, batch 24/25, loss 0.0801
epoch 8/500, batch 25/25, loss 0.0658
EarlyStopping counter: 1 out of 20
epoch 8/500, roc_auc, lr: 0.000030,  train: 0.9999, valid: 0.9004, best valid 0.9020, test: 0.9169
epoch 9/500, batch 1/25, loss 0.0244
epoch 9/500, batch 2/25, loss 0.0259
epoch 9/500, batch 3/25, loss 0.0322
epoch 9/500, batch 4/25, loss 0.0315
epoch 9/500, batch 5/25, loss 0.0528
epoch 9/500, batch 6/25, loss 0.0274
epoch 9/500, batch 7/25, loss 0.0415
epoch 9/500, batch 8/25, loss 0.0441
epoch 9/500, batch 9/25, loss 0.0180
epoch 9/500, batch 10/25, loss 0.0379
epoch 9/500, batch 11/25, loss 0.0302
epoch 9/500, batch 12/25, loss 0.0221
epoch 9/500, batch 13/25, loss 0.0316
epoch 9/500, batch 14/25, loss 0.0288
epoch 9/500, batch 15/25, loss 0.0313
epoch 9/500, batch 16/25, loss 0.0527
epoch 9/500, batch 17/25, loss 0.0614
epoch 9/500, batch 18/25, loss 0.0338
epoch 9/500, batch 19/25, loss 0.0276
epoch 9/500, batch 20/25, loss 0.0276
epoch 9/500, batch 21/25, loss 0.0854
epoch 9/500, batch 22/25, loss 0.0319
epoch 9/500, batch 23/25, loss 0.0280
epoch 9/500, batch 24/25, loss 0.0335
epoch 9/500, batch 25/25, loss 0.1017
EarlyStopping counter: 2 out of 20
epoch 9/500, roc_auc, lr: 0.000030,  train: 0.9991, valid: 0.8983, best valid 0.9020, test: 0.9108
epoch 10/500, batch 1/25, loss 0.0321
epoch 10/500, batch 2/25, loss 0.0156
epoch 10/500, batch 3/25, loss 0.0244
epoch 10/500, batch 4/25, loss 0.0297
epoch 10/500, batch 5/25, loss 0.0697
epoch 10/500, batch 6/25, loss 0.0285
epoch 10/500, batch 7/25, loss 0.0856
epoch 10/500, batch 8/25, loss 0.0227
epoch 10/500, batch 9/25, loss 0.0270
epoch 10/500, batch 10/25, loss 0.0161
epoch 10/500, batch 11/25, loss 0.0917
epoch 10/500, batch 12/25, loss 0.0216
epoch 10/500, batch 13/25, loss 0.0339
epoch 10/500, batch 14/25, loss 0.0381
epoch 10/500, batch 15/25, loss 0.0304
epoch 10/500, batch 16/25, loss 0.0475
epoch 10/500, batch 17/25, loss 0.0536
epoch 10/500, batch 18/25, loss 0.0261
epoch 10/500, batch 19/25, loss 0.0204
epoch 10/500, batch 20/25, loss 0.0152
epoch 10/500, batch 21/25, loss 0.0278
epoch 10/500, batch 22/25, loss 0.0316
epoch 10/500, batch 23/25, loss 0.0454
epoch 10/500, batch 24/25, loss 0.0240
epoch 10/500, batch 25/25, loss 0.1009
EarlyStopping counter: 3 out of 20
epoch 10/500, roc_auc, lr: 0.000030,  train: 0.9991, valid: 0.8922, best valid 0.9020, test: 0.9160
epoch 11/500, batch 1/25, loss 0.0310
epoch 11/500, batch 2/25, loss 0.0322
epoch 11/500, batch 3/25, loss 0.0466
epoch 11/500, batch 4/25, loss 0.0112
epoch 11/500, batch 5/25, loss 0.0159
epoch 11/500, batch 6/25, loss 0.0128
epoch 11/500, batch 7/25, loss 0.0157
epoch 11/500, batch 8/25, loss 0.0170
epoch 11/500, batch 9/25, loss 0.0507
epoch 11/500, batch 10/25, loss 0.0667
epoch 11/500, batch 11/25, loss 0.0479
epoch 11/500, batch 12/25, loss 0.0510
epoch 11/500, batch 13/25, loss 0.0274
epoch 11/500, batch 14/25, loss 0.0154
epoch 11/500, batch 15/25, loss 0.0826
epoch 11/500, batch 16/25, loss 0.0398
epoch 11/500, batch 17/25, loss 0.0788
epoch 11/500, batch 18/25, loss 0.0233
epoch 11/500, batch 19/25, loss 0.0600
epoch 11/500, batch 20/25, loss 0.0761
epoch 11/500, batch 21/25, loss 0.0107
epoch 11/500, batch 22/25, loss 0.0214
epoch 11/500, batch 23/25, loss 0.0216
epoch 11/500, batch 24/25, loss 0.0240
epoch 11/500, batch 25/25, loss 0.0261
EarlyStopping counter: 4 out of 20
epoch 11/500, roc_auc, lr: 0.000030,  train: 0.9997, valid: 0.8941, best valid 0.9020, test: 0.9139
epoch 12/500, batch 1/25, loss 0.0289
epoch 12/500, batch 2/25, loss 0.0604
epoch 12/500, batch 3/25, loss 0.0137
epoch 12/500, batch 4/25, loss 0.0255
epoch 12/500, batch 5/25, loss 0.0205
epoch 12/500, batch 6/25, loss 0.0136
epoch 12/500, batch 7/25, loss 0.0134
epoch 12/500, batch 8/25, loss 0.0180
epoch 12/500, batch 9/25, loss 0.0327
epoch 12/500, batch 10/25, loss 0.0485
epoch 12/500, batch 11/25, loss 0.0095
epoch 12/500, batch 12/25, loss 0.0069
epoch 12/500, batch 13/25, loss 0.0317
epoch 12/500, batch 14/25, loss 0.0172
epoch 12/500, batch 15/25, loss 0.0280
epoch 12/500, batch 16/25, loss 0.0606
epoch 12/500, batch 17/25, loss 0.0167
epoch 12/500, batch 18/25, loss 0.0107
epoch 12/500, batch 19/25, loss 0.0605
epoch 12/500, batch 20/25, loss 0.0279
epoch 12/500, batch 21/25, loss 0.0216
epoch 12/500, batch 22/25, loss 0.0243
epoch 12/500, batch 23/25, loss 0.0171
epoch 12/500, batch 24/25, loss 0.0290
epoch 12/500, batch 25/25, loss 0.0134
EarlyStopping counter: 5 out of 20
epoch 12/500, roc_auc, lr: 0.000030,  train: 0.9999, valid: 0.8961, best valid 0.9020, test: 0.9143
epoch 13/500, batch 1/25, loss 0.0074
epoch 13/500, batch 2/25, loss 0.0047
epoch 13/500, batch 3/25, loss 0.0323
epoch 13/500, batch 4/25, loss 0.0141
epoch 13/500, batch 5/25, loss 0.0064
epoch 13/500, batch 6/25, loss 0.0110
epoch 13/500, batch 7/25, loss 0.0244
epoch 13/500, batch 8/25, loss 0.0099
epoch 13/500, batch 9/25, loss 0.0185
epoch 13/500, batch 10/25, loss 0.0249
epoch 13/500, batch 11/25, loss 0.0132
epoch 13/500, batch 12/25, loss 0.0182
epoch 13/500, batch 13/25, loss 0.0093
epoch 13/500, batch 14/25, loss 0.0223
epoch 13/500, batch 15/25, loss 0.0458
epoch 13/500, batch 16/25, loss 0.0225
epoch 13/500, batch 17/25, loss 0.0097
epoch 13/500, batch 18/25, loss 0.0121
epoch 13/500, batch 19/25, loss 0.0218
epoch 13/500, batch 20/25, loss 0.0117
epoch 13/500, batch 21/25, loss 0.0101
epoch 13/500, batch 22/25, loss 0.0245
epoch 13/500, batch 23/25, loss 0.0416
epoch 13/500, batch 24/25, loss 0.0424
epoch 13/500, batch 25/25, loss 0.0072
EarlyStopping counter: 6 out of 20
epoch 13/500, roc_auc, lr: 0.000030,  train: 1.0000, valid: 0.8903, best valid 0.9020, test: 0.9106
epoch 14/500, batch 1/25, loss 0.0188
epoch 14/500, batch 2/25, loss 0.0095
epoch 14/500, batch 3/25, loss 0.0110
epoch 14/500, batch 4/25, loss 0.0109
epoch 14/500, batch 5/25, loss 0.0060
epoch 14/500, batch 6/25, loss 0.0070
epoch 14/500, batch 7/25, loss 0.0074
epoch 14/500, batch 8/25, loss 0.0087
epoch 14/500, batch 9/25, loss 0.0195
epoch 14/500, batch 10/25, loss 0.0238
epoch 14/500, batch 11/25, loss 0.0110
epoch 14/500, batch 12/25, loss 0.0183
epoch 14/500, batch 13/25, loss 0.0185
epoch 14/500, batch 14/25, loss 0.0219
epoch 14/500, batch 15/25, loss 0.0093
epoch 14/500, batch 16/25, loss 0.0254
epoch 14/500, batch 17/25, loss 0.0167
epoch 14/500, batch 18/25, loss 0.0318
epoch 14/500, batch 19/25, loss 0.0062
epoch 14/500, batch 20/25, loss 0.0099
epoch 14/500, batch 21/25, loss 0.0061
epoch 14/500, batch 22/25, loss 0.0303
epoch 14/500, batch 23/25, loss 0.0043
epoch 14/500, batch 24/25, loss 0.0387
epoch 14/500, batch 25/25, loss 0.0306
EarlyStopping counter: 7 out of 20
epoch 14/500, roc_auc, lr: 0.000030,  train: 0.9999, valid: 0.8933, best valid 0.9020, test: 0.9118
epoch 15/500, batch 1/25, loss 0.0431
epoch 15/500, batch 2/25, loss 0.0083
epoch 15/500, batch 3/25, loss 0.0113
epoch 15/500, batch 4/25, loss 0.0115
epoch 15/500, batch 5/25, loss 0.0104
epoch 15/500, batch 6/25, loss 0.0109
epoch 15/500, batch 7/25, loss 0.0052
epoch 15/500, batch 8/25, loss 0.0064
epoch 15/500, batch 9/25, loss 0.0228
epoch 15/500, batch 10/25, loss 0.0061
epoch 15/500, batch 11/25, loss 0.0222
epoch 15/500, batch 12/25, loss 0.0029
epoch 15/500, batch 13/25, loss 0.0327
epoch 15/500, batch 14/25, loss 0.0035
epoch 15/500, batch 15/25, loss 0.0274
epoch 15/500, batch 16/25, loss 0.0234
epoch 15/500, batch 17/25, loss 0.0289
epoch 15/500, batch 18/25, loss 0.0055
epoch 15/500, batch 19/25, loss 0.0076
epoch 15/500, batch 20/25, loss 0.0067
epoch 15/500, batch 21/25, loss 0.0091
epoch 15/500, batch 22/25, loss 0.0441
epoch 15/500, batch 23/25, loss 0.0045
epoch 15/500, batch 24/25, loss 0.0242
epoch 15/500, batch 25/25, loss 0.0075
EarlyStopping counter: 8 out of 20
epoch 15/500, roc_auc, lr: 0.000030,  train: 1.0000, valid: 0.8813, best valid 0.9020, test: 0.9081
epoch 16/500, batch 1/25, loss 0.0089
epoch 16/500, batch 2/25, loss 0.0130
epoch 16/500, batch 3/25, loss 0.0068
epoch 16/500, batch 4/25, loss 0.0033
epoch 16/500, batch 5/25, loss 0.0037
epoch 16/500, batch 6/25, loss 0.0040
epoch 16/500, batch 7/25, loss 0.0184
epoch 16/500, batch 8/25, loss 0.0138
epoch 16/500, batch 9/25, loss 0.0199
epoch 16/500, batch 10/25, loss 0.0035
epoch 16/500, batch 11/25, loss 0.0046
epoch 16/500, batch 12/25, loss 0.0168
epoch 16/500, batch 13/25, loss 0.0104
epoch 16/500, batch 14/25, loss 0.0037
epoch 16/500, batch 15/25, loss 0.0158
epoch 16/500, batch 16/25, loss 0.0284
epoch 16/500, batch 17/25, loss 0.0074
epoch 16/500, batch 18/25, loss 0.0066
epoch 16/500, batch 19/25, loss 0.0024
epoch 16/500, batch 20/25, loss 0.0060
epoch 16/500, batch 21/25, loss 0.0055
epoch 16/500, batch 22/25, loss 0.0208
epoch 16/500, batch 23/25, loss 0.0190
epoch 16/500, batch 24/25, loss 0.0252
epoch 16/500, batch 25/25, loss 0.0012
EarlyStopping counter: 9 out of 20
epoch 16/500, roc_auc, lr: 0.000030,  train: 1.0000, valid: 0.8924, best valid 0.9020, test: 0.9085
epoch 17/500, batch 1/25, loss 0.0020
epoch 17/500, batch 2/25, loss 0.0151
epoch 17/500, batch 3/25, loss 0.0026
epoch 17/500, batch 4/25, loss 0.0031
epoch 17/500, batch 5/25, loss 0.0027
epoch 17/500, batch 6/25, loss 0.0031
epoch 17/500, batch 7/25, loss 0.0036
epoch 17/500, batch 8/25, loss 0.0031
epoch 17/500, batch 9/25, loss 0.0023
epoch 17/500, batch 10/25, loss 0.0044
epoch 17/500, batch 11/25, loss 0.0270
epoch 17/500, batch 12/25, loss 0.0100
epoch 17/500, batch 13/25, loss 0.0176
epoch 17/500, batch 14/25, loss 0.0053
epoch 17/500, batch 15/25, loss 0.0026
epoch 17/500, batch 16/25, loss 0.0019
epoch 17/500, batch 17/25, loss 0.0131
epoch 17/500, batch 18/25, loss 0.0060
epoch 17/500, batch 19/25, loss 0.0022
epoch 17/500, batch 20/25, loss 0.0027
epoch 17/500, batch 21/25, loss 0.0200
epoch 17/500, batch 22/25, loss 0.0478
epoch 17/500, batch 23/25, loss 0.0038
epoch 17/500, batch 24/25, loss 0.0093
epoch 17/500, batch 25/25, loss 0.0596
EarlyStopping counter: 10 out of 20
epoch 17/500, roc_auc, lr: 0.000030,  train: 1.0000, valid: 0.8935, best valid 0.9020, test: 0.9121
epoch 18/500, batch 1/25, loss 0.0036
epoch 18/500, batch 2/25, loss 0.0168
epoch 18/500, batch 3/25, loss 0.0299
epoch 18/500, batch 4/25, loss 0.0039
epoch 18/500, batch 5/25, loss 0.0019
epoch 18/500, batch 6/25, loss 0.0021
epoch 18/500, batch 7/25, loss 0.0022
epoch 18/500, batch 8/25, loss 0.0022
epoch 18/500, batch 9/25, loss 0.0024
epoch 18/500, batch 10/25, loss 0.0107
epoch 18/500, batch 11/25, loss 0.0067
epoch 18/500, batch 12/25, loss 0.0051
epoch 18/500, batch 13/25, loss 0.0080
epoch 18/500, batch 14/25, loss 0.0180
epoch 18/500, batch 15/25, loss 0.0071
epoch 18/500, batch 16/25, loss 0.0123
epoch 18/500, batch 17/25, loss 0.0083
epoch 18/500, batch 18/25, loss 0.0018
epoch 18/500, batch 19/25, loss 0.0052
epoch 18/500, batch 20/25, loss 0.0023
epoch 18/500, batch 21/25, loss 0.0200
epoch 18/500, batch 22/25, loss 0.0021
epoch 18/500, batch 23/25, loss 0.0041
epoch 18/500, batch 24/25, loss 0.0232
epoch 18/500, batch 25/25, loss 0.0010
EarlyStopping counter: 11 out of 20
epoch 18/500, roc_auc, lr: 0.000030,  train: 1.0000, valid: 0.8892, best valid 0.9020, test: 0.9086
epoch 19/500, batch 1/25, loss 0.0028
epoch 19/500, batch 2/25, loss 0.0015
epoch 19/500, batch 3/25, loss 0.0089
epoch 19/500, batch 4/25, loss 0.0027
epoch 19/500, batch 5/25, loss 0.0114
epoch 19/500, batch 6/25, loss 0.0038
epoch 19/500, batch 7/25, loss 0.0083
epoch 19/500, batch 8/25, loss 0.0015
epoch 19/500, batch 9/25, loss 0.0019
epoch 19/500, batch 10/25, loss 0.0060
epoch 19/500, batch 11/25, loss 0.0020
epoch 19/500, batch 12/25, loss 0.0126
epoch 19/500, batch 13/25, loss 0.0041
epoch 19/500, batch 14/25, loss 0.0037
epoch 19/500, batch 15/25, loss 0.0018
epoch 19/500, batch 16/25, loss 0.0174
epoch 19/500, batch 17/25, loss 0.0056
epoch 19/500, batch 18/25, loss 0.0018
epoch 19/500, batch 19/25, loss 0.0103
epoch 19/500, batch 20/25, loss 0.0015
epoch 19/500, batch 21/25, loss 0.0078
epoch 19/500, batch 22/25, loss 0.0023
epoch 19/500, batch 23/25, loss 0.0027
epoch 19/500, batch 24/25, loss 0.0254
epoch 19/500, batch 25/25, loss 0.0012
EarlyStopping counter: 12 out of 20
epoch 19/500, roc_auc, lr: 0.000030,  train: 1.0000, valid: 0.8910, best valid 0.9020, test: 0.9129
epoch 20/500, batch 1/25, loss 0.0042
epoch 20/500, batch 2/25, loss 0.0010
epoch 20/500, batch 3/25, loss 0.0018
epoch 20/500, batch 4/25, loss 0.0086
epoch 20/500, batch 5/25, loss 0.0012
epoch 20/500, batch 6/25, loss 0.0044
epoch 20/500, batch 7/25, loss 0.0038
epoch 20/500, batch 8/25, loss 0.0067
epoch 20/500, batch 9/25, loss 0.0022
epoch 20/500, batch 10/25, loss 0.0124
epoch 20/500, batch 11/25, loss 0.0045
epoch 20/500, batch 12/25, loss 0.0025
epoch 20/500, batch 13/25, loss 0.0041
epoch 20/500, batch 14/25, loss 0.0043
epoch 20/500, batch 15/25, loss 0.0016
epoch 20/500, batch 16/25, loss 0.0161
epoch 20/500, batch 17/25, loss 0.0045
epoch 20/500, batch 18/25, loss 0.0026
epoch 20/500, batch 19/25, loss 0.0081
epoch 20/500, batch 20/25, loss 0.0025
epoch 20/500, batch 21/25, loss 0.0027
epoch 20/500, batch 22/25, loss 0.0014
epoch 20/500, batch 23/25, loss 0.0030
epoch 20/500, batch 24/25, loss 0.0114
epoch 20/500, batch 25/25, loss 0.0061
EarlyStopping counter: 13 out of 20
epoch 20/500, roc_auc, lr: 0.000030,  train: 1.0000, valid: 0.8924, best valid 0.9020, test: 0.9135
epoch 21/500, batch 1/25, loss 0.0018
epoch 21/500, batch 2/25, loss 0.0039
epoch 21/500, batch 3/25, loss 0.0036
epoch 21/500, batch 4/25, loss 0.0012
epoch 21/500, batch 5/25, loss 0.0033
epoch 21/500, batch 6/25, loss 0.0012
epoch 21/500, batch 7/25, loss 0.0124
epoch 21/500, batch 8/25, loss 0.0011
epoch 21/500, batch 9/25, loss 0.0014
epoch 21/500, batch 10/25, loss 0.0017
epoch 21/500, batch 11/25, loss 0.0015
epoch 21/500, batch 12/25, loss 0.0021
epoch 21/500, batch 13/25, loss 0.0053
epoch 21/500, batch 14/25, loss 0.0023
epoch 21/500, batch 15/25, loss 0.0023
epoch 21/500, batch 16/25, loss 0.0023
epoch 21/500, batch 17/25, loss 0.0269
epoch 21/500, batch 18/25, loss 0.0017
epoch 21/500, batch 19/25, loss 0.0039
epoch 21/500, batch 20/25, loss 0.0160
epoch 21/500, batch 21/25, loss 0.0045
epoch 21/500, batch 22/25, loss 0.0025
epoch 21/500, batch 23/25, loss 0.0010
epoch 21/500, batch 24/25, loss 0.0012
epoch 21/500, batch 25/25, loss 0.0120
EarlyStopping counter: 14 out of 20
epoch 21/500, roc_auc, lr: 0.000030,  train: 1.0000, valid: 0.8912, best valid 0.9020, test: 0.9113
epoch 22/500, batch 1/25, loss 0.0074
epoch 22/500, batch 2/25, loss 0.0012
epoch 22/500, batch 3/25, loss 0.0093
epoch 22/500, batch 4/25, loss 0.0012
epoch 22/500, batch 5/25, loss 0.0016
epoch 22/500, batch 6/25, loss 0.0009
epoch 22/500, batch 7/25, loss 0.0126
epoch 22/500, batch 8/25, loss 0.0028
epoch 22/500, batch 9/25, loss 0.0086
epoch 22/500, batch 10/25, loss 0.0038
epoch 22/500, batch 11/25, loss 0.0032
epoch 22/500, batch 12/25, loss 0.0027
epoch 22/500, batch 13/25, loss 0.0354
epoch 22/500, batch 14/25, loss 0.0067
epoch 22/500, batch 15/25, loss 0.0136
epoch 22/500, batch 16/25, loss 0.0045
epoch 22/500, batch 17/25, loss 0.0012
epoch 22/500, batch 18/25, loss 0.0012
epoch 22/500, batch 19/25, loss 0.0012
epoch 22/500, batch 20/25, loss 0.0013
epoch 22/500, batch 21/25, loss 0.0018
epoch 22/500, batch 22/25, loss 0.0031
epoch 22/500, batch 23/25, loss 0.0011
epoch 22/500, batch 24/25, loss 0.0118
epoch 22/500, batch 25/25, loss 0.0017
EarlyStopping counter: 15 out of 20
epoch 22/500, roc_auc, lr: 0.000030,  train: 1.0000, valid: 0.8906, best valid 0.9020, test: 0.9117
epoch 23/500, batch 1/25, loss 0.0007
epoch 23/500, batch 2/25, loss 0.0021
epoch 23/500, batch 3/25, loss 0.0035
epoch 23/500, batch 4/25, loss 0.0010
epoch 23/500, batch 5/25, loss 0.0022
epoch 23/500, batch 6/25, loss 0.0132
epoch 23/500, batch 7/25, loss 0.0006
epoch 23/500, batch 8/25, loss 0.0010
epoch 23/500, batch 9/25, loss 0.0013
epoch 23/500, batch 10/25, loss 0.0007
epoch 23/500, batch 11/25, loss 0.0008
epoch 23/500, batch 12/25, loss 0.0020
epoch 23/500, batch 13/25, loss 0.0011
epoch 23/500, batch 14/25, loss 0.0229
epoch 23/500, batch 15/25, loss 0.0179
epoch 23/500, batch 16/25, loss 0.0016
epoch 23/500, batch 17/25, loss 0.0058
epoch 23/500, batch 18/25, loss 0.0012
epoch 23/500, batch 19/25, loss 0.0010
epoch 23/500, batch 20/25, loss 0.0012
epoch 23/500, batch 21/25, loss 0.0009
epoch 23/500, batch 22/25, loss 0.0031
epoch 23/500, batch 23/25, loss 0.0220
epoch 23/500, batch 24/25, loss 0.0008
epoch 23/500, batch 25/25, loss 0.0008
EarlyStopping counter: 16 out of 20
epoch 23/500, roc_auc, lr: 0.000030,  train: 1.0000, valid: 0.8899, best valid 0.9020, test: 0.9110
epoch 24/500, batch 1/25, loss 0.0020
epoch 24/500, batch 2/25, loss 0.0010
epoch 24/500, batch 3/25, loss 0.0008
epoch 24/500, batch 4/25, loss 0.0018
epoch 24/500, batch 5/25, loss 0.0036
epoch 24/500, batch 6/25, loss 0.0027
epoch 24/500, batch 7/25, loss 0.0031
epoch 24/500, batch 8/25, loss 0.0015
epoch 24/500, batch 9/25, loss 0.0025
epoch 24/500, batch 10/25, loss 0.0018
epoch 24/500, batch 11/25, loss 0.0598
epoch 24/500, batch 12/25, loss 0.0014
epoch 24/500, batch 13/25, loss 0.0010
epoch 24/500, batch 14/25, loss 0.0015
epoch 24/500, batch 15/25, loss 0.0013
epoch 24/500, batch 16/25, loss 0.0013
epoch 24/500, batch 17/25, loss 0.0008
epoch 24/500, batch 18/25, loss 0.0112
epoch 24/500, batch 19/25, loss 0.0009
epoch 24/500, batch 20/25, loss 0.0008
epoch 24/500, batch 21/25, loss 0.0015
epoch 24/500, batch 22/25, loss 0.0103
epoch 24/500, batch 23/25, loss 0.0008
epoch 24/500, batch 24/25, loss 0.0010
epoch 24/500, batch 25/25, loss 0.0035
EarlyStopping counter: 17 out of 20
epoch 24/500, roc_auc, lr: 0.000030,  train: 1.0000, valid: 0.8926, best valid 0.9020, test: 0.9149
epoch 25/500, batch 1/25, loss 0.0217
epoch 25/500, batch 2/25, loss 0.0011
epoch 25/500, batch 3/25, loss 0.0029
epoch 25/500, batch 4/25, loss 0.0009
epoch 25/500, batch 5/25, loss 0.0008
epoch 25/500, batch 6/25, loss 0.0010
epoch 25/500, batch 7/25, loss 0.0008
epoch 25/500, batch 8/25, loss 0.0008
epoch 25/500, batch 9/25, loss 0.0137
epoch 25/500, batch 10/25, loss 0.0017
epoch 25/500, batch 11/25, loss 0.0008
epoch 25/500, batch 12/25, loss 0.0011
epoch 25/500, batch 13/25, loss 0.0010
epoch 25/500, batch 14/25, loss 0.0009
epoch 25/500, batch 15/25, loss 0.0009
epoch 25/500, batch 16/25, loss 0.0014
epoch 25/500, batch 17/25, loss 0.0028
epoch 25/500, batch 18/25, loss 0.0005
epoch 25/500, batch 19/25, loss 0.0015
epoch 25/500, batch 20/25, loss 0.0011
epoch 25/500, batch 21/25, loss 0.0008
epoch 25/500, batch 22/25, loss 0.0050
epoch 25/500, batch 23/25, loss 0.0012
epoch 25/500, batch 24/25, loss 0.0015
epoch 25/500, batch 25/25, loss 0.0031
EarlyStopping counter: 18 out of 20
epoch 25/500, roc_auc, lr: 0.000030,  train: 1.0000, valid: 0.8895, best valid 0.9020, test: 0.9118
epoch 26/500, batch 1/25, loss 0.0007
epoch 26/500, batch 2/25, loss 0.0019
epoch 26/500, batch 3/25, loss 0.0007
epoch 26/500, batch 4/25, loss 0.0008
epoch 26/500, batch 5/25, loss 0.0008
epoch 26/500, batch 6/25, loss 0.0023
epoch 26/500, batch 7/25, loss 0.0009
epoch 26/500, batch 8/25, loss 0.0015
epoch 26/500, batch 9/25, loss 0.0068
epoch 26/500, batch 10/25, loss 0.0009
epoch 26/500, batch 11/25, loss 0.0007
epoch 26/500, batch 12/25, loss 0.0047
epoch 26/500, batch 13/25, loss 0.0008
epoch 26/500, batch 14/25, loss 0.0014
epoch 26/500, batch 15/25, loss 0.0008
epoch 26/500, batch 16/25, loss 0.0007
epoch 26/500, batch 17/25, loss 0.0015
epoch 26/500, batch 18/25, loss 0.0006
epoch 26/500, batch 19/25, loss 0.0012
epoch 26/500, batch 20/25, loss 0.0015
epoch 26/500, batch 21/25, loss 0.0009
epoch 26/500, batch 22/25, loss 0.0012
epoch 26/500, batch 23/25, loss 0.0007
epoch 26/500, batch 24/25, loss 0.0008
epoch 26/500, batch 25/25, loss 0.0005
EarlyStopping counter: 19 out of 20
epoch 26/500, roc_auc, lr: 0.000030,  train: 1.0000, valid: 0.8899, best valid 0.9020, test: 0.9108
epoch 27/500, batch 1/25, loss 0.0009
epoch 27/500, batch 2/25, loss 0.0006
epoch 27/500, batch 3/25, loss 0.0011
epoch 27/500, batch 4/25, loss 0.0012
epoch 27/500, batch 5/25, loss 0.0009
epoch 27/500, batch 6/25, loss 0.0013
epoch 27/500, batch 7/25, loss 0.0015
epoch 27/500, batch 8/25, loss 0.0018
epoch 27/500, batch 9/25, loss 0.0052
epoch 27/500, batch 10/25, loss 0.0014
epoch 27/500, batch 11/25, loss 0.0006
epoch 27/500, batch 12/25, loss 0.0005
epoch 27/500, batch 13/25, loss 0.0006
epoch 27/500, batch 14/25, loss 0.0004
epoch 27/500, batch 15/25, loss 0.0007
epoch 27/500, batch 16/25, loss 0.0005
epoch 27/500, batch 17/25, loss 0.0008
epoch 27/500, batch 18/25, loss 0.0007
epoch 27/500, batch 19/25, loss 0.0063
epoch 27/500, batch 20/25, loss 0.0006
epoch 27/500, batch 21/25, loss 0.0006
epoch 27/500, batch 22/25, loss 0.0011
epoch 27/500, batch 23/25, loss 0.0008
epoch 27/500, batch 24/25, loss 0.0010
epoch 27/500, batch 25/25, loss 0.0008
EarlyStopping counter: 20 out of 20
epoch 27/500, roc_auc, lr: 0.000030,  train: 1.0000, valid: 0.8910, best valid 0.9020, test: 0.9115
Training time: 256.27 seconds
Testing time: 0.29 seconds
         index   train_1     val_1    test_1
0      roc_auc  0.999650  0.902014  0.916964
1      roc_prc  0.999779  0.933777  0.955633
2     accuracy  0.990310  0.824289  0.842784
3  sensitivity  0.986765  0.831325  0.834677
4  specificity  0.995857  0.811594  0.857143
5     f1-score  0.992017  0.858921  0.871579
6    precision  0.997325  0.888412  0.911894
7       recall  0.986765  0.831325  0.834677
8   error rate  0.009690  0.175711  0.157216
9          mcc  0.979782  0.629155  0.674306
********************************BBBP_random_2024, 1th_time_result*******************************
training_result: 0.9997
val_result: 0.902
test_result: 0.917
************************************1_times_result************************************
the train result of all tasks (roc_auc):  [0.99965]
the average train result of all tasks (roc_auc): 0.9997
the train result of all tasks (std): 0.0000
the train result of all tasks (var): 0.0000
the val result of all tasks (roc_auc):  [0.90201385]
the average val result of all tasks (roc_auc): 0.9020
the val result of all tasks (std): 0.0000
the val result of all tasks (var): 0.0000
the test result of all tasks (roc_auc): [0.91696429]
the average test result of all tasks (roc_auc): 0.9170
the test result of all tasks (std): 0.0000
the test result of all tasks (var): 0.0000
***************************************************************************************************
BBBP_random_2024, 2/5 time
***************************************************************************************************
Training set: 3096; Validation set: 387; Test set: 388
Molecule graph is loaded!
parameters num:  43300624
epoch 1/500, batch 1/25, loss 0.5589
epoch 1/500, batch 2/25, loss 0.5209
epoch 1/500, batch 3/25, loss 0.4039
epoch 1/500, batch 4/25, loss 0.4721
epoch 1/500, batch 5/25, loss 0.4407
epoch 1/500, batch 6/25, loss 0.3774
epoch 1/500, batch 7/25, loss 0.4277
epoch 1/500, batch 8/25, loss 0.3764
epoch 1/500, batch 9/25, loss 0.3849
epoch 1/500, batch 10/25, loss 0.3685
epoch 1/500, batch 11/25, loss 0.3613
epoch 1/500, batch 12/25, loss 0.3928
epoch 1/500, batch 13/25, loss 0.3404
epoch 1/500, batch 14/25, loss 0.3647
epoch 1/500, batch 15/25, loss 0.3807
epoch 1/500, batch 16/25, loss 0.3248
epoch 1/500, batch 17/25, loss 0.3308
epoch 1/500, batch 18/25, loss 0.3326
epoch 1/500, batch 19/25, loss 0.3931
epoch 1/500, batch 20/25, loss 0.3338
epoch 1/500, batch 21/25, loss 0.2648
epoch 1/500, batch 22/25, loss 0.3484
epoch 1/500, batch 23/25, loss 0.2888
epoch 1/500, batch 24/25, loss 0.3400
epoch 1/500, batch 25/25, loss 0.4945
epoch 1/500, roc_auc, lr: 0.000030,  train: 0.9335, valid: 0.8932, best valid 0.0000, test: 0.8935
epoch 2/500, batch 1/25, loss 0.1970
epoch 2/500, batch 2/25, loss 0.2368
epoch 2/500, batch 3/25, loss 0.2258
epoch 2/500, batch 4/25, loss 0.2770
epoch 2/500, batch 5/25, loss 0.2492
epoch 2/500, batch 6/25, loss 0.2476
epoch 2/500, batch 7/25, loss 0.2006
epoch 2/500, batch 8/25, loss 0.2597
epoch 2/500, batch 9/25, loss 0.2812
epoch 2/500, batch 10/25, loss 0.2794
epoch 2/500, batch 11/25, loss 0.2425
epoch 2/500, batch 12/25, loss 0.2690
epoch 2/500, batch 13/25, loss 0.2208
epoch 2/500, batch 14/25, loss 0.2076
epoch 2/500, batch 15/25, loss 0.2250
epoch 2/500, batch 16/25, loss 0.2119
epoch 2/500, batch 17/25, loss 0.2285
epoch 2/500, batch 18/25, loss 0.2514
epoch 2/500, batch 19/25, loss 0.2600
epoch 2/500, batch 20/25, loss 0.3161
epoch 2/500, batch 21/25, loss 0.2777
epoch 2/500, batch 22/25, loss 0.2323
epoch 2/500, batch 23/25, loss 0.2754
epoch 2/500, batch 24/25, loss 0.2740
epoch 2/500, batch 25/25, loss 0.3175
EarlyStopping counter: 1 out of 20
epoch 2/500, roc_auc, lr: 0.000030,  train: 0.9665, valid: 0.9075, best valid 0.0000, test: 0.9102
epoch 3/500, batch 1/25, loss 0.2486
epoch 3/500, batch 2/25, loss 0.2472
epoch 3/500, batch 3/25, loss 0.1895
epoch 3/500, batch 4/25, loss 0.2013
epoch 3/500, batch 5/25, loss 0.1674
epoch 3/500, batch 6/25, loss 0.1944
epoch 3/500, batch 7/25, loss 0.1780
epoch 3/500, batch 8/25, loss 0.2151
epoch 3/500, batch 9/25, loss 0.2157
epoch 3/500, batch 10/25, loss 0.1935
epoch 3/500, batch 11/25, loss 0.2520
epoch 3/500, batch 12/25, loss 0.1728
epoch 3/500, batch 13/25, loss 0.2469
epoch 3/500, batch 14/25, loss 0.1752
epoch 3/500, batch 15/25, loss 0.1875
epoch 3/500, batch 16/25, loss 0.2072
epoch 3/500, batch 17/25, loss 0.2111
epoch 3/500, batch 18/25, loss 0.1861
epoch 3/500, batch 19/25, loss 0.1822
epoch 3/500, batch 20/25, loss 0.1435
epoch 3/500, batch 21/25, loss 0.2308
epoch 3/500, batch 22/25, loss 0.1604
epoch 3/500, batch 23/25, loss 0.1951
epoch 3/500, batch 24/25, loss 0.1850
epoch 3/500, batch 25/25, loss 0.1578
EarlyStopping counter: 2 out of 20
epoch 3/500, roc_auc, lr: 0.000030,  train: 0.9865, valid: 0.9081, best valid 0.0000, test: 0.9224
epoch 4/500, batch 1/25, loss 0.1258
epoch 4/500, batch 2/25, loss 0.1819
epoch 4/500, batch 3/25, loss 0.1307
epoch 4/500, batch 4/25, loss 0.1699
epoch 4/500, batch 5/25, loss 0.1556
epoch 4/500, batch 6/25, loss 0.1209
epoch 4/500, batch 7/25, loss 0.1220
epoch 4/500, batch 8/25, loss 0.1862
epoch 4/500, batch 9/25, loss 0.1838
epoch 4/500, batch 10/25, loss 0.1530
epoch 4/500, batch 11/25, loss 0.1765
epoch 4/500, batch 12/25, loss 0.1546
epoch 4/500, batch 13/25, loss 0.1835
epoch 4/500, batch 14/25, loss 0.1131
epoch 4/500, batch 15/25, loss 0.1357
epoch 4/500, batch 16/25, loss 0.1367
epoch 4/500, batch 17/25, loss 0.1828
epoch 4/500, batch 18/25, loss 0.1618
epoch 4/500, batch 19/25, loss 0.1111
epoch 4/500, batch 20/25, loss 0.1704
epoch 4/500, batch 21/25, loss 0.1805
epoch 4/500, batch 22/25, loss 0.1317
epoch 4/500, batch 23/25, loss 0.1687
epoch 4/500, batch 24/25, loss 0.1096
epoch 4/500, batch 25/25, loss 0.1198
EarlyStopping counter: 3 out of 20
epoch 4/500, roc_auc, lr: 0.000030,  train: 0.9946, valid: 0.9066, best valid 0.0000, test: 0.9230
epoch 5/500, batch 1/25, loss 0.1011
epoch 5/500, batch 2/25, loss 0.1464
epoch 5/500, batch 3/25, loss 0.1223
epoch 5/500, batch 4/25, loss 0.0907
epoch 5/500, batch 5/25, loss 0.1498
epoch 5/500, batch 6/25, loss 0.1186
epoch 5/500, batch 7/25, loss 0.1050
epoch 5/500, batch 8/25, loss 0.1135
epoch 5/500, batch 9/25, loss 0.0908
epoch 5/500, batch 10/25, loss 0.1019
epoch 5/500, batch 11/25, loss 0.1132
epoch 5/500, batch 12/25, loss 0.1108
epoch 5/500, batch 13/25, loss 0.1257
epoch 5/500, batch 14/25, loss 0.1698
epoch 5/500, batch 15/25, loss 0.1173
epoch 5/500, batch 16/25, loss 0.0936
epoch 5/500, batch 17/25, loss 0.0779
epoch 5/500, batch 18/25, loss 0.1299
epoch 5/500, batch 19/25, loss 0.0851
epoch 5/500, batch 20/25, loss 0.1290
epoch 5/500, batch 21/25, loss 0.1327
epoch 5/500, batch 22/25, loss 0.1584
epoch 5/500, batch 23/25, loss 0.1180
epoch 5/500, batch 24/25, loss 0.0872
epoch 5/500, batch 25/25, loss 0.2504
EarlyStopping counter: 4 out of 20
epoch 5/500, roc_auc, lr: 0.000030,  train: 0.9977, valid: 0.9099, best valid 0.0000, test: 0.9216
epoch 6/500, batch 1/25, loss 0.0714
epoch 6/500, batch 2/25, loss 0.0768
epoch 6/500, batch 3/25, loss 0.0949
epoch 6/500, batch 4/25, loss 0.0859
epoch 6/500, batch 5/25, loss 0.0810
epoch 6/500, batch 6/25, loss 0.0755
epoch 6/500, batch 7/25, loss 0.0896
epoch 6/500, batch 8/25, loss 0.0790
epoch 6/500, batch 9/25, loss 0.1129
epoch 6/500, batch 10/25, loss 0.0787
epoch 6/500, batch 11/25, loss 0.0952
epoch 6/500, batch 12/25, loss 0.0750
epoch 6/500, batch 13/25, loss 0.0681
epoch 6/500, batch 14/25, loss 0.0854
epoch 6/500, batch 15/25, loss 0.0809
epoch 6/500, batch 16/25, loss 0.1020
epoch 6/500, batch 17/25, loss 0.0996
epoch 6/500, batch 18/25, loss 0.0938
epoch 6/500, batch 19/25, loss 0.1112
epoch 6/500, batch 20/25, loss 0.0512
epoch 6/500, batch 21/25, loss 0.0855
epoch 6/500, batch 22/25, loss 0.0956
epoch 6/500, batch 23/25, loss 0.1103
epoch 6/500, batch 24/25, loss 0.1024
epoch 6/500, batch 25/25, loss 0.0281
epoch 6/500, roc_auc, lr: 0.000030,  train: 0.9991, valid: 0.9078, best valid 0.9078, test: 0.9213
epoch 7/500, batch 1/25, loss 0.0505
epoch 7/500, batch 2/25, loss 0.0683
epoch 7/500, batch 3/25, loss 0.0445
epoch 7/500, batch 4/25, loss 0.0788
epoch 7/500, batch 5/25, loss 0.0632
epoch 7/500, batch 6/25, loss 0.0804
epoch 7/500, batch 7/25, loss 0.0725
epoch 7/500, batch 8/25, loss 0.0718
epoch 7/500, batch 9/25, loss 0.0525
epoch 7/500, batch 10/25, loss 0.0510
epoch 7/500, batch 11/25, loss 0.0462
epoch 7/500, batch 12/25, loss 0.0548
epoch 7/500, batch 13/25, loss 0.0716
epoch 7/500, batch 14/25, loss 0.0721
epoch 7/500, batch 15/25, loss 0.0576
epoch 7/500, batch 16/25, loss 0.0726
epoch 7/500, batch 17/25, loss 0.0664
epoch 7/500, batch 18/25, loss 0.0565
epoch 7/500, batch 19/25, loss 0.0345
epoch 7/500, batch 20/25, loss 0.0835
epoch 7/500, batch 21/25, loss 0.0761
epoch 7/500, batch 22/25, loss 0.0531
epoch 7/500, batch 23/25, loss 0.0876
epoch 7/500, batch 24/25, loss 0.0510
epoch 7/500, batch 25/25, loss 0.1866
EarlyStopping counter: 1 out of 20
epoch 7/500, roc_auc, lr: 0.000030,  train: 0.9996, valid: 0.9054, best valid 0.9078, test: 0.9209
epoch 8/500, batch 1/25, loss 0.0362
epoch 8/500, batch 2/25, loss 0.0576
epoch 8/500, batch 3/25, loss 0.0353
epoch 8/500, batch 4/25, loss 0.0412
epoch 8/500, batch 5/25, loss 0.0396
epoch 8/500, batch 6/25, loss 0.0501
epoch 8/500, batch 7/25, loss 0.0410
epoch 8/500, batch 8/25, loss 0.0369
epoch 8/500, batch 9/25, loss 0.0377
epoch 8/500, batch 10/25, loss 0.0769
epoch 8/500, batch 11/25, loss 0.0714
epoch 8/500, batch 12/25, loss 0.0490
epoch 8/500, batch 13/25, loss 0.0330
epoch 8/500, batch 14/25, loss 0.0725
epoch 8/500, batch 15/25, loss 0.0301
epoch 8/500, batch 16/25, loss 0.0276
epoch 8/500, batch 17/25, loss 0.0523
epoch 8/500, batch 18/25, loss 0.0445
epoch 8/500, batch 19/25, loss 0.0630
epoch 8/500, batch 20/25, loss 0.0813
epoch 8/500, batch 21/25, loss 0.0887
epoch 8/500, batch 22/25, loss 0.0655
epoch 8/500, batch 23/25, loss 0.0634
epoch 8/500, batch 24/25, loss 0.0769
epoch 8/500, batch 25/25, loss 0.0277
EarlyStopping counter: 2 out of 20
epoch 8/500, roc_auc, lr: 0.000030,  train: 0.9998, valid: 0.9031, best valid 0.9078, test: 0.9167
epoch 9/500, batch 1/25, loss 0.0263
epoch 9/500, batch 2/25, loss 0.0292
epoch 9/500, batch 3/25, loss 0.0499
epoch 9/500, batch 4/25, loss 0.0414
epoch 9/500, batch 5/25, loss 0.0472
epoch 9/500, batch 6/25, loss 0.0277
epoch 9/500, batch 7/25, loss 0.0311
epoch 9/500, batch 8/25, loss 0.0585
epoch 9/500, batch 9/25, loss 0.0411
epoch 9/500, batch 10/25, loss 0.0303
epoch 9/500, batch 11/25, loss 0.0325
epoch 9/500, batch 12/25, loss 0.0248
epoch 9/500, batch 13/25, loss 0.0301
epoch 9/500, batch 14/25, loss 0.0306
epoch 9/500, batch 15/25, loss 0.0381
epoch 9/500, batch 16/25, loss 0.0565
epoch 9/500, batch 17/25, loss 0.0494
epoch 9/500, batch 18/25, loss 0.0287
epoch 9/500, batch 19/25, loss 0.0406
epoch 9/500, batch 20/25, loss 0.0241
epoch 9/500, batch 21/25, loss 0.0186
epoch 9/500, batch 22/25, loss 0.0264
epoch 9/500, batch 23/25, loss 0.0342
epoch 9/500, batch 24/25, loss 0.0351
epoch 9/500, batch 25/25, loss 0.1161
EarlyStopping counter: 3 out of 20
epoch 9/500, roc_auc, lr: 0.000030,  train: 0.9997, valid: 0.9068, best valid 0.9078, test: 0.9204
epoch 10/500, batch 1/25, loss 0.0338
epoch 10/500, batch 2/25, loss 0.0140
epoch 10/500, batch 3/25, loss 0.0235
epoch 10/500, batch 4/25, loss 0.0470
epoch 10/500, batch 5/25, loss 0.0276
epoch 10/500, batch 6/25, loss 0.0147
epoch 10/500, batch 7/25, loss 0.0242
epoch 10/500, batch 8/25, loss 0.0342
epoch 10/500, batch 9/25, loss 0.0489
epoch 10/500, batch 10/25, loss 0.0182
epoch 10/500, batch 11/25, loss 0.0145
epoch 10/500, batch 12/25, loss 0.0490
epoch 10/500, batch 13/25, loss 0.0185
epoch 10/500, batch 14/25, loss 0.0325
epoch 10/500, batch 15/25, loss 0.0205
epoch 10/500, batch 16/25, loss 0.0485
epoch 10/500, batch 17/25, loss 0.0499
epoch 10/500, batch 18/25, loss 0.0459
epoch 10/500, batch 19/25, loss 0.0503
epoch 10/500, batch 20/25, loss 0.0148
epoch 10/500, batch 21/25, loss 0.0416
epoch 10/500, batch 22/25, loss 0.0389
epoch 10/500, batch 23/25, loss 0.0199
epoch 10/500, batch 24/25, loss 0.0418
epoch 10/500, batch 25/25, loss 0.0324
EarlyStopping counter: 4 out of 20
epoch 10/500, roc_auc, lr: 0.000030,  train: 0.9991, valid: 0.8992, best valid 0.9078, test: 0.9220
epoch 11/500, batch 1/25, loss 0.0076
epoch 11/500, batch 2/25, loss 0.0842
epoch 11/500, batch 3/25, loss 0.0231
epoch 11/500, batch 4/25, loss 0.0239
epoch 11/500, batch 5/25, loss 0.0119
epoch 11/500, batch 6/25, loss 0.0469
epoch 11/500, batch 7/25, loss 0.0144
epoch 11/500, batch 8/25, loss 0.0370
epoch 11/500, batch 9/25, loss 0.0166
epoch 11/500, batch 10/25, loss 0.0272
epoch 11/500, batch 11/25, loss 0.0294
epoch 11/500, batch 12/25, loss 0.0173
epoch 11/500, batch 13/25, loss 0.0284
epoch 11/500, batch 14/25, loss 0.0150
epoch 11/500, batch 15/25, loss 0.0171
epoch 11/500, batch 16/25, loss 0.0096
epoch 11/500, batch 17/25, loss 0.0098
epoch 11/500, batch 18/25, loss 0.0430
epoch 11/500, batch 19/25, loss 0.0132
epoch 11/500, batch 20/25, loss 0.0563
epoch 11/500, batch 21/25, loss 0.0106
epoch 11/500, batch 22/25, loss 0.0339
epoch 11/500, batch 23/25, loss 0.0483
epoch 11/500, batch 24/25, loss 0.0106
epoch 11/500, batch 25/25, loss 0.0575
EarlyStopping counter: 5 out of 20
epoch 11/500, roc_auc, lr: 0.000030,  train: 0.9997, valid: 0.8998, best valid 0.9078, test: 0.9227
epoch 12/500, batch 1/25, loss 0.0146
epoch 12/500, batch 2/25, loss 0.0107
epoch 12/500, batch 3/25, loss 0.0079
epoch 12/500, batch 4/25, loss 0.0127
epoch 12/500, batch 5/25, loss 0.0143
epoch 12/500, batch 6/25, loss 0.0379
epoch 12/500, batch 7/25, loss 0.0310
epoch 12/500, batch 8/25, loss 0.0102
epoch 12/500, batch 9/25, loss 0.0101
epoch 12/500, batch 10/25, loss 0.0416
epoch 12/500, batch 11/25, loss 0.0104
epoch 12/500, batch 12/25, loss 0.0247
epoch 12/500, batch 13/25, loss 0.0257
epoch 12/500, batch 14/25, loss 0.0133
epoch 12/500, batch 15/25, loss 0.0227
epoch 12/500, batch 16/25, loss 0.0086
epoch 12/500, batch 17/25, loss 0.0156
epoch 12/500, batch 18/25, loss 0.0341
epoch 12/500, batch 19/25, loss 0.0576
epoch 12/500, batch 20/25, loss 0.0085
epoch 12/500, batch 21/25, loss 0.0440
epoch 12/500, batch 22/25, loss 0.0238
epoch 12/500, batch 23/25, loss 0.0457
epoch 12/500, batch 24/25, loss 0.0176
epoch 12/500, batch 25/25, loss 0.0798
EarlyStopping counter: 6 out of 20
epoch 12/500, roc_auc, lr: 0.000030,  train: 0.9999, valid: 0.9017, best valid 0.9078, test: 0.9187
epoch 13/500, batch 1/25, loss 0.0180
epoch 13/500, batch 2/25, loss 0.0165
epoch 13/500, batch 3/25, loss 0.0371
epoch 13/500, batch 4/25, loss 0.0229
epoch 13/500, batch 5/25, loss 0.0221
epoch 13/500, batch 6/25, loss 0.0331
epoch 13/500, batch 7/25, loss 0.0109
epoch 13/500, batch 8/25, loss 0.0172
epoch 13/500, batch 9/25, loss 0.0088
epoch 13/500, batch 10/25, loss 0.0154
epoch 13/500, batch 11/25, loss 0.0080
epoch 13/500, batch 12/25, loss 0.0084
epoch 13/500, batch 13/25, loss 0.0308
epoch 13/500, batch 14/25, loss 0.0292
epoch 13/500, batch 15/25, loss 0.0103
epoch 13/500, batch 16/25, loss 0.0073
epoch 13/500, batch 17/25, loss 0.0108
epoch 13/500, batch 18/25, loss 0.0123
epoch 13/500, batch 19/25, loss 0.0158
epoch 13/500, batch 20/25, loss 0.0572
epoch 13/500, batch 21/25, loss 0.0148
epoch 13/500, batch 22/25, loss 0.0178
epoch 13/500, batch 23/25, loss 0.0609
epoch 13/500, batch 24/25, loss 0.0186
epoch 13/500, batch 25/25, loss 0.0059
EarlyStopping counter: 7 out of 20
epoch 13/500, roc_auc, lr: 0.000030,  train: 0.9992, valid: 0.9023, best valid 0.9078, test: 0.9247
epoch 14/500, batch 1/25, loss 0.0134
epoch 14/500, batch 2/25, loss 0.0192
epoch 14/500, batch 3/25, loss 0.0055
epoch 14/500, batch 4/25, loss 0.0078
epoch 14/500, batch 5/25, loss 0.0173
epoch 14/500, batch 6/25, loss 0.0121
epoch 14/500, batch 7/25, loss 0.0593
epoch 14/500, batch 8/25, loss 0.0360
epoch 14/500, batch 9/25, loss 0.0043
epoch 14/500, batch 10/25, loss 0.0085
epoch 14/500, batch 11/25, loss 0.0118
epoch 14/500, batch 12/25, loss 0.0105
epoch 14/500, batch 13/25, loss 0.0446
epoch 14/500, batch 14/25, loss 0.0053
epoch 14/500, batch 15/25, loss 0.0066
epoch 14/500, batch 16/25, loss 0.0228
epoch 14/500, batch 17/25, loss 0.0215
epoch 14/500, batch 18/25, loss 0.0112
epoch 14/500, batch 19/25, loss 0.0130
epoch 14/500, batch 20/25, loss 0.0053
epoch 14/500, batch 21/25, loss 0.0121
epoch 14/500, batch 22/25, loss 0.0070
epoch 14/500, batch 23/25, loss 0.0086
epoch 14/500, batch 24/25, loss 0.0055
epoch 14/500, batch 25/25, loss 0.1116
EarlyStopping counter: 8 out of 20
epoch 14/500, roc_auc, lr: 0.000030,  train: 1.0000, valid: 0.8996, best valid 0.9078, test: 0.9168
epoch 15/500, batch 1/25, loss 0.0117
epoch 15/500, batch 2/25, loss 0.0290
epoch 15/500, batch 3/25, loss 0.0061
epoch 15/500, batch 4/25, loss 0.0036
epoch 15/500, batch 5/25, loss 0.0212
epoch 15/500, batch 6/25, loss 0.0124
epoch 15/500, batch 7/25, loss 0.0041
epoch 15/500, batch 8/25, loss 0.0068
epoch 15/500, batch 9/25, loss 0.0046
epoch 15/500, batch 10/25, loss 0.0050
epoch 15/500, batch 11/25, loss 0.0681
epoch 15/500, batch 12/25, loss 0.0110
epoch 15/500, batch 13/25, loss 0.0216
epoch 15/500, batch 14/25, loss 0.0051
epoch 15/500, batch 15/25, loss 0.0069
epoch 15/500, batch 16/25, loss 0.0225
epoch 15/500, batch 17/25, loss 0.0078
epoch 15/500, batch 18/25, loss 0.0282
epoch 15/500, batch 19/25, loss 0.0076
epoch 15/500, batch 20/25, loss 0.0343
epoch 15/500, batch 21/25, loss 0.0045
epoch 15/500, batch 22/25, loss 0.0120
epoch 15/500, batch 23/25, loss 0.0351
epoch 15/500, batch 24/25, loss 0.0218
epoch 15/500, batch 25/25, loss 0.0031
EarlyStopping counter: 9 out of 20
epoch 15/500, roc_auc, lr: 0.000030,  train: 0.9995, valid: 0.9024, best valid 0.9078, test: 0.9248
epoch 16/500, batch 1/25, loss 0.0038
epoch 16/500, batch 2/25, loss 0.0067
epoch 16/500, batch 3/25, loss 0.0087
epoch 16/500, batch 4/25, loss 0.0029
epoch 16/500, batch 5/25, loss 0.0524
epoch 16/500, batch 6/25, loss 0.0038
epoch 16/500, batch 7/25, loss 0.0034
epoch 16/500, batch 8/25, loss 0.0179
epoch 16/500, batch 9/25, loss 0.0060
epoch 16/500, batch 10/25, loss 0.0138
epoch 16/500, batch 11/25, loss 0.0039
epoch 16/500, batch 12/25, loss 0.0117
epoch 16/500, batch 13/25, loss 0.0125
epoch 16/500, batch 14/25, loss 0.0257
epoch 16/500, batch 15/25, loss 0.0060
epoch 16/500, batch 16/25, loss 0.0071
epoch 16/500, batch 17/25, loss 0.0216
epoch 16/500, batch 18/25, loss 0.0056
epoch 16/500, batch 19/25, loss 0.0093
epoch 16/500, batch 20/25, loss 0.0105
epoch 16/500, batch 21/25, loss 0.0245
epoch 16/500, batch 22/25, loss 0.0073
epoch 16/500, batch 23/25, loss 0.0098
epoch 16/500, batch 24/25, loss 0.0268
epoch 16/500, batch 25/25, loss 0.0023
EarlyStopping counter: 10 out of 20
epoch 16/500, roc_auc, lr: 0.000030,  train: 0.9998, valid: 0.8969, best valid 0.9078, test: 0.9240
epoch 17/500, batch 1/25, loss 0.0065
epoch 17/500, batch 2/25, loss 0.0043
epoch 17/500, batch 3/25, loss 0.0021
epoch 17/500, batch 4/25, loss 0.0048
epoch 17/500, batch 5/25, loss 0.0030
epoch 17/500, batch 6/25, loss 0.0178
epoch 17/500, batch 7/25, loss 0.0046
epoch 17/500, batch 8/25, loss 0.0039
epoch 17/500, batch 9/25, loss 0.0029
epoch 17/500, batch 10/25, loss 0.0170
epoch 17/500, batch 11/25, loss 0.0025
epoch 17/500, batch 12/25, loss 0.0061
epoch 17/500, batch 13/25, loss 0.0062
epoch 17/500, batch 14/25, loss 0.0043
epoch 17/500, batch 15/25, loss 0.0051
epoch 17/500, batch 16/25, loss 0.0020
epoch 17/500, batch 17/25, loss 0.0025
epoch 17/500, batch 18/25, loss 0.0029
epoch 17/500, batch 19/25, loss 0.0362
epoch 17/500, batch 20/25, loss 0.0260
epoch 17/500, batch 21/25, loss 0.0103
epoch 17/500, batch 22/25, loss 0.0114
epoch 17/500, batch 23/25, loss 0.0186
epoch 17/500, batch 24/25, loss 0.0118
epoch 17/500, batch 25/25, loss 0.0010
EarlyStopping counter: 11 out of 20
epoch 17/500, roc_auc, lr: 0.000030,  train: 1.0000, valid: 0.8998, best valid 0.9078, test: 0.9229
epoch 18/500, batch 1/25, loss 0.0028
epoch 18/500, batch 2/25, loss 0.0066
epoch 18/500, batch 3/25, loss 0.0024
epoch 18/500, batch 4/25, loss 0.0171
epoch 18/500, batch 5/25, loss 0.0023
epoch 18/500, batch 6/25, loss 0.0029
epoch 18/500, batch 7/25, loss 0.0029
epoch 18/500, batch 8/25, loss 0.0031
epoch 18/500, batch 9/25, loss 0.0341
epoch 18/500, batch 10/25, loss 0.0105
epoch 18/500, batch 11/25, loss 0.0016
epoch 18/500, batch 12/25, loss 0.0039
epoch 18/500, batch 13/25, loss 0.0112
epoch 18/500, batch 14/25, loss 0.0032
epoch 18/500, batch 15/25, loss 0.0264
epoch 18/500, batch 16/25, loss 0.0027
epoch 18/500, batch 17/25, loss 0.0040
epoch 18/500, batch 18/25, loss 0.0081
epoch 18/500, batch 19/25, loss 0.0035
epoch 18/500, batch 20/25, loss 0.0243
epoch 18/500, batch 21/25, loss 0.0254
epoch 18/500, batch 22/25, loss 0.0025
epoch 18/500, batch 23/25, loss 0.0161
epoch 18/500, batch 24/25, loss 0.0105
epoch 18/500, batch 25/25, loss 0.0068
EarlyStopping counter: 12 out of 20
epoch 18/500, roc_auc, lr: 0.000030,  train: 0.9999, valid: 0.8958, best valid 0.9078, test: 0.9260
epoch 19/500, batch 1/25, loss 0.0015
epoch 19/500, batch 2/25, loss 0.0029
epoch 19/500, batch 3/25, loss 0.0055
epoch 19/500, batch 4/25, loss 0.0014
epoch 19/500, batch 5/25, loss 0.0106
epoch 19/500, batch 6/25, loss 0.0048
epoch 19/500, batch 7/25, loss 0.0031
epoch 19/500, batch 8/25, loss 0.0192
epoch 19/500, batch 9/25, loss 0.0036
epoch 19/500, batch 10/25, loss 0.0036
epoch 19/500, batch 11/25, loss 0.0017
epoch 19/500, batch 12/25, loss 0.0040
epoch 19/500, batch 13/25, loss 0.0026
epoch 19/500, batch 14/25, loss 0.0016
epoch 19/500, batch 15/25, loss 0.0085
epoch 19/500, batch 16/25, loss 0.0441
epoch 19/500, batch 17/25, loss 0.0054
epoch 19/500, batch 18/25, loss 0.0106
epoch 19/500, batch 19/25, loss 0.0225
epoch 19/500, batch 20/25, loss 0.0038
epoch 19/500, batch 21/25, loss 0.0094
epoch 19/500, batch 22/25, loss 0.0272
epoch 19/500, batch 23/25, loss 0.0037
epoch 19/500, batch 24/25, loss 0.0263
epoch 19/500, batch 25/25, loss 0.0025
EarlyStopping counter: 13 out of 20
epoch 19/500, roc_auc, lr: 0.000030,  train: 1.0000, valid: 0.9005, best valid 0.9078, test: 0.9262
epoch 20/500, batch 1/25, loss 0.0283
epoch 20/500, batch 2/25, loss 0.0093
epoch 20/500, batch 3/25, loss 0.0044
epoch 20/500, batch 4/25, loss 0.0082
epoch 20/500, batch 5/25, loss 0.0022
epoch 20/500, batch 6/25, loss 0.0025
epoch 20/500, batch 7/25, loss 0.0053
epoch 20/500, batch 8/25, loss 0.0030
epoch 20/500, batch 9/25, loss 0.0055
epoch 20/500, batch 10/25, loss 0.0138
epoch 20/500, batch 11/25, loss 0.0023
epoch 20/500, batch 12/25, loss 0.0025
epoch 20/500, batch 13/25, loss 0.0188
epoch 20/500, batch 14/25, loss 0.0046
epoch 20/500, batch 15/25, loss 0.0153
epoch 20/500, batch 16/25, loss 0.0173
epoch 20/500, batch 17/25, loss 0.0043
epoch 20/500, batch 18/25, loss 0.0018
epoch 20/500, batch 19/25, loss 0.0016
epoch 20/500, batch 20/25, loss 0.0018
epoch 20/500, batch 21/25, loss 0.0015
epoch 20/500, batch 22/25, loss 0.0234
epoch 20/500, batch 23/25, loss 0.0034
epoch 20/500, batch 24/25, loss 0.0036
epoch 20/500, batch 25/25, loss 0.0021
EarlyStopping counter: 14 out of 20
epoch 20/500, roc_auc, lr: 0.000030,  train: 1.0000, valid: 0.8991, best valid 0.9078, test: 0.9240
epoch 21/500, batch 1/25, loss 0.0012
epoch 21/500, batch 2/25, loss 0.0014
epoch 21/500, batch 3/25, loss 0.0026
epoch 21/500, batch 4/25, loss 0.0018
epoch 21/500, batch 5/25, loss 0.0030
epoch 21/500, batch 6/25, loss 0.0014
epoch 21/500, batch 7/25, loss 0.0049
epoch 21/500, batch 8/25, loss 0.0029
epoch 21/500, batch 9/25, loss 0.0019
epoch 21/500, batch 10/25, loss 0.0016
epoch 21/500, batch 11/25, loss 0.0014
epoch 21/500, batch 12/25, loss 0.0096
epoch 21/500, batch 13/25, loss 0.0081
epoch 21/500, batch 14/25, loss 0.0198
epoch 21/500, batch 15/25, loss 0.0023
epoch 21/500, batch 16/25, loss 0.0219
epoch 21/500, batch 17/25, loss 0.0045
epoch 21/500, batch 18/25, loss 0.0013
epoch 21/500, batch 19/25, loss 0.0071
epoch 21/500, batch 20/25, loss 0.0041
epoch 21/500, batch 21/25, loss 0.0041
epoch 21/500, batch 22/25, loss 0.0025
epoch 21/500, batch 23/25, loss 0.0012
epoch 21/500, batch 24/25, loss 0.0072
epoch 21/500, batch 25/25, loss 0.0082
EarlyStopping counter: 15 out of 20
epoch 21/500, roc_auc, lr: 0.000030,  train: 1.0000, valid: 0.9017, best valid 0.9078, test: 0.9250
epoch 22/500, batch 1/25, loss 0.0011
epoch 22/500, batch 2/25, loss 0.0022
epoch 22/500, batch 3/25, loss 0.0085
epoch 22/500, batch 4/25, loss 0.0046
epoch 22/500, batch 5/25, loss 0.0112
epoch 22/500, batch 6/25, loss 0.0016
epoch 22/500, batch 7/25, loss 0.0019
epoch 22/500, batch 8/25, loss 0.0015
epoch 22/500, batch 9/25, loss 0.0019
epoch 22/500, batch 10/25, loss 0.0013
epoch 22/500, batch 11/25, loss 0.0027
epoch 22/500, batch 12/25, loss 0.0011
epoch 22/500, batch 13/25, loss 0.0010
epoch 22/500, batch 14/25, loss 0.0015
epoch 22/500, batch 15/25, loss 0.0209
epoch 22/500, batch 16/25, loss 0.0026
epoch 22/500, batch 17/25, loss 0.0039
epoch 22/500, batch 18/25, loss 0.0029
epoch 22/500, batch 19/25, loss 0.0039
epoch 22/500, batch 20/25, loss 0.0009
epoch 22/500, batch 21/25, loss 0.0013
epoch 22/500, batch 22/25, loss 0.0026
epoch 22/500, batch 23/25, loss 0.0012
epoch 22/500, batch 24/25, loss 0.0042
epoch 22/500, batch 25/25, loss 0.0017
EarlyStopping counter: 16 out of 20
epoch 22/500, roc_auc, lr: 0.000030,  train: 1.0000, valid: 0.9030, best valid 0.9078, test: 0.9270
epoch 23/500, batch 1/25, loss 0.0014
epoch 23/500, batch 2/25, loss 0.0018
epoch 23/500, batch 3/25, loss 0.0023
epoch 23/500, batch 4/25, loss 0.0058
epoch 23/500, batch 5/25, loss 0.0014
epoch 23/500, batch 6/25, loss 0.0012
epoch 23/500, batch 7/25, loss 0.0026
epoch 23/500, batch 8/25, loss 0.0012
epoch 23/500, batch 9/25, loss 0.0024
epoch 23/500, batch 10/25, loss 0.0028
epoch 23/500, batch 11/25, loss 0.0054
epoch 23/500, batch 12/25, loss 0.0008
epoch 23/500, batch 13/25, loss 0.0007
epoch 23/500, batch 14/25, loss 0.0009
epoch 23/500, batch 15/25, loss 0.0350
epoch 23/500, batch 16/25, loss 0.0018
epoch 23/500, batch 17/25, loss 0.0035
epoch 23/500, batch 18/25, loss 0.0012
epoch 23/500, batch 19/25, loss 0.0014
epoch 23/500, batch 20/25, loss 0.0017
epoch 23/500, batch 21/25, loss 0.0031
epoch 23/500, batch 22/25, loss 0.0009
epoch 23/500, batch 23/25, loss 0.0013
epoch 23/500, batch 24/25, loss 0.0065
epoch 23/500, batch 25/25, loss 0.0032
EarlyStopping counter: 17 out of 20
epoch 23/500, roc_auc, lr: 0.000030,  train: 1.0000, valid: 0.9021, best valid 0.9078, test: 0.9248
epoch 24/500, batch 1/25, loss 0.0012
epoch 24/500, batch 2/25, loss 0.0075
epoch 24/500, batch 3/25, loss 0.0012
epoch 24/500, batch 4/25, loss 0.0027
epoch 24/500, batch 5/25, loss 0.0019
epoch 24/500, batch 6/25, loss 0.0016
epoch 24/500, batch 7/25, loss 0.0022
epoch 24/500, batch 8/25, loss 0.0018
epoch 24/500, batch 9/25, loss 0.0013
epoch 24/500, batch 10/25, loss 0.0010
epoch 24/500, batch 11/25, loss 0.0031
epoch 24/500, batch 12/25, loss 0.0014
epoch 24/500, batch 13/25, loss 0.0009
epoch 24/500, batch 14/25, loss 0.0006
epoch 24/500, batch 15/25, loss 0.0067
epoch 24/500, batch 16/25, loss 0.0029
epoch 24/500, batch 17/25, loss 0.0016
epoch 24/500, batch 18/25, loss 0.0018
epoch 24/500, batch 19/25, loss 0.0041
epoch 24/500, batch 20/25, loss 0.0056
epoch 24/500, batch 21/25, loss 0.0010
epoch 24/500, batch 22/25, loss 0.0020
epoch 24/500, batch 23/25, loss 0.0007
epoch 24/500, batch 24/25, loss 0.0007
epoch 24/500, batch 25/25, loss 0.0006
EarlyStopping counter: 18 out of 20
epoch 24/500, roc_auc, lr: 0.000030,  train: 1.0000, valid: 0.9036, best valid 0.9078, test: 0.9283
epoch 25/500, batch 1/25, loss 0.0012
epoch 25/500, batch 2/25, loss 0.0015
epoch 25/500, batch 3/25, loss 0.0006
epoch 25/500, batch 4/25, loss 0.0016
epoch 25/500, batch 5/25, loss 0.0007
epoch 25/500, batch 6/25, loss 0.0009
epoch 25/500, batch 7/25, loss 0.0016
epoch 25/500, batch 8/25, loss 0.0012
epoch 25/500, batch 9/25, loss 0.0009
epoch 25/500, batch 10/25, loss 0.0006
epoch 25/500, batch 11/25, loss 0.0009
epoch 25/500, batch 12/25, loss 0.0018
epoch 25/500, batch 13/25, loss 0.0022
epoch 25/500, batch 14/25, loss 0.0010
epoch 25/500, batch 15/25, loss 0.0019
epoch 25/500, batch 16/25, loss 0.0007
epoch 25/500, batch 17/25, loss 0.0005
epoch 25/500, batch 18/25, loss 0.0008
epoch 25/500, batch 19/25, loss 0.0230
epoch 25/500, batch 20/25, loss 0.0043
epoch 25/500, batch 21/25, loss 0.0010
epoch 25/500, batch 22/25, loss 0.0006
epoch 25/500, batch 23/25, loss 0.0012
epoch 25/500, batch 24/25, loss 0.0071
epoch 25/500, batch 25/25, loss 0.0026
EarlyStopping counter: 19 out of 20
epoch 25/500, roc_auc, lr: 0.000030,  train: 1.0000, valid: 0.9011, best valid 0.9078, test: 0.9256
epoch 26/500, batch 1/25, loss 0.0008
epoch 26/500, batch 2/25, loss 0.0009
epoch 26/500, batch 3/25, loss 0.0006
epoch 26/500, batch 4/25, loss 0.0023
epoch 26/500, batch 5/25, loss 0.0006
epoch 26/500, batch 6/25, loss 0.0028
epoch 26/500, batch 7/25, loss 0.0009
epoch 26/500, batch 8/25, loss 0.0024
epoch 26/500, batch 9/25, loss 0.0117
epoch 26/500, batch 10/25, loss 0.0006
epoch 26/500, batch 11/25, loss 0.0008
epoch 26/500, batch 12/25, loss 0.0011
epoch 26/500, batch 13/25, loss 0.0008
epoch 26/500, batch 14/25, loss 0.0316
epoch 26/500, batch 15/25, loss 0.0056
epoch 26/500, batch 16/25, loss 0.0013
epoch 26/500, batch 17/25, loss 0.0005
epoch 26/500, batch 18/25, loss 0.0019
epoch 26/500, batch 19/25, loss 0.0008
epoch 26/500, batch 20/25, loss 0.0034
epoch 26/500, batch 21/25, loss 0.0021
epoch 26/500, batch 22/25, loss 0.0044
epoch 26/500, batch 23/25, loss 0.0195
epoch 26/500, batch 24/25, loss 0.0424
epoch 26/500, batch 25/25, loss 0.0032
EarlyStopping counter: 20 out of 20
epoch 26/500, roc_auc, lr: 0.000030,  train: 1.0000, valid: 0.9033, best valid 0.9078, test: 0.9274
Training time: 245.69 seconds
Testing time: 0.28 seconds
         index   train_2     val_2    test_2
0      roc_auc  0.999096  0.907805  0.921256
1      roc_prc  0.999450  0.939447  0.957310
2     accuracy  0.987726  0.857881  0.832474
3  sensitivity  0.985177  0.883534  0.850806
4  specificity  0.991715  0.811594  0.800000
5     f1-score  0.989894  0.888889  0.866530
6    precision  0.994655  0.894309  0.882845
7       recall  0.985177  0.883534  0.850806
8   error rate  0.012274  0.142119  0.167526
9          mcc  0.974342  0.691874  0.642613
********************************BBBP_random_2024, 2th_time_result*******************************
training_result: 0.9991
val_result: 0.9078
test_result: 0.9213
************************************2_times_result************************************
the train result of all tasks (roc_auc):  [0.99965    0.99909562]
the average train result of all tasks (roc_auc): 0.9994
the train result of all tasks (std): 0.0003
the train result of all tasks (var): 0.0000
the val result of all tasks (roc_auc):  [0.90201385 0.90780513]
the average val result of all tasks (roc_auc): 0.9049
the val result of all tasks (std): 0.0029
the val result of all tasks (var): 0.0000
the test result of all tasks (roc_auc): [0.91696429 0.92125576]
the average test result of all tasks (roc_auc): 0.9191
the test result of all tasks (std): 0.0021
the test result of all tasks (var): 0.0000
***************************************************************************************************
BBBP_random_2024, 3/5 time
***************************************************************************************************
Training set: 3096; Validation set: 387; Test set: 388
Molecule graph is loaded!
parameters num:  43300624
epoch 1/500, batch 1/25, loss 0.5998
epoch 1/500, batch 2/25, loss 0.5036
epoch 1/500, batch 3/25, loss 0.4674
epoch 1/500, batch 4/25, loss 0.4275
epoch 1/500, batch 5/25, loss 0.3493
epoch 1/500, batch 6/25, loss 0.3847
epoch 1/500, batch 7/25, loss 0.3929
epoch 1/500, batch 8/25, loss 0.4105
epoch 1/500, batch 9/25, loss 0.3370
epoch 1/500, batch 10/25, loss 0.3172
epoch 1/500, batch 11/25, loss 0.4065
epoch 1/500, batch 12/25, loss 0.3607
epoch 1/500, batch 13/25, loss 0.3834
epoch 1/500, batch 14/25, loss 0.3112
epoch 1/500, batch 15/25, loss 0.3371
epoch 1/500, batch 16/25, loss 0.2734
epoch 1/500, batch 17/25, loss 0.3218
epoch 1/500, batch 18/25, loss 0.3391
epoch 1/500, batch 19/25, loss 0.3220
epoch 1/500, batch 20/25, loss 0.3362
epoch 1/500, batch 21/25, loss 0.3544
epoch 1/500, batch 22/25, loss 0.3845
epoch 1/500, batch 23/25, loss 0.2903
epoch 1/500, batch 24/25, loss 0.3698
epoch 1/500, batch 25/25, loss 0.3731
epoch 1/500, roc_auc, lr: 0.000030,  train: 0.9343, valid: 0.8892, best valid 0.0000, test: 0.8870
epoch 2/500, batch 1/25, loss 0.2094
epoch 2/500, batch 2/25, loss 0.2378
epoch 2/500, batch 3/25, loss 0.2154
epoch 2/500, batch 4/25, loss 0.2639
epoch 2/500, batch 5/25, loss 0.2969
epoch 2/500, batch 6/25, loss 0.2400
epoch 2/500, batch 7/25, loss 0.2835
epoch 2/500, batch 8/25, loss 0.2877
epoch 2/500, batch 9/25, loss 0.2642
epoch 2/500, batch 10/25, loss 0.2255
epoch 2/500, batch 11/25, loss 0.2575
epoch 2/500, batch 12/25, loss 0.2429
epoch 2/500, batch 13/25, loss 0.1978
epoch 2/500, batch 14/25, loss 0.2284
epoch 2/500, batch 15/25, loss 0.2343
epoch 2/500, batch 16/25, loss 0.2656
epoch 2/500, batch 17/25, loss 0.2239
epoch 2/500, batch 18/25, loss 0.2877
epoch 2/500, batch 19/25, loss 0.2438
epoch 2/500, batch 20/25, loss 0.2577
epoch 2/500, batch 21/25, loss 0.2559
epoch 2/500, batch 22/25, loss 0.2548
epoch 2/500, batch 23/25, loss 0.2426
epoch 2/500, batch 24/25, loss 0.2460
epoch 2/500, batch 25/25, loss 0.1846
EarlyStopping counter: 1 out of 20
epoch 2/500, roc_auc, lr: 0.000030,  train: 0.9668, valid: 0.8970, best valid 0.0000, test: 0.9088
epoch 3/500, batch 1/25, loss 0.2114
epoch 3/500, batch 2/25, loss 0.2064
epoch 3/500, batch 3/25, loss 0.2086
epoch 3/500, batch 4/25, loss 0.1664
epoch 3/500, batch 5/25, loss 0.2339
epoch 3/500, batch 6/25, loss 0.1732
epoch 3/500, batch 7/25, loss 0.1833
epoch 3/500, batch 8/25, loss 0.1825
epoch 3/500, batch 9/25, loss 0.1505
epoch 3/500, batch 10/25, loss 0.2332
epoch 3/500, batch 11/25, loss 0.1814
epoch 3/500, batch 12/25, loss 0.1789
epoch 3/500, batch 13/25, loss 0.1561
epoch 3/500, batch 14/25, loss 0.1570
epoch 3/500, batch 15/25, loss 0.2017
epoch 3/500, batch 16/25, loss 0.2119
epoch 3/500, batch 17/25, loss 0.1607
epoch 3/500, batch 18/25, loss 0.1631
epoch 3/500, batch 19/25, loss 0.2098
epoch 3/500, batch 20/25, loss 0.2194
epoch 3/500, batch 21/25, loss 0.2231
epoch 3/500, batch 22/25, loss 0.2478
epoch 3/500, batch 23/25, loss 0.2040
epoch 3/500, batch 24/25, loss 0.2295
epoch 3/500, batch 25/25, loss 0.2912
EarlyStopping counter: 2 out of 20
epoch 3/500, roc_auc, lr: 0.000030,  train: 0.9846, valid: 0.9084, best valid 0.0000, test: 0.9145
epoch 4/500, batch 1/25, loss 0.1682
epoch 4/500, batch 2/25, loss 0.1184
epoch 4/500, batch 3/25, loss 0.1904
epoch 4/500, batch 4/25, loss 0.1847
epoch 4/500, batch 5/25, loss 0.1489
epoch 4/500, batch 6/25, loss 0.1450
epoch 4/500, batch 7/25, loss 0.1317
epoch 4/500, batch 8/25, loss 0.1903
epoch 4/500, batch 9/25, loss 0.1314
epoch 4/500, batch 10/25, loss 0.1483
epoch 4/500, batch 11/25, loss 0.1498
epoch 4/500, batch 12/25, loss 0.1856
epoch 4/500, batch 13/25, loss 0.1532
epoch 4/500, batch 14/25, loss 0.1718
epoch 4/500, batch 15/25, loss 0.1577
epoch 4/500, batch 16/25, loss 0.1555
epoch 4/500, batch 17/25, loss 0.1798
epoch 4/500, batch 18/25, loss 0.1321
epoch 4/500, batch 19/25, loss 0.1659
epoch 4/500, batch 20/25, loss 0.1382
epoch 4/500, batch 21/25, loss 0.1652
epoch 4/500, batch 22/25, loss 0.1196
epoch 4/500, batch 23/25, loss 0.1116
epoch 4/500, batch 24/25, loss 0.1560
epoch 4/500, batch 25/25, loss 0.1137
EarlyStopping counter: 3 out of 20
epoch 4/500, roc_auc, lr: 0.000030,  train: 0.9932, valid: 0.9045, best valid 0.0000, test: 0.9139
epoch 5/500, batch 1/25, loss 0.1315
epoch 5/500, batch 2/25, loss 0.1085
epoch 5/500, batch 3/25, loss 0.1027
epoch 5/500, batch 4/25, loss 0.0947
epoch 5/500, batch 5/25, loss 0.1262
epoch 5/500, batch 6/25, loss 0.1421
epoch 5/500, batch 7/25, loss 0.1012
epoch 5/500, batch 8/25, loss 0.1267
epoch 5/500, batch 9/25, loss 0.1423
epoch 5/500, batch 10/25, loss 0.0719
epoch 5/500, batch 11/25, loss 0.1462
epoch 5/500, batch 12/25, loss 0.1422
epoch 5/500, batch 13/25, loss 0.1168
epoch 5/500, batch 14/25, loss 0.0756
epoch 5/500, batch 15/25, loss 0.1068
epoch 5/500, batch 16/25, loss 0.1204
epoch 5/500, batch 17/25, loss 0.1109
epoch 5/500, batch 18/25, loss 0.1100
epoch 5/500, batch 19/25, loss 0.1009
epoch 5/500, batch 20/25, loss 0.1279
epoch 5/500, batch 21/25, loss 0.1358
epoch 5/500, batch 22/25, loss 0.1348
epoch 5/500, batch 23/25, loss 0.0922
epoch 5/500, batch 24/25, loss 0.1378
epoch 5/500, batch 25/25, loss 0.0960
EarlyStopping counter: 4 out of 20
epoch 5/500, roc_auc, lr: 0.000030,  train: 0.9975, valid: 0.9035, best valid 0.0000, test: 0.9132
epoch 6/500, batch 1/25, loss 0.0847
epoch 6/500, batch 2/25, loss 0.0713
epoch 6/500, batch 3/25, loss 0.0973
epoch 6/500, batch 4/25, loss 0.0950
epoch 6/500, batch 5/25, loss 0.0773
epoch 6/500, batch 6/25, loss 0.0555
epoch 6/500, batch 7/25, loss 0.1021
epoch 6/500, batch 8/25, loss 0.0622
epoch 6/500, batch 9/25, loss 0.0554
epoch 6/500, batch 10/25, loss 0.1118
epoch 6/500, batch 11/25, loss 0.0882
epoch 6/500, batch 12/25, loss 0.0715
epoch 6/500, batch 13/25, loss 0.0931
epoch 6/500, batch 14/25, loss 0.0743
epoch 6/500, batch 15/25, loss 0.0590
epoch 6/500, batch 16/25, loss 0.0685
epoch 6/500, batch 17/25, loss 0.0593
epoch 6/500, batch 18/25, loss 0.1196
epoch 6/500, batch 19/25, loss 0.0949
epoch 6/500, batch 20/25, loss 0.0949
epoch 6/500, batch 21/25, loss 0.0758
epoch 6/500, batch 22/25, loss 0.0931
epoch 6/500, batch 23/25, loss 0.1270
epoch 6/500, batch 24/25, loss 0.0945
epoch 6/500, batch 25/25, loss 0.0834
epoch 6/500, roc_auc, lr: 0.000030,  train: 0.9993, valid: 0.9045, best valid 0.9045, test: 0.9142
epoch 7/500, batch 1/25, loss 0.0727
epoch 7/500, batch 2/25, loss 0.0406
epoch 7/500, batch 3/25, loss 0.0472
epoch 7/500, batch 4/25, loss 0.0617
epoch 7/500, batch 5/25, loss 0.0632
epoch 7/500, batch 6/25, loss 0.0409
epoch 7/500, batch 7/25, loss 0.0526
epoch 7/500, batch 8/25, loss 0.0695
epoch 7/500, batch 9/25, loss 0.1172
epoch 7/500, batch 10/25, loss 0.1014
epoch 7/500, batch 11/25, loss 0.0742
epoch 7/500, batch 12/25, loss 0.0938
epoch 7/500, batch 13/25, loss 0.0352
epoch 7/500, batch 14/25, loss 0.0737
epoch 7/500, batch 15/25, loss 0.0544
epoch 7/500, batch 16/25, loss 0.0521
epoch 7/500, batch 17/25, loss 0.0603
epoch 7/500, batch 18/25, loss 0.0622
epoch 7/500, batch 19/25, loss 0.0438
epoch 7/500, batch 20/25, loss 0.0442
epoch 7/500, batch 21/25, loss 0.0699
epoch 7/500, batch 22/25, loss 0.0681
epoch 7/500, batch 23/25, loss 0.0592
epoch 7/500, batch 24/25, loss 0.0624
epoch 7/500, batch 25/25, loss 0.0618
EarlyStopping counter: 1 out of 20
epoch 7/500, roc_auc, lr: 0.000030,  train: 0.9994, valid: 0.8982, best valid 0.9045, test: 0.9066
epoch 8/500, batch 1/25, loss 0.0351
epoch 8/500, batch 2/25, loss 0.0429
epoch 8/500, batch 3/25, loss 0.0443
epoch 8/500, batch 4/25, loss 0.0519
epoch 8/500, batch 5/25, loss 0.0247
epoch 8/500, batch 6/25, loss 0.0297
epoch 8/500, batch 7/25, loss 0.0435
epoch 8/500, batch 8/25, loss 0.0422
epoch 8/500, batch 9/25, loss 0.0482
epoch 8/500, batch 10/25, loss 0.0478
epoch 8/500, batch 11/25, loss 0.0271
epoch 8/500, batch 12/25, loss 0.0678
epoch 8/500, batch 13/25, loss 0.0638
epoch 8/500, batch 14/25, loss 0.0359
epoch 8/500, batch 15/25, loss 0.0412
epoch 8/500, batch 16/25, loss 0.0502
epoch 8/500, batch 17/25, loss 0.0535
epoch 8/500, batch 18/25, loss 0.0420
epoch 8/500, batch 19/25, loss 0.0339
epoch 8/500, batch 20/25, loss 0.0231
epoch 8/500, batch 21/25, loss 0.0451
epoch 8/500, batch 22/25, loss 0.0621
epoch 8/500, batch 23/25, loss 0.0446
epoch 8/500, batch 24/25, loss 0.0824
epoch 8/500, batch 25/25, loss 0.0150
EarlyStopping counter: 2 out of 20
epoch 8/500, roc_auc, lr: 0.000030,  train: 0.9997, valid: 0.9002, best valid 0.9045, test: 0.9045
epoch 9/500, batch 1/25, loss 0.0471
epoch 9/500, batch 2/25, loss 0.0543
epoch 9/500, batch 3/25, loss 0.0399
epoch 9/500, batch 4/25, loss 0.0294
epoch 9/500, batch 5/25, loss 0.0281
epoch 9/500, batch 6/25, loss 0.0255
epoch 9/500, batch 7/25, loss 0.0373
epoch 9/500, batch 8/25, loss 0.0274
epoch 9/500, batch 9/25, loss 0.0475
epoch 9/500, batch 10/25, loss 0.0244
epoch 9/500, batch 11/25, loss 0.0230
epoch 9/500, batch 12/25, loss 0.0523
epoch 9/500, batch 13/25, loss 0.0206
epoch 9/500, batch 14/25, loss 0.0298
epoch 9/500, batch 15/25, loss 0.0608
epoch 9/500, batch 16/25, loss 0.0270
epoch 9/500, batch 17/25, loss 0.0195
epoch 9/500, batch 18/25, loss 0.0450
epoch 9/500, batch 19/25, loss 0.0442
epoch 9/500, batch 20/25, loss 0.0402
epoch 9/500, batch 21/25, loss 0.0264
epoch 9/500, batch 22/25, loss 0.0471
epoch 9/500, batch 23/25, loss 0.0243
epoch 9/500, batch 24/25, loss 0.0347
epoch 9/500, batch 25/25, loss 0.1430
EarlyStopping counter: 3 out of 20
epoch 9/500, roc_auc, lr: 0.000030,  train: 0.9999, valid: 0.9025, best valid 0.9045, test: 0.9145
epoch 10/500, batch 1/25, loss 0.0189
epoch 10/500, batch 2/25, loss 0.0285
epoch 10/500, batch 3/25, loss 0.0289
epoch 10/500, batch 4/25, loss 0.0164
epoch 10/500, batch 5/25, loss 0.0262
epoch 10/500, batch 6/25, loss 0.0522
epoch 10/500, batch 7/25, loss 0.0160
epoch 10/500, batch 8/25, loss 0.0608
epoch 10/500, batch 9/25, loss 0.0376
epoch 10/500, batch 10/25, loss 0.0200
epoch 10/500, batch 11/25, loss 0.0779
epoch 10/500, batch 12/25, loss 0.0440
epoch 10/500, batch 13/25, loss 0.0146
epoch 10/500, batch 14/25, loss 0.0259
epoch 10/500, batch 15/25, loss 0.0309
epoch 10/500, batch 16/25, loss 0.0524
epoch 10/500, batch 17/25, loss 0.0295
epoch 10/500, batch 18/25, loss 0.0243
epoch 10/500, batch 19/25, loss 0.0260
epoch 10/500, batch 20/25, loss 0.0302
epoch 10/500, batch 21/25, loss 0.0103
epoch 10/500, batch 22/25, loss 0.0526
epoch 10/500, batch 23/25, loss 0.0170
epoch 10/500, batch 24/25, loss 0.0815
epoch 10/500, batch 25/25, loss 0.0611
EarlyStopping counter: 4 out of 20
epoch 10/500, roc_auc, lr: 0.000030,  train: 0.9996, valid: 0.9006, best valid 0.9045, test: 0.9128
epoch 11/500, batch 1/25, loss 0.0117
epoch 11/500, batch 2/25, loss 0.0225
epoch 11/500, batch 3/25, loss 0.0340
epoch 11/500, batch 4/25, loss 0.0211
epoch 11/500, batch 5/25, loss 0.0094
epoch 11/500, batch 6/25, loss 0.0116
epoch 11/500, batch 7/25, loss 0.0208
epoch 11/500, batch 8/25, loss 0.0436
epoch 11/500, batch 9/25, loss 0.0627
epoch 11/500, batch 10/25, loss 0.0223
epoch 11/500, batch 11/25, loss 0.0088
epoch 11/500, batch 12/25, loss 0.0574
epoch 11/500, batch 13/25, loss 0.0259
epoch 11/500, batch 14/25, loss 0.0214
epoch 11/500, batch 15/25, loss 0.0150
epoch 11/500, batch 16/25, loss 0.0158
epoch 11/500, batch 17/25, loss 0.0194
epoch 11/500, batch 18/25, loss 0.0214
epoch 11/500, batch 19/25, loss 0.0702
epoch 11/500, batch 20/25, loss 0.0106
epoch 11/500, batch 21/25, loss 0.0273
epoch 11/500, batch 22/25, loss 0.0254
epoch 11/500, batch 23/25, loss 0.0153
epoch 11/500, batch 24/25, loss 0.0728
epoch 11/500, batch 25/25, loss 0.0436
EarlyStopping counter: 5 out of 20
epoch 11/500, roc_auc, lr: 0.000030,  train: 0.9992, valid: 0.9027, best valid 0.9045, test: 0.9126
epoch 12/500, batch 1/25, loss 0.0146
epoch 12/500, batch 2/25, loss 0.0210
epoch 12/500, batch 3/25, loss 0.0653
epoch 12/500, batch 4/25, loss 0.0212
epoch 12/500, batch 5/25, loss 0.0181
epoch 12/500, batch 6/25, loss 0.0059
epoch 12/500, batch 7/25, loss 0.0120
epoch 12/500, batch 8/25, loss 0.0084
epoch 12/500, batch 9/25, loss 0.0162
epoch 12/500, batch 10/25, loss 0.0075
epoch 12/500, batch 11/25, loss 0.0194
epoch 12/500, batch 12/25, loss 0.0073
epoch 12/500, batch 13/25, loss 0.0300
epoch 12/500, batch 14/25, loss 0.0266
epoch 12/500, batch 15/25, loss 0.0990
epoch 12/500, batch 16/25, loss 0.0211
epoch 12/500, batch 17/25, loss 0.0067
epoch 12/500, batch 18/25, loss 0.0117
epoch 12/500, batch 19/25, loss 0.0076
epoch 12/500, batch 20/25, loss 0.0518
epoch 12/500, batch 21/25, loss 0.0176
epoch 12/500, batch 22/25, loss 0.0138
epoch 12/500, batch 23/25, loss 0.0379
epoch 12/500, batch 24/25, loss 0.0149
epoch 12/500, batch 25/25, loss 0.0636
EarlyStopping counter: 6 out of 20
epoch 12/500, roc_auc, lr: 0.000030,  train: 0.9999, valid: 0.8885, best valid 0.9045, test: 0.9079
epoch 13/500, batch 1/25, loss 0.0095
epoch 13/500, batch 2/25, loss 0.0227
epoch 13/500, batch 3/25, loss 0.0202
epoch 13/500, batch 4/25, loss 0.0123
epoch 13/500, batch 5/25, loss 0.0102
epoch 13/500, batch 6/25, loss 0.0586
epoch 13/500, batch 7/25, loss 0.0221
epoch 13/500, batch 8/25, loss 0.0135
epoch 13/500, batch 9/25, loss 0.0182
epoch 13/500, batch 10/25, loss 0.0350
epoch 13/500, batch 11/25, loss 0.0103
epoch 13/500, batch 12/25, loss 0.0342
epoch 13/500, batch 13/25, loss 0.0097
epoch 13/500, batch 14/25, loss 0.0189
epoch 13/500, batch 15/25, loss 0.0240
epoch 13/500, batch 16/25, loss 0.0263
epoch 13/500, batch 17/25, loss 0.0227
epoch 13/500, batch 18/25, loss 0.0117
epoch 13/500, batch 19/25, loss 0.0120
epoch 13/500, batch 20/25, loss 0.0294
epoch 13/500, batch 21/25, loss 0.0161
epoch 13/500, batch 22/25, loss 0.0216
epoch 13/500, batch 23/25, loss 0.0124
epoch 13/500, batch 24/25, loss 0.0100
epoch 13/500, batch 25/25, loss 0.0222
EarlyStopping counter: 7 out of 20
epoch 13/500, roc_auc, lr: 0.000030,  train: 0.9995, valid: 0.9001, best valid 0.9045, test: 0.9183
epoch 14/500, batch 1/25, loss 0.0103
epoch 14/500, batch 2/25, loss 0.0111
epoch 14/500, batch 3/25, loss 0.0520
epoch 14/500, batch 4/25, loss 0.0402
epoch 14/500, batch 5/25, loss 0.0050
epoch 14/500, batch 6/25, loss 0.0053
epoch 14/500, batch 7/25, loss 0.0100
epoch 14/500, batch 8/25, loss 0.0138
epoch 14/500, batch 9/25, loss 0.0134
epoch 14/500, batch 10/25, loss 0.0118
epoch 14/500, batch 11/25, loss 0.0037
epoch 14/500, batch 12/25, loss 0.0153
epoch 14/500, batch 13/25, loss 0.0392
epoch 14/500, batch 14/25, loss 0.0051
epoch 14/500, batch 15/25, loss 0.0106
epoch 14/500, batch 16/25, loss 0.0035
epoch 14/500, batch 17/25, loss 0.0068
epoch 14/500, batch 18/25, loss 0.0098
epoch 14/500, batch 19/25, loss 0.0045
epoch 14/500, batch 20/25, loss 0.0194
epoch 14/500, batch 21/25, loss 0.0216
epoch 14/500, batch 22/25, loss 0.0225
epoch 14/500, batch 23/25, loss 0.0082
epoch 14/500, batch 24/25, loss 0.0050
epoch 14/500, batch 25/25, loss 0.0037
EarlyStopping counter: 8 out of 20
epoch 14/500, roc_auc, lr: 0.000030,  train: 1.0000, valid: 0.8969, best valid 0.9045, test: 0.9139
epoch 15/500, batch 1/25, loss 0.0050
epoch 15/500, batch 2/25, loss 0.0195
epoch 15/500, batch 3/25, loss 0.0101
epoch 15/500, batch 4/25, loss 0.0095
epoch 15/500, batch 5/25, loss 0.0108
epoch 15/500, batch 6/25, loss 0.0083
epoch 15/500, batch 7/25, loss 0.0073
epoch 15/500, batch 8/25, loss 0.0175
epoch 15/500, batch 9/25, loss 0.0168
epoch 15/500, batch 10/25, loss 0.0378
epoch 15/500, batch 11/25, loss 0.0066
epoch 15/500, batch 12/25, loss 0.0039
epoch 15/500, batch 13/25, loss 0.0111
epoch 15/500, batch 14/25, loss 0.0111
epoch 15/500, batch 15/25, loss 0.0182
epoch 15/500, batch 16/25, loss 0.0031
epoch 15/500, batch 17/25, loss 0.0097
epoch 15/500, batch 18/25, loss 0.0281
epoch 15/500, batch 19/25, loss 0.0037
epoch 15/500, batch 20/25, loss 0.0073
epoch 15/500, batch 21/25, loss 0.0190
epoch 15/500, batch 22/25, loss 0.0252
epoch 15/500, batch 23/25, loss 0.0085
epoch 15/500, batch 24/25, loss 0.0118
epoch 15/500, batch 25/25, loss 0.0095
EarlyStopping counter: 9 out of 20
epoch 15/500, roc_auc, lr: 0.000030,  train: 1.0000, valid: 0.8990, best valid 0.9045, test: 0.9170
epoch 16/500, batch 1/25, loss 0.0059
epoch 16/500, batch 2/25, loss 0.0166
epoch 16/500, batch 3/25, loss 0.0071
epoch 16/500, batch 4/25, loss 0.0171
epoch 16/500, batch 5/25, loss 0.0032
epoch 16/500, batch 6/25, loss 0.0030
epoch 16/500, batch 7/25, loss 0.0161
epoch 16/500, batch 8/25, loss 0.0157
epoch 16/500, batch 9/25, loss 0.0156
epoch 16/500, batch 10/25, loss 0.0122
epoch 16/500, batch 11/25, loss 0.0050
epoch 16/500, batch 12/25, loss 0.0167
epoch 16/500, batch 13/25, loss 0.0031
epoch 16/500, batch 14/25, loss 0.0042
epoch 16/500, batch 15/25, loss 0.0454
epoch 16/500, batch 16/25, loss 0.0028
epoch 16/500, batch 17/25, loss 0.0086
epoch 16/500, batch 18/25, loss 0.0071
epoch 16/500, batch 19/25, loss 0.0071
epoch 16/500, batch 20/25, loss 0.0122
epoch 16/500, batch 21/25, loss 0.0024
epoch 16/500, batch 22/25, loss 0.0024
epoch 16/500, batch 23/25, loss 0.0562
epoch 16/500, batch 24/25, loss 0.0207
epoch 16/500, batch 25/25, loss 0.0053
EarlyStopping counter: 10 out of 20
epoch 16/500, roc_auc, lr: 0.000030,  train: 1.0000, valid: 0.8928, best valid 0.9045, test: 0.9104
epoch 17/500, batch 1/25, loss 0.0024
epoch 17/500, batch 2/25, loss 0.0056
epoch 17/500, batch 3/25, loss 0.0118
epoch 17/500, batch 4/25, loss 0.0070
epoch 17/500, batch 5/25, loss 0.0026
epoch 17/500, batch 6/25, loss 0.0037
epoch 17/500, batch 7/25, loss 0.0040
epoch 17/500, batch 8/25, loss 0.0400
epoch 17/500, batch 9/25, loss 0.0080
epoch 17/500, batch 10/25, loss 0.0189
epoch 17/500, batch 11/25, loss 0.0073
epoch 17/500, batch 12/25, loss 0.0098
epoch 17/500, batch 13/25, loss 0.0164
epoch 17/500, batch 14/25, loss 0.0027
epoch 17/500, batch 15/25, loss 0.0017
epoch 17/500, batch 16/25, loss 0.0031
epoch 17/500, batch 17/25, loss 0.0314
epoch 17/500, batch 18/25, loss 0.0043
epoch 17/500, batch 19/25, loss 0.0098
epoch 17/500, batch 20/25, loss 0.0034
epoch 17/500, batch 21/25, loss 0.0126
epoch 17/500, batch 22/25, loss 0.0339
epoch 17/500, batch 23/25, loss 0.0022
epoch 17/500, batch 24/25, loss 0.0086
epoch 17/500, batch 25/25, loss 0.0038
EarlyStopping counter: 11 out of 20
epoch 17/500, roc_auc, lr: 0.000030,  train: 1.0000, valid: 0.9026, best valid 0.9045, test: 0.9143
epoch 18/500, batch 1/25, loss 0.0092
epoch 18/500, batch 2/25, loss 0.0036
epoch 18/500, batch 3/25, loss 0.0111
epoch 18/500, batch 4/25, loss 0.0057
epoch 18/500, batch 5/25, loss 0.0048
epoch 18/500, batch 6/25, loss 0.0023
epoch 18/500, batch 7/25, loss 0.0043
epoch 18/500, batch 8/25, loss 0.0019
epoch 18/500, batch 9/25, loss 0.0180
epoch 18/500, batch 10/25, loss 0.0034
epoch 18/500, batch 11/25, loss 0.0023
epoch 18/500, batch 12/25, loss 0.0234
epoch 18/500, batch 13/25, loss 0.0213
epoch 18/500, batch 14/25, loss 0.0044
epoch 18/500, batch 15/25, loss 0.0024
epoch 18/500, batch 16/25, loss 0.0100
epoch 18/500, batch 17/25, loss 0.0085
epoch 18/500, batch 18/25, loss 0.0101
epoch 18/500, batch 19/25, loss 0.0037
epoch 18/500, batch 20/25, loss 0.0167
epoch 18/500, batch 21/25, loss 0.0042
epoch 18/500, batch 22/25, loss 0.0021
epoch 18/500, batch 23/25, loss 0.0099
epoch 18/500, batch 24/25, loss 0.0179
epoch 18/500, batch 25/25, loss 0.0012
EarlyStopping counter: 12 out of 20
epoch 18/500, roc_auc, lr: 0.000030,  train: 1.0000, valid: 0.8924, best valid 0.9045, test: 0.9080
epoch 19/500, batch 1/25, loss 0.0036
epoch 19/500, batch 2/25, loss 0.0047
epoch 19/500, batch 3/25, loss 0.0019
epoch 19/500, batch 4/25, loss 0.0025
epoch 19/500, batch 5/25, loss 0.0031
epoch 19/500, batch 6/25, loss 0.0023
epoch 19/500, batch 7/25, loss 0.0019
epoch 19/500, batch 8/25, loss 0.0020
epoch 19/500, batch 9/25, loss 0.0023
epoch 19/500, batch 10/25, loss 0.0049
epoch 19/500, batch 11/25, loss 0.0128
epoch 19/500, batch 12/25, loss 0.0285
epoch 19/500, batch 13/25, loss 0.0020
epoch 19/500, batch 14/25, loss 0.0048
epoch 19/500, batch 15/25, loss 0.0033
epoch 19/500, batch 16/25, loss 0.0055
epoch 19/500, batch 17/25, loss 0.0052
epoch 19/500, batch 18/25, loss 0.0280
epoch 19/500, batch 19/25, loss 0.0020
epoch 19/500, batch 20/25, loss 0.0099
epoch 19/500, batch 21/25, loss 0.0026
epoch 19/500, batch 22/25, loss 0.0062
epoch 19/500, batch 23/25, loss 0.0021
epoch 19/500, batch 24/25, loss 0.0161
epoch 19/500, batch 25/25, loss 0.0073
EarlyStopping counter: 13 out of 20
epoch 19/500, roc_auc, lr: 0.000030,  train: 1.0000, valid: 0.8914, best valid 0.9045, test: 0.9096
epoch 20/500, batch 1/25, loss 0.0020
epoch 20/500, batch 2/25, loss 0.0022
epoch 20/500, batch 3/25, loss 0.0021
epoch 20/500, batch 4/25, loss 0.0080
epoch 20/500, batch 5/25, loss 0.0019
epoch 20/500, batch 6/25, loss 0.0019
epoch 20/500, batch 7/25, loss 0.0015
epoch 20/500, batch 8/25, loss 0.0155
epoch 20/500, batch 9/25, loss 0.0029
epoch 20/500, batch 10/25, loss 0.0017
epoch 20/500, batch 11/25, loss 0.0015
epoch 20/500, batch 12/25, loss 0.0028
epoch 20/500, batch 13/25, loss 0.0120
epoch 20/500, batch 14/25, loss 0.0033
epoch 20/500, batch 15/25, loss 0.0013
epoch 20/500, batch 16/25, loss 0.0159
epoch 20/500, batch 17/25, loss 0.0077
epoch 20/500, batch 18/25, loss 0.0015
epoch 20/500, batch 19/25, loss 0.0142
epoch 20/500, batch 20/25, loss 0.0023
epoch 20/500, batch 21/25, loss 0.0013
epoch 20/500, batch 22/25, loss 0.0096
epoch 20/500, batch 23/25, loss 0.0014
epoch 20/500, batch 24/25, loss 0.0096
epoch 20/500, batch 25/25, loss 0.0008
EarlyStopping counter: 14 out of 20
epoch 20/500, roc_auc, lr: 0.000030,  train: 1.0000, valid: 0.8934, best valid 0.9045, test: 0.9102
epoch 21/500, batch 1/25, loss 0.0114
epoch 21/500, batch 2/25, loss 0.0011
epoch 21/500, batch 3/25, loss 0.0018
epoch 21/500, batch 4/25, loss 0.0013
epoch 21/500, batch 5/25, loss 0.0026
epoch 21/500, batch 6/25, loss 0.0029
epoch 21/500, batch 7/25, loss 0.0025
epoch 21/500, batch 8/25, loss 0.0022
epoch 21/500, batch 9/25, loss 0.0011
epoch 21/500, batch 10/25, loss 0.0099
epoch 21/500, batch 11/25, loss 0.0182
epoch 21/500, batch 12/25, loss 0.0022
epoch 21/500, batch 13/25, loss 0.0017
epoch 21/500, batch 14/25, loss 0.0026
epoch 21/500, batch 15/25, loss 0.0075
epoch 21/500, batch 16/25, loss 0.0013
epoch 21/500, batch 17/25, loss 0.0142
epoch 21/500, batch 18/25, loss 0.0013
epoch 21/500, batch 19/25, loss 0.0074
epoch 21/500, batch 20/25, loss 0.0024
epoch 21/500, batch 21/25, loss 0.0011
epoch 21/500, batch 22/25, loss 0.0011
epoch 21/500, batch 23/25, loss 0.0014
epoch 21/500, batch 24/25, loss 0.0014
epoch 21/500, batch 25/25, loss 0.0025
EarlyStopping counter: 15 out of 20
epoch 21/500, roc_auc, lr: 0.000030,  train: 1.0000, valid: 0.8978, best valid 0.9045, test: 0.9150
epoch 22/500, batch 1/25, loss 0.0009
epoch 22/500, batch 2/25, loss 0.0042
epoch 22/500, batch 3/25, loss 0.0028
epoch 22/500, batch 4/25, loss 0.0009
epoch 22/500, batch 5/25, loss 0.0023
epoch 22/500, batch 6/25, loss 0.0044
epoch 22/500, batch 7/25, loss 0.0065
epoch 22/500, batch 8/25, loss 0.0022
epoch 22/500, batch 9/25, loss 0.0017
epoch 22/500, batch 10/25, loss 0.0018
epoch 22/500, batch 11/25, loss 0.0035
epoch 22/500, batch 12/25, loss 0.0111
epoch 22/500, batch 13/25, loss 0.0010
epoch 22/500, batch 14/25, loss 0.0011
epoch 22/500, batch 15/25, loss 0.0008
epoch 22/500, batch 16/25, loss 0.0098
epoch 22/500, batch 17/25, loss 0.0008
epoch 22/500, batch 18/25, loss 0.0065
epoch 22/500, batch 19/25, loss 0.0014
epoch 22/500, batch 20/25, loss 0.0056
epoch 22/500, batch 21/25, loss 0.0011
epoch 22/500, batch 22/25, loss 0.0017
epoch 22/500, batch 23/25, loss 0.0071
epoch 22/500, batch 24/25, loss 0.0020
epoch 22/500, batch 25/25, loss 0.0584
EarlyStopping counter: 16 out of 20
epoch 22/500, roc_auc, lr: 0.000030,  train: 1.0000, valid: 0.8939, best valid 0.9045, test: 0.9136
epoch 23/500, batch 1/25, loss 0.0013
epoch 23/500, batch 2/25, loss 0.0030
epoch 23/500, batch 3/25, loss 0.0015
epoch 23/500, batch 4/25, loss 0.0149
epoch 23/500, batch 5/25, loss 0.0013
epoch 23/500, batch 6/25, loss 0.0017
epoch 23/500, batch 7/25, loss 0.0014
epoch 23/500, batch 8/25, loss 0.0007
epoch 23/500, batch 9/25, loss 0.0031
epoch 23/500, batch 10/25, loss 0.0008
epoch 23/500, batch 11/25, loss 0.0044
epoch 23/500, batch 12/25, loss 0.0015
epoch 23/500, batch 13/25, loss 0.0011
epoch 23/500, batch 14/25, loss 0.0036
epoch 23/500, batch 15/25, loss 0.0008
epoch 23/500, batch 16/25, loss 0.0065
epoch 23/500, batch 17/25, loss 0.0016
epoch 23/500, batch 18/25, loss 0.0767
epoch 23/500, batch 19/25, loss 0.0013
epoch 23/500, batch 20/25, loss 0.0022
epoch 23/500, batch 21/25, loss 0.0026
epoch 23/500, batch 22/25, loss 0.0013
epoch 23/500, batch 23/25, loss 0.0204
epoch 23/500, batch 24/25, loss 0.0035
epoch 23/500, batch 25/25, loss 0.0010
EarlyStopping counter: 17 out of 20
epoch 23/500, roc_auc, lr: 0.000030,  train: 0.9988, valid: 0.8873, best valid 0.9045, test: 0.9098
epoch 24/500, batch 1/25, loss 0.0233
epoch 24/500, batch 2/25, loss 0.0049
epoch 24/500, batch 3/25, loss 0.0031
epoch 24/500, batch 4/25, loss 0.0027
epoch 24/500, batch 5/25, loss 0.0419
epoch 24/500, batch 6/25, loss 0.0017
epoch 24/500, batch 7/25, loss 0.0030
epoch 24/500, batch 8/25, loss 0.0020
epoch 24/500, batch 9/25, loss 0.0024
epoch 24/500, batch 10/25, loss 0.0013
epoch 24/500, batch 11/25, loss 0.0012
epoch 24/500, batch 12/25, loss 0.0014
epoch 24/500, batch 13/25, loss 0.0011
epoch 24/500, batch 14/25, loss 0.0009
epoch 24/500, batch 15/25, loss 0.0028
epoch 24/500, batch 16/25, loss 0.0020
epoch 24/500, batch 17/25, loss 0.0011
epoch 24/500, batch 18/25, loss 0.0233
epoch 24/500, batch 19/25, loss 0.0108
epoch 24/500, batch 20/25, loss 0.0030
epoch 24/500, batch 21/25, loss 0.0012
epoch 24/500, batch 22/25, loss 0.0016
epoch 24/500, batch 23/25, loss 0.0010
epoch 24/500, batch 24/25, loss 0.0022
epoch 24/500, batch 25/25, loss 0.0015
EarlyStopping counter: 18 out of 20
epoch 24/500, roc_auc, lr: 0.000030,  train: 1.0000, valid: 0.8957, best valid 0.9045, test: 0.9118
epoch 25/500, batch 1/25, loss 0.0027
epoch 25/500, batch 2/25, loss 0.0014
epoch 25/500, batch 3/25, loss 0.0021
epoch 25/500, batch 4/25, loss 0.0007
epoch 25/500, batch 5/25, loss 0.0045
epoch 25/500, batch 6/25, loss 0.0028
epoch 25/500, batch 7/25, loss 0.0139
epoch 25/500, batch 8/25, loss 0.0008
epoch 25/500, batch 9/25, loss 0.0024
epoch 25/500, batch 10/25, loss 0.0026
epoch 25/500, batch 11/25, loss 0.0018
epoch 25/500, batch 12/25, loss 0.0006
epoch 25/500, batch 13/25, loss 0.0009
epoch 25/500, batch 14/25, loss 0.0016
epoch 25/500, batch 15/25, loss 0.0015
epoch 25/500, batch 16/25, loss 0.0063
epoch 25/500, batch 17/25, loss 0.0013
epoch 25/500, batch 18/25, loss 0.0013
epoch 25/500, batch 19/25, loss 0.0013
epoch 25/500, batch 20/25, loss 0.0019
epoch 25/500, batch 21/25, loss 0.0017
epoch 25/500, batch 22/25, loss 0.0009
epoch 25/500, batch 23/25, loss 0.0012
epoch 25/500, batch 24/25, loss 0.0049
epoch 25/500, batch 25/25, loss 0.0010
EarlyStopping counter: 19 out of 20
epoch 25/500, roc_auc, lr: 0.000030,  train: 1.0000, valid: 0.8945, best valid 0.9045, test: 0.9123
epoch 26/500, batch 1/25, loss 0.0007
epoch 26/500, batch 2/25, loss 0.0007
epoch 26/500, batch 3/25, loss 0.0021
epoch 26/500, batch 4/25, loss 0.0011
epoch 26/500, batch 5/25, loss 0.0023
epoch 26/500, batch 6/25, loss 0.0023
epoch 26/500, batch 7/25, loss 0.0005
epoch 26/500, batch 8/25, loss 0.0020
epoch 26/500, batch 9/25, loss 0.0016
epoch 26/500, batch 10/25, loss 0.0008
epoch 26/500, batch 11/25, loss 0.0011
epoch 26/500, batch 12/25, loss 0.0005
epoch 26/500, batch 13/25, loss 0.0006
epoch 26/500, batch 14/25, loss 0.0007
epoch 26/500, batch 15/25, loss 0.0006
epoch 26/500, batch 16/25, loss 0.0027
epoch 26/500, batch 17/25, loss 0.0061
epoch 26/500, batch 18/25, loss 0.0010
epoch 26/500, batch 19/25, loss 0.0005
epoch 26/500, batch 20/25, loss 0.0019
epoch 26/500, batch 21/25, loss 0.0009
epoch 26/500, batch 22/25, loss 0.0025
epoch 26/500, batch 23/25, loss 0.0006
epoch 26/500, batch 24/25, loss 0.0006
epoch 26/500, batch 25/25, loss 0.0005
EarlyStopping counter: 20 out of 20
epoch 26/500, roc_auc, lr: 0.000030,  train: 1.0000, valid: 0.8960, best valid 0.9045, test: 0.9134
Training time: 250.56 seconds
Testing time: 0.30 seconds
         index   train_3     val_3    test_3
0      roc_auc  0.999256  0.904546  0.914228
1      roc_prc  0.999552  0.938789  0.953822
2     accuracy  0.983204  0.813953  0.832474
3  sensitivity  0.974060  0.811245  0.818548
4  specificity  0.997514  0.818841  0.857143
5     f1-score  0.986066  0.848739  0.861996
6    precision  0.998372  0.889868  0.910314
7       recall  0.974060  0.811245  0.818548
8   error rate  0.016796  0.186047  0.167526
9          mcc  0.965401  0.612866  0.656362
********************************BBBP_random_2024, 3th_time_result*******************************
training_result: 0.9993
val_result: 0.9045
test_result: 0.9142
************************************3_times_result************************************
the train result of all tasks (roc_auc):  [0.99965    0.99909562 0.99925571]
the average train result of all tasks (roc_auc): 0.9993
the train result of all tasks (std): 0.0002
the train result of all tasks (var): 0.0000
the val result of all tasks (roc_auc):  [0.90201385 0.90780513 0.90454572]
the average val result of all tasks (roc_auc): 0.9048
the val result of all tasks (std): 0.0024
the val result of all tasks (var): 0.0000
the test result of all tasks (roc_auc): [0.91696429 0.92125576 0.91422811]
the average test result of all tasks (roc_auc): 0.9175
the test result of all tasks (std): 0.0029
the test result of all tasks (var): 0.0000
***************************************************************************************************
BBBP_random_2024, 4/5 time
***************************************************************************************************
Training set: 3096; Validation set: 387; Test set: 388
Molecule graph is loaded!
parameters num:  43300624
epoch 1/500, batch 1/25, loss 0.5797
epoch 1/500, batch 2/25, loss 0.5070
epoch 1/500, batch 3/25, loss 0.4685
epoch 1/500, batch 4/25, loss 0.4680
epoch 1/500, batch 5/25, loss 0.4620
epoch 1/500, batch 6/25, loss 0.4031
epoch 1/500, batch 7/25, loss 0.4426
epoch 1/500, batch 8/25, loss 0.3825
epoch 1/500, batch 9/25, loss 0.3540
epoch 1/500, batch 10/25, loss 0.3932
epoch 1/500, batch 11/25, loss 0.3709
epoch 1/500, batch 12/25, loss 0.3074
epoch 1/500, batch 13/25, loss 0.3577
epoch 1/500, batch 14/25, loss 0.3702
epoch 1/500, batch 15/25, loss 0.3433
epoch 1/500, batch 16/25, loss 0.3405
epoch 1/500, batch 17/25, loss 0.3309
epoch 1/500, batch 18/25, loss 0.3084
epoch 1/500, batch 19/25, loss 0.3227
epoch 1/500, batch 20/25, loss 0.2779
epoch 1/500, batch 21/25, loss 0.3159
epoch 1/500, batch 22/25, loss 0.3295
epoch 1/500, batch 23/25, loss 0.3332
epoch 1/500, batch 24/25, loss 0.3183
epoch 1/500, batch 25/25, loss 0.2902
epoch 1/500, roc_auc, lr: 0.000030,  train: 0.9288, valid: 0.8955, best valid 0.0000, test: 0.8921
epoch 2/500, batch 1/25, loss 0.2851
epoch 2/500, batch 2/25, loss 0.3036
epoch 2/500, batch 3/25, loss 0.2425
epoch 2/500, batch 4/25, loss 0.2496
epoch 2/500, batch 5/25, loss 0.2378
epoch 2/500, batch 6/25, loss 0.2083
epoch 2/500, batch 7/25, loss 0.2930
epoch 2/500, batch 8/25, loss 0.2389
epoch 2/500, batch 9/25, loss 0.2455
epoch 2/500, batch 10/25, loss 0.3399
epoch 2/500, batch 11/25, loss 0.2823
epoch 2/500, batch 12/25, loss 0.2891
epoch 2/500, batch 13/25, loss 0.2614
epoch 2/500, batch 14/25, loss 0.2568
epoch 2/500, batch 15/25, loss 0.2797
epoch 2/500, batch 16/25, loss 0.2372
epoch 2/500, batch 17/25, loss 0.2612
epoch 2/500, batch 18/25, loss 0.2662
epoch 2/500, batch 19/25, loss 0.2351
epoch 2/500, batch 20/25, loss 0.2426
epoch 2/500, batch 21/25, loss 0.2585
epoch 2/500, batch 22/25, loss 0.2159
epoch 2/500, batch 23/25, loss 0.2166
epoch 2/500, batch 24/25, loss 0.2423
epoch 2/500, batch 25/25, loss 0.2289
EarlyStopping counter: 1 out of 20
epoch 2/500, roc_auc, lr: 0.000030,  train: 0.9674, valid: 0.9060, best valid 0.0000, test: 0.9139
epoch 3/500, batch 1/25, loss 0.2192
epoch 3/500, batch 2/25, loss 0.2120
epoch 3/500, batch 3/25, loss 0.2403
epoch 3/500, batch 4/25, loss 0.1851
epoch 3/500, batch 5/25, loss 0.1556
epoch 3/500, batch 6/25, loss 0.1761
epoch 3/500, batch 7/25, loss 0.2113
epoch 3/500, batch 8/25, loss 0.2691
epoch 3/500, batch 9/25, loss 0.1978
epoch 3/500, batch 10/25, loss 0.1911
epoch 3/500, batch 11/25, loss 0.1885
epoch 3/500, batch 12/25, loss 0.2033
epoch 3/500, batch 13/25, loss 0.2002
epoch 3/500, batch 14/25, loss 0.1481
epoch 3/500, batch 15/25, loss 0.2256
epoch 3/500, batch 16/25, loss 0.1771
epoch 3/500, batch 17/25, loss 0.2198
epoch 3/500, batch 18/25, loss 0.2063
epoch 3/500, batch 19/25, loss 0.1861
epoch 3/500, batch 20/25, loss 0.1740
epoch 3/500, batch 21/25, loss 0.1998
epoch 3/500, batch 22/25, loss 0.2068
epoch 3/500, batch 23/25, loss 0.2258
epoch 3/500, batch 24/25, loss 0.2063
epoch 3/500, batch 25/25, loss 0.1848
EarlyStopping counter: 2 out of 20
epoch 3/500, roc_auc, lr: 0.000030,  train: 0.9843, valid: 0.9123, best valid 0.0000, test: 0.9198
epoch 4/500, batch 1/25, loss 0.1589
epoch 4/500, batch 2/25, loss 0.1759
epoch 4/500, batch 3/25, loss 0.1999
epoch 4/500, batch 4/25, loss 0.1824
epoch 4/500, batch 5/25, loss 0.1657
epoch 4/500, batch 6/25, loss 0.1327
epoch 4/500, batch 7/25, loss 0.1069
epoch 4/500, batch 8/25, loss 0.1226
epoch 4/500, batch 9/25, loss 0.1556
epoch 4/500, batch 10/25, loss 0.1671
epoch 4/500, batch 11/25, loss 0.1664
epoch 4/500, batch 12/25, loss 0.1554
epoch 4/500, batch 13/25, loss 0.1532
epoch 4/500, batch 14/25, loss 0.1778
epoch 4/500, batch 15/25, loss 0.1555
epoch 4/500, batch 16/25, loss 0.1100
epoch 4/500, batch 17/25, loss 0.1669
epoch 4/500, batch 18/25, loss 0.1264
epoch 4/500, batch 19/25, loss 0.1276
epoch 4/500, batch 20/25, loss 0.1656
epoch 4/500, batch 21/25, loss 0.1611
epoch 4/500, batch 22/25, loss 0.1432
epoch 4/500, batch 23/25, loss 0.1492
epoch 4/500, batch 24/25, loss 0.1400
epoch 4/500, batch 25/25, loss 0.2990
EarlyStopping counter: 3 out of 20
epoch 4/500, roc_auc, lr: 0.000030,  train: 0.9930, valid: 0.9167, best valid 0.0000, test: 0.9231
epoch 5/500, batch 1/25, loss 0.1214
epoch 5/500, batch 2/25, loss 0.0983
epoch 5/500, batch 3/25, loss 0.1212
epoch 5/500, batch 4/25, loss 0.1227
epoch 5/500, batch 5/25, loss 0.1455
epoch 5/500, batch 6/25, loss 0.1223
epoch 5/500, batch 7/25, loss 0.1258
epoch 5/500, batch 8/25, loss 0.0865
epoch 5/500, batch 9/25, loss 0.1224
epoch 5/500, batch 10/25, loss 0.1321
epoch 5/500, batch 11/25, loss 0.1161
epoch 5/500, batch 12/25, loss 0.1220
epoch 5/500, batch 13/25, loss 0.1090
epoch 5/500, batch 14/25, loss 0.1198
epoch 5/500, batch 15/25, loss 0.1285
epoch 5/500, batch 16/25, loss 0.1070
epoch 5/500, batch 17/25, loss 0.1014
epoch 5/500, batch 18/25, loss 0.1142
epoch 5/500, batch 19/25, loss 0.1026
epoch 5/500, batch 20/25, loss 0.0972
epoch 5/500, batch 21/25, loss 0.1467
epoch 5/500, batch 22/25, loss 0.1525
epoch 5/500, batch 23/25, loss 0.1035
epoch 5/500, batch 24/25, loss 0.0838
epoch 5/500, batch 25/25, loss 0.0913
EarlyStopping counter: 4 out of 20
epoch 5/500, roc_auc, lr: 0.000030,  train: 0.9972, valid: 0.9106, best valid 0.0000, test: 0.9266
epoch 6/500, batch 1/25, loss 0.0678
epoch 6/500, batch 2/25, loss 0.0860
epoch 6/500, batch 3/25, loss 0.0665
epoch 6/500, batch 4/25, loss 0.0842
epoch 6/500, batch 5/25, loss 0.0701
epoch 6/500, batch 6/25, loss 0.0782
epoch 6/500, batch 7/25, loss 0.0843
epoch 6/500, batch 8/25, loss 0.0795
epoch 6/500, batch 9/25, loss 0.1469
epoch 6/500, batch 10/25, loss 0.0861
epoch 6/500, batch 11/25, loss 0.0745
epoch 6/500, batch 12/25, loss 0.1050
epoch 6/500, batch 13/25, loss 0.0902
epoch 6/500, batch 14/25, loss 0.0816
epoch 6/500, batch 15/25, loss 0.0845
epoch 6/500, batch 16/25, loss 0.0832
epoch 6/500, batch 17/25, loss 0.0923
epoch 6/500, batch 18/25, loss 0.0838
epoch 6/500, batch 19/25, loss 0.0858
epoch 6/500, batch 20/25, loss 0.1058
epoch 6/500, batch 21/25, loss 0.0745
epoch 6/500, batch 22/25, loss 0.0969
epoch 6/500, batch 23/25, loss 0.0937
epoch 6/500, batch 24/25, loss 0.1095
epoch 6/500, batch 25/25, loss 0.0720
epoch 6/500, roc_auc, lr: 0.000030,  train: 0.9988, valid: 0.9121, best valid 0.9121, test: 0.9236
epoch 7/500, batch 1/25, loss 0.0734
epoch 7/500, batch 2/25, loss 0.0507
epoch 7/500, batch 3/25, loss 0.0580
epoch 7/500, batch 4/25, loss 0.0731
epoch 7/500, batch 5/25, loss 0.0734
epoch 7/500, batch 6/25, loss 0.0698
epoch 7/500, batch 7/25, loss 0.0632
epoch 7/500, batch 8/25, loss 0.0525
epoch 7/500, batch 9/25, loss 0.0811
epoch 7/500, batch 10/25, loss 0.0758
epoch 7/500, batch 11/25, loss 0.0511
epoch 7/500, batch 12/25, loss 0.0563
epoch 7/500, batch 13/25, loss 0.0823
epoch 7/500, batch 14/25, loss 0.0730
epoch 7/500, batch 15/25, loss 0.0646
epoch 7/500, batch 16/25, loss 0.0549
epoch 7/500, batch 17/25, loss 0.0574
epoch 7/500, batch 18/25, loss 0.0419
epoch 7/500, batch 19/25, loss 0.0489
epoch 7/500, batch 20/25, loss 0.0653
epoch 7/500, batch 21/25, loss 0.0516
epoch 7/500, batch 22/25, loss 0.0378
epoch 7/500, batch 23/25, loss 0.0377
epoch 7/500, batch 24/25, loss 0.0612
epoch 7/500, batch 25/25, loss 0.0265
EarlyStopping counter: 1 out of 20
epoch 7/500, roc_auc, lr: 0.000030,  train: 0.9996, valid: 0.9058, best valid 0.9121, test: 0.9160
epoch 8/500, batch 1/25, loss 0.0436
epoch 8/500, batch 2/25, loss 0.0526
epoch 8/500, batch 3/25, loss 0.0817
epoch 8/500, batch 4/25, loss 0.0297
epoch 8/500, batch 5/25, loss 0.0408
epoch 8/500, batch 6/25, loss 0.0590
epoch 8/500, batch 7/25, loss 0.0466
epoch 8/500, batch 8/25, loss 0.0325
epoch 8/500, batch 9/25, loss 0.0357
epoch 8/500, batch 10/25, loss 0.0335
epoch 8/500, batch 11/25, loss 0.0636
epoch 8/500, batch 12/25, loss 0.0348
epoch 8/500, batch 13/25, loss 0.0331
epoch 8/500, batch 14/25, loss 0.0359
epoch 8/500, batch 15/25, loss 0.0391
epoch 8/500, batch 16/25, loss 0.0297
epoch 8/500, batch 17/25, loss 0.0257
epoch 8/500, batch 18/25, loss 0.0405
epoch 8/500, batch 19/25, loss 0.0501
epoch 8/500, batch 20/25, loss 0.0722
epoch 8/500, batch 21/25, loss 0.0511
epoch 8/500, batch 22/25, loss 0.0466
epoch 8/500, batch 23/25, loss 0.0522
epoch 8/500, batch 24/25, loss 0.0915
epoch 8/500, batch 25/25, loss 0.0890
EarlyStopping counter: 2 out of 20
epoch 8/500, roc_auc, lr: 0.000030,  train: 0.9998, valid: 0.8988, best valid 0.9121, test: 0.9200
epoch 9/500, batch 1/25, loss 0.0203
epoch 9/500, batch 2/25, loss 0.0232
epoch 9/500, batch 3/25, loss 0.0352
epoch 9/500, batch 4/25, loss 0.0298
epoch 9/500, batch 5/25, loss 0.0253
epoch 9/500, batch 6/25, loss 0.0361
epoch 9/500, batch 7/25, loss 0.0469
epoch 9/500, batch 8/25, loss 0.0338
epoch 9/500, batch 9/25, loss 0.0280
epoch 9/500, batch 10/25, loss 0.0227
epoch 9/500, batch 11/25, loss 0.0358
epoch 9/500, batch 12/25, loss 0.0523
epoch 9/500, batch 13/25, loss 0.0294
epoch 9/500, batch 14/25, loss 0.0316
epoch 9/500, batch 15/25, loss 0.0403
epoch 9/500, batch 16/25, loss 0.0626
epoch 9/500, batch 17/25, loss 0.0830
epoch 9/500, batch 18/25, loss 0.0504
epoch 9/500, batch 19/25, loss 0.0445
epoch 9/500, batch 20/25, loss 0.0369
epoch 9/500, batch 21/25, loss 0.0409
epoch 9/500, batch 22/25, loss 0.1110
epoch 9/500, batch 23/25, loss 0.0413
epoch 9/500, batch 24/25, loss 0.0619
epoch 9/500, batch 25/25, loss 0.0856
EarlyStopping counter: 3 out of 20
epoch 9/500, roc_auc, lr: 0.000030,  train: 0.9997, valid: 0.8903, best valid 0.9121, test: 0.9170
epoch 10/500, batch 1/25, loss 0.0179
epoch 10/500, batch 2/25, loss 0.0381
epoch 10/500, batch 3/25, loss 0.0258
epoch 10/500, batch 4/25, loss 0.0276
epoch 10/500, batch 5/25, loss 0.0214
epoch 10/500, batch 6/25, loss 0.0162
epoch 10/500, batch 7/25, loss 0.0458
epoch 10/500, batch 8/25, loss 0.0246
epoch 10/500, batch 9/25, loss 0.0298
epoch 10/500, batch 10/25, loss 0.0318
epoch 10/500, batch 11/25, loss 0.0346
epoch 10/500, batch 12/25, loss 0.0366
epoch 10/500, batch 13/25, loss 0.0251
epoch 10/500, batch 14/25, loss 0.0156
epoch 10/500, batch 15/25, loss 0.0298
epoch 10/500, batch 16/25, loss 0.0355
epoch 10/500, batch 17/25, loss 0.0392
epoch 10/500, batch 18/25, loss 0.0931
epoch 10/500, batch 19/25, loss 0.0418
epoch 10/500, batch 20/25, loss 0.0447
epoch 10/500, batch 21/25, loss 0.0496
epoch 10/500, batch 22/25, loss 0.0303
epoch 10/500, batch 23/25, loss 0.0257
epoch 10/500, batch 24/25, loss 0.0277
epoch 10/500, batch 25/25, loss 0.0084
EarlyStopping counter: 4 out of 20
epoch 10/500, roc_auc, lr: 0.000030,  train: 0.9997, valid: 0.8990, best valid 0.9121, test: 0.9212
epoch 11/500, batch 1/25, loss 0.0125
epoch 11/500, batch 2/25, loss 0.0249
epoch 11/500, batch 3/25, loss 0.0251
epoch 11/500, batch 4/25, loss 0.0204
epoch 11/500, batch 5/25, loss 0.0144
epoch 11/500, batch 6/25, loss 0.0332
epoch 11/500, batch 7/25, loss 0.0151
epoch 11/500, batch 8/25, loss 0.0373
epoch 11/500, batch 9/25, loss 0.0108
epoch 11/500, batch 10/25, loss 0.0168
epoch 11/500, batch 11/25, loss 0.0128
epoch 11/500, batch 12/25, loss 0.0198
epoch 11/500, batch 13/25, loss 0.0330
epoch 11/500, batch 14/25, loss 0.0391
epoch 11/500, batch 15/25, loss 0.0690
epoch 11/500, batch 16/25, loss 0.0206
epoch 11/500, batch 17/25, loss 0.0273
epoch 11/500, batch 18/25, loss 0.0197
epoch 11/500, batch 19/25, loss 0.0325
epoch 11/500, batch 20/25, loss 0.0360
epoch 11/500, batch 21/25, loss 0.0119
epoch 11/500, batch 22/25, loss 0.0072
epoch 11/500, batch 23/25, loss 0.0315
epoch 11/500, batch 24/25, loss 0.0107
epoch 11/500, batch 25/25, loss 0.0099
EarlyStopping counter: 5 out of 20
epoch 11/500, roc_auc, lr: 0.000030,  train: 0.9999, valid: 0.8923, best valid 0.9121, test: 0.9175
epoch 12/500, batch 1/25, loss 0.0127
epoch 12/500, batch 2/25, loss 0.0068
epoch 12/500, batch 3/25, loss 0.0166
epoch 12/500, batch 4/25, loss 0.0128
epoch 12/500, batch 5/25, loss 0.0202
epoch 12/500, batch 6/25, loss 0.0147
epoch 12/500, batch 7/25, loss 0.0143
epoch 12/500, batch 8/25, loss 0.0122
epoch 12/500, batch 9/25, loss 0.0444
epoch 12/500, batch 10/25, loss 0.0327
epoch 12/500, batch 11/25, loss 0.0260
epoch 12/500, batch 12/25, loss 0.0172
epoch 12/500, batch 13/25, loss 0.0188
epoch 12/500, batch 14/25, loss 0.0096
epoch 12/500, batch 15/25, loss 0.0135
epoch 12/500, batch 16/25, loss 0.0051
epoch 12/500, batch 17/25, loss 0.0401
epoch 12/500, batch 18/25, loss 0.0173
epoch 12/500, batch 19/25, loss 0.0105
epoch 12/500, batch 20/25, loss 0.0061
epoch 12/500, batch 21/25, loss 0.0151
epoch 12/500, batch 22/25, loss 0.0116
epoch 12/500, batch 23/25, loss 0.0168
epoch 12/500, batch 24/25, loss 0.0229
epoch 12/500, batch 25/25, loss 0.1065
EarlyStopping counter: 6 out of 20
epoch 12/500, roc_auc, lr: 0.000030,  train: 1.0000, valid: 0.8901, best valid 0.9121, test: 0.9160
epoch 13/500, batch 1/25, loss 0.0205
epoch 13/500, batch 2/25, loss 0.0264
epoch 13/500, batch 3/25, loss 0.0111
epoch 13/500, batch 4/25, loss 0.0058
epoch 13/500, batch 5/25, loss 0.0079
epoch 13/500, batch 6/25, loss 0.0121
epoch 13/500, batch 7/25, loss 0.0070
epoch 13/500, batch 8/25, loss 0.0334
epoch 13/500, batch 9/25, loss 0.0071
epoch 13/500, batch 10/25, loss 0.0162
epoch 13/500, batch 11/25, loss 0.0142
epoch 13/500, batch 12/25, loss 0.0307
epoch 13/500, batch 13/25, loss 0.0082
epoch 13/500, batch 14/25, loss 0.0317
epoch 13/500, batch 15/25, loss 0.0141
epoch 13/500, batch 16/25, loss 0.0874
epoch 13/500, batch 17/25, loss 0.0475
epoch 13/500, batch 18/25, loss 0.0464
epoch 13/500, batch 19/25, loss 0.0225
epoch 13/500, batch 20/25, loss 0.0082
epoch 13/500, batch 21/25, loss 0.0205
epoch 13/500, batch 22/25, loss 0.0231
epoch 13/500, batch 23/25, loss 0.0134
epoch 13/500, batch 24/25, loss 0.0118
epoch 13/500, batch 25/25, loss 0.0073
EarlyStopping counter: 7 out of 20
epoch 13/500, roc_auc, lr: 0.000030,  train: 0.9994, valid: 0.8869, best valid 0.9121, test: 0.9143
epoch 14/500, batch 1/25, loss 0.0134
epoch 14/500, batch 2/25, loss 0.0159
epoch 14/500, batch 3/25, loss 0.0077
epoch 14/500, batch 4/25, loss 0.0320
epoch 14/500, batch 5/25, loss 0.0053
epoch 14/500, batch 6/25, loss 0.0941
epoch 14/500, batch 7/25, loss 0.0084
epoch 14/500, batch 8/25, loss 0.0059
epoch 14/500, batch 9/25, loss 0.0177
epoch 14/500, batch 10/25, loss 0.0237
epoch 14/500, batch 11/25, loss 0.0037
epoch 14/500, batch 12/25, loss 0.0149
epoch 14/500, batch 13/25, loss 0.0127
epoch 14/500, batch 14/25, loss 0.0086
epoch 14/500, batch 15/25, loss 0.0057
epoch 14/500, batch 16/25, loss 0.0221
epoch 14/500, batch 17/25, loss 0.0280
epoch 14/500, batch 18/25, loss 0.0125
epoch 14/500, batch 19/25, loss 0.0280
epoch 14/500, batch 20/25, loss 0.0301
epoch 14/500, batch 21/25, loss 0.0075
epoch 14/500, batch 22/25, loss 0.0074
epoch 14/500, batch 23/25, loss 0.0132
epoch 14/500, batch 24/25, loss 0.0278
epoch 14/500, batch 25/25, loss 0.0118
EarlyStopping counter: 8 out of 20
epoch 14/500, roc_auc, lr: 0.000030,  train: 0.9996, valid: 0.8970, best valid 0.9121, test: 0.9253
epoch 15/500, batch 1/25, loss 0.0206
epoch 15/500, batch 2/25, loss 0.0033
epoch 15/500, batch 3/25, loss 0.0051
epoch 15/500, batch 4/25, loss 0.0236
epoch 15/500, batch 5/25, loss 0.0069
epoch 15/500, batch 6/25, loss 0.0390
epoch 15/500, batch 7/25, loss 0.0073
epoch 15/500, batch 8/25, loss 0.0049
epoch 15/500, batch 9/25, loss 0.0031
epoch 15/500, batch 10/25, loss 0.0455
epoch 15/500, batch 11/25, loss 0.0038
epoch 15/500, batch 12/25, loss 0.0356
epoch 15/500, batch 13/25, loss 0.0059
epoch 15/500, batch 14/25, loss 0.0068
epoch 15/500, batch 15/25, loss 0.0245
epoch 15/500, batch 16/25, loss 0.0678
epoch 15/500, batch 17/25, loss 0.0062
epoch 15/500, batch 18/25, loss 0.0080
epoch 15/500, batch 19/25, loss 0.0025
epoch 15/500, batch 20/25, loss 0.0420
epoch 15/500, batch 21/25, loss 0.0050
epoch 15/500, batch 22/25, loss 0.0130
epoch 15/500, batch 23/25, loss 0.0041
epoch 15/500, batch 24/25, loss 0.0071
epoch 15/500, batch 25/25, loss 0.0032
EarlyStopping counter: 9 out of 20
epoch 15/500, roc_auc, lr: 0.000030,  train: 0.9997, valid: 0.8915, best valid 0.9121, test: 0.9194
epoch 16/500, batch 1/25, loss 0.0031
epoch 16/500, batch 2/25, loss 0.0085
epoch 16/500, batch 3/25, loss 0.0146
epoch 16/500, batch 4/25, loss 0.0122
epoch 16/500, batch 5/25, loss 0.0070
epoch 16/500, batch 6/25, loss 0.0113
epoch 16/500, batch 7/25, loss 0.0161
epoch 16/500, batch 8/25, loss 0.0042
epoch 16/500, batch 9/25, loss 0.0047
epoch 16/500, batch 10/25, loss 0.0057
epoch 16/500, batch 11/25, loss 0.0031
epoch 16/500, batch 12/25, loss 0.0089
epoch 16/500, batch 13/25, loss 0.0022
epoch 16/500, batch 14/25, loss 0.0162
epoch 16/500, batch 15/25, loss 0.0288
epoch 16/500, batch 16/25, loss 0.0042
epoch 16/500, batch 17/25, loss 0.0185
epoch 16/500, batch 18/25, loss 0.0748
epoch 16/500, batch 19/25, loss 0.0288
epoch 16/500, batch 20/25, loss 0.0049
epoch 16/500, batch 21/25, loss 0.0175
epoch 16/500, batch 22/25, loss 0.0022
epoch 16/500, batch 23/25, loss 0.0027
epoch 16/500, batch 24/25, loss 0.0085
epoch 16/500, batch 25/25, loss 0.0008
EarlyStopping counter: 10 out of 20
epoch 16/500, roc_auc, lr: 0.000030,  train: 0.9998, valid: 0.9011, best valid 0.9121, test: 0.9221
epoch 17/500, batch 1/25, loss 0.0037
epoch 17/500, batch 2/25, loss 0.0030
epoch 17/500, batch 3/25, loss 0.0033
epoch 17/500, batch 4/25, loss 0.0400
epoch 17/500, batch 5/25, loss 0.0032
epoch 17/500, batch 6/25, loss 0.0096
epoch 17/500, batch 7/25, loss 0.0365
epoch 17/500, batch 8/25, loss 0.0028
epoch 17/500, batch 9/25, loss 0.0047
epoch 17/500, batch 10/25, loss 0.0125
epoch 17/500, batch 11/25, loss 0.0051
epoch 17/500, batch 12/25, loss 0.0039
epoch 17/500, batch 13/25, loss 0.0044
epoch 17/500, batch 14/25, loss 0.0447
epoch 17/500, batch 15/25, loss 0.0056
epoch 17/500, batch 16/25, loss 0.0034
epoch 17/500, batch 17/25, loss 0.0019
epoch 17/500, batch 18/25, loss 0.0253
epoch 17/500, batch 19/25, loss 0.0033
epoch 17/500, batch 20/25, loss 0.0064
epoch 17/500, batch 21/25, loss 0.0162
epoch 17/500, batch 22/25, loss 0.0304
epoch 17/500, batch 23/25, loss 0.0027
epoch 17/500, batch 24/25, loss 0.0058
epoch 17/500, batch 25/25, loss 0.0166
EarlyStopping counter: 11 out of 20
epoch 17/500, roc_auc, lr: 0.000030,  train: 0.9999, valid: 0.8943, best valid 0.9121, test: 0.9209
epoch 18/500, batch 1/25, loss 0.0043
epoch 18/500, batch 2/25, loss 0.0025
epoch 18/500, batch 3/25, loss 0.0296
epoch 18/500, batch 4/25, loss 0.0021
epoch 18/500, batch 5/25, loss 0.0018
epoch 18/500, batch 6/25, loss 0.0018
epoch 18/500, batch 7/25, loss 0.0065
epoch 18/500, batch 8/25, loss 0.0043
epoch 18/500, batch 9/25, loss 0.0025
epoch 18/500, batch 10/25, loss 0.0020
epoch 18/500, batch 11/25, loss 0.0024
epoch 18/500, batch 12/25, loss 0.0244
epoch 18/500, batch 13/25, loss 0.0029
epoch 18/500, batch 14/25, loss 0.0082
epoch 18/500, batch 15/25, loss 0.0030
epoch 18/500, batch 16/25, loss 0.0025
epoch 18/500, batch 17/25, loss 0.0017
epoch 18/500, batch 18/25, loss 0.0034
epoch 18/500, batch 19/25, loss 0.0124
epoch 18/500, batch 20/25, loss 0.0037
epoch 18/500, batch 21/25, loss 0.0294
epoch 18/500, batch 22/25, loss 0.0392
epoch 18/500, batch 23/25, loss 0.0024
epoch 18/500, batch 24/25, loss 0.0049
epoch 18/500, batch 25/25, loss 0.0037
EarlyStopping counter: 12 out of 20
epoch 18/500, roc_auc, lr: 0.000030,  train: 1.0000, valid: 0.8984, best valid 0.9121, test: 0.9190
epoch 19/500, batch 1/25, loss 0.0085
epoch 19/500, batch 2/25, loss 0.0015
epoch 19/500, batch 3/25, loss 0.0058
epoch 19/500, batch 4/25, loss 0.0173
epoch 19/500, batch 5/25, loss 0.0208
epoch 19/500, batch 6/25, loss 0.0216
epoch 19/500, batch 7/25, loss 0.0031
epoch 19/500, batch 8/25, loss 0.0022
epoch 19/500, batch 9/25, loss 0.0019
epoch 19/500, batch 10/25, loss 0.0028
epoch 19/500, batch 11/25, loss 0.0023
epoch 19/500, batch 12/25, loss 0.0021
epoch 19/500, batch 13/25, loss 0.0023
epoch 19/500, batch 14/25, loss 0.0031
epoch 19/500, batch 15/25, loss 0.0026
epoch 19/500, batch 16/25, loss 0.0030
epoch 19/500, batch 17/25, loss 0.0019
epoch 19/500, batch 18/25, loss 0.0018
epoch 19/500, batch 19/25, loss 0.0132
epoch 19/500, batch 20/25, loss 0.0033
epoch 19/500, batch 21/25, loss 0.0095
epoch 19/500, batch 22/25, loss 0.0014
epoch 19/500, batch 23/25, loss 0.0048
epoch 19/500, batch 24/25, loss 0.0029
epoch 19/500, batch 25/25, loss 0.0007
EarlyStopping counter: 13 out of 20
epoch 19/500, roc_auc, lr: 0.000030,  train: 1.0000, valid: 0.8937, best valid 0.9121, test: 0.9182
epoch 20/500, batch 1/25, loss 0.0016
epoch 20/500, batch 2/25, loss 0.0026
epoch 20/500, batch 3/25, loss 0.0126
epoch 20/500, batch 4/25, loss 0.0032
epoch 20/500, batch 5/25, loss 0.0016
epoch 20/500, batch 6/25, loss 0.0134
epoch 20/500, batch 7/25, loss 0.0012
epoch 20/500, batch 8/25, loss 0.0112
epoch 20/500, batch 9/25, loss 0.0033
epoch 20/500, batch 10/25, loss 0.0013
epoch 20/500, batch 11/25, loss 0.0066
epoch 20/500, batch 12/25, loss 0.0136
epoch 20/500, batch 13/25, loss 0.0146
epoch 20/500, batch 14/25, loss 0.0018
epoch 20/500, batch 15/25, loss 0.0047
epoch 20/500, batch 16/25, loss 0.0179
epoch 20/500, batch 17/25, loss 0.0014
epoch 20/500, batch 18/25, loss 0.0009
epoch 20/500, batch 19/25, loss 0.0008
epoch 20/500, batch 20/25, loss 0.0038
epoch 20/500, batch 21/25, loss 0.0010
epoch 20/500, batch 22/25, loss 0.0382
epoch 20/500, batch 23/25, loss 0.0236
epoch 20/500, batch 24/25, loss 0.0015
epoch 20/500, batch 25/25, loss 0.0049
EarlyStopping counter: 14 out of 20
epoch 20/500, roc_auc, lr: 0.000030,  train: 1.0000, valid: 0.8984, best valid 0.9121, test: 0.9225
epoch 21/500, batch 1/25, loss 0.0009
epoch 21/500, batch 2/25, loss 0.0050
epoch 21/500, batch 3/25, loss 0.0023
epoch 21/500, batch 4/25, loss 0.0135
epoch 21/500, batch 5/25, loss 0.0026
epoch 21/500, batch 6/25, loss 0.0051
epoch 21/500, batch 7/25, loss 0.0023
epoch 21/500, batch 8/25, loss 0.0021
epoch 21/500, batch 9/25, loss 0.0010
epoch 21/500, batch 10/25, loss 0.0013
epoch 21/500, batch 11/25, loss 0.0081
epoch 21/500, batch 12/25, loss 0.0009
epoch 21/500, batch 13/25, loss 0.0020
epoch 21/500, batch 14/25, loss 0.0031
epoch 21/500, batch 15/25, loss 0.0019
epoch 21/500, batch 16/25, loss 0.0015
epoch 21/500, batch 17/25, loss 0.0099
epoch 21/500, batch 18/25, loss 0.0101
epoch 21/500, batch 19/25, loss 0.0117
epoch 21/500, batch 20/25, loss 0.0011
epoch 21/500, batch 21/25, loss 0.0042
epoch 21/500, batch 22/25, loss 0.0040
epoch 21/500, batch 23/25, loss 0.0014
epoch 21/500, batch 24/25, loss 0.0294
epoch 21/500, batch 25/25, loss 0.0005
EarlyStopping counter: 15 out of 20
epoch 21/500, roc_auc, lr: 0.000030,  train: 1.0000, valid: 0.8948, best valid 0.9121, test: 0.9192
epoch 22/500, batch 1/25, loss 0.0015
epoch 22/500, batch 2/25, loss 0.0046
epoch 22/500, batch 3/25, loss 0.0010
epoch 22/500, batch 4/25, loss 0.0020
epoch 22/500, batch 5/25, loss 0.0012
epoch 22/500, batch 6/25, loss 0.0015
epoch 22/500, batch 7/25, loss 0.0016
epoch 22/500, batch 8/25, loss 0.0077
epoch 22/500, batch 9/25, loss 0.0014
epoch 22/500, batch 10/25, loss 0.0172
epoch 22/500, batch 11/25, loss 0.0012
epoch 22/500, batch 12/25, loss 0.0085
epoch 22/500, batch 13/25, loss 0.0031
epoch 22/500, batch 14/25, loss 0.0073
epoch 22/500, batch 15/25, loss 0.0019
epoch 22/500, batch 16/25, loss 0.0010
epoch 22/500, batch 17/25, loss 0.0095
epoch 22/500, batch 18/25, loss 0.0189
epoch 22/500, batch 19/25, loss 0.0009
epoch 22/500, batch 20/25, loss 0.0095
epoch 22/500, batch 21/25, loss 0.0023
epoch 22/500, batch 22/25, loss 0.0011
epoch 22/500, batch 23/25, loss 0.0010
epoch 22/500, batch 24/25, loss 0.0010
epoch 22/500, batch 25/25, loss 0.0042
EarlyStopping counter: 16 out of 20
epoch 22/500, roc_auc, lr: 0.000030,  train: 1.0000, valid: 0.8937, best valid 0.9121, test: 0.9217
epoch 23/500, batch 1/25, loss 0.0013
epoch 23/500, batch 2/25, loss 0.0086
epoch 23/500, batch 3/25, loss 0.0016
epoch 23/500, batch 4/25, loss 0.0009
epoch 23/500, batch 5/25, loss 0.0240
epoch 23/500, batch 6/25, loss 0.0015
epoch 23/500, batch 7/25, loss 0.0015
epoch 23/500, batch 8/25, loss 0.0015
epoch 23/500, batch 9/25, loss 0.0008
epoch 23/500, batch 10/25, loss 0.0081
epoch 23/500, batch 11/25, loss 0.0012
epoch 23/500, batch 12/25, loss 0.0011
epoch 23/500, batch 13/25, loss 0.0011
epoch 23/500, batch 14/25, loss 0.0019
epoch 23/500, batch 15/25, loss 0.0093
epoch 23/500, batch 16/25, loss 0.0009
epoch 23/500, batch 17/25, loss 0.0015
epoch 23/500, batch 18/25, loss 0.0018
epoch 23/500, batch 19/25, loss 0.0011
epoch 23/500, batch 20/25, loss 0.0033
epoch 23/500, batch 21/25, loss 0.0010
epoch 23/500, batch 22/25, loss 0.0106
epoch 23/500, batch 23/25, loss 0.0007
epoch 23/500, batch 24/25, loss 0.0015
epoch 23/500, batch 25/25, loss 0.0043
EarlyStopping counter: 17 out of 20
epoch 23/500, roc_auc, lr: 0.000030,  train: 1.0000, valid: 0.8930, best valid 0.9121, test: 0.9204
epoch 24/500, batch 1/25, loss 0.0077
epoch 24/500, batch 2/25, loss 0.0009
epoch 24/500, batch 3/25, loss 0.0022
epoch 24/500, batch 4/25, loss 0.0009
epoch 24/500, batch 5/25, loss 0.0030
epoch 24/500, batch 6/25, loss 0.0010
epoch 24/500, batch 7/25, loss 0.0010
epoch 24/500, batch 8/25, loss 0.0009
epoch 24/500, batch 9/25, loss 0.0034
epoch 24/500, batch 10/25, loss 0.0008
epoch 24/500, batch 11/25, loss 0.0011
epoch 24/500, batch 12/25, loss 0.0010
epoch 24/500, batch 13/25, loss 0.0010
epoch 24/500, batch 14/25, loss 0.0114
epoch 24/500, batch 15/25, loss 0.0010
epoch 24/500, batch 16/25, loss 0.0007
epoch 24/500, batch 17/25, loss 0.0063
epoch 24/500, batch 18/25, loss 0.0006
epoch 24/500, batch 19/25, loss 0.0006
epoch 24/500, batch 20/25, loss 0.0010
epoch 24/500, batch 21/25, loss 0.0115
epoch 24/500, batch 22/25, loss 0.0017
epoch 24/500, batch 23/25, loss 0.0030
epoch 24/500, batch 24/25, loss 0.0107
epoch 24/500, batch 25/25, loss 0.0005
EarlyStopping counter: 18 out of 20
epoch 24/500, roc_auc, lr: 0.000030,  train: 1.0000, valid: 0.8943, best valid 0.9121, test: 0.9217
epoch 25/500, batch 1/25, loss 0.0015
epoch 25/500, batch 2/25, loss 0.0015
epoch 25/500, batch 3/25, loss 0.0007
epoch 25/500, batch 4/25, loss 0.0008
epoch 25/500, batch 5/25, loss 0.0008
epoch 25/500, batch 6/25, loss 0.0007
epoch 25/500, batch 7/25, loss 0.0008
epoch 25/500, batch 8/25, loss 0.0046
epoch 25/500, batch 9/25, loss 0.0074
epoch 25/500, batch 10/25, loss 0.0070
epoch 25/500, batch 11/25, loss 0.0019
epoch 25/500, batch 12/25, loss 0.0021
epoch 25/500, batch 13/25, loss 0.0127
epoch 25/500, batch 14/25, loss 0.0014
epoch 25/500, batch 15/25, loss 0.0026
epoch 25/500, batch 16/25, loss 0.0006
epoch 25/500, batch 17/25, loss 0.0012
epoch 25/500, batch 18/25, loss 0.0005
epoch 25/500, batch 19/25, loss 0.0009
epoch 25/500, batch 20/25, loss 0.0022
epoch 25/500, batch 21/25, loss 0.0011
epoch 25/500, batch 22/25, loss 0.0017
epoch 25/500, batch 23/25, loss 0.0135
epoch 25/500, batch 24/25, loss 0.0012
epoch 25/500, batch 25/25, loss 0.0049
EarlyStopping counter: 19 out of 20
epoch 25/500, roc_auc, lr: 0.000030,  train: 1.0000, valid: 0.8924, best valid 0.9121, test: 0.9205
epoch 26/500, batch 1/25, loss 0.0021
epoch 26/500, batch 2/25, loss 0.0008
epoch 26/500, batch 3/25, loss 0.0006
epoch 26/500, batch 4/25, loss 0.0007
epoch 26/500, batch 5/25, loss 0.0010
epoch 26/500, batch 6/25, loss 0.0009
epoch 26/500, batch 7/25, loss 0.0006
epoch 26/500, batch 8/25, loss 0.0010
epoch 26/500, batch 9/25, loss 0.0010
epoch 26/500, batch 10/25, loss 0.0007
epoch 26/500, batch 11/25, loss 0.0022
epoch 26/500, batch 12/25, loss 0.0012
epoch 26/500, batch 13/25, loss 0.0008
epoch 26/500, batch 14/25, loss 0.0007
epoch 26/500, batch 15/25, loss 0.0011
epoch 26/500, batch 16/25, loss 0.0024
epoch 26/500, batch 17/25, loss 0.0030
epoch 26/500, batch 18/25, loss 0.0007
epoch 26/500, batch 19/25, loss 0.0019
epoch 26/500, batch 20/25, loss 0.0013
epoch 26/500, batch 21/25, loss 0.0066
epoch 26/500, batch 22/25, loss 0.0016
epoch 26/500, batch 23/25, loss 0.0009
epoch 26/500, batch 24/25, loss 0.0044
epoch 26/500, batch 25/25, loss 0.0004
EarlyStopping counter: 20 out of 20
epoch 26/500, roc_auc, lr: 0.000030,  train: 1.0000, valid: 0.8939, best valid 0.9121, test: 0.9186
Training time: 245.19 seconds
Testing time: 0.29 seconds
         index   train_4     val_4    test_4
0      roc_auc  0.998779  0.912112  0.923646
1      roc_prc  0.999276  0.937820  0.957638
2     accuracy  0.984819  0.852713  0.845361
3  sensitivity  0.984119  0.867470  0.838710
4  specificity  0.985915  0.826087  0.857143
5     f1-score  0.987517  0.883436  0.873950
6    precision  0.990938  0.900000  0.912281
7       recall  0.984119  0.867470  0.838710
8   error rate  0.015181  0.147287  0.154639
9          mcc  0.968189  0.684474  0.678859
********************************BBBP_random_2024, 4th_time_result*******************************
training_result: 0.9988
val_result: 0.9121
test_result: 0.9236
************************************4_times_result************************************
the train result of all tasks (roc_auc):  [0.99965    0.99909562 0.99925571 0.99877896]
the average train result of all tasks (roc_auc): 0.9992
the train result of all tasks (std): 0.0003
the train result of all tasks (var): 0.0000
the val result of all tasks (roc_auc):  [0.90201385 0.90780513 0.90454572 0.91211222]
the average val result of all tasks (roc_auc): 0.9066
the val result of all tasks (std): 0.0038
the val result of all tasks (var): 0.0000
the test result of all tasks (roc_auc): [0.91696429 0.92125576 0.91422811 0.92364631]
the average test result of all tasks (roc_auc): 0.9190
the test result of all tasks (std): 0.0037
the test result of all tasks (var): 0.0000
***************************************************************************************************
BBBP_random_2024, 5/5 time
***************************************************************************************************
Training set: 3096; Validation set: 387; Test set: 388
Molecule graph is loaded!
parameters num:  43300624
epoch 1/500, batch 1/25, loss 0.5601
epoch 1/500, batch 2/25, loss 0.5063
epoch 1/500, batch 3/25, loss 0.4877
epoch 1/500, batch 4/25, loss 0.4199
epoch 1/500, batch 5/25, loss 0.4124
epoch 1/500, batch 6/25, loss 0.4207
epoch 1/500, batch 7/25, loss 0.3705
epoch 1/500, batch 8/25, loss 0.3479
epoch 1/500, batch 9/25, loss 0.3698
epoch 1/500, batch 10/25, loss 0.4334
epoch 1/500, batch 11/25, loss 0.3805
epoch 1/500, batch 12/25, loss 0.3125
epoch 1/500, batch 13/25, loss 0.3438
epoch 1/500, batch 14/25, loss 0.3686
epoch 1/500, batch 15/25, loss 0.3652
epoch 1/500, batch 16/25, loss 0.3767
epoch 1/500, batch 17/25, loss 0.2767
epoch 1/500, batch 18/25, loss 0.3453
epoch 1/500, batch 19/25, loss 0.3481
epoch 1/500, batch 20/25, loss 0.2825
epoch 1/500, batch 21/25, loss 0.3376
epoch 1/500, batch 22/25, loss 0.3498
epoch 1/500, batch 23/25, loss 0.3130
epoch 1/500, batch 24/25, loss 0.3516
epoch 1/500, batch 25/25, loss 0.2269
epoch 1/500, roc_auc, lr: 0.000030,  train: 0.9306, valid: 0.8834, best valid 0.0000, test: 0.8849
epoch 2/500, batch 1/25, loss 0.2217
epoch 2/500, batch 2/25, loss 0.2409
epoch 2/500, batch 3/25, loss 0.2188
epoch 2/500, batch 4/25, loss 0.2278
epoch 2/500, batch 5/25, loss 0.3184
epoch 2/500, batch 6/25, loss 0.2500
epoch 2/500, batch 7/25, loss 0.2294
epoch 2/500, batch 8/25, loss 0.3019
epoch 2/500, batch 9/25, loss 0.2357
epoch 2/500, batch 10/25, loss 0.3023
epoch 2/500, batch 11/25, loss 0.2804
epoch 2/500, batch 12/25, loss 0.2493
epoch 2/500, batch 13/25, loss 0.2621
epoch 2/500, batch 14/25, loss 0.2784
epoch 2/500, batch 15/25, loss 0.1944
epoch 2/500, batch 16/25, loss 0.2333
epoch 2/500, batch 17/25, loss 0.2376
epoch 2/500, batch 18/25, loss 0.2492
epoch 2/500, batch 19/25, loss 0.2048
epoch 2/500, batch 20/25, loss 0.2818
epoch 2/500, batch 21/25, loss 0.2816
epoch 2/500, batch 22/25, loss 0.2726
epoch 2/500, batch 23/25, loss 0.2621
epoch 2/500, batch 24/25, loss 0.2210
epoch 2/500, batch 25/25, loss 0.4256
EarlyStopping counter: 1 out of 20
epoch 2/500, roc_auc, lr: 0.000030,  train: 0.9678, valid: 0.8991, best valid 0.0000, test: 0.9011
epoch 3/500, batch 1/25, loss 0.1831
epoch 3/500, batch 2/25, loss 0.2182
epoch 3/500, batch 3/25, loss 0.2436
epoch 3/500, batch 4/25, loss 0.1874
epoch 3/500, batch 5/25, loss 0.1948
epoch 3/500, batch 6/25, loss 0.1486
epoch 3/500, batch 7/25, loss 0.2160
epoch 3/500, batch 8/25, loss 0.2185
epoch 3/500, batch 9/25, loss 0.1906
epoch 3/500, batch 10/25, loss 0.1724
epoch 3/500, batch 11/25, loss 0.2582
epoch 3/500, batch 12/25, loss 0.2317
epoch 3/500, batch 13/25, loss 0.2226
epoch 3/500, batch 14/25, loss 0.2278
epoch 3/500, batch 15/25, loss 0.1830
epoch 3/500, batch 16/25, loss 0.1857
epoch 3/500, batch 17/25, loss 0.1843
epoch 3/500, batch 18/25, loss 0.2434
epoch 3/500, batch 19/25, loss 0.1584
epoch 3/500, batch 20/25, loss 0.2284
epoch 3/500, batch 21/25, loss 0.1618
epoch 3/500, batch 22/25, loss 0.1621
epoch 3/500, batch 23/25, loss 0.2108
epoch 3/500, batch 24/25, loss 0.2073
epoch 3/500, batch 25/25, loss 0.1418
EarlyStopping counter: 2 out of 20
epoch 3/500, roc_auc, lr: 0.000030,  train: 0.9814, valid: 0.9042, best valid 0.0000, test: 0.9121
epoch 4/500, batch 1/25, loss 0.1213
epoch 4/500, batch 2/25, loss 0.1861
epoch 4/500, batch 3/25, loss 0.1301
epoch 4/500, batch 4/25, loss 0.1653
epoch 4/500, batch 5/25, loss 0.1412
epoch 4/500, batch 6/25, loss 0.1267
epoch 4/500, batch 7/25, loss 0.1589
epoch 4/500, batch 8/25, loss 0.1605
epoch 4/500, batch 9/25, loss 0.1642
epoch 4/500, batch 10/25, loss 0.1228
epoch 4/500, batch 11/25, loss 0.1738
epoch 4/500, batch 12/25, loss 0.1618
epoch 4/500, batch 13/25, loss 0.1641
epoch 4/500, batch 14/25, loss 0.1753
epoch 4/500, batch 15/25, loss 0.1612
epoch 4/500, batch 16/25, loss 0.1637
epoch 4/500, batch 17/25, loss 0.1674
epoch 4/500, batch 18/25, loss 0.1461
epoch 4/500, batch 19/25, loss 0.1969
epoch 4/500, batch 20/25, loss 0.1148
epoch 4/500, batch 21/25, loss 0.1720
epoch 4/500, batch 22/25, loss 0.1508
epoch 4/500, batch 23/25, loss 0.1511
epoch 4/500, batch 24/25, loss 0.2272
epoch 4/500, batch 25/25, loss 0.1034
EarlyStopping counter: 3 out of 20
epoch 4/500, roc_auc, lr: 0.000030,  train: 0.9943, valid: 0.9038, best valid 0.0000, test: 0.9145
epoch 5/500, batch 1/25, loss 0.1108
epoch 5/500, batch 2/25, loss 0.1210
epoch 5/500, batch 3/25, loss 0.1223
epoch 5/500, batch 4/25, loss 0.1058
epoch 5/500, batch 5/25, loss 0.1208
epoch 5/500, batch 6/25, loss 0.1482
epoch 5/500, batch 7/25, loss 0.1212
epoch 5/500, batch 8/25, loss 0.0888
epoch 5/500, batch 9/25, loss 0.1081
epoch 5/500, batch 10/25, loss 0.0841
epoch 5/500, batch 11/25, loss 0.0973
epoch 5/500, batch 12/25, loss 0.1392
epoch 5/500, batch 13/25, loss 0.1086
epoch 5/500, batch 14/25, loss 0.0842
epoch 5/500, batch 15/25, loss 0.1238
epoch 5/500, batch 16/25, loss 0.1569
epoch 5/500, batch 17/25, loss 0.1307
epoch 5/500, batch 18/25, loss 0.1826
epoch 5/500, batch 19/25, loss 0.0808
epoch 5/500, batch 20/25, loss 0.1311
epoch 5/500, batch 21/25, loss 0.1288
epoch 5/500, batch 22/25, loss 0.0880
epoch 5/500, batch 23/25, loss 0.1372
epoch 5/500, batch 24/25, loss 0.1446
epoch 5/500, batch 25/25, loss 0.1786
EarlyStopping counter: 4 out of 20
epoch 5/500, roc_auc, lr: 0.000030,  train: 0.9976, valid: 0.9085, best valid 0.0000, test: 0.9188
epoch 6/500, batch 1/25, loss 0.0838
epoch 6/500, batch 2/25, loss 0.0679
epoch 6/500, batch 3/25, loss 0.0797
epoch 6/500, batch 4/25, loss 0.0915
epoch 6/500, batch 5/25, loss 0.0791
epoch 6/500, batch 6/25, loss 0.0996
epoch 6/500, batch 7/25, loss 0.0612
epoch 6/500, batch 8/25, loss 0.0978
epoch 6/500, batch 9/25, loss 0.0696
epoch 6/500, batch 10/25, loss 0.1074
epoch 6/500, batch 11/25, loss 0.1154
epoch 6/500, batch 12/25, loss 0.1111
epoch 6/500, batch 13/25, loss 0.0958
epoch 6/500, batch 14/25, loss 0.0703
epoch 6/500, batch 15/25, loss 0.0668
epoch 6/500, batch 16/25, loss 0.0856
epoch 6/500, batch 17/25, loss 0.0813
epoch 6/500, batch 18/25, loss 0.0826
epoch 6/500, batch 19/25, loss 0.0970
epoch 6/500, batch 20/25, loss 0.0885
epoch 6/500, batch 21/25, loss 0.0965
epoch 6/500, batch 22/25, loss 0.0836
epoch 6/500, batch 23/25, loss 0.1134
epoch 6/500, batch 24/25, loss 0.1209
epoch 6/500, batch 25/25, loss 0.1146
epoch 6/500, roc_auc, lr: 0.000030,  train: 0.9990, valid: 0.9104, best valid 0.9104, test: 0.9182
epoch 7/500, batch 1/25, loss 0.0564
epoch 7/500, batch 2/25, loss 0.0669
epoch 7/500, batch 3/25, loss 0.0775
epoch 7/500, batch 4/25, loss 0.0634
epoch 7/500, batch 5/25, loss 0.0438
epoch 7/500, batch 6/25, loss 0.0570
epoch 7/500, batch 7/25, loss 0.0574
epoch 7/500, batch 8/25, loss 0.0635
epoch 7/500, batch 9/25, loss 0.0613
epoch 7/500, batch 10/25, loss 0.0537
epoch 7/500, batch 11/25, loss 0.0632
epoch 7/500, batch 12/25, loss 0.0808
epoch 7/500, batch 13/25, loss 0.0671
epoch 7/500, batch 14/25, loss 0.0490
epoch 7/500, batch 15/25, loss 0.0957
epoch 7/500, batch 16/25, loss 0.0567
epoch 7/500, batch 17/25, loss 0.0668
epoch 7/500, batch 18/25, loss 0.0745
epoch 7/500, batch 19/25, loss 0.0402
epoch 7/500, batch 20/25, loss 0.0869
epoch 7/500, batch 21/25, loss 0.0974
epoch 7/500, batch 22/25, loss 0.0406
epoch 7/500, batch 23/25, loss 0.0942
epoch 7/500, batch 24/25, loss 0.0885
epoch 7/500, batch 25/25, loss 0.0847
EarlyStopping counter: 1 out of 20
epoch 7/500, roc_auc, lr: 0.000030,  train: 0.9997, valid: 0.8998, best valid 0.9104, test: 0.9166
epoch 8/500, batch 1/25, loss 0.0359
epoch 8/500, batch 2/25, loss 0.0425
epoch 8/500, batch 3/25, loss 0.0382
epoch 8/500, batch 4/25, loss 0.0373
epoch 8/500, batch 5/25, loss 0.0354
epoch 8/500, batch 6/25, loss 0.0365
epoch 8/500, batch 7/25, loss 0.0761
epoch 8/500, batch 8/25, loss 0.0553
epoch 8/500, batch 9/25, loss 0.0367
epoch 8/500, batch 10/25, loss 0.0395
epoch 8/500, batch 11/25, loss 0.0319
epoch 8/500, batch 12/25, loss 0.0358
epoch 8/500, batch 13/25, loss 0.0366
epoch 8/500, batch 14/25, loss 0.0229
epoch 8/500, batch 15/25, loss 0.0450
epoch 8/500, batch 16/25, loss 0.0341
epoch 8/500, batch 17/25, loss 0.0336
epoch 8/500, batch 18/25, loss 0.0387
epoch 8/500, batch 19/25, loss 0.0311
epoch 8/500, batch 20/25, loss 0.0230
epoch 8/500, batch 21/25, loss 0.0443
epoch 8/500, batch 22/25, loss 0.0333
epoch 8/500, batch 23/25, loss 0.0796
epoch 8/500, batch 24/25, loss 0.0502
epoch 8/500, batch 25/25, loss 0.0382
EarlyStopping counter: 2 out of 20
epoch 8/500, roc_auc, lr: 0.000030,  train: 0.9998, valid: 0.8964, best valid 0.9104, test: 0.9176
epoch 9/500, batch 1/25, loss 0.0601
epoch 9/500, batch 2/25, loss 0.0333
epoch 9/500, batch 3/25, loss 0.0175
epoch 9/500, batch 4/25, loss 0.0314
epoch 9/500, batch 5/25, loss 0.0313
epoch 9/500, batch 6/25, loss 0.0235
epoch 9/500, batch 7/25, loss 0.0733
epoch 9/500, batch 8/25, loss 0.0450
epoch 9/500, batch 9/25, loss 0.0181
epoch 9/500, batch 10/25, loss 0.0211
epoch 9/500, batch 11/25, loss 0.0282
epoch 9/500, batch 12/25, loss 0.0240
epoch 9/500, batch 13/25, loss 0.0444
epoch 9/500, batch 14/25, loss 0.0514
epoch 9/500, batch 15/25, loss 0.0281
epoch 9/500, batch 16/25, loss 0.0207
epoch 9/500, batch 17/25, loss 0.0192
epoch 9/500, batch 18/25, loss 0.0396
epoch 9/500, batch 19/25, loss 0.0153
epoch 9/500, batch 20/25, loss 0.0422
epoch 9/500, batch 21/25, loss 0.0267
epoch 9/500, batch 22/25, loss 0.0380
epoch 9/500, batch 23/25, loss 0.0460
epoch 9/500, batch 24/25, loss 0.0482
epoch 9/500, batch 25/25, loss 0.0161
EarlyStopping counter: 3 out of 20
epoch 9/500, roc_auc, lr: 0.000030,  train: 0.9994, valid: 0.8942, best valid 0.9104, test: 0.9197
epoch 10/500, batch 1/25, loss 0.0160
epoch 10/500, batch 2/25, loss 0.0129
epoch 10/500, batch 3/25, loss 0.0162
epoch 10/500, batch 4/25, loss 0.0573
epoch 10/500, batch 5/25, loss 0.0119
epoch 10/500, batch 6/25, loss 0.0256
epoch 10/500, batch 7/25, loss 0.0528
epoch 10/500, batch 8/25, loss 0.0180
epoch 10/500, batch 9/25, loss 0.0141
epoch 10/500, batch 10/25, loss 0.0125
epoch 10/500, batch 11/25, loss 0.0143
epoch 10/500, batch 12/25, loss 0.0348
epoch 10/500, batch 13/25, loss 0.0207
epoch 10/500, batch 14/25, loss 0.0321
epoch 10/500, batch 15/25, loss 0.0197
epoch 10/500, batch 16/25, loss 0.0125
epoch 10/500, batch 17/25, loss 0.0784
epoch 10/500, batch 18/25, loss 0.0302
epoch 10/500, batch 19/25, loss 0.0273
epoch 10/500, batch 20/25, loss 0.0238
epoch 10/500, batch 21/25, loss 0.0708
epoch 10/500, batch 22/25, loss 0.0496
epoch 10/500, batch 23/25, loss 0.0108
epoch 10/500, batch 24/25, loss 0.0482
epoch 10/500, batch 25/25, loss 0.0056
EarlyStopping counter: 4 out of 20
epoch 10/500, roc_auc, lr: 0.000030,  train: 0.9999, valid: 0.8976, best valid 0.9104, test: 0.9168
epoch 11/500, batch 1/25, loss 0.0091
epoch 11/500, batch 2/25, loss 0.0094
epoch 11/500, batch 3/25, loss 0.0068
epoch 11/500, batch 4/25, loss 0.0074
epoch 11/500, batch 5/25, loss 0.0387
epoch 11/500, batch 6/25, loss 0.0257
epoch 11/500, batch 7/25, loss 0.0273
epoch 11/500, batch 8/25, loss 0.0128
epoch 11/500, batch 9/25, loss 0.0331
epoch 11/500, batch 10/25, loss 0.0335
epoch 11/500, batch 11/25, loss 0.0233
epoch 11/500, batch 12/25, loss 0.0232
epoch 11/500, batch 13/25, loss 0.0103
epoch 11/500, batch 14/25, loss 0.0288
epoch 11/500, batch 15/25, loss 0.0151
epoch 11/500, batch 16/25, loss 0.0136
epoch 11/500, batch 17/25, loss 0.0238
epoch 11/500, batch 18/25, loss 0.0131
epoch 11/500, batch 19/25, loss 0.0542
epoch 11/500, batch 20/25, loss 0.0539
epoch 11/500, batch 21/25, loss 0.0165
epoch 11/500, batch 22/25, loss 0.0158
epoch 11/500, batch 23/25, loss 0.0259
epoch 11/500, batch 24/25, loss 0.0179
epoch 11/500, batch 25/25, loss 0.0213
EarlyStopping counter: 5 out of 20
epoch 11/500, roc_auc, lr: 0.000030,  train: 0.9998, valid: 0.8894, best valid 0.9104, test: 0.9152
epoch 12/500, batch 1/25, loss 0.0122
epoch 12/500, batch 2/25, loss 0.0236
epoch 12/500, batch 3/25, loss 0.0212
epoch 12/500, batch 4/25, loss 0.0141
epoch 12/500, batch 5/25, loss 0.0256
epoch 12/500, batch 6/25, loss 0.0122
epoch 12/500, batch 7/25, loss 0.0117
epoch 12/500, batch 8/25, loss 0.0146
epoch 12/500, batch 9/25, loss 0.0085
epoch 12/500, batch 10/25, loss 0.0061
epoch 12/500, batch 11/25, loss 0.0262
epoch 12/500, batch 12/25, loss 0.0299
epoch 12/500, batch 13/25, loss 0.0151
epoch 12/500, batch 14/25, loss 0.0227
epoch 12/500, batch 15/25, loss 0.0121
epoch 12/500, batch 16/25, loss 0.0196
epoch 12/500, batch 17/25, loss 0.0339
epoch 12/500, batch 18/25, loss 0.0082
epoch 12/500, batch 19/25, loss 0.0355
epoch 12/500, batch 20/25, loss 0.0332
epoch 12/500, batch 21/25, loss 0.0214
epoch 12/500, batch 22/25, loss 0.0060
epoch 12/500, batch 23/25, loss 0.0136
epoch 12/500, batch 24/25, loss 0.0096
epoch 12/500, batch 25/25, loss 0.0214
EarlyStopping counter: 6 out of 20
epoch 12/500, roc_auc, lr: 0.000030,  train: 1.0000, valid: 0.8885, best valid 0.9104, test: 0.9136
epoch 13/500, batch 1/25, loss 0.0144
epoch 13/500, batch 2/25, loss 0.0211
epoch 13/500, batch 3/25, loss 0.0217
epoch 13/500, batch 4/25, loss 0.0062
epoch 13/500, batch 5/25, loss 0.0073
epoch 13/500, batch 6/25, loss 0.0120
epoch 13/500, batch 7/25, loss 0.0219
epoch 13/500, batch 8/25, loss 0.0076
epoch 13/500, batch 9/25, loss 0.0184
epoch 13/500, batch 10/25, loss 0.0053
epoch 13/500, batch 11/25, loss 0.0127
epoch 13/500, batch 12/25, loss 0.0110
epoch 13/500, batch 13/25, loss 0.0091
epoch 13/500, batch 14/25, loss 0.0052
epoch 13/500, batch 15/25, loss 0.0186
epoch 13/500, batch 16/25, loss 0.0395
epoch 13/500, batch 17/25, loss 0.0197
epoch 13/500, batch 18/25, loss 0.0710
epoch 13/500, batch 19/25, loss 0.0067
epoch 13/500, batch 20/25, loss 0.0365
epoch 13/500, batch 21/25, loss 0.0311
epoch 13/500, batch 22/25, loss 0.0065
epoch 13/500, batch 23/25, loss 0.0267
epoch 13/500, batch 24/25, loss 0.0118
epoch 13/500, batch 25/25, loss 0.0209
EarlyStopping counter: 7 out of 20
epoch 13/500, roc_auc, lr: 0.000030,  train: 1.0000, valid: 0.8866, best valid 0.9104, test: 0.9168
epoch 14/500, batch 1/25, loss 0.0183
epoch 14/500, batch 2/25, loss 0.0154
epoch 14/500, batch 3/25, loss 0.0027
epoch 14/500, batch 4/25, loss 0.0145
epoch 14/500, batch 5/25, loss 0.0105
epoch 14/500, batch 6/25, loss 0.0063
epoch 14/500, batch 7/25, loss 0.0045
epoch 14/500, batch 8/25, loss 0.0129
epoch 14/500, batch 9/25, loss 0.0043
epoch 14/500, batch 10/25, loss 0.0096
epoch 14/500, batch 11/25, loss 0.0048
epoch 14/500, batch 12/25, loss 0.0124
epoch 14/500, batch 13/25, loss 0.0102
epoch 14/500, batch 14/25, loss 0.0096
epoch 14/500, batch 15/25, loss 0.0241
epoch 14/500, batch 16/25, loss 0.0148
epoch 14/500, batch 17/25, loss 0.0141
epoch 14/500, batch 18/25, loss 0.0319
epoch 14/500, batch 19/25, loss 0.0045
epoch 14/500, batch 20/25, loss 0.0081
epoch 14/500, batch 21/25, loss 0.0125
epoch 14/500, batch 22/25, loss 0.0480
epoch 14/500, batch 23/25, loss 0.0046
epoch 14/500, batch 24/25, loss 0.0080
epoch 14/500, batch 25/25, loss 0.2212
EarlyStopping counter: 8 out of 20
epoch 14/500, roc_auc, lr: 0.000030,  train: 1.0000, valid: 0.8861, best valid 0.9104, test: 0.9161
epoch 15/500, batch 1/25, loss 0.0272
epoch 15/500, batch 2/25, loss 0.0033
epoch 15/500, batch 3/25, loss 0.0040
epoch 15/500, batch 4/25, loss 0.0053
epoch 15/500, batch 5/25, loss 0.0037
epoch 15/500, batch 6/25, loss 0.0181
epoch 15/500, batch 7/25, loss 0.0369
epoch 15/500, batch 8/25, loss 0.0097
epoch 15/500, batch 9/25, loss 0.0065
epoch 15/500, batch 10/25, loss 0.0189
epoch 15/500, batch 11/25, loss 0.0058
epoch 15/500, batch 12/25, loss 0.0634
epoch 15/500, batch 13/25, loss 0.0155
epoch 15/500, batch 14/25, loss 0.0098
epoch 15/500, batch 15/25, loss 0.0338
epoch 15/500, batch 16/25, loss 0.0062
epoch 15/500, batch 17/25, loss 0.0059
epoch 15/500, batch 18/25, loss 0.0091
epoch 15/500, batch 19/25, loss 0.0088
epoch 15/500, batch 20/25, loss 0.0806
epoch 15/500, batch 21/25, loss 0.0050
epoch 15/500, batch 22/25, loss 0.0287
epoch 15/500, batch 23/25, loss 0.0740
epoch 15/500, batch 24/25, loss 0.0154
epoch 15/500, batch 25/25, loss 0.0224
EarlyStopping counter: 9 out of 20
epoch 15/500, roc_auc, lr: 0.000030,  train: 0.9991, valid: 0.8748, best valid 0.9104, test: 0.9104
epoch 16/500, batch 1/25, loss 0.0094
epoch 16/500, batch 2/25, loss 0.0063
epoch 16/500, batch 3/25, loss 0.0589
epoch 16/500, batch 4/25, loss 0.0166
epoch 16/500, batch 5/25, loss 0.0198
epoch 16/500, batch 6/25, loss 0.0055
epoch 16/500, batch 7/25, loss 0.0186
epoch 16/500, batch 8/25, loss 0.0225
epoch 16/500, batch 9/25, loss 0.0071
epoch 16/500, batch 10/25, loss 0.0673
epoch 16/500, batch 11/25, loss 0.0074
epoch 16/500, batch 12/25, loss 0.0039
epoch 16/500, batch 13/25, loss 0.0531
epoch 16/500, batch 14/25, loss 0.0761
epoch 16/500, batch 15/25, loss 0.0071
epoch 16/500, batch 16/25, loss 0.0078
epoch 16/500, batch 17/25, loss 0.0137
epoch 16/500, batch 18/25, loss 0.0045
epoch 16/500, batch 19/25, loss 0.0222
epoch 16/500, batch 20/25, loss 0.0093
epoch 16/500, batch 21/25, loss 0.0142
epoch 16/500, batch 22/25, loss 0.0090
epoch 16/500, batch 23/25, loss 0.0150
epoch 16/500, batch 24/25, loss 0.0059
epoch 16/500, batch 25/25, loss 0.0040
EarlyStopping counter: 10 out of 20
epoch 16/500, roc_auc, lr: 0.000030,  train: 0.9999, valid: 0.8904, best valid 0.9104, test: 0.9135
epoch 17/500, batch 1/25, loss 0.0035
epoch 17/500, batch 2/25, loss 0.0265
epoch 17/500, batch 3/25, loss 0.0026
epoch 17/500, batch 4/25, loss 0.0059
epoch 17/500, batch 5/25, loss 0.0049
epoch 17/500, batch 6/25, loss 0.0126
epoch 17/500, batch 7/25, loss 0.0060
epoch 17/500, batch 8/25, loss 0.0026
epoch 17/500, batch 9/25, loss 0.0462
epoch 17/500, batch 10/25, loss 0.0021
epoch 17/500, batch 11/25, loss 0.0055
epoch 17/500, batch 12/25, loss 0.0079
epoch 17/500, batch 13/25, loss 0.0053
epoch 17/500, batch 14/25, loss 0.0188
epoch 17/500, batch 15/25, loss 0.0345
epoch 17/500, batch 16/25, loss 0.0227
epoch 17/500, batch 17/25, loss 0.0067
epoch 17/500, batch 18/25, loss 0.0025
epoch 17/500, batch 19/25, loss 0.0206
epoch 17/500, batch 20/25, loss 0.0279
epoch 17/500, batch 21/25, loss 0.0066
epoch 17/500, batch 22/25, loss 0.0229
epoch 17/500, batch 23/25, loss 0.0046
epoch 17/500, batch 24/25, loss 0.0117
epoch 17/500, batch 25/25, loss 0.0103
EarlyStopping counter: 11 out of 20
epoch 17/500, roc_auc, lr: 0.000030,  train: 1.0000, valid: 0.8905, best valid 0.9104, test: 0.9121
epoch 18/500, batch 1/25, loss 0.0024
epoch 18/500, batch 2/25, loss 0.0149
epoch 18/500, batch 3/25, loss 0.0102
epoch 18/500, batch 4/25, loss 0.0041
epoch 18/500, batch 5/25, loss 0.0113
epoch 18/500, batch 6/25, loss 0.0069
epoch 18/500, batch 7/25, loss 0.0025
epoch 18/500, batch 8/25, loss 0.0078
epoch 18/500, batch 9/25, loss 0.0022
epoch 18/500, batch 10/25, loss 0.0028
epoch 18/500, batch 11/25, loss 0.0093
epoch 18/500, batch 12/25, loss 0.0200
epoch 18/500, batch 13/25, loss 0.0016
epoch 18/500, batch 14/25, loss 0.0110
epoch 18/500, batch 15/25, loss 0.0266
epoch 18/500, batch 16/25, loss 0.0077
epoch 18/500, batch 17/25, loss 0.0018
epoch 18/500, batch 18/25, loss 0.0018
epoch 18/500, batch 19/25, loss 0.0260
epoch 18/500, batch 20/25, loss 0.0216
epoch 18/500, batch 21/25, loss 0.0031
epoch 18/500, batch 22/25, loss 0.0169
epoch 18/500, batch 23/25, loss 0.0076
epoch 18/500, batch 24/25, loss 0.0026
epoch 18/500, batch 25/25, loss 0.0016
EarlyStopping counter: 12 out of 20
epoch 18/500, roc_auc, lr: 0.000030,  train: 1.0000, valid: 0.8888, best valid 0.9104, test: 0.9148
epoch 19/500, batch 1/25, loss 0.0056
epoch 19/500, batch 2/25, loss 0.0025
epoch 19/500, batch 3/25, loss 0.0013
epoch 19/500, batch 4/25, loss 0.0018
epoch 19/500, batch 5/25, loss 0.0050
epoch 19/500, batch 6/25, loss 0.0032
epoch 19/500, batch 7/25, loss 0.0097
epoch 19/500, batch 8/25, loss 0.0077
epoch 19/500, batch 9/25, loss 0.0028
epoch 19/500, batch 10/25, loss 0.0095
epoch 19/500, batch 11/25, loss 0.0017
epoch 19/500, batch 12/25, loss 0.0160
epoch 19/500, batch 13/25, loss 0.0021
epoch 19/500, batch 14/25, loss 0.0030
epoch 19/500, batch 15/25, loss 0.0015
epoch 19/500, batch 16/25, loss 0.0014
epoch 19/500, batch 17/25, loss 0.0044
epoch 19/500, batch 18/25, loss 0.0077
epoch 19/500, batch 19/25, loss 0.0024
epoch 19/500, batch 20/25, loss 0.0094
epoch 19/500, batch 21/25, loss 0.0018
epoch 19/500, batch 22/25, loss 0.0013
epoch 19/500, batch 23/25, loss 0.0171
epoch 19/500, batch 24/25, loss 0.0109
epoch 19/500, batch 25/25, loss 0.0011
EarlyStopping counter: 13 out of 20
epoch 19/500, roc_auc, lr: 0.000030,  train: 1.0000, valid: 0.8885, best valid 0.9104, test: 0.9140
epoch 20/500, batch 1/25, loss 0.0033
epoch 20/500, batch 2/25, loss 0.0080
epoch 20/500, batch 3/25, loss 0.0015
epoch 20/500, batch 4/25, loss 0.0026
epoch 20/500, batch 5/25, loss 0.0026
epoch 20/500, batch 6/25, loss 0.0019
epoch 20/500, batch 7/25, loss 0.0021
epoch 20/500, batch 8/25, loss 0.0156
epoch 20/500, batch 9/25, loss 0.0034
epoch 20/500, batch 10/25, loss 0.0036
epoch 20/500, batch 11/25, loss 0.0267
epoch 20/500, batch 12/25, loss 0.0039
epoch 20/500, batch 13/25, loss 0.0013
epoch 20/500, batch 14/25, loss 0.0023
epoch 20/500, batch 15/25, loss 0.0018
epoch 20/500, batch 16/25, loss 0.0362
epoch 20/500, batch 17/25, loss 0.0012
epoch 20/500, batch 18/25, loss 0.0008
epoch 20/500, batch 19/25, loss 0.0062
epoch 20/500, batch 20/25, loss 0.0023
epoch 20/500, batch 21/25, loss 0.0088
epoch 20/500, batch 22/25, loss 0.0033
epoch 20/500, batch 23/25, loss 0.0060
epoch 20/500, batch 24/25, loss 0.0017
epoch 20/500, batch 25/25, loss 0.0035
EarlyStopping counter: 14 out of 20
epoch 20/500, roc_auc, lr: 0.000030,  train: 1.0000, valid: 0.8877, best valid 0.9104, test: 0.9162
epoch 21/500, batch 1/25, loss 0.0143
epoch 21/500, batch 2/25, loss 0.0022
epoch 21/500, batch 3/25, loss 0.0026
epoch 21/500, batch 4/25, loss 0.0015
epoch 21/500, batch 5/25, loss 0.0031
epoch 21/500, batch 6/25, loss 0.0025
epoch 21/500, batch 7/25, loss 0.0021
epoch 21/500, batch 8/25, loss 0.0012
epoch 21/500, batch 9/25, loss 0.0238
epoch 21/500, batch 10/25, loss 0.0022
epoch 21/500, batch 11/25, loss 0.0015
epoch 21/500, batch 12/25, loss 0.0014
epoch 21/500, batch 13/25, loss 0.0015
epoch 21/500, batch 14/25, loss 0.0033
epoch 21/500, batch 15/25, loss 0.0010
epoch 21/500, batch 16/25, loss 0.0009
epoch 21/500, batch 17/25, loss 0.0363
epoch 21/500, batch 18/25, loss 0.0038
epoch 21/500, batch 19/25, loss 0.0209
epoch 21/500, batch 20/25, loss 0.0022
epoch 21/500, batch 21/25, loss 0.0234
epoch 21/500, batch 22/25, loss 0.0023
epoch 21/500, batch 23/25, loss 0.0025
epoch 21/500, batch 24/25, loss 0.0020
epoch 21/500, batch 25/25, loss 0.0123
EarlyStopping counter: 15 out of 20
epoch 21/500, roc_auc, lr: 0.000030,  train: 1.0000, valid: 0.8882, best valid 0.9104, test: 0.9142
epoch 22/500, batch 1/25, loss 0.0019
epoch 22/500, batch 2/25, loss 0.0008
epoch 22/500, batch 3/25, loss 0.0016
epoch 22/500, batch 4/25, loss 0.0351
epoch 22/500, batch 5/25, loss 0.0017
epoch 22/500, batch 6/25, loss 0.0011
epoch 22/500, batch 7/25, loss 0.0011
epoch 22/500, batch 8/25, loss 0.0101
epoch 22/500, batch 9/25, loss 0.0009
epoch 22/500, batch 10/25, loss 0.0027
epoch 22/500, batch 11/25, loss 0.0121
epoch 22/500, batch 12/25, loss 0.0020
epoch 22/500, batch 13/25, loss 0.0019
epoch 22/500, batch 14/25, loss 0.0008
epoch 22/500, batch 15/25, loss 0.0018
epoch 22/500, batch 16/25, loss 0.0045
epoch 22/500, batch 17/25, loss 0.0009
epoch 22/500, batch 18/25, loss 0.0038
epoch 22/500, batch 19/25, loss 0.0009
epoch 22/500, batch 20/25, loss 0.0027
epoch 22/500, batch 21/25, loss 0.0029
epoch 22/500, batch 22/25, loss 0.0015
epoch 22/500, batch 23/25, loss 0.0048
epoch 22/500, batch 24/25, loss 0.0017
epoch 22/500, batch 25/25, loss 0.0025
EarlyStopping counter: 16 out of 20
epoch 22/500, roc_auc, lr: 0.000030,  train: 1.0000, valid: 0.8890, best valid 0.9104, test: 0.9156
epoch 23/500, batch 1/25, loss 0.0015
epoch 23/500, batch 2/25, loss 0.0009
epoch 23/500, batch 3/25, loss 0.0012
epoch 23/500, batch 4/25, loss 0.0045
epoch 23/500, batch 5/25, loss 0.0017
epoch 23/500, batch 6/25, loss 0.0011
epoch 23/500, batch 7/25, loss 0.0011
epoch 23/500, batch 8/25, loss 0.0013
epoch 23/500, batch 9/25, loss 0.0013
epoch 23/500, batch 10/25, loss 0.0011
epoch 23/500, batch 11/25, loss 0.0017
epoch 23/500, batch 12/25, loss 0.0039
epoch 23/500, batch 13/25, loss 0.0007
epoch 23/500, batch 14/25, loss 0.0031
epoch 23/500, batch 15/25, loss 0.0011
epoch 23/500, batch 16/25, loss 0.0012
epoch 23/500, batch 17/25, loss 0.0059
epoch 23/500, batch 18/25, loss 0.0043
epoch 23/500, batch 19/25, loss 0.0046
epoch 23/500, batch 20/25, loss 0.0045
epoch 23/500, batch 21/25, loss 0.0023
epoch 23/500, batch 22/25, loss 0.0022
epoch 23/500, batch 23/25, loss 0.0010
epoch 23/500, batch 24/25, loss 0.0008
epoch 23/500, batch 25/25, loss 0.0026
EarlyStopping counter: 17 out of 20
epoch 23/500, roc_auc, lr: 0.000030,  train: 1.0000, valid: 0.8884, best valid 0.9104, test: 0.9147
epoch 24/500, batch 1/25, loss 0.0011
epoch 24/500, batch 2/25, loss 0.0021
epoch 24/500, batch 3/25, loss 0.0007
epoch 24/500, batch 4/25, loss 0.0012
epoch 24/500, batch 5/25, loss 0.0013
epoch 24/500, batch 6/25, loss 0.0086
epoch 24/500, batch 7/25, loss 0.0020
epoch 24/500, batch 8/25, loss 0.0013
epoch 24/500, batch 9/25, loss 0.0006
epoch 24/500, batch 10/25, loss 0.0043
epoch 24/500, batch 11/25, loss 0.0010
epoch 24/500, batch 12/25, loss 0.0008
epoch 24/500, batch 13/25, loss 0.0032
epoch 24/500, batch 14/25, loss 0.0062
epoch 24/500, batch 15/25, loss 0.0012
epoch 24/500, batch 16/25, loss 0.0006
epoch 24/500, batch 17/25, loss 0.0010
epoch 24/500, batch 18/25, loss 0.0007
epoch 24/500, batch 19/25, loss 0.0009
epoch 24/500, batch 20/25, loss 0.0009
epoch 24/500, batch 21/25, loss 0.0007
epoch 24/500, batch 22/25, loss 0.0179
epoch 24/500, batch 23/25, loss 0.0010
epoch 24/500, batch 24/25, loss 0.0020
epoch 24/500, batch 25/25, loss 0.0005
EarlyStopping counter: 18 out of 20
epoch 24/500, roc_auc, lr: 0.000030,  train: 1.0000, valid: 0.8891, best valid 0.9104, test: 0.9162
epoch 25/500, batch 1/25, loss 0.0007
epoch 25/500, batch 2/25, loss 0.0007
epoch 25/500, batch 3/25, loss 0.0005
epoch 25/500, batch 4/25, loss 0.0016
epoch 25/500, batch 5/25, loss 0.0006
epoch 25/500, batch 6/25, loss 0.0007
epoch 25/500, batch 7/25, loss 0.0021
epoch 25/500, batch 8/25, loss 0.0006
epoch 25/500, batch 9/25, loss 0.0019
epoch 25/500, batch 10/25, loss 0.0011
epoch 25/500, batch 11/25, loss 0.0013
epoch 25/500, batch 12/25, loss 0.0041
epoch 25/500, batch 13/25, loss 0.0020
epoch 25/500, batch 14/25, loss 0.0011
epoch 25/500, batch 15/25, loss 0.0026
epoch 25/500, batch 16/25, loss 0.0014
epoch 25/500, batch 17/25, loss 0.0011
epoch 25/500, batch 18/25, loss 0.0009
epoch 25/500, batch 19/25, loss 0.0181
epoch 25/500, batch 20/25, loss 0.0004
epoch 25/500, batch 21/25, loss 0.0006
epoch 25/500, batch 22/25, loss 0.0144
epoch 25/500, batch 23/25, loss 0.0009
epoch 25/500, batch 24/25, loss 0.0011
epoch 25/500, batch 25/25, loss 0.0007
EarlyStopping counter: 19 out of 20
epoch 25/500, roc_auc, lr: 0.000030,  train: 1.0000, valid: 0.8887, best valid 0.9104, test: 0.9155
epoch 26/500, batch 1/25, loss 0.0009
epoch 26/500, batch 2/25, loss 0.0004
epoch 26/500, batch 3/25, loss 0.0013
epoch 26/500, batch 4/25, loss 0.0014
epoch 26/500, batch 5/25, loss 0.0005
epoch 26/500, batch 6/25, loss 0.0067
epoch 26/500, batch 7/25, loss 0.0014
epoch 26/500, batch 8/25, loss 0.0010
epoch 26/500, batch 9/25, loss 0.0023
epoch 26/500, batch 10/25, loss 0.0023
epoch 26/500, batch 11/25, loss 0.0004
epoch 26/500, batch 12/25, loss 0.0015
epoch 26/500, batch 13/25, loss 0.0012
epoch 26/500, batch 14/25, loss 0.0009
epoch 26/500, batch 15/25, loss 0.0019
epoch 26/500, batch 16/25, loss 0.0008
epoch 26/500, batch 17/25, loss 0.0019
epoch 26/500, batch 18/25, loss 0.0006
epoch 26/500, batch 19/25, loss 0.0079
epoch 26/500, batch 20/25, loss 0.0005
epoch 26/500, batch 21/25, loss 0.0031
epoch 26/500, batch 22/25, loss 0.0010
epoch 26/500, batch 23/25, loss 0.0013
epoch 26/500, batch 24/25, loss 0.0007
epoch 26/500, batch 25/25, loss 0.0003
EarlyStopping counter: 20 out of 20
epoch 26/500, roc_auc, lr: 0.000030,  train: 1.0000, valid: 0.8885, best valid 0.9104, test: 0.9155
Training time: 246.56 seconds
Testing time: 0.29 seconds
         index   train_5     val_5    test_5
0      roc_auc  0.999025  0.910366  0.918174
1      roc_prc  0.999357  0.943276  0.955784
2     accuracy  0.980943  0.839793  0.832474
3  sensitivity  0.971943  0.843373  0.814516
4  specificity  0.995029  0.833333  0.864286
5     f1-score  0.984187  0.871369  0.861407
6    precision  0.996743  0.901288  0.914027
7       recall  0.971943  0.843373  0.814516
8   error rate  0.019057  0.160207  0.167526
9          mcc  0.960705  0.662219  0.658383
********************************BBBP_random_2024, 5th_time_result*******************************
training_result: 0.999
val_result: 0.9104
test_result: 0.9182
************************************5_times_result************************************
the train result of all tasks (roc_auc):  [0.99965    0.99909562 0.99925571 0.99877896 0.99902457]
the average train result of all tasks (roc_auc): 0.9992
the train result of all tasks (std): 0.0003
the train result of all tasks (var): 0.0000
the val result of all tasks (roc_auc):  [0.90201385 0.90780513 0.90454572 0.91211222 0.9103661 ]
the average val result of all tasks (roc_auc): 0.9074
the val result of all tasks (std): 0.0037
the val result of all tasks (var): 0.0000
the test result of all tasks (roc_auc): [0.91696429 0.92125576 0.91422811 0.92364631 0.91817396]
the average test result of all tasks (roc_auc): 0.9189
the test result of all tasks (std): 0.0033
the test result of all tasks (var): 0.0000
    Model     train_1     train_2  ...    test_3    test_4    test_5
0  K_BERT  256.269482  245.690448  ...  0.297722  0.286928  0.292786

[1 rows x 11 columns]
BBBP_random_2024 time used:, 0:21:3
