smiles,HalfLife,group
CN1CC[C@]23CCCC[C@H]2[C@H]1Cc1ccc(O)cc13,1.130333768,training
CC(C)=CCN1CC[C@]2(C)c3cc(O)ccc3C[C@H]1C2C,0.397940009,training
COc1ccc2c3c1O[C@H]1[C@@H](O)C=C[C@H]4[C@@H](C2)N(C)CC[C@@]341,0.602059991,training
COc1ccc2c3c1O[C@H]1[C@@H](O)CC[C@H]4[C@@H](C2)N(C)CC[C@@]341,0.534026106,training
COc1ccc2c3c1O[C@H]1C[C@@H](O)C=C[C@@]31CCN(C)C2,0.72427587,training
CC(=O)Oc1ccc2c3c1O[C@H]1[C@@H](OC(C)=O)C=C[C@H]4[C@@H](C2)N(C)CC[C@@]341,-1.207608311,training
CN1CC[C@]23c4c5ccc(O)c4O[C@H]2[C@@H](O)C=C[C@H]3[C@H]1C5,0.301029996,training
CN1CC[C@]23c4c5ccc(O)c4O[C@H]2[C@@H](O[C@@H]2OC(C(=O)O)[C@@H](O)[C@H](O)[C@H]2O)C=C[C@H]3[C@H]1C5,0.146128036,training
CO[C@]12CC[C@@]3(C[C@@H]1[C@](C)(O)C(C)(C)C)[C@H]1Cc4ccc(O)c5c4[C@@]3(CCN1CC1CC1)[C@H]2O5,0.505149978,training
Oc1ccc2c(c1)[C@@]13CCCC[C@@]1(O)[C@@H](C2)N(CC1CCC1)CC3,0.681241237,training
CN1CC[C@]23c4c5ccc(O)c4OC2C(=O)CC[C@H]3[C@H]1C5,0.361727836,training
C[N+]1(CC2CC2)CC[C@]23c4c5ccc(O)c4OC2C(=O)CC[C@@]3(O)[C@H]1C5,0.397940009,training
Oc1ccc2c3c1O[C@H]1[C@@H](O)CC[C@@]4(O)[C@@H](C2)N(CC2CCC2)CC[C@]314,0.568201724,training
C=C1CC[C@@]2(O)[C@H]3Cc4ccc(O)c5c4[C@@]2(CCN3CC2CC2)[C@H]1O5,0.944482672,training
C=CCN1CC[C@]23c4c5ccc(O)c4OC2C(=O)CC[C@@]3(O)[C@H]1C5,0.041392685,training
O=C1CC[C@@]2(O)[C@H]3Cc4ccc(O)c5c4[C@@]2(CCN3CC2CC2)C1O5,0.278753601,training
COc1ccc2c3c1OC1C(=O)CC[C@@]4(O)[C@@H](C2)N(C)CC[C@]314,0.740362689,training
COc1cc2nc(N(C)CCCNC(=O)C3CCCO3)nc(N)c2cc1OC,0.681241237,training
C=CCN1CCCC1CNC(=O)c1cc2[nH]nnc2cc1OC,0.447158031,training
CNC(=O)C(c1ccccc1)N1CCc2cc(OC)c(OC)cc2[C@@H]1CCc1ccc(C(F)(F)F)cc1,1.53529412,training
C=CCN1CCC[C@H]1CNC(=O)c1cc(S(=O)(=O)NC)c(N)cc1OC,0.681241237,training
CCC1C(=O)N(C)c2cnc(Nc3ccc(C(=O)NC4CCN(C)CC4)cc3OC)nc2N1C1CCCC1,1.603144373,training
COc1cc(C(=O)C(=O)N2CCCCC2C(=O)OC(CCCc2cccnc2)CCCc2cccnc2)cc(OC)c1OC,0.041392685,training
COc1cc(OC)c(C(=O)CCCN2CCCC2)c(OC)c1,0.51851394,training
CCCC(=O)N1CCCN(c2nc(N)c3cc(OC)c(OC)cc3n2)CC1,0.301029996,training
CCNC(=O)OC1CCN(c2nncc3cc(OC)c(OC)cc23)CC1,-0.602059991,training
CNC(=O)Nc1c(OCCN2CCCC2)c(OC)c2occc2c1OC,0.698970004,training
COc1ccc(C2(C#N)CCC(C(=O)O)CC2)cc1OC1CCCC1,0.897627091,training
COc1cc(N)c(Cl)cc1C(=O)N[C@H]1CCN(CCCOc2ccc(F)cc2)C[C@H]1OC,1.068185862,training
COc1c(OCCCN2CCOCC2)ccc2c3n(c(=NC(=O)c4cnc(N)nc4)nc12)CCN3,1.401400541,training
COc1cc2nc(N3CCN(C(=O)C4COc5ccccc5O4)CC3)nc(N)c2cc1OC,1.0,training
CCc1c(O)cc(O)c(C(=O)c2ccc(OCCN3CCOCC3)c(OC)c2)c1CC(=O)N(CCOC)CCOC,0.773786445,training
COc1cccc2c(C(=O)N3CCN(C)C(C)C3)cn(CC3CCCCC3)c12,0.62324929,training
Nc1cc(OCC2CC2)c(C(=O)NC2CN3CCC2CC3)cc1Cl,1.130333768,training
COc1cc2nc(N3CCN(C(=O)c4ccco4)CC3)nc(N)c2cc1OC,0.301029996,training
COCCCN1CCC(NC(=O)c2cc(Cl)c(N)c3c2OCC3)CC1,1.352182518,training
CCN1CCC[C@H]1CNC(=O)c1c(O)c(Cl)cc(Cl)c1OC,1.146128036,training
CCN1CCC[C@H]1CNC(=O)c1c(OC)ccc(Br)c1OC,0.740362689,training
CCC(C(=O)N1CCCCC1C(=O)O[C@H](CCc1ccc(OC)c(OC)c1)c1cccc(OCC(=O)NCCNC(=O)COc2cccc([C@@H](CCc3ccc(OC)c(OC)c3)OC(=O)C3CCCCN3C(=O)C(CC)c3cc(OC)c(OC)c(OC)c3)c2)c1)c1cc(OC)c(OC)c(OC)c1,0.856124444,training
CCOc1ccc2c(c1)[C@]1(CC[C@H](OCCN3CCOCC3)CC1)C(=O)N2S(=O)(=O)c1ccc(C(=O)NC(C)(C)C)cc1OC,1.017033339,training
CCN1CCC[C@@H]1CNC(=O)c1cc(S(N)(=O)=O)ccc1OC,0.812913357,training
COc1cc2c(cc1OC)CN(CCc1ccc(NC(=O)c3cc(OC)c(OC)cc3NC(=O)c3cnc4ccccc4c3)cc1)CC2,1.462397998,training
COc1cc2nc(N3CCN(C(=O)C4CCCO4)CC3)nc(N)c2cc1OC,0.954242509,training
COc1cc2c(N)nc(N3CCN(C(=O)OCC(C)(C)O)CC3)nc2c(OC)c1OC,0.491361694,training
COc1cc2c(cc1OC)[C@H]1C[C@@H](OC(=O)C(N)C(C)C)[C@H](CC(C)C)CN1CC2,1.255272505,training
COc1ccc(CCO[C@@H]2CCCC[C@H]2N2CC[C@@H](O)C2)cc1OC,0.495544338,training
CCC1C(=O)N(C)c2cnc(Nc3ccc(C(=O)N[C@H]4CC[C@H](N5CCN(CC6CC6)CC5)CC4)cc3OC)nc2N1C(C)C,2.053078443,training
COc1ccc(Cl)cc1C(=O)NCCc1ccc(S(=O)(=O)NC(=O)NC2CCCCC2)cc1,0.342422681,training
COc1ccc(-n2nc(C(N)=O)c3c2C(=O)N(c2ccc(N4CCCCC4=O)cc2)CC3)cc1,1.079181246,training
COc1ccc2c(c1)[C@@H]1C[C@]1(C(=O)N1[C@@H]3CC[C@H]1CN(C)C3)Cn1c-2c(C2CCCCC2)c2ccc(C(=O)NS(=O)(=O)N(C)C)cc21,0.730782276,training
COc1ccc(C(=O)Nc2ccccc2CCC2CCCCN2C)cc1,0.414973348,training
O=C(NCC1CCCCN1)c1cc(OCC(F)(F)F)ccc1OCC(F)(F)F,1.079181246,training
COc1cc(F)ccc1Cn1ccc2c3c(ncc21)C(=O)N(O)CC3,0.579783597,training
N#Cc1ccc2[nH]cc(CCCCN3CCN(c4ccc5oc(C(N)=O)cc5c4)CC3)c2c1,1.194791758,training
Cc1c(-c2ccc(O)cc2)n(Cc2ccc(OCCN3CCCCCC3)cc2)c2ccc(O)cc12,1.477121255,training
COc1cc2ncnc(Nc3ccc(F)c(Cl)c3)c2cc1OCCCN1CCOCC1,1.531478917,training
CCCc1nn(C)c2c(=O)[nH]c(-c3cc(S(=O)(=O)N4CCN(C)CC4)ccc3OCC)nc12,0.342422681,training
CCCc1nc(C)c2c(=O)[nH]c(-c3cc(S(=O)(=O)N4CCN(CC)CC4)ccc3OCC)nn12,0.653212514,training
O=C(CCCN1CCC(n2c(=O)[nH]c3ccccc32)CC1)c1ccc(F)cc1,0.763427994,training
CC(CN1CCN(CCOCCO)CC1)CN1c2ccccc2Sc2ccccc21,0.492760389,training
O=C(CCCN1CC=C(n2c(=O)[nH]c3ccccc32)CC1)c1ccc(F)cc1,0.278753601,training
C[C@@H](Oc1cc(-n2cnc3ccc(CN4CCN(C)CC4)cc32)sc1C(N)=O)c1ccccc1C(F)(F)F,1.012837225,training
O=C(c1ccc(F)cc1)C1CCN(CCn2c(=O)[nH]c3ccccc3c2=O)CC1,1.079181246,training
COC(=O)c1cnc2n1CCc1ccccc1C2=C1CCN(CCc2ccc(OCc3ccc4ccccc4n3)cc2)CC1,1.025305865,training
CN(c1nc2ccccc2s1)C1CCN(C[C@H](O)COc2ccc(F)c(F)c2)CC1,1.334453751,training
CCc1nn(CCCN2CCN(c3cccc(Cl)c3)CC2)c(=O)n1CCOc1ccccc1,0.079181246,training
Cc1c(C)c2ccc(OCCCN3CCN(Cc4ccc(Cl)cc4)CC3)cc2oc1=O,1.283301229,training
CN1CCN(CC(=O)N2c3ccccc3C(=O)Nc3cccnc32)CC1,1.045322979,training
COCCN1CCN(Cc2ccc(-c3[nH]nc4c3C(=O)c3c(NC(=O)NN5CCOCC5)cccc3-4)cc2)CC1,0.995635195,training
CN(c1nc2ccccc2s1)C1CCN(C[C@@H](O)COc2ccc(F)cc2)CC1,1.276461804,training
COc1ccccc1N1CCN(CCCNc2cc(=O)n(C)c(=O)n2C)CC1,0.544068044,training
Cc1[nH]cnc1CN1CCc2c(c3ccccc3n2C)C1=O,0.204119983,training
CN1CCCC(n2nc(Cc3ccc(Cl)cc3)c3ccccc3c2=O)CC1,1.342422681,training
CCOc1nc2cccc(C(=O)O)c2n1Cc1ccc(-c2ccccc2-c2nn[nH]n2)cc1,0.986771734,training
O=C1NCC2(CCN(CCc3ccccc3)CC2)O1,1.146128036,training
CCCCC1=NC2(CCCC2)C(=O)N1Cc1ccc(-c2ccccc2-c2nn[nH]n2)cc1,1.146128036,training
CN(c1nc(=O)cc[nH]1)C1CCN(c2nc3ccccc3n2Cc2ccc(F)cc2)CC1,0.982271233,training
Cc1ccccc1-c1cc(N2CCN(C)CC2)ncc1N(C)C(=O)C(C)(C)c1cc(C(F)(F)F)cc(C(F)(F)F)c1,1.535040813,training
CCCc1nc(C(C)(C)O)c(C(=O)O)n1Cc1ccc(-c2ccccc2-c2nn[nH]n2)cc1,1.033423755,training
C[C@@H](O[C@H]1OCCN(Cc2n[nH]c(=O)[nH]2)[C@H]1c1ccc(F)cc1)c1cc(C(F)(F)F)cc(C(F)(F)F)c1,1.113943352,training
C[C@@H](O[C@H]1OCCN(Cc2nc(=O)n(P(=O)(O)O)[nH]2)[C@H]1c1ccc(F)cc1)c1cc(C(F)(F)F)cc(C(F)(F)F)c1,0.342422681,training
O=C(CCCN1CCC(O)(c2ccc(Cl)cc2)CC1)c1ccc(F)cc1,1.544068044,training
Cc1nc2n(c(=O)c1CCN1CCC(c3noc4cc(F)ccc34)CC1)CCCC2O,1.390935107,training
O=C(c1ccc(OCCN2CCCCC2)cc1)c1c(-c2ccc(O)cc2)sc2cc(O)ccc12,1.08278537,training
Cc1nc2n(c(=O)c1CCN1CCC(c3noc4cc(F)ccc34)CC1)CCCC2,0.505149978,training
Cc1nc2sccn2c(=O)c1CCN1CCC(=C(c2ccc(F)cc2)c2ccc(F)cc2)CC1,1.602059991,training
O=C1CCc2ccc(OCCCCN3CCN(c4cccc(Cl)c4Cl)CC3)cc2N1,1.875061263,training
O=c1ccc2ccc(OCCCCN3CCN(c4cccc5sccc45)CC3)cc2[nH]1,1.735359333,training
O=c1[nH]c2ccccc2n1CCCN1CCC(n2c(=O)[nH]c3cc(Cl)ccc32)CC1,0.875061263,training
C[C@@H](OC[C@@]1(c2ccccc2)CC[C@]2(CCC(=O)N2)CN1)c1cc(C(F)(F)F)cc(C(F)(F)F)c1,2.171726454,training
O=c1n(CCCN2CCN(c3cccc(Cl)c3)CC2)nc2ccccn12,0.86332286,training
Oc1cc2cc(CCN3CCN(c4nsc5ccccc45)CC3)c(Cl)cc2[nH]1,0.491361694,training
OCCN1CCN(CC/C=C2/c3ccccc3Sc3ccc(C(F)(F)F)cc32)CC1,1.534026106,training
NC(=O)c1csc([C@@H]2O[C@H](CO)[C@@H](O)[C@H]2O)n1,0.770852012,training
Nc1ccn([C@H]2CO[C@@H](CO)S2)c(=O)n1,1.283301229,training
Nc1ccn([C@@H]2CO[C@H](CO)S2)c(=O)n1,0.950364854,training
CCCCCCCC/C=C/CCCCCCCC(=O)OC[C@H]1O[C@@H](n2ccc(N)nc2=O)[C@@H](O)[C@@H]1O,-0.443697499,training
Nc1ccn([C@@H]2O[C@H](CO)[C@@H](O)[C@@H]2O)c(=O)n1,-0.769551079,training
Nc1ccn([C@@H]2O[C@H](CO)C[C@@H]2F)c(=O)n1,0.255272505,training
Nc1ccn([C@@H]2O[C@H](CO)[C@@H](O)C2(F)F)c(=O)n1,0.0,training
Nc1ccn([C@@H]2CS[C@H](CO)O2)c(=O)n1,0.959041392,training
C#C[C@@]1(O)[C@@H](CO)O[C@H](n2ccc(N)nc2=O)[C@@H]1O,1.037426498,training
Nc1ccn([C@@H]2CO[C@H](CO)O2)c(=O)n1,1.913813852,training
Nc1ccn([C@H]2CC[C@@H](CO)O2)c(=O)n1,0.079181246,training
Nc1ncn([C@H]2C[C@H](O)[C@@H](CO)O2)c(=O)n1,-0.236572006,training
Nc1nc(=O)n([C@H]2C[C@H](O)[C@@H](CO)O2)cc1F,-0.107905397,training
O=c1[nH]cnc2c1ncn2[C@H]1CC[C@@H](CO)O1,0.146128036,training
O=c1[nH]c(=O)n([C@@H]2O[C@H](CO)[C@H](O)[C@H](O)[C@H]2O)cc1F,0.624282096,training
COc1cccc2c1[C@H](CO)N1[C@H](C#N)[C@@H]3CC(C(=O)O)[C@H]([C@@H]1C2)N3C,0.181843588,training
CNC(=O)Oc1ccc2c(c1)[C@@]1(C)CCN(C)[C@@H]1N2C,0.0,training
COc1cccc([C@@]2(O)CCCC[C@@H]2CN(C)C)c1,0.763427994,training
CCC(=O)N(c1ccccc1)C1(COC)CCN(CCn2nnn(CC)c2=O)CC1,0.204119983,training
CC(=O)N(CC[C@@](CCN1CCCCC1)(C(N)=O)c1ccccc1Cl)C(C)C,1.079181246,training
CCOCCn1c(C2CCN(CCc3ccc(C(C)(C)C(=O)O)cc3)CC2)nc2ccccc21,0.712649702,training
CCN1C[C@H]2CN(C)C[C@@H](C1)C2OC(=O)c1ccc(Cl)cc1,0.934498451,training
COC(=O)C(c1ccccc1Cl)N1CCc2sccc2C1,0.704150517,training
NC(=O)C(c1ccccc1)(c1ccccc1)[C@@H]1CCN(CCc2ccc3c(c2)CCO3)C1,0.556302501,training
COc1ccc([C@@H]2Sc3ccccc3N(CCN(C)C)C(=O)C2OC(C)=O)cc1,0.748188027,training
CCN1CC(CCN2CCOCC2)C(c2ccccc2)(c2ccccc2)C1=O,0.612783857,training
CCC(=O)C1(c2cccc(O)c2)CCN(C)CC1,0.361727836,training
CC(C)Oc1ccccc1N1CCN(Cc2cccc(C(=O)N3CCCCC3)c2)CC1,0.662757832,training
CC1CCN(CCCC(=O)c2ccc(F)cc2)CC1,0.591064607,training
CS(=O)(=O)c1ccc2c(c1)N(CCCN1CCC(C(N)=O)CC1)c1ccccc1S2,0.602059991,training
COCC(=O)O[C@]1(CCN(C)CCCc2nc3ccccc3[nH]2)CCc2cc(F)ccc2[C@@H]1C(C)C,1.113943352,training
O=C(NCCN1CCOCC1)c1ccc(Cl)cc1,0.176091259,training
COC(=O)c1ccc2c(C(=Nc3ccc(N(C)C(=O)CN4CCN(C)CC4)cc3)c3ccccc3)c(O)[nH]c2c1,0.977723605,training
C[C@H](Cc1cc2c(c(C(N)=O)c1)N(CCCO)CC2)NCCOc1ccccc1OCC(F)(F)F,0.556302501,training
CCC(=O)N(c1ccccc1)C1(COC)CCN(CCc2cccs2)CC1,1.146128036,training
CN1c2ccccc2[C@@H](NCCCCCCC(=O)O)c2ccc(Cl)cc2S1(=O)=O,0.146128036,training
CCOC(=O)C1=C[C@]2(CC)CCCN3CCc4c(n1c1ccccc41)[C@@H]32,0.683947131,training
COc1ccc(CC(C)(C)NC[C@H](O)c2cc(O)cc3c2OCC(=O)N3)cc1,1.344392274,training
CC1=NC(=O)[C@](CCN(C(C)C)C(C)C)(c2ccccc2)[C@H]2CCCCN12,0.276461804,training
C[N+]1(C)CCC(OC(=O)C(O)(c2ccccc2)C2CCCC2)C1,-0.187086643,training
O=C(c1ccccc1)c1ccc2n1CCC2C(=O)O,0.707570176,training
O=C(O)CSc1nnc(Br)n1-c1ccc(C2CC2)c2ccccc12,0.698970004,training
C[C@@H]1CN(C2CCC(C#N)(c3ccc(F)cc3)CC2)CC[C@]1(C(=O)O)c1ccccc1,1.51851394,training
NC(=O)N1c2ccccc2CC(O)c2ccccc21,0.991226076,training
O=C(NC1CCN(CCCCC2(C(=O)NCC(F)(F)F)c3ccccc3-c3ccccc32)CC1)c1ccccc1-c1ccc(C(F)(F)F)cc1,1.598790507,training
O[C@](CO[C@@H]1CN2CCC1CC2)(c1ccccc1)C1CCCC1,1.196728723,training
NS(=O)(=O)c1cc(C(=O)O)cc(N2CCCC2)c1Oc1ccccc1,0.113943352,training
N#CC(CCN1CCC(C(N)=O)(N2CCCCC2)CC1)(c1ccccc1)c1ccccc1,0.903089987,training
C[C@@H]1CCC[C@H](C)N1CCCC(O)(c1ccccc1)c1ccccn1,0.924279286,training
CC[N+]1(CC)CCC(=C(c2ccccc2)c2ccccc2)[C@@H]1C,0.328379603,training
OC(CCN1CCCC1)(c1ccccc1)C1CCCCC1,1.079181246,training
O=C(O[C@H]1CN2CCC1CC2)N1CCc2ccccc2[C@@H]1c1ccccc1,1.716003344,training
Cc1cccc(N2CC(CO)OC2=O)c1,0.204119983,training
O=C(O[C@H]1CC2CC[C@@H](C1)[N+]21CCCC1)C(O)(c1ccccc1)c1ccccc1,0.698970004,training
CC1CNc2c(cccc2S(=O)(=O)NC(CCCN=C(N)N)C(=O)N2CC[C@@H](C)CC2C(=O)O)C1,-0.397940009,training
CC(C)(C)C(NC(=O)C(CC1CCCC1)CN(O)C=O)C(=O)N1CCN(Cc2ccc3c(c2)OCO3)CC1,0.973127854,training
CCNC(=O)CCC/C=C\C[C@@H]1[C@@H](/C=C\[C@@H](O)CCc2ccccc2)[C@H](O)C[C@@H]1O,-0.346787486,training
CCCCN1CCCC1C(=O)Nc1c(C)cc(C)cc1C,0.198657087,training
CC(C)CC(NC(=O)C(CCc1ccccc1)NC(=O)CN1CCOCC1)C(=O)NC(Cc1ccccc1)C(=O)NC(CC(C)C)C(=O)[C@@]1(C)CO1,0.041392685,training
COC(=O)NC(C(=O)N1CCC[C@H]1c1nc(-c2ccc(-c3ccc(-c4c[nH]c([C@@H]5CCCN5C(=O)C(NC(=O)OC)C(C)C)n4)cc3)cc2)c[nH]1)C(C)C,1.130333768,training
CC(C)CN(C[C@@H](O)[C@H](Cc1ccccc1)NC(=O)O[C@H]1CO[C@H]2OCC[C@H]21)S(=O)(=O)c1ccc(N)cc1,1.176091259,training
CC(=N)N1CC[C@H](Oc2ccc(C(Cc3ccc4ccc(C(=N)N)cc4c3)C(=O)O)cc2)C1,1.380573003,training
CCCCCCCC(=O)N[C@H](CN1CCCC1)[C@H](O)c1ccc2c(c1)OCCO2,0.886490725,training
COc1ccc(CC(NC(=O)CC(C)(C)N)C(=O)NC(Cc2c[nH]cn2)C(=O)N[C@@H](CC2CCCCC2)[C@@H](O)[C@@H](O)CC(C)C)cc1,0.235528447,training
O=C(O)C1C[C@@H](C2CCCCC2)CN1C(=O)CP(=O)(O)CCCCc1ccccc1,0.973127854,training
CCCCCNC(=O)c1coc([C@H]2[C@@H](Cc3ccccc3CCC(=O)O)[C@@H]3CC[C@H]2O3)n1,1.342422681,training
CC(C)(C)NC(=O)C1CN(Cc2cccnc2)CCN1C[C@@H](O)CC(Cc1ccccc1)C(=O)N[C@H]1c2ccccc2C[C@H]1O,0.0,training
N=C(N)c1ccc(C(=O)NC(Cc2ccc(O)cc2)C(=O)N2CCC(OCC(=O)O)CC2)cc1,0.322219295,training
CC(C)OC(=O)CCC/C=C/C[C@@H]1[C@@H](CC[C@@H](O)CCc2ccccc2)[C@H](O)C[C@@H]1O,-0.552841969,training
CNC[C@H](O)CC12CCC(c3ccccc31)c1ccccc12,1.274157849,training
CC(=O)NC[C@H]1CN(c2ccc(N3CCOCC3)c(F)c2)C(=O)O1,0.653212514,training
NCCCCC(NC(CCc1ccccc1)C(=O)O)C(=O)N1CCCC1C(=O)O,1.62324929,training
CCN(CC)C(=O)N[C@H]1C=C2c3cccc4[nH]cc(c34)C[C@H]2N(C)C1,0.255272505,training
N=C(N)c1ccc(CNC(=O)C2CCN2C(=O)C(NCC(=O)O)C2CCCCC2)cc1,0.204119983,training
Cc1cccc(C)c1NC(=O)C1CCCCN1C,0.301029996,training
CN1C[C@H](CNC(=O)OCc2ccccc2)C[C@@H]2c3cccc4c3c(cn4C)C[C@H]21,-0.031517051,training
CC[C@@H](CO)NC(=O)C1C=C2c3cccc4[nH]cc(c34)C[C@H]2N(C)C1,0.267171728,training
CCN(CC)CCOC(=O)C(Cc1cccc2ccccc12)CC1CCCO1,0.130333768,training
N=C(N)N1CCC[C@@H](CNC(=O)CC(NS(=O)(=O)c2ccc3ccccc3c2)C(=O)N(CC(=O)O)C2CC2)C1,0.278753601,training
O=C(O)CCCSCCN1C(=O)CC[C@@H]1/C=C/[C@@H](O)Cc1ccc(F)cc1,-0.420216403,training
CCC(CC)O[C@@H]1C=C(C(=O)O)C[C@H](N)[C@H]1NC(C)=O,0.255272505,training
CCC(=O)NCC[C@@H]1CCc2ccc3c(c21)CCO3,0.278753601,training
CC(C)(C)S(=O)(=O)CC(Cc1ccccc1)C(=O)NC(Cc1c[nH]cn1)C(=O)N[C@@H](CC1CCCCC1)[C@@H](O)C(O)C1CC1,0.716003344,training
CN(C(=O)Cc1cccc2sccc12)[C@@H]1CCCC[C@H]1N1CCCC1,0.740362689,training
CC(C)(C)NC(=O)C1C[C@@H]2CCCC[C@@H]2CN1C[C@@H](O)[C@H](Cc1ccccc1)NC(=O)C(CC(N)=O)NC(=O)c1ccc2ccccc2n1,1.113943352,training
CC[C@H](C)[C@@H]([C@@H](CC(=O)N1CCC[C@H]1[C@H](OC)C(C)C(=O)NCCc1ccccc1)OC)N(C)C(=O)C(NC(=O)C(C(C)C)N(C)C)C(C)C,0.753583059,training
CCC(=O)NC[C@@H]1C[C@H]1c1cccc2c1CCO2,-0.124938737,training
Cc1ccsc1C(=CCCN1CCCC(C(=O)O)C1)c1sccc1C,1.0,training
CCCCS(=O)(=O)NC(Cc1ccc(OCCCCC2CCNCC2)cc1)C(=O)O,0.204119983,training
CCCCC[C@@H](O)CC[C@H]1[C@@H]2Cc3cccc(OCC(=O)O)c3C[C@@H]2C[C@@H]1O,-0.086186148,training
O=C(O)C[C@@H]1CC[C@H](NC(=O)Cc2cccs2)B(O)O1,0.127104798,training
COC(=O)C1[C@@H](O)CC[C@H]2CN3CCc4c([nH]c5ccccc45)[C@@H]3C[C@@H]12,0.176091259,training
CS(=O)(=O)c1cc(F)cc2c3c(n(Cc4ccc(Cl)cc4)c12)[C@@H](CC(=O)O)CC3,1.071882007,training
Cc1cc(F)ccc1[C@H]1CNCCN1C(=O)N(C)[C@H](C)c1cc(C(F)(F)F)cc(C(F)(F)F)c1,1.001300933,training
OC(CCN1CCCCC1)(c1ccccc1)C1CC2C=CC1C2,1.380211242,training
CCC1(c2cccc(O)c2)CCCCN(C)C1,0.230448921,training
Cc1ccc(S(=O)(=O)NC(=O)N[C@H]2[C@H]3CC[C@@](C)([C@H]2O)C3(C)C)cc1,0.963787827,training
Cc1ccc(S(=O)(=O)NC(=O)NN2C[C@H]3CCC[C@@H]3C2)cc1,1.214843848,training
CCC1=C(C)CN(C(=O)NCCc2ccc(S(=O)(=O)NC(=O)N[C@H]3CC[C@H](C)CC3)cc2)C1=O,1.0,training
Cc1cnc(C(=O)NCCc2ccc(S(=O)(=O)NC(=O)NC3CCCCC3)cc2)cn1,0.51851394,training
Cc1c[nH]c2c(O)cc3c(c12)[C@H](CCl)CN3C(=O)c1cc2cc(NC(=O)Nc3ccc4[nH]c(C(=O)N5C[C@@H](CCl)c6c5cc(O)c5[nH]cc(C)c65)cc4c3)ccc2[nH]1,0.204119983,training
COc1ccc([C@@H]2Sc3cc(Cl)ccc3N(CCN(C)C)C(=O)C2OC(C)=O)cc1,1.025305865,training
CN1CCc2nc(C(=O)N[C@@H]3CC(C(=O)N(C)C)CC[C@@H]3NC(=O)C(=O)Nc3ccc(Cl)cn3)sc2C1,0.826074803,training
CC1CC(=O)NN=C1c1ccc(NN=C(C#N)C#N)cc1,0.041392685,training
Cc1ccc(-n2nccn2)c(C(=O)N2CCN(c3nc4cc(Cl)ccc4o3)CC[C@H]2C)c1,1.015778756,training
Cc1cc(Nc2cc(N3CCN(C)CC3)nc(Sc3ccc(NC(=O)C4CC4)cc3)n2)[nH]n1,0.924279286,training
CC(=O)Nc1cccc(-n2c(=O)n(C3CC3)c(=O)c3c(Nc4ccc(I)cc4F)n(C)c(=O)c(C)c32)c1,2.359835482,training
CCc1nc2c(N)nc3ccccc3c2n1CCCCNS(C)(=O)=O,0.851258349,training
CNC(=O)c1ccccc1Sc1ccc2c(C=Cc3ccccn3)[nH]nc2c1,0.633468456,training
Cn1c(CCCC(=O)O)nc2cc(N(CCCl)CCCl)ccc21,-0.387216143,training
C=C(Br)C(=O)Nc1cc(C(=O)Nc2cc(C(=O)Nc3cc(C(=O)Nc4cc(C(=O)NCCN=C(N)N)n(C)c4)n(C)c3)n(C)c2)n(C)c1,0.919078092,training
O=C(NCCN1CCN=C1c1ccncc1)Nc1ccc(C(=O)O)cc1,0.69019608,training
CCc1[nH]c(=O)[nH]c1C(=O)c1ccncc1,0.120573931,training
Cn1cc(NC(=O)Nc2cc(C(=O)Nc3cc(C(=O)Nc4ccc5cc(S(=O)(=O)O)cc(S(=O)(=O)O)c5c4)n(C)c3)n(C)c2)cc1C(=O)Nc1cc(C(=O)Nc2ccc3cc(S(=O)(=O)O)cc(S(=O)(=O)O)c3c2)n(C)c1,2.86332286,training
CS(=O)(=O)c1ccc(C(=O)Nc2ccc(Cl)c(-c3ccccn3)c2)c(Cl)c1,2.389166084,training
CCN(C(C)=O)c1cccc(-c2ccnc3c(C#N)cnn23)c1,0.041392685,training
Cc1ccc(-c2nc3ccc(C)cn3c2CC(=O)N(C)C)cc1,0.230448921,training
COC(C(=O)N1Cc2[nH]nc(NC(=O)c3ccc(N4CCN(C)CC4)cc3)c2C1)c1ccccc1,1.397940009,training
Cc1ccc(NC(=O)c2ccc(CN3CCN(C)CC3)cc2)cc1Nc1nccc(-c2cccnc2)n1,1.342422681,training
COC(=O)Nc1nc2cc(C(=O)c3ccccc3)ccc2[nH]1,0.041392685,training
COC(=O)CC[C@@H]1N=C(c2ccccn2)c2cc(Br)ccc2-n2c(C)cnc21,-0.124938737,training
COC(=O)N(C)c1c(N)nc(-c2nn(Cc3ccccc3F)c3ncccc23)nc1N,0.959041392,training
CCc1cc2c(cc1CC)CC(NC[C@H](O)c1ccc(O)c3[nH]c(=O)ccc13)C2,1.966141733,training
Cc1c(CN(C)C(=O)C=Cc2cnc3c(c2)CCC(=O)N3)oc2ccccc12,0.806179974,training
Cc1nc2c([nH]1)-c1ccccc1N(C(=O)c1ccc(NC(=O)c3ccccc3-c3ccccc3)cc1)CC2,0.826074803,training
NNc1cc2c(nn1)CCN(C(=O)c1ccccc1)C2,0.748188027,training
CN1C(=O)C(O)C[C@H]1c1cccnc1,0.770852012,training
Cc1cc(NC(=O)C2C(=O)c3ccccc3S(=O)(=O)N2C)no1,1.51851394,training
CC(C)(N)CC(=O)NC1CCc2ccccc2N(Cc2ccc(-c3ccccc3-c3nn[nH]n3)cc2)C1=O,0.579783597,training
Cc1cnc(NC(=O)C2C(=O)c3ccccc3S(=O)(=O)N2C)s1,1.255272505,training
CC(=O)Nc1ccc(C2=NNC(=O)CC2C)cc1,1.84509804,training
CN(C)C1CCN(C(=O)c2ccc(NC(=O)Nc3ccc(-c4nc(N5CCOCC5)nc(N5CCOCC5)n4)cc3)cc2)CC1,1.553883027,training
CCCc1nc2c(C)cc(-c3nc4ccccc4n3C)cc2n1Cc1ccc(-c2ccccc2C(=O)O)cc1,1.301029996,training
CN1C(C(=O)Nc2ccccn2)C(=O)c2sccc2S1(=O)=O,1.826074803,training
Cc1ccccc1C(=O)Nc1ccc(C(=O)N2CCC[C@H](O)c3cc(Cl)ccc32)c(C)c1,0.462397998,training
Cn1cc(C(=O)C2CCc3[nH]cnc3C2)c2ccccc21,0.693726949,training
N=C(N)NC(=O)c1cnn(-c2cccc3ncccc23)c1C1CC1,0.301029996,training
CN1CCN(C(=O)OC2c3nccnc3C(=O)N2c2ccc(Cl)cn2)CC1,0.716003344,training
CN[C@H]1CN(c2ccc3c(=O)c(C(=O)O)cn(-c4nccs4)c3n2)C[C@@H]1OC,1.40654018,training
CCN(CC)c1ccc2cc(C(=O)Nc3ccc4[nH]c(C(=O)N5C[C@@H](CCl)c6c5cc(OC(=O)Nc5ccccc5)c5[nH]cc(C)c65)cc4c3)oc2c1,-0.318758763,training
CCc1cnn2c(NCc3ccc[n+]([O-])c3)cc(N3CCCC[C@H]3CCO)nc12,0.322219295,training
CN[C@@H]1CCc2[nH]c3ccc(C(N)=O)cc3c2C1,1.380211242,training
CSCC(NC(=O)COc1cccc2cnccc12)C(=O)NC(Cc1ccccc1)C(O)C(=O)N1CSCC1C(=O)NC(C)(C)C,-0.356547324,training
NCCCCC(NC(=O)C(Cc1cc(Br)c(O)c(Br)c1)NC(=O)N1CCC(N2Cc3ccccc3NC2=O)CC1)C(=O)N1CCN(c2ccncc2)CC1,0.397940009,training
Cc1cnc(C(=O)NC2CCCCC/C=C\[C@@H]3C[C@@]3(C(=O)NS(=O)(=O)C3CC3)NC(=O)C3C[C@@H](Oc4nc5ccccc5c5ccccc45)CN3C2=O)cn1,0.940018155,training
CCCc1c(O)n2c(N(C)C)nc3ccc(C)cc3n2c1=O,1.230448921,training
CCN(CC)CCN(Cc1ccc(-c2ccc(C(F)(F)F)cc2)cc1)C(=O)Cn1c(SCc2ccc(F)cc2)nc(=O)c2c1CCC2,1.611723308,training
CCOC(=O)c1ncn2c1CN(C)C(=O)c1cc(F)ccc1-2,-0.107905397,training
Cc1c(F)cc(C(=O)NC2CC2)cc1-c1ccc(C(=O)NCC(C)(C)C)cn1,0.841984805,training
O=C(Nc1c(Cl)cncc1Cl)c1ccc(OC(F)F)c(OCC2CC2)c1,1.178976947,training
O=C(NCCN1CCOCC1)Nc1nc2ccc(Sc3nnc4ccc(-c5ccc(F)cc5)nn34)cc2s1,1.288696261,training
CC(C)(C)c1cnc(CSc2cnc(NC(=O)C3CCNCC3)s2)o1,0.968482949,training
CCOC(=O)c1ccc(C#Cc2ccc3c(c2)C(C)(C)CCS3)nc1,0.793790385,training
Cn1nnc(-c2ccc(-c3ccc(N4C[C@H](CO)OC4=O)cc3F)cn2)n1,1.006893708,training
CCOC(=O)N[C@@H]1CC[C@@H]2[C@H](CC3C(=O)O[C@H](C)[C@H]3[C@H]2/C=C/c2ccc(-c3cccc(F)c3)cn2)C1,2.173186268,training
CN1CCN(c2ncc(-c3cc(Cl)cc(Cl)c3Cl)c(N)n2)CC1,1.04060234,training
CCc1cc2c(cc1N1CCC(N3CCOCC3)CC1)C(C)(C)c1[nH]c3cc(C#N)ccc3c1C2=O,1.068185862,training
CN1CCN(CCCCn2c(O)cn(/N=C/c3ccc(-c4ccc(Cl)cc4)o3)c2=O)CC1,1.897627091,training
O=C(c1ccc(F)c(F)c1Nc1ccc(I)cc1F)N1CC(O)([C@@H]2CCCCN2)C1,1.837588438,training
C[C@@H](Oc1cc(-c2cnn(C3CCNCC3)c2)cnc1N)c1c(Cl)ccc(F)c1Cl,1.589949601,training
O=c1ccc2ncc(=O)n3c2n1C[C@H]3CN1CCC(NCc2cc3c(cn2)OCCC3)CC1,1.100370545,training
CN[C@@H]1C[C@H]2OC(C)([C@@H]1OC)n1c3ccccc3c3c4c(c5c6ccccc6n2c5c31)C(=O)N[C@@H]4O,2.897627091,training
CCC(C)n1ncn(-c2ccc(N3CCN(c4ccc(OCC5COC(Cn6cncn6)(c6ccc(Cl)cc6Cl)O5)cc4)CC3)cc2)c1=O,1.397940009,training
NS(=O)(=O)OC[C@@H]1C[C@@H](n2ccc3c(N[C@H]4CCc5ccccc54)ncnc32)C[C@@H]1O,0.749736316,training
CC(C)=CCN1Cc2cc(Cl)cc3[nH]c(=S)n(c23)C[C@@H]1C,1.414304688,training
OCCO[C@H]1C[C@@H](n2nnc3c(N[C@@H]4C[C@H]4c4ccc(F)c(F)c4)[nH]c(=S)nc32)[C@H](O)[C@@H]1O,0.832508913,training
O=C(O[C@H]1C[C@H]2CC3C[C@@H](C1)N2CC3=O)c1c[nH]c2ccccc12,-0.886056648,training
CN1CC[C@H](c2c(O)cc(O)c3c(=O)cc(-c4ccccc4Cl)oc23)[C@H](O)C1,0.716003344,training
C=CC(=O)N1CCCC(n2nc(-c3ccc(Oc4ccccc4)cc3)c3c(N)ncnc32)C1,0.698970004,training
CC#CCn1c(N2CCC[C@@H](N)C2)nc2c1c(=O)n(Cc1nc(C)c3ccccc3n1)c(=O)n2C,2.11058971,training
Cc1ccnc2c1NC(=O)c1cccnc1N2C1CC1,1.72427587,training
Cc1nccn1CC1CCc2c(c3ccccc3n2C)C1=O,0.531478917,training
CCN(CC)CCN1C(=O)c2c(c3c4cccc(Cl)c4n([C@@H]4O[C@H](CO)[C@@H](OC)[C@H](O)[C@H]4O)c3c3[nH]c4c(Cl)cccc4c23)C1=O,1.689308859,training
O[C@@H](CNC[C@H](O)[C@H]1CCc2cc(F)ccc2O1)[C@@H]1CCc2cc(F)ccc2O1,1.0,training
O=C(NC1CC[C@@H](c2cccc(F)c2F)CN(CC(F)(F)F)C1=O)N1CCC(n2c(=O)[nH]c3ncccc32)CC1,0.913813852,training
CC[C@H]1C2C[C@H]3[C@@H]4N(C)c5ccccc5C45C[C@@H](C2[C@H]5O)N3[C@@H]1O,0.86332286,training
C=CC[N@@+]12CC[C@@]34c5ccccc5N5C=C6[C@H]7C[C@H]8[C@@]9(CC[N@@+]8(CC=C)C/C7=C/CO)c7ccccc7N(C=C([C@@H](C[C@@H]31)/C(=C\CO)C2)[C@H]54)[C@@H]69,0.556302501,training
CN1CCc2cccc3c2[C@H]1Cc1ccc(O)c(O)c1-3,-0.167491087,training
Oc1c(C2=CC[C@@H](c3ccc(Cl)cc3)CC2)c(O)c2ccccc2c1O,1.799340549,training
N#Cc1ccc2c(c1)CN(S(=O)(=O)c1cccs1)[C@H](Cc1ccccc1)CN2Cc1c[nH]cn1,0.204119983,training
CN1C(=O)CC[C@H]1c1cccnc1,1.230448921,training
CN1CCN(C(c2ccccc2)c2ccccc2)CC1,1.131297797,training
c1cc2c(c(N3CCNCC3)c1)OCCO2,0.913813852,training
CC1(C)C(/C=C\C=C\C=C\C=C2/N(CCCCS(=O)(=O)O)c3ccc4ccccc4c3C2(C)C)=[N+](CCCCS(=O)(=O)[O-])c2ccc3ccccc3c21,-1.187086643,training
O=C1NC(=O)C(c2cn3ccccc3n2)=C1C1=CN2CCN(C(=O)N3CCCCC3)C[C@@H]3C=C(F)C=C1[C@H]32,0.431363764,training
CN1CCN2c3ccccc3Cc3ccccc3[C@H]2C1,0.982271233,training
CN1CCN2c3ncccc3Cc3ccccc3C2C1,1.176091259,training
CN1CCOC(c2ccccc2)c2ccccc2C1,0.698970004,training
CN1CCC[C@H]1c1cccnc1,0.301029996,training
CN1Cc2c(N)cccc2C(c2ccccc2)C1,0.812913357,training
O=C1c2cccc3c2[C@H](CCC3)CN1[C@@H]1CN2CCC1CC2,1.591064607,training
c1ccc(C2(N3CCCCC3)CCCCC2)cc1,1.204119983,training
O=C1C[C@@H](c2ccccc2)Oc2cc(O)cc(O)c21,-0.15490196,training
O=C1c2ccccc2S(=O)(=O)N1CCCCNC[C@H]1CCc2ccccc2O1,0.079181246,training
O=C1c2ccccc2OCN1CCO[N+](=O)[O-],-0.420216403,training
O=C1CCC(N2C(=O)c3ccccc3C2=O)C(=O)N1,0.672097858,training
CN1C2CCC1CC(=C1c3ccccc3CSc3ccccc31)C2,1.474216264,training
CC1C(=O)NC(Cc2ccc(F)cc2)C(=O)NCCCc2ccccc2O[C@H](C)CNC(C2CC2)C(=O)N1C,1.071882007,training
Cc1ccc(Sc2ccccc2N2CCNCC2)c(C)c1,1.857332496,training
CC(C)(C)OC(=O)NC1CCCCC/C=C\[C@@H]2C[C@@]2(C(=O)NS(=O)(=O)C2CC2)NC(=O)C2C[C@@H](OC(=O)N3Cc4cccc(F)c4C3)CN2C1=O,0.257678575,training
CCCn1c(=O)c2[nH]c(C34CC5CC(CC3C5)C4)nc2n(CCC)c1=O,1.257678575,training
C=CCNc1nc(NCC=C)nc(N2CCN(C(c3ccc(F)cc3)c3ccc(F)cc3)CC2)n1,3.128399269,training
CN1C(=O)NC(=O)C(C)(C2=CCCCC2)C1=O,0.69019608,training
Fc1ccc([C@@H]2CCNC[C@H]2COc2ccc3c(c2)OCO3)cc1,1.113943352,training
O=c1[nH]c(=O)n(C2CCCO2)cc1F,0.939019776,training
C[C@H]1O[C@@H](n2cc(F)c(=O)[nH]c2=O)[C@H](O)[C@@H]1O,-0.455931956,training
C=C[C@@H]1C[C@]1(NC(=O)C1C[C@@H](Oc2ncc(OC)c3ccc(Cl)cc23)CN1C(=O)C(NC(=O)OC(C)(C)C)C(C)(C)C)C(=O)NS(=O)(=O)C1CC1,1.301029996,training
COC(=O)C[C@@](O)(CCCC(C)(C)O)C(=O)O[C@@H]1C(OC)=C[C@]23CCCN2CCc2cc4c(cc2[C@H]13)OCO4,0.991226076,training
COc1ccc2[nH]c3c(c2c1)CCN[C@]31CS[C@@H]2c3c(OC(C)=O)c(C)c4c(c3[C@H](COC1=O)N1[C@@H]2[C@H]2c3c(cc(C)c(OC)c3O)C[C@@H]([C@@H]1O)N2C)OCO4,1.704836606,training
COc1c(C)c2c(c(O)c1C/C=C(\C)CCC(=O)O)C(=O)OC2,0.986771734,training
CC[C@H]1OC(=O)C(C)C(=O)C(C)[C@@H](O[C@@H]2O[C@H](C)C[C@H](N(C)C)[C@H]2O)[C@](C)(OC)CC(C)C(=O)C(C)[C@H]2N(CCCCn3cnc(-c4cccnc4)c3)C(=O)O[C@]12C,1.079181246,training
COc1cc([C@@H]2c3cc4c(cc3[C@@H](O[C@@H]3O[C@@H]5CO[C@@H](c6cccs6)O[C@H]5[C@H](O)[C@H]3O)[C@H]3COC(=O)C23)OCO4)cc(OC)c1O,1.204119983,training
COc1cc2c(cc1O)CCN[C@]21CS[C@@H]2c3c(OC(C)=O)c(C)c4c(c3[C@H](COC1=O)N1[C@@H]2[C@H]2c3c(cc(C)c(OC)c3O)C[C@@H]([C@@H]1O)N2C)OCO4,1.643452676,training
COc1c(C)cc2c(c1O)[C@@H]1[C@@H]3Cc4c(OC(C)=O)c(C)c5c(c4[C@H](CNC(=O)/C=C/c4cccc(C(F)(F)F)c4)N3[C@@H](O)[C@H](C2)N1C)OCO5,1.346352974,training
O=C(C=Cc1ccc(O)c2c1C(C(=O)OC(Cc1ccc(O)c(O)c1)C(=O)O)[C@@H](c1ccc(O)c(O)c1)O2)OC(Cc1ccc(O)c(O)c1)C(=O)O,-0.537602002,training
CC[C@@]1(O)C[C@H](O[C@@H]2C[C@H](N3CCOCC3)[C@H](O)[C@H](C)O2)C2=C(C(=O)c3c(c(O)c4c(O)cccc4c3O)C2=O)[C@H]1O,1.029383778,training
CC(=O)[C@]1(O)C=C2C(=O)c3c(c(O)c4ccccc4c3O)C(=O)C2[C@@H](O[C@H]2C[C@H](N3CC3)[C@H](OS(C)(=O)=O)[C@H](C)O2)C1,0.865103975,training
CCNC(=O)C1C[C@@H](n2ccc3c(N[C@H](CC)Cc4sccc4Cl)ncnc32)[C@H](O)[C@@H]1O,0.123851641,training
CCC(C(N)=O)N1CCCC1=O,0.915399835,training
COC(=O)NC(C(=O)N1CCCC1C(=O)Nc1ccc([C@@H]2CC[C@@H](c3ccc(NC(=O)C4CCCN4C(=O)C(NC(=O)OC)C(C)C)cc3)N2c2ccc(C(C)(C)C)cc2)cc1)C(C)C,1.454692449,training
CCCC(NC(C)C(=O)N1C(C(=O)O)C[C@@H]2CCCC[C@@H]21)C(=O)O,1.462397998,training
O=C(NC[C@H]1CN(c2ccc(N3CCOCC3=O)cc2)C(=O)O1)c1ccc(Cl)s1,0.84509804,training
C[C@]12C[C@]3(O)O[C@@H](O1)[C@@]1(COC(=O)c4ccccc4)[C@@H]3C[C@]12O[C@@H]1O[C@H](CO)[C@@H](O)[C@H](O)[C@H]1O,0.173186268,training
O=C(O)C1O[C@@H](Oc2cc3oc(-c4ccc(O)cc4)cc(=O)c3c(O)c2O)[C@H](O)[C@@H](O)[C@@H]1O,0.071882007,training
CC(=O)N1CCN([C@H]2CCN(C(=O)N(C)[C@H](C)c3cc(C(F)(F)F)cc(C(F)(F)F)c3)[C@@H](c3ccc(F)cc3C)C2)CC1,1.193124598,training
Cc1cc(C)c2c(c1)[C@@H](N(Cc1cc(C(F)(F)F)cc(C(F)(F)F)c1)c1nnn(C)n1)CCCN2CC1CCC(C(=O)O)CC1,1.715501945,training
CCCc1c2oc(C(=O)O)cc(=O)c2cc2c(=O)cc(C(=O)O)n(CC)c12,-0.045757491,training
CC[C@@H]([C@H](C)O)n1ncn(-c2ccc(N3CCN(c4ccc(OC[C@H]5CO[C@@](Cn6cncn6)(c6ccc(F)cc6F)C5)cc4)CC3)cc2)c1=O,1.025305865,training
N[C@@H](CC(=O)N1CCn2c(nnc2C(F)(F)F)C1)Cc1cc(F)c(F)cc1F,1.079181246,training
CCN1CCN(C(=O)NC(C(=O)N[C@]2(OC)C(=O)N3C(C(=O)O)=C(CSc4nnnn4C)CS[C@@H]32)[C@H](C)O)C(=O)C1=O,0.278753601,training
CO[C@@]1(NC(=O)CSCC#N)C(=O)N2C(C(=O)O)=C(CSc3nnnn3C)CS[C@@H]21,0.176091259,training
CO[C@@]1(NC(O)=c2sc(=C(C(N)=O)C(=O)O)s2)C(=O)N2C(C(=O)O)=C(CSc3nnnn3C)CS[C@@H]21,0.653212514,training
Cn1nnnc1SCC1=C(C(=O)O)N2C(=O)C(=NC(=O)C(NOCC(=O)O)c3cc[nH]n3)[C@H]2SC1,0.123851641,training
CO[C@]1(NC(=O)CSC(F)F)C(=O)N2C(C(=O)O)=C(CSc3nnnn3CCO)CO[C@@H]21,-0.22184875,training
CO[C@@]1(NC(=O)C(C(=O)O)c2ccc(O)cc2)C(=O)N2C(C(=O)O)=C(CSc3nnnn3C)CO[C@@H]21,0.462397998,training
CCCCC[C@H](O)/C=C/[C@@H]1C(CCCCCCC(=O)O)C(=O)C[C@H]1O,0.278753601,training
CCCCCOc1ccc(-c2ccc(-c3ccc(C(=O)NC4C[C@@H](O)[C@@H](O)NC(=O)C5[C@@H](O)[C@@H](C)CN5C(=O)C([C@@H](C)O)NC(=O)C([C@H](O)[C@@H](O)c5ccc(O)cc5)NC(=O)C5C[C@@H](O)CN5C(=O)C([C@@H](C)O)NC4=O)cc3)cc2)cc1,1.602059991,training
C[C@H]1C(=NC(=O)C(NOC(C)(C)C(=O)O)c2csc(N)n2)C(=O)N1S(=O)(=O)O,0.176091259,training
CCC[C@@H]1CC(=O)N(C(CC)C(N)=O)C1,0.953276337,training
NC(=O)OC[C@@H]1C(=NC(=O)C(NOCC(=O)O)c2csc(N)n2)C(=O)N1S(=O)(=O)O,0.204119983,training
CCC(C)CC(C)CCCCCCCCC(=O)NC1CC(O)C(NCCN)NC(=O)C2C(O)CCN2C(=O)C(C(O)CCN)NC(=O)C(C(O)C(O)c2ccc(O)cc2)NC(=O)C2CC(O)CN2C(=O)C(C(C)O)NC1=O,1.431363764,training
Cn1c(=N)c(NC(=O)NCCN)cn1CC1=C(C(=O)O)N2C(=O)C(=NC(=O)C(NOC(C)(C)C(=O)O)c3nsc(N)n3)[C@H]2SC1,0.411619706,training
O=C(O)C1/C(=C/CO)O[C@@H]2CC(=O)N12,-0.045757491,training
CCN(CC)CCS(=O)(=O)[C@@H]1CCN2C(=O)c3coc(n3)CC(=O)C[C@H](O)/C=C(C)/C=C\CNC(=O)/C=C/[C@@H](C)[C@H](C(C)C)OC(=O)C12,-0.13076828,training
C[C@@H](CN1CC(=O)NC(=O)C1)N1CC(=O)NC(=O)C1,0.397940009,training
C/C(=C\c1csc(C)n1)[C@@H]1C[C@H]2[C@@H](CCC[C@H](C)[C@H](O)C(C)C(=O)C(C)(C)[C@@H](O)CC(=O)O1)N2CCOC(=O)OCCSSCC(NC(=O)C(CC(=O)O)NC(=O)C(CCCNC(=N)N)NC(=O)C(CC(=O)O)NC(=O)CCC(NC(=O)c1ccc(NCc2cnc3[nH]c(N)nc(=O)c3n2)cc1)C(=O)O)C(=O)O,-0.301029996,training
Cc1nc(NNC(=O)C(CC2CCCC2)CN(O)C=O)c(F)c(N2CCN3CCOCC3C2)n1,0.62324929,training
CCC(C)C(=O)O[C@H]1C[C@@H](C)C=C2C=C[C@H](C)[C@H](CC[C@@H](O)C[C@@H](O)CC(=O)O)[C@H]21,0.146128036,training
CCCCCOc1ccc(-c2cc(-c3ccc(C(=O)NC4C[C@@H](O)[C@@H](O)NC(=O)C5[C@@H](O)[C@@H](C)CN5C(=O)C([C@H](O)CC(N)=O)NC(=O)C([C@H](O)[C@@H](O)c5ccc(O)c(OS(=O)(=O)O)c5)NC(=O)C5C[C@@H](O)CN5C(=O)C([C@@H](C)O)NC4=O)cc3)no2)cc1,1.204119983,training
NC(=O)CN1CC(O)CC1=O,0.875061263,training
CCC(C)C(=O)O[C@H]1C[C@H](O)C=C2C=C[C@H](C)[C@H](CC[C@@H](O)C[C@@H](O)CC(=O)O)[C@H]21,-0.107905397,training
CCCn1c(=O)c2[nH]c(C34CCC(CCC(=O)O)(CC3)CC4)nc2n(CCC)c1=O,1.204119983,training
CC(=O)N[C@H]1[C@H]([C@H](O)[C@H](O)CO)OC(C(=O)O)=C[C@@H]1N=C(N)N,0.230448921,training
C[C@@H](O)C1C(=O)N2C(C(=O)[O-])=C(SC3Cn4cnc[n+]4C3)[C@H](C)[C@H]12,0.041392685,training
C[C@@H](O)C1C(=O)N2C(C(=O)O)=C(CN)S[C@H]12,-0.301029996,training
C[C@H](O)C1C(=O)N2C(C(=O)O)=C(S[C@H]3CN[C@H](CNS(N)(=O)=O)C3)[C@@H](C)C12,0.079181246,training
C[C@@H](O)C1C(=O)N2C(C(=O)O)=C(S[C@@H]3CNC(C(=O)Nc4cccc(C(=O)O)c4)C3)[C@H](C)[C@H]12,0.579783597,training
C[C@@H](O)C1C(=O)N2C(C(=O)O)=C([C@H]3CCCO3)S[C@H]12,0.146128036,training
C[C@@H](O)C1C(=O)N2C(C(=O)O)=C(SCCN=CN)C[C@H]12,-0.022276395,training
CNCC[C@@H](O)[C@@H]1C[C@H](SC2=C(C(=O)O)N3C(=O)C([C@@H](C)O)[C@H]3[C@H]2C)CN1,0.170261715,training
C[C@@H](O)C1C(=O)N2C(C(=O)O)=C(S[C@@H]3CNC(C(=O)N(C)C)C3)[C@H](C)[C@H]12,0.0,training
CC(=N)N1CC[C@H](SC2=C(C(=O)O)N3C(=O)C([C@@H](C)O)[C@H]3C2)C1,-0.017728767,training
C[C@@H](O)C1C(=O)N2C(C(=O)O)=C(COC(N)=O)S[C@H]12,-0.26760624,training
C[C@@H](O)C1C(=O)N2C(C(=O)O)=C(SCCOC(N)=O)S[C@H]12,-0.096910013,training
C[C@@H](O)C1C(=O)N2C(C(=O)O)=C(S[C@H]3CC(C(=O)N4CC[C@H](NC(=O)CN=C(N)N)C4)N(C)C3)[C@H](C)[C@H]12,0.230448921,training
CC1(C)S[C@@H]2C(/N=C/N3CCCCCC3)C(=O)N2C1C(=O)O,0.041392685,training
CC1(C)S[C@@H]2C(NC(=O)C(N)c3ccc(O)cc3)C(=O)N2C1C(=O)O,0.041392685,training
CC1(C)S[C@@H]2C(NC(=O)C(N)c3ccccc3)C(=O)N2C1C(=O)O,0.146128036,training
CC1(C)SC2C(NC(=O)C(NC(=O)c3c[nH]c4cccnc4c3=O)c3ccccc3)C(=O)N2C1C(=O)O,0.079181246,training
CNC(=O)CC(N)C(=O)NC(C(=O)NC1C(=O)N2C(C(=O)O)C(C)(C)S[C@H]12)c1ccc(O)cc1,0.161368002,training
CC1(C)S[C@@H]2C(NC(=O)C(NC(=O)N3CCNC3=O)c3ccccc3)C(=O)N2C1C(=O)O,0.079181246,training
CC1(C)S[C@@H]2C(NC(=O)C(NC(=O)N=C(N)N)c3ccccc3)C(=O)N2C1C(=O)O,0.320146286,training
CC1(C)S[C@@H]2C(NC(=O)C(C(=O)O)c3ccccc3)C(=O)N2C1C(=O)O,0.041392685,training
Cc1onc(-c2c(Cl)cccc2Cl)c1C(=O)NC1C(=O)N2C(C(=O)O)C(C)(C)S[C@H]12,-0.055517328,training
Cc1onc(-c2c(F)cccc2Cl)c1C(=O)NC1C(=O)N2C(C(=O)O)C(C)(C)S[C@H]12,0.146128036,training
CC1(C)S[C@@H]2C(NC(=O)C(NC(=O)N3CCN(/N=C/c4ccco4)C3=O)c3ccc(O)cc3)C(=O)N2C1C(=O)O,0.113943352,training
COc1cccc(OC)c1C(=O)NC1C(=O)N2C(C(=O)O)C(C)(C)S[C@H]12,-0.193820026,training
CC1(C)S[C@@H]2C(NC(=O)C(NC(=O)N3CCN(S(C)(=O)=O)C3=O)c3ccccc3)C(=O)N2C1C(=O)O,0.079181246,training
CCOc1ccc2ccccc2c1C(=O)NC1C(=O)N2C(C(=O)O)C(C)(C)S[C@H]12,-0.15490196,training
Cc1onc(-c2ccccc2)c1C(=O)NC1C(=O)N2C(C(=O)O)C(C)(C)S[C@H]12,-0.15490196,training
CC1(C)S[C@@H]2C(NC(=O)Cc3ccccc3)C(=O)N2C1C(=O)O,-0.15490196,training
CC(Oc1ccccc1)C(=O)NC1C(=O)N2C(C(=O)O)C(C)(C)S[C@H]12,-0.040958608,training
CC1(C)S[C@@H]2C(NC(=O)COc3ccccc3)C(=O)N2C1C(=O)O,-0.075720714,training
CCN1CCN(C(=O)NC(C(=O)NC2C(=O)N3C(C(=O)O)C(C)(C)S[C@H]23)c2ccccc2)C(=O)C1=O,-0.017728767,training
CC1(C)S[C@@H]2C(NC(=O)C(c3ccccc3)S(=O)(=O)O)C(=O)N2C1C(=O)O,0.079181246,training
CO[C@@]1(NC(=O)C(C(=O)O)c2ccsc2)C(=O)N2C(C(=O)O)C(C)(C)S[C@@H]21,0.612783857,training
CC1(C)S[C@@H]2C(NC(=O)C(C(=O)O)c3ccsc3)C(=O)N2C1C(=O)O,0.0,training
CC1(C)C(C(=O)O)N2C(=O)CC2S1(=O)=O,0.041392685,training
C[C@@]1(Cn2ccnn2)C(C(=O)O)N2C(=O)C[C@H]2S1(=O)=O,-0.013228266,training
COC1=C2C(C)[C@@H](OC(=O)C(O)C(NC(=O)OC(C)(C)C)c3ccccc3)C[C@@](O)([C@@H](OC(=O)c3ccccc3)[C@@H]3[C@]4(OC(C)=O)CO[C@@H]4C[C@H](OC)[C@@]3(C)C1=O)C2(C)C,1.872156273,training
COC(=O)O[C@@]12CO[C@@H]1C[C@H](O)[C@@]1(C)C(=O)C(OC(C)=O)=C3C(C)[C@@H](OC(=O)C(O)C(NC(=O)c4ccccc4)c4ccccc4)C[C@@](O)([C@@H](OC(=O)c4ccccc4)[C@H]21)C3(C)C,1.491361694,training
CC/C=C\C/C=C\C/C=C\C/C=C\C/C=C\C/C=C\CCC(=O)OC(C(=O)O[C@H]1C[C@@]2(O)[C@@H](OC(=O)c3ccccc3)[C@@H]3[C@]4(OC(C)=O)CO[C@@H]4C[C@H](O)[C@@]3(C)C(=O)C(OC(C)=O)=C(C1C)C2(C)C)[C@@H](NC(=O)c1ccccc1)c1ccccc1,1.77815125,training
CC(=O)O[C@@]12CO[C@@H]1C[C@H](O)[C@@]1(C)C(=O)C(=O)C3C(C)[C@@H](OC(=O)C(O)C(NC(=O)OC(C)(C)C)c4ccccc4)C[C@@](O)([C@@H](OC(=O)c4ccccc4)[C@H]21)C3(C)C,1.041392685,training
CC(=O)[C@]1(O)C=C2C(=O)c3c(c(O)c4ccccc4c3O)C(=O)C2[C@@H](O[C@H]2C[C@H](N)[C@H](O)[C@H](C)O2)C1,1.204119983,training
CC(=O)OC1=C2C(C)[C@@H](OC(=O)C(O)C(NC(=O)OC(C)(C)C)c3ccccc3)C[C@@](O)([C@@H](OC(=O)c3ccccc3)[C@@H]3[C@]4(OC(C)=O)CO[C@@H]4C[C@@H]4C[C@@]43C1=O)C2(C)C,1.530199698,training
C[C@@H]1O[C@@H](O[C@@H]2[C@H](C)O[C@@H](O[C@H]3C[C@](O)(C(=O)CO)C=C4C(=O)c5c(c(O)c6ccccc6c5O)C(=O)C43)C[C@@H]2O)C[C@H](N)[C@@H]1O,1.322219295,training
CSCO[C@H]1C[C@H]2OC[C@@]2(OC(C)=O)[C@H]2[C@H](OC(=O)c3ccccc3)[C@]3(O)C[C@H](OC(=O)C(O)C(NC(=O)c4ccccc4)c4ccccc4)C(C)=C(C(OC(C)=O)C(=O)[C@]12C)C3(C)C,1.505149978,training
CC(=O)OC1=C2C(C)[C@@H](OC(=O)C(O)C(CC(C)C)NC(=O)OC(C)(C)C)[C@@H]3OC(=O)O[C@]3([C@@H](OC(=O)c3ccccc3)[C@@H]3[C@]4(OC(C)=O)CO[C@@H]4C[C@H](O)[C@@]3(C)C1=O)C2(C)C,1.478566496,training
CC(=O)OC1=C2C(C)[C@@H](OC(=O)C(O)C(NC(=O)c3ccccc3)c3ccccc3)C[C@@](O)([C@@H](OC(=O)c3ccccc3)[C@@H]3[C@]4(OC(C)=O)CO[C@@H]4C[C@H](O)[C@@]3(C)C1=O)C2(C)C,1.041392685,training
CCC(=O)OCC(=O)[C@@]1(OC(=O)CC)[C@@H](C)C[C@H]2[C@@H]3CC=C4CC(=O)C=C[C@]4(C)[C@@]3(Cl)[C@@H](O)C[C@@]21C,-0.301029996,training
C[C@H]1C[C@H]2[C@@H]3CC=C4CC(=O)C=C[C@]4(C)[C@@]3(F)[C@@H](O)C[C@]2(C)[C@@]1(O)C(=O)CO,0.748188027,training
CCCC1O[C@@H]2C[C@H]3[C@@H]4CC=C5CC(=O)C=C[C@]5(C)[C@H]4[C@@H](O)C[C@]3(C)[C@]2(C(=O)CO)O1,0.447158031,training
CC(C)C(=O)OCC(=O)[C@]12O[C@@H](C3CCCCC3)O[C@@H]1C[C@@H]1[C@@H]3CC=C4CC(=O)C=C[C@]4(C)[C@H]3[C@@H](O)C[C@@]12C,0.017033339,training
C[C@@H]1C[C@H]2[C@@H]3CC=C4CC(=O)C=C[C@]4(C)[C@@]3(F)[C@@H](O)C[C@]2(C)[C@@]1(O)C(=O)CO,0.568201724,training
CC1(C)O[C@@H]2C[C@H]3[C@@H]4C[C@H](F)C5=CC(=O)C=C[C@@]5(C)[C@H]4[C@@H](O)C[C@]3(C)[C@]2(C(=O)CO)O1,0.225309282,training
C[C@@H]1C[C@H]2[C@@H]3C[C@H](F)C4=CC(=O)C=C[C@]4(C)[C@H]3[C@@H](O)C[C@]2(C)C1C(=O)CO,0.113943352,training
C[C@@H]1C[C@H]2C3C[C@H](F)C4=CC(=O)C=C[C@]4(C)[C@@]3(F)[C@@H](O)C[C@]2(C)[C@@]1(OC(=O)c1ccco1)C(=O)SCF,1.025305865,training
CCC(=O)O[C@]1(C(=O)SCF)[C@H](C)C[C@H]2[C@@H]3C[C@H](F)C4=CC(=O)C=C[C@]4(C)[C@@]3(F)[C@@H](O)C[C@@]21C,0.77815125,training
CC1=C2CC(=O)C=C[C@]2(C)[C@@H]2[C@@H](C1)[C@@H]1CC[C@](O)(C(=O)CO)[C@@]1(C)C[C@@H]2O,0.361727836,training
C[C@@H]1C[C@H]2[C@H]3CC=C4CC(=O)C=C[C@]4(C)[C@@]3(Cl)[C@@H](O)C[C@]2(C)[C@@]1(OC(=O)c1ccco1)C(=O)CCl,0.643452676,training
C[C@]12C=CC(=O)C=C1CC[C@@H]1[C@@H]2[C@@H](O)C[C@@]2(C)[C@H]1CC[C@]2(O)C(=O)CO,0.531478917,training
C[C@@H]1C[C@@H]2[C@@H]3CC=C4CC(=O)C=C[C@]4(C)C3=CC[C@]2(C)C1C(=O)CN1CCN(c2cc(N3CCCC3)nc(N3CCCC3)n2)CC1,1.692846919,training
CC1(C)O[C@@H]2C[C@H]3[C@@H]4CC=C5CC(=O)C=C[C@]5(C)[C@@]4(F)[C@@H](O)C[C@]3(C)[C@]2(C(=O)CO)O1,0.380211242,training
NC(Cc1c[nH]c2ccc(O)cc12)C(=O)O,0.788168371,training
CC(=O)Nc1ccc(O)cc1,0.397940009,training
CCCc1c(OCCCS(=O)(=O)c2ccc(C(=O)CCC(=O)O)cc2)ccc(C(C)=O)c1O,-1.397940009,training
COc1ccc2cc(C(C)C(=O)O)ccc2c1,1.220892249,training
O=C(CCCCCCC(O)=NO)Nc1ccccc1,-0.119186408,training
Nc1ccc(O)c(C(=O)O)c1,-0.214670165,training
Nc1c(CC(=O)O)cccc1C(=O)c1ccc(Br)cc1,0.414973348,training
CC(C(=O)O)c1ccc2c(c1)[nH]c1ccc(Cl)cc12,0.995635195,training
CN(C)N=Nc1ccc(C(=O)O)cc1,0.397940009,training
O=C(O)CCCc1ccc(N(CCCl)CCCl)cc1,0.041392685,training
O=C(N[C@H](CO)[C@H](O)c1ccc([N+](=O)[O-])cc1)C(Cl)Cl,0.662757832,training
O=C(O)Cc1ccccc1Nc1c(Cl)cccc1Cl,0.146128036,training
O=C(O)c1cc(-c2ccc(F)cc2F)ccc1O,1.0,training
Cc1cc(-n2cccc2)c(S(C)(=O)=O)cc1C(=O)N=C(N)N,0.342422681,training
CSc1ccc(C(=O)c2[nH]c(=O)[nH]c2C)cc1,0.28780173,training
NS(=O)(=O)c1cc(C(=O)O)c(NCc2ccco2)cc1Cl,0.397940009,training
NC(CCC(=O)NC(Cc1ccc(O)c(O)c1)C(=O)O)C(=O)O,-0.301029996,training
N=C(N)NC(=O)Cc1c(Cl)cccc1Cl,1.176091259,training
NC(=O)c1cccc(N)c1,0.698970004,training
NNC(=O)c1ccncc1,0.0,training
N=C(N)Nc1ccc(C(=O)Oc2ccc3cc(C(=N)N)ccc3c2)cc1,0.264817823,training
CC(C)(F)CC(N[C@@H](c1ccc(-c2ccc(S(C)(=O)=O)cc2)cc1)C(F)(F)F)C(=O)NC1(C#N)CC1,2.033423755,training
O=C(O)c1cc(N=Nc2ccc(O)c(C(=O)O)c2)ccc1O,-0.045757491,training
O=C(O)c1cc(N=Nc2ccc(S(=O)(=O)Nc3ccccn3)cc2)ccc1O,0.880813592,training
Cc1ccc(C(=O)Nc2ccc(S(=O)(=O)O)c3cc(S(=O)(=O)O)cc(S(=O)(=O)O)c23)cc1NC(=O)c1cccc(NC(=O)Nc2cccc(C(=O)Nc3cc(C(=O)Nc4ccc(S(=O)(=O)O)c5cc(S(=O)(=O)O)cc(S(=O)(=O)O)c45)ccc3C)c2)c1,3.079181246,training
Cc1cccnc1NS(=O)(=O)c1ccc(C#Cc2ccc(O)c(C(=O)O)c2)cc1,1.204119983,training
CC(=O)C(C#N)C(=O)Nc1ccc(C(F)(F)F)cc1,2.544068044,training
Cc1c(Cl)cccc1Nc1ccccc1C(=O)O,0.33243846,training
Cc1ccc(-n2ccnc2)cc1C(O)c1c(C)cc(C(=O)O)cc1C,0.374748346,training
CC(CCc1ccc2c(c1)OCO2)NCC(O)c1ccc(O)c(C(N)=O)c1,1.041392685,training
C[C@](N)(Cc1ccc(O)c(O)c1)C(=O)O,0.770852012,training
O=C(O)C(O)Cc1ccc(O)c(O)c1,-0.431798276,training
C#CCCCC(=O)c1cc(C(C)(C)C)c(O)c(C(C)(C)C)c1,1.705007959,training
O=C(O)c1ccc(-n2nc(-c3ccccc3O)nc2-c2ccccc2O)cc1,0.607455023,training
CC(=O)Oc1ccccc1C(=O)O,-0.585026652,training
Cc1ccc(C(CN)CC(=O)O)cc1,0.719331287,training
CC(C(=O)O)c1cccc(C(=O)c2ccccc2)c1,0.322219295,training
NC(Cc1ccc(O)c(O)c1)C(=O)O,0.113943352,training
NC(Cc1ccc(N(CCCl)CCCl)cc1)C(=O)O,0.0,training
CC(C(=O)O)c1ccc(C(=O)c2cccs2)cc1,0.322219295,training
CC(C(=O)O)c1ccc(C(=O)c2ccccc2)s1,0.322219295,training
Cc1ccc(C(=O)c2cc(O)c(O)c([N+](=O)[O-])c2)cc1,0.041392685,training
O=C(O)C1N=C(c2ccccc2)c2cc(Cl)ccc2NC1=O,0.380211242,training
CN1C(=O)C(O)N=C(c2ccccc2Cl)c2cc(Cl)ccc21,0.69019608,training
CN(C)Cc1nnc2n1-c1ccc(Cl)cc1C(c1ccccc1)=NC2,0.322219295,training
Cc1nnc2n1-c1ccc(Cl)cc1C(c1ccccc1)=NC2,1.079181246,training
Cc1nnc2n1-c1sc(Br)cc1C(c1ccccc1Cl)=NC2,0.681241237,training
CN=C1C[N+]([O-])=C(c2ccccc2)c2cc(Cl)ccc2N1,0.919078092,training
O=C1CN=C(c2ccccc2Cl)c2cc([N+](=O)[O-])ccc2N1,1.579783597,training
O=C1CN=C(c2ccccc2Cl)c2cc(Cl)ccc2N1,2.301029996,training
O=C1CN=C(c2ccccc2)c2cc(Cl)ccc2N1,1.662757832,training
CN1C(=O)CN=C(c2ccccc2)c2cc(Cl)ccc21,1.62324929,training
OCc1ncc2n1-c1ccc(Cl)cc1C(c1ccccc1F)=NC2,0.041392685,training
O=C1N=C(c2ccccc2Cl)c2cc(Cl)ccc2NC1O,1.230448921,training
Cc1ncc2n1-c1ccc(Cl)cc1C(c1ccccc1F)=NC2,0.491361694,training
O=C1CN=C(c2ccccc2)c2cc([N+](=O)[O-])ccc2N1,1.414973348,training
O=C1N=C(c2ccccc2)c2cc(Cl)ccc2NC1O,0.826074803,training
O=C1CN=C(c2ccccc2Cl)c2cc(Br)ccc2N1,1.172602931,training
Cc1nnc2n1-c1ccc(Cl)cc1C(c1ccccc1Cl)=NC2,0.431363764,training
CN1CCN(C2=Nc3cc(Cl)ccc3Nc3ccccc32)CC1,1.0,training
CN1C(=O)CN=C(c2ccccc2F)c2cc([N+](=O)[O-])ccc21,1.397940009,training
C[C@@]12CCCCC[C@@H](Cc3ccc(O)cc31)[C@@H]2N,0.591064607,training
C[C@]12CC[C@@H]3c4ccc(OC(=O)N(CCCl)CCCl)cc4CC[C@H]3[C@@H]1CC[C@@H]2OP(=O)(O)O,0.380211242,training
Cc1c(O)ccc2c1OC[C@@H](c1ccc(O)cc1)[C@H]2c1ccc(O)cc1,0.72427587,training
C=C(C)[C@@H]1CCC(C)=C[C@H]1c1c(O)cc(CCCCC)cc1O,1.376941757,training
CCCCCc1cc(O)c2c(c1)OC(C)(C)[C@@H]1CCC(C(=O)O)=C[C@@H]21,1.245512668,training
CCc1ccc(Cc2ccc3c(c2)[C@]2(OC3)O[C@H](CO)[C@@H](O)[C@H](O)[C@H]2O)cc1,0.672097858,training
Oc1ccc(C2CNCCc3c2cc(O)c(O)c3Cl)cc1,0.0,training
C#C[C@]1(O)CC[C@H]2[C@@H]3CCC4=Cc5oncc5C[C@]4(C)[C@H]3CC[C@@]21C,0.36361198,training
C[C@]12CC[C@@H]3c4ccc(O)cc4CC[C@H]3[C@@H]1CC[C@@H]2O,0.230448921,training
C#C[C@]1(O)CC[C@H]2[C@@H]3CCc4cc(O)ccc4[C@H]3CC[C@@]21C,0.986771734,training
C#C[C@]1(OS(=O)(=O)O)CC[C@H]2[C@@H]3CCc4cc(O)ccc4[C@H]3CC[C@@]21C,0.968482949,training
C#C[C@]1(O)CC[C@H]2[C@@H]3CCc4cc(OS(=O)(=O)O)ccc4[C@H]3CC[C@@]21C,0.924279286,training
C[C@]12CC[C@@H]3c4ccc(O)cc4C[C@H](CCCCCCCCC[S+]([O-])CCCC(F)(F)C(F)(F)F)C3[C@@H]1CC[C@@H]2O,1.204119983,training
CCCCCc1cc(O)c2c(c1)OC(C)(C)[C@@H]1CCC(C)=C[C@@H]21,1.51851394,training
COc1ccc(CC2c3cc(OC)c(OC)cc3CC[N+]2(C)CCC(=O)OCCCCCOC(=O)CC[N+]2(C)CCc3cc(OC)c(OC)cc3C2Cc2ccc(OC)c(OC)c2)cc1OC,-0.508638306,training
COc1ccc(C[C@@H]2c3cc(OC)c(OC)cc3CC[N@+]2(C)CCC(=O)OCCCCCOC(=O)CC[N@@+]2(C)CCc3cc(OC)c(OC)cc3[C@H]2Cc2ccc(OC)c(OC)c2)cc1OC,-0.37675071,training
COc1cc2c(c(OC)c1OC)-c1ccc(OC)c(=O)cc1[C@@H](NC(C)=O)CC2,1.763427994,training
COc1cc(CC2c3c(cc(OC)c(OC)c3OC)CC[N+]2(C)CCCOC(=O)CCC(=O)OCCC[N+]2(C)CCc3cc(OC)c(OC)c(OC)c3C2Cc2cc(OC)c(OC)c(OC)c2)cc(OC)c1OC,0.230448921,training
COc1ccc(CCN(C)CCCN2Cc3cc(OC)c(OC)cc3C2=O)cc1OC,0.309630167,training
COc1cc2c(cc1OC)C(Cc1cc(OC)c(OC)c(OC)c1)[N+](C)(CCCOC(=O)CC/C=C/CCC(=O)OCCC[N+]1(C)CCc3cc(OC)c(OC)cc3C1Cc1cc(OC)c(OC)c(OC)c1)CC2,-0.080921908,training
COc1ccc(CCN(C)CCCN2CCc3cc(OC)c(OC)cc3CC2=O)cc1OC,0.447158031,training
CCOc1ccc(CC2=NCCc3cc(OCC)c(OCC)cc32)cc1OCC,0.968482949,training
COc1ccc(CCN(C)CCC[C@](C#N)(c2cc(OC)c(OC)c(OC)c2)C(C)C)cc1OC,0.255272505,training
COc1ccc2cc1Oc1ccc(cc1)C[C@H]1c3cc(c(OC)cc3CCN1C)Oc1c(OC)c(OC)c(Br)c3c1[C@H](C2)N(C)CC3,1.773786445,training
COc1ccc2cc1Oc1cc3c(cc1OC)CC[N+](C)(C)[C@H]3Cc1ccc(cc1)Oc1c(OC)c(OC)cc3c1[C@@H](C2)[N+](C)(C)CC3,0.707570176,training
COc1ccc2c(c1OC)C(=O)O[C@@H]2[C@H]1c2c(cc3c(c2OC)OCO3)CCN1C,0.328379603,training
COc1ccc([C@@H]2CNC(=O)C2)cc1OC1CCCC1,0.84509804,training
COc1cc2c3cc1Oc1cc(ccc1O)C[C@@H]1c4c(cc(OC)c(O)c4Oc4ccc(cc4)C[C@@H]3N(C)CC2)CC[N+]1(C)C,0.301029996,training
COc1ccc(CCN(C)CCCC(C#N)(c2ccc(OC)c(OC)c2)C(C)C)cc1OC,0.447158031,training
CCC1NC(=O)C(NC(=O)c2ncccc2O)[C@@H](C)OC(=O)C(c2ccccc2)NC(=O)C2CC(=O)C(CS[C@@H]3CN4CCC3CC4)CN2C(=O)C(Cc2ccc(N(C)C)cc2)N(C)C(=O)C2CCCN2C1=O,-0.060480747,training
N=C(N)NCCCC1NC(=O)CCSSCC(C(N)=O)NC(=O)C2CCCN2C(=O)C(Cc2c[nH]c3ccccc23)NC(=O)C(CC(=O)O)NC(=O)CNC1=O,0.326335861,training
CC(C)C1C(=O)NC(CCCN=C(N)N)C(=O)NCC(=O)NC(CC(=O)O)C(=O)NC(Cc2ccccc2)C(=O)N1C,0.556302501,training
N=C(N)NCCCCC1NC(=O)CCSSCC(C(N)=O)NC(=O)C2CCCN2C(=O)C(Cc2c[nH]c3ccccc23)NC(=O)C(CC(=O)O)NC(=O)CNC1=O,0.62324929,training
CC[C@H](C)[C@H]1NC(=O)C(NC(=O)C(CC(C)C)N(C)C(=O)C2CCCN2C(=O)C(C)O)[C@@H](C)OC(=O)C(Cc2ccc(OC)cc2)N(C)C(=O)C2CCCN2C(=O)C(CC(C)C)NC(=O)C(C)C(=O)C(C(C)C)OC(=O)C[C@@H]1O,0.681241237,training
CC[C@H](C)[C@H]1NC(=O)C(NC(=O)C(CC(C)C)N(C)C(=O)C2CCCN2C(=O)C(C)=O)[C@@H](C)OC(=O)C(Cc2ccc(OC)cc2)N(C)C(=O)C2CCCN2C(=O)C(CC(C)C)NC(=O)C(C)C(=O)C(C(C)C)OC(=O)C[C@@H]1O,1.221414238,training
CC[C@H](C)C1NC(=O)C(CCCN=C(N)N)NC(=O)C(CC(=O)O)NC(=O)C(CCSC)NC(=O)C(CCCNC(=N)N)NC(=O)CNC(=O)CNC(=O)C(Cc2ccccc2)NC(=O)C(NC(=O)C(CO)NC(=O)C(CO)NC(=O)C(CCCNC(=N)N)NC(=O)C(CCCNC(=N)N)NC(=O)C(CC(C)C)NC(=O)C(N)CO)CSSCC(C(=O)NC(CC(N)=O)C(=O)NC(CO)C(=O)NC(Cc2ccccc2)C(=O)NC(CCCNC(=N)N)C(=O)NC(Cc2ccc(O)cc2)C(=O)O)NC(=O)CNC(=O)C(CC(C)C)NC(=O)CNC(=O)C(CO)NC(=O)C(CCC(N)=O)NC(=O)C(C)NC(=O)CNC1=O,-0.657577319,training
CC(=O)NC(Cc1ccc2ccccc2c1)C(=O)NC(Cc1ccc(Cl)cc1)C(=O)NC(Cc1cccnc1)C(=O)NC(CO)C(=O)NC(Cc1ccc(O)cc1)C(=O)NC(CCCNC(N)=O)C(=O)NC(CC(C)C)C(=O)NC(CCCN=C(N)N)C(=O)N1CCCC1C(=O)NC(C)C(N)=O,1.079181246,training
CCCCCCCCCC(=O)NC(Cc1c[nH]c2ccccc12)C(=O)NC(CC(N)=O)C(=O)NC(CC(=O)O)C(=O)NC1C(=O)NCC(=O)NC(CCCN)C(=O)NC(CC(=O)O)C(=O)NC(C)C(=O)NC(CC(=O)O)C(=O)NCC(=O)NC(CO)C(=O)NC([C@H](C)CC(=O)O)C(=O)NC(CC(=O)c2ccccc2N)C(=O)O[C@@H]1C,0.908485019,training
CC(=O)NC(Cc1ccc2ccccc2c1)C(=O)NC(Cc1ccc(Cl)cc1)C(=O)NC(Cc1cccnc1)C(=O)NC(CO)C(=O)NC(Cc1ccc(NC(=O)C2CC(=O)NC(=O)N2)cc1)C(=O)NC(Cc1ccc(NC(N)=O)cc1)C(=O)NC(CC(C)C)C(=O)NC(CCCCNC(C)C)C(=O)N1CCCC1C(=O)NC(C)C(N)=O,1.269512944,training
N=C(N)NCCCC(NC(=O)C1CCCN1C(=O)C1CSSCCC(=O)NC(Cc2ccc(O)cc2)C(=O)NC(Cc2ccccc2)C(=O)NC(CCC(N)=O)C(=O)NC(CC(N)=O)C(=O)N1)C(=O)NCC(N)=O,0.477121255,training
CCC1=NC(=O)C(Cc2ccccc2)NC(=O)C(C(C)C)NC(=O)C([C@@H](C)CC)NC(=O)C(NC(=O)C(NC(=O)C(CCCN)NC(=O)C2CCCN2C(=O)C(NC(=O)C(NC(=O)C(NC(=O)C(NC(=O)CC[C@@H](C)CC)C(C)C)[C@@H](C)O)C(C)C)C(C)C)[C@@H](C)CC)[C@@H](C)OC(=O)C(C(C)C)NC1=O,1.869818208,training
CC[C@]1(C)NC(=O)C(Cc2cccs2)NC(=O)C(Cc2ccccc2)NC(=O)CCCSCC(C(=O)N2C[C@H](O)CC2C(=O)NC(CCCN=C(N)N)C(=O)NCC(N)=O)NC(=O)C(CC(N)=O)NC1=O,0.631443769,training
CCN=C(NCC)NCCCCC(NC(=O)C(CC(C)C)NC(=O)C(CCCCN=C(NCC)NCC)NC(=O)C(Cc1ccc(O)cc1)NC(=O)C(CO)NC(=O)C(Cc1cccnc1)NC(=O)C(Cc1ccc(Cl)cc1)NC(=O)C(Cc1ccc2ccccc2c1)NC(C)=O)C(=O)N1CCCC1C(=O)NC(C)C(N)=O,0.958563883,training
CCC1=NC(=O)C(Cc2ccccc2)NC(=O)C(C(C)C)NC(=O)C([C@@H](C)CC)NC(=O)C(NC(=O)C(NC(=O)C(CCCN)NC(=O)C2CCCN2C(=O)C(NC(=O)C(NC(=O)C(NC(=O)C(NC(=O)CCCC(C)C)C(C)C)[C@@H](C)O)C(C)C)C(C)C)[C@@H](C)CC)[C@@H](C)OC(=O)C(C(C)C)NC1=O,-0.244125144,training
CC(C)C1NC(=O)C(CCCCN)NC(=O)C(Cc2c[nH]c3ccccc23)NC(=O)C(Cc2ccc(O)cc2)NC(=O)C(NC(=O)C(N)Cc2ccc3ccccc3c2)CSSCC(C(=O)NC(C(N)=O)[C@@H](C)O)NC1=O,0.012837225,training
CC1NC(=O)C(CCC(=O)O)NC(=O)C(CC(=O)O)NC(=O)C(C)NC(=O)C(CCC(N)=O)NC(=O)C(C(C)C)NC(=O)C(Cc2ccccc2)NC(=O)C(CC(=O)O)NC(=O)C(CO)NC(=O)C2CSSCC(NC(=O)C(CCCN=C(N)N)NC(=O)C(CCCNC(=N)N)NC1=O)C(=O)NC(Cc1ccc(O)cc1)C(=O)NC(CC(N)=O)C(=O)NC(CC(=O)O)C(=O)N1CCCC1C(=O)NC(CCCCN)C(=O)N2,-0.602059991,training
CC(O)C(CO)NC(=O)C1CSSCC(NC(=O)C(N)Cc2ccccc2)C(=O)NC(Cc2ccccc2)C(=O)NC(Cc2c[nH]c3ccccc23)C(=O)NC(CCCCN)C(=O)NC(C(C)O)C(=O)N1,0.230448921,training
NCCCCC(NC(=O)C1CCCN1C(=O)C1CSSCC(NC(=O)CNC(=O)CNC(=O)CN)C(=O)NC(Cc2ccc(O)cc2)C(=O)NC(Cc2ccccc2)C(=O)NC(CCC(N)=O)C(=O)NC(CC(N)=O)C(=O)N1)C(=O)NCC(N)=O,-0.045757491,training
CSCCC1NC(=O)C(CC(C)C)NC(=O)C(CCCN=C(N)N)NC(=O)C(CO)NC(=O)C2CSSC[C@H]3NC(=O)[C@H](CO)NC(=O)CNC(=O)[C@@H]([C@@H](C)O)NC(=O)[C@H](CSSCC(N)C(=O)NC(CCCCN)C(=O)NCC(=O)NC(CCCCN)C(=O)NCC(=O)NC(C)C(=O)NC(CCCCN)C(=O)N2)NC(=O)C(CSSCC(C(N)=O)NC(=O)C(CCCCN)NC(=O)CNC(=O)C(CO)NC(=O)C(CCCNC(=N)N)NC3=O)NC(=O)C(CC(=O)O)NC(=O)C(Cc2ccc(O)cc2)NC1=O,0.113943352,training
CN(C)Cc1c(C(=O)NCCOc2ccc(C(O)=NO)cc2)oc2ccccc12,0.770852012,training
CCCCc1oc2ccccc2c1C(=O)c1cc(I)c(OCCN(CC)CC)c(I)c1,2.913813852,training
O=C(O)CCNC(=O)c1ccccc1,-0.229147988,training
CCCCNc1cc(C(=O)O)cc(S(N)(=O)=O)c1Oc1ccccc1,0.079181246,training
CN(C)CCCNC(=O)/C(=C/CCCCC(O)=NO)COc1cccc2ccccc12,0.322219295,training
CN(CCCCCCN(C)C(=O)Oc1ccc[n+](C)c1)C(=O)Oc1ccc[n+](C)c1,1.776701184,training
CCCCCCCCOCCOC(=O)CN(CC(=O)O)c1ccccc1OCCOc1ccccc1N(CC(=O)O)CC(=O)OCCOCCCCCCCC,0.544068044,training
CCCCc1oc2ccc(NS(C)(=O)=O)cc2c1C(=O)c1ccc(OCCCN(CCCC)CCCC)cc1,1.204119983,training
C=C(CC)C(=O)c1ccc(OCC(=O)O)c(Cl)c1Cl,-0.301029996,training
CC(C)C[C@H](NC(=O)CNC(=O)c1cc(Cl)ccc1Cl)B(O)O,1.986771734,training
CN(C)C(=O)Oc1cccc([N+](C)(C)C)c1,0.113943352,training
O=C(NCCO[N+](=O)[O-])c1cccnc1,0.556302501,training
[H]N=C(N)c1cccc(CC(C(=O)OC)[C@@H](C)NC(=O)c2ccc(-c3cc[n+]([O-])cc3)cc2)c1,0.477121255,training
CCCN(CCC)S(=O)(=O)c1ccc(C(=O)O)cc1,0.770852012,training
CN(C)C(=O)Oc1ccc[n+](C)c1,0.176091259,training
CCOC(Cc1ccc(OCCc2ccc(OS(C)(=O)=O)cc2)cc1)C(=O)O,1.653212514,training
CS(=O)(=O)c1ccc([C@@H](O)[C@@H](COC(=O)CN)NC(=O)C(Cl)Cl)cc1,-0.552841969,training
CN(C)CCNC(=O)c1cccc2cc3ccccc3nc12,0.318063335,training
O=C(O)CCCCN(CCc1ccccc1OCc1ccc(CCc2ccccc2)cc1)Cc1ccc(C(=O)O)cc1,-0.602059991,training
NC(CCC(=O)NC(CS(=O)(=O)CCOP(=O)(N(CCCl)CCCl)N(CCCl)CCCl)C(=O)NC(C(=O)O)c1ccccc1)C(=O)O,-0.552841969,training
Cc1nccn1CCC(C(N)=O)(c1ccccc1)c1ccccc1,0.505149978,training
CCc1cccc2cc(C(O)CNC(C)(C)C)oc12,0.361727836,training
C[C@H](CCc1ccccc1)NC[C@H](O)c1ccc(O)c(C(N)=O)c1,0.51851394,training
CC(CCc1ccccc1)NCC(O)c1ccc(O)c(C(N)=O)c1,0.643452676,training
CC(C)NCC(O)c1ccc(NS(C)(=O)=O)cc1,0.799340549,training
CN(C(=O)c1c(O)c2ccccc2n(C)c1=O)c1ccccc1,1.491361694,training
CC(=O)C[C@H](c1ccc([N+](=O)[O-])cc1)c1c(O)c2ccccc2oc1=O,0.858537198,training
CC[C@H](OC(C)=O)C(C[C@H](C)N(C)C)(c1ccccc1)c1ccccc1,1.255272505,training
CCC(CC)COC(C(=O)OCCN(C)C)(c1ccccc1)c1ccccc1,1.531478917,training
CC(C)N(CCC(C(N)=O)(c1ccccc1)c1ccccn1)C(C)C,0.84509804,training
CC(C(=O)O)c1cccc(Oc2ccccc2)c1,0.350248018,training
CC(C)Cc1ccc(C(C)C(=O)O)cc1,0.204119983,training
O=C(/C=C/c1ccccc1)NCCO,0.130333768,training
COCC(NC(C)=O)C(=O)NCc1ccccc1,1.089905111,training
C[C@@H](Cc1ccccc1)NC(=O)C(N)CCCCN,0.079181246,training
CCC(=O)C(CC(C)N(C)C)(c1ccccc1)c1ccccc1,1.491361694,training
CC[C@H](c1ccccc1)c1c(O)c2ccccc2oc1=O,2.100370545,training
CC[C@@H](C)N(C)C(=O)c1cc2ccccc2c(-c2ccccc2Cl)n1,0.568201724,training
CCC(=O)O[C@](Cc1ccccc1)(c1ccccc1)[C@H](C)CN(C)C,1.255272505,training
CCN(C)C(=O)Oc1cccc([C@H](C)N(C)C)c1,0.146128036,training
CCCCC(=O)N(Cc1ccc(-c2ccccc2-c2nn[nH]n2)cc1)C(C(=O)O)C(C)C,0.977723605,training
CC(=O)CC(c1ccccc1)c1c(O)c2ccccc2oc1=O,1.462397998,training
Cc1ccc(C(=O)N(CCCN)C(c2nc3snc(C)c3c(=O)n2Cc2ccccc2)C(C)C)cc1,1.212187604,training
Cn1c(CNc2ccc(C(=N)N)cc2)nc2cc(C(=O)N(CCC(=O)O)c3ccccn3)ccc21,0.86332286,training
CCCC=c1ncc(=CC(Cc2cccs2)C(=O)O)n1Cc1ccc(C(=O)O)cc1,0.322219295,training
Nc1nc(=O)c2nc(CNc3ccc(C(=O)NC(CCC(=O)O)C(=O)O)cc3)cnc2[nH]1,0.414973348,training
Nc1nc(=O)c2c([nH]1)NCC(CNc1ccc(C(=O)NC(CCC(=O)O)C(=O)O)cc1)N2C=O,0.113943352,training
O=C(O)c1cccc(Cc2cc(Cl)ccc2OCc2ccc(Cl)cc2F)n1,0.911157609,training
Nc1nc(=O)c2c([nH]1)NC[C@H](CNc1ccc(C(=O)NC(CCC(=O)O)C(=O)O)cc1)N2C=O,0.041392685,training
C=C(CC(NC(=O)c1ccc(CCc2cnc3nc(N)nc(N)c3n2)cc1)C(=O)O)C(=O)O,0.913813852,training
CN(Cc1cnc2nc(N)nc(N)c2n1)c1ccc(C(=O)NC(CCC(=O)O)C(=O)O)cc1,0.591064607,training
Nc1nc(CC(=O)Nc2ccc(CCNC[C@H](O)c3ccccc3)cc2)cs1,1.698970004,training
CC(C)(O)c1ccccc1CC[C@@H](SCC1(CC(=O)O)CC1)c1cccc(/C=C/c2ccc3ccc(Cl)cc3n2)c1,0.698970004,training
Nc1nc(=O)c2c(CCc3ccc(C(=O)NC(CCC(=O)O)C(=O)O)cc3)c[nH]c2[nH]1,0.267171728,training
O=C(NC[C@H](O)CO)c1ccncc1Nc1ccc(I)cc1F,0.661812686,training
C#CCC(Cc1cnc2nc(N)nc(N)c2n1)c1ccc(C(=O)NC(CCC(=O)O)C(=O)O)cc1,1.176091259,training
Cc1nc(=O)c2cc(CN(C)c3ccc(C(=O)NC(CCC(=O)O)C(=O)O)s3)ccc2[nH]1,2.146128036,training
O=C(O)CCCCON=C(c1cccnc1)c1cccc(C(F)(F)F)c1,0.877371346,training
Cc1cccc(Cl)c1C(=O)NC(Cc1ccc(NC(=O)c2c(Cl)cncc2Cl)cc1)C(=O)O,0.51851394,training
CC(C)=c1nc(N(C)S(C)(=O)=O)nc(-c2ccc(F)cc2)c1=CC[C@@H](O)C[C@@H](O)CC(=O)O,0.301029996,training
CN(C)C(=O)CCS[C@H](SCCC(=O)O)c1cccc(/C=C/c2ccc3ccc(Cl)cc3n2)c1,0.361727836,training
CC(Oc1ccc(Oc2cnc3ccc(Cl)cc3n2)cc1)C(=O)O,1.683047038,training
C#CCN(Cc1cc2c(=O)[nH]c(C)nc2cc1C)c1ccc(C(=O)NC(CCc2nn[nH]n2)C(=O)O)c(F)c1,1.894869657,training
O=C(O)C[C@H](O)C[C@H](O)/C=C/c1c(C2CC2)nc2ccccc2c1-c1ccc(F)cc1,0.662757832,training
CC(C)C[C@H](NC(=O)C(Cc1ccccc1)NC(=O)c1cnccn1)B(O)O,1.255272505,training
CC(C)C[C@H](NC(=O)C(NC(=O)c1cccc(-c2ccccc2)n1)[C@@H](C)O)B(O)O,1.624282096,training
CC(C)n1c(/C=C/[C@H](O)C[C@H](O)CC(=O)O)c(-c2ccc(F)cc2)c2ccccc21,-0.15490196,training
COCc1c(-c2ccc(F)cc2)c(=CC[C@@H](O)C[C@@H](O)CC(=O)O)c(C(C)C)nc1=C(C)C,0.255272505,training
COc1cc([C@@H]2c3cc4c(cc3[C@@H](O[C@@H]3O[C@@H]5CO[C@@H](C)O[C@H]5[C@H](O)[C@H]3O)[C@H]3COC(=O)C23)OCO4)cc(OC)c1O,0.755874856,training
COc1cc(C2c3cc4c(cc3C(OC3OC5COC(C)OC5C(O)C3N(C)C)C3COC(=O)C23)OCO4)cc(OC)c1O,1.146128036,training
O=C(C=Cc1ccc(O)cc1)C1C(=O)C([C@@H]2O[C@H](CO)[C@@H](O)[C@H](O)[C@H]2O)C(=O)[C@@](O)([C@@H]2O[C@H](CO)[C@@H](O)[C@H](O)[C@H]2O)C1=O,0.462397998,training
C[C@@H]1[C@H](O)[C@@H](C)C=CC=CC=CC=CC=CC=CC=C[C@H](O[C@H]2O[C@H](C)[C@@H](O)[C@H](N)[C@@H]2O)C[C@@H]2O[C@@](O)(C[C@@H](O)C[C@@H](O)[C@H](O)CC[C@@H](O)C[C@@H](O)CC(=O)O[C@H]1C)C[C@H](O)C2C(=O)O,1.602059991,training
CC[C@H](O)[C@@H](C)[C@H]1O[C@@H]1C[C@@](C)(O)/C=C/C=C(\C)[C@H]1OC(=O)C[C@H](O)CC[C@@](C)(O)[C@@H](OC(=O)N2CCN(C3CCCCCC3)CC2)C=C[C@@H]1C,0.963787827,training
C[C@@](O)(/C=C/[C@H]1CC=CC(=O)O1)[C@@H](C[C@@H](O)/C=C\C=C/C=C/CO)OP(=O)(O)O,0.176091259,training
CN[C@@H]1[C@@H](O)[C@@H](O[C@@H]2[C@@H](O)[C@H](O[C@H]3OC(CNCCO)=CC[C@H]3N)[C@@H](N)C[C@H]2NC(=O)C(O)CCN)OC[C@]1(C)O,0.531478917,training
CO[C@H]1/C=C/O[C@@]2(C)Oc3c(C)c(O)c4c(O)c(c5c(c4c3C2=O)=NC2(CCN(CC(C)C)CC2)N=5)NC(=O)C(C)=CC=CC(C)[C@H](O)[C@@H](C)[C@@H](O)[C@@H](C)[C@H](OC(C)=O)[C@@H]1C,1.568201724,training
C=CCNc1c(O)cc2c(O)c1C=C(C)C[C@H](OC)[C@H](O)[C@@H](C)/C=C(\C)[C@H](OC(N)=O)[C@@H](OC)C=CC=C(C)C(=O)N2,0.477121255,training
CCCC[C@@H]1CC(=O)[C@]2(O)O[C@@H]3[C@@H](NC)[C@@H](O)[C@@H](NC)[C@H](O)[C@H]3O[C@@H]2O1,1.041392685,training
CC(=O)O[C@H]1C[C@]2(O)[C@H]3CC[C@H]4C[C@H](O[C@H]5C[C@@H](O)[C@@H](O[C@H]6C[C@@H](O)[C@@H](O[C@H]7C[C@@H](O)[C@@H](O)[C@H](C)O7)[C@H](C)O6)[C@H](C)O5)CC[C@@]4(C)[C@H]3CC[C@]2(C)[C@H]1C1=CC(=O)OC1,1.712649702,training
C=C1/C(=C\C=C2/CCC[C@]3(C)[C@@H]([C@H](C)CCCC(C)C)CC[C@@H]23)C[C@@H](O)C[C@@H]1O,1.686636269,training
C[C@H]1[C@H](OC(=O)CCC(=O)O)O[C@@H]2O[C@@]3(C)CC[C@H]4[C@H](C)CC[C@@H]1[C@@]24OO3,-0.657577319,training
CC[C@H]1OC(=O)C(C)[C@@H](O[C@H]2C[C@@](C)(OC)[C@@H](O)[C@H](C)O2)[C@H](C)[C@@H](O[C@@H]2O[C@H](C)C[C@H](N(C)C)[C@H]2O)[C@](C)(O)C[C@@H](C)CN(C)[C@H](C)[C@@H](O)[C@]1(C)O,1.838849091,training
CC(C)(C)C1(O)CC2OC(=O)CC23C(=O)OC2OC(=O)C(O)C231,0.505149978,training
CCOCCO[C@@H]1CC[C@@H](C[C@@H](C)[C@@H]2CC(=O)C(C)=CC(C)[C@@H](O)C(OC)C(=O)C(C)C[C@H](C)/C=C/C=C/C=C(\C)[C@@H](OC)C[C@@H]3CC[C@@H](C)[C@@](O)(O3)C(=O)C(=O)N3CCCCC3C(=O)O2)C[C@H]1OC,1.972665592,training
C=C1/C(=C\C=C2/CCC[C@]3(C)[C@@H]([C@H](C)CCCC(C)(C)O)CC[C@@H]23)C[C@@H](O)C[C@@H]1O,1.041392685,training
C[C@H](CCC(=O)O)[C@H]1CC[C@H]2[C@@H]3[C@H](O)C[C@@H]4C[C@H](O)CC[C@]4(C)[C@H]3CC[C@]12C,0.152288344,training
CC[C@H]1OC(=O)C(C)[C@@H](O[C@H]2C[C@@](C)(OC)[C@@H](O)[C@H](C)O2)[C@H](C)[C@@H](O[C@@H]2O[C@H](C)C[C@H](N(C)C)[C@H]2O)[C@](C)(OC)CC(C)C(=O)C(C)[C@@H](O)[C@]1(C)O,0.447158031,training
COC1C(=O)C(C)C[C@H](C)C=CC=CC=C(C)[C@@H](OC)C[C@@H]2CC[C@@H](C)[C@@](O)(O2)C(=O)C(=O)N2CCCCC2C(=O)O[C@H]([C@H](C)C[C@@H]2CC[C@@H](OP(C)(C)=O)[C@H](OC)C2)CC(=O)C(C)=CC(C)[C@H]1O,1.665580991,training
C=C1CC[C@@H]2[C@](C)(COC(=O)CCC(=O)O)[C@H](OC(=O)CCC(=O)O)CC[C@@]2(C)[C@@H]1/C=C/C1=CCOC1=O,0.278753601,training
CCCCCCC(C)(C)c1cc(O)c2c(c1)OC(C)(C)[C@H]1CC=C(CO)C[C@H]21,0.865103975,training
C[C@]12CC=C3C4=C(CCC3[C@@H]1CC[C@@]2(O)CC#N)CC(=O)CC4,1.041392685,training
C[C@H]1O[C@@H](O[C@H]2[C@@H](O)C[C@H](O[C@H]3[C@@H](O)C[C@H](O[C@H]4CC[C@@]5(C)[C@H](CC[C@@H]6[C@@H]5CC[C@]5(C)[C@@H](C7=CC(=O)OC7)CC[C@]65O)C4)O[C@@H]3C)O[C@@H]2C)C[C@H](O)[C@@H]1O,2.255272505,training
C[C@H]1O[C@@H](O[C@H]2[C@@H](O)C[C@H](O[C@H]3[C@@H](O)C[C@H](O[C@H]4CC[C@@]5(C)[C@H](CC[C@@H]6[C@@H]5C[C@@H](O)[C@]5(C)[C@@H](C7=CC(=O)OC7)CC[C@]65O)C4)O[C@@H]3C)O[C@@H]2C)C[C@H](O)[C@@H]1O,1.579783597,training
CC(=O)C1CC[C@H]2[C@@H]3CC[C@@H]4C[C@H](O)CC[C@]4(C)[C@H]3CC[C@]12C,0.672097858,training
CC(C)(C)NC(=O)C1CC[C@H]2[C@@H]3C=CC4=CC(C(=O)O)CC[C@]4(C)[C@H]3CC[C@]12C,1.431363764,training
C=C1C[C@@H]2CC[C@@]34C[C@H]5O[C@H]6[C@@H](O3)[C@H]3O[C@H](CC[C@@H]3O[C@H]6[C@H]5O4)CC(=O)O[C@@H]3[C@@H](OC)[C@@H](C[C@H](O)CN)O[C@H]3C[C@H]3O[C@@H](CC[C@@H]1O2)C[C@@H](C)C3=C,1.5774918,training
CC[C@H]1OC(=O)C(C)[C@@H](O[C@H]2C[C@@](C)(OC)[C@@H](O)[C@H](C)O2)[C@H](C)[C@@H](O[C@@H]2O[C@H](C)C[C@H](N(C)C)[C@H]2O)[C@](C)(O)CC(C)C(=O)C(C)[C@@H](O)[C@]1(C)O,0.301029996,training
C#C[C@]1(O)CC[C@H]2[C@@H]3CC=C4CC(=O)CCC4[C@H]3C(=C)C[C@@]21CC,1.397940009,training
CC(C)(C)NC(=O)C1CC[C@H]2[C@@H]3CC[C@H]4NC(=O)C=C[C@]4(C)[C@H]3CC[C@]12C,0.77815125,training
CC(=O)O[C@H]1C[C@@]2(C)[C@@H](C[C@@H](O)[C@H]3[C@]4(C)CC[C@@H](O)[C@@H](C)[C@@H]4CC[C@]32C)/C1=C(/CCC=C(C)C)C(=O)O,0.991226076,training
CC(C)=CCC[C@]1(C)C=Cc2c(O)c3c(c(CC=C(C)C)c2O1)O[C@]12C(=CC4C[C@@H]1C(C)(C)O[C@@]2(C/C=C(/C)C(=O)O)C4=O)C3=O,1.164352856,training
C#C[C@]1(O)C=C[C@H]2[C@@H]3CC=C4CC(=O)CCC4[C@H]3CC[C@@]21CC,1.0,training
CC1C(=O)O[C@H]2C[C@@]34[C@H]5C[C@@H](C(C)(C)C)C36C(O)C(=O)O[C@H]6OC4(C(=O)O5)[C@@]12O,0.579783597,training
CC1C(=O)O[C@H]2[C@H](O)C34[C@H]5C[C@@H](C(C)(C)C)C36C(O)C(=O)O[C@H]6OC4(C(=O)O5)[C@@]12O,0.716003344,training
CC1(C)[C@@H](O[C@H]2OC(C(=O)O)[C@@H](O)[C@H](O)[C@H]2O[C@@H]2OC(C(=O)O)[C@@H](O)[C@H](O)[C@H]2O)CC[C@]2(C)C3C(=O)C=C4C5C[C@@](C)(C(=O)O)CC[C@]5(C)CC[C@]4(C)[C@@]3(C)CC[C@@H]12,0.945960704,training
C[C@]12CCC(=O)C=C1CC[C@@H]1[C@@H]2[C@@H](O)C[C@@]2(C)[C@H]1CC[C@]2(O)C(=O)CO,0.204119983,training
CC1=C(CO)C2=C(C)C3(CC3)[C@@](C)(O)C(=O)C2=C1,-0.522878745,training
CC1(C)[C@H]2CC[C@@]3(C)C(C(=O)C=C4C5C[C@](C)(C(=O)O)CC[C@@]5(C)CC[C@@]43C)[C@]2(C)CC[C@H]1O[C@H]1OC(C(=O)O)[C@@H](O)[C@H](O)[C@H]1O[C@@H]1OC(C(=O)O)[C@@H](O)[C@H](O)[C@H]1O,1.36361198,training
C/C(=C\c1csc(C)n1)[C@@H]1C[C@@H]2O[C@]2(C)CCC[C@H](C)[C@H](O)C(C)C(=O)C(C)(C)[C@@H](O)CC(=O)N1,1.230448921,training
C=C[C@]1(C)C[C@@H](OC(=O)CS[C@@H]2CC[C@@H](N)C[C@H]2O)[C@]2(C)[C@H](C)CC[C@]3(CCC(=O)[C@H]32)[C@@H](C)[C@@H]1O,0.806179974,training
C#C[C@]1(O)CC[C@H]2[C@@H]3CC=C4CC(=O)CCC4[C@H]3CC[C@@]21CC,0.973127854,training
CO[C@@H]1C[C@@](C)(O)Cc2cc3c(c(O)c21)C(=O)c1c(O)cc2c(c1C3=O)O[C@@H]1O[C@]2(C)[C@@H](O)[C@@H](N(C)C)[C@@H]1O,1.121231455,training
C[C@@H]1C=C2CC(=O)CCC2[C@H]2CC[C@]3(C)[C@@H](O)CC[C@H]3[C@H]12,-0.187086643,training
CC#C[C@]1(O)CC[C@H]2C3=C(C4=C(CC3)CC(=O)CC4)C(c3ccc(N(C)C)cc3)C[C@@]21C,1.220108088,training
CO[C@H]1C[C@@H](O[C@@H]2C(C)C(=O)O[C@H](C)[C@H](C)[C@H](O)C(C)C(=O)[C@@]3(CO3)C[C@H](C)[C@H](O[C@H]3O[C@@H](C)C[C@@H](N(C)C)[C@H]3O)[C@H]2C)O[C@@H](C)[C@@H]1O,0.021189299,training
CC(=O)O[C@H]1C[C@@H]2CC[C@@H]3[C@H](CC[C@@]4(C)[C@H]3C[C@H]([N+]3(C)CCCCC3)[C@@H]4OC(C)=O)[C@@]2(C)C[C@@H]1[N+]1(C)CCCCC1,0.278753601,training
C[C@H](/C=C/[C@H](C)C(C)(C)O)[C@H]1CC[C@H]2/C(=C/C=C3C[C@@H](O)C[C@H](O)C3)CCC[C@]12C,0.72427587,training
C/C(=C\c1csc(C)n1)[C@@H]1C[C@@H]2O[C@]2(C)CCC[C@H](C)[C@H](O)C(C)C(=O)C(C)(C)[C@@H](O)CC(=O)O1,1.965201701,training
CC(=O)O[C@H]1C[C@@H]2CC[C@@H]3[C@H](CC[C@@]4(C)[C@H]3C[C@H](N3CC[N+](C)(C)CC3)[C@@H]4OC(C)=O)[C@@]2(C)C[C@@H]1N1CC[N+](C)(C)CC1,0.278753601,training
C[C@]12C=CC(=O)C=C1CC[C@@H]1C2C(=O)C[C@@]2(C)[C@H]1CC[C@]2(O)C(=O)CO,0.462397998,training
CO[C@H]1/C=C/O[C@@]2(C)Oc3c(C)c(O)c4c(O)c(c(C=NN5CCN(C)CC5)c(O)c4c3C2=O)NC(=O)C(C)=CC=CC(C)[C@H](O)[C@@H](C)[C@@H](O)[C@@H](C)[C@H](OC(C)=O)[C@@H]1C,0.579783597,training
C=CC[N+]1([C@H]2C[C@H]3[C@@H]4CC[C@H]5C[C@H](O)[C@@H](N6CCOCC6)C[C@]5(C)[C@H]4CC[C@]3(C)[C@H]2OC(C)=O)CCCC1,0.204119983,training
CC[C@H]1OC(=O)C[C@@H](O)[C@H](C)[C@@H](O[C@@H]2O[C@H](C)C[C@H](N(C)C)[C@@H]2O)[C@@H](CC=O)CC(C)C(=O)C=C[C@]2(C)O[C@H]2[C@@H]1C,0.523746467,training
CN[C@@H]1[C@@H](O)[C@@H](O[C@@H]2[C@@H](O)[C@H](O[C@H]3OC(CN)=CC[C@H]3N)[C@@H](N)C[C@H]2N)OC[C@]1(C)O,0.380211242,training
CC[C@H](CC[C@@H](C)[C@H]1CC[C@H]2[C@@H]3CC=C4C[C@@H](O)CC[C@]4(C)[C@H]3CC[C@]12C)C(C)C,2.571009672,training
CC1=CC[C@@H](C(C)(C)O)C[C@@H]1O,0.278753601,training
CN[C@@H]1[C@H](O)[C@H](NC)[C@H]2O[C@@]3(O)C(=O)C[C@@H](C)O[C@H]3O[C@@H]2[C@H]1O,0.255272505,training
CO[C@@H]1[C@@H](O[C@@H]2O[C@H](C)[C@@H](O[C@H]3C[C@@](C)(O)[C@@H](O)[C@H](C)O3)[C@H](N(C)C)[C@H]2O)[C@@H](CC=O)C[C@@H](C)[C@@H](O[C@H]2CC[C@@H](N(C)C)[C@H](C)O2)C=CC=CC[C@@H](C)OC(=O)C[C@H]1O,0.716003344,training
CC(C)[C@@H](CC[C@@H](C)[C@H]1CC[C@H]2[C@@H]3[C@H](O)C[C@H]4C[C@@H](NCCCNCCCCN)CC[C@]4(C)[C@H]3CC[C@]12C)OS(=O)(=O)O,0.977723605,training
C=CCC1=CC(C)C[C@H](C)C[C@H](OC)[C@H]2O[C@@](O)(C(=O)C(=O)N3CCCCC3C(=O)O[C@H](/C(C)=C/[C@@H]3CC[C@@H](O)[C@H](OC)C3)[C@H](C)[C@@H](O)CC1=O)[C@H](C)C[C@@H]2OC,1.414973348,training
COC1C(=O)C(C)C[C@H](C)/C=C/C=C/C=C(\C)[C@@H](OC)C[C@@H]2CC[C@@H](C)[C@@](O)(O2)C(=O)C(=O)N2CCCCC2C(=O)O[C@H]([C@H](C)C[C@@H]2CC[C@@H](OC(=O)C(C)(CO)CO)[C@H](OC)C2)CC(=O)C(C)=CC(C)[C@H]1O,1.255272505,training
C[C@]12CC[C@H]3[C@@H](CC=C4CC(=O)CC[C@@]43C)[C@@H]1CC[C@@H]2O,-0.769551079,training
C[C@H]1[C@H](C)CC[C@]2(C(=O)O)CC[C@@]3(C)C(=CC[C@@H]4[C@@]5(C)CC[C@H](O)C(C)(C)[C@@H]5CC[C@]43C)[C@H]12,0.681241237,training
CC(=O)O[C@H]1C[C@@H]2CC[C@@H]3[C@H](CC[C@@]4(C)[C@H]3C[C@H]([N+]3(C)CCCCC3)[C@@H]4OC(C)=O)[C@@]2(C)C[C@@H]1N1CCCCC1,0.146128036,training
COC1C(=O)C(C)C[C@H](C)/C=C/C=C/C=C(\C)[C@@H](OC)C[C@@H]2CC[C@@H](C)[C@@](O)(O2)C(=O)C(=O)N2CCCCC2C(=O)O[C@H]([C@H](C)C[C@@H]2CC[C@H](n3cnnn3)[C@H](OC)C2)CC(=O)C(C)=CC(C)[C@H]1O,1.544068044,training
CN(C)C1C(=O)C(C(N)=O)C(=O)[C@@]2(O)C(=O)C3C(=O)c4c(O)ccc(Cl)c4[C@@](C)(O)[C@H]3C[C@@H]12,0.84509804,training
CN(C)C1C(=O)C(C(N)=O)C(=O)[C@@]2(O)C(=O)C3C(=O)c4c(O)ccc(Cl)c4[C@@H](O)[C@H]3C[C@@H]12,1.079181246,training
CC1c2cccc(O)c2C(=O)C2C(=O)[C@]3(O)C(=O)C(C(N)=O)C(=O)C(N(C)C)[C@@H]3[C@@H](O)[C@@H]21,1.146128036,training
CN(C)c1ccc(O)c2c1C[C@H]1C[C@H]3C(N(C)C)C(=O)C(C(N)=O)C(=O)[C@@]3(O)C(=O)C1C2=O,1.230448921,training
CN(C)c1cc(CNCC(C)(C)C)c(O)c2c1C[C@H]1C[C@H]3C(N(C)C)C(=O)C(C(N)=O)C(=O)[C@@]3(O)C(=O)C1C2=O,1.176091259,training
CN(C)C1C(=O)C(C(N)=O)C(=O)[C@@]2(O)C(=O)C3C(=O)c4c(O)cccc4[C@@](C)(O)[C@H]3[C@H](O)[C@@H]12,1.0,training
CN(C)C1C(=O)C(C(=O)NCN2CCCC2)C(=O)[C@@]2(O)C(=O)C3C(=O)c4c(O)cccc4[C@@](C)(O)[C@H]3C[C@@H]12,0.944482672,training
CN(C)C1C(=O)C(C(N)=O)C(=O)[C@@]2(O)C(=O)C3C(=O)c4c(O)cccc4[C@@](C)(O)[C@H]3C[C@@H]12,0.973127854,training
CN(C)c1cc(NC(=O)CNC(C)(C)C)c(O)c2c1CC1C[C@H]3C(N(C)C)C(=O)C(C(N)=O)C(=O)[C@@]3(O)C(=O)C1C2=O,1.681241237,training
NC(C(=O)O)C1CC(Cl)=NO1,0.995635195,training
NC(=O)C1CC[C@@H]2CN1C(=O)N2OS(=O)(=O)O,0.230448921,training
Cc1c(N)nc([C@H](CC(N)=O)NCC(N)C(N)=O)nc1C(=O)NC(C(=O)N[C@H](C)[C@@H](O)C(C)C(=O)NC(C(=O)NCCc1nc(-c2nc(C(=O)NCCC[S+](C)C)cs2)cs1)[C@@H](C)O)[C@@H](O[C@H]1O[C@@H](CO)[C@H](O)[C@@H](O)[C@@H]1O[C@H]1O[C@@H](CO)[C@H](O)[C@@H](OC(N)=O)[C@H]1O)c1c[nH]cn1,0.591064607,training
COCOCC(CCC1(C(=O)NC2CCC(C(=O)O)CC2)CCCC1)C(=O)O,1.204119983,training
CC(CS)C(=O)N1CCCC1C(=O)O,0.301029996,training
CCC#CC[C@H](C)[C@H](O)C#C[C@@H]1[C@H]2C/C(=C/COCC(=O)O)C[C@H]2C[C@H]1O,0.041392685,training
CC1(C)CC1C(=O)N=C(CCCCCSCC(N)C(=O)O)C(=O)O,-0.065501549,training
CCC[C@@H]1CC(C(=O)N[C@@H]([C@H]2O[C@H](SC)[C@H](O)[C@@H](O)[C@H]2O)[C@H](C)Cl)N(C)C1,0.322219295,training
C/C=C/C[C@@H](C)[C@@H](O)C1C(=O)NC(CC)C(=O)N(C)CC(=O)N(C)C(CC(C)C)C(=O)NC(C(C)C)C(=O)N(C)C(CC(C)C)C(=O)NC(C)C(=O)NC(C)C(=O)N(C)C(CC(C)C)C(=O)N(C)C(CC(C)C)C(=O)N(C)C(C(C)C)C(=O)N1C,0.86332286,training
C/C(=C\[C@H](C(C)C)N(C)C(=O)C(NC(=O)C1CCCCN1C(C)C)C(C)(C)C)C(=O)O,1.243038049,training
CCC#CC[C@H](C)[C@H](O)C#C[C@H]1[C@H]2CC(=CCOCCCC(=O)O)C[C@H]2C[C@H]1O,-0.387216143,training
CN(CC(O)=NO)C(=O)C1CCCCC1C(=O)O,0.414973348,training
CC#CCC(C)[C@H](O)/C=C/[C@@H]1[C@H]2C/C(=C/CCCC(=O)O)C[C@H]2C[C@H]1O,-0.244125144,training
N=C(N)NCCCNC(=O)C1CCCCN1C(=O)C(CC1CCCCC1)NCC(=O)O,0.0,training
CCC[C@@H]1CC(C(=O)N[C@@H]([C@H]2O[C@H](SC)[C@H](O)[C@@H](O)[C@H]2O)[C@@H](C)O)N(C)C1,0.748188027,training
CSCCC(N)C(=O)N[C@@]1(C(=O)O)CS(=O)(=O)[C@H]2C(C(=O)O)[C@H]21,-0.075720714,training
CCCCC(C)(C)[C@@H](O)/C=C\[C@@H]1[C@H](C/C=C/CCCC(=O)O)[C@@H](Cl)C[C@@H]1O,-0.096910013,training
O=C1CCC(C(=O)N2CSCC2C(=O)O)N1,0.579783597,training
CC(C)C(NC(=O)C(C(C)C)N(C)C)C(=O)N(C)C(C(=O)N1CCCC1C(=O)N1CCCC1C(=O)NC(C)(C)C)C(C)C,-0.244125144,training
C/C=C/CC(C)C(=O)C1C(=O)NC(C(C)C)C(=O)N(C)CC(=O)N(C)C(CC(C)C)C(=O)NC(C(C)C)C(=O)N(C)C(CC(C)C)C(=O)NC(C)C(=O)NC(C)C(=O)N(C)C(CC(C)C)C(=O)N(C)C(CC(C)C)C(=O)N(C)C(C(C)C)C(=O)N1C,1.0,training
C=Cc1c(C)c2[nH]c1=Cc1[nH]c(c(=CCC(=O)O)c1C)=Cc1[nH]c(c(C)c1CCC(=O)OC)C=C1N=C(C=2)C2=CC=C(C(=O)OC)C(C(=O)OC)[C@@]12C,0.748188027,training
C=Cc1c(C)c2[nH]c1=Cc1[nH]c(c(CCC(=O)OC)c1C)C=c1[nH]c(c(C)c1CCC(=O)O)=CC1=NC(=C3C=CC(C(=O)OC)=C(C(=O)OC)[C@@]13C)C=2,0.782472624,training
CC(=O)NC(CO)C(=O)NC(CC(=O)O)C(=O)NC(CCCCN)C(=O)N1CCCC1C(=O)O,-1.096910013,training
OCCN(CCO)c1nc(N2CCCCC2)c2nc(N(CCO)CCO)nc(N3CCCCC3)c2n1,1.113943352,training
O=P1(NCCCl)OCCCN1CCCl,0.819543936,training
C=CCC1(C(C)C#CCC)C(=O)NC(=O)N(C)C1=O,0.204119983,training
O=C1CCC[C@@H]2[C@H]3CCC[N@+]4([O-])CCC[C@@H](CN12)[C@@H]34,0.227886705,training
CCCC(C)C1(CC)C(=O)NC(=O)NC1=O,1.342422681,training
CCCN[C@H]1CCc2nc(N)sc2C1,1.093421685,training
CCC1=NC(=O)C2CSSCC/C=C/[C@H](CC(=O)NC(C(C)C)C(=O)N2)OC(=O)C(C(C)C)NC1=O,1.041392685,training
CCCC(C)C1(CC)C(=O)NC(=S)NC1=O,0.301029996,training
C[C@@H](O)C1C(=O)N2C(C(=O)O)=C(S[C@H]3CC[S@@+]([O-])C3)S[C@@H]12,-0.045757491,training
N#C[C@H]1CCCN1C(=O)CNC12C[C@@H]3C[C@@H](CC(O)(C3)C1)C2,0.222716471,training
O=P(O)(O)C(NC1CCCCCC1)P(=O)(O)O,0.260071388,training
O=C(O)CCCC[C@@H]1CCSS1,-0.677780705,training
O=C(O)CCCC[C@H]1CCSS1,-0.677780705,training
N[C@@]1(C(=O)O)CS(=O)(=O)[C@H]2C(C(=O)O)[C@H]21,0.089905111,training
N#C[C@H]1CC2C[C@H]2N1C(=O)C(N)C12CC3CC(CC(O)(C3)C1)C2,0.875061263,training
NCC1CCC(C(=O)O)CC1,0.361727836,training
NS(=O)(=O)c1cc(C2(O)NC(=O)c3ccccc32)ccc1Cl,1.556302501,training
O=c1ccc2ccccc2o1,-0.096910013,training
CC1=NS(=O)(=O)c2cc(Cl)ccc2N1,1.681241237,training
O=S(=O)(c1cccc2cnccc12)N1CCCNCC1,-0.356547324,training
N#Cc1ccc(Cn2cncc2CN2CCN(c3cccc(Cl)c3)C(=O)C2)cc1,0.414973348,training
CCCCc1nc(Cl)c(CO)n1Cc1ccc(-c2ccccc2-c2nn[nH]n2)cc1,0.255272505,training
Cc1[nH]c(=O)c(C#N)cc1-c1ccncc1,-0.096910013,training
Cc1[nH]c(=O)c(C#N)cc1-c1ccc2nccn2c1,0.053078443,training
Nc1nc(=O)c2[nH]cc(Cc3cccnc3)c2[nH]1,0.477121255,training
N#Cc1ccccc1-c1cc(-c2ccccn2)cn(-c2ccccc2)c1=O,2.26245109,training
CC(C)(C)c1[nH]cnc1C=c1[nH]c(=O)c(=Cc2ccccc2)[nH]c1=O,0.799340549,training
Nc1c2c(nc3ccccc13)CCCC2,0.51851394,training
Oc1cccc(-c2c3nc(c(-c4cccc(O)c4)c4ccc([nH]4)c(-c4cccc(O)c4)c4ccc([nH]4)c(-c4cccc(O)c4)c4nc2CC4)C=C3)c1,1.961421094,training
NC(=O)n1c(O)c(C(=O)c2cccs2)c2cc(Cl)ccc21,1.356025857,training
Cn1cncc1[C@@](N)(c1ccc(Cl)cc1)c1ccc2c(c1)c(-c1cccc(Cl)c1)cc(=O)n2C,0.401400541,training
COCCn1c2c([n+](Cc3cnccn3)c1C)C(=O)c1ccccc1C2=O,1.394451681,training
CNCc1ccc(-c2[nH]c3cc(F)cc4c3c2CCNC4=O)cc1,1.220108088,training
Cc1cc(=O)n(-c2ccccc2)n1C,1.079181246,training
Cc1cc(=O)n(-c2ccccc2)[nH]1,0.372912003,training
CCCCc1nc(C)c(CC(=S)N(C)C)c(=O)n1Cc1ccc(-c2ccccc2-c2nn[nH]n2)cc1,0.740362689,training
O=C1NC(c2ccccc2)(c2ccccc2)C(=O)N1COP(=O)(O)O,-0.795880017,training
Cc1ccc2c(-c3ccccc3)nc(=O)n(C(C)C)c2c1,0.103803721,training
O=c1c(CC[S+]([O-])c2ccccc2)c(O)n(-c2ccccc2)n1-c1ccccc1,0.792391689,training
CCC1(c2ccccc2)C(=O)NC(=O)NC1=O,1.995635195,training
Cc1nc(=O)c(C#N)c(NCc2cccnc2)[nH]1,-0.022276395,training
CN(C)CCNc1ccc2c3c(nn2CCNCCO)-c2cnccc2C(=O)c13,1.653212514,training
CS(=O)(=O)N(CCO)c1c(Cl)c(Cl)cc2[nH]c(=O)c(=O)[nH]c12,0.146128036,training
CN(C)CCN1C(=O)c2cccc3cc(N)cc(c23)C1=O,0.679427897,training
O=C1CN=C(c2ccccn2)c2cc(Br)ccc2N1,1.322219295,training
CN(C)CCN1C(=O)c2cccc3cc([N+](=O)[O-])cc(c23)C1=O,1.457881897,training
Clc1cccc(N2CCNCC2)c1,0.672097858,training
O=C1c2ccc3ccccc3c2C(=O)N1CCNCCCNCCN1C(=O)c2ccc3ccccc3c2C1=O,1.720985744,training
O=C1OC2(c3ccc(O)cc3Oc3cc(O)ccc32)c2ccccc21,0.204119983,training
CNC1(c2ccccc2Cl)CCCCC1=O,0.447158031,training
Cc1ccccc1N1C(=O)c2cc(S(N)(=O)=O)c(Cl)cc2NC1C,1.301029996,training
O=C1NC(=O)C(c2ccccc2)(c2ccccc2)N1,1.225309282,training
CS(=O)(=O)c1ccc(C2=C(c3ccccc3)C(=O)OC2)cc1,0.875061263,training
CCn1cnc(C(=O)NC)c1C(=O)NC,-0.080921908,training
O=P(O)(O)C(O)(Cc1cccnc1)P(=O)(O)O,2.301029996,training
CCN(CC)C(=O)C(C#N)=Cc1cc(O)c(O)c([N+](=O)[O-])c1,0.380211242,training
Cn1c(NCCN(CCO)CCCc2ccc([N+](=O)[O-])cc2)cc(=O)n(C)c1=O,0.181843588,training
Nc1nc(=O)c2ncn(COCCO)c2[nH]1,0.397940009,training
Nc1ncnc2c1ncn2CCOCP(=O)(O)O,0.204119983,training
Cn1c(=O)c2c(ncn2C)n(C)c1=O,0.69019608,training
CSCCNc1nc(SCCC(F)(F)F)nc2c1ncn2[C@@H]1O[C@H](CO[P@](=O)(O)O[P@](=O)(O)C(Cl)(Cl)P(=O)(O)O)[C@@H](O)[C@H]1O,-0.853871964,training
CN(C)N=Nc1[nH]cnc1C(N)=O,0.792391689,training
Cn1c(=O)c2c(ncn2CC(O)CO)n(C)c1=O,0.230448921,training
CCCn1c(=O)[nH]c(=O)c2[nH]cnc21,0.255272505,training
O=c1[nH]cnc2c([C@@H]3N[C@H](CO)[C@@H](O)[C@H]3O)c[nH]c12,1.064457989,training
Nc1nc(=O)c2ncn(COC(CO)CO)c2[nH]1,0.568201724,training
NCCCNc1ccc2c(CNCCO)nn3c4c(O)ccc(=O)c4c(O)c1c23,1.505149978,training
Cc1ncc(CO)c(CO)c1O,-0.008773924,training
Cc1ncc([N+](=O)[O-])n1CCO,0.851258349,training
O=C1C=CC(=O)c2c1c(O)c1c(NCCNCCO)ccc(NCCNCCO)c1c2O,1.72427587,training
CN=C(C[N+](=O)[O-])NCCSCc1csc(CN(C)C)n1,0.176091259,training
Cc1ncc([N+](=O)[O-])n1C[C@H](O)CCl,1.079181246,training
Nc1nc(=O)c2ncn(CCC(CO)CO)c2[nH]1,0.322219295,training
CC(=O)CCCCn1c(=O)c2c(ncn2C)n(C)c1=O,0.079181246,training
CC(O)Cn1cnc2c1c(=O)n(C)c(=O)n2C,0.892094603,training
Cc1cc(=O)c2c(O)c3c(O)cc(O)c4c5c(O)cc(O)c6c(=O)c7c(O)cc(CO)c8c1c2c(c34)c(c65)c78,1.301029996,training
CN=C(C[N+](=O)[O-])NCCSCc1ccc(CN(C)C)o1,0.322219295,training
O=C(Cn1ccnc1[N+](=O)[O-])NCC(O)C(F)(F)F,0.537819095,training
Cn1nnc2c(C(N)=O)ncn2c1=O,0.176091259,training
C[C@H](Cn1cnc2c(N)ncnc21)OCP(=O)(O)O,0.763427994,training
Cn1c(COP(=O)(NCCBr)NCCBr)cnc1[N+](=O)[O-],0.0,training
Cn1c(=O)c2[nH]cnc2n(C)c1=O,0.857332496,training
CCS(=O)(=O)CCn1c([N+](=O)[O-])cnc1C,1.113943352,training
O=C(O)Cn1c(=O)c(=O)[nH]c2cc([N+](=O)[O-])c(-n3ccnc3)cc21,-0.107905397,training
O=C1c2c(c3c4ccc(O)cc4n([C@@H]4O[C@H](CO)[C@@H](O)[C@H](O)[C@H]4O)c3c3[nH]c4cc(O)ccc4c23)C(=O)N1NC(CO)CO,0.603144373,training
Cn1c(=O)c2c(ncn2CC2OCCO2)n(C)c1=O,0.220108088,training
O=P(O)(O)OC(Cn1cncn1)(Cn1cncn1)c1ccc(F)cc1F,0.322219295,training
C[C@@H]([C@@](O)(Cn1cncn1)c1ccc(F)cc1F)S(C)(=O)=O,1.69019608,training
Cc1ncc([N+](=O)[O-])n1CC(O)CN1CCOCC1,0.792391689,training
CC(C)(C)NC[C@H](O)COc1nsnc1N1CCOCC1,0.342422681,training
CC(c1ncncc1F)[C@](O)(Cn1cncn1)c1ccc(F)cc1F,0.748188027,training
Nc1ccn(C[C@@H](CO)OCP(=O)(O)O)c(=O)n1,0.414973348,training
CCCCCCCCCC=CCCC(=O)N=CC(=O)N[C@@H]1[C@@H](O)[C@@H](O)[C@@H](Nc2ncnc3[nH]cnc23)O[C@H]1[C@@H](O)CO,0.113943352,training
OC(Cn1cncn1)(Cn1cncn1)c1ccc(F)cc1F,1.477121255,training
CC(c1nc(-c2ccc(C#N)cc2)cs1)[C@@](O)(Cn1cncn1)c1cc(F)ccc1F,1.939019776,training
Nc1nc(NC2CC2)c2ncn([C@H]3C=C[C@@H](CO)C3)c2n1,0.0,training
OC[C@@H]1O[C@@H](n2cnc3c2N=CNC[C@H]3O)C[C@H]1O,0.72427587,training
Cc1cn([C@H]2C=C[C@@H](CO)O2)c(=O)[nH]c1=O,0.146128036,training
Cc1cn([C@H]2C[C@H](N=[N+]=[N-])[C@@H](CO)O2)c(=O)[nH]c1=O,0.113943352,training
CCOC(=O)C1=C(COCCN)N=C(C)C(C(=O)OC)C1c1ccccc1Cl,1.531478917,training
CCCC(=O)OCOC(=O)C1=C(C)N=C(C)C(C(=O)OC)C1c1cccc(Cl)c1Cl,-0.522878745,training
COC(=O)C1=C(C)N=C(C)C(C(=O)OCCCN2CCC(c3ccccc3)(c3ccccc3)CC2)[C@@H]1c1cccc([N+](=O)[O-])c1,1.342422681,training
CCOC(=O)C1=C(C)N=C(C)C(C(=O)OC)C1c1cccc(Cl)c1Cl,1.0,training
COC(=O)C1=C(C)N=C(C)C(C(=O)OC(C)C)C1c1cccc2nonc12,0.51851394,training
COC(=O)C1=C(C)N=C(C)C(C(=O)OCCN(C)Cc2ccccc2)C1c1cccc([N+](=O)[O-])c1,0.612783857,training
COC(=O)C1=C(C)N=C(C)C(C(=O)OC)C1c1ccccc1[N+](=O)[O-],0.278753601,training
COCCOC(=O)C1=C(C)N=C(C)C(C(=O)OC(C)C)C1c1cccc([N+](=O)[O-])c1,0.113943352,training
COC(=O)C1=C(C)N=C(C)C(C(=O)OCC(C)C)C1c1ccccc1[N+](=O)[O-],1.041392685,training
CCOC(=O)C1=C(C)N=C(C)C(C(=O)OC)C1c1cccc([N+](=O)[O-])c1,0.913813852,training
COc1cc(NS(C)(=O)=O)ccc1Nc1c2ccccc2nc2ccccc12,0.672097858,training
CNC(=O)c1cccc2c(Nc3ccc(NS(C)(=O)=O)cc3OC)c3cccc(C)c3nc12,0.380211242,training
COc1ccccc1Oc1c(NS(=O)(=O)c2ccc(C(C)(C)C)cc2)nc(-c2ncccn2)nc1OCCO,0.612783857,training
COc1ccccc1Oc1c(NS(=O)(=O)c2ccc(C)cn2)nc(-c2ccnc(-c3nn[nH]n3)c2)nc1OCCO,0.414973348,training
COc1ccccc1Oc1c(NS(=O)(=O)c2ccc(C(C)C)cn2)nc(-c2ccnc(-c3nn[nH]n3)c2)nc1OCCO,0.579783597,training
COc1cccc2c1c(NS(=O)(=O)c1ccc(Cl)s1)nn2Cc1cccc(CNC(=O)C(C)(C)O)c1,1.130333768,training
CCOc1cc([C@@H](CS(C)(=O)=O)N2C(=O)c3cccc(CC(C)=O)c3C2=O)ccc1OC,0.780317312,training
CCC[C@H](Nc1nc(-c2ccc(NC(=O)NCC)c(OC)c2)ncc1C)c1cccnc1,0.462397998,training
COc1ccc2c(c1)c(CC(=O)O)c(C)n2C(=O)c1ccc(Cl)cc1,0.146128036,training
COc1cc(CC(=O)NCC(=O)N(CCC(=O)O)Cc2ccc(OC)c(OC)c2)ccc1NC(=O)Nc1ccccc1C,0.204119983,training
COc1ccc(/C=C\c2cc(OC)c(OC)c(OC)c2)cc1NC(=O)C(N)CO,-0.585026652,training
COc1cc(OC)c(/C=C/S(=O)(=O)Cc2ccc(OC)c(NCC(=O)O)c2)c(OC)c1,-0.022276395,training
CCOc1ccccc1OCCN[C@H](C)Cc1ccc(OC)c(S(N)(=O)=O)c1,0.832508913,training
Cc1cccc(Nc2ccncc2S(=O)(=O)NC(=O)NC(C)C)c1,0.707570176,training
COc1ccc(OC)c([C@H](O)CNC(=O)CN)c1,-0.22184875,training
COc1ccc(CNC[C@@H](O)COc2ccc3[nH]c(=O)ccc3c2)cc1OC,0.51851394,training
COc1ccccc1N1CCN(C[C@@H](O)COc2cccc3ccccc23)CC1,0.51851394,training
COc1ccccc1OC[C@H](O)CN1CCN(CC(=O)Nc2c(C)cccc2C)CC1,0.255272505,training
CC(C)(C)NC[C@@H](O)COc1cccc2c1CCC(=O)N2,0.672097858,training
C=CCc1ccccc1OCC(O)CNC(C)C,0.397940009,training
COc1ccc(CCNCC(O)COc2cccc(C)c2)cc1OC,0.278753601,training
COc1ccccc1OCCNCC(O)COc1cccc2[nH]c3ccccc3c12,0.380211242,training
Cc1cc2c(OCC(O)CNC(C)C)cccc2[nH]1,0.663700925,training
CC(C)(C)NCC(O)COc1cccc2c1CC(O)C(O)C2,0.963787827,training
CC(C)NC[C@@H](O)COc1cccc2c1N(C(=O)c1cccnc1)CCC2,1.093421685,training
C=CCOc1ccccc1OC[C@H](O)CNC(C)C,0.037426498,training
CC(C)NCC(O)COc1cccc2[nH]ccc12,0.342422681,training
CCCNCC(O)COc1ccccc1C(=O)CCc1ccccc1,0.322219295,training
CC(C)NCC(O)COc1cccc2ccccc12,0.531478917,training
Cc1ccccc1OCC(O)CNCCOc1ccc(C(N)=O)cc1,0.397940009,training
CCC(C)(C)NCC(O)COc1ccccc1C(=O)CCc1ccccc1,0.176091259,training
CCCC(=O)Nc1ccc(OCC(O)CNC(C)C)c(C(C)=O)c1,0.544068044,training
CC(C)NCC(O)COc1ccc(CC(N)=O)cc1,0.785329835,training
CC(C)NCC(O)COc1ccc(CCOCC2CC2)cc1,1.230448921,training
CC(C)NCC(O)COc1ccc(COCCOC(C)C)cc1,1.0,training
Cc1cc(OC[C@H](O)CNC(C)C)c(C)c(C)c1O,0.491361694,training
COC(=O)CCc1ccc(OCC(O)CNC(C)C)cc1,-0.823908741,training
COCCc1ccc(OCC(O)CNC(C)C)cc1,0.556302501,training
CC(=O)Nc1ccc(OC[C@H](O)CNC(C)C)cc1,1.086359831,training
CC(C)NC[C@H](O)COc1ccc(O)cc1,0.45484486,training
CC(C)(C)NCC(O)COc1ccc(NC(=O)NC2CCCCC2)cc1,1.041392685,training
O=C(NCCNCC(O)COc1ccc(O)cc1)N1CCOCC1,0.886490725,training
Nc1cc(-c2ccncc2)c[nH]c1=O,0.301029996,training
Cc1nc(C#Cc2ccnc(Cl)c2)c(C)n1-c1ccc(F)cc1,1.897077003,training
Nc1ccncc1,0.556302501,training
Nc1n[n+]([O-])c2ccccc2[n+]1[O-],-0.107905397,training
Nc1nc(N)c2nc(-c3ccccc3)c(N)nc2n1,0.633468456,training
NC(=S)NN=Cc1ncccc1N,0.278753601,training
CN=C(NC#N)NCCSCc1[nH]cnc1C,0.342422681,training
N=C(CCSCc1csc(N=C(N)N)n1)NS(N)(=O)=O,0.447158031,training
O=c1[nH]cnc2[nH]ncc12,-0.096910013,training
Cc1ncsc1CCCl,0.653212514,training
O=c1[nH]c(O)cn1/N=C/c1ccc(-c2ccc([N+](=O)[O-])cc2)o1,1.0,training
Nc1[nH]c(=O)ncc1F,0.62324929,training
O=c1[nH]cc(F)c(=O)[nH]1,-0.920818754,training
Cc1cn[nH]c1,0.645422269,training
NS(=O)(=O)c1cc2c(cc1C(F)(F)F)NCNS2(=O)=O,0.716003344,training
Cc1cc(=O)c2c(O)c3c(O)cc(O)c4c5c(O)cc(O)c6c(=O)c7c(O)cc(C)c8c1c2c(c34)c(c65)c78,1.62324929,training
N#Cc1ccc(C(c2ccc(C#N)cc2)n2cncn2)cc1,1.653212514,training
Nc1nc(OCc2cc(Br)cs2)c2[nH]cnc2n1,0.465382851,training
S=c1[nH]cnc2[nH]cnc12,0.0,training
Cn1cc[nH]c1=S,0.380211242,training
Nc1cc(N2CCCCC2)nc(N)[n+]1[O-],0.176091259,training
O=c1[nH]c(O)cn1/N=C/c1ccc([N+](=O)[O-])o1,-0.013228266,training
COc1nc(C(Cl)(Cl)Cl)c(Cl)c(OC)c1Cl,0.579783597,training
Oc1ccc(C2=Cc3ccc(O)cc3OC2)cc1,-0.173925197,training
CCCc1cc(=O)[nH]c(=S)[nH]1,0.113943352,training
O=NNc1cnccn1,-0.420216403,training
O=c1c(O)c(-c2ccc(O)c(O)c2)oc2cc(O)cc(O)c12,-0.22184875,training
Nc1nc(=S)c2[nH]cnc2[nH]1,1.386498966,training
OCCN(CCc1c[nH]c2ccccc12)Cc1ccc(/C=C/C(O)=NO)cc1,1.094471129,training
Cc1cccc([C@H](C)c2c[nH]cn2)c1C,0.342422681,training
C=c1cc(C)[nH]c1=Cc1c(O)[nH]c2ccccc12,-0.080921908,training
CC[N+](CC)(CC)CCOc1cccc(OCC[N+](CC)(CC)CC)c1OCC[N+](CC)(CC)CC,0.401400541,training
NC[C@H]1OB(O)c2c(OCCCO)cccc21,1.064457989,training
Cc1[nH]c2ccccc2c1CCNCc1ccc(/C=C/C(O)=NO)cc1,1.117271296,training
C[C@@H](NCCc1ccc(O)cc1)[C@@H](O)c1ccc(O)cc1,0.414973348,training
CCC[S@+]([O-])CCCN(CC)C[C@@H](O)COc1ccc(C#N)cc1,0.380211242,training
CCCCCc1cc(O)c2c(c1)OC(C)(C)c1ccc(C)cc1-2,1.406710459,training
C[C@@H](NCCCc1cccc(C(F)(F)F)c1)c1cccc2ccccc12,1.298853076,training
CN(C)[C@@H](c1cccc(O)c1)[C@H]1CCCC[C@H]1O,0.58546073,training
CN(C)C[C@H](c1ccc(O)cc1)C1(O)CCCCC1,0.924279286,training
CCN[C@@H](C)Cc1cccc(C(F)(F)F)c1,1.146128036,training
CN(CCOc1ccc(NS(C)(=O)=O)cc1)CCc1ccc(NS(C)(=O)=O)cc1,0.908485019,training
NCCc1ccc(O)c(O)c1,-0.37675071,training
CNCC[C@H](Oc1cccc2ccccc12)c1cccs1,1.079181246,training
CC[N+](C)(C)c1cccc(O)c1,0.255272505,training
CCCCCCCCc1ccc(CCC(N)(CO)CO)cc1,2.158362492,training
COCCCC/C(=N\OCCN)c1ccc(C(F)(F)F)cc1,1.096910013,training
Cc1cccc(C)c1OCC(C)N,0.995635195,training
N=C(N)c1ccc(OCCCCCOc2ccc(C(=N)N)cc2)cc1,1.397940009,training
CC(C=Cc1c(C)c(O)c2ccccc2c1O)=CCC[C@H](C)CCC[C@H](C)CCCC(C)C,0.86332286,training
C[C@@H](N=C(N=c1cc[nH]cc1)NC#N)C(C)(C)C,0.397940009,training
CN(CCC(=O)C=Cc1ccc(O)cc1)CCc1ccc2c(c1)OCO2,-1.0,training
CCC/N=C1\S/C(=C\c2ccc(OC[C@H](O)CO)c(Cl)c2)C(=O)N1c1ccccc1C,1.517195898,training
CC(C)c1cccc(C(C)C)c1O,0.505149978,training
CCCN(CCC)CCc1cccc2[nH]c(O)cc12,0.77815125,training
CN(CCOc1ccc(Cc2sc(=O)[nH]c2O)cc1)c1ccccn1,0.591064607,training
CCC(c1cccc(O)c1)[C@@H](C)CN(C)C,0.378397901,training
COc1ccc(C(CN(C)C)C2(O)CCCCC2)cc1,0.698970004,training
OCc1cc([C@@H](O)CNCCCCCCOCCOCc2c(Cl)cccc2Cl)ccc1O,0.380211242,training
CNCC[C@@H](Oc1ccccc1C)c1ccccc1,0.716003344,training
CC(C)COC[C@@H](CN(Cc1ccccc1)c1ccccc1)N1CCCC1,1.173186268,training
Cc1ccc(O)c([C@H](CCN(C(C)C)C(C)C)c2ccccc2)c1,0.380211242,training
C[C@@H]([C@@H](O)c1ccc(O)cc1)N1CCC(O)(c2ccccc2)CC1,0.568201724,training
N#C[C@@H](O[C@@H]1O[C@H](CO[C@@H]2O[C@H](CO)[C@@H](O)[C@H](O)[C@H]2O)[C@@H](O)[C@H](O)[C@H]1O)c1ccccc1,0.089905111,training
Cc1ccc([C@@H]2O[C@H](CO)[C@@H](O)[C@H](O)[C@H]2O)cc1Cc1ccc(-c2ccc(F)cc2)s1,1.012837225,training
CCOc1ccc(Cc2cc(C3O[C@H](CO)[C@@H](O)[C@H](O)[C@H]3O)ccc2Cl)cc1,1.086359831,training
Cc1ccc(N(CC2=NCCN2)c2cccc(O)c2)cc1,0.397940009,training
Oc1cc2c(cc1O)[C@H](Cc1cccc3ccccc13)NCC2,0.198657087,training
CNCCCC12CCC(c3ccccc31)c1ccccc12,1.707570176,training
CCOc1ccccc1O[C@H](c1ccccc1)[C@H]1CNCCO1,1.0,training
CCCN(CCc1cccs1)[C@H]1CCc2c(O)cccc2C1,0.602059991,training
OC(c1ccccc1)(c1ccccc1)C12CC[N+](CCOCc3ccccc3)(CC1)CC2,1.278753601,training
CCOc1ccccc1OCC1CNCCO1,0.612783857,training
C[n+]1ccccc1C=NO,0.146128036,training
CN(C)C/C=C(\c1ccc(Br)cc1)c1cccnc1,0.796574333,training
CN(C)CCCOc1nn(Cc2ccccc2)c2ccccc12,0.908485019,training
CN(C)CCC(c1ccc(Cl)cc1)c1ccccn1,1.342422681,training
CC(C1=C(CCN(C)C)Cc2ccccc21)c1ccccn1,0.662757832,training
NC(Cc1ccccn1)c1ccccc1,1.017033339,training
CC(c1ccccn1)c1c(CCN(C)C)sc2ccccc12,0.959041392,training
CN(C)CCC1=C(Cc2cccnn2)c2ccc(F)cc2C1,0.954242509,training
CC(C1=C(CCN(C)C)Cc2ccccc21)c1cnccn1,1.041392685,training
C[C@@H](c1cccnc1F)c1c(CCN(C)C)sc2ccccc12,1.176091259,training
CN(C)CCN(Cc1cccs1)c1ccccn1,0.204119983,training
CCC1(c2c[nH]cn2)Cc2ccccc2C1,0.230448921,training
CN(C)CCO[C@]1(c2ccccc2)C[C@H]2CC[C@]1(C)C2(C)C,1.424881637,training
CN(C)CCC=C1c2ccccc2CCc2ccccc21,1.230448921,training
CN(C)CC/C=C1/c2ccccc2Sc2ccc(Cl)cc21,1.411619706,training
CN(C)CC/C=C1\c2ccccc2COc2ccccc21,1.176091259,training
CNCCC=C1c2ccccc2CCc2ccccc21,1.477121255,training
CN(C)CCCC1(c2ccc(F)cc2)OCc2cc(C#N)ccc21,1.51851394,training
COP(=O)(c1cc(C)cc(/C=C/C#N)c1)c1c(C(N)=O)[nH]c2ccc(Cl)cc12,0.643452676,training
COP(=O)(c1cc(C)cc(/C=C/C#N)c1)c1c(C(N)=O)[nH]c2ccc(Cl)c(F)c12,0.86923172,training
COc1ccc(Cl)cc1[C@]1(F)C(=O)Nc2cc(C(F)(F)F)ccc21,1.568201724,training
COc1cc2c(cc1OC)CN(c1cc(N)c3cc(OC)c(OC)cc3n1)CC2,0.770852012,training
COc1cc(N)cn[n+]1-c1ccccc1,1.149219113,training
COc1cc(Cc2cnc(N)nc2N)c2cc(Cc3c(C(=O)N(C)C)[nH]c4ccc(Cl)cc34)oc2c1OC,1.648847708,training
COc1ccccc1Oc1c(NS(=O)(=O)c2ccc(C)cn2)nc(-c2ccncc2)nc1OC,0.857332496,training
COc1ccc(/C=C\c2cc(OC)c(OC)c(OC)c2)cc1OP(=O)(O)O,-0.327902142,training
C#Cc1cccc(Nc2ncnc3cc(OC)c(OCCCCCCC(O)=NO)cc23)c1,0.699837726,training
COc1c(-c2ccc3cc(NS(C)(=O)=O)ccc3c2)cc(-n2ccc(=O)[nH]c2=O)cc1C(C)(C)C,0.755874856,training
CCOc1cc(Cc2cnc(N)nc2N)cc(OCC)c1-n1cccc1,0.973127854,training
C#Cc1cccc(Nc2ncnc3cc(OCCOC)c(OCCOC)cc23)c1,0.812913357,training
COc1ccc2[nH]c([S@+]([O-])Cc3ncc(C)c(OC)c3C)nc2c1,-0.080921908,training
COc1ccnc(C[S+]([O-])c2nc3cc(-n4cccc4)ccc3[nH]2)c1C,0.555094449,training
COc1cc([S+](C)[O-])ccc1-c1nc2ccncc2[nH]1,0.079181246,training
Cc1c(OCC(F)(F)F)ccnc1C[S+]([O-])c1nc2ccccc2[nH]1,0.0,training
COc1ccsc1CNCC[C@@]1(c2ccccn2)CCOC2(CCCC2)C1,0.255272505,training
COc1ccc2[nH]c([S+]([O-])Cc3ncc(C)c(OC)c3C)nc2c1,-0.236572006,training
COc1ccnc(C[S+]([O-])c2nc3cc(OC(F)F)ccc3[nH]2)c1OC,0.278753601,training
COc1ccc(Cc2nccc3cc(OC)c(OC)cc23)cc1OC,0.255272505,training
COc1cccc(OCCCN)c1-c1cc(Nc2cnc(C#N)cn2)[nH]n1,1.098297536,training
COc1cc(NC(C)CCCN)c2ncccc2c1,0.851258349,training
COCCCOc1ccnc(C[S+]([O-])c2nc3ccccc3[nH]2)c1C,0.0,training
COc1cc([S+](C)[O-])ccc1-c1nc2cccnc2[nH]1,-0.096910013,training
COc1cc(Cc2cnc(N)nc2N)cc(OC)c1OC,0.982271233,training
COc1cc(NCc2ccc3nc(N)nc(N)c3c2C)cc(OC)c1OC,1.230448921,training
C=C[C@@H]1CNCC[C@@H]1CCCc1ccnc2ccc(OC)cc12,1.08278537,training
COc1ccc(-c2nc3cc(C4=NNC(=O)CC4C)ccc3[nH]2)cc1,0.255272505,training
Cc1cnc(NCCCN(C)C)c2c1[nH]c1ccc3cc(O)ccc3c12,1.278753601,training
CCN(CC)CCCC(C)Nc1c2ccc(Cl)cc2nc2ccc(OC)cc12,2.079181246,training
CCN(CC)CCNc1ccc(CNC=O)c2sc3ccc(OC)cc3c(=O)c12,0.791690649,training
CCCCCN=C(N)NN=Cc1c[nH]c2ccc(OC)cc12,1.041392685,training
CCOc1ncc(S(=O)(=O)N2CCN(CC)CC2)cc1-c1nc(=O)c2nn(CCOC)c(CC)c2[nH]1,0.602059991,training
C/C=C/c1cc(OC)c(OC)cc1OC,0.568201724,training
CC(C)(C)c1nc(-c2cccc(NS(=O)(=O)c3c(F)cccc3F)c2F)c(-c2ccnc(N)n2)s1,0.414973348,training
Nc1ccc(S(=O)(=O)c2ccc(N)cc2)cc1,1.342422681,training
O=S(=O)(O)c1cc(O)ccc1O,0.303196057,training
Cc1ccc(-c2ncc(Cl)cc2-c2ccc(S(C)(=O)=O)cc2)cn1,1.414973348,training
NNc1nncc2ccccc12,0.0,training
NS(=O)(=O)c1ccc(S(=O)(=O)Nc2cccc3c(Cl)c[nH]c23)cc1,1.307496038,training
Clc1ccc(COC(Cn2ccnc2)c2ccc(Cl)cc2Cl)c(Cl)c1,1.2955671,training
CCc1nc(N)nc(N)c1-c1ccc(Cl)cc1,2.146128036,training
N=C(N)N/N=C1\CCc2c(C(=N)N)cccc21,1.815577748,training
O=P(O)(O)C(Sc1ccc(Cl)cc1)P(=O)(O)O,0.886490725,training
Cc1onc(-c2ccccc2)c1-c1ccc(S(N)(=O)=O)cc1,0.86923172,training
O=S(=O)(Nc1ccccc1)c1cccc(/C=C/C(O)=NO)c1,0.204119983,training
CCN(CC)Cc1cc(Nc2ccnc3cc(Cl)ccc23)ccc1O,0.322219295,training
CCN(CC)CCCC(C)Nc1ccnc2cc(Cl)ccc12,2.755874856,training
CCN(CCO)CCCC(C)Nc1ccnc2cc(Cl)ccc12,2.929418926,training
CC(C)(C)/[N+]([O-])=C/c1ccc(S(=O)(=O)O)cc1S(=O)(=O)O,0.556302501,training
NCCNc1ccc(NCCN)c2c1C(=O)c1ccncc1C2=O,1.127104798,training
Nc1ccc(S(=O)(=O)Nc2ncccn2)cc1,0.84509804,training
Cc1cc(NS(=O)(=O)c2ccc(N)cc2)no1,0.991226076,training
Cc1noc(NS(=O)(=O)c2ccc(N)cc2)c1C,0.86923172,training
C=CCN(C1=NCCN1)c1c(Cl)cccc1Cl,0.496929648,training
Clc1cccc(Cl)c1NC1=NCCN1,0.880813592,training
COc1nc(C)nc(Cl)c1NC1=NCCN1,0.342422681,training
Clc1ccc2nsnc2c1NC1=NCCN1,0.380211242,training
c1ccc(CN(CC2=NCCN2)c2ccccc2)cc1,0.359835482,training
c1ccc(C2(c3ccccc3)CC2C2=NCCN2)cc1,0.86332286,training
c1ccc2c(c1)OCC(C1=NCCN1)O2,0.62324929,training
CS(=O)(=O)OCCN(CCBr)c1c(C(=O)NCCOP(=O)(O)O)cc([N+](=O)[O-])cc1[N+](=O)[O-],-1.0,training
CC(=O)Nc1c(I)c(C(=O)O)c(I)c(N(C)C(C)=O)c1I,0.113943352,training
CCCNc1nc(NCCC)nc(N(C)OC)n1,0.748962861,training
CC(=O)NCCCS(=O)(=O)O,0.505149978,training
CC(=O)Nc1nnc(S(N)(=O)=O)s1,1.113943352,training
CS(=O)(=O)OCCCCOS(C)(=O)=O,0.531478917,training
CCCCN=C(N)N=C(N)N,0.664641976,training
O=NN(CCCl)C(=O)NCCCl,-0.431798276,training
C[N+](C)(C)C[C@H](O)CC(=O)[O-],0.698970004,training
CC(=O)N(O)CCCCCNC(=O)CCC(=O)N(O)CCCCCNC(=O)CCC(=O)N(O)CCCCCN,0.484299839,training
CC[C@@H](CO)NCCN[C@@H](CC)CO,0.491361694,training
CCOP(=O)(OCC)C(C)NC(=O)N(CCCl)N=O,-0.420216403,training
O=[N+]([O-])OC[C@H](O)CO,0.397940009,training
CC(N)CCCC(C)(C)O,0.397940009,training
CNC(=O)N(N(CCCl)S(C)(=O)=O)S(C)(=O)=O,-0.30980392,training
CCCCCCCCCCCCCCCC(=O)OC[C@H](COP(=O)(O)OCCNC(=O)C(C)NC(=O)CCC(NC(=O)C(C)NC(=O)C(C)O[C@H](C(C=O)NC(C)=O)[C@H](O)[C@H](O)CO)C(N)=O)OC(=O)CCCCCCCCCCCCCCC,0.311753861,training
C[N+](C)(C)NCCC(=O)[O-],0.792391689,training
CCC(=O)O[C@H](CC(=O)[O-])C[N+](C)(C)C,0.10720997,training
CN(CC(N)=O)C(=O)N(CCCl)N=O,0.0,training
CCCCCCCCCCCCCCC[C@@H](O)[C@H](C)N,1.472756449,training
CS(=O)(=O)OC[C@H](O)[C@@H](O)COS(C)(=O)=O,0.26245109,training
CC(=O)NC(CSSCC(N)C(=O)O)C(=O)NC(C)C(=O)NC(CCCN=C(N)N)C(=O)NC(CCCNC(=N)N)C(=O)NC(CCCNC(=N)N)C(=O)NC(C)C(=O)NC(CCCNC(=N)N)C(N)=O,1.27989498,training
O=P(O)(O)C(O)(Cn1ccnc1)P(=O)(O)O,1.041392685,valid
NCCCC(O)(P(=O)(O)O)P(=O)(O)O,0.491361694,valid
NCCCNCCSP(=O)(O)O,-0.823908741,valid
CCCC[P@@](=O)(O)CCCN,0.322219295,valid
CCCCCN(C)CCC(O)(P(=O)(O)O)P(=O)(O)O,1.146128036,valid
NCCC(O)(P(=O)(O)O)P(=O)(O)O,1.505149978,valid
CC(C)CC1C(=O)N2CCC[C@H]2[C@]2(O)O[C@@](C)(NC(=O)C3C[C@@H]4c5cccc6[nH]cc(c56)C[C@H]4N(C)C3)C(=O)N12,0.946452265,valid
CN1CC(C(=O)N[C@]2(C)O[C@]3(O)[C@@H]4CCCN4C(=O)C(Cc4ccccc4)N3C2=O)C[C@@H]2c3cccc4[nH]cc(c34)C[C@H]21,-0.259637311,valid
CN1CC(C(=O)N[C@]2(C)O[C@@]3(O)[C@@H]4CCCN4C(=O)C(Cc4ccccc4)N3C2=O)C=C2c3cccc4[nH]cc(c34)C[C@H]21,0.322219295,valid
Nc1ncn([C@@H]2O[C@H](CO)[C@@H](O)[C@H]2O)c(=O)n1,-0.443697499,valid
Nc1nc(N/N=C/C2CCCCC2)nc2c1ncn2[C@@H]1O[C@H](CO)[C@@H](O)[C@H]1O,-0.677780705,valid
Nc1nc(Cl)nc2c1ncn2[C@H]1C[C@H](O)[C@@H](CO)O1,1.204119983,valid
Nc1nc(Cl)nc2c1ncn2[C@@H]1O[C@H](CO)[C@@H](O)[C@@H]1F,0.602059991,valid
Nc1nc(F)nc2c1ncn2[C@@H]1O[C@H](CO)[C@@H](O)[C@@H]1O,1.041392685,valid
COc1nc(N)nc2c1ncn2[C@@H]1O[C@H](CO)[C@@H](O)[C@@H]1O,-0.301029996,valid
CNC(=O)c1cnn(-c2nc(N)c3ncn([C@@H]4O[C@H](CO)[C@@H](O)[C@H]4O)c3n2)c1,0.301029996,valid
NC(=O)c1ncn([C@@H]2O[C@H](CO)[C@@H](O)[C@H]2O)n1,1.653212514,valid
CCC1=C[C@@H]2CN(CCc3c([nH]c4ccccc34)[C@@](C(=O)OC)(c3cc4c(cc3OC)N(C)[C@H]3[C@@](O)(C(=O)OC)[C@H](OC(C)=O)[C@]5(CC)C=CCN6CC[C@]43[C@@H]65)C2)C1,1.255272505,valid
CCOP(=O)(OCC)[C@@H](NC(=O)[C@]1(O)[C@@H](O)[C@@]2(CC)C=CCN3CC[C@]4(c5cc([C@@]6(C(=O)OC)C[C@H]7C[N@@](CCc8c6[nH]c6ccccc86)C[C@@](O)(CC)C7)c(OC)cc5N(C)[C@@H]14)[C@@H]32)C(C)C,1.53529412,valid
CC[C@]1(O)C[C@@H]2CN(CCc3c([nH]c4ccccc34)[C@@](C(=O)OC)(c3cc4c(cc3OC)N(C)[C@H]3[C@@](O)(C(=O)OC)[C@H](OC(C)=O)[C@]5(CC)C=CCN6CC[C@]43[C@@H]65)C2)C1,1.826074803,valid
CC[C@]1(O)C[C@@H]2CN(CCc3c([nH]c4ccccc34)[C@@](C(=O)OC)(c3cc4c(cc3OC)N(C=O)[C@H]3[C@@](O)(C(=O)OC)[C@H](OC(C)=O)[C@]5(CC)C=CCN6CC[C@]43[C@@H]65)C2)C1,1.361727836,valid
CC[C@]1(O)C[C@H]2CN(CCc3c([nH]c4ccccc34)[C@@](C(=O)OC)(c3cc4c(cc3OC)N(C)[C@H]3[C@@](O)(C(N)=O)[C@H](O)[C@]5(CC)C=CCN6CC[C@]43[C@@H]65)C2)C1,1.544068044,valid
CCC1=C[C@@H]2CN(C1)Cc1c([nH]c3ccccc13)[C@@](C(=O)OC)(c1cc3c(cc1OC)N(C)[C@H]1[C@@](O)(C(=O)OC)[C@H](OC(C)=O)[C@]4(CC)C=CCN5CC[C@]31[C@@H]54)C2,1.414973348,valid
CC(=O)Nc1c(I)c(NC(C)=O)c(I)c(C(=O)O)c1I,0.255272505,valid
CNC(=O)c1c(I)c(NC(C)=O)c(I)c(C(=O)O)c1I,0.113943352,valid
NC1(C(=O)O)CC1,0.770852012,valid
CC(=O)NC(CS)C(=O)O,0.740362689,valid
NCCCCCC(=O)O,0.69019608,valid
NCC(=O)CCC(=O)O,-0.080921908,valid
CCCC[S@](=N)(=O)CCC(N)C(=O)O,0.225309282,valid
O=C(O)C(Cl)Cl,-0.187086643,valid
O=C(O)P(=O)(O)O,0.672097858,valid
NCC1(CC(=O)O)CCCCC1,0.72427587,valid
N=C(N)NC(CS)C(=O)O,0.127104798,valid
CCCC(C)(COC(N)=O)COC(N)=O,1.146128036,valid
O=C(O)CO,0.322219295,valid
CC(C)(S)C(N)C(=O)O,0.482873584,valid
O=C(O)CC(NC(=O)CP(=O)(O)O)C(=O)O,0.679427897,valid
CC(S)C(=O)NCC(=O)O,1.740362689,valid
CCCC(CCC)C(=O)O,1.079181246,valid
CC[C@H]1CN2CC[C@H]1C[C@@H]2[C@@H](O)c1ccnc2ccc(OC)cc12,0.755874856,valid
CC[C@@]1(O)CN2CC[C@H]1C[C@@H]2[C@@H](O)c1ccnc2ccc(OC)cc12,0.826074803,valid
C=C[C@H]1CN2CC[C@H]1C[C@@H]2[C@@H](O)c1ccnc2ccc(OC)cc12,0.819543936,valid
C=C[C@H]1CN2CC[C@H]1C[C@H]2[C@H](O)c1ccnc2ccc(OC)cc12,1.041392685,valid
CC(=O)N(CC(O)CN(C(C)=O)c1c(I)c(C(=O)NC[C@H](O)CO)c(I)c(C(=O)NC[C@H](O)CO)c1I)c1c(I)c(C(=O)NC[C@H](O)CO)c(I)c(C(=O)NC[C@H](O)CO)c1I,0.322219295,valid
CC(=O)N(CC(O)CO)c1c(I)c(C(=O)NCC(O)CO)c(I)c(C(=O)NCC(O)CO)c1I,0.176091259,valid
CN(C(=O)CO)c1c(I)c(C(=O)NC[C@H](O)CO)c(I)c(C(=O)NC[C@H](O)CO)c1I,0.361727836,valid
CC(O)C(=O)Nc1c(I)c(C(=O)NC(CO)CO)c(I)c(C(=O)NC(CO)CO)c1I,0.322219295,valid
COC[C@@H](O)CN(C(C)=O)c1c(I)c(C(=O)NC[C@H](O)CO)c(I)c(C(=O)NC[C@H](O)CO)c1I,0.309630167,valid
COCC(=O)Nc1c(I)c(C(=O)NCC(O)CO)c(I)c(C(=O)N(C)CC(O)CO)c1I,0.414973348,valid
CN(C(=O)CC(=O)N(C)c1c(I)c(C(=O)N[C@H](CO)[C@H](O)CO)c(I)c(C(=O)N[C@H](CO)[C@H](O)CO)c1I)c1c(I)c(C(=O)N[C@H](CO)[C@H](O)CO)c(I)c(C(=O)N[C@H](CO)[C@H](O)CO)c1I,0.307496038,valid
COc1cccc2c(O)c3c(c(O)c12)C(=O)C1=C(C[C@@](O)(C(=O)CO)C[C@@H]1O[C@H]1C[C@H](N)[C@H](OCc2ccccc2)[C@H](C)O1)C3=O,1.539076099,valid
COc1cccc2c(O)c3c(c(O)c12)C(=O)C1=C(C[C@@](O)(C(C)=O)C[C@@H]1O[C@H]1C[C@H](N)[C@H](O)[C@H](C)O1)C3=O,1.153509989,valid
COc1cccc2c(O)c3c(c(O)c12)C(=O)C1=C(C[C@@](O)(C(=O)CO)C[C@@H]1O[C@H]1C[C@H](N)[C@H](O)[C@H](C)O1)C3=O,1.505149978,valid
COc1cccc2c(O)c3c(c(O)c12)C(=O)C1=C(C[C@@](O)(C(=O)CO)C[C@@H]1O[C@H]1C[C@H](N)[C@@H](O)[C@H](C)O1)C3=O,1.556302501,valid
COc1cccc2c(O)c3c(c(N)c12)C(=O)C1=C(C[C@@](O)(C(=O)CO)C[C@@H]1O[C@H]1C[C@H](N)[C@H](O)[C@H](C)O1)C3=O,1.139879086,valid
COc1cccc2c(O)c3c(c(O)c12)C(=O)C1=C(C[C@@](O)(C(=O)CO)C[C@@H]1O[C@H]1C[C@H](N)[C@H](I)[C@H](C)O1)C3=O,1.012837225,valid
COc1cccc2c(O)c3c(c(O)c12)C(=O)C1=C(C[C@@](O)(C(=O)CO)C[C@@H]1O[C@H]1C[C@H](N2CCO[C@H](OC)C2)[C@H](O)[C@H](C)O1)C3=O,1.691965103,valid
COc1cccc2c(O)c3c(c(O)c12)C(=O)C1=C(C[C@@](O)(C(=O)CO)C[C@@H]1O[C@@H]1C[C@H](N)[C@H](O[C@@H]2CCCCO2)[C@H](C)O1)C3=O,1.045322979,valid
CCN(CC)CCNC(=O)c1ccc(NC(C)=O)cc1,0.806179974,valid
CCN(CC)CCNC(=O)c1cc(Cl)c(N)cc1OC(C)C(C)=O,0.431363764,valid
CCN(CC)CCNC(=O)c1cc(Br)c(N)cc1OC,0.462397998,valid
CCN(CC)CCNC(=O)c1cc(Cl)c(N)cc1OC,0.857332496,valid
CCN(CC)CCNC(=O)c1ccc(N)cc1,0.491361694,valid
CCN(CC)CCNC(=O)c1ccc(NS(C)(=O)=O)cc1,0.579783597,valid
CCN(CC)CCNC(=O)c1cc(S(C)(=O)=O)ccc1OC,0.505149978,valid
CCCCCCCN(CC)CCCC(O)c1ccc(NS(C)(=O)=O)cc1,0.84509804,valid
CC[C@@]1(O)C(=O)OCc2c1cc1n(c2=O)Cc2cc3c(N)cccc3nc2-1,0.84509804,valid
CC[C@@]1(O)C(=O)OCc2c1cc1n(c2=O)Cc2c-1nc1ccccc1c2CC[Si](C)(C)C,1.120573931,valid
CC[C@@]1(O)CC(=O)OCc2c1cc1n(c2=O)Cc2cc3cc(F)c(F)cc3nc2-1,0.491361694,valid
CC[C@@]1(O)C(=O)OCc2c1cc1n(c2=O)Cc2c-1nc1cc(F)c(C)c3c1c2[C@@H](N)CC3,0.826074803,valid
CC[C@@]1(O)C(=O)OCc2c1cc1n(c2=O)Cc2cc3cc(O)ccc3nc2-1,0.222716471,valid
CCc1c2c(nc3ccc(OC(=O)N4CCC(N5CCCCC5)CC4)cc13)-c1cc3c(c(=O)n1C2)COC(=O)[C@]3(O)CC,0.954242509,valid
CC[C@@]1(O)C(=O)OCc2c1cc1n(c2=O)Cc2c-1nc1cc3c(cc1c2CN1CCN(C)CC1)OCCO3,0.549003262,valid
CC[C@@]1(O)C(=O)OCc2c1cc1n(c2=O)Cc2c-1nc1ccc(O)cc1c2[Si](C)(C)C(C)(C)C,0.146128036,valid
CCc1c2c(nc3ccc(OC(=O)CCC(=O)Oc4c(C)c(C)c5c(c4C)CC[C@@](C)(CCC[C@H](C)CCC[C@H](C)CCCC(C)C)O5)cc13)-c1cc3c(c(=O)n1C2)COC(=O)[C@]3(O)CC,0.57634135,valid
CC[C@@]1(O)C(=O)OCc2c1cc1n(c2=O)Cc2cc3c(CN(C)C)c(O)ccc3nc2-1,0.361727836,valid
C[C@H](N)Cc1ccccc1,0.86332286,valid
CN(C)CCOC(c1ccccc1)c1ccccc1,0.968482949,valid
CN(C)CC(Oc1ccccc1)Oc1ccccc1,0.643452676,valid
CN[C@@H](C)Cc1ccccc1,1.079181246,valid
C#CCN(C)C(C)Cc1ccccc1,0.113943352,valid
CC(CC(c1ccccc1)c1ccccc1)NC(C)(C)C,1.748188027,valid
C[C@H]1COc2c(N3CCN(C)CC3)c(F)c(N)c3c(=O)c(C(=O)O)cn1c23,1.303196057,valid
COc1c(N2CCC/C(=C(\F)CN)C2)c(F)cc2c(=O)c(C(=O)O)cn(C3CC3)c12,1.293141483,valid
C[C@H]1CN(c2c(F)cc3c(=O)c(C(=O)O)cn(C4CC4)c3c2OC(F)F)CCN1,0.770852012,valid
O=C(O)c1cn(C2CC2)c2cc(N3CCNCC3)c(F)cc2c1=O,0.579783597,valid
NC1CCN(c2c(F)cc3c(=O)c(C(=O)O)cn(C4CC4)c3c2Cl)C1,0.73239376,valid
Nc1nc(-n2cc(C(=O)O)c(=O)c3cc(F)c(N4CC(O)C4)c(Cl)c32)c(F)cc1F,0.322219295,valid
N#Cc1c(N2C[C@@H]3NCCO[C@H]3C2)c(F)cc2c(=O)c(C(=O)O)cn(C3CC3)c12,1.127752516,valid
COc1c(N2CCNC(C)C2)c(F)cc2c(=O)c(C(=O)O)cn(C3CC3)c12,1.0,valid
Cc1c(F)c(N2CCN[C@H](C)C2)cc2c1c(=O)c(C(=O)O)cn2C1CC1,0.963787827,valid
C[C@H]1COc2c(N3CCN(C)CC3)c(F)cc3c(=O)c(C(=O)O)cn1c23,0.944482672,valid
COc1c(N2C[C@@H]3CCCN[C@@H]3C2)c(F)cc2c(=O)c(C(=O)O)cn(C3CC3)c12,0.913813852,valid
COc1c(N2C[C@@H](C)C[C@H](N)C2)ccc2c(=O)c(C(=O)O)cn(C3CC3)c12,1.130333768,valid
CC1COc2c(N3CCN(C)CC3)c(F)cc3c(=O)c(C(=O)O)cn1c23,0.949390007,valid
C[C@H]1COc2c(C3(N)CC3)c(F)cc3c(=O)c(C(=O)O)cn1c23,0.322219295,valid
N[C@@H]1CN(c2c(F)cc3c(=O)c(C(=O)O)cn([C@@H]4C[C@@H]4F)c3c2Cl)CC12CC2,0.819543936,valid
C[C@@H]1CN(c2c(F)c(N)c3c(=O)c(C(=O)O)cn(C4CC4)c3c2F)C[C@H](C)N1,1.301029996,valid
C[C@H]1CCc2c(N3CCC(O)CC3)c(F)cc3c(=O)c(C(=O)O)cn1c23,0.781036939,valid
CNn1cc(C(=O)O)c(=O)c2cc(F)c(N3CCN(C)CC3)cc21,0.668385917,valid
CCn1cc(C(=O)O)c(=O)c2cc(F)c(N3CCNCC3)nc21,0.707570176,valid
CN1CCN(c2c(F)cc3c(=O)c(C(=O)O)cn(CCF)c3c2F)CC1,0.934498451,valid
CO/N=C1\CN(c2nc3c(cc2F)c(=O)c(C(=O)O)cn3C2CC2)CC1CN,0.919078092,valid
CCn1cc(C(=O)O)c(=O)c2cc(F)c(N3CCN[C@@H](C)C3)c(F)c21,0.908485019,valid
CCn1cc(C(=O)O)c(=O)c2cc(F)c(N3CCNCC3)cc21,0.648360011,valid
CCn1cc(C(=O)O)c(=O)c2cc(F)c(N3CCN(C)CC3)cc21,1.041392685,valid
CCn1cc(C(=O)O)c(=O)c2cnc(N3CCNCC3)nc21,0.567026366,valid
N[C@@H]1[C@H]2CN(c3nc4c(cc3F)c(=O)c(C(=O)O)cn4-c3ccc(F)cc3F)C[C@@H]12,1.041392685,valid
O=C(C=Cc1ccc(O)c(O)c1)O[C@@H]1C[C@](OC(=O)C=Cc2ccc(O)c(O)c2)(C(=O)O)C[C@@H](O)[C@H]1O,0.136720567,valid
O=C(C=Cc1ccc(O)c(O)c1)O[C@@H]1[C@H](O)C[C@@](O)(C(=O)O)C[C@H]1OC(=O)C=Cc1ccc(O)c(O)c1,-0.244125144,valid
O=C(C=Cc1ccc(O)c(O)c1)O[C@@H]1C[C@](O)(C(=O)O)C[C@@H](OC(=O)C=Cc2ccc(O)c(O)c2)[C@H]1O,0.501059262,valid
CN(C)CCc1c[nH]c2ccc(CS(=O)(=O)N3CCCC3)cc12,0.531478917,valid
CNS(=O)(=O)Cc1ccc2[nH]cc(CCCN3CCN(c4ncncc4OC)CC3)c2c1,0.720985744,valid
CN1CCC[C@@H]1Cc1c[nH]c2ccc(CCS(=O)(=O)c3ccccc3)cc12,0.62324929,valid
COc1ccc2[nH]cc(CCNC(C)=O)c2c1,0.041392685,valid
CNS(=O)(=O)CCc1ccc2[nH]cc(C3CCN(C)CC3)c2c1,0.819543936,valid
CN(C)CCc1c[nH]c2ccc(Cn3cncn3)cc12,0.342422681,valid
CNS(=O)(=O)Cc1ccc2[nH]cc(CCN(C)C)c2c1,0.230448921,valid
CN(C)CCc1c[nH]c2ccc(C[C@H]3COC(=O)N3)cc12,0.556302501,valid
CC1(C)O[C@@H]2[C@@H](CO[C@@]3(COS(N)(=O)=O)OC(C)(C)O[C@@H]23)O1,1.541579244,valid
CN(C)CCCO[C@@H]1[C@H]2OC(C)(C)O[C@H]2O[C@@H]1[C@H](O)CO,0.609594409,valid
OC[C@H](O)c1oc(O)c(O)c1O,1.056904851,valid
C[C@@H]1O[C@@H]1P(=O)(O)O,0.278753601,valid
CCCNC(=O)NS(=O)(=O)c1ccc(Cl)cc1,1.662757832,valid
CCCCNC(=O)NS(=O)(=O)c1ccc(C)cc1,0.84509804,valid
CCCNC(C)C(=O)Nc1c(C)csc1C(=O)OC,-0.008773924,valid
CCOC(=O)Nc1ccc(NCc2ccc(F)cc2)cc1N,0.954242509,valid
CCOC(=O)Nc1ccc(NCc2ccc(F)cc2)nc1N,0.929418926,valid
CCN(CC)CC(=O)Nc1c(C)cccc1C,0.204119983,valid
CCOc1ccc(NC(C)=O)cc1,-0.036212173,valid
CC(NCc1ccc(OCc2cccc(F)c2)cc1)C(N)=O,1.335858911,valid
CCCNC(C)C(=O)Nc1ccccc1C,0.255272505,valid
Cc1cccc(C)c1NC(=O)NCCCNC(C)C,0.698970004,valid
Cc1cccc(C)c1NC(=O)C(C)N,1.079181246,valid
CC[C@H](C)C(NC(=O)C(CCC(=O)O)NC(=O)C(CCC(=O)O)NC(=O)C(Cc1ccccc1)NC(=O)C(CC(=O)O)NC(=O)CNC(=O)C(CC(N)=O)NC(=O)CNC(=O)CNC(=O)CNC(=O)CNC(=O)C1CCCN1C(=O)C(CCCN=C(N)N)NC(=O)C1CCCN1C(=O)C(N)Cc1ccccc1)C(=O)N1CCCC1C(=O)NC(CCC(=O)O)C(=O)NC(CCC(=O)O)C(=O)NC(Cc1ccc(O)cc1)C(=O)NC(CC(C)C)C(=O)O,-0.37675071,test
CC[C@H](C)C(NC(=O)C(C)NC(=O)C(NC(=O)C(CCC(N)=O)NC(=O)C1CCCN1C(=O)C(Cc1ccccc1)NC(=O)C(NC(=O)C(Cc1c[nH]cn1)NC(=O)C(Cc1ccccc1)NC(=O)C(CCCCN)NC(=O)C(CC(N)=O)NC(=O)C(Cc1ccccc1)NC(=O)C(CC(=O)O)NC(=O)C(CCC(N)=O)NC(=O)C(NC(=O)C(Cc1ccc(O)cc1)NC(=O)C(NC(=O)CNC(=O)C(CC(C)C)NC(=O)C(CCSC)NC(=O)C(CS)NC(=O)C(NC(=O)C(CO)NC(=O)C(CC(C)C)NC(=O)C(CC(N)=O)NC(=O)CNC(=O)C(N)CS)[C@@H](C)O)[C@@H](C)O)[C@@H](C)O)[C@@H](C)O)[C@@H](C)O)C(=O)NCC(=O)NC(C(=O)NCC(=O)NC(C)C(=O)N1CCCC1C(N)=O)C(C)C,-0.086186148,test
CC[C@H](C)C(NC(=O)C(CC(C)C)NC(=O)C(CO)NC(=O)C(Cc1c[nH]cn1)NC(=O)C(NC(=O)C(CC(C)C)NC(=O)C(CO)NC(=O)C(NC(=O)C(Cc1ccc(O)cc1)NC(C)=O)[C@@H](C)O)[C@@H](C)CC)C(=O)NC(CCC(=O)O)C(=O)NC(CCC(=O)O)C(=O)NC(CO)C(=O)NC(CCC(N)=O)C(=O)NC(CC(N)=O)C(=O)NC(CCC(N)=O)C(=O)NC(CCC(N)=O)C(=O)NC(CCC(=O)O)C(=O)NC(CCCCN)C(=O)NC(CC(N)=O)C(=O)NC(CCC(=O)O)C(=O)NC(CCC(N)=O)C(=O)NC(CCC(=O)O)C(=O)NC(CC(C)C)C(=O)NC(CC(C)C)C(=O)NC(CCC(=O)O)C(=O)NC(CC(C)C)C(=O)NC(CC(=O)O)C(=O)NC(CCCCN)C(=O)NC(Cc1c[nH]c2ccccc12)C(=O)NC(C)C(=O)NC(CO)C(=O)NC(CC(C)C)C(=O)NC(Cc1c[nH]c2ccccc12)C(=O)NC(CC(N)=O)C(=O)NC(Cc1c[nH]c2ccccc12)C(=O)NC(Cc1ccccc1)C(N)=O,0.602059991,test
CCCCCCCCCCCCCCCC(=O)NC(CCC(=O)NCCCCC(NC(=O)C(C)NC(=O)C(C)NC(=O)C(CCC(N)=O)NC(=O)CNC(=O)C(CCC(=O)O)NC(=O)C(CC(C)C)NC(=O)C(Cc1ccc(O)cc1)NC(=O)C(CO)NC(=O)C(CO)NC(=O)C(NC(=O)C(CC(=O)O)NC(=O)C(CO)NC(=O)C(NC(=O)C(Cc1ccccc1)NC(=O)C(NC(=O)CNC(=O)C(CCC(=O)O)NC(=O)C(C)NC(=O)C(N)Cc1c[nH]cn1)[C@@H](C)O)[C@@H](C)O)C(C)C)C(=O)NC(CCC(=O)O)C(=O)NC(Cc1ccccc1)C(=O)NC(C(=O)NC(C)C(=O)NC(Cc1c[nH]c2ccccc12)C(=O)NC(CC(C)C)C(=O)NC(C(=O)NC(CCCNC(=N)N)C(=O)NCC(=O)NC(CCCNC(=N)N)C(=O)NCC(=O)O)C(C)C)[C@@H](C)CC)C(=O)O,0.908485019,test
CC[C@H](C)C1NC(=O)C(CCCN=C(N)N)NC(=O)C(CC(=O)O)NC(=O)C(CCSC)NC(=O)C(CCCCN)NC(=O)C(CCCNC(=N)N)NC(=O)CNC(=O)C(Cc2ccccc2)NC(=O)C(NC(=O)CNC(=O)C(CO)NC(=O)CNC(=O)C(CCC(N)=O)NC(=O)C(NC(=O)C(CCSC)NC(=O)C(CCCCN)NC(=O)C2CCCN2C(=O)C(N)CO)C(C)C)CSSCC(C(=O)NC(CCCCN)C(=O)NC(C(=O)NC(CC(C)C)C(=O)NC(CCCNC(=N)N)C(=O)NC(CCCNC(=N)N)C(=O)NC(Cc2c[nH]cn2)C(=O)O)C(C)C)NC(=O)CNC(=O)C(CC(C)C)NC(=O)CNC(=O)C(CO)NC(=O)C(CO)NC(=O)C(CO)NC(=O)C(CO)NC1=O,-0.522878745,test
CC[C@H](C)C(NC(=O)C1CCCN1C(=O)CNC(=O)C(Cc1ccccc1)NC(=O)C(CC(N)=O)NC(=O)C(CC(N)=O)NC(=O)C(CO)NC(=O)C(CO)NC(=O)C(Cc1c[nH]cn1)NC(=O)C(NC(=O)C(CC(C)C)NC(=O)C(Cc1ccccc1)NC(=O)C(CC(N)=O)NC(=O)C(C)NC(=O)C(CC(C)C)NC(=O)C(CCCNC(=N)N)NC(=O)C(CCC(N)=O)NC(=O)C(NC(=O)C(C)NC(=O)C(CS)NC(=O)C(NC(=O)C(C)NC(=O)C(NC(=O)C(CC(N)=O)NC(=O)C(CS)NC(=O)C(N)CCCCN)[C@@H](C)O)[C@@H](C)O)[C@@H](C)O)C(C)C)C(=O)NC(CC(C)C)C(=O)N1CCCC1C(=O)N1CCCC1C(=O)NC(C(=O)NC(CC(N)=O)C(=O)NC(C(=O)NCC(=O)NC(CO)C(=O)NC(CC(N)=O)C(=O)NC(C(=O)NC(Cc1ccc(O)cc1)C(N)=O)[C@@H](C)O)C(C)C)[C@@H](C)O,-0.22184875,test
CC(C)CC(NC(=O)CNC(=O)C(CCC(N)=O)NC(=O)C(CC(C)C)NC(=O)C(CC(C)C)NC(=O)C(CCCN=C(N)N)NC(=O)C(CCC(N)=O)NC(=O)C(CC(C)C)NC(=O)C(CCCNC(=N)N)NC(=O)C(C)NC(=O)CNC(=O)C(CCC(=O)O)NC(=O)C(CCCNC(=N)N)NC(=O)C(CC(C)C)NC(=O)C(CCCNC(=N)N)NC(=O)C(CO)NC(=O)C(CC(C)C)NC(=O)C(CCC(=O)O)NC(=O)C(CO)NC(=O)C(NC(=O)C(Cc1ccccc1)NC(=O)C(NC(=O)CNC(=O)C(CC(=O)O)NC(=O)C(CO)NC(=O)C(N)Cc1cnc[nH]1)[C@@H](C)O)[C@@H](C)O)C(=O)NC(C(N)=O)C(C)C,0.382017043,test
CC(C)CC(NC(=O)CNC(=O)C(CCC(N)=O)NC(=O)C(CC(C)C)NC(=O)C(CC(C)C)NC(=O)C(CCCN=C(N)N)NC(=O)C(CCC(N)=O)NC(=O)C(CC(C)C)NC(=O)C(CCCNC(=N)N)NC(=O)C(C)NC(=O)C(CO)NC(=O)C(CC(=O)O)NC(=O)C(CCCNC(=N)N)NC(=O)C(CC(C)C)NC(=O)C(CCCNC(=N)N)NC(=O)C(CO)NC(=O)C(CC(C)C)NC(=O)C(CCC(=O)O)NC(=O)C(CO)NC(=O)C(NC(=O)C(Cc1ccccc1)NC(=O)C(NC(=O)CNC(=O)C(CC(=O)O)NC(=O)C(CO)NC(=O)C(N)Cc1ncc[nH]1)[C@@H](C)O)[C@@H](C)O)C(=O)NC(C(=O)O)C(C)C,-0.886056648,test
CC[C@@H](C)C(NC(=O)C(C)NC(=O)C(CC(=O)O)NC(=O)C(C)NC(=O)C(N)Cc1ccc(O)cc1)C(=O)NC(Cc1ccccc1)C(=O)NC(C(=O)NC(CC(N)=O)C(=O)NC(CO)C(=O)NC(Cc1ccc(O)cc1)C(=O)NC(CCCN=C(N)N)C(=O)NC(CCCCN)C(=O)NC(C(=O)NC(CC(C)C)C(=O)NCC(=O)NC(CCC(N)=O)C(=O)NC(CC(C)C)C(=O)NC(CO)C(=O)NC(C)C(=O)NC(CCCNC(=N)N)C(=O)NC(CCCCN)C(=O)NC(CC(C)C)C(=O)NC(CC(C)C)C(=O)NC(CCC(N)=O)C(=O)NC(CC(=O)O)C(=O)NC(C(=O)NC(CCSC)C(=O)NC(CO)C(=O)NC(CCCNC(=N)N)C(N)=O)[C@H](C)CC)C(C)C)[C@@H](C)O,-0.721246399,test
CC[C@H](C)C(NC(=O)C1CCCN1C(=O)C(NC(=O)C(N)Cc1ccccc1)C(C)C)C(=O)NC(Cc1ccccc1)C(=O)NC(C(=O)NC(Cc1ccc(O)cc1)C(=O)NCC(=O)NC(CCC(=O)O)C(=O)NC(CC(C)C)C(=O)NC(CCC(N)=O)C(=O)NC(CCCN=C(N)N)C(=O)NC(CC(C)C)C(=O)NC(CCC(N)=O)C(=O)NC(CCC(=O)O)C(=O)NC(CCCCN)C(=O)NC(CCC(=O)O)C(=O)NC(CCCNC(=N)N)C(=O)NC(CC(N)=O)C(=O)NC(CCCCN)C(=O)NCC(=O)NC(CCC(N)=O)C(=O)NC(CCO)C(=O)O)[C@@H](C)O,-1.096910013,test
CC[C@H](C)C(NC(=O)C(CCC(N)=O)NC(=O)C(C)NC(=O)C(CCSC)NC(=O)C(CC(C)C)NC(=O)C(Cc1c[nH]cn1)NC(=O)C(C)NC(=O)C(CC(N)=O)NC(=O)C(C)NC(=O)C(C)NC(=O)C(C)NC(=O)C(CCC(N)=O)NC(=O)C(C)NC(=O)C(CCCN=C(N)N)NC(=O)C(CC(C)C)NC(=O)C(CC(N)=O)NC(=O)C(CCCCN)NC(=O)C(C)NC(=O)C(CCCCN)NC(=O)C(C)NC(=O)C(NC(=O)C(CC(N)=O)NC(=O)C(Cc1ccccc1)NC(=O)C(CC(C)C)NC(=O)C(CC(C)C)NC(=O)C(CC(N)=O)NC(=O)C(CCSC)NC(=O)C(NC(=O)C(CC(N)=O)NC(=O)C(NC(=O)C1CCCN1C(=O)C(NC(=O)C(CC(=O)O)NC(=O)C(CC(C)C)NC(=O)C(CO)NC(=O)C(CC(C)C)NC(=O)C(NC(=O)C(Cc1ccccc1)NC(=O)C(CCCCN)NC(=O)C(N)[C@@H](C)O)[C@@H](C)O)C(C)C)[C@@H](C)O)[C@@H](C)CC)[C@@H](C)CC)C(N)=O,0.602059991,test
CC[C@@H](C)C(NC(=O)C(CCC(=O)O)NC(=O)C(CO)NC(=O)C(NC(=O)C(N)CO)C(C)C)C(=O)NC(CCC(N)=O)C(=O)NC(CC(C)C)C(=O)NC(CCSC)C(=O)NC(Cc1c[nH]cn1)C(=O)NC(CC(N)=O)C(=O)NC(CC(C)C)C(=O)NCC(=O)NC(CCCCN)C(=O)NC(Cc1c[nH]cn1)C(=O)NC(CC(C)C)C(=O)NC(CC(N)=O)C(=O)NC(CO)C(=O)NC(CCSC)C(=O)NC(CCC(=O)O)C(=O)NC(CCCN=C(N)N)C(=O)NC(C(=O)NC(CCC(=O)O)C(=O)NC(Cc1c[nH]c2ccccc12)C(=O)NC(CC(C)C)C(=O)NC(CCCNC(=N)N)C(=O)NC(CCCCN)C(=O)NC(CCCCN)C(=O)NC(CC(C)C)C(=O)NC(CCC(N)=O)C(=O)NC(CC(=O)O)C(=O)NC(C(=O)NC(Cc1c[nH]cn1)C(=O)NC(CC(N)=O)C(=O)NC(Cc1ccccc1)C(=O)O)C(C)C)C(C)C,-0.853871964,test
CC(C)CC(NC(=O)C(Cc1ccccc1)NC(=O)C1CCCN1C(=O)C(CCC(N)=O)NC(=O)C(NC(=O)C1CCCN1C(=O)C(CCCN=C(N)N)NC(=O)C(CO)NC(=O)C(CCC(N)=O)NC(=O)C(N)CC(=O)O)C(C)C)C(=O)NC(CC(N)=O)C(=O)NC(CC(C)C)C(=O)NC(C(=O)NC(C(=O)N1CCCC1C(=O)NC(CCCNC(=N)N)C(=O)NC(CCCCN)C(=O)N1CCCC1C(=O)NC(CCCNC(=N)N)C(=O)N1CCCC1C(=O)N1CCCC1C(=O)NC(CCCNC(=N)N)C(=O)NC(CCCNC(=N)N)C(=O)NC(CCCNC(=N)N)C(=O)NC(CCC(N)=O)C(=O)NC(CCCNC(=N)N)C(=O)NC(CCCNC(=N)N)C(=O)NC(CCCCN)C(=O)NC(CCCCN)C(=O)NC(CCCNC(=N)N)C(=O)NCC(=O)O)[C@H](C)O)[C@H](C)O,-0.244125144,test
CON=C(C(=O)NC1C(=O)N2C(C(=O)O)=C(C[N+]34CCC(C(N)=O)(CC3)CC4)CSC12)c1nsc(N)n1,0.342422681,test
CON=C(C(=O)NC1C(=O)N2C(C(=O)[O-])=C(C[N+]3(C)CCCC3)CS[C@H]12)c1csc(N)n1,0.278753601,test
CON=C(C(=O)NC1C(=O)N2C(C(=O)O)=C(C)CS[C@H]12)c1csc(N)n1,0.322219295,test
CON=C(C(=O)NC1C(=O)N2C(C(=O)O)=C(CSc3nnnn3C)CS[C@H]12)c1csc(N)n1,-0.050609993,test
CON=C(C(=O)NC1C(=O)N2C(C(=O)O)=C(CSc3nc(C)c(CC(=O)O)s3)CS[C@H]12)c1csc(N)n1,0.62324929,test
CON=C(C(=O)NC1C(=O)N2C(C(=O)[O-])=C(C[n+]3ccc(N)n3CCO)CS[C@H]12)c1csc(N)n1,0.462397998,test
CON=C(C(=O)NC1C(=O)N2C(C(=O)O)=C(COC(C)=O)CS[C@H]12)c1csc(N)n1,0.079181246,test
CON=C(C(=O)NC1C(=O)N2C(C(=O)O)=C(CN3C=CN4NC=CC=C34)CS[C@H]12)c1nsc(N)n1,0.230448921,test
CON=C(C(=O)NC1C(=O)N2C(C(=O)[O-])=C(C[n+]3cccc4c3CCC4)CS[C@H]12)c1csc(N)n1,0.230448921,test
CC(C)(ON=C(C(=O)NC1C(=O)N2C(C(=O)[O-])=C(C[n+]3ccccc3)CS[C@H]12)c1csc(N)n1)C(=O)O,0.255272505,test
CON=C(C(=O)NC1C(=O)N2C(C(=O)O)=CCS[C@H]12)c1csc(N)n1,0.176091259,test
CON=C(C(=O)NC1C(=O)N2C(C(=O)O)=C(CSc3nc(=O)c(=O)[nH]n3C)CS[C@H]12)c1csc(N)n1,0.880813592,test
CON=C(C(=O)NC1C(=O)N2C(C(=O)O)=C(CSc3cnns3)CS[C@H]12)c1csc(N)n1,0.056904851,test
CON=C(C(=O)NC1C(=O)N2C(C(=O)[O-])=C(C[n+]3ccc(-c4cnco4)cc3)CS[C@H]12)c1csc(N)n1,0.250420002,test
Nc1nc(C(=NO)C(=O)NC2C(=O)N3C(C(=O)O)=C(C=C4CCN(CC(F)(F)F)C4=O)CS[C@H]23)cs1,0.579783597,test
NC12CC3CC(CC(C3)C1)C2,1.204119983,test
O=P(O)(O)C(Cl)(Cl)P(=O)(O)O,1.635483747,test
N#CN,-0.366531544,test
O=P1(N(CCCl)CCCl)NCCCO1,0.903089987,test
NC(O)=NO,0.531478917,test
O=[N+]([O-])O[C@H]1CO[C@H]2[C@@H]1OC[C@H]2O[N+](=O)[O-],0.230448921,test
O=[N+]([O-])O[C@H]1CO[C@H]2[C@@H]1OC[C@H]2O,0.278753601,test
O=[N+]([O-])O[C@@H]1CO[C@H]2[C@@H]1OC[C@@H]2O,0.612783857,test
OC[C@@H](O)[C@@H](O)[C@H](O)[C@H](O)CO,0.672097858,test
O=S(=O)(O)CCS,-0.443697499,test
CN(C)C(N)=NC(=N)N,0.230448921,test
O=[N+]([O-])OCC(CO[N+](=O)[O-])O[N+](=O)[O-],0.653212514,test
FC(F)(F)C(F)(F)C(F)(F)F,-1.698970004,test
C1COC(=NC(C2CC2)C2CC2)N1,0.919078092,test
S=P(N1CC1)(N1CC1)N1CC1,0.431363764,test
O[C@@H]1[C@@H](O)[C@@H](O)OC[C@H]1O,0.079181246,test
COC(=O)C1(OC(=O)c2cncn2[C@H](C)c2ccccc2)CC1,-0.619788758,test
C[C@H]1CN(CC(Cc2ccccc2)C(=O)NCC(=O)O)CC[C@@]1(C)c1cccc(O)c1,0.72427587,test
CN1[C@@H]2CC[C@H]1C[C@@H](OC(=O)C(CO)c1ccccc1)C2,0.612783857,test
CC(C)(C(=O)O)c1ccc(C(=O)CCCN2CCC(OC(c3ccccc3)c3ccccc3)CC2)cc1,0.991226076,test
CC(C)[N@+]1(C)[C@H]2CC[C@H]1C[C@H](OC(=O)C(c1ccccc1)C1CCCC1)C2,0.51851394,test
O=C(O)C(CCc1ccccc1)NC1CCCN2CCCC(C(=O)O)N2C1=O,1.704150517,test
C[N+]1(CC2CC2)[C@@H]2C[C@@H](OC(=O)C(CO)c3ccccc3)C[C@H]1[C@@H]1O[C@@H]12,-0.080921908,test
CCOC(=O)C1[C@@H](OC(=O)c2ccccc2)C[C@@H]2CC[C@H]1N2C,0.176091259,test
COC(=O)C1[C@@H](OC(=O)c2ccccc2)C[C@@H]2CC[C@H]1N2C,-0.119186408,test
COC(=O)C(c1ccccc1)[C@H]1CCCCN1,0.903089987,test
C[C@H](CN1CCOCC1)C(C(=O)N1CCCC1)(c1ccccc1)c1ccccc1,0.50242712,test
CC(NC(CCc1ccccc1)C(=O)O)C(=O)N1CCCC1C(=O)O,1.591064607,test
CCOC(=O)c1cncn1[C@H](C)c1ccccc1,0.544068044,test
CCC(=O)N(c1ccccc1)C1CCN(CCc2ccccc2)CC1,0.477121255,test
CN1[C@@H]2CCC[C@H]1C[C@@H](NC(=O)c1nn(C)c3ccccc13)C2,0.716003344,test
CC(C(O)c1ccc(O)cc1)N1CCC(Cc2ccccc2)CC1,0.635483747,test
CC(C(=O)O)c1ccc(N2Cc3ccccc3C2=O)cc1,0.324282455,test
O=C(NC1CCN(CCc2c[nH]c3ccccc23)CC1)c1ccccc1,0.633468456,test
CC(C)[N+]1(C)[C@@H]2CC[C@H]1CC(OC(=O)C(CO)c1ccccc1)C2,0.214843848,test
CC(C)N1CCC(N(C(=O)Cc2ccccc2)c2ccc(Cl)cc2)CC1,0.812913357,test
Cc1nnc(C(C)C)n1C1C[C@H]2CC[C@@H](C1)N2CC[C@@H](NC(=O)C1CCC(F)(F)CC1)c1ccccc1,1.10720997,test
CCOC(=O)C1(c2ccccc2)CCN(C)CC1,0.897627091,test
COC(=O)C(c1ccccc1)C1CCCCN1,0.681241237,test
CCN(CC)C(=O)[C@]1(c2ccccc2)C[C@@H]1CN,0.811575006,test
CCOC(=O)C(CCc1ccccc1)NC(C)C(=O)N1Cc2cc(OC)c(OC)cc2CC1C(=O)O,0.113943352,test
CC(C)C1CCC(C(=O)NC(Cc2ccccc2)C(=O)O)CC1,0.176091259,test
CCOC(=O)[C@]1(c2ccccc2)CCC=C[C@H]1NC,0.643452676,test
CCN(CC)CC#CCOC(=O)C(O)(c1ccccc1)C1CCCCC1,0.857332496,test
CCOC(=O)C1(c2ccccc2)CCN(CCC(O)c2ccccc2)CC1,0.507855872,test
CCCOC(C(=O)OC1CCN(C)CC1)(c1ccccc1)c1ccccc1,1.181843588,test
CC(NC(CCc1ccccc1)C(=O)O)C(=O)N1Cc2ccccc2CC1C(=O)O,0.361727836,test
CCC(=O)N(c1ccccc1)C1(C(=O)OC)CCN(CCC(=O)OC)CC1,-0.096910013,test
CCCN1CCCCC1C(=O)Nc1c(C)cccc1C,0.342422681,test
CCCCCCN1CCC(C(=O)N(C)CC)(c2ccccc2)CC1,0.556302501,test
CN1[C@@H]2C[C@@H](OC(=O)C(CO)c3ccccc3)C[C@H]1[C@@H]1O[C@@H]12,0.653212514,test
CCOC(=O)C(CCc1ccccc1)NC(C)C(=O)N1CC2(CC1C(=O)O)SCCS2,0.934498451,test
CCOC(=O)[C@]1(c2ccccc2)CCC=C[C@H]1N(C)C,0.698970004,test
CCOC(=O)C(CCc1ccccc1)NC(C)C(=O)N1C(C(=O)O)C[C@H]2CCCC[C@H]21,-0.585026652,test
CN1[C@@H]2CC[C@H]1C[C@@H](OC(=O)c1c[nH]c3ccccc13)C2,0.748188027,test
CC(C)(C)NCC(O)c1ccc(O)c(CO)c1,0.380211242,test
CN(C)C(=O)Oc1cc(OC(=O)N(C)C)cc(C(O)CNC(C)(C)C)c1,0.414973348,test
CCNCC(O)c1cccc(O)c1,0.342422681,test
CC(Cc1ccc(O)cc1)NCC(O)c1cc(O)cc(O)c1,-0.060480747,test
CC(C)NCC(O)c1ccc(O)c(O)c1,-0.387216143,test
CC(C)NCC(O)c1cc(O)cc(O)c1,0.80685803,test
CC(C)(C)NCC(O)c1cc(O)cc(O)c1,1.176091259,test
CSCCC(N)C(=O)NC(CCC(=O)O)C(=O)NC(Cc1c[nH]cn1)C(=O)NC(Cc1ccccc1)C(=O)NC(CCCN=C(N)N)C(=O)NC(Cc1c[nH]c2ccccc12)C(=O)NCC(=O)O,-1.22184875,test
CC(NC(=O)C(Cc1c[nH]c2ccccc12)NC(=O)C(N)Cc1c[nH]cn1)C(=O)NC(Cc1c[nH]c2ccccc12)C(=O)NC(Cc1ccccc1)C(=O)NC(CCCCN)C(N)=O,0.390935107,test
CCNC(=O)C1CCCN1C(=O)C(CCCN=C(N)N)NC(=O)C(CC(C)C)NC(=O)C(CC(C)C)NC(=O)C(Cc1ccc(O)cc1)NC(=O)C(CO)NC(=O)C(Cc1c[nH]c2ccccc12)NC(=O)C(Cc1c[nH]cn1)NC(=O)C1CCC(=O)N1,0.462397998,test
CC(C)CC(NC(=O)C(Cc1ccc2ccccc2c1)NC(=O)C(Cc1ccc(O)cc1)NC(=O)C(CO)NC(=O)C(Cc1c[nH]c2ccccc12)NC(=O)C(Cc1c[nH]cn1)NC(=O)C1CCC(=O)N1)C(=O)NC(CCCN=C(N)N)C(=O)N1CCCC1C(=O)NCC(N)=O,0.544068044,test
CC(C)CC(NC(=O)C(Cc1c[nH]c2ccccc12)NC(=O)C(Cc1ccc(O)cc1)NC(=O)C(CO)NC(=O)C(Cc1c[nH]c2ccccc12)NC(=O)C(Cc1c[nH]cn1)NC(=O)C1CCC(=O)N1)C(=O)NC(CCCN=C(N)N)C(=O)N1CCCC1C(=O)NCC(N)=O,0.44870632,test
COc1cccc2c1C(=O)c1c(O)c3c(c(O)c1C2=O)C[C@@](O)(C(=O)COC(=O)CCCC(=O)NCCCCC(NC(=O)C(Cc1ccc(O)cc1)NC(=O)C(CO)NC(=O)C(Cc1c[nH]c2ccccc12)NC(=O)C(Cc1c[nH]cn1)NC(=O)C1CCC(=O)N1)C(=O)NC(CC(C)C)C(=O)NC(CCCNC(=N)N)C(=O)N1CCCC1C(=O)NCC(N)=O)C[C@@H]3O[C@H]1C[C@H](N)[C@H](O)[C@H](C)O1,0.305351369,test
CNC1C(=O)NC2Cc3ccc(cc3)Oc3cc4cc(c3O[C@@H]3OC(C(=O)O)[C@@H](O)[C@H](O)[C@H]3NC(=O)CCCCCCCCC(C)C)Oc3ccc(cc3Cl)[C@@H](O)C3NC(=O)C(NC(=O)C4NC(=O)C(NC2=O)c2cc(cc(O)c2Cl)Oc2cc1ccc2O)c1ccc(O)c(c1)-c1c(O[C@H]2O[C@H](CO)[C@@H](O)[C@H](O)[C@@H]2O)cc(O)cc1C(C(=O)NCCCN(C)C)NC3=O,2.230448921,test
CNC(CC(C)C)C(=O)NC1C(=O)NC(CC(N)=O)C(=O)NC2C(=O)NC3C(=O)NC(C(=O)NC(C(=O)O)c4cc(O)cc(O)c4-c4cc3ccc4O)[C@H](O[C@H]3C[C@](C)(N)[C@@H](O)[C@H](C)O3)c3ccc(c(Cl)c3)Oc3cc2cc(c3O[C@@H]2O[C@H](CO)[C@@H](O)[C@H](O)[C@H]2O[C@H]2C[C@](C)(NCc3ccc(-c4ccc(Cl)cc4)cc3)[C@@H](O)[C@H](C)O2)Oc2ccc(cc2Cl)[C@H]1O,1.983175072,test
CCCCC/C=C\CCC(=O)N[C@H]1[C@H](Oc2c3cc4cc2Oc2ccc(cc2Cl)[C@@H](O[C@@H]2O[C@H](CO)[C@@H](O)[C@H](O)[C@H]2NC(C)=O)C2NC(=O)C(NC(=O)C4NC(=O)C4NC(=O)C(Cc5ccc(c(Cl)c5)O3)NC(=O)C(N)c3ccc(O)c(c3)Oc3cc(O)cc4c3)c3ccc(O)c(c3)-c3c(O[C@H]4O[C@H](CO)[C@@H](O)[C@H](O)[C@@H]4O)cc(O)cc3C(C(=O)O)NC2=O)O[C@H](CO)[C@H](O)[C@@H]1O,1.682145076,test
CC(=O)N[C@H]1[C@H](O[C@@H]2c3ccc(c(Cl)c3)Oc3cc4cc(c3O[C@@H]3O[C@H](CO)[C@H](O)[C@H](O)[C@H]3NC(=O)CCCCCCC(C)C)Oc3ccc(cc3Cl)CC3NC(=O)C(N)c5ccc(O)c(c5)Oc5cc(O)cc(c5)C(NC3=O)C(=O)NC4C(=O)NC3C(=O)NC2C(=O)NC(C(=O)O)c2cc(O)cc(O[C@H]4O[C@H](CO)[C@@H](O)[C@H](O)[C@@H]4O)c2-c2cc3ccc2O)O[C@H](CO)[C@@H](O)[C@@H]1O,1.733999287,test
CCCCCCCCCC(=O)N[C@H]1[C@H](Oc2c3cc4cc2Oc2ccc(cc2Cl)[C@@H](O[C@@H]2O[C@H](CO)[C@@H](O)[C@H](O)[C@H]2NC(C)=O)C2NC(=O)C(NC(=O)C4NC(=O)C4NC(=O)C(Cc5ccc(c(Cl)c5)O3)NC(=O)C(N)c3ccc(O)c(c3)Oc3cc(O)cc4c3)c3ccc(O)c(c3)-c3c(O[C@H]4O[C@H](CO)[C@@H](O)[C@H](O)[C@@H]4O)cc(O)cc3C(C(=O)O)NC2=O)O[C@H](CO)[C@H](O)[C@@H]1O,1.692846919,test
CC[C@@H](C)CCCCCCC(=O)N[C@H]1[C@H](Oc2c3cc4cc2Oc2ccc(cc2Cl)[C@@H](O[C@@H]2O[C@H](CO)[C@@H](O)[C@H](O)[C@H]2NC(C)=O)C2NC(=O)C(NC(=O)C4NC(=O)C4NC(=O)C(Cc5ccc(c(Cl)c5)O3)NC(=O)C(N)c3ccc(O)c(c3)Oc3cc(O)cc4c3)c3ccc(O)c(c3)-c3c(O[C@H]4O[C@H](CO)[C@@H](O)[C@H](O)[C@@H]4O)cc(O)cc3C(C(=O)O)NC2=O)O[C@H](CO)[C@H](O)[C@@H]1O,1.764176132,test
CC(=O)N[C@H]1[C@H](O[C@@H]2c3ccc(c(Cl)c3)Oc3cc4cc(c3O[C@@H]3O[C@H](CO)[C@H](O)[C@H](O)[C@H]3NC(=O)CCCCCCCC(C)C)Oc3ccc(cc3Cl)CC3NC(=O)C(N)c5ccc(O)c(c5)Oc5cc(O)cc(c5)C(NC3=O)C(=O)NC4C(=O)NC3C(=O)NC2C(=O)NC(C(=O)O)c2cc(O)cc(O[C@H]4O[C@H](CO)[C@@H](O)[C@H](O)[C@@H]4O)c2-c2cc3ccc2O)O[C@H](CO)[C@@H](O)[C@@H]1O,1.824776462,test
CCCCCCCCCCNCCN[C@@]1(C)C[C@H](O[C@H]2[C@H](Oc3c4cc5cc3Oc3ccc(cc3Cl)[C@@H](O)C3NC(=O)C(NC(=O)C5NC(=O)C(CC(N)=O)NC(=O)C(NC(=O)C(CC(C)C)NC)[C@H](O)c5ccc(c(Cl)c5)O4)c4ccc(O)c(c4)-c4c(cc(O)c(CNCP(=O)(O)O)c4O)C(C(=O)O)NC3=O)O[C@H](CO)[C@@H](O)[C@@H]2O)O[C@@H](C)[C@H]1O,0.826074803,test
CNC(CC(C)C)C(=O)NC1C(=O)NC(CC(N)=O)C(=O)NC2C(=O)NC3C(=O)NC(C(=O)NC(C(=O)O)c4cc(O)cc(O)c4-c4cc3ccc4O)[C@H](O)c3ccc(c(Cl)c3)Oc3cc2cc(c3O[C@@H]2O[C@H](CO)[C@@H](O)[C@H](O)[C@H]2O[C@H]2C[C@](C)(N)[C@H](O)[C@H](C)O2)Oc2ccc(cc2Cl)[C@H]1O,0.812913357,test
CN(C)CCCN1c2ccccc2Sc2ccc(Cl)cc21,1.041392685,test
CN(C)CCCN1c2ccccc2CCc2ccc(Cl)cc21,1.414973348,test
CNCCCN1c2ccccc2CCc2ccccc21,1.342422681,test
OCCN1CCN(CCCN2c3ccccc3Sc3ccc(C(F)(F)F)cc32)CC1,1.089905111,test
CN(C)CCCN1c2ccccc2CCc2cc(O)ccc21,1.0,test
CN(C)CCCN1c2ccccc2CCc2ccccc21,1.204119983,test
C[N+](C)([O-])CCCN1c2ccccc2CCc2ccccc21,0.255272505,test
COc1ccc2c(c1)N(C[C@H](C)CN(C)C)c1ccccc1S2,1.477121255,test
OCCN1CCN(CCCN2c3ccccc3Sc3ccc(Cl)cc32)CC1,0.973127854,test
CN1CCN(CCCN2c3ccccc3Sc3ccc(Cl)cc32)CC1,0.954242509,test
CN(C)CCCN1c2ccccc2Sc2ccccc21,0.897627091,test
CC(CN1c2ccccc2Sc2ccccc21)N(C)C,1.146128036,test
CC(CN(C)C)CN1c2ccccc2CCc2ccccc21,1.361727836,test
C[C@@H](N)[C@H]1CC[C@@H](N)[C@@H](O[C@@H]2[C@@H](N)[C@@H](O)[C@@H](O)[C@@H](N(C)C(=O)CN)[C@H]2O)O1,0.462397998,test
C[C@H]1O[C@H](O[C@H]2[C@H](O)[C@@H](O)[C@@H](OC(C(=O)C(O)CO)[C@H](O)CO)O[C@@H]2CO)[C@H](O)[C@@H](O)[C@@H]1N[C@H]1C=C(CO)[C@@H](O)[C@H](O)[C@H]1O,0.431363764,test
NCCC(O)C(=O)N[C@@H]1C[C@H](N)[C@@H](O[C@H]2O[C@H](CN)[C@@H](O)[C@H](O)[C@H]2O)[C@H](O)[C@H]1O[C@H]1O[C@H](CO)[C@@H](O)[C@H](N)[C@H]1O,0.380211242,test
NCCC(O)C(=O)N[C@@H]1C[C@H](N)[C@@H](O[C@H]2O[C@H](CN)CC[C@H]2N)[C@H](O)[C@H]1O[C@H]1O[C@H](CO)[C@@H](O)[C@H](N)[C@H]1O,0.390935107,test
CC(C)(O)[C@@H]1CC[C@](C)([C@H]2[C@@H](O)C[C@@]3(C)[C@@H]4C[C@H](O[C@@H]5O[C@H](CO)[C@@H](O)[C@H](O)[C@H]5O)[C@H]5C(C)(C)[C@@H](O[C@@H]6OC[C@@H](O)[C@H](O)[C@H]6O)CC[C@@]56C[C@@]46CC[C@]23C)O1,0.423245874,test
CO[C@H]1[C@@H](O)[C@H](N)[C@@H](O[C@H]2O[C@H]([C@H](C)N)CC[C@H]2N)[C@H](O)[C@H]1N(C)C(=O)CN,0.301029996,test
NC[C@@H]1CC[C@@H](N)[C@@H](O[C@H]2[C@H](O)[C@@H](O[C@H]3O[C@H](CO)[C@@H](O)[C@H](N)[C@H]3O)[C@H](N)C[C@@H]2N)O1,0.380211242,test
CCCCCC/C=C\CCCCCCCCCC(=O)N[C@H]1[C@H](OC[C@H]2O[C@H](OP(=O)(O)O)[C@H](NC(=O)CC(=O)CCCCCCCCCCC)[C@@H](OCCCCCCCCCC)[C@@H]2O)O[C@H](COC)[C@@H](OP(=O)(O)O)[C@@H]1OCC[C@@H](CCCCCCC)OC,1.707570176,test
C/C=C(\C)C(=O)O[C@H]1[C@H](OC(C)=O)[C@]2(CO)[C@H](O)C[C@]3(C)C(=CC[C@@H]4[C@@]5(C)CC[C@H](O[C@@H]6OC(C(=O)O)[C@@H](O[C@@H]7O[C@H](CO)[C@@H](O)[C@H](O)[C@H]7O)[C@H](O)[C@H]6O[C@@H]6O[C@H](CO)[C@@H](O)[C@H](O)[C@H]6O)[C@](C)(CO)[C@@H]5CC[C@]43C)[C@@H]2CC1(C)C,0.380211242,test
C/C=C(/C)C(=O)O[C@H]1[C@H](OC(C)=O)[C@]2(CO)[C@H](O)C[C@]3(C)C(=CC[C@@H]4[C@@]5(C)CC[C@H](O[C@@H]6OC(C(=O)O)[C@@H](O[C@@H]7O[C@H](CO)[C@@H](O)[C@H](O)[C@H]7O)[C@H](O)[C@H]6O[C@@H]6O[C@H](CO)[C@@H](O)[C@H](O)[C@H]6O)[C@](C)(CO)[C@@H]5CC[C@]43C)[C@@H]2CC1(C)C,0.255272505,test
CO[C@H]1O[C@H](COS(=O)(=O)O)[C@@H](O[C@@H]2OC(C(=O)O)[C@@H](O[C@H]3O[C@H](COS(=O)(=O)O)[C@@H](O[C@@H]4OC(C(=O)O)[C@@H](O[C@H]5O[C@H](COS(=O)(=O)O)[C@@H](O)[C@H](O)[C@H]5NS(=O)(=O)O)[C@H](O)[C@H]4O)[C@H](OS(=O)(=O)O)[C@H]3NS(=O)(=O)O)[C@H](O)[C@H]2OS(=O)(=O)O)[C@H](O)[C@H]1NS(=O)(=O)O,1.285557309,test
CCCCCCCCCCCCC/C=C/[C@@H](O)[C@H](CO[C@@H]1O[C@H](CO)[C@@H](O[C@@H]2O[C@H](CO)[C@H](O[C@@H]3O[C@H](CO)[C@H](O)[C@H](O[C@@H]4O[C@H](CO)[C@H](O)[C@H](O)[C@H]4O)[C@H]3NC(C)=O)[C@H](OC[C@H](O)[C@H](O)[C@@H]3O[C@](O)(C(=O)O)C[C@H](O)[C@H]3NC(C)=O)[C@H]2O)[C@H](O)[C@H]1O)NC(=O)CCCCCCCCCCCCCCCCC,1.888740961,test
CN[C@@H]1[C@@H](O)[C@@H](O[C@@H]2[C@@H](O)[C@H](O[C@H]3O[C@H]([C@@H](C)N)CC[C@H]3N)[C@@H](N)C[C@H]2N)OC[C@]1(C)O,0.672097858,test
CC(C)=CCC[C@](C)(O[C@@H]1O[C@H](CO)[C@@H](O)[C@H](O)[C@H]1O)[C@H]1CC[C@]2(C)[C@@H]1[C@H](O)C[C@@H]1[C@@]3(C)CC[C@H](O[C@@H]4O[C@H](CO)[C@@H](O)[C@H](O)[C@H]4O[C@@H]4O[C@H](CO)[C@@H](O)[C@H](O)[C@H]4O)C(C)(C)[C@@H]3CC[C@]12C,1.267171728,test
O=P(NCCCl)(NCCCl)O[C@@H]1O[C@H](CO)[C@@H](O)[C@H](O)[C@H]1O,0.374748346,test
OC[C@H]1O[C@@H]2O[C@H]3[C@H](O)[C@@H](O)[C@@H](O[C@H]4[C@H](O)[C@@H](O)[C@@H](O[C@H]5[C@H](O)[C@@H](O)[C@@H](O[C@H]6[C@H](O)[C@@H](O)[C@@H](O[C@H]7[C@H](O)[C@@H](O)[C@@H](O[C@H]8[C@H](O)[C@@H](O)[C@@H](O[C@H]1[C@H](O)[C@H]2O)O[C@@H]8CO)O[C@@H]7CO)O[C@@H]6CO)O[C@@H]5CO)O[C@@H]4CO)O[C@@H]3CO,0.204119983,test
CN[C@@H]1[C@@H](O)[C@@H](O[C@@H]2[C@@H](O)[C@H](O[C@H]3O[C@H](CN)[C@@H](O)[C@H](O)[C@H]3O)[C@@H](N)C[C@H]2NC(=O)C(O)CN)OC[C@]1(C)O,1.380211242,test
NC[C@H]1O[C@H](O[C@H]2[C@H](O)[C@@H](O[C@H]3O[C@H](CO)[C@@H](O)[C@H](N)[C@H]3O)[C@H](N)C[C@@H]2N)[C@H](O)[C@@H](O)[C@@H]1O,0.322219295,test
CNC[C@@H]1CC[C@@H](N)[C@@H](O[C@@H]2[C@H](O)[C@@H](O[C@H]3OC[C@](C)(O)[C@H](NC)[C@H]3O)[C@H](N)C[C@@H]2N)O1,0.322219295,test
OCCN1C[C@H](O)[C@@H](O)[C@H](O)[C@H]1CO,0.361727836,test
CCN[C@@H]1C[C@H](N)[C@@H](O[C@H]2OC(CN)=CC[C@H]2N)[C@H](O)[C@H]1O[C@H]1OC[C@](C)(O)[C@H](NC)[C@H]1O,0.505149978,test
NC[C@H]1O[C@H](O[C@H]2[C@H](O[C@@H]3O[C@H](CO)[C@@H](O)[C@H]3O)[C@@H](O)[C@H](N)C[C@@H]2N)[C@H](N)[C@@H](O)[C@@H]1O,0.397940009,test
CN[C@@H]1[C@H](O[C@H]2[C@H](O[C@H]3[C@H](O)[C@@H](O)[C@H](N=C(N)N)[C@@H](O)[C@@H]3N=C(N)N)O[C@@H](C)[C@]2(O)C=O)O[C@@H](CO)[C@H](O)[C@H]1O,0.633468456,test
O=C(O)CCSCC1O[C@@H]2O[C@H]3[C@H](O)[C@@H](O)[C@@H](O[C@H]4[C@H](O)[C@@H](O)[C@@H](O[C@H]5[C@H](O)[C@@H](O)[C@@H](O[C@H]6[C@H](O)[C@@H](O)[C@@H](O[C@H]7[C@H](O)[C@@H](O)[C@@H](O[C@H]8[C@H](O)[C@@H](O)[C@@H](O[C@H]9[C@H](O)[C@@H](O)[C@@H](O[C@H]1[C@H](O)[C@H]2O)O[C@@H]9CSCCC(=O)O)O[C@@H]8CSCCC(=O)O)O[C@@H]7CSCCC(=O)O)O[C@@H]6CSCCC(=O)O)O[C@@H]5CSCCC(=O)O)O[C@@H]4CSCCC(=O)O)O[C@@H]3CSCCC(=O)O,0.403120521,test
NC[C@H]1O[C@H](O[C@H]2[C@H](O)[C@@H](O[C@H]3O[C@H](CO)[C@@H](O)[C@H](N)[C@H]3O)[C@H](N)C[C@@H]2N)[C@H](N)C[C@@H]1O,0.301029996,test
COC[C@@H]1O[C@H](O[C@H]2OC[C@H]3O[C@@]4(OC[C@H](OC(=O)c5c(C)cc(O)cc5O)[C@@H]5OCOC54)O[C@@H]3[C@H]2O)[C@@H](OC)[C@H](O)[C@H]1O[C@@H]1O[C@H](C)[C@H](OC)[C@H](O[C@H]2O[C@H](C)[C@@H]3O[C@]4(C[C@@H](O)[C@H](O[C@@H]5C[C@H](O[C@H]6C[C@@](C)([N+](=O)[O-])[C@@H](OC)[C@@H](C)O6)[C@@H](OC(=O)c6c(C)c(Cl)c(O)c(Cl)c6OC)[C@H](C)O5)[C@@H](C)O4)O[C@]3(C)[C@H]2O)[C@H]1O,1.220108088,test
CC1=C(C(=O)O)N2C(=O)C(NC(=O)C(N)c3ccc(O)cc3)[C@H]2SC1,0.041392685,test
Cn1nnnc1SCC1=C(C(=O)O)N2C(=O)C(NC(=O)C(O)c3ccccc3)[C@H]2SC1,-0.124938737,test
NC(C(=O)NC1C(=O)N2C(C(=O)O)=C(CSc3c[nH]nn3)CS[C@H]12)c1ccc(O)cc1,0.079181246,test
Cc1nnc(SCC2=C(C(=O)O)N3C(=O)C(NC(=O)Cn4cc(Cl)c(=O)c(Cl)c4)[C@H]3SC2)s1,0.281033367,test
Cc1nnc(SCC2=C(C(=O)O)N3C(=O)C(NC(=O)Cn4cnnn4)[C@H]3SC2)s1,0.230448921,test
Cc1nnc(SCC2=C(C(=O)O)N3C(=O)C(NC(=O)C(O)c4ccccc4)[C@H]3SC2)s1,0.0,test
C=CC1=C(C(=O)O)N2C(=O)C(=NC(=O)C(NOCC(=O)O)c3csc(N)n3)[C@H]2SC1,0.505149978,test
O=C(O)C1=C(CSc2nnnn2CS(=O)(=O)O)CS[C@@H]2C(NC(=O)C(O)c3ccccc3)C(=O)N12,0.707570176,test
CCN1CCN(C(=O)NC(C(=O)NC2C(=O)N3C(C(=O)O)=C(CSc4nnnn4C)CS[C@H]23)c2ccc(O)cc2)C(=O)C1=O,0.255272505,test
NCc1ccccc1CC(=O)NC1C(=O)N2C(C(=O)O)=C(CSc3nnnn3CC(=O)O)CS[C@H]12,0.477121255,test
CN(C)CCn1nnnc1SCC1=C(C(=O)O)N2C(=O)C(NC(=O)Cc3csc(N)n3)[C@H]2SC1,-0.075720714,test
CO[C@@]1(NC(=O)Cc2cccs2)C(=O)N2C(C(=O)O)=C(COC(N)=O)CS[C@@H]21,-0.091514981,test
O=C(O)C1=C(C[n+]2ccc(CCS(=O)(=O)O)cc2)CSC2C(NC(=O)C(NC(=O)c3[nH]cnc3C(=O)O)c3ccccc3)C(=O)N12,0.255272505,test
Cc1cc(=O)c(C(=O)NC(C(=O)NC2C(=O)N3C(C(=O)O)=C(CSc4nnnn4C)CS[C@H]23)c2ccc(O)cc2)c[nH]1,0.73239376,test
CC=CC1=C(C(=O)O)N2C(=O)C(NC(=O)C(N)c3ccc(O)cc3)[C@H]2SC1,0.079181246,test
COC1=C(C(=O)O)N2C(=O)C(NC(=O)C(N)C3=CCC=CC3)[C@H]2SC1,-0.13076828,test
NC(=O)c1cc[n+](CC2=C(C(=O)O)N3C(=O)C(NC(=O)C(c4ccccc4)S(=O)(=O)[O-])[C@H]3SC2)cc1,0.214843848,test
CCON=C(C(=O)NC1C(=O)N2C(C(=O)O)=C(Sc3nc(-c4cc[n+](C)cc4)cs3)CS[C@H]12)c1nsc(NP(=O)([O-])O)n1,-1.045757491,test
O=C(Cn1cnnn1)NC1C(=O)N2C(C(=O)O)=C(CSc3nncs3)CS[C@H]12,-0.193820026,test
Nc1nc(C(=NO)C(=O)NC2C(=O)N3C(C(=O)O)=C(C=C4CCN([C@@H]5CCNC5)C4=O)CS[C@H]23)ns1,0.51851394,test
CON=C(C(=O)NC1C(=O)N2C(C(=O)O)=C(COC(N)=O)CS[C@H]12)c1ccco1,0.041392685,test
CC(=O)OCC1=C(C(=O)O)N2C(=O)C(NC(=O)CC#N)[C@H]2SC1,0.305351369,test
CC1=C(C(=O)O)N2C(=O)C(NC(=O)C(N)c3ccccc3)[C@H]2SC1,-0.244125144,test
O=C(Cc1cccs1)NC1C(=O)N2C(C(=O)[O-])=C(C[n+]3ccccc3)CS[C@H]12,0.176091259,test
CC(=O)OCC1=C(C(=O)O)N2C(=O)C(NC(=O)Cc3cccs3)[C@H]2SC1,-0.022276395,test
CC(=O)OCC1=C(C(=O)O)N2C(=O)C(NC(=O)CSc3ccncc3)[C@H]2SC1,0.079181246,test
CC1=C(C(=O)O)N2C(=O)C(NC(=O)C(N)C3=CCC=CC3)[C@H]2SC1,-0.070581074,test
