smiles,BBBP,group
CC(=O)N(O)CCCCCNC(=O)CCC(=O)N(O)CCCCCNC(=O)CCC(=O)N(O)CCCCCN,0,training
CCCCCCCCCCCCCCOS(=O)(=O)O,0,training
CSC(=O)C1(OC(C)=O)[C@@H](C)C[C@H]2[C@@H]3CC=C4CC(=O)C=C[C@]4(C)C3(F)[C@@H](O)C[C@@]21C,1,training
CCN(CC)C(=O)C1C(C(=O)N(CC)CC)[C@H]2C=C[C@@H]1C2,1,training
CC(=O)OC(c1ccccc1)C1CCCCN1,1,training
CCCCCCCCCCC[C@H](C[C@@H]1OC(=O)C1CCCCCC)OC(=O)C(CC(C)C)NC=O,0,training
CC(C)=CCN1CCC2(C)c3cc(O)ccc3CC1C2C,1,training
C[C@@H]1C[C@H]2[C@@H]3C[C@H](F)C4=CC(=O)C=C[C@]4(C)[C@H]3[C@@H](O)C[C@]2(C)[C@@]1(O)C(=O)CO,1,training
CCN(CC)Cc1cc(Nc2ccnc3cc(Cl)ccc23)ccc1O,0,training
CN1C(=O)C=NC(=C2CCCCC2)c2cc([N+](=O)[O-])ccc21,1,training
CCc1cc2c(s1)N(C)C(=O)CN=C2c1ccccc1Cl,1,training
CN(C)c1nc(N(C)C)nc(N(C)C)n1,0,training
O=c1[nH]c(C2=CC(N3CCC(c4ccccc4)CC3)CC2)nc2c(Cl)cccc12,1,training
CC1(C)O[C@@H]2CC3C4C[C@H](F)C5=CC(=O)C=CC5(C)[C@@]4(Cl)[C@@H](Cl)CC3(C)[C@]2(C(=O)CF)O1,1,training
CC(=O)N1CCN(c2ccc(OCC3CO[C@](Cn4ccnc4)(c4ccc(Cl)cc4Cl)O3)cc2)CC1,0,training
COc1ccc(C(C)C)cc1CNC1CCCNC1c1ccccc1,1,training
O=C(O)CCNC(=O)c1ccc(N=Nc2ccc(O)c(C(=O)O)c2)cc1,0,training
Cc1nc2sccn2c(=O)c1CCN1CCC(=C(c2ccc(F)cc2)c2ccc(F)cc2)CC1,1,training
CC(=O)OCC1=C(C(=O)O)N2C(=O)C(NC(=O)Cc3ccccc3)C2SC1,0,training
CN1CCC(=C2c3ccccc3C(O)c3ccccc32)CC1,1,training
C=CCC1(C(C)CCC)C(=O)NC(=S)NC1=O,1,training
CC#C[C@]1(O)CC[C@H]2C3=C(C4=C(CC3)CC(=O)CC4)C(c3ccc(N(C)C)cc3)C[C@@]21C,0,training
O=C(O)COCCN1CCN(C(c2ccccc2)c2ccc(Cl)cc2)CC1,0,training
CCCCC(=O)O[C@]1(C(=O)CO)CC[C@H]2[C@@H]3C[C@H](F)C4=CC(=O)C=C[C@]4(C)[C@H]3[C@@H](O)C[C@@]21C,1,training
O=c1ccn(C2OC(CO)C(O)C2O)c(=O)[nH]1,1,training
C=CCN1CCc2nc(N)sc2CC1,1,training
O=C1CN2C(=O)CCC2N1,1,training
O=C1NC(=O)C(c2ccccc2)(c2ccccc2)N1,1,training
C#CC1(O)CC[C@@H]2[C@H]3CCC4=Cc5oncc5CC4(C)[C@H]3CCC21C,0,training
COc1cccc2c(O)c3c(c(O)c12)C(=O)C1=C(C[C@@](O)(/C(C)=N\NC(=O)c2ccccc2)C[C@@H]1O[C@H]1C[C@H](N)[C@H](O)[C@H](C)O1)C3=O,0,training
CC(=O)OCC1=C(C(=O)O)N2C(=O)C(NC(=O)CC#N)[C@H]2SC1,0,training
CC1=C2CC(=O)C=C[C@]2(C)[C@@H]2C(C1)[C@@H]1CC[C@](O)(C(=O)COC(=O)CCC(=O)O)[C@@]1(C)C[C@@H]2O,1,training
CC(C)N[C@@H](C)[C@@H](O)c1cccc2ccccc12,1,training
C=C1c2ccccc2CN(CCCN(C)C)c2ccccc21,1,training
CCC(Br)(CC)C(=O)NC(=O)NC(C)=O,1,training
CC(=O)OCC1=C(C(=O)O)N2C(=O)C(NC(=O)c3c(-c4ccccc4Cl)noc3C)C2SC1,0,training
[N]C(=N)N,0,training
Nc1nc(=O)c2c([nH]1)NC[C@H](CNc1ccc(C(=O)NC(CCC(=O)O)C(=O)O)cc1)N2,0,training
CC(C)(C)CC(=O)OCC(=O)C1(O)CCC2C3CC=C4CC(=O)C=CC4(C)C3C(O)CC21C,1,training
COc1ccc2c3c1OC1[C@@H](O)CCC4C(C2)N(C)CC[C@@]341,1,training
CCS(=O)(=O)n1c2c(c3cc(C(=O)N4CCC(C)CC4)ccc31)CN(C1CCOCC1)CC2,0,training
CCCN1CCC[C@@H]2Cc3[nH]ncc3C[C@H]21,1,training
CN1CCN2c3ccccc3Cc3ccccc3C2C1,1,training
C[N+](C)(C)CCCCCCCCCC[N+](C)(C)C,0,training
C[C@@H]1O[C@H](O[C@@H]2C[C@H](O)C3(CO)[C@@H]4[C@H](O)CC5(C)[C@H](C6=CC(=O)OC6)CCC5(O)[C@@H]4CCC3(O)C2)[C@H](O)[C@H](O)[C@@H]1O,0,training
Oc1ccc2c(c1)C13CCCCC1C(C2)N(CCc1ccccc1)CC3,1,training
COc1ccc(-n2nc(C(N)=O)c3c2C(=O)N(c2ccc(N4CCCCC4=O)cc2)CC3)cc1,0,training
CCC1(O)CCN2CCc3ccc(C)cc3C2C1,1,training
C#CC1(O)CCC2C3C(C)C=C4CC(=O)CCC4C3CCC21C,1,training
CCNc1cccnc1N1CCN(C(=O)c2cc3cc(OC)ccc3[nH]2)CC1,0,training
CO[C@H]1/C=C/O[C@@]2(C)Oc3c(C)c(O)c4c(O)c(c(C=NN5CCN(C6CCCC6)CC5)c(O)c4c3C2=O)NC(=O)C(C)=CC=CC(C)[C@H](O)[C@@H](C)[C@@H](O)[C@@H](C)[C@H](OC(C)=O)[C@@H]1C,0,training
Cn1c(O)c/c(=[N+]2/CCC[C@H](N)C2)n(Cc2ccccc2C#N)c1=O,0,training
COc1ccccc1OCCNC[C@@H](O)c1ccc(C)cc1S(N)(=O)=O,1,training
CC1(C)S[C@@H]2C(NC(=O)C(N=[N+]=[N-])c3ccccc3)C(=O)N2C1C(=O)O,0,training
CON=CC1=CCCN(C)C1,1,training
CN(C)c1ccc(C(=C2C=CC(=[N+](C)C)C=C2)c2ccc(N(C)C)cc2)cc1,0,training
NC(=O)C1=C([O-])N([C@@H]2O[C@H](CO)[C@H](O)[C@@H]2O)C=[N+]1,0,training
CC(=O)C1CCC2C3CCC4CC(O)CCC4(C)C3CCC12C,1,training
CN(C)CCOC(=O)COc1ccc(Cl)cc1,1,training
CC(C)OC(=O)C(C)(C)Oc1ccc(C(=O)c2ccc(Cl)cc2)cc1,0,training
CC(C)(C)C(=O)OCOC(=O)C1N2C(=O)C(NC(=O)C(N)c3ccccc3)C2SC1(C)C,0,training
CC(C)NCC(O)c1cc(O)cc(O)c1,0,training
CC(=O)[C@@]12OC(C)(C)O[C@@H]1C[C@H]1[C@@H]3CC=C4CC(=O)C=C[C@]4(C)[C@@]3(F)[C@@H](O)C[C@@]12C,1,training
COc1ccc(N2CC(CN3CCC(O)(c4ccc5c(c4)OCO5)CC3)OC2=O)cc1,1,training
Cc1c(OCC(F)(F)F)ccnc1C[S+]([O-])c1nc2ccccc2[nH]1,0,training
CC1=C2CC(=O)C=C[C@]2(C)[C@@H]2[C@@H](C1)[C@@H]1CC[C@](O)(C(=O)COC(=O)CCC(=O)O)[C@@]1(C)C[C@@H]2O,1,training
C[C@@H]1C[C@H]2[C@H]3[C@H]([C@@H](O)C[C@]2(C)[C@@]1(O)C(=O)CO)[C@@]1(C)C=CC(=O)C=C1C[C@H]3Cl,1,training
Cc1ccc2c(c1)C1CN(C)CCC1N2,1,training
CC(C)c1cccc(C(C)C)c1O,1,training
CC1(C)S[C@@H]2C(NC(=O)C(NC(=O)c3ccc(-c4ccc(S(=O)(=O)N(CCO)CCO)cc4)[nH]c3=O)c3ccc(O)cc3)C(=O)N2C1C(=O)O,0,training
Cc1cccc(C=NN2CCN(C(c3ccccc3)c3ccccc3)CC2)n1,1,training
Cc1cccc(N2CCN(CCc3cc(C)[nH]n3)CC2)c1,1,training
Oc1ccc2c(c1)OCO2,0,training
Cc1ncc(C[n+]2csc(CCO)c2C)c(N)n1,0,training
CCCC(=O)O[C@]1(C(=O)CO)CC[C@H]2[C@@H]3CC=C4CC(=O)CC[C@]4(C)[C@H]3[C@@H](O)C[C@@]21C,1,training
CCCNC(Cc1cccc2[nH]c(O)cc12)NCCC,1,training
CC(C)Nc1cccnc1N1CCNCC1,0,training
CC(=O)Cn1nc(-c2c(-c3ccccc3)nn3ccccc23)ccc1=O,0,training
O=C1CCC(N2C(=O)c3ccccc3C2=O)C(=O)N1,1,training
CC1(C)SC2C(NC(=O)C(N)c3ccccc3)C(=O)N2C1C(=O)OC1OC(=O)c2ccccc21,0,training
O=C(O[C@@H]1C[N+]2(CCCOc3ccccc3)CCC1CC2)C(O)(c1cccs1)c1cccs1,0,training
CCN(CC)CCOC(=O)C(Cc1ccc2ccccc2c1)C[C@H]1CCCO1,1,training
O=C(CCCN1CCN(C(=O)OC2CCCCC2)CC1)c1ccc(F)cc1,1,training
O=C(CCCN1CCC(O)(c2cccc(Cl)c2)CC1)c1ccc(F)cc1,1,training
O=P1(N(CCCl)CCCl)NCCCO1,0,training
C=CCN1CC[C@]23CCCC[C@H]2[C@H]1Cc1ccc(O)cc13,1,training
CN(CCCN1c2ccccc2CCc2ccccc21)CC(=O)c1ccc(Cl)cc1,1,training
CCCCNC(=O)OCC(C)(CCC)COC(N)=O,1,training
CN1CCN(C(=O)Cc2ccc(Cl)c(Cl)c2)[C@@H](CN2CCCC2)C1,1,training
CCCCCNC12C=CC(=O)C3Oc4c(O)ccc5c4C31CCN(C)C2C5,1,training
CC(C)(C)NC(=O)C1CN(Cc2cccnc2)CCN1C[C@@H](O)CC(Cc1ccccc1)C(=O)N[C@H]1c2ccccc2C[C@H]1O,1,training
O=C(Cc1ccc(Cl)c(Cl)c1)N1CCc2ccsc2C1CN1CCCC1,1,training
OCC(O)C(O)C(O)C1=COC(C(Cl)(Cl)Cl)O1,1,training
O=C(CCCc1ccccc1)OCC(COC(=O)CCCc1ccccc1)OC(=O)CCCc1ccccc1,0,training
O=S1(=O)CCN(CN2CCS(=O)(=O)NC2)CN1,0,training
CC(=O)OCOC(=O)C1N2C(=O)C(NC(=O)Cc3ccccc3)[C@H]2SC1(C)C,0,training
C=C[C@@H]1CNCC[C@H]1CCCc1ccnc2ccc(OC)cc12,1,training
CC(C)=O,1,training
CC(CN(C)C)OC(C)(c1ccccc1)c1ccc(Cl)cc1,0,training
c1ccc(C2(c3ccccc3)OCC(C3CCCCN3)O2)cc1,1,training
CCN[C@@H]1C[C@@H](C)S(=O)(=O)c2sc(S(N)(=O)=O)cc21,0,training
CC(N)C(=O)OC(C)(C)Cc1ccc(Cl)cc1,1,training
O=C1Nc2ccc(Cl)cc2[C@@](C#CC2CC2)(C(F)(F)F)O1,0,training
CN1CCC23c4c5ccc(O)c4OC2C(OC2OC(C(=O)O)C(O)C(O)C2O)C=CC3C1C5,0,training
COC1=CC=C2[C@H]3Cc4ccc(OC)c5c4[C@@]2(CCN3C)[C@H]1O5,1,training
C[C@H]1C[C@@H](OC(=O)C2CCC(=O)N2)CC(C)(C)C1,1,training
COc1ccc(CC(N)C(=O)NC2[C@@H](O)[C@H](n3cnc4c(N(C)C)ncnc43)O[C@@H]2CO)cc1,0,training
CC(C)NNC(=O)c1ccncc1,1,training
CCC(=O)OCC(=O)[C@@]12OC(C)(C)O[C@@H]1C[C@H]1[C@@H]3C[C@H](F)C4=CC(=O)C=C[C@]4(C)[C@@]3(F)[C@@H](O)C[C@@]12C,1,training
CC(=O)OCC(=O)[C@@]1(O)CC[C@H]2[C@@H]3C[C@H](Cl)C4=CC(=O)C=C[C@]4(C)C3C(=O)C[C@@]21C,1,training
O=C(O)c1cccnc1Nc1cccc(C(F)(F)F)c1,0,training
C[C@H](CCC(=O)O)[C@H]1CC[C@H]2C3C(=O)C[C@@H]4CC(=O)CC[C@]4(C)[C@H]3CC(=O)[C@]12C,0,training
Cc1ccccc1-n1c(C=Cc2ccccn2)nc2ccccc2c1=O,1,training
CCCN(CCC)CCc1cccc2[nH]c(O)cc12,1,training
CCN(CC)CC#CCOC(=O)[C@](O)(c1ccccc1)C1CCCCC1,1,training
CCCC(C(=O)N=C1C(=O)N2C(C(=O)O)=C(COC(N)=O)CS[C@H]12)c1csc(N)n1,0,training
COc1cc2c(cc1OC)C(c1cccc(Cl)c1)=NN=C(C)C2,1,training
OCC1(CO)COC(C(Cl)(Cl)Cl)OC1,1,training
Cc1ccc(CC2=CN=C(NCCSCc3ccc(CN(C)C)o3)NC2)cn1,0,training
CN(C(=O)Cc1ccccc1N)[C@@H](CN1CC[C@@H](O)C1)c1ccccc1,0,training
C[C@@]1(Cn2ccnn2)C(C(=O)O)N2C(=O)C[C@@H]2S1(=O)=O,0,training
CNC1C(O)C(OC2C(N)CC(N)C(OC3OC(CN)CCC3N)C2O)OCC1(C)O,0,training
CNCCCC1(C)CN(c2ccccc2)c2ccccc21,1,training
c1ccc2oc(-c3ccncc3)cc2c1,1,training
CNCCC(Oc1cccc2ccccc12)c1cccs1,1,training
CN(C)C1C(=O)C(C(N)=O)C(=O)[C@@]2(O)C(=O)C3C(=O)c4c(O)cccc4[C@@](C)(O)[C@H]3C[C@@H]12,0,training
C[C@@H]1CC2C3CC=C4CC(=O)C=C[C@]4(C)[C@@]3(Cl)[C@@H](O)C[C@]2(C)[C@@]1(OC(=O)c1ccco1)C(=O)CCl,1,training
NC(=O)n1c(O)c(C(=O)c2cccs2)c2cc(Cl)ccc21,1,training
CCCCCCCC(=O)OC[C@@H](O)[C@@H](OC)[C@H]1OC(C(=O)O)=C[C@H](N=C([N])N)[C@@H]1NC(C)=O,0,training
CC12C=CC(=O)C=C1CCC1C3CCC(O)(C(=O)CO)C3(C)CC(O)C12F,1,training
CN1C(=O)CN=C(c2ccccc2)c2cc(Cl)ccc21,1,training
COc1cccc(N2CCN(C3=Nc4c(F)cccc4[C@H](CC(=O)O)N3c3cc(C(F)(F)F)ccc3OC)CC2)c1,0,training
C=CC1(C(C)CCC)C(=O)NC(=O)NC1=O,1,training
CC(C)C(=O)OCc1cccc(OC(=O)C2N3C(=O)C(NC(=O)Cc4ccccc4)[C@H]3SC2(C)C)c1,0,training
CCCOc1ccc(S(=O)(=O)NCC[C@@H]2CCCN2C)cc1-c1nc(=O)c2c([nH]1)c(CCC)nn2C,0,training
CCC(=O)C1(c2cccc(O)c2)CCN(C)CC1,1,training
CC(=O)C1(N)C=C2C(=O)c3c(c(O)c4ccccc4c3O)C(=O)C2C(OC2CC(O)C(O)CO2)C1,0,training
O=c1[nH]c2ccccc2c(=O)n1CCCN1CCN(c2cccc(Cl)c2)CC1,1,training
NC(=O)C1(N2CCCCC2)CCN(CCCN2c3ccccc3CCc3ccc(Cl)cc32)CC1,1,training
CCS[C@]1(SC)CC[C@H]2[C@@H]3CC=C4CC(=O)C=C[C@]4(C)[C@@]3(F)[C@@H](O)C[C@@]21C,1,training
CC(=O)OCC(=O)[C@@]1(O)CCC2C3CC=C4CC(=O)C=CC4(C)[C@@]3(Cl)C(Cl)CC21C,1,training
CN(C(=O)Cc1ccc(Cl)c(Cl)c1)C1CCC2(CCCO2)CC1N1CCCC1,1,training
C=C1/C(=C/C=C2\CCC[C@]3(C)[C@@H]([C@H](C)CCCC(C)(C)O)CC[C@@H]23)C[C@@H](O)C[C@@H]1O,0,training
COC1CC(O[C@@H]2C(C)C(=O)O[C@H](C)[C@H](C)[C@H](O)C(C)C(=O)[C@@]3(CO3)C[C@H](C)[C@H](OC3OC(C)CC(N(C)C)C3O)[C@H]2C)OC(C)C1O,0,training
Clc1ccc(N2CCN(Cc3cnn4ccccc34)CC2)cc1,1,training
CCCCc1n[n+](Cc2ccc(-c3ccccc3-c3nnn[n-]3)nc2)c(CCCC)[nH]1,0,training
CN(C)CCCOc1nn(Cc2ccccc2)c2ccccc12,1,training
Oc1ccc2c(c1)[C@]13CCN(CC4CC4)[C@H](C2)[C@@H]1CCOC3,1,training
COc1ccnc(C[S+]([O-])c2nc3cc(-n4cccc4)ccc3[nH]2)c1C,0,training
CN=C(NC#N)NCCSCc1[nH]cnc1C,0,training
Cc1nn(C)c2c1C(c1ccccc1F)=NCC(=O)N2C,1,training
Clc1ccc2c(c1)/C(=C/C1CN3CCC1CC3)c1ccccc1S2,1,training
CCC(Br)(CC)C(=O)NC(N)=O,1,training
Cc1nn(C)c2c1C(c1cccc(Cl)c1)=NCCN2,1,training
CC1c2ccccc2C(CCCN(C)C)c2cc(C(F)(F)F)ccc21,1,training
CCCC(C)C1(CC)C(=O)NC(=S)NC1=O,0,training
CCN(CC)/C(C)=N/N=Cc1c2c(O)c3c(O)c(C)c4c(c3c1O)C(=O)[C@@](C)(O/C=C\[C@H](OC)[C@@H](C)[C@@H](OC(C)=O)[C@H](C)[C@H](O)[C@H](C)[C@@H](O)C(C)=CC=CC(C)C(=O)N2)O4,0,training
CSc1ccc(CC(=O)N2CCN(C(C)=O)C[C@@H]2CN2CC[C@@H](O)C2)cc1,0,training
N#C[C@H](O[C@@H]1O[C@@H](CO[C@@H]2O[C@@H](CO)[C@@H](O)[C@H](O)[C@@H]2O)[C@@H](O)[C@H](O)[C@@H]1O)c1ccccc1,0,training
CCCCCC(=O)OCC(=O)C1[C@H](C)CC2C3C[C@H](F)C4=CC(=O)C=C[C@]4(C)C3[C@@H](O)C[C@@]21C,1,training
CNC(=O)Oc1ccc2c(c1)[C@@]1(C)CCN(C)[C@H]1N2C,1,training
C[C@H](N)[C@H](O)c1cccc(O)c1,0,training
CCCC1OC2CC3C4CC=C5CC(=O)C=CC5(C)C4C(O)CC3(C)C2(C(=O)CO)O1,1,training
CCCCC(=O)OC1(C(=O)CO)CCC2C3CC(F)C4=CC(=O)C=CC4(C)C3C(O)CC21C,1,training
O=C(Oc1ccc(Cl)cc1)N1CCCC1,1,training
NCC(CS(=O)(=O)O)c1ccc(Cl)cc1,1,training
O=C(CCCN1CCC(O)(c2cccc(C(F)(F)F)c2)CC1)c1ccc(F)cc1,1,training
CC(=O)OCC(=O)[C@@]12OC(C)(C)O[C@@H]1C[C@H]1C3CC(C#N)=C4C=C(OCCCl)CCC4(C)[C@@]3(F)C(O)CC12C,1,training
Nc1ccc(S(=O)(=O)Nc2ccnn2-c2ccccc2)cc1,0,training
CSC(=O)C1(O)C(C)CC2C3CC=C4CC(=O)C=CC4(C)C3(F)C(O)CC21C,1,training
CN1CCN(C2=Cc3cc(Cl)ccc3/C(=C/C#N)c3ccccc32)CC1,1,training
N=C(N)NCCCC(NC(=O)C1CCCN1C(=O)C1CSSCC(N)C(=O)NC(Cc2ccc(O)cc2)C(=O)NC(Cc2ccccc2)C(=O)NC(CCC(N)=O)C(=O)NC(CC(N)=O)C(=O)N1)C(=O)NCC(N)=O,0,training
NCCCCC(NC(CCc1ccccc1)C(=O)O)C(=O)N1CCCC1C(=O)O,0,training
NCCCN1c2ccccc2CCc2ccccc21,1,training
O=C(O)c1cc(=O)c2ccccc2o1,1,training
CC(C)NC([N])=NC(=N)Nc1ccc(Cl)cc1,0,training
COCC(=O)O[C@]1(CCN(C)CCCc2nc3ccccc3[nH]2)CCc2cc(F)ccc2[C@@H]1C(C)C,0,training
CC(C)(Oc1ccc(CCNC(=O)c2ccc(Cl)cc2)cc1)C(=O)O,0,training
COc1ccc2c(c1)N(CC(C)CN(C)C)c1ccccc1S2,1,training
Cn1c(=O)c2c(ncn2CCN2CCC(c3c[nH]c4ccccc34)CC2)n(C)c1=O,1,training
C[C@@H]1[C@H](O)[C@@H](C)/C=C/C=C/C=C/C=C/C=C/C=C/C=C/[C@H](O[C@H]2O[C@@H](C)[C@H](O)[C@@H](N)[C@H]2O)C[C@@H]2O[C@](O)(C[C@@H](O)C[C@@H](O)[C@H](O)CC[C@@H](O)C[C@@H](O)CC(=O)O[C@H]1C)C[C@H](O)C2C(=O)O,0,training
C#C[C@@]1(OC(C)=O)CC[C@@H]2[C@@H]3CCC4=C[C@@H](OC(C)=O)CC[C@@H]4[C@@H]3CC[C@@]21C,1,training
CCN(CC)C(=O)Nc1ccc(OCC(O)CNC(C)(C)C)c(C(C)=O)c1,1,training
CCN(CC)CC(=O)Nc1c(C)cccc1C,1,training
CN(C)C1C(=O)C(C(N)=O)C(=O)C2(O)C(=O)C3C(=O)c4c(O)cccc4C(C)(O)C3C(O)C12,0,training
CC1(C)SC2C(NC(=O)CCCC(N)C(=O)O)C(=O)N2C1C(=O)O,0,training
COc1cc(C(=O)N2CCOCC2)cc(OC)c1OC,1,training
CC12CC3CC(C)(C1)CC(N)(C3)C2,1,training
COc1cc(C(=O)NS(=O)(=O)c2ccccc2C)ccc1Cc1cn(C)c2ccc(NC(=O)OC3CCCC3)cc12,0,training
CC(C)C[C@H](CN)CC(=O)O,1,training
CC1(C)S[C@@H]2C(NC(=O)C(N)c3ccccc3)C(=O)N2C1C(=O)OCOC(=O)C1N2C(=O)C[C@H]2S(=O)(=O)C1(C)C,0,training
CN1CC=C(c2ccccc2)CC1,1,training
CC(c1ncncc1F)[C@](O)(Cn1cncn1)c1ccc(F)cc1F,0,training
CC(=O)O[C@H]1C[C@@H]2C(COC(=O)CC(C)C)=CO[C@@H](OC(=O)CC(C)C)[C@@H]2[C@@]12CO2,1,training
O=C(CCC1CCN(Cc2ccccc2)CC1)c1ccc2c(c1)NCCCC2,1,training
CON=C(C(=O)NC1C(=O)N2C(C(=O)O)=C(COC(C)=O)C[S+]([O-])C12)c1csc(N)n1,0,training
C[C@]12Cc3c[nH]nc3C[C@@H]1CC[C@@H]1[C@@H]2CC[C@@]2(C)[C@H]1CC[C@]2(C)O,0,training
CCOCCn1c(C2CCN(CCc3ccc(C(C)(C)C(=O)O)cc3)CC2)nc2ccccc21,0,training
C=CCC1(C(C)CCCC)C(=O)NC(=O)N(C)C1=O,0,training
CCCCCC(=NOCCN)c1ccc(C)c(N)c1,1,training
CC(C)N1CCOC(c2ccc(C(F)(F)F)cc2)C1,1,training
COc1ccccc1CNC1CCCNC1c1ccccc1,1,training
CC(Cc1ccccc1)N(C)C,1,training
Cc1nc(=O)c2cc(CN(C)c3ccc(C(=O)NC(CCC(=O)O)C(=O)O)s3)ccc2[nH]1,0,training
C[C@@H]1C[C@H]2[C@@H]3C[C@H](F)C4=CC(=O)C=C[C@]4(C)C3(Cl)[C@@H](F)C[C@]2(C)C1C(=O)CO,1,training
NNC(=O)c1ccncc1,0,training
Cc1cc(C#N)cc(C)c1Oc1nc(Nc2ccc(C#N)cc2)nc(N)c1Br,0,training
CS(=O)(=O)N(CCO)c1c(Cl)c(Cl)cc2[nH]c(=O)c(=O)[nH]c12,0,training
CC(=O)OCC/C(SC(C)=O)=C(\C)N(C=O)Cc1cnc(C)nc1N,1,training
O=c1ccc2ccccc2o1,0,training
CCOc1ccc(NC(C)=O)cc1,0,training
CS(=O)(=O)c1ccc([C@@H](O)[C@@H](CF)NC(=O)C(Cl)Cl)cc1,1,training
CCOCC,1,training
CCC(=O)N(c1ccc(Cl)c(Cl)c1)C1CCCC1N(C)C,1,training
Clc1ccccc1C(c1ccccc1)(c1ccccc1)n1ccnc1,0,training
CN(C)CCC[C@@H]1c2ccccc2COc2ccccc21,1,training
Cc1cc(C(C)(C)C)cc(C)c1CC1=NCCN1,0,training
CCOC(=O)N1CSCC1C(=O)O,0,training
CCS(=O)(=O)CCn1c([N+](=O)[O-])cnc1C,1,training
[CH2-]C(=O)Nc1cccc(-c2csc([N+]C(N)N)n2)c1,0,training
COCC1=C(C(=O)O)N2C(=O)C(=NC(=O)C(NOC)c3csc(N)n3)C2SC1,0,training
CC(=O)O[C@]1(C(C)=O)CC[C@H]2[C@@H]3CC(C)=C4CC(=O)C=C[C@]4(C)[C@@]3(F)[C@@H](O)C[C@@]21C,1,training
CCCCOC(=O)C(=O)C1C(C)CC2C3CC(F)C4=CC(=O)C=CC4(C)C3C(O)CC21C,1,training
CCC(=O)C1(C)C(C)CC2C3CC=C4CC(=O)C=CC4(C)C3C(O)CC21C,1,training
CCC(OC(N)=O)C1CCCCC1,1,training
COc1ccc(-c2cc(=O)c3c(O)cc(O[C@@H]4O[C@H](CO[C@@H]5O[C@@H](C)[C@H](O)[C@@H](O)[C@H]5O)[C@@H](O)[C@H](O)[C@H]4O)cc3o2)cc1O,0,training
CN1CCN(c2cc3c(nn2)Oc2ccccc2N3C)CC1,1,training
CC[C@H]1OC(=O)C(C)[C@@H](O[C@H]2C[C@@](C)(OC)[C@@H](O)[C@H](C)O2)[C@H](C)[C@@H](O[C@@H]2O[C@H](C)C[C@H](N(C)C)[C@H]2O)[C@](C)(O)C[C@@H](C)/C(=N/OC)[C@H](C)[C@@H](O)[C@]1(C)O,0,training
CN1CCN(C=C2N=C3CN=C(c4ccccc4Cl)c4cc([N+](=O)[O-])ccc4N3C2=O)CC1,1,training
CNCc1ccc(NC(=O)c2cc(C)n(Cc3cc(Cl)ccc3OCc3ccccc3)n2)cc1,1,training
C#C[C@@]1(O)CC[C@@H]2[C@@H]3CC=C4CC(=O)CCC4[C@@H]3CC[C@@]21CC,1,training
CN1CC(NS(=O)(=O)N(C)C)CC2c3cccc4c3c(cn4C)CC21,1,training
CN(C)C1C(=O)C(C(N)=O)C(=O)C2(O)C(=O)C3C(=O)c4c(O)ccc(Cl)c4C(O)C3CC12,0,training
CC12CC[C@@H]3[C@@H]4C=CC(=O)N[C@@H]4CC[C@@H]3[C@H]1CCC2C(=O)Nc1cc(C(F)(F)F)ccc1C(F)(F)F,0,training
CN1CCCC1c1cccnc1,1,training
CC1OC(=O)C(C(C)C)NC(=O)C(C(C)C)OC(=O)C(C(C)C)NC(=O)C(C)OC(=O)C(C(C)C)NC(=O)C(C(C)C)OC(=O)C(C(C)C)NC(=O)C(C)OC(=O)C(C(C)C)NC(=O)C(C(C)C)OC(=O)C(C(C)C)NC1=O,0,training
Cc1ccc2c(OCCN3CCC(Cc4ccc5c(c4)N(C)C(=O)CO5)CC3)cccc2n1,1,training
CC1(C)CC1C(=O)N=C(CCCCCSCC(N)C(=O)O)C(=O)O,0,training
C=C1CC2C3CC=C4CC(=O)C=C[C@]4(C)[C@@]3(F)[C@@H](O)C[C@]2(C)[C@@]1(O)C(=O)CO,1,training
Cc1cnc(C[S+]([O-])c2nc3ccccc3[nH]2)cc1OCC(F)(F)F,1,training
CON=C(C(=O)NC1C(=O)N2C(C(=O)O)=C(C[n+]3ccccc3)CS[C@@H]12)c1csc(N)n1,0,training
O=C1CCC(c2ccccc2)(C2CCN(CC=Cc3ccccc3)CC2)C(=O)N1,1,training
CNC(=O)c1c(NCC2CCC3(CCC3)CC2)nc(C#N)nc1OCC1CCN(C)CC1,1,training
COc1ccccc1CNC1C2CCN(CC2)C1C(c1ccccc1)c1ccccc1,1,training
COc1ccc2c(c1)N(CCC1CCCCN1C)c1ccccc1S2,1,training
O=C1CC2(CCCC2)CC(=O)N1CNCC1COc2ccccc2O1,1,training
CN1C(=O)CCS(=O)(=O)C1c1ccc(Cl)c(Cl)c1,1,training
CC(=O)O[C@H]1C[C@@H]2CC[C@@H]3[C@H](CC[C@@]4(C)[C@H]3C[C@H](N3CC[N+](C)(C)CC3)[C@@H]4OC(C)=O)[C@@]2(C)C[C@@H]1N1CC[N+](C)(C)CC1,0,training
N#C[C@H]1C[C@H]2C[C@H]2N1C(=O)C(N)C12C[C@@H]3C[C@H](CC(O)(C3)C1)C2,0,training
N[C@@H]1CCN(c2nc3c(cc2F)c(=O)c(C(=O)O)cn3-c2ccc(F)cc2F)C1,0,training
OC(OCC(COC(O)C(Cl)(Cl)Cl)(COC(O)C(Cl)(Cl)Cl)COC(O)C(Cl)(Cl)Cl)C(Cl)(Cl)Cl,1,training
CN1c2ccccc2C(c2ccccc2F)=NCC1CNC(=O)c1ccsc1,1,training
CC1(C)SC2C(NC(=O)CSc3ccccc3)C(=O)N2C1C(=O)O,0,training
C[N+]1([O-])C2CCC1CC(OC(=O)C(CO)c1ccccc1)C2,1,training
O=C1NCCCC1N1C(=O)c2ccccc2S1(=O)=O,1,training
CC(CNC(=O)c1ccccc1)C(=O)OCC(=O)[C@@]12OC(C)(C)O[C@@H]1C[C@H]1[C@@H]3CC=C4CC(=O)C=C[C@]4(C)[C@@]3(F)[C@@H](O)C[C@@]12C,1,training
COC(=O)C1=C(C)N=C(C)C(C(=O)OCC(C)C)C1c1ccccc1[N+](=O)[O-],0,training
CCC(CC)O[C@@H]1C=C(C(=O)O)C[C@H](N)[C@@H]1NCOC,0,training
NC1CCCC1c1ccccc1,1,training
COCOC(=O)C1N2C(=O)C(N3C(=O)C(c4ccccc4)NC3(C)C)[C@H]2SC1(C)C,0,training
CC(=O)C1CCC2C3CC[C@H]4C[C@](C)(O)CC[C@]4(C)C3CC[C@]12C,1,training
CC1(C)O[C@@H]2CC3C4C[C@H](F)C5=CC(=O)CC[C@]5(C)C4[C@@H](O)C[C@]3(C)[C@]2(C(=O)CO)O1,1,training
CN1CCC23c4c5ccc(O)c4OC2C(=O)CCC3(O)C1C5,1,training
CN1CCC(=C2c3ccccc3CCc3cccnc32)CC1,1,training
O=c1[nH]c2ccccc2c(=O)n1CCN1CC2CC(c3ccc(F)cc3)C2C1,1,training
CCC(NC(=O)c1c(O)c(-c2ccccc2)nc2ccccc12)c1ccccc1,1,training
c1ccc2c(c1)CCNC2,1,training
CCOc1cc(OCCCCOc2ccc(C(=O)CC(C)C)c(O)c2)ccc1CCC(=O)O,0,training
COc1cc(C=CC(N)=O)cc(OC)c1OC,1,training
C#C[C@]1(O)CC[C@H]2C3CCC4=Cc5c(cnn5-c5ccc(F)cc5)CC4(C)[C@H]3CCC21C,1,training
C=C1CC2C3CC=C4CC(=O)C=CC4(C)C3C(O)CC2(C)C1(O)C(=O)CO,1,training
CC(C)(C)N1CCC(c2ccccc2)(c2ccccc2)CC1,1,training
CC(C)OP(=O)(F)OC(C)C,0,training
N#Cc1ccc(OCC2CCN(C/C=C/I)CC2)cc1,1,training
CC(C)(C)C(=O)OCOC(=O)C1N2C(=O)C(N=CN3CCCCCC3)C2SC1(C)C,0,training
FCOC(C(F)(F)F)C(F)(F)F,1,training
CCN(CC)C(=O)N1CCN(CCCc2nc3c(c(=O)n(C)c(=O)n3C)n2C)CC1,1,training
CCC1(c2ccccc2)CCC(=O)NC1=O,1,training
CON=C(C(=O)NC1C(=O)N(OCC(=O)O)C1C)c1csc(N)n1,0,training
COc1ccc(CCNC[C@@H](O)c2ccc(O)cc2)cc1OC,0,training
CC1CC2C3CC(F)C4=CC(=O)C=CC4(C)C3(Cl)C(O)CC2(C)C1C(=O)COC(=O)C(C)(C)C,1,training
CC12C=CC(=O)C=C1C(F)CC1C2C(O)CC2(C)C1CCC2(O)C(=O)CO,1,training
Ic1ccc(CN2CCCCC2)cc1CN1CCCCC1,1,training
CCCCCC(N)C(O)(c1ccccc1)c1ccccc1,1,training
COC(=O)C1[C@H]2C[C@@H]3c4[nH]c5ccccc5c4CCN3C[C@@H]2C[C@@H](OC(=O)c2cc(OC)c(OC)c(OC)c2)[C@@H]1OC,1,training
CN1CCC23c4c5ccc(OC(=O)c6cccnc6)c4OC2C(OC(=O)c2cccnc2)C=CC3C1C5,1,training
CCCCCCCN(CC)CCCC(O)c1ccc(NS(C)(=O)=O)cc1,0,training
CC(=O)Nc1cccc(-n2c(=O)n(C3CC3)c(=O)c3c(Nc4ccc(I)cc4F)n(C)c(=O)c(C)c32)c1,0,training
Cc1ccc(-n2[nH]c(C)c(N=Nc3cccc(-c4cccc(C(=O)O)c4)c3O)c2=O)cc1C,0,training
Cc1oc(=O)oc1CN1CCN(c2cc3c(cc2F)c(O)c(C(=O)[O-])c2[n+]3[C@H](C)S2)CC1,0,training
NCCC(O)C(=O)N[C@@H]1C[C@H](N)[C@@H](OC2O[C@H](CN)[C@@H](O)[C@H](O)[C@H]2O)[C@H](O)[C@H]1OC1O[C@H](CO)[C@@H](O)[C@H](N)[C@H]1O,1,training
Nc1nc(N)c2nc(-c3ccccc3)c(N)nc2n1,0,training
CCC(C(N)=O)N1CCCC1=O,1,training
CNC(=O)CCN1CCN(CC/C=C2\c3ccccc3Sc3ccc(Cl)cc32)CC1,1,training
Cc1c(O)c(=O)ccn1C,1,training
CC(=O)C1CCC2C3CCC4CC(O)CCC4(C)C3C(=O)CC12C,1,training
CCOc1ccccc1OCCN[C@H](C)Cc1ccc(OC)c(S(N)(=O)=O)c1,0,training
CCN(CC)CCn1cnc2c1c(=O)n(C)c(=O)n2C,1,training
N[C@@H]1CCCC[C@@H]1N,0,training
CN[C@@H]1C[C@@H](c2ccc(Cl)c(Cl)c2)c2ccccc21,1,training
CCN1CC(CCN2CCOCC2)C(c2ccccc2)(c2ccccc2)C1=O,1,training
O=C1C[N+]([O-])=C(c2ccccc2)c2cc(Cl)ccc2N1,1,training
CCN(CC)C(=O)COc1cc2c(O)c3c(O)c(C)c4c(c13)C(=O)[C@@](C)(O/C=C\[C@H](OC)[C@@H](C)[C@@H](OC(C)=O)[C@H](C)[C@H](O)[C@H](C)[C@@H](O)C(C)=CC=CC(C)C(=O)N2)O4,0,training
CC1(C)S[C@@H]2C(NC(=O)C(NC(=O)Nc3c[nH]c(Nc4ccc(S(N)(=O)=O)cc4)nc3=O)c3ccc(O)cc3)C(=O)N2C1C(=O)O,0,training
CC(C)CO,1,training
CCC(=O)C(=O)c1ccc(OCC(=O)O)c(Cl)c1Cl,1,training
CNC(=O)CCN1CCN(CC/C=C2/c3ccccc3Sc3ccc(Cl)cc32)CC1,1,training
CCCCC(C)(O)C/C=C/[C@@H]1C(CCCCCCC(=O)OC)C(=O)C[C@H]1O,1,training
CC(=O)C1CC[C@@H]2C3=CC=C4CC(=O)CCC4(C)[C@@H]3CCC12C,0,training
C[C@@H](N=C(N=c1cc[nH]cc1)NC#N)C(C)(C)C,0,training
CON=C(C(=O)NC1C(=O)N2C(C(=O)O)=C(CSc3nc(C)c(CC(=O)O)s3)CS[C@H]12)c1csc(N)n1,0,training
Nc1ccc(S(N)(=O)=O)cc1,0,training
O=C1NCCN1C1CCN(CC[C@H]2COc3ccccc3O2)CC1,1,training
NC(=O)CCCN=C(c1ccc(Cl)cc1)c1cc(F)ccc1O,1,training
CC[C@]1(O)C[C@H]2CN(CCc3c([nH]c4ccccc34)[C@@](C(=O)OC)(c3cc4c(cc3OC)N(C)[C@H]3[C@@](O)(C(=O)OC)[C@H](OC(C)=O)[C@]5(CC)C=CCN6CC[C@]43[C@@H]65)C2)C1,1,training
CCC(=O)N(c1ccccc1)[C@]1(C(=O)OC)CCN(CCc2ccccc2)C[C@@H]1C,1,training
NS(=O)(=O)c1cc2c(cc1Cl)NCNS2(=O)=O,0,training
Oc1ccc(O)n1C[C@H]1CC[C@H]2CN(c3ncccn3)CCN2C1,1,training
NCC[C@@H](O)CN[C@@H]1C[C@H](N)[C@@H](O[C@H]2O[C@H](CN)[C@@H](O)[C@H](O)[C@H]2O)[C@H](O)[C@H]1O[C@H]1O[C@H](CO)[C@@H](O)[C@H](N)[C@H]1O,0,training
C=CC1(C)C[C@H](OC(=O)CSC2C[C@@H]3CC[C@@H](C2)N3C)C2(C)[C@H](C)CCC3(CCC(=O)[C@@H]32)[C@@H](C)[C@H]1O,0,training
CCOC(=O)C(C)(C)Oc1ccc(Cl)cc1,0,training
CC(=O)C[C@@H](c1ccccc1)c1c(O)c2ccccc2oc1=O,0,training
CCCCC(=O)OC1(C(=O)CO)CCC2C3CC=C4CC(=O)C=CC4(C)C3C(O)CC21C,1,training
O=C(c1ccccn1)N1CCN(Cc2ccccc2)CC1,1,training
Nc1nc(N2CCCCC2)cc[n+]1[O-],1,training
COc1ccc(CNc2nc(N3CCC[C@@H]3CO)ncc2C(=O)NCc2ncccn2)cc1Cl,0,training
CCOC[C@@H](O)COc1ccc(NC(=O)CC[S+](C)C)cc1,0,training
N#Cc1ccc2c(c1)N(CCCN1CCC(O)CC1)c1ccccc1S2,1,training
O=C1NC2CCCCN2C12CCN(CCCN1c3ccccc3CCc3ccc(Cl)cc31)CC2,1,training
CN(C)CCCn1cc(-c2ccccc2)c(-c2ccccc2)n1,1,training
COc1cc(C)c(/C=C/C(C)=C/C=C/C(C)=C/C(=O)O)c(C)c1C,0,training
C/C=C/C(=O)N(CCC)C(CC)C(=O)N(C)C,1,training
CCCC(C)(COC(N)=O)COC(=O)NC,0,training
CCCCc1oc2ccc(N=S(C)(=O)[O-])cc2c1C(=O)c1ccc(OCCC[N+](CCCC)CCCC)cc1,0,training
CC(C)c1cn([C@@H]2C[C@@H](O)[C@@H](CO)O2)c(=O)[nH]c1=O,0,training
COc1ccc(-c2ccc3cc(C(=O)O)ccc3c2)cc1C12CC3CC(CC(C3)C1)C2,0,training
CN(CCOc1ccc(Cc2sc(=O)[nH]c2O)cc1)c1ccccn1,0,training
C[N+]1(C)CCCC(OC(=O)C(O)(c2ccccc2)c2ccccc2)C1,0,training
CC(C)NC[C@@H](O)c1cc(O)cc(O)c1,1,training
CCCC(=O)O[C@]1(C(C)=O)CCC[C@H]2[C@@H]3CC=C4CC(=O)C=C[C@]4(C)[C@H]3[C@@H](O)C[C@@]21C,1,training
CN1CCN(CC(=O)[C@@]2(O)CC[C@H]3[C@@H]4CC=C5CC(=O)C=C[C@]5(C)[C@H]4[C@@H](O)C[C@@]32C)CC1,1,training
C=COCC(F)(F)F,1,training
Cc1cnn(-c2c(Cl)cccc2Cl)c1C(=O)NC1C(=O)N2C(C(=O)O)C(C)(C)S[C@H]12,0,training
COc1ccc2c(c1)[C@]13CCCC[C@@H]1[C@H](C2)N(C)CC3,1,training
O=S1(=O)N[C@H]2CCCN2c2ccccc21,0,training
Cc1ccc(N(CC2=NCCN2)c2cccc(O)c2)cc1,0,training
CNCCCC1(c2ccccc2)OC(C)(C)c2ccccc21,1,training
O=C(O)c1cc(-c2ccc(F)cc2F)ccc1O,1,training
C[N+]1(C)CCC(=C(c2ccccc2)c2ccccc2)CC1,0,training
CC(O)C(CO)NC(=O)C1CSSCC(NC(=O)C(N)Cc2ccccc2)C(=O)NC(Cc2ccccc2)C(=O)NC(Cc2c[nH]c3ccccc23)C(=O)NC(CCCCN)C(=O)NC(C(C)O)C(=O)N1,0,training
CN1CCC2=C(C1)[C@H](c1ccccc1)c1ccccc12,1,training
O=c1[nH]c2ccccc2n1CCCN1CCC(Nn2c(=O)[nH]c3cc(Cl)ccc32)CC1,1,training
OCCN1CCN(CC/C=C2/c3ccccc3Sc3ccc(Cl)cc32)CC1,1,training
COc1ccc(N2C[C@H](CN3CCC(O)(c4ccc5c(c4)OCO5)CC3)OC2=O)cc1,1,training
CCOC(=O)N(Cc1ccccc1)C1CC1,1,training
COc1cc2nc(N(C)CCCNC(=O)C3CCCO3)nc(N)c2cc1OC,0,training
CCC(c1cccc(O)c1)[C@H](C)CN(C)C,1,training
CON=C(C(=O)NC1C(=O)N2C(C(=O)O)=C(CSc3nnnn3C)CS[C@H]12)c1csc(N)n1,0,training
NCCC(O)(P(=O)(O)O)P(=O)(O)O,0,training
CCC(O)(COC(N)=O)c1ccccc1,1,training
Cc1ccc2c(c1)C(N1CCN(C)CC1)=Nc1ccccc1S2,1,training
O=C(NCCN1CCN(c2ncccn2)CC1)C12CC3CC(CC(C3)C1)C2,1,training
CC1OC2(CCCCC2Oc2cccc(Cl)c2)NC1=O,1,training
CC(=O)[C@]1(N)C=C2C(=O)c3c(c(O)c4ccccc4c3O)C(=O)C2[C@@H](O[C@H]2C[C@H](O)[C@H](O)CO2)C1,0,training
CCCCCC(=O)OCC(=O)C1C(C)CC2C3CC(F)C4=CC(=O)C=CC4(C)C3C(O)CC21C,1,training
CN(C)CCO[C@@](C)(c1ccccc1)c1ccccn1,1,training
CC(=O)OC1CC[C@@]2(C)C([C@@H]1Br)[C@H](Br)C[C@H]1[C@@H]3CC[C@H]([C@H](C)CCCC(C)C)[C@@]3(C)CC[C@@H]12,1,training
CCN(CC)C(=O)C(C#N)=Cc1cc(O)c(O)c([N+](=O)[O-])c1,1,training
CCN(CC)CCOC1(c2ccc(Cl)cc2)CCCCC1,1,training
C[C@@H]1C[C@H]2C3C[C@H](F)C4=CC(=O)C=CC4(C)[C@@]3(F)[C@@H](O)CC2(C)[C@@]1(O)C(=O)COC(=O)C(C)(C)C,1,training
CC(=O)OCC1=COC(OC(=O)CC(C)C)C2C1=CC(OC(=O)CC(C)C)C21CO1,1,training
CC1(C)O[C@@H]2C[C@H]3C4CC=C5CC(=O)C=CC5(C)[C@H]4C(O)CC3(C)[C@]2(C(=O)CO)O1,1,training
CCCN(CCC)CCc1ccc(O)c2[nH]c(C)cc12,1,training
COC(=O)C1=C(C)N=C(C)C(C(=O)OC(C)C)C1c1cccc2nonc12,1,training
Clc1ccc(COC(Cn2ccnc2)c2ccc(Cl)cc2Cl)cc1,0,training
COc1ccc(C#N)cc1C(=O)NCCN1CCC(C(=O)c2ccc(F)cc2)CC1,1,training
C#CC1(O)C=C[C@H]2[C@H]3CC=C4CC(=O)CCC4[C@H]3CCC21CC,0,training
CCCC(C)C,1,training
COc1cccc2c(O)c3c(c(O)c12)C(=O)C1=C(C[C@@](O)(C(C)=O)C[C@@H]1O[C@H]1C[C@H](N)[C@H](O)[C@H](C)O1)C3=O,0,training
CNC(C)C(=O)c1ccc(OC)cc1,0,training
CCOc1ccc2ccccc2c1C(=O)NC1C(=O)N2C(C(=O)O)C(C)(C)S[C@H]12,0,training
CC(=O)OCC(=O)C1(O)CCC2C3CC=C4CC(=O)CCC4(C)C3(F)C(O)CC21C,1,training
COc1cccc([C@@]2(O)CCCC[C@@H]2CN(C)C)c1,1,training
CCCCNC(=S)Nc1ccccc1,0,training
NNCC1CCCCC1,1,training
CC/C(=C(\c1ccccc1)c1ccc(OCCN(C)C)cc1)c1ccccc1,1,training
CC(=O)OCC(=O)C1C(C)CC2C3CC(F)C4=CC(=O)C=CC4(C)C3(Cl)C(O)CC21C,1,training
Oc1c2c(c(O)n1CCCCN1CCN(c3ncccn3)CC1)C1C=CC2C2C=CC12,1,training
N=C(N)N1CCc2ccccc2C1,0,training
CN1C(=O)CC[C@H]1c1cccnc1,1,training
COC(=O)C1C=C2CC(=O)CC[C@]2(C)[C@@]23O[C@@H]2C[C@@]2(C)[C@@H](CC[C@@]24CCC(=O)O4)[C@H]13,0,training
CC(CN(C)C)CN1c2ccccc2Sc2ccc(C(F)(F)F)cc21,1,training
Cc1nnc2n1-c1sc(Br)cc1C(c1ccccc1Cl)=NC2,1,training
COc1cccc2c(O)c3c(c(O)c12)C(=O)C1=C(C[C@@](O)(C(=O)CO)C[C@@H]1O[C@H]1C[C@H](N)C[C@H](C)O1)C3=O,0,training
CCCCn1ccc(=O)c(O)c1C,1,training
O=C(NC[C@@H]1CN(c2ccc(N3CCOCC3=O)cc2)C(=O)O1)c1ccc(Cl)s1,0,training
COc1ccc2c(c1)C(=CCCN(C)C)c1ccccc1O2,1,training
[N]C(=NC(=N)Nc1ccc(Cl)cc1)NCCCCCCNC([N])=NC(=N)Nc1ccc(Cl)cc1,0,training
CS(=O)(=O)c1ccc2c(c1)N(CCCN1CCC(C(N)=O)CC1)c1ccccc1S2,1,training
Cc1cccc(C2(C(=O)N3CCCC3)CCN(CCCC(=O)c3ccc(F)cc3)CC2)c1,1,training
CCN(CC[C@H](c1ccccc1)c1cc(C)ccc1O)C(C)C,1,training
O=C(OCCN1CCN(c2cccc(C(F)(F)F)c2)CC1)c1ccccc1Nc1ccnc2cc(C(F)(F)F)ccc12,0,training
CN(C)CCC(c1ccc(Cl)cc1)c1ccccn1,1,training
COc1ccc(C2CNC(=O)C2)cc1OC1CCCC1,1,training
CC(=O)/C=C/c1cccs1,0,training
CCNCc1c(CSC)cnc(C)c1O,1,training
Nc1ccn([C@H]2CC[C@@H](CO)O2)c(=O)n1,1,training
CN1C(C(=O)Nc2ccccn2)C(=O)c2sccc2S1(=O)=O,0,training
CN(C)CCCN1c2ccccc2CC(=O)c2ccccc21,1,training
O=c1n(CCCN2CCN(c3cccc(Cl)c3)CC2)nc2ccccn12,1,training
O=C(CCCN1CC=C(n2c(=O)[nH]c3ccccc32)CC1)c1ccc(F)cc1,1,training
Cc1nc(C)c2c(n1)N(Cc1ccc(-c3ccccc3-c3nn[nH]n3)cc1)C(=O)CC2,1,training
CN=C(NC=[N+]([O-])O)NCCSCc1coc(CN(C)C)c1,0,training
CN1CCN(CC(=O)C2(O)CCC3C4CC=C5CC(=O)C=CC5(C)C4C(O)CC32C)CC1,1,training
Fc1ccc(Cn2c([C@H]3CNCCO3)nc3ccccc32)cc1,1,training
c1ccc2c(c1)CCN1CCNCC21,1,training
O=C(O)CCCO,1,training
C=CCC1(C(C)C#CCC)C(=O)NC(=O)N(C)C1=O,1,training
Cc1nc(NS(=O)(=O)c2ccc(N)cc2)oc1C,0,training
CN(C)C1C(=O)C(C(=O)NCN2CCN(C(N)=NC(=N)N)CC2)C(=O)C2(O)C(=O)C3C(=O)c4c(O)cccc4C(C)(O)C3CC12,0,training
CCC(C)C(CC)C(N)=O,1,training
Clc1ccc([C@@H]2[C@H]3CC[C@@H](C3)C23CCC(N2CCOCC2)=N3)cc1,1,training
CCC(C)CC,1,training
C[C@@H]1OC2(CS1)CN1CCC2CC1,0,training
NS(=O)(=O)c1cc2c(cc1Cl)N=CNS2(=O)=O,0,training
CC(C)(C)C(O)C=Cc1ccc2c(c1)OCO2,1,training
O=C(NCCS(=O)(=O)O)c1cccs1,0,training
CC(=O)NCCn1c(C)cc(C=O)c1C,1,training
OCC(Br)(Br)Br,1,training
CCCc1[nH]c(C(C)(C)O)c(C(=O)[O-])[n+]1Cc1ccc(-c2ccccc2-c2nn[nH]n2)cc1,0,training
FC(F)(F)c1cccc(C2=CCN(CCc3ccc4ccccc4c3)CC2)c1,1,training
NCCC(Oc1ccc(C(F)(F)F)cc1)c1ccccc1,1,training
CN(C)C1C(=O)C(C(=O)NCN2CCN(CCO)CC2)C(=O)C2(O)C(=O)C3C(=O)c4c(O)cccc4C(C)(O)C3CC12,0,training
Cc1nnc(SCC2=C(C(=O)O)N3C(=O)C(NC(=O)C(O)c4ccccc4)C3SC2)s1,0,training
NCC1CC(=O)N(Cc2ccccc2)C1,1,training
OCCN1CCN(CC/C=C2\c3ccccc3Sc3ccc(Cl)cc32)CC1,1,training
O=[N+]([O-])C1=CC=NC1NCCSCc1ncccc1Br,1,training
CCN1CCCC1CNC(=O)c1cc(S(N)(=O)=O)ccc1OC,1,training
CCCc1nc(C)c2c(=O)[nH]c(-c3cc(S(=O)(=O)N4CCN(CC)CC4)ccc3OCC)nn12,0,training
O=C(Cn1cnnn1)NC1C(=O)N2C(C(=O)O)=C(CSc3nncs3)CS[C@H]12,0,training
NC(=O)C1c2ccccc2C=Cc2ccccc21,1,training
CCNc1nc(O)c(-c2ccccc2)o1,1,training
NCCn1ncc2cc(Cl)c(Cl)cc21,1,training
C=CCN1CCC23c4c5ccc(O)c4OC2C(=O)CCC3(O)C1C5,1,training
O=C(NCCCN1CCOCC1)c1ccc(Cl)cc1,1,training
Cc1cc(CC(=O)O)n(C)c1C(=O)c1ccc(Cl)cc1,1,training
CCOc1ccccc1O[C@@H](c1ccccc1)[C@@H]1CNCCO1,1,training
CN1CCC(C)(CN2c3ccccc3Sc3ccccc32)C1,1,training
C=C[C@H]1CN2CC[C@H]1C[C@@H]2[C@@H](O)c1ccnc2ccc(OC)cc12,1,training
CN1CCN(C2=Nc3ccccc3Cc3ccccc32)CC1,1,training
CCCCC1CCN(CCCN2C(=O)CCc3ccccc32)CC1,1,training
Cc1c(-c2ccccc2)oc2c(C(=O)OCCN3CCCCC3)cccc2c1=O,0,training
CC(=O)C1(O)C(C)CC2C3CC=C4CC(=O)C=CC4(C)C3(F)C(O)CC21C,1,training
CC(C)NC(=O)OC1CCN(CCCC(=O)c2ccc(F)cc2)CC1,1,training
CCn1nnn(CCN2CCC(N(C(=O)COC)c3ccccc3F)C(C)C2)c1=O,1,training
CC(C)(C)NC(=O)C1CC[C@@H]2[C@@H]3CC[C@@H]4NC(=O)C=C[C@@]4(C)[C@@H]3CC[C@@]12C,1,training
On1ccccc1=S,0,training
CC[C@H]1CC(=O)C2Oc3c(OC)ccc4c3[C@@]23CCN(CC2CC2)C(C4)[C@H]13,1,training
NC1CONC1=O,1,training
OC(c1ccccc1)(c1ccccc1)C1CCNCC1,1,training
CCOC(=O)CCC(=O)O[C@H]1[C@H](O[C@@H]2[C@@H](C)[C@H](O[C@H]3C[C@@](C)(OC)[C@@H](O)[C@H](C)O3)C(C)C(=O)O[C@H](CC)[C@@](C)(O)[C@H](O)C(C)C(=O)C(C)C[C@@]2(C)O)O[C@H](C)C[C@@H]1N(C)C,0,training
CN1CCCCC1CCN1c2ccccc2Sc2ccc(S(C)(=O)=O)cc21,1,training
CN(C)CCN(Cc1cccs1)c1ccccn1,1,training
CC1(C)OC2CC3C4CCC5CC(=O)CCC5(C)C4(F)C(O)CC3(C)C2(C(=O)CO)O1,1,training
CC(CC#N)N(C)CC(=O)N(C)c1ccc(Cl)cc1C(=O)c1ccccc1F,1,training
CCc1cccc2c3c([nH]c12)C(CC)(CC(=O)O)OCC3,0,training
COC(=O)c1cncn1C(C)c1ccccc1,1,training
CN=C(C=[N+]([O-])[O-])NCCSCc1ccc(C[N+](C)C)o1,0,training
OCCN1CCN(CC/C=C2\c3ccccc3Sc3ccc(C(F)(F)F)cc32)CC1,1,training
COc1cc2c3c(c1O)C1(C=CC(=O)C=C1)CC3N(C)CC2,1,training
CNCC[C@H](Oc1cccc2ccccc12)c1cccs1,1,training
CCNC(NC#N)NCCSCc1ncccc1Br,0,training
CC(C)(C)c1cnc(CSc2cnc(NC(=O)C3CCNCC3)s2)o1,0,training
CCCCCC1(CC)C(=O)NC(=O)NC1=O,0,training
Cc1cn(-c2cc(NC(=O)c3ccc(C)c(Nc4nccc(-c5cccnc5)n4)c3)cc(C(F)(F)F)c2)cn1,0,training
C[C@@H]1CC2C3C[C@H](F)C4=CC(=O)C=CC4(C)[C@@]3(F)C(O)CC2(C)C1C(=O)CO,1,training
NC12CC3CC(CC(C3)C1)C2,1,training
OCCN1CCN(CC/C=C2/c3ccccc3COc3ccc(Cl)cc32)CC1,1,training
CC(=O)SCC(Cc1ccccc1)C(=O)NCC(=O)OCc1ccccc1,1,training
Cc1ccccc1C(=O)Nc1ccc(C(=O)N2CCC[C@@H](O)c3cc(Cl)ccc32)c(C)c1,0,training
C[C@H](O)C1C(=O)N2C(C(=O)OCOC(=O)C(C)(C)C)=C(SC3CN(C4=NCCS4)C3)[C@@H](C)[C@@H]12,0,training
CN(C)Cc1ccc(CSCCNc2[nH]cc(Cc3ccccc3)c2[N+](=O)[O-])o1,1,training
CCC(OC(C)=O)C(CC(C)N(C)C)(c1ccccc1)c1ccccc1,1,training
CCC(=O)O[C@]1(C(=O)SCF)[C@H](C)C[C@H]2[C@@H]3C[C@H](F)C4=CC(=O)C=C[C@]4(C)[C@@]3(F)[C@@H](O)C[C@@]21C,1,training
CN(C)CC/C=C1/c2ccccc2Sc2ccc(Cl)cc21,1,training
Nc1ccc2c(c1)[N+]=c1cc(N)ccc1=C2,0,training
Nc1ccc(S(=O)(=O)Nc2ncccn2)cc1,1,training
Cc1cccc(C)c1NC(=O)c1ccc(N)cc1,1,training
Cc1ccc(Cc2c[nH]c(NCCSCc3ccc(C(C)(C)N)o3)nc2=O)cn1,0,training
CCC1C(=O)NC(=O)C1(C)c1ccccc1,1,training
CCCC(C)(COC(N)=O)COC(=O)NC(C)C,1,training
ON1CC(=NCC2CC2)N=c2ccc(Cl)cc2=C1c1ccccc1,1,training
COc1cc2nc(N3CCN(C(=O)C4COc5ccccc5O4)CC3)nc(N)c2cc1OC,1,training
O=C(c1ccc(OCCN2CCCCC2)cc1)c1c(-c2ccc(O)cc2)sc2cc(O)ccc12,0,training
Oc1cccc(C2=C3C=CC(=[N+]3)C(c3cccc(O)c3)=c3ccc([nH]3)=C(c3cccc(O)c3)C3=NC(=CC3)C(c3cccc(O)c3)c3ccc2[nH]3)c1,0,training
CN1CC(C(=O)N[C@]2(C)O[C@@]3(O)[C@@H]4CCCN4C(=O)C(Cc4ccccc4)N3C2=O)C[C@@H]2c3cccc4[nH]cc(c34)C[C@H]21,0,training
O=C1CN=C(c2ccccc2)c2cc(Cl)ccc2N1,1,training
O=C1CN=C(c2ccccc2)c2cc(Cl)ccc2N1CCOCC1CC1,1,training
Cc1cccn2c(=O)c(-c3nn[nH]n3)cnc12,0,training
CC1(C)O[C@@H]2C[C@H]3[C@@H]4C[C@H](F)C5=CC(=O)C=C[C@]5(C)[C@@]4(Cl)[C@@H](Cl)C[C@]3(C)[C@]2(C(=O)CCl)O1,1,training
COc1ccc(C2(C#N)CCC(C(=O)O)CC2)cc1OC1CCCC1,1,training
CC(C)n1cc2c3c(cccc31)[C@H]1CC(C(=O)NC3CCCCC3)CN(C)[C@@H]1C2,1,training
C#C[C@@]1(O)C=C[C@@H]2[C@@H]3CC=C4CC(=O)CCC4[C@@H]3CC[C@@]21CC,1,training
CON=C(C(=O)NC1C(=O)N2C(C(=O)O)=C(/C=C/Sc3n[nH]c(=O)c(=O)n3CC=O)CS[C@H]12)c1csc(N)n1,0,training
OC1(c2ccc(Cl)cc2)c2ccccc2C2=NCCN21,1,training
c1ccc2nc(N3CCNCC3)ccc2c1,1,training
Cc1nnc(SCC2=C(C(=O)O)N3C(=O)C(NC(=O)C(O)c4ccccc4)[C@H]3SC2)s1,0,training
CCN(CC)C(=O)CNC(=O)c1cc(OC)c(OC)c(OC)c1,1,training
CC12CCC(=O)C=C1CCC1C2C(O)CC2(C)C1CCC2(O)C(=O)CS,1,training
CN[C@@H](C)[C@@H](O)c1ccccc1,0,training
CC(Oc1ccccc1)C(=O)NC1C(=O)N2C1SC(C)(C)C2C(=O)O,0,training
Cc1cc(=O)n(-c2ccccc2)n1C,1,training
COC1C(O)C(N)C(OC2OC(C(C)N)CCC2N)C(O)C1N(C)C(=O)CN,0,training
CC1CC2C3CC(F)C4=CC(=O)C=CC4(C)C3(F)C(O)CC2(C)C1C(=O)COC(=O)C(C)(C)C,1,training
CC(C)N(CCNC(=O)CN1CCCC1=O)C(C)C,1,training
C=C[C@H]1CN2CC[C@@H]1C[C@H]2[C@H](O)c1ccnc2ccc(OC)cc12,0,training
CON=C(C(=O)NC1C(=O)N2C(C(=O)O)=C(COC(C)=O)CSC12)c1ccco1,0,training
CC(C)Nc1cccnc1N1CCN(C(=O)c2cc3cc(NS(C)(=O)=O)ccc3[nH]2)CC1,0,training
CC(=O)OCC(=O)[C@@]1(O)CC[C@H]2[C@@H]3CC(C)=C4CC(=O)C=C[C@]4(C)[C@H]3[C@@H](O)C[C@@]21C,1,training
CCCCOc1ccc(C(=O)CCN2CCCCC2)cc1,0,training
Cn1nc(-c2cccnc2)nc1-c1ccccc1CO,1,training
CCCCC1CC(=O)C2(O)OC3C(NC)C(O)C(NC)C(O)C3OC2O1,0,training
COc1cccnc1CCCCNc1nc(=O)c(Cc2ccc(C)nc2)c[nH]1,0,training
C[n+]1ccccc1C=NO,0,training
CN1CCN(CCCN2c3ccccc3Sc3ccc(Cl)cc32)CC1,1,training
C=C1CC2C3=CC=C4CC(=O)CC[C@]4(C)C3[C@@H](O)C[C@]2(C)[C@@]1(O)C(=O)CO,1,training
Oc1c2c(c(O)n1CCCCN1CCN(c3nsc4ccccc34)CC1)CCCC2,1,training
O=C(Cc1ccc(Cl)c(Cl)c1)N1CCc2occc2[C@H]1CN1CCCC1,1,training
CN(C(=O)CNC(=O)CN)c1ccc(Cl)cc1C(=O)c1ccccc1Cl,1,training
Nc1[nH]c(=O)ncc1F,1,training
CC(=O)OCC1=C(C(=O)O)N2C(=O)C(NC(=O)CC#N)C2SC1,0,training
c1ccc(C2CN3CCSC3=N2)cc1,1,training
N=C1c2ccccc2[N+]=C2CCCCC12,1,training
CC(=O)C1CC[C@H]2[C@@H]3CC[C@H]4C[C@H](O)CC[C@]4(C)C3C(=O)C[C@]12C,1,training
NC(C(=O)NC1C(=O)N2C(C(=O)O)=C(CSc3c[nH]nn3)CSC12)c1ccc(O)cc1,0,training
C=CCC1(C2C=CCCC2)C(=O)NC(=S)NC1=O,1,training
COc1cc([C@H]2c3cc4c(cc3[C@@H](O)[C@H]3COC(=O)C23)OCO4)cc(OC)c1OC,0,training
O=C(c1cc2ccccc2o1)N1CCN(Cc2ccccc2)CC1,1,training
COc1cc2nc(N3CCN(C(=O)c4ccco4)CC3)nc(C)c2cc1OC,0,training
O=C(CCCN1CCC2(CC1)C(=O)NCN2c1ccc(F)cc1)c1ccc(F)cc1,1,training
CC(=O)[C@@]12OC(C)(C)O[C@@H]1C[C@H]1[C@@H]3CC=C4CC(=O)CC[C@]4(C)[C@H]3CC[C@@]12C,1,training
CN(C)c1ccccc1Sc1ccc(CCF)cc1N,1,training
CC(=O)NCC1(c2ccccc2)CCN(CCCC(=O)c2ccc(F)cc2)CC1,1,training
COC12C[C@H](COC(=O)c3cncc(Br)c3)CN(C)[C@@H]1Cc1cn(C)c3cccc2c13,1,training
O=C(c1ccc(F)cc1)C1CCN(CCCn2c(=O)[nH]c3cc(Cl)ccc32)CC1,1,training
CC(C)N=c1cc2n(-c3ccc(Cl)cc3)c3ccccc3nc-2cc1Nc1ccc(Cl)cc1,0,training
Cc1ccccc1N1C(=O)c2cc(S(N)(=O)=O)c(Cl)cc2N[C@@H]1C,1,training
NC(C(=O)O)C(O)c1ccc(O)c(O)c1,1,training
CCOC(=O)C1(c2ccccc2)CCN(CCc2ccc(N)cc2)CC1,1,training
CCCCCC(=O)CC[C@]1(C)[C@@H]2Cc3ccc(O)cc3[C@@]1(C)CCN2C,1,training
OC(CCN1CCCC1)(c1ccccc1)C1CCCCC1,1,training
C=CC1=C(C(=O)O)N2C(=O)C(NC(=O)C(=NO)c3csc(N)n3)C2SC1,0,training
c1cc2ccc3cccc4ccc(c1)c2c34,1,training
C[C@H]1C[C@H]2[C@@H]3CC=C4CC(=O)C=C[C@]4(C)[C@@]3(Cl)[C@@H](O)C[C@]2(C)[C@@]1(O)C(=O)CO,1,training
O=C1CC(=O)N(c2ccccc2)c2cc(Cl)ccc2N1,1,training
CCCCCCC1(CC)C(=O)NC(=O)NC1=O,1,training
Cc1nc2c([nH]1)-c1ccccc1N(C(=O)c1ccc(NC(=O)c3ccccc3-c3ccccc3)cc1)CC2,0,training
N#Cc1ccc2c(c1)CCN(CCC1CCC(NC(=O)c3ccnc4ccccc34)CC1)C2,1,training
COc1ccc(C(Cl)=C(c2ccc(OC)cc2)c2ccc(OC)cc2)cc1,0,training
CNC(=O)CCN1CCN(CCC=C2c3ccccc3Sc3ccc(Cl)cc32)CC1,1,training
CC(=O)NS(=O)(=O)c1ccc(N)cc1,0,training
CC1(C)C(=NC(=O)C(NOCC(=O)O)c2csc(N)n2)C(=O)N1OS(=O)(=O)O,0,training
CCNC(=O)C=Cc1cccc(Br)c1,1,training
CC(C)CC(N)C(=O)NC(CCCN)C(=O)NC(C(=O)NC(CCCN)C(=O)N1CCCC1C(=O)NC(C=O)Cc1ccccc1)C(C)C,0,training
CC[C@H]1CN2CCc3cc(OC)c(OC)cc3[C@@H]2C[C@@H]1C[C@H]1NCCc2cc(OC)c(OC)cc21,0,training
CCCCCCC(C)(C)c1cc(O)c2c(c1)OC(C)(C)[C@@H]1CCC(=O)C[C@@H]21,1,training
CCN1CCC[C@H]1CNC(=O)c1c(OC)ccc(Br)c1OC,1,training
CC(COc1ccccc1)NN,1,training
CC1(C)O[C@@H]2[C@@H](CO[C@@]3(COS(N)(=O)=O)OC(C)(C)O[C@@H]23)O1,1,training
Nc1nc(=S)c2[nH]cnc2[nH]1,0,training
CNCCC=C1c2ccccc2C2CC2c2ccccc21,1,training
C=C1C[C@H]2[C@H](CCC3(C)C(=O)CC[C@@H]23)C2(C)C=CC(=O)C=C12,0,training
CC(C)(C)NCC(O)c1cc(O)cc(O)c1,0,training
C[C@@H]1C[C@H]2[C@@H]3CC=C4CC(=O)C=C[C@]4(C)[C@@]3(F)[C@@H](O)C[C@]2(C)C1C(=O)CO,1,training
CC1CC2C3CC(F)C4=CC(=O)C=CC4(C)C3C(O)CC2(C)C1C(=O)CO,1,training
CN(C)CCOC(C)(c1ccccc1)c1ccccn1,1,training
Clc1cc(Br)cc(Cl)c1NC1=NCCN1,1,training
CCCCC[C@H](O)/C=C/[C@@H]1C(CCCCCCC(=O)O)C(=O)C[C@H]1O,0,training
CCOC(=O)OC1(C(=O)OCCl)CCC2C3CC=C4CC(=O)C=CC4(C)C3C(O)CC21C,1,training
CN1CC[C@]23c4c5ccc(O)c4OC2C(=O)CC[C@@]3(O)[C@H]1C5,1,training
COC(=O)C1[C@H]2C[C@@H]3c4[nH]c5ccc(Cl)cc5c4CCN3C[C@H]2C[C@@H](OC(=O)c2cc(OC)c(OC)c(OC)c2)[C@@H]1OC,1,training
CCC1(CC)C(=O)NC(=O)NC1=O,1,training
CNC(C)C1CCC(N)C(OC2C(N)CC(N)C(OC3OCC(C)(O)C(NC)C3O)C2O)O1,0,training
C[C@]12CC[C@H]3[C@@H](CC=C4CC(=O)CC[C@@]43C)[C@@H]1CC[C@@H]2O,0,training
CC(C)=c1nc(N(C)S(C)(=O)=O)nc(-c2ccc(F)cc2)c1=CC[C@H](O)C[C@@H](O)CC(=O)O,0,training
Nc1nc(Cl)nc2c1ncn2[C@@H]1O[C@H](CO)[C@H](O)[C@@H]1F,0,training
CCCC(=O)N(C)Cc1c(-c2ccc(Cl)cc2)nc2ccccn12,1,training
Cc1ccccc1C,1,training
CN(C)CCCN1c2ccccc2C(c2ccccc2)=Nc2cccnc21,1,training
CO[C@@H]1[C@H](OC(N)=O)[C@H](O)[C@H](Oc2ccc3c(=O)c(NC(=O)c4ccc(O)c(CC=C(C)C)c4)c(O)oc3c2C)OC1(C)C,0,training
CC(C)(ON=C(C(=O)NC1C(=O)N2C(C(=O)[O-])=C(C[n+]3ccccc3)CS[C@H]12)c1csc(N)n1)C(=O)O,1,training
CCN[C@@H]1C[C@H](N)[C@@H](O[C@H]2OC(CN)=CC[C@H]2N)[C@H](O)[C@H]1O[C@H]1OC[C@](C)(O)[C@H](NC)[C@H]1O,0,training
CC(C)Br,1,training
Nc1ccc(S(=O)(=O)c2ccc(O)cc2)cc1,1,training
CC(O)=NO,0,training
CN(C)CC1=Cc2ccccc2Sc2ccccc21,1,training
Cc1ncc2n1-c1ccc(Cl)cc1C(c1ccccc1Cl)=NC2,1,training
CN(C)C1C(=O)C(C(N)=O)C(=O)[C@@]2(O)C(=O)C3C(=O)c4c(O)ccc(Cl)c4[C@@H](O)[C@H]3C[C@@H]12,0,training
CCC[C@H](C)CC,1,training
CC(C)(C)[C@]1(O)CCN2C[C@H]3c4ccccc4CCc4cccc(c43)[C@@H]2C1,1,training
CC(C)(C)c1ccc(CN2CCN(C(c3ccccc3)c3ccc(Cl)cc3)CC2)cc1,1,training
C=CCC(N)Cc1ccccc1,1,training
Oc1c(Cl)cc(Cl)cc1Cc1c(O)c(Cl)cc(Cl)c1Cl,0,training
COc1ncnc(NS(=O)(=O)c2ccc(N)cc2)c1OC,0,training
CCCC(C(=O)N=C1C(=O)N2C(C(=O)O)=C(COC(N)=O)CSC12)c1csc(N)n1,0,training
CNC(=O)c1c(NCC2CCC3(CCC3)CC2)nc(C#N)nc1OCC1CCN(C(C)=O)CC1,0,training
COc1cc(C(=O)/C=C/N2CC=CC2)cc(OC)c1OC,1,training
CCCC(CCC)C(N)=O,1,training
O=C(C1CCCCC1)N1CC(=O)N2CCc3ccccc3[C@H]2C1,1,training
CCC1NC(=O)C(NC(=O)c2ncccc2O)C(C)OC(=O)C(c2ccccc2)NC(=O)C2CC(=O)CCN2C(=O)C(Cc2ccccc2)N(C)C(=O)C2CCCN2C1=O,0,training
CCN(CC)CC(=O)Oc1ccc(NC(C)=O)cc1,1,training
CCC(=O)C(CCN(C)C)(c1ccccc1)c1ccccc1,1,training
CN(C)CCC1(C)OCCC2=C1Cc1ccccc12,1,training
c1ccc(C2CN=C3NCCN32)cc1,1,training
CN1CC[C@@]2(C)c3cc(OC(=O)N4CCc5ccccc5C4)ccc3N(C)[C@@H]12,1,training
COc1ccc(C(=O)N2CCN(c3ccc4c(c3)CCC(=O)N4)CC2)cc1OC,0,training
CC[N+](CC)(CC)CCOc1cccc(OCC[N+](CC)(CC)CC)c1OCC[N+](CC)(CC)CC,0,training
COc1cc2c(cc1OC)CN(CCc1ccc(NC(=O)c3cccc4c(=O)c5cccc(OC)c5[nH]c34)cc1)CC2,0,training
COc1cccc2c(O)c3c(c(O)c12)C(=O)C1=C(CC(O)(C(=O)CO)CC1O)C3=O,0,training
COc1ccc(C(=O)N2CCCC2=O)cc1,1,training
CCCN[C@H]1CCc2nc(N)sc2C1,1,training
CCN1CCC[C@H]1CNC(=O)c1c(O)c(Cl)cc(Cl)c1OC,1,training
CN1CC[C@H](CN2c3ccccc3Sc3ccccc32)C1,1,training
O=C(c1ccc(F)cc1)C1CCN(CCn2c(=O)[nH]c3ccccc3c2=O)CC1,1,training
NC(=O)c1ccccc1O,1,training
CCNC(=O)/C=C/c1cccc(Br)c1,1,training
Cc1ncc(CSSCc2cnc(C)c(O)c2CO)c(CO)c1O,1,training
Cc1cn(-c2cccc(Nc3ncnc4c3CCc3ccccc3-4)c2)cn1,1,training
CCC(C)(C)C(=O)O[C@H]1C[C@@H](C)C=C2C=C[C@H](C)[C@H](CC[C@@H]3C[C@@H](O)CC(=O)O3)[C@H]21,1,training
COc1ccc(NS(=O)(=O)c2ccc(N)cc2)nn1,0,training
Cc1ccc(NC(=O)c2ccc(CN3CCN(C)CC3)cc2)cc1Nc1nccc(-c2cccnc2)n1,0,training
CON=C(C(=O)NC1C(=O)N2C(C(=O)O)=C(/C=C\c3scnc3C)CS[C@H]12)c1csc(N)n1,0,training
C[N+](C)(CCOc1ccccc1)Cc1ccccc1,0,training
Fc1ccc(C(CCCN2CCN(CCNc3ccccc3)CC2)c2ccc(F)cc2)cc1,1,training
CSC(=O)C1(OC(C)=O)C(C)CC2C3CC=C4CC(=O)C=CC4(C)C3(F)C(O)CC21C,1,training
CC(C)N(CC[C@](C(N)=O)(c1ccccc1)c1cccnc1)C(C)C,1,training
COCC(=O)N(c1ccccc1F)C1CCN(CCc2ccccc2)CC1,1,training
Cc1ccc(/C(=C/CN2CCCC2)c2ccccn2)cc1,1,training
CC(C)N(CCC(C(N)=O)(c1ccccc1)c1ccccn1)C(C)C,0,training
COc1cc2[nH]c(C)c(CCN3CCN(c4ccccc4)CC3)c2cc1OC,1,training
O=[N+]([O-])O[C@@H]1CO[C@H]2[C@H]1OC[C@H]2O[N+](=O)[O-],1,training
CNCCCN1c2ccccc2C(C)(C)c2ccccc21,1,training
CN(C)Cc1ccccc1Sc1ccc(F)cc1N,1,training
COc1cccc(CC(=O)N2CCN(C(C)=O)C[C@@H]2CN2CC[C@@H](O)C2)c1,0,training
CCCCN1C[C@H](O)[C@H](O)[C@H](O)[C@@H]1CO,1,training
CCN(CC)c1ccc(NC(=O)c2ccccc2N)c(C)c1,1,training
CC(c1noc2ccc(Cl)cc12)n1ccnc1,1,training
CC1=CC2[C@H]([C@@H](O)C[C@@]3(C)[C@H]2C[C@@H](C)[C@]3(O)C(=O)COC(=O)c2cccc(S(=O)(=O)O)c2)[C@@]2(C)Cc3cnn(-c4ccccc4)c3C=C12,1,training
Clc1cccc(Cl)c1NC1=NCCN1,1,training
CCNC1(c2cccs2)CCCCC1=O,1,training
NCc1ccccc1CC(=O)NC1C(=O)N2C(C(=O)O)=C(CSc3nnnn3CC(=O)O)CS[C@H]12,0,training
CCC(C)(C)O,1,training
Cc1nc(-c2csc(=NC(=N)N)[nH]2)c[nH]1,0,training
N=C(CCSCc1csc(N=C(N)N)n1)NS(N)(=O)=O,1,training
CN1CC[C@]23NC(=O)CC(c4cc(Cl)ccc4O2)C3C1,1,training
CN1CCN(CCN2CCN(CCCN3c4ccccc4Sc4ccc(Cl)cc43)CC2)C1=O,1,training
CNC(=O)c1c(NCC2CCC3(CCC3)CC2)nc(C#N)nc1OCC1CCNCC1,0,training
COc1cc(OC)cc(N(CCNC(C)C)c2ccc3ncc(-c4cnn(C)c4)nc3c2)c1,0,training
CNCCCN1c2ccccc2Sc2ccccc21,1,training
CNCCC(O)C1CC(SC2=C(C(=O)O)N3C(=O)C(C(C)O)C3C2C)CN1,0,training
CCN1CCCC1CNC(=O)c1cc(S(=O)(=O)CC)c(N)cc1OC,1,training
O=C(OCC(Cl)(Cl)Cl)OCC(Cl)(Cl)Cl,1,training
CNC(=O)Oc1ccc2c(c1)[C@]1(C)CCN(C)[C@@H]1N2C,1,training
Cc1nc(N)nc(N)c1-c1ccc(Cl)c(Cl)c1,1,training
C[C@]12C=CC(=O)C=C1[C@@H](F)C[C@@H]1[C@@H]2[C@@H](O)C[C@@]2(C)[C@H]1CC[C@]2(O)C(=O)CO,1,training
Cc1ccc(-c2ncc(Cl)cc2-c2ccc(S(C)(=O)=O)cc2)cn1,0,training
Clc1ccc(C(Cn2ccnc2)OCc2ccsc2Cl)c(Cl)c1,0,training
CC12CCC(=O)C=C1CCC1C2C2CC3(C(O)O2)C(C(=O)CO)CCC13,0,training
CC1(C)SC2C(NC(=O)C(N)C3=CCC=CC3)C(=O)N2C1C(=O)O,0,training
CC(C)C(CCCCCC(=O)O)NCc1ccc(F)cc1,1,training
C[C@H]1C2C(=O)c3ccc(O)cc3[C@]1(C)CCN2CC1CC1,1,training
CCCCC(=O)O[C@]1(C(=O)CO)CCC2C3CC(F)C4=CC(=O)C=CC4(C)C3C(O)CC21C,1,training
CC(C)NNC(=O)COc1ccc(Cl)cc1,1,training
CSc1c(Cl)nc(NC(C)C)nc1N1CCN(C)CC1,1,training
CCCOC(=O)c1cncn1C(C)c1ccccc1,1,training
CN1Cc2c(-c3noc(C(C)(CO)CO)n3)ncn2-c2cccc(Cl)c2C1=O,0,training
COc1ccc2c(c1OC)C13CCN(C)C(C2)C1(O)CCC(O)C3,1,training
Cc1cn([C@H]2O[C@@H](CO)[C@@H](O)[C@H]2F)c(=O)[nH]c1=O,0,training
Clc1cc(Cl)c2c(c1)CCc1ccccc1[C@H]2n1ccnc1,0,training
CN1[C@@H]2CCC[C@H]1CC(NC(=O)c1nn(C)c3ccccc13)C2,1,training
c1cncc(CC2(Cc3ccncc3)c3cccnc3-c3ncccc32)c1,1,training
CN(C/C=C/C#CC(C)(C)C)Cc1cccc2ccccc12,0,training
CCC(=O)C(CC(C)N(C)C)(c1ccccc1)c1ccccc1,1,training
CC(O)Cn1cnc2c1c(=O)n(C)c(=O)n2C,1,training
Cc1nc2cc(CNC3CCCNC3c3ccccc3)c(OC(C)C)cc2s1,1,training
C=COC=C,1,training
CC(=O)OCC(=O)C1(O)C(C)CC2C3CC(F)C4=CC(=O)C=CC4(C)C3C(O)CC21C,1,training
CCCN1C[C@@H](NS(=O)(=O)N(CC)CC)C[C@@H]2Cc3c(O)cccc3CC21,1,training
CCC[C@@H]1CC(C(=O)NC(C(C)Cl)[C@H]2O[C@H](SC)[C@H](O)[C@@H](O)[C@H]2O)N(C)C1,0,training
CNCC[C@@H](O)[C@@H]1C[C@H](SC2=C(C(=O)O)N3C(=O)C([C@@H](C)O)[C@H]3[C@H]2C)CN1,0,training
CC1(C)OC(=O)NC1=O,1,training
CC1(c2ccccc2)O[C@@H]2C[C@H]3[C@@H]4CC=C5CC(=O)C=C[C@]5(C)[C@@]4(F)[C@@H](O)C[C@]3(C)[C@]2(C(=O)CO)O1,1,training
COCC1=C(C(=O)O)N2C(=O)C(=NC(=O)C(NOC)c3csc(N)n3)[C@H]2SC1,0,training
CC1(C)S[C@@H]2C(NC(=O)C(c3ccccc3)S(=O)(=O)O)C(=O)N2C1C(=O)O,0,training
CN(C)CC(O)C(c1ccccc1)c1cccc(Cl)c1,1,training
CCOC(=O)c1c(CSc2ccccc2)n(C)c2cc(Br)c(O)c(CN(C)C)c12,0,training
COc1c(N2CCN[C@@H](C)C2)c(F)cc2c(=O)c(C(=O)O)cn(C3CC3)c12,1,training
N[C@H]1[C@@H](O)[C@@H](O)[C@@H](CO)O[C@H]1O,0,training
Nc1nc(=O)c2ncn(COCCO)c2[nH]1,1,training
CN(C)CCCN1c2ccccc2CCc2ccccc21,1,training
CN(C)C1C(=O)C(C(N)=O)C(=O)[C@@]2(O)C(=O)C3C(=O)c4c(O)cccc4[C@@](C)(O)[C@H]3[C@H](O)[C@@H]12,0,training
CCOC(=O)C1=C(C)N=C(C)C(C(=O)OC)C1c1cccc(Cl)c1Cl,0,training
CC(C)(C)C(=O)SCC(=O)C1(O)CCC2C3CC=C4CC(=O)CCC4(C)C3C(O)CC21C,1,training
CC(C)C(=O)Oc1ccc(CO)cc1[C@H](CCN(C(C)C)C(C)C)c1ccccc1,1,training
CNCC(O)c1ccc(O)c(O)c1,0,training
Cc1[nH]ccc2c1[nH]c1cc(=O)ccc12,1,training
CN1CCN(C2=Cc3cc(Cl)ccc3C(=CC#N)c3ccccc32)CC1,1,training
CCCCCCCCCCCCCCCC(=O)OCCC1CCN(CCCN2c3ccccc3Sc3ccc(S(=O)(=O)N(C)C)cc32)CC1,1,training
C[C@@H]1C[C@H]2C3C[C@H](F)C4=CC(=O)C=C[C@]4(C)[C@@]3(Cl)[C@@H](O)C[C@]2(C)C1C(=O)COC(=O)C(C)(C)C,1,training
C[C@@H]1C[C@H]2[C@@H]3C[C@H](F)C4=CC(=O)C=C[C@]4(C)[C@@]3(Cl)[C@@H](O)C[C@]2(C)C1C(=O)CO,1,training
CC(=O)C1CCC2C3CC(C)=C4CC(=O)C=CC4(C)C3C(O)CC12C,1,training
CNC[C@@H]1CN(c2ccc(OCc3cccc(Cl)c3)cc2)C(=O)O1,1,training
CCCCCOC(C)=O,1,training
CCc1ccc(-n2cnc3c(sc4nccc(N(C)C)c43)c2=O)cc1,0,training
C1=C(CC2=NCNC2)CCc2ccccc21,1,training
CN1Cc2c(-c3noc(C(C)(C)O)n3)ncn2-c2cccc(Cl)c2C1=O,0,training
C#CC1(OC(C)=O)CC[C@@H]2[C@@H]3CCC4=C[C@H](OC(C)=O)CC[C@@H]4[C@@H]3CCC21C,0,training
CC1(C)[C@@H]2CC[C@@]1(C)C(=O)C2,1,training
CCC1(C)OC(=O)N(C)C1=O,1,training
CCC(C)C(CC)C(=O)NC(N)=O,1,training
Cc1nnc2n1-c1ccc(Cl)cc1C(c1ccccc1)=NC2,1,training
CN1CCCC(CN2c3ccccc3Sc3ccccc32)C1,1,training
CC1(C)S[C@@H]2C(NC(=O)C(N)C3=CCC=CC3)C(=O)N2C1C(=O)O,0,training
N#Cc1cc(NC(=O)C(=O)O)c(Cl)c(NC(=O)C(=O)O)c1,0,training
CN(C)C1C(=O)C(C(=O)NCNC(C(=O)NC2C(=O)N3C2SC(C)(C)C3C(=O)O)c2ccccc2)C(=O)[C@@]2(O)C(=O)C3C(=O)c4c(O)cccc4[C@@](C)(O)[C@H]3C[C@@H]12,0,training
O=C1NC(=O)[C@@]2(CCN(C(=O)Cc3ccc(Cl)c(Cl)c3)[C@@H](CN3CCCC3)C2)N1,0,training
CCCCc1c(O)n(-c2ccccc2)n(-c2ccccc2)c1=O,0,training
CC[C@H](c1ccccc1)c1c(O)c2ccccc2oc1=O,1,training
CC1(C)C(C=C(Cl)Cl)C1C(=O)OCc1cccc(Oc2ccccc2)c1,0,training
CCCCCCCCC1(CC)C(=O)NC(=O)NC1=O,1,training
O=c1[nH]c(=O)n([C@@H]2C[C@H](O)[C@H](CO)O2)cc1I,0,training
CCc1cc2c(s1)-n1c(C)nnc1CN=C2c1ccccc1Cl,1,training
CO[C@H]1CC[C@H]2[C@H]3Cc4ccc(O)c5c4[C@@]2(CCN3C)[C@H]1O5,1,training
OC1CNCc2ccccc21,1,training
CCOc1ccccc1OCC1CNCCO1,1,training
OC1OC(COCCOC(O)C(Cl)(Cl)Cl)C(OC2OC(COCCOCCOC(O)C(Cl)(Cl)Cl)CC(OC(O)C(Cl)(Cl)Cl)C2O)C(OCCOCCOC(O)C(Cl)(Cl)Cl)C1O,1,training
CCCC(C)(O)C1CC23C=CC1(OC)C1Oc4c(O)ccc5c4C12CCN(C)C3C5,1,training
C1=C(CC2=NCCN2)CCc2ccccc21,1,training
Cc1nccc2c1[nH]c1ccccc12,1,training
NCCCNCCSP(=O)(O)O,0,training
CC(=O)OC(C)C,1,training
CC1(C)S[C@@H]2C(NC(=O)C3(N)CCCCC3)C(=O)N2C1C(=O)O,0,training
Nc1ccc(N=Nc2ccccc2)c(N)n1,0,training
Cc1cc(=O)n(-c2ccccc2)[nH]1,1,training
c1cnc(N2CCNCC2)nc1,1,training
C[C@@H]1C[C@H]2[C@@H]3CC=C4CC(=O)C=C[C@]4(C)[C@@]3(F)[C@@H](O)C[C@]2(C)[C@@]1(C)C(=O)CO,1,training
CCCN1C[C@H](CSC)C[C@@H]2c3cccc4[nH]cc(c34)C[C@H]21,1,training
CC1=NNC2=CN=C(c3ccccc3Cl)c3cc(Cl)ccc3N21,1,training
CCC[C@@H]1CC(C(=O)NC(C(C)O)[C@H]2O[C@H](SC)[C@H](O)[C@@H](O)[C@H]2O)N(C)C1,0,training
Cc1ccc(-c2c(-c3ccc(S(C)(=O)=O)cc3)cc(Cl)c[n+]2[O-])cn1,1,training
OC(Cn1ccnc1)c1ccc(CCc2ccccc2)cc1,1,training
CO[C@@]1(NC(=O)C(C(=O)O)c2ccc(O)cc2)C(=O)N2C(C(=O)O)=C(CSc3nnnn3C)CO[C@@H]21,0,training
CN(C)C1C(=O)C(C(=O)NCO)C(=O)[C@@]2(O)C(=O)C3C(=O)c4c(O)ccc(Cl)c4[C@@](C)(O)[C@H]3C[C@@H]12,0,training
CO[C@]12CC[C@@]3(C[C@@H]1C(C)(C)O)[C@H]1Cc4ccc(O)c5c4[C@@]3(CCN1CC1CC1)[C@H]2O5,1,training
CN1C(C(=O)Nc2nccs2)C(=O)c2ccccc2S1(=O)=O,1,training
NC(O)=NO,1,training
CNC[C@H](O)c1ccc(O)c(O)c1,0,training
CCCCCCSc1nsnc1C1=CCCN(C)C1,1,training
CN(C)CCN1CCN(c2cccc(Cl)c2)C1=O,1,training
Nc1ccc(S(=O)(=O)c2ccc(N)cc2)cc1,0,training
COC(=O)CCC(=O)CN,0,training
CO[C@@H]1[C@@H](OC2O[C@H](C)[C@@H](O[C@H]3C[C@@](C)(O)[C@@H](O)[C@H](C)O3)[C@H](N(C)C)[C@H]2O)[C@@H](CC=O)C[C@@H](C)[C@@H](OC2CC[C@H](N(C)C)[C@@H](C)O2)/C=C/C=C\C[C@@H](C)OC(=O)C[C@H]1O,0,training
Cn1ncnc1C1c2n[nH]c(=O)c3cc(F)cc(c23)N[C@@H]1c1ccc(F)cc1,0,training
CC1(C)S[C@@H]2C(NC(=O)C(N)c3ccccc3)C(=O)N2C1C(=O)O,0,training
O=C(O)c1cc(N=Nc2ccc(O)c(C(=O)O)c2)ccc1O,0,training
NC(CCC(=O)NC(CS)C(=O)NCC(=O)O)C(=O)O,0,training
c1ccc(C2CCN(CC3CCCc4c3ccc3c4OCO3)C2)cc1,1,training
C[N+](C)(C)CCO,1,training
C[C@@H]1C[C@H]2[C@@H]3C[C@H](F)C4=CC(=O)C=C[C@]4(C)[C@H]3[C@@H](O)C[C@]2(C)C1C(=O)CO,1,training
C[C@@H](CN1CC(=O)NC(=O)C1)N1CC(=O)NC(=O)C1,0,training
CS(=O)(=O)Nc1ccc([N+](=O)[O-])cc1Oc1ccccc1,0,training
Clc1ccc(N2CCN(CC=Cc3ccccc3)CC2)nn1,1,training
CC(C)(C)NC(=O)C1CC2CCCCC2CN1CC(O)C(Cc1ccccc1)NC(=O)C(CC(N)=O)NC(=O)c1ccc2ccccc2n1,1,training
CC(C)(C)C(=O)OCOC(=O)C1N2C(=O)C(NC(=O)C(N)c3ccccc3)[C@H]2SC1(C)C,0,training
COc1ccc(N2CCCC2=O)cc1CNC1CCCNC1c1ccccc1,0,training
CC(C)NC[C@@H]1CCc2cc(CO)c([N+](=O)[O-])cc2N1,1,training
C=CCN1CCC23CCCCC2C1Cc1ccc(O)cc13,1,training
FC(F)(F)c1cccc(N2CCN(CCc3nnc4n3C[C@@H]3CCC[C@H]43)CC2)c1,1,training
CC1(C)C(C(=O)O)N2C(=O)C[C@@H]2S1(=O)=O,0,training
C[C@@H]1C[C@H]2C3C[C@H](F)C4=CC(=O)C=C[C@]4(C)[C@@]3(Cl)[C@@H](F)C[C@]2(C)C1C(=O)CO,1,training
O=C(Nc1cc(Cl)ccc1O)Nc1cc(C(F)(F)F)ccc1Cl,0,training
CON=C(C(=O)NC1C(=O)N(OCC(=O)O)[C@H]1C)c1csc(N)n1,0,training
CC1(C)SC2C(NC(=O)COc3ccccc3)C(=O)N2C1C(=O)O,0,training
O=C(O)C1CCN1C12CC3CC(CC(C3)C1)C2,1,training
C=C1CC(C)C2C3Cc4ccc(O)cc4C2(CCN3CC2CCC2)C1,1,training
Clc1ccc2c(c1)C(N1CCNCC1)=Nc1ccccc1O2,1,training
CN1C(C(=O)Nc2ccccn2)C(=O)c2ccccc2S1(=O)=O,0,training
C#C[C@]1(O)CC[C@H]2[C@@H]3CC=C4CC(=O)CCC4[C@H]3CC[C@@]21C,0,training
CC(C[N+](C)(C)C)OC(N)=O,0,training
CC1(C)OC2CC3C4CC(F)C5=CC(=O)C=CC5(C)C4(F)C(O)CC3(C)C2(C(=O)CO)O1,1,training
CNC(=O)c1c(NCC2CCC3(CCC3)CC2)nc(C#N)nc1OCC1CCN(C(C)C)CC1,0,training
CCCSc1ccccc1N1CCN(CCCCn2c(=O)[nH]c3ccccc3c2=O)CC1,1,training
O=C1CCCN1CCCCN1CCN(c2cc(C(F)(F)F)cc(Cl)n2)CC1,1,training
CC1(O)NC=C2CN=C(c3ccccc3F)c3cc(Cl)ccc3N21,0,training
CCOC(=O)/C=C(C)/C=C/C=C(C)/C=C/c1c(C)cc(OC)c(C)c1C,0,training
CN(C)CCN1C(=O)CC(c2ccccc2)Sc2ccccc21,1,training
NCCc1cn2ccccc2n1,0,training
CCC(=O)OC1CC(=O)OC(C)C/C=C/C=C\C(O)C(C)CC(CC=O)C(O[C@@H]2O[C@H](C)[C@@H](O[C@H]3C[C@@](C)(O)[C@H](OC(=O)CC)[C@@H](C)O3)[C@H](N(C)C)[C@H]2O)C1OC,0,training
CON=C(C(=O)NC1C(=O)N2C(C(=O)O)=C(CSC(=O)c3ccco3)CS[C@H]12)c1csc(N)n1,0,training
CCCCCCCCCCCCCC(=O)O[C@H]1C=C[C@H]2[C@H]3Cc4ccc(OCc5ccccc5)c5c4[C@@]2(CCN3C)[C@H]1O5,1,training
CC(C)[N+](C)(CCOC(=O)C1c2ccccc2Oc2ccccc21)C(C)C,0,training
CC1=C(C(=O)O)N2C(=O)C(NC(=O)C(N)c3ccc(O)cc3)C2SC1,0,training
CC(F)OC(=O)c1ncn2c1CN(C)C(=O)c1cc(F)ccc1-2,0,training
C[C@@H](Cn1cnc2c(N)ncnc21)OCP(=O)(O)O,0,training
CC1(C)O[C@@H]2C[C@H]3[C@@H]4CC=C5CC(=O)C=C[C@]5(C)[C@H]4[C@@H](O)C[C@]3(C)[C@]2(C(=O)CO)O1,1,training
C=CCC1(C(C)C)C(=O)NC(=O)NC1=O,1,training
CCN(C)C(=O)Oc1cccc([C@H](C)N(C)C)c1,1,training
O=C(Cc1ccc(OCc2ccccc2)cc1)Nc1ccc2cnn(CCN3CCCC3)c2c1,0,training
CC1=C(CC(=O)O)c2cc(F)ccc2C1=Cc1ccc([S+](C)[O-])cc1,1,training
CN(C)Cc1ccc(CSCCNc2[nH]ccc2Cc2ccccc2)o1,0,training
O=c1[nH]oc2c1CCNC2,1,training
CCC1(c2ccccc2)C(=O)N(COC)C(=O)N(COC)C1=O,1,training
Cc1cc(-c2ccccc2)nnc1N1CCN(c2ncccn2)CC1,1,training
CN(C)CCC=C1c2ccccc2C(C)(C)c2ccccc21,1,training
CCCCSc1ccc(C(SCCN(C)C)c2ccccc2)cc1,1,training
CN1CC[C@]23c4c5ccc(OC(=O)c6cccnc6)c4O[C@H]2[C@@H](OC(=O)c2cccnc2)C=C[C@H]3[C@H]1C5,1,training
C=CCn1c(O)c(C)oc1=O,1,training
CN(C)Cc1ccc(-c2cccc(NC3N=CC=C3[N+](=O)[O-])c2)o1,1,training
C=C1/C(=C/C=C2\CCCC3(C)[C@@H]2CC[C@@H]3[C@H](C)CCCC(C)C)C[C@@H](O)C[C@H]1O,0,training
CC(=O)[C@@]1(O)[C@H](O)C[C@H]2[C@@H]3CC=C4CC(=O)CC[C@]4(C)[C@H]3CC[C@@]21C,1,training
O=C(Cc1ccc(C(F)(F)F)cc1)N1CCCC[C@H]1CN1CCCC1,1,training
O=C(c1ccco1)N(c1cnccn1)C1CCN(CCc2ccccc2)CC1,1,training
CC(=O)Nc1ccccc1,1,training
CC(=O)c1ccc2c(c1)N(CCCN1CCC(CCO)CC1)c1ccccc1S2,1,training
Cc1cccc2c1Oc1ccccc1[C@@]1(O)CCNC[C@H]21,1,training
CSc1nn2c(N3CCNCC3)c3c(nc2c1S(=O)(=O)c1ccccc1)CCC3,0,training
CCC1(c2ccccc2)C(=O)NC(=O)NC1=O,1,training
CCCCCCCN(CC)CCC[C@@H](O)c1ccc(NS(C)(=O)=O)cc1,1,training
CC1CC2C3CC(F)C4=CC(=O)C=CC4(C)C3(Cl)C(F)CC2(C)C1C(=O)CO,1,training
Cc1ccc2c(OCCN3CCC(Cc4ccc5c(c4)NC(=O)CO5)CC3)cccc2n1,0,training
CNC(=O)N1CC(Oc2cccc(C(F)(F)F)c2)C1,1,training
Oc1ccc2c(c1)[C@@]13CCCC[C@@]1(O)[C@@H](C2)N(CC1CCC1)CC3,1,training
COC1C(O)CC(=O)OC(C)C/C=C/C=C/C(OC2CCC(N(C)C)C(C)O2)C(C)CC(CC=O)C1OC1OC(C)C(OC2CC(C)(O)C(O)C(C)O2)C(N(C)C)C1O,0,training
Nc1ncn([C@@H]2C[C@H](O)[C@H](CO)O2)c(=O)n1,0,training
OCCN1CCCN(CCCN2c3ccccc3Sc3cc(C(F)(F)F)ccc32)CC1,1,training
CC(C)C(O)C1CCCCC1,1,training
COc1ccc(C(O)CN2CCN(c3cccccc3=O)CC2)cc1OC,1,training
CC1=CC[C@H]2[C@H]3Cc4ccc(O)c5c4[C@@]2(CCN3C)[C@H]1O5,1,training
C[C@@H]1CN(CCCn2c3ccccc3c3ccccc32)C[C@H](C)N1,1,training
CC[C@]1(O)C[C@H]2CN(CCc3c([nH]c4ccccc34)[C@@](C(=O)OC)(c3cc4c(cc3OC)N(C)[C@H]3[C@@](O)(C(N)=O)[C@H](O)[C@]5(CC)C=CCN6CC[C@]43[C@@H]65)C2)C1,0,training
Cc1cc(Br)cc(C)c1NC1=NCCN1,0,training
C[C@H]1CCCC[C@@]1(c1cccs1)N1CCCCC1,1,training
C[C@H]1C[C@H]2[C@@H]3CC=C4CC(=O)C=C[C@]4(C)[C@@]3(F)C(=O)C[C@]2(C)[C@@]1(O)C(=O)CCl,1,training
O=c1[nH]c2cc(Cl)ccc2c(O)c1-c1cccc(Oc2ccccc2)c1,0,training
CC(=O)Oc1ccccc1C(=O)Nc1ncc([N+](=O)[O-])s1,0,training
CCc1ccccc1-n1c(C)nc2ccccc2c1=O,1,training
CCCOC(=O)c1ccc(N)cc1,1,training
O=C(C=Cc1ccc2c(c1)OCO2)N1CCCCC1,1,training
CN1CC[C@]23c4c5ccc(O)c4O[C@@]2(C)C(=O)CC[C@H]3[C@H]1C5,1,training
CC1CC2C3CC(F)C4=CC(=O)C=CC4(C)C3(F)C(O)CC2(C)C1(O)C(=O)CO,1,training
O=C1N(C(O)C(Cl)(Cl)Cl)CNC1(c1ccccc1)c1ccccc1,1,training
CC(C)(C)c1ccc(C(O)CCCN2CCC(C(O)(c3ccccc3)c3ccccc3)CC2)cc1,0,training
CN(C)C(=O)CCNc1ccc(Br)cc1,1,training
O[C@H](c1cc(C(F)(F)F)nc2c(C(F)(F)F)cccc12)C1CCCCN1,0,training
NC1[C@H]2CN(c3nc4c(cc3F)c(=O)c(C(=O)O)cn4-c3ccc(F)cc3F)C[C@@H]12,1,training
CCCNC(=O)c1ccc2c(c1)N([C@H](C)CN1CCCC1)c1ccccc1S2,1,training
CO[C@H]1CN(CC2Cc3ccc(NC(=O)C(C)C)cc3C2)CCC1n1c(C)nc2cc(C)ccc21,0,training
C[C@@H](C[N+](C)(C)C)OC(N)=O,0,training
CC[C@H]1OC(=O)C(C)[C@@H](OC2CC(C)(OC)C(O)C(C)O2)C(C)[C@@H](OC2OC(C)CC(N(C)C)C2O)[C@](C)(O)C[C@@H](C)/C(=N\OC)[C@H](C)[C@@H](O)[C@]1(C)O,0,training
CCOC(=O)C(CCc1ccccc1)NC(C)C(=O)N1C(C(=O)O)C[C@H]2CCCC[C@@H]21,0,training
CC(C(=O)O)c1ccc([C@@H]2CCCC(=NO)C2)cc1,1,training
OC1(c2ccccc2Cl)C2=NCCCN2c2ccccc21,1,training
CCN(CC)S(=O)(=O)N[C@H]1C[C@@H]2c3cccc4[nH]cc(c34)C[C@H]2N(C)C1,1,training
COc1ccc([C@@H]2CC(=O)c3c(O)cc(O)cc3O2)cc1O,0,training
O=[N+]([O-])O[C@@H]1CO[C@H]2[C@@H]1OC[C@H]2O[N+](=O)[O-],0,training
COc1ccc2[nH]nc(NC3CCN(Cc4ccc5c(c4)OCO5)CC3)c2c1,1,training
CC(=O)C12OC(C)(C)OC1CC1C3CC=C4CC(=O)C=CC4(C)C3(F)C(O)CC12C,1,training
CC12C[C@H](O)[C@@]3(F)C(CC=C4CC(=O)C=CC43C)[C@@H]1C[C@H]1O[C@@](C)(c3ccccc3)O[C@]12C(=O)CO,1,training
O=C(C[S+]([O-])Cc1ccco1)NC/C=C/COc1cc(CN2CCCCC2)ccn1,0,training
CCC(=O)N(c1ccc(Cl)c(Cl)c1)[C@@H]1CCC[C@H]1N(C)C,1,training
CN(C(=O)CNC(=O)C(N)CCCCN)c1ccc(Cl)cc1C(=O)c1ccccc1,1,training
CN(C)CCCN1c2ccccc2C(C)(C)c2ccccc21,1,training
CC=CC1=C(C(=O)O)N2C(=O)C(NC(=O)C(N)c3ccc(O)cc3)[C@H]2SC1,0,training
CON=C(C#N)C1CN2CCC1CC2,1,training
CCN(CC)C(=O)[C@]1(c2ccccc2)C[C@@H]1CN,1,training
CCCC(=O)O[C@]1(C(=O)CC)CCC2C3CC=C4CC(=O)CCC4(C)C3C(O)CC21C,1,training
COCc1c(C(=O)OC(C)C)ncc2[nH]c3ccc(OCc4ccccc4)cc3c12,1,training
CN(C)C1C(=O)C(C(N)=O)C(=O)[C@@]2(O)C(=O)C3C(=O)c4c(O)ccc(Cl)c4[C@@](C)(O)[C@H]3C[C@@H]12,0,training
C#CCN(C)Cc1ccccc1,1,training
O=C(O)c1cc(=O)c2ccccc2[nH]1,1,training
FC(F)OC(F)(F)C(F)Cl,1,training
CC(=O)OCC1=C(C(=O)O)N2C(=O)C(NC(=O)Cc3cccs3)[C@H]2SC1,0,training
OCCN1CCN(CCCN2c3cc(C(F)(F)F)ccc3Sc3sccc32)CC1,1,training
CCCC[N+]1(C)[C@@H]2CC(OC(=O)C(CO)c3ccccc3)C[C@@H]1[C@H]1O[C@H]12,0,training
CCOc1ccccc1OC[C@H]1COCCN1,1,training
CNCCCN1c2ccccc2CCc2cc(O)ccc21,1,training
CC1(C)SC2C(NC(=O)C3(N)CCCCC3)C(=O)N2C1C(=O)O,0,training
CN1CCN2c3cc(F)ccc3C(c3cccs3)=NCC2C1,1,training
CC(=C1CCOC(=O)S1)N(C=O)Cc1cnc(C)nc1N,1,training
C[C@]12C=CC(=O)C=C1CC[C@@H]1[C@@H]2[C@@H](O)C[C@@]2(C)[C@H]1CC[C@]2(O)C(=O)CO,0,training
Cc1cn([C@H]2C=C[C@H](CO)O2)c(=O)nc1N,1,training
C[C@@H]1CC2C3C[C@H](F)C4=CC(=O)C=CC4(C)[C@@]3(Cl)C(O)CC2(C)C1C(=O)COC(=O)C(C)(C)C,1,training
C/C(=C1\CCOC(=O)S1)N(C=O)Cc1cnc(C)nc1N,1,training
C[N+]1(C)CCCCC1COC(=O)C(O)(c1ccccc1)c1ccccc1,0,training
CN1CCN=C(c2ccccc2)c2cc(Cl)ccc21,1,training
CCc1nn(CCCN2CCN(c3cccc(Cl)c3)CC2)c(=O)n1CCOc1ccccc1,1,training
OCCOCCN1CCN(C(c2ccccc2)c2ccc(Cl)cc2)CC1,1,training
COc1ccc2c(c1)C(N1CCN(C)CC1)=Cc1ccccc1O2,1,training
Cc1nnc(SCC2=C(C(=O)O)N3C(=O)C(NC(=O)Cn4cnnn4)C3SC2)s1,0,training
CC(=O)OCC(=O)[C@@]1(O)[C@H](C)C[C@H]2C3CC(F)(F)C4=CC(=O)C=C[C@]4(C)[C@@]3(F)[C@@H](O)C[C@@]21C,1,training
Fc1cccc(F)c1NC1=NCCN1,0,training
O=C1NC(=O)C2(c3ccc(Cl)cc3)CC12,1,training
CC1(C)CN(CCN2CCN(c3cccc(Cl)c3)C2=O)C1,1,training
CC[C@H]1OC(=O)C(C)[C@@H](O[C@H]2C[C@@](C)(OC)[C@@H](O)[C@H](C)O2)C(C)[C@@H](O[C@@H]2O[C@H](C)C[C@H](N(C)C)[C@H]2O)[C@](C)(O)C[C@@H](C)CN(C)[C@H](C)[C@@H](O)[C@]1(C)O,0,training
CCc1c(O)c(=O)ccn1CCO,0,training
O=C(COc1ccc(Cl)cc1)N1CCN(Cc2ccc3c(c2)OCO3)CC1,1,training
c1ccc(Cn2cc(CCc3ccncc3)c3ccccc32)cc1,1,training
CCCC(=O)O[C@]1(C(=O)COC(C)=O)[C@H](C)C[C@H]2[C@@H]3CC=C4CC(=O)C=C[C@]4(C)[C@@]3(Cl)[C@@H](O)C[C@@]21C,1,training
CCCNC(=O)N1CC(c2ccccc2)OC1=O,1,training
CCC(=O)C(C[C@H](C)N1CCCCC1)(c1ccccc1)c1ccccc1,1,training
BrC(Br)Br,1,training
Oc1ccc2c(c1)C13CCN(CC4CC4)C(C2)C1CCOC3,1,training
CO/N=C1\CN(c2nc3c(cc2F)c(=O)c(C(=O)O)cn3C2CC2)C[C@H]1CN,0,training
Cc1onc(-c2c(Cl)cccc2Cl)c1C(=O)NC1C(=O)N2C(C(=O)O)C(C)(C)S[C@H]12,0,training
CCC(=O)O[C@]1(C(=O)COC)[C@@H](C)C[C@H]2[C@@H]3CC=C4CC(=O)C=C[C@]4(C)[C@@]3(F)[C@@H](O)C[C@@]21C,1,training
CN1CCN(C(c2ccccc2)c2ccc(Cl)cc2)CC1,1,training
CC(=O)Oc1ccc2c3c1OC1C(OC(C)=O)C=CC4C(C2)N(C)CCC341,1,training
CN1CCC[C@@H]1Cc1c[nH]c2ccc(CCS(=O)(=O)c3ccccc3)cc12,1,training
O=C(CCCN1CCN2Cc3[nH]c4ccccc4c3CC2C1)c1ccc(F)cc1,1,training
CC[C@H](NC(=O)c1c(OCCCC(=O)O)c(-c2ccccc2)nc2ccccc12)c1ccccc1,0,training
CC#CC[C@@H](C)[C@@H](O)/C=C/[C@@H]1[C@@H]2C/C(=C\CCCC(=O)OCC(=O)c3ccccc3)C[C@@H]2C[C@H]1O,0,training
CCN(CC)CCNC(=O)c1cc(S(C)(=O)=O)ccc1OC,1,training
C[C@@H]1C[C@H]2[C@@H]3CC=C4CC(=O)C=C[C@]4(C)[C@@]3(Cl)[C@@H](Cl)C[C@]2(C)[C@@]1(O)C(=O)CO,1,training
CC1=C2CC(=O)C=C[C@]2(C)[C@@H]2[C@@H](C1)[C@@H]1CC[C@](O)(C(=O)CO)[C@@]1(C)C[C@@H]2O,1,training
CC(O)C1C(=O)N2C(C(=O)O)=C(SC3CNC(C(=O)N(C)C)C3)C(C)C12,0,training
CCN(CC)c1cc(C)nc2ncnn12,1,training
CCN[C@H](Cc1ccccc1)[C@H]1CCCO1,1,training
CC1(C)S[C@@H]2C(NC(=O)C(NC(=O)Cc3ccc(C4=NCCCN4)cc3)c3ccccc3)C(=O)N2C1C(=O)O,0,training
COC12C=CC3(CC1C(C)(C)O)[C@@H]1Cc4ccc(O)c5c4[C@]3(CCN1CC1CC1)[C@@H]2O5,1,training
OCCN1CCN(CCC=C2c3ccccc3Sc3ccc(Cl)cc32)CC1,1,training
COc1ccc(Cc2nccc3cc(OC)c(OC)cc23)cc1OC,0,training
COc1cc2c(cc1OC)C(c1ccccc1)CN(C)CC2,1,training
Cc1nc2n(c(=O)c1CCN1CCC(c3noc4cc(F)ccc34)CC1)CC(O)CC2,1,training
CC1(C)OC2CC3C4CC(F)C5=CC(=O)CCC5(C)C4C(O)CC3(C)C2(C(=O)CO)O1,1,training
O=c1c(Cc2c(O)oc3ccccc3c2=O)c(O)oc2ccccc12,0,training
CNCC(O)CC12CCC(c3ccccc31)c1ccccc12,1,training
C[C@H](/C=C/[C@@H](C)C(C)(C)O)[C@H]1CC[C@@H]2/C(=C/C=C3C[C@@H](O)C[C@H](O)C3)CCCC21C,0,training
O=C(O)CN(CCN(CC(=O)O)CC(=O)O)CCN(CC(=O)O)CC(=O)O,0,training
O=c1cc(NC2CCN(Cc3ccc4c(c3)CCO4)CC2)c2cc(Cl)ccc2o1,0,training
CC1(C)S[C@@H]2C(/N=C/N3CCCCCC3)C(=O)N2C1C(=O)O,0,training
CC(=O)OCC1=C(C(=O)O)N2C(=O)C(NC(=O)C(N)c3ccccc3)C2SC1,0,training
CCCCCN[C@@]12C=CC(=O)C3Oc4c(O)ccc5c4[C@@]31CCN(C)[C@@H]2C5,1,training
CC(COc1ccccc1)N(CCCl)Cc1ccccc1,0,training
CCC[C@]1(c2cccc(O)c2)CCN(C)C[C@@H]1C,1,training
Nc1nc(=O)c2c([nH]1)NC[C@@H](CNc1ccc(C(=O)NC(CCC(=O)O)C(=O)O)cc1)N2C=O,1,training
CC(C)(C)NC[C@@H](O)c1ccc(O)c(C(=O)O)c1,1,training
Cc1ccccc1C(OCCN(C)C)c1ccccc1,1,training
C=C1c2c(Cl)ccc(O)c2C(=O)C2=C([O-])[C@]3(O)C(=O)C(C(N)=O)C(=O)C([N+](C)C)[C@@H]3[C@@H](O)[C@H]12,0,training
Cn1c(NCCN(CCO)CCCc2ccc([N+](=O)[O-])cc2)cc(=O)n(C)c1=O,0,training
O=[N+]([O-])c1nccn1CC(O)COCF,0,training
CC(=O)OCC(=O)C1(O)C(C)CC2C3CC(F)(F)C4=CC(=O)C=CC4(C)C3(F)C(O)CC21C,1,training
O=C(CCNNC(=O)c1ccncc1)NCc1ccccc1,1,training
CCCCOc1cc(C(=O)NCCN(CC)CC)c2ccccc2n1,0,training
C=CCC1=CC(C)C[C@H](C)C[C@H](OC)[C@H]2O[C@@](O)(C(=O)C(=O)N3CCCCC3C(=O)O[C@H](/C(C)=C/[C@@H]3CC[C@@H](O)[C@H](OC)C3)[C@H](C)[C@@H](O)CC1=O)[C@H](C)C[C@@H]2OC,0,training
CN1C(=O)C(NC(=O)c2cc3ccccc3[nH]2)N=C(c2ccccc2)c2ccccc21,0,training
CN(C)CCOC(c1ccccc1)c1ccccc1C(C)(C)C,1,training
CCC(=O)N(c1ccccc1)C1(COC)CCN(CCc2cccs2)CC1,1,training
CC(=O)S[C@@H]1C=C2CC(=O)CC[C@]2(C)[C@H]2CC[C@@]3(C)[C@@H](CC[C@@]34CCC(=O)O4)[C@H]12,0,training
C=C1C[C@@H]2CC[C@@]34C[C@H]5O[C@H]6[C@@H](O3)[C@H]3O[C@H](CC[C@@H]3O[C@H]6[C@H]5O4)CC(=O)C[C@@H]3[C@@H](OC)[C@@H](C[C@H](O)CN)O[C@H]3C[C@H]3O[C@@H](CC[C@@H]1O2)C[C@@H](C)C3=C,0,training
COC1=CC(=O)O[C@@H]1[C@@H](O)c1ccccc1Cl,1,training
Clc1ccc(C2C3CCC(C3)C23CCC(N2CCOCC2)=N3)cc1,1,training
CCc1c(C)[n+]([NH-])c(-c2ccc(OC)c(OC)c2)c2cc(OC)c(OC)cc12,1,training
CN1C(=O)NC(=O)[C@](C)(C2=CCCCC2)C1=O,1,training
COc1ccc2cc1Oc1cc3c(cc1OC)CC[N+](C)(C)[C@H]3Cc1ccc(cc1)Oc1c(OC)c(OC)cc3c1[C@H](C2)[N+](C)(C)CC3,0,training
CCNC(=O)C(C(N)=O)c1ccccc1,0,training
CCCCC(=O)O[C@]1(C(=O)CO)CC[C@H]2[C@@H]3CC=C4CC(=O)CC[C@]4(C)[C@H]3[C@@H](O)C[C@@]21C,1,training
N=c1nc2n(cc1F)[C@H]1O[C@@H](CO)[C@H](O)[C@H]1O2,1,training
N[C@H](CC(=O)N1CCn2c(nnc2C(F)(F)F)C1)Cc1cc(F)c(F)cc1F,0,training
CC(C)(C)C1CCCCC1,1,training
CN(C)C1C(=O)C(C(=O)NC(C(=O)O)N2CCN(CCO)CC2)C(=O)[C@@]2(O)C(=O)C3C(=O)c4c(O)cccc4[C@@](C)(O)[C@H]3C[C@@H]12,0,training
CC1c2cccc(O)c2C(=O)C2C(=O)[C@]3(O)C(=O)C(C(N)=O)C(=O)C(N(C)C)C3[C@@H](O)[C@@H]21,1,training
Nc1ncc2ncn(COCCO)c2n1,1,training
COC(=O)C1=C(C)N=C(C)C(C(=O)OCCN(C)Cc2ccccc2)C1c1cccc([N+](=O)[O-])c1,0,training
COc1c(C)c2c(c(O)c1C/C=C(\C)CCC(=O)O)C(=O)OC2,0,training
CC1(C)S[C@@H]2C(N=CN3CCCCCC3)C(=O)N2C1C(=O)O,0,training
CN1CCC23c4c5ccc(O)c4OC2C(O)CCC3(O)C1C5,1,training
OCc1ccccc1O[C@@H]1O[C@H](CO)[C@@H](O)[C@H](O)[C@H]1O,1,training
CN(C)CCCN1c2ccccc2Sc2ccc(Cl)cc21,1,training
CC(=O)N1CCN(C(=O)Cc2ccc(Cl)c(Cl)c2)[C@@H](CN2CCCC2)C1,1,training
Nc1cc(N2CCCCC2)nc(N)[n+]1[O-],0,training
O=C(Cc1cccs1)NC1C(=O)N2C(C(=O)O)=C(CSc3nc[nH]n3)CSC12,0,training
Nc1ccc(C(=O)NCC(=O)O)cc1,0,training
O=C(Oc1ccccc1C(=O)O)c1ccccc1O,1,training
CC(C)(C)CC(=O)OCC(=O)[C@@]12OC(C)(C)O[C@@H]1C[C@H]1[C@@H]3CC=C4CC(=O)C=C[C@]4(C)[C@@]3(F)[C@@H](O)C[C@@]12C,1,training
C[C@]12C=CC(=O)C=C1CC[C@@H]1[C@@H]2CC[C@]2(C)OC(=O)CC[C@@H]12,0,training
C=CC1OC2CC3C4CC=C5CC(=O)C=CC5(C)C4(F)C(O)CC3(C)C2(C(=O)CO)O1,1,training
OCCN1CCN([C@@H]2C[C@@H](c3ccc(F)cc3)c3ccc(C(F)(F)F)cc32)CC1,1,training
CC=CC1=C(C(=O)O)N2C(=O)C(NC(=O)C(N)c3ccc(O)cc3)C2SC1,0,training
O=C1CN=C(c2ccccn2)c2cc(Br)ccc2N1,1,training
C#C[C@]1(O)CC[C@H]2[C@@H]3CC=C4CC(=O)CCC4[C@H]3CC[C@@]21CC,0,training
NC[C@@H]1CC[C@@H](N)[C@@H](O[C@H]2[C@H](O)[C@@H](O[C@H]3O[C@H](CO)[C@@H](O)[C@H](N)[C@H]3O)[C@H](N)C[C@@H]2N)O1,0,training
C=C1c2cccc(O)c2C(=O)C2=C([O-])C3(O)C(=O)C(C(N)=O)C(=O)C([N+](C)C)[C@@H]3[C@H](O)[C@H]12,0,training
Cc1cc2c(s1)Nc1ccccc1N=C2N1CCN(C)CC1,1,training
CS(=O)(=O)c1ccc(C(O)C(CF)NC(=O)C(Cl)Cl)cc1,1,training
FC(F)(F)c1ccc(N2CCNCC2)nc1Cl,1,training
C/C=C/C(=O)N(CC)c1ccccc1C,0,training
CCCCCCn1ccc(=O)c(O)c1C,1,training
NC(=O)c1cccnc1,1,training
CC(=O)C1CC[C@H]2[C@@H]3CC(C)=C4CC(=O)CC[C@]4(C)[C@H]3[C@@H](O)C[C@]12C,1,training
CCCC(=O)O[C@]1(C(=O)CCl)[C@@H](C)C[C@H]2[C@@H]3CC=C4CC(=O)C=C[C@]4(C)[C@@]3(F)C(=O)C[C@@]21C,1,training
C/C=C1/CN(C)[C@@H]2Cc3c([nH]c4ccccc34)[C@@H](c3cc4[nH]c5c(c4cc3OC)CCN3C[C@@H]4C[C@@H](CC)[C@@H]3C5(C(=O)OC)C4)C[C@@H]1C2C(=O)OC,0,training
CCOC(=O)Nc1ccc(NCc2ccc(F)cc2)cc1N,1,training
COc1ccc2c3c1OC1C(=O)CC[C@H]4[C@@H](C2)N(C)CC[C@]314,1,training
CCN1CCCC1CNC(=O)c1c(OC)ccc(Br)c1OC,1,training
C[C@@H]1CC2C3C[C@H](F)C4=CC(=O)C=C[C@]4(C)C3[C@@H](O)C[C@]2(C)C1C(=O)CO,1,training
CC(Cc1ccccc1)NN,1,training
CCCCCNCC(N)=O,1,training
COc1ccc2cc(C(C)C(=O)O)ccc2c1,0,training
COC1/C=C/OC2(C)Oc3c(C)c(O)c4c(O)c(c(C=NN5CCN(C)CC5)c(O)c4c3C2=O)NC(=O)C(C)=CC=CC(C)C(O)C(C)C(O)C(C)C(OC(C)=O)C1C,0,training
CON=C(C(=O)NC1C(=O)N2C(C(=O)O)=C(COC(C)=O)C[S+]([O-])[C@H]12)c1csc(N)n1,0,training
COCCc1ccc(OCC(O)CNC(C)C)cc1,1,training
O=[N+]([O-])OCC(CO[N+](=O)[O-])O[N+](=O)[O-],0,training
CCC1(c2ccc(N)cc2)CCC(=O)NC1=O,1,training
CN(C)C1C(=O)C(C(N)=O)C(=O)[C@@]2(O)C(=O)C3C(=O)c4c(O)cccc4[C@@H](O)[C@H]3C[C@@H]12,0,training
C[C@]12CCC(=O)C=C1CC[C@@H]1[C@@H]2[C@@H](O)C[C@@]2(C)[C@H]1CC[C@]2(O)C(=O)CO,0,training
CN1C(=O)CN=C(c2ccccc2F)c2cc([N+](=O)[O-])ccc21,1,training
CC(C)n1c(/C=C/[C@@H](O)C[C@H](O)CC(=O)O)c(-c2ccc(F)cc2)c2ccccc21,1,training
CC(=O)Nc1c(I)c(NC(C)=O)c(I)c(C(=O)O)c1I,0,training
Cc1ccccc1-n1c(/C=C\c2ccccn2)nc2ccccc2c1=O,1,training
c1csc(Cc2ccccc2OCC2CNCCO2)c1,1,training
C=C1C[C@H]2[C@@H]3CC=C4CC(=O)C=C[C@]4(C)[C@@]3(F)C(O)C[C@]2(C)[C@@]1(O)C(=O)CO,1,training
CN1Cc2c(C(=O)OC(C)(C)C)ncn2-c2ccsc2C1=O,1,training
O=C1CCC(C(=O)NC2CC2c2ccccc2)N1,1,training
Cc1cn([C@@H]2C[C@H](O)[C@H](CO)O2)c(=O)[nH]c1=O,0,training
COc1ccccc1OCC1CNC(=O)O1,1,training
CC(C(=O)c1ccccc1)N(C)C,1,training
CNCCc1ccccn1,1,training
COc1cc(Nc2ncc(F)c(Nc3ccc4c(n3)N(COP(=O)(O)O)C(=O)C(C)(C)O4)n2)cc(OC)c1OC,0,training
Oc1ccc([C@H](O)[C@@H]2CCCCN2)cc1O,1,training
C(=C/c1ccccc1)\CN1CCN(C(c2ccccc2)c2ccccc2)CC1,1,training
C/C(=C\c1csc(C)n1)[C@H]1C[C@H]2OC2(C)CCC[C@@H](C)[C@@H](O)C(C)C(=O)C(C)(C)[C@H](O)CC(=O)N1,0,training
CN(C)CCCn1c(=O)c2ccccc2c2ccccc21,1,training
FC(F)(F)c1ccc(Cl)cc1,1,training
CN1CC(C)(C2=CCCCC2)C(=O)NC1=O,0,training
NCCc1nccs1,1,training
CC(=O)[C@@]1(O)CC[C@H]2[C@@H]3CC(C)=C4CC(=O)CC[C@]4(C)[C@H]3CC[C@@]21C,0,training
CC[C@H]1OC(=O)C(C)[C@@H](O[C@H]2C[C@@](C)(OC)[C@@H](O)[C@H](C)O2)[C@H](C)[C@@H](O[C@@H]2O[C@H](C)C[C@H](N(C)C)[C@H]2O)[C@](C)(O)C[C@@H](C)/C(=N\OCOCCOC)[C@H](C)[C@@H](O)[C@]1(C)O,0,training
OCCN(CCO)c1nc(N2CCCCC2)c2nc(N(CCO)CCO)nc(N3CCCCC3)c2n1,0,training
NC(Cc1c[nH]c2ccccc12)C(=O)O,1,training
Cc1c(O)c(=O)ccn1CCCO,0,training
O=C1CN=C(c2ccccc2)c2c(Cl)cccc2N1,1,training
CCn1nnn(CCN2CC[C@H](N(C(=O)COC)c3ccccc3F)[C@H](C)C2)c1=O,1,training
CC(CCc1ccccc1)NCC(O)c1ccc(O)c(C(N)=O)c1,0,training
CC1(C)O[C@@H]2C[C@H]3[C@@H]4CC=C5CC(=O)C=C[C@]5(C)[C@@]4(F)[C@@H](O)C[C@]3(C)[C@]2(C(=O)COC(=O)c2cc3ccccc3o2)O1,1,training
NC(=O)c1cc[n+](CC2=C(C(=O)[O-])N3C(=O)C(NC(=O)Cc4cccs4)[C@H]3SC2)cc1,0,training
Clc1ccc(CO/N=C(\Cn2ccnc2)c2ccc(Cl)cc2Cl)c(Cl)c1,0,training
CC12CC[C@@H]3c4ccc(O)cc4CC[C@@H]3[C@@H]1C[C@H](O)[C@@H]2O,0,training
C/C=C/C[C@@H](C)[C@@H](O)C1C(=O)NC(CC)C(=O)N(C)CC(=O)N(C)C(CC(C)C)C(=O)NC(C(C)C)C(=O)N(C)C(CC(C)C)C(=O)NC(C)C(=O)NC(C)C(=O)N(C)C(CC(C)C)C(=O)N(C)C(CC(C)C)C(=O)N(C)C(C(C)C)C(=O)N1C,0,training
CC12CC[C@@H]3C4=C(CC[C@@H]3[C@@H]1CC[C@@H]2OC(=O)CCc1ccccc1)CC(=O)CC4,0,training
CCCN(CCc1cccs1)[C@@H]1CCc2c(O)cccc2C1,1,training
Nc1nc(Cl)nc2c1ncn2[C@H]1CC(O)[C@@H](CO)O1,1,training
CN1C(=O)CN=C(c2ccccc2F)c2cc(Cl)ccc21,1,training
O=C(O)Cc1ccc2c(c1)C(=O)c1ccccc1CO2,1,training
COC(=O)C1=CO[C@H](C)[C@@H]2CN3CCc4c([nH]c5ccccc45)[C@@H]3C[C@H]12,1,training
CN[C@@H](C)[C@H](O)c1ccccc1,0,training
CC1=C(C(=O)O)N2C(=O)C(NC(=O)C(N)C3=CCC=CC3)[C@H]2SC1,0,training
ON=Cc1cc[n+](COC[n+]2ccc(C=NO)cc2)cc1,0,training
O=C(Cn1cnnn1)NC1C(=O)N2C(C(=O)O)=C(CSc3nncs3)CSC12,0,training
CN1[C@@H]2CC[C@H]1CC(NC(=O)N1CC(C)(C)c3ccccc31)C2,1,training
COc1cc(C(=O)NCc2ccc(OCCN(C)C)cc2)cc(OC)c1OC,1,training
C(N=NC1=NCCN1)=c1c2ccccc2c(=CNNC2=NCCN2)c2ccccc12,0,training
CNC1CCc2ncsc2C1,1,training
O=C(OCCN1CCCCC1)C(O)(c1ccccc1)c1ccccc1,1,training
Cc1ncc2n1-c1ccc(Cl)cc1C(c1ccccc1F)=N[C@@H]2O,1,training
COC(=O)C1[C@H]2C[C@@H]3c4[nH]c5cc(OC)ccc5c4CCN3C[C@H]2C[C@@H](OC(=O)c2cc(OC)c(OC)c(OC)c2)[C@@H]1OC,1,training
COc1cc2c(cc1OC)[C@@H]1Cc3ccc(OC)c(OC)c3CN1CC2,0,training
COc1ccc(Cl)cc1[C@]1(F)C(=O)Nc2cc(C(F)(F)F)ccc21,1,training
CCN(CC)C(=O)NC1CC2c3cccc4[nH]cc(c34)CC2N(C)C1,1,training
CC1(C)S[C@@H]2C(N3C(=O)C(c4ccccc4)NC3(C)C)C(=O)N2C1C(=O)O,0,training
Fc1ccc(Cn2c([C@H]3CNCCS3)nc3ccccc32)cc1,1,training
CCCCc1nc(Cl)c(CO)n1Cc1ccc(-c2ccccc2-c2nn[nH]n2)cc1,0,training
C1=CCC2=C3C(=NC2=C1)CCNC3Cc1ccccc1,1,training
CNCCCC1(c2ccccc2)SC(C)(C)c2ccccc21,1,training
NCCC(O)CNC1CC(N)C(OC2OC(CN)C(O)C(O)C2O)C(O)C1OC1OC(CO)C(O)C(N)C1O,0,training
CCCC(C(=O)c1ccc(C)cc1)N1CCCC1,1,training
O=S(=O)(O)O[C@H]1[C@@H](O[C@@H]2CO[C@@H](O)[C@@H](OS(=O)(=O)O)[C@@H]2OS(=O)(=O)O)OC[C@@H](O)[C@H]1OS(=O)(=O)O,0,training
c1ccc(-c2nnc(N3CCN(c4ncccn4)CC3)cc2-c2ccncc2)cc1,0,training
NCCCS(=O)(=O)O,0,training
c1ccc2c(c1)CCCN2,1,training
O=C(O)C1C[C@H](CP(=O)(O)O)CCN1,1,training
Nc1ncnc2c1ncn2C1OC(CO)C(O)C1O,1,training
CC1(C)S[C@@H]2C(NC(=O)CCCC(N)C(=O)O)C(=O)N2C1C(=O)O,0,training
CC[C@H](NC(=O)c1c(O)c(-c2ccccc2)nc2ccccc12)c1ccccc1,1,training
CO[C@H]1CCC[C@H]2C1=C(C(=O)O)N1C(=O)C([C@@H](C)O)[C@@H]21,0,training
N=C1Cc2ccccc2N(C(N)=O)c2ccccc21,1,training
CN1C(=O)CC(C)(c2ccccc2)C1=O,1,training
FCC(Cl)(Cl)Cl,0,training
C[C@H]1C[C@H]2[C@@H]3CC=C4CC(=O)C=C[C@]4(C)[C@@]3(F)[C@@H](O)C[C@]2(C)[C@@]1(O)C(=O)CO,0,training
CC(C)CCOC(CN1CCCC1)c1ccccc1,1,training
CC(=O)OC1(C(C)=O)CC[C@@H]2C3=CC(Cl)=C4CC(=O)C5C[C@@H]5C4(C)[C@@H]3CCC21C,0,training
CN(C(=O)Cc1ccc(Cl)c(Cl)c1)[C@H]1CC[C@@]2(CCCO2)C[C@@H]1N1CCCC1,1,training
COc1ccc2c(c1)C(=O)N(CCc1ccc(S(=O)(=O)NC(=O)NC3CCCCC3)cc1)C(=O)C2(C)C,0,training
CC1(C)S[C@@H]2C(NC(=O)C(/N=C/c3ccco3)c3ccc(O)cc3)C(=O)N2C1C(=O)O,0,training
CC(C)(Oc1ccccc1)C(=O)NC1C(=O)N2C(C(=O)O)C(C)(C)S[C@H]12,0,training
COc1cccc(C(=O)NC2C[C@H]3CC[C@@H](C2)N3Cc2ccccc2)c1OC,1,training
c1cnc(N2CCN(Cc3ccc4c(c3)OCO4)CC2)nc1,1,training
CC(=O)Nc1ccc(OC(=O)C2CCC(=O)N2)cc1,1,training
Cc1ccc(Cn2c([C@H]3CNCCO3)nc3ccccc32)cc1,1,training
CC1(C)S[C@@H]2C(NC(=O)C(NC(=O)N3CCNC3=O)c3ccccc3)C(=O)N2C1C(=O)O,0,training
CCc1c(O)c(=O)ccn1CC,1,training
CC(=O)Nc1ccc(OCC(O)CNC(C)C)cc1,0,training
CC(N)Cc1ccccc1,1,training
COc1cc(N=S(C)(=O)O)ccc1[N]c1c2ccccc2nc2ccccc12,0,training
CCN(CC)CC(=O)OCC(=O)[C@@]1(O)CCC2C3CC=C4CC(=O)CC[C@]4(C)C3[C@@H](O)C[C@@]21C,1,training
CCS(=O)(=O)c1ccc(F)cc1,1,training
Clc1ccc([C@H](Cn2ccnc2)OCc2csc3c(Cl)cccc23)c(Cl)c1,0,training
CCCC(=O)O[C@]1(C(=O)COC(C)=O)CC[C@H]2[C@@H]3CC(C)=C4CC(=O)CC[C@]4(C)[C@H]3[C@@H](O)C[C@@]21C,1,training
c1ccc2c(c1)CCc1cccc3c1C2CN1CCCCC31,1,training
O=C1CN=C(c2ccccc2F)c2cc(Cl)ccc2N1CC(O)CO,1,training
CCC1(C)CC(=O)NC(=O)C1,1,training
CN(C)CCCC1c2ccccc2Nc2ccc(Cl)cc21,1,training
NC(Cc1cc(I)c(Oc2cc(I)c(O)c(I)c2)c(I)c1)C(=O)O,0,training
COC1/C=C\OC2(C)Oc3c(C)c(O)c4c(O)c(c(C=NN5CCN(C)CC5)c(O)c4c3C2=O)NC(=O)C(C)=CC=CC(C)C(O)C(C)C(O)C(C)C(OC(C)=O)C1C,0,training
Nc1cccc(-c2csc([N+][C-](N)N)n2)c1,0,training
Cn1nnnc1SCC1=C(C(=O)O)N2C(=O)C(NC(=O)CSC=CC#N)C2SC1,0,training
Oc1ccc2c(c1)C13CCCCC1(O)C(C2)N(CC1CCC1)CC3,1,training
Oc1nc(NC2CC2)oc1-c1ccccc1,1,training
CCNC1C2CCC(C2)C1c1ccccc1,1,training
CCOC1CC2(C)C(CCC3C4CCC(C(C)=O)C4(C)CC(N(C)C)C32)CC1O,1,training
CCC(=O)C(C[C@H](C)N(C)C)(c1ccccc1)c1ccccc1,1,training
O=C(O)C1N=C(c2ccccc2)c2cc(Cl)ccc2NC1=O,1,training
CC1(C)S[C@@H]2C(NC(=O)C(NS(=O)(=O)O)c3ccccc3)C(=O)N2C1C(=O)O,0,training
CC1(C)SC2C(N3C(=O)C(c4ccccc4)NC3(C)C)C(=O)N2C1C(=O)O,0,training
CC1(C)SC2C(N3C(=O)C(c4ccc(O)cc4)NC3(C)C)C(=O)N2C1C(=O)O,0,training
CC(C)(O)CC(C)(O)c1ccc(Cl)cc1,1,training
CN1C(=O)CN(C(N)=O)C(c2ccccc2)c2cc(Cl)ccc21,1,training
CN(C)CCOc1ccc(C(=C(CCCl)c2ccccc2)c2ccccc2)cc1,1,training
COc1cccc2c(O)c3c(c(O)c12)C(=O)C1=C(C[C@@](O)(C(=O)CO)C[C@@H]1O[C@H]1C[C@H](NC(=O)C(N)CC(C)C)[C@H](O)[C@H](C)O1)C3=O,0,training
Nc1ncnc2c1ncn2[C@@H]1O[C@H](CO)[C@@H](O)[C@@H]1O,0,training
Cc1cc(C(C)(C)C)c(O)c(C)c1CC1=NCCN1,0,training
CNC([N+]C#N)NCCS[CH-]c1csc([N+][C-](N)N)n1,1,training
CN1C[C@H](CSc2ccccn2)C=C2c3cccc4[nH]cc(c34)C[C@H]21,1,training
COc1cccc(C(=O)CCN[C@@H](C)[C@@H](O)c2ccccc2)c1,1,training
CN=C(NC#N)Nc1cccc(-c2csc(=NC(=N)N)[nH]2)c1,0,training
CCOC(=O)C(N)/C=C(\C)CP(=O)(O)O,1,training
CC12C=CC(=O)C=C1CCC1C2C(O)CC2(C)C1CCC2(O)C(=O)COC(=O)CCC(=O)O,1,training
Oc1ccc2c3c1OC1C(O)CCC4(O)C(C2)N(CC2CCC2)CCC314,1,training
C[n+]1c2n(c(=O)c3ccccc31)CCC1c3ccccc3NC21,1,training
CC1CN(CCCn2c3ccccc3c3ccccc32)CC(C)N1,1,training
CC(=O)OCC1=COC(OC(=O)CC(C)(C)OC(C)=O)C2C1=CC(OC(=O)CC(C)C)C21CO1,1,training
CC(C)[C@@]1(O)CCN2C[C@@H]3c4ccccc4CCc4cccc(c43)[C@H]2C1,1,training
CN1CCC2(C)c3cc(OC(=O)Nc4ccccc4)ccc3N(C)C12,1,training
C[N+][C@H]1[C@@H](O[C@@H]2[C@H](O[C@H]3[C@@H](O)[C@@H](O)[C@@H](N=C([N])N)[C@@H](O)[C@H]3N=C(N)N)O[C@H](C)C2(O)C=O)O[C@@H](CO)[C@@H](O)[C@H]1O,0,training
CCC(N)Cc1c[nH]c2ccccc12,1,training
C1CCCCC1,1,training
C=C1CC[C@@H](O)C/C1=C\C=C1/CCCC2(C)[C@@H]1CC[C@@H]2[C@H](C)/C=C/[C@H](C)C(C)C,0,training
Cc1nnc(SCC2=C(C(=O)OCc3oc(=O)oc3C)N3C(=O)C(NC(=O)C(OC(=O)C(C)N)c4ccccc4)C3SC2)s1,0,training
CC(=O)NCCCOc1cccc(CN2CCCCC2)c1,1,training
CN1CCC[C@@H](c2nc3ccccc3n2Cc2ccc(F)cc2)C1,1,training
CCOC(=O)OC1(C(=O)COC(=O)CC)CCC2C3CC=C4CC(=O)C=CC4(C)C3C(O)CC21C,1,training
CCOC(=O)NNc1ccc(N(CC(C)O)C(C)C)nn1,0,training
CON=C(C(=O)NC1C(=O)N2C(C(=O)O)=C(CSc3cnns3)CS[C@H]12)c1csc(N)n1,0,training
CCCN(CCC)CCc1ccc2[nH]c(O)cc2c1,1,training
CN(C)C(C)(CO)Cc1ccc(Cl)c(Cl)c1,1,training
CNC1CCN2c3ccccc3CCc3cccc1c32,1,training
C[C@@H]1CN(C2CCC(C#N)(c3ccc(F)cc3)CC2)CC[C@]1(C(=O)O)c1ccccc1,1,training
CC1(C)O[C@@H]2C[C@H]3C4C[C@H](F)C5=CC(=O)C=C[C@]5(C)[C@@]4(F)[C@@H](O)C[C@]3(C)[C@]2(C(=O)COC(=O)C2CC2)O1,1,training
CC1(C)S[C@@H]2C(NC(=O)C(Oc3ccccc3)c3ccccc3)C(=O)N2C1C(=O)O,0,training
COC1CCCC2C1=C(C(=O)O)N1C(=O)C(C(C)O)C21,0,training
CC(CN1c2ccccc2Sc2ccccc21)N(C)C,1,training
NNc1nncc2ccccc12,0,training
CC(Cc1ccccc1)NCCC1c2ccccc2Sc2ccccc21,1,training
C=C1C[C@H](C)[C@H]2[C@H]3Cc4ccc(O)cc4[C@@]2(CCN3CC2CCC2)C1,1,training
CC1(C)O[C@@H]2C[C@H]3[C@@H]4CC=C5CC(=O)C=C[C@]5(C)[C@@]4(F)[C@@H](O)C[C@]3(C)[C@]2(C(=O)CO)O1,1,training
COCCCN1CCC(NC(=O)c2cc(Cl)c(N)c3c2OCC3)CC1,0,training
N=C(N)[N]CCN1CCCCCCC1,0,training
CCc1cc2c(cc1CC)CC(NC[C@H](O)c1ccc(O)c3[nH]c(=O)ccc13)C2,0,training
COc1ccc2c3c1OC1C(OC(=O)c4cccnc4)CCC4C(C2)N(C)CCC341,1,training
CC1=NN=C(c2ccc(N)cc2)c2cc3c(cc2C1)OCO3,1,training
CC1(C)S[C@@H]2C(N3C(=O)C(c4ccc(O)cc4)NC3(C)C)C(=O)N2C1C(=O)O,0,training
C[C@@H]([C@](O)(Cn1cncn1)c1ccc(F)cc1F)S(C)(=O)=O,1,training
CCOC(=O)N1CCC(=C2c3ccc(Cl)cc3CCc3cccnc32)CC1,0,training
CN[C@@H]1[C@H](O[C@H]2[C@H](O[C@@H]3[C@@H](O)[C@H](O)[C@@H](N=C(N)N)[C@H](O)[C@H]3N=C(N)N)O[C@@H](C)[C@]2(O)CO)O[C@@H](CO)[C@H](O)[C@H]1O,0,training
CN1CCN(C2=Nc3ccccc3Sc3ccc(Cl)cc32)CC1,1,training
NS(=O)(=O)c1cc2c(cc1Cl)N[C@H]([C@@H]1C[C@@H]3C=C[C@@H]1C3)NS2(=O)=O,0,training
C=C[C@@H]1CN2CC[C@@H]1C[C@H]2[C@@H](O)c1ccnc2ccccc12,1,training
CN(C)Cc1ccc(CSCCNc2nc(=O)c(Cc3ccc4ccccc4c3)c[nH]2)o1,0,training
CC(=O)OCC(=O)[C@@]1(O)[C@H](C)C[C@H]2C3C[C@H](F)C4=CC(=O)C=C[C@]4(C)[C@H]3[C@@H](O)C[C@@]21C,1,training
CCCC(CCC)(CCC)C(N)=O,1,training
CON=C(C(=O)NC1C(=O)N2C(C(=O)OC(C)OC(C)=O)=C(COC(N)=O)CS[C@H]12)c1ccco1,0,training
COc1ccccc1Oc1c(NS(=O)(=O)c2ccc(C(C)(C)C)cc2)nc(-c2ncccn2)nc1OCCO,0,training
COc1ccc(CCO[C@@H]2CCCC[C@@H]2N2CC[C@H](O)C2)cc1OC,0,training
CC(C)(C)NC[C@H](O)COc1nsnc1N1CCOCC1,1,training
O=C(O[C@@H]1CN2CCC1CC2)N1CCc2ccccc2[C@@H]1c1ccccc1,1,training
C#C[C@]1(O)CC[C@H]2[C@@H]3[C@H](C)C=C4CC(=O)CCC4[C@H]3CC[C@@]21C,1,training
ClC=C(Cl)Cl,1,training
CC[C@@H]1CC[C@H](N)[C@H](O[C@H]2[C@H](O)[C@@H](O[C@@H]3OC[C@@](C)(O)[C@H](NC)[C@@H]3O)[C@@H](N)C[C@@H]2N)O1,0,training
C[C@H](O)[C@H](O)[C@@H]1CNc2[nH]c(N)nc(=O)c2N1,0,training
COc1ccc(OC[C@H]2CN(C)CCC2c2ccccc2)cc1,1,training
CON=C(C(=O)NC1C(=O)N2C(C(=O)[O-])=C(C[N+]34CCC(C(N)=O)(CC3)CC4)CS[C@H]12)c1nsc(N)n1,0,training
COc1cc2c(cc1CNC1CCCNC1c1ccccc1)N(S(C)(=O)=O)C(C)C2,0,training
CN[C@@H]1CC[C@@H](c2ccccc2)c2ccccc21,1,training
NC(Cc1c[nH]c2ccc(O)cc12)C(=O)O,1,training
COc1cc2c(c(CN[C@@H]3CCCN[C@H]3c3ccccc3)c1)OCC2,1,training
CNc1cc(OC)c(C(=O)N[C@H]2CCN(Cc3ccccc3)[C@H]2C)cc1Cl,1,training
Cc1nc(C)c(C)nc1C,0,training
Cc1ccc(C(=O)c2ccc(CC(=O)O)n2C)cc1,1,training
CC1(C)S[C@@H]2C(NC(=O)C(C(=O)Oc3ccccc3)c3ccccc3)C(=O)N2C1C(=O)O,0,training
CN1CCN(C2=Cc3cc(Cl)ccc3/C(=C\C#N)c3ccccc32)CC1,1,training
CCCC(=O)N(c1ccccc1)C1(COC)CCN(CCn2nnn(CC)c2=O)CC1,0,training
C=Cc1c(C)c2[nH]c1=CC1=[N+]C(=Cc3[nH]c(c(C)c3CCC(=O)[O-])C=C3N=C(C=2)C2=CC=C(C(=O)OC)C(C(=O)OC)C32C)C(CCC(=O)OC)=C1C,0,training
Cc1ccc(C(=O)NC2C(=O)NC(C(C)C)C(=O)N3CCCC3C(=O)N(C)CC(=O)N(C)C(C(C)C)C(=O)O[C@@H]2C)c2c1Oc1c(C)c(O)c(N)c(=C(O)N=C3C(=O)NC(C(C)C)C(=O)N4CCCC4C(=O)N(C)CC(=O)N(C)C(C(C)C)C(=O)O[C@@H]3C)c1=N2,0,training
Cc1ccc(C(C)C)c(OCC2=NCCN2)c1,0,training
CC(=O)OCC(=O)[C@@]1(O)CC[C@H]2[C@@H]3CC=C4CC(=O)C=C[C@]4(C)[C@H]3[C@@H](O)C[C@@]21C,1,training
CCC(CO)Nc1nc(NCc2ccccc2)c2ncn(C(C)C)c2n1,0,training
C/C(=C(/CCO)SSCC1CCCO1)N(C=O)Cc1cnc(C)nc1N,1,training
CCC(NC(=O)c1c(OCCNC(=O)C2CCCN2)c(-c2ccccc2)nc2ccccc12)c1ccccc1,0,training
O=C1CC2(CCCC2)CC(=O)N1CCCCN1CCN(c2ncccn2)CC1,1,training
CCCC=c1ncc(=CC(Cc2cccs2)C(=O)O)n1Cc1ccc(C(=O)O)cc1,0,training
C[C@@H](O)C1C(=O)N2C(C(=O)[O-])=C(SC3Cn4cnc[n+]4C3)[C@H](C)[C@H]12,0,training
CC1CC2C3CC(F)C4=CC(=O)C=CC4(C)C3(F)C(O)CC2(C)C1(O)C(=O)COC(=O)C(C)(C)C,1,training
NCCCN1c2ccccc2Sc2ccc(Cl)cc21,1,training
CN1CCC23c4c5ccc(O)c4OC2C(=O)CCC3C1C5,1,training
CN1C(C(=O)Nc2ccccn2)C(=O)c2sc(Cl)cc2S1(=O)=O,1,training
CC12CCC(=O)C=C1CCC1C2C(O)CC2(C)C1CCC2(O)C(=O)COC(=O)CCC1CCCC1,1,training
CN1CCC(OC2c3ccccc3CCc3ccccc32)CC1,1,training
CN1CC[C@]23c4c5ccc(O)c4O[C@H]2C(O)C=C[C@H]3[C@H]1C5,1,training
CN(C)CCCN1c2ccccc2Sc2cccnc21,1,training
Nc1nc(=O)c2ncn(CC[C@@H](O)CO)c2[nH]1,1,training
CN(C)C1C(=O)C(C(=O)NCN2CCN(C(N)=NC(=N)N)CC2)C(=O)[C@@]2(O)C(=O)C3C(=O)c4c(O)cccc4[C@@](C)(O)[C@H]3C[C@@H]12,0,training
CC(=O)Oc1ccccc1C(=O)O,1,training
CC1(C)OC2CC3C4CC(F)C5=CC(=O)C=CC5(C)C4(Cl)C(Cl)CC3(C)C2(C(=O)CO)O1,1,training
CN1CC[C@@]23CCCC[C@@H]2[C@@H]1Cc1ccc(O)cc13,1,training
CCOC(=O)C(c1c(O)c2ccccc2oc1=O)c1c(O)c2ccccc2oc1=O,0,training
CC(C)(C)NCC(O)COc1cccc2c1C[C@H](O)[C@H](O)C2,1,training
CCn1cc(C(=O)O)c(=O)c2ccc(-c3ccncc3)cc21,0,training
CCCN(CCCCN1C(=O)CC2(CCCC2)CC1=O)C1COc2cccc(OC)c2C1,1,training
O=C(CC1c2ccccc2C(=O)N1c1ccc2ccc(Cl)nc2n1)N1CCC2(CC1)OCCO2,1,training
CCCc1nn(C)c2c(=O)[nH]c(-c3cc(S(=O)(=O)N4CCN(C)CC4)ccc3OCC)nc12,0,training
CN(C)c1cc(NC(=O)CNC(C)(C)C)c(O)c2c1C[C@H]1C[C@H]3C([N+](C)C)C(=O)C(C(N)=O)C(=O)C3(O)C([O-])=C1C2=O,0,training
C[C@@]12CC=C3C4=C(CCC3[C@H]1CC[C@]2(O)CC#N)CC(=O)CC4,1,training
Cc1ccnc(NS(=O)(=O)c2ccc(N)cc2)n1,0,training
O=C(Cc1ccc(Cl)c(Cl)c1)N1CCc2ccsc2[C@H]1CN1CCCC1,1,training
CCN1CCCC1CNC(=O)c1cc(C(C)=O)ccc1OC,1,training
CCc1nc(N)nc(N)c1-c1ccc(Cl)cc1,1,training
CCCCCCCCCCCCCCCCCC(=O)OCC(=O)OCC(=O)[C@@]1(O)CC[C@H]2[C@@H]3CC=C4CC(=O)C=C[C@]4(C)[C@H]3[C@@H](O)C[C@@]21C,1,training
CN(C)CCOC(C)(c1ccccc1)c1ccc(Cl)cc1,1,training
CCCCOC(=O)C(=O)C1[C@H](C)C[C@H]2[C@@H]3C[C@H](F)C4=CC(=O)C=C[C@]4(C)[C@H]3[C@@H](O)C[C@]12C,1,training
CCC1(c2ccccc2)NCC(=O)NC1=O,1,training
C[C@H](N)[C@@H](O)c1ccccc1,1,training
C=CC1CC2CCC1CC2C(O)c1ccnc2ccc(OC)cc12,0,training
O=C(O)Cc1ccccc1Oc1ccc(Cl)cc1Cl,1,training
C[C@H]1O[C@H]1P(=O)(O)O,0,training
C=CC[N+]1([C@@H]2C[C@@H]3[C@@H]4CC[C@@H]5C[C@H](O)[C@H](N6CCOCC6)CC5(C)[C@@H]4CCC3(C)[C@@H]2OC(C)=O)CCCC1,0,training
Cc1onc(-c2c(Cl)cccc2Cl)c1C(=O)NC1C(=O)N2C1SC(C)(C)C2C(=O)O,0,training
Oc1ccc2c3c1OC1C(O)C=CC4C(C2)NCCC341,1,training
CN1C[C@@H]2Cc3ccc(Cl)cc3[C@@H](c3ccccc3)[C@@H]2C1,1,training
C=CCC1(CC(C)O)C(=O)NC(=O)NC1=O,1,training
O=C1CC2(CCCC2)CC(=O)N1CCCCN1CCN(c2nsc3ccccc23)CC1,1,training
COc1c(O)c(C)c(C=CCCCCCCCCO)c(O)c1OC,1,training
CN1CCN(c2ccccc2Cc2ccccc2)CC1,1,training
Cc1csc([N+][C-](N)N)n1,1,training
CCOC(=O)C(CCc1ccccc1)NC(C)C(=O)N1Cc2cc(OC)c(OC)cc2CC1C(=O)O,0,training
Clc1cc(Cl)c(NC2=NCCN2)c(Cl)c1,1,training
OCc1nnc2n1-c1ccc(Cl)cc1C(c1ccccc1)=NC2,0,training
O=C(O)C1=C(C[n+]2ccc(CCS(=O)(=O)[O-])cc2)CS[C@@H]2C(NC(=O)C(NC(=O)c3[nH]cnc3C(=O)O)c3ccccc3)C(=O)N12,0,training
CC(Cc1ccccc1)NCCn1cnc2c1c(=O)n(C)c(=O)n2C,1,training
C=NC(C(=O)NC1C(=O)N2C1SC(C)(C)C2C(=O)O)c1ccccc1,0,training
COc1cc([C@@H]2c3cc4c(cc3[C@@H](O[C@@H]3O[C@@H]5CO[C@@H](C)O[C@H]5[C@H](O)[C@H]3O)C3COC(=O)C32)OCO4)cc(OC)c1O,0,training
CC(NNC(=O)c1ccccc1)c1ccccc1,1,training
CC[C@H](CO)NCCN[C@H](CC)CO,0,training
OCCN1CCN(CC/C=C2/c3ccccc3Sc3ccc(C(F)(F)F)cc32)CC1,1,training
O=C(CCCN1CCC(n2c(=O)[nH]c3ccccc32)CC1)c1ccc(F)cc1,1,training
C=C(CC)C(=O)c1ccc(OCC(=O)O)c(Cl)c1Cl,0,training
CCCCOCC(CN1C(=O)NC(=O)C(CC)(c2ccccc2)C1=O)OC(N)=O,1,training
CO[C@H]1/C=C\O[C@@]2(C)Oc3c(C)c(O)c4c(O)c(c5c(nc6cc(C)ccn65)c4c3C2=O)NC(=O)C(C)=CC=CC(C)[C@H](O)[C@@H](C)[C@@H](O)[C@@H](C)[C@H](OC(C)=O)[C@@H]1C,0,training
CC(C)(C)NC[C@@H](O)c1cc(O)cc(O)c1,1,training
C#C[C@@]1(O)CC[C@@H]2[C@@H]3CC=C4CC(=O)CCC4[C@@H]3C=C[C@@]21CC,1,training
O=C1CN=C(c2ccccc2Cl)c2cc([N+](=O)[O-])ccc2N1,1,training
CC(=O)O[C@@H]1C[C@@H]2CC[C@@H]3[C@H]4C[C@H]([N+]5(C)CCCCC5)[C@H](OC(C)=O)C4(C)CC[C@@H]3C2(C)C[C@@H]1[N+]1CCCCC1,0,training
Cc1cccc(C)c1Nc1ncc(-c2ccc(OCCN3CCCC3)cc2)n2cncc12,1,training
C[C@H]1COc2c(N3CCN(C)CC3)c(F)cc3c(=O)c(C(=O)O)cn1c23,1,training
OCc1cccnc1,0,training
CCC(=O)C1(O)CCC2C3CC=C4CC(=O)CCC4(C)C3C(O)CC21C,1,training
CNCC=C(c1ccc(Br)cc1)c1cccnc1,1,training
CCC(=O)O[C@@H]1CC(=O)O[C@H](C)C/C=C\C=C\[C@H](O)[C@H](C)C[C@H](CC=O)[C@H](O[C@@H]2O[C@H](C)[C@@H](O[C@H]3C[C@@](C)(O)[C@@H](OC(=O)CC)[C@H](C)O3)[C@H](N(C)C)[C@H]2O)[C@H]1OC,0,training
CC(C)(C)NCC(O)c1ccc(O)c(CO)n1,0,training
NC(CO)(CO)CO,0,training
COC1(NC(=O)CSCC#N)C(=O)N2C(C(=O)O)=C(CSc3nnnn3C)CSC21,0,training
CN(C)CCOC1=Cc2ccccc2Sc2ccc(Cl)cc21,1,training
CC(=O)OCC(=O)[C@@]1(OC(=O)c2ccco2)[C@H](C)C[C@H]2[C@@H]3CC=C4CC(=O)C=C[C@]4(C)[C@@]3(F)[C@@H](O)C[C@@]21C,1,training
Cc1cccc(Cl)c1Nc1nc2ccc(N3CCNC(C)C3)nc2n2cncc12,0,training
CC1(C)SC2C(NC(=O)C(N=[N+]=[N-])c3ccccc3)C(=O)N2C1C(=O)O,0,training
CN(C)CCC=C1c2ccccc2C=Cc2ccccc21,1,training
CN(C)CCOc1ccc(-c2nc(-c3ccc4c(c3)CCC4=NCO)c(-c3ccncc3)[nH]2)cc1,0,training
CO[C@@]1(NC(=O)C(C(=O)O)c2ccsc2)C(=O)N2C(C(=O)O)C(C)(C)S[C@@H]21,0,training
COc1cc(NS(=O)(=O)c2ccc(N)cc2)nc(OC)n1,0,training
CON=C(C(=O)NC1C(=O)N(OCC(=O)OCC(=O)OC(C)(C)C)C1C)c1csc(N)n1,0,training
CCCC(=O)OC1(C(=O)COC(C)=O)CCC2C3CC(C)=C4CC(=O)CCC4(C)C3C(O)CC21C,1,training
CN(C)CCn1cnc2c1c(=O)n(C)c(=O)n2C,1,training
Cc1ccc(S(=O)(=O)NC(=O)N[C@@H]2[C@H]3CC[C@](C)([C@H]2O)C3(C)C)cc1,1,training
C[C@](N)(Cc1ccc(O)cc1)C(=O)O,0,training
CC(=O)OCC/C(SC(C)=O)=C(/C)N(C=O)Cc1cnc(C)nc1N,1,training
CN(C)c1nc(O)c(-c2ccccc2)o1,1,training
CN[C@H](C)CC1CCCCC1,1,training
O=C(CCCl)NCc1ccccc1,1,training
Cc1cccc(N(C)C(=S)Oc2ccc3ccccc3c2)c1,0,training
CC(C)Oc1ccc(OC(F)(F)F)cc1CNC1CCCNC1c1ccccc1,1,training
COC(C(=O)NC1C(=O)N2C1SC(C)(C)C2C(=O)O)c1ccc(Cl)c(Cl)c1,0,training
CC1C2Cc3ccc(O)cc3C1(C)CCN2CC1CC1,1,training
C/C=C/C=C/C1OC(O)(C(CC)C(=O)NC/C=C/C=C(\C)C(OC)C(C)C2OC(/C=C/C=C/C=C(\C)C(=O)c3c(O)ccn(C)c3=O)C(O)C2O)C(O)C(OC2OC(C)C(OC3OC(C)C(OC)C(O)C3OC)C(OC)C2O)C1(C)C,0,training
O=P1(N(CCCl)CCCl)OCCCN1CCCl,1,training
CC(=O)C1CC[C@H]2[C@@H]3CC=C4CC(=O)CC[C@]4(C)[C@H]3CC[C@]12C,0,training
CCCn1c(=O)c2[nH]c(C3CCC(=O)C3)nc2n(CCC)c1=O,0,training
COc1cc2[nH]c(C)c(CCN3CCN(c4ccccc4OC)CC3)c2cc1OC,1,training
C[C@]12CC[C@@H]3c4ccc(O)cc4CC[C@H]3[C@@H]1CC[C@@H]2O,0,training
CCc1[nH]c(=O)[nH]c1C(=O)c1ccncc1,1,training
COCCOCC(CC1(C(=O)NC2CCC(C(=O)O)CC2)CCCC1)C(=O)Oc1ccc2c(c1)CCC2,0,training
OC(c1ccccc1)(c1ccccc1)C1CCCCN1,1,training
COC1/C=C\OC2(C)Oc3c(C)c(O)c4c(O)c(c(C=NN5CCN(C6CCCC6)CC5)c(O)c4c3C2=O)NC(=O)C(C)=CC=CC(C)C(O)C(C)C(O)C(C)C(OC(C)=O)C1C,0,training
O=c1[nH]c(=O)n([C@@H]2C[C@H](O)[C@H](CO)O2)cc1C(F)(F)F,0,training
Clc1ccc(CS[C@H](Cn2ccnc2)c2ccc(Cl)cc2Cl)cc1,0,training
CN(C(=O)CNC1CC1)c1ccc(Cl)cc1C(=O)c1ccccc1Cl,1,training
CC(=O)OCC(C)C,1,training
CN1CCc2cc(Cl)c(O)cc2C(c2cc(Br)cc3c2OCC3)C1,1,training
O=C(O)P(=O)(O)O,1,training
O=c1[nH]c2cc(Cl)ccc2n1C1CCN(CC2COc3ccccc3O2)CC1,1,training
C[N+]1(CCCS(=O)(=O)[O-])C2CCC1CC(OC(=O)C(CO)c1ccccc1)C2,0,training
CC(=O)OC1(C(C)=O)CCC2C3CC(C)=C4CC(=O)C=CC4(C)C3(F)C(O)CC21C,1,training
CCC1(CC)O[C@@H]2C[C@H]3C4CC=C5CC(=O)C=CC5(C)[C@@]4(F)[C@@H](O)CC3(C)[C@]2(C(=O)CO)O1,1,training
CCOC(=O)N(CCN(C)C)c1cccc(C(F)(F)F)c1,1,training
CCC1(C2=CCCCC2)C(=O)NC(=O)NC1=O,1,training
COC(=O)c1c(C)cc([N+](=O)[O-])c(C(=O)OCCN(C)Cc2ccccc2)c1C1C=C(C)NC(C)=C1,1,training
Clc1cc(Cl)c(OCC#CI)cc1Cl,0,training
CCOC(=O)N1CCC(=O)N(c2ccccc2)c2cc(Cl)ccc21,1,training
COc1ccc(-n2nnnc2C(F)(F)F)cc1CNC1CCCNC1c1ccccc1,1,training
Nc1ncnc2c1ncn2[C@@H]1O[C@H](CO)[C@@H](O)[C@H]1O,1,training
Cc1c(C)c2c(c(C)c1O)CC[C@@](C)(CCC[C@H](C)CCC[C@H](C)CCCC(C)C)O2,1,training
OC(c1ccccc1)(c1ccccc1)C1CC1c1ccncc1,1,training
CC[C@H]1OC(=O)C(C)[C@@H](O[C@H]2C[C@@](C)(OC)[C@@H](O)[C@H](C)O2)[C@H](C)[C@@H](O[C@@H]2O[C@H](C)C[C@H](N(C)C)[C@H]2O)[C@](C)(OC)CC(C)C(=O)C(C)[C@@H](O)[C@]1(C)O,0,training
Clc1ccc(N2CCN(C/C=C/c3ccccc3)CC2)nn1,1,training
CC(C)c1cc2c(cc1S(=O)(=O)O)C1(C)CCCC(C)(C(=O)O)[C@H]1CC2,0,training
Cc1onc(-c2ccccc2)c1C(=O)NC1C(=O)N2C1SC(C)(C)C2C(=O)O,0,training
CC(C)n1c(C=CC(O)CC(O)CC(=O)O)c(-c2ccc(F)cc2)c2ccccc21,1,training
O=C(O)C1C(=CCO)O[C@H]2CC(=O)N12,1,training
Nc1ncnc2c1ncn2[C@@H]1O[C@H](COP(=O)(O)O)[C@H](O)[C@@H]1O,0,training
CC1CC2C3CC(F)C4=CC(=O)C=CC4(C)C3(F)C(O)CC2(C)C1(O)C(=O)CCl,1,training
FC(F)Oc1ccc(OC(F)(F)F)cc1CNC1CCCNC1c1ccccc1,1,training
CCc1nn(CCCN2CCN(c3cccc(Cl)c3)CC2)c(=O)n1CC,1,training
CCCCCCN1CCC(C(=O)N(C)CC)(c2ccccc2)CC1,1,training
C#CCN(C)CCCOc1ccc(Cl)cc1Cl,1,training
N#CCCN1C(=O)C(O)N=C(c2ccccc2F)c2cc(Cl)ccc21,1,training
O=C(c1ccc(F)cc1)C1CCN(CCCn2c(=O)[nH]c3ccccc32)CC1,1,training
CN(C)c1ccc(-c2cccc(Nc3[nH]ccc3[N+](=O)[O-])c2)o1,0,training
CN(CCc1cc2cccc3c2n1-c1ccccc1CC3)Cc1ccccc1,1,training
CC(=O)C1CC[C@H]2[C@@H]3CC(C)=C4CC(=O)C=C[C@]4(C)[C@H]3[C@@H](O)C[C@]12C,1,training
O=c1[nH]c2cc(Cl)ccc2n1C1CCN(CCCC(c2ccc(F)cc2)c2ccc(F)cc2)CC1,1,training
Cc1ccc(C)c(C)c1,1,training
CS(=O)(=O)CCNCc1ccc(-c2ccc3ncnc(Nc4ccc(OCc5cccc(F)c5)c(Cl)c4)c3c2)o1,0,training
CN1CCC(=C2c3ccccc3CCc3sccc32)CC1,1,training
CC(=O)C1CSc2ccccc2N1CCC1CCCCN1C,0,training
CC(C)(C(=O)O)c1ccc(C(O)CCCN2CCC(C(O)(c3ccccc3)c3ccccc3)CC2)cc1,0,training
COc1ccc(CCN2CCN(c3ccccc3Cl)CC2)cc1OC,1,training
COCC1CN=C(c2ccccc2Cl)c2cc(Br)ccc2N1C,1,training
CCCCCC(=O)CCC1(C)C2Cc3ccc(O)cc3C1(C)CCN2C,1,training
CCC(=O)N(c1ccccc1)C1CCN(CCc2ccccc2)CC1,1,training
CC1NCCOC1c1ccccc1,1,training
COc1nccc(-c2c(-c3ccc(F)cc3)ncn2C2CCC(O)CC2)n1,0,training
CN(C)C1C(=O)C(C(N)=O)C(=O)C2(O)C(=O)C3C(=O)c4c(O)ccc(Cl)c4C(C)(O)C3CC12,0,training
O=C1N=C(c2ccccc2Cl)c2cc(Cl)ccc2NC1O,1,training
CC1C2Cc3ccc(O)cc3C1(C)CCN2C,1,training
OCCN1CCN(CCCN2c3ccccc3Sc3ccc(C(F)(F)F)cc32)CC1,1,training
COc1cc2c(cc1OC)CN(C(=O)C(C)NC(CCc1ccccc1)C(=O)O)C(C(=O)O)C2,0,training
O=NN(CCCl)C(=O)NC1CCCCC1,1,training
Cc1cc(NC(=O)C2C(=O)c3ccccc3S(=O)(=O)N2C)no1,0,training
Cc1cc(Cl)ccc1OC(C)C(=O)O,1,training
CC12CC(N)C1CN(c1nc3c(cc1F)c(=O)c(C(=O)O)cn3C1CC1)C2,0,training
CCCCCCCCCNc1ncnc2[nH]ccc12,1,training
CC(C)Cn1cnc2c(N)nc3ccccc3c21,0,training
CCCN(CCC)S(=O)(=O)c1ccc(C(=O)O)cc1,0,training
NS(=O)(=O)c1cc(Cl)cc(NCc2ccco2)c1C(=O)O,1,training
CCCCCCCCCCOc1c(OC)cc(C(N)=O)cc1OC,1,training
Cc1nc2n(c(=O)c1CCN1CCC(c3noc4cc(F)ccc34)CC1)CCCC2O,1,training
CO[C@H]1/C=C/O[C@@]2(C)Oc3c(C)c(O)c4c(O)c(c5c(c4c3C2=O)=NC2(CCN(CC(C)C)CC2)N=5)NC(=O)C(C)=CC=CC(C)[C@H](O)[C@@H](C)[C@@H](O)[C@@H](C)[C@H](OC(C)=O)[C@@H]1C,0,training
CC(=CCCN1CCC2(CC1)C(=O)NCN2c1ccccc1)c1ccc(F)cc1,1,training
CC[C@@H]([C@@H](C)O)n1ncn(-c2ccc(N3CCN(c4ccc(OC[C@H]5COC(Cn6cncn6)(c6ccc(F)cc6F)C5)cc4)CC3)cc2)c1=O,0,training
CN1C2CCC1CC(NC(=O)c1cn(C3CCCCC3)c3ccccc3c1=O)C2,1,training
NC(Cc1ccc(O)c(O)c1)C(=O)O,0,training
CC#CCn1c(N2CCC[C@H](N)C2)nc2c1c(=O)n(Cc1nc(C)c3ccccc3n1)c(=O)n2C,0,training
OCCN1CCN(CCC=C2c3ccccc3Sc3ccc(C(F)(F)F)cc32)CC1,1,training
CC1(C)SC2C(NC(=O)C(N)c3ccccc3)C(=O)N2C1C(=O)O,0,training
CNCCOC(c1ccccc1)c1ccccc1C,1,training
CN1[C@H]2CC[C@H]1[C@@H](CC(=O)O)[C@@H](OC(=O)c1ccccc1)C2,0,training
CCC(C)(O)C1CC23C=CC1(OC)C1Oc4c(OC)ccc5c4C12CCN(CC1CC1)C3C5,1,training
CC(C)NCC(O)c1ccc(O)c(O)c1,0,training
CC(C)[N+]C[C@@H]1CCc2cc(CO)c([N+](=O)[O-])cc2N1,0,training
COC1=C(C(=O)O)N2C(=O)C(NC(=O)C(N)C3C=CCC=C3)C2SC1,0,training
O=C1NC(=O)C(CC2CCCCN2)(c2ccccc2)C(=O)N1,1,training
C[C@H]1O[C@H](O[C@H]2[C@H](O)[C@@H](O)[C@@H](O[C@H]3[C@H](O)[C@@H](O)C(O)O[C@@H]3CO)O[C@@H]2CO)[C@H](O)[C@@H](O)[C@@H]1N[C@H]1C=C(CO)[C@@H](O)[C@H](O)[C@H]1O,0,training
Cc1cc(C=CC#N)cc(C)c1Nc1ccnc(Nc2ccc(C#N)cc2)n1,0,training
CO[C@H]1/C=C\O[C@@]2(C)Oc3c(C)c(O)c4c(O)c(c(C=NN5CCN(C)CC5)c(O)c4c3C2=O)NC(=O)C(C)=CC=CC(C)[C@H](O)[C@@H](C)[C@@H](O)[C@@H](C)[C@H](OC(C)=O)[C@@H]1C,0,training
CC(=O)OCC1=CO[C@@H](OC(=O)CC(C)C)[C@H]2C1=C[C@H](OC(=O)CC(C)C)[C@]21CO1,1,training
COc1ccc2c3c1O[C@H]1[C@@H](O)C=C[C@H]4[C@@H](C2)N(C)CC[C@@]341,1,training
CCC(=O)OC1(C(=O)CCl)C(C)CC2C3CC=C4CC(=O)C=CC4(C)C3(F)C(O)CC21C,1,training
Oc1c2c(c(O)n1CCCCN1CCN(c3ncccn3)CC1)[C@@H]1C=C[C@H]2[C@@H]2C=C[C@@H]21,1,training
CNCCCCOc1ccccc1Cc1ccccc1,1,training
COc1ccc2c(c1OC)[C@]13CCN(C)[C@H](C2)[C@]1(O)CC[C@@H](O)C3,1,training
C=C1c2c(Cl)ccc(O)c2C(=O)C2C(=O)[C@]3(O)C(=O)C(C(N)=O)C(=O)C(N(C)C)[C@@H]3[C@@H](O)[C@H]12,0,training
CCN(CCO)CCn1c(Cc2ccccc2)nc2c1c(=O)n(C)c(=O)n2C,1,training
CCN(CC)CCN1c2ccccc2Sc2ccccc21,1,training
O=C(Cc1ccc(Cl)c(Cl)c1)N1CCn2ncnc2[C@H]1CN1CCCC1,1,training
O=C(CN1CCC(c2ccc(F)cc2)C(COc2ccc3c(c2)OCO3)C1)c1ccc(F)cc1,1,training
CO[C@]12CC[C@@]3(C[C@@H]1[C@](C)(O)C(C)(C)C)[C@H]1Cc4ccc(O)c5c4[C@@]3(CCN1CC1CC1)[C@H]2O5,1,training
COc1cc2nc(N3CCN(C(=O)c4ccco4)CC3)nc(N)c2cc1OC,1,training
CC(=O)OCC(=O)[C@@]1(O)[C@H](OC(C)=O)C[C@H]2[C@@H]3CC=C4CC(=O)C=C[C@]4(C)[C@@]3(F)[C@@H](O)C[C@@]21C,1,training
Cc1c2cc[n+](C)cc2c(C)c2c1[nH]c1ccc(O)cc12,0,training
CC(C)(C)C(=O)OCOP(=O)(COCCn1cnc2c(N)ncnc21)OCOC(=O)C(C)(C)C,0,training
COc1cccc2c(O)c3c(c(O)c12)C(=O)C1=C(C[C@@](O)(/C(C)=N/NC(=O)c2ccccc2)C[C@@H]1O[C@H]1C[C@H](N)[C@H](O)[C@H](C)O1)C3=O,0,training
CCN(CC)CCCC(C)Nc1ccnc2cc(Cl)ccc12,1,training
O=C1c2cccc3c2[C@@H](CCC3)CN1[C@@H]1CN2CCC1CC2,1,training
CCC(=O)O[C@]1(C(=O)COC(C)=O)CC[C@H]2[C@@H]3CC=C4CC(=O)CC[C@]4(C)[C@H]3[C@@H](O)C[C@@]21C,1,training
CCC(Br)(C(N)=O)C(C)C,1,training
CC(=O)NC(CCC(N)=O)C(=O)O,1,training
CCCCc1oc2ccccc2c1C(=O)c1cc(I)c(OCCN(CC)CC)c(I)c1,0,training
OCCN1CCN(CCCN2c3ccccc3Sc3cc(Cl)cnc32)CC1,1,training
COC(=O)C1C(=O)CC(=Nc2cccc(OC(F)(F)F)c2)CC1C,0,training
CCCC(CC)C1(CC)C(=O)NC(=S)NC1=O,1,training
CN(C)CC(=O)N1c2ccccc2Sc2ccccc21,1,training
CCc1c(OC)nc2nc(-c3noc(C)n3)cn2c1C,1,training
COC(=O)C1[C@H]2C[C@@H]3c4[nH]c5ccccc5c4CCN3C[C@H]2C[C@@H](OC(=O)c2cc(OC)c(OC)c(OC)c2)[C@@H]1OC,1,training
COc1ccc(C=C2CCCN=C2c2cccnc2)c(OC)c1,1,training
CN1CCN(C2=Nc3cc(F)ccc3Cc3ccccc32)CC1,1,training
O=P([O-])(O)C(O)(C[n+]1cc[nH]c1)P(=O)(O)O,0,training
FC(Br)C(F)(F)F,1,training
CCN(CC)CCNC(=O)COc1ccc(Cl)cc1,1,training
Cc1ccccc1N1CCN(CCc2nnc3n2CCCC3)CC1,0,training
CCN1CC[C@@]23[C@H]4C5C=CC(=O)C4O[C@H]2[C@@H](O)C=C[C@@H]3[C@@H]1C5,1,training
N=C1SCCN1c1ccc(Cl)cc1N,1,training
CCC1(CC)C(=O)CC=NC1=O,1,training
O=C1c2ccccc2S(=O)(=O)N1CCCN1CCN(c2ncccn2)CC1,1,training
CC/C(=C(/c1ccccc1)c1ccc(OCCN(C)C)cc1)c1ccccc1,1,training
C[C@@]12CCCCCC(Cc3ccc(O)cc31)[C@@H]2N,1,training
N#CC(CCN1CCC(C(N)=O)(N2CCCCC2)CC1)(c1ccccc1)c1ccccc1,1,training
FC(F)(F)C(Cl)Br,1,training
COCCCC(=O)OC(C)OC(=O)C1=C(COC(N)=O)CS[C@@H]2C(=NC(=O)C(NOC)c3ccco3)C(=O)N12,0,training
OCCC1CCN(CC/C=C2\c3ccc(F)cc3Sc3ccc(C(F)(F)F)cc32)CC1,1,training
CCC1(CC)O[C@@H]2C[C@H]3[C@@H]4CC=C5CC(=O)C=C[C@]5(C)[C@@]4(F)[C@@H](O)C[C@]3(C)[C@]2(C(=O)CO)O1,1,training
CN(CCCl)CCCl,0,training
CCOC(=O)N1CCN(C(=O)Cc2ccc(Cl)c(Cl)c2)[C@@H](CN2CCCC2)C1,1,training
CN1CCN(C2=Nc3ccccc3Oc3ccc(Cl)cc32)CC1,1,training
CN1Cc2c(-c3noc([C@](C)(O)CO)n3)ncn2-c2cccc(Cl)c2C1=O,0,training
CN1CC[C@]23c4c5ccc(O)c4O[C@H]2CCC[C@H]3[C@H]1C5,1,training
C[C@H](CN1CCOCC1)C(C(=O)N1CCCC1)(c1ccccc1)c1ccccc1,1,training
O=C(Cc1cccs1)NC1C(=O)N2C(C(=O)O)=C(CSc3nc[nH]n3)CS[C@H]12,0,training
CC(=C(CCO)SSCC1CCCO1)N(C=O)Cc1cnc(C)nc1N,1,training
S=C(NC1CCCCC1)N1CCC(c2c[nH]cn2)CC1,1,training
CC(C)CC(=O)c1ccc(OCCCCO)cc1O,0,training
N=C(N)N=c1[nH]c(-c2cccc(N)c2)cs1,1,training
CC(C)(C)C(=O)SCC(=O)[C@@]1(O)CC[C@H]2[C@@H]3CC=C4CC(=O)CC[C@]4(C)[C@H]3[C@@H](O)C[C@@]21C,1,training
CCOC(=O)OC(C)OC(=O)C1N2C(=O)C(N=CN3CCCCCC3)C2SC1(C)C,0,training
CC(=O)C1(O)C=C2C(=O)c3c(c(O)c4ccccc4c3O)C(=O)C2C(OC2CC(N)C(O)C(C)O2)C1,0,training
CCCCNc1ccc(C(=O)OCCOCCOCCOCCOCCOCCOCCOCCOCCOC)cc1,0,training
CC(Cc1ccccc1)(NC(=O)CN)c1ccccc1,1,training
CC(C)CCC(=O)CC1c2ccccc2C(=O)N1c1ccc2ccc(Cl)nc2n1,1,training
CC[C@@]1(O)C(=O)OCc2c1cc1n(c2=O)Cc2cc3c(CN(C)C)c(O)ccc3nc2-1,1,training
CCC(=O)c1ccc2c(c1)N(CC(C)N(C)C)c1ccccc1S2,1,training
CCCCS(=O)(=O)NC(Cc1ccc(OCCCCC2CCNCC2)cc1)C(=O)O,0,training
O=C(NC[C@H](O)CO)c1c(I)c(C(=O)NC[C@H](O)CO)c(I)c(N(CCO)C(=O)CO)c1I,0,training
CC(C)(C)c1nc(N2CCN(CCCSc3nc(=O)cc[nH]3)CC2)cc(C(F)(F)F)n1,1,training
CN1c2ccc(Cl)cc2C(c2ccccc2Cl)=NCC1CO,1,training
Fc1ccc(-c2ccc(CN3CCN(c4cccc5ccoc45)CC3)[nH]2)cc1,1,training
CN1CC[C@]23c4c5ccc(O)c4O[C@H]2[C@@H](O)CC[C@@]3(O)[C@H]1C5,1,training
C=CCN1CCC23c4c5ccc(O)c4OC2C2(OC)C=CC3(CC2[C@](C)(O)CCC)C1C5,1,training
CC(=O)C1CCC2C3CCC4CC(C)(O)CCC4(C)C3CCC12C,1,training
NS(=O)(=O)c1cc2c(cc1Cl)N[C@H](CN1CCCC1)NS2(=O)=O,1,training
CC(C)n1c(/C=C/[C@@H](O)C[C@@H](O)CC(=O)O)c(-c2ccc(F)cc2)c2ccccc21,0,training
C[C@@H]1O[C@@H](O[C@H]2C[C@](O)(C(=O)CO)C=C3C(=O)c4c(c(O)c5ccccc5c4O)C(=O)C32)C[C@H](N)[C@@H]1O,0,training
O=C1CN=C(c2ccccc2Cl)c2cc(Cl)ccc2N1,1,training
C[C@@H]1[C@H](O)[C@@H](C)/C=C/C=C/C=C/C=C/C=C\C=C/C=C\[C@H](O[C@@H]2O[C@H](C)[C@@H](O)[C@H](N)[C@@H]2O)C[C@@H]2O[C@](O)(C[C@@H](O)C[C@@H](O)[C@H](O)CC[C@@H](O)C[C@@H](O)CC(=O)O[C@H]1C)C[C@H](O)C2C(=O)O,0,training
Clc1ccc(OCC2=NCCN2)cc1Cl,1,training
C[N+]1(C)CCC(OC(=O)C(O)(c2ccccc2)C2CCCC2)C1,0,training
NC[C@@H]1O[C@H](O[C@@H]2[C@H](O)[C@@H](O[C@@H]3[C@@H](O)[C@H](N)C[C@H](N)[C@H]3O[C@H]3O[C@H](CN)[C@@H](O)[C@H](O)[C@H]3N)O[C@H]2CO)[C@H](N)[C@@H](O)[C@@H]1O,0,training
C[C@@H](CCC(=O)NCCS(=O)(=O)O)[C@@H]1CC[C@@H]2[C@H]3[C@@H](CCC21C)C1(C)CC[C@@H](O)C[C@@H]1C[C@@H]3O,0,training
O=c1[nH]c(CCCN2CCC(c3ccccc3)CC2)nc2c(Cl)cccc12,0,training
CC(=O)Oc1ccc2c3c1O[C@H]1[C@@H](OC(C)=O)C=C[C@H]4[C@@H](C2)N(C)CC[C@@]341,1,training
Oc1ccccc1,0,training
CC(O)C1C(=O)N2C(C(=O)O)=C(COC(N)=O)SC12,0,training
CCCCNCC1COc2ccccc2O1,1,training
CON=C(C(=O)NC1C(=O)N2C(C(=O)[O-])=C(C[n+]3cccc4c3CCCC4)CS[C@H]12)c1csc(N)n1,0,training
NC(=O)CN1C(=O)COc2ccccc21,1,training
COc1ccc2c(c1)CN(C)CC2c1ccc(Cl)c(Cl)c1,1,training
CC1CCCCC1(c1cccs1)N1CCCCC1,1,training
C=CCC1([C@H](C)CCC)C(=O)NC(=O)NC1=O,1,training
CC12CC=C3C4=C(CCC3[C@@H]1CCC2(O)CC#N)CC(=O)CC4,0,training
CC(=O)C1CC[C@H]2[C@@H]3CC=C4C[C@@H](O)CC[C@]4(C)[C@H]3CC[C@]12C,1,training
CCS(=O)(=O)C(C)(C)S(=O)(=O)CC,1,training
CC12CC[C@@H]3c4ccc(OS(=O)(=O)O)cc4CC[C@@H]3[C@@H]1CCC2=O,0,training
NC(=O)OCC(COC(N)=O)c1ccccc1,1,training
CN1[C@H]2CC[C@H]1CC(OC(=O)c1c[nH]c3ccccc13)C2,1,training
CC(=O)OCC(=O)[C@@]1(O)CC[C@H]2[C@@H]3CC=C4CC(=O)CC[C@]4(C)[C@@]3(F)[C@@H](O)C[C@@]21C,1,training
O=C(OCc1ccccc1)N1CCC(CNc2ncccn2)CC1,0,training
Nc1nc(=O)c2c(CCc3ccc(C(=O)NC(CCC(=O)O)C(=O)O)cc3)c[nH]c2[nH]1,0,training
CN(C)C(=O)c1nc(CNC(=O)CN)n(-c2ccc(Cl)cc2C(=O)c2ccccc2Cl)n1,1,training
Cc1ccc(Cl)c(Nc2ccccc2C(=O)O)c1Cl,0,training
COCC1CN(c2ccc(OCc3cccc(C#N)c3)cc2)C(=O)O1,1,training
ClCC(Cl)(Cl)Cl,1,training
CCOC(OCC)C(=O)OCC(=O)C1(O)C=C2C(=O)c3c(c(O)c4c(OC)cccc4c3O)C(=O)C2C(OC2CC(N)C(O)C(C)O2)C1,0,training
c1ccc2c(c1)CCC(CNCCCNC1=NCCCN1)O2,0,training
CN(C)C(=O)C1(c2ccc(Cl)cc2)CCN(CCCC(=O)c2ccc(F)cc2)CC1,1,training
Cc1oc(=O)oc1COC(=O)C1N2C(=O)C(NC(=O)C(N)c3ccccc3)[C@H]2SC1(C)C,0,training
C[C@H](Oc1c(Cl)cccc1Cl)C1=NCCN1,1,training
O=S(=O)(c1cccc(Cl)c1)n1ccc2c(N3CCNCC3)c(Cl)ccc21,1,training
CNC(C)Cc1ccccc1,1,training
CCC1CC(=O)C2Oc3c(OC)ccc4c3C23CCN(CC2CC2)C(C4)C13,1,training
CC12CCC(=O)C=C1CCC1C2C(O)CC2(C)C1CCC2(O)C(=O)COC(=O)CCC(=O)O,1,training
COC(=O)C1=C(C)N=C(C)C(C(=O)OCC(C)C)[C@H]1c1ccccc1[N+](=O)[O-],1,training
CC(=O)OC(C)C(=O)[C@@]1(O)CC[C@H]2[C@@H]3CC=C4CC(=O)C=C[C@]4(C)[C@@]3(F)[C@@H](O)C[C@@]21C,1,training
CCC(C)C1NC(=O)C(Cc2ccc(O)cc2)NC(=O)C(N)CSSCC(C(=O)N2CCCC2C(=O)NC(CC(C)C)C(=O)NCC(N)=O)NC(=O)C(CC(N)=O)NC(=O)C(CCC(N)=O)NC1=O,0,training
O=C(O)C(CC(=O)N1C[C@H]2CCCC[C@H]2C1)Cc1ccccc1,0,training
CCNC1CC(N)C(OC2OC(CN)=CCC2N)C(O)C1OC1OCC(C)(O)C(NC)C1O,0,training
CCCCCN=C(N)NN=Cc1c[nH]c2ccc(OC)cc12,0,training
CN(C)CCCN1c2ccccc2C=Cc2ccccc21,1,training
CN(C)Cc1ccc(-c2c[nH]c(=O)c3cccc(O)c23)cc1,0,training
OC(c1cc(C(F)(F)F)nc2c(C(F)(F)F)cccc12)C1CCCCN1,1,training
C=CCn1c2c(c3cc(C(=O)N4CCC(C)CC4)ccc31)CN(CC1CC1)CC2,0,training
CN(C)CCN1C(=O)c2ccccc2N(C)c2ccccc21,1,training
Cc1cc2cc3c(C)cc(=O)oc3c(C)c2o1,0,training
O=c1cc(NC2CCN(C/C=C/c3ccccc3)CC2)c2cc(Cl)ccc2o1,1,training
CC(C)OC(=O)CCC/C=C/C[C@@H]1[C@@H](/C=C/[C@@H](O)COc2cccc(C(F)(F)F)c2)[C@H](O)C[C@H]1O,0,training
OC(CCN1CCCCC1)(c1ccccc1)C1CCCCC1,1,training
C[N+](C)(C)CCOC(N)=O,0,training
CCCCCCCCCCCCCCCCCC(=O)OCC(=O)OCC(=O)[C@@]1(O)CCC2C3CC=C4CC(=O)C=C[C@]4(C)C3[C@@H](O)C[C@@]21C,1,training
CC(C)(C)c1ccc(C(=O)CCCN2CCC(OC(c3ccccc3)c3ccccc3)CC2)cc1,0,training
CN1CCN(C2=Nc3cscc3/C(=C/C#N)c3cscc32)CC1,1,training
O=C(c1ccc(Cl)cc1)N1CCN(c2ccc(OC3CCN(C4CCC4)CC3)cc2)C(=O)C1,0,training
CN1C2CCC1CC(OC(c1ccccc1)c1ccccc1)C2,1,training
NCC(O)c1ccc(O)c(O)c1,0,training
Cc1ccc(O)c([C@@H](CCN(C(C)C)C(C)C)c2ccccc2)c1,0,training
C/C(=C1/CCOC(=O)S1)N(C=O)Cc1cnc(C)nc1N,1,training
O=C1NC(c2ccccc2)(c2ccccc2)C(=O)N1COP(=O)(O)O,1,training
[N+]CCC(O)(P(=O)([O-])O)P(=O)(O)O,0,training
[N-]=[N+]=NCC(=O)NC(CO)C(O)c1ccc([N+](=O)[O-])cc1,1,training
CCC(=O)O[C@]1(c2ccccc2)CCN(C)C[C@@H]1CC,1,training
CNC(=O)C(NC(=O)C(CC(C)C)C(O)C(O)=NO)C(C)(C)C,0,training
CC(=O)N1CCN(C(=O)Cc2cc(F)cc(F)c2)[C@@H](CN2CC[C@@H](O)C2)C1,0,training
CC(=O)OC1(C(C)=O)CCC2C3C=C(C)C4=CC(=NOCc5c(F)c(F)c(F)c(F)c5F)CCC4(C)C3CCC21C,0,training
Cc1nc2n(c(=O)c1CCN1CCC(c3noc4cc(F)ccc34)CC1)CCCC2,1,training
CCCN(CCC)CCc1cc(O)c2[nH]c(O)cc2c1,0,training
CC(=O)OC1/C=C/C(C)=C/CC(O)/C=C/C(C)=C/C(NC(=O)C(C)=O)C2(C)C(=O)OC(C1)C(C)C2=O,0,training
NCC1OC(OC2C(N)CC(NC(CO)CO)C(OC3OC(CO)C(O)C(N)C3O)C2O)C(N)C(O)C1O,0,training
COc1ccc2c3c1OC1CC(O)C=CC31CCN(C)C2,1,training
CCCCC(F)(F)C1(O)CC[C@@H]2C(CCCCCCC(=O)O)C(=O)C[C@@H]2O1,0,training
CC(=O)OCC(=O)C1(O)CCC2C3CC=C4CC(=O)CCC4(C)C3C(=O)CC21C,1,training
Cc1c(N(C)C)c(=O)n(-c2ccccc2)n1C,1,training
CNC(=O)O[C@H]1OC(=O)[C@@]2(C)[C@@H]1[C@H]1C=C[C@@H]2C1,1,training
CC1(C)CCN(C(=O)Cc2ccc(Cl)c(Cl)c2)[C@@H](CN2CCCC2)C1,1,training
CCOC(=O)c1cnc2c(cnn2CC)c1NN=C(C)C,1,training
NC(=O)NCCN1CCN(c2cccc(C(F)(F)F)c2)CC1,1,training
CC=C(c1ccc(O)cc1)C(CC)c1ccc(O)cc1,0,training
COc1ccccc1OCC(O)COC(N)=O,1,training
CC(=O)OCC1=C(C(=O)O)N2C(=O)C(NC(=O)Cc3ccccc3)[C@H]2SC1,0,training
CCCNC(=O)c1ccc2c(c1)N(CCN1CCCC1)c1ccccc1S2,1,training
O=C(O)c1ccc(-n2nc(-c3ccccc3O)nc2-c2ccccc2O)cc1,0,training
COC(=O)C(c1ccccc1Cl)N1CCc2sccc2C1,0,training
Cc1nc(Nc2ccc(F)cc2)nc(N2CCc3ccccc3[C@@H]2C)c1C,0,training
O=C(NCCc1ccc(O)c(O)c1)C12CC3CC(CC(C3)C1)C2,1,training
COC(F)(F)C(Cl)Cl,1,training
CCOc1cc(CC(=O)N[C@@H](CC(C)C)c2ccccc2N2CCCCC2)ccc1C(=O)O,0,training
Cc1ccc(-c2nc3ccc(C)cn3c2CC(=O)N(C)C)cc1,1,training
CN(C)C1C(=O)C(C(=O)NCN2CCCC2)C(=O)[C@@]2(O)C(=O)C3C(=O)c4c(O)cccc4[C@@](C)(O)[C@H]3C[C@@H]12,1,training
C/C(=C(\CCOC(=O)c1ccccc1)SC(=O)c1ccccc1)N(C=O)Cc1cnc(C)nc1N,1,training
CC(NC(C)(C)C)C(=O)c1ccc(Cl)cc1,1,training
CNCCSC1=Cc2ccccc2Oc2ccc(F)cc21,1,training
CCCCCCCCCC1(C)OCC(COC(N)=O)O1,1,training
COc1ccc(Cl)c2c1CCCC2N(C)C,1,training
COC(=O)C1C2CCC(C[C@@H]1OC(=O)c1ccccc1)N2C,1,training
COc1cc2oc(C)nc2cc1CNC1CCCNC1c1ccccc1,1,training
Fc1ccc(C(c2ccccc2)(c2ccccc2F)n2ccnc2)cc1,0,training
C=C1CC[C@H](O)C/C1=C\C=C1/CCC[C@]2(C)[C@@H]([C@H](C)CCCC(C)C)CC[C@@H]12,0,training
CN1CCC2=C(CC1)c1ccccc1N(C)c1ccccc12,1,training
C[C@H](c1cc2ccccc2s1)N(O)C(N)=O,1,training
CCCCC(=O)O[C@]1(C(=O)CO)[C@@H](C)C[C@H]2[C@@H]3CC=C4CC(=O)C=C[C@]4(C)[C@@]3(F)[C@@H](O)C[C@@]21C,1,training
CC(C)(Oc1ccc(Cl)cc1)C(=O)O,0,training
CCCC[C@@H]1CC(=O)[C@]2(O)O[C@@H]3[C@@H](NC)[C@@H](O)[C@@H](NC)[C@H](O)[C@H]3O[C@@H]2O1,0,training
c1ccc(-c2ccc([C@@H](c3ccccc3)n3ccnc3)cc2)cc1,0,training
CCCCCCN1CCN(c2ccc(I)cc2)CC1,1,training
CCc1ccc(CCOc2ccc(Cc3sc(=O)[nH]c3O)cc2)nc1,0,training
CCCC(=O)O[C@]1(C(=O)COC(C)=O)CC[C@H]2C3C[C@H](F)C4=CC(=O)C=C[C@]4(C)[C@@]3(F)[C@@H](O)C[C@@]21C,1,training
CC[C@H](NC(=O)c1c(OCCNC(=O)Cc2ccccc2C(=O)O)c(-c2ccccc2)nc2ccccc12)c1ccccc1,0,training
Fc1ccc([C@@H]2CCNCC2COc2ccc3c(c2)OCO3)cc1,1,training
COc1ccc2c(c1OC)C(=O)OC2C1c2c(cc3c(c2OC)OCO3)CCN1C,1,training
OC(CCCN1CCc2c(c3cc(F)ccc3n2-c2ccc(F)cc2)C1)c1ccc(F)cc1,1,training
NS(=O)(=O)Cc1noc2ccccc12,1,training
CN(c1nc2ccccc2s1)C1CCN(CC(O)COc2ccc(F)cc2)CC1,1,training
C[C@@H]1C[C@H]2[C@@H]3C[C@H](F)C4=CC(=O)C(Cl)=C[C@]4(C)[C@@]3(F)[C@@H](O)C[C@]2(C)[C@@]1(O)C(=O)CO,1,training
O=C(Cc1ccc(Cl)c(Cl)c1)N1CCc2[nH]cnc2[C@H]1CN1CCCC1,0,training
CN(C)CCOC(c1ccccc1)c1ccc(Br)cc1,1,training
CC(Cc1ccccc1)NC(C#N)c1ccccc1,1,training
CN1c2ccccc2N(CCCCCCC(=O)O)c2ccc(Cl)cc2S1(=O)=O,1,training
CN(C(=O)Cc1ccc(Cl)c(Cl)c1)C1CCCC[C@H]1N1CCCC1,1,training
NC[C@H](O)c1ccc(O)c(O)c1,0,training
CCN(CC)c1ccc(C(=C2C=CC(=[N+](CC)CC)C=C2)c2cc(S(=O)(=O)O)ccc2S(=O)(=O)[O-])cc1,0,training
OCCN1CCN(CCCN2c3ccccc3Sc3ccc(Cl)cc32)CC1,1,training
OCCN1CCN(CCC=C2c3ccccc3COc3ccc(Cl)cc32)CC1,1,training
O=c1[nH]cc(N(CCCl)CCCl)c(=O)[nH]1,0,training
O=C(CCCN1CCC(C(=O)c2ccc(Cl)cc2)CC1)c1ccc(F)cc1,1,training
CC[C@@]1(O)C[C@H](O[C@H]2C[C@H](N(C)C)[C@H](O[C@H]3C[C@H](O)[C@H](O[C@H]4CCC(=O)C(C)O4)[C@H](C)O3)[C@H](C)O2)c2c(cc3c(c2O)C(=O)c2c(O)cccc2C3=O)C1C(=O)OC,0,training
CCCC(CCC)C(=O)OCOC(=O)C(C)(C)C,1,training
NC[C@H]1O[C@H](O[C@H]2[C@H](O)[C@@H](O[C@H]3O[C@H](CO)[C@@H](O)[C@H](N)[C@H]3O)[C@H](N)C[C@@H]2N)[C@H](N)[C@@H](O)[C@@H]1O,0,training
CC1OC(C)OC(C)O1,1,training
C[N+](C)C1C(=O)C(C(N)=O)C(=O)C2(O)C([O-])=C3C(=O)c4c(O)ccc(N=O)c4CC3CC12,0,training
CCC,1,training
CC1=C[C@H](O)CC(C)(C)[C@H]1/C=C/C(C)=C/C=C/C(C)=C/C=C/C=C(C)/C=C/C=C(C)/C=C/C1=C(C)C[C@@H](O)CC1(C)C,0,training
C1CCC(C(C[C@@H]2CCCCN2)C2CCCCC2)CC1,0,training
NCCc1c[nH]cn1,0,training
FCC(F)(F)F,1,training
CC(=O)OCC1=C(C(=O)O)N2C(=O)C(NC(=O)CCCC(N)C(=O)O)C2SC1,0,training
CCNC(Cc1ccccc1)C1CCCO1,1,training
CC(=O)OCC1=C(C(=O)O)N2C(=O)C(NC(=O)CC#N)[C@@H]2SC1,0,training
CC[C@H](NC(=O)c1c(OCCNC(=O)Cc2ccccn2)c(-c2ccccc2)nc2ccccc12)c1ccccc1,0,training
C/N=C1/CN(O)C(c2ccccc2)=c2cc(Cl)ccc2=N1,1,training
CC1(C)SC2C(NC(=O)c3nc4ccccc4nc3C(=O)O)C(=O)N2C1C(=O)O,0,training
Cc1c[nH][o+]c(C([NH])CC(C)C(C)(C)N(C(C)(C)C)C(C)(N)N)c1=O,1,training
CC(=O)[C@]1(O)C=C2C(=O)c3c(c(O)c4c(O)cccc4c3O)C(=O)C2[C@@H](O[C@H]2C[C@H](N)[C@H](O)[C@H](C)O2)C1,0,training
CC(=O)OCC(=O)[C@@]1(O)[C@H](OC(C)=O)C[C@H]2C3CC=C4CC(=O)C=C[C@]4(C)[C@@]3(F)[C@@H](O)C[C@@]21C,1,training
COc1ccc2cc(CCC(C)=O)ccc2c1,1,training
C[C@@H](O)C1C(=O)N2C(C(=O)O)=C(COC(N)=O)S[C@H]12,0,training
CC(C)/N=c1/cc2n(-c3ccc(Cl)cc3)c3ccccc3nc-2cc1Nc1ccc(Cl)cc1,0,training
CC[C@H]1OC(=O)C(C)[C@@H](OC2CC(C)(OC)C(O)C(C)O2)C(C)[C@@H](OC2OC(C)CC(N(C)C)C2O)[C@](C)(O)CC(C)C(=O)C(C)[C@@H](O)[C@H]1C,0,training
CC(C)[C@@H](C)/C=C/[C@@H](C)[C@H]1CC[C@@H]2/C(=C/C=C3\C[C@H](O)CC[C@H]3C)CCCC21C,0,training
CN(C)C1C(=O)C(C(N)=O)C(=O)[C@@]2(O)C(=O)C3C(=O)c4c(ccc(N)c4O)C[C@H]3C[C@@H]12,0,training
CCC1(O)CC[C@@H]2[C@@H]3CCC4=CCCC[C@@H]4[C@@H]3CCC21C,0,training
CC(C)(Oc1ccc(Cl)cc1)C(=O)NC(C(=O)NC1C(=O)N2C(C(=O)O)C(C)(C)S[C@@H]12)c1ccccc1,0,training
CNC(=O)c1cc(Oc2ccc(NC(=O)Nc3ccc(Cl)c(C(F)(F)F)c3)c(F)c2)ccn1,0,training
CC(C)(Oc1ccc(CCNC(=O)c2ccccc2)cc1)C(=O)O,1,training
CC(=O)OC1CC2C(COC(=O)CC(C)C)=COC(OC(=O)CC(C)C)C2C12CO2,1,training
CON=C(C(=O)NC1C(=O)N2C(C(=O)O)=CCS[C@H]12)c1csc(N)n1,0,training
CCC1(CCC(C)C)C(=O)NC(=O)NC1=O,1,training
Cc1cc(C)cc(OCC2CNC(=O)O2)c1,1,training
COCOC(=O)C1N2C(=O)C(N3C(=O)C(c4ccc(O)cc4)NC3(C)C)[C@H]2SC1(C)C,0,training
COc1ccc(-c2nccs2)cc1CNC1CCCNC1c1ccccc1,1,training
CNCC[C@@H](Oc1ccccc1C)c1ccccc1,1,training
NC(=O)Cn1c(O)c(-c2ccccc2)c2ccccc21,1,training
O=C(Cc1cccs1)NC1C(=O)N2C(C(=O)[O-])=C(C[n+]3ccccc3)CS[C@H]12,0,training
CN(C(=O)Cc1ccc(Cl)c(Cl)c1)[C@@H](CN1CCCC1)c1ccccc1,1,training
Clc1cnn(CCCCN2CCN(c3ncccn3)CC2)c1,1,training
CO[C@@H]1O[C@H]2O[C@@]3(CN4CCCCC4)[C@@H]1[C@H](C[C@@H]3O)[C@H]2C,1,training
CC1(C)SC2C(NC(=O)Cc3ccccc3)C(=O)N2C1C(=O)O,0,training
CC(C)c1c(C(=O)Nc2ccccc2)c(-c2ccccc2)c(-c2ccc(F)cc2)n1CC[C@@H](O)C[C@@H](O)CC(=O)O,0,training
CCOc1ccc(Cc2cc([C@]34OC[C@](CO)(O3)[C@@H](O)[C@H](O)[C@H]4O)ccc2Cl)cc1,0,training
CC(C)N[C@H]1C2CCC(CC2)[C@]1(O)c1ccc(Cl)c(Cl)c1,1,training
CCC1(c2ccccc2)C(=O)NC(=O)N(C)C1=O,1,training
CCOC(=O)C1=C[C@@H](OC(CC)CC)[C@@H](NCOC)[C@@H](N)C1,0,training
CC1CC2C3CC(F)(F)C4=CC(=O)C=C[C@]4(C)C3(F)C(O)CC2(C)C1(O)C(=O)CO,1,training
CN(C)CC/C=C1\c2ccccc2COc2ccccc21,1,training
CC(CN(C)C)CN1c2ccccc2S(=O)(=O)c2ccccc21,1,training
CCc1c2c(nc3ccc(OC(=O)N4CCC(N5CCCCC5)CC4)cc13)-c1cc3c(c(=O)n1C2)COC(=O)[C@]3(O)CC,0,training
CCN=C(NC#N)NCCSCc1ncccc1Br,0,training
NS(=O)(=O)c1cc(C(=O)O)c(NCc2ccco2)cc1Cl,0,training
CC(=O)OC1(C(C)=O)CC[C@@H]2C3=CC=C4CC(=O)CCC4(C)[C@@H]3CCC21C,0,training
Cc1ncc2c(c1O)CO[C@H]2c1ccc(Cl)cc1,0,training
O=C(CCN1CCN(CCO)CC1)N1c2ccccc2Sc2ccc(C(F)(F)F)cc21,1,training
Cc1cc2c(OC[C@H](CNC(C)(C)C)OC(=O)c3ccccc3)cccc2[nH]1,0,training
Cc1ccnc2c1NC(=O)c1cccnc1N2C1CC1,1,training
C#C[C@@]1(OC(C)=O)CC[C@@H]2[C@@H]3CCC4=CC(=NO)CC[C@@H]4[C@@H]3CC[C@@]21CC,1,training
CCOC(=O)c1ccc(C#Cc2ccc3c(c2)C(C)(C)CCS3)nc1,0,training
CC[C@H](CO)NC(=O)C1C=C2c3cccc4[nH]cc(c34)C[C@@H]2N(C)C1,1,training
CCC1(CC)OC2CC3C4CC=C5CC(=O)C=CC5(C)C4(F)C(O)CC3(C)C2(C(=O)CO)O1,1,training
CC1C2C(=O)c3ccc(O)cc3C1(C)CCN2CC1CC1,1,training
CC1(C)SC2C(N=CN3CCCCCC3)C(=O)N2C1C(=O)O,0,training
Cc1cnc(NC(=O)C2C(=O)c3ccccc3S(=O)(=O)N2C)s1,0,training
CC(=O)OC1CCC2(C)C3CCC4(C)C(C(C)CCCC(C)C)CCC4C3CC(Br)C2C1Br,1,training
CC12C=CC(=O)C=C1CCC1C3CC4Cc5ccccc5CC4(C(=O)CO)C3(C)CC(O)C12F,1,training
CON=C(C(=O)NC1C(=O)N2C(C(=O)O)=C(Cn3nnc(C)n3)CS[C@H]12)c1csc(N)n1,0,training
CC[C@H]1CC(=O)C2Oc3c(OC)ccc4c3[C@@]23CCN(CC2CC2)[C@H](C4)[C@H]13,1,training
CNCCC=C1c2ccccc2C(C)(C)c2ccccc21,1,training
O=C(NC(=O)c1ccccc1)NC1CCN(Cc2ccc3ccccc3c2)CC1,1,training
CCCCCCCCCC(=O)OC1(c2ccc(Br)cc2)CCN(CCCC(=O)c2ccc(F)cc2)CC1,1,training
CO[C@H]1C[C@H](O[C@@H]2C(C)C(=O)O[C@H](C)[C@H](C)[C@H](OC(C)=O)C(C)C(=O)[C@]3(CO3)C[C@H](C)[C@H](O[C@@H]3O[C@H](C)C[C@H](N(C)C)[C@H]3OC(C)=O)[C@H]2C)O[C@@H](C)[C@@H]1OC(C)=O,0,training
CCCC1(C)COB(c2ccc(C)cc2)OC1,1,training
Cn1nnnc1SCC1=C(C(=O)O)N2C(=O)C(NC(=O)C(OC=O)c3ccccc3)[C@H]2SC1,0,training
C[C@@H]1O[C@@H]1P(=O)(O)O,1,training
CC1(C)O[C@@H]2C[C@H]3C4C[C@H](F)C5=CC(=O)C=CC5(C)[C@@]4(Cl)[C@@H](Cl)CC3(C)[C@]2(C(=O)CCl)O1,1,training
CC(=O)OCC(=O)[C@@]1(O)CCC2C3CC=C4CC(=O)CC[C@]4(C)[C@@]3(F)[C@@H](O)C[C@@]21C,1,training
CCC(=O)O[C@](Cc1ccccc1)(c1ccccc1)[C@H](C)CN(C)C,1,training
COc1ccccc1N1CCN(CCCC(O)c2ccc(F)cc2)CC1,1,training
Brc1cc(Br)c(NC2=NCCN2)c(Br)c1,1,training
CC1OC(O[C@@H]2C=C3CC[C@@H]4[C@H](CC[C@]5(C)[C@@H](c6ccc(=O)oc6)CC[C@]45O)[C@@]3(C)CC2)C(O)C(O)C1O,0,training
CC(C=Cc1c(C)c(O)c2ccccc2c1O)=CCC[C@H](C)CCC[C@H](C)CCCC(C)C,0,training
O=C1N=C(c2ccccc2)c2cc(Cl)ccc2NC1O,1,training
CC[C@H]1OC(=O)C(C)[C@@H](O[C@H]2C[C@@](C)(OC)[C@@H](O)[C@H](C)O2)[C@H](C)[C@@H](O[C@@H]2O[C@H](C)C[C@H](N(C)C)[C@H]2O)[C@](C)(O)CC(C)C(=O)C(C)[C@@H](O)[C@]1(C)O,0,training
COCCCC/C(=N\OCCN)c1ccc(Cl)cc1,1,training
C#CC1(O)CC[C@H]2[C@H]3CCC4=CCCC[C@@H]4[C@H]3C(=C)CC21CC,0,training
CC(O)C1C(=O)N2C(C(=O)O)=C(F)SC12,0,training
CCCCNCC1COc2cccc(OCC)c2O1,1,training
COc1cc2sc(C(C)(C)C)nc2cc1CNC1CCCNC1c1ccccc1,1,training
C#CC1(O)CC[C@H]2[C@H]3CCc4cc(OC5CCCC5)ccc4[C@H]3CCC21C,0,training
CN1CCN(C2Cc3ccccc3Sc3ccc(Cl)cc32)CC1,1,training
CC(C)C(N)C(=O)OCCOCn1cnc2c(=O)[nH]c(N)nc21,1,training
CN(Cc1cnc2nc(N)nc(N)c2n1)c1ccc(C(=O)NC(CCC(=O)O)C(=O)O)cc1,0,training
C[C@]12CCC(=O)C=C1CC[C@@H]1[C@@H]2CC[C@@]2(C)[C@H]1CC[C@]2(C)O,0,training
CON=C(C(=O)NC1C(=O)N2C(C(=O)OCOC(=O)C(C)(C)C)=C(C)CS[C@H]12)c1csc(N)n1,0,training
CN(C)c1cnccn1,1,training
CC[C@@H](CO)NCCN[C@@H](CC)CO,0,training
CN(C)Cc1ccc(SCCNc2[nH]cc(Cc3ccccc3)c2[N+](=O)[O-])o1,1,training
C[C@H]1C(=NC(=O)C(NOC(C)(C)C(=O)O)c2csc(N)n2)C(=O)N1S(=O)(=O)O,0,training
c1ccc([C@@H]2CN3CCSC3=N2)cc1,1,training
O=C(Cc1ccc(Cl)c(Cl)c1)N1CCn2ccnc2[C@H]1CN1CCCC1,1,training
CO[C@@H]1[C@@H](O[C@@H]2O[C@H](C)[C@@H](O[C@H]3C[C@@](C)(O)[C@@H](OC(=O)CC(C)C)[C@H](C)O3)[C@H](N(C)C)[C@H]2O)[C@@H](CC=O)C[C@@H](C)[C@@H](O)/C=C/C=C\C[C@@H](C)OC(=O)C[C@H]1OC(C)=O,0,training
CCC(C(=O)OCCN1CCOC(c2ccccc2)C1C)c1ccccc1,1,training
O=C1NS(=O)(=O)c2ccccc21,1,training
CC1=CCC2C3Cc4ccc(O)c5c4C2(CN3C)C1O5,1,training
CC1CC2C3CC(F)C4=CC(=O)C=CC4(C)C3C(O)CC2(C)C1(O)C(=O)CO,1,training
Nc1nc(=O)c2nc(CNc3ccc(C(=O)NC(CCC(=O)O)C(=O)O)cc3)cnc2[nH]1,1,training
CCC(=O)N(c1ccccc1)C1(C(=O)OC)CCN(CCC(=O)OC)CC1,1,training
COc1ccc(CCN2CCC(Nc3nc4ccccc4n3Cc3ccc(F)cc3)CC2)cc1,0,training
CCOC(Cc1ccc(OCCc2ccc(OS(C)(=O)=O)cc2)cc1)C(=O)O,1,training
CC(C)CC(=O)c1ccc(OCCCCOc2ccc(CCC(=O)O)c(O)c2)cc1O,0,training
Cc1ncc2n1-c1ccc(Cl)cc1C(c1ccccc1F)=NC2O,1,training
C1CCc2nnnn2CC1,1,training
C[C@H]1c2ccccc2[C@@H](CCCN(C)C)c2cc(C(F)(F)F)ccc21,1,training
C=CCN1CC[C@]23c4c5ccc(O)c4O[C@H]2[C@@H](O)C=C[C@H]3[C@H]1C5,1,training
O=c1[nH]c2ccccc2n1C1CCN(CCCC(c2ccc(F)cc2)c2ccc(F)cc2)CC1,1,training
O=C1CCN=C2CC(c3ccccc3)CN12,1,training
C/C=C\C(O)C#Cc1cnc(OC)nc1OC,1,training
CO[C@H]1O[C@H]2O[C@]3(CN4CCCCC4)[C@H]1[C@H](C[C@H]3O)C2C,1,training
CCCCC1=[N+]C(C)=C(CC(=S)N(C)C)C(=O)N1Cc1ccc(-c2ccccc2-c2nnn[n-]2)cc1,0,training
CCCS(=O)(=O)Nc1ccc(F)c(C(=O)c2c[nH]c3ncc(-c4ccc(Cl)cc4)cc23)c1F,0,training
COc1ccc(Cl)cc1C(=O)NCCc1ccc(S(=O)(=O)NC(=O)NC2CCCCC2)cc1,1,training
NC[C@H]1O[C@H](O[C@H]2[C@H](O)[C@@H](O[C@H]3O[C@H](CO)[C@@H](O)[C@H](N)[C@H]3O)[C@H](N)C[C@@H]2N)[C@H](O)[C@@H](O)[C@@H]1O,1,training
Cc1cc(C)c(=O)[nH]n1,1,training
Cc1nnc(SCC2=C(C(=O)OCc3oc(=O)oc3C)N3C(=O)C(NC(=O)C(OC(=O)C(C)N)c4ccccc4)[C@H]3SC2)s1,0,training
Cc1cccc2c1Oc1ccccc1C1(O)CCNCC21,1,training
CCn1ccc(=O)c(O)c1C,1,training
OCC(CO)N[C@@H]1CC(O)(CO)[C@H](O)[C@H](O)[C@@H]1O,0,training
CCN(CC)C/C=C1\c2ccccc2Nc2cc(Cl)ccc21,1,training
C1=Cc2cccc(OCC3CNCCO3)c2C1,1,training
CC1Cc2ccccc2N1NC(=O)c1ccc(Cl)c(S(N)(=O)=O)c1,0,training
COc1cc(CCN)cc(OC)c1OC,1,training
CCN(CC)CC(=O)OCC(=O)C1(O)CCC2C3CC=C4CC(=O)CCC4(C)C3C(O)CC21C,1,training
Nc1nc(Cl)nc2c1ncn2[C@H]1C[C@H](O)[C@@H](CO)O1,1,training
CO[C@@]1(NC(O)=c2sc(=C(C(N)=O)C(=O)[O-])[sH+]2)C(=O)N2C(C(=O)O)=C(CSc3nnnn3C)CS[C@@H]21,0,training
CON=C(C(=O)NC1C(=O)N2C(C(=O)[O-])=C(C[n+]3ccc(N)n3CCO)CS[C@H]12)c1csc(N)n1,0,training
C[C@]12C=CC(=O)C=C1[C@@H](F)C[C@H]1[C@@H]3C[C@@H](O)[C@](O)(C(=O)CO)[C@@]3(C)C[C@H](O)[C@@]12F,1,training
CN1c2cc(F)ccc2C(c2ccccc2)=NCC1CNC(=O)c1ccoc1,1,training
Cc1ccc(Cc2c[nH]c(NCCCCc3ncc(Br)cc3C)nc2=O)cn1,0,training
CNCCC(Oc1ccccc1C)c1ccccc1,1,training
CCC12CCN(CC3CCC3)C(Cc3ccc(O)cc31)C2(C)C,1,training
CN1C(CC(=O)c2ccccc2)CCCC1CC(O)c1ccccc1,1,training
COc1cnc(NS(=O)(=O)c2ccc(N)cc2)nc1,0,training
CCCCCC,1,training
COC(=O)C1[C@H]2C[C@@H]3c4[nH]c5cc(OC)ccc5c4CCN3C[C@H]2C[C@H](OC)[C@@H]1OC,1,training
CN(C)CC/C=C1\c2ccccc2CSc2ccccc21,1,training
Nc1c2c(nc3ccccc13)CCCC2O,1,training
COc1cc(C)c([S+](C)[O-])cc1OC,1,training
COCC1=C(C(=O)O)N2C(=O)C(NC(=O)C(=NO)c3csc(N)n3)C2SC1,0,training
CCCCOC(=O)C(=O)C1[C@H](C)CC2C3C[C@H](F)C4=CC(=O)C=C[C@]4(C)C3[C@@H](O)C[C@@]21C,1,training
CC(=O)OCC(=O)[C@@]12N=C(C)O[C@@H]1C[C@H]1[C@@H]3CC=C4CC(=O)C=C[C@]4(C)[C@H]3[C@@H](O)C[C@@]12C,1,training
NS(=O)(=O)c1ccc(N2CCCCS2(=O)=O)cc1,1,training
CC(C)(O)Cn1nc(-c2c(-c3ccccc3)nn3ccccc23)ccc1=O,0,training
COC(=O)C(c1ccccc1)C1CCCCN1,1,training
COc1ccc2c(C(=S)N(C)CC(=O)O)ccc(C(F)(F)F)c2c1,1,training
C=CCOc1ccccc1OCC(O)CNC(C)C,0,training
OC(OCCOCCOC[C@@H]1C[C@H](OC(O)C(Cl)(Cl)Cl)[C@@H](O)[C@H](O[C@H]2[C@H](OCCOCCOC(O)C(Cl)(Cl)Cl)[C@@H](O)[C@H](O)O[C@@H]2COCCOC(O)C(Cl)(Cl)Cl)O1)C(Cl)(Cl)Cl,1,training
C=CCON=C1CN=C(c2ccccc2Cl)c2cc(Cl)ccc2N1,1,training
c1cc(CN2CCCCC2)cc(OCCCNc2nc3ccccc3s2)c1,1,training
CCCCOC(C)=O,1,training
Cc1cc2c(cc1CC(=O)c1sccc1S(=O)(O)=Nc1onc(C)c1Cl)OCO2,0,training
C[N]C(=NC)NCc1ccccc1,0,training
CCC#CC[C@H](C)[C@@H](O)C#C[C@@H]1[C@H]2C/C(=C\COCC(=O)O)C[C@@H]2C[C@@H]1O,1,training
Cc1oncc1C(=O)Nc1ccc(C(F)(F)F)cc1,0,training
C[C@]12C=C(Br)C(=O)C=C1[C@H](F)C[C@H]1[C@@H]3CCC(O)(C(=O)CO)[C@@]3(C)C[C@H](O)C12F,1,training
CNCCCC1(C)C(=O)N(c2ccccc2)c2ccccc21,1,training
CC1=C(C(=O)O)N2C(=O)C(NC(=O)C(N)c3cccc(NS(C)(=O)=O)c3)[C@H]2SC1,0,training
CCOP(=O)(OCC)SCC[N+](C)(C)C,0,training
CN1CCC2=C(CC1)c1ccccc1Oc1ccccc12,1,training
COc1cc2c(cc1OC)[C@@H](c1ccccc1)CN(C)CC2,1,training
CN1CC[C@@]2(C)c3cc(OC(=O)N4CCc5ccccc5C4)ccc3N(C)C12,1,training
CC1(C)OC2CC3C4CC=C5CC(=O)C=CC5(C)C4(F)C(O)CC3(C)C2(C(=O)CO)O1,1,training
C[C@]12C=CC(=O)C=C1C(Cl)=CC1[C@@H]2[C@@H](O)C[C@@]2(C)[C@H]1CC[C@]2(O)C(=O)CO,1,training
CC12CCC(=O)C=C1C1C[C@@H]1[C@@H]1[C@H]3[C@H]4C[C@@H]4C4(CCC(=O)O4)C3(C)CC[C@@H]12,0,training
CCCCOc1cc(C(=O)OCCN(CC)CC)ccc1N,0,training
Cl/C(=C\n1cncn1)c1ccc(Cl)cc1Cl,1,training
Nc1nc(F)nc2c1ncn2[C@H]1O[C@@H](COP(=O)(O)O)[C@@H](O)[C@H]1O,0,training
Cc1nnc(SCC2=C(C(=O)O)N3C(=O)C(NC(=O)C(N)c4ccc(O)cc4)[C@H]3SC2)s1,0,training
CC[C@H](CO)NC(=O)C1C=C2c3cccc4c3c(cn4C)C[C@H]2N(C)C1,1,training
CCCC(CCC)C(=O)O,1,training
CC(=O)OCCC(SC(C)=O)=C(C)N(C=O)Cc1cnc(C)nc1N,1,training
O=C1C[C@H]2SC(C3(O)CN4C(=O)C[C@H]4S3)CN12,1,training
Clc1ccc2c(c1)[C@H]1CNC[C@H]1c1ccccc1O2,1,training
Cc1cc(=O)oc2cc(O)ccc12,0,training
O=C(Cc1ccc(Cl)c(Cl)c1)N1CCc2sccc2[C@H]1CN1CCCC1,1,training
CC(=O)OCC(=O)[C@@]1(O)[C@@H](C)C[C@H]2[C@@H]3CC=C4CC(=O)C=C[C@]4(C)[C@@]3(F)[C@@H](O)C[C@@]21C,1,training
Cc1c[nH][o+]c(C(N)CC(C)C(C)(C)N(C(C)(C)C)C(C)(N)N)c1=O,1,training
CON=C(C(=O)NC1C(=O)N2C(C(=O)O)=C(COC(C)=O)CS[C@H]12)c1csc(N)n1,0,training
CC1(C)NC(=O)C(C=Cc2ccccc2)O1,1,training
CCCC(O)Cl,1,training
CC1(C)O[C@@H]2CC3C4CC[C@H]5CC(=O)CC[C@]5(C)[C@@]4(F)[C@@H](O)C[C@]3(C)[C@]2(C(=O)CO)O1,1,training
CCOC(=O)NNc1ccc(N(CC)C[C@H](C)O)nn1,0,training
Cc1ncsc1CCCl,1,training
N=C(N)NCC1COC2(CCCCC2)O1,0,training
Cc1nc2n(c(=O)c1CCN1CCC(c3coc4cc(F)ccc34)CC1)CCCC2O,0,training
CN(C)CCc1c[nH]c2cccc(OP(=O)(O)O)c12,1,training
CCCC(CCC)CCC[C@@H]1COCCN1CCO,1,training
CC(C)c1nc(-c2ncn3c2CN(C)C(=O)c2c(Cl)cccc2-3)no1,1,training
O=C1NCN(c2ccccc2)C12CCN(CCCC(c1ccc(F)cc1)c1ccc(F)cc1)CC2,1,training
CC(C)NCC(O)COc1ccc(COCCOC(C)C)cc1,1,training
COCOC(=O)C1N2C(=O)C(N3C(=O)C(c4ccc(O)cc4)NC3(C)C)C2SC1(C)C,0,training
CC(C)NCC(O)COc1cccc2[nH]ccc12,1,training
FC(F)OC(F)C(F)(F)F,1,training
CC(C)(C)C(=O)OCOC(=O)C1N2C(=O)C(/N=C/N3CCCCCC3)C2SC1(C)C,0,training
Nc1cccc(CN2CCC(NC(=O)C(O)(c3ccccc3)C3CCC(F)(F)C3)CC2)n1,0,training
CCC(=O)N(c1ccccc1)C1(COC)CCN(CCn2nnn(CC)c2=O)CC1,1,training
C/N=C1\CN(O)C(c2ccccc2)=c2cc(Cl)ccc2=N1,1,training
CCN(CC)CCOC(=O)C1N2C(=O)C(NC(=O)c3c(OC)cccc3OC)C2SC1(C)C,0,training
C#C[C@]1(O)CC[C@H]2[C@@H]3CCc4cc(OC)ccc4[C@H]3CC[C@@]21C,0,training
O=C1CN=C(c2ccccc2)c2cc(Cl)ccc2N1CC1CC1,1,training
COc1c2occc2cc2ccc(=O)oc12,0,training
CC(Cc1ccccc1)[n+]1c/c(=N\C(=O)Nc2ccccc2)o[n-]1,1,training
Cc1cc(NC(=O)c2c(C)cccc2C)no1,1,training
COCCCCC(=NOCCN)c1ccc(C(F)(F)F)cc1,1,training
CS(=O)(=O)c1ccc([C@@H](O)[C@@H](CO)NC(=O)C(Cl)Cl)cc1,1,training
CC(=O)OCC(=O)C1(O)C(OC(C)=O)CC2C3CC=C4CC(=O)C=CC4(C)C3(F)C(O)CC21C,1,training
c1ccc(-c2cc(CCC3CCNCC3)c3ccccc3n2)cc1,1,training
CCOC(=O)CC(SP(=S)(OC)OC)C(=O)OCC,0,training
CC(=O)NCCCC(NC(C)=O)C(=O)O,1,training
CC(Cc1ccc(O)cc1)NCC(O)c1cc(O)cc(O)c1,0,training
CC(C(=O)O)c1cccc(C(=O)c2ccccc2)c1,1,training
CCc1ccccc1,1,training
CCC1(CC)C(=O)NC(=O)N(C)C1=O,1,training
CN1CC(CSc2ccccn2)C=C2c3cccc4[nH]cc(c34)CC21,1,training
C#CCC1(OC(N)=O)CCCCC1,1,training
CP(C)(=O)CN1C(=O)CN=C(c2ccccc2)c2cc(Cl)ccc21,1,training
C[C@]12C=CC(=O)C=C1CCC1C3CC[C@](O)(C(=O)CO)[C@@]3(C)C[C@H](Cl)[C@@]12Cl,1,training
C[C@]12CC[C@@H]3c4ccc(O)cc4CC[C@H]3[C@@H]1CCC2=O,0,training
CNCCCN1c2ccccc2Sc2cccc(Cl)c21,1,training
OCc1ccccc1OC1OC(CO)C(O)C(O)C1O,1,training
CN1[C@@H]2CC[C@H]1CC(NC(=O)c1cn(C3CCCCC3)c3ccccc3c1=O)C2,1,training
CC(CC(C)(C)O)OC(O)C(Cl)(Cl)Cl,1,training
F/C=C/O/C=C/F,1,training
COc1ccc(C(CN(C)C)C2(O)CCCCC2)cc1,1,training
NC(=O)C[S+]([O-])C(c1ccccc1)c1ccccc1,1,training
OCCC1CCN(CC/C=C2/c3ccc(F)cc3Sc3ccc(C(F)(F)F)cc32)CC1,1,training
CC(C)(C)c1ccccc1,1,training
COc1ccc2c3c1OC1C(=O)CC[C@@]4(O)[C@@H](C2)N(C)CC[C@]314,1,training
C[N+]1(CC2CC2)CC[C@]23c4c5ccc(O)c4OC2C(=O)CC[C@@]3(O)[C@H]1C5,0,training
CCC1(C)CC(=O)NC1=O,1,training
CCOC(=O)c1cncn1C(C)c1ccc(F)cc1,1,training
CN(C)CCc1ccccn1,1,training
CCCCOC(=O)c1ccc(N)cc1,1,training
C=CCN1CC[C@@]23c4c5ccc(O)c4O[C@@H]2[C@@H](O)C=C[C@@H]3[C@@H]1C5,1,training
COc1ccc2[nH]c([S+]([O-])Cc3ncc(C)c(OC)c3C)nc2c1,0,training
COC(=O)c1ccc(C(=O)OC)cc1,1,training
CCC(=O)O[C@]1(C(=O)CCl)[C@@H](C)CC2C3C[C@H](F)C4=CC(=O)C=C[C@]4(C)[C@@]3(F)[C@@H](O)C[C@@]21C,1,training
CN(C)Cc1ccc(CSCCNc2[nH]ccc2[N+](=O)[O-])o1,0,training
O=c1nc(-c2ccccc2Cl)c2c([nH]c1=O)CCC(Cl)=N2,1,training
CCCCC(=O)OCC(=O)C1(O)C=C2C(=O)c3c(c(O)c4c(OC)cccc4c3O)C(=O)C2[C@@H](O[C@@H]2C[C@H](NC(=O)C(F)(F)F)[C@H](O)[C@H](C)O2)C1,0,training
Cc1ccc2c(c1)c1c3n2CCNC3CCC1,1,training
CC(=O)[C@@]1(O)CCC2C3CC=C4CC(=O)C=C[C@]4(C)C3[C@@H](O)C[C@@]21C,1,training
Cn1c(=O)c2c(ncn2C)n(C)c1=O,1,training
CCN1CC(C(=O)O)C(=O)c2ccc(C)nc21,1,training
O=C(Cc1ccc(Cl)c(Cl)c1)N1CCc2occc2[C@H]1CN1CC[C@@H](O)C1,1,training
CN1C(=O)CN=C(c2ccccc2)c2cc([N+](=O)[O-])ccc21,1,training
C#CC1(O)CCC2C3C(C)C=C4CC(=O)CCC4C3CCC21,1,training
CC1(C)OC(=O)Nc2ccc(Br)cc21,1,training
CC(C)(C)NCC(O)COc1ccccc1C#N,1,training
CC12CC[C@@H]3c4ccc(O)cc4C[C@H](CCCCCCCCC[S+]([O-])CCCC(F)(F)C(F)(F)F)[C@@H]3[C@@H]1CC[C@@H]2O,0,training
CCN(CC)C/C=C1/c2ccccc2Nc2cc(Cl)ccc21,1,training
CN(C)c1ccc(O)c2c1C[C@H]1C[C@H]3C(N(C)C)C(=O)C(C(N)=O)C(=O)[C@@]3(O)C(=O)C1C2=O,1,training
COc1cc2sc(C)nc2cc1CNC1CCCNC1c1ccccc1,1,training
CC(=O)OCOC(=O)C1N2C(=O)C(NC(=O)Cc3ccccc3)C2SC1(C)C,0,training
C[N+](C)([O-])CCC=C1c2ccccc2CCc2ccccc21,1,training
OC(CNCC(O)C1CCc2cc(F)ccc2O1)C1CCc2cc(F)ccc2O1,1,training
COCCN1CC[C@]23c4c5ccc(O)c4OC2C(=O)CC[C@@]3(O)[C@H]1C5,1,training
NC(=O)N1c2ccccc2C=Cc2ccccc21,1,training
O=[N+]([O-])c1[nH]ccc1NCCSCc1ncccc1Br,0,training
CN1C(=O)CCC1c1cccnc1,1,training
ON(O)C1=C(Cc2ccccc2)CN=C1NCCSCc1ccccn1,1,training
CCC(=O)OCC(=O)[C@@]1(OC(=O)CC)[C@@H](C)C[C@H]2[C@@H]3CC=C4CC(=O)C=C[C@]4(C)[C@@]3(F)[C@@H](O)C[C@@]21C,1,training
c1ccc2c(c1)CCc1ccccc1N2C1CN2CCC1CC2,1,training
CCCCN1CCCCC1C(=O)Nc1c(C)cccc1C,0,training
CC(C)(Oc1ccccc1)C(=O)NC1C(=O)N2C1SC(C)(C)C2C(=O)O,0,training
CC(C)(C)C(O)/C=C/c1ccc2c(c1)OCO2,1,training
CC(C)CC1NC(=O)C(CCCN)NC(=O)C(C(C)C)NC(=O)C2CCCN2C(=O)C(Cc2ccccc2)NC(=O)C(CC(C)C)NC(=O)C(CCCN)NC(=O)C(C(C)C)NC(=O)C2CCCN2C(=O)C(Cc2ccccc2)NC1=O,0,training
CO[C@@H]1C(N(C)C(=O)CN)[C@@H](O)[C@H](O[C@H]2O[C@H](C(C)N)CC[C@H]2N)[C@@H](N)[C@@H]1O,0,training
CCc1cccc2cc(C(O)CNC(C)(C)C)oc12,0,training
Oc1ccc(C2CNCCc3c2cc(O)c(O)c3Cl)cc1,0,training
CC1(C)S[C@@H]2C(NC(=O)C(NC(=O)c3c[nH]c4cccnc4c3=O)c3ccccc3)C(=O)N2C1C(=O)O,0,training
CC[C@H](O)C(C[C@@H](C)N(C)C)(c1ccccc1)c1ccccc1,1,training
COC(C(=O)NC1C(=O)N2C(C(=O)O)C(C)(C)S[C@H]12)c1ccc(Cl)c(Cl)c1,0,training
FC(F)(F)c1cccc(N2CCN(CCc3nnc4n3C[C@H]3CCC[C@@H]43)CC2)c1,1,training
CN1CC[C@@]23NC(=O)C[C@@H](c4cc(Cl)ccc4O2)[C@H]3C1,1,training
CC1(C)S[C@@H]2C(NC(=O)C34C[C@@H]5C[C@@H](CC(N)(C5)C3)C4)C(=O)N2C1C(=O)O,0,training
O=C(Nc1ccc(Cl)nc1)c1ccc(F)c(F)c1,1,training
C[N+](C)(CCCCCC[N+](C)(C)C1c2ccccc2-c2ccccc21)C1c2ccccc2-c2ccccc21,0,training
C[C@@H]1CN(c2c(F)c(N)c3c(=O)c(C(=O)O)cn(C4CC4)c3c2F)C[C@H](C)N1,0,training
CN1CCN(C2=Nc3ccccc3Sc3nccn32)CC1,1,training
CN(C)C1C(=O)C(C(=O)NCNCCCCC(N)C(=O)O)C(=O)[C@@]2(O)C(=O)C3C(=O)c4c(O)cccc4[C@@](C)(O)[C@H]3C[C@@H]12,0,training
CCC(=O)OC1(C(=O)COC)C(C)CC2C3CC=C4CC(=O)C=CC4(C)C3(F)C(O)CC21C,1,training
CCC(C)C(=O)O[C@H]1C[C@@H](C)C=C2C=C[C@H](C)[C@H](CC[C@@H]3C[C@@H](O)CC(=O)O3)C21,0,training
CN(C)C(=O)OC1N=C(c2ccccc2)c2cc(Cl)ccc2N(C)C1=O,1,training
Cc1ccn(CCCCN2CCN(c3cc(C(F)(F)F)nc(C(C)(C)C)n3)CC2)c(=O)c1,1,training
NC(=O)C1c2ccccc2C2OC2c2ccccc21,0,training
CN1CCN(CCCN2c3ccccc3Sc3ccc(C(F)(F)F)cc32)CC1,1,training
CC1OC2(CCCC[C@H]2Oc2cccc(Cl)c2)NC1=O,1,training
CO[C@@]1(NC(O)=c2sc(=C(C(N)=O)C(=O)O)s2)C(=O)N2C(C(=O)O)=C(CSc3nnnn3C)CS[C@@H]21,0,training
CC(=O)OCC1=C(C(=O)O)N2C(=O)C(NC(=O)CCCC(N)C(=O)O)[C@H]2SC1,0,training
O=C(O)CCCCC1SCC2NC(=O)NC21,1,training
OC[C@@H]1O[C@@H](O[C@@H]2[C@H](CO)O[C@@](O)(CO)[C@H]2O)[C@@H](O)[C@@H](O)[C@@H]1O,0,training
OCC(O)C(O)C(O)C(O)CO,0,training
N#CC[C@H](C1CCCC1)n1cc(-c2ncnc3[nH]ccc23)cn1,0,training
O=C(/C=C\n1cnc(-c2cc(C(F)(F)F)cc(C(F)(F)F)c2)n1)NNc1cnccn1,0,training
C=CCNc1nc(NCC=C)nc(N2CCN(C(c3ccc(F)cc3)c3ccc(F)cc3)CC2)n1,1,training
C=CCN1CCCC1CNC(=O)c1cc(S(=O)(=O)NC)c(N)cc1OC,1,training
C=CCC1(CC=C)C(=O)NC(=O)NC1=O,1,training
CC12C=CC(=O)C=C1C(F)CC1C3CC(O)C(O)(C(=O)CO)C3(C)CC(O)C12F,1,training
CCC(CC)(CNC(=O)CCCO)c1cccc(OC)c1,1,training
CC(=O)OCC(=O)[C@@]12OC(C)(C)O[C@@H]1CC1C3C[C@H](F)C4=CC(=O)C=CC4(C)[C@H]3C(O)CC12C,1,training
O=c1[nH]c2cc(Cl)c(Cl)c([N+](=O)[O-])c2[nH]c1=O,1,training
CC(=O)OCC(=O)C12N=C(C)OC1CC1C3CC=C4CC(=O)C=CC4(C)C3(F)C(O)CC12C,1,training
Cc1cccc(N2CC(CO)OC2=O)c1,1,training
O=C1CCC2(O)C3Cc4ccc(O)c5c4C2(CCN3CC2CC2)C1O5,1,training
COC1OC2OC3(CN4CCCCC4)C(O)CC(C2C)C13,1,training
O=C(c1cccnc1)N1CCOCC1,1,training
NC1=NC[C@H]2c3ccccc3Cc3ccccc3N12,0,training
CN1CCC2(O)c3ccccc3Oc3ccc(Cl)cc3C2C1,1,training
COCOC(=O)C1N2C(=O)C(N3C(=O)C(c4ccccc4)NC3(C)C)C2SC1(C)C,0,training
O=C(CCCl)NCCc1ccccc1,1,training
CCc1ccc(C(=O)C(C)CN2CCCC2)cc1,1,training
CCc1c(O)c(=O)ccn1CCCCO,0,training
CC(=O)O[C@@]12CO[C@@H]1C[C@H](O)[C@@]1(C)C(=O)C(=O)C3C(C)[C@@H](OC(=O)C(O)C(NC(=O)OC(C)(C)C)c4ccccc4)C[C@@](O)([C@@H](OC(=O)c4ccccc4)[C@H]21)C3(C)C,0,training
CCCc1cc(C(N)=S)ccn1,1,training
CN(C)CC/C=C1/c2ccccc2COc2ccccc21,1,training
CN1C(=O)CN2CCc3ccccc3C2c2cc(Cl)ccc21,1,training
CNC1C(O)C(OC2C(N)CC(N)C(OC3OC(CN)=CCC3N)C2O)OCC1(C)O,0,training
COc1cc2c(cc1OC)C(c1ccc(N)cc1)=NN=C(C)C2,1,training
CCN[C@@H]1C[C@H](N)[C@H](O[C@@H]2C[C@@H](N)C=C(CN)O2)[C@H](O)[C@@H]1O[C@@H]1OC[C@@](C)(O)[C@@H](NC)[C@@H]1O,0,training
O=C(O)CCCC[C@@H]1SC[C@@H]2NC(=O)N[C@@H]21,1,training
O=C(Cc1ccc(Cl)c(Cl)c1)N1CCN(CCO)C[C@@H]1CN1CC[C@@H](O)C1,0,training
O=[N+]([O-])O[C@H]1CO[C@H]2[C@@H]1OC[C@H]2O[N+](=O)[O-],0,training
CC1(C)SC2C(NC(=O)C(Oc3ccccc3)c3ccccc3)C(=O)C2C1C(=O)O,0,training
Clc1ccc(NC2=NCCN2)c(Cl)c1,1,training
O=C1NC(=O)N([C@H]2O[C@@H](CO)[C@@H](O)[C@@H]2O)CC1C=CBr,1,training
CCOc1ccccc1OCCN[C@@H](C)Cc1ccc(OC)c(S(N)(=O)=O)c1,1,training
CN(C)CCC=C1c2ccccc2CSc2ccccc21,1,training
C=CC1=C(C(=O)O)N2C(=O)C(NC(=O)C(=NO)c3csc(N)n3)[C@H]2SC1,0,training
CC(=O)Oc1cc(C(C)C)c(OCCN(C)C)cc1C,1,training
CCC(=O)O[C@]1(c2ccccc2)CCN(C)C[C@@H]1C,1,training
CCCC1OC1(CC)C(N)=O,1,training
CC1c2cccc(O)c2C(=O)C2C(=O)[C@]3(O)C(=O)C(C(N)=O)C(=O)C(N(C)C)[C@@H]3[C@@H](O)[C@@H]21,0,training
Clc1ccc(CO/N=C(/Cn2ccnc2)c2ccc(Cl)cc2Cl)c(Cl)c1,0,training
Clc1ccccc1C1=NCc2nnc(C3CCCCC3)n2-c2sc(Br)cc21,1,training
CS(=O)(=O)c1ccc(C2=C(c3ccccc3)C(=O)OC2)cc1,0,training
CCOC(=O)C1=C[C@H](OC(CC)CC)[C@H](NC(C)=O)[C@@H](N)C1,1,training
CN[C@H]1[C@@H](O)[C@H]2O[C@H]3O[C@H](C)CC(=O)C3(O)O[C@H]2[C@@H](NC)[C@H]1O,0,training
CC(=O)[C@@]1(O)CC[C@H]2[C@@H]3CC(C)=C4CC(=O)C=C[C@]4(C)[C@@]3(F)[C@@H](O)C[C@@]21C,1,training
NCCc1cc[nH]n1,0,training
O=C1CCC(c2ccccc2)(C2CCN(C/C=C/c3ccccc3)CC2)C(=O)N1,1,training
CC12CC[C@H]3[C@H](CCC4C(=O)C(=O)CCC43C)[C@H]1CCC2=O,0,training
CC1(C)O[C@@H]2CC3C4C[C@H](F)C5=CC(=O)C=C[C@]5(C)[C@@]4(F)[C@@H](O)C[C@]3(C)[C@]2(C(=O)CO)O1,1,training
CCCOC(=O)Cn1cc(I)c(=O)c(I)c1,0,training
NC(C(=O)NC1C(=O)N2C(C(=O)O)=C(Cl)CSC12)c1ccccc1,0,training
OC1(c2cccc(Cl)c2)C2=NCCCN2c2ccccc21,1,training
CC(=O)CC(=O)C1(O)CCC2C3CC=C4CC(=O)C=CC4(C)C3(Cl)C(Cl)CC21C,1,training
O=c1[nH]c2cc(Cl)ccc2o1,1,training
CN1CC(CN2CC(=O)NC(=O)C2)C=C2c3cccc4[nH]cc(c34)CC21,1,training
COc1ccc(C(O)CN2CCN(C(c3ccccc3)c3ccccc3)CC2)cc1OC,1,training
NCCC(O)C(=O)N[C@@H]1C[C@H](N)[C@@H](O[C@H]2O[C@H](CN)[C@@H](O)[C@H](O)[C@H]2O)[C@H](O)[C@H]1O[C@H]1O[C@H](CO)[C@@H](O)[C@H](N)[C@H]1O,1,training
[N]C1=NC(=O)[N+](C[C@@H](CO)OCP(=O)([O-])O)=CC1,0,training
Nc1nc(C(CCC(=O)O)C(=O)N=C2C(=O)N3C(C(=O)O)=CCS[C@H]23)cs1,0,training
O=c1[nH]c2ccccc2n1CCCN1CCC(n2c(=O)[nH]c3cc(Cl)ccc32)CC1,0,training
CCCN1CCCC1CNC(=O)c1cc(S(N)(=O)=O)ccc1OC,1,training
CC(O)C1C(=O)N2C(C(=O)O)=C(SCCN=CN)CC12,0,training
C=C1CC[C@@H](O)C/C1=C\C=C1/CCCC2(C)[C@@H]1CC[C@@H]2[C@H](C)CCCC(C)(C)O,0,training
CC(C)(O)C(C)(O)c1cccc(Cl)c1,1,training
C=COCCCCOC=C,1,training
CO[C@H]1C[C@H](O[C@@H]2C(C)C(=O)O[C@H](C)[C@H](C)[C@H](O)C(C)C(=O)[C@]3(CO3)C[C@H](C)[C@H](O[C@@H]3O[C@H](C)C[C@H](N(C)C)[C@H]3O)[C@H]2C)O[C@@H](C)[C@@H]1O,0,training
CC(OC(N)=O)C(C)C(C)OC(N)=O,1,training
CCN(CCCCOC(=O)c1ccc(OC)c(OC)c1)[C@@H](C)Cc1ccc(OC)cc1,1,training
O=C1CC2(CCCC2)CC(=O)N1CCNCC1COc2ccccc2O1,1,training
OC(CN1CCCCC1)c1cc(-c2ccccc2)on1,1,training
CNNCc1ccc(C(=O)NC(C)C)cc1,1,training
NC[C@H]1O[C@H](O[C@H]2[C@H](O)[C@@H](O[C@H]3O[C@H](CO)[C@@H](O)[C@H](N)[C@H]3O)[C@H](N)C[C@@H]2N)[C@H](N)C[C@@H]1O,0,training
O=c1cc[nH]nc1,1,training
CCC1C(=O)OC[C@H]1Cc1cncn1C,0,training
O=C(O)CCCc1ccc(N(CCCl)CCCl)cc1,0,training
CC(C)=CCN1CCC23c4c5ccc(O)c4OC2C(=O)CCC3(O)C1C5,1,training
COc1ccc2c(c1)c(CC(=O)O)c(C)n2C(=O)c1ccc(Cl)cc1,0,training
Cc1nc(Nc2ncc(C(=O)Nc3c(C)cccc3Cl)s2)cc(N2CCN(CCO)CC2)n1,0,training
Cc1nc2ccccc2c(=O)n1-c1ccccc1Cl,1,training
CC(=O)OCC1=CO[C@@H](OC(=O)CC(C)C)[C@H]2C1=C[C@H](OC(=O)CC(C)(C)OC(C)=O)[C@]21CO1,1,training
Cc1cccc(C)c1NC(=O)CN1CCCC1=O,1,training
CCOC(=O)OC(C)OC(=O)C1N2C(=O)C(/N=C/N3CCCCCC3)[C@H]2SC1(C)C,0,training
N=C(N)NC[C@@H]1COc2ccccc2O1,1,training
CNC(=O)c1c(NCC2CCC3(CCC3)CC2)nc(C#N)nc1OCCO,1,training
CCn1cc(C(=O)O)c(=O)c2cc(F)c(N3CCNCC3)cc21,0,training
O=C1NCN(c2ccccc2)C12CCN(CCCOc1ccc(F)cc1)CC2,1,training
CN1CCC2=C(CC1)c1cc(C#N)ccc1Sc1ccccc12,1,training
CCNCC(O)c1cccc(O)c1,0,training
COc1ccc(S(N)(=O)=O)cc1C(=O)NCC1CCCN1C,1,training
OCCN1C[C@H](O)[C@@H](O)[C@H](O)[C@H]1CO,0,training
CCC(=O)OCC(=O)[C@@]1(OC(=O)CC)[C@H](C)C[C@H]2[C@H]3[C@H]([C@@H](O)C[C@@]21C)[C@@]1(C)C=CC(=O)C=C1C[C@H]3Cl,1,training
Cc1oc(=O)oc1COC(=O)C1N2C(=O)C(NC(=O)C(N)c3ccccc3)C2SC1(C)C,0,training
Cc1c(O)cccc1C(=O)N[C@@H](CSc1ccccc1)[C@H](O)CN1C[C@H]2CCCC[C@H]2CC1C(=O)NC(C)(C)C,0,training
Cc1c(F)c(N2CCNC(C)C2)cc2c1c(=O)c(C(=O)O)cn2C1CC1,0,training
CN(C)CCON=C1c2ccccc2CCc2ccccc21,1,training
NS(=O)(=O)c1cc(Cl)c(Cl)c(S(N)(=O)=O)c1,0,training
CNC(=O)c1c(NCC2CCC3(CCC3)CC2)nc(C#N)nc1OC1CC(C)(C)NC(C)(C)C1,0,training
CCCCC(NC(C)=O)C(=O)NC1CC(=O)NCCCCC(C(=O)O)NC(=O)C(CC2=CN[C@@H]3C=CC=C[C@H]23)NC(=O)C(CCCN=C([N])N)NC(=O)C(Cc2ccccc2)NC(=O)C(Cc2c[nH]cn2)NC1=O,0,training
CC(=O)OCC(=O)C1(O)CCC2C3CC=C4CC(=O)C=CC4(C)C3C(O)CC21C,1,training
CCC1(c2cccc(O)c2)CCCCN(C)C1,1,training
CCN[C@H](C)Cc1cccc(C(F)(F)F)c1,1,training
CC1N=C(c2ccccc2Cl)c2cc([N+](=O)[O-])ccc2NC1=O,1,training
OCCN1CCN(CCCC2c3ccc(F)cc3Sc3ccc(C(F)(F)F)cc32)CC1,1,training
COC(=O)C1=C(C)N=C(C)C(C(=O)OC)C1c1ccccc1[N+](=O)[O-],0,training
CN1CC(CC#N)CC2c3cccc4[nH]cc(c34)CC21,1,training
COC12CCC3(CC1C(C)(O)C(C)(C)C)C1Cc4ccc(O)c5c4C3(CCN1CC1CC1)C2O5,1,training
C[C@H](Cc1cc2c(c(C(N)=O)c1)N(CCCO)CC2)NCCOc1ccccc1OCC(F)(F)F,0,training
CS(=O)(=O)c1ccc(C(O)C(CO)NC(=O)C(Cl)Cl)cc1,1,training
CC1=C[C@@H]2[C@H]([C@@H](O)C[C@@]3(C)[C@H]2C[C@@H](C)[C@]3(O)C(=O)COC(=O)c2cccc(S(=O)(=O)O)c2)[C@@]2(C)Cc3cnn(-c4ccccc4)c3C=C12,1,training
CCC1=CC2CN(C1)Cc1c([nH]c3ccccc13)[C@@](C(=O)OC)(c1cc3c(cc1OC)N(C)[C@H]1[C@@](O)(C(=O)OC)[C@H](OC(C)=O)[C@]4(CC)C=CCN5CC[C@]31[C@@H]54)C2,0,training
ClC1C(Cl)C(Cl)C(Cl)C(Cl)C1Cl,0,training
CCN(CC)CC(=O)OCC(=O)[C@@]1(O)CCC2C3CC=C4CC(=O)C=C[C@]4(C)C3[C@@H](O)C[C@@]21C,1,training
CC[N+](CC)(CCNC(=O)C(=O)NCC[N+](CC)(CC)Cc1ccccc1Cl)Cc1ccccc1Cl,1,training
Cc1cccc(C)c1OCC(C)N,1,training
C[C@]12CCC(=O)C=C1CC[C@@H]1[C@@H]2CC[C@@]2(C)[C@H]1CC[C@]2(O)C(=O)CO,1,training
O=S(O)CNc1ccc(S(=O)(=O)c2ccc(NCS(=O)O)cc2)cc1,0,training
C=CCN1CCCC1CNC(=O)c1cc(S(N)(=O)=O)cc(OC)c1OC,1,training
CC(=O)c1ccc2c(c1)N(CCCN(C)C)c1ccccc1S2,1,training
COc1cccc(C(=O)NC2CC3CCC(C2)N3Cc2ccccc2)c1OC,1,training
CCC(C)(C)OC,1,training
O=C(O)C(O)C(O)C(=O)O,1,training
CO[C@H]1/C=C\O[C@@]2(C)Oc3c(C)c(O)c4c(O)c(c(C=NN5CCN(C6CCCC6)CC5)c(O)c4c3C2=O)NC(=O)C(C)=CC=CC(C)[C@H](O)[C@@H](C)[C@@H](O)[C@@H](C)[C@H](OC(C)=O)[C@@H]1C,0,training
CC(C)(C)/[N+]([O-])=C\c1cc[n+]([O-])cc1,0,training
CC(=O)C1CCC2C3CC(O)C45CC4CCC5(C)C3CCC12C,1,training
OCCN1CCCN(CCCN2c3ccccc3Sc3ccc(C(F)(F)F)cc32)CC1,1,training
CO/N=C/C1=CCCN(C)C1,1,training
CCCC1OC2CC3C4CC(F)C5=CC(=O)CCC5(C)C4(F)C(O)CC3(C)C2(C(=O)CO)O1,1,training
CC(=O)O[C@@]12CO[C@@H]1C[C@H](O)[C@@]1(C)C(=O)C(=O)C3C(C)[C@@H](OC(=O)C(O)C(NC(=O)OC(C)(C)C)c4ccccc4)C[C@@](O)([C@@H](OC(=O)c4ccccc4)C12)C3(C)C,0,training
C=C(C)[C@@H]1CCC(C)=CC1c1c(O)cc(CCCCC)cc1O,1,training
Cc1nsc(NS(=O)(=O)c2ccc(N)cc2)c1C,1,training
CC1(C)S[C@@H]2C(NC(=O)C(N)c3ccc(O)cc3)C(=O)N2C1C(=O)O,0,training
CCC(C)C(N)C1=NC(C(=O)NC(CC(C)C)C(=O)NC(CCC(=O)O)C(=O)NC(C(=O)NC2CCCCNC(=O)C(CC(N)=O)NC(=O)C(CC(=O)O)NC(=O)C(Cc3c[nH]cn3)NC(=O)C(Cc3ccccc3)NC(=O)C(C(C)CC)NC(=O)C(CCCN)NC2=O)C(C)CC)CS1,0,training
CCn1cc(C(=O)O)c(=O)c2ccc(Cc3ccccc3)nc21,1,training
S=C1NCCC(COc2ccccc2)O1,1,training
CNC/C=C(/c1ccc(Br)cc1)c1cccnc1,1,training
O=C(O)c1ccccc1O,0,training
CCCN(CCC)C(=O)Cc1c(-c2ccc(C)cc2)nc2ccc(C)cn12,1,training
CC1CC2C3CC(F)C4=CC(=O)C(Cl)=CC4(C)C3(F)C(O)CC2(C)C1(O)C(=O)CO,1,training
CON=C(C(=O)NC1C(=O)N2C(C(=O)O)=C(C)CSC12)c1csc(N)n1,0,training
CC(C)Nc1cc2c(cc1Nc1ccc(Cl)cc1)nc1ccccc1[n+]2-c1ccc(Cl)cc1,0,training
O=C1CCC(C(=O)N2CCCCC2)N1,1,training
CN(C)C(=O)Oc1cc(OC(=O)N(C)C)cc([C@H](O)CNC(C)(C)C)c1,0,training
O=C(CN1CCCC1=O)NNC(=O)CN1CCCC1=O,1,training
C/C(=C(/CCOC(=O)c1ccccc1)SS/C(CCOC(=O)c1ccccc1)=C(\C)N(C=O)Cc1cnc(C)nc1N)N(C=O)Cc1cnc(C)nc1N,1,training
O=C(CCCN1CCC(C(=O)c2ccc(F)cc2)CC1)c1ccc(F)cc1,1,training
CC(=O)c1ccc2c(c1)N(CCCN1CCN(CCO)CC1)c1ccccc1S2,1,training
CCCCC[C@H](O)/C=C/[C@@H]1C(C/C=C\CCCC(=O)O)C(=O)C[C@H]1O,0,training
C[C@]12CCC(=O)C=C1CC[C@H]1[C@@H]3CC[C@](O)(C(=O)CO)[C@@]3(C)C[C@H](O)[C@@]12F,1,training
CCC(=O)O[C@]1(C(=O)SCCl)[C@H](C)C[C@H]2C3C[C@H](F)C4=CC(=O)C=C[C@]4(C)[C@@]3(F)[C@@H](O)C[C@@]21C,1,training
NC(CO)C(=O)NNCc1ccc(O)c(O)c1O,0,training
COc1cc([C@@H]2c3cc4c(cc3[C@@H](O[C@@H]3O[C@@H]5CO[C@@H](c6cccs6)O[C@H]5[C@H](O)[C@H]3O)[C@H]3COC(=O)C23)OCO4)cc(OC)c1O,1,training
CN[C@@H](C)Cc1ccccc1,1,training
CCOC(=O)C1(c2ccccc2)CCN(CCCNc2ccccc2)CC1,1,training
CON=C(C(=O)NC1C(=O)N2C(C(=O)[O-])=C(C[n+]3ccn4ncccc43)CS[C@H]12)c1nsc(N)n1,0,training
CN(C)CCOC(=O)CCC1CCCCC1,1,training
CC(C)(C(=O)O)c1ccc(C(=O)CCCN2CCC(OC(c3ccccc3)c3ccccc3)CC2)cc1,0,training
CC(C)NC1C2CCC(CC2)C1(O)c1ccc(Cl)c(Cl)c1,1,training
CC(O)(P(=O)(O)O)P(=O)(O)O,0,training
CC(C(=O)O)c1ccc(-c2ccccc2)c(F)c1,0,training
CN1C(=S)CN=C(c2ccccc2)c2cc(Cl)ccc21,1,training
CCN(CC)C(=O)c1cccnc1,1,training
O=C(CN1CC[C@H](c2ccc(F)cc2)[C@@H](COc2ccc3c(c2)OCO3)C1)c1ccc(F)cc1,1,training
Nn1cnc2cc3ccccc3cc2c1=O,1,training
COC(=O)C1=CCCN(C)C1,1,training
CC(=O)OC1/C=C/C(C)=C\CC(O)/C=C/C(C)=C\C(NC(=O)C(C)=O)C2(C)C(=O)OC(C1)C(C)C2=O,0,training
CCOC(=O)Oc1ccc(CCNC(=O)C(CCSC)NC(C)=O)cc1OC(=O)OCC,0,training
CC(C)[N+]1(C)[C@@H]2CC[C@H]1CC(OC(=O)C(CO)c1ccccc1)C2,0,training
CCC(Oc1ccccc1)C(=O)NC1C(=O)N2C1SC(C)(C)C2C(=O)O,0,training
OC1(c2ccc(Cl)c(C(F)(F)F)c2)CCN(CCCC(c2ccc(F)cc2)c2ccc(F)cc2)CC1,1,training
Cc1onc(-c2ccccc2)c1C(=O)NC1C(=O)N2C(C(=O)O)C(C)(C)S[C@H]12,0,training
C[C@@H]1C[C@H]2[C@@H]3C[C@H](F)C4=CC(=O)C=C[C@]4(C)[C@@]3(F)[C@@H](O)C[C@]2(C)C1C(=O)COC(=O)C(C)(C)C,1,training
OC(CCN1CCCCC1)(c1ccccc1)C1CC2C=CC1C2,1,training
CN(C)CCCN1c2ccccc2Sc2ccccc21,1,training
CCN(CC)C(C)C(=O)c1ccccc1,1,training
CC(C)OC(=O)CCC/C=C/C[C@@H]1[C@@H](/C=C/C(F)(F)COc2ccccc2)[C@H](O)C[C@H]1O,0,training
C=CCN1CC[C@]23c4c5ccc(O)c4OC2C(=O)CC[C@@]3(O)[C@H]1C5,1,training
CO[C@@H]1[C@@H](OC(N)=O)[C@@H](O)[C@H](Oc2ccc3c(=O)c(NC(=O)c4ccc(O)c(CC=C(C)C)c4)c(O)oc3c2C)OC1(C)C,0,training
NC(=O)c1cnccn1,1,training
Cc1c(N(C)C)c(=N)n(-c2ccccc2)n1C,1,training
Clc1ccc2nsnc2c1NC1=NCCN1,1,training
CN(C)CCN(C)n1cc(-c2ccccc2)c2ccccc21,1,training
O[C@@H]1[C@H](O)[C@H](O)OC[C@@H]1O,0,training
CN1CCN(C(=O)OC2c3nccnc3C(=O)N2c2ccc(Cl)cn2)CC1,1,training
Cc1[nH]c(-c2ccccc2)nc1CC#N,1,training
Cn1nnnc1SCC1=C(C(=O)O)N2C(=O)C(NC(=O)CS/C=C\C#N)[C@H]2SC1,0,training
CC[N+](C)(CC)CCOC(=O)C1c2ccccc2Oc2ccccc21,0,training
CO[C@@H]1[C@@H](O[C@@H]2O[C@H](C)[C@@H](O[C@H]3C[C@@](C)(O)[C@@H](OC(=O)CC(C)C)[C@H](C)O3)[C@H](N(C)C)[C@H]2O)[C@@H](CC=O)C[C@@H](C)[C@@H](O)/C=C/C=C/C[C@@H](C)OC(=O)C[C@H]1OC(C)=O,0,training
CC#CC(=O)N1CCC[C@H]1c1nc(-c2ccc(C(=O)Nc3ccccn3)cc2)c2c(N)nccn12,0,training
CN(C)N=Nc1[nH]cnc1C(N)=O,1,training
CC(NCCn1cnc2c1c(=O)n(C)c(=O)n2C)C(O)c1ccccc1,1,training
CC1CCCCC1C,1,training
CCC(=O)O[C@]1(C(=O)SC)[C@H](C)CC2C3C[C@H](F)C4=CC(=O)C=CC4(C)[C@@]3(F)[C@@H](O)C[C@@]21C,1,training
N#CCNC1CCc2ccccc21,1,training
CCCC(Cc1ccccc1)N1CCCC1,1,training
CCN(CC)c1nc2c(s1)c1c(O)c3c(O)c(C)c4c(c32)C(=O)[C@@](C)(O/C=C\[C@H](OC)[C@@H](C)[C@@H](OC(C)=O)[C@H](C)[C@H](O)[C@H](C)[C@@H](O)C(C)=CC=CC(C)C(=O)N1)O4,0,training
CC1=C(C(=O)O)N2C(=O)C(NC(=O)C(N)c3ccc(O)c(Cl)c3)[C@H]2SC1,0,training
CN1CCC(=C2c3ccccc3C=Cc3ccccc32)CC1,1,training
CCCC1CC(C(=O)NC(C(C)O)C2OC(SC)C(O)C(O)C2O)N(C)C1,0,training
O=C1CCC(n2c(O)c3c(c2O)C2CCC3C2)C(=O)N1,1,training
C[N+]1(C)CCC[C@@H]1COC(=O)C(O)(c1ccccc1)c1ccccc1,0,training
Fc1ccccc1C1=NCC(=S)N(CC(F)(F)F)c2ccc(Cl)cc21,1,training
CC1OC1P(=O)(O)O,1,training
C[C@]12C=CC(=O)C=C1CC[C@H]1[C@@H]3C[C@@H](O)[C@](O)(C(=O)CO)[C@@]3(C)C[C@H](O)[C@@]12F,0,training
Cc1nc2n(c(=O)c1CCN1CCC(C(=O)c3ccc(F)cc3)CC1)CCS2,1,training
NC(CSSCC(N)C(=O)O)C(=O)O,0,training
COc1ccc2c3c1O[C@H]1C(OC(C)=O)=CC[C@H]4[C@@H](C2)N(C)CCC314,1,training
CC(Cc1ccccc1)N1CC(=NC(=O)Nc2ccccc2)ON1,1,training
CCOC(=O)C1(c2ccccc2)CCN(CC[C@H](O)c2ccccc2)CC1,1,training
CCCBr,1,training
Cn1cnc([N+](=O)[O-])c1Sc1ncnc2[nH]cnc12,0,training
CC1(C)SC2C(N(C(=N)c3ccncc3)C(C(=O)NC(=O)CN)c3ccccc3)C(=O)N2C1C(=O)O,0,training
Fc1ccc(Cn2c([C@@H]3CCCNC3)nc3ccccc32)cc1,1,training
CN(C)CCCN1c2ccccc2Sc2ccc(C(F)(F)F)cc21,1,training
Clc1cccc(Cl)c1NC1N=CCN1,1,training
CC1(C)C(NCC(=NOCC(=O)O)c2csc(N)n2)C(=O)N1OS(=O)(=O)O,0,training
COc1cc2c3cc1Oc1cc(ccc1O)C[C@H]1c4c(cc(OC)c(O)c4Oc4ccc(cc4)C[C@H]3[N+](C)CC2)CC[N+]1(C)C,0,training
Oc1ccc2c(c1)C13CCCCC1(O)C(C2)N(CC1CC1)CC3,1,training
Cc1ccc(Cc2c[nH]c(NCCSCc3ccc(CN(C)C)o3)nc2=O)cn1,0,training
Cc1cc(=O)c(C(=O)NC(C(=O)NC2C(=O)N3C(C(=O)O)=C(CSc4nnnn4C)CS[C@H]23)c2ccc(O)cc2)c[nH]1,0,training
COc1cc2c(c(OC)c1OC)-c1ccc(OC)c(=O)cc1C(NC(C)=O)CC2,1,training
COC(C(=O)C(O)C(C)O)[C@@H]1Cc2cc3cc(O[C@H]4C[C@@H](O[C@H]5C[C@@H](O)[C@H](O)[C@@H](C)O5)[C@@H](O)[C@@H](C)O4)c(C)c(O)c3c(O)c2C(=O)C1OC1C[C@@H](O[C@H]2C[C@@H](O[C@H]3C[C@](C)(O)[C@H](O)[C@@H](C)O3)[C@H](O)[C@@H](C)O2)[C@H](O)[C@@H](C)O1,1,training
CC(C)C(=O)c1c(C(C)C)nn2ccccc12,0,training
CNS(=O)(=O)Cc1ccc2[nH]cc(CCN(C)C)c2c1,0,training
C#CC(O)(C=CCl)CC,1,training
C[C@@H]1CN2CC(=O)Nc3ccc(Cl)cc3[C@]2(c2ccccc2)O1,1,training
CCCC(C)CC,1,training
CCOC(=O)c1cncn1C(C)c1ccccc1,1,training
C=CCC(CC)(CC)C(N)=O,1,training
CCN(CC)C(=O)C1C2C=CC(C2)C1C(=O)N(CC)CC,1,training
CC(=O)[C@@]1(O)[C@H](O)C[C@H]2[C@@H]3CC=C4CC(=O)C=C[C@]4(C)[C@@]3(F)[C@@H](O)C[C@@]21C,1,training
O=C(CCCN1CC2CCC(CC2)C1)c1ccc(F)cc1,1,training
COc1cc(/C=C/C(N)=O)cc(OC)c1OC,1,training
CN1CCC[C@@H]1CCO[C@](C)(c1ccccc1)c1ccc(Cl)cc1,1,training
COc1cccc(C[C@H](C)N)c1,1,training
C[N+]1([O-])[C@@H]2CC[C@H]1CC(OC(=O)C(CO)c1ccccc1)C2,1,training
NC(=O)c1cc[n+](CC2=C(C(=O)O)N3C(=O)C(NC(=O)C(c4ccccc4)S(=O)(=O)[O-])[C@H]3SC2)cc1,0,training
FC(F)(F)C(F)(F)C(F)(F)F,0,training
CCOC(=O)C(CCc1ccccc1)NC(C)C(=O)N(CC(=O)O)C1Cc2ccccc2C1,0,training
CC(C)c1ccccc1OCC1=NCCN1,0,training
CC(C)=CCN1CC[C@@]2(C)c3cc(O)ccc3C[C@@H]1[C@@H]2C,1,training
O=C(O)c1ccc2[nH]cc(CCCCN3CC=C(c4ccccc4)CC3)c2c1,0,training
CCC(=O)OCC(=O)[C@@]1(OC(=O)CC)[C@@H](C)C[C@H]2[C@@H]3CC=C4CC(=O)C=C[C@]4(C)[C@@]3(Cl)[C@@H](O)C[C@@]21C,1,training
CNC(=O)CC(N)C(=O)NC(C(=O)NC1C(=O)N2C(C(=O)O)C(C)(C)S[C@H]12)c1ccc(O)cc1,0,training
C=CCC1(CC(C)C)C(=O)NC(=O)NC1=O,1,training
CCn1c2c(c3ccccc31)CCSC2(C)CCN(C)C,1,training
CC1(C)SC2C(NC(=O)C(NS(=O)(=O)O)c3ccccc3)C(=O)N2C1C(=O)O,0,training
CC(C)[N+](C)(CCC(C(N)=O)(c1ccccc1)c1ccccc1)C(C)C,0,training
COC1(NC(=O)CSC(F)F)C(=O)N2C(C(=O)O)=C(CSc3nnnn3CCO)COC21,0,training
C=C1CC2C3=CC=C4CC(=O)CCC4(C)C3C(O)CC2(C)[C@@]1(O)C(=O)CO,1,training
CN(N=O)C(=O)N[C@@H]1[C@@H](O)[C@H](O)[C@@H](CO)O[C@@H]1O,0,training
Oc1c(Cl)cc(Cl)c2cccnc12,0,training
CC1C(c2ccccc2)OCCN1C,1,training
CC[N+](CC)CCC[C@H](C)[N]c1c2ccc(Cl)cc2nc2ccc(OC)cc12,0,training
CC(NN)c1ccccc1,1,training
NC1(C(=O)O)CCCC1,0,training
CC1C(=NC(=O)C(NOC(C)(C)C(=O)O)c2csc(N)n2)C(=O)N1S(=O)(=O)O,0,training
CN1CCC2(C)c3cc(OC(=O)N4CCc5ccccc5C4)ccc3N(C)C12,1,training
CC=CC(=O)N(CCC)C(CC)C(=O)N(C)C,1,training
N=C(N)c1ccc(OCCCCCOc2ccc(C(=N)N)cc2)cc1,0,training
O=C(Cn1ccnc1)c1ccc2ccccc2c1,1,training
CN1C2CCC1CC(OC(=O)C(C)(CO)c1ccccc1)C2,1,training
CC(=O)O[C@H]1C[C@@]2(C)[C@@H](C[C@@H](O)[C@H]3[C@@]4(C)CC[C@@H](O)[C@@H](C)[C@@H]4CC[C@@]32C)/C1=C(\CCC=C(C)C)C(=O)O,0,training
Cc1oc(C(C)(C)N(C(C)(C)N)C(C)(C)N)c(C)c1C,1,training
CC(=O)O[C@H]1C[C@@]2(C)[C@@H](C[C@@H](O)C3[C@]2(C)CC[C@H]2[C@H](C)[C@H](O)CC[C@]32C)/C1=C(/CCC=C(C)C)C(=O)O,0,training
Oc1c2c(c(O)n1CCCCN1CCN(c3ncccn3)CC1)[C@@H]1C=C[C@H]2[C@H]2C=C[C@H]21,1,training
CC[C@H](NC(=O)c1c(C)c(-c2ccccc2)nc2ccccc12)c1ccccc1,1,training
CCCCC[N+](C)CCC(O)([PH](=O)O)P(=O)([O-])O,0,training
[N-]=[N+]=NCC(=O)N[C@H](CO)[C@H](O)c1ccc([N+](=O)[O-])cc1,1,training
Cc1ccc(/C(=C\CN2CCCC2)c2cccc(/C=C/C(=O)O)n2)cc1,0,training
NC[C@@H]1O[C@H](O[C@@H]2[C@H](O)[C@H](O[C@@H]3[C@H](O)[C@H](N)C[C@H](N)[C@@H]3O[C@@H]3O[C@H](CO)[C@H](O)[C@H](O)[C@@H]3N)O[C@@H]2CO)[C@H](N)[C@H](O)[C@@H]1O,0,training
CNCCCN1c2ccccc2CCc2ccccc21,1,training
COc1nccnc1NS(=O)(=O)c1ccc(N)cc1,0,training
COc1ccc(OC(F)(F)F)cc1CNC1CCCNC1c1ccccc1,1,training
CC1(C)N=C([N])N=C(N)N1c1ccc(Cl)cc1,0,training
COc1ccccc1N1CCN(CC(O)COc2cc(OC)c(OC)c(OC)c2)CC1,1,training
O=C1CN(O)C(c2ccccc2)=c2cc(Cl)ccc2=N1,1,training
C#C[C@@]1(O)CC[C@@H]2[C@@H]3CC[C@@H]4CC(=O)CCC4=C3[C@H](c3ccc(N(C)C)cc3)C[C@@]21C,1,training
CN1CC[C@]23c4c5ccc(O)c4O[C@H]2[C@@](C)(O)CC[C@H]3[C@H]1C5,1,training
O=C1OCCC1C1(O)CCN(CCCN2c3ccccc3Sc3ccc(Cl)cc32)CC1,1,training
CCN(CC)C(=O)C1(c2ccccc2)CC1CN,1,training
CN1CCN(CCCCn2c(O)cn(/N=C/c3ccc(-c4ccc(Cl)cc4)o3)c2=O)CC1,1,training
c1ccc(C2(N3CCCCC3)CCCCC2)cc1,1,training
CCCc1c(O)n(-c2ccccc2)n(-c2ccccc2)c1=O,0,training
CC(C)c1nc(CN(C)C(=O)NC(CCN2CCOCC2)C(=O)N[C@H](CC[C@@H](Cc2ccccc2)NC(=O)OCc2cncs2)Cc2ccccc2)cs1,0,training
COc1ccc2c(c1)/C(=C/CCN(C)C)c1ccccc1O2,1,training
CON=C(C(=O)NC1C(=O)N2C(C(=O)O)=C(COC(C)=O)CSC12)c1csc(N)n1,0,training
CCC=C(C)C1(CC)C(=O)NC(=O)NC1=O,1,training
CC(=O)OCC(=O)C12N=C(C)OC1CC1C3CC=C4CC(=O)C=CC4(C)[C@@]3(F)C(O)CC12C,1,training
CN1C(=O)OC(C)(C)C1=O,1,training
CCOC(=O)OCC/C(SC(=O)OCC)=C(\C)N(C=O)Cc1cnc(C)nc1N,1,training
CCCCC(=O)OC1(C(=O)CO)CCC2C3CC=C4CC(=O)CCC4(C)C3C(O)CC21C,1,training
Cc1cc(-c2ccccc2)nnc1NCCN1CCOCC1,1,training
Fc1ccc2[nH]c3c(c2c1)CN(CCc1ccncc1)CC3,1,training
N#C[C@H]1CCCN1C(=O)CNC12C[C@@H]3C[C@@H](CC(O)(C3)C1)C2,0,training
CCOC(=O)CCCCCCCC[C@H](C)c1ccccc1I,0,training
Cc1ccccc1-n1c(/C=C/c2ccccn2)nc2ccccc2c1=O,1,training
O=C(Oc1ccccc1)c1ccccc1O,1,training
CCCN(c1ccncc1)n1ccc2ccccc21,1,training
NC[C@H]1O[C@H](O[C@H]2[C@H](O)C(O[C@H]3O[C@H](CO)[C@@H](O)[C@H](N)[C@H]3O)[C@H](N)C[C@@H]2N)[C@H](N)C[C@@H]1O,0,training
CS(=O)(O)=Nc1cc2occ(NC=O)c(=O)c2cc1Oc1ccccc1,0,training
CC(C)COC[C@@H](CN1CCCC1)N(Cc1ccccc1)c1ccccc1,1,training
CCOC(=O)c1ccc(N)cc1,1,training
CCC(=O)OC(Cc1ccccc1)(c1ccccc1)[C@H](C)CN(C)C,1,training
CC(Oc1ccccc1)C(=O)NC1C(=O)N2C(C(=O)O)C(C)(C)S[C@H]12,0,training
CCC[C@@](C)(O)[C@H]1CC23C=CC1(OC)[C@H]1Oc4c(OC(C)=O)ccc5c4C12CCN(C)C3C5,1,training
O=[N+]([O-])O[C@@H]1CO[C@H]2[C@@H]1OC[C@@H]2O,0,training
Oc1c(I)cc(Cl)c2cccnc12,0,training
O=C1C=CC(=O)c2c1c(O)c1c(NCCNCCO)ccc(NCCNCCO)c1c2O,0,training
CC(CS)C(=O)N1CCCC1C(=O)O,0,training
C#C[C@@]1(O)CC[C@H]2[C@@H]3CCC4=CCCC[C@@H]4[C@@H]3C(=C)C[C@]21CC,1,training
CN1[C@@H]2CC(OC(=O)C(CO)c3ccccc3)C[C@H]1[C@@H]1O[C@@H]12,0,training
CCN(CC)CCNC(=O)c1cc(Cl)cc(Cl)c1OC,1,training
Oc1c(C2=CCC(c3ccc(Cl)cc3)CC2)c(O)c2ccccc2c1O,0,training
CN(C)CC1COC2(O1)c1ccccc1COc1ccccc12,1,training
Cc1nnc2n1-c1ccc(Cl)cc1C(c1ccccc1)=NC2O,0,training
CNCCON=c1c2ccccc2ccc2ccccc12,1,training
O[C@@H]1CO[C@H]2[C@@H]1OC[C@H]2O,0,training
Cc1cccc(Cl)c1NC(=O)C=C1SCC(=O)N1C,1,training
CC(C)CC(NC(=O)C(COC(C)(C)C)NC(=O)C(Cc1ccc(O)cc1)NC(=O)C(CO)NC(=O)C(Cc1c[nH]c2ccccc12)NC(=O)C(Cc1c[nH]cn1)NC(=O)C1CCC(=O)N1)C(=O)NC(CCCN=C(N)N)C(=O)N1CCCC1C(=O)NNC(N)=O,0,training
CNc1cc(OC)c(C(=O)N[C@@H]2CCN(Cc3ccccc3)[C@@H]2C)cc1Cl,1,training
CN1c2ccccc2C(NCCCCCCC(=O)O)c2ccc(Cl)cc2S1(=O)=O,1,training
CNC1(c2ccccc2Cl)CCCCC1=O,1,training
CN(C)CCOC(c1ccccc1)c1ccccc1,1,training
COc1cc2c(cc1OC)C(=O)C(CC1CCN(Cc3ccccc3)CC1)C2,1,training
CN1CC[C@]23CCCC[C@H]2[C@H]1Cc1ccc(O)cc13,1,training
C#CCC(Cc1cnc2nc(N)nc(N)c2n1)c1ccc(C(=O)NC(CCC(=O)O)C(=O)O)cc1,0,training
CC1(C)S[C@@H]2C(NC(=O)C(NC(=O)CN=C(N)c3ccncc3)c3ccccc3)C(=O)N2C1C(=O)O,0,training
CN1C(=O)C=NC(=C2CCCCC2)c2cc(Cl)ccc21,1,training
COc1ccc2c(c1OC)C(=O)O[C@@H]2[C@H]1c2c(cc3c(c2OC)OCO3)CCN1C,1,training
Clc1ccc(C(OCCN2CCOCC2)c2ccccc2)cc1,1,training
CC(=O)c1ccc(C(O)C(CO)NC(=O)C(Cl)Cl)cc1,1,training
COc1cc(NCc2ccc3nc(N)nc(N)c3c2C)cc(OC)c1OC,0,training
CC(C)(C)c1cc(C(C)(C)C)c(NC(=O)c2c[nH]c3ccccc3c2=O)cc1O,0,training
CC(C)OC(=O)CCC/C=C/C[C@@H]1[C@@H](CC[C@@H](O)CCc2ccccc2)[C@H](O)C[C@H]1O,0,training
CCNCc1ccc(C(=O)Nc2cc(C)n(Cc3cc(Cl)ccc3OCC(C)C)n2)cc1,0,training
CC(C)CCC(=O)C[C@@H]1c2ccccc2C(=O)N1c1ccc2ccc(Cl)nc2n1,1,training
CC[N+](C)(C/C=C/C1=C(C(=O)[O-])N2C(=O)C(=NC(=O)C(NOCF)c3nsc(N)n3)[C@H]2SC1)CC(N)=O,0,training
c1ccc2c(CCC3CCNCC3)c[nH]c2c1,1,training
Cc1c2c(cn1C)NC(=O)CN=C2c1ccccc1,1,training
CN1C(C(=O)Nc2ccccn2)=Cc2sccc2S1(=O)=O,1,training
CC(CN1CCN(CCOCCO)CC1)CN1c2ccccc2Sc2ccccc21,1,training
CN1CCN(/C=C2\N=C3CN=C(c4ccccc4Cl)c4cc([N+](=O)[O-])ccc4N3C2=O)CC1,1,training
COc1ccc2c3c1O[C@H]1C[C@@H](O)C=C[C@@]31CCN(C)C2,1,training
N[C@H]1C[C@@H]1c1ccc(F)cc1,1,training
CC1(C)O[C@@H]2CC3C4C[C@H](F)C5=CC(=O)C=C[C@]5(C)[C@@]4(Cl)[C@@H](Cl)C[C@]3(C)[C@]2(C(=O)CO)O1,1,training
C=CCC1(CC(C)(C)C)C(=O)NC(=O)NC1=O,1,training
OC[C@H]1O[C@@H](O[C@H]2[C@@H](CO)OC(O)(CO)[C@H]2O)[C@@H](O)[C@@H](O)[C@H]1O,0,training
CC(=O)c1ccc(S(=O)(=O)NC(=O)NC2CCCCC2)cc1,1,training
O=C(CN1CCC23CCCCC2C1Cc1ccc(O)cc13)c1ccccc1,1,training
CC[C@H]1OC(=O)C(C)[C@@H](O[C@H]2C[C@@](C)(OC)[C@@H](O)[C@H](C)O2)[C@H](C)[C@@H](O[C@@H]2O[C@H](C)C[C@H](N(C)C)[C@H]2O)[C@](C)(O)CC(C)C(=O)C(C)[C@@H](O)[C@H]1C,0,training
CCN(C(C)=O)c1cccc(-c2ccnc3c(C#N)cnn23)c1,1,training
CN1CCc2cc(Cl)c(O)cc2C(c2ccccc2)C1,1,training
CN1CCC23c4c5ccc(O)c4OC2C(O)CCC3C1C5,1,training
CNC1Cc2ccccc2N(C)c2ccccc21,1,training
OCCN1CCN(C2CC(c3ccc(F)cc3)c3ccc(C(F)(F)F)cc32)CC1,1,training
c1ccc(CC2=NCCN2)cc1,1,training
CCOC(=O)OCCC(SC(=O)OCC)=C(C)N(C=O)Cc1cnc(C)nc1N,1,training
CCCCC,1,training
Cc1cc(-c2ccc(O)cc2)nnc1NCCN1CCOCC1,1,training
CCSC1(SC)CCC2C3CC=C4CC(=O)C=CC4(C)C3(F)C(O)CC21C,1,training
CC1CCN(CCCC(=O)c2ccc(F)cc2)CC1,1,training
Nc1nc2ccc(OC(F)(F)F)cc2s1,1,training
CN(C/C=C/c1ccccc1)Cc1cccc2ccccc12,0,training
CCNC(=O)N1CCN(CCCC(c2ccc(F)cc2)c2ccc(F)cc2)CC1,1,training
Cc1nnc(SCC2=C(C(=O)O)N3C(=O)C(NC(=O)Cn4cc(Cl)c(=O)c(Cl)c4)[C@H]3SC2)s1,0,training
Oc1ccc2c(c1)[C@@]13CCCC[C@H]1[C@@H](C2)NCC3,1,training
CCC(C)[C@H]1O[C@]2(CC[C@@H]1C)CC1C[C@@H](C/C=C(\C)[C@@H](O[C@H]3C[C@H](OC)[C@@H](OC4C[C@H](OC)[C@@H](O)[C@H](C)O4)[C@H](C)O3)[C@@H](C)/C=C/C=C3/CO[C@@H]4[C@H](O)C(C)=CC(C(=O)O1)[C@]34O)O2,0,training
CN1CCN(C(c2ccccc2)c2ccccc2)CC1,1,training
CC1OC(OC2CC(O)(C(=O)CO)C=C3C(=O)c4c(c(O)c5ccccc5c4O)C(=O)C32)CC(N)C1O,0,training
CN(C)Cc1nnc2n1-c1ccc(Cl)cc1C(c1ccccc1)=NC2,1,training
CO[C@@H]1CN(CC2Cc3ccc(C#N)cc3C2)CCC1n1c(C(C)(C)O)nc2cc(C)ccc21,0,training
CN[C@@H]1[C@H](O[C@H]2[C@H](O[C@H]3[C@H](O)[C@@H](O)[C@H](N=C(N)N)[C@@H](O)[C@@H]3N=C(N)N)O[C@@H](C)[C@]2(O)C=O)O[C@@H](CO)[C@H](O)[C@H]1O,0,training
CCC(=O)[C@@]1(C)[C@H](C)C[C@H]2[C@@H]3CC=C4CC(=O)C=C[C@]4(C)[C@H]3[C@@H](O)C[C@@]21C,1,training
Cc1ccc2c(c1)C13CCCCC1C(C2)N(C)CC3,1,training
COc1ccc2c(C3CCN(CCCC(=O)c4ccc(F)cc4)CC3)c(C)[nH]c2c1,1,training
CN(C)CCCn1c2c(c3ccccc31)CCCCCC2,1,training
c1ccc(C2(c3ccccc3)OC[C@H]([C@@H]3CCCCN3)O2)cc1,1,training
C[C@H]1O[C@@H](O[C@H]2[C@@H](O)C[C@H](O[C@H]3[C@@H](O)C[C@H](O[C@H]4CC[C@@]5(C)C(CC[C@@H]6[C@@H]5C[C@@H](O)[C@]5(C)[C@@H](C7=CC(=O)OC7)CC[C@]65O)C4)O[C@@H]3C)O[C@@H]2C)C[C@H](O)[C@@H]1O,0,training
COc1nc(C)nc(Cl)c1NC1=NCCN1,1,training
CC1=CC(=O)c2ccccc2C1=O,0,training
CN(C)CCO,1,training
CN(C)CCC=C1c2ccccc2COc2ccccc21,1,training
COC(=O)C1C(OC(=O)c2ccccc2)CC2CCC1N2C,1,training
C[C@]12CCC(=O)C=C1CC[C@@H]1[C@@H]2[C@@H](O)C[C@@]2(C)[C@H]1CC[C@]2(O)C(=O)COC(=O)CCC(=O)O,1,training
CC[N+](C)(C)C(C)CC(c1ccccc1)c1ccccc1,0,training
Cc1ccc(C(=CCN2CCCC2)c2cccc(/C=C/C(=O)O)n2)cc1,1,training
C[C@@H]1C[C@H]2[C@@H]3C[C@H](F)C4=CC(=O)C=C[C@]4(C)[C@@]3(F)[C@@H](O)C[C@]2(C)[C@@]1(O)C(=O)CO,1,training
Clc1ccc(COC(Cn2ccnc2)c2ccc(Cl)cc2Cl)c(Cl)c1,1,training
CCC1CN2CCc3cc(OC)c(OC)cc3C2CC1CC1NCCc2cc(OC)c(OC)cc21,0,training
CN1CC[C@@H]2c3cc(Cl)ccc3Oc3ccccc3[C@H]2C1,1,training
C#C[C@]1(O)CC[C@H]2[C@@H]3CCC4=Cc5c(cnn5-c5ccc(F)cc5)C[C@]4(C)[C@H]3CC[C@@]21C,1,training
O=C(O)Cc1ccccc1Nc1ccc(Cl)cc1Cl,1,training
Cc1nc(NC(=O)N2CCCC2C(N)=O)sc1-c1ccnc(C(C)(C)C(F)(F)F)c1,0,training
O=c1[nH]c2ccccc2n1C1CCN(CCOc2ccccc2)CC1,1,training
CC(=O)N1CCN(c2ccc(OC[C@H]3CO[C@](Cn4ccnc4)(c4ccc(Cl)cc4Cl)O3)cc2)CC1,0,training
CCOC(=O)c1ncn2c1CN(C)C(=O)c1c(I)cccc1-2,1,training
CN1CCC2(C)c3cc(OC(N)=O)ccc3N(C)[C@@H]12,0,training
O=C(COc1ccc(Cl)cc1)OCCNC12CC3CC(CC(C3)C1)C2,1,training
CC(Cc1ccccc1)N(C)Cc1ccco1,1,training
N=C(N=C(N)NCCCCN=C(N)N=C(N)Nc1ccc(Cl)cc1)Nc1ccc(Cl)cc1,0,training
CCCNC(=O)c1ccc2c(c1)N([C@@H](C)CN1CCCC1)c1ccccc1S2,1,training
CCC(=O)O[C@@H](OP(=O)(CCCCc1ccccc1)CC(=O)N1C[C@H](C2CCCCC2)CC1C(=O)O)C(C)C,0,training
CC(C)N(CCCCOCC(=O)NS(C)(=O)=O)c1cnc(-c2ccccc2)c(-c2ccccc2)n1,0,training
OC(O)C(Cl)(Cl)Cl,1,training
Cc1nccn1CCC(C(N)=O)(c1ccccc1)c1ccccc1,0,training
C[C@]12CCC(=O)C=C1CC[C@@H]1[C@@H]2[C@@H](O)C[C@]2(C=O)C(C(=O)CO)CC[C@@H]12,0,training
CCN1CC[C@H](CNC(=O)c2cc(S(N)(=O)=O)ccc2OC)C1,1,training
CC1=C(C(=O)O)N2C(=O)C(NC(=O)Cc3ccc(C4=NCCCN4)cc3)C2SC1,0,training
COc1ccc(C(C)(C)C)cc1CNC1CCCNC1c1ccccc1,1,training
COc1ccc(CCN(C)CCCC(C#N)(c2ccc(OC)c(OC)c2)C(C)C)cc1OC,0,training
O=c1[nH]c2ccccc2n1C1CCN(CCCc2noc3cc(F)ccc23)CC1,1,training
CC(C)OC(=O)C(C)NP(=O)(OC[C@@H]1O[C@H](n2ccc(=O)[nH]c2=O)C(C)(F)[C@@H]1O)Oc1ccccc1,0,training
Cc1cn([C@H]2C=C[C@@H](CO)O2)c(=O)[nH]c1=O,1,training
COc1cccc2c(O)c3c(c(O)c12)C(=O)C1=C(C[C@@](O)(C(=O)CO)C[C@@H]1O[C@H]1C[C@H](N)[C@H](O[C@H]2CCCCO2)[C@H](C)O1)C3=O,0,training
CCC[C@@H]1CC(C(=O)N[C@H]([C@H]2O[C@H](SC)[C@H](OP(=O)([O-])O)[C@H](O)[C@@H]2O)[C@H](C)Cl)[N+](C)C1,0,training
CC[N+](CCO)CCC[C@H](C)NC1=c2ccc(Cl)cc2=[N+]C=C1,0,training
C=C1/C(=C/C=C2\CCCC3(C)[C@@H]2CC[C@@H]3[C@H](C)/C=C/[C@H](O)C2CC2)C[C@@H](O)C[C@H]1O,0,training
ClCCl,1,training
O=C(CCBr)N1CCN(C(=O)CCBr)CC1,0,training
C#C[C@@]1(O)CC[C@@H]2[C@@H]3CCC4=CCCC[C@@H]4[C@@H]3CC[C@@]21C,1,training
CC1(C)SC2C(NC(=O)C(N=Cc3ccco3)c3ccc(O)cc3)C(=O)N2C1C(=O)O,0,training
C=C1/C(=C/C=C2\CCCC3(C)[C@@H]2CC[C@@H]3[C@H](C)CCCC(C)(C)O)C[C@@H](O)[C@@H](OCCCO)[C@@H]1O,0,training
NC(C(=O)NC1C(=O)N2C(C(=O)O)=C(CSc3c[nH]nn3)CS[C@H]12)c1ccc(O)cc1,0,training
CC1CC2C3CC=C4CC(=O)C=CC4(C)C3(F)C(O)CC2(C)C1(O)C(=O)CCl,1,training
CC(C)COCC(CN(Cc1ccccc1)c1ccccc1)N1CCCC1,0,training
CCN1CCc2[nH]c3cc(F)c4scc(C)c4c3c2C1,1,training
CN1CCN(c2ncc(-c3cc(Cl)cc(Cl)c3Cl)c(N)n2)CC1,1,training
CCC(=O)NCC[C@@H]1CCc2ccc3c(c21)CCO3,1,training
Cc1ccc(C(=O)NC2CC2)cc1-c1ccc(C(=O)NCC2CC2)cc1,0,training
COc1c2c(cc(F)c1N1C[C@@H]3CCCN[C@@H]3C1)C(=O)C(C(=O)O)=C[C@@H]2NC1CC1,1,training
C=CCn1c(O)c(CC(C)C)[nH]c1=S,1,training
OC(Br)(Br)CBr,1,training
CC(=O)N[C@H]1[C@H]([C@H](O)[C@H](O)CO)OC(C(=O)O)=C[C@@H]1N=C(N)N,0,training
NC(=O)N1c2ccccc2CC(=O)c2ccccc21,1,training
CO[C@H]1/C=C\O[C@@]2(C)Oc3c(C)c(O)c4c(O)c(cc(O)c4c3C2=O)NC(=O)C(C)=CC=CC(C)[C@H](O)[C@@H](C)[C@@H](O)[C@@H](C)[C@H](OC(C)=O)[C@@H]1C,0,training
C=c1c(N)c(O)c2c(c1O)N1CC3NC3C1(OC)C=2COC(N)=O,0,training
CC(SC(=O)c1cccs1)C(=O)NCC(=O)O,0,training
CC(C)CC(NC(=O)CNC(=O)C(Cc1ccc(O)cc1)NC(=O)C(CO)NC(=O)C(Cc1c[nH]c2ccccc12)NC(=O)C(Cc1c[nH]cn1)NC(=O)C1CCC(=O)N1)C(=O)NC(CCCN=C(N)N)C(=O)N1CCCC1C(=O)NCC(N)=O,0,training
NCC(CP(=O)(O)O)c1ccc(Cl)cc1,1,training
C=CC[C@H](N)c1ccccc1-c1noc2ccccc12,1,training
CN(C)c1cc(-c2n[nH]c(N)n2)ccn1,0,training
Cc1onc(-c2c(F)cccc2Cl)c1C(=O)NC1C(=O)N2C(C(=O)O)C(C)(C)S[C@H]12,0,training
CCOc1ccc2ccccc2c1C(=O)NC1C(=O)N2C1SC(C)(C)C2C(=O)O,0,training
CN=C1C[N+]([O-])=C(c2ccccc2)c2cc(Cl)ccc2N1,1,training
O=c1[nH]c(=O)n([C@H]2C[C@H](O)[C@@H](CO)O2)cc1F,0,training
NCC1OC(OC2C(N)CC(N)C(OC3OC(CO)C(O)C(N)C3O)C2O)C(O)C(O)C1O,0,training
O=C(O)CNC(=O)c1ccccc1O,1,training
CC1CC2C3CC=C4CC(=O)C=CC4(C)C3C(=O)CC2(C)C1(O)C(=O)CO,1,training
CN(C)CCC1(C)OCCC2=C1c1ccccc1C2,1,training
Oc1ccccc1-c1nnco1,1,training
N#CC(=Cc1ccc(O)cc1)C(C#N)=Cc1ccc(O)cc1,0,training
N[C@H](CCC(=O)O)c1ccc(Cl)cc1,1,training
Oc1c2c(c(O)n1CCCCN1CCN(c3ncccn3)CC1)C1CCC2C1,1,training
CCC(C)C1(CC)C(=O)NC(=O)NC1=O,1,training
CN(C)CCC(c1ccc(Br)cc1)c1ccccn1,1,training
CC1(C)SC2C(NC(=O)C34CC5CC(CC(N)(C5)C3)C4)C(=O)N2C1C(=O)O,0,training
OC[C@@H](O)[C@H]1OC2O[C@H](C(Cl)(Cl)Cl)O[C@@H]2[C@H]1O,1,training
CC(=C(CCOC(=O)c1ccccc1)SC(=O)c1ccccc1)N(C=O)Cc1cnc(C)nc1N,1,training
CCCCCCCCCCCCCCCCCCCCCCO,0,training
CC(=O)/N=c1\sc(S(N)(=O)=O)nn1C,0,training
Clc1cccc(Cl)c1N=C1NCCO1,1,training
[N]C(=N)NC[C@@H]1COC2(CCCCC2)O1,0,training
CN(C)C(=O)Oc1ccc[n+](C)c1,1,training
CCc1nc(N)nc(N)c1-c1ccc(Cl)c(Cl)c1,1,training
O=C(NCCN1CCC(n2c(=O)[nH]c3cc(Cl)ccc32)CC1)c1ccc(F)cc1,1,training
CCN(CC)CCNC(=O)COc1ccc(OC)cc1,1,training
C[N+](C)([O-])CCC=C1c2ccccc2C=Cc2c(Cl)cccc21,1,training
Nc1ccn([C@@H]2O[C@H](CO)[C@@H](O)[C@H]2O)c(=O)n1,1,training
CN(C)CCC1(c2ccccc2)CCc2ccccc2C1=O,1,training
C[C@]12CC[C@@H]3C4=C(CC[C@H]3[C@@H]1CC[C@@H]2O)CC(=O)CC4,0,training
c1cc(CN2CCCCC2)cc(OCCCNc2nccs2)c1,1,training
CC1=Nc2ccccc2CC(c2ccccc2)N1C,1,training
CN[C@@H]1[C@@H](O[C@H]2O[C@H](CO)[C@@H](N)[C@H](O)[C@H]2O)O[C@H]2C[C@@H](N)[C@H](O[C@H]3[C@H](O)[C@@H](O)[C@H](N)C[C@@H]3N)O[C@@H]2[C@@H]1O,0,training
CC(C)(C)C(=O)NCCCC(=O)O,1,training
CC(C)(N)Cc1ccccc1,1,training
COCc1c(C(=O)OC(C)C)ncc2[nH]c3cccc(Oc4ccc(Cl)cc4)c3c12,1,training
C=CCC1(C(C)CC)C(=O)NC(=O)NC1=O,1,training
CN(C)CCCn1c(=O)n(-c2ccccc2)c2cc(Cl)ccc21,1,training
CC(C)C1(O)CCN2CC3c4ccccc4CCc4cccc(c43)C2C1,1,training
CCOC(=O)C(CCc1ccccc1)NC(C)C(=O)N1C(=O)N(C)CC1C(=O)O,0,training
CCC(O)C(CC(C)N(C)C)(c1ccccc1)c1ccccc1,1,training
C=CCN1CCC23c4c5ccc(O)c4OC2C2(OC)C=CC3(CC2C(C)(O)CCC)C1C5,1,training
C[C@]1(Cn2ccnn2)C(C(=O)O)N2C(=O)C[C@H]2S1(=O)=O,0,training
CCc1c(C)[nH]c2c1C(=O)C1CN(C)CCC1C2,1,training
CC(C)CN(C[C@@H](O)[C@H](Cc1ccccc1)NC(=O)O[C@H]1CCOC1)S(=O)(=O)c1ccc(N)cc1,0,training
CC(C)NCC(O)COc1ccc(CC(N)=O)cc1,0,training
CC(=O)OCC1=C(C(=O)O)N2C(=O)C(NC(=O)c3c(-c4ccccc4Cl)noc3C)[C@H]2SC1,0,training
CC1(C)O[C@@H]2CC3C4C[C@H](F)C5=CC(=O)C=C[C@]5(C)C4[C@@H](O)C[C@]3(C)[C@]2(C(=O)CO)O1,1,training
CC1COc2c(N3CCN(C)CC3)c(F)cc3c(=O)c(C(=O)O)cn1c23,1,training
CCC1(C2=CCCCCC2)C(=O)NC(=O)NC1=O,1,training
COc1ccc(Cn2c(C)c(CCN)c3cc(O)ccc32)cc1,1,training
FC(Br)CC(F)(F)F,1,training
Nc1ccncc1,1,training
Cc1nccn1CC1CCc2c(c3ccccc3n2C)C1=O,1,training
CC(=O)c1ccc([C@@H](O)[C@@H](CO)NC(=O)C(Cl)Cl)cc1,1,training
CCN(CC)CCS(=O)(=O)[C@@H]1CCN2C(=O)c3coc(n3)CC(=O)C[C@@H](O)/C=C(C)/C=C\CNC(=O)/C=C\[C@@H](C)[C@@H](C(C)C)OC(=O)C12,0,training
CC(=O)C12OC(C)(C)OC1CC1C3CC=C4CC(=O)CCC4(C)C3CCC12C,1,training
CCC[C@@H]1O[C@@H]2C[C@H]3[C@@H]4C[C@H](F)C5=CC(=O)CC[C@]5(C)[C@@]4(F)[C@@H](O)C[C@]3(C)[C@]2(C(=O)CO)O1,1,training
CON=C(C(=O)NC1C(=O)N2C(C(=O)OCOC(=O)C(C)(C)C)=C(/C=C/c3scnc3C)CS[C@H]12)c1csc(N)n1,0,training
COc1ccc2c(c1)N(C[C@H](C)CN(C)C)c1ccccc1S2,1,training
CN[C@H](C)CCC=C(C)C,1,training
CCN(Cc1ccncc1)C(=O)C(CO)c1ccccc1,0,training
Cc1cc2nc3c(=O)[nH]c(=O)nc-3n(C[C@@H](O)[C@H](O)[C@H](O)CO)c2cc1C,1,training
C[C@]12C=CC(=O)C=C1CC[C@@H]1C2C(=O)C[C@@]2(C)[C@H]1CC[C@]2(O)C(=O)CO,0,training
CCCOC(C(=O)OC1CCN(C)CC1)(c1ccccc1)c1ccccc1,1,training
CSc1ccc2c(c1)N(CC(C)CN(C)C)c1ccccc1S2,1,training
NC(Cc1cc(I)c(Oc2ccc(O)c(I)c2)c(I)c1)C(=O)O,0,training
CC(O)C1C(=O)N2C(C(=O)O)=C(C3CCCO3)SC12,0,training
CN1C2CCC1CC(OC(=O)C(CO)c1ccccc1)C2,1,training
O=C1c2ccccc2S(=O)(=O)N1CCCCN1CCN(c2ncccn2)CC1,1,training
CCCC(=O)OCC(=O)[C@@]1(OC(=O)CCC)[C@H](C)C[C@H]2[C@@H]3CC=C4CC(=O)C=C[C@]4(C)[C@@]3(Cl)[C@@H](Cl)C[C@@]21C,1,training
C#CC1(O)CCC2C3CCC4=Cc5c(cnn5-c5ccc(F)cc5)CC4(C)C3CCC21C,1,training
CN(C)C(=O)Oc1cccc([N+](C)(C)C)c1,0,training
CC(CN1CCOCC1)C(C(=O)N1CCCC1)(c1ccccc1)c1ccccc1,1,training
CC(C)CC(NC(=O)C(C)NC(=O)CNC(=O)C(NC=O)C(C)C)C(=O)NC(C)C(=O)NC(C(=O)NC(C(=O)NC(C(=O)NC(Cc1c[nH]c2ccccc12)C(=O)NC(CC(C)C)C(=O)NC(Cc1ccccc1)C(=O)NC(CC(C)C)C(=O)NC(Cc1c[nH]c2ccccc12)C(=O)NC(CC(C)C)C(=O)NC(Cc1c[nH]c2ccccc12)C(=O)NCCO)C(C)C)C(C)C)C(C)C,0,training
Cn1cnc2c1c(=O)[nH]c(=O)n2C,1,training
CC(C)(C)NC[C@H](O)c1cc(Cl)c(N)c(Cl)c1,0,training
CC(=O)OCC(=O)[C@@]1(O)CCC2C3CC=C4CC(=O)C=C[C@]4(C)[C@@]3(Cl)[C@@H](Cl)C[C@@]21C,1,training
COc1cccc(CCc2ccccc2OC[C@H](CN(C)C)OC(=O)CCC(=O)O)c1,0,training
CNC(=O)c1cnn(-c2nc(N)c3ncn([C@@H]4O[C@H](CO)[C@H](O)[C@@H]4O)c3n2)c1,0,training
C[C@H]1O[C@@H](O[C@H]2[C@@H](O)C[C@H](O[C@H]3[C@@H](O)C[C@H](O[C@H]4CC[C@@]5(C)[C@H](CC[C@@H]6[C@@H]5C[C@@H](O)[C@]5(C)[C@@H](C7=CC(=O)OC7)CC[C@]65O)C4)O[C@@H]3C)O[C@@H]2C)C[C@H](O)[C@@H]1O,0,training
CC1=C(/C=C/C(C)=C/C=C/C(C)=C/C(=O)O)C(C)(C)CCC1,0,training
CC1(C)S[C@@H]2C(NC(=O)COc3ccccc3)C(=O)N2C1C(=O)O,0,training
COc1cccc2c(O)c3c(O)c4c(c(O)c3c(O)c12)=CCC(O)([C@@H](O)CO)C=4,0,training
COc1cc([C@@H]2c3cc4c(cc3[C@@H](OC3OC5COC(c6cccs6)OC5C(O)C3O)[C@H]3COC(=O)C23)OCO4)cc(OC)c1O,1,training
Brc1c(NC2=NCCN2)ccc2nccnc12,1,training
[C-]#[N+]C(=C\c1ccc(O)cc1)/C(=C/c1ccc(O)cc1)[N+]#[C-],0,training
CC1CC2C3CC=C4CC(=O)C=CC4(C)C3(F)C(O)CC2(C)C1(OC(=O)c1ccccc1)C(=O)CO,1,training
N#Cc1ccc2[nH]cc(CCCCN3CCN(c4ccc5oc(C(N)=O)cc5c4)CC3)c2c1,1,training
O=C1c2ccccc2S(=O)(=O)N1CCCCN[C@H]1CCc2ccccc2O1,1,training
Nc1ccn([C@@H]2O[C@H](CO)[C@@H](O)C2(F)F)c(=O)n1,0,training
CC1=C(C(=O)O)N2C(=O)C(NC(=O)C(N)c3cccc(NS(C)(=O)=O)c3)C2SC1,0,training
O=c1ccc(-c2c(-c3ccccc3)nn3ccccc23)nn1CCN1CCCCC1,1,training
NS(=O)(=O)c1ccc(-n2c(O)cc(-c3ccccc3)c2O)c(Cl)c1,1,training
CC1(C)OC2CC3C4CC(F)C5=CC(=O)C=CC5(C)C4(Cl)C(Cl)CC3(C)C2(C(=O)CF)O1,1,training
CCCCC(=O)O[C@H]1CC[C@H]2[C@@H]3CCc4cc(O)ccc4[C@H]3CC[C@]12C,0,training
S=P(N1CC1)(N1CC1)N1CC1,1,training
CC1(C)SC2C(NC(=O)C(C(=O)Oc3ccc4c(c3)CCC4)c3ccccc3)C(=O)N2C1C(=O)O,0,training
CNC1CCC(c2ccccc2)c2ccccc21,1,training
CCC1C(C)=NN=C(c2ccc(OC)c(OC)c2)c2cc(OC)c(OC)cc21,1,training
CCC(C)N1CCN(c2ccc(I)cc2)CC1,1,training
CCc1c(C)[nH]c2c1C(=O)C1CN(C)CC[C@H]1C2,1,training
CCCCCCCNC(=O)Oc1ccc2c(c1)[C@]1(C)CCN(C)[C@@H]1N2C,1,training
CC1(C)SC2C(NC(=O)C(C(=O)Oc3ccccc3)c3ccccc3)C(=O)N2C1C(=O)O,0,training
CN1CC[C@]23c4c5ccc(O[C@@H]6OC(C(=O)O)[C@@H](O)[C@H](O)[C@H]6O)c4O[C@H]2[C@@H](O)C=CC3[C@H]1C5,0,training
Nc1c2c(nc3ccccc13)CCCC2,1,training
CN1CCN(CC/C=C2\c3ccccc3Sc3ccc(S(=O)(=O)N(C)C)cc32)CC1,1,training
Nc1cccc(-n2ccccc2=O)c1,1,training
CC(=O)OCC(=O)[C@@]12N=C(C)O[C@@H]1CC1C3CC=C4CC(=O)C=C[C@]4(C)C3[C@@H](O)C[C@@]12C,1,training
C=C1c2cccc(O)c2C(=O)C2C(=O)C3(O)C(=O)C(C(N)=O)C(=O)C(N(C)C)C3C(O)C12,0,training
C=CC1O[C@@H]2CC3C4CC=C5CC(=O)C=CC5(C)C4(F)C(O)CC3(C)[C@]2(C(=O)CO)O1,1,training
CNCC1CN(c2ccc(OCc3cccc(Cl)c3)cc2)C(=O)O1,1,training
CN1CN(c2ccccc2)C2(CCN(CCCC(=O)c3ccc(F)cc3)CC2)C1=O,1,training
CC1(C)O[C@@H]2C[C@H]3[C@@H]4C[C@H](F)C5=CC(=O)CC[C@]5(C)[C@H]4[C@@H](O)C[C@]3(C)[C@]2(C(=O)CO)O1,1,training
CS(=O)(=O)OCCCCOS(C)(=O)=O,1,training
C#CC1(O)CC[C@H]2C3=C(C=CC21CC)C1=C(CC3)CC(=O)CC1,0,training
O=C(CCCN1CCC(O)(c2ccc(Cl)cc2)CC1)c1ccc(F)cc1,1,training
CCS(=O)(=O)CCN1C(=O)CN=C(c2ccccc2F)c2cc(Cl)ccc21,1,training
CCN1CCN(c2cc(-c3ccc(F)cc3)c3c(n2)CCCCCC3)CC1,1,training
CCCC(=O)O[C@]1(C(=O)COC(C)=O)CC[C@H]2[C@@H]3C[C@H](F)C4=CC(=O)C=C[C@]4(C)[C@@]3(F)[C@@H](O)C[C@@]21C,1,training
CN[C-]([N+]C#N)Nc1cccc(-c2csc([N+][C-](N)N)n2)c1,0,training
CCC(=O)OC1(c2ccccc2)CCN(C)CC1C,1,training
O=C(O)c1ccccc1Oc1ccccc1,1,training
Cc1cc(NS(=O)(=O)c2ccc(N)cc2)nc(C)n1,1,training
Cn1c(=O)[nH]c2ncn(C)c2c1=O,1,training
O=[N+]([O-])C1=CC=NC1NCCSCc1ccccn1,1,training
COc1cc(C=CC(=O)N2CCCCCCC2)cc(OC)c1OC,1,training
Oc1cc(-c2cccc(Br)c2)c(O)[nH]1,1,training
CC(=O)O[C@H](CC(=O)O)C[N+](C)(C)C,0,training
CC1(C)O[C@@H]2CC3C4C[C@H](F)C5=CC(=O)C=CC5(C)[C@@]4(Cl)C(Cl)CC3(C)[C@]2(C(=O)CO)O1,1,training
CC1(C)OC2CC3C4CC=C5CC(=O)C=CC5(C)C4C(O)CC3(C)C2(C(=O)CO)O1,1,training
CN(C)C(CCOc1cccc2ccccc12)c1ccccc1,1,training
CC(C)N1CCC(N(C(=O)Cc2ccccc2)c2ccc(Cl)cc2)CC1,1,training
NS(=O)(=O)c1cc2c(cc1Cl)N=C(CSCc1ccccc1)NS2(=O)=O,0,training
CSc1ccc2c(c1)C(N1CCN(C)CC1)Cc1ccccc1S2,1,training
Cc1ccn(-c2cc(Cl)ccc2[C@@H](Oc2cc(-c3ccc(CC(N)C(=O)O)cc3)nc(N)n2)C(F)(F)F)n1,0,training
CC(O)C(=O)Nc1c(I)c(C(=O)NC(CO)CO)c(I)c(C(=O)NC(CO)CO)c1I,0,training
CN(CC(=O)N1CCOCC1)Cc1c(Cl)cccc1NC(=O)c1ccccc1,0,training
O=C1CCCN1CCCCN1CCN(c2cc(C(F)(F)F)ccn2)CC1,1,training
CC(CF)NC[C@H](O)COc1cccc2[nH]c3ccccc3c12,1,training
O=[N+]([O-])O[C@H]1CO[C@H]2[C@H]1OC[C@H]2O,1,training
CCn1cc(C(=O)O)c(=O)c2cc(F)c(N3CCNCC3)nc21,0,training
O=c1cc[nH]n1-c1ccccc1,1,training
CCCCCCCCCCCCCCCC(=O)O[C@@H]1[C@@H](O)[C@@H](O)[C@@H]([C@H](NC(=O)C2C[C@@H](CCC)CN2C)[C@H](C)Cl)O[C@@H]1SC,0,training
CN1Cc2c(-c3noc(C(C)(O)CO)n3)ncn2-c2cccc(Cl)c2C1=O,0,training
CCCCCC(=O)CCC1(C)[C@@H]2Cc3ccc(O)cc3[C@@]1(C)CCN2C,1,training
CCC(=O)N(c1ccccc1)C1(C(=O)OC)CCN(CCc2ccccc2)CC1,1,training
Cc1cc(NS(=O)(=O)c2ccc(N)cc2)no1,1,training
CC(O)(CS(=O)(=O)c1ccc(F)cc1)C(=O)Nc1ccc(C#N)c(C(F)(F)F)c1,0,training
CC=C(C(=CC)c1ccc(O)cc1)c1ccc(O)cc1,0,training
COc1ccc(CCN2CCN(c3cccc(Cl)c3)CC2)cc1OC,1,training
C[N+]12CCC(CC1)C(OC(=O)C(O)(c1ccccc1)c1ccccc1)C2,0,training
O=C1c2c([O-])ccc(O)c2C(=O)c2c(NCCNCCO)ccc(NCC[N+]CCO)c21,0,training
CNCCCC1c2ccccc2C=Cc2ccccc21,1,training
c1ccc2c(c1)Sc1ccccc1N2CC1CN2CCC1CC2,1,training
CCCCC(CC)CNC(=O)CC(C)O,1,training
O=C(OC1C[C@@H]2CC[C@@H](C1)[N+]21CCCC1)C(O)(c1ccccc1)c1ccccc1,1,training
CCCCn1c(=O)c2c(ncn2CC(C)=O)n(CCCC)c1=O,1,training
CSCCC(NC(=O)C(Cc1c[nH]c2ccccc12)NC(=O)CCNC(=O)OC(C)(C)C)C(=O)NC(CC(=O)O)C(=O)NC(Cc1ccccc1)C(N)=O,0,training
NC[C@H]1O[C@H](O[C@H]2[C@H](O)[C@@H](O)[C@H](N)C[C@@H]2N)[C@H](N)[C@@H](O)[C@@H]1O,0,training
CNCCCC12CCC(c3ccccc31)c1ccccc12,1,training
CCOC(=O)C1N=C(c2ccccc2F)c2cc(Cl)ccc2NC1=O,1,training
N#Cc1ccc(C(=O)N2CCN(c3ccc(OC4CCN(C5CCC5)CC4)cc3)C(=O)C2)cc1,0,training
C/C(=C/CCN1CCC2(CC1)C(=O)NCN2c1ccccc1)c1ccc(F)cc1,1,training
O=C1CC[C@@]2(O)[C@H]3Cc4ccc(O)c5c4[C@@]2(CCN3CC2CC2)C1O5,1,training
CC1=C\[C@@H](O)CC(=O)Cc2nc(co2)C(=O)N2CCC=C2C(=O)O[C@H](C(C)C)[C@H](C)/C=C/C(=O)NC\C=C\1,0,training
Cc1cc(C(=O)NNCc2ccccc2)no1,1,training
CCOC(=O)c1[nH]c2cc(OC)c(OC)cc2c1CCN1CCN(c2ccccc2)CC1,1,training
CC[C@@H](CO)NC(=O)C1C=C2c3cccc4[nH]cc(c34)C[C@H]2N(C)C1,0,training
C=CCOc1ccccc1OC[C@@H](O)CNC(C)C,1,training
Fc1ccc2[nH]c3c(c2c1)CN(CCCc1cccnc1)CC3,1,training
COC1(NC(=O)C(C(=O)O)c2ccsc2)C(=O)N2C(C(=O)O)C(C)(C)SC21,0,training
CC12NC(Cc3ccccc31)c1ccccc12,1,training
CC1CN(C)CC2Cc3c(ccc4ccccc34)OC12O,1,training
CC1CCCC1,1,training
COc1ccc2c3c1OC1C(OC(C)=O)=CCC4C(C2)N(C)CCC314,1,training
CCC(NC(C)C)C(O)c1ccc(O)c(O)c1,0,training
CN1CCC2(C)CC(Cc3ccc(O)cc32)C1,1,training
C=CCOc1ccc(CC(=O)O)cc1Cl,0,training
CC(=O)OCC1=C(C(=O)O)N2C(=O)C(NC(=O)C(N)c3ccccc3)[C@H]2SC1,0,training
CCCCC1=[N+]C=C(/C=C(/Cc2cccs2)C(=O)O)N1Cc1ccc(C(=O)[O-])cc1,0,training
C[C@@H]1CC2C3C[C@H](F)C4=CC(=O)C=CC4(C)[C@@]3(Cl)C(O)CC2(C)C1C(=O)CO,1,training
CCCc1c2oc(C(=O)O)cc(=O)c2cc2c(=O)cc(C(=O)O)n(CC)c12,0,training
CC[C@@]1(O)C[C@H](OC2CC(N(C)C)C(OC3CC(O)C(OC4CCC(=O)C(C)O4)C(C)O3)C(C)O2)c2c(cc3c(c2O)C(=O)c2c(O)cccc2C3=O)C1C(=O)OC,0,training
Cc1cnc(C(=O)O)c[n+]1[O-],1,training
COc1ccc2c(c1)/C(=C\CCN(C)C)c1ccccc1O2,1,training
NC(=O)NC(=O)Cc1ccccc1,1,training
Cc1nc2n(n1)C(N1CCN(C)CC1)=Nc1ccccc1C2,1,training
c1ccc2cc(COC3CCNCC3)ccc2c1,1,training
CCC(Oc1ccccc1)C(=O)NC1C(=O)N2C(C(=O)O)C(C)(C)S[C@H]12,0,training
CC(C)NC[C@H](O)COc1ccc(COCCOC(C)C)cc1,1,training
C=CCN1CCC23c4c5ccc(OC(C)=O)c4OC2C(OC(C)=O)C=CC3C1C5,1,training
Cc1cccc(OC2CCNCC2O)c1C,1,training
CC(C)=CCN1CC[C@@]2(C)c3cc(O)ccc3C[C@@H]1[C@H]2C,1,training
Cc1nnc(SCC2=C(C(=O)O)N3C(=O)C(NC(=O)Cn4cnnn4)[C@H]3SC2)s1,0,training
CC(=O)[C@@]1(O)[C@@H](C)CC2C3CC=C4CC(=O)C=C[C@]4(C)[C@@]3(F)[C@@H](O)C[C@@]21C,1,training
NC(=O)N1c2ccccc2C2OC2c2ccccc21,1,training
CC1(C)S[C@@H]2C(NC(=O)C34CC5CC(CC(N)(C5)C3)C4)C(=O)N2C1C(=O)O,0,training
CCCC1(c2cccc(O)c2)CCN(C)CC1C,1,training
Cc1oc(C(C)(C)N(C(C)(C)N)C(C)(C)N)c(C)c1CC[N+]O[O-],1,training
Cc1ccc(-c2cc(C(F)(F)F)nn2-c2ccc(S(N)(=O)=O)cc2)cc1,0,training
CC12CCC(=O)C=C1CCC1C2CCC2(C)C1CCC2(O)C(=O)CO,1,training
C/C(=C\C(=O)OCCCCCCCCC(=O)O)C[C@@H]1OC[C@H](C[C@@H]2O[C@H]2[C@@H](C)[C@H](C)O)[C@@H](O)[C@H]1O,0,training
CCCCc1[nH]c(Cl)c(CO)[n+]1Cc1ccc(-c2ccccc2-c2nnn[n-]2)cc1,0,training
CC(C)n1c(=O)c2c(-c3noc(C4CC4)n3)ncn2c2ccccc21,1,training
CCC(Cc1c(I)cc(I)c(N)c1I)C(=O)O,0,training
COC(=O)C1C2CC3c4[nH]c5cc(OC)ccc5c4CCN3CC2CC(OC)C1OC,1,training
CCn1cc(C(=O)O)c(=O)c2ccc(C)nc21,0,training
CC1=C(/C=C/C(C)=C\C=C\C(C)=C/C(=O)O)C(C)(C)CCC1,0,training
CC(=O)Nc1nnc(S(N)(=O)=O)s1,1,training
O=C1CN(C(=O)CN2CC(c3ccc(Cl)cc3)CC2=O)CCN1,1,training
C[C@@H]1CC2C3C[C@H](F)C4=CC(=O)C=C[C@]4(C)[C@@]3(F)[C@@H](O)C[C@]2(C)[C@@]1(O)C(=O)COC(=O)C(C)(C)C,1,training
CC1(C)NC(=O)C(/C=C\c2ccccc2)O1,1,training
CC(N)(Cc1ccc(O)c(O)c1)C(=O)O,0,training
COc1cc2c(c(OC)c1OC)-c1ccc(OC)c(=O)cc1[C@@H](NC(C)=O)CC2,0,training
COc1cccc2c(O)c3c(c(O)c12)C(=O)C1=C(C[C@@](O)(C(=O)CO)C[C@@H]1O[C@H]1C[C@H](N)[C@H](O)[C@H](C)O1)C3=O,0,training
CCC(=O)Nc1ccc(O)cc1,1,training
CN(C)C1C(=O)C(C(=O)NC[N+]2CCCC2)C(=O)C2(O)C([O-])=C3C(=O)c4c(O)cccc4C(C)(O)[C@H]3C[C@@H]12,0,training
CCN(CC)S(=O)(=O)NC1CC2c3cccc4[nH]cc(c34)CC2N(C)C1,1,training
NC(=O)OCCCc1ccccc1,1,training
Cc1cccc(Nc2ccccc2C(=O)O)c1C,0,training
CCN(CC)Cc1nccn1-c1ccc([N+](=O)[O-])cc1C(=O)c1ccccc1Cl,1,training
Clc1ccc2c(c1)/C(=C\C1CN3CCC1CC3)c1ccccc1S2,1,training
O=C(CCCN1CCC(O)(c2ccc(Br)cc2)CC1)c1ccc(F)cc1,1,training
CCN=C1Nc2ccc(Cl)cc2C(c2ccccc2)S1,1,training
Nc1nc(O)c(-c2ccccc2)o1,1,training
CC(CC1c2ccccc2CCc2ccccc21)CN(C)C,1,training
N=C1CCN([C@H]2CS[C@H](CO)O2)C(=O)N1,1,training
CC(=O)N1CCN(C(=O)Cc2cccc([N+](=O)[O-])c2)[C@@H](CN2CC[C@H](O)C2)C1,0,training
C[C@H]1C[C@H]2[C@@H]3CC=C4CC(=O)C=C[C@]4(C)C3C(=O)C[C@]2(C)[C@@]1(O)C(=O)CO,1,training
Cc1cccc(/C=N/N2CCN(C(c3ccccc3)c3ccccc3)CC2)n1,1,training
NCC1OC(OC2C(N)CC(N)C(OC3OC(CO)C(O)C(N)C3O)C2O)C(N)C(O)C1O,0,training
Cc1cc2c(s1)Nc1ccc(F)cc1N=C2N1CCN(C)CC1,1,training
FC(F)(F)CCl,1,training
CC1(C)S[C@@H]2C(NC(=O)C(C(=O)Oc3ccc4c(c3)CCC4)c3ccccc3)C(=O)N2C1C(=O)O,0,training
COc1ccc2c3c1OC1C(O)C=CC4C(C2)N(C)CCC341,1,training
CC(C)(C)OC(=O)c1ncn2c1[C@@H]1CCCN1C(=O)c1c(Br)cccc1-2,1,training
O=C(NC[C@@H]1CCCCN1)c1cc(OCC(F)(F)F)ccc1OCC(F)(F)F,1,training
C[N+](C)C1C(=O)C(C(N)=O)C(=O)C2(O)C([O-])=C3C(=O)c4c(O)ccc(Cl)c4[C@@H](O)[C@H]3C[C@@H]12,0,training
CON=C(C(=O)NC1C(=O)N2C(C(=O)OCOC(=O)C(C)(C)C)=C(/C=C\c3scnc3C)CS[C@H]12)c1csc(N)n1,0,training
CC(C)CC(OC(=O)c1ccco1)C(=O)NC1C(=O)N2C1SC(C)(C)C2C(=O)O,0,training
CC(C)(C)C(=O)OCOC(=O)C1N2C(=O)C(N=CN3CCCCCC3)[C@H]2SC1(C)C,0,training
O=C(Cc1ccc(Cl)c(Cl)c1)N1CCc2[nH]cnc2[C@H]1CN1CC[C@@H](O)C1,0,training
CC(C)(O)C(Cl)(Cl)Cl,1,training
CN(C)Cc1ccc(CSCCNC2N=CC=C2[N+](=O)[O-])o1,0,training
CC(=O)OCC(=O)C12OC(C)(C)OC1CC1C3CC(F)C4=CC(=O)C=CC4(C)C3(F)C(O)CC12C,1,training
CCC(=O)C1(N2CCCCC2)CCN(CCCC(=O)c2ccc(F)cc2)CC1,1,training
CNCCCN1Cc2ccccc2Cc2ccccc21,1,training
CCCN1CCOC2c3cc(O)ccc3CCC21,1,training
CN(C)C[C@H](c1ccc(O)cc1)C1(O)CCCCC1,1,training
CO[C@@]1(NC(=O)CSCC(N)C(=O)O)C(=O)N2C(C(=O)O)=C(CSc3nnnn3C)CS[C@@H]21,0,training
CC(C)(C)NC[C@H](O)c1ccc(O)c(CO)c1,0,training
C=CCN1CC(C(=O)N(CCCN(C)C)C(=O)NCC)C[C@@H]2c3cccc4[nH]cc(c34)C[C@H]21,1,training
CCN[C@@H]1C[C@H](N)[C@H](O[C@@H]2OC(CN)=CC[C@@H]2N)[C@H](O)[C@@H]1O[C@@H]1OC[C@H](O)[C@H](NC)C1(C)O,0,training
NC1=NCC2c3ccccc3Cc3ccccc3N12,0,training
COc1cc([C@@H]2c3cc4c(cc3[C@@H](O[C@@H]3O[C@@H]5CO[C@@H](C)O[C@H]5[C@H](O)[C@H]3O)[C@H]3COC(=O)C23)OCO4)cc(OC)c1O,0,training
CC(Oc1cccc2ccccc12)C(N)=NO,1,training
CC(C(O)c1ccc(O)cc1)N1CCC(Cc2ccccc2)CC1,1,training
C[C@H]1C[C@H]2[C@@H]3CC=C4CC(=O)C=C[C@]4(C)[C@@]3(F)[C@@H](O)C[C@]2(C)[C@@]1(OC(=O)c1ccccc1)C(=O)CO,1,training
Clc1ccc(C(c2ccccc2Cl)C(Cl)Cl)cc1,0,training
CON=C(C(=O)NC1C(=O)N2C(C(=O)[O-])=C(C[n+]3cccc4c3CCC4)CS[C@H]12)c1csc(N)n1,0,training
COc1ccc2c(c1)N(CC(C)CN1CCC(O)CC1)c1ccccc1S2,1,training
CC(C)[C@@H](CN1CCCC1)N(C)C(=O)Cc1ccc(Cl)c(Cl)c1,1,training
CC[C@H](NC(=O)c1c(OCCCN(C)C)c(-c2ccccc2)nc2ccccc12)c1ccccc1,1,training
CC(=O)N1CCN(C(=O)Cc2ccccc2)[C@@H](CN2CC[C@@H](O)C2)C1,0,training
Cc1cc(C)nc(NS(=O)(=O)c2ccc(N)cc2)n1,0,training
CC(C(=O)O)c1ccc(-c2cccc(F)c2)cc1,1,training
O=C1CC2c3cc(Cl)ccc3OC3(CCNCC23)N1,1,training
CCN(CC)CCNC(=O)c1cc(Br)c(N)cc1OC,1,training
CC(=O)O[C@]1(C(C)=O)CC[C@@H]2C3=CC(C)=C4CC(=O)CC[C@@]4(C)[C@H]3CC[C@]21C,1,training
[N]C(=N)c1ccc(/C=C/c2ccc(C([N])=N)cc2O)cc1,0,training
C[C@]12CCC(=O)C=C1CC[C@@H]1[C@@H]2[C@@H](O)C[C@@]2(C)[C@H]1CC[C@]2(O)C(=O)CS,1,training
CC(C)(Oc1ccc(Cl)cc1)C(=O)NC(C(=O)NC1C(=O)N2C(C(=O)O)C(C)(C)S[C@H]12)c1ccccc1,0,training
CC(=O)C1(O)C(O)CC2C3CC=C4CC(=O)CCC4(C)C3CCC21C,1,training
C=CC1=C(C(=O)O)N2C(=O)C(=NC(=O)C(NOCC(=O)O)c3csc(N)n3)C2SC1,0,training
CCN(CC)CCNC(=O)c1ccc(N)c(Cl)c1,1,training
CN1C[C@@H]2c3cc(Cl)ccc3Oc3ccccc3[C@@H]2C1,1,training
NC(CCCl)CCCl,0,training
O=C1CN2CCOC2(c2ccccc2Cl)c2cc(Cl)ccc2N1,1,training
CC(NC(CCc1ccccc1)C(=O)O)C(=O)N1CCCC1C(=O)O,0,training
COc1ccc2c(c1)N(CCCN(C)C)c1ccccc1S2,1,training
CC(=N)N1CC[C@@H](SC2=C(C(=O)O)N3C(=O)C([C@@H](C)O)[C@H]3C2)C1,0,training
CN1CCC[C@@H](N2N[C@@H](Cc3ccc(Cl)cc3)c3ccccc3C2=O)CC1,1,training
CC1=C(C(=O)O)N2C(=O)C(NC(=O)C(N)c3ccc(O)cc3)[C@H]2SC1,0,training
Fc1cccc(Br)c1NC1=NCCN1,1,training
COc1cccc2c(O)c3c(c(O)c12)C(=O)C1=C(C[C@](O)(C(=O)CO)C[C@H]1OC1CC(N)CC(C)O1)C3=O,0,training
C[C@@](O)(CS(=O)(=O)c1ccc(F)cc1)C(=O)Nc1ccc(C#N)c(C(F)(F)F)c1,1,training
COc1cc(C(=O)C=CN2CC=CC2)cc(OC)c1OC,1,training
CC(=O)NC(C=O)[C@H](O)[C@H](O)[C@H](O)CO,0,training
CC(C)CN(C[C@H](O)[C@H](Cc1ccccc1)NC(=O)O[C@@H]1CO[C@@H]2OCC[C@@H]21)S(=O)(=O)c1ccc(N)cc1,0,training
C1CC1,1,training
C[C@](N)(Cc1ccc(O)c(O)c1)C(=O)O,0,training
CCc1c(OC)nc2nc(C(=O)c3ccccc3)cn2c1C,1,training
COC(=O)C1[C@H]2C[C@@H]3c4[nH]c5cc(OC)ccc5c4CCN3C[C@H]2C[C@@H](OC(=O)/C=C/c2cc(OC)c(OC)c(OC)c2)[C@@H]1OC,1,training
Oc1c2c(c(O)n1CCCCN1CCN(c3ncccn3)CC1)[C@H]1CC[C@@H]2C1,1,training
CC(C)CC(OC(=O)c1ccco1)C(=O)NC1C(=O)N2C(C(=O)O)C(C)(C)S[C@H]12,0,training
CC1CNc2c(cccc2S(=O)(=O)NC(CCCN=C(N)N)C(=O)N2CC[C@@H](C)CC2C(=O)O)C1,0,training
C=C,1,training
C=CC1=C(C(=O)O)N2C(=O)C(=NC(=O)C(NOCC(=O)O)c3csc(N)n3)[C@H]2SC1,0,training
N=C(N)NCCN1CCCCCCC1,0,training
COC(=O)C1[C@H]2C[C@H]3c4[nH]c5ccccc5c4CCN3C[C@@H]2CC[C@@H]1O,0,training
C[C@]1(O)CC[C@H]2[C@@H]3CC=C4CC(=O)CC[C@]4(C)[C@@]3(F)[C@@H](O)C[C@@]21C,0,training
CC(=O)OC1(C(C)=O)CC[C@H]2[C@H]3CC(C)=C4CC(=O)CCC4(C)[C@H]3CCC21C,0,training
CC(=O)OCC(=O)C1(O)CCC2C3CC=C4CC(=O)CCC4(C)C3C(O)CC21C,1,training
CN1CCC[C@H](CC2c3ccccc3Sc3ccccc32)C1,1,training
CCC1(c2ccccc2)C(=O)NCNC1=O,1,training
CC(=O)Nc1ccc(OC(C)(C)C)cc1,1,training
CCC(C)C(C(=O)OC1CC[N+](C)(C)CC1)c1ccccc1,0,training
COc1cc(CNC(=O)CCCC/C=C/C(C)C)ccc1O,0,training
CC[N+]1(C)[C@@H]2CC(OC(=O)C(CO)c3ccccc3)C[C@@H]1[C@H]1O[C@H]12,0,training
CNC(=O)CC(N)C(=O)NC(C(=O)NC1C(=O)N2C1SC(C)(C)C2C(=O)O)c1ccc(O)cc1,0,training
CN1CCC2=C(C1)c1ccccc1Cc1ccccc12,1,training
NC(=O)c1cn(Cc2c(F)cccc2F)nn1,1,training
CON=C(C(=O)NC1C(=O)N2C(C(=O)[O-])=C(C[N+]3(C)CCCC3)CS[C@H]12)c1csc(N)n1,0,training
C[C@H](Oc1cc(-c2cnn(C3CCNCC3)c2)cnc1N)c1c(Cl)ccc(F)c1Cl,0,training
N#Cc1ccc2c(c1)C1=C(CCN(CC3CCCC3)CC1)c1ccccc1O2,1,training
O=C(Cc1ccc(Cl)c(Cl)c1)N1CCCC[C@H]1CN1CCCC1,1,training
CC(=O)OCC(=O)C1(O)CCC2C3CC=C4CC(=O)C=CC4(C)C3(F)C(O)CC21C,1,training
O=C1N(Cc2ccccc2)[C@@H]2[C@@H](C[S+]3CCC[C@H]23)N1Cc1ccccc1,0,training
CN1CCc2cccc3c2[C@H]1Cc1ccc(O)c(O)c1-3,1,training
CO[C@H]1[C@@H](O)[C@H](N)[C@@H](O[C@H]2O[C@H](C(C)N)CC[C@H]2N)[C@H](O)[C@@H]1N(C)C(=O)CN,0,training
COC1(F)C(F)(F)C1(F)Cl,1,training
CCN(CC)C(C)=NN=Cc1c2c(O)c3c(O)c(C)c4c(c3c1O)C(=O)C(C)(OC=CC(OC)C(C)C(OC(C)=O)C(C)C(O)C(C)C(O)C(C)=CC=CC(C)C(=O)N2)O4,0,training
CN(C)CCc1c[nH]c2ccc(CS(=O)(=O)N3CCCC3)cc12,1,training
Cc1cccc2c1Oc1ccccc1[C@@]1(O)CCN(C)C[C@H]21,1,training
CCOC(=O)O[C@H](C)OC(=O)C1N2C(=O)C(NC(=O)C(N)c3ccccc3)[C@@H]2SC1(C)C,0,training
CC(=O)[C@@]1(O)[C@@H](C)C[C@H]2[C@@H]3CC=C4CC(=O)C=C[C@]4(C)[C@@]3(F)[C@@H](O)C[C@@]21C,1,training
OCc1ncc2n1-c1ccc(Cl)cc1C(c1ccccc1F)=NC2,1,training
CC[C@]12CCN(CC3(O)CC3)[C@H](Cc3ccc(O)cc31)C2(C)C,1,training
N=C(N)N1CCCC(CNC(=O)CC(NS(=O)(=O)c2ccc3ccccc3c2)C(=O)N(CC(=O)O)C2CC2)C1,0,training
CCOc1ccc(Cc2cc([C@@H]3O[C@H](CO)[C@H](O)[C@H](O)[C@@H]3O)ccc2Cl)cc1,0,training
CC(C)OCC(COC(C)C)OCn1cnc2cnc(N)nc21,1,training
CCC[C@@H]1O[C@@H]2CC3C4C[C@H](F)C5=CC(=O)C=C[C@]5(C)[C@@]4(F)[C@@H](O)C[C@]3(C)[C@]2(C(=O)O[C@H](C)OC(=O)OCC)O1,1,training
CN(C)C1C(=O)C(C(=O)NCN2CCN(CCO)CC2)C(=O)[C@@]2(O)C(=O)C3C(=O)c4c(O)cccc4[C@@](C)(O)[C@H]3C[C@@H]12,0,training
CCCCCC(C)C(C)c1cc(OC(=O)CCCN2CCCCCC2)c2c(c1)OC(C)(C)C1=C2CC(C)CC1,1,training
C[C@]12CC[C@@H](O)C[C@@H]1CC[C@@H]1C2C(=O)C[C@]2(C)C(C(=O)CO)CC[C@@H]12,1,training
CN1C(=O)CC(C(=O)NC(Cc2c[nH]cn2)C(=O)N2CCCC2C(N)=O)NC1=O,1,training
Cc1coc2ccccc2c1=O,0,training
C=CC1=C(C(=O)O)N2C(=O)C(NC(=O)C(=NO)c3csc(N)n3)[C@@H]2SC1,0,training
C/C=C(\C)C(=O)O[C@@H]1C(C)=CC23C(=O)C(=CC(CO)[C@@H](O)C12O)[C@H]1[C@@H](C[C@H]3C)C1(C)C,0,training
CC(=O)OCC(=O)C1[C@H](C)C[C@H]2[C@@H]3C[C@H](F)C4=CC(=O)C=C[C@]4(C)C3(Cl)[C@@H](O)C[C@]12C,1,training
CC1CC2C3CC=C4CC(=O)C=CC4(C)[C@@]3(F)C(O)CC2(C)[C@@]1(O)C(=O)CCl,1,training
NC1CC1c1ccccc1,1,training
OC[C@H](O)COc1ccc(Cl)cc1,1,training
O=C1CCC2(CCC(=O)c3ccccc32)C(=O)N1,1,training
OC[C@H](S)CS,0,training
CC1(C)OC2CC3C4CC(F)C5=CC(=O)C=CC5(C)C4C(O)CC3(C)C2(C(=O)CO)O1,1,training
C#CC1(OC(N)=O)CCCCC1,1,training
CC1(C)NC(=O)C(/C=C/c2ccccc2)O1,1,training
NCCCNCCCCNCCCN,0,training
CC=CC(=O)N(CC)C(CC)C(=O)N(C)C,1,training
CC(=O)C1CCC2C3C[C@@H](O)C45C[C@H]4CC[C@]5(C)C3CC[C@]12C,1,training
COc1ccc2c3c1O[C@H]1[C@@H](O)CC[C@H]4[C@@H](C2)N(C)CC[C@@]341,1,training
CNCCCN1c2ccccc2Sc2ccc(Cl)cc21,1,training
CN1CCC(=C2c3ccccc3Oc3ccc(Cl)cc32)CC1,1,training
CCCNCC(O)COc1ccccc1C(=O)CCc1ccccc1,0,training
CC(=O)OCC(=O)[C@@]1(O)CCC2C3C[C@H](Cl)C4=CC(=O)C=C[C@]4(C)C3C(=O)C[C@@]21C,1,training
c1cc(CN2CCCNCCNCCCNCC2)ccc1CN1CCCNCCNCCCNCC1,0,training
OCC(O)C1OC2OC(C(Cl)(Cl)Cl)OC2C1O,1,training
CN1CCN(CCC=C2c3ccccc3Sc3ccc(S(=O)(=O)N(C)C)cc32)CC1,1,training
CON=C(C(=O)NC1C(=O)N2C(C(=O)O)=C(Cn3nnc(C)n3)CSC12)c1csc(N)n1,0,training
N=c1cc(N2CCCCC2)nc(N)n1O,0,training
CC(=O)OCC(=O)[C@@]1(OC(C)=O)[C@@H](C)C[C@H]2C3C[C@H](F)C4=CC(=O)C=C[C@]4(C)[C@@]3(F)[C@@H](O)C[C@@]21C,1,training
CCOC(=O)C1=C[C@@H](OC(CC)CC)[C@H](NC(C)=O)[C@@H](N)C1,0,training
C#CC(OC(N)=O)c1ccccc1,1,training
Cc1cc(C(=O)NCCc2ccc(S(=O)(=O)NC(=O)NN3CCCCCC3)cc2)no1,0,training
Cc1cn([C@H]2C[C@H](N=[N+]=[N-])[C@@H](CO)O2)c(=O)[nH]c1=O,0,training
CN1C[C@@H](NS(=O)(=O)N(C)C)C[C@@H]2c3cccc4c3c(cn4C)C[C@H]21,1,training
CCCCC(=O)O[C@]1(C(=O)CO)CC[C@H]2[C@@H]3CC=C4CC(=O)C=C[C@]4(C)[C@H]3[C@@H](O)C[C@@]21C,1,training
ClC(Cl)Cl,1,training
CCCN(CCC)C(=O)Cc1c(-c2ccc(Cl)cc2)nc2ccc(Cl)cn12,1,training
CN1C(=O)CC2(CCN(CCCC(=O)c3ccc(F)cc3)CC2)C1=O,1,training
CN(C(=O)C(Cl)Cl)c1ccc(O)cc1,1,training
CO[C@H]1/C=C/O[C@@]2(C)Oc3c(C)c(O)c4c(O)c(c5c(nc6cc(C)ccn65)c4c3C2=O)NC(=O)C(C)=CC=CC(C)[C@H](O)[C@@H](C)[C@@H](O)[C@@H](C)[C@H](OC(C)=O)[C@@H]1C,0,training
O=C(Nc1ccc(O)cc1)C(Cl)(Cl)Cl,1,training
NCC1(CC(=O)O)CCCCC1,1,training
CSCCC(NC(C)=O)C(=O)Oc1ccc(NC(C)=O)cc1,1,training
Cn1nnnc1SCC1=C(C(=O)O)N2C(=O)C(NC(=O)CSC(F)(F)F)[C@H]2SC1,0,training
CC1CC2(C)[C@H](CC[C@@H]3[C@@H]2CCC2(C)[C@@H](O)CC[C@@H]32)CC1=O,0,training
CC(C)Oc1ccccc1N1CCN(Cc2cccc(C(=O)N3CCCCC3)c2)CC1,1,training
CN(C)C(=O)COC1c2ccccc2CCc2ccccc21,1,training
CN(C)CCOc1ccc(/C(=C(/CCCl)c2ccccc2)c2ccccc2)cc1,0,training
CCCCCCOc1nsnc1C1=CCCN(C)C1,1,training
OCCOCCN1CCN(C2=Nc3ccccc3Sc3ccccc32)CC1,1,training
O=C(Nc1c(Cl)cncc1Cl)c1ccc(OC(F)F)c(OCC2CC2)c1,0,training
Nc1ccc(S(=O)(=O)Nc2nccs2)cc1,0,training
CCCC(=O)OC1(C(=O)COC(=O)CC)CCC2C3CC=C4CC(=O)CCC4(C)C3C(O)CC21C,1,training
CN(C)C1C(=O)C(C(=O)NCN2CCCC(C(=O)O)C2)C(=O)[C@@]2(O)C(=O)C3C(=O)c4c(O)cccc4[C@@](C)(O)[C@H]3C[C@@H]12,0,training
CCC(=O)N(c1ccccc1)C1(C(=O)OC)CCN(CCc2ccccc2)CC1C,1,training
CC(=O)OCC(=O)C1(O)C(C)CC2C3CC=C4CC(=O)C=CC4(C)C3(F)C(O)CC21C,1,training
CC(C)(C)S(=O)(=O)CC(Cc1ccccc1)C(=O)NC(Cc1c[nH]cn1)C(=O)N[C@H](CC1CCCCC1)[C@H](O)[C@H](O)C1CC1,0,training
CC1=C(C(=O)O)N2C(=O)C(NC(=O)C(N)c3ccccc3)[C@H]2SC1,0,training
CC(C)(C)NC(=O)C1C[C@@H]2CCCC[C@@H]2CN1C[C@@H](O)[C@H](Cc1ccccc1)NC(=O)C(CC(N)=O)NC(=O)c1ccc2ccccc2n1,0,training
CC(=O)Nc1cc(C(=O)O)c(I)c(NC(C)=O)c1I,0,training
CC1(Cn2ccnn2)C(C(=O)O)N2C(=O)CC2S1(=O)=O,0,training
NC(C(=O)NC1C(=O)N2C(C(=O)O)=C(Cl)CS[C@H]12)c1ccccc1,0,training
Nc1nc(=O)c2ncn(CCC(CO)CO)c2[nH]1,1,training
CCn1c(O)c(-c2ccccc2)[nH]c1=O,1,training
CON(C)Cc1ccc(O)c2c1C[C@H]1C[C@H]3C(N(C)C)C(=O)C(C(N)=O)C(=O)[C@@]3(O)C(=O)C1C2=O,0,training
CC1CC2C3CC(F)C4=CC(=O)C=CC4(C)C3(Cl)C(O)CC2(C)C1C(=O)CO,1,training
CCOC(=O)Nc1cc2c(c(N)n1)N=C(CN(C)c1ccc(OC)cc1)CN2,1,training
O=C(NCCN1CCOCC1)c1ccc(Cl)cc1,1,training
Cn1nnnc1SCC1=C(C(=O)O)N2C(=O)C(NC(=O)C(O)c3ccccc3)[C@H]2SC1,1,training
COc1cc(Nc2nn3c(NC(CO)C(C)C)cc(C4CC4)nc3c2C(N)=O)cc(OC)c1,0,training
O=C(NCc1ccccc1)OCCO,1,training
CN(C)C1CCc2[nH]c3c(F)cc(F)cc3c2C1,1,training
CC(=O)C1CC[C@H]2[C@@H]3CC=C4C[C@@H](OC(=O)CCC(=O)O)CC[C@]4(C)[C@H]3CC[C@]12C,1,training
CCCC(=O)c1ccc2c(c1)N(CCCN1CCN(C)CC1)c1ccccc1S2,1,training
CC12CCCCCC(Cc3ccc(O)cc31)C2N,1,training
COC(=O)C1[C@@H](c2ccc(I)cc2)C[C@@H]2CC[C@@H]1N2CCCF,1,training
CO/N=C(\C#N)[C@H]1CN2CCC1CC2,1,training
CCCC1O[C@@H]2C[C@H]3[C@@H]4CC=C5CC(=O)C=C[C@]5(C)[C@H]4[C@@H](O)C[C@]3(C)[C@]2(C(=O)CO)O1,1,training
CCCCCCCCCCCCCC(=O)OC1C=C[C@H]2[C@H]3Cc4ccc(OCc5ccccc5)c5c4[C@@]2(CCN3C)[C@H]1O5,1,training
CC1=C2CC(=O)CCC2(C)C2C(O)CC3(C)C(C(=O)O)CCC3C2C1,1,training
CN1CCc2cc(Cl)c(O)cc2C(c2cccc3c2OCC3)C1,1,training
CCCCNc1c(C(=O)OCC)cnc2c1cnn2CC,1,training
OC[C@@H](O)[C@@H](O)[C@H](O)[C@H](O)CO,0,training
C=C1CC2C3CC=C4CC(=O)C=CC4(C)C3(F)C(O)CC2(C)C1(O)C(=O)CO,1,training
CCCN(CCCCN1C(=O)CC2(CCCC2)CC1=O)[C@@H]1COc2cccc(OC)c2C1,1,training
CCOC(=O)O[C@]1(C(=O)COC(=O)CC)CC[C@H]2[C@@H]3CC=C4CC(=O)C=C[C@]4(C)[C@H]3[C@@H](O)C[C@@]21C,1,training
CC(=O)N1CCN(C(=O)Cc2ccc([N+](=O)[O-])cc2)[C@@H](CN2CC[C@H](O)C2)C1,0,training
Clc1ccc2[nH]nc(NC3CCN(Cc4ccc5c(c4)OCO5)CC3)c2c1,1,training
O=c1cccc2n1CC1CNCC2C1,0,training
C#C[C@]1(O)CC[C@H]2[C@@H]3CCc4cc(O)ccc4[C@H]3CC[C@@]21C,0,training
CCCCC[C@H](O)CC[C@H]1[C@H]2Cc3cccc(OCC(=O)O)c3C[C@H]2C[C@H]1O,0,training
CCCCNc1c(C(=O)OCC)c(C)nc2c1cnn2CC,1,training
O=C(CCCN1CCC2(CC1)C(=O)NCN2c1ccccc1)c1ccc(F)cc1,1,training
CCC(=O)C(c1ccccc1)(c1ccccc1)C(C)CN(C)C,1,training
O=C(CCCN1CCC(n2c(=S)[nH]c3ccccc32)CC1)c1ccc(F)cc1,1,training
C=c1c(N)c(O)c2c(c1O)N1C[C@H]3N[C@H]3[C@@]1(OC)C=2COC(N)=O,0,training
C[C@@](Cc1ccc(O)c(O)c1)(NN)C(=O)O,0,training
CCC(NC(=O)c1c(Cn2ccnc2)c(-c2ccccc2)nc2ccccc12)c1ccccc1,0,training
CN(C)Cc1ccc(-c2cccc(Nc3[nH]ccc3[N+](=O)[O-])c2)o1,0,training
CN(C)C1C(=O)C(C(N)=O)C(=O)[C@@]2(O)C(=O)C3C(=O)c4c(O)cccc4C(C)(O)[C@H]3C[C@@H]12,0,training
CN(C)CCCN1c2ccccc2CCc2ccc(C#N)cc21,1,training
CC(C)(C)NCC(O)c1ccccc1F,1,training
CC12C=CC(=O)C=C1C(Cl)=CC1C2C(O)CC2(C)C1CCC2(O)C(=O)CO,1,training
CCN=C1Nc2ccc(Cl)cc2C(C)(c2ccccc2)O1,1,training
COC(OC)C(=O)[C@@]12OC(C)(C)O[C@@H]1CC1C3C[C@H](F)C4=CC(=O)C=CC4(C)[C@@]3(F)C(O)CC12C,1,training
Cc1cc(CCN2CCN(c3cccc(Cl)c3)CC2)[nH]n1,1,training
CCN1CCCC1CNC(=O)c1cc(S(=O)(=O)CC)ccc1OC,1,training
CCCN1CC=C(c2c[nH]c3ccc(Cl)cc23)CC1,1,training
Clc1ccc(Nc2nnc(Cc3ccncc3)c3ccccc23)cc1,1,training
CCNC(=O)C1CCCN1C(=O)C(CCCN=C(N)N)NC(=O)C(NC(=O)C(NC(=O)C(Cc1ccc(O)cc1)NC(=O)C(CO)NC(=O)C(Cc1c[nH]c2ccccc12)NC(=O)C(Cc1c[nH]cn1)NC(=O)C1CCC(=O)N1)C(C)C)C(C)C,0,training
Cn1nnc2ccc(C(c3ccc(Cl)cc3)n3cncn3)cc21,0,training
CCCC(=O)OC1(C(=O)CO)CCC2C3CC=C4CC(=O)CCC4(C)C3C(O)CC21C,1,training
CCCCC(=O)OC1(C(=O)CO)C(C)CC2C3CC=C4CC(=O)C=CC4(C)C3(F)C(O)CC21C,1,training
CN1C(=O)CC(=O)N(c2ccccc2)c2cc(Cl)ccc21,1,training
CC(=O)C1C(=O)C(N)C2Cc3c(c(O)c4c(O)c(C)ccc4c3C)C(=O)[C@]2(O)C1=O,0,training
C#CCN[C@@H]1CCc2ccccc21,1,training
CC(C)N1CCOC(c2cccc(C(F)(F)F)c2)C1,1,training
C[C@@H]1CCc2c(N3CCC(O)CC3)c(F)cc3c(=O)c(C(=O)O)cn1c23,0,training
CCN(CC)C(C)CN1c2ccccc2Sc2ccccc21,1,training
CCO[C@H]1CCN(C(=O)c2cc(-c3ccccc3)c(=O)n3c2-c2cc(Cl)ccc2CC3)C1,1,training
CCOC1CCN(C(=O)c2cc(-c3ccccc3)c(=O)n3c2-c2cc(Cl)ccc2CC3)C1,1,training
CN(C)C1C(=O)C(C(N)=O)C(=O)C2(O)C(=O)C3C(=O)c4c(ccc(N)c4O)CC3CC12,0,training
CC(N)Cc1ccc(O)cc1,0,training
CN1CCN2c3ncccc3Cc3ccccc3C2C1,1,training
Cc1cccc(OCC(O)CNC(C)C)c1,0,training
NC(Cn1ccc(=O)c(O)c1)C(=O)O,0,training
C[C@]12CCC(=O)C=C1CC[C@@H]1[C@@H]2[C@@H](O)C[C@@]2(C)[C@H]1CC[C@]2(O)C(=O)COC(=O)CCC1CCCC1,1,training
CC(=O)N1CCN(C(=O)Cc2ccc(S(C)(=O)=O)cc2)[C@@H](CN2CC[C@H](O)C2)C1,0,training
C=CCSCC(=O)NC1C(=O)N2C(C(=O)O)C(C)(C)S[C@H]12,0,training
CC(C)(C)NCC(O)COc1cccc2c1CCC(=O)N2,0,training
CCC1(CCC(C)C)CNC(=O)NC1=O,0,training
Cn1nc(-c2cccc(F)c2)n(C)c1=S,1,training
C[C@@H](O)C1C(=O)N2C(C(=O)O)=C([C@H]3CCCO3)S[C@H]12,0,training
CCN(CC)C(=O)COc1cc2c(O)c3c(O)c(C)c4c(c13)C(=O)C(C)(O/C=C/C(OC)C(C)C(OC(C)=O)C(C)C(O)C(C)C(O)C(C)=CC=CC(C)C(=O)N2)O4,0,training
O=C(CCCN1CCN(c2cc3ccccc3cn2)CC1)c1ccc(F)cc1,1,training
O=C1CSC2(CCN(CCCN3c4ccccc4Sc4ccc(Cl)cc43)CC2)N1,1,training
O=C1CCc2ccc(OCCCCN3CCN(c4cccc(Cl)c4Cl)CC3)cc2N1,1,training
C[C@@H]1CC2C3CC=C4CC(=O)C=CC4(C)[C@@]3(Cl)C(Cl)CC2(C)[C@@]1(O)C(=O)CO,1,training
O=C(O)C1=C(CSc2nnnn2CS(=O)(=O)O)CS[C@@H]2C(NC(=O)C(O)c3ccccc3)C(=O)N12,0,training
CC1CCN(CC[C@H]2CCCN2S(=O)(=O)c2cccc(O)c2)CC1,0,training
CN(C)CCC1(c2ccccc2)C=Cc2ccccc21,1,training
CO[C@@]12CC[C@@]3(C[C@@H]1C(C)(C)O)[C@H]1Cc4ccc(O)c5c4[C@@]3(CCN1CC1CC1)[C@H]2O5,1,training
CC(=O)N1CCN(C(=O)Cc2ccc(C(F)(F)F)cc2)[C@@H](CN2CC[C@@H](O)C2)C1,0,training
CN[C@@H]1[C@@H](O)[C@@H](O[C@@H]2[C@@H](O)[C@H](O[C@H]3OC(CN)=CC[C@H]3N)[C@@H](N)C[C@H]2N)OC[C@]1(C)O,0,training
CCOC(=O)C1=C(COCCN)N=C(C)C(C(=O)OC)C1c1ccccc1Cl,0,training
Nc1ncn([C@@H]2O[C@H](CO)[C@H](O)[C@@H]2O)c(=O)n1,0,training
COc1ccc2c3c1O[C@H]1[C@@H](O)C=C[C@H]4[C@@H](C2)NCC[C@@]341,1,training
CCOC(=O)OC(C)OC(=O)C1N2C(=O)C(N=CN3CCCCCC3)[C@H]2SC1(C)C,0,training
CCOC(=O)C1(c2ccccc2)CCC=CC1N(C)C,1,training
CN(C)CC(O)C(c1ccccc1)c1ccc(Cl)cc1,1,training
C/C=C\C=C\[C@@H]1O[C@](O)(C(CC)C(=O)NC/C=C/C=C(\C)[C@@H](OC)[C@@H](C)[C@@H]2O[C@H](/C=C/C=C/C=C(\C)C(=O)c3c(O)ccn(C)c3=O)[C@@H](O)[C@H]2O)[C@H](O)[C@H](O[C@@H]2O[C@H](C)[C@@H](O[C@@H]3O[C@@H](C)[C@H](OC)[C@@H](O)[C@H]3OC)[C@@H](OC)[C@H]2O)C1(C)C,0,training
CCCCc1c(O)n(-c2ccc(O)cc2)n(-c2ccccc2)c1=O,1,training
O=C(CCCN1CCN2CCCC2C1)c1ccc(F)cc1,1,training
Nc1ccn(C[C@@H](CO)OCP(=O)(O)O)c(=O)n1,0,training
CSc1ccc2c(c1)N(CCC1CCCNC1)c1ccccc1S2,1,training
CC1(C)S[C@@H]2C(NC(=O)C(C(=O)O)c3ccccc3)C(=O)N2C1C(=O)O,0,training
Cc1ccc2c(c1)[C@]13CCCC[C@@H]1[C@H](C2)N(C)CC3,1,training
COC(OC)C(=O)C12OC(C)(C)OC1CC1C3CC(F)C4=CC(=O)C=CC4(C)C3(F)C(O)CC12C,1,training
NS(=O)(=O)c1cc(C2(O)NC(=O)c3ccccc32)ccc1Cl,0,training
CN1CCN(CCC(=O)N2c3ccccc3Sc3ccc(C(F)(F)F)cc32)CC1,1,training
O=C1NCCN1C1CCN(CCC2COc3ccccc3O2)CC1,1,training
OC[C@H]1O[C@@H](n2cnc3c2N=CNC[C@H]3O)CC1O,1,training
CCn1cc(C(=O)O)c(=O)c2cc(F)c(N3CCN(C)CC3)cc21,0,training
COC(F)(F)C(F)Br,1,training
O=C(O)c1cn(C2CC2)c2cc(N3CCNCC3)c(F)cc2c1=O,0,training
O=C(O)CN(CCN(CC(=O)O)CC(=O)O)CCN(CC(=O)O)C(COCc1ccccc1)C(=O)O,0,training
CON=C(C(=O)NC1C(=O)N2C(C(=O)OCOC(=O)C(C)(C)C)=CCS[C@H]12)c1csc(NC(=O)C(C)N)n1,0,training
Cn1nnnc1SCC1=C(C(=O)O)N2C(=O)C(NC(=O)CSC(F)(F)F)C2SC1,0,training
CCN(CC)CCN1C(=O)CN=C(c2ccccc2F)c2cc(Cl)ccc21,1,training
CCC(NC(=O)c1c(C)c(-c2ccccc2)nc2ccccc12)c1ccccc1,1,training
CC(=O)OCC(=O)[C@@]1(O)[C@H](C)C[C@H]2[C@@H]3C=C(C)C4=Cc5c(cnn5-c5ccccc5)C[C@]4(C)[C@H]3[C@@H](O)C[C@@]21C,1,training
CCc1c(C)[nH]c2c1C(=O)C(CN1CCOCC1)CC2,1,training
CCCC(NC(=O)C1C2CCC[C@@H]2CN1C(=O)C(NC(=O)C(NC(=O)c1cnccn1)C1CCCCC1)C(C)(C)C)C(=O)C(=O)NC1CC1,0,training
COc1cc(Nc2c(C#N)cnc3cc(OCCCN4CCN(C)CC4)c(OC)cc23)c(Cl)cc1Cl,0,training
CC(=O)OCC(=O)[C@@]1(O)CC[C@H]2C3CC=C4CC(=O)CC[C@]4(C)C3C(=O)C[C@@]21C,1,training
CN1CCC(=C2c3ccccc3Sc3ccccc32)CC1,1,training
CCCC(=O)Nc1ccc(OCC(O)CNC(C)C)c(C(C)=O)c1,1,training
O=C1C=NC(=C2CCCCC2)c2cc(Cl)ccc2N1,1,training
CN1CC[C@]23c4c5ccc(O)c4OC2C(=O)CC[C@H]3[C@H]1C5,1,training
CCN(CC)C(=O)C1CN2CCc3cc(OC)c(OC)cc3C2CC1OC(C)=O,1,training
C/C(=C\C(N)C(=O)O)CP(=O)(O)O,1,training
C#CC1(OC(C)=O)CC[C@@H]2[C@@H]3CCC4=CC(=[N+][O-])CC[C@@H]4[C@@H]3CCC21CC,0,training
CC(NC(C)(C)C)C(=O)c1cccc(Cl)c1,1,training
CC(C)(Oc1ccc([C@@H]2CC2(Cl)Cl)cc1)C(=O)O,1,training
CCC1(CC)C(=O)N=CC(C)C1=O,1,training
OCCOC1CCN(CCCN2c3ccccc3Sc3ccc(C(F)(F)F)cc32)CC1,1,training
CC(=O)OCC(CCn1cnc2cnc(N)nc21)COC(C)=O,1,training
C[C@@H]1C[C@H](OC(=O)C(O)c2ccccc2)CC(C)(C)C1,0,training
CC(C)COC(=O)OCN1C(=O)CN(CCN2CC(=O)N(COC(=O)OCC(C)C)C(=O)C2)CC1=O,0,training
COC(OC)C(=O)[C@@]12OC(C)(C)O[C@@H]1CC1C3C[C@H](F)C4=CC(=O)C=C[C@]4(C)[C@@]3(F)[C@@H](O)C[C@@]12C,1,training
CCCCCON=O,0,training
COc1cc(N)cn[n+]1-c1ccccc1,0,training
CN(C)CCC=C1c2ccccc2Sc2ccccc21,1,training
CCN(CC)CCOc1ccc(/C(=C(/Cl)c2ccccc2)c2ccccc2)cc1,0,training
C[N+](C)C1C(=O)C(C(N)=O)C(=O)C2(O)C([O-])=C3C(=O)c4c(O)cccc4C(C)(O)[C@H]3[C@@H](O)[C@@H]12,0,training
COC1C=COC2(C)Oc3c(C)c(O)c4c(O)c(c(C=NN5CCN(C)CC5)c(O)c4c3C2=O)NC(=O)C(C)=CC=CC(C)C(O)C(C)C(O)C(C)C(OC(C)=O)C1C,0,training
CNCC(O)c1ccc(OC(=O)C(C)(C)C)c(OC(=O)C(C)(C)C)c1,0,training
NCCNCCNCCNCCN,0,training
CC[C@H]1OC(=O)C(C)[C@@H](O[C@H]2C[C@@](C)(OC)[C@@H](O)[C@H](C)O2)[C@H](C)[C@@H](O[C@@H]2O[C@H](C)C[C@H](N(C)C)[C@H]2O)[C@](C)(O)C[C@](C)(F)C(=O)C(C)[C@@H](O)[C@]1(C)O,0,training
CCC(C)C(C)(COC(N)=O)COC(=O)NC(C)C,1,training
CCSc1ccc2c(c1)N(CCCN1CCN(C)CC1)c1ccccc1S2,1,training
CC(=O)NCCCS(=O)(=O)O,0,training
NCCc1nc(-c2ccccc2)cs1,0,training
CN1CCN(CCCN2c3ccccc3Sc3ccc(S(=O)(=O)N(C)C)cc32)CC1,1,training
CO[C@@H]1[C@@H](O[C@@H]2O[C@H](C)[C@@H](O[C@H]3C[C@@](C)(OC(=O)CC(C)C)[C@@H](O)[C@H](C)O3)[C@H](N(C)C)[C@H]2O)[C@@H](CC=O)C[C@@H](C)[C@@H](O)/C=C/C=C\C[C@@H](C)OC(=O)C[C@H]1OC(C)=O,0,training
O=C(c1ccc(F)cc1)C1CCN(CCCN2c3ccccc3Sc3ccc(C(F)(F)F)cc32)CC1,1,training
CCCC(CC)C1(CC)C(=O)NC(=O)NC1=O,1,training
Nc1nc(CC(=O)Nc2ccc(CCNC[C@H](O)c3ccccc3)cc2)cs1,1,training
Cc1ncc(COC(=O)CCC(=O)OCCN(C)C)c(CO)c1O,1,training
c1ccc(-c2nc(N3CCNCC3)cc3ccccc23)cc1,1,training
Cc1cccc(O[C@H]2CCNC[C@H]2O)c1C,1,training
CN(C)CC=C(c1ccc(Br)cc1)c1cccnc1,1,training
NC(=O)C1c2ccccc2CCc2ccccc21,1,training
CC#Cc1cn([C@@H]2O[C@H](CO)[C@@H](O)[C@H]2O)c(=O)[nH]c1=O,0,training
C=C1/C(=C/C=C2\CCCC3(C)[C@@H]2CC[C@@H]3[C@H](C)/C=C/[C@H](C)C(C)C)C[C@@H](O)C[C@H]1O,0,training
Cn1cc(CCN2CCN(c3ccccc3Cl)CC2)cn1,1,training
CCC(C)C(=O)O[C@H]1C[C@H](O)C=C2C=C[C@H](C)[C@H](CC[C@@H](O)C[C@@H](O)CC(=O)O)[C@H]21,0,training
Nc1nc(=O)c2ncn(CCC(O)CO)c2[nH]1,1,training
COc1cc(C(=O)N2CCCCCCC2)cc(OC)c1OC,1,training
CC1=C/C(O)CC(=O)Cc2nc(co2)C(=O)N2CCC=C2C(=O)OC(C(C)C)C(C)/C=C\C(=O)NC/C=C\1,0,training
c1ccccc1,1,training
CCCCC1(CCOC(N)=O)C(=O)NC(=O)NC1=O,1,training
C=CC1O[C@@H]2C[C@H]3[C@@H]4CC=C5CC(=O)C=C[C@]5(C)[C@@]4(F)[C@@H](O)C[C@]3(C)[C@]2(C(=O)CO)O1,1,training
NC(=O)C(c1ccccc1)(c1ccccc1)[C@@H]1CCN(CCc2ccc3c(c2)CCO3)C1,1,training
CC(C)[N+]C[C@@H](O)c1ccc(N=S(C)(=O)[O-])cc1,0,training
Oc1coc(N2CCN=C(c3ccccc3Cl)c3cc(Cl)ccc32)n1,1,training
CCCSc1ccc2[nH]c(NC(=O)OC)nc2c1,1,training
C[C@]12C=CC(=O)C=C1CC[C@@H]1[C@@H]2[C@@H](O)C[C@@]2(C)[C@H]1CC[C@]2(O)C(=O)COC(=O)CCC(=O)O,1,training
COCCCC/C(=N/OCCN)c1ccc(C(F)(F)F)cc1,1,training
CC(C)(C)NC(=O)NC(C(=O)N1C[C@H]2C(C1C(=O)NC(CC1CCC1)C(=O)C(N)=O)C2(C)C)C(C)(C)C,0,training
CNC1CC(c2ccc(Cl)c(Cl)c2)c2ccccc21,1,training
C[C@H](O[C@@H]1OCCN(Cc2n[nH]c(=O)[nH]2)[C@@H]1c1ccc(F)cc1)c1cc(C(F)(F)F)cc(C(F)(F)F)c1,1,training
C=CC[C@]1([C@@H](C)CCC)C(=O)NC(=O)N=C1C,1,training
Cn1nnc2c(C(N)=O)ncn2c1=O,0,training
C/C(=C\CCN1CCC2(CC1)C(=O)NCN2c1ccccc1)c1ccc(F)cc1,1,training
CCC(C)C(=O)OC1CCC=C2C=CC(C)C(CCC3CC(O)CC(=O)O3)C21,1,training
O=C1NCCNC1c1cccs1,1,training
Clc1ccc(CC[C@@H](Cn2ccnc2)Sc2c(Cl)cccc2Cl)cc1,0,training
CCOC(=O)Cc1cc2c(c(N)n1)N=C(c1ccccc1)C(C)N2,1,training
O=C1CN=C(c2ccccc2F)c2cc(Cl)ccc2N1CC1CC1,1,training
NC/C(=C/F)CCc1ccc(F)cc1,1,training
CC1(c2ccccc2)CC(=O)N(CN2CCOCC2)C1=O,1,training
O=c1[nH]cc(F)c(=O)[nH]1,0,training
CCCCCCOC(=O)N=C(N)c1ccc(NCc2nc3cc(C(=O)N(CCC(=O)OCC)c4ccccn4)ccc3n2C)cc1,0,training
CN=C(Cc1ccc2ccccc2c1)NC,1,training
CCC(C)n1ncn(-c2ccc(N3CCN(c4ccc(OC[C@H]5CO[C@](Cn6cncn6)(c6ccc(Cl)cc6Cl)O5)cc4)CC3)cc2)c1=O,0,training
CC[C@H]1OC(=O)C(C)[C@@H](O[C@H]2C[C@@](C)(OC)[C@@H](O)[C@H](C)O2)[C@H](C)[C@@H](O[C@@H]2O[C@H](C)C[C@H](N(C)C)[C@H]2O)[C@](C)(O)C[C@@H](C)[C@@H]2N[C@@H](COCCOC)O[C@H]([C@H]2C)[C@]1(C)O,0,training
CN(C)CCCN1Cc2ccccc2Cc2ccccc21,1,training
CC(=O)OCC(=O)[C@@]1(OC(=O)C(C)C)[C@@H](C)C[C@H]2[C@@H]3CC=C4CC(=O)C=C[C@]4(C)[C@@]3(F)[C@@H](O)C[C@@]21C,1,training
CC[C@H](NC(=O)c1c(OCCNC(=O)C2CCCN2)c(-c2ccccc2)nc2ccccc12)c1ccccc1,0,training
CCCC(C)C1(CCSC)C(=O)NC(=S)NC1=O,1,training
CC(=O)N1CCN(C(=O)Cc2ccc([S@@+](C)[O-])cc2)[C@@H](CN2CC[C@H](O)C2)C1,0,training
CC1CC2C3CC(F)C4=CC(=O)C=CC4(C)C3(F)C(O)CC2(C)C1C(=O)CO,1,training
CCN(CC)C(=S)SSC(=S)N(CC)CC,1,training
COc1cc(C(=O)N[C@@H]2CCCNC2)cc(OC)c1OC,0,training
Cc1onc(-c2ccccc2Cl)c1C(=O)NC1C(=O)N2C(C(=O)O)C(C)(C)S[C@H]12,1,training
CC(C)N1CCN(c2ccc(OC[C@H]3CO[C@](Cn4cncn4)(c4ccc(Cl)cc4Cl)O3)cc2)CC1,0,training
COC(=O)NC(C(=O)N[C@H](Cc1ccccc1)[C@@H](O)CN(Cc1ccc(-c2ccccn2)cc1)NC(=O)C(NC(=O)OC)C(C)(C)C)C(C)(C)C,0,training
CCN(CC)CCNC(=O)c1ccc(N)cc1,0,training
CC1(C)O[C@H]2C[C@H]3[C@@H]4CCc5cc(O)ccc5[C@]4(F)[C@H](O)C[C@]3(C)[C@@]2(C(=O)CO)O1,1,training
COc1ccc(CN(CCN(C)C)c2ccccn2)cc1,0,training
CN1C(=O)C(O)N=C(c2ccccc2)c2cc(Cl)ccc21,1,training
CC(=O)Nc1ccc(O)cc1,1,training
NC(=O)OC[C@@H]1C(=NC(=O)C(NOCC(=O)O)c2csc(N)n2)C(=O)N1S(=O)(=O)O,0,training
CC(=O)c1ccc2c(c1)N(CC(C)N(C)C)c1ccccc1S2,1,training
Cc1ccsc1C(=CCCN1CCCC(C(=O)O)C1)c1sccc1C,1,training
CN(C)CC/C=C1/c2ccccc2CSc2ccccc21,1,training
CC(=O)OCC(=O)OCCC(SC(=O)c1ccco1)=C(C)N(C=O)Cc1cnc(C)nc1N,1,training
CN(C)CCc1c[nH]c2ccc(Cn3cncn3)cc12,1,training
CCOC(=O)Cc1sc(N2CCCCC2)c(O)[n+]1C,0,training
CCCO,1,training
CN(N=O)C(=O)N[C@@H]1[C@@H](O)[C@H](O)[C@@H](CO)O[C@H]1O,0,training
CC1(C)CCC(C)(C)c2cc(NC(=O)c3ccc(C(=O)O)cc3)ccc21,0,training
CNS(=O)(=O)CCc1ccc2[nH]c(C3CCN(C)CC3)cc2c1,1,training
Brc1cccc(Br)c1NC1=NCCN1,1,training
O=c1[nH]cnc2c1ncn2[C@H]1CC[C@@H](CO)O1,0,training
O=C1CCc2cc(OCCCCc3nnnn3C3CCCCC3)ccc2N1,0,training
CCOc1cc(N)c([N+](=O)[O-])cc1C(=O)NC1CCN(CC2CC=CCC2)CC1,1,training
CCOC(=O)C[C@@H](O)C[C@@H](O)/C=C/C1=C(c2ccc(F)cc2)c2ccccc2OC12CCCC2,1,training
CCCCCCC(C)NN,1,training
CN(C(=O)C(c1ccccc1)c1ccccc1)[C@H](CN1CC[C@H](O)C1)c1ccccc1,1,training
COc1ccc(NS(=O)(=O)c2sc3ccc(Cl)cc3c2C)cc1N1CCNCC1,0,training
CC1NC(=O)C(NC(=O)c2ncccc2O)C(C)OC(=O)C(c2ccccc2)NC(=O)C2CC(=O)CCN2C(=O)C(Cc2ccc(N(C)C)cc2)N(C)C(=O)C2CCCN2C1=O,0,training
CC12C=CC(=O)C=C1CCC1C3CCC(O)(C(=O)CO)C3(C)CC(Cl)C12Cl,1,training
CC12CC(=O)C3C(CCC4CC(O)CCC43C)C1CCC2C(=O)CO,1,training
CCOC(=O)[C@]1(c2ccccc2)CCC=C[C@H]1N(C)C,1,training
CN1[C@H]2CC(OC(=O)C(CO)c3ccccc3)C[C@H]1[C@H]1O[C@H]12,0,training
CC(=O)Nc1c(I)c(C(=O)N[C@@H]2[C@H](O)[C@H](O)[C@H](CO)O[C@@H]2O)c(I)c(N(C)C(C)=O)c1I,0,training
O=C(Cc1ccc(Cl)c(Cl)c1)N1CCn2ccnc2[C@H]1CN1CC[C@@H](O)C1,0,training
CC(=O)OCC1=C(C(=O)O)N2C(=O)C(NC(=O)Cc3cccs3)C2SC1,0,training
O=C(O)CCCCCCCC(=O)O,0,training
CC12CCC(=O)C=C1CCC1C3CCC(O)(C(=O)CO)C3(C)CC(O)C12F,1,training
C[C@@H]1CC2C3CC=C4CC(=O)C=C[C@]4(C)[C@@]3(F)[C@@H](O)C[C@]2(C)[C@@]1(C)C(=O)CO,1,training
Cc1cccc(C)c1N=C1NCCCS1,1,training
C[C@H]1O[C@@H](O[C@H]2[C@@H](O)C[C@H](O[C@H]3[C@@H](O)C[C@H](O[C@H]4CC[C@@]5(C)[C@H](CC[C@@H]6[C@@H]5CC[C@]5(C)[C@H](C7=CC(=O)OC7)CC[C@]65O)C4)O[C@@H]3C)O[C@@H]2C)C[C@H](O)[C@@H]1O,0,training
CC(=O)O[C@]1(C(C)=O)CCC2C3CC(C)=C4CC(=O)C=C[C@]4(C)[C@@]3(F)[C@@H](O)C[C@@]21C,1,training
CC(C)(Oc1ccc(C(=O)c2ccc(Cl)cc2)cc1)C(=O)NCCS(=O)(=O)O,0,training
ON1C/C(=N\CC2CC2)N=c2ccc(Cl)cc2=C1c1ccccc1,1,training
CC(C)CCNCC1COc2ccccc2O1,1,training
Oc1ccc2c(c1)[C@@]13CCCC[C@@]1(O)[C@@H](C2)N(CC1CC1)CC3,1,training
NCCc1ccc(O)c(O)c1,0,training
COc1ccccc1OCCNC[C@@H](O)OCc1cccc2[nH]c3ccccc3c12,1,training
CCCCCCCCCC(=O)OC1(c2ccc(Cl)cc2)CCN(CCCC(=O)c2ccc(F)cc2)CC1,1,training
CCCOC(=O)Cc1ccc(OCC(=O)N(CC)CC)c(OC)c1,1,training
CC(C)/N=c1\cc2n(-c3ccc(Cl)cc3)c3ccccc3nc-2cc1Nc1ccc(Cl)cc1,0,training
C[C@H](Cc1ccccc1)NC(=O)C(N)CCCCN,1,training
OCc1ccccc1,1,training
C=C1[C@@H](CO)[C@@H](O)C[C@H]1n1cnc2c(=O)[nH]c(N)nc21,0,training
NCCC[C@](N)(C(=O)O)C(F)F,1,training
CC(Cl)(Cl)Cl,1,training
CN[C@@H]1[C@@H](O[C@H]2O[C@H](CO)[C@@H](N)[C@H](O)[C@H]2O)OC2C[C@@H](N)[C@@H](O[C@H]3[C@H](O)[C@@H](O)[C@H](N)C[C@@H]3N)O[C@@H]2[C@@H]1O,0,training
CC(=O)NCCCN1CCN(c2cc(Cl)ccc2Cl)CC1,1,training
NC[C@H]1O[C@H](O[C@H]2[C@H](O)[C@@H](OC3O[C@H](CO)[C@@H](O)[C@H](N)[C@H]3O)[C@H](N)C[C@@H]2N)[C@H](O)[C@@H](O)[C@@H]1O,0,training
CN1C(=O)NC2N=CN(C)C2C1=O,0,training
COC(=O)C1=C(C)N=C(C)C(C(=O)OC(C)C)[C@H]1c1cccc2nonc12,1,training
Nc1nc(C(CCC(=O)O)C(=O)N=C2C(=O)N3C(C(=O)O)=CCSC23)cs1,0,training
C=CCC(N)c1ccccc1-c1noc2ccccc12,1,training
Oc1ccc(O)n1CC1CCC2CN(c3ncccn3)CCN2C1,1,training
CC1(C)S[C@@H]2C(NC(=O)CSc3ccccc3)C(=O)N2C1C(=O)O,0,training
COc1cc(C)c2c(Oc3cccc(C(F)(F)F)c3)c(OC)cc(N[C@@H](C)CCCN)c2n1,0,training
c1cnc2c(c1)C(Cc1ccncc1)(Cc1ccncc1)c1cccnc1-2,1,training
COc1ccc(OCC2CN(C)CCC2c2ccccc2)cc1,1,training
Oc1ccc2c(c1)C13CCCCC1C(C2)NCC3,1,training
CC[C@@H](O)C(C[C@@H](C)N(C)C)(c1ccccc1)c1ccccc1,1,training
CC(=O)OCC(=O)C12N=C(C)OC1CC1C3CC=C4CC(=O)C=CC4(C)C3C(O)CC12C,1,training
NC(Cc1ccc(N(CCCl)CCCl)cc1)C(=O)O,0,training
CC(=O)CC(c1ccccc1)c1c(O)c2ccccc2oc1=O,0,training
C=C1c2c(Cl)ccc(O)c2C(=O)C2C(=O)C3(O)C(=O)C(C(N)=O)C(=O)C(N(C)C)C3C(O)C12,0,training
Cc1cccc(Cl)c1NC(=O)/C=C1\SCC(=O)N1C,1,training
CSC(=O)[C@@]1(OC(C)=O)[C@@H](C)C[C@H]2[C@@H]3CC=C4CC(=O)C=C[C@]4(C)[C@@]3(F)[C@@H](O)C[C@@]21C,1,training
C[C@]12C=CC(=O)C=C1CC[C@@H]1[C@@H]2[C@@H](O)C[C@@]2(C)[C@H]1CC[C@]2(O)C(=O)OCCl,1,training
CN1[C@@H]2CC[C@@H]1CC(OC(=O)C(O)c1ccccc1)C2,0,training
O=c1[nH]c(O)cn1/N=C/c1ccc(-c2ccc([N+](=O)[O-])cc2)o1,1,training
Cc1ncc([N+](=O)[O-])n1CCO,1,training
COc1ccc(O)cc1,0,training
O=C1c2ccccc2C(=O)C1c1ccccc1,1,training
CN(C)CC(=O)C=C1c2ccccc2CCc2ccccc21,1,training
C[C@H]1C[C@H]2C3CC=C4CC(=O)C=C[C@]4(C)[C@@]3(F)C(=O)C[C@]2(C)[C@@]1(O)C(=O)CCl,1,training
CN1CCC(n2nc(-c3c(-c4ccccc4)nn4ccccc34)ccc2=O)CC1,0,training
CC=C(CC)C(=O)NC(N)=O,1,training
CN1CCc2nc(C(=O)N[C@@H]3CC(C(=O)N(C)C)CC[C@@H]3NC(=O)C(=O)Nc3ccc(Cl)cn3)sc2C1,0,training
O=[N+]([O-])c1c(Cc2ccccc2)c[nH]c1NCCSCc1ccccn1,1,training
CCCCN1C(=O)C2C(=O)N(CCCCN3CCN(c4ccccc4OC)CC3)C(=O)C(C1=O)C2(C)C,1,training
NC(=O)c1ncn([C@@H]2O[C@H](CO)[C@@H](O)[C@H]2O)n1,0,training
CCC(CC)(CC(=O)Nc1cccc(/C=C/c2nc(C3CCC3)cs2)c1)C(=O)O,0,training
C#CC(O)(/C=C/Cl)CC,1,training
CC(C)(S)C(N)C(=O)O,0,training
Nc1ncnc2[nH]cnc12,0,training
CCOC(=O)C(CCc1ccccc1)NC(C)C(=O)N1C(C(=O)O)C[C@@H]2CCCC[C@@H]21,1,training
CCCSc1nc(N[C@@H]2C[C@@H]2c2ccc(F)c(F)c2)c2nnn([C@@H]3C[C@H](OCCO)[C@H](O)[C@@H]3O)c2n1,0,training
C[C@@H](CN1c2ccccc2Sc2ccccc21)N(C)C,1,training
Nc1ncc(C(=NOC2CCNC2=O)C(=O)NC2C(=O)N3C(C(=O)[O-])=C(C[n+]4ccccc4)CS[C@H]23)s1,0,training
CC12C=CC(=O)C=C1C(Cl)CC1C2C(=O)CC2(C)C1CCC2(O)C(=O)CO,1,training
COc1cc(N)c(Cl)cc1C(=O)NC1CCN(CCCOc2ccc(F)cc2)CC1OC,1,training
CC(C)=CCc1c(O)n(-c2ccccc2)n(-c2ccccc2)c1=O,1,training
Cc1ccccc1N1C(=O)c2cc(S(N)(=O)=O)c(Cl)cc2NC1C,0,training
C=CCc1ccccc1OCC(O)CNC(C)C,0,training
CN(C)CC#CC=C1c2ccccc2C=Cc2ccccc21,1,training
C[C@]12CC[C@@H]3c4ccc(O)cc4C=CC3[C@@H]1CCC2=O,0,training
CNc1cc(OC)c(C(=O)NC2CCN(Cc3ccccc3)C2C)cc1Cl,1,training
CN(C)CCCN1c2ccccc2C=Cc2sccc21,1,training
CC(=O)OC(C)C(=O)C1(O)CCC2C3CC=C4CC(=O)C=CC4(C)C3(F)C(O)CC21C,1,training
CC(=O)C1CC[C@H]2[C@@H]3CC[C@@H]4C[C@H](O)CC[C@]4(C)[C@H]3CC[C@]12C,1,training
CC(C)(C)NC(=O)C1CC[C@@H]2[C@@H]3CC[C@@H]4NC(=O)C=CC4(C)[C@@H]3CCC12C,0,training
CCN[C@H]1CN(CCCOC)S(=O)(=O)c2sc(S(N)(=O)=O)cc21,0,training
CCc1cc(C(N)=S)ccn1,1,training
CC(C)(C)C(=O)OC1N=C(c2ccccc2)c2cc(Cl)ccc2NC1=O,1,training
COC(=O)NC(C(=O)N1CCC[C@H]1c1nc2cc(F)c([C@H]3CC[C@H](c4cc5[nH]c([C@@H]6CCCN6C(=O)C(NC(=O)OC)[C@@H](C)OC)nc5cc4F)N3c3cc(F)c(N4CCC(c5ccc(F)cc5)CC4)c(F)c3)cc2[nH]1)[C@@H](C)OC,0,training
CC[C@H](NC(C)C)[C@H](O)c1ccc(O)c2[nH]c(=O)ccc12,0,training
O=C(O)c1ccccc1C(=O)Nc1ccc(S(=O)(=O)Nc2nccs2)cc1,0,training
O=C(c1ccc(F)cc1)N1CCN(c2ccc(OCCCN3CCCCC3)cc2)C(=O)C1,0,training
Cc1cc(N(C)C)ccc1CC(C)N,1,training
CN1C(=O)C(O)N=C(c2ccccc2Cl)c2cc(Cl)ccc21,1,training
CCN(CCO)CC[C@H](C)Nc1ccnc2cc(Cl)ccc12,1,training
Cc1cn([C@H]2C[C@H](F)[C@@H](CO)O2)c(=O)[nH]c1=O,1,training
CC(=O)O[C@H]1C[C@@H]2CC[C@@H]3[C@H](CC[C@@]4(C)[C@H]3C[C@H]([N+]3(C)CCCCC3)[C@@H]4OC(C)=O)[C@@]2(C)C[C@@H]1[N+]1(C)CCCCC1,0,training
CN(C)Cc1ccnc(-c2cccc(Nc3[nH]ccc3[N+](=O)[O-])c2)c1,0,training
C[C@@H]1CC2C3C[C@H](F)C4=CC(=O)C=C[C@]4(C)C3[C@@H](O)C[C@]2(C)C1C(=O)C(=O)O,1,training
CC(C)(C)OC(=O)CCCc1ccc(N(CCCl)CCCl)cc1,1,training
O=C1CN2CCOC2(c2ccccc2F)c2cc(Br)ccc2N1,1,training
C=CCC1(C(C)CCC)C(=O)NC(=O)NC1=O,1,training
CC(=O)NNC(=O)CC(O)(c1ccccc1)c1ccccc1,1,training
CC(C)NC(O)COc1ccc(CC(N)=O)cc1,0,training
CN1CCCc2cccc(OCC3CNCCO3)c21,1,training
Cn1c(=O)c2c(ncn2CCNCC(O)c2ccc(O)c(O)c2)n(C)c1=O,0,training
CCC1(c2ccccc2)C(=O)NC(=O)N(C(=O)c2ccccc2)C1=O,1,training
CN1C(=O)NC(=O)C(C)(C2=CCCCC2)C1=O,1,training
CC1=C(C(=O)O)N2C(=O)C(NC(=O)Cc3ccc(C4=NCCCN4)cc3)[C@H]2SC1,0,training
CC(=O)OCC(=O)[C@@]1(O)CC[C@H]2[C@@H]3CC=C4CC(=O)C=C[C@]4(C)[C@@]3(F)[C@@H](O)C[C@@]21C,1,training
CCCCCC1CNC(C(=O)NC(C(C)Cl)[C@H]2O[C@H](SC)[C@H](O)[C@@H](O)[C@H]2O)C1,0,training
CC(C)NCC(O)COc1cccc2ccccc12,0,training
CO[C@@]1(NC(=O)Cc2cccs2)C(=O)N2C(C(=O)O)=C(COC(N)=O)CS[C@@H]21,1,training
CC1C2Cc3ccc(O)cc3C1(C)CCN2CCc1ccccc1,1,training
Oc1cccc2cc3cccc(O)c3c(O)c12,0,training
CC(C)n1cc2c3c(cccc31)C1CC(C(=O)NC3CCCCC3)CN(C)C1C2,1,training
CCC(=O)O[C@H]1[C@H](O[C@@H]2[C@@H](C)[C@H](O[C@H]3C[C@@](C)(OC)[C@@H](O)[C@H](C)O3)C(C)C(=O)O[C@H](CC)[C@@](C)(O)[C@H](O)C(C)C(=O)C(C)C[C@@]2(C)O)O[C@H](C)C[C@@H]1N(C)C,0,training
CN1CCN(c2c(F)cc3c(=O)c(C(=O)O)cn4c3c2SCC4)CC1,0,training
O=P1(NCCCl)OCCCN1CCCl,0,training
CCCCCCCCCCCCCCCCO,0,training
COc1cccc2c(O)c3c(c(O)c12)C(=O)C1=C(CC(O)(C(O)CO)CC1O)C3=O,0,training
c1ccc([C@@H]2CN3CCSC3=[N+]2)cc1,0,training
CCOC1c2ccccc2C(=O)N(C)c2ccccc21,1,training
CNC(=O)OC1OC(=O)C2C3C=CC(C3)C12,1,training
CN1C(=O)CCS(=O)(=O)C1c1ccc(Cl)cc1,1,training
CCCCCCCC(=O)O[C@H](O)[C@H](O)CO,0,training
FC(F)(F)c1ccc2c(c1)N(CCCN1CCN(C3CC3)CC1)c1ccccc1S2,1,training
C=CCN1CC(C(=O)N(CCCN(C)C)C(=O)NCC)CC2c3cccc4[nH]cc(c34)CC21,1,training
C1CNCCN1,0,training
O=C1NCNC1(c1ccccc1)c1ccccc1,1,training
COC12C=CC3(CC1C(C)(C)O)C1Cc4ccc(O)c5c4C3(CCN1CC1CC1)C2O5,1,training
Cn1c2c(c3ccccc31)C(=O)C(Cn1ccnc1)CC2,1,training
Cc1ccc(S(=O)(=O)CCN2C(=O)CN=C(c3ccccc3Cl)c3cc(Cl)ccc32)cc1,1,training
CC(=O)OCC(=O)OCC/C(SC(=O)c1ccco1)=C(/C)N(C=O)Cc1cnc(C)nc1N,1,training
CCC(C)C(C)(COC(N)=O)COC(N)=O,1,training
CN(C)CCCN1c2ccccc2CCc2ccc(Cl)cc21,1,training
C/C=C/C(=O)N(CC)C(CC)C(=O)N(C)C,1,training
COc1ccccc1N1CCN(CCCC(=O)c2ccc(F)cc2)CC1,1,training
CNCCSC1=Cc2cc(F)ccc2Oc2ccccc21,1,training
C=CCC1(CC(=C)Br)C(=O)NC(=O)NC1=O,1,training
Nc1nnc(-c2cccc(Cl)c2Cl)c(N)n1,1,training
CC1CN(c2cc3c(cc2F)c(=O)c(C(=O)O)cn3-c2ccc(F)cc2F)CCN1,0,training
CC(=O)C1(O)CCC2C3CC=C4CC(=O)C=CC4(C)C3C(O)CC21C,1,training
FC(F)(Cl)C(F)(F)Cl,1,training
OC1CCN(c2ccc(-c3ccc(Cl)cc3Cl)nn2)CC1,1,valid
CNC(=O)c1ccccc1Sc1ccc2c(C=Cc3ccccn3)[nH]nc2c1,0,valid
CC1(C)S[C@H]2C(NC(=O)C(NC(=O)N3CCNC3=O)c3ccccc3)C(=O)N2C1C(=O)O,0,valid
CN(CCN(C)CNC(=O)C1C(=O)C(N(C)C)[C@@H]2C[C@H]3C(C(=O)c4c(O)cccc4[C@@]3(C)O)C(=O)[C@]2(O)C1=O)CNC(=O)C1C(=O)C(N(C)C)[C@@H]2C[C@H]3C(C(=O)c4c(O)cccc4[C@@]3(C)O)C(=O)[C@]2(O)C1=O,0,valid
CC[C@@H]1NC(=O)c2cc(S(N)(=O)=O)c(Cl)cc2N1,0,valid
CO[C@H]1C[C@H](O[C@H]2[C@H](C)O[C@@H](O[C@@H]3/C(C)=C\C[C@@H]4C[C@@H](C[C@]5(CC[C@H](C)[C@@H](C(C)C)O5)O4)OC(=O)C4C=C(C)[C@@H](O)[C@H]5OC/C(=C/C=C/[C@@H]3C)[C@@]45O)C[C@@H]2OC)O[C@@H](C)[C@@H]1O,0,valid
COc1cc(C(=O)OCCN2CCN(CCCN3c4ccccc4Sc4ccc(Cl)cc43)CC2)cc(OC)c1OC,1,valid
O=C(N[C@H](CO)[C@H](O)c1ccc([N+](=O)[O-])cc1)C(Cl)Cl,0,valid
NC(C(=O)NC1C(=O)N2C(C(=O)O)=C(Cl)CCC12)c1ccccc1,0,valid
CCCN1CC(CSC)CC2c3cccc4[nH]cc(c34)CC21,1,valid
CCOC(=O)C1(c2cccc(O)c2)CCN(C)CC1,1,valid
CC(=O)OCCC(C)C,1,valid
CC(=O)OCC(=O)[C@@]1(O)[C@H](C)C[C@H]2C3C=C(C)C4=Cc5c(cnn5-c5ccccc5)C[C@]4(C)[C@H]3[C@@H](O)C[C@@]21C,1,valid
CN(C)C1C(=O)C(C(N)=O)C(=O)[C@@]2(O)C(=O)C3C(=O)c4c(O)ccc([N+](=O)[O-])c4C[C@H]3C[C@@H]12,0,valid
O=P(O)(O)C(Cl)(Cl)P(=O)(O)O,0,valid
CCOC(=O)C(CCc1ccccc1)NC(C)C(=O)N1Cc2ccccc2CC1C(=O)O,0,valid
O=NN(CCCl)C(=O)NCCCl,1,valid
CCOc1nc2cccc(C(=O)O)c2n1Cc1ccc(-c2ccccc2-c2nn[nH]n2)cc1,0,valid
C[C@H](N)Cc1ccccc1,1,valid
CC(=O)OCCN1CCN(CCCN2c3ccccc3Sc3ccc(Cl)cc32)CC1,1,valid
OCCN1C=CN(CCCN2c3ccccc3C=Cc3ccccc32)C=CC1,1,valid
CC1CC2C3CC=C4CC(=O)C=CC4(C)C3(F)C(=O)CC2(C)C1(O)C(=O)CCl,1,valid
Nc1ccc(S(=O)(=O)N2CC3CCC(CC3)C2)cc1,1,valid
CCC1(c2ccccc2)C(=O)NC(=O)N1C,1,valid
CC(C)OC(=O)CCC/C=C\C[C@@H]1[C@@H](CC[C@@H](O)CCc2ccccc2)[C@H](O)C[C@@H]1O,0,valid
CC1(C)S[C@@H]2C(NC(=O)Cc3ccccc3)C(=O)N2C1C(=O)O,0,valid
C[C@H](O)C1C(=O)N2C(C(=O)O)=C(S[C@@H]3CNC(C(=O)N(C)C)C3)[C@H](C)[C@H]12,0,valid
C[C@@H]1C[C@H]2C3C[C@H](F)C4=CC(=O)C=C[C@]4(C)[C@@]3(F)[C@@H](O)C[C@]2(C)C1C(=O)COC(=O)C(C)(C)C,1,valid
CCCCCCC,1,valid
CN(C)[C@@H](CCOc1cccc2ccccc12)c1ccccc1,1,valid
CC(C)CC(=O)c1ccc(OCCCCOc2ccc3ccc(=O)oc3c2)cc1O,0,valid
C=CCN1CCC23c4c5ccc(O)c4O[C@H]2C2(OC)C=CC3(C[C@@H]2C(C)(O)CCC)C1C5,1,valid
CCCC(=O)OC1(C(C)=O)CCCC2C3CC=C4CC(=O)C=CC4(C)C3C(O)CC21C,1,valid
CCC1(CC)C(=O)NC(=O)N(c2ccccc2)C1=O,1,valid
CC(C)C(=O)OCC(=O)[C@@]12O[C@H](C3CCCCC3)O[C@@H]1C[C@H]1[C@@H]3CC=C4CC(=O)C=C[C@]4(C)[C@H]3[C@@H](O)C[C@@]12C,1,valid
O=S(=O)(c1ccc2cc[nH]c2c1)N1CCCC1CCN1CCC(Oc2cccc(Cl)c2)CC1,1,valid
N=C(N)c1ccc(-c2ccccc2[N+](=O)[O-])o1,1,valid
CC(C)NC[C@H](O)COc1cccc(NS(C)(=O)=O)c1,1,valid
O=C(O)c1ccc2nc(-c3cc(Cl)cc(Cl)c3)oc2c1,0,valid
NCc1ccc(S(N)(=O)=O)cc1,0,valid
OCc1cc(C(O)CNCCCCCCOCCCCc2ccccc2)ccc1O,0,valid
C#CC(C)(O)CC,1,valid
CC(=O)Nc1ccc(OC(=O)c2ccccc2O)cc1,1,valid
CC(=O)OCC(=O)[C@@]1(O)CC[C@H]2[C@@H]3CC=C4CC(=O)CC[C@]4(C)[C@H]3[C@@H](O)C[C@@]21C,1,valid
C=c1c(N)c(O)c2c(c1O)N1C[C@@H]3N[C@@H]3[C@]1(OC)C=2COC(N)=O,0,valid
CC[C@H]1OC(=O)C(C)[C@@H](O[C@H]2C[C@@](C)(OC)[C@@H](O)[C@H](C)O2)[C@H](C)[C@@H](O[C@H]2O[C@@H](C)C[C@@H](N(C)C)[C@@H]2O)[C@](C)(O)CC(C)C(=O)C(C)[C@@H](O)[C@]1(C)O,0,valid
CC(CN1C(=O)c2cccnc2Nc2ccccc21)N(C)C,1,valid
C[C@H]1[C@H](c2ccccc2)OCCN1C,1,valid
CCN1CCC(=C(c2ccccc2)c2ccccc2)C1,1,valid
Nc1ccc(C(=O)O)c(O)c1,0,valid
CC(=O)O[C@H]1C[C@@H]2CC[C@@H]3[C@H](CC[C@@]4(C)[C@H]3C[C@H]([N+]3(C)CCCCC3)[C@@H]4OC(C)=O)[C@@]2(C)C[C@@H]1N1CCCCC1,0,valid
CCN(CC)CCCCN(C)c1ccnc2cc(Cl)ccc12,1,valid
CNC(=O)OC1OC(=O)C2(C)C3C=CC(C3)C12,1,valid
CC1N=C(NCC(F)F)Nc2cccc(Cl)c21,1,valid
CCC(=O)O[C@]1(C(=O)COC(C)=O)CC[C@H]2[C@@H]3CC(C)=C4CC(=O)C=C[C@]4(C)[C@H]3[C@@H](O)C[C@@]21C,1,valid
CC(=O)N1CCN(C(=O)Cc2ccc(Cl)c(Cl)c2)[C@@H](CN2CC[C@@H](O)C2)C1,0,valid
CN1CCC[C@H]1c1cccnc1,1,valid
O=[N+]([O-])OC[C@H](O[N+](=O)[O-])[C@H](CO[N+](=O)[O-])O[N+](=O)[O-],0,valid
COCCCCC(=NOCCN)c1ccc(Cl)cc1,1,valid
CCC1(CC)C(=O)NCC(C)C1=O,1,valid
C=C1CC2C3CC=C4CC(=O)C=C[C@]4(C)C3[C@@H](O)C[C@]2(C)[C@@]1(O)C(=O)CO,1,valid
Nc1ccn([C@@H]2CS[C@H](CO)O2)c(=O)n1,0,valid
CC1(C)S[C@@H]2C(NC(=O)C(N=Cc3ccco3)c3ccc(O)cc3)C(=O)N2C1C(=O)O,0,valid
CCOC(N)=O,1,valid
CCn1cc(C(=O)O)c(=O)c2cc(F)c(N3CCNC(C)C3)c(F)c21,0,valid
CC1=NC(=O)C(O)Nc2ccc(Cl)cc21,1,valid
CCC[C@@H]1CC(C(=O)NC(C(C)Cl)[C@H]2O[C@H](SC)[C@H](OP(=O)(O)O)[C@@H](O)[C@H]2O)N(C)C1,0,valid
OC[C@H]1O[C@@H](n2cnc3c2N=CNC[C@H]3O)C[C@@H]1O,1,valid
CN1[C@@H]2CC[C@@H]1CC(OC(=O)c1cn(C)c3ccccc13)C2,1,valid
CNC1C(O)C(OC2C(NC(=O)C(O)CN)CC(N)C(OC3OC(CN)C(O)C(O)C3O)C2O)OCC1(C)O,0,valid
CCN(CC)Cc1ccc2c(c1)CCC(N1CCN(CCc3ccc(F)cc3)CC1=O)C2,1,valid
CC(C)=CCN1Cc2cc(Cl)cc3[nH]c(=S)n(c23)CC1C,1,valid
CC12CCC3c4ccc(OC(=O)N(CCCl)CCCl)cc4CCC3C1CCC2O,0,valid
O=[N+]([O-])c1cc[nH]c1NCCSCc1ccccn1,1,valid
Cc1ccccc1OCC(COC(O)C(Cl)(Cl)Cl)OC(O)C(Cl)(Cl)Cl,1,valid
OCCN1CCN(CCCN2c3ccccc3C=Cc3ccccc32)CC1,1,valid
C[C@@H]1C[C@H]2C3CC(F)(F)C4=CC(=O)C=C[C@]4(C)[C@@]3(F)[C@@H](O)C[C@]2(C)[C@@]1(O)C(=O)CO,1,valid
CN1C(CSCC(F)(F)F)Nc2cc(Cl)c(S(N)(=O)=O)cc2S1(=O)=O,0,valid
Oc1ccc2[nH]cc(CCCCN3CC=C(c4ccccc4)CC3)c2c1,1,valid
CC[C@H](NC(=O)c1c(OCC(=O)O)c(-c2ccccc2)nc2ccccc12)c1ccccc1,0,valid
COC1=CC(=O)C[C@H](C)C12Oc1c(Cl)c(OC)cc(OC)c1C2=O,0,valid
CCN(CC)CCC(=O)N1c2ccccc2Sc2ccc(C(F)(F)F)cc21,1,valid
CN1CCOC(c2ccccc2)c2ccccc2C1,1,valid
CC(C)N=C(N)N=C(N)Nc1ccc(Cl)cc1,1,valid
CCN1CCN(C(=O)NC(C(=O)NC2C(=O)N3C(C(=O)O)C(C)(C)S[C@H]23)c2ccccc2)C(=O)C1=O,1,valid
Cc1ncc([N+](=O)[O-])n1CC(O)CCl,1,valid
ON1C/C(=N/CC2CC2)N=c2ccc(Cl)cc2=C1c1ccccc1,1,valid
Nc1nc(F)nc2c1ncn2[C@@H]1O[C@H](COP(=O)(O)O)[C@@H](O)[C@@H]1O,0,valid
N=C1NC(C(F)(F)F)(C(F)(F)F)NC1(C(F)(F)F)C(F)(F)F,1,valid
COc1ccc2c3c1OC1CC(O)C=C(CN(C)C2)C31,1,valid
O=C(NCC1CCCCN1)c1cc(OCC(F)(F)F)ccc1OCC(F)(F)F,0,valid
CC(C)CN(C[C@H](OP(=O)(O)O)[C@H](Cc1ccccc1)NC(=O)O[C@@H]1CCOC1)S(=O)(=O)c1ccc(N)cc1,0,valid
CC(Cc1ccccc1)NO,0,valid
O=C1CCNc2ccc(Cl)cc2N1c1ccccc1,1,valid
CC(=O)OCC(=O)C1[C@H](C)C[C@H]2C3C[C@H](F)C4=CC(=O)C=C[C@]4(C)[C@@]3(Cl)[C@@H](O)C[C@]12C,1,valid
CN1C[C@H](CN2CC(=O)NC(=O)C2)C=C2c3cccc4[nH]cc(c34)C[C@H]21,1,valid
COc1cc2c(cc1OC)S(=O)(=O)OC(C(=O)NC(C)CC(C)(C)N(C)C)C2,1,valid
C[N+](C)([O-])CCCN1c2ccccc2CCc2ccccc21,1,valid
CCN(CC)CCOC(=O)c1ccc(N)cc1,1,valid
C[C@@H](O)C1C(=O)N2C(C(=O)O)=C(SC3CC[S+]([O-])C3)S[C@H]12,0,valid
CC1(C)O[C@@H]2C[C@H]3C4C[C@H](F)C5=CC(=O)C=C[C@]5(C)[C@@]4(Cl)[C@@H](Cl)C[C@]3(C)[C@]2(C(=O)CF)O1,1,valid
OCCOCCOCCN1CCN(C(c2ccccc2)c2ccc(Cl)cc2)CC1,1,valid
COc1ccc2c(c1)C(O)(CCCN(C)C)c1ccccc1S2,1,valid
CC(C)(CO)C(O)C(=O)NCCCO,0,valid
CCC(C(=O)O)c1ccc(N2Cc3ccccc3C2=O)cc1,1,valid
CCC(=O)O[C@]1(C(=O)SCCl)[C@H](C)C[C@H]2[C@@H]3C[C@H](F)C4=CC(=O)C=C[C@]4(C)[C@@]3(F)[C@@H](O)C[C@@]21C,1,valid
NNC(=O)CP(=O)(c1ccccc1)c1ccccc1,1,valid
O=C1C(O)N=C(c2ccccc2F)c2cc(Cl)ccc2N1CCO,1,valid
C[CH-]c1cccc([N+]C(C)Nc2cccc(CC)c2)c1,1,valid
CC=CCC(C)C(O)C1C(=O)NC(CC)C(=O)N(C)CC(=O)N(C)C(CC(C)C)C(=O)NC(C(C)C)C(=O)N(C)C(CC(C)C)C(=O)NC(C)C(=O)NC(C)C(=O)N(C)C(CC(C)C)C(=O)N(C)C(CC(C)C)C(=O)N(C)C(C(C)C)C(=O)N1C,0,valid
CCN(CC)C(=O)NC1C=C2c3cccc4[nH]cc(c34)CC2N(C)C1,1,valid
CC1c2ccccc2N(C(N)=O)c2ccccc2C1C,0,valid
Cn1cc(O)nc1NC(=O)Nc1cccc(Cl)c1,1,valid
CC(C)(C)C1(O)CCN2CC3c4ccccc4CCc4cccc(c43)C2C1,1,valid
Clc1ccc2c(c1)[C@H]1CCNC[C@@H]1c1ccccc1O2,1,valid
CN(C)C1C(=O)C(C(N)=O)C(=O)C2(O)C(=O)C3C(=O)c4c(O)cccc4C(O)C3CC12,0,valid
CC[C@@H]1C[C@H](OC(=O)C(O)(c2ccccc2)c2ccccc2)C[C@H](C)[N+]12CCCC2,0,valid
Cc1nc(=O)c(C#N)c(NCc2cccnc2)[nH]1,1,valid
O=C(OC1CN2CCC1CC2)c1ccccc1,1,valid
CC(=O)OCC(=O)[C@@]1(OC(=O)c2ccco2)[C@H](C)C[C@H]2C3CC=C4CC(=O)C=C[C@]4(C)[C@@]3(F)[C@@H](O)C[C@@]21C,1,valid
CNC([N+]C#N)NCCS[CH-]c1csc(N[C-]([N+])N)n1,1,valid
COc1cc2c(cc1OC)C1CC(=O)C(CC(C)C)CN1CC2,1,valid
NC(=O)N1c2ccccc2[C@H]2O[C@@H]2c2ccccc21,1,valid
CC/C=C(\C)C1(CC)C(=O)NC(=O)NC1=O,1,valid
O=C1C(CC[C@@H](O)c2ccc(F)cc2)[C@H](c2ccc(O)cc2)N1c1ccc(F)cc1,0,valid
NCC(O)c1cccc(O)c1,0,valid
CC(=O)OCC(=O)[C@@]1(O)[C@H](C)C[C@H]2[C@@H]3C[C@H](F)C4=CC(=O)C=C[C@]4(C)[C@H]3[C@@H](O)C[C@@]21C,1,valid
NC(=O)N1c2ccccc2CC(O)c2ccccc21,0,valid
CN(C(=O)CN(CCO)CCO)c1ccc(Cl)cc1C(=O)c1ccccc1Cl,1,valid
FC(F)OC(Cl)C(F)(F)F,1,valid
CC(=O)OCC(=O)C1(O)CCC2C3CC(C)=C4CC(=O)C=CC4(C)C3C(O)CC21C,1,valid
CCc1ccc2c(c1)N(CC(C)CN(C)C)c1ccccc1S2,1,valid
CC12CC[C@@H](O)C[C@@H]1CCC1C2C(=O)CC2(C)C(C(=O)CO)CC[C@@H]12,1,valid
Cn1c(=O)c2c(ncn2CCCNC[C@@H](O)c2cc(O)cc(O)c2)n(C)c1=O,1,valid
C[C@@H]1C[C@H]2[C@@H]3C[C@H](F)C4=CC(=O)C=C[C@]4(C)[C@@]3(F)[C@@H](O)C[C@]2(C)[C@@]1(O)C(=O)SCF,1,valid
CCN(CC)C(C)=NN=Cc1c2c(O)c3c(O)c(C)c4c(c3c1O)C(=O)C(C)(O/C=C\C(OC)C(C)C(OC(C)=O)C(C)C(O)C(C)C(O)C(C)=CC=CC(C)C(=O)N2)O4,0,valid
CC(=O)C1CC[C@H]2[C@@H]3C[C@@H](O)C45CC4CC[C@]5(C)[C@H]3CC[C@]12C,1,valid
CC(=O)OCC(=O)[C@@]12OC(C)(C)O[C@@H]1CC1C3C[C@H](F)C4=CC(=O)C=C[C@]4(C)[C@@]3(F)[C@@H](O)C[C@@]12C,1,valid
CCN(CC)C(=O)N[C@H]1C=C2c3cccc4[nH]cc(c34)C[C@H]2N(C)C1,1,valid
N#Cc1ccc(S(=O)(=O)C2CCN(CCc3ccc(F)cc3F)CC2)cc1,1,valid
COc1ccc(CC(=O)N2CCN(C(C)=O)C[C@@H]2CN2CC[C@@H](O)C2)cc1,0,valid
Cc1nnc(SCC2=C(C(=O)O)N3C(=O)C(NC(=O)C(N)c4ccc(O)cc4)C3SC2)s1,0,valid
Cc1ccccc1N1CCN(CCCOc2ccccn2)CC1,1,valid
CCC(C)(C)C,1,valid
CC(=O)Nc1ccc([C@H](O)CNC(C)C)cc1,1,valid
O=C1CN=C(c2ccccc2)c2c(sc3c2CCCC3)N1,1,valid
CCOC(=O)C1=C(C)N=C(C)C(C(=O)OC)C1c1cccc([N+](=O)[O-])c1,0,valid
NCCC(O)C(=O)N[C@@H]1C[C@H](N)[C@@H](O[C@H]2O[C@H](CN)CC[C@H]2N)[C@H](O)[C@H]1O[C@H]1O[C@H](CO)[C@@H](O)[C@H](N)[C@H]1O,0,valid
CCC(C)=O,1,valid
CC(=O)C1CCC2C3CC=C4CC(OC(=O)CCC(=O)O)CCC4(C)C3CCC12C,1,valid
N[C@@]1(C(=O)O)CC(=O)C2[C@H]1[C@@]2(F)C(=O)O,0,valid
C#CC1(OCC(O)CN2CCN(c3ccc(F)cc3)CC2)CCCCC1,1,valid
COc1cc2oc(=O)c(C)c(C)c2cc1OCCCN1CCN(c2ccccc2OC)CC1,1,valid
COc1c(N2CCNC(C)C2)c(F)cc2c(=O)c(C(=O)O)cn(C3CC3)c12,0,valid
CN1CC[C@@]2(C)c3cc(OC(=O)Nc4ccccc4)ccc3N(C)[C@@H]12,1,valid
COC(C(=O)C(O)C(C)O)[C@@H]1Cc2cc3cc(O[C@H]4C[C@@H](O[C@H]5C[C@@H](O)[C@H](O)[C@@H](C)O5)[C@H](O)[C@@H](C)O4)c(C)c(O)c3c(O)c2C(=O)C1O[C@H]1C[C@@H](O[C@H]2C[C@@H](O[C@H]3C[C@](C)(O)[C@H](O)[C@@H](C)O3)[C@H](O)[C@@H](C)O2)[C@H](O)[C@@H](C)O1,1,valid
O=C(O)COc1ccc(Cl)cc1Cl,1,valid
CC1CC2C3CC(F)C4=CC(=O)C=CC4(C)C3(F)C(O)CC2(C)C1(O)C(=O)SCF,1,valid
COc1cc2ncnc(Nc3ccc(F)c(Cl)c3)c2cc1OCCCN1CCOCC1,0,valid
CN(C)C1C(=O)C(C(N)=O)C(=O)C2(O)C(=O)C3C(=O)c4c(O)ccc([N+](=O)[O-])c4CC3CC12,0,valid
CC(=O)Nc1cccc(-c2csc(=NC(=N)N)[nH]2)c1,0,valid
CCn1nc(C)c2c1C(c1ccccc1)=NCC(=O)N2,1,valid
COCc1c(-c2ccc(F)cc2)c(=CC[C@@H](O)C[C@@H](O)CC(=O)O)c(C(C)C)nc1=C(C)C,1,valid
CN(C)CC/C=C1/c2ccccc2COc2ccc(CC(=O)O)cc21,0,valid
CCCl,1,valid
CN(C)c1ccnc2sc3c(=O)n(N4CCCCCC4)cnc3c12,1,valid
CC12CC[C@H]3[C@@H](CCC45OC4C(=O)C(C#N)CC35C)[C@H]1CC[C@H]2O,0,valid
Cc1ncc([N+](=O)[O-])n1C[C@H](O)CCl,1,valid
COc1c(N2C[C@@H]3CCCN[C@@H]3C2)c(F)cc2c(=O)c(C(=O)O)cn(C3CC3)c12,0,valid
OCC(O)c1oc(O)c(O)c1O,1,valid
O=C(OC1C[C@@H]2CC3C[C@H](C1)N2CC3=O)c1c[nH]c2ccccc12,1,valid
Cc1nn(C)c2c1N(c1ccccc1)C(=O)CC(=O)N2C,1,valid
CN[C@H]1[C@@H](O)C(O[C@@H]2[C@@H](O)[C@H](OC3O[C@H](CN)[C@@H](O)[C@H](O)[C@H]3O)[C@@H](N)C[C@@H]2NC(=O)C(O)CN)OC[C@]1(C)O,0,valid
COc1nc2nc(-c3noc(C)n3)cn2c2c1CCCC2,1,valid
C[C@@H]1CCCN1CCCOc1ccc(N2CCN(C(=O)c3ccc(F)cc3F)CC2=O)cc1,0,valid
CC(=O)O[C@@H]1/C=C/C(C)=C/C[C@H](O)/C=C\C(C)=C\[C@@H](NC(=O)C(C)=O)[C@]2(C)C(=O)O[C@H](C1)C(C)C2=O,0,valid
COC1C(=O)C(C)C[C@H](C)/C=C/C=C/C=C(/C)[C@@H](OC)C[C@@H]2CC[C@@H](C)[C@@](O)(O2)C(=O)C(=O)N2CCCCC2C(=O)O[C@H]([C@H](C)C[C@@H]2CC[C@@H](O)[C@H](OC)C2)CC(=O)C(C)=CC(C)[C@H]1O,0,valid
OC(C1=NCCN1)(c1ccc(Cl)cc1)c1ccccn1,1,valid
Fc1ccc(C2CCNCC2COc2ccc3c(c2)OCO3)cc1,1,valid
CCOC(=O)C(CCc1ccccc1)NC1CS[C@H](c2cccs2)CN(CC(=O)O)C1=O,0,valid
CC[N+](C)(C)Cc1ccccc1Br,0,valid
NCC(CC(=O)O)c1ccc(Cl)cc1,1,valid
CCC1NC(=O)C(NC(=O)c2ncccc2O)C(C)OC(=O)C(c2ccccc2)NC(=O)C2CC(=O)CCN2C(=O)C(Cc2ccc(N(C)C)cc2)N(C)C(=O)C2CCCN2C1=O,0,valid
COc1ccccc1N1CCN(CCN(C(=O)c2ccc(F)cc2)c2ccccn2)CC1,0,valid
CCCCCn1ccc(=O)c(O)c1C,1,valid
CCOc1cc(N)c([N+](=O)[O-])cc1C(=O)NC1CC[N+](C[C@H]2CC=CCC2)CC1,0,valid
O=C1N(c2ccccc2)c2ccccc2C1(Cc1ccncc1)Cc1ccncc1,1,valid
O=C(O)CN1C(=O)c2cccc3cccc(c23)C1=O,1,valid
C[N+](C)[C@H]1C=C(C(=O)NCO)C(=O)C2(O)C([O-])=C3C(=O)c4c(O)ccc(Cl)c4C(C)(O)[C@H]3C[C@@H]12,0,valid
CSc1ccc2c(c1)N(CC[C@@H]1CCCCN1)c1ccccc1S2,0,valid
CN(C)CCOC1(Cc2ccccc2)C[C@H]2CC[C@]1(C)C2(C)C,1,valid
CSc1ccc2c(c1)N(CCC1CCCCN1C)c1ccccc1S2,1,valid
c1ccc(NCCCOc2cccc(CN3CCCCC3)c2)nc1,1,valid
CCC(=O)OC1(c2ccccc2)CCN(C)CC1CC,1,valid
CNC(=O)NC(O)C(Cl)(Cl)Cl,1,valid
Cc1c[nH]c2c1c(=O)[nH]c(=O)n2C,0,valid
CC(C)NC[C@@H](O)COc1cccc2[nH]ccc12,1,valid
Cc1cc(NC(=O)C2C(=O)c3ccccc3S(=O)(=O)[C@@H]2C)no1,1,valid
CC(C)C(N)C(=O)OCC(CO)OCn1cnc2c(=O)[nH]c(N)nc21,1,valid
c1ccc2c(CC3=NCCN3)cccc2c1,0,valid
O=C(O)CCCCCCNC1c2ccccc2CCc2ccccc21,1,valid
CC(=O)OCC(=O)[C@@]12OC(C)(C)O[C@@H]1C[C@H]1C3CC(C#N)=C4C=C(OCCCl)CC[C@]4(C)[C@@]3(F)[C@@H](O)C[C@@]12C,1,valid
CCCCCCCCCC(=O)O[C@H]1CC[C@H]2[C@H]3CC=C4CC(=O)CCC4[C@H]3CCC12C,0,valid
CC(C)CC(N(C)C)C1(c2ccc(Cl)cc2)CCC1,1,valid
CN(C)C/C=C(/c1ccc(Br)cc1)c1cccnc1,1,valid
CCOC(=O)Nc1ccc(NCc2ccc(F)cc2)nc1N,1,valid
CCCC(C)(COC(N)=O)COC(N)=O,1,valid
CC1(C)OC2CC3C4CC=C5CC(=O)CCC5(C)C4(F)C(O)CC3(C)C2(C(=O)CCl)O1,1,valid
CCCCN=C(c1cc(Cl)ccc1O)c1ccccc1Cl,1,valid
CC(C)(Sc1cc(C(C)(C)C)c(O)c(C(C)(C)C)c1)Sc1cc(C(C)(C)C)c(O)c(C(C)(C)C)c1,0,valid
O=C(CCCN1CCN(c2ccccn2)CC1)c1ccc(F)cc1,1,valid
Cc1cccc2c1Oc1ccccc1C1(O)CCN(C)CC21,1,valid
CCN(CC)CCOC(=O)C1(C2CCCCC2)CCCCC1,0,valid
CC(=O)N[C@H]1[C@@H]([C@@H](O)[C@H](O)CO)OC(C(=O)O)=C[C@H]1N=C(N)N,0,valid
CN(C)S(=O)(=O)c1ccc2c(c1)N(CCCN1CCC(CCO)CC1)c1ccccc1S2,1,valid
C=CCSCC(=O)NC1C(=O)N2C1SC(C)(C)C2C(=O)O,0,valid
CC(C)C(Br)C(=O)NC(N)=O,1,valid
Nc1ncnc2c1ncn2[C@@H]1O[C@H](COP(=O)(O)OP(=O)(O)OP(=O)(O)O)[C@H](O)[C@@H]1O,0,valid
CC(C)NS(=O)(=O)CCN1C(=O)c2ccccc2C1=O,1,valid
CC(C)(C)NCC(O)c1ccc(O)c(NC(N)=O)c1,0,valid
CCCNC(=O)NS(=O)(=O)c1ccc(Cl)cc1,0,valid
CN(C)CCOC(=O)C(c1ccccc1)C1(O)CCCC1,0,valid
O=C1OCCN1/N=C/c1ccc([N+](=O)[O-])o1,0,valid
CC(C)C1(C(C)C)OCC(CO)O1,1,valid
CC(CCc1ccccc1)NC(C)C(O)c1ccc(O)cc1,0,valid
CC(C(=O)O)c1ccc(N2Cc3ccccc3C2=O)cc1,1,valid
CC(=O)OCC1=C(C(=O)O)N2C(=O)C(NC(=O)CSc3ccncc3)C2SC1,0,valid
CN(C)c1ccc(O)c2c1C[C@H]1C[C@H]3C(N(C)C)C(=O)C(C(N)=O)C(=O)C3(O)C(=O)C1C2=O,0,valid
C#CCN(C)[C@H](C)Cc1ccccc1,1,valid
c1ccc2c(c1)cc1n2CCCNC1,1,valid
NCCS,0,valid
CC(c1cc2ccccc2s1)N(O)C(N)=O,0,valid
CNC(=O)CN(CCN(CCN(CC(=O)O)CC(=O)NC)CC(=O)O)CC(=O)O,0,valid
CN(C)CC(CN1c2ccccc2Sc2ccccc21)N(C)C,1,valid
CCC(C)Nc1ccc(I)c(NC(C)CC)c1,1,valid
CCCCNC(=O)NS(=O)(=O)c1ccc(C)cc1,0,valid
CC[C@]1(c2cccc(O)c2)CCCCN(C)C1,1,valid
C[N+](C)C1C(=O)C(C(N)=O)C(=O)C2(O)C([O-])=C3C(=O)c4c(O)cccc4C(C)(O)[C@H]3C[C@@H]12,0,valid
CN(C)c1cc(C[N+]CC(C)(C)C)c(O)c2c1C[C@H]1C[C@H]3C(N(C)C)C(=O)C(C(N)=O)C(=O)[C@@]3(O)C([O-])=C1C2=O,0,valid
CCC(=O)OC1(C(=O)COC(C)=O)CCC2C3CC=C4CC(=O)CCC4(C)C3C(O)CC21C,1,valid
OC1CCN(c2ccc(-c3ccccc3Cl)nn2)CC1,1,valid
CCCOC(C)=O,1,valid
CCOC(=O)CC(O)CC(O)/C=C/C1=C(c2ccc(F)cc2)c2ccccc2OC12CCCC2,1,valid
c1ccc(CN(CC2=NCCN2)c2ccccc2)cc1,0,valid
CC[C@@H]1CCC[C@H](O[C@@H]2CC[C@H](N(C)C)[C@H](C)O2)C(C)C(=O)C2=CC3[C@H](C=C(C)[C@H]4C[C@H](O[C@H]5O[C@@H](C)[C@@H](OC)[C@@H](OC)[C@H]5OC)C[C@@H]34)[C@@H]2CC(=O)O1,0,valid
NS(=O)(=O)c1cc2c(cc1C(F)(F)F)NCNS2(=O)=O,0,valid
CC1(C)O[C@@H]2CC3C4CC=C5CC(=O)CC[C@]5(C)[C@@]4(F)[C@@H](O)C[C@]3(C)[C@]2(C(=O)CCl)O1,1,valid
O=C1NNC(=O)C1(c1ccccc1)c1ccccc1,1,valid
CN(C)C1CCc2[nH]c3ccccc3c2C1,1,valid
NC(=O)N1CC(Oc2cccc(C(F)(F)F)c2)C1,1,valid
CCN(CC)CCNc1ccc(C)c2sc3ccccc3c(=O)c12,0,valid
CCc1cccc2c1N[C@@H]1[C@H]2CCOC1(CC(=O)O)CC(=O)O,1,valid
CN[C@@H]1[C@H](O[C@H]2[C@H](O[C@H]3[C@H](O)[C@@H](O)[C@H](N=C(N)N)[C@@H](O)[C@@H]3N=C(N)N)O[C@@H](C)[C@]2(O)CO)O[C@@H](CO)[C@H](O)[C@H]1O,0,valid
CN(C)C1C(=O)C(C(=O)NC[N+]CCCCC([N+])C(=O)[O-])C(=O)C2(O)C([O-])=C3C(=O)c4c(O)cccc4C(C)(O)[C@H]3C[C@@H]12,0,valid
CN1CC2c3ccccc3Oc3ccc(Cl)cc3C2C1,1,valid
c1cncc([C@@H]2CCCN2)c1,1,valid
CO[C@@]1(NC(=O)CSC(F)F)C(=O)N2C(C(=O)O)=C(CSc3nnnn3CCO)CO[C@@H]21,0,valid
CC1(C)SC2C(NC(=O)C(c3ccccc3)S(=O)(=O)O)C(=O)N2C1C(=O)O,0,valid
CN=C(N)NC(=O)Nc1c(C)cccc1C,0,valid
OC(Cn1cncn1)(Cn1cncn1)c1ccc(F)cc1F,1,valid
CCC(=O)O[C@H]1[C@H](C)O[C@@H](O[C@@H]2C(C)C(=O)O[C@H](C)[C@H](C)[C@H](OC(=O)CC)C(C)C(=O)[C@]3(CO3)CC(C)[C@H](O[C@@H]3O[C@H](C)C[C@H](N(C)C)[C@H]3O)[C@H]2C)C[C@@H]1OC,0,valid
COc1cc(C(C)=O)ccc1OCCCN1CCC(c2noc3cc(F)ccc23)CC1,1,valid
O=C1CC[C@H]2[C@H]3Cc4cccc(O)c4[C@@]2(CCN3CC2CC2)C1,1,valid
CC1(C)SC2C(NC(=O)C(N)c3ccc(O)cc3)C(=O)N2C1C(=O)O,0,valid
CCC(C(=O)NC(N)=O)c1ccccc1,1,valid
CO[C@@]1(NC(=O)CSC(F)(F)F)C(=O)N2C(C(=O)O)=C(CSc3nnnn3CCO)CO[C@@H]21,0,valid
CC1(C)CC(=O)N(CCCCN2CCN(c3ncccn3)CC2)C(=O)C1,1,valid
NC[C@H]1O[C@H](O[C@H]2[C@H](O)[C@@H](O[C@H]3O[C@H](CO)[C@@H](O)[C@H](N)[C@H]3O)[C@H](NC(CO)CO)C[C@@H]2N)[C@H](N)[C@@H](O)[C@@H]1O,0,valid
CN1CCC(OC(c2ccccc2)c2ccccc2)CC1,1,valid
NCc1ccccc1Sc1ccccc1CO,1,valid
Cc1nnc(C(C)C)n1C1C[C@@H]2CC[C@@H](C1)N2CC[C@H](NC(=O)C1CCC(F)(F)CC1)c1ccccc1,0,valid
FC(F)(F)c1cccc(N2CCN(CCc3nnc4n3CC3CCCC43)CC2)c1,1,valid
CCN(CC)CC(=O)OCC(=O)[C@@]1(O)CC[C@H]2[C@@H]3CC=C4CC(=O)CC[C@]4(C)[C@H]3[C@@H](O)C[C@@]21C,1,valid
CC1NC(=O)COC1c1ccccc1,1,valid
COCCN1CCC23c4c5ccc(O)c4OC2C(=O)CCC3(O)C1C5,1,valid
NCC1CCC(C(=O)O)CC1,1,valid
CCCN1CC(NS(=O)(=O)N(CC)CC)CC2Cc3c(O)cccc3CC21,1,valid
CC(=O)N1CCN(C(=O)Cc2ccc([S+](C)[O-])cc2)[C@@H](CN2CC[C@H](O)C2)C1,0,valid
O=C1NCN(c2ccccc2)C12CCN(CC1COc3ccccc3O1)CC2,1,valid
CN(C)CCC=C1c2ccccc2CCc2ccccc21,1,valid
CN1[C@@H]2CC[C@H]1CC(OC(c1ccccc1)c1ccccc1)C2,1,valid
CN=C1CN(O)C(c2ccccc2)=c2cc(Cl)ccc2=N1,1,valid
CC(C)(CO)C(O)C(=O)NCCCC(=O)O,1,valid
N=C(N)NCCCC(NC(=O)C1CCCN1C(=O)C1CSSCCC(=O)NC(Cc2ccc(O)cc2)C(=O)NC(Cc2ccccc2)C(=O)NC(CCC(N)=O)C(=O)NC(CC(N)=O)C(=O)N1)C(=O)NCC(N)=O,0,valid
CON=C(C(=O)NC1C(=O)N(OCC(=O)OCC(=O)OC(C)(C)C)[C@H]1C)c1csc(N)n1,0,valid
COC(=O)c1ccc2c(C(=Nc3ccc(N(C)C(=O)CN4CCN(C)CC4)cc3)c3ccccc3)c(O)[nH]c2c1,0,valid
COC1=CC(=O)OC1C(O)c1ccccc1Cl,1,valid
O=C1NC(=O)C2(CCc3ccccc3C2)N1,1,valid
CN1c2ccccc2C(c2ccccc2Cl)=NCC1(Cl)CO,1,valid
Cc1csc2ccc3[nH]c4c(c3c12)CN(C)CC4,1,valid
NC[C@@H]1O[C@H](O[C@H]2[C@@H](O)[C@H](O[C@@H]3[C@@H](O)[C@H](N)C[C@H](N)[C@H]3O[C@H]3O[C@H](CN)[C@@H](O)[C@H](O)[C@H]3N)O[C@@H]2CO)[C@H](N)[C@@H](O)[C@@H]1O,0,valid
COC(=O)C1C(=O)CC(=Nc2ccc(Cl)cc2)C[C@@H]1C,0,valid
CC(C)[C@@H]1CC[C@H](C)C[C@@H]1O,0,valid
CC(C)[C@H](CN1CCCC1)N(C)C(=O)Cc1ccc(Cl)c(Cl)c1,1,valid
CC[C@@H]1[C@@H]2C[C@H]3[C@H]4N(C)c5ccccc5C45C[C@H]([C@@H]2[C@H]5O)N3[C@@H]1O,0,valid
CNCC(O)c1cccc(OC(=O)C(C)(C)C)c1,0,valid
O=C(O)c1cc(=O)c2cc(OCC(O)COc3cccc4oc(C(=O)O)cc(=O)c34)ccc2o1,0,valid
CC1C=NOC(C(N)CC(C)C(C)(C)N(C(C)(C)C)C(C)(N)N)C1=O,1,valid
COc1cccc(OC)c1C(=O)NC1C(=O)N2C(C(=O)O)C(C)(C)S[C@H]12,0,valid
O=C(NC(CO)C(O)c1ccc([N+](=O)[O-])cc1)C(Cl)Cl,0,valid
c1ccc2c(c1)[nH]c1cnccc12,1,valid
[N]C(=N)NC(=O)Cc1c(Cl)cccc1Cl,1,valid
CCNC1(c2ccccc2)CCCCC1,1,valid
CC/C=C/C/C=C/C/C=C/C/C=C/C/C=C/CCCC(=O)OCC,0,valid
CC12C=C(Br)C(=O)C=C1[C@H](F)CC1[C@@H]3CC[C@](O)(C(=O)CO)[C@@]3(C)C[C@H](O)[C@@]12F,1,valid
CN1C2CCC1CC(NC(=O)N1CC(C)(C)c3ccccc31)C2,1,valid
N[C@H]1CCCCN(c2c(F)cc3c(=O)c(C(=O)O)cn(C4CC4)c3c2Cl)C1,0,valid
O=C(OCc1ccccc1)c1ccccc1,0,valid
CN(C)CCC=C1c2ccccc2CNc2cc(Cl)ccc21,1,valid
CC(=O)C1CC[C@H]2[C@@H]3CC[C@H]4C[C@](C)(O)CC[C@]4(C)[C@H]3CC[C@]12C,1,valid
CN1C2CCCC1CC(NC(=O)c1nn(C)c3ccccc13)C2,1,valid
CCCn1c(=O)[nH]c(=O)c2[nH]cnc21,0,valid
C[C@@H]1CC2[C@@H]3C[C@H](F)C4=CC(=O)C(Cl)=C[C@]4(C)[C@@]3(F)[C@@H](O)C[C@]2(C)[C@@]1(O)C(=O)CO,1,valid
CCC(C)(S(=O)(=O)CC)S(=O)(=O)CC,1,valid
Cc1ccccc1,1,valid
C[C@@H](Cc1ccccc1)N(C)C,1,valid
C[C@@H]1CC2C3C[C@H](F)C4=CC(=O)C=C[C@]4(C)[C@@]3(F)[C@@H](O)C[C@]2(C)[C@@]1(O)C(=O)CO,1,valid
COc1ccc(S(N)(=O)=O)cc1C(=O)NCC1CCCN1Cc1ccc(F)cc1,1,valid
COC(=O)N1CCN(C(=O)Cc2ccc(Cl)c(Cl)c2)[C@@H](CN2CCCC2)C1,1,valid
CC1C2C(=O)c3ccc(O)cc3[C@]1(C)CCN2CC1CC1,1,valid
CCN(CC)C(=O)COc1cc2c(O)c3c(O)c(C)c4c(c13)C(=O)[C@@](C)(O/C=C/[C@H](OC)[C@@H](C)[C@@H](OC(C)=O)[C@H](C)[C@H](O)[C@H](C)[C@@H](O)C(C)=CC=CC(C)C(=O)N2)O4,0,valid
C=CC(N)CCC(=O)O,1,valid
NC(=O)C1(N2CCCCC2)CCN(CCCN2c3ccccc3CCc3ccccc32)CC1,1,valid
C#CC1(O)CC[C@H]2[C@H]3CC=C4CC(=O)CCC4[C@H]3C(=C)CC21CC,0,valid
CN(C)C1C(=O)C(C(N)=O)C(=O)[C@@]2(O)C(=O)C3C(=O)c4c(O)cccc4[C@@](C)(O)[C@@H]3[C@H](O)[C@@H]12,1,valid
CN1CCC23c4c5ccc(O)c4OC2C(O)C=CC3C1C5,1,valid
NS(=O)(=O)c1cc(C(=O)O)cc(N2CCCC2)c1Oc1ccccc1,1,valid
OCC(O)CO,0,valid
C=C(C)CNCC(=O)N(C)c1ccc(Cl)cc1C(=O)c1ccccc1,1,valid
O=C1CN=C(c2ccccc2)c2cc(Cl)ccc2N1CC(F)(F)F,1,valid
NC(=O)CN1CCCC1=O,1,valid
CCC(=O)OC1(C(=O)SC)C(C)CC2C3CC(F)C4=CC(=O)C=CC4(C)C3(F)C(O)CC21C,1,valid
CCCN(CCC)C1Cc2cccc3cc(O)cc(c23)C1,1,valid
CC(=O)O[C@H](C)C[N+](C)(C)C,0,valid
CC(C)NCC(O)c1ccc(NS(C)(=O)=O)cc1,1,valid
CC1=C2CC(=O)C=CC2(C)C2C(O)CC3(C)C(CCC3(O)C(=O)COC(=O)CCC(=O)O)C2C1,1,valid
CC(C)(C)CC(=O)OCC(=O)[C@@]1(O)CC[C@H]2[C@@H]3CC=C4CC(=O)C=C[C@]4(C)[C@H]3[C@@H](O)C[C@@]21C,1,valid
O=C1CCC2C3Cc4cccc(O)c4C2(CCN3CC2CC2)C1,1,valid
COc1ccc(-n2nc(C)cc2C)cc1CNC1CCCNC1c1ccccc1,1,valid
CCCC(C)(O)C1CC23C=CC1(OC)C1Oc4c(OC(C)=O)ccc5c4C12CCN(C)C3C5,1,valid
CC(N)C(=O)c1ccccc1,1,valid
COc1ccc([C@H](O)CN2CCN(c3cccccc3=O)CC2)cc1OC,1,valid
CCC[C@](C)(O)C1C[C@@]23C=C[C@]1(OC)[C@@H]1Oc4c(O)ccc5c4[C@@]12CCN(C)[C@@H]3C5,1,valid
Cc1cnn(-c2c(Cl)cccc2Cl)c1C(=O)NC1C(=O)N2C1SC(C)(C)C2C(=O)O,0,valid
CN1CCN(CC/C=C2/c3ccccc3Sc3ccc(S(=O)(=O)N(C)C)cc32)CC1,1,valid
Cc1ccccc1-n1c(C)nc2ccccc2c1=O,1,valid
CCOc1ccccc1OC(c1ccccc1)C1CNCCO1,1,valid
CNc1nc(Cl)c(SC)c(N2CCN(C)CC2)n1,1,valid
CC(=O)OCC1=C(C(=O)O)N2C(=O)C(NC(=O)CSc3ccncc3)[C@H]2SC1,0,valid
O=C(CCCN1CCC(O)(c2ccc(Cl)c(C(F)(F)F)c2)CC1)c1ccc(F)cc1,1,valid
CN(C)CCn1nnnc1SCC1=C(C(=O)O)N2C(=O)C(NC(=O)Cc3csc(N)n3)[C@H]2SC1,0,valid
Cn1ncnc1COc1nn2c(-c3cc(F)ccc3F)nnc2cc1C(C)(C)C,0,valid
N=C(N)NCCCOc1ccccc1,1,valid
CCCCC[C@H](O)/C=C/[C@@H]1C2C/C(=C/CCCC(=O)O)OC2C[C@H]1O,0,valid
O=C(O)COCCN1CCN([C@H](c2ccccc2)c2ccc(Cl)cc2)CC1,0,valid
NC(=O)OCC1C(=NC(=O)C(NOCC(=O)O)c2csc(N)n2)C(=O)N1S(=O)(=O)O,0,valid
CC(Cc1ccc(O)c(O)c1)(NN)C(=O)O,0,valid
O=C1CN2CCOC2(c2ccccc2F)c2cc(Cl)ccc2N1CCO,1,valid
CC(C)CC(NC(=O)C(CCc1ccccc1)NC(=O)CN1CCOCC1)C(=O)NC(Cc1ccccc1)C(=O)NC(CC(C)C)C(=O)C1(C)CO1,0,valid
[O-][N+]1=C(c2ccccc2)c2cc(Cl)ccc2N=C(NCC2CC2)C1,1,valid
COC(=O)C1C(C)=NC(C)=C(OC(C)=O)[C@H]1c1ccccc1[N+](=O)[O-],1,valid
C[C@]12C=CC(=O)C=C1CC[C@H]1[C@@H]3C[C@H]4Cc5ccccc5C[C@@]4(C(=O)CO)[C@@]3(C)C[C@H](O)[C@@]12F,1,valid
CNC(CC(C)C)C(=O)NC1C(=O)NC(CC(N)=O)C(=O)NC2C(=O)NC3C(=O)NC(C(=O)NC(C(=O)O)c4cc(O)cc(O)c4-c4cc3ccc4O)[C@H](O)c3ccc(c(Cl)c3)Oc3cc2cc(c3O[C@@H]2O[C@H](CO)[C@@H](O)[C@H](O)[C@H]2O[C@H]2C[C@](C)(N)[C@H](O)[C@H](C)O2)Oc2ccc(cc2Cl)[C@H]1O,0,valid
O=P([O-])(O)C(O)(CC1=C[N+]=CC=C1)P(=O)(O)O,0,valid
CN1C2CCC1CC(OC(=O)C(O)c1ccccc1)C2,0,valid
CC(CN(C)C)CN1c2ccccc2Sc2ccc(C#N)cc21,1,valid
CNCCC(Oc1ccccc1OC)c1ccccc1,1,valid
NC(=O)c1ccc(S(=O)(=O)C2CCN(CCc3ccc(F)cc3F)CC2)cc1,0,valid
CC[C@H]1OC(=O)C(C)[C@@H](O[C@H]2C[C@@](C)(OC)[C@@H](O)[C@H](C)O2)[C@H](C)[C@@H](O[C@@H]2O[C@H](C)C[C@H](N(C)C)[C@H]2O)[C@](C)(O)C[C@@H](C)/C(=N/OCOCCOC)[C@H](C)[C@@H](O)[C@]1(C)O,0,valid
CCC(=O)[C@@]1(C)[C@H](C)CC2C3CC=C4CC(=O)C=C[C@]4(C)C3[C@@H](O)C[C@@]21C,1,valid
OCC1OC(n2cnc3c2N=CNCC3O)CC1O,1,valid
CCCN[C@@H]1CCc2nc(N)sc2C1,1,valid
Clc1ccc2c(c1)C(c1ccccc1)=NCc1nncn1-2,1,valid
CCCCCCCCCCCCCCCC[N+](C)(C)CCN(Cc1ccc(OC)cc1)c1ncccn1,0,valid
CN1C(CCl)Nc2cc(Cl)c(S(N)(=O)=O)cc2S1(=O)=O,0,valid
CC[C@@]1(O)C(=O)OCc2c1cc1n(c2=O)Cc2cc3ccccc3nc2-1,0,valid
CCOC(=O)c1ncn2c1CN(C)C(=O)c1cc(F)ccc1-2,1,valid
CN(C)CC[C@]1(c2ccccc2)CCc2ccccc2C1=O,1,valid
CO[C@H]1/C=C/O[C@@]2(C)Oc3c(C)c(O)c4c(O)c(cc(O)c4c3C2=O)NC(=O)C(C)=CC=CC(C)[C@H](O)[C@@H](C)[C@@H](O)[C@@H](C)[C@H](OC(C)=O)[C@@H]1C,0,valid
O=C(O)C(CCc1ccccc1)NC1CCCN2CCCC(C(=O)O)N2C1=O,0,valid
CN1CC(C(=O)NC2(C)O[C@@]3(O)[C@@H]4CCCN4C(=O)C(Cc4ccccc4)N3C2=O)C[C@@H]2c3cccc4[nH]cc(c34)C[C@H]21,0,valid
CN1CCN(C(=O)OC2C3=C(SCCS3)C(=O)N2c2ccc3ccc(Cl)nc3n2)CC1,1,valid
CCCCOCC(CN1C(=O)N(CC(COCCCC)OC(N)=O)C(=O)C(CC)(c2ccccc2)C1=O)OC(N)=O,1,valid
NS(=O)(=O)c1ccc(C(=O)O)cc1,1,valid
C[C@@H]1C/C=C\C=C\C=C/C=C\[C@H](O[C@@H]2O[C@H](C)[C@H](O)[C@@H](N)[C@H]2O)C[C@H]2OC(O)(C[C@H](O)C[C@H]3O[C@@H]3/C=C\C(=O)O1)C[C@@H](O)C2C(=O)O,0,valid
CCc1[nH]c(C2CC2)c(C(N)=O)[n+]1Cc1ccc2oc(-c3ccccc3N=S(=O)([O-])C(F)(F)F)c(Br)c2c1,0,valid
Cc1ccc(=O)n(-c2ccccc2)c1,0,valid
CN(C)CCCC1(c2ccc(F)cc2)OCc2cc(C#N)ccc21,1,test
CC1=C(C(=O)O)N2C(=O)C(NC(=O)C(N)c3ccc(O)c(Cl)c3)C2SC1,0,test
CCCCC(=O)O[C@]1(C(=O)CO)CCC2C3CC=C4CC(=O)CCC4(C)C3C(O)CC21C,1,test
O=C(c1ccccn1)c1cnn2c(-c3ccncc3)ccnc12,1,test
CC(C)CN1CCN(c2ccc(I)cc2)CC1,1,test
c1cc(CN2CCCCC2)cc(OCCCNc2nc3ccccc3o2)c1,1,test
CN1CCCCC1CCN1c2ccccc2Sc2ccc([S+](C)[O-])cc21,1,test
CCCCN1CC2Cc3cc(OC)c(OC)cc3C2C1,1,test
CC(=O)O[C@]1(C(C)=O)CC[C@@H]2C3=CC(Cl)=C4CC(=O)C5C[C@@H]5[C@]4(C)[C@@H]3CC[C@@]21C,1,test
N#CC(CCN1CCC(C(=O)O)(c2ccccc2)CC1)(c1ccccc1)c1ccccc1,0,test
CCC1(c2ccccc2)NC(=O)N(C)C1=O,1,test
Clc1ccc2c(c1)C1CNCC1c1ccccc1O2,1,test
CC(=O)[C@]1(O)C=C2C(=O)c3c(c(O)c4c(O)cccc4c3O)C(=O)C2C(OC2CC(N)C(O)C(C)O2)C1,0,test
CC(Cc1ccccc1)N(C)Cc1ccccc1,1,test
CC1COC2(c3ccccc3Cl)c3cc(Cl)ccc3NC(=O)CN12,1,test
CN(C)CCc1c[nH]c2ccc(O)cc12,1,test
CC[C@H](NC(=O)c1c(Cn2ccnc2)c(-c2ccccc2)nc2ccccc12)c1ccccc1,0,test
O=C(c1ccccc1)c1ccc2n1CCC2C(=O)O,0,test
CC(CN(C)C)CN1c2ccccc2Sc2ccccc21,1,test
Cc1cn(C2CC([N-][N+]#N)C(CO)O2)c(=O)[nH]c1=O,0,test
C=C1CCC2(O)C3Cc4ccc(O)c5c4C2(CCN3CC2CC2)C1O5,1,test
Cc1ccc(C(=O)Nc2ccc(CN3CCN(C)CC3)c(C(F)(F)F)c2)cc1C#Cc1cnc2cccnn12,0,test
C=Cc1ccccc1,1,test
Cc1cccc(C)c1Nc1ncc(-c2cccc(OCCN3CCCC3)c2)n2cncc12,0,test
CC(=O)OCC(=O)C1(OC(C)=O)C(C)CC2C3CC(F)C4=CC(=O)C=CC4(C)C3(F)C(O)CC21C,1,test
Cc1c(C)c2ccc(OCc3nnc(C(C)C)s3)cc2oc1=O,1,test
Cc1nn(C)c2c1C(c1ccccc1Cl)=NCCN2,1,test
Cc1ncc(CO)c(CO)c1O,0,test
CC(=O)[C@]1(O)C=C2C(=O)c3c(c(O)c4ccccc4c3O)C(=O)C2[C@@H](O[C@H]2C[C@H](N)[C@H](O)[C@H](C)O2)C1,0,test
CC1=[N+]C=C(CO)C(C=O)=C1[O-],0,test
CC1=C2[N]C(C(CC(N)=O)C2(C)CCC(=O)NCC(C)OP(=O)([O-])OC2C(CO)OC(n3cnc4cc(C)c(C)cc43)C2O)C2(C)N=C(/C(C)=C3\[N+]=C(/C=C4\N=C1C(CCC(N)=O)C4(C)C)C(CCC(N)=O)C3(C)CC(N)=O)C(CCC(N)=O)C2(C)CC(N)=O,1,test
O=C(O)/C=C/c1ccc(Cn2ccnc2)cc1,0,test
CC(=O)OCC(=O)C1(O)CCC2C3CC(Cl)C4=CC(=O)C=CC4(C)C3C(=O)CC21C,1,test
CC1(C)S[C@@H]2C(NC(=O)C(NC(=O)N3CCN(S(C)(=O)=O)C3=O)c3ccccc3)C(=O)N2C1C(=O)O,0,test
CN1[C@@H]2CC[C@H]1CC(OC(=O)C(CO)c1ccccc1)C2,1,test
CCCC(C)C1(CC)C(=O)NC(=O)NC1=O,1,test
CCC(C)C(=O)O[C@H]1C[C@@H](C)C=C2C=C[C@H](C)[C@H](CC[C@@H]3C[C@@H](O)CC(=O)O3)[C@H]21,0,test
OC[C@H](O)c1oc(O)c(O)c1O,1,test
NC(=O)C1CCCCO1,1,test
CCC(=O)N(c1ccccc1F)C1(c2ccccc2)CCN(CCn2nnn(CC)c2=O)CC1,1,test
CC12C=CC(=O)C1C(=O)CCC1C2C(O)CC2(C)C1CCC2(O)C(=O)CO,1,test
CN(C)CC(Oc1ccccc1)Oc1ccccc1,1,test
COc1ccc(S(C)(=O)=O)cc1CNC1CCCNC1c1ccccc1,0,test
Oc1ccc2c3c1O[C@H]1[C@@H](O)CC[C@@]4(O)[C@@H](C2)N(CC2CCC2)CC[C@]314,1,test
COc1cc(Br)c2oc(C3CCNCC3)cc2c1,1,test
COC(=O)[C@@]1(O)CC[C@H]2C3CCC(=O)C4C(=O)C=CC4(C)[C@H]3C(O)CC21C,1,test
COc1cc(/C=C/C(=O)N2CCCCCCC2)cc(OC)c1OC,1,test
C[C@]12CCC(=O)C=C1CC[C@@H]1[C@@H]2[C@@H](O)C[C@]2(C)C(C(=O)CO)CC[C@@H]12,0,test
CCN(CC)CCOC(=O)C1N2C(=O)C(NC(=O)c3c(OC)cccc3OC)[C@H]2SC1(C)C,0,test
CN[C@H]1CC[C@@H](c2ccc(Cl)c(Cl)c2)c2ccccc21,1,test
COc1cc2c(cc1OC)C(Cc1cc(OC)c(OC)c(OC)c1)[N+](C)(CCCOC(=O)CC/C=C/CCC(=O)OCCC[N+]1(C)CCc3cc(OC)c(OC)cc3C1Cc1cc(OC)c(OC)c(OC)c1)CC2,0,test
Clc1ccc([C@@H](Cn2ccnc2)OCc2ccc(Sc3ccccc3)cc2)c(Cl)c1,0,test
CN1CCN(CC(=O)N2c3ccccc3C(=O)Nc3cccnc32)CC1,1,test
O=C(OC1CC2CC3C[C@H](C1)N2CC3=O)c1c[nH]c2ccccc12,1,test
O=C1OC(c2ccc(O)cc2)(c2ccc(O)cc2)c2ccccc21,0,test
O=C(CN1CC[C@]23CCCC[C@H]2[C@H]1Cc1ccc(O)cc13)c1ccccc1,1,test
Cc1nc2n(c(=O)c1CCN1CCC(c3coc4cc(F)ccc34)CC1)CCCC2,0,test
Cc1cccc(C)c1,1,test
CCCN(CCC)CCc1ccc(O)c2[nH]c(O)cc12,1,test
CC1(C)S[C@@H]2C([N+]3C(=O)C(c4ccc(O)cc4)NC3(C)C)C(=O)N2C1C(=O)O,0,test
O=C1CCCC(=O)C1C(=O)c1ccc(C(F)(F)F)cc1[N+](=O)[O-],0,test
CN1CCN(c2cc3c(cc2F)c(=O)c(C(=O)O)cn3-c2ccc(F)cc2)CC1,0,test
COCC1=C(C(=O)O)N2C(=O)C(NC(=O)C(=NO)c3csc(N)n3)[C@H]2SC1,0,test
CCCCCc1cc(O)c2c(c1)OC(C)(C)[C@@H]1CCC(C)=C[C@@H]21,1,test
Cc1nccnc1N1CCCCC1,1,test
CC(CN(C)C)CN1c2ccccc2CCc2ccccc21,1,test
Cc1c[nH]c(=NC(=N)N)s1,0,test
Cc1c(F)c(=O)n(-c2ccccc2)n1C,0,test
C[C@H]1C[C@@H](O)C[C@@H](O[C@@H]2[C@H](O)C[C@H](O[C@@H]3[C@H](O)C[C@H](O[C@@H]4CCC5(C)[C@H](CC[C@H]6[C@@H]5C[C@H](O)C5(C)[C@H](C7=CC(=O)OC7)CCC65O)C4)O[C@@H]3C)O[C@@H]2C)O1,0,test
O=C1NC(CCCl)Oc2ccccc21,1,test
C=CCC1(O)CC[C@H]2[C@H]3CCC4=CCCC[C@@H]4[C@H]3CCC21C,0,test
CCCOC(=O)N1CCN(C(=O)Cc2ccc(Cl)c(Cl)c2)[C@@H](CN2CCCC2)C1,1,test
CCc1cccc(N=C(C)Nc2cccc(CC)c2)c1,1,test
CCOc1cc(CC(=O)N[C@H](CC(C)C)c2ccccc2N2CCCCC2)ccc1C(=O)O,1,test
CC(C)=CCN1CC[C@]23c4c5ccc(O)c4OC2C(=O)CC[C@@]3(O)[C@H]1C5,1,test
CN(C)Cc1ccnc(-c2cccc(NC3N=CC=C3[N+](=O)[O-])c2)c1,1,test
CCN(CC)C(C)=NN=Cc1c2c(O)c3c(O)c(C)c4c(c3c1O)C(=O)C(C)(O/C=C/C(OC)C(C)C(OC(C)=O)C(C)C(O)C(C)C(O)C(C)=CC=CC(C)C(=O)N2)O4,0,test
CCn1ccc(NS(=O)(=O)c2ccc(N)cc2)nc1=O,0,test
NC(=O)C1(N2CCCCC2)CCN(CCCC(=O)c2ccc(F)cc2)CC1,1,test
CC[C@H](CO)NC(=O)C1C=C2c3cccc4c3c(cn4C)C[C@@H]2N(C)C1,1,test
CN1CCN2c3ccccc3Cn3cccc3C2C1,1,test
C/C(=C(\CCOP(=O)(O)O)SC(=O)c1ccccc1)N(C=O)Cc1cnc(C)nc1N,1,test
Cc1ccc(Cc2ccccc2)c(N2CCNCC2)c1,1,test
CN(C)CCN(c1ccc(Cl)cc1)c1ccccn1,1,test
CN1CCC[C@H]1Cc1c[nH]c2ccc(CCS(=O)(=O)c3ccccc3)cc12,0,test
OCCN1CCCN(CCCN2c3ccccc3C=Cc3ccccc32)CC1,1,test
CCN(CC)C(=O)N[C@H]1C[C@@H]2c3cccc4[nH]cc(c34)C[C@H]2N(C)C1,1,test
Cc1[nH]nc2c1N(c1ccccc1)C(=O)CC(=O)N2C,1,test
Cc1ccc(S(=O)(=O)NC(=O)NN2CCCCCC2)cc1,0,test
CN1CCN(C2=Nc3cc(Cl)ccc3Nc3ccccc32)CC1,1,test
CC1(C)S[C@@H]2C(NC(=O)C(C(=O)O)c3ccsc3)C(=O)N2C1C(=O)O,1,test
O=C(Nc1ccccc1)OCC1(COC(=O)Nc2ccccc2)CCCC1,1,test
CN(c1nc(=O)cc[nH]1)C1CCN(c2nc3ccccc3n2Cc2ccc(F)cc2)CC1,0,test
CCCC(=O)OC1(C(=O)CCl)C(C)CC2C3CC=C4CC(=O)C=CC4(C)C3(F)C(=O)CC21C,1,test
Cc1cc(C(C)(C)SC(C)(C)CNc2[nH]ccc2[N+](=O)[O-])nc(C)c1C,1,test
COc1cc([C@@H]2c3cc4c(cc3[C@@H](O[C@@H]3O[C@@H]5CO[C@H](C)O[C@H]5[C@H](O)[C@H]3O)[C@H]3COC(=O)C23)OCO4)cc(OC)c1O,0,test
Cc1ccc(C2(O)CCN(CCCC(=O)c3ccc(F)cc3)CC2)cc1,1,test
O=C(C1CCCCC1)N1CC(=O)N2CCc3ccccc3C2C1,1,test
CCOc1ccc(CC2=NCCc3cc(OCC)c(OCC)cc32)cc1OCC,0,test
Cc1cccc(CN2CCN([C@H](c3ccccc3)c3ccc(Cl)cc3)CC2)c1,1,test
CCO,1,test
CCC(NC(=O)c1c(OCC(=O)O)c(-c2ccccc2)nc2ccccc12)c1ccccc1,0,test
CN(C)C(=O)C(CCN1CCC(O)(c2ccc(Cl)cc2)CC1)(c1ccccc1)c1ccccc1,0,test
C=C1CC2C3=CC=C4CC(=O)CCC4(C)C3C(O)CC2(C)C1(O)C(=O)CO,1,test
CCOC(=O)CNC(C(=O)N1CCC1C(=O)NCc1ccc(C(N)=NO)cc1)C1CCCCC1,0,test
C=C1c2cccc(O)c2C(=O)C2C(=O)[C@]3(O)C(=O)C(C(N)=O)C(=O)C(N(C)C)[C@@H]3[C@@H](O)[C@H]12,0,test
C=C(c1ccc(C(=O)O)cc1)c1cc2c(cc1C)C(C)(C)CCC2(C)C,0,test
C[C@]12C=CC(=O)C=C1CC[C@H]1[C@@H]3CC[C@](O)(C(=O)CO)[C@@]3(C)C[C@H](O)[C@@]12F,1,test
CC[C@]1(O)C[C@H]2CN(CCc3c([nH]c4ccccc34)C(C(=O)OC)(c3cc4c(cc3OC)N(C)[C@@H]3C45CCN4CC=C[C@](CC)([C@H]45)[C@@H](OC(C)=O)[C@]3(O)C(=O)OC)C2)C1,0,test
CCOC(=O)C1(c2ccccc2)CCN(C)CC1,1,test
Cc1nc2c(C)cccn2c(=O)c1CCN1CCC(c2noc3cc(F)ccc23)CC1,1,test
O=C1NCCN1CCN1CCC(c2cn(-c3ccc(F)cc3)c3ccc(Cl)cc23)CC1,1,test
NS(=O)(=O)c1cc2c(cc1Cl)NC(C(Cl)Cl)NS2(=O)=O,0,test
O=c1[nH]c2ccccc2c(=O)n1CCN1C[C@H]2C[C@H](c3ccc(F)cc3)[C@H]2C1,1,test
Nc1nc(NC2CC2)c2ncn([C@H]3C=C[C@@H](CO)C3)c2n1,1,test
COc1ccc2c3c1OC1C(O)C=CC4C(C2)NCCC341,1,test
CN(C)CCC(=O)COc1ccc(Cl)cc1,1,test
C[C@@H]1C(=NC(=O)C(NOC(C)(C)C(=O)O)C2=CSC(=N)[N]2)C(=O)N1S(=O)(=O)O,0,test
CC(C)(C(=O)O)c1ccc([C@H](O)CCCN2CCC(C(O)(c3ccccc3)c3ccccc3)CC2)cc1,0,test
Cc1ccccc1C(=O)Nc1ccc(C(=O)N2CCC[C@@H](N(C)C)c3ccccc32)cc1,0,test
CC(=O)OCC(=O)[C@@]12OC(C)(C)O[C@@H]1CC1C3C[C@H](F)C4=CC(=O)C=C[C@]4(C)C3[C@@H](O)C[C@@]12C,1,test
Cc1nc2n(c(=O)c1CCN1CCC(c3noc4cc(F)ccc34)CC1)CCC[C@H]2O,1,test
CCC12C=CCN3CCC4(c5cc(C6(C(=O)OC)C[C@@H]7C=C(C)CN(C7)c7c6[nH]c6ccccc76)c(OC)cc5N(C)[C@@H]4C(O)(C(=O)OC)[C@@H]1OC(C)=O)[C@H]32,0,test
CN[C@@H]1[C@H](O)[C@@H](O[C@@H]2[C@H](O)[C@H](O[C@H]3O[C@H](CN)CC[C@H]3N)[C@@H](N)C[C@H]2N)OC[C@]1(C)O,0,test
CCCN1CCCCC1C(=O)Nc1c(C)cccc1C,1,test
C[N+]1(CCCCC[N+]2(C)CCCC2)CCCC1,0,test
Clc1ccc(Cl)c(NC2=NCCN2)c1,1,test
N=C(N=O)c1[nH][nH]c2ccccc2n(Cc2ccccc2)c1O,1,test
CN1CC(C(=O)NC2(C)OC3(O)[C@H]4CCCN4C(=O)C(Cc4ccccc4)N3C2=O)C=C2c3cccc4[nH]cc(c34)C[C@H]21,1,test
CCOC(=O)NC(O)C(Cl)(Cl)Cl,1,test
CN1CCN(CCCN2c3ccccc3Sc3cccc(C(F)(F)F)c32)CC1,1,test
COc1cc(Cc2cnc(N)nc2N)cc(OC)c1OC,1,test
O=C(Cc1ccc(Cl)c(Cl)c1)N1CCc2ccccc2[C@H]1CN1CCCC1,1,test
Nc1cc(OCC2CC2)c(C(=O)NC2CN3CCC2CC3)cc1Cl,1,test
CN1CCC23c4c5ccc(O)c4OC2CCCC3C1C5,1,test
C[C@@H]1C[C@H]2C3C[C@H](F)C4=CC(=O)C=C[C@]4(C)[C@@]3(F)[C@@H](O)C[C@]2(C)C1C(=O)CO,1,test
CC(C)c1nc(CN(C)C(=O)NC(C(=O)N[C@@H](Cc2ccccc2)C[C@H](O)[C@H](Cc2ccccc2)NC(=O)OCc2cncs2)C(C)C)cs1,0,test
C[C@@H](O)C1C(=O)N2C(C(=O)O)=C(SCCN=CN)C[C@H]12,0,test
C=C1C(=O)O[C@H]2[C@@H]1CCC1(C)OC13CC=C(C)[C@@H]23,0,test
NC(N)=O,1,test
C[C@@H]1C[C@H]2[C@@H]3CC=C4CC(=O)C=C[C@]4(C)[C@@]3(Cl)[C@@H](O)C[C@]2(C)[C@@]1(O)C(=O)CCl,1,test
COC1=C(C(=O)O)N2C(=O)C(NC(=O)C(N)C3=CCC=CC3)[C@H]2SC1,0,test
Cc1cccc(C)c1NC(=O)NCCCNC(C)C,1,test
COc1cc2sc(C3CC3)nc2cc1CNC1CCCNC1c1ccccc1,1,test
CCC(=O)O[C@]1(C(=O)CCl)[C@@H](C)C[C@H]2[C@@H]3CC=C4CC(=O)C=C[C@]4(C)[C@@]3(F)[C@@H](O)C[C@@]21C,1,test
CC(=O)Nc1cccc(O)c1,1,test
COc1cccc2c1CC(CCCNCCCCN1C(=O)CC3(CCCC3)CC1=O)CO2,1,test
CCCCc1c(O)c(=O)n(-c2ccccc2)n1-c1ccccc1,1,test
CC(=O)OCC(=O)[C@@]12OC(C)(C)O[C@@H]1C[C@H]1[C@@H]3C[C@H](F)C4=CC(=O)C=C[C@]4(C)[C@@]3(F)[C@@H](O)C[C@@]12C,1,test
COC12CCC3(CC1C(C)(C)O)C1Cc4ccc(O)c5c4C3(CCN1CC1CC1)C2O5,1,test
CNC[C@H](O)CC12CCC(c3ccccc31)c1ccccc12,1,test
COc1cc(N)c(Cl)cc1C(=O)NC1CCN(Cc2ccccc2)CC1,1,test
CC(C)CC1C(=O)N2CCC[C@H]2[C@]2(O)O[C@](NC(=O)C3C=C4c5cccc6[nH]c(Br)c(c56)C[C@H]4N(C)C3)(C(C)C)C(=O)N12,0,test
CC(=O)OCC(=O)[C@@]1(O)CC[C@H]2[C@@H]3CC=C4CC(=O)CC[C@]4(C)C3C(=O)C[C@@]21C,1,test
CC1CC(OC(=O)C2CCC(=O)N2)CC(C)(C)C1,1,test
CC[C@]1(O)C[C@H]2CN(CCc3c([nH]c4ccccc34)[C@@](C(=O)OC)(c3cc4c(cc3OC)N(C=O)[C@H]3[C@@](O)(C(=O)OC)[C@H](OC(C)=O)[C@]5(CC)C=CCN6CC[C@]43[C@@H]65)C2)C1,1,test
Cc1cc(Br)cc(C(N)=O)c1O,1,test
COc1c(C)c2c(c(O)c1C/C=C(\C)CCC(=O)OCCN1CCOCC1)C(=O)OC2,0,test
C[C@H](NCCc1ccc(O)cc1)[C@@H](O)c1ccc(O)cc1,1,test
O=c1c(Br)ccc2n1CC1CNCC2C1,0,test
Nc1ccn([C@@H]2O[C@H](CO)[C@@H](O)[C@@H]2O)c(=O)n1,1,test
O=C(O)CCc1nc(-c2ccccc2)c(-c2ccccc2)o1,0,test
O=C1CCC2CCC(=O)N12,1,test
CCC(C)C(=O)O[C@H]1CCC=C2C=C[C@H](C)[C@H](CC[C@@H]3C[C@@H](O)CC(=O)O3)[C@H]21,1,test
CNC[C@H](O)c1cccc(O)c1,1,test
N[C-](N)[N+]c1nc(-c2ccccc2)cs1,1,test
CC12C=CC(=O)C=C1CCC1C3CC[C@](O)(C(=O)CO)C3(C)CC(Cl)[C@@]12Cl,1,test
C=C1CC[C@@]2(O)[C@H]3Cc4ccc(O)c5c4[C@@]2(CCN3CC2CC2)[C@H]1O5,1,test
CCC(=O)OCC(=O)[C@@]12OC(C)(C)O[C@@H]1CC1C3C[C@H](F)C4=CC(=O)C=CC4(C)[C@@]3(F)C(O)CC12C,1,test
CC(CCN1CCN(c2ccc(F)cc2)CC1)NC(=O)c1cccnc1,1,test
c1ccc(CC2NCCc3c2[nH]c2ccccc32)cc1,1,test
CCNC[C@H](C)c1cccc(C(F)(F)F)c1,1,test
CC12CCC(CC1=O)C2(C)C,1,test
CN1CC2Cc3ccc(Cl)cc3C(c3ccccc3)C2C1,1,test
NC(=O)c1ccc(F)c2c1CC(N(C1CCC1)C1CCC1)CO2,1,test
NCC[C@H](Oc1ccc(C(F)(F)F)cc1)c1ccccc1,1,test
CC(C)NC[C@@H](O)c1ccc(NS(C)(=O)=O)cc1,1,test
CC(=O)Oc1cc2c(s1)CCN(C(C(=O)C1CC1)c1ccccc1F)C2,0,test
O=C(O)CCC(=O)Nc1ccc(S(=O)(=O)Nc2nccs2)cc1,0,test
CC1CC2C3CC=C4CC(=O)C=CC4(C)C3(F)C(O)CC2(C)C1(C)C(=O)CO,1,test
S=c1[nH]cnc2[nH]cnc12,0,test
CC1=CC(=O)N2CC(=O)N(C)c3ccc(Cl)cc3C2(c2ccccc2)O1,1,test
OCCCN1CCN(CCCC2c3ccccc3Sc3ccc(Cl)cc32)CC1,1,test
NC(=O)N/N=C/c1ccc([N+](=O)[O-])o1,0,test
CCCCCCCCCC(=O)N[C@H]1[C@H](Oc2c3cc4cc2Oc2ccc(cc2Cl)[C@@H](O[C@@H]2O[C@H](CO)[C@@H](O)[C@H](O)[C@H]2NC(C)=O)C2NC(=O)C(NC(=O)C4NC(=O)C4NC(=O)C(Cc5ccc(c(Cl)c5)O3)NC(=O)C(N)c3ccc(O)c(c3)Oc3cc(O)cc4c3)c3ccc(O)c(c3)-c3c(O[C@H]4O[C@H](CO)[C@@H](O)[C@H](O)[C@@H]4O)cc(O)cc3C(C(=O)O)NC2=O)O[C@H](CO)[C@@H](O)[C@@H]1O,0,test
CC[C@]1(O)C[C@@H]2CN(CCc3c([nH]c4ccccc34)[C@@](C(=O)OC)(c3cc4c(cc3OC)N(C)[C@H]3[C@@](O)(C(=O)OC)[C@H](OC(C)=O)[C@]5(CC)C=CCN6CC[C@]43[C@@H]65)C2)C1,1,test
CN1C[C@@H](CC#N)C[C@@H]2c3cccc4[nH]cc(c34)C[C@H]21,1,test
Cc1ccc(C)cc1,1,test
Cc1nnc2n1-c1ccc(Cl)cc1C(c1ccccc1Cl)=NC2,1,test
CC(/C=C1\SC(=S)N(CC(=O)O)C1=O)=C\c1ccccc1,0,test
CC1(C)O[C@@H]2C[C@H]3[C@@H]4C[C@H](F)C5=CC(=O)C=C[C@]5(C)[C@@]4(F)[C@@H](O)C[C@]3(C)[C@]2(C(=O)CO)O1,1,test
CCOC(=O)NNC(C)c1ccccc1,1,test
CCC(C)(CC)OC(N)=O,1,test
CNC(C)C(O)c1ccc(O)cc1,0,test
COc1ccc(CCN(C)CCCN2CCc3cc(OC)c(OC)cc3CC2=O)cc1OC,1,test
CN(C)CCC(c1ccccc1)C1CCCCC1,1,test
CCCCCOc1ccccc1/C(=C\SC)n1ccnc1,0,test
O=C(Nc1ccc2c(=O)cc(-c3nn[nH]n3)oc2c1)c1ccc(OCCCCc2ccccc2)cc1,0,test
Oc1cc2cc(CCN3CCN(c4nsc5ccccc45)CC3)c(Cl)cc2[nH]1,1,test
O=C(/C=C/c1ccc2c(c1)OCO2)N1CCCCC1,1,test
NC(C(=O)NC1C(=O)N2C(C(=O)O)=C(Cl)CC[C@H]12)c1ccccc1,0,test
CCC(=O)OC1(C(=O)COC(C)=O)CCC2C3CC(C)=C4CC(=O)C=CC4(C)C3C(O)CC21C,1,test
COc1ccc([C@@H]2Sc3ccccc3N(CCN(C)C)C(=O)C2OC(C)=O)cc1,1,test
O=C(NCCCOc1cccc(CN2CCCCC2)c1)c1ccccc1,1,test
CC(=O)OCC(=O)C12OC(C)(C)OC1CC1C3CC(F)C4=CC(=O)C=CC4(C)C3C(O)CC12C,1,test
CO[C@@]12CC[C@@]3(C[C@@H]1C(C)(O)C(C)(C)C)[C@H]1Cc4ccc(O)c5c4[C@@]3(CCN1CC1CC1)C2O5,0,test
CO[C@@H]1O[C@@H]2OC3(C)CC[C@H]4[C@H](C)CC[C@H]([C@@H]1C)C24OO3,0,test
CC1=CCC2C3Cc4ccc(O)c5c4C2(CCN3C)C1O5,1,test
CC(=O)OCC(=O)[C@@]1(OC(C)=O)[C@@H](C)C[C@H]2[C@@H]3C[C@H](F)C4=CC(=O)C=C[C@]4(C)[C@@]3(F)[C@@H](O)C[C@@]21C,1,test
CC1(C)S[C@@H]2C(NC(=O)C(N)c3ccccc3)C(=O)N2C1C(=O)OC1OC(=O)c2ccccc21,0,test
Oc1cc(-c2[nH]c(-c3ccccc3)nc2-c2ccncc2)ccc1Cl,0,test
CC(=O)Oc1ccc2c3c1O[C@H]1[C@H](OC(C)=O)C=C[C@H]4[C@H](C2)N(C)CCC[C@@]341,1,test
CO[C@H]1/C=C\O[C@@]2(C)Oc3c(C)c(O)c4c(O)c(c5c(c4c3C2=O)=NC2(CCN(CC(C)C)CC2)N=5)NC(=O)C(C)=CC=CC(C)[C@H](O)[C@@H](C)[C@@H](O)[C@@H](C)[C@H](OC(C)=O)[C@@H]1C,0,test
CN1CCc2cccc3c2C1Cc1ccc(O)c(O)c1-3,1,test
C/C=C\C1O[C@]2(C(=O)COC(=O)c3ccncc3)CC[C@@]3(O1)[C@@H]1CC=C4CC(=O)CC[C@]4(C)[C@H]1[C@@H](O)C[C@]23C,1,test
CSc1nc2cc(Cl)c(Oc3cccc(Cl)c3Cl)cc2[nH]1,0,test
CCC1(c2ccccc2)OCC(C2CCCCN2)O1,1,test
CN1CC(=O)N2C(Cc3c([nH]c4ccccc34)[C@H]2c2ccc3c(c2)OCO3)C1=O,0,test
Fc1ccc(C(c2ccc(F)cc2)N2CCN(C/C=C/c3ccccc3)CC2)cc1,1,test
CN=C(C[N+](=O)[O-])NCCSCc1ccc(CN(C)C)o1,0,test
CC(=O)NC(CS)C(=O)O,0,test
CC(NC(=O)C(N)Cc1ccc(O)cc1)C(=O)NCC(=O)NC(Cc1ccccc1)C(=O)NC(C(N)=O)C(C)C,0,test
CC(=O)OCC(=O)[C@@]12OC(C)(C)O[C@@H]1CC1C3CC(C=O)=C4C=C(OCCCl)CC[C@]4(C)[C@@]3(F)[C@@H](O)C[C@@]12C,1,test
CC(=O)OCC(=O)[C@@]12OC3(CCCC3)O[C@@H]1C[C@H]1[C@@H]3CC=C4CC(=O)C=C[C@]4(C)[C@@]3(F)[C@@H](O)C[C@@]12C,1,test
CCOC(=O)C(CCc1ccccc1)NC(C)C(=O)N1CC2(CC1C(=O)O)SCCS2,0,test
Cc1cccc(C)c1OCC(=O)N[C@@H](Cc1ccccc1)[C@@H](O)C[C@H](Cc1ccccc1)NC(=O)C(C(C)C)N1CCCNC1=O,0,test
O=C(O)C1=C(CSc2nnnn2CS(=O)(=O)O)CS[C@H]2C(NC(=O)C(O)c3ccccc3)C(=O)N12,0,test
C[C@@H]1C[C@@H](OC(=O)C(OC(=O)c2cccnc2)c2ccccc2)CC(C)(C)C1,0,test
CCN(CC)CCCC(=O)c1cc(Cl)c(N)cc1OC,0,test
O=CN(O)CCCP(=O)(O)O,0,test
Cc1nc(-c2ccc(OCC(C)C)c(C#N)c2)sc1C(=O)O,0,test
OCCCOc1cccc(CN2CCCCC2)c1,1,test
C[C@]12COC(=O)C[C@@H]1CC[C@@H]1[C@@H]2CC[C@@]2(C)[C@H]1CC[C@]2(C)O,0,test
CC(=O)Nc1ccc(OC(=O)c2ccccc2OC(C)=O)cc1,1,test
COc1ccc(CCN(C)CCC[C@](C#N)(c2cc(OC)c(OC)c(OC)c2)C(C)C)cc1OC,1,test
CC1Oc2ccccc2CC1N(C)C,1,test
CN(C(=O)Cc1cccc2sccc12)[C@@H]1CCCC[C@H]1N1CCCC1,1,test
CCOC(OCC)C(=O)OCC(=O)[C@]1(O)C=C2C(=O)c3c(c(O)c4c(OC)cccc4c3O)C(=O)C2[C@@H](O[C@H]2C[C@H](N)[C@H](O)[C@H](C)O2)C1,0,test
O=C(O)c1ccc(-c2ccccc2)cc1,0,test
O=c1[nH]c2ccccc2n1CCCN1CCN(C(c2ccccc2)c2ccccc2)CC1,1,test
CC(C)(C)c1ccc([C@H](O)CCCN2CCC(C(O)(c3ccccc3)c3ccccc3)CC2)cc1,0,test
CN1CC[C@]2(C)C[C@@H](Cc3ccc(O)cc32)C1,1,test
C[S+](CCC(N)C(=O)[O-])C[C@H]1O[C@@H](n2cnc3c(N)ncnc32)[C@H](O)[C@@H]1O,1,test
COCCCOc1cc(C[C@H](C[C@H](N)[C@H](O)CC(C(=O)NCC(C)(C)C(N)=O)C(C)C)C(C)C)ccc1OC,0,test
CN(C)CCN(Cc1ccccc1)c1ccccn1,1,test
CC(=O)OCC(=O)NCCCOc1cccc(CN2CCCCC2)c1,0,test
CCc1c(C)[n+]([N-])c(-c2ccc(OC)c(OC)c2)c2cc(OC)c(OC)cc12,1,test
CCC(=O)N1CCN(C(=O)OC2C3=C(SCCS3)C(=O)N2c2ccc3ccc(Cl)nc3n2)CC1,1,test
C#CCN1C(=O)CN=C(c2ccccc2)c2cc(Cl)ccc21,1,test
CCOC(=O)O[C@]1(C(=O)OCCl)CC[C@H]2[C@@H]3CC=C4CC(=O)C=C[C@]4(C)[C@H]3[C@@H](O)C[C@@]21C,1,test
COc1cc(N)c(Cl)cc1C(=O)NC1CCNCC1OC,0,test
O=C(O)CCCCO/N=C(/c1cccnc1)c1cccc(C(F)(F)F)c1,0,test
Cc1ccc(C(=O)NC2C(=O)NC(C(C)C)C(=O)N3CCCC3C(=O)N(C)CC(=O)N(C)C(C(C)C)C(=O)OC2C)c2c1Oc1c(C)c(O)c(N)c(=C(O)N=C3C(=O)NC(C(C)C)C(=O)N4CCCC4C(=O)N(C)CC(=O)N(C)C(C(C)C)C(=O)OC3C)c1=N2,0,test
CNC(CC(C)C)C(=O)NC1C(=O)NC(CC(N)=O)C(=O)NC2C(=O)NC3C(=O)NC(C(=O)NC(C(=O)O)c4cc(O)cc(O)c4-c4cc3ccc4O)[C@H](O)c3ccc(c(Cl)c3)Oc3cc2cc(c3O[C@@H]2O[C@H](CO)[C@@H](O)[C@H](O)[C@H]2O[C@H]2C[C@](C)(N)C(O)[C@H](C)O2)Oc2ccc(cc2Cl)[C@H]1O,0,test
CCCCC1(CC)C(=O)NC(=O)NC1=O,1,test
CNCC12CCC(c3ccccc31)c1ccccc12,1,test
CC(C)N[C@@H]1C2CCC(CC2)[C@@]1(O)c1ccc(Cl)c(Cl)c1,1,test
Cc1ncc2n1-c1ccc(Cl)cc1C(c1ccccc1F)=NC2,1,test
NC(=O)c1ccc(F)c2c1C[C@@H](N(C1CCC1)C1CCC1)CO2,1,test
CC(=O)OC1=C2C(C)[C@@H](OC(=O)C(O)C(NC(=O)c3ccccc3)c3ccccc3)C[C@@](O)([C@@H](OC(=O)c3ccccc3)C3[C@](C)(C1=O)[C@@H](O)C[C@H]1OC[C@@]31OC(C)=O)C2(C)C,0,test
CC1(C)S[C@@H]2C(NC(=O)c3nc4ccccc4nc3C(=O)O)C(=O)N2C1C(=O)O,0,test
O=c1[nH]cnc2c1ncn2C1CCC(CO)O1,0,test
C[C@@H](O)C1C(=O)N2C(C(=O)O)=C(S[C@H]3CC[S+]([O-])C3)S[C@H]12,0,test
O=C(O)CN(CCN(CC(=O)O)CC(=O)O)CC(=O)O,0,test
CC1CCC(C)C(C)C1,1,test
Cc1cccc(Cc2c[nH]cn2)c1C,1,test
NCC1CCC(N)C(OC2C(N)CC(N)C(OC3OC(CO)C(O)C(N)C3O)C2O)O1,0,test
CC(C)(O)C(C)(O)c1ccc(Cl)cc1,1,test
CCCCC(C)C,1,test
CC(C)c1ccc2oc3nc(N)c(C(=O)O)cc3c(=O)c2c1,0,test
O=C1OC(CO)C(O)C(O)C1O,0,test
CO[C@@]1(NC(=O)CSCC#N)C(=O)N2C(C(=O)O)=C(CSc3nnnn3C)CS[C@@H]21,0,test
CN(C(=O)Cc1ccc(Cl)c(Cl)c1)C(CN1CCCC1)c1cccc(OCC(=O)O)c1,0,test
CCCCCCC(=O)OCCN1CCN(CCCN2c3ccccc3Sc3ccc(C(F)(F)F)cc32)CC1,1,test
CCCC(=O)[C@]1(c2ccccc2)CCC=C[C@@H]1N(C)C,1,test
CCN(CC)CC[C@]1(c2ccccc2)CCC(=O)NC1=O,1,test
CCCC[C@@H](CC)COC(=O)C(C#N)=C(c1ccccc1)c1ccccc1,0,test
C=CC1CNCCC1CCCc1ccnc2ccc(OC)cc12,1,test
Cc1cc(C2CCCCC2)n(O)c(=O)c1,0,test
CN1Cc2c(N)cccc2C(c2ccccc2)C1,1,test
COC[C@H]1CN(c2ccc(OCC[C@@H](O)C(F)(F)F)cc2)C(=O)O1,1,test
O=c1c(O[C@@H]2O[C@H](CO)[C@@H](O)[C@H](O)[C@H]2O)c(-c2ccc(O)c(O)c2)oc2cc(O)cc(O)c12,0,test
CCOc1ccc(-c2nn3ncccc3c2-c2ccc(S(C)(=O)=O)cc2)cc1,1,test
CC(=O)[C@]1(O)C=C2C(=O)c3c(c(O)c4ccccc4c3O)C(=O)C2[C@@H](O[C@@H]2C[C@@H](N)[C@@H](O)[C@@H](C)O2)C1,0,test
CCC(=O)N(c1ccccc1)[C@@]1(C(=O)OC)CCN(CCc2ccccc2)C[C@H]1C,1,test
Cc1cccc2c1Oc1ccccc1[C@@]1(O)CCN(C)C[C@@H]21,1,test
NNCCc1ccccc1,1,test
CC1(C)O[C@@H]2C[C@H]3C4CCC5CC(=O)CCC5(C)[C@@]4(F)[C@@H](O)CC3(C)[C@]2(C(=O)CO)O1,1,test
NC(=O)OCC(O)COc1ccc(Cl)cc1,1,test
CN(N=O)C(=O)N[C@@H]1CO[C@H](CO)[C@H](O)[C@@H]1O,0,test
COc1ccc(OC)c([C@H](O)CNC(=O)CN)c1,0,test
CCOC(=O)O[C@H]1[C@H](O[C@@H]2[C@@H](C)[C@H](O[C@H]3C[C@@](C)(OC)[C@@H](O)[C@H](C)O3)C(C)C(=O)O[C@H](CC)[C@@](C)(O)[C@H](O)C(C)C(=O)C(C)C[C@@]2(C)O)O[C@H](C)C[C@@H]1N(C)C,0,test
CCCC(=O)OCOC(=O)C1=C(C)N=C(C)C(C(=O)OC)[C@@H]1c1cccc(Cl)c1Cl,0,test
CC1(C)O[C@@H]2C[C@H]3[C@@H]4CC=C5CC(=O)CC[C@]5(C)[C@@]4(F)[C@@H](O)C[C@]3(C)[C@]2(C(=O)CCl)O1,1,test
COCCCC/C(=N\OCCN)c1ccc(C(F)(F)F)cc1,1,test
CCC(C)C(N)C1=NC(C(=O)NC(CC(C)C)C(=O)NC(CCC(=O)O)C(=O)NC(C(=O)NCCCCC2NC(=O)C(CC(N)=O)NC(=O)C(CC(=O)O)NC(=O)C(Cc3c[nH]cn3)NC(=O)C(Cc3ccccc3)NC(=O)C([C@@H](C)CC)NC(=O)C(CCCN)NC2=O)[C@@H](C)CC)CS1,0,test
CNC1(C)[C@H]2CC[C@@H](C2)C1(C)C,0,test
CCC12CCN(CC3(O)CC3)C(Cc3ccc(O)cc31)C2(C)C,1,test
CC[N+](C)(C)c1cccc(O)c1,0,test
CCN(CC)CC(=O)OCC(=O)C1(O)CCC2C3CC=C4CC(=O)C=CC4(C)C3C(O)CC21C,1,test
COCN1C(=O)CN=C(c2ccccc2)c2cc([N+](=O)[O-])ccc21,1,test
CCN(CC)CCOC(=O)C(O)(c1ccccc1)c1ccccc1,1,test
Cc1nccn1C(C)c1ccccc1,1,test
CN1CCc2cccc3c2[C@@H]1Cc1ccc(O)c(O)c1-3,1,test
COC1CCCC2C1=C(C=O)N1C(=O)C(C(C)O)C21,0,test
CON=C(C(=O)NC1C(=O)N2C(C(=O)O)=C(/C=C/c3scnc3C)CS[C@H]12)c1csc(N)n1,0,test
CCCC(=O)O[C@]1(C(=O)COC(=O)CC)CC[C@H]2[C@@H]3CC=C4CC(=O)CC[C@]4(C)[C@H]3[C@@H](O)C[C@@]21C,1,test
Cc1c(-c2ccc(O)cc2)n(Cc2ccc(OCCN3CCCCCC3)cc2)c2ccc(O)cc12,0,test
CC(C)O,1,test
O=C(OOC(=O)c1ccccc1)c1ccccc1,0,test
CCCCOc1ccc(OCCCN2CCOCC2)cc1,0,test
CC(=O)C[C@@H](c1ccc([N+](=O)[O-])cc1)c1c(O)c2ccccc2oc1=O,0,test
NC(=O)CN1Cc2ccccc2OC1=O,1,test
CCC(C)(Oc1ccc(C2(c3ccc(OC(C)(CC)C(=O)O)cc3)CCCCC2)cc1)C(=O)O,0,test
CN1C[C@@H](CC#N)CC2c3cccc4[nH]cc(c34)C[C@H]21,1,test
CN1C(=O)CC(=O)N(c2ccccc2)c2cc(C(F)(F)F)ccc21,1,test
C[C@]12CCC(=O)C=C1CC[C@@H]1C2C(=O)C[C@@]2(C)[C@H]1CC[C@]2(O)C(=O)CO,0,test
C/C=C/C/C=C/CCC(=O)C1OC1C(N)=O,0,test
C[C@]12C=CC(=O)C=C1[C@@H](F)CC1C3C[C@@H](O)[C@](O)(C(=O)CO)[C@@]3(C)C[C@H](O)[C@@]12F,1,test
COc1nc(N)nc2c1ncn2[C@@H]1O[C@H](CO)[C@@H](O)[C@@H]1O,0,test
COc1ccccc1N1CCN(CCc2oc(=O)[nH]c2-c2ccc(F)cc2)CC1,1,test
Nc1ccc(-c2nc3ccc(O)cc3s2)cc1I,1,test
C[N+](C)([O-])CC/C=C1/c2ccccc2C=Cc2c(Cl)cccc21,1,test
CCCCCC1CNC(C(=O)NC(C(C)Cl)C2OC(SC)C(O)C(O)C2O)C1,0,test
CCC[C@@H]1O[C@@H]2C[C@H]3[C@@H]4C[C@H](F)C5=CC(=O)C=C[C@]5(C)C4(F)[C@@H](O)C[C@]3(C)[C@]2(C(=O)O[C@H](C)OC(=O)OCC)O1,1,test
NCC(=CF)CCc1ccc(F)cc1,1,test
CNCCC=C1c2ccccc2CCc2ccccc21,1,test
CCN(CC)CCCOC(=O)[C@@]1(c2ccccc2)C[C@@H]2CC[C@@H]1C2,1,test
CC1CN2CC(=O)Nc3ccc(Cl)cc3C2(c2ccccc2)O1,1,test
CC/C=C(/C)C1(CC)C(=O)NC(=O)NC1=O,1,test
CC(C)N[C@@H](O)c1ccc(O)c(O)c1,1,test
CC(=O)OCC(=O)[C@@]12OC(C)(C)O[C@@H]1CC1C3CC(C=O)=C4C=C(OCCCl)CCC4(C)[C@@]3(F)C(O)CC12C,1,test
COc1cc2sc(-c3ccccc3)nc2cc1CNC1CCCNC1c1ccccc1,1,test
C[N+](C)(C)CCOC(=O)CCC(=O)OCC[N+](C)(C)C,0,test
CC(=O)C1C(=O)C(N)C2Cc3c(c(O)c4c(O)c(C)ccc4c3C)C(=O)C2(O)C1=O,0,test
CN(C)CCC(c1ccccc1)c1ccccn1,0,test
Oc1ccc2c(c1)[C@@]13CCCC[C@H]1[C@@H](C2)N(CCc1ccccc1)CC3,1,test
COc1cc2c(c(CNC3CCCNC3c3ccccc3)c1)OCC2,1,test
CCN(CC)c1nc2c(s1)c1c(O)c3c(O)c(C)c4c(c32)C(=O)[C@@](C)(O/C=C/[C@H](OC)[C@@H](C)[C@@H](OC(C)=O)[C@H](C)[C@H](O)[C@H](C)[C@@H](O)C(C)=CC=CC(C)C(=O)N1)O4,0,test
CC[C@@]1(O)C[C@H](O[C@H]2C[C@H](N(C)C)[C@H](O[C@H]3C[C@@H]4O[C@H]5CC(=O)C(C)O[C@H]5O[C@@H]4[C@H](C)O3)[C@H](C)O2)C2=C(C(=O)c3c(c(O)c4c(O)cccc4c3O)C2=O)[C@H]1O[C@H]1C[C@H](N(C)C)[C@H](O)[C@H](C)O1,0,test
CC1CC2C3CC=C4CC(=O)C=CC4(C)C3(F)C(O)CC2(C)C1C(=O)CO,1,test
CCCCCCCC/C=C/CCCCCCC(N)(C=O)CO,0,test
CON=C(C(=O)NC1C(=O)N2C(C(=O)O)=C(COC(C)=O)CS[C@H]12)c1ccco1,0,test
Cc1ccccc1OCC(O)CNCCOc1ccc(C(N)=O)cc1,0,test
CON=C(C(=O)NC1C(=O)N2C(C(=O)O)=C(C)CS[C@H]12)c1csc(N)n1,0,test
Fc1ccccc1C1=NCCN(CC(F)(F)F)c2ccc(Cl)cc21,1,test
c1cc2c(c(N3CCNCC3)c1)OCCO2,1,test
CC[C@@H]1OC(=O)C(C)[C@H](O[C@H]2C[C@@](C)(OC)[C@@H](O)[C@H](C)O2)[C@H](C)[C@@H](O[C@@H]2O[C@H](C)C[C@H](N(C)C)[C@H]2O)[C@@](C)(OC)CC(C)C(=O)C(C)[C@@H](O)[C@]1(C)O,0,test
O=C1CN=C(c2ccccc2)c2cc([N+](=O)[O-])ccc2N1,1,test
CN1CCCN(C(c2ccccc2)c2ccc(Cl)cc2)CC1,1,test
CC(C)[N+]1(C)C2CCC1CC(OC(=O)C(CO)c1ccccc1)C2,0,test
Cc1cn[nH]c1,0,test
C#CC1(O)CC[C@@H]2[C@@H]3CCC4=CC(=[N+][O-])CC[C@@H]4[C@@H]3CCC21CC,0,test
CC1CC2C3CC=C4CC(=O)C=CC4(C)C3(Cl)C(O)CC2(C)C1(O)C(=O)CO,1,test
Cn1c(O)cc(-c2ccccc2)c1O,1,test
CNCCC(Oc1ccc(C(F)(F)F)cc1)c1ccccc1,1,test
C[C@@H](Cc1ccc(O)cc1)N[C@@H](O)Cc1cc(O)cc(O)c1,1,test
Cc1cccc([C@H](C)c2c[nH]cn2)c1C,1,test
CC(=O)OCC(=O)[C@@]12N=C(C)O[C@@H]1C[C@H]1[C@@H]3CC=C4CC(=O)C=C[C@]4(C)[C@@]3(F)[C@@H](O)C[C@@]12C,1,test
Fc1ccc([C@@H]2CCNC[C@H]2COc2ccc3c(c2)OCO3)cc1,1,test
COc1ccc2c(c1)c1c3n2CCN(C)C3=NCC1,1,test
CN(C/C=C/c1ccccc1)CCOC(c1ccccc1)c1ccccc1,1,test
CCC(NC(=O)C1CCCN1C(=O)C(Cc1ccccc1)NC(=O)C(N)CC(C)C)C(=O)NC(CCCN)C(=O)NC(CC(C)C)C(=O)NC(Cc1ccccc1)C(=O)N1CCCC1C(=O)NC(CC)C(=O)NC(C=O)CCCN,0,test
CCO[C@H]1C[C@@]2(C)[C@@H](CC[C@@H]3[C@@H]2[C@H](N(C)C)C[C@]2(C)C(C(C)=O)CC[C@@H]32)C[C@@H]1O,1,test
CN[C@@H]1CCc2[nH]c3ccc(C(N)=O)cc3c2C1,1,test
CN1CCN(C2=Nc3cscc3C(=CC#N)c3cscc32)CC1,1,test
CCCC1O[C@H]2CC3C4CC=C5CC(=O)C=C[C@]5(C)C4[C@@H](O)C[C@]3(C)[C@]2(C(=O)CO)O1,1,test
CC1(c2ccccc2)OC2CC3C4CC=C5CC(=O)C=CC5(C)C4(F)C(O)CC3(C)C2(C(=O)CO)O1,1,test
CN1C(=O)C(O)N=C(c2ccccc2F)c2cc(Cl)ccc21,1,test
CN(C)CCOC1(Cc2ccccc2)CC2CCC1(C)C2(C)C,1,test
FC(F)(F)c1ccc2c(c1)N(CCCN1CCN(CCC3OCCCO3)CC1)c1ccccc1S2,1,test
COc1ccc2c3c1O[C@H]1[C@@H](OC(=O)c4cccnc4)CC[C@H]4[C@@H](C2)N(C)CC[C@@]341,1,test
Nc1nc(=O)n([C@@H]2CS[C@H](CO)O2)cc1F,0,test
COc1ccc2c(c1)c(CC(=O)O)cn2C(=O)c1ccccc1,1,test
CC(C)(C)NCC(O)c1ccc(O)c(CO)c1,0,test
N#Cc1cc(-c2ccccc2)nnc1NCCN1CCOCC1,1,test
CC(=O)OCC(=O)[C@@]1(OC(C)=O)CC[C@H]2C3C[C@@H](F)C4=CC(=O)C(Br)=CC4(C)[C@@]3(F)[C@@H](O)C[C@@]21C,1,test
CC(Cc1ccccc1)[N+](C)([O-])Cc1ccccc1,1,test
CCCc1nc2c(C)cc(-c3nc4ccccc4n3C)cc2n1Cc1ccc(-c2ccccc2C(=O)O)cc1,0,test
CCOC(=O)C(CCc1ccccc1)NC1CCc2ccccc2N(CC(=O)O)C1=O,0,test
NC(=O)CN1CC(O)CC1=O,1,test
CN1CCN(c2c(F)cc3c(=O)c(C(=O)O)cn(CCF)c3c2F)CC1,0,test
CCC12CCN(CC3CC3)C(Cc3ccc(O)cc31)C2(C)C,1,test
CC(C)(C)NC[C@H](O)COc1cccc2c1CCCC2=O,1,test
CCCc1[nH]c(C(C)(C)O)c(C(=O)OCc2oc(=O)oc2C)[n+]1Cc1ccc(-c2ccccc2-c2nnn[n-]2)cc1,0,test
CCC(=O)c1ccc2c(c1)N(CCCN1CCN(CCO)CC1)c1ccccc1S2,1,test
O=P(O)(O)C(O)(Cn1ccnc1)P(=O)(O)O,0,test
C[C@@H]1[C@H](O)[C@@H](C)/C=C\C=C/C=C\C=C/C=C\C=C/C=C\[C@H](O[C@@H]2O[C@H](C)[C@@H](O)[C@H](N)[C@@H]2O)C[C@@H]2O[C@](O)(C[C@@H](O)C[C@@H](O)[C@H](O)CC[C@@H](O)C[C@@H](O)CC(=O)O[C@H]1C)C[C@H](O)C2C(=O)O,0,test
