smiles,CHEMBL239_EC50,group
Cc1oc(-c2ccccc2)nc1CCOc1cccc(Cc2cn(-c3ccccc3)cc2C(=O)O)c1,-2.07918124604762,training
CCCc1c(OCCCOc2cccc3c2ccn3CC(=O)O)ccc2cc(C(=O)c3ccccc3)ccc12,-1.27875360095283,training
Cc1ccc(-c2nc(CCCC[C@H]3CO[C@@](C)(C(=O)O)OC3)c(C)o2)cc1F,-1.0,training
CCc1ccc(OCCCOc2ccc3c(c2)CC[C@H]3CC(=O)O)c(OC)c1,-2.84509804001426,training
Cc1ccccc1-c1ccc(O[C@@H](Cc2ccccc2)C(=O)O)cc1,-1.82607480270083,training
CCOC(Cc1ccc(OCCN2CC=C(c3ccccc3C(F)(F)F)CC2)cc1)C(=O)O,-2.73399928653839,training
CCOC(Cc1ccc2c(ccn2Cc2nc(-c3ccc(CC)cc3)oc2C)c1)C(=O)O,-1.84509804001426,training
Cc1oc(-c2ccccc2)nc1CCCc1ccc(CC(C(=O)O)c2ccsc2)cc1,-2.83569057149243,training
CCCc1cc(Oc2ccc(F)cc2)ccc1OCCCOc1ccc2c(c1)OC(CC)(C(=O)O)CC2,-1.0,training
CCC(Cc1ccc(OC)c(C(=O)NCc2ccc(OCc3ccccc3)cc2)c1)C(=O)O,-3.17609125905568,training
Cc1sc(-c2cccc(C(F)(F)F)c2)nc1CCOc1ccc2c(c1)CC[C@H]2CC(=O)O,-4.0,training
O=C(O)Cc1cn(Cc2ccccc2)c2ccc(OCCCOc3cccc(OCc4ccc(Cl)cc4)c3)cc12,-3.93449845124357,training
CCCO/N=C(\C)C(Cc1ccc(OCc2nc(-c3ccc(F)cc3)oc2C)cc1)C(=O)O,-1.06818586174616,training
CC[C@@H](Cc1ccc(OC)c(CNC(=O)c2ccc3ccc4cccc5ccc2c3c45)c1)C(=O)O,-1.07918124604762,training
CCO[C@@H](Cc1cccc(/C(C)=N/OCc2ccc(C(C)(C)C)cc2)c1)C(=O)O,-4.08278537031645,training
O=C(O)COc1ccc(OCc2cc(-c3ccc(C(F)(F)F)cc3)cc(-c3ccc(C(F)(F)F)cc3)c2)cc1,-3.2148438480477,training
CCCCC(Sc1nc(Cl)cc(Nc2nc(-c3ccc(Cl)cc3)cs2)n1)C(=O)O,-3.81291335664286,training
O=C(Cc1ccc(CC(SCCc2ccc(F)cc2)C(=O)O)cc1)OCc1ccc(C(F)(F)F)cc1,-1.7481880270062,training
CCC(Cc1cc(CNC(=O)c2ccc(C(F)(F)F)cc2)c(OC)cc1F)C(=O)O,-0.556302500767287,training
CCC(C(=O)O)C1CCc2cc(OCCc3nc(-c4ccc(C(C)C)cc4)oc3C)ccc21,-2.07554696139253,training
CCCc1c(OCCCOc2ccc3c(ccn3Cc3nn[nH]n3)c2)ccc2c(C(F)(F)F)noc12,-2.67577834167409,training
CC[C@@H](Cc1ccc(OC)c(CNC(=O)c2ccc(Oc3ccc(Br)cc3)cc2)c1)C(=O)O,-1.46239799789896,training
CCCc1cc(C(=O)CC)cc(Cl)c1O[C@H](C(=O)O)c1ccc(C(C)C)cc1,-2.41497334797082,training
CCCc1cc(-c2nc(OCC)cs2)ccc1OCCCOc1ccc2c(c1)CC[C@H]2CC(=O)O,-2.02118929906994,training
CC(C(=O)OCc1ccc(CC(SCCc2ccc(F)cc2)C(=O)O)cc1)c1ccccc1,-4.25527250510331,training
CC(C)OC(Cc1ccc(OCCc2noc(-c3cccc(C(F)(F)F)c3)n2)cc1)C(=O)O,-2.30102999566398,training
CCO[C@@H](Cc1ccc(OC/C=C/c2cc(CCc3ccccc3)cc(CCc3ccccc3)c2)cc1)C(=O)O,-1.47712125471966,training
C=CCn1c(COc2ccc(CC3SC(=O)NC3=O)cc2)nc2ccccc21,-3.69284691927723,training
CCCCCOc1nc2ccccc2cc1C(O)C/C=C\CCCC(=O)OC,-3.11394335230684,training
Cc1oc(-c2ccc(Cl)cc2)nc1CCOc1cccc(C[C@@H]2C(=O)N(c3ccc(C(C)(C)C)cc3)[C@@H]2C(=O)O)c1,-0.698970004336019,training
CCCCCCC(Sc1nc2ccc(NCc3ccccc3)cc2s1)C(=O)O,-3.0,training
CCOC(=O)C(Cc1ccc(OCCn2c(=O)sc3cc(C(=O)/C=C/c4cc(O)cc(O)c4)ccc32)cc1)OCC(F)(F)F,-4.0,training
CCCc1c(OCCCOc2ccc3c(ccn3CC(=O)O)c2)ccc2c(-c3ccccc3)noc12,-1.25527250510331,training
CCc1oc(-c2ccc(C)cc2)nc1CCOc1ccc2c(c1)CC[C@H]2CC(=O)O,-3.00860017176192,training
CC(C)=CCC/C(C)=C/Cc1c(O)cc(/C=C/c2ccc(F)cc2)cc1O,-3.77815125038364,training
CCCCOC(=O)N(CC(=O)O)Cc1cc(OCc2nc(-c3ccc(Cl)cc3)oc2C)ccc1F,-0.447158031342219,training
COc1ccc(COc2ccc(CNc3cccc(OC(C)(C)C(=O)O)c3)cc2)cc1,-4.40312052117582,training
CCC(C(=O)O)C1CCc2cc(OCCc3nc(Cc4ccccc4)oc3C)ccc21,-2.8561244442423,training
O=C(O)CCCNC(=O)c1ccccc1NC(=O)c1cccc(-c2ccccc2)c1,-4.0,training
O=C(O)[C@H](Cc1ccccc1)Oc1cccc(C(F)(F)F)c1,-3.99122607569249,training
Cc1nc(-c2ccc(N)cc2)sc1C(=O)NCc1ccc(OC(C)(C)C(=O)O)cc1,-3.75127910398334,training
CC[C@@]1(C(=O)O)Cc2cc(OCCCOc3ccc(CCC(F)(F)F)cc3Cl)ccc2O1,-2.11394335230684,training
O=C(O)CC1COc2cc(OCCCOc3ccc(-c4ccccc4)cc3)ccc21,-3.86391737695786,training
CC(C)(Oc1cccc(OCCCOc2ccc(Oc3ccc(F)cc3)cc2Cl)c1)C(=O)O,-1.45484486000851,training
Cc1oc(-c2ccc(C(F)(F)F)cc2)nc1Cn1ccc2cc(CC(OC(C)C)C(=O)O)ccc21,-1.30102999566398,training
CS(=O)(=O)Oc1ccc(C(=O)OCc2ccc(CC(SCCc3ccc(F)cc3)C(=O)O)cc2)cc1,-2.38021124171161,training
Cc1oc(-c2ccccc2)nc1CCOc1ccc(CN(CC(=O)O)C(=O)Oc2ccc(O)cc2)cc1,-3.83821922190763,training
CS(=O)(=O)Oc1ccc(CCCCC[C@H]2CO[C@@](C)(C(=O)O)OC2)cc1,-3.39794000867204,training
CCO/N=C(\C)C(Cc1ccc(OCCc2nc(C(C)C)oc2C)cc1)C(=O)O,-2.14301480025409,training
Cc1oc(-c2ccc(-c3ccccc3)cc2)nc1CCOc1ccc(CC(C)(Oc2ccc(C(C)(C)C)cc2)C(=O)O)cc1,-2.41497334797082,training
CO[C@@H](Cc1ccc(OCCCOc2ccc(C(=O)c3ccccc3)cc2)cc1)C(=O)O,-3.45788189673399,training
Cc1oc(-c2ccccc2)nc1CCOc1ccc(CN(CC(=O)O)Cc2ccc3c(c2)OCO3)cc1,-2.10720996964787,training
CCOC(=O)C(C)(C)Oc1ccc(NC(=O)c2nn(-c3ccc(Cl)cc3Cl)c(-c3ccc(Cl)cc3)c2C)cc1,-3.17026171539496,training
CCC(Sc1nc(Cl)cc(Nc2nc(-c3ccc(Cl)cc3)cs2)n1)C(=O)O,-3.55630250076729,training
Cc1oc(C(C)(C)C)nc1CCOc1ccc(C[C@H]2CO[C@@](C)(C(=O)O)OC2)cc1,-0.6232492903979,training
O=C(O)CSc1nc(Cl)cc(Nc2cccc3c2CCC3)n1,-4.20411998265593,training
Cc1cccc(Nc2cc(Cl)nc(SC(C(=O)O)c3ccccc3)n2)c1C,-4.47712125471966,training
Cc1ccc(-c2nc(CCOc3ccc4c(c3)CC[C@H]4CC(=O)O)c(C)o2)cc1,-2.64738297011462,training
Cc1cc(CNc2cccc(C(=O)O)c2)ccc1OCc1ccc(Br)cc1,-1.49136169383427,training
CCO[C@@H](Cc1cccc(C2=NOC(c3ccccc3)C2)c1)C(=O)O,-3.60097289568675,training
CCCc1cc(-c2nc(C(F)(F)F)cs2)ccc1OCCCOc1ccc2c(c1)CC[C@H]2CC(=O)O,-2.29446622616159,training
CCCc1c(OCCCn2ccc3cc(OC(C)(C)C(=O)O)ccc32)ccc2cc(C(=O)c3ccccc3)ccc12,-2.08457627793433,training
Cc1cccc(C)c1-c1ccc(O[C@@H](Cc2ccccc2)C(=O)O)cc1,-2.36172783601759,training
CCCc1c(OCCCCOc2cccc(CC(=O)O)c2)ccc2c(-c3ccccc3)noc12,-0.698970004336019,training
Cc1nc(-c2ccc(Cl)cc2)sc1C(=O)NCC1CCN(c2cccc(C(=O)O)c2)C1,-2.92941892571429,training
O=C(O)C[C@@H]1CCc2cc(OCCCOc3ccc(-n4cnnc4)cc3Cl)ccc21,-3.83569057149243,training
Cc1cc(CNC(=O)c2cc(-c3ccc(-c4ccccc4C)cc3)n(C)n2)ccc1OC(C)(C)C(=O)O,-1.95424250943932,training
CCC(Cc1ccc(OC)c(C(=O)NCc2ccccc2)c1)C(=O)O,-3.36172783601759,training
CCOC(=O)C(Cc1ccc(OCCn2c(=O)sc3cc(/C=C/c4cc(O)cc(O)c4)ccc32)cc1)OCC(F)(F)F,-4.0,training
CCCCOc1ccc(-c2cccc(C(=O)O)c2C)cc1CNC(=O)c1ccc(C(F)(F)F)cc1F,-2.11394335230684,training
CCc1cc(OCCc2nc(-c3ccc([N+](=O)[O-])cc3)oc2C)ncc1CCC(=O)O,-3.45999525604739,training
Cc1ccc(-c2ncc(C)c(N(C)CCCOc3ccc4c(c3)CC[C@H]4CC(=O)O)n2)cc1,-3.06069784035361,training
O=C(O)CCOc1nc(Nc2cccc3c2CCC3)cc(C(F)(F)F)n1,-4.04139268515823,training
Cc1cc(SCc2nc(-c3ccc(OC(F)(F)F)cc3)ns2)ccc1OC(C)(C)C(=O)O,-1.51851393987789,training
O=C(O)Cc1cccc(NC(=O)c2ccccc2NC(=O)c2ccc3ccccc3c2)c1,-4.15836249209525,training
CCOC(Cc1ccc(OCc2nc(-c3ccc(OC)cc3)c(-c3ccc(C(F)(F)F)cc3)s2)cc1)C(=O)O,-3.03742649794062,training
COc1ccc(-c2nc(SCCCCOc3ccc(OCC(=O)O)cc3Cl)sc2-c2ccc(OC)cc2)cc1,-2.90308998699194,training
CCO/N=C(\C)C(Cc1ccc(OCc2nc(C(C)C)oc2C)cc1)C(=O)O,-3.09236969962912,training
CCCCN(CC(=O)Nc1ccc(C)cc1C)Cc1ccc(OC(C)(C)C(=O)O)cc1,-4.0,training
CCO[C@@H](Cc1ccc(OC/C=C/C#Cc2ccccc2)cc1)C(=O)O,-1.0,training
CCCCCCC(Sc1nc(Cl)cc(Nc2nc(-c3ccc([N+](=O)[O-])cc3)cs2)n1)C(=O)O,-3.46239799789896,training
CO[C@@H](Cc1ccc(OCCCOc2ccc(-c3ccccc3)cc2)cc1)C(=O)O,-3.04139268515822,training
CCOC(Cc1ccc(OCCNC2=Nc3ccccc3Sc3ccccc32)cc1)C(=O)O,-3.8750612633917,training
COC(=O)c1ccccc1N[C@@H](Cc1ccc(OCCc2nc(-c3ccccc3)oc2C)cc1)C(=O)O,-3.54406804435028,training
CCO[C@@H](Cc1cccc(C2=NOC(c3ccc(Br)cc3)C2)c1)C(=O)O,-3.64246452024212,training
CC(C)(Oc1ccc(OCCc2ccc(/N=N/c3ccc(C#N)cc3)cc2)cc1)C(=O)O,-3.14612803567824,training
Cc1cc(OCc2nc(-c3ccc(C(F)(F)F)c(F)c3)ns2)ccc1OC(C)(C)C(=O)O,-1.93449845124357,training
COc1ccc(-c2csc(COc3ccc(OCC(=O)O)c(C)c3)n2)cc1,-3.61066016308988,training
Cc1c(C(=O)O)cccc1-c1ccc(/C=C2/SC(=O)N(CC(=O)Nc3ccc(F)cc3)C2=O)o1,0.795880017344075,training
CCCc1cc(Oc2ccccc2)ccc1OCCCCOc1ccc2c(c1)OC(C)(C(=O)O)CC2,-3.7160033436348,training
Cc1cccc(-c2ncc(C)c(N(C)CCCOc3ccc4c(c3)CC[C@H]4CC(=O)O)n2)c1,-3.64246452024212,training
Cc1nc(-c2ccc(Cl)cc2)sc1C(=O)NCc1ccc(OC(C)(C)C(=O)O)cc1,-1.0,training
Cc1oc(-c2ccccc2)nc1CN(Cc1ccc(OC(C)(C)C(=O)O)c(Cl)c1)Cc1ccco1,-0.707570176097936,training
C/C(=N\OCCCCO/N=C(/CCC(=O)O)c1ccccc1)c1ccccc1,-3.36172783601759,training
CC[C@]1(C(=O)O)CCc2ccc(OCCCOc3ccc(OCC(F)(F)F)cc3Cl)cc2O1,-0.602059991327962,training
CC(C)c1nn(-c2ccc(Br)cc2)c2nc(C3CC3)cc(C(=O)O)c12,-3.29666519026153,training
CC(C)OC(Cc1ccc(OCCc2noc(-c3cc(C(F)(F)F)cc(C(F)(F)F)c3)n2)cc1)C(=O)O,-1.69897000433602,training
CCO[C@@H](Cc1ccc(OCC=C(c2ccc(OC)cc2)c2ccc(OC)cc2)cc1)C(=O)O,-3.34121286901668,training
CC(C)OC(Cc1ccc(OCc2noc(-c3cccc(F)c3)n2)cc1)C(=O)O,-1.89762709129044,training
Cc1cccc2c(-c3cccc(NCc4ccc(CC(=O)O)cc4)c3)c(Cc3ccccc3)cnc12,-3.24846371755103,training
CCCOC(Cc1ccc2c(ccn2Cc2nc(-c3ccc(C(F)(F)F)cc3)oc2C)c1)C(=O)O,-2.70757017609794,training
O=C(O)CCCc1cc2cc(C(F)(F)F)ccc2n1S(=O)(=O)c1ccc(Cl)cc1,-3.45086469237977,training
CC(C)c1oc(-c2ccc(Cl)cc2Cl)nc1CCc1noc2cc(OC(C)(C)C(=O)O)ccc12,-3.93449845124357,training
Cc1oc(-c2ccccc2)nc1CCOc1ccc(Cc2nn(-c3ccccc3)cc2C(=O)O)cc1,-2.10037054511756,training
CO[C@@H](Cc1ccc(C#CCCOc2ccc(Oc3ccccc3)cc2)cc1)C(=O)O,-3.27415784926368,training
Cc1cc(C(=O)O)c2c(C(C)C)nn(-c3ccc(I)cc3)c2n1,-3.38201704257487,training
CCc1cc(C(=O)O)c2c(C(C)C)nn(-c3ccc(Br)cc3)c2n1,-3.0899051114394,training
CCC(Cc1ccc(OC)c(CNC(=O)c2ccccc2Oc2ccccc2)c1)C(=O)O,-3.55630250076729,training
Cc1cc(OCc2ccc(F)cc2)ccc1CNc1cccc(C(=O)O)c1,-3.16136800223497,training
CCCCCOc1nc2ccccc2cc1C(O)CC#CCCCC(=O)OC,-2.41830129131975,training
CCC[C@@H](Oc1cccc(Cn2c(C)c(C(=O)c3ccc(Cl)cc3)c3ccc(OC(F)(F)F)cc32)c1)C(=O)O,-2.57978359661681,training
CCC(C(=O)O)C1CCc2cc(OCCc3nc(-c4ccccc4)oc3C)c(-c3ccc(Cl)cc3)cc21,-1.65321251377534,training
COc1ccc(-c2nc(COc3cccc(CN(CC(=O)O)C(=O)Oc4ccc(C)cc4)c3)c(C)o2)cc1,-1.19865708695442,training
Cc1nc(-c2ccc(Cl)cc2)sc1C(=O)NCC1CN(c2cccc(C(=O)O)c2)CCO1,-2.90848501887865,training
CCCc1c(OCCCOc2ccc(CCCC(=O)O)cc2)ccc2c(-c3ccccc3)noc12,-0.477121254719662,training
CCCn1c(CCCc2ccc(OC(C)(C)C(=O)O)cc2)nn(Cc2ccc(C)cc2)c1=O,-0.778151250383644,training
Cc1cc(-n2nc3ccccc3n2)cc(C)c1OC(C)(C)C(=O)O,-1.98227123303957,training
CCCc1cc(-c2nc(OCC)c(C)s2)ccc1OCCCOc1ccc2c(c1)CC[C@H]2CC(=O)O,-1.78532983501077,training
O=C(O)[C@H](Cc1ccccc1)Oc1ccc2ccccc2c1,-3.14806871204415,training
Cc1oc(-c2cccc(-c3ccccc3)c2)nc1CCOc1ccc(CC(C)(Oc2ccccc2)C(=O)O)cc1,-0.845098040014257,training
Cc1oc(-c2ccc(Cl)cc2)nc1CCOc1ccc(CC2(C(=O)O)CCCO2)cn1,-1.07918124604762,training
CCCc1c(OCCCOc2ccc(OCC(=O)OC)cc2)cnc(C(C)=O)c1O,-3.92381372109119,training
Cc1oc(-c2ccc(C(C)C)cc2)nc1CCOc1ccc(C[C@H](OCC2CC2)C(=O)O)c2sccc12,-1.20411998265592,training
Cc1oc(-c2ccccc2)nc1CCOc1ccc(CCC(=O)O)c(CNC(=O)CCc2ccccc2)c1,-3.44731310882357,training
O=C(O)CCCc1cc2cc(C(F)(F)F)ccc2n1S(=O)(=O)c1cccc(OC(F)(F)F)c1,-3.44027921323559,training
CCC(C(=O)O)C1CCc2cc(OCCc3nc(-c4ccc(C)c(C)c4)oc3C)ccc21,-1.57978359661681,training
CCCCCCC(Sc1nc2ccc(NCc3ccc(Cl)cc3)cc2s1)C(=O)O,-3.13353890837022,training
CC(=O)NC(C)c1nc(-c2ccc(Oc3ccc(O)cc3)cc2)no1,-3.0,training
Cc1oc(-c2ccccc2)nc1CCOc1ccc2c(c1)CCC[C@H]2CC(=O)O,-3.34044411484012,training
Cc1cc(CCc2sc(-c3ccc(C(F)(F)F)cc3)nc2C)ccc1OCC(=O)O,-3.30102999566398,training
CCC(C(=O)O)C1CCc2cc(OCCc3nc(-c4ccccc4)oc3C)c(C(C)=O)cc21,-2.51454775266029,training
CCCCC(Sc1nc2ccc(NC(=O)c3ccc(C(C)(C)C)cc3)cc2s1)C(=O)O,-3.64345267648619,training
O=C(Cc1cccc(SCc2ccccc2C(=O)O)c1)OCCc1ccc(C(F)(F)F)cc1,-3.74036268949424,training
Cc1ccc(OC(=O)N(CC(=O)O)Cc2ccc(OCc3nc(-c4ccc(Cl)cc4)oc3C)cc2)cc1,-1.59217675739587,training
Cc1cc2c(CCc3nc(-c4ccc(Cl)cc4Cl)oc3C(C)C)noc2cc1OCC(=O)O,-4.0,training
CC/C=C\C/C=C\C/C=C\C/C=C\CC/C=C/C=C/C(=O)O,-1.50514997831991,training
Cc1cc(Sc2cc(C#CCN3CCOCC3)nc(C#Cc3ccc(C(F)(F)F)cc3)c2)ccc1OCC(=O)O,-2.0,training
CCCc1cc2c(=O)n(C)oc2c(CCC)c1O[C@H](C(=O)O)c1ccc(C(C)C)cc1,-2.82607480270083,training
CCO[C@@H](Cc1ccc(OCC(OC(=S)NCc2ccccc2)c2ccccc2)cc1)C(=O)O,-3.79309160017658,training
O=C(O)c1cccc(NCc2ccc(OCc3ccc(Cl)cc3)cc2)c1,-2.91907809237607,training
O=C(O)C(Oc1ccc(Cl)cc1F)c1ccccc1,-4.27875360095283,training
CCC(Cc1ccc(C(=O)NCc2ccc(OC(F)(F)F)cc2)cc1)C(=O)O,-3.30102999566398,training
CCC(C(=O)O)C1CCc2cc(OCCc3nc(COc4ccc(Cl)cc4)oc3C)ccc21,-1.72427586960079,training
O=C(O)C(Cc1ccccc1)Oc1ccc(Cl)cc1Cl,-3.32633586092875,training
COc1ccc(CC(OC)C(=O)O)cc1C(=O)NCc1ccc(C(F)(F)F)cc1,-2.36172783601759,training
CCCc1cc2c(OC)noc2c(CCC)c1OC(C)(C)C(=O)O,-1.77815125038364,training
CCCCCCC(Sc1nc2cc(Cl)ccc2s1)C(=O)NS(=O)(=O)c1ccccc1,-4.7041505168398,training
Cc1ccc(OC(=O)N(CC(=O)O)Cc2cccc(OCc3nc(-c4ccc(C#N)cc4)oc3C)c2)cc1,-1.568201724067,training
CCCC(Cc1ccc(OC)c(CNC(=O)c2ccc(C(F)(F)F)cc2)c1)C(=O)O,-1.84509804001426,training
Cc1sc(-c2ccc(OC(F)(F)F)cc2)nc1CCOc1ccc2c(c1)CC[C@H]2CC(=O)O,-3.8998205024271,training
Cc1cc(SCc2cc(-c3ccc(C(F)(F)F)cc3)ns2)ccc1OCC(=O)O,-3.11058971029925,training
CCCCCCCc1cc(CCCCCC(=O)O)no1,-4.67209785793572,training
CCC(Cc1ccc(OC)c(CCCc2ccc(C(F)(F)F)cc2)c1)C(=O)O,-2.93449845124357,training
CCC(C(=O)O)C1CCc2cc(OCCc3nc(-c4ccco4)oc3C)ccc21,-2.87215627274829,training
CCC(Oc1cccc(CN(CCCOc2ccc(C)c(C)c2)c2nc3ccccc3o2)c1)C(=O)O,0.0,training
CCOc1csc(-c2ccc(OCCCOc3ccc4c(c3)CC[C@H]4CC(=O)O)cc2)n1,-2.0,training
CCC(C(=O)O)C1CCc2cc(OCCc3nc(-c4cccc(F)c4)oc3C)ccc21,-2.52633927738984,training
O=C(O)CCCCOc1ccc(NC(=O)Nc2ccccc2)cc1,-3.96848294855394,training
Cc1oc(-c2ccccc2)nc1CCOc1ccc(OC(C)C(=O)O)cc1,-2.79588001734408,training
CCCc1cc(C(=O)C2CCCCC2)ccc1OCCCOc1cccc(C2SC(=O)NC2=O)c1,-2.11394335230684,training
Cc1cccc(Nc2cc(Br)nc(SCC(=O)O)n2)c1C,-3.7160033436348,training
CCNC(=S)OC(CCc1ccc(C[C@H](OCC)C(=O)O)cc1)c1ccccc1,-4.3096301674259,training
Cc1cc(Oc2cccc(CNC(=O)c3c(C)c4cc(Cl)ccc4n3C)c2)ccc1CCC(=O)O,-3.42390091852842,training
Cc1c(C(=O)Nc2ccc(O)cc2)nn(-c2ccc(Cl)cc2Cl)c1-c1ccc(Cl)cc1,-2.987219229908,training
CCC(Cc1ccc(OC)c(CNC(=O)c2ccc(C)cc2)c1)C(=O)O,-2.0,training
Cc1ccccc1NC(=O)CN(Cc1ccc(OC(C)(C)C(=O)O)cc1)Cc1ccco1,-3.30102999566398,training
CC(=O)NC(C)c1nc(-c2ccc(OCCCOc3ccc(Oc4ccccc4)cc3)cc2)no1,-2.38021124171161,training
COc1ccc(NC(=O)N(CCc2ccc(SC(C)(C)C(=O)O)cc2)CCc2ccc(-c3ccccc3)cc2)c(OC)c1,-0.778151250383644,training
CCC(Cc1ccc(OC)c(C(=O)NCc2ccc(CCc3ccccc3)cc2)c1)C(=O)O,-3.7481880270062,training
CCCCOc1ccc(-c2cncc(C(=O)O)c2)cc1CNC(=O)c1ccc(C(F)(F)F)cc1F,-3.60205999132796,training
CCc1ccc(-c2nc(CCOc3ccc4c(c3)CC[C@H]4CC(=O)O)c(C)n2C)cc1,-4.0,training
CCCCO/N=C/c1ccc(OC(Cc2ccccc2)C(=O)O)cc1,-3.5910646070265,training
CCc1ccc(OCCCOc2ccc3c(c2)CC[C@H]3CC(=O)O)cc1,-3.29666519026153,training
CCC(C(=O)O)C1CCc2cc(OCCc3nc(-c4ccccc4F)oc3C)ccc21,-2.74741180788642,training
CC(C)(Sc1nc2ccc(C(F)(F)F)cc2s1)C(=O)O,-4.55750720190566,training
Cc1oc(-c2ccccc2)nc1CCOc1ccc(CN(CC(=O)O)Cc2ccc(Oc3ccccc3)cc2)cc1,-1.54406804435028,training
O=C(O)CCCc1cc2cc(C(F)(F)F)ccc2n1S(=O)(=O)c1ccc2scnc2c1,-3.20951501454263,training
Cc1nc(-c2ccc(Cl)cc2)sc1CCC1CCCN(c2cccc(C(=O)O)c2)C1,-2.90848501887865,training
COC(=O)N(CC(=O)O)Cc1cc(OCc2nc(-c3ccc(C(F)(F)F)cc3)oc2C)ccc1F,-0.556302500767287,training
CCC(C(=O)O)C1CCc2cc(OCCc3nc(-c4cccc5ccccc45)oc3C)ccc21,-2.65417654187796,training
COC(=O)N(CC(=O)O)Cc1cccc(OCc2coc(-c3ccc(C(F)(F)F)cc3)n2)c1,-1.83250891270624,training
CC(C)OC(Cc1ccc(OCc2noc(C3CCCCC3)n2)cc1)C(=O)O,-2.38021124171161,training
CCC(Cc1ccc(CCc2ccc(N3C(=O)c4ccccc4C3=O)cc2)cc1)C(=O)O,-3.81954393554187,training
CCC(Oc1cccc(CN(CCCOc2cccc([N+](=O)[O-])c2)c2nc3ccccc3o2)c1)C(=O)O,-1.38021124171161,training
CS(=O)(=O)Oc1ccc(CCCC[C@H]2CO[C@@](C)(C(=O)O)OC2)cc1,-4.30102999566398,training
CC(C)(CCCOc1ccc(/C=C/c2ccc3ccccc3c2)cc1)C(=O)O,-4.95424250943933,training
CCO[C@@H](Cc1ccc(OCCc2nc(-c3ccc(-c4ccccc4)s3)oc2C)cc1)C(=O)O,-1.34242268082221,training
O=C(Cc1cccc(SCc2ccccc2C(=O)O)c1)OCc1ccc(-n2cccn2)cc1,-4.25527250510331,training
CCc1oc(-c2ccccc2)nc1CCOc1ccc2c(c1)CC[C@H]2CC(=O)O,-4.0,training
Cc1nc(-c2ccc(C(F)(F)F)cc2)sc1CNCc1ccc(OC(C)(C)C(=O)O)cc1,-1.84509804001426,training
Cc1nc(-c2ccc(C(F)(F)F)cc2)sc1COc1ccc(CCC(=O)O)cc1,-3.47712125471966,training
Cc1oc(-c2ccccc2)nc1CCOc1cccc(C[C@H]2CN(C(=O)Oc3ccccc3)C[C@@H]2CC(=O)O)c1,-2.92941892571429,training
CCCNC(=S)OC(CCc1ccc(C[C@H](OCC)C(=O)O)cc1)c1ccccc1,-3.59549622182557,training
CC(C)[C@@]1(C(=O)O)Cc2cc(OCCCOc3ccc(OC(F)(F)F)cc3Cl)ccc2O1,-0.929418925714293,training
COc1ccc(-c2nc(CCOc3cccc(C[C@@H]4C(=O)N(c5ccc(C(C)(C)C)cc5)[C@@H]4C(=O)O)c3)c(C)o2)cc1,-0.903089986991943,training
CCc1cc(C(=O)O)c2c(C(C)C)nn(-c3ccc(Cl)cc3)c2n1,-3.14301480025409,training
CCCCC(Sc1ccc(OCCCOc2ccccc2OC)cc1)C(=O)O,-2.74036268949424,training
CCC(C(=O)O)C1CCc2cc(OCCn3nc(-c4ccccc4)cc3C)ccc21,-2.3654879848909,training
C[C@]1(C(=O)O)CCc2ccc(OCCCOc3ccc(OCC4CCC4)cc3Cl)cc2O1,-2.14612803567824,training
COC(=O)c1cc2ccc(OCCc3nc(-c4cccc(C(F)(F)F)c4)oc3C)cc2oc1=O,-3.07918124604762,training
O=C(O)CCCc1cc2cc(Cl)ccc2n1S(=O)(=O)c1ccc2c(c1)OCO2,-2.89762709129044,training
COc1ccc(-c2nc(C)c(C(=O)N[C@H]3CCCN(c4cccc(C(=O)O)c4)C3)s2)cc1,-1.36172783601759,training
CCCCCCCN(CCc1ccc(OC(C)(C)C(=O)O)cc1)C(=O)Nc1ccc(F)cc1F,-2.89762709129044,training
CCCCCOc1ncccc1C(O)CC#CCCCC(=O)OC,-3.21272015441784,training
CC(C)(Oc1ccc(CCCOc2ccc(/N=N/c3ccccc3)cc2)cc1)C(=O)O,-4.63144376901317,training
CC(C)c1ccc(OCCCOc2ccc3c(c2)O[C@@](C)(C(=O)O)CC3)c(Cl)c1,-1.36172783601759,training
CCC(Oc1cccc(CN(CCCOc2ccccc2)c2nc3cc4c(cc3o2)OCO4)c1)C(=O)O,-0.698970004336019,training
CCO[C@@H](Cc1cccc(/C(C)=N/OCc2ccc(OC)cc2)c1)C(=O)O,-3.60852603357719,training
CCCc1cc(-c2ccccc2)ccc1OCCCOc1cccc(C2OC(=O)NC2=O)c1,-3.30102999566398,training
CCC(C(=O)O)C1CCc2cc(OCCc3nc(-c4ccccc4)oc3C)c(-c3ccccc3)cc21,-1.76342799356294,training
Cc1nc(-c2ccc(C(F)(F)F)cc2)sc1CCc1ccc(OC(C)(C)C(=O)O)cc1,-2.32221929473392,training
CCOC(Cc1ccc(OCCCc2nc(-c3ccccc3)oc2C)cn1)C(=O)O,-2.94743372188705,training
COCc1nc(-c2ccc(C(=O)NCc3ccc(OC(C)(C)C(=O)O)cc3)cc2)no1,-3.47712125471966,training
COC(=O)N(CC(=O)O)Cc1cccc(OCc2coc(-c3ccc(F)cc3)n2)c1,-2.37106786227174,training
Cc1cc(OCc2nc(-c3ccc(C(F)(F)F)cc3)ns2)ccc1OC(C)(C)C(=O)O,-1.9731278535997,training
CC(=O)Nc1cc(-n2ccnn2)ccc1OCCCOc1ccc2c(c1)CC[C@H]2CC(=O)O,-3.96378782734556,training
CC[C@]1(C(=O)O)CCc2ccc(OCCCOc3ccc(C4CCC5(CC4)CC5)cc3Cl)cc2O1,-2.47712125471966,training
CC(C)(Oc1ccc(OCCCOc2ccc(Oc3ccc(F)cc3)cc2Cl)cc1)C(=O)O,-1.30102999566398,training
CCOC(Cc1ccc(OCCN2CC=C(c3ccc(Cl)cc3Cl)CC2)cc1)C(=O)O,-3.04921802267018,training
CCC(C(=O)O)C1CCc2cc(OCCc3nc(-c4ccc(Cl)cc4Cl)oc3C)ccc21,-3.73878055848437,training
O=C(O)[C@H](CCc1ccccc1)Oc1ccc(Cl)cc1,-3.3799994715285,training
CCOC(Cc1ccc(OCCN2CC=C(c3ccccc3OC)CC2)cc1)C(=O)O,-4.25767857486918,training
Cc1cc(SC/C=C/C#Cc2ccccc2)ccc1OCC(=O)O,-4.14612803567824,training
CC(C)(Sc1nc2ccc(Br)cc2s1)C(=O)O,-4.66086547800387,training
CCCc1cc(C(=O)c2ccc(F)cc2)ccc1OCCCOc1ccc2c(ccn2CC(=O)O)c1,-1.69897000433602,training
CC(=O)c1ccc(-c2ncc(C)c(N(C)CCCOc3ccc4c(c3)CC[C@H]4CC(=O)O)n2)cc1,-3.81624129999178,training
CCCCCCCN(CC(=O)O)Cc1ccc(OCCc2nc(-c3ccccc3)oc2C)cc1,-2.25527250510331,training
CCCc1cc(Oc2ccccc2)ccc1OCCCOc1ccc2c(c1)OC(C(=O)O)CC2,-3.47712125471966,training
CCCc1c(OCCCSc2ccc(CC(=O)O)cc2Cl)ccc2c(C(F)(F)F)noc12,-2.09691001300806,training
Cc1oc(-c2ccc(Br)cc2)nc1CCOc1ccc(OC(C)(C)C(=O)O)cc1,-1.79169064902012,training
COc1ccc(CN(Cc2ccc(OC(C)(C)C(=O)O)cc2)Cc2nc(-c3cccc(Br)c3)oc2C)cc1,-1.41497334797082,training
CCO[C@@H](Cc1ccc(OCC=C(c2ccc(-c3ccco3)cc2)c2ccc(-c3ccco3)cc2)cc1)C(=O)O,-3.30102999566398,training
CCCc1cc(Oc2ccccc2)ccc1OCCCOc1ccc2c(c1)OC(C)(C(=O)O)CC2,-2.0,training
CCCCC(Sc1ccc(OCCCOc2cccc(OC)c2)cc1)C(=O)O,-1.69019608002851,training
CC(=O)NC(C)c1nc(-c2ccc(OCC=C(c3ccc(Br)cc3)c3ccc(Br)cc3)cc2)no1,-2.94448267215017,training
O=C(O)c1cccc(NCc2ccc(OCc3ccc(F)cc3)cc2OCc2ccc(F)cc2)c1,-2.96848294855394,training
CCc1ccc(O[C@@H](Cc2ccccc2)C(=O)O)cc1,-2.847557236479,training
O=C(O)C(Cc1ccccc1)Oc1ccc(Cl)c(F)c1,-3.81291335664286,training
O=C(O)[C@H](Cc1ccccc1)Oc1ccc(F)cc1,-4.39445168082622,training
Cc1ccc(C)c(NC(=O)CN(Cc2ccc(OC(C)(C)C(=O)O)cc2)Cc2ccco2)c1,-2.77815125038364,training
CC1(C)CCC(c2ccc(OCCCOc3ccc4c(c3)O[C@@](C)(C(=O)O)CC4)c(Cl)c2)CC1,-3.0,training
CC[C@]1(C(=O)O)CCc2ccc(OCCCOc3ccc(C(C)C)cc3Cl)cc2O1,-1.38021124171161,training
Cc1cc(CN(Cc2ccco2)Cc2nc(-c3ccccc3)oc2C)ccc1OC(C)(C)C(=O)O,-0.591064607026499,training
CC[C@]1(C(=O)O)CCc2ccc(OCCCOc3ccc(C4CCC(C)(C)CC4)cc3Cl)cc2O1,-2.84509804001426,training
CCc1ccc(O[C@H](C)CCOc2ccc(CCC(=O)O)c(C)c2)c(-c2cccnc2)c1,-3.46239799789896,training
COc1ccccc1-c1nc(CCOc2ccc(CC(OC)C(=O)O)c3sccc23)c(C)o1,-2.63848925695464,training
COC(c1ccccc1OC(F)(F)F)C1CC1c1cc(C)c(OC(C)(C)C(=O)O)c(C)c1,-2.81424759573192,training
Cc1cc(CNC(=O)c2cc(-c3ccc(-c4ccoc4)cc3)n(C)n2)ccc1OC(C)(C)C(=O)O,-0.602059991327962,training
Cc1ccc(OC(C)(Cc2ccc(OCCc3nc(-c4ccccc4)oc3C)cc2)C(=O)O)cc1,-0.845098040014257,training
CCC1(C(=O)O)Cc2ccc(OCCCOc3ccc(OC(F)(F)F)cc3Cl)cc2O1,-1.568201724067,training
O=C(O)CSc1nc(Cl)cc(Nc2ccccc2)n1,-4.44715803134222,training
Cc1ccc(NC(=O)N(CCCCC2CCCCC2)CCc2ccc(SC(C)(C)C(=O)O)cc2)cc1[N+](=O)[O-],-1.30102999566398,training
Cc1ccc(Cn2nc(CCCc3ccc(OC(C)(C)C(=O)O)cc3)n(C)c2=O)cc1C,-0.602059991327962,training
Cc1oc(-c2ccccc2)nc1COc1ccc(C[C@H]2CO[C@@](C)(C(=O)O)OC2)cc1,-0.037426497940624,training
CCCc1cc(C(=O)CC)cc(CCC)c1O[C@H](C(=O)O)c1ccc(CC(C)C)cc1,-1.5910646070265,training
O=C(O)C(Cc1ccccc1)Oc1ccc(/C=N/OCc2ccccc2)cc1,-3.83250891270624,training
CS(=O)(=O)Oc1ccc(CCCCCC[C@H]2CO[C@@](C)(C(=O)O)OC2)cc1,-4.17609125905568,training
CCCc1c(OCCCCOc2cccc(OCC(=O)O)c2)ccc2c(-c3ccccc3)noc12,-2.39445168082622,training
CCCc1cc(Oc2ccc(Cl)c(Cl)c2)ccc1OCCCOc1cccc(C2SC(=O)NC2=O)c1,-1.91381385238372,training
CCCCN(Cc1ccc(OC(C)(C)C(=O)O)cc1)Cc1nc(-c2cccc(Br)c2)oc1C,-2.69897000433602,training
Cc1oc(-c2ccccc2)nc1CCOc1cccc(CN(CCCc2ccccc2)CC(=O)O)c1,-1.67209785793572,training
Cc1oc(-c2ccccc2)nc1CCOc1ccc(CCC(=O)O)c2c1CCN(C(=O)OCC(C)C)C2,-3.23426412437879,training
CC[C@@H](Cc1ccc(OC)c(C(=O)NCc2ccc(Oc3ccc(F)cc3)cc2)c1)C(=O)O,-0.964023792840034,training
CCc1cc(SCc2sc(-c3ccc(C(F)(F)F)cc3)nc2C)ccc1OC(F)C(=O)O,-2.85125834871908,training
CC(C)(Oc1ccc(CCN(C(=O)Nc2ccc(F)cc2F)C2CCCCCC2)cc1)C(=O)O,-3.14612803567824,training
Cc1cccc(-c2nc(CCCC[C@H]3CO[C@@](C)(C(=O)O)OC3)c(C)o2)c1,-1.47712125471966,training
CCOC(Cc1ccc(OCCN2CC=C(c3cnccn3)CC2)cc1)C(=O)O,-3.56466606425209,training
Cc1oc(-c2ccccc2)nc1CCOc1ccc(CC2(C(=O)O)CCCCC2)cn1,-3.91907809237607,training
Cc1oc(-c2cccc(Cl)c2)nc1CCOc1ccc2c(c1)CC[C@H]2CC(=O)O,-3.19672872262329,training
COC(=O)C1Cc2ccc(OCCc3nc(-c4ccc(F)cc4)oc3C)cc2OC1=O,-2.0,training
Cc1oc(-c2ccccc2)nc1CNCc1ccc(OC(C)(C)C(=O)O)cc1,-4.0,training
CC(C)(Oc1ccc(CCOc2ccc(/N=N/c3ccc(Cl)cc3)cc2)cc1)C(=O)O,-2.57978359661681,training
Cc1cc(Oc2cccc(CNC(=O)c3ccc(OC(F)(F)F)cc3C)c2)ccc1OC(C)(C)C(=O)O,-2.6232492903979,training
CCC(Oc1cccc(CN(CCCOc2ccccc2)c2nc3c(O)cccc3o2)c1)C(=O)O,-2.20411998265592,training
Cc1oc(-c2ccc(F)cc2)nc1CCOc1ccc2c(c1)CC[C@H]2CC(=O)O,-2.70243053644553,training
CCC(C(=O)O)C1CCc2cc(OCCc3nc(-c4ccccc4)oc3C)c(-c3ccc(OC)cc3)cc21,-1.36172783601759,training
Cc1cc(Cc2cc(-c3ccccc3)on2)cc(C)c1OC(C)(C)C(=O)O,-2.5854607295085,training
Cc1oc(-c2ccccc2)nc1CCOc1cccc(CN(CCc2ccccc2)CC(=O)O)c1,-1.64345267648619,training
Cc1oc(-c2ccccc2)nc1CCOc1cccc(CC2=CN(C(=O)OCc3ccccc3)CCC2C(=O)O)c1,-1.38021124171161,training
Cc1oc(-c2ccccc2)nc1CCOc1ccc(Cc2nn(-c3ccccc3)nc2C(=O)O)cc1,-3.78887511577542,training
COc1cc(-c2nc(C)c(C(=O)N(C)C)s2)ccc1OCCCOc1ccc2c(c1)CC[C@H]2CC(=O)O,-2.90471554527868,training
CCO[C@@H](Cc1cccc(/C(C)=N/OCc2ccc(F)cc2)c1)C(=O)O,-3.77085201164214,training
COc1ccc(-c2nc(Sc3cccc(C(C)C(=O)O)c3)sc2-c2ccc(OC)cc2)cc1,-2.47712125471966,training
Cc1oc(-c2ccccc2)nc1CCCc1ccc(CC(C(=O)O)c2cccc(-c3ccccc3)c2)cc1,-3.20411998265592,training
Cc1cccc(N(c2cc(Cl)nc(SCC(=O)O)n2)C(C)C)c1C,-4.39794000867204,training
CCCc1c(OCCCn2ccc3cc(OC(C)(C)C(=O)O)ccc32)ccc2cc(C(=O)c3ccc(OC)cc3)ccc12,-2.11394335230684,training
O=C(O)COc1cccc(CN(CCCOc2ccccc2)c2nc3ccccc3o2)c1,-3.07918124604762,training
C[C@@H](c1cccc(OCc2coc(-c3ccc(Cl)cc3)n2)c1)N(CC(=O)O)C(=O)Oc1ccccc1,-2.16136800223497,training
Cc1cc(SCc2nc(-c3ccc(OC(F)(F)F)c(Cl)c3)ns2)ccc1OC(C)(C)C(=O)O,-1.44715803134222,training
CCCc1c(OCCCOc2ccc3c(c2)CC[C@H]3CC(=O)O)ccc2c(C(F)(F)F)noc12,-2.28330122870355,training
CCC(Cc1ccc(OC)c(C(=O)NCc2ccc(OCCc3ccccc3)cc2)c1)C(=O)O,-3.43136376415899,training
CCO[C@@H](Cc1ccc(OC/C=C/c2cc(OC)cc(OC)c2)cc1)C(=O)O,-1.77815125038364,training
COc1cccc(-c2nc(CCOc3ccc4c(c3)CC[C@H]4CC(=O)O)c(C)o2)c1,-3.27646180417324,training
CC[C@@](C)(Cc1ccc(OCCCOc2ccc(OCC(F)(F)F)cc2Cl)cc1)C(=O)O,-0.89209460269048,training
O=C(O)c1cccc(NC(=O)c2ccccc2NC(=O)c2ccc(C(F)(F)F)c(F)c2)c1,-3.34242268082221,training
N#Cc1ccc(-c2ccc(C(=O)NCc3ccc(NS(=O)(=O)C(F)(F)F)cc3)cc2)cc1,-1.30102999566398,training
CCOC(c1ccc(OC(F)(F)F)cc1)C1CC1c1cc(C)c(OC(C)(C)C(=O)O)c(C)c1,-1.53147891704226,training
Cc1cccc(-c2ccc(OC(Cc3ccccc3)C(=O)O)cc2)c1,-2.34242268082221,training
CC[C@@](C)(Cc1ccc(OCCCOc2ccc(C3CCCCC3)cc2Cl)cc1)C(=O)O,0.0,training
Cc1cccc(C)c1COC(=O)Cc1ccc(SCc2ccccc2C(=O)O)cc1,-2.79239168949825,training
Cc1oc(-c2ccc(Cl)cc2)nc1COc1ccc(F)c(CN(CC(=O)O)C(=O)OCC(C)C)c1,-0.361727836017593,training
Cc1oc(-c2cccc(Br)c2)nc1CNCc1ccc(OC(C)(C)C(=O)O)cc1,-2.82607480270083,training
Cc1oc(-c2ccccc2)nc1Cc1cccc(C[C@H]2CO[C@@](C)(C(=O)O)OC2)c1,-3.47712125471966,training
Cc1cc(OCc2nc(-c3ccc(OC(C)C)cc3)c(-c3ccc(OC(F)(F)F)cc3)o2)ccc1OCC(=O)O,-3.41497334797082,training
CCOC(Cc1ccc(OCCN2CC=C(c3ccc(CC)cc3)CC2)cc1)C(=O)O,-3.87966920563205,training
CCOC(Cc1ccc(OCC/C=C2/c3ccccc3COc3ccccc32)cc1)C(=O)O,-4.09342168516224,training
COc1cccc(S(=O)(=O)n2c(CCCC(=O)O)cc3cc(Cl)ccc32)c1,-2.48429983934679,training
CCO[C@@H](Cc1ccc(OC/C=C/C#Cc2cccc(C#C/C=C/COc3ccc(C[C@H](OCC)C(=O)O)cc3)c2)cc1)C(=O)O,-2.47712125471966,training
Cc1cc(OCc2nc(-c3ccc(C(=O)N(C)C(C)C)cc3)c(-c3ccc(OC(F)(F)F)cc3)o2)ccc1OCC(=O)O,-2.84509804001426,training
CCc1ccc(-c2ncc(F)c(N(C)CCCOc3ccc4c(c3)CC[C@H]4CC(=O)O)n2)cc1,-2.62838893005031,training
CCO[C@@H](Cc1ccc(CCC(O)c2ccccc2)cc1)C(=O)O,-3.17897694729317,training
CCc1ccc(-c2nc(C)c(CCOc3ccc4c(c3)CC[C@H]4CC(=O)O)n2C)cc1,-4.0,training
CN(Cc1ccc(OCc2ccc(F)cc2)cc1)c1cccc(C(=O)O)c1,-2.95424250943932,training
Cc1cc(SCc2nc(-c3ccc(Cl)cc3)ns2)ccc1OC(C)(C)C(=O)O,-2.26951294421792,training
COc1ccccc1-c1ccc(O[C@@H](Cc2ccccc2)C(=O)O)cc1,-2.11394335230684,training
Cc1oc(-c2cccc(Br)c2)nc1CN(Cc1ccccc1)Cc1ccc(OC(C)(C)C(=O)O)cc1,-1.7481880270062,training
CCOC(Cc1ccc2c(ccn2Cc2nc(-c3ccc(F)c(C)c3)oc2C)c1)C(=O)O,-1.69897000433602,training
CCCN(CC(=O)Nc1ccc(C)cc1C)Cc1ccc(OC(C)(C)C(=O)O)cc1,-3.0,training
Cc1sc(-c2ccc(Cl)cc2)nc1CCOc1ccc2c(c1)CC[C@H]2CC(=O)O,-4.0,training
CCCCOc1ccc(-c2ccc(C(=O)O)c(C)c2)cc1CNC(=O)c1ccc(C(F)(F)F)cc1F,-3.47712125471966,training
CC[C@]1(C(=O)O)CCc2ccc(OCCCOc3ccc(Cl)cc3Cl)cc2O1,-2.11394335230684,training
CCCc1cc(C(F)(F)F)ccc1OCCCOc1ccc(OCC(=O)OC)c(C)c1,-3.00432137378264,training
Cc1oc(-c2ccccc2)nc1CCOc1ccc(Cc2cn(-c3ccccc3)cc2C(=O)O)cc1,-2.81954393554187,training
COc1cc(-c2nc(C)c(C(C)=O)s2)ccc1OCCCOc1ccc2c(c1)CC[C@H]2CC(=O)O,-2.7481880270062,training
CCCc1cc(C(=O)CC)cc(CCC)c1O[C@H](C(=O)O)c1ccc(OC(C)C)cc1,-2.04139268515822,training
CCC(Cc1ccc(OCCc2nc(-c3ccccc3)oc2C)cc1)(Oc1ccccc1)C(=O)O,-1.8750612633917,training
CCCOc1ccc(CC(CC)C(=O)O)cc1CNC(=O)c1ccc(C(F)(F)F)cc1,-1.88649072517248,training
CCO[C@@H](Cc1ccc(OCc2nc(-c3ccsc3)oc2C)cc1)C(=O)O,-0.477121254719662,training
Cc1oc(-c2cccc(Br)c2)nc1CCOc1ccc(OC(C)(C)C(=O)O)cc1,-1.90848501887865,training
CCC(C(=O)O)C1CCc2cc(OCCc3nc(C4CCCCC4)oc3C)ccc21,-2.04532297878666,training
Cc1oc(-c2ccccc2)nc1CCOc1ccc(Cc2nn(-c3ccccc3)nc2CC(=O)O)cc1,-1.04139268515823,training
COC(=O)C1Cc2ccc(OCCc3nc(-c4ccc(OC)cc4)oc3C)cc2OC1=O,-3.2405492482826,training
Cc1nc(-c2ccc(OC(F)(F)F)cc2)sc1C(=O)NCc1ccc(OC(C)(C)C(=O)O)cc1,-0.602059991327962,training
Cc1oc(-c2ccccc2)nc1CCOc1cccc(CC2=CN(C(=O)OCC(C)C)CCC2C(=O)O)c1,-0.954242509439325,training
Cc1onc(-c2ccc(CC(=O)O)cc2Cl)c1COCCOc1ccc(C(F)(F)F)cc1[N+](=O)[O-],-2.34242268082221,training
Cc1cc(OCc2nc(-c3ccc(C(=O)N4CCCCC4)cc3)c(-c3ccc(OC(F)(F)F)cc3)o2)ccc1OCC(=O)O,-3.06069784035361,training
COC(=O)N(CC(=O)O)Cc1cccc(OCc2csc(-c3ccc(Cl)cc3)n2)c1,-1.95424250943932,training
CCCc1c(OCCCOc2cccc3c2ccn3CC(=O)O)ccc2cc[nH]c12,-3.08242630086077,training
Cc1oc(-c2ccccc2)nc1CCOc1ccc(CN(CC(=O)O)Cc2ccc(OCc3ccccc3)cc2)cc1,-2.27646180417324,training
CCCc1c(OCCCn2ccc3cc(OC(C)(C)C(=O)O)ccc32)ccc2c(C(=O)c3ccccc3)cccc12,-2.30102999566398,training
C[C@@H](Oc1ccc(CNc2cccc(C(=O)O)c2)cc1)c1ccc(F)cc1,-4.40823996531185,training
Cc1cc(SCc2nc(-c3ccc(Cl)cc3Cl)ns2)ccc1OC(C)(C)C(=O)O,-2.67760695272049,training
Nc1nc2ccc(S(=O)(=O)n3c(CCCC(=O)O)cc4cc(Cl)ccc43)cc2s1,-3.10140335055533,training
COc1ccc(-c2nc(CCOc3ccc(CC4(C(=O)O)CCCO4)nc3)c(C)o2)cc1,-2.64048143697042,training
CCO[C@@H](Cc1ccc(OCC=C(c2ccc(-c3ccccc3)cc2)c2ccc(-c3ccccc3)cc2)cc1)C(=O)O,-3.04139268515822,training
O=C(O)c1cccc(NCc2ccc(OCc3ccc(F)c(F)c3)cc2)c1,-2.55630250076729,training
CC(C)OC(Cc1ccc(OCc2noc(-c3cc(F)cc(F)c3)n2)cc1)C(=O)O,-1.60205999132796,training
Cc1ccc(OC(=O)N(CC(=O)O)Cc2cccc(OCc3nc(-c4ccc(C(F)(F)F)cc4)oc3C)c2)cc1,-1.07918124604762,training
Cc1oc(-c2ccccc2)nc1CCOc1ccc(C[C@@H]2CN(C(=O)Oc3ccccc3)C[C@@H]2C(=O)O)cc1,-0.477121254719662,training
Cc1ccc(OC(=O)N(CC(=O)O)Cc2cccc(OCc3nc(-c4ccc(C(C)C)cc4)oc3C)c2)cc1,-0.939519252618618,training
Cc1cc(SCCc2nc(-c3ccc(C(F)(F)F)cc3)ns2)ccc1OC(C)(C)C(=O)O,-1.568201724067,training
OC[C@H]1O[C@@H](O[C@H](CCc2ccc(O)c(O)c2)C[C@H](O)CCc2ccc(O)cc2)[C@H](O)[C@@H](O)[C@@H]1O,-4.63245729218472,training
CCC(Oc1cccc(CN(CCCOc2ccccc2)c2nc3cc(O)ccc3o2)c1)C(=O)O,-2.25527250510331,training
CO/N=C(\C)C(Cc1ccc(OCCc2nc(-c3ccccc3)oc2C)cc1)C(=O)O,-1.27875360095283,training
COc1ccc(-c2nc(SCCCOc3ccc(OCC(=O)O)c(C)c3)sc2-c2ccc(OC)cc2)cc1,-3.72015930340596,training
CCO[C@@H](Cc1ccc(OC/C=C/c2cc(OCC(F)(F)F)cc(OCC(F)(F)F)c2)cc1)C(=O)O,-0.301029995663981,training
CCO[C@@H](Cc1ccc(OC/C=C/c2cc(C(F)(F)F)cc(C(F)(F)F)c2)cc1)C(=O)O,-1.30102999566398,training
CCc1ccc(OC(C)CCOc2ccc(OC(C)(C)C(=O)O)cc2)c(C(=O)c2ccccc2)c1,-2.83632411570675,training
CCCc1cc(C(=O)c2ccc3ccccc3c2)ccc1OCCCn1ccc2c(OC(C)(C)C(=O)O)cccc21,-1.47712125471966,training
CCCCCCC(Sc1nc(Cl)cc(Nc2nc(-c3ccc(Br)cc3)c(C)s2)n1)C(=O)O,-3.5910646070265,training
COC(=O)C(Cc1ccc(OCCOc2ccc3c(c2)NCCC3)cc1)C(=O)OC,-2.23044892137827,training
CCOC(Cc1ccc2c(c1)c(C)cn2Cc1nc(-c2ccc(C(F)(F)F)cc2)oc1C)C(=O)O,-2.23044892137827,training
Cc1oc(-c2ccccc2)nc1CCOc1cccc([C@@H]2CN(C(=O)Oc3ccccc3)C[C@@H]2C(=O)O)c1,-3.21748394421391,training
COC(=O)N(CC(=O)O)Cc1cccc(OCc2coc(-c3ccc(F)cc3F)n2)c1,-3.03582982525283,training
COC(=O)N(CC(=O)O)Cc1cccc(OCc2nc(-c3ccc(Cl)cc3)oc2C)c1,-0.991226075692495,training
Cc1oc(-c2ccccc2)nc1CCOc1ccc(C[C@@H](C(=O)O)N2CCN(S(=O)(=O)c3ccccc3F)CC2)cc1,-1.07918124604762,training
COC(=O)N(CC(=O)O)Cc1cccc(OCc2csc(-c3cccc(Cl)c3)n2)c1,-3.16226561429802,training
COc1ccc(CC(C)C(=O)O)cc1CNC(=O)c1ccc(C23CC4CC(CC(C4)C2)C3)cc1,-1.61278385671974,training
CCCCCCC(Sc1nc2ccc(NC(=O)c3ccccc3)cc2s1)C(=O)O,-2.88649072517248,training
CCC(Cc1ccc(OC)c(CNC(=O)c2ccccc2)c1)C(=O)O,-3.23044892137827,training
Cc1nc(-c2ccc(C(F)(F)F)cc2)sc1CNC(=O)c1ccc(OC(C)(C)C(=O)O)cc1,-3.12057393120585,training
CCO[C@@H](Cc1cccc(C2=NOC(Cc3ccccc3)C2)c1)C(=O)O,-4.33445375115093,training
COC(=O)C(Cc1ccc(OCCOc2ccc3c(c2)CCCC3)cc1)C(=O)OC,-1.47712125471966,training
CC[C@]1(C(=O)O)CCc2ccc(OCCCOc3ccc(C(C)(C)C)cc3Cl)cc2O1,-1.44715803134222,training
Cc1nc(-c2ccc(OCCCOc3ccc4c(c3)CC[C@H]4CC(=O)O)nc2)sc1C,-3.83122969386706,training
Cc1cc(CNC(=O)c2cc(-c3ccc(CC(C)C)cc3)n(C)n2)ccc1OC(C)(C)C(=O)O,-0.301029995663981,training
CCCOC(Cc1ccc(OCCc2nc(-c3ccccc3)oc2C)c2ccccc12)C(=O)O,-1.93951925261862,training
COc1csc(-c2ccc(OCCCOc3ccc4c(c3)CC[C@H]4CC(=O)O)cc2)n1,-3.76342799356294,training
COC(=O)c1cc2ccc(OCCc3nc(-c4ccc(-c5ccccc5)cc4)oc3C)cc2oc1=O,-3.0899051114394,training
Cc1oc(-c2ccc(C(F)(F)F)cc2)nc1CCCC[C@H]1CO[C@@](C)(C(=O)O)OC1,-1.47712125471966,training
Cc1ccsc1-c1nc(CCOc2ccc(C[C@H](Nc3ccccc3C(=O)c3ccccc3)C(=O)O)cc2)c(C)o1,-3.44000020446121,training
CC(C)(Oc1ccc(CN(CC(=O)Nc2ccc(F)cc2F)Cc2ccco2)cc1)C(=O)O,-3.17609125905568,training
CCCCCCCC/C=C\CCCCCCCCNS(=O)(=O)NCCC,-4.04139268515823,training
CCC(Cc1cc(F)c(OC)c(CNC(=O)c2ccc(C(F)(F)F)cc2)c1)C(=O)O,-1.73239375982297,training
COc1ccc(S(=O)(=O)n2c(CCCC(=O)O)cc3cc(Cl)ccc32)cc1,-2.6222140229663,training
CC(C)(Oc1ccc(COc2ccc(/N=N/c3ccccc3)cc2)cc1)C(=O)O,-3.7481880270062,training
COc1ccc(N2C(=O)C(Cc3cccc(OCCc4nc(-c5ccccc5)oc4C)c3)C2C(=O)O)cn1,-1.95424250943932,training
Cc1oc(-c2ccccc2)nc1CCOc1ccc2c(c1)C(C)(C)CC2CC(=O)O,-4.0,training
Cc1ccc(OC(C)(Cc2ccc(OCCc3nc(-c4ccc(-c5ccccc5)cc4)oc3C)cc2)C(=O)O)cc1,-1.5910646070265,training
COc1ccc(/C=C/c2cc(O)c(C/C=C(\C)CCC=C(C)C)c(O)c2)cc1,-4.27875360095283,training
CCC1(C(=O)O)CCc2ccc(OCCCOc3ccc(Oc4ccccc4)cc3F)cc2O1,-1.69897000433602,training
CC(C)(Oc1ccc(CCOc2ccc(/C=C/C(=O)c3cc(Cl)ccc3O)cc2)cc1)C(=O)O,-1.77815125038364,training
CCC(Cc1ccc(OC)c(CNC(=O)c2ccc(C(C)(C)C)cc2)c1)C(=O)O,-1.568201724067,training
C[C@H](CCOc1ccc(CCC(=O)O)c(F)c1)Oc1ccc(Cl)cc1Oc1ccccc1,-3.34713478291002,training
CCCCO/N=C(\C)C(Cc1ccc(OCCc2nc(-c3ccccc3)oc2C)cc1)C(=O)O,-0.113943352306837,training
Cc1oc(-c2ccccc2)nc1CCOc1cccc(Cc2nn(-c3ccccc3)nc2CC(=O)O)c1,-0.778151250383644,training
CCc1ccc(-c2nc(CCCC[C@H]3CO[C@@](C)(C(=O)O)OC3)c(C)o2)cc1,-1.0,training
CCCn1c(CCCc2ccc(OC(C)(C)C(=O)O)cc2)nn(CC2CCCCC2)c1=O,-1.7481880270062,training
Cc1oc(-c2ccc(C(F)(F)F)cc2)nc1CCOc1ccc(CC2(C(=O)O)CCCO2)cn1,-1.20411998265592,training
Cc1oc(-c2ccccc2)nc1CCOc1cccc(CN(CC(=O)O)Cc2cc3ccccc3[nH]2)c1,-2.29446622616159,training
Cc1cc(-c2ccccc2)nn1CCOc1ccc(C[C@H](Nc2ccccc2C(=O)c2ccccc2)C(=O)O)cc1,-2.81999773351078,training
O=C(O)C1CCc2ccc(OCCCOc3ccc(OCC(F)(F)F)cc3Cl)cc2O1,-2.07918124604762,training
CCC(C(=O)O)C1CCc2cc(OCCc3nc(-c4ccc(C(F)(F)F)cc4)oc3C)ccc21,-1.76342799356294,training
Cc1cc(-c2nc(CCOc3ccc(C[C@H](Nc4ccccc4C(=O)c4ccccc4)C(=O)O)cc3)c(C)s2)no1,-3.25999979508189,training
CCOC(=O)C(C(=O)O)C1CCc2cc(OCCc3nc(-c4ccccc4)oc3C)ccc21,-2.48855071650044,training
Cc1cc(CNc2cccc(OC(C)(C)C(=O)O)c2)ccc1OCc1ccc(F)cc1,-2.86923171973098,training
CCCc1ccccc1OCCCOc1cccc(C2OC(=O)NC2=O)c1,-1.72427586960079,training
CCOC(Cc1ccc(OCCn2c(=O)sc3cc(C(=O)/C=C/c4cc(OC)cc(OC)c4)ccc32)cc1)C(=O)O,-4.0,training
Cc1nc(-c2ccc(Cl)cc2)sc1/C=C/C1CCCN(c2cccc(C(=O)O)c2)C1,-2.07918124604762,training
CCCc1cc(Oc2ccc(OC)cc2)ccc1OCCCOc1ccc2c(c1)OC(CC)(C(=O)O)CC2,-3.66275783168157,training
CCOc1cc(/C=C/COc2ccc(C[C@H](OCC)C(=O)O)cc2)cc(OCC)c1,-1.30102999566398,training
Cc1cc(CN2CCc3ccccc3C2C(=O)Nc2ccc(Cl)cc2Cl)ccc1OCC(=O)O,-3.79934054945358,training
CCC(C)(C)c1ccc(OCCCOc2ccc3c(c2)O[C@@](C)(C(=O)O)CC3)c(Cl)c1,-0.602059991327962,training
COc1cc(/C(C)=N/OCCCCO/N=C(/CCC(=O)O)c2ccccc2)ccc1F,-2.60205999132796,training
CC(C)(Oc1ccc(CNC(=O)c2ccc(-c3ccc(C#N)cc3)cc2)cc1)C(=O)O,-3.0,training
CCCO/N=C(\C)C(Cc1ccc(OCCc2nc(-c3ccccc3)oc2C)cc1)C(=O)O,-0.690196080028514,training
Cc1ccc(NC(=O)CN(Cc2ccc(OC(C)(C)C(=O)O)cc2)Cc2cccs2)c(C)c1,-2.84509804001426,training
COC(C(=O)O)C1CCc2cc(OCCc3nc(-c4ccccc4)oc3C)ccc21,-2.82607480270083,training
C[C@]1(C(=O)O)CCc2ccc(OCCCOc3ccc(OC(F)(F)F)cc3Cl)cc2O1,-1.30102999566398,training
Cc1cccc(C)c1COC(=O)Cc1cccc(SCc2ccccc2C(=O)O)c1,-4.17609125905568,training
Cc1ccccc1Nc1cc(Cl)nc(SCC(=O)O)n1,-4.25527250510331,training
COc1cccc(-c2coc3cc(O)ccc3c2=O)c1,-4.52022143588196,training
CCCCC(Sc1nc(Cl)cc(Nc2ccc(Nc3ccccc3)cc2)n1)C(=O)O,-2.54406804435028,training
CCc1cc(C(=O)O)c2c(C(C)C)nn(-c3ccc(I)cc3)c2n1,-3.24551266781415,training
CCO[C@@H](Cc1ccc(OCc2nc(-c3cccs3)oc2C)cc1)C(=O)O,1.58502665202918,training
CCC[C@@H](Oc1ccc2ccccc2c1)C(=O)O,-3.5910646070265,training
COc1cc(/C(C)=N/OCCCCO/N=C(/CCC(=O)O)c2ccccc2)ccc1C,-0.698970004336019,training
Cc1oc(-c2ccccc2)nc1CCOc1cccc(CC2CN(C(=O)OCC(C)C)CCC2C(=O)O)c1,-3.02938377768521,training
Cc1ccc(C)c(OCCCC(C)(C)C(=O)O)c1,-4.77085201164214,training
CCO[C@@H](Cc1ccc(OCCCOc2ccc(Oc3ccccc3)cc2)cc1)C(=O)O,-3.4399639359209,training
CCCc1c(OCCCCOc2ccc(OC(C)C(=O)O)cc2)ccc2c(-c3ccccc3)noc12,-1.0,training
CC(C)(Oc1cccc(OCCN2CC=C(c3ccc(Cl)cc3)CC2)c1)C(=O)O,-2.51982799377572,training
CC/C(=N\OC)C(Cc1ccc(OCCc2nc(-c3ccccc3)oc2C)cc1)C(=O)O,-1.50514997831991,training
O=C(O)Cn1ccc2ccc(OCCCOc3ccc(C(=O)c4ccc(F)cc4)cc3)cc21,-2.88366143515362,training
Cc1oc(-c2ccccc2)nc1CCOc1cccc(C[C@H]2CN(c3ccccc3)C[C@H]2C(=O)O)c1,-2.83250891270624,training
Cc1cccc(S(=O)(=O)n2c(CCCC(=O)O)cc3cc(Cl)ccc32)c1,-3.09691001300806,training
Cc1oc(-c2ccccc2)nc1CCOc1cccc(CN(CC(=O)O)Cc2cccc(Oc3ccccc3)c2)c1,-1.79239168949825,training
CS(=O)(=O)Oc1ccc(CC(=O)OCc2ccc(CC(SCCc3ccc(F)cc3)C(=O)O)cc2)cc1,-2.38021124171161,training
Cc1oc(-c2ccccc2)nc1CCOc1ccc(CN(CC(=O)O)Cc2ccccn2)cc1,-2.84010609445676,training
CCCCc1ccc(-c2nc(CCOc3ccc4c(c3)CCC4C(CC)C(=O)O)c(C)o2)cc1,-1.91381385238372,training
C[C@@H]1[C@H]2C3=CC[C@@H]4[C@@]5(C)CC[C@H](O)C(C)(C)[C@@H]5CC[C@@]4(C)[C@]3(C)CC[C@@]2(C(=O)O)CC[C@H]1C,-4.61605519497659,training
Cc1onc(-c2ccc(CC(=O)O)cc2Cl)c1C(=O)NCCOc1ccc(C(F)(F)F)cc1[N+](=O)[O-],-2.53147891704225,training
Cc1cc(OCc2nc(-c3ccc(OC(C)C)nc3)c(-c3ccc(OC(F)(F)F)cc3)o2)ccc1OCC(=O)O,-2.89762709129044,training
O=C(O)C(Cc1ccccc1)Oc1ccc(CNc2ccccc2)cc1,-3.14612803567824,training
O=C(O)[C@H](COc1ccccc1)Oc1ccc(Cl)cc1,-3.40000061697638,training
CC(=O)c1sc(-c2ccc(OCCCOc3ccc4c(c3)CC[C@H]4CC(=O)O)nc2)nc1C,-3.14301480025409,training
CCCc1cc(C(F)(F)F)ccc1OCCCOc1ccc(OCC(=O)O)c(C)c1,-2.01283722470517,training
CCC(C(=O)O)C1CCc2cc(OCCc3nc(-c4ccc(OC)c(OC)c4)oc3C)ccc21,-3.05307844348342,training
CCCc1cc(Oc2ccc(Cl)c(C)c2)ccc1OCCCOc1cccc(C2SC(=O)NC2=O)c1,-2.19312459835446,training
C/C(=N\OCCCCO/N=C(/CCC(=O)O)c1ccccc1)c1ccc(C(F)(F)F)cc1,-2.60205999132796,training
CCCc1ccccc1CC(Oc1ccc(Cl)cc1)C(=O)O,-3.15533603746506,training
Cc1cc(CNC(=O)c2cc(-c3ccc(C(C)(C)C)cc3)[nH]n2)ccc1OC(C)(C)C(=O)O,-2.58319877396862,training
CCOC(Cc1ccc2c(ccn2Cc2nc(-c3cc(OC)cc(OC)c3)oc2C)c1)C(=O)O,-1.95424250943932,training
CCC(C(=O)O)C1CCc2cc(OCCc3nc(-c4ccccc4)oc3C)c(Cl)cc21,-2.10380372095596,training
O=C(O)C(Cc1ccccc1)Oc1ccc(CSc2ccccc2)cc1,-2.49136169383427,training
CCc1ccc(OC(C)CCOc2ccc(CCC(=O)O)c(C)c2)c(Cc2ccccc2)c1,-3.4491697321652,training
CC(C)=CCC/C(C)=C/Cc1c(O)cc(/C=C/c2ccccc2)cc1O,-4.07918124604763,training
CCC(Cc1ccc(OC)c(NC(=O)Cc2ccc(C(F)(F)F)cc2)c1)C(=O)O,-2.11394335230684,training
Cc1ccc(OC(=O)N(CC(=O)O)Cc2cccc(OCc3nc(-c4ccc(F)cc4)oc3C)c2)cc1,-1.31175386105575,training
CC(C)(Oc1cccc(CN(CCOc2ccccc2)c2nc3ccccc3o2)c1)C(=O)O,-2.79934054945358,training
CCCCC(Cc1ccc(OC)c(C(=O)NCc2ccc(C(F)(F)F)cc2)c1)C(=O)O,-3.0,training
CCOC(Cc1ccc(OCCn2c(=O)sc3cc(/C=C/c4cc(OC)cc(OC)c4)ccc32)cc1)C(=O)O,-3.0,training
O=C(O)[C@H](Cc1ccccc1)Oc1ccc(-c2ccccc2F)cc1,-2.07918124604762,training
Cc1cccc(OCCCOc2ccc(SCC(=O)O)cc2)c1C,-2.77815125038364,training
Cc1cccc(N2CCN([C@@H](Cc3ccc(OCCc4nc(-c5ccccc5)oc4C)cc3)C(=O)O)CC2)c1,-3.9532763366673,training
Cc1nc(-c2ccc(C(F)(F)F)cc2)sc1CSc1ccc(OC(F)C(=O)O)c(C(C)C)c1,-2.86628733908419,training
Cc1ccc(-c2nc(CCCC[C@H]3CO[C@@](C)(C(=O)O)OC3)c(C)o2)cc1C,-0.477121254719662,training
CCOC(Cc1ccc(OCC=C2c3ccccc3-c3ccccc32)cc1)C(=O)O,-4.09691001300806,training
CCOc1csc(-c2ccc(OCCCOc3ccc4c(c3)CC[C@H]4CC(=O)O)c(OC)c2)n1,-3.13033376849501,training
COC(=O)C1Cc2ccc(OCCc3nc(-c4cccc(C(F)(F)F)c4)oc3C)cc2OC1=O,-2.23044892137827,training
Cc1ccc(Cn2nc(CCCc3ccc(OC(C)(C)C(=O)O)cc3)n(CCO)c2=O)cc1,-1.94448267215017,training
Cc1ccc(C(=O)c2nc3ccccc3n2/C=C/c2cccc(OC(C)(C)C(=O)O)c2)cc1,-3.38021124171161,training
COC(=O)C(Cc1ccc(OCCOc2ccc3c(c2)NCCC3)cc1)C(=O)O,-1.95424250943932,training
Cc1ccc(C)c(OCCCC(C)(C)C(=O)NS(C)(=O)=O)c1,-3.85125834871908,training
CCO[C@H](COc1ccc(C(F)(F)F)cc1)CSc1ccc(OCC(=O)O)c(C)c1,-3.17609125905568,training
CCCc1cc(Oc2ccc(Cl)cc2)ccc1OCCCOc1cccc(C2SC(=O)NC2=O)c1,-2.25527250510331,training
CCC(C(=O)O)C1CCc2cc(OCCc3nc(-c4ccc(OC)cc4)oc3C)ccc21,-2.29885307640971,training
Cc1ccc(-c2nc(CCCC[C@H]3CO[C@@](C)(C(=O)O)OC3)c(C(F)(F)F)o2)cc1,-2.47712125471966,training
CC(C)(Oc1ccc(CCCO)cc1)C(=O)O,-4.48572142648158,training
O=C(O)CCCc1cc2cc(Cl)ccc2n1S(=O)(=O)c1cccc2ccccc12,-2.95472479097906,training
CCC(Cc1ccc(OC)c(CC(=O)Nc2ccc(C(F)(F)F)cc2)c1)C(=O)O,-1.30102999566398,training
CCCc1cc(-c2nc(C)c(C(=O)O)s2)ccc1OCCCOc1ccc2c(c1)CC[C@H]2CC(=O)O,-3.22788670461367,training
COc1cc(/C=C/c2ccc3c(c2)sc(=O)n3CCOc2ccc(CC(OCC(F)(F)F)C(=O)O)cc2)cc(OC)c1,-2.47712125471966,training
CCO[C@@H](Cc1ccc(OCCn2c3ccc(Br)cc3c3cc(Br)ccc32)cc1)C(=O)O,-2.34121682814391,training
CCN(C(=O)Nc1ccc(OC(F)(F)F)cc1)[C@@H]1Cc2ccc(SC(C)(C)C(=O)O)cc2C1,-2.23044892137827,training
CCC(Oc1cccc(CN(CCCOc2ccc(F)cc2F)c2nc3ccccc3o2)c1)C(=O)O,-1.04139268515823,training
CCC(C(=O)O)C1CCc2cc(OCCc3nc(-c4cc(C)on4)oc3C)ccc21,-2.91750550955255,training
CCO[C@@H](Cc1ccc(CCC(OC(=O)NCc2ccccc2)c2ccccc2)cc1)C(=O)O,-3.78175537465247,training
Cc1oc(-c2ccc(Cl)cc2)nc1CCOc1ccc(CC2(C(=O)O)CCCO2)nc1,-1.68124123737559,training
Cc1oc(-c2ccccc2)nc1CCOc1cccc(CN(CC(=O)O)Cc2ccc(OCc3ccccc3)cc2)c1,-2.51054501020661,training
Cc1cc(OC(Cc2ccccc2)C(=O)O)cc(C)c1-c1ccccc1,-3.32221929473392,training
CCCCCOc1ccccc1C(O)CC#CCCCC(=O)OC,-2.2380461031288,training
CCCCCCC(Sc1nc(Cl)cc(Nc2nc(-c3ccc(F)c(F)c3)cs2)n1)C(=O)O,-3.75587485567249,training
Cc1cc(CNC(=O)c2cc(-c3ccc(C(C)(C)C)cc3)n(CCN3CCOCC3)n2)ccc1OC(C)(C)C(=O)O,-2.75587485567249,training
Cc1oc(-c2ccccc2)nc1CCOc1cccc(Cc2nn(-c3ccccc3)cc2C(=O)O)c1,-1.04139268515823,training
COc1ccc(-c2nc(CCOc3ccc4c(c3)CC[C@H]4CC(=O)O)c(C)s2)cc1,-3.51587384371168,training
Cc1cc(Nc2cccc(C)c2C)nc(SCC(=O)O)n1,-4.32221929473392,training
CCOC(Cc1ccc2c(ccn2Cc2nc(-c3ccc(C(C)C)cc3)oc2C)c1)C(=O)O,-2.61278385671974,training
O=C(O)CCCCOc1ccc(/C=C/c2ccccc2)cc1,-4.27415784926368,training
Cc1cc(Oc2ccc(F)c(CNC(=O)c3ccc(C(F)(F)F)cc3F)c2)ccc1OC(C)(C)C(=O)O,-3.02242837118549,training
O=C(Cc1cccc(SCc2ccccc2C(=O)O)c1)OCc1ccc(C(F)(F)F)cc1,-3.11394335230684,training
Cc1cccc(-c2nc(CCOc3ccc4c(c3)CC[C@H]4CC(=O)O)c(C)s2)c1,-3.8318697742805,training
Cc1ccc(/C=C/c2ccc(OCCCC(C)(C)C(=O)O)cc2)cc1,-3.51851393987789,training
COc1cccc(NC(=O)CN(Cc2ccc(OC(C)(C)C(=O)O)cc2)Cc2ccco2)c1,-3.47712125471966,training
Cc1cc(Oc2cccc(CNC(=O)c3cc4cc(Br)ccc4[nH]3)c2)ccc1CCC(=O)O,-3.44247976906445,training
CCCCCCc1ccc(CC(Oc2ccc(Cl)cc2)C(=O)O)cc1,-2.65321251377534,training
CCO[C@@H](Cc1ccc(CCCOC(=S)NCc2ccccc2)cc1)C(=O)O,-3.16731733474818,training
CC(C)(CCCOc1ccc(C(=O)c2ccccc2)cc1)C(=O)O,-3.96848294855394,training
CCCCCCC[C@H]1C(=O)C=C[C@@H]1OCCCCCC(=O)O,-3.0,training
C/C(=C\COc1ccccc1CN(C)C(=O)c1ccc(-c2ccco2)cc1)CCC(=O)O,-3.78532983501077,training
CCCc1cc(C(=O)c2ccccc2)ccc1OCCCn1ccc2c(OC(C)(C)C(=O)O)cccc21,-1.47712125471966,training
O=C(O)C(Cc1ccccc1)Oc1ccc(NCc2ccccc2)cc1,-3.55630250076729,training
CO[C@@H](Cc1ccc(C#CCCCOc2ccc(Oc3ccccc3)cc2)cc1)C(=O)O,-3.41863268735407,training
CCC(C(=O)O)C1CCc2cc(OCCc3nc(-c4ccc(Cl)cc4)oc3C)ccc21,-1.96378782734556,training
CCO[C@@H](Cc1ccc(OCCc2nc(-c3ccc(C(F)(F)F)cc3)oc2C)c2ccsc12)C(=O)O,-1.94939000664491,training
COc1ccc(-c2nc(CCOc3ccc4c(c3)CC[C@H]4CC(=O)O)c(C)o2)cc1,-2.90200289135073,training
CCc1ccc(OC(CC)CCOc2ccc(CCC(=O)O)c(C)c2)c(C(=O)c2ccccc2)c1,-3.4667193716816,training
O=C(O)C(Cc1ccccc1)Oc1ccc(SCc2ccccc2)cc1,-2.68841982200271,training
O=C(O)C(Cc1ccccc1)Oc1ccc(OCc2ccccc2)cc1,-2.02938377768521,training
CCC(Cc1ccc(CCc2ccc(N3C(=O)c4ccccc4C3=O)cc2O)cc1)C(=O)O,-4.14612803567824,training
CCc1oc(-c2ccccc2)nc1CCOc1ccc2c(c1)CCC2C(CC)C(=O)O,-2.54900326202579,training
COc1ccc(CC(C)(C)C(=O)O)cc1C(=O)NCc1ccc(C(F)(F)F)cc1,-3.46239799789896,training
CCCc1cc(C(=O)c2ccc3ccccc3c2)ccc1OCCCn1ccc2cc(OC(C)(C)C(=O)O)ccc21,-1.47712125471966,training
O=C(O)Cc1ccc(CNc2cccc(-c3c(Cc4ccccc4)cnc4c(C(F)(F)F)cccc34)c2)cc1,-3.11394335230684,training
Cc1nc(-c2ccc(Cl)cc2)sc1C(=O)NC1CCCN(c2ccc(C(=O)O)cc2)C1,-3.17609125905568,training
CC(C)c1nn(-c2ccc(Cl)cc2)c2nc(-c3ccccc3)cc(C(=O)O)c12,-3.25527250510331,training
CCCCCCC(Sc1nc2ccc(NCc3ccc(Cl)c(Cl)c3)cc2s1)C(=O)O,-3.14612803567824,training
CCC(Oc1cccc(CN(CCCOc2ccccc2)c2nc3cc(F)ccc3o2)c1)C(=O)O,-0.477121254719662,training
O=C(O)[C@H](CCCc1ccc(Cl)cc1)Oc1ccc(Cl)cc1,-2.80000182781797,training
Cc1cc(CNC(=O)c2cc(-c3ccc(N4CCCC4)cc3)n(C)n2)ccc1OC(C)(C)C(=O)O,-0.903089986991943,training
CC(C)OC(Cc1ccc(OCCc2noc(-c3ccccc3C(F)(F)F)n2)cc1)C(=O)O,-2.60205999132796,training
CCCc1cc(Oc2ccccc2)ccc1OCCCCOc1ccc2c(c1)OC(C(=O)O)CC2,-3.79934054945358,training
Cc1oc(-c2ccccc2)nc1CCOc1cccc(CC2C(=O)N(c3ccc(F)cc3)C2C(=O)O)c1,-1.04139268515823,training
CS(=O)(=O)Oc1ccc(COC(=O)c2ccc(CC(SCCc3ccc(F)cc3)C(=O)O)cc2)cc1,-3.04139268515822,training
CC[C@]1(C(=O)O)CCc2ccc(OCCCOc3ccc(C(F)(F)F)cc3Cl)cc2O1,-1.55630250076729,training
CCC(Cc1ccc(OC)c(C(=O)NCc2ccc(-c3ccccc3)cc2)c1)C(=O)O,-2.04139268515822,training
CCC(Cc1ccc(OCCN2CC=C(c3ccc(Cl)cc3)CC2)cc1)C(=O)O,-3.58658730467176,training
CCCc1c(OCCCSc2ccc(CC(=O)O)cc2Cl)ccc2c(CC)coc12,-3.11394335230684,training
Cc1cc(CNC(=O)c2cc(-c3ccc(C(C)(C)C)cc3)nn2C)ccc1OC(C)(C)C(=O)O,-1.69897000433602,training
Cc1ccc(C(=O)NCc2cccc(Oc3ccc(OC(C)(C)C(=O)O)c(C)c3)c2)c(C)c1,-3.01786771896351,training
Cc1cc(OCc2oc(-c3ccc(C(F)(F)F)cc3)nc2C)ccc1OCC(=O)O,-3.50514997831991,training
Cc1nc(-c2ccc(Cl)cc2)sc1C(=O)NCC1CCCCN(c2cccc(C(=O)O)c2)C1,-2.84509804001426,training
CC(=O)c1ccc(O[C@@H](Cc2ccccc2)C(=O)O)cc1,-4.13016693520377,training
CCCCCCn1c(CCc2ccc(OC(C)(C)C(=O)O)cc2)nn(Cc2cccc(OC)c2)c1=O,-3.34242268082221,training
CC[C@]1(C(=O)O)CCc2ccc(OCCCOc3ccc(C4CCOCC4)cc3Cl)cc2O1,-1.34242268082221,training
CCOC(C(=O)O)C1CCc2cc(OCCc3nc(-c4ccccc4)oc3C)ccc21,-2.69897000433602,training
Cc1oc(-c2ccccc2)nc1CCOc1cccc(CN(CC(=O)O)Cc2ccc3ccccc3c2)c1,-2.49554433754645,training
CC(C)Cn1c(COc2ccc(CC3SC(=O)NC3=O)cc2)nc2ccccc21,-4.12090281761453,training
COC(=O)N(CC(=O)O)[C@@H](C)c1cccc(OCc2coc(-c3ccc(Cl)cc3)n2)c1,-1.86332286012046,training
CCCc1cc(Oc2ccccc2)ccc1OCCCOc1cccc(C2SC(=O)NC2=O)c1,-1.41497334797082,training
O=C(O)[C@H](Cc1ccccc1)Oc1ccc(-c2ccccc2-c2ccccc2)cc1,-1.64345267648619,training
Cc1cc(OCc2cc(-c3ccc(C(F)(F)F)cc3)cc(-c3ccc(C(F)(F)F)cc3)c2)ccc1OCC(=O)O,-3.52244423350632,training
Cc1cc(CNc2cc(F)cc(C(=O)O)c2)ccc1OCc1ccc(F)cc1,-1.60205999132796,training
CCCCCCc1oc(-c2ccccc2Cl)nc1CCc1noc2cc(OC(C)(C)C(=O)O)ccc12,-3.36172783601759,training
O=c1c(-c2ccc3c(c2)OCO3)coc2cc(O)ccc12,-3.94939000664491,training
Cc1cc(OCC[C@@H](C)Oc2ccc(Cl)cc2-c2ccccn2)ccc1CCC(=O)O,-3.47421626407626,training
CCOc1nc(-c2ccc(OCCCOc3ccc4c(c3)CC[C@H]4CC(=O)O)c(OC)c2)sc1CC,-2.7160033436348,training
CCc1ccc(-c2ncc(C)c(N(C)CCCOc3ccc4c(c3)CC[C@H]4CC(=O)O)n2)cc1,-2.30102999566398,training
Cc1cc(CNC(=O)c2ccc(C(F)(F)F)cc2F)cc(Oc2ccc(OC(C)(C)C(=O)O)c(C)c2)c1,-2.73559889969818,training
C/C(=N\OCCF)C(Cc1ccc(OCc2nc(-c3ccc(F)cc3)oc2C)cc1)C(=O)O,-1.36172783601759,training
Cc1oc(-c2ccccc2)nc1CCOc1ccc(CCC(=O)O)c(CNC(=O)OCc2ccccc2)c1,-2.71180722904119,training
CCC(Oc1cccc(CN(CCCOc2ccc(C)cc2)c2nc3ccccc3o2)c1)C(=O)O,0.0,training
CCOc1ccc(OCCCOc2ccc3c(c2)O[C@@](C)(C(=O)O)CC3)c(Cl)c1,-2.34242268082221,training
CCOC(Cc1ccc(OCCN2CC=C(c3ccc(C(F)(F)F)cc3)CC2)cc1)C(=O)O,-3.53147891704225,training
COc1ccc(/C=C/c2ccc(OCCCC(C)(C)C(=O)O)cc2)cc1,-4.45331834004704,training
CC(C)OC(Cc1ccc(OCCc2noc(-c3cccc(Cl)c3)n2)cc1)C(=O)O,-2.50514997831991,training
Cc1cc(Oc2cccc(CNC(=O)c3cc4cccc(Br)c4[nH]3)c2)ccc1CCC(=O)O,-3.3809344633307,training
CCC(Cc1ccc(OC)c(CNC(=O)c2ccc(C34CC5CC(CC(C5)C3)C4)cc2F)c1)C(=O)O,-1.77815125038364,training
CCC(C(=O)O)C1CCc2cc(OCc3nc(-c4ccccc4)oc3C)ccc21,-3.08635983067475,training
COc1ccc(CN(CC(=O)Nc2ccc(C)cc2C)Cc2ccc(OC(C)(C)C(=O)O)cc2)cc1,-2.95424250943932,training
COCc1nc(-c2ccc(C(=O)NCc3ccc(NS(=O)(=O)C(F)(F)F)cc3)cc2)no1,-2.55630250076729,training
Cc1ccc(CNC(=O)c2ccc(C(F)(F)F)cc2F)cc1Oc1ccc(OC(C)(C)C(=O)O)c(C)c1,-2.89872518158949,training
Cc1cc(SCc2nc(-c3ccc(C(F)(F)F)cc3)ns2)ccc1OCC(=O)O,-2.67024585307412,training
CCc1ccc(O[C@H](C)CCOc2ccc(CCC(=O)O)c(C)c2)c(-c2cocn2)c1,-3.44870631990508,training
CCc1cc(OCC[C@@H](C)Oc2ccc(C(F)(F)F)cc2-c2ccccn2)ccc1CCC(=O)O,-3.41995574848976,training
Cc1oc(-c2cccc(F)c2)nc1CCOc1ccc2c(c1)CC[C@H]2CC(=O)O,-3.22788670461367,training
C/C(=N\OCCCCO/N=C(/CCC(=O)O)c1ccccc1)c1ccc2ccccc2c1,-1.47712125471966,training
COc1cc(C(F)(F)F)ccc1C(=O)NCc1cccc(Oc2ccc(OC(C)(C)C(=O)O)c(C)c2)c1,-2.51719589794997,training
CCCCC(Sc1ccc(OCC(=O)O)c(C)c1)c1sc(-c2ccc(C(F)(F)F)cc2)nc1C,-2.63588568528127,training
CCOc1csc(-c2ccc(OCCCOc3ccc4c(c3)CC[C@H]4CC(=O)O)nc2)n1,-2.90687353472207,training
CCCc1cc(CC2CCCCC2)ccc1OCCCOc1cccc(C2SC(=O)NC2=O)c1,-1.88081359228079,training
Cc1oc(-c2ccccc2)nc1CCOc1ccc(CN(CC(=O)O)Cc2cccc3ccccc23)cc1,-1.32221929473392,training
Cc1oc(-c2ccccc2)nc1CC#Cc1ccc(C[C@@H](C(=O)O)n2cccc2)cc1,-3.0,training
CCc1csc(-c2ccc(OCCCOc3ccc4c(c3)CC[C@H]4CC(=O)O)cc2)n1,-3.10720996964787,training
Cc1nc(-c2ccc(Cl)cc2)sc1C(=O)N(C)C1CCCN(c2cccc(C(=O)O)c2)C1,-3.53147891704225,training
CCC(Sc1ccc(OCC(=O)O)c(C)c1)c1sc(-c2ccc(C(F)(F)F)cc2)nc1C,-2.13193929521042,training
Cc1cc(Oc2cccc(CNC(=O)c3ccc(C(F)(F)F)cc3Oc3ccccc3)c2)ccc1OC(C)(C)C(=O)O,-2.8488047010518,training
CCCc1c(OCCCN2CCCc3c(OC(C)(C)C(=O)O)cccc32)ccc2cc(C(=O)c3ccccc3)ccc12,-2.07918124604762,training
CC(C)(Oc1ccc(OCCc2ccc(/N=N/c3ccc(Br)cc3)cc2)cc1)C(=O)O,-3.27875360095283,training
CC[C@@](C)(Cc1ccc(OCCCOc2ccc(OS(C)(=O)=O)cc2Cl)cc1)C(=O)O,-1.05690485133647,training
CCOC(=O)C(C)(C)Oc1ccc(C(=O)c2cc3ccccc3oc2=O)cc1,-4.10346162209471,training
Cc1cccc(-c2nc(CCOc3ccc(CC4(C(=O)O)CCCO4)nc3)c(C)o2)c1,-2.93801909747621,training
CCCc1cc(-c2nc3c(s2)CCC3)ccc1OCCCOc1ccc2c(c1)CC[C@H]2CC(=O)O,-2.51587384371168,training
O=C(O)C(Cc1ccccc1)Oc1ccccc1F,-4.34830486304816,training
CCOC(Cc1ccc(OCCc2nc(-c3ccccc3)oc2C)cn1)C(=O)O,-3.0899051114394,training
COc1ccc(CC(C(=O)O)C(C)C)cc1C(=O)NCc1ccc(C(F)(F)F)cc1,-2.46239799789896,training
CCCCCOc1cc2ccccc2cc1C(O)C/C=C/CCCC(=O)OC,-3.16256440652302,training
COC(=O)N(CC(=O)O)Cc1cc(OCc2nc(-c3ccc(C(C)(C)C)cc3)oc2C)ccc1F,-0.431363764158987,training
CCOC(=O)C(Cc1ccc(OCCn2c(=O)sc3cc(/C=C/c4cc(O)cc(O)c4)ccc32)cc1)OCC,-4.0,training
Cc1oc(-c2ccccc2)nc1CCNc1ccc(OC(C)(C)C(=O)O)cc1,-3.7160033436348,training
C[C@H](CCOc1ccc(CCC(=O)O)c(C(F)(F)F)c1)Oc1ccc(Cl)cc1Oc1ccccc1,-3.31534047662729,training
Cc1oc(-c2ccccc2)nc1CCOc1ccc2c(c1)CCC2C(CC(F)(F)F)C(=O)O,-3.76267856372744,training
Cc1cc(SCc2nc(-c3ccc(C(F)(F)F)c(F)c3)ns2)ccc1OC(C)(C)C(=O)O,-1.53147891704226,training
CCO[C@@H](Cc1cccc(/C(C)=N/OCc2ccc(Br)cc2)c1)C(=O)O,-3.43136376415899,training
CCCN[C@@H](Cc1ccc(OCCc2nc(-c3ccccc3)oc2C)cc1)C(=O)O,-2.91953830525098,training
CCC(Cc1ccc(OC)c(C(=O)NCc2ccc(C(F)(F)F)cc2)c1)C(=O)O,-1.60205999132796,training
CC(C)(Sc1nc2cc(C#N)ccc2s1)C(=O)O,-4.66558099101795,training
O=C(NCc1ccccc1Cn1cccc1C(=O)O)Nc1ccc(OC(F)(F)F)cc1,-3.84509804001426,training
COc1ccc(CCC(=O)O)cc1C(=O)NCc1ccc(C(F)(F)F)cc1,-3.11394335230684,training
CC(C)(Oc1ccc(CCOc2ccc(/N=N/c3ccc(Br)cc3)cc2)cc1)C(=O)O,-2.90848501887865,training
Cc1oc(-c2ccccc2)nc1CCOc1ccc(C[C@@]2(C(=O)O)CCOCCO2)cc1,-3.83942493575664,training
CCOC(=O)N(CC(=O)O)Cc1cc(OCc2nc(-c3ccc(Cl)cc3)oc2C)ccc1F,-0.602059991327962,training
CCOC(Cc1ccc(OCCN2c3ccccc3C=Cc3ccccc32)cc1)C(=O)O,-3.97772360528885,training
Cc1oc(-c2ccccc2)nc1CCOc1cccc(C2=C(CC(=O)O)CCN(C(=O)Oc3ccccc3)C2)c1,-1.66275783168157,training
CC(C)(Oc1ccc(CNC(=O)c2ccc(-c3ccc(Cl)cc3)cc2)cc1)C(=O)O,-1.84509804001426,training
CCc1cc(OCCc2nc(-c3ccc(C)cc3)oc2C)ccc1CCC(=O)O,-3.07003786660775,training
C/C(=N\OCCF)C(Cc1ccc(OCCc2nc(-c3ccc(F)cc3)oc2C)cc1)C(=O)O,-0.544068044350276,training
CC(C)=CCC/C(C)=C/Cc1c(O)cc(/C=C/c2ccc(O)cc2)cc1O,-3.90308998699194,training
Cc1cc(OCCCOc2ccc(-c3ccccc3)cc2)ccc1OCC(=O)O,-3.72098574415374,training
CCCc1c(OCCCCOc2ccc(CC(=O)O)cc2)ccc2c(-c3ccccc3)noc12,-0.903089986991943,training
CC(C)(Oc1ccc(CCOc2ccc(C(=O)/C=C/c3ccccc3)cc2)cc1)C(=O)O,-4.80617997398389,training
CN(C/C=C/c1ccc(C[C@@H](C(=O)O)n2cccc2)cc1)c1ccccn1,-4.46239799789896,training
COC(Cc1ccc(OCCc2nc(-c3ccccc3C)oc2C)c2ccccc12)C(=O)O,-2.0899051114394,training
Cc1ccc(C(=O)c2nc3ccccc3n2C/C=C/c2cccc(OC(C)(C)C(=O)O)c2)cc1,-3.55630250076729,training
COC(=O)c1cc2ccc(OCCc3nc(-c4ccc(OC)cc4)oc3C)cc2oc1=O,-3.72015930340596,training
CCOC(=O)N1C[C@H](C(=O)O)[C@H](c2cccc(OCCc3nc(-c4ccccc4)oc3C)c2)C1,-4.30102999566398,training
CCCc1cc2c(=O)n(C)oc2c(CCC)c1O[C@H](C(=O)O)c1ccccc1,-2.82607480270083,training
Cc1sc(-c2ccc(C(C)C)cc2)nc1CCOc1ccc2c(c1)CC[C@H]2CC(=O)O,-2.74741180788642,training
Cc1oc(-c2ccc(C#N)cc2)nc1CCOc1ccc2c(c1)CC[C@H]2CC(=O)O,-3.99891290435879,training
O=C(O)[C@H](CCOc1ccccc1)Oc1ccc(Cl)cc1,-3.47999975259164,training
CCO[C@@H](Cc1ccc(OC/C=C/c2cc(-c3ccccc3)cc(-c3ccccc3)c2)cc1)C(=O)O,-1.30102999566398,training
CCCC(Cc1ccc(OCCCOc2ccc(Oc3ccc(F)cc3)cc2Cl)cc1)C(=O)O,-2.6570558528571,training
O=C(O)[C@H](Cc1ccccc1)Oc1ccc(Cl)cc1F,-3.34242268082221,training
Cc1oc(-c2ccccc2)nc1CCNc1ccc(C[C@@H](C(=O)O)n2cccc2)cc1,-3.36172783601759,training
Cc1oc(-c2ccccc2)nc1CCOc1ccc(CN(CC(=O)O)Cc2cccc(Oc3ccccc3)c2)cc1,-0.602059991327962,training
COc1cc(C[C@H](OC)C(=O)O)ccc1OCCCOc1ccc(Oc2ccccc2)cc1,-3.33284226699435,training
Cc1cc(CNC(=O)c2cc(-c3ccc(-c4ccccc4)cc3)n(C)n2)ccc1OC(C)(C)C(=O)O,-1.30102999566398,training
CCC(Oc1cccc(CN(CCCOc2ccccc2)c2nc3ccc(F)cc3o2)c1)C(=O)O,-0.698970004336019,training
Cc1oc(-c2ccccc2)nc1CC#Cc1ccc(CC(C(=O)O)c2cccc(-c3ccccc3)c2)cc1,-3.44715803134222,training
CCO[C@@H](Cc1ccc(OC/C=C(\C)c2ccc(-c3ccc(/C(C)=C/COc4ccc(C[C@H](OCC)C(=O)O)cc4)cc3)cc2)cc1)C(=O)O,-3.82542611776782,training
CCO[C@@H](Cc1ccc(OC/C=C/c2cc(OC3CCCC3)cc(OC3CCCC3)c2)cc1)C(=O)O,-1.30102999566398,training
CCCc1cc(C(=O)CC)cc(CCC)c1O[C@H](C(=O)O)c1ccc(C(C)C)cc1,-1.7481880270062,training
Cc1cc(SCCc2nc(-c3ccc(Cl)c(Cl)c3)ns2)ccc1OC(C)(C)C(=O)O,-2.0899051114394,training
CCC(C(=O)O)C1CCc2cc(OCCc3nc(-c4ccc(C(C)(C)C)cc4)oc3C)ccc21,-2.38021124171161,training
CCCc1cc(C(=O)c2ccc(-c3ccccc3)cc2)ccc1OCCCn1ccc2cc(OC(C)(C)C(=O)O)ccc21,-3.28330122870355,training
Cc1cc(Oc2cccc(CNC(=O)c3ccc(C(F)(F)F)cc3C)c2)ccc1OC(C)(C)C(=O)O,-2.96425963019685,training
Cc1ccc(-c2nc(CCOc3ccc(CC4(C(=O)O)CCCO4)cn3)c(C)o2)cc1,-1.43136376415899,training
CCCCC(Sc1ccc(OCCCOc2ccccc2)cc1)C(=O)O,-2.46239799789896,training
CCCCC(Sc1ccc(OCCCOc2ccccc2C)cc1)C(=O)O,-2.39794000867204,training
C=CCn1nc(-c2ccc(C(C)(C)C)cc2)cc1C(=O)NCc1ccc(OC(C)(C)C(=O)O)c(C)c1,-1.65321251377534,training
CCCc1c(OCCCOc2cccc3c2ccn3CC(=O)O)ccc2c(-c3ccccc3)noc12,-0.301029995663981,training
CCCCOc1ccc(-c2ccc(C)c(C(=O)O)c2)cc1CNC(=O)c1ccc(C(F)(F)F)cc1F,-2.07918124604762,training
O=C(O)c1cccc(N2CCCC(CNC(=O)c3ccc(Oc4ccc(F)cc4)cc3)C2)c1,-3.64345267648619,training
COc1ccc(OC)c(NC(=O)CN(Cc2ccc(OC(C)(C)C(=O)O)cc2)Cc2ccco2)c1,-2.47712125471966,training
Cc1cc(C2CC2C(OCCC2CCCCC2)c2ccc(OC(F)(F)F)cc2)cc(C)c1OC(C)(C)C(=O)O,-1.41497334797082,training
Cc1cc(Cc2onc3c2CCOc2cc(Br)ccc2-3)cc(C)c1OC(C)(C)C(=O)O,-3.53440689913788,training
CCC(CC)(Cc1ccc(OC)c(C(=O)NCc2ccc(C(F)(F)F)cc2)c1)C(=O)O,-3.44715803134222,training
COC(=O)C(Cc1ccc(OCCOc2ccc3ccccc3c2)cc1)C(=O)O,-1.64345267648619,training
CC(C)(Sc1ccc(CCN(CCCCC2CCCCC2)C(=O)Nc2cccc(C#N)c2)cc1)C(=O)O,-0.954242509439325,training
CCCCCCC(Sc1nc2ccc(NS(=O)(=O)c3ccc(Cl)cc3)cc2s1)C(=O)O,-2.84509804001426,training
CC(C)OC(Cc1ccc(OCc2noc(-c3ccc(Br)cc3)n2)cc1)C(=O)O,-1.60205999132796,training
COc1ccc(OC(=O)N(CC(=O)O)Cc2ccc(OCCc3nc(-c4ccc(O)cc4)oc3C)cc2)cc1,-2.41497334797082,training
C[C@@H](Cc1cccc(NC(=O)c2ccc(NC(=O)Cc3ccc(C(C)(C)C)cc3)cc2)c1)C(=O)N1C(=O)OC[C@H]1Cc1ccccc1,-2.98497712641549,training
Cc1cc(C(Cc2ccc(CCCc3nc(-c4ccccc4)oc3C)cc2)C(=O)O)on1,-3.92941892571429,training
CC(C)(O)C1=C[C@@H](O)[C@@](C)(O)CC1,-4.29003461136252,training
COC(=O)c1cc2ccc(OCCc3nc(-c4ccc(C(C)(C)C)cc4)oc3C)cc2oc1=O,-3.35983548233989,training
CC(C)(C)c1ccc(C(=O)Nc2ccccc2C(=O)Nc2cccc(CC(=O)O)c2)cc1,-3.64345267648619,training
CCc1ccc(CCOc2ccc(CC3SC(=O)NC3=O)cc2)nc1,-3.82477646247555,training
Cc1ccc(-c2nsc(COc3ccc(OC(C)(C)C(=O)O)c(C)c3)n2)cc1Cl,-2.47275644931721,training
CCCc1c(OCCCCOc2ccc(C(C)(C)CC(=O)O)cc2)ccc2c(-c3ccccc3)noc12,-1.72427586960079,training
CC/C(=N\OCc1sc(-c2ccc(C(F)(F)F)cc2)nc1C)c1ccc(OCC(=O)O)c(C)c1,-2.07918124604762,training
O=C(O)Cc1cccc(NC(=O)c2ccccc2NC(=O)c2ccc(C(F)(F)F)cc2)c1,-3.73239375982297,training
Cc1cc(CCc2cc(-c3ccc(Br)cc3)on2)cc(C)c1OC(C)(C)C(=O)O,-1.43136376415899,training
CCC(Cc1ccc(OC)c(C(=O)NCc2cccc(OC)c2)c1)C(=O)O,-3.49136169383427,training
Cc1oc(-c2cccc(Br)c2)nc1CN(Cc1ccc(OC(C)(C)C(=O)O)cc1)Cc1ccco1,-0.90848501887865,training
CC(C)(CCc1cc2cc(Cl)ccc2n1S(=O)(=O)c1ccccc1)C(=O)O,-2.20411998265592,training
CCCO/N=C(\C)C(Cc1ccc(OCCc2nc(-c3ccc(F)cc3)oc2C)cc1)C(=O)O,-0.602059991327962,training
CN(CCOc1ccc(C[C@H](Nc2ccccc2C(=O)c2ccccc2)C(=O)O)cc1)c1nc2ccccc2o1,-3.80999984594153,training
O=C(O)CCc1ccc(OCCN(Cc2ccc(C(F)(F)F)cc2)c2nc3ccccc3s2)cc1,-3.64933485871214,training
CCCCCCC(Sc1nc(Cl)cc(Nc2nc(-c3ccc(Cl)cc3)cs2)n1)C(=O)O,-3.81954393554187,training
COC(=O)c1cc2ccc(OCCc3nc(-c4ccc(F)cc4)oc3C)cc2oc1=O,-1.84509804001426,training
Cc1cc(OCc2nc(-c3ccc(OC(F)(F)F)c(Cl)c3)ns2)ccc1OC(C)(C)C(=O)O,-1.98677173426624,training
C#CCOc1cc(COc2ccc(C(F)(F)F)cc2)ccc1Sc1ccc(OCC(=O)O)c(C)c1C,-3.78532983501077,training
CCCc1c(OCCCOc2cccc3c2ccn3CC(=O)O)ccc2c(C(F)(F)F)noc12,-2.26951294421792,training
CCc1cc(Oc2cc(F)cc([C@@H](C)NC(=O)c3c(C)c4cc(Cl)ccc4n3C)c2)ccc1CCC(=O)O,-3.45086469237977,training
CCO[C@@H](Cc1cccc(C2=NOC(c3ccc(C(C)(C)C)cc3)C2)c1)C(=O)O,-3.59659709562646,training
CCCOc1cc(C)c2c(c1)CC[C@@](C)(CC/C=C(\C)CC/C=C(\C)C(=O)O)O2,-3.0,training
COc1cc(-c2nccs2)ccc1OCCCOc1ccc2c(c1)CC[C@H]2CC(=O)O,-2.40654018043395,training
Cc1ccc(C(=O)c2cccn2C/C=C/c2cccc(OCC(=O)O)c2)cc1,-3.25527250510331,training
COc1cccc(-c2nc(CCOc3ccc(CC4(C(=O)O)CCCO4)nc3)c(C)o2)c1,-3.19589965240923,training
COc1ccc(-c2nc(SCCCCOc3ccc(OCC(=O)O)c(C)c3)sc2-c2ccc(OC)cc2)cc1,-3.3747483460101,training
Cc1cc(SC(CC(C)C)c2sc(-c3ccc(C(F)(F)F)cc3)nc2C)ccc1OCC(=O)O,-2.77210156927701,training
Cc1cc(OCC[C@@H](C)Oc2ccc(OC(F)(F)F)cc2Oc2ccccc2)ccc1CCC(=O)O,-2.80753502806885,training
CCCc1c(OCCCSc2ccc(CC(=O)O)cc2Cl)ccc(/C(CC)=N/O)c1O,-1.86923171973098,training
Cc1cc(OCc2nc(-c3ccc(OC4CCCC4)cc3)c(-c3ccc(OC(F)(F)F)cc3)o2)ccc1OCC(=O)O,-2.95904139232109,training
CCOC(Cc1ccc(OCCCN2c3ccccc3OCOc3ccccc32)cc1)C(=O)O,-3.07918124604762,training
Cc1cc(OCc2nc(-c3ccc(N4CCOCC4)nc3)c(-c3ccc(OC(F)(F)F)cc3)o2)ccc1OCC(=O)O,-3.07918124604762,training
CCC(Oc1cccc(CN(CCCOc2ccc(F)c(F)c2)c2nc3ccccc3o2)c1)C(=O)O,-0.301029995663981,training
CCOc1ccc(CC(CC)C(=O)O)cc1CNC(=O)c1ccc(C(F)(F)F)cc1,-1.07918124604762,training
CCCCNC(=S)OC(CCc1ccc(C[C@H](OCC)C(=O)O)cc1)c1ccccc1,-3.86093662070009,training
CCCc1c(OCCCCOc2ccc(C(C)(C)C(=O)O)cc2)ccc2c(-c3ccccc3)noc12,-0.301029995663981,training
Cc1oc(-c2ccccc2)nc1CCOc1ccc(CCC(=O)O)c(CNC(=O)Oc2cnccn2)c1,-1.54406804435028,training
COc1ccc(Oc2ccc(-c3noc(C(C)NC(C)=O)n3)cc2)cc1,-2.32221929473392,training
CCO[C@@H](Cc1ccc(CCC(OC(=S)Nc2ccccc2)c2ccccc2)cc1)C(=O)O,-3.72015930340596,training
CCSC(Cc1ccc(OC)c(C(=O)NCc2ccc(C(F)(F)F)cc2)c1)C(=O)O,-3.20411998265592,training
CS(=O)(=O)Oc1ccc(CC(=O)OCCCc2ccc(CC(SCCc3ccc(F)cc3)C(=O)O)cc2)cc1,-2.51851393987789,training
CC(Cc1ccc(OCCN2CC=C(c3ccc(Cl)cc3)CC2)cc1)(Oc1ccccc1)C(=O)O,-4.40619942366331,training
Cc1ccc(-c2nc(COc3ccc(C[C@H]4CO[C@@](C)(C(=O)O)OC4)cc3)c(C)o2)s1,0.221848749616356,training
CCCO/N=C(\C)C(Cc1ccc(OCc2nc(C(C)C)oc2C)cc1)C(=O)O,-2.02118929906994,training
CC(C)Cc1ccc(C(C)C(=O)OCc2ccc(CC(SCCc3ccc(F)cc3)C(=O)O)cc2)cc1,-3.17609125905568,training
O=C(O)C(Cc1ccccc1)Oc1ccc(Cl)c(C(F)(F)F)c1,-3.39794000867204,training
Cc1csc(-c2ccc(C(=O)NCc3ccc(NS(=O)(=O)C(F)(F)F)cc3)cc2)n1,-1.77815125038364,training
CCOC(Cc1ccc(OCCN2CC=C(c3ccc(F)cc3)CC2)cc1)C(=O)O,-3.34830486304816,training
C[C@]1(C(=O)O)CCc2ccc(OCCCOc3ccc(OCC4CC4)cc3Cl)cc2O1,-2.38021124171161,training
Cc1ccc(COc2cccc(OCCCOc3ccc4c(CC(=O)O)cn(Cc5ccccc5)c4c3)c2)cc1,-4.28330122870355,training
C[C@]1(C(=O)O)CCc2ccc(OCCCOc3ccc(Oc4ccc(F)cc4)cc3Cl)cc2O1,-1.78532983501077,training
Cc1oc(-c2ccccc2)nc1COc1ccc(CO/N=C(\CCC(=O)O)c2ccccc2)cc1,-0.812913356642856,training
C/C(=C/C(=O)c1ccccc1)N[C@@H](Cc1ccc(OCCc2nc(-c3ccccc3)oc2C)cc1)C(=O)O,-0.618048096712093,training
CCCc1c(OCCCOc2ccc(CC(=O)O)cc2)ccc2c(-c3ccccc3)noc12,-0.477121254719662,training
Cc1oc(-c2ccccc2)nc1CCOc1ccc(C[C@@H]2CN(c3nc4ccccc4o3)C[C@@H]2C(=O)O)cc1,-3.39445168082622,training
CCCc1cc2c(C(F)(F)F)noc2c(CCC)c1OC(C)(CC)C(=O)O,-2.8750612633917,training
Cc1ccc(OC(=O)N(CC(=O)O)Cc2cccc(OCc3nc(-c4cccc(Cl)c4)oc3C)c2)cc1,-2.12710479836481,training
Cc1cc(Oc2cccc(CNC(=O)c3ccc(Cl)cc3C)c2)ccc1OC(C)(C)C(=O)O,-3.34340859380386,training
CCc1ccc(O[C@H](C)CCOc2ccc(CCC(=O)O)c(C)c2)c(Oc2ccccc2)c1,-3.18298496700358,training
Cc1oc(-c2ccc(Cl)cc2)nc1COc1cccc(CN(CC(=O)O)C(=O)OC2CCC2)c1,-1.09691001300806,training
COC(=O)C1Cc2ccc(OCCc3nc(-c4ccc(-c5ccccc5)cc4)oc3C)cc2OC1=O,-2.95904139232109,training
O=C1NC(=O)C(Cc2ccc(OCc3nc4ccccc4n3Cc3ccccc3)cc2)S1,-4.48043814717782,training
CCCCCCOC(Cc1ccc(OCCc2nc(-c3ccccc3)oc2C)c2ccsc12)C(=O)O,-2.39619934709574,training
CC(C)(Oc1ccc(CN(CC(=O)NCc2ccccc2)Cc2ccco2)cc1)C(=O)O,-4.11394335230684,training
Cc1cc(CNc2cccc(C(=O)O)c2)ccc1OCc1ccc(I)cc1,-1.43136376415899,training
CC(C)(Oc1cccc(CN(CCCOc2ccccc2)c2nc3ccccc3o2)c1)C(=O)O,-2.27875360095283,training
O=C(Cc1ccc(C(F)(F)F)cc1)OCc1ccc(SCc2ccccc2C(=O)O)cc1,-1.46239799789896,training
COC(=O)C(Cc1ccccc1)OC(=O)Cc1ccc(SCc2ccccc2C(=O)O)cc1,-3.34242268082221,training
C#CCOC(=O)N1CCc2c(OCCc3nc(-c4ccccc4)oc3C)ccc(CCC(=O)O)c2C1,-3.44404479591808,training
Cc1cnc(-c2cccc(Cl)c2)nc1N(C)CCCOc1ccc2c(c1)CC[C@H]2CC(=O)O,-3.3747483460101,training
C/C(=N\OCCCCO/N=C(/CCC(=O)O)c1ccccc1)c1ccc2c(c1)CCCC2,-0.477121254719662,training
Cc1oc(-c2ccccc2)nc1CCOc1ccc(C[C@@H]2CN(c3ncccn3)C[C@@H]2C(=O)O)cc1,-3.46389298898591,training
CCC(Cc1ccc(C(=O)NCc2ccc(C(F)(F)F)cc2)cc1)C(=O)O,-3.84509804001426,training
Cc1c(Cl)ccc(Nc2cc(Cl)nc(SCC(=O)O)n2)c1C,-4.14612803567824,training
CCC(C(=O)O)C1CCc2cc(OCCc3coc(-c4ccccc4)n3)ccc21,-2.58319877396862,training
Cc1ccc(-c2nsc(CSc3ccc(OC(C)(C)C(=O)O)c(C)c3)n2)cc1Cl,-1.84509804001426,training
CCC(C)c1nn(-c2ccc(Cl)cc2)c2nc(C3CC3)cc(C(=O)O)c12,-2.66275783168157,training
CCOC(Cc1ccc2c(ccn2Cc2nc(-c3ccccc3F)oc2C)c1)C(=O)O,-3.0,training
CC[C@]1(C(=O)O)CCc2ccc(OCCCOc3ccc(C4CCCCC4)cc3Cl)cc2O1,-0.698970004336019,training
CCCc1c(OCCCn2ccc3c(OCC(=O)O)cccc32)ccc2cc(C(=O)c3ccccc3)ccc12,-2.31386722036915,training
CSc1ccc(C(=O)Nc2ccccc2C(=O)Nc2cccc(CC(=O)O)c2)cc1,-4.15836249209525,training
CC(C)(Oc1ccc(CNC(=O)c2sc(-c3ccc(C(F)(F)F)cc3)nc2C(F)(F)F)cc1)C(=O)O,-0.602059991327962,training
CCC(C(=O)O)C1CCc2cc(OCc3cc(-c4ccccc4)on3)ccc21,-2.82607480270083,training
Cc1cnc(-c2ccc(Cl)cc2)nc1N(C)CCCOc1ccc2c(c1)CC[C@H]2CC(=O)O,-3.05307844348342,training
Cc1nc(-c2ccc([N+](=O)[O-])cc2)sc1C(=O)N[C@H]1CCCN(c2cccc(C(=O)O)c2)C1,-1.568201724067,training
CCOC(=O)C(Cc1ccc(OCCn2c(=O)sc3cc(/C=C/c4cc(OC)cc(OC)c4)ccc32)cc1)OCC,-3.30102999566398,training
CCC(Oc1cccc(CN(CCCOc2ccccc2)c2nc3cccc(F)c3o2)c1)C(=O)O,-0.301029995663981,training
COc1ccc(-c2nc(SCCOc3ccc(OCC(=O)O)c(C)c3)sc2-c2ccc(OC)cc2)cc1,-3.72835378202123,training
Cc1oc(-c2ccc(Cl)cc2)nc1CCCC[C@H]1CO[C@@](C)(C(=O)O)OC1,-1.47712125471966,training
CCc1cc(OCCc2nc(-c3ccc(C#N)cc3)oc2C)ncc1CCC(=O)O,-3.7199938263676,training
O=C(Cc1ccc(SCc2ccccc2C(=O)O)cc1)OCCc1ccccc1C(F)(F)F,-2.88081359228079,training
Cc1oc(-c2ccccc2)nc1CCOc1ccc(C[C@@H](C(=O)O)N2CCN(S(=O)(=O)c3ccc(F)cc3)CC2)cc1,-3.13033376849501,training
CC[C@@](C)(Cc1ccc(OCCCOc2ccccc2Cl)cc1)C(=O)O,-1.73319726510657,training
CCO[C@@H](Cc1ccc(OC/C=C/c2cc(C#Cc3ccccc3)cc(C#Cc3ccccc3)c2)cc1)C(=O)O,-2.69897000433602,training
Cn1ccc2cc(OCCCOc3ccc4c(c3)CC[C@H]4CC(=O)O)ccc21,-3.82607480270083,training
C[C@]1(C(=O)O)CCc2ccc(OCCCOc3ccc(C4CCC5(CC4)CC5)cc3Cl)cc2O1,-2.6232492903979,training
Cc1oc(-c2ccccc2)nc1Cc1ccc(C[C@H]2CO[C@@](C)(C(=O)O)OC2)cc1,-3.47712125471966,training
Cc1oc(-c2cccc(-c3ccccc3)c2)nc1CCOc1ccc(CC(C)(Oc2ccc(C(C)(C)C)cc2)C(=O)O)cc1,-1.69019608002851,training
CCC(NC(C)=O)c1nc(-c2ccc(Oc3ccc(OCc4ccccc4)cc3)cc2)no1,-2.11394335230684,training
O=C(O)c1cc(F)cc(NCc2ccc(OCc3ccc(F)cc3)c(Cl)c2)c1,-1.7160033436348,training
CCOC(Cc1ccc(OCCN2CC=C(c3ccccc3Cl)CC2)cc1)C(=O)O,-3.88761730033574,training
CC(C)Oc1ccc(OCCCOc2ccc3c(c2)O[C@@](C)(C(=O)O)CC3)c(Cl)c1,-1.60205999132796,training
Cc1cc(C(=O)O)c2c(C(C)C)nn(-c3ccc(Cl)cc3)c2n1,-2.81954393554187,training
CC(C)=CCC/C(C)=C/Cc1c(O)cc(/C=C/c2cccc(C(F)(F)F)c2)cc1O,-3.60205999132796,training
CCC1(C(=O)O)CCc2ccc(OCCCOc3ccc(Oc4ccccc4)cc3)cc2O1,-2.34242268082221,training
CCC(C(=O)O)C1CCc2cc(OCCc3nc(-c4ccc(C)c(F)c4)oc3C)ccc21,-1.66275783168157,training
CCCn1c(CCc2ccc(OC(C)(C)C(=O)O)cc2)nn(Cc2ccc(C)cc2)c1=O,-3.44715803134222,training
CCCc1cc(OC2CCCCC2)ccc1OCCCOc1cccc(C2SC(=O)NC2=O)c1,-1.54406804435028,training
CCOC(Cc1ccc2c(ccn2Cc2nc(-c3ccc(F)cc3)oc2C)c1)C(=O)O,-2.79934054945358,training
CCC(Cc1ccc(OC)c(CNC(=O)c2ccc(-c3ccccc3)cc2)c1)C(=O)O,-0.832508912706236,training
CC(C)(Oc1cccc(CCCN(CCOC(=O)c2ccc(N=C=O)cc2)Cc2ccc(C(F)(F)F)cc2C(F)(F)F)c1)C(=O)O,-2.36172783601759,training
CCOC(Cc1ccc(OCCN2CC=C(c3cccc(Cl)c3Cl)CC2)cc1)C(=O)O,-1.80617997398389,training
Cc1c(C(=O)c2ccc(Cl)cc2)c2ccc(OC(F)(F)F)cc2n1Cc1cccc(OC2(C(=O)O)CCC2)c1,-2.26717172840301,training
CCOc1ccc2nc(SC(C)C(=O)O)sc2c1,-3.99122607569249,training
CCOC(Cc1ccc(OCCC2Sc3ccccc3Oc3ccccc32)cc1)C(=O)O,-3.95424250943932,training
COc1ccc([C@@H](O)[C@H](O)CO)cc1OC,-4.19589965240923,training
CCC(C(=O)O)C1CCc2cc(OCCc3nc(-c4ccccc4)sc3C)ccc21,-2.99078269180314,training
COc1ccc(-c2nc(CCOc3ccc4c(c3)CC[C@H]4CC(=O)O)c(C)n2C)cc1,-4.0,training
Cc1nc(-c2ccccc2Cl)sc1C(=O)N[C@H]1CCCN(c2cccc(C(=O)O)c2)C1,-1.72427586960079,training
N#Cc1ccc(OCCCOc2ccc3c(c2)CC[C@H]3CC(=O)O)cc1,-3.75587485567249,training
Cc1cc(OCc2nc(-c3ccc(N4CCCCC4)cc3)c(-c3ccc(OC(F)(F)F)cc3)s2)ccc1OCC(=O)O,-3.7160033436348,training
CCOC(=O)C(CC)Cc1ccc(C(=O)NCc2ccc(OC(F)(F)F)cc2)cc1,-3.47712125471966,training
Cc1cnc(-c2ccc(F)cc2)nc1N(C)CCCOc1ccc2c(c1)CC[C@H]2CC(=O)O,-3.32633586092875,training
O=C(Cc1cccc(SCc2ccccc2C(=O)O)c1)OCCc1ccccc1C(F)(F)F,-3.57978359661681,training
COc1cc(-c2nc(OC(C)C)cs2)ccc1OCCCOc1ccc2c(c1)CC[C@H]2CC(=O)O,-2.25527250510331,training
Cc1ccc2c(c1)cc(CCCC(=O)O)n2S(=O)(=O)c1ccccc1,-3.11394335230684,training
COC(Cc1ccc(OCCc2nc(-c3ccccc3)oc2C)cn1)C(=O)O,-3.49692964807322,training
Cc1oc(-c2ccccc2)nc1CN(Cc1ccco1)Cc1ccc(OC(C)(C)C(=O)O)cc1Cl,-1.55630250076729,training
CCCOC(=O)N(CC(=O)O)Cc1cccc(OCc2nc(-c3ccc(Cl)cc3)oc2C)c1,-0.778151250383644,training
CCOC(Cc1ccc2c(ccn2Cc2nc(-c3ccccc3Cl)oc2C)c1)C(=O)O,-2.90848501887865,training
CC(C)(Oc1ccc(CCCOc2ccc(/C=C/c3ccccc3)cc2)cc1)C(=O)O,-3.99563519459755,training
Cc1oc(-c2ccccc2)nc1CCOc1ccc2c(c1)OCC2CC(=O)O,-4.0,training
CCCc1cc(C(=O)C(C)C)cc(CCC)c1OC(C(=O)O)c1ccccc1,-2.39794000867204,training
COc1ccc(CCOC(=O)Cc2ccc(SCc3ccccc3C(=O)O)cc2)cc1OC,-4.32221929473392,training
CC(C)OC(Cc1ccc(OCc2noc(-c3ccccc3)n2)cc1)C(=O)O,-2.20411998265592,training
CC(C)Cc1ccc(OCCCOc2ccc3c(c2)O[C@@](C)(C(=O)O)CC3)c(Cl)c1,-0.778151250383644,training
O=C(O)Cc1ccc(CNc2cccc(-c3c(Cc4ccccc4)cnc4c(Cl)cccc34)c2)cc1,-3.31238894937059,training
COc1ccccc1NC(=O)N(CCCCC1CCCCC1)CCc1ccc(SC(C)(C)C(=O)O)cc1,-0.698970004336019,training
Cc1oc(-c2cccc[s+]2)nc1CCOc1ccc(C[C@@](C)(Oc2ccccc2)C(=O)O)cc1,-0.950023906523326,training
CCC(Cc1ccc(OC)c(CNCc2ccc(C(F)(F)F)cc2)c1)C(=O)O,-3.69019608002851,training
CC(C)(Sc1ccc(CCN(CCc2ccc(-c3ccccc3)cc2)C(=O)Nc2cc(Cl)cc(Cl)c2)cc1)C(=O)O,-1.69897000433602,training
CC(Oc1cccc(CCN(CCCOc2ccccc2)c2nc3ccccc3o2)c1)C(=O)O,-1.0,training
C/C(=N\OCCCCO/N=C(/CCC(=O)O)c1ccccc1)c1ccc(S(C)(=O)=O)cc1,-3.38021124171161,training
O=C(O)C(Cc1ccc(F)cc1)Oc1ccc(Cl)cc1,-3.73239375982297,training
Cc1csc(-c2ccc(C(=O)NCc3ccc(OC(C)(C)C(=O)O)cc3)cc2)n1,-3.69897000433602,training
CS(=O)(=O)Cc1ccc(COC(=O)Cc2ccc(CC(SCCc3ccc(F)cc3)C(=O)O)cc2)cc1,-3.14612803567824,training
O=C(O)c1cc(NCc2ccc(OCc3ccc(F)cc3)cc2)ccc1F,-3.20682587603185,training
COc1cc(OC)cc(-c2nc(CCOc3ccc(C[C@H](OC)C(=O)O)c4sccc34)c(C)o2)c1,-1.78532983501077,training
Cc1cc(CNC(=O)c2cc(-c3ccc(-c4ccncc4)cc3)n(C)n2)ccc1OC(C)(C)C(=O)O,-2.86332286012046,training
CCc1cc(OCCc2nc(-c3ccc(C(C)(C)C)cc3)oc2C)ccc1CCC(=O)O,-3.73996769675951,training
CCC(C(=O)O)C1CCc2cc(OCCc3nc(-c4cccc(C)c4)oc3C)ccc21,-2.43296929087441,training
CCO[C@@H](Cc1ccc(OC/C=C/C#Cc2ccc(C#C/C=C/COc3ccc(C[C@H](OCC)C(=O)O)cc3)cc2)cc1)C(=O)O,-2.85125834871908,training
CCO/N=C(\C)C(Cc1ccc(OCCc2nc(-c3ccc(F)cc3)oc2C)cc1)C(=O)O,-1.06069784035361,training
O=C(O)C(Cc1ccccc1Br)Oc1ccc(Cl)cc1,-3.35218251811136,training
CC(C)(Oc1ccc(OCCc2ccc(/N=N/c3ccc(C(F)(F)F)cc3)cc2)cc1)C(=O)O,-3.34242268082221,training
Cc1oc(-c2ccccc2)nc1CCOc1cccc(C2=C(CC(=O)O)CCN(C(=O)OCC(C)C)C2)c1,-1.25527250510331,training
Cc1nc(-c2ccccc2)n(C)c1CCOc1ccc2c(c1)CC[C@H]2CC(=O)O,-4.0,training
CCCCC(Sc1ccc(OCCCOc2ccc(C)c(C)c2)cc1)C(=O)O,-1.32221929473392,training
CCO[C@@H](Cc1cccc(C2=NOC(c3ccc(OS(C)(=O)=O)cc3)C2)c1)C(=O)O,-4.57287160220048,training
CCC(C(=O)O)C1CCc2cc(OCCc3nc(-c4cc(C(F)(F)F)cc(C(F)(F)F)c4)oc3C)ccc21,-3.06818586174616,training
Cc1nc2cc(S(=O)(=O)n3c(CCCC(=O)O)cc4cc(Cl)ccc43)ccc2s1,-3.37291200297011,training
CC(C)(Sc1nc2ccc(Cl)cc2s1)C(=O)O,-4.58994960132571,training
CCO[C@@H](Cc1ccc(OC/C=C(\C)c2ccc(-c3ccccc3)cc2)cc1)C(=O)O,-2.69460519893357,training
O=C(O)c1cccc(NC(=O)c2ccccc2NC(=O)c2ccc3c(c2)OCO3)c1,-4.27875360095283,training
CCc1ccc(O[C@H](C)CCOc2ccc(CCC(=O)O)c(C)c2)c(-c2ncco2)c1,-3.46089784275655,training
COc1ccc(-c2nc(SCCOc3ccc(OCC(=O)O)cc3Cl)sc2-c2ccc(OC)cc2)cc1,-3.02530586526477,training
CCCc1cc(-c2nc(C)c(C(=O)N(C)C)s2)ccc1OCCCOc1ccc2c(c1)CC[C@H]2CC(=O)O,-2.14612803567824,training
Cc1oc(-c2ccc(-c3ncccn3)cc2)nc1CCOc1ccc(CCC(=O)O)c(CNC(=O)OC(C)C)c1,-2.95424250943932,training
Cc1oc(-c2ccccc2)nc1CCOc1ccc(OCC(=O)O)cc1,-3.43949059038968,training
CCc1ccc(O[C@H](C)CCOc2ccc(CCC(=O)O)c(CC)c2)c(-c2ccccn2)c1,-3.45484486000851,training
CCC(Cc1cc(F)c(OC)c(CNC(=O)c2ccc(C34CC5CC(CC(C5)C3)C4)cc2)c1)C(=O)O,-2.41497334797082,training
CCC(C(=O)O)C1CCc2cc(OCCCc3nc(-c4ccccc4)oc3C(F)(F)F)ccc21,-2.3654879848909,training
O=C(O)c1cccc(NC(=O)c2ccc(Cl)cc2NC(=O)c2ccc(C(F)(F)F)cc2)c1,-4.26951294421792,training
CC[C@]1(C(=O)O)CCc2ccc(OCCCOc3ccc(OC(F)(F)F)cc3Cl)cc2O1,-0.778151250383644,training
CC(C)(CCCOc1ccc(/C=C/c2ccc(Cl)cc2)cc1)C(=O)O,-2.90308998699194,training
CCCc1cc(C(=O)CC)cc(CCC)c1OC(C(=O)O)c1ccccc1,-2.0,training
COC(=O)N(CC(=O)O)Cc1cc(OCc2nc(-c3ccc(F)cc3)oc2C)ccc1F,-1.16136800223497,training
Cc1cc(OCC[C@@H](C)Oc2ccc(C(F)(F)F)cc2-c2ccccn2)ccc1CCC(=O)O,-3.36921585741014,training
Cc1oc(-c2ccccc2)nc1CCOc1ccc(CC(OCC(C)C)C(=O)O)c2sccc12,-1.68124123737559,training
COC(=O)c1cc2ccc(OCCc3nc(-c4cccc(F)c4)oc3C)cc2oc1=O,-3.11058971029925,training
O=C(O)CSc1nc(Cl)cc(Nc2ccc(Cl)c3c2CCC3)n1,-3.25527250510331,training
CC(C)(Oc1ccc(CCOc2ccc(/C=C/c3ccccc3)cc2)cc1)C(=O)O,-4.06445798922692,training
CC(C)(Sc1nc2cc(Cl)ccc2s1)C(=O)O,-4.55509444857832,training
CC(C)(Oc1ccc(CCO)cc1)C(=O)O,-4.87563993700417,training
Cc1ccc(OCCCOc2ccc3c(c2)CC[C@H]3CC(=O)O)c(C)c1,-3.9712758487381,training
CCCOC(=O)N1CCC(C(=O)O)=C(Cc2cccc(OCCc3nc(-c4ccccc4)oc3C)c2)C1,-2.25527250510331,training
COc1cc(-c2nc3ccccc3s2)ccc1OCCCOc1ccc2c(c1)CC[C@H]2CC(=O)O,-2.72098574415374,training
Cc1nc(-c2ccc(C(F)(F)F)cc2)sc1C(=O)NCc1ccc(OC(C)(C)C(=O)O)cc1,-0.896250562461638,training
CCCc1nc2c(C)cccc2n1CCOc1ccc(CC(C)(Oc2ccccc2)C(=O)OCC)cc1,-2.47712125471966,training
Cc1oc(-c2ccccc2)nc1CCOc1cccc(CN(CC(=O)O)Cc2ccccc2)c1,-1.34242268082221,training
Cc1sc(N2CCN(C)CC2)nc1CCOc1ccc(C[C@H](Nc2ccccc2C(=O)c2ccccc2)C(=O)O)cc1,-3.80999984594153,training
C[C@]1(C(=O)O)CCc2ccc(OCCCOc3ccc(OCC(F)(F)F)cc3Cl)cc2O1,-1.60205999132796,training
O=C(NCc1ccc(Cn2cccc2C(=O)O)cc1)Nc1ccc(OC(F)(F)F)cc1,-3.69897000433602,training
CC(C)(Oc1ccc(C(=O)c2cc3ccccc3oc2=O)cc1)C(=O)O,-4.04257551244019,training
Cc1cc(O[C@@H](Cc2ccccc2)C(=O)O)ccc1-c1ccccc1,-1.90308998699194,training
O=C(O)c1cccc(NCc2ccc(OCc3ccc(F)cc3F)cc2)c1,-2.73239375982297,training
Cc1ccc(-c2ccc(O[C@@H](Cc3ccccc3)C(=O)O)cc2)cc1,-2.32221929473392,training
CO[C@@H](Cc1ccc(OCCc2nc(-c3cc(C)cc(C)c3)oc2C)c2ccsc12)C(=O)O,-1.63346845557959,training
C/C(=N\OCc1nc(-c2ccc(C)cc2)oc1C)c1ccc(OCC(=O)O)c(C)c1,-2.17609125905568,training
Cc1cc(Oc2cccc(CNC(=O)c3ccc(C(F)(F)F)cc3)c2)ccc1OC(C)(C)C(=O)O,-3.09795107099415,training
CCCCC(Cc1ccc(OCCc2nc(-c3ccccc3)oc2C)cc1)(Oc1ccccc1)C(=O)O,-3.40790054014264,training
CC(OC(=O)Cc1cccc(SCc2ccccc2C(=O)O)c1)c1ccc(C(F)(F)F)cc1,-4.25527250510331,training
Cc1ccc(OC(=O)N(CC(=O)O)Cc2cccc(OCc3nc(-c4ccc(N5CCOCC5)cc4)oc3C)c2)cc1,-2.03342375548695,training
CC(=O)c1sc(-c2ccc(OCCCOc3ccc4c(c3)CC[C@H]4CC(=O)O)cc2)nc1C,-3.40312052117582,training
Cc1cc2c(CCc3sc(-c4ccc(C(F)(F)F)cc4)nc3C(C)C)noc2cc1OC(C)(C)C(=O)O,-2.30102999566398,training
Cc1cc(OCc2nc(-c3ccc(-c4ccccc4)cc3)cs2)ccc1OCC(=O)O,-2.68124123737559,training
Cc1oc(-c2ccccc2)nc1CCOc1ccc(CC2CN(C(=O)OCC(C)C)CCC2C(=O)O)cc1,-2.40993312333129,training
Cc1sc(-c2ccc(F)cc2)nc1CCOc1ccc2c(c1)CC[C@H]2CC(=O)O,-3.35602585719312,training
CC(C)n1c(COc2ccc(CC3SC(=O)NC3=O)cc2)nc2ccccc21,-4.40500466505037,training
Cc1cc(OCc2nc(-c3cnc(N4CCOCC4)nc3)c(-c3ccc(OC(F)(F)F)cc3)o2)ccc1OCC(=O)O,-2.61278385671974,training
CCC(Cc1ccc(OC)c(C(=O)NCc2ccc(C(F)(F)F)c(F)c2)c1)C(=O)O,-1.39794000867204,training
CCCCCCC(Sc1nc(Cl)cc(Nc2nc(-c3ccc(C)cc3)cs2)n1)C(=O)O,-3.91381385238372,training
Cc1cccc(Nc2cc(Cl)nc(SC(C)(C)C(=O)O)n2)c1C,-3.36172783601759,training
COC(=O)C1Cc2ccc(OCCc3nc(-c4cccc(OC)c4)oc3C)cc2OC1=O,-3.07918124604762,training
C/C(=N\OCC(C)C)C(Cc1ccc(OCCc2nc(-c3ccccc3)oc2C)cc1)C(=O)O,-0.342422680822206,training
CC(C)(C)c1ccc(OCCCOc2ccc3c(c2)O[C@@](C)(C(=O)O)CC3)c(Cl)c1,-1.90308998699194,training
CCO/N=C(\C)C(Cc1ccc(OCc2nc(-c3ccccc3)oc2C)cc1)C(=O)O,-1.95904139232109,training
CC(C)(Oc1ccc(CNC(=O)c2cnc(-c3ccccc3)s2)cc1)C(=O)O,-2.07918124604762,training
Cc1oc(-c2ccccc2)nc1CCOc1ccc(CN(CCOCc2ccccc2)CC(=O)O)cc1,-2.86093662070009,training
Cc1cc(Oc2cccc(CNC(=O)c3ccc(C(F)(F)F)cc3C)c2)ccc1CCC(=O)O,-3.4605971888976,training
O=C(O)CCCc1cc2cc(Cl)ccc2n1S(=O)(=O)c1ccc2ncsc2c1,-3.18667386749975,training
CCCOc1cc(F)c(CC(CC)C(=O)O)cc1CNC(=O)c1ccc(C23CC4CC(CC(C4)C2)C3)cc1,-1.23044892137827,training
COc1ccc(CCCC(=O)O)cc1C(=O)NCc1ccc(C(F)(F)F)cc1,-3.34242268082221,training
CCCCCCCCC/C=C\CCCCCCCNS(N)(=O)=O,-2.71933128698373,training
Cc1cc(CNc2cccc(C(=O)O)c2)ccc1OCc1ccc(F)cc1F,-1.7481880270062,training
Cc1oc(-c2ccccc2)nc1CNc1ccc(OC(C)(C)C(=O)O)cc1,-3.85733249643127,training
CCCCC(Sc1ccc(OCCCOc2cccc3c2CCCC3)cc1)C(=O)O,-2.27875360095283,training
Cc1ccccc1CC(Oc1ccc(Cl)cc1)C(=O)O,-3.96614173273903,training
CCCOc1ccc(CC(CC)C(=O)O)cc1CNC(=O)c1ccc(C(F)(F)F)cc1F,-1.61278385671974,training
CC(NC(=O)C(F)(F)F)c1nc(-c2ccc(Oc3ccc(OCc4ccccc4)cc3)cc2)no1,-2.0,training
CCCc1c(OCCCCOc2ccc(CC(C)(C)C(=O)O)cc2)ccc2c(-c3ccccc3)noc12,-0.602059991327962,training
CCOC(=O)C(C)(C)Oc1ccc(Cl)cc1,-4.74036268949424,training
O=C(O)COc1ccc(CCc2ccc(N3C(=O)c4ccccc4C3=O)cc2)cc1,-4.46239799789896,training
CCOC(Cc1ccc(OCCN2CC=C(c3cccs3)CC2)cc1)C(=O)O,-3.93348728784871,training
CCCc1c(OCCCn2ccc3ccc(OCC(=O)O)cc32)ccc2cc(C(=O)c3ccccc3)ccc12,-3.31764554322116,training
CCCOC(=O)N1CCc2c(OCCc3nc(-c4ccccc4)oc3C)ccc(CCC(=O)O)c2C1,-2.74896286125616,training
CCCc1c(OCCCn2ccc3c(OC(C)(C)C(=O)O)cccc32)ccc2cc(C(=O)c3ccccc3)ccc12,-2.45024910831936,training
CCc1cc(OCCc2coc(-c3ccc(C(F)(F)F)cc3)n2)ccc1CCC(=O)O,-3.73996769675951,training
COc1ccc(CC(C)C(=O)O)cc1C(=O)NCc1ccc(C(F)(F)F)cc1,-2.38021124171161,training
O=C(O)C(Cc1ccccc1C(F)(F)F)Oc1ccc(Cl)cc1,-3.39619934709574,training
Cc1nc(-c2ccc(F)cc2)sc1C(=O)NCc1ccc(OC(C)(C)C(=O)O)cc1,-1.60205999132796,training
Cc1cc(-c2nc(C(F)(F)F)ns2)ccc1OCCCOc1ccc2c(c1)CC[C@H]2CC(=O)O,-2.7160033436348,training
Cc1cc(Cc2cc(-c3ccc(Br)cc3)on2)cc(C)c1OC(C)(C)C(=O)O,-0.903089986991943,training
CC(C)OC(Cc1ccc(OCc2noc(-c3ccc(C(C)(C)C)cc3)n2)cc1)C(=O)O,-1.60205999132796,training
CCCC(Cc1ccc(OC)c(CNC(=O)c2ccc(C34CC5CC(CC(C5)C3)C4)cc2)c1)C(=O)O,-2.14612803567824,training
O=C(Cc1ccc(-c2ccc(Cl)cc2)cc1)NCc1ccc(NS(=O)(=O)C(F)(F)F)cc1,-1.90308998699194,training
Cc1cc(/C(=N/OCc2sc(-c3ccc(C(F)(F)F)cc3)nc2C)C2CCCCC2)ccc1OCC(=O)O,-3.20411998265592,training
CC(C)=CCC/C(C)=C/Cc1c(O)cc(/C=C/c2ccc(C#N)cc2)cc1O,-4.30102999566398,training
Cc1ccc(Cn2nc(CCCc3ccc(OC(C)(C)C(=O)O)cc3)nc2O)cc1,-1.6232492903979,training
CCCc1cc(C(=O)c2ccc(F)cc2)ccc1OCCCOc1cccc2c1ccn2CC(=O)O,-2.88817949391832,training
CCC(C(=O)O)C1CCc2cc(OCCc3nc(-c4c(F)cccc4F)oc3C)ccc21,-2.71850168886727,training
N[C@@H](Cc1c[nH]c2ccccc12)C(=O)N[C@@H](CCC(=O)O)C(=O)O,-4.92116605063774,training
O=C(O)c1cc(Br)cc(NCc2ccc(OCc3ccc(F)cc3)cc2)c1,-3.04921802267018,training
Cc1oc(-c2ccc(F)cc2)nc1CCOc1ccc(C[C@H](Nc2ccccc2C(=O)c2ccccc2)C(=O)O)cc1,-2.41000071254346,training
Cc1oc(-c2ccccc2)nc1CCOc1cnc(CC2(C(=O)O)CCCO2)cn1,-3.27646180417324,training
CCC(Cc1ccc(OC)c(C(=O)NCc2ccc(Oc3ccccc3)cc2)c1)C(=O)O,-1.95424250943932,training
Cc1cc(Cc2cnoc2-c2ccc(Br)cc2)cc(C)c1OC(C)(C)C(=O)O,-3.45040308615537,training
Cc1ccc(OC(=O)N(CC(=O)O)Cc2cccc(OCc3nc(-c4ccc(-c5ccccc5)cc4)oc3C)c2)cc1,-2.53147891704225,training
CO[C@@H](Cc1ccc(OCCc2nc(-c3ccc(C(C)C)cc3)oc2C)c2ccsc12)C(=O)O,-1.30102999566398,training
CC(C)(Oc1cccc(CCCN(C(=O)c2ccc(C(F)(F)F)c(C(F)(F)F)c2)c2cccc(-c3ncon3)c2C2CC2)c1)C(=O)O,-1.77085201164214,training
O=c1c(-c2ccc(F)cc2)coc2cc(O)ccc12,-4.36361197989214,training
CCCc1cc(-c2nc(CC(=O)O)cs2)ccc1OCCCOc1ccc2c(c1)CC[C@H]2CC(=O)O,-3.39445168082622,training
Cc1sc(N2CCOCC2)nc1CCOc1ccc(CCC(=O)O)c(CNC(=O)OC(C)C)c1,-2.99387691494121,training
COc1cc(-c2nc(C(F)(F)F)cs2)ccc1OCCCOc1ccc2c(c1)CC[C@H]2CC(=O)O,-2.64048143697042,training
Cc1sc(-c2cccc(F)c2)nc1CCOc1ccc2c(c1)CC[C@H]2CC(=O)O,-3.81491318127507,training
CCO[C@@H](Cc1ccc(OCCN2CCC(C)(C)c3cc(/C(=N/OCc4ccccc4)c4ccccc4)ccc32)cc1)C(=O)O,-1.53147891704226,training
CCOc1ccc2nc(SC(C)(C)C(=O)O)sc2c1,-4.84073323461181,training
Cc1oc(-c2ccccc2)nc1CCCOc1ccc(CC2(C(=O)O)CCCO2)cn1,-3.26481782300954,training
COc1ccc(C(=O)c2cccn2C/C=C/c2cccc(CC(=O)O)c2)cc1,-4.32221929473392,training
CCCCOc1ccc(-c2cccc(C(=O)O)c2)cc1CNC(=O)c1ccc(C(F)(F)F)cc1F,-2.89762709129044,training
CCC1(C(=O)O)CCc2ccc(OCCCOc3ccc(Oc4ccccc4)cc3Cl)cc2O1,-1.47712125471966,training
CC(C)(Oc1ccc(CCCOc2nc3ccccc3s2)cc1)C(=O)O,-4.66086547800387,training
Cc1nc(-c2ccc(Cl)cc2)sc1CNC1CCCN(c2cccc(C(=O)O)c2)C1,-3.38021124171161,training
CCCc1cc(-c2nc(C)c(C(C)=O)s2)ccc1OCCCOc1ccc2c(c1)CC[C@H]2CC(=O)O,-2.24303804868629,training
CCCCCCC(Sc1nc2ccc(NC(=O)c3ccc(C(C)(C)C)cc3)cc2s1)C(=O)O,-3.49136169383427,training
C#CCOc1cc(COc2ccc(C(F)(F)F)cc2)ccc1Sc1ccc(OCC(=O)O)c2c1CCCC2,-3.5910646070265,training
CCO[C@@H](Cc1ccc(OC/C=C/c2cc(OC(C)C)cc(OC(C)C)c2)cc1)C(=O)O,-0.602059991327962,training
CCCCCCC(Sc1nc2ccc(NCc3ccc(C(C)(C)C)cc3)cc2s1)C(=O)O,-3.60205999132796,training
CCCC(Cc1ccc(OC)c(C(=O)NCc2ccc(C(F)(F)F)cc2)c1)C(=O)O,-2.55630250076729,training
CCOC(=O)C(C)(C)Oc1ccc(C(=O)c2cc3cc([N+](=O)[O-])ccc3oc2=O)cc1,-3.84447717574568,training
CCOC(=O)C(Cc1ccc(OCCn2c(=O)sc3cc(C(=O)/C=C/c4cc(O)cc(O)c4)ccc32)cc1)OCC,-4.0,training
CCCCCCC(Sc1nc(Cl)cc(Nc2nc3c(s2)CCc2cc(OC)ccc2-3)n1)C(=O)O,-3.73239375982297,training
COc1ccc(S(=O)(=O)n2c(CCCC(=O)O)cc3cc(C(F)(F)F)ccc32)cc1,-2.88309335857569,training
CCCCCC(=O)Nc1ccc(C(=O)Nc2cccc(C[C@H](C)C(=O)N3C(=O)OC[C@H]3Cc3ccccc3)c2)cc1,-3.28375338333253,training
Cc1cc(Oc2cccc(CNC(=O)c3cc4cc(Cl)ccc4n3C)c2)ccc1CCC(=O)O,-3.43695733066945,training
CCOC(Cc1ccc2c(ccn2Cc2nc(-c3cc(Cl)cc(Cl)c3)oc2C)c1)C(=O)O,-1.47712125471966,training
CCC(Cc1ccc(OC)c(C(=O)NCc2cccc(C(F)(F)F)c2)c1)C(=O)O,-3.25527250510331,training
Cc1oc(-c2cccc(Cl)c2)nc1CCOc1cccc(C[C@@H]2C(=O)N(c3ccc(C(C)(C)C)cc3)[C@@H]2C(=O)O)c1,-1.77815125038364,training
CCCC(Sc1nc2cc(Cl)ccc2s1)C(=O)O,-3.96848294855394,training
CCc1ccccc1-c1ccc(O[C@@H](Cc2ccccc2)C(=O)O)cc1,-1.07918124604762,training
Cc1cc(-c2cc(-c3ccc(Br)cc3)on2)cc(C)c1OC(C)(C)C(=O)O,-4.0,training
CCCCS(=O)(=O)Nc1ccc(CNC(=O)c2sc(-c3ccc(C(F)(F)F)cc3)nc2C)cc1,-2.50514997831991,training
Cc1oc(-c2ccccc2)nc1CCOc1ccc(CN(CC(=O)O)Cc2ccc(-c3ccccc3Cl)o2)cc1,-2.94001815500766,training
COc1ccc(OC(=O)N(CC(=O)O)[C@@H](C)c2cccc(OCc3coc(-c4ccc(Cl)cc4)n3)c2)cc1,-1.81954393554187,training
CCO/N=C(\C)C(Cc1ccc(OCc2nc(-c3ccc(F)cc3)oc2C)cc1)C(=O)O,-1.07918124604762,training
Cc1oc(-c2ccccc2)nc1CCOc1ccc(C2=C(C(=O)O)CCN(C(=O)OCC(C)C)C2)cc1,-3.66745295288995,training
CC(C)(CCCOc1ccc(/C=C/c2ccccc2)cc1)C(=O)O,-3.0,training
O=C(O)CCc1cc2cc(Cl)ccc2n1S(=O)(=O)c1ccccc1,-2.41497334797082,training
Cc1cc(Oc2cc(F)cc(CNC(=O)c3ccc(C(F)(F)F)cc3F)c2)ccc1OC(C)(C)C(=O)O,-2.87737134586977,training
Cc1cccc(-c2nc(CCOc3ccc4c(c3)CC[C@H]4CC(=O)O)c(C)o2)c1,-3.06145247908719,training
Cc1cccc(Nc2cc(Cl)nc(SC(C)C(=O)O)n2)c1C,-3.93951925261862,training
CCc1ccc(O[C@H](C)CCOc2ccc(CCC(=O)O)c(C)c2)c(-c2ccccn2)c1,-3.45788189673399,training
NC(=O)C(Cc1ccc(OCCOc2ccc3c(c2)NCCC3)cc1)C(=O)O,-2.14612803567824,training
Cc1oc(-c2ccc(-c3ccccc3)cc2)nc1CCOc1ccc(C[C@H](OCC(F)(F)F)C(=O)O)c2ccccc12,-2.99431715266964,training
O=C(O)C(Cc1ccccc1)Oc1ccc(CCCc2ccccc2)cc1,-2.85733249643127,training
Cc1c(Br)ccc(Nc2cc(Cl)nc(SCC(=O)O)n2)c1C,-4.0,training
CCC(Cc1ccc(C(=O)NCc2ccc(Oc3ccccc3)cc2)cc1)C(=O)O,-2.95424250943932,training
Cc1cccc(-c2ccc(OCCCOc3ccc4c(c3)CC[C@H]4CC(=O)O)cc2)n1,-3.72098574415374,training
Cc1oc(-c2ccc(C(C)(C)C)cc2)nc1CCOc1ccc2c(c1)CC[C@H]2CC(=O)O,-2.73719264270474,training
Cc1ccc(-c2nc(COc3ccc(C[C@H]4CO[C@@](C)(C(=O)O)OC4)cc3)c(C)o2)cc1,-1.85733249643127,training
C=CCc1ccc(OCCCC(C)(C)C(=O)O)c(OC)c1,-3.81954393554187,training
Cc1cc(OCc2sc(-c3ccc(C(F)(F)F)cc3)nc2C)ccc1/C=C/C(=O)O,-3.50514997831991,training
Cc1cc(SC(CC2CC2)c2sc(-c3ccc(C(F)(F)F)cc3)nc2C)ccc1OCC(=O)O,-2.93515444721617,training
Cc1oc(-c2ccccc2)nc1CCOc1ccc(CCC(=O)O)c(CNS(=O)(=O)Cc2ccccc2)c1,-3.46834733041216,training
C[C@@H](Cc1cccc(NC(=O)c2ccc(NC(=O)Cc3ccc(C(C)(C)C)cc3)cc2)c1)C(=O)O,-2.93751789201735,training
CC(C)(C)c1ccc(C(=O)Nc2ccccc2C(=O)Nc2ccc(Cl)c(C(=O)O)c2)cc1,-3.95904139232109,training
COC(=O)N(CC(=O)O)Cc1ccc(F)c(OCc2nc(-c3ccc(Cl)cc3)oc2C)c1,-1.9731278535997,training
Cc1nc(-c2ccc(Cl)cc2)oc1C(=O)N[C@H]1CCCN(c2cccc(C(=O)O)c2)C1,-3.17609125905568,training
Cc1oc(-c2ccccc2)nc1CCCc1ccc(CC(C(=O)O)c2ccccc2)cc1,-3.69897000433602,training
Cc1cc(Oc2cccc(CNC(=O)c3cc4cc(Cl)ccc4[nH]3)c2)ccc1CCC(=O)O,-3.39075852873872,training
O=C(O)c1cccc(NC(=O)c2ccccc2NC(=O)c2ccc3ccccc3c2)c1,-3.29225607135648,training
CCOC(Cc1ccc(OCCCN2CC=C(c3ccc(Cl)cc3)CC2)cc1)C(=O)O,-3.99122607569249,training
CCCCCCC(Sc1nc2ccc(NS(=O)(=O)c3ccc(C(C)(C)C)cc3)cc2s1)C(=O)O,-2.95424250943932,training
Cc1nc(-c2ccc(Cl)cc2)sc1C(=O)NCC1CCCN(c2cccc(C(=O)O)c2)C1,-2.88081359228079,training
CCOC(=O)C(Cc1ccc(OCCn2c(=O)sc3cc(/C=C/c4cc(OC)cc(OC)c4)ccc32)cc1)OCC(F)(F)F,-4.0,training
Cc1cc(SCc2nsc(-c3ccc(OC(F)(F)F)cc3)n2)ccc1OC(C)(C)C(=O)O,-2.81690383937566,training
CCc1ccc(O[C@H](C)CCOc2ccc(CCC(=O)O)c(C)c2)c(-c2cscn2)c1,-3.42813479402879,training
O=C(O)c1cccc(NCc2ccc(OCc3ccc(F)cc3)c(OCc3ccc(F)cc3)c2)c1,-2.90848501887865,training
CCOC(Cc1ccc2c(ccn2Cc2nc(-c3ccccc3OC)oc2C)c1)C(=O)O,-3.0,training
Cc1nc(-c2ccc(-c3ccccc3)cc2)n(C)c1CCOc1ccc2c(c1)CC[C@H]2CC(=O)O,-4.0,training
Cc1cc(OCc2nc(-c3ccc(C(=O)N(C)C(C)C)cc3)c(-c3ccc(OC(F)(F)F)cc3)s2)ccc1OCC(=O)O,-2.83884909073726,training
CCCc1cc(C2CCCCC2)ccc1OCCCOc1cccc(C2OC(=O)NC2=O)c1,-1.74036268949424,training
CCCc1c(OCCCOc2ccc3c(ccn3CC(=O)O)c2)ccc2c(C(F)(F)F)noc12,-1.14612803567824,training
O=C(O)c1cc(F)cc(NCc2ccc(OCc3ccc(F)cc3)cc2)c1,-2.76342799356294,training
CCO[C@@H](Cc1cccc(/C(C)=N/OCc2ccc(I)cc2)c1)C(=O)O,-2.82865989653532,training
CCOC(Cc1ccc(OCCN2CC=C(c3cccc(Cl)c3)CC2)cc1)C(=O)O,-3.51054501020661,training
NC(=O)C(Cc1ccc(OCCOc2ccc3ccccc3c2)cc1)C(=O)O,-2.39794000867204,training
CCCO/N=C(\C)C(Cc1ccc(OCc2nc(-c3ccccc3)oc2C)cc1)C(=O)O,-1.27875360095283,training
CCCc1cc(-c2nccs2)ccc1OCCCOc1ccc2c(c1)CC[C@H]2CC(=O)O,-2.04532297878666,training
O=C(O)C(Cc1ccc(OCCCOc2ccc(Oc3ccc(F)cc3)cc2Cl)cc1)C1CCC1,-1.17609125905568,training
CCCCC(Sc1ccc(OCCCOc2ccccc2C(C)C)cc1)C(=O)O,-3.30102999566398,training
Cc1oc(-c2ccc(Oc3ccccc3)cc2)nc1CCOc1ccc(CCC(=O)O)c(CNC(=O)OC(C)C)c1,-1.89209460269048,training
Cc1oc(-c2ccccc2)nc1CCOc1ccc(CC2=C(C(=O)O)CCN(C(=O)OCC(C)C)C2)cc1,-3.04921802267018,training
Cc1nc(-c2ccc(C(C)(C)C)cc2)sc1C(=O)NCc1ccc(OC(C)(C)C(=O)O)cc1,-0.653212513775344,training
Cc1nc(C(=O)NCc2ccc(OC(C)(C)C(=O)O)cc2)c(C)s1,-3.27646180417324,training
Cc1nc(-c2ccc([N+](=O)[O-])cc2)sc1C(=O)NCc1ccc(OC(C)(C)C(=O)O)cc1,-1.47712125471966,training
O=C(O)CSc1nc(Cl)cc(Nc2ccc(Nc3ccccc3)cc2)n1,-4.07918124604763,training
CC(C)(Oc1ccc(C2CC2(Cl)Cl)cc1)C(=O)O,-2.95424250943932,training
CC(C)(CCCOc1ccc(/C=C/c2ccsc2)cc1)C(=O)O,-3.57978359661681,training
CCOC(=O)C(Cc1ccc(OCCn2c(=O)sc3cc(C(=O)/C=C/c4cc(OC)cc(OC)c4)ccc32)cc1)OCC(F)(F)F,-4.0,training
O=C(NCc1cccc(Cn2cccc2C(=O)O)c1)Nc1ccc(OC(F)(F)F)cc1,-3.77815125038364,training
CCC(Cc1ccc(OC)c(CNC(=O)c2ccc(OCCc3ccccc3)cc2)c1)C(=O)O,-1.77815125038364,training
Cc1cc(OCc2nc(-c3cnc(N4CCOCC4)nc3)c(-c3ccc(OC(F)(F)F)cc3)s2)ccc1OCC(=O)O,-3.29885307640971,training
Cc1cc(-c2ccccc2)ccc1O[C@@H](Cc1ccccc1)C(=O)O,-2.99563519459755,training
Cc1cccc(OCCCOc2ccc(CCC(=O)O)cc2)c1C,-4.13987908640124,training
CCc1oc(-c2ccc(C)cc2)nc1CCCC[C@H]1CO[C@@](C)(C(=O)O)OC1,-1.47712125471966,training
CCCn1c(CCCc2ccc(OC(C)(C)C(=O)O)cc2)nn(C(C)c2ccccc2)c1=O,-2.34242268082221,training
CCCCCCC(Sc1nc(Cl)cc(Nc2cccc(C)c2C)n1)C(=O)O,-3.0,training
O=C(O)[C@@H](Cc1ccccc1)Oc1ccc(Cl)cc1,-4.03742649794062,training
CCCc1c(OCCCCOc2cccc(C(=O)O)c2)ccc2c(-c3ccccc3)noc12,-0.903089986991943,training
Cc1nc(-c2ccccc2)sc1C(=O)N[C@H]1CCCN(c2cccc(C(=O)O)c2)C1,-1.85733249643127,training
Cc1nc(-c2ccc(OCCCOc3ccc4c(c3)CC[C@H]4CC(=O)O)cc2)sc1C,-3.09691001300806,training
CCc1ccc(OCCCOc2ccc(OC(C)(C)C(=O)O)cc2)c(C(=O)c2ccccc2)c1,-2.85125834871908,training
CCC(Cc1ccc(OC)c(CNC(=O)c2ccc(C3CCCCC3)cc2)c1)C(=O)O,-0.602059991327962,training
CCO/N=C(\CC)C(Cc1ccc(OCCc2nc(-c3ccccc3)oc2C)cc1)C(=O)O,-1.41497334797082,training
O=C(O)CN(Cc1ccc(OCCc2nc(-c3ccccc3)oc2CO)cc1)C(=O)Oc1ccc(O)cc1,-4.25767857486918,training
CCCc1cc(C(F)(F)F)ncc1OCCCOc1ccc(OCC(=O)O)c(C)c1,-3.12385164096709,training
Cc1nc(-c2ccc(C(F)(F)F)cc2)sc1C(=O)N(C)Cc1ccc(OC(C)(C)C(=O)O)cc1,-2.38021124171161,training
Cc1ccc(C(=O)c2nc3c(n2C/C=C/c2cccc(OC(C)(C)C(=O)O)c2)CCCC3)cc1,-3.55630250076729,training
COc1cc(C)c2c(c1)CC[C@@](C)(CC/C=C(\C)CC/C=C(\C)C(=O)O)O2,-3.0,training
Cc1oc(-c2ccccc2)nc1CCOc1ccc(C[C@H](C(=O)O)n2cccc2)cc1,-3.11000015113311,training
Cc1oc(-c2ccccc2)nc1CCOc1ccc(C[C@@H]2CN(c3nc(C(F)(F)F)co3)C[C@@H]2C(=O)O)cc1,-3.16731733474818,training
CCCc1c(OCCCOc2ccc3c(ccn3CC(=O)O)c2)ccc2c(C(=O)C(F)(F)F)c[nH]c12,-3.34242268082221,training
CC(C)c1oc(-c2ccccc2Cl)nc1CCc1noc2cc(OC(C)(C)C(=O)O)ccc12,-4.5327543789925,training
Cc1ccc(-c2nsc(CSc3ccc(OC(C)(C)C(=O)O)c(C)c3)n2)cc1C,-2.06069784035361,training
CCOC(Cc1ccc(OCCN2CC=C(c3ccccc3)CC2)cc1)C(=O)O,-3.77670118398841,training
Cc1ccc(OC(=O)N(CC(=O)O)Cc2cccc(OCc3nc(-c4ccccc4)oc3C)c2)cc1,-1.68663626926229,training
COC(=O)N(CC(=O)O)Cc1cccc(OCc2coc(-c3cccc(C)c3)n2)c1,-2.65417654187796,training
C=CCO/N=C(\c1ccccc1)c1ccc2c(c1)C(C)(C)CCN2CCOc1ccc(C[C@H](OCC)C(=O)O)cc1,-1.86332286012046,training
C[C@]1(C(=O)O)CCc2ccc(OCCCOc3ccc(C4CCCC4)cc3Cl)cc2O1,-0.954242509439325,training
CC[C@@](C)(Cc1ccc(OCCCOc2ccc(OC(F)(F)F)cc2Cl)cc1)C(=O)O,-0.322219294733919,training
Cc1ccc(-c2nc(COc3ccc(CC(OC(C)C)C(=O)O)cc3)no2)cc1,-1.39794000867204,training
CCC(C(=O)O)C1CCc2cc(OCCc3nc(-c4ccccc4C)oc3C)ccc21,-2.80413943233535,training
Cc1cnc(-c2ccc(C(C)C)cc2)nc1N(C)CCCOc1ccc2c(c1)CC[C@H]2CC(=O)O,-2.99563519459755,training
Cc1oc(-c2ccccc2)nc1CCOc1ccc(CC(C)(Oc2ccc(C(C)(C)C)cc2)C(=O)O)cc1,-1.04139268515823,training
Cc1ccc(NC(=O)CN(Cc2ccccc2)Cc2ccc(OC(C)(C)C(=O)O)cc2)c(C)c1,-3.0,training
Cc1oc(-c2ccccc2)nc1CC#Cc1ccc(CC(C(=O)O)c2ccc(-c3ccccc3)cc2)cc1,-3.60205999132796,training
Cc1nc(-c2ccc(C(F)(F)F)cc2)sc1C(=O)NCc1ccc(NC(=O)C(F)(F)F)cc1,-2.65321251377534,training
O=C(O)C(Cc1ccccc1)Oc1ccc(Cl)c(Cl)c1,-3.65224634100332,training
COC(=O)c1cc2ccc(OCCc3nc(-c4cccc(OC)c4)oc3C)cc2oc1=O,-3.20951501454263,training
CCCc1cc2c(oc(=O)n2CC)c(CCC)c1O[C@H](C(=O)O)c1ccc(C(C)C)cc1,-2.46239799789896,training
Cc1cc(SCc2nsc(-c3ccc(C(F)(F)F)cc3)n2)ccc1OC(C)(C)C(=O)O,-2.62838893005031,training
CC(C)(Oc1ccc(CCOc2ccc(/N=N/c3ccc(C#N)cc3)cc2)cc1)C(=O)O,-3.41497334797082,training
Cc1ccc(F)c(OC(=O)N(CC(=O)O)[C@@H](C)c2cccc(OCc3coc(-c4ccc(Cl)cc4)n3)c2)c1,-2.6730209071289,training
CC(C)(Oc1ccc(OCCc2ccc(/N=N/c3ccc(Cl)cc3)cc2)cc1)C(=O)O,-2.70757017609794,training
Cc1oc(-c2ccccc2)nc1CCOc1ccc2c(c1)CCC2C(C)(C)C(=O)O,-3.77815125038364,training
CCCCOc1cc(N2C(=O)c3ccccc3C2=O)ccc1CCc1ccc(CC(CC)C(=O)O)cc1,-3.25527250510331,training
CCCOC(=O)N1C=C(Cc2cccc(OCCc3nc(-c4ccccc4)oc3C)c2)C(C(=O)O)CC1,-0.903089986991943,training
O=C(O)CCCCOc1ccc(C(=O)c2ccccc2)cc1,-4.43296929087441,training
Cc1oc(-c2ccc(-c3ccccc3)cc2)nc1CCOc1ccc(CCC(=O)O)c(CNC(=O)OC(C)C)c1,-2.92685670894969,training
CCOC(Cc1ccc(OCCn2c(=O)sc3cc(/C=C/c4cc(OC)cc(OC)c4)ccc32)cc1)C(N)=O,-3.0,training
CCCc1cc(C(F)(F)F)ccc1OCCCOc1ccc(OCC(=O)OC)cc1,-3.14643813528577,training
Cc1cc(Oc2cccc(CNC(=O)c3[nH]c4ccc(Cl)cc4c3C)c2)ccc1CCC(=O)O,-2.74663419893758,training
COc1ccc(-c2nc(C)c(CCOc3ccc4c(c3)CC[C@H]4CC(=O)O)n2C)cc1,-4.0,training
COc1cc(-c2nc3c(s2)CCCC3)ccc1OCCCOc1ccc2c(c1)CC[C@H]2CC(=O)O,-1.64345267648619,training
O=C(Nc1ccc(C(=O)NC2CC2)cc1)c1cccc(CN2C(=O)OC[C@H]2Cc2ccccc2)c1,-3.29622628726116,training
Cc1cc(CNC(=O)c2cc(-c3ccc(CC(C)C)cc3)nn2C)ccc1OC(C)(C)C(=O)O,-1.65321251377534,training
CCc1cc(OCCc2nc(-c3ccc(-c4nnn[nH]4)cc3)oc2C)ccc1CCC(=O)O,-3.41995574848976,training
CCc1cc(OCCc2nc(-c3ccc(C(N)=O)cc3)oc2C)ncc1CCC(=O)O,-3.05994188806195,training
CC(C)c1oc(-c2ccccc2O)nc1CCc1noc2cc(OC(C)(C)C(=O)O)ccc12,-4.01703333929878,training
CCC(C(=O)O)C1CCc2cc(OCCc3nc(-c4cccc(OC)c4)oc3C)ccc21,-2.40483371661994,training
COC(=O)N(CC(=O)O)Cc1cc(OCc2nc(-c3ccc(Cl)cc3)oc2C)ccc1F,-0.653212513775344,training
CCCc1cc(-c2nc(C(C)(C)C)cs2)ccc1OCCCOc1ccc2c(c1)CC[C@H]2CC(=O)O,-1.93951925261862,training
Cc1cc(Oc2cccc(CNC(=O)c3ccc(C(F)(F)F)cc3Br)c2)ccc1OC(C)(C)C(=O)O,-2.77085201164214,training
Cc1oc(-c2ccccc2)nc1CCOc1cccc(CN(CC(=O)O)Cc2ccc(Oc3ccccc3)cc2)c1,-1.47712125471966,training
CCCc1cc(C(=O)CC)cc(C)c1OC(C(=O)O)c1ccc(C(C)C)cc1,-2.20411998265592,training
CC(C)(CCCOc1ccc(C(=O)/C=C/c2ccccc2)cc1)C(=O)O,-4.78887511577542,training
CC(C)OC(Cc1ccc(OCCc2noc(-c3ccccc3)n2)cc1)C(=O)O,-3.30102999566398,training
CCC(Cc1ccc(OC)c(C(=O)Nc2ccc(C(F)(F)F)cc2)c1)C(=O)O,-3.77815125038364,training
CCCC(C(=O)O)C1CCc2cc(OCCc3nc(-c4ccccc4)oc3C)ccc21,-3.58994960132571,training
CCOC(Cc1ccc2c(ccn2Cc2nc(-c3cc(C)cc(C)c3)oc2C)c1)C(=O)O,-1.30102999566398,training
CCCc1ccccc1-c1ccc(OC(Cc2ccccc2)C(=O)O)cc1,-2.38021124171161,training
O=C(O)C(Sc1nc2cc(Cl)ccc2s1)c1ccccc1,-4.15533603746506,training
COc1ccc(OC(=O)N(CC(=O)O)Cc2cc(OCc3nc(-c4ccc(Cl)cc4)oc3C)ccc2F)cc1,-0.832508912706236,training
Cc1cccc(Nc2cc(Cl)nc(OCCC(=O)O)n2)c1C,-4.41497334797082,training
CCCc1cc(Oc2ccc(Cl)cc2)ccc1OCCCOc1ccc2c(c1)OC(CC)(C(=O)O)CC2,-2.32221929473392,training
CCCCOc1ccc(CC(CC)C(=O)O)cc1CNC(=O)c1ccc(C(F)(F)F)cc1,-2.7160033436348,training
CC(C)(Oc1ccc(CCN(CCCCCC2CCCCC2)C(=O)Nc2ccc(F)cc2)cc1)C(=O)O,-2.17609125905568,training
CCO[C@@H](Cc1cccc(C2=NOC(c3ccc(OC)cc3)C2)c1)C(=O)O,-4.05307844348342,training
O=C(Cc1ccc(SCc2ccccc2C(=O)O)cc1)OCc1ccc(C(F)(F)F)cc1,-2.20411998265592,training
COc1cc(-c2nc3c(s2)CCC3)ccc1OCCCOc1ccc2c(c1)CC[C@H]2CC(=O)O,-1.72427586960079,training
COC(=O)N(CC(=O)O)Cc1cccc(OCc2coc(-c3ccc(F)c(Cl)c3)n2)c1,-2.59659709562646,training
Cc1oc(-c2ccc(-c3ccccc3)cc2)nc1CCOc1ccc(OC(C)(C)C(=O)O)cc1,-2.17609125905568,training
CCCc1c(OCCCSc2ccc(CC(=O)O)cc2Cl)ccc2c(-c3ccccc3)noc12,-0.477121254719662,training
COC(=O)C(Cc1ccc(OCCOc2ccc3ccccc3c2)cc1)C(=O)OC,-1.84509804001426,training
O=C(O)CSc1nc(Cl)cc(Nc2cccc3c2CCCC3)n1,-3.07918124604762,training
O=C(O)C(Cc1ccccc1Cl)Oc1ccc(Cl)cc1,-3.3384564936046,training
CCCCCOc1cc2ccccc2cc1C(O)CCCCCCCC(=O)OC,-3.18497519069826,training
CCC(Sc1nc(Cl)cc(Nc2cccc(C)c2C)n1)C(=O)O,-3.88649072517248,training
CCCCCCC(Sc1nc2ccc(NCc3ccc(C(F)(F)F)cc3)cc2s1)C(=O)O,-3.49136169383427,training
O=C(O)C[C@@H]1CCc2cc(OCCc3nc(-c4ccccc4)oc3CCc3ccccc3)ccc21,-4.0,training
CCOC(=O)C(CC)Cc1ccc(C(=O)NCc2ccc(Oc3ccccc3)cc2)cc1,-3.60205999132796,training
CCCC(Sc1nc2ccc(OCC)cc2s1)C(=O)O,-4.17026171539496,training
CCOC(Cc1ccc(OCCn2c(=O)sc3cc(/C=C/c4cc(O)cc(O)c4)ccc32)cc1)C(=O)O,-4.0,training
COC(=O)C1Cc2ccc(OCCc3nc(-c4ccc(C)cc4)oc3C)cc2OC1=O,-2.95904139232109,training
Cc1cc(OCc2nc(-c3ccc(OC(F)(F)F)cc3)ns2)ccc1OC(C)(C)C(=O)O,-1.9731278535997,training
CCOC(Cc1ccc(OC)c(C(=O)NCc2ccc(C(F)(F)F)cc2)c1)C(=O)O,-3.20411998265592,training
CCCc1cc(C2CCCCCC2)ccc1OCCCOc1cccc(C2OC(=O)NC2=O)c1,-1.73239375982297,training
Cc1sc(-c2ccc(-c3ccccc3)cc2)nc1CCOc1ccc2c(c1)CC[C@H]2CC(=O)O,-4.0,training
Cc1cc(SCc2oc(-c3ccc(C(F)(F)F)cc3)nc2C)ccc1OCC(=O)O,-3.39794000867204,training
O=C(O)C[C@@H]1CCc2cc(OCCCOc3ccc(-c4cncnc4)cc3)ccc21,-3.86213137931304,training
CCCOC(=O)N(CC(=O)O)Cc1cc(OCc2nc(-c3ccc(Cl)cc3)oc2C)ccc1F,-0.531478917042255,training
CO[C@@H](Cc1ccc(OCCc2nc(-c3ccc(C(F)(F)F)cc3)oc2C)c2ccsc12)C(=O)O,-0.301029995663981,training
COC(=O)N(CC(=O)O)Cc1cccc(OCc2csc(-c3ccccc3)n2)c1,-2.48287358360875,training
Cc1oc(-c2ccccc2)nc1CN(C)Cc1ccc(C[C@@H](C(=O)O)n2cccc2)cc1,-4.07918124604763,training
Cc1cnc(-c2ccc(C(C)(C)C)cc2)nc1N(C)CCCOc1ccc2c(c1)CC[C@H]2CC(=O)O,-2.80685802951882,training
CCCc1oc(-c2ccccc2Cl)nc1CCc1noc2cc(OC(C)(C)C(=O)O)ccc12,-4.1430148002541,training
COc1ccc(C(=O)NCc2cccc(Oc3ccc(OC(C)(C)C(=O)O)c(C)c3)c2)c(C)c1,-3.17724783625562,training
CCCc1cc(Oc2ccc(Cl)cc2)ccc1OCCCOc1ccc(C2SC(=O)NC2=O)cc1,-3.47712125471966,training
CCCc1cc(C(=O)c2ccc(-c3ccccc3)cc2)ccc1OCCCn1ccc2c(OC(C)(C)C(=O)O)cccc21,-3.60959440922522,training
CCC(Oc1cccc(CN(CCCOc2ccc(S(=O)(=O)OC)cc2)c2nc3ccccc3o2)c1)C(=O)O,-2.07918124604762,training
Cc1cc(OCC[C@@H](C)Oc2ccc(C(F)(F)F)cc2Oc2ccccc2)ccc1CCC(=O)O,-2.68841982200271,training
CCc1cc(OCCc2nc(-c3ccc(F)cc3)oc2C)ccc1CCC(=O)O,-1.46239799789896,training
O=C(O)c1cccc(NCc2ccc(OCc3ccc(Br)cc3)cc2)c1,-2.98677173426624,training
Cc1cc(SCc2nc(-c3ccc(OC(F)(F)F)cc3)ns2)ccc1OC1(C(=O)O)CCCC1,-2.8668778143375,training
COc1ccc(CC(=O)OCc2ccc(CC(SCCc3ccc(F)cc3)C(=O)O)cc2)cc1,-2.43136376415899,training
CCCc1c(OCCOc2ccc(CCCC(=O)O)cc2)ccc2c(-c3ccccc3)noc12,-1.51851393987789,training
CCO[C@@H](Cc1cccc(/C(C)=N/OCc2ccc(C(F)(F)F)cc2)c1)C(=O)O,-3.46982201597816,training
O=C(O)C(Cc1cccc(F)c1)Oc1ccc(Cl)cc1F,-3.65321251377534,training
Cc1oc(-c2ccccc2)nc1CCCc1ccc(CC(C(=O)O)c2cccnc2)cc1,-4.07918124604763,training
CCC(Cc1ccc(OC)c(C(=O)NCc2cccc(Oc3ccccc3)c2)c1)C(=O)O,-2.60205999132796,training
Cc1nc(-c2ccc(F)cc2)sc1C(=O)N[C@H]1CCCN(c2cccc(C(=O)O)c2)C1,-1.32221929473392,training
O=C(O)Cc1ccc(COc2cccc(-c3c(Cc4ccccc4)cnc4c(C(F)(F)F)cccc34)c2)cc1,-3.11760269169008,training
Cc1ccc(-c2nc(CCCC[C@H]3CO[C@@](C)(C(=O)O)OC3)c(C)o2)c(C)c1,-1.47712125471966,training
COc1ccc(C(=O)O)cc1NC(=O)c1ccccc1NC(=O)c1ccc(C(C)(C)C)cc1,-3.46239799789896,training
O=C(O)C(Cc1ccccc1)Oc1ccc(C#Cc2ccccc2)cc1,-3.13353890837022,training
CO/N=C(\c1ccccc1)c1ccc2c(c1)C(C)(C)CCN2CCOc1ccc(C[C@H](OCC(F)(F)F)C(=O)O)cc1,-3.0,training
CCCCC(Sc1ccc(OCCCOc2ccc(C)cc2)cc1)C(=O)O,-1.92941892571429,training
CCO[C@@H](Cc1ccc(OCC=C(c2ccc(C)cc2)c2ccc(C)cc2)cc1)C(=O)O,-2.84255619753399,training
COCCn1nc(-c2ccc(C(C)(C)C)cc2)cc1C(=O)NCc1ccc(OC(C)(C)C(=O)O)c(C)c1,-1.81954393554187,training
CCCc1cc(C(=O)CC)cc(CCC)c1O[C@H](C(=O)O)c1ccc(C(F)(F)F)cc1,-2.39794000867204,training
CCO[C@@H](Cc1ccc(OCCN2CCC(C)(C)c3cc(/C(=N/OCC4CC4)c4ccccc4)ccc32)cc1)C(=O)O,-0.954242509439325,training
CN(CCOc1ccc(C[C@H](Nc2ccccc2C(=O)c2ccccc2)C(=O)O)cc1)c1ccccn1,-4.7427251313047,training
CCCc1cc(C(=O)c2ccc(-c3ccccc3)cc2)ccc1OCCCN1CCCc2c(OC(C)(C)C(=O)O)cccc21,-3.60097289568675,training
CC(C)OC(Cc1ccc(OCc2noc(-c3ccc(Cl)cc3)n2)cc1)C(=O)O,-1.11394335230684,training
CCCCCCOc1ccc(CC(CC)C(=O)O)cc1CNC(=O)c1ccc(C(F)(F)F)cc1,-3.07918124604762,training
CCC(Cc1ccc(OC)c(CNC(=O)c2ccc(F)c(C(F)(F)F)c2)c1)C(=O)O,-2.39794000867204,training
Cc1ccc(COc2cccc(OCCCOc3ccc4[nH]cc(CC(=O)O)c4c3)c2)cc1,-4.13987908640124,training
C/C=C\CC/C=C/C=C/C(=O)NCC(C)C,-3.60205999132796,training
CCCc1c(OCCCCOc2ccc(CCC(=O)O)cc2)ccc2c(-c3ccccc3)noc12,-2.63245729218472,training
O=C(O)C(Cc1ccccc1)Oc1ccc(COc2ccccc2)cc1,-2.77815125038364,training
O=C(O)C(Cc1ccc(Cl)cc1)Oc1ccc(Cl)cc1,-3.34830486304816,training
COc1ccc(-c2nc(C)c(C(=O)NCc3ccc(OC(C)(C)C(=O)O)cc3)s2)cc1,-1.0,training
Cc1cc(Cc2noc3c2CCOc2cc(Br)ccc2-3)cc(C)c1OC(C)(C)C(=O)O,-3.95298606519706,training
Cc1oc(-c2ccccc2)nc1CCOc1ccc(CC2SC(=O)NC2=O)cc1,-2.88705437805096,training
CCCc1cc(C2=NC3OCCCC3S2)ccc1OCCCOc1ccc2c(c1)CC[C@H]2CC(=O)O,-2.03542973818455,training
CCO[C@@H](Cc1ccc(OCCc2nc(-c3ccc(-c4ccccc4)cc3)oc2C)c2ccsc12)C(=O)O,-2.22271647114758,training
CCCCOc1ccc(-c2c(C)ncc(C(=O)O)c2C)cc1CNC(=O)c1ccc(C(F)(F)F)cc1F,-3.6232492903979,training
COc1cccc(S(=O)(=O)n2c(CCCC(=O)O)cc3cc(C(F)(F)F)ccc32)c1,-3.06595298031387,training
O=C(O)C(Cc1cccc(Oc2ccccc2)c1)Oc1ccc(Cl)cc1,-2.38021124171161,training
CCCCC(Cc1ccc(OC)c(CNC(=O)c2ccc(C(F)(F)F)cc2F)c1)C(=O)O,-2.14612803567824,training
CC(C)(Oc1ccc(CCOc2ccc(/N=N/c3ccc(C(F)(F)F)cc3)cc2)cc1)C(=O)O,-3.36172783601759,training
CCO[C@@H](Cc1ccc(OCCc2nc(-c3ccsc3)oc2C)cc1)C(=O)O,-0.278753600952829,training
CCCCCCC(Sc1nc2ccc(NCc3cc(Cl)cc(Cl)c3)cc2s1)C(=O)O,-3.57978359661681,training
O=C(O)CCCc1cc2cc(C(F)(F)F)ccc2n1S(=O)(=O)c1ccccc1,-3.07845681805329,training
CCCc1cc(-c2nc(CO)c(C(=O)O)s2)ccc1OCCCOc1ccc2c(c1)CC[C@H]2CC(=O)O,-3.81224469680037,training
Cc1oc(-c2ccccc2)nc1CCOc1cccc(C[C@@H]2CN(c3nccc(C(F)(F)F)n3)C[C@@H]2C(=O)O)c1,-1.14612803567824,training
CCCOC(=O)N1CCc2c(OCCc3nc(-c4ccc(-c5ccccc5)cc4)oc3C)ccc(CCC(=O)O)c2C1,-3.37894269861344,training
CC(C)(C)c1ccc(C(=O)Nc2ccccc2C(=O)Nc2ccc(Br)c(C(=O)O)c2)cc1,-3.61278385671974,training
CCOc1cc(F)c(CC(CC)C(=O)O)cc1CNC(=O)c1ccc(C23CC4CC(CC(C4)C2)C3)cc1,-0.851258348719075,training
COc1ccc(/C(C)=N/OCCCCO/N=C(/CCC(=O)O)c2ccccc2)cc1,-1.0,training
CCCc1cc2c(oc(=O)n2C(C)C)c(CCC)c1O[C@H](C(=O)O)c1ccc(C(C)C)cc1,-2.14612803567824,training
O=C(OCc1ccc(CC(SCCc2ccc(F)cc2)C(=O)O)cc1)c1nc(-c2ccccc2)oc1C(F)(F)F,-1.07918124604762,training
CCc1ccc(-c2nc(CCOc3ccc4c(c3)CC[C@H]4CC(=O)O)c(CC)o2)cc1,-3.40312052117582,training
Cc1ccc(-c2nc(CCCCCO/N=C(/CCC(=O)O)c3ccccc3)c(C)o2)cc1,-0.301029995663981,training
CC(C)(Sc1ccc(CCN(CCc2ccc(-c3ccccc3)cc2)C(=O)NC2CCCCC2)cc1)C(=O)O,-0.903089986991943,training
CCC(C(=O)O)C1CCc2cc(OCCc3nc(-c4ccc5c(c4)OCO5)oc3C)ccc21,-2.54900326202579,training
Cc1oc(-c2ccccc2)nc1CCOc1cccc(-c2nn(-c3ccccc3)nc2CC(=O)O)c1,-2.5910646070265,training
COc1ccc(C(=O)c2cccn2C/C=C/c2cccc(OCC(=O)O)c2)cc1,-3.56820172406699,training
Cc1ccc(OC(=O)N(CC(=O)O)Cc2cccc(OCc3sc(-c4ccc(Cl)cc4)nc3C)c2)cc1,-2.00432137378264,training
Cc1cc(CNC(=O)c2cc(-c3ccc(C(C)C)cc3)n(C)n2)ccc1OC(C)(C)C(=O)O,-0.602059991327962,training
CCCc1c(OCCCCOc2ccc3c(ccn3CC(=O)O)c2)ccc2c(C(F)(F)F)noc12,-3.01577875638904,training
O=C(O)Cc1ccc(-c2noc(C3CC3)c2C(=O)NCCOc2ccc(Cl)cc2Cl)c(Cl)c1,-3.22271647114758,training
Cc1oc(-c2ccccc2)nc1CCOc1ccc(C[C@@H](C(=O)O)N2CCN(c3ccccc3)CC2)cc1,-4.04649516433471,training
COC(=O)N(CC(=O)O)Cc1cccc(OCc2coc(-c3ccccc3)n2)c1,-3.08813608870055,training
CCOC(Cc1ccc(OCCCN2CC=C(c3ccc(Cl)c(Cl)c3)CC2)cc1)C(=O)O,-3.23044892137827,training
CCCCCCCN(CCc1ccc(OC(C)(C)C(=O)O)cc1)C(=O)Nc1ccc(F)cc1,-2.61278385671974,training
Cc1oc(-c2ccccc2)nc1CCOc1cccc(C2CN(C(=O)OCC(C)C)CCC2CC(=O)O)c1,-2.69019608002851,training
CCCCC(Sc1ccc(OCCCOc2cccc(C)c2)cc1)C(=O)O,-1.95424250943932,training
CCC(Oc1cccc(CN(CCCOc2ccc3c(c2)OCO3)c2nc3ccccc3o2)c1)C(=O)O,-0.845098040014257,training
Cc1ccc(-c2nc(CCOc3ccc(C[C@H]4CO[C@@](C)(C(=O)O)OC4)cc3)c(C)o2)s1,1.52287874528034,training
Cc1ccc(-c2nc(CCCC[C@H]3CO[C@@](C)(C(=O)O)OC3)c(C)s2)cc1,-2.47712125471966,training
CCC(Cc1ccc(OC)c(C(=O)NCc2ccc(OC)cc2)c1)C(=O)O,-3.07918124604762,training
Cc1oc(-c2ccc(Cl)cc2)nc1CCOc1ccc2c(c1)CC[C@H]2CC(=O)O,-3.07481644064517,training
COC(=O)N(CC(=O)O)Cc1cccc(OCc2coc(-c3ccc(Cl)cc3)n2)c1,-1.80617997398389,training
COC(=O)N(CC(=O)O)Cc1cccc(OCc2csc(-c3ccc(C(F)(F)F)cc3)n2)c1,-1.66838591669,training
CCOC(Cc1ccc2c(ccn2Cc2nc(-c3ccc(C(F)(F)F)cc3)oc2C)c1)C(=O)O,-2.23044892137827,training
O=C(O)C(Cc1ccccc1)Oc1ccc(/C(=N/O)c2ccccc2)cc1,-3.07918124604762,training
Cc1oc(-c2ccc(C(C)C)cc2)nc1CCOc1ccc2c(c1)CC[C@H]2CC(=O)O,-2.47712125471966,training
Cc1ccc(OC(C)(Cc2ccc(OCCc3nc(-c4cccc(-c5ccccc5)c4)oc3C)cc2)C(=O)O)cc1,-1.36172783601759,training
CCO[C@@H](Cc1cccc(/C(C)=N/OCc2ccc(OS(C)(=O)=O)cc2)c1)C(=O)O,-4.11727129565576,training
CCn1nc(-c2ccc(C(C)(C)C)cc2)cc1C(=O)NCc1ccc(OC(C)(C)C(=O)O)c(C)c1,-1.69897000433602,training
Cc1cccc(OC(=O)N(CC(=O)O)[C@@H](C)c2cccc(OCc3coc(-c4ccc(Cl)cc4)n3)c2)c1,-1.34242268082221,training
COc1ccc2sc(C(=O)NCc3ccc(OC(C)(C)C(=O)O)cc3)cc2c1,-3.77815125038364,training
COc1cc(-c2nc(C)cs2)ccc1OCCCOc1ccc2c(c1)CC[C@H]2CC(=O)O,-2.42813479402879,training
Cc1nc(-c2ccc(C(F)(F)F)cc2)sc1C(=O)NCc1ccc(NS(=O)(=O)C(C)C)cc1,-1.69897000433602,training
CC(Oc1cccc(CN(CCCOc2ccccc2)c2nc3ccccc3o2)c1)C(=O)O,-1.0,training
CCO[C@@H](Cc1cccc(C2=NOC(c3ccc(F)cc3)C2)c1)C(=O)O,-4.38738982633873,training
CN(CCCc1ccc(C[C@@H](C(=O)O)n2cccc2)cc1)c1ccccn1,-4.39794000867204,training
Cc1oc(-c2ccccc2)nc1CCOc1cccc(CC2C(=O)N(c3ccc(Cl)cc3)C2C(=O)O)c1,-2.36172783601759,training
CC(C)(Oc1ccc(OCc2nn(-c3ccc(C(F)(F)F)cc3)c(=O)n2-c2ccccc2F)cc1)C(=O)O,-0.763427993562937,training
Cc1ccc(NC(=O)c2ccc(Cl)cc2Cl)c(C(=O)O)c1,-3.97772360528885,training
CCC(Cc1ccc(OC)c(C(=O)NCc2ccc(Cl)cc2)c1)C(=O)O,-3.47712125471966,training
Cc1cc(CNc2cccc(C(=O)O)c2)ccc1OCc1ccc(F)c(F)c1,-1.25527250510331,training
CC(C)(Oc1cccc(CCN(CCOc2ccccc2)c2nc3ccccc3o2)c1)C(=O)O,-1.47712125471966,training
CCCc1cc(C(F)(F)F)ccc1OCCCOc1ccc2c(c1)CC[C@H]2CC(=O)O,-3.05690485133647,training
O=C(O)C(Cc1ccccc1F)Oc1ccc(Cl)cc1,-3.81954393554187,training
Cc1oc(-c2ccccc2)nc1CCOc1ccc(C[C@@H](C(=O)O)N2CCN(S(=O)(=O)c3ccccc3[N+](=O)[O-])CC2)cc1,-3.16136800223497,training
CCCCCc1ccccc1-c1ccc(OC(Cc2ccccc2)C(=O)O)cc1,-2.69897000433602,training
C=CCOc1ccc(-c2cc(C(=O)NCc3ccc(OC(C)(C)C(=O)O)c(C)c3)nn2C)cc1,-1.9731278535997,training
Cc1oc(-c2ccccc2)nc1CCOc1ccc2c(c1)CCC2C(C(=O)O)c1ccccc1,-3.86093662070009,training
CCC(Cc1cc(CNC(=O)c2ccc(C34CC5CC(CC(C5)C3)C4)cc2)c(OC)cc1F)C(=O)O,-1.11394335230684,training
CO[C@@H](Cc1ccc(OCCc2nc(-c3ccccc3)oc2C)c2sccc12)C(=O)O,-2.19589965240923,training
COc1ccc(N2C(=O)[C@@H](Cc3ccc(OCCc4nc(-c5ccccc5)oc4C)cc3)[C@H]2C(=O)O)cc1,-2.17609125905568,training
Cc1ccc(-c2nc(CCCCCCO/N=C(/CCC(=O)O)c3ccccc3)c(C)o2)cc1,0.0,training
COC(=O)N(CC(=O)O)[C@@H](C)c1cccc(OCc2nc(-c3ccc(Cl)cc3)oc2C)c1,-0.934498451243567,training
CCc1cc(C(F)(F)F)ccc1C(=O)NCc1cccc(Oc2ccc(OC(C)(C)C(=O)O)c(C)c2)c1,-2.91803033678488,training
CCCc1c(OCCCOc2cccc3c2ccn3CC(=O)O)ccc2c(-c3ccccc3)coc12,-2.22788670461367,training
CCCc1c(OCCCSc2ccc(CC(=O)O)cc2Cl)ccc(C(C)=O)c1O,-3.20411998265592,training
Cc1cc(CNC(=O)c2cc(-c3ccc(C(C)(C)C)cc3)n(Cc3ccccc3)n2)ccc1OC(C)(C)C(=O)O,-2.30102999566398,training
CCOC(Cc1ccc(Oc2ccc(OCc3ccccc3)cc2)cc1)C(=O)O,-3.73239375982297,training
CCc1cc(C(=O)O)c2c(C(CC)CC)nn(-c3ccc(F)cc3)c2n1,-3.1846914308176,training
CC[C@@H](Cc1ccc(OC)c(CNC(=O)c2ccc(C(F)(F)F)c(F)c2)c1)C(=O)O,-1.04139268515823,training
CCOC(Cc1ccc(OCCc2nc(-c3ccccc3)oc2C)nc1)C(=O)O,-1.57978359661681,training
COc1cc(OC(=O)N(CC(=O)O)[C@@H](C)c2cccc(OCc3coc(-c4ccc(Cl)cc4)n3)c2)ccc1F,-1.70757017609794,training
CCCC(Sc1ccc(OCC(=O)O)c(C)c1)c1sc(-c2ccc(C(F)(F)F)cc2)nc1C,-1.54406804435028,training
CCCc1c(OCCCCOc2ccc(OC(C)(C)C(=O)O)cc2)ccc2c(-c3ccccc3)noc12,-0.301029995663981,training
CCCO/N=C(\C)C(Cc1ccc(OCCc2nc(C(C)C)oc2C)cc1)C(=O)O,-1.0,training
CCO[C@@H](Cc1ccc(OC/C=C/c2cc(Br)cc(Br)c2)cc1)C(=O)O,-2.47712125471966,training
CCCc1cc(C(=O)CC)cc(CCC)c1OC(C)(C)C(=O)O,-1.0,training
CCCc1c(OCCCOc2ccc3c(ccn3CC(=O)O)c2)ccc2cc(C(=O)c3ccccc3)ccc12,-0.903089986991943,training
O=C(Cc1ccc(SCc2ccccc2C(=O)O)cc1)OCc1ccc(-n2cccn2)cc1,-4.20411998265593,training
O=C(O)[C@H](Cc1ccccc1)Oc1ccc(-c2ccc(Cl)cc2)cc1,-3.58999983814159,training
CCCc1c(OCCCOc2ccc(OCC(=O)OC)cc2)ccc(C(C)=O)c1O,-3.02857125269254,training
COc1ccc(NC(=O)c2ccccc2NC(=O)c2ccc(C(C)(C)C)cc2)cc1C(=O)O,-2.86923171973098,training
CCO[C@@H](Cc1ccc(OCC=C(c2ccc(Br)cc2)c2ccc(Br)cc2)cc1)C(=O)O,-2.4782778319196,training
CCC(Cc1ccc(OC)c(C(=O)NCCc2ccc(C(F)(F)F)cc2)c1)C(=O)O,-2.86923171973098,training
Cc1ccc(OC(=O)N(CC(=O)O)Cc2ccc(OCCc3nc(-c4ccc(Cl)cc4)oc3C)cc2)cc1,-2.46134843364798,training
CCC(Oc1cccc(CN(CCCOc2ccc(O)cc2)c2nc3ccccc3o2)c1)C(=O)O,-2.41497334797082,training
Cc1oc(-c2cccc(C#N)c2)nc1CCOc1ccc2c(c1)CC[C@H]2CC(=O)O,-4.00004342727686,training
CCOC(Cc1cccc2c1ccn2CCCc1nc(-c2ccccc2)oc1C)C(=O)O,-2.27875360095283,training
CCCCc1ccc(-c2nc(CCc3noc4cc(OC(C)(C)C(=O)O)ccc34)c(C(C)C)o2)cc1,-3.51851393987789,training
COC(=O)N(CC(=O)O)Cc1cc(OCc2nc(-c3ccc(OC(F)(F)F)cc3)oc2C)ccc1F,-0.633468455579586,training
CCCc1c(OCCCCOc2cccc(OC(C)(C)C(=O)O)c2)ccc2c(-c3ccccc3)noc12,-1.96378782734556,training
Cc1ccc(C(=O)c2nccn2C/C=C/c2cccc(OC(C)(C)C(=O)O)c2)cc1,-2.79239168949825,training
Cc1sc(-c2ccccc2F)nc1CCOc1ccc2c(c1)CC[C@H]2CC(=O)O,-4.0,training
COC(=O)C(Cc1ccc(OCCN2CCC(C)(C)c3cc(/C(=N\O)c4ccccc4)ccc32)cc1)C(=O)OC,-2.29003461136252,training
Cc1sc(-c2ccccc2)nc1CCOc1ccc(C[C@H](Nc2ccccc2C(=O)c2ccccc2)C(=O)O)cc1,-3.02000060219258,training
CCC(Cc1ccc(OC)c(C(=O)CCc2ccc(C(F)(F)F)cc2)c1)C(=O)O,-2.50514997831991,training
CC(C)(CCCOc1ccc(/N=N/c2ccccc2)cc1)C(=O)O,-4.64048143697042,training
CCOC(Cc1ccc(OCCN2CC=C(c3ncccn3)CC2)cc1)C(=O)O,-3.88479536394898,training
Cc1ccnc(N2C[C@@H](Cc3ccc(OCCc4nc(-c5ccccc5)oc4C)cc3)[C@@H](C(=O)O)C2)n1,-2.23044892137827,training
Cc1ccccc1-c1nc(CCCC[C@H]2CO[C@@](C)(C(=O)O)OC2)c(C)o1,-2.47712125471966,training
Cc1cc(SCc2nc(-c3ccc(C(C)(C)C)cc3)ns2)ccc1OC(C)(C)C(=O)O,-1.80617997398389,training
CC[C@@](C)(Cc1ccc(OCCCOc2ccc(C(F)(F)F)cc2Cl)cc1)C(=O)O,-0.462397997898956,training
COc1ccc(-c2nc(CCCC[C@H]3CO[C@@](C)(C(=O)O)OC3)c(C)o2)cc1,-1.47712125471966,training
Cc1oc(-c2ccc(Cl)cc2)nc1COc1cccc(CN(CC(=O)O)C(=O)OC2CCCC2)c1,-0.963787827345555,training
CCc1cc(C(=O)O)c2c(C(CC)CC)nn(-c3ccc(Cl)cc3)c2n1,-3.09342168516224,training
O=C(O)C[C@@H]1CCc2cc(OCCCOc3ccc(-c4ccc(C(F)(F)F)cn4)cc3)ccc21,-3.46239799789896,training
CCC(Cc1ccc(OC)c(C(=O)NCc2ccccc2OC)c1)C(=O)O,-3.9731278535997,training
Cc1cc(CN(C)c2cccc(C(=O)O)c2)ccc1OCc1ccc(F)cc1,-1.82607480270083,training
CCc1oc(-c2ccccc2)nc1CCc1noc2cc(OC(C)(C)C(=O)O)ccc12,-4.16731733474818,training
CCC(C(=O)O)C1CCc2cc(OCCc3nc(-c4ccc(F)c(C)c4)oc3C)ccc21,-1.8750612633917,training
Cc1oc(-c2ccccc2)nc1CCOc1ccc(CC2(C(=O)O)CC2)cn1,-3.78887511577542,training
Cc1cc(Oc2cccc(CNC(=O)c3ccc(C(F)(F)F)cc3F)c2)ccc1OC(C)(C)C(=O)O,-2.66838591669,training
CCc1csc(-c2ccc(OCCCOc3ccc4c(c3)CC[C@H]4CC(=O)O)c(OC)c2)n1,-2.40483371661994,training
CCCc1cc(C(=O)c2ccc(OC)cc2)ccc1OCCCn1ccc2cc(OC(C)(C)C(=O)O)ccc21,-1.69897000433602,training
C/C(=N\OCc1sc(-c2ccc(C(F)(F)F)cc2)nc1C)c1ccc(OCC(=O)O)c(C)c1,-0.903089986991943,training
O=C(Nn1cc([N+](=O)[O-])cn1)c1cccc(COc2ccc(Br)cc2)c1,-4.05690485133647,training
O=C(O)C(Cc1cccc(F)c1)Oc1ccc(Cl)cc1,-3.70757017609794,training
CCOC(Cc1ccc(OCCN2CC=C(c3ccc(OC)cc3)CC2)cc1)C(=O)O,-4.05307844348342,training
CCc1cc(OCCc2nc(-c3ccc(C(F)(F)F)cc3)oc2C)ccc1CCC(=O)O,-0.602059991327962,training
Cc1oc(-c2ccccc2)nc1CN(Cc1ccc(OC(C)(C)C(=O)O)cc1)Cc1ccco1,-1.11394335230684,training
Cc1cc(CN(Cc2ccco2)Cc2nc(-c3ccccc3)oc2C)cc(C)c1OC(C)(C)C(=O)O,-0.230448921378274,training
Cc1sc(N2CCN(C)CC2)nc1CCOc1ccc(C[C@@](O)(C(=O)O)c2ccccc2C(=O)c2ccccc2)cc1,-3.80998168420754,training
CCC(CC)(Cc1ccc(OCCCOc2ccc(Oc3ccc(F)cc3)cc2Cl)cc1)C(=O)O,-0.431363764158987,training
CCOc1ccc(-c2nc(CCOc3ccc4c(c3)CC[C@H]4CC(=O)O)c(C)s2)cc1,-4.0,training
COC(c1ccc(C)cc1)C1CC1c1cc(C)c(OC(C)(C)C(=O)O)c(C)c1,-2.80277372529198,training
O=C(O)c1cccc(NCc2ccc(OCc3ccc(C(F)(F)F)cc3)cc2)c1,-2.98227123303957,training
O=C(O)[C@H](Cc1ccccc1)Oc1ccc(-c2cccs2)cc1,-2.95424250943932,training
Cc1ccc(OC(=O)N(CC(=O)O)Cc2cccc(OCc3nc(-c4ccccc4Cl)oc3C)c2)cc1,-1.83250891270624,training
COc1ccc(/C(C)=N/OCCCCO/N=C(/CCC(=O)O)c2ccccc2)cc1OC,-2.0,training
CC(C)(Oc1cccc(CCCN(C(=O)COc2ccc(Cl)c(Cl)c2)c2cccc(-c3ncon3)c2C2CC2)c1)C(=O)O,-2.36172783601759,training
Cc1cccc(Nc2cc(Cl)nc(SCCC(=O)O)n2)c1C,-3.8750612633917,training
COC(=O)N(CC(=O)O)Cc1cc(F)cc(OCc2nc(-c3ccc(Cl)cc3)oc2C)c1,-1.25527250510331,training
CCC(Cc1ccc(OC)c(C(=O)NCc2ccc(C(F)(F)F)cc2F)c1)C(=O)O,-1.30102999566398,training
CCc1ccc(-c2ncc(CC)c(N(C)CCCOc3ccc4c(c3)CC[C@H]4CC(=O)O)n2)cc1,-2.07918124604762,training
CCC(Cc1ccc(OC)c(CNC(=O)c2cccc(Oc3ccccc3)c2)c1)C(=O)O,-1.61278385671974,training
Cc1oc(-c2ccccc2)nc1CCOc1ccc(C[C@H](OCC(F)(F)F)C(=O)O)c2sccc12,-2.74429298312268,training
CCCCC(Sc1ccc(OCCCOc2ccc(-c3ccccc3)cc2)cc1)C(=O)O,-2.04139268515822,training
Cc1cc(Oc2cccc(CNC(=O)c3cc4ccc(Cl)cc4[nH]3)c2)ccc1CCC(=O)O,-2.76937732607614,training
COc1cccc(-c2nc(CCOc3cccc(C[C@@H]4C(=O)N(c5ccc(C(C)(C)C)cc5)[C@@H]4C(=O)O)c3)c(C)o2)c1,-1.60205999132796,training
CCOC(Cc1ccc2c(ccn2Cc2nc(-c3ccc(C(C)(C)C)cc3)oc2C)c1)C(=O)O,-2.86332286012046,training
O=C(O)C(Cc1ccccc1)Oc1ccc(/C=C/c2ccccc2)cc1,-3.24303804868629,training
O=C(O)c1cccc(NC(=O)c2ccccc2NC(=O)c2ccc(C(F)(F)F)cc2)c1,-3.76342799356294,training
O=C(O)Cc1cccc(NC(=O)c2ccccc2NC(=O)c2ccc(-c3ccccc3)cc2)c1,-3.47712125471966,training
CCCc1cc(C(=O)c2ccccc2)ccc1OCCCn1ccc2cc(OC(C)(C)C(=O)O)ccc21,-1.60205999132796,training
CCOC(Cc1ccc(OCCN(C)c2nc3ccccc3o2)cc1)C(=O)O,-2.86923171973098,training
CC(C)(C)c1ccc(C(=O)Nc2ccccc2C(=O)Nc2cccc(C(=O)O)c2)cc1,-3.11394335230684,training
CCCc1c(OCCCSc2ccc(CC(=O)O)cc2Cl)ccc(C(=O)CC)c1O,-2.41497334797082,training
CCC(C(=O)O)C1CCc2cc(OCCc3nc(C4CCCC4)oc3C)ccc21,-2.30535136944662,training
CCO[C@@H](Cc1cccc(/C(C)=N/OCc2ccc(O)cc2)c1)C(=O)O,-4.76937732607614,training
COC(=O)C(OC(=O)/C(C)=C/CC/C(C)=C/CC[C@]1(C)CCc2cc(OC)cc(C)c2O1)C(=O)OC,-3.20844135643857,training
CCCCC(Cc1ccc(OCCCOc2cccc(C)c2C)cc1)C(=O)O,-3.17609125905568,training
CC(C)(Oc1ccc(CNc2cccc(C(=O)O)c2)cc1)c1ccc(F)cc1,-3.9304395947667,training
CCC(Oc1cccc(CN(CCCOc2ccccc2)c2nc3cc(C(F)(F)F)ccc3o2)c1)C(=O)O,-1.36172783601759,training
C=CCc1ccc(OC)c(OC)c1,-4.66745295288995,training
Cc1ccc(-c2nc(C)c(C(=O)N[C@H]3CCCN(c4cccc(C(=O)O)c4)C3)s2)cc1,-0.778151250383644,training
Cc1c(CCOc2ccc3c(c2)CC[C@H]3CC(=O)O)nc(-c2ccccc2)n1C,-4.0,training
CC(C)(Oc1ccc(OCc2cc(-c3ccc(C(F)(F)F)cc3)cc(-c3ccc(C(F)(F)F)cc3)c2)cc1)C(=O)O,-2.86332286012046,training
O=C(O)c1cccc(NCc2ccc(OCc3ccc(F)cc3)cc2)c1,-2.88649072517248,training
CCC(C(=O)O)C1CCc2cc(OCCc3nc(-c4ccc(-c5ccccc5)cc4)oc3C)ccc21,-3.51587384371168,training
COC(C)(Cc1ccc(OCCc2nc(-c3ccccc3)oc2C)cn1)C(=O)O,-2.94546858513182,training
COc1ccc(-c2nc(SCCCOc3ccc(OCC(=O)O)cc3Cl)sc2-c2ccc(OC)cc2)cc1,-2.92427928606188,training
O=C(O)C(Cc1ccc(Br)cc1)Oc1ccc(Cl)cc1,-3.04139268515822,training
CCCc1cc(C(=O)CC)cc(CCC)c1O[C@H](C(=O)O)c1ccc(CC)cc1,-1.88081359228079,training
CCOC(Cc1ccc2c(ccn2Cc2nc(-c3ccccc3C)oc2C)c1)C(=O)O,-2.91907809237607,training
CCCCOc1ccc(CC(CCC)C(=O)O)cc1CNC(=O)c1ccc(C(F)(F)F)cc1F,-2.91381385238372,training
O=C(O)C(Cc1ccccc1)Oc1cccc(F)c1,-4.32221929473392,training
CCC(Oc1cccc(CN(CCCOc2ccccc2)c2nc3cc(C)ccc3o2)c1)C(=O)O,-2.0,training
CC(Sc1nc2cc(Br)ccc2s1)C(=O)O,-3.96848294855394,training
CC(C)(Oc1cccc(CCCN(Cc2ccc(C(F)(F)F)cc2C(F)(F)F)C(=O)COc2ccc(Cl)c(Cl)c2)c1)C(=O)O,-2.85125834871908,training
CCCCC(Cc1ccc(OC)c(CNC(=O)c2ccc(C(F)(F)F)cc2)c1)C(=O)O,-2.36172783601759,training
CCCCCCC(Sc1nc2ccc(NCc3ccc(-c4ccccc4)cc3)cc2s1)C(=O)O,-2.60205999132796,training
COc1ccc2sc(C(=O)NCc3ccc(NS(=O)(=O)C(F)(F)F)cc3)cc2c1,-1.90308998699194,training
CC(C)(Oc1ccc(COc2nc3ccccc3s2)cc1)C(=O)O,-4.64933485871214,training
O=C(O)C(Cc1ccc(OCCn2c(=O)sc3cc(/C=C/c4cc(O)cc(O)c4)ccc32)cc1)OCC(F)(F)F,-4.0,training
C=CCc1ccc(OCCCCC(=O)O)c(OC)c1,-4.05307844348342,training
CCCc1cc(Oc2ccccc2)ccc1OCCCOc1ccc2c(c1)OC(CC)(C(=O)O)CC2,-1.47712125471966,training
Cc1c(CCOc2ccc3c(c2)CC[C@H]3CC(=O)O)nc(-c2ccc(-c3ccccc3)cc2)n1C,-4.0,training
Cc1nc(-c2ccc(C(F)(F)F)cc2)sc1C(=O)NCCc1ccc(OC(C)(C)C(=O)O)cc1,-2.04139268515822,training
COc1ccc(OC(=O)N(CC(=O)O)Cc2ccc(OCCc3nc(-c4ccccc4)oc3CO)cc2)cc1,-3.28780172993023,training
COC(=O)NC(C)c1nc(-c2ccc(Oc3ccc(OCc4ccccc4)cc3)cc2)no1,-2.0,training
Cc1cc(SCc2nc(-c3ccc(C(F)(F)F)cc3)ns2)ccc1OC(C)(C)C(=O)O,-1.89762709129044,training
CCCc1oc(-c2ccccc2)nc1CCOc1ccc2c(c1)CC[C@H]2CC(=O)O,-4.0,training
CCC(Cc1ccc(OC)c(C(=O)NCc2ccc(OC(F)(F)F)cc2)c1)C(=O)O,-1.63346845557959,training
Cc1oc(-c2ccc(Cl)cc2)nc1COc1cccc(CN(CC(=O)O)C(=O)OC2CCCCC2)c1,-0.8750612633917,training
Cc1oc(-c2ccccc2)nc1CCOc1ccc(C[C@H](OCC2CC2)C(=O)O)c2sccc12,-1.43136376415899,training
CC(C)(Oc1ccc(CCCN(CCc2c(F)cccc2Cl)C(=O)Nc2cccc(Cl)c2Cl)cc1)C(=O)O,-2.23044892137827,training
COC(=O)N(CC(=O)O)[C@@H](C)c1cccc(OCc2coc(-c3ccc(C)cc3)n2)c1,-1.93951925261862,training
Cc1ccc(S(=O)(=O)Nc2ccc(CNC(=O)c3sc(-c4ccc(C(F)(F)F)cc4)nc3C)cc2)cc1,-3.0,training
Cc1ccc(OC(=O)N(CC(=O)O)Cc2cccc(OCc3nc(-c4ccc(Cl)cc4)oc3C)c2)cc1,-0.924279286061882,training
Cc1oc(-c2ccccc2)nc1CCOc1ccc(OC(C)(Cc2ccccc2)C(=O)O)cc1,-2.73957234445009,training
CCOc1ccc(CC(CC)C(=O)O)cc1CNC(=O)c1ccc(C23CC4CC(CC(C4)C2)C3)cc1,-1.44715803134222,training
Cc1oc(-c2ccccc2)nc1CCCC[C@H]1CO[C@@](CC(C)C)(C(=O)O)OC1,-1.47712125471966,training
Cc1ccc(OC(=O)N(CC(=O)O)Cc2cccc(OCc3nc(-c4ccc(C(C)(C)C)cc4)oc3C)c2)cc1,-1.0,training
COc1ccc2sc(SC(C)(C)C(=O)O)nc2c1,-4.66086547800387,training
CC(C)(Oc1ccc(CO)cc1)C(=O)O,-4.53781909507327,training
CCOC(=O)N1C[C@@H](CCc2cccc(OCCc3nc(-c4ccccc4)oc3C)c2)[C@@H](C(=O)O)C1,-2.30102999566398,training
COc1ccc(OC(=O)N(CCCCCCc2nc(-c3ccc(C)cc3)oc2C)CC(=O)O)cc1,-1.53147891704226,training
CCOC(Cc1ccc(OCCN2CC=C(c3cc(Cl)cc(Cl)c3)CC2)cc1)C(=O)O,-3.47567118832443,training
CCOC(Cc1ccc(OCCN2CC=C(c3ccccn3)CC2)cc1)C(=O)O,-4.00860017176192,training
O=C(Cc1ccccn1)OCc1ccc(CC(SCCc2ccc(F)cc2)C(=O)O)cc1,-3.17609125905568,training
COc1ccc(-c2cccc(C(=O)O)c2)cc1CNC(=O)c1ccc(Oc2ccccc2)cc1,-2.84509804001426,training
CCCC(Cc1ccc(OC)c(CNC(=O)c2ccc(C(F)(F)F)cc2F)c1)C(=O)O,-1.46239799789896,training
CCCc1c(OCCCOc2ccc3ccn(CC(=O)O)c3c2)ccc2cc(C(=O)c3ccccc3)ccc12,-3.39357520326959,training
Cc1ccccc1-c1nc(COc2ccc(CC(OC(C)C)C(=O)O)cc2)no1,-1.60205999132796,training
CCCc1cc2c(=O)n(C(C)C)oc2c(CCC)c1O[C@H](C(=O)O)c1ccc(C(C)C)cc1,-2.43136376415899,training
CC(C)OC(Cc1ccc(OCc2noc(-c3ccc(C(F)(F)F)cc3)n2)cc1)C(=O)O,-1.50514997831991,training
CCO/N=C(\C)C(Cc1ccc(OCCc2nc(-c3ccccc3)oc2C)cc1)C(=O)O,-1.07918124604762,training
Cc1sc(-c2ccccc2)nc1CCOc1ccc(C[C@@](O)(C(=O)O)c2ccccc2C(=O)c2ccccc2)cc1,-3.01997364277254,training
Cc1oc(-c2ccccc2)nc1CCOc1ccc(C[C@H]2CO[C@@](C)(C(=O)O)OC2)cc1,0.565431095965801,valid
CCCc1c(OCCCOc2ccc3ccn(CC(=O)O)c3c2)ccc2c(C(F)(F)F)noc12,-3.25983269906348,valid
Cc1ccccc1-c1ccc(O[C@@H](Cc2ccccc2)C(=O)O)cc1C,-1.49136169383427,valid
COc1ccc(C)cc1NC(=O)N(CCc1ccc(SC(C)(C)C(=O)O)cc1)CCc1ccc(-c2ccccc2)cc1,-2.0,valid
O=C(O)Cc1cccc(NC(=O)c2ccccc2NC(=O)c2ccc(SC(F)(F)F)cc2)c1,-3.11394335230684,valid
Cc1ccc(-c2nc(CCOc3ccc(C[C@H](Nc4ccccc4C(=O)c4ccccc4)C(=O)O)cc3)c(C)o2)s1,-2.76000004729273,valid
Cc1nc(-c2cccc(C(F)(F)F)c2)sc1C(=O)NCc1ccc(OC(C)(C)C(=O)O)cc1,-0.602059991327962,valid
CCCCCCC(Sc1nc(Cl)cc(NCCCC(=O)NCc2ccccc2C(F)(F)F)n1)C(=O)O,-3.39794000867204,valid
CCO[C@@H](Cc1ccc(O/C=C\Oc2ccc(C[C@@H](OCC)C(=O)O)cc2)cc1)C(=O)O,-4.17609125905568,valid
O=C(O)C[C@@H]1CCc2cc(OCCCOc3ccc(-c4ccoc4)cc3)ccc21,-3.51454775266029,valid
COC(c1ccc(C(F)(F)F)cc1)C1CC1c1cc(C)c(OC(C)(C)C(=O)O)c(C)c1,-1.80617997398389,valid
O=C(O)Cn1ccc2cc(OCCCOc3ccc4cc(C(=O)c5ccccc5)ccc4c3)ccc21,-2.43136376415899,valid
CC[C@@H](Cc1ccc(OC)c(CNC(=O)c2ccc(Oc3ccc(Cl)cc3)cc2)c1)C(=O)O,-1.17609125905568,valid
O=C1NC(=O)C(Cc2ccc(OCc3cccc(Br)c3)cc2)S1,-4.40157284567645,valid
CCO[C@@H](Cc1cccc(/C(C)=N/OCc2ccc(Cl)cc2)c1)C(=O)O,-3.85853719756964,valid
CC(C)c1onc(-c2ccc(CC(=O)O)cc2Cl)c1C(=O)NCCOc1ccc(Cl)cc1Cl,-3.85186960072977,valid
CC(C)(CCCOc1ccc(/C=C/c2ccc(C(F)(F)F)cc2)cc1)C(=O)O,-2.88081359228079,valid
Cc1sc(-c2ccccc2)nc1CCOc1ccc2c(c1)CC[C@H]2CC(=O)O,-4.0,valid
O=C(O)CCc1ccc(CCc2ccc(N3C(=O)c4ccccc4C3=O)cc2)cc1,-4.04139268515823,valid
COc1cc(OC(C)(C)C(=O)O)ccc1CN(Cc1ccco1)Cc1nc(-c2ccccc2)oc1C,-1.50514997831991,valid
CCn1nc(C(=O)NCc2ccc(OC(C)(C)C(=O)O)c(C)c2)cc1-c1ccc(C(C)(C)C)cc1,-1.0,valid
CCC(C)c1nn(-c2ccc(Cl)cc2)c2nc(C)cc(C(=O)O)c12,-2.83250891270624,valid
C/C(=N\OCC1CC1)C(Cc1ccc(OCCc2nc(-c3ccccc3)oc2C)cc1)C(=O)O,-0.491361693834273,valid
CC(C)(CCCOc1ccc(Oc2ccccc2)cc1)C(=O)O,-3.95904139232109,valid
COc1ccc(CC(C)C(=O)O)cc1CNC(=O)c1ccc(C(F)(F)F)cc1,-1.27875360095283,valid
C/C(=N\O)c1ccc(OC(Cc2ccccc2)C(=O)O)cc1,-3.7160033436348,valid
Cc1cc(Oc2cccc(CNC(=O)c3ccccc3C)c2)ccc1OC(C)(C)C(=O)O,-3.43568513794163,valid
CC(C)=CCC/C(C)=C/Cc1c(O)cc(/C=C/c2ccsc2)cc1O,-4.14612803567824,valid
CCOC(Cc1ccc2c(ccn2Cc2nc(-c3ccccc3)oc2C)c1)C(=O)O,-2.92427928606188,valid
CCCc1cc(Oc2ccc(F)cc2)ccc1OCCCOc1cccc(C2SC(=O)NC2=O)c1,-1.81954393554187,valid
Cc1oc(-c2ccccc2)nc1CCCCCCOC(C)(C)C(=O)O,-2.47712125471966,valid
CC[C@@](C)(Cc1ccc(OCCCOc2ccc3c(C(F)(F)F)cc(=O)oc3c2C)cc1)C(=O)O,-1.0,valid
COc1cc(-c2nc(C)c(C)s2)ccc1OCCCOc1ccc2c(c1)CC[C@H]2CC(=O)O,-1.91907809237607,valid
O=C(O)C[C@@H]1CCc2cc(OCCCOc3ccc(-c4cccnc4)cc3)ccc21,-3.22788670461367,valid
CCO[C@@H](Cc1ccc(OCCn2c3ccccc3c3cc(Br)ccc32)cc1)C(=O)O,-3.38010536952795,valid
O=C(O)c1cccc(NCc2ccc(OCc3cccc(F)c3)cc2)c1,-3.07188200730613,valid
CCOC(Cc1ccc(OCCN2CC=C(c3cc(Cl)ccc3Cl)CC2)cc1)C(=O)O,-3.04921802267018,valid
COC(=O)N(CC(=O)O)Cc1cccc(OCc2coc(-c3ccc(C)cc3)n2)c1,-1.47567118832443,valid
CC(C)(Oc1ccc(CN(CC(=O)NCc2ccccc2Cl)Cc2ccco2)cc1)C(=O)O,-3.84509804001426,valid
CCCCC(Sc1ccc(OCCCOc2ccc3ncccc3c2)cc1)C(=O)O,-2.34242268082221,valid
Cc1ccc(OC(=O)N(CC(=O)O)Cc2cccc(OCc3nc(-c4ccc(C)cc4)oc3C)c2)cc1,-0.959041392321094,valid
CCc1ccc(-c2nccc(N(C)CCCOc3ccc4c(c3)CC[C@H]4CC(=O)O)n2)cc1,-2.75204844781944,valid
Cc1oc(-c2ccccc2)nc1CCOc1cccc(Cc2nn(-c3ccccc3)nc2C(=O)O)c1,-3.27875360095283,valid
CCO[C@@H](Cc1ccc(CCC(OC(=S)NCC2CCCCC2)c2ccccc2)cc1)C(=O)O,-4.02938377768521,valid
CC(C)(Sc1ccc(CCN(CCCCC2CCCCC2)C(=O)Nc2cc(Cl)cc(Cl)c2)cc1)C(=O)O,0.0,valid
CC(Oc1ccc(SCc2nc(-c3ccc(C(F)(F)F)cc3)ns2)cc1)C(=O)O,-2.19033169817029,valid
CCc1ccc(C(=O)Nc2ccccc2C(=O)NCCCC(=O)O)cc1,-4.19589965240923,valid
Cc1ccc(OC(=O)N(CC(=O)O)Cc2cc(OCc3nc(-c4ccc(Cl)cc4)oc3C)ccc2F)cc1,-0.7481880270062,valid
Cc1oc(-c2ccccc2)nc1CCOc1ccc(C[C@]2(C(=O)O)C=CC=CO2)cc1,-3.11197622701921,valid
Cc1sc(-c2ccc3c(c2)OCO3)nc1CCOc1ccc2c(c1)CC[C@H]2CC(=O)O,-3.08278537031645,valid
CCO[C@@H](Cc1ccc(OC/C=C/c2cc(-c3ccc(C(C)(C)C)cc3)cc(-c3ccc(C(C)(C)C)cc3)c2)cc1)C(=O)O,-4.14612803567824,valid
CCc1ccc(O[C@H](C)CCOc2ccc(CCC(=O)O)c(C)c2)c(-c2cccs2)c1,-3.42975228000241,valid
CCOC(Cc1ccc2c(ccn2Cc2nc(-c3cccc(Cl)c3)oc2C)c1)C(=O)O,-2.11394335230684,valid
CCC(C(=O)O)C1CCc2cc(OCCc3nc(Cc4ccc(F)cc4)oc3C)ccc21,-2.3096301674259,valid
CCOC(Cc1ccc(OCCn2c(=O)sc3cc(/C=C/c4cc(OC)cc(OC)c4)ccc32)cc1)C(=O)NC,-4.0,valid
CC(C)(Oc1ccc(COc2ccc(/C=C/c3ccccc3)cc2)cc1)C(=O)O,-4.60745502321467,valid
Cc1oc(-c2ccccc2)nc1CCOc1ccc(CC(C(=O)O)C(C)(C)C)cn1,-3.9731278535997,valid
O=C(O)CCCc1cc2cc(C(F)(F)F)ccc2n1S(=O)(=O)c1ccc(OC(F)(F)F)cc1,-3.29292029960001,valid
CC=C/C=C\CC/C=C/C=C/C(=O)NCC(C)C,-4.66370092538965,valid
CCC(C(=O)O)C1CCc2cc(OCCc3noc(-c4ccccc4)n3)ccc21,-3.01703333929878,valid
CCOC(Cc1ccc(OCCN2CC=C(c3cccc(OC)c3)CC2)cc1)C(=O)O,-4.2380461031288,valid
CCOc1ccc(-c2ncc(C)c(N(C)CCCOc3ccc4c(c3)CC[C@H]4CC(=O)O)n2)cc1,-3.48995847942483,valid
O=C(O)CCCc1cc2cc(C(F)(F)F)ccc2n1S(=O)(=O)c1cccc(Cl)c1,-3.38399478944173,valid
COC(=O)N(CC(=O)O)Cc1cc(OCc2nc(-c3ccccc3)oc2C)ccc1F,-1.77085201164214,valid
COc1cccc(-c2nc(CCOc3ccc4c(c3)CC[C@H]4CC(=O)O)c(C)s2)c1,-3.84260923961056,valid
CCC(Oc1cccc(CN(CCCOc2ccc(C)cc2C)c2nc3ccccc3o2)c1)C(=O)O,0.0,valid
CCO[C@@H](Cc1ccc(OCc2nc(-c3ccc(-c4ccccc4)s3)oc2C)cc1)C(=O)O,-1.30102999566398,valid
CC[C@]1(C(=O)O)OC[C@@H](CCCCc2nc(-c3ccccc3)oc2C)CO1,-1.47712125471966,valid
O=C(O)c1cccc(NCc2ccc(OCc3ccc(I)cc3)cc2)c1,-3.16136800223497,valid
CC(C)OC(Cc1ccc(OCc2noc(-c3ccc(OC(F)(F)F)cc3)n2)cc1)C(=O)O,-1.30102999566398,valid
CCO[C@@H](Cc1cccc(C2=NOC(c3ccc(I)cc3)C2)c1)C(=O)O,-3.44090908206522,valid
CCc1csc(-c2ccc(OCCCOc3ccc4c(c3)CC[C@H]4CC(=O)O)nc2)n1,-2.62428209583567,valid
CCO[C@@H](Cc1ccc(OCCc2nc(-c3ccccc3)oc2C)c2ccccc12)C(=O)O,-1.04139268515823,valid
CCCCCOC(=O)c1ccc(NC(=O)c2cccc(NC(=O)c3ccccc3C(=O)O)c2)cc1,-0.041392685158225,valid
Cc1nc(-c2ccc(C(F)(F)F)cc2)sc1COc1ccc(CC(=O)O)cc1,-3.83884909073726,valid
CC(C)(Oc1ccc(OCCc2ccc(/N=N/c3ccccc3)cc2)cc1)C(=O)O,-2.39794000867204,valid
Cc1cc(Oc2cccc(CNC(=O)c3cc4c(Cl)cccc4[nH]3)c2)ccc1CCC(=O)O,-3.47668674294564,valid
CO[C@@H](Cc1ccc(OCCCOc2ccc(C(=O)c3ccccc3)cc2)c(Cl)c1)C(=O)O,-3.4334497937616,valid
O=C(O)[C@H](Cc1ccccc1)Oc1ccc(C(F)(F)F)cc1,-2.69897000433602,valid
Cc1oc(-c2ccccc2)nc1CCOc1cccc(-c2nn(-c3ccccc3)nc2C(=O)O)c1,-3.60422605308447,valid
CCC(C(=O)O)C1CCc2cc(OCCc3nc(COc4ccccc4)oc3C)ccc21,-1.78532983501077,valid
Cc1ccc(OC(=O)N(CC(=O)O)Cc2cccc(OCc3nc(-c4ccc(Cl)cc4)sc3C)c2)cc1,-1.95424250943932,valid
C[C@]1(C(=O)O)CCc2ccc(OCCCOc3ccc(C4CCCCC4)cc3Cl)cc2O1,-0.301029995663981,valid
Cc1ccc(Cn2nc(CCCc3ccc(OC(C)(C)C(=O)O)cc3)n(CC(=O)O)c2=O)cc1,-3.43136376415899,valid
CO[C@@H](Cc1ccc(OCCCOc2ccc(Oc3ccccc3)cc2)cc1)C(=O)O,-3.44839710345777,valid
COc1ccc(OC(=O)N(CCCCCc2coc(-c3ccc(C)cc3)n2)CC(=O)O)cc1,-1.64345267648619,valid
CCCCOc1ccc(-c2cc(C(=O)O)ccc2C)cc1CNC(=O)c1ccc(C(F)(F)F)cc1F,-2.75587485567249,valid
CCC(Cc1ccc(OC)c(CNC(=O)c2ccc(Oc3ccccc3)cc2)c1)C(=O)O,-0.944482672150169,valid
Cc1ccc(-c2nc(CCOc3ccc4c(c3)CC[C@H]4CC(=O)O)c(C)s2)cc1,-2.77378644498119,valid
O=C(O)C[C@@H]1CCc2cc(OCCCOc3ccc(C(F)(F)F)cc3)ccc21,-3.20682587603185,valid
CCC(Cc1ccc(OC)c(CNC(=O)c2cccc(-c3ccccc3)c2)c1)C(=O)O,-1.86923171973098,valid
CCOC(Cc1ccc(OCCCN2CC=C(c3ccc(C(F)(F)F)cc3)CC2)cc1)C(=O)O,-3.99078269180314,valid
Cc1oc(-c2ccccc2)nc1CCOc1ccc(C[C@@H](C(=O)O)N2CCOCC2)cc1,-3.83942493575664,valid
CC(C)(Oc1ccc(OCCN2CC=C(c3ccc(Cl)cc3)CC2)cc1)C(=O)O,-2.93851972517649,valid
CCC(Cc1ccc(OC)c(CNC(=O)c2ccccc2-c2ccccc2)c1)C(=O)O,-3.55630250076729,valid
O=C(NCc1ccc(NS(=O)(=O)C(F)(F)F)cc1)c1ccc(-c2ccc(Cl)cc2)cc1,-0.698970004336019,valid
CC(C)(Oc1cccc(CCCN(Cc2ccc(C(F)(F)F)cc2C(F)(F)F)C(=O)Cc2ccc(C(F)(F)F)cc2)c1)C(=O)O,-2.79239168949825,valid
Cc1ccc(-c2nc(CCOc3ccc(C[C@H]4CO[C@@](C)(C(=O)O)OC4)cc3)c(C)o2)cc1,1.05060999335509,valid
CCCc1c(OCCCOc2ccc3c(ccn3CC(=O)O)c2)ccc2c(C#N)c[nH]c12,-3.71692107316676,valid
CCCCCCC(Sc1nc2ccc(NCc3ccc4ccccc4c3)cc2s1)C(=O)O,-3.60205999132796,valid
COc1cc(C#N)ccc1OCCCOc1ccc2c(c1)CC[C@H]2CC(=O)O,-3.8750612633917,valid
Cc1nc(-c2ccc(C(F)(F)F)cc2)sc1C(=O)NCc1ccc(NS(=O)(=O)C(F)(F)F)cc1,0.522878745280338,valid
COc1ccc(CCOC(=O)Cc2cccc(SCc3ccccc3C(=O)O)c2)cc1OC,-4.25527250510331,valid
O=C(O)C(Cc1ccccc1)Oc1ccc(/C=N/OCCCc2ccccc2)cc1,-3.14612803567824,valid
CC[C@@](C)(Cc1ccc(OCCCOc2ccc(C3CCC(C)(C)CC3)cc2Cl)cc1)C(=O)O,-1.43933269383026,valid
CS(=O)(=O)Oc1ccc(CCSC(=O)c2ccc(CC(SCCc3ccc(F)cc3)C(=O)O)cc2)cc1,-3.53147891704225,valid
Cc1cc(CNc2cccc(C(=O)O)c2)ccc1OCc1ccc(Cl)cc1,-1.46239799789896,valid
Cc1ccc(-c2nsc(COc3ccc(OC(C)(C)C(=O)O)c(C)c3)n2)cc1C,-2.80821097292422,valid
CC(C)c1nc(-c2ccc(C(F)(F)F)cc2)sc1CCc1noc2cc(OC(C)(C)C(=O)O)ccc12,-2.91907809237607,valid
COCCn1nc(C(=O)NCc2ccc(OC(C)(C)C(=O)O)c(C)c2)cc1-c1ccc(C(C)(C)C)cc1,-1.6232492903979,valid
CCOc1nc(-c2ccc(OCCCOc3ccc4c(c3)CC[C@H]4CC(=O)O)c(OC)c2)sc1C,-2.17609125905568,valid
Cc1oc(-c2ccccc2)nc1CCCCC[C@H]1CO[C@@](C)(C(=O)O)OC1,-2.0,valid
CCO[C@@H](Cc1cccc(/C(C)=N/OCc2ccccc2)c1)C(=O)O,-3.46389298898591,valid
CCCc1ccc(CC(Oc2ccc(Cl)cc2)C(=O)O)cc1,-2.54406804435028,valid
CCCCC(Sc1ccc(OCCCOc2cccc(C(C)C)c2)cc1)C(=O)O,-2.17609125905568,valid
CC(C)(Oc1ccc(CCOc2nc3ccccc3s2)cc1)C(=O)O,-4.26245108973043,valid
COc1csc(-c2ccc(OCCCOc3ccc4c(c3)CC[C@H]4CC(=O)O)c(OC)c2)n1,-2.87794695162919,valid
CCO[C@@H](Cc1ccc(OC(=O)Cc2ccc(NC(=O)OC(C)(C)C)cc2)cc1)C(=O)O,-4.25527250510331,valid
CCCc1cc(-c2nc(CC)cs2)ccc1OCCCOc1ccc2c(c1)CC[C@H]2CC(=O)O,-2.16731733474818,valid
CCCn1c(CCCc2ccc(OC(C)(C)C(=O)O)cc2)nn(Cc2cccc(OC)c2)c1=O,-1.49136169383427,valid
CC[C@@](C)(Cc1ccc(OCCCOc2cc3oc(=O)cc(C(F)(F)F)c3cc2Cl)cc1)C(=O)O,-1.64345267648619,valid
Cc1nc(-c2ccc(Cl)cc2)sc1COC1CCCN(c2cccc(C(=O)O)c2)C1,-2.39794000867204,valid
Cc1oc(-c2ccc(Cl)cc2)nc1COc1cccc(CN(CC(=O)O)C(=O)OCC2CC2)c1,-0.799340549453582,valid
Cc1cc(CNC(=O)c2cc(-c3ccc(C(C)(C)C)cc3)n(C)n2)ccc1OC(C)(C)C(=O)O,-1.0,valid
COc1ccc(COc2ccc(CNc3cccc(C(=O)O)c3)c(OCc3ccc(OC)cc3)c2)cc1,-3.70757017609794,valid
O=C(CCCCc1ccc(O[C@@H]2O[C@H](CO)[C@@H](O)[C@H](O)[C@H]2O)c(O)c1)CCc1ccc(O[C@@H]2O[C@H](CO)[C@@H](O)[C@H](O)[C@H]2O)c(O)c1,-4.6730209071289,valid
CS(=O)(=O)Oc1ccc(CC(=O)OCCc2ccc(CC(SCCc3ccc(F)cc3)C(=O)O)cc2)cc1,-2.30102999566398,valid
CCCCCCC[C@H]1C(=O)C=C(I)[C@@H]1OCCCCCC(=O)O,-3.0,valid
CC(C)OC(Cc1ccc(OCCc2noc(-c3cccc(F)c3)n2)cc1)C(=O)O,-2.69897000433602,valid
COC(=O)c1cc2ccc(OCCc3nc(-c4ccc(C)cc4)oc3C)cc2oc1=O,0.0,valid
Cc1cc(OCc2nc(-c3cnc(OC(C)C)nc3)c(-c3ccc(OC(F)(F)F)cc3)o2)ccc1OCC(=O)O,-2.20411998265592,valid
CC(C)(Sc1nc2cc(Br)ccc2s1)C(=O)O,-3.39794000867204,valid
O=C(O)C[C@@H]1CCc2cc(OCCCOc3ccc(-c4nc5c(s4)CCC5)cc3)ccc21,-2.04921802267018,valid
CCC(C(=O)Nc1ccc2c(c1)c(C)c(C)n2Cc1ccc(-c2ccccc2C(=O)O)cc1)c1ccccc1,-3.78816837114117,valid
Cc1oc(-c2ccccc2)nc1CC#Cc1ccc(CC(C(=O)O)c2cccnc2)cc1,-4.20411998265593,valid
CCCCCCOc1ccc(CC(CC)C(=O)O)cc1CNC(=O)c1ccc(C23CC4CC(CC(C4)C2)C3)cc1,-3.14612803567824,valid
COC(=O)C1Cc2ccc(OCCc3nc(-c4cccc(F)c4)oc3C)cc2OC1=O,-2.85733249643127,valid
Cc1oc(-c2ccccc2)nc1CCOc1cccc(CC2=CN(c3nccc(C(F)(F)F)n3)CCC2C(=O)O)c1,-1.14612803567824,valid
Cc1oc(-c2ccccc2)nc1CCOc1cccc(C2CN(C(=O)Oc3ccccc3)CCC2CC(=O)O)c1,-3.11058971029925,valid
Cc1cc2cc(C(C#Cc3ccc(C)s3)/C=C\COc3ccc(OCC(=O)O)c(C)c3)ccc2o1,-3.76342799356294,valid
CCCc1cc(C(=O)C(C)(C)C)cc(CCC)c1OC(C(=O)O)c1ccccc1,-2.20411998265592,valid
CCCc1c(OCCCSc2ccc(CC(=O)O)cc2Cl)ccc2c(-c3ccccc3)coc12,-1.04336227802113,valid
Cc1ccc(Oc2ccc(OC(C)(C)C(=O)O)c(C)c2)cc1CNC(=O)c1ccc(C(F)(F)F)cc1F,-2.94299959336604,valid
CCCCC(Sc1nc(Cl)cc(Nc2cccc(C)c2C)n1)C(=O)O,-3.07918124604762,valid
CC(C)OC(Cc1ccc(OCCc2noc(-c3ccc(Cl)cc3)n2)cc1)C(=O)O,-2.60205999132796,valid
Cc1nc(-c2ccc(C(F)(F)F)cc2)sc1C(=O)Nc1ccc(OC(C)(C)C(=O)O)cc1,-3.97772360528885,valid
CC(C)OC(Cc1ccc(OCCc2noc(-c3ccc(F)cc3)n2)cc1)C(=O)O,-2.89762709129044,valid
CC1(C)C=C(C(F)(F)F)c2cc(Cl)c(OCCCOc3ccc(CC(C)(C)C(=O)O)cc3)cc2O1,-0.863322860120456,valid
CCC(Oc1cccc(CCN(CCCOc2ccccc2)c2nc3ccccc3o2)c1)C(=O)O,-1.69897000433602,valid
Cc1cccc(Nc2ccnc(SCC(=O)O)n2)c1C,-4.14612803567824,valid
Cc1oc(-c2ccc(-c3ccccc3)cc2)nc1CCOc1ccc(CCC(=O)O)c(CNC(=O)Oc2cnccn2)c1,-2.29666519026153,valid
CC[C@]1(C(=O)O)CCc2ccc(OCCCOc3ccc(CC(C)C)cc3Cl)cc2O1,-0.845098040014257,valid
Cc1cc(Oc2cccc(CNC(=O)c3ccc(C(F)(F)F)cc3Cl)c2)ccc1OC(C)(C)C(=O)O,-2.92220627743902,valid
Cc1nc(-c2ccc(C(F)(F)F)cc2)sc1C(=O)NCc1ccc(NS(=O)(=O)CC(F)(F)F)cc1,-0.477121254719662,valid
CCC(Cc1ccc(OC)c(CNC(=O)c2ccc(OC(F)(F)F)cc2)c1)C(=O)O,-1.07918124604762,valid
CC(Sc1nc2ccc(Br)cc2s1)C(=O)O,-4.92582757462474,valid
CCC(C(=O)O)C1CCc2cc(OCCc3nc(-c4cc5ccccc5s4)oc3C)ccc21,-2.45788189673399,valid
CCC(Oc1ccc(C2(c3ccc(OC(CC)C(=O)O)c(C)c3)CCCCC2)cc1C)C(=O)O,-3.54406804435028,valid
O=C(O)C(Cc1ccccc1Oc1ccccc1)Oc1ccc(Cl)cc1,-3.05690485133647,valid
COc1cc(-c2nc3c(s2)CCCO3)ccc1OCCCOc1ccc2c(c1)CC[C@H]2CC(=O)O,-2.51587384371168,valid
CC(C)OC(Cc1ccc(OCc2noc(-c3ccc(F)cc3)n2)cc1)C(=O)O,-2.20411998265592,valid
CCOC(=O)C1=C(Nc2ccc(OCC)cc2)S/C(=C/c2ccc(OCC(=O)O)c(OC)c2)C1=O,-1.08278537031645,valid
CCC(C(=O)O)C1CCc2cc(OCc3nc(-c4ccccc4)oc3C(F)(F)F)ccc21,-3.0,valid
COC(=O)C1Cc2ccc(OCCc3nc(-c4cccc(C)c4)oc3C)cc2OC1=O,-3.19033169817029,valid
CCOC(Cc1ccc(OCCN2CC=C(c3cccc(C(F)(F)F)c3)CC2)cc1)C(=O)O,-3.49415459401844,valid
Cc1oc(-c2ccccc2)nc1CCOc1ccc(CCC(=O)O)c(CNC(=O)OC(C)C)c1,-1.84509804001426,valid
CCCc1c(OCCOc2ccc3c(ccn3CC(=O)O)c2)ccc2c(C(F)(F)F)noc12,-2.49276038902684,valid
Cc1ccc(OC(=O)N(CC(=O)O)Cc2cccc(OCc3oc(-c4ccc(Cl)cc4)nc3C)c2)cc1,-2.08635983067475,valid
Cc1oc(-c2ccccc2)nc1CCOc1ccc(CN(CC(=O)O)Cc2ccc3ccccc3c2)cc1,-2.79098847508882,valid
CCCc1cc(Oc2ccccc2)ccc1OCCCOc1ccc2c(c1)OC(CCC)(C(=O)O)CC2,-2.07918124604762,valid
CCCc1c(OCCCOc2ccc(OC(C)C(=O)O)cc2)ccc2c(-c3ccccc3)noc12,-0.301029995663981,valid
CCCc1cc(C=C2CCCCC2)ccc1OCCCOc1cccc(C2SC(=O)NC2=O)c1,-2.23044892137827,valid
O=C(O)c1cccc(NC(=O)c2ccccc2NC(=O)c2ccc(Br)cc2)c1,-3.55630250076729,test
CCOC(=O)C(Cc1ccc(OCCn2c(=O)sc3cc(C(=O)/C=C/c4cc(OC)cc(OC)c4)ccc32)cc1)OCC,-4.0,test
CCCc1cc(C#N)ccc1OCCCOc1ccc2c(c1)CC[C@H]2CC(=O)O,-3.59659709562646,test
Cc1cc(SCc2nc(-c3ccc(Cl)c(Cl)c3)ns2)ccc1OC(C)(C)C(=O)O,-2.0,test
CCCCCNC(=O)c1ccc(NC(=O)c2cccc(CN3C(=O)OC[C@H]3Cc3ccccc3)c2)cc1,-2.91434315711944,test
COc1cc([C@@H]2OC[C@@H]3[C@H]2CO[C@H]3c2ccc3c(c2)OCO3)ccc1O,-4.72591163229505,test
CCC(C(=O)O)C1CCc2cc(OCCc3nc(-c4ccc5c(c4)OCC5)oc3C)ccc21,-1.81291335664286,test
Cc1oc(-c2ccccc2)nc1CCOc1cccc(CN(CC(=O)O)Cc2cccc3ccccc23)c1,-0.698970004336019,test
CCCc1cc2c(oc(=O)n2CC(F)(F)F)c(CCC)c1O[C@H](C(=O)O)c1ccc(C(C)C)cc1,-2.49136169383427,test
Cc1oc(-c2ccccc2)nc1CCOc1cccc(CC2=C(C(=O)O)CCN(C(=O)OCC(C)C)C2)c1,-3.58658730467176,test
CCC(C(=O)O)C1CCc2cc(OCCc3nc(-c4ccc5ccccc5c4)oc3C)ccc21,-2.01703333929878,test
O=C(O)C(Cc1ccccc1)Oc1ccc(-c2ccccc2CCc2ccccc2)cc1,-2.44715803134222,test
COC(=O)C1Cc2ccc(OCCc3nc(-c4ccccc4)oc3C)cc2OC1=O,-2.14612803567824,test
Cc1oc(-c2ccccc2)nc1Cc1cccc([C@H]2CO[C@@](C)(C(=O)O)OC2)c1,-3.47712125471966,test
Cc1oc(-c2ccccc2)nc1CCOc1ccc(CC2C(=O)NOC2=O)cc1,-3.27875360095283,test
Cc1ccc(NC(=O)CN(Cc2ccc(OC(C)(C)C(=O)O)cc2)Cc2ccco2)c(C)c1,-1.30102999566398,test
CCCc1cc2c(C(F)(F)F)noc2c(CCC)c1OC(C)C(=O)O,-2.79239168949825,test
COC(=O)C(Cc1ccccc1)OC(=O)Cc1cccc(SCc2ccccc2C(=O)O)c1,-4.34242268082221,test
CCCc1c(OCCCCOc2ccc(/C=C/C(=O)O)cc2)ccc2c(-c3ccccc3)noc12,-1.11394335230684,test
CC(C)c1oc(-c2ccc(C(C)(C)C)cc2)nc1CCc1noc2cc(OC(C)(C)C(=O)O)ccc12,-3.46239799789896,test
Cc1cc(OC/C=C\C(C#Cc2ccccc2)c2cnc3ccccc3c2)ccc1OCC(=O)O,-3.61278385671974,test
CCO[C@@H](Cc1ccc(OCCc2nc(-c3ccc(C(F)(F)F)cc3)oc2C)c2ccccc12)C(=O)O,-1.04139268515823,test
CCO[C@@H](Cc1cccc(/C(C)=N/OCc2ccccc2Cl)c1)C(=O)O,-3.51321760006794,test
Cc1oc(C2CCCCC2)nc1CCOc1ccc(C[C@H](Oc2ccccc2)C(=O)O)cc1,0.0,test
CCO[C@@H](Cc1ccc(OC/C=C/c2cc(OC(=O)c3ccccc3)cc(OC(=O)c3ccccc3)c2)cc1)C(=O)O,-1.69897000433602,test
Cc1ccc(C(=O)c2nc(C)c(C)n2C/C=C/c2cccc(OC(C)(C)C(=O)O)c2)cc1,-3.55630250076729,test
Cc1cc(C(Cc2ccc(CCCc3nc(-c4ccccc4)oc3C)cc2)C(=O)O)no1,-3.75587485567249,test
C/C(=N\OCCCCO/N=C(/CCC(=O)O)c1ccccc1)c1ccc(C)cc1,-1.69897000433602,test
COc1ccc(COc2ccc(CNc3cccc(OC(C)(C)C(=O)O)c3)c(OCc3ccc(OC)cc3)c2)cc1,-3.32221929473392,test
COC(=O)C(c1ccccc1)(c1ccc(SCc2ccccc2C(=O)O)cc1)c1ncco1,-4.11394335230684,test
CCc1cc(OCC[C@@H](C)Oc2ccc(Cl)cc2Oc2ccccc2)ccc1CCC(=O)O,-3.44715803134222,test
CCCc1c(OCCCN2CCCc3cc(OC(C)(C)C(=O)O)ccc32)ccc2cc(C(=O)c3ccccc3)ccc12,-2.38021124171161,test
CCOc1cc(F)c(CC(CC)C(=O)O)cc1CNC(=O)c1ccc(C23CC4CC(CC(C4)C2)C3)cc1F,-0.8750612633917,test
COc1cccc(OC(=O)N(CC(=O)O)[C@@H](C)c2cccc(OCc3coc(-c4ccc(Cl)cc4)n3)c2)c1,-1.11394335230684,test
Cc1nc(-c2ccccc2C(F)(F)F)sc1C(=O)NCc1ccc(OC(C)(C)C(=O)O)cc1,-2.66745295288995,test
CCO[C@@H](Cc1ccc(OC/C=C(\c2ccccc2)c2ccc(F)cc2)cc1)C(=O)O,-3.72427586960079,test
CCOc1cccc(-c2ncc(C)c(N(C)CCCOc3ccc4c(c3)CC[C@H]4CC(=O)O)n2)c1,-3.54900326202579,test
CC(C)(Oc1ccc(CNC(=O)Cc2ccc(-c3ccc(Cl)cc3)cc2)cc1)C(=O)O,-3.44715803134222,test
Cc1nc(-c2ccc(C(F)(F)F)cc2)sc1C(=O)NCc1ccc(CNS(=O)(=O)C(F)(F)F)cc1,-1.90308998699194,test
CCCc1cc(C(=O)c2ccc(F)cc2)ccc1OCCCn1ccc2cc(OC(C)(C)C(=O)O)ccc21,-2.11394335230684,test
Cc1oc(-c2ccccc2)nc1CCOc1ccc([C@H]2CN(C(=O)Oc3ccccc3)C[C@@H]2C(=O)O)cc1,-3.41161970596323,test
O=C(O)C(Oc1ccc(Cl)cc1F)c1ccc(Cl)cc1,-4.01283722470517,test
COc1cc(/C=C/C(=O)c2ccc3c(c2)sc(=O)n3CCOc2ccc(CC(OCC(F)(F)F)C(=O)O)cc2)cc(OC)c1,-4.0,test
Cc1nc(-c2cccc(C(F)(F)F)c2)sc1CNCc1ccc(OC(C)(C)C(=O)O)cc1,-0.602059991327962,test
CCO[C@@H](Cc1cccc(C2=NOC(c3ccc(Cl)cc3)C2)c1)C(=O)O,-3.83122969386706,test
Cc1cc(CNC(=O)c2cc(-c3ccc(N4CCOCC4)cc3)n(C)n2)ccc1OC(C)(C)C(=O)O,-1.92941892571429,test
Cn1nc(-c2ccc(C(C)(C)C)cc2)cc1C(=O)NCc1ccc(OC(C)(C)C(=O)O)cc1,-2.20411998265592,test
O=C(O)C(Cc1ccccc1)Oc1ccc(Cl)cc1Br,-3.21748394421391,test
COC(=O)N(CC(=O)O)Cc1cc(OCc2nc(-c3ccc(C)cc3)oc2C)ccc1F,-0.447158031342219,test
COc1cc(OC)cc(-c2coc3cc(O)ccc3c2=O)c1,-4.39005149645899,test
Cc1cc(OCc2sc(-c3ccc(C(F)(F)F)cc3)nc2C)ccc1CCC(=O)O,-3.23044892137827,test
O=C(O)C[C@@H]1CCc2cc(OCCCOc3ccc(OC(F)(F)F)cc3)ccc21,-3.83250891270624,test
CCc1ccc(-c2nc(CCOc3ccc4c(c3)CCC4C(CC)C(=O)O)c(C)o2)cc1,-2.03742649794062,test
CCCc1c(OCCCn2ccc3ccc(OC(C)(C)C(=O)O)cc32)ccc2cc(C(=O)c3ccccc3)ccc12,-3.04099769242349,test
CCCCc1cccc(/C(C)=N/OCCCCO/N=C(/CCC(=O)O)c2ccccc2)c1,-2.69897000433602,test
CC(C)c1ccc(NC(=O)N(CCc2ccc(SC(C)(C)C(=O)O)cc2)CCc2ccc(-c3ccccc3)cc2)cc1,-1.26717172840301,test
Cc1cc(OCC[C@@H](C)Oc2ccc(Cl)cc2Oc2ccccc2)ccc1CCC(=O)O,-3.34321159017975,test
Cc1ccc(CC(Oc2ccc(Cl)cc2)C(=O)O)cc1,-3.44870631990508,test
COc1ccc(/N=N/c2ccc(OCCc3ccc(OC(C)(C)C(=O)O)cc3)cc2)cc1,-3.38021124171161,test
CCCc1cc(-c2nc(OC(C)C)cs2)ccc1OCCCOc1ccc2c(c1)CC[C@H]2CC(=O)O,-1.67209785793572,test
Cc1cc(C)c(NC(=O)N(CCc2ccc(SC(C)(C)C(=O)O)cc2)CCc2ccc(-c3ccccc3)cc2)cc1C,-0.954242509439325,test
CC[C@@H](Cc1ccc(OC)c(CNC(=O)c2ccc(Oc3ccc(F)cc3)cc2)c1)C(=O)O,-0.698970004336019,test
C/C(=C\CC[C@]1(C)CCc2cc(O)cc(C)c2O1)CC/C=C(\C)C(=O)O,-2.26481782300954,test
CCCc1cc(Oc2ccc(F)c(C)c2)ccc1OCCCOc1cccc(C2SC(=O)NC2=O)c1,-1.92941892571429,test
Cc1oc(-c2ccccc2)nc1CCOc1cccc(Cc2c(C(=O)O)cnn2-c2ccccc2)c1,-2.81157500587059,test
Cc1cccc(Nc2cc(Cl)nc(SCC(=O)O)n2)c1,-4.30102999566398,test
Cc1cc(SCc2sc(-c3ccc(C(F)(F)F)cc3)nc2C)ccc1OC(F)C(=O)O,-2.7481880270062,test
Cc1nc(-c2cccc(Cl)c2)sc1C(=O)N[C@H]1CCCN(c2cccc(C(=O)O)c2)C1,-1.41497334797082,test
CC(C)(Oc1ccc(Cl)cc1)C(=O)NS(C)(=O)=O,-4.02938377768521,test
CCOC(=O)N1C[C@@H](Cc2ccc(OCCc3nc(-c4ccccc4)oc3C)cc2)[C@@H](C(=O)O)C1,-0.778151250383644,test
CC(C)(C)c1ccc(C(=O)Nc2ccccc2C(=O)Nc2cccc(CCC(=O)O)c2)cc1,-3.73239375982297,test
Cn1c(CCCc2ccc(OC(C)(C)C(=O)O)cc2)nn(Cc2ccc(C(C)(C)C)cc2)c1=O,-0.301029995663981,test
Cc1cc(-c2ccccc2)cc(C)c1O[C@@H](Cc1ccccc1)C(=O)O,-3.05307844348342,test
O=C(O)CCc1cccc(NC(=O)c2ccccc2NC(=O)c2ccc(C(F)(F)F)cc2)c1,-3.77085201164214,test
CCO[C@@H](Cc1ccc(OC/C=C/c2ccccc2)cc1)C(=O)O,-3.20411998265592,test
CCCCCCC(Sc1nc2ccc(NS(=O)(=O)c3ccc(-c4ccccc4)cc3)cc2s1)C(=O)O,-3.69897000433602,test
Cc1oc(-c2ccccc2)nc1CCOc1cccc(Cc2cn(-c3ccccc3)nc2C(=O)O)c1,-2.49276038902684,test
COC(=O)C(Cc1ccc(OCCN2CCC(C)(C)c3cc(C(=O)c4ccccc4)ccc32)cc1)C(=O)OC,-2.18184358794477,test
CCOc1ccc(Oc2ccc(-c3noc(C(C)NC(C)=O)n3)cc2)cc1,-2.51851393987789,test
CCCCCCC(Sc1nc2ccc(NCc3cccc(Cl)c3)cc2s1)C(=O)O,-3.27875360095283,test
CC(=O)NC(C)c1nc(-c2ccc(OCCN3c4ccccc4Oc4ccccc43)cc2)no1,-2.67209785793572,test
CCO[C@@H](Cc1cccc(/C(C)=N/OCc2cccc(Cl)c2)c1)C(=O)O,-3.35602585719312,test
COc1ccc(O[C@@H](Cc2ccccc2)C(=O)O)cc1,-3.39897153495078,test
Cc1oc(-c2ccccc2)nc1COc1ccc(Cc2ccc(OC(C)C(=O)O)cc2)cc1,-2.0,test
CCCc1ccc(C2=CCN(CCOc3ccc(CC(OCC)C(=O)O)cc3)CC2)cc1,-3.31806333496276,test
Cc1oc(-c2ccccc2)nc1CCOc1ccc2c(c1)CC(C)C2CC(=O)O,-3.8733206018154,test
O=C(O)[C@H](Cc1ccccc1)Oc1ccc(-c2ccccc2C(F)(F)F)cc1,-1.34242268082221,test
Cc1oc(-c2ccccc2)nc1CCOc1ccc(-c2nn(-c3ccccc3)nc2CC(=O)O)cc1,-3.6170003411209,test
Cc1nc(-c2ccc(C(F)(F)F)cc2)oc1COc1ccc(CCC(=O)O)cc1,-2.44715803134222,test
O=C(O)[C@H](CCCc1ccccc1)Oc1ccc(Cl)cc1,-2.76999730402854,test
CCCCC(Sc1ccc(OCCCOc2ccc(Cl)c(C(F)(F)F)c2)cc1)C(=O)O,-2.5910646070265,test
COc1ccc(-c2ncc(C)c(N(C)CCCOc3ccc4c(c3)CC[C@H]4CC(=O)O)n2)cc1,-3.14301480025409,test
Cc1oc(-c2ccccc2)nc1CCOc1ccc(CCC2CN(C(=O)OCC(C)C)CCC2C(=O)O)cc1,-2.41995574848976,test
Cc1oc(-c2ccc(-c3ccccc3)cc2)nc1CCOc1ccc2c(c1)CC[C@H]2CC(=O)O,-3.43424945239648,test
CCCc1c(OCCCOc2cccc3c2ccn3CC(=O)O)ccc2cc(-c3ccccc3)[nH]c12,-2.69897000433602,test
Cc1oc(-c2ccccc2)nc1CCOc1ccc(CCC2=C(C(=O)O)CCN(C(=O)OCC(C)C)C2)cc1,-1.86923171973098,test
Cc1nc(-c2ccc(C(F)(F)F)cc2)sc1C(=O)NCc1ccc(NS(C)(=O)=O)cc1,-1.77815125038364,test
CC(C)(Oc1cccc(CCCN(C(=O)Cc2ccc(C(F)(F)F)cc2)c2cccc(-c3ncon3)c2C2CC2)c1)C(=O)O,-2.79239168949825,test
COC(Cc1ccc2c(ccn2Cc2nc(-c3ccccc3)oc2C)c1)C(=O)O,-2.54406804435028,test
O=C(O)CCCc1cc2cc(Cl)ccc2n1S(=O)(=O)c1ccccc1,-2.9804578922761,test
CCCc1c(OCCCCOc2cccc(C(C)(C)C(=O)O)c2)ccc2c(-c3ccccc3)noc12,-1.69897000433602,test
CCc1ccc(-c2nc(C)cc(N(C)CCCOc3ccc4c(c3)CC[C@H]4CC(=O)O)n2)cc1,-2.96378782734556,test
CN1CCOc2ccc(S(=O)(=O)n3c(CCCC(=O)O)cc4cc(Cl)ccc43)cc21,-2.61278385671974,test
CCCCCC(=O)Nc1ccc(C(=O)Nc2cccc(C[C@H](C)C(=O)O)c2)cc1,-2.99166900737995,test
Cc1cccc(-c2nc(COc3ccc(CC(OC(C)C)C(=O)O)cc3)no2)c1,-1.89762709129044,test
C=CCn1nc(C(=O)NCc2ccc(OC(C)(C)C(=O)O)c(C)c2)cc1-c1ccc(C(C)(C)C)cc1,-1.50514997831991,test
C/C(=N\OCc1nc(-c2ccccc2)oc1C)c1ccc(OCC(=O)O)c(C)c1,-2.69897000433602,test
CCO[C@@H](Cc1ccc(OCCc2nc(-c3cccs3)oc2C)cc1)C(=O)O,1.0,test
Cc1oc(-c2ccccc2)nc1CCOc1cccc(CC2=C(C(=O)O)CCN(c3nccc(C(F)(F)F)n3)C2)c1,-2.80888586735981,test
Cc1cc(C(=O)O)c2c(C(C)C)nn(-c3ccc(F)cc3)c2n1,-3.31386722036915,test
CCOC(Cc1ccc(OCCC2c3ccccc3Oc3ccccc32)cc1)C(=O)O,-3.98227123303957,test
CCC(NC(=O)c1ccc2c(c1)cc(C)n2Cc1ccc(-c2ccccc2C(=O)O)cc1)c1ccccc1,-3.6954816764902,test
C/C(=N\OCCCCO/N=C(/CCC(=O)O)c1ccccc1)c1ccc(F)cc1,-1.69897000433602,test
CCO[C@@H](Cc1ccc(OCCn2c3ccccc3c3ccccc32)cc1)C(=O)O,-2.55753928156898,test
CC(C)(Oc1cccc(CCCN(CCOc2ccccc2)c2nc3ccccc3o2)c1)C(=O)O,-2.0,test
CCCC(Sc1nc(Cl)cc(Nc2cccc(C)c2C)n1)C(=O)O,-3.84509804001426,test
CCC(C(=O)O)C1CCc2cc(OCCc3nc(-c4ccccc4)oc3C)c(Br)cc21,-2.25767857486918,test
CCCCC(Sc1ccc(OCCCOc2cccc(C(F)(F)F)c2)cc1)C(=O)O,-1.39794000867204,test
Cc1oc(-c2ccccc2)nc1CCc1noc2cc(OC(C)(C)C(=O)O)ccc12,-4.11058971029925,test
Cc1cc(SCc2cc(-c3ccc(C(F)(F)F)cc3)on2)ccc1OCC(=O)O,-3.34399906905716,test
Cc1cnc(-c2ccccc2)nc1N(C)CCCOc1ccc2c(c1)CC[C@H]2CC(=O)O,-3.82020145948564,test
Cc1oc(-c2ccccc2)nc1CCOc1cccc(Cc2cn(C)cc2C(=O)O)c1,-3.16731733474818,test
CCc1ccc(-c2nc(CCOc3ccc4c(c3)CC[C@H]4CC(=O)O)c(C)o2)cc1,-1.89209460269048,test
CCOc1ccc2nc(SC(C)C(=O)NS(C)(=O)=O)sc2c1,-3.20139712432045,test
C/C(=N\OCCCCO/N=C(/CCC(=O)O)c1ccccc1)c1ccc(C)c(C)c1,-0.301029995663981,test
O=C(Cc1ccc(CC(C(=O)O)S(=O)(=O)CCc2ccc(F)cc2)cc1)OCc1ccc(C(F)(F)F)cc1,-3.64345267648619,test
CCC(C(=O)O)C1CCc2cc(OCCc3nc(-c4cccc(C(F)(F)F)c4)oc3C)ccc21,-2.23299611039215,test
CC[C@@](C)(Cc1ccc(OCCCOc2ccc3c(c2)OC(C)(C)C=C3c2cccc(C(F)(F)F)c2)cc1)C(=O)O,-1.0,test
CCCc1oc(-c2ccccc2)nc1CCc1noc2cc(OC(C)(C)C(=O)O)ccc12,-4.12057393120585,test
Cc1cc(OCc2nc(-c3ccc(Cl)c(Cl)c3)ns2)ccc1OC(C)(C)C(=O)O,-2.70243053644553,test
Cc1oc(-c2ccccc2)nc1CCOc1ccc(CC(Oc2ccccc2)C(=O)O)cc1,-2.92064500140679,test
CCO[C@@H](Cc1ccc(OCCc2nc(-c3ccccc3)oc2C)c2sccc12)C(=O)O,-1.76342799356294,test
COc1ccc(CCC(=O)O)cc1CNC(=O)c1ccc(C(F)(F)F)cc1,-2.32221929473392,test
CCO[C@@H](Cc1ccc(OC/C=C/c2cc(/C=C/c3ccccc3)cc(/C=C/c3ccccc3)c2)cc1)C(=O)O,-1.95424250943932,test
Cc1oc(-c2ccccc2)nc1CCOc1ccc2c(c1)CCC2C(C(=O)O)C1CC1,-2.90036712865647,test
Cc1oc(-c2ccc(-c3ccccc3)cc2)nc1CCOc1ccc(CC(C)(Oc2ccccc2)C(=O)O)cc1,-1.83884909073726,test
Cc1nc(-c2ccc(Cl)cc2)sc1NC(=O)C1CCCN(c2cccc(C(=O)O)c2)C1,-2.44715803134222,test
Cc1cc(OCc2nc(-c3ccc(C(=O)N4CCCCC4)cc3)c(-c3ccc(OC(F)(F)F)cc3)s2)ccc1OCC(=O)O,-3.20139712432045,test
CCc1ccc(O[C@H](C)CCOc2ccc(CCC(=O)O)c(C)c2)c(-c2ccccc2)c1,-3.45939248775923,test
CCCCCOc1cc2ccccc2cc1C(O)CC#CCCCC(=O)OC,-3.05766610390983,test
COC(=O)N(CC(=O)O)Cc1cccc(OCc2csc(-c3ccc(C)cc3)n2)c1,-1.62117628177504,test
COc1cc(CN(Cc2ccco2)Cc2nc(-c3ccccc3)oc2C)ccc1OC(C)(C)C(=O)O,-0.954242509439325,test
CO/N=C(\c1ccccc1)c1ccc2c(c1)C(C)(C)CCN2CCOc1ccc(C[C@H](Nc2ccccc2C(=O)c2ccccc2)C(=O)O)cc1,-4.0,test
CCOC(Cc1ccc(OCCC2c3ccccc3-c3ccccc32)cc1)C(=O)O,-4.06818586174616,test
CCCCCCCN(CCc1ccc(OC(C)(C)C(=O)O)cc1)c1nc2ccccc2o1,-1.47712125471966,test
CC(C)=CCC/C(C)=C/Cc1c(O)cc(/C=C/c2ccoc2)cc1O,-3.77815125038364,test
C/C(=N\OCCCCO/N=C(/CCC(=O)O)c1ccccc1)c1cccc(-c2ccccc2)c1,-1.30102999566398,test
CCc1ccc(O[C@H](C)CCOc2ccc(CCC(=O)O)c(C)c2)c(-c2ccco2)c1,-3.44715803134222,test
C=CCC(OC(=O)Cc1ccc(SCc2ccccc2C(=O)O)cc1)c1ccccc1,-4.25527250510331,test
CCCc1c(OCCCn2ccc3cc(OCC(=O)O)ccc32)ccc2cc(C(=O)c3ccccc3)ccc12,-1.50514997831991,test
CCCc1c(OCCCn2ccc3cc(OC(C)(C)C(=O)O)ccc32)ccc2cc(C(=O)c3ccoc3)ccc12,-2.11394335230684,test
CCCCCCCCCCCCNC(=O)c1ccc(NC(=O)c2cccc(CN3C(=O)OC[C@H]3Cc3ccccc3)c2)cc1,-3.82105475504689,test
CCCc1c(OCCCOc2ccc(OCC(=O)O)cc2)ccc2c(-c3ccccc3)noc12,-0.602059991327962,test
O=C(O)C[C@@H]1CCc2cc(OCCCOc3ccc(-c4ccc5cc[nH]c5c4)cc3)ccc21,-3.81954393554187,test
CCC(Cc1ccc(OC)c(CNC(=O)c2ccc(OCc3ccccc3)cc2)c1)C(=O)O,-1.7160033436348,test
Cc1ccc(OC(=O)N(CC(=O)O)Cc2cccc(OCCc3nc(-c4ccc(Cl)cc4)oc3C)c2)cc1,-1.21748394421391,test
Cc1oc(-c2ccccc2)nc1CCOc1ccc(C[C@@](O)(C(=O)O)c2ccccc2C(=O)c2ccccc2)cc1,-2.65995896219141,test
COc1ccc(-c2nc(CCOc3ccc(C[C@H](Nc4ccccc4C(=O)c4ccccc4)C(=O)O)cc3)c(C)o2)cc1,-2.59000541965133,test
CCn1c(CCCc2ccc(-c3ccc(NS(=O)(=O)c4ccccc4)cn3)cc2)nn(Cc2ccc(C(C)(C)C)cc2)c1=O,-3.14612803567824,test
CC(C)(Sc1ccc(Cl)s1)C(=O)O,-3.25527250510331,test
O=C1NC(=O)C(Cc2ccc(OCc3ccc(Br)cc3)cc2)S1,-4.2312146479626,test
Cc1ccc(NC(=O)c2ccccc2NC(=O)c2ccc(C(C)(C)C)cc2)cc1C(=O)O,-2.32221929473392,test
Cc1cccc(Oc2cc(Cl)nc(SCC(=O)O)n2)c1C,-4.14612803567824,test
CC(=O)c1ccccc1N[C@@H](Cc1ccc(OCCc2nc(-c3ccccc3)oc2C)cc1)C(=O)O,-2.45331834004704,test
CN1CCN(CC(=O)OCc2ccc(CC(SCCc3ccc(F)cc3)C(=O)O)cc2)CC1,-2.17609125905568,test
Cc1cc(Oc2cccc(CNC(=O)c3cc4cc(Cl)c(Cl)cc4[nH]3)c2)ccc1CCC(=O)O,-3.27577190016493,test
O=C(O)c1ccc(CCc2ccc(N3C(=O)c4ccccc4C3=O)cc2)cc1,-4.51851393987789,test
Cc1cccc(Nc2cc(C(F)(F)F)nc(SCC(=O)O)n2)c1C,-3.73239375982297,test
COc1ccc(COc2cccc(OCCOc3ccc4c(c3)c(CC(=O)O)cn4Cc3ccccc3)c2)cc1,-3.77085201164214,test
CCC(CC)c1nn(-c2ccc(F)cc2)c2nc(C)cc(C(=O)O)c12,-3.16136800223497,test
Cc1cc(CNC(=O)c2cc(-c3ccc(C(C)C)cc3)nn2C)ccc1OC(C)(C)C(=O)O,-1.30102999566398,test
COC(=O)C1Cc2ccc(OCCc3nc(-c4ccc(C(C)(C)C)cc4)oc3C)cc2OC1=O,-2.0,test
Cc1oc(-c2ccc(Cl)cc2)nc1COc1ccc(F)c(CN(CC(=O)O)C(=O)OCCCF)c1,-1.02530586526477,test
