smiles,CHEMBL234_Ki,group
CN1C2CCC1CC(OC(c1ccc(F)cc1)c1ccc(F)cc1)C2,-2.16136800223497,training
O=C(NCCCN1CCN(c2cccc(Cl)c2Cl)CC1)c1cccc2c1-c1ccccc1C2=O,-1.55630250076729,training
c1ccc(N2CCN(CCCn3c4ccccc4c4ccccc43)CC2)cc1,-3.38381536598043,training
Oc1nc2c(N3CCN(Cc4ccccc4)CC3)cccc2[nH]1,-1.75204844781944,training
O=C(NCCCN1CCN(c2ccccc2)CC1)c1cccc2c1-c1ccccc1C2=O,-2.63346845557959,training
O=C(NCCCCN1CCN(c2cccc(Cl)c2Cl)CC1)c1ccc2c(c1)-c1ccccc1-2,0.045757490560675,valid
O=C(NCCCN1CCN(c2cccc(Cl)c2Cl)CC1)c1cccc2c1Cc1ccccc1-2,-2.23044892137827,training
O=C(NCCCCN1CCN(c2cccc(Cl)c2Cl)CC1)c1ccc2c(c1)-c1ccccc1C2,-0.146128035678238,training
O=C1Cc2c(ccc(Cl)c2N2CCN(Cc3ccccc3)CC2)N1,-2.77180787899911,training
Fc1ccc(C(OC2CC3CCC(C2)N3Cc2ccc(Cl)c(Cl)c2)c2ccc(F)cc2)cc1,-2.44247976906445,training
COc1ccc(NS(=O)(=O)c2ccc(Br)cc2)cc1N1CCN(C)CC1,-2.90000096515347,test
O=C(NCCCCN1CCN(c2cccc(Cl)c2Cl)CC1)c1cccc2c1-c1ccccc1C2=O,-0.53571596998551,training
COc1ccc(NS(=O)(=O)c2sc3ccc(Cl)cc3c2C)cc1N1CCN(C)CC1,-2.30000820255381,valid
CN1C2CCC1CC(OC(c1ccccc1)c1ccc(Cl)cc1)C2,-3.73078227566639,training
O=C(NCCCN1CCN(c2ccccc2)CC1)c1ccc2c(c1)Cc1ccccc1-2,-3.16435285578444,valid
O=C(NCCCN1CCN(c2cccc(Cl)c2Cl)CC1)c1ccc2c(c1)Cc1ccccc1-2,-2.04139268515822,training
O=C1Cc2c(cccc2N2CCN(Cc3ccccc3)CC2)N1,-0.732393759822968,training
OC1CCc2c(c3ccccc3n2CCCN2CCN(c3ccccc3)CC2)C1,-3.60314437262018,training
CN1[C@H]2CC[C@@H]1C[C@H](OC(c1ccc(Cl)cc1)c1ccc(Cl)cc1)C2,-2.34242268082221,test
c1ccc(CN2CCN(c3cccc4[nH]cnc34)CC2)cc1,-2.93976877545335,training
Fc1ccc(C(OCCN2C3CCC2CC(OC(c2ccc(F)cc2)c2ccc(F)cc2)C3)c2ccc(F)cc2)cc1,-2.33041377334919,training
O=C(NCCCCN1CCN(c2cccc(Cl)c2Cl)CC1)C1c2ccccc2-c2ccccc21,-1.27875360095283,valid
O=C1c2ccccc2C(=O)N1CCCCCN1CCN(c2cccc(Cl)c2Cl)CC1,-0.89209460269048,training
Fc1ccc(C(OCCOC2CC3CCC(C2)N3)c2ccc(F)cc2)cc1,-3.40140054078154,training
O=C1c2ccccc2C(=O)N1CCCCN1CCN(c2cccc(Cl)c2Cl)CC1,-0.612783856719735,test
O=C(NCCCN1CCN(c2ccccc2)CC1)C1c2ccccc2-c2ccccc21,-2.53147891704225,training
Oc1cccc(N2CCN(Cc3ccccc3)CC2)c1,-1.46089784275655,training
c1ccc(CN2CCN(c3cccc4[nH]ccc34)CC2)cc1,-1.54900326202579,valid
CN1C2CCC1CC(OC1c3ccccc3Cc3ccccc31)C2,-2.28555730900777,training
CCN(CC)CCOCCOC1(c2ccccc2)CCCC1,-3.78532983501077,test
Fc1ccc(C(O[C@@H]2C[C@@H]3CC[C@H](C2)N3CCCCc2ccccc2)c2ccc(F)cc2)cc1,-1.13987908640124,training
C=CCN1C2CCC1CC(OC(c1ccc(F)cc1)c1ccc(F)cc1)C2,-2.11394335230684,test
O=C(NCCCN1CCN(c2cccc(Cl)c2Cl)CC1)C1c2ccccc2-c2ccccc21,-1.38021124171161,training
Brc1ccc(N2CCN(Cc3ccccc3)CC2)c2cc[nH]c12,-1.7481880270062,training
FC(F)(F)c1nc2c(N3CCN(Cc4ccccc4)CC3)cccc2[nH]1,-1.16731733474818,training
Clc1cccc(C(OC2CC3CCC(C2)N3CCCc2ccccc2)c2ccccc2)c1,-1.86153441085904,training
O=C(NCCCCCN1CCN(c2cccc(Cl)c2Cl)CC1)c1cccc2c1-c1ccccc1C2=O,-1.44715803134222,training
Clc1ccc2[nH]ccc2c1N1CCN(Cc2ccccc2)CC1,-1.97909290063833,training
O=C(NCCCN1CCN(c2ccccc2)CC1)c1cccc2c1Cc1ccccc1-2,-2.63346845557959,training
Fc1ccc(C(OC2CC3CCC(C2)N3Cc2cccc3ccccc23)c2ccc(F)cc2)cc1,-2.04921802267018,training
Fc1ccc(C(OC2CC3CCC(C2)N3Cc2cc3ccccc3[nH]2)c2ccc(F)cc2)cc1,-1.72591163229505,training
Fc1ccc(C(OC2CC3CCC(C2)N3Cc2ccccc2)c2ccc(F)cc2)cc1,-1.80140371001736,training
CCCN1CCC[C@@H](c2cccc(OS(=O)(=O)c3ccc(C)cc3)c2)C1,-1.96378782734556,training
CCCN1CCC[C@@H](c2cccc(S(C)(=O)=O)c2)C1,-3.1156105116743,training
COc1ccccc1N1CCN(CNC(=O)c2ccc(Cl)cc2)CC1,-2.42813479402879,training
N#Cc1cccc([C@@H]2CCCN(CC3CC3)C2)c1,-2.71767050300226,training
O=C(NCN1CCN(c2ccccc2Cl)CC1)c1ccccc1,-2.24797326636181,training
CCCN1CCC[C@@H](c2cccc(Br)c2)C1,-2.23299611039215,training
CCCN1CCC[C@@H](c2cccc(CC#N)c2)C1,-2.70671778233676,training
CCN1CCC[C@@H](c2cccc(C#N)c2)C1,-2.71096311899528,training
O=S(=O)(Oc1cccc([C@@H]2CCCN(CCc3ccccc3)C2)c1)C(F)(F)F,-1.27875360095283,training
CCc1sccc1N1CCC[C@@H](c2cccc(C#N)c2)C1,-1.7481880270062,training
Cc1ccc(C(=O)NCN2CCN(c3ccccc3C#N)CC2)cc1,-2.57634135020579,training
N#Cc1ccccc1N1CCN(CNC(=O)c2ccc(Cl)cc2)CC1,-2.77815125038364,training
CCCN1CCC[C@@H](c2ccccc2)C1,-2.89042101880091,training
CCCc1cccc([C@@H]2CCCN(CCC)C2)c1,-1.93449845124357,training
CCCN1CCC[C@@H](c2cccc(SC)c2)C1,-2.14301480025409,training
CCCN1CCC[C@@H](c2cccc(S(=O)(=O)N(C)C)c2)C1,-2.23044892137827,training
Cc1cccc(C(=O)NCN2CCN(c3ccccc3Cl)CC2)c1,-2.66651798055488,training
CC(C)N1CCC[C@@H](c2cccc(C#N)c2)C1,-2.42813479402879,training
C1=C(c2ccccc2)CCN(C[C@@H]2CCC=C(c3ccccc3)C2)C1,-1.22010808804006,training
CCCN1CCC[C@@H](c2cccc(-c3ccsc3)c2)C1,-1.89209460269048,training
CCCN1CCC[C@@H](c2ccc(OS(=O)(=O)C(F)(F)F)cc2)C1,-3.055378331375,training
CCCN1CCC2c3cccc(OS(=O)(=O)C(F)(F)F)c3CCC21,-1.78532983501077,training
N#Cc1cccc([C@@H]2CCCN(CCCc3ccccc3)C2)c1,-1.55630250076729,training
Oc1ccc(C2=CCN(C[C@@H]3CCC=C(c4ccc(O)cc4)C3)CC2)cc1,-0.531478917042255,training
CCCN1CCC[C@@H](c2cccc(C)c2)C1,-2.75815462196739,training
CCCN1CCC[C@@H](c2cccc(CO)c2)C1,-3.1646502159343,valid
N#Cc1cccc([C@@H]2CCCNC2)c1,-2.80002935924413,training
Cc1ccc(C(=O)NCN2CCN(c3ccccc3Cl)CC2)cc1,-1.69019608002851,training
C=CCN1CCC[C@@H](c2cccc(C#N)c2)C1,-2.81822589361396,training
CCCN1CCC[C@@H](c2ccc(OS(=O)(=O)C(F)(F)F)c(OS(=O)(=O)C(F)(F)F)c2)C1,-2.52891670027765,training
CN1CCC[C@@H](c2cccc(C#N)c2)C1,-3.24526583945746,test
COc1ccccc1N1CCN(CNC(=O)c2ccc(C)cc2)CC1,-2.2405492482826,training
CCCN1CCC[C@@H](c2cccc(OS(C)(=O)=O)c2)C1,-2.9903388547876,training
N#Cc1cccc([C@@H]2CCCN(CCc3ccccc3)C2)c1,-1.77085201164214,training
CCCN1CCC[C@@H](c2cccc(OS(=O)(=O)C(F)(F)F)c2)C1,-1.83250891270624,valid
CCCN1CCC[C@@H](c2cccc(OCC(F)(F)F)c2)C1,-3.15044940946088,training
Oc1ccc(C2=CCN(C[C@@H]3CCC=C(c4ccccc4)C3)CC2)cc1,-1.75358305889291,training
COc1ccccc1N1CCN(CNC(=O)c2cccc(C)c2)CC1,-3.39445168082622,training
N#Cc1ccccc1N1CCN(CNC(=O)c2cccc(Cl)c2)CC1,-3.35602585719312,training
O=C(NCN1CCN(c2ccccc2Cl)CC1)c1ccc(Cl)cc1,-1.81954393554187,valid
CCCN1CCC[C@@H](c2cccc(C(C)=O)c2)C1,-3.33243845991561,training
CCCN1CCC[C@@H](c2ccccc2OS(=O)(=O)C(F)(F)F)C1,-3.49317912068252,training
CCC(C)N1CCC[C@@H](c2cccc(C#N)c2)C1,-2.02118929906994,test
COc1ccccc1N1CCN(CNC(=O)c2cccc(Cl)c2)CC1,-3.16136800223497,training
O=C(NCN1CCN(c2ccccc2Cl)CC1)c1cccc(Cl)c1,-2.56110138364906,training
C#Cc1cccc([C@@H]2CCCN(CCC)C2)c1,-2.53019969820308,training
Oc1ccc(C2=CCC[C@@H](CN3CC=C(c4ccccc4)CC3)C2)cc1,0.283996656365201,training
CCCN1CCC[C@@H](c2cccc(C=O)c2)C1,-1.91907809237607,valid
COc1ccccc1N1CCN(CNC(=O)c2ccccc2)CC1,-3.39269695325967,test
Clc1ccc(N2CCN(Cc3cccn4nccc34)CC2)cc1,-4.07918124604763,training
Clc1ccc(N2CCN(Cc3cccc4ccnn34)CC2)cc1,-4.0,training
Clc1ccc(N2CCN(Cc3ccc4ccnn4c3)CC2)cc1,-3.69019608002851,test
CN[C@@H]1Cc2cccc3ncn(c23)C1,-3.39075852873872,training
CCCN1C[C@H](CSC)C[C@@H]2c3cccc4[nH]cc(c34)C[C@H]21,-0.347856704851325,training
CCOC(=O)c1cnn2cccc(CN3CCN(c4ccc(Cl)cc4)CC3)c12,-4.07918124604763,training
CN(C)[C@@H]1Cc2cccc3ncn(c23)C1,-3.46952747918701,training
CN(C)[C@@H]1Cc2cccc3nc(O)n(c23)C1,-3.28533222764388,training
OCc1cnn2cccc(CN3CCN(c4ccc(Cl)cc4)CC3)c12,-4.36172783601759,training
CCCN[C@@H]1Cc2cccc3nc(O)n(c23)C1,-1.48784512011144,training
CCCN1CCCC(c2cccc(O)c2)C1,-2.12057393120585,training
CCCN(CCC)[C@@H]1CCc2c(OC)cccc2[C@@H]1C,-0.616300430442572,training
CCCN[C@@H]1CCc2c(OC)cccc2[C@@H]1C,-1.41497334797082,training
Cc1ccc(OCCCNCCOc2ccc(Cl)cc2)cc1,-2.24899033557368,training
Cc1ccc(OCCNCCCOc2ccccc2)cc1Cl,-0.590507462008583,valid
COc1ccc(N2CCN(CCNC(=O)c3cc(Br)c4ccccc4c3OC)CC2)cc1,-2.86391737695786,training
COc1ccc(OCCNCCCOc2ccccc2)cc1,-2.56851852608602,training
COc1c(C(=O)NCCN2CCN(c3ccccc3)CC2)cc(Cl)c2ccccc12,-1.72065535655172,training
CCOc1c(C(=O)NCCN2CCN(c3ccccc3)CC2)cc(Br)c2ccccc12,-2.41345903207744,training
COc1c(C(=O)NCCN2CCN(c3ccccc3)CC2)cc(C#N)c2ccccc12,-2.11727129565576,training
COc1c(C(=O)NCCN2CCN(c3cccc(Cl)c3)CC2)cc(Br)c2ccccc12,-1.60102731514449,training
c1ccc(CCCNCCCOc2ccccc2)cc1,-1.23044892137827,training
COc1c(C(=O)NCCN2CCN(c3ccccc3)CC2)ccc2ccccc12,-2.43136376415899,training
Cc1ccc(OCCNCCCOc2ccccc2)cc1,-2.22893904245654,training
COc1c(C(=O)NCCN2CCN(c3ccccc3)CC2)cc(Br)c2ccccc12,-1.39022836246913,training
Fc1ccc(OCCCNCCOc2ccc(Cl)cc2)cc1,-1.99060521142392,training
Cc1ccc(OCCNCCCOc2ccc(Br)cc2)cc1,-3.23022405191052,training
Cc1ccc(OCCNCCCOc2ccc(F)cc2)cc1,-2.36774716895021,training
Clc1ccc(OCCNCCCOc2ccccc2)cc1,-1.49066065335614,test
Cc1ccc(OCCCNCCOc2ccccc2)cc1,-1.81977418217682,valid
COc1c(C(=O)NCCN2CCN(c3ccc(Cl)cc3)CC2)cc(Br)c2ccccc12,-2.12057393120585,test
COc1c(C(=O)NCCN2CCN(c3ccccc3C)CC2)cc(Br)c2ccccc12,-1.80989624660244,training
COc1c(C(=O)NCCN2CCN(c3ccc(C)cc3)CC2)cc(Br)c2ccccc12,-2.40755235381481,training
COc1ccccc1N1CCN(CCNC(=O)c2cc(Br)c3ccccc3c2OC)CC1,-1.8905048513428,training
Cc1ccc(OCCCNCCOc2ccc(C)cc2)cc1,-2.37053159344308,training
Cc1ccc(OCCNCCCOc2ccccc2)cc1C,-1.86165387021391,training
COc1c(C(=O)NCCN2CCN(c3cccc(C)c3C)CC2)cc(Br)c2ccccc12,-1.6994908452722,training
Cc1ccc(OCCNCCCOc2ccccc2C)cc1,-2.58046307852096,training
O=[N+]([O-])c1ccc(OCCNCCCOc2ccccc2)cc1,-2.53891289390367,training
COc1c(C(=O)NCCN2CCN(c3cccc([N+](=O)[O-])c3)CC2)cc(Br)c2ccccc12,-2.81424759573192,training
Cc1ccc(OCCNCCCOc2cccc(C)c2)cc1,-2.281658210636,test
COc1cccc(N2CCN(CCNC(=O)c3cc(Br)c4ccccc4c3OC)CC2)c1,-2.81424759573192,training
COc1c(C(=O)NCCN2CCN(c3ccccc3[N+](=O)[O-])CC2)cc(Br)c2ccccc12,-1.38021124171161,valid
COc1c(C(=O)NCCN2CCN(c3ccc([N+](=O)[O-])cc3)CC2)cc(Br)c2ccccc12,-2.86391737695786,training
Oc1ccc(OCCNCCCOc2ccccc2)cc1,-2.37145578191302,training
Cc1ccc(CCCNCCCOc2ccccc2)cc1,-2.54032947479087,valid
Clc1ccccc1OCCNCCCOc1ccccc1,-1.23019337886905,training
Clc1ccc(OCCNCCCSc2ccccc2)cc1,-1.97772360528885,training
COc1c(C(=O)NCCN2CCN(c3cccc(Cl)c3Cl)CC2)cc(Br)c2ccccc12,-0.903089986991943,training
c1ccc(OCCCNCCOc2ccccc2)cc1,-2.13177900936919,training
COc1c(C(=O)NCCN2CCN(c3ccccc3Cl)CC2)cc(Br)c2ccccc12,-1.59555133184175,training
Cc1ccc(OCCNCCCSc2ccccc2)cc1,-1.7481880270062,training
COc1ccc(NS(=O)(=O)c2sc3ccc(Cl)cc3c2C)cc1N1CCN2CCCCC2C1,-3.0,training
N#Cc1ccc2c(c1)CN(CC[C@H]1CC[C@H](NC(=O)c3cc4ccccc4[nH]3)CC1)C2,-1.40001963506516,training
N#Cc1ccc2cc(CN3CCN(c4ccc(Cl)c(Cl)c4)CC3)[nH]c2c1,-4.51851393987789,training
O=C(NCCCCN1CC[C@H]2c3ccc(O)cc3CC[C@@H]21)c1ccc(-c2ccccc2)cc1,-1.10002573010786,training
Nc1ccc(C#CCCN2CC=C(c3ccccc3)CC2)cc1,-1.38021124171161,valid
N#Cc1ccc2cc(CN3CCN(c4ccccc4Cl)CC3)[nH]c2c1,-2.96378782734556,training
N#Cc1ccc2[nH]cc(CN3CCN(c4ccc(Cl)c(Cl)c4)CC3)c2c1,-2.93951925261862,training
N#Cc1ccc2[nH]cc(CN3CCN(c4ccccc4Cl)CC3)c2c1,-2.74036268949424,valid
N#Cc1ccc2[nH]cc(CN3CCN(c4ccc(F)cc4)CC3)c2c1,-3.7160033436348,training
COc1cccc2c1CC[C@H]1[C@H]2CCN1CCCCNC(=O)c1ccc(-c2ccccc2)cc1,-1.20002926655377,training
COc1ccc2c(c1)CN(CC[C@H]1CC[C@H](NC(=O)/C=C/c3ccc(F)cc3)CC1)C2,-0.899984562549391,training
N#Cc1ccc2c(c1)CCN(CC[C@H]1CC[C@H](NC(=O)c3ccnc4ccccc34)CC1)C2,-0.804265281356608,training
CS(=O)(=O)Oc1cccc2c1CC[C@H]1[C@H]2CCN1CCCCNC(=O)c1ccc(-c2ccccc2)cc1,-0.700011062322112,test
COc1cccc(/C=C/C(=O)N[C@H]2CC[C@H](CCN3Cc4ccc(C#N)cc4C3)CC2)c1,-1.0,training
Oc1ccc2[nH]cc(CCCCN3CC=C(c4ccccc4)CC3)c2c1,0.397940008672038,training
N#Cc1ccc2[nH]cc(CN3CCN(c4ccccc4)CC3)c2c1,-3.64345267648619,training
Nc1cccc(C#CCCN2CC=C(c3ccccc3)CC2)c1,0.443697499232713,training
CS(=O)(=O)Oc1ccc2c(c1)CC[C@H]1[C@H]2CCN1CCCCNC(=O)c1ccc(-c2ccccc2)cc1,-1.70001106232211,training
N#Cc1ccc2[nH]cc(CN3CCN(c4ccc(Cl)cc4)CC3)c2c1,-3.80617997398389,training
N#Cc1ccc2[nH]c(CN3CCN(c4ccc(F)cc4)CC3)cc2c1,-4.17609125905568,training
O=C(NCCCCN1CCC[C@H]2c3ccc(O)cc3CC[C@@H]21)c1ccc(-c2ccccc2)cc1,-0.899984562549391,training
N#Cc1ccc2[nH]c(CN3CCN(c4ccccc4Cl)CC3)cc2c1,-3.23044892137827,test
O=C(/C=C/c1ccc(F)cc1)N[C@H]1CC[C@H](CCN2Cc3ccc(C(F)(F)F)cc3C2)CC1,-1.0,test
Nc1ccc(C#CCCN2CC=C(c3ccccc3)CC2)cn1,-0.845098040014257,training
N#Cc1ccc2cc(CN3CCN(c4ccccc4)CC3)[nH]c2c1,-3.49136169383427,training
N#Cc1ccc2[nH]c(CN3CCN(c4ccc(Cl)c(Cl)c4)CC3)cc2c1,-4.30102999566398,training
N#Cc1ccc2[nH]c(CN3CCN(c4ccccc4)CC3)cc2c1,-3.23044892137827,training
N#Cc1ccc2c(c1)CN(CC[C@H]1CC[C@H](NC(=O)/C=C/c3ccc(F)cc3)CC1)C2,-1.10002573010786,training
C(#Cc1cccnc1)CCN1CC=C(c2ccccc2)CC1,-1.30102999566398,training
C(#Cc1ccncc1)CCN1CC=C(c2ccccc2)CC1,-0.812913356642856,test
O=C(NCCCCN1CC[C@H]2c3cccc(O)c3CC[C@@H]21)c1ccc(-c2ccccc2)cc1,-0.299942900022767,training
N#Cc1ccc2[nH]c(CN3CCN(c4ccc(Cl)cc4)CC3)cc2c1,-4.11394335230684,test
CS(=O)(=O)Oc1ccc2c(c1)CC[C@H]1[C@H]2CCCN1CCCCNC(=O)c1ccc(-c2ccccc2)cc1,-2.30000820255381,training
Nc1ccc(C#CCCN2CC=C(c3ccccc3)CC2)nc1,-0.414973347970818,training
N#Cc1ccc2c(c1)CN(CC[C@H]1CC[C@H](NC(=O)c3ccnc4ccccc34)CC1)C2,-1.80002935924413,training
CS(=O)(=O)Oc1ccc2c(c1)CN(CC[C@H]1CC[C@H](NC(=O)/C=C/c3ccc(F)cc3)CC1)C2,-0.700011062322112,training
O=C(/C=C/c1ccc(F)cc1)N[C@H]1CC[C@H](CCN2Cc3ccc(Br)cc3C2)CC1,-0.49996186559619,training
c1ccc(CNCCOc2cccc3[nH]cnc23)cc1,-1.82736927305383,test
FC(F)(F)c1nc2c(OCCNCc3ccccc3)cc(Cl)cc2[nH]1,-1.62117628177504,test
c1ccc(CNCCOc2cccc3[nH]ncc23)cc1,-0.944482672150169,training
C#CCN(CCCCN1CCN(c2ccccc2)CC1)C1CCc2ccc(O)cc2C1,0.077447533238624,training
CCCN(CCC)[C@@H]1CCc2c(ccc(CCc3ccc(C(F)(F)F)cc3)c2OC)C1,-0.800029359244134,training
CCCN(CCC)C1CCc2cc(CN(C(N)=O)c3ccc(OC)cc3)ccc2C1,-1.40001963506516,training
O=C(NCCN(CCCN1CCN(c2ccccc2)CC1)C1CCc2ccc(O)cc2C1)c1ccccc1,-1.74585519517373,training
Oc1nc2c(OCCNCc3ccccc3)cccc2[nH]1,-0.612783856719735,training
CCCN(CCC)C1CCc2cc(CSc3ccc(OC)cc3)ccc2C1,-0.100025730107863,valid
CCCN(CCC)[C@@H]1CCc2c(ccc(C(O)Cc3ccc(Cl)c(Cl)c3)c2OC)C1,-1.29994290002277,training
c1ccc(CNCCOc2cccc3[nH]ccc23)cc1,-1.29003461136252,test
CCCN(CCC)[C@@H]1CCc2c(ccc(CCc3ccc(NS(C)(=O)=O)cc3)c2OC)C1,-2.70000239714225,training
CCCN(CCC)C1CCc2cc(CN(C(C)=O)c3ccc(OC)cc3)ccc2C1,-0.899984562549391,test
C#CCN(CCN1CCN(c2ccccc2)CC1)C1CCc2ccc(O)cc2C1,-1.15228834438306,training
FC(F)(F)c1nc2c(OCCNCc3ccccc3)cccc2[nH]1,-0.060697840353612,test
CCCN(CCC)[C@@H]1CCc2c(ccc(C(O)Cc3ccc(OC)cc3)c2OC)C1,-1.70001106232211,training
CCCN(CCC)[C@@H]1CCc2cc(CS(=O)(=O)c3ccc(I)cc3)ccc2C1,0.79997073344623,valid
CCCN(CCC)[C@@H]1CCc2c(ccc(C(O)Cc3ccc(Cl)cc3)c2OC)[C@@H]1C,-1.40001963506516,training
CCCN(CCC)C1CCc2cc(CCc3ccc(C(=O)OCC)cc3)ccc2C1,-0.299942900022767,training
CCCN(CCC)C1CCc2cc(CCc3ccc(C(N)=O)cc3)ccc2C1,-2.80000182781797,training
O=C1NC(CCN2CCN(c3ccccc3)CC2)c2ccccc21,-3.42845877351558,training
CCCN(CCC)[C@@H]1CCc2c(ccc(C(O)Cc3ccccc3)c2OC)C1,-1.80002935924413,training
Sc1nc2c(OCCNCc3ccccc3)cccc2[nH]1,-0.301029995663981,training
Sc1nc2c(OCCNCc3ccccc3)cc(Cl)cc2[nH]1,-1.08635983067475,test
CCCN(CCC)C1CCc2cc(CCc3ccc(C(=O)O)cc3)ccc2C1,-3.50000032134294,training
N#CCCCN(CCCN1CCN(c2ccccc2)CC1)C1CCc2ccc(O)cc2C1,-1.70070371714502,training
CCCN(CCC)C1CCc2cc(CCc3ccc(OC)cc3)ccc2C1,-0.49996186559619,training
CCCN(CCC)C1CCc2cc(CCc3ccc(O)cc3)ccc2C1,-1.10002573010786,training
Cc1ccc(N2CCN(CCC3NC(=O)c4ccccc43)CC2)cc1C,-3.42845877351558,training
CCCN(CCCCN1CCN(c2ccccc2)CC1)C1CCc2ccc(O)cc2C1,-0.282546589969968,training
O=C(NCCCCN(CCCN1CCN(c2ccccc2)CC1)C1CCc2ccc(O)cc2C1)c1ccccc1,-2.87852179550121,training
C#CCN(CCCCN1CCN(c2cccc(Cl)c2Cl)CC1)C1CCc2ccc(O)cc2C1,-0.555094448578319,training
Oc1nc2c(OCCNCc3ccccc3)cc(Cl)cc2[nH]1,-0.869231719730976,training
Cc1nc2c(OCCNCc3ccccc3)cccc2[nH]1,-1.97589113640179,training
Oc1cccc(OCCNCc2ccccc2)c1,-1.04139268515823,valid
CCCN(CCC)C1CCc2cc(CCc3ccc(S(C)(=O)=O)cc3)ccc2C1,-3.1999991251968,training
CCCN(CCN1CCN(c2cccc(Cl)c2Cl)CC1)C1CCc2ccc(O)cc2C1,-0.05307844348342,training
CCCN(CCC)[C@@H]1CCc2c(ccc(CCc3ccc(Cl)cc3)c2OC)C1,-0.700011062322112,valid
CCCN(CCC)[C@@H]1CCc2c(ccc(CCc3ccccc3)c2OC)C1,-1.29994290002277,test
CCCN(CCC)C1CCc2cc(CCc3ccccc3)ccc2C1,-0.599992177584098,training
CCCN(CCCCN1CCN(c2cccc(Cl)c2Cl)CC1)C1CCc2ccc(O)cc2C1,-0.354108439147401,training
O=C1Cc2c(cccc2OCCNCc2ccccc2)N1,-0.447158031342219,training
CCCN(CCC)C1CCc2cc(CN(C(=O)OC)c3ccc(OC)cc3)ccc2C1,-0.800029359244134,test
O=c1cc(-c2ccc(O)c(-c3c(O)cc(O)c4c(=O)cc(-c5ccc(O)cc5)oc34)c2)oc2cc(O)cc(O)c12,-3.09377178149873,training
C#Cc1cccn1C1CCN(Cc2ccccc2)CC1,-3.89762709129044,training
COc1ccc(Br)cc1-c1nc(CNC[C@@H]2CCN(Cc3ccccc3)C2)c[nH]1,-3.11394335230684,test
c1ccc(CN2CCC(n3ccc(-c4cnco4)c3)CC2)cc1,-3.83250891270624,training
Clc1cccc(N2CCN(CCCOc3ccc(-c4nc5ccccc5[nH]4)cc3)CC2)c1,-2.19033169817029,training
COc1ccccc1N1CCN(CCCOc2ccc(-c3nc4ccccc4[nH]3)cc2)CC1,-0.230448921378274,training
c1ccc(-c2nc(CN3CCN(c4ccccc4)CC3)cs2)cc1,-3.31175386105575,valid
c1ccc(CN2CCN(Cc3csc(-c4ccccc4)n3)CC2)cc1,-3.72015930340596,training
CCN1CCC[C@H]1CNC(=O)c1cc(S(N)(=O)=O)ccc1OC,-1.94448267215017,valid
c1ccc(CN2CCC(NCc3csc(-c4ccccc4)n3)CC2)cc1,-3.36172783601759,training
C(#Cc1cccn1C1CCN(Cc2ccccc2)CC1)c1ccccc1,-3.93951925261862,training
COc1ccc(N2CCN(CCCOc3ccc(-c4nc5ccccc5[nH]4)cc3)CC2)cc1,-2.11394335230684,training
c1ccc(-c2nc(CN3CCN(c4ccccc4)CC3)co2)cc1,-3.59659709562646,test
COc1cccc(C(=O)NC2CCN(Cc3ccc(F)cc3)CC2)c1OC,-0.771587480881255,training
COc1ccc(Br)cc1-c1nc(CNC2CCN(Cc3ccccc3)CC2)co1,-2.76342799356294,training
c1ccc(CN2CCC(n3cccc3-c3cnco3)CC2)cc1,-2.88649072517248,training
Clc1ccc(N2CCN(CCCOc3ccc(-c4nc5ccccc5[nH]4)cc3)CC2)cc1,-1.43136376415899,training
CCCSc1ccccc1N1CCN(CCCOc2ccc(-c3nc4ccccc4[nH]3)cc2)CC1,-0.113943352306837,training
Fc1cccc2c1CC[C@@H](NCc1ccccc1)C2,-3.02118929906994,training
c1ccc(N2CCN(CCCOc3ccc(-c4nc5ccccc5[nH]4)cc3)CC2)cc1,-0.176091259055681,training
CCN1CCC[C@H]1CNC(=O)c1c(O)c(I)cc(OC)c1OC,0.795880017344075,test
COc1ccc(Br)cc1-c1nc(CN(C)C[C@@H]2CCN(Cc3ccccc3)C2)co1,-3.07918124604762,training
COc1cccc(C(=O)NC2CC3CCCC(C2)N3Cc2ccc(F)cc2)c1OC,0.677780705266081,training
O=Cc1ccn(C2CCN(Cc3ccccc3)CC2)c1,-4.49136169383427,training
c1cnc(N2CCN(CCCOc3ccc(-c4nc5ccccc5[nH]4)cc3)CC2)nc1,-1.17609125905568,training
COc1ccc(Br)cc1-c1nc(CN2CCN(c3ccccc3)CC2)co1,-2.81954393554187,training
CCCN(CCC)[C@@H]1CCc2c(F)cccc2C1,-0.935507265824713,training
CCCN[C@@H]1CCc2c(F)cccc2C1,-1.55388302664387,training
O=C1CC2(CCCC2)CC(=O)N1CCCCN[C@@H]1CCc2c(F)cccc2C1,-0.693726948923647,test
c1ccc(CN2CCC(n3cccc3)CC2)cc1,-4.17609125905568,training
CN1CCN(CCCOc2ccc(-c3nc4ccccc4[nH]3)cc2)CC1,-3.30102999566398,training
COc1ccc(Br)cc1-c1nc(CN2CCN(Cc3ccccc3)CC2)co1,-3.02118929906994,training
CCCN(CCCCN1C(=O)CC2(CCCC2)CC1=O)[C@@H]1CCc2c(F)cccc2C1,0.600326278518962,training
Oc1ccc(Br)cc1-c1nc(CN2CCN(c3ccccc3)CC2)co1,-3.88081359228079,training
O=Cc1cccn1C1CCN(Cc2ccccc2)CC1,-3.39794000867204,training
C[Si](C)(C)C#Cc1cccn1C1CCN(Cc2ccccc2)CC1,-3.88649072517248,training
CCCN(C(C)C)[C@@H]1CCc2c(F)cccc2C1,-2.29885307640971,test
COc1ccc(Br)cc1-c1nc(CNC2CCN(Cc3ccccc3)CC2)cs1,-2.31175386105575,training
N[C@@H]1CCc2c(F)cccc2C1,-2.17609125905568,training
N#CC(C#N)=Cc1cccn1C1CCN(Cc2ccccc2)CC1,-3.70757017609794,training
CCCN(Cc1ccccc1)[C@@H]1CCc2c(F)cccc2C1,-1.37657695705651,training
CC(C)N[C@@H]1CCc2c(F)cccc2C1,-3.16136800223497,training
COc1c(-c2nc(CNC[C@@H]3CCN(Cc4ccccc4)C3)co2)cc(Br)c2ccccc12,-3.76715586608218,test
Ic1cccn1C1CCN(Cc2ccccc2)CC1,-3.41497334797082,training
COc1cc(Br)cc(C(=O)NC2CCN(Cc3ccc(F)cc3)CC2)c1OC,0.346787486224656,training
COc1ccc(Br)cc1-c1nc(CN2CCN(c3ccccc3)CC2)cs1,-3.07554696139253,test
CCCCN(CCC)[C@@H]1CCc2c(F)cccc2C1,-0.645422269349092,test
c1ccc(CN2CCC(NCc3coc(-c4ccccc4)n3)CC2)cc1,-3.78532983501077,training
O=C(CCCN1CCC2(CC1)C(=O)NCN2c1ccccc1)c1ccc(F)cc1,0.527034705051495,training
CCCCN[C@@H]1CCc2c(F)cccc2C1,-2.19865708695442,training
c1ccc(N2CCN(CC[C@H]3CC[C@H](c4c[nH]c5ccccc54)CC3)CC2)nc1,-1.46239799789896,test
c1ccc(N2CCN(CCCOc3ccc(-c4nc5ccccc5[nH]4)cc3)CC2)nc1,-0.903089986991943,training
N#CC(C#N)=Cc1ccn(C2CCN(Cc3ccccc3)CC2)c1,-3.84509804001426,training
Clc1ccccc1N1CCN(CCCOc2ccc(-c3nc4ccccc4[nH]3)cc2)CC1,-1.25527250510331,test
c1ccc(CN2CCN(Cc3coc(-c4ccccc4)n3)CC2)cc1,-3.92427928606188,training
COc1ccc(Br)cc1-c1nc(CN2CCN(Cc3ccccc3)CC2)cs1,-2.80617997398389,training
O=C1Cc2cc(CCN3CCN(c4nsc5ccccc45)CC3)c(Cl)cc2N1,-0.88320703335239,test
Cc1nc2n(c(=O)c1CCN1CCC(c3noc4cc(F)ccc34)CC1)CCCC2,-1.11811916508624,training
CN(C)CCOC1=Cc2ccccc2Sc2ccc(Cl)cc21,-1.04921802267018,training
O=C1NCCN1CCN1CCC(c2cn(-c3ccc(F)cc3)c3ccc(Cl)cc23)CC1,-0.732393759822968,training
COc1cc(NC(=O)C2CC2)c(Cl)cc1C(=O)NC1CCN(Cc2ccccc2)C1,-1.32221929473392,training
CCCCN1CCCC1CNC(=O)c1cc(C#N)c2ccccc2c1OC,0.337242168318426,training
C1=C(c2nc3ccccc3o2)CCN(Cc2ccccc2)C1,-3.65321251377534,training
Clc1ccccc1CN1CC=C(c2nc3ccccc3s2)CC1,-3.14612803567824,training
O=C(N[C@H]1CC[C@H](CCN2CCN(c3cccc(Cl)c3Cl)CC2)CC1)C1CCCCC1,-0.653212513775344,training
Cc1ccc(N2CCN(CC[C@H]3CC[C@H](NC(=O)c4cccs4)CC3)CC2)cc1,-0.633468455579586,training
Fc1ccc(N2CCN(CC[C@H]3CC[C@H](Nc4ncccn4)CC3)CC2)cc1,-1.68124123737559,training
O=C(N[C@H]1CC[C@H](CCN2CCN(c3ccc(Cl)cc3)CC2)CC1)c1cccs1,-0.903089986991943,training
Cc1ccsc1C(=O)N[C@H]1CC[C@H](CCN2CCN(c3cccc(Cl)c3Cl)CC2)CC1,-1.29446622616159,training
O=C(N[C@H]1CC[C@H](CCN2CCN(c3cccc(Cl)c3)CC2)CC1)C1CCCCC1,-0.778151250383644,training
CCCN(C(=O)C1CCCCC1)[C@H]1CC[C@H](CCN2CCN(c3cccc(Cl)c3Cl)CC2)CC1,-1.92941892571429,test
c1cnc(N[C@H]2CC[C@H](CCN3CCN(c4cccnc4)CC3)CC2)nc1,-0.672097857935718,test
C1=C(c2nc3ccccc3[nH]2)CCN(Cc2ccccc2)C1,-3.64345267648619,training
Clc1ccc(CN2CC=C(c3nc4ccccc4[nH]3)CC2)cc1,-3.20411998265592,training
c1ccc(N2CCN(C[C@H]3CC[C@H](Nc4ncccn4)CC3)CC2)cc1,-1.94939000664491,training
Cc1ccc(C(=O)N[C@H]2CC[C@H](CCN3CCN(c4cccc(Cl)c4Cl)CC3)CC2)s1,-1.38021124171161,training
O=C(N[C@H]1CC[C@H](CCN2CCN(c3ccc(Cl)cc3)CC2)CC1)C1CCCCC1,-1.17609125905568,training
c1ccc(N2CCN(CC[C@H]3CC[C@H](Nc4ncccn4)CC3)CC2)nc1,-1.41497334797082,training
Clc1ccc2sc(C3=CCN(Cc4ccccc4)CC3)nc2c1,-3.25527250510331,test
CCCN1CC[C@H]2c3c(ccc4ccoc34)CC[C@H]21,-2.5092025223311,training
CCCN(CCC)C1CCc2c(ccc3ccoc23)C1,-1.7481880270062,training
c1cnc(N[C@H]2CC[C@H](CCN3CCc4ccccc4C3)CC2)nc1,-1.60205999132796,test
Clc1ccc(CN2CC=C(c3nc4cc(Cl)ccc4s3)CC2)cc1,-2.81954393554187,training
COc1ccccc1N1CCN(CC[C@H]2CC[C@H](Nc3ncccn3)CC2)CC1,-1.04139268515823,training
COc1ccc(N2CCN(CC[C@H]3CC[C@H](Nc4ncccn4)CC3)CC2)cc1,-1.50514997831991,training
c1cnc(N[C@H]2CC[C@H](CCN3CCN(c4ncccn4)CC3)CC2)nc1,-2.77085201164214,training
Clc1cccc(N2CCN(CC[C@H]3CC[C@H](Nc4ncccn4)CC3)CC2)c1Cl,-0.698970004336019,training
O=C(N[C@H]1CC[C@H](CCN2CCN(c3cccc(Cl)c3Cl)CC2)CC1)c1ccsc1,-0.672097857935718,training
Cc1cccc(N2CCN(CC[C@H]3CC[C@H](NC(=O)c4cccs4)CC3)CC2)c1,-0.380211241711606,training
Cc1ccc(N2CCN(CC[C@H]3CC[C@H](NC(=O)C4CCCCC4)CC3)CC2)cc1C,-0.716003343634799,valid
CN(C(=O)c1cccs1)[C@H]1CC[C@H](CCN2CCN(c3cccc(Cl)c3Cl)CC2)CC1,-0.6232492903979,training
CCCN(CCC)C1CCc2ccc3occc3c2C1,-1.65321251377534,test
Clc1ccc(CN2CC=C(c3nc4cc(Cl)ccc4[nH]3)CC2)cc1,-2.95424250943932,training
Cc1csc(C(=O)N[C@H]2CC[C@H](CCN3CCN(c4cccc(Cl)c4Cl)CC3)CC2)c1,-1.50514997831991,training
Clc1cccc(CN2CC=C(c3nc4ccccc4s3)CC2)c1,-2.79934054945358,valid
c1cnc(N[C@H]2CC[C@H](CCN3CCN(c4ccncc4)CC3)CC2)nc1,-3.36172783601759,training
O=C(N[C@H]1CC[C@H](CCN2CCN(c3ccccc3Cl)CC2)CC1)C1CCCCC1,-0.698970004336019,training
FC(F)(F)c1cccc(N2CCN(CC[C@H]3CC[C@H](Nc4ncccn4)CC3)CC2)c1,-1.50514997831991,training
CC(=O)N[C@H]1CC[C@H](CCN2CCN(c3ccccc3)CC2)CC1,-0.397940008672038,training
C1=C(c2ccccc2)CCN(CC[C@H]2CC[C@H](Nc3ncccn3)CC2)C1,-0.568201724066995,training
O=C(N[C@H]1CC[C@H](CCN2CCN(c3ccccn3)CC2)CC1)c1cccs1,-0.633468455579586,training
O=C(N[C@H]1CC[C@H](CCN2CCN(c3cccc(Cl)c3Cl)CC2)CC1)c1ccco1,-0.146128035678238,training
c1ccc(N2CCN(CC[C@H]3CC[C@H](Nc4ncnc5ccccc45)CC3)CC2)cc1,1.69897000433602,training
CCCN(CCC)C1CCc2ccc3ccoc3c2C1,-1.20951501454263,training
Clc1ccc2[nH]c(C3=CCN(Cc4ccccc4)CC3)nc2c1,-3.46239799789896,test
COc1cccc(N2CCN(CC[C@H]3CC[C@H](NC(=O)c4cccs4)CC3)CC2)c1,-0.146128035678238,training
O=C(N[C@H]1CC[C@H](CCN2CCN(c3ccccc3Cl)CC2)CC1)c1cccs1,0.301029995663981,training
O=C(N[C@H]1CC[C@H](CCN2CCN(c3cccc(Cl)c3Cl)CC2)CC1)C1CCCC1,-0.602059991327962,training
O=C(N[C@H]1CC[C@H](CCN2CCN(c3cccc(Cl)c3Cl)CC2)CC1)C1CCCCCC1,-0.681241237375587,training
c1cnc(N[C@H]2CC[C@H](CCN3CCN(c4cnccn4)CC3)CC2)nc1,-2.32221929473392,valid
C1=C(c2nc3ccccc3s2)CCN(Cc2ccccc2)C1,-2.7481880270062,training
COc1ccc(N2CCN(CC[C@H]3CC[C@H](NC(=O)c4cccs4)CC3)CC2)cc1,-1.09342168516224,test
c1ccc(N2CCN(CCC[C@H]3CC[C@H](Nc4ncccn4)CC3)CC2)cc1,-1.73239375982297,training
Cc1ccccc1N1CCN(CC[C@H]2CC[C@H](NC(=O)c3cccs3)CC2)CC1,-0.505149978319906,training
Clc1ccc2oc(C3=CCN(Cc4ccccc4)CC3)nc2c1,-3.20411998265592,training
CN(c1ncccn1)[C@H]1CC[C@H](CCN2CCN(c3ccccc3)CC2)CC1,-1.38021124171161,training
O=C(N[C@H]1CC[C@H](CCN2CCN(c3cccc(Cl)c3Cl)CC2)CC1)C12CC3CC(CC(C3)C1)C2,-1.34242268082221,test
COc1ccccc1N1CCN(CC[C@H]2CC[C@H](NC(=O)c3cccs3)CC2)CC1,0.221848749616356,training
O=C(N[C@H]1CC[C@H](CCN2CCN(c3cccc(Cl)c3)CC2)CC1)c1cccs1,-0.301029995663981,valid
CCCN(CCC)CC[C@H]1CC[C@H](Nc2ncccn2)CC1,-2.90308998699194,training
CCCN(CCC)[C@@H]1CCc2c(ccc3ccoc23)[C@@H]1C,-1.43136376415899,training
Cc1c(-c2ccccc2)nnn1C1CCN(Cc2ccccc2)CC1,-3.39794000867204,training
COc1ccccc1N1CCN(CCCCCNC(=O)c2cnn3ccccc23)CC1,-1.80810964824004,training
Cc1nn(C2CCN(Cc3ccccc3)CC2)cc1-c1ccccc1,-1.44715803134222,training
O=C(NCCCCN1CCN(c2cccc(Cl)c2Cl)CC1)c1cc2ccccc2s1,0.2344533600696,training
COc1ccccc1N1CCN(CCCCNC(=O)c2ccc3ccccc3c2)CC1,-0.011100326121297,training
COc1ccccc1N1CCN(CCCCNC(=O)c2cccn3nccc23)CC1,-1.30048678798603,valid
O=C(NCCCCN1CCN(c2cccc(Cl)c2Cl)CC1)c1cc2ccccc2o1,-0.020124416275922,training
c1ccc(CN2CCC(c3cc(-c4ccccc4)[nH]n3)CC2)cc1,-3.14612803567824,test
Cc1c(-c2ccccc2)cnn1C1CCN(Cc2ccccc2)CC1,-2.65321251377534,training
COc1ccccc1N1CCN(CCCCCNC(=O)c2cc3ccccn3n2)CC1,-1.70880318294458,training
Cc1cc(-c2ccccc2)n(C2CCN(Cc3ccccc3)CC2)n1,-3.47712125471966,valid
COc1ccccc1N1CCN(CCCCNC(=O)c2ccn3nccc3c2)CC1,-0.448551739201578,training
Cc1nnn(C2CCN(Cc3ccccc3)CC2)c1-c1ccccc1,-3.34242268082221,training
O=c1c(CO)coc2cc(OCCCN3CCC(c4noc5cc(F)ccc45)CC3)ccc12,-0.732393759822968,valid
Cc1c(C2CCN(Cc3ccccc3)CC2)n[nH]c1-c1ccccc1,-2.65321251377534,training
COc1ccccc1N1CCN(CCCNC(=O)c2cc3ccccn3n2)CC1,-2.81145770371205,test
COc1ccccc1N1CCN(CCCCNC(=O)c2ccc3ccnn3c2)CC1,-0.633468455579586,test
c1ccc(CN2CCC(n3nccc3-c3ccccc3)CC2)cc1,-2.90848501887865,training
Cc1c(-c2ccccc2)cnn1C1CCN(Cc2cccc(Cl)c2)CC1,-2.91381385238372,training
c1ccc(CN2CCC(n3cc(-c4ccccc4)nn3)CC2)cc1,-3.11394335230684,valid
c1ccc(CN2CCC(n3nnc(-c4ccccc4)n3)CC2)cc1,-3.14612803567824,training
Cc1nn(C2CCN(Cc3cccc(Cl)c3)CC2)cc1-c1ccccc1,-2.07918124604762,training
c1ccc(CN2CCC(n3cnc(-c4ccccc4)c3)CC2)cc1,-2.86923171973098,training
COc1ccccc1N1CCN(CCCCNC(=O)c2cnn3ccccc23)CC1,-1.25527250510331,training
COc1ccccc1N1CCN(CCCCNC(=O)c2cc3ccccc3s2)CC1,0.636613686250581,training
COc1ccccc1N1CCN(CCCCNC(=O)c2cccc3ccnn23)CC1,-1.46119828862249,training
Cc1nn(C2CCN(Cc3cccc(C#N)c3)CC2)cc1-c1ccccc1,-2.41497334797082,training
Cc1c(-c2ccccc2)cnn1C1CCN(Cc2cccc(C#N)c2)CC1,-3.64345267648619,training
COc1ccccc1N1CCN(CCNC(=O)c2cc3ccccn3n2)CC1,-2.39897240147827,training
COc1ccccc1N1CCN(CCNC(=O)c2cnn3ccccc23)CC1,-2.55630250076729,training
COc1ccccc1N1CCN(CCCCNC(=O)c2cc3ccccc3o2)CC1,-0.044278373395713,training
N#Cc1ccc2c(c1)C1CN(Cc3ccccc3)CC1CC2,-0.800029359244134,training
COc1ccccc1N1CCN(CCCCNC(=O)c2ccc(C(C)=O)cc2)CC1,0.0,training
COc1ccc(/C=C/C(=O)NCCCCN2CCN(c3ccccc3OC)CC2)cc1,0.42021640338319,valid
N#Cc1ccc2c(c1)OCC1CN(Cc3ccccc3)CC21,-1.40001963506516,training
c1ccc(CN2CC3COc4ccccc4C3C2)cc1,-2.09999123354468,training
COc1ccccc1N1CCN(CCCCNC(=O)/C=C/c2ccc(Oc3ccccc3)cc2)CC1,-1.00432137378264,training
COc1ccccc1N1CCN(CCCCNC(=O)/C=C/c2cccc(I)c2)CC1,-0.079181246047625,training
CCCN(CCC)C1CCC(=C(C#C[Si](C)(C)C)C#C[Si](C)(C)C)CC1,-3.44715803134222,training
CCCN(CCC)C1CCC(=C(C#Cc2ccccc2)C#Cc2ccccc2)CC1,-3.25527250510331,training
O=C1c2ccccc2CCCN1CCN1CCC(n2c(O)nc3cc(F)ccc32)CC1,-3.22999906594929,training
COc1ccccc1N1CCN(CCCCNC(=O)c2ccccc2I)CC1,-0.89209460269048,test
COc1ccccc1N1CCN(CCCCNC(=O)/C=C/c2ccc(I)cc2)CC1,0.301029995663981,training
COc1ccccc1N1CCN(CCCCNC(=O)/C=C/c2ccc(C(F)(F)F)cc2)CC1,-0.330413773349191,training
COc1ccccc1/C=C/C(=O)NCCCCN1CCN(c2ccccc2OC)CC1,0.2518119729938,training
Fc1ccc2c(c1)C1CN(Cc3ccccc3)CC1CO2,-0.899984562549391,training
CS(=O)(=O)Nc1ccc(CCN2CC3COc4ccc(C#N)cc4C3C2)cc1,-0.20002926655377,test
N#Cc1ccc2c(c1)[C@H]1CN(CCCCNC(=O)c3ccc(-c4ccc(N)cc4)cc3)C[C@@H]1CO2,0.700057099977233,training
CCCN(CCC)C1CCC(=CC#N)CC1,-4.11394335230684,training
CCCN(CCC)C1CC=C(C#N)CC1,-4.11394335230684,training
COc1ccccc1N1CCN(CCCCNC(=O)/C=C/c2ccc(-c3ccccc3)cc2)CC1,-1.20411998265592,test
COc1ccccc1N1CCN(CCCCNC(=O)/C=C/c2cccc3c2OCO3)CC1,0.259637310505756,training
CCCN1CC2COc3ccc(C#N)cc3C2C1,-1.20002926655377,training
COc1ccccc1N1CCN(CCCCNC(=O)c2sc3ccccc3c2Cl)CC1,-0.826074802700826,training
Clc1ccc2c(c1)C1CN(Cc3ccccc3)CC1CO2,-1.20002926655377,training
COc1ccc2c(c1)OCC1CN(Cc3ccccc3)CC21,-1.89998456254939,training
COc1ccccc1N1CCN(CCCCNC(=O)/C=C/c2ccc(F)cc2)CC1,0.288192770958809,training
COc1ccccc1N1CCN(CCCCNC(=O)/C=C/c2ccc3c(c2)OCO3)CC1,0.0,test
COc1ccccc1N1CCN(CCCCN2C(=O)c3cc4ccccc4cc3C2=O)CC1,-1.36735592102602,training
COc1ccc2c(c1)C1CN(Cc3ccccc3)CC1CO2,-1.89998456254939,training
COc1ccccc1N1CCN(CCCCNC(=O)c2ccc(I)cc2)CC1,-0.591064607026499,training
COc1ccccc1N1CCN(CCCCNC(=O)/C=C/c2ccsc2)CC1,0.193820026016113,valid
CCCN(CCC)C1CCC(=C(C#N)C#N)CC1,-3.20411998265592,training
COc1ccccc1N1CCN(CCCCNC(=O)/C=C/c2ccc(OCc3ccccc3)cc2)CC1,-1.29003461136252,test
COc1ccccc1N1CCN(CCCCNC(=O)/C=C/c2ccc(/C=C/C(=O)NCCCCN3CCN(c4ccccc4OC)CC3)cc2)CC1,-0.556302500767287,training
COc1ccccc1N1CCN(CCCCNC(=O)/C=C/C=C/c2ccccc2)CC1,-0.176091259055681,training
COc1ccccc1N1CCN(CCCCN2C(=O)c3cccc4cccc(c34)C2=O)CC1,-1.46239799789896,training
COc1ccccc1N1CCN(CCCCNC(=O)c2ccc(C(C)(C)C)cc2)CC1,-0.902546779313991,training
COc1ccccc1N1CCN(CCCCNC(=O)/C=C/c2ccccc2I)CC1,0.1249387366083,test
COc1ccccc1N1CCN(CCCCNC(=O)/C=C/c2ccc3ccccc3c2)CC1,0.167491087293764,valid
CC(=O)c1ccc(C(=O)Nc2ccc(CCN3CC4COc5ccc(C#N)cc5C4C3)cc2)cc1,0.100015437450609,test
CCCN(CCC)C1CC=C(C#Cc2ccccc2)CC1,-3.54406804435028,training
COc1ccccc1N1CCN(Cc2ccccc2CNC(=O)/C=C/c2ccccc2)CC1,-2.51188336097887,training
C#CC(C#C)=C1CCC(N(CCC)CCC)CC1,-3.64345267648619,training
COc1ccccc1N1CCN(CCCNC(=O)c2ccc(I)cc2)CC1,-2.59769518592551,training
COc1ccccc1N1CCN(CCCCNC(=O)c2cccc3c2-c2ccccc2C3=O)CC1,-0.471291711058939,test
CCS(=O)(=O)c1ccc(OC)c(-c2ccc(CN3CCc4ccccc4C3)[nH]2)c1,-1.49996186559619,test
CCN(Cc1ccc(-c2cc(S(=O)(=O)CC)ccc2OC)[nH]1)Cc1ccccc1Cl,-0.800029359244134,training
CCS(=O)(=O)c1ccc(OC)c(-c2ccc(CN3CCCCCC3c3ccc(C)cc3)[nH]2)c1,0.100015437450609,training
CCS(=O)(=O)c1ccc(OC)c(-c2ccc(CN3CCCCCC3c3ccc(OC)cc3)[nH]2)c1,-0.20002926655377,training
CCN(Cc1ccccc1)Cc1ccc(-c2cc(S(=O)(=O)CC)ccc2OC)[nH]1,0.50003813440381,training
CCS(=O)(=O)c1ccc(OC)c(-c2ccc(CN3CCCCCC3c3ccccc3C)[nH]2)c1,-2.0,training
CCN(Cc1ccc2c(c1)OCO2)Cc1ccc(-c2cc(S(=O)(=O)CC)ccc2OC)[nH]1,0.199970640755866,training
CCN(Cc1ccc(Cl)cc1)Cc1ccc(-c2cc(S(=O)(=O)CC)ccc2OC)[nH]1,0.400007822415902,training
CCS(=O)(=O)c1ccc(OC)c(-c2ccc(CN3CCCCCC3c3cccc(OC)c3)[nH]2)c1,-1.70001106232211,valid
CCN(Cc1cccc(Cl)c1)Cc1ccc(-c2cc(S(=O)(=O)CC)ccc2OC)[nH]1,-0.400019635065159,training
CCN(Cc1ccc(OC)cc1)Cc1ccc(-c2cc(S(=O)(=O)CC)ccc2OC)[nH]1,0.599980364934842,training
CCN(Cc1ccc(OC)c(OC)c1)Cc1ccc(-c2cc(S(=O)(=O)CC)ccc2OC)[nH]1,-1.10002573010786,training
CCN(Cc1cccc(OC)c1)Cc1ccc(-c2cc(S(=O)(=O)CC)ccc2OC)[nH]1,-0.899984562549391,training
CCN(CC)C(=O)[C@@H]1C=C2c3cccc4[nH]cc(c34)C[C@H]2N(C)C1,-1.43136376415899,training
CCN(Cc1ccc(C)cc1)Cc1ccc(-c2cc(S(=O)(=O)CC)ccc2OC)[nH]1,0.700057099977233,training
CCS(=O)(=O)c1ccc(OC)c(-c2ccc(C3CCCN3Cc3ccccc3)[nH]2)c1,-1.0,valid
CCN(Cc1ccc(-c2cc(S(=O)(=O)CC)ccc2OC)[nH]1)C1CCCc2ccccc21,-0.700011062322112,training
CCN(Cc1ccc(-c2cc(S(=O)(=O)CC)ccc2OC)[nH]1)C1CCc2ccccc21,0.100015437450609,training
CCN(Cc1ccc(-c2cc(S(=O)(=O)CC)ccc2OC)[nH]1)Cc1ccccc1OC,-1.0,training
CCN(Cc1cccc(C)c1)Cc1ccc(-c2cc(S(=O)(=O)CC)ccc2OC)[nH]1,-0.20002926655377,training
CCN(Cc1ccc(-c2cc(S(=O)(=O)CC)ccc2OC)[nH]1)Cc1ccccc1C,-0.49996186559619,training
N#Cc1cc(CN2CCN(c3ccccc3)CC2)c[nH]1,-2.85733249643127,training
Cc1c(-c2ccc(F)cc2)nc(O)n1C1CCN(Cc2ccccc2)CC1,-2.96848294855394,training
CCCN(CCC)CC1CCc2ccsc2C1,-1.77815125038364,valid
O=C(Nc1ccccc1)NC1CCN(Cc2ccccc2)CC1,-2.84509804001426,test
CCCN(CCc1ccsc1)CCc1cccs1,-2.06818586174616,training
C(#Cc1c[nH]c(CN2CCN(c3ccccc3)CC2)c1)c1ccccc1,-2.82607480270083,training
O=C(Nc1ccccn1)NC1CCN(Cc2ccccc2)CC1,-2.97772360528885,training
Oc1ccc2c(c1)C1OCCN(CCc3ccccc3)C1CC2,-3.19479175772192,training
c1ccc(N2CCN(Cc3ccc[nH]3)CC2)cc1,-2.75587485567249,training
CCCN(CCc1ccsc1)CCc1ccsc1,-2.03342375548695,training
CCCN1CC(c2ccccc2)OC2c3cc(O)ccc3CCC21,-1.07918124604762,training
C#Cc1c[nH]c(CN2CCN(c3ccccc3)CC2)c1,-2.92941892571429,training
Cn1c(-c2ccccc2)cn(C2CCN(Cc3ccccc3)CC2)c1=O,-2.17609125905568,training
Cc1c(-c2cccc(Cl)c2)nc(O)n1C1CCN(Cc2ccccc2)CC1,-2.39794000867204,training
Cc1c(-c2ccccc2)n(C)c(=O)n1C1CCN(Cc2ccccc2)CC1,-2.14612803567824,test
Cc1c(C2CCN(CCc3ccccc3)CC2)noc1-c1ccc(Cl)cc1,-2.88649072517248,training
c1cc2c(s1)CCC1NCCOC21,-3.47712125471966,training
Cc1c(-c2ccccn2)nc(O)n1C1CCN(Cc2ccccc2)CC1,-3.07918124604762,valid
Cc1cccc(CN2CCC(n3c(O)nc(-c4ccccc4)c3C)CC2)c1,-2.50514997831991,valid
CCCN(CCc1cccs1)[C@H]1CCc2c(O)cccc2C1,-0.60151678365001,training
Cc1nc(O)n(C2CCN(Cc3ccccc3)CC2)c1-c1ccccc1,-3.55630250076729,training
CCc1c(-c2ccccc2)nc(O)n1C1CCN(Cc2ccccc2)CC1,-2.11394335230684,training
CCCN(CCC)C1CCc2sccc2C1,-1.60205999132796,training
Cc1c(-c2cccs2)nc(O)n1C1CCN(Cc2ccccc2)CC1,-1.57978359661681,training
Cc1c(-c2ccccc2)nc(O)n1C1CCN(CC2CCCCC2)CC1,-3.04139268515822,training
Cc1c(-c2ccc(Cl)cc2)nc(O)n1C1CCN(Cc2ccccc2)CC1,-2.57978359661681,test
COc1ccc(-c2nc(O)n(C3CCN(Cc4ccccc4)CC3)c2C)cc1,-2.55630250076729,test
O=C(Nc1nccc2ccccc12)NC1CCN(Cc2ccccc2)CC1,-3.30102999566398,training
Cc1c(-c2ccccc2)nc(O)n1C1CCN(Cc2ccccc2)CC1,-2.38021124171161,training
CCCN(CCC)C1CCc2ccsc2C1,-1.44715803134222,training
CCCN1CCOC2c3ccsc3CCC21,-2.38021124171161,test
Cc1c(-c2ccccc2)n(-c2ccccc2)c(=O)n1C1CCN(Cc2ccccc2)CC1,-1.17609125905568,training
Cc1c(-c2ccccc2)nc(O)n1C1CCN(CCCc2ccccc2)CC1,-3.27875360095283,training
Oc1ccc2c(c1)C1OCCN(CCc3cccs3)C1CC2,-1.91907809237607,training
Oc1nc(-c2ccccc2)cn1C1CCN(Cc2ccccc2)CC1,-2.79934054945358,test
Cc1c(-c2ccccc2Cl)nc(O)n1C1CCN(Cc2ccccc2)CC1,-2.34242268082221,test
CCCN(CCC)CC1CCc2sccc2C1,-2.39269695325967,valid
CCCN(CCC)[C@@H]1Cc2cccc(O)c2C[C@H]1C,0.267606240177031,training
N#Cc1c[nH]c(CN2CCN(c3ccccc3)CC2)c1,-3.25527250510331,training
Cc1ccc(-c2nc(O)n(C3CCN(Cc4ccccc4)CC3)c2C)cc1,-2.34242268082221,training
Cc1c(-c2ccccc2)nc(O)n1C1CCN(Cc2ccc(Cl)cc2)CC1,-2.25527250510331,training
CCc1cc(Cl)c(OC)c(C(=O)NC[C@@H]2CCCN2CC)c1O,0.870739889609058,training
CCC(=O)OC1(c2ccccc2)CCN(CCCC(=O)c2ccccc2)CC1,-2.63245729218472,test
O=c1ccc2ccc(CNCCNc3ccccc3)cc2o1,-2.62736585659273,valid
CN(C)C(=O)C1(c2ccc(Cl)cc2)CCN(CCCC(=O)c2ccc(F)cc2)CC1,-1.63548374681491,training
CC(=O)NCC1(c2ccccc2)CCN(CCCC(=O)c2ccc(F)cc2)CC1,-4.0,training
CCN1CCC[C@H]1CNC(=O)c1c(O)c(Cl)cc(Cl)c1OC,-1.14405502705537,training
Cc1ccc2c(c1)Sc1c(ccc3ccccc13)N2CCCN(C)C,-3.15198239545747,test
CN1CCc2cccc3c2[C@H]1Cc1ccc(O)c(O)c1-3,-0.970811610872518,training
CCCN(CCC)CCC(O)c1cc2c(c3ccccc13)CCCC2,-3.09968064110925,training
CCC(=O)OC1(c2ccccc2)CCN(CCC(=O)c2ccccc2)CC1C,-4.0,training
COc1ccccc1N1CCC(CNCC2COc3ccc(Cl)cc3O2)CC1,-0.204119982655925,valid
CC1CCN(CC[C@H]2CCCN2S(=O)(=O)c2cccc(O)c2)CC1,-3.40000061697638,training
Cc1ccc(C)c2c1Sc1c(ccc3ccccc13)N2CCCN(C)C,-2.64542226934909,training
OC(CCCN1CCN2CCc3[nH]c4ccccc4c3C2C1)c1ccc(F)cc1,-3.38237730346811,training
O=c1[nH]c2ccccc2n1CCCN1CCN(C(c2ccccc2)c2ccccc2)CC1,-1.79726754083072,training
O=C(CCCN1CCN2Cc3[nH]c4ccccc4c3CC2C1)c1ccc(F)cc1,-1.04139268515823,training
O=C(CCCN1CCN2c3ccccc3CCC2C1)c1ccc(F)cc1,-1.9216864754836,valid
CCOc1ccc(NC(=O)C2CCCN(CCc3ccccc3)C2)cc1,-4.0,training
c1ccc2c3c([nH]c2c1)CCN1CCN(CCc2ccncc2)CC31,-4.0,training
CC1CCN(CC[C@H]2CCCN2S(=O)(=O)c2cccc3ccccc23)CC1,-3.10000158280135,training
O=c1[nH]c2ccccc2n1CCCN1CCC(n2c(=O)[nH]c3cc(Cl)ccc32)CC1,-0.759491573480106,training
CCCCCN1CCN(C(CC(=O)c2ccccc2)C(=O)c2ccccc2)CC1,-4.0,training
O=C(OC1(c2nccc3ccccc23)CCN(CCc2ccccc2)CC1)c1ccccc1,-3.0,training
CCOc1ccccc1OCCN[C@H](C)Cc1ccc(OC)c(S(N)(=O)=O)c1,0.552841968657781,valid
CCCCN(CCCC)Cc1c(C)nc2cc(OC)ccc2c1O,-4.0,valid
Cc1cccc(S(=O)(=O)N2CCC[C@@H]2CCN2CCC(C)CC2)c1,-3.10000158280135,training
O=C(CCCCN1CCN2c3ccccc3CCC2C1)c1ccccc1,-2.47275644931721,valid
CCCCN(CC)CC(C(C)=O)C1=C(O)OC2C=CC=CC2C1=O,-4.0,training
CC1CCN(CC[C@H]2CCCCN2S(=O)(=O)c2cccc3ccccc23)CC1,-3.0,valid
CCCCN1C/C(=C\c2ccc(Br)cc2)C(=O)/C(=C/c2ccc(Br)cc2)C1,-3.0,test
Oc1ccc2c(c1)O[C@@H](CNCc1ccccc1)CC2,-0.380211241711606,training
CC(C)Oc1ccccc1N1CCN(C[C@@H](O)CNC(=O)c2ccc3c(c2)C(=O)N(c2ccc(N(C)C)cc2)C3=O)CC1,-1.79239168949825,training
CC1CCN(CC[C@H]2CCCN2S(=O)(=O)c2ccc(Cl)c(Cl)c2)CC1,-3.0,test
CCN(CC)CCCN(C)Cc1c(-c2ccccc2)oc(-c2ccccc2)c1Cl,-3.14019367857863,training
CCCCCCCN1CCC(C(=O)CC)(c2cccc(O)c2)CC1,-3.41747169320329,training
CCCCN1CN(CCCC)CN(C(=S)c2c(Cl)cccc2Cl)C1,-4.0,training
CCCN(CCC)CN1C(=O)c2ccccc2C1=O,-4.0,training
O=C(CCN1CCN2c3ccccc3CCC2C1)c1ccc(F)cc1,-2.66745295288995,training
CCCN(CCC#N)CN1C(=O)c2ccccc2C1=O,-4.0,training
CCn1c2ccccc2c2cc(NCCCN(C)C)ccc21,-4.0,training
N#CCCN(CCCN1CCOCC1)CN1C(=O)c2ccccc2C1=O,-4.0,training
CC1CCN(CC[C@H]2CCCN2S(=O)(=O)c2cccc(Br)c2)CC1,-2.80000182781797,training
CN(C)CCCN1c2ccccc2Sc2ccc(Cl)cc21,-0.774451269157471,training
CCCCN1CSC(=S)N(Cc2ccccc2)C1,-4.0,training
CCCN(CCC)C1CCc2cc3c(cc2C1)OCC3,-1.1070402902232,training
CN1CCN(Cc2cnn3ccccc23)CC1,-4.53147891704226,training
CC(=O)c1ccc(-c2ccc(C(=O)NCCCCN3CCc4ccc(OS(=O)(=O)C(F)(F)F)cc4C3)cc2)cc1,-0.400019635065159,training
O=C(/C=C/c1ccc2[nH]ccc2c1)NCCCCN1CCc2ccc(OS(=O)(=O)C(F)(F)F)cc2C1,-0.299942900022767,training
O=C(/C=C/c1ccc(Cl)c(Cl)c1)NCCCCCN1CCC(c2c[nH]c3ccc(O)cc23)CC1,-0.899984562549391,training
COc1ccccc1N1CCN(CCCCNC(=O)c2ccc(-c3ccc(N)cc3)cc2)CC1,0.700057099977233,training
COc1ccc(/C=C/C(=O)NCCCCN2CCc3ccc(OS(=O)(=O)C(F)(F)F)cc3C2)cc1,-0.599992177584098,valid
O=C(/C=C/c1ccc2ccccc2c1)NCCCCN1CCc2ccc(OS(=O)(=O)C(F)(F)F)cc2C1,-0.700011062322112,training
O=C(/C=C/c1cnc2ccccc2c1)NCCCCN1CCc2ccc(OS(=O)(=O)C(F)(F)F)cc2C1,-0.599992177584098,valid
O=C(NCCCCN1CCc2ccccc2C1)c1ccc(-c2ccccc2)cc1,-1.40001963506516,training
O=C(NCCCCN1CCc2ccc(OS(=O)(=O)C(F)(F)F)cc2C1)c1cccc(-c2ccccc2)c1,-2.09999123354468,training
Ic1ccc(N2CCN(Cc3cnn4ccccc34)CC2)cc1,-3.82607480270083,training
Cc1ccccc1-c1ccc(C(=O)NCCCCN2CCc3ccc(OS(=O)(=O)C(F)(F)F)cc3C2)cc1,-1.70001106232211,valid
CCCN(CCCCNC(=O)c1ccc(-c2ccccc2)cc1)C1CCc2c(cccc2OS(=O)(=O)C(F)(F)F)C1,-0.20002926655377,valid
Clc1cccc(N2CCN(Cc3cnn4ccccc34)CC2)c1,-2.7481880270062,valid
COc1ccc(OC)c(N2CCN(CCCCNC(=O)c3ccc(Br)cc3)CC2)c1,-0.49996186559619,training
Oc1ccccc1OCCNCc1ccccc1,-2.44947839918736,training
CS(=O)(=O)Nc1cccc(OCCNCc2ccccc2)c1,-1.62838893005031,training
CN(C)c1ccc(/C=C/C(=O)NCCCCN2CCc3ccc(OS(=O)(=O)C(F)(F)F)cc3C2)cc1,-0.599992177584098,training
O=C(c1cnn2ccccc12)N1CCN(c2ccc(Cl)cc2)CC1,-4.78532983501077,training
COc1ccccc1N1CCN(CCCCNC(=O)c2ccc(Br)cc2)CC1,0.299988937677888,training
Cc1nnc(-c2ccc(-c3ccc(C(=O)NCCCCN4CCc5ccc(OS(=O)(=O)C(F)(F)F)cc5C4)cc3)cc2)o1,-0.299942900022767,test
O=C(/C=C/c1ccc2ccccc2n1)NCCCCN1CCc2ccc(OS(=O)(=O)C(F)(F)F)cc2C1,-0.599992177584098,valid
O=C(/C=C/c1ccc2ncccc2c1)NCCCCN1CCc2ccc(OS(=O)(=O)C(F)(F)F)cc2C1,-0.49996186559619,training
Clc1ccc(N2CCN(Cc3cnn4ccc5ccccc5c34)CC2)cc1,-3.7160033436348,training
CC(=O)c1ccc(/C=C/C(=O)NCCCCN2CCc3ccc(OS(=O)(=O)C(F)(F)F)cc3C2)cc1,-0.599992177584098,training
CC(=O)c1cccc(/C=C/C(=O)NCCCCN2CCc3ccc(OS(=O)(=O)C(F)(F)F)cc3C2)c1,-0.599992177584098,training
CNC(=O)c1ccc(-c2ccc(C(=O)NCCCCN3CCc4ccc(OS(=O)(=O)C(F)(F)F)cc4C3)cc2)cc1,-0.400019635065159,training
O=C(NCCCCN1CCc2ccc(OS(=O)(=O)C(F)(F)F)cc2C1)c1ccc(-c2ccc(N3CCCC3=O)cc2)cc1,-0.400019635065159,training
Oc1ccc2c(c1)O[C@@H](CNCc1ccccc1)CO2,-0.041392685158225,training
O=C(NCCCCN1CCN(c2ccccc2)CC1)c1ccc(Br)cc1,-0.800029359244134,valid
CNC(=O)c1cccc(-c2ccc(C(=O)NCCCCN3CCc4ccc(OS(=O)(=O)C(F)(F)F)cc4C3)cc2)c1,-0.299942900022767,training
Clc1ccc(N2CCN(Cc3cnc4ccccn34)CC2)cc1,-3.72427586960079,training
Clc1ccccc1N1CCN(Cc2cnn3ccccc23)CC1,-2.36172783601759,training
c1ccn2ncc(CN3CCN(C4CCCCC4)CC3)c2c1,-3.74036268949424,training
CS(=O)(=O)Nc1cc(OCCNCc2cccs2)ccc1Cl,-1.44404479591808,training
Cc1cc(C(=O)NCCCCN2CCc3ccc(OS(=O)(=O)C(F)(F)F)cc3C2)ccc1-c1ccccc1,-1.70001106232211,test
O=C(NCCCCN1CCc2ccc(OS(=O)(=O)C(F)(F)F)cc2C1)c1ccc(-c2ccccc2)cc1,-0.899984562549391,training
O=C(/C=C/c1ccc(Cl)c(Cl)c1)N[C@H]1CC[C@@H](CN2[C@H]3CC[C@@H]2C[C@@H](c2c[nH]c4ccc(O)cc24)C3)CC1,-3.40000061697638,training
O=C(/C=C/c1ccc2nc(O)ccc2c1)NCCCCN1CCc2ccc(OS(=O)(=O)C(F)(F)F)cc2C1,-0.400019635065159,training
Clc1ccc(N2CCN(Cc3cnn4c3ccc3ccccc34)CC2)cc1,-4.32221929473392,training
CS(=O)(=O)Nc1cc(OCCNCc2ccccc2)ccc1Cl,-1.04139268515823,valid
COc1ccccc1N1CCN(CCCCNC(=O)c2ccc(-c3ccc(C(C)=O)cc3)cc2)CC1,0.50003813440381,training
CCCN(CCCCNC(=O)c1ccc(-c2ccccc2)cc1)C1CCc2c(Cl)cccc2C1,-0.20002926655377,training
Clc1ccc(N2CCN(Cc3cnn4c3CCCC4)CC2)cc1,-3.04139268515822,training
COc1cccc(/C=C/C(=O)NCCCCN2CCc3ccc(OS(=O)(=O)C(F)(F)F)cc3C2)c1,-0.49996186559619,training
O=C(/C=C/c1c[nH]c2ccccc12)NCCCCN1CCc2ccc(OS(=O)(=O)C(F)(F)F)cc2C1,-0.599992177584098,training
c1ccc(N2CCN(Cc3cnn4ccccc34)CC2)cc1,-3.20411998265592,training
COc1ccccc1N1CCN(CCCCNC(=O)c2ccc(-c3ccc(S(C)(=O)=O)cc3)cc2)CC1,0.50003813440381,training
Cn1c(=O)ccc2cc(/C=C/C(=O)NCCCCN3CCc4ccc(OS(=O)(=O)C(F)(F)F)cc4C3)ccc21,-1.0,training
Clc1ccc(N2CCN(Cc3cnc4ncccn34)CC2)cc1,-3.81954393554187,training
O=C(CCCN1CCN(c2ccccn2)CC1)c1ccc(F)cc1,-1.72427586960079,valid
CCCN1CCc2nn3ccccc3c2C1,-1.20411998265592,training
c1ccc(C2CCN(Cc3c[nH]c4ccccc34)CC2)cc1,-1.97772360528885,valid
c1ccc(N2CCN(Cc3c[nH]c4ccccc34)CC2)cc1,-2.44715803134222,valid
CCCN(CCC)[C@H]1CCc2nn3ccccc3c2C1,0.267606240177031,training
CC1CCN(Cc2c[nH]c3ccccc23)CC1,-3.82607480270083,training
Clc1ccc(CN2CCC(c3cc(-c4ccc(Cl)cc4)on3)CC2)cc1,-2.63346845557959,training
Cc1c(-c2ccc(Cl)cc2)noc1C1CCN(CCc2ccccc2)CC1,-2.68124123737559,test
CCN1CCCCCC1c1ccc(-c2cc(S(=O)(=O)CC)ccc2OC)[nH]1,-0.299942900022767,valid
CCN1CCCC1CNC(=O)c1cc(S(=O)(=O)CC)ccc1OC,-0.800029359244134,training
CCS(=O)(=O)c1ccc(OC)c(-c2ccc(CN3CCCCC3)[nH]2)c1,-1.40001963506516,training
Clc1ccc(CN2CCC(c3cc(-c4ccc(Cl)cc4)[nH]n3)CC2)cc1,-2.91381385238372,training
CCS(=O)(=O)c1ccc(OC)c(-c2ccc(CN3CCCC3)[nH]2)c1,-1.80002935924413,valid
CCN1CCCCC1c1ccc(-c2cc(S(=O)(=O)CC)ccc2OC)[nH]1,-0.299942900022767,training
COc1c(C(=O)N[C@@H]2CCN(Cc3ccccc3)C2)cc(I)c2ccccc12,-1.52504480703685,training
CCS(=O)(=O)c1ccc(OC)c(-c2ccc(CN3CCCC3c3ccccc3)[nH]2)c1,0.0,test
CCS(=O)(=O)c1ccc(OC)c(-c2ccc(CN3CCCCC3c3ccccc3)[nH]2)c1,-0.100025730107863,training
Fc1ccc2[nH]c(CN3CCN(c4ccccn4)CC3)cc2c1,-2.7481880270062,training
C#Cc1cc(C(=O)N[C@@H]2CCN(Cc3ccccc3)C2)c(OC)c2ccccc12,-1.91645394854993,training
CCS(=O)(=O)c1ccc(OC)c(-c2ccc(CN3CCCCCCC3c3ccccc3)[nH]2)c1,-1.29994290002277,training
COc1c(C(=O)N[C@@H]2CCN(Cc3ccccc3)C2)cc(C#Cc2ccccc2)c2ccccc12,-3.0,training
CCS(=O)(=O)c1ccc(OC)c(-c2ccc(CN3CCOCC3)[nH]2)c1,-2.90000096515347,test
CCS(=O)(=O)c1ccc(OC)c(-c2ccc(C(C)N3CCCCCC3)[nH]2)c1,-1.29994290002277,training
CNc1cc(OC)c(C(=O)NC2CCN(Cc3ccccc3)CC2)cc1Cl,-2.20411998265592,training
CCN1CCCC1c1ccc(-c2cc(S(=O)(=O)CC)ccc2OC)[nH]1,-0.700011062322112,training
CCS(=O)(=O)c1ccc(OC)c(-c2ccc(C(C)N3CCCC3)[nH]2)c1,-1.29994290002277,training
CCS(=O)(=O)c1ccc(OC)c(-c2ccc(C(C)N3CCCCC3)[nH]2)c1,-1.0,training
CCN(CC)Cc1ccc(-c2cc(S(=O)(=O)CC)ccc2OC)[nH]1,-1.5999921775841,training
CCCN1CCOC2c3cc(O)ccc3[S+](O)CC21,-1.46239799789896,training
CCS(=O)(=O)c1ccc(OC)c(-c2ccc(CN3CCCCCC3)[nH]2)c1,-1.20002926655377,training
Cc1c(C2CCN(CCc3ccccc3)CC2)n[nH]c1-c1ccc(Cl)cc1,-3.07918124604762,training
Clc1ccc(CN2CCC(c3cc(-c4ccc(Cl)cc4)no3)CC2)cc1,-1.90579588036787,training
CN(C)CCCOc1ccc(-c2nc3ccccc3n2C/C=C/Cn2c(-c3ccc(OCCCN(C)C)cc3)nc3ccccc32)cc1,-2.15836249209525,training
C(=C/Cn1c(-c2ccc(OCCCN3CCN(c4ccccc4)CC3)cc2)nc2ccccc21)\Cn1c(-c2ccc(OCCCN3CCN(c4ccccc4)CC3)cc2)nc2ccccc21,-2.43933269383026,training
CCCNC1CCc2c(cccc2OC)C1,-2.13353890837022,test
CCCN(CCC)C1CCc2c(cccc2OC)C1,-2.72345567203519,training
CCCN(CCc1cccs1)C1CCc2c(cccc2OC2CCCC2)C1,-2.32428245529769,training
COc1c(C(=O)NCCN2CCN(c3ccccc3)CC2)cc2ccccc2c1Br,-2.50000306805169,training
COc1ccccc1N1CCN(CC2CN=C3c4ccccc4NC(=O)N32)CC1,-2.99343623049761,training
CCOc1c(C(=O)NCCN2CCN(c3ccccc3OC)CC2)cc(Br)c2ccccc12,-1.89998456254939,valid
CCCN(CCc1ccccc1)C1CCc2ccc(O)cc2C1,-0.296665190261531,training
CCNC1CCc2c(cccc2OC)C1,-2.69983772586725,training
NC1CCc2c(O)cccc2C1,-2.53529412004277,training
COc1ccc(Br)cc1C(=O)NCCN1CCN(c2ccccc2)CC1,-2.50000306805169,training
CCCN(CCc1ccsc1)C1CCc2c(O)cccc2C1,-0.260071387985075,training
NC1CCc2ccc(O)cc2C1,-0.709269960975831,training
CCN(CC)CCCOc1ccc(-c2nc3ccccc3n2CCCCCCn2c(-c3ccc(OCCCN(CC)CC)cc3)nc3ccccc32)cc1,-2.11727129565576,training
CCN(CC)CCCOc1ccc(-c2nc3ccccc3n2C/C=C/Cn2c(-c3ccc(OC)cc3)nc3ccccc32)cc1,-1.41497334797082,test
COc1c(C(=O)NCCN2CCN(c3ccccc3C#N)CC2)cc(Br)c2ccccc12,-1.70001106232211,training
c1ccc(C2=N[C@@H](CN3CCN(c4ccccc4)CC3)CS2)cc1,-3.07918124604762,training
CCc1cc(Cl)c(O)c(C(=O)NCCN2CCN(c3ccccc3)CC2)c1OC,-3.1999991251968,training
COc1c(C(=O)NCCN2CCN(c3cccc(Cl)c3C)CC2)cc(Br)c2ccccc12,-1.70001106232211,training
COc1c(C(=O)NCCN2CCC(c3ccccc3)CC2)cc(Br)c2ccccc12,-1.89998456254939,valid
CCN(CC)CCCOc1ccc(-c2nc3ccccc3n2C/C=C/Cn2c(-c3ccc(OCCCN4CCN(c5ccccc5)CC4)cc3)nc3ccccc32)cc1,-1.27875360095283,training
COc1c(C(=O)NCCN2CCN(c3ccc(Cl)c(Cl)c3)CC2)cc(Br)c2ccccc12,-2.30000820255381,training
CCCN(C)C1CCc2ccc(O)cc2C1,0.130768280269024,training
COc1c(Cl)cc(Cl)c(O)c1C(=O)NCCN1CCN(c2ccccc2)CC1,-3.0,training
COc1c(C(=O)NCCN2CCN(c3cccc(Cl)c3Cl)CC2)cc(Cl)c2ccccc12,-1.5999921775841,training
CCN(CC)CCCOc1ccc(-c2nc3ccccc3n2Cc2ccc(Cn3c(-c4ccc(OCCCN(CC)CC)cc4)nc4ccccc43)cc2)cc1,-2.26481782300954,training
CCN(CC)CCCOc1ccc(-c2nc3ccccc3n2C/C=C/Cn2c(-c3ccccc3)nc3ccccc32)cc1,-2.12385164096709,training
CCCN(CCc1cccs1)C1CCc2ccc(O)cc2C1,0.1249387366083,test
COc1ccccc1N1CCN(CC2CN3C(=O)Nc4ccccc4C3=N2)CC1,-3.34242268082221,training
CCCCN(CCCC)CCCOc1ccc(-c2nc3ccccc3n2C/C=C/Cn2c(-c3ccc(OCCCN(CCCC)CCCC)cc3)nc3ccccc32)cc1,-0.903089986991943,training
CCCNC1CCc2c(O)cccc2C1,0.1249387366083,training
CCCN(CCc1ccccc1)C1CCc2c(O)cccc2C1,-0.527629900871339,training
CCOc1c(C(=O)NCCN2CCN(c3ccccn3)CC2)cc(Br)c2ccccc12,-1.89998456254939,training
COc1c(C(=O)NCCN2CCN(c3cccc(C(F)(F)F)c3)CC2)cc(Br)c2ccccc12,-2.40000234592796,valid
CCN(CC)CCCOc1ccc(-c2nc3ccccc3n2C/C=C/Cn2c(C)nc3ccccc32)cc1,-3.07954300740291,training
CCCNC1CCc2ccc(O)cc2C1,0.180456064458131,training
COc1c(C(=O)NCCN2CCN(c3ccc4ccccc4n3)CC2)cc(Br)c2ccccc12,-2.40000234592796,training
COc1cccc2c1CCC(N)C2,-2.83442070368153,valid
C(=C/Cn1c(-c2ccc(OCCCN3CCCC3)cc2)nc2ccccc21)\Cn1c(-c2ccc(OCCCN3CCCC3)cc2)nc2ccccc21,-0.954242509439325,training
CCOc1c(C(=O)NCCN2CCN(c3cccc(C(F)(F)F)c3)CC2)cc(Br)c2ccccc12,-2.09999123354468,training
COc1cccc2c1CCC(N(C)C)C2,-2.55750720190566,training
COc1c(C(=O)NCCN2CCN(c3ccc(F)cc3F)CC2)cc(Br)c2ccccc12,-2.30000820255381,training
COc1c(C(=O)NCCN2CC=C(c3ccccc3)CC2)cc(Br)c2ccccc12,-1.29994290002277,test
CCN(CC)CCCOc1ccc(-c2nc3ccccc3n2CCCCn2c(-c3ccc(OCCCN(CC)CC)cc3)nc3ccccc32)cc1,-1.44715803134222,training
CN(C)C1CCc2ccc(O)cc2C1,-0.14921911265538,training
C(=C/Cn1c(-c2ccc(OCCCN3CCCCC3)cc2)nc2ccccc21)\Cn1c(-c2ccc(OCCCN3CCCCC3)cc2)nc2ccccc21,-1.0,training
CCN(C)C1CCc2ccc(O)cc2C1,0.148741651280925,training
COc1c(C(=O)NCCN2CCN(c3ccccn3)CC2)cc(Br)c2ccccc12,-1.89998456254939,training
COc1ccc2c(c1)CC(N)CC2,-3.34635297445064,training
COc1c(Cl)cc(Cl)c(O)c1C(=O)NCCN1CCN(c2cccc(Cl)c2Cl)CC1,-2.70000239714225,training
CCN(CC)C1CCc2c(cccc2OC)C1,-2.9329808219232,training
COc1ccc(Br)c(O)c1C(=O)NCCN1CCN(c2ccccc2)CC1,-2.60000308662774,training
CCCN(CCC)CCCOc1ccc(-c2nc3ccccc3n2C/C=C/Cn2c(-c3ccc(OCCCN(CCC)CCC)cc3)nc3ccccc32)cc1,-0.698970004336019,test
CCN(CC)CCCOc1ccc(-c2nc3ccccc3n2C/C=C/Cn2c(-c3ccc(OCCCC4CCCCC4)cc3)nc3ccccc32)cc1,-1.5910646070265,training
CNC1CCc2c(cccc2OC)C1,-2.61172330800734,training
COc1ccccc1N1CCN(CCn2c(=O)[nH]c3ccccc3c2=O)CC1,-1.86332286012046,test
COc1c(C(=O)NCCN2CCN(c3ccc(Cl)cc3Cl)CC2)cc(Br)c2ccccc12,-2.0,training
CCCCNC1CCc2c(cccc2OC)C1,-2.78031731214015,training
CCCN(CCC)[C@@H]1CCc2c(OS(=O)(=O)C(F)(F)F)cccc2[C@@H]1C,-1.60205999132796,training
Cc1nn2c(C#N)cccc2c1CN1CCN(c2ccc(Cl)cc2)CC1,-4.32221929473392,training
COc1ccc2c3c(c(=O)oc2c1)CN(CCc1ccccc1)CC3,-2.77158748088126,valid
Cc1nn2c(-c3ccc(F)cc3)cccc2c1CN1CCN(c2ccc(Cl)cc2)CC1,-3.57978359661681,training
Oc1ccc2c(c1)CC(NC/C=C/I)CC2,-1.48000694295715,training
CCCN(C/C=C/I)C1CCc2cc(O)ccc2C1,-0.342422680822206,training
Cc1ccc2c3c(c(=O)oc2c1)CN(Cc1ccccc1)CC3,-2.52891670027765,training
COc1ccc2c3c(c(=O)oc2c1)CN(Cc1ccccc1Cl)CC3,-3.41830129131975,valid
Clc1ccc(-c2cc(C3CCCN(Cc4ccccc4)C3)[nH]n2)cc1,-2.38021124171161,training
CC1(c2cc(-c3ccc(Cl)cc3)[nH]n2)CCN(Cc2ccccc2)CC1,-3.11394335230684,training
Cc1c(C2CCN(Cc3ccccc3)CC2)n[nH]c1-c1ccc(Cl)cc1,-2.63346845557959,valid
O=C(/C=C(\O)c1ccc(Cl)cc1)C1CCN(Cc2ccccc2)CC1,-2.70757017609794,training
CCCN(C/C=C/I)C1COc2ccc(O)cc2C1,-1.49692964807321,training
Cc1c(-c2ccccc2)n[nH]c1C1=CCN(CCc2ccccc2)CC1,-2.91907809237607,valid
Nc1nc(-c2ccc(Cl)cc2)cc(C2CCN(Cc3ccccc3)CC2)n1,-2.14612803567824,training
O=c1oc2cc(O)ccc2c2c1CN(Cc1ccc(Cl)cc1)CC2,-2.50105926221775,valid
CCCN(C/C=C/I)C1COc2c(O)cccc2C1,-0.825426117767823,training
Clc1ccc(N2CCN(Cc3cnn4c(N5CCN(Cc6ccccc6)CC5)cccc34)CC2)cc1,-2.61278385671974,valid
COc1ccc2c3c(c(=O)oc2c1)CN(Cc1ccc(C)cc1)CC3,-2.69108149212297,test
CCc1c(C2CCN(Cc3ccccc3)CC2)n[nH]c1-c1ccc(Cl)cc1,-1.66275783168157,test
COc1ccc2c3c(c(=O)oc2c1)CN(Cc1ccc(F)cc1)CC3,-2.73878055848437,test
CCCN[C@@H]1CCc2c(OS(=O)(=O)C(F)(F)F)cccc2[C@@H]1C,-2.23299611039215,training
Clc1ccc(-c2cc(C3CCN(CC4CCCCC4)CC3)[nH]n2)cc1,-2.85733249643127,training
c1ccc(CCN2CCC3(CCc4c3n[nH]c4-c3ccccc3)CC2)cc1,-2.77815125038364,training
Cc1c(-c2ccc(Cl)cc2)nc(N)nc1C1CCN(CCc2ccccc2)CC1,-3.04139268515822,valid
O=S(=O)(Nc1ccc2nccc(N3CCNCC3)c2c1)c1ccc2c(Cl)cccc2c1,-3.40000061697638,training
N#Cc1cccc2c(CN3CCN(c4ccc(Cl)cc4)CC3)cnn12,-4.41497334797082,training
CCCN(C/C=C/I)C1CCc2ccc(O)cc2C1,-0.267171728403014,test
Cc1cccc(S(=O)(=O)N(C)[C@H](C)CCN2CCC(C)CC2)c1,-3.59999981394342,training
Clc1ccc(-c2cc(C3CCN(Cc4ccccc4)CC3)[nH]n2)cc1,-2.20411998265592,training
COc1ccc2c3c(c(=O)oc2c1)CN(Cc1cccc(Cl)c1)CC3,-3.41995574848976,test
C#Cc1cccc2c(CN3CCN(c4ccc(Cl)cc4)CC3)c(C)nn12,-4.23044892137827,training
Cc1cc(C2CCN(Cc3ccccc3)CC2)[nH]n1,-3.53147891704225,training
c1ccc(CCN2CCC(c3cc(-c4ccccn4)[nH]n3)CC2)cc1,-3.55630250076729,training
CC1(C(=O)/C=C(\O)c2ccc(Cl)cc2)CCN(Cc2ccccc2)CC1,-2.70757017609794,training
COc1ccc2c3c(c(=O)oc2c1)CN(Cc1ccc(Cl)cc1)CC3,-3.44404479591808,training
Clc1ccc(-c2cc(C3CCN(CCCc4ccccc4)CC3)[nH]n2)cc1,-2.93951925261862,training
Cc1ccc2c3c(c(=O)oc2c1)CN(Cc1ccc(F)cc1)CC3,-3.34439227368511,training
Cc1nn2c(N3CCN(Cc4ccccc4)CC3)cccc2c1CN1CCN(c2ccc(Cl)cc2)CC1,-2.43136376415899,valid
Clc1ccc(-c2cc(C3CCCCN3Cc3ccccc3)[nH]n2)cc1,-3.25527250510331,valid
Clc1ccc(-c2cc(C3CCN(Cc4ccccc4)C3)[nH]n2)cc1,-2.96378782734556,valid
Clc1ccc(-c2cc(C3CCN(Cc4cccc(Cl)c4)CC3)[nH]n2)cc1,-3.63346845557959,training
c1ccc(CCN2CCC(c3cc(C4CCCCC4)n[nH]3)CC2)cc1,-3.07918124604762,training
c1ccc(CCN2CCC(c3cc(-c4cccs4)[nH]n3)CC2)cc1,-3.04139268515822,training
COc1ccc2c3c(c(=O)oc2c1OC)CN(Cc1ccccc1)CC3,-3.11394335230684,training
Clc1ccc(N2CCN(Cc3cnn4c(-c5ccccc5)cccc34)CC2)cc1,-2.92427928606188,test
C[Si](C)(C)c1cccc2c(CN3CCN(c4ccc(Cl)cc4)CC3)cnn12,-3.30102999566398,training
Cc1nn2c(-c3ccccc3)cccc2c1CN1CCN(c2ccc(Cl)cc2)CC1,-3.49136169383427,training
c1ccc(CCN2CCN(c3cc(-c4ccccc4)[nH]n3)CC2)cc1,-3.07918124604762,training
CCCN[C@@H]1CCc2c(C(=O)OC)cccc2[C@@H]1C,-2.40312052117582,training
O=Cc1cccc2c(CN3CCN(c4ccc(Cl)cc4)CC3)cnn12,-3.77085201164214,training
c1ccc(Cc2cc(C3CCN(Cc4ccccc4)CC3)[nH]n2)cc1,-3.32221929473392,training
COc1ccc2c3c(c(=O)oc2c1)CN(Cc1ccccc1)CC3,-1.77815125038364,training
CCCN(C/C=C/I)C1CCc2c(O)cccc2C1,0.00436480540245,training
COc1ccc2c3c(c(=O)oc2c1)CN(Cc1ccc(C(F)(F)F)cc1)CC3,-2.98497712641549,training
Cc1cccn2ncc(CN3CCN(c4ccc(Cl)cc4)CC3)c12,-3.9731278535997,training
Clc1ccc(-c2cc(C3CCN(Cc4ccccc4Cl)CC3)[nH]n2)cc1,-3.11394335230684,training
Fc1ccc(-c2cccc3c(CN4CCN(c5ccc(Cl)cc5)CC4)cnn23)cc1,-3.75587485567249,training
CCCN(CCC)C1CCc2ncccc2C1,-0.696356388733332,training
c1ccc(-c2nc(CN3CCN(c4cccnc4)CC3)c[nH]2)cc1,-2.46089784275655,test
CCCN(CCC)C1CCc2nc(N)sc2C1,-0.278753600952829,test
CCCN(CCC)C1CCc2cc(OC)ccc2C1,-2.56348108539441,training
c1ccc(-c2nc(CN3CCN(c4ccccn4)CC3)c[nH]2)cc1,-3.1846914308176,training
CCCN(CCC)C1CCc2nc(OC)ccc2C1,-2.19865708695442,training
Cc1[nH]c(-c2ccccc2)nc1CN1CCN(c2ncccn2)CC1,-3.47421626407626,training
CCCN(CCC)C1CCc2nc(N)ccc2C1,0.060480747381382,training
CCCN(CCC)C1CCc2n[nH]cc2C1,-1.55630250076729,training
c1ccc(-c2nc(CN3CCN(c4ccccc4)CC3)c[nH]2)cc1,-2.28555730900777,training
N#CC(C#N)=Cc1cc(CN2CCN(c3ccc(Cl)cc3)CC2)c[nH]1,-3.84198480459011,training
N#CC(C#N)=Cc1cc(CN2CCN(c3ccccc3)CC2)c[nH]1,-3.37106786227174,valid
CCCN(CCCCNC(=O)c1ccc(-c2ccccc2)cc1)C1CCc2c(cccc2OS(C)(=O)=O)C1,-0.100025730107863,training
CCCN(CCCCNC(=O)c1ccc(-c2ccccc2)cc1)C1CCc2c(O)cccc2C1,0.699513212013971,training
N#CC(C#N)=Cc1ccc(CN2CCN(c3ccc(Cl)cc3)CC2)[nH]1,-4.49136169383427,training
CCCN(CCCCNC(=O)c1ccc(-c2ccccc2)cc1)C1CCc2c(C#N)cccc2C1,0.299988937677888,training
N#CC(C#N)=Cc1[nH]ccc1CN1CCN(c2ccccc2)CC1,-3.84198480459011,training
c1ccc(CNC[C@H]2CCc3ccc4[nH]ccc4c3O2)cc1,-1.53147891704226,training
FC(F)(F)c1nc2c3c(ccc2[nH]1)CCC(CNCc1ccccc1)O3,-2.41995574848976,training
CN(CCCCNC(=O)c1ccc(-c2ccccc2)cc1)C1CCc2c(O)cccc2C1,-0.400019635065159,training
CCCN(CCCCNC(=O)c1ccc(-c2ccccc2)cc1)C1CCc2c(cccc2OCC2CC2)C1,-0.400019635065159,training
O=C1Cc2c(ccc3c2O[C@@H](CNCc2ccccc2)CC3)N1,-0.380211241711606,training
N#CC(C#N)=Cc1[nH]ccc1CN1CCN(c2ccc(Cl)cc2)CC1,-3.88081359228079,training
CCCN(CCCCNC(=O)c1ccc(-c2ccccc2)cc1)C1CCc2c(cccc2OC)C1,0.100015437450609,training
COc1cccc2c1CCC(N(C)CCCCNC(=O)c1ccc(-c3ccccc3)cc1)C2,-1.10002573010786,test
CCCN(CCCCNC(=O)c1ccc(-c2ccccc2)cc1)C1CCc2c(cccc2C(N)=O)C1,-0.599992177584098,training
CCCN(CCCCNC(=O)c1ccc(-c2ccccc2)cc1)C1CCc2c(Br)cccc2C1,-0.100025730107863,training
CCCN(CCCCNC(=O)c1ccc(-c2ccccc2)cc1)C1CCc2ccccc2C1,-0.20002926655377,training
N#CC(C#N)=Cc1ccc(CN2CCN(c3ccccc3)CC2)[nH]1,-3.72015930340596,training
N#Cc1ccc2c(c1)CCN(CC[C@H]1CC[C@H](NC(=O)c3cc4ccccc4[nH]3)CC1)CC2,-1.20002926655377,training
CCCN(CCC)C1Cc2ccc3nc(N)sc3c2C1,-1.04139268515823,training
CN(C)CCc1cccc2c1ccn2S(=O)(=O)c1ccccc1,-2.47712125471966,valid
N#Cc1ccc2c(c1)CCN(CC[C@H]1CC[C@H](NC(=O)c3cccc4ncccc34)CC1)CC2,-1.10002573010786,training
CC(=O)Nc1cccc(/C=C/C(=O)N[C@H]2CC[C@H](CCN3CCc4ccc(C#N)cc4CC3)CC2)c1F,-0.599992177584098,training
N#Cc1ccc2c(c1)CCN(CC[C@H]1CC[C@H](NC(=O)/C=C/c3ccc(F)cc3)CC1)CC2,-0.800029359244134,training
COc1ccc2c(c1)c(CCN(C)C)cn2S(=O)(=O)c1ccccc1,-1.90308998699194,training
N#Cc1ccc2c(c1)CCN(CC[C@H]1CC[C@H](NC(=O)c3ccc4c(c3)NC(=O)CO4)CC1)CC2,-0.800029359244134,training
N#Cc1ccc2c(c1)CCN(CC[C@H]1CC[C@H](NC(=O)/C=C/c3cccc(F)c3)CC1)CC2,-0.800029359244134,training
N#Cc1ccc2c(c1)CCN(CC[C@H]1CC[C@H](NC(=O)/C=C/c3ccccc3F)CC1)CC2,-1.0,training
N#Cc1ccc2c(c1)CCN(CC[C@H]1CC[C@H](NC(=O)c3ccnc4ccccc34)CC1)CC2,-1.40001963506516,training
CC(=O)c1cccc(/C=C/C(=O)N[C@H]2CC[C@H](CCN3CCc4ccc(C#N)cc4CC3)CC2)c1,-0.599992177584098,training
CN(C)CCc1cccc2c1cc(C(=O)c1ccccc1)n2S(=O)(=O)c1ccccc1,-1.81954393554187,training
NCCc1cccc2c1ccn2S(=O)(=O)c1ccccc1,-2.9731278535997,training
CCCN(CCC)C1Cc2cc3nc(N)sc3cc2C1,-0.146128035678238,training
CCOC(=O)c1[nH]c2ccccc2c1CCN(C)C,-2.04139268515822,training
N#Cc1ccc2c(c1)CCN(CC[C@H]1CC[C@H](NC(=O)c3ccc4ccccc4c3)CC1)CC2,-1.29994290002277,training
Cc1ccc(S(=O)(=O)n2cc3c4c(cccc42)[C@H](O)[C@@H](N(C)C)C3)cc1,-3.56820172406699,training
CCCN(CCC)C1COc2ccc3nc(N)sc3c2C1,-2.70757017609794,training
COc1cccc(/C=C/C(=O)N[C@H]2CC[C@H](CCN3CCc4ccc(C#N)cc4CC3)CC2)c1,-0.49996186559619,training
CN(C)CCc1cn(S(=O)(=O)c2ccccc2)c2ccccc12,-1.36172783601759,test
O=C(NCCCCN1CCN(c2cccc(Cl)c2Cl)CC1)c1ccc2c(c1)Cc1ccccc1-2,-0.23420784674726,training
CCCN(CCC)C1COc2c(ccc3sc(N)nc23)C1,-3.14612803567824,training
N#Cc1ccc2c(c1)CCN(CC[C@H]1CC[C@H](NC(=O)c3cccc4ccccc34)CC1)CC2,-1.29994290002277,valid
CC(=O)Nc1cccc(/C=C/C(=O)N[C@H]2CC[C@H](CCN3CCc4ccc(C#N)cc4CC3)CC2)c1,-0.49996186559619,training
N#Cc1ccc2c(c1)CCN(CC[C@H]1CC[C@H](NC(=O)c3ccc4ccc(O)nc4c3)CC1)CC2,-1.0,valid
CCCN(CCC)[C@@H]1CCn2ccc(C=O)c2C1,-2.70380277041051,training
CCCN(CCC)[C@H]1CCn2c(CO)ccc2C1,-2.6216280039451,training
CCCN(CCC)[C@@H]1CCn2c(C=O)ccc2C1,-3.25764258212235,training
CCCN(CCC)[C@@H]1CCn2cc(CO)cc2C1,-3.14806871204415,training
CCCN(CCC)[C@@H]1CCn2ccc(CO)c2C1,-2.51427540315713,training
CCCN(CCC)[C@H]1CCn2c(C)ccc2C1,-2.62678675278269,training
COc1ccc(S(=O)(=O)N2CCc3ccc(I)cc32)cc1N1CCNCC1,-3.0,valid
CCCN(CCCCNC(=O)c1ccc(-c2ccccc2)cc1)C1CCc2nc(N)ncc2C1,0.100015437450609,training
CCCN(CCCCNC(=O)c1ccc(-c2ccccc2)cc1)C1CCc2nc(NC)ncc2C1,-1.20002926655377,valid
CCCN(CCCCNC(=O)c1ccc(-c2ccccc2)cc1)C1CCc2nc(C)ncc2C1,-0.899984562549391,training
CCCN(CCCCNC(=O)c1ccc(-c2ccccc2)cc1)C1CCc2ncnc(OC)c2C1,-0.49996186559619,training
CCCN(CCCCNC(=O)c1ccc(-c2ccccc2)cc1)C1CCc2nc(SC)ncc2C1,-1.20002926655377,training
CCCNC1CCc2nc(N)sc2C1,-1.0,test
CCCN(CCCCNC(=O)c1ccc(-c2ccccc2)cc1)C1CCc2nc(N(C)C)ncc2C1,-1.40001963506516,training
CCCN(CCCCNC(=O)c1ccc(-c2ccccc2)cc1)C1CCc2nc(N)sc2C1,0.299988937677888,training
CCCN(CCCCNC(=O)c1ccc(-c2ccccc2)cc1)C1CCc2nc(C(C)(C)C)ncc2C1,-1.10002573010786,training
CCCN(CCCCNC(=O)c1ccc(-c2ccccc2)cc1)C1CCc2n[nH]cc2C1,-0.49996186559619,training
CC(C)Oc1ccccc1N1CCN(Cc2cccc(C(=O)N3CCCCC3)c2)CC1,-0.255272505103306,training
CCCN(CCCCNC(=O)c1ccc(-c2ccccc2)cc1)C1CCc2ncncc2C1,-2.09999123354468,test
CN(CCCCNC(=O)c1ccc(-c2ccccc2)cc1)C1CCc2nc(N)ncc2C1,-1.0,training
CCCN1CCO[C@@H]2c3cc4c(cc3CC[C@H]21)CCO4,-1.0,test
CCCN1CCC[C@@H]2c3cc4c(cc3CC[C@H]21)CCO4,-1.40001963506516,training
COc1ccc(N2CCN(Cc3c[nH]c4ncccc34)CC2)cc1,-3.5910646070265,training
c1c[nH]c2nc(CN3CCc4ccccc4C3)cc-2c1,-3.04139268515822,training
c1c2c(cc3c1CC[C@H]1NCCO[C@H]31)OCC2,-2.30000820255381,training
CC(C)CN1CCO[C@@H]2c3cc4c(cc3CC[C@H]21)CCO4,-2.09999123354468,training
c1ccc(CCC2CCN(Cc3cc4ccc[nH]c-4n3)CC2)cc1,-2.39794000867204,training
COc1ccc(N2CCN(CCc3c[nH]c4ncccc34)CC2)cc1,-2.72427586960079,valid
C1=C(/C=C/c2ccccc2)CCN(CCc2c[nH]c3ncccc23)C1,-2.25527250510331,training
Clc1ccc(N2CCN(CCc3cc4ccc[nH]c-4n3)CC2)cc1,-1.69897000433602,training
CN1CCO[C@@H]2c3cc4c(cc3CC[C@H]21)CCO4,-1.89998456254939,training
CCCN(CCC)[C@@H]1CCc2cccc(O)c2C1,-2.25285303097989,training
CCCN(CCC)C1CCc2cccc(OS(=O)(=O)C(F)(F)F)c2C1,-2.43616264704076,training
CCCNC1CCc2cccc(OS(=O)(=O)C(F)(F)F)c2C1,-2.8394780473742,training
c1ccc2c(c1)CCN(Cc1c[nH]c3ncccc13)C2,-2.23044892137827,training
CCCN1CCO[C@@H]2c3cc4c(cc3OC[C@H]21)CCO4,-2.70000239714225,training
C1=C(/C=C/c2ccccc2)CCN(CCc2cc3ccc[nH]c-3n2)C1,-1.39794000867204,training
c1c2c(cc3c1CC[C@@H]1[C@@H]3OCCN1CC1CC1)OCC2,-1.80002935924413,training
C1=C(c2ccccc2)CCN(CCc2c[nH]c3ncccc23)C1,-1.0,training
c1ccc(CCC2CCN(Cc3c[nH]c4ncccc34)CC2)cc1,-3.11394335230684,training
O=C(CCCN1C2CCC1CC(O)(c1ccc(Cl)cc1)C2)c1ccc(F)cc1,-0.463093808937636,training
Cn1cnc(-c2ccc3c(c2)c(C2CCN(CCC#N)CC2)cn3-c2ccc(F)cc2)n1,-3.07918124604762,training
C[C@H](CN1CCN(c2cc(F)c(F)cc2F)CC1)N1C(=O)CC2(CCCC2)CC1=O,-1.77085201164214,training
Cn1nnc(-c2ccc3c(c2)c(C2CCN(CCN4CCOC4=O)CC2)cn3-c2ccc(F)cc2)n1,-3.14612803567824,training
Cn1cnc(-c2ccc3c(c2)c(C2CCN(CCN4CCNC4=O)CC2)cn3-c2ccc(F)cc2)n1,-3.46239799789896,training
Cn1cnc(-c2ccc3c(c2)c(C2CCN(CCN4CCOC4=O)CC2)cn3-c2ccc(F)cc2)n1,-3.49136169383427,test
O=C1OCCN1CCN1CCC(c2cn(-c3ccc(F)cc3)c3ccc(-c4ncccn4)cc23)CC1,-3.44715803134222,training
Cn1nnc(-c2ccc3c(c2)c(C2CCN(CCN4CCNC4=O)CC2)cn3-c2ccc(F)cc2)n1,-3.07918124604762,training
N#CCCN1CCC(c2cn(-c3ccc(F)cc3)c3ccc(-c4ncccn4)cc23)CC1,-2.83250891270624,training
Cn1ccc(-c2ccc3c(c2)c(C2CCN(CCN4CCNC4=O)CC2)cn3-c2ccc(F)cc2)n1,-3.32221929473392,training
Cn1cnc(-c2ccc3c(c2)c(C2CCN(CCn4c(=O)[nH]c5ccccc5c4=O)CC2)cn3-c2ccc(F)cc2)n1,-2.77085201164214,training
COc1ccc(S(N)(=O)=O)cc1-c1ccc(CN2CCCCCC2c2ccccc2)[nH]1,-1.5999921775841,test
COc1ccc(S(=O)(=O)Oc2ccccc2)cc1-c1ccc(CN2CCCCCC2c2ccccc2)[nH]1,-1.0,training
COc1ccc(S(=O)(=O)N2CCOCC2)cc1-c1ccc(CN2CCCCCC2c2ccccc2)[nH]1,-0.20002926655377,training
Cc1cc2ccc(OCCCN3CCN(c4ccccc4)CC3)cc2oc1=O,-1.27646180417324,training
Cc1c(C)c2ccc(OCCCN3CCN(c4ccccc4)CC3)cc2oc1=O,-1.65030752313194,training
CCN(Cc1ccccc1)S(=O)(=O)c1ccc(OC)c(-c2ccc(CN3CCCCCC3c3ccccc3)[nH]2)c1,-0.800029359244134,valid
COc1ccc(S(=O)(=O)Nc2ccccc2)cc1-c1ccc(CN2CCCCCC2c2ccccc2)[nH]1,-1.89998456254939,training
COc1ccc(S(=O)(=O)N2CCCc3ccccc32)cc1-c1ccc(CN2CCCCCC2c2ccccc2)[nH]1,-0.800029359244134,training
COc1ccc(S(=O)(=O)Cc2ccccc2)cc1-c1ccc(CN2CCCCCC2c2ccccc2)[nH]1,-0.599992177584098,training
O=c1ccc2ccc(OCCCN3CCN(c4ccccc4)CC3)cc2o1,-1.69635638873333,training
COc1ccc(S(=O)(=O)C(C)C)cc1-c1ccc(CN2CCCCCC2c2ccccc2)[nH]1,-0.700011062322112,training
COc1ccc(S(=O)(=O)N(C)C)cc1-c1ccc(CN2CCCCCC2c2ccccc2)[nH]1,-0.299942900022767,training
COc1ccc(S(=O)(=O)N2CCc3ccccc3C2)cc1-c1ccc(CN2CCCCCC2c2ccccc2)[nH]1,-0.299942900022767,training
Cc1ccc(N2CCN(Cc3ccc4c(c3)NC(=O)CO4)CC2)cc1C,-2.93651374247889,valid
COc1ccc(C2CCN(Cc3ccc4c(c3)OCC(=O)N4)CC2)cc1,-2.63144376901317,test
O=C1COc2ccc(CN3CCN(c4ccccc4)CC3)cc2N1,-2.9237619608287,training
Cc1ccc(C2CCN(Cc3ccc4c(c3)OCC(=O)N4)CC2)cc1,-2.3654879848909,training
Cc1ccc(C2CCN(Cc3ccc4c(c3)OCC(=O)N4)CC2)cc1C,-2.93399316383124,training
COc1ccc(N2CCN(Cc3ccc4c(c3)OCC(=O)N4)CC2)cc1,-3.25285303097989,training
O=C1COc2cc(CN3CCN(c4ccccc4)CC3)ccc2N1,-1.01703333929878,training
Cc1ccc(N2CCN(Cc3ccc4c(c3)OCC(=O)N4)CC2)cc1C,-1.89486965674525,training
Cc1ccc(N2CCN(Cc3ccc4c(c3)NC(=O)CO4)CC2)cc1,-3.39619934709574,training
Cc1ccc(N2CCN(Cc3ccc4c(c3)OCC(=O)N4)CC2)cc1,-2.31806333496276,training
O=C1COc2cc(CN3CCN(c4ccc(Cl)cc4)CC3)ccc2N1,-2.8318697742805,training
COc1cc2c(cc1OC)C1=NO[C@@H](CN3CCN(C/C(C)=C/c4ccccc4)CC3)[C@@H]1CO2,-2.63648789635337,training
COc1cc2c(cc1OC)C1=NO[C@@H](CN3CCN(C/C=C(\C)c4ccccc4)CC3)[C@@H]1CO2,-2.78604121024255,training
COc1cc2c(cc1OC)C1=NO[C@@H](CN3CCN(Cc4ccc5ccccc5c4)CC3)[C@@H]1CO2,-2.02938377768521,training
COc1cc2c(cc1OC)C1=NO[C@@H](CN3CCN(C/C=C/c4ccccc4)CC3)[C@@H]1CO2,-2.43136376415899,test
O=C(NC/C=C/CN1CCN(c2cccc(Cl)c2Cl)CC1)c1cccnc1,-0.397940008672038,test
O=C(NC/C=C/CN1CCN(c2cccc(Cl)c2Cl)CC1)c1ccncc1,-0.301029995663981,training
O=C(NC/C=C/CN1CCN(c2cccc(Cl)c2Cl)CC1)c1ccc(-c2ccccn2)cc1,0.205372555335492,training
O=C(NC/C=C/CN1CCN(c2cccc(Cl)c2Cl)CC1)c1ccc(-c2cccnc2)cc1,0.045757490560675,training
O=C(NC/C=C/CN1CCN(c2cccc(Cl)c2Cl)CC1)c1ccc(-c2ccncc2)cc1,0.045757490560675,training
O=C(NC/C=C/CN1CCN(c2cccc(Cl)c2Cl)CC1)c1ccc(-c2ncccn2)cc1,-0.113943352306837,training
O=C(NC/C=C/CN1CCN(c2cccc(Cl)c2Cl)CC1)c1ccc(-c2ncc[nH]2)cc1,0.522878745280338,training
O=C(NC/C=C/CN1CCN(c2cccc(Cl)c2Cl)CC1)c1cnc2ccccc2n1,-0.57978359661681,training
O=C(NC/C=C/CN1CCN(c2cccc(Cl)c2Cl)CC1)c1cc2ccccc2s1,-0.218141468157678,training
O=C(NC/C=C/CN1CCN(c2cccc(Cl)c2Cl)CC1)c1cc2ccccc2o1,-0.322908104524472,valid
O=C(NC/C=C/CN1CCN(c2cccc(Cl)c2Cl)CC1)c1ccc2c(c1)Cc1ccccc1-2,-0.488550716500444,valid
O=C(NCCCCN1CCN(c2cccc(Cl)c2Cl)CC1)c1ccc(I)cc1,-0.204119982655925,training
O=C(NCCCCN1CCN(c2cccc(Cl)c2Cl)CC1)c1cnc2ccccc2n1,-0.146128035678238,test
O=C(NCCCCN1CCN(c2cccc(Cl)c2Cl)CC1)c1ccc(-c2ccccn2)cc1,0.330993219041424,training
O=C(NCCCCN1CCN(c2cccc(Cl)c2Cl)CC1)c1ccc(-c2cccnc2)cc1,0.301029995663981,training
O=C(NC/C=C/CN1CCN(c2cccc(Cl)c2Cl)CC1)c1ccccc1F,-0.079181246047625,training
O=C(NC/C=C/CN1CCN(c2cccc(Cl)c2Cl)CC1)c1cccc(F)c1,-0.230448921378274,training
O=C(NC/C=C/CN1CCN(c2cccc(Cl)c2Cl)CC1)c1ccc(F)cc1,0.0,valid
O=C(NC/C=C/CN1CCN(c2cccc(Cl)c2Cl)CC1)c1ccccc1Cl,-0.113943352306837,training
O=C(NC/C=C/CN1CCN(c2cccc(Cl)c2Cl)CC1)c1cccc(Cl)c1,-0.431363764158987,training
O=C(NC/C=C/CN1CCN(c2cccc(Cl)c2Cl)CC1)c1ccc(Cl)cc1,-0.414973347970818,training
O=C(NC/C=C/CN1CCN(c2cccc(Cl)c2Cl)CC1)c1ccccc1I,-0.57978359661681,training
O=C(NC/C=C/CN1CCN(c2cccc(Cl)c2Cl)CC1)c1cccc(I)c1,-0.505149978319906,training
O=C(NC/C=C/CN1CCN(c2cccc(Cl)c2Cl)CC1)c1ccc(I)cc1,-0.531478917042255,training
COc1ccccc1C(=O)NC/C=C/CN1CCN(c2cccc(Cl)c2Cl)CC1,0.221848749616356,training
COc1cccc(C(=O)NC/C=C/CN2CCN(c3cccc(Cl)c3Cl)CC2)c1,-0.477121254719662,training
O=C(NC/C=C/CN1CCN(c2cccc(Cl)c2Cl)CC1)c1ccccn1,-0.414973347970818,training
CN1CCN(C2=Cn3cccc3Sc3sccc32)CC1,-1.39794000867204,training
CN1CCN(C2=Cc3ccccc3Cn3cccc32)CC1,-2.35024801833416,training
CN1CCN(C2=Cc3cc(Cl)ccc3Cn3cccc32)CC1,-1.38381536598043,training
Cc1ccc2n1Cc1ccccc1C=C2N1CCN(C)CC1,-1.94743372188705,training
O=S(=O)(c1ccccc1Cl)n1cc(C2=CCNCC2)c2ccccc21,-2.79726754083072,training
O=S(=O)(c1ccccc1F)n1cc(C2=CCNCC2)c2ccccc21,-2.86981820797933,training
COc1ccccc1N1CCN(CCCCNC(=O)c2cc3cc(I)ccc3o2)CC1,-0.02530586526477,training
O=C(NCCCCN1CCN(c2cccc(Cl)c2Cl)CC1)c1cc2cc(I)ccc2o1,-0.561697532653994,valid
COc1ccccc1N1CCN(CCCCNC(=O)c2cc3cc(I)ccc3s2)CC1,0.065501548756432,training
O=C(NCCCCN1CCN(c2cccc(Cl)c2Cl)CC1)c1cc2cc(I)ccc2s1,-0.653212513775344,training
COc1ccccc1N1CCN(CCCCNC(=O)c2ccc(I)s2)CC1,-0.380211241711606,test
O=C(NCCCCN1CCN(c2cccc(Cl)c2Cl)CC1)c1ccc(I)s1,-0.146128035678238,training
CN1CCCC[C@@H]1CCN1c2ccccc2Sc2ccc([S+](C)O)cc21,-1.38916608436453,training
COc1ccc2c(c1)OCCN(C)CCc1ccccc1C2,-3.2043913319193,training
CN1CCOc2cc(O)ccc2Cc2ccccc2CC1,-3.14113609012074,training
O=C(c1ccccc1)c1ccccc1OCCN1CCCC1,-3.38165648258579,training
CCN(CC)CCOc1ccccc1Cc1ccccc1,-3.66903780088516,training
c1ccc(Cc2ccccc2OCCN2CCCC2)cc1,-3.25959387888595,training
c1ccc(Cc2ccccc2OCCN2CCCCC2)cc1,-3.89231726072248,training
c1ccc(Cc2ccccc2OCCN2CCN(c3ccccc3)CC2)cc1,-3.45636603312904,training
c1ccc(Cc2ccccc2OCCCN2CCCC2)cc1,-3.46582881535744,training
c1ccc(Cc2ccccc2NCCN2CCCC2)cc1,-3.66782637895071,training
CCCN(CCC)[C@H]1CCn2cccc2C1,-2.76000004729273,training
Oc1ccc2c(c1O)-c1cccc3c1[C@@H](C2)NCC3,-1.76996780132944,training
Cc1ccc2c(OCCN3CCN(Cc4cccc5cccnc45)CC3)cccc2n1,-3.0,training
Cc1nc(-c2cccc(C(=O)N[C@H]3CC[C@H](CCN4CCc5ccc(S(C)(=O)=O)cc5CC4)CC3)c2)no1,-0.362765126555426,training
COc1ccc(C(=O)NC/C=C/CN2CCN(c3cccc(Cl)c3Cl)CC2)cc1,-0.079181246047625,training
O=C(NC/C=C/CN1CCN(c2cccc(Cl)c2Cl)CC1)c1ccc([N+](=O)[O-])cc1,0.154901959985743,training
O=C(NC/C=C/CN1CCN(c2cccc(Cl)c2Cl)CC1)c1ccc(O)cc1,0.397940008672038,valid
CN1CCC[C@@H]1Cc1c[nH]c2ccc(NS(=O)(=O)c3cccc(Cl)c3)cc12,-2.96848294855394,training
O=C(NC/C=C/CN1CCN(c2cccc(Cl)c2Cl)CC1)c1ccccc1O,0.096910013008056,training
O=C(NC/C=C/CN1CCN(c2cccc(Cl)c2Cl)CC1)c1ccccc1[N+](=O)[O-],-0.531478917042255,training
O=C(NC/C=C/CN1CCN(c2cccc(Cl)c2Cl)CC1)c1cccc([N+](=O)[O-])c1,-0.361727836017593,training
Nc1ccccc1C(=O)NC/C=C/CN1CCN(c2cccc(Cl)c2Cl)CC1,-0.342422680822206,training
Nc1cccc(C(=O)NC/C=C/CN2CCN(c3cccc(Cl)c3Cl)CC2)c1,-0.301029995663981,valid
CN1CCN(C2=Cn3cccc3Sc3ccccc32)CC1,-0.919078092376074,valid
CN(C)C[C@H]1C[C@@H]2c3ccccc3Cc3ccccc3[C@H]2O1,-1.92427928606188,training
CN1CCN2c3ncccc3Cc3ccccc3C2C1,-3.75762374590839,valid
CN1CCN2c3ccccc3Cc3ccccc3C2C1,-3.45347123372294,training
CN(C)C[C@H]1CC2c3ccccc3Oc3ccc(Br)cc3[C@H]2O1,-1.97772360528885,training
COc1ccccc1N1CCN(CCCCNC(=O)c2ccc(F)cc2)CC1,-0.633468455579586,training
O=C(NCCCCN1CCN(c2cccc(Cl)c2Cl)CC1)c1ccc(F)cc1,0.275724130399211,training
COc1ccccc1N1CCN(CCCCNC(=O)c2ccc(F)nc2)CC1,-1.14612803567824,training
O=C(NCCCCN1CCN(c2cccc(Cl)c2Cl)CC1)c1ccc(F)nc1,-0.041392685158225,training
COc1ccccc1N1CCN(CCCCNC(=O)c2cccc(F)n2)CC1,-1.93449845124357,valid
O=C(NCCCCN1CCN(c2cccc(Cl)c2Cl)CC1)c1cccc(F)n1,-0.954242509439325,training
COc1ccccc1N1CCN(CCCCNS(=O)(=O)c2ccc(F)cc2)CC1,-2.32221929473392,test
O=S(=O)(NCCCCN1CCN(c2cccc(Cl)c2Cl)CC1)c1ccc(F)cc1,-1.20411998265592,training
CCCNC1CCn2ncc(C(=O)OC)c2C1,-4.07918124604763,test
CCCN(CCC)C1CCn2ncc(C(=O)OC)c2C1,-4.23044892137827,training
CCCN(CCC)C1CCn2ncc(C=O)c2C1,-4.07918124604763,training
COc1ccccc1N1CCN(CCCCNC(=O)c2ccc3c(c2)Cc2ccccc2-3)CC1,0.387216143280265,valid
O=C(NCCCCN1CCN(c2cccc(Cl)c2Cl)CC1)c1ccc2ccccc2c1,-0.652246341003323,training
O=C(NCCCCN1CCN(c2cccc(Cl)c2Cl)CC1)c1ccc(-c2ccccc2)cc1,-0.296665190261531,training
O=C(NCCCCN1CCN(c2cccc(Cl)c2Cl)CC1)c1ccccc1,-1.07554696139253,valid
O=C(NCCCCN1CCN(c2cccc(Cl)c2Cl)CC1)c1cccc2ccccc12,-0.838849090737255,training
COc1ccccc1N1CCN(CCCCNC(=O)c2cccc3ccccc23)CC1,-1.51321760006794,training
CN1CCc2c(sc3ncn(CCN4CCN(c5cncc6ccccc56)CC4)c(=O)c23)C1,-0.071882007306125,valid
CN1CCc2c(sc3ncn(CCN4CCN(c5ccnc6ccccc56)CC4)c(=O)c23)C1,-0.113943352306837,training
COc1cccc2cc(C(=O)NCCCCN3CCN(c4cccc(Cl)c4Cl)CC3)oc12,0.886056647693163,training
Cn1c(=O)cnn(CCCCN2CCN(c3cccc4ccc(O[11CH3])cc34)CC2)c1=O,-1.7979596437372,training
COc1ccccc1N1CCN(CCCCNC(=O)c2cc(-c3ccco3)[nH]n2)CC1,-1.28555730900777,training
COc1ccccc1N1CCN(CCCCNC(=O)c2ccc(-n3ccnc3)cc2)CC1,-0.65417654187796,training
COc1ccccc1N1CCN(CCCCNC(=O)c2ccc(N3CCOCC3)cc2)CC1,-1.37839790094814,training
COc1ccccc1N1CCN(CCCCNC(=O)c2ccc3c(c2)OCO3)CC1,-1.16731733474818,valid
COc1ccccc1N1CCN(CCCCNC(=O)c2ccc3nccnc3c2)CC1,-1.89153745767256,training
COc1ccc2onc(N3CCN(CCCCNC(=O)c4cccc(-n5ccnc5)c4)CC3)c2c1,-3.74343136514668,training
COc1ccc2onc(N3CCN(CCCCNC(=O)c4cccc(N5CCOCC5)c4)CC3)c2c1,-3.15836249209525,test
COc1ccc2onc(N3CCN(CCCCNC(=O)c4cccc(-c5noc(C)n5)c4)CC3)c2c1,-3.10890312766731,test
COc1ccc2onc(N3CCN(CCCCNC(=O)c4cccc(-c5ncccn5)c4)CC3)c2c1,-3.05690485133647,training
COc1ccc2onc(N3CCN(CCCCNC(=O)c4cc(-c5ccco5)[nH]n4)CC3)c2c1,-1.33041377334919,training
COc1ccc2onc(N3CCN(CCCCNC(=O)c4ccc(-n5ccnc5)cc4)CC3)c2c1,-1.3541084391474,test
COc1ccc2onc(N3CCN(CCCCNC(=O)c4ccc(N5CCOCC5)cc4)CC3)c2c1,-1.57978359661681,training
COc1ccc2onc(N3CCN(CCCCNC(=O)c4ccc5nonc5c4)CC3)c2c1,-1.92941892571429,training
COc1ccc2onc(N3CCN(CCCCNC(=O)c4ccc5c(c4)OCO5)CC3)c2c1,-2.07188200730613,training
COc1ccc2onc(N3CCN(CCCCNC(=O)c4ccc5nccnc5c4)CC3)c2c1,-2.34242268082221,training
COc1ccccc1N1CCN(CCCCNC(=O)c2cc3cccc(OC)c3o2)CC1,-1.40654018043396,training
COc1ccc2ccnc(N3CCN(CCCCNC(=O)c4cc5cccc(OC)c5o4)CC3)c2c1,-2.00860017176192,training
COc1cccc2cc(C(=O)NCCCCN3CCN(c4cccc5nccnc45)CC3)oc12,-2.41830129131975,training
COc1cccc2cc(C(=O)NCCCCN3CCN(c4[nH]nc5ccccc45)CC3)oc12,-2.10380372095596,training
COc1ccc2onc(N3CCN(CCCCNC(=O)c4cc5cccc(OC)c5o4)CC3)c2c1,-1.99122607569249,training
CN1CCc2ccccc2Cc2ccccc2CC1,-1.70472233322511,training
CC(C)(C)c1nc(N2CCN(CCCCn3cccnc3=O)CC2)cc(C(F)(F)F)n1,-1.11058971029925,training
Cc1cn(CCCCN2CCN(c3cc(C(F)(F)F)nc(C(C)(C)C)n3)CC2)c(=O)n(C)c1=O,-1.01703333929878,training
Cn1c(=O)ccn(CCCCN2CCN(c3cc(C(F)(F)F)nc(C(C)(C)C)n3)CC2)c1=O,-1.07188200730613,training
CC(C)(C)c1nc(N2CCN(CCCCn3cc(C#N)c(=O)[nH]c3=O)CC2)cc(C(F)(F)F)n1,-0.681241237375587,training
CC(C)(C)c1nc(N2CCN(CCCCn3cc(C(F)(F)F)c(=O)[nH]c3=O)CC2)cc(C(F)(F)F)n1,-0.732393759822968,training
CC(C)(C)c1nc(N2CCN(CCCCn3cc(Cl)c(=O)[nH]c3=O)CC2)cc(C(F)(F)F)n1,-0.361727836017593,test
CC(C)(C)c1nc(N2CCN(CCCCn3cc(F)c(=O)[nH]c3=O)CC2)cc(C(F)(F)F)n1,-0.477121254719662,test
CCc1cn(CCCCN2CCN(c3cc(C(F)(F)F)nc(C(C)(C)C)n3)CC2)c(=O)[nH]c1=O,-0.230448921378274,training
Cc1cn(CCCCN2CCN(c3cc(C(F)(F)F)nc(C(C)(C)C)n3)CC2)c(=O)[nH]c1=O,-0.113943352306837,training
CC(C)(C)c1nc(N2CCN(CCCSc3nccc(O)n3)CC2)cc(C(F)(F)F)n1,-0.462397997898956,training
CC(C)(C)c1nc(N2CCN(CCCCn3ccc(N4CCCCC4)nc3=O)CC2)cc(C(F)(F)F)n1,-0.531478917042255,training
CC(C)(C)c1nc(N2CCN(CCCCn3ccc(N4CCC4)nc3=O)CC2)cc(C(F)(F)F)n1,-0.643452676486187,training
CC(C)(C)c1nc(N2CCN(CCCCn3ccc(-c4ccccc4)nc3=O)CC2)cc(C(F)(F)F)n1,-0.146128035678238,training
CC(C)(C)c1nc(N2CCN(CCCCn3ccc(C4CCCCC4)nc3=O)CC2)cc(C(F)(F)F)n1,-0.681241237375587,valid
CC(C)(C)c1nc(N2CCN(CCCCn3ccc(C4CCC4)nc3=O)CC2)cc(C(F)(F)F)n1,-0.869231719730976,valid
CC(C)(C)c1nc(N2CCN(CCCCn3ccc(C4CC4)nc3=O)CC2)cc(C(F)(F)F)n1,-0.568201724066995,training
CC(C)(C)c1ccn(CCCCN2CCN(c3cc(C(F)(F)F)nc(C(C)(C)C)n3)CC2)c(=O)n1,-0.414973347970818,training
Cc1ccn(CCCCN2CCN(c3cc(C(F)(F)F)nc(C(C)(C)C)n3)CC2)c(=O)n1,-0.643452676486187,test
CCOc1ccn(CCCCN2CCN(c3cc(C(F)(F)F)nc(C(C)(C)C)n3)CC2)c(=O)n1,-0.869231719730976,test
CC(C)(C)c1nc(N2CCN(CCCCn3ccc(=O)[nH]c3=O)CC2)cc(C(F)(F)F)n1,-0.278753600952829,training
CC(C)(C)c1nc(N2CCN(CCCN3C(=O)CCc4ccccc43)CC2)cc(C(F)(F)F)n1,-1.97220283837906,training
CC(C)(C)c1nc(N2CCN(CCCCN3C(=O)CCC(=O)c4ccccc43)CC2)cc(C(F)(F)F)n1,0.096910013008056,test
CC(C)(C)c1nc(N2CCN(CCCCN3CCC(=O)CCC3=O)CC2)cc(C(F)(F)F)n1,-0.591064607026499,training
COc1cc2c(cc1OC)N(CCCCN1CCN(c3cc(C(F)(F)F)nc(C(C)(C)C)n3)CC1)C(=O)CCC2=O,-0.653212513775344,valid
CC(C)(C)c1nc(N2CCN(CCCCN3C(=O)CCCc4c(O)cccc43)CC2)cc(C(F)(F)F)n1,-0.397940008672038,training
COc1cccc2c1CCCC(=O)N2CCCCN1CCN(c2cc(C(F)(F)F)nc(C(C)(C)C)n2)CC1,-1.00432137378264,training
CC(C)(C)c1nc(N2CCN(CCCCN3C(=O)CCSc4ccccc43)CC2)cc(C(F)(F)F)n1,-0.982271233039568,training
CC(C)(C)c1nc(N2CCN(CCCCN3C(=O)CCCc4ccccc43)CC2)cc(C(F)(F)F)n1,-1.22530928172586,training
CC(C)(C)c1nc(N2CCN(CCCCN3C(=O)CC(=O)c4ccccc43)CC2)cc(C(F)(F)F)n1,-1.59769518592551,test
CC(C)(C)c1nc(N2CCN(CCCCN3Cc4ccccc4CC3=O)CC2)cc(C(F)(F)F)n1,-2.46686762035411,training
CC(C)(C)c1nc(N2CCN(CCCCn3c(=O)ccc4ccccc43)CC2)cc(C(F)(F)F)n1,-1.04921802267018,training
CC(C)(C)c1nc(N2CCN(CCCCN3C(=O)COc4ccccc43)CC2)cc(C(F)(F)F)n1,-1.08278537031645,test
C[C@@H](CCCN1C(=O)CCc2ccccc21)N1CCN(c2cc(C(F)(F)F)nc(C(C)(C)C)n2)CC1,-1.35024801833416,training
C[C@H](CCN1CCN(c2cc(C(F)(F)F)nc(C(C)(C)C)n2)CC1)CN1C(=O)CCc2ccccc21,-1.81224469680037,training
C/C(=C\CN1CCN(c2cc(C(F)(F)F)nc(C(C)(C)C)n2)CC1)CN1C(=O)CCc2ccccc21,-1.7701152947871,valid
CC(C)(C)c1nc(N2CCN(C/C=C/CN3C(=O)CCc4ccccc43)CC2)cc(C(F)(F)F)n1,-0.963787827345555,training
CC(C)(C)c1nc(N2CCN(CCCCCN3C(=O)CCc4ccccc43)CC2)cc(C(F)(F)F)n1,-3.60788374435699,training
CC(C)(C)c1nc(N2CCN(CCCCN3C(=O)CCc4ccccc43)CC2)cc(C(F)(F)F)n1,-0.531478917042255,training
CN1CCc2cc(O)ccc2Cc2ccc(O)cc2CC1,-2.53402610605614,valid
COc1cccc2c1Cc1ccccc1CCN(C)CC2,-3.26316246496222,training
CN1CCc2ccccc2Cc2c(O)cccc2CC1,-2.33243845991561,training
CN1CCc2ccccc2Cc2cc(O)c(Cl)cc2CC1,-1.44247976906445,training
COc1c(Cl)cc2c(c1Cl)Cc1ccccc1CCN(C)CC2,-2.61804809671209,test
COc1ccc2c(c1)Cc1ccccc1CCN(C)CC2,-2.17753649992986,training
CN1CCc2ccccc2Cc2cc(O)ccc2CC1,-2.47129171105894,training
CN1CCc2ccccc2Cc2ccc(O)c(Cl)c2CC1,-1.39093510710338,training
COc1ccc2c(c1)CCN(C)CCc1ccccc1C2,-1.87909587950007,training
CN1CCc2ccccc2Cc2ccc(O)cc2CC1,-1.67669360962487,training
CN1CCc2ccccc2Cc2c(ccc(O)c2Cl)CC1,-0.27415784926368,training
COc1ccc2c(c1)CCN(C)CCc1cc(OC)ccc1C2,-2.00646604224923,valid
CC(C)(C)c1nc(N2CCN(CCCCNC(=O)CCc3ccccc3)CC2)cc(C(F)(F)F)n1,-0.204119982655925,training
CC(C)(C)c1nc(N2CCN(CCCCCC(=O)NCc3ccccc3)CC2)cc(C(F)(F)F)n1,-0.792391689498254,training
CCN(Cc1ccccc1)C(=O)NCCCCN1CCN(c2cc(C(F)(F)F)nc(C(C)(C)C)n2)CC1,-0.919078092376074,training
CCN(CC)C(=O)NCCCCN1CCN(c2cc(C(F)(F)F)nc(C(C)(C)C)n2)CC1,0.045757490560675,valid
CC(C)(C)c1nc(N2CCN(CCCCNC(=O)NCC3CCCCC3)CC2)cc(C(F)(F)F)n1,-0.826074802700826,training
CC(C)(C)c1nc(N2CCN(CCCCNC(=O)NCCc3ccccc3)CC2)cc(C(F)(F)F)n1,-0.857332496431268,training
CC(C)(C)c1nc(N2CCN(CCCCNC(=O)NCc3ccccc3)CC2)cc(C(F)(F)F)n1,-0.431363764158987,training
CC(C)(C)c1nc(N2CCN(CCCCNC(=O)Nc3ccccc3)CC2)cc(C(F)(F)F)n1,-0.505149978319906,training
CC(C)(C)CNC(=O)NCCCCN1CCN(c2cc(C(F)(F)F)nc(C(C)(C)C)n2)CC1,-0.740362689494244,training
CC(C)(C)NC(=O)NCCCCN1CCN(c2cc(C(F)(F)F)nc(C(C)(C)C)n2)CC1,-0.602059991327962,training
Cc1cccc(=O)n1CCCCN1CCN(c2cc(C(F)(F)F)nc(C(C)(C)C)n2)CC1,-1.08278537031645,training
CC(C)(C)c1nc(N2CCN(CCCCn3cc(Cl)ccc3=O)CC2)cc(C(F)(F)F)n1,-1.50785587169583,training
CC(C)(C)c1nc(N2CCN(CCCCn3cc(C(F)(F)F)ccc3=O)CC2)cc(C(F)(F)F)n1,-1.55266821611219,test
CC(C)(C)c1nc(N2CCN(CCCCn3cccc(C(F)(F)F)c3=O)CC2)cc(C(F)(F)F)n1,-0.968482948553935,training
Cc1cccn(CCCCN2CCN(c3cc(C(F)(F)F)nc(C(C)(C)C)n3)CC2)c1=O,-0.361727836017593,training
COc1cccn(CCCCN2CCN(c3cc(C(F)(F)F)nc(C(C)(C)C)n3)CC2)c1=O,-0.342422680822206,training
CC(C)(C)c1nc(N2CCN(CCCCn3ccc(-c4ccccc4)cc3=O)CC2)cc(C(F)(F)F)n1,-0.897627091290441,valid
CC(C)(C)c1nc(N2CCN(CCCCn3ccc(C(F)(F)F)cc3=O)CC2)cc(C(F)(F)F)n1,-1.05690485133647,training
CC(C)(C)c1nc(N2CCN(CCCCn3ccc(C(F)(F)F)nc3=O)CC2)cc(C(F)(F)F)n1,-1.16136800223497,training
CC(C)(C)c1nc(N2CCN(CCCCn3ccc(O)cc3=O)CC2)cc(C(F)(F)F)n1,-0.041392685158225,training
Cc1ccn(CCCCN2CCN(c3cc(C(F)(F)F)nc(C(C)(C)C)n3)CC2)c(=O)c1,0.096910013008056,training
COc1ccccc1N1CCN(CCCCNC(=O)c2cc3c4ccc(c3o2)CCc2ccc(cc2)CC4)CC1,-1.20411998265592,training
O=C(NCCCCN1CCN(c2cccc(F)c2F)CC1)c1cc2ccc1CCc1ccc(cc1)CC2,-0.278753600952829,training
COc1c(Cl)cccc1N1CCN(CCCCNC(=O)c2cc3ccc2CCc2ccc(cc2)CC3)CC1,0.337242168318426,training
O=C(NCCCCN1CCN(c2cccc(Cl)c2Cl)CC1)c1cc2ccc1CCc1ccc(cc1)CC2,-0.556302500767287,training
COc1ccccc1N1CCN(CCCCNC(=O)c2cc3ccc2CCc2ccc(cc2)CC3)CC1,-0.088726563953855,training
COc1nc(NCCCN2CCOCC2)nc(OC)c1NC(=O)c1ccc(Oc2cc3c(cc2C)CCC3(C)C)o1,-3.07188200730613,training
c1ccc(N2CCN(Cc3cnn(-c4ccccn4)c3)CC2)cc1,-2.2020658051738,training
C1=C(c2ccccc2)CCN(Cc2cn(-c3ccccc3)nn2)C1,-1.9731278535997,training
c1ccc(N2CCN(Cc3ccc(-n4cccn4)cc3)CC2)cc1,-3.32221929473392,training
C1=C(c2ccccc2)CCN(Cc2cnn(-c3ccccc3)c2)C1,-1.51851393987789,training
COc1ccccc1N1CCN(Cc2cn(-c3ccccc3)nn2)CC1,-2.53147891704225,training
c1ccc(N2CCN(Cc3cn(-c4ccccc4)nn3)CC2)cc1,-3.07918124604762,training
Cc1c(CN2CCN(c3ccccc3)CC2)cnn1-c1ccccc1,-2.50757929181621,valid
c1ccc(-n2cc(CN3CCN(c4ncccn4)CC3)cn2)cc1,-3.46239799789896,training
Cc1nn(-c2ccccc2)cc1CN1CCN(c2ccccc2)CC1,-2.55815635368657,valid
COc1ccccc1N1CCN(Cc2cnn(-c3ccccc3)c2)CC1,-1.54406804435028,training
Fc1ccccc1N1CCN(Cc2cnn(-c3ccccc3)c2)CC1,-1.82804732858876,valid
Fc1ccc(N2CCN(Cc3cnn(-c4ccccc4)c3)CC2)cc1,-2.73119780480485,training
Clc1ccc(N2CCN(Cc3cnn(-c4ccccc4)c3)CC2)cc1,-3.27937716567569,valid
c1ccc(N2CCN(Cc3cnn(-c4ccccc4)c3)CC2)cc1,-2.14612803567824,valid
COc1ccccc1N1CCN(Cc2cnn(-c3ccccn3)c2)CC1,-1.85865748409081,test
COc1ccccc1N1CCN(Cc2cn3cc(C)cc(-c4ccccc4)c3n2)CC1,-2.5910646070265,training
COc1ccccc1N1CCN(Cc2cn3c(-n4cccn4)cccc3n2)CC1,-3.0,training
COc1ccccc1N1CCN(Cc2cn3cc(C)cc(-n4cccn4)c3n2)CC1,-3.38021124171161,training
COc1ccccc1N1CCN(Cc2cn3cc(C)cc(N4CCOCC4)c3n2)CC1,-3.32221929473392,valid
COc1ccccc1N1CCN(Cc2cn3cc(C)cc(C#N)c3n2)CC1,-3.54406804435028,test
Clc1ccc(N2CCN(Cc3cn4cc(Br)ccc4n3)CC2)cc1Cl,-3.0,valid
COc1ccccc1N1CCN(Cc2cn3cc(C)cc(I)c3n2)CC1,-2.67209785793572,valid
COc1ccccc1N1CCN(Cc2cn3cc(C)cc(Br)c3n2)CC1,-2.82607480270083,training
COc1ccccc1N1CCN(Cc2cn3cc(I)ccc3n2)CC1,-2.77815125038364,training
COc1ccccc1N1CCN(Cc2cn3cc(Br)ccc3n2)CC1,-2.90308998699194,test
CN1CCN(c2ccc3nc(CN4CCN(c5ccc(Cl)c(Cl)c5)CC4)cn3n2)CC1,-2.94448267215017,training
Clc1ccc(N2CCN(Cc3cn4nc(N5CCCCC5)ccc4n3)CC2)cc1Cl,-2.92941892571429,training
Fc1ccc(N2CCN(Cc3cn4cccnc4n3)CC2)cc1,-4.77815125038364,test
Fc1ccc(N2CCN(Cc3cn4ccncc4n3)CC2)cc1,-4.6232492903979,valid
Clc1ccc(N2CCN(Cc3cn4nc(Cl)ccc4n3)CC2)cc1,-3.88649072517248,training
COc1ccccc1N1CCN(Cc2cn3nc(Cl)ccc3n2)CC1,-3.14612803567824,training
Clc1ccc2nc(CN3CCN(c4ccc(Cl)c(Cl)c4)CC3)cn2n1,-3.17609125905568,training
Fc1ccc(N2CCN(Cc3cn4nc(Cl)ccc4n3)CC2)cc1,-3.7481880270062,training
Clc1ccc(N2CCN(Cc3cn4ccccc4n3)CC2)cc1,-3.94448267215017,training
COc1ccccc1N1CCN(Cc2cn3ccccc3n2)CC1,-3.5910646070265,training
Clc1ccc(N2CCN(Cc3cn4ccccc4n3)CC2)cc1Cl,-3.23044892137827,valid
Fc1ccc(N2CCN(Cc3cn4ccccc4n3)CC2)cc1,-3.49136169383427,training
COc1ccc(N2CC=C(c3ccc(Cl)c(Cl)c3)C2=O)cc1OCCN1CCCCC1,-2.66000172010288,training
CN1CCc2ccccc2Cc2[nH]c3ccccc3c2CC1,-1.41329976408125,training
CN1CCCc2ccccc2Cc2[nH]c3ccccc3c2CC1,-2.44326298745869,valid
CN1CCCc2c([nH]c3ccccc23)Cc2ccccc2CC1,-2.71683772329952,test
Oc1cc2c(cc1O)C1c3ccccc3CNC1CO2,-2.5910646070265,training
COc1ccccc1N1CCN(CCCCNC(=O)c2ccc(-c3cccc([18F])n3)cc2)CC1,0.431798275933005,training
COc1ccccc1N1CCN(CCCCNC(=O)c2ccc(-c3ccc([18F])nc3)cc2)CC1,0.346787486224656,valid
O=C(NCCCCN1CCN(c2cccc(Cl)c2Cl)CC1)c1cc2cc(Br)ccc2[nH]1,0.130005999878258,training
COc1ccccc1N1CCN(CCCCNC(=O)c2cc3ccc(C#N)cc3[nH]2)CC1,0.599980364934842,training
COc1ccccc1N1CCN(CCCCNC(=O)c2cc3cc(Br)ccc3[nH]2)CC1,0.609948503541013,test
COc1ccccc1N1CCN(CCCCNC(=O)c2cc3cc(C#N)ccc3[nH]2)CC1,0.240030142445693,training
O=C(NCCCCN1CCN(c2cccc(Cl)c2Cl)CC1)c1cc2ccccc2[nH]1,-0.146128035678238,training
COc1ccccc1N1CCN(CCCCNC(=O)c2cc3cc(C#N)ccc3o2)CC1,-0.63002085111341,training
O=C(NCCCCN1CCN(c2cccc(Cl)c2Cl)CC1)c1cc2cc(Br)ccc2o1,-0.539953841656397,training
COc1ccccc1N1CCN(CCCCNC(=O)c2cc3cc(Br)ccc3o2)CC1,0.160019442321657,training
C#Cc1ccc2cc(C(=O)NCCCCN3CCN(c4ccccc4OC)CC3)sc2c1,0.419987887470576,training
COc1ccccc1N1CCN(CCCCNC(=O)c2cc3cc(C#N)ccc3s2)CC1,0.339988778710669,training
C#Cc1ccc2sc(C(=O)NCCCCN3CCN(c4ccccc4OC)CC3)cc2c1,0.410050398674292,training
O=C(NCCCCN1CCN(c2ccccc2Cl)CC1)c1ccc(-c2ccccc2)cc1,0.551448260798422,training
COc1ccc(C(=O)NCCCCN2CCN(c3ccccc3Cl)CC2)cc1OC,-0.489958479424835,test
O=C(NCCCCN1CCN(c2ccccc2Cl)CC1)c1ccc(Cl)cc1,-0.229937685907934,training
O=C(NCCCCN1CCN(c2ccccc2Cl)CC1)c1ccc2ccccc2c1,0.070581074285707,valid
Clc1ccc(N2CCN(Cc3cnn4c(I)cccc34)CC2)cc1,-3.42999922485832,training
N#Cc1ccc2cc(C(=O)NCCCCN3CCN(c4cccc(Cl)c4Cl)CC3)[nH]c2c1,0.450016388840311,training
CCCc1c(C(=O)NCCCCCN2CCN(c3ccccc3OC)CC2)nnn1Cc1ccccc1Br,-0.869994000121742,training
CCCc1c(C(=O)NCCCCN2CCN(c3ccccc3OC)CC2)nnn1Cc1ccccc1Br,-0.539953841656397,training
COc1ccccc1N1CCN(CCCCCNC(=O)c2nnn(Cc3ccccc3Br)c2C)CC1,-1.18012587516405,training
COc1ccccc1N1CCN(CCCCNC(=O)c2nnn(Cc3ccccc3Br)c2C)CC1,-1.51000851294023,training
CCCc1c(C(=O)NCCCCN2CCN(c3ccccc3OC)CC2)nnn1Cc1ccc(OC)cc1,-1.10991586302379,training
COc1ccc(Cn2nnc(C(=O)NCCCCCN3CCN(c4ccccc4OC)CC3)c2C)cc1,-1.94001815500766,valid
COc1ccc(Cn2nnc(C(=O)NCCCCCN3CCN(c4cccc(Cl)c4Cl)CC3)c2C)cc1,-1.52994340165867,training
COc1ccc(Cn2nnc(C(=O)NCCCCN3CCN(c4ccccc4OC)CC3)c2C)cc1,-1.45999525604739,training
CCCc1c(C(=O)NCCCCN2CCN(c3ccccc3OC)CC2)nnn1Cc1ccccc1,-1.03981055414835,training
CCCc1c(C(=O)NCCCCN2CCN(c3cccc(Cl)c3Cl)CC2)nnn1Cc1ccccc1,-0.380030247967831,training
COc1ccccc1N1CCN(CCCCCNC(=O)c2nnn(Cc3ccccc3)c2C)CC1,-1.20002926655377,training
Cc1c(C(=O)NCCCCCN2CCN(c3cccc(Cl)c3Cl)CC2)nnn1Cc1ccccc1,-0.929980590515515,training
COc1ccccc1N1CCN(CCCCNC(=O)c2nnn(Cc3ccccc3)c2C)CC1,-1.83001093593612,test
Cc1c(C(=O)NCCCCN2CCN(c3cccc(Cl)c3Cl)CC2)nnn1Cc1ccccc1,-0.63002085111341,training
O=C1CCc2ccc(OCCCCN3CCN(c4cccc(Cl)c4Cl)CC3)cc2N1,-0.679414916905849,training
c1ccc(C2CCN(Cc3cn(-c4ccccc4)nn3)CC2)cc1,-1.97002126582837,training
c1ccc(C2CCN(Cc3cnn(-c4ccccc4)c3)CC2)cc1,-1.51995918075207,training
COc1cc2c(cc1OC)C1=NO[C@@H](CN3CCN(C/C(C)=C/c4ccc(F)cc4)CC3)[C@@H]1CO2,-2.57403126772772,training
CCCCc1ccc(S(=O)(=O)Nc2ccc3c(c2)CNC3)cc1,-1.5999921775841,training
CC(C)Nc1cc2c(cc1NS(=O)(=O)c1ccc(-c3ccc(Cl)cc3)cc1)CCN(C)CC2,-0.49996186559619,training
CC(C)Oc1cc2c(cc1NS(=O)(=O)c1ccc(-c3ccc(Cl)cc3)cc1)CCN(C)CC2,0.100015437450609,training
COc1cc2c(cc1NS(=O)(=O)c1ccc(-c3ccc(Cl)cc3)cc1)CCN(C)CC2,0.100015437450609,training
CN1CCc2cc(Cl)c(NS(=O)(=O)c3ccc(-c4ccc(Cl)cc4)cc3)cc2CC1,-0.400019635065159,training
CN1CCc2cc(Br)c(NS(=O)(=O)c3ccc(-c4ccc(Cl)cc4)cc3)cc2CC1,-0.700011062322112,training
CC(C)c1cc2c(cc1NS(=O)(=O)c1ccc(-c3ccc(Cl)cc3)cc1)CCN(C)CC2,-0.599992177584098,training
Cc1cc2c(cc1NS(=O)(=O)c1ccc(-c3ccc(Cl)cc3)cc1)CCN(C)CC2,-0.20002926655377,training
Cc1noc(C)c1-c1ccc(S(=O)(=O)Nc2ccc3c(c2)CCN(C)CC3)cc1,-1.20002926655377,training
Cc1ccc(-c2ccc(S(=O)(=O)Nc3ccc4c(c3)CCN(C)CC4)cc2)s1,-1.40001963506516,training
CN1CCc2ccc(NS(=O)(=O)c3ccc(-c4ccc(Cl)cc4)s3)cc2CC1,-1.5999921775841,valid
Cc1cc(S(=O)(=O)Nc2ccc3c(c2)CCN(C)CC3)ccc1-c1ccc(Cl)cc1,-0.800029359244134,valid
CN1CCc2ccc(NS(=O)(=O)c3ccc(-c4ccc(C#N)cc4)cc3)cc2CC1,-1.20002926655377,training
CN1CCc2ccc(NS(=O)(=O)c3ccc(-c4ccc(F)c(Cl)c4)cc3)cc2CC1,-0.599992177584098,training
CN1CCc2ccc(NS(=O)(=O)c3ccc(-c4ccc(Cl)cc4)cc3)cc2CC1,-1.20002926655377,valid
CCCCc1ccc(S(=O)(=O)Nc2ccc3c(c2)CCN(C)CC3)cc1,-0.299942900022767,test
CCCCc1ccc(S(=O)(=O)Nc2ccc3c(c2)CCNCC3)cc1,-1.20002926655377,training
CCCCc1ccc(S(=O)(=O)Nc2ccc3c(c2)CN(C)CC3)cc1,-1.40001963506516,training
CCCCc1ccc(S(=O)(=O)Nc2ccc3c(c2)CNCC3)cc1,-1.05288623525638,training
CCCCc1ccc(S(=O)(=O)Nc2ccc3c(c2)CN(C)C3)cc1,-1.29994290002277,training
Cc1ccc2c(-c3nnc(SCCCN4CCc5ccc(-c6cc(C)nn6C)cc5CC4)n3C)cccc2n1,-0.172456974400587,training
Cc1cc(-c2ccc3c(c2)CCN(CCCSc2nnc(-c4ccc(F)c(F)c4)n2C)CC3)n(C)n1,-0.20002926655377,valid
Cc1cc(-c2ccc3c(c2)CCN(CCCSc2nnc(-c4ccc(C(F)(F)F)cc4)n2C)CC3)n(C)n1,-0.899984562549391,training
Cc1cc(-c2ccc3c(c2)CCN(CCCSc2nnc(-c4ocnc4C)n2C)CC3)n(C)n1,-1.10002573010786,training
Cc1ccc2c(-c3nnc(SCCN4CCc5ccc(-c6cc(C)nn6C)cc5CC4)n3C)cccc2n1,-1.20002926655377,training
Cc1cnc(-c2nnc(SCCN3CCc4ccc(-c5cc(C)nn5C)cc4CC3)n2C)cn1,-0.700011062322112,test
Cc1cc(-c2ccc3c(c2)CCN(CCSc2nnc(-c4ccc(F)c(F)c4)n2C)CC3)n(C)n1,-0.299942900022767,test
Cc1ccc2c(-c3nnc(SCCC(C)N4CCc5ccc(-c6cc(C)nn6C)cc5CC4)n3C)cccc2n1,-0.20002926655377,training
COc1ccccc1N1CCN(CCC(O)CNC(=O)c2ccc3c(c2)Cc2ccccc2-3)CC1,-0.113943352306837,training
O=C(NCC(O)CCN1CCN(c2cccc(Cl)c2Cl)CC1)c1ccc2c(c1)Cc1ccccc1-2,-0.397940008672038,training
O=C(NCC(O)CCN1CCN(c2cccc(Cl)c2Cl)CC1)c1ccc(-c2ccccn2)cc1,0.301029995663981,training
CC(=O)OC(CCNC(=O)c1ccc(-c2ccccn2)cc1)CN1CCN(c2cccc(Cl)c2Cl)CC1,-1.06818586174616,training
COc1ccccc1N1CCN(CC(O)CCNC(=O)c2ccc3c(c2)Cc2ccccc2-3)CC1,-0.255272505103306,training
COc1ccccc1N1CCN(CC(O)CCNC(=O)c2ccc(-c3ccccn3)cc2)CC1,-0.447158031342219,training
O=C(NCCC(O)CN1CCN(c2cccc(Cl)c2Cl)CC1)c1ccc2c(c1)Cc1ccccc1-2,-0.255272505103306,training
O=C(NCCC(O)CN1CCN(c2cccc(Cl)c2Cl)CC1)c1ccc(-c2ccccn2)cc1,-0.477121254719662,training
COc1ccccc1N1CCN(C/C=C/CNC(=O)c2ccc3c(c2)Cc2ccccc2-3)CC1,-0.819543935541869,training
COc1ccccc1N1CCN(C/C=C/CNC(=O)c2ccc(-c3ccccn3)cc2)CC1,-0.462397997898956,training
O=C(NC/C=C/C[N+]1([O-])CCN(c2cccc(Cl)c2Cl)CC1)c1ccc(-c2ccccn2)cc1,-1.69196510276736,training
O=C(NC/C=C/CN1CCN(c2cccc(Cl)c2Cl)CC1)c1ccc(-c2cccc[n+]2[O-])cc1,-0.041392685158225,training
Cc1cccnc1-c1ccc(C(=O)NC/C=C/CN2CCN(c3cccc(Cl)c3Cl)CC2)cc1,-0.204119982655925,training
Cc1cccc(-c2ccc(C(=O)NC/C=C/CN3CCN(c4cccc(Cl)c4Cl)CC3)cc2)n1,-0.146128035678238,valid
O=C(NC/C=C/CN1CCN(c2cccc(Cl)c2Cl)CC1)c1ccc(-c2cccc(=O)[nH]2)cc1,0.221848749616356,training
COc1ccccc1N1CCN(CCCCNC(=O)c2ccc(-c3ccccn3)cc2)CC1,0.397940008672038,valid
Cc1ccc2nc(-c3ccc(OCCCCN4CCN(c5cccc(Cl)c5Cl)CC4)cc3)cn2c1,-0.903089986991943,training
Cc1cccn2cc(-c3ccc(OCCCCN4CCN(c5cccc(Cl)c5Cl)CC4)cc3)nc12,-1.73559889969818,training
COc1ccccc1N1CCN(CCCCOc2ccc(-c3cn4cccc(C)c4n3)cc2)CC1,-2.5854607295085,training
COc1ccccc1N1CCN(CCCCOc2ccc(-c3cn4ccc(C)cc4n3)cc2)CC1,-1.60205999132796,training
Cc1ccn2cc(-c3ccc(OCCCCN4CCN(c5cccc(Cl)c5Cl)CC4)cc3)nc2c1,-1.77815125038364,valid
COc1ccccc1N1CCN(CCCCOc2ccc(-c3cn4cc(C)ccc4n3)cc2)CC1,-2.16435285578444,training
COc1ccccc1N1CCN(CCCOc2ccc(-c3cn4ccccc4n3)cc2)CC1,-0.204119982655925,training
Clc1cccc(N2CCN(CCCCOc3ccc(-c4cn5ccccc5n4)cc3)CC2)c1Cl,-1.57978359661681,training
COc1ccccc1N1CCN(CCCCOc2ccc(-c3cn4ccccc4n3)cc2)CC1,0.142667503568732,training
Cc1cccn2cc(-c3ccc(OCCCN4CCN(c5cccc(Cl)c5Cl)CC4)cc3)nc12,-2.35218251811136,training
COc1ccccc1N1CCN(CCCOc2ccc(-c3cn4cccc(C)c4n3)cc2)CC1,-1.69897000433602,training
Cc1ccn2cc(-c3ccc(OCCCN4CCN(c5cccc(Cl)c5Cl)CC4)cc3)nc2c1,-0.903089986991943,training
COc1ccccc1N1CCN(CCCOc2ccc(-c3cn4ccc(C)cc4n3)cc2)CC1,-1.85125834871908,training
Cc1ccc2nc(-c3ccc(OCCCN4CCN(c5cccc(Cl)c5Cl)CC4)cc3)cn2c1,-1.46089784275655,training
COc1ccccc1N1CCN(CCCOc2ccc(-c3cn4cc(C)ccc4n3)cc2)CC1,-2.24551266781415,test
Clc1cccc(N2CCN(CCCOc3ccc(-c4cn5ccccc5n4)cc3)CC2)c1Cl,-2.19312459835446,training
CN1CCCc2cc(O)ccc2Cc2ccccc2CC1,-3.78689332526132,training
COc1cc2c(cc1OC)Cc1ccccc1CCCN(C)CC2,-4.17114115102838,training
CN1CCCc2ccccc2Cc2cc(O)ccc2CC1,-2.88986172125819,valid
COc1ccc2c(c1)Cc1ccccc1CCCN(C)CC2,-4.37845241147875,test
Oc1ccc2c(c1)CCCNCCc1ccccc1C2,-3.83859725281666,training
COc1ccc2c(c1)CCCN(C)CCCc1ccccc1C2,-3.1300119496719,training
CN1CCCc2ccccc2Cc2ccc(O)cc2CCC1,-3.59813364581324,training
COc1ccc2c(c1)CCN(C)CCCc1ccccc1C2,-2.70500795933334,training
CN1CCCc2ccccc2Cc2ccc(O)cc2CC1,-2.0,training
COc1ccc2c(c1)CCCN(C)CCc1ccccc1C2,-3.4963760540124,training
O=C1c2ccccc2C(=O)N1CCCCN1CC=C(c2c[nH]c3ccc(F)cc23)CC1,0.100015437450609,training
CCN1CCCC1CNC(=O)c1cc(S(=O)(=O)CC)c(N)cc1OC,-0.599992177584098,training
C[C@H]1Oc2c(cccc2N2CCN(CCCc3c[nH]c4ccc(F)cc34)CC2)NC1=O,0.299988937677888,training
Fc1ccc(-c2cncc(CN3CCN(c4cccc5c4OCCO5)CC3)c2)cc1,-0.599992177584098,training
COc1ccc(-c2nnc(SCCCN3CCc4ccc(-c5cc(C)on5)cc4CC3)n2C)cn1,-0.400019635065159,training
COc1ccc(-c2nnc(SCCCN3CCc4ccc(-c5cc(C)on5)cc4CC3)n2C)cc1,0.400007822415902,test
COc1cccc(-c2nnc(SCCCN3CCc4ccc(-c5cc(C)on5)cc4CC3)n2C)c1,0.100015437450609,training
COc1ccccc1-c1nnc(SCCCN2CCc3ccc(-c4cc(C)on4)cc3CC2)n1C,-0.49996186559619,training
Cc1cc(-c2ccc3c(c2)CCN(CCCSc2nnc(C4CCOCC4)n2C)CC3)no1,-0.100025730107863,training
Cc1cc(-c2ccc3c(c2)CCN(CCCSc2nnc(C4CCC(C)CC4)n2C)CC3)no1,-0.100025730107863,training
Cc1cc(-c2ccc3c(c2)CCN(CCCSc2nnc(C4CCCC4)n2C)CC3)no1,-0.299942900022767,test
Cc1cc(-c2ccc3c(c2)CCN(CCCSc2nnc(C(C)(C)C)n2C)CC3)no1,-0.700011062322112,training
Cc1cc(-c2ccc3c(c2)CCN(CCCSc2nnc(C(C)C)n2C)CC3)no1,-1.0,training
Cc1cc(-c2ccc3c(c2)CCN(CCCSc2nnc(C(F)(F)F)n2C)CC3)no1,-1.0,training
Cc1cc(-c2ccc3c(c2)CCN(CCCSc2nnc(C)n2C)CC3)no1,-1.5999921775841,training
Cc1cc(-c2ccc3c(c2)CCN(CCCSc2nnc(-c4cccc(F)c4)n2C)CC3)no1,-0.20002926655377,training
Cc1cc(-c2ccc3c(c2)CCN(CCCSc2nnc(-c4ccc(Cl)c(Cl)c4)n2C)CC3)no1,0.0,training
Cc1cc(-c2ccc3c(c2)CCN(CCCSc2nnc(-c4ccc(Cl)cc4)n2C)CC3)no1,0.199970640755866,training
Cc1cc(-c2ccc3c(c2)CCN(CCCSc2nnc(-c4cccc(Cl)c4)n2C)CC3)no1,-0.20002926655377,training
Cc1cc(-c2ccc3c(c2)CCN(CCCSc2nnc(-c4ccccc4Cl)n2C)CC3)no1,-0.400019635065159,training
Cc1cc(-c2ccc3c(c2)CCN(CCCSc2nnc(-c4cccn4C)n2C)CC3)no1,0.100015437450609,training
Cc1cc(-c2ccc3c(c2)CCN(CCCSc2nnc(-c4cccs4)n2C)CC3)no1,-0.100025730107863,training
Cc1cc(-c2ccc3c(c2)CCN(CCCSc2nnc(-c4ccncc4)n2C)CC3)no1,-1.40001963506516,training
Cc1cc(-c2ccc3c(c2)CCN(CCCSc2nnc(-c4ccccn4)n2C)CC3)no1,-0.400019635065159,training
Cc1ccc(-c2nnc(SCCCN3CCc4ccc(-c5cc(C)on5)cc4CC3)n2C)cc1,-0.20002926655377,training
Cc1cc(-c2ccc3c(c2)CCN(CCCSc2nnc(-c4ccc(C(F)(F)F)cc4)n2C)CC3)no1,-0.49996186559619,training
Cc1cc(-c2ccc3c(c2)CCN(CCCSc2nnc(-c4ccc(C#N)cc4)n2C)CC3)no1,-0.599992177584098,training
Cc1cc(-c2ccc3c(c2)CCN(CCCSc2nnc(-c4ccccc4)n2C)CC3)no1,-0.20002926655377,training
Cc1cc(-c2ccc3c(c2)CCN(CCCSc2nnc(-c4ccc5nc(C)c(C)nc5c4)n2C)CC3)no1,-0.800029359244134,training
Cc1ccc2cc(-c3nnc(SCCCN4CCc5ccc(-c6cc(C)on6)cc5CC4)n3C)ccc2n1,0.0,training
Cc1ccc2c(-c3nnc(SCCCN4CCc5ccc(-c6cc(C)on6)cc5CC4)n3C)cccc2n1,-0.299942900022767,training
Cc1cnc(-c2ccc3c(c2)CCN(CCCSc2nnc(-c4cccn4C)n2C)CC3)o1,-0.20002926655377,test
Cc1cnc(-c2ccc3c(c2)CCN(CCCSc2nnc(-c4ccc5[nH]ccc5c4)n2C)CC3)o1,-0.20002926655377,training
Cc1cnc(-c2ccc3c(c2)CCN(CCCSc2nnc(-c4cc5ccccc5[nH]4)n2C)CC3)o1,-0.100025730107863,training
Cc1cnc(-c2ccc3c(c2)CCN(CCCSc2nnc(-c4cccs4)n2C)CC3)o1,-0.49996186559619,training
Cc1ccc2c(-c3nnc(SCCCN4CCc5ccc(-c6ncc(C)o6)cc5CC4)n3C)cccc2n1,-0.299942900022767,training
O=C1c2ccccc2S(=O)(=O)N1CCCCN1CCN(c2ccccc2)CC1,-1.81954393554187,training
COc1ccccc1N1CCN(CCCCN2Cc3ccccc3C2=O)CC1,-1.47712125471966,training
O=C1c2ccccc2CN1CCCCN1CCN(c2cccc(C(F)(F)F)c2)CC1,-1.14612803567824,training
O=C1c2ccccc2CN1CCCCN1CCN(c2ccc(Cl)cc2)CC1,-2.81954393554187,valid
O=C1c2ccccc2CN1CCCCN1CCN(c2ccccc2)CC1,-1.55388302664387,training
COc1ccccc1N1CCN(CCCCN2C(=O)Cc3ccccc32)CC1,-2.29003461136252,training
O=C1Cc2ccccc2N1CCCCN1CCN(c2cccc(C(F)(F)F)c2)CC1,-2.39269695325967,training
O=C1Cc2ccccc2N1CCCCN1CCN(c2ccc(Cl)cc2)CC1,-3.08062648692181,training
O=C1Cc2ccccc2N1CCCCN1CCN(c2ccccc2)CC1,-1.90308998699194,training
COc1ccccc1N1CCN(CCCCn2cnc3ccccc3c2=O)CC1,-2.48572142648158,training
O=c1c2ccccc2ncn1CCCCN1CCN(c2cccc(C(F)(F)F)c2)CC1,-2.00860017176192,training
O=c1c2ccccc2ncn1CCCCN1CCN(c2ccc(Cl)cc2)CC1,-3.25042000230889,training
O=c1c2ccccc2ncn1CCCCN1CCN(c2ccccc2)CC1,-2.72181061521255,training
COc1ccccc1N1CCN(CCCCN2C(=O)c3ccccc3S2(=O)=O)CC1,-2.2718416065365,training
O=C1c2ccccc2S(=O)(=O)N1CCCCN1CCN(c2cccc(C(F)(F)F)c2)CC1,-2.02938377768521,test
O=C1c2ccccc2S(=O)(=O)N1CCCCN1CCN(c2ccc(Cl)cc2)CC1,-2.45788189673399,training
O=C1c2ccccc2C(=O)N1CCCCN1CCN(C(c2ccccc2)c2ccccc2)CC1,-1.67486114073781,valid
O=C(/C=C/c1ccccc1)NCCCCN1CCc2ccccc2C1,-0.940516484932567,training
COc1ccccc1NC1CCN(CCCCNC(=O)/C=C/c2ccccc2)CC1,-1.03342375548695,training
COc1ccccc1NC1CCN(CCCCNC(=O)c2ccc3ccccc3c2)CC1,-1.26481782300954,training
COc1ccccc1N(C(C)=O)C1CCN(CCCCNC(=O)c2ccc3ccccc3c2)CC1,-3.36921585741014,test
O=C(NCCCCN1CCC(N(Cc2ccccc2)c2ccccc2)CC1)c1cc2ccccc2s1,-1.49276038902684,training
O=C(NCCCCN1CCC(N(Cc2ccccc2)c2ccccc2)CC1)c1ccc2ccccc2c1,0.522878745280338,training
O=C(NCCCCN1CCC(=C2c3ccc(Cl)cc3CCc3cccnc32)CC1)c1cc2ccccc2s1,-0.431363764158987,training
O=C(NCCCCN1CCC(=C2c3ccc(Cl)cc3CCc3cccnc32)CC1)c1ccc2ccccc2c1,-0.778874472002739,valid
O=C(NCCCCN1CCC(=C2c3ccccc3CC(=O)c3sccc32)CC1)c1ccc2ccccc2c1,-1.03742649794062,training
O=C1Cc2ccccc2C(=C2CCN(CCCCN3C(=O)c4ccccc4C3=O)CC2)c2ccsc21,-1.99607365448528,training
O=C(NCCCCN1CCN2c3ccccc3Cc3ccccc3C2C1)c1cccs1,-2.69897000433602,training
O=C(/C=C/c1ccccc1)NCCCCN1CCN2c3ccccc3Cc3ccccc3C2C1,-1.70070371714502,valid
O=C1c2ccccc2C(=O)N1CCCCN1CCN2c3ccccc3Cc3ccccc3C2C1,-2.69897000433602,test
COc1ccccc1C(c1ccccc1OC)N1CCN(CCCCNC(=O)c2cc3ccccc3s2)CC1,-1.35793484700045,valid
COc1ccccc1C(c1ccccc1OC)N1CCN(CCCCNC(=O)/C=C/c2ccccc2)CC1,-1.18184358794477,training
COc1ccccc1C(c1ccccc1OC)N1CCN(CCCCNC(=O)c2ccc3ccccc3c2)CC1,-1.18184358794477,training
COc1ccccc1C(c1ccccc1)N1CCN(CCCCNC(=O)c2cc3ccccc3s2)CC1,-0.556302500767287,training
O=C(NCCCCN1CCCN(C(c2ccccc2)c2ccccc2)CC1)c1cccs1,-2.53147891704225,training
O=C(NCCCCN1CCCN(C(c2ccccc2)c2ccccc2)CC1)c1cc2ccccc2s1,-1.56702636615906,training
O=C(/C=C/c1ccccc1)NCCCCN1CCCN(C(c2ccccc2)c2ccccc2)CC1,-1.61172330800734,test
O=C(NCCCCN1CCCN(C(c2ccccc2)c2ccccc2)CC1)c1ccc2ccccc2c1,-1.51321760006794,training
O=C(NCCCCN1CCN(C(c2ccccc2)c2ccc(Cl)cc2)CC1)C1CCCCC1,-1.0899051114394,training
O=C(NCCCCN1CCN(C(c2ccccc2)c2ccc(Cl)cc2)CC1)c1cccs1,-1.58994960132571,training
O=C(NCCCCN1CCN(C(c2ccccc2)c2ccc(Cl)cc2)CC1)c1cc2ccccc2s1,-1.24797326636181,training
O=C(/C=C/c1ccccc1)NCCCCN1CCN(C(c2ccccc2)c2ccc(Cl)cc2)CC1,-0.380211241711606,training
O=C(NCCCCN1CCN(C(c2ccccc2)c2ccc(Cl)cc2)CC1)c1ccc2ccccc2c1,-0.450249108319361,training
O=C(NCCCCN1CCN(C(c2ccccc2)c2ccccc2)CC1)C1CCCCC1,-1.48000694295715,training
O=C(NCCCCN1CCN(C(c2ccccc2)c2ccccc2)CC1)c1cccs1,-1.45331834004704,training
O=C(NCCCCN1CCN(C(c2ccccc2)c2ccccc2)CC1)c1cc2ccccc2s1,-1.48144262850231,training
O=C(/C=C/c1ccccc1)NCCCCN1CCN(C(c2ccccc2)c2ccccc2)CC1,-0.792391689498254,training
O=C(NCCCCN1CCN(C(c2ccccc2)c2ccccc2)CC1)c1ccc2ccccc2c1,-1.04532297878666,training
O=C1c2ccccc2C(=O)N1CCCCN1CCCN(C(c2ccccc2)c2ccc(Cl)cc2)CC1,-1.63245729218472,training
O=C1c2ccccc2C(=O)N1CCCCN1CCCN(C(c2ccccc2)c2ccccc2)CC1,-2.12385164096709,test
O=C1c2ccccc2C(=O)N1CCCCN1CCN(C(c2ccccc2)c2ccc(Cl)cc2)CC1,-1.44715803134222,training
C#Cc1ccc(C(=O)NCCN2CCN(c3cccc(Cl)c3Cl)CC2)cc1,-1.49136169383427,test
C#Cc1cccc(C(=O)NCCCCCN2CCN(c3cccc(Cl)c3Cl)CC2)c1,-0.7481880270062,training
C#Cc1ccc(C(=O)NCCCCCN2CCN(c3cccc(Cl)c3Cl)CC2)cc1,-0.176091259055681,training
COc1ccccc1N1CCN(CCCCCNC(=O)c2cccc(C#Cc3ccccc3)c2)CC1,-1.568201724067,valid
O=C(NCCCCN1CCN(c2cccc(Cl)c2Cl)CC1)c1cccc(C#Cc2ccccc2)c1,-0.8750612633917,training
C#Cc1cccc(C(=O)NCCCCN2CCN(c3cccc(Cl)c3Cl)CC2)c1,0.080921907623926,training
O=C(NCCCCN1CCN(c2cccc(Cl)c2Cl)CC1)c1ccc(C#Cc2ccccc2)cc1,-0.505149978319906,training
C#Cc1ccc(C(=O)NCCCCN2CCN(c3cccc(Cl)c3Cl)CC2)cc1,0.508638306165727,training
COc1ccccc1N1CCN(CCCCNC(=O)c2cccc(C#Cc3ccccc3)c2)CC1,-1.34242268082221,training
C#Cc1cccc(C(=O)NCCCCN2CCN(c3ccccc3OC)CC2)c1,-0.792391689498254,training
COc1ccccc1N1CCN(CCCCNC(=O)c2ccc(C#Cc3ccccc3)cc2)CC1,-1.0,training
C#Cc1ccc(C(=O)NCCCCN2CCN(c3ccccc3OC)CC2)cc1,0.0,test
O=C(NCCN1CCN(c2cccc(Cl)c2Cl)CC1)c1cccc(C#Cc2ccccc2)c1,-1.83250891270624,training
C#Cc1cccc(C(=O)NCCN2CCN(c3cccc(Cl)c3Cl)CC2)c1,-1.69897000433602,training
O=C(NCCN1CCN(c2cccc(Cl)c2Cl)CC1)c1ccc(C#Cc2ccccc2)cc1,-1.46239799789896,training
OC1(c2ccccc2Cl)CCN(Cc2c[nH]c3ccccc23)CC1,-3.26951294421792,training
COc1ccc2[nH]cc(CN3CCC(O)(c4ccc(SC)cc4)CC3)c2c1,-2.76342799356294,training
CSc1ccc(C2(O)CCN(Cc3c[nH]c4ccccc34)CC2)cc1,-2.80482067872116,training
CCCCCCn1cc(CN2CCC(O)(c3ccc(Cl)cc3)CC2)c2ccccc21,-2.68841982200271,training
Cn1cc(CN2CCC(O)(c3ccc(Cl)cc3)CC2)c2ccccc21,-2.37657695705651,test
CSc1ccc(C2(O)CCN(Cc3coc4ccccc34)CC2)cc1,-2.14301480025409,training
OC1(c2ccc(Cl)cc2)CCN(Cc2coc3ccccc23)CC1,-1.72427586960079,training
OC1(c2ccc(Cl)c(Cl)c2)CCN(Cc2coc3ccccc23)CC1,-1.44715803134222,training
OC1(c2ccc(Cl)cc2)CCN(Cc2n[nH]c3ccccc23)CC1,-2.64345267648619,training
OC1(c2ccc(Cl)c(Cl)c2)CCN(Cc2n[nH]c3ccccc23)CC1,-2.19312459835446,training
Cc1[nH]c2ccccc2c1CN1CCC(O)(c2ccc(Cl)cc2)CC1,-1.64443858946784,training
C=CCOC1(c2ccc(Cl)cc2)CCN(Cc2c[nH]c3ccccc23)CC1,-2.8561244442423,test
COC1(c2ccc(Cl)cc2)CCN(Cc2c[nH]c3ccccc23)CC1,-2.41830129131975,training
OCC1(c2ccc(Cl)cc2)CCN(Cc2c[nH]c3ccccc23)CC1,-2.02530586526477,training
CC(=O)NCC1(c2ccc(Cl)cc2)CCN(Cc2c[nH]c3ccccc23)CC1,-4.09691001300806,training
CCOC(=O)C1(c2ccc(Cl)cc2)CCN(Cc2c[nH]c3ccccc23)CC1,-2.85973856619715,training
COC(=O)C1(c2ccc(Cl)cc2)CCN(Cc2c[nH]c3ccccc23)CC1,-2.73559889969818,training
N#CC1(c2ccc(Cl)cc2)CCN(Cc2c[nH]c3ccccc23)CC1,-2.83505610172012,training
FC1(c2ccc(Cl)cc2)CCN(Cc2c[nH]c3ccccc23)CC1,-2.32428245529769,training
CC(=O)NC1(c2ccc(Cl)cc2)CCN(Cc2c[nH]c3ccccc23)CC1,-2.28555730900777,training
NC1(c2ccc(Cl)cc2)CCN(Cc2c[nH]c3ccccc23)CC1,-2.58206336291171,training
CC1(c2ccc(Cl)cc2)CCN(Cc2c[nH]c3ccccc23)CC1,-3.32221929473392,training
OC1(c2ccc(Cl)cc2)CCCN(Cc2c[nH]c3ccccc23)C1,-3.63042787502502,training
OC1(Cc2ccc(Cl)cc2)CCN(Cc2c[nH]c3ccccc23)CC1,-3.73878055848437,training
OC1(c2ccc(Cl)cc2)CCCN(Cc2c[nH]c3ccccc23)CC1,-3.32221929473392,test
OC1(c2ccc(-c3ccccc3)cc2)CCN(Cc2c[nH]c3ccccc23)CC1,-2.66931688056611,training
CCCCCCOc1ccc(C2(O)CCN(Cc3c[nH]c4ccccc34)CC2)cc1,-3.29003461136252,training
COc1ccc(C2(O)CCN(Cc3c[nH]c4ccccc34)CC2)cc1,-3.32837960343874,training
Oc1ccc(C2(O)CCN(Cc3c[nH]c4ccccc34)CC2)cc1,-4.22530928172586,training
OC1(c2ccc(F)cc2)CCN(Cc2c[nH]c3ccccc23)CC1,-2.69019608002851,training
OC1(c2cccc(C(F)(F)F)c2)CCN(Cc2c[nH]c3ccccc23)CC1,-2.75587485567249,training
OC1(c2ccc(Cl)c(Cl)c2)CCN(Cc2c[nH]c3ccccc23)CC1,-2.04532297878666,training
OC1(c2cccc(Cl)c2)CCN(Cc2c[nH]c3ccccc23)CC1,-2.65321251377534,training
OC1(c2cccc(Cl)c2Cl)CCN(Cc2c[nH]c3ccccc23)CC1,-2.43616264704076,training
Cc1ccc2c(OCCN3CCC(Cc4ccc5c(c4F)NC(=O)CO5)CC3)cc(F)cc2n1,-2.90000096515347,training
Cc1ccc2c(OCCN3CCC(Cc4cc(F)c5c(c4)NC(=O)CO5)CC3)cc(Cl)cc2n1,-3.10000158280135,training
Cc1ccc2c(OCCN3CCC(Cc4cc(F)c5c(c4)NC(=O)CO5)CC3)cc(F)cc2n1,-3.59999981394342,training
Cc1ccc2c(OCCN3CCC(Cc4cc5c(cc4F)OCC(=O)N5)CC3)cc(Cl)cc2n1,-3.29999949611698,training
Cc1ccc2c(OCCN3CCC(Cc4cc5c(cc4F)OCC(=O)N5)CC3)cc(F)cc2n1,-2.70000239714225,training
Cc1ccc2c(OCCN3CCC(Cc4ccc5c(c4F)NC(=O)CO5)CC3)cc(Cl)cc2n1,-3.0,valid
Cc1ccc2c(OCCN3CCC(Cc4ccc5c(c4)NC(=O)CO5)CC3)cccc2n1,-2.80000182781797,test
COc1ccc2c(c1)c1c(n2C)Cc2ccccc2CCN(C)CC1,-0.577491799837225,training
CN1CCc2cc(O)ccc2Cc2[nH]c3ccccc3c2CC1,-3.31597034545692,training
COc1ccc2c(c1)CCN(C)CCc1c([nH]c3ccccc13)C2,-3.05499586152914,training
CN1CCc2ccccc2Cc2[nH]c3ccc(O)cc3c2CC1,-2.97497199429807,training
COc1ccc2[nH]c3c(c2c1)CCN(C)CCc1ccccc1C3,-2.67669360962487,training
C=CCN1CCC[C@H]1CNC(=O)c1cc(CCCF)cc(OC)c1OC,-0.204119982655925,training
C=CCN1CCC[C@H]1CNC(=O)c1cc(Br)ccc1OC,-1.34242268082221,training
C=CCN1CCC[C@H]1CNC(=O)c1cc(Br)cc(OC)c1OC,0.221848749616356,training
C=CCN1CCC[C@H]1CNC(=O)c1cc(I)ccc1OC,-1.04139268515823,training
C=CCN1CCC[C@H]1CNC(=O)c1cc(I)cc(OC)c1OC,0.337242168318426,training
CCN1CCC[C@H]1CNC(=O)c1c(O)c(Br)cc(OC)c1OC,0.3767507096021,training
CCN1CCC[C@H]1CNC(=O)c1c(OC)ccc(I)c1O,-0.6232492903979,valid
C=CCN1CCC[C@H]1CNC(=O)c1cc(CCCF)ccc1OC,-1.51851393987789,training
CCCN(CCN1CCN(c2cccc(Cl)c2Cl)CC1)C1CCc2c(O)cccc2C1,0.346787486224656,training
CCCN(CCN1CCN(c2ccccc2OC)CC1)C1CCc2c(O)cccc2C1,-0.866484253384509,training
CCCN(CCN1CCN(c2ccccc2)CC1)C1CCc2ccc3c(c2C1)CC(=O)N3,-1.03742649794062,training
CCCN(CCN1CCN(c2ccccc2)CC1)C1CCc2ccc(N)cc2C1,-1.34635297445064,training
CCCN(CCCCN1CCN(c2ccccc2)CC1)C1CCc2cc(O)c(O)cc2C1,-0.460897842756548,training
CCCN(CCN1CCN(c2ccccc2)CC1)C1CCc2cc(O)c(O)cc2C1,-0.143014800254095,training
Oc1ccc2c(c1)CC(N(CCc1cccs1)CCN1CCN(c3ccccc3)CC1)CC2,-1.37839790094814,training
CCCN(CCCN1CCN(c2ccccc2)CC1)C1CCc2ccc(O)cc2C1,-1.01283722470517,test
CCCN(CCN1CCN(c2ccccc2)CC1)C1CCc2cc(O)ccc2C1,-1.04921802267018,test
COc1cc(CN2CCN(c3ccccc3OC)CC2)ccc1OCCF,-3.04139268515822,training
COc1cc(CN2CCN(c3ccc(Cl)cc3)CC2)c(OCCF)cc1OC,-3.5910646070265,training
FCCOc1cccc(CN2CCN(c3ccc(Cl)cc3)CC2)c1,-3.04139268515822,test
FCCOc1ccc(CN2CCN(c3ccc(Cl)cc3)CC2)cc1,-3.04139268515822,training
COc1cc(CN2CCN(c3ccc(Cl)cc3)CC2)ccc1OCCF,-3.69019608002851,training
COc1cc(CN2CCN(c3ccccc3OC)CC2)c(OCCF)cc1OC,-2.51851393987789,training
COc1ccccc1N1CCN(Cc2cccc(OCCF)c2)CC1,-2.43136376415899,training
COc1ccccc1N1CCN(Cc2ccc(OCCF)cc2)CC1,-1.88649072517248,valid
Cc1cc(-c2nc3c4c(ccc3o2)CCN(CCCSc2nnc(-c3ocnc3C)n2C)CC4)n(C)n1,-1.40001963506516,training
Cc1ccc2c(-c3nnc(SCCCN4CCc5ccc6oc(-c7cc(C)nn7C)nc6c5CC4)n3C)cccc2n1,-0.599992177584098,training
Cc1ccc2c(-c3nnc(SCCCN4CCc5c(Cl)cc6oc(C)nc6c5CC4)n3C)cccc2n1,-2.50000306805169,training
Cc1nc(C)c(-c2nnc(SCCCN3CCc4ccc5oc(C(F)(F)F)nc5c4CC3)n2C)s1,-0.700011062322112,training
Cn1c(SCCCN2CCc3ccc4oc(C(F)(F)F)nc4c3CC2)nnc1-c1ccccc1,-0.49996186559619,training
Cc1ncccc1-c1nnc(SCCCN2CCc3ccc4oc(C(F)(F)F)nc4c3CC2)n1C,-1.20002926655377,training
Cc1ccc(-c2nnc(SCCCN3CCc4ccc5oc(C(F)(F)F)nc5c4CC3)n2C)cn1,-0.599992177584098,training
Cc1cnc(-c2nnc(SCCCN3CCc4ccc5oc(C(F)(F)F)nc5c4CC3)n2C)cn1,-0.800029359244134,training
Cc1ncoc1-c1nnc(SCCCN2CCc3ccc4oc(C(F)(F)C(F)(F)F)nc4c3CC2)n1C,0.100015437450609,training
Cc1ccc2c(-c3nnc(SCCCN4CCc5ccc6oc(C(F)(F)C(F)(F)F)nc6c5CC4)n3C)cccc2n1,0.0,training
Cc1ncoc1-c1nnc(SCCCN2CCc3ccc4oc(C(C)(F)F)nc4c3CC2)n1C,0.100015437450609,training
Cc1ncoc1-c1nnc(SCCCN2CCc3ccc4oc(C(F)(F)F)nc4c3CC2)n1C,-0.20002926655377,training
Cc1ccc2c(-c3nnc(SCCCN4CCc5ccc6oc(C(F)(F)F)nc6c5CC4)n3C)cccc2n1,-0.599992177584098,valid
CCc1nc2c3c(ccc2o1)CCN(CCCSc1nnc(-c2ocnc2C)n1C)CC3,-1.10002573010786,test
CCc1nc2c3c(ccc2o1)CCN(CCCSc1nnc(-c2cccc4nc(C)ccc24)n1C)CC3,-0.899984562549391,training
Cc1nc2c3c(ccc2o1)CCN(CCCSc1nnc(-c2ocnc2C)n1C)CC3,-2.0,training
Cc1ccc2c(-c3nnc(SCCCN4CCc5ccc6oc(C)nc6c5CC4)n3C)cccc2n1,-1.80002935924413,valid
Cc1ncoc1-c1nnc(SCCCN2CCc3nc4ccc(C(F)(F)F)cn4c3CC2)n1C,-2.60000308662774,training
Cc1ccc2c(-c3nnc(SCCCN4CCc5nc6ccc(C(F)(F)F)cn6c5CC4)n3C)cccc2n1,-2.2000018654066,training
Cc1ncoc1-c1nnc(SCCCN2CCc3nc4cc(C(F)(F)F)ccn4c3CC2)n1C,-2.30000820255381,training
Cc1ccc2c(-c3nnc(SCCCN4CCc5nc6cc(C(F)(F)F)ccn6c5CC4)n3C)cccc2n1,-2.40000234592796,training
Cc1ccn2c3c(nc2c1)CCN(CCCSc1nnc(-c2cccc4nc(C)ccc24)n1C)CC3,-2.2000018654066,test
CCc1nc2ccc3c(c2s1)CCN(CCCSc1nnc(-c2ocnc2C)n1C)CC3,-0.800029359244134,training
CCc1nc2ccc3c(c2s1)CCN(CCCSc1nnc(-c2cccc4nc(C)ccc24)n1C)CC3,-0.299942900022767,training
Cc1ccc2c(-c3nnc(SCCCN4CCc5ccc6nc(C)sc6c5CC4)n3C)cccc2n1,-1.49996186559619,valid
Cc1cnc(-c2nnc(SCCCN3CCc4ccc5c(C)noc5c4CC3)n2C)cn1,-2.90000096515347,test
Cc1ncoc1-c1nnc(SCCCN2CCc3ccc4nc(C(C)(F)F)oc4c3CC2)n1C,-0.400019635065159,training
Cc1ccc2c(-c3nnc(SCCCN4CCc5ccc6nc(C(C)(F)F)oc6c5CC4)n3C)cccc2n1,-0.299942900022767,training
Cc1ncoc1-c1nnc(SCCCN2CCc3ccc4nc(C(F)(F)F)oc4c3CC2)n1C,-1.29994290002277,test
Cc1ccc2c(-c3nnc(SCCCN4CCc5ccc6nc(C(F)(F)F)oc6c5CC4)n3C)cccc2n1,-0.700011062322112,valid
Cc1ccc2c(-c3nnc(SCCCN4CCc5cc6c(cc5CC4)OCC(=O)N6)n3C)cccc2n1,-2.40000234592796,training
Cc1ccc2c(-c3nnc(SCCCN4CCc5cc6c(cc5CC4)OCCN6)n3C)cccc2n1,-0.899984562549391,valid
CC(=O)N1CCOc2cc3c(cc21)CCN(CCCSc1nnc(-c2cccc4nc(C)ccc24)n1C)CC3,-2.2000018654066,valid
Cc1ccc2c(-c3nnc(SCCCN4CCc5cc6c(cc5CC4)N(S(C)(=O)=O)CCO6)n3C)cccc2n1,-1.10002573010786,training
Cc1ncoc1-c1nnc(SCCCN2CCc3cc4c(cc3CC2)N(C)C(=O)CO4)n1C,-1.80002935924413,training
Cc1ccc2c(-c3nnc(SCCCN4CCc5cc6c(cc5CC4)N(C)C(=O)CO6)n3C)cccc2n1,-1.5999921775841,training
Cc1ncoc1-c1nnc(SCCCN2CCc3cc4c(cc3CC2)OCC(=O)N4)n1C,-3.40000061697638,training
Cc1noc2cc3c(cc12)CCN(CCCSc1nnc(-c2ccc(C(F)(F)F)cc2)n1C)CC3,-1.10002573010786,training
CCc1noc2cc3c(cc12)CCN(CCCSc1nnc(-c2cccc4nc(C)ccc24)n1C)CC3,-1.40001963506516,test
Cc1ncoc1-c1nnc(SCCCN2CCc3cc4onc(C)c4cc3CC2)n1C,-2.2000018654066,training
Cc1ccc2c(-c3nnc(SCCCN4CCc5cc6onc(C)c6cc5CC4)n3C)cccc2n1,-1.29994290002277,training
Cc1cc(-c2nc3cc4c(cc3o2)CCN(CCCSc2nnc(-c3ocnc3C)n2C)CC4)n(C)n1,-0.599992177584098,test
Cc1ccc2c(-c3nnc(SCCCN4CCc5cc6nc(-c7cc(C)nn7C)oc6cc5CC4)n3C)cccc2n1,-0.899984562549391,training
Cc1ncoc1-c1nnc(SCCCN2CCc3cc4nc(C(F)(F)C(F)(F)F)oc4cc3CC2)n1C,-0.49996186559619,training
Cc1ccc2c(-c3nnc(SCCCN4CCc5cc6nc(C(F)(F)C(F)(F)F)oc6cc5CC4)n3C)cccc2n1,-0.700011062322112,valid
Cc1ccc2c(-c3nnc(SCCCN4CCc5cc6nc(N(C)C)oc6cc5CC4)n3C)cccc2n1,0.0,test
Cc1ccc2c(-c3nnc(SCCCN4CCc5cc6nc(N7CCCCC7)oc6cc5CC4)n3C)cccc2n1,-0.700011062322112,valid
Cc1ncoc1-c1nnc(SCCCN2CCc3cc4nc(CC5CC5)oc4cc3CC2)n1C,-1.5999921775841,training
Cc1ccc2c(-c3nnc(SCCCN4CCc5cc6nc(CC7CC7)oc6cc5CC4)n3C)cccc2n1,-1.10002573010786,training
COCc1nc2cc3c(cc2o1)CCN(CCCSc1nnc(-c2cccc4nc(C)ccc24)n1C)CC3,-2.40000234592796,training
Cc1ncoc1-c1nnc(SCCCN2CCc3cc4nc(C(C)(F)F)oc4cc3CC2)n1C,-1.29994290002277,training
Cc1ccc2c(-c3nnc(SCCCN4CCc5cc6nc(C(C)(F)F)oc6cc5CC4)n3C)cccc2n1,-0.800029359244134,training
Cc1ccc2c(-c3nnc(SCCCN4CCc5cc6nc(CC(F)(F)F)oc6cc5CC4)n3C)cccc2n1,-1.5999921775841,valid
Cc1ccc2c(-c3nnc(SCCCN4CCc5cc6nc(C(F)(F)F)oc6cc5CC4)n3C)cccc2n1,-1.70001106232211,training
CCc1nc2cc3c(cc2o1)CCN(CCCSc1nnc(-c2ccc(F)c(F)c2)n1C)CC3,-1.40001963506516,training
CCc1nc2cc3c(cc2o1)CCN(CCCSc1nnc(-c2ccc(C(F)(F)F)cc2)n1C)CC3,-0.899984562549391,training
CCc1nc2cc3c(cc2o1)CCN(CCCSc1nnc(-c2cccnc2)n1C)CC3,-2.0,training
Cc1nc2cc3c(cc2o1)CCN(CCCSc1nnc(C2CCOCC2)n1C)CC3,-2.0,test
Cc1nc2cc3c(cc2o1)CCN(CCCSc1nnc(-c2ccc(F)c(F)c2)n1C)CC3,-1.49996186559619,training
Cc1nc2cc3c(cc2o1)CCN(CCCSc1nnc(-c2ccc(C(F)(F)F)cc2)n1C)CC3,-1.40001963506516,training
Cc1nc2cc3c(cc2o1)CCN(CCCSc1nnc(-c2cccnc2)n1C)CC3,-2.09999123354468,training
Cc1ccc2c(-c3nnc(SCCCN4CCc5cc6nc(C(C)(C)C)oc6cc5CC4)n3C)cccc2n1,0.100015437450609,training
Cc1ncoc1-c1nnc(SCCCN2CCc3cc4nc(C5CC5)oc4cc3CC2)n1C,-2.30000820255381,valid
Cc1ccc2c(-c3nnc(SCCCN4CCc5cc6nc(C7CC7)oc6cc5CC4)n3C)cccc2n1,-1.70001106232211,valid
Cc1ncoc1-c1nnc(SCCCN2CCc3cc4nc(C(C)C)oc4cc3CC2)n1C,-1.0,training
Cc1ccc2c(-c3nnc(SCCCN4CCc5cc6nc(C(C)C)oc6cc5CC4)n3C)cccc2n1,-0.49996186559619,training
CCCc1nc2cc3c(cc2o1)CCN(CCCSc1nnc(-c2cccc4nc(C)ccc24)n1C)CC3,-0.599992177584098,training
CCc1nc2cc3c(cc2o1)CCN(CCCSc1nnc(-c2ocnc2C)n1C)CC3,-1.49996186559619,training
CCc1nc2cc3c(cc2o1)CCN(CCCSc1nnc(-c2cccc4nc(C)ccc24)n1C)CC3,-1.10002573010786,training
Cc1ccc2c(-c3nnc(SCCCN4CCc5cc6ncoc6cc5CC4)n3C)cccc2n1,-1.70001106232211,test
Cc1ncoc1-c1nnc(SCCCN2CCc3cc4ncoc4cc3CC2)n1C,-2.30000820255381,valid
Cc1nc2cc3c(cc2o1)CCN(CCCSc1nnc(-c2ocnc2C)n1C)CC3,-2.2000018654066,training
Cc1ccc2c(-c3nnc(SCCCN4CCc5cc6nc(C)oc6cc5CC4)n3C)cccc2n1,-1.80002935924413,test
Cc1ccc2c(-c3nnc(SCCCN4CCc5cc6nc(C)oc6c(Br)c5CC4)n3C)cccc2n1,-1.40001963506516,training
Cc1ccc2c(-c3nnc(SCCC(C)N4CCc5cc6nc(C(F)(F)F)oc6c(Br)c5CC4)n3C)cccc2n1,-2.0,training
CCc1nc2cc3c(c(Br)c2o1)CCN(C(C)CCSc1nnc(-c2cccc4nc(C)ccc24)n1C)CC3,-2.0,training
Cc1ccc2c(-c3nnc(SCCC(C)N4CCc5cc6nc(C)oc6c(Br)c5CC4)n3C)cccc2n1,-1.70001106232211,training
Cc1ccc2c(-c3nnc(SCCC(C)N4CCc5cc6nc(C(F)(F)F)oc6c(C)c5CC4)n3C)cccc2n1,-1.89998456254939,training
CCc1nc2cc3c(c(C)c2o1)CCN(C(C)CCSc1nnc(-c2cccc4nc(C)ccc24)n1C)CC3,-2.09999123354468,training
Cc1ccc2c(-c3nnc(SCCC(C)N4CCc5cc6nc(C)oc6c(C)c5CC4)n3C)cccc2n1,-2.40000234592796,training
Cc1ccc2c(-c3nnc(SCCN4CCc5cc6nc(C(F)(F)F)oc6c(C)c5CC4)n3C)cccc2n1,-2.09999123354468,training
CCc1nc2cc3c(c(C)c2o1)CCN(CCSc1nnc(-c2cccc4nc(C)ccc24)n1C)CC3,-2.40000234592796,training
Cc1ccc2c(-c3nnc(SCCN4CCc5cc6nc(C)oc6c(C)c5CC4)n3C)cccc2n1,-2.50000306805169,test
Cc1ccc2c(-c3nnc(SCCN4CCc5cc6nc(C(F)(F)F)oc6c(Br)c5CC4)n3C)cccc2n1,-2.50000306805169,training
CCc1nc2cc3c(c(Br)c2o1)CCN(CCSc1nnc(-c2cccc4nc(C)ccc24)n1C)CC3,-2.30000820255381,test
Cc1ccc2c(-c3nnc(SCCN4CCc5cc6nc(C)oc6c(Br)c5CC4)n3C)cccc2n1,-2.50000306805169,training
Cc1ccc2c(-c3nnc(SCCN4CCc5cc6nc(C)oc6cc5CC4)n3C)cccc2n1,-1.49996186559619,training
Cc1ccc2c(-c3nnc(SCCCCN4CCc5cc6nc(C(F)(F)F)oc6c(C)c5CC4)n3C)cccc2n1,-1.80002935924413,training
CCc1nc2cc3c(c(C)c2o1)CCN(CCCCSc1nnc(-c2cccc4nc(C)ccc24)n1C)CC3,-1.40001963506516,training
Cc1ccc2c(-c3nnc(SCCCCN4CCc5cc6nc(C)oc6c(C)c5CC4)n3C)cccc2n1,-0.800029359244134,training
Cc1ccc2c(-c3nnc(SCCCCN4CCc5cc6nc(C(F)(F)F)oc6c(Br)c5CC4)n3C)cccc2n1,-1.29994290002277,training
CCc1nc2cc3c(c(Br)c2o1)CCN(CCCCSc1nnc(-c2cccc4nc(C)ccc24)n1C)CC3,-1.5999921775841,training
Cc1ccc2c(-c3nnc(SCCCCN4CCc5cc6nc(C)oc6c(Br)c5CC4)n3C)cccc2n1,-1.5999921775841,training
Cc1nc2cc3c(cc2o1)CCN(CCCCSc1nnc(-c2ocnc2C)n1C)CC3,-2.50000306805169,training
Cc1ccc2c(-c3nnc(SCCCN4CCc5cc6nc(C(C)(C)C)oc6c(C)c5CC4)n3C)cccc2n1,-1.5999921775841,training
CCc1nc2cc3c(c(C)c2o1)CCN(CCCSc1nnc(-c2cccc4nc(C)ccc24)n1C)CC3,-1.49996186559619,training
Cc1ccc2c(-c3nnc(SCCCN4CCc5cc6nc(C)oc6c(C)c5CC4)n3C)cccc2n1,-1.5999921775841,training
Cc1ccc2c(-c3nnc(SCCCN4CCc5cc6nc(C(C)(C)C)oc6c(Br)c5CC4)n3C)cccc2n1,-1.10002573010786,training
CCc1nc2cc3c(cc2s1)CCN(CCCSc1nnc(-c2ocnc2C)n1C)CC3,-0.599992177584098,training
CCc1nc2cc3c(cc2s1)CCN(CCCSc1nnc(-c2cccc4nc(C)ccc24)n1C)CC3,-0.400019635065159,valid
Cc1nc2cc3c(cc2s1)CCN(CCCSc1nnc(-c2ocnc2C)n1C)CC3,-1.89998456254939,training
Cc1ccc2c(-c3nnc(SCCCN4CCc5cc6nc(C)sc6cc5CC4)n3C)cccc2n1,-1.29994290002277,valid
CCc1nn(C)c2cc3c(cc12)CCN(CCCSc1nnc(-c2cccc4nc(C)ccc24)n1C)CC3,-0.400019635065159,training
Cc1ccc2c(-c3nnc(SCCC(C)N4CCc5cc6c(cc5CC4)C(=O)N(C(C)C)C6)n3C)cccc2n1,-2.09999123354468,training
Cc1ccc2c(-c3nnc(SCCCCN4CCc5cc6c(cc5CC4)C(=O)N(C(C)C)C6)n3C)cccc2n1,-1.5999921775841,test
Cc1ccc2c(-c3nnc(SCCCCN4CCc5cc6c(cc5CC4)C(=O)N(C)C6)n3C)cccc2n1,-2.40000234592796,valid
Cc1ccc2c(-c3nnc(SCCCN4CCc5cc6c(cc5CC4)C(=O)N(C(C)C)C6)n3C)cccc2n1,-1.40001963506516,training
Cc1ccc2c(-c3nnc(SCCCN4CCc5cc6c(cc5CC4)C(=O)N(C)C6)n3C)cccc2n1,-2.80000182781797,training
Cc1cc2c(-c3nnc(SCCCN4CCc5ccc(-c6cc(C)nn6C)cc5CC4)n3C)cccc2cn1,-0.20002926655377,test
Fc1cccc(N2CCN(Cc3cnn4ccccc34)CC2)n1,-2.77085201164214,test
Oc1ccc(N2CCN(Cc3cnn4ccccc34)CC2)cc1,-3.53147891704225,training
Oc1ccccc1N1CCN(Cc2cnn3ccccc23)CC1,-3.34242268082221,training
FCCOc1ccc(N2CCN(Cc3cc4ccccn4n3)CC2)cc1,-4.17609125905568,training
FCCOc1ccccc1N1CCN(Cc2cc3ccccn3n2)CC1,-2.9731278535997,training
FCCOc1ccc(N2CCN(Cc3cnn4ccccc34)CC2)cc1,-3.93951925261862,test
FCCOc1ccccc1N1CCN(Cc2cnn3ccccc23)CC1,-2.50514997831991,training
Brc1cccc(N2CCN(Cc3cc4ccccn4n3)CC2)n1,-2.96848294855394,training
Fc1cccc(N2CCN(Cc3cc4ccccn4n3)CC2)n1,-3.53147891704225,training
Brc1cccc(N2CCN(Cc3cnn4ccccc34)CC2)n1,-2.61278385671974,training
O=C(NCCCCN1CCN(c2ccc(Cl)cc2Cl)CC1)c1cc2cc(Cl)ccc2[nH]1,0.42021640338319,training
COc1cccc2cc3n(c12)CCN(CCCCN1CCn2c(cc4ccccc42)C1=O)C3,-0.934498451243567,training
Clc1cccc(N2CCN(CCCCCOc3cc4ccccc4cn3)CC2)c1Cl,0.853871964321762,training
Clc1cccc(N2CCN(CCCCOc3cc4ccccc4cn3)CC2)c1Cl,-1.51745982654023,training
Clc1cccc(N2CCN(CCCCOc3ccc4cccnc4c3)CC2)c1Cl,-0.913813852383717,training
Cc1cccc(N2CCN(CCCCNC(=O)c3cc4ccccc4o3)CC2)c1,-0.653212513775344,training
O=C1c2cc3ccccc3n2CCN1CCCCN1CCN(c2cccc(Cl)c2Cl)CC1,0.978810700930062,training
O=C1c2cc3ccccc3n2CCN1CCCCN1CCN(c2ccc(Cl)cc2Cl)CC1,-0.505149978319906,training
N#Cc1cccc(N2CCN(CCCCN3CCn4c(cc5ccccc54)C3=O)CC2)c1,-0.568201724066995,test
N#Cc1cccc(N2CCN(CCCCNC(=O)c3cc4ccccc4o3)CC2)c1,0.267606240177031,training
O=C(NCCCCN1CCN(c2cccc(Cl)c2Cl)CC1)c1cc2ccccc2cn1,1.00436480540245,valid
O=C(NCCCCN1CCN(c2cccc(Cl)c2)CC1)c1cc2ccccc2cn1,0.568636235841013,valid
COc1cccc2cc3n(c12)CCN(CCCCNC(=O)C1=Cc2ccccc2CN1)C3,-1.52504480703685,training
COc1cccc2c1C1CCN(CCCCNC(=O)C3=Cc4ccccc4CN3)CC1=N2,-0.778151250383644,training
O[C@@]1(c2ccc(Cl)cc2)C[C@@H]2CC[C@H](C1)N2Cc1c[nH]c2ccccc12,-1.30642502755069,test
O[C@]1(c2ccc(Cl)c(Cl)c2)C[C@@H]2CC[C@H](C1)N2Cc1coc2ccc(F)cc12,0.275724130399211,training
O[C@]1(c2ccc(Cl)cc2)C[C@@H]2CC[C@H](C1)N2Cc1coc2c1ccc1ccccc12,-0.301029995663981,training
O[C@]1(c2ccc(Cl)cc2)C[C@@H]2CC[C@H](C1)N2Cc1coc2ccc3ccccc3c12,-0.924279286061882,test
O[C@]1(c2ccc(Cl)cc2)C[C@@H]2CC[C@H](C1)N2Cc1coc2ccc(F)cc12,0.431798275933005,training
COc1ccc2occ(CN3[C@H]4CC[C@@H]3C[C@@](O)(c3ccc(Cl)cc3)C4)c2c1,-0.322219294733919,training
O[C@]1(c2ccc(Br)cc2)C[C@@H]2CC[C@H](C1)N2Cc1coc2ccccc12,0.036212172654445,training
O[C@]1(c2ccc(F)cc2)C[C@@H]2CC[C@H](C1)N2Cc1coc2ccccc12,-0.079181246047625,training
O[C@]1(c2cccc(Cl)c2Cl)C[C@@H]2CC[C@H](C1)N2Cc1coc2ccccc12,-1.50785587169583,test
O[C@@]1(c2ccc(Cl)c(Cl)c2)C[C@@H]2CC[C@H](C1)N2Cc1coc2ccccc12,0.468521082957745,training
O[C@]1(c2ccc(Cl)cc2)C[C@@H]2CC[C@H](C1)N2Cc1coc2ccccc12,0.148741651280925,training
O[C@]1(c2cccc(Cl)c2Cl)C[C@@H]2CC[C@H](C1)N2Cc1csc2ccccc12,-2.63447727016073,training
O[C@]1(c2ccc(Cl)c(Cl)c2)C[C@@H]2CC[C@H](C1)N2Cc1csc2ccccc12,-1.25285303097989,training
O[C@]1(c2ccc(Cl)cc2)C[C@@H]2CC[C@H](C1)N2Cc1csc2ccccc12,-0.558708570533166,training
COc1ccc2[nH]cc(CN3[C@H]4CC[C@@H]3C[C@@](O)(c3ccc(SC)cc3)C4)c2c1,-3.08278537031645,training
COc1ccc2[nH]cc(CN3[C@H]4CC[C@@H]3C[C@@](O)(c3ccc(Cl)cc3)C4)c2c1,-1.32633586092875,training
O[C@]1(c2ccc(Cl)cc2)C[C@@H]2CC[C@H](C1)N2Cc1n[nH]c2ccccc12,-1.92788341033071,test
CSc1ccc([C@@]2(O)C[C@@H]3CC[C@H](C2)N3Cc2c[nH]c3ccccc23)cc1,-2.73319726510657,training
COc1ccccc1[C@@]1(O)C[C@@H]2CC[C@H](C1)N2Cc1c[nH]c2ccccc12,-3.80685802951882,training
O[C@]1(c2ccc3ccccc3c2)C[C@@H]2CC[C@H](C1)N2Cc1c[nH]c2ccccc12,-2.35024801833416,valid
O[C@]1(c2ccc(F)cc2)C[C@@H]2CC[C@H](C1)N2Cc1c[nH]c2ccccc12,-1.49136169383427,training
O[C@]1(c2cccc(Cl)c2Cl)C[C@@H]2CC[C@H](C1)N2Cc1c[nH]c2ccccc12,-2.68124123737559,training
O[C@]1(c2ccc(Cl)c(Cl)c2)C[C@@H]2CC[C@H](C1)N2Cc1c[nH]c2ccccc12,-0.802773725291976,valid
COc1ccccc1N1CCN(CCCCOc2ccc(C3CN4C=CSC4=N3)cc2)CC1,0.920818753952375,training
COc1c(C(=O)NCCCCN2CCN(c3cccc(Cl)c3Cl)CC2)ccc2ccccc12,0.221848749616356,valid
COc1ccccc1N1CCN(CCCNC(=O)c2ccc(-n3ccnc3)cc2)CC1,-1.97909290063833,test
COc1cccc(N2CCN(CCCCNC(=O)c3ccc(-n4ccnc4)cc3)CC2)c1,-1.29885307640971,test
COc1cccc(N2CCN(CCCCNC(=O)c3ccc4nonc4c3)CC2)c1,-2.23044892137827,training
COc1ccc(N2CCN(CCCCNC(=O)c3ccc(-n4ccnc4)cc3)CC2)cc1,-2.32428245529769,training
COc1ccc(N2CCN(CCCCNC(=O)c3ccc4nonc4c3)CC2)cc1,-3.79358086736816,training
O=C(NCCCCN1CCN(c2ccccc2OCCF)CC1)c1ccc(-n2ccnc2)cc1,-0.469822015978163,training
O=C(NCCCCN1CCN(c2ccccc2OCCF)CC1)c1ccc2nonc2c1,-1.34439227368511,valid
O=C(NCCCCN1CCN(c2cccc(OCCF)c2)CC1)c1ccc(-n2ccnc2)cc1,-1.67394199863409,training
O=C(NCCCCN1CCN(c2cccc(OCCF)c2)CC1)c1ccc2nonc2c1,-2.3541084391474,training
COc1cc(F)cc(N2CCN(CCCCNC(=O)c3ccc(-n4ccnc4)cc3)CC2)c1,-1.46538285144842,training
COc1cc(F)cc(N2CCN(CCCCNC(=O)c3ccc4nonc4c3)CC2)c1,-2.81822589361396,training
COc1ccccc1N1CCN(CCCN2CCc3ccccc3C2=O)CC1,-3.1999991251968,training
COc1ccc(N2CCN(CCCN3CCc4ccccc4C3=O)CC2)cc1,-4.0,training
O=C1c2ccccc2CCN1CCCN1CCN(c2ccccn2)CC1,-3.9200001195157,training
O=C1c2ccccc2CCN1CCCN1CCN(c2ncccn2)CC1,-4.39000001491726,training
O=C1c2ccccc2CCN1CCCN1CCN(c2cccc(C(F)(F)F)c2)CC1,-3.3799994715285,training
O=C1c2ccccc2CCN1CCCN1CCN(c2cccc(Cl)c2Cl)CC1,-2.32000080426473,training
COc1ccccc1N1CCN(CCCN2CCCc3ccccc3C2=O)CC1,-2.32000080426473,training
COc1ccc(N2CCN(CCCN3CCCc4ccccc4C3=O)CC2)cc1,-3.04000071447332,training
O=C1c2ccccc2CCCN1CCCN1CCN(c2ccccn2)CC1,-3.61999960050046,training
O=C1c2ccccc2CCCN1CCCN1CCN(c2ncccn2)CC1,-3.9200001195157,valid
O=C1c2ccccc2CCCN1CCCN1CCN(c2cccc(C(F)(F)F)c2)CC1,-3.02000060219258,valid
O=C1c2ccccc2CCCN1CCCN1CCN(c2cccc(Cl)c2Cl)CC1,-2.59000541965133,training
COc1ccc(N2CCN(CCCN3CCCCc4ccccc4C3=O)CC2)cc1,-3.95000003014658,test
COc1ccccc1N1CCN(CCCCN2CCc3ccccc3C2=O)CC1,-0.363611979892144,training
COc1ccc(N2CCN(CCCCN3CCc4ccccc4C3=O)CC2)cc1,-2.69000104688306,training
O=C1c2ccccc2CCN1CCCCN1CCN(c2ccccn2)CC1,-1.07990446766672,training
O=C1c2ccccc2CCN1CCCCN1CCN(c2ncccn2)CC1,-3.17999964177916,test
O=C1c2ccccc2CCN1CCCCN1CCN(c2cccc(Cl)c2Cl)CC1,-2.20999729608237,valid
O=C1c2ccccc2CCN1CCCCN1CCN(c2ccccc2Cl)CC1,-0.830010935936118,valid
COc1cccc(N2CCN(CCCCN3CCc4ccccc4C3=O)CC2)c1,-1.61002102466415,test
COc1ccccc1N1CCN(CCCCN2CCCc3ccccc3C2=O)CC1,0.032686081712917,test
COc1ccc(N2CCN(CCCCN3CCCc4ccccc4C3=O)CC2)cc1,-1.60605874941031,training
O=C1c2ccccc2CCCN1CCCCN1CCN(c2ccccn2)CC1,-2.60000308662774,training
O=C1c2ccccc2CCCN1CCCCN1CCN(c2ncccn2)CC1,-2.80000182781797,training
O=C1c2ccccc2CCCN1CCCCN1CCN(c2cccc(Cl)c2Cl)CC1,-1.15986784709257,test
COc1ccccc1N1CCN(CCCCCN2CCc3ccccc3C2=O)CC1,-1.51000851294023,training
COc1ccccc1N1CCN(CCC(O)CNC(=O)c2cc3ccccc3[nH]2)CC1,0.296708621881339,test
O=C(NCC(O)CCN1CCN(c2cccc(Cl)c2Cl)CC1)c1cc2ccccc2[nH]1,0.585026652029182,training
COc1ccccc1N1CCN(CC(O)CCNC(=O)c2cc3ccccc3s2)CC1,-0.662757831681574,training
COc1ccccc1N1CCN(CC(O)CCNC(=O)c2cc3cc(I)ccc3o2)CC1,-0.685741738602264,training
O=C(NCCC(O)CN1CCN(c2cccc(Cl)c2Cl)CC1)c1cc2cc(I)ccc2o1,-0.748575616930992,training
COc1ccccc1N1CCN(CC(O)CCNC(=O)c2cc3ccccc3o2)CC1,-0.809896246602439,training
O=C(NCCC(O)CN1CCN(c2cccc(Cl)c2Cl)CC1)c1cc2ccccc2o1,-0.549616239519085,training
COc1ccc2[nH]c(C(=O)NCCC(O)CN3CCN(c4ccccc4OC)CC3)cc2c1,-0.3654879848909,valid
COc1ccc2[nH]c(C(=O)NCCC(O)CN3CCN(c4cccc(Cl)c4Cl)CC3)cc2c1,-0.02530586526477,test
COc1ccccc1N1CCN(CC(O)CCNC(=O)c2cc3cc(I)ccc3[nH]2)CC1,-0.556302500767287,test
O=C(NCCC(O)CN1CCN(c2cccc(Cl)c2Cl)CC1)c1cc2cc(I)ccc2[nH]1,-0.716837723299524,training
COc1ccccc1N1CCN(CC(O)CCNC(=O)c2cc3cc(F)ccc3[nH]2)CC1,-0.382017042574868,training
O=C(NCCC(O)CN1CCN(c2cccc(Cl)c2Cl)CC1)c1cc2cc(F)ccc2[nH]1,-0.231724383328517,test
CCCOc1ccccc1N1CCN(CC(O)CCNC(=O)c2cc3ccccc3[nH]2)CC1,-1.79309160017658,training
COc1ccccc1N1CCN(CC(O)CCNC(=O)c2cc3ccccc3[nH]2)CC1,-0.141449773400467,training
COc1ccccc1N1CCN(C/C=C/CNC(=O)c2cc3ccccc3s2)CC1,-0.416640507338281,training
COc1ccccc1N1CCN(C/C=C/CNC(=O)c2cc3ccccc3o2)CC1,-1.05307844348342,training
O=C(NC/C=C/CN1CCN(c2cccc(Cl)c2Cl)CC1)c1cc2ccccc2[nH]1,0.356547323513813,training
COc1ccccc1N1CCN(CCCCNC(=O)c2cc3ccccc3[nH]2)CC1,0.494850021680094,training
O=C(NCCCCN1CCN(c2cccc(Cl)c2Cl)CC1)c1cc2cc(F)ccc2[nH]1,0.397940008672038,training
CCN1CCC[C@H]1CNC(=O)c1cc(Br)cc(OC)c1OC,0.657577319177794,training
CCCN(CCCCNC(=O)c1ccc(-c2ccccc2)cc1)C1CC=C(C#C[Si](C)(C)C)CC1,-0.643452676486187,valid
CCCN(CCCCNC(=O)c1ccc(-c2ccccc2)cc1)C1CC=C(C#Cc2ccccc2)CC1,-2.47712125471966,training
CCCN(CCCCn1cc(-c2ccc(-c3ccccc3)cc2)nn1)C1CC=C(C#C[Si](C)(C)C)CC1,-1.11394335230684,training
CCCN(CCCCn1cc(-c2ccc(-c3ccccc3)cc2)nn1)C1CC=C(C#Cc2ccccc2)CC1,-2.17609125905568,training
CC#CC1=CCC(N(CCC)CCCCn2cc(C)nn2)CC1,-2.44715803134222,training
CCCNCCCCNC(=O)c1ccc(-c2ccccc2)cc1,-4.04139268515823,test
CCCN(CCC)CCCCNC(=O)c1ccc(-c2ccccc2)cc1,-2.97772360528885,training
CCCN(CCCCNC(=O)c1ccc(-c2ccccc2)cc1)C1CCCCC1,-2.14612803567824,training
O=C(Nc1cccc(Cn2ncc(N3CCNCC3)c(Cl)c2=O)c1)c1ccc(-c2ccccc2)cc1,-2.90999972421398,training
Cc1ccc(Cn2ncc(N3CCNCC3)c(Cl)c2=O)cc1NC(=O)c1ccc(-c2ccccc2)cc1,-2.89000161318464,training
Cc1c(Cn2ncc(N3CCNCC3)c(Cl)c2=O)cccc1NC(=O)c1ccc(-c2ccccc2)cc1,-3.54999952357467,valid
CCCN1CCO[C@@H]2c3cc(C(C)=O)ccc3CC[C@H]21,-1.98000337158375,valid
CCCN1CCO[C@@H]2c3cc4c(cc3CC[C@H]21)CN(C)C4=O,-3.33999967762823,valid
CCCN1CCO[C@@H]2c3cc4c(cc3CC[C@H]21)CCOC4=O,-2.08001284710793,test
CCCN1CCO[C@@H]2c3cc4c(cc3CC[C@H]21)CCNC4=O,-1.58001211252942,training
CCCN1CCO[C@@H]2c3cc(C#N)ccc3CC[C@H]21,-1.5999921775841,training
CCCN1CCO[C@@H]2c3cc4c(=O)[nH]ccc4cc3CC[C@H]21,-1.27989498001164,training
CCCN1CCO[C@@H]2c3cc4c(cc3CC[C@H]21)COC4=O,-0.880012838366772,training
CCCN1CCO[C@@H]2c3cc(C(=O)O)ccc3CC[C@H]21,-3.51999984066968,training
CCCN1CCO[C@@H]2c3cc(C(=O)Nc4ccc(OC)cc4)ccc3CC[C@H]21,-3.44000020446121,training
CCCN1CCO[C@@H]2c3cc(C(=O)OCC)ccc3CC[C@H]21,-3.42000033156637,training
O=C(CCCN1C2CCC1CN(c1ccc(Cl)cc1)CC2)c1ccc(F)cc1,-2.7388598020722,training
O=C(CCCN1CCCN(c2ccc(Cl)cc2)CC1)c1ccc(F)cc1,-2.20085049809108,training
O=C(CCCN1CCN(c2ncccn2)CC1)c1ccc(F)cc1,-2.38756777941719,training
O=C(CCCN1CC2CC1CN2c1ccc(Cl)cc1)c1ccc(F)cc1,-2.34242268082221,valid
O=C(CCCN1CC2CCC(C1)N2c1ccccc1)c1ccc(F)cc1,-2.77815125038364,valid
CN(CCC=C1c2ccccc2CCc2ccccc21)C(=O)Cc1ccc(OCCCN2CCCCC2)cc1,-2.51321760006794,training
CN(CCC=C1c2ccccc2CCc2ccccc21)C(=O)c1ccc(OCCCN2CCCCC2)cc1,-2.38560627359831,training
CN(CCC=C1c2ccccc2CCc2ccccc21)Cc1ccc(OCCCN2CCCCC2)cc1,-1.82607480270083,training
CN(CCCC12CCC(c3ccccc31)c1ccccc12)Cc1ccc(OCCCN2CCCCC2)cc1,-2.17318626841227,training
CN(CCCN1c2ccccc2Sc2ccc(Cl)cc21)Cc1ccc(OCCCN2CCCCC2)cc1,-1.69897000433602,training
CN(C)CC/C=C1/c2ccccc2Sc2ccc(Cl)cc21,-0.658964842664435,training
CN(CC/C=C1\c2ccccc2Sc2ccc(Cl)cc21)Cc1ccc(OCCCN2CCCCC2)cc1,-1.69897000433602,training
Clc1ccc2c(c1)N=C(N1CCN(Cc3ccc(OCCCN4CCCCC4)cc3)CC1)c1ccccc1N2,-2.34830486304816,training
OCCN1CCN(CCCN2c3ccccc3Sc3ccc(C(F)(F)F)cc32)CC1,-0.231979026831504,training
O=C(OCCN1CCN(CCCN2c3ccccc3Sc3ccc(C(F)(F)F)cc32)CC1)c1ccc(OCCCN2CCCCC2)cc1,-1.17609125905568,test
OC1(c2ccc(Cl)cc2)CC2CCC(C1)N2Cc1ccc(F)cc1,-2.23552844690755,training
OC1(c2ccc(Cl)cc2)CC2CCC(C1)N2Cc1c[nH]c2ncccc12,-2.10720996964787,training
OC1(c2ccc(Cl)cc2)CC2CCC(C1)N2CCc1c[nH]c2ccccc12,-1.25527250510331,training
OC1(c2ccc(Cl)cc2)CCN(Cc2c[nH]c3ccccc23)C1,-3.45848676379821,training
OC1(c2ccc(Cl)cc2)CCN(CCc2c[nH]c3ccccc23)C1,-3.48770386316373,training
Clc1ccc(N2CCCN(Cc3c[nH]c4ncccc34)CC2)cc1,-2.56820172406699,training
Clc1ccc(N2CCC3CCC(C2)N3Cc2c[nH]c3ncccc23)cc1,-2.52569252450501,training
O=C(CCCN1CC2CC1N(c1ccc(Cl)cc1)C2)c1ccc(F)cc1,-2.34242268082221,training
Clc1ccc(N2CC3CC2CN3Cc2c[nH]c3ncccc23)cc1,-1.04139268515823,training
c1cnc(N2CCN(Cc3c[nH]c4ncccc34)CC2)nc1,-3.17609125905568,test
Cc1ccc2c3c(ccc2n1)OC[C@H](CN1CCN(c2ccc4cc(C#N)ccc4n2)CC1)O3,-3.11925588927794,training
O=C1N(CCN2Cc3ccccc3C2)CCN1c1cccc(Cl)c1,-0.400019635065159,training
O=C1N(CCN2Cc3ccccc3C2)CCN1c1cccc(C(F)(F)F)c1,-0.400019635065159,training
CC(C)c1cccc(N2CCN(CCN3Cc4ccccc4C3)C2=O)c1,-0.800029359244134,training
O=C1N(CCN2Cc3ccccc3C2)CCN1c1cc(Cl)cc(Cl)c1,-0.100025730107863,valid
N#Cc1cc(N2CCN(CCN3Cc4ccccc4C3)C2=O)ccc1F,-1.20002926655377,training
O=C1N(CCN2Cc3ccccc3C2)CCN1c1ccc(Cl)c(Cl)c1,-1.10002573010786,training
O=C1N(CCN2Cc3ccccc3C2)CCN1c1cccc(OC(F)(F)F)c1,-0.20002926655377,training
O=C1N(CCN2Cc3ccccc3C2)CCN1c1ccc(F)c(Cl)c1,-1.29994290002277,valid
CC(C)Oc1cccc(N2CCN(CCN3Cc4ccccc4C3)C2=O)c1,-1.5999921775841,test
N#Cc1cccc(N2CCN(CCN3Cc4ccccc4C3)C2=O)c1,-0.400019635065159,training
O=C1N(CCN2Cc3ccccc3C2)CCN1c1cc(F)cc(Cl)c1,-0.20002926655377,training
O=C1N(CCN2Cc3ccccc3C2)CCN1c1cc(Cl)ccc1F,-0.800029359244134,training
CC(C)(C)c1ccc(N2CCN(CCN3Cc4ccccc4C3)C2=O)cc1,-2.0,training
O=C1N(CCN2Cc3ccccc3C2)CCN1c1ccc2sccc2c1,-1.80002935924413,test
Cc1nc2cc(N3CCN(CCN4Cc5ccccc5C4)C3=O)ccc2s1,-2.40000234592796,training
Cc1ccc(N2CCN(CCN3Cc4ccccc4C3)C2=O)s1,-2.30000820255381,training
O=C1N(CCN2Cc3ccccc3C2)CCN1c1csc2ccccc12,-2.09999123354468,training
O=C1N(CCN2Cc3ccccc3C2)CCN1c1ccc2occc2c1,-2.09999123354468,test
CC(=O)n1ccc2cc(N3CCN(CCN4Cc5ccccc5C4)C3=O)ccc21,-2.70000239714225,training
Cc1ccc(N2CCN(CCN3Cc4ccccc4C3)C2=O)cn1,-1.80002935924413,training
O=C1N(CCN2Cc3ccccc3C2)CCN1c1cscc1-c1ccccn1,-2.30000820255381,valid
O=C1N(CCN2Cc3ccccc3C2)CCN1Cc1ccccc1,-2.80000182781797,training
O=C1N(CCN2Cc3ccccc3C2)CCN1Cc1cccc(Cl)c1,-2.09999123354468,training
O=C1N(CCN2Cc3ccccc3C2)CCN1Cc1cccc(C(F)(F)F)c1,-1.10002573010786,training
O=C1N(CCN2Cc3ccccc3C2)CCN1Cc1ccc(Cl)c(Cl)c1,-1.89998456254939,training
O=C1N(CCN2Cc3ccccc3C2)CCN1Cc1cc(Cl)ccc1Cl,-2.2000018654066,test
O=C1N(CCN2Cc3ccccc3C2)CCN1Cc1ccc(Cl)cc1,-2.2000018654066,training
O=C1N(CCN2Cc3ccccc3C2)CCN1Cc1ccccc1Cl,-2.70000239714225,training
CC(c1cccc(C(F)(F)F)c1)N1CCN(CCN2Cc3ccccc3C2)C1=O,-2.70000239714225,training
CC1CCCN(CCN2CCN(c3cccc(Cl)c3)C2=O)C1,-0.800029359244134,test
CC1CCCCN1CCN1CCN(c2cccc(Cl)c2)C1=O,-0.899984562549391,training
CC1CCN(CCN2CCN(c3cccc(Cl)c3)C2=O)CC1,-0.400019635065159,training
O=C1N(CCN2CCC(C(F)(F)F)CC2)CCN1c1cccc(O)c1,-0.100025730107863,training
O=C1N(CCN2CCC(C(F)(F)F)CC2)CCN1c1cccc(I)c1,0.0,training
O=C1N(CCN2CCC(C(F)(F)F)CC2)CCN1c1cccc(Cl)c1,-0.20002926655377,training
O=C1N(CCN2CCC(C(F)(F)F)CC2)CCN1c1cccc(OC(F)(F)F)c1,-0.700011062322112,training
N#Cc1cc(N2CCN(CCN3CCC(C(F)(F)F)CC3)C2=O)ccc1F,-0.899984562549391,test
COc1cccc(N2CCN(CCN3CCC(C(F)(F)F)CC3)C2=O)c1,-1.0,training
O=C1N(CCN2CCC(C(F)(F)F)CC2)CCN1c1cccc(Cl)c1F,-1.5999921775841,training
CC(C)N1CCN(CCN2CCN(c3cccc(C#N)c3)C2=O)CC1,-0.599992177584098,training
CC(C)N1CCN(CCN2CCN(c3cccc(OC(F)(F)F)c3)C2=O)CC1,-0.49996186559619,training
CC(C)N1CCN(CCN2CCN(c3ccc(F)c(C#N)c3)C2=O)CC1,-2.09999123354468,training
CC(C)N1CCN(CCN2CCN(c3cccc(Cl)c3F)C2=O)CC1,-2.2000018654066,training
COc1cccc(N2CCN(CCN3CCN(C(C)C)CC3)C2=O)c1,-2.2000018654066,training
CC(C)N1CCN(CCN2CCN(c3cccc(Cl)c3)C2=O)CC1,-0.899984562549391,training
CN1CCN(CCN2CCN(c3cccc(Cl)c3)C2=O)CC1,-2.2000018654066,training
COc1ccccc1N1CCN(Cc2c(C)[nH]c3nc(N(C)C)ncc23)CC1,-3.78532983501077,training
COc1ccccc1N1CCN(Cc2c(C)nc3cc(C)nc(C)n23)CC1,-3.53147891704225,training
COc1ccc(N2CCN(Cc3c(C)nc4cc(C)nc(C)n34)CC2)cc1,-0.929418925714293,training
COc1ccccc1N1CCN(Cc2c(C)nc3cc(C)ncn23)CC1,-4.82607480270083,training
COc1ccc(N2CCN(Cc3c(C)nc4cc(C)ncn34)CC2)cc1,-4.11394335230684,training
COc1ccccc1N1CCN(Cc2cc3c(=O)[nH]c(N(C)C)nc3[nH]2)CC1,-2.98227123303957,training
Clc1nccc2c(CN3CCN(c4ccccc4)CC3)c[nH]c12,-3.78532983501077,training
Cc1cc2nc(C)c(CN3CCN(c4ccccc4)CC3)n2c(C)n1,-3.6232492903979,training
Cc1cc2nc(C)c(CN3CCN(c4ccc(Cl)cc4)CC3)n2c(C)n1,-3.49136169383427,training
Cc1cc2nc(C)c(CN3CCN(c4ccc(Cl)c(Cl)c4)CC3)n2c(C)n1,-3.11394335230684,valid
Cc1cc2nc(C)c(CN3CCN(c4ccccn4)CC3)n2c(C)n1,-2.80617997398389,test
Cc1cc2nc(C)c(CN3CCN(c4ccc(F)cc4)CC3)n2c(C)n1,-4.34242268082221,training
COc1ccccc1N1CCN(Cc2cnc3cc(C)nc(C)n23)CC1,-3.17609125905568,training
Cn1c(N2CCCC2)nc2c(CN3CCN(c4ccccc4)CC3)c[nH]c2c1=O,-2.51851393987789,training
Cn1c(N2CCCC2)nc2c(CN3CCN(c4ccc(Cl)c(Cl)c4)CC3)c[nH]c2c1=O,-2.68124123737559,training
Cn1c(N2CCCC2)nc2c(CN3CCN(c4ccccn4)CC3)c[nH]c2c1=O,-2.49136169383427,test
Cn1c(N2CCCC2)nc2c(CN3CCN(c4ccc(F)cc4)CC3)c[nH]c2c1=O,-2.79934054945358,training
Cn1c(N2CCOCC2)nc2c(CN3CCN(c4ccccc4)CC3)c[nH]c2c1=O,-3.43136376415899,training
CCN(CC)CCN1CCN(c2cccc(Cl)c2)C1=O,-0.400019635065159,training
COC[C@@H]1CCCN1N1CCN(c2cccc(Cl)c2)C1=O,-1.89998456254939,training
CC1(C)C[C@@H]2C[C@@](C)(CN2CCN2CCN(c3cccc(Cl)c3)C2=O)C1,-1.10002573010786,test
O=C1N(CCN2C[C@H]3CC[C@@H]2C3)CCN1c1cccc(Cl)c1,-0.400019635065159,training
COCC1[C@@H]2CC[C@H]1CN(CCN1CCN(c3cccc(Cl)c3)C1=O)C2,-2.2000018654066,training
C[C@@]12CC(c3ccccc3)C[C@@H](C1)N(CCN1CCN(c3cccc(Cl)c3)C1=O)C2,-1.29994290002277,training
O=C1N(CCN2C[C@H]3CC[C@H](CC3)C2)CCN1c1cccc(Cl)c1,-0.49996186559619,test
CC1(C)[C@H]2CC[C@]1(C)CN(CCN1CCN(c3cccc(Cl)c3)C1=O)C2,-1.20002926655377,training
O=C1N(CCN2C[C@@H]3CC[C@H]2Cc2ccccc2C3)CCN1c1cccc(Cl)c1,-0.400019635065159,training
O=C1N(CCN2[C@H]3CCC[C@@H]2CC3)CCN1c1cccc(Cl)c1,-0.100025730107863,training
COc1cccc(C2CCCN(CCN3CCN(c4cccc(Cl)c4)C3=O)C2)c1,-2.80000182781797,training
O=C1N(CCN2CCCC(OCc3ccccc3)C2)CCN1c1cccc(Cl)c1,-2.0,training
O=C1N(CCN2CCC(c3ccc(Cl)cc3)CC2)CCN1c1cccc(Cl)c1,-1.70001106232211,test
COc1cccc(CCN(C)CCN2CCN(c3cccc(Cl)c3)C2=O)c1,-2.09999123354468,valid
COc1ccc(CCN(C)CCN2CCN(c3cccc(Cl)c3)C2=O)cc1OC,-2.09999123354468,training
O=C1N(CCN2CCC(c3nnc(-c4ccccc4)o3)CC2)CCN1c1cccc(Cl)c1,-2.2000018654066,training
CN(CCN1CCN(c2cccc(Cl)c2)C1=O)Cc1cc2ccccc2s1,-1.49996186559619,training
Cc1cc(CN(C)CCN2CCN(c3cccc(Cl)c3)C2=O)on1,-2.09999123354468,valid
O=C1N(CCN2CCCc3sccc3C2)CCN1c1cccc(Cl)c1,0.199970640755866,training
CC1(C)[C@@H]2CC[C@]13CCN(CCN1CCN(c4cccc(Cl)c4)C1=O)C3C2,-1.40001963506516,training
CN(CCN1CCN(c2cccc(Cl)c2)C1=O)C[C@]12CC[C@H](CC1)C2(C)C,-0.800029359244134,training
CN(CCN1CCN(c2cccc(C(F)(F)F)c2)C1=O)C[C@]12CC[C@H](CC1)C2(C)C,-0.20002926655377,training
Cc1ccc(N2CCN(CCN(C)C[C@]34CC[C@H](CC3)C4(C)C)C2=O)cc1,-1.40001963506516,training
COc1cccc(N2CCN(CCN(C)C[C@]34CC[C@H](CC3)C4(C)C)C2=O)c1,-0.700011062322112,training
Cc1cccc(N2CCN(CCN(C)C[C@]34CC[C@H](CC3)C4(C)C)C2=O)c1,-1.29994290002277,training
CN(CCN1CCN(c2ccccc2)C1=O)C[C@]12CC[C@H](CC1)C2(C)C,-1.0,training
CN(CCN1CCN(c2ccc(F)cc2)C1=O)C[C@]12CC[C@H](CC1)C2(C)C,-1.5999921775841,valid
CN(CCN1CCN(c2ccc3c(c2)OCO3)C1=O)C[C@]12CC[C@H](CC1)C2(C)C,-1.70001106232211,training
COc1ccccc1N1CCN(CCNC(=O)c2cn(-c3ccc([N+](=O)[O-])cc3)nn2)CC1,-0.690196080028514,training
O=C(NCCCCN1CCN(c2cccc(Cl)c2Cl)CC1)c1cn(-c2ccc([N+](=O)[O-])cc2)nn1,-2.50514997831991,training
COc1ccc(-n2cc(C(=O)NCCCCN3CCN(c4cccc(Cl)c4Cl)CC3)nn2)cc1,-1.66275783168157,test
O=C(CCCc1cn(-c2ccc([N+](=O)[O-])cc2)nn1)NCCCCN1CCN(c2cccc(Cl)c2Cl)CC1,-3.34242268082221,training
COc1ccc(-n2cc(CCCC(=O)NCCCCN3CCN(c4cccc(Cl)c4Cl)CC3)nn2)cc1,-1.91907809237607,training
O=C1CC(CN2CCC(c3noc4cc(F)ccc34)CC2)Cc2ncncc21,-2.45000263017319,training
CSc1ncc2c(n1)CC(CN1CCC(c3noc4cc(F)ccc34)CC1)CC2=O,-1.65001595247184,training
CNc1ncc2c(n1)CC(CN1CCC(c3noc4cc(F)ccc34)CC1)CC2=O,-2.30000820255381,training
COc1ccccc1N1CCN(CCCCNC(=O)c2cccc(-c3cn(Cc4ccc(-c5ccc(Cn6cc(-c7cccc(C(=O)NCCCCN8CCN(c9ccccc9OC)CC8)c7)nn6)cc5)cc4)nn3)c2)CC1,-2.36172783601759,training
COc1ccccc1N1CCN(CCCCNC(=O)c2ccc(-c3cn(Cc4ccc(-c5ccc(Cn6cc(-c7ccc(C(=O)NCCCCN8CCN(c9ccccc9OC)CC8)cc7)nn6)cc5)cc4)nn3)cc2)CC1,-1.84509804001426,training
CCCN(CCN1CCN(c2ccc(-c3ccncc3)cc2)CC1)[C@H]1CCc2nc(N)sc2C1,-0.679427896612119,training
CCCN(CCN1CCN(c2ccnc3ccccc23)CC1)C1CCc2ccc(O)cc2C1,-0.423245873936808,training
CCCN(CCN1CCN(c2nccc3ccccc23)CC1)[C@H]1CCc2nc(N)sc2C1,-0.348304863048161,training
CCCN(CCN1CCN(c2cccc3ncccc23)CC1)C1CCc2ccc(O)cc2C1,-0.103803720955957,training
CCCN(CCN1CCN(c2ccc(-c3ccccc3)cc2)CC1)[C@H]1CCc2nc(N)sc2C1,0.036212172654445,training
CCCN(CCN1CCN(c2ccc3ccccc3c2)CC1)C1CCc2ccc(O)cc2C1,0.164309428507574,training
CCCN(CCN1CCN(c2ccnc3ccccc23)CC1)[C@H]1CCc2nc(N)sc2C1,-0.416640507338281,training
CCCN(CCN1CCN(c2cccc3ncccc23)CC1)[C@H]1CCc2nc(N)sc2C1,-0.08278537031645,test
CCCN(CCN1CCN(c2cccc3ccccc23)CC1)C1CCc2ccc(O)cc2C1,0.361510743045363,training
CCCN(CCN1CCN(c2nccc3ccccc23)CC1)C1CCc2ccc(O)cc2C1,0.355561410532161,training
CCCN(CCN1CCN(C(=O)c2cc3ccccc3[nH]2)CC1)[C@H]1CCc2c(O)cccc2C1,0.244125144327509,training
CC1=NC2C=C3CCN(CCCSc4nnc(-c5cccc6nc(C)ccc56)n4C)CCC3=CC2O1,-1.80002935924413,training
CN(CCN1CCN(C2COOC2)C1=O)C[C@]12CC[C@H](CC1)C2(C)C,-1.70001106232211,valid
COc1ccc2c(c1)CCN1Cc3ccccc3CC21,-2.39967372148104,training
Oc1ccc2c(c1)CCN1Cc3ccccc3CC21,-2.48643047885443,training
COc1cc2c3c(c1OC)-c1cc4c(cc1CC3N(C)CC2)OCO4,-2.48995847942483,training
Cn1c(CN2CCC(c3ccccc3)CC2)nc2ccccc21,-2.09999123354468,test
Cn1c(CN2CCC(c3ccccc3F)CC2)nc2ccccc21,-2.0,training
Cn1c(CN2CCC(c3ccc(Cl)cc3)CC2)nc2ccccc21,-2.50000306805169,training
Cn1c(CN2CCC(c3ccccc3C(F)(F)F)CC2)nc2ccccc21,-2.70000239714225,training
Cn1c(CN2CCC(c3cccc(Cl)c3)CC2)nc2ccccc21,-3.1999991251968,training
Cn1c(CN2CCC(c3nsc4ccccc34)CC2)nc2ccccc21,-3.59999981394342,training
Cn1c(CN2CCC(c3ncc(C(F)(F)F)cc3Cl)CC2)nc2ccccc21,-3.1999991251968,training
Cn1c(CN2CCN(c3ncc(C(F)(F)F)cc3Cl)CC2)nc2ccccc21,-3.69999979755458,valid
CCCN(CCN1CCN(c2ccnc3ccccc23)CC1)[C@H]1CCc2c(O)cccc2C1,0.730487055782084,training
CCCN(CCN1CCN(c2ccc(O)c3ncccc23)CC1)C1CCc2ccc(O)cc2C1,-0.745855195173729,training
CCCN(CCN1CCN(c2ccnc3c(O)cccc23)CC1)C1CCc2c(O)cccc2C1,-0.118925752825777,training
CCCN(CCN1CCN(c2ccnc3c(O)cccc23)CC1)C1CCc2ccc(O)cc2C1,-0.018700498666243,training
CCCN(CCN1CCN(c2ccc(O)c3ncccc23)CC1)C1CCc2c(O)cccc2C1,-0.569373909615046,training
O=C1N(CCN2CCCCCC2)CCN1c1cccc(Cl)c1,-0.700011062322112,test
CN1CCCCC1CN1CCN(c2cccc(Cl)c2)C1=O,-0.599992177584098,training
O=C1N(CCN2CCCCCC2)CCN1c1ccc(Cl)cc1,-1.89998456254939,valid
O=C1N(CCN2CCCCCC2)CCN1c1cc(Cl)cc(Cl)c1,-0.20002926655377,training
Cc1cccc(N2CCN(CCN3CCCCCC3)C2=O)c1,-1.89998456254939,training
Cc1ccc(N2CCN(CCN3CCCCCC3)C2=O)cc1,-2.09999123354468,training
COc1cccc(N2CCN(CCN3CCCCCC3)C2=O)c1,-1.70001106232211,test
O=C1N(CCN2CCCCCC2)CCN1c1cccc(C(F)(F)F)c1,0.0,training
O=C1N(CCN2CCCCCC2)CCN1c1ccccc1,-1.80002935924413,training
O=C1N(CCN2CCCCCC2)CCN1c1cccc(F)c1,-1.20002926655377,training
O=C1N(CCN2CCCCCC2)CCN1c1ccc(F)cc1,-2.40000234592796,valid
O=C1N(CCN2CCCCCC2)CCN1c1ccc(F)c(Cl)c1,-1.40001963506516,training
O=C1N(CCN2CCCCCC2)CCN1c1cccnc1,-1.89998456254939,training
O=S1(=O)N(CCN2CCCCCC2)CCN1c1cccc(Cl)c1,-2.50000306805169,training
O=c1n(CCCN2CCCCCC2)ccn1-c1cccc(Cl)c1,-2.09999123354468,training
O=C1N(CC2CCCCN2)CCN1c1cccc(Cl)c1,-0.599992177584098,training
O=C1N(CC2CCCCN2)CCN1c1cccc(C(F)(F)F)c1,0.599980364934842,training
CN1CCc2ccccc2Cc2c([nH]c3ccccc23)CC1,-2.71011736511182,training
CN1CCc2ccccc2Cc2c[nH]c3cccc(c23)CC1,-1.63245729218472,training
Cc1ncoc1-c1nnc(SCCCN2CC3CC3(c3ccc(Cl)cc3)C2)n1C,0.081681278350403,training
Cc1ncoc1-c1nnc(SCCCN2CC3CC3(c3ccc(F)cc3)C2)n1C,-0.852876289474887,training
Cc1ncoc1-c1nnc(SCCCN2CC3CC3(c3ccc(Br)cc3)C2)n1C,-0.077930851106911,training
Cc1ncoc1-c1nnc(SCCCN2CC3CC3(c3cccc(F)c3)C2)n1C,-0.700011062322112,training
Cc1ncoc1-c1nnc(SCCCN2CC3CC3(c3ccc(Cl)cc3F)C2)n1C,-0.644537057778407,training
COc1cccc(C23CC2CN(CCCSc2nnc(-c4ocnc4C)n2C)C3)c1,-0.650453235088312,test
Cc1ncoc1-c1nnc(SCCCN2CC3CC3(c3ccc(C(F)(F)F)c(F)c3)C2)n1C,0.247106845115406,valid
COc1ccc(C23CC2CN(CCCSc2nnc(-c4ocnc4C)n2C)C3)cc1C(F)(F)F,-0.100025730107863,training
COc1ccc(C23CC2CN(CCCSc2nnc(-c4ocnc4C)n2C)C3)cc1Cl,-0.611404637711593,training
Cc1ncoc1-c1nnc(SCCCN2CC3CC3(c3cc(C(F)(F)F)ccc3F)C2)n1C,-0.444513206334043,training
Cc1cc(C(F)(F)F)ccc1C12CC1CN(CCCSc1nnc(-c3ocnc3C)n1C)C2,-2.0,training
Cc1ncoc1-c1nnc(SCCCN2CC3CC3(c3ccc(F)c(C(F)(F)F)c3)C2)n1C,0.121995529731975,training
Cc1ncoc1-c1nnc(SCCCN2CC3CC3(c3cccc(C(F)(F)F)c3F)C2)n1C,-0.01142241148846,training
Cc1ncoc1-c1nnc(SCCCN2CC3CC3(c3ccc(OC(F)(F)F)cc3)C2)n1C,-0.175366831061349,training
Cc1ncoc1-c1nnc(SCCCN2CC3CC3(c3cccc(OC(F)(F)F)c3)C2)n1C,-0.11143055176598,training
Cc1ccc2c(-c3nnc(SCCCN4CC5CC5(c5ccc(C#N)cc5)C4)n3C)cccc2n1,-1.49996186559619,test
Cc1ncoc1-c1nnc(SCCCN2CC3CC3(c3ccccc3C(F)(F)F)C2)n1C,-1.49996186559619,training
Cc1ccc2c(-c3nnc(SCCCN4CC5CC5(c5ccc(C(C)(C)C)cc5)C4)n3C)cccc2n1,-0.252853030979893,training
Cc1ncoc1-c1nnc(SCCCN2CC3CC3(c3cccc(C(F)(F)F)c3)C2)n1C,0.299988937677888,test
Cc1ncoc1-c1nnc(SCCCN2CC3CC3(c3ccccc3)C2)n1C,-1.10002573010786,training
Cc1ncoc1-c1nnc(SCCCN2CC3CC3(c3cccc(Cl)c3)C2)n1C,-0.787609228552539,valid
Cn1c(SCCCN2C[C@@H]3C[C@]3(c3ccc(C(F)(F)F)cc3)C2)nnc1-c1cncnc1,-0.20002926655377,training
Cc1ncccc1-c1nnc(SCCCN2C[C@@H]3C[C@]3(c3ccc(C(F)(F)F)cc3)C2)n1C,0.0,training
Cn1c(SCCCN2C[C@@H]3C[C@]3(c3ccc(C(F)(F)F)cc3)C2)nnc1-c1ccnnc1,0.0,training
Cc1ccc(-c2nnc(SCCCN3C[C@@H]4C[C@]4(c4ccc(C(F)(F)F)cc4)C3)n2C)cn1,0.100015437450609,training
Cc1ncoc1-c1nnc(SCCCN2CC3CC3(c3cc(F)cc(C(F)(F)F)c3)C2)n1C,0.147123710525113,training
Cn1c(SCCCN2C[C@@H]3C[C@]3(c3ccc(C(F)(F)F)cc3)C2)nnc1-c1ccccc1,0.199970640755866,training
Cc1cnc(-c2nnc(SCCCN3C[C@@H]4C[C@]4(c4ccc(C(F)(F)F)cc4)C3)n2C)cn1,0.199970640755866,training
Cc1ccoc1-c1nnc(SCCCN2C[C@@H]3C[C@]3(c3ccc(C(F)(F)F)cc3)C2)n1C,0.299988937677888,training
Cc1nc(C)c(-c2nnc(SCCCN3C[C@@H]4C[C@]4(c4ccc(C(F)(F)F)cc4)C3)n2C)s1,0.599980364934842,training
CCCCc1ccc(S(=O)(=O)Nc2ccc3c(c2)CCN(Cc2cc[nH]n2)CC3)cc1,-0.599992177584098,training
O=S(=O)(Nc1ccc2c(c1)CCN(Cc1cc[nH]n1)CC2)c1ccc(N2CCOCC2)nc1,-2.80000182781797,training
O=S(=O)(Nc1ccc2c(c1)CCN(Cc1cc[nH]n1)CC2)c1ccc(-c2ccccn2)s1,-2.30000820255381,training
CN1CCOc2cc(S(=O)(=O)Nc3ccc4c(c3)CCN(Cc3cc[nH]n3)CC4)ccc21,-2.80000182781797,training
CC(C)Oc1ccc(S(=O)(=O)Nc2ccc3c(c2)CCN(Cc2cc[nH]n2)CC3)cc1,-1.29994290002277,training
O=S(=O)(Nc1ccc2c(c1)CCN(Cc1cc[nH]n1)CC2)c1ccc(-c2ccccc2)cc1,-1.49996186559619,training
Cc1ccc(S(=O)(=O)Nc2ccc3c(c2)CCN(Cc2cc[nH]n2)CC3)cc1Cl,-2.0,training
Cc1cc(O)c2c(=O)c3c(O)cc(O)c4c5c(O)cc(O)c6c(=O)c7c(O)cc(C)c8c1c2c(c34)c(c78)c65,-1.53781909507327,training
COc1ccc2[nH]cc(CN3CCC(O)(c4ccc(Br)cc4)CC3)c2c1,-1.98632377705077,training
COc1cccc2[nH]cc(CN3CCC(O)(c4ccc(Br)cc4)CC3)c12,-2.27875360095283,training
OC1(c2ccc(Br)cc2)CCN(Cc2c[nH]c3ccccc23)CC1,-2.04139268515822,training
COc1ccc2[nH]cc(CN3CCC(O)(c4ccc(Cl)cc4)CC3)c2c1,-2.3096301674259,valid
COc1cccc2[nH]cc(CN3CCC(O)(c4ccc(Cl)cc4)CC3)c12,-2.39794000867204,training
Cc1ncoc1-c1nnc(SCCCN2CC3CC3(c3ccc(S(F)(F)(F)(F)F)cc3)C2)n1C,0.047134938532212,training
Cc1ncoc1-c1nnc(SCCCN2CC3CC3(c3cccc(S(F)(F)(F)(F)F)c3)C2)n1C,-0.771832360776045,valid
CCN1C[C@H]2C[C@@]2(c2ccc(NS(=O)(=O)c3ccc(C(C)C)cc3)cc2)C1,-0.899984562549391,valid
C=CCN1C[C@H]2C[C@@]2(c2ccc(NS(=O)(=O)c3ccc(C(C)C)cc3)cc2)C1,-0.400019635065159,training
COc1cc([C@]23CNC[C@H]2C3)ccc1NS(=O)(=O)c1ccc(C(C)C)cc1,-0.100025730107863,training
O=S(=O)(Nc1ccc([C@]23CNC[C@H]2C3)cc1)c1ccc(C(F)(F)F)cc1,-2.40000234592796,valid
O=S(=O)(Nc1ccc([C@]23CNC[C@H]2C3)cc1)c1ccc(OC(F)(F)F)cc1,-2.80000182781797,training
CC(C)c1ccc(S(=O)(=O)Cc2ccc([C@]34CNC[C@H]3C4)cc2)cc1,-1.40001963506516,training
CN(c1ccc([C@]23CNC[C@H]2C3)cc1)S(=O)(=O)c1ccccc1,-1.89998456254939,training
CC(C)c1ccc(CS(=O)(=O)c2ccc([C@]34CNC[C@H]3C4)cc2)cc1,-1.40001963506516,training
CCCCc1ccc(S(=O)(=O)Nc2ccc([C@]34CNC[C@H]3C4)cc2)cc1,-0.700011062322112,training
CCC(C)(C)c1ccc(S(=O)(=O)Nc2ccc([C@]34CNC[C@H]3C4)cc2)cc1,-0.800029359244134,training
COc1ccccc1N1CCN(CCCCNc2ccccn2)CC1,-2.29666519026153,training
Clc1cccc(N2CCN(CCCCNc3ccccn3)CC2)c1Cl,-1.39794000867204,training
FC(F)(F)c1cccc(N2CCN(CCCCNc3ccccn3)CC2)c1,-2.29666519026153,training
Fc1ccccc1N1CCN(CCCCNc2ccccn2)CC1,-2.12385164096709,valid
Cc1ccccc1N1CCN(CCCCNc2ccccn2)CC1,-2.58319877396862,training
Cc1cccc(N2CCN(CCCCNc3ccccn3)CC2)c1C,-2.31597034545692,training
COc1ccccc1N1CCN(CCCCNc2ccc3ccccc3n2)CC1,-1.17609125905568,training
FC(F)(F)c1cccc(N2CCN(CCCCNc3ccc4ccccc4n3)CC2)c1,-1.72427586960079,test
Clc1cccc(N2CCN(CCCCNc3nccc4ccccc34)CC2)c1Cl,-1.04336227802113,valid
Fc1ccccc1N1CCN(CCCCNc2ccc(-c3ccccc3)cn2)CC1,-2.08635983067475,training
Clc1cccc(N2CCN(CCCCNc3ccc(-c4ccccc4)cn3)CC2)c1Cl,-1.61278385671974,training
FC(F)(F)c1cccc(N2CCN(CCCCNc3ccc(-c4ccccc4)cn3)CC2)c1,-2.15533603746506,training
Fc1ccccc1N1CCN(CCCCNc2cc(-c3ccccc3)ccn2)CC1,-2.48995847942483,training
Clc1cccc(N2CCN(CCCCNc3cc(-c4ccccc4)ccn3)CC2)c1Cl,-2.26481782300954,training
FC(F)(F)c1cccc(N2CCN(CCCCNc3cc(-c4ccccc4)ccn3)CC2)c1,-2.28780172993023,training
FC(F)(F)c1cccc(N2CCN(CCCCNc3ncc(-c4ccccc4)o3)CC2)c1,-3.36586221540256,training
FC(F)(F)c1cccc(N2CCN(CCCCNc3nc(-c4ccccc4)cs3)CC2)c1,-3.38578495884334,training
CC(C)c1ccc(S(=O)(=O)Nc2ccc([C@]34CNC[C@H]3C4)cc2)cc1,-0.400019635065159,training
CC(C)c1ccc(S(=O)(=O)Nc2ccc([C@@]34C[C@@H]3CN(C)C4)cc2)cc1,-0.800029359244134,test
Cc1ncoc1-c1nnc(SCCCNC2CC3CC3(c3ccccc3)C2)n1C,-1.70001106232211,training
Cc1ncoc1-c1nnc(SCCCN2CCC3CC3(c3ccccc3)C2)n1C,-2.09999123354468,training
Cc1ncoc1-c1nnc(SCCCN2CCC3(c4ccccc4)CC3C2)n1C,-2.2000018654066,training
Cc1ncoc1-c1nnc(SCCCN2CCC3CC3(c3ccc(C(F)(F)F)cc3)C2)n1C,-0.899984562549391,training
Cc1ncoc1-c1nnc(SCCCN2CCC3(c4ccc(C(F)(F)F)cc4)CC3C2)n1C,-1.5999921775841,valid
Cc1ncoc1-c1nnc(SCCCN2CCC3CC3(c3cccc(C(F)(F)F)c3)C2)n1C,-1.10002573010786,valid
Cc1ncoc1-c1nnc(SCCCN2CCC3(c4cccc(C(F)(F)F)c4)CC3C2)n1C,-0.800029359244134,training
Cc1ncoc1-c1nnc(SCCCN2CCC3CC3(c3ccc(C(F)(F)F)cc3)CC2)n1C,-0.599992177584098,training
Cc1nc(C)c(-c2nnc(SCCCN3CCC4CC4(c4ccc(C(F)(F)F)cc4)CC3)n2C)o1,-1.0,training
Cc1nc(C)c(-c2nnc(SCCCN3CCC4CC4(c4ccc(C(F)(F)F)cc4)CC3)n2C)s1,-0.599992177584098,valid
Cn1c(SCCCN2CCC3CC3(c3ccc(C(F)(F)F)cc3)CC2)nnc1-c1ccnnc1,-0.599992177584098,training
Cc1ncoc1-c1nnc(SCCCN[C@H]2CC[C@]3(c4ccc(C(F)(F)F)cc4)CC23)n1C,-2.40000234592796,training
Cc1ncoc1-c1nnc(SCCCN[C@@H]2CC[C@]3(c4ccc(C(F)(F)F)cc4F)CC23)n1C,-0.49996186559619,training
Cc1ncoc1-c1nnc(SCCCN2CCC3(CCCc4cc(Br)ccc43)C2)n1C,-0.899984562549391,training
Cc1ncoc1-c1nnc(SCCCN2CCC3(CCCc4ccc(Br)cc43)C2)n1C,-1.20002926655377,training
COc1ccc2c(c1)CCCC21CCN(CCCSc2nnc(-c3ocnc3C)n2C)C1,-2.0,test
COc1cccc2c1CCCC21CCN(CCCSc2nnc(-c3ocnc3C)n2C)C1,-1.89998456254939,training
COc1ccc2c(c1)C1(CCC2)CCN(CCCSc2nnc(-c3ocnc3C)n2C)C1,-1.49996186559619,training
Cc1ncoc1-c1nnc(SCCCN2CCC3(CCOc4ccccc43)C2)n1C,-2.0,training
Cc1ncoc1-c1nnc(SCCCN2CCC3(CCc4cc(Br)ccc43)C2)n1C,-0.700011062322112,valid
Cc1ncoc1-c1nnc(SCCCN2CCC3(CCc4c(Br)cccc43)C2)n1C,-0.899984562549391,valid
Cc1ncoc1-c1nnc(SCCCN2CCC3(CCc4ccc(Br)cc43)C2)n1C,-0.400019635065159,training
Cc1nc(C)c(-c2nnc(SCCCN3CCC4(CCc5ccc(Cl)cc54)C3)n2C)s1,-1.49996186559619,training
Cc1nc(C)c(-c2nnc(SCCCN3CCC4(CCc5cc(Cl)ccc54)C3)n2C)s1,-1.49996186559619,training
Cc1ncoc1-c1nnc(SCCCN2CCC3(CCc4cc(F)ccc43)C2)n1C,-2.2000018654066,training
Cc1nc(C)c(-c2nnc(SCCCN3CCC4(CCc5ccc(F)cc54)C3)n2C)s1,-1.70001106232211,training
Cc1ncoc1-c1nnc(SCCCN2[C@H]3CC[C@@H]2C[C@H](c2ccc(C(C)(C)C)cc2)C3)n1C,0.199970640755866,test
Cc1ncoc1-c1nnc(SCCCN2[C@H]3CC[C@@H]2C[C@H](c2ccc(C(F)(F)F)cc2)C3)n1C,-1.0,training
Cc1ncoc1-c1nnc(SCCCN2[C@H]3CC[C@@H]2C[C@H](c2cccc(C(F)(F)F)c2)C3)n1C,-1.70001106232211,training
Cc1ncoc1-c1nnc(SCCCN2[C@H]3CC[C@@H]2C[C@H](c2ccc(C(F)(F)F)cc2F)C3)n1C,-0.800029359244134,training
O=C(CCCN1CCC(O)(c2cc3ccc2CCc2ccc(cc2)CC3)CC1)c1ccc(F)cc1,-1.72427586960079,training
Cc1ccc(C)c(C2(O)CCN(CCCC(=O)c3ccc(F)cc3)CC2)c1,-1.43136376415899,training
O=C(CCCN1CCC(O)(c2ccc(Cl)cc2)CC1)c1cc2ccc1CCc1ccc(cc1)CC2,-1.23044892137827,valid
O=C(CCCN1CCC(O)(c2cc3ccc2CCc2ccc(cc2)CC3)CC1)c1cc2ccc1CCc1ccc(cc1)CC2,-1.57978359661681,training
Cc1ccc(C)c(C(=O)CCCN2CCC(O)(c3ccc(Cl)cc3)CC2)c1,-1.86332286012046,training
Cc1ccc(C)c(C(=O)CCCN2CCC(O)(c3cc(C)ccc3C)CC2)c1,-2.44715803134222,test
O=C(CCCN1CCN(c2ccc(Cl)cc2)CC1)c1ccc(F)cc1,-2.60632761246719,valid
O=C(CCCN1CCN(c2cc3ccc2CCc2ccc(cc2)CC3)CC1)c1ccc(F)cc1,-0.99563519459755,training
Cc1ccc(C)c(N2CCN(CCCC(=O)c3ccc(F)cc3)CC2)c1,-1.88081359228079,training
O=C(CCCN1CCN(c2ccc(Cl)cc2)CC1)c1cc2ccc1CCc1ccc(cc1)CC2,-2.61278385671974,training
Cc1ccc(C)c(C(=O)CCCN2CCC(c3ccc(Cl)cc3)CC2)c1,-2.46239799789896,training
O=C(CCCN1CCC(c2cc3ccc2CCc2ccc(cc2)CC3)CC1)c1cc2ccc1CCc1ccc(cc1)CC2,-0.6232492903979,training
Cc1ccc(C)c(C(=O)CCCN2CCC(c3cc(C)ccc3C)CC2)c1,-2.6232492903979,training
O=C(NCCCCN1CCN(c2cc3ccc2CCc2ccc(cc2)CC3)CC1)c1cc2ccccc2s1,-0.204119982655925,training
Cc1ccc(C)c(N2CCN(CCCCNC(=O)c3cc4ccccc4s3)CC2)c1,-0.397940008672038,training
COc1ccccc1N1CCN(CCCCNC(=O)c2cc(C)ccc2C)CC1,-0.672097857935718,training
O=C(NCCCCN1CCN(c2cc3ccc2CCc2ccc(cc2)CC3)CC1)c1cc2ccc1CCc1ccc(cc1)CC2,-0.602059991327962,training
Cc1ccc(C)c(C(=O)NCCCCN2CCN(c3cc(C)ccc3C)CC2)c1,-1.44715803134222,training
Cc1ccc(CNCC2(F)CCN(C(=O)c3cc(Br)cs3)CC2)nc1,-4.27875360095283,training
Cc1ccc(CNCC2(F)CCN(C(=O)c3csc4ccccc34)CC2)nc1,-3.93951925261862,training
Cc1ccc(CNCC2(F)CCN(C(=O)c3coc4ccccc34)CC2)nc1,-4.07918124604763,training
Cc1ccc(CNCC2(F)CCN(C(=O)c3ccc(F)c(Cl)c3)CC2)nc1,-4.0,training
COc1ccccc1N1CCN(CCCCNC(=O)/C=C/c2ccc(Cl)cc2)CC1,0.356547323513813,valid
COc1ccccc1N1CCN(CCCCNC(=O)/C=C/c2ccccc2)CC1,0.481486060122113,test
Cc1ccc2c(N3CCN(CCc4cccc(NC(=O)Nc5ccccc5)c4)CC3)cccc2n1,-1.49996186559619,training
Cc1ccc2c(N3CCN(CCc4cccc(-n5cccn5)c4)CC3)cccc2n1,-1.70001106232211,test
Cc1ccc2c(N3CCN(CCc4cccc(NC(=O)c5cnccn5)c4)CC3)cccc2n1,-1.89998456254939,training
COC(=O)Nc1cccc(CCN2CCN(c3cccc4nc(C)ccc34)CC2)c1,-2.0,training
Cc1ccc2c(N3CCN(CCc4cccc(NC(=O)c5ccccc5)c4)CC3)cccc2n1,-2.0,test
CCNC(=O)Nc1cccc(CCN2CCN(c3cccc4nc(C)ccc34)CC2)c1,-2.09999123354468,training
CC(=O)Nc1cccc(CCN2CCN(c3cccc4nc(C)ccc34)CC2)c1,-2.2000018654066,training
Cc1ccc2c(N3CCN(CCc4cccc(N5CCOC5=O)c4)CC3)cccc2n1,-2.30000820255381,training
Cc1ccc2c(N3CCN(CCc4cccc(N5CCNC5=O)c4)CC3)cccc2n1,-2.30000820255381,training
Cc1ccc2c(N3CCN(CCc4cccc(NS(C)(=O)=O)c4)CC3)cccc2n1,-2.30000820255381,training
Fc1cccc(CCN[C@H]2C3C4CC5C6C4CC3C6C52)c1,-3.71725431276255,training
Fc1cccc(CN[C@H]2C3C4CC5C6C4CC3C6C52)c1,-3.8546096380958,training
CN1CCc2cc(OCCF)cc3c2[C@H]1Cc1cccc(O)c1-3,-2.94939000664491,training
CCCN1CCc2cccc3c2[C@H]1Cc1ccc(O)c(O)c1-3,0.356547323513813,test
CCCN1CCc2cc(OC)cc3c2[C@H]1Cc1ccc(O)c(O)c1-3,-0.008600171761918,training
CCCN1CCc2cc(F)cc3c2[C@H]1Cc1ccc(O)c(O)c1-3,-0.57978359661681,test
CCCN1CCc2cc(OC)cc3c2[C@H]1Cc1cccc(O)c1-3,-2.11394335230684,training
CCN1CCc2cc(OCCCF)cc3c2[C@H]1Cc1ccc(O)c(O)c1-3,-2.36172783601759,training
CCN1CCc2cc(OCCF)cc3c2[C@H]1Cc1ccc(O)c(O)c1-3,-2.39794000867204,training
CCCN1CCc2cccc3c2C1Cc1cccc(OCCCn2cc(CCCCN4CCN(c5ccccc5OC)CC4)nn2)c1-3,-0.910624404889201,training
CCCN1CCc2cccc3c2C1Cc1cccc(OCCCn2cc(CCCN4CCN(c5ccccc5OC)CC4)nn2)c1-3,-0.911690158753861,training
CCCN1CCc2cccc3c2C1Cc1cccc(OCc2cn(CCCN4CCN(c5ccccc5OC)CC4)nn2)c1-3,-1.32221929473392,valid
CCCN1CCc2cccc3c2C1Cc1cccc(OCc2cn(CCCN4CCN(c5cccc(Cl)c5Cl)CC4)nn2)c1-3,-1.54406804435028,training
CCCN1CCc2cccc3c2C1Cc1cccc(OCc2cn(CCN4CCN(c5ccccc5OC)CC4)nn2)c1-3,-1.64345267648619,training
CCCN1CCc2cccc3c2C1Cc1cccc(OCCCN(CCCN2CCN(c4ccccc4OC)CC2)S(C)(=O)=O)c1-3,-2.00860017176192,training
CCCN1CCc2cccc3c2C1Cc1cccc(OCc2cn(CCCN4CCN(c5ccccc5)CC4)nn2)c1-3,-2.28103336724773,test
CCCN1CCc2cccc3c2C1Cc1cccc(OCCCn2cc(CN4CCN(c5ccccc5OC)CC4)nn2)c1-3,-2.44870631990508,training
CCCN1CCc2cccc3c2C1Cc1cccc(OCc2cn(CCCN4CCN(c5ncccn5)CC4)nn2)c1-3,-2.73158876518674,training
C#CCOc1cccc2c1-c1cccc3c1C(C2)N(CCC)CC3,-3.38021124171161,valid
CCCN1CCc2cccc3c2C1Cc1cccc(OCCCNCCCO)c1-3,-3.65456155474174,valid
COc1ccccc1N1CCN(CCCCNC(=O)c2ccc(CCF)cc2)CC1,-0.380211241711606,training
COc1ccccc1N1CCN(CCCCNC(=O)c2ccc(N(C)C)cc2)CC1,0.096910013008056,training
CN1c2ccccc2Sc2cc(N)ccc21,-3.9569364138442,training
CCCN(CCCCNC(=O)c1ccc(-c2ccccc2)cc1)C1CCn2nccc2C1,0.148741651280925,valid
CCCN(CCCCNC(=O)c1ccc(-c2ccccc2)cc1)C1CCn2ncc(Cl)c2C1,0.229147988357856,training
CCCN(CCCCNC(=O)c1ccc(-c2ccccc2)cc1)C1CCn2ncc(C=O)c2C1,-1.5910646070265,training
CCCN(CCCCNC(=O)c1ccc(-c2ccccc2)cc1)C1Cc2cccn3ncc(c23)C1,0.259637310505756,training
COc1ccc2c(c1)CCCN(CCCCN1CCN(c3ccccc3OC)CC1)C2=O,0.568636235841013,training
COc1ccccc1N1CCN(CCCCN2CCc3cc(F)ccc3C2=O)CC1,-0.204119982655925,test
COc1ccccc1N1CCN(CCCCN2CCc3cc(-c4ccccc4)ccc3C2=O)CC1,0.602059991327962,training
COc1ccccc1N1CCN(CCCCN2CCc3c(cccc3-c3ccccc3)C2=O)CC1,-1.07918124604762,training
COc1ccccc1N1CCN(CCCCN2CCc3cc(-c4ccco4)ccc3C2=O)CC1,0.677780705266081,training
COc1ccccc1N1CCN(CCCCN2CCc3cc(-c4cccs4)ccc3C2=O)CC1,0.920818753952375,training
COc1ccccc1N1CCN(CCCCN2CCCc3cc(-c4cccs4)ccc3C2=O)CC1,0.537602002101044,test
COc1ccccc1N1CCN(CCCCN2CCc3cc(-c4ccncc4)ccc3C2=O)CC1,0.920818753952375,training
COc1ccccc1N1CCN(CCCCN2CCc3cc(C#N)ccc3C2=O)CC1,-0.113943352306837,training
C#Cc1ccc2c(c1)CCN(CCCCN1CCN(c3ccccc3OC)CC1)C2=O,0.301029995663981,valid
Cc1nc(-c2ccc(C(=O)N[C@H]3CC[C@H](CCN4CCc5ccc(S(C)(=O)=O)cc5CC4)CC3)cc2)no1,-0.602059991327962,test
Cc1nc(C)c(-c2nnc(SCCCN3CCC4(c5ccc(C(F)(F)F)cc5)CC34)n2C)s1,0.602059991327962,valid
COc1ccccc1N1CCN(CC(F)CCNC(=O)c2ccc(-c3ccccn3)cc2)CC1,-1.31175386105575,training
O=C(NCCC(F)CN1CCN(c2cccc(Cl)c2Cl)CC1)c1ccc(-c2ccccn2)cc1,-0.792391689498254,valid
COc1ccccc1N1CCN(CC(F)CCNC(=O)c2cc3ccccc3o2)CC1,-1.45636603312904,training
COc1ccc2oc(C(=O)NCCC(F)CN3CCN(c4ccccc4OC)CC3)cc2c1,-1.1430148002541,training
COc1ccc2oc(C(=O)NCCC(F)CN3CCN(c4cccc(Cl)c4Cl)CC3)cc2c1,-0.903089986991943,training
COc1ccccc1N1CCN(CC(F)CCNC(=O)c2cc3ccccc3[nH]2)CC1,-0.977723605288848,training
O=C(NCCC(F)CN1CCN(c2cccc(Cl)c2Cl)CC1)c1cc2ccccc2[nH]1,-0.602059991327962,training
COc1ccccc1N1CCN(CC(F)CCNC(=O)c2ccc3c(c2)Cc2ccccc2-3)CC1,-1.00432137378264,test
O=C(NCCC(F)CN1CCN(c2cccc(Cl)c2Cl)CC1)c1ccc2c(c1)Cc1ccccc1-2,-0.414973347970818,training
COc1ccccc1N1CCN(CC(F)CCNC(=O)c2cc3ccccc3s2)CC1,-0.57978359661681,valid
O=C(NCCC(F)CN1CCN(c2cccc(Cl)c2Cl)CC1)c1cc2ccccc2s1,-0.462397997898956,training
COc1ccc2[nH]c(C(=O)NCCC(F)CN3CCN(c4ccccc4OC)CC3)cc2c1,-0.662757831681574,valid
COc1ccc2[nH]c(C(=O)NCCC(F)CN3CCN(c4cccc(Cl)c4Cl)CC3)cc2c1,-0.176091259055681,training
O=C(NCCC(F)CN1CCN(c2cccc(Cl)c2Cl)CC1)c1ccc2ccccc2c1,-0.785329835010767,training
CCCN(CCCCN1CCN(c2ccccc2OC)CC1)Cc1csc2ccccc12,-1.8318697742805,training
CCCN(CCCCN1CCN(c2cccc(Cl)c2Cl)CC1)Cc1csc2ccccc12,-2.00432137378264,training
CCCN(CCCCN1CCN(c2ccccc2OC)CC1)Cc1ccc2c(c1)Cc1ccccc1-2,-1.85430604180108,training
CCCN(CCCCN1CCN(c2cccc(Cl)c2Cl)CC1)Cc1ccc2c(c1)Cc1ccccc1-2,-2.11058971029925,training
CCCN(CCCCN1CCN(c2ccccc2OC)CC1)Cc1ccc2ccccc2c1,-1.90741136077459,training
CCCN(CCCCN1CCN(c2cccc(Cl)c2Cl)CC1)Cc1ccc2ccccc2c1,-2.01703333929878,test
OC(CCNCc1ccc2c(c1)Cc1ccccc1-2)CN1CCN(c2cccc(Cl)c2Cl)CC1,-2.12710479836481,test
FC(CCNCc1ccc2c(c1)Cc1ccccc1-2)CN1CCN(c2cccc(Cl)c2Cl)CC1,-2.66931688056611,training
CN(CCC(O)CN1CCN(c2cccc(Cl)c2Cl)CC1)Cc1ccc2c(c1)Cc1ccccc1-2,-2.20951501454263,training
CN(CCC(F)CN1CCN(c2cccc(Cl)c2Cl)CC1)Cc1ccc2c(c1)Cc1ccccc1-2,-2.59439255037543,training
O=C(NCCCCN1CCN(c2cccc(Cl)c2Cl)CC1)c1csc2ccccc12,0.096910013008056,valid
O=C(CCCN1C2C3C4CC5C6C4C2C6C1(O)C53)c1ccc(F)cc1,-3.29181268746712,test
COc1cc2c(cc1OC)CN(CCNC(=O)c1cc(C)ccc1OC)CC2,-3.57518784492766,training
COc1cc(CN2CCN(c3ccccc3OC)CC2)ccc1OCc1cn(CCCCCCCCn2cc(COc3ccc(CN4CCN(c5ccccc5OC)CC4)cc3OC)nn2)nn1,-1.49136169383427,training
COc1cc(CN2CCN(c3ccccc3OC)CC2)ccc1OCCCc1cn(CCCCCCCCn2cc(CCCOc3ccc(CN4CCN(c5ccccc5OC)CC4)cc3OC)nn2)nn1,-1.92427928606188,training
COc1cc(CN2CCN(c3ccccc3OC)CC2)ccc1OCCCc1cn(CCCCCCCCCCn2cc(CCCOc3ccc(CN4CCN(c5ccccc5OC)CC4)cc3OC)nn2)nn1,-1.98227123303957,training
COc1cc(CN2CCN(c3ccccc3OC)CC2)ccc1OCCCCc1cn(CCCCCCCCCCn2cc(CCCCOc3ccc(CN4CCN(c5ccccc5OC)CC4)cc3OC)nn2)nn1,-1.86923171973098,valid
COc1cc(CN2CCN(c3ccccc3OC)CC2)ccc1OCc1cn(CCOCCOCCn2cc(COc3ccc(CN4CCN(c5ccccc5OC)CC4)cc3OC)nn2)nn1,-1.55630250076729,training
COc1cc(CN2CCN(c3ccccc3OC)CC2)ccc1OCCCc1cn(CCOCCOCCn2cc(CCCOc3ccc(CN4CCN(c5ccccc5OC)CC4)cc3OC)nn2)nn1,-1.78532983501077,training
COc1cc(CN2CCN(c3ccccc3OC)CC2)ccc1OCCCc1cn(CCOCCOCCOCCn2cc(CCCOc3ccc(CN4CCN(c5ccccc5OC)CC4)cc3OC)nn2)nn1,-1.85733249643127,training
CCCCn1cc(COc2ccc(CN3CCN(c4ccccc4OC)CC3)cc2OC)nn1,-2.50514997831991,training
CCCCn1cc(CCCOc2ccc(CN3CCN(c4ccccc4OC)CC3)cc2OC)nn1,-2.78532983501077,training
CCCCn1cc(CCCCOc2ccc(CN3CCN(c4ccccc4OC)CC3)cc2OC)nn1,-2.77085201164214,training
CCOCCn1cc(COc2ccc(CN3CCN(c4ccccc4OC)CC3)cc2OC)nn1,-2.64345267648619,training
CCOCCn1cc(CCCOc2ccc(CN3CCN(c4ccccc4OC)CC3)cc2OC)nn1,-2.39794000867204,valid
CCCc1cn(CCCCCCCCn2cc(CCCOc3ccc(CN4CCN(c5ccccc5OC)CC4)cc3OC)nn2)nn1,-2.36172783601759,training
COc1cc(CN2CCN(C)CC2)ccc1OCCCc1cn(CCCCCCCCn2cc(CCCOc3ccc(CN4CCN(c5ccccc5OC)CC4)cc3OC)nn2)nn1,-2.34242268082221,training
COc1cc(CN2CCN(c3ccccc3OC)CC2)ccc1OCCCc1cn(CCCCCCCCn2cc(CCCOc3ccc(CN4CCN(C5CCCCC5)CC4)cc3OC)nn2)nn1,-2.0,training
COc1cc2c(cc1OC)CN(CCCCn1cc(-c3ccc(F)cc3)c3ccccc31)CC2,-2.73559889969818,training
CC(C)(C)c1ccc(S(=O)(=O)/C=C/C#N)cc1,-3.07003786660775,training
Oc1c(Cl)cc(Cl)cc1Sc1cc(Cl)cc(Cl)c1O,-3.15624619039734,training
c1ccc2sc(SSc3nc4ccccc4s3)nc2c1,-2.46089784275655,valid
CN1[C@H]2CC[C@@H]1C[C@H](OC(c1ccccc1)c1ccccc1)C2,-2.34635297445064,training
COc1ccc(CCN2CCC(Nc3nc4ccccc4n3Cc3ccc(F)cc3)CC2)cc1,-2.17026171539496,valid
Clc1ccc2c(c1)C(N1CCNCC1)=Nc1ccccc1O2,-1.66275783168157,training
NCCCNCCSP(=O)(O)O,-2.81624129999178,training
CCCCc1oc2ccccc2c1C(=O)c1cc(I)c(OCCN(CC)CC)c(I)c1,-2.61278385671974,training
CC(C)C[C@H]1C(=O)N2CCC[C@H]2[C@]2(O)O[C@](NC(=O)[C@@H]3C=C4c5cccc6[nH]cc(c56)C[C@H]4N(C)C3)(C(C)C)C(=O)N12,0.698970004336019,training
Clc1cc(Cl)c(OCC#CI)cc1Cl,-2.22010808804005,training
CC(C)(C)c1ccc(C(=O)CCCN2CCC(OC(c3ccccc3)c3ccccc3)CC2)cc1,-1.6159500516564,training
Clc1ccc(COC(Cn2ccnc2)c2ccc(Cl)cc2Cl)cc1,-3.20817252666712,training
CC(C)[C@H]1C(=O)N2CCC[C@H]2[C@]2(O)O[C@](NC(=O)[C@@H]3C=C4c5cccc6[nH]cc(c56)C[C@H]4N(C)C3)(C(C)C)C(=O)N12,0.012780770091995,valid
Fc1ccc(C(c2ccc(F)cc2)N2CCN(C/C=C/c3ccccc3)CC2)cc1,-1.51851393987789,training
C[C@@H](CO)NC(=O)[C@@H]1C=C2c3cccc4[nH]cc(c34)C[C@H]2N(C)C1,-2.28555730900777,training
CN1C[C@H](C(=O)N[C@]2(C)O[C@@]3(O)[C@@H]4CCCN4C(=O)[C@H](Cc4ccccc4)N3C2=O)C=C2c3cccc4[nH]cc(c34)C[C@H]21,-0.165541076722373,training
O=C(CCCN1CC=C(n2c(=O)[nH]c3ccccc32)CC1)c1ccc(F)cc1,0.027334407733889,training
CC(C)OC(=O)C(C)(C)Oc1ccc(C(=O)c2ccc(Cl)cc2)cc1,-4.66940056951149,training
CN1CCC[C@@H]1CCO[C@](C)(c1ccccc1)c1ccc(Cl)cc1,-0.396373727536506,training
OC(CCCN1CCCCC1)(c1ccccc1)c1ccccc1,-2.89486965674525,training
COc1cc(N)c(Cl)cc1C(=O)NC1CCN(CCCOc2ccc(F)cc2)CC1OC,-1.69019608002851,training
CC1(COc2ccc(CC3SC(=O)NC3=O)cc2)CCCCC1,-3.95755940189748,valid
CCN(CC)CCOC(=O)C1(C2CCCCC2)CCCCC1,-2.61384182187607,training
CN(C)CCC=C1c2ccccc2COc2ccccc21,-2.67486114073781,test
CN1CCN(C(c2ccccc2)c2ccccc2)CC1,-3.0068937079479,training
CCN(CC)C(=S)SSC(=S)N(CC)CC,-2.56584781867352,training
Clc1ccccc1C(c1ccccc1)(c1ccccc1)n1ccnc1,-2.95375969173323,training
CN1C[C@H](C(=O)N[C@]2(C)O[C@@]3(O)[C@@H]4CCCN4C(=O)[C@H](Cc4ccccc4)N3C2=O)C[C@@H]2c3cccc4[nH]cc(c34)C[C@H]21,-0.258158193340794,valid
Clc1ccc2c(c1)CCc1cccnc1C2=C1CCNCC1,-2.8109042806687,test
CC(CCc1ccc(O)cc1)NCCc1ccc(O)c(O)c1,-3.22865695810894,training
CC/C(=C(/CC)c1ccc(O)cc1)c1ccc(O)cc1,-3.47523522260413,valid
C(=C/c1ccccc1)\CN1CCN(C(c2ccccc2)c2ccccc2)CC1,-1.93449845124357,training
CCN(CC)CCOc1ccc(/C(=C(/Cl)c2ccccc2)c2ccccc2)cc1,-2.65127801399814,training
CN(C)CCCN1c2ccccc2CCc2ccc(Cl)cc21,-1.67209785793572,valid
CN1CCC(=C2c3ccccc3C=Cc3ccccc32)CC1,-1.20411998265592,training
C#C[C@]1(O)CC[C@H]2[C@@H]3CCC4=Cc5oncc5C[C@]4(C)[C@H]3CC[C@@]21C,-3.99122607569249,training
COc1ccccc1OCCNCC(O)COc1cccc2[nH]c3ccccc3c12,-2.29225607135648,training
N=C(N)c1ccc(OCCCCCOc2ccc(C(=N)N)cc2)cc1,-3.13289976994448,valid
CN(C)CCCN1c2ccccc2Sc2ccccc21,-1.83884909073726,training
CC(CN1c2ccccc2Sc2ccccc21)N(C)C,-2.27875360095283,test
NC(=O)C1CCN(CCCN2c3ccccc3Sc3ccc(Cl)cc32)CC1,-0.200303182981585,training
Clc1ccc(CO/N=C(\Cn2ccnc2)c2ccc(Cl)cc2Cl)c(Cl)c1,-2.83065281379742,training
CNCCC=C1c2ccccc2CCc2ccccc21,-1.78532983501077,training
CCN(CC)CC#CCOC(=O)C(O)(c1ccccc1)C1CCCCC1,-2.16316137497702,training
CN1CCN(CCCN2c3ccccc3Sc3ccc(Cl)cc32)CC1,-0.648750212698019,training
CCN(CC)CCCC(C)Nc1c2ccc(Cl)cc2nc2ccc(OC)cc12,-2.65127801399814,valid
CC[C@@H](CO)NC(=O)[C@@H]1C=C2c3cccc4c3c(cn4C)C[C@H]2N(C)C1,-1.77085201164214,training
CN1CCC(=C2c3ccccc3CC(=O)c3sccc32)CC1,-2.82412583391655,training
Clc1ccc(COC(Cn2ccnc2)c2ccc(Cl)cc2Cl)c(Cl)c1,-3.03582982525283,training
CN1C[C@H](CNC(=O)OCc2ccccc2)C[C@@H]2c3cccc4c3c(cn4C)C[C@H]21,-0.416806871822945,valid
CC[C@H](C)[C@@H](CO[C@@H](Cc1ccccc1)C(=O)N[C@@H](CCS(C)(=O)=O)C(=O)OC(C)C)NC[C@@H](N)CS,-0.983851718991472,training
CC(C)(O)c1ccccc1CC[C@@H](SCC1(CC(=O)O)CC1)c1cccc(/C=C/c2ccc3ccc(Cl)cc3n2)c1,-3.4201208480857,valid
CO[C@H]1C[C@@H](O[C@H]2C[C@H]([C@H]3O[C@](C)(O)[C@H](C)C[C@@H]3C)O[C@H]2[C@]2(C)CC[C@H]([C@]3(C)CC[C@]4(C[C@H](O)[C@@H](C)[C@@H]([C@@H](C)[C@@H]5O[C@](O)(CC(=O)O)[C@@H](C)[C@H](OC)[C@H]5OC)O4)O3)O2)O[C@@H](C)[C@@H]1OC,-0.970160843037314,training
CN1CCCC(CN2c3ccccc3Sc3ccccc32)C1,-2.83314711191279,training
CC[C@@H](CO)NC(=O)[C@@H]1C=C2c3cccc4[nH]cc(c34)C[C@H]2N(C)C1,-1.75587485567249,valid
CCOC(=O)C1=C(C)NC(C)=C(C(=O)OCC)C1c1ccccc1/C=C/C(=O)OC(C)(C)C,-3.32139127831169,training
CN(C)C(=O)C(CCN1CCC(O)(c2ccc(Cl)cc2)CC1)(c1ccccc1)c1ccccc1,-2.6570558528571,test
Cc1c(C)c2c(c(C)c1O)CCC(C)(CN1CCN(c3cc(N4CCCC4)nc(N4CCCC4)n3)CC1)O2,-3.24674470972384,training
O=c1n(CCCN2CCN(c3cccc(Cl)c3)CC2)nc2ccccn12,-3.10414555055401,training
COc1ccc(CCN(C)CCCC(C#N)(c2ccc(OC)c(OC)c2)C(C)C)cc1OC,-1.79934054945358,training
CSc1ccc2c(c1)N(CCC1CCCCN1C)c1ccccc1S2,-0.526339277389844,training
CC/C(=C(\c1ccccc1)c1ccc(OCCN(C)C)cc1)c1ccccc1,-2.56110138364906,training
Clc1ccc(CSC(Cn2ccnc2)c2ccc(Cl)cc2Cl)cc1,-3.02284061087653,training
CCN(CC)CCNC(=O)c1cc(S(C)(=O)=O)ccc1OC,-2.5910646070265,training
CCCCCCCCN[C@H](C)[C@@H](O)c1ccc(SC(C)C)cc1,-2.85400223312699,training
CC(C)(C)NC(=O)[C@@H]1C[C@@H]2CCCC[C@@H]2CN1C[C@@H](O)[C@H](Cc1ccccc1)NC(=O)[C@H](CC(N)=O)NC(=O)c1ccc2ccccc2n1,-3.71758729685546,training
CC(C)N1CCN(c2ccc(OC[C@H]3CO[C@](Cn4cncn4)(c4ccc(Cl)cc4Cl)O3)cc2)CC1,-3.20411998265592,training
COCCCOc1ccnc(C[S+](O)c2nc3ccccc3[nH]2)c1C,-2.89762709129044,training
CC(C)(C)c1ccc(C(O)CCCN2CCC(C(O)(c3ccccc3)c3ccccc3)CC2)cc1,-2.70842090013471,training
O=C(c1ccc(OCCN2CCCCC2)cc1)c1c(-c2ccc(O)cc2)sc2cc(O)ccc12,-2.72509452108147,valid
CCCN(CCCCNC(=O)c1ccc(OCCCc2cn(CCCCCCCCn3cc(CCCOc4ccc(CN5CCN(c6ccccc6OC)CC5)cc4OC)nn3)nn2)c(OC)c1)C1Cc2ccccc2C1,-0.079181246047625,training
CCCN(CCCCNC(=O)c1ccc(OCCCc2cn(CCCCCCCCn3cc(CCCOc4ccc(C(=O)NCCCCN5CCN(c6ccccc6OC)CC5)cc4OC)nn3)nn2)c(OC)c1)C1Cc2ccccc2C1,-0.301029995663981,test
CCCCn1cc(CCCOc2ccc(C(=O)NCCCCN3CCN(c4ccccc4OC)CC3)cc2OC)nn1,-0.301029995663981,training
CCCCn1cc(CCCOc2ccc(C(=O)NCCCCN(CCC)C3Cc4ccccc4C3)cc2OC)nn1,0.148741651280925,training
COc1cc(C(=O)NCCCCN2CCN(c3ccccc3OC)CC2)ccc1OCCCc1cn(CCCCCCCCn2cc(CCCOc3ccc(C(=O)NCCCCN4CCN(c5ccccc5OC)CC4)cc3OC)nn2)nn1,-1.07918124604762,valid
CCCN(CCCCNC(=O)c1ccc(OCCCc2cn(CCCCCCCCn3cc(CCCOc4ccc(C(=O)NCCCCN(CCC)C5Cc6ccccc6C5)cc4OC)nn3)nn2)c(OC)c1)C1Cc2ccccc2C1,-0.255272505103306,training
Fc1ccc(CN2CCN(c3ccc4c(c3)OCCO4)CC2)cc1,-3.5910646070265,training
COc1cc(CN2CCN(c3ccc4c(c3)OCCO4)CC2)ccc1F,-3.77085201164214,training
Oc1cc(CN2CCN(c3ccc4c(c3)OCCO4)CC2)ccc1F,-3.6232492903979,training
Fc1ccc(CN2CCN(c3ccc4c(c3)OCCO4)CC2)cn1,-4.23044892137827,training
CCOCCOc1cccc(C(=O)NCCCN2CCN(c3ccccc3OC)CC2)c1,-2.23044892137827,training
CCOCCOc1cccc(C(=O)NCCCCN2CCN(c3ccccc3OC)CC2)c1,-0.690196080028514,training
COc1ccccc1N1CCN(CCCNC(=O)c2cccc(OCCOCCOCCOCCOc3cccc(C(=O)NCCCN4CCN(c5ccccc5OC)CC4)c3)c2)CC1,-1.04139268515823,training
COc1ccccc1N1CCN(CCCCNC(=O)c2cccc(OCCOCCOCCOCCOc3cccc(C(=O)NCCCCN4CCN(c5ccccc5OC)CC4)c3)c2)CC1,0.214670164989233,training
CCOCCOCc1ccc(C(=O)NCCCN2CCN(c3ccccc3OC)CC2)cc1,-2.51851393987789,training
CCOCCOCc1ccc(C(=O)NCCCCN2CCN(c3ccccc3OC)CC2)cc1,-1.20411998265592,test
CCOCCOc1ccn2ncc(C(=O)NCCCN3CCN(c4ccccc4OC)CC3)c2c1,-1.89209460269048,training
CCOCCOc1ccn2ncc(C(=O)NCCCCN3CCN(c4ccccc4OC)CC3)c2c1,0.180456064458131,training
CCOCCOCc1ccn2ncc(C(=O)NCCCN3CCN(c4ccccc4OC)CC3)c2c1,-2.20411998265592,training
CCOCCOCc1ccn2ncc(C(=O)NCCCCN3CCN(c4ccccc4OC)CC3)c2c1,-0.079181246047625,training
COc1ccccc1N1CCN(CCCNC(=O)c2cnn3ccc(OCCOCCOCCOCCOc4ccn5ncc(C(=O)NCCCN6CCN(c7ccccc7OC)CC6)c5c4)cc23)CC1,-0.544068044350276,training
COc1ccccc1N1CCN(CCCCNC(=O)c2cnn3ccc(OCCOCCOCCOCCOc4ccn5ncc(C(=O)NCCCCN6CCN(c7ccccc7OC)CC6)c5c4)cc23)CC1,0.468521082957745,training
COc1ccccc1N1CCN(CCCNC(=O)c2cnn3ccc(COCCOCCOCCOCCOCc4ccn5ncc(C(=O)NCCCN6CCN(c7ccccc7OC)CC6)c5c4)cc23)CC1,-1.0,training
COc1ccccc1N1CCN(CCCCNC(=O)c2cnn3ccc(COCCOCCOCCOCCOCc4ccn5ncc(C(=O)NCCCCN6CCN(c7ccccc7OC)CC6)c5c4)cc23)CC1,0.301029995663981,training
CCOCCOCc1ccc(N2CCN(CCCCNC(=O)c3ccccc3)CC2)c(OC)c1,-2.96848294855394,training
COc1cc(COCCOCCOCCOCCOCc2ccc(N3CCN(CCCCNC(=O)c4ccccc4)CC3)c(OC)c2)ccc1N1CCN(CCCCNC(=O)c2ccccc2)CC1,-2.04139268515822,training
OC1(c2ccc(Cl)cc2)CCN(CCCCc2ccc(F)cc2)CC1,-2.82412583391655,valid
Fc1ccc(SCCCN2CCC(c3ccc(Cl)cc3)CC2)cc1,-2.11394335230684,training
Fc1ccc(OCCCN2CCC(c3ccc(Cl)cc3)CC2)cc1,-2.84260923961056,training
O[S+](CCCN1CCC(c2ccc(Cl)cc2)CC1)c1ccc(F)cc1,-2.38560627359831,training
Fc1ccc(CCCCN2CCN(c3ccc(Cl)cc3)CC2)cc1,-2.41664050733828,training
Fc1ccc(SCCCN2CCN(c3ccc(Cl)cc3)CC2)cc1,-2.62531245096167,test
Fc1ccc(SCCCN2CCN(c3ccc(C(F)(F)F)cc3)CC2)cc1,-2.73559889969818,test
Fc1ccc(OCCCN2CCN(c3ccc(Cl)cc3)CC2)cc1,-2.94694327069783,training
Fc1ccc(OCCCN2CCN(c3ccccc3)CC2)cc1,-2.31597034545692,training
Clc1ccc(N2CCN(CCCOc3ccccc3)CC2)cc1,-2.86093662070009,valid
c1ccc(OCCCN2CCN(c3ccccc3)CC2)cc1,-1.8992731873176,training
Fc1ccc(CCCCN2CCN(c3ncccn3)CC2)cc1,-2.41830129131975,training
Fc1ccc(SCCCN2CCN(c3ncccn3)CC2)cc1,-1.83250891270624,test
Fc1ccc(OCCCN2CCN(c3ncccn3)CC2)cc1,-2.89097959698969,training
Fc1ccc(CCCCN2CCN(c3ccccn3)CC2)cc1,-1.93449845124357,training
Fc1ccc(SCCCN2CCN(c3ccccn3)CC2)cc1,-2.20411998265592,training
Fc1ccc(OCCCN2CCN(c3ccccn3)CC2)cc1,-2.35983548233989,training
O=C1c2ccc(F)cc2CC1CCN1CCCN(c2ccc(Cl)cc2)CC1,-2.77085201164214,training
Fc1ccc(SCCCN2CCCN(c3ccc(Cl)cc3)CC2)cc1,-3.00860017176192,valid
Fc1ccc(OCCCN2CCCN(c3ccc(Cl)cc3)CC2)cc1,-2.31973049433022,training
Fc1ccc(CCCCN2CCCN(c3ccc(Cl)cc3)CC2)cc1,-3.48330195235817,test
Clc1ccc(N2CCCN(CCCCc3nc4ccccc4s3)CC2)cc1,-2.18184358794477,training
Clc1ccc(N2CCCN(CCCc3nc4ccccc4s3)CC2)cc1,-2.93601079571521,training
O=C(CCCCN1CCCN(c2ccc(Cl)cc2)CC1)c1nc2ccccc2s1,-3.02160271602824,training
O=C(CCCN1CCCN(c2ccc(Cl)cc2)CC1)c1nc2ccccc2s1,-2.89042101880091,training
O=C(CCCCN1[C@H]2CC[C@@H]1CC(O)(c1ccc(Cl)cc1)C2)c1nc2ccccc2s1,-1.20411998265592,valid
OC1(c2ccc(Cl)cc2)C[C@@H]2CC[C@H](C1)N2CCCCc1nc2ccccc2s1,-1.11394335230684,training
C[C@H]1Cc2c([nH]c3ccccc23)Cc2ccccc2CCN1C,-2.48287358360875,training
O=c1[nH]c2ccccc2n1C1CCN(CCCOc2ccc(F)cc2)CC1,-0.100025730107863,training
Oc1ccc2c(c1O)C[C@@H](c1ccccc1)[C@@H]1CCNC[C@@H]21,-2.32221929473392,training
CCCCNC(=O)c1cc2ccccc2[nH]1,-4.33328602155443,training
CCC(=O)NCCCCN1CCN(c2ccccc2OC)CC1,-1.58658730467176,test
CCC(=O)NCCCCN1CCN(c2cccc(Cl)c2Cl)CC1,-0.681241237375587,valid
CCCCN1CCN(c2ccccc2OC)CC1,-1.37839790094814,training
CCCCN1CCN(c2cccc(Cl)c2Cl)CC1,-0.278753600952829,valid
CCCN1CCN(c2cccc(Cl)c2Cl)CC1,-0.799340549453582,training
OCCN1CCN(c2cccc(Cl)c2Cl)CC1,-1.55990662503611,test
COc1ccccc1N1CCN(C)CC1,-2.77077839616915,test
CN1CCN(c2cccc(Cl)c2Cl)CC1,-1.73719264270474,training
COc1ccccc1N1CCNCC1,-3.35449260058944,training
Clc1cccc(N2CCNCC2)c1Cl,-2.29534714833362,training
CCCCCCN(CCc1ccccc1)CCc1cccc(O)c1,-3.05956341790127,test
CCCCN(CCc1ccccc1)CCc1cccc(O)c1,-3.05994188806195,training
Oc1cccc(CCN(CCc2ccccc2)CC2CCC2)c1,-2.45024910831936,training
Oc1cccc(CCN(CCc2ccccc2)CC2CC2)c1,-2.22530928172586,valid
CCCCCN(CCc1ccccc1)CCc1cccc(O)c1,-3.04060234011407,training
CCCN(CCc1ccccc1)CCc1cccc(O)c1,-1.3384564936046,training
Cc1c(C(=O)N(CCCN2CCCCC2)c2ccccc2)oc2ccccc12,-3.8285954563717,training
O=C(CCCN1CC[Si](O)(c2ccc(Cl)cc2)CC1)c1ccc(F)cc1,-0.674861140737812,training
CCCN1CCC(n2c(=O)[nH]c3cc(Cl)ccc32)CC1,-3.40140054078154,training
COc1cccc(CCN2C3C4C5CC6C7C5C3C7C2(O)C64)c1OC,-3.73766962735664,training
COc1ccccc1N1CCN(Cc2ccc3cccccc2-3)CC1,-1.91907809237607,test
COc1ccccc1N1CCN(Cc2cc(CN3CCN(c4ccc(Cl)cc4)CC3)c3cccccc2-3)CC1,-1.92941892571429,training
COc1ccccc1N1CCN(Cc2cc(CN3CCN(c4ccccc4OC)CC3)c3cccccc2-3)CC1,-1.51851393987789,training
COc1ccccc1N1CCN(Cc2cc(CN3CCN(C)CC3)c3cccccc2-3)CC1,-2.66275783168157,training
COc1ccccc1N1CCN(Cc2cc(CN3CCOCC3)c3cccccc2-3)CC1,-2.54406804435028,training
COc1ccccc1N1CCN(Cc2cc(CN3CCCCC3)c3cccccc2-3)CC1,-2.20411998265592,test
COc1ccccc1N1CCN(Cc2cc(CN(C)C)c3cccccc2-3)CC1,-2.5910646070265,training
COc1ccccc1N1CCN(Cc2cc(C#N)c3cccccc2-3)CC1,-2.72427586960079,training
COc1ccccc1N1CCN(Cc2cc(CO)c3cccccc2-3)CC1,-2.76342799356294,valid
CCCC#Cc1cc(CN2CCN(c3ccccc3OC)CC2)c2cccccc1-2,-2.56820172406699,training
COc1ccccc1N1CCN(Cc2cc(C#Cc3ccccc3)c3cccccc2-3)CC1,-2.32221929473392,training
C#Cc1cc(CN2CCN(c3ccccc3OC)CC2)c2cccccc1-2,-2.56820172406699,training
c1ccc(C[n+]2cc[n+](-c3cccc4[nH]cnc34)cc2)cc1,-2.93976877545335,training
Clc1ccc2[nH]ccc2c1-[n+]1cc[n+](Cc2ccccc2)cc1,-1.97909290063833,valid
Brc1ccc(-[n+]2cc[n+](Cc3ccccc3)cc2)c2cc[nH]c12,-1.7481880270062,training
c1ccc(C[n+]2cc[n+](-c3cccc4[nH]ccc34)cc2)cc1,-1.54900326202579,training
FC(F)(F)c1nc2c(-[n+]3cc[n+](Cc4ccccc4)cc3)cccc2[nH]1,-1.16731733474818,training
CC1=CC(C)=[N+]2C1=C(c1ccc(OCCCN3CCCCC3)cc1)c1c(C)cc(C)n1[B-]2(F)F,-3.17376882313665,training
c1ccc(-n2cc(CN3CCN(c4cc5ccc4CCc4ccc(cc4)CC5)CC3)cn2)cc1,-1.25527250510331,training
c1ccc(N2CCN(Cc3cnn(-c4cc5ccc4CCc4ccc(cc4)CC5)c3)CC2)cc1,-1.33243845991561,training
CNc1ccc(C(=O)NCCCCN2CCCN(c3ccccc3OC)CC2)cc1,-0.857332496431268,valid
COc1ccccc1N1CCCN(CCCCNC(=O)c2cccc(OC)c2OC)CC1,-1.64542226934909,training
COc1ccccc1N1CCCN(CCCCNC(=O)c2ccc(Br)nc2)CC1,-1.25285303097989,training
COc1ccccc1N1CCCN(CCCCNC(=O)c2ccc(Cl)nc2)CC1,-1.17609125905568,training
COc1ccccc1N1CCCN(CCCCNC(=O)c2ccc(-c3ccc(F)cc3)s2)CC1,-0.903089986991943,training
COc1ccccc1N1CCCN(CCCCNC(=O)c2ccc(Br)s2)CC1,-0.681241237375587,training
COc1ccccc1N1CCCN(CCCCNC(=O)c2cccc3c2-c2ccccc2C3=O)CC1,-1.06445798922692,training
COc1ccccc1N1CCCN(CCCCNC(=O)c2ccc(CCO)cc2)CC1,-1.12057393120585,training
COc1ccccc1N1CCCN(CCCCNC(=O)c2ccc(-c3ccccc3)s2)CC1,-0.954242509439325,training
COc1ccccc1N1CCCN(CCCCNC(=O)c2cc3ccccc3s2)CC1,-0.176091259055681,training
COc1ccccc1N1CCCN(CCCCNC(=O)c2cc3ccccc3[nH]2)CC1,-0.397940008672038,training
COc1ccccc1N1CCCN(CCCCNC(=O)c2ccc(C)s2)CC1,-0.8750612633917,valid
COc1ccccc1N1CCCN(CCCCNC(=O)c2ccc(F)cc2)CC1,-0.944482672150169,valid
COc1ccccc1N1CCCN(CCCCNC(=O)c2ccc(Cl)cc2)CC1,-0.568201724066995,training
C=Cc1ccc(C(=O)NCCCCN2CCCN(c3ccccc3OC)CC2)cc1,-0.255272505103306,training
COc1ccccc1N1CCCN(CCCCNC(=O)c2ccc(CCF)cc2)CC1,-0.954242509439325,training
COc1ccccc1N1CCCN(CCCCNC(=O)c2cc3ccccc3o2)CC1,-0.740362689494244,training
COc1ccccc1N1CCCN(CCCCNC(=O)c2ccc(SC)cc2)CC1,-0.462397997898956,training
COc1ccccc1N1CCCN(CCCCNC(=O)c2ccc(N(C)C)cc2)CC1,-0.591064607026499,training
COc1ccccc1N1CCCN(CCCCNC(=O)c2ccc(-c3ccsc3)cc2)CC1,0.154901959985743,training
COc1cc(Br)cc(C(=O)NCCCCN2CCN(c3cccc(Cl)c3Cl)CC2)c1OC,-0.322219294733919,training
O=C(NCCCCN1CCN(c2cccc(Cl)c2Cl)CC1)c1ccc2c(c1)C(=O)c1ccccc1-2,-0.146128035678238,training
C=CCN(CC=C)CCc1c[nH]c2ccc(OC)cc12,-2.69230922421679,training
O=C(OCCN1CCCC1)N1c2ccccc2Sc2ccccc21,-3.0,training
CCN(CC)CCCOC(=O)N1c2ccccc2Sc2ccccc21,-3.0,valid
CC(C(=O)N1c2ccccc2Sc2ccccc21)c1ccccc1,-3.94939000664491,training
Cn1c(=O)cnn(CCCCN2CCN(c3ccccc3OCCF)CC2)c1=O,-1.34242268082221,training
Clc1cccc(N2CCN(Cc3c[nH]c4ccccc34)CC2)c1Cl,-2.0899051114394,training
CCOc1ccccc1N1CCN(Cc2c[nH]c3ccccc23)CC1,-2.01283722470517,valid
Clc1cccc(N2CCN(Cc3ccccc3)CC2)c1Cl,-1.61278385671974,training
CCOc1ccccc1N1CCN(Cc2ccccc2)CC1,-1.63042787502502,training
Clc1cccc(N2CCN(Cc3csc4ccccc34)CC2)c1Cl,-1.72015930340596,test
CCOc1ccccc1N1CCN(Cc2csc3ccccc23)CC1,-1.65417654187796,test
Clc1cccc(N2CCN(Cc3cccc4ccccc34)CC2)c1Cl,-1.96378782734556,training
CCOc1ccccc1N1CCN(Cc2cccc3ccccc23)CC1,-1.77085201164214,training
Clc1cccc(N2CCN(Cc3cccnc3)CC2)c1Cl,-1.61278385671974,training
CCOc1ccccc1N1CCN(Cc2cccnc2)CC1,-1.6232492903979,training
Oc1ccc(N2CCN(Cc3cccs3)CC2)cc1,-2.34439227368511,training
Clc1ccc(N2CCN(Cc3cccs3)CC2)cc1Cl,-1.79239168949825,training
CCOc1ccccc1N1CCN(Cc2cccs2)CC1,-2.04921802267018,training
Clc1cccc(N2CCN(Cc3cccs3)CC2)c1Cl,-1.64836001098093,training
Clc1ccccc1N1CCN(Cc2cccs2)CC1,-2.63042787502502,training
Fc1ccccc1N1CCN(Cc2cccs2)CC1,-3.27852496473702,training
c1ccc(N2CCN(Cc3cccs3)CC2)cc1,-3.2169572073611,training
COc1ccccc1N1CCN(CCCCn2cc(-c3ccc(-c4cnco4)cc3)nn2)CC1,-2.12904505988796,training
COc1ccccc1N1CCN(CCCCn2cc(-c3cccnc3)nn2)CC1,-2.12221587827283,training
COc1ccccc1N1CCN(CCCCn2cc(-c3ccc(N)cc3)nn2)CC1,-0.431363764158987,training
COc1ccc(-c2cn(CCCCN3CCN(c4ccccc4OC)CC3)nn2)cc1,-1.60314437262018,training
COc1ccccc1N1CCN(CCCCn2cc(-c3ccc(Br)cc3)nn2)CC1,-2.04414762087872,test
C1C2C3CC4C2C2C1C3[C@H](NCC13C5C6C7C5C1C7C63)C42,-3.72956972630197,test
c1cc2c(cc1CN[C@H]1C3C4CC5C6C4CC3C6C51)OCO2,-3.42894429003557,training
COc1cc(CN[C@H]2C3C4CC5C6C4CC3C6C52)cc(OC)c1OC,-3.02036128264771,training
c1ccc(CCN[C@H]2C3C4CC5C6C4CC3C6C52)cc1,-3.93761817939382,training
COc1ccccc1N1CCN(Cc2cn(-c3ccc(OCCCOC4O[C@H](CO)[C@@H](O)[C@H](O)[C@H]4F)cc3)nn2)CC1,-3.75587485567249,training
COc1ccccc1N1CCN(Cc2cn(-c3ccc(OCCCOCCF)cc3)nn2)CC1,-3.46239799789896,training
COc1ccccc1N1CCN(Cc2cn(-c3ccc(OCCOCCOCCF)cc3)nn2)CC1,-2.30102999566398,training
COc1ccccc1N1CCN(Cc2cn(-c3ccc(OCCCF)cc3)nn2)CC1,-3.44715803134222,valid
COc1ccccc1N1CCN(Cc2cn(-c3ccc(OCCF)cc3)nn2)CC1,-4.23044892137827,valid
COc1ccccc1N1CCN(Cc2cn([C@@H]3O[C@H](CF)[C@@H](O)[C@H](O)[C@H]3O)nn2)CC1,-4.39794000867204,training
COc1ccccc1N1CCN(Cc2cn([C@@H]3O[C@H](CO)[C@@H](O)[C@H](O)[C@H]3F)nn2)CC1,-4.23044892137827,training
COc1ccccc1N1CCN(Cc2cn(CCOCCOCCOCCF)nn2)CC1,-3.88081359228079,training
COc1ccccc1N1CCN(Cc2cn(CCOCCOCCF)nn2)CC1,-3.70757017609794,valid
COc1ccccc1N1CCN(Cc2cn(CCOCCF)nn2)CC1,-3.23044892137827,test
COc1ccccc1N1CCN(Cc2cn(CCCCCCF)nn2)CC1,-2.90308998699194,training
COc1ccc(CNC(=O)c2cc(-c3cc(Cl)cc(Cl)c3)cnc2-c2cccnc2)cc1OC,-3.51054501020661,training
C[C@@H]1NCCc2cc(O)c(O)cc21,-2.69897000433602,valid
CN1CCC2C(C1)c1cccc3c1N2c1ccccc1CS3,-1.49996186559619,training
O=C1CC(CN2CCC(c3noc4cc(F)ccc34)CC2)Cc2[nH]ncc21,-2.27000300010506,valid
Cc1nc2c(o1)CC(CN1CCC(c3c[nH]c4cc(F)ccc34)CC1)CC2=O,-3.12999907195743,training
O=C1CC(CN2CCC(c3c[nH]c4cc(F)ccc34)CC2)Cc2nc(N3CCCC3)sc21,-3.04000071447332,test
COc1cc2c(cc1OC)CN(CCCCNC(=O)c1cc(Br)cc(OC)c1OC)CC2,-2.79726754083072,training
COc1cccc2[nH]cc(CN3CCC(O)(c4ccc(I)cc4)CC3)c12,-1.94250410616808,test
Fc1ccc(CN2CCC(Nc3ccc(C(F)(F)F)nn3)CC2)cc1F,-3.0640834359636,training
CCN1C(=O)c2ccccc2[S+](O)c2ccc(C(=O)NCc3ccc(OC)cc3)cc21,-3.27875360095283,training
CCN1C(=O)c2ccccc2[S@@+](O)c2ccc(C(=O)NCc3ccc(F)cc3)cc21,-2.36172783601759,training
CCN1C(=O)c2ccccc2[S@@+](O)c2ccc(C(=O)NCc3ccc(C#N)cc3)cc21,-2.11394335230684,training
CCN1C(=O)c2ccccc2[S@@+](O)c2ccc(C(=O)N[C@H](C)c3ccc(Br)cc3)cc21,-2.94448267215017,training
CCN1C(=O)c2ccccc2[S@@+](O)c2ccc(C(=O)N[C@H](C)c3ccc4ccccc4c3)cc21,-3.53147891704225,training
CN1C(=O)c2ccccc2[S@@+](O)c2ccc(C(=O)NCc3ccc(Br)cc3)cc21,-2.56820172406699,training
CN1C(=O)c2ccccc2[S@@+](O)c2ccc(C(=O)NCc3cccnc3)cc21,-4.32221929473392,training
CN1C(=O)c2ccccc2[S@@+](O)c2ccc(C(=O)NCCN3CCCC3)cc21,-2.54406804435028,training
CN1CN(c2ccccc2)C2(CCN(CCCC(=O)c3ccc(F)cc3)CC2)C1=O,0.576754126063192,valid
CCCN(CC[C@]1(O)C[C@@H](NC(=O)c2ccc3ccccc3c2)C1)[C@H]1C[C@@H]1c1cccc(Cl)c1,-1.57863920996807,training
CCCN(CC[C@]1(O)C[C@@H](NC(=O)c2ccc3ccccc3c2)C1)[C@H]1C[C@@H]1c1ccccc1Cl,-1.34439227368511,training
O[S+](CCCN1CCN(c2ccc(Cl)cc2)CC1)c1ccc(F)cc1,-3.12855434619916,training
Fc1ccc2c(c1)CC(CCN1CCN(c3ccc(Cl)cc3)CC1)C2,-3.44279322593977,training
FC(F)(F)c1ccc(OCCCN2CCN(c3ccccn3)CC2)cc1,-2.55011211785172,training
Cc1ccc(N2CCN(CCCOc3ccc(F)cc3)CC2)nc1,-2.28615321107377,training
Cc1ccc(N2CCN(CCCSc3ccc(F)cc3)CC2)nc1,-2.21549215749841,training
Cc1ccc(N2CCN(CCCCc3ccc(F)cc3)CC2)nc1,-2.19657684485223,training
Clc1ccc(N2CCN(CCCCc3nc4ccccc4s3)CC2)cc1,-1.49136169383427,training
Clc1ccc(N2CCN(CCCc3nc4ccccc4s3)CC2)cc1,-2.33041377334919,training
Clc1ccc(N2CCN(CCCCCc3nc4ccccc4o3)CC2)cc1,-2.07554696139253,training
Clc1ccc(N2CCN(CCCCc3nc4ccccc4o3)CC2)cc1,-1.51851393987789,training
Clc1ccc(N2CCN(CCCc3nc4ccccc4o3)CC2)cc1,-2.25527250510331,training
Clc1ccc(N2CCN(CCc3nc4ccccc4o3)CC2)cc1,-2.92941892571429,training
Clc1ccc(N2CCN(CCCc3cc4ccccc4o3)CC2)cc1,-3.35983548233989,training
Clc1ccc(N2C[C@H]3C[C@@H]2CN3CCCc2cc3ccccc3o2)cc1,-2.82652830634065,training
Clc1ccc(N2CCCN(CCCc3cc4ccccc4o3)CC2)cc1,-3.16494737262184,valid
c1cnc(N2CCN(CCCCc3nc4ccccc4s3)CC2)nc1,-2.0,training
CN(C)C(=O)N[C@H]1CC[C@H](CCN2CCN(c3cccc(Cl)c3Cl)CC2)CC1,0.744124726608533,training
Clc1cccc(N2CCN(CCCCOc3ccn4nccc4c3)CC2)c1Cl,-0.845098040014257,test
Clc1cccc(N2CCN(CCCCOc3cccn4nccc34)CC2)c1Cl,-1.0,training
Clc1cccc(N2CCN(CCCCOc3ccc4ccnn4c3)CC2)c1Cl,-0.361727836017593,training
Clc1cccc(N2CCN(CCCCOc3cccc4ccnn34)CC2)c1Cl,-0.857332496431268,training
Clc1cccc(N2CCN(CCCCOc3cc4ccccn4n3)CC2)c1Cl,-0.544068044350276,valid
CCOC(=O)c1cc2cc(OCCCCN3CCN(c4cccc(Cl)c4Cl)CC3)ccn2n1,-0.322219294733919,training
OCc1cc2cc(OCCCCN3CCN(c4cccc(Cl)c4Cl)CC3)ccn2n1,-0.113943352306837,training
O=Cc1cnn2ccc(OCCCCN3CCN(c4cccc(Cl)c4Cl)CC3)cc12,-0.838849090737255,training
O=Cc1cnn2cccc(OCCCCN3CCN(c4cccc(Cl)c4Cl)CC3)c12,-1.30102999566398,training
O=Cc1cnn2cc(OCCCCN3CCN(c4cccc(Cl)c4Cl)CC3)ccc12,-0.301029995663981,test
O=Cc1cnn2c(OCCCCN3CCN(c4cccc(Cl)c4Cl)CC3)cccc12,-0.806179973983887,training
O=Cc1c(OCCCCN2CCN(c3cccc(Cl)c3Cl)CC2)nn2ccccc12,-0.770852011642144,training
O=Cc1cc2cc(OCCCCN3CCN(c4cccc(Cl)c4Cl)CC3)ccn2n1,-0.778151250383644,training
O/N=C/c1cnn2ccc(OCCCCN3CCN(c4cccc(Cl)c4Cl)CC3)cc12,-0.174641192660449,training
O/N=C/c1cc2cc(OCCCCN3CCN(c4cccc(Cl)c4Cl)CC3)ccn2n1,0.065501548756432,test
N#Cc1cnn2ccc(OCCCCN3CCN(c4cccc(Cl)c4Cl)CC3)cc12,-0.176091259055681,training
N#Cc1cc2cc(OCCCCN3CCN(c4cccc(Cl)c4Cl)CC3)ccn2n1,-0.278753600952829,valid
O=C(NCCC(CF)N1CCN(c2cccc(Cl)c2Cl)CC1)c1cc2ccccc2o1,-2.7481880270062,training
O=S(=O)(NCCCCN1CCC(c2noc3cc(F)ccc23)CC1)c1cc2ccccc2s1,-0.041392685158225,training
COc1ccccc1N1CCN(CCCc2cn(-c3ccc(-c4ccsc4)cc3)nn2)CC1,-0.949390006644913,training
COc1ccccc1N1CCN(CCCCCc2cn(-c3cccc4cnccc34)nn2)CC1,-0.255272505103306,training
COc1ccccc1N1CCN(CCCCc2cn(-c3cccc4cnccc34)nn2)CC1,-0.568201724066995,training
COc1ccccc1N1CCN(CCCc2cn(-c3cccc4cnccc34)nn2)CC1,-1.55990662503611,training
COc1ccccc1N1CCN(CCCCCc2cn(-c3ccccc3)nn2)CC1,-0.491361693834273,training
COc1ccccc1N1CCN(CCCCc2cn(-c3ccccc3)nn2)CC1,-0.704150516839799,training
COc1ccccc1N1CCN(CCCc2cn(-c3ccccc3)nn2)CC1,-1.34635297445064,training
COc1ccccc1N1CCN(CCCCc2cn(-c3ccc(-c4ccsc4)cc3)nn2)CC1,-0.913813852383717,valid
COc1ccccc1N1CCN(CCCCCc2cn(-c3ccc(-c4ccsc4)cc3)nn2)CC1,-0.799340549453582,training
COc1ccccc1N1CCN(CCCc2cn(-c3ccc(F)cc3)nn2)CC1,-1.42324587393681,training
COc1ccccc1N1CCN(CCCCc2cn(-c3ccc(F)cc3)nn2)CC1,-0.812913356642856,valid
COc1ccccc1N1CCN(CCCCCc2cn(-c3ccc(F)cc3)nn2)CC1,-0.505149978319906,training
COc1ccccc1N1CCN(CCCc2cn(-c3ccccc3OC)nn2)CC1,-1.96894968098134,valid
COc1ccccc1N1CCN(CCCCc2cn(-c3ccccc3OC)nn2)CC1,-1.40483371661994,training
COc1ccccc1N1CCN(CCCCCc2cn(-c3ccccc3OC)nn2)CC1,-1.32428245529769,training
COc1ccccc1N1CCN(CCCc2cn(-c3ccc(N(C)C)cc3)nn2)CC1,-1.47129171105894,training
COc1ccccc1N1CCN(CCCCc2cn(-c3ccc(N(C)C)cc3)nn2)CC1,-1.1430148002541,training
COc1ccccc1N1CCN(CCCCCc2cn(-c3ccc(N(C)C)cc3)nn2)CC1,-0.826074802700826,training
COc1ccccc1N1CCN(CCCc2cn(-c3ccc(SC)cc3)nn2)CC1,-0.982271233039568,training
COc1ccccc1N1CCN(CCCCc2cn(-c3ccc(SC)cc3)nn2)CC1,-0.322219294733919,training
COc1ccccc1N1CCN(CCCCCc2cn(-c3ccc(SC)cc3)nn2)CC1,-0.361727836017593,training
COc1ccccc1N1CCN(CCCc2cn(-c3ccccc3O)nn2)CC1,-0.832508912706236,training
COc1ccccc1N1CCN(CCCCc2cn(-c3ccccc3O)nn2)CC1,-0.462397997898956,training
CC(C)(C)c1nc(N2CCN(CCCCNC(=O)[C@H]3CC[C@H](c4ccccc4)CC3)CC2)cc(C(F)(F)F)n1,-0.973127853599699,test
CC(C)(C)c1nc(N2CCN(CCCCNC(=O)C3CCN(Cc4ccccc4)CC3)CC2)cc(C(F)(F)F)n1,-1.55630250076729,training
CC(C)(C)c1nc(N2CCN(CCCCNC(=O)C3CCN(c4ccccc4)CC3)CC2)cc(C(F)(F)F)n1,-1.50514997831991,training
CC(C)(C)c1nc(N2CCN(CCCCNC(=O)c3cn4c(CO)cccc4n3)CC2)cc(C(F)(F)F)n1,-1.65321251377534,training
CN(C)Cc1c(C(=O)NCCCCN2CCN(c3cc(C(F)(F)F)nc(C(C)(C)C)n3)CC2)nc2ccccn12,-1.28668096935493,valid
CN(C)Cc1c(C(=O)NCCCCN2CCN(c3cc(C(F)(F)F)nc(C(C)(C)C)n3)CC2)[nH]c2ccccc12,-1.39794000867204,training
CC(C)(C)c1nc(N2CCN(CCCCNC(=O)c3sc4ncccc4c3N)CC2)cc(C(F)(F)F)n1,-1.54406804435028,training
CC(C)(C)c1nc(N2CCN(CCCCNC(=O)c3cn4nc(Cl)ccc4n3)CC2)cc(C(F)(F)F)n1,-1.0,training
CC(C)(C)c1nc(N2CCN(CCCCNC(=O)c3cn4ccncc4n3)CC2)cc(C(F)(F)F)n1,-0.903089986991943,training
CC(C)(C)c1nc(N2CCN(CCCCNC(=O)c3cn4cccnc4n3)CC2)cc(C(F)(F)F)n1,-1.07918124604762,training
CC(C)(C)c1nc(N2CCN(CCCCNC(=O)c3cc4cccnc4s3)CC2)cc(C(F)(F)F)n1,-1.50514997831991,test
CC(C)(C)c1nc(N2CCN(CCCCNC(=O)c3nc4ccccc4[nH]3)CC2)cc(C(F)(F)F)n1,-0.633468455579586,training
CC(C)(C)c1nc(N2CCN(CCCCNC(=O)c3cc4ccccc4[nH]3)CC2)cc(C(F)(F)F)n1,-1.04139268515823,training
CC(C)(C)c1nc(C2CC2)cc(N2CCN(CCCCNC(=O)c3cn4ccccc4n3)CC2)n1,-0.924279286061882,training
CC(C)(C)c1cc(N2CCN(CCCCNC(=O)c3cn4ccccc4n3)CC2)nc(C(C)(C)C)n1,-1.27875360095283,test
Cc1cc(N2CCN(CCCCNC(=O)c3cn4ccccc4n3)CC2)nc(C(C)(C)C)n1,-0.968482948553935,training
Cc1nc(N2CCN(CCCCNC(=O)c3cn4ccccc4n3)CC2)cc(C(C)(C)C)n1,-2.12710479836481,test
Cc1cc(N2CCN(CCCCNC(=O)c3cn4ccccc4n3)CC2)nc(C(F)(F)F)n1,-2.17026171539496,training
Cc1nc(N2CCN(CCCCNC(=O)c3cn4ccccc4n3)CC2)cc(C(F)(F)F)n1,-3.3040594662176,training
CC(C)(C)c1nc(N2CCN(CCCCNC(=O)c3cn4ccccc4n3)CC2)c2ccccc2n1,-1.89209460269048,training
O=C(NCCCCN1CCN(c2ncnc3ccccc23)CC1)c1cn2ccccc2n1,-2.40312052117582,training
O=C(NCCCCN1CCN(c2ccc3ccccc3n2)CC1)c1cn2ccccc2n1,-1.88649072517248,training
O=C(NCCCCN1CCN(c2ccnc3cc(Cl)ccc23)CC1)c1cn2ccccc2n1,-1.46239799789896,training
O=C(NCCCCN1CCN(c2ccnc3cc(C(F)(F)F)ccc23)CC1)c1cn2ccccc2n1,-1.99563519459755,training
O=C(NCCCCN1CCN(c2cc(C(F)(F)F)nc3ccccc23)CC1)c1cn2ccccc2n1,-2.71933128698373,training
O=C(NCCCCN1CCN(c2ccnc3ccccc23)CC1)c1cn2ccccc2n1,-1.30102999566398,training
CC(C)(C)c1cc(N2CCN(CCCCNC(=O)c3cn4ccccc4n3)CC2)cc(C(C)(C)C)c1,-2.09342168516224,training
N#Cc1cc(N2CCN(CCCCNC(=O)c3cn4ccccc4n3)CC2)cc(C(F)(F)F)c1,-0.806179973983887,test
O=C(NCCCCN1CCN(c2cccc(C(F)(F)F)c2)CC1)c1cn2ccccc2n1,-0.462397997898956,training
O=C(NCCCCN1CCN(c2cccc(Cl)c2Cl)CC1)c1cn2ccccc2n1,0.522878745280338,test
COc1ccccc1N1CCN(CCCCNC(=O)c2cn3ccccc3n2)CC1,-0.544068044350276,training
O=C(NCCCCN1CCN(c2ccccc2)CC1)c1cn2ccccc2n1,-1.0,training
O=C(CCC(=O)OC1(c2ccc(Cl)cc2)CCN(CCCC(=O)c2ccc(F)cc2)CC1)OC1(c2ccc(Cl)cc2)CCN(CCCC(=O)c2ccc(F)cc2)CC1,-1.14612803567824,training
O=C(CCCC(=O)OC1(c2ccc(Cl)cc2)CCN(CCCC(=O)c2ccc(F)cc2)CC1)OC1(c2ccc(Cl)cc2)CCN(CCCC(=O)c2ccc(F)cc2)CC1,-1.49136169383427,test
O=C(CCCCC(=O)OC1(c2ccc(Cl)cc2)CCN(CCCC(=O)c2ccc(F)cc2)CC1)OC1(c2ccc(Cl)cc2)CCN(CCCC(=O)c2ccc(F)cc2)CC1,-1.04139268515823,training
O=C(CCCCCC(=O)OC1(c2ccc(Cl)cc2)CCN(CCCC(=O)c2ccc(F)cc2)CC1)OC1(c2ccc(Cl)cc2)CCN(CCCC(=O)c2ccc(F)cc2)CC1,-1.04139268515823,training
O=C(CCCCCCC(=O)OC1(c2ccc(Cl)cc2)CCN(CCCC(=O)c2ccc(F)cc2)CC1)OC1(c2ccc(Cl)cc2)CCN(CCCC(=O)c2ccc(F)cc2)CC1,-0.806179973983887,training
O=C(CCCCCCCC(=O)OC1(c2ccc(Cl)cc2)CCN(CCCC(=O)c2ccc(F)cc2)CC1)OC1(c2ccc(Cl)cc2)CCN(CCCC(=O)c2ccc(F)cc2)CC1,-0.959041392321094,training
O=C(CCCCCCCCC(=O)OC1(c2ccc(Cl)cc2)CCN(CCCC(=O)c2ccc(F)cc2)CC1)OC1(c2ccc(Cl)cc2)CCN(CCCC(=O)c2ccc(F)cc2)CC1,-1.5910646070265,training
Cc1ccc(C(=O)OC2(c3ccc(Cl)cc3)CCN(CCCC(=O)c3ccc(F)cc3)CC2)cc1,-2.43136376415899,training
CC(=O)OC1(c2ccc(Cl)cc2)CCN(CCCC(=O)c2ccc(F)cc2)CC1,-1.7481880270062,training
CCC(=O)OC1(c2ccc(Cl)cc2)CCN(CCCC(=O)c2ccc(F)cc2)CC1,-1.61278385671974,test
CCCCCCCCCC(=O)OC1(c2ccc(Cl)cc2)CCN(CCCC(=O)c2ccc(F)cc2)CC1,-0.544068044350276,training
O=C(CCN1CCN(CCC(=O)OC2(c3ccc(Cl)cc3)CCN(CCCC(=O)c3ccc(F)cc3)CC2)CC1)OC1(c2ccc(Cl)cc2)CCN(CCCC(=O)c2ccc(F)cc2)CC1,-0.977723605288848,training
CN(CCC(=O)OC1(c2ccc(Cl)cc2)CCN(CCCC(=O)c2ccc(F)cc2)CC1)CCN(C)CCC(=O)OC1(c2ccc(Cl)cc2)CCN(CCCC(=O)c2ccc(F)cc2)CC1,-1.67209785793572,training
CN(C)CCC(=O)OC1(c2ccc(Cl)cc2)CCN(CCCC(=O)c2ccc(F)cc2)CC1,-1.47712125471966,training
O=C(CCc1cn(CCCCCCCCn2cc(CCC(=O)OC3(c4ccc(Cl)cc4)CCN(CCCC(=O)c4ccc(F)cc4)CC3)nn2)nn1)OC1(c2ccc(Cl)cc2)CCN(CCCC(=O)c2ccc(F)cc2)CC1,-0.255272505103306,training
O=C(CCc1cn(CCCCCCCCCCn2cc(CCC(=O)OC3(c4ccc(Cl)cc4)CCN(CCCC(=O)c4ccc(F)cc4)CC3)nn2)nn1)OC1(c2ccc(Cl)cc2)CCN(CCCC(=O)c2ccc(F)cc2)CC1,-0.770852011642144,test
O=C(CCC(=O)N1CCC(O)(c2ccc(Cl)cc2)CC1)c1ccc(F)cc1,-3.23044892137827,training
CC(C)Cc1ccc(CCNC[C@H](O)c2ccc(O)c3[nH]c(=O)sc23)cc1,-2.06069784035361,training
CCCCc1cccc(CCNC[C@H](O)c2ccc(O)c3[nH]c(=O)sc23)c1,-1.86332286012046,training
CCCCOc1ccc(CCNC[C@H](O)c2ccc(O)c3[nH]c(=O)sc23)cc1,-2.11058971029925,test
CCCCOc1cccc(CCNC[C@H](O)c2ccc(O)c3[nH]c(=O)sc23)c1,-2.15836249209525,training
CCCc1cccc(CCNC[C@H](O)c2ccc(O)c3[nH]c(=O)sc23)c1,-2.18184358794477,training
CCCc1ccc(CCNC[C@H](O)c2ccc(O)c3[nH]c(=O)sc23)cc1,-2.17318626841227,training
CCc1cccc([C@H]2CCC[C@H]2NC[C@H](O)c2ccc(O)c3[nH]c(=O)sc23)c1,-2.67851837904011,training
Cc1ccc([C@H]2CCC[C@H]2NC[C@H](O)c2ccc(O)c3[nH]c(=O)sc23)cc1,-2.70070371714502,training
Cc1cccc([C@H]2CCC[C@H]2NC[C@H](O)c2ccc(O)c3[nH]c(=O)sc23)c1,-2.4456042032736,training
Cc1ccccc1[C@H]1CCC[C@H]1NC[C@H](O)c1ccc(O)c2[nH]c(=O)sc12,-2.75966784468963,training
O=c1[nH]c2c(O)ccc([C@@H](O)CN[C@@H]3CCC[C@@H]3c3ccccc3)c2s1,-2.70926996097583,valid
O=c1[nH]c2c(O)ccc([C@@H](O)CN[C@@H]3CCC[C@@H]3CCc3ccccc3)c2s1,-2.07918124604762,training
CC(C)[C@H]1CCC[C@H]1NC[C@H](O)c1ccc(O)c2[nH]c(=O)sc12,-2.70926996097583,training
O=c1[nH]c2c(O)ccc([C@@H](O)CN[C@H]3CCC[C@@H]3OCc3ccccc3)c2s1,-2.95182303531591,training
OCc1cc(C(O)CNCCCCCCOCCCCc2ccccc2)ccc1O,-3.02077548819356,training
COc1ccc(CC(C)NCC(O)c2ccc(O)c(NC=O)c2)cc1,-3.21112054125805,training
CCc1cc2c(cc1CC)CC(NC[C@H](O)c1ccc(O)c3[nH]c(=O)ccc13)C2,-3.02036128264771,training
OC1(c2ccc(Cl)cc2)CC2CCC(C1)N2CCCSc1ccc(F)cc1,0.154901959985743,test
OC1(c2ccc(Cl)cc2)CC2CCC(C1)N2CCCSc1cccc(F)c1,-1.04139268515823,training
OC1(c2ccc(Cl)cc2)CC2CCC(C1)N2CCCSc1ccccc1F,-0.113943352306837,training
CCCCc1cc2c(s1)C[C@H]1c3cc(O)c(OC)cc3CCN1C2,-1.60053729436447,test
COc1cc2c(cc1O)[C@@H]1Cc3sc(CC(C)C)cc3CN1CC2,-1.29950729870049,training
Cc1cccc(N2CCN(CCCCNC(=O)c3cc4ccccc4o3)CC2)c1C,0.397940008672038,training
O=C(NCCCCN1CCN(c2ccccc2)CC1)c1cc2ccccc2o1,-0.602059991327962,training
COc1cccc(N2CCN(CCCCNC(=O)c3cc4ccccc4o3)CC2)c1,-0.944482672150169,test
Cc1cccc(N2CCN(CCCCNC(=O)c3cc4ccccc4o3)CC2)n1,-1.38021124171161,test
O=C(NCCCCN1CCN(Cc2ccccc2)CC1)c1cc2ccccc2o1,-2.7481880270062,training
O=C(NCCCCN1CCN(c2ccccc2F)CC1)c1cc2ccccc2o1,0.522878745280338,training
O=C(NCCCCN1CCN(c2cccc(C(F)(F)F)c2)CC1)c1cc2ccccc2[nH]1,0.698970004336019,training
COc1cccc(N2CCN(CCCCNC(=O)c3c[nH]c4ccccc34)CC2)c1,-1.60205999132796,training
COc1cccc(N2CCN(CCCCNC(=O)c3cc4ccccc4n3C)CC2)c1,-0.230448921378274,training
O=C(NCCCCN1CCN(c2ccccc2)CC1)c1cc2ccccc2cn1,-1.07918124604762,training
Cc1cccc(N2CCN(CCCCNC(=O)c3cc4ccccc4cn3)CC2)c1,-0.698970004336019,training
COc1cccc(N2CCN(CCCCNC(=O)c3cc4ccccc4cn3)CC2)c1,-0.973127853599699,training
O=C(NCCCCN1CCN(c2ccccn2)CC1)c1cc2ccccc2cn1,-1.61278385671974,training
Cc1cccc(N2CCN(CCCCNC(=O)c3cc4ccccc4cn3)CC2)n1,-1.66275783168157,training
O=C(NCCCCN1CCN(c2ncccn2)CC1)c1cc2ccccc2cn1,-2.3096301674259,training
O=C(NCCCCN1CCN(c2cnc3ccccc3c2)CC1)c1cc2ccccc2cn1,-1.14612803567824,training
O=C(NCCCCN1CCN(c2cccc(F)c2)CC1)c1cc2ccccc2cn1,-0.477121254719662,training
O=C(NCCCCN1CCN(c2ccc(F)cc2)CC1)c1cc2ccccc2cn1,-1.20411998265592,training
O=C(NCCCCN1CCN(c2ccc(O)cc2)CC1)c1cc2ccccc2cn1,-1.38021124171161,training
O=C(NCCCCN1CCN(c2ccccc2)CC1)c1ccc2ccccc2n1,-1.78532983501077,training
Cc1cccc(N2CCN(CCCCNC(=O)c3ccc4ccccc4n3)CC2)c1,-1.72427586960079,training
COc1cccc(N2CCN(CCCCNC(=O)c3ccc4ccccc4n3)CC2)c1,-1.49136169383427,training
O=C(NCCCCN1CCN(c2ccccn2)CC1)c1ccc2ccccc2n1,-2.26951294421792,training
O=C(NCCCCN1CCN(c2ccccc2)CC1)c1ccc2ncccc2c1,0.221848749616356,test
Cc1cccc(N2CCN(CCCCNC(=O)c3ccccc3)CC2)n1,-1.86332286012046,test
COc1cccc(N2CCN(CCCCNC(=O)c3ccccc3)CC2)n1,-1.74036268949424,training
O=C(NCCCCN1CCN(c2cccc3ccccc23)CC1)c1ccccc1,0.045757490560675,training
O=C(NCCCCN1CCN(c2cnc3ccccc3c2)CC1)c1ccccc1,-1.60205999132796,training
O=C(NCCCCN1CCN(c2ccccc2)CC1)c1ccccn1,-2.15836249209525,training
COc1cccc(N2CCN(CCCCNC(=O)c3ccccn3)CC2)c1,-2.33041377334919,training
COc1cccc(N2CCN(CCCCNC(=O)c3ccccn3)CC2)n1,-2.30102999566398,training
COc1cccc(N2CCN(CCCCNC(=O)c3cccc(C)n3)CC2)c1,-1.43136376415899,training
O=C(NCCCCN1CCN(c2ccccc2)CC1)c1cccnc1,-1.79239168949825,training
N#Cc1cc(N2CCN(CC[C@H]3CC[C@H](NC(N)=O)CC3)CC2)cc(C(F)(F)F)c1,0.1249387366083,valid
N#Cc1cc(N2CCN(CC[C@H]3CC[C@H](NC(=O)CN)CC3)CC2)cc(C(F)(F)F)c1,0.207608310501746,test
N#Cc1cc(N2CCN(CC[C@H]3CC[C@H](NS(N)(=O)=O)CC3)CC2)cc(C(F)(F)F)c1,0.173925197299174,training
COc1ccc(CN2CCOC(CCc3ccccc3)C2)cc1,-3.44247976906445,training
Oc1ccc(CN2CCO[C@H](CCc3ccccc3)C2)cc1,-3.44247976906445,training
NC(=O)c1ccccc1OCCCN1CCN(c2cccc3c2ccn3S(=O)(=O)c2ccccc2)CC1,1.0,training
CCCCn1cc(CCCOc2ccc(C(=O)NCCCCN(CCC)CCc3ccc(O)c4[nH]c(=O)ccc34)cc2OC)nn1,-0.204119982655925,valid
COc1ccccc1N1CCN(CCCCNC(=O)/N=N/c2ccc(F)cc2)CC1,-0.484299839346786,valid
COc1ccccc1N1CCN(CCCCNC(=O)/N=N/c2ccc(F)c(F)c2)CC1,0.142667503568732,training
COc1ccccc1N1CCN(CCCCNC(=O)/N=N/c2cc(F)c(F)c(F)c2)CC1,-0.146128035678238,training
CCCN(CCCCNC(=O)/C=C/c1ccc(F)cc1)C1Cc2ccccc2C1,0.508638306165727,training
CCCN(CCCCNC(=O)/N=N/c1ccc(F)cc1)C1Cc2ccccc2C1,0.070581074285707,valid
CCCN(CCCCNC(=O)/N=N/c1ccc(F)c(F)c1)C1Cc2ccccc2C1,-0.301029995663981,training
CCCN(CCCCNC(=O)/N=N/c1cc(F)c(F)c(F)c1)C1Cc2ccccc2C1,-0.690196080028514,training
CCCN(CCNC(=O)/C=C/c1ccc(F)cc1)C1Cc2ccccc2C1,-1.14612803567824,training
CCCN(CCNC(=O)/N=N/c1ccc(F)cc1)C1Cc2ccccc2C1,-0.146128035678238,training
CCCN(CCNC(=O)/N=N/c1ccc(F)c(F)c1)C1Cc2ccccc2C1,-0.447158031342219,training
CCCN(CCNC(=O)/N=N/c1cc(F)c(F)c(F)c1)C1Cc2ccccc2C1,-1.93951925261862,valid
COc1ccccc1N1CCN(CCCCc2cn(-c3ccc4ccccc4c3)nn2)CC1,-0.46686762035411,valid
COc1ccccc1N1CCN(CCCCc2cn(-c3ccc4c(c3)Cc3ccccc3-4)nn2)CC1,-0.201397124320451,training
COc1ccccc1N1CCN(CCCCc2cn(-c3ccc4[nH]ccc4c3)nn2)CC1,-0.491361693834273,training
COc1ccccc1N1CCN(CCCCc2cn(-c3ccc4cnccc4c3)nn2)CC1,-1.11727129565576,training
Clc1cccc(N2CCN(CCCCc3cn(-c4ccc5ccccc5c4)nn3)CC2)c1Cl,-0.57978359661681,training
Clc1cccc(N2CCN(CCCCc3cn(-c4ccc5c(c4)Cc4ccccc4-5)nn3)CC2)c1Cl,-0.703291378118661,training
Clc1cccc(N2CCN(CCCCc3cn(-c4ccc5[nH]ccc5c4)nn3)CC2)c1Cl,0.0,training
COc1ccccc1N1CCN(CCCCn2cc(-c3ccc4ccccc4c3)nn2)CC1,-1.04532297878666,training
COc1ccccc1N1CCN(CCCCn2cc(-c3ccc4c(c3)Cc3ccccc3-4)nn2)CC1,-0.744292983122676,training
COc1ccccc1N1CCN(CCCCn2cc(-c3ccc4[nH]ccc4c3)nn2)CC1,-0.738780558484369,training
COc1ccccc1N1CCN(CCCCn2cc(-c3ccc4ncccc4c3)nn2)CC1,-0.828015064223977,training
COc1ccccc1N1CCN(CCCCn2cc(-c3ccc(-c4ccccc4)cc3)nn2)CC1,-0.769377326076139,training
Clc1cccc(N2CCN(CCCCn3cc(-c4ccc5ccccc5c4)nn3)CC2)c1Cl,-0.886490725172482,training
Clc1cccc(N2CCN(CCCCn3cc(-c4ccc5c(c4)Cc4ccccc4-5)nn3)CC2)c1Cl,-1.14612803567824,training
Clc1cccc(N2CCN(CCCCn3cc(-c4ccc5[nH]ccc5c4)nn3)CC2)c1Cl,-0.167317334748176,valid
Clc1cccc(N2CCN(CCCCn3cc(-c4ccc5ncccc5c4)nn3)CC2)c1Cl,-0.130333768495006,test
Clc1cccc(N2CCN(CCCCn3cc(-c4ccc(-c5ccccc5)cc4)nn3)CC2)c1Cl,-0.920123326290724,training
COc1ccccc1N1CCN(CC(O)CCn2cc(-c3ccc4ccccc4c3)nn2)CC1,-1.60959440922522,training
COc1ccccc1N1CCN(CC(O)CCn2cc(-c3ccc(-c4ccccc4)cc3)nn2)CC1,-1.48429983934679,training
COc1ccccc1N1CCN(CC(O)CCn2cc(-c3ccccc3)nn2)CC1,-2.2380461031288,training
COc1ccccc1-c1cn(CCC(O)CN2CCN(c3ccccc3OC)CC2)nn1,-2.69284691927723,training
COc1ccccc1N1CCN(CC(O)CCn2cc(-c3ccc4c(c3)Cc3ccccc3-4)nn2)CC1,-1.26717172840301,training
COc1ccccc1N1CCN(CC(O)CCn2cc(-c3ccc4ncccc4c3)nn2)CC1,-1.83378437465648,training
OC(CCn1cc(-c2ccc3ccccc3c2)nn1)CN1CCN(c2cccc(Cl)c2Cl)CC1,-1.40140054078154,valid
OC(CCn1cc(-c2ccc(-c3ccccc3)cc2)nn1)CN1CCN(c2cccc(Cl)c2Cl)CC1,-1.74663419893758,training
COc1ccccc1N1CCN(CC(O)CCn2cc(-c3ccc4[nH]ccc4c3)nn2)CC1,-1.52633927738984,test
OC(CCn1cc(-c2ccc3[nH]ccc3c2)nn1)CN1CCN(c2cccc(Cl)c2Cl)CC1,-0.76715586608218,training
OC(CCn1cc(-c2ccc3ncccc3c2)nn1)CN1CCN(c2cccc(Cl)c2Cl)CC1,-1.25527250510331,training
O=C(NCCC(O)CN1CCN(c2cccc(Cl)c2Cl)CC1)c1ccc2c(c1)-c1ccccc1C2,0.632644078973981,training
Cc1ccc(Cl)c(N2CCN(CCCCNC(=O)c3ccc4oc(=O)[nH]c4c3)CC2)c1,-0.41077723337721,training
COc1c(Cl)cccc1N1CCN(CCCCNC(=O)c2cc3ccccc3[nH]2)CC1,0.406713932979543,training
COc1c(Cl)cccc1N1CCN(CCCCNC(=O)c2cc3ccccc3o2)CC1,0.042392712939905,training
O=C(NCCCCN1CCN(c2cccc3ccccc23)CC1)c1cc2ccccc2[nH]1,0.928117992693875,training
COc1ccc2[nH]c(C(=O)NCCCCN3CCN(c4cccc5ccccc45)CC3)cc2c1,0.761953896871205,training
O=C(NCCCCN1CCN(c2cccc3ccccc23)CC1)c1cc2ccccc2o1,0.612610173661271,training
O=C(NCCCCN1CCN(c2cccc3ccccc23)CC1)c1cc2ccccc2s1,0.892790030352132,training
COc1ccccc1N1CCN(CCCCNC(=O)c2ccc3ccccc3n2)CC1,-0.539076098792777,training
COc1ccccc1N1CCN(CC(O)CCNC(=O)c2ccc3ccccc3n2)CC1,-1.99078269180314,training
COc1ccccc1N1CCN(CCCCNC(=O)c2ccc3cc(F)ccc3n2)CC1,-0.399673721481038,training
COc1ccccc1N1CCN(CC(O)CCNC(=O)c2ccc3cc(F)ccc3n2)CC1,-1.72509452108147,training
COc1ccccc1N1CCN(CC(O)CCNC(=O)c2cnc3ccccc3c2)CC1,-1.52891670027765,training
COc1ccccc1N1CCN(CCCCNC(=O)c2cnc3ccc(F)cc3c2)CC1,-0.330413773349191,valid
COc1ccccc1N1CCN(CC(O)CCNC(=O)c2cnc3ccc(F)cc3c2)CC1,-1.65127801399814,training
COc1ccccc1N1CCN(CC(O)CCNC(=O)c2cnc3ccc(C)cc3c2)CC1,-1.72345567203519,training
COc1ccc2ncc(C(=O)NCCC(O)CN3CCN(c4ccccc4OC)CC3)cc2c1,-1.84447717574568,training
COc1ccccc1N1CCN(CC(O)CCNC(=O)c2ccc3cccnc3c2)CC1,-1.57634135020579,training
O=C(NCCCCN1CCN(c2cccc3ccccc23)CC1)c1cnc2ccccc2c1,0.454692883534176,training
O=C(NCCC(O)CN1CCN(c2cccc3ccccc23)CC1)c1cnc2ccccc2c1,-0.559906625036112,training
COc1c(Cl)cccc1N1CCN(CCCCNC(=O)c2cnc3ccccc3c2)CC1,-0.298853076409707,training
COc1c(Cl)cccc1N1CCN(CC(O)CCNC(=O)c2cnc3ccccc3c2)CC1,-1.4996870826184,training
O=C(NCCCCN1CCN(c2cccc(Cl)c2Cl)CC1)c1cnc2ccc(F)cc2c1,0.244125144327509,training
O=C(NCCC(O)CN1CCN(c2cccc(Cl)c2Cl)CC1)c1cnc2ccc(F)cc2c1,-0.905795880367868,training
O=C(CCCCN1CCN(c2ccccc2F)CC1)Nc1nc2ccccc2s1,-0.591064607026499,valid
COc1ccc2nc(NC(=O)CCCCN3CCN(c4ccc(Cl)cc4)CC3)sc2c1,-0.973127853599699,training
OCCN1CCN(c2nc(Nc3ccc(Br)cc3)c3ccccc3n2)CC1,-2.75654482836001,training
CC(C)c1ccc(Nc2nc(N3CCN(CCO)CC3)nc3ccccc23)cc1,-3.05715240481542,training
OCCN1CCN(c2nc(NCc3ccccc3)c3ccccc3n2)CC1,-3.15706370038262,training
COc1ccccc1N1CCN(CCCc2cn(-c3ccn4nccc4c3)nn2)CC1,-1.88649072517248,training
O=Cc1cnn2ccc(-n3cc(CCCN4CCN(c5cccc(Cl)c5Cl)CC4)nn3)cc12,-1.07918124604762,training
O=Cc1cnn2ccc(-n3cc(CCCCN4CCN(c5cccc(Cl)c5Cl)CC4)nn3)cc12,-0.643452676486187,training
O=Cc1cnn2ccc(-n3cc(CCN4CCN(c5cccc(Cl)c5Cl)CC4)nn3)cc12,-1.50514997831991,training
COc1ccccc1N1CCN(CCc2cn(-c3ccn4ncc(C=O)c4c3)nn2)CC1,-0.929418925714293,training
Clc1cccc(N2CCN(CCc3cn(-c4ccn5nccc5c4)nn3)CC2)c1Cl,-0.342422680822206,training
Clc1cccc(N2CCN(CCCc3cn(-c4ccn5nccc5c4)nn3)CC2)c1Cl,-0.929418925714293,valid
Clc1cccc(N2CCN(CCCCc3cn(-c4ccn5nccc5c4)nn3)CC2)c1Cl,0.508638306165727,training
CCCN(CCN1CCN(Cc2cc3ccccc3[nH]2)CC1)Cc1ccc(OC)cc1,-3.66275783168157,test
Brc1ccc(CNCCN2CCN(Cc3cc4ccccc4[nH]3)CC2)cc1,-3.25527250510331,test
COc1ccc(CNCCN2CCN(Cc3cc4ccccc4[nH]3)CC2)cc1,-3.63346845557959,training
CCCN(CCN1CCN(CCc2c[nH]c3ccccc23)CC1)c1ccc(Br)cc1,-1.94939000664491,training
CCCN(CCN1CCN(CCc2c[nH]c3ccccc23)CC1)c1ccc(OC)cc1,-2.44715803134222,training
Brc1ccc(NCCN2CCN(CCc3c[nH]c4ccccc34)CC2)cc1,-2.30102999566398,valid
COc1ccc(NCCN2CCN(CCc3c[nH]c4ccccc34)CC2)cc1,-2.79239168949825,training
CCCN(CCN1CCN(Cc2cc3ccccc3[nH]2)CC1)c1ccc(Br)cc1,-2.77815125038364,training
CCCN(CCN1CCN(Cc2cc3ccccc3[nH]2)CC1)c1ccc(OC)cc1,-3.11394335230684,training
Brc1ccc(NCCN2CCN(Cc3cc4ccccc4[nH]3)CC2)cc1,-3.36172783601759,training
COc1ccc(NCCN2CCN(Cc3cc4ccccc4[nH]3)CC2)cc1,-4.25527250510331,training
CCCN(CCN1CCN(Cc2cc3ccccc3[nH]2)CC1)Cc1ccc(Br)cc1,-2.96848294855394,training
O=C(Nc1ccc(Cl)cc1)N[C@H]1CC[C@H](CCN2CCC(c3cccc4c3OCO4)CC2)CC1,-1.37346372163237,training
CC(C)(C)c1ccc(S(=O)(=O)N[C@H]2CC[C@H](CCN3CCC(c4coc5ccccc45)CC3)CC2)cc1,-1.08386080086657,training
O=C(N[C@H]1CC[C@H](CCN2CCN(c3cccc4c3OCO4)CC2)CC1)N1CCc2ccccc21,-0.303196057420489,training
O=C(N[C@H]1CC[C@H](CCN2CCC(c3coc4ccccc34)CC2)CC1)c1ccc(N2CCOCC2)nc1,-0.54282542695918,training
O=C(N[C@H]1CC[C@H](CCN2CCC(c3cccc4c3OCO4)CC2)CC1)C1CCCO1,-1.67724184594665,training
CS(=O)(=O)CC(=O)N[C@H]1CC[C@H](CCN2CCC(c3cccc4c3OCO4)CC2)CC1,-0.665580991017953,training
O=C(N[C@H]1CC[C@H](CCN2CCN(c3cccc4c3OCO4)CC2)CC1)C(F)(F)F,-0.691081492122968,training
Cc1cc(C(=O)N[C@H]2CC[C@H](CCN3CCN(c4nccc5c4CCO5)CC3)CC2)on1,-1.49276038902684,test
O=C(CC1CC1)N[C@H]1CC[C@H](CCN2CCN(c3cccc4c3OCO4)CC2)CC1,-0.089905111439398,training
O=C(CC1CCOCC1)N[C@H]1CC[C@H](CCN2CCC(c3coc4ccccc34)CC2)CC1,-0.496929648073215,training
O=C(N[C@H]1CC[C@H](CCN2CCC(c3coc4ccccc34)CC2)CC1)c1ccc(C(F)(F)F)cc1,-0.344392273685111,training
CN(C)C(=O)CCC(=O)N[C@H]1CC[C@H](CCN2CCC(c3coc4ccccc34)CC2)CC1,-0.385606273598312,training
Cc1cc(CC(=O)N[C@H]2CC[C@H](CCN3CCC(c4coc5ccccc45)CC3)CC2)on1,0.167491087293764,training
O=C(N[C@H]1CC[C@H](CCN2CCN(c3cccc4c3OCO4)CC2)CC1)C1CC(Cl)C1,-0.474216264076255,training
O=C(N[C@H]1CC[C@H](CCN2CCN(c3nccc4occc34)CC2)CC1)C1CCOCC1,-1.74585519517373,training
CC(C)(C)Oc1ccc(C(=O)N[C@H]2CC[C@H](CCN3CCN(c4nccc5c4CCO5)CC3)CC2)cc1,-1.84198480459011,training
CN(C)S(=O)(=O)N[C@H]1CC[C@H](CCN2CCC(c3coc4ccccc34)CC2)CC1,-0.480006942957151,training
CCCCC(=O)N[C@H]1CC[C@H](CCN2CCC(c3coc4ccccc34)CC2)CC1,-0.344392273685111,training
O=C(N[C@H]1CC[C@H](CCN2CCC(c3cccc4c3OCO4)CC2)CC1)C1CCOC1,-0.881384656770573,training
O=C(N[C@H]1CC[C@H](CCN2CCC(c3coc4ccccc34)CC2)CC1)c1ccc(Cl)cc1Cl,-0.640481436970422,test
O=C(N[C@H]1CC[C@H](CCN2CCC(c3coc4ccccc34)CC2)CC1)c1ccc(N2CCS(=O)(=O)CC2)cc1,-0.531478917042255,training
O=C(N[C@H]1CC[C@H](CCN2CCC(c3coc4ccccc34)CC2)CC1)C1CC1,-0.429752280002408,training
Cc1cnc(N2CCN(CC[C@H]3CC[C@H](NC(=O)CC4CCOCC4)CC3)CC2)c2c1OCC2,-1.84135947045486,training
O=C(N[C@H]1CC[C@H](CCN2CCN(c3nccc4c3CCO4)CC2)CC1)C(O)C(F)(F)F,-1.57863920996807,test
CCC(=O)N[C@H]1CC[C@H](CCN2CCC(c3coc4ccccc34)CC2)CC1,-0.089905111439398,training
O=C(N[C@H]1CC[C@H](CCN2CCN(c3cccc4c3OCO4)CC2)CC1)C1(O)CCCC1,-1.04257551244019,training
Cc1cc2c(c(N3CCN(CC[C@H]4CC[C@H](NC(=O)CC5CCOCC5)CC4)CC3)n1)CCO2,-1.2718416065365,valid
O=C(N[C@H]1CC[C@H](CCN2CCC(c3cccc4c3OCO4)CC2)CC1)c1ccc(F)cc1,-0.68930885912362,training
O=C(N[C@H]1CC[C@H](CCN2CCC(c3coc4ccccc34)CC2)CC1)C1CCCOC1,-0.769377326076139,training
O=C(N[C@H]1CC[C@H](CCN2CCC(c3cccc4c3CCO4)CC2)CC1)c1ccc2c(c1)OCO2,-0.544068044350276,training
O=C(N[C@H]1CC[C@H](CCN2CCN(c3nccc4occc34)CC2)CC1)c1ccnc2ccccc12,-1.3654879848909,training
O=C(N[C@H]1CC[C@H](CCN2CCN(c3cccc4c3OCO4)CC2)CC1)C1(O)CCCCC1,-1.19562294358694,test
Cc1cc2c(c(N3CCN(CC[C@H]4CC[C@H](NC(=O)C5CCOCC5)CC4)CC3)n1)CCO2,-1.53907609879278,test
CC(C)(O)CC(=O)N[C@H]1CC[C@H](CCN2CCC(c3cccc4c3CCO4)CC2)CC1,-0.801403710017355,training
O=C(CC1CCOCC1)N[C@H]1CC[C@H](CCN2CCN(c3nccc4occc34)CC2)CC1,-1.48144262850231,training
CS(=O)(=O)CC(=O)N[C@H]1CC[C@H](CCN2CCC(c3cccc4occc34)CC2)CC1,-0.361727836017593,training
O=C(CC1CCOCC1)N[C@H]1CC[C@H](CCN2CCN(c3nccc4sccc34)CC2)CC1,-0.431363764158987,training
O=C(N[C@H]1CC[C@H](CCN2CCC(c3cccc4c3OCO4)CC2)CC1)C1CCC1,-0.903089986991943,training
O=C(CC(F)(F)F)N[C@H]1CC[C@H](CCN2CCC(c3coc4ccccc34)CC2)CC1,0.00436480540245,test
O=C(CC1CCOCC1)N[C@H]1CC[C@H](CCN2CCN(c3nccc4c3CCO4)CC2)CC1,-1.39619934709574,test
O=C(N[C@H]1CC[C@H](CCN2CCC(c3cccc4c3CCO4)CC2)CC1)c1ccnc2ccccc12,-0.785329835010767,test
CN(C)C(=O)N[C@H]1CC[C@H](CCN2CCC(c3cccc4c3OCO4)CC2)CC1,-1.51745982654023,training
O=C(N[C@H]1CC[C@H](CCN2CCN(c3cccc4c3OCO4)CC2)CC1)C1CCC1,-0.294466226161593,training
Cc1cc(CC(=O)N[C@H]2CC[C@H](CCN3CCC(c4cccc5c4OCO5)CC3)CC2)on1,-0.075546961392531,test
O=C(N[C@H]1CC[C@H](CCN2CCC(c3coc4ccccc34)CC2)CC1)c1ccc(N2CCCCC2)cc1,-0.642464520242121,training
O=C(CO)N[C@H]1CC[C@H](CCN2CCN(c3cccc4c3OCO4)CC2)CC1,-0.227886704613674,training
O=C(C[C@H]1CC[C@H](O)CC1)N[C@H]1CC[C@H](CCN2CCN(c3nccc4sccc34)CC2)CC1,-0.778151250383644,training
COCCC(=O)N[C@H]1CC[C@H](CCN2CCN(c3ncc(C)c4c3CCO4)CC2)CC1,-1.67024585307412,training
COC(C)CC(=O)N[C@H]1CC[C@H](CCN2CCN(c3cccc4c3OCO4)CC2)CC1,-0.440909082065218,training
O=C(N[C@H]1CC[C@H](CCN2CCC(c3cccc4c3OCO4)CC2)CC1)c1ccc(Cl)cc1,-0.803457115648414,training
O=C(N[C@H]1CC[C@H](CCN2CCN(c3cccc4c3OCO4)CC2)CC1)c1ccc2c(c1)OCCO2,-0.661812685537261,training
O=C(N[C@H]1CC[C@H](CCN2CCC(c3cccc4c3CCO4)CC2)CC1)c1ccc(N2CCCCC2)cc1,-1.86033800657099,training
CC(C)(C)c1ccc(C(=O)N[C@H]2CC[C@H](CCN3CCC(c4cccc5c4CCO5)CC3)CC2)cc1,-1.13353890837022,test
O=C(N[C@H]1CC[C@H](CCN2CCC(c3coc4ccccc34)CC2)CC1)c1ccc(C2CCCCC2)cc1,-1.61626540528171,training
O=S(=O)(N[C@H]1CC[C@H](CCN2CCN(c3nccc4c3CCO4)CC2)CC1)c1ccccc1,-1.19033169817029,training
CC(C)CCC(=O)N[C@H]1CC[C@H](CCN2CCN(c3nccc4c3CCO4)CC2)CC1,-1.35602585719312,training
O=C(Cc1ccc2c(c1)OCO2)N[C@H]1CC[C@H](CCN2CCC(c3coc4ccccc34)CC2)CC1,-0.220108088040055,test
O=C(N[C@H]1CC[C@H](CCN2CCC(c3cccc4c3OCO4)CC2)CC1)C1COc2ccccc2C1,-0.828015064223977,valid
CN(C)C(=O)N[C@H]1CC[C@H](CCN2CCN(c3nccc4c3CCO4)CC2)CC1,-1.96754797621886,training
O=C(N[C@H]1CC[C@H](CCN2CCC(c3cccc4c3CCO4)CC2)CC1)c1ccc(N2CCOCC2)cc1,-1.02118929906994,test
O=C(N[C@H]1CC[C@H](CCN2CCC(c3cccc4c3OCO4)CC2)CC1)C1CC1(F)F,-0.887617300335736,training
O=C(CCO)N[C@H]1CC[C@H](CCN2CCN(c3nccc4c3CCO4)CC2)CC1,-1.06069784035361,test
O=C(N[C@H]1CC[C@H](CCN2CCN(c3nccc4c3CCO4)CC2)CC1)c1ccnc2ccccc12,-1.02938377768521,training
O=C(CO)N[C@H]1CC[C@H](CCN2CCN(c3nccc4occc34)CC2)CC1,-1.63346845557959,test
CCc1ccc(C(=O)N[C@H]2CC[C@H](CCN3CCC(c4coc5ccccc45)CC3)CC2)cc1,-0.123851640967086,training
N#CCC(=O)N[C@H]1CC[C@H](CCN2CCC(c3cccc4c3OCO4)CC2)CC1,-0.494154594018443,training
CC(C)CC(=O)N[C@H]1CC[C@H](CCN2CCN(c3nccc4c3CCO4)CC2)CC1,-1.03742649794062,test
O=C(N[C@H]1CC[C@H](CCN2CCC(c3cccc4c3CCO4)CC2)CC1)C1CC1(F)F,-0.982271233039568,training
O=C(N[C@H]1CC[C@H](CCN2CCN(c3cccc4c3OCO4)CC2)CC1)C1CC1(F)F,-0.406540180433955,training
CC(C)(O)C(=O)N[C@H]1CC[C@H](CCN2CCC(c3coc4ccccc34)CC2)CC1,-0.741151598851785,training
O=C(Cc1ccc2c(c1)OCO2)N[C@H]1CC[C@H](CCN2CCC(c3cccc4c3CCO4)CC2)CC1,-0.562292864456475,training
CC(C)(O)C(=O)N[C@H]1CC[C@H](CCN2CCN(c3nccc4c3CCO4)CC2)CC1,-2.28914283593233,valid
O=C(N[C@H]1CC[C@H](CCN2CCC(c3coc4ccccc34)CC2)CC1)C1CCOC1,-0.346352974450639,training
Cc1cc(C(=O)N[C@H]2CC[C@H](CCN3CCC(c4coc5ccccc45)CC3)CC2)on1,-0.626340367375042,training
O=C(N[C@H]1CC[C@H](CCN2CCN(c3nccc4c3CCO4)CC2)CC1)c1ccc(-c2ccccc2)cc1,-1.26951294421792,training
O=C(N[C@H]1CC[C@H](CCN2CCC(c3coc4ccccc34)CC2)CC1)c1ccc2c(c1)OCO2,-0.445604203273598,training
O=C(CC(F)(F)F)N[C@H]1CC[C@H](CCN2CCC(c3cccc4c3OCO4)CC2)CC1,-0.599883072073688,training
CC(C)(O)CC(=O)N[C@H]1CC[C@H](CCN2CCN(c3nccc4c3CCO4)CC2)CC1,-1.33445375115093,valid
O=C(CC1COC1)N[C@H]1CC[C@H](CCN2CCN(c3cccc4c3OCO4)CC2)CC1,-0.313867220369153,training
CC(C)(O)CC(=O)N[C@H]1CC[C@H](CCN2CCC(c3coc4ccccc34)CC2)CC1,-0.352182518111362,training
CCC(=O)N[C@H]1CC[C@H](CCN2CCN(c3nccc4c3CCO4)CC2)CC1,-0.986771734266245,training
O=C(N[C@H]1CC[C@H](CCN2CCC(c3cccc4c3OCO4)CC2)CC1)C1(O)CC1,-0.784617292632875,training
O=C(N[C@H]1CC[C@H](CCN2CCN(c3nccc4c3CCO4)CC2)CC1)C1CCCO1,-2.07918124604762,valid
COCCC(=O)N[C@H]1CC[C@H](CCN2CCN(c3nc(C)cc4occc34)CC2)CC1,-0.681241237375587,training
O=C(N[C@H]1CC[C@H](CCN2CCN(c3nccc4c3CCO4)CC2)CC1)C1(O)CCC1,-2.11793383503964,training
COCC(=O)N[C@H]1CC[C@H](CCN2CCC(c3cccc4occc34)CC2)CC1,-1.02118929906994,training
CC(C)C(=O)N[C@H]1CC[C@H](CCN2CCC(c3cccc4c3CCO4)CC2)CC1,-0.903089986991943,training
O=C(N[C@H]1CC[C@H](CCN2CCN(c3cccc4c3OCO4)CC2)CC1)C1CCOCC1,-0.651278013998144,test
CN(C)C(=O)CCC(=O)N[C@H]1CC[C@H](CCN2CCN(c3nccc4c3CCO4)CC2)CC1,-1.57518784492766,training
COCCC(=O)N[C@H]1CC[C@H](CCN2CCN(c3nccc4c3CCO4)CC2)CC1,-1.2405492482826,training
O=C(N[C@H]1CC[C@H](CCN2CCN(c3cccc4c3OCO4)CC2)CC1)c1cccnc1,-0.252853030979893,training
O=C(CC(F)(F)F)N[C@H]1CC[C@H](CCN2CCN(c3nccc4c3CCO4)CC2)CC1,-0.816241299991783,training
COC(C)(C)C(=O)N[C@H]1CC[C@H](CCN2CCN(c3cccc4c3OCO4)CC2)CC1,-1.43838410703471,valid
O=C(Cc1noc2ccccc12)N[C@H]1CC[C@H](CCN2CCC(c3coc4ccccc34)CC2)CC1,-2.16199652542245,training
COCC(=O)N[C@H]1CC[C@H](CCN2CCN(c3nccc4sccc34)CC2)CC1,-0.505149978319906,training
CN1CCN(CC(=O)N[C@H]2CC[C@H](CCN3CCN(c4cccc5c4OCO5)CC3)CC2)CC1,-0.665580991017953,training
O=C(CO)N[C@H]1CC[C@H](CCN2CCN(c3nccc4c3CCO4)CC2)CC1,-1.20139712432045,training
O=C(CF)N[C@H]1CC[C@H](CCN2CCC(c3cccc4c3OCO4)CC2)CC1,-1.09342168516224,training
O=C(Cc1ccc2c(c1)OCO2)N[C@H]1CC[C@H](CCN2CCN(c3nccc4c3CCO4)CC2)CC1,-1.26951294421792,training
CCC(C)C(=O)N[C@H]1CC[C@H](CCN2CCC(c3cccc4c3CCO4)CC2)CC1,-1.22530928172586,training
CC(C)(C)C(=O)N[C@H]1CC[C@H](CCN2CCN(c3nccc4c3CCO4)CC2)CC1,-1.77232170672292,training
COC(C)CC(=O)N[C@H]1CC[C@H](CCN2CCC(c3cccc4c3OCO4)CC2)CC1,-0.876217840591642,training
COC(C)CC(=O)N[C@H]1CC[C@H](CCN2CCN(c3nccc4c3CCO4)CC2)CC1,-1.60852603357719,training
O=S(=O)(N[C@H]1CC[C@H](CCN2CCN(c3cccc4c3OCO4)CC2)CC1)N1CCOCC1,-0.110589710299249,training
COCC(=O)N[C@H]1CC[C@H](CCN2CCN(c3cccc4c3OCO4)CC2)CC1,-0.640481436970422,valid
O=C(N[C@H]1CC[C@H](CCN2CCN(c3nccc4c3CCO4)CC2)CC1)C1CC1,-1.26717172840301,valid
O=C(CC1COC1)N[C@H]1CC[C@H](CCN2CCC(c3cccc4c3CCO4)CC2)CC1,-0.630427875025024,training
CC(C)c1ccc(C(=O)N[C@H]2CC[C@H](CCN3CCC(c4coc5ccccc45)CC3)CC2)cc1,-0.681241237375587,training
CCCCC(=O)N[C@H]1CC[C@H](CCN2CCN(c3nccc4c3CCO4)CC2)CC1,-1.28330122870355,training
O=C(N[C@H]1CC[C@H](CCN2CCN(c3cccc4c3OCO4)CC2)CC1)C1CCCO1,-1.09725730969342,training
CC(C)(O)C(=O)N[C@H]1CC[C@H](CCN2CCC(c3cccc4c3CCO4)CC2)CC1,-1.54282542695918,training
O=C(Cc1noc2ccccc12)N[C@H]1CC[C@H](CCN2CCC(c3cccc4c3CCO4)CC2)CC1,-0.506505032404872,training
COCCC(=O)N[C@H]1CC[C@H](CCN2CCC(c3cccc4c3OCO4)CC2)CC1,-0.764922984649888,training
C[C@@H](O)C(=O)N[C@H]1CC[C@H](CCN2CCN(c3cccc4c3OCO4)CC2)CC1,-0.336459733848529,training
COC(=O)N[C@H]1CC[C@H](CCN2CCC(c3cccc4c3OCO4)CC2)CC1,-0.513217600067939,training
CS(=O)(=O)N[C@H]1CC[C@H](CCN2CCN(c3cccc4c3OCO4)CC2)CC1,-0.491361693834273,valid
O=C(CO)N[C@H]1CC[C@H](CCN2CCC(c3coc4ccccc34)CC2)CC1,-0.167317334748176,training
O=C(N[C@H]1CC[C@H](CCN2CCC(c3cccc4c3CCO4)CC2)CC1)C1(O)CCC1,-1.43616264704076,training
O=C(CC1CCCO1)N[C@H]1CC[C@H](CCN2CCN(c3cccc4c3OCO4)CC2)CC1,-0.491361693834273,training
COCCC(=O)N[C@H]1CC[C@H](CCN2CCN(c3cccc4c3OCO4)CC2)CC1,-0.27415784926368,test
CN(C)S(=O)(=O)N[C@H]1CC[C@H](CCN2CCN(c3cccc4c3OCO4)CC2)CC1,-0.526339277389844,training
O=C(N[C@H]1CC[C@H](CCN2CCN(c3cccc4c3OCO4)CC2)CC1)c1ccnc2ccccc12,-0.380211241711606,training
O=C(NC1CCC(CCN2CCC(c3cccc4c3CCO4)CC2)CC1)c1ccc2ncccc2c1,-0.638489256954637,valid
O=C(N[C@H]1CC[C@H](CCN2CCC(c3cccc4c3CCO4)CC2)CC1)c1ccc(Cl)cc1,-0.690196080028514,training
CC(=O)N[C@H]1CC[C@H](CCN2CCN(c3nc(C)cc4occc34)CC2)CC1,-0.666517980554881,test
CC(C)(O)C(=O)N[C@H]1CC[C@H](CCN2CCN(c3cccc4c3OCO4)CC2)CC1,-0.944482672150169,valid
O=C(N[C@H]1CC[C@H](CCN2CCN(c3nccc4c3CCO4)CC2)CC1)c1ccc(-n2cccc2)cc1,-1.38738982633873,training
O=C(N[C@H]1CC[C@H](CCN2CCN(c3nccc4c3CCO4)CC2)CC1)c1ccc(N2CCS(=O)(=O)CC2)cc1,-1.15836249209525,valid
O=C(N[C@H]1CC[C@H](CCN2CCC(c3coc4ccccc34)CC2)CC1)C1CCCO1,-0.963787827345555,training
O=CN[C@H]1CC[C@H](CCN2CCN(c3nccc4c3CCO4)CC2)CC1,-1.44715803134222,training
O=C(N[C@H]1CC[C@H](CCN2CCC(c3cccc4c3OCO4)CC2)CC1)C1CCS(=O)(=O)C1,-1.21165440055318,valid
COCCC(=O)N[C@H]1CC[C@H](CCN2CCN(c3nccc4sccc34)CC2)CC1,-0.278753600952829,training
CC(=O)N[C@H]1CC[C@H](CCN2CCN(c3nc(C)cc4c3CCO4)CC2)CC1,-0.879669205632053,training
O=C(CCC(F)(F)F)N[C@H]1CC[C@H](CCN2CCN(c3nccc4c3CCO4)CC2)CC1,-1.30102999566398,training
CC(=O)N[C@H]1CC[C@H](CCN2CCC(c3cccc4occc34)CC2)CC1,-0.462397997898956,training
CN(C)S(=O)(=O)N[C@H]1CC[C@H](CCN2CCC(c3cccc4c3OCO4)CC2)CC1,-1.0640834359636,training
CC(C)=CC(=O)N[C@H]1CC[C@H](CCN2CCC(c3coc4ccccc34)CC2)CC1,-0.45178643552429,training
CN(C)C(=O)CCC(=O)N[C@H]1CC[C@H](CCN2CCC(c3cccc4c3CCO4)CC2)CC1,-1.19033169817029,test
O=C(CC1CCOCC1)N[C@H]1CC[C@H](CCN2CCC(c3cccc4c3OCO4)CC2)CC1,-0.944975908412048,training
CC(C)CC(=O)N[C@H]1CC[C@H](CCN2CCC(c3cccc4c3CCO4)CC2)CC1,-0.716003343634799,training
O=C(N[C@H]1CC[C@H](CCN2CCC(c3coc4ccccc34)CC2)CC1)C1CCC(C(F)(F)F)CC1,-0.832508912706236,test
O=C(CC1CCOCC1)N[C@H]1CC[C@H](CCN2CCC(c3cccc4c3CCO4)CC2)CC1,-1.01703333929878,training
CO[C@H]1CC[C@H](CC(=O)N[C@H]2CC[C@H](CCN3CCN(c4nccc5sccc45)CC3)CC2)CC1,-0.477121254719662,training
O=C(N[C@H]1CC[C@H](CCN2CCC(c3cccc4c3CCO4)CC2)CC1)c1ccc(F)cc1,-0.690196080028514,training
CS(=O)(=O)N[C@H]1CC[C@H](CCN2CCN(c3nccc4occc34)CC2)CC1,-1.5327543789925,training
O=C(N[C@H]1CC[C@H](CCN2CCC(c3cccc4c3CCO4)CC2)CC1)C(O)C(F)(F)F,-0.963787827345555,training
O=C(N[C@H]1CC[C@H](CCN2CCC(c3cccc4c3OCO4)CC2)CC1)C1CCOCC1,-1.14050804303818,training
N#Cc1ccc(C(=O)N[C@H]2CC[C@H](CCN3CCN(c4nccc5c4CCO5)CC3)CC2)cc1,-1.44715803134222,training
O=C(N[C@H]1CC[C@H](CCN2CCN(c3nccc4c3CCO4)CC2)CC1)c1ccc(-n2cccn2)cc1,-1.64640372622307,valid
N#CCC(=O)N[C@H]1CC[C@H](CCN2CCN(c3nccc4c3CCO4)CC2)CC1,-0.888740960682893,training
COC1(C(=O)N[C@H]2CC[C@H](CCN3CCN(c4cccc5c4OCO5)CC3)CC2)CC1,-1.15442397311465,training
O=C(N[C@H]1CC[C@H](CCN2CCN(c3nccc4c3CCO4)CC2)CC1)C1CCOC1,-1.26007138798507,valid
O=C(N[C@H]1CC[C@H](CCN2CCN(c3nccc4c3CCO4)CC2)CC1)c1ccc(Cl)cc1Cl,-1.42651126136458,training
O=C(N[C@H]1CC[C@H](CCN2CCC(c3cccc4c3CCO4)CC2)CC1)c1ccc(-c2ccccc2)cc1,-0.8926510338773,training
O=C(N[C@H]1CC[C@H](CCN2CCC(c3coc4ccccc34)CC2)CC1)c1ccc(-n2cccc2)cc1,-0.660865478003869,training
O=C(N[C@H]1CC[C@H](CCN2CCC(c3cccc4c3OCO4)CC2)CC1)C1CC(Cl)C1,-0.803457115648414,training
CC#CC(=O)N[C@H]1CC[C@H](CCN2CCC(c3cccc4c3CCO4)CC2)CC1,-0.863322860120456,valid
COCCC(=O)N[C@H]1CC[C@H](CCN2CCN(c3nccc4occc34)CC2)CC1,-1.38021124171161,valid
O=C(N[C@H]1CC[C@H](CCN2CCN(c3nccc4c3CCO4)CC2)CC1)c1ccc(N2CCOCC2)cc1,-1.22788670461367,training
Cc1cc2occc2c(N2CCN(CC[C@H]3CC[C@H](NC(=O)CC4CCOCC4)CC3)CC2)n1,-0.975431808509263,training
CC(=O)N[C@H]1CC[C@H](CCN2CCN(c3ncc(C)c4c3CCO4)CC2)CC1,-1.68304703823885,training
CC(C)(C)CC(=O)N[C@H]1CC[C@H](CCN2CCN(c3nccc4c3CCO4)CC2)CC1,-1.23044892137827,training
COCCC(=O)N[C@H]1CC[C@H](CCN2CCN(c3ncc(C)c4occc34)CC2)CC1,-1.47712125471966,training
CO[C@@H]1CC[C@@H](CC(=O)N[C@H]2CC[C@H](CCN3CCN(c4cccc5c4OCO5)CC3)CC2)C1,-0.397940008672038,training
O=C(CC1CCCO1)N[C@H]1CC[C@H](CCN2CCC(c3coc4ccccc34)CC2)CC1,-0.439332693830263,test
CS(=O)(=O)N[C@H]1CC[C@H](CCN2CCN(c3nccc4c3CCO4)CC2)CC1,-1.4996870826184,training
CC#CC(=O)N[C@H]1CC[C@H](CCN2CCC(c3coc4ccccc34)CC2)CC1,-0.320146286111054,training
CO[C@@H]1CC[C@@H](CC(=O)N[C@H]2CC[C@H](CCN3CCC(c4cccc5c4OCO5)CC3)CC2)C1,-0.723455672035186,training
CN(C)C(=O)N[C@H]1CC[C@H](CCN2CCN(c3cccc4c3OCO4)CC2)CC1,-1.05115252244738,training
O=C(CCC(F)(F)F)N[C@H]1CC[C@H](CCN2CCC(c3cccc4c3CCO4)CC2)CC1,-0.88309335857569,valid
CCOCC(=O)N[C@H]1CC[C@H](CCN2CCN(c3nccc4occc34)CC2)CC1,-2.17609125905568,training
O=C(N[C@H]1CC[C@H](CCN2CCN(c3nccc4c3CCO4)CC2)CC1)c1ccccc1,-0.884228769632604,training
CC(C)(C)C(=O)N[C@H]1CC[C@H](CCN2CCC(c3cccc4c3CCO4)CC2)CC1,-1.81358098856819,training
COCC(=O)N[C@H]1CC[C@H](CCN2CCC(c3coc4ccccc34)CC2)CC1,-0.546542663478131,training
COCC(=O)N[C@H]1CC[C@H](CCN2CCN(c3nccc4c3CCO4)CC2)CC1,-1.6570558528571,training
O=C(CC1CC1)N[C@H]1CC[C@H](CCN2CCC(c3cccc4c3OCO4)CC2)CC1,-0.404833716619938,training
CCC(=O)N[C@H]1CC[C@H](CCN2CCC(c3cccc4c3CCO4)CC2)CC1,-0.662757831681574,training
CC1(C(=O)N[C@H]2CC[C@H](CCN3CCN(c4cccc5c4OCO5)CC3)CC2)COC1,-0.833784374656479,training
CC(C)(O)CC(=O)N[C@H]1CC[C@H](CCN2CCN(c3cccc4c3OCO4)CC2)CC1,-0.193124598354462,training
CC(C)CC(=O)N[C@H]1CC[C@H](CCN2CCC(c3coc4ccccc34)CC2)CC1,-0.287801729930226,training
CCCC(=O)N[C@H]1CC[C@H](CCN2CCN(c3cccc4c3OCO4)CC2)CC1,-0.198657086954423,training
O=C(Cc1noc2ccccc12)N[C@H]1CC[C@H](CCN2CCN(c3nccc4c3CCO4)CC2)CC1,-1.17318626841227,training
O=C(CC1(O)CCCCC1)N[C@H]1CC[C@H](CCN2CCN(c3cccc4c3OCO4)CC2)CC1,-0.541579243946581,training
CCC(=O)N[C@H]1CC[C@H](CCN2CCC(c3cccc4occc34)CC2)CC1,-0.342422680822206,training
Cc1cc(CC(=O)N[C@H]2CC[C@H](CCN3CCN(c4cccc5c4OCO5)CC3)CC2)on1,-0.127104798364808,training
N#Cc1ccc(C(=O)N[C@H]2CC[C@H](CCN3CCC(c4cccc5c4CCO5)CC3)CC2)cc1,-0.897627091290441,training
COC1(C(=O)N[C@H]2CC[C@H](CCN3CCC(c4cccc5c4OCO5)CC3)CC2)CCCCC1,-1.58636222330787,training
O=C(CC1(O)CCCCC1)N[C@H]1CC[C@H](CCN2CCC(c3cccc4c3OCO4)CC2)CC1,-1.01535975540921,test
C/C=C/CC(=O)N[C@H]1CC[C@H](CCN2CCC(c3coc4ccccc34)CC2)CC1,-0.257678574869184,training
CCS(=O)(=O)N[C@H]1CC[C@H](CCN2CCN(c3nccc4occc34)CC2)CC1,-1.48572142648158,test
COCCC(=O)N[C@H]1CC[C@H](CCN2CCC(c3ccc(F)c4occc34)CC2)CC1,-0.967547976218862,training
O=C(CO)N[C@H]1CC[C@H](CCN2CCC(c3cccc4c3CCO4)CC2)CC1,-1.0,training
COCCC(=O)N[C@H]1CC[C@H](CCN2CCC(c3cccc4c3CCO4)CC2)CC1,-0.819543935541869,valid
O=C(N[C@H]1CC[C@H](CCN2CCN(c3nccc4c3CCO4)CC2)CC1)c1ccc(N2CCCCC2)cc1,-1.64640372622307,training
O=S(=O)(N[C@H]1CC[C@H](CCN2CCC(c3cccc4c3OCO4)CC2)CC1)c1ccccc1,-0.562292864456475,training
O=C(Nc1ccc(Cl)cc1)N[C@H]1CC[C@H](CCN2CCN(c3cccc4c3OCO4)CC2)CC1,-0.01703333929878,training
CC(=O)N[C@H]1CC[C@H](CCN2CCN(c3cccc4c3OCO4)CC2)CC1,-0.060697840353612,training
CCC(=O)N[C@H]1CC[C@H](CCN2CCN(c3cccc4c3OCO4)CC2)CC1,-0.107209969647868,training
O=C(N[C@H]1CC[C@H](CCN2CCC(c3cccc4c3CCO4)CC2)CC1)c1ccc(-n2cccn2)cc1,-0.937016107464814,training
O=C(N[C@H]1CC[C@H](CCN2CCC(c3coc4ccccc34)CC2)CC1)c1ccc(-c2ccccc2)cc1,-0.527629900871339,test
Cc1ccc(S(=O)(=O)N[C@H]2CC[C@H](CCN3CCC(c4coc5ccccc45)CC3)CC2)cc1,-0.795184589682424,training
O=C(CC1CCOCC1)N[C@H]1CC[C@H](CCN2CCC(c3cccc4occc34)CC2)CC1,-0.755874855672491,training
CS(=O)(=O)CC(=O)N[C@H]1CC[C@H](CCN2CCC(c3coc4ccccc34)CC2)CC1,-0.161368002234975,training
CCCC(=O)N[C@H]1CC[C@H](CCN2CCC(c3cccc4c3OCO4)CC2)CC1,-0.755874855672491,test
O=C(N[C@H]1CC[C@H](CCN2CCC(c3cccc4c3OCO4)CC2)CC1)C1(C(F)(F)F)CC1,-1.61214783832649,training
O=C(CCC(F)(F)F)N[C@H]1CC[C@H](CCN2CCC(c3coc4ccccc34)CC2)CC1,-0.468347330412157,training
O=C(N[C@H]1CC[C@H](CCN2CCN(c3cccc4c3OCO4)CC2)CC1)c1ccc(F)cc1,-0.578639209968072,test
CS(=O)(=O)CC(=O)N[C@H]1CC[C@H](CCN2CCC(c3cccc4c3CCO4)CC2)CC1,-0.690196080028514,training
O=C(CC1(O)CCC1)N[C@H]1CC[C@H](CCN2CCN(c3cccc4c3OCO4)CC2)CC1,-0.146128035678238,training
O=C(CC1CC1)N[C@H]1CC[C@H](CCN2CCN(c3nccc4c3CCO4)CC2)CC1,-0.705007959333336,training
O=C(N[C@H]1CC[C@H](CCN2CCC(c3coc4ccccc34)CC2)CC1)c1ccccc1,-0.127104798364808,training
Cc1ccc(C(=O)N[C@H]2CC[C@H](CCN3CCC(c4cccc5c4OCO5)CC3)CC2)cn1,-1.06557971472845,training
O=C(C[C@@H](O)C(F)(F)F)N[C@H]1CC[C@H](CCN2CCC(c3cccc4c3CCO4)CC2)CC1,-0.812913356642856,training
CC(C)CC(=O)N[C@H]1CC[C@H](CCN2CCN(c3cccc4c3OCO4)CC2)CC1,-0.357934847000454,training
CC(C)C(=O)N[C@H]1CC[C@H](CCN2CCC(c3coc4ccccc34)CC2)CC1,-0.250420002308894,training
O=C(N[C@H]1CC[C@H](CCN2CCC(c3coc4ccccc34)CC2)CC1)c1ccc(-n2cccn2)cc1,-0.75815462196739,training
O=C(CC1C[C@H](O)CO1)N[C@H]1CC[C@H](CCN2CCN(c3nccc4c3CCO4)CC2)CC1,-1.15228834438306,training
N#CCC(=O)N[C@H]1CC[C@H](CCN2CCC(c3cccc4c3CCO4)CC2)CC1,-0.556302500767287,training
CS(=O)(=O)N[C@H]1CC[C@H](CCN2CCC(c3cccc4c3OCO4)CC2)CC1,-1.02036128264771,training
CCS(=O)(=O)N[C@H]1CC[C@H](CCN2CCC(c3coc4ccccc34)CC2)CC1,-0.457881896733992,training
Cc1cc(C(=O)N[C@H]2CC[C@H](CCN3CCC(c4cccc5c4CCO5)CC3)CC2)on1,-1.03342375548695,valid
O=S(=O)(N[C@H]1CC[C@H](CCN2CCN(c3cccc4c3OCO4)CC2)CC1)c1ccc(F)cc1,-0.342422680822206,training
O=C(N[C@H]1CC[C@H](CCN2CCN(c3cccc4c3OCO4)CC2)CC1)C1COc2ccccc2C1,0.060480747381382,training
O=C(N[C@H]1CC[C@H](CCN2CCC(c3cccc4c3CCO4)CC2)CC1)C1CCCOC1,-1.23299611039215,training
O=C(N[C@H]1CC[C@H](CCN2CCC(c3coc4ccccc34)CC2)CC1)c1cnc(N2CCOCC2)cn1,-0.887617300335736,training
O=C(N[C@H]1CC[C@H](CCN2CCC(c3coc4ccccc34)CC2)CC1)c1ccnc2ccccc12,-0.526339277389844,valid
CCC(O)C(=O)N[C@H]1CC[C@H](CCN2CCN(c3cccc4c3OCO4)CC2)CC1,-1.09551804232315,training
CC(C)C(=O)N[C@H]1CC[C@H](CCN2CCN(c3nccc4c3CCO4)CC2)CC1,-1.22010808804006,training
CC(=O)N[C@H]1CC[C@H](CCN2CCN(c3nccc4sccc34)CC2)CC1,-0.278753600952829,training
CC(C)C(=O)N[C@H]1CC[C@H](CCN2CCN(c3cccc4c3OCO4)CC2)CC1,-0.257678574869184,training
COCCC(=O)N[C@H]1CC[C@H](CCN2CCC(c3cccc4occc34)CC2)CC1,-0.491361693834273,valid
CS(=O)(=O)CC(=O)N[C@H]1CC[C@H](CCN2CCN(c3cccc4c3OCO4)CC2)CC1,-0.161368002234975,training
CC(C)CCC(=O)N[C@H]1CC[C@H](CCN2CCC(c3cccc4c3CCO4)CC2)CC1,-0.998695158311656,training
CC#CC(=O)N[C@H]1CC[C@H](CCN2CCN(c3nccc4c3CCO4)CC2)CC1,-1.23552844690755,training
CCC(=O)N[C@H]1CC[C@H](CCN2CCC(c3cccc4c3OCO4)CC2)CC1,-0.622214022966295,training
CN1CCC(C(=O)N[C@H]2CC[C@H](CCN3CCC(c4cccc5c4OCO5)CC3)CC2)CC1,-1.54567814979203,training
N#Cc1ccc(C(=O)N[C@H]2CC[C@H](CCN3CCN(c4cccc5c4OCO5)CC3)CC2)cc1,-0.550228353055094,training
O=C(N[C@H]1CC[C@H](CCN2CCN(c3nccc4c3CCO4)CC2)CC1)C(F)(F)F,-1.67486114073781,training
CCCC(=O)N[C@H]1CC[C@H](CCN2CCC(c3coc4ccccc34)CC2)CC1,-0.232996110392154,test
O=C(N[C@H]1CC[C@H](CCN2CCN(c3nccc4c3CCO4)CC2)CC1)c1ccc(Cl)cc1,-1.12221587827283,training
O=C(CC1(O)CCOCC1)N[C@H]1CC[C@H](CCN2CCC(c3cccc4c3OCO4)CC2)CC1,-0.854306041801081,valid
C/C=C/CC(=O)N[C@H]1CC[C@H](CCN2CCC(c3cccc4c3CCO4)CC2)CC1,-0.762678563727436,test
CC(C)=CC(=O)N[C@H]1CC[C@H](CCN2CCC(c3cccc4c3CCO4)CC2)CC1,-0.803457115648414,training
O=C(N[C@H]1CC[C@H](CCN2CCC(c3cccc4c3CCO4)CC2)CC1)C1CCOC1,-0.740362689494244,training
N#Cc1ccc(C(=O)N[C@H]2CC[C@H](CCN3CCC(c4cccc5c4OCO5)CC3)CC2)cc1,-0.891537457672564,training
O=C(CCO)N[C@H]1CC[C@H](CCN2CCC(c3cccc4c3CCO4)CC2)CC1,-0.812913356642856,training
O=C(CO)N[C@H]1CC[C@H](CCN2CCC(c3cccc4c3OCO4)CC2)CC1,-0.958563883221967,training
O=C(CCC(F)(F)F)N[C@H]1CC[C@H](CCN2CCC(c3cccc4c3OCO4)CC2)CC1,-0.888740960682893,training
CS(=O)(=O)N[C@H]1CC[C@H](CCN2CCC(c3cccc4c3CCO4)CC2)CC1,-1.00432137378264,valid
O=C(N[C@H]1CC[C@H](CCN2CCN(c3cccc4c3OCO4)CC2)CC1)c1ccccc1,-0.999565488225982,training
CS(=O)(=O)CC(=O)N[C@H]1CC[C@H](CCN2CCN(c3nccc4c3CCO4)CC2)CC1,-0.991226075692495,training
CC(C)(C)c1ccc(C(=O)N[C@H]2CC[C@H](CCN3CCC(c4coc5ccccc45)CC3)CC2)cc1,-1.00302947055362,training
O=C(N[C@H]1CC[C@H](CCN2CCN(c3nccc4c3CCO4)CC2)CC1)C1CCC1,-1.19589965240923,training
O=C(C[C@@H](O)C(F)(F)F)N[C@H]1CC[C@H](CCN2CCN(c3nccc4c3CCO4)CC2)CC1,-1.29446622616159,test
COC1(C(=O)N[C@H]2CC[C@H](CCN3CCN(c4cccc5c4OCO5)CC3)CC2)CCCCC1,-1.09621458534641,training
O=C(CC1COC1)N[C@H]1CC[C@H](CCN2CCC(c3cccc4c3OCO4)CC2)CC1,-0.715167357848458,training
O=C(N[C@H]1CC[C@H](CCN2CCC(c3cccc4c3CCO4)CC2)CC1)c1ccc(Cl)cc1Cl,-0.91803033678488,training
Cc1cc2occc2c(N2CCN(CC[C@H]3CC[C@H](NC(=O)C4CCOCC4)CC3)CC2)n1,-1.15228834438306,test
O=C(N[C@H]1CC[C@H](CCN2CCC(c3coc4ccccc34)CC2)CC1)C(F)(F)F,-0.61066016308988,training
CN1CCN(c2ccc(C(=O)N[C@H]3CC[C@H](CCN4CCC(c5coc6ccccc56)CC4)CC3)cc2)CC1,-0.780317312140151,training
C/C=C/CC(=O)N[C@H]1CC[C@H](CCN2CCN(c3nccc4c3CCO4)CC2)CC1,-1.11058971029925,test
O=C(Cc1ccc2c(c1)OCO2)N[C@H]1CC[C@H](CCN2CCC(c3cccc4c3OCO4)CC2)CC1,-0.60422605308447,training
CN(C)S(=O)(=O)N[C@H]1CC[C@H](CCN2CCC(c3cccc4c3CCO4)CC2)CC1,-0.99563519459755,training
CS(=O)(=O)c1ccc(C(=O)N[C@H]2CC[C@H](CCN3CCN(c4nccc5c4CCO5)CC3)CC2)s1,-1.52891670027765,test
CN(C)S(=O)(=O)N[C@H]1CC[C@H](CCN2CCN(c3nccc4c3CCO4)CC2)CC1,-1.39619934709574,training
Cc1cnc(N2CCN(CC[C@H]3CC[C@H](NC(=O)CC4CCOCC4)CC3)CC2)c2ccoc12,-1.57978359661681,training
CC(C)C(=O)N[C@H]1CC[C@H](CCN2CCC(c3cccc4c3OCO4)CC2)CC1,-0.916980047320382,training
O=C(CCO)N[C@H]1CC[C@H](CCN2CCN(c3nccc4occc34)CC2)CC1,-1.29885307640971,training
CC(C)(C)C(=O)N[C@H]1CC[C@H](CCN2CCC(c3coc4ccccc34)CC2)CC1,-1.10516942799933,valid
O=C(CC1(O)CCC1)N[C@H]1CC[C@H](CCN2CCN(c3nccc4c3CCO4)CC2)CC1,-1.41161970596323,training
CCC(C)C(=O)N[C@H]1CC[C@H](CCN2CCC(c3cccc4c3OCO4)CC2)CC1,-1.14144977340047,training
CCC(=O)N[C@H]1CC[C@H](CCN2CCN(c3nccc4sccc34)CC2)CC1,-0.204119982655925,training
CC(C)CCC(=O)N[C@H]1CC[C@H](CCN2CCC(c3coc4ccccc34)CC2)CC1,-0.462397997898956,training
CN1CCC(C(=O)N[C@H]2CC[C@H](CCN3CCN(c4cccc5c4OCO5)CC3)CC2)CC1,-1.39707054995941,training
O=C(N[C@H]1CC[C@H](CCN2CCC(c3cccc4c3CCO4)CC2)CC1)c1ccccc1,-0.6232492903979,training
CCC(C)C(=O)N[C@H]1CC[C@H](CCN2CCC(c3coc4ccccc34)CC2)CC1,-0.683947130751512,training
O=C(N[C@H]1CC[C@H](CCN2CCN(c3cccc4c3OCO4)CC2)CC1)C1(O)CC1,-0.27415784926368,training
COCC(=O)N[C@H]1CC[C@H](CCN2CCC(c3cccc4c3CCO4)CC2)CC1,-1.35602585719312,training
O=C(N[C@H]1CC[C@H](CCN2CCC(c3cccc4c3CCO4)CC2)CC1)C1CCOCC1,-1.35793484700045,training
O=C(N[C@H]1CC[C@H](CCN2CCN(c3nccc4sccc34)CC2)CC1)C1CCOCC1,-0.556302500767287,test
O=C(CC1(O)CCC1)N[C@H]1CC[C@H](CCN2CCC(c3cccc4c3OCO4)CC2)CC1,-0.806858029518817,training
CC(C)(C)CC(=O)N[C@H]1CC[C@H](CCN2CCC(c3cccc4c3CCO4)CC2)CC1,-0.778151250383644,training
N#CCC(=O)N[C@H]1CC[C@H](CCN2CCC(c3coc4ccccc34)CC2)CC1,0.075720713938118,training
O=C(N[C@H]1CC[C@H](CCN2CCC(c3cccc4c3CCO4)CC2)CC1)C(F)(F)F,-1.34044411484012,training
O=C(CC1CCC1)N[C@H]1CC[C@H](CCN2CCC(c3cccc4c3CCO4)CC2)CC1,-0.785329835010767,training
COC(CC(=O)N[C@H]1CC[C@H](CCN2CCC(c3coc4ccccc34)CC2)CC1)OC,-0.164352855784437,training
O=C(CF)N[C@H]1CC[C@H](CCN2CCN(c3cccc4c3OCO4)CC2)CC1,-0.26245108973043,training
O=C(N[C@H]1CC[C@H](CCN2CCC(c3cccc4c3CCO4)CC2)CC1)C1(O)CC1,-0.924279286061882,training
Cc1ccc(C(=O)N[C@H]2CC[C@H](CCN3CCN(c4nccc5c4CCO5)CC3)CC2)cn1,-1.71683772329952,training
CC(C)(C)Oc1ccc(C(=O)N[C@H]2CC[C@H](CCN3CCC(c4cccc5c4CCO5)CC3)CC2)cc1,-1.34635297445064,training
O=C(CO)N[C@H]1CC[C@H](CCN2CCN(c3nccc4sccc34)CC2)CC1,-0.146128035678238,training
O=C(N[C@H]1CC[C@H](CCN2CCC(c3cccc4c3CCO4)CC2)CC1)c1ccc(C(F)(F)F)cc1,-1.82020145948564,training
CN(C)C(=O)N[C@H]1CC[C@H](CCN2CCC(c3cccc4c3CCO4)CC2)CC1,-1.64542226934909,training
O=C(N[C@H]1CC[C@H](CCN2CCC(c3coc4ccccc34)CC2)CC1)C1CC1(F)F,-0.547774705387823,training
CN1CCN(c2ccc(C(=O)N[C@H]3CC[C@H](CCN4CCC(c5cccc6c5CCO6)CC4)CC3)cc2)CC1,-0.778151250383644,training
COCCC(=O)N[C@H]1CC[C@H](CCN2CCC(c3coc4ccccc34)CC2)CC1,-0.086359830674748,test
O=C(CC1COC1)N[C@H]1CC[C@H](CCN2CCN(c3nccc4c3CCO4)CC2)CC1,-1.08278537031645,training
O=C(N[C@H]1CC[C@H](CCN2CCC(c3cccc4c3OCO4)CC2)CC1)c1ccc(N2CCOCC2)cc1,-1.004751155591,valid
CCC(C)C(=O)N[C@H]1CC[C@H](CCN2CCN(c3nccc4c3CCO4)CC2)CC1,-1.40483371661994,training
O=CN[C@H]1CC[C@H](CCN2CCC(c3coc4ccccc34)CC2)CC1,-0.428134794028789,training
O=C(N[C@H]1CC[C@H](CCN2CCN(c3nccc4occc34)CC2)CC1)C1CC1,-1.3384564936046,training
O=C(CC1COCCO1)N[C@H]1CC[C@H](CCN2CCC(c3coc4ccccc34)CC2)CC1,-0.305351369446624,test
O=S(=O)(N[C@H]1CC[C@H](CCN2CCC(c3cccc4c3CCO4)CC2)CC1)c1ccccc1,-0.707570176097936,training
CC(=O)N[C@H]1CC[C@H](CCN2CCN(c3nccc4c3CCO4)CC2)CC1,-1.10380372095596,training
CO[C@H]1CC[C@H](CC(=O)N[C@H]2CC[C@H](CCN3CCN(c4nccc5c4CCO5)CC3)CC2)C1,-1.28780172993023,valid
O=C(N[C@H]1CC[C@H](CCN2CCN(c3nccc4c3CCO4)CC2)CC1)c1ccc(N2CCOCC2)nc1,-1.65030752313194,training
O=C(N[C@H]1CC[C@H](CCN2CCC(c3cccc4c3OCO4)CC2)CC1)C1(O)CCCCC1,-1.24278980947868,test
CS(=O)(=O)c1ccc(C(=O)N[C@H]2CC[C@H](CCN3CCC(c4coc5ccccc45)CC3)CC2)s1,-0.589949601325708,training
COCC(=O)N[C@H]1CC[C@H](CCN2CCN(c3nccc4occc34)CC2)CC1,-1.88761730033574,training
O=C(N[C@H]1CC[C@H](CCN2CCN(c3nccc4c3CCO4)CC2)CC1)C1CCCOC1,-1.45939248775923,training
CS(=O)(=O)c1ccc(C(=O)N[C@H]2CC[C@H](CCN3CCC(c4cccc5c4CCO5)CC3)CC2)s1,-0.821513528404773,training
O=C(N[C@H]1CC[C@H](CCN2CCC(c3cccc4c3OCO4)CC2)CC1)C(F)(F)F,-1.32960124835652,training
CS(=O)(=O)N[C@H]1CC[C@H](CCN2CCN(c3nccc4sccc34)CC2)CC1,-0.633468455579586,training
O=C(CC1CCOCC1)N[C@H]1CC[C@H](CCN2CCC(c3ccc(F)c4occc34)CC2)CC1,-1.30319605742049,valid
CC(C)=CC(=O)N[C@H]1CC[C@H](CCN2CCN(c3nccc4c3CCO4)CC2)CC1,-1.18752072083646,training
Cc1nc(-c2ccc(C(=O)N[C@H]3CC[C@H](CCN4CCC(c5coc6ccccc56)CC4)CC3)cc2)no1,-0.457881896733992,training
O=C(N[C@H]1CC[C@H](CCN2CCC(c3cccc4c3CCO4)CC2)CC1)c1ccc(-c2cccnc2)cc1,-0.728353782021229,training
CC(C)Cc1ccc(C(=O)N[C@H]2CC[C@H](CCN3CCC(c4coc5ccccc45)CC3)CC2)cc1,-0.619093330626743,training
O=C(N[C@H]1CC[C@H](CCN2CCN(c3nccc4c3CCO4)CC2)CC1)c1ccc(F)cc1,-1.02938377768521,training
O=C(N[C@H]1CC[C@H](CCN2CCC(c3coc4ccccc34)CC2)CC1)c1ccc(C2CC2)cc1,-1.14860265480609,training
CC(C)(C)c1ccc(C(=O)N[C@H]2CC[C@H](CCN3CCN(c4nccc5c4CCO5)CC3)CC2)cc1,-2.16643011384328,training
Cn1cnc(S(=O)(=O)N[C@H]2CC[C@H](CCN3CCC(c4cccc5c4OCO5)CC3)CC2)c1,-1.09412159584056,test
Cc1ccc(C(=O)N[C@H]2CC[C@H](CCN3CCC(c4coc5ccccc45)CC3)CC2)cn1,-0.403120521175818,training
O=C(N[C@H]1CC[C@H](CCN2CCC(c3coc4ccccc34)CC2)CC1)C12CC3CC(CC(C3)C1)C2,-1.1044871113124,training
O=C(NC1CCC(CCN2CCC(c3coc4ccccc34)CC2)CC1)c1ccc2ncccc2c1,-0.383815365980431,valid
CC(=O)N[C@H]1CC[C@H](CCN2CCC(c3coc4ccccc34)CC2)CC1,-0.03342375548695,training
O=C(N[C@H]1CC[C@H](CCN2CCC(c3cccc4c3CCO4)CC2)CC1)C1CC1,-0.949390006644913,valid
O=C(N[C@H]1CC[C@H](CCN2CCC(c3cccc4c3CCO4)CC2)CC1)C1CCCO1,-1.61804809671209,training
CO[C@H]1CC[C@H](CC(=O)N[C@H]2CC[C@H](CCN3CCC(c4cccc5c4OCO5)CC3)CC2)CC1,-0.910090545594068,training
O=C(N[C@H]1CC[C@H](CCN2CCN(c3nccc4c3CCO4)CC2)CC1)C1CC1(F)F,-1.37657695705651,training
O=C(N[C@H]1CC[C@H](CCN2CCC(c3cccc4c3OCO4)CC2)CC1)c1ccc2c(c1)OCCO2,-0.568201724066995,training
O=C(CCO)N[C@H]1CC[C@H](CCN2CCC(c3coc4ccccc34)CC2)CC1,-0.103803720955957,training
CCC(=O)N[C@H]1CC[C@H](CCN2CCN(c3nccc4occc34)CC2)CC1,-1.07188200730613,training
Cc1nc(-c2cccc(C(=O)N[C@H]3CC[C@H](CCN4CCN(c5nccc6c5CCO6)CC4)CC3)c2)no1,-1.29003461136252,training
O=S(=O)(N[C@H]1CC[C@H](CCN2CCN(c3cccc4c3OCO4)CC2)CC1)c1ccccc1,-0.459392487759231,training
O=C(Cc1ccc2c(c1)OCO2)N[C@H]1CC[C@H](CCN2CCN(c3cccc4c3OCO4)CC2)CC1,-0.324282455297693,training
COC(=O)N[C@H]1CC[C@H](CCN2CCN(c3cccc4c3OCO4)CC2)CC1,-0.110589710299249,valid
CO[C@H]1CC[C@H](CC(=O)N[C@H]2CC[C@H](CCN3CCC(c4coc5ccccc45)CC3)CC2)CC1,-0.489958479424835,training
CC(=O)N[C@H]1CC[C@H](CCN2CCN(c3nccc4occc34)CC2)CC1,-1.26245108973043,training
CS(=O)(=O)c1ccc(C(=O)N[C@H]2CC[C@H](CCN3CCC(c4coc5ccccc45)CC3)CC2)cc1,-1.39863432453839,valid
CC(=O)N[C@H]1CC[C@H](CCN2CCC(c3ccc(F)c4occc34)CC2)CC1,-0.987666264926275,training
O=C(N[C@H]1CC[C@H](CCN2CCC(c3cccc4c3CCO4)CC2)CC1)c1ccc(N2CCS(=O)(=O)CC2)cc1,-0.749736315569061,training
CC(C)(C)CC(=O)N[C@H]1CC[C@H](CCN2CCC(c3coc4ccccc34)CC2)CC1,-0.638489256954637,training
CC(C)(C)C1CCC(C(=O)N[C@H]2CC[C@H](CCN3CCC(c4coc5ccccc45)CC3)CC2)CC1,-0.976808337338066,test
N#CCC(=O)N[C@H]1CC[C@H](CCN2CCN(c3cccc4c3OCO4)CC2)CC1,0.040958607678906,training
CCCCC(=O)N[C@H]1CC[C@H](CCN2CCC(c3cccc4c3CCO4)CC2)CC1,-0.65991620006985,training
CCS(=O)(=O)N[C@H]1CC[C@H](CCN2CCN(c3nccc4c3CCO4)CC2)CC1,-1.34242268082221,training
O=C(N[C@H]1CC[C@H](CCN2CCC(c3cccc4c3CCO4)CC2)CC1)C1CCC1,-0.924279286061882,training
COCCC(=O)N[C@H]1CC[C@H](CCN2CCN(c3nc(C)cc4c3CCO4)CC2)CC1,-1.07188200730613,training
CCS(=O)(=O)N[C@H]1CC[C@H](CCN2CCN(c3nccc4sccc34)CC2)CC1,-0.633468455579586,test
COC(CCC(=O)N[C@H]1CC[C@H](CCN2CCN(c3nccc4c3CCO4)CC2)CC1)OC,-1.83250891270624,training
O=C(CC1CCC1)N[C@H]1CC[C@H](CCN2CCC(c3coc4ccccc34)CC2)CC1,-0.311753861055754,training
O=C(CC1COC1)N[C@H]1CC[C@H](CCN2CCC(c3coc4ccccc34)CC2)CC1,-0.214843848047698,training
O=S(=O)(N[C@H]1CC[C@H](CCN2CCC(c3cccc4c3OCO4)CC2)CC1)c1ccc(F)cc1,-0.419955748489758,training
O=C(CC1CCOCC1)N[C@H]1CC[C@H](CCN2CCN(c3cccc4c3OCO4)CC2)CC1,-0.320146286111054,training
O=S(=O)(N[C@H]1CC[C@H](CCN2CCN(c3nccc4c3CCO4)CC2)CC1)c1ccc(F)cc1,-0.827369273053825,training
CO[C@H]1CC[C@H](CC(=O)N[C@H]2CC[C@H](CCN3CCN(c4cccc5c4OCO5)CC3)CC2)CC1,-0.527629900871339,training
C[C@@H](O)C(=O)N[C@H]1CC[C@H](CCN2CCC(c3cccc4c3OCO4)CC2)CC1,-1.04453976039241,training
O=C(CC1CCC1)N[C@H]1CC[C@H](CCN2CCN(c3nccc4c3CCO4)CC2)CC1,-0.950364854376123,training
O=S(=O)(N[C@H]1CC[C@H](CCN2CCC(c3cccc4c3CCO4)CC2)CC1)c1ccc(F)cc1,-0.612783856719735,training
O=C(N[C@H]1CC[C@H](CCN2CCN(c3nccc4c3CCO4)CC2)CC1)C1(O)CC1,-1.43296929087441,training
O=C(N[C@H]1CC[C@H](CCN2CCN(c3cccc4c3OCO4)CC2)CC1)C1(O)CCC1,-0.778151250383644,training
O=C(N[C@H]1CC[C@H](CCN2CCC(c3coc4ccccc34)CC2)CC1)C1(O)CC1,-0.170261715394957,training
O=C(N[C@H]1CC[C@H](CCN2CCN(c3nccc4c3CCO4)CC2)CC1)c1ccc2ncccc2c1,-1.31175386105575,training
CN(C)S(=O)(=O)N[C@H]1CC[C@H](CCN2CCN(c3nccc4occc34)CC2)CC1,-1.51851393987789,training
O=C(N[C@H]1CC[C@H](CCN2CCN(c3nccc4c3CCO4)CC2)CC1)c1ccc(C(F)(F)F)cc1,-1.75587485567249,training
O=C(N[C@H]1CC[C@H](CCN2CCC(c3coc4ccccc34)CC2)CC1)c1ccc(-c2cccnc2)cc1,-0.658011396657112,test
CCCC(=O)N[C@H]1CC[C@H](CCN2CCC(c3cccc4c3CCO4)CC2)CC1,-0.712649701627211,test
Cc1cc(CC(=O)N[C@H]2CC[C@H](CCN3CCN(c4nccc5c4CCO5)CC3)CC2)on1,-0.603144372620182,valid
CC(C)(O)C(=O)N[C@H]1CC[C@H](CCN2CCC(c3cccc4c3OCO4)CC2)CC1,-1.39776625612645,training
O=C(CC(F)(F)F)N[C@H]1CC[C@H](CCN2CCN(c3cccc4c3OCO4)CC2)CC1,-0.195899652409234,training
O=C(N[C@H]1CC[C@H](CCN2CCC(c3cccc4occc34)CC2)CC1)C1CCOCC1,-1.07554696139253,training
O=C(CC(F)(F)F)N[C@H]1CC[C@H](CCN2CCC(c3cccc4c3CCO4)CC2)CC1,-0.643452676486187,training
O=C(N[C@H]1CC[C@H](CCN2CCC(c3coc4ccccc34)CC2)CC1)C1CCOCC1,-0.656098202012832,training
O=C(N[C@H]1CC[C@H](CCN2CCN(c3cccc4c3OCO4)CC2)CC1)C1CCS(=O)(=O)C1,-0.551449997972875,valid
O=C(N[C@H]1CC[C@H](CCN2CCC(c3cccc4c3OCO4)CC2)CC1)c1ccnc2ccccc12,-0.789580712164425,test
O=C(CC1CC1)N[C@H]1CC[C@H](CCN2CCC(c3coc4ccccc34)CC2)CC1,-0.350248018334163,training
CS(=O)(=O)c1ccc(C(=O)N[C@H]2CC[C@H](CCN3CCC(c4cccc5c4CCO5)CC3)CC2)cc1,-1.14612803567824,training
O=C(N[C@H]1CC[C@H](CCN2CCN(c3nccc4c3CCO4)CC2)CC1)c1ccc(-c2cccnc2)cc1,-1.20682587603185,test
CC1(C(=O)N[C@H]2CC[C@H](CCN3CCC(c4cccc5c4OCO5)CC3)CC2)COC1,-1.59061894820658,training
O=C(N[C@H]1CC[C@H](CCN2CCC(c3cccc4c3CCO4)CC2)CC1)c1ccc(N2CCOCC2)nc1,-1.21218760440396,training
O=C(N[C@H]1CC[C@H](CCN2CCN(c3nccc4c3CCO4)CC2)CC1)c1cnc(N2CCOCC2)cn1,-2.07700432679335,training
Cc1cnc(N2CCN(CC[C@H]3CC[C@H](NC(=O)C4CCOCC4)CC3)CC2)c2ccoc12,-1.86153441085904,training
N#Cc1ccc(C(=O)N[C@H]2CC[C@H](CCN3CCC(c4coc5ccccc45)CC3)CC2)cc1,-0.428134794028789,training
O=S(=O)(CC(F)(F)F)N[C@H]1CC[C@H](CCN2CCN(c3cccc4c3OCO4)CC2)CC1,-0.27415784926368,training
O=C(N[C@H]1CC[C@H](CCN2CCC(c3cccc4c3CCO4)CC2)CC1)c1ccc(-n2cccc2)cc1,-1.02118929906994,training
Cc1cc(CC(=O)N[C@H]2CC[C@H](CCN3CCC(c4cccc5c4CCO5)CC3)CC2)on1,-0.301029995663981,training
CC(C)CC(=O)N[C@H]1CC[C@H](CCN2CCC(c3cccc4c3OCO4)CC2)CC1,-0.698970004336019,training
COC(CC(=O)N[C@H]1CC[C@H](CCN2CCC(c3cccc4c3CCO4)CC2)CC1)OC,-0.679427896612119,training
CO[C@H]1CC[C@H](CC(=O)N[C@H]2CC[C@H](CCN3CCN(c4nccc5c4CCO5)CC3)CC2)CC1,-1.38201704257487,test
O=C(C[C@@H](O)C(F)(F)F)N[C@H]1CC[C@H](CCN2CCC(c3coc4ccccc34)CC2)CC1,-0.359835482339888,training
CCOCCC(=O)N[C@H]1CC[C@H](CCN2CCC(c3cccc4c3OCO4)CC2)CC1,-0.864511081058392,training
CCCC(=O)N[C@H]1CC[C@H](CCN2CCN(c3nccc4c3CCO4)CC2)CC1,-1.18752072083646,valid
O=C(N[C@H]1CC[C@H](CCN2CCC(c3coc4ccccc34)CC2)CC1)c1ccc(F)cc1,-0.484299839346786,training
O=C(CC1CC1)N[C@H]1CC[C@H](CCN2CCC(c3cccc4c3CCO4)CC2)CC1,-0.462397997898956,training
CO[C@@H]1CC[C@@H](CC(=O)N[C@H]2CC[C@H](CCN3CCN(c4nccc5occc45)CC3)CC2)C1,-1.45939248775923,training
CC(=O)N[C@H]1CC[C@H](CCN2CCC(c3cccc4c3OCO4)CC2)CC1,-0.69810054562339,training
O=C(N[C@H]1CC[C@H](CCN2CCC(c3cccc4c3OCO4)CC2)CC1)N1CCc2ccccc21,-0.709269960975831,training
Cc1nc(-c2ccc(C(=O)N[C@H]3CC[C@H](CCN4CCC(c5cccc6c5CCO6)CC4)CC3)cc2)no1,-1.17318626841227,valid
O=S(=O)(N[C@H]1CC[C@H](CCN2CCC(c3cccc4c3OCO4)CC2)CC1)N1CCOCC1,-0.786041210242554,training
O=C(N[C@H]1CC[C@H](CCN2CCC(c3coc4ccccc34)CC2)CC1)c1ccc(N2CCOCC2)cc1,-0.869231719730976,test
Cc1cnc(N2CCN(CC[C@H]3CC[C@H](NC(=O)C4CCOCC4)CC3)CC2)c2c1OCC2,-1.99431715266964,training
O=C(N[C@H]1CC[C@H](CCN2CCN(c3cccc4c3OCO4)CC2)CC1)c1ccc(N2CCOCC2)cc1,-1.54530711646582,training
O=C(N[C@H]1CC[C@H](CCN2CCC(c3coc4ccccc34)CC2)CC1)C1CCC1,-0.267171728403014,training
O=C(C[C@H]1CC[C@H](O)CC1)N[C@H]1CC[C@H](CCN2CCN(c3nccc4occc34)CC2)CC1,-1.73719264270474,training
CN1CCN(c2ccc(C(=O)N[C@H]3CC[C@H](CCN4CCN(c5nccc6c5CCO6)CC4)CC3)cc2)CC1,-1.16731733474818,training
O=C(N[C@H]1CC[C@H](CCN2CCN(c3nccc4c3CCO4)CC2)CC1)C1CCOCC1,-1.58206336291171,training
O=C(C[C@H]1C[C@H](CO)C1)N[C@H]1CC[C@H](CCN2CCN(c3cccc4c3OCO4)CC2)CC1,-0.387389826338729,training
CC(C)(O)CC(=O)N[C@H]1CC[C@H](CCN2CCC(c3cccc4c3OCO4)CC2)CC1,-0.77232170672292,training
COC(CC(=O)N[C@H]1CC[C@H](CCN2CCN(c3nccc4c3CCO4)CC2)CC1)OC,-1.28555730900777,valid
Cn1cnc(S(=O)(=O)N[C@H]2CC[C@H](CCN3CCN(c4cccc5c4OCO5)CC3)CC2)c1,-0.352182518111362,valid
CC(=O)N[C@H]1CC[C@H](CCN2CCN(c3ncc(C)c4occc34)CC2)CC1,-1.33243845991561,training
CC(=O)N[C@H]1CC[C@H](CCN2CCC(c3cccc4c3CCO4)CC2)CC1,-0.778151250383644,training
O=CN[C@H]1CC[C@H](CCN2CCC(c3cccc4c3CCO4)CC2)CC1,-1.06069784035361,valid
CS(=O)(=O)N[C@H]1CC[C@H](CCN2CCC(c3coc4ccccc34)CC2)CC1,-0.45484486000851,training
CC[C@@H](O)CC(=O)N[C@H]1CC[C@H](CCN2CCC(c3cccc4c3CCO4)CC2)CC1,-1.0,test
COCC(=O)N[C@H]1CC[C@H](CCN2CCC(c3cccc4c3OCO4)CC2)CC1,-1.25454807710897,training
Cc1ccc(C(=O)N[C@H]2CC[C@H](CCN3CCC(c4cccc5c4CCO5)CC3)CC2)cn1,-1.00860017176192,test
O=C(N[C@H]1CC[C@H](CCN2CCC(c3cccc4c3OCO4)CC2)CC1)c1ccccc1,-0.559906625036112,training
CO[C@H]1CC[C@H](CC(=O)N[C@H]2CC[C@H](CCN3CCN(c4nccc5occc45)CC3)CC2)CC1,-1.51454775266029,training
CN1CCN(CC(=O)N[C@H]2CC[C@H](CCN3CCC(c4cccc5c4OCO5)CC3)CC2)CC1,-1.29556709996248,training
O=C(CC1COCCO1)N[C@H]1CC[C@H](CCN2CCC(c3cccc4occc34)CC2)CC1,-0.732393759822968,valid
O=C(N[C@H]1CC[C@H](CCN2CCC(c3coc4ccccc34)CC2)CC1)C(O)C(F)(F)F,-0.60422605308447,training
CCS(=O)(=O)N[C@H]1CC[C@H](CCN2CCC(c3cccc4c3CCO4)CC2)CC1,-1.04921802267018,training
O=C(N[C@H]1CC[C@H](CCN2CCN(c3nccc4c3CCO4)CC2)CC1)c1ccc2c(c1)OCO2,-1.3384564936046,training
O=C(N[C@H]1CC[C@H](CCN2CCC(c3coc4ccccc34)CC2)CC1)c1ccc(Cl)cc1,-0.507855871695831,training
CC(C)(C)Oc1ccc(C(=O)N[C@H]2CC[C@H](CCN3CCC(c4coc5ccccc45)CC3)CC2)cc1,-0.330413773349191,training
O=C(N[C@H]1CC[C@H](CCN2CCC(c3ccc(F)c4occc34)CC2)CC1)C1CCOCC1,-1.53147891704226,training
COc1ccc(CCN(CCCc2ccccc2)CCc2ccc3c(c2)OCO3)cc1OC,-2.69722934275972,test
Clc1ccc(N2CCN(CCCCNc3noc(-c4ccccc4)n3)CC2)c(Cl)c1,-2.90848501887865,training
C=CCN(CC=C)CCc1c[nH]c2ccccc12,-2.82999808869738,training
C=CCN(CC=C)CCc1c[nH]c2ccc(F)cc12,-2.08001284710793,training
C=CCN(CC=C)CCc1c[nH]c2ccc(C)cc12,-2.83999939050859,training
C=CCN(CC=C)CCc1c[nH]c2ccc(Cl)cc12,-2.14998845649148,training
C=CCN(CC=C)CCc1c[nH]c2ccc(Br)cc12,-2.37999404016574,test
CN1CCc2ccccc2Cc2sccc2CC1,-1.38021124171161,test
CN1CCc2ccccc2Cc2ccsc2CC1,-1.93951925261862,training
CN1CCc2ccccc2Cc2sc3ccccc3c2CC1,-1.25527250510331,training
CN1C[C@@H]2c3ccccc3Oc3ccc(Cl)cc3[C@H]2C1,-0.973127853599699,training
O=C(NCCCCN1CCN(c2ccccc2F)CC1)c1ccc2ccccc2c1,-0.089905111439398,training
O=C(NCCCCN1CCN(c2ccccc2O)CC1)c1ccc2ccccc2c1,-1.10380372095596,training
Cc1ccccc1N1CCN(CCCCNC(=O)c2ccc3ccccc3c2)CC1,0.136677139879544,training
O=C(NCCCCN1CCN(c2cccc(Cl)c2)CC1)c1ccc2ccccc2c1,-0.672097857935718,training
O=C(NCCCCN1CCN(c2ccc(Cl)cc2)CC1)c1ccc2ccccc2c1,-1.01703333929878,training
Cc1cccc(N2CCN(CCCCNC(=O)c3ccc4ccccc4c3)CC2)c1C,-0.123851640967086,training
O=C(NCCCCN1CCN(c2cccc(C(F)(F)F)c2)CC1)c1ccc2ccccc2c1,-0.041392685158225,training
O=C(NCCCCN1CCN(c2cccc(O)c2)CC1)c1ccc2ccccc2c1,0.698970004336019,training
O=C(NCCCCN1CCN(c2cccc3[nH]ccc23)CC1)c1ccc2ccccc2c1,-0.113943352306837,training
O=C1Cc2c(cccc2N2CCN(CCCCNC(=O)c3ccc4ccccc4c3)CC2)N1,0.301029995663981,valid
O=C(NCCCCN1CCN(c2cccc3[nH]c(=O)[nH]c23)CC1)c1ccc2ccccc2c1,-0.544068044350276,training
CS(=O)(=O)Nc1cccc(N2CCN(CCCCNC(=O)c3ccc4ccccc4c3)CC2)c1,-0.204119982655925,training
CCOC(=O)Nc1cccc(N2CCN(CCCCNC(=O)c3ccc4ccccc4c3)CC2)c1,-0.591064607026499,training
COc1ccccc1N1CCN(CCCCNC(=O)Nc2cccc(Cl)c2)CC1,-0.113943352306837,training
COc1ccccc1N1CCN(CCCCNC(=O)N(C)c2ccccc2)CC1,-1.07918124604762,training
COc1ccccc1N1CCN(CCCCNC(=O)N2CCOCC2)CC1,-0.255272505103306,training
COc1ccccc1N1CCN(CCCCNC(=O)C2CCCCC2)CC1,0.045757490560675,training
COc1ccccc1N1CCN(CCCCNC(=O)CC2CCCCC2)CC1,-0.301029995663981,test
COc1ccccc1N1CCN(CCCCNC(=O)CC(C)C)CC1,-2.0899051114394,test
COc1ccccc1N1CCN(CCCCCOc2ccc3ccccc3c2)CC1,-1.93951925261862,training
Cc1ncoc1-c1nnc(SCCCN2CCOC(c3ccc(C(F)(F)F)cc3)C2)n1C,-1.40001963506516,test
Cc1ncoc1-c1nnc(SCCCCN2CCOC(c3ccc(C(F)(F)F)cc3)C2)n1C,-1.31143596828916,training
Cn1c(SCCCN2CCOC(c3ccc(C(F)(F)F)cc3)C2)nnc1C1CCCCC1,-1.29994290002277,training
Cn1c(SCCCN2CCOC(c3ccc(C(F)(F)F)cc3)C2)nnc1-c1ccc(C(N)=O)nc1,-1.20002926655377,training
Cn1c(SCCCN2CCOC(c3ccc(C(F)(F)F)cc3)C2)nnc1-c1ccc(C(N)=O)cc1,-1.11826472608948,test
CC(=O)c1ccc(-c2nnc(SCCCN3CCOC(c4ccc(C(F)(F)F)cc4)C3)n2C)cc1,-1.29994290002277,test
Cn1c(SCCCN2CCOC(c3ccc(C(F)(F)F)cc3F)C2)nnc1-c1ccc(C(N)=O)cc1,-1.5999921775841,training
Cn1c(SCCCN2CCOC(c3ccc(C(F)(F)F)cc3)C2)nnc1-c1ccc(-c2ncco2)cc1,-0.818291890799996,training
Cn1c(SCCCN2CCOC(c3ccc(C(F)(F)F)cc3)C2)nnc1-c1ccc(-c2nnco2)cc1,-1.10002573010786,training
Cc1nc(-c2ccc(-c3nnc(SCCCN4CCOC(c5ccc(C(F)(F)F)cc5)C4)n3C)cc2)no1,-1.0,training
Cc1ccc(C2CN(CCCSc3nnc(-c4ccc(-c5noc(C)n5)cc4)n3C)CCO2)cc1,-1.20002926655377,training
Cc1ncoc1-c1nnc(SCCCN2CC3CCN(c4ccc(C(F)(F)F)cc4F)C3C2)n1C,-0.391420327742034,test
Cc1ncoc1-c1nnc(SCCCN2CC3CCN(c4ccccc4)C3C2)n1C,-0.695153204661679,training
Cc1ncoc1-c1nnc(SCCCN2CC3OCCN(c4ccc(C(F)(F)F)cc4)C3C2)n1C,-1.49996186559619,training
Cc1ncoc1-c1nnc(SCCCN2CC3CCCN(c4ccc(C(F)(F)F)cc4)C3C2)n1C,-1.10002573010786,training
Cc1ncoc1-c1nnc(SCCCN2CC3CN(c4ccc(C(F)(F)F)cc4)C3C2)n1C,-1.5999921775841,training
Cn1c(SCCCN2CC3CCN(c4ccc(F)cc4)C3C2)nnc1C1CCCCC1,-0.65590002392699,training
Cn1c(SCCCN2CC3CCN(c4ccc(C(F)(F)F)cc4)C3C2)nnc1C1CCCC1,0.333513219882067,training
Cn1c(SCCCN2CC3CCN(c4ccc(F)cc4)C3C2)nnc1C1CCOCC1,0.400007822415902,training
Cn1c(SCCCN2CC3CCN(c4ccccc4)C3C2)nnc1C1CCOCC1,-1.16652878349767,valid
Cn1c(SCCCN2CC3CCN(c4ccc(C(F)(F)F)cc4)C3C2)nnc1N1CCOCC1,-0.483729899000024,training
Cn1c(SCCCN2CC3CCN(c4c(F)cc(F)cc4F)C3C2)nnc1-c1ccn(C)c(=O)c1,-0.775391971696612,training
Cn1c(SCCCN2CC3CCN(c4ccc(F)cc4)C3C2)nnc1-c1ccn(C)c(=O)c1,-0.899984562549391,training
Cn1c(SCCCN2CC3CCN(c4ccc(F)cc4)C3C2)nnc1-c1cc[nH]c(=O)c1,-1.0,training
Cn1c(SCCCN2CC3CCN(c4ccc(C(F)(F)F)cc4)C3C2)nnc1-c1ccc(=O)n(C)c1,-0.800029359244134,test
Cn1c(SCCCN2CC3CCN(c4ccc(C(F)(F)F)cc4)C3C2)nnc1-c1ccc(=O)[nH]c1,-0.599992177584098,training
Cn1c(SCCCN2CC3CCN(c4ccc(C(F)(F)F)cc4)C3C2)nnc1-c1cc[nH]c(=O)c1,-0.899984562549391,training
Cn1c(SCCCN2CC3CCN(c4ccccc4C(F)(F)F)C3C2)nnc1-c1ccccn1,-0.700011062322112,training
Cn1c(SCCCN2CC3CCN(c4ccccc4C(F)(F)F)C3C2)nnc1-c1ccncc1,-0.700011062322112,training
Cn1c(SCCCN2CC3CCN(c4ccc(C(F)(F)F)cc4)C3C2)nnc1-c1ccccn1,-0.20002926655377,training
Cn1c(SCCCN2CC3CCN(c4ccc(C(F)(F)F)cc4)C3C2)nnc1-c1ccncc1,-0.299942900022767,training
Cn1c(SCCCN2CC3CCN(c4ccc(C(F)(F)F)cc4)C3C2)nnc1-c1cccnc1,-0.49996186559619,training
Cc1cc(-c2nnc(SCCCN3CC4CCN(c5ccc(C(F)(F)F)cc5)C4C3)n2C)on1,-0.400019635065159,training
Cn1c(SCCCN2CC3CCN(c4ccc(C(F)(F)F)cc4)C3C2)nnc1-c1nccs1,-0.299942900022767,training
Cn1cc(-c2nnc(SCCCN3CC4CCN(c5ccc(C(F)(F)F)cc5)C4C3)n2C)cn1,-0.49996186559619,training
Cn1c(SCCCN2CC3CCN(c4ccc(C(F)(F)F)cc4)C3C2)nnc1-c1cccnn1,-1.70001106232211,training
Cn1c(SCCCN2CC3CCN(c4ccc(C(F)(F)F)cc4)C3C2)nnc1-c1ccnnc1,-1.10002573010786,training
Cn1c(SCCCN2CC3CCN(c4ccc(C(F)(F)F)cc4)C3C2)nnc1-c1ccncn1,-0.100025730107863,training
Cn1c(SCCCN2CC3CCN(c4ccc(C(F)(F)F)cc4)C3C2)nnc1-c1cncnc1,-1.70001106232211,training
Cn1c(SCCCN2CC3CCN(c4c(F)cc(F)cc4F)C3C2)nnc1-c1cnccn1,0.0,valid
Cn1c(SCCCN2CC3CCN(c4c(F)cccc4F)C3C2)nnc1-c1cnccn1,-0.400019635065159,training
Cn1c(SCCCN2CC3CCN(c4c(F)cccc4C(F)(F)F)C3C2)nnc1-c1cnccn1,-0.599992177584098,test
Cn1c(SCCCN2CC3CCN(c4ccc(F)cc4C(F)(F)F)C3C2)nnc1-c1cnccn1,-1.40001963506516,training
COc1cc(N2CCC3CN(CCCSc4nnc(-c5cnccn5)n4C)CC32)ccc1F,-0.49996186559619,training
Cn1c(SCCCN2CC3CCN(c4ccc(F)cc4F)C3C2)nnc1-c1cnccn1,-1.0,training
Cn1c(SCCCN2CC3CCN(c4ccccc4C#N)C3C2)nnc1-c1cnccn1,-0.800029359244134,training
Cn1c(SCCCN2CC3CCN(c4cccc(C#N)c4)C3C2)nnc1-c1cnccn1,-0.299942900022767,training
Cn1c(SCCCN2CC3CCN(c4ccc(C#N)cc4)C3C2)nnc1-c1cnccn1,-2.09999123354468,training
Cn1c(SCCCN2CC3CCN(c4ccccc4OC(F)(F)F)C3C2)nnc1-c1cnccn1,0.100015437450609,training
Cn1c(SCCCN2CC3CCN(c4cccc(OC(F)(F)F)c4)C3C2)nnc1-c1cnccn1,0.50003813440381,training
Cn1c(SCCCN2CC3CCN(c4ccc(OC(F)(F)F)cc4)C3C2)nnc1-c1cnccn1,-1.10002573010786,valid
COc1ccccc1N1CCC2CN(CCCSc3nnc(-c4cnccn4)n3C)CC21,-1.20002926655377,training
COc1cccc(N2CCC3CN(CCCSc4nnc(-c5cnccn5)n4C)CC32)c1,-0.899984562549391,training
COc1ccc(N2CCC3CN(CCCSc4nnc(-c5cnccn5)n4C)CC32)cc1,-1.49996186559619,valid
Cc1ccccc1N1CCC2CN(CCCSc3nnc(-c4cnccn4)n3C)CC21,-2.09999123354468,training
Cc1cccc(N2CCC3CN(CCCSc4nnc(-c5cnccn5)n4C)CC32)c1,-0.599992177584098,test
Cc1ccc(N2CCC3CN(CCCSc4nnc(-c5cnccn5)n4C)CC32)cc1,-0.899984562549391,training
Cn1c(SCCCN2CC3CCN(c4ccccc4F)C3C2)nnc1-c1cnccn1,-1.10002573010786,training
Cn1c(SCCCN2CC3CCN(c4cccc(F)c4)C3C2)nnc1-c1cnccn1,-0.700011062322112,training
Cn1c(SCCCN2CC3CCN(c4ccc(F)cc4)C3C2)nnc1-c1cnccn1,-0.299942900022767,training
Cn1c(SCCCN2CC3CCN(c4ccccc4C(F)(F)F)C3C2)nnc1-c1cnccn1,-0.452859335795852,training
Cn1c(SCCCN2CC3CCN(c4cccc(C(F)(F)F)c4)C3C2)nnc1-c1cnccn1,0.700057099977233,training
Cn1c(SCCCN2CC3CCN(c4ccc(C(F)(F)F)cc4)C3C2)nnc1-c1cnccn1,-0.401457983342557,training
Cc1ncoc1-c1nnc(SCCCN2CC3CCN(c4ccccc4OC(F)(F)F)C3C2)n1C,0.0,training
Cc1ncoc1-c1nnc(SCCCN2CC3CCN(c4c(F)cccc4F)C3C2)n1C,-0.400019635065159,training
Cc1ncoc1-c1nnc(SCCCN2CC3CCN(c4ccc(Cl)cc4Cl)C3C2)n1C,-0.700011062322112,training
Cc1ncoc1-c1nnc(SCCCN2CC3CCN(c4cc(Cl)cc(Cl)c4)C3C2)n1C,0.400007822415902,test
Cc1ncoc1-c1nnc(SCCCN2CC3CCN(c4cccc(C#N)c4)C3C2)n1C,-0.44477321620944,training
Cc1ncoc1-c1nnc(SCCCN2CC3CCN(c4cccc(F)c4)C3C2)n1C,-0.49996186559619,training
Cc1ncoc1-c1nnc(SCCCN2CC3CCN(c4ccc(OC(F)(F)F)cc4)C3C2)n1C,-1.10002573010786,training
Cc1ncoc1-c1nnc(SCCCN2CC3CCN(c4ccc(F)cc4)C3C2)n1C,-0.445256420925316,training
Cc1ncoc1-c1nnc(SCCCN2CC3CCN(c4ccc(C(F)(F)F)cc4)C3C2)n1C,-0.351667493465291,training
CCN(CCc1ccc(O)c(OC)c1)Cc1cccc(O)c1OC,-3.25791845031406,training
COc1cc(CCN(C)Cc2cccc(O)c2OC)ccc1O,-3.42813479402879,training
COc1cc2c(cc1O)C(C)N(Cc1cccc(O)c1OC)CC2,-3.13576851456782,training
COc1cc2c(cc1O)C1Cc3ccc(OCC4CC4)c(OC)c3CN1CC2,-1.73239375982297,training
COc1cc2c(cc1O)C1Cc3ccc(OCCCO)c(OC)c3CN1CC2,-2.04139268515822,training
CCCCCCOc1ccc2c(c1OC)CN1CCc3cc(OC)c(O)cc3C1C2,-2.34242268082221,training
CCCCCOc1ccc2c(c1OC)CN1CCc3cc(OC)c(O)cc3C1C2,-2.00432137378264,training
CCCCOc1ccc2c(c1OC)CN1CCc3cc(OC)c(O)cc3C1C2,-1.81291335664286,training
CCCOc1ccc2c(c1OC)CN1CCc3cc(OC)c(O)cc3C1C2,-1.72427586960079,training
CCOc1ccc2c(c1OC)CN1CCc3cc(OC)c(O)cc3C1C2,-1.64345267648619,training
CCCN(CCC)[C@@H]1Cc2cccc3c2n(c(=O)n3CCC)C1,-0.673941998634088,training
CCCN(CCC)[C@@H]1Cc2cccc3nc(O)n(c23)C1,-1.43296929087441,training
CN[C@@H]1Cc2cc(C#N)cc3[nH]c(=O)n(c23)C1,-4.4345689040342,valid
COc1cc(CCNCCc2ccc(O)c3[nH]c(=O)ccc23)ccc1OCCCc1ccccc1,-1.25527250510331,test
COc1cc(CCNCCc2ccc(O)c(O)c2)ccc1OCCCc1ccccc1,-1.07918124604762,training
COc1cc(CCNCCc2ccc(O)c3c2OCC(=O)N3)ccc1OCCCc1ccccc1,-0.544068044350276,training
COc1ccccc1OCCNCCc1ccc(O)c(O)c1,-1.39794000867204,valid
CC(C)NCC(O)c1ccc(O)c(O)c1,-3.67209785793572,training
O=C1c2ccccc2C(=O)N1CCCCN1CCc2ccccc2C1,-2.69556484992804,training
O=C1c2ccccc2C(=O)N1CCCCN1CCC2CCCCC2C1,-2.79967131449768,training
c1ccc2c(c1)CCN(CCCCc1c[nH]c3ccccc13)C2,-2.67058906989369,training
O=C(CCCN1CCc2ccccc2C1)c1ccc(F)cc1,-1.85733249643127,valid
O=C(CCCN1CCc2ccccc2C1)c1ccccc1,-2.20841448094848,training
N#Cc1ccc(C(=O)CCCN2CCc3ccccc3C2)cc1,-2.52817082108717,training
NC(=O)c1ccc(C(=O)CCCN2CCc3ccccc3C2)cc1,-1.18723861983148,training
COc1ccc(C(=O)CCCN2CCc3ccccc3C2)cc1,-1.5798978696031,training
O=C(CCCN1CCc2ccccc2C1)c1ccc(O)cc1,-2.15766827273877,training
O=C(CCCN1CCc2ccccc2C1)c1ccc(Cl)cc1,-1.23019337886905,test
O=C1NCN(c2ccccc2)C12CCN(CCCCc1nc3cc(Cl)ccc3s1)CC2,-2.69905251244956,training
O=C(CCCCN1CCC2(CC1)C(=O)NCN2c1ccccc1)c1nc2ccccc2s1,-1.25261034056737,training
O=C1NCN(c2ccccc2)C12CCN(CCCCc1nc3ccccc3o1)CC2,-1.32108036469724,training
O=C1NCN(c2ccccc2)C12CCN(CCCCc1c[nH]c3ccccc13)CC2,-1.49568306761692,valid
O=c1[nH]c2cc(Cl)ccc2n1C1CCN(CCCCc2nc3ccccc3s2)CC1,-2.21109383105896,training
O=C(CCCCN1CCC(n2c(=O)[nH]c3cc(Cl)ccc32)CC1)c1nc2ccccc2s1,-1.80311555489003,valid
O=c1[nH]c2cc(Cl)ccc2n1C1CCN(CCCCc2nc3ccccc3o2)CC1,-2.03871948601689,training
O=c1[nH]c2cc(Cl)ccc2n1C1CCN(CCCCc2c[nH]c3ccccc23)CC1,-1.71231290868137,training
Fc1ccc(C(c2ccc(F)cc2)N2CCN(CCCCc3nc4ccccc4s3)CC2)cc1,-1.50933695801764,training
O=C(CCCCN1CCN(C(c2ccc(F)cc2)c2ccc(F)cc2)CC1)c1nc2ccccc2s1,-2.38398582002896,training
OC1(c2ccc(Cl)cc2)CCN(CCCCc2nc3ccccc3s2)CC1,-2.46194849520376,training
OC1(c2ccc(Cl)cc2)CCN(CCCCc2nc3ccccc3o2)CC1,-2.97405090279288,training
O=C1NCN(c2ccccc2)C12CCN(CCCCc1nc3ccccc3s1)CC2,-1.50758603976301,training
O=C(CCCN1CCC(n2c(O)nc3ccccc32)CC1)c1ccc(F)cc1,0.537602002101044,valid
Cc1nc(C(N)=O)ccc1-c1nnc(SCCCN2CC[C@]3(C[C@@H]3c3ccc(C(F)(F)F)cc3)C2)n1C,0.014326582729712,training
Cc1ncoc1-c1nnc(SCCN2CC[C@@]3(C[C@@H]3c3ccc(C(F)(F)F)cc3)C2)n1C,-1.35005409357903,training
Cc1ncoc1-c1nnc(SCC(O)CN2CC[C@@]3(C[C@H]3c3ccc(C(F)(F)F)cc3)C2)n1C,-1.29994290002277,test
Cn1c(SCCCN2CC[C@]3(C[C@@H]3c3ccc(C(F)(F)F)cc3)C2)nnc1-c1cccs1,0.244277555096542,training
Cn1c(SCCCN2CC[C@]3(C[C@@H]3c3ccc(C(F)(F)F)cc3)C2)nnc1-c1ccsc1,0.240030142445693,training
Cn1c(SCCCN2CC[C@]3(C[C@@H]3c3ccc(C(F)(F)F)cc3)C2)nnc1-c1ccco1,-0.139879086401237,test
Cn1c(SCCCN2CC[C@]3(C[C@@H]3c3ccc(C(F)(F)F)cc3)C2)nnc1-c1ccoc1,-0.220108088040055,training
Cn1cc(-c2nnc(SCCCN3CC[C@]4(C[C@@H]4c4ccc(C(F)(F)F)cc4)C3)n2C)cn1,-0.380030247967831,training
Cn1nccc1-c1nnc(SCCCN2CC[C@]3(C[C@@H]3c3ccc(C(F)(F)F)cc3)C2)n1C,-0.240049772112648,training
Cc1cc(-c2nnc(SCCCN3CC[C@]4(C[C@@H]4c4ccc(C(F)(F)F)cc4)C3)n2C)on1,-0.430075055551939,training
Cn1c(SCCCN2CC[C@]3(C[C@@H]3c3ccc(C(F)(F)F)cc3)C2)nnc1-c1ccc(C(N)=O)cc1,0.562645872151825,training
Cn1c(SCCCN2CC[C@]3(C[C@@H]3c3ccc(C(F)(F)F)cc3)C2)nnc1-c1cccc(C(N)=O)c1,0.288192770958809,training
Cn1c(SCCCN2CC[C@]3(C[C@@H]3c3ccc(C(F)(F)F)cc3)C2)nnc1-c1ccccc1C(N)=O,-1.18012587516405,training
Cn1c(SCCCN2CC[C@]3(C[C@@H]3c3ccc(C(F)(F)F)cc3)C2)nnc1-c1ccc(S(N)(=O)=O)cc1,0.50003813440381,training
CC(=O)c1ccc(-c2nnc(SCCCN3CC[C@]4(C[C@@H]4c4ccc(C(F)(F)F)cc4)C3)n2C)cc1,0.680061560019691,training
Cn1c(SCCCN2CC[C@]3(C[C@@H]3c3ccc(C(F)(F)F)cc3)C2)nnc1-c1ccc(C#N)cc1,0.580044251510242,training
Cn1c(SCCCN2CC[C@]3(C[C@@H]3c3ccc(C(F)(F)F)cc3)C2)nnc1-c1ccc(CC(N)=O)cc1,0.070019409484485,training
Cn1c(SCCCN2CC[C@]3(C[C@@H]3c3ccc(C(F)(F)F)cc3)C2)nnc1-c1ccc(-c2ncco2)cc1,1.16238000081234,training
Cn1c(SCCCN2CC[C@]3(C[C@@H]3c3ccc(C(F)(F)F)cc3)C2)nnc1-c1cccc(-c2ncco2)c1,0.564553813636285,training
Cn1c(SCCCN2CC[C@]3(C[C@@H]3c3ccc(C(F)(F)F)cc3F)C2)nnc1-c1cccnc1,-0.074633618296904,training
Cn1c(SCCCN2CC[C@]3(C[C@@H]3c3ccccc3)C2)nnc1-c1cccnc1,-1.46996920949996,training
Cn1c(SCCCN2CC[C@]3(C[C@@H]3c3ccc(F)cc3F)C2)nnc1-c1cccnc1,-0.140979163476971,training
Cn1c(SCCCN2CC[C@]3(C[C@@H]3c3ccc(F)cc3)C2)nnc1-c1cccnc1,-0.299942900022767,valid
Cc1ncccc1-c1nnc(SCCCN2CC[C@]3(C[C@@H]3c3ccc(C(F)(F)F)cc3)C2)n1C,-0.519959180752068,training
Cn1c(SCCCN2CC[C@]3(C[C@@H]3c3ccc(C(F)(F)F)cc3)C2)nnc1-c1cccnc1C(F)(F)F,-0.84997191232885,training
COc1ncccc1-c1nnc(SCCCN2CC[C@]3(C[C@@H]3c3ccc(C(F)(F)F)cc3)C2)n1C,-0.409933123331294,valid
Cn1c(SCCCN2CC[C@]3(C[C@@H]3c3ccc(C(F)(F)F)cc3)C2)nnc1-c1ccc(C#N)nc1,-0.159867847092567,training
Cn1c(SCCCN2CC[C@]3(C[C@@H]3c3ccc(C(F)(F)F)cc3)C2)nnc1-c1ccc(C(N)=O)nc1,0.364717362001788,training
Cc1ccc(-c2nnc(SCCCN3CC[C@]4(C[C@@H]4c4ccc(C(F)(F)F)cc4)C3)n2C)c(C)n1,-0.519959180752068,training
Cc1nc(C(=O)O)ccc1-c1nnc(SCCCN2CC[C@]3(C[C@@H]3c3ccc(C(F)(F)F)cc3)C2)n1C,-1.56002624891289,training
Cn1c(SCCCN2CC[C@]3(C[C@@H]3c3ccc(C(F)(F)F)cc3)C2)nnc1-c1ccn(C)c(=O)c1,-0.697316541732383,training
Cn1c(SCCCN2CC[C@]3(C[C@@H]3c3ccc(C(F)(F)F)cc3)C2)nnc1C1CCN(C(N)=O)CC1,-0.700833467028543,training
Cn1c(SCCCN2CC[C@]3(C[C@@H]3c3ccc(C(F)(F)F)cc3)C2)nnc1C1CCOCC1,-0.195761320036061,training
Cn1c(SCCCN2CC[C@]3(C[C@@H]3c3ccc(C(F)(F)F)cc3)C2)nnc1C1CC2CCC(C1)O2,-0.425289616446794,training
Cn1c(SCCCN2CC[C@]3(C[C@@H]3c3ccc(C(F)(F)F)cc3)C2)nnc1C1CCCCC1,0.501551596826,valid
Cn1c(SCCCN2CC[C@]3(C[C@@H]3c3ccc(C(F)(F)F)cc3)C2)nnc1C1=CCC(=O)N=C1,-0.57030938543588,training
Cn1c(SCCCN2CC[C@]3(C[C@@H]3c3ccc(C(F)(F)F)cc3)C2)nnc1C1=CC=NC(=O)C1,-0.660011221289331,training
CC(=O)NC1CCC(c2nnc(SCCCN3CC[C@]4(C[C@@H]4c4ccc(C(F)(F)F)cc4)C3)n2C)CC1,-0.439963935920905,test
Cn1c(SCCCN2CC[C@]3(C[C@@H]3c3ccc(C(F)(F)F)cc3)C2)nnc1-c1ccc(=O)n(C)c1,-0.240049772112648,training
Cn1c(SCCCN2CC[C@]3(C[C@@H]3c3ccc(C(F)(F)F)cc3)C2)nnc1C1CCNC(=O)C1,-0.971043791836029,training
CN1CCC(c2nnc(SCCCN3CC[C@]4(C[C@@H]4c4ccc(C(F)(F)F)cc4)C3)n2C)CC1=O,-1.03100428136354,valid
C1=C(CCN2CCc3ccccc3C2)Cc2ccccc21,-1.94726212696633,training
C1=C(CCN2CCc3ccccc3C2)CCc2ccccc21,-2.26741814994189,training
O=C1Cc2cc(C(=O)CCCN3CCc4ccccc4C3)ccc2N1,-1.81977418217682,training
O=C1c2ccc(F)cc2CC1CCN1CCc2ccccc2C1,-2.34915120421503,test
CCCCN1C2CCC1CC(OC(c1ccc(F)cc1)c1ccc(F)cc1)C2,-1.53655844257153,training
Fc1ccc(C(SCCNCCCc2ccccc2)c2ccc(F)cc2)cc1,-1.81888541459401,training
CC(O)CN1CCN(CCSC(c2ccc(F)cc2)c2ccc(F)cc2)CC1,-2.62736585659273,training
CC(O)CN1CCN(CC[S+](O)C(c2ccc(F)cc2)c2ccc(F)cc2)CC1,-2.68124123737559,training
OC(Cc1ccccc1)CN1CCN(CC[S+](O)C(c2ccc(F)cc2)c2ccc(F)cc2)CC1,-2.81424759573192,test
NC(=O)C[S@+](O)C(c1ccccc1)c1ccccc1,-4.5910646070265,training
CNCC1Cc2ccc3c(ccn3S(=O)(=O)c3cccc4ccccc34)c21,-2.40000234592796,training
CNCC1Cc2ccc3c(ccn3S(=O)(=O)c3ccccc3)c21,-3.10000158280135,training
CC(=O)Nc1ccc(CCN(C)CC2Cc3ccc4c(ccn4S(=O)(=O)c4ccccc4)c32)cc1,-2.70000239714225,training
CN[C@H]1c2c(ccc3c2ccn3S(=O)(=O)c2ccccc2)[C@@H]1CCO,-3.10000158280135,training
CN[C@H]1c2ccc3c(ccn3S(=O)(=O)c3ccccc3)c2[C@@H]1CCO,-3.10000158280135,training
O=S(=O)(c1ccccc1)n1ccc2c3c(ccc21)[C@H]1CCNCC[C@@H]31,-3.0,training
CNCC1Cc2cc3ccn(S(=O)(=O)c4cccc5ccccc45)c3cc21,-2.90000096515347,training
O=S(=O)(c1ccccc1)n1ccc2cc3c(cc21)[C@H]1CCNCC[C@@H]31,-3.50000032134294,training
Nc1ccc2c(N3CCN(CC[C@H]4CC[C@H](NC(=O)c5ccco5)CC4)CC3)nsc2c1,-0.041392685158225,training
O=C(N[C@H]1CC[C@H](CCN2CCN(c3nsc4cc([N+](=O)[O-])ccc34)CC2)CC1)c1ccco1,0.619788758288394,test
O=C(NC[C@H]1CC[C@H](CN2CCN(c3nsc4cc(Cl)ccc34)CC2)CC1)c1ccco1,1.29242982390206,training
O=C(NC[C@H]1CC[C@H](CN2CCN(c3nsc4ccccc34)CC2)CC1)c1ccco1,0.0,training
CCOC(=O)N1CCC(CCN2CCN(c3nsc4ccccc34)CC2)CC1,-0.939519252618618,training
O=C(c1ccco1)N1CCC(CCN2CCN(c3nsc4ccccc34)CC2)CC1,-0.863322860120456,training
O=C(N[C@H]1CC[C@H](CCN2CCN(c3nsc4ccccc34)CC2)CC1)c1cc2ccccc2[nH]1,1.53760200210104,valid
O=S(=O)(N[C@H]1CC[C@H](CCN2CCN(c3nsc4ccccc34)CC2)CC1)c1cccnc1,1.23657200643706,training
CN([C@H]1CC[C@H](CCN2CCN(c3nsc4ccccc34)CC2)CC1)S(=O)(=O)c1cccs1,1.33724216831843,training
O=S(=O)(N[C@H]1CC[C@H](CCN2CCN(c3nsc4ccccc34)CC2)CC1)c1cccs1,1.36653154442041,training
O=C(N[C@H]1CC[C@H](CCN2CCN(c3nsc4ccccc34)CC2)CC1)c1cccnc1,1.04575749056068,training
O=C(N[C@H]1CC[C@H](CCN2CCN(c3nsc4ccccc34)CC2)CC1)c1ccc[nH]1,0.508638306165727,test
O=C(N[C@H]1CC[C@H](CCN2CCN(c3nsc4ccccc34)CC2)CC1)c1cccs1,1.2518119729938,training
Cc1ccc(S(=O)(=O)N[C@H]2CC[C@H](CCN3CCN(c4nsc5ccccc45)CC3)CC2)cc1,1.20760831050175,training
O=C(N[C@H]1CC[C@H](CCN2CCN(c3nsc4ccccc34)CC2)CC1)c1ccccc1,1.32790214206428,valid
O=C(N[C@H]1CC[C@H](CCN2CCN(c3nsc4ccccc34)CC2)CC1)C1CC1,0.677780705266081,valid
O=C(N[C@H]1CC[C@H](CCN2CCN(c3nsc4ccccc34)CC2)CC1)C1CCCCC1,0.721246399047171,training
CCCS(=O)(=O)N[C@H]1CC[C@H](CCN2CCN(c3nsc4ccccc34)CC2)CC1,0.657577319177794,training
CS(=O)(=O)N[C@H]1CC[C@H](CCN2CCN(c3nsc4ccccc34)CC2)CC1,1.02227639471115,training
O=C(N[C@H]1CC[C@H](CCN2CCN(c3nsc4ccccc34)CC2)CC1)C(F)(F)F,0.568636235841013,test
CCCC(=O)N[C@H]1CC[C@H](CCN2CCN(c3nsc4ccccc34)CC2)CC1,0.853871964321762,training
CCC(=O)N[C@H]1CC[C@H](CCN2CCN(c3nsc4ccccc34)CC2)CC1,1.2839966563652,test
CC(=O)N[C@H]1CC[C@H](CCN2CCN(c3nsc4ccccc34)CC2)CC1,0.795880017344075,training
COCC(=O)N[C@H]1CC[C@H](CCN2CCN(c3nsc4ccccc34)CC2)CC1,0.508638306165727,training
CN(C(=O)N[C@H]1CC[C@H](CCN2CCN(c3nsc4ccccc34)CC2)CC1)c1ccccc1,-0.079181246047625,training
O=C(Nc1cccnc1)N[C@H]1CC[C@H](CCN2CCN(c3nsc4ccccc34)CC2)CC1,1.25963731050576,training
O=C(Nc1ccccc1)N[C@H]1CC[C@H](CCN2CCN(c3nsc4ccccc34)CC2)CC1,1.36653154442041,test
O=C(NCc1ccccc1)N[C@H]1CC[C@H](CCN2CCN(c3nsc4ccccc34)CC2)CC1,0.744727494896694,training
O=C(N[C@H]1CC[C@H](CCN2CCN(c3nsc4ccccc34)CC2)CC1)N1CCOCC1,-0.204119982655925,training
CCN(C)C(=O)N[C@H]1CC[C@H](CCN2CCN(c3nsc4ccccc34)CC2)CC1,0.10790539730952,valid
CC(C)N(C(=O)N[C@H]1CC[C@H](CCN2CCN(c3nsc4ccccc34)CC2)CC1)C(C)C,-0.146128035678238,training
CN(C)C(=O)N[C@H]1CC[C@H](CCN2CCN(c3nsc4ccccc34)CC2)CC1,0.397940008672038,training
N[C@H]1CC[C@H](CCN2CCN(c3nsc4ccccc34)CC2)CC1,-0.982271233039568,training
CCOc1c(O)cc(Br)c2c1CN1CCc3cc(OC)c(O)cc3[C@@H]1C2,-2.57170883180869,training
CCCOc1c(O)cc(Br)c2c1CN1CCc3cc(OC)c(O)cc3[C@@H]1C2,-2.29003461136252,test
CCCCCOc1c(O)cc(Br)c2c1CN1CCc3cc(OC)c(O)cc3[C@@H]1C2,-3.55690526905545,training
CCCCCCOc1c(O)cc(Br)c2c1CN1CCc3cc(OC)c(O)cc3[C@@H]1C2,-3.50119624202709,training
CCC(C)Oc1c(O)cc(Br)c2c1CN1CCc3cc(OC)c(O)cc3[C@@H]1C2,-3.31597034545692,training
COCCOc1c(O)cc(Br)c2c1CN1CCc3cc(OC)c(O)cc3[C@@H]1C2,-2.86093662070009,training
CCOc1c(O)ccc2c1CN1CCc3cc(OC)c(O)cc3[C@@H]1C2,-2.02530586526477,training
CCCOc1c(O)ccc2c1CN1CCc3cc(OC)c(O)cc3[C@@H]1C2,-2.24303804868629,valid
CCCCOc1c(O)ccc2c1CN1CCc3cc(OC)c(O)cc3[C@@H]1C2,-2.11727129565576,training
CCCCCOc1c(O)ccc2c1CN1CCc3cc(OC)c(O)cc3[C@@H]1C2,-3.50691072555152,training
CCCCCCOc1c(O)ccc2c1CN1CCc3cc(OC)c(O)cc3[C@@H]1C2,-2.29003461136252,training
CCC(C)Oc1c(O)ccc2c1CN1CCc3cc(OC)c(O)cc3[C@@H]1C2,-2.65321251377534,training
COCCOc1c(O)ccc2c1CN1CCc3cc(OC)c(O)cc3[C@@H]1C2,-1.49136169383427,training
O=C(NCCC(O)CN1CCN(c2cccc(Cl)c2Cl)CC1)c1cc2cc(F)ccc2o1,-0.204119982655925,training
COc1ccccc1N1CCN(CC(O)CCNC(=O)c2cc3cc(F)ccc3o2)CC1,0.187086643357144,training
COc1ccc2oc(C(=O)NCCC(O)CN3CCN(c4cccc(Cl)c4Cl)CC3)cc2c1,-0.113943352306837,training
COc1ccc2oc(C(=O)NCCC(O)CN3CCN(c4ccccc4OC)CC3)cc2c1,0.0,training
CS(=O)(=O)c1ccc2c(c1)N(CCCN1CCC(C(N)=O)CC1)c1ccccc1S2,0.214670164989233,test
CC(=O)N[C@H]1CC[C@H](CCN2CCC(c3noc4cc(F)ccc34)CC2)CC1,-0.695831772826692,training
O=C(N[C@H]1CC[C@H](CCN2CCC(c3noc4cc(F)ccc34)CC2)CC1)C1CCOCC1,-0.9887372752888,training
COCCC(=O)N[C@H]1CC[C@H](CCN2CCC(c3noc4cc(F)ccc34)CC2)CC1,-0.676602169582018,training
O=C(N[C@H]1CC[C@H](CCN2CCC(c3noc4cc(F)ccc34)CC2)CC1)c1ccc(N2CCOCC2)cc1,-1.44963265047007,training
O=C(N[C@H]1CC[C@H](CCN2CCC(c3noc4cc(F)ccc34)CC2)CC1)c1ccc(N2CCOCC2)nc1,-0.900257858437778,training
O=C(N[C@H]1CC[C@H](CCN2CCC(c3noc4cc(F)ccc34)CC2)CC1)c1cnc(N2CCOCC2)cn1,-1.28869626059026,training
O=C(N[C@H]1CC[C@H](CCN2CCC(c3noc4cc(F)ccc34)CC2)CC1)c1ccc(N2CCOCC2)nn1,-1.40363518979055,training
O=C(N[C@H]1CC[C@H](CCN2CCC(c3noc4cc(F)ccc34)CC2)CC1)c1cnc(N2CCOCC2)nc1,-1.18582535961296,training
O=C(N[C@H]1CC[C@H](CCN2CCC(c3noc4cc(F)ccc34)CC2)CC1)c1ccc(N2CCOCC2)c(F)c1,-1.65590641818022,training
CN(C)c1ccc(C(=O)N[C@H]2CC[C@H](CCN3CCC(c4noc5cc(F)ccc45)CC3)CC2)cc1,-1.06145247908719,training
O=C(Cc1ccc2c(c1)OCO2)N[C@H]1CC[C@H](CCN2CCC(c3noc4cc(F)ccc34)CC2)CC1,-0.6036855496147,training
COc1ccc(C(=O)N[C@H]2CC[C@H](CCN3CCC(c4noc5cc(F)ccc45)CC3)CC2)cc1,-0.655618583541222,training
CC(C)(C)Oc1ccc(C(=O)N[C@H]2CC[C@H](CCN3CCC(c4noc5cc(F)ccc45)CC3)CC2)cc1,-0.533644978798763,training
O=C(N[C@H]1CC[C@H](CCN2CCC(c3noc4cc(F)ccc34)CC2)CC1)c1ccc(Cl)cc1,-0.543819805142658,training
O=C(N[C@H]1CC[C@H](CCN2CCC(c3noc4cc(F)ccc34)CC2)CC1)c1ccc(N2CCS(=O)(=O)CC2)cc1,-0.669688708056208,training
O=C(N[C@H]1CC[C@H](CCN2CCC(c3noc4cc(F)ccc34)CC2)CC1)c1ccnc(N2CCOCC2)c1,-0.759441197133698,valid
COc1cc(C(=O)N[C@H]2CC[C@H](CCN3CCC(c4noc5cc(F)ccc45)CC3)CC2)ccn1,-0.572639297042813,training
O=C(N[C@H]1CC[C@H](CCN2CCC(c3noc4cc(F)ccc34)CC2)CC1)c1ccc(N2CCCCC2)cc1,-0.938769822783118,training
O=C(N[C@H]1CC[C@H](CCN2CCC(c3noc4cc(F)ccc34)CC2)CC1)C1COc2ccccc2O1,-1.10243370568134,training
Cc1ccn(CC(=O)N[C@H]2CC[C@H](CCN3CCC(c4noc5cc(F)ccc45)CC3)CC2)n1,-1.44122367424261,training
O=C(N[C@H]1CC[C@H](CCN2CCC(c3noc4cc(F)ccc34)CC2)CC1)c1ccc(-n2cccc2)cc1,-0.416141031168329,training
O=C(N[C@H]1CC[C@H](CCN2CCC(c3noc4cc(F)ccc34)CC2)CC1)C1(O)CC1,-0.772028165324855,training
O=C(N[C@H]1CC[C@H](CCN2CCC(c3noc4cc(F)ccc34)CC2)CC1)C1(C(F)(F)F)CCC1,-0.888740960682893,training
O=C(CC(F)(F)F)N[C@H]1CC[C@H](CCN2CCC(c3noc4cc(F)ccc34)CC2)CC1,-0.715083670694927,valid
COc1cc(CC(=O)N[C@H]2CC[C@H](CCN3CCC(c4noc5cc(F)ccc45)CC3)CC2)cc(OC)c1,-0.943098623005485,training
CC1CN(c2ccc(C(=O)N[C@H]3CC[C@H](CCN4CCC(c5noc6cc(F)ccc56)CC4)CC3)cc2)CC(C)O1,-2.13551428099879,training
O=C(N[C@H]1CC[C@H](CCN2CCC(c3noc4cc(F)ccc34)CC2)CC1)c1ccc2c(c1)OCO2,-0.438700532900736,training
CC(=O)N[C@H]1CC[C@H](CCN2CCC(c3noc4ccc(F)cc34)CC2)CC1,-0.387033701282363,training
O=C(N[C@H]1CC[C@H](CCN2CCC(c3noc4ccc(F)cc34)CC2)CC1)c1ccc(N2CCOCC2)cc1,-0.955976222248325,training
COCCC(=O)N[C@H]1CC[C@H](CCN2CCC(c3noc4ccc(F)cc34)CC2)CC1,-0.491221576239283,training
O=C(N[C@H]1CC[C@H](CCN2CCC(c3noc4ccc(F)cc34)CC2)CC1)c1ccc(N2CCCCC2)cc1,-0.886490725172482,training
CC1CN(c2ccc(C(=O)N[C@H]3CC[C@H](CCN4CCC(c5noc6ccc(F)cc56)CC4)CC3)cc2)CC(C)O1,-1.93333541007765,valid
O=C(N[C@H]1CC[C@H](CCN2CCC(c3noc4ccc(F)cc34)CC2)CC1)c1ccc(N2CCS(=O)(=O)CC2)cc1,-0.773493892270971,training
O=C(N[C@H]1CC[C@H](CCN2CCC(c3noc4ccc(F)cc34)CC2)CC1)c1ccc2c(c1)OCO2,-0.586699801624049,training
COCCC(=O)N[C@H]1CC[C@H](CCN2CCC(c3noc4cc(Cl)ccc34)CC2)CC1,-0.929265618253065,training
O=C(N[C@H]1CC[C@H](CCN2CCC(c3noc4cc(Cl)ccc34)CC2)CC1)C(O)C(F)(F)F,-1.04257551244019,valid
CO[C@@H]1CC[C@@H](CC(=O)N[C@H]2CC[C@H](CCN3CCC(c4noc5cc(Cl)ccc45)CC3)CC2)OC1,-1.06370855939142,training
O=C(CC1CCC2(CC1)OCCO2)N[C@H]1CC[C@H](CCN2CCC(c3noc4cc(Cl)ccc34)CC2)CC1,-1.08707120590654,training
COC(CC(=O)N[C@H]1CC[C@H](CCN2CCC(c3noc4cc(Cl)ccc34)CC2)CC1)OC,-0.955687750313506,valid
C[C@@H](O)CC(=O)N[C@H]1CC[C@H](CCN2CCC(c3noc4cc(Cl)ccc34)CC2)CC1,-1.23044892137827,training
CC1(C)OC[C@H](CC(=O)N[C@H]2CC[C@H](CCN3CCC(c4noc5cc(Cl)ccc45)CC3)CC2)O1,-0.778151250383644,training
CO[C@H]1CC[C@H](CC(=O)N[C@H]2CC[C@H](CCN3CCC(c4noc5cc(Cl)ccc45)CC3)CC2)C1,-1.0,training
COC[C@H]1CC[C@H](CC(=O)N[C@H]2CC[C@H](CCN3CCC(c4noc5cc(Cl)ccc45)CC3)CC2)CC1,-0.954242509439325,training
CC1(O)CCC(CC(=O)N[C@H]2CC[C@H](CCN3CCC(c4noc5cc(Cl)ccc45)CC3)CC2)CC1,-0.845098040014257,training
CC(=O)N[C@H]1CC[C@H](CCN2CCC(c3noc4cc(Cl)ccc34)CC2)CC1,-0.913230871113561,training
CCS(=O)(=O)N[C@H]1CC[C@H](CCN2CCC(c3noc4cc(F)ccc34)CC2)CC1,-0.767304317453273,training
O=S(=O)(N[C@H]1CC[C@H](CCN2CCC(c3noc4cc(F)ccc34)CC2)CC1)c1ccc(Cl)cc1,-0.768416088216332,valid
COc1ccc(S(=O)(=O)N[C@H]2CC[C@H](CCN3CCC(c4noc5cc(F)ccc45)CC3)CC2)cc1,-0.570426178358973,training
O=S(=O)(N[C@H]1CC[C@H](CCN2CCC(c3noc4cc(F)ccc34)CC2)CC1)c1cccnc1,-0.290034611362518,training
N#CCCC(=O)N[C@H]1CC[C@H](CCN2CCC(c3noc4cc(Cl)ccc34)CC2)CC1,-0.913230871113561,valid
N#CCC(=O)N[C@H]1CC[C@H](CCN2CCC(c3noc4cc(Cl)ccc34)CC2)CC1,-0.943098623005485,training
O=C(CC1CC1)N[C@H]1CC[C@H](CCN2CCC(c3noc4cc(Cl)ccc34)CC2)CC1,-0.505963518018126,training
O=C(CO)N[C@H]1CC[C@H](CCN2CCC(c3noc4cc(Cl)ccc34)CC2)CC1,-1.22556771343947,training
CS(=O)(=O)CC(=O)N[C@H]1CC[C@H](CCN2CCC(c3noc4cc(Cl)ccc34)CC2)CC1,-1.16967443405881,training
O=C(CC1OCCCO1)N[C@H]1CC[C@H](CCN2CCC(c3noc4cc(Cl)ccc34)CC2)CC1,-0.787460474518415,training
CO[C@H]1CC[C@H](CC(=O)N[C@H]2CC[C@H](CCN3CCC(c4noc5ccc(Cl)cc45)CC3)CC2)CC1,-0.923295840655504,training
CS(=O)(=O)N[C@H]1CC[C@H](CCN2CCC(c3noc4ccc(F)cc34)CC2)CC1,-0.902002891350729,valid
COCCC(=O)N[C@H]1CC[C@H](CCN2CCC(c3noc4cc(Cl)c(F)cc34)CC2)CC1,-1.13161866434913,training
O=C(CC1CCCO1)N[C@H]1CC[C@H](CCN2CCC(c3noc4cc(Cl)c(F)cc34)CC2)CC1,-1.24870873560092,training
COCC(=O)N[C@H]1CC[C@H](CCN2CCC(c3noc4cc(F)c(F)cc34)CC2)CC1,-1.51414913447544,training
CO[C@@H]1CC[C@@H](CC(=O)N[C@H]2CC[C@H](CCN3CCC(c4noc5cc(F)c(F)cc45)CC3)CC2)C1,-1.30081279411812,training
CO[C@H]1CC[C@H](CC(=O)N[C@H]2CC[C@H](CCN3CCC(c4noc5cc(F)c(F)cc45)CC3)CC2)CC1,-1.2380461031288,valid
COCCC(=O)N[C@H]1CC[C@H](CCN2CCC(c3noc4cc(F)c(F)cc34)CC2)CC1,-1.055378331375,training
CC(=O)N[C@H]1CC[C@H](CCN2CCC(c3noc4cc(F)c(F)cc34)CC2)CC1,-1.05576046468773,training
O=C(CO)N[C@H]1CC[C@H](CCN2CCC(c3noc4cc(F)c(F)cc34)CC2)CC1,-1.29994290002277,training
O=C(CCO)N[C@H]1CC[C@H](CCN2CCC(c3noc4cc(F)c(F)cc34)CC2)CC1,-1.06892761168207,valid
O=C(C[C@H]1CC[C@H](O)CC1)N[C@H]1CC[C@H](CCN2CCC(c3noc4cc(F)c(F)cc34)CC2)CC1,-1.32035403281767,training
O=C(C[C@@H]1CC[C@@H](O)C1)N[C@H]1CC[C@H](CCN2CCC(c3noc4cc(F)c(F)cc34)CC2)CC1,-1.29578694025161,training
O=C(N[C@H]1CC[C@H](CCN2CCC(c3noc4cc(F)c(F)cc34)CC2)CC1)C1CCOCC1,-1.25935492730803,training
O=C(CC1OCCCO1)N[C@H]1CC[C@H](CCN2CCC(c3noc4cc(F)c(F)cc34)CC2)CC1,-1.13065534902203,training
CC(=O)N[C@H]1CC[C@H](CCN2CCC(c3noc4cc(C)ccc34)CC2)CC1,-0.967313918287084,training
O=C1CCc2ccc(OCCCCN3CCCN(c4cccc(Cl)c4Cl)CC3)nc2N1,-1.04139268515823,training
O=C1CCc2ccc(OCCCCN3CCCN(c4cccc(Cl)c4Cl)CC3)cc2N1,-0.951823035315912,training
COc1c(O)ccc2c1CN1CCc3cc4c(cc3[C@@H]1C2)OCO4,-1.91592721169712,training
COc1ccc2c(c1OC)CN1CCc3cc4c(cc3[C@@H]1C2)OCO4,-2.63648789635337,training
COc1cc2c(cc1OC)[C@@H]1Cc3ccc(O)c(OC)c3CN1CC2,-3.23375736296551,training
COc1cc2c(cc1O)CCN1Cc3c(ccc(OC)c3OC)C[C@@H]21,-2.41830129131975,valid
COc1cc2c(cc1OC)[C@@H]1Cc3ccc(OC)c(OC)c3CN1CC2,-3.13703745478951,training
O=C(CCCN1CCN(c2cccc(Cl)c2Cl)CC1)Nc1ccn2nccc2c1,-0.7481880270062,training
COc1ccccc1N1CCN(CCCC(=O)Nc2ccn3nccc3c2)CC1,-1.98677173426624,training
O=Cc1cnn2ccc(NC(=O)CCCN3CCN(c4cccc(Cl)c4Cl)CC3)cc12,-0.230448921378274,training
COc1ccccc1N1CCN(CCCC(=O)Nc2ccn3ncc(C=O)c3c2)CC1,-1.84509804001426,training
O=C(CCCN1CCN(c2cccc(Cl)c2Cl)CC1)Nc1ccn2ncc(/C=N\O)c2c1,-0.342422680822206,valid
COc1ccccc1N1CCN(CCCC(=O)Nc2ccn3ncc(/C=N\O)c3c2)CC1,-1.11394335230684,training
N#Cc1cnn2ccc(NC(=O)CCCN3CCN(c4cccc(Cl)c4Cl)CC3)cc12,-0.361727836017593,valid
COc1ccccc1N1CCN(CCCC(=O)Nc2ccn3ncc(C#N)c3c2)CC1,-1.44715803134222,test
COc1ccccc1N1CCN(CCCCOc2ccc3ccnn3c2)CC1,-0.698970004336019,training
COc1ccccc1N1CCN(CCCCOc2ccn3nccc3c2)CC1,-1.30102999566398,training
CCOC(=O)c1cc2cc(OCCCCN3CCN(c4ccccc4OC)CC3)ccn2n1,-0.869231719730976,training
COc1ccccc1N1CCN(CCCCOc2ccn3nc(CO)cc3c2)CC1,-1.17609125905568,training
COc1ccccc1N1CCN(CCCCOc2ccn3nc(C=O)cc3c2)CC1,-0.869231719730976,training
COc1ccccc1N1CCN(CCCCOc2ccn3nc(/C=N/O)cc3c2)CC1,-0.505149978319906,training
COc1ccccc1N1CCN(CCCCOc2ccn3nc(C#N)cc3c2)CC1,-1.07918124604762,training
COc1ccccc1N1CCN(CCCCOc2ccc3c(C=O)cnn3c2)CC1,-1.23044892137827,training
COc1ccccc1N1CCN(CCCCOc2ccn3ncc(C=O)c3c2)CC1,-1.07918124604762,training
CCCN(CCCCOc1ccc2c(C=O)cnn2c1)[C@H]1CCc2c(O)cccc2C1,-0.204119982655925,training
CCCN(CCCCOc1ccn2ncc(C=O)c2c1)[C@H]1CCc2c(O)cccc2C1,-0.041392685158225,training
COc1ccccc1N1CCN(CCCCOc2ccc3c(/C=N/O)cnn3c2)CC1,-0.361727836017593,training
COc1ccccc1N1CCN(CCCCOc2ccn3ncc(/C=N/O)c3c2)CC1,-0.591064607026499,training
CCCN(CCCCOc1ccc2c(/C=N/O)cnn2c1)[C@H]1CCc2c(O)cccc2C1,0.387216143280265,test
CCCN(CCCCOc1ccn2ncc(/C=N\O)c2c1)[C@H]1CCc2c(O)cccc2C1,0.229147988357856,training
COc1ccccc1N1CCN(CCCCOc2ccn3ncc(C#N)c3c2)CC1,-0.462397997898956,training
CN(CCCCOc1ccc2c(c1)NC(=O)CC2)[C@@H]1Cc2cccc3[nH]c(=O)n(c23)C1,-2.58206336291171,training
CCCn1c(=O)n2c3c(cccc31)C[C@@H](N(C)CCCCNC(=O)c1cc3ccccc3[nH]1)C2,-0.389166084364532,training
CCCN(CCCCNC(=O)c1cc2ccccc2[nH]1)[C@@H]1Cc2cccc3c2n(c(=O)n3CCC)C1,0.161150909262745,training
CN[C@@H]1Cc2cccc3c2n(c(=O)n3CCOCCOCCOCCOc2ccc3c(c2)NC(=O)CC3)C1,-2.80617997398389,training
CN[C@@H]1Cc2cccc3c2n(c(=O)n3CCOCCOCCOCCCCc2ccccc2)C1,-2.74663419893758,training
CN[C@@H]1Cc2cccc3c2n(c(=O)n3CCOCCOCCCCc2ccccc2)C1,-2.35602585719312,training
CCCN(CCC)[C@@H]1Cc2cccc3c2n(c(=O)n3CCCCNC(=O)c2cc3ccccc3[nH]2)C1,-1.9237619608287,test
CCCN[C@@H]1Cc2cccc3c2n(c(=O)n3CCCCNC(=O)c2cc3ccccc3[nH]2)C1,-2.06069784035361,training
CN[C@@H]1Cc2cccc3c2n(c(=O)n3CCCCCCCCCCCCOc2ccc3c(c2)NC(=O)CC3)C1,-2.77670118398841,training
CN[C@@H]1Cc2cccc3c2n(c(=O)n3CCCCOc2ccc3c(c2)NC(=O)CC3)C1,-3.13033376849501,training
CN[C@@H]1Cc2cccc3c2n(c(=O)n3CCCCCCCCOCCCCc2ccccc2)C1,-1.89042101880091,valid
CN[C@@H]1Cc2cccc3c2n(c(=O)n3CCCCCCOCCCCc2ccccc2)C1,-2.14301480025409,training
CCCN[C@@H]1Cc2cccc3c2n(c(=O)n3CCCCCCOCCCCc2ccccc2)C1,-1.90633504180509,training
CN[C@@H]1Cc2cccc3c2n(c(=O)n3CCCCOCCCCc2ccccc2)C1,-2.57634135020579,training
CCCN[C@@H]1Cc2cccc3c2n(c(=O)n3CCCCOCCCCc2ccccc2)C1,-1.97405090279288,training
O=C1CCc2ccc(OCCCCN3CCN(c4ccc(O)c5[nH]c(=O)ccc45)CC3)cc2N1,-1.07918124604762,test
O=C1CCc2ccc(OCCCCN3CCN(c4ccc(O)c5oc(=O)ccc45)CC3)cc2N1,-0.886490725172482,training
O=C1CCc2ccc(OCCCCN3CCN(c4ccc(O)c5c4OCC(=O)N5)CC3)cc2N1,0.0,training
O=C1CCc2ccc(OCCCCN3CCN(c4ccc(O)c5c4OCCO5)CC3)cc2N1,-1.57978359661681,test
O=C1CCc2ccc(OCCCCN3CCN(c4ccc(O)c5ncccc45)CC3)cc2N1,-1.43136376415899,training
O=C1CCc2ccc(OCCCCN3CCCN(c4ccc(O)c5[nH]c(=O)ccc45)CC3)cc2N1,-0.278753600952829,training
O=C1CCc2ccc(OCCCCN3CCCN(c4ccc(O)c5oc(=O)ccc45)CC3)cc2N1,-2.38021124171161,training
O=C1CCc2ccc(OCCCCN3CCCN(c4ccc(O)c5c4OCC(=O)N5)CC3)cc2N1,-0.301029995663981,valid
O=c1ccc2c(N3CCN(CCCCOc4ccn5nccc5c4)CC3)ccc(O)c2[nH]1,-0.57978359661681,training
O=c1ccc2c(N3CCN(CCCCOc4ccn5nccc5c4)CC3)ccc(O)c2o1,-0.929418925714293,training
O=C1COc2c(N3CCN(CCCCOc4ccn5nccc5c4)CC3)ccc(O)c2N1,0.148741651280925,training
Oc1ccc(N2CCN(CCCCOc3ccn4nccc4c3)CC2)c2c1OCCO2,-1.60205999132796,training
Oc1ccc(N2CCN(CCCCOc3ccn4nccc4c3)CC2)c2cccnc12,-1.69897000433602,training
O=c1ccc2c(N3CCCN(CCCCOc4ccn5nccc5c4)CC3)ccc(O)c2[nH]1,-0.531478917042255,training
CCCCn1cc(CCCOc2ccc(C(=O)NCCCN3CCCN(c4ccc(O)c5[nH]c(=O)ccc45)CC3)cc2OC)nn1,-0.204119982655925,training
CCCCn1cc(CCCOc2ccc(C(=O)NCCCCN3CCCN(c4ccc(O)c5[nH]c(=O)ccc45)CC3)cc2OC)nn1,-0.505149978319906,training
COc1ccccc1N1CCN(CCCSc2nnc(-c3ccccc3)n2C)CC1,-0.812913356642856,training
Cn1c(SCCCN2CCC3(CC2)CCN(c2cccc(Cl)c2Cl)CC3)nnc1-c1ccccc1,-1.91592721169712,training
Cn1c(SCCCN2CCC3(CC2)CCN(c2cccc(C#N)c2)CC3)nnc1-c1ccccc1,-2.6414741105041,training
Cn1c(SCCCN2CCC3(CC2)CCN(c2ccccn2)CC3)nnc1-c1ccccc1,-2.94001815500766,training
Cn1c(SCCCN2CCC3(CC2)CCN(c2ccc(F)cc2)CC3)nnc1-c1ccccc1,-1.40823996531185,training
COc1ccc(N2CCC3(CCN(CCCSc4nnc(-c5ccccc5)n4C)CC3)CC2)cc1,-1.98989456371877,training
COc1ccccc1N1CCC2(CCN(CCCSc3nnc(-c4ccccc4)n3C)CC2)CC1,-1.07918124604762,training
COc1ccccc1N1CCC2(CCN(CCCSc3nnc(-c4ccccc4)n3C)CC2)C1,-1.29225607135648,training
COc1ccccc1N1CCC12CCN(CCCSc1nnc(-c3ccccc3)n1C)CC2,-2.22788670461367,training
COc1ccccc1N1CC2(CCN(CCCSc3nnc(-c4ccccc4)n3C)CC2)C1,-2.37106786227174,training
COc1ccccc1N1CCC2(CCN(CCCSc3nnc(-c4ccccc4)n3C)C2)C1,-1.38381536598043,training
COc1ccccc1N1CCC2(CN(CCCSc3nnc(-c4ccccc4)n3C)C2)C1,-2.28330122870355,training
COc1ccccc1N1CCC12CN(CCCSc1nnc(-c3ccccc3)n1C)C2,-3.68033551341456,training
COc1ccccc1N1CC2(CN(CCCSc3nnc(-c4ccccc4)n3C)C2)C1,-2.92064500140679,training
c1ccc2c(c1)CC(CN1CCN(c3ccc4c(c3)OCCO4)CC1)C2,-3.45331834004704,training
Fc1ccc(N2CCN(CCC3OCCc4ccccc43)CC2)cc1,-2.38021124171161,training
Cc1ccc(N2CCN(CCC3C(=O)Nc4ccccc43)CC2)cc1C,-3.42845877351558,training
CC(C)Oc1cccnc1N(C)C1CCN(Cc2ccc(I)cc2)CC1,-2.16136800223497,valid
c1ccc(CCC2CN(Cc3c[nH]c4ccccc34)CCO2)cc1,-3.50650503240487,training
c1ccc(OCC2CN(Cc3c[nH]c4ccccc34)CCO2)cc1,-3.17026171539496,test
COc1ccccc1OCCNCC1COCC(c2ccccc2)(c2ccccc2)O1,-1.11991541025799,training
Oc1ccccc1OCCNCC1COCC(c2ccccc2)(c2ccccc2)O1,-1.52994340165867,training
COCOc1ccccc1OCCNCC1COCC(c2ccccc2)(c2ccccc2)O1,-1.82000430680832,training
COc1cc2c(cc1OC)C(C)=C(C(=O)NCCCCN1CCN(c3ccccc3F)CC1)C2,0.301029995663981,valid
O=C(NCCCCN1CCN(c2cccc(Cl)c2Cl)CC1)c1cncc(Br)c1,-0.447158031342219,training
O=Cc1cnn2ccc(OCCCCN3CCN(c4ccc(O)c5[nH]c(=O)ccc45)CC3)cc12,-0.361727836017593,training
O=Cc1cnn2ccc(OCCCCN3CCN(c4ccc(O)c5c4OCC(=O)N5)CC3)cc12,-0.079181246047625,valid
O=Cc1cnn2ccc(OCCCCN3CCN(c4ccc(O)c5c4OCCO5)CC3)cc12,-1.38021124171161,training
O=c1ccc2c(N3CCN(CCCCOc4ccn5ncc(/C=N/O)c5c4)CC3)ccc(O)c2[nH]1,-0.447158031342219,training
O=C1COc2c(N3CCN(CCCCOc4ccn5ncc(/C=N/O)c5c4)CC3)ccc(O)c2N1,0.431798275933005,valid
O/N=C/c1cnn2ccc(OCCCCN3CCN(c4ccc(O)c5c4OCCO5)CC3)cc12,-1.51188336097887,training
O=c1ccc2c(N3CCNCC3)ccc(O)c2[nH]1,-3.23044892137827,test
O=C1COc2c(N3CCNCC3)ccc(O)c2N1,-2.20411998265592,training
O=C1COc2c(N3CCCNCC3)ccc(O)c2N1,-2.70757017609794,training
Oc1ccc(N2CCNCC2)c2c1OCCO2,-2.04139268515822,training
CN1CCN(c2ccc(O)c3[nH]c(=O)ccc23)CC1,-2.57978359661681,training
CN1CCN(c2ccc(O)c3c2OCC(=O)N3)CC1,-1.68124123737559,training
CN1CCCN(c2ccc(O)c3c2OCC(=O)N3)CC1,-1.6232492903979,training
CN1CCN(c2ccc(O)c3c2OCCO3)CC1,-2.89762709129044,training
CCCN1CCN(c2ccc(O)c3[nH]c(=O)ccc23)CC1,-2.6232492903979,training
CCCN1CCN(c2ccc(O)c3c2OCC(=O)N3)CC1,-0.770852011642144,training
CCCN1CCCN(c2ccc(O)c3c2OCC(=O)N3)CC1,-0.568201724066995,training
CCCN1CCN(c2ccc(O)c3c2OCCO3)CC1,-3.44715803134222,test
CCCCC1CCN(CCCN2C(=O)CCc3ccccc32)CC1,-2.79000352039049,training
CC1CCN(CCCN2C(=O)CCc3ccccc32)CC1,-3.56999973220395,training
CCCC1CCN(CCCN2C(=O)CCc3ccccc32)CC1,-3.19000094806966,training
CCCCCC1CCN(CCCN2C(=O)CCc3ccccc32)CC1,-2.45000263017319,training
O=C1CCc2ccccc2N1CCCN1CCC(CCCO)CC1,-2.76999730402854,training
O=C1CCc2ccccc2N1CCCN1CCC(CCCCCO)CC1,-2.82999808869738,training
O=C1CCc2ccccc2N1CCCN1CCC(CCCCCCCO)CC1,-2.97999882397374,training
O=C1CCc2ccccc2N1CCCN1CCC(c2ccccc2)CC1,-2.85000258609246,training
O=C1CCc2ccccc2N1CCCN1CCC(Cc2ccccc2)CC1,-3.25999979508189,training
O=C1CCc2ccccc2N1CCCN1CCC(CCc2ccccc2)CC1,-2.60999970384223,training
CCCCN1CCN(CCCN2C(=O)CCc3ccccc32)CC1,-3.58999983814159,training
O=C1CCc2ccccc2N1CCCN1CCN(c2ccccc2)CC1,-3.1200010744684,training
O=C1CCc2ccccc2N1CCCN1CCN(Cc2ccccc2)CC1,-3.42000033156637,training
O=C1CCc2ccccc2N1CCCN1CCN(CCc2ccccc2)CC1,-3.59999981394342,training
O=C(NCCCCN1CCN(c2cccc(Cl)c2Cl)CC1)c1cnc2ccccc2c1,0.764471553092451,training
N#Cc1cccc(N2CCNCC2)c1,-2.76417613239033,training
N#Cc1ccc2c(c1)CCNC2,-3.7701152947871,training
N#Cc1ccc2c(c1)CNCC2,-3.18184358794477,training
CCCCN1CCN(c2cccc(C#N)c2)CC1,-1.54032947479087,training
CCCCN1CCc2cc(C#N)ccc2C1,-3.03742649794062,training
CCCCN1CCc2ccc(C#N)cc2C1,-2.17318626841227,training
N#Cc1ccc2c(c1)CN(CC[C@H]1CC[C@H](NC(=O)c3cc4ccccc4[nH]3)CC1)CC2,-0.591064607026499,training
O=C(NC[C@@H]1C[C@H]1CN1CCN(c2cccc(Cl)c2Cl)CC1)c1cc2ccccc2[nH]1,0.346787486224656,training
O=C(NC[C@@H]1C[C@H]1CN1CCN(c2cccc(Cl)c2Cl)CC1)c1ccnc2ccccc12,-0.178976947293169,training
N#Cc1cccc(N2CCN(C[C@@H]3C[C@H]3CNC(=O)c3ccnc4ccccc34)CC2)c1,-1.71349054309394,training
N#Cc1ccc2c(c1)CCN(C[C@@H]1C[C@H]1CNC(=O)c1ccnc3ccccc13)C2,-3.01703333929878,test
N#Cc1ccc2c(c1)CN(C[C@@H]1C[C@H]1CNC(=O)c1ccnc3ccccc13)CC2,-2.40823996531185,test
N#Cc1ccc2c(c1)CN(C[C@@H]1C[C@H]1CNC(=O)c1cc3ccccc3[nH]1)CC2,-1.50514997831991,training
N#Cc1ccc2c(c1)CN(C[C@@H]1C[C@H]1CCNC(=O)c1cc3ccccc3[nH]1)CC2,0.050609993355087,valid
N#Cc1ccc2c(c1)CN(C[C@@H]1C[C@H]1CCNC(=O)c1cc3cccnc3[nH]1)CC2,-0.392696953259666,valid
N#Cc1ccc2c(c1)CN(CC[C@@H]1C[C@H]1CNC(=O)c1cc3ccccc3[nH]1)CC2,-0.991669007379949,training
N#Cc1ccc2c(c1)CN(CC[C@@H]1C[C@H]1CNC(=O)c1cc3cccnc3[nH]1)CC2,-1.36921585741014,training
CC(C)(C)c1nc(N2CCN(CCCCNC(=O)c3cc4ccccn4n3)CC2)cc(C(F)(F)F)n1,-0.079181246047625,training
CC(C)(C)c1nc(N2CCN(CCCCNC(=O)c3cc4ccccc4s3)CC2)cc(C(F)(F)F)n1,-0.380211241711606,training
COc1cccc(-c2ccc3c(c2)CCN(Cc2ccccc2)C3)c1,-2.24303804868629,training
C=C(C)CN1CCN(c2ccc3c(c2)CN(C(=O)OCc2ccccc2)CC3)CC1,-2.42160392686983,valid
O=C(OCc1ccccc1)N1CCc2ccc(N3CCN(C4CCCC4)CC3)cc2C1,-2.97818051693741,training
NCCCCCCn1cc(CCCCN2CCC(c3ccc(-c4cc(C(=O)O)cc5cc(-c6ccc(C(F)(F)F)cc6)ccc45)cc3)CC2)nn1,-3.20411998265592,training
CCCN[C@H]1CCC2N=C(N)SC2C1,0.301029995663981,training
CCCN1CCC(c2cccc(O)c2)C1,-1.7160033436348,training
CCCCN1CCC(c2cccc(O)c2)C1,-2.51054501020661,training
CCCCCN1CCC(c2cccc(O)c2)C1,-2.11727129565576,training
CCCCCCN1CCC(c2cccc(O)c2)C1,-2.20951501454263,valid
CCCCCCCN1CCC(c2cccc(O)c2)C1,-1.69019608002851,training
CCCCCCCCN1CCC(c2cccc(O)c2)C1,-1.27875360095283,valid
CCCCCCCCCN1CCC(c2cccc(O)c2)C1,-0.885898101270786,training
CCCCCCCCCCN1CCC(c2cccc(O)c2)C1,-1.61278385671974,training
CN(C)c1ccc(C(=O)NCCCCN2CCC(c3cccc(O)c3)C2)cc1,-1.26011115672114,valid
O=C1c2ccccc2C(=O)N1CCCCN1CCN(c2cccc(F)c2F)CC1,-1.28555730900777,training
OC1(c2ccc(Cl)c(C(F)(F)F)c2)CCN(CCCC=C(c2ccc(F)cc2)c2ccc(F)cc2)CC1,-2.7419390777292,training
OC1(c2ccc(Cl)c(C(F)(F)F)c2)CCN(CCCN(c2ccc(F)cc2)c2ccc(F)cc2)CC1,-2.67577834167409,training
OC1(c2ccc(Cl)c(C(F)(F)F)c2)CCN(CCCCN(c2ccc(F)cc2)c2ccc(F)cc2)CC1,-2.89320675305985,valid
OC1(c2ccc(Cl)c(C(F)(F)F)c2)CCN(CCCCC(c2ccc(F)cc2)c2ccc(F)cc2)CC1,-2.32014628611105,training
OC1(c2ccc(Cl)c(C(F)(F)F)c2)CCN(CCCC(c2ccccc2)c2ccccc2)CC1,-1.79239168949825,training
COc1ccc(N(CCCCN2CCC(O)(c3ccc(Cl)c(C(F)(F)F)c3)CC2)c2ccc(OC)cc2)cc1,-2.64048143697042,test
OC1(c2ccc(Cl)c(C(F)(F)F)c2)CCN(CCCC(c2ccc(F)cc2)c2ccc(F)cc2)CC1,-2.13353890837022,training
COc1cc2c(cc1O)CN(CCCCNC(=O)c1ccc(C#N)cc1)CC2,-0.799340549453582,training
COc1cc2c(cc1O)CN(CCCCNC(=O)c1ccc(C(N)=O)cc1)CC2,-1.44715803134222,valid
COc1cc2c(cc1O)CN(CCCCNC(=O)c1ccc(I)cc1)CC2,-1.0,training
COc1cc2c(cc1O)CN(CCCCNC(=O)c1ccc(Br)cc1)CC2,-0.531478917042255,training
COc1cc2c(cc1O)CN(CCCCNC(=O)c1ccc(Cl)cc1)CC2,-0.322219294733919,training
COc1cc2c(cc1O)CN(CCCCNC(=O)c1ccc(F)cc1)CC2,-0.643452676486187,training
COc1cccc(C(=O)NCCCCN2CCc3cc(OC)c(O)cc3C2)c1,-1.07918124604762,training
COc1ccc(C(=O)NCCCCN2CCc3cc(OC)c(O)cc3C2)cc1,-0.770852011642144,training
COc1cc2c(cc1O)CN(CCCCNC(=O)c1ccc(O)cc1)CC2,-0.939519252618618,valid
COc1cc2c(cc1O)CN(CCCCNC(=O)c1ccncc1)CC2,-1.38021124171161,training
COc1cc2c(cc1O)CN(CCCCNC(=O)c1ccnc3ccccc13)CC2,-1.34242268082221,training
COc1cc2c(cc1O)CN(CCCCNC(=O)c1ccc3ccccc3c1)CC2,-0.431363764158987,training
COc1cc2c(cc1O)CN(CCCCNC(=O)c1ccc(-c3ccccc3)cc1)CC2,-0.431363764158987,training
COc1cc2c(cc1OC)CN(CCCCNC(=O)c1ccc(C#N)cc1)CC2,-2.61278385671974,training
CCCCCCCCCCC[C@@H]1CCN[C@H](C(=O)NCC(O)CO)C1,-3.67209785793572,training
COc1ccccc1N1CCN(CCNC(=O)/N=N/c2ccc(F)cc2)CC1,-2.07918124604762,training
COc1ccccc1N1CCN(CCCNC(=O)/N=N/c2ccc(F)cc2)CC1,-2.14612803567824,valid
COc1ccccc1N1CCN(CCNC(=O)NN(Cc2ccccc2)c2ccc(F)cc2)CC1,-2.84509804001426,test
COc1ccccc1N1CCN(CCCNC(=O)NN(Cc2ccccc2)c2ccc(F)cc2)CC1,-1.39794000867204,training
COc1ccccc1N1CCN(CCCCNC(=O)NN(Cc2ccccc2)c2ccc(F)cc2)CC1,-1.88081359228079,test
COc1ccccc1N1CCN(CCCNC(=O)NN(Cc2ccccc2)c2ccccc2)CC1,-2.23044892137827,training
COc1ccccc1N1CCN(CCCNC(=O)NN(Cc2ccc(F)cc2)c2ccccc2)CC1,-2.49136169383427,valid
COc1ccccc1N1CCN(CCCNC(=O)NN(Cc2ccccc2F)c2ccc(F)cc2)CC1,-2.20411998265592,training
COc1ccccc1N1CCN(CCCNC(=O)NN(Cc2cccc(F)c2)c2ccc(F)cc2)CC1,-1.94448267215017,training
COc1ccccc1N1CCN(CCCNC(=O)NN(Cc2ccc(F)cc2)c2ccc(F)cc2)CC1,-1.92941892571429,test
COc1cccc(CN(NC(=O)NCCCN2CCN(c3ccccc3OC)CC2)c2ccc(F)cc2)c1,-2.17609125905568,training
COc1ccccc1N1CCN(CCCNC(=O)NN(Cc2ccc(C#N)cc2)c2ccc(F)cc2)CC1,-2.80617997398389,training
COc1ccccc1N1CCN(CCCNC(=O)NN(Cc2ccc(-c3ccccc3)cc2)c2ccc(F)cc2)CC1,-2.04139268515822,training
COc1ccccc1N1CCN(CCCNC(=O)NN(Cc2ccccc2)c2ccc(Cl)cc2)CC1,-2.11394335230684,training
COc1ccccc1N1CCN(CCCNC(=O)NN(Cc2ccccc2F)c2ccc(Cl)cc2)CC1,-1.97772360528885,training
COc1ccccc1N1CCN(CCCNC(=O)NN(Cc2ccccc2)c2ccc(Cl)cc2Cl)CC1,-1.78532983501077,training
COc1ccccc1N1CCN(CCCNC(=O)NN(Cc2ccc(C#N)cc2)c2ccc(Cl)cc2Cl)CC1,-2.44715803134222,training
COc1ccccc1N1CCN(CCCNC(=O)NN(Cc2ccccc2)c2ccc(Br)cc2)CC1,-2.11394335230684,training
COc1ccccc1N1CCN(CCCNC(=O)NN(Cc2ccccc2F)c2ccc(Br)cc2)CC1,-1.96378782734556,training
COc1ccc(N(Cc2ccccc2)NC(=O)NCCCN2CCN(c3ccccc3OC)CC2)cc1,-2.07918124604762,training
COc1ccc(N(Cc2ccccc2F)NC(=O)NCCCN2CCN(c3ccccc3OC)CC2)cc1,-1.88081359228079,training
COc1ccc(N(Cc2cccc(F)c2)NC(=O)NCCCN2CCN(c3ccccc3OC)CC2)cc1,-1.93449845124357,training
COc1ccc(N(Cc2ccc(F)cc2)NC(=O)NCCCN2CCN(c3ccccc3OC)CC2)cc1,-2.60205999132796,training
COc1ccc(N(Cc2cccc(OC)c2)NC(=O)NCCCN2CCN(c3ccccc3OC)CC2)cc1,-2.50514997831991,training
COc1ccc(N(Cc2ccc(C#N)cc2)NC(=O)NCCCN2CCN(c3ccccc3OC)CC2)cc1,-2.34242268082221,training
C=CCN(NC(=O)NCCCN1CCN(c2ccccc2OC)CC1)c1ccc(OC)cc1,-2.81954393554187,training
C=C(C)CN(NC(=O)NCCCN1CCN(c2ccccc2OC)CC1)c1ccc(OC)cc1,-2.93449845124357,training
O=C(NCCCN1CCN(c2ccc(Cl)cc2)CC1)NN(Cc1ccccc1)c1ccccc1,-3.04139268515822,training
O=C(NCCCN1CCN(c2ccc(Br)cc2)CC1)NN(Cc1ccccc1)c1ccccc1,-3.17609125905568,training
O=C(NCCCN1CCN(c2ncccn2)CC1)NN(Cc1ccccc1)c1ccccc1,-3.30102999566398,valid
O=C(NCCCN1CCN(c2ccc(Cl)cc2)CC1)NN(Cc1ccc(F)cc1)c1ccccc1,-2.92941892571429,training
O=C(NCCCN1CCN(c2ccc(Br)cc2)CC1)NN(Cc1ccc(F)cc1)c1ccccc1,-3.14612803567824,training
O=C(NCCCN1CCN(c2ncccn2)CC1)NN(Cc1ccc(F)cc1)c1ccccc1,-3.27875360095283,test
O=C(NCCN1CCN(c2ccc(Br)cc2)CC1)NN(Cc1ccccc1)c1ccccc1,-3.25527250510331,training
O=C(NCCCN1CCN(c2ccc(I)cc2)CC1)NN(Cc1ccccc1)c1ccccc1,-3.11394335230684,training
O=C(NCCN1CCN(c2ccc(I)cc2)CC1)NN(Cc1ccccc1)c1ccccc1,-3.25527250510331,training
COc1ccccc1N1CCN(CCCCOc2ccc3scnc3c2)CC1,-0.929980590515515,test
COc1ccccc1N1CCN(CCCCOc2ccc3sc(N)nc3c2)CC1,-0.480006942957151,training
C=CCN1CCc2nc(N)sc2CC1,-1.83001093593612,training
Nc1nc2c(s1)CCN(CCCCN1CCN(c3cccc(Cl)c3Cl)CC1)CC2,-1.40993312333129,training
Nc1nc2c(s1)CCN(CCCCN1CCN(c3ncccn3)CC1)CC2,-3.57999954727848,training
Clc1cccc(N2CCN(CCCCN3CCc4ncsc4CC3)CC2)c1Cl,-1.44994098877334,test
c1cnc(N2CCN(CCCCN3CCc4ncsc4CC3)CC2)nc1,-3.49000064189095,test
O=C(c1ccccc1)N1CCN(CCN2CCc3ncsc3CC2)CC1,-4.09000008090501,training
COc1ccccc1N1CCN(CCN2CCc3ncsc3CC2)CC1,-2.37999404016574,training
COc1ccccc1N1CCN(CCCN2CCc3ncsc3CC2)CC1,-2.22000342615694,training
COc1ccccc1N1CCN(CCCCN2CCc3ncsc3CC2)CC1,-2.49000064189095,training
c1nc2c(s1)CCN(CCCCN1CCc3ncsc3CC1)CC2,-3.57999954727848,training
O=C(NCCCCN1CCc2ncsc2CC1)C12CC3CC(CC(C3)C1)C2,-2.64999650746604,training
COc1ccccc1N1CCN(CCCN2CCCc3ncsc3C2)CC1,-2.41000071254346,training
CN1CCc2cc(O)c(O)c3c2C1Cc1ccccc1-3,-2.92162405742013,training
CN1CCc2cc(O)c(O)cc2C1Cc1ccccc1Br,-2.29223391290947,training
COc1ccc(N2CCN(CCCCNC(=O)c3ccc(-c4ccsc4)cc3)CC2)cc1,-1.29666519026153,training
O=C(NCCCCN1CCN(c2ccccc2OCCF)CC1)c1ccc(-c2ccsc2)cc1,-1.44247976906445,test
CCCCN1CCN(c2ccccc2OCCF)CC1,-1.26717172840301,test
O=C(NCCCCN1CCN(c2ccccc2)CC1)c1ccc(-c2ccsc2)cc1,-0.903089986991943,training
O=C(NCCCCN1CCN(c2ccccc2Cl)CC1)c1ccc(-c2ccsc2)cc1,0.259637310505756,training
O=C(NCCCCN1CCN(c2cccc(Cl)c2)CC1)c1ccc(-c2ccsc2)cc1,-0.919078092376074,training
O=C(NCCCCN1CCN(c2ccc(Cl)cc2)CC1)c1ccc(-c2ccsc2)cc1,-1.51454775266029,training
O=C(NCCCCN1CCN(c2cccc(Cl)c2Cl)CC1)c1ccc(-c2ccsc2)cc1,0.050609993355087,training
O=C(NCCCCN1CCN(c2ccc(Cl)cc2Cl)CC1)c1ccc(-c2ccsc2)cc1,-0.57978359661681,training
O=C(NCCCCN1CCN(c2cc(Cl)cc(Cl)c2)CC1)c1ccc(-c2ccsc2)cc1,0.356547323513813,training
COc1ccccc1N1CCN(CCCCNC(=O)c2ccc(-c3ccsc3)cc2)CC1,0.698970004336019,training
COc1cccc(N2CCN(CCCCNC(=O)c3ccc(-c4ccsc4)cc3)CC2)c1,-1.25527250510331,valid
O=C(NCCCCN1CCN(c2ccccc2O)CC1)c1ccc(-c2ccsc2)cc1,-1.22271647114758,valid
O=C(NCCCCN1CCN(c2cccc(O)c2)CC1)c1ccc(-c2ccsc2)cc1,0.327902142064283,training
O=C(NCCCCN1CCN(c2ccc(O)cc2)CC1)c1ccc(-c2ccsc2)cc1,-1.13353890837022,training
Cc1ccccc1N1CCN(CCCCNC(=O)c2ccc(-c3ccsc3)cc2)CC1,0.167491087293764,training
Cc1cccc(N2CCN(CCCCNC(=O)c3ccc(-c4ccsc4)cc3)CC2)c1,-1.34044411484012,training
Cc1ccc(N2CCN(CCCCNC(=O)c3ccc(-c4ccsc4)cc3)CC2)cc1,-1.55750720190566,training
N#Cc1ccccc1N1CCN(CCCCNC(=O)c2ccc(-c3ccsc3)cc2)CC1,0.602059991327962,training
N#Cc1cccc(N2CCN(CCCCNC(=O)c3ccc(-c4ccsc4)cc3)CC2)c1,0.301029995663981,test
N#Cc1ccc(N2CCN(CCCCNC(=O)c3ccc(-c4ccsc4)cc3)CC2)cc1,-3.37621185028267,training
O=C(NCCCCN1CCN(c2ccccc2C(F)(F)F)CC1)c1ccc(-c2ccsc2)cc1,-0.176091259055681,training
O=C(NCCCCN1CCN(c2cccc(C(F)(F)F)c2)CC1)c1ccc(-c2ccsc2)cc1,0.387216143280265,training
O=C(NCCCCN1CCN(c2ccc(C(F)(F)F)cc2)CC1)c1ccc(-c2ccsc2)cc1,-1.89376176205794,training
CCCN1CCO[C@@H]2c3cc(OCCCCN4C(=O)c5ccccc5C4=O)ccc3OC[C@H]21,-3.07554696139253,training
CCCN1CCO[C@@H]2c3cc(OCCCCNC(=O)c4ccc5c(c4)Cc4ccccc4-5)ccc3OC[C@H]21,-2.90633504180509,training
CCCN1CCO[C@@H]2c3cc(OCCCCNC(=O)c4cc5ccccc5[nH]4)ccc3OC[C@H]21,-2.78746047451841,training
CCCN1CCO[C@@H]2c3cc(OCCCCNC(=O)c4cc5ccccc5o4)ccc3OC[C@H]21,-3.77887447200274,training
CCCN1CCO[C@@H]2c3cc(OCCCCNC(=O)c4nc5ccccc5s4)ccc3OC[C@H]21,-3.12385164096709,training
CCCN1CCO[C@@H]2c3cc(OCCCCNC(=O)c4ccc5scnc5c4)ccc3OC[C@H]21,-3.32837960343874,training
CCCN1CCO[C@@H]2c3cc(OCCCCNC(=O)c4cc5cccnc5[nH]4)ccc3OC[C@H]21,-3.93751789201735,training
CCCN1CCO[C@@H]2c3cc(OCCCCOc4ccc5c(c4)NC(=O)CC5)ccc3OC[C@H]21,-3.20139712432045,test
Oc1ccc2c(c1)[C@H]1OCCN[C@@H]1CO2,-2.60530504614111,training
O=C1CCc2ccc(OCCCCN3CCO[C@@H]4c5cc(O)ccc5OC[C@H]43)cc2N1,-4.05307844348342,test
CCc1cc(Cl)c(OC)c(N2CCN(CCCCOc3ccc4c(c3)NC(=O)CC4)CC2)c1,-1.61172330800734,training
CCc1cccc(N2CCN(CCCCOc3ccc4c(c3)NC(=O)CC4)CC2)c1Cl,-0.383815365980431,training
CCCN1CC(c2ccc(N)nc2)OC[C@@H]1C,-2.26717172840301,training
CCCN(CCC)c1ccc(C2CN(CCC)[C@@H](C)CO2)cn1,-4.32428245529769,training
C[C@H]1CO[C@H](c2ccc(N)nc2)CN1CCCCNC(=O)c1cc2ccccc2[nH]1,-3.8109042806687,training
C[C@H]1CO[C@@H](c2ccc(N)nc2)CN1C[C@H]1C[C@@H]1CCNC(=O)c1cc2ccccc2[nH]1,-0.556905269055448,test
COc1ccc2[nH]cc(C3=CCN(Cc4cc(=O)[nH]c5ccccc45)CC3)c2c1,-2.78816837114117,test
COc1cc2c(cc1OC)C(=O)N(CCCCN1CCN(c3ccccn3)CC1)CCC2,-0.477121254719662,training
Cc1cccc2cc(CNCc3ccccc3)c(Cl)nc12,-3.20411998265592,training
Cc1ccc(C(=O)C2CCN(CC(=O)NC3CCCC3)CC2)cc1,-4.04139268515823,test
COc1ccccc1OCCNCC1OCCOC1(c1ccccc1)c1ccccc1,-2.72999854728342,training
COc1ccccc1N1CCN(CC2COCC(c3ccccc3)(c3ccccc3)O2)CC1,-2.41000071254346,training
COc1ccccc1N1CCN(C[C@H]2OCCOC2(c2ccccc2)c2ccccc2)CC1,-3.45999977365027,training
Cc1cc(Oc2nccc3occc23)ccc1-c1c(C)ncc2nccn12,-3.89762709129044,training
Cc1ncc2nccn2c1-c1ccc(Oc2nccc3occc23)cc1C(F)(F)F,-3.90848501887865,training
FC(F)(F)c1cc(Oc2nccc3ccsc23)ccc1-c1cccc2nccn12,-3.79239168949825,training
Cc1ccc(C2CCN(CC(=O)Nc3cccc(C)c3)CC2)cc1,-3.56596581744667,training
Cc1cccc(NC(=O)CN2CCC(c3ccc(Cl)cc3)CC2)c1,-4.42028588494192,training
CCc1cccc(NC(=O)CN2CCC(c3ccccn3)CC2)c1,-2.6954816764902,training
Cc1cccc(NC(=O)CN2CCN(c3ccccn3)CC2)c1,-3.81157500587059,training
Cc1cccc(NC(=O)CN2CCN(c3ncccn3)CC2)c1,-3.77742682238931,training
CCc1cccc(NC(=O)CN2CCN(c3ccccn3)CC2)c1,-3.17318626841227,training
COc1ccccc1N1CCC2(CCN(CCCSc3nnc(-c4ccc(N(C)C)cc4)n3C)CC2)CC1,-2.13987908640124,training
COc1ccccc1-c1nnc(SCCCN2CCC3(CC2)CCN(c2ccccc2OC)CC3)n1C,-1.79934054945358,training
COc1ccccc1N1CCC2(CCN(CCCSc3nnc(-c4cccnc4)n3C)CC2)CC1,-2.32837960343874,training
COc1ccccc1N1CCC2(CCN(CCCSc3nnc(-c4ccc(-c5ccsc5)cc4)n3C)CC2)CC1,-2.00432137378264,valid
COc1ccccc1N1CCC2(CCN(CCCSc3nnc(-c4ccc(-c5ncco5)cc4)n3C)CC2)CC1,-1.40483371661994,training
COc1ccccc1N1CCC2(CCN(CCCSc3nnc(-c4ccccc4F)n3C)CC2)CC1,-1.41329976408125,valid
COc1ccccc1N1CCC2(CCN(CCCSc3nnc(-c4ccc(F)cc4)n3C)CC2)CC1,-1.59988307207369,training
COc1ccccc1N1CCC2(CCN(CCCSc3nnc(C4CCCCC4)n3C)CC2)CC1,-1.75587485567249,training
CCn1c(SCCCN2CCC3(CC2)CCN(c2ccccc2OC)CC3)nnc1-c1ccccc1,-1.68752896121463,training
COc1ccccc1N1CCC2(CCN(CCCSc3nnc(-c4ccccc4)n3N)CC2)CC1,-1.8750612633917,training
COc1ccccc1N1CCC2(CCN(CCCSc3nnc(-c4ccccc4)[nH]3)CC2)CC1,-1.51188336097887,training
COc1ccccc1N1CCC2(CCN(CCCSc3ncc(-c4ccccc4)[nH]3)CC2)CC1,-2.58319877396862,training
COc1ccccc1N1CCC2(CCN(CCCSc3ncc(-c4ccccc4)n3C)CC2)CC1,-2.62117628177503,training
COc1ccccc1N1CCC2(CCN(CCSc3nnc(-c4ccccc4)n3C)CC2)CC1,-1.95279244304409,training
COc1ccccc1N1CCC2(CCN(CCCCSc3nnc(-c4ccccc4)n3C)CC2)CC1,-1.77232170672292,training
CCOc1ccccc1N1CCC2(CCN(CCCSc3nnc(-c4ccccc4)n3C)CC2)CC1,-1.65417654187796,training
Cn1c(SCCCN2CCC3(CC2)CCN(c2ccccc2O)CC3)nnc1-c1ccccc1,-2.59769518592551,test
Cn1c(SCCCN2CCC3(CC2)CCN(c2ccccc2OCCF)CC3)nnc1-c1ccccc1,-1.52244423350632,training
COc1ccc(N2CCC3(CCN(CCCSc4nnc(-c5ccccc5)n4C)CC3)CC2)c(OC)c1,-2.04921802267018,training
Cn1c(SCCCN2CCC3(CC2)CCN(c2ccccc2F)CC3)nnc1-c1ccccc1,-2.31806333496276,training
Cn1c(SCCCN2CCC3(CC2)CCN(c2ccc(C(F)(F)F)cc2F)CC3)nnc1-c1ccccc1,-2.56820172406699,training
COc1cc(F)ccc1N1CCC2(CCN(CCCSc3nnc(-c4ccccc4)n3C)CC2)CC1,-1.32221929473392,training
COc1ccccc1N1C=CC2(CCN(CCCSc3nnc(-c4ccccc4)n3C)CC2)CC1,-0.505149978319906,training
COc1ccccc1N1CCC2(CCN(CCCSc3nnc(-c4ccccc4)n3C)C2)CC1,-1.44404479591808,training
COc1ccccc1N1CCC2(CCN(CCCCNC(=O)c3ccc(-c4ccsc4)cc3)CC2)CC1,-1.96801571399364,training
COc1ccccc1N1CCC2(CCN(CCCCNC(=O)c3ccc(N(C)C)cc3)CC2)CC1,-1.78887511577542,training
COc1ccccc1N1CCC2(CCN(CCCOc3ccc4c(c3)NC(=O)CC4)CC2)CC1,-4.16396598295488,training
CCCCN1CCC2(CC1)CCN(c1ccccc1OC)CC2,-3.44294986957786,training
CCCCN1CCC2(CC1)CCN(c1ccccc1OC)C2,-3.82262567877414,training
CCCCN1CCC2(CCN(c3ccccc3OC)C2)C1,-4.36653501876237,training
Cn1c(SCCCN2CCCCC2)nnc1-c1ccccc1,-3.04060234011407,training
Cn1c(SCCCN2CCC(C)(C)CC2)nnc1-c1ccccc1,-2.80002935924413,valid
Cn1c(SCCCN2CCC3(CCNCC3)CC2)nnc1-c1ccccc1,-3.05880548667591,training
Cn1c(SCCCN2CCNCC2)nnc1-c1ccccc1,-4.8618509063395,training
NC(=O)c1ccn(-c2cccc(OC(=O)NCCN3CCN(c4ccccc4)CC3)c2)c1,-2.02058914458329,training
Cc1cc(C(N)=O)c(-c2cccc(OC(=O)NCCN3CCN(c4ccccc4)CC3)c2)o1,-2.02058914458329,valid
Cc1cc(C(N)=O)c(-c2cccc(OC(=O)NCCN3CCN(c4ccccc4)CC3)c2)s1,-2.17012964631799,training
Cn1c(C(N)=O)ccc1-c1cccc(OC(=O)NCCN2CCN(c3ccccc3)CC2)c1,-1.88041339987792,training
NC(=O)c1ccn(-c2cccc(OC(=O)NCCCN3CCN(c4ccccc4)CC3)c2)c1,-1.53071183798166,valid
Cc1cc(C(N)=O)c(-c2cccc(OC(=O)NCCCN3CCN(c4ccccc4)CC3)c2)o1,-1.28443073384452,training
CCc1cc(Cl)c(OC)c(N2CCN(CC(F)CCNC(=O)c3cc4ccccc4o3)CC2)c1,-1.99956548822598,training
CCc1cccc(N2CCN(CC(F)CCNC(=O)c3cc4ccccc4o3)CC2)c1Cl,-0.389166084364532,training
CCc1cc(Cl)c(OC)c(N2CCN(CC(O)CCNC(=O)c3ccc4c(c3)OCO4)CC2)c1,-1.38916608436453,training
CCc1cccc(N2CCN(CC(O)CCNC(=O)c3ccc4c(c3)OCO4)CC2)c1Cl,-0.480006942957151,valid
CCc1cc2c(cc1N1CCN(CC(O)CCNC(=O)c3cc4ccccc4[nH]3)CC1)OCO2,-0.634477270160732,training
CCc1cc2c(cc1N1CCN(CC(O)CCNC(=O)c3cc4ccccc4o3)CC1)OCO2,-1.37291200297011,training
COc1ccc2c(c1)c(C1=CCNCC1)cn2S(=O)(=O)c1ccc2cccnc2c1,-1.50514997831991,training
COc1ccc2c(c1)c(C1=CCNCC1)cn2S(=O)(=O)c1cncc2ccccc12,-2.17609125905568,training
CCc1cc(Cl)c(OC)c(N2CCNCC2)c1,-2.64933485871214,training
CCc1cccc(N2CCNCC2)c1Cl,-1.49276038902684,training
CCc1cc(Cl)c(OC)c(N2CCN(C)CC2)c1,-2.25285303097989,training
CCc1cccc(N2CCN(C)CC2)c1Cl,-1.13353890837022,training
CCCCN1CCN(c2cc(CC)cc(Cl)c2OC)CC1,-1.35218251811136,training
CCCCN1CCN(c2cccc(CC)c2Cl)CC1,0.440093374963888,training
CCc1cc(Cl)c(OC)c(N2CCN(CCCCNC(=O)c3cc4ccccc4[nH]3)CC2)c1,0.467245621007502,training
CCc1cc(Cl)c(OC)c(N2CCN(CCCCNC(=O)c3cc4ccccc4o3)CC2)c1,-0.503790683057181,training
CCc1cc(Cl)c(OC)c(N2CCN(CC(O)CCNC(=O)c3cc4ccccc4o3)CC2)c1,-1.55750720190566,test
CCc1cccc(N2CCN(CCCCNC(=O)c3cc4ccccc4[nH]3)CC2)c1Cl,0.847711655616944,valid
CCc1cccc(N2CCN(CCCCNC(=O)c3cc4ccccc4o3)CC2)c1Cl,0.815308569182401,valid
CCc1cccc(N2CCN(CC(O)CCNC(=O)c3cc4ccccc4o3)CC2)c1Cl,0.006563769502388,training
CCc1cccc(N2CCN(CCCCNC(=O)c3cn4ccccc4n3)CC2)c1Cl,0.480172006224281,training
CCc1cccc(N2CCN(CC(O)CCNC(=O)c3cn4ccccc4n3)CC2)c1Cl,-0.626340367375042,training
CCc1cccc(N2CCN(CCCCNC(=O)c3nc4sccn4c3C)CC2)c1Cl,0.026410376572743,test
CCc1c[nH]c(C(=O)NCCCCN2CCN(c3cccc(CC)c3Cl)CC2)n1,-0.056904851336473,training
CCc1cccc(N2CCN(CCCCNC(=O)c3nc(C)c[nH]3)CC2)c1Cl,0.20690839982342,training
CCc1cccc(N2CCN(CC(O)CCNC(=O)c3nc(C)c[nH]3)CC2)c1Cl,-1.04921802267018,training
CCc1cccc(N2CCN(C/C=C/CNC(=O)c3nc(C)c[nH]3)CC2)c1Cl,-0.107209969647868,training
CCc1cccc(N2CCN(CCC(O)CNC(=O)c3cc4ccccc4[nH]3)CC2)c1Cl,0.698970004336019,training
O=S(=O)(c1ccccc1)N1CCc2ccc(N3CCNCC3)cc21,-2.51851393987789,valid
CN1CCN(c2ccc3c(c2)N(S(=O)(=O)c2ccccc2)CC3)CC1,-1.83250891270624,training
CCN1CCN(c2ccc3c(c2)N(S(=O)(=O)c2ccccc2)CC3)CC1,-1.20411998265592,valid
CCCN1CCN(c2ccc3c(c2)N(S(=O)(=O)c2ccccc2)CC3)CC1,-0.755874855672491,training
O=S(=O)(c1ccccc1)N1CCc2ccc(N3CCN(C4CCC4)CC3)cc21,-2.2380461031288,training
CCN1CCC(c2cccc3c2CN(S(=O)(=O)c2ccccc2)C3)CC1,-2.74973631556906,training
CCCN1CCC(c2cccc3c2CN(S(=O)(=O)c2ccccc2)C3)CC1,-2.32633586092875,training
O=S(=O)(c1ccccc1)N1Cc2cccc(N3CCNCC3)c2C1,-2.70329137811866,training
CN1CCN(c2cccc3c2CN(S(=O)(=O)c2ccccc2)C3)CC1,-2.20411998265592,training
CCN1CCN(c2cccc3c2CN(S(=O)(=O)c2ccccc2)C3)CC1,-1.86332286012046,valid
CCCN1CCN(c2cccc3c2CN(S(=O)(=O)c2ccccc2)C3)CC1,-1.43136376415899,training
O=S(=O)(c1ccccc1)N1Cc2cccc(N3CCN(C4CCC4)CC3)c2C1,-2.72015930340596,valid
CCCN1CCC(c2ccc3c(c2)CN(S(=O)(=O)c2ccccc2)C3)CC1,-2.85247999363686,valid
CCN1CCN(c2ccc3c(c2)CN(S(=O)(=O)c2ccccc2)C3)CC1,-2.83758843823551,training
CCCN1CCN(c2ccc3c(c2)CN(S(=O)(=O)c2ccccc2)C3)CC1,-2.01283722470517,training
CCN1CCC(c2cccc3c2CCN3S(=O)(=O)c2ccccc2)CC1,-2.77158748088126,training
CCCN1CCC(c2cccc3c2CCN3S(=O)(=O)c2ccccc2)CC1,-2.58319877396862,valid
CN1CCN(c2cccc3c2CCN3S(=O)(=O)c2ccccc2)CC1,-2.2380461031288,training
CCN1CCN(c2cccc3c2CCN3S(=O)(=O)c2ccccc2)CC1,-1.85733249643127,training
CCCN1CCN(c2cccc3c2CCN3S(=O)(=O)c2ccccc2)CC1,-1.23044892137827,training
O=S(=O)(c1ccccc1)N1CCc2c(N3CCN(C4CCC4)CC3)cccc21,-2.65224634100332,training
CN1CCC(c2ccc3c(c2)CCN3S(=O)(=O)c2ccccc2)CC1,-2.60314437262018,valid
CCN1CCC(c2ccc3c(c2)CCN3S(=O)(=O)c2ccccc2)CC1,-2.50650503240487,training
CCCN1CCC(c2ccc3c(c2)CCN3S(=O)(=O)c2ccccc2)CC1,-2.35602585719312,training
O=S(=O)(c1ccccc1)N1CCc2cc(C3CCN(C4CCC4)CC3)ccc21,-3.223236273103,training
O=S(=O)(c1ccccc1)N1CCc2cc(N3CCNCC3)ccc21,-2.12385164096709,training
CN1CCN(c2ccc3c(c2)CCN3S(=O)(=O)c2ccccc2)CC1,-2.03342375548695,training
CCN1CCN(c2ccc3c(c2)CCN3S(=O)(=O)c2ccccc2)CC1,-1.68124123737559,valid
CCCN1CCN(c2ccc3c(c2)CCN3S(=O)(=O)c2ccccc2)CC1,-1.38021124171161,training
O=S(=O)(c1ccccc1)N1CCc2cc(N3CCN(C4CCC4)CC3)ccc21,-2.31806333496276,training
O=S(=O)(c1ccccc1)N1CCc2ccc(C3CCNCC3)cc21,-2.71349054309394,training
CN1CCC(c2ccc3c(c2)N(S(=O)(=O)c2ccccc2)CC3)CC1,-2.08278537031645,training
CCN1CCC(c2ccc3c(c2)N(S(=O)(=O)c2ccccc2)CC3)CC1,-1.97772360528885,training
CCCN1CCC(c2ccc3c(c2)N(S(=O)(=O)c2ccccc2)CC3)CC1,-1.41497334797082,training
O=S(=O)(c1ccccc1)N1CCc2ccc(C3CCN(C4CCC4)CC3)cc21,-2.55870857053317,training
CC(=O)N1CCC(c2ccc(-c3cc(C(=O)O)cc4cc(-c5ccc(C(F)(F)F)cc5)ccc34)cc2)CC1,-3.63447727016073,training
O=C(O)c1cc(-c2ccc(C3CCNCC3)cc2)c2ccc(-c3ccc(C(F)(F)F)cc3)cc2c1,-3.8318697742805,test
CN1CCc2cccc3c2C1Cc1ccc(NC(N)=O)cc1-3,-3.39093510710338,training
CN1CCc2cccc3c2C1Cc1ccc2nc(N)sc2c1-3,-2.58092497567562,training
CCCN1CCc2cccc3c2C1Cc1cc2sc(N)nc2cc1-3,-3.32428245529769,training
CNc1cc(OC)c(C(=O)N[C@@H]2CCN(Cc3ccccc3)[C@@H]2C)cc1Cl,-0.071882007306125,training
