smiles,CHEMBL228_Ki,group
CC(C)c1ccccc1C(=O)N(C1CCCC1)[C@H]1CCNC1,-2.821513528404773,training
C[C@H]1C[C@H](c2cc3ccc(F)cc3s2)CCN1C[C@H](O)COc1cccc2[nH]ccc12,0.5086383061657274,training
CCCC(CN1CCCC1)C(=O)c1ccc(Cl)c(Cl)c1,-2.7993405494535817,training
FC(F)(F)c1cc(Oc2nccc3occc23)ccc1-c1cccc2nccn12,-3.9867717342662448,training
Cc1cnn(C[C@@]23CNCC[C@]2(c2ccc(Cl)c(Cl)c2)C3)c1,0.100015437450609,training
O=C1NCc2ccc(OCCCN3CCN(c4cccc5cccc(F)c45)CC3)c(Cl)c21,-2.361727836017593,training
Fc1ccc(C(OCCC2CCN(Cc3ccc4ccccc4c3)CC2)c2ccc(F)cc2)cc1,-2.359835482339888,training
CN(C)CCC(Oc1ccccc1)c1ccc(C#CCCN2CCCCC2)cc1,-1.462397997898956,training
CN1C2CCC1[C@@H](C(=O)Nc1ccc(Br)nc1)[C@@H](c1ccc(Cl)cc1)C2,-4.185117001142592,training
O=C1NCc2ccc(OCCCCN3CCN(c4cccc5cc(F)ccc45)CC3)c(F)c21,-3.4345689040341987,training
CN([C@@H]1C[C@@H](c2ccc(Cl)c(Cl)c2)c2ccccc21)C(C)(C)C,-3.6720978579357175,training
Cc1ccc2c(N3CCN(CCc4cccc5c4OCc4c(C(=O)NCC6CC6)ncn4-5)CC3)cccc2n1,-0.7000110623221123,training
CCCC(=O)NCCNC(CC(C)C)C1(c2ccc(OCC)cc2)CCC1,-1.3979400086720375,training
CCOCC1CNCCN1c1ccc2[nH]ncc2c1,-1.2000292665537704,training
Cc1cc2c(OC[C@@H](O)CN3CC[C@@H](c4cc5ccccc5s4)C[C@@H]3C)cccc2[nH]1,0.2757241303992109,training
C=C1CN2C3CCC2C1C(c1ccc(Br)cc1)C3,0.5528419686577808,training
C[C@H]1CNCCc2ccc(Cl)cc21,-3.415974411376566,training
O=c1ccoc2ccc(CCN3CCC(Cc4ccc(Br)c(OCCO)c4)CC3)cc12,-0.5440680443502757,training
COc1cc(Cl)ccc1O[C@@H](c1ccccc1C)[C@@H]1CNCCO1,-1.845098040014257,training
COc1cc2c(cc1OC)C1=NO[C@@H](CN3CCN(C/C(C)=C/c4cccs4)CC3)[C@@H]1CO2,-0.4313637641589873,training
CNCc1cc(C(=O)N2CCCN(C3CC3)CC2)ccc1Oc1ccc(SC)cc1,-0.4623979978989561,training
NCC1CCC(c2ccc(Br)cc2)O1,-3.04688519083771,training
COc1ccc(Sc2ccccc2N)c(CN(C)C)c1,-0.6989700043360189,training
COC[C@@]12CNCC[C@]1(c1ccc(Cl)c(Cl)c1)C2,0.0433514207947966,training
COc1ccccc1O[C@@H](c1ccccc1)[C@@H]1CNCCO1,-2.2671717284030137,training
CCN(C)[C@@H]1C[C@@H](c2ccc(Cl)c(Cl)c2)c2ccccc21,-1.3010299956639813,training
C1=C(c2c[nH]c3ccccc23)CCN(CCOc2cccc3[nH]ccc23)C1,-1.6148972160331343,training
CNCCCCOc1cccc2ccccc12,-1.4913616938342726,training
COc1cc2c(cc1OC)C1=NO[C@@H](CN3CCN(C/C(C)=C/c4ccccc4)CC3)[C@@H]1CO2,-0.3617278360175928,training
CC(=O)c1cc(NC(=O)NCCC[C@H]2C[C@H](Cc3ccc(F)cc3)CCN2C(C)=O)cc(C(C)=O)c1,-3.7375901662857216,training
CNCc1cc(C(=O)N2CCCN(C3CC3)CC2)ccc1Oc1ccc(C#N)cc1,-1.9731278535996983,training
CN(C)Cc1ccccc1Oc1ccc(I)cc1CO,0.9208187539523752,training
Fc1ccccc1Oc1cccc(F)c1C1CCNCC1,-3.100370545117563,training
COc1cc(Cl)ccc1O[C@@H](c1ccccc1F)[C@@H]1CNCCO1,-1.845098040014257,training
Cc1coc(C[C@@]23CNCC[C@]2(c2ccc(Cl)c(Cl)c2)C3)n1,-0.2999429000227671,training
CS(=O)(=O)Nc1cccc(OCCN2CCC(Oc3ccc4c(c3)NC(=O)CC4)CC2)c1,-1.3424226808222062,training
COc1ccc(C2CN(C)Cc3cc(OCCCN4CCN(C(C)C)CC4)ccc32)cc1,-0.255272505103306,training
C[C@H]1Oc2c(cccc2N2CCN(CCCc3c[nH]c4ccc(F)cc34)CC2)NC1=O,0.5999803649348415,training
CCc1ccccc1Oc1cc(C)ncc1CN(C)C,-2.4456042032735974,training
CC1(C)Cc2cccc(N3CCN(CCc4ccc5c(c4)NC(=O)CO5)CC3)c2O1,-0.4000196350651585,training
N#Cc1ccccc1CN(c1ccc2[nH]ccc2c1)C1CCNCC1,-0.599992177584098,training
O=C1NCc2ccc(OCCCN3CCN(c4cccc5ccccc45)CC3)c(F)c21,-1.927883410330707,training
CCC(NC(CC(C)C)C1(c2ccc(Cl)cc2)CCC1)C(=O)O,-1.3579348470004535,training
CCOC(=O)[C@@]12CNCC[C@]1(c1ccc(Cl)c(Cl)c1)C2,-1.2000292665537704,training
CC(=O)c1cccc(NC(=O)NCCC[C@H]2C[C@H](Cc3ccc(F)cc3)CCN2CC2CC2)c1,-2.0681858617461617,training
Clc1ccc(N2CCCN(CCCc3nc4ccccc4s3)CC2)cc1,-1.5314789170422551,training
CCCC(C(=O)c1ccc(-c2ccco2)cc1)N1CCCC1,-3.52244423350632,training
c1ccc(Oc2ccccc2C2CCNCC2)cc1,-3.24551266781415,training
CSc1ccc(C2CN(C)Cc3cc(OCCCN4CCC(F)CC4)ccc32)cc1,-0.6989700043360189,training
Cc1ccc(CN(CC(C)C)C2CCNCC2)cc1,0.00436480540245,training
C1=CCC(c2ccc3ccccc3c2)CNC1,-1.7993405494535817,training
CCCCC1CNCCN1c1ccc2[nH]ncc2c1,-0.599992177584098,training
CS(=O)(=O)Nc1cccc(OCCN2CC3CCC(C2)C3Cc2ccc3c(c2)NC(=O)CC3)c1,-0.2304489213782739,training
CN1Cc2cc(OCCCN3CCC(F)CC3)ccc2C(c2ccc(Cl)cc2)C1,-1.041392685158225,training
O=C1NCc2ccc3c(c21)CC(N(CCCc1c[nH]c2ccc(F)cc12)CC1CCCCC1)CO3,-3.094121595840561,training
COc1cc(C(F)(F)F)ccc1O[C@@H](c1ccccc1)[C@@H]1CNCCO1,-1.6127838567197357,training
Fc1cccc(Oc2cccc(Cl)c2Cl)c1OC1CNC1,-1.9731278535996983,training
CN1Cc2cc(OCCCN3CCC(F)CC3)ccc2C(c2ccc(C(F)(F)F)cc2)C1,-0.9344984512435676,training
Cc1ccccc1Oc1ncccc1C1CCNCC1,-2.4653828514484184,training
Cc1ccc2c(N3CCN(CCc4ccc5c(c4)OCC(=O)N5C)CC3)cccc2n1,-2.200001865406602,training
O=C(c1ccc2[nH]ccc2c1)C1(Cc2ccccc2)CCNCC1,-0.899984562549391,training
CNC(=O)c1ncn2c1COc1c(CCN3CCN(c4cccc5nc(C)ccc45)CC3)cccc1-2,-1.4999618655961902,training
COC(=O)C1C(c2ccc(/C=C\Br)cc2)CC2CCC1N2C,1.0969100130080565,training
Cc1ccc(Sc2ccccc2CN(C)C)c(N)c1,-0.0969100130080564,training
CCCOCCCN[C@H](CC(C)C)C1(c2ccc(Cl)c(Cl)c2)CCC1,-0.5797835966168101,training
CNCc1cnc(C)cc1Oc1ccccc1OC,-2.423245873936808,training
Cc1ccc(Oc2cc(OCCCF)ccc2CN(C)C)c(N)c1,-2.6483600109809315,training
CN1Cc2ccccc2C(c2ccc3[nH]ccc3c2)C1,-2.1367205671564067,training
CN(C)C[C@H]1C2CCC(C2)[C@@H]1c1ccc2cc(F)ccc2c1,-0.414973347970818,training
Fc1ccc(COc2ccccc2C2CCNCC2)cc1,-2.437750562820388,training
O=C(CCCCN1CCCN(c2ccc(Cl)cc2)CC1)c1nc2ccccc2s1,-1.812913356642856,training
COc1ccc(C2CN(C)Cc3cc(OCCCN4CCOCC4)ncc32)cc1,-1.845098040014257,training
CN1Cc2cc(OCCCN3CCCCC3)ncc2C(c2ccc(Cl)cc2)C1,-2.0253058652647704,training
Cc1cc2c(OC[C@@H](O)CN3CC[C@@H](c4cc5cc(F)ccc5s4)C[C@@H]3C)cccc2[nH]1,0.619788758288394,training
Cc1cccc(S(=O)(=O)NCCCCN2CC=C(c3c[nH]c4ccc(Cl)cc34)CC2)c1,-0.5910646070264992,training
N#Cc1ccc(C(=O)CCCN2CCc3ccccc3C2)cc1,-2.951823035315912,training
OC1(c2ccc(Cl)cc2)c2ccc3ccccc3c2C2=NCCCN21,-0.7403626894942439,training
NCC1c2ccccc2Cc2cc(Br)ccc21,-3.0791812460476247,training
FC(F)(COc1ccc(Cl)cc1OC1CNC1)c1ccccc1,-2.093421685162235,training
O=C1NCc2cc(F)c(OCCCN3CCN(c4cccc5cccc(F)c45)CC3)cc21,-1.1931245983544616,training
CCCN1CCC(n2ccc3ccccc32)CC1,-1.7323937598229686,training
CN(CCOC(c1ccccc1)c1ccccc1)C1CCN(CCCc2ccccc2)CC1,-3.146128035678238,training
CC(NC(C)(C)C)C(O)c1ccccc1,-3.6020599913279625,training
CNCc1cc(C#CCCNC2CC2)ccc1Oc1ccc(SC)cc1,-1.0791812460476249,training
CN(C)Cc1cc(OCCF)ccc1Sc1ccc(Cl)cc1N,1.5228787452803376,training
O=S(=O)(c1cncc2ccccc12)N1CCC[C@H]1CCN1CCN(c2cccc3sccc23)CC1,-1.880813592280792,training
COCCOc1cccc(CC2CCN(CCc3cc4c(cc3Cl)OCCO4)CC2)c1Br,-1.8727388274726688,training
O=C1CN(CCOC(c2ccccc2)c2ccccc2)CCN1CCCc1ccccc1,-3.770852011642144,training
Cc1ccc(Sc2ccccc2CN)c(N)c1,-1.4771212547196624,training
COC(=O)C1C2CCC(C[C@@H]1c1ccc(I)cc1)CN2C,0.1739251972991735,training
CCOC[C@H]1[C@@H]2CNC[C@@]21c1ccc(Cl)c(Cl)c1,0.7999707334462297,training
CCN1CCN(CCCOc2ccc3c(c2)CN(C)CC3c2ccc(OC)cc2)CC1,-0.3010299956639812,training
Cc1cc2c(cc1OCCCN1CCN(c3cccc4cc(F)ccc34)CC1)C(=O)NC2,-1.1335389083702174,training
C[C@H]1CC[C@H](C)N1CCCOc1ccc(-c2ccc(C(=O)N3CCOCC3)cc2)cc1,-3.549999523574668,training
CNCc1cc(C(=O)N2CCN(C3CC3)CC2)ccc1Oc1ccc(SC)c(C)c1,-1.041392685158225,training
CCCC1(C(=O)c2cc(F)c3[nH]ccc3c2)CCCN1,-0.8000293592441343,training
CCCC(C(=O)c1ccc(OC)c(OC)c1)N1CCCC1,-3.8727388274726686,training
CNCCC(Oc1cccc2ccccc12)c1ccsc1,-0.041392685158225,training
CCN(CC)CCCOc1ccc2c(c1)CN(C)CC2c1ccc(OC)cc1,-0.6020599913279624,training
O=S(=O)(NCCCN1CC=C(c2c[nH]c3ccc(Cl)cc23)CC1)c1cccc2ccccc12,-0.6812412373755872,training
CCCCCCCCN[C@H](C)[C@@H](O)c1ccc(SC(C)C)cc1,-2.8233437908206485,training
Fc1ccc(C(c2ccc(F)cc2)N2CCN(C/C=C/c3ccccc3)CC2)cc1,-2.423245873936808,training
COc1cc(CN[C@H]2C3C4CC5C6C4CC3C6C52)cc(OC)c1OC,-2.852479993636857,training
CC(=O)c1cccc(NC(=O)NCCC[C@H]2C[C@H](Cc3ccc(F)cc3)CCN2)c1,-1.255272505103306,training
Cc1coc([C@H]2[C@@H]3CNC[C@@]32c2ccc(Cl)c(Cl)c2)n1,-0.0,training
CCCCN1[C@H]2CC[C@@H]1C[C@H](NC(c1ccc(F)cc1)c1ccc(F)cc1)C2,-3.421603926869832,training
COc1ccc2c(c1)C=C[C@@H]1C2=NO[C@H]1CN1CCN(C/C=C/c2ccccc2)CC1,-0.8633228601204559,training
NCCSCCCc1c[nH]c2c(F)cccc12,-2.7315887651867388,training
COC(=O)c1ccccc1S[C@@H](c1ccccc1)[C@@H]1CNCCO1,-2.6972293427597176,training
CC(C)(C)CCC1(C(=O)c2cc3ccccc3[nH]2)CCNC1,-0.8000293592441343,training
CC(C)(C)CCC1(C(=O)c2cnc(N)c(Cl)c2)CCNC1,-1.4999618655961902,training
N#Cc1ccc2[nH]cc(CCCCN3CCN(c4ccc5oc(C(N)=O)cc5c4)CC3)c2c1,-0.0791812460476248,training
O=C(c1ccccc1C(F)(F)F)N(CC1CCCC1)[C@H]1CCNC1,-2.037426497940624,training
O=C1c2cc(CCN3CCC(Cc4ccc(Br)c(OCCO)c4)CC3)ccc2OCC1O,-1.255272505103306,training
COCCOc1cc(CC2CCN(CCc3ccc4c(c3)C(=O)CC(O)O4)CC2)ccc1Br,-0.1139433523068367,training
CC(C)(C)CCC1(C(=O)c2cc(F)c(Cl)c(Cl)c2)CCNC1,-0.4999618655961902,training
OCCNCCc1c[nH]c2ccc(F)cc12,-1.0,training
COC(=O)[C@H]1[C@@H](c2ccc([125I])cc2)CC2CC[C@H]1N2C,-0.1038037209559568,training
O=c1[nH]c2cccc(OC3CCN(CC4CCc5[nH]c6ccc(F)cc6c5C4)CC3)c2o1,-0.4771212547196624,training
NCCc1c[nH]c2c(F)cccc12,-1.462397997898956,training
CCCC(C(=O)c1ccc2ccccc2c1)N1CCCC1,-1.5198279937757189,training
Fc1ccc(CCNC2CCN(CCOC(c3ccccc3)c3ccccc3)CC2)cc1,-2.342422680822206,training
Oc1ccccc1CCCNCc1ccccc1O,-4.041392685158225,training
CCCC1(CCCNC)Cc2ccccc2N(c2ccc(C)cc2)C1=O,-2.204119982655925,training
CC(O)(Cc1ccccc1)CN1CCN(CCOC(c2ccc(F)cc2)c2ccc(F)cc2)CC1,-2.4913616938342726,training
CN1Cc2cc(OCCCN3CCC(F)CC3)ccc2C(c2ccc(OC(F)F)cc2)C1,-0.6334684555795865,training
Cc1noc([C@@]23CNCC[C@]2(c2ccc(Cl)c(Cl)c2)C3)n1,-0.899984562549391,training
Cc1ccc(C)n1C[C@@]12CNCC[C@]1(c1ccc(Cl)c(Cl)c1)C2,-0.4000196350651585,training
Fc1cc2c(c(OCCNCCc3c[nH]c4ccc(F)cc34)c1)OCCC2,-0.6989700043360189,training
CN(C)Cc1ccccc1Sc1cc(F)c(Cl)cc1N,-2.812913356642856,training
COc1ccc2ccccc2c1CCC1CCC(CCN)O1,-1.934498451243568,training
CNCCC(Oc1cccc2ccccc12)c1nccs1,-0.8061799739838872,training
CN1C2CCC1C(C(=O)NCCCCCCNC(=O)C1C(c3ccc(Cl)cc3)CC3CCC1N3C)C(c1ccc(Cl)cc1)C2,-2.00987563371216,training
C#CCOc1ccc(C(=O)c2ccc(C(=O)NCc3ccc4c(c3)CO[C@@]4(CCCN(C)C)c3ccc(F)cc3)cc2)cc1,0.7958800173440752,training
CNCc1cc(C(=O)N2CCN(C3CC3)CC2)ccc1Oc1ccc(C(F)(F)F)cc1,-1.568201724066995,training
N#CCCCc1c[nH]c2ccc(F)cc12,-2.2648178230095364,training
O=C1NCc2cc(F)c(OCCCCN3CCN(c4cccc5cc(F)ccc45)CC3)cc21,-1.0433622780211296,training
ONCCCc1c[nH]c2ccc(F)cc12,-1.3010299956639813,training
CN1C2CCC1C1COC(=O)CCC(=O)CCC(=O)Nc3ccc(cc3)C1C2,-3.089905111439398,training
COCCOc1cc(CC2CCN(CCc3ccc4c(c3)C(=O)CCO4)CC2)ccc1Br,-0.0086001717619175,training
CCCC(C(=O)c1ccc([N+](=O)[O-])cc1)N1CCCC1,-3.39093510710338,training
Cc1cc(C(F)(F)F)n(C[C@@]23CNCC[C@]2(c2ccc(Cl)c(Cl)c2)C3)n1,0.100015437450609,training
CCSc1ccc([C@H]2CC3CCC(N3)[C@H]2C(=O)OC)cc1,-0.1003705451175629,training
CNCCC(c1ccccc1)c1ccc2[nH]ccc2c1,-1.4999618655961902,training
CSc1ccc(CC(C)N)cc1,-2.6532125137753435,training
Cc1cccc(S(=O)(=O)NCCN2CC=C(c3c(C)[nH]c4ccc(Cl)cc34)CC2)c1,-1.505149978319906,training
Cc1ccc(Sc2cc(F)ccc2CN(C)C)c(N)c1,-1.1139433523068367,training
O=C1Cc2c(ccc3c2OC[C@H](CNCC2CCc4[nH]c5ccc(F)cc5c4C2)O3)N1,-0.6020599913279624,training
CCOC(=O)N1C[C@@H]2C(=NO[C@H]2CN2CCN(C/C=C/c3ccccc3)CC2)c2ccccc21,-0.414973347970818,training
CNCc1cc(C(=O)N2CCN(C3CCCC3)CC2)ccc1Oc1ccc(Cl)c(Cl)c1,-1.1760912590556811,training
CN(C)C[C@H]1C2CCC(C2)[C@@H]1c1ccc2cc(O)ccc2c1,-1.6720978579357175,training
COc1cc2c(cc1OC)C1=NO[C@@H](CN3CCN(C/C(C)=C/c4cccc(F)c4F)CC3)[C@@H]1CO2,-0.8512583487190752,training
O=C1NCCc2cc(F)c3c(c21)CC(NCCCc1c[nH]c2ccc(F)cc12)CO3,-1.4313637641589874,training
NC(=O)c1ccc2c(c1)CCO[C@H]2CCN1CCN(c2ccc3cc(F)ccc3c2)CC1,-0.9084850188786496,training
CC(NC(C)(C)C)C(=O)c1ccc(Cl)c(Cl)c1,-3.170261715394957,training
FC(F)(F)Oc1ccccc1CC(c1ccccc1)N1CCNCC1,-1.3979400086720375,training
CNCc1cc(C(=O)N2CCCN(C3CC3)CC2)ccc1Oc1cccc(F)c1,-2.3729120029701067,training
CCCC(C(=O)c1ccc(C(=O)OC)cc1)N1CCCC1,-3.562292864456474,training
c1csc([C@@H]2CN3CCC[C@@H]3c3cc(OCCCN4CCOCC4)ccc32)c1,-0.7781512503836436,training
CNCCC(Oc1cccc2ccccc12)c1ccc(Cl)cc1,-0.5797835966168101,training
CNCc1cc(C#CCCN2CCOCC2)ccc1Oc1ccc(SC)c(C)c1,-0.2787536009528289,training
CCCC1(C(=O)c2cc(F)c3[nH]ccc3c2)CCNC1,-0.3753892360543788,training
CCSCCCCNC(CC(C)C)C1(c2ccc(Cl)cc2)CCC1,-1.2734642726213463,training
C=CCNCc1ccccc1Sc1ccc(C)cc1N,-1.907948521612272,training
Cc1ccc2c(N3CCN(CCc4ccc5c(c4)OCC(=O)N5)CC3)cccc2n1,-2.0,training
CN1C2CCC1[C@@H](C(=O)Nc1ccc(CNC(=O)[C@H]3C4CCC(C[C@@H]3c3ccc(Cl)cc3)N4C)cc1)[C@@H](c1ccc(Cl)cc1)C2,-3.1760912590556813,training
CNCc1cc(C(=O)N2CCN(C3CC3)CC2)ccc1Oc1ccc(Cl)c(Cl)c1,-0.8325089127062363,training
COc1ccc2[nH]cc(C3CCN(CCN4C(=O)CC(c5c[nH]c6ccc(OC)cc56)C4=O)CC3)c2c1,-1.7993405494535817,training
Cc1ccc([C@H]2C[C@@H]3CC[C@H]([C@H]2c2ncc(-c4ccc(Cl)cc4)s2)N3C)cc1,-3.12057393120585,training
Cc1ccc(Oc2ccccc2CN(C)C)c(N)c1,0.2757241303992109,training
COc1ccc(OC(CCN(C)C)c2ccc(OCCCN3CCCCC3)cc2)cc1,-1.7781512503836436,training
COc1cc2c(cc1OC)C1=NO[C@@H](CN3CCN(C/C=C(\C)c4ccc(F)cc4)CC3)[C@@H]1CO2,-0.1139433523068367,training
CC(C)CN(C(=O)c1cc(Cl)cc(Cl)c1)[C@H]1CCNC1,-0.7781512503836436,training
Cc1ccc2c(N3CCN(CCc4ccc5c(c4)NC(=O)CO5)CC3)ccc(F)c2n1,-0.599992177584098,training
CC(C)CC1CNCCN1c1ccc2[nH]ncc2c1,-0.7000110623221123,training
CCCC(NC(C)(C)C)C(=O)c1ccc(Cl)c(Cl)c1,-2.925312091499649,training
c1ccc(CC(c2ccccc2)c2ccncc2)cc1,-2.959041392321093,training
CN(C)CCCC1(c2ccc(F)cc2)OCc2cc(-c3ccc(N)cc3)ccc21,-3.556302500767288,training
CC(C)CN(C(=O)c1cccc(C(F)(F)F)c1Cl)[C@H]1CCNC1,-1.041392685158225,training
CNCCC(Oc1cccc2ccccc12)c1ccc(Br)cc1,-0.6127838567197355,training
OC1(c2ccc(Cl)cc2)CCN(CCCSc2ccc(F)cc2)CC1,-2.204119982655925,training
COc1ccc2cc([C@@H]3CCN(C[C@H](O)COc4cccc5[nH]ccc45)[C@@H](C)C3)sc2c1,-0.041392685158225,training
COCCOc1cc(CC2CCN(CCc3ccc4c(c3)C(O)CCO4)CC2)ccc1Br,-0.926342446625655,training
Cc1ccccc1O[C@@H](c1ccccc1)[C@@H]1CNCCO1,-1.968482948553935,training
CNCC[C@H](Oc1cccc2c(O)c(O)ccc12)c1cccs1,-4.501059262217751,training
Cc1ccc([C@H]2C[C@@H]3CC[C@H]([C@H]2c2ncc(-c4ccc(Br)cc4)s2)N3C)cc1,-3.271841606536499,training
CN1Cc2cc(OCCCN3CCC(F)CC3)ccc2C(c2ccc(C#N)cc2)C1,-1.2041199826559248,training
CCOC(=O)NCCNC(CC(C)C)C1(c2ccc(Cl)c(Cl)c2)CCC1,-0.0,training
COc1ccc(F)c(CC2CCN(CCc3ccccc3)CC2)c1,-2.437750562820388,training
O=C(Cc1ccccc1)CN1CCN(CCOC(c2ccc(F)cc2)c2ccc(F)cc2)CC1,-2.397940008672037,training
CCCN1CCC(c2cc3ccccc3s2)CC1,-2.113943352306837,training
N#Cc1ccc2[nH]cc(CCCCN(CC3CC3)C3COc4ccc5c(c4C3)C(=O)NC5)c2c1,-1.255272505103306,training
c1csc([C@@H]2CN3CCC[C@@H]3c3cc(OCCCN4CCOCC4)ccc32)n1,-2.463892988985908,training
CNCc1cc(C(=O)N2CCN(C3CC3)CC2)ccc1Oc1ccc(Cl)cc1,-1.3617278360175928,training
COc1ccc(C2CN(C)Cc3cc(OCCCN4CCOCC4)ccc32)cc1,-0.8129133566428556,training
CC(=O)c1cc(NC(=O)NCCC[C@H]2C[C@H](Cc3ccc(F)cc3)CCN2CCF)cc(C(C)=O)c1,-1.6901960800285136,training
CCCN1CCC(N2C(=O)C(=O)c3ccccc32)CC1,-4.377124042346456,training
COc1ccc2[nH]cc(C3CCN(CCCCN4C(=O)CC(c5c[nH]c6ccc(OC)cc56)C4=O)CC3)c2c1,-2.4885507165004443,training
CNCCCOc1cccc2ccccc12,-1.8750612633917,training
Cc1ccc(Nc2ccccc2CN(C)C)c(N)c1,-1.011993114659257,training
Fc1ccccc1COc1ccccc1N1CCNCC1,-2.990338854787601,training
C[C@]12CC[C@@H]3c4ccc(O)cc4CC[C@H]3[C@@H]1C[C@@H](O)[C@@H]2O,-3.7396514437093766,training
CCOCCCCNC(CC(C)C)C1(c2ccc(SC)cc2)CCC1,-0.4756711883244297,training
CNCc1cc(C(=O)N2CCCN(C(C)C)CC2)ccc1Oc1ccc(SC)cc1,-0.6989700043360189,training
CN1Cc2cc(OCCCN3CCCCC3)ncc2C(c2ccc(Cl)c(Cl)c2)C1,-2.0791812460476247,training
CC(C)N(C(=O)c1ccccc1C(F)(F)F)[C@H]1CCNC1,-2.6599162000698504,training
CCNCCCOc1ccc2c(c1)CN(C)CC2c1ccc(OC)cc1,-0.5314789170422551,training
COc1ccc([C@@H]2CN3CCC[C@@H]3c3cc(OCCCN4CCCCC4)ccc32)cc1,-0.5185139398778874,training
Cc1ncc2c(N3CCN(CCc4ccc5c(c4)NC(=O)CO5)CC3)cccc2n1,-0.2999429000227671,training
O=C1NCc2ccc3c(c21)CC(N(CCCc1c[nH]c2ccc(F)cc12)CC1CC1)CO3,-0.9378520932511556,training
O=C(CN1CCN(CCOC(c2ccccc2)c2ccccc2)CC1)c1ccccc1,-3.146128035678238,training
CC(C)CC(c1cccc(Cl)c1)C1CCCCN1,-3.505149978319906,training
CCCC1(c2ccc3[nH]ccc3c2)CCNC1,-1.8195439355418688,training
O=C1NCc2ccc(OCCCN3CCN(c4cccc5cccc(F)c45)CC3)c(F)c21,-2.204119982655925,training
OC1(c2ccc3ccccc3c2)c2ccc3ccccc3c2C2=NCCN21,-1.041392685158225,training
CCOCCCCN[C@H](CC(C)C)C1(c2ccc(Cl)c(Cl)c2)CCC1,0.0969100130080563,training
CN(C)Cc1cc(I)ccc1Sc1ccccc1N,-0.0,training
O=S(=O)(NCCCN1CC=C(c2c[nH]c3ccc(Cl)cc23)CC1)c1ccc2ccccc2c1,-0.5797835966168101,training
CC(=O)CN1CC[C@@H](Cc2ccc(F)cc2)C[C@@H]1CCCNC(=O)Nc1cc(C(C)=O)cc(C(C)=O)c1,-1.041392685158225,training
C1=C[C@@H]2C(=NO[C@H]2CN2CCN(C/C=C/c3ccccc3)CC2)c2ccccc21,-2.0253058652647704,training
O=C1NCc2cc(Cl)c(OCCCCN3CCN(c4cccc5cccc(F)c45)CC3)cc21,-1.658964842664435,training
CC(=O)Nc1ccc2c(c1)Cc1ccccc1-2,-3.5073160400764136,training
CCc1ccc(CC2CCN(CCc3ccc4c(c3)C(=O)CCO4)CC2)cc1OCCOC,-0.9934362304976116,training
Cc1cccc(S(=O)(=O)NCCCN2CC=C(c3c[nH]c4ccc(Cl)cc34)CC2)c1,-0.7923916894982539,training
Clc1ccc2c(c1)C(N1CCNCC1)=Nc1ccccc1O2,-1.255272505103306,training
CCN(CCc1ccc(OC(F)(F)F)cc1)CCN1CCCC1,-3.5787537844264348,training
c1cc2[nH]ncc2cc1N1CCNCC1CC1CCCCC1,-1.599992177584098,training
NCC1CCC(CCc2c(F)c(F)c(F)c(F)c2F)O1,-3.327563260187278,training
CN(C)Cc1ccccc1Sc1ccc(F)cc1N,-0.1643528557844371,training
Cc1ccc2c(N3CCN(CCc4cccc5c4OCc4nc(C(F)(F)F)cn4-5)CC3)cccc2n1,-1.4999618655961902,training
COc1ccccc1/C=C(\C)CN1CCN(C[C@@H]2ON=C3c4cc(OC)c(OC)cc4OC[C@H]32)CC1,-0.2041199826559248,training
Fc1cccc(Oc2ncccc2C2CCNCC2)c1F,-2.037426497940624,training
COC(=O)[C@@H]1C2CCC(C[C@@H]1c1ccc(S(C)(=O)=O)cc1)N2C,-2.318063334962761,training
CN(C)CCC(Oc1cccc(OCCCN2CCCCC2)c1)c1ccccc1,-3.170261715394957,training
CN1CCc2c(cccc2C(=O)NCC2(N3CCN(c4ccccc4)CC3)CCCCC2)C1,-1.2000292665537704,training
Cc1cc2c(OC[C@@H](O)CN3CC[C@@H](c4ccc5c(C)csc5c4)C[C@@H]3C)cccc2[nH]1,0.2365720064370627,training
COc1ccc2c(c1)CN(C)CC2c1ccc(F)c(F)c1,-2.724275869600789,training
O=S(=O)(NCCCN1CC=C(c2c[nH]c3ccc(Cl)cc23)CC1)c1ccc(Cl)cc1,-0.6627578316815741,training
OC1(c2ccc(Cl)cc2)c2ccccc2C2=NCCCN21,-1.591064607026499,training
CCOCC[C@H]1[C@@H]2CNC[C@]12c1ccc(Cl)c(Cl)c1,0.100015437450609,training
Cc1ccc2c(N3CCN(CCc4cccc5c4OCc4c(C(=O)N(C)C)ncn4-5)CC3)cccc2n1,-1.2000292665537704,training
O=CN(Cc1ccccc1-c1ccccc1)[C@H]1CCNC1,-2.9390197764486663,training
O=c1[nH]c2cccc(OC3CCN(CCC4CCc5[nH]c6ccc(F)cc6c5C4)CC3)c2o1,-3.0791812460476247,training
O=C(c1cc(F)c2[nH]ccc2c1)C1(Cc2ccccc2)CCNC1,-0.7114275825367925,training
N#CSCCCc1c[nH]c2ccc(F)cc12,-2.326335860928752,training
Cn1c(=O)cnn(CCCCN2CCN(c3cccc4ccc(O[11CH3])cc34)CC2)c1=O,-3.788451207023456,training
C(=C/c1ccccc1)\CN1CCN(C[C@@H]2ON=C3c4ccccc4OC[C@H]32)CC1,-1.2041199826559248,training
OC1(c2ccc(Cl)cc2)c2cc(Cl)c(Cl)cc2C2=NCCN21,-3.129367595722986,training
CN1[C@H]2CC[C@@H]1[C@@H](c1ncc(-c3ccc(Cl)cc3)s1)[C@@H](c1ccc(Cl)cc1)C2,-3.378397900948137,training
COc1cccc(C2CN(C)Cc3cc(OCCCN4CCCCC4)ncc32)c1,-2.4800069429571505,training
CN1Cc2ccccc2C(c2ccc3sccc3c2)C1,-0.6020599913279624,training
C=CCN(CC=C)CCc1c[nH]c2ccccc12,-2.1800111190577174,training
OC1(c2ccc(Cl)cc2)c2ccccc2C2=N[C@H]3CCCC[C@@H]3N21,-2.7781512503836434,training
c1cc([C@@H]2CN3CCC[C@@H]3c3cc(OCCCN4CCCCC4)ccc32)ccn1,-1.8195439355418688,training
C=C1CN2C3CCC2C1C(c1ccc(Cl)cc1)C3,0.0861861476162833,training
CCOC(=O)c1cc2cc(C3(Cc4ccccc4)CCNC3)ccc2[nH]1,-0.6020599913279624,training
C#C[C@]1(O)CC[C@H]2[C@@H]3CCC4=CC(=O)CC[C@@H]4[C@H]3CC[C@@]21C,-3.382197210377454,training
CC(=O)c1cc(NC(=O)NCCC[C@H]2C[C@H](Cc3ccc(F)cc3)CCN2CC(F)F)cc(C(C)=O)c1,-2.515873843711679,training
CC(C)CN(CCCc1c[nH]c2ccc(F)cc12)C1COc2ccc3c(c2C1)C(=O)NC3,-2.7902851640332416,training
CSc1ccccc1C(=O)N(C1CCC1)[C@H]1CCNC1,-1.792391689498254,training
O=C(CCCN1CC[C@H]2[C@@H](C1)c1cccc3c1N2CCN3)c1ccc(F)cc1,-1.4913616938342726,training
CC(O)(CCN1CCN(CCOC(c2ccccc2)c2ccccc2)CC1)c1ccccc1,-3.255272505103306,training
O=C1NCc2ccc3c(c21)CC(N(CCCCc1c[nH]c2ccc(F)cc12)CC1CC1)CO3,-2.143014800254095,training
S=C=Nc1cccc2ccccc12,-3.880413399877917,training
O=C(c1ccccc1Oc1ccccc1)N(C1CCC1)[C@H]1CCNC1,-2.346352974450639,training
CNCc1cc(C(=O)N2CCN(C(C)C)CC2)ccc1Oc1ccc(SC)c(C)c1,-0.9084850188786496,training
O=C1CCc2ccc(OCCN3CCN(c4cccc5[nH]c(=O)oc45)CC3)cc2N1,-2.7307822756663893,training
COc1ccccc1N1CCC2(CCN(CCCSc3nnc(-c4ccccc4)n3C)CC2)CC1,-2.469822015978163,training
CN1Cc2ccccc2C(c2ccc3[nH]ncc3c2)C1Cl,-1.3283796034387378,training
Cc1ccc2c(N3CCN(CCc4cccc5c4OCc4c(C#N)ncn4-5)CC3)cccc2n1,-2.099991233544684,training
Fc1ccc(OCc2ccc(Cl)c(Cl)c2)c(C2CCNCC2)c1,-0.3010299956639812,training
CCS(=O)(=O)CCCCNC(CC(C)C)C1(c2ccc(Cl)c(Cl)c2)CCC1,-1.5843312243675307,training
CNCc1cc(C#CCCN2CCC(F)CC2)ccc1Oc1ccc(Cl)c(Cl)c1,-1.4313637641589874,training
COC(=O)/C=C1/CN2C3CCC2C1C(c1ccc(C)cc1)C3,-1.9925976961020384,training
O=C(CCCN1CCCN(c2ccc(Cl)cc2)CC1)c1nc2ccccc2s1,-0.724275869600789,training
COc1ccc(C2CN(C)Cc3cc(OCCCN4CCC4)ccc32)cc1,-0.6812412373755872,training
c1ccc(C(c2ccccc2)c2cccnc2)cc1,-4.1003705451175625,training
CNCc1cc(C#CCCN2CCSCC2)ccc1Oc1ccc(Cl)c(Cl)c1,-0.8260748027008264,training
O=S(=O)(NCCN1CC=C(c2c[nH]c3ccc(F)cc23)CC1)c1ccc2ccccc2c1,-0.2304489213782739,training
CN(C)C(=O)c1cc2cc(C3(Cc4ccccc4)CCNC3)ccc2[nH]1,-1.3424226808222062,training
CN1Cc2cc(O)ccc2C(c2ccc(F)c(F)c2)C1,-2.4578818967339924,training
CCCOc1ccccc1CC(c1ccccc1)N1CCNCC1,-1.255272505103306,training
O=c1[nH]c2cccc(OCC3CCN(CC4CCc5[nH]c6ccc(F)cc6c5C4)CC3)c2o1,0.3979400086720376,training
O=S(=O)(NCCCN1CC=C(c2c[nH]c3ccc(Cl)cc23)CC1)c1cccc(F)c1,-0.041392685158225,training
COc1ccccc1CC(c1ccccc1)N1CCNCC1,-0.8653014261025438,training
O=C(CCCCN1Cc2ccccc2C1)c1nc2ccccc2s1,-2.374748346010104,training
CCC(NC(CC(C)C)C1(c2ccc(Cl)cc2)CCC1)C(=O)OCC(C)C,-1.829946695941636,training
CN(C)C(=O)N(Cc1ccccc1-c1ccccc1)[C@H]1CCNC1,-3.699837725867246,training
CN1Cc2cc(OCCCN3CCCCC3)ncc2C(c2cccc(Cl)c2)C1,-2.916980047320382,training
CCOc1ccccc1Oc1cc(C)ncc1CN(C)C,-3.6766936096248655,training
COc1cc2c(cc1OC)C1=NO[C@@H](CN3CCN(C/C=C/c4cccc(F)c4)CC3)[C@@H]1CO2,-0.3979400086720376,training
Cc1cccc2c1CN(C)CC2c1ccccc1,-3.155336037465062,training
COC(=O)[C@@H]1[C@H]2CC[C@H](C[C@H]1c1ccc(C)c(F)c1)N2,-1.631443769013172,training
Fc1cccc(OCc2ccccc2N2CCNCC2)c1,-1.230448921378274,training
CC(C)OCC1(C(=O)c2ccc(N)c(Cl)c2)CCCN1,-0.1000257301078625,training
O=c1[nH]c2cccc(N3CCN(CC4CCc5[nH]c6ccc(F)cc6c5C4)CC3)c2o1,-1.4313637641589874,training
c1cnc([C@@H]2CN3CCC[C@@H]3c3cc(OCCCN4CCOCC4)ccc32)cn1,-1.944482672150169,training
COc1ccc(C2CN(C)Cc3cc(OCCCN4CCC(F)CC4)ccc32)cc1Cl,-0.7558748556724915,training
COC(=O)[C@@H]1C2CCC(C[C@@H]1c1ccc(SC)cc1)N2,0.721246399047171,training
COc1ccc(CCN2CCC(Cc3cc(OC)ccc3Br)CC2)c(Cl)c1,-1.484299839346786,training
c1ccc(N(c2ccc3[nH]ccc3c2)C2CCNCC2)cc1,-3.0,training
CS(=O)(=O)Nc1cc(OCCN2CCC(Oc3ccc4c(c3)NC(=O)CC4)CC2)ccc1F,-1.4771212547196624,training
COCCOc1cc(CC2CCNCC2)ccc1Br,-2.575187844927661,training
C=C(Cc1ccccc1)CN1CCN(CCOC(c2ccc(F)cc2)c2ccc(F)cc2)CC1,-2.633468455579586,training
CCCN(CC[C@]1(O)C[C@H](NC(=O)c2ccc3ccccc3c2)C1)[C@H]1CCc2nc(N)sc2C1,-1.505149978319906,training
COCCOc1ccc2c(c1)OC[C@@H]1C2=NO[C@H]1CN1CCN(C/C(C)=C/c2ccccc2)CC1,-0.6532125137753437,training
CNCc1cc(C#CCCN(C)C2CC2)ccc1Oc1ccc(SC)cc1,-0.041392685158225,training
CNCc1cnc(C)cc1Oc1ccccc1Cl,-1.944482672150169,training
CN1CCN2c3c(cccc31)[C@@H]1CN(CCCOc3ccc(F)cc3)CC[C@@H]12,-1.4313637641589874,training
C=CC(=O)Oc1ccc2c(c1)OC[C@@H]1C2=NO[C@H]1CN1CCN(C/C(C)=C/c2ccccc2)CC1,-1.6127838567197357,training
CC(C)OC[C@@H]1[C@H]2CNC[C@]21c1ccc(Cl)c(Cl)c1,0.8999742698921374,training
CN1[C@H]2CC[C@@H]1[C@@H](c1ncc(-c3cccc([N+](=O)[O-])c3)s1)[C@@H](c1ccc(Cl)cc1)C2,-2.869231719730976,training
COc1ccc(F)cc1CCCC[C@H]1CC[C@H](CN)O1,-0.6020599913279624,training
COc1cc(Cl)ccc1O[C@@H](c1cccc(F)c1)[C@@H]1CNCCO1,-1.7634279935629371,training
O=C1COc2ccc(OCCNCCCOc3cccc4[nH]ccc34)cc2N1,-1.899984562549391,training
O=C(CCCCN1CCN(c2ccccc2)CC1)c1nc2ccccc2s1,-2.474216264076256,training
COc1cccc(CN(c2ccc3[nH]ccc3c2)C2CCNCC2)c1,-0.2000292665537703,training
CN1Cc2cc(OCCCN3CCCCC3)ncc2C(c2ccccc2F)C1,-2.885361220031512,training
COc1cc(C#N)ccc1O[C@@H](c1ccccc1)[C@@H]1CNCCO1,-2.041392685158225,training
O=C(c1ccc2[nH]ccc2c1)C1(Cc2ccccc2)CCCN1,-3.100001582801352,training
CN1Cc2c(O)cccc2C(c2ccccc2)C1,-3.311753861055754,training
CN1C2CCC1[C@@H](CNc1cccc(F)n1)[C@@H](c1ccc(Cl)cc1)C2,-1.3138672203691537,training
NCC1CCC(c2ccc3ccccc3c2)O1,-1.6532125137753435,training
c1ccc(CC2CNCCN2c2ccc3[nH]ccc3c2)cc1,-1.1000257301078626,training
COc1cc2c(cc1OC)C1=NO[C@@H](CN3CCN(C/C=C(\C)c4ccc(F)cc4F)CC3)[C@@H]1CO2,-0.7323937598229685,training
CCSCCNC(CC)C1(c2ccc(Cl)c(Cl)c2)CCC1,-2.3502480183341627,training
CN(C)CCCc1c[nH]c2ccc(F)cc12,-0.6020599913279624,training
COc1ccc(Br)c(CC2CCN(CCc3cccc4ccccc34)CC2)c1,-1.5899496013257075,training
COC(=O)C(c1ccccc1)C1CCCCN1,-4.812913356642856,training
Fc1ccc2c(C3=CCN(CCOc4cccc5c4OCCO5)CC3)c[nH]c2c1,-1.2966651902615312,training
Cc1ccc2c(N3C[C@H]4C[C@@H]3CN4CCc3ccc4c(c3)NC(=O)CO4)cccc2n1,-0.599992177584098,training
Cc1cccc(F)c1Oc1cccc(F)c1OC1CNC1,-3.0644579892269186,training
O=C(OCCCF)C1C2CCC(CC1c1cccc(/C=C\I)c1)N2,0.585026652029182,training
Cc1ccc2c(N3CCN(CCc4c(C)ccc5c4CCC(=O)N5C)CC3)cccc2n1,-1.4000196350651586,training
CCOC(=O)N(Cc1ccccc1SC)[C@H]1CCNC1,-2.5477747053878224,training
CN(C)CCC(Oc1ccc(C(F)(F)F)cc1)c1ccc(C#CCCN2CCCCC2)cc1,-1.7853298350107671,training
c1ccc(C2CNCCN2c2ccc3[nH]ncc3c2)cc1,-1.299942900022767,training
COc1cc2c(cc1OC)C1=NO[C@@H](CN3CCN(Cc4ccc5ncccc5c4)CC3)[C@@H]1CN2,-1.3424226808222062,training
CNCCC(Oc1cccc2ccccc12)c1ccco1,0.1549019599857432,training
CN1[C@H]2CC[C@@H]1[C@@H](c1ncc(-c3ccc([N+](=O)[O-])cc3)s1)[C@@H](c1ccc(Cl)cc1)C2,-3.2600713879850747,training
Fc1ccc(C(N[C@@H]2C[C@@H]3CC[C@H](C2)N3CCc2c[nH]c3ccccc23)c2ccc(F)cc2)cc1,-2.5403294747908736,training
Cc1ccc2c(N3CCN(CCc4cccc5c4OCC(=O)N5C)[C@H](C)C3)cc(F)cc2n1,-0.2999429000227671,training
COC(=O)[C@@H]1C2CCC(C[C@@H]1c1ccc(SC(C)C)cc1)N2C,-1.3617278360175928,training
CN(C)Cc1cc(OCCF)ccc1Sc1ccc(F)cc1N,1.0,training
CN1CCN(CCCN2c3ccccc3Sc3ccc(Cl)cc32)CC1,-2.79309160017658,training
CN(C)CCCC1(c2ccc(F)cc2)OCc2cc(-c3cccc(N)c3)ccc21,-2.591064607026499,training
COc1cc(Cl)ccc1O[C@@H](c1ccc(C)cc1)[C@@H]1CNCCO1,-1.944482672150169,training
COC(=O)[C@@H]1[C@H]2CC[C@H](C[C@H]1c1ccc(C)cc1)N2,-2.1344639915342887,training
C#CCN1CC[C@@H](Cc2ccc(F)cc2)C[C@@H]1CCCNC(=O)Nc1cc(C(C)=O)cc(C(C)=O)c1,-2.484299839346786,training
O=C1CC(c2c[nH]c3ccc(F)cc23)C(=O)N1CCN1CCC(c2c[nH]c3ccc(F)cc23)CC1,-2.496929648073215,training
CSc1ccccc1O[C@@H](c1ccccc1)[C@@H]1CNCCO1,-1.958468318366944,training
NCC1CCC(CCc2cccnc2)O1,-3.657629431388952,training
CNCc1cc(C#CCCN2CCOCC2)ccc1Oc1ccc(SC)cc1,0.0969100130080563,training
Cc1ccc2c(N3CCN(CCCc4cccc5c4OCC(=O)N5C)CC3)cccc2n1,0.400007822415902,training
Fc1ccc(OC[C@@H]2CNCCO2)c2c1CCC2,-1.3222192947339193,training
CN1C2CCC1[C@@H](C(=O)Nc1cccc(Br)n1)[C@@H](c1ccc(Cl)cc1)C2,-3.5066403055665023,training
COc1ccc(Br)c(CC2CCN(CCc3ccc(OC)c(Cl)c3)CC2)c1,-1.276461804173244,training
FCCCOc1ccccc1S[C@@H](c1ccccc1)[C@@H]1CNCCO1,-2.08278537031645,training
CC(C)OCC[C@@]1(c2ccc(Cl)c(Cl)c2)[C@H]2CNC[C@H]21,0.5000381344038098,training
Cc1csc(C[C@@]23CNCC[C@]2(c2ccc(Cl)c(Cl)c2)C3)n1,1.0,training
COC[C@@]12CNCC[C@]1(c1ccc(Cl)cc1)C2,-1.2000292665537704,training
COCCOc1cc(Br)cc(CC2CCN(CCc3ccc4c(c3)C(=O)CCO4)CC2)c1,-0.7259116322950482,training
CN(C)Cc1ccccc1Sc1ccc(I)cc1CO,1.0192393579856704,training
CNCc1ccccc1Sc1ccc(CO)cc1N,-1.179264464339025,training
CNC(=O)c1ccccc1Sc1ccc(C)cc1[N+](=O)[O-],-0.287801729930226,training
O=C1CC(c2c[nH]c3ccc(F)cc23)C(=O)N1CCCN1CCC(c2c[nH]c3ccc(F)cc23)CC1,-2.146128035678238,training
COc1ccc2[nH]cc(C3CCN(CCN4C(=O)CC(c5c[nH]c6ccc(F)cc56)C4=O)CC3)c2c1,-3.118264726089479,training
CN1C2CCC1[C@@H](C(=O)NCc1cccc(CNC(=O)[C@H]3C4CCC(C[C@@H]3c3ccc(-c5ccsc5)cc3)N4C)c1)[C@@H](c1ccc(-c3ccsc3)cc1)C2,-2.934498451243568,training
CNC(=O)c1ccccc1Sc1ccccc1[N+](=O)[O-],-1.921322243583822,training
CN(C)Cc1ccccc1Sc1ccc(Cl)cc1CO,-1.740362689494244,training
CN1c2ccccc2Sc2cc(N)ccc21,-4.0,training
Cc1ccn2c(=O)c(CCN3CC[C@H]4[C@@H](C3)c3cccc5c3N4CCN5C)c(C)nc2c1,-1.7558748556724917,training
C#C[C@]1(O)CC[C@H]2[C@@H]3CCc4cc(OC)ccc4[C@H]3CC[C@@]21C,-1.3424226808222062,training
COc1cc2c(cc1OC)CN(C)CC2,-4.669316880566112,training
Cc1ccc(C2CC=CCNC2)cc1Cl,-2.7781512503836434,training
CC(C)C(=O)N(Cc1ccccc1C(C)C)[C@H]1CCNC1,-2.73559889969818,training
COc1ccc(C2CN(C)Cc3ccccc32)cn1,-2.672097857935717,training
CNCc1cnc(C)cc1Oc1ccccc1Oc1ccccc1,-2.91539983521227,training
CCCN(C(=O)c1ccccc1C(C)C)[C@H]1CCNC1,-3.7168377232995247,training
CNCc1cc(C#CCCN2CCOCC2)ccc1Oc1ccc(F)cc1Cl,-0.5563025007672873,training
N#Cc1ccc(CN(c2ccc3[nH]ccc3c2)C2CCNCC2)cc1,-0.4000196350651585,training
Cc1c(OCCCN2CCN(c3cccc4cc(F)ccc34)CC2)ccc2c1C(=O)NC2,-1.3304137733491908,training
O=S(=O)(NCCCCN1CC=C(c2c[nH]c3ccc(Cl)cc23)CC1)c1cccc(F)c1,-0.505149978319906,training
O=C(CCCCN1CCC(n2c(=O)[nH]c3cc(Cl)ccc32)CC1)c1nc2ccccc2s1,-2.7520484478194387,training
CC(=O)c1cc(NC(=O)NCCC[C@H]2C[C@H](Cc3ccc(F)cc3)CCN2C(=N)N)cc(C(C)=O)c1,-1.2787536009528289,training
CC(C)N1CCC(COc2cc3c(cn2)C(c2ccc(Cl)c(Cl)c2)CNC3)CC1,-1.568201724066995,training
CN1C2CCC1[C@@H](C(=O)OCCCCCn1ccnn1)[C@@H](c1ccc(Cl)cc1)C2,-1.3010299956639813,training
COC(=O)[C@@H]1C2CCC(C[C@@H]1c1ccc([S+](C)O)cc1)N2C,-0.6334684555795865,training
CSc1ccccc1C(=O)N(C1CCCC1)[C@H]1CCNC1,-1.5563025007672873,training
CC(C)c1nnn(C[C@@]23CNCC[C@]2(c2ccc(Cl)c(Cl)c2)C3)n1,0.100015437450609,training
Cc1ccc([C@H]2CC3CCC([C@H]2c2ccc(F)cc2)N3C)cc1,-1.3979400086720375,training
Clc1ccccc1C1CNCc2cc(OCCCN3CCCCC3)ncc21,-3.12483014941386,training
COC[C@@]12CN(C(C)C)CC[C@]1(c1ccc(Cl)c(Cl)c1)C2,-2.800001827817969,training
CC(C)CN(Cc1ccccc1)C1CCNCC1,-0.9242792860618816,training
CCCCCCc1ccc2c(c1)Cc1ccccc1C2CN,-2.690196080028514,training
OC1(c2ccc(Cl)cc2)CCN(CCCOc2ccc(F)cc2)CC1,-3.3479151865016914,training
CCCC1(C(=O)c2ccc(N)c(Cl)c2)CCCN1,-0.2999429000227671,training
CC(C)N1CCN(C(=O)c2ccc(C(CCN(C)C)Oc3ccccc3)cc2)CC1,-2.3891660843645326,training
COc1ccccc1CC(c1cccc(F)c1)N1CCNCC1,-0.9030899869919436,training
O=C1NCc2ccc3c(c21)CC(N(CCCc1c[nH]c2ccc(F)cc12)C(=O)c1ccccc1)CO3,-1.4913616938342726,training
c1ccc(C(Cc2cccc3c2OCC3)N2CCNCC2)cc1,-0.9030899869919436,training
CN1C2CCC1[C@@H](C(=O)OCc1cn(CCCCCCOC(=O)[C@H]3C4CCC(C[C@@H]3c3ccc(Cl)cc3)N4C)nn1)[C@@H](c1ccc(Cl)cc1)C2,0.0655015487564322,training
Oc1ccccc1C[C@H](c1ccccc1)N1CCNCC1,-0.9030899869919436,training
c1ccc(OCc2ccccc2C2CCNCC2)cc1,-2.561101383649056,training
Fc1cccc(Cl)c1Oc1cccc(F)c1OC1CCNCC1,-3.3096301674258988,training
CN(C)Cc1cc(OCCCF)ccc1Sc1ccc(Br)cc1N,0.8239087409443188,training
Clc1ccccc1Oc1ncccc1C1CCNCC1,-1.7558748556724917,training
Cc1cnc([C@H]2[C@@H]3CNC[C@@]32c2ccc(Cl)c(Cl)c2)o1,-1.2000292665537704,training
CCSc1ccccc1C(=O)N(CC1CCC1)[C@H]1CCNC1,-2.424881636631067,training
CCN(CC)c1ccc2c(-c3ccc(S(=O)(=O)NCCCCCC(=O)NCCN4[C@@H]5CC[C@@H]4[C@@H](C(=O)OC)[C@@H](c4ccc(Cl)c(Cl)c4)C5)cc3S(=O)(=O)O)c3ccc(=[N+](CC)CC)cc-3oc2c1,-2.593286067020457,training
CCCN1CCC(c2csc3ccccc23)CC1,-0.8129133566428556,training
c1ccc(CN(c2ccc3[nH]ccc3c2)C2CCNC2)cc1,-1.299942900022767,training
CN1C2CCC1C(C(=O)Oc1ccccc1)C(c1ccc(Cl)cc1)C2,-2.591064607026499,training
C[C@]12CC[C@@H]3c4ccc(O)cc4CC[C@H]3[C@@H]1CCC2=O,-3.4496326504700745,training
CN(C)Cc1ccccc1Sc1ccc(Cl)cc1N,0.5686362358410126,training
O=C(c1ccc2[nH]ccc2c1)C1(Cc2ccccc2)CCNC1,-0.8000293592441343,training
COc1cccc(C2(O)CCCCC2CN(C)C)c1,-2.296665190261531,training
CCC(=O)N(Cc1ccccc1-c1ccccc1)[C@H]1CCNC1,-3.428134794028789,training
O=C(OCCO)C1=C(c2ccc(Cl)c(Cl)c2)CCC1,-4.698970004336019,training
CC(N)Cc1c[nH]c2ccccc12,-3.050963321866367,training
COc1ccc(Br)c(CC2CCN(CCc3cc4c(cc3Cl)OCCO4)CC2)c1,-1.0934216851622351,training
CC/C(=C(/CC)c1ccc(O)cc1)c1ccc(O)cc1,-3.821971817642043,training
CC(C)Oc1ccccc1CC(c1ccccc1)N1CCNCC1,-1.255272505103306,training
CNCCC(c1ccccc1)c1cccc2ccccc12,-0.380211241711606,training
CN1Cc2ccccc2C(c2ccc3occc3c2)C1,-1.2833012287035497,training
CC(C)Oc1ccc(Br)c(CC2CCN(CCc3cc4c(cc3Cl)OCCO4)CC2)c1,-1.1430148002540952,training
Clc1ccc(C(c2ccccc2Cl)C(Cl)Cl)cc1,-3.2043913319193,training
c1ccc(N2CCNCC2)c(COc2ccccc2C2CC2)c1,-1.7242758696007892,training
COc1ccc(Br)c(CC2CCN(CCc3cccc4c3OCCO4)CC2)c1,-1.4082399653118496,training
COc1ccc2cc([C@H]3C4CCC(C4)[C@@H]3CN(C)C)ccc2c1,-1.3979400086720375,training
CC(C)CN(C(=O)c1ccccc1Oc1ccccc1)[C@H]1CCNC1,-2.204119982655925,training
O=C(NC1CCCC1)c1ccc(-c2ccc3c(c2)CCN(CCN2CCCC2)C3=O)cc1,-2.230448921378274,training
CCCC(C(=O)c1cccc(C)c1)N1CCCC1,-3.770852011642144,training
c1ccc(C(c2ccccc2)c2ccccn2)cc1,-4.544068044350276,training
COc1ccc(F)cc1CCCCC1CCC(CCN)O1,-0.3010299956639812,training
CN1C2CCC1C1COC(=O)CCCCCCC(=O)Nc3ccc(cc3)C1C2,-2.710117365111816,training
CN(C)C[C@H]1C[C@@H]1c1c[nH]c2cc(C#N)ccc12,-0.8692317197309762,training
Cc1ccc(NC(=O)c2ccc(CN3CCN(C)CC3)cc2)cc1Nc1nccc(-c2cccnc2)n1,-2.8721562727482928,training
COC(=O)[C@@H]1C2CCC(C[C@@H]1c1ccc(Cl)cc1)N2C/C=C/CF,-1.0530784434834195,training
C=C(CCN1CCN(CCOC(c2ccc(F)cc2)c2ccc(F)cc2)CC1)c1ccccc1,-2.278753600952829,training
COc1cc(Cl)ccc1O[C@@H](c1ccc(F)cc1)[C@@H]1CNCCO1,-1.792391689498254,training
C=C(CCN1CCN(CCOC(c2ccccc2)c2ccccc2)CC1)c1ccccc1,-3.255272505103306,training
COc1ccc(Br)c(CC2CCN(CCc3cccc(Cl)c3)CC2)c1,-1.6294095991027189,training
CNCc1cnc(C)cc1Oc1ccccc1SC,-2.123851640967086,training
CCCN(C(=O)c1ccccc1SC)[C@H]1CCNC1,-3.037426497940624,training
O=c1[nH]c2cccc(N3CCN(CCCC4CCc5c([nH]c6ccc(F)cc56)C4)CC3)c2o1,-1.792391689498254,training
Cc1cc2c(OC[C@H](O)CN3CC[C@@H](c4ccc5sccc5c4)C[C@@H]3C)cccc2[nH]1,0.5228787452803376,training
Oc1ccc(C2(O)c3ccccc3C3=NCCCN32)cc1,-1.8864907251724816,training
CN1C2CCC1[C@@H](C(=O)N[C@H]1CC[C@H](NC(=O)[C@H]3C4CCC(C[C@@H]3c3ccc(Cl)cc3)N4C)CC1)[C@@H](c1ccc(Cl)cc1)C2,-3.6020599913279625,training
CCNCc1ccccc1Sc1ccc(C)cc1N,-1.846337112129805,training
CNCCC(Oc1cccc2ccccc12)c1cccc(C(F)(F)F)c1,-1.2787536009528289,training
FC(F)Oc1ccccc1CC(c1ccccc1)N1CCNCC1,-1.135662602000073,training
CC(=O)N(Cc1ccccc1-c1ccccc1)[C@H]1CCNC1,-3.76417613239033,training
Cc1ccc2c(N3CCN(CCc4cccc5c4OCc4cncn4-5)CC3)cccc2n1,-1.1000257301078626,training
Cc1ccc2c(c1)CN(C)CC2c1ccccc1,-3.0863598306747484,training
Clc1ccc(CO/N=C(\Cn2ccnc2)c2ccc(Cl)cc2Cl)c(Cl)c1,-2.628491104967123,training
O=c1[nH]c2cccc(N3CCN(CC4CCc5c([nH]c6ccc(F)cc56)C4)CC3)c2o1,-1.792391689498254,training
CC(C)CC1(C(=O)c2ccc3[nH]ncc3c2)CCCN1,-0.4000196350651585,training
O=C1NCc2cc(F)c(OCCCCN3CCN(c4cccc5ccc(F)cc45)CC3)cc21,-2.041392685158225,training
CSc1ccc(C2CN(C)Cc3cc(Oc4ncc(CN5CCCCC5)s4)ccc32)cc1,-1.0773679052841565,training
CNc1nc(C#Cc2ccc(Cl)s2)nc2c1ncn2[C@H]1[C@H](O)[C@H](O)[C@]2(C(=O)OCc3ccccc3)C[C@H]12,-3.7481880270062,training
CN1Cc2cc(N3CCOCC3)ccc2C(c2cc3ccccc3s2)C1,-0.8260748027008264,training
CN1CCN2c3c(cccc31)[C@@H]1CN(CCc3cc4c(cc3Cl)NC(=O)C4)CC[C@@H]12,-1.4471580313422192,training
CN1Cc2ccccc2C(c2ccccc2)C1,-3.1789769472931693,training
COC[C@@]12CNCC[C@]1(c1ccc(C(F)(F)F)c(Cl)c1)C2,-1.2000292665537704,training
Cc1cc2c(cc1OCCCN1CCN(c3cccc4ccccc34)CC1)C(=O)NC2,-3.0170333392987803,training
CN(C)Cc1cc(OCCO)ccc1Sc1ccc(F)cc1N,-0.0791812460476248,training
CN(C)CCC(Oc1ccc(Cl)cc1)c1ccc(OCCCN2CCCCC2)cc1,-1.2041199826559248,training
CN1Cc2ccccc2C(c2ccc(Cl)c(F)c2)C1,-1.9122220565324155,training
COc1cc2c(cc1OC)C1=NO[C@@H](CN3CCN(C/C=C(\C)c4ccccc4)CC3)[C@@H]1CN2,-1.1760912590556811,training
O=C1CCc2ccc(OCCCN3CCN(c4cccc5[nH]c(=O)oc45)CC3)cc2N1,-1.968482948553935,training
CCCCc1oc2ccccc2c1C(=O)c1cc(I)c(OCCN(CC)CC)c(I)c1,-3.087781417809542,training
CN1Cc2cc(N3CCCCC3)ccc2C(c2cc3ccccc3s2)C1,-1.4828735836087537,training
Oc1cc(CC2CCN(CCc3ccc4c(c3)C(O)CCO4)CC2)ccc1Br,-1.6127838567197357,training
CN1Cc2ccccc2C(c2ccc3[nH]ncc3c2)C1,-2.255272505103306,training
COC(=O)C1=C(c2ccc(-c3ccccc3)cc2)CCCCC1,-4.505149978319906,training
CN(C)Cc1cc(OCCCO)ccc1Sc1ccccc1N,-0.1139433523068367,training
CC(C)(C)CCC1(C(=O)c2ccc(Cl)c(Cl)n2)CCNC1,-1.1000257301078626,training
FC(F)(F)c1ccccc1Oc1ncccc1C1CCNCC1,-2.307496037913213,training
CN1C2CCC1[C@@H](CNc1ccnc(Br)c1)[C@@H](c1ccc(Cl)cc1)C2,-1.041392685158225,training
CC(C)c1nnnn1C[C@@]12CNCC[C@]1(c1ccc(Cl)c(Cl)c1)C2,-1.8000293592441343,training
CC(C)OC(=O)N(Cc1ccccc1-c1ccccc1)[C@H]1CCNC1,-2.8959747323590648,training
Cc1c(Sc2ccc(Cl)cc2)c2ncccc2n1CC(=O)O,-2.155336037465062,training
CC(=O)c1cc(NC(=O)NCCC[C@H]2C[C@H](Cc3ccc(F)cc3)CCN2CC(N)=O)cc(C(C)=O)c1,-2.8512583487190755,training
COCCOc1cc(CC2CCN(CCc3ccc4occ(O)c(=O)c4c3)CC2)ccc1Br,0.0555173278498313,training
COc1ccc(Br)c(CC2CCN(CCc3ccccc3OC)CC2)c1,-1.575187844927661,training
Clc1cccc(Oc2ccccc2C2CCNCC2)c1,-2.3242824552976926,training
CNCc1cc(C(=O)N2CCN(C3CC3)CC2)ccc1Oc1cccc(F)c1,-2.5599066250361124,training
COC(=O)[C@@H]1C2CCC(C[C@@H]1c1ccc(SC)cc1)N2CCCF,-0.4771212547196624,training
CN1C2CCC1C1COC(=O)CCSCCC(=O)Nc3ccc(cc3)C1C2,-3.2174839442139063,training
CCOC(=O)C1=C(c2ccc3ccccc3c2)CCNC1,-2.6434526764861874,training
N#Cc1ccc2c(N3CCN(CC[C@@H]4OCCc5cc(C(N)=O)ccc54)CC3)cccc2c1,-0.7558748556724915,training
Cc1ccc(Oc2cc(F)ccc2CN(C)C)c(N)c1,-0.8450980400142568,training
CCCN1CCC(n2c(=O)n(C)c3cc(Cl)ccc32)CC1,-3.350441856535061,training
CCCC(C(=O)c1cccc(I)c1)N1CCCC1,-3.146128035678238,training
O=C1C(Cc2ccccc2N2CCNCC2)SCCN1c1ccc(Cl)c(Cl)c1,-1.9084850188786493,training
Clc1ccc([C@]23CCNCC2(Cn2ncc4ccccc42)C3)cc1Cl,0.5999803649348415,training
CCCN1CCC(c2cn(C)c3cc(F)ccc23)CC1,-1.6532125137753435,training
C#CC1(O)CC[C@H]2[C@@H]3CCC4=CC(=O)CC[C@@H]4[C@H]3CC[C@@]21CC,-2.7745169657285498,training
COc1ccc(Br)c(CC2CCN(CCc3ccccc3Cl)CC2)c1,-1.795184589682424,training
CCCC(C(=O)c1ccccc1C)N1CCCC1,-3.5705429398818973,training
CNCc1cc(C(=O)N2CCCN(C3CC3)CC2)ccc1Oc1ccc(F)c(Cl)c1,-1.5563025007672873,training
O=C1NCc2ccc3c(c21)CC(N(CCCc1c[nH]c2ccc(F)cc12)C1CCC1)CO3,-1.7993405494535817,training
CNCc1cc(C#CCCN2CCOCC2)ccc1Oc1ccc(Cl)cc1,-0.0791812460476248,training
CS(=O)(=O)N(Cc1ccccc1Oc1ccccc1)[C@H]1CCNC1,-3.431363764158988,training
O=C(CCN1CCN(CCOC(c2ccc(F)cc2)c2ccc(F)cc2)CC1)c1ccccc1,-2.342422680822206,training
CC(=O)c1cccc(NC(=O)N[C@@H]2CCCC[C@H]2CN2CCC[C@@H](Cc3ccc(F)cc3)C2)c1,-3.462397997898956,training
CC(CN1c2ccccc2Sc2ccccc21)N(C)C,-3.3283796034387376,training
CN1[C@H]2CC[C@@H]1[C@@H](c1ncc(-c3ccc(Br)cc3)s1)[C@@H](c1ccc(Cl)cc1)C2,-3.755874855672492,training
Cc1ccc2c(c1)CN(C)CC2c1cc(F)cc(F)c1,-3.3322364154914434,training
COC(=O)[C@@H]1C2CCC(C[C@@H]1c1cccc(/C=C/Br)c1)N2,0.6989700043360187,training
N#Cc1cccc(NC(=O)NCCC[C@H]2C[C@H](Cc3ccccc3)CCN2)c1,-1.6483600109809315,training
OC1(c2ccc(Cl)c(C(F)(F)F)c2)CCN(CCCC(c2ccc(F)cc2)c2ccc(F)cc2)CC1,-3.0,training
Cc1ccc2c(N3CCN(CCc4cccc5c4CCC(=O)N5)CC3)cccc2n1,-2.400002345927956,training
Cc1ccc(C2CCNCC2)c(Oc2cccc(F)c2)c1,-0.3010299956639812,training
c1ccc(CC2(c3ccc4[nH]ncc4c3)CCNC2)cc1,-0.0,training
c1ccc(C(Cc2ccccc2OCC2CC2)N2CCNCC2)cc1,-1.2787536009528289,training
N#Cc1ccn(CC23CNCC[C@]2(c2ccc(Cl)c(Cl)c2)C3)c1,0.1999706407558656,training
CC/C(=C(\c1ccccc1)c1ccc(OCCN(C)C)cc1)c1ccccc1,-3.093421685162235,training
COC(=O)[C@@H]1CCCCC[C@@H]1c1ccc(-c2ccccc2)cc1,-4.863322860120456,training
CCCCN1CCC(COC(=O)c2cc(Cl)c(NC)c3c2OCCO3)CC1,-3.954531942626914,training
COC(=O)C1C(c2cccc(I)c2)CC2CCC1N2C,-0.9836262871245346,training
COc1ccc(C2CN(C)Cc3cc(OCCCN4CCN(C(C)=O)CC4)ccc32)cc1,-1.6232492903979006,training
CC(C)(C)CN(C(=O)c1cccc(Cl)c1Cl)[C@H]1CCNC1,-0.6020599913279624,training
Cc1cc2c(s1)Nc1ccccc1N=C2N1CCN(C)CC1,-2.739572344450092,training
CC(C)C(=O)N(Cc1ccccc1C(F)(F)F)[C@H]1CCNC1,-2.123851640967086,training
CC(C)c1ccccc1C(=O)N(C1CCC1)[C@H]1CCNC1,-2.8898617212581885,training
CCCN1C2CCC1[C@@H](C(=O)OC)[C@@H](c1ccc(SC)cc1)C2,-0.7558748556724915,training
CNCc1cc(C(=O)N2CCCN(C3CC3)CC2)ccc1Oc1cccc(Cl)c1,-1.6720978579357175,training
c1cc2cc(N(CC3CCOCC3)C3CCNCC3)ccc2[nH]1,-1.599992177584098,training
COc1ccc(Br)c(CC2CCN(CCc3ccc4c(c3)OCCO4)CC2)c1,-1.146128035678238,training
Fc1ccc2[nH]cc(C3=CCN(CCOc4cccc5c4OCCO5)CC3)c2c1,-1.6711728427150832,training
CCOc1cc(N)c(Cl)cc1C(=O)NCC1CN(Cc2ccc(F)cc2)CCO1,-3.3064035803800413,training
O=C(O)COc1cc(CC2CCN(CCc3ccc4c(c3)C(=O)C(O)CO4)CC2)ccc1Br,-2.845098040014257,training
N#Cc1cccc(CN(c2ccc3[nH]ccc3c2)C2CCNCC2)c1,0.5999803649348415,training
CC(O)(Cc1ccccc1)CN1CCN(CCOC(c2ccccc2)c2ccccc2)CC1,-3.3010299956639813,training
Clc1ccc(C2c3ccccc3C3=NCCN32)cc1,-1.414973347970818,training
COc1ccc2c(c1)C=C[C@@H]1C2=NO[C@H]1CN1CCN(Cc2ccc3ccccc3c2)CC1,-0.146128035678238,training
Clc1ccc2c(c1)CCc1cccnc1C2=C1CCNCC1,-2.0863598306747484,training
CCN1C(=O)COc2ccc(CCN3CCN(c4cccc5nc(C)ccc45)CC3)cc21,-1.899984562549391,training
Cc1c(Cl)cccc1C(=O)N(CC(C)C)[C@H]1CCNC1,-0.4771212547196624,training
Cc1ccc2c(N3CCN(CCc4c(Cl)ccc5c4ccc(=O)n5C)CC3)cccc2n1,-1.2000292665537704,training
CNCc1cc(Br)ccc1Oc1ccc(SC)cc1,-0.2304489213782739,training
Cc1cccc(F)c1Oc1cccc(F)c1OC1CCNCC1,-3.5118833609788744,training
Clc1ccc(C2CCNCC23CCOCC3)cc1Cl,0.1334763744671564,training
CCNC(=O)c1ccc(-c2ccc3c(c2)CCN(CCN2CCC[C@H]2C)C3=O)cc1,-2.4771212547196626,training
Cc1ccc2c(N3CCN(CCCc4cccc5c4OCC(=O)N5C)CC3)cc(F)cc2n1,0.5000381344038098,training
CNCc1cc(C#CCCN(C)C2CC2)ccc1Oc1ccc(Cl)c(Cl)c1,-0.7708520116421442,training
CN(C)Cc1cc(OCCO)ccc1Sc1ccccc1N,-0.041392685158225,training
CC(c1ccc(Cl)cc1)C1CCCCN1,-3.690196080028514,training
FCCCc1ccccc1O[C@@H](c1ccccc1)[C@@H]1CNCCO1,-2.6655809910179533,training
CN1[C@H]2CC[C@@H]1C[C@H](NC(c1ccc(Cl)cc1)c1ccc(Cl)cc1)C2,-3.621176281775035,training
CN1CCC(=C2c3ccccc3C=Cc3ccccc32)CC1,-3.612783856719736,training
CN(C)Cc1cc(OCCF)ccc1Sc1ccc(Br)cc1N,1.3010299956639813,training
CN1Cc2cc(OCCCN3CCC(F)CC3)ccc2C(c2ccc(S(C)(=O)=O)cc2)C1,-2.130333768495006,training
CN1C2CCC1[C@@H](C(=O)NCCC1CCN(C(=O)[C@H]3C4CCC(C[C@@H]3c3ccc(Cl)cc3)N4C)CC1)[C@@H](c1ccc(Cl)cc1)C2,-3.397940008672037,training
Fc1ccccc1CN(c1ccc2[nH]ccc2c1)C1CCNCC1,-0.599992177584098,training
CCCN1CCC(c2noc3cc(F)ccc23)CC1,-4.474653253362063,training
COc1ccc(CCC2CCC(CCN)O2)c2ccccc12,-1.963787827345556,training
CN1CCN(c2ccc3c(c2)CN(C(=O)OCc2ccccc2)C3)CC1,-3.1386184338994925,training
Clc1cccc(N2CCNCC2)c1,-2.432969290874406,training
Clc1ccc(C2CNCc3cc(OCCCN4CCCCC4)ncc32)cc1Cl,-1.505149978319906,training
COc1ccc(C2CN(C)Cc3cc(OCCCN4CCC(F)(F)CC4)ccc32)cc1,-0.8129133566428556,training
CN(C(=O)c1ccccc1Oc1ccccc1)[C@H]1CCNC1,-2.82020145948564,training
CNCc1cnc(C)cc1Oc1ccccc1C(C)C,-3.296665190261531,training
Clc1ccc(N2CCN(CCCc3nc4ccccc4s3)CC2)cc1,-3.073351702386901,training
CC(=O)c1cccc(NC(=O)NCCC[C@H]2C[C@H](Cc3ccc(F)cc3)CCN2C)c1,-2.7573960287930244,training
Fc1ccc(CCNCC2CCCN(CCOC(c3ccccc3)c3ccccc3)C2)cc1,-2.949390006644913,training
O=C1NCc2cc(Cl)c(OCCCN3CCN(c4cccc5ccccc45)CC3)cc21,-1.830588668685144,training
c1ccc(CCCNCC2CCCN(CCOC(c3ccccc3)c3ccccc3)C2)cc1,-2.505149978319906,training
CCOc1ccc(C2CN(C)Cc3cc(OCCCN4CCC(F)CC4)ccc32)cc1,-0.6720978579357175,training
Cc1ccc(C2CN(C)Cc3cc(C)ccc32)cc1,-2.08278537031645,training
Cc1ccc2c(c1C)CN(C)CC2c1ccccc1,-3.2430380486862944,training
C=Cc1ccc([C@@H]2C[C@H]3CC[C@@H](N3)[C@H]2C(=O)OC)cc1,-0.9561684304753632,training
CC(C)N1CCN(C(=O)c2ccc(C(CCN(C)C)Oc3ccc(C(F)(F)F)cc3)cc2)CC1,-1.6232492903979006,training
NCC1CCC(CCc2ccccc2)O1,-1.8325089127062364,training
Clc1ccc([C@]2(COC3CCC3)[C@H]3CNC[C@H]32)cc1Cl,0.400007822415902,training
Cc1ccc2c(N3CCN(CCCc4cccc5c4OCC(=O)N5)CC3)cccc2n1,-1.599992177584098,training
c1cc([C@@H]2CN3CCC[C@@H]3c3cc(OCCCN4CCOCC4)ccc32)[nH]n1,-2.08278537031645,training
CCOc1ccccc1C(=O)N(CC1CCC1)[C@H]1CCNC1,-2.5415792439465807,training
CC(C)C(c1ccc(Cl)cc1)C1CCCCN1,-3.724275869600789,training
CN(C)Cc1ccccc1Oc1ccc(I)cc1N,0.5678327305574118,training
O=C(CN1CCN(CCOC(c2ccc(F)cc2)c2ccc(F)cc2)CC1)c1ccccc1,-1.944482672150169,training
CNCCC(Oc1cccc2ccccc12)c1cccc(C)c1,-0.6020599913279624,training
CN(C)Cc1ccccc1Sc1ccc(C(F)(F)F)cc1N,0.4814860601221125,training
c1ccc(C(c2ccccc2)c2ccncc2)cc1,-3.0644579892269186,training
Cc1cc2c(OC[C@@H](O)CN3CC[C@@H](c4cccc5ccsc45)C[C@@H]3C)cccc2[nH]1,-0.9656719712201068,training
COc1cc2c(cc1OC)C1=NO[C@@H](CN3CCN(C/C(C)=C/c4cc(F)ccc4F)CC3)[C@@H]1CO2,-0.505149978319906,training
CN(C)C[C@H]1C[C@@H]1c1c[nH]c2cccc(F)c12,-1.7708520116421442,training
COC(=O)[C@@H]1C2CCC(C[C@@H]1c1ccc(C)cc1)N2C/C=C/CF,-2.167317334748176,training
CNC(=O)c1cc2cc(C3(Cc4ccccc4)CCNC3)ccc2[nH]1,-1.1139433523068367,training
O=S(=O)(NCCN1CC=C(c2c[nH]c3ccc(Cl)cc23)CC1)c1ccc(Cl)cc1,-0.7781512503836436,training
O=C1CC(c2c[nH]c3ccc(F)cc23)C(=O)N1CCCCN1CCC(c2c[nH]c3ccccc23)CC1,-1.7075701760979365,training
CN1Cc2cc(OCCCN3CCC(F)CC3)ccc2C(c2ccccc2)C1,-1.662757831681574,training
C1=CCC(c2cc3ccccc3o2)CNC1,-2.380211241711606,training
CC(C)(C)CCC1(C(=O)c2cc(F)c3[nH]ccc3c2)CCNC1,0.1885925783421375,training
CCOC[C@@]12CNCC[C@]1(c1ccc(Cl)c(Cl)c1)C2,-0.0528862352563817,training
O=C1CC(c2c[nH]c3ccc(F)cc23)C(=O)N1CCN1CCC(c2c[nH]c3ccccc23)CC1,-2.008600171761917,training
CC(C)(C)CCC1(C(=O)c2cc(Cl)c(Cl)s2)CCNC1,-0.7000110623221123,training
COC[C@@]12CNCC[C@]1(c1ccc(OC(F)(F)F)cc1)C2,-0.4999618655961902,training
CC(C)C(=O)N(Cc1ccccc1C1CC1)[C@H]1CCNC1,-2.093421685162235,training
CCCN(C(=O)c1cccc(Cl)c1Cl)[C@H]1CCNC1,-1.2041199826559248,training
Cc1ccc(Oc2ncccc2C2CCNCC2)c(F)c1,-1.5563025007672873,training
c1ccc(CN(c2ccc3[nH]ncc3c2)C2CCNCC2)cc1,-0.1000257301078625,training
N#Cc1ccc2[nH]cc(CCCNC3COc4ccc5c(c4C3)C(=O)NC5)c2c1,-1.1139433523068367,training
Cc1ncoc1C[C@@]12CNCC[C@]1(c1ccc(Cl)c(Cl)c1)C2,-0.4999618655961902,training
NCCCCc1c[nH]c2c(F)cccc12,-0.9030899869919436,training
Cc1ccc2c(N3CCN(CCc4c(C)ccc5c4ccc(=O)n5C)CC3)cc(F)cc2n1,-1.0,training
CN1Cc2ccccc2C(c2cc3ccccc3s2)C1,-1.0064660422492318,training
CNCCN(c1ccccc1)c1ccc2[nH]ccc2c1,-2.60000308662774,training
Cc1ccc2c(N3CCN(CCc4cc(F)c5c(c4)NC(=O)CO5)CC3)cccc2n1,-0.1000257301078625,training
Cc1[nH]c2ccc(Cl)cc2c1C1=CCN(CCNS(=O)(=O)c2ccc3ccccc3c2)CC1,-1.0791812460476249,training
OC1(c2ccc(Cl)cc2)CC2CCC(C1)N2CCCCc1ccc(F)cc1,-2.617000341120899,training
CNCc1cc(C(=O)N2CCCN(C(C)C)CC2)ccc1Oc1cccc(Cl)c1,-2.0644579892269186,training
O=C1NCc2ccc(OCCCN3CCN(c4cccc5cc(F)ccc45)CC3)c(F)c21,-1.492061604512599,training
CCOC(=O)N(Cc1ccccc1C(F)(F)F)[C@H]1CCNC1,-2.630427875025024,training
C[C@@H](Oc1ccc(C(F)(F)F)cc1OC1CNC1)c1cccc(C(F)(F)F)c1,-2.3502480183341627,training
C=CCN(CC=C)CCc1c[nH]c2ccc(Br)cc12,-2.099991233544684,training
c1ncc([C@@H]2CN3CCC[C@@H]3c3cc(OCCCN4CCOCC4)ccc32)s1,-1.294466226161593,training
FC(F)(F)COC[C@@H]1[C@H]2CNC[C@]21c1ccc(Cl)c(Cl)c1,0.1999706407558656,training
CN1Cc2cc(OCCCN3CCC(F)CC3)ccc2C(c2cc(Cl)ccc2Cl)C1,-2.0293837776852097,training
O=C1NCCc2ccc3c(c21)CC(N(CCCc1c[nH]c2ccc(F)cc12)CCC(F)(F)F)CO3,-2.531478917042255,training
CC(C)C(=O)N(Cc1ccccc1Oc1ccccc1)[C@H]1CCNC1,-2.359835482339888,training
CNCc1cc(C(=O)N2CCN(C3CCC3)CC2)ccc1Oc1ccc(Cl)cc1,-1.591064607026499,training
O=C(CCCCN1CCC(c2ccccc2)CC1)c1nc2ccccc2s1,-1.806179973983887,training
CC#Cc1ccc(C(=O)C(CCC)N2CCCC2)cc1,-3.8260748027008256,training
Cc1cc(C(F)(F)F)nn1C[C@@]12CNCC[C@]1(c1ccc(Cl)c(Cl)c1)C2,-0.0,training
COc1cccc(CC2CCN(CCc3ccccc3)CC2)c1,-2.326335860928752,training
COC[C@@]12CN[C@@H](C)C[C@]1(c1ccc(Cl)c(Cl)c1)C2,-0.899984562549391,training
CC(C)CN(C(=O)c1cccc(Cl)c1)[C@H]1CCNC1,-1.2787536009528289,training
COc1cc2c(cc1OC)C1=NO[C@@H](CN3CCN(C/C(C)=C/c4ccc(F)cc4)CC3)[C@@H]1CO2,-0.290034611362518,training
OCCOc1cc(CC2CCNCC2)ccc1Br,-2.357934847000454,training
Clc1ccc(N2CCNCC2Cc2ccccc2)cc1Cl,-1.2000292665537704,training
CN(C)CCC(Oc1ccc([N+](=O)[O-])cc1)c1ccc(OCCCN2CCCCC2)cc1,-0.9395192526186184,training
O=c1[nH]c2cccc(CN3CCN(CC4CCc5[nH]c6ccc(F)cc6c5C4)CC3)c2o1,-1.6127838567197357,training
O=c1[nH]c2cc(Cl)ccc2n1C1CCN(CCCCc2nc3ccccc3o2)CC1,-2.588299724937362,training
Cc1cn2c(n1)COc1c(CCN3CCN(c4cccc5nc(C)ccc45)CC3)cccc1-2,-1.299942900022767,training
CNCc1cc(C#CCCN2CCSCC2)ccc1Oc1ccc(SC)cc1,-0.3979400086720376,training
COCCOc1cccc(CC2CCN(CCc3ccc4c(c3)C(=O)CCO4)CC2)c1,-2.305351369446624,training
CC(C)C(=O)N(Cc1ccccc1-c1ccccc1)[C@H]1CCNC1,-2.9822712330395684,training
COCCOc1cc(CC2CCN(CCc3ccc4c(c3)C(=O)CCC4)CC2)ccc1Br,0.1739251972991735,training
Fc1ccc2[nH]cc(CCCN3CCN(c4ccccc4)CC3)c2c1,-1.5563025007672873,training
CC(C)(C)c1ccc(C(=O)CCCN2CCC(OC(c3ccccc3)c3ccccc3)CC2)cc1,-2.8147801457458046,training
CC(C)N1CCC(Oc2ccc(C(CCN(C)C)Oc3ccccc3)cc2)CC1,-2.227886704613673,training
CCN(CC)CCCOc1cc2c(cn1)C(c1ccc(OC)cc1)CN(C)C2,-1.8195439355418688,training
CN1Cc2cc(OCCCN3CCCCC3)ncc2C(c2ccccc2)C1,-3.0557604646877348,training
CCOC(=O)N(Cc1ccccc1C(C)C)[C@H]1CCNC1,-2.8830933585756897,training
CCCC(C(=O)c1ccc(I)cc1)N1CCCC1,-2.478566495593843,training
CC(C)(C)CCC1(C(=O)c2cc3ccccc3s2)CCNC1,-0.0,training
C#C[C@]1(O)CC[C@H]2[C@H]3[C@H](CC[C@@]21C)C1=C(CC(=O)CC1)C[C@H]3C,-1.6830470382388496,training
CN1C2CCC1[C@@H](C(=O)NCCCCCCCCCCNC(=O)[C@H]1C3CCC(C[C@@H]1c1ccc(-c4ccsc4)cc1)N3C)[C@@H](c1ccc(-c3ccsc3)cc1)C2,-2.397940008672037,training
COc1ccc2c(c1)CN(C)CC2c1ccc(C)c(F)c1,-2.0453229787866576,training
Fc1cccc(Oc2ccccc2N2CCNCC2)c1,-3.4913616938342726,training
O=C(CCCN1CCN(c2ccc(Cl)cc2)CC1)c1nc2ccccc2s1,-2.6910814921229687,training
O=C1Cc2c(ccc3c2OC[C@H](CNCCCC2CCc4c([nH]c5ccc(F)cc45)C2)O3)N1,-0.9777236052888476,training
COc1ccc(C2(O)c3ccccc3C3=NCCCN32)cc1,-1.7474118078864231,training
O=S(=O)(NCCN1CC=C(c2c[nH]c3ccc(Cl)cc23)CC1)c1ccc(F)cc1,-0.724275869600789,training
O=C(c1cccc(Cl)c1Cl)N(C1CCCC1)[C@H]1CCNC1,-0.7781512503836436,training
CN1Cc2ccccc2C(c2ccc3ccoc3c2)C1,-2.404833716619938,training
COc1ccc(Br)c(CC2CCN(CCc3ccc(F)cc3)CC2)c1,-1.7092699609758308,training
Fc1cccc(Oc2ccccc2Cl)c1OC1CNC1,-3.2329961103921536,training
O=C(O)[C@H]1[C@@H](c2ccc(I)cc2)C[C@@H]2CC[C@H]1N2C/C=C/I,-1.8536982117761744,training
COc1ccc(C2CN(C)Cc3cc(OCCCNC4CC4)ccc32)cc1,-1.285557309007774,training
CC(C)(C)CCC1(C(=O)c2ccc3[nH]ncc3c2)CCNC1,0.1999706407558656,training
O=C(CCCN1CCC(O)(c2ccc(Cl)cc2)CC1)c1ccc(F)cc1,-3.255272505103306,training
O=C(c1ccccc1C(F)(F)F)N(C1CCC1)[C@H]1CCNC1,-2.322219294733919,training
CN1C2CCC1[C@@H](C(=O)Nc1ccc(CNC(=O)[C@H]3C4CCC(C[C@@H]3c3ccc(-c5ccsc5)cc3)N4C)cc1)[C@@H](c1ccc(-c3ccsc3)cc1)C2,-2.863322860120456,training
CN1C2CCC1C(C(=O)NCCCNC(=O)C1C(c3ccc(Cl)cc3)CC3CCC1N3C)C(c1ccc(Cl)cc1)C2,-2.552668216112193,training
COc1ccc(C2CN(C)Cc3cc(OCCCN4CCN(C5CC5)CC4)ccc32)cc1,-1.255272505103306,training
Cc1ccc2c(C3CCN(CCc4c(C)ccc5c4ccc(=O)n5C)CC3)cccc2n1,-0.1000257301078625,training
c1ccc(CC2(c3ccc4sccc4c3)CCNC2)cc1,-0.8450980400142568,training
Cc1cccc(S(=O)(=O)NCCCN2CC=C(c3c[nH]c4ccc(F)cc34)CC2)c1,-0.7323937598229685,training
CCN(CCCc1c[nH]c2ccc(F)cc12)C1COc2ccc3c(c2C1)C(=O)NC3,-0.9030899869919436,training
Cc1ccc2c(OCCN3CCC(Cc4cccc(N5CCCS5(=O)=O)c4)CC3)cccc2n1,-2.60000308662774,training
COc1ccc(O[C@@H](c2ccccc2)[C@@H]2CNCCO2)c(Cl)c1,-1.9822712330395684,training
CN(C)CCC(Oc1ccccc1)c1cccc(OCCCN2CCCCC2)c1,-2.298853076409707,training
COc1ccccc1CCN1C2C3C4CC5C6C4C2C6C1(O)C53,-2.738780558484369,training
C(=C/c1ccccc1)\CN1CCN(C[C@@H]2ON=C3c4ccccc4NC[C@H]32)CC1,-1.9242792860618816,training
CNCc1cc(C(=O)N2CCCN(C3CC3)CC2)ccc1Oc1ccc(F)cc1,-1.8325089127062364,training
Cc1ccc2c(N3CCN(CCCc4cccc5c4OCC(=O)N5C)[C@H](C)C3)cccc2n1,0.2999889376778876,training
O=C1CC(c2c[nH]c3ccc(F)cc23)C(=O)N1CCCN1CCC(c2c[nH]c3ccccc23)CC1,-2.1775364999298623,training
CN(Cc1cc(Br)cc(Br)c1N)C1CCCCC1,-3.045714058940868,training
COc1cc2c(cc1OC)C1=NO[C@@H](CN3CCN(Cc4ccc5ccccc5c4)CC3)[C@@H]1CN2,-0.1760912590556812,training
CN1Cc2c(N)cccc2C(c2ccc(Cl)c(Cl)c2)C1,-1.0128372247051722,training
Cc1ccc([C@H]2C[C@@H]3CC[C@H]([C@H]2c2ncc(-c4ccc(F)cc4)s2)N3C)cc1,-3.2355284469075487,training
COc1ccc2[nH]cc(C3CC(=O)N(CCN4CCC(c5c[nH]c6ccc(F)cc56)CC4)C3=O)c2c1,-2.3443922736851106,training
COc1ccc(-c2cnc([C@H]3[C@@H](c4ccc(Cl)cc4)C[C@@H]4CC[C@H]3N4C)s2)cc1OC,-3.555094448578319,training
OCC[C@]1(c2cc3ccccc3o2)CCCNC1,-2.361727836017593,training
COc1cc(Br)ccc1O[C@@H](c1ccccc1)[C@@H]1CNCCO1,-1.4771212547196624,training
CCC(C)OC[C@@]1(c2ccc(Cl)c(Cl)c2)[C@H]2CNC[C@H]21,0.5999803649348415,training
CN(C)C[C@H]1C[C@@H]1c1c[nH]c2cc(F)ccc12,-1.57978359661681,training
CNCc1cc(C#CCCN2CCC(F)CC2)ccc1Oc1ccc(SC)cc1,0.0457574905606751,training
COc1cccc2sc(C3CCN(C[C@H](O)COc4cccc5[nH]ccc45)CC3)cc12,-1.101403350555331,training
Cc1cc2c(OC[C@H](O)CN3CC[C@@H](c4cccc5sccc45)C[C@@H]3C)cccc2[nH]1,-0.6384892569546373,training
CCCNc1nc(C#Cc2ccc(Cl)s2)nc2c1ncn2[C@@H]1O[C@H](C(=O)NC)[C@@H](O)[C@H]1O,-3.4913616938342726,training
CCOc1ccccc1Oc1cc(C)ncc1CNC,-2.3384564936046046,training
FCCc1ccccc1O[C@@H](c1ccccc1)[C@@H]1CNCCO1,-2.633468455579586,training
COCCOc1cc(CC2CCN(CCc3ccc4c(c3)OCCC4=O)CC2)ccc1Br,-0.1492191126553798,training
Cc1ccc2c(c1)CN(C)C[C@H]2c1cccc(F)c1,-3.3636119798921444,training
C[C@]12CC[C@@H]3c4ccc(OC(=O)c5ccccc5)cc4CC[C@H]3[C@@H]1CC[C@@H]2O,-3.2902572693945182,training
COc1c(OCCF)cccc1C(=O)C1CCN(CCc2ccc(F)cc2)CC1,-3.4895366294820955,training
O[C@H](COc1cccc2[nH]ccc12)CN1CCC(c2cc3ccc(F)cc3s2)CC1,-0.2988530764097066,training
CCS(=O)(=O)N(Cc1ccccc1-c1ccccc1)[C@H]1CCNC1,-3.749736315569061,training
COc1cc(Cl)ccc1O[C@@H](c1cccc(C)c1)[C@@H]1CNCCO1,-1.8388490907372552,training
COC[C@@]12CNCC[C@]1(c1ccc(F)c(Cl)c1)C2,-0.2000292665537703,training
c1ccc([C@@H]2CN3CCC[C@@H]3c3cc(OCCCN4CCOCC4)ccc32)nc1,-1.4955443375464486,training
COc1ccc(S(=O)(=O)n2cc(C)c3cc(Cl)ccc32)cc1NC1CCN(C)CC1,-3.288249225571986,training
O=C(CCCCN1CCN(c2ccc(Cl)cc2)CC1)c1nc2ccccc2s1,-1.9084850188786493,training
COC(=O)[C@@H]1C2CCC(C[C@@H]1c1ccc(SC)cc1)N2C,0.1549019599857432,training
CSc1ccc(C2CN(C)Cc3cc(Oc4nc(CN5CCCCC5)cs4)ccc32)cc1,-1.0969100130080565,training
COc1ccccc1N1CCN(CCCCNS(=O)(=O)c2ccc(C)cc2)CC1,-2.3010299956639813,training
c1ccc(-c2ccccc2CN[C@H]2CCNC2)cc1,-3.0293837776852097,training
O=C1CC(c2c[nH]c3ccc(F)cc23)C(=O)N1CCCCN1CCC(c2c[nH]c3ccc(F)cc23)CC1,-1.510545010206612,training
Fc1cccc(Oc2ccccc2)c1C1CCNCC1,-2.848804701051804,training
CCCC(=O)NCCNC(CC(C)C)C1(c2ccc(Cl)c(Cl)c2)CCC1,-1.4440447959180762,training
CCCCNC(CCC)C(=O)c1ccc(Cl)c(Cl)c1,-3.7058637122839193,training
CO/N=C(\C)c1ncn2c1COc1c(CCN3CCN(c4cccc5nc(C)ccc45)CC3)cccc1-2,-1.599992177584098,training
Cc1nc(C)n(C[C@@]23CNCC[C@]2(c2ccc(Cl)c(Cl)c2)C3)n1,-0.4999618655961902,training
FC(F)(F)COC[C@@]12CNCC[C@]1(c1ccc(Cl)c(Cl)c1)C2,-0.8000293592441343,training
Cc1ccc([C@H]2C[C@@H]3CC[C@H]([C@H]2c2ncc(-c4cccc(Br)c4)s2)N3C)cc1,-2.9395192526186187,training
COCCN1CC=CC[C@H](c2ccc(Cl)c(Cl)c2)C1,-2.7323937598229686,training
COc1ccccc1OCCNCC(O)COc1cccc2[nH]c3ccccc3c12,-2.071882007306125,training
Clc1ccc([C@]23CCNCC2(Cn2cc4ccccc4n2)C3)cc1Cl,0.700057099977233,training
CC(=O)c1cc(NC(=O)NCCC[C@H]2C[C@H](Cc3ccc(F)cc3)CCN2)cc(C(C)=O)c1,-0.5440680443502757,training
Cc1ccc2c(N3CCN(CCc4cccc5c4ccc(=O)n5C)C(C)(C)C3)cccc2n1,0.5999803649348415,training
Fc1ccccc1COc1ccccc1C1CCNCC1,-1.7481880270062005,training
CSc1ccc([C@@H]2CN3CCC[C@@H]3c3cc(OCCCN4CCCCC4)ccc32)cc1,-0.5854607295085006,training
CN(C)C[C@H]1C[C@@H]1c1c[nH]c2c(F)cccc12,-1.0,training
COc1c(C2CN(C)Cc3cc(-c4ccc(C)nn4)ccc32)ccc2sccc12,-1.110589710299249,training
O=C1NCCc2ccc3c(c21)CC(N(CCCc1c[nH]c2ccc(F)cc12)C1CCC1)CO3,-1.4471580313422192,training
NCC1CCC(c2ccccc2)O1,-1.6334684555795866,training
COc1cccc2c1C1=NCCN1C2(O)c1ccc(Cl)cc1,-2.9395192526186187,training
Cc1ccc2c(N3CCN(CCc4cccc5c4CCC(=O)N5C)CC3)cccc2n1,-1.1000257301078626,training
NCCC1CCC(CCc2ccc(O)cc2)O1,-3.8740757452230334,training
COc1cc2c(cc1OC)C1=NO[C@@H](CN3CCN(C/C=C(\C)c4ccsc4)CC3)[C@@H]1CO2,-0.6812412373755872,training
CC(C)CN(C(=O)c1ccc(Cl)c(Cl)c1)[C@H]1CCNC1,-0.6020599913279624,training
Cc1ccc([C@H]2C[C@@H]3CC[C@H]([C@H]2c2ncc(-c4ccc([N+](=O)[O-])cc4)s2)N3C)cc1,-3.214843848047698,training
COCCOc1cc(CC2CCN(CCc3ccc4c(c3)C(=O)CCCO4)CC2)ccc1Br,-0.0681858617461616,training
O=S(=O)(NCCCCN1CC=C(c2c[nH]c3ccc(Cl)cc23)CC1)c1ccc2ccccc2c1,-0.7160033436347992,training
Cc1c(OCCCN2CCN(c3cccc4cccc(F)c34)CC2)ccc2c1C(=O)NC2,-2.640481436970422,training
Cc1ccc(C(=O)C2(CCC(C)(C)C)CCNC2)cc1Cl,-0.0,training
CNCC[C@H](Oc1cccc2cc(O)ccc12)c1cccs1,-3.0253058652647704,training
c1ccc(C2CNCc3cc(OCCCN4CCOCC4)ncc32)cc1,-3.678245151927042,training
Fc1ccc(C(Cc2ccccc2OC(F)(F)F)N2CCNCC2)cc1,-1.3979400086720375,training
CCN(CC)CCOc1ccc(/C(=C(/Cl)c2ccccc2)c2ccccc2)cc1,-2.530199698203082,training
COc1cc2c(cc1OC)C1=NO[C@@H](CN3CCN(C/C=C(\C)c4ccccc4)CC3)[C@@H]1CO2,-0.6532125137753437,training
CN1C2CCC1[C@@H](C(=O)Nc1ccc(CCNC(=O)[C@H]3C4CCC(C[C@@H]3c3ccc(-c5ccsc5)cc3)N4C)cc1)[C@@H](c1ccc(-c3ccsc3)cc1)C2,-2.531478917042255,training
CNCC[C@H](Oc1cccc2c(O)cccc12)c1cccs1,-3.982271233039568,training
Clc1ccc(N2CCCN(CCCCc3nc4ccccc4s3)CC2)cc1,-1.812913356642856,training
COc1ccc(CCN2CCC(Cc3cc(OC)ccc3Br)CC2)cc1,-1.5740312677277188,training
COc1ccc(C2CN(C)Cc3cc(OCCCN4CCCC(F)(F)C4)ccc32)cc1,-0.9138138523837168,training
c1ccc(CC2(c3cnc4[nH]ccc4c3)CCNC2)cc1,-1.6127838567197357,training
COc1ccc2[nH]cc(C3CC(=O)N(CCCN4CCC(c5c[nH]c6ccc(F)cc56)CC4)C3=O)c2c1,-1.4771212547196624,training
C=CCC(C(=O)c1ccc(Cl)c(Cl)c1)N1CCCC1,-3.0253058652647704,training
CN(C)CCC(Oc1ccc(F)cc1)c1ccc(OCCCN2CCCCC2)cc1,-1.662757831681574,training
CC(C)CN(C(=O)c1cc(Cl)ccc1Cl)[C@H]1CCNC1,-1.7323937598229686,training
COc1ccc(-c2cnc([C@H]3[C@@H](c4ccc(C)cc4)C[C@@H]4CC[C@H]3N4C)s2)cc1OC,-3.8870543780509568,training
Cc1ccc2c(N3CCN(CCc4cccc5c4OCC(=O)N5C(C)C)CC3)cccc2n1,-2.200001865406602,training
CN1C2CCC1C(C(=O)NCCCCCCCCNC(=O)C1C(c3ccc(Cl)cc3)CC3CCC1N3C)C(c1ccc(Cl)cc1)C2,-0.8976270912904414,training
N#Cc1c[nH]c2ccc(C3(Cc4ccccc4)CCNC3)cc12,-1.8195439355418688,training
COCCOc1cc(CC2CCN(CCc3ccc4c(c3)C(=O)CCO4)CC2)ccc1C,-0.7201593034059569,training
Cc1ccc(-c2cc(C(F)(F)F)nn2-c2ccc(S(N)(=O)=O)cc2)cc1,-3.5229655954919865,training
c1ccc(CCC2(c3ccc4[nH]ccc4c3)CCNC2)cc1,-1.1139433523068367,training
Cc1ccc2c(N3CCN(CCc4cccc5c4ccc(=O)n5C)CC3)cccc2n1,-0.4000196350651585,training
COc1cc2c(cc1OC)C1=NO[C@@H](CN3CCN(C/C=C(\C)c4ccco4)CC3)[C@@H]1CO2,-1.3424226808222062,training
CNCc1cc(C(=O)N2CCCN(C(C)C)CC2)ccc1Oc1ccc(Cl)c(Cl)c1,-1.146128035678238,training
COc1ccc(C2CN(C)Cc3cc(OCCCN4CCN(c5ccc(C(F)(F)F)cc5)CC4)ccc32)cc1,-1.5185139398778875,training
CCCC(=O)N(Cc1ccccc1-c1ccccc1)[C@H]1CCNC1,-2.863322860120456,training
Fc1cc(N2CCNCC2Cc2ccccc2)cc2cc[nH]c12,-1.2000292665537704,training
c1ccc(CCCNC2CCN(CCOC(c3ccccc3)c3ccccc3)CC2)cc1,-1.740362689494244,training
CCCC(C(=O)c1ccc(C(F)(F)F)cc1)N1CCCC1,-2.981818607170664,training
CN(C)C[C@H]1C2CCC(CC2)[C@@H]1c1cccc(Cl)c1,-1.3979400086720375,training
C=C1CN2C3CCC2C1C(c1ccc(C)cc1)C3,-0.8904210188009143,training
Cc1cccc(Cl)c1-c1nc(CN2CCC(C(=O)NCCCN3C[C@@H](C)C[C@@H](C)C3)CC2)c(C)o1,-3.397070549959409,training
CN1Cc2ccccc2C(c2ccc(F)c(F)c2)C1,-2.424881636631067,training
COc1c(OCCF)cccc1C(O)C1CCN(CCc2ccc(C)cc2)CC1,-3.422589839851482,training
O=S(=O)(NCCN1CC=C(c2c[nH]c3ccc(Cl)cc23)CC1)c1ccc2ccccc2c1,-0.4313637641589873,training
CN1C2CCC1[C@@H](C(=O)OCc1cn(CCCCCCCOC(=O)[C@H]3C4CCC(C[C@@H]3c3ccc(Cl)cc3)N4C)nn1)[C@@H](c1ccc(Cl)cc1)C2,-0.5440680443502757,training
CNCc1cc(C(=O)N2CCCN(C3CC3)CC2)ccc1Oc1ccccc1C(F)(F)F,-3.146128035678238,training
O=S(=O)(NCCCN1CC=C(c2c[nH]c3ccc(Cl)cc23)CC1)c1ccc(F)cc1,-0.6127838567197355,training
c1ccc(CN(c2ccc3[nH]ccc3c2)C2CCNCC2)cc1,0.100015437450609,training
CN(C)Cc1ccccc1Cc1ccc(I)cc1N,-1.6866362692622934,training
O=C(c1ccccc1C(F)(F)F)N(CC1CC1)[C@H]1CCNC1,-2.7641761323903307,training
Cc1ccc(Oc2cc(OCCF)ccc2CN(C)C)c(N)c1,-2.7151673578484576,training
Fc1ccccc1Oc1ncccc1C1CCNCC1,-2.862131379313037,training
Cc1ccc2c(N3CCN(CCc4cccc5c4OCC(=O)N5CC4CC4)CC3)cccc2n1,-2.300008202553813,training
CNCc1cc(C#CCCN2CCOCC2)ccc1Oc1ccc(Cl)c(Cl)c1,-0.255272505103306,training
Fc1cccc(OCc2ccccc2C2CCNCC2)c1,-1.6901960800285136,training
Cc1cc(CCC2CCC(CCN)O2)ccc1F,-2.837588438235511,training
Fc1cccc(Cl)c1Oc1ncccc1C1CCNCC1,-2.287801729930226,training
COc1ccc(Cl)c(CC2CCN(CCc3ccccc3)CC2)c1,-2.008600171761917,training
CC(=O)N1C[C@@H]2C(=NO[C@H]2CN2CCN(CCC/C=C/c3ccccc3)CC2)c2ccccc21,-1.7853298350107671,training
Cc1ccc2c(N3CCN(CCc4cccc5c4OCC(=O)N5C4CC4)CC3)cccc2n1,-2.099991233544684,training
CCOc1ccccc1O[C@@H](c1ccccc1)[C@@H]1CNCCO1,-2.82020145948564,training
CN1CCN2c3ccccc3Cc3ccccc3C2C1,-3.040602340114073,training
CNCCC=C1c2ccccc2CCc2ccccc21,-0.8436687229791437,training
Cc1ccc2c(N3CCN(CCc4ccc5c(c4)NC(=O)CO5)CC3)ccc(Cl)c2n1,-0.2000292665537703,training
CNCCC1CCC(CCc2cc(F)ccc2OC)O1,-1.3263358609287514,training
CN1C2CCC1[C@@H](C(=O)Nc1cccc(F)n1)[C@@H](c1ccc(Cl)cc1)C2,-4.463952681719408,training
Clc1ccc(C2CNCc3cc(OCCCN4CCCCC4)ncc32)cc1,-2.14921911265538,training
C=CCN(CC=C)CCc1c[nH]c2ccc(F)cc12,-1.5600262489128924,training
Fc1cccc(OC(F)F)c1CC(c1ccccc1)N1CCNCC1,-1.2787536009528289,training
Cc1cc(Oc2ccccc2C)c(CN(C)C)cn1,-2.3710678622717363,training
CCCc1ccccc1Oc1cc(C)ncc1CNC,-2.9143431571194407,training
CNCc1cc(C(=O)N2CCN(C3CCCC3)CC2)ccc1Oc1ccc(Cl)cc1,-1.380211241711606,training
Cc1ccc2c(N3CCN(CCc4c(F)ccc5c4ccc(=O)n5C)CC3)cccc2n1,-1.1000257301078626,training
O=C(OCCF)C1C2CCC(CC1c1cccc(/C=C\Br)c1)N2,0.4814860601221125,training
COc1ccc2c(c1)C(c1ccccc1)CN(C)C2,-3.1958996524092336,training
CN1Cc2ccccc2C(c2cccc3ccoc23)C1,-1.2833012287035497,training
C=CCN1[C@H]2CC[C@@H]1C[C@H](NC(c1ccc(F)cc1)c1ccc(F)cc1)C2,-3.593286067020457,training
COc1ccc2[nH]c(-c3ccccc3)c(CCN(C)C)c2c1,-3.6720978579357175,training
Cn1ccc2cc(N3CCNCC3Cc3ccccc3)ccc21,-0.899984562549391,training
Cc1cc(C(=O)C(C)NC(C)(C)C)ccc1Br,-3.084576277934331,training
CN1C2CCC1[C@@H](C(=O)OCc1cn(CCOC(=O)[C@H]3C4CCC(C[C@@H]3c3ccc(Cl)cc3)N4C)nn1)[C@@H](c1ccc(Cl)cc1)C2,-1.4313637641589874,training
C1=C(c2c[nH]c3ccccc23)CCN(CCOc2cccc3c2OCCO3)C1,-1.6532125137753435,training
CC(C)CCO[C@H]1[C@H]2CCN(CCc3ccc4ccccc4c3)CCCCCCOCc3cn(nn3)C[C@@H](O2)[C@@H]2OC(C)(C)O[C@H]12,-3.531478917042255,training
Fc1cccc(CCCN2CCCC2)c1,-3.639586086673426,training
Fc1cccc(OCc2ccccc2)c1C1CCNCC1,-1.4471580313422192,training
CN(C)Cc1cc(OCCCO)ccc1Sc1ccc(Br)cc1N,0.6777807052660807,training
Clc1ccc(C2CCCCNC2)cc1Cl,-2.146128035678238,training
CC1(COc2ccc(CC3SC(=O)NC3=O)cc2)CCCCC1,-3.8998751960210094,training
CNCc1cc(C(=O)N2CCCN(C3CC3)CC2)ccc1Oc1ccccc1C#N,-2.9014583213961123,training
COc1ccc(C2CN(C)Cc3cc(OCCCN4CCN(C(=O)C(C)C)CC4)ccc32)cc1,-1.1760912590556811,training
CN(C)CCC(Oc1ccc(OCCCN2CCCCC2)cc1)c1ccccc1,-2.44870631990508,training
CCC(C)OCC[C@@]1(c2ccc(Cl)c(Cl)c2)[C@H]2CNC[C@H]21,0.5000381344038098,training
O=C1CCc2ccc(CC3CCN(C[C@@H]4COc5c(ccc6c5CC(=O)N6)O4)CC3)cc2N1,-0.2787536009528289,training
CN1C2CCC1C1COC(=O)CCCCCC(=O)Nc3ccc(cc3)C1C2,-1.6989700043360187,training
CC(=O)[C@@]12CNCC[C@]1(c1ccc(Cl)c(Cl)c1)C2,-0.0,training
CN1C2CCC1C1COC(=O)CCCCCCCCCCC(=O)Nc3ccc(cc3)C1C2,-2.462397997898956,training
Cc1ccc(Sc2ccccc2CNCCF)c(N)c1,-1.8530895298518653,training
COc1cccc2c1C(O)(c1ccc(Cl)cc1)N1CCN=C21,-3.2988530764097064,training
CC(C)(C)N[C@H]1C[C@@H](c2ccc(Cl)c(Cl)c2)c2ccccc21,-3.230448921378274,training
CNCCC(Oc1cccc2ccccc12)c1ccc(F)cc1,0.0222763947111522,training
CN1C2CCC1[C@@H](C(=O)NCc1ccc(CCNC(=O)[C@H]3C4CCC(C[C@@H]3c3ccc(-c5ccsc5)cc3)N4C)cc1)[C@@H](c1ccc(-c3ccsc3)cc1)C2,-1.792391689498254,training
O=C1Cc2c(cccc2N2CCN(CCC3CCc4[nH]c5ccc(F)cc5c4C3)CC2)N1,-3.6720978579357175,training
Cc1ccc2c(c1)CN(C)CC2c1ccc(Cl)cc1,-2.0644579892269186,training
COc1cccc2c1O[C@@H](CN1C3C=C(c4ccc(Cl)c(Cl)c4)CC1CC3)CO2,-0.6711728427150833,training
COC(=O)C1C2CCC(CC1c1ccc(C=C(Br)Br)cc1)N2,1.0969100130080565,training
CNCc1cc(C(=O)N2CCCN(C3CC3)CC2)ccc1Oc1ccccc1OC(F)(F)F,-2.846337112129805,training
CC(C(=O)c1cccc(Cl)c1)N1CCCCC1,-3.73870130043471,training
COCCOc1cc(CC2CCN(CCc3ccc4c(c3)C(=O)CCO4)CC2)ccc1I,0.3872161432802645,training
C#C[C@]1(O)CC[C@H]2[C@@H]3CCc4cc(O)ccc4[C@H]3CC[C@@]21C,-1.462397997898956,training
CN1Cc2cc(OCCCN3CCCCC3)ncc2C(c2ccc(Cl)c(F)c2)C1,-2.167317334748176,training
CN1Cc2cc(OCCCN3CCC(F)CC3)ccc2C(c2ccccc2Cl)C1,-1.255272505103306,training
Clc1ccc([C@]23CCNC[C@@]2(Cn2cncn2)C3)cc1Cl,-0.599992177584098,training
CNCc1cc(C(=O)N2CCCN(C3CC3)CC2)ccc1Oc1ccccc1,-2.359835482339888,training
Cc1ccc2c(N3CCN(CCc4ccc5c(c4)NC(=O)CO5)CC3)cc(F)cc2n1,0.100015437450609,training
Fc1ccc2c(c1)CC(CC1CN=CN1)C2,-1.8864907251724816,training
CC(=O)C(c1ccccc1)C1CCCCN1,-3.89209460269048,training
CN(CCOC(c1ccc(F)cc1)c1ccc(F)cc1)CCN(C)CCOC(c1ccc(F)cc1)c1ccc(F)cc1,-2.886490725172482,training
Fc1cccc(F)c1Oc1ncccc1C1CCNCC1,-3.2671717284030137,training
COCCOc1cc(CC2CCN(CCc3ccc4c(c3)OCCO4)CC2)ccc1Br,-0.3783979009481377,training
CC(C)C(=O)N(Cc1cccc(Cl)c1Cl)[C@H]1CCNC1,-0.9542425094393248,training
COC[C@@]12CN(C)CC[C@]1(c1ccc(Cl)c(Cl)c1)C2,-1.1000257301078626,training
Fc1ccc(C(OCCC2CCN(Cc3cccc4ccccc34)CC2)c2ccc(F)cc2)cc1,-2.568201724066995,training
COCCCCN[C@H](CC(C)C)C1(c2ccc(Cl)c(Cl)c2)CCC1,-0.0755469613925307,training
Cc1cc2c(OC[C@@H](O)CN3CC[C@@H](c4cccc5occc45)C[C@@H]3C)cccc2[nH]1,-0.8561244442423004,training
CCCN1C2CCC1[C@@H](C(=O)OC)[C@@H](c1ccc(SCC)cc1)C2,-1.6901960800285136,training
COc1cc(NC(C)CCCN)c2ncccc2c1,-0.9245377177754898,training
COc1cc2c(cc1OC)C1=NO[C@@H](CN3CCN(C/C(C)=C/c4cccnc4)CC3)[C@@H]1CO2,-1.7993405494535817,training
CN1C2CCC1[C@@H](C(=O)Nc1ccc(NC(=O)[C@H]3C4CCC(C[C@@H]3c3ccc(Cl)cc3)N4C)cc1)[C@@H](c1ccc(Cl)cc1)C2,-3.505149978319906,training
CN(C)Cc1cc(I)ccc1Sc1ccccc1CO,1.5228787452803376,training
Oc1c(Cl)cc(Cl)c(Cl)c1Cc1c(O)c(Cl)cc(Cl)c1Cl,-3.3637247690063745,training
CN(C)CCN(Cc1ccccc1)S(=O)(=O)c1ccc(I)cc1,-1.4828735836087537,training
Clc1ccc([C@]23CNC[C@H]2[C@@H]3COC2CCCCC2)cc1Cl,-0.0,training
CNCc1cc(C#CCCN2CCOCC2)ccc1Oc1cccc(Cl)c1,-0.8633228601204559,training
Cc1ccccc1S[C@@H](c1ccccc1)[C@@H]1CNCCO1,-1.1702617153949575,training
CNCc1cc(C(=O)N2CCCN(C3CC3)CC2)ccc1Oc1ccc(SC(F)(F)F)cc1,-1.977723605288848,training
COc1ccc(C(=O)CCCN2CCc3ccccc3C2)cc1,-3.387745659608864,training
COc1cccc(OC(CCN(C)C)c2ccc(OCCCN3CCCCC3)cc2)c1,-1.041392685158225,training
CC(C)CN(C(=O)c1cccc(F)c1C(F)(F)F)[C@H]1CCNC1,-1.3979400086720375,training
Fc1ccc2[nH]cc(CCCNCc3ccccc3)c2c1,-1.711807229041191,training
CC(C)(c1ccc(O)cc1)c1ccc(O)cc1,-4.033343323135224,training
CNCc1cc(C#CCCN2CCCCC2)ccc1Oc1ccc(SC)cc1,0.1549019599857432,training
c1ccc(CC2CNCCN2c2ccc3[nH]ncc3c2)cc1,-0.1000257301078625,training
Cc1noc(C)c1C1CN(C)Cc2ccccc21,-3.146128035678238,training
CC(NC1CCC1)C(=O)c1cccc(Cl)c1,-3.537819095073274,training
Cc1ccc2c(N3CCN(CCc4cccc5c4OCc4c(C(=O)N6CCCC6)ncn4-5)CC3)cccc2n1,-1.1000257301078626,training
CNCc1cc(C(=O)N2CCN(C3CC3)CC2)ccc1Oc1ccccc1,-2.7283537820212285,training
OC1(c2ccc(Cl)cc2)CCN(CCCCc2ccc(F)cc2)CC1,-3.2711443179490782,training
C=CCN1CC[C@@H](Cc2ccc(F)cc2)C[C@@H]1CCCNC(=O)Nc1cc(C(C)=O)cc(C(C)=O)c1,-1.8388490907372552,training
CN(C)C(=O)C(CCN1CCC(O)(c2ccc(Cl)cc2)CC1)(c1ccccc1)c1ccccc1,-3.0681858617461617,training
Cc1ccc2c(N3CCN(CCc4cccc5c4OCc4c(C(=O)NC6CCC6)ncn4-5)CC3)cccc2n1,-1.299942900022767,training
Fc1ccc(C(OCCC2CCN(Cc3cc4ccccc4[nH]3)CC2)c2ccc(F)cc2)cc1,-1.944482672150169,training
CN(C)S(=O)(=O)N(Cc1ccccc1-c1ccccc1)[C@H]1CCNC1,-3.52244423350632,training
O=C(CCN1CCN(CCOC(c2ccccc2)c2ccccc2)CC1)c1ccccc1,-3.113943352306837,training
Fc1cccc(C2CCNCC2)c1Oc1ccccc1,-3.367355921026019,training
CNCc1ccc(C#CCCN2CCOCC2)cc1Oc1ccc(SC)cc1,-0.5314789170422551,training
CC(C)N1CCC(COc2cc3c(cn2)C(c2ccc(Cl)c(Cl)c2)CN(C)C3)CC1,-1.4913616938342726,training
COCCOc1cc(CC2CCN(CCc3ccc4c(c3)C(=O)CCO4)CC2)ccc1Cl,-0.5276299008713387,training
COc1ccc(C2CNCc3cc(OCCCN4CCOCC4)ncc32)cc1,-2.2764618041732443,training
OC1(c2ccc(Cl)c(C(F)(F)F)c2)CCN(CCCCN(c2ccc(F)cc2)c2ccc(F)cc2)CC1,-4.0,training
Oc1ccccc1CCCNCc1ccccc1F,-4.146128035678238,training
Clc1ccc(N2CCN(CCCCc3nc4ccccc4s3)CC2)cc1,-2.220108088040055,training
CN(C)CCCN1c2ccccc2CCc2ccccc21,-0.7866500343823126,training
c1ccc(Oc2ccccc2OC2CNC2)cc1,-3.4265112613645754,training
CN(C)Cc1cc(OCCF)ccc1Sc1ccccc1N,0.6020599913279624,training
Fc1cccc(C(Cc2ccccc2OC(F)(F)F)N2CCNCC2)c1,-1.2041199826559248,training
Fc1ccc(C2CC=CCNC2)cc1Cl,-3.1760912590556813,training
CNCc1cc(C(=O)N2CCCN(C3CC3)CC2)ccc1Oc1cccc(C#N)c1,-2.0863598306747484,training
Fc1ccc(COc2ccc(F)cc2C2CCNCC2)cc1,-0.3010299956639812,training
O=S(=O)(NCCN1CC=C(c2c[nH]c3ccc(Cl)cc23)CC1)c1cccc(O)c1,-0.3424226808222063,training
CNCc1cc(C(=O)N2CCN(C(C)C)CC2)ccc1Oc1ccc(Cl)cc1,-1.380211241711606,training
CNCc1cc(C#CCCN2CCCN(C(C)C)CC2)ccc1Oc1ccc(SC)cc1,-0.5563025007672873,training
Cc1ccc2c(N3CCN(CCc4ccc5c(c4)NC(=O)CO5)CC3)cccc2n1,-0.1000257301078625,training
Cc1cc2c(cc1OCCCCN1CCN(c3cccc4cccc(F)c34)CC1)C(=O)NC2,-2.071882007306125,training
COc1ccc2[nH]cc(C3CCN(CCCCN4C(=O)CC(c5c[nH]c6ccc(F)cc56)C4=O)CC3)c2c1,-2.303196057420489,training
C/C(=C\c1ccccc1)CN1CCN(C[C@@H]2ON=C3c4ccc(OCCN(C)C)cc4OC[C@H]32)CC1,-0.5440680443502757,training
Fc1ccc(C(OCCN2CCN(CCCc3ccccc3)CC2)c2ccc(F)cc2)cc1,-2.1072099696478683,training
COc1ccc(C2CNCc3cc(OCCCN4CCCCC4)ncc32)cc1,-2.167317334748176,training
OCCOc1cc(CC2CCN(CCc3ccc4c(c3)C(O)CCO4)CC2)ccc1Br,-1.8573324964312683,training
Fc1ccc(Oc2ncccc2C2CCNCC2)c(F)c1,-1.4771212547196624,training
CNC[C@H]1C2CCC(C2)[C@@H]1c1ccc2cc(OC)ccc2c1,-1.0791812460476249,training
CN(C)CCC(Oc1cccc(Cl)c1)c1ccc(OCCCN2CCCCC2)cc1,-1.0737183503461227,training
CCc1cc(Cl)ccc1Oc1cc(C)ncc1CNC,-1.255272505103306,training
Fc1cccc(Oc2cccc(F)c2C2CCNCC2)c1,-3.0170333392987803,training
CN(C)CC1C2CCC(C2)C1c1cccc2ccccc12,-1.7160033436347992,training
CCN(CC)CCCOc1cc2c(cn1)C(c1ccc(Cl)c(Cl)c1)CNC2,-1.414973347970818,training
CSc1ccc(OC(CCN(C)C)c2ccc(OCCCN3CCCCC3)cc2)cc1,-1.0,training
O=C1/C(=C/c2ccccc2N2CCNCC2)SCCN1c1ccc(F)cc1F,-1.9912260756924949,training
Cc1ccc2c(N3CCN(CCc4cccc5c4OCc4nnnn4-5)CC3)cccc2n1,-1.7000110623221123,training
CN1[C@H]2CC[C@@H]1[C@@H](c1ncc(-c3ccc(Cl)c(Cl)c3)s1)[C@@H](c1ccc(Cl)cc1)C2,-3.432969290874406,training
Cc1ccc2c(N3CCN(CCc4c(C)ccc5c4ccc(=O)n5C)CC3)cccc2n1,-1.1000257301078626,training
COCCOc1cc(Br)cc(CC2CCN(CCc3cc4c(cc3Cl)OCCO4)CC2)c1,-1.14921911265538,training
CC(C)OC(=O)C1C2CCC(C[C@@H]1c1ccc(Cl)cc1)CN2C,-2.630427875025024,training
COC(=O)[C@H](c1ccccc1Cl)N1CCc2sccc2C1,-2.4756711883244296,training
CNCc1cc(C(=O)N2CCN(C(C)C)CC2)ccc1Oc1ccc(SC)cc1,-0.7708520116421442,training
COc1ccc(Br)c(CC2CCN(CCc3ccc(C)cc3)CC2)c1,-1.8149131812750736,training
c1csc([C@@H]2CN3CCC[C@@H]3c3cc(OCCCN4CCCCC4)ccc32)c1,-0.4313637641589873,training
Cc1cc(C)cc(OCC(=O)N(c2ccc(Cl)c(Cl)c2)C2CCNCC2)c1,-1.4999618655961902,training
CN(C)Cc1ccccc1Sc1ccc([123I])cc1CO,1.013228265733755,training
CCOC(=O)C1=C(c2ccc(Cl)c(Cl)c2)CCNC1,-2.3364597338485296,training
CNCCC(c1ccccc1)c1ccc(O)c2ccc(OCCN3CCCC3)cc12,-0.8450980400142568,training
c1cnn(-c2ccc([C@@H]3CN4CCC[C@@H]4c4cc(OCCCN5CCOCC5)ccc43)cc2)c1,-1.089905111439398,training
CCN(C(=O)c1ccccc1Oc1ccccc1)[C@H]1CCNC1,-3.206825876031849,training
O=C(c1ccccc1Oc1ccccc1)N(c1ccccc1)[C@H]1CCNC1,-1.8325089127062364,training
CN(CCOC(c1ccccc1)c1ccccc1)CCN(C)CCc1ccc(F)cc1,-2.740362689494244,training
Cn1ccc2cc(C3(Cc4ccccc4)CCNC3)ccc21,-0.6020599913279624,training
NC(=O)c1c[nH]c2ccc(N3CCNCC3Cc3ccccc3)cc12,-2.0,training
Cc1cccc2sc([C@@H]3CCN(C[C@H](O)COc4cccc5[nH]ccc45)[C@@H](C)C3)cc12,0.3565473235138126,training
CC(=O)c1ncn2c1COc1c(CCN3CCN(c4cccc5nc(C)ccc45)CC3)cccc1-2,-1.4999618655961902,training
c1ccc(CC2CNCCN2c2cnc3[nH]ccc3c2)cc1,-1.8000293592441343,training
O=C1COc2ccc(CCN3CCN(c4cccc5nc(-c6ccccc6)ccc45)CC3)cc2N1,0.7999707334462297,training
C#Cc1ccc([C@@H]2C[C@H]3CC[C@@H](N3)[C@H]2C(=O)OC)cc1,-0.5378190950732742,training
CN(C(c1ccc(F)cc1)c1ccc(F)cc1)[C@@H]1C[C@@H]2CC[C@H](C1)N2C,-4.235528446907549,training
COCCOc1cc(CC2CCN(CCc3ccc4c(c3)CCCO4)CC2)ccc1Br,-0.2405492482825997,training
CCCC(C(=O)c1ccc(Br)cc1)N1CCCC1,-2.9190780923760737,training
Cc1ccc2c(N3CCN(CCc4cccc5c4OCC(=O)N5)CC3)cccc2n1,-2.500003068051693,training
COc1ccc2c(c1)[C@]13CCCC[C@@H]1[C@H](C2)N(C)CC3,-0.1583624920952496,training
c1ccc(CC2(c3ccc4[nH]ccc4c3)CCNC2)nc1,-1.7242758696007892,training
c1ccc([C@@H]2CN3CCC[C@@H]3c3cc(OCCCN4CCCCC4)ccc32)nc1,-1.271841606536499,training
CN(C)Cc1ccccc1Sc1ccc(Br)cc1CO,0.2839966563652008,training
Cc1cccc(S(=O)(=O)NCCCCN2CC=C(c3c[nH]c4ccc(F)cc34)CC2)c1,-0.3617278360175928,training
CNCCC(c1ccccc1)c1c[nH]c2ccccc12,-0.9542425094393248,training
CNCCC(Oc1cccc2ccccc12)c1cccc(OC)c1,-0.3424226808222063,training
CC#CNC(=O)[C@@]12CNCC[C@]1(c1ccc(Cl)c(Cl)c1)C2,-2.0,training
COC(=O)[C@H]1C2CC[C@@H]3C[C@@H]1/C(=C/c1ccc(OC)cc1)CN23,-1.6766936096248666,training
c1ccc(C2CNCc3cc(OCCCN4CCCCC4)ncc32)cc1,-3.3679147387937527,training
COc1ccc(Br)c(CC2CCN(CCc3ccc(OC)c(OC)c3)CC2)c1,-1.429752280002408,training
Fc1ccc(C(OCCC2CCN(CCCc3ccccc3)CC2)c2ccc(F)cc2)cc1,-1.8325089127062364,training
CN(Cc1ccc(C(C)(C)C)cc1)Cc1cccc2ccccc12,-2.8750612633917,training
c1ccc(CN(c2ccc3sccc3c2)C2CCNCC2)cc1,-1.1000257301078626,training
O=C(CCCCN1CCC2(CC1)C(=O)NCN2c1ccccc1)c1nc2ccccc2s1,-2.453318340047037,training
O=c1ccc(-n2ccnc2)nn1CCCCN1CCN(c2cccc(C(F)(F)F)c2)CC1,-2.361727836017593,training
COc1ccc(CCN2C3C4C5CC6C7C5C3C7C2(O)C64)cc1OC,-3.630834517828051,training
COc1cccc(CC2(c3ccc4[nH]ccc4c3)CCNC2)c1,-1.5314789170422551,training
COc1ccc(C2CN(C)Cc3cc(OCCCN4CCN(C(=O)c5ccncc5)CC4)ccc32)cc1,-1.2787536009528289,training
CNCCC(Oc1cccc2ccccc12)c1ccccc1OC,-0.3617278360175928,training
CC1NOC(C)C1c1ccc2c(c1)CN(C)CC2c1ccc2ccccc2c1,-0.7160033436347992,training
CC(C)CC1(C(=O)c2cc(F)c3[nH]ccc3c2)CCNC1,0.155491759951748,training
COc1ccc(C2CN(C)Cc3cc(OCCCN4CCCCC4)ncc32)cc1,-2.0293837776852097,training
CNCCC(Oc1cccc2ccccc12)c1ccccc1C,-0.3010299956639812,training
COc1cc2c(cc1OC)C1=NO[C@@H](CN3CCN(C/C=C/c4ccccc4F)CC3)[C@@H]1CO2,-1.1139433523068367,training
O=C1NCc2ccc(OCCCCN3CCN(c4cccc5cccc(F)c45)CC3)cc21,-1.414973347970818,training
CNCc1cc(C(=O)N2CCN(C3CC3)CC2)ccc1Oc1ccc(SC)cc1,-0.6989700043360189,training
COc1ccc(-c2cnc([C@H]3[C@@H](c4ccc(C)cc4)C[C@@H]4CC[C@H]3N4C)s2)cc1,-3.5646660642520893,training
COC(=O)c1ccccc1O[C@@H](c1ccccc1)[C@@H]1CNCCO1,-2.788168371141168,training
Clc1ccc([C@]2(COCC3CC3)[C@H]3CNC[C@H]32)cc1Cl,0.1999706407558656,training
OCCNCCCc1c[nH]c2ccc(F)cc12,-1.792391689498254,training
c1ccc(CC2(c3c[nH]c4ccccc34)CCNC2)cc1,-1.3617278360175928,training
CCCCC1(c2ccc3[nH]ccc3c2)CCNC1,-1.2041199826559248,training
Fc1cccc(OCc2ccccc2N2CCNCC2)c1F,-2.8926510338773004,training
COc1cccc2c1O[C@@H](CN1C3C=C(c4cccc5ccccc45)CC1CC3)CO2,-1.414973347970818,training
Cc1ccc(OC(CCN(C)C)c2ccc(OCCCN3CCCCC3)cc2)cc1,-1.2041199826559248,training
CN1CCN2c3c(cccc31)[C@@H]1CN(CCCc3n[nH]c4cc(F)ccc34)CC[C@@H]12,-1.9493900066449128,training
CN(C)CCC[C@@]1(c2ccc(F)cc2)OCc2cc(CNC(=O)c3cc(CN=[N+]=[N-])cc(N=[N+]=[N-])c3)ccc21,-1.0293837776852095,training
N#Cc1cc2cc(C3(Cc4ccccc4)CCNC3)ccc2[nH]1,0.3979400086720376,training
CCSc1ccc([C@H]2CC3CCC([C@H]2C(=O)OC)N3C)cc1,-0.6532125137753437,training
CN(CCCN(C)CCc1ccccc1)CCOC(c1ccccc1)c1ccccc1,-3.184691430817599,training
CN(CCCc1ccccc1)C1CCN(CCOC(c2ccccc2)c2ccccc2)CC1,-1.9395192526186185,training
CN1Cc2cc(-c3cccnn3)ccc2C(c2ccc3sccc3c2)C1,-0.3424226808222063,training
CN1Cc2cc(-c3cncnc3)ccc2C(c2cc3ccccc3s2)C1,-1.968482948553935,training
CCc1ccccc1Oc1cc(C)ncc1CNC,-2.6434526764861874,training
CNCc1cc(CCCCN2CCN(C3CC3)CC2)ccc1Oc1ccc(SC)cc1,-0.3010299956639812,training
FCCOc1ccccc1S[C@@H](c1ccccc1)[C@@H]1CNCCO1,-2.865103974641128,training
O=C1NCc2ccc(OCCCCN3CCN(c4cccc5ccc(F)cc45)CC3)c(F)c21,-2.413299764081252,training
O=C(Cc1ccc(F)cc1)NCCNCCOC(c1ccc(F)cc1)c1ccc(F)cc1,-2.545307116465824,training
C/C(=C\c1ccccc1)CN1CCN(C[C@@H]2ON=C3c4ccc(OC5CCCC5)cc4OC[C@H]32)CC1,-1.7481880270062005,training
Cc1ccc2c(N3CCN(CCc4cccc5c4OCc4nnc(C)n4-5)CC3)cccc2n1,-2.300008202553813,training
CN[C@H]1CC[C@@H](c2ccc(Cl)c(Cl)c2)c2ccccc21,1.1249387366083,training
O=C(CCCN1CCCN(c2ccc(Cl)cc2)CC1)c1ccc(F)cc1,-1.7528164311882717,training
COC(=O)/C=C1/CN2C3CCC2C1C(c1ccc(Cl)cc1)C3,-1.2730012720637376,training
Cc1ccc2c(c1)CN(C)CC2c1cccc(Cl)c1,-2.5289167002776547,training
CCCN1CCC(c2cn(C)c3ccc(F)cc23)CC1,-1.7634279935629371,training
COc1ccccc1Oc1ncccc1C1CCNCC1,-2.785329835010767,training
COc1ccc(-c2cnc([C@H]3[C@@H](c4ccc(Cl)cc4)C[C@@H]4CC[C@H]3N4C)s2)cc1,-3.716003343634799,training
CC(C)(C)NC(CCC1CCCCC1)C(=O)c1cccc(Cl)c1,-3.792391689498254,training
c1ccc(CN(c2ccc3[nH]ccc3c2)C2CCCNC2)cc1,-0.8000293592441343,training
O=C1Cc2c(ccc3c2OC[C@H](CNCCC2CCc4c([nH]c5ccc(F)cc45)C2)O3)N1,-3.716003343634799,training
OC1(c2ccc(Cl)cc2)c2cccc(F)c2C2=NCCN21,-1.5809249756756194,training
Cc1ccc(C2CN(C)Cc3ccccc32)o1,-3.876794976200701,training
CSc1ccc(C2CN(C)Cc3cc(Oc4ccc(CN5CCCCC5)cn4)ccc32)cc1,-0.7201593034059569,training
O=C1NCc2ccc(OCCCCN3CCN(c4cccc5cccc(F)c45)CC3)c(F)c21,-1.7213983755215054,training
CCSc1ccc([C@H]2CC3CCC([C@H]2C(=O)OC)N3CCCF)cc1,-1.4313637641589874,training
COc1ccc2c(c1)C(O)(c1ccc(Cl)cc1)N1CCN=C21,-3.012837224705172,training
COC(=O)[C@@H]1C2CCC(C[C@@H]1c1ccc(OC)cc1)N2C,-0.6334684555795865,training
CNCCC(Oc1cccc2ccccc12)c1ccccc1C(F)(F)F,-1.0,training
CC(C)Oc1ccccc1N1CCN(CCCCn2nc(-n3ccc4ccccc43)ccc2=O)CC1,-3.0170333392987803,training
Cc1ccc2c(N3CCN(CCc4cccc5c4OCc4nccn4-5)CC3)cccc2n1,-1.299942900022767,training
Fc1ccc(C(OCCC2CCN(C/C=C/c3ccccc3)CC2)c2ccc(F)cc2)cc1,-1.6720978579357175,training
OC1(c2ccc(Cl)c(C(F)(F)F)c2)CCN(CCCN(c2ccc(F)cc2)c2ccc(F)cc2)CC1,-2.9556877503135057,training
CCC1(CCCNC)Cc2cc(Cl)ccc2N(c2ccc(C)cc2)C1=O,-2.1072099696478683,training
CN1Cc2ccccc2C(c2ccc3cc[nH]c3c2)C1,-1.1430148002540952,training
COc1ccc(C2CN(C)Cc3cc(OCCCN4CCN(c5ccc(C#N)cc5)CC4)ccc32)cc1,-0.9030899869919436,training
CN(CCc1ccc(OC(F)(F)F)cc1)CCN1CCCC1,-3.8515640822634887,training
COC(=O)[C@@H]1C2CCC(C[C@@H]1c1ccc(SC)c(Br)c1)N2C,0.2218487496163563,training
C[C@@H]1CCCN1CCN1CCc2cc(-c3ccc(C(=O)N4CCCC4)cc3)ccc2C1=O,-2.908485018878649,training
COc1cccc(F)c1Oc1ncccc1C1CCNCC1,-2.9479236198317262,training
CCCC(CN1CCCC1)C(=O)c1ccc(C)cc1,-3.612783856719736,training
O=C(CCc1cc(C(F)(F)F)cc(C(F)(F)F)c1)N(c1ccc(F)cc1)C1CCNCC1,-2.400002345927956,training
CCCC(C(=O)c1ccc(Cl)c(Cl)c1)N1CCCCC1,-3.39093510710338,training
COc1ccccc1S[C@@H](c1ccccc1)[C@@H]1CNCCO1,-0.9863237770507652,training
Cc1ccc(C2CN(C)Cc3ccccc32)s1,-3.501059262217752,training
c1ccc(CCN(c2ccc3[nH]ccc3c2)C2CCNCC2)cc1,-0.8000293592441343,training
COCC1CNCCN1c1ccc2[nH]ncc2c1,-2.200001865406602,training
Fc1ccc(C(Cc2ccccc2OC(F)F)N2CCNCC2)cc1,-0.9542425094393248,training
Cc1cccc(F)c1Oc1ncccc1C1CCNCC1,-2.008600171761917,training
CCOc1ccc(C2(C(CC(C)C)NCCOC(=O)CC)CCC2)cc1,-0.7558748556724915,training
Clc1ccc([C@@H]2CCN[C@@H]3CCOC[C@@H]32)cc1Cl,-1.4999618655961902,training
N#Cc1ccnn1C[C@@]12CNCC[C@]1(c1ccc(Cl)c(Cl)c1)C2,-0.7000110623221123,training
CNCc1cc(C(=O)N2CCCN(C3CC3)CC2)ccc1Oc1ccc(C(F)(F)F)cc1,-1.230448921378274,training
Fc1cccc(C(Cc2ccccc2OC(F)F)N2CCNCC2)c1,-1.0791812460476249,training
COc1ccc2[nH]cc(C3CCN(CCCN4C(=O)CC(c5c[nH]c6ccc(OC)cc56)C4=O)CC3)c2c1,-2.0453229787866576,training
OC1(c2ccc(Cl)cc2)CCN(CCCCc2nc3ccccc3s2)CC1,-2.964730921053629,training
Fc1ccc(CC2(c3ccc4[nH]ccc4c3)CCNC2)cc1,-1.1760912590556811,training
Cc1cc2c(cc1OCCCCN1CCN(c3cccc4cc(F)ccc34)CC1)C(=O)NC2,-0.944975908412048,training
Cc1[nH]c2ccc(Cl)cc2c1C1=CCN(CCCCNS(=O)(=O)c2ccc3ccccc3c2)CC1,-1.3979400086720375,training
CN(C)CCC[C@@]1(c2ccc(F)cc2)OCc2cc(C#N)ccc21,-0.4271614029259656,training
COc1cc2c(cc1OC)C1=NO[C@@H](CN3CCN(C/C(C)=C/c4ccsc4)CC3)[C@@H]1CO2,-0.2787536009528289,training
Cc1cccc(S(=O)(=O)NCCN2CC=C(c3c[nH]c4ccc(Cl)cc34)CC2)c1,-0.6989700043360189,training
CN1CCN2c3c(cccc31)[C@@H]1CN(CCCC(=O)c3ccncc3)CC[C@@H]12,-2.004321373782642,training
CCOCC[C@@]1(c2ccc(Cl)c(Cl)c2)[C@H]2CNC[C@H]21,0.2999889376778876,training
CC(=O)N1CCN(c2ccc(OCC3COC(Cn4ccnc4)(c4ccc(Cl)cc4Cl)O3)cc2)CC1,-2.450249108319361,training
Cc1ccc(Oc2ccc(OCCCF)cc2CN(C)C)c(N)c1,-0.8450980400142568,training
CCc1ccc(Sc2ccccc2CN(C)C)c(N)c1,0.3098039199714863,training
CC(=O)c1cc(NC(=O)NCCC[C@H]2C[C@H](Cc3ccc(F)cc3)CCN2CCCO)cc(C(C)=O)c1,-2.326335860928752,training
OC1(c2ccc(Cl)cc2)CC2CCC(C1)N2CCCSc1ccc(F)cc1,-2.499687082618404,training
Fc1ccc([C@@H]2CCNC[C@H]2COc2ccc3c(c2)OCO3)cc1,0.6619864380828488,training
CSc1ccc(C2CN(C)Cc3cc(Oc4ccc(CN5CCCCC5)nc4)ccc32)cc1,-1.2081725266671215,training
c1ccc(COc2ccccc2N2CCNCC2)cc1,-3.0569048513364727,training
O=C1NCc2cc(F)c(OCCCCN3CCN(c4cccc5ccccc45)CC3)cc21,-1.4885507165004443,training
CCCN1CCC(n2c(=O)[nH]c3cc(Cl)ccc32)CC1,-3.545554507234065,training
NCCC1CCC(Cc2ccccc2)O1,-3.582290682718994,training
CN1Cc2cc(OCCCN3CCC(F)CC3)ccc2C(c2ccc(Cl)c(Cl)c2)C1,-1.3222192947339193,training
Fc1ccc(C(N[C@@H]2C[C@@H]3CC[C@H](C2)N3)c2ccc(F)cc2)cc1,-3.618048096712093,training
CN(C)Cc1cc(I)ccc1Sc1ccc(CO)cc1N,0.5086383061657274,training
CCCN1CC[C@@H](Cc2ccc(F)cc2)C[C@@H]1CCCNC(=O)Nc1cc(C(C)=O)cc(C(C)=O)c1,-2.220108088040055,training
Cc1cc(Oc2ccccc2C(C)C)c(CN(C)C)cn1,-3.167317334748176,training
CC(C)c1ccccc1C(=O)N(CC1CC1)[C@H]1CCNC1,-3.4578818967339924,training
CCOc1ccccc1N1CCN(CCNC(=O)Cn2nc(-n3ccnc3)ccc2=O)CC1,-3.7764832558336816,training
COc1ccc(C2CN(C)Cc3cc(OCCCN4CCC(C#N)CC4)ccc32)cc1,-0.724275869600789,training
NC(=O)CCCc1c[nH]c2ccc(F)cc12,-2.8000293592441343,training
CN1Cc2ccccc2C(c2ccc3sncc3c2)C1,-1.0170333392987805,training
CN1[C@H]2CC[C@@H]1C[C@H](NC(c1ccc(Cl)c(Cl)c1)c1ccc(Cl)c(Cl)c1)C2,-3.478566495593844,training
CC(C)S(=O)(=O)N(Cc1ccccc1-c1ccccc1)[C@H]1CCNC1,-3.6711728427150834,training
Clc1cccc(Oc2ncccc2C2CCNCC2)c1Cl,-0.3010299956639812,training
COc1ccc(C2CN(C)Cc3cc(OCCCN4CCN(c5ccncc5)CC4)ccc32)cc1,-0.6020599913279624,training
Clc1ccc([C@@H]2CCNC[C@@]23CCCOC3)cc1Cl,0.5000381344038098,training
O=C1NCc2ccc3c(c21)CC(NCCCCc1c[nH]c2ccc(F)cc12)CO3,-1.3010299956639813,training
Cc1ccc(CN2CCN(CC(=O)N3c4ccccc4C[C@H]3C)CC2)cc1,-2.7259116322950483,training
Cc1ccc(Oc2ccc(F)cc2CN(C)C)c(N)c1,-0.9030899869919436,training
COc1cc2c3c(c1OC)-c1cc4c(cc1CC3N(C)CC2)OCO4,-2.3873898263387296,training
FC(F)(F)c1ccnn1C[C@@]12CNCC[C@]1(c1ccc(Cl)c(Cl)c1)C2,-0.2999429000227671,training
CN1Cc2cc(-c3cnccn3)ccc2C(c2cc3ccccc3s2)C1,-1.9590413923210936,training
CC(C)(C)CCC1(C(=O)c2ccc(Cl)c(Cl)c2)CCNC1,-0.2445245115700837,training
CN(C)C[C@H]1[C@@H]2CNC[C@@]21c1ccc(Cl)c(Cl)c1,-0.599992177584098,training
CN(C)Cc1cc(Br)ccc1Sc1ccc(CO)cc1N,0.5376020021010439,training
c1cc([C@@H]2CN3CCC[C@@H]3c3cc(OCCCN4CCOCC4)ccc32)cs1,-0.6989700043360189,training
CN1Cc2cc(OCCCN3CCCCC3)ncc2C(c2ccc(F)cc2)C1,-2.558708570533166,training
CC(C)N1CCN(c2ccc(OC[C@H]3CO[C@](Cn4cncn4)(c4ccc(Cl)cc4Cl)O3)cc2)CC1,-3.784331948022148,training
Cc1ccc2c(OCCN3CCC(Cc4ccc5c(c4)NC(=O)CO5)CC3)cccc2n1,-0.8000293592441343,training
CC(NC1CC1)C(=O)c1cccc(Cl)c1,-3.534026106056135,training
CCN1Cc2ccccc2C(c2ccc3cn[nH]c3c2)C1,-1.3521825181113625,training
O=C1NCc2ccc(OCCCN3CCN(c4cccc5ccccc45)CC3)c(Cl)c21,-2.0170333392987803,training
c1ccc(CCC2CNCCN2c2ccc3[nH]ncc3c2)cc1,-0.599992177584098,training
COC(=O)[C@@H]1C2CCC(C[C@@H]1c1ccc(-c3ccsc3)cc1)N2C,0.2365720064370627,training
c1ccn2c([C@@H]3CN4CCC[C@@H]4c4cc(OCCCN5CCOCC5)ccc43)cnc2c1,-2.075546961392531,training
CN(C)CCCN1c2ccccc2Sc2ccccc21,-1.662757831681574,training
CN(C)Cc1ccccc1Sc1ccc(C#N)cc1N,-0.041392685158225,training
CCN(C(=O)c1cccc(Cl)c1Cl)[C@H]1CCNC1,-1.462397997898956,training
Cc1ccc([S+](O)c2ccccc2CN(C)C)c(N)c1,-0.6180480967120927,training
NCC1CCC(CCc2cccc3ccccc23)O1,-1.255272505103306,training
OCCN1CC=CC[C@H](c2ccc(Cl)c(Cl)c2)C1,-2.1760912590556813,training
O=[N+]([O-])c1ccc2nc(N3CCNCC3)ccc2c1,0.7695510786217261,training
COC(=O)C1C2CCC(CC1c1ccc(/C=C\Br)cc1)N2,1.3979400086720375,training
CN1Cc2cc(N3CCOCC3)ccc2C(c2ccc3sccc3c2)C1,-0.8512583487190752,training
Cc1ccc(C2CCNCC2)c(Oc2ccc(F)cc2)c1,-2.630427875025024,training
C(=C/c1ccccc1)\CN1CCN(C(c2ccccc2)c2ccccc2)CC1,-2.762678563727436,training
NCC1CCC(c2cccc3ccccc23)O1,-2.2405492482825995,training
CN(CCCc1ccccc1)CCCN(C)CCOC(c1ccccc1)c1ccccc1,-2.6414741105041,training
O=C1CCOc2ccc(CCN3CCC(Cc4ccc(Br)c(O)c4)CC3)cc21,-0.8129133566428556,training
CCN(CC)c1ccc2c(-c3ccc(S(=O)(=O)NCCCCCC(=O)NCCC(=O)Nc4cccc(-c5ccc6c(c5)COC6(CCCN(C)C)c5ccc(F)cc5)c4)cc3S(=O)(=O)O)c3ccc(=[N+](CC)CC)cc-3oc2c1,-2.3521825181113627,training
CN1C2CCC1C(C(=O)NCCCCNC(=O)C1C(c3ccc(Cl)cc3)CC3CCC1N3C)C(c1ccc(Cl)cc1)C2,-3.4963345059968165,training
CN(C)CCC(Oc1ccc(Cl)c(Cl)c1)c1ccc(OCCCN2CCCCC2)cc1,-0.7781512503836436,training
CNC(=O)C(CCN1CCC(O)(c2ccc(Cl)cc2)CC1)(c1ccccc1)c1ccccc1,-0.7923916894982539,training
Clc1ccc([C@]23CCNC[C@@]2(COCC2CC2)C3)cc1Cl,-0.2740115197359362,training
O=S(=O)(NCCCCN1CC=C(c2c[nH]c3ccc(Cl)cc23)CC1)c1cccc(O)c1,-0.6232492903979004,training
CN(C)Cc1cc(O)ccc1Sc1ccccc1N,-1.230448921378274,training
OC(CCc1ccccc1)CN1CCC2(CC1)OCc1c2ccc2ccccc12,-1.0,training
O=C(CCCc1ccccc1)N1c2ccccc2Sc2ccccc21,-3.57978359661681,training
CNCc1cc(C#CCCN2CCN(C(C)C)CC2)ccc1Oc1ccc(SC)cc1,-1.1139433523068367,training
CN(C)Cc1ccccc1Sc1ccc(CO)cc1N,0.2441251443275086,training
Clc1cccc(COc2ccc(Br)cc2OC2CNC2)c1,-0.0,training
Clc1ccc([C@]23CCNCC2(Cn2ccc4ccccc42)C3)cc1Cl,-0.1000257301078625,training
O=S1(=O)N(CCN2CC=C(c3c[nH]c4cc(F)ccc34)CC2)c2cccc3c2N1CCC3,-0.3617278360175928,training
CNCc1cc(C#CCCN2CCOCC2)ccc1Oc1ccc(Cl)c(C(F)(F)F)c1,-1.230448921378274,training
Cc1ccc2c(N3CCN(CCc4cccc5c4OCc4c(C(N)=O)ncn4-5)CC3)cccc2n1,-1.480438147177817,training
O=C(c1ccc2[nH]ccc2c1)C1(Cc2ccccc2)CCCNC1,-1.1000257301078626,training
Fc1ccc(Oc2ccccc2C2CCNCC2)cc1,-2.503790683057181,training
Cc1cc2c(OC[C@@H](O)CN3CC[C@@H](c4ccc5ccsc5c4)C[C@@H]3C)cccc2[nH]1,0.1249387366082999,training
CCN1C(=O)COc2c(CCN3CCN(c4cccc5nc(C)ccc45)CC3)cccc21,-1.299942900022767,training
Cc1ccnn1CC12CNCC[C@]1(c1ccc(Cl)c(Cl)c1)C2,-1.0158687888243898,training
C[C@]12CC[C@@H]3c4ccc(O)cc4CC[C@H]3[C@@H]1CC[C@@H]2O,-3.756940236046724,training
O=C1COc2ccc(CCN3CCN(c4cccc5cccnc45)CC3)cc2N1,-1.0,training
COc1ccc(CCN2CCC(Nc3nc4ccccc4n3Cc3ccc(F)cc3)CC2)cc1,-2.845098040014257,training
CCN(CC)c1ccc2c(-c3ccc(S(=O)(=O)NCCCCCC(=O)NCCOC(=O)[C@@H]4C5CCC(C[C@@H]4c4ccc(Cl)c(Cl)c4)N5C)cc3S(=O)(=O)O)c3ccc(=[N+](CC)CC)cc-3oc2c1,-3.173186268412274,training
Cc1ccc2c(N3CCN(CCc4cccc5c4OCC(=O)N5C)CC3)cccc2n1,-1.0,training
Fc1ccc(C(OCCN2CCN(CCc3ccccc3)CC2)c2ccc(F)cc2)cc1,-1.5563025007672873,training
O=C1NCc2ccc(OCCCCN3CCN(c4cccc5cccc(F)c45)CC3)c(Cl)c21,-2.3283796034387376,training
COC(=O)C1C2CCC(CC1c1cccc(I)c1)N2,-0.0899051114393979,training
c1ccc(Oc2ccccc2N2CCNCC2)cc1,-3.27415784926368,training
CN1Cc2ccccc2C(c2ccc3cn[nH]c3c2)C1,-1.3579348470004535,training
COC(=O)[C@@H]1C2CCC(C[C@@H]1c1ccc(Br)cc1)N2C/C=C/CF,-0.9294189257142929,training
OC1(c2ccccc2)c2ccccc2C2=NCCN21,-3.24551266781415,training
c1ccc2c(c1)CN(CCCCc1nc3ccccc3s1)C2,-2.2695129442179165,training
CN1CC=CCC(c2cc3ccccc3o2)C1,-2.903089986991944,training
COc1c(C2CN(C)Cc3ccccc32)ccc2sccc12,-0.6334684555795865,training
CCOc1ccccc1C[C@H](c1ccccc1)N1CCNCC1,-1.0,training
Fc1ccc(C(N[C@@H]2C[C@@H]3CC[C@H](C2)N3CCCCc2ccccc2)c2ccc(F)cc2)cc1,-2.7007037171450192,training
CC(C)CN(C(=O)c1ccc(F)cc1Cl)[C@H]1CCNC1,-0.8450980400142568,training
O=c1ccc(-n2ccc3ccccc32)nn1CCCCN1CCN(c2ccc3c(c2)OCCO3)CC1,-2.2479732663618064,training
CN(CCc1ccc(OC(F)(F)F)cc1)CCN1CCCCC1,-3.976120618299816,training
COC(=O)C1C(c2ccc(C=C(Br)Br)cc2)CC2CCC1N2C,-0.1303337684950061,training
COC(=O)C1C(c2cccc(-c3ccccc3)c2)CC2CCC1N2C,-1.586587304671755,training
Fc1ccc(C(OCCC2CCN(CC#Cc3ccccc3)CC2)c2ccc(F)cc2)cc1,-2.214843848047698,training
c1ccc(COc2ccccc2C2CCNCC2)cc1,-1.869231719730976,training
Cc1ccc2c(N3CCN(CCc4cccc5c4OCc4c(C(=O)N6CCCCC6)ncn4-5)CC3)cccc2n1,-1.0,training
O=C(CCc1ccccc1)NCCNCCOC(c1ccc(F)cc1)c1ccc(F)cc1,-2.718501688867274,training
CNCc1cc(C(=O)N2CCCN(C3CC3)CC2)ccc1Oc1ccc(SC)c(C)c1,-1.0791812460476249,training
NC(=O)c1cc2cc(N3CCNCC3Cc3ccccc3)ccc2[nH]1,-0.899984562549391,training
CC1(c2ccc3[nH]ccc3c2)CCNC1,-2.9400181550076634,training
COCC(=O)Oc1ccc2c(c1)OC[C@@H]1C2=NO[C@H]1CN1CCN(C/C(C)=C/c2ccccc2)CC1,-0.7558748556724915,training
CN(C)Cc1ccccc1Sc1ccc(CCCO)cc1N,-1.965013450272248,training
Fc1ccccc1C(Cc1ccccc1OC(F)F)N1CCNCC1,-1.230448921378274,training
COC(=O)[C@@H]1C2CCC(C[C@@H]1c1ccc([S+](C)O)c(Br)c1)N2C,-0.505149978319906,training
CNCc1cc(C(=O)N2CCCN(C(C)C)CC2)ccc1Oc1ccc(Cl)cc1,-0.8061799739838872,training
Cc1ccc2c(N3CCN(CCc4cccc5c4OCC(=O)N5C)CC3)cc(F)cc2n1,-0.899984562549391,training
CC(C)CC(=O)N(Cc1ccccc1-c1ccccc1)[C@H]1CCNC1,-2.6180480967120925,training
COc1c(F)cccc1CC(c1ccccc1)N1CCNCC1,-0.3010299956639812,training
Cc1cc(N2CCN(CCc3ccc4c(c3)NC(=O)CO4)CC2)c2ccc(C)nc2c1,-1.2000292665537704,training
Cc1ccccc1C(OCCN(C)C)c1ccccc1,-2.385606273598312,training
CCCN1CCC(c2c[nH]c3cc(F)ccc23)CC1,-1.6532125137753435,training
O=C1c2cc(CCN3CCC(Cc4ccc(Br)c(O)c4)CC3)ccc2OCC1O,-1.041392685158225,training
c1ccc2nc(N3CCNCC3)ccc2c1,-1.4771212547196624,training
CCN(CC)CCCOc1cc2c(cn1)C(c1ccc(Cl)c(Cl)c1)CN(C)C2,-1.4471580313422192,training
Fc1cccc(C2CCNCC2)c1OCc1ccccc1,-3.4727564493172123,training
Cc1cccc2c1C(c1ccc3ccccc3c1)CN(C)C2,-0.5314789170422551,training
Clc1ccccc1C(c1ccccc1)(c1ccccc1)n1ccnc1,-3.48572142648158,training
CN1C2CCC1CC(OC(c1ccc(F)cc1)c1ccc(F)cc1)C2,-3.513217600067939,training
C1=C(c2c[nH]c3ncccc23)CCN(CCOc2cccc3c2OCCO3)C1,-2.4409090820652177,training
COc1cc2c(cc1OC)C1=NO[C@@H](CN3CCN(C/C=C/c4ccc(Cl)cc4)CC3)[C@@H]1CO2,-0.1139433523068367,training
CS(=O)(=O)Nc1cccc(OCCN2CCC(Cc3ccc4c(c3)NC(=O)CC4)CC2)c1,-1.2787536009528289,training
C=CCN(CC=C)CCc1c[nH]c2ccc(Cl)cc12,-1.610021024664145,training
Cc1ccc2c(N3CCN(CCc4c(C)ccc5c4CCC(=O)N5)CC3)cccc2n1,-1.7000110623221123,training
CC(C)CN(C(=O)c1ccccc1-c1ccccc1)[C@H]1CCNC1,-2.815577748324267,training
C1=C(c2c[nH]c3ncccc23)CCN(CCOc2cccc3ncccc23)C1,-2.5877109650189114,training
Cc1ccc2c(N3CCN(CCc4ccc5c(c4)NC(=O)CO5)CC3C)cccc2n1,-1.0,training
Clc1ccc(C2CCNCC23COC3)cc1Cl,-1.8000293592441343,training
O=C(CCN1[C@H]2CC[C@@H]1C[C@H](NC(c1ccc(F)cc1)c1ccc(F)cc1)C2)Nc1ccccc1,-2.783903579272735,training
CN(C)CCCN1c2ccccc2CCc2ccc(Cl)cc21,0.7864822430036951,training
OC1(c2ccc(Cl)cc2)c2ccccc2C2=NCCN21,-1.6842467475153124,training
COCCOc1cc(CC2CCN(CCc3ccc4occc(=O)c4c3)CC2)ccc1Br,0.5686362358410126,training
CCN(CC)c1ccc2c(-c3ccc(S(=O)(=O)NC[C@H]4CC[C@H](C(=O)NCCN5C6CCC5[C@@H](C(=O)OC)[C@@H](c5ccc(Cl)c(Cl)c5)C6)CC4)cc3S(=O)(=O)O)c3ccc(=[N+](CC)CC)cc-3oc2c1,-2.848189116991399,training
COCCOc1cc(CC2CCN(CCc3ccc4c(c3)C(=O)C(O)CO4)CC2)ccc1Br,-0.4313637641589873,training
NCC1CCC(c2ccc(Cl)cc2)O1,-3.0433622780211294,training
CCC(CC)N(C(=O)c1cccc(Cl)c1Cl)[C@H]1CCNC1,-1.3010299956639813,training
O=C(CCCN1CCC(c2ccccc2)CC1)c1nc2ccccc2s1,-2.848804701051804,training
CNC(C)Cc1ccc2c(c1)OCO2,-0.1398790864012364,training
CNCc1cc(C(=O)N2CCN(C3CCC3)CC2)ccc1Oc1ccc(Cl)c(Cl)c1,-1.2041199826559248,training
Clc1ccc(COC(Cn2ccnc2)c2ccc(Cl)cc2Cl)cc1,-2.3521825181113627,training
[3H]c1cc2c(cc1OC[C@@H]1CNCC[C@H]1c1ccc(F)cc1)OCO2,1.0969100130080565,training
CCOc1ccccc1N1CCN(CCCCn2nc(-n3ccc4ccccc43)ccc2=O)CC1,-2.8055008581584,training
COc1cc2c(cc1OC)C1=NO[C@@H](CN3CCN(C/C=C(\C)c4cccs4)CC3)[C@@H]1CO2,-1.869231719730976,training
Fc1ccc(CCN2CCCC(CNCCOC(c3ccccc3)c3ccccc3)C2)cc1,-2.544068044350276,training
COC(=O)[C@@H]1C2CCC(C[C@H]1c1ccc(F)cc1)N2C,-2.6627578316815743,training
FC(F)(F)c1ccn(C[C@@]23CNCC[C@]2(c2ccc(Cl)c(Cl)c2)C3)n1,-0.2999429000227671,training
Cc1cnc([C@@]23CNCC[C@]2(c2ccc(Cl)c(Cl)c2)C3)o1,-0.8000293592441343,training
CCOc1ccc(Br)c(CC2CCN(CCc3cc4c(cc3Cl)OCCO4)CC2)c1,-1.271841606536499,training
CNCc1cc(C(=O)N2CCCN(C3CC3)CC2)ccc1Oc1ccccc1F,-2.749736315569061,training
CS(=O)(=O)Nc1cc(OCCN2CCC(Cc3ccc4c(c3)NC(=O)CC4)CC2)ccc1F,-1.3010299956639813,training
OC1(c2ccc3ccccc3c2)c2ccccc2C2=NCCN21,-0.3617278360175928,training
O=S(=O)(NCCCCN1CC=C(c2c[nH]c3ccc(F)cc23)CC1)c1ccc2ccccc2c1,-0.6334684555795865,training
CCN(CCc1ccc(OC(F)(F)F)cc1)CCN1CCCCC1,-3.518908573691414,training
CC(O)(CCN1CCN(CCOC(c2ccc(F)cc2)c2ccc(F)cc2)CC1)c1ccccc1,-2.1760912590556813,training
Fc1cccc(Oc2ccccc2C2CCNCC2)c1,-2.954724790979063,training
CNCc1cc(C#CCCNC2CC2)ccc1Oc1ccc(Cl)c(Cl)c1,-0.146128035678238,training
CN1Cc2cc(CN3CCOCC3)ccc2C(c2cc3ccccc3s2)C1,-0.5185139398778874,training
COC(=O)[C@@H]1C2CCC(C[C@@H]1c1ccc(F)cc1)N2C/C=C/CF,-2.5531545481696254,training
CN1C2CCC1[C@@H](C(=O)Nc1ccnc(Br)c1)[C@@H](c1ccc(Cl)cc1)C2,-4.012752887491216,training
C[n+]1ccc(-c2ccccc2)cc1,-4.681241237375588,training
CNCC[C@H](Oc1cccc2c(OC)c(O)ccc12)c1cccs1,-3.5634810853944106,training
COc1ccccc1CC(c1ccc(F)cc1)N1CCNCC1,-0.9030899869919436,training
c1ccc(CC2(c3ccc4[nH]ccc4c3)CCNC2)cc1,-0.9378520932511556,training
COc1cccc(C2CN(C)Cc3cc(OCCCN4CCC(F)CC4)ccc32)c1,-0.6334684555795865,training
Cc1cc(Oc2ccccc2Oc2ccccc2)c(CN(C)C)cn1,-3.608526033577194,training
COC(=O)/C=C1/CN2C3CCC2C1C(c1ccc(Br)cc1)C3,-0.7505083948513462,training
CN(C)Cc1ccccc1Sc1ccc(CCF)cc1N,-0.7130703258556393,training
Cc1cc2c(OC[C@@H](O)CN3CC[C@@H](c4ccc5scc(C)c5c4)C[C@@H]3C)cccc2[nH]1,0.2676062401770315,training
NCC(N)CCc1c[nH]c2ccc(F)cc12,-1.0791812460476249,training
CCC(=O)N1CC[C@@H](Cc2ccc(F)cc2)C[C@@H]1CCCNC(=O)Nc1cc(C(C)=O)cc(C(C)=O)c1,-2.3502480183341627,training
C[C@H]1C[C@H](c2cc3cc(Cl)ccc3s2)CCN1C[C@H](O)COc1cccc2[nH]ccc12,0.2365720064370627,training
CCOC[C@H]1[C@@H]2CNC[C@@]21C,-1.4000196350651586,training
Cc1ccc(F)c(Oc2ccccc2C2CCNCC2)c1,-1.414973347970818,training
c1cc([C@@H]2CN3CCC[C@@H]3c3cc(OCCCN4CCCCC4)ccc32)cs1,-0.1139433523068367,training
Cc1ccc2c(N3CCN(CCc4cccc5c4OCc4c(C(=O)N6CCOCC6)ncn4-5)CC3)cccc2n1,-1.7000110623221123,training
CCNC(=O)N1C[C@@H]2C(=NO[C@H]2CN2CCN(C/C=C/c3ccccc3)CC2)c2ccccc21,-1.3617278360175928,training
NS(=O)(=O)c1cccc(CN(c2ccc3[nH]ccc3c2)C2CCNCC2)c1,-0.8000293592441343,training
COc1cc2c(cc1OC)C1=NO[C@@H](CN3CCN(C/C(C)=C/c4ccccc4)CC3)[C@@H]1CN2,-0.9493900066449128,training
Cc1cc(C2CC=CCN(C)C2)ccc1Cl,-2.431363764158988,training
COc1cc(N)c(Cl)cc1C(=O)NC1CCN(CCCOc2ccc(F)cc2)CC1OC,-2.3096301674258988,training
Cc1cc2c(OC[C@@H](O)CN3CC[C@@H](c4ccc5ccoc5c4)C[C@@H]3C)cccc2[nH]1,-0.5763413502057928,training
Cc1cc([C@@]23CNCC[C@]2(c2ccc(Cl)c(Cl)c2)C3)no1,-0.899984562549391,training
O=C(NCc1ccco1)C1=C(c2ccc(Cl)c(Cl)c2)CCC1,-4.380211241711606,training
CN(C)Cc1ccc2c(c1)CN(C)CC2c1ccc2sccc2c1,-0.5314789170422551,training
O=C(Cc1ccccc1)CN1CCN(CCOC(c2ccccc2)c2ccccc2)CC1,-3.397940008672037,training
CN1C2CCC1[C@@H](C(=O)N[C@H]1CC[C@H](NC(=O)[C@H]3C4CCC(C[C@@H]3c3ccc(-c5ccsc5)cc3)N4C)CC1)[C@@H](c1ccc(-c3ccsc3)cc1)C2,-2.908485018878649,training
CCCC1(C(=O)c2ccc3[nH]ncc3c2)CCCN1,-1.2000292665537704,training
COc1cc2c(cc1OC)C1=NO[C@@H](CN3CCN(Cc4ccc5ccccc5c4)CC3)[C@@H]1CO2,-0.2304489213782739,training
Fc1ccc(COc2ccc(Cl)cc2C2CCNCC2)cc1,-1.6020599913279625,training
Clc1ccc(Oc2ncccc2C2CCNCC2)c(Cl)c1,-0.4313637641589873,training
O=C1COc2ccc(CCN3CCN(c4nccc5ccccc45)CC3)cc2N1,0.100015437450609,training
CN(C)Cc1ccccc1Sc1ccc(CF)cc1N,-0.0170333392987803,training
O=C(c1ccccc1C1CCCC1)N(CC1CCC1)[C@H]1CCNC1,-2.9041743682841634,training
CC(C)(C)CCC1(C(=O)c2ccc(N)c(Cl)c2)CCNC1,-0.0,training
COc1cccc2c1CN(C)CC2c1ccccc1,-3.625723909525756,training
C/C(=C\c1ccccc1)CN1CCN(C[C@@H]2ON=C3c4ccc(OC(=O)C5CC5)cc4OC[C@H]32)CC1,-1.414973347970818,training
CN1Cc2ccccc2C(c2cccs2)C1,-3.3891660843645326,training
CN1C2CCC1[C@@H](C(=O)NCCCCCCNC(=O)[C@H]1C3CCC(C[C@@H]1c1ccc(-c4ccsc4)cc1)N3C)[C@@H](c1ccc(-c3ccsc3)cc1)C2,-3.322219294733919,training
COc1ccc(C2CN(C)Cc3cc(OCCCN4CCN(c5ccccc5O)CC4)ccc32)cc1,-0.8573324964312685,training
CCCC(C(=O)c1ccc(-c2cccs2)cc1)N1CCCC1,-3.521138083704036,training
CCCCSCCCCNC(CC(C)C)C1(c2ccc(Cl)c(Cl)c2)CCC1,-1.8151126581898125,training
Cc1ccc(C2CN(C)Cc3cc(OCCCN4CCC(F)CC4)ccc32)cc1,-1.1139433523068367,training
COc1cccc2c1O[C@@H](CN1C3C=C(c4cccc5cccnc45)CC1CC3)CO2,-1.5185139398778875,training
CN(C)CCN(Cc1cccs1)c1ccccn1,-2.0253058652647704,training
Fc1ccc(C(OCCC2CCN(Cc3cc4ccccc4o3)CC2)c2ccc(F)cc2)cc1,-1.9294189257142929,training
Fc1ccc(Oc2ccccc2N2CCNCC2)cc1,-2.997386384397313,training
O=S(=O)(NCCCCN1CC=C(c2c[nH]c3ccc(Cl)cc23)CC1)c1cccc2ccccc12,-0.7075701760979364,training
O=S(=O)(N(Cc1ccccc1-c1ccccc1)[C@H]1CCNC1)C(F)(F)F,-3.722633922533812,training
CNCc1cnc(C)cc1Oc1ccccc1C,-2.133538908370217,training
COc1ccc(C2CN(C)Cc3cc(OCCCN4CCN(C(=O)c5cccn5C)CC4)ccc32)cc1,-0.9444826721501688,training
Cc1ccc(C2CN(C)Cc3ccccc32)cc1F,-2.008600171761917,training
CCN(CC)CCCOc1cc2c(cn1)C(c1ccccc1)CN(C)C2,-3.3010299956639813,training
Clc1cc(N2CCNCC2Cc2ccccc2)cc2cc[nH]c12,-0.4999618655961902,training
CCCS(=O)(=O)N(Cc1ccccc1-c1ccccc1)[C@H]1CCNC1,-3.754348335711019,training
COc1ccc2[nH]cc(C3CC(=O)N(CCCCN4CCC(c5c[nH]c6ccc(F)cc56)CC4)C3=O)c2c1,-1.2430380486862944,training
COc1ccc(Br)c(CC2CCN(CCc3cc(OC)c(OC)cc3Cl)CC2)c1,-1.4471580313422192,training
CNC[C@H]1C2CCC(C2)[C@@H]1c1ccc2cc(F)ccc2c1,-0.6434526764861874,training
c1ccc(C(Cc2ccccc2OC2CC2)N2CCNCC2)cc1,-1.2787536009528289,training
CN1Cc2cc(-c3cccnn3)ccc2C(c2cc3ccccc3o2)C1,-0.6127838567197355,training
CN1C2CCC1[C@@H](C(=O)NCCCCCCCCNC(=O)[C@H]1C3CCC(C[C@@H]1c1ccc(-c4ccsc4)cc1)N3C)[C@@H](c1ccc(-c3ccsc3)cc1)C2,-2.672097857935717,training
CC(N)Cc1ccc2c(c1)OCO2,-3.36285930295868,training
OC1(c2ccc(Cl)cc2)CC2CCC(C1)N2CCCOc1ccc(F)cc1,-2.406540180433955,training
CCCN1CC[C@@H](Cc2ccc(F)cc2)C[C@@H]1CCCNC(=O)Nc1cccc(C(C)=O)c1,-2.4712917110589387,training
CN(C)CCC(Oc1ccc(C(F)(F)F)cc1)c1ccc(OCCCN2CCCCC2)cc1,-1.146128035678238,training
CCCN1CCC(c2ccc3ccccc3c2)CC1,-2.103803720955957,training
COc1cccc2ccc([C@@H]3CCN(C[C@H](O)COc4cccc5[nH]c(C)cc45)[C@@H](C)C3)cc12,0.4685210829577448,training
COC(=O)[C@@H]1C2CCC(C[C@@H]1c1cccc(/C=C/I)c1)N2,0.6989700043360187,training
c1cn(-c2ccc([C@@H]3CN4CCC[C@@H]4c4cc(OCCCN5CCOCC5)ccc43)cc2)cn1,-1.2227164711475833,training
CNCc1cc(C#CCCN2CCOCC2)ccc1Oc1ccc(C(F)(F)F)cc1,-0.4313637641589873,training
COc1cc2c(cc1OC)C1=NO[C@@H](CN3CCN(C/C=C/c4ccccc4)CC3)[C@@H]1CN2,-0.9867717342662448,training
CN1C2CCC1[C@@H](CNc1ccc(Br)nc1)[C@@H](c1ccc(Cl)cc1)C2,-1.021189299069938,training
COc1ccc(C2CN(C)Cc3cc(OCCCN(C4CC4)C4CC4)ccc32)cc1,-0.9867717342662448,training
COC(=O)C1C(c2ccc(/C=C\I)cc2)CC2CCC1N2C,0.958607314841775,training
NCCSCCCc1c[nH]c2ccc(F)cc12,0.0457574905606751,training
C[C@H]1CN(c2ccc3cc(F)ccc3c2)CCN1CC[C@@H]1OCCc2cc(C(N)=O)ccc21,-0.3222192947339193,training
CNCc1cc(C(=O)N2CCCN(C3CC3)CC2)ccc1Oc1ccc(Cl)cc1,-1.0,training
C#C[C@]1(O)CC[C@H]2[C@@H]3CCC4=Cc5oncc5C[C@]4(C)[C@H]3CC[C@@]21C,-3.913442954859396,training
CCOC(=O)C1=C(c2cccc([N+](=O)[O-])c2)CCNC1,-3.4771212547196626,training
CN(CCc1ccc(F)cc1)CC1CCCN(CCOC(c2ccccc2)c2ccccc2)C1,-2.724275869600789,training
CCOC(=O)NCCNC(CC(C)C)C1(c2ccc(OCC)cc2)CCC1,-0.3010299956639812,training
COc1cc2c(cc1OC)C1=NO[C@@H](CN3CCN(CCOc4ccc(F)cc4)CC3)[C@@H]1CN2,-2.187520720836463,training
C=C1CN2C3CCC2C1C(c1ccc(I)cc1)C3,1.0457574905606752,training
CN(C)C[C@H](c1ccc2ccccc2c1)[C@H](O)C1CCCCC1,-0.7781512503836436,training
CS(=O)(=O)N(Cc1ccccc1C(F)(F)F)[C@H]1CCNC1,-3.460897842756548,training
CC(C)(C)CCC1(C(=O)c2ccc3ccccc3n2)CCNC1,-0.2999429000227671,training
CC(C)(C)OC(=O)NCCCCCCn1cc(CCCCN2CCC(c3ccc(-c4cc(C(=O)O)cc5cc(-c6ccc(C(F)(F)F)cc6)ccc45)cc3)CC2)nn1,-3.318063334962761,training
CCC(C(=O)c1ccc(Cl)c(Cl)c1)N1CCCC1,-2.908485018878649,training
CC[C@]1(O)CC[C@H]2[C@@H]3CCC4=CCCC[C@@H]4[C@H]3CC[C@@]21C,-1.6334684555795866,training
CC(C)CC(N(C)C)C1(c2ccc(Cl)cc2)CCC1,-3.044539760392411,training
COC(=O)C1C(c2cccc(-c3ccco3)c2)CC2CCC1N2C,-1.741151598851785,training
CC(=O)c1cccc(NC(=O)NCCC[C@H]2C[C@H](Cc3ccc(F)cc3)CCN2CCO)c1,-1.6989700043360187,training
CNCc1cc(C#CCCN2CCN(C(C)C)C(=O)C2)ccc1Oc1ccc(SC)cc1,-0.0791812460476248,training
O=C(Cc1ccccc1)NCCNCCOC(c1ccc(F)cc1)c1ccc(F)cc1,-2.745074791582057,training
CNc1ccc(N2CCNCC2Cc2ccccc2)cc1,-1.899984562549391,training
O=C1NCc2cc(F)c(OCCCN3CCN(c4cccc5cc(F)ccc45)CC3)cc21,-1.1961761850399737,training
O=C(Cc1ccccc1)NCCCNCCOC(c1ccc(F)cc1)c1ccc(F)cc1,-3.060697840353612,training
OC1(c2ccc(Cl)c(C(F)(F)F)c2)CCN(CCCCC(c2ccc(F)cc2)c2ccc(F)cc2)CC1,-2.631443769013172,training
Cc1ccc(Oc2ccc(OCCCCF)cc2CN(C)C)c(N)c1,-1.0791812460476249,training
CCOCCNC(CC(C)C)C1(c2ccc(Cl)c(Cl)c2)CCC1,-0.146128035678238,training
c1ccc(OCc2ccccc2N2CCNCC2)cc1,-2.8920946026904804,training
COc1cc2c(cc1OC)CN(CCCCn1cc(-c3ccc(F)cc3)c3ccccc31)CC2,-2.469822015978163,training
CN(C)CCC=C1c2ccccc2COc2ccccc21,-1.3424226808222062,training
COc1ccccc1Oc1cc(C)ncc1CN(C)C,-3.1522883443830567,training
COc1ccc(C2CN(C)Cc3cc(OCCCN4CCC(F)(F)C4)ccc32)cc1,-0.8633228601204559,training
CN(C)Cc1ccccc1Sc1ccccc1N,-0.2013971243204515,training
COc1ccc(F)cc1CCC1CCC(CCNCCCCCN2N=C(c3ccc(OC)c(OC)c3)[C@H]3CC=CC[C@H]3C2=O)O1,-2.1931245983544616,training
CN1C2CCC1C1COC(=O)CCCCCCCCC(=O)Nc3ccc(cc3)C1C2,-0.2787536009528289,training
CN(C)CCC(Oc1ccc(C(F)(F)F)cc1)c1ccccc1,-0.919078092376074,training
CNCc1cc(C(=O)N2CCCN(C3CC3)CC2)ccc1Oc1ccc(Cl)cc1F,-1.6127838567197357,training
Cc1[nH]c2ccc(Cl)cc2c1C1=CCN(CCCNS(=O)(=O)c2ccc3ccccc3c2)CC1,-1.2041199826559248,training
COc1ccc2[nH]cc(C3CCN(CCCN4C(=O)CC(c5c[nH]c6ccc(F)cc56)C4=O)CC3)c2c1,-2.1931245983544616,training
COc1cc2nc(N3CCN(C(=O)C4COc5ccccc5O4)CC3)nc(N)c2cc1OC,-3.154728207440156,training
O=C(c1cccc(Cl)c1Cl)N(c1ccccc1)[C@H]1CCNC1,-0.4771212547196624,training
CN1CCCCC(c2ccc(Cl)c(Cl)c2)C1,-2.4149733479708178,training
COc1ccc2[nH]cc(C3CC(=O)N(CCCCN4CCC(c5c[nH]c6ccccc56)CC4)C3=O)c2c1,-2.848189116991399,training
CNCc1cc(C(=O)N2CCN(C(C)C)CC2)ccc1Oc1cccc(OC)c1,-1.4471580313422192,training
CN(C)CCC(Oc1ccccc1)c1ccc(OCCCN2CCCCC2)cc1,-1.4124605474299614,training
C=CCC(OC)[C@]12CNCC[C@]1(c1ccc(Cl)c(Cl)c1)C2,0.1596115803978935,training
C=CCN(CC=C)CCc1c[nH]c2ccc(C)cc12,-2.560002326773367,training
COc1ccc(Br)c(CC2CCN(CCc3ccccc3)CC2)c1,-1.8221680793680173,training
Clc1ccc([C@]2(CCOC3CCC3)[C@H]3CNC[C@H]32)cc1Cl,0.700057099977233,training
Cc1c(OCCCCN2CCN(c3cccc4cc(F)ccc34)CC2)ccc2c1C(=O)NC2,-1.6720978579357175,training
CN(C)CCC(Oc1ccc(C#N)cc1)c1ccc(OCCCN2CCCCC2)cc1,-2.201397124320452,training
CN1Cc2ccccc2C(c2cccc3sccc23)C1,-1.6053050461411094,training
Cc1ccc([C@H]2C[C@@H]3CC[C@H]([C@H]2c2ncc(-c4cccc([N+](=O)[O-])c4)s2)N3C)cc1,-2.7634279935629373,training
CCCCCCCCCc1ccc(O)cc1,-3.254064452914338,training
COc1ccc(C2CN(C)Cc3cc(OCCCN4CC(F)(F)C4)ccc32)cc1,-0.4623979978989561,training
C=CCN1CC[C@@H](Cc2ccc(F)cc2)C[C@@H]1CCCNC(=O)Nc1cccc(C(C)=O)c1,-2.3364597338485296,training
CN(C)Cc1cc(F)ccc1Sc1ccc(CO)cc1N,-0.1003705451175629,training
COc1cc2c(cc1OC)C1=NO[C@@H](CN3CCN(C/C=C(\C)c4ccc(O)cc4)CC3)[C@@H]1CO2,-0.8808135922807914,training
CCCCCCCCc1ccc(O)cc1,-3.5686709780098966,training
C/C(=C\c1ccccc1)CN1CCN(C[C@@H]2ON=C3c4ccc(OC(=O)C(C)(C)C)cc4OC[C@H]32)CC1,-1.0791812460476249,training
CC(=O)c1cccc(NC(=O)NCCC[C@H]2C[C@H](Cc3ccccc3)CCN2)c1,-1.6232492903979006,training
COCCC1CNCCN1c1ccc2[nH]ncc2c1,-0.2999429000227671,training
CCOC(=O)N(Cc1ccccc1Oc1ccccc1)[C@H]1CCNC1,-2.64738297011462,training
Cc1cc2c(N3CCN(CCc4ccc5c(c4)NC(=O)CO5)CC3)cccc2[nH]1,-0.8000293592441343,training
O=c1[nH]c2cccc(N3C[C@H]4C[C@@H]3CN4CC3CCc4[nH]c5ccc(F)cc5c4C3)c2o1,-0.9030899869919436,training
CCCN1CCC(n2cnc3ccccc32)CC1,-2.0863598306747484,training
Cc1ccc2c(N3CCN(CCc4cccc5[nH]c(=O)ccc45)CC3)cccc2n1,-2.300008202553813,training
COc1cccc2sc(C3CCN(C[C@H](O)COc4cccc5[nH]c(C)cc45)CC3)cc12,-1.7089305358066162,training
O=C(OCCCF)C1C2CCC(CC1c1cccc(/C=C\Br)c1)N2,0.4814860601221125,training
CCCN1CCC(c2n[nH]c3ccccc23)CC1,-3.751125071535584,training
Cn1ccc2cc(N(Cc3ccccc3)C3CCNCC3)ccc21,-0.599992177584098,training
Cc1ccc2c(N3CCN(CCCc4cccc5c4OCC(=O)N5C)[C@H](C)C3)cc(F)cc2n1,0.100015437450609,valid
O=C1c2ccccc2C(=O)N1CCCCN1CC=C(c2c[nH]c3ccc(F)cc23)CC1,0.100015437450609,valid
c1ccc(CC2(c3ccc4cc[nH]c4c3)CCNC2)cc1,-1.021189299069938,valid
CCCC1(C(=O)c2ccc3[nH]ccc3c2)CCCN1,-0.2999429000227671,valid
CC(C)CN(CCCc1c[nH]c2ccc(F)cc12)C1COc2ccc3c(c2C1)C(=O)NCC3,-2.2648178230095364,valid
Fc1cc2c(c(OCCNCCCc3c[nH]c4ccc(F)cc34)c1)OCCC2,0.3010299956639812,valid
CCCC(C(=O)c1ccc(Cl)c(Cl)c1)N1CCCC1,-2.298853076409707,valid
CC(CCc1ccc(O)cc1)NCCc1ccc(O)c(O)c1,-3.002597980719909,valid
CC(C)(C)c1ccn(C[C@@]23CNCC[C@]2(c2ccc(Cl)c(Cl)c2)C3)n1,0.5999803649348415,valid
CS(=O)(=O)Nc1cc(OCCN2CC3CCC(C2)C3Cc2ccc3c(c2)NC(=O)CC3)ccc1F,-0.6989700043360189,valid
COc1ccc(C2CN(C)Cc3cc(OCCCN4CCN(c5nccs5)CC4)ccc32)cc1,-0.724275869600789,valid
CN(C)Cc1ccccc1Sc1ccc(I)cc1N,0.5594844788877718,valid
O=C1Cc2c(cccc2N2CCN(CC3CCc4[nH]c5ccc(F)cc5c4C3)CC2)N1,-3.0569048513364727,valid
COc1ccc2c(c1)CN(C)CC2c1ccccc1,-3.161368002234975,valid
CCN(CCc1c[nH]c2ccc(F)cc12)S(C)(=O)=O,-2.2405492482825995,valid
CN1Cc2cc(OCCCN3CCC(F)CC3)ccc2C(c2cccc(Cl)c2)C1,-1.380211241711606,valid
Cc1ccc2c(c1)C(c1ccccc1)CN(C)C2,-3.45484486000851,valid
Fc1ccc(C(OCCC2CCN(C/C=C/c3cccs3)CC2)c2ccc(F)cc2)cc1,-1.6532125137753435,valid
O=C(OCc1ccco1)C1=C(c2ccc(Cl)c(Cl)c2)CCC1,-4.380211241711606,valid
Cc1ccc(C2CN(C)Cc3c(C)cccc32)cc1,-2.9148718175400505,valid
Fc1ccc(Cl)c(Oc2ncccc2C2CCNCC2)c1,-2.399673721481038,valid
O=C(CCc1ccc(Br)cc1)N/C=C/NCCOC(c1ccc(F)cc1)c1ccc(F)cc1,-2.770852011642144,valid
CNCCC(Oc1cccc2ccccc12)c1ccc(C(F)(F)F)cc1,-1.1613680022349748,valid
COc1cc2c(cc1OC)C1=NO[C@@H](CN3CCN(C/C(C)=C/c4ccco4)CC3)[C@@H]1CO2,-1.3222192947339193,valid
CC(=O)Oc1ccc2c(c1)OC[C@@H]1C2=NO[C@H]1CN1CCN(C/C(C)=C/c2ccccc2)CC1,-0.8864907251724818,valid
CC(=O)c1cc(NC(=O)NCCC[C@H]2C[C@H](Cc3ccc(F)cc3)CCN2CCO)cc(C(C)=O)c1,-1.6020599913279625,valid
c1cc2c(cc1CN[C@H]1C3C4CC5C6C4CC3C6C51)OCO2,-3.299507298700488,valid
c1ccc2c(c1)CCN(CCCCc1nc3ccccc3s1)C2,-3.1222158782728267,valid
COCCOc1cc(Br)cc(CC2CCN(CCc3ccc4c(c3)OCCO4)CC2)c1,-1.2671717284030135,valid
Clc1cc(Cl)c(OCC#CI)cc1Cl,-2.6344772701607315,valid
COc1ccc(C2CN(C)Cc3cc(OCCCN4CCCCC4)ccc32)cc1,-0.7075701760979364,valid
COCCOc1cc(CC2CCN(CCc3ccc4c(c3)OCCC4)CC2)ccc1Br,-0.7323937598229685,valid
COC(=O)C1C(c2ccc(OC)c(OC)c2)CC2CCC1N2C,-1.662757831681574,valid
O=C(OCCF)[C@H]1[C@@H](c2ccc(I)cc2)C[C@@H]2CC[C@H]1N2C/C=C/I,-0.380211241711606,valid
Fc1ccc(CN(c2ccc3[nH]ccc3c2)C2CCNCC2)cc1,-0.2999429000227671,valid
COCCOc1cc(CC2CCN(CCc3ccc4c(c3)C(=O)CCO4)CC2)ccc1F,-2.0453229787866576,valid
CCOCCOCCOc1ccc2c(c1)OC[C@@H]1C2=NO[C@H]1CN1CCN(C/C(C)=C/c2ccccc2)CC1,-1.230448921378274,valid
CCC(=O)OCCNC(CC(C)C)C1(c2ccc(Cl)c(Cl)c2)CCC1,-1.0253058652647702,valid
O=C(c1cccc(Cl)c1Cl)N(C1=CCOC=C1)[C@H]1CCNC1,-0.7781512503836436,valid
FC(F)(F)COC[C@@]1(c2ccc(Cl)c(Cl)c2)[C@H]2CNC[C@H]21,-0.0,valid
COc1nc(NCCCN2CCOCC2)nc(OC)c1NC(=O)c1ccc(Oc2cc3c(cc2C)CCC3(C)C)o1,-3.155336037465062,valid
CNCCC(Oc1cccc2ccccc12)c1cccc(Br)c1,-0.8808135922807914,valid
O=c1ccc(-n2ccc3ccccc32)nn1CCCCN1CCN(c2cccc(C(F)(F)F)c2)CC1,-2.037426497940624,valid
NC(=O)c1cc2cc(C3(Cc4ccccc4)CCNC3)ccc2[nH]1,-0.3010299956639812,valid
O=C1NCc2ccc3c(c21)CC(NCCCc1c[nH]c2ccc(F)cc12)CO3,-0.9030899869919436,valid
O=C1NCc2cc(Cl)c(OCCCCN3CCN(c4cccc5ccccc45)CC3)cc21,-1.9836262871245345,valid
COC[C@@]12CNCC[C@]1(c1ccc3ccccc3c1)C2,0.3181258778713531,valid
O=C1CCc2ccc(CC3C4CCC3CN(C[C@@H]3COc5c(ccc6c5CC(=O)N6)O3)C4)cc2N1,-0.1760912590556812,valid
COc1ccc(CCN(CCCc2ccccc2)CCc2ccc3c(c2)OCO3)cc1OC,-3.000434077479319,valid
Fc1ccc(Oc2cc(F)c(F)cc2C2CCNCC2)cc1,-2.4149733479708178,valid
CNCc1cc(C(=O)N2CCN(C(C)C)CC2)ccc1Oc1ccc(Cl)c(Cl)c1,-0.7993405494535817,valid
CCc1cc(Cl)ccc1Oc1cc(C)ncc1CN(C)C,-1.1139433523068367,valid
O=c1ccoc2ccc(CCN3CCC(Cc4ccc(Br)c(O)c4)CC3)cc12,-0.2304489213782739,valid
Cc1cc(C2CN(C)Cc3ccccc32)ccc1F,-2.071882007306125,valid
O=S(=O)(NCCCN1CC=C(c2c[nH]c3ccc(Cl)cc23)CC1)c1cccc(O)c1,-0.5440680443502757,valid
CN1[C@H]2CC[C@@H]1[C@@H](c1ncc(-c3ccccc3)s1)[C@@H](c1ccc(Cl)cc1)C2,-3.4265112613645754,valid
COc1ccc(CCN(C)CCCC(C#N)(c2ccc(OC)c(OC)c2)C(C)C)cc1OC,-2.103803720955957,valid
Cc1cccc(S(=O)(=O)NCCCN2CC=C(c3c(C)[nH]c4ccc(Cl)cc34)CC2)c1,-1.6020599913279625,valid
C=CCN1C2CCC1[C@@H](C(=O)OC)[C@@H](c1ccc(SC)cc1)C2,-0.7403626894942439,valid
O=C(c1ccccc1)N(c1ccc2[nH]ccc2c1)C1CCNCC1,-1.4000196350651586,valid
O=C(c1ccc2[nH]ccc2c1)C1(Cc2ccccc2)CNC1,-2.900000965153469,valid
COc1cccc2c1O[C@@H](CN1C3C=C(n4ccc5cc(F)ccc54)CC1CC3)CO2,-0.9294189257142929,valid
CN(CCCc1c[nH]c2ccc(F)cc12)C1COc2ccc3c(c2C1)C(=O)NCC3,-1.230448921378274,valid
CC(C)CN(C(=O)c1ccc(Cl)cc1Cl)[C@H]1CCNC1,-0.4771212547196624,valid
C[C@H](N)Cc1ccccc1,-3.758003009299799,valid
CCOC[C@H]1[C@@H]2CN(C)C[C@]12c1ccc(Cl)c(Cl)c1,-0.1000257301078625,valid
O=c1[nH]c2cccc(OCC3CCN(CCC4CCc5[nH]c6ccc(F)cc6c5C4)CC3)c2o1,-1.0,valid
COC(=O)[C@@H]1C2CCC(C[C@@H]1c1ccc(I)cc1)N2C/C=C/CF,-0.3424226808222063,valid
O=C1NCCc2cc(F)c3c(c21)CC(N(CCCc1c[nH]c2ccc(F)cc12)CC1CC1)CO3,-2.049218022670181,valid
O=C1CCc2ccc(CC3CC4CCC(C3)N4C[C@@H]3COc4c(ccc5c4CC(=O)N5)O3)cc2N1,0.585026652029182,valid
Clc1ccc(COC(Cn2ccnc2)c2ccc(Cl)cc2Cl)c(Cl)c1,-2.617000341120899,valid
CN(C)Cc1ccccc1Sc1ccc([123I])cc1N,1.8860566476931635,valid
OCCN1CCN(CCCN2c3ccccc3Sc3ccc(C(F)(F)F)cc32)CC1,-2.899273187317604,valid
O=c1[nH]c2cc(Cl)ccc2n1C1CCN(CCCCc2c[nH]c3ccccc23)CC1,-1.3989810666581313,valid
O=C(c1ccc2[nH]ccc2c1)C1(Cc2ccccc2)CCCCNC1,-1.899984562549391,valid
Cc1ccc(Sc2ccccc2CNCCCF)c(N)c1,-2.714329759745233,valid
COc1ccc(Br)c(CC2CCN(CCc3ccc(Cl)cc3)CC2)c1,-1.6646419755561257,valid
CCc1ccccc1C(=O)N(CC1CCC1)[C@H]1CCNC1,-2.374748346010104,valid
Cc1cc(Oc2ccccc2Cl)c(CN(C)C)cn1,-2.383815365980431,valid
O=C1NCCc2ccc3c(c21)CC(N(CCCc1c[nH]c2ccc(F)cc12)C(=O)c1ccccc1)CO3,-2.826722520168992,valid
CCC(NC(C)(C)C)C(=O)c1ccc(Cl)c(Cl)c1,-2.934498451243568,valid
C[C@H]1C[C@H](c2cc3ccccc3s2)CCN1C[C@H](O)COc1cccc2[nH]ccc12,0.2924298239020636,valid
O=C1Cc2c(ccc3c2OC[C@H](CNCC2CCc4c([nH]c5ccc(F)cc45)C2)O3)N1,-1.3979400086720375,valid
CCn1cc([C@H]2C[C@@H]2CN(C)C)c2cc(C#N)ccc21,-0.255272505103306,valid
Cc1ccc2c(N3CCN(CCc4c(C)ccc5[nH]c(=O)ccc45)CC3)cccc2n1,-2.0,valid
CSc1ccccc1C(=O)N(C1CCCCC1)[C@H]1CCNC1,-1.2041199826559248,valid
CC(C)(C)CCC1(C(=O)c2ccc3[nH]ncc3c2)CCCN1,-0.7000110623221123,valid
Cc1ccc2c(N3CCN(CCc4cccc5c4OCc4c(C(=O)NC6CCCC6)ncn4-5)CC3)cccc2n1,-1.0,valid
CCN(CCCc1c[nH]c2ccc(F)cc12)S(C)(=O)=O,-1.0791812460476249,valid
COc1ccc2c(c1)CN(C)CC2c1cccc(C)c1,-2.680335513414563,valid
CN1Cc2cc(F)ccc2C(c2ccccc2)C1,-3.167317334748176,valid
COc1ccc(F)c(CCCC2CCC(CCNCCCCCN3N=C(c4ccc(OC)c(OC)c4)[C@H]4CC=CC[C@H]4C3=O)O2)c1,-2.287801729930226,valid
CSc1ccc(C2CN(C)Cc3cc(Oc4ccc(CN5CCCCC5)cc4)ccc32)cc1,-1.1222158782728269,valid
N#Cc1ccn(C[C@@]23CNCC[C@]2(c2ccc(Cl)c(Cl)c2)C3)n1,-0.0,valid
C#CCOc1ccc(C(=O)c2ccc(CN(C)CCC[C@@]3(c4ccc(F)cc4)OCc4cc(C#N)ccc43)cc2)cc1,-2.6875289612146345,valid
COC[C@@]12CNCC[C@]1(c1ccc(Cl)c(C(F)(F)F)c1)C2,-1.2000292665537704,valid
CNCCCN1c2ccccc2CCc2ccccc21,-1.3010299956639813,valid
c1ccc(Oc2ncccc2C2CCNCC2)cc1,-3.2764618041732443,valid
Cc1ccc2c(N3CCN(CCc4cc5c(cc4F)OCC(=O)N5)CC3)cccc2n1,0.100015437450609,valid
COc1c(OCCF)cccc1C(=O)C1CCN(CCc2ccc(C)cc2)CC1,-3.0038911662369108,valid
CNCCC(Oc1cccc2ccccc12)c1ccccc1,-0.380211241711606,valid
O=S(=O)(NCCCCN1CC=C(c2c[nH]c3ccc(Cl)cc23)CC1)c1cccc(Cl)c1,-0.4471580313422192,valid
CN(C)Cc1ccccc1Sc1ccc(CCO)cc1N,-1.7039788250083858,valid
Cc1ccn(CC23CNCC[C@]2(c2ccc(Cl)c(Cl)c2)C3)c1,0.2999889376778876,valid
CCCc1ccccc1Oc1cc(C)ncc1CN(C)C,-3.450249108319361,valid
CNCc1cc(C(=O)N2CCN(C3CC3)CC2)ccc1Oc1cccc(Cl)c1,-2.1903316981702914,valid
Cc1cc(C)n(C[C@@]23CNCC[C@]2(c2ccc(Cl)c(Cl)c2)C3)c1,-0.2999429000227671,valid
Cc1ccc(C(=O)C(CC(C)C)N2CCCC2)cc1,-3.4578818967339924,valid
CN1Cc2ccccc2C(c2ccc3cnsc3c2)C1,-2.311753861055754,valid
Cc1c(F)cccc1C(=O)N(CC(C)C)[C@H]1CCNC1,-1.1139433523068367,valid
CC(C)CN(C(=O)c1cccc(Cl)c1F)[C@H]1CCNC1,-1.0,valid
CC(C)(C)NC[C@H](O)COc1cccc2c1CCCC2=O,-3.415307292225568,valid
COc1ccc(C2CNCc3cc(OCC4CCN(C(C)C)CC4)ncc32)cc1,-1.968482948553935,valid
Cc1ccc2c(N3CCN(CCc4cccc5c4OCc4c(C(=O)NC6CC6)ncn4-5)CC3)cccc2n1,-1.2000292665537704,valid
c1ccc2c(c1)NC[C@@H]1C2=NO[C@H]1CN1CCN(Cc2ccc3ccccc3c2)CC1,0.3010299956639812,valid
COc1ccc(CN2C3C4C5CC6C7C5C3C7C2(O)C64)cc1OC,-3.645520514905874,valid
Cc1cccc2nc(C(=O)C3(CCC(C)(C)C)CCNC3)ccc12,0.700057099977233,valid
Fc1ccc(C(OCCC2CCN(Cc3cc4ccccc4s3)CC2)c2ccc(F)cc2)cc1,-2.39093510710338,valid
CN1[C@H]2CC[C@@H]1[C@@H](c1ncc(-c3ccc(F)cc3)s1)[C@@H](c1ccc(Cl)cc1)C2,-2.814913181275074,valid
CNCc1cc(C(=O)N2CCCN(C3CC3)CC2)ccc1Oc1ccc(Cl)c(Cl)c1,-0.9542425094393248,valid
CC(c1ccccc1)N(c1ccc2[nH]ccc2c1)C1CCNCC1,-1.599992177584098,valid
COC(=O)[C@@H]1C2CCC(C[C@@H]1c1ccc(SC(F)(F)F)cc1)N2C,-0.9030899869919436,valid
NC(=O)[C@@]12CNCC[C@]1(c1ccc(Cl)c(Cl)c1)C2,-2.0,valid
COC(=O)[C@H]1[C@@H](c2ccc(I)cc2)C[C@@H]2CC[C@H]1N2C/C=C/I,-0.1760912590556812,valid
CCN(CCCc1c[nH]c2ccc(F)cc12)C1COc2c(F)cc3c(c2C1)C(=O)NCC3,-1.1760912590556811,valid
Cc1ccc2c(OCCN3CCC(Cc4cccc(NS(C)(=O)=O)c4)CC3)cccc2n1,-3.1999991251967965,valid
O=C(CCCN1CCc2ccccc2C1)c1ccccc1,-3.185825359612962,valid
Fc1cc(N2CCN(CCc3coc4ccccc34)CC2)c2ncccc2c1,-1.403120521175818,valid
COc1ccc(CN(CCN(C)C)c2ccccn2)cc1,-1.3979400086720375,valid
CN(C)C[C@H]1C[C@@H]1c1c[nH]c2c(C#N)cccc12,0.2365720064370627,valid
CNCc1cc(C#CCCN2CCNC(=O)C2)ccc1Oc1ccc(SC)cc1,-0.1139433523068367,valid
COc1ccc(N(CCCCN2CCC(O)(c3ccc(Cl)c(C(F)(F)F)c3)CC2)c2ccc(OC)cc2)cc1,-3.118595365223762,valid
OC1(c2ccc(Cl)cc2)c2ccc3ccccc3c2C2=NCCN21,-2.3502480183341627,valid
O=S(=O)(NCCCCN1CC=C(c2c[nH]c3ccc(Cl)cc23)CC1)c1ccc(F)cc1,-0.7558748556724915,valid
Nc1c(Br)cc(Br)cc1CN[C@H]1CC[C@H](O)CC1,-3.255754786643044,valid
NCCSCCc1c[nH]c2c(F)cccc12,-1.380211241711606,valid
CCOc1ccc(C2(C(CC(C)C)NCCSCC)CCC2)cc1,-0.5198279937757188,valid
CN(C)CCC(Oc1cccc(Br)c1)c1ccc(OCCCN2CCCCC2)cc1,-0.6020599913279624,valid
Fc1ccc(OC[C@H]2[C@@H]3CNC[C@@]32c2ccc(Cl)c(Cl)c2)cc1,-0.1000257301078625,valid
CN1[C@H]2CC[C@@H]1[C@@H](c1ncc(-c3cccc(Br)c3)s1)[C@@H](c1ccc(Cl)cc1)C2,-3.1760912590556813,valid
CN1C2CCC1[C@@H](CNc1cccc(Br)n1)[C@@H](c1ccc(Cl)cc1)C2,-0.8692317197309762,valid
Fc1ccccc1C(Cc1ccccc1OC(F)(F)F)N1CCNCC1,-1.420505836570779,valid
O=C(c1cccc(Cl)c1Cl)N(CCC1CC1)[C@H]1CCNC1,-1.1760912590556811,valid
NC(=O)c1ccc2c(c1)CCOC2CCN1CC=C(c2c[nH]c3cc(F)ccc23)CC1,1.0,valid
O=C(C1CCC1)N(Cc1ccccc1C(F)(F)F)[C@H]1CCNC1,-2.271841606536499,valid
COc1cc2c(cc1OC)C1=NO[C@@H](CN3CCN(C/C(C)=C/c4cccc(F)c4)CC3)[C@@H]1CO2,0.2218487496163563,valid
CCc1nn(CCCN2CCN(c3cccc(Cl)c3)CC2)c(=O)n1CCOc1ccccc1,-2.462397997898956,valid
CN1C[C@H](CNC(=O)OCc2ccccc2)C[C@@H]2c3cccc4c3c(cn4C)C[C@H]21,-2.4955443375464483,valid
C[C@H]1CN(c2cccc3cc(C#N)ccc23)CCN1CC[C@@H]1OCCc2cc(C(N)=O)ccc21,-0.3424226808222063,valid
NCCCc1c[nH]c2c(F)cccc12,-1.380211241711606,valid
CN1Cc2ccccc2C(c2cc3ccccc3o2)C1,-1.965201701025912,valid
O=C1NCCc2ccc3c(c21)CC(N(CCCc1c[nH]c2ccc(F)cc12)CC1CC1)CO3,-1.414973347970818,valid
Cc1ccccc1C(=O)N(CC1CCC1)[C@H]1CCNC1,-2.071882007306125,valid
COCCOc1cc(CC2CCN(CC(O)c3ccc4c(c3)C(=O)CCO4)CC2)ccc1Br,-0.3424226808222063,valid
O=S(=O)(NCCN1CC=C(c2c[nH]c3ccc(Cl)cc23)CC1)c1cccc2ccccc12,-0.4313637641589873,valid
CN1C2CCC1[C@@H](C(=O)NCc1ccc(CCNC(=O)[C@H]3C4CCC(C[C@@H]3c3ccc(Cl)cc3)N4C)cc1)[C@@H](c1ccc(Cl)cc1)C2,-1.812913356642856,valid
COc1cccc(-c2ccc3c(c2)CN(Cc2ccccc2)C3)c1,-3.393926006585837,valid
[11CH3]Oc1ccc2c(c1)CCN(CCCc1c[nH]c3ccc(Br)cc13)C2,-1.0916669575956846,valid
CN(CCCc1c[nH]c2ccc(F)cc12)C1COc2ccc3c(c2C1)C(=O)NC3,-0.9542425094393248,valid
CNCc1cc(C(=O)N2CCCN(C3CC3)CC2)ccc1Oc1cccc(OC)c1,-1.1139433523068367,valid
COc1ccc2[nH]cc(C3CC(=O)N(CCCN4CCC(c5c[nH]c6ccccc56)CC4)C3=O)c2c1,-2.718501688867274,valid
CSc1ccc2c(c1)N(CCC1CCCCN1C)c1ccccc1S2,-2.6009728956867484,valid
Fc1ccc(Oc2cccc(F)c2C2CCNCC2)cc1,-2.1958996524092336,valid
CN1C2CCC1[C@@H](C(=O)Nc1ccc(CCNC(=O)[C@H]3C4CCC(C[C@@H]3c3ccc(Cl)cc3)N4C)cc1)[C@@H](c1ccc(Cl)cc1)C2,-3.4149733479708178,valid
NC(=O)C1CCN(CCCN2c3ccccc3Sc3ccc(Cl)cc32)CC1,-2.5390760987927767,valid
COc1ccc(C2CN(C)Cc3cc(OCCCN4CCC(C(F)(F)F)CC4)ccc32)cc1,-1.146128035678238,valid
CCC[C@H]1[C@@H]2CNC[C@]12c1ccc(Cl)c(Cl)c1,-0.0,valid
O=C(CCCN1CC[C@H]2[C@@H](C1)c1cccc3c1N2CCC3)c1ccc(F)cc1,-1.9912260756924949,valid
c1cncc([C@@H]2CN3CCC[C@@H]3c3cc(OCCCN4CCCCC4)ccc32)c1,-0.919078092376074,valid
CNC[C@H](c1ccc2ccccc2c1)[C@H](O)c1ccccc1,-0.8481891169913987,valid
CNCCC(Oc1cccc2ccccc12)c1ccc(OC)cc1,-0.5440680443502757,test
NCCSCCc1c[nH]c2ccc(F)cc12,-0.3617278360175928,test
Cc1ccc2c(N3CCN(CCc4cccc5c4OCc4nc(C)c(C)n4-5)CC3)cccc2n1,-1.2000292665537704,test
CN(C)C[C@H]1C[C@@H]1c1cn(C)c2ccc(C#N)cc12,-0.8129133566428556,test
CCCN(CCCc1c[nH]c2ccc(F)cc12)C1COc2ccc3c(c2C1)C(=O)NCC3,-1.7853298350107671,test
CC(C)N(CCCc1c[nH]c2ccc(F)cc12)C1COc2ccc3c(c2C1)C(=O)NCC3,-0.9030899869919436,test
C=C(Cc1ccccc1)CN1CCN(CCOC(c2ccccc2)c2ccccc2)CC1,-3.5185139398778875,test
COc1ccccc1N1CCN(CCCN2CCOc3ccccc32)CC1,-2.290079152102201,test
Cc1cccc(S(=O)(=O)NCCCCN2CC=C(c3c(C)[nH]c4ccc(Cl)cc34)CC2)c1,-1.255272505103306,test
CN(C)CCC=C1c2ccccc2CCc2ccccc21,-0.7018269303971395,test
CN1[C@H]2CC[C@@H]1C[C@H](OC(=O)c1c[nH]c3ccccc13)C2,-2.413299764081252,test
O=S(=O)(NCCN1CC=C(c2c[nH]c3ccc(Cl)cc23)CC1)c1cccc(Cl)c1,-0.5185139398778874,test
O=C1CCc2ccc(OC3CCN(C[C@@H]4COc5c(ccc6c5CC(=O)N6)O4)CC3)cc2N1,-1.3010299956639813,test
CN1CCc2c(c3cccc4c3n2-c2ccccc2CC4)C1,-3.340221953086273,test
CCC(CC(=O)c1ccc(Cl)c(Cl)c1)N1CCCC1,-3.591064607026499,test
COc1cc2c(cc1OC)C1=NO[C@@H](CN3CCN(Cc4ccc(Cl)cc4)CC3)[C@@H]1CN2,-2.1789769472931693,test
COc1cccc(F)c1CC(c1ccccc1)N1CCNCC1,-0.9542425094393248,test
C=Cc1ccc(Sc2ccccc2CN(C)C)c(N)c1,-0.0492180226701816,test
O=C1NCc2cc(Cl)c(OCCCN3CCN(c4cccc5cccc(F)c45)CC3)cc21,-1.3053513694466237,test
COc1cccc(CCN2CCC(Cc3cc(OC)ccc3Br)CC2)c1,-1.5740312677277188,test
c1ccc2c(c1)CCN(CCCCc1c[nH]c3ccccc13)C2,-2.05307844348342,test
Oc1ccccc1CNCCCc1c[nH]c2ccc(F)cc12,-2.903089986991944,test
COC(=O)[C@@H]1C2CCC(C[C@@H]1c1ccc(Cl)c(Cl)c1)N2C,-1.0791812460476249,test
COc1cccc2sc([C@@H]3CCN(C[C@H](O)COc4cccc5[nH]c(C)cc45)[C@@H](C)C3)cc12,0.0655015487564322,test
N#Cc1cccn1C[C@@]12CNCC[C@]1(c1ccc(Cl)c(Cl)c1)C2,-0.4000196350651585,test
CC(C)c1ccccc1C(=O)N(CC1CCCC1)[C@H]1CCNC1,-2.5185139398778875,test
Fc1ccc(C(OCCC2CCN(C/C=C/c3ccco3)CC2)c2ccc(F)cc2)cc1,-1.6127838567197357,test
COc1cccc2cc(C3CN(C)Cc4ccccc43)oc12,-1.428134794028789,test
COc1ccccc1N1CCN(CCNC(=O)Cn2nc(-n3ccnc3)ccc2=O)CC1,-3.539577883345309,test
CNCc1cc(C#CCCN2CCOCC2)ccc1Oc1ccccc1,-1.4771212547196624,test
Cc1ccc2c(N3CCN(CCc4cccc5c4OCc4c(C(=O)NC(C)C)ncn4-5)CC3)cccc2n1,-0.899984562549391,test
O=C1CN(CCc2ccccc2)CCN1CCOC(c1ccc(F)cc1)c1ccc(F)cc1,-2.0569048513364727,test
CN1Cc2cc(OCCCN3CCC(F)CC3)ccc2C(c2ccc(SC(F)(F)F)cc2)C1,-1.5314789170422551,test
Cc1ccc([C@H]2C[C@@H]3CC[C@H]([C@H]2c2ncc(-c4ccc(Cl)c(Cl)c4)s2)N3C)cc1,-3.4683473304121573,test
O=C1NCc2ccc(OCCCCN3CCN(c4cccc5ccccc45)CC3)c(F)c21,-3.401400540781544,test
c1cncc([C@@H]2CN3CCC[C@@H]3c3cc(OCCCN4CCOCC4)ccc32)c1,-1.089905111439398,test
CCOc1ccc2c(c1)CN(C)CC2c1ccccc1,-2.546542663478131,test
CCOCC1(C(=O)c2cc(F)c3[nH]ccc3c2)CCNC1,-0.4999618655961902,test
COc1ccc(C2CN(C)Cc3cc(OCCCN4CCC(CO)CC4)ccc32)cc1,-0.505149978319906,test
Cc1ccc(Oc2ccc(OCCF)cc2CN(C)C)c(N)c1,-2.603144372620182,test
CCCN1CCC(c2coc3ccccc23)CC1,-2.9175055095525466,test
Clc1ccc([C@]23CCNC[C@@]2(Cn2cccc2)C3)cc1Cl,0.400007822415902,test
CN1[C@H]2CC[C@@H]1C[C@H](NC(c1ccccc1)c1ccc(Cl)cc1)C2,-4.133538908370218,test
CCCCC1(C(=O)c2cc(F)c3[nH]ccc3c2)CCNC1,0.024568191490737,test
Cc1ccc2c(N3CCN(CCc4cccc5c4OCc4c(C(=O)N6CCC6)ncn4-5)CC3)cccc2n1,-0.8000293592441343,test
CC(N)Cc1c[nH]c2ccc(OCc3cccs3)cc12,-3.4051755462179893,test
CSc1ccccc1C(=O)N(c1ccccc1)[C@H]1CCNC1,-1.806179973983887,test
O=S(=O)(NCCCN1CC=C(c2c[nH]c3ccc(Cl)cc23)CC1)c1cccc(Cl)c1,-0.3617278360175928,test
Cc1ccc2c(N3CCN(CCc4ccc5c(c4)NC(=O)CO5)CC3)cc(Cl)cc2n1,0.100015437450609,test
COC[C@@H]1[C@@H]2CCNC[C@@]21c1ccc(Cl)c(Cl)c1,-1.4999618655961902,test
CN1Cc2cc(OCCCN3CCC(F)CC3)ccc2C(c2cccc(C(F)(F)F)c2)C1,-1.1760912590556811,test
c1ccc(CC2CNCCN2c2ccccc2)cc1,-1.2000292665537704,test
Cc1ccc2c(N3CCN(CCc4cccc5c4OCC(=O)N5CC(F)F)CC3)cccc2n1,-1.8000293592441343,test
COc1ccc(C2CN(C)Cc3cc(OCCCN4CCS(=O)(=O)CC4)ccc32)cc1,-1.0791812460476249,test
COc1ccc(Br)c(CC2CCN(CCc3ccc4ccccc4c3)CC2)c1,-1.4082399653118496,test
O=C1NCCc2ccc3c(c21)CC(NCCCc1c[nH]c2ccc(F)cc12)CO3,-1.0,test
CC(C)CN(C(=O)c1cccc(F)c1Cl)[C@H]1CCNC1,-1.1760912590556811,test
Fc1ccc(C(OCCNCCCNCCc2ccccc2)c2ccc(F)cc2)cc1,-2.096910013008056,test
CN1Cc2cc(-c3cccnn3)ccc2C(c2cc3ccccc3s2)C1,-0.3424226808222063,test
Fc1cccc(Oc2ccccc2Cl)c1OC1CCNC1,-3.3483048630481607,test
Cc1ccc(C(=O)C(C)NC(C)(C)C)cc1Cl,-3.322219294733919,test
O=C1Cc2c(ccc3c2OC[C@H](CNCCC2CCc4[nH]c5ccc(F)cc5c4C2)O3)N1,-1.3222192947339193,test
N[C@]1(C(=O)O)C[C@@H](C(=O)O)C[C@H]1C(=O)O,-4.0,test
Cc1cc(N)c(Sc2ccccc2CN(C)C)cc1F,-2.253580289562183,test
COc1ccc2[nH]cc(C3CC(=O)N(CCN4CCC(c5c[nH]c6ccccc56)CC4)C3=O)c2c1,-2.151676230847048,test
CN(C)CCCc1c[nH]c2ccc(C#N)cc12,-0.3010299956639812,test
CN(C)CCC(Oc1ccc(Br)cc1)c1ccc(OCCCN2CCCCC2)cc1,-0.9542425094393248,test
CN(C)Cc1ccccc1Sc1ccc(CCCF)cc1N,-0.7828308052025919,test
COc1ccc(CCN(C)CCN2CCCCC2)cc1,-4.721373628692136,test
COCCOc1cc(CC2CCN(CCc3ccc4c(c3)S(=O)(=O)CCO4)CC2)ccc1Br,-0.4132997640812518,test
COc1ccc(C2CN(C)Cc3cc(OCC4CCN(C(C)C)CC4)ncc32)cc1,-1.792391689498254,test
CCOC(=O)c1ncn2c1COc1c(CCN3CCN(c4cccc5nc(C)ccc45)CC3)cccc1-2,-1.2000292665537704,test
C/C(=C\c1ccccc1)CN1CCN(C[C@@H]2ON=C3c4ccc(OC(=O)c5ccncc5)cc4OC[C@H]32)CC1,-1.1139433523068367,test
Cc1c(OCCCN2CCN(c3cccc4ccccc34)CC2)ccc2c1C(=O)NC2,-2.287801729930226,test
CCCNCc1ccccc1Sc1ccc(C)cc1N,-3.3378584290410944,test
Cc1cc2c(cc1OCCCCN1CCN(c3cccc4ccccc34)CC1)C(=O)NC2,-2.702430536445525,test
Cc1cccc(S(=O)(=O)NCCN2CC=C(c3c[nH]c4ccc(F)cc34)CC2)c1,-0.9294189257142929,test
CNCc1cc(CCCCN2CCSCC2)ccc1Oc1ccc(SC)cc1,-0.2787536009528289,test
CN1C2CCC1[C@@H](C(=O)NCc1ccc(CNC(=O)[C@H]3C4CCC(C[C@@H]3c3ccc(-c5ccsc5)cc3)N4C)cc1)[C@@H](c1ccc(-c3ccsc3)cc1)C2,-2.204119982655925,test
CN(C)CC(c1ccc(O)cc1)C1(O)CCCCC1,-1.1760912590556811,test
Fc1cccc(CN(c2ccc3[nH]ccc3c2)C2CCNCC2)c1,-0.1000257301078625,test
Cc1cc2c(cc1OCCCN1CCN(c3cccc4cccc(F)c34)CC1)C(=O)NC2,-2.2405492482825995,test
NCCN1[C@H]2CC[C@@H]1C[C@H](NC(c1ccc(F)cc1)c1ccc(F)cc1)C2,-4.037426497940624,test
COCCOc1cc(CC2CCN(CCc3ccc4c(c3)C(=O)CCO4)CC2)ccc1C(C)C,-2.39093510710338,test
C/C(=C\c1ccccc1)CN1CCN(C[C@@H]2ON=C3c4ccc(O)cc4OC[C@H]32)CC1,-0.5563025007672873,test
COC(=O)C1=C(c2cccc([N+](=O)[O-])c2)CCCC1,-4.457881896733992,test
OC1(c2ccc(Cl)c(C(F)(F)F)c2)CCN(CCCC(c2ccccc2)c2ccccc2)CC1,-3.071882007306125,test
O=C(c1cccc(Cl)c1Cl)N(CC(F)(F)F)[C@H]1CCNC1,-1.591064607026499,test
COc1cccc2c1O[C@@H](CN1C3C=C(c4ccc5ccccc5c4)CC1CC3)CO2,-0.146128035678238,test
CCc1ccc2c(c1)CN(C)CC2c1ccccc1,-2.8847953639489807,test
CC(C)CC(NCCCC(N)=O)C1(c2ccc(Cl)c(Cl)c2)CCC1,-0.9084850188786496,test
COCCOc1cc(CC2CCN(CCc3cc4c(cc3Cl)OCCO4)CC2)ccc1Br,-0.7379873263334308,test
CNCc1cc(C#CCCN2CCOCC2)ccc1Oc1cccc(F)c1,-1.380211241711606,test
CC(NC(C)(C)C)C(=O)c1ccc(Br)cc1,-3.6201360549737576,test
Clc1cccc(O[C@@H](c2ccccc2)[C@@H]2CNCCO2)c1Cl,-2.0,test
OC1(c2ccc(Cl)cc2)CC2CCC(C1)N2CCCSc1ccccc1F,-2.008600171761917,test
O=C1NCc2cc(F)c(OCCCN3CCN(c4cccc5ccccc45)CC3)cc21,-1.7371926427047373,test
c1ccc(CCCN2CCCC(CNCCOC(c3ccccc3)c3ccccc3)C2)cc1,-2.322219294733919,test
CCCN1CCC(c2cccc3ccccc23)CC1,-1.7160033436347992,test
COc1cc(N2CCNCC2Cc2ccccc2)cc2cc[nH]c12,-1.7000110623221123,test
CNCC[C@H](Oc1ccc(O)c2ccccc12)c1cccs1,-4.8055008581584,test
CC(C)CN(C(=O)c1ccccc1C(C)C)[C@H]1CCNC1,-3.12057393120585,test
COC(=O)N(Cc1ccccc1-c1ccccc1)[C@H]1CCNC1,-3.64738297011462,test
OC1(c2ccc(Cl)cc2)CC2CCC(C1)N2CCCSc1cccc(F)c1,-2.3560258571931225,test
CC(COc1ccc2c(c1)NC(=O)CO2)NCC(O)COc1cccc2[nH]ccc12,-1.7000110623221123,test
CC(C)CC(NC(C)(C)C)C(=O)c1cccc(Cl)c1,-3.792391689498254,test
CC(C)CC1(C(=O)c2ccc(N)c(Cl)c2)CCCN1,0.400007822415902,test
COC(=O)C1C(c2cccc(-c3ccsc3)c2)CC2CCC1N2C,-1.869818207979328,test
Cc1cc2c(OC[C@H](O)CN3CC[C@@H](c4ccc5occc5c4)C[C@@H]3C)cccc2[nH]1,-0.2278867046136735,test
CCCC(C(=O)c1ccc(OC)cc1)N1CCCC1,-3.61066016308988,test
O=S(=O)(NCCCN1CC=C(c2c[nH]c3ccc(F)cc23)CC1)c1ccc2ccccc2c1,-0.414973347970818,test
CN1CCc2c(c3cccc4c3n2CCc2ccccc2-4)C1,-2.617980069357224,test
CC(=O)c1sc(NC(=O)N[C@@H]2CN(C(C)=O)CC[C@H]2CN2CCC[C@@H](Cc3ccc(F)cc3)C2)nc1C,-4.462397997898956,test
CN1C2CCC1[C@@H](C(=O)Nc1ccc(NC(=O)[C@H]3C4CCC(C[C@@H]3c3ccc(-c5ccsc5)cc3)N4C)cc1)[C@@H](c1ccc(-c3ccsc3)cc1)C2,-2.431363764158988,test
O=C(c1ccccc1C(F)(F)F)N(c1ccccc1)[C@H]1CCNC1,-2.05307844348342,test
COc1ccc(F)cc1CCCC1CCC(CCN)O1,-0.041392685158225,test
CN1CCN2c3c(cccc31)[C@@H]1CN(CCNC(=O)c3ccc(F)cc3)CC[C@@H]12,-3.287801729930226,test
CN(C)C(=O)c1ccccc1Sc1cc(N)c(Cl)cc1[N+](=O)[O-],-4.177536499929862,test
Cc1cc2c(OC[C@@H](O)CN3CC[C@@H](c4ccc5ccccc5c4)C[C@@H]3C)cccc2[nH]1,0.3979400086720376,test
COc1ccc(C2CCC(CN)O2)cc1,-3.837399024342023,test
CNCc1cc(C#CCCN2CCN(C3CC3)CC2)ccc1Oc1ccc(SC)cc1,-0.5440680443502757,test
COc1cc2c(cc1OC)N(C)C[C@@H]1C2=NO[C@H]1CN1CCN(CCC/C(C)=C/c2ccccc2)CC1,-2.0170333392987803,test
CSc1ccccc1Oc1cc(C)ncc1CN(C)C,-2.584331224367531,test
CCc1ccc(Sc2ccccc2CNC)c(N)c1,-0.3096301674258988,test
O=S(=O)(NCCCCN1CC=C(c2c[nH]c3ccc(Cl)cc23)CC1)c1ccc(Cl)cc1,-0.785329835010767,test
Cc1c(OCCCCN2CCN(c3cccc4ccccc34)CC2)ccc2c1C(=O)NC2,-2.588831725594208,test
O=S(=O)(NCCN1CC=C(c2c[nH]c3ccc(Cl)cc23)CC1)c1cccc(F)c1,-0.5563025007672873,test
COC(=O)[C@H]1[C@@H](c2ccc(C)cc2)C[C@@H]2CC[C@H]1N2C/C=C(\I)C(F)(F)F,-2.399673721481038,test
CSc1ccccc1CN([C@H]1CCNC1)S(C)(=O)=O,-3.096910013008056,test
CN(C)Cc1cc(OCCCF)ccc1Sc1ccccc1N,-0.146128035678238,test
CN(C)CC[C@@H](c1ccc(Cl)cc1)c1ccccn1,-1.1139433523068367,test
O=C1CCc2ccc(OCCCCN3CCN(c4cccc5[nH]c(=O)oc45)CC3)cc2N1,-1.9731278535996983,test
CN(C)Cc1cc(OCCCF)ccc1Sc1ccc(F)cc1N,0.0222763947111522,test
CSc1ccccc1CN(C(=O)C(C)C)[C@H]1CCNC1,-1.6989700043360187,test
O=C(c1ccccc1Cl)N(CC1CCC1)[C@H]1CCNC1,-1.591064607026499,test
CNCCC(Oc1cccc2ccccc12)c1ccc(C)cc1,-0.3222192947339193,test
CCN(CCCc1c[nH]c2ccc(F)cc12)C1COc2ccc3c(c2C1)C(=O)NCC3,-1.4771212547196624,test
Cc1ccc2c(N3CCN(CCc4ccc5c(c4)N(C)C(=O)CO5)CC3)cccc2n1,-1.299942900022767,test
CCN(CC)CCCOc1cc2c(cn1)C(c1ccc(OC)cc1)CNC2,-2.3541084391474008,test
Cc1nc(COc2ccc(Cl)cc2OC2CNC2)cs1,-1.4313637641589874,test
C=CCN1C2CCC1[C@@H](C(=O)OC)[C@@H](c1ccc(SCC)cc1)C2,-1.6720978579357175,test
c1ccc(CN2CCC(NCCOC(c3ccccc3)c3ccccc3)CC2)cc1,-3.3344537511509307,test
Cc1ccc2c(c1)CN(C)CC2c1ccc(F)c(F)c1,-2.773786444981193,test
Clc1ccc(C23CNCC2C3)cc1Cl,-1.7993405494535817,test
COc1ccc(CN[C@H]2C3C4CC5C6C4CC3C6C52)cc1OC,-1.8512583487190752,test
CSc1ccc(C2CN(C)Cc3cc(Oc4cccc(CN5CCCCC5)c4)ccc32)cc1,-1.251638220448212,test
Cc1ccc2c(N3CCN(CCc4ccc5c(c4F)NC(=O)CO5)CC3)cccc2n1,-0.7000110623221123,test
COc1ccccc1CC(c1ccccc1F)N1CCNCC1,-1.0,test
Cc1ccc2c(N3CCN(CCc4c(C)ccc5c4ccc(=O)n5C)[C@@H](C)C3)cc(F)cc2n1,-0.0,test
O=C1NCN(c2ccccc2)C12CCN(CCCCc1c[nH]c3ccccc13)CC2,-0.8656072985678234,test
Cc1c(OCCCCN2CCN(c3cccc4cccc(F)c34)CC2)ccc2c1C(=O)NC2,-2.4653828514484184,test
Cc1ccn(CC23CNCC[C@]2(c2ccc(Cl)c(Cl)c2)C3)n1,-1.0043471726885382,test
O=C(c1ccc(OCCN2CCCCC2)cc1)c1c(-c2ccc(O)cc2)sc2cc(O)ccc12,-3.278753600952829,test
Cc1ccc2c(N3CCN(CCc4cccc5c4OCc4c(C)nnn4-5)CC3)cccc2n1,-1.0,test
C1=C(c2c[nH]c3ccccc23)CCN(CCOc2cccc3ncccc23)C1,-1.9712758487381048,test
Clc1ccc(CSC(Cn2ccnc2)c2ccc(Cl)cc2Cl)cc1,-1.8750612633917,test
CN(C)Cc1ccccc1Sc1cc(F)c(Cl)cc1[N+](=O)[O-],-3.44870631990508,test
COc1ccc(C2CN(C)Cc3cc(OCCCN4CCC(O)CC4)ccc32)cc1,-0.5797835966168101,test
OCC[C@H]1[C@@H]2CNC[C@]12c1ccc(Cl)c(Cl)c1,-0.4000196350651585,test
CCSCCCCNC(CC(C)C)C1(c2ccc(Cl)c(Cl)c2)CCC1,-1.171433900943008,test
C[C@H]1CN(c2cccc3cc(C#N)ccc23)CCN1CC[C@H]1OCc2cc(C(N)=O)ccc21,-0.1139433523068367,test
O=c1n(CCCN2CCN(c3cccc(Cl)c3)CC2)nc2ccccn12,-2.008600171761917,test
Fc1ccc2c(C3CCN(CCOc4cccc5c4OCCO5)CC3)c[nH]c2c1,-2.106530853822381,test
Clc1ccc([C@@H]2CCNC[C@@]23CCOC3)cc1Cl,-0.7000110623221123,test
COc1ccc(Sc2ccccc2CN(C)C)c(N)c1,-0.2764618041732441,test
O=c1[nH]c2ccccc2n1CCCN1CCC(n2c(=O)[nH]c3cc(Cl)ccc32)CC1,-3.210318519826232,test
Cc1ccc2c(N3CCN(CCc4cccc5c4ccc(=O)n5C)[C@@H](C)C3)cccc2n1,-0.4000196350651585,test
CNCc1cc(CCCCN2CCN(C(C)C)CC2)ccc1Oc1ccc(SC)cc1,-0.146128035678238,test
c1ccc2c(c1)Cc1ccccc1C21CCNC1,-3.591064607026499,test
COc1cc2c(cc1OC)C1=NO[C@@H](CN3CCN(C/C=C(\C)c4ccccc4OC)CC3)[C@@H]1CO2,-1.7075701760979365,test
CC(C)CCC1(C(=O)c2cc(F)c3[nH]ccc3c2)CCNC1,0.2246080283033879,test
