smiles,CHEMBL235_EC50,group
CCCC/C(=C\c1cc(OCCc2ccccc2)cc(OCCc2ccccc2)c1)C(=O)O,-3.89209460269048,training
Cc1cc(Oc2cccc(CNC(=O)c3ccc(C(F)(F)F)cc3F)c2)ccc1OC(C)(C)C(=O)O,-1.38021124171161,training
Cc1ccc(OCCCOc2ccc3c(c2)OCC3CC(=O)O)cc1,-3.25767857486918,training
CN(C/C=C/c1ccc(C[C@@H](C(=O)O)n2cccc2)cc1)c1ccccn1,-2.69196510276736,training
Cc1c(C)n(Cc2ccc(-c3ccccc3C(=O)O)cc2)c2ccc(C(=O)NCc3ccccc3[N+](=O)[O-])cc12,-2.91960102378411,training
Cc1cc(CN2Cc3ccccc3C[C@@H]2C(=O)Nc2ccc(Cl)cc2Cl)ccc1OCC(=O)O,-2.90308998699194,training
CCCCCCC(Sc1nc(Cl)cc(Nc2nc(-c3ccc(C)cc3)cs2)n1)C(=O)O,-3.85733249643127,training
CCCc1c(OCCCOc2ccc(OCC(=O)O)cc2)ccc2c(-c3ccccc3)noc12,-1.8750612633917,training
CCCO/N=C(\C)C(Cc1ccc(OCc2nc(C(C)C)oc2C)cc1)C(=O)O,-0.698970004336019,training
O=C(O)CCCc1cc2cc(C(F)(F)F)ccc2n1S(=O)(=O)c1cccc(OC(F)(F)F)c1,-2.30319605742049,training
CC[C@@H](Oc1cccc(-n2c(C)c(C(=O)c3ccc(OC)cc3)c3ccc(OC(F)(F)F)cc32)c1)C(=O)O,-0.301029995663981,training
CCCCCCC(Sc1nc2ccc(NC(=O)c3ccc(C(C)(C)C)cc3)cc2s1)C(=O)O,-3.63346845557959,training
N[C@@H](Cc1ccc(OCc2ccccc2)cc1)C(=O)O,-3.40000061697638,training
CCCCCS(=O)(=O)NC(=O)/C=C/c1ccc(OCCOC)cc1Oc1ncc(Cl)cc1Cl,-2.27875360095283,training
COC1Oc2cc(O)c3c(c2C(=O)N1C(=O)NCc1ccoc1)OC1=CC(O)=C(C(C)=O)C(=O)[C@]13C,-3.50514997831991,training
Cc1oc(-c2ccccc2)nc1CCNc1ccc(OC(C)(C)C(=O)O)cc1,-4.20411998265593,training
CC(C)Cc1ccc(C(C)C(=O)OCc2ccc(CC(SCCc3ccc(F)cc3)C(=O)O)cc2)cc1,-2.96848294855394,training
Cn1c(COc2cccc(C(=O)O)c2)nc2ccc(Oc3cc(F)cc(F)c3)cc21,-1.97772360528885,training
CCCc1nc2cc(-c3ccc(O)cc3)ccc2n1Cc1ccc(-c2ccccc2C(=O)O)cc1,-3.00432137378264,training
CCCc1c(OCCCCOc2cccc3c2ccn3CC(=O)O)ccc2c(C(F)(F)F)noc12,-3.29688447553855,training
CCC(Cc1ccc(C(=O)NCc2ccc(F)cc2C(F)(F)F)cc1)C(=O)O,-2.77815125038364,training
Cc1oc(-c2ccc(C#N)cc2)nc1CCOc1ccc2c(c1)CC[C@H]2CC(=O)O,-1.54406804435028,training
CCCCCCCCSc1nc(NCc2ccccc2)c(C(=O)O)c(SCc2ccccc2)n1,-2.97772360528885,training
O=S(=O)(c1ccc(Cl)cc1)c1cnn(S(=O)(=O)c2ccc(Cl)cc2Cl)c1-c1ccc(Cl)cc1,-3.32221929473392,training
O=C(O)CC1COc2cc(OCCCOc3cccc(Br)c3)ccc21,-3.22271647114758,training
CCCC/C(=C\c1cc(OCc2cc(C(F)(F)F)cc(C(F)(F)F)c2)ccc1OCc1ccc(C(F)(F)F)cc1)C(=O)O,-3.66651798055488,training
Cc1cc(OCc2nc(-c3cnc(N4CCOCC4)nc3)c(-c3ccc(OC(F)(F)F)cc3)o2)ccc1OCC(=O)O,-3.01283722470517,training
CCCc1c(OCCCn2ccc3c(OCC(=O)O)cccc32)ccc2cc(C(=O)c3ccccc3)ccc12,-3.62531245096167,training
CCCCCS(=O)(=O)NC(=O)CCc1ccc(OCCN2CCCC2=O)cc1Oc1ncc(C(F)(F)F)cc1Cl,-0.531478917042255,training
Cc1ccc(OC(=O)N(CC(=O)O)Cc2ccc(OCc3nc(-c4ccc(Cl)cc4)oc3C)cc2)cc1,-1.61804809671209,training
CC(C)(C)c1ccc(-n2c(C(=O)O)c(Oc3cccc(C(F)(F)F)c3)c3cc(Oc4cc(C(F)(F)F)c[nH]4)ccc32)cc1,-0.778151250383644,training
Cc1c(NC(=O)c2ccccc2NC(=O)c2ccc(C(C)(C)C)cc2)cccc1C(=O)O,-4.13033376849501,training
COc1ccc2c(c1)c(Cc1cccc(C(=O)O)c1)c(C)n2C(=O)c1ccc(Cl)cc1,-2.44715803134222,training
CCCCCS(=O)(=O)NC(=O)CCCc1cc(OCCCC)nn1Cc1ccc(Cl)cc1Cl,-1.82607480270083,training
CCc1cc(Oc2cc(F)cc([C@@H](C)NC(=O)c3c(C)c4cc(Cl)ccc4n3C)c2)ccc1CCC(=O)O,-2.06445798922692,training
Cc1cccc(CN2CCN(c3cc(Oc4ccc(CC(C)(Oc5ccccc5)C(=O)O)cc4)nc(N)n3)CC2)c1,-3.64933485871214,training
Cc1oc(-c2ccccc2)nc1CCOc1ccc(CCC(=O)O)c(CNC(=O)CCc2ccccc2)c1,-3.00817418400643,training
COc1ccc(-c2cn3cccc(OCc4ccc(Cl)c(Cl)c4)c3n2)cc1,-3.49136169383427,training
Cc1ccc(Cn2nc(CCCc3ccc(OC(C)(C)C(=O)O)cc3)n(C)c2=O)cc1C,-3.36172783601759,training
Cc1ccccc1Oc1ccc2nc(COc3cccc(C(=O)O)c3)n(C)c2c1,-1.7481880270062,training
CCOC(Cc1ccc(OCCN2CC=C(c3ccccc3OC)CC2)cc1)C(=O)O,-3.59439255037543,training
CCCc1cc(Oc2ccccc2)ccc1OCCCOc1ccc2c(c1)OC(CCC)(C(=O)O)CC2,-2.91907809237607,training
Cc1nc(-c2ccc(C(F)(F)F)cc2)sc1C(=O)NCc1ccc(OC(C)(C)C(=O)O)cc1,-3.98699553972438,training
CC[C@@H](NC(=O)c1ccc2c(c1)ncn2Cc1ccccc1OC)c1ccccc1,-0.700011062322112,training
CC(C)(C)c1ccc(C(=O)Nc2ccccc2C(=O)Nc2ccc(Cl)c(C(=O)O)c2)cc1,-3.73239375982297,training
O=C(OCc1nc(-c2ccccc2)oc1C(F)(F)F)c1ccc(CC(SCCc2ccc(F)cc2)C(=O)O)cc1,-1.76342799356294,training
O=C(O)Cc1ccccc1OCCC1Oc2ccccc2N(CCCC2CCCC2)C1=O,-3.43136376415899,training
Cc1cccc(-c2nc(CCOc3ccc4c(c3)CC[C@H]4CC(=O)O)c(C)s2)c1,-2.4345689040342,training
O=S(=O)(Nc1cc(Cl)c(Oc2cnc3ccccc3c2)c(Cl)c1)c1ccc(Br)cc1,-2.17897694729317,training
Cc1oc(-c2ccccc2)nc1CCCCC[C@H]1CO[C@@](C)(C(=O)O)OC1,-2.47712125471966,training
CCOC(=O)N1C[C@@H](CCc2ccc(OCCc3nc(-c4ccccc4)oc3C)cc2)[C@@H](C(=O)O)C1,-2.73239375982297,training
Cc1oc(-c2ccccc2)nc1CCOc1ccc(CCC(=O)O)c2c1CCN(C(=O)OCC(C)C)C2,-0.903089986991943,training
O=S(=O)(Nc1cc(Cl)c(Oc2ccc3ncccc3c2)c(Cl)c1)c1ccc(Cl)cc1Cl,-1.84509804001426,training
CCCCCS(=O)(=O)NC(=O)CCc1ccc(OCCOC)cc1Oc1ncc(C(F)(F)F)cc1Cl,-0.176091259055681,training
CCOC(Cc1ccc(OCCCN2c3ccccc3CCc3ccccc32)cc1)C(=O)O,-2.88081359228079,training
COc1ccc(-c2nc(SCCOc3ccc(OCC(=O)O)cc3Cl)sc2-c2ccc(OC)cc2)cc1,-3.76863810124761,training
CCOc1cc(CNC(=O)c2c(OC)cc(O)c3c2OC2=CC(O)=C(C(C)=O)C(=O)[C@]23C)c2ccccc2c1,-2.38021124171161,training
O=C(O)[C@H](Cc1ccccc1)Oc1ccc(F)cc1,-4.54654266347813,training
Cc1cc(OCC[C@@H](C)Oc2ccc(OC(F)(F)F)cc2Oc2ccccc2)ccc1CCC(=O)O,-0.698970004336019,training
CCOC(Cc1ccc2c(ccn2Cc2nc(-c3ccc(F)c(C)c3)oc2C)c1)C(=O)O,-2.14612803567824,training
CCCCCCC(Sc1nc(Cl)cc(Nc2ccc(Nc3ccccc3)cc2)n1)C(=O)O,-2.83884909073726,training
O=C(Cc1cccc(SCc2ccccc2C(=O)O)c1)OCCc1ccc(C(F)(F)F)cc1,-3.47712125471966,training
CCCC/C(=C\c1cc(OCC2CCC(C(F)(F)F)CC2)ccc1OCc1ccc(C(F)(F)F)cc1)C(=O)O,-3.33445375115093,training
CS(=O)(=O)Oc1ccc(CCCCCC[C@H]2CO[C@@](C)(C(=O)O)OC2)cc1,-4.17609125905568,training
CCOC(Cc1ccc(OC(=O)Cc2ccc(NC(=O)OC(C)(C)C)cc2)c(C)c1)C(=O)O,-1.86332286012046,training
CCc1ccccc1-c1ccc(O[C@@H](Cc2ccccc2)C(=O)O)cc1,-3.07918124604762,training
C[C@]1(c2cccc(Cn3c(=O)n(-c4noc5cc(Cl)ccc45)c4ccccc43)c2)OC(=O)NC1=O,-2.00860017176192,training
CCc1cc(F)c2ccccc2c1CNC(=O)c1c(OC)cc(O)c2c1OC1=CC(O)=C(C(C)=O)C(=O)[C@]12C,-0.8109042806687,training
CCCCCCC(Sc1nc(Cl)cc(Nc2nc(-c3ccccc3)cs2)n1)C(=O)O,-3.75587485567249,training
Cc1oc(-c2ccccc2)nc1CCOc1ccc(CN(CC(=O)O)Cc2ccc(Oc3ccccc3)cc2)cc1,-1.7160033436348,training
COC1Oc2cc(O)c3c(c2C(=O)N1C(=O)NCc1ccccc1[N+](=O)[O-])OC1=CC(O)=C(C(C)=O)C(=O)[C@]13C,-3.20411998265592,training
CN(CCOc1ccc(CC(Nc2cscc2C(=O)c2ccccc2)C(=O)O)cc1)c1nc2ccccc2o1,-0.688553293647024,training
CCCc1c(OCCCOc2ccc3ccn(CC(=O)O)c3c2)ccc2c(C(F)(F)F)noc12,-3.13033376849501,training
CCC(C(=O)O)C1CCc2cc(OCCc3nc(-c4cccc(C)c4)oc3C)ccc21,-1.53147891704226,training
CCc1cc(OCCc2nc(-c3ccc(C#N)cc3)oc2C)ncc1CCC(=O)O,-1.34242268082221,training
CSc1nc(NCc2ccccc2)c(C(=O)O)c(OCc2ccccc2)n1,-3.36172783601759,training
COc1ccc(COc2cccc(OCCOc3ccc4c(c3)c(CC(=O)O)cn4Cc3ccccc3)c2)cc1,-3.27875360095283,training
Cc1oc(-c2ccc(Cl)cc2)nc1COc1cccc(CN(CC(=O)O)C(=O)OCC2CC2)c1,-2.91698004732038,training
CCCOc1cc(F)c(CC(CC)C(=O)O)cc1CNC(=O)c1ccc(C23CC4CC(CC(C4)C2)C3)cc1,-1.17609125905568,training
COC(=O)N(CC(=O)O)Cc1cccc(OCc2csc(-c3ccc(Cl)cc3)n2)c1,-3.67135800344349,training
CCC(Cc1ccc(OC)c(CNC(=O)c2cccc(Oc3ccccc3)c2)c1)C(=O)O,-3.66275783168157,training
COc1ccc2c(c1)c(Cc1ccccc1OCC(=O)O)c(C)n2C(=O)c1ccc(Cl)cc1,-2.28103336724773,training
CC[C@@H](NC(=O)c1ccc2c(c1)nc(C)n2Cc1ccccc1Cl)c1ccccc1,-1.70001106232211,training
CCc1ccccc1[C@H](C)NC(=O)c1ccc2c(c1)c(C)c(C)n2Cc1ccc(-c2ccccc2C(=O)O)cc1,-2.52374646681156,training
CCC(Cc1ccc(OC)c(C(=O)NCc2ccccc2)c1)C(=O)O,-4.0,training
Cc1c(Oc2ccc(Cl)cc2)c2ccc(OC(F)(F)F)cc2n1Cc1ccc(Cl)c(O[C@@H](C)C(=O)O)c1,-0.477121254719662,training
COC(Cc1ccc(OCCc2nc(-c3ccccc3)oc2C)nc1)C(=O)O,-1.11394335230684,training
CCCCO/N=C/c1ccc(OC(Cc2ccccc2)C(=O)O)cc1,-3.56229286445647,training
CCCc1cc2c(=O)n(C)oc2c(CCC)c1O[C@H](C(=O)O)c1ccccc1,-2.5910646070265,training
Cn1c(COc2cccc(C(=O)O)c2)nc2ccc(Oc3ncccc3F)cc21,-2.44715803134222,training
Cc1oc(-c2ccccc2)nc1CCOc1ccc(CCC2=C(C(=O)O)CCN(C(=O)OCC(C)C)C2)cc1,-1.7481880270062,training
CCOC(Cc1ccc(OCCN2CC=C(c3ccccn3)CC2)cc1)C(=O)O,-3.36172783601759,training
CCCOc1ccc(C[C@@H](Cc2ccccc2)C(=O)O)cc1CNC(=O)c1ccc(N2CCCCCCCC2)cc1,-1.58994960132571,training
CC(C)(Oc1cccc(CCCN(C(=O)COc2ccc(Cl)c(Cl)c2)c2cccc(-c3ncon3)c2C2CC2)c1)C(=O)O,-2.23044892137827,training
CCO[C@@H](Cc1ccc(OCCc2nc(-c3ccc(-c4ccccc4)s3)oc2C)cc1)C(=O)O,-0.653212513775344,training
COC(=O)N(CC(=O)O)Cc1cccc(OCc2coc(-c3ccc(C)cc3)n2)c1,-4.19256745333655,training
CCCc1nc2ccc(-c3cccc(O)c3)cc2n1Cc1ccc(-c2ccccc2C(=O)O)cc1,-3.61172330800734,training
Cc1oc(-c2ccccc2)nc1CCOc1ccc(Cc2nn(-c3ccccc3)nc2C(=O)O)cc1,-3.9670797341445,training
CCCc1cc(Oc2ccc(C3CCCC3)cc2)ccc1OCCCOc1cccc(C2SC(=O)NC2=O)c1,-2.0899051114394,training
CCn1nc(C(=O)NCc2ccc(OC(C)(C)C(=O)O)c(C)c2)cc1-c1ccc(C(C)(C)C)cc1,-1.17609125905568,training
O=C(O)CCCc1cc2cc(Cl)ccc2n1S(=O)(=O)c1ccc2ccccc2c1,-1.54406804435028,training
CCCc1cc(Oc2ccc(Cl)c(Cl)c2)ccc1OCCCOc1cccc(C2SC(=O)NC2=O)c1,-1.67209785793572,training
Cc1cc(F)cnc1Oc1ccc2nc(COc3cccc(C(=O)O)c3)n(C)c2c1,-2.0,training
Cc1oc(-c2ccccc2)nc1COc1ccc(Cc2ccc(OC(C)C(=O)O)cc2)cc1,-2.46239799789896,training
COC(=O)N(CC(=O)O)Cc1cc(OCc2nc(-c3ccccc3)oc2C)ccc1F,-3.93485180296566,training
COc1ccc(C(=O)c2cc(C)cn2C/C=C/c2ccc(Cl)cc2C(=O)NS(C)(=O)=O)cc1,-4.07918124604763,training
C[C@]1(C(=O)O)CCc2ccc(OCCCOc3ccc(OCC4CCC4)cc3Cl)cc2O1,-2.84509804001426,training
Cc1oc(-c2cccc(Br)c2)nc1CN(Cc1ccccc1)Cc1ccc(OC(C)(C)C(=O)O)cc1,-3.34242268082221,training
COc1cc(C(=O)NS(=O)(=O)c2ccccc2)ccc1Cc1cn(C)c2ccc(NC(=O)OC3CCCC3)cc12,-2.36172783601759,training
CCCCS(=O)(=O)NC(=O)CCc1cc(OC(C)C)nn1Cc1ccc(Cl)cc1Cl,-1.60205999132796,training
CCCc1cc(Oc2ccccc2)ccc1OCCCOc1ccc2c(c1)CCC(C(=O)O)O2,-3.44715803134222,training
CCC(Cc1ccc(OC)c(CNC(=O)c2ccc(C3CCCCC3)cc2)c1)C(=O)O,-2.34242268082221,training
Cc1oc(-c2ccc(Cl)cc2)nc1CCOc1cccc(C[C@@H]2C(=O)N(c3ccc(C(C)(C)C)cc3)[C@@H]2C(=O)O)c1,-1.77815125038364,training
CCCCCS(=O)(=O)NC(=O)CCc1ccccc1Oc1ncc(C(F)(F)F)cc1Cl,-1.78532983501077,training
Cn1c(COc2cccc(C(=O)O)c2)nc2cnc(Oc3ccc4c(c3)OCC4)cc21,-2.52504480703685,training
CC(C)(O)CCCCN1C(=O)C(CCOc2ccccc2CC(=O)O)Oc2ccccc21,-2.80888586735981,training
Cc1ccc(S(=O)(=O)Oc2ccc(N(CC(=O)O)S(=O)(=O)c3ccc(C)cc3)cc2)cc1,-1.1846914308176,training
CCC(Cc1ccc(OC)c(CNC(=O)c2ccc(C34CC5CC(CC(C5)C3)C4)cc2)c1)C(=O)O,-2.06069784035361,training
CCCc1nn2ccc(C(=O)NC(CC)c3ccccc3)cc2c1Cc1ccc(-c2ccccc2-c2nn[nH]n2)cc1,-2.25527250510331,training
COc1ccc2c(c1)c(Cc1cccc(OCC(=O)O)c1)c(C)n2C(=O)c1ccc(Cl)cc1,-1.88649072517248,training
CCOC(Cc1ccc(OCCN2CC=C(c3cccc(OC)c3)CC2)cc1)C(=O)O,-3.37657695705651,training
CO[C@@H](Cc1ccc(OCCc2nc(-c3ccc(C(C)C)cc3)oc2C)c2ccsc12)C(=O)O,-1.0,training
Cc1oc(-c2ccccc2)nc1CCOc1ccc(C[C@@H]2CN(c3ncccn3)C[C@@H]2C(=O)O)cc1,-3.02530586526477,training
C/C(=C\C(=O)c1ccccc1)NC(Cc1ccc(OCCCOc2ccc(/C=C/c3ccc(C(F)(F)F)cc3)cc2)cc1)C(=O)O,-1.50514997831991,training
C/C(=N\OCCCCO/N=C(/CCC(=O)O)c1ccccc1)c1ccc2ccccc2c1,-2.30102999566398,training
Cc1cccc(C)c1-c1ccc(O[C@@H](Cc2ccccc2)C(=O)O)cc1,-3.40483371661994,training
CCCCCS(=O)(=O)NC(=O)C(C)Cc1ccc(OCCOC)cc1Oc1ncc(C(F)(F)F)cc1Cl,-0.361727836017593,training
Cc1ccccc1CNC(=O)c1ccc2c(c1)c(C)c(C)n2Cc1ccc(-c2ccccc2C(=O)O)cc1,-2.80071707828239,training
CCCCCS(=O)(=O)NC(=O)CCc1ccc(OCC(=O)N(CC)CC)cc1Oc1ncc(C(F)(F)F)cc1Cl,-0.838849090737255,training
CCCCc1nc(C)c(Cc2nc(C(C)C)no2)c(=O)n1Cc1ccc(-c2ccccc2-c2noc(=O)[nH]2)cc1,-3.12057393120585,training
CCO[C@@H](Cc1ccc(OC/C=C/c2cc(-c3ccccc3)cc(-c3ccccc3)c2)cc1)C(=O)O,-2.30102999566398,training
CCOC(=O)C(C(=O)O)C1CCc2cc(OCCc3nc(-c4ccccc4)oc3C)ccc21,-1.83250891270624,training
CCCc1cc(Oc2ccc(C3CCCC3)cc2)ccc1OCCCOc1ccc(C2SC(=O)NC2=O)cc1,-2.0899051114394,training
CCCCCCC(Sc1nc2ccc(NS(=O)(=O)c3ccc(Cl)cc3)cc2s1)C(=O)O,-1.69897000433602,training
CCCc1cc(Oc2ccc(O)cc2)ccc1OCCCOc1ccc(C2SC(=O)NC2=O)cc1,-1.36172783601759,training
CCOC(Cc1ccc(OCCN2CC=C(c3ncccn3)CC2)cc1)C(=O)O,-3.66275783168157,training
O=C(O)COc1ccc(OCc2cc(-c3ccccc3)cc(-c3ccccc3)c2)cc1,-3.07918124604762,training
CCOC(Cc1ccc2c(ccn2Cc2nc(-c3ccccc3Cl)oc2C)c1)C(=O)O,-2.88081359228079,training
CCCCCCCc1nc2ccccc2n1Cc1ccc(-c2ccccc2C(N)=O)cc1,-2.92427928606188,training
CCCc1c(OCCCCOc2ccc(/C=C/C(=O)O)cc2)ccc2c(-c3ccccc3)noc12,-1.46239799789896,training
CN(CCOc1ccc(/C=C2\SC(=O)NC2=O)cc1)c1nccs1,-2.84509804001426,training
C=CCCCCN1C(=O)C(CCOc2ccccc2CC(=O)O)Oc2ccccc21,-2.31806333496276,training
CCCc1c(OCCCCOc2ccc(CC(C)(C)C(=O)O)cc2)ccc2c(-c3ccccc3)noc12,-1.30102999566398,training
CC(=O)c1cc(NS(=O)(=O)c2ccc(Cl)cc2Cl)cc(Cl)c1Oc1cncc(Cl)c1,-1.47712125471966,training
COc1ccc(/C=C/c2cc(O)c(C/C=C(\C)CCC=C(C)C)c(O)c2)cc1,-4.14612803567824,training
CCC(C(=O)O)C1CCc2cc(OCCc3nc(-c4ccc(C)c(F)c4)oc3C)ccc21,-1.63346845557959,training
CC(C)(Oc1ccc(OCCc2ccc(/N=N/c3ccccc3)cc2)cc1)C(=O)O,-3.77815125038364,training
Cc1cc(-c2nc(CCOc3ccc(C[C@H](Nc4ccccc4C(=O)c4ccccc4)C(=O)O)cc3)c(C)s2)no1,-0.91126417099837,training
CCC(C(=O)O)C1CCc2cc(OCCc3nc(-c4ccccc4)oc3C)c(-c3ccccc3)cc21,-2.46239799789896,training
CCCCCOc1ccccc1C(O)CC#CCCCC(=O)OC,-2.80753502806885,training
Cc1oc(-c2ccccc2)nc1CCOc1cccc(CN(CC(=O)O)Cc2ccc(OCc3ccccc3)cc2)c1,-2.61489721603313,training
CC(C)(Oc1ccc(CCOc2ccc(/C=C/c3ccccc3)cc2)cc1)C(=O)O,-4.10037054511756,training
O=S(=O)(Nc1ccc(Oc2cncc(Cl)c2)c(F)c1)c1ccc(Cl)cc1Cl,-3.0,training
CCCc1oc(-c2ccccc2Cl)nc1CCc1noc2cc(OC(C)(C)C(=O)O)ccc12,-4.42160392686983,training
C=CCn1nc(-c2ccc(C(C)(C)C)cc2)cc1C(=O)NCc1ccc(OC(C)(C)C(=O)O)c(C)c1,-1.77815125038364,training
CC(C)(Oc1ccc(CCCOc2ccc(Oc3ccccc3)cc2)cc1)C(=O)O,-4.87621784059164,training
CCOC(=O)C(Cc1ccc(OCCn2c(=O)sc3cc(C(=O)/C=C/c4cc(OC)cc(OC)c4)ccc32)cc1)OCC,-1.47712125471966,training
CCO[C@@H](Cc1cccc(C2=NOC(c3ccc(Cl)cc3)C2)c1)C(=O)O,-2.91169015875386,training
Cc1ccc(OC(=O)N(CC(=O)O)Cc2cccc(OCc3nc(-c4ccc(C(C)(C)C)cc4)oc3C)c2)cc1,-1.30319605742049,training
O=C(O)CC1COc2cc(OCCCOc3ccccc3F)ccc21,-3.42651126136458,training
C/C(=C1/c2ccc(Cn3c(C4CC4)nc4c(Cl)ccnc43)cc2COc2cc(F)ccc21)c1noc(=O)[nH]1,-1.50514997831991,training
COC(=O)N(CC(=O)O)Cc1cccc(OCc2coc(-c3ccc(Cl)cc3)n2)c1,-3.96345726011671,training
COc1ccc(-c2nc(CCOc3ccc4c(c3)CC[C@H]4CC(=O)O)c(C)n2C)cc1,-4.0,training
CC(C)(CCCCN1C(=O)C(CCOc2ccccc2CC(=O)O)Oc2ccccc21)C(=O)O,-3.0,training
CC(C)(Oc1ccc(CCN(CCCCCC2CCCCC2)C(=O)Nc2ccc(F)cc2)cc1)C(=O)O,-3.20411998265592,training
Cc1cc(CCOc2ccc(C[C@H](Nc3ccccc3C(=O)c3ccccc3)C(=O)O)cc2)nn1-c1ccccc1,-1.039711479326,training
Cn1c(CCCc2ccc(OC(C)(C)C(=O)O)cc2)nn(Cc2ccc(C(C)(C)C)cc2)c1=O,-3.17609125905568,training
CCC(Oc1cccc(CN(CCCOc2ccc3c(c2)OCO3)c2nc3ccccc3o2)c1)C(=O)O,-3.25527250510331,training
COc1cc(OC(C)(C)C(=O)O)ccc1CN(Cc1ccco1)Cc1nc(-c2ccccc2)oc1C,-2.51851393987789,training
O=C(Cc1ccc(SCc2ccccc2C(=O)O)cc1)OCCc1ccccc1C(F)(F)F,-3.91381385238372,training
CCCc1cc(Oc2ccc(S(C)(=O)=O)cc2)ccc1OCCCOc1ccc2c(c1)OC(CC)(C(=O)O)CC2,-3.44715803134222,training
CC(C)(Oc1ccc(CO)cc1)C(=O)O,-4.47712125471966,training
CCO[C@@H](Cc1ccc(OC/C=C/c2cc(CCc3ccccc3)cc(CCc3ccccc3)c2)cc1)C(=O)O,-3.70757017609794,training
O=C(O)[C@H](Cc1ccccc1)Oc1ccc(-c2ccccc2C(F)(F)F)cc1,-3.0,training
CCCCC[C@H](O)/C=C/[C@@H]1[C@H]2C/C(=C\CCCC(=O)O)C[C@H]2C[C@H]1O,-3.89817648349768,training
Cc1cnc(Oc2ccc3nc(COc4cccc(C(=O)O)c4)n(C)c3c2)c(C)c1,-1.61278385671974,training
Cc1ccc(OC(=O)N(CC(=O)O)Cc2cccc(OCc3nc(-c4ccc(-c5ccccc5)cc4)oc3C)c2)cc1,-2.59988307207369,training
NC(=O)C(Cc1ccc(OCCOc2ccc3c(c2)NCCC3)cc1)C(=O)O,-3.45939248775923,training
COc1ccc2c(-n3c(=O)n(Cc4ccc(Cl)c(O[C@H](C)C(=O)O)c4)c4cc(OC(F)(F)F)ccc43)noc2c1,-1.05690485133647,training
C=C[C@@H](O)C#CC#C[C@@H](O)/C=C\CCCCCCC,-3.50514997831991,training
COC1Oc2cc(O)c3c(c2C(=O)N1C(=O)NCc1ccc(Cl)cc1)OC1=CC(O)=C(C(C)=O)C(=O)[C@]13C,-2.88649072517248,training
Cn1c(COc2cccc(C(=O)O)c2)nc2ccc(Oc3ncccc3Cl)cc21,-2.30102999566398,training
Cc1oc(-c2ccccc2)nc1CN(C)Cc1ccc(C[C@@H](C(=O)O)n2cccc2)cc1,-3.84509804001426,training
CCc1nc2ccn(CC(C)C)c(=O)c2n1[C@H]1CCc2cc(-c3ccccc3-c3nnn[nH]3)ccc21,-3.23299611039215,training
CCCCCOc1ncccc1C(O)CC#CCCCC(=O)OC,-2.73957234445009,training
COc1cccc(OC(=O)N(CC(=O)O)[C@@H](C)c2cccc(OCc3coc(-c4ccc(Cl)cc4)n3)c2)c1,-2.88761730033574,training
Cc1oc(-c2ccc(C#N)cc2)nc1CCOc1ccc(CC2(C(=O)O)CCCO2)cn1,-1.44715803134222,training
CCCCCS(=O)(=O)NC(=O)CCc1cc(OCCOC)nn1Cc1ccc(Cl)cc1Cl,-1.49136169383427,training
CCOc1cccc(Oc2c(C(=O)O)n(-c3ccc(C(C)(C)C)cc3)c3ccccc23)c1,-2.36735592102602,training
CC(C)(C)c1ccc(C(=O)Nc2ccccc2C(=O)Nc2cc(C(=O)O)ccc2F)cc1,-3.76342799356294,training
CSc1nc(NCc2cccnc2)c(C(=O)O)c(SCc2ccccc2)n1,-2.86923171973098,training
O=C(O)CSc1nc(Cl)cc(Nc2cccc3c2CCCC3)n1,-3.32221929473392,training
O=C(O)Cc1ccc2[nH]c(-c3ccccc3)c(CCc3ccccc3)c2c1,-2.49000064189095,training
Cc1ccc2onc(-n3c(=O)n(Cc4ccc(Cl)c(O[C@H](C)C(=O)O)c4)c4cc(C(F)(F)F)ccc43)c2c1,-3.47712125471966,training
O=C(O)[C@H](Cc1ccccc1)Oc1ccc2ccccc2c1,-3.1780498470321,training
Cc1nc2cc(C(=O)NCc3ccccc3)ccc2n1Cc1ccc(Cl)c(Cl)c1,-2.60000308662774,training
CCCNC(=S)OC(CCc1ccc(C[C@H](OCC)C(=O)O)cc1)c1ccccc1,-3.54157924394658,training
Cc1c(Oc2ccc(Cl)cc2)c2cccnc2n1Cc1cc(O[C@@H](C)C(=O)O)ccc1F,-2.19312459835446,training
Cc1nc(-c2ccc(-c3ccccc3)cc2)n(C)c1CCOc1ccc2c(c1)CC[C@H]2CC(=O)O,-1.44715803134222,training
COC(=O)c1cc2ccc(OCCc3nc(-c4cccc(C(F)(F)F)c4)oc3C)cc2oc1=O,-2.6232492903979,training
CCCC/C(=C\c1cc(OCC(c2ccccc2)c2ccccc2)ccc1OCc1ccc(C(F)(F)F)cc1)C(=O)O,-3.10037054511756,training
O=C(O)CCCc1cc2cc(Cl)ccc2n1S(=O)(=O)c1cccc2ccccc12,-2.42324587393681,training
CC(C)COc1ccc2c(c1)c(Oc1cccc(C(F)(F)F)c1)c(C(=O)O)n2-c1ccc(C(C)(C)C)cc1,-1.95904139232109,training
Cc1ccc([C@H](C)NC(=O)c2ccc3c(c2)c(C)c(C)n3Cc2ccc(-c3ccccc3C(=O)O)cc2)cc1,-2.53655844257153,training
O=C(O)Cc1ccccc1OCCC1Oc2ccccc2N(CCCCCCO)C1=O,-2.30102999566398,training
CCC(C(=O)O)C1CCc2cc(OCCc3nc(-c4ccc(C(C)(C)C)cc4)oc3C)ccc21,-1.27875360095283,training
CCCCCCC(Sc1nc(Cl)cc(NCCCC(=O)NCc2ccccc2C(F)(F)F)n1)C(=O)O,-3.77815125038364,training
O=C(O)CCCNC(=O)c1ccccc1NC(=O)c1cccc2ccccc12,-4.61278385671974,training
CCCc1cc(C(=O)CC)cc(CCC)c1OC(C)(C)C(=O)O,-3.11394335230684,training
Cn1c(COc2cccc(C(=O)O)c2)nc2ccc(Oc3ccc(F)cc3)cc21,-2.08635983067475,training
CCCc1cc(C(=O)c2ccc3ccccc3c2)ccc1OCCCn1ccc2cc(OC(C)(C)C(=O)O)ccc21,-2.56820172406699,training
CCC(C(=O)O)C1CCc2cc(OCCc3nc(-c4ccccc4)oc3C)c(Cl)cc21,-2.46834733041216,training
Cc1oc(-c2ccccc2)nc1CNc1ccc(OC(C)(C)C(=O)O)cc1,-3.94448267215017,training
Cc1oc(-c2ccc(Br)cc2)nc1CCOc1ccc(OC(C)(C)C(=O)O)cc1,-3.23451728351269,training
CCO[C@@H](Cc1cccc(/C(C)=N/OCc2ccc(F)cc2)c1)C(=O)O,-2.14301480025409,training
CCOC(=O)C(C)(C)Oc1ccc(C(=O)C2Cc3ccccc3OC2=O)cc1,-4.59846220047415,training
Cc1ccc(C(=O)c2nccn2C/C=C/c2cccc(OC(C)(C)C(=O)O)c2)cc1,-4.07918124604763,training
O=C(O)CCCOc1ccc(CCc2ccc(N3C(=O)c4ccccc4C3=O)cc2)cc1,-4.07918124604763,training
CCCc1c(OCCCOc2ccc3c(ccn3C(CC)C(=O)O)c2)ccc2c(C(F)(F)F)noc12,-3.77085201164214,training
Cc1ccc(-c2nc(CCCCO/N=C(\CCC(=O)O)c3ccccc3)c(C)o2)cc1,-2.63346845557959,training
COc1cc(C(=O)NS(=O)(=O)c2ccccc2C)ccc1Cc1cn(C)c2ccc(NC(=O)NC3CCCCC3)cc12,-2.82607480270083,training
CCn1nc(-c2ccc(C(C)(C)C)cc2)cc1C(=O)NCc1ccc(OC(C)(C)C(=O)O)c(C)c1,-1.47712125471966,training
CC(C)OC(Cc1ccc(OCCc2noc(-c3cc(C(F)(F)F)cc(C(F)(F)F)c3)n2)cc1)C(=O)O,-0.602059991327962,training
Cn1c(COc2cccc(C(=O)O)c2)nc2ccc(Oc3cc(F)cc(Cl)c3)cc21,-1.36172783601759,training
CC(C)OC(Cc1ccc(OCCc2noc(-c3cccc(Cl)c3)n2)cc1)C(=O)O,-0.602059991327962,training
CCCc1nc2ccc(C(=O)NC(CC)c3ccccc3)cc2n1Cc1ccc(-c2ccccc2C(=O)O)cc1,-2.95424250943932,training
CC(C)OC(Cc1ccc(OCc2noc(-c3cc(F)cc(F)c3)n2)cc1)C(=O)O,-2.0,training
CCCCCCCOC(=O)C1C(c2ccccc2)C(C(=O)O)C1c1ccccc1,-3.93449845124357,training
Cc1oc(-c2ccc(C(C)C)cc2)nc1CCOc1ccc(C[C@H](OCC2CC2)C(=O)O)c2sccc12,-1.0,training
COC1Oc2cc(O)c3c(c2C(=O)N1C(=O)NCc1cccc2ccccc12)OC1=CC(O)=C(C(C)=O)C(=O)[C@]13C,-2.25527250510331,training
CCCc1cc(C(=O)c2ccc(-c3ccccc3)cc2)ccc1OCCCn1ccc2c(OC(C)(C)C(=O)O)cccc21,-2.47712125471966,training
CCCc1cc(C(F)(F)F)ncc1OCCCOc1ccc(OCC(=O)O)c(C)c1,-3.19920647916166,training
Cc1cc(Oc2cccc(CNC(=O)c3ccc(Cl)cc3C)c2)ccc1OC(C)(C)C(=O)O,-1.44715803134222,training
Cc1oc(-c2ccc(Cl)cc2)nc1COc1ccc(F)c(CN(CC(=O)O)C(=O)OCC(C)C)c1,-3.17724783625562,training
Cc1ccccc1CC(Oc1ccc(Cl)cc1)C(=O)O,-3.93145787068901,training
O=C(O)CC1COc2cc(OCCCOc3ccccc3)ccc21,-3.72098574415374,training
Cc1c(C)n(Cc2ccc(-c3ccccc3C(=O)O)cc2)c2ccc(C(=O)N[C@@H](C)c3ccc(C(C)(C)C)cc3)cc12,-2.55022835305509,training
Cc1oc(-c2ccccc2)nc1CCOc1ccc(C[C@@H](CNC(=O)C2CC2)Nc2ccccc2C(=O)c2ccccc2)cc1,-2.80000182781797,training
CCc1cc(OCCc2nc(-c3ccc([N+](=O)[O-])cc3)oc2C)ncc1CCC(=O)O,-1.39794000867204,training
CCc1ccc(-c2nc(CCCC[C@H]3CO[C@@](C)(C(=O)O)OC3)c(C)o2)cc1,-3.47712125471966,training
CCOC(=O)C1=C(c2ccoc2)c2ccc(OCCCc3ccccc3)cc2/C1=[N+](/C)[O-],-1.69897000433602,training
CCC(Oc1cccc(CN(CCCOc2ccc(F)c(F)c2)c2nc3ccccc3o2)c1)C(=O)O,-3.25527250510331,training
CC[C@@H](Cc1ccc(OC)c(CNC(=O)c2ccc(Oc3ccc(Cl)cc3)cc2)c1)C(=O)O,-2.91907809237607,training
Cc1oc(-c2ccccc2)nc1CN(Cc1ccc(OC(C)(C)C(=O)O)cc1)Cc1ccco1,-2.82607480270083,training
C/C(=N\OCCCCO/N=C(/CCC(=O)O)c1ccccc1)c1cccc(-c2ccccc2)c1,-2.0,training
CCC(C(=O)O)C1CCc2cc(OCCc3nc(-c4ccc5ccccc5c4)oc3C)ccc21,-1.20411998265592,training
Cc1ccc(S(=O)(=O)Oc2cc(OCc3ccc(C(F)(F)F)cc3)c(/C=C3\SC(=O)NC3=O)cc2Br)cc1,-2.53147891704225,training
Cc1cc(OCc2nc(-c3ccc(OC(C)C)nc3)c(-c3ccc(OC(F)(F)F)cc3)o2)ccc1OCC(=O)O,-4.84509804001426,training
Cc1oc(-c2ccccc2)nc1COc1ccc(CO/N=C(\CCC(=O)O)c2ccccc2)cc1,-0.602059991327962,training
OC[C@H]1O[C@@H](Oc2ccc(CCCC[C@H](O)CCc3ccc(O[C@@H]4O[C@H](CO)[C@@H](O)[C@H](O)[C@H]4O)c(O)c3)cc2O)[C@H](O)[C@@H](O)[C@@H]1O,-4.51982799377572,training
CCCc1cc(C(=O)CC)cc(CCC)c1O[C@H](C(=O)O)c1ccc(CC(C)C)cc1,-2.25527250510331,training
CCOC(Cc1ccc(OCCN2CC=C(c3ccccc3)CC2)cc1)C(=O)O,-3.33243845991561,training
Cc1oc(-c2ccccc2)nc1CCOc1ccc(CN(CC(=O)O)Cc2ccc3c(c2)OCO3)cc1,-2.48713837547719,training
CCCC/C(=C\c1cc(OCc2cccnc2)ccc1OCc1ccc(C(F)(F)F)cc1)C(=O)O,-3.40823996531185,training
O=C(CCCCC1CCSS1)NCCOc1ccc(CC2SC(=O)NC2=O)cc1,-4.0,training
COc1ccc(COc2ccc(CNc3cccc(OC(C)(C)C(=O)O)c3)c(OCc3ccc(OC)cc3)c2)cc1,-3.7481880270062,training
C=CCOc1ccc(-c2cc(C(=O)NCc3ccc(OC(C)(C)C(=O)O)c(C)c3)nn2C)cc1,-1.44715803134222,training
Cc1oc(-c2ccccc2)nc1CCOc1ccc(CCC(=O)O)c(CNS(=O)(=O)Cc2ccccc2)c1,-2.72181061521255,training
Cc1ccc(OC(=O)N(CC(=O)O)Cc2cccc(OCc3nc(-c4ccc(C(F)(F)F)cc4)oc3C)c2)cc1,-2.8481891169914,training
CC[C@@](C)(Oc1cccc(Cn2c(C)c(C(=O)c3ccc(Cl)cc3)c3ccc(OC(F)(F)F)cc32)c1)C(=O)O,-0.301029995663981,training
Cc1c(C)n(Cc2ccc(-c3ccccc3C(=O)O)cc2)c2ccc(C(=O)NCCCc3ccccc3)cc12,-1.34242268082221,training
CCCCCCC(Sc1nc(Cl)cc(Nc2cccc(C)c2C)n1)C(=O)O,-3.55630250076729,training
CCCc1nc2c(NS(C)(=O)=O)cccc2n1Cc1ccc2c(c1)COc1ccccc1/C2=C(\C)c1noc(=O)[nH]1,-2.22010808804005,training
CCOC(Cc1ccc(OCCCN2c3ccccc3OCOc3ccccc32)cc1)C(=O)O,-3.07918124604762,training
Cc1oc(-c2ccc(-c3ccccc3)cc2)nc1CCOc1ccc(CC(C)(Oc2ccccc2)C(=O)O)cc1,-0.845098040014257,training
CC(Cc1ccc(Oc2cc(N3CCN(Cc4ccccc4)CC3)nc(N)n2)cc1)(Oc1ccccc1)C(=O)O,-3.8208579894397,training
N[C@@H](Cc1cc(I)c(Oc2ccc(O)c(I)c2)c(I)c1)C(=O)O,-3.76342799356294,training
CCCCc1nc(C(C)C)c(Cc2nc(C(C)(C)C)no2)c(=O)n1Cc1ccc(-c2ccccc2-c2noc(=O)[nH]2)cc1,-2.77085201164214,training
Cc1c(Br)ccc(Nc2cc(Cl)nc(SCC(=O)O)n2)c1C,-4.7160033436348,training
Cc1oc(-c2ccccc2)nc1CCOc1ccc2c(c1)CCC2C(C(=O)O)C1CC1,-2.20411998265592,training
Cc1cc(Oc2cccc(CNC(=O)c3cc4cc(Cl)c(Cl)cc4[nH]3)c2)ccc1CCC(=O)O,-2.37657695705651,training
O=C(O)CCCc1cc2cc(Cl)ccc2n1S(=O)(=O)c1ccc2nsnc2c1,-2.1846914308176,training
CCCc1c(OCCCSc2ccc(CC(=O)O)cc2Cl)ccc(C(C)=O)c1O,-2.36172783601759,training
Cc1oc(-c2ccccc2)nc1CCOc1cccc(CC2=CN(c3nccc(C(F)(F)F)n3)CCC2C(=O)O)c1,-1.36172783601759,training
Cc1oc(-c2ccc(C(C)C)cc2)nc1CCOc1ccc2c(c1)CC[C@H]2CC(=O)O,0.0,training
Cc1cnc2c(C(F)(F)F)cccc2c1-c1cccc(CNc2cccc3c(CC(=O)O)cccc23)c1,-1.60205999132796,training
CC(C)(C#N)CCCCN1C(=O)C(CCOc2ccccc2CC(=O)O)Oc2ccccc21,-2.55509444857832,training
CCO[C@@H](Cc1ccc(OC/C=C/c2cc(C(F)(F)F)cc(C(F)(F)F)c2)cc1)C(=O)O,-2.60205999132796,training
CCCCCCCNc1nc(NCc2ccccc2)c(C(=O)O)c(SCc2ccccc2)n1,-2.39794000867204,training
Cc1oc(-c2ccccc2)nc1CCOc1ccc(C[C@H](OCC(F)(F)F)C(=O)O)c2sccc12,-2.17897694729317,training
CN(CCOc1ccc(CC(Nc2cccc3c2C(=O)c2ccccc2C3=O)C(=O)O)cc1)c1nc2ccccc2o1,-0.700011062322112,training
CCCCCCC(Sc1nc2ccc(NCc3ccccc3)cc2s1)C(=O)O,-3.23044892137827,training
CCO[C@@H](Cc1cccc(/C(C)=N/OCc2cccc(Cl)c2)c1)C(=O)O,-1.0,training
CCO[C@@H](Cc1ccc(OCCN2CCC(C)(C)c3cc(/C(=N/OCc4ccccc4)c4ccccc4)ccc32)cc1)C(=O)O,-0.845098040014257,training
CC(C)(O)C#CCOc1cc(COc2ccc(C(F)(F)F)cc2)ccc1Sc1ccc(OCC(=O)O)c2c1CCCC2,-3.34242268082221,training
COc1cc(CNC(=O)c2cc(-c3ccc(CC(C)C)cc3)n(C)n2)ccc1OC(C)(C)C(=O)O,-2.11394335230684,training
Cc1ccsc1-c1nc(CCOc2ccc(C[C@H](Nc3ccccc3C(=O)c3ccccc3)C(=O)O)cc2)c(C)o1,-0.481370956832549,training
O=C(O)c1cccc(NC(=O)c2ccccc2NC(=O)c2cc(C(F)(F)F)cc(C(F)(F)F)c2)c1,-4.04139268515823,training
CCc1cc(OCCc2nc(-c3ccc(-c4nnn[nH]4)cc3)oc2C)ccc1CCC(=O)O,-3.83001093593612,training
Cc1cc(Oc2cccc(CNC(=O)c3c(C)c4cc(Cl)ccc4n3C)c2)ccc1CCC(=O)O,-1.64345267648619,training
Cc1cccc(S(=O)(=O)n2c(CCCC(=O)O)cc3cc(Cl)ccc32)c1,-1.8750612633917,training
CCCCC(Sc1ccc(OCCCOc2cccc(C(C)C)c2)cc1)C(=O)O,-3.72427586960079,training
CCCC/C(=C\c1cc(OCc2ccc(OCCN3CCOCC3)cc2)ccc1OCc1ccc(C(F)(F)F)cc1)C(=O)O,-3.57634135020579,training
CCC(Cc1ccc(C(=O)NCc2ccc(Cl)cc2)cc1)C(=O)O,-3.60205999132796,training
Cc1cc(OCc2cc(-c3ccccc3)cc(-c3ccccc3)c2)ccc1OCC(=O)O,-2.86923171973098,training
Cc1cnc(Oc2ccc3nc(COc4cccc(C(=O)O)c4)n(C)c3c2)c(F)c1,-1.63346845557959,training
CC(C)(C)c1ccc(C(=O)Nc2ccccc2C(=O)Nc2cc(C(=O)O)ccc2Cl)cc1,-3.27875360095283,training
CCCc1nn2ccc(-c3nc4ccccc4n3CCC)cc2c1Cc1ccc(-c2ccccc2C(=O)O)cc1,-2.44715803134222,training
CCCc1c(OCC(C)COc2cccc3c2ccn3CC(=O)O)ccc2c(C(F)(F)F)noc12,-3.4814426285023,training
CC[C@@H](NC(=O)c1ccc2c(c1)ncn2Cc1ccc(Cl)c(Cl)c1)c1ccccc1,-0.400019635065159,training
COc1cccc(-c2nc(CCOc3ccc4c(c3)CC[C@H]4CC(=O)O)c(C)o2)c1,-1.25527250510331,training
CCO[C@@H](Cc1ccc(OC/C=C/c2cc(OCC(F)(F)F)cc(OCC(F)(F)F)c2)cc1)C(=O)O,-2.90308998699194,training
Cc1sc(-c2cccc(F)c2)nc1CCOc1ccc2c(c1)CC[C@H]2CC(=O)O,-1.67209785793572,training
CCCCc1cccc(/C(C)=N/OCCCCO/N=C(/CCC(=O)O)c2ccccc2)c1,-2.30102999566398,training
CCC(Cc1ccc(OC)c(CNC(=O)c2ccc(OC(F)(F)F)cc2)c1)C(=O)O,-3.64345267648619,training
CCO[C@@H](Cc1ccc(OCC=C(c2ccc(OC)cc2)c2ccc(OC)cc2)cc1)C(=O)O,-3.34121286901668,training
Cc1ccc(Oc2ccc(OC(C)(C)C(=O)O)c(C)c2)cc1CNC(=O)c1ccc(C(F)(F)F)cc1F,-1.63346845557959,training
CCO[C@@H](Cc1cccc(/C(C)=N/OCc2ccc(Br)cc2)c1)C(=O)O,-1.55630250076729,training
CC(C)CCS(=O)(=O)NC(=O)CCc1cc(OC(C)C)nn1Cc1ccc(Cl)cc1Cl,-1.23044892137827,training
COc1cc(O)c2c(c1C(=O)NCc1ccccc1)OC1=CC(O)=C(C(C)=O)C(=O)[C@]12C,-2.34242268082221,training
CO/N=C(\c1ccccc1)c1ccc2c(c1)C(C)(C)CCN2CCOc1ccc(C[C@H](OCC(F)(F)F)C(=O)O)cc1,-2.09691001300806,training
CCOc1cccc(Oc2ccc3nc(COc4cccc(C(=O)O)c4)n(C)c3c2)c1,-1.60205999132796,training
COc1ccccc1-c1nc(CCOc2ccc(CC(OC)C(=O)O)c3sccc23)c(C)o1,-3.20817252666712,training
COC(=O)N(CC(=O)O)Cc1cccc(OCc2coc(-c3ccc(C(F)(F)F)cc3)n2)c1,-3.68259629146055,training
CCO[C@@H](Cc1ccc(OC/C=C/c2ccccc2)cc1)C(=O)O,-3.90308998699194,training
CCc1nc2ccn(Cc3ccccc3)c(=O)c2n1[C@H]1CCc2cc(-c3ccccc3-c3nnn[nH]3)ccc21,-2.46538285144842,training
CCC(Cc1ccc(C(=O)NCc2ccc(OC(F)(F)F)cc2)cc1)C(=O)O,-3.30102999566398,training
O=C(O)CCc1ccc(OCCN(Cc2ccc(C(F)(F)F)cc2)c2nc3ccccc3s2)cc1,-3.56702636615906,training
O=C(O)Cc1cccc(NC(=O)c2ccccc2NC(=O)c2ccc(-c3ccccc3)cc2)c1,-3.41497334797082,training
CCCc1nc2cc(-c3cccc(OC)c3)ccc2n1Cc1ccc(-c2ccccc2C(=O)O)cc1,-2.46239799789896,training
N#Cc1cc(NS(=O)(=O)c2ccc(Cl)cc2Cl)ccc1Oc1cncc(Cl)c1,-2.47712125471966,training
CCCCc1nc(C)c(CC(=O)OCC2CC2)c(=O)n1Cc1ccc(-c2ccccc2-c2noc(=O)[nH]2)cc1,-3.25767857486918,training
O=C(O)C(Cc1cccc(F)c1)Oc1ccccc1C(F)(F)F,-4.06445798922692,training
CCc1ccc(-c2nc(CCOc3ccc4c(c3)CC[C@H]4CC(=O)O)c(C)n2C)cc1,-2.54032947479087,training
CCCc1cc(Oc2ccc(S(C)(=O)=O)cc2)ccc1OCCCOc1ccc(C2SC(=O)NC2=O)cc1,-2.07918124604762,training
COc1ccc(C(=O)NCc2cccc(Oc3ccc(OC(C)(C)C(=O)O)c(C)c3)c2)c(C)c1,-1.41497334797082,training
CCOC(=O)C1=C(c2ccsc2)c2ccc(OCCCc3ccccc3)cc2/C1=[N+](/C)[O-],-2.27875360095283,training
COc1ccc(C)cc1NC(=O)N(CCc1ccc(SC(C)(C)C(=O)O)cc1)CCc1ccc(-c2ccccc2)cc1,-4.0,training
CCC(Cc1ccc(OCCc2nc(-c3ccccc3)oc2C)nc1)C(=O)O,-1.81291335664286,training
CCCCCS(=O)(=O)NC(=O)CCc1cc(C(C)C)nn1Cc1ccc(C(F)(F)F)cc1Cl,-0.924279286061882,training
Cc1sc(-c2ccccc2)nc1CCOc1ccc(C[C@@](O)(C(=O)O)c2ccccc2C(=O)c2ccccc2)cc1,1.0,training
Cc1cccc(CNC(=O)c2ccc3c(c2)c(C)c(C)n3Cc2ccc(-c3ccccc3C(=O)O)cc2)c1,-2.55990662503611,training
CCCc1nn2ccc(C(=O)NC(CC)c3ccccc3)cc2c1Cc1ccc(-c2ccccc2C(=O)O)cc1,-2.5910646070265,training
Cc1oc(-c2ccccc2)nc1CCOc1ccc2c(c1)OCC2CC(=O)O,-4.0,training
CCCc1c(OCCCOc2cccc3c2ccn3CC(=O)O)ccc2c(C(F)(F)F)noc12,-3.37894269861344,training
CCCc1cc2ccccc2n1Cc1ccc(-c2ccccc2C(=O)O)cc1,-3.26951294421792,training
CCOC(Cc1ccc(OCCn2c(=O)sc3cc(/C=C/c4cc(O)cc(O)c4)ccc32)cc1)C(=O)O,-3.0,training
CCCCC(Sc1ccc(OCCCOc2cccc(OC)c2)cc1)C(=O)O,-3.07918124604762,training
COc1ccc2c(-n3c(=O)n(Cc4cc([C@@]5(C)OC(=O)NC5=O)ccc4Cl)c4ccccc43)noc2c1,-0.744292983122676,training
Cc1oc(-c2ccccc2)nc1CCOc1cnc(CC2(C(=O)O)CCCO2)cn1,-2.19312459835446,training
CCO[C@@H](Cc1ccc(OC/C=C/c2cc(OC(=O)c3ccccc3)cc(OC(=O)c3ccccc3)c2)cc1)C(=O)O,-2.27875360095283,training
CCC(C(=O)O)C1CCc2cc(OCCc3nc(-c4ccc(OC)cc4)oc3C)ccc21,-1.6232492903979,training
CCCCCCC(Sc1nc2ccc(NS(=O)(=O)c3ccc(C(C)(C)C)cc3)cc2s1)C(=O)O,-2.84509804001426,training
Cc1ccccc1-c1ccc(O[C@@H](Cc2ccccc2)C(=O)O)cc1C,-2.80617997398389,training
CN(CCOc1ccc(CC(Nc2ccsc2C(=O)c2ccccc2)C(=O)O)cc1)c1nc2ccccc2o1,-0.888937302687291,training
CCOC(=O)C1=C(c2ccccc2)c2ccc(OCCc3ccccc3)cc2C1=O,-2.32221929473392,training
CCCOc1ccc(CC(CC)C(=O)O)cc1CNC(=O)c1ccc(C(F)(F)F)cc1,-3.11394335230684,training
COc1cc(/C(C)=N/OCCCCO/N=C(/CCC(=O)O)c2ccccc2)ccc1C,-3.20411998265592,training
Cc1cc(OCc2nc(-c3ccc(N4CCOCC4)nc3)c(-c3ccc(OC(F)(F)F)cc3)o2)ccc1OCC(=O)O,-3.39619934709574,training
Cc1oc(-c2ccccc2)nc1CCOc1cccc(CN(CC(=O)O)Cc2ccc3ccccc3c2)c1,-3.14301480025409,training
Cc1ccc(C(=O)c2cccn2C/C=C/c2cccc(OCC(=O)O)c2)cc1,-3.07918124604762,training
Cc1cc(OCC[C@@H](C)Oc2ccc(Cl)cc2Oc2ccccc2)ccc1CCC(=O)O,-1.7160033436348,training
COc1ccc(OC(=O)N(CCCCCc2coc(-c3ccc(C)cc3)n2)CC(=O)O)cc1,-2.7481880270062,training
CC(C)(C)c1ccc(CNC(=O)c2ccc(NC(=O)c3cccc(CN4C(=O)OC[C@H]4Cc4ccccc4)c3)cc2)cc1,-3.11327469246435,training
CCCc1cc(Oc2ccccc2)ccc1OCCCOc1ccc(C2SC(=O)NC2=O)cc1,-2.47712125471966,training
CC(C)=CCC/C(C)=C/Cc1c(O)cc(/C=C/c2ccoc2)cc1O,-3.69897000433602,training
CCCc1cc2c(=O)n(C(C)C)oc2c(CCC)c1O[C@H](C(=O)O)c1ccc(C(C)C)cc1,-2.63346845557959,training
CCc1ccc(OC(C)CCOc2ccc(CCC(=O)O)c(C)c2)c(Cc2ccccc2)c1,-2.35793484700045,training
CN(CCOc1ccc(CC2SC(=O)NC2=O)cc1)c1nc2ccccc2s1,-1.75587485567249,training
Cc1nc2ccc(S(=O)(=O)n3c(CCCC(=O)O)cc4cc(Cl)ccc43)cc2s1,-1.04139268515823,training
Cc1ccc(C(=O)c2nc3ccccc3n2C/C=C/c2cccc(OCC(=O)O)c2)cc1,-3.66275783168157,training
CCOC(Cc1ccc2c(ccn2Cc2nc(-c3ccc(CC)cc3)oc2C)c1)C(=O)O,-2.27875360095283,training
CN[C@@H](Cc1ccc(OCCc2nc(-c3ccccc3)oc2C)cc1)C(=O)O,-3.69897000433602,training
CCCc1c(OCCCOc2ccc3c(ccn3Cc3nn[nH]n3)c2)ccc2c(C(F)(F)F)noc12,-2.9532763366673,training
Cc1sc(-c2ccncc2)nc1CCOc1ccc(C[C@H](Nc2ccccc2C(=O)c2ccccc2)C(=O)O)cc1,-0.319938439980309,training
CCC(C(=O)O)C1CCc2cc(OCCc3nc(-c4ccccc4)oc3C(C)C)ccc21,-2.54032947479087,training
CC(C)NC(=O)C1=C(c2ccccc2)c2ccc(OCCN3CCOCC3)cc2/C1=[N+](/C)[O-],-2.30102999566398,training
CC(=O)/C=C(\C)NC(Cc1ccc(OCCOc2ccc(/C=C/c3ccccc3)cc2)cc1)C(=O)O,-2.39794000867204,training
CCCCCS(=O)(=O)NC(=O)/C=C/c1cc(OC(C)C)nn1Cc1ccc(C(F)(F)F)cc1Cl,-0.968482948553935,training
CCCCCCC(Sc1nc(Cl)cc(Nc2nc(-c3ccc(F)c(F)c3)cs2)n1)C(=O)O,-3.46239799789896,training
O=C(O)[C@H](Cc1ccccc1)Oc1ccc(-c2ccccc2-c2ccccc2)cc1,-3.14612803567824,training
CCCc1nc2ccc(Br)cc2n1Cc1ccc(-c2ccccc2C(=O)O)cc1,-2.67209785793572,training
C=C(C)[C@@H]1CCC(C)=C[C@H]1C1=C(O)C(=O)C(CCCCC)=CC1=O,-4.02118929906994,training
CCC(Oc1cccc(CN(CCCOc2ccc(O)cc2)c2nc3ccccc3o2)c1)C(=O)O,-3.14612803567824,training
CC(C)(Oc1ccc(CCOc2nc3ccccc3s2)cc1)C(=O)O,-4.59439255037543,training
Cc1oc(-c2ccccc2)nc1CCOc1cccc(CC2=C(C(=O)O)CCN(C(=O)OCC(C)C)C2)c1,-2.37106786227174,training
C=C[C@H](C#CC#C[C@@H](O)/C=C\CCCCCCC)O[C@]1(C)CC[C@@H](O)[C@]2(C)CC[C@@H](C(C)C)[C@@H](O)[C@@H]12,-3.30102999566398,training
Cc1cccc(C)c1COC(=O)Cc1ccc(SCc2ccccc2C(=O)O)cc1,-4.25527250510331,training
Cc1cc(Oc2cccc(CNC(=O)c3cc4cc(Cl)ccc4n3C)c2)ccc1CCC(=O)O,-2.13033376849501,training
CCCc1c(OCCCn2ccc3cc(OCC(=O)O)ccc32)ccc2cc(C(=O)c3ccccc3)ccc12,-3.34439227368511,training
CCO[C@@H](Cc1cccc(/C(C)=N/OCc2ccc(OC)cc2)c1)C(=O)O,-2.24303804868629,training
Cc1oc(-c2ccc(-c3ccccc3)cc2)nc1CCOc1ccc(CCC(=O)O)c2c1CCN(C(=O)OCC(C)(C)C)C2,-0.954242509439325,training
CCO[C@@H](Cc1ccc(OCCc2nc(-c3ccc(C)s3)oc2C)cc1)C(=O)O,1.74472749489669,training
CC(C)(Oc1ccc(CCCOc2nc3ccccc3s2)cc1)C(=O)O,-3.89762709129044,training
Cc1oc(-c2ccccc2)nc1CCOc1cccc(Cc2nnn(-c3ccccc3)c2C(=O)O)c1,-3.9670797341445,training
CCc1nc2ccn(CC3CCCCC3)c(=O)c2n1[C@H]1CCc2cc(-c3ccccc3-c3nnn[nH]3)ccc21,-2.97405090279288,training
CCCCCS(=O)(=O)NC(=O)OCCCc1ccc(OCCOC)cc1Oc1ncc(C(F)(F)F)cc1Cl,-0.653212513775344,training
CCOc1cc(/C=C/COc2ccc(C[C@H](OCC)C(=O)O)cc2)cc(OCC)c1,-2.30102999566398,training
CCCC(C(=O)O)C1CCc2cc(OCCc3nc(-c4ccccc4)oc3C)ccc21,-1.7160033436348,training
C=C[C@H]1OCc2cc3cc(OC)c(O)cc3c(C#C[C@@H](O)/C=C\CCCCCCC)c21,-3.23044892137827,training
C/C(=C\C(=O)c1ccccc1)NC(Cc1ccc(OCCCOc2ccc(/N=N/c3ccc([N+](=O)[O-])cc3)cc2)cc1)C(=O)O,-1.46239799789896,training
Cn1c(COc2cccc(C(=O)O)c2)nc2ccc(Oc3ccc(Cl)cc3)cc21,-2.10037054511756,training
CCc1nc2ccn(Cc3cccnc3)c(=O)c2n1[C@H]1CCc2cc(-c3ccccc3-c3nnn[nH]3)ccc21,-3.56110138364906,training
CCO[C@@H](Cc1ccc(OCC=C(c2ccccc2)c2ccccc2)cc1)C(=O)O,-3.43068203042576,training
O=S(=O)(Nc1ccc(Oc2cncc(Cl)c2)c(Cl)c1)c1ccc(Cl)cc1Cl,-2.60205999132796,training
CCOC(Cc1ccc(OCCN2CC=C(c3ccc(CC)cc3)CC2)cc1)C(=O)O,-2.83821922190763,training
C/C(=N\OCCCCO/N=C(/CCC(=O)O)c1ccccc1)c1ccc(S(C)(=O)=O)cc1,-3.27875360095283,training
CCCOC(Cc1ccc2c(ccn2Cc2nc(-c3ccc(C(F)(F)F)cc3)oc2C)c1)C(=O)O,-3.30102999566398,training
CCCc1nc2cc(-c3ccc(OC)cc3)ccc2n1Cc1ccc(-c2ccccc2C(=O)O)cc1,-2.61278385671974,training
C/C(=C/C=C/C(C)=C/C(=O)O)c1cc(-c2cccs2)cc(C(C)C)c1OCC(F)F,-0.993436230497612,training
CC(C)(Sc1ccc(CCN(CCCCC2CCCCC2)C(=O)NC2CCCCC2)cc1)C(=O)O,-3.04139268515822,training
Cc1cc(Oc2cccc(CNC(=O)c3ccc(C(F)(F)F)cc3C)c2)ccc1OC(C)(C)C(=O)O,-1.38021124171161,training
CN(CCOc1ccc(/C=C2\SC(=O)NC2=O)cc1)c1nc2ccccc2s1,-2.49136169383427,training
COc1cc(C(=O)NS(=O)(=O)c2ccccc2C)ccc1Cc1cn(C)c2ccc(NC(=O)OC3CCCC3)cc12,-3.38738982633873,training
O=C(O)COc1ccc(OCCCOc2cccc(Cl)c2)cc1F,-3.50105926221775,training
CCc1ccc(C(=O)COc2ccc(CC3SC(=O)NC3=O)cc2)nc1,-2.81756536955978,training
Cn1c(COc2cccc(C(=O)O)c2)nc2cnc(Oc3ccc(Cl)c(F)c3)cc21,-3.0696680969116,training
CCO/N=C(\C)C(Cc1ccc(OCCc2nc(-c3ccccc3)oc2C)cc1)C(=O)O,0.0,training
COc1ccc(CC(C)C(=O)O)cc1CNC(=O)c1ccc(C23CC4CC(CC(C4)C2)C3)cc1,-2.44715803134222,training
Cc1sc(-c2ccc(OC(F)(F)F)cc2)nc1CCOc1ccc2c(c1)CC[C@H]2CC(=O)O,-0.301029995663981,training
CSc1nc(NCc2ccccn2)c(C(=O)O)c(SCc2ccccc2)n1,-2.39794000867204,training
Cc1c(C)n(Cc2ccc(-c3ccccc3C(=O)O)cc2)c2ccc(C(=O)N[C@@H](C)c3cccc(C4CC4)c3)cc12,-3.64256343710439,training
CSc1nc(NCC2CCCCC2)c(C(=O)O)c(SCc2ccccc2)n1,-2.47712125471966,training
CCCc1cc(Oc2ccc(F)cc2)ccc1OCCCOc1cccc(C2SC(=O)NC2=O)c1,-1.92941892571429,training
CC(C)(C)c1ccc(C(=O)Nc2ccccc2C(=O)Nc2ccc(Br)c(C(=O)O)c2)cc1,-3.79934054945358,training
O=C(O)c1cccc(NC(=O)c2ccccc2NC(=O)c2ccc3ccccc3c2)c1,-3.74036268949424,training
CCOC(=O)C1=C(c2ccccc2)c2ccc(OCCCc3ccccc3)cc2/C1=[N+](/C)[O-],-1.69897000433602,training
CC(C)(Oc1ccc(COc2ccc(C(=O)c3ccccc3)cc2)cc1)C(=O)O,-3.73239375982297,training
Cc1oc(-c2ccccc2)nc1COc1ccc(C[C@H]2CO[C@@](C)(C(=O)O)OC2)cc1,-1.98227123303957,training
Cc1cccc(N2CCN([C@@H](Cc3ccc(OCCc4nc(-c5ccccc5)oc4C)cc3)C(=O)O)CC2)c1,-3.05690485133647,training
Cc1cc(CNC(=O)c2cc(-c3ccc(N4CCCC4)cc3)n(C)n2)ccc1OC(C)(C)C(=O)O,-1.30102999566398,training
Cc1ccc(Oc2ccc3nc(COc4cccc(C(=O)O)c4)n(C)c3c2)nc1,-2.11058971029925,training
CCCc1nc2c(C(C)(C)O)cccc2n1Cc1ccc2c(c1)COc1ccccc1/C2=C(\C)c1noc(=O)[nH]1,-1.11394335230684,training
COc1ccc(C(=O)c2c(C)n(Cc3cccc(O[C@@H](C)C(=O)O)c3)c3cc(OC(F)(F)F)ccc23)cc1,0.0,training
Cc1oc(-c2ccccc2)nc1CCOc1cccc(CC2=CN(C(=O)OCc3ccccc3)CCC2C(=O)O)c1,-1.20411998265592,training
CC(C)Oc1cc(CCC(=O)NS(=O)(=O)C2CCCCC2)n(Cc2ccc(Cl)cc2Cl)n1,-2.17609125905568,training
O=C(O)C(Cc1ccccc1)Oc1ccc(Cl)c(F)c1,-4.14921911265538,training
O=S(=O)(Nc1ccc(Oc2cncc(Cl)c2)c(C(F)(F)F)c1)c1ccc(Cl)cc1Cl,-2.47712125471966,training
CCCOc1ccc(C[C@@H](Cc2ccccc2)C(=O)O)cc1CNC(=O)c1ccc(-c2cnccn2)cc1,-2.85363738195859,training
Cc1oc(-c2ccc(Cl)cc2)nc1COc1cccc(CN(CC(=O)O)C(=O)OC2CCCCC2)c1,-2.92582757462474,training
Cc1cc(SCc2nc(-c3ccc(C(F)(F)F)cc3)ns2)ccc1OC(C)(C)C(=O)O,-2.60959440922522,training
CCCCNc1nc(NCc2ccccc2)c(C(=O)O)c(SCc2ccccc2)n1,-2.67209785793572,training
Cc1cc(CNC(=O)c2cc(-c3ccc(N4CCOCC4)cc3)n(C)n2)ccc1OC(C)(C)C(=O)O,-2.04139268515822,training
CCc1ccc(O[C@H](C)CCOc2ccc(CCC(=O)O)c(C)c2)c(-c2cccs2)c1,-3.29885307640971,training
CCOc1ccc(-c2nc(CCOc3ccc4c(c3)CC[C@H]4CC(=O)O)c(C)s2)cc1,-1.47712125471966,training
CC[C@H](C(=O)O)[C@@H]1CCc2cc(OCCc3nc(-c4ccc(F)cc4)oc3C)ccc21,-1.66275783168157,training
Cc1oc(-c2ccccc2)nc1CCOc1ccc2c(c1)CCC2C(CCCc1ccccc1)C(=O)O,-3.50242711998443,training
CCCc1cc(Oc2ccc(Cl)cc2)ccc1OCCCOc1ccc(C2SC(=O)NC2=O)cc1,-1.90308998699194,training
COc1cc(CCC[C@H]2OC(=O)NC2=O)ccc1OCc1nc(-c2ccco2)oc1C,-0.947923619831726,training
Cc1oc(-c2ccccc2)nc1CCCc1ccc(CC(C(=O)O)c2cccc(-c3ccccc3)c2)cc1,-3.60205999132796,training
COc1ccc(-c2nc(SCCCOc3ccc(OCC(=O)O)c(C)c3)sc2-c2ccc(OC)cc2)cc1,-3.83821922190763,training
CCSC(Cc1ccc(OC)c(C(=O)NCc2ccc(C(F)(F)F)cc2)c1)C(=O)O,-3.44715803134222,training
CCC(Cc1ccc(OC)c(CNC(=O)c2ccc(Oc3ccccc3)cc2)c1)C(=O)O,-2.91381385238372,training
CCCc1nc2cc(C(=O)NC(CC)c3ccccc3)ccc2n1Cc1ccc(-c2ccccc2C(=O)O)cc1,-3.42324587393681,training
CCCc1cc(C(=O)c2ccc(-c3ccccc3)cc2)ccc1OCCCn1ccc2cc(OC(C)(C)C(=O)O)ccc21,-2.07918124604762,training
Cc1ccc(-c2nc(CCOc3ccc(C[C@H]4CO[C@@](C)(C(=O)O)OC4)cc3)c(C)o2)cc1,-3.14144977340047,training
Nc1nc2ccc(S(=O)(=O)n3c(CCCC(=O)O)cc4cc(Cl)ccc43)cc2o1,-2.57749179983722,training
CCOC(Cc1ccc(OCCN2c3ccccc3CCc3ccccc32)cc1)C(=O)O,-2.8750612633917,training
O=C(O)Cn1ccc2cc(OCCCOc3ccc(C(=O)c4ccc(F)cc4)cc3)ccc21,-3.33445375115093,training
CC(C)Cc1ccc(OCCCOc2ccc3c(c2)O[C@@](C)(C(=O)O)CC3)c(Cl)c1,-2.69897000433602,training
CCCc1nc2cc(C(=O)c3ccccc3)ccc2n1Cc1ccc(-c2ccccc2C(=O)O)cc1,-2.76342799356294,training
CCCc1cc(-c2ccccc2)ccc1OCCCOc1cccc(C2OC(=O)NC2=O)c1,-1.95424250943932,training
Cc1oc(-c2ccccc2)nc1CCOc1cccc(-c2nn(-c3ccccc3)nc2CC(=O)O)c1,-2.7481880270062,training
CC#CCOc1cc(COc2ccc(C(F)(F)F)cc2)ccc1Sc1ccc(OCC(=O)O)c2c1CCCC2,-2.84509804001426,training
CCCc1c(OCCCSc2ccc(CC(=O)O)cc2Cl)ccc(/C(CC)=N/O)c1O,-1.17609125905568,training
CCCc1cc(Oc2ccc(Cl)cc2)ccc1OCCCOc1ccc2c(c1)OC(CC)(C(=O)O)CC2,-2.82607480270083,training
COCCOc1ccc(CCC(=O)NS(=O)(=O)c2ccccc2)c(Oc2ncc(C(F)(F)F)cc2Cl)c1,-1.50514997831991,training
CCCCc1nc(C)c(Cc2nc(Cc3ccccc3)no2)c(=O)n1Cc1ccc(-c2ccccc2-c2noc(=O)[nH]2)cc1,-3.24303804868629,training
COc1cc(CCc2ccccc2)c(C(=O)O)c(O)c1CC=C(C)C,-2.66086547800387,training
CCCCC(Sc1nc(OCCc2ccc(OC(F)(F)F)cc2)cc(OCCc2ccc(OC(F)(F)F)cc2)n1)C(=O)O,-4.01283722470517,training
Cc1oc(-c2cccc(Br)c2)nc1CN(Cc1ccc(OC(C)(C)C(=O)O)cc1)Cc1ccco1,-2.49136169383427,training
CCCCC1=NC(C(C)C)=C(CC(=S)N2CCCC2)CN1Cc1ccc(-c2ccccc2-c2noc(=O)[nH]2)cc1,-3.49136169383427,training
O=C(O)C(Cc1ccccc1Cl)Oc1ccc(Cl)cc1,-3.34830486304816,training
CC(C)(Oc1ccc(COc2ccc(/C=C/c3ccccc3)cc2)cc1)C(=O)O,-3.77815125038364,training
O=C(O)Cc1ccc2[nH]c(-c3ccc(F)cc3)c(CCc3ccc(F)cc3)c2c1,-2.52999467306914,training
CCCCCNS(=O)(=O)NC(=O)CCc1ccc(OCCOC)cc1Oc1ncc(C(F)(F)F)cc1Cl,-0.041392685158225,training
CCO[C@@H](Cc1ccc(OCCN2CCC(C)(C)c3cc(/C(=N/OC)c4ccccc4)ccc32)cc1)C(=O)O,-0.894869656745252,training
CC[C@]1(C(=O)O)CCc2ccc(OCCCOc3ccc(OCC(F)(F)F)cc3Cl)cc2O1,-2.60205999132796,training
CCCc1nn2ccc(-c3nc4ccccc4n3CCC)cc2c1Cc1ccc(-c2ccccc2-c2nn[nH]n2)cc1,-1.90308998699194,training
CC(/C=C/C(F)=C(/C)c1cc(C(C)(C)C)cc(C(C)(C)C)c1OCC(F)(F)F)=C\C(=O)O,-1.32428245529769,training
CC(C)c1ccccc1-c1ccc(O[C@@H](Cc2ccccc2)C(=O)O)cc1,-3.0,training
COc1cc(O)c2c(c1C(=O)NCc1c(C)cc(Cl)c3ccccc13)OC1=CC(O)=C(C(C)=O)C(=O)[C@]12C,-1.34242268082221,training
O=C(O)C(Cc1ccccc1)Oc1ccc(/C(=N/O)c2ccccc2)cc1,-4.09342168516224,training
CCOC(=O)C(CC)Cc1ccc(C(=O)NCc2ccc(F)cc2)cc1,-4.04139268515823,training
CCOC(Cc1ccc(OCCN2CC=C(c3cccc(C(F)(F)F)c3)CC2)cc1)C(=O)O,-3.34830486304816,training
Cc1c(CCOc2ccc3c(c2)CC[C@H]3CC(=O)O)nc(-c2ccc(-c3ccccc3)cc2)n1C,-2.48995847942483,training
COc1cc(O)c2c(c1C(=O)NCc1cccc3ccccc13)OC1=CC(O)=C(C(C)=O)C(=O)[C@]12C,-2.25527250510331,training
CSc1nc(NCc2ccccc2)c(C(=O)O)c(SCc2ccccc2)n1,-2.25527250510331,training
Cc1cc(Oc2cccc(CNC(=O)c3[nH]c4ccc(Cl)cc4c3C)c2)ccc1CCC(=O)O,-1.38021124171161,training
Cc1oc(-c2cccc(Br)c2)nc1CNCc1ccc(OC(C)(C)C(=O)O)cc1,-3.88649072517248,training
CCCc1nc2cc(-c3ccccc3Cl)ccc2n1Cc1ccc(-c2ccccc2C(=O)O)cc1,-2.96848294855394,training
Cc1cc(OCc2nc(-c3ccc(C(=O)N4CCCCC4)cc3)c(-c3ccc(OC(F)(F)F)cc3)s2)ccc1OCC(=O)O,-3.19312459835446,training
CC(C)=CCC/C(C)=C/Cc1c(O)cc(/C=C/c2ccc(F)cc2)cc1O,-4.04139268515823,training
CC[C@@H](NC(=O)c1ccc2c(c1)ncn2Cc1ccncc1)c1ccccc1,-2.90000096515347,training
Cc1cc(OCc2nc(-c3cnc(OC(C)C)nc3)c(-c3ccc(OC(F)(F)F)cc3)o2)ccc1OCC(=O)O,-2.9912260756925,training
Cc1cccc2c(-n3c(=O)n(Cc4ccc(Cl)c(O[C@H](C)C(=O)O)c4)c4cc(C(F)(F)F)ccc43)noc12,-0.612783856719735,training
CC(C)(Oc1ccc(OCCN2CC=C(c3ccc(Cl)cc3)CC2)cc1)C(=O)O,-4.35850591149024,training
CC(C)OC(Cc1ccc(OCc2noc(-c3cccc(F)c3)n2)cc1)C(=O)O,-2.0,training
CC[C@]1(C(=O)O)CCc2ccc(OCCCOc3ccc(C(C)(C)C)cc3Cl)cc2O1,-3.0,training
O=S(=O)(Nc1cc(Cl)c(Oc2cnc3ccccc3c2)c(Cl)c1)c1ccc2ccccc2c1,-3.63235604623907,training
CCCc1c(OCCCOc2ccc3ccn(CC(=O)O)c3c2)ccc2cc(C(=O)c3ccccc3)ccc12,-3.58771096501891,training
CC(C)OC(Cc1ccc(OCc2noc(-c3ccccc3)n2)cc1)C(=O)O,-1.89762709129044,training
CCCc1c(OCCCOc2ccc(/C=C/C(=O)O)cc2)ccc2c(-c3ccccc3)noc12,-2.40483371661994,training
CC(C)CCS(=O)(=O)NC(=O)/C=C/c1cc(OC(C)C)nn1Cc1ccc(C(F)(F)F)cc1Cl,-0.919078092376074,training
COC(=O)C1Cc2ccc(OCCc3nc(-c4cccc(OC)c4)oc3C)cc2OC1=O,-2.0,training
Cc1oc(-c2ccccc2)nc1CCCCCCOC(C)(C)C(=O)O,-2.47712125471966,training
Cc1cc(CNC(=O)c2ccc(C(F)(F)F)cc2F)cc(Oc2ccc(OC(C)(C)C(=O)O)c(C)c2)c1,-1.568201724067,training
CC[C@@H](NC(=O)c1ccc2c(c1)nc(C(F)(F)F)n2Cc1ccc(Cl)c(Cl)c1)c1ccccc1,-2.40000234592796,training
CCn1nc(C(=O)NCc2ccc(OC(C)(C)C(=O)O)c(OC)c2)cc1-c1ccc(C(C)(C)C)cc1,-2.27875360095283,training
CCCCCCc1nc2ccccc2n1Cc1ccc(-c2ccccc2C(N)=O)cc1,-3.48572142648158,training
CCCC(=O)NC[C@H](Cc1ccc(OCCc2nc(-c3ccccc3)oc2C)cc1)Nc1ccccc1C(=O)c1ccccc1,-2.80000182781797,training
Cc1c(C)n(Cc2ccc(-c3ccccc3C(=O)O)cc2)c2ccc(C(=O)N[C@@H](C)c3ccccc3OC(C)C)cc12,-3.69081605798092,training
COC(Cc1ccc(OCCc2nc(-c3ccccc3C)oc2C)c2ccccc12)C(=O)O,-2.85491302230786,training
C#CCOC(=O)N1CCc2c(OCCc3nc(-c4ccccc4)oc3C)ccc(CCC(=O)O)c2C1,-1.88649072517248,training
CCO[C@@H](Cc1cccc(/C(C)=N/OCc2ccc(Cl)cc2)c1)C(=O)O,-1.44715803134222,training
COC1Oc2cc(O)c3c(c2C(=O)N1C(=O)NCc1cccnc1)OC1=CC(O)=C(C(C)=O)C(=O)[C@]13C,-4.04139268515823,training
CCO[C@@H](Cc1ccc(OCCc2nc(-c3ccc(-c4ccccc4)cc3)oc2C)c2ccsc12)C(=O)O,-2.63447727016073,training
Cc1cccc(Oc2ccc3nc(COc4cccc(C(=O)O)c4)n(C)c3c2)c1,-1.89762709129044,training
Cc1nc(-c2ccc(C(F)(F)F)cc2)sc1C(=O)NCc1ccc(NS(=O)(=O)CC(F)(F)F)cc1,-2.47712125471966,training
CCC/C=C\C#C/C=C/C(=O)CCCCCCCC(=O)O,-3.27415784926368,training
O=C(O)c1cccc(NC(=O)c2ccccc2NC(=O)c2ccc(C(F)(F)F)c(F)c2)c1,-3.83884909073726,training
COC(=O)N(CC(=O)O)Cc1cc(OCc2nc(-c3ccc(Cl)cc3)oc2C)ccc1F,-3.65427282709771,training
CO[C@@H](Cc1ccc(OCCc2nc(-c3ccccc3)oc2C)c2sccc12)C(=O)O,-1.51851393987789,training
Cc1oc(-c2ccccc2)nc1CCOc1ccc(CC(C)(C)C(=O)O)cn1,-2.99299509843134,training
O=S(=O)(Nc1cc(Cl)c(Oc2cnc3ccccc3c2)c(Cl)c1)c1ccc(Br)c(F)c1,-2.22788670461367,training
CCC(C(=O)O)C1CCc2cc(OCCc3nc(-c4ccc(C)c(C)c4)oc3C)ccc21,-1.50514997831991,training
O=C(O)[C@H](Cc1ccccc1)Oc1ccc(-c2cccs2)cc1,-3.20411998265592,training
CSc1ccc(/C=C2/C(C)=C(CC(=O)O)c3cc(F)ccc32)cc1,-2.90308998699194,training
C/C(=C\C(=O)c1ccccc1)NC(Cc1ccc(OCCCOc2ccc(/N=N/c3ccccc3)cc2)cc1)C(=O)O,-3.13672056715641,training
Cc1oc(-c2ccccc2)nc1CCOc1ccc(Cc2cn(C)cc2C(=O)O)cc1,-3.19589965240923,training
Cc1c(C)n(Cc2ccc(-c3ccccc3C(=O)O)cc2)c2ccc(C(=O)N[C@@H](C)c3cccc(C(C)(C)C)c3)cc12,-2.69810054562339,training
CN(CCOc1ccc(CC(Nc2ccccc2C(=O)c2ccsc2)C(=O)O)cc1)c1nc2ccccc2o1,-1.83103748564003,training
CCCOc1ccc(C[C@@H](Cc2ccccc2)C(=O)O)cc1CNC(=O)c1ccc(-c2cccc(F)c2)cc1,-1.45788189673399,training
CC[C@]1(C(=O)O)CCc2ccc(OCCCOc3ccc(CC(C)C)cc3Cl)cc2O1,-2.77815125038364,training
Cc1c(C)n(Cc2ccc(-c3ccccc3C(=O)O)cc2)c2ccc(C(=O)NCc3ccc(Br)cc3)cc12,-2.71264970162721,training
Cc1oc(-c2ccccc2)nc1CNCc1ccc(C[C@@H](C(=O)O)n2cccc2)cc1,-3.95424250943932,training
CCCc1cc2c(oc(=O)n2CCC)c(CCC)c1O[C@H](C(=O)O)c1ccc(C(C)C)cc1,-2.07918124604762,training
CCOC(=O)C(Cc1ccc(OCCn2c(=O)sc3cc(/C=C/c4cc(OC)cc(OC)c4)ccc32)cc1)OCC(F)(F)F,-1.69897000433602,training
Cc1oc(-c2ccc(-c3ccccc3)cc2)nc1CCOc1ccc(CCC(=O)O)c(CNC(=O)OC(C)C)c1,-1.27875360095283,training
CCCCCS(=O)(=O)NC(=O)CCc1cc(OCCCC)nn1Cc1ccc(Cl)cc1Cl,-0.8750612633917,training
CCO/N=C(\C)C(Cc1ccc(OCCc2nc(-c3ccc(F)cc3)oc2C)cc1)C(=O)O,-0.477121254719662,training
Cc1oc(-c2ccccc2)nc1CCOc1ccc(CCC(=O)O)c(CNC(=O)NCc2ccccc2)c1,-3.42878251149695,training
O=C(O)CC1COc2cc(OCCCOc3cccc(-c4ccccc4)c3)ccc21,-3.26717172840301,training
CCC(Cc1ccc(C(=O)NCc2ccc(Oc3ccccc3)cc2)cc1)C(=O)O,-2.47712125471966,training
CCC(Oc1cccc(CN(CCCOc2ccc(C)cc2)c2nc3ccccc3o2)c1)C(=O)O,-2.32221929473392,training
O=C(O)Cn1ccc2cc(OCCCOc3ccc4cc(C(=O)c5ccccc5)ccc4c3)ccc21,-3.21218760440396,training
CC(C)(C)c1ccc(CN(CCOc2ccc(CCC(=O)O)cc2)c2nc3ccccc3s2)cc1,-3.80208925788173,training
CCCc1nc2ccccc2n1Cc1ccc2c(c1)COc1c(F)cccc1/C2=C(\C)c1noc(=O)[nH]1,-0.612783856719735,training
CCOC(=O)C(C)(C)Oc1ccc(C(=O)c2cc3cc([N+](=O)[O-])ccc3oc2=O)cc1,-2.95904139232109,training
N[C@@H](Cc1cc(Br)c(Oc2cc(I)c(O)c(I)c2)c(I)c1)C(=O)O,-4.11058971029925,training
CCCCS(=O)(=O)Nc1ccc(CNC(=O)c2sc(-c3ccc(C(F)(F)F)cc3)nc2C)cc1,-3.74036268949424,training
Cc1oc(-c2ccccc2)nc1CCNc1ccc(C[C@@H](C(=O)O)n2cccc2)cc1,-2.68124123737559,training
COc1ccc(OC(=O)N(CC(=O)O)Cc2cc(OCc3nc(-c4ccc(Cl)cc4)oc3C)ccc2F)cc1,-3.03622954408629,training
Cc1oc(-c2ccc(Cl)cc2)nc1COc1cccc(CN(CC(=O)O)C(=O)OC2CCC2)c1,-2.9566485792052,training
Cc1cccc(Nc2cc(Cl)nc(SC(C(=O)O)c3cccc4ccccc34)n2)c1C,-3.79239168949825,training
CC(C)(Oc1cccc(CCCN(C(=O)Cc2ccc(C(F)(F)F)cc2)c2cccc(-c3ncon3)c2C2CC2)c1)C(=O)O,-1.90848501887865,training
CCOC(=O)CN1C(=O)SC(Cc2ccc(N)cc2)C1=O,-3.90308998699194,training
CCCc1cc(C(=O)CC)cc(CCC)c1O[C@H](C(=O)O)c1ccc(C(C)C)cc1,-2.17609125905568,training
Cn1c(COc2cccc(C(=O)O)c2)nc2ccc(Oc3cccc(F)c3F)cc21,-2.36172783601759,training
Cc1cccc(OCCCOc2ccc(SCC(=O)O)cc2)c1C,-3.57978359661681,training
C/C(=C\C(=O)c1ccccc1)NC(Cc1ccc(OCCOc2ccc(/N=N/c3ccccc3)cc2)cc1)C(=O)O,-2.26245108973043,training
CCO[C@@H](Cc1cccc(/C(C)=N/OCc2ccc(O)cc2)c1)C(=O)O,-3.46834733041216,training
CC(C)(Oc1ccc(CCCOc2ccc(C(=O)c3ccccc3)cc2)cc1)C(=O)O,-3.76342799356294,training
CCCc1nc2cc(-c3cccc(O)c3)ccc2n1Cc1ccc(-c2ccccc2C(=O)O)cc1,-3.09691001300806,training
Cc1ccc(OC(=O)N(CC(=O)O)Cc2cccc(OCc3nc(-c4ccc(C(C)C)cc4)oc3C)c2)cc1,-2.45331834004704,training
CCc1nc2ccn(Cc3cccc(F)c3)c(=O)c2n1[C@H]1CCc2cc(-c3ccccc3-c3nnn[nH]3)ccc21,-2.20139712432045,training
CCCn1c(CCCc2ccc(OC(C)(C)C(=O)O)cc2)nn(Cc2ccc(C)cc2)c1=O,-3.43136376415899,training
CCO[C@@H](Cc1ccc(OCCn2c3ccccc3c3cc(Br)ccc32)cc1)C(=O)O,-2.51925686886175,training
Cc1c(C)n(Cc2ccc(-c3ccccc3C(=O)O)cc2)c2ccc(C(=O)N[C@H](c3cccc(C(C)C)c3)C(C)C)cc12,-2.12385164096709,training
Cc1nc(-c2ccc(C(F)(F)F)cc2)sc1COc1ccc(CC(=O)O)cc1,-3.89762709129044,training
Cc1ccnc(N2C[C@@H](Cc3ccc(OCCc4nc(-c5ccccc5)oc4C)cc3)[C@@H](C(=O)O)C2)n1,-2.79934054945358,training
CC(C)(Oc1ccc(CCOc2ccc(/N=N/c3ccccc3)cc2)cc1)C(=O)O,-3.14612803567824,training
Cc1nc(-c2ccc(C(F)(F)F)cc2)sc1COc1ccc(CCC(=O)O)cc1,-3.84757265914211,training
Cc1oc(-c2ccccc2)nc1CCCc1ccc(CC(C(=O)O)c2ccccc2)cc1,-3.5910646070265,training
CCc1cc(OCCc2nc(-c3ccc(C)cc3)oc2C)ccc1CCC(=O)O,-0.602059991327962,training
CCO[C@@H](Cc1ccc(OC/C=C/c2cc(OC3CCCC3)cc(OC3CCCC3)c2)cc1)C(=O)O,-2.47712125471966,training
CCCCCOC(=O)Cc1c(C(C)C)nc(CCCC)n(Cc2ccc(-c3ccccc3-c3noc(=O)[nH]3)cc2)c1=O,-3.03742649794062,training
CCCc1cc(Oc2ccc(CC(C)C)cc2)ccc1OCCCOc1ccc(C2SC(=O)NC2=O)cc1,-1.47712125471966,training
CCOC(=O)C(Cc1ccc(OCCn2c(=O)sc3cc(C(=O)/C=C/c4cc(OC)cc(OC)c4)ccc32)cc1)OCC(F)(F)F,-2.30102999566398,training
Cc1ccc(C(=O)c2nc3ccccc3n2/C=C/c2cccc(OC(C)(C)C(=O)O)c2)cc1,-2.11394335230684,training
CC[C@@H](NC(=O)c1ccc2c(c1)ncn2Cc1ccc(F)cc1F)c1ccccc1,-0.20002926655377,training
CCOC(=O)C1=C(c2ccc(Cl)cc2)c2ccc(OCCCc3ccccc3)cc2/C1=[N+](/C)[O-],-1.84509804001426,training
COc1cc(O)c2c(c1C(=O)NCc1cc(OC(C)=O)cc3ccccc13)OC1=CC(O)=C(C(C)=O)C(=O)[C@]12C,-2.83250891270624,training
CCCCCC1=CC(=O)C2=C(OC(C)(C)c3ccc(C)cc32)C1=O,-4.36361197989214,training
CCc1cc(C)c2nc(CC)n([C@H]3CCc4cc(-c5ccccc5-c5nnn[nH]5)ccc43)c2n1,-2.69372694892365,training
CCOC(Cc1ccc(OCCN2CC=C(c3ccc(Cl)cc3Cl)CC2)cc1)C(=O)O,-2.8488047010518,training
COC(=O)C1Cc2ccc(OCCc3nc(-c4ccccc4)oc3C)cc2OC1=O,-2.11394335230684,training
Cn1c(COc2cccc(C(=O)O)c2)nc2ccc(Oc3ccc(F)cc3F)cc21,-2.15533603746506,training
Cc1c(C)n(Cc2ccc(-c3ccccc3C(=O)O)cc2)c2ccc(C(=O)NCc3ccc(C(C)(C)C)cc3)cc12,-2.09342168516224,training
O=C(O)Cc1cc(I)c(Oc2ccc(O)c(I)c2)c(I)c1,-2.56820172406699,training
CCc1nc2ccccc2n1Cc1ccc2c(c1)COc1ccccc1/C2=C(\C)c1noc(=O)[nH]1,-1.23044892137827,training
CC(C)(Oc1cccc(CN(CCOc2ccccc2)c2nc3ccccc3o2)c1)C(=O)O,-3.32221929473392,training
CCOC(=O)C(Cc1ccc(OCCn2c(=O)sc3cc(C(=O)/C=C/c4cc(O)cc(O)c4)ccc32)cc1)OCC(F)(F)F,-1.47712125471966,training
Cc1oc(-c2ccccc2)nc1CCOc1ccc(C[C@@H](C(=O)O)N2CCN(S(=O)(=O)c3ccccc3F)CC2)cc1,-1.50514997831991,training
CCCCOC(=O)N(CC(=O)O)Cc1cc(OCc2nc(-c3ccc(Cl)cc3)oc2C)ccc1F,-3.09166695759568,training
CCOC(=O)CN1C(=O)S/C(=C\c2ccc(OCCBr)cc2)C1=O,-4.04139268515823,training
Cc1oc(-c2ccccc2)nc1CCOc1ccc(C[C@@H](C(=O)O)N2CCCCC2)cc1,-2.13987908640124,training
Cc1nc(-c2ccc(C(F)(F)F)cc2)oc1COc1ccc(CCC(=O)O)cc1,-3.51851393987789,training
COC(Cc1ccc(OCCc2ccc(Oc3cccc(Cl)c3)cc2C)nc1)C(=O)O,-1.69897000433602,training
CO[C@@H](Cc1ccc(OCCCOc2ccc(C(=O)c3ccccc3)cc2)c(Cl)c1)C(=O)O,-2.48429983934679,training
COC(=O)c1cc2ccc(OCCc3nc(-c4ccc(F)cc4)oc3C)cc2oc1=O,-3.20951501454263,training
Cc1sc(-c2ccc(F)cc2)nc1CCOc1ccc2c(c1)CC[C@H]2CC(=O)O,-0.845098040014257,training
Cc1nc(-c2ccc(C(F)(F)F)cc2)sc1CCc1ccc(OC(C)(C)C(=O)O)cc1,-3.2718416065365,training
CCC[C@@H](Oc1ccc2ccccc2c1)C(=O)O,-4.09691001300806,training
Cc1ccccc1C(=O)c1ccccc1NC(Cc1ccc(OCCN(C)c2nc3ccccc3o2)cc1)C(=O)O,-0.909850094642884,training
COC(=O)c1cc2c(c(O)c1C(C)OC(=O)CO)C(=O)c1c(O)cc3cc(C)c(Cl)c(OC)c3c1C2=O,-2.11394335230684,training
CCCc1c(OCCCn2ccc3cc(OC(C)(C)C(=O)O)ccc32)ccc2c(C(=O)c3ccccc3)cccc12,-3.54406804435028,training
O=C(O)CC1=C/C(=C\c2ccc(-c3ccc(F)cc3F)cc2)c2ccc(F)cc21,-2.0,training
Cc1oc(-c2ccccc2)nc1CCOc1cccc(CN(CCc2ccccc2)CC(=O)O)c1,-2.03342375548695,training
Cc1oc(-c2ccccc2)nc1CCOc1ccc(C[C@H](Nc2ccccc2C(=O)C2CCCCC2)C(=O)O)cc1,-0.226831810658721,training
COc1cccc(-c2nc(CCOc3ccc(CC4(C(=O)O)CCCO4)nc3)c(C)o2)c1,-0.698970004336019,training
CCCC/C(=C\c1cc(OCc2ccc(Cl)c(Cl)c2)ccc1OCc1ccc(C(F)(F)F)cc1)C(=O)O,-3.32428245529769,training
CCC(Cc1cc(CNC(=O)c2ccc(C(F)(F)F)cc2)c(OC)cc1F)C(=O)O,-3.04139268515822,training
CCCc1ccc2ccccc2c1CNC(=O)c1c(OC)cc(O)c2c1OC1=CC(O)=C(C(C)=O)C(=O)[C@]12C,-1.63346845557959,training
CCCO/N=C(\C)C(Cc1ccc(OCCc2nc(C(C)C)oc2C)cc1)C(=O)O,-0.716003343634799,training
Cc1cccc(OC(=O)N(CC(=O)O)[C@@H](C)c2cccc(OCc3coc(-c4ccc(Cl)cc4)n3)c2)c1,-2.75663610824585,training
O=C(Cc1ccc(CC(C(=O)O)S(=O)(=O)CCc2ccc(F)cc2)cc1)OCc1ccc(C(F)(F)F)cc1,-4.25527250510331,training
CCOc1ccc(CC(CC)C(=O)O)cc1CNC(=O)c1ccc(C(F)(F)F)cc1,-3.25527250510331,training
CCCCCCC(Sc1nc2ccc(NCc3ccc(-c4ccccc4)cc3)cc2s1)C(=O)O,-2.88649072517248,training
CCc1nc2c(CC(C)C)cc(C)nc2n1[C@H]1CCc2cc(-c3ccccc3-c3nnn[nH]3)ccc21,-2.21748394421391,training
Cc1oc(-c2cccc(Cl)c2)nc1CCOc1cccc(C[C@@H]2C(=O)N(c3ccc(C(C)(C)C)cc3)[C@@H]2C(=O)O)c1,-2.0,training
CCCCCCC(Sc1nc(Cl)cc(Nc2nc3c(s2)CCc2cc(OC)ccc2-3)n1)C(=O)O,-3.56820172406699,training
COc1cc(/C=C/C(=O)c2ccc3c(c2)sc(=O)n3CCOc2ccc(CC(OCC(F)(F)F)C(=O)O)cc2)cc(OC)c1,-3.0,training
CCCc1nc2ccccc2n1Cc1ccc2c(c1)COc1ccc(F)cc1/C2=C(\C)c1noc(=O)[nH]1,-0.977723605288848,training
Cc1ccc(OC(=O)N(CC(=O)O)Cc2cccc(OCc3nc(-c4ccc(F)cc4)oc3C)c2)cc1,-3.00302947055362,training
Cc1sc(-c2ccccc2)nc1CCOc1ccc(C[C@H](Nc2ccccc2C(=O)c2ccccc2)C(=O)O)cc1,1.0,training
COc1ccc2c(Oc3cccc(C(F)(F)F)c3)c(C(=O)O)n(-c3ccc(C(C)(C)C)cc3)c2n1,-2.47567118832443,training
O=C(O)C1CCc2ccc(OCCCOc3ccc(OCC(F)(F)F)cc3Cl)cc2O1,-3.47712125471966,training
Cc1ccc(NC(=O)N(CCCCC2CCCCC2)CCc2ccc(SC(C)(C)C(=O)O)cc2)cc1[N+](=O)[O-],-3.30102999566398,training
CCO[C@@H](Cc1ccc(OC/C=C/C#Cc2ccc(C#C/C=C/COc3ccc(C[C@H](OCC)C(=O)O)cc3)cc2)cc1)C(=O)O,-2.04139268515822,training
CCCCc1nc(C)c(CC(=O)OCC(C)C)c(=O)n1Cc1ccc(-c2ccccc2-c2noc(=O)[nH]2)cc1,-3.1846914308176,training
COc1ccc(COc2ccc(CNc3cccc(OC(C)(C)C(=O)O)c3)cc2)cc1,-4.26245108973043,training
CCO[C@@H](Cc1ccc(OC/C=C/C#Cc2cccc(C#C/C=C/COc3ccc(C[C@H](OCC)C(=O)O)cc3)c2)cc1)C(=O)O,-3.21748394421391,training
Cc1cc(-c2ccccc2)ccc1O[C@@H](Cc1ccccc1)C(=O)O,-2.84509804001426,training
Cc1c(Oc2ccc(Cl)cc2)c2ccc(F)nc2n1Cc1ccc(F)c(O[C@@H](C)C(=O)O)c1,-1.9731278535997,training
CCc1ccc(CCOc2ccc(CC3SC(=O)NC3=O)cc2)cc1,-2.76342799356294,training
O=S(=O)(Nc1cc(C(F)(F)F)c(Oc2cncc(Cl)c2)c(C(F)(F)F)c1)c1ccc(Cl)cc1Cl,-2.0,training
COc1ccc(NC(=O)N(CCc2ccc(SC(C)(C)C(=O)O)cc2)CCc2ccc(-c3ccccc3)cc2)c(OC)c1,-3.07918124604762,training
CC=C/C=C\CC/C=C/C=C/C(=O)NCC(C)C,-4.71850168886727,training
COc1cccc(S(=O)(=O)n2c(CCCC(=O)O)cc3cc(Cl)ccc32)c1,-1.74036268949424,training
Cc1ccc(-c2nc(CCCCCCO/N=C(/CCC(=O)O)c3ccccc3)c(C)o2)cc1,-2.0,training
CCOC(Cc1ccc(OCCN2CC=C(c3cccc(Cl)c3Cl)CC2)cc1)C(=O)O,-2.82020145948564,training
Cc1cc(OC(Cc2ccccc2)C(=O)O)cc(C)c1-c1ccccc1,-3.3096301674259,training
O=C(O)C(Sc1nc(Cl)cc(Nc2ccc3ccccc3c2)n1)c1cccc2ccccc12,-3.83884909073726,training
COC(=O)C(Cc1ccc(OCCOc2ccc3c(c2)CCCC3)cc1)C(N)=O,-3.53529412004277,training
O=C(Cc1cccc(SCc2ccccc2C(=O)O)c1)OCc1ccc(-n2cccn2)cc1,-3.6232492903979,training
Cc1cccc(OCCCOc2ccc(CCC(=O)O)cc2)c1C,-4.19589965240923,training
Cc1oc(-c2ccccc2)nc1CCOc1cccc(CC2=CN(C(=O)OCC(C)C)CCC2C(=O)O)c1,-1.0,training
CCCc1cc2c(oc(=O)n2CC2CC2)c(CCC)c1O[C@H](C(=O)O)c1ccc(C(C)C)cc1,-2.51851393987789,training
CCOC(=O)C(CC)Cc1ccc(C(=O)NCc2ccc(OC)cc2C(F)(F)F)cc1,-3.30102999566398,training
O=C(O)C(Cc1ccccc1)Oc1ccc(CSc2ccccc2)cc1,-2.60205999132796,training
Cc1ccc(OC(=O)N(CC(=O)O)Cc2cccc(OCc3nc(-c4ccc(C#N)cc4)oc3C)c2)cc1,-3.53718922624364,training
CCCCC(Cc1cccc(OCCc2ccccc2)c1OCCc1ccccc1)C(=O)O,-3.56820172406699,training
Cc1oc(-c2ccccc2)nc1CCOc1ccc2c(c1)CCC2C(C)C(=O)O,-2.04921802267018,training
O=C(O)CCCc1cc2cc(C(F)(F)F)ccc2n1S(=O)(=O)c1ccccc1,-2.62013605497376,training
Cc1ccc(COc2cccc(OCCCOc3ccc4[nH]cc(CC(=O)O)c4c3)c2)cc1,-3.23044892137827,training
CCCOc1ccc(C[C@@H](Cc2ccccc2)C(=O)O)cc1CNC(=O)c1ccc(N2C3CCCC2CC3)cc1,-0.826074802700826,training
CCCCCCC(Sc1nc2ccc(NCc3cc(Cl)cc(Cl)c3)cc2s1)C(=O)O,-3.46239799789896,training
CCOC(Cc1ccc(OCCC2Sc3ccccc3Oc3ccccc32)cc1)C(=O)O,-3.56820172406699,training
CCC(C(=O)O)C1CCc2cc(OCCc3nc(-c4cccc(F)c4)oc3C)ccc21,-1.78532983501077,training
CC(C)(C)Oc1ccc(/C=C2\C=C(CC(=O)O)c3cc(F)ccc32)cc1,-3.27875360095283,training
Cc1cc(OCCCOc2ccc(-c3ccccc3)cc2)ccc1OCC(=O)O,-3.65896484266444,training
CCO[C@@H](Cc1ccc(OCC=C(c2ccc(-c3ccco3)cc2)c2ccc(-c3ccco3)cc2)cc1)C(=O)O,-3.46239799789896,training
COc1cccc(CNC(=O)N2C(=O)c3c(cc(O)c4c3OC3=CC(O)=C(C(C)=O)C(=O)[C@]34C)OC2OC)c1,-3.57978359661681,training
COC(=O)N(CC(=O)O)Cc1cccc(OCc2csc(-c3ccc(C(F)(F)F)cc3)n2)c1,-3.53693702270467,training
COC(=O)N(CC(=O)O)Cc1cc(OCc2nc(-c3ccc(OC(F)(F)F)cc3)oc2C)ccc1F,-3.3773062510682,training
CCCc1c(O[C@H](C(=O)O)c2ccc(C(C)C)cc2)c(Cl)cc2c1oc(=O)n2CC,-2.55630250076729,training
CCCc1c(OCCCCOc2cccc(CC(=O)O)c2)ccc2c(-c3ccccc3)noc12,-0.778151250383644,training
CCCc1nc(-c2ccncc2)cn1Cc1ccc2c(c1)COc1ccccc1/C2=C(\C)c1noc(=O)[nH]1,-2.77305469336426,training
CCOC(=O)N1C[C@H](C(=O)O)[C@H](c2cccc(OCCc3nc(-c4ccccc4)oc3C)c2)C1,-4.38021124171161,training
Cc1ccc(C(=O)O)cc1NC(=O)c1ccccc1NC(=O)c1ccc(C(C)(C)C)cc1,-3.79934054945358,training
Cc1sc(-c2ccc3c(c2)OCO3)nc1CCOc1ccc2c(c1)CC[C@H]2CC(=O)O,-0.698970004336019,training
COC(=O)N(CC(=O)O)Cc1cccc(OCc2coc(-c3ccc(F)c(Cl)c3)n2)c1,-3.80522891420343,training
CCC(C(=O)O)C1CCc2cc(OCCc3nc(COc4ccccc4)oc3C)ccc21,-1.65321251377534,training
C/C(=N\OCCOc1ccc(CC2SC(=O)NC2=O)cc1)c1ccc(-c2ccccc2)nc1,-2.27875360095283,training
C/C(=N\OCCCCO/N=C(/CCC(=O)O)c1ccccc1)c1ccc(F)cc1,-3.14612803567824,training
CCCc1nc2c(C)cccc2n1Cc1ccc2c(c1)COc1ccccc1/C2=C(\C)c1noc(=O)[nH]1,-0.45484486000851,training
CCOC(Cc1ccc2c(ccn2Cc2nc(-c3cccc(Cl)c3)oc2C)c1)C(=O)O,-1.77815125038364,training
Cc1cccc(-c2nc(CCOc3ccc(CC4(C(=O)O)CCCO4)cn3)c(C)o2)c1,-0.698970004336019,training
CNC(=O)[C@H]1O[C@@H](n2cnc3c(NCc4cccc(I)c4)nc(Cl)nc32)[C@H](O)[C@@H]1O,-3.46834733041216,training
C/C(=N\OCCCCO/N=C(/CCC(=O)O)c1ccccc1)c1ccc(C)cc1,-3.32221929473392,training
Cc1oc(-c2ccccc2)nc1CCOc1cccc(Cc2c(C(=O)O)nnn2-c2ccccc2)c1,-3.89762709129044,training
CC[C@]1(C(=O)O)CCc2ccc(OCCCOc3ccc(C4CCC5(CC4)CC5)cc3Cl)cc2O1,-2.69897000433602,training
CCCCN(Cc1ccc(OC(C)(C)C(=O)O)cc1)Cc1nc(-c2cccc(Br)c2)oc1C,-3.11394335230684,training
Cc1cccnc1Oc1ccc2nc(COc3cccc(C(=O)O)c3)n(C)c2c1,-2.54530711646582,training
CCCCC(Sc1ccc(OCCCOc2cccc(C(F)(F)F)c2)cc1)C(=O)O,-3.66275783168157,training
CCOC(=O)C1=C(c2ccccc2)c2ccc(OCCN(C)C3CCCCC3)cc2/C1=[N+](/C)[O-],-1.84509804001426,training
CCc1ccc(O[C@H](C)CCOc2ccc(CCC(=O)O)c(C)c2)c(Oc2ccccc2)c1,-0.903089986991943,training
CCCOC(=O)N1CCC(C(=O)O)=C(Cc2cccc(OCCc3nc(-c4ccccc4)oc3C)c2)C1,-1.60205999132796,training
O=C(O)C(Cc1ccc(Cl)cc1)Oc1ccc(Cl)cc1,-3.4996870826184,training
CCC(Cc1ccc(OC)c(C(=O)NCc2ccc(C(F)(F)F)c(F)c2)c1)C(=O)O,-3.20411998265592,training
Cc1ccc(C(=O)c2nc3ccccc3n2C/C=C/c2cccc(OC(C)(C)C(=O)O)c2)cc1,-3.23044892137827,training
CSc1nc(Nc2ccccc2)c(C(=O)O)c(SCc2ccccc2)n1,-3.20411998265592,training
Cc1cccc(Oc2ccc3nc(COc4cccc(C(=O)O)c4)n(C)c3c2)n1,-3.27760921430409,training
CCc1cc(OCCc2nc(-c3ccc(F)cc3)oc2C)ccc1CCC(=O)O,-1.11394335230684,training
Cc1cc(Oc2cccc(CNC(=O)c3cc4cccc(Br)c4[nH]3)c2)ccc1CCC(=O)O,-2.19865708695442,training
CC[C@@H](NC(=O)c1ccc2c(c1)ncn2Cc1ncccc1Cl)c1ccccc1,-1.20002926655377,training
CN(CC#Cc1ccc(CC(C(=O)O)n2cccc2)cc1)c1ccccn1,-3.95424250943932,training
CCOC(Cc1ccc(OCC=C2c3ccccc3CCc3ccccc32)cc1)C(=O)O,-4.10037054511756,training
CCCCCOc1nc2ccccc2cc1C(O)CC#CCCCC(=O)OC,-3.15014216184856,training
Cc1oc(-c2ccccc2)nc1CCOc1ccc2c(c1)CCC2C(C(=O)O)C(=O)O,-3.26951294421792,training
[N-]=[N+]=NCc1ccc(/C=C2\C=C(CC(=O)O)c3cc(F)ccc32)cc1,-2.95424250943932,training
CCc1cc(C)c2nc(C(C)C)n([C@H]3CCc4cc(-c5ccccc5-c5nnn[nH]5)ccc43)c2n1,-2.42160392686983,training
COC1Oc2cc(O)c3c(c2C(=O)N1C(=O)NCc1cccc([N+](=O)[O-])c1)OC1=CC(O)=C(C(C)=O)C(=O)[C@]13C,-3.38021124171161,training
Cc1oc(-c2cccc(Cl)c2)nc1CCOc1ccc2c(c1)CC[C@H]2CC(=O)O,-1.11394335230684,training
Cc1onc(-c2ccc(CC(=O)O)cc2Cl)c1C(=O)NCCOc1ccc(C(F)(F)F)cc1[N+](=O)[O-],-3.09691001300806,training
CO/N=C(\c1ccccc1)c1ccc2c(c1)C(C)(C)CCN2CCOc1ccc(C[C@H](Nc2ccccc2C(=O)c2ccccc2)C(=O)O)cc1,-1.14612803567824,training
CN(CCOc1ccc(C[C@H](Nc2ccccc2C(=O)C2CCCCC2)C(=O)O)cc1)c1nc2ccccc2o1,-0.755684333852413,training
COC(=O)C(Cc1ccc(OCCOc2ccc3c(c2)CCCC3)cc1)C(=O)OC,-3.17609125905568,training
Cc1ccc(C)c(Oc2ccc3nc(COc4cccc(C(=O)O)c4)n(C)c3c2)n1,-2.8555191556678,training
CCO[C@@H](Cc1ccc(OCC=C(c2ccc(C)cc2)c2ccc(C)cc2)cc1)C(=O)O,-3.49068170104393,training
CCO[C@@H](Cc1cccc(C2=NOC(c3ccc(C(C)(C)C)cc3)C2)c1)C(=O)O,-3.43616264704076,training
O=C(Oc1ccc([N+](=O)[O-])cc1)c1cn(-c2ccccc2)nc1-c1ccccc1,-3.35983548233989,training
Cc1cccc(-c2nc(CCOc3ccc(CC4(C(=O)O)CCCO4)nc3)c(C)o2)c1,-1.07918124604762,training
CC(C)=CCC/C(C)=C/Cc1c(O)cc(/C=C/c2cccc(C(F)(F)F)c2)cc1O,-3.69897000433602,training
CCc1nc2c(C)cn(Cc3ccccc3C#N)c(=O)c2n1[C@H]1CCc2cc(-c3ccccc3-c3nnn[nH]3)ccc21,-2.46982201597816,training
CC(C)(Sc1ccc(CCN(CCc2ccc(-c3ccccc3)cc2)C(=O)Nc2cc(Cl)cc(Cl)c2)cc1)C(=O)O,-3.30102999566398,training
C/C(=C\C(=O)c1ccccc1)NC(Cc1ccc(OCCOc2ccc(/C=C/c3ccccc3)cc2)cc1)C(=O)O,-1.07918124604762,training
COc1ccc(C(=O)c2c(C)n(Cc3cc(O[C@@H](C)C(=O)O)ccc3F)c3ncccc23)cc1,-0.477121254719662,training
CC[C@]1(C(=O)O)CCc2ccc(OCCCOc3ccc(C4CCCCC4)cc3Cl)cc2O1,-2.60205999132796,training
CCc1nc2ccn(Cc3cccc(C(F)(F)F)c3)c(=O)c2n1[C@H]1CCc2cc(-c3ccccc3-c3nnn[nH]3)ccc21,-2.65224634100332,training
O=C(O)[C@@H](Cc1ccccc1)Oc1ccc(Cl)cc1,-4.02118929906994,training
CSc1ccc(C(=O)/C=C/c2cc(C)c(OC(C)(C)C(=O)O)c(C)c2)cc1,-3.32551566336315,training
CCC(C(=O)O)C1CCc2cc(OCCc3nc(-c4ccc(OC)c(OC)c4)oc3C)ccc21,-1.92427928606188,training
O=C(O)CCCNC(=O)c1ccccc1NC(=O)c1cccc(-c2ccccc2)c1,-4.568201724067,training
CC(C)OC(Cc1ccc(OCCc2noc(-c3cccc(C(F)(F)F)c3)n2)cc1)C(=O)O,-0.778151250383644,training
O=C(O)C(Cc1ccccc1)Oc1ccc(OCc2ccccc2)cc1,-3.38021124171161,training
CCCC1Sc2ccccc2N1Cc1ccc(-c2ccccc2C(=O)O)cc1,-3.02118929906994,training
CCCc1nc2c(Br)cccc2n1Cc1ccc(-c2ccccc2C(=O)O)cc1,-3.91645394854992,training
COc1ccc(-n2c(C(=O)O)c(Oc3cccc(C(F)(F)F)c3)c3ccccc32)cc1,-2.52374646681156,training
CCC#CCOc1cc(COc2ccc(Cl)cc2)ccc1Sc1ccc(OCC(=O)O)c2c1CCCC2,-2.7481880270062,training
CCCc1cc(C(=O)c2ccc(-c3ccccc3)cc2)ccc1OCCCN1CCCc2cc(OC(C)(C)C(=O)O)ccc21,-2.0,training
O=C(O)Cc1ccc(-c2noc(C3CC3)c2C(=O)NCCOc2ccc(Cl)cc2Cl)c(Cl)c1,-3.5092025223311,training
Cc1cc(Oc2cccc(CNC(=O)c3cc4cc(Cl)ccc4[nH]3)c2)ccc1CCC(=O)O,-1.39794000867204,training
CCCCCCC(Sc1nc2ccc(NCc3ccc4ccccc4c3)cc2s1)C(=O)O,-3.47712125471966,training
CCCc1cc(C(=O)c2ccccc2)ccc1OCCCOc1cccc(C2SC(=O)NC2=O)c1,-2.22271647114758,training
Cc1cc(CN2CCc3ccccc3C2C(=O)Nc2ccc(Cl)cc2Cl)ccc1OCC(=O)O,-3.43136376415899,training
Cc1oc(-c2ccccc2)nc1CCOc1cccc(CN(CCCc2ccccc2)CC(=O)O)c1,-2.95472479097906,training
CCO[C@@H](Cc1ccc(OCCn2c3ccc(Br)cc3c3cc(Br)ccc32)cc1)C(=O)O,-1.64172192476583,training
CCCOc1ccc(C[C@@H](Cc2ccccc2)C(=O)O)cc1CNC(=O)c1ccc(N2CCCCCCC2)cc1,-0.278753600952829,training
CCCc1cc(Oc2ccccc2)ccc1OCCCOc1ccc(C2SC(=O)NC2=O)cc1CCC,-2.30102999566398,training
CCCCCCCN(CCc1ccc(OC(C)(C)C(=O)O)cc1)C(=O)Nc1ccc(F)cc1,-2.44715803134222,training
CCCc1c(SC)c2ccc(NC(=O)C(CC)c3ccccc3)cc2n1Cc1ccc(-c2ccccc2C(=O)O)cc1,-2.30319605742049,training
C[C@]1(C(=O)O)CCc2ccc(OCCCOc3ccc(OCC(F)(F)F)cc3Cl)cc2O1,-3.47712125471966,training
CO[C@@H](Cc1ccc(OCCCOc2ccc(-c3ccccc3)cc2)cc1)C(=O)O,-2.18752072083646,training
Cc1sc(N2CCN(C)CC2)nc1CCOc1ccc(C[C@H](Nc2ccccc2C(=O)c2ccccc2)C(=O)O)cc1,-0.109915863023793,training
CCO[C@@H](Cc1cccc(/C(C)=N/OCc2ccc(OS(C)(=O)=O)cc2)c1)C(=O)O,-3.20682587603185,training
Cc1ccc(C(=O)c2nc3ccccc3n2Cc2cccc(OC(C)(C)C(=O)O)c2)cc1,-3.77815125038364,training
Cc1oc(-c2ccccc2)nc1CCOc1ccc(C[C@@H](C(=O)O)N(C)C)cc1,-2.61278385671974,training
CCc1cc(OCCc2nc(-c3ccc(C(F)(F)F)cc3)oc2C)ccc1CCC(=O)O,-0.698970004336019,training
CCCc1cc(C(=O)CC)cc(C)c1OC(C(=O)O)c1ccc(C(C)C)cc1,-2.29446622616159,training
C/C(=N\OCCOc1ccc(CC2SC(=O)NC2=O)cc1)c1ccc(-c2ccccc2)cn1,-3.04139268515822,training
CCCCCCCN(CC(=O)O)Cc1ccc(OCCc2nc(-c3ccccc3)oc2C)cc1,-2.13353890837022,training
Cc1ccccc1Nc1cc(Cl)nc(SCC(=O)O)n1,-4.51851393987789,training
COc1ccc2c(-n3c(=O)n(Cc4ccc(Cl)c(O[C@H](C)C(=O)O)c4)c4ccc(C(F)(F)F)cc43)noc2c1,-1.91907809237607,training
O=C(O)Cc1cn(Cc2ccccc2)c2ccc(OCCCOc3cccc(OCc4ccc(Cl)cc4)c3)cc12,-2.69897000433602,training
Cc1oc(-c2ccccc2)nc1CCOc1ccc(CN(CC(=O)O)Cc2ccc(OCc3ccccc3)cc2)cc1,-2.34439227368511,training
Cc1cccc(Nc2cc(Cl)nc(SC(C(=O)O)c3ccc(-c4ccccc4)c4ccccc34)n2)c1C,-3.65321251377534,training
O=C(O)c1cccc(NC(=O)c2ccc(Cl)cc2NC(=O)c2ccc(C(F)(F)F)cc2)c1,-3.93951925261862,training
COC1Oc2cc(O)c3c(c2C(=O)N1C(=O)NCc1ccccc1Cl)OC1=CC(O)=C(C(C)=O)C(=O)[C@]13C,-2.44715803134222,training
CCCCCCC(Sc1nc(Cl)cc(Nc2nc(-c3ccccc3)c(C)s2)n1)C(=O)O,-3.36172783601759,training
O=C(O)CSc1nc(Cl)cc(Nc2ccc(Nc3ccccc3)cc2)n1,-4.09342168516224,training
CCO[C@@H](Cc1cccc(C2=NOC(c3ccc(Br)cc3)C2)c1)C(=O)O,-2.86923171973098,training
Cc1c(C)n(Cc2ccc(-c3ccccc3C(=O)O)cc2)c2ccc(C(=O)N[C@@H](C)c3ccccc3Br)cc12,-2.16731733474818,training
COC(=O)[C@@H](NC(=O)OCc1ccccc1)c1cccc(NC(=O)CCl)c1,-4.35005409357903,training
Cc1ccnc(Oc2ccc3nc(COc4cccc(C(=O)O)c4)n(C)c3c2)c1,-2.66086547800387,training
CCCc1c(OCCCn2ccc3cc(OC(C)(C)C(=O)O)ccc32)ccc2cc(C(=O)c3ccc(F)cc3)ccc12,-3.32633586092875,training
CCCCNC(=O)OCCCc1ccc(OCCOC)cc1Oc1ncc(C(F)(F)F)cc1Cl,-1.68124123737559,training
CC(C)(Sc1ccc(CCN(CCCCC2CCCCC2)C(=O)Nc2cccc(C#N)c2)cc1)C(=O)O,-3.0,training
C#CCOc1cc(COc2ccc(C(F)(F)F)cc2)ccc1Sc1ccc(OCC(=O)O)c2c1CCCC2,-3.69019608002851,training
CCOC(=O)C(CC)Cc1ccc(C(=O)NCc2ccccc2C(F)(F)F)cc1,-3.25527250510331,training
O=C(O)C(Oc1ccc(Cl)cc1F)c1ccccc1,-4.50514997831991,training
NC(=O)C(Cc1ccc(OCCOc2ccc3ccccc3c2)cc1)C(=O)O,-3.48000694295715,training
O=C(NCc1ccccc1Cn1cccc1C(=O)O)NC12C[C@H]3C[C@@H](C1)C[C@@H](C2)C3,-3.77815125038364,training
CCCCCCOc1ccc(CC(CC)C(=O)O)cc1CNC(=O)c1ccc(C(F)(F)F)cc1,-3.36172783601759,training
CCCc1cc2c(oc(=O)n2CC(F)(F)F)c(CCC)c1O[C@H](C(=O)O)c1ccc(C(C)C)cc1,-2.14612803567824,training
CCCCCS(=O)(=O)NC(=O)/C=C/c1ccc(OCCO)cc1Oc1ncc(C(F)(F)F)cc1Cl,-1.90308998699194,training
Cc1c(Oc2ccc(Cl)cc2)c2ccc(C(F)(F)F)nc2n1Cc1ccc(Cl)c(O[C@@H](C)C(=O)O)c1,-1.36172783601759,training
CCCOC(=O)N(CC(=O)O)Cc1cccc(OCc2nc(-c3ccc(Cl)cc3)oc2C)c1,-3.09933527768596,training
CCCc1nc2ccc(-c3ccc(O)cc3)cc2n1Cc1ccc(-c2ccccc2C(=O)O)cc1,-3.47421626407626,training
O=C(O)C(Sc1nc(Cl)cc(Nc2cccc(Cl)c2)n1)c1cccc2ccccc12,-3.86332286012046,training
CCOC(=O)C1=C(c2ccccc2)c2ccc(OC)cc2/C1=[N+](/C)[O-],-2.47712125471966,training
CCOC(=O)C(CC)Cc1ccc(C(=O)NCc2ccccc2OC(F)(F)F)cc1,-3.54406804435028,training
CCCc1c(OCCCSc2ccc(CC(=O)O)cc2Cl)ccc2c(-c3ccccc3)coc12,-0.851258348719075,training
c1ccc(CNCCOc2ccc3ccccc3c2)cc1,-2.60205999132796,training
CCO[C@@H](Cc1ccc(OCCc2nc(-c3ccccc3)oc2C)c2ccccc12)C(=O)O,-1.568201724067,training
CCOC(=O)C1=C(c2ccoc2)c2ccc(OC)cc2C1=O,-3.0,training
CCCc1cc2c(OC)noc2c(CCC)c1OC(C)(C)C(=O)O,-3.04139268515822,training
CCCCCS(=O)(=O)NC(=O)CCc1cc(OCc2ccccc2)nn1Cc1ccc(Cl)cc1Cl,-1.14612803567824,training
Cc1cccc(Nc2cc(Cl)nc(OCCC(=O)O)n2)c1C,-4.14612803567824,training
COc1ccc(-c2nc(CCOc3cccc(C[C@@H]4C(=O)N(c5ccc(C(C)(C)C)cc5)[C@@H]4C(=O)O)c3)c(C)o2)cc1,-1.60205999132796,training
COc1cc(O)c2c(c1C(=O)NCc1c(C)ccc3ccccc13)OC1=CC(O)=C(C(C)=O)C(=O)[C@]12C,-1.44715803134222,training
O=C(O)Cc1ccc(COc2cccc(-c3c(Cc4ccccc4)cnc4c(C(F)(F)F)cccc34)c2)cc1,-2.83250891270624,training
Cc1oc(-c2ccccc2)nc1CCOc1cccc(Cc2nn(-c3ccccc3)nc2C(=O)O)c1,-3.57863920996807,training
CCCc1nc2ccccc2n1Cc1ccc(-c2ccc(C(=O)O)cc2)cc1,-3.27415784926368,training
CCOC(=O)CN1C(=O)S/C(=C\c2ccc(Cl)cc2)C1=O,-3.90308998699194,training
CCCc1c(OCCCN2CCCc3cc(OC(C)(C)C(=O)O)ccc32)ccc2cc(C(=O)c3ccccc3)ccc12,-2.73239375982297,training
CCOC(=O)C(CC)Cc1ccc(C(=O)NCc2ccc(C(F)(F)F)cc2)cc1,-3.6232492903979,training
C=CCc1ccc(OC)c(OC)c1,-4.60205999132796,training
O=C1NC(=O)/C(=C/c2ccc(OCCNc3nc4ccccc4s3)cc2)S1,-1.72427586960079,training
CC(O)CCCCN1C(=O)C(CCOc2ccccc2CC(=O)O)Oc2ccccc21,-3.0,training
O=C(O)C(Cc1cccc(F)c1)Oc1ccc(Cl)cc1F,-3.38021124171161,training
CN(CCOc1ccc(CC2SC(=O)NC2=O)cc1)C(=O)CCCCC(S)CCS,-1.8750612633917,training
O=C(O)CC1=C/C(=C\c2ccc(F)c3ccccc23)c2ccc(F)cc21,-2.0,training
CCC(Cc1ccc(C(=O)NCc2ccc(OC)cc2C(F)(F)F)cc1)C(=O)O,-2.47712125471966,training
Cn1c(COc2cccc(C(=O)O)c2)nc2ccc(Oc3cccc(F)c3)cc21,-2.30319605742049,training
CC(C)CCCCN1C(=O)C(CCOc2ccccc2CC(=O)O)Oc2ccccc21,-1.89762709129044,training
O=C(Cc1ccc(SCc2ccccc2C(=O)O)cc1)OCc1ccc(C(F)(F)F)cc1,-3.23044892137827,training
CCCOC(=O)N1CCc2c(OCCc3nc(-c4ccc(-c5ccccc5)cc4)oc3C)ccc(CCC(=O)O)c2C1,-0.477121254719662,training
Cc1oc(-c2ccccc2)nc1CCOc1ccc(C[C@H](OCC2CC2)C(=O)O)c2sccc12,-1.50514997831991,training
Cc1oc(-c2ccccc2)nc1CCOc1cccc(CC2=C(C(=O)O)CCN(C(=O)OCc3ccccc3)C2)c1,-3.69196510276736,training
Cc1cc(Oc2cccc(CNC(=O)c3ccc(C(F)(F)F)cc3Oc3ccccc3)c2)ccc1OC(C)(C)C(=O)O,-2.68033551341456,training
CC[C@@H](Cc1ccc(OC)c(CNC(=O)c2ccc(Oc3ccc(Br)cc3)cc2)c1)C(=O)O,-2.99563519459755,training
CCCCc1nc(C(C)C)c(Cc2nc(Cc3ccccc3)no2)c(=O)n1Cc1ccc(-c2ccccc2-c2noc(=O)[nH]2)cc1,-3.05690485133647,training
Cc1oc(-c2cccc[s+]2)nc1CCOc1ccc(C[C@@](C)(Oc2ccccc2)C(=O)O)cc1,-0.599992177584098,training
O=C(O)C(Cc1ccccc1)Oc1ccccc1F,-4.27875360095283,training
CCNC(=O)c1cc(NS(=O)(=O)c2ccc(Br)cc2OC(F)(F)F)ccc1Oc1cncc(Cl)c1,-1.17609125905568,training
CCC(Sc1nc(OCCc2ccccc2)cc(OCCc2ccccc2)n1)C(=O)O,-3.78532983501077,training
CC/C(=N\OC)C(Cc1ccc(OCCc2nc(-c3ccccc3)oc2C)cc1)C(=O)O,0.508638306165727,training
CCCc1nc2c(F)cccc2n1Cc1ccc(-c2ccccc2C(=O)O)cc1,-3.93751789201735,training
CCNC(=O)c1cc(NS(=O)(=O)c2ccc(Cl)c(Cl)c2)ccc1Oc1cncc(Cl)c1,-1.30102999566398,training
Cc1cccc(Nc2cc(Cl)nc(SC(C)C(=O)O)n2)c1C,-4.11394335230684,training
CCCCCc1cc(O)c(C/C=C(\C)CCC=C(C)C)c(O)c1,-4.19589965240923,training
CN1CCN(CC(=O)OCc2ccc(CC(SCCc3ccc(F)cc3)C(=O)O)cc2)CC1,-2.90848501887865,training
CCC(Oc1cccc(CN(CCCOc2ccccc2)c2nc3c(O)cccc3o2)c1)C(=O)O,-3.30102999566398,training
Cn1nc(-c2ccc(C(C)(C)C)cc2)cc1C(=O)NCc1ccc(OC(C)(C)C(=O)O)cc1,-3.0,training
COc1cc(CN(Cc2ccco2)Cc2nc(-c3ccccc3)oc2C)ccc1OC(C)(C)C(=O)O,-2.25527250510331,training
COc1cc(O)c2c(c1C(=O)NCc1c(C)ccc3ccc(F)cc13)OC1=CC(O)=C(C(C)=O)C(=O)[C@]12C,-1.81291335664286,training
CCOC(Cc1ccc(OCCN2CC=C(c3cnccn3)CC2)cc1)C(=O)O,-4.10037054511756,training
CC(C)=CCC/C(C)=C/Cc1c(O)cc(/C=C/c2ccccc2)cc1O,-3.69897000433602,training
CCC(C(=O)O)C1CCc2cc(OCCc3nc(-c4ccc(Cl)cc4)oc3C)ccc21,-2.31386722036915,training
CC/C(=N\OCCOc1ccc(CC2SC(=O)NC2=O)cc1)c1ccc(-c2ccccc2)cc1,-3.20411998265592,training
C/C(=N\OCc1nc(-c2ccccc2)oc1C)c1ccc(OCC(=O)O)c(C)c1,-2.47712125471966,training
CCC(Cc1ccc(OC)c(CNC(=O)c2ccc(OCc3ccccc3)cc2)c1)C(=O)O,-2.66275783168157,training
CC(C)=CCC/C(C)=C/Cc1c(O)cc(/C=C/c2ccc(O)cc2)cc1O,-3.90308998699194,training
COc1ccc(-c2nc(CCOc3ccc4c(c3)CC[C@H]4CC(=O)O)c(C)o2)cc1,-0.477121254719662,training
COc1ccc(-c2nc(SCCCOc3ccc(OCC(=O)O)cc3Cl)sc2-c2ccc(OC)cc2)cc1,-3.66370092538965,training
Cc1oc(-c2ccccc2)nc1CCOc1ccc2c(c1)CC(C)C2CC(=O)O,-2.94596070357757,training
C[C@]1(C(=O)O)CCc2ccc(OCCCOc3ccc(Oc4ccc(F)cc4)cc3Cl)cc2O1,-2.38021124171161,training
Cc1cc(CNC(=O)c2cc(-c3ccc(-c4ccncc4)cc3)n(C)n2)ccc1OC(C)(C)C(=O)O,-2.49136169383427,training
O=C(O)C(Cc1ccc(OCCOc2ccc3c(c2)CCCC3)cc1)C(=O)O,-3.32428245529769,training
CCCCc1nc(C(C)C)c(CC(=O)OC)c(=O)n1Cc1ccc(-c2ccccc2-c2noc(=O)[nH]2)cc1,-3.41830129131975,training
CCC(C(=O)O)C1CCc2cc(OCCc3nc(-c4ccccc4)oc3C)c(-c3ccc(Cl)cc3)cc21,-2.22530928172586,training
Cc1ccc(-c2nc(COc3ccc(CC(OC(C)C)C(=O)O)cc3)no2)cc1,-1.20411998265592,training
Cc1cc(-c2ccccc2)cc(C)c1O[C@@H](Cc1ccccc1)C(=O)O,-3.49136169383427,training
Cc1cc(SCc2nc(-c3ccc(C(F)(F)F)c(F)c3)ns2)ccc1OC(C)(C)C(=O)O,-2.80617997398389,training
CCc1ccc(O[C@H](C)CCOc2ccc(CCC(=O)O)c(C)c2)c(-c2nccs2)c1,-3.35602585719312,training
Cc1c(C)n(Cc2ccc(-c3ccccc3C(=O)O)cc2)c2ccc(C(=O)NCc3cccs3)cc12,-2.29225607135648,training
Cc1oc(-c2ccccc2)nc1CCOc1ccc(CC(Nc2ccccc2C(=O)O)C(=O)O)cc1,-3.69000016016877,training
O=S(=O)(Nc1cc(Cl)c(Oc2cnc3ccccc3c2)c(Cl)c1)c1ccccc1Cl,-3.76417613239033,training
CCCC/C(=C\c1cc(OCc2ccccc2)ccc1OCc1ccc(C(F)(F)F)cc1)C(=O)O,-4.06818586174616,training
Cc1cc(CNC(=O)c2cc(-c3ccc(-c4ccccc4C)cc3)n(C)n2)ccc1OC(C)(C)C(=O)O,-1.47712125471966,training
C/C(=C\C(=O)c1ccccc1)NC(Cc1ccc(OCCOc2ccc(/C=C/c3ccc(C(F)(F)F)cc3)cc2)cc1)C(=O)O,-1.92427928606188,training
CCCCCCC(Sc1nc(Cl)cc(Nc2nc(-c3ccc4c(c3)CCCC4)cs2)n1)C(=O)O,-3.61278385671974,training
Cc1c(Oc2ccc(Cl)cc2)c2cccnc2n1Cc1cc(O[C@@H](C)C(=O)O)ccc1Cl,-1.55630250076729,training
O=C(O)C(Cc1ccccc1)Oc1ccc(/C=N/OCc2ccccc2)cc1,-3.32221929473392,training
COc1ccc2c(c1)c(Cc1cccc(OC(C)(C)C(=O)O)c1)c(C)n2C(=O)c1ccc(Cl)cc1,-1.27875360095283,training
CCC(C(=O)O)C1CCc2cc(OCCc3nc(C4CCCC4)oc3C)ccc21,-2.32633586092875,training
O=C(O)[C@H](CCc1ccccc1)Oc1ccc(Cl)cc1,-3.8500001322711,training
CCC#CCOc1cc(COC2CCCC2)ccc1Sc1ccc(OCC(=O)O)c2c1CCCC2,-2.69897000433602,training
CNC(=O)[C@H]1S[C@@H](n2cnc3c(NCc4cccc(I)c4)nc(Cl)nc32)[C@H](O)[C@@H]1O,-3.66651798055488,training
CN(CCCOc1ccc(CC(=O)O)cc1Cl)C(=O)CCCCC1CCSS1,-4.0899051114394,training
Cc1c(C(=O)c2ccc(Cl)cc2)c2ccc(OC(F)(F)F)cc2n1Cc1cccc(OC2(C(=O)O)CCC2)c1,-1.07918124604762,training
CCCc1cc(CC2CCCCC2)ccc1OCCCOc1cccc(C2SC(=O)NC2=O)c1,-1.90308998699194,training
CCCOc1ccc(C[C@@H](Cc2ccccc2)C(=O)O)cc1CNC(=O)c1ccc(N2C3CC4CC(C3)CC2C4)cc1,-0.342422680822206,training
COC(C)(Cc1ccc(OCCc2nc(-c3ccccc3)oc2C)cn1)C(=O)O,-2.52504480703685,training
COc1ccc(C(=O)c2c(C)n(Cc3ccc(Cl)c(O[C@@H](C)C(=O)O)c3)c3nc(OC)ccc23)cc1,0.0,training
COc1ccc(OC(=O)N(CC(=O)O)[C@@H](C)c2cccc(OCc3coc(-c4ccc(Cl)cc4)n3)c2)cc1,-2.98677173426624,training
CCOC(Cc1cccc2c1ccn2CCCc1nc(-c2ccccc2)oc1C)C(=O)O,-1.95424250943932,training
Cc1ccc(OC(=O)N(CC(=O)O)Cc2cccc(OCCc3nc(-c4ccc(Cl)cc4)oc3C)c2)cc1,-2.14983469671578,training
Cc1c(C)n(Cc2ccc(-c3ccccc3C(=O)O)cc2)c2ccc(C(=O)NCc3cccc(C(C)C)c3)cc12,-2.12385164096709,training
CCc1ccc(O[C@H](C)CCOc2ccc(CCC(=O)O)c(C)c2)c(-c2ccccc2)c1,-2.92220627743902,training
Cc1oc(-c2ccccc2)nc1CCOc1ccc2c(c1)C(C)(C)CC2CC(=O)O,-3.81157500587059,training
O=C(O)C(Cc1ccccc1)Oc1ccc(NCc2ccccc2)cc1,-4.11394335230684,training
Cc1ccc(NC(=O)c2ccc(Cl)cc2Cl)c(C(=O)O)c1,-3.20411998265592,training
Cc1oc(-c2ccccc2)nc1CCOc1ccc(Cc2nn(-c3ccccc3)cc2C(=O)O)cc1,-2.87621784059164,training
Cc1ccc(-c2nc(CCOc3ccc4c(c3)CC[C@H]4CC(=O)O)c(C)o2)cc1,-0.602059991327962,training
CCCc1cc(Oc2ccc(O)cc2)ccc1OCCCOc1cccc(C2SC(=O)NC2=O)c1,-1.36172783601759,training
COc1ccc(S(=O)(=O)n2c(CCCC(=O)O)cc3cc(Cl)ccc32)cc1,-1.85733249643127,training
CCOC(Cc1ccc(OCCN2CC=C(c3ccccc3Cl)CC2)cc1)C(=O)O,-3.76566855475901,training
CCCNC(=O)c1cccc(Oc2cccc(-c3c(Cc4ccccc4)cnc4c(C(F)(F)F)cccc34)c2)c1,-3.57978359661681,training
Cn1c(COc2cccc(C(=O)O)c2)nc2ccc(Oc3ccc4c(c3)OCC4)cc21,-1.32221929473392,training
CCOC(Cc1ccc2c(ccn2Cc2nc(-c3ccccc3C)oc2C)c1)C(=O)O,-2.99563519459755,training
COc1ccc(F)c(-c2ccc(Cc3ccc(N4N=C(C(F)(F)F)[C@@H](C)[C@@H]4CC(=O)O)cc3)c(C)c2)c1,-3.41497334797082,training
CCO[C@@H](Cc1ccc(OCCN2CCC(C)(C)c3cc(/C(=N/OCC4CC4)c4ccccc4)ccc32)cc1)C(=O)O,-0.876217840591642,training
COc1ccc(C(=O)c2c(C)n(Cc3cc(O[C@@H](C)C(=O)O)ccc3F)c3nc(OC)ccc23)cc1,0.0,training
CCCCc1nc(C)c(CC(=O)OC(C)C)c(=O)n1Cc1ccc(-c2ccccc2-c2noc(=O)[nH]2)cc1,-3.22010808804005,training
Cc1ccccc1-c1nc(COc2ccc(CC(OC(C)C)C(=O)O)cc2)no1,-2.0,training
CCOC(=O)C1=C(c2ccccc2)c2ccc(OCCC34CC5CC(CC(C5)C3)C4)cc2/C1=[N+](/C)[O-],-2.92427928606188,training
CCCc1cc(Oc2ccc(OC)cc2)ccc1OCCCOc1ccc2c(c1)OC(CC)(C(=O)O)CC2,-2.94939000664491,training
Cn1c(COc2cccc(C(=O)O)c2)nc2ccc(Oc3ccc4c(c3)CCC4)nc21,-1.39794000867204,training
CCc1ccc(O[C@H](C)CCOc2ccc(CCC(=O)O)c(C)c2)c(-c2ccccn2)c1,-2.26007138798507,training
COc1cc(CCc2ccccc2)c(C(=O)O)c(O)c1C/C=C(/C)CCC=C(C)C,-1.86332286012046,training
CC[C@]1(C(=O)O)CCc2ccc(OCCCOc3ccc(C4CCC(C)(C)CC4)cc3Cl)cc2O1,-3.14612803567824,training
CCC#CCOc1cc(COc2ccc(C(F)(F)F)cn2)ccc1Sc1ccc(OCC(=O)O)c2c1CCCC2,-2.69019608002851,training
Cc1ccccc1OC(=O)C1C(c2ccccc2)C(C(=O)O)C1c1ccccc1,-4.0,training
CCC(Oc1cccc(CN(CCCOc2ccccc2)c2nc3cc4c(cc3o2)OCO4)c1)C(=O)O,-3.20411998265592,training
Cn1c(COc2cccc(C(=O)O)c2)nc2ccc(Oc3cc(F)ccc3F)cc21,-2.12710479836481,training
Cc1oc(-c2ccccc2)nc1CCOc1cccc(C2CN(C(=O)OCC(C)C)CCC2C(=O)O)c1,-2.32014628611105,training
Cc1oc(-c2ccccc2)nc1CCOc1ccc(CC2SC(=O)NC2=O)cc1,-0.74671202251666,training
C[C@@H](Oc1cc(Cn2c(=O)n(Cc3ccc(Cl)cc3)c3ccc(C(F)(F)F)cc32)ccc1Cl)C(=O)O,-3.47712125471966,training
CCC1(C(=O)O)CCc2ccc(OCCCOc3ccc(Oc4ccccc4)cc3F)cc2O1,-3.0,training
O=C(O)Cc1ccccc1OCCC1Oc2ccccc2N(CCCCCO)C1=O,-3.0,training
COc1cc(C(=O)NS(=O)(=O)c2ccccc2)ccc1Cc1cn(C)c2ccc(NC(=O)NC3CCCCC3)cc12,-2.47712125471966,training
Cc1c(Oc2cccc(O[C@@H](C)C(=O)O)c2)c2cc(OC(F)(F)F)ccc2n1-c1noc2cc(Cl)ccc12,-2.29003461136252,training
CCOC(Cc1ccc(OCCCN2CC=C(c3ccc(Cl)c(Cl)c3)CC2)cc1)C(=O)O,-2.86213137931304,training
CCOC(=O)CN(Cc1ccc(OCCN2CCC(C)(C)c3cc(/C(=N/O)c4ccccc4)ccc32)cc1)C(=O)O,-4.0,training
CCCO/N=C(\C)C(Cc1ccc(OCCc2nc(-c3ccccc3)oc2C)cc1)C(=O)O,0.259637310505756,training
COCc1cc(CNC(=O)c2c(OC)cc(O)c3c2OC2=CC(O)=C(C(C)=O)C(=O)[C@]23C)c2ccccc2c1,-2.30102999566398,training
CCC(Cc1cccc(C(=O)NCc2ccccc2C(F)(F)F)c1)C(=O)O,-3.80617997398389,training
CCCCC(Sc1nc(OCCCc2ccccc2)cc(OCCCc2ccccc2)n1)C(=O)O,-3.94939000664491,training
COC(=O)C(Cc1ccc(OCCOc2ccc3c(c2)C(C)(C)CCC3(C)C)cc1)C(N)=O,-2.91907809237607,training
CCC(Cc1ccc(OCCc2nc(-c3ccccc3)oc2C)cc1)(Oc1ccccc1)C(=O)O,-2.45484486000851,training
COc1ccc(-c2nc(CCOc3ccc(CC4(C(=O)O)CCCO4)cn3)c(C)o2)cc1,-0.698970004336019,training
CC(C)(Oc1ccc(CCCOc2ccc(/C=C/c3ccccc3)cc2)cc1)C(=O)O,-2.90308998699194,training
CCc1nc2c(C)cc(CC(C)C)nc2n1[C@H]1CCc2cc(-c3ccccc3C(=O)O)ccc21,-2.24303804868629,training
Cc1ccc(/C=C2\C=C(CC(=O)O)c3cc(F)ccc32)cc1,-3.38021124171161,training
CCOC(=O)C(CC)Cc1ccc(C(=O)NCc2ccc(OC(F)(F)F)cc2)cc1,-3.47712125471966,training
O=C(O)Cc1ccccc1OCCC1Oc2ccccc2N(CCC2CCCCC2)C1=O,-2.47712125471966,training
CCN(CCOc1ccc(/C=C2\SC(=O)NC2=O)cc1)c1ccccn1,-2.55630250076729,training
CCC(Cc1ccc(OCCN2CC=C(c3ccc(Cl)cc3)CC2)cc1)C(=O)O,-3.72345567203519,training
CCCc1c(OCCCOc2ccc3c(ccn3CC(=O)O)c2)ccc2c(-c3ccccc3)noc12,-2.46239799789896,training
CCCCCCCCOC(=O)C1C(c2ccccc2)C(C(=O)O)C1c1ccccc1,-3.96848294855394,training
C/C(=N\OCCCCO/N=C(/CCC(=O)O)c1ccccc1)c1ccc(C)c(C)c1,-3.0,training
CC(C)(Oc1cccc(CCCN(Cc2ccc(C(F)(F)F)cc2C(F)(F)F)C(=O)COc2ccc(Cl)c(Cl)c2)c1)C(=O)O,-1.47712125471966,training
COC(=O)N(CC(=O)O)[C@@H](C)c1cccc(OCc2nc(-c3ccc(Cl)cc3)oc2C)c1,-3.45591024038274,training
CSc1nc(NCc2ccncc2)c(C(=O)O)c(SCc2ccccc2)n1,-3.43136376415899,training
O=C(NCc1ccccc1Cn1cccc1C(=O)O)Nc1ccc(OC(F)(F)F)cc1,-3.30102999566398,training
O=C(O)CC1=C/C(=C\c2ccc(-c3ccccc3)cc2)c2ccc(F)cc21,-2.0,training
CC(Oc1cccc(CN(CCCOc2ccccc2)c2nc3ccccc3o2)c1)C(=O)O,-3.07918124604762,training
CC(C)(Oc1ccc(CCOc2ccc(C(=O)c3ccccc3)cc2)cc1)C(=O)O,-4.73719264270474,training
CC[C@@H](NC(=O)c1ccc2c(c1)nc(C)n2Cc1ccc(F)cc1)c1ccccc1,-2.2000018654066,training
CCOC(=O)C1=C(c2ccccc2)c2ccc(OCCCCc3ccccc3)cc2/C1=[N+](/C)[O-],-2.17609125905568,training
CCCOc1ccc(C[C@@H](Cc2ccccc2)C(=O)O)cc1CNC(=O)c1ccc(-c2ccccc2F)cc1,-1.69460519893357,training
CC(C)(Oc1ccc(C(=O)c2ccc(Cl)cc2)cc1)C(=O)O,-5.0,training
CCCc1c(OCCCCCOc2ccc3c(ccn3CC(=O)O)c2)ccc2c(C(F)(F)F)noc12,-3.17318626841227,training
Cc1cc(OCCCOc2cccc(Cl)c2)ccc1OCC(=O)O,-3.18752072083646,training
COc1ccccc1-c1ccc(O[C@@H](Cc2ccccc2)C(=O)O)cc1,-3.36172783601759,training
Cc1c(Oc2cc(O[C@@H](C)C(=O)O)ccc2Cl)c2cc(OC(F)(F)F)ccc2n1-c1noc2cc(Cl)ccc12,-0.477121254719662,training
CC1(C)CCC(C)(C)c2cc(OCCOc3ccc(CC(C(=O)O)C(=O)O)cc3)ccc21,-3.31175386105575,training
COc1cc(O)c2c(c1C(=O)NCc1c(C)ccc3c(Cl)cccc13)OC1=CC(O)=C(C(C)=O)C(=O)[C@]12C,-2.23044892137827,training
CCCCC(Sc1ccc(OCCCOc2cccc(C)c2)cc1)C(=O)O,-3.47712125471966,training
Cc1oc(-c2ccccc2)nc1CCOc1ccc(OC(C)(Cc2ccccc2)C(=O)O)cc1,-3.24944296144258,training
Cc1oc(-c2ccccc2)nc1CCOc1ccc(CC[C@@H]2CN(C(=O)Oc3ccccc3)C[C@@H]2C(=O)O)cc1,-2.20411998265592,training
CCCCNC(=O)CN1C(=O)S/C(=C/c2ccc(Cl)cc2)C1=O,-3.77085201164214,training
COc1cc(O)c2c(c1C(=O)NCc1cc(C)cc3ccccc13)OC1=CC(O)=C(C(C)=O)C(=O)[C@]12C,-2.32221929473392,training
Cc1ccc(NC(=O)CN(Cc2ccc(OC(C)(C)C(=O)O)cc2)Cc2ccco2)c(C)c1,-2.90308998699194,training
COCCOc1cc(/C=C/C(=O)NS(=O)(=O)CCC(C)C)n(Cc2ccc(C(F)(F)F)cc2Cl)n1,-0.954242509439325,training
COc1ccc(-c2nc(C)c(CCOc3ccc4c(c3)CC[C@H]4CC(=O)O)n2C)cc1,-1.93449845124357,training
CCc1oc(-c2ccc(C)cc2)nc1CCCC[C@H]1CO[C@@](C)(C(=O)O)OC1,-4.0,training
CSc1ccc(/C=C2\C=C(CC(=O)O)c3cc(F)ccc32)cc1,-2.84509804001426,training
CCC(Cc1ccc(OC)c(C(=O)NCc2ccc(Oc3ccccc3)cc2)c1)C(=O)O,-3.38021124171161,training
COC(=O)N(CC(=O)O)Cc1cccc(OCc2csc(-c3ccc(C)cc3)n2)c1,-3.96792220673052,training
Cc1oc(-c2ccccc2)nc1CCOc1ccc(CC(Nc2ccccc2C(=O)OC(C)C)C(=O)O)cc1,-0.280054533973247,training
CCCCCS(=O)(=O)NC(=O)/C=C/c1ccc(OCCOC)cc1Oc1ccc(C(F)(F)F)cc1Cl,-1.9731278535997,training
CC#CCOC(=O)Cc1c(C(C)C)nc(CCCC)n(Cc2ccc(-c3ccccc3-c3noc(=O)[nH]3)cc2)c1=O,-3.02530586526477,training
Cc1oc(-c2ccccc2)nc1CCOc1ccc(C[C@@]2(C(=O)O)CCOCCO2)cc1,-1.38012075426844,training
CCCCC(Sc1ccc(OCCCOc2cccc3c2CCCC3)cc1)C(=O)O,-3.90848501887865,training
O=C(O)C(Cc1ccc(OCCn2c(=O)sc3cc(/C=C/c4cc(O)cc(O)c4)ccc32)cc1)OCC(F)(F)F,-2.30102999566398,training
CCCCc1nc(C(C)C)c(Cc2nc(Cc3ccc(F)cc3)no2)c(=O)n1Cc1ccc(-c2ccccc2-c2noc(=O)[nH]2)cc1,-3.17026171539496,training
CCCc1c(OCCCOc2cccc3c2ccn3CCC(=O)O)ccc2c(C(F)(F)F)noc12,-3.34044411484012,training
CCCc1c(OCCCCOc2ccc3c(ccn3CC(=O)O)c2)ccc2c(C(F)(F)F)noc12,-2.44715803134222,training
COC(=O)CCCc1cc(CNC(=O)c2c(OC)cc(O)c3c2OC2=CC(O)=C(C(C)=O)C(=O)[C@]23C)c2ccccc2c1,-1.6232492903979,training
Cc1c(C)n(Cc2ccc(-c3ccccc3C(=O)O)cc2)c2ccc(C(=O)N[C@@H](C)c3cccc(Cl)c3)cc12,-2.06445798922692,training
CCCc1cc(C(=O)c2ccc(OC)cc2)ccc1OCCCn1ccc2cc(OC(C)(C)C(=O)O)ccc21,-2.67209785793572,training
O=C(O)CCCc1cc2cc(Cl)ccc2n1S(=O)(=O)c1ccc2c(c1)OCO2,-1.85125834871908,training
Cc1cc(Oc2cc(F)cc(CNC(=O)c3ccc(C(F)(F)F)cc3F)c2)ccc1OC(C)(C)C(=O)O,-1.34242268082221,training
Cc1ccc(Oc2cc3c(cn2)nc(COc2cccc(C(=O)O)c2)n3C)cc1,-2.87273882747267,training
CC(C)=CCC/C(C)=C/Cc1c(O)cc(/C=C/c2cc(F)cc(F)c2)cc1O,-3.84509804001426,training
CCCCCCCCC[C@H]1C[C@@H](O)[C@H](O)/C=C/[C@H](O)CC(=O)O1,-3.06069784035361,training
CCO/N=C(\C)C(Cc1ccc(OCc2nc(-c3ccccc3)oc2C)cc1)C(=O)O,-0.602059991327962,training
CCc1nc2c(C)cc(C)nc2n1Cc1ccc2c(c1)COc1ccccc1/C2=C(\C)c1noc(=O)[nH]1,-1.92427928606188,training
CCCCCCCCCCN1C(=O)C(CCOc2ccccc2CC(=O)O)Oc2ccccc21,-3.0,training
CCCOc1ccc(C[C@@H](Cc2ccccc2)C(=O)O)cc1CNC(=O)c1ccc(N2CC3CCC(C3)C2)cc1,-1.06818586174616,training
Cc1cc(OCC[C@@H](C)Oc2ccc(Cl)cc2-c2ccccn2)ccc1CCC(=O)O,-2.48287358360875,training
Cc1ccc(C(=O)c2nc(C)c(C)n2C/C=C/c2cccc(OC(C)(C)C(=O)O)c2)cc1,-3.68124123737559,training
CCO[C@@H](Cc1ccc(CCC(O)c2ccccc2)cc1)C(=O)O,-2.47712125471966,training
CCCCc1nc(C)c(Cc2nc(Cc3cc(F)cc(F)c3)no2)c(=O)n1Cc1ccc(-c2ccccc2-c2noc(=O)[nH]2)cc1,-3.13987908640124,training
CC(C)(Oc1cccc(CCCN(Cc2ccc(C(F)(F)F)cc2C(F)(F)F)C(=O)Cc2ccc(C(F)(F)F)cc2)c1)C(=O)O,-0.602059991327962,training
CCc1ccc(-c2nc(CCOc3ccc4c(c3)CCC4C(CC)C(=O)O)c(C)o2)cc1,-1.60205999132796,training
COC(=O)N(CC(=O)O)Cc1cccc(OCc2csc(-c3cccc(Cl)c3)n2)c1,-3.60400993241223,training
Cc1c(Oc2ccc(Cl)cc2)c2ccc(Cl)nc2n1Cc1ccc(Cl)c(O[C@@H](C)C(=O)O)c1,-0.602059991327962,training
CCOC(Cc1ccc(OCCN2c3ccccc3C=Cc3ccccc32)cc1)C(=O)O,-2.88081359228079,training
Cc1ccc(F)c(OC(=O)N(CC(=O)O)[C@@H](C)c2cccc(OCc3coc(-c4ccc(Cl)cc4)n3)c2)c1,-2.85125834871908,training
CCCc1nc2cc(Br)ccc2n1Cc1ccc(-c2ccccc2C(=O)O)cc1,-2.60205999132796,training
Cc1oc(-c2ccccc2)nc1CCOc1ccc(CC(Nc2ccccc2C(=O)N(C)C)C(=O)O)cc1,-2.74999897655835,training
CCCc1nc2ccc(-c3ccccc3Cl)cc2n1Cc1ccc(-c2ccccc2C(=O)O)cc1,-3.14301480025409,training
COC(=O)N(CC(=O)O)Cc1cc(F)cc(OCc2nc(-c3ccc(Cl)cc3)oc2C)c1,-3.4500950758716,training
CCCCCS(=O)(=O)NC(=O)/C=C/c1ccc(OC(C)C)cc1Oc1ncc(C(F)(F)F)cc1Cl,-1.41497334797082,training
O=C(O)[C@H](Cc1ccccc1)Oc1cccc(C(F)(F)F)c1,-4.20139712432045,training
CCCc1cc(OC2CCCCC2)ccc1OCCCOc1cccc(C2SC(=O)NC2=O)c1,-1.5910646070265,training
CC(C)c1ccc(Nc2cc(Cl)nc(SC(C(=O)O)c3cccc4ccccc34)n2)cc1,-3.88081359228079,training
CCCCCCC(Sc1nc(Cl)cc(Nc2nc(-c3ccc(F)cc3F)cs2)n1)C(=O)O,-3.55630250076729,training
CCC(NC(=O)c1ccc2cc(C)n(Cc3ccc(-c4ccccc4C(=O)O)cc3)c2c1)c1ccccc1,-2.21218760440396,training
C/C(=C\C(=O)c1ccccc1)NC(Cc1ccc(OCCOc2ccc(/N=N/c3ccc(Cl)cc3)cc2)cc1)C(=O)O,-1.5910646070265,training
Cc1ccc(-c2nc(CCOc3ccc(C[C@H]4CO[C@@](C)(C(=O)O)OC4)cc3)c(C)o2)s1,-2.37839790094814,training
CS(=O)(=O)Oc1ccc(CC(=O)OCCCc2ccc(CC(SCCc3ccc(F)cc3)C(=O)O)cc2)cc1,-4.25527250510331,training
CCCCCCn1c(CCc2ccc(OC(C)(C)C(=O)O)cc2)nn(Cc2cccc(OC)c2)c1=O,-3.41497334797082,training
CCC(Cc1ccc(OC)c(C(=O)NCc2ccc(C(F)(F)F)cc2F)c1)C(=O)O,-2.69897000433602,training
Cc1ccc(-c2nc(CCOc3ccc(C[C@H](Nc4ccccc4C(=O)c4ccccc4)C(=O)O)cc3)c(C)o2)s1,-0.005073213063604,training
CCc1cc(OCC[C@@H](C)Oc2ccc(Cl)cc2Oc2ccccc2)ccc1CCC(=O)O,-2.00860017176192,training
Cc1cc(Oc2cccc(CNC(=O)c3cc4c(Cl)cccc4[nH]3)c2)ccc1CCC(=O)O,-3.03662889536216,training
CCCCCCC(Sc1nc(Cl)cc(Nc2nc(-c3ccc(Cl)cc3)cs2)n1)C(=O)O,-3.80617997398389,training
CCCCOC(=O)Cc1c(C)nc(CCCC)n(Cc2ccc(-c3ccccc3-c3noc(=O)[nH]3)cc2)c1=O,-3.35218251811136,training
CC(C)(Oc1ccc(COc2nc3ccccc3s2)cc1)C(=O)O,-4.50514997831991,training
CC[C@@H](NC(=O)c1ccc2c(c1)nc(C(C)C)n2Cc1ccc(Cl)c(Cl)c1)c1ccccc1,-2.60000308662774,training
Cc1cccc2c(-c3cccc(NCc4ccc(CC(=O)O)cc4)c3)c(Cc3ccccc3)cnc12,-3.01283722470517,training
CC[C@@H](NC(=O)c1ccc2c(c1)ncn2Cc1ccc(Cl)cc1F)c1ccccc1,0.100015437450609,training
Cc1oc(-c2ccc(C(F)(F)F)cc2)nc1Cn1ccc2cc(CC(OC(C)C)C(=O)O)ccc21,-2.20411998265592,training
CCCCC(Sc1nc(OCCC2CCCC2)cc(OCCC2CCCC2)n1)C(=O)O,-4.08278537031645,training
CCOC(=O)C1=C(c2ccccc2)c2ccc(OC)cc2/C1=N\OC,-3.17609125905568,training
Cc1oc(-c2ccccc2)nc1CCOc1ccc(CN(CCOCc2ccccc2)CC(=O)O)cc1,-3.07188200730613,training
CO[C@@H](Cc1ccc(OCCCOc2ccc(C(=O)c3ccccc3)cc2)cc1)C(=O)O,-2.41497334797082,training
Cc1sc(-c2ccc(Cl)cc2)nc1CCOc1ccc2c(c1)CC[C@H]2CC(=O)O,-0.176091259055681,training
CCCc1cc(Oc2ccccc2)ccc1OCCCOc1ccc(C2SC(=O)NC2=O)cc1OC,-2.60205999132796,training
CCOC(Cc1ccc(OCCN2CC=C(c3ccccc3C(F)(F)F)CC2)cc1)C(=O)O,-3.87852179550121,training
COc1cc(O)c2c(c1C(=O)NCc1c(C)ccc3cc(F)ccc13)OC1=CC(O)=C(C(C)=O)C(=O)[C@]12C,-1.43136376415899,training
CCCc1cc2c(oc(=O)n2C(C)C)c(CCC)c1O[C@H](C(=O)O)c1ccc(C(C)C)cc1,-2.14612803567824,training
CCNC(=O)c1cc(NS(=O)(=O)c2cc(C)c(Cl)cc2Cl)ccc1Oc1cncc(Cl)c1,-1.47712125471966,training
O=C(O)C[C@@H]1CCc2cc(OCCc3nc(-c4ccccc4)oc3CCc3ccccc3)ccc21,-2.78318869107526,training
COc1ccc([C@@H](O)[C@H](O)CO)cc1OC,-4.28555730900777,training
CCCc1cc(Oc2ccc(C(C)C)cc2)ccc1OCCCOc1ccc(C2SC(=O)NC2=O)cc1,-2.22271647114758,training
CSc1nc(NCCc2ccccc2)c(C(=O)O)c(SCc2ccccc2)n1,-2.82607480270083,training
CCCCCS(=O)(=O)NC(=O)CCc1cc(-c2ccccc2)nn1Cc1ccc(Cl)cc1Cl,-1.04139268515823,training
O=C(O)CC1=C/C(=C\c2ccccc2)c2ccc(F)cc21,-3.23044892137827,training
Cc1oc(-c2ccccc2)nc1CCOc1ccc(CN(CC(=O)O)Cc2cccc(Oc3ccccc3)c2)cc1,-2.59217675739587,training
CCc1nc2ccn(CC(=O)OCc3ccccc3)c(=O)c2n1[C@H]1CCc2cc(-c3ccccc3-c3nnn[nH]3)ccc21,-3.09691001300806,training
COc1cccc(-c2nc(CCOc3ccc4c(c3)CC[C@H]4CC(=O)O)c(C)s2)c1,-1.78532983501077,training
CCCCCCCCC[C@H]1CC[C@H](O)/C=C/[C@H](O)CC(=O)O1,-4.04336227802113,training
CCCCCCc1oc(-c2ccccc2Cl)nc1CCc1noc2cc(OC(C)(C)C(=O)O)ccc12,-3.77085201164214,training
CCCCCCS(=O)(=O)NC(=O)CCc1cc(OC(C)C)nn1Cc1ccc(Cl)cc1Cl,-1.32221929473392,training
CCOC(=O)C(CC)Cc1ccc(C(=O)NCc2ccc(Oc3ccccc3)cc2)cc1,-3.14612803567824,training
CC(=O)CCCCN1C(=O)C(CCOc2ccccc2CC(=O)O)Oc2ccccc21,-2.41497334797082,training
CCC(C(=O)O)C1CCc2cc(OCCc3nc(-c4cc(C(F)(F)F)cc(C(F)(F)F)c4)oc3C)ccc21,-2.39269695325967,training
CCCc1cc(Oc2ccc(OC)cc2)ccc1OCCCOc1ccc(C2SC(=O)NC2=O)cc1,-1.47712125471966,training
Cc1oc(-c2ccc(Cl)cc2)nc1CCOc1ccc2c(c1)CC[C@H]2CC(=O)O,-0.477121254719662,training
COc1cccc(CC(=O)O)c1OCCCc1cc(OC(C)C)nn1Cc1ccc(Cl)cc1Cl,-0.361727836017593,training
CCC(C(=O)O)C1CCc2cc(OCCc3nc(-c4ccc5c(c4)OCO5)oc3C)ccc21,-1.14612803567824,training
CCCc1cc(Oc2ccc(Cl)c(C)c2)ccc1OCCCOc1ccc(C2SC(=O)NC2=O)cc1,-1.43136376415899,training
CC(C)OC(Cc1ccc(OCCc2noc(-c3cccc(F)c3)n2)cc1)C(=O)O,-0.301029995663981,training
C#CCOc1cccc(Cc2c(C)n(C(=O)c3ccc(OC)cc3)c3ccc(OC(F)(F)F)cc23)c1,-1.49136169383427,training
CCCc1cc2ccccc2n1Cc1ccc(-c2ccccc2C#N)cc1,-3.90471554527868,training
CCC#CCOc1cc(COc2ccc(Cl)cc2C)ccc1Sc1ccc(OCC(=O)O)c2c1CCCC2,-2.78532983501077,training
CC(Cc1ccc(C(=O)NCc2ccccc2C(F)(F)F)cc1)C(=O)O,-3.47712125471966,training
CCCc1cc(C2CCC(C)(C)CC2)ccc1OCCCOc1cccc(C2OC(=O)NC2=O)c1,-1.95424250943932,training
CCO[C@@H](Cc1cccc(C2=NOC(c3ccc(OC)cc3)C2)c1)C(=O)O,-3.50379068305718,training
CCO[C@@H](Cc1cccc(/C(C)=N/OCc2ccc(I)cc2)c1)C(=O)O,-1.60205999132796,training
COc1ccc(N2C(=O)[C@@H](Cc3ccc(OCCc4nc(-c5ccccc5)oc4C)cc3)[C@H]2C(=O)O)cc1,-1.30102999566398,training
COC(=O)C(Cc1ccc(OCCOc2ccc3ccccc3c2)cc1)C(=O)OC,-2.72427586960079,training
CC[C@@H](NC(=O)c1ccc2c(c1)nc(C)n2Cc1cccc(Cl)c1)c1ccccc1,-1.89998456254939,training
COC(=O)C1Cc2ccc(OCCc3nc(-c4ccc(F)cc4)oc3C)cc2OC1=O,0.0,training
CCCOc1ccc(C[C@@H](Cc2ccccc2)C(=O)O)cc1CNC(=O)c1ccc(-c2ccccc2)cc1,-1.93399316383124,training
COC(=O)[C@H](Cc1ccc(OCc2ccccc2)cc1)/N=C(C)/C=C(\O)c1ccccc1,-2.83999939050859,training
CCC(C(=O)O)C1CCc2cc(OCCc3nc(Cc4ccc(F)cc4)oc3C)ccc21,-2.71850168886727,training
CCCCC(Sc1nc2ccc(NC(=O)c3ccc(C(C)(C)C)cc3)cc2s1)C(=O)O,-3.56820172406699,training
O=C(O)C(Cc1ccccc1)Oc1ccc(SCc2ccccc2)cc1,-3.14612803567824,training
COc1ccc(-c2nc(SCC(=O)O)n(-c3ccccn3)c2-c2ccc(OC)cc2)cc1,-2.35024801833416,training
CCCc1c(OCCCOc2cccc3c2ccn3CC(=O)O)ccc2cc(-c3ccccc3)[nH]c12,-3.45024910831936,training
Cc1oc(-c2ccccc2)nc1CCOc1ccc(CC2C(=O)NOC2=O)cc1,-1.91907809237607,training
CC(C)(C)c1cccc(OCCCOc2ccc3c(c2)OCC3CC(=O)O)c1,-3.24303804868629,training
CC(C)(Oc1cccc(CCCN(CCOc2ccccc2)c2nc3ccccc3o2)c1)C(=O)O,-2.0,training
Cc1ccccc1-c1ccc(O[C@@H](Cc2ccccc2)C(=O)O)cc1,-3.13353890837022,training
CCCOc1cc(C)c2c(c1)CC[C@@](C)(CC/C=C(\C)CC/C=C(\C)C(=O)O)O2,-3.228400358703,training
Cn1c(COc2cccc(C(=O)O)c2)nc2ccc(Oc3ccc4ccoc4c3)cc21,-2.27415784926368,training
CCCc1cc(Oc2ccccc2)ccc1OCCCCOc1ccc2c(c1)OC(C)(C(=O)O)CC2,-3.55630250076729,training
CCCc1cc(Oc2ccccc2)ccc1OCCCOc1ccc(C2SC(=O)NC2=O)cc1F,-2.47712125471966,training
O=C(O)c1c(Sc2ccccc2)c2cc(Cl)ccc2n1Cc1ccc(Cl)cc1,-1.7481880270062,training
Cc1oc(-c2ccncc2)nc1CCOc1ccc(C[C@H](Nc2ccccc2C(=O)c2ccccc2)C(=O)O)cc1,-0.737987326333431,training
CC(C)(Oc1cccc(CN(CCCOc2ccccc2)c2nc3ccccc3o2)c1)C(=O)O,-3.69897000433602,training
Cc1cc(Sc2cc(C#CCN3CCOCC3)nc(C#Cc3ccc(C(F)(F)F)cc3)c2)ccc1OCC(=O)O,-3.74036268949424,training
Cc1oc(-c2ccccc2)nc1CCCc1ccc(CC(C(=O)O)c2cccnc2)cc1,-3.5910646070265,training
COc1ccc2c(-c3c(C)n(Cc4cc(O[C@@H](C)C(=O)O)ccc4Cl)c4cc(OC(F)(F)F)ccc34)noc2c1,-0.477121254719662,training
C/C(=C\C(=O)c1ccccc1)NC(Cc1ccc(OCCCOc2ccc(/C=C/c3ccccc3)cc2)cc1)C(=O)O,-1.67209785793572,training
Cc1oc(-c2ccccc2)nc1CCOc1ccc(C[C@@H](C(=O)O)N2CCOCC2)cc1,-1.38012075426844,training
Cn1c(COc2cccc(C(=O)O)c2)nc2ccc(Oc3cccc(OC(F)(F)F)c3)cc21,-2.05307844348342,training
Cc1oc(-c2ccccc2)nc1CCOc1ccc2c(c1)CCC2C(C)(C)C(=O)O,-3.75127910398334,training
Cc1oc(-c2ccccc2)nc1CCOc1ccc(Cc2c(C(=O)O)nnn2-c2ccccc2)cc1,-4.13353890837022,training
C/C(=C1/c2ccc(Cc3c(C4CC4)nc4cc(F)ccn34)cc2COc2cc(F)ccc21)c1noc(=O)[nH]1,-0.866287339084195,training
CC(C)(C)c1ccc(-n2c(C(=O)O)c(Oc3cccc(C(F)(F)F)c3)c3ccc(Cl)cc32)cc1,-2.02530586526477,training
CC(C)(C)c1ccc(-n2c(C(=O)O)c(Oc3cccc(C(F)(F)F)c3)c3cc(Oc4ccc[nH]4)ccc32)cc1,-2.10037054511756,training
CCOC(=O)c1cc(NS(=O)(=O)c2ccc(Cl)cc2)ccc1Oc1cncc(Cl)c1,-2.30102999566398,training
Cc1ccc(OC(=O)N(CC(=O)O)Cc2cccc(OCc3oc(-c4ccc(Cl)cc4)nc3C)c2)cc1,-3.46254772880266,training
COC(=O)N(CC(=O)O)Cc1cc(OCc2nc(-c3ccc(C(C)(C)C)cc3)oc2C)ccc1F,-2.6170003411209,training
O=C(O)Cc1cc(I)c(Oc2cc(I)c(O)c(I)c2)c(I)c1,-2.0,training
O=C(NCCSSCCNC(=O)/C(Cc1ccc(O)c(Br)c1)=N/O)/C(Cc1ccc(O)c(Br)c1)=N/O,-3.75587485567249,training
COc1ccc2c(-n3c(=O)n(Cc4ccc(Cl)c(O[C@H](C)C(=O)O)c4)c4ccc(OC(F)(F)F)cc43)noc2c1,-1.12057393120585,training
C/C(=C1/c2ccc(Cc3c(C4CC4)nc4c5c(ccn34)OCC5)cc2COc2cc(F)ccc21)c1noc(=O)[nH]1,-1.32221929473392,training
COc1cc(C(=O)NS(=O)(=O)c2cccc(Cl)c2)ccc1Cc1cn(C)c2ccc(NC(=O)OC3CCCC3)cc12,-2.14612803567824,training
CC[C@H](NC(=O)c1ccc2c(c1)c(C)c(C)n2Cc1ccc(-c2ccccc2C(=O)O)cc1)c1cccc(C(C)C)c1,-2.0,training
COc1cc(C(=O)NS(=O)(=O)c2cccc(C(F)(F)F)c2)ccc1Cc1cn(C)c2ccc(NC(=O)NC3CCCCC3)cc12,-2.54406804435028,training
Cc1c(CCOc2ccc3c(c2)CC[C@H]3CC(=O)O)nc(-c2ccccc2)n1C,-4.0,training
C#CCOc1cc(COc2ccc(C(F)(F)F)cc2)ccc1Sc1ccc(OCC(=O)O)c(C)c1C,-3.47712125471966,training
CCc1oc(-c2ccccc2)nc1CCc1noc2cc(OC(C)(C)C(=O)O)ccc12,-4.39967372148104,training
CCC#CCOc1cc(COC2CCOCC2)ccc1Sc1ccc(OCC(=O)O)c2c1CCCC2,-3.17609125905568,training
CCOC(=O)CC1=C(c2ccccc2)c2ccc(OC)cc2C1=O,-2.47712125471966,training
CCC(Sc1nc(Cl)cc(Nc2cccc(C)c2C)n1)C(=O)O,-4.07918124604763,training
CC(Cc1ccc(Oc2cc(N3CCN(Cc4ccco4)CC3)nc(N)n2)cc1)(Oc1ccccc1)C(=O)O,-3.69983772586725,training
Cc1oc(-c2ccccc2)nc1CCOc1ccc(Cc2cn(-c3ccccc3)cc2C(=O)O)cc1,-3.6232492903979,training
O=C(O)Cc1cc(Br)c(Oc2cc(I)c(O)c(I)c2)c(I)c1,-2.47712125471966,training
CCCc1oc(-c2ccccc2)nc1CCc1noc2cc(OC(C)(C)C(=O)O)ccc12,-4.28103336724773,training
CCc1nc2c(C)cc(CC(C)C)nc2n1[C@H]1CCc2cc(-c3ccccc3-c3nnn[nH]3)ccc21,-2.32633586092875,training
O=C(O)[C@H](Cc1ccccc1)Oc1ccc(-c2ccccc2F)cc1,-2.83884909073726,training
COCCn1nc(C(=O)NCc2ccc(OC(C)(C)C(=O)O)c(C)c2)cc1-c1ccc(C(C)(C)C)cc1,-2.67942789661212,training
CCOC(Cc1ccc2c(ccn2Cc2nc(-c3ccc(C(C)(C)C)cc3)oc2C)c1)C(=O)O,-2.25527250510331,training
O=S(=O)(Nc1ccc(Oc2cnc3ccccc3c2)c(Cl)c1)c1ccc(Cl)cc1Cl,-2.0,training
CCCCCS(=O)(=O)NC(=O)CCc1ccc(OC(C)C)cc1Oc1ncc(C(F)(F)F)cc1Cl,-0.414973347970818,training
CCCCC(Sc1nc(Cl)cc(Nc2ccc(Nc3ccccc3)cc2)n1)C(=O)O,-3.02530586526477,training
CCC(Cc1ccc(CCc2ccc(N3C(=O)c4ccccc4C3=O)cc2)cc1)C(=O)O,-4.04139268515823,training
Cc1oc(-c2ccccc2)nc1CCOc1cccc(Cc2c(C(=O)O)cnn2-c2ccccc2)c1,-2.64048143697042,training
Cc1oc(-c2cccc(-c3ccccc3)c2)nc1CCOc1ccc(CC(C)(Oc2ccccc2)C(=O)O)cc1,-0.778151250383644,training
CCOC(Cc1ccc(OC)c(C(=O)NCc2ccc(C(F)(F)F)cc2)c1)C(=O)O,-3.44715803134222,training
COc1ccc(Oc2ccc3nc(COc4cccc(C(=O)O)c4)n(C)c3c2)cc1,-2.48713837547719,training
O=C(O)C(Sc1nc(Cl)cc(Nc2ccc3c(c2)CCC3)n1)c1cccc2ccccc12,-3.83250891270624,training
CC[C@@H](NC(=O)c1ccc2c(c1)ncn2Cc1ccc(Cl)cc1)c1ccccc1,-0.49996186559619,training
O=C(O)Cc1ccc(CNc2cccc(-c3c(Cc4ccccc4)cnc4c(C(F)(F)F)cccc34)c2)cc1,-2.50514997831991,training
COc1ccc(-c2nc(SCCCCOc3ccc(OCC(=O)O)cc3Cl)sc2-c2ccc(OC)cc2)cc1,-3.40823996531185,training
O=C(O)C(Sc1nc(Cl)cc(NCCCc2ccccc2)n1)c1cccc2ccccc12,-3.94939000664491,training
C/C(=C\C(=O)c1ccccc1)NC(Cc1ccc(OCCOc2ccc(/C=C/c3ccc(C)cc3)cc2)cc1)C(=O)O,-1.32221929473392,training
N[C@@H](Cc1cc(I)c(Oc2cc(I)c(O)c(I)c2)c(I)c1)C(=O)O,-4.07918124604763,training
CCCCc1nc(C(C)C)c(CC(=O)OCC(F)(F)F)c(=O)n1Cc1ccc(-c2ccccc2-c2noc(=O)[nH]2)cc1,-3.44404479591808,training
Cc1ccccc1[C@H](C)NC(=O)c1ccc2c(c1)c(C)c(C)n2Cc1ccc(-c2ccccc2C(=O)O)cc1,-2.16731733474818,training
Cc1cncc(Oc2c(Cl)cc(NS(=O)(=O)c3ccc(Cl)cc3Cl)cc2Cl)c1,-1.95424250943932,training
C/C(=N\OCCCCO/N=C(/CCC(=O)O)c1ccccc1)c1ccc2c(c1)CCCC2,-2.30102999566398,training
CCO[C@@H](Cc1ccc(OCC=C(c2ccc(-c3ccccc3)cc2)c2ccc(-c3ccccc3)cc2)cc1)C(=O)O,-2.47712125471966,training
COc1ccc(CCOC(=O)Cc2cccc(SCc3ccccc3C(=O)O)c2)cc1OC,-4.04139268515823,training
COC(=O)C(Cc1ccc(OCCOc2ccc3ccccc3c2)cc1)C(=O)O,-3.04921802267018,training
COc1ccc(C(=O)c2c(C)n(Cc3ccc(F)c(O[C@@H](C)C(=O)O)c3)c3nc(OC)ccc23)cc1,0.0,training
O=C(O)CC1=C/C(=C\c2cccc3cccnc23)c2ccc(F)cc21,-3.17609125905568,training
CCCc1cc(Oc2ccccc2)ccc1OCCCOc1cccc(C2SC(=O)NC2=O)c1,-1.14612803567824,training
CCC(Cc1ccc(OC)c(CNC(=O)c2ccc(C(F)(F)F)cc2)c1)C(=O)O,-3.41497334797082,training
Cc1oc(-c2ccccc2)nc1CCOc1ccc(CC(Nc2ccccc2C(=O)c2ccc(C(=O)O)cc2)C(=O)O)cc1,-3.88000024330067,training
CCC1=C[C@@](CC)(C[C@H](/C=C/C(C)=O)CC)OC1=O,-3.30102999566398,training
COc1ccc(CCc2c(-c3ccccc3)[nH]c3ccc(CC(=O)O)cc23)cc1,-1.64172192476583,training
CC(C)(C)c1ccc(-n2c(C(=O)O)c(Oc3cccc(O)c3)c3ccccc32)cc1,-2.20682587603185,training
CC(C)(Sc1ccc(CCN(CCCCC2CCCCC2)C(=O)Nc2cc(Cl)cc(Cl)c2)cc1)C(=O)O,-3.0,training
CCCCCCC(Sc1nc(OCCc2ccccc2)cc(OCCc2ccccc2)n1)C(=O)O,-3.94448267215017,training
COc1ccc(-c2cccc(C(=O)O)c2)cc1CNC(=O)c1ccc(Oc2ccccc2)cc1,-3.77085201164214,training
Cc1cc(Oc2cccc(CNC(=O)c3ccc(C(F)(F)F)cc3)c2)ccc1OC(C)(C)C(=O)O,-1.6232492903979,training
CCCc1c(OCCCOc2ccc3c(ccn3CCC(=O)O)c2)ccc2c(C(F)(F)F)noc12,-3.07918124604762,training
CCc1nc2ccn(Cc3c(C)noc3C)c(=O)c2n1[C@H]1CCc2cc(-c3ccccc3-c3nnn[nH]3)ccc21,-3.65030752313194,training
Cc1oc(-c2ccccc2)nc1CCOc1ccc(CC(CC(C)C)C(=O)O)cn1,-3.21748394421391,training
CCC(C(=O)O)C1CCc2cc(OCCc3nc(-c4ccc(Cl)cc4Cl)oc3C)ccc21,-2.86805636182304,training
CCOC(=O)C1=C(c2ccccc2)c2ccc(OCc3ccccc3)cc2C1=O,-2.34242268082221,training
O=C(O)[C@H](Cc1ccccc1)Oc1ccc(C(F)(F)F)cc1,-2.95424250943932,training
Cc1oc(-c2ccccc2)nc1Cc1ccc(C[C@H]2CO[C@@](C)(C(=O)O)OC2)cc1,-3.47712125471966,training
COc1cc(C)c2c(c1)CC[C@@](C)(CC/C=C(\C)CC/C=C(\C)C(=O)O)O2,-3.0,training
CCCc1c(-c2ccccc2)[nH]c2ccc(CC(=O)O)cc12,-3.8500001322711,training
O=C(NCc1ccccc1C(F)(F)F)c1ccc(CC(C(=O)O)c2ccccc2)cc1,-3.47712125471966,training
O=S(=O)(Nc1cc(F)c(Oc2cncc(Cl)c2)c(Cl)c1)c1ccc(Cl)cc1Cl,-1.30102999566398,training
O=C(O)CSc1nc(Cl)cc(Nc2ccc(Cl)c3c2CCC3)n1,-3.49136169383427,training
Cc1ccc(-c2nc(COc3ccc(C[C@H]4CO[C@@](C)(C(=O)O)OC4)cc3)c(C)o2)cc1,-1.17609125905568,training
O=C(O)C(Cc1ccccc1)Oc1ccc(Cl)c(Cl)c1,-3.40654018043395,training
CCO/N=C(\CC)C(Cc1ccc(OCCc2nc(-c3ccccc3)oc2C)cc1)C(=O)O,1.0,training
CN(CCOc1ccc(CC(Nc2ccccc2C(=O)Cc2ccccc2)C(=O)O)cc1)c1nc2ccccc2o1,-1.57754924239824,training
Cc1cc(Cl)cnc1Oc1ccc2nc(COc3cccc(C(=O)O)c3)n(C)c2c1,-1.32221929473392,training
CC[C@@H](NC(=O)c1ccc2c(c1)ncn2Cc1ncc(Cl)cc1Cl)c1ccccc1,0.299988937677888,training
CCCCC(Cc1cc(OCCc2ccccc2)cc(OCCc2ccccc2)c1)C(=O)O,-3.67209785793572,training
CCc1ccc(-c2nc(CCOc3ccc4c(c3)CC[C@H]4CC(=O)O)c(CC)o2)cc1,-1.04139268515823,training
CCCc1c(OCCCn2ccc3cc(OC(C)(C)C(=O)O)ccc32)ccc2cc(C(C)=O)ccc12,-3.02938377768521,training
COC(=O)C(Cc1ccccc1)OC(=O)Cc1cccc(SCc2ccccc2C(=O)O)c1,-3.77815125038364,training
CCCCCS(=O)(=O)NC(=O)/C=C/c1cc(C(C)C)nn1Cc1ccc(Cl)cc1Cl,-0.913813852383717,training
CCCCCS(=O)(=O)NCCCc1ccc(OCCOC)cc1Oc1ncc(C(F)(F)F)cc1Cl,-1.50514997831991,training
CC[C@@H](NC(=O)c1ccc2c(c1)ncn2Cc1ccccc1S(C)(=O)=O)c1ccccc1,-2.60000308662774,training
CCCCC(Cc1ccc(OCCc2ccccc2)c(OCCC2CCCCC2)c1)C(=O)O,-3.17609125905568,training
CCCCCS(=O)(=O)NC(=O)/C=C/c1ccc(OCCC(C)=O)cc1Oc1ncc(C(F)(F)F)cc1Cl,-1.77085201164214,training
CCCCCCC(Sc1nc(Cl)cc(Nc2ccc(C(=O)c3ccc(N)cc3)cc2)n1)C(=O)O,-3.07918124604762,training
C/C(=C1/c2ccc(Cc3c(C4CC4)nc4ccccn34)cc2COc2cc(F)ccc21)c1noc(=O)[nH]1,-1.08457627793433,training
CCCC(Sc1nc(Cl)cc(Nc2cccc(C)c2C)n1)C(=O)O,-3.74036268949424,training
CC[C@@H](NC(=O)c1ccc2c(c1)ncn2Cc1ccccc1F)c1ccccc1,-0.899984562549391,training
CCOC(CC)(Cc1ccc(OCCc2nc(-c3ccccc3)oc2C)nc1)C(=O)O,-3.44870631990508,training
CC(=O)c1cncc(Oc2c(Cl)cc(NS(=O)(=O)c3ccc(Cl)cc3Cl)cc2Cl)c1,-2.47712125471966,training
Cc1cc(Cc2cc(-c3ccc(Br)cc3)on2)cc(C)c1OC(C)(C)C(=O)O,-3.46819958607261,training
CCCCCCOC(Cc1ccc(OCCc2nc(-c3ccccc3)oc2C)c2ccsc12)C(=O)O,-0.602059991327962,training
COC(=O)c1cc2ccc(OCCc3nc(-c4ccc(C)cc4)oc3C)cc2oc1=O,0.0,training
CCCc1nc2cc(-c3ccc(Cl)cc3)ccc2n1Cc1ccc(-c2ccccc2C(=O)O)cc1,-2.27875360095283,training
CCOC(=O)N(CC(=O)O)Cc1cc(OCc2nc(-c3ccc(Cl)cc3)oc2C)ccc1F,-3.6307328928172,training
CCCCc1ccc(-c2nc(CCc3noc4cc(OC(C)(C)C(=O)O)ccc34)c(C(C)C)o2)cc1,-3.41497334797082,training
O=C(O)C(Cc1ccccc1)Oc1ccc(CCCc2ccccc2)cc1,-2.93951925261862,training
CCC1=C[C@@](CC)(C[C@H](/C=C/C(C)=O)CC)O/C1=C\C(=O)OC,-3.69897000433602,training
Cc1oc(-c2cccc(Br)c2)nc1CCOc1ccc(OC(C)(C)C(=O)O)cc1,-2.90308998699194,training
O=S(=O)(Nc1cc(Cl)c(Oc2cnc3ccccc3c2)c(Cl)c1)c1ccc(Br)cc1F,-0.301029995663981,training
CCCOc1ccc(C[C@@H](Cc2ccccc2)C(=O)O)cc1CNC(=O)c1ccc(-c2cccs2)cc1,-1.81424759573192,training
CCO[C@@H](Cc1ccc(OC/C=C/c2cc(-c3ccc(C(C)(C)C)cc3)cc(-c3ccc(C(C)(C)C)cc3)c2)cc1)C(=O)O,-3.0,training
CCCc1nc2c(C(=O)NCCO)cccc2n1Cc1ccc2c(c1)COc1ccccc1/C2=C(\C)c1noc(=O)[nH]1,-1.75587485567249,training
Cc1ccc(OC(=O)N(CC(=O)O)Cc2ccc(OCCc3nc(-c4ccc(Cl)cc4)oc3C)cc2)cc1,-1.87737134586977,training
CCCc1cc(Oc2ccccc2)ccc1OCCCCOc1ccc2c(c1)CCC(C(=O)O)O2,-3.39794000867204,training
CCOC(=O)C(Cc1ccc(C(=O)NCc2ccccc2C(F)(F)F)cc1)c1ccccc1,-3.30102999566398,training
CN(CCCCC1CCSS1)CCOc1ccc(CC2SC(=O)NC2=O)cc1,-4.44715803134222,training
Cc1ccc(-c2nc(CCCC[C@H]3CO[C@@](C)(C(=O)O)OC3)c(C(F)(F)F)o2)cc1,-3.47712125471966,training
CCCc1c(OCCCCOc2ccc(C(C)(C)C(=O)O)cc2)ccc2c(-c3ccccc3)noc12,-1.0,training
Cc1oc(-c2ccccc2)nc1CCOc1ccc(CC(OCC(C)C)C(=O)O)c2sccc12,-0.602059991327962,training
Cc1oc(-c2ccccc2)nc1CCOc1ccc(CC2=C(C(=O)O)CCN(C(=O)OCC(C)C)C2)cc1,-1.44715803134222,training
CCc1nc2ccn(Cc3ccccn3)c(=O)c2n1[C@H]1CCc2cc(-c3ccccc3-c3nnn[nH]3)ccc21,-3.55388302664387,training
Cc1oc(-c2ccccc2)nc1CCOc1ccc(CN(CC(=O)O)Cc2ccc(-c3ccccc3Cl)o2)cc1,-2.42651126136458,training
CCOC(C(=O)O)C1CCc2cc(OCCc3nc(-c4ccccc4)oc3C)ccc21,-1.07918124604762,training
CCC(Oc1cccc(CN(CCCOc2ccc(F)cc2F)c2nc3ccccc3o2)c1)C(=O)O,-3.32221929473392,training
CCCc1oc(-c2ccccc2)nc1CCOc1ccc2c(c1)CC[C@H]2CC(=O)O,-1.0,training
Cc1ccc(-c2nc(CCOc3ccc4c(c3)CC[C@H]4CC(=O)O)c(C)s2)cc1,0.096910013008056,training
CCc1nc2c(C)c(C)c(C)nc2n1[C@H]1CCc2cc(-c3ccccc3-c3nnn[nH]3)ccc21,-3.26007138798507,training
Cc1ccc(Oc2ccc3nc(COc4cccc(C(=O)O)c4)n(C)c3n2)cc1C,-1.95424250943932,training
C=CCO/N=C(\c1ccccc1)c1ccc2c(c1)C(C)(C)CCN2CCOc1ccc(C[C@H](OCC)C(=O)O)cc1,-1.11394335230684,training
CCCCCS(=O)(=O)NC(=O)/C(C)=C/c1ccc(OCCOC)cc1Oc1ncc(C(F)(F)F)cc1Cl,-0.716003343634799,training
CCc1cc(OCC[C@@H](C)Oc2ccc(C(F)(F)F)cc2-c2ccccn2)ccc1CCC(=O)O,-2.04532297878666,training
CC(Oc1cccc(CCN(CCCOc2ccccc2)c2nc3ccccc3o2)c1)C(=O)O,-3.25527250510331,training
CC(C)c1oc(-c2ccccc2Cl)nc1CCc1noc2cc(OC(C)(C)C(=O)O)ccc12,-4.49276038902684,training
CCCCCCC(Sc1nc2ccc(NCc3ccc(C(F)(F)F)cc3)cc2s1)C(=O)O,-3.25527250510331,training
C/C(=C1/c2ccc(Cc3c(C4CC4)nc4ccc(Cl)cn34)cc2COc2cc(F)ccc21)c1noc(=O)[nH]1,-0.812913356642856,training
CCc1nc2c(C)cn(Cc3ccccc3C)c(=O)c2n1[C@H]1CCc2cc(-c3ccccc3-c3nnn[nH]3)ccc21,-1.6232492903979,training
CC(C)OC(Cc1ccc(OCc2noc(-c3ccc(C(C)(C)C)cc3)n2)cc1)C(=O)O,-0.477121254719662,training
CCCc1c(OCCCn2ccc3c(OC(C)(C)C(=O)O)cccc32)ccc2cc(C(=O)c3ccccc3)ccc12,-2.32221929473392,training
Cc1ccc(Oc2ccc3nc(COc4cccc(C(=O)O)c4)n(C)c3c2)cc1F,-0.643452676486187,training
CC/C(=N\OCc1sc(-c2ccc(C(F)(F)F)cc2)nc1C)c1ccc(OCC(=O)O)c(C)c1,-2.90308998699194,training
Cc1oc(-c2ccccc2)nc1CCOc1ccc(CC2(C(=O)O)CC2)cn1,-3.00432137378264,training
Cc1oc(-c2ccc(Cl)cc2)nc1CCOc1ccc(CC2(C(=O)O)CCCO2)cn1,-1.6232492903979,training
Cc1oc(-c2ccccc2)nc1CCOc1ccc(CCC(=O)O)c(CNC(=O)OCc2ccccc2)c1,-2.06069784035361,training
COc1ccc(C(=O)c2c(C)n(Cc3ccc(F)c(O[C@@H](C)C(=O)O)c3)c3ncccc23)cc1,-0.477121254719662,training
Cc1cc(Oc2cccc(CNC(=O)c3cc4ccc(Cl)cc4[nH]3)c2)ccc1CCC(=O)O,-2.54157924394658,training
CCc1ccc(O[C@H](C)CCOc2ccc(CCC(=O)O)c(C)c2)c(-c2ccco2)c1,-3.36172783601759,training
Cc1cc(C)c(NC(=O)N(CCc2ccc(SC(C)(C)C(=O)O)cc2)CCc2ccc(-c3ccccc3)cc2)cc1C,-3.13033376849501,training
C[C@]1(C(=O)O)CCc2ccc(OCCCOc3ccc(C4CCCCC4)cc3Cl)cc2O1,-2.84509804001426,training
CCC(Cc1ccc(OC)c(CNC(=O)c2cccc(-c3ccccc3)c2)c1)C(=O)O,-2.85125834871908,training
CCCn1c(CCc2ccc(OC(C)(C)C(=O)O)cc2)nn(Cc2ccc(C)cc2)c1=O,-3.46239799789896,training
Cc1oc(-c2ccccc2)nc1CCOc1cccc(CC2C(=O)N(c3ccc(Cl)cc3)C2C(=O)O)c1,-2.11394335230684,training
CCC(Oc1cccc(CN(CCCOc2ccccc2)c2nc3cccc(F)c3o2)c1)C(=O)O,-2.72427586960079,training
Cc1cc(O[C@@H](Cc2ccccc2)C(=O)O)ccc1-c1ccccc1,-2.84509804001426,training
CCCc1cc(C(=O)c2ccccc2)ccc1OCCCn1ccc2cc(OC(C)(C)C(=O)O)ccc21,-2.6232492903979,training
COC(Cc1ccc(OCCc2nc(-c3ccccc3)oc2C)cn1)C(=O)O,-2.44715803134222,training
O=C(O)C(Cc1ccccc1C(F)(F)F)Oc1ccc(Cl)cc1,-3.60530504614111,training
CCCCCCC(Sc1nc2ccc(NS(=O)(=O)c3ccc(-c4ccccc4)cc3)cc2s1)C(=O)O,-2.41497334797082,training
Cc1cc(C(Cc2ccc(CCCc3nc(-c4ccccc4)oc3C)cc2)C(=O)O)on1,-3.57978359661681,training
CCCCC(Sc1nc(Cl)cc(Nc2nc(-c3ccc(Cl)cc3)cs2)n1)C(=O)O,-3.88081359228079,training
CCOC(Cc1ccc2c(ccn2Cc2nc(-c3cc(C)cc(C)c3)oc2C)c1)C(=O)O,-1.60205999132796,training
CCOC(=O)CN1C(=O)S/C(=C\c2cccc([N+](=O)[O-])c2)C1=O,-4.04139268515823,training
CCCCc1nc(C)c(Cc2nc(CCOC)no2)c(=O)n1Cc1ccc(-c2ccccc2-c2noc(=O)[nH]2)cc1,-3.62428209583567,training
CCC(C(=O)O)C1CCc2cc(OCCc3nc(-c4ccc(-c5ccccc5)cc4)oc3C)ccc21,-1.63346845557959,training
COc1ccc(-c2coc3cc(O)c(OC)cc3c2=O)cc1O,-3.49136169383427,training
Cc1oc(-c2ccccc2)nc1CCOc1ccc(CCC2CN(C(=O)OCC(C)C)CCC2C(=O)O)cc1,-1.64345267648619,training
CCC(C(=O)O)C1CCc2cc(OCCc3nc(-c4cccc(C(F)(F)F)c4)oc3C)ccc21,-1.32221929473392,training
CCOC(=O)C(C)Cc1ccc(C(=O)NCc2ccccc2C(F)(F)F)cc1,-3.90308998699194,training
CC(C)OC(Cc1ccc(OCc2noc(-c3ccc(C(F)(F)F)cc3)n2)cc1)C(=O)O,-1.39794000867204,training
COC(=O)C1Cc2ccc(OCCc3nc(-c4cccc(C(F)(F)F)c4)oc3C)cc2OC1=O,-2.20411998265592,training
CCCc1cc2c(=O)n(C)oc2c(CCC)c1O[C@H](C(=O)O)c1ccc(C(C)C)cc1,-2.5910646070265,training
CCOC(=O)C1=C(c2ccccc2)c2ccc(OCCc3ccccn3)cc2/C1=[N+](/C)[O-],-1.47712125471966,training
Cc1oc(-c2ccccc2)nc1CCOc1cccc(CC2C(=O)N(c3ccc(F)cc3)C2C(=O)O)c1,-1.47712125471966,training
CCCc1ccccc1CC(Oc1ccc(Cl)cc1)C(=O)O,-3.56584781867352,training
CCC(Cc1ccc(OCc2ccccc2)c(CNC(=O)c2ccc(C(F)(F)F)cc2)c1)C(=O)O,-3.79239168949825,training
CCCc1cc(Oc2ccccc2)ccc1OCCCOc1ccc(C2SC(=O)NC2=O)cc1Cl,-2.84509804001426,training
Cc1c(Oc2ccc(Cl)cc2)c2ccc(F)nc2n1Cc1ccc(Cl)c(O[C@@H](C)C(=O)O)c1,-0.602059991327962,training
CCC(C(=O)O)C1CCc2cc(OCCc3nc(Cc4ccccc4)oc3C)ccc21,-2.51851393987789,training
Cc1oc(C2CCCCC2)nc1CCOc1ccc(C[C@H](Oc2ccccc2)C(=O)O)cc1,0.0,training
CC(C)(Oc1ccc(CCOc2ccc(C(=O)/C=C/c3ccccc3)cc2)cc1)C(=O)O,-3.77085201164214,training
Cc1ccc(-c2nc(CCCCCO/N=C(/CCC(=O)O)c3ccccc3)c(C)o2)cc1,-1.49136169383427,training
CCc1ccc(O[C@H](C)CCOc2ccc(CCC(=O)O)c(C)c2)c(-c2ncco2)c1,-2.84260923961056,training
CC(C)(C)c1ccc(-n2c(C(=O)O)c(Oc3cccc(C(F)(F)F)c3)c3ccc(Cl)nc32)cc1,-2.24551266781415,training
CCCCc1nc(C)c(Cc2nc(Cc3ccc(F)cc3)no2)c(=O)n1Cc1ccc(-c2ccccc2-c2noc(=O)[nH]2)cc1,-3.38201704257487,training
C/C(=N\OCCOc1ccc(CC2SC(=O)NC2=O)cc1)c1ccc(-c2ccncc2)cc1,-3.20411998265592,training
CCCCC(Sc1ccc(OCCCOc2ccccc2OC)cc1)C(=O)O,-3.20411998265592,training
COC1Oc2cc(O)c3c(c2C(=O)N1C(=O)NCc1cc2ccccc2s1)OC1=CC(O)=C(C(C)=O)C(=O)[C@]13C,-3.57978359661681,training
CCOC(=O)c1ccccc1NC(Cc1ccc(OCCc2nc(-c3ccccc3)oc2C)cc1)C(=O)O,0.1743791749965,training
COC(=O)c1cc2ccc(OCCc3nc(-c4ccc(OC)cc4)oc3C)cc2oc1=O,0.0,training
Cc1cccc(Nc2cc(Cl)nc(SC(C)(C)C(=O)O)n2)c1C,-4.11394335230684,training
Cc1c(Oc2ccc(Cl)cc2)c2cccnc2n1Cc1ccc(F)c(O[C@@H](C)C(=O)O)c1,-2.14612803567824,training
Cn1c(COc2cccc(C(=O)O)c2)nc2ccc(Oc3c(F)cccc3F)cc21,-3.12254352406875,training
CCO[C@@H](Cc1ccc(OCCc2nc(-c3ccc(C(F)(F)F)cc3)oc2C)c2ccsc12)C(=O)O,-0.954242509439325,training
CCCOc1cc(C)c2c(c1C)C[C@H]([C@H](C)C(=O)O)CC2,-4.17609125905568,training
COc1ccc(/C(C)=N/OCCCCO/N=C(/CCC(=O)O)c2ccccc2)cc1OC,-2.90308998699194,training
COc1ccc2c(c1)c(Cc1cccc(OC(C)C(=O)O)c1)c(C)n2C(=O)c1ccc(Cl)cc1,-1.27875360095283,training
CCCC(Cc1ccc(OC)c(CNC(=O)c2ccc(C(F)(F)F)cc2F)c1)C(=O)O,-3.17609125905568,training
CC(C)c1oc(-c2ccc(C(C)(C)C)cc2)nc1CCc1noc2cc(OC(C)(C)C(=O)O)ccc12,-3.0,training
CCC(Cc1ccc(OC)c(CNC(=O)c2ccc(OCCc3ccccc3)cc2)c1)C(=O)O,-2.89209460269048,training
COc1ccc(-n2c(C)c(Cc3cccc(O[C@@H](C)C(=O)O)c3)c3cc(OC(F)(F)F)ccc32)cc1,-0.477121254719662,training
Cc1oc(-c2ccccc2)nc1CCOc1ccc(C[C@H](Nc2ncccn2)C(=O)O)cc1,-2.77085201164214,training
C/C(=N\OCCOc1ccc(CC2SC(=O)NC2=O)cc1)c1ccc(-c2cccnc2)cc1,-2.90308998699194,training
CCC(C(=O)O)C1CCc2cc(OCCc3nc(-c4ccccc4)oc3-c3ccccc3)ccc21,-2.79028516403324,training
CCCc1cc(Oc2ccccc2)ccc1OCCCOc1ccc2c(c1)OC(CC)(C(=O)O)CC2,-3.0,training
C/C(=N\OCCOc1ccc(CC2SC(=O)NC2=O)cc1)c1ccncc1,-3.89762709129044,training
CCC(Oc1ccccc1Cc1c(C)n(C(=O)c2ccc(OC)cc2)c2ccc(OC(F)(F)F)cc12)C(=O)O,-0.778151250383644,training
COc1ccc(C(=O)c2cccn2C/C=C/c2cccc(OCC(=O)O)c2)cc1,-3.27875360095283,training
CCOC(Cc1ccc(OC(=O)Cc2ccc(NC(=O)OC(C)(C)C)cc2)c(Cc2ccccc2)c1)C(=O)O,-0.716003343634799,training
Cc1ccc(OC(=O)N(CC(=O)O)Cc2cccc(OCc3sc(-c4ccc(Cl)cc4)nc3C)c2)cc1,-3.14952701375435,training
O=C(Cc1ccc(SCc2ccccc2C(=O)O)cc1)OCc1ccc(-n2cccn2)cc1,-3.6232492903979,training
CCc1nc2c(C)cc(Cc3ccccc3)nc2n1[C@H]1CCc2cc(-c3ccccc3-c3nnn[nH]3)ccc21,-1.95424250943932,training
CC(C)OC(Cc1ccc(OCc2noc(-c3ccc(OC(F)(F)F)cc3)n2)cc1)C(=O)O,-1.79934054945358,training
CC(/C=C(\O)c1ccccc1)=N\[C@@H](Cc1ccc(OCc2ccccc2)cc1)C(N)=O,-2.69000104688306,training
C/C(=N\OCCF)C(Cc1ccc(OCCc2nc(-c3ccc(F)cc3)oc2C)cc1)C(=O)O,-0.462397997898956,training
CC[C@@H](NC(=O)c1ccc2c(c1)nc(C1CC1)n2Cc1ccc(Cl)c(Cl)c1)c1ccccc1,-2.09999123354468,training
CCCCC(Sc1nc(OCCC(C)C)cc(OCCC(C)C)n1)C(=O)O,-4.04139268515823,training
Cc1ccc(NC(=O)c2ccccc2NC(=O)c2ccc(C(C)(C)C)cc2)cc1C(=O)O,-3.69897000433602,training
COc1cc(C(=O)NS(=O)(=O)c2cc(Cl)cc(Cl)c2)ccc1Cc1cn(C)c2ccc(NC(=O)NC3CCCCC3)cc12,-2.86923171973098,training
CCOC(=O)C1=C(C23CC4CC(CC(C4)C2)C3)c2ccc(OC)cc2C1=O,-3.39794000867204,training
O=C(O)C(Cc1ccccc1)Oc1cccc(F)c1,-4.61278385671974,training
CCOC(Cc1ccc(OCCN2CC=C(c3cc(Cl)ccc3Cl)CC2)cc1)C(=O)O,-3.15836249209525,training
O=C(O)COc1ccc(Sc2ccc(COc3ccc(C(F)(F)F)cc3)cc2OCC#Cc2cccnc2)c2c1CCCC2,-3.20411998265592,training
CCCc1c(OCCCn2ccc3cc(OC(C)(C)C(=O)O)ccc32)ccc2cc(C(=O)c3ccoc3)ccc12,-2.63346845557959,training
O=C(O)CCc1cc2cc(Cl)ccc2n1S(=O)(=O)c1ccccc1,-3.19256745333655,training
CC[C@]1(C(=O)O)OC[C@@H](CCCCc2nc(-c3ccccc3)oc2C)CO1,-4.0,training
O=C(O)C(Sc1nc(Cl)cc(NCCc2ccccc2)n1)c1cccc2ccccc12,-4.03342375548695,training
CCCc1cc(Oc2ccc(-c3ccccc3)cc2)ccc1OCCCOc1cccc(C2SC(=O)NC2=O)c1,-2.54777470538782,training
COc1cc(CNC(=O)c2cc(-c3ccc(C(C)(C)C)cc3)n(C)n2)ccc1OC(C)(C)C(=O)O,-2.24551266781415,training
CCCc1c(OCCCSc2ccc(CC(=O)O)cc2Cl)ccc2c(-c3ccccc3)noc12,-0.602059991327962,training
CSc1nc(NC(Cc2ccc(OCCN(C)c3nc4ccccc4o3)cc2)C(=O)O)c(C(=O)c2ccccc2)s1,-3.60999970384223,training
COc1ccc(C(=O)Nc2cccc(C(=O)O)c2)c(NC(=O)c2ccc(C(C)(C)C)cc2)c1,-3.47567118832443,training
CCCOc1c(/C(C)=C\C=C\C(C)=C\C(=O)O)cc(C(C)C)cc1C(F)(F)C(F)(F)F,-1.34340859380386,training
CCCc1c(OCCCn2ccc3cc(OC(C)(C)C(=O)O)ccc32)ccc2cc(C(=O)c3ccc(OC)cc3)ccc12,-2.70757017609794,training
CC(Cc1ccc(Oc2cc(N3CCN(c4ccccc4)CC3)nc(N)n2)cc1)(Oc1ccccc1)C(=O)O,-3.69372694892365,training
CCCCCOc1nc2ccccc2cc1C(O)C/C=C\CCCC(=O)OC,-3.18920948958231,training
CCCc1cc2c(=O)n(C(C)C)oc2c(CCC)c1O[C@H](C(=O)O)c1ccc(CC(C)C)cc1,-2.56820172406699,training
CCN(CCOc1ccc(/C=C2\SC(=O)NC2=O)cc1)c1nc2ccccc2s1,-2.91381385238372,training
CCCc1nc2c(CO)cccc2n1Cc1ccc2c(c1)COc1ccccc1/C2=C(\C)c1noc(=O)[nH]1,-1.51851393987789,training
CCc1cc(C(F)(F)F)ccc1C(=O)NCc1cccc(Oc2ccc(OC(C)(C)C(=O)O)c(C)c2)c1,-1.75587485567249,training
CCc1cc(OCCc2coc(-c3ccc(C(F)(F)F)cc3)n2)ccc1CCC(=O)O,-2.84010609445676,training
CCC(Cc1ccc(OC)c(CNC(=O)c2ccc(C34CC5CC(CC(C5)C3)C4)cc2F)c1)C(=O)O,-2.14612803567824,training
CCCCCS(=O)(=O)NC(=O)/C=C/c1ccc(OCCCC#N)cc1Oc1ncc(C(F)(F)F)cc1Cl,-1.17609125905568,training
CCCCCCC(Sc1nc(Cl)cc(Nc2ccc(Oc3ccccc3)cc2)n1)C(=O)O,-3.37291200297011,training
COc1cc(C(=O)NS(=O)(=O)c2cccc(F)c2)ccc1Cc1cn(C)c2ccc(NC(=O)NC3CCCCC3)cc12,-2.30102999566398,training
COC(=O)c1ccccc1[C@@](O)(Cc1ccc(OCCc2nc(-c3ccccc3)oc2C)cc1)C(=O)O,0.149384393152353,training
COc1cc(/C(C)=N/OCCCCO/N=C(/CCC(=O)O)c2ccccc2)ccc1F,-2.84509804001426,training
CCO[C@@H](Cc1cccc(C2=NOC(c3ccc(F)cc3)C2)c1)C(=O)O,-3.06445798922692,training
CCOC(Cc1ccc(OCCNC2=Nc3ccccc3Sc3ccccc32)cc1)C(=O)O,-3.99122607569249,training
CC(Cc1ccc(OCCN2CC=C(c3ccc(Cl)cc3)CC2)cc1)(Oc1ccccc1)C(=O)O,-3.68841982200271,training
Cc1cc(Oc2ccc3nc(COc4ccc(CC5SC(=O)NC5=O)cc4)n(C)c3c2)cc(C)c1N,0.284832642151542,training
Cc1cc(CNC(=O)c2cc(-c3ccc(OCc4ccccc4)cc3)n(C)n2)ccc1OC(C)(C)C(=O)O,-1.90308998699194,training
O=C(O)Cc1cccc2c(NCc3cccc(-c4c(Cc5ccccc5)cnc5c(C(F)(F)F)cccc45)c3)cccc12,-1.92427928606188,training
CCOC(=O)C1=C(C(CC)CC)c2ccc(OCCCc3ccccc3)cc2/C1=[N+](/C)[O-],-1.90308998699194,training
CCCCC(Sc1ccc(OCCCOc2ccc(C)c(C)c2)cc1)C(=O)O,-3.54406804435028,training
CCC(C(=O)O)C1CCc2cc(OCCc3nc(-c4cc(C)on4)oc3C)ccc21,-2.8819549713396,training
Cc1oc(-c2ccccc2)nc1CCOc1cccc(CN(CC(=O)O)Cc2cccc(Oc3ccccc3)c2)c1,-2.55509444857832,training
Cc1c(Cc2cccc(OCC(=O)O)c2)c2cc(OC(F)(F)F)ccc2n1C(=O)c1ccc(Cl)cc1,-0.477121254719662,training
COC(c1ccc(C)cc1)C1CC1c1cc(C)c(OC(C)(C)C(=O)O)c(C)c1,-2.04139268515822,training
CCCCC(Sc1nc(OCCc2ccc(C)cc2)cc(OCCc2ccc(C)cc2)n1)C(=O)O,-3.8750612633917,training
COC(=O)c1ccccc1N[C@@H](Cc1ccc(OCCc2nc(-c3ccccc3)oc2C)cc1)C(=O)O,0.167129325938483,training
CCCc1nc2c(C)cccc2n1Cc1ccc2c(n1)COc1ccccc1/C2=C(\C)c1noc(=O)[nH]1,-1.93449845124357,training
CC(C)(C)c1ccc(C(=O)Nc2ccccc2C(=O)Nc2cccc(C(=O)O)c2)cc1,-3.5910646070265,training
Cc1oc(-c2ccccc2)nc1CCOc1ccc2c(c1)CCC[C@H]2CC(=O)O,-3.49692964807322,training
CN(CCOc1ccc(C[C@H](OCC(F)(F)F)C(=O)O)cc1)c1nc2ccccc2o1,0.0,training
CCCc1cc(Oc2ccccc2)ccc1OCCCOc1ccc(C2SC(=O)NC2=O)cc1C,-2.0,training
Cc1cc(SCc2oc(-c3ccc(C(F)(F)F)cc3)nc2C)ccc1OCC(=O)O,-3.20682587603185,training
CCCOc1ccc(C[C@@H](Cc2ccccc2)C(=O)O)cc1CNC(=O)c1ccc(-c2ccccc2C)cc1,-1.86805636182304,training
Cc1cc(SCCc2nc(-c3ccc(Cl)c(Cl)c3)ns2)ccc1OC(C)(C)C(=O)O,-2.91115760873998,training
CCCc1cc2c(oc(=O)n2C)c(CCC)c1O[C@H](C(=O)O)c1ccc(C(C)C)cc1,-2.80617997398389,training
CCNC(=S)OC(CCc1ccc(C[C@H](OCC)C(=O)O)cc1)c1ccccc1,-3.73158876518674,training
CCCCOc1cc(N2C(=O)c3ccccc3C2=O)ccc1CCc1ccc(CC(CC)C(=O)O)cc1,-3.89762709129044,training
CCCc1cc(Oc2ccc(Cl)cc2)ccc1OCCCOc1cccc(C2SC(=O)NC2=O)c1,-2.21748394421391,training
CCC(C(=O)O)C1CCc2cc(OCCn3nc(-c4ccccc4)cc3C)ccc21,-2.29225607135648,training
CCCc1c(OCCCOc2ccc(OC(C)C(=O)O)cc2)ccc2c(-c3ccccc3)noc12,-1.43136376415899,training
CC(C)(C)c1ccc(-n2c(C(=O)O)c(Oc3cccc(C(F)(F)F)c3)c3cc(Oc4cc(Cl)c[nH]4)ccc32)cc1,-0.301029995663981,training
CCCc1cc(Oc2ccc(Cl)c(C)c2)ccc1OCCCOc1cccc(C2SC(=O)NC2=O)c1,-1.43136376415899,training
CCCCc1nc(C(C)C)c(CC(=O)OCCC)c(=O)n1Cc1ccc(-c2ccccc2-c2noc(=O)[nH]2)cc1,-3.17609125905568,training
CCOC(Cc1ccc(OCCc2nc(-c3ccccc3)oc2C)nc1)C(=O)O,-0.778151250383644,training
CCC(C(=O)O)C1CCc2cc(OCCc3nc(-c4ccccc4)sc3C)ccc21,-1.92941892571429,training
CCCCCCCN(CCc1ccc(OC(C)(C)C(=O)O)cc1)C(=O)Nc1ccc(F)cc1F,-2.30102999566398,training
Cc1cc(OCc2sc(-c3ccc(C(F)(F)F)cc3)nc2C)ccc1/C=C/C(=O)O,-3.43136376415899,training
Cc1oc(-c2ccccc2)nc1CCOc1ccc(C[C@@H](C(=O)O)N2CCN(c3cccc(Cl)c3)CC2)cc1,-4.65542658774592,training
CCCOc1ccc(C[C@@H](Cc2ccccc2)C(=O)O)cc1CNC(=O)c1ccc(-c2cncnc2)cc1,-3.49066065335614,training
Cc1oc(-c2ccccc2)nc1CCOc1ccc(CC(Nc2ccccc2C(=O)c2cccnc2)C(=O)O)cc1,-0.96517817414371,training
COc1cccc(C(=O)COc2ccc(CC3SC(=O)NC3=O)cc2)c1,-2.98272338766855,training
Cc1oc(-c2ccccc2)nc1CCOc1ccc(CC(C)C(=O)O)cn1,-2.42813479402879,training
Cc1cc(S(=O)(=O)Nc2cc(Cl)c(Oc3cnc4ccccc4c3)c(Cl)c2)ccc1Br,-2.77815125038364,training
CCCCCS(=O)(=O)NC(=O)CCc1cc(C2CC2)nn1Cc1ccc(C(F)(F)F)cc1Cl,-1.11394335230684,training
COC(=O)c1cc2ccc(OCCc3nc(-c4cccc(OC)c4)oc3C)cc2oc1=O,-2.54406804435028,training
CCCc1nc2ccc(C(O)c3ccccc3)cc2n1Cc1ccc(-c2ccccc2C(=O)O)cc1,-3.54406804435028,training
CCOC(Cc1ccc(Oc2ccc(OCc3ccccc3)cc2)cc1)C(=O)O,-4.25527250510331,training
CCCc1cc(Oc2ccc(F)cc2)ccc1OCCCOc1ccc2c(c1)OC(CC)(C(=O)O)CC2,-2.8750612633917,training
COc1ccc(CNC(=O)N2C(=O)c3c(cc(O)c4c3OC3=CC(O)=C(C(C)=O)C(=O)[C@]34C)OC2OC)cc1,-3.23044892137827,training
CCOC(Cc1ccc(OCCN2CC=C(c3ccc(C(F)(F)F)cc3)CC2)cc1)C(=O)O,-3.27646180417324,training
COc1ccc(CN(Cc2ccc(OC(C)(C)C(=O)O)cc2)Cc2nc(-c3cccc(Br)c3)oc2C)cc1,-2.84509804001426,training
CC(C)(C)c1ccc(-n2c(C(=O)O)c(Oc3cccc(C(F)(F)F)c3)c3cc(Cl)ccc32)cc1,-2.13353890837022,training
Cc1cc(CNC(=O)c2cc(-c3ccc(C(C)C)cc3)nn2C)ccc1OC(C)(C)C(=O)O,-1.69897000433602,training
COc1ccc(NCCCOc2ccc3ccccc3c2)cc1,-4.52891670027766,training
CCCCCS(=O)(=O)NC(=O)/C=C/c1ccc(OCCCOC)cc1Oc1ncc(C(F)(F)F)cc1Cl,-0.869231719730976,training
Cc1oc(-c2cccc(F)c2)nc1CCOc1ccc2c(c1)CC[C@H]2CC(=O)O,-1.11394335230684,training
CCC(C(=O)Nc1ccc2c(c1)c(C)c(C)n2Cc1ccc(-c2ccccc2C(=O)O)cc1)c1ccccc1,-2.52891670027765,training
CCCc1c(OCCCOc2ccc3c(ccn3CC(=O)O)c2)ccc2c(C#N)c[nH]c12,-3.96236933567002,training
COC(=O)CN1C(=O)S/C(=C\c2ccc(O)cc2)C1=O,-4.0,training
CCCc1cc(C(=O)c2ccc3ccccc3c2)ccc1OCCCn1ccc2c(OC(C)(C)C(=O)O)cccc21,-3.44715803134222,training
Cc1oc(-c2ccccc2)nc1CCOc1ccc2c(c1)CCC2C(CC(F)(F)F)C(=O)O,-2.24797326636181,training
Cc1oc(-c2ccccc2)nc1CCOc1ccc(C[C@@H](C(=O)O)N2CCN(c3ccccc3)CC2)cc1,-4.02366391819779,training
CCCC/C(=C\c1cc(OCCc2ccc(C(F)(F)F)cc2)ccc1OCCc1ccc(C(F)(F)F)cc1)C(=O)O,-3.85733249643127,training
CCOc1ccc2c(c1)c(Oc1cccc(C(F)(F)F)c1)c(C(=O)O)n2-c1ccc(C(C)(C)C)cc1,-1.53147891704226,training
C/[N+]([O-])=C1\C=C(c2ccccc2)c2ccc(OCCN3CCOCC3)cc21,-2.17609125905568,training
O=C(O)CCCc1cc2cc(C(F)(F)F)ccc2n1S(=O)(=O)c1cccc(Cl)c1,-2.40823996531185,training
CCCOc1ccc(C[C@@H](Cc2ccccc2)C(=O)O)cc1CNC(=O)c1ccc(-c2ccc(F)cc2)cc1,-2.0111473607758,training
Cc1cccc(-c2nc(COc3ccc(CC(OC(C)C)C(=O)O)cc3)no2)c1,-1.69897000433602,training
Cn1c(COc2cccc(C(=O)O)c2)nc2ccc(Oc3ccc(Cl)c(F)c3)nc21,-2.42975228000241,training
Cc1oc(-c2ccc(-c3ccccc3)cc2)nc1CCOc1ccc(C[C@H](OCC(F)(F)F)C(=O)O)c2ccccc12,-1.57978359661681,training
CCC(Oc1cccc(CN(CCCOc2ccc(C)c(C)c2)c2nc3ccccc3o2)c1)C(=O)O,-2.8750612633917,training
CCO[C@@H](Cc1ccc(CCC(OC(=S)Nc2ccccc2)c2ccccc2)cc1)C(=O)O,-3.66086547800387,training
Cn1c(COc2cccc(C(=O)O)c2)nc2ccc(Oc3ncc(Cl)cc3Cl)cc21,-1.94939000664491,training
CCCc1c(OCCCSc2ccc(CC(=O)O)cc2Cl)ccc(C(=O)CC)c1O,-1.84509804001426,training
Cc1oc(-c2ccccc2)nc1CCOc1ccc(C2=C(C(=O)O)CCN(C(=O)OCC(C)C)C2)cc1,-3.74585519517373,training
O=C(O)Cc1ccccc1OCCC1Oc2ccccc2N(CCCCCCCF)C1=O,-2.8561244442423,training
Cc1cc(NS(=O)(=O)c2ccc(Cl)cc2Cl)ccc1Oc1cncc(Cl)c1,-2.77815125038364,training
COc1ccc(N2C(=O)C(Cc3cccc(OCCc4nc(-c5ccccc5)oc4C)c3)C2C(=O)O)cn1,-1.84509804001426,training
CCCCC(Cc1ccc(OC)c(C(=O)NCc2ccc(C(F)(F)F)cc2)c1)C(=O)O,-3.39794000867204,training
Cc1ccccc1OCCCOc1ccc2c(c1)OCC2CC(=O)O,-3.30535136944662,training
CCCCCS(=O)(=O)NC(=O)c1ccc2nc(C)n(Cc3ccc(Cl)cc3Cl)c2c1,-2.21218760440396,training
Cc1nc(-c2ccc(C(F)(F)F)cc2)oc1COc1ccc(OCC(=O)O)cc1,-3.99122607569249,training
CCO/N=C(\C)C(Cc1ccc(OCCc2nc(C(C)C)oc2C)cc1)C(=O)O,-1.30102999566398,training
Cc1ncccc1-c1cc2cc(CCC(=O)O)ccc2[nH]1,-4.75511226639507,training
CO[C@@H](Cc1ccc(OCCc2nc(-c3cc(C)cc(C)c3)oc2C)c2ccsc12)C(=O)O,-1.04139268515823,training
O=C(O)CC1=C/C(=C\c2ccc(C(F)(F)F)cc2)c2ccc(F)cc21,-3.39794000867204,training
CCCc1c(OCCCSc2ccc(CC(=O)O)cc2Cl)ccc2c(CC)coc12,-2.00860017176192,training
Cc1oc(-c2ccccc2)nc1CCOc1cccc(CN(CC(=O)O)Cc2ccccc2)c1,-2.46982201597816,training
CCCc1nc2ccccc2n1Cc1ccc2c(c1)COc1cc(F)ccc1/C2=C(\C)c1noc(=O)[nH]1,-0.6232492903979,training
Cc1sc(-c2ccccc2F)nc1CCOc1ccc2c(c1)CC[C@H]2CC(=O)O,-2.06445798922692,training
CCO[C@@H](Cc1ccc(OCC(OC(=S)NCc2ccccc2)c2ccccc2)cc1)C(=O)O,-3.8555191556678,training
COC(=O)Cc1ccc(OCCCN(C)C(=O)CCCCC2CCSS2)c(Cl)c1,-4.26693691115917,training
COC(=O)C(Cc1ccc(OCCOc2ccc3c(c2)NCCC3)cc1)C(=O)OC,-3.4996870826184,training
CCCc1c(OCCCOc2ccc(CC(=O)O)cc2)ccc2c(-c3ccccc3)noc12,-2.28780172993023,training
Cc1oc(-c2ccccc2)nc1CCOc1cccc(Cc2cn(C)cc2C(=O)O)c1,-3.3747483460101,training
CN(CCOc1ccc(CC2SC(=O)NC2=O)cc1)c1nc2ccccc2o1,-1.04999285692014,training
COC(=O)C1Cc2ccc(OCCc3nc(-c4ccc(-c5ccccc5)cc4)oc3C)cc2OC1=O,-3.04921802267018,training
Cn1c(COc2cccc(C(=O)O)c2)nc2ccc(Oc3ccc(Cl)c(F)c3)cc21,-1.83250891270624,training
CCO/N=C(\C)C(Cc1ccc(OCc2nc(C(C)C)oc2C)cc1)C(=O)O,-1.68124123737559,training
CCCCO/N=C(\C)C(Cc1ccc(OCCc2nc(-c3ccccc3)oc2C)cc1)C(=O)O,0.721246399047171,training
CCOC(=O)CN1C(=O)SC(Cc2ccc(OCCBr)cc2)C1=O,-4.07918124604763,training
CCCCC(Sc1nc(OCCCCc2ccccc2)cc(OCCCCc2ccccc2)n1)C(=O)O,-4.0,training
CCCCC(Oc1cc(OCCc2ccccc2)cc(OCCc2ccccc2)c1)C(=O)O,-3.68124123737559,training
CCCC/C(=C\c1cc(OCc2ccc(F)cc2)ccc1OCc1ccc(C(F)(F)F)cc1)C(=O)O,-3.71349054309394,training
CCCCc1nc(C(C)C)c(CC(=O)O)c(=O)n1Cc1ccc(-c2ccccc2-c2noc(=O)[nH]2)cc1,-4.01283722470517,training
CCCCn1c(-c2ccc3nn(CCC)c(Cc4ccc(-c5ccccc5C(=O)O)cc4)c3c2)nc2ccccc21,-2.80617997398389,training
COc1cc(O)c2c(c1C(=O)NCc1cc(O)cc3ccccc13)OC1=CC(O)=C(C(C)=O)C(=O)[C@]12C,-2.11394335230684,training
O=C(O)C(Cc1cccc(Oc2ccccc2)c1)Oc1ccc(Cl)cc1,-3.48572142648158,training
CCCc1ccccc1OCCCOc1cccc(C2OC(=O)NC2=O)c1,-1.90848501887865,training
CCOC(Cc1ccc(OCCc2nc(-c3ccccc3)oc2C)cn1)C(=O)O,-2.11058971029925,training
Cc1cc(F)ccc1Oc1ccc2nc(COc3cccc(C(=O)O)c3)n(C)c2c1,-1.34242268082221,training
COc1cc(OC)cc(-c2coc3cc(O)ccc3c2=O)c1,-4.27554168840131,training
COc1cccc(S(=O)(=O)n2c(CCCC(=O)O)cc3cc(C(F)(F)F)ccc32)c1,-1.81291335664286,training
Cc1cccc(Nc2ccnc(SCC(=O)O)n2)c1C,-4.55630250076729,training
Cc1cc(CNC(=O)c2cc(-c3ccc(C(C)(C)C)cc3)n(Cc3ccccc3)n2)ccc1OC(C)(C)C(=O)O,-3.23044892137827,training
CCCc1cc(Oc2ccc(-c3ccccc3)cc2)ccc1OCCCOc1ccc(C2SC(=O)NC2=O)cc1,-1.30102999566398,training
CCCc1c(OCCCn2ccc3ccc(OCC(=O)O)cc32)ccc2cc(C(=O)c3ccccc3)ccc12,-3.54032947479087,training
Cn1c(COc2cccc(C(=O)O)c2)nc2ccc(Oc3cccc(Cl)n3)cc21,-2.8668778143375,training
Cc1c(Oc2cc(Cl)cc(O[C@@H](C)C(=O)O)c2)c2cc(OC(F)(F)F)ccc2n1-c1noc2cc(Cl)ccc12,-2.05690485133647,training
CCCCCS(=O)(=O)NC(=O)C1CC1c1ccc(OCCOC)cc1Oc1ncc(C(F)(F)F)cc1Cl,-0.740362689494244,training
CCCC(CCOc1ccc(CCC(=O)O)c(C)c1)Oc1ccc(CC)cc1C(=O)c1ccccc1,-2.98587535730839,training
O=c1c(-c2ccc(F)cc2)coc2cc(O)ccc12,-4.18695633546541,training
CCOC(=O)C1=C(c2ccc3c(c2)OCO3)c2ccc(OCCCc3ccccc3)cc2/C1=[N+](/C)[O-],-2.39794000867204,training
COC(=O)C1Cc2ccc(OCCc3nc(-c4ccc(C)cc4)oc3C)cc2OC1=O,0.0,training
Cc1cc(Oc2cccc(CNC(=O)c3ccc(C(F)(F)F)cc3Cl)c2)ccc1OC(C)(C)C(=O)O,-1.69019608002851,training
CCCc1cc(Oc2ccccc2)ccc1OCCCOc1ccc2c(c1)OC(C)(C(=O)O)CC2,-3.0,training
CSc1ccc(C(=O)Nc2ccccc2C(=O)Nc2cccc(CC(=O)O)c2)cc1,-4.2405492482826,training
COc1ccc(OC(=O)N2[C@H](C(=O)O)CC[C@H]2c2ccc(OCCc3nc(-c4ccccc4)oc3C)cc2)cc1,-1.69897000433602,training
Cc1oc(-c2ccccc2)nc1CCOc1cccc(Cc2nn(-c3ccccc3)cc2C(=O)O)c1,-1.36172783601759,training
CCOC(Cc1ccc2c(ccn2Cc2nc(-c3ccc(C(C)C)cc3)oc2C)c1)C(=O)O,-2.07918124604762,training
CCOC(Cc1ccc(OCCN2CC=C(c3cccc(Cl)c3)CC2)cc1)C(=O)O,-3.22271647114758,training
Cc1ccc2c(-n3c(=O)n(Cc4ccc(Cl)c(O[C@H](C)C(=O)O)c4)c4cc(C(F)(F)F)ccc43)noc2c1,-1.88930170250631,training
Cc1oc(-c2ccc(C(C)(C)C)cc2)nc1CCOc1ccc2c(c1)CC[C@H]2CC(=O)O,-1.32221929473392,training
COC(=O)C(Cc1ccc(OCCOc2ccc3c(c2)NCCC3)cc1)C(=O)O,-3.57978359661681,training
Cn1c(COc2cccc(C(=O)O)c2)nc2ccc(Oc3ccc(F)cn3)cc21,-2.90741136077459,training
O=C(O)CCc1ccc2[nH]c(-c3cccc(Cl)c3)cc2c1,-3.38021124171161,training
Cc1oc(-c2ccccc2)nc1CCOc1cccc(C2CN(C(=O)Oc3ccccc3)CCC2CC(=O)O)c1,-2.23044892137827,training
CCCCCC1=CC(=O)C2=C(OC(C)(CCC=C(C)C)C=C2)C1=O,-4.16731733474818,training
COc1cccc(-c2nc(CCOc3ccc(CC4(C(=O)O)CCCO4)cn3)c(C)o2)c1,-0.301029995663981,training
Cc1oc(-c2ccc(-c3ccccc3)cc2)nc1CCOc1ccc2c(c1)CC[C@H]2CC(=O)O,-0.778151250383644,training
CCCCC(Sc1ccc(OCCCOc2ccccc2)cc1)C(=O)O,-3.41497334797082,training
CC(OC(=O)Cc1cccc(SCc2ccccc2C(=O)O)c1)c1ccc(C(F)(F)F)cc1,-3.54406804435028,training
CCC(Cc1ccc(C(=O)NCc2ccccc2C)cc1)C(=O)O,-3.60205999132796,training
CC[C@@H](NC(=O)c1ccc2c(c1)nc(C)n2Cc1ccc(C(N)=O)cc1)c1ccccc1,-4.0,training
CCC#CCOc1cc(COc2cccc(C(F)(F)F)c2)ccc1Sc1ccc(OCC(=O)O)c2c1CCCC2,-2.47712125471966,training
C/C(=C\C(=O)c1ccccc1)NC(Cc1ccc(OCCCOc2ccc(/C=C/c3ccc(Cl)cc3)cc2)cc1)C(=O)O,-1.07918124604762,training
CCC(C(=O)O)C1CCc2cc(OCCc3nc(-c4cccc5ccccc45)oc3C)ccc21,-2.05307844348342,training
Cc1ccc(OC(=O)N(CC(=O)O)Cc2cccc(OCc3nc(-c4ccc(N5CCOCC5)cc4)oc3C)c2)cc1,-2.62013605497376,training
COc1ccc(OC(=O)N(CCCCCCc2nc(-c3ccc(C)cc3)oc2C)CC(=O)O)cc1,-2.65321251377534,training
CCCc1cc(Oc2ccc(F)c(C)c2)ccc1OCCCOc1ccc(C2SC(=O)NC2=O)cc1,-2.02530586526477,training
CCCC(Cc1ccc(OC)c(CNC(=O)c2ccc(C34CC5CC(CC(C5)C3)C4)cc2)c1)C(=O)O,-2.07918124604762,training
CCc1ccc2ccccc2c1CNC(=O)c1c(OC)cc(O)c2c1OC1=CC(O)=C(C(C)=O)C(=O)[C@]12C,-0.568201724066995,training
C/C(=C\CC[C@]1(C)CCc2cc(O)cc(C)c2O1)CC/C=C(\C)C(=O)O,-1.92427928606188,training
COc1cc(C(=O)NS(=O)(=O)c2ccccc2C)ccc1Cc1cn(C)c2ccc(NC(=O)NC3CCCC3)cc12,-3.39619934709574,training
CCCOC(=O)N1CCc2c(OCCc3nc(-c4ccccc4)oc3C)ccc(CCC(=O)O)c2C1,-1.07918124604762,training
CN(CCCc1ccc(C[C@@H](C(=O)O)n2cccc2)cc1)c1ccccc1,-3.55630250076729,training
O=C(O)C(Cc1ccccc1Br)Oc1ccc(Cl)cc1,-3.39445168082622,training
CS(=O)(=O)c1cc(NS(=O)(=O)c2ccc(Cl)cc2Cl)ccc1Oc1cncc(Cl)c1,-2.77815125038364,training
C/C(=C\C(=O)c1ccccc1)NC(Cc1ccc(OCCCOc2ccc(/N=N/c3ccc(Cl)cc3)cc2)cc1)C(=O)O,-1.67209785793572,training
COCCCS(=O)(=O)NC(=O)CCc1ccc(OCCOC)cc1Oc1ncc(C(F)(F)F)cc1Cl,-1.04139268515823,training
CCNC(=O)c1cc(NS(=O)(=O)c2ccc([N+](=O)[O-])cc2)ccc1Oc1cncc(Cl)c1,-2.60205999132796,training
CCCO/N=C(\C)C(Cc1ccc(OCc2nc(-c3ccc(F)cc3)oc2C)cc1)C(=O)O,-1.44715803134222,training
CCO[C@@H](Cc1cccc(C2=NOC(c3ccc(I)cc3)C2)c1)C(=O)O,-2.78247262416629,training
CCCCCCCN1C(=O)C(CCOc2ccccc2CC(=O)O)Oc2ccccc21,-2.36921585741014,training
Cc1ccc(C(=O)NCc2cccc(Oc3ccc(OC(C)(C)C(=O)O)c(C)c3)c2)c(C)c1,-1.39794000867204,training
CCCCCCC(Sc1nc(Cl)cc(Nc2nc(-c3ccc([N+](=O)[O-])cc3)cs2)n1)C(=O)O,-3.53147891704225,training
CCCc1cc(Oc2ccc(F)cc2)ccc1OCCCOc1ccc(C2SC(=O)NC2=O)cc1,-1.82390874094432,training
O=C(OCc1ccc(CC(SCCc2ccc(F)cc2)C(=O)O)cc1)c1nc(-c2ccccc2)oc1C(F)(F)F,-1.47712125471966,training
CCC(Cc1ccc(OC)c(C(=O)NCc2ccc(-c3ccccc3)cc2)c1)C(=O)O,-3.60205999132796,training
CCO[C@@H](Cc1ccc(OC(=O)Cc2ccc(NC(=O)OC(C)(C)C)cc2)cc1)C(=O)O,-4.25527250510331,training
COc1cc(O)c2c(c1C(=O)NCc1cc(CCC(=O)O)cc3ccccc13)OC1=CC(O)=C(C(C)=O)C(=O)[C@]12C,-2.50514997831991,training
CCOc1cc(F)c(CC(CC)C(=O)O)cc1CNC(=O)c1ccc(C23CC4CC(CC(C4)C2)C3)cc1,-1.38021124171161,training
O=C(Nc1ccccc1)c1cc([N+](=O)[O-])ccc1Cl,-0.301029995663981,training
CCCCCCC(Sc1nc(Cl)cc(Nc2nc(-c3ccc4ccccc4c3)cs2)n1)C(=O)O,-3.11394335230684,training
O=C(O)C(Oc1ccc(Cl)cc1F)c1ccc(Cl)cc1,-4.2148438480477,training
Cc1cc(Oc2cccc(CNC(=O)c3cc4cc(Br)ccc4[nH]3)c2)ccc1CCC(=O)O,-1.50514997831991,training
O=S(=O)(Nc1cc(Cl)c(Oc2cnc3ccccc3c2)c(Cl)c1)c1ccc(Br)c(C(F)(F)F)c1,-2.98091193777684,training
COc1ccc(CC(=O)OCc2ccc(CC(SCCc3ccc(F)cc3)C(=O)O)cc2)cc1,-3.39794000867204,training
CCCc1nc2ccc(-c3cccc(Cl)c3)cc2n1Cc1ccc(-c2ccccc2C(=O)O)cc1,-2.88649072517248,training
O=C1NC(=O)C(Cc2ccc3c(c2)CC[C@H](Cc2ccccc2)O3)S1,-3.0,training
CSc1nc(SCc2ccccc2)c(C(=O)O)c(SCc2ccccc2)n1,-2.14612803567824,training
CC(F)(F)CCCCCN1C(=O)C(CCOc2ccccc2CC(=O)O)Oc2ccccc21,-2.72754125702856,training
CCCc1c(OCCCn2ccc3ccc(OC(C)(C)C(=O)O)cc32)ccc2cc(C(=O)c3ccccc3)ccc12,-2.67209785793572,training
Cc1cccc(C(=O)c2ccccc2NC(Cc2ccc(OCCN(C)c3nc4ccccc4o3)cc2)C(=O)O)c1,-1.19103160884862,training
CCc1c(C)nc2c(nc(CC)n2[C@H]2CCc3cc(-c4ccccc4-c4nnn[nH]4)ccc32)c1C,-3.12710479836481,training
CCCc1c(OCCCCOc2ccc(OC(C)(C)C(=O)O)cc2)ccc2c(-c3ccccc3)noc12,-0.301029995663981,training
COc1cc([C@H]2OC[C@@H]3[C@H](c4ccc5c(c4)OCO5)OC[C@H]23)cc(OC)c1O,-4.3541084391474,training
C=C[C@@H](O)C#CC#C[C@H](/C=C\CCCCCCC)O[C@]1(C)CCC[C@]2(C)CC[C@@H](C(C)(C)O)C[C@H]21,-3.23044892137827,training
CCC(Cc1ccc(CCc2ccc(N3C(=O)c4ccccc4C3=O)cc2O)cc1)C(=O)O,-4.23044892137827,training
Cc1cc(CN(Cc2ccco2)Cc2nc(-c3ccccc3)oc2C)cc(C)c1OC(C)(C)C(=O)O,-0.672097857935718,training
Cn1cc(-c2ccccc2)nc1CCOc1ccc(C[C@H](Nc2ccccc2C(=O)c2ccccc2)C(=O)O)cc1,-0.897352134344313,training
Cc1cccc(Nc2cc(Br)nc(SCC(=O)O)n2)c1C,-4.12057393120585,training
Cc1oc(-c2ccccc2)nc1CCOc1ccc(OC(C)(C)C(=O)O)cc1,-3.31365634661803,training
Cc1c(Oc2ccc(Cl)cc2)c2ccc(F)nc2n1Cc1cc(O[C@@H](C)C(=O)O)ccc1Cl,-0.602059991327962,training
CCCOC(=O)c1ccccc1NC(Cc1ccc(OCCc2nc(-c3ccccc3)oc2C)cc1)C(=O)O,-0.818951311640173,training
CCO[C@@H](Cc1ccc(OCCN(c2ccccc2)c2ccccc2)cc1)C(=O)O,-3.51925752575851,training
CCCCCc1nc2ccccc2n1Cc1ccc(-c2ccccc2C(=O)O)cc1,-2.60205999132796,training
CCCc1cc(Oc2ccc(Cl)c(Cl)c2)ccc1OCCCOc1ccc(C2SC(=O)NC2=O)cc1,-1.67209785793572,training
CCOC(=O)C1=C(c2ccccc2)c2ccc(OCc3ccccn3)cc2/C1=[N+](/C)[O-],-1.95424250943932,training
CCCc1cc2cc(NC(=O)C(CC)c3ccccc3)ccc2n1Cc1ccc(-c2ccccc2C(=O)O)cc1,-0.301029995663981,training
C/C(CCCCN1C(=O)C(CCOc2ccccc2CC(=O)O)Oc2ccccc21)=N\O,-1.0,training
CCOC(Cc1ccc(OCCN(C)c2nc3ccccc3o2)cc1)C(=O)O,-1.81954393554187,training
CCC(C(=O)O)C1CCc2cc(OCCc3nc(-c4ccccc4)oc3C)c(-c3ccc(OC)cc3)cc21,-2.09342168516224,training
Cc1oc(-c2ccccc2)nc1CCOc1ccc(-c2nn(-c3ccccc3)nc2C(=O)O)cc1,-3.86510397464113,training
CC(C)(Oc1ccc(CNC(=O)c2sc(-c3ccc(C(F)(F)F)cc3)nc2C(F)(F)F)cc1)C(=O)O,-2.86332286012046,training
COc1ccc2c(-n3c(=O)n(Cc4cccc([C@@]5(C)OC(=O)NC5=O)c4)c4cc(C(F)(F)F)ccc43)noc2c1,-2.3747483460101,training
COc1ccc(-c2nc(COc3cccc(CN(CC(=O)O)C(=O)Oc4ccc(C)cc4)c3)c(C)o2)cc1,-3.05076631123304,training
Cc1c(C)n(Cc2ccc(-c3ccccc3C(=O)O)cc2)c2ccc(C(=O)NCc3ccccc3N)cc12,-3.40346370134532,training
CC[C@]1(C(=O)O)CCc2ccc(OCCCOc3ccc(Cl)cc3Cl)cc2O1,-3.0,training
CCCc1cc(Oc2ccccc2)ccc1OCCCOc1ccc2c(c1)CCC(C)(C(=O)O)O2,-3.83250891270624,training
CCCCCCC(Sc1nc2ccc(NCc3ccc(Cl)c(Cl)c3)cc2s1)C(=O)O,-3.44715803134222,training
CCCCCS(=O)(=O)NC(=O)/C=C/c1cc(OC(C)C)nn1Cc1ccc(Cl)cc1Cl,-1.30102999566398,training
CCCCc1ccc2ccccc2c1CNC(=O)c1c(OC)cc(O)c2c1OC1=CC(O)=C(C(C)=O)C(=O)[C@]12C,-1.77085201164214,training
CCOC(Cc1ccc(OCCN(C)C2c3ccccc3CCc3ccccc32)cc1)C(=O)O,-3.23044892137827,training
O=C(O)Cc1ccccc1OCCC1Oc2ccccc2N(CCCCCCCO)C1=O,-2.17318626841227,training
CC1(C)CCC(c2ccc(OCCCOc3ccc4c(c3)O[C@@](C)(C(=O)O)CC4)c(Cl)c2)CC1,-3.0,training
CC(C)c1nc(-c2ccc(C(F)(F)F)cc2)sc1CCc1noc2cc(OC(C)(C)C(=O)O)ccc12,-3.70757017609794,training
CC[C@@H](NC(=O)c1ccc2c(c1)ncn2Cc1ccccn1)c1ccccc1,-2.09999123354468,training
CCOC(Cc1ccc2c(ccn2Cc2nc(-c3ccccc3F)oc2C)c1)C(=O)O,-2.90308998699194,training
CCOC(Cc1ccc2c(ccn2Cc2nc(-c3ccc(F)cc3)oc2C)c1)C(=O)O,-2.88649072517248,training
CC(C)Oc1cc(CCC(=O)NS(=O)(=O)c2ccccc2)n(Cc2ccc(Cl)cc2Cl)n1,-2.04139268515822,training
COc1ccc(S(=O)(=O)n2c(CCCC(=O)O)cc3cc(C(F)(F)F)ccc32)cc1,-1.91381385238372,training
CCCCc1nc(C)c(CC(=O)OC2CC2)c(=O)n1Cc1ccc(-c2ccccc2-c2noc(=O)[nH]2)cc1,-3.51982799377572,training
COc1ccccc1NC(=O)N(CCCCC1CCCCC1)CCc1ccc(SC(C)(C)C(=O)O)cc1,-2.50514997831991,training
C[C@H](CCOc1ccc(CCC(=O)O)c(F)c1)Oc1ccc(Cl)cc1Oc1ccccc1,-2.60422605308447,training
CCCCC(Sc1nc(OCCc2ccc(C#N)cc2)cc(OCCc2ccc(C#N)cc2)n1)C(=O)O,-3.84509804001426,training
CCCc1nc2ccccc2n1Cc1ccc(-c2ccccc2C#N)cc1,-3.69983772586725,training
CCCc1c(OCCCOc2ccc(OCC(=O)OC)cc2)ccc(C(C)=O)c1O,-2.45939248775923,training
CCCCc1nc(C(C)C)c(CC(=O)OC2CC2)c(=O)n1Cc1ccc(-c2ccccc2-c2noc(=O)[nH]2)cc1,-3.13353890837022,training
CCCCc1nc(C)c(Cc2nc(C3CC3)no2)c(=O)n1Cc1ccc(-c2ccccc2-c2noc(=O)[nH]2)cc1,-3.62838893005031,training
CCOC(Cc1ccc(OCCn2c(=O)sc3cc(C(=O)/C=C/c4cc(OC)cc(OC)c4)ccc32)cc1)C(=O)O,-3.0,training
Cc1oc(-c2ccccc2)nc1CN(Cc1ccc(OC(C)(C)C(=O)O)c(Cl)c1)Cc1ccco1,-1.85125834871908,training
Cc1c(C)n(Cc2ccc(-c3ccccc3C(=O)O)cc2)c2ccc(C(=O)N[C@@H](c3cccc(C(C)C)c3)C(F)(F)F)cc12,-2.0,training
O=S(=O)(Nc1ccc(Oc2ccc3ccccc3c2)c(Cl)c1)c1ccc(Cl)cc1Cl,-3.30102999566398,training
CCCc1cc(C(=O)C2CCCCC2)ccc1OCCCOc1cccc(C2SC(=O)NC2=O)c1,-2.04139268515822,training
CC(C)(CCc1cc2cc(Cl)ccc2n1S(=O)(=O)c1ccccc1)C(=O)O,-2.95904139232109,training
CC(C(=O)OCc1ccc(CC(SCCc2ccc(F)cc2)C(=O)O)cc1)c1ccccc1,-3.23044892137827,training
CCC(C(=O)O)C1CCc2cc(OCCc3nc(-c4ccc5c(c4)OCC5)oc3C)ccc21,-0.778151250383644,training
C[C@@H](Oc1cc(Cn2c(=O)n(-c3noc4ccc(Cl)cc34)c3ccc(C(F)(F)F)cc32)ccc1Cl)C(=O)O,-2.07918124604762,training
CCOC(=O)C1=C(c2ccccc2)c2ccc(OC/C=C/c3ccccc3)cc2/C1=[N+](/C)[O-],-2.30102999566398,training
CCC1=C[C@@](CC)(C[C@H](/C=C/[C@H](C)O)CC)O/C1=C\C(=O)OC,-4.0,training
Cc1sc(N2CCOCC2)nc1CCOc1ccc(C[C@H](Nc2ccccc2C(=O)c2ccccc2)C(=O)O)cc1,-0.937267072211413,training
CCO[C@@H](Cc1ccc(OCCc2nc(-c3ccc(C(F)(F)F)cc3)oc2C)c2ccccc12)C(=O)O,-1.32221929473392,training
Nc1nc2ccc(S(=O)(=O)n3c(CCCC(=O)O)cc4cc(Cl)ccc43)cc2s1,-1.61278385671974,training
Cc1cc(Oc2cccc(CNC(=O)c3ccc(C(F)(F)F)cc3Br)c2)ccc1OC(C)(C)C(=O)O,-1.63346845557959,training
CC(C)(Oc1ccc(CCCOc2ccc(/N=N/c3ccccc3)cc2)cc1)C(=O)O,-4.0,training
Cc1oc(-c2ccccc2)nc1CCOc1ccc(CCC(=O)O)c(CNC(=O)Oc2cnccn2)c1,-0.845098040014257,training
O=C1NC(=O)/C(=C/c2cc(Br)ccc2OCc2cc(C(F)(F)F)cc(C(F)(F)F)c2)S1,-2.93951925261862,training
COC(=O)C(Cc1ccc(OCCOc2ccc3c(c2)C(C)(C)CCC3(C)C)cc1)C(=O)O,-1.95424250943932,training
CO[C@@H](Cc1ccc(C#CCCCOc2ccc(Oc3ccccc3)cc2)cc1)C(=O)O,-2.37839790094814,training
CCCc1nc2ccc(-c3ccc(Cl)cc3)cc2n1Cc1ccc(-c2ccccc2C(=O)O)cc1,-3.06069784035361,training
CCCCc1nc(C(C)C)c(CC(=O)OCC)c(=O)n1Cc1ccc(-c2ccccc2-c2noc(=O)[nH]2)cc1,-3.2380461031288,training
C=CCC(OC(=O)Cc1ccc(SCc2ccccc2C(=O)O)cc1)c1ccccc1,-4.17609125905568,training
Cc1c(C)n(Cc2ccc(-c3ccccc3C(=O)O)cc2)c2ccc(C(=O)N[C@@H](Cc3ccccc3)c3cccc(C(C)C)c3)cc12,-2.17609125905568,training
Cc1oc(-c2ccccc2)nc1CCOc1cccc(CN(CC(=O)O)Cc2cc3ccccc3[nH]2)c1,-2.88024177589548,training
CCC(C(=O)O)C1CCc2cc(OCCc3nc(-c4ccc(C(F)(F)F)cc4)oc3C)ccc21,-2.31175386105575,training
Cc1oc(-c2ccccc2)nc1CCOc1cccc(Cc2cn(-c3ccccc3)nc2C(=O)O)c1,-2.19312459835446,training
COC(=O)C(Cc1ccc(OCCOc2ccc3c(c2)CCCC3)cc1)C(=O)O,-2.83884909073726,training
CC(C)OC(Cc1ccc(OCc2noc(-c3ccc(Cl)cc3)n2)cc1)C(=O)O,-1.30102999566398,training
Cc1cc(OCc2nc(-c3ccc(C(=O)N(C)C(C)C)cc3)c(-c3ccc(OC(F)(F)F)cc3)s2)ccc1OCC(=O)O,-3.07918124604762,training
CCOC(=O)c1sc(N2C(=O)C(O)=C(C(=O)c3cccs3)C2c2ccc(C)o2)nc1C,-3.38021124171161,training
CCCOc1ccc(C[C@@H](Cc2ccccc2)C(=O)O)cc1CNC(=O)c1ccc(N2CCC(C)(C)CC2)cc1,-1.01703333929878,training
O=C(O)CC1=C/C(=C\c2cccc3ccccc23)c2ccc(F)cc21,-2.0,training
CC[C@@H](NC(=O)c1ccc2c(c1)ncn2Cc1ccc(F)c(Cl)c1)c1ccccc1,-0.800029359244134,training
Cc1oc(-c2ccc(-c3ncccn3)cc2)nc1CCOc1ccc(CCC(=O)O)c(CNC(=O)OC(C)C)c1,-0.602059991327962,training
COc1ccc(C(=O)c2c(C)n(Cc3cc(O[C@@H](C)C(=O)O)ccc3F)c3nc(C)ccc23)cc1,-0.301029995663981,training
C[C@H](CCOc1ccc(CCC(=O)O)c(C(F)(F)F)c1)Oc1ccc(Cl)cc1Oc1ccccc1,-2.55022835305509,training
Cc1oc(-c2ccc(Oc3ccccc3)cc2)nc1CCOc1ccc(CCC(=O)O)c(CNC(=O)OC(C)C)c1,-0.301029995663981,training
CCc1ccc(OCCCOc2ccc(OC(C)(C)C(=O)O)cc2)c(C(=O)c2ccccc2)c1,-2.04921802267018,training
CCC(Cc1ccc(OC)c(C(=O)NCc2ccc(OCCc3ccccc3)cc2)c1)C(=O)O,-3.47712125471966,training
Cc1cc(/C(=N/OCc2sc(-c3ccc(C(F)(F)F)cc3)nc2C)C2CCCCC2)ccc1OCC(=O)O,-3.0,training
CCC(Cc1ccc(C(=O)NCc2ccccc2OC(F)(F)F)cc1)C(=O)O,-3.90308998699194,training
Cc1ccc(Oc2ccc3nc(COc4cccc(C(=O)O)c4)n(C)c3c2)cc1,-1.60205999132796,training
CCCc1cc(C(F)(F)F)ccc1OCCCOc1ccc(OCC(=O)O)c(C)c1,-2.1846914308176,training
Cc1ccc(-c2nc(C)c(C(=O)N[C@H]3CCCN(c4cccc(C(=O)O)c4)C3)s2)cc1,-3.49136169383427,training
CCCOc1ccc(C[C@@H](Cc2ccccc2)C(=O)O)cc1CNC(=O)c1ccc(-c2cccnc2)cc1,-2.92634244662566,training
Cc1ccc(N2CCN([C@@H](Cc3ccc(OCCc4nc(-c5ccccc5)oc4C)cc3)C(=O)O)CC2)cc1,-4.7008767083769,training
COCCOc1ccc(CCC(=O)NS(=O)(=O)c2ccc(Cl)cc2)c(Oc2ncc(C(F)(F)F)cc2Cl)c1,-0.934498451243567,training
C/C(=N\OCCOc1ccc(CC2SC(=O)NC2=O)cc1)c1ccc(-c2ccccc2)cc1,-2.60205999132796,training
CC/C(=C\c1ccc(C(=O)NCc2ccccc2C(F)(F)F)cc1)C(=O)O,-3.34242268082221,training
CCc1ccc(O[C@H](C)CCOc2ccc(CCC(=O)O)c(C)c2)c(-c2ccncc2)c1,-2.76042248342321,training
CN(CCOc1ccc(/C=C2\SC(=O)NC2=O)cc1)c1ccc2ccccc2c1,-3.20411998265592,training
COc1ccc2c(-n3c(=O)n(Cc4cc(O[C@H](C)C(=O)O)ccc4Cl)c4ccccc43)noc2c1,-1.0,training
CCC(Cc1ccc(C(=O)NCc2ccccc2)cc1)C(=O)O,-4.13033376849501,training
Cc1oc(-c2ccccc2)nc1CCOc1ccc([C@@H]2CN(C(=O)Oc3ccccc3)C[C@@H]2CC(=O)O)cc1,-3.62117628177503,training
CSc1nc(Sc2nnc(-c3cc(C(F)(F)F)cc(C(F)(F)F)c3)[nH]2)cc(Sc2nnc(-c3cc(C(F)(F)F)cc(C(F)(F)F)c3)[nH]2)n1,-3.73239375982297,training
COC(=O)C1=C(c2ccccc2)c2ccc(OCCN3CCOCC3)cc2/C1=[N+](/C)[O-],-2.14612803567824,training
Cc1cc(CNC(=O)c2cc(-c3ccc(C(C)(C)C)cc3)[nH]n2)ccc1OC(C)(C)C(=O)O,-2.43136376415899,training
C/C(=N\O)c1ccc(OC(Cc2ccccc2)C(=O)O)cc1,-3.9731278535997,training
CCCc1c(OCCCOc2cccc3c2ccn3CC(=O)O)ccc2c(-c3ccccc3)coc12,-3.61804809671209,training
COC(c1ccc(C(F)(F)F)cc1)C1CC1c1cc(C)c(OC(C)(C)C(=O)O)c(C)c1,-1.30102999566398,training
CCCc1c(OCCCCOc2ccc(CC(=O)O)cc2)ccc2c(-c3ccccc3)noc12,-1.77815125038364,training
O=C(/C=C/c1ccccc1)NC(Cc1ccc(OCCOc2ccc(/C=C/c3ccccc3)cc2)cc1)C(=O)O,-2.80617997398389,training
O=C(O)C(Cc1ccccc1)Oc1ccc(Cl)c(C(F)(F)F)c1,-3.76342799356294,training
COC(=O)CCc1cc(CNC(=O)c2c(OC)cc(O)c3c2OC2=CC(O)=C(C(C)=O)C(=O)[C@]23C)c2ccccc2c1,-2.11394335230684,training
CCCCc1nc2c(C)cc(C)nc2n1C1CCc2cc(-c3ccccc3-c3nn[nH]n3)ccc21,-3.34242268082221,training
CCC(Cc1ccc(C(=O)NCc2ccc(C(F)(F)F)cc2)cc1)C(=O)O,-3.79934054945358,training
CCCC(Cc1ccc(C(=O)NCc2ccccc2C(F)(F)F)cc1)C(=O)O,-3.17609125905568,training
CCCCc1nc(C(C)C)c(Cc2nc(C3CC3)no2)c(=O)n1Cc1ccc(-c2ccccc2-c2noc(=O)[nH]2)cc1,-3.40654018043395,training
COC(Cc1ccc2c(ccn2Cc2nc(-c3ccccc3)oc2C)c1)C(=O)O,-3.04139268515822,training
CCCCCS(=O)(=O)NC(=O)/C=C/c1ccc(OCCCS(C)(=O)=O)cc1Oc1ncc(C(F)(F)F)cc1Cl,-2.50514997831991,training
Cc1cc(SCCc2nc(-c3ccc(C(F)(F)F)cc3)ns2)ccc1OC(C)(C)C(=O)O,-2.66745295288995,training
CCc1ccc(O[C@H](C)CCOc2ccc(CCC(=O)O)c(C)c2)c(-c2cccnc2)c1,-2.14612803567824,training
CCC(C(=O)O)C1CCc2cc(OCc3nc(-c4ccccc4)oc3C)ccc21,-2.80071707828239,training
C/C(=N\OCC1CC1)C(Cc1ccc(OCCc2nc(-c3ccccc3)oc2C)cc1)C(=O)O,0.443697499232713,training
CCCc1cc(Oc2ccc(F)cc2)ccc1OCCCOc1ccc(OC(C)(C)C(=O)O)cc1,-3.03622954408629,training
CCC(C(=O)O)C1CCc2cc(OCCc3nc(-c4ccco4)oc3C)ccc21,-2.59769518592551,training
CC(=O)N[C@@H](Cc1ccc(OCCc2nc(-c3ccccc3)oc2C)cc1)C(=O)O,-3.54406804435028,training
Cc1ccc(C(=O)c2ccccc2NC(Cc2ccc(OCCN(C)c3nc4ccccc4o3)cc2)C(=O)O)cc1,-1.01726295355521,training
COc1ccc(-c2nc(CCOc3ccc(C[C@H](Nc4ccccc4C(=O)c4ccccc4)C(=O)O)cc3)c(C)o2)cc1,0.219970872662662,training
COC(=O)N(CC(=O)O)Cc1cc(OCc2nc(-c3ccc(C)cc3)oc2C)ccc1F,-3.33885474625232,training
O=C(O)c1cccc(NC(=O)c2cc(Cl)ccc2NC(=O)c2ccc(C(F)(F)F)cc2)c1,-3.67209785793572,training
CCCc1nc2cc3ccccc3cc2n1Cc1ccc(-c2ccccc2C(=O)O)cc1,-2.41497334797082,training
COc1cc(C(=O)NS(=O)(=O)c2cccc(Cl)c2)ccc1Cc1cn(C)c2ccc(NC(=O)NC3CCCCC3)cc12,-2.56820172406699,training
CCCc1c(OCCCOc2ccc(CCCC(=O)O)cc2)ccc2c(-c3ccccc3)noc12,-2.19312459835446,training
COCC#CCOc1cc(COc2ccc(C(F)(F)F)cc2)ccc1Sc1ccc(OCC(=O)O)c2c1CCCC2,-2.78532983501077,training
Cc1ccc(Nc2cc(Cl)nc(SC(C(=O)O)c3cccc4ccccc34)n2)cc1C,-3.89209460269048,training
CCCCCS(=O)(=O)NC(=O)CCc1cc(OC(C)C)nn1Cc1ccc(Cl)cc1Cl,-1.20411998265592,training
Cc1oc(-c2ccccc2)nc1CCOc1cccc(C2=C(CC(=O)O)CCN(C(=O)OCC(C)C)C2)c1,-0.778151250383644,training
CC(C)(C)CCCCN1C(=O)C(CCOc2ccccc2CC(=O)O)Oc2ccccc21,-3.0,training
Cc1sc(-c2ccc(C(C)C)cc2)nc1CCOc1ccc2c(c1)CC[C@H]2CC(=O)O,-0.698970004336019,training
CC(C)(Oc1ccc(C(=O)c2cc3c(ccc4ccccc43)oc2=O)cc1)C(=O)O,-4.753659647286,training
CCCc1c(Cc2ccc(-c3ccccc3C(=O)O)cc2)c2ccc(C(=O)NC(CC)c3ccccc3)cc2n1C,-0.301029995663981,training
COc1cc(CNC(=O)c2c(OC)cc(O)c3c2OC2=CC(O)=C(C(C)=O)C(=O)[C@]23C)c2ccccc2c1,-1.9731278535997,training
C/C(=N\OCCOc1ccc(CC2SC(=O)NC2=O)cc1)c1cccnc1,-3.44715803134222,training
Cc1c(C)n(Cc2ccc(-c3ccccc3C(=O)O)cc2)c2ccc(C(=O)NCc3ccc([N+](=O)[O-])cc3)cc12,-3.12839926871781,training
CCCc1ccc(CC(Oc2ccc(Cl)cc2)C(=O)O)cc1,-3.14301480025409,training
CCCc1c(Cc2ccc(-c3ccccc3C(=O)O)cc2)c2cc(C(=O)NC(CC)c3ccccc3)ccc2n1OC,-1.95424250943932,training
CCO[C@@H](Cc1ccc(OC/C=C/c2cc(OC(C)C)cc(OC(C)C)c2)cc1)C(=O)O,-1.90308998699194,training
CCCCC(Cc1ccc(OCCC2CCCCC2)c(OCCc2ccccc2)c1)C(=O)O,-3.39794000867204,training
Cc1ccc(COc2cccc(OCCCOc3ccc4c(CC(=O)O)cn(Cc5ccccc5)c4c3)c2)cc1,-3.11394335230684,training
CCCc1nc2cc(Br)c(Br)cc2n1Cc1ccc(-c2ccccc2C(=O)O)cc1,-2.60205999132796,training
Cn1c(COc2cccc(C(=O)O)c2)nc2ccc(Oc3ccc(F)cc3)nc21,-3.02530586526477,training
CCNC(=O)c1cc(NS(=O)(=O)c2ccc(I)cc2)ccc1Oc1cncc(Cl)c1,-2.30102999566398,training
CCCc1c(OCCCCOc2cccc(C(C)(C)C(=O)O)c2)ccc2c(-c3ccccc3)noc12,-1.7160033436348,training
CC[C@@H](Cc1ccc(OC)c(CNC(=O)c2ccc(C(F)(F)F)c(F)c2)c1)C(=O)O,-3.69019608002851,training
CCOC(Cc1ccc2c(ccn2Cc2nc(-c3ccc(C(F)(F)F)cc3)oc2C)c1)C(=O)O,-2.67209785793572,training
CCc1ccc(-c2nc(CCOc3ccc4c(c3)CC[C@H]4CC(=O)O)c(C)o2)cc1,-0.477121254719662,training
CC(Cc1ccc(Oc2cc(N3CCN(Cc4cccc5ccccc45)CC3)nc(N)n2)cc1)(Oc1ccccc1)C(=O)O,-3.54406804435028,training
CN(CCOc1ccc(CC(Nc2ccccc2C(=O)c2cccc(C(F)(F)F)c2)C(=O)O)cc1)c1nc2ccccc2o1,-1.28634417640908,training
CC(C)Oc1cc(CCC(=O)O)n(Cc2ccc(Cl)cc2Cl)n1,-2.69897000433602,training
Cc1cc(OCC[C@@H](C)Oc2ccc(C(F)(F)F)cc2-c2ccccn2)ccc1CCC(=O)O,-1.82607480270083,training
CCOC(=O)C1=C(c2ccccc2)c2ccc(OCCN3CCN(C)CC3)cc2/C1=[N+](/C)[O-],-1.47712125471966,training
CCCC/C(=C\c1cc(OC/C=C/c2ccccc2)ccc1OCc1ccc(C(F)(F)F)cc1)C(=O)O,-4.11058971029925,training
CCCOc1ccc(CC(CC)C(=O)O)cc1CNC(=O)c1ccc(C(F)(F)F)cc1F,-2.81291335664286,training
CC(C)(Oc1cccc(CCN(CCOc2ccccc2)c2nc3ccccc3o2)c1)C(=O)O,-3.04139268515822,training
COc1cc(O)c2c(c1C(=O)NCc1c(C)cc(F)c3ccccc13)OC1=CC(O)=C(C(C)=O)C(=O)[C@]12C,-0.681241237375587,training
CCCc1c(OCCCCOc2cccc(OCC(=O)O)c2)ccc2c(-c3ccccc3)noc12,-1.93951925261862,training
CCO[C@@H](Cc1ccc(OCCc2nc(-c3ccccc3)oc2C)c2sccc12)C(=O)O,-0.845098040014257,training
CCCc1c(OCCCOc2cccc3c2ccn3CC(=O)O)ccc2cc(C(=O)c3ccccc3)ccc12,-3.36172783601759,training
Cc1cccc(OCCCOc2ccc3c(c2)OCC3CC(=O)O)c1,-3.24303804868629,training
CC(C)CCNc1cc(Cl)nc(SC(C(=O)O)c2cccc3ccccc23)n1,-3.94939000664491,training
O=S(=O)(Nc1cc(Cl)c(Oc2cnc3ccccc3c2)c(Cl)c1)c1cc(F)c(Br)cc1F,-2.11727129565576,training
Cc1cccc(C)c1COC(=O)Cc1cccc(SCc2ccccc2C(=O)O)c1,-3.57978359661681,training
CCCc1c(OCCOc2ccc3c(ccn3CC(=O)O)c2)ccc2c(C(F)(F)F)noc12,-2.83884909073726,training
CCC(Oc1cccc(Cc2c(C)n(C(=O)c3ccc(OC)cc3)c3ccc(OC(F)(F)F)cc23)c1)C(=O)O,-0.477121254719662,training
[2H]C([2H])(Cc1ccc(OCCCOc2cccc(Cl)c2)cc1)C(=O)O,-3.28330122870355,training
CCCc1cc(C2CCCCC2)ccc1OCCCOc1cccc(C2OC(=O)NC2=O)c1,-1.27875360095283,training
O=C(O)Cc1cccc(NC(=O)c2ccccc2NC(=O)c2ccc(SC(F)(F)F)cc2)c1,-3.64345267648619,training
COc1cccc(Oc2ccc3nc(COc4cccc(C(=O)O)c4)n(C)c3c2)c1,-2.37106786227174,training
CCN(CCOc1ccc(CC2SC(=O)NC2=O)cc1)c1nc2ccccc2s1,-1.7160033436348,training
CCc1ccc(OC(C)CCOc2ccc(OC(C)(C)C(=O)O)cc2)c(C(=O)c2ccccc2)c1,-0.778151250383644,training
CCOC(Cc1ccc(OCCC2c3ccccc3-c3ccccc32)cc1)C(=O)O,-2.69019608002851,training
CCCc1c(OCCCOc2cccc3c2ccn3CC(=O)O)ccc2cc[nH]c12,-3.25767857486918,training
Cc1cc(Oc2cccc(CNC(=O)c3ccc(C(F)(F)F)cc3C(F)(F)F)c2)ccc1OC(C)(C)C(=O)O,-3.02448566769917,training
COC1Oc2cc(O)c3c(c2C(=O)N1C(=O)NCc1cccs1)OC1=CC(O)=C(C(C)=O)C(=O)[C@]13C,-3.07918124604762,training
Cc1cc(Oc2cccc(CNC(=O)c3ccccc3C)c2)ccc1OC(C)(C)C(=O)O,-2.09691001300806,training
CCOC(=O)C(CC)Cc1ccc(C(=O)NCc2ccccc2)cc1,-4.20411998265593,training
Cn1c(COc2cccc(C(=O)O)c2)nc2ccc(Oc3ccc(Cl)cn3)cc21,-1.85125834871908,training
C/C(=C1/c2ccc(Cc3c(C4CC4)nc4c(Cl)cccn34)cc2COc2cc(F)ccc21)c1noc(=O)[nH]1,-0.525044807036845,training
CCOC(=O)CN1C(=O)S/C(=C\c2ccc(C)cc2)C1=O,-3.95424250943932,training
CCOC(=O)N1C[C@@H](CCc2cccc(OCCc3nc(-c4ccccc4)oc3C)c2)[C@@H](C(=O)O)C1,-2.85125834871908,training
CCCCC/C(=C\CCCCCCCCCCC(=O)O)[N+](=O)[O-],-2.79239168949825,training
Cc1cc(CNC(=O)c2cc(-c3ccc(CC(C)C)cc3)n(C)n2)ccc1OC(C)(C)C(=O)O,-0.903089986991943,training
Cc1ccc(F)c(Oc2ccc3nc(COc4cccc(C(=O)O)c4)n(C)c3c2)c1,-2.14301480025409,training
CCO[C@@H](Cc1ccc(OC/C=C(\C)c2ccc(-c3ccc(/C(C)=C/COc4ccc(C[C@H](OCC)C(=O)O)cc4)cc3)cc2)cc1)C(=O)O,-2.50514997831991,training
C/C=C\CC/C=C/C=C/C(=O)NCC(C)C,-3.55630250076729,training
CCCCc1nc(C(C)C)c(CC(=O)OC2CCCCC2)c(=O)n1Cc1ccc(-c2ccccc2-c2noc(=O)[nH]2)cc1,-2.86332286012046,training
CC(C)(Oc1ccc(COc2ccc(/N=N/c3ccccc3)cc2)cc1)C(=O)O,-4.32221929473392,training
C/C(=C/C(=O)c1ccccc1)N[C@@H](Cc1ccc(OCCc2nc(-c3ccccc3)oc2C)cc1)C(=O)O,0.596307662438871,training
CCc1ccc(O[C@H](C)CCOc2ccc(CCC(=O)O)c(C)c2)c(-c2cocn2)c1,-3.29666519026153,training
O=C(O)CCc1cccc(NC(=O)c2ccccc2NC(=O)c2ccc(C(F)(F)F)cc2)c1,-3.83884909073726,training
CCO/N=C(\C)C(Cc1ccc(OCc2nc(-c3ccc(F)cc3)oc2C)cc1)C(=O)O,-0.832508912706236,training
CCc1ccc(O[C@H](C)CCOc2ccc(CCC(=O)O)c(C)c2)c(-c2cscn2)c1,-2.92272545799326,training
Cc1nc2cc(S(=O)(=O)n3c(CCCC(=O)O)cc4cc(Cl)ccc43)ccc2s1,-2.24303804868629,training
COCc1nc2cc(Cl)ccn2c1Cc1ccc2c(c1)COc1cc(F)ccc1/C2=C(\C)c1noc(=O)[nH]1,-0.498310553789601,training
CCCc1nc2c(C)cccc2n1Cc1ccc2c(c1)OCc1ncccc1/C2=C(\C)c1noc(=O)[nH]1,-3.34123662323869,training
CC(C)c1oc(-c2ccc(Cl)cc2Cl)nc1CCc1noc2cc(OC(C)(C)C(=O)O)ccc12,-4.41995574848976,training
CCC(C(=O)O)C1CCc2cc(OCCc3nc(COc4ccc(Cl)cc4)oc3C)ccc21,-2.01703333929878,training
CCCCCN1C(=O)C(CCOc2ccccc2CC(=O)O)Oc2ccccc21,-2.38560627359831,training
COc1ccc(F)c(-c2ccc(Cc3ccc(N4C[C@H](C(F)(F)F)C[C@@H]4CC(=O)O)cc3)c(C)c2)c1,-3.64345267648619,training
Cc1ccc(C(=O)c2nc3c(n2C/C=C/c2cccc(OC(C)(C)C(=O)O)c2)CCCC3)cc1,-3.47712125471966,training
Cc1c(C(=O)c2ccc(Cl)cc2)c2ccc(OC(F)(F)F)cc2n1Cc1cccc(OCC(=O)O)c1,-0.301029995663981,training
O=C(O)CC1=C/C(=C\c2ccc(SC(F)(F)F)cc2)c2ccc(F)cc21,-2.30102999566398,training
CCOc1ccc([C@H](C)NC(=O)c2ccc3c(c2)c(C)c(C)n3Cc2ccc(-c3ccccc3C(=O)O)cc2)cc1,-1.93449845124357,training
COC(=O)c1cc2ccc(OCCc3nc(-c4cccc([N+](=O)[O-])c4)oc3C)cc2oc1=O,-3.55022835305509,training
CCOC(=O)C(C)(C)Oc1ccc(C(=O)c2cc3ccccc3oc2=O)cc1,-3.71516735784846,training
O=C(O)c1cccc(NC(=O)c2ccccc2NC(=O)c2ccc3c(c2)OCO3)c1,-4.39794000867204,training
CC(C)CCOC(=O)C1C(c2ccccc2)C(C(=O)O)C1c1ccccc1,-3.68124123737559,training
O=C(Cc1cccc(SCc2ccccc2C(=O)O)c1)OCCc1ccccc1C(F)(F)F,-3.95424250943932,training
CC[C@@H](Cc1ccc(OC)c(C(=O)NCc2ccc(Oc3ccc(F)cc3)cc2)c1)C(=O)O,-3.39794000867204,training
CCCCC(Sc1ccc(OCCCOc2ccc(C)cc2)cc1)C(=O)O,-2.96848294855394,training
COC1Oc2cc(O)c3c(c2C(=O)N1C(=O)NCc1ccc([N+](=O)[O-])cc1)OC1=CC(O)=C(C(C)=O)C(=O)[C@]13C,-3.77815125038364,training
CCCc1ccc(C2=CCN(CCOc3ccc(CC(OCC)C(=O)O)cc3)CC2)cc1,-2.2405492482826,training
COc1cccc(-c2nc(CCOc3cccc(C[C@@H]4C(=O)N(c5ccc(C(C)(C)C)cc5)[C@@H]4C(=O)O)c3)c(C)o2)c1,-1.60205999132796,training
COc1ccc2c(c1)c(Cc1ccccc1OC(C)(C)C(=O)O)c(C)n2C(=O)c1ccc(Cl)cc1,-1.07918124604762,training
O=C(O)C(Cc1ccccc1)Oc1ccc(CNc2ccccc2)cc1,-3.9731278535997,training
Cc1oc(-c2ccccc2)nc1CCOc1cccc(Cc2cn(-c3ccccc3)cc2C(=O)O)c1,-2.74036268949424,training
O=C(O)CC1COc2cc(OCCCOc3ccc(-c4ccccc4)cc3)ccc21,-3.47275644931721,training
Cc1oc(-c2ccccc2)nc1CCCc1ccc(CC(C(=O)O)c2ccc(-c3ccccc3)cc2)cc1,-3.25527250510331,training
Cc1oc(-c2ccc(F)cc2)nc1CCOc1ccc2c(c1)CC[C@H]2CC(=O)O,-0.845098040014257,training
CCCCc1nc(C(C)C)c(Cc2nc(C)no2)c(=O)n1Cc1ccc(-c2ccccc2-c2noc(=O)[nH]2)cc1,-3.02118929906994,training
CCCc1cc(Oc2ccc(NS(=O)(=O)c3ccc(C)cc3)cc2)ccc1OCCCOc1ccc(C2SC(=O)NC2=O)cc1,-2.69897000433602,training
Cc1cc(C)c2nc(C(C)C)n([C@H]3CCc4cc(-c5ccccc5-c5nnn[nH]5)ccc43)c2n1,-2.46982201597816,training
CCCCCS(=O)(=O)NC(=O)/C=C/c1ccc(OCCOC2CC2)cc1Oc1ncc(C(F)(F)F)cc1Cl,-0.792391689498254,training
CN(CCO)C(=O)[C@@H](NC(=O)OCc1ccccc1)c1cccc(NC(=O)CCl)c1,-3.95279244304409,training
CC#CCOC(=O)Cc1c(C)nc(CCCC)n(Cc2ccc(-c3ccccc3-c3noc(=O)[nH]3)cc2)c1=O,-3.40312052117582,training
CC(=O)CCCCCN1C(=O)C(CCOc2ccccc2CC(=O)O)Oc2ccccc21,-2.42160392686983,training
CCCCCS(=O)(=O)NC(=O)/C=C/c1ccc(OCCOC)cc1Oc1ncc(C(F)(F)F)cc1Cl,-1.17609125905568,training
CCO[C@@H](CC(=O)O)c1ccc(OCc2ccc(C(F)(F)F)cc2)cc1,-4.01703333929878,training
CC(C)(Oc1ccc(C(=O)c2cc3ccccc3oc2=O)cc1)C(=O)O,-3.56466606425209,training
C/C(=C1/c2ccc(Cn3c(C4CC4)nc4c(Cl)nccc43)cc2COc2cc(F)ccc21)c1noc(=O)[nH]1,-1.36172783601759,training
CCc1cc(OCCc2nc(-c3ccc(C(N)=O)cc3)oc2C)ncc1CCC(=O)O,-1.67209785793572,training
Cc1oc(-c2ccccc2)nc1CCCc1ccc(CC(C(=O)O)c2ccsc2)cc1,-2.60097289568675,training
CCCc1c(OCCCOc2ccc3c(ccn3CC(=O)O)c2)ccc2cc(C(=O)c3ccccc3)ccc12,-1.84509804001426,training
CC(C)c1oc(-c2ccccc2O)nc1CCc1noc2cc(OC(C)(C)C(=O)O)ccc12,-4.16435285578444,training
O=C(O)[C@@H](Cc1ccccc1)Oc1ccc(-c2ccccc2)cc1,-3.77305469336426,training
CCc1oc(-c2ccc(C)cc2)nc1CCOc1ccc2c(c1)CC[C@H]2CC(=O)O,-0.698970004336019,training
COc1ccc(CCCC(=O)O)cc1C(=O)NCc1ccc(C(F)(F)F)cc1,-3.47712125471966,training
Cc1cc2c(CCc3nc(-c4ccc(Cl)cc4Cl)oc3C(C)C)noc2cc1OCC(=O)O,-4.0,training
Cc1oc(-c2ccccc2)nc1Cc1cccc(C[C@H]2CO[C@@](C)(C(=O)O)OC2)c1,-3.0,training
Cc1cc(CNC(=O)c2cc(-c3ccc(CC(C)C)cc3)nn2C)ccc1OC(C)(C)C(=O)O,-1.69897000433602,training
CCc1nc2ccn(Cc3ccccc3C(F)(F)F)c(=O)c2n1[C@H]1CCc2cc(-c3ccccc3-c3nnn[nH]3)ccc21,-2.2718416065365,training
CCC(Sc1nc(Cl)cc(Nc2nc(-c3ccc(Cl)cc3)cs2)n1)C(=O)O,-3.5910646070265,training
Cc1ccc(-c2nc(CCOc3ccc(CC4(C(=O)O)CCCO4)cn3)c(C)o2)cc1,-1.34242268082221,training
CCCc1cc(Oc2ccccc2)ccc1OCCCCOc1ccc2c(c1)CCC(C)(C(=O)O)O2,-3.07918124604762,training
CCCCOc1ccc(CC(CCC)C(=O)O)cc1CNC(=O)c1ccc(C(F)(F)F)cc1F,-3.0,training
COC(c1ccc(OC(F)(F)F)cc1)C1CC1c1cc(C)c(OC(C)(C)C(=O)O)c(C)c1,-1.21307482530885,training
Cc1ccc(CC(Oc2ccc(Cl)cc2)C(=O)O)cc1,-3.63948648926859,training
O=C(O)CCCc1cc2cc(C(F)(F)F)ccc2n1S(=O)(=O)c1ccc(OC(F)(F)F)cc1,-2.75815462196739,training
CCCCCCCc1nc2ccccc2n1Cc1ccc(-c2ccccc2C(=O)O)cc1,-2.23044892137827,training
CC(C)OC(Cc1ccc(OCc2noc(-c3ccc(Br)cc3)n2)cc1)C(=O)O,-1.50514997831991,training
COC(=O)c1cc2ccc(OCCc3nc(-c4ccc(-c5ccccc5)cc4)oc3C)cc2oc1=O,-3.10037054511756,training
O=C(Cc1ccccn1)OCc1ccc(CC(SCCc2ccc(F)cc2)C(=O)O)cc1,-3.32221929473392,training
CCCCc1nc(C(C)C)c(CC(=S)N2CCCC2)c(=O)n1Cc1ccc(-c2ccccc2-c2noc(=O)[nH]2)cc1,-3.49136169383427,training
CCc1oc(-c2ccccc2)nc1CCOc1ccc2c(c1)CCC2C(CC)C(=O)O,-1.66275783168157,training
O=C(O)Cc1cccc(NC(=O)c2ccccc2NC(=O)c2ccc3ccccc3c2)c1,-4.25527250510331,training
CCNC(=O)c1cc(NS(=O)(=O)c2ccc(OC)cc2)ccc1Oc1cncc(Cl)c1,-3.30102999566398,training
CN(CCOc1ccc(/C=C2\SC(=O)NC2=O)cc1)c1nc2ccccc2[nH]1,-3.53147891704225,training
COc1ccccc1S(=O)(=O)n1c(CCCC(=O)O)cc2cc(C(F)(F)F)ccc21,-3.09621458534641,training
CCCC(Cc1ccc(OC)c(CNC(=O)c2ccc(C(F)(F)F)cc2)c1)C(=O)O,-3.55630250076729,training
Cc1oc(-c2ccc(Cl)cc2)nc1COc1ccc(F)c(CN(CC(=O)O)C(=O)OCCCF)c1,-3.64177147065396,training
Cc1oc(-c2ccccc2)nc1CCOc1ccc(C[C@@](O)(C(=O)O)c2ccccc2C(=O)c2ccccc2)cc1,0.469288162018343,training
Cc1oc(-c2ccccc2)nc1CCOc1ccc(CC2(C(=O)O)CCCCO2)cn1,-2.32014628611105,training
CCc1ccc(O[C@H](C)CCOc2ccc(CCC(=O)O)c(C)c2)c(-c2ccsc2)c1,-3.22271647114758,training
CCC(Cc1cc(F)c(OC)c(CNC(=O)c2ccc(C34CC5CC(CC(C5)C3)C4)cc2)c1)C(=O)O,-2.27875360095283,training
CCCCc1nc(C2CC2)c(CC(=O)OC)c(=O)n1Cc1ccc(-c2ccccc2-c2noc(=O)[nH]2)cc1,-3.37291200297011,training
O=C(O)C(Cc1ccccc1)Oc1ccc(/C=N/OCCCc2ccccc2)cc1,-3.09691001300806,training
COCCn1nc(-c2ccc(C(C)(C)C)cc2)cc1C(=O)NCc1ccc(OC(C)(C)C(=O)O)c(C)c1,-2.4814426285023,training
Cc1cc(C(Cc2ccc(CCCc3nc(-c4ccccc4)oc3C)cc2)C(=O)O)no1,-3.27875360095283,training
CCO[C@@H](Cc1ccc(OCCc2nc(-c3ccsc3)oc2C)cc1)C(=O)O,0.221848749616356,training
CCCC/C(=C\c1cc(OCCc2ccccc2)ccc1OCCc1ccccc1)C(=O)O,-3.25527250510331,training
Cn1c(-c2ccccc2)c(CCc2ccccc2)c2cc(CC(=O)O)ccc21,-3.74999974885642,training
Cc1ccc(Oc2ccc3nc(COc4cccc(C(=O)O)c4)n(C)c3n2)cc1,-1.65321251377534,training
Cc1oc(-c2ccccc2)nc1CCOc1ccc(C[C@@H](C(=O)O)N2CCCC2)cc1,-2.5910646070265,training
CCO[C@@H](Cc1ccc(CCCOC(=S)NCc2ccccc2)cc1)C(=O)O,-3.14612803567824,training
Cc1oc(-c2ccccc2)nc1CCOc1ccc(C[C@@H](C(=O)O)N2CCN(S(=O)(=O)c3ccccc3[N+](=O)[O-])CC2)cc1,-3.33445375115093,training
CCc1nc2c(C)cc(C)nc2n1Cc1ccc2c(c1)CCc1ccccc1/C2=C(\C)c1noc(=O)[nH]1,-2.24797326636181,training
C/C(=N\OCc1sc(-c2ccc(C(F)(F)F)cc2)nc1C)c1ccc(OCC(=O)O)c(C)c1,-0.778151250383644,training
CCCCC(Sc1nc(OCCC2CC2)cc(OCCC2CC2)n1)C(=O)O,-3.63346845557959,training
Cn1c(COc2cccc(C(=O)O)c2)nc2ccc(Oc3ccccn3)cc21,-3.05384642685225,training
CCCc1cc(Oc2ccc(C(C)C)cc2)ccc1OCCCOc1cccc(C2SC(=O)NC2=O)c1,-2.22271647114758,training
CC(C)Oc1cc(CCC(=O)NS(C)(=O)=O)n(Cc2ccc(Cl)cc2Cl)n1,-2.65321251377534,training
CCCc1c(OCCCCOc2cccc(OC(C)(C)C(=O)O)c2)ccc2c(-c3ccccc3)noc12,-2.0,training
CCCc1nc2c(C)cc(C)nc2n1[C@H]1CCc2cc(-c3ccccc3-c3nnn[nH]3)ccc21,-3.12057393120585,training
Cc1oc(-c2ccccc2)nc1CCOc1ccc(Cc2nnn(-c3ccccc3)c2C(=O)O)cc1,-3.76342799356294,training
Cc1cc(OCc2nc(-c3ccc(C(=O)N(C)C(C)C)cc3)c(-c3ccc(OC(F)(F)F)cc3)o2)ccc1OCC(=O)O,-2.77815125038364,training
C[C@]1(C(=O)O)CCc2ccc(OCCCOc3ccc(C4CCC5(CC4)CC5)cc3Cl)cc2O1,-3.0,training
COc1ccc2c(c1)c(CC(=O)O)c(C)n2C(=O)c1ccc(Cl)cc1,-4.69897000433602,training
COc1ccc(NC(=O)c2ccccc2NC(=O)c2ccc(C(C)(C)C)cc2)cc1C(=O)O,-3.64345267648619,training
COc1cc(C[C@H](OC)C(=O)O)ccc1OCCCOc1ccc(Oc2ccccc2)cc1,-2.26717172840301,training
CCc1cc(Oc2cc(F)cc([C@@H](C)NC(=O)c3sc4ccc(Cl)cc4c3C)c2)ccc1CCC(=O)O,-2.21218760440396,training
CCCC(Cc1ccc(OCCc2nc(-c3ccccc3)oc2C)nc1)C(=O)O,-2.6570558528571,training
CCOC(=O)C1=C(c2ccccc2)c2ccc(OC)cc2C1=O,-2.47712125471966,training
COC1Oc2cc(O)c3c(c2C(=O)N1C(=O)NCc1ccsc1)OC1=CC(O)=C(C(C)=O)C(=O)[C@]13C,-3.64345267648619,training
Cc1oc(-c2ccccc2)nc1CCOc1cccc(Cc2nn(-c3ccccc3)nc2CC(=O)O)c1,-0.602059991327962,training
CC(C)(C)c1ccc(-n2c(C(=O)O)c(Oc3ccc(-c4cc(C(F)(F)F)c[nH]4)cc3)c3cccnc32)cc1,-1.53147891704226,training
CCO[C@@H](Cc1cccc(/C(C)=N/OCc2ccc(C(F)(F)F)cc2)c1)C(=O)O,-1.66275783168157,training
O=C(O)[C@H](CCOc1ccccc1)Oc1ccc(Cl)cc1,-3.10000158280135,training
Cc1cc(OCc2sc(-c3ccc(C(F)(F)F)cc3)nc2C)ccc1CCC(=O)O,-3.6232492903979,training
CC(C)OC(Cc1ccc(OCc2noc(C3CCCCC3)n2)cc1)C(=O)O,-2.36172783601759,training
CCC(Oc1cccc(CCN(CCCOc2ccccc2)c2nc3ccccc3o2)c1)C(=O)O,-3.17609125905568,training
CCCCCCC(Sc1nc2ccc(NCc3ccc(C(C)(C)C)cc3)cc2s1)C(=O)O,-3.56820172406699,training
CCCCCS(=O)(=O)NC(=O)OCc1ccc(OCCOC)cc1Oc1ncc(C(F)(F)F)cc1Cl,-1.0,training
C[C@H](O)C#CCOc1cc(COc2ccc(C(F)(F)F)cc2)ccc1Sc1ccc(OCC(=O)O)c2c1CCCC2,-3.51851393987789,training
Cc1oc(-c2ccccc2)nc1CN(Cc1ccco1)Cc1ccc(OC(C)(C)C(=O)O)cc1Cl,-2.94939000664491,training
CCCc1cc(Oc2ccc(F)c(C)c2)ccc1OCCCOc1cccc(C2SC(=O)NC2=O)c1,-2.02530586526477,training
Cc1ccc(S(=O)(=O)n2c(CCCC(=O)O)cc3cc(Cl)ccc32)cc1,-2.44247976906445,training
CCO[C@@H](Cc1ccc(OC/C=C/c2cc(OC)cc(OC)c2)cc1)C(=O)O,-3.07918124604762,training
CCOC(Cc1ccc2c(ccn2Cc2nc(-c3cc(Cl)cc(Cl)c3)oc2C)c1)C(=O)O,-1.84509804001426,training
Cn1c(COc2cccc(C(=O)O)c2)nc2cnc(Oc3ccc4c(c3)CCC4)cc21,-1.30102999566398,training
Cc1oc(-c2ccccc2)nc1CCOc1ncc(CC2(C(=O)O)CCCO2)cn1,-3.39794000867204,training
CCCCC(Sc1nc(Cl)cc(Nc2cccc(C)c2C)n1)C(=O)O,-3.47712125471966,training
COc1ccc(-c2nc(CCOc3ccc4c(c3)CC[C@H]4CC(=O)O)c(C)s2)cc1,-0.602059991327962,training
CCc1nc2c(C)cc(C)nc2n1Cc1ccc2c(c1)CCc1ccccc1C2C(C)c1nn[nH]n1,-2.29446622616159,training
O=C(O)C(Sc1nc(Cl)cc(Nc2ccc(F)cc2)n1)c1cccc2ccccc12,-4.11394335230684,training
CCCCC(Cc1ccc(OCCc2ccccc2)c(OCCc2ccccc2)c1)C(=O)O,-3.34242268082221,training
Cc1oc(-c2cccc(C#N)c2)nc1CCOc1ccc2c(c1)CC[C@H]2CC(=O)O,-1.86332286012046,training
CCCCCOc1ccccc1C(O)C/C=C\CCCC(=O)OC,-1.44715803134222,training
CC[C@@H](NC(=O)c1ccc2c(c1)ncn2Cc1ncc(F)cc1F)c1ccccc1,-1.0,training
Cc1cc(CNC(=O)c2cc(-c3ccc(C(C)(C)C)cc3)nn2C)ccc1OC(C)(C)C(=O)O,-1.47712125471966,training
CO[C@@H](Cc1ccc(OCCc2nc(-c3ccc(C(F)(F)F)cc3)oc2C)c2ccsc12)C(=O)O,-1.72427586960079,training
Cc1c(Cl)ccc(Nc2cc(Cl)nc(SCC(=O)O)n2)c1C,-4.69019608002851,training
C[C@@H](Oc1cc(Cn2c(=O)n(C(=O)c3ccc(Cl)cc3)c3ccc(C(F)(F)F)cc32)ccc1Cl)C(=O)O,-2.68930885912362,training
COC(=O)C1Cc2ccc(OCCc3nc(-c4ccc(OC)cc4)oc3C)cc2OC1=O,0.0,training
COC(=O)CN1C(=O)SC(Cc2ccc(O)cc2)C1=O,-3.95424250943932,training
COc1ccc(/C(C)=N/OCCCCO/N=C(/CCC(=O)O)c2ccccc2)cc1,-3.04139268515822,training
COc1ccc(-c2nc(CCOc3ccc(CC4(C(=O)O)CCCO4)nc3)c(C)o2)cc1,-2.02118929906994,training
CN(CCOc1ccc(CC2SC(=O)NC2=O)cc1)C(=O)CCCCC1CCSS1,-1.17609125905568,training
CCOC(=O)C(Cc1ccc(OCCn2c(=O)sc3cc(/C=C/c4cc(O)cc(O)c4)ccc32)cc1)OCC(F)(F)F,-1.90308998699194,training
Cc1c(C)n(Cc2ccc(-c3ccccc3C(=O)O)cc2)c2ccc(C(=O)NC(c3ccccc3)c3ccccc3)cc12,0.0,training
COc1cc(C(F)(F)F)ccc1C(=O)NCc1cccc(Oc2ccc(OC(C)(C)C(=O)O)c(C)c2)c1,-1.20411998265592,training
CCCc1c(OCCCN2CCCc3c(OC(C)(C)C(=O)O)cccc32)ccc2cc(C(=O)c3ccccc3)ccc12,-2.0,training
Cc1cc(C)c(S(=O)(=O)Nc2cc(Cl)c(Oc3cnc4ccccc4c3)c(Cl)c2)c(C)c1,-3.52035250408332,training
CCOC(Cc1ccc(OCC=C2c3ccccc3OCOc3ccccc32)cc1)C(=O)O,-3.53147891704225,training
CCOC(Cc1ccc(OCCC=C2c3ccccc3CCc3ccccc32)cc1)C(=O)O,-4.22271647114758,training
COc1cccc(CNC(=O)c2ccc3c(c2)c(C)c(C)n3Cc2ccc(-c3ccccc3C(=O)O)cc2)c1,-2.27415784926368,training
Cc1ccc(-c2ccc(O[C@@H](Cc3ccccc3)C(=O)O)cc2)cc1,-2.77085201164214,training
CCCCCCc1nc2ccccc2n1Cc1ccc(-c2ccccc2C(=O)O)cc1,-2.32221929473392,training
Cc1c(C)n(Cc2ccc(-c3ccccc3C(=O)O)cc2)c2ccc(C(=O)NC3CCC3)cc12,-3.75319991419942,training
Cc1oc(-c2ccccc2)nc1CCOc1ccc(CC(C(=O)O)C(C)C)cn1,-3.10720996964787,training
COc1ccc(C(=O)n2c(C)c(Cc3cccc(OCC#N)c3)c3cc(OC(F)(F)F)ccc32)cc1,-1.20411998265592,training
O=C(O)[C@H](Cc1ccc(OCc2ccccc2)cc1)/N=C1\CCCC\C1=C(/O)c1ccccc1,-4.01000000327612,training
CC(C)OC(Cc1ccc(OCc2noc(-c3ccc(F)cc3)n2)cc1)C(=O)O,-2.30102999566398,training
Cc1cc(CN(Cc2ccco2)Cc2nc(-c3ccccc3)oc2C)ccc1OC(C)(C)C(=O)O,-1.6232492903979,training
Cc1ccc(OC(=O)N(CC(=O)O)Cc2cccc(OCc3nc(-c4ccccc4Cl)oc3C)c2)cc1,-3.04139268515822,training
COc1ccc(C(=O)n2c(C)c(Cc3ccccc3OC(C)(C)C(=O)O)c3cc(OC(F)(F)F)ccc32)cc1,-1.69897000433602,training
CCCc1cc(C(=O)c2ccc(F)cc2)ccc1OCCCn1ccc2cc(OC(C)(C)C(=O)O)ccc21,-2.95424250943932,training
CCCCc1nc(C)c(Cc2nc(COC)no2)c(=O)n1Cc1ccc(-c2ccccc2-c2noc(=O)[nH]2)cc1,-3.53019969820308,training
COc1cc(O)c2c(c1C(=O)NCc1cc(CCCC(=O)O)cc3ccccc13)OC1=CC(O)=C(C(C)=O)C(=O)[C@]12C,-1.82607480270083,training
CCCCC1=NC(C)=C(CC(=S)N(C)C)CN1Cc1ccc(-c2ccccc2-c2nnn[nH]2)cc1,-2.66275783168157,training
CCCOC(=O)N(CC(=O)O)Cc1cc(OCc2nc(-c3ccc(Cl)cc3)oc2C)ccc1F,-3.30384377488865,training
Cc1oc(-c2ccccc2)nc1CCOc1ccc(CC2(C(=O)O)CCC2)cn1,-2.09691001300806,training
Cc1cc(CCc2cc(-c3ccc(Br)cc3)on2)cc(C)c1OC(C)(C)C(=O)O,-2.65991620006985,training
CC(C)(Oc1ccc(OCCCCOc2ccc(Oc3ccc(F)cc3)cc2Cl)cc1)C(=O)O,-3.88592633980143,training
CCCCn1c(-c2ccc3nn(CCC)c(Cc4ccc(-c5ccccc5-c5nn[nH]n5)cc4)c3c2)nc2ccccc21,-2.39794000867204,training
CCOC(Cc1ccc(OCc2nc(-c3ccc(OC)cc3)c(-c3ccc(C(F)(F)F)cc3)s2)cc1)C(=O)O,-3.11727129565576,training
CCOC(Cc1ccc2c(c1)c(C)cn2Cc1nc(-c2ccc(C(F)(F)F)cc2)oc1C)C(=O)O,-1.77815125038364,training
CCOC(Cc1ccc(OCC/C=C2/c3ccccc3COc3ccccc32)cc1)C(=O)O,-4.09342168516224,training
O=C(O)CCCNC(=O)c1ccccc1NC(=O)c1ccccc1-c1ccccc1,-4.36172783601759,training
Cc1ccc(Oc2ccc3nc(COc4cccc(C(=O)O)c4)n(C)c3c2)nc1C,-2.24551266781415,training
O=C(O)C(Sc1nc(Cl)cc(Nc2ccc(Cl)cc2)n1)c1cccc2ccccc12,-3.95424250943932,training
CCCS(=O)(=O)NC(=O)CCc1cc(OC(C)C)nn1Cc1ccc(Cl)cc1Cl,-2.20411998265592,training
CCCCC(Sc1ccc(OCCCOc2ccc(-c3ccccc3)cc2)cc1)C(=O)O,-2.73239375982297,training
Cc1cc(C)cc(Oc2ccc3nc(COc4cccc(C(=O)O)c4)n(C)c3n2)c1,-1.61278385671974,training
CCCc1nc2c(C)cccc2n1Cc1ccc(-c2ccccc2C(=O)O)cc1,-4.04532297878666,training
CC[C@@H](Cc1ccc(OC)c(CNC(=O)c2ccc(Oc3ccc(F)cc3)cc2)c1)C(=O)O,-2.96378782734556,training
CC[C@]1(C(=O)O)CCc2ccc(OCCCOc3ccc(OC(F)(F)F)cc3Cl)cc2O1,-2.69897000433602,training
O=C(O)CC1COc2cc(OCCOc3ccccc3)ccc21,-3.88930170250631,training
Cc1oc(-c2ccccc2)nc1CCOc1ccc(C[C@H]2CO[C@@](C)(C(=O)O)OC2)cc1,-3.61235994796777,training
O=C(O)[C@H](CCCc1ccc(Cl)cc1)Oc1ccc(Cl)cc1,-2.50000306805169,training
Cc1oc(-c2ccc(Cl)cc2)nc1CCOc1ccc(CC2(C(=O)O)CCCO2)nc1,-2.11394335230684,training
CCCCN(C)c1nc(NCc2ccccc2)c(C(=O)O)c(SCc2ccccc2)n1,-2.6232492903979,training
Cn1c(COc2cccc(C(=O)O)c2)nc2ccc(Oc3ccc4c(c3)OCC4)nc21,-1.9731278535997,training
CCCCC(Sc1cc(OCCc2ccccc2)cc(OCCc2ccccc2)c1)C(=O)O,-3.53147891704225,training
CCc1nc2ccn(Cc3cccc(C)c3)c(=O)c2n1[C@H]1CCc2cc(-c3ccccc3-c3nnn[nH]3)ccc21,-2.03342375548695,training
CC(C)(Oc1ccc(OCc2cc(-c3ccc(C(F)(F)F)cc3)cc(-c3ccc(C(F)(F)F)cc3)c2)cc1)C(=O)O,-2.56820172406699,training
CCC#CCOc1cc(COc2ccc(C(F)(F)F)cc2)ccc1Sc1ccc(OCC(=O)O)c2c1CCCC2,-2.20411998265592,training
COCCC#CCOc1cc(COc2ccc(C(F)(F)F)cc2)ccc1Sc1ccc(OCC(=O)O)c2c1CCCC2,-3.14612803567824,training
CN(CCCc1ccc(C[C@@H](C(=O)O)n2cccc2)cc1)c1ccccn1,-3.07918124604762,training
CC(C)OC(Cc1ccc(OCCc2noc(-c3ccc(F)cc3)n2)cc1)C(=O)O,-1.60205999132796,training
CCC(C(=O)O)C1CCc2cc(OCCc3nc(-c4ccc(F)c(C)c4)oc3C)ccc21,-1.88649072517248,training
COc1ccc2nc(COc3ccc(CC4SC(=O)NC4=O)cc3)n(C)c2c1,-1.63346845557959,training
CCCCCCOc1ccc(CC(CC)C(=O)O)cc1CNC(=O)c1ccc(C23CC4CC(CC(C4)C2)C3)cc1,-2.79239168949825,training
CN(C/C=C/c1ccc(C[C@@H](C(=O)O)n2cccc2)cc1)c1ccccc1,-3.56820172406699,valid
CCO[C@@H](Cc1ccc(OCc2nc(-c3ccsc3)oc2C)cc1)C(=O)O,-0.431363764158987,valid
COc1ccc(C(=O)c2c(C)n(Cc3cc(O[C@@H](C)C(=O)O)ccc3Cl)c3nc(OC)ccc23)cc1,-0.301029995663981,valid
COc1cc(O)c2c(c1C(=O)NCc1c(C)ccc3cc(Cl)ccc13)OC1=CC(O)=C(C(C)=O)C(=O)[C@]12C,-1.7481880270062,valid
CCCCc1nc(C(C)C)c(CC(=O)OCC(C)C)c(=O)n1Cc1ccc(-c2ccccc2-c2noc(=O)[nH]2)cc1,-3.0899051114394,valid
CCCOC(=O)/C(C)=C/CC/C(C)=C/CC[C@]1(C)CCc2cc(O)cc(C)c2O1,-2.99607365448528,valid
CCO[C@@H](Cc1ccc(OC/C=C/c2cc(C#Cc3ccccc3)cc(C#Cc3ccccc3)c2)cc1)C(=O)O,-3.49136169383427,valid
CCC(Cc1ccc(OC)c(C(=O)CCc2ccc(C(F)(F)F)cc2)c1)C(=O)O,-3.86923171973098,valid
Cc1cc(Oc2ccc(F)c(CNC(=O)c3ccc(C(F)(F)F)cc3F)c2)ccc1OC(C)(C)C(=O)O,-1.44715803134222,valid
CCC(Oc1cccc(CN(CCCOc2ccccc2)c2nc3cc(F)ccc3o2)c1)C(=O)O,-3.0,valid
CCCc1c(OCCCCOc2cccc(C(=O)O)c2)ccc2c(-c3ccccc3)noc12,-2.28555730900777,valid
N#Cc1cncc(Oc2c(Cl)cc(NS(=O)(=O)c3ccc(Cl)cc3Cl)cc2Cl)c1,-1.90308998699194,valid
COc1ccc2c(-n3c(C)c(Cc4cc(O[C@H](C)C(=O)O)ccc4Cl)c4cc(OC(F)(F)F)ccc43)noc2c1,-0.477121254719662,valid
CCC#CCOc1cc(COCC2CC2)ccc1Sc1ccc(OCC(=O)O)c2c1CCCC2,-2.5910646070265,valid
CCNC(=O)c1cc(NS(=O)(=O)c2ccc(C(F)(F)F)cc2Cl)ccc1Oc1cncc(Cl)c1,-1.47712125471966,valid
CCCCc1ccc(-c2nc(CCOc3ccc4c(c3)CCC4C(CC)C(=O)O)c(C)o2)cc1,-1.20411998265592,valid
Cc1c(C)n(Cc2ccc(-c3ccccc3C(=O)O)cc2)c2ccc(C(=O)N[C@H](c3cccc(C(C)C)c3)C3CC3)cc12,-1.77815125038364,valid
Cc1cc2c(CCc3sc(-c4ccc(C(F)(F)F)cc4)nc3C(C)C)noc2cc1OC(C)(C)C(=O)O,-2.95904139232109,valid
CCCCCCCCN1C(=O)C(CCOc2ccccc2CC(=O)O)Oc2ccccc21,-2.47712125471966,valid
CC(C)(C)c1ccc(C(=O)Nc2ccccc2C(=O)Nc2cccc(CCC(=O)O)c2)cc1,-3.69897000433602,valid
O=C(O)C(Cc1ccccc1)Oc1ccc(C#Cc2ccccc2)cc1,-2.73239375982297,valid
C/[N+]([O-])=C1\C(C(=O)NC2CC2)=C(c2ccccc2)c2ccc(OCCN3CCOCC3)cc21,-1.30102999566398,valid
CCCc1ccc(Oc2c(C)n(-c3noc4cc(Cl)ccc34)c3ccc(OC(F)(F)F)cc23)cc1O[C@@H](C)C(=O)O,-1.5910646070265,valid
CCOC(Cc1ccc(OCCN2CC=C(c3cccs3)CC2)cc1)C(=O)O,-3.51851393987789,valid
Cc1sc(-c2ccccc2)nc1CCOc1ccc2c(c1)CC[C@H]2CC(=O)O,-1.04139268515823,valid
CCOC(Cc1ccc2c(ccn2Cc2nc(-c3ccccc3OC)oc2C)c1)C(=O)O,-3.04139268515822,valid
CCOC(Cc1ccc2c(ccn2Cc2nc(-c3ccccc3)oc2C)c1)C(=O)O,-2.44715803134222,valid
O=C(O)CSc1nc(OCCc2ccccc2)cc(OCCc2ccccc2)n1,-3.56820172406699,valid
CCCCC(Cc1ccc(OC)c(CNC(=O)c2ccc(C(F)(F)F)cc2)c1)C(=O)O,-3.38021124171161,valid
CCCCCS(=O)(=O)NC(=O)CCc1cc(OC(C)C)nn1Cc1ccc(C(F)(F)F)cc1Cl,-1.0,valid
CN(CC#Cc1ccc(C[C@@H](C(=O)O)n2cccc2)cc1)c1ccccc1,-3.30102999566398,valid
O=S(=O)(Nc1cc(-c2cccs2)nn1-c1ccc(F)cc1)c1cccc(F)c1,-3.24303804868629,valid
Cc1cc(SCc2sc(-c3ccc(C(F)(F)F)c(F)c3)nc2C)ccc1OCC(=O)O,-3.30102999566398,valid
CCC(Cc1ccc(OC)c(CNC(=O)c2ccc(C(C)(C)C)cc2)c1)C(=O)O,-3.36172783601759,valid
CCCn1c(CCCc2ccc(OC(C)(C)C(=O)O)cc2)nn(CC2CCCCC2)c1=O,-3.41497334797082,valid
CC(C)(C)c1cccc(OCCOc2ccc3c(c2)OCC3CC(=O)O)c1,-3.30749603791321,valid
Cc1oc(-c2ccccc2)nc1CCOc1cccc(CC2CN(C(=O)OCC(C)C)CCC2C(=O)O)c1,-1.25527250510331,valid
O=C(O)Cc1cccc2c(NCc3cccc(-c4ccnc5c(C(F)(F)F)cccc45)c3)cccc12,-1.83884909073726,valid
CCc1ccc(-c2nc(C)c(CCOc3ccc4c(c3)CC[C@H]4CC(=O)O)n2C)cc1,-1.49136169383427,valid
COc1cccc(-c2coc3cc(O)ccc3c2=O)c1,-4.34811006848024,valid
CC(C)OC(=O)C1=C(c2ccccc2)c2ccc(OCCN3CCOCC3)cc2/C1=[N+](/C)[O-],-1.39794000867204,valid
CCCc1cc(C(F)(F)F)ccc1OCCCOc1ccc(OCC(=O)OC)c(C)c1,-3.10071508657308,valid
CCCCc1nc(C)c(CC(=O)OC2CCCCC2)c(=O)n1Cc1ccc(-c2ccccc2-c2noc(=O)[nH]2)cc1,-3.0,valid
O=C(Nn1cc([N+](=O)[O-])cn1)c1cccc(COc2ccc(Br)cc2)c1,-3.73639650227664,valid
CCOC(=O)CN1C(=O)SC(Cc2ccc(C(F)(F)F)cc2)C1=O,-3.95424250943932,valid
CC(Cc1ccc(Oc2cc(N3CCN(c4ncccn4)CC3)nc(N)n2)cc1)(Oc1ccccc1)C(=O)O,-3.78746047451841,valid
O=C(O)[C@@H](Cc1ccc(-c2ccccc2)cc1)Oc1ccc(-c2ccccc2)cc1,-2.94939000664491,valid
O=C1NC(=O)C(Cc2ccc(OCCn3ccc4ccccc43)cc2)S1,-3.59549622182557,valid
CCC1(C(=O)O)CCc2ccc(OCCCOc3ccc(Oc4ccccc4)cc3)cc2O1,-4.0,valid
CC(=O)c1ccccc1N[C@@H](Cc1ccc(OCCc2nc(-c3ccccc3)oc2C)cc1)C(=O)O,-0.698970004336019,valid
CCOC(Cc1ccc(OC(=O)Cc2nc(-c3ccccc3)oc2C)c(Cc2ccccc2)c1)C(=O)O,-1.72427586960079,valid
CCO[C@@H](Cc1ccc(OCCCOc2ccc(Oc3ccccc3)cc2)cc1)C(=O)O,-2.45024910831936,valid
CC(C)(C)c1ccc(C(=O)Nc2ccc(Cl)cc2C(=O)Nc2cccc(C(=O)O)c2)cc1,-3.73239375982297,valid
CCCc1[nH]c2cc(C(=O)NC(CC)c3ccccc3)ccc2c1Cc1ccc(-c2ccccc2C(=O)O)cc1,-0.778151250383644,valid
CCCc1cc(Oc2ccc(OC)cc2)ccc1OCCCOc1cccc(C2SC(=O)NC2=O)c1,-1.83884909073726,valid
CCC(C(=O)O)C1CCc2cc(OCCc3nc(-c4cccc(OC)c4)oc3C)ccc21,0.0,valid
O=C(Cc1cccc(SCc2ccccc2C(=O)O)c1)OCc1ccc(C(F)(F)F)cc1,-3.39794000867204,valid
C/C(=N\OCCOc1ccc(CC2SC(=O)NC2=O)cc1)c1cccc(-c2ccccc2)c1,-2.51851393987789,valid
COC1Oc2cc(O)c3c(c2C(=O)N1C(=O)NCc1cc2ccccc2o1)OC1=CC(O)=C(C(C)=O)C(=O)[C@]13C,-3.36172783601759,valid
CCN(CCOc1ccc(CC2SC(=O)NC2=O)cc1)c1ccccn1,-2.73239375982297,valid
CCc1c(C(=O)OC)cc2c(c1O)C(=O)c1c(O)cc3cc(C)c(Cl)c(OC)c3c1C2=O,-2.25527250510331,valid
O=C(O)[C@H](Cc1ccccc1)Oc1ccc(Cl)cc1F,-3.39794000867204,valid
CCCCC(Sc1nc(OCCc2ccc(C(F)(F)F)cc2)cc(OCCc2ccc(C(F)(F)F)cc2)n1)C(=O)O,-4.04139268515823,valid
CC(=O)SCCC(CCCCC(=O)N(C)CCOc1ccc(CC2SC(=O)NC2=O)cc1)SC(C)=O,-1.5910646070265,valid
O=C1NC(=O)C(Cc2ccc(OCCn3cnc4ccccc43)cc2)S1,-3.3654879848909,valid
O=C(O)Cc1cccc(NC(=O)c2ccccc2NC(=O)c2ccc(C(F)(F)F)cc2)c1,-3.9731278535997,valid
O=C(O)[C@H](CCCc1ccccc1)Oc1ccc(Cl)cc1,-2.95999960030321,valid
CCc1oc(-c2ccccc2)nc1CCOc1ccc2c(c1)CC[C@H]2CC(=O)O,-0.845098040014257,valid
Cc1cccc(-c2ccc(OC(Cc3ccccc3)C(=O)O)cc2)c1,-2.66275783168157,valid
O=S(=O)(Nc1cc(Cl)c(Oc2cnc3ccccc3c2)c(Cl)c1)c1ccc(C(F)(F)F)cc1Cl,-2.39794000867204,valid
Cc1c(C)n(Cc2ccc(-c3ccccc3C(=O)O)cc2)c2ccc(C(=O)N[C@@H](C)c3cccc(C(C)C)c3)cc12,-2.9304395947667,valid
COC(=O)C(Cc1ccc(OCCOc2ccc3c(c2)C(C)(C)CCC3(C)C)cc1)C(=O)OC,-2.17609125905568,valid
CCCCCc1cc(OC)c(CC=C(C)C)c(O)c1C(=O)O,-3.07918124604762,valid
CCCc1c(OCCCn2ccc3cc(OC(C)(C)C(=O)O)ccc32)ccc2cc(C(=O)c3ccccc3)ccc12,-2.81291335664286,valid
COC(=O)N(CC(=O)O)Cc1ccc(F)c(OCc2nc(-c3ccc(Cl)cc3)oc2C)c1,-3.96227460462331,valid
CC[C@@H](Cc1ccc(OC)c(CNC(=O)c2ccc(C(F)(F)F)cc2F)c1)C(=O)O,-3.27875360095283,valid
O=c1c(-c2ccc3c(c2)OCO3)coc2cc(O)ccc12,-4.43039759138697,valid
CC(=O)c1cc(NS(=O)(=O)c2ccc(Cl)cc2Cl)ccc1Oc1cncc(Cl)c1,-1.0,valid
COC(=O)C1Cc2ccc(OCCc3nc(-c4cccc(C)c4)oc3C)cc2OC1=O,0.0,valid
CCc1nc2ccn(Cc3ccccc3C)c(=O)c2n1[C@H]1CCc2cc(-c3ccccc3-c3nnn[nH]3)ccc21,-1.98677173426624,valid
COC1Oc2cc(O)c3c(c2C(=O)N1C(=O)NCc1cccc(Cl)c1)OC1=CC(O)=C(C(C)=O)C(=O)[C@]13C,-3.82607480270083,valid
CCCOc1ccc(C[C@@H](Cc2ccccc2)C(=O)O)cc1CNC(=O)c1ccc(-c2ncccn2)cc1,-1.53907609879278,valid
CCCCC(Cc1cc(OCCc2ccccc2)ccc1OCCc1ccccc1)C(=O)O,-4.03342375548695,valid
CCCOC(Cc1ccc(OCCc2nc(-c3ccccc3)oc2C)c2ccccc12)C(=O)O,-1.20411998265592,valid
CC(C)N(CCOc1ccc(CC2SC(=O)NC2=O)cc1)c1nc2ccccc2s1,-2.72427586960079,valid
O=C(O)C(Cc1ccccc1)Oc1ccc(COc2ccccc2)cc1,-3.47712125471966,valid
CCCCc1nc(C)c(CC(=O)OCC2CCCCC2)c(=O)n1Cc1ccc(-c2ccccc2-c2noc(=O)[nH]2)cc1,-3.12057393120585,valid
Cc1ccc(OC(=O)N(CC(=O)O)Cc2cccc(OCc3nc(-c4cccc(Cl)c4)oc3C)c2)cc1,-2.7160033436348,valid
CCCCc1nc(C2CC2)c(CC(=O)OC(C)C)c(=O)n1Cc1ccc(-c2ccccc2-c2noc(=O)[nH]2)cc1,-3.4345689040342,valid
CCO[C@@H](Cc1cccc(/C(C)=N/OCc2ccc(C(C)(C)C)cc2)c1)C(=O)O,-2.4456042032736,valid
CCCc1nc2ccccc2n1Cc1ccc2c(c1)COc1ccccc1/C2=C(\C)c1noc(=O)[nH]1,-0.431363764158987,valid
COc1cc([C@H]2OC[C@@H]3[C@H](c4ccc(O)c(OC)c4)OC[C@H]23)ccc1O,-4.76789761601809,valid
COC(=O)C1Cc2ccc(OCCc3nc(-c4cccc(F)c4)oc3C)cc2OC1=O,-2.23044892137827,valid
COC(=O)C(c1ccccc1)(c1ccc(SCc2ccccc2C(=O)O)cc1)c1ncco1,-4.25527250510331,valid
Cc1cc(Oc2cccc(CNC(=O)c3ccc(OC(F)(F)F)cc3C)c2)ccc1OC(C)(C)C(=O)O,-1.0,valid
Cn1c(COc2cccc(C(=O)O)c2)nc2ccc(Oc3cc(Cl)ccn3)cc21,-2.78887511577542,valid
CCCOc1ccc(C[C@@H](Cc2ccccc2)C(=O)O)cc1CNC(=O)c1ccc(N2C3CCCC2CCC3)cc1,-0.724275869600789,valid
CCCc1nc2cc(C(O)c3ccccc3)ccc2n1Cc1ccc(-c2ccccc2C(=O)O)cc1,-3.46239799789896,valid
CCCCc1nc(C)c(CC(=O)OC)c(=O)n1Cc1ccc(-c2ccccc2-c2noc(=O)[nH]2)cc1,-3.8668778143375,valid
O=C(O)CC1=C/C(=C\c2ccc3ccccc3c2)c2ccc(F)cc21,-3.07918124604762,valid
CCOc1ccc(CC(CC)C(=O)O)cc1CNC(=O)c1ccc(C23CC4CC(CC(C4)C2)C3)cc1,-1.69897000433602,valid
O=C(O)c1cccc(NC(=O)c2ccccc2NC(=O)c2ccc(Br)cc2)c1,-3.65321251377534,valid
Cc1oc(-c2ccccc2)nc1CC#Cc1ccc(C[C@@H](C(=O)O)n2cccc2)cc1,-2.2380461031288,valid
CCCCCCC(Sc1nc(Cl)cc(Nc2nc(-c3ccc(Br)cc3)c(C)s2)n1)C(=O)O,-3.57978359661681,valid
O=C(O)C(Cc1ccc(Br)cc1)Oc1ccc(Cl)cc1,-3.31597034545692,valid
CC(C)(C)c1ccc(-n2c(C(=O)O)c(Oc3cccc(C(F)(F)F)c3)c3ccccc32)cc1,-1.11394335230684,valid
CCCc1nc2ccc(-c3cccc(OC)c3)cc2n1Cc1ccc(-c2ccccc2C(=O)O)cc1,-3.13033376849501,valid
CCOC(Cc1ccc(OCCCN2CC=C(c3ccc(Cl)cc3)CC2)cc1)C(=O)O,-3.3654879848909,valid
CC(C)(C)c1ccc(C(=O)Nc2cc(Cl)ccc2C(=O)Nc2cccc(C(=O)O)c2)cc1,-3.95424250943932,valid
CCC(CC)CN(CC(=O)O)Cc1ccc(OCCc2nc(-c3ccccc3)oc2C)cc1,-3.25527250510331,valid
Cc1cc(CNC(=O)c2cc(-c3ccc(C(C)(C)C)cc3)n(C)n2)ccc1OC(C)(C)C(=O)O,-0.778151250383644,valid
O=C(O)C(Cc1ccc(F)cc1)Oc1ccc(Cl)cc1,-3.7160033436348,valid
Cc1ccc(OC(=O)N(CC(=O)O)Cc2cccc(OCc3nc(-c4ccccc4)oc3C)c2)cc1,-2.8481891169914,valid
CC(Cc1ccc(Oc2cc(N3CCN(Cc4cccc(C(F)(F)F)c4)CC3)nc(N)n2)cc1)(Oc1ccccc1)C(=O)O,-3.68033551341456,valid
CCCc1cc(C(=O)c2ccc(-c3ccccc3)cc2)ccc1OCCCN1CCCc2c(OC(C)(C)C(=O)O)cccc21,-1.69897000433602,valid
CCc1nc2ccn(Cc3ccccc3F)c(=O)c2n1[C@H]1CCc2cc(-c3ccccc3-c3nnn[nH]3)ccc21,-2.01283722470517,valid
CCC(C(=O)O)C1CCc2cc(OCCc3coc(-c4ccccc4)n3)ccc21,-2.48572142648158,valid
CC(C)(Oc1cccc(CCCN(CCOC(=O)c2ccc(N=C=O)cc2)Cc2ccc(C(F)(F)F)cc2C(F)(F)F)c1)C(=O)O,0.301029995663981,valid
CCC(C(=O)O)C1CCc2cc(OCCc3nc(-c4ccc(C(C)C)cc4)oc3C)ccc21,-1.34242268082221,valid
CCC(Cc1ccc(OC)c(C(=O)NCc2cccc(Oc3ccccc3)c2)c1)C(=O)O,-3.79239168949825,valid
COC(=O)N(CC(=O)O)Cc1cc(OCc2nc(-c3ccc(C(F)(F)F)cc3)oc2C)ccc1F,-3.3142886609475,valid
C/C(=C1/c2ccc(Cn3c(C4CC4)nc4cscc43)cc2COc2cc(F)ccc21)c1noc(=O)[nH]1,-1.07918124604762,valid
Cc1oc(-c2ccccc2)nc1CCOc1ccc(C[C@@H]2CN(c3nc4ccccc4o3)C[C@@H]2C(=O)O)cc1,-3.31806333496276,valid
CCCc1cc2c(oc(=O)n2CC)c(CCC)c1O[C@H](C(=O)O)c1ccc(C(C)C)cc1,-2.07918124604762,valid
Cc1c(C)n(Cc2ccc(-c3ccccc3C(=O)O)cc2)c2ccc(C(=O)N[C@@H](CC(C)C)c3cccc(C(C)C)c3)cc12,-2.3541084391474,valid
Cc1cc(-n2nc3ccccc3n2)cc(C)c1OC(C)(C)C(=O)O,-2.68124123737559,valid
COC(=O)N(CC(=O)O)[C@@H](C)c1cccc(OCc2coc(-c3ccc(C)cc3)n2)c1,-4.31576049066574,valid
CC(=O)c1cc(NS(=O)(=O)c2ccc(Cl)cc2Cl)ccc1Oc1cnc2ccccc2c1,-1.77815125038364,valid
CC(Cc1ccc(Oc2cc(N3CCN(Cc4ccc(C(C)(C)C)cc4)CC3)nc(N)n2)cc1)(Oc1ccccc1)C(=O)O,-3.80345711564841,valid
CCCOc1ccc(C[C@@H](Cc2ccccc2)C(=O)O)cc1CNC(=O)c1ccc(N2CCCCC2)cc1,-1.72181061521255,valid
CCOC(Cc1ccc(OCCN2CC=C(c3ccc(F)cc3)CC2)cc1)C(=O)O,-3.5705429398819,valid
Cc1oc(-c2ccc(C(F)(F)F)cc2)nc1CCOc1ccc(CC2(C(=O)O)CCCO2)cn1,-0.778151250383644,valid
CCO[C@@H](Cc1ccc(OCc2nc(-c3ccc(-c4ccccc4)s3)oc2C)cc1)C(=O)O,-0.477121254719662,valid
CCCCCCCN(CCc1ccc(O[C@@](C)(CC)C(=O)O)cc1)c1nc2ccccc2o1,-2.77195474896395,valid
CCCc1c(OCCCn2ccc3cc(OC(C)(C)C(=O)O)ccc32)ccc2cc(C(=O)c3ccncc3)ccc12,-3.31597034545692,valid
CCC(C(=O)O)C1CCc2cc(OCCc3nc(-c4ccccc4C)oc3C)ccc21,-2.1846914308176,valid
CCc1ccc(OC(CC)CCOc2ccc(CCC(=O)O)c(C)c2)c(C(=O)c2ccccc2)c1,-1.66275783168157,valid
Cc1oc(-c2ccccc2)nc1CCOc1cccc(C[C@@H]2CN(c3nccc(C(F)(F)F)n3)C[C@@H]2C(=O)O)c1,-3.39794000867204,valid
NC(=O)c1cncc(Oc2c(Cl)cc(NS(=O)(=O)c3ccc(Cl)cc3Cl)cc2Cl)c1,-2.30102999566398,valid
C/C(=N\OCCOc1ccc(CC2SC(=O)NC2=O)cc1)c1ccccn1,-3.44715803134222,valid
Cc1oc(-c2ccccc2)nc1CCOc1cccc(C2CN(C(=O)OCC(C)C)CCC2CC(=O)O)c1,-2.76342799356294,valid
CCCO/N=C(\C)C(Cc1ccc(OCCc2nc(-c3ccc(F)cc3)oc2C)cc1)C(=O)O,-0.322219294733919,valid
C[C@@H](c1cccc(OCc2coc(-c3ccc(Cl)cc3)n2)c1)N(CC(=O)O)C(=O)Oc1ccccc1,-3.228400358703,valid
CCCCCS(=O)(=O)NC(=O)CCCCc1cc(OCCCC)nn1Cc1ccc(Cl)cc1Cl,-1.46239799789896,valid
CCCO/N=C(\C)C(Cc1ccc(OCc2nc(-c3ccccc3)oc2C)cc1)C(=O)O,-1.11394335230684,valid
O=C(O)CCCCNC(=O)c1ccccc1NC(=O)c1ccc2ccccc2c1,-4.41497334797082,valid
COC(=O)C(Cc1ccccc1)OC(=O)Cc1ccc(SCc2ccccc2C(=O)O)cc1,-3.5910646070265,valid
Cc1oc(-c2ccccc2)nc1CCOc1ccc(CN(CC(=O)O)Cc2ccccn2)cc1,-2.36172783601759,valid
COc1ccc(C(=O)O)cc1NC(=O)c1ccccc1NC(=O)c1ccc(C(C)(C)C)cc1,-3.65321251377534,valid
CCOC(Cc1ccc(OCCC2c3ccccc3Oc3ccccc32)cc1)C(=O)O,-2.66275783168157,valid
CCCC[C@H](NC(=O)c1ccc2c(c1)c(C)c(C)n2Cc1ccc(-c2ccccc2C(=O)O)cc1)c1cccc(C(C)C)c1,-2.06445798922692,valid
COc1cc(O)c2c(c1C(=O)NCc1c(C)ccc3ccc(Cl)cc13)OC1=CC(O)=C(C(C)=O)C(=O)[C@]12C,-0.690196080028514,valid
O=C(O)CCCNC(=O)c1ccccc1NC(=O)c1ccc2ccccc2c1,-4.25767857486918,valid
CCC#CCOc1cc(COc2ccccc2C(F)(F)F)ccc1Sc1ccc(OCC(=O)O)c2c1CCCC2,-3.65321251377534,valid
CC(C)(C)c1ccc(-n2c(C(=O)O)c(Oc3ccc(Cl)cc3)c3ccc(OC(F)(F)F)cc32)cc1,-2.61384182187607,valid
Cc1oc(-c2ccccc2)nc1CCOc1ccc(-c2nn(-c3ccccc3)nc2CC(=O)O)cc1,-3.58658730467176,valid
O=S(=O)(Nc1cc(Cl)c(Oc2cnc3ccccc3c2)c(Cl)c1)c1ccc(Br)cc1OC(F)(F)F,-0.602059991327962,valid
CCCC(Cc1ccc(C(=O)NCc2ccccc2C(F)(F)F)cc1)C(=O)OCC,-2.95424250943932,valid
O=C1NC(=O)C(Cc2ccc(OCCn3ccc4ccc(Cl)cc43)cc2)S1,-3.65417654187796,valid
COCc1nc2c(Cl)cccn2c1Cc1ccc2c(c1)COc1cc(F)ccc1/C2=C(\C)c1noc(=O)[nH]1,-0.770852011642144,valid
CCc1ccc2ccc(F)cc2c1CNC(=O)c1c(OC)cc(O)c2c1OC1=CC(O)=C(C(C)=O)C(=O)[C@]12C,-1.07918124604762,valid
Cc1oc(-c2ccccc2)nc1CCOc1ccc(C[C@H](NS(C)(=O)=O)C(=O)O)cc1,-3.41497334797082,valid
CCCCOC(=O)NCCCc1ccc(OCCOC)cc1Oc1ncc(C(F)(F)F)cc1Cl,-1.57978359661681,valid
CCOC(Cc1ccc(C(=O)OCc2ccc(OS(C)(=O)=O)cc2)cc1)C(=O)O,-3.14612803567824,valid
Cc1oc(-c2ccccc2)nc1CCOc1ccc(CCC(=O)O)c(CNC(=O)OC(C)C)c1,-0.903089986991943,valid
CCCCCCOC(=O)C1C(c2ccccc2)C(C(=O)O)C1c1ccccc1,-3.55630250076729,valid
COc1ccc2c(-n3c(=O)n(Cc4cc(O[C@H](C)C(=O)O)ccc4Cl)c4cc(C(F)(F)F)ccc43)noc2c1,-2.00860017176192,valid
CCOC(=O)C(Cc1ccc(OCCn2c(=O)sc3cc(C(=O)/C=C/c4cc(O)cc(O)c4)ccc32)cc1)OCC,-1.30102999566398,valid
CCOC(Cc1ccc(OCCN2CC=C(c3ccc(OC)cc3)CC2)cc1)C(=O)O,-2.59769518592551,valid
CCOC(Cc1ccc(OCCCN2CC=C(c3ccc(C(F)(F)F)cc3)CC2)cc1)C(=O)O,-2.70243053644553,valid
Cc1c(C)n(Cc2ccc(-c3ccccc3C(=O)O)cc2)c2ccc(C(=O)N[C@@H](C)c3cccc(C(F)(F)F)c3)cc12,-2.26717172840301,valid
Cc1cc(CNC(=O)c2cc(-c3ccc(-c4ccccc4)cc3)n(C)n2)ccc1OC(C)(C)C(=O)O,-1.39794000867204,valid
CCCCC(Sc1ccc(OCCCOc2ccccc2C(C)C)cc1)C(=O)O,-3.61278385671974,valid
CCCCC(Cc1ccc(OC)c(CNC(=O)c2ccc(C(F)(F)F)cc2F)c1)C(=O)O,-3.0,valid
Cc1oc(-c2ccccc2)nc1CCOc1cccc([C@@H]2CN(C(=O)Oc3ccccc3)C[C@@H]2C(=O)O)c1,-3.75204844781944,valid
O=S(=O)(Nc1cc(Cl)c(Oc2cnc3ccccc3c2)c(Cl)c1)c1ccc(Br)cc1C(F)(F)F,-1.9731278535997,valid
CCCCCCCN(CCc1ccc(OC(C)(C)C(=O)O)cc1)c1nc2ccccc2o1,-2.04395141826328,valid
CC(C)(Oc1ccc(COc2ccc(Oc3ccccc3)cc2)cc1)C(=O)O,-2.90308998699194,valid
CS(=O)(=O)Oc1ccc(CC(=O)OCCc2ccc(CC(SCCc3ccc(F)cc3)C(=O)O)cc2)cc1,-3.77815125038364,valid
CCC(Cc1ccc(OC)c(C(=O)NCc2ccc(CCc3ccccc3)cc2)c1)C(=O)O,-3.73239375982297,valid
CCC(C(=O)O)C1CCc2cc(OCCc3nc(-c4cc5ccccc5s4)oc3C)ccc21,-1.568201724067,valid
CCC(Oc1cccc(CN(CCCOc2ccc(C)cc2C)c2nc3ccccc3o2)c1)C(=O)O,-2.11394335230684,valid
CCCCOc1ccc(CC(CC)C(=O)O)cc1CNC(=O)c1ccc(C(F)(F)F)cc1,-3.11394335230684,valid
Cc1cccc(Nc2cc(Cl)nc(SC(C(=O)O)c3ccccc3)n2)c1C,-4.47712125471966,valid
Cc1oc(-c2ccccc2)nc1CCOc1ccc(C[C@@H](C(=O)O)N2CCN(S(=O)(=O)c3ccc(F)cc3)CC2)cc1,-3.44870631990508,valid
O=C(O)CCCc1cc2cc(C(F)(F)F)ccc2n1S(=O)(=O)c1ccc(Cl)cc1,-2.79865064544527,valid
CCc1nc2ccn(Cc3ccccc3OC(F)(F)F)c(=O)c2n1[C@H]1CCc2cc(-c3ccccc3-c3nnn[nH]3)ccc21,-1.30102999566398,valid
CCCN[C@@H](Cc1ccc(OCCc2nc(-c3ccccc3)oc2C)cc1)C(=O)O,-2.38010265451717,valid
COC(=O)c1cc2ccc(OCCc3nc(-c4cccc(F)c4)oc3C)cc2oc1=O,-2.98227123303957,valid
CC(C)c1ccc(OCCCOc2ccc3c(c2)O[C@@](C)(C(=O)O)CC3)c(Cl)c1,-3.47712125471966,valid
Cn1c(COc2cccc(C(=O)O)c2)nc2ccc(Oc3ncc(Cl)cc3F)cc21,-1.38021124171161,valid
O=C(O)c1cccc(NC(=O)c2ccccc2NC(=O)c2ccc(C(F)(F)F)cc2)c1,-3.92941892571429,valid
CC[C@@H](NC(=O)c1ccc2c(c1)nc(C)n2Cc1ccc(S(C)(=O)=O)cc1)c1ccccc1,-3.69999979755458,valid
CCc1nc2c(C)cc(C)nc2n1Cc1ccc2c(c1)CCc1ccccc1/C2=C(\C)c1nn[nH]n1,-2.39967372148104,valid
CC(C)(Oc1cccc(OCCN2CC=C(c3ccc(Cl)cc3)CC2)c1)C(=O)O,-4.27323283404305,valid
CCO[C@@H](Cc1ccc(OC/C=C/C#Cc2ccccc2)cc1)C(=O)O,-3.41497334797082,valid
O=C(O)[C@H](COc1ccccc1)Oc1ccc(Cl)cc1,-3.22000080928666,valid
CCCOc1ccc(C[C@@H](Cc2ccccc2)C(=O)O)cc1CNC(=O)c1ccc(N2CC(C)(C)CC(C)(C)C2)cc1,-0.342422680822206,valid
Cc1oc(-c2ccccc2)nc1CC#Cc1ccc(CC(C(=O)O)c2ccc(-c3ccccc3)cc2)cc1,-3.39794000867204,valid
Cc1oc(-c2ccccc2)nc1CCOc1ccc(OC(C)C(=O)O)cc1,-3.43949059038968,valid
Cc1ccccc1Oc1ccc(N2CCC[C@H]2CC(=O)O)cc1,-4.50514997831991,valid
CCO[C@@H](Cc1ccc(CCC(OC(=S)NCC2CCCCC2)c2ccccc2)cc1)C(=O)O,-3.02530586526477,valid
CCOC(=O)C1=C(c2ccccc2)c2ccc(OCCc3ccccc3)cc2/C1=[N+](/C)[O-],-2.30102999566398,valid
CCCc1nc2ccccc2n1Cc1ccc(-c2cccc(C(=O)O)c2)cc1,-3.79518458968242,valid
CCC(C(=O)O)C1CCc2cc(OCCc3nc(C4CCCCC4)oc3C)ccc21,-2.13353890837022,valid
O=C(Cc1ccc(C(F)(F)F)cc1)OCc1ccc(SCc2ccccc2C(=O)O)cc1,-2.88081359228079,valid
CCOC(=O)C(Cc1ccc(OCCn2c(=O)sc3cc(/C=C/c4cc(O)cc(O)c4)ccc32)cc1)OCC,-1.0,valid
Cc1oc(-c2ccc(Cl)cc2)nc1COc1cccc(CN(CC(=O)O)C(=O)OC2CCCC2)c1,-3.17084820364331,valid
COC(=O)C1Cc2ccc(OCCc3nc(-c4ccc(C(C)(C)C)cc4)oc3C)cc2OC1=O,-2.39794000867204,valid
CC[C@@H](NC(=O)c1ccc2c(c1)ncn2Cc1ccc(Cl)cn1)c1ccccc1,-1.5999921775841,valid
Cc1oc(-c2ccccc2)nc1CCOc1ccc(C[C@@H](C(=O)O)n2c(C)ccc2C)cc1,-2.85125834871908,valid
Cc1ccc(Oc2ccc3nc(COc4cccc(C(=O)O)c4)n(C)c3c2)c(F)c1,-1.96378782734556,valid
N[C@@H](Cc1ccc(Oc2cc(I)c(O)c(I)c2)c(I)c1)C(=O)O,-3.57978359661681,valid
CCCc1cc(C(=O)CC)cc(CCC)c1O[C@H](C(=O)O)c1ccc(CC)cc1,-2.68124123737559,valid
Cc1cccc(Nc2cc(Cl)nc(SCC(=O)O)n2)c1,-4.44715803134222,valid
CCCCCNC(=O)c1ccc(NC(=O)c2cccc(CN3C(=O)OC[C@H]3Cc3ccccc3)c2)cc1,-3.21005084987514,valid
COc1ccc(C(=O)n2c(C)c(Cc3cccc(OC(C)(C)C(=O)O)c3)c3cc(OC(F)(F)F)ccc32)cc1,-0.778151250383644,valid
O=C(Cc1ccc(CC(SCCc2ccc(F)cc2)C(=O)O)cc1)OCc1ccc(C(F)(F)F)cc1,-3.23044892137827,valid
CCCCCCC(Sc1nc2ccc(NCc3ccc(Cl)cc3)cc2s1)C(=O)O,-3.38021124171161,valid
CCO[C@@H](Cc1ccc(CCC(OC(=O)NCc2ccccc2)c2ccccc2)cc1)C(=O)O,-3.15228834438306,valid
CCCCCNC(=O)CCc1ccc(OC(C)C)cc1Oc1ncc(C(F)(F)F)cc1Cl,-2.46239799789896,valid
CSc1nc(NC2CC2)c(C(=O)O)c(SCc2ccccc2)n1,-3.25527250510331,valid
O=C(O)C(Cc1ccccc1)Oc1ccc(/C=C/c2ccccc2)cc1,-2.85733249643127,valid
Cc1cc(C)c2nc(C3CC3)n([C@H]3CCc4cc(-c5ccccc5-c5nnn[nH]5)ccc43)c2n1,-2.8819549713396,valid
Cc1cc(CC(C)C)nc2c1nc(C(C)C)n2[C@H]1CCc2cc(-c3ccccc3-c3nnn[nH]3)ccc21,-1.94939000664491,valid
CN1CCOc2ccc(S(=O)(=O)n3c(CCCC(=O)O)cc4cc(Cl)ccc43)cc21,-1.20411998265592,valid
O=S(=O)(Nc1cc(Cl)c(Oc2cncc(Cl)c2)c(Cl)c1)c1ccc(Cl)cc1Cl,-0.778151250383644,valid
Cc1c(C)n(Cc2ccc(-c3ccccc3C(=O)O)cc2)c2ccc(C(=O)NCC3CCCCC3)cc12,-2.25285303097989,valid
Cc1oc(-c2ccccc2)nc1CCOc1ccc(CC2CN(C(=O)OCC(C)C)CCC2C(=O)O)cc1,-0.698970004336019,valid
CCCCNC(=S)OC(CCc1ccc(C[C@H](OCC)C(=O)O)cc1)c1ccccc1,-3.55630250076729,valid
CCc1nc2c(C)cc(C)nc2n1C1CCc2cc(-c3ccccc3-c3nn[nH]n3)ccc21,-2.75891189239797,valid
COc1ccc2c(c1)c(Cc1ccccc1OC(C)C(=O)O)c(C)n2C(=O)c1ccc(Cl)cc1,-1.14612803567824,valid
CCO[C@@H](Cc1ccc(OCCc2nc(-c3cccs3)oc2C)cc1)C(=O)O,1.30102999566398,valid
Cc1oc(-c2ccc(-c3ccccc3)cc2)nc1CCOc1ccc(CCC(=O)O)c(CNC(=O)Oc2cnccn2)c1,-0.301029995663981,valid
CC(C)(O)C1=C[C@@H](O)[C@@](C)(O)CC1,-4.33645973384853,valid
CCCCOC(=O)Cc1c(C(C)C)nc(CCCC)n(Cc2ccc(-c3ccccc3-c3noc(=O)[nH]3)cc2)c1=O,-3.0,test
Cc1oc(-c2ccccc2)nc1CCOc1ccc2c(c1)CCC2C(C(=O)O)c1ccccc1,-3.9804578922761,test
CCCc1[nH]c2ccc(C(=O)NC(CC)c3ccccc3)cc2c1Cc1ccc(-c2ccccc2C(=O)O)cc1,-2.54406804435028,test
Cc1oc(-c2ccccc2)nc1CCOc1ccc(Cc2c(C(=O)O)cnn2-c2ccccc2)cc1,-2.69019608002851,test
CCOC(Cc1ccc(OCCN2CC=C(c3cc(Cl)cc(Cl)c3)CC2)cc1)C(=O)O,-3.15228834438306,test
COc1ccc2ncc(-n3c(C)c(Cc4cccc(O[C@@H](C)C(=O)O)c4)c4cc(OC(F)(F)F)ccc43)cc2c1,-1.69019608002851,test
CO[C@@H](Cc1ccc(C#CCCOc2ccc(Oc3ccccc3)cc2)cc1)C(=O)O,-2.01283722470517,test
Cc1oc(-c2ccccc2)nc1CCOc1ccc(CN(CC(=O)O)Cc2ccc3ccccc3c2)cc1,-3.08278537031645,test
CCCCCOc1cc2ccccc2cc1C(O)CCCCCCCC(=O)OC,-3.13225968953104,test
CCCc1nc2ccc(-c3ccc(OC)cc3)cc2n1Cc1ccc(-c2ccccc2C(=O)O)cc1,-3.00432137378264,test
CCCCCc1nc2ccccc2n1Cc1ccc(-c2ccccc2C(N)=O)cc1,-3.5910646070265,test
CCCCC(Sc1ccc(OCCCOc2ccc(Cl)c(C(F)(F)F)c2)cc1)C(=O)O,-3.89209460269048,test
Cc1ccc(CNC(=O)c2ccc3c(c2)c(C)c(C)n3Cc2ccc(-c3ccccc3C(=O)O)cc2)cc1,-1.14612803567824,test
C/C(=N\OCCCCO/N=C(/CCC(=O)O)c1ccccc1)c1ccc(C(F)(F)F)cc1,-3.14612803567824,test
O=C(O)CCCc1cc2cc(Cl)ccc2n1S(=O)(=O)c1ccccc1,-2.45331834004704,test
CCNC(=O)c1cc(NS(=O)(=O)c2ccc(Cl)cc2Cl)ccc1Oc1cncc(Cl)c1,-1.17609125905568,test
CCCC(Oc1cccc(Cc2c(C)n(C(=O)c3ccc(OC)cc3)c3ccc(OC(F)(F)F)cc23)c1)C(=O)O,-0.301029995663981,test
CCCOC(=O)N1C=C(Cc2cccc(OCCc3nc(-c4ccccc4)oc3C)c2)C(C(=O)O)CC1,-0.903089986991943,test
O=C(O)CSc1nc(Cl)cc(Nc2cccc3c2CCC3)n1,-4.57978359661681,test
CC(C)Oc1cc(CCC(=O)NS(=O)(=O)Cc2ccccc2)n(Cc2ccc(Cl)cc2Cl)n1,-2.41497334797082,test
CCc1cc(OCCc2nc(-c3ccc(C(C)(C)C)cc3)oc2C)ccc1CCC(=O)O,-1.94939000664491,test
Cc1oc(-c2ccccc2)nc1CCc1noc2cc(OC(C)(C)C(=O)O)ccc12,-4.31806333496276,test
CCC(Cc1ccc(C(=O)NCc2ccc(OC)cc2)cc1)C(=O)O,-3.84509804001426,test
CCCCCCC(Sc1nc2ccc(NC(=O)c3ccccc3)cc2s1)C(=O)O,-3.69019608002851,test
COc1cc(/C=C/c2ccc3c(c2)sc(=O)n3CCOc2ccc(CC(OCC(F)(F)F)C(=O)O)cc2)cc(OC)c1,-1.30102999566398,test
C/C(=N\OCC(C)C)C(Cc1ccc(OCCc2nc(-c3ccccc3)oc2C)cc1)C(=O)O,0.522878745280338,test
Cc1oc(-c2ccccc2)nc1CCOc1cccc(CC2=C(C(=O)O)CCN(c3nccc(C(F)(F)F)n3)C2)c1,-1.94939000664491,test
CCC(C(=O)O)C1CCc2cc(OCCc3nc(-c4ccccc4F)oc3C)ccc21,-1.69019608002851,test
Cc1sc(-c2cccc(C(F)(F)F)c2)nc1CCOc1ccc2c(c1)CC[C@H]2CC(=O)O,-1.47712125471966,test
CC[C@@H](NC(=O)c1ccc2c(c1)ncn2Cc1ccc(Cl)cc1Cl)c1ccccc1,0.299988937677888,test
CSc1nc(Cl)c(C(=O)NCc2ccccc2)c(NCc2ccccc2)n1,-3.69897000433602,test
CCCc1cc(Oc2ccccc2)ccc1OCCCCOc1ccc2c(c1)OC(C(=O)O)CC2,-3.20411998265592,test
CCC(Cc1ccc(C(=O)NCc2ccccc2C(F)(F)F)cc1)C(=O)O,-3.68124123737559,test
COC(=O)c1cc2c(c(O)c1C(C)OC(C)=O)C(=O)c1c(O)cc3cc(C)c(Cl)c(OC)c3c1C2=O,-2.20411998265592,test
CCCCc1nc(C)c(Cc2nc(C(C)(C)C)no2)c(=O)n1Cc1ccc(-c2ccccc2-c2noc(=O)[nH]2)cc1,-2.44715803134222,test
CCCn1nc2ccc(C(=O)NC(CC)c3ccccc3)cc2c1Cc1ccc(-c2ccccc2C(=O)O)cc1,-2.11394335230684,test
COc1cc(OC)cc(-c2nc(CCOc3ccc(C[C@H](OC)C(=O)O)c4sccc34)c(C)o2)c1,-1.36172783601759,test
C/C(=N\OCCOc1ccc(CC2SC(=O)NC2=O)cc1)c1ccccc1,-3.23044892137827,test
COC(=O)c1cc2ccc(OCCc3nc(-c4ccc(C(C)(C)C)cc4)oc3C)cc2oc1=O,-3.2405492482826,test
Cc1nc(-c2ccccc2)n(C)c1CCOc1ccc2c(c1)CC[C@H]2CC(=O)O,-2.40993312333129,test
CC(C)(Oc1ccc(CCOc2ccc(Oc3ccccc3)cc2)cc1)C(=O)O,-3.83884909073726,test
Cc1oc(-c2ccccc2)nc1CCOc1cccc(CN(CC(=O)O)Cc2cccc3ccccc23)c1,-1.55630250076729,test
Cc1oc(-c2ccccc2)nc1CCOc1cccc(C2=C(CC(=O)O)CCN(C(=O)Oc3ccccc3)C2)c1,-0.602059991327962,test
CC(C)OC(Cc1ccc(OCCc2noc(-c3ccccc3)n2)cc1)C(=O)O,-1.11394335230684,test
CCOC(Cc1ccc(OC(=O)Cc2nc(-c3ccccc3)oc2C)c(C)c1)C(=O)O,-1.63346845557959,test
CC(Cc1ccc(Oc2cc(N3CCN(CC4CCCCC4)CC3)nc(N)n2)cc1)(Oc1ccccc1)C(=O)O,-3.74350976472843,test
CCOC(=O)CN1C(=O)S/C(=C\c2ccc(OC)cc2)C1=O,-3.84509804001426,test
Cc1cccc(OC(=O)C2C(c3ccccc3)C(C(=O)O)C2c2ccccc2)c1,-3.51851393987789,test
COc1ccc(-c2nc(SCCOc3ccc(OCC(=O)O)c(C)c3)sc2-c2ccc(OC)cc2)cc1,-3.75281643118827,test
C[C@]1(C(=O)O)CCc2ccc(OCCCOc3ccc(C4CCCC4)cc3Cl)cc2O1,-2.84509804001426,test
O=C(O)CCCc1cc2cc(C(F)(F)F)ccc2n1S(=O)(=O)c1ccc2scnc2c1,-2.16731733474818,test
Cc1nc(-c2ccc(C(F)(F)F)cc2)sc1C(=O)NCc1ccc(NS(=O)(=O)C(F)(F)F)cc1,-2.69897000433602,test
Cc1c(C)n(Cc2ccc(-c3ccccc3C(=O)O)cc2)c2ccc(C(=O)NCc3cccc([N+](=O)[O-])c3)cc12,-2.91487181754005,test
COC(c1ccccc1OC(F)(F)F)C1CC1c1cc(C)c(OC(C)(C)C(=O)O)c(C)c1,-1.85733249643127,test
O=C(O)c1ccc(NC(=O)c2ccccc2NC(=O)c2ccc3ccccc3c2)cc1,-4.32221929473392,test
Cc1cc(F)cc(Oc2ccc3nc(COc4cccc(C(=O)O)c4)n(C)c3c2)c1,-1.32221929473392,test
COc1c(Cl)c(C)cc2cc(O)c3c(c12)C(=O)c1cc2c(c(O)c1C3=O)C(C)OC2=O,-2.41497334797082,test
COc1ccc2c(-n3c(=O)n(Cc4cc([C@@]5(C)OC(=O)NC5=O)ccc4Cl)c4cc(C(F)(F)F)ccc43)noc2c1,-1.23044892137827,test
CC[C@@H](NC(=O)c1ccc2c(c1)nc(C)n2Cc1ccc(Cl)cc1)c1ccccc1,-1.49996186559619,test
CCC(NC(=O)c1ccc2c(c1)c(SC)c(C)n2Cc1ccc(-c2ccccc2C(=O)O)cc1)c1ccccc1,0.0,test
CC(=O)NC[C@H](Cc1ccc(OCCc2nc(-c3ccccc3)oc2C)cc1)Nc1ccccc1C(=O)c1ccccc1,-3.0,test
O=C(O)COc1ccc(Sc2ccc(COc3ccc(C(F)(F)F)cc3)cc2OCC#CCO)c2c1CCCC2,-3.77085201164214,test
CCOC(Cc1ccc2c(ccn2Cc2nc(-c3cc(OC)cc(OC)c3)oc2C)c1)C(=O)O,-1.0,test
CO/N=C(\C)C(Cc1ccc(OCCc2nc(-c3ccccc3)oc2C)cc1)C(=O)O,-0.322219294733919,test
CCCC/C(=C\c1cc(Oc2ccccc2)ccc1OCc1ccc(C(F)(F)F)cc1)C(=O)O,-2.85733249643127,test
Cc1sc(N2CCN(C)CC2)nc1CCOc1ccc(C[C@@](O)(C(=O)O)c2ccccc2C(=O)c2ccccc2)cc1,-0.110252917353403,test
CCCSCCN1C(=O)C(CCOc2ccccc2CC(=O)O)Oc2ccccc21,-2.57978359661681,test
CCCCCS(=O)(=O)NC(=O)CCc1cc(C(C)C)nn1Cc1ccc(Cl)cc1Cl,-1.11394335230684,test
CCOC(=O)N1C[C@H](Cc2cccc(OCCc3nc(-c4ccccc4)oc3C)c2)[C@@H](C(=O)O)C1,-3.45484486000851,test
CCCCC(Sc1ccc(OCCCOc2ccccc2C)cc1)C(=O)O,-3.36172783601759,test
Cc1sc(N2CCOCC2)nc1CCOc1ccc(CCC(=O)O)c(CNC(=O)OC(C)C)c1,-1.44715803134222,test
O=C(O)[C@H](Cc1ccccc1)Oc1ccc(CO)cc1,-4.40996658130605,test
Cc1ccc(F)cc1Oc1ccc2nc(COc3cccc(C(=O)O)c3)n(C)c2c1,-1.5910646070265,test
CC(C)(Oc1ccc(CCCN(CCc2c(F)cccc2Cl)C(=O)Nc2cccc(Cl)c2Cl)cc1)C(=O)O,-3.39794000867204,test
COc1cc(O)c2c(c1C(=O)NCc1c(C)ccc3c(F)cccc13)OC1=CC(O)=C(C(C)=O)C(=O)[C@]12C,-1.20411998265592,test
CCCOc1ccc(C[C@@H](Cc2ccccc2)C(=O)O)cc1CNC(=O)c1ccc(-c2ccccn2)cc1,-2.26974637313077,test
CCCc1c(OCCCCOc2ccc(CCC(=O)O)cc2)ccc2c(-c3ccccc3)noc12,-2.68574173860226,test
Cc1ccc(OC(=O)N(CC(=O)O)Cc2cccc(OCc3nc(-c4ccc(Cl)cc4)sc3C)c2)cc1,-3.39794000867204,test
CC[C@H](Oc1cccc(CN(CCCOc2ccc(OC)cc2)c2nc3ccccc3o2)c1)C(=O)O,-3.11727129565576,test
O=S(=O)(Nc1cc(Cl)c(Oc2cnc3ccccc3c2)c(Cl)c1)c1ccc(Br)cc1Cl,-2.12710479836481,test
CCCc1c(OCCCCOc2ccc(C(C)(C)CC(=O)O)cc2)ccc2c(-c3ccccc3)noc12,-1.568201724067,test
CCCOc1ccc(C[C@@H](Cc2ccccc2)C(=O)O)cc1CNC(=O)c1ccc(N2CCCCCC2)cc1,-0.826074802700826,test
CCCc1cc(C(=O)c2ccc(F)cc2)ccc1OCCCOc1ccc2c(ccn2CC(=O)O)c1,-2.20411998265592,test
CCCc1nc2ccccc2n1Cc1ccc(-c2ccccc2C(N)=O)cc1,-3.4983105537896,test
CC(C)(C)c1ccc(C(=O)NCc2ccc(NS(C)(=O)=O)cc2Cl)cc1,-4.16731733474818,test
COc1ccc(-c2nc(Sc3cccc(C(C)C(=O)O)c3)sc2-c2ccc(OC)cc2)cc1,-3.36172783601759,test
CCOC(=O)CN(CCCOc1ccc2ccccc2c1)c1ccc(OC)cc1,-3.68124123737559,test
CCOC(=O)CN1C(=O)SC(Cc2ccc(F)cc2)C1=O,-4.0,test
COC(=O)c1cc2ccc(OCCc3nc(-c4cccc(C)c4)oc3C)cc2oc1=O,0.0,test
CCCCCCC(Sc1nc2ccc(NCc3cccc(Cl)c3)cc2s1)C(=O)O,-3.17609125905568,test
CCOC(=O)C1=C(c2ccc(C)cc2)c2ccc(OCCCc3ccccc3)cc2/C1=[N+](/C)[O-],-2.81954393554187,test
CC[C@]1(C(=O)O)CCc2ccc(OCCCOc3ccc(C(C)C)cc3Cl)cc2O1,-3.07918124604762,test
Cc1oc(-c2ccccc2)nc1CC#Cc1ccc(CC(C(=O)O)c2cccnc2)cc1,-3.65321251377534,test
Cc1oc(-c2ccccc2)nc1CCOc1ccc(CN(CC(=O)O)Cc2cccc3ccccc23)cc1,-2.92427928606188,test
Cc1ccc(OC(=O)N(CC(=O)O)Cc2cc(OCc3nc(-c4ccc(Cl)cc4)oc3C)ccc2F)cc1,-3.09864372581706,test
Cc1oc(-c2ccc(-c3ccccc3)cc2)nc1CCOc1ccc(OC(C)(C)C(=O)O)cc1,-2.94448267215017,test
CC(C)(Sc1ccc(CCN(CCc2ccc(-c3ccccc3)cc2)C(=O)NC2CCCCC2)cc1)C(=O)O,-3.38021124171161,test
COc1cc(OC(=O)N(CC(=O)O)[C@@H](C)c2cccc(OCc3coc(-c4ccc(Cl)cc4)n3)c2)ccc1F,-3.15956719323362,test
CS(=O)(=O)Oc1ccc(CC(=O)OCc2ccc(CC(SCCc3ccc(F)cc3)C(=O)O)cc2)cc1,-3.23044892137827,test
CC(Cc1ccc(Oc2cc(N3CCN(c4cccc(Cl)c4)CC3)nc(N)n2)cc1)(Oc1ccccc1)C(=O)O,-3.65030752313194,test
CCC(NC(=O)c1ccc2c(c1)cc(C)n2Cc1ccc(-c2ccccc2C(=O)O)cc1)c1ccccc1,-1.23044892137827,test
C/C(=N\OCc1nc(-c2ccc(C)cc2)oc1C)c1ccc(OCC(=O)O)c(C)c1,-2.60205999132796,test
CC(C)(Oc1ccc(CCN(C(=O)Nc2ccc(F)cc2F)C2CCCCCC2)cc1)C(=O)O,-0.778151250383644,test
CCCc1nc(-c2ccccc2)cn1Cc1ccc2c(c1)COc1ccccc1/C2=C(\C)c1noc(=O)[nH]1,-2.17897694729317,test
Cc1nc(-c2ccc(C(F)(F)F)cc2)oc1CSc1ccc(OCC(=O)O)cc1,-3.80617997398389,test
Cc1sc(-c2ccc(-c3ccccc3)cc2)nc1CCOc1ccc2c(c1)CC[C@H]2CC(=O)O,-1.11394335230684,test
COC(=O)N(CC(=O)O)Cc1cc(OCc2nc(-c3ccc(F)cc3)oc2C)ccc1F,-4.00043407747932,test
O=C(O)CCCNC(=O)c1ccccc1NC(=O)c1ccc(-c2ccccc2)cc1,-4.11394335230684,test
CCCc1cc(C=C2CCCCC2)ccc1OCCCOc1cccc(C2SC(=O)NC2=O)c1,-2.32221929473392,test
C/C(=C\C(=O)c1ccccc1)NC(Cc1ccc(OCCOc2ccc(/C=C/c3ccc(Cl)cc3)cc2)cc1)C(=O)O,-1.41497334797082,test
CCCc1nc2ccc(C(=O)c3ccccc3)cc2n1Cc1ccc(-c2ccccc2C(=O)O)cc1,-2.79239168949825,test
CCC(=O)c1nc2cc(C(=O)N[C@H](CC)c3ccccc3)ccc2n1Cc1ccc(Cl)c(Cl)c1,-1.89998456254939,test
CC[C@]1(C(=O)O)CCc2ccc(OCCCOc3ccc(F)cc3Cl)cc2O1,-3.47712125471966,test
CCc1nc2ccn(Cc3ccccc3C#N)c(=O)c2n1[C@H]1CCc2cc(-c3ccccc3-c3nnn[nH]3)ccc21,-2.83569057149243,test
CCCCCCC(Sc1nc(Cl)cc(Nc2ccc(Cc3ccccc3)cc2)n1)C(=O)O,-2.69019608002851,test
CCCc1cc(C(F)(F)F)ccc1OCCCOc1ccc(OCC(=O)OC)cc1,-3.07371835034612,test
COc1ccc(CCOC(=O)Cc2ccc(SCc3ccccc3C(=O)O)cc2)cc1OC,-3.84509804001426,test
CN(CCOc1ccc(CC(Nc2ccccc2C(=O)C2CCCC2)C(=O)O)cc1)c1nc2ccccc2o1,-1.3241795297179,test
Cc1oc(-c2cccc(Cl)c2)nc1CCOc1ccc(CC2(C(=O)O)CCCO2)cn1,0.0,test
CCCc1cc(Oc2ccccc2)ccc1OCCCOc1ccc2c(c1)OC(C(=O)O)CC2,-3.86332286012046,test
CCCCCS(=O)(=O)NC(=O)/C=C/c1cc(C2CC2)nn1Cc1ccc(C(F)(F)F)cc1Cl,-1.07918124604762,test
Cc1oc(-c2ccccc2)nc1CCCC[C@H]1CO[C@@](CC(C)C)(C(=O)O)OC1,-4.0,test
Cn1c(COc2cccc(C(=O)O)c2)nc2ccc(Oc3ccccc3F)cc21,-3.15654915133178,test
CCOC(=O)CN1C(=O)S/C(=C\c2ccc(C(F)(F)F)cc2)C1=O,-4.0,test
Cc1cc(OC/C=C\C(C#Cc2ccccc2)c2cnc3ccccc3c2)ccc1OCC(=O)O,-3.81954393554187,test
CC(C)(C)c1ccc(-n2c(C(=O)O)c(Oc3cccc(-c4cc(C(F)(F)F)c[nH]4)c3)c3ccc(Cl)nc32)cc1,-1.97772360528885,test
Cc1cc(-c2ccccc2)nn1CCOc1ccc(C[C@H](Nc2ccccc2C(=O)c2ccccc2)C(=O)O)cc1,-0.281714970027296,test
O=C(O)[C@H](Cc1ccccc1)Oc1ccc(-c2ccc(Cl)cc2)cc1,-3.95000003014658,test
CCO[C@@H](Cc1cccc(C2=NOC(c3ccc(O)cc3)C2)c1)C(=O)O,-4.58658730467176,test
Cc1oc(-c2ccccc2)nc1CCOc1ccc(C[C@H](Nc2ccccc2C(=O)c2ccccc2)C(=O)O)cc1,-0.272128400280352,test
CCc1ccc(O[C@H](C)CCOc2ccc(CCC(=O)O)c(CC)c2)c(-c2ccccn2)c1,-2.22271647114758,test
CCc1nc2cc(C(=O)N[C@H](CC)c3ccccc3)ccc2n1Cc1ccc(Cl)c(Cl)c1,-2.30000820255381,test
Cc1oc(-c2ccccc2)nc1CCOc1ccc(CC(Oc2ccccc2)C(=O)O)cc1,-2.5910646070265,test
CC(C)(C)c1ccc(C(=O)Nc2ccccc2C(=O)Nc2cccc(CC(=O)O)c2)cc1,-3.79239168949825,test
CCCc1c(OCCCCOc2ccc(OC(C)C(=O)O)cc2)ccc2c(-c3ccccc3)noc12,-1.20411998265592,test
CCO[C@@H](Cc1ccc(OCCn2c3ccccc3c3ccccc32)cc1)C(=O)O,-2.23029561391705,test
CCOC(=O)N1C[C@@H](Cc2ccc(OCCc3nc(-c4ccccc4)oc3C)cc2)[C@@H](C(=O)O)C1,-2.47712125471966,test
Cc1ccc(-c2nc(COc3ccc(C[C@H]4CO[C@@](C)(C(=O)O)OC4)cc3)c(C)o2)s1,-1.29666519026153,test
O=C(O)C[C@@H]1CCCN1c1ccc(OCc2ccc(Cl)cc2Cl)cc1,-4.23044892137827,test
Cc1ccc(CNC(=O)c2ccc(C(F)(F)F)cc2F)cc1Oc1ccc(OC(C)(C)C(=O)O)c(C)c1,-1.38021124171161,test
CCOC(Cc1ccc(OCCCc2nc(-c3ccccc3)oc2C)cn1)C(=O)O,-2.94792361983173,test
CSc1ccc(-c2ccc(/C=C3\C=C(CC(=O)O)c4cc(F)ccc43)cc2)cc1,-3.17609125905568,test
CCO[C@@H](Cc1cccc(/C(C)=N/OCc2ccccc2Cl)c1)C(=O)O,-1.41497334797082,test
CCCc1cc(C(=O)c2ccc(Cl)cc2)ccc1OCCCOc1cccc(C2SC(=O)NC2=O)c1,-1.70757017609794,test
CCCCC(Cc1ccc(OCCc2nc(-c3ccccc3)oc2C)cc1)(Oc1ccccc1)C(=O)O,-3.39915433395822,test
CCCc1cc(C(=O)c2ccc(F)cc2)ccc1OCCCOc1ccc2ccn(CC(=O)O)c2c1,-3.60205999132796,test
Cc1oc(-c2ccccc2)nc1CC#Cc1ccc(CC(C(=O)O)c2cccc(-c3ccccc3)c2)cc1,-4.11394335230684,test
CCCc1c(OCCCOc2ccc3c(ccn3CC(=O)O)c2)ccc2c(C(F)(F)F)noc12,-2.36172783601759,test
O=C(O)CCc1ccc2[nH]c(-c3ccccc3)c(CCc3ccccc3)c2c1,-3.47999975259164,test
C/C(=C1/c2ccc(Cc3c(C4CC4)nc4cc(Cl)ccn34)cc2COc2cc(F)ccc21)c1noc(=O)[nH]1,-0.397940008672038,test
Cc1ccc(Oc2ccc3nc(COc4cccc(C(=O)O)c4)n(C)c3n2)c(C)c1,-2.00432137378264,test
Cc1oc(-c2ccccc2)nc1CCOc1cccc(-c2nn(-c3ccccc3)nc2C(=O)O)c1,-3.34044411484012,test
CCCCC(Sc1nc(OCCC2CCCCC2)cc(OCCC2CCCCC2)n1)C(=O)O,-3.81954393554187,test
Cc1oc(C(C)(C)C)nc1CCOc1ccc(C[C@H]2CO[C@@](C)(C(=O)O)OC2)cc1,-3.69983772586725,test
CCCCC(Cc1ccc(OCCC2CCCCC2)c(OCCC2CCCCC2)c1)C(=O)O,-3.04139268515822,test
CCOC(=O)C(CC)Cc1ccc(C(=O)NCc2ccc(F)cc2C(F)(F)F)cc1,-3.44715803134222,test
Cc1cc(CNC(=O)c2cc(-c3ccc(-c4ccoc4)cc3)n(C)n2)ccc1OC(C)(C)C(=O)O,-1.47712125471966,test
CCO[C@@H](Cc1cccc(C2=NOC(c3ccc(OS(C)(=O)=O)cc3)C2)c1)C(=O)O,-4.44870631990508,test
Cc1oc(-c2ccccc2)nc1CCOc1ccc(C[C@@H](NC(=O)/C=C/c2ccco2)C(=O)O)cc1,-2.19033169817029,test
Cc1cc(CCc2sc(-c3ccc(C(F)(F)F)cc3)nc2C)ccc1OCC(=O)O,-4.0,test
Cc1ccc(Oc2ccc3nc(COc4cccc(C(=O)O)c4)n(C)c3n2)cc1F,-1.69897000433602,test
CCCOc1ccc(C[C@@H](Cc2ccccc2)C(=O)O)cc1CNC(=O)c1ccc(-c2ccncc2)cc1,-3.22737244228964,test
COC(=O)c1cc(CNC(=O)c2c(OC)cc(O)c3c2OC2=CC(O)=C(C(C)=O)C(=O)[C@]23C)c2ccccc2c1,-2.94448267215017,test
CC[C@@H](NC(=O)c1ccc2c(c1)ncn2Cc1cccnc1)c1ccccc1,-2.70000239714225,test
COc1cccc(Oc2c(C(=O)O)n(-c3ccc(C(C)(C)C)cc3)c3nc(Cl)ccc23)c1,-2.87794695162919,test
CCCc1cc(C(=O)CC)cc(Cl)c1O[C@H](C(=O)O)c1ccc(C(C)C)cc1,-2.55630250076729,test
C=C[C@H](C#CC#C[C@@H](O)/C=C\CCCCCCC)O[C@]1(C)CCC[C@]2(C)CC[C@@H](C(C)(C)O)C[C@H]21,-3.27875360095283,test
Cc1nc(-c2cccc(C(F)(F)F)c2)sc1CNCc1ccc(OC(C)(C)C(=O)O)cc1,-4.39794000867204,test
CCCCC(Cc1ccc(OCCCOc2cccc(C)c2C)cc1)C(=O)O,-3.6232492903979,test
CC(C)OC(Cc1ccc(OCCc2noc(-c3ccc(Cl)cc3)n2)cc1)C(=O)O,-1.39794000867204,test
C=CCn1nc(C(=O)NCc2ccc(OC(C)(C)C(=O)O)c(C)c2)cc1-c1ccc(C(C)(C)C)cc1,-1.83884909073726,test
COc1ccc(-c2nc(SCCCCOc3ccc(OCC(=O)O)c(C)c3)sc2-c2ccc(OC)cc2)cc1,-3.80345711564841,test
CCCCCC1=CC(=O)C(C/C=C(\C)CCC=C(C)C)=C(O)C1=O,-3.69019608002851,test
Cc1ccc(-c2nsc(CSc3ccc(OC(C)(C)C(=O)O)c(C)c3)n2)cc1Cl,-2.82542611776782,test
O=C(O)CC1=C/C(=C\c2ccc(Br)cc2)c2ccc(F)cc21,-3.04139268515822,test
C/C(=N\OCCF)C(Cc1ccc(OCc2nc(-c3ccc(F)cc3)oc2C)cc1)C(=O)O,-0.886490725172482,test
CCCc1nc2c(C(F)(F)F)cccc2n1Cc1ccc(-c2ccccc2C(=O)O)cc1,-4.08278537031645,test
CCO[C@@H](Cc1ccc(OC/C=C/c2cc(/C=C/c3ccccc3)cc(/C=C/c3ccccc3)c2)cc1)C(=O)O,-3.47712125471966,test
CCC(C(=O)O)C1CCc2cc(OCCc3nc(-c4c(F)cccc4F)oc3C)ccc21,-2.56584781867352,test
CCC(Cc1cc(CNC(=O)c2ccc(C34CC5CC(CC(C5)C3)C4)cc2)c(OC)cc1F)C(=O)O,-1.55630250076729,test
CC(C)(Oc1ccc(CCCOc2ccc(C(=O)/C=C/c3ccccc3)cc2)cc1)C(=O)O,-2.90308998699194,test
Cc1ccc(OC(=O)N(CC(=O)O)Cc2cccc(OCc3nc(-c4ccc(C)cc4)oc3C)c2)cc1,-2.83505610172012,test
CCC1(C(=O)O)CCc2ccc(OCCCOc3ccc(Oc4ccccc4)cc3Cl)cc2O1,-2.20411998265592,test
CCCc1c(OCCCOc2ccc(OCC(=O)OC)cc2)cnc(C(C)=O)c1O,-2.87909587950007,test
O=C(NCc1ccc(NS(=O)(=O)C(F)(F)F)cc1)c1ccc(-c2ccc(Cl)cc2)cc1,-3.04139268515822,test
CC(C)(C)c1ccc(-n2c(C(=O)O)c(Oc3cccc(C(F)(F)F)c3)c3cccnc32)cc1,-2.66651798055488,test
O=C(Nc1ccc(Oc2ncccn2)cc1C(=O)O)c1ccc(Cl)cc1Cl,-3.11394335230684,test
CCOC(=O)C1=C(c2cccc(C)c2)c2ccc(OCCCc3ccccc3)cc2/C1=[N+](/C)[O-],-2.47712125471966,test
CC(C)(Oc1cccc(CCCN(C(=O)c2ccc(C(F)(F)F)c(C(F)(F)F)c2)c2cccc(-c3ncon3)c2C2CC2)c1)C(=O)O,-2.50514997831991,test
C/C(=N\OCCOc1ccc(CC2SC(=O)NC2=O)cc1)c1ccc(-c2ccccn2)cc1,-2.80617997398389,test
CC[C@]1(C(=O)O)CCc2ccc(OCCCOc3ccc(C(F)(F)F)cc3Cl)cc2O1,-3.0,test
CCCCC(Sc1ccc(OCCCOc2ccc3ncccc3c2)cc1)C(=O)O,-3.11394335230684,test
CCC(Oc1cccc(CN(CCCOc2ccccc2)c2nc3cc(C(F)(F)F)ccc3o2)c1)C(=O)O,-2.60205999132796,test
CCC(Oc1cccc(CN(CCCOc2ccccc2)c2nc3ccc(F)cc3o2)c1)C(=O)O,-3.04139268515822,test
CCCCc1nc(C)c(Cc2nc(Cc3cccc(F)c3)no2)c(=O)n1Cc1ccc(-c2ccccc2-c2noc(=O)[nH]2)cc1,-3.14301480025409,test
Cc1cc(OCC[C@@H](C)Oc2ccc(C(F)(F)F)cc2Oc2ccccc2)ccc1CCC(=O)O,-0.602059991327962,test
CCCCSc1nc(NCc2ccccc2)c(C(=O)O)c(SCc2ccccc2)n1,-2.74036268949424,test
CS(=O)(=O)Oc1ccc(C(=O)OCc2ccc(CC(SCCc3ccc(F)cc3)C(=O)O)cc2)cc1,-3.25527250510331,test
CCCCCS(=O)(=O)NC(=O)C(Cc1ccc(OCCOC)cc1Oc1ncc(C(F)(F)F)cc1Cl)OC,-0.826074802700826,test
O=C(O)Cc1ccc(CNc2cccc(-c3c(Cc4ccccc4)cnc4c(Cl)cccc34)c2)cc1,-2.7041505168398,test
Cc1ccc(C(=O)c2nc3ccccc3n2-c2cccc(OC(C)(C)C(=O)O)c2)cc1,-3.51851393987789,test
Cc1ccc2c(c1)cc(CCCC(=O)O)n2S(=O)(=O)c1ccccc1,-2.45331834004704,test
C/C(=C/CC/C(C)=C/CC/C(C)=C/Cc1occc1C)C(=O)O,-4.22271647114758,test
COc1ccc(/C=C2\C=C(CC(=O)O)c3cc(F)ccc32)cc1,-3.11394335230684,test
Cc1oc(-c2ccccc2)nc1CCOc1ccc(Cc2nn(-c3ccccc3)nc2CC(=O)O)cc1,-1.11394335230684,test
Cc1cc(C2CC2C(OCCC2CCCCC2)c2ccc(OC(F)(F)F)cc2)cc(C)c1OC(C)(C)C(=O)O,-1.53147891704226,test
CCOC(Cc1ccc(OCC=C2c3ccccc3-c3ccccc32)cc1)C(=O)O,-4.08278537031645,test
Cc1cccc(-c2nc(CCOc3ccc4c(c3)CC[C@H]4CC(=O)O)c(C)o2)c1,-1.80617997398389,test
Cc1c(Oc2ccc(Cl)c(O[C@@H](C)C(=O)O)c2)c2cc(OC(F)(F)F)ccc2n1-c1noc2cc(Cl)ccc12,-0.477121254719662,test
CCCc1c(SC)c2cc(NC(=O)C(CC)c3ccccc3)ccc2n1Cc1ccc(-c2ccccc2C(=O)O)cc1,-0.477121254719662,test
COC(=O)N(CC(=O)O)Cc1cccc(OCc2csc(-c3ccccc3Cl)n2)c1,-3.70208572143583,test
O=C(O)C(Cc1ccccc1)Oc1ccccc1C(F)(F)F,-4.47712125471966,test
CCCc1c(OCCCSc2ccc(CC(=O)O)cc2Cl)ccc2c(C(F)(F)F)noc12,-1.36172783601759,test
O=S(=O)(Nc1cc(-c2cccs2)nn1-c1ccc(F)cc1)c1cc(C(F)(F)F)cc(C(F)(F)F)c1,0.10790539730952,test
CCO[C@@H](Cc1ccc(OCC=C(c2ccc(Br)cc2)c2ccc(Br)cc2)cc1)C(=O)O,-2.9525502938982,test
O=C(O)C(Cc1cccc(F)c1)Oc1ccc(Cl)cc1,-3.54406804435028,test
Cc1oc(-c2ccccc2)nc1CCOc1cccc(CN(CC(=O)O)Cc2ccc(Oc3ccccc3)cc2)c1,-1.82607480270083,test
CCCc1nc2c(Cl)cccc2n1Cc1ccc(-c2ccccc2C(=O)O)cc1,-3.93801909747621,test
Cc1cc(CNC(=O)c2cc(-c3ccc(C(C)C)cc3)n(C)n2)ccc1OC(C)(C)C(=O)O,-0.903089986991943,test
O=C(O)C(Cc1ccccc1F)Oc1ccc(Cl)cc1,-3.69019608002851,test
COc1ccc(C(=O)c2cccn2C/C=C/c2cccc(CC(=O)O)c2)cc1,-3.30102999566398,test
CCO[C@@H](Cc1ccc(OC/C=C/c2cc(Br)cc(Br)c2)cc1)C(=O)O,-3.61278385671974,test
CCCc1c(OCCCOc2cccc3c2ccn3CC(=O)O)ccc2c(-c3ccccc3)noc12,-2.63346845557959,test
CCOc1cc(F)c(CC(CC)C(=O)O)cc1CNC(=O)c1ccc(C23CC4CC(CC(C4)C2)C3)cc1F,-1.34242268082221,test
CCOC(=O)C1=C(CC)c2ccc(OCCCc3ccccc3)cc2/C1=[N+](/C)[O-],-1.90308998699194,test
Cc1c(C)n(Cc2ccc(-c3ccccc3C(=O)O)cc2)c2ccc(C(=O)N[C@@H](C)c3ccc(C(C)C)cc3)cc12,-3.05728564441821,test
CC(C)=CCC/C(C)=C/Cc1c(O)cc(/C=C/c2ccsc2)cc1O,-3.77815125038364,test
Cc1cc(Oc2cccc(CNC(=O)c3ccc(C(F)(F)F)cc3C)c2)ccc1CCC(=O)O,-2.53781909507327,test
COC1Oc2cc(O)c3c(c2C(=O)N1C(=O)NCc1ccco1)OC1=CC(O)=C(C(C)=O)C(=O)[C@]13C,-2.7481880270062,test
Cc1oc(-c2ccc(F)cc2)nc1CCOc1ccc(C[C@H](Nc2ccccc2C(=O)c2ccccc2)C(=O)O)cc1,0.899974269892137,test
CCCc1cc(C2CCCCCC2)ccc1OCCCOc1cccc(C2OC(=O)NC2=O)c1,-1.54406804435028,test
COc1ccc(C(=O)c2c(C)n(Cc3cccc(O[C@@H](C)C(=O)O)c3)c3nc(C)ccc23)cc1,-0.954242509439325,test
CCOC(=O)C1=C(c2ccccc2)c2ccc(OCCCc3ccccc3)cc2C1=O,-1.69897000433602,test
CCCOc1ccc(C[C@@H](Cc2ccccc2)C(=O)O)cc1CNC(=O)c1ccc(N2CCCC(C)(C)C2)cc1,-0.845098040014257,test
C#Cc1ccc(/C=C2\C=C(CC(=O)O)c3cc(F)ccc32)cc1,-3.04139268515822,test
