smiles,CHEMBL244_Ki,group
N=C(N)c1ccc2oc(-c3cccc(-c4ccccc4)c3O)cc2c1,-3.832508912706236,training
NS(=O)(=O)c1ccccc1-c1ccc(NC(=O)C2CC(c3ccccc3)=NO2)cc1,-4.041392685158225,training
O=C(NCC1CCN(c2ccncc2)CC1)c1cc2ccccc2n1Cc1cc(-c2ccc(Cl)s2)on1,-1.806179973983887,training
CC(=O)N1C[C@H](C(=O)Nc2ccc(Cl)cc2)[C@@H](C(=O)Nc2ccc(-n3ccccc3=O)cc2F)C1,-1.4471580313422192,training
COCCCC(NC(=O)[C@@H]1CCCN1C(=O)[C@@H](NC(=O)OCc1ccccc1)C(c1ccccc1)c1ccccc1)B1O[C@@H]2CC3CC(C3(C)C)[C@]2(C)O1,-0.8573324964312685,training
NS(=O)(=O)c1ccccc1-c1ccc(NC(=O)C2CC(c3ccc4c(c3[N+](=O)[O-])OCO4)=NO2)cc1,-3.380211241711606,training
O=C(Nc1ccc(Cl)cc1)c1cc(Cl)ccc1NC(=O)c1scc(Cn2cncn2)c1Cl,-0.2041199826559248,training
Cc1cc(N2CCC(N(C)C(=O)CCS(=O)(=O)c3ccc4cc(Cl)ccc4c3)CC2)ccn1,-1.1760912590556811,training
CC(C)c1cc(C(C)C)c(S(=O)(=O)N[C@@H](Cc2cccc(C(=N)N)c2)C(=O)N2CCC(C(=O)NCCN=C(N)N)CC2)c(C(C)C)c1,-3.6989700043360174,training
CCN(CC)CC(=O)N=S(C)(=O)c1ccc(C(=O)Nc2ccc(Cl)cc2C(=O)Nc2ccc(Cl)cn2)cc1,-0.041392685158225,training
N=C(N)c1cccc(Oc2ccc(NC(=O)NCC(N)=O)c(Oc3cccc(C(=N)N)c3)n2)c1,-2.041392685158225,training
Cc1c(F)c(Oc2cccc(N(C)C)c2)nc(Oc2cc(C(=N)N)ccc2NS(C)(=O)=O)c1F,-3.740362689494244,training
O=C1[C@@H](NS(=O)(=O)c2ccc3cc(Cl)ccc3c2)CCN1c1ccc2c(c1F)CCCNC2,0.0969100130080563,training
N=C(N)NCCC1CCN(C(=O)[C@H](Cc2cccc(C(=N)N)c2)NS(=O)(=O)c2ccc3ccccc3c2)CC1,-4.431363764158987,training
O=C1c2c(c(C(F)(F)F)nn2-c2cccc(-c3n[nH]c(=O)[nH]3)c2)CCN1c1ccc(-c2ccccc2CN2CCCC2)cc1,0.3979400086720376,training
CN(C)Cc1nccn1-c1ccc(C(=O)N[C@H]2CCC[C@H]2NC(=O)c2ccc3c(Cl)c[nH]c3c2)cc1,-0.8512583487190752,training
N=C(N)c1cc2cc(-c3cccc(OCc4cccc(F)c4)c3)ccc2s1,-3.792391689498254,training
CC(C)(C(=O)Nc1ccc(-n2cnc3ccccc32)cc1)c1c[nH]c2ccc(C(=N)N)cc12,-0.3424226808222063,training
N#Cc1ccc(C(=O)NCC2CCN(c3ccncc3)CC2)cc1OCCc1ccc(Cl)cc1Cl,-1.6434526764861874,training
CC(=N)N1CCC(Oc2ccc3nc(C(C)C)n(Cc4ccc5ccc(C(=N)N)cc5c4)c3c2)CC1,1.585026652029182,training
CC(C)(C)c1ccc(CCNS(=O)(=O)c2cc(C(=N)N)ccc2O)cc1,-1.4313637641589874,training
COc1ccc(NC(=O)[C@H]2CN(S(C)(=O)=O)C[C@@H]2C(=O)Nc2ccc(-n3ccccc3=O)cc2F)cc1,-2.6655809910179533,training
O=C(Nc1ccc(Cl)cc1)[C@H]1CN(CC2CC2)C[C@@H]1C(=O)Nc1ccc(-n2ccccc2=O)cc1F,-1.662757831681574,training
N=C(N)c1ccc2ncn(CC(=O)c3ccc(-c4ccccc4)cc3)c2c1,-2.0791812460476247,training
Clc1ccc(-n2cncn2)c(Cc2nc3c(NCCC4CCCCN4)nccc3o2)c1,-0.5910646070264992,training
N=C(N)c1ccc(Oc2cc(Oc3ccc(C(=N)N)cc3)c(Cl)cc2Cl)cc1,-3.041392685158225,training
COC(=O)[C@H](Cc1cccc(C(=N)N)c1)[C@@H](C)NC(=O)c1ccc(-c2ccccc2)cc1,-0.724275869600789,training
FC(F)(CNc1nccc2oc(Cc3cccc(Cl)c3)nc12)C1CCCCN1,-1.0791812460476249,training
CN1CCN(Cc2c(C(=O)Nc3ccc(Cl)cc3C(=O)Nc3ccc(Cl)cc3)sc3ccccc23)CC1,-1.3010299956639813,training
CCOC(=O)c1cc2ccc(OC3CCN(C(C)=N)CC3)cc2n1Cc1ccc2ccc(C(=N)N)cc2c1,0.2218487496163563,training
CS(=O)(=O)c1ccccc1N1CCC(NC(=O)c2cc(C(F)(F)F)nn2-c2ccc3onc(N)c3c2)CC1,-0.2304489213782739,training
CS(=O)(=O)NCC1(C(=O)Nc2ccc(-c3ccccc3S(N)(=O)=O)cn2)CC(c2ccc(Cl)c(N)c2)=NO1,-0.2304489213782739,training
N=C(N)c1cccc(Oc2ccc(NC(=O)c3ccccc3)c(Oc3cccc(C(=N)N)c3)n2)c1,-2.0791812460476247,training
CN([C@H]1CCN(CC(=O)N2CCCCC2)C1=O)S(=O)(=O)c1ccc2cc(Cl)ccc2c1,-1.8573324964312683,training
N/C(=N/O)N1CCC(CNC(=O)[C@@H]2CC[C@H]3CN(S(=O)(=O)CCc4ccccc4)CC(=O)N32)CC1,-1.146128035678238,training
COC(=O)CNC(=O)CC(CCc1ccc(C(=N)N)cc1)c1cccc(C(=N)N)c1,-3.380211241711606,training
CN(C)C(=N)c1ccc(NC(=O)c2nnnn2-c2ccc3cc(Cl)ccc3c2)c(F)c1,0.1549019599857432,training
COc1ccc(-n2nc(C(F)(F)F)cc2C(=O)NC2CCN(c3ccccc3CN(C)C)CC2)cc1,-0.9444826721501688,training
N=C(N)c1ccc2[nH]c(-c3cccc(F)c3O)nc2c1,-2.949390006644913,training
N=C(N)c1cccc(Oc2c[n+]([O-])cc(Oc3cccc(C(=N)N)n3)n2)c1,-2.255272505103306,training
CC1CN(CCC2CCN(Cc3ccccc3)CC2)C(=O)N(c2cccc(C(=N)N)c2)C1,-2.6020599913279625,training
N=C(N)c1ccc(CC(=O)C(=O)O)c(OCCNC(=O)c2ccc(C(=O)N3CCCC3)cc2)c1,-0.4771212547196624,training
CC(C)N1CCC(NC(=O)c2cc3ccccc3n2Cc2ccc(Cl)cc2)CC1,-3.397940008672037,training
CN1CCN=C1N(C)Cc1ccc(C(=O)Nc2ccc(Cl)cc2C(=O)Nc2ccc(Cl)cn2)cc1,0.5228787452803376,training
CC(=N)N1CCC(C(=O)Nc2cccc(OCc3ccc(F)cc3)c2)CC1,-4.75815462196739,training
CC(C)CN1CCC(NC(=O)c2cc3ccccc3n2Cc2cc(-c3ccc(Cl)s3)on2)CC1,-2.1522883443830563,training
CCc1nc2cc(OC3CCN(C(C)=N)CC3)ccc2n1C/C=C/c1ccc(N)cc1,-1.869231719730976,training
Cc1cc(C(=O)Nc2ccc(-c3ccccc3S(N)(=O)=O)cc2Br)n(-c2cccc(C(=N)N)c2)n1,2.0,training
CCOC(=O)C(Oc1ccc2c(c1)CN(C(=N)N)CC2)c1ccc(O[C@H]2CCNC2)cc1,-2.6020599913279625,training
COc1ccc(C(=O)NCC2CCN(c3ccc(S(C)(=O)=O)cc3)CC2)cc1OCCc1ccc(Cl)cc1Cl,-4.0,training
O=C(Cn1cnc(NC(=O)c2ccc(Cl)s2)n1)Nc1ccc(-n2ccccc2=O)cc1F,-0.7781512503836436,training
Nc1c(OCCCO)cccc1OCc1cc(-c2ccc(Cl)s2)on1,-4.26245108973043,training
O=C(N[C@H]1CCC[C@H]1NC(=O)c1ccc(Cl)s1)c1ccc(C2(CN3CCCC3)CC2)cc1,0.2924298239020636,training
CC(=O)OC[C@H]1O[C@@H](OCCCOc2cccc(OCc3cc(-c4ccc(Cl)s4)on3)c2NC(=O)C2CCN(C(C)C)CC2)[C@H](OC(C)=O)[C@@H](OC(C)=O)[C@@H]1OC(C)=O,0.6020599913279624,training
CS(=O)(=O)c1ccccc1-c1ccc(N2CCC(NS(=O)(=O)c3cc4nc(Cl)ccc4s3)C2=O)c(F)c1,-0.3010299956639812,training
N=C(N)c1ccc(N)c(CN2CC[C@H](NS(=O)(=O)c3ccc(-c4cccnc4)s3)C2=O)c1,-0.7781512503836436,training
COc1ccc2[nH]c(Cc3nc4cc(C(=N)N)ccc4[nH]3)nc2c1,-1.6020599913279625,training
COc1ccc(C(=O)NCC2CCN(C3CCCCC3)CC2)cc1OCCc1ccc(Cl)cc1Cl,-3.636186895198725,training
CC(C)CNC(=O)c1ccc(-c2ccccc2[C@@H]2C[C@H](c3ccccc3)c3cc(C(=N)N)ccc3N2)c(C(=O)O)c1,-3.041392685158225,training
CN1CC(C)(COc2ccc(C(=N)N)cc2)Oc2cc(N(Cc3ccc(F)c(F)c3)C(=O)C(=O)O)ccc21,-3.556302500767288,training
CC1(C)[C@H]2C[C@@H]1[C@]1(C)OB([C@H](CCCCN)NC(=O)Cn3nc(COCc4ccccc4)nc3Cc3ccccc3)O[C@@H]1C2,-3.204119982655925,training
COc1ccc(-n2nc(C(F)(F)F)c3c2C(=O)N(c2ccc(C4(CN5CC[C@@H](O)C5)CC4)cc2)CC3)cc1,1.42021640338319,training
CNC(=O)CCC(=O)N1CCN(C(=O)[C@H](Cc2cccc(C(=N)N)c2)NS(=O)(=O)c2cccc(NC(=O)CCN)c2)CC1,-4.643452676486188,training
O=C(Nc1ccc(Cl)cc1)c1cc(Cl)ccc1NC(=O)c1scc(Cn2cccn2)c1Cl,-0.3222192947339193,training
N=C(N)c1ccc(N2CCCCN(C3CCN(Cc4ccccc4)CC3)C2=O)cc1,-3.8750612633917,training
CNCCC1(c2ccc(N3CCc4c(C(F)(F)F)nn(-c5ccc(OC)cc5)c4C3=O)cc2)CC1,0.2596373105057561,training
CN(C)Cc1nccn1-c1ccc(N2CCC(NS(=O)(=O)c3ncc(-c4ccc(Cl)s4)s3)C2=O)c(F)c1,-0.3617278360175928,training
CC1CCN(C(=O)[C@H](Cc2cccc(C(=N)N)c2)NS(=O)(=O)c2ccc3c(c2)C(=O)c2ccccc2C3=O)CC1,-3.3619996570450783,training
O=C1C(NS(=O)(=O)c2ccc3cc(Cl)ccc3c2)CCN1c1ccc(-n2cccn2)cc1F,-0.4313637641589873,training
CC(C)N1CCC(NC(=O)c2cc3ccccc3n2CC(=O)Nc2ccc(Cl)cn2)CC1,-0.0,training
CCOC(=O)[C@]1(C)CCC[C@]2(C)[C@@H]1CC[C@@]13C/C(=N\OC/C=C/c4ccc(-c5cnco5)cc4)[C@@](C)(CC[C@@H]21)C3,-3.285782273779395,training
O=C(Nc1ccc(Cl)cc1)c1cc(Cl)ccc1NC(=O)c1scc(CNCCCn2ccnc2)c1Cl,-0.6627578316815741,training
N=C(N)c1cccc(CN2CC[C@H](NS(=O)(=O)c3ccc(-c4ccncc4)s3)C2=O)c1,-1.740362689494244,training
COC(=O)[C@H](Cc1cccc(C(=N)N)c1)[C@@H](C)NC(=O)c1ccc(-c2c[nH]cn2)cc1,-0.4771212547196624,training
N=C(N)c1cccc(Oc2nc(Oc3cccc(C(=N)N)c3)c(Cl)cc2Cl)c1,-2.113943352306837,training
NC(=O)c1ccc(N2CC[C@H](NS(=O)(=O)/C=C/c3ccc(Cl)s3)C2=O)c(F)c1,-0.7075701760979364,training
CNc1ccc(N2CCc3c(C(F)(F)F)nn(-c4ccc(OC)cc4)c3C2=O)cc1,-2.785329835010767,training
N=C(N)c1ccc2[nH]c(-c3cccc(-c4ccccc4)c3O)nc2c1,-3.322219294733919,training
Nc1ncnc2cc(CN3CCN(S(=O)(=O)c4nc5cc(Cl)ccc5[nH]4)CC3=O)ccc12,-0.4771212547196624,training
COC(=O)Nc1ccc(S(=O)(=O)C(C)C)c([C@H]2CCCN2C(=O)[C@H](Nc2ccc3c(N)nccc3c2)c2cc(C)ccc2F)c1,-3.7323937598229686,training
CC(=N)N1CCC(Oc2ccc3c(c2)ncn3Cc2ccc3ccc(C(=N)N)cc3c2)CC1,-0.7993405494535817,training
Cc1cc(C(=O)N[C@@H]2CCC[C@@H]2NC(=O)c2ccc(-n3ccccc3=O)cc2)ccc1Cl,-2.1398790864012365,training
CC(c1ccc(N2CC[C@H](NS(=O)(=O)c3ccc4cc(Cl)ccc4c3)C2=O)c(F)c1)N1CCCC1,-0.3010299956639812,training
CC(=N)N1CCC(Oc2ccc(C(Oc3ccc4c(c3)CN(C(=N)N)CC4)C(=O)O)cc2)CC1,-1.740362689494244,training
Cc1cc(C(=O)Nc2ccc(-c3ccccc3S(N)(=O)=O)cc2)n(-c2ccc(N)cc2)n1,-3.4771212547196626,training
CCOC(=O)Nc1cccc(S(=O)(=O)N[C@@H](Cc2cccc(C(=N)N)c2)C(=O)N2CCC(CCN)CC2)c1,-4.146128035678238,training
O=C(Nc1ccc(Cl)cc1C(=O)Nc1ccc(Cl)cn1)c1ccc(-c2ccccc2N2CCCNCC2)cc1,-0.255272505103306,training
N=C(N)c1cccc(C[C@H](NS(=O)(=O)c2cccc(-c3ccc(F)cc3)c2)C(=O)N2CCC(CCN)CC2)c1,-3.049218022670181,training
COc1cc(N2CCC(CNC(=O)c3ccc(OC)c(OCCc4ccc(Cl)cc4Cl)c3)CC2)nc(OC)n1,-4.0,training
N=C(N)c1cc2cc(-c3cccc(OCc4ccccc4)c3)ccc2s1,-4.1702617153949575,training
COc1cc([C@@H]2Nc3ccc(C(=N)N)cc3[C@H]3c4ccccc4C[C@@H]23)c(-c2ccc(C(=O)O)cc2)cc1O,-3.113943352306837,training
COc1ccc(-n2nc(C(N)=O)c3c2C(=O)N(c2ccc(-c4ccccc4CN4CCCC4)cc2)CC3)cc1,0.5228787452803376,training
COc1ccc2ccc(S(=O)(=O)N[C@H]3CCN(Cc4ccc(C(=N)N)o4)C3=O)cc2c1,-2.7558748556724915,training
N=C(N)c1ccc2c(c1)[C@@H](c1ccccc1)C[C@@H](c1cc(N)cc(-c3ccccc3C(=O)O)c1)N2,-1.7558748556724917,training
O=C(Nc1cccc(OCc2ccc(F)cc2F)c1)C1CCN(c2ccncc2)CC1,-3.9444826721501687,training
COc1ccc(-n2nc(Cn3ncnn3)c3nc(C)n(-c4ccc(-c5ccccc5CN5CCCC5)cc4)c(=O)c32)cc1,-0.2787536009528289,training
CCOC(=O)CN1CCCCC1CCNc1nccc2oc(Cc3cc(Cl)ccc3-n3cncn3)nc12,-0.3424226808222063,training
Cc1ncn(-c2cc(Cl)c(C(=O)NC[C@@H](c3cccc(F)c3)c3nc4ccc(Cl)cc4[nH]3)c(Cl)c2)n1,-4.316389751073196,training
COC(=O)C(Cc1ccccc1)C(=O)Nc1ccc2c(c1)OC(C)(COc1ccc(C(=N)N)cc1)CN2C,-4.549003262025788,training
N=C(N)c1ccc2[nH]c(-c3cc(Cl)cc(-c4ccccc4)c3O)cc2c1,-2.531478917042255,training
CN1CCN=C1c1ccc(NC(=O)c2cc(C(F)(F)F)nn2-c2ccc3cc(Cl)ccc3c2)c(F)c1,-0.0791812460476248,training
CC(C)N(CCNC(N)=O)C(=O)[C@H](C)N1CC[C@H](N(CC(N)=O)S(=O)(=O)c2ccc3cc(Cl)ccc3c2)C1=O,-0.0,training
COC(=O)[C@H]1CCCN(C(=O)[C@H](Cc2cccc(C(=N)N)c2)NS(=O)(=O)c2ccc3ccccc3c2)C1,-4.2550000204901295,training
Nc1noc2ccc(-n3nc(C(F)(F)F)c4ccc(-c5ccc(N6CCCCC6=O)cc5F)c(F)c43)cc12,-1.359835482339888,training
O=C(N[C@H]1CCCC[C@H]1NC(=O)c1cc2ccc(Cl)cc2s1)c1ccc(-n2ccccc2=O)cc1,-1.2041199826559248,training
Cc1ccc(NS(=O)(=O)Cc2ccccc2)c(=O)n1CC(=O)NC1CCc2nn(C)cc2C1,-4.955206537541942,training
CN(C)c1cccc(Oc2cc(C(=O)O)cc(Oc3cc(C(=N)N)ccc3O)n2)c1,-1.0791812460476249,training
COc1cc(Cl)cc(C(=O)Nc2ccc(Cl)cn2)c1NC(=O)c1scc(CN(C)CC(O)CO)c1Cl,0.585026652029182,training
CS(=O)(=O)N1C[C@H](C(=O)Nc2ccc(Cl)cc2)[C@@H](C(=O)Nc2ccc(N3CCOCC3=O)cc2)C1,-1.380211241711606,training
COc1ccc(-n2nc(C(F)(F)F)c3c2C(=O)N(c2ccc(C4(N)CC4)cc2)CC3)cc1,0.1079053973095195,training
N=C(N)c1cccc(-c2noc(CO)c2C(=O)Nc2ccc(-c3ccccc3S(N)(=O)=O)cc2)c1,0.3010299956639812,training
CCOc1cc(C(Nc2ccc3c(N)nccc3c2)C(=O)NCc2ccccc2)ccc1OC(C)C,-3.770852011642144,training
CN(C)Cc1ccccc1-c1ccc(N2CCc3c(C(F)(F)F)nn(-c4ccccc4C(N)=O)c3C2=O)cc1,-0.4313637641589873,training
Cc1ccc(CCOc2cc(C(=O)NCC3CCN(c4ccncc4)CC3)ccc2F)cc1,-2.3138672203691533,training
O=C(Nc1ccc(Cl)s1)[C@H]1CN(CC(F)F)C[C@@H]1C(=O)Nc1ccc(-n2ccccc2=O)cc1F,-1.5563025007672873,training
N=C(N)c1cccc(C[C@H](NS(=O)(=O)c2cccc(NC(=O)CCN)c2)C(=O)N2CCC(NC(=O)Nc3ccccc3)CC2)c1,-3.5327543789924976,training
Nc1cc(C2=NOC(CNS(=O)(=O)Cc3ccccc3)(C(=O)Nc3ccc(-c4ccccc4S(N)(=O)=O)cn3)C2)ccc1Cl,-0.3424226808222063,training
O=C(N[C@H]1C[C@H](C(=O)NC2CC2)C[C@H]1NC(=O)c1ccc(Cl)s1)c1ccc(-n2ccccc2=O)cc1,-0.2041199826559248,training
CC(C)NC(=O)c1ccc(-c2cccc([C@@H]3C[C@](C)(c4ccccc4)c4cc(C(=N)N)ccc4N3)c2)c(C(=O)O)c1,-3.1172712956557644,training
CCOC(=O)CN(Cc1ccc(F)c(F)c1)c1ccc2c(c1)OC(C)(COc1ccc(C(=N)N)cc1)CN2C,-3.1760912590556813,training
NCc1ccc(Cl)cc1CNC(=O)[C@@H]1CCCN1C(=O)[C@@H](CCc1ccc(O)cc1)NCC(=O)O,-0.919078092376074,training
COc1cc(Cl)cc(C(=O)Nc2ccc(Cl)cn2)c1NC(=O)c1ccc(-n2ccccc2=O)cc1,1.8860566476931635,training
CC(C)(C)S(=O)(=O)c1ccc2cc1CNC(=O)C(Nc1ccc3c(N)nccc3c1)c1ccc(cc1)CCCC(=O)N2,-3.681241237375587,training
COC(=O)[C@@H]1CCCCC1NC(=O)C(Cc1ccccc1)c1c[nH]c2ccc(C(=N)N)cc12,-1.2787536009528289,training
O=C(Nc1ccc(Cl)cc1)c1cc(Cl)ccc1NC(=O)c1scc(CN2CCOCC2)c1Cl,-0.7923916894982539,training
CCOC(=O)C(Oc1ccc2c(c1)CN(C(=N)N)CC2)c1ccc(OC2CCNCC2)cc1,-3.3010299956639813,training
N=C(N)c1cccc(C[C@H](NS(=O)(=O)c2ccc3ccccc3c2)C(=O)N2Cc3ccccc3C[C@@H]2C(=O)O)c1,-4.617999955378505,training
CCOC(=O)N1C[C@H](NC(=O)c2ccc(-n3ccccc3=O)cc2)[C@H](NC(=O)c2ccc(Cl)s2)C1,-0.4521699185354348,training
Cc1ccc2c3c(nn2c1)CC[C@](NC(=O)c1c(Cl)cc(-n2cnc(C)n2)cc1Cl)(c1cccc(F)c1)C3,-2.39093510710338,training
CC(NC(=O)CNC(=O)Nc1ccc(C(=N)N)cc1)c1ccc(NC(=O)c2ccccc2)cc1,-3.662757831681574,training
O=C(Nc1ccc(Cl)cc1)c1cc(F)ccc1NC(=O)c1sc2ccccc2c1Cl,-0.6989700043360189,training
FC(F)(CNc1nccc2oc(Cc3ccccc3-n3cncn3)nc12)C1CCCCN1,-1.7032913781186614,training
CCN(C)Cc1nccn1-c1ccc(N2CCC(NS(=O)(=O)/C=C/c3ccc(Cl)s3)C2=O)c(F)c1,0.3979400086720376,training
COC(=O)C1CCN(C(=O)[C@H](Cc2cccc(C(=N)N)c2)NS(=O)(=O)c2ccc3ccccc3c2)CC1,-4.6299999808583685,training
COc1cc(Cl)cc(C(=O)Nc2ccc(Cl)cn2)c1NC(=O)c1scc(CN(C)C2=NC(=O)CO2)c1Cl,1.585026652029182,training
CC(C)N1CCC(NC(=O)c2cc3cc([N+](=O)[O-])ccc3n2Cc2cc(-c3ccc(Cl)s3)on2)CC1,-0.0,training
N=C(N)c1ccc(NC(=O)CC2CC(c3ccc(C(=N)N)cc3)=NO2)cc1,-3.230448921378274,training
Cc1n[nH]c(C)c1NC(=O)OCC(Oc1cccc2sc(C(=N)N)cc12)c1ccccc1,-3.4539295920577286,training
C[C@@H](O)[C@H](NS(=O)(=O)Cc1cccc(C(=O)O)c1)C(=O)N[C@@H](CCC(N)=O)C(=O)NCc1ccc(C(=N)N)cc1,-4.167317334748176,training
COc1ccc(-n2nc(C(N)=O)c3c2C(=O)N(c2ccc(N(C)C(C)=O)cc2)CC3)cc1,0.2676062401770315,training
Nc1noc2ccc(-n3nc(C(F)(F)F)cc3C(=O)N3CCCCc4cc(-c5ccccc5S(N)(=O)=O)ccc43)cc12,-3.531478917042255,training
O=C(NCCNC(=O)c1ccc(Cl)s1)c1ccc(-n2ccccc2=O)cc1,-0.1760912590556812,training
CCOC(=O)[C@]1(C)CCC[C@]2(C)[C@@H]1CC[C@@]13C/C(=N\OC/C=C/c4ccc5[nH]ccc5c4)[C@@](C)(CC[C@@H]21)C3,-3.669688708056208,training
N=C(N)c1ccc(O)c(Oc2cc(C(=O)O)cc(Oc3cccc(C4=NCCN4)c3)n2)c1,-1.9294189257142929,training
COc1ccc(-n2nc(N(C)C(=O)OC(C)(C)C)c3c2C(=O)N(c2ccc(-c4ccccc4CN4CC[C@@H](O)C4)cc2)CC3)cc1,-0.3010299956639812,training
CCOc1cc(C(Nc2ccc3c(N)nccc3c2)C(=O)NCc2cccc(NC(C)=O)c2)ccc1OC(C)C,-3.857332496431269,training
Cc1nn(-c2ccc3onc(N)c3c2)c2c(=O)n(-c3ccc(-c4ccccc4CN4CCCC4)cc3)cnc12,-0.1139433523068367,training
CC1(C)[C@H]2C[C@@H]1[C@]1(C)OB([C@H](CCCCN)NC(=O)Cn3nc(-c4cccc([N+](=O)[O-])c4)nc3Cc3ccccc3)O[C@@H]1C2,-3.6232492903979,training
Cc1cc(C(=O)Nc2ccc(-c3ccccc3)cc2)n(-c2cccc(C(=N)N)c2)n1,-0.1139433523068367,training
CCN(CC)c1cccc(Oc2nc(Oc3cccc(C(=N)N)c3)c(F)c(C)c2F)c1,-2.6020599913279625,training
CN(C)Cc1c(C(=O)Nc2ccc(Cl)cc2C(=O)Nc2ccc(Cl)cc2)sc2ccccc12,-0.9542425094393248,training
C[C@]1(c2ccccc2)C[C@@H](c2cc(NC(=O)C3CC3)cc(-c3ccc(C(N)=O)cc3C(=O)O)c2)Nc2ccc(C(=N)N)cc21,-2.9444826721501687,training
O=C1CCCCN1c1ccc(N2CCCC(NS(=O)(=O)c3ccc4cc(Cl)ccc4c3)C2=O)c(F)c1,-1.0,training
COc1ccc(-n2nc(C(F)(F)F)cc2C(=O)Cc2ccc(-c3ccccc3S(N)(=O)=O)cc2)cc1,-1.0791812460476249,training
N=C(N)c1cccc(Oc2cncc(Oc3cccc(C(=N)N)n3)n2)c1,-1.7075701760979365,training
CCOc1cc(C(Nc2ccc3c(N)nccc3c2)C(=O)NCc2cccc(NC(=O)OC)c2)ccc1OC(C)C,-3.792391689498254,training
CS(=O)(=O)N1C[C@H](C(=O)Nc2ccc(Cl)cc2)[C@@H](C(=O)Nc2ccc(-n3ccccc3=O)cn2)C1,-1.6020599913279625,training
CC(C)N1CCC(NC(=O)c2cc3ccccc3n2Cc2cc(-c3ccc(Cl)s3)on2)CC1,-0.4771212547196624,training
N=C(N)c1cccc(CN2CC[C@H](NS(=O)(=O)c3ccc4ccnc(N)c4c3)C2=O)c1,-2.690196080028514,training
CCOC(=O)c1nccn1-c1ccc(NC(=O)C(Oc2cccc3sc(C(=N)N)cc23)c2ccccc2)cc1,-0.414973347970818,training
N=C(N)c1ccc(C(=O)NCCOc2cc(C(=N)N)ccc2CC(=O)C(=O)O)cc1,-1.414973347970818,training
NC(=O)c1cc(C(=O)N2CCc3cc(N4CCCCCC4=O)ccc32)n(-c2ccc3onc(N)c3c2)n1,-1.1760912590556811,training
CN1CCN(CCCN(Cc2ccc3ccc(C(=N)N)cc3c2)C(=O)c2cccc3ccccc23)CC1,-2.133538908370217,training
N=C(N)c1cccc(Cn2c(C(=O)NCc3ccc(Cl)c(Cl)c3)cc3c(O)cccc32)c1,-2.924795995797912,training
CC[C@H](C)[C@@H]1NC(=O)[C@H](CCCNC(=N)N)NC(=O)[C@H](Cc2ccccc2)NC(=O)[C@H](NC(=O)[C@H](CCC(N)=O)NC(=O)CNC(=O)CN)CSSC[C@H]2NC(=O)[C@H](C)NC(=O)CNC(=O)[C@@H]3CCCN3C(=O)[C@@H]3CSSC[C@H](C(=O)NCC(=O)N[C@@H](CO)C(=O)NCC(=O)N[C@@H](CO)C(=O)N[C@@H](CC(=O)O)C(=O)O)NC(=O)[C@H](Cc4ccc(O)cc4)NC(=O)CNC(=O)[C@H](CC(N)=O)NC(=O)CNC(=O)[C@H](CCCNC(=N)N)NC(=O)[C@H](CSSC[C@H](NC(=O)[C@H](CCCCN)NC(=O)[C@H](CCCCN)NC(=O)[C@H](CC(C)C)NC1=O)C(=O)N[C@@H](CCCNC(=N)N)C(=O)N[C@@H](CCCNC(=N)N)C(=O)N[C@@H](CC(=O)O)C(=O)N[C@@H](CO)C(=O)N[C@@H](CC(=O)O)C(=O)N3)NC(=O)[C@H]([C@@H](C)CC)NC2=O,-2.6627578316815743,training
Nc1ccc(CNC(=O)[C@@H]2CCCN2C(=O)[C@H](N)C(c2ccccc2)c2ccccc2)cn1,-4.973127853599698,training
NCc1ccc(Cl)cc1CNC(=O)[C@@H]1CCCN1C(=O)[C@@H](CCc1cccc[n+]1[O-])NS(=O)(=O)CC(=O)O,1.0969100130080565,training
COC(=O)c1ccc(F)cc1CS(=O)(=O)Nc1ccc(C)n(CC(=O)N[C@H](CCCN=C(N)N)C(=O)O)c1=O,-3.257678574869185,training
N=C(N)c1cc2c(OC(COC(=O)Nc3ccc(F)cc3)c3ccccc3)cccc2s1,-3.230448921378274,training
N=C(N)c1cccc(C[C@H](NS(=O)(=O)c2ccc3ccccc3c2)C(=O)N2CCc3ccccc3C2)c1,-4.2550000204901295,training
Cc1c(F)c(Oc2cccc(C(=O)N(C)C)c2)nc(Oc2cc(C(=N)N)ccc2N)c1F,-1.146128035678238,training
O=C(Nc1ccccc1C(=O)Nc1ccc(Cl)cc1)c1ccc(-n2ccccc2=O)cc1,0.6777807052660807,training
O=C1C(NS(=O)(=O)/C=C/c2ccc(Cl)s2)CCN1c1ccc(-n2ccnc2CN2CCOCC2)cc1F,-0.0791812460476248,training
N=C(N)c1ccc(O)c(/C=C/CN(C(=O)CCC(=O)O)c2ccc(OC3CCN(CC(=O)O)CC3)c(C(F)(F)F)c2)c1,0.4685210829577448,training
CCc1nc2cc(OC3CCN(C(C)=N)CC3)ccc2n1Cc1ccc(-c2cccc(C(=N)N)c2)cc1,-1.230448921378274,training
COc1ccc(-n2nc(C(F)(F)F)c3c2C(=O)N(c2ccc(C4(N5CCCC5=O)CC4)cc2)CC3)cc1,-0.8808135922807914,training
Cc1c(F)c(Oc2cccc(C(=N)N)c2)nc(Oc2cccc(N(C)C)c2)c1F,-2.204119982655925,training
O=C(NCC1CCN(c2ccncc2)CC1)c1ccc(F)c(OCCc2ccc(F)cc2)c1,-2.307496037913213,training
O=C(Nc1ccc(Br)cc1C(=O)Nc1ccc(Cl)cn1)c1ccc(N2CCCCC2=O)cc1,0.8538719643217619,training
CC(C)N1CCC(NC(=O)c2cc3cc(Cl)ccc3n2Cc2cc(-c3ccc(Cl)s3)on2)CC1,-0.6989700043360189,training
Cc1cc(Br)c(O)c(-c2[nH]c3ccc(C(=N)N)cc3c2Cc2ccccc2)c1,-1.3010299956639813,training
Cc1cc(C(=O)Nc2ccc(-c3ccccc3CN(C)C)cc2)n(-c2ccc3cc(Cl)ccc3c2)n1,-0.255272505103306,training
COc1ccc(-n2nc(C(F)(F)F)cc2C(=O)Nc2ccc(-c3ccccc3S(N)(=O)=O)cn2)cc1,-0.4471580313422192,training
Cc1ccc(C(=O)NCC2CCN(c3ccncc3)CC2)cc1OCCc1ccc(Cl)cc1Cl,-1.568201724066995,training
O=C(NCc1cccc(-c2cccc(-c3cc4c[nH]ccc-4n3)c2O)c1)[C@@H](O)Cc1ccccc1,-4.477121254719663,training
N=C(N)c1ccc(NC(=O)c2ccc(Cl)cc2O)cc1,-3.4471580313422194,training
N=C(N)c1cccc(N2CC(NS(=O)(=O)c3ccccc3)CN(CC3CCN(Cc4ccccc4)CC3)C2=O)c1,-2.785329835010767,training
CN(C)Cc1ccccc1-c1ccc(C(=O)Nc2ccc(Cl)cc2C(=O)Nc2ccc(Cl)cn2)cc1,1.0,training
N=C(N)c1cccc(C(=O)N[C@@H](C(=O)NCc2ccc(CN)cc2)c2ccccc2)c1,-2.6989700043360187,training
CN(CC(=O)N[C@@H](CCCCN)B(O)O)C(=O)c1ccccc1S(=O)(=O)c1ccccc1,-3.763427993562937,training
Cc1cc(C(=O)Nc2ccc(-c3ccccc3S(C)(=O)=O)cc2F)n(-c2cc3ccccc3cc2S(C)(=O)=O)n1,-0.2304489213782739,training
N=C(N)c1ccc(NC(=O)c2ccccc2O)cc1,-4.079181246047625,training
O=C1[C@@H](NS(=O)(=O)c2ccc3c(Cl)c[nH]c3c2)CCN1c1ccc2c(c1)CCCNC2,0.0969100130080563,training
CC[C@H](C)[C@H](NS(=O)(=O)Cc1ccc(C(=O)O)cc1)C(=O)N[C@@H](CCC(N)=O)C(=O)NCc1ccc(C(=N)N)cc1,-3.394976719554564,training
N=C(N)c1cc2c(OC(COC(=O)Nc3ccccc3CN3CCNCC3)c3ccccc3)cccc2s1,-2.549003262025788,training
Cc1cc2nc([C@@H](CNC(=O)c3ccc(-n4cnnc4)cc3Cl)c3ccccc3)[nH]c2cc1C,-2.593286067020457,training
CC(C)c1cc(C(C)C)c(S(=O)(=O)N[C@@H](Cc2cccc(C(=N)N)c2)C(=O)N2CCCN(C(=O)C3CCN(C(=N)N)CC3)CC2)c(C(C)C)c1,-3.612783856719736,training
CCOC(=O)[C@]1(C)CCC[C@]2(C)[C@@H]1CC[C@@]13C/C(=N\OCc4cccc(Cl)c4)[C@@](C)(CC[C@@H]21)C3,-4.257366538585015,training
N=C(N)c1ccc2[nH]c(-c3cc(CC(=O)O)cc(-c4cccc([N+](=O)[O-])c4)c3O)nc2c1,-2.505149978319906,training
CCOC(=O)[C@]1(C)CCC[C@]2(C)[C@@H]1CC[C@@]13C/C(=N\OCc4cc(Cl)ccc4Cl)[C@@](C)(CC[C@@H]21)C3,-3.9662825621674633,training
N=C(N)NCCCC(NC(=O)CN1CCN(S(=O)(=O)c2ccc3c(Cl)cccc3c2)CC1=O)C(=O)c1nccs1,-0.1139433523068367,training
CCOC(=O)CCC(=O)N(C/C=C/c1cc(C(=N)N)ccc1O)c1ccc(OC2CCN(C(C)=N)CC2)c(C(F)(F)F)c1,1.154901959985743,training
Cc1cc2cc(C)c1CCOC(=O)Nc1ccc(S(=O)(=O)C3CC3)c(c1)CN(C)C(=O)[C@@H]2Nc1ccc2cc[nH]c(=O)c2c1,-3.4471580313422194,training
N=C(N)c1ccc2[nH]cc(C(Cc3ccccc3)C(=O)NCc3ccc(-n4cnc5ccccc54)cc3)c2c1,-1.8573324964312683,training
CCOC(=O)c1nn(-c2ccc(OC)cc2)c2c1CCN(c1ccc(-c3ccccc3CN3CC[C@@H](O)C3)cc1)C2=O,-0.5910646070264992,training
CCCCCC(NC(=O)[C@@H]1CCCN1C(=O)[C@@H](NC(=O)OCc1ccccc1)C(c1ccccc1)c1ccccc1)B1O[C@@H]2CC3CC(C3(C)C)[C@]2(C)O1,-1.1139433523068367,training
CC(C)(C)OC[C@@H](NS(=O)(=O)Cc1ccccc1)C(=O)NCC(=O)NCc1ccc(C(=N)N)cc1,-3.886490725172482,training
Cc1cc(-n2ccccc2=O)ccc1NC(=O)[C@H]1CN(S(C)(=O)=O)C[C@@H]1C(=O)Nc1ccc(Cl)cc1,-1.3424226808222062,training
COc1ccc(-n2nc(C(F)(F)F)c3c2C(=O)N(c2ccc(C4(C(=O)N5CCC(O)CC5)CC4)cc2)CC3)cc1,-1.7323937598229686,training
N=C(N)c1cccc(C(=O)NC(C(=O)NCC2CCC(CN)CC2)c2cccc(Cl)c2)c1,-2.4771212547196626,training
CC(C)CCN(Cc1ccc2ccc(C(=N)N)cc2c1)C(=O)c1cccc2ccccc12,-2.418301291319745,training
Nc1ncnc2cc(CN3CCN(S(=O)(=O)c4cc5ccc(Cl)cc5s4)CC3=O)ccc12,0.0457574905606751,training
CCOc1ccc(C(=O)NCC2CCN(c3ccncc3)CC2)cc1OCCc1ccc(Cl)cc1Cl,-1.7853298350107671,training
O=C(Nc1ccc(Cl)cc1)c1cc(Cl)ccc1NC(=O)c1sc(Cn2ccnc2)cc1Cl,-0.8573324964312685,training
CNCC1(c2ccc(N3CCC4C(S(C)(=O)=O)=NN(c5ccc(OC)cc5)C4C3=O)cc2)CC1,0.619788758288394,training
O=C(Nc1ccc(Cl)cc1C(=O)Nc1ccc(Cl)cn1)c1ccc(-c2ccccc2N2CCNCC2)cc1,-0.0,training
COc1ccc2ccc(S(=O)(=O)N(Cc3cccs3)[C@H]3CCN(Cc4cccc(C(=N)N)c4)C3=O)cc2c1,-1.5314789170422551,training
CN1CCCN(c2ccccc2-c2ccc(C(=O)Nc3ccc(Cl)cc3C(=O)Nc3ccc(Cl)cn3)cc2)CC1,0.0969100130080563,training
Cc1ccc(NC(=O)c2ccccc2NC(=O)c2ccc(-n3ccccc3=O)cc2)nc1,0.2365720064370627,training
C=Cc1cc(OC2CCOCC2)cc(C(Nc2ccc(C(=N)N)cc2)C(=O)O)c1,-4.123851640967086,training
CNc1ccc2ccc(S(=O)(=O)N[C@H]3CCN(Cc4cccc(C(=N)N)c4)C3=O)cc2c1,-2.397940008672037,training
Nc1ncnc2cc(CN3CCN(Cc4cc5ccc(Cl)cc5[nH]4)CC3=O)ccc12,-2.591064607026499,training
N=C(N)c1cccc(C[C@H](NS(=O)(=O)c2ccc(C3CCCCC3)cc2)C(=O)N2CCNCC2)c1,-3.041392685158225,training
COc1ccc(Oc2ccc(C(C)NC(=O)CNC(=O)Nc3ccc(C(=N)N)cc3)cc2)cc1,-4.02938377768521,training
O=C(N[C@H]1CCC[C@H]1NC(=O)c1ccc(Cl)s1)c1ccc(-n2ccncc2=O)cc1,-0.041392685158225,training
C/C(=C(\F)C(=O)Nc1ccc(-c2ccccc2S(N)(=O)=O)cc1Br)c1ccc2ccnc(N)c2c1,-0.1139433523068367,training
O=C(Nc1ccc(Cl)cc1)[C@H]1CNC[C@@H]1C(=O)Nc1ccc(-n2ccccc2=O)cc1F,-2.0791812460476247,training
N=C(N)c1cccc(C[C@H](NS(=O)(=O)c2ccc3ccccc3c2)C(=O)N2CCC(C(=O)NCc3ccccc3)CC2)c1,-4.544000040918987,training
CC(=N)N1CCC(N(CC(C)C(=O)O)c2ccc3c(c2)nc(C)n3Cc2ccc3ccc(C(=N)N)cc3c2)CC1,-1.9030899869919435,training
Cc1nn(-c2cccc(-c3n[nH]c(=O)[nH]3)c2)c2c1CCN(c1ccc(-c3ccccc3CN3CCCC3)cc1)C2=O,-0.9084850188786496,training
N=C(N)c1cccc(C[C@H](NS(=O)(=O)c2ccc3ccccc3c2)C(=O)N2CCC[C@H](C(=O)NCc3ccccc3)C2)c1,-4.230000088876488,training
CCOC(=O)[C@]1(C)CCC[C@]2(C)[C@@H]1CC[C@@]13C/C(=N\OC/C=C/c4ccc(C#N)cc4)[C@@](C)(CC[C@@H]21)C3,-4.125220936316564,training
C[C@@H](C(=O)N1CCNCC1)N1CC[C@H](NS(=O)(=O)c2ccc3cc(Cl)ccc3c2)C1=O,-2.505149978319906,training
CS(=O)(=O)c1ccccc1-c1ccc(CCNS(=O)(=O)c2cc(C(=N)N)ccc2O)c(NCC(=O)O)c1,-0.7558748556724915,training
CN(C)Cc1ccccc1-c1ccc(NC(=O)c2cc(C(F)(F)F)nn2-c2ccc3onc(N)c3c2)c(F)c1,0.6289321377282637,training
CCOc1cc(C(Nc2ccc3c(N)nccc3c2)C(=O)NCc2ccccc2S(=O)(=O)C(C)C)ccc1OC(C)C,-3.4471580313422194,training
C/C(=N\NC(=N)N)c1cc(NS(=O)(=O)c2ccccc2)cc(/C(C)=N/NC(=N)N)c1,-4.903089986991944,training
CCOC(=O)CC(CCc1ccc(C(=N)N)cc1)c1ccc(C(=N)N)cc1,-4.359835482339888,training
Cc1cc(C)cc(CCN(CC(=O)NC(CCCN=C(N)N)B(O)O)C(=O)CCc2ccccc2)c1,-1.1760912590556811,training
C/C(=C(\F)C(=O)Nc1ccc(-c2ccccc2S(N)(=O)=O)cc1Cl)c1ccc(F)c(C(=N)N)c1,0.744727494896694,training
NS(=O)(=O)c1ccccc1-c1ccc(NC(=O)C2CC(c3cccs3)=NO2)cc1,-3.113943352306837,training
O=C(Cn1ccc(NC(=O)c2ccc(Cl)s2)n1)Nc1ccc(-n2ccccc2=O)cc1F,-0.7781512503836436,training
COc1ccc(C(=O)NC2CCN(CC(=O)N3CCCC3)CC2)cc1OCCc1ccc(Cl)cc1Cl,-3.410608542568368,training
C[C@@H](C(=O)N1CCOCC1)N1CC[C@H](NS(=O)(=O)c2cc3ncc(Cl)cc3s2)C1=O,-3.5646660642520893,training
CN(C)C(=N)c1ccc(C(=O)Nc2ccccc2C(=O)Nc2ccc(Cl)cn2)cc1,0.1414628024303608,training
Nc1[nH]ccc2nc(CN3CCN(S(=O)(=O)c4cc5ccc(Cl)cc5s4)CC3=O)cc1-2,-3.009450895798694,training
C=CCO/N=C1\C[C@]23CC[C@H]4[C@@](C)(CCC[C@@]4(C)C(=O)OCC)[C@@H]2CC[C@@]1(C)C3,-3.9348518029656607,training
Cc1cc(C)c(S(=O)(=O)N[C@@H](Cc2cccc(C(=N)N)c2)C(=O)N2CCC(C)CC2)c(C)c1,-4.980000006356922,training
Cc1cc(C(=O)Nc2ccc(-c3ccccc3CN)cc2F)n(-c2cc3ccccc3cc2F)n1,-0.380211241711606,training
N=C(N)c1cccc(COc2ccccc2)c1,-0.8325089127062363,training
O=C(N[C@H]1CCCC[C@H]1NC(=O)c1ccc2c(Cl)c[nH]c2c1)c1ccc(N2CCCOC2=O)cc1,-0.6989700043360189,training
CN(C)C(=O)COc1ccc2c3ccccc3n(Cc3ccc4ccc(C(=N)N)cc4c3)c2c1,-0.6989700043360189,training
COC(=O)C[N+](C)(C)Cc1nccn1-c1ccc(N2CCCC(NS(=O)(=O)c3ccc4cc(Cl)ccc4c3)C2=O)c(F)c1,0.4559319556497244,training
Cc1ccc(NS(=O)(=O)Cc2ccccc2)c(=O)n1CC(=O)NC1CCc2n[nH]cc2C1,-4.99563519459755,training
CN(C)C(=N)c1ccc(NC(=O)c2cc(C(F)(F)F)nn2-c2ccc3cc(Cl)ccc3c2)c(F)c1,0.0457574905606751,training
CCCc1nc2cc(OC3CCN(C(C)=N)CC3)ccc2n1Cc1ccc2ccc(C(=N)N)cc2c1,-0.6532125137753437,training
CC(C)[C@H](NC(=O)[C@H](CCCNC(=N)N)NC(=O)Cc1ccccc1)C(=O)N[C@@H](CCCNC(=N)N)C(=O)NCCCCNC(=N)N,-4.919078092376074,training
COC(=O)C1(c2ccc(N3CCc4c(C(F)(F)F)nn(-c5ccc(OC)cc5)c4C3=O)cc2)CC1,-0.2304489213782739,training
N=C(N)c1ccc2ccc(CN(CCC[n+]3cc[nH]c3)C(=O)c3cccc4ccccc34)cc2c1,-2.8639173769578603,training
Cc1cc(C)cc(CNC(=O)c2cc3c(O)cccc3n2Cc2cccc(C(=N)N)c2)c1,-1.041392685158225,training
Nc1ncnc2cc(CN3CCN(Cc4cc5cc(Cl)ccc5[nH]4)CC3=O)ccc12,-1.380211241711606,training
O=C(Nc1cccc(OCc2ccc(-c3cc(F)c(F)c(F)c3)cc2)c1)C1CCNCC1,-2.823474229170301,training
COc1cc(Cl)cc(C(=O)Nc2ccc(Cl)cn2)c1NC(=O)c1ccc(N2CCCCC2=O)cc1,1.2441251443275083,training
COc1ccc(-n2nc(C(N)=O)c3c2C(=O)N(c2ccc(-c4ccccc4CN(C)C)cc2)CC3)cc1,0.619788758288394,training
CNCc1c(NC(=O)OCC(Oc2cccc3sc(C(=N)N)cc23)c2ccccc2)c(C)nn1C,-3.375663613960885,training
COc1ccc2ccc(S(=O)(=O)N[C@H]3CCN(Cc4cc(C(=N)N)cs4)C3=O)cc2c1,-1.919078092376074,training
COc1ccc2ccc(S(=O)(=O)N(Cc3ccccn3)[C@H]3CCN(Cc4cccc(C(=N)N)c4)C3=O)cc2c1,-1.4913616938342726,training
COCc1cc(NC(=O)OCC(Oc2cccc3sc(C(=N)N)cc23)c2ccccc2)n(C)n1,-3.1931245983544616,training
N=C(N)c1ccc(CNC(=O)CNC(=O)[C@@H](CO)NS(=O)(=O)CCc2ccccc2)cc1,-4.447158031342219,training
Cc1ccc(S(=O)(=O)N[C@@H](Cc2cccc(C(=N)N)c2)C(=O)N2CCOCC2)cc1,-4.716000002895166,training
COc1cccc(-n2c(C(=O)NC3CCN(C(C)C)CC3)cc3ccccc32)c1,-3.3944516808262164,training
O=C(N[C@@H]1CCCC[C@@H]1NS(=O)(=O)c1ccc(-n2ccccc2=O)cc1)c1ccc2c(Cl)c[nH]c2c1,-2.968015713993642,training
O=C(NCC1CCN(c2ccncc2)CC1)c1ccc(Cl)c(OCCc2ccc(Cl)cc2)c1,-1.1139433523068367,training
CN1CCN(C(=O)[C@H](Cc2cccc(C(=N)N)c2)NS(=O)(=O)c2ccc3ccccc3c2)CC1,-4.4770000696531085,training
Cc1cc(C(=O)Nc2ccc(C(=N)N3CCCC3)cc2F)n(-c2cc3ccccc3cc2F)n1,-0.6127838567197355,training
CC1CCN(C(=O)[C@H](Cc2cccc(C(=N)N)c2)NS(=O)(=O)c2ccc(C(C)(C)C)cc2)CC1,-4.0789998902407705,training
CCNCC(=O)N=S(C)(=O)c1ccc(C(=O)Nc2ccc(Cl)cc2C(=O)Nc2ccc(Cl)cn2)cc1,-0.1760912590556812,training
COc1ccc(-n2nc(C(N)=O)c3ncn(-c4ccc(-c5ccccc5CN5CC[C@@H](O)C5)cc4)c(=O)c32)cc1,-0.1760912590556812,training
COCC1(c2ccc(N3CCc4c(C(F)(F)F)nn(-c5ccc(OC)cc5)c4C3=O)cc2)CC1,-0.2041199826559248,training
N=C(N)c1cccc(CN2CC[C@H](NS(=O)(=O)c3cccc4ccccc34)C2=O)c1,-2.8750612633917,training
CCOC(=O)C(Cc1ccc(C(=N)N)cc1)NC(=O)CNS(=O)(=O)c1ccc(C#N)cc1,-3.939519252618618,training
Nc1cc(-n2nnnc2C(=O)Nc2ccc(-c3ccccc3S(N)(=O)=O)cc2F)ccc1Cl,-0.0791812460476248,training
Nc1noc2ccc(-n3nc(C(F)(F)F)cc3C(=O)Nc3ccc(-c4ccccc4CN4CCCC4)cc3F)cc12,1.0,training
CN1CCCC1c1ccc(N2CC[C@H](NS(=O)(=O)c3ccc4cc(Cl)ccc4c3)C2=O)c(F)c1,-0.7781512503836436,training
COc1cc(Cl)ccc1C(=O)N[C@@H]1CCC[C@@H]1NC(=O)c1ccc(-n2ccccc2=O)cc1,-3.870403905279027,training
Cc1ccc(CS(=O)(=O)Nc2ccc(C)n(CC(=O)NC3CCc4nc(N)sc4C3)c2=O)cc1,-4.903089986991944,training
COc1ccc(-n2nc(C(N)=O)c3c2C(=O)N(C2CCN(c4ccccc4CN(C)C)CC2)CC3)cc1,0.3872161432802645,training
COc1ccc(C(=O)NCC2CCN(c3ccnc(C)c3)CC2)cc1OCCc1ccc(Cl)cc1Cl,-1.7558748556724917,training
CC(C)N1CCC(NC(=O)c2cc3ccccc3n2Cc2cc(-c3ccc(Cl)cc3)on2)CC1,-2.908485018878649,training
CCOC(=O)C(Oc1ccc2c(c1)CN(C(=N)N)CC2)c1ccc(O[C@H]2CCN(C(C)=N)C2)cc1,-2.0,training
Cc1cc(C(=O)Nc2ccc(-c3ccccc3S(N)(=O)=O)cc2)n(-c2cccc(C#N)c2)n1,-2.4913616938342726,training
N=C(N)c1cccc(C[C@H](NS(=O)(=O)c2cccc(NC(=O)CCN)c2)C(=O)N2CCC(Cc3ccccc3)CC2)c1,-3.531478917042255,training
COC(=O)[C@H](Cc1cccc(C(=N)N)c1)[C@@H](C)NC(=O)c1ccc(-c2ccc[n+]([O-])c2)cc1,-0.3010299956639812,training
COc1ccc2ccc(S(=O)(=O)N(CCC(N)=O)[C@H]3CCN(Cc4cccc(C(=N)N)c4)C3=O)cc2c1,-1.7481880270062005,training
CN1CC(C)(COc2ccc(C(=N)N)cc2)Oc2ccc(N(CC(=O)O)Cc3cccc(F)c3)cc21,-3.880813592280792,training
CNC(=O)N1C[C@H](NC(=O)c2ccc(-n3ccccc3=O)cc2)[C@H](NC(=O)c2ccc(Cl)s2)C1,-0.041392685158225,training
Nc1cc(C2=NOC(C(=O)Nc3ccc(-c4ccccc4S(N)(=O)=O)cc3)C2)ccc1Cl,-2.113943352306837,training
O=C1CN(S(=O)(=O)c2cc3ccc(Cl)cc3s2)CCN1Cc1cc2cnccc2o1,-3.0860037056183818,training
CCOc1cc(OC(C)C)c(F)c(C(Nc2ccc(C(=N)N)cc2)c2nc(-c3ccccc3C(N)=O)c[nH]2)c1,-3.367355921026019,training
N=C(N)c1ccc2[nH]c(Cc3nc4c(Cl)cc(Cl)cc4[nH]3)nc2c1,-0.4771212547196624,training
Cc1cc(C(=O)Nc2ccc(-c3ccccc3S(N)(=O)=O)cc2)n(-c2cccc(S(C)=N)c2)n1,-3.431363764158988,training
CS(=O)(=O)c1ccccc1-c1ccc(NC(=O)c2cc(C(F)(F)F)nn2-c2cccc(CN)c2)c(F)c1,0.8239087409443188,training
O=C(CN1C[C@H](NC(=O)c2ccc(Cl)s2)[C@@H](OCCO)C1)Nc1ccc(-n2ccccc2=O)cc1F,-1.3424226808222062,training
COc1ccc(C(=N)N2CCC(Oc3ccc(C(Oc4ccc5c(c4)CN(C(=N)N)CC5)C(=O)O)cc3)CC2)cc1,-1.414973347970818,training
COC(=O)[C@H](Cc1cccc(C(=N)N)c1)[C@@H](C)NC(=O)c1ccc(-c2ccc(C(=O)O)cc2)cc1,-1.8388490907372552,training
O=C(NCC1CCN(c2ccncc2)CC1)c1ccc(Cl)c(OCCc2ccc(Br)cc2)c1,-1.5563025007672873,training
Cc1cc(C(=O)Nc2ccc(-c3ccccc3S(N)(=O)=O)cn2)n(-c2ccc3cc(Cl)ccc3c2)n1,-0.2787536009528289,training
Cc1ccc2c3c(nn2c1)CC[C@](NC(=O)c1c(Cl)cc(-n2cnc(C)n2)cc1Cl)(c1ccc(F)c(F)c1)C3,-3.187520720836463,training
C/C(=C(\F)C(=O)Nc1ccc(-c2ccccc2S(N)(=O)=O)cc1Cl)c1ccc2ccnc(N)c2c1,-0.041392685158225,training
Nc1ccc(CCOc2cc(C(=O)NCC3CCN(c4ccncc4)CC3)ccc2F)cc1,-3.191451014464896,training
COc1ccc(C(=O)N2CCN(Cc3ccc(C#N)cc3)CC2)cc1OCCc1ccc(Cl)cc1Cl,-3.139249217571607,training
N=C(N)c1cccc(CNC(=O)CNS(=O)(=O)c2ccc3ccccc3c2)c1,-2.531478917042255,training
Cn1c(CN2CCN(Cc3ccc4c(N)ncnc4c3)C(=O)C2)nc2ccc(Cl)cc21,-2.462397997898956,training
Cc1cc(C(=O)Nc2ccc(-c3ccccc3S(N)(=O)=O)cc2)n(-c2cccc(Cl)c2)n1,-1.568201724066995,training
N=C(N)c1cccc(C[C@H](NS(=O)(=O)c2ccc3ccccc3c2)C(=O)N2Cc3ccccc3C[C@@H]2C(=O)OCc2ccccc2)c1,-3.889999934748613,training
CN1CCC(N2CCN(C(=O)Cn3cnc(NC(=O)c4ccc(Cl)s4)n3)CC2)CC1,-2.2430380486862944,training
Cc1cc(C(=O)Nc2ccc(-c3ccccc3S(N)(=O)=O)cc2)n(-c2ccccc2O)n1,-3.0791812460476247,training
NCc1cccc(-n2nc(C(F)(F)F)cc2C(=O)Nc2ccc(-c3ccccc3S(N)(=O)=O)cc2F)c1,-2.556302500767288,training
COc1ccc(C(=O)NC2CCN(C3CCCCC3)CC2)cc1OCCc1ccc(Cl)cc1Cl,-3.605843539058089,training
CCOC(=O)CC(CCc1ccccc1)c1cccc(C(=N)N)c1,-3.462397997898956,training
N=C(N)c1cccc(CN2CC[C@H](NS(=O)(=O)c3cc4nc(Cl)ccc4s3)C2=O)c1,-1.4913616938342726,training
CCOC(=O)CN(C(=O)c1ccccc1)c1ccc2c(c1)OC(C)(COc1ccc(C(=N)N)cc1)CN2C,-3.981818607170664,training
CC(C(=O)c1cc(C(F)(F)F)nn1-c1ccc2onc(N)c2c1)c1ccc(-c2ccccc2S(C)(=O)=O)cc1,-0.6720978579357175,training
COc1ccc(-n2nc(C(F)(F)F)cc2C(=O)Nc2ccc(-c3ccccc3S(N)(=O)=O)cc2F)cc1,-0.6232492903979004,training
COC(=O)CCC(Oc1cccc(-c2ccc3sc(C(=N)N)cc3c2)c1)c1ccc(Cl)cc1,-1.568201724066995,training
CC[C@H](C)[C@@H]1NC(=O)[C@H](CCCNC(=N)N)NC(=O)[C@H](CCC(N)=O)NC(=O)[C@@H]2CSSC[C@@H]3NC(=O)[C@H](C)NC(=O)CNC(=O)[C@@H]4CCCN4C(=O)[C@@H]4CSSC[C@H](NC(=O)[C@H](Cc5ccc(O)cc5)NC(=O)CNC(=O)[C@H](CC(N)=O)NC(=O)CNC(=O)[C@H](CCCNC(=N)N)NC(=O)[C@H](CSSC[C@H](NC(=O)[C@H](CCCCN)NC(=O)[C@H](CCCCN)NC(=O)[C@H](CC(C)C)NC1=O)C(=O)N[C@@H](CCCNC(=N)N)C(=O)N[C@@H](CCCNC(=N)N)C(=O)N[C@@H](CC(=O)O)C(=O)N[C@@H](CO)C(=O)N[C@@H](CC(=O)O)C(=O)N4)NC(=O)[C@H]([C@@H](C)CC)NC3=O)C(=O)NCC(=O)N[C@@H](CO)C(=O)NCC(=O)N[C@@H](CO)C(=O)N[C@@H](CC(=O)O)C(=O)NCC(=O)NCC(=O)N[C@@H](Cc1ccccc1)C(=O)N2,-2.6989700043360187,training
Cn1ccnc1-c1cccc(Oc2cc(C(=O)O)cc(Oc3cc(C(=N)N)ccc3O)n2)c1,-0.9542425094393248,training
COC(=O)c1ccccc1CS(=O)(=O)N[C@H]1CCCCN(CC(=O)N[C@@H](CCCNC(=N)N)C(=O)O)C1=O,-1.968482948553935,training
N=C(N)c1cccc(Cn2c(C(=O)NCC34C[C@H]5C[C@@H](C3)C[C@@H](C4)C5)cc3c(O)cccc32)c1,-2.437750562820388,training
O=C(Nc1ccc(Cl)cc1C(=O)Nc1ccc(Cl)cn1)c1ccc(-c2ccccc2N2CCC(C(=O)O)CC2)cc1,1.9208187539523751,training
N=C(N)c1cccc(C(=O)N[C@@H](C(=O)N2CCN(c3ccncc3)CC2)c2ccccc2)c1,-1.1139433523068367,training
COc1ccc(O)c(C(=O)Nc2ccc(C(=N)N)cc2)c1,-3.716003343634799,training
N=C(N)c1ccc(CN2CCN(S(=O)(=O)c3cc4ccc(Cl)cc4s3)CC2=O)cc1,-0.1139433523068367,training
N=C(N)c1ccc(Oc2ccc(NS(=O)(=O)c3ccc4ccccc4c3)c(Oc3ccc(C(=N)N)cc3)n2)cc1,-2.4771212547196626,training
COC(=O)C1CCN(C(=O)[C@H](Cc2cccc(C(=N)N)c2)NS(=O)(=O)c2c(C)cc(C)cc2C)CC1,-4.920000015088359,training
C[C@@]12CC[C@H]3[C@]4(C)CCC[C@@](C)(C(=O)O)[C@H]4CC[C@]3(CC1=O)C2,-4.126618375522951,training
O=C(NCC1CCN(c2ccncc2)CC1)c1ccc(Cl)c(OCCc2ccc(Cl)cn2)c1,-1.3010299956639813,training
COc1ccc(C(=O)NCC2CC(c3ccncc3)=NO2)cc1OCCc1ccc(Cl)cc1Cl,-3.0523090996473234,training
Cc1cc(C)cc(CCN(CC(=O)NC(CCC/N=C/N)B(O)O)C(=O)CCc2ccccc2)c1,-1.4771212547196624,training
Nc1noc2ccc(-n3nc(C(F)(F)F)cc3C(=O)Nc3ccc(-c4ccccc4CN4CCCCC4)cc3F)cc12,0.8239087409443188,training
N=C(N)c1ccc(CNC(=O)[C@H](Cc2cccc(CN)c2)NC(=O)[C@@H](CCCc2ccccc2)NS(=O)(=O)Cc2cccc(C(=O)O)c2)cc1,-1.6532125137753435,training
COc1ccccc1NC(=O)C(Oc1cccc2sc(C(=N)N)cc12)c1ccccc1,-1.845098040014257,training
CN(C)Cc1ccccc1-c1ccc(-n2cnc3c(C(F)(F)F)nn(-c4ccc5onc(N)c5c4)c3c2=O)cc1,0.4559319556497244,training
Cn1cc(CC(=O)Nc2ccc(-c3ccccc3S(N)(=O)=O)cn2)c2cc(C(=N)N)ccc21,-1.9493900066449128,training
Cc1c(F)c(Oc2cccc(Cl)c2)nc(Oc2cccc(C(=N)N)c2)c1F,-3.230448921378274,training
COc1ccc(C(=N)N)cc1Oc1nc(Oc2cccc(C(=O)N(C)C)c2)c(F)c(C)c1F,-2.8573324964312685,training
O=C(N[C@H]1COC[C@H]1NC(=O)c1ccc(Cl)s1)c1ccc(-n2ccccc2=O)cc1,-0.414973347970818,training
CS(=O)(=O)c1ccccc1-c1ccc(N2CCCC(NS(=O)(=O)c3ccc(-c4ccon4)s3)C2=O)c(F)c1,-1.414973347970818,training
CC(C)Oc1ccccc1-c1ccc(N2CCC(NS(=O)(=O)/C=C/c3ccc(Cl)s3)C2=O)nc1,-2.255272505103306,training
O=C1C(NS(=O)(=O)/C=C/c2ccc(Cl)s2)CCN1c1ccc(-n2ccnc2CN2CCCC2)cc1F,0.3979400086720376,training
COC(=O)[C@H](Cc1cccc(C(=N)N)c1)[C@H](NC(=O)c1ccc(-c2cccc(CN)c2)cc1)C(C)C,-0.9030899869919436,training
CCOC(=O)C(Cc1cccc(C(=N)N)c1)NC(=O)CNS(=O)(=O)c1ccc(C(=N)S)cc1,-2.806179973983887,training
CC(C)N1CCC(NC(=O)c2cc3ccccc3n2Cc2nc(-c3ccc(Cl)cc3)no2)CC1,-3.3483048630481607,training
N=C(N)c1ccc2[nH]c(-c3cc(Cl)cc(-c4ccccc4)c3O)nc2c1,-2.9731278535996988,training
N=C(N)c1ccc(CNC(=O)[C@H](CCC2CCNCC2)NC(=O)[C@@H](CCc2cc[n+]([O-])cc2)NS(=O)(=O)Cc2ccccc2)cc1,-2.0791812460476247,training
O=C(NCC1CCN(c2ccncc2)CC1)c1cc(OCCc2ccc(Cl)cc2Cl)ccc1[N+](=O)[O-],-3.688686724284124,training
CCOc1cc(-c2ccccc2)cc(C(Nc2ccc(C(=N)N)cc2)C(=O)O)c1,-3.146128035678238,training
Cc1c[nH]c2cc(C(=O)N[C@@H](C(=O)N3CCC(C4CCN(C)CC4)CC3)c3ccccc3)ccc12,0.0457574905606751,training
CN(CC(=O)N[C@@H](CCCCN)C(=O)C(=O)NCCN1CCOCC1)C(=O)c1ccccc1Sc1ccccc1C#N,-2.3010299956639813,training
N=C(N)c1cc2c(OC(CNCc3ccccc3)c3ccccc3)cccc2s1,-2.397940008672037,training
CCOC(=O)[C@]1(C)CCC[C@]2(C)[C@@H]1CC[C@@]13C/C(=N\OC/C=C/c4ccc5sccc5c4)[C@@](C)(CC[C@@H]21)C3,-2.3242824552976926,training
COC(=O)CN(C1CCCN(c2ccc(-n3ccccc3=O)cc2)C1=O)S(=O)(=O)c1cc2ccc(Cl)nc2s1,1.3665315444204136,training
C[C@H]1CCC[C@@H]1Oc1cccc(-c2nc3cc(C(=N)N)c(F)cc3[nH]2)c1O,-4.531478917042255,training
NCCCC[C@H](NC(=O)OCc1ccccc1)C(=O)c1noc(Cc2ccc(C(=O)NC3Cc4ccccc4C3)cc2)n1,-5.0,training
N=C(N)c1cccc(C[C@H](NS(=O)(=O)c2cccc(NC(=O)CCN)c2)C(=O)N2CCC(CCN)CC2)c1,-4.32221929473392,training
N=C(N)c1cccc(-n2nc(Cn3cncn3)cc2C(=O)Nc2ccc(-n3cnc4ccccc43)cc2)c1,0.721246399047171,training
Cc1cc(C(=O)Nc2ccc(N3CCOCC3=O)cc2F)n(-c2cc3ccccc3cc2F)n1,0.3010299956639812,training
CC(C)COc1cccc(-c2cc3cc(C(=N)N)ccc3[nH]2)c1O,-3.230448921378274,training
CNC(=O)[C@H]1CCCCN1C(=O)[C@H](Cc1cccc(C(=N)N)c1)NS(=O)(=O)c1ccc2ccccc2c1,-4.780000010036899,training
C[C@@H](C(=O)N1CCOCC1)N1CC[C@H](NS(=O)(=O)c2ccc(-c3ncc(Cl)s3)s2)C1=O,-3.5085297189712867,training
COc1cc(Oc2nc(Oc3cccc(C(=N)N)c3)c(F)c(C)c2F)cc(C(=O)N(C)C)c1,-2.146128035678238,training
Nc1nccc2ccc(C(=O)N[C@@H](C(=O)N3CCN(c4ccncc4)CC3)c3ccccc3)cc12,-2.0,training
CS(=O)(=O)c1ccc(COc2cccc(NC(=O)C3CCN(c4ccncc4)CC3)c2)cc1,-3.888179493918325,training
COc1ccc(C(=O)N2CCN(CC(=O)N3CCCC3)CC2)cc1OCCc1ccc(Cl)cc1Cl,-3.3392526340327,training
CS(=O)(=O)N1C[C@H](C(=O)Nc2ccc(Cl)cc2)[C@@H](C(=O)Nc2ccc(N3CCOCC3=O)cc2F)C1,-1.662757831681574,training
N=C(N)c1cccc(OC2N=C(Oc3cccc(C(=N)N)n3)CNC2=O)c1,-2.278753600952829,training
CN(C)CCN(c1ccccc1)c1ccc(-c2ccc3c(C(N)=O)nn(-c4ccc5onc(N)c5c4)c3c2F)c(F)c1,-2.838849090737255,training
COc1ccc(C(=O)N[C@@H]2CCC[C@@H]2NC(=O)c2ccc(-n3ccccc3=O)cc2)cc1,-2.230448921378274,training
COc1ccc(C2=NOC(CNS(C)(=O)=O)(C(=O)Nc3ccc(-c4ccccc4S(N)(=O)=O)cn3)C2)cc1,-1.0,training
CSCC[C@H](NC(=O)[C@H](NS(=O)(=O)Cc1ccccc1)[C@@H](C)O)C(=O)NCc1ccc(C(=N)N)cc1,-3.255272505103306,training
COc1ccc(-n2nc(C(F)(F)F)c3c2C(=O)N(c2ccc(C4(CCN5CCCC5)CC4)cc2)CC3)cc1,1.6989700043360187,training
CCc1nc2cc(OC3CCN(C(C)=N)CC3)ccc2n1Cc1cccc(-c2ccc(C(=N)N)cc2)c1,-2.4149733479708178,training
CC(C)N(Cc1ccncc1)C(=O)[C@H](C)N1CC[C@H](NS(=O)(=O)c2ccc3cc(Cl)ccc3c2)C1=O,-0.7781512503836436,training
Cc1ccc2c(c1)c(C1CC1)c1n2C[C@@](NC(=O)c2c(Cl)cc(-n3cnnc3)cc2Cl)(c2ccccc2)CC1,-3.15106325335375,training
Cc1c(C)c(S(=O)(=O)N[C@@H](Cc2cccc(C(=N)N)c2)C(=O)N2CCN(S(C)(=O)=O)CC2)c(C)c2c1OC(C)(C)CC2,-4.869999975803975,training
CC(=N)N1CCC(Oc2ccc(N(Cc3ccc4ccc(C(=N)N)cc4c3)S(=O)(=O)CC(=O)O)cc2)CC1,-0.1139433523068367,training
CCOc1cc(O[C@H]2CC[C@H](O)CC2)cc(C(Nc2ccc(C(=N)N)cc2)C(=O)O)c1,-4.086359830674748,training
Cc1cc2ccc1[C@@H](C)COC(=O)Nc1ccc(C3(C(=O)O)CC3)c(c1)CN(C)C(=O)[C@@H]2Nc1ccc2c(N)ncc(F)c2c1,-3.822821645303105,training
N=C(N)c1ccc(CCC(CC(=O)O)c2cccc(C(=N)N)c2)cc1,-3.146128035678238,training
CC(C)OC(=O)[C@H]1CCCN(C(=O)[C@H](Cc2cccc(C(=N)N)c2)NS(=O)(=O)c2ccc3ccccc3c2)C1,-4.203999992230858,training
N=C(N)c1cccc(CN2CC[C@H](NS(=O)(=O)c3cccc(-c4ccccc4)c3)C2=O)c1,-2.6434526764861874,training
CS(=O)(=O)N[C@H](Cc1ccc(Cl)c(Cl)c1)C(=O)N1CCC[C@H]1C(=O)NCc1ccc(C(=N)N)cc1,-2.0791812460476247,training
Nc1noc2ccc(-n3nnnc3C(=O)Nc3ccc(C(=O)N4CCCC4)cc3F)cc12,-0.4623979978989561,training
Cc1ccc2c(c1)c(/C=C/C(=O)O)c1n2C[C@@](NC(=O)c2c(Cl)cc(-n3cnnc3)cc2Cl)(c2ccccc2)CC1,-2.5276299008713385,training
CCc1nc2c(N(CC(=O)O)CC(=O)O)c(OC3CCN(C(C)=N)CC3)ccc2n1Cc1ccc2ccc(C(=N)N)cc2c1,-1.6989700043360187,training
COc1ccc(-n2nc(C(F)(F)F)c3c2C(=O)N(c2ccc(C4(CCN5CCOCC5)CC4)cc2)CC3)cc1,0.6777807052660807,training
Cc1cc(C(=O)Nc2ccc(C3=NCCN3C)cc2F)n(-c2ccc3cc(Cl)ccc3c2)n1,-0.0,training
COC(=O)[C@H]1[C@@H](C)CCCN1C(=O)[C@H](Cc1cccc(C(=N)N)c1)NS(=O)(=O)c1ccc2ccccc2c1,-4.555999957559489,training
COc1ccc(CNC(=O)[C@H](NC(=O)c2cccc(C(=N)N)c2)c2ccccc2)cc1,-1.4471580313422192,training
CS(=O)(=O)N[C@@H](C(=O)N1CCC[C@H]1C(=O)NCc1ccc(C(=N)N)s1)C(c1ccccc1)c1ccccc1,-2.556302500767288,training
COC(=O)CC(CCc1ccc(N)cc1)c1cccc(C(=N)N)c1,-3.6989700043360174,training
Cc1c(F)c(Oc2cccc(C(=N)N)c2)nc(Oc2cccc(C(=O)N(C)Cc3ccccc3)c2)c1F,-3.380211241711606,training
N=C(N)c1ccc(NC(=O)c2cc(Br)ccc2O)cc1,-4.176091259055681,training
CC(C)(C)OC(=O)N[C@@H](C(=O)N1CCC[C@H]1C(=O)NCc1csc(N)c1)C(C1CCCCC1)C1CCCCC1,-4.431363764158987,training
N=C(N)c1cccc(Oc2cc(Oc3ccccc3C(=N)N)ccc2N)c1,-3.041392685158225,training
CN(C)C(=O)c1ccc(Oc2cccc(C(=N)N)c2)nc1Oc1cccc(C(=N)N)c1,-1.505149978319906,training
N=C(N)c1cccc(C[C@H](NS(=O)(=O)c2ccc3ccccc3c2)C(=O)N2CCC(C3CCN(C(=N)N)CC3)CC2)c1,-4.3979400086720375,training
CCN(CC)CCN(C)Cc1csc(C(=O)Nc2ccc(Cl)cc2C(=O)Nc2ccc(Cl)cc2)c1Cl,0.2839966563652008,training
N=C(N)N1CCCC(C(=O)Nc2cccc(OCc3ccc(F)cc3)c2)C1,-4.755874855672492,training
N=C(N)c1cc2cc(-c3cccc(OCc4ccc(Cl)cc4)c3)ccc2s1,-3.462397997898956,training
CCOC(=O)C(Cc1cccc(C(=N)N)c1)NC(=O)CNS(=O)(=O)c1ccc(C#N)cc1,-3.716003343634799,training
N=C(N)c1cc2cc(-c3cccc(OC(C(=O)O)c4ccc(F)cc4)c3)ccc2s1,-2.959041392321093,training
COc1ccc(-n2nc(C(N)=O)cc2C(=O)Cc2ccc(-n3ccccc3=O)cc2F)cc1,0.958607314841775,training
CNC(=O)c1nn(-c2ccc(OC)cc2)c2c1CCN(c1ccc(-c3ccccc3CN3CC[C@@H](O)C3)cc1)C2=O,-0.6812412373755872,training
CCN(C)Cc1ccccc1N1CCC(NC(=O)c2cc(C(F)(F)F)nn2-c2ccc3onc(N)c3c2)CC1,0.1549019599857432,training
COCCOCCOCc1csc(C(=O)Nc2ccc(Cl)cc2C(=O)Nc2ccc(Cl)cc2)c1Cl,-1.0,training
Cc1nn(-c2cccc(CN)c2)c2cc(-c3ccc(N4CCCCC4=O)cc3)ccc12,-3.8356905714924254,training
N=C(N)c1ccc(CNC(=O)CNC(=O)[C@@H](CO)NS(=O)(=O)/C=C/c2ccccc2)cc1,-4.176091259055681,training
COc1cc2nc([C@@H](CNC(=O)c3c(Cl)cc(-n4cnc(C)n4)cc3Cl)c3cccc(F)c3)[nH]c2cc1Cl,-3.2860071220794747,training
CS(=O)(=O)c1ccccc1-c1ccc(NC(=O)[C@H]2CN(S(C)(=O)=O)C[C@@H]2C(=O)Nc2ccc(Cl)cc2)c(F)c1,-1.6020599913279625,training
CN(C)C(=N)c1ccc(/C=C2/CCCC/C(=C/c3ccc(C(=N)N(C)C)cc3)C2=O)cc1,-3.204119982655925,training
COc1ccc(-n2nc(C(F)(F)F)c3c2C(=O)N(c2ccc(-c4ccccc4CN(C)C)cc2)CC3)cc1,0.4881166390211258,training
NC(=O)CN(C1CCCN(c2ccc(-n3ccccc3=O)cc2)C1=O)S(=O)(=O)c1cc2ccc(Cl)nc2s1,1.0,training
COc1ccc(-n2nc(C)cc2C(=O)Nc2ccc(-c3ccccc3S(N)(=O)=O)cn2)cc1,-1.2041199826559248,training
Cc1cc(C(=O)Nc2ccc(-c3ccccc3S(N)(=O)=O)cc2F)n(-c2ccc3cc(Cl)ccc3c2)n1,-0.5314789170422551,training
N#Cc1ncccc1-c1ccc(N2CCC(NS(=O)(=O)c3ccc4cc(Cl)ccc4c3)C2=O)c(F)c1,0.1549019599857432,training
Cc1cc(C(=O)Nc2ccc(-n3ccnc3CN(C)C)cc2F)n(-c2cc3ccccc3cc2S(C)(=O)=O)n1,-0.505149978319906,training
CC(C)c1cc(C(C)C)c(S(=O)(=O)N[C@@H](Cc2cccc(C(=N)N)c2)C(=O)N2CCC[C@H](C(=O)OCc3ccccc3)C2)c(C(C)C)c1,-2.9540011676815703,training
O=C1C(NS(=O)(=O)c2ccc3cc(Cl)ccc3c2)CCN1c1ccc(-c2cccnc2)cc1F,-0.7993405494535817,training
O=C(Nc1ccc(Cl)cc1C(=O)Nc1ccc(Cl)cn1)c1ccc(N2CCCCC2=O)cc1,0.4814860601221125,training
N=C(N)c1ccc(CNC(=O)[C@@H]2Cc3cccc(c3)CNC(=O)Cc3ccccc3CC(=O)NCc3cccc(c3)C[C@@H](NS(=O)(=O)Cc3ccccc3)C(=O)N2)cc1,-2.012837224705172,training
O=C(Nc1cccc(OCc2ccc(C(F)(F)F)cc2)c1)C1CCN(c2ccncc2)CC1,-4.685741738602264,training
C=CC[C@]1(C)C[C@@H](C(=O)NCc2ccc(C(=N)N)cc2)n2c1c(Cl)nc(NC1CCC1)c2=O,-2.812913356642856,training
Nc1noc2ccc(-n3nc(C(F)(F)F)cc3C(=O)Nc3ccc(-c4ccccc4CN4CCC[C@H]4CO)cc3F)cc12,0.6989700043360187,training
COC(=O)Nc1ccc(S(=O)(=O)C(C)C)c([C@H]2CCCN2C(=O)[C@H](Nc2ccc3c(N)nccc3c2)c2cccc(OC(F)F)c2)c1,-3.462397997898956,training
NCc1ccc(Cl)cc1CNC(=O)CNC(=O)C(CCc1cccc[n+]1[O-])NC(=O)CC(=O)O,-1.812913356642856,training
N=C(N)c1ccc(CNC(=O)[C@@H]2CC[C@H]3CN(S(=O)(=O)C(c4ccccc4)c4ccccc4)CC(=O)N32)cc1,-0.0,training
CCOC(=O)c1cc(NC/C=C/c2cccc(C(=N)N)c2)ccc1OC1CCN(C(C)=N)CC1,-0.8325089127062363,training
Cc1ccc2c(c1)c(C(N)=O)c1n2C[C@@](NC(=O)c2ccc(-n3cnnc3)cc2Cl)(c2ccccc2)CC1,-3.014940349792937,training
COC(=O)[C@H](Cc1cccc(C(=N)N)c1)[C@@H](C)NC(=O)c1ccc(-c2ccc[n+](C)c2)cc1,0.0969100130080563,training
[O-][n+]1ccccc1C(F)(F)CNc1nccc2oc(Cc3ccccc3N3CN=CN3)nc12,-1.146128035678238,training
Cc1c(F)c(Oc2cccc(CCC(N)=O)c2)nc(Oc2cccc(C(=N)N)c2)c1F,-2.845098040014257,training
CN(C)C(=O)N1CCN(C(=O)[C@H](Cc2cccc(C(=N)N)c2)NS(=O)(=O)c2ccc3ccccc3c2)CC1,-4.380000014661041,training
COc1ccc(C(=O)NCCCN2CCCCC2)cc1OCCc1ccc(Cl)cc1Cl,-3.346548558548474,training
CCC(C(=O)Nc1ccc(-n2cnc3ccccc32)cc1)c1c[nH]c2ccc(C(=N)N)cc12,-0.4471580313422192,training
C[C@@H](C(=O)N(C)C)N1CC[C@H](NS(=O)(=O)c2ccc3cc(Cl)ccc3c2)C1=O,-2.5390760987927767,training
N=C(N)c1cccc(C(=O)N[C@@H](C(=O)NCCc2ccccc2)c2ccccc2)c1,-2.929418925714293,training
Nc1noc2ccc(-n3nc(C(F)(F)F)c4c3C(=O)N(c3ccc(-c5ccccc5CN5CCOCC5)cc3)CC4)cc12,0.4559319556497244,training
COc1ccc(-n2nc(C(F)(F)F)c3c2C(=O)N(c2ccc(N4CCCCCC4=O)cc2)CC3)cc1,0.3279021420642826,training
Cc1ccc2c3c(nn2c1)CC[C@@](C)(NC(=O)c1ccc(-n2cnc4cc(C(=O)O)ccc42)cc1Cl)C3,-2.714329759745233,training
NS(=O)(=O)c1ccccc1-c1ccc(NC(=O)C2CC(c3ccc(C(F)F)cc3)=NO2)cc1,-3.204119982655925,training
N=C(N)c1cccc(-n2nc(Cn3ccnn3)cc2C(=O)Nc2ccc(-n3cnc4ccccc43)cc2)c1,0.585026652029182,training
NC(=O)c1nn(-c2ccc3onc(N)c3c2)c2c(F)c(-c3ccc(N4CCCCC4=O)cc3F)ccc12,-0.8061799739838872,training
N=C(N)c1ccc2[nH]cc(C(Cc3ccc(NS(=O)(=O)c4ccccc4)cc3)C(=O)Nc3ccc(-n4cnc5ccccc54)cc3)c2c1,-1.2787536009528289,training
CC(C)c1cc(C(C)C)c(S(=O)(=O)NC(Cc2cccc(C(=N)N)c2)C(=O)N2CCN(C(=O)CN=C(N)N)CC2)c(C(C)C)c1,-3.9542425094393248,training
Cc1cccc2c1cc(C(=O)NCc1cccc3ccccc13)n2Cc1cccc(C(=N)N)c1,-1.9822712330395684,training
N=C(N)c1cccc(C[C@H](NS(=O)(=O)c2cccc(NC(=O)CCN)c2)C(=O)N2CCC(CCNC(=O)Nc3ccccc3)CC2)c1,-3.416640507338281,training
CC(C(=O)Nc1ccc(-n2cnc3ccccc32)cc1)c1c[nH]c2ccc(C(=N)N)cc12,-0.4771212547196624,training
N=C(N)c1ccc(Oc2cccc(Oc3cccc(C(=N)N)c3)n2)cc1,-2.113943352306837,training
N=C(N)c1ccc(CNC(=O)[C@@H]2CCN2C(=O)[C@H](NCC(=O)O)C2CCCCC2)cc1,-3.5658478186735176,training
CN(C)CCNC(=O)N(C1CCCN(c2ccc(-c3ccccc3S(C)(=O)=O)cc2F)C1=O)S(=O)(=O)c1ccc2cc(Cl)ccc2c1,-0.3424226808222063,training
CC(C)c1ccc(CCNS(=O)(=O)c2cc(C(=N)N)ccc2O)c(NC(=O)C(=O)O)c1,-0.9867717342662448,training
COc1ccc(-n2nc(C(F)(F)F)c3c2C(=O)N(c2ccc(C4(C5=NCCN5S(C)(=O)=O)CC4)cc2)CC3)cc1,-0.6901960800285137,training
O=C(Nc1ccc(Cl)cc1)[C@H]1CN(S(=O)(=O)CC(F)(F)F)C[C@@H]1C(=O)Nc1ccc(-n2ccccc2=O)cc1F,-1.230448921378274,training
O=C1CN(S(=O)(=O)c2cc3ccc(Br)cc3s2)CCN1Cc1cc2c[nH]ccc-2n1,-0.4771212547196624,training
COCC1(C(=O)Nc2ccc(-c3ccccc3S(N)(=O)=O)cc2)CC(c2cccc(C(=N)N)c2)=NO1,-0.5314789170422551,training
CS(=O)(=O)c1cc(F)ccc1N1CCN(C(=O)[C@H](NC(=O)c2ccc3ccnc(N)c3c2)c2ccccc2)CC1,-0.4771212547196624,training
CCCOc1c(-c2csc(-c3cc(C(=N)N)sc3SC)n2)cnn1-c1ccccn1,-3.6989700043360174,training
CNC(=O)NCCC1CCN(C(=O)[C@H](Cc2cccc(C(=N)N)c2)NS(=O)(=O)c2cccc(NC(=O)CCN)c2)CC1,-3.8494194137969,training
CNCc1ccccc1N1CCC(NC(=O)c2cc(C(F)(F)F)nn2-c2ccc3onc(N)c3c2)CC1,0.1739251972991735,training
CC(C)N1CCC(NC(=O)c2cc3ccccc3n2CC(=O)Nc2ccc(Cl)cc2)CC1,-0.4771212547196624,training
N=C(N)Nc1ccc(NC(=O)c2cc3cc4ccccc4cc3cc2O)cn1,-4.740362689494244,training
O=C(N[C@H]1CCCC[C@H]1NC(=O)c1ccc2c(Cl)c[nH]c2c1)c1ccc(C2(CN3CCCC3)CC2)cc1,0.3565473235138126,training
CC(C)N(C)Cc1nccn1-c1ccc(N2CCC(NS(=O)(=O)/C=C/c3ccc(Cl)s3)C2=O)c(F)c1,0.2218487496163563,training
N=C(N)c1cccc(COC(=O)c2cc3cc(OCc4ccccc4)ccc3n2Cc2cccc(C(=N)N)c2)c1,-1.7853298350107671,training
CCC(C)(C)c1ccc(S(=O)(=O)N[C@@H](Cc2cccc(C(=N)N)c2)C(=O)N2CCN(C(=O)CCN=C(N)N)CC2)cc1,-3.9190780923760737,training
O=C(Nc1cccc(CCc2ccc(F)cc2)c1)C1CCN(c2ccncc2)CC1,-4.576341350205793,training
N=C(N)c1cccc(Cn2c(C(=O)NCc3cc(Cl)cc(Cl)c3Cl)cc3c(O)cccc32)c1,-1.99563519459755,training
CCC(=O)N1CCC(CC[C@@H](NS(=O)(=O)Cc2ccccc2)C(=O)N[C@@H](CCC2CCNCC2)C(=O)NCc2ccc(C(=N)N)cc2)CC1,-3.361727836017593,training
N=C(N)c1ccc2[nH]c(Cc3nc4c(F)cc(F)cc4[nH]3)nc2c1,-0.7781512503836436,training
COc1ccc(-n2nc(C(N)=O)c3c2C(=O)N(c2ccc(-c4ccccc4CN)cc2)CC3)cc1,0.0132282657337551,training
CC[C@H](C)[C@@H]1NC(=O)[C@H](CC(=O)O)NC(=O)[C@@H]2CCCN2C(=O)[C@H](Cc2ccc(O)cc2)NC(=O)[C@H](Cc2ccc(O)cc2)NC(=O)[C@H](C(C)C)NC(=O)[C@@H]2CSCc3cc(cc(c3)CSC[C@@H](C(=O)N[C@@H](C)C(=O)N(C)CC(=O)N(C)CC(=O)N(C)CC(=O)N[C@H](CCCNC(=N)N)C(=O)N[C@H](CCCNC(=N)N)C(=O)O)NC1=O)CSC[C@H](NC(C)=O)C(=O)N[C@@H](CO)C(=O)N[C@@H](Cc1ccccc1)C(=O)N1CCC1C(=O)N[C@@H](Cc1ccc(O)cc1)C(=O)N[C@@H](CCCCNC(=N)N)C(=O)N2,-4.361727836017593,training
N=C(N)c1cccc(C[C@H](NS(=O)(=O)c2cccc(-c3ccc(Cl)cc3Cl)c2)C(=O)N2CCC(NC(=O)NC3CCCCC3)CC2)c1,-1.3010299956639813,training
COc1ccc(-n2nc(C(F)(F)F)c3c2C(=O)N(c2ccc(C4(C(=O)Nc5nnn[nH]5)CC4)cc2)CC3)cc1,-0.4771212547196624,training
FC(F)(CNc1nccc2oc(Cc3cc(Cl)ccc3-n3cncn3)nc12)c1ccccn1,0.1135092748275181,training
CCNc1cccc(Oc2nc(Oc3cccc(C(=N)N)c3)c(F)c(C)c2F)c1,-2.724275869600789,training
C[C@@H](C(=O)N(CCN)CC1CC1)N1CC[C@H](NS(=O)(=O)c2ccc3cc(Cl)ccc3c2)C1=O,-1.1760912590556811,training
Cc1nn(-c2ccc3onc(N)c3c2)c2c(=O)n(-c3ccc(-c4ccccc4CN4CC[C@@H](O)C4)cc3)c(C)nc12,0.431798275933005,training
O=C(Nc1ccc(Cl)cc1)c1cc(Cl)ccc1NC(=O)c1scc(Cn2ncnn2)c1Cl,-0.3010299956639812,training
CC(C)N1CCC(NC(=O)c2cc3cccc([N+](=O)[O-])c3n2Cc2cc(-c3cc(Cl)cs3)on2)CC1,1.0,training
O=C(O)CN1CCN(Cc2ccc3c(Cl)c(C(=O)Nc4ccc(Cl)cc4C(=O)Nc4ccc(Cl)cc4)sc3c2)CC1,-0.9777236052888476,training
O=C(N[C@H]1C[C@H](CO)C[C@H]1NC(=O)c1ccc(Cl)s1)c1ccc(-n2ccccc2=O)cc1,0.2518119729937995,training
CC(=O)NCC(Oc1cccc2sc(C(=N)N)cc12)c1ccccc1,-3.113943352306837,training
CN(C)C(=O)c1cccc(Oc2nc(Oc3cc(C(=N)N)ccc3O)c(F)c(N(C)CC(=O)O)c2F)c1,0.3872161432802645,training
COc1ccc(-n2nc(C(N)=O)c3c2C(=O)N(c2ccc(C(C)(C)CN(C)C)cc2)CC3)cc1,1.154901959985743,training
CN1CC(C)(COc2ccc(C(=N)N)cc2)Oc2ccc(N(CC(=O)O)Cc3ccc(F)cc3)cc21,-3.886490725172482,training
N=C(N)c1ccc2[nH]c(-c3cc(CC(=O)O)cc(Br)c3O)c(Cc3ccccc3)c2c1,-0.4771212547196624,training
COc1ccc(-n2nc(C)cc2C(=O)Nc2ccc(-c3ccccc3S(N)(=O)=O)cc2F)cc1,-0.724275869600789,training
CS(=O)(=O)c1ccccc1-c1ccc(N2CCCC(NS(=O)(=O)c3ccc4onc(N)c4c3)C2=O)c(F)c1,-1.2787536009528289,training
O=C1CN(S(=O)(=O)c2cc3ccc(Cl)cc3s2)CCN1Cc1cc2cnccc2n1CCO,-0.4771212547196624,training
CC1CCN(C(=O)[C@H](Cc2cccc(C(=N)N)c2)NS(=O)(=O)c2cccc(NC(=O)CCN)c2)CC1,-3.643452676486187,training
O=C1[C@@H](NS(=O)(=O)/C=C/c2ccc(Cl)s2)CCN1c1ccc2c(c1)CNCC2,-0.9030899869919436,training
CCOP(=O)(OCC)c1ccc2cc1CN(C)C(=O)[C@H](Nc1ccc3c(N)nccc3c1)c1ccc(c(C)c1)[C@@H](C)COC(=O)N2,-3.591064607026499,training
COC(=O)[C@H](Cc1cccc(C(=N)N)c1)[C@@H](C)NC(=O)c1ccc(-c2cc[n+]([O-])cc2)cc1,0.3467874862246563,training
N=C(N)NCCC[C@@H](NS(=O)(=O)Cc1ccccc1)C(=O)N1CCC[C@H]1C(=O)NCc1ccc(C(=N)N)cc1,-0.380211241711606,training
CC(=N)N1CCC(Oc2ccc3cc(C(=O)N(C)C)n(Cc4ccc5ccc(C(=N)N)cc5c4)c3c2)CC1,-0.5440680443502757,training
N=C(N)c1cccc(-n2nc(C(F)(F)F)cc2C(=O)Nc2ccc(-n3cnc4ccncc43)cc2F)c1,1.3979400086720375,training
CC(C)N(CCNC(N)=O)C(=O)[C@H](C)N1CC[C@H](NS(=O)(=O)c2ccc3cc(Cl)ccc3c2)C1=O,-0.3010299956639812,training
COc1ccc(-n2nc(C(F)(F)F)c3c2C(=O)N(c2ccc(C4(CCN(C)C)CC4)cc2)CC3)cc1,1.6989700043360187,training
COc1cc([C@@H]2Nc3ccc(C(=N)N)cc3[C@H]3c4ccccc4C[C@@H]23)c(-c2ccccc2C(=O)O)cc1O,-1.2041199826559248,training
N=C(N)c1ccc(CNC(=O)[C@@H]2Cc3cccc(c3)CNC(=O)Cc3ccc(cc3)CC(=O)NCc3cccc(c3)C[C@@H](NS(=O)(=O)Cc3ccccc3)C(=O)N2)cc1,-2.1818435879447726,training
NS(=O)(=O)c1ccccc1-c1ccc(NC(=O)C2CC(c3ccc(Cl)c(Cl)c3)=NO2)cc1,-3.431363764158988,training
N=C(N)c1cccc(Oc2ccc(NC(=O)Nc3ccccc3)c(Oc3cccc(C(=N)N)c3)n2)c1,-1.792391689498254,training
CC(C)c1ccc(CCN(CC(=O)O)S(=O)(=O)c2cc(/C(N)=N/O)ccc2O)cc1,-3.845098040014257,training
CCN(CC)Cc1csc(C(=O)Nc2c(OC)cc(Cl)cc2C(=O)Nc2ccc(Cl)cn2)c1Cl,0.494850021680094,training
N=C(N)c1cccc(-n2nc(Cn3ccnc3)cc2C(=O)Nc2ccc(-n3cnc4ccccc43)cc2)c1,0.2365720064370627,training
C[C@]1(c2ccccc2)C[C@@H](c2cccc(-c3ccc(N)cc3C(=O)O)c2)Nc2ccc(C(=N)N)cc21,-3.599883072073688,training
N=C(N)c1cc2c(OC(CNC(=O)Oc3ccccc3)c3ccccc3)cccc2s1,-2.7481880270062,training
COc1cc(Cl)cc(C(=O)Nc2ccc(Cl)cn2)c1NC(=O)c1scc(CN2CC(=O)NC2=N)c1Cl,1.4685210829577449,training
CCS(=O)(=O)c1ccc2cc1CNC(=O)[C@H](Nc1ccc3c(N)nccc3c1)c1ccc(cc1)CCCC(=O)N2,-3.505149978319906,training
CS(=O)(=O)Nc1ccccc1-c1ccc(N2CCC(NS(=O)(=O)/C=C/c3ccc(Cl)s3)C2=O)nc1,-1.146128035678238,training
CC(=O)N1CCN(Cc2csc(C(=O)Nc3ccc(Cl)cc3C(=O)Nc3ccc(Cl)cc3)c2Cl)CC1,-0.7781512503836436,training
Cc1cc2ccc1[C@@H](C)COC(=O)Nc1ccc(S(=O)(=O)C3CC3)c(c1)CN(C)C(=O)[C@@H]2Nc1ccc2c(N)nccc2c1,-3.255272505103306,training
N=C(N)c1ccc(NC(=O)c2cccc(Cl)c2O)cc1,-3.0,training
O=C1C(NS(=O)(=O)c2ccc3cc(Cl)ccc3c2)CCN1c1ccc(-c2ccoc2)cc1F,-1.8727388274726688,training
N=C(N)c1cccc(-n2nc(C(F)(F)F)cc2C(=O)Nc2ccc(-n3cnc4cc(Cl)c(Cl)cc43)cc2F)c1,0.5686362358410126,training
N=C(N)c1ccc2cnn(CC(=O)Nc3ccc(-c4ccccc4S(N)(=O)=O)cn3)c2c1,-0.4913616938342727,training
O=C(N[C@@H]1CCCC[C@@H]1NC(=O)c1ccc(-n2ccccc2=O)cc1F)c1ccc2c(Cl)c[nH]c2c1,0.1487416512809247,training
N=C(N)c1ccc(CNC(=O)[C@@H]2Cc3cccc(c3)CNC(=O)Cc3cccc(c3)CC(=O)NCc3cccc(c3)C[C@@H](NS(=O)(=O)Cc3ccccc3)C(=O)N2)cc1,-1.623766000133931,training
CN1CCN(c2ccccc2-c2ccc(C(=O)Nc3ccc(Cl)cc3C(=O)Nc3ccc(Cl)cn3)cc2)CC1,0.0457574905606751,training
COc1ccc2ccc(S(=O)(=O)N[C@H]3CCN(Cc4ccnc(C(=N)N)c4)C3=O)cc2c1,-2.041392685158225,training
CN(C)Cc1ccccc1-c1ccc(N2CCc3c(C(F)(F)F)nn(-c4ccc5onc(N)c5c4)c3C2=O)c(F)c1,0.8860566476931632,training
CS(=O)(=O)c1ccccc1-c1ccc2c(c1)CCN2C(=O)C1CC(C(F)(F)F)=NN1c1ccc2onc(N)c2c1,-0.1760912590556812,training
Cc1cc(C(=O)Nc2ncc(-c3ccccc3S(N)(=O)=O)cn2)n(-c2cccc(C(=N)N)c2)n1,1.3872161432802643,training
N=C(N)c1ccc(C2=NOC(CC(=O)NC(CC(=O)O)C(=O)N3CCc4ccccc4C3)C2)cc1,-4.57978359661681,training
O=C(Nc1ccc(OCc2cccc(F)c2)cc1)C1CCN(c2ccncc2)CC1,-4.399673721481038,training
Cc1nccn1-c1ccc(NC(=O)c2cc(C(F)(F)F)nn2-c2ccc3onc(N)c3c2)c(C#N)c1,0.2839966563652008,training
COc1ccc(-n2nc(C(N)=O)c3c2C(=O)N(c2ccc(C(C)(C)CN4CCCC4)cc2)CC3)cc1,1.3010299956639813,training
CS(=O)(=O)N[C@@H](C(=O)N1CCC[C@H]1C(=O)NCc1ccc(C(=N)N)cc1)C(c1ccccc1)c1ccccc1,-2.4771212547196626,training
COC(=O)Nc1ccc(S(=O)(=O)C(C)C)c([C@H]2CCCN2C(=O)[C@H](Nc2ccc3c(N)nccc3c2)c2ccc(OC)c(OC)c2)c1,-3.9542425094393248,training
COC(=O)[C@H](Cc1cccc(C(=N)N)c1)[C@@H](C)NC(=O)c1ccc(-c2cccc[n+]2[O-])cc1,0.2365720064370627,training
Cc1cc(C(=O)Nc2ccc(C(=N)N(C)C)cc2F)n(-c2ccc3cc(Cl)ccc3c2)n1,0.1549019599857432,training
N=C(N)c1cccc(C[C@H](NS(=O)(=O)c2cccc(NC(=O)CCN)c2)C(=O)N2CCC(CCNC(=O)NCc3ccccc3)CC2)c1,-3.741939077729199,training
COc1ccc(NC(=O)[C@H]2CN(S(C)(=O)=O)C[C@@H]2C(=O)Nc2ccc(-n3ccccc3=O)cc2F)cc1Cl,-2.908485018878649,training
CN(C(=O)[C@H](Cc1ccc(C(=N)NN)cc1)NS(=O)(=O)c1ccc2ccccc2c1)C1CCCC1,-3.041392685158225,training
CCOc1cc(OC2CCN(S(C)(=O)=O)CC2)cc(C(Nc2ccc(C(=N)N)cc2)C(=O)O)c1,-3.643452676486187,training
COc1ccc(-n2nc(C#N)c3c2C(=O)N(c2ccc(-c4ccccc4CN4CC[C@@H](O)C4)cc2)CC3)cc1,0.4814860601221125,training
CN(C)CCCN(C)Cc1csc(C(=O)Nc2ccc(Cl)cc2C(=O)Nc2ccc(Cl)cc2)c1Cl,0.2218487496163563,training
COc1ccc(-n2nc(C(N)=O)c3c2C(=O)N(c2ccc(C4(CN5CCOCC5)CC4)cc2)CC3)cc1,1.3767507096020994,training
COc1ccc(-n2nc(C(F)(F)F)c3c2C(=O)N(c2ccc(C4(C5=NC(C)(C)CO5)CC4)cc2)CC3)cc1,-0.041392685158225,training
Cc1cc(C(=O)Nc2ccc(-c3ccccc3S(N)(=O)=O)cc2)n(-c2ccc3ncnc(N)c3c2)n1,-1.462397997898956,training
CNC(=O)[C@H]1CCCN(C(=O)[C@H](Cc2cccc(C(=N)N)c2)NS(=O)(=O)c2c(C(C)C)cc(C(C)C)cc2C(C)C)C1,-3.1799996417791614,training
COc1ccc(C(=O)NCC2CCN(c3ccncn3)CC2)cc1OCCc1ccc(Cl)cc1Cl,-2.041392685158225,training
CNC(=O)Nc1ccc(Oc2cccc(C(=N)N)c2)nc1Oc1cccc(C(=N)N)c1,-1.7708520116421442,training
CCC(=O)Nc1cccc(S(=O)(=O)N[C@@H](Cc2cccc(C(=N)N)c2)C(=O)N2CCC(CCN)CC2)c1,-4.301029995663981,training
CCOC(=O)C(C(=O)Nc1ccc2c(c1)OC(OCc1ccc(C(=N)N)cc1)C(=O)N2C)c1ccccc1,-4.701567985055927,training
NS(=O)(=O)c1ccccc1-c1ccc(NC(=O)C2CC(/C=C/c3ccccc3)=NO2)cc1,-3.361727836017593,training
Cc1cc(Cl)ccc1C(=O)N[C@@H]1CCC[C@@H]1NC(=O)c1ccc(-n2ccccc2=O)cc1,-2.780317312140151,training
NCc1ccccc1-n1nc(C(F)(F)F)cc1C(=O)Nc1ccc(-c2ccccc2S(N)(=O)=O)cc1F,0.0409586076789063,training
N=C(N)c1ccc(CNC(=O)[C@@H]2Cc3cn(nn3)Cc3cccc(c3)Cn3cc(nn3)C[C@@H](NS(=O)(=O)Cc3ccccc3)C(=O)N2)cc1,-2.3138672203691533,training
COc1ccc(-n2nc(C(N)=O)c3c2C(=O)N(c2ccc(-c4ccccc4CN4CCC(O)CC4)cc2)CC3)cc1,0.5376020021010439,training
N=C(N)c1ccc(C2=NOC(CC(=O)Nc3cccc(C(=N)N)c3)C2)cc1,-2.9395192526186187,training
N/C=N/CCCC(NC(=O)CN(CC1(c2ccccc2)CCCC1)C(=O)CCc1ccccc1)B(O)O,-2.7993405494535817,training
N=C(N)c1cc2c(OC(COC(=O)Nc3ccccc3CN)c3ccccc3)cc(F)cc2s1,-3.325310371711061,training
COC(=O)[C@H](Cc1cccc(C(=N)N)c1)[C@@H](C)NC(=O)c1ccc(-c2cccc(C(N)=O)c2)cc1,0.3010299956639812,training
O=C(Nc1ccc(Cl)cc1)c1cc(Cl)ccc1NC(=O)c1scc(Cn2nccn2)c1Cl,-0.5440680443502757,training
N=C(N)c1ccc(-n2ccc3ccc(NCc4cccc(C(=N)N)c4)cc32)cc1,-2.531478917042255,training
C[C@@H](C(=O)N1CCN(C)CC1)N1CC[C@H](NS(=O)(=O)c2ccc3cc(Cl)ccc3c2)C1=O,-3.3138672203691533,training
CN(Cc1ccc(C(=O)Nc2ccc(Cl)cc2C(=O)Nc2ccc(Cl)cn2)cc1)C(=N)N,1.0,training
Cc1cc(C(=O)Nc2ccc(-c3ccccc3S(N)(=O)=O)cc2)n(-c2ccccc2N)n1,-2.7781512503836434,training
Cc1cccc2c1cc(C(=O)NCc1cccc(-c3ccccc3)c1)n2Cc1cccc(C(=N)N)c1,-2.5118833609788744,training
Cc1cc(C(=O)Nc2ccc(-n3ccnc3CN(C)C)cc2)n(-c2ccc3cc(Cl)ccc3c2)n1,-0.4471580313422192,training
COc1cc(Cl)cc(C(=O)Nc2ccc(Cl)cn2)c1NC(=O)c1scc(CN(C)CC(C)O)c1Cl,0.3979400086720376,training
N=C(N)c1cccc(Oc2cccc(Oc3cccc(C(=N)N)c3)n2)c1,-1.7242758696007892,training
N=C(N)c1cc2cc(-c3cccc(-c4ccccc4)c3O)[nH]c2cc1Cl,-4.278753600952829,training
CCOc1cccc(-c2nc3cc(C(=N)N)c(F)cc3[nH]2)c1O,-4.612783856719736,training
N=C(N)c1ccc(CCC(=O)c2cccc(C(=N)N)c2)cc1,-3.707570176097936,training
N=C(N)NCCNC(=O)C1CCN(C(=O)[C@H](Cc2cccc(C(=N)N)c2)NS(=O)(=O)c2ccc3c(c2)C(=O)c2ccccc2C3=O)CC1,-3.690196080028514,training
N=C(N)c1cccc(N2CC(NS(=O)(=O)Cc3ccccc3)CN(CC3CCN(Cc4ccccc4)CC3)C2=O)c1,-2.8195439355418688,training
COc1ccc2cc(S(=O)(=O)NN(Cc3cccc(C(=N)N)c3)C(=O)N3CCCCCC3)ccc2c1,-3.4771212547196626,training
N=C(N)c1cccc(CN2C[C@@H](NS(=O)(=O)c3ccc4ccccc4c3)CC2=O)c1,-3.991226075692495,training
CC(C)S(=O)(=O)N1C[C@H](NC(=O)c2ccc(-n3ccccc3=O)cc2)[C@H](NC(=O)c2ccc(Cl)s2)C1,-0.2304489213782739,training
COc1ccc(C(=O)N2CCN(CC(=O)N(C)C)CC2)cc1OCCc1ccc(Cl)cc1Cl,-3.149834696715785,training
CC(=N)N(C)Cc1ccc(C(=O)Nc2ccc(Cl)cc2C(=O)Nc2ccc(Cl)cn2)cc1,0.2218487496163563,training
O=C(CN1C[C@H](NC(=O)c2ccc(Cl)s2)C[C@H]1CN1CCCC1)Nc1ccc(-n2ccccc2=O)cc1F,-2.12057393120585,training
N=C(N)c1cccc(C[C@H](NS(=O)(=O)c2ccc(C3CCCCC3)cc2)C(=O)N2CCN(C(=N)N)CC2)c1,-3.113943352306837,training
CN(C)Cc1ccccc1-c1ccc(N2CCc3c(C(F)(F)F)nn(-c4cccc([N+](=O)[O-])c4)c3C2=O)cc1,-1.3010299956639813,training
CCOC(=O)C(Cc1cccc(C(=N)N)c1)NC(=O)CNS(=O)(=O)c1ccc(C(=N)N)cc1,-2.9138138523837167,training
CN(C)Cc1nccn1-c1ccc(C(=O)N[C@H]2CCC[C@H]2NC(=O)c2ccc(Cl)s2)cc1,-0.4471580313422192,training
CCOc1cccc(-c2cc3cc(C(=N)N)ccc3[nH]2)c1O,-3.322219294733919,training
COCCC[C@@H](NC(=O)[C@@H]1CCCN1C(=O)[C@@H](Cc1ccccc1)NC(=O)OCc1ccccc1)B1O[C@@H]2CC3CC(C3(C)C)[C@]2(C)O1,-0.4913616938342727,training
CS(=O)(=O)c1ccccc1-c1ccc(NC(=O)c2cc(C(F)(F)F)nn2-c2ccc3onc(N)c3c2)c(F)c1,1.0457574905606752,training
COC1CN(CC2CCN(Cc3ccccc3)CC2)C(=O)N(c2cccc(C(=N)N)c2)C1,-3.089905111439398,training
O=C(N[C@H]1CNC[C@H]1NC(=O)c1ccc2c(Cl)c[nH]c2c1)c1ccc(-n2ccccc2=O)cc1,-1.255272505103306,training
CCc1nc2ccc(OC3CCN(C(C)=N)CC3)cc2n1Cc1ccc(-c2ccc(C(=N)N)cc2)cc1,-2.255272505103306,training
Cc1cc2nc([C@@H](CNC(=O)c3c(C)cc(-n4cnnc4)cc3Cl)c3ccccc3)[nH]c2cc1C,-2.290034611362518,training
CC(=N)N1CCC(Oc2ccc3c(nc(C(C)C)n3Cc3ccc4ccc(C(=N)N)cc4c3)c2[N+](=O)[O-])CC1,0.6989700043360187,training
CC(=N)N1CCC(Oc2ccc(NC/C=C/c3cccc(C(=N)N)c3)cc2C(F)(F)F)CC1,0.0555173278498313,training
Cc1c(F)c(Oc2cccc(C(=N)N)c2)nc(Oc2cccc(N3CCOCC3)c2)c1F,-2.812913356642856,training
Cc1cc(C(=O)Nc2ccc(-c3ccccc3S(N)(=O)=O)cc2)n(-c2cccc(C(N)=O)c2)n1,-1.2787536009528289,training
CCN(CC)Cc1ccccc1N1CCC(N2CCc3c(C(N)=O)nn(-c4ccc(OC)cc4)c3C2=O)CC1,0.585026652029182,training
CN1CC(C)(COc2ccc(C(=N)N)cc2)Oc2cc(N(Cc3cccc(F)c3)C(=O)C(=O)O)ccc21,-3.612783856719736,training
CCOC(=O)CCC(=O)N(Cc1ccccn1)c1ccc2c(c1)OC(C)(COc1ccc(C(=N)N)cc1)CN2C,-4.071882007306125,training
CCOC(=O)CC(CCc1cccc(C(=N)N)c1)c1ccc(C(=N)N)cc1,-3.215373152783422,training
COc1ccc(-n2nc(-c3nnn[nH]3)c3c2C(=O)N(c2ccc(-c4ccccc4CN4CC[C@@H](O)C4)cc2)CC3)cc1,0.2006594505464183,training
N=C(N)c1ccc(CNC(=O)CNC(=O)[C@@H](CO)NS(=O)(=O)CC2CCCCC2)cc1,-3.3010299956639813,training
O=C(Nc1ccc(Cl)cc1)c1cc(Cl)ccc1NC(=O)c1scc(Cn2cnnn2)c1Cl,-0.2304489213782739,training
O=C1C(NS(=O)(=O)c2ccc3cc(Cl)ccc3c2)CCN1c1ccc(-n2ccnc2)cc1F,-0.6434526764861874,training
CCOC(=O)c1cc(Oc2cccc(C(=N)N)c2)nc(Oc2cccc(C(=N)N)c2)c1,-1.5314789170422551,training
CN(C)Cc1ccccc1-c1ccc(N2CCc3c(C(F)(F)F)nn(-c4cccc(-c5n[nH]c(=O)[nH]5)c4)c3C2=O)cc1,-0.041392685158225,training
COC(=O)CC1(C(=O)Nc2cccc(C(=N)N)c2)CC(c2cccc(C(=N)N)c2)=NO1,-2.903089986991944,training
Cc1ccc2c(c1)c(CCC(=O)O)c1n2C[C@@](NC(=O)c2ccc(-n3cnc(C)n3)cc2Cl)(c2ccccc2)CC1,-3.626032247829019,training
N=C(N)c1cccc(N2CC(NC(=O)Cc3ccccc3)CN(CC3CCN(Cc4ccccc4)CC3)C2=O)c1,-2.869231719730976,training
N=C(N)c1cc2c(I)cccc2s1,-4.342422680822207,training
CC1CN(c2cccc(C(=N)N)c2)C(=O)N(C2CCN(Cc3ccccc3)CC2)C1,-2.380211241711606,training
CC(=O)c1cccc(Oc2nc(Oc3cccc(C(=N)N)c3)c(F)c(C)c2F)c1,-3.146128035678238,training
N/C=N/CCCC(NC(=O)CN(CC1(c2ccccc2)CC1)C(=O)CCc1ccccc1)B(O)O,-2.4771212547196626,training
Cc1cccc2c1cc(C(=O)NCc1ccnc3ccccc13)n2Cc1cccc(C(=N)N)c1,-2.2380461031287955,training
COc1ccc(-n2nc(C(F)(F)F)c3c2C(=O)N(c2ccc(C4(CNC(C)C)CC4)cc2)CC3)cc1,1.3767507096020994,training
CN(C)Cc1ccccc1-c1ccc(N2CC=Cc3c(C(F)(F)F)nn(-c4ccc5onc(N)c5c4)c3C2=O)c(F)c1,0.2218487496163563,training
N[C@H]1CC[C@H](CNC(=O)[C@@H]2CC[C@H]3CN(S(=O)(=O)C(c4ccccc4)c4ccccc4)CC(=O)N32)CC1,-0.6989700043360189,training
COC(=O)N1CCC(CC[C@@H](NS(=O)(=O)Cc2ccccc2)C(=O)N[C@@H](CCC2CCNCC2)C(=O)NCc2ccc(C(=N)N)cc2)CC1,-3.3010299956639813,training
N=C(N)c1cccc(OCCNC(=O)C2CCN(c3ccncc3)CC2)c1,-2.462397997898956,training
Cc1cc2oc(Cc3cc(Cl)ccc3-n3cncn3)nc2c(NCC(F)(F)c2ccccn2)n1,0.1249387366082999,training
C[C@@H](C(=O)N1CCOCC1)N1CC[C@H](NS(=O)(=O)c2cc3cc(Cl)ccc3[nH]2)C1=O,-1.9542425094393248,training
CCOc1ccc(C(=O)N2CCN(Cc3ccncc3)CC2)cc1OCCc1ccc(Cl)cc1Cl,-2.48572142648158,training
CCOc1cc(C(Nc2ccc3cnccc3c2)C(=O)NS(=O)(=O)c2cccc(S(=O)(=O)N(C)C)c2)ccc1OC(C)C,-3.857332496431269,training
CCc1nc2cc(OC3CCN(C(C)=N)CC3)ccc2n1Cc1ccc(-c2ccc(C(=N)N)cc2)cc1,-2.8260748027008264,training
COC(=O)CC(CCc1ccc(C(=N)N)cc1)c1cccc(C(=N)N)c1,-1.5314789170422551,training
N=C(N)NCc1cccc(C[C@H](NC(=O)[C@@H](CCCc2ccccc2)NS(=O)(=O)Cc2cccc(C(=O)O)c2)C(=O)NCc2ccc(C(=N)N)cc2)c1,-1.6232492903979006,training
N=C(N)c1ccc2[nH]c(Cc3nc4cc(Cl)ccc4[nH]3)nc2c1,-0.0,training
O=C(Nc1cccc(OCc2ccccc2)c1)C1CCN(c2ccncc2)CC1,-3.8727388274726686,training
N=C(N)c1cccc(CN2CC[C@H](NS(=O)(=O)c3ccc(-c4ccncc4)cc3)C2=O)c1,-2.113943352306837,training
Cc1c(F)c(Oc2cccc(CCC(=O)N(C)C)c2)nc(Oc2cccc(C(=N)N)c2)c1F,-3.113943352306837,training
Nc1ccccc1OCc1cc(-c2ccc(Cl)s2)on1,-4.064457989226918,training
N=C(N)c1cccc(Cn2c(C(=O)NCc3cccc(C(N)=O)c3)cc3ccccc32)c1,-2.380211241711606,training
O=C(Nc1ccc(Cl)cn1)c1ccccc1NS(=O)(=O)c1ccc(-n2ccccc2=O)cc1,-3.8847953639489807,training
O=C(Nc1ccc(Cl)cc1)c1cc(Cl)cc(O)c1NC(=O)c1sc2ccccc2c1Cl,-0.568201724066995,training
CCOc1cc(C(Nc2ccc3c(N)nccc3c2)C(=O)NCc2cccc(O)c2)ccc1OC(C)C,-3.591064607026499,training
Cc1cc2nc([C@@H](CNC(=O)c3ccc(-n4cnnc4)cc3Cl)c3ccccc3F)[nH]c2cc1C,-2.6148972160331345,training
N=C(N)c1ccc(Oc2cccc(Oc3ccc(C(=N)N)cc3)n2)cc1,-2.6020599913279625,training
CN(CC(=O)N[C@@H](CCCCN)C(=O)C(=O)Nc1cccc(N)c1)C(=O)c1ccccc1Sc1ccccc1C#N,-2.0791812460476247,training
O=C(c1cccc(OCCc2ccc(Cl)cc2Cl)c1)N1CCN(Cc2ccncc2)CC1,-3.450249108319361,training
COc1ccc(-n2nc(C(N)=O)c3c2C(=O)N(c2ccc(N4CCCCC4=O)cc2)CC3)cc1,1.0969100130080565,training
CC(C)N1CCC(NC(=O)c2cc3ccccc3n2Cc2cnc(-c3ccc(Cl)s3)s2)CC1,-1.7558748556724917,training
CS(=O)(=O)c1ccccc1-c1ccc(N2CCC(NS(=O)(=O)/C=C/c3cc4ccc(Cl)cc4s3)C2=O)c(F)c1,1.0,training
COc1ccc(-n2nc(C(F)(F)F)cc2C(=O)Cc2ccc(-c3ccccc3S(N)(=O)=O)cc2F)cc1,-0.8388490907372553,training
N=C(N)c1ccc2[nH]c(-c3cccc(Br)c3O)cc2c1,-1.6334684555795866,training
N=C(N)c1cccc(-n2nc(C(F)(F)F)cc2C(=O)Nc2ccc(N3C(=O)N=C4C=CC=CC43)cc2)c1,1.3010299956639813,training
Cc1cccc2c1cc(C(N)=O)n2Cc1cccc(C(=N)N)c1,-3.898176483497677,training
Cc1cc(C(=O)Nc2ccc(-c3ccccc3S(N)(=O)=O)cc2)n(-c2ccccc2)n1,-2.296665190261531,training
CN1CC(C)(COc2ccc(C(=N)N)cc2)Oc2cc(N(CC(=O)O)Cc3ccc(F)cc3)ccc21,-3.7481880270062,training
CC1(C)CC(=O)C=C(N2CC[C@H](Oc3ccc(C(Oc4ccc5c(c4)CN(C(=N)N)CC5)C(=O)O)cc3)C2)C1,-2.3010299956639813,training
CC[C@H](C)[C@H](NS(=O)(=O)Cc1cccc(C(=O)O)c1)C(=O)N[C@@H](CCC(N)=O)C(=O)NCc1ccc(C(=N)N)cc1,-2.835690571492425,training
N=C(N)c1cccc(-n2nc(C(F)(F)F)cc2C(=O)Nc2ccc(-n3cnc4cc(C(F)(F)F)ccc43)cc2F)c1,0.5376020021010439,training
Cc1cc(C(=O)Nc2ccc(-c3ccccc3S(C)(=O)=O)cc2F)n(-c2ccc3cc(Cl)ccc3c2)n1,-0.255272505103306,training
N=C(N)c1ccc(CN(NS(=O)(=O)c2ccc3ccccc3c2)C(=O)N2CCCCCC2)cc1,-4.838849090737256,training
CC(C)c1cc(C(C)C)c(S(=O)(=O)N[C@@H](Cc2cccc(C(=N)N)c2)C(=O)N2CCC(C(=O)NCCN)CC2)c(C(C)C)c1,-3.7993405494535817,training
N=C(N)c1ccc(O)c(/C=C/CNC(=O)c2ccc(-c3ccccc3S(N)(=O)=O)cc2)c1,-0.3010299956639812,training
Cc1cn(-c2cccc(Oc3cc(C(=O)O)cc(Oc4cc(C(=N)N)ccc4O)n3)c2)cn1,-1.1139433523068367,training
O=C(CN1CCN(S(=O)(=O)c2cc3ccc(Cl)cc3s2)CC1=O)Nc1ccncn1,-1.9867717342662448,training
N/C(=N/O)N1CCC(CNC(=O)[C@@H]2CC[C@H]3CN(S(=O)(=O)C(c4ccccc4)c4ccccc4)CC(=O)N32)CC1,-0.3010299956639812,training
Cc1cc(C(=O)Nc2ccc(-c3ccccc3S(N)(=O)=O)cc2)n(-c2cc3ccccc3cc2F)n1,-0.7558748556724915,training
CNCc1ccccc1-c1ccc(N2CCc3c(C(F)(F)F)nn(-c4ccc5onc(N)c5c4)c3C2=O)cc1,0.4685210829577448,training
O=C(Nc1ccc(Cl)cn1)[C@H]1CN(CC(F)F)C[C@@H]1C(=O)Nc1ccc(-n2ccccc2=O)cc1F,-0.8450980400142568,training
CS(=O)(=O)c1ccccc1-c1ccc(NC(=O)c2cc(C(F)(F)F)nn2-c2cccc(-c3nnc(N)s3)c2)c(F)c1,-1.662757831681574,training
N=C(N)NCCC1CCN(C(=O)[C@H](Cc2cccc(C(=N)N)c2)NS(=O)(=O)c2ccc(Oc3ccccc3)nc2)CC1,-3.342422680822206,training
CCNC(=O)N(C)CC1(c2ccc(N3CCc4c(C(F)(F)F)nn(-c5ccc(OC)cc5)c4C3=O)cc2)CC1,0.8538719643217619,training
O=C(Nc1cccc(OCc2ccc(-c3c(F)cccc3F)cc2)c1)C1CCNCC1,-3.161368002234975,training
N=C(N)c1cc2c(OC(COC(=O)Nc3cccc(F)c3)c3ccccc3)cccc2s1,-3.113943352306837,training
O=C1[C@@H](NS(=O)(=O)c2ccc3c(Cl)c[nH]c3c2)CCN1c1ccc(C2CCCN2)cc1F,-0.3010299956639812,training
COc1ccc(-n2nc(C(F)(F)F)c3c2C(=O)N(c2ccc(C4(C(N)=O)CC4)cc2)CC3)cc1,-0.5185139398778874,training
CCc1nc2c(N)c(OC3CCN(C(C)=N)CC3)ccc2n1Cc1ccc2ccc(C(=N)N)cc2c1,-0.9030899869919436,training
Cc1ccc(NC(=O)c2sc3ccccc3c2Cl)c(C(=O)Nc2ccc(Br)cc2)c1,0.3372421683184259,training
COc1cc(C(=O)N[C@@H]2CCC[C@@H]2NC(=O)c2ccc(-n3ccccc3=O)cc2)ccc1Cl,-2.950364854376123,training
C[C@]1(c2ccccc2)C[C@@H](c2cccc(-c3ccc(C#N)cc3C(=O)O)c2)Nc2ccc(C(=N)N)cc21,-3.3138672203691533,training
CCOCC1(C(=O)Nc2ccc(-c3ccccc3S(N)(=O)=O)cc2)CC(c2cccc(C(=N)N)c2)=NO1,-0.5185139398778874,training
COc1cc(C(=O)NCC2CCN(c3ccncc3)CC2)cc(OCCc2ccc(Cl)cc2Cl)c1C,-1.1139433523068367,training
NCc1ccc(Cl)cc1CNC(=O)[C@@H]1CCCN1C(=O)[C@@H](CCc1ccccn1)NCC(=O)O,-0.1760912590556812,training
N=C(N)c1ccc(O)c(/C=C/CNC(=O)c2ccc(-c3cccc(C(N)=O)c3)cc2)c1,-0.6989700043360189,training
O=C(CNC(=O)[C@@H](CCc1cccc[n+]1[O-])NS(=O)(=O)Cc1ccccc1)NCc1cccc(Cl)c1,-0.5185139398778874,training
CCOC(=O)[C@@H]1CCCCC1NC(=O)C(Cc1ccccc1)c1coc2ccc(C(=N)N)cc12,-2.431363764158988,training
CCOC(=O)CCC(=O)N(C/C=C/c1cccc(C(=N)N)c1)c1ccc(OC2CCN(C(C)=N)CC2)c(C(F)(F)F)c1,0.2596373105057561,training
O=C(c1ccc(CO)c(OCCc2ccc(Cl)cc2Cl)c1)N1CCN(Cc2cc[n+]([O-])cc2)CC1,-3.792391689498254,training
Cc1cccc2c1cc(C(=O)NCc1cccc([N+](=O)[O-])c1)n2Cc1cccc(C(=N)N)c1,-4.0,training
CCOC(=O)c1cc2ccccc2n1Cc1cccc(C(=N)N)c1,-3.6232492903979,training
CNCc1ccccc1N1CCC(N2CCc3c(C(N)=O)nn(-c4ccc(OC)cc4)c3C2=O)CC1,-0.0,training
CS(=O)(=O)N[C@@H](C(=O)N1CCC[C@H]1C(=O)NCc1cc(C(=N)NN)cs1)C(c1ccccc1)c1ccccc1,-4.770852011642144,training
COc1ccc(-n2nc(C(F)(F)F)c3c2C(=O)N(c2ccc(C4(c5nccn5C)CC4)cc2)CC3)cc1,-0.8061799739838872,training
N=C(N)c1cccc(Oc2cc(C(=O)O)cc(Oc3cc(C(=N)N)ccc3O)n2)c1,-0.7781512503836436,training
N=C(N)c1cccc(Cn2c(C(=O)NCCNc3cccc4ccccc34)cc3c(O)cccc32)c1,-2.502427119984433,training
CCOC(=O)CN(C(=O)c1ccc2c(c1)OC(OCc1ccc(C(=N)N)cc1)C(=O)N2C)c1ccccc1,-4.634477270160732,training
Nc1noc2ccc(-n3nc(C(F)(F)F)c4c3C(=O)N(c3ccc(-c5ccccc5CN5CCNCC5)cc3)CC4)cc12,0.1938200260161128,training
CC(c1ccc(N2CC[C@H](NS(=O)(=O)c3ccc4cc(Cl)ccc4c3)C2=O)c(F)c1)N1CCCCC1,-0.3010299956639812,training
N=C(N)c1ccc(O)c(/C=C/CNC(=O)c2ccc(-c3ccccn3)s2)c1,-1.568201724066995,training
Nc1ccccc1-c1ccc(C(=O)Nc2ccc(Cl)cc2C(=O)Nc2ccc(Cl)cn2)cc1,0.6989700043360187,training
O=C(NC[C@H]1CN(c2ccc(N3CCC(C(=O)O)CC3)cc2)C(=O)O1)c1ccc(Cl)c(-c2noc(=O)[nH]2)c1,-4.952792443044092,training
N=C(N)c1cccc(C[C@H](NS(=O)(=O)c2cccc(NC(=O)CCN)c2)C(=O)N2CCC(CCNC(=O)NC3CCCCC3)CC2)c1,-3.809559714635268,training
N=C(N)c1cc2cc(-c3cccc(OCc4ccc(F)cc4)c3)ccc2s1,-3.863322860120456,training
CCOC(=O)C1CCCCN1c1ccc(N2C[C@H](CNC(=O)c3ccc(Cl)s3)OC2=O)cc1,-1.7937903846908188,training
CN([C@H]1CCN(CC(=O)N2CCCCCC2)C1=O)S(=O)(=O)c1ccc2cc(Cl)ccc2c1,-1.7781512503836436,training
N=C(N)c1cccc(C[C@H](NS(=O)(=O)c2cccc(NC(=O)CCN)c2)C(=O)N2CCNCC2)c1,-3.322219294733919,training
CCOC(=O)c1nn(-c2ccc(OC)cc2)c2c(=O)n(-c3ccc(-c4ccccc4CO)cc3)cnc12,-1.6532125137753435,training
CN1CCc2cc(N3CC[C@H](NS(=O)(=O)/C=C/c4ccc(Cl)s4)C3=O)ccc2C1,-0.0,training
Cc1c(F)c(Oc2cccc(C(=N)N)c2)nc(N2CCN(C3CCCCC3)CC2)c1F,-2.694605198933569,training
Cc1ccc2[nH]c(CN3CCN(Cc4ccc5c(N)ncnc5c4)C(=O)C3)nc2c1,-2.0791812460476247,training
COC(=O)c1cc2ccc(OC3CCN(C(C)=N)CC3)cc2n1Cc1ccc2ccc(C(=N)N)cc2c1,0.6989700043360187,training
N=C(N)c1ccc(O)c(/C=C/CNC(=O)c2ccc(-c3ccc(S(N)(=O)=O)cc3)cc2)c1,-1.0791812460476249,training
CCOC(=O)c1ccc(CO/N=C2\C[C@]34CC[C@H]5[C@@](C)(CCC[C@@]5(C)C(=O)OCC)[C@@H]3CC[C@@]2(C)C4)o1,-3.9946250537686048,training
COc1cc(F)cc2[nH]c(Cc3nc4cc(C(=N)N)ccc4[nH]3)nc12,-0.4771212547196624,training
COc1ccc(-n2nc(Cn3cncn3)c3c2C(=O)N(c2ccc(-c4ccccc4CN4CC[C@@H](O)C4)cc2)CC3)cc1,0.6020599913279624,training
N=C(N)c1cccc(CN2CC[C@H](NS(=O)(=O)c3ccc4ccc(N)nc4c3)C2=O)c1,-2.380211241711606,training
N=C(N)c1ccc2ncn(CC(=O)c3ccc(-c4ccccc4S(N)(=O)=O)cc3)c2c1,-2.380211241711606,training
COc1ccc2ccc(S(=O)(=O)N[C@H]3CCN(Cc4cccc(C(=N)N)c4)C3=O)cc2n1,-2.681241237375587,training
CC(=O)Oc1cc(C(=O)NCC2CCN(c3ccncc3)CC2)cc(OCCc2ccc(Cl)cc2Cl)c1Br,-2.45484486000851,training
Cc1cc2cc(/N=C(/NC#N)N[C@H]3CCCCN(CC(=O)N4CCCC4)C3=O)ccc2o1,-0.8129133566428556,training
CCOC(=O)[C@@H]1C[C@@H](Oc2c(F)c(Oc3cccc(C(=O)N(C)C)c3)nc(Oc3cc(C(=N)N)ccc3O)c2F)CN1,0.1487416512809247,training
Nc1nc2c(C(F)(F)F)nn(-c3ccc4onc(N)c4c3)c2c(O)c1-c1ccc(-c2ccccc2CN2CCC(O)CC2)cc1,0.1135092748275181,training
CCOC(=O)c1cccc(Oc2nc(Oc3cccc(C(=N)N)c3)c(F)c(C)c2F)c1,-3.716003343634799,training
N=C(N)NCCC(=O)N1CCN(C(=O)[C@H](Cc2cccc(C(=N)N)c2)NS(=O)(=O)c2ccc3ccccc3c2)CC1,-4.748188027006201,training
O=C(NC1CCN(c2ccncc2)CC1)c1cc2ccccc2n1Cc1cc(-c2ccc(Cl)s2)on1,-1.146128035678238,training
Cc1ccc(S(=O)(=O)N[C@@H](Cc2cccc(C(=N)N)c2)C(=O)N2CCCCC2)cc1,-4.179999928714822,training
CCCS(=O)(=O)NCC1(C(=O)Nc2ccc(-c3ccccc3S(N)(=O)=O)cn2)CC(c2ccc(Cl)c(N)c2)=NO1,-0.568201724066995,training
N=C(N)c1cccc(C[C@H](NS(=O)(=O)c2cccc(NC(=O)CCN)c2)C(=O)N2CCC(NC(=O)NC3CCCCC3)CC2)c1,-3.0791812460476247,training
CCS(=O)(=O)N1C[C@H](C(=O)Nc2ccc(Cl)cn2)[C@@H](C(=O)Nc2ccc(-n3ccccc3=O)cc2F)C1,-1.380211241711606,training
O=C(OC1O[C@@H]2COC(=O)c3cc(O)c(O)c(O)c3-c3c(cc(O)c(O)c3O)C(=O)O[C@H]2[C@H](OC(=O)c2cc(O)c(O)c(O)c2)[C@H]1OC(=O)c1cc(O)c(O)c(O)c1)c1cc(O)c(O)c(O)c1,-2.6434526764861874,training
CN(C)C(=O)c1cccc(Oc2nc(Oc3cc(C(=N)N)ccc3O)nc3c2NC(=O)CO3)c1,-2.0253058652647704,training
COc1cc(Cl)cc(C(=O)Nc2ccc(Cl)cn2)c1NC(=O)c1scc(CN(C)CCCN(C)C)c1Cl,1.619788758288394,training
N=C(N)c1cccc(-n2nnnc2C(=O)Nc2ccc(-c3ccccc3S(N)(=O)=O)cc2)c1,1.431798275933005,training
COc1ccc(-n2nc(C(N)=O)c3c2C(=O)N(c2ccc(C(C)(C)C#N)cc2)CC3)cc1,-0.0863598306747482,training
C[C@]1(c2ccccc2)C[C@@H](c2cc(N)cc(-c3ccc(C(N)=O)cc3C(=O)O)c2)Nc2ccc(C(=N)N)cc21,-3.3521825181113627,training
Cc1cc2ccc1[C@@H](C)COC(=O)Nc1ccc(C3CC3)c(c1)CN(C)C(=O)[C@@H]2Nc1ccc2c(N)ncc(F)c2c1,-3.4771212547196626,training
CCOC(=O)[C@]1(C)CCC[C@]2(C)[C@@H]1CC[C@@]13C/C(=N\OC/C=C/c4ccc(C(C)=O)cc4)[C@@](C)(CC[C@@H]21)C3,-3.215637563435062,training
O=C(N[C@H]1CCC[C@H]1NC(=O)c1cccc(Cl)c1)c1ccc(-n2ccccc2=O)cc1,-3.074084689028244,training
CCc1nc2ccc(OC3CCN(C(C)=N)CC3)cc2n1Cc1ccc(-c2cccc(C(=N)N)c2)cc1,-0.3424226808222063,training
N=C(N)Nc1ccc(NC(=O)c2cc3cc4ccccc4cc3c(I)c2O)cn1,-4.832508912706237,training
O=C(CCS(=O)(=O)c1ccc2cc(Cl)ccc2c1)N1CCN(c2cccc3nc(CO)cn23)CC1,-0.9030899869919436,training
CCOc1cccc(-c2nc3cc(C(=N)N)ccc3[nH]2)c1O,-3.832508912706236,training
CN(C)Cc1nccn1-c1ccc(N2CCc3c(C(F)(F)F)nn(-c4cccc(-c5n[nH]c(=O)[nH]5)c4)c3C2=O)cc1,-0.3010299956639812,training
N=C(N)c1ccc2c(c1)ncn2CC(=O)Nc1ccc(-c2ccccc2)cc1,-3.591064607026499,training
Cc1cc(C(=O)Nc2ccc(-c3ccccc3S(N)(=O)=O)cc2)n(-c2ccc(N)nc2)n1,-3.113943352306837,training
CNC(=O)[C@H](Cc1cccc(C(=N)N)c1)NS(=O)(=O)c1ccc(C)cc1,-4.601999945965108,training
CS(=O)(=O)N1CCC(Oc2ccc(NC/C=C/c3cc(C(=N)N)ccc3O)cc2C(F)(F)F)CC1,-1.6434526764861874,training
N/C(=N/O)N1CCC(CNC(=O)[C@@H]2CC[C@H]3CN(C(=O)CC(c4ccccc4)c4ccccc4)CC(=O)N32)CC1,-1.3979400086720375,training
Cc1cccc2c1cc(C(=O)NCC1CCN(C(=N)N)CC1)n2Cc1cccc(C(=N)N)c1,-1.3979400086720375,training
C[C@H](NC(=O)CNC(=O)Nc1ccc(C(=N)N)cc1)c1ccc2ccccc2c1,-3.7944880466591697,training
O=C(N[C@H]1CCC[C@H]1NC(=O)c1ccc2cc[nH]c2c1)c1ccc(-n2ccccc2=O)cc1,-2.093421685162235,training
N=C(N)c1ccc(O)c(CN2CC[C@H](NS(=O)(=O)c3ccc(-c4cccnc4)s3)C2=O)c1,-0.3010299956639812,training
N=C(N)c1cccc(C2=NOC(C(=O)Nc3ccc(-c4ccccc4S(N)(=O)=O)cc3)C2)c1,-0.8573324964312685,training
CCOC(=O)CN(C)c1c(F)c(Oc2cccc(C3=NCCN3C)c2)nc(Oc2cc(C(=N)N)ccc2O)c1F,0.585026652029182,training
N=C(N)c1cccc(CNc2ccc3ccn(-c4cccc(C(=N)N)c4)c3c2)c1,-2.278753600952829,training
N=C(N)c1ccc2c(c1)CCC2NC(=O)[C@@H]1CC[C@H]2CN(S(=O)(=O)C(c3ccccc3)c3ccccc3)CC(=O)N21,-1.8750612633917,training
C[C@@H](C(=O)N1CCOCC1)N1CC[C@H](NS(=O)(=O)c2nc3ccc(Cl)cc3s2)C1=O,-3.6191455263460415,training
CC(C)N(CCN1CCCCC1)C(=O)[C@H](C)N1CC[C@H](NS(=O)(=O)c2ccc3cc(Cl)ccc3c2)C1=O,-0.3010299956639812,training
CC(C)S(=O)(=O)c1ccc2cc1CNC(=O)[C@H](Nc1ccc3c(N)nccc3c1)c1ccc(cc1)CCCC(=O)N2,-3.5185139398778875,training
COc1ccc(-n2nc(C#N)c3nc(C)n(-c4ccc(-c5ccccc5CN(C)C)cc4)c(=O)c32)cc1,-0.255272505103306,training
N[C@H]1CC[C@H](CNC(=O)[C@@H]2CC[C@H]3CN(S(=O)(=O)CC(c4ccccc4)c4ccccc4)CC(=O)N32)CC1,-0.6989700043360189,training
Nc1noc2ccc(-n3nc(C(F)(F)F)c4c3C(=O)N(c3ccc(-c5ccccc5CN5CC[C@@H](O)C5)cc3)CN4)cc12,0.6777807052660807,training
O=C(CNC(=O)C(CCc1cccc[n+]1[O-])NS(=O)(=O)Cc1ccccc1)NCc1cccs1,-1.7160033436347992,training
N=C(N)c1cccc(CN2CC[C@H](NS(=O)(=O)c3ccc4cc(Cl)ccc4c3)C2=O)c1,-1.845098040014257,training
Cc1ccc(C(=O)Nc2ccc(C(=N)N)cc2)c(O)c1,-3.361727836017593,training
Cc1nn(C)c(CNC(C)C)c1NC(=O)OCC(Oc1cccc2sc(C(=N)N)cc12)c1ccccc1,-3.2116544005531824,training
O=C(N[C@H]1CCC[C@H]1NC(=O)c1ccc(Cl)c(Cl)c1)c1ccc(-n2ccccc2=O)cc1,-2.6364878963533656,training
N=C(N)c1cccc(C[C@H](NS(=O)(=O)c2ccc3ccccc3c2)C(=O)N2Cc3ccccc3C=C2C(=O)O)c1,-4.731999981875805,training
CC(C)c1cc(C(C)C)c(S(=O)(=O)NC(Cc2cccc(C(=N)N)c2)C(=O)N2CCN(C(=O)CN)CC2)c(C(C)C)c1,-4.021189299069938,training
Cc1c(F)c(Oc2cccc(C(=N)N)c2)nc(Oc2cccc(C(=N)N)c2)c1F,-1.1139433523068367,training
Nc1ncnc2cc(CN3CCN(Cc4nc5ccccc5[nH]4)CC3=O)ccc12,-3.0791812460476247,training
Cc1ncn(-c2cc(Cl)c(C(=O)N[C@]3(C)CCc4[nH]c5c(C)cccc5c4C3)c(Cl)c2)n1,-4.460747541844197,training
O=C1[C@@H](NS(=O)(=O)/C=C/c2ccc(Cl)s2)CCN1c1ccc2c(c1F)CCNC2,0.2218487496163563,training
COCc1onc(-c2cccc(C(=N)N)c2)c1C(=O)Nc1ccc(-c2ccccc2S(N)(=O)=O)cc1,0.2006594505464183,training
COc1ccc(-n2nc(C(F)(F)F)c3c2C(=O)N(c2ccc(NC(C)=O)cc2)CC3)cc1,-2.278216114790207,training
O=C(c1cc2ccccc2n1Cc1cc(-c2ccc(Cl)s2)on1)N1CCC(Nc2ccncc2)CC1,-1.255272505103306,training
O=C(Nc1ccccc1C(=O)Nc1cccc(Cl)c1)c1ccc(-n2ccccc2=O)cc1,-0.6232492903979004,training
CCOc1cc(C(=O)NCC2CCN(c3ccncc3)CC2)cc(OCCc2ccc(Cl)cc2Cl)c1OCC,-2.419955748489758,training
NS(=O)(=O)c1ccccc1-c1ccc(NC(=O)C2CC(c3cccc(F)c3)=NO2)cc1,-3.89209460269048,training
C[C@@H](C(=O)N1CCOCC1)N1CC[C@H](NS(=O)(=O)c2ccc(-c3ccc(Cl)s3)nc2)C1=O,-1.380211241711606,training
O=C(N[C@H]1CCC[C@H]1NC(=O)c1cnc(Cl)s1)c1ccc(-n2ccccc2=O)cc1,-3.0863598306747484,training
C[N+](C)(C)CCCN1C(=O)[C@H]2[C@@H](C1=O)[C@@H]1CCCN1[C@H]2c1ncc(-c2ccc(Cl)s2)o1,-2.164352855784437,training
COc1ccc(-n2nc(S(C)(=O)=O)c3c2C(=O)N(c2ccc(C4(CN5CCCC5=O)CC4)cc2)CC3)cc1,0.619788758288394,training
Cc1cc(C(=O)Nc2ccc(-c3ccccc3S(N)(=O)=O)cc2)n(-c2ccc3ccncc3c2)n1,-2.568201724066995,training
Cc1ccc(C(=O)NCC2CCN(C(=N)NC(=O)OCc3ccccc3)CC2)cc1OCCc1ccc(Cl)cc1Cl,-3.705607163404605,training
COc1ccc(-n2nc(C(N)=O)c3c2C(=O)N(c2ccc(-c4ccccc4CN(CCO)CCO)cc2)CC3)cc1,0.4436974992327127,training
COC(=O)[C@H]1CCCCN1C(=O)[C@H](Cc1cccc(C(=N)N)c1)NS(=O)(=O)c1cccc(NC(=O)CCN)c1,-2.0,training
CN1C(=O)C(Cc2ccc(C(=N)N)cc2)Oc2cc(NC(=O)C(Cc3ccccc3)C(=O)O)ccc21,-4.521138083704036,training
CCOc1cc(OC(C)C)c(F)c(C(Nc2ccc(C(=N)N)cc2)c2nc(-c3cccc(OC)c3)c[nH]2)c1,-2.7481880270062,training
CN(CCO)C(=O)N(C1CCCN(c2ccc(-c3ccccc3S(C)(=O)=O)cc2F)C1=O)S(=O)(=O)c1ccc2cc(Cl)ccc2c1,-0.4313637641589873,training
N=C(N)c1cccc(C[C@H](NS(=O)(=O)c2cccc(-c3ccc(Cl)cc3Cl)c2)C(=O)N2CCC(CCN)CC2)c1,-1.6989700043360187,training
Clc1ccc(-n2cncn2)c(Cc2nc3c(NCCC4CCCCN4Cc4ccccc4)nccc3o2)c1,-0.568201724066995,training
CC(C)COC(=O)OC[C@@H](NS(=O)(=O)Cc1ccccc1)C(=O)N[C@@H](C)C(=O)NCc1ccc(C(=N)N)cc1,-2.6127838567197355,training
CC(=N)N1CCC(Oc2ccc3c(c2)nc(CCC(=O)O)n3Cc2ccc3ccc(C(=N)N)cc3c2)CC1,-0.7708520116421442,training
COc1ccc(-n2nc(C#N)c3c2C(=O)N(c2ccc(C4(CS(C)(=O)=O)CC4)cc2)CC3)cc1,0.5376020021010439,training
CC(C)N(CCC(N)=O)C(=O)[C@H](C)N1CC[C@H](NS(=O)(=O)c2ccc3cc(Cl)ccc3c2)C1=O,-1.041392685158225,training
CCOc1cc(C(Nc2ccc3c(N)nccc3c2)C(=O)NCc2cc(NC(C)=O)ccc2S(=O)(=O)CC)ccc1OC(C)C,-3.857332496431269,training
CCCCc1nc2cc(OC3CCN(C(C)=N)CC3)ccc2n1Cc1ccc2ccc(C(=N)N)cc2c1,-0.4471580313422192,training
COC(=O)CC(CCc1ccc(NS(=O)(=O)c2ccccc2)cc1)c1cccc(C(=N)N)c1,-3.041392685158225,training
CCNS(=O)(=O)c1ccccc1-c1ccc(NC(=O)Cc2c[nH]c3ccc(C(=N)N)cc23)cc1,-0.6127838567197355,training
CCOC(=O)C(Oc1ccc2c(c1)CN(C(=N)N)CC2)c1ccc(OC2CCN(C(=N)c3ccc(OC)cc3)CC2)cc1,-1.3222192947339193,training
CN1CCC(C2CCN(C(=O)[C@H](NC(=O)c3ccc4c(Cl)c[nH]c4c3)c3ccccc3)CC2)CC1,0.1549019599857432,training
O=C(N[C@H]1CCCC[C@H]1NC(=O)c1ccc(Cl)cc1)c1ccc(-n2ccccc2=O)cc1,-1.568201724066995,training
CS(=O)(=O)c1ccccc1-c1ccc(N2CCCC(NS(=O)(=O)c3cccc4cc(Cl)ccc34)C2=O)c(F)c1,-0.3424226808222063,training
N=C(N)c1cccc(Cn2c(C(N)=O)cc3ccccc32)c1,-3.752048447819439,training
CN1C(=O)C(OCc2ccc(C(=N)N)cc2)Oc2cc(C(=O)N(CC(=O)O)c3ccccc3)ccc21,-4.695481676490197,training
CN1CCN(Cc2ccc3c(Cl)c(C(=O)Nc4ccc(Cl)cc4C(=O)Nc4ccc(Cl)cc4)sc3c2)CC1,-1.3222192947339193,training
N=C(N)c1ccc(CC(=O)C(=O)O)c(OC[C@@H](CC(=O)O)NC(=O)C2CCN(c3ccncc3)CC2)c1,-1.255272505103306,training
N=C(N)c1ccc2[nH]c(-c3cc(Cl)cc(-c4cccc(N)c4)c3O)nc2c1,0.3010299956639812,training
COc1ccc(-n2nc(C(F)(F)F)c3c2C(=O)N(c2ccc(C4(C(=O)N5CCCC5)CC4)cc2)CC3)cc1,-2.227886704613673,training
Cc1cc(C(=O)Nc2ccc(-n3ccnc3CN(C)C)cc2F)n(-c2ccc3cc(Cl)ccc3c2)n1,-0.1139433523068367,training
CN(C)Cc1nccn1-c1ccc(N2CCC(NS(=O)(=O)c3cc4cc(Cl)ccc4s3)C2=O)c(F)c1,-0.6532125137753437,training
Nc1noc2ccc(-n3nnnc3C(=O)Nc3ccc(-c4ccccc4S(N)(=O)=O)cc3F)cc12,0.4559319556497244,training
COC(=O)CN(c1ccc2nc(C)n(Cc3ccc4ccc(C(=N)N)cc4c3)c2c1)C1CCN(C(C)=N)CC1,0.5228787452803376,training
N=C(N)c1ccc(O)c(CN2CC[C@H](NS(=O)(=O)c3cc4ccnc(Cl)c4s3)C2=O)c1,-0.6989700043360189,training
Cn1ccnc1-c1ccc(S(=O)(=O)N[C@H]2CCN(Cc3cccc(C(=N)N)c3)C2=O)cc1,-3.4149733479708178,training
O=C(Nc1ccc(Cl)cc1)[C@H]1CN(Cc2cccs2)C[C@@H]1C(=O)Nc1ccc(-n2ccccc2=O)cc1F,-1.041392685158225,training
CCOC(=O)CCC(=O)N(Cc1ccccc1)c1ccc2c(c1)N(C)CC(C)(COc1ccc(C(=N)N)cc1)O2,-4.442479769064448,training
COC(=O)c1c(C)c2ccccc2n1Cc1cccc(C(=N)N)c1,-3.9444826721501687,training
Nc1cc(-n2nnnc2C(=O)Nc2ccc(-c3ccccc3S(N)(=O)=O)cn2)ccc1Cl,-0.9030899869919436,training
CN(C)Cc1cccnc1-c1ccc(-c2ccc3c(C(N)=O)nn(-c4ccc5onc(N)c5c4)c3c2F)c(F)c1,-3.35314654621398,training
CS(=O)(=O)c1ccccc1-c1ccc(NC(=O)c2nnnn2-c2ccc3onc(N)c3c2)c(F)c1,0.4089353929735008,training
COc1ccc(-n2nc(C#N)c3c2C(=O)N(c2ccc(C4(CCN5CCOCC5)CC4)cc2)CC3)cc1,0.1307682802690238,training
COc1ccc(-n2nc(C(F)(F)F)c3c2C(=O)N(c2ccc(C4(CN(C)C)CC4)cc2)CC3)cc1,1.4559319556497243,training
Nc1ccc(NC(=O)c2sc3ccccc3c2Cl)c(C(=O)Nc2ccc(Cl)cc2)c1,-1.2041199826559248,training
CCc1nc2ccc(OC3CCN(C(C)=N)CC3)cc2n1Cc1cccc(-c2cccc(C(=N)N)c2)c1,-1.5314789170422551,training
CCOC(=O)CN(Cc1cc(F)cc(F)c1)c1ccc2c(c1)N(C)CC(C)(COc1ccc(C(=N)N)cc1)O2,-3.991226075692495,training
CCCNc1cnc2n(c1=O)[C@H](C(=O)NCc1ccc(C(=N)N)cc1)CC2(CC)CC,-4.079181246047625,training
CN(C)CCN(C)C(=O)CN(C1CCCN(c2ccc(N3CCCCC3=O)cc2F)C1=O)S(=O)(=O)c1ccc2cc(Cl)ccc2c1,-0.2304489213782739,training
N=C(N)c1ccc2[nH]cc(C(Cc3ccc(N)cc3)C(=O)Nc3ccc(-n4cnc5ccccc54)cc3)c2c1,-0.6020599913279624,training
Cc1csc(C(=O)Nc2ccc(Cl)cc2C(=O)Nc2ccc(Cl)cc2)c1Cl,-1.255272505103306,training
CC(=N)N1CCC(Oc2ccc(NC/C(C)=C/c3cccc(C(=N)N)c3)cc2[N+](=O)[O-])CC1,1.154901959985743,training
Cc1ccc(CNC(=O)[C@H](NC(=O)c2cccc(C(=N)N)c2)c2ccccc2)cc1,-1.6232492903979006,training
Nc1noc2ccc(-n3nc(C(F)(F)F)cc3C(=O)Nc3ccc(-n4ccnc4CN4CCCC4)cc3F)cc12,0.431798275933005,training
COc1ccc2ccc(S(=O)(=O)N(CC(=O)O)[C@H]3CCN(Cc4cccc(C(=N)N)c4)C3=O)cc2c1,-2.0791812460476247,training
O=C(N[C@H]1CCC[C@H]1NC(=O)c1ccc2cc(Cl)ccc2c1)c1ccc(-n2ccccc2=O)cc1,-1.4313637641589874,training
COc1ccc(NC(=O)C(Oc2cccc3sc(C(=N)N)cc23)c2ccccc2)cc1,-1.7160033436347992,training
N=C(N)c1ccc2[nH]c(-c3cc(Cc4nn[nH]n4)cc(Br)c3O)c(Cc3ccccc3)c2c1,-1.3010299956639813,training
Cc1cc(C(=O)Nc2ccc(C(=N)N(C)C)cc2F)n(-c2cc3ccccc3cc2S(C)(=O)=O)n1,-0.4471580313422192,training
CNC(=O)CCCC1CCN(C(=O)[C@H](Cc2cccc(C(=N)N)c2)NS(=O)(=O)c2cccc(-c3ccc(OC)cc3OC)c2)CC1,-1.7781512503836436,training
CC(C)N(CCS(N)(=O)=O)C(=O)[C@H](C)N1CC[C@H](NS(=O)(=O)c2ccc3cc(Cl)ccc3c2)C1=O,-0.4771212547196624,training
Cc1ccc(NS(=O)(=O)Cc2ccccc2)c(=O)n1CC(=O)NC1CCc2sc(N)nc2C1,-4.963787827345556,training
CN1CC(C)(COc2ccc(C(=N)N)cc2)Oc2ccc(N(Cc3ccc(F)c(F)c3)C(=O)C(=O)O)cc21,-4.146128035678238,training
N=C(N)c1cccc(C[C@H](NS(=O)(=O)c2cccc(NC(=O)CN)c2)C(=O)N2CCC(CCN)CC2)c1,-4.544068044350276,training
CN1CC(C)(COc2ccc(C(=N)N)cc2)Oc2cc(N(Cc3ccccc3)C(=O)CCC(=O)O)ccc21,-4.472756449317212,training
Nc1noc2ccc(-n3nc(C(F)(F)F)cc3C(=O)NC3CCN(c4ccccc4CN4CCC[C@H]4O)CC3)cc12,0.1366771398795441,training
CO[C@H]1CN(CC(=O)Nc2ccc(-n3ccccc3=O)cc2F)C[C@@H]1NC(=O)c1ccc(Cl)s1,-0.4771212547196624,training
CC(C)c1ccc(CCNS(=O)(=O)c2cc(C(=N)N)ccc2Cl)cc1,-3.4771212547196626,training
CCOC(=O)CC1(C(=O)Nc2ccc(C(=N)N)cc2)CC(c2cccc(C(=N)N)c2)=NO1,-1.9731278535996983,training
CN1CCN(C(=O)N(C2CCCN(c3ccc(-c4ccccc4S(C)(=O)=O)cc3F)C2=O)S(=O)(=O)c2ccc3cc(Cl)ccc3c2)CC1,0.1487416512809247,training
CC(C)N1C[C@H](C(=O)Nc2ccc(Cl)cn2)[C@@H](C(=O)Nc2ccc(-n3ccccc3=O)cc2F)C1,-1.1760912590556811,training
CC(C)N(CCCN)C(=O)[C@H](C)N1CC[C@H](NS(=O)(=O)c2ccc3cc(Cl)ccc3c2)C1=O,-0.3010299956639812,training
N=C(N)c1ccc2[nH]c(-c3cc(F)ccc3O)nc2c1,-3.832508912706236,training
N=C(N)c1cccc(C[C@H](NS(=O)(=O)c2ccc3c(c2)C(=O)c2ccccc2C3=O)C(=O)N2CCC(C(=O)NCCN)CC2)c1,-3.6020599913279625,training
CCOC(=O)C(=O)N(Cc1cc(F)cc(F)c1)c1ccc2c(c1)N(C)CC(C)(COc1ccc(C(=N)N)cc1)O2,-3.778151250383644,training
N=C(N)c1cccc(-n2nc(C(F)(F)F)cc2C(=O)Nc2ccc(-n3cnc4cc(N)ccc43)cc2F)c1,0.9208187539523752,training
CN(C)Cc1nccn1-c1ccc(N2CCC(NS(=O)(=O)c3cc4ccc(Cl)cc4s3)C2=O)c(F)c1,0.0969100130080563,training
CS(=O)(=O)Cc1csc(C(=O)Nc2ccc(Cl)cc2C(=O)Nc2ccc(Cl)cc2)c1Cl,-0.3222192947339193,training
N=C(N)c1cccc(CNC(=O)c2c(Cl)c3ccccc3n2Cc2cccc(C(=N)N)c2)c1,-0.9542425094393248,training
N=C(N)c1cccc(C2=NOC(Cn3cnnn3)(C(=O)Nc3ncc(-c4ccccc4S(N)(=O)=O)cn3)C2)c1,0.494850021680094,training
CNC(=O)CC(CCc1ccc(C(=N)N)cc1)c1cccc(C(=N)N)c1,-2.9731278535996988,training
COc1cc(Cl)cc(C(=O)Nc2ccc(Cl)cc2)c1NC(=O)c1sc2ccccc2c1Cl,-0.3424226808222063,training
CCCOC(=O)N1C[C@H](C(=O)Nc2ccc(Cl)cc2)[C@@H](C(=O)Nc2ccc(-n3ccccc3=O)cc2F)C1,-1.6720978579357175,training
CN1CCC([C@@H](NC(=O)c2cc3ccccc3n2Cc2cccc(C(=N)N)c2)c2ccc3cc(Cl)ccc3c2)CC1,-2.785329835010767,training
CCCc1nc2ccc(OC3CCN(C(C)=N)CC3)cc2n1Cc1ccc2ccc(C(=N)N)cc2c1,0.638272163982407,training
N=C(N)c1cccc(Cn2c(C(=O)NCc3nccc4ccccc34)cc3c(O)cccc32)c1,-1.3010299956639813,training
C#Cc1cc(OC2CCOCC2)cc(C(Nc2ccc(C(=N)N)cc2)C(=O)O)c1,-3.462397997898956,training
Nc1nc(CCNC(=O)[C@@H]2CC[C@H]3CN(S(=O)(=O)C(c4ccccc4)c4ccccc4)CC(=O)N32)c[nH]1,-2.130333768495006,training
N=C(N)c1ccc(CNC(=O)[C@H]2CCCN2C(=O)[C@@H](CO)NS(=O)(=O)Cc2ccccc2)cc1,-3.3010299956639813,training
Cc1ccc(NC(=O)c2cc3ccccc3s2)c(C(=O)Nc2ccc(F)cc2)c1,-2.770852011642144,training
CC(C)N1CCC(CNC(=O)c2cc3ccccc3n2Cc2cc(-c3ccc(Cl)s3)on2)CC1,-2.206825876031849,training
COc1ccc(C(=O)NCC2CCN(C3CCCC3)CC2)cc1OCCc1ccc(Cl)cc1Cl,-3.813914420048604,training
N=C(N)c1cccc(Oc2ccc3c4ccccc4n(Cc4ccc5ccc(C(=N)N)cc5c4)c3c2)c1,0.0457574905606751,training
COc1ccc(-n2nc(C(N)=O)c3c2C(=O)N(c2ccc(C(C)(C)CO)cc2)CC3)cc1,0.1804560644581313,training
CN(C)Cc1ccccc1-c1ccc(N2CCc3c(C(F)(F)F)nn(-c4ccccc4S(N)(=O)=O)c3C2=O)cc1,0.0861861476162833,training
N=C(N)c1ccc(N)c(CN2CC[C@H](NS(=O)(=O)c3ccc(-c4ccon4)s3)C2=O)c1,-0.8450980400142568,training
CC(C)COC(=O)OC[C@@H](NS(=O)(=O)Cc1ccccc1)C(=O)NCC(=O)NCc1ccc(C(=N)N)cc1,-2.6989700043360187,training
CCOC(=O)[C@]1(C)CCC[C@]2(C)[C@@H]1CC[C@@]13C/C(=N\OC/C=C/c4cccc5ccccc45)[C@@](C)(CC[C@@H]21)C3,-4.084075567778674,training
N=C(N)N1CCC(CC(=O)[C@@H]2Cc3cccc4c3N2C(=O)[C@@H](NS(=O)(=O)c2ccc3c(c2)CCO3)CC4)CC1,-1.6919651027673603,training
N=C(N)c1cc2c(OC(CN)c3ccccc3)cccc2s1,-3.648360010980932,training
N=C(N)c1cccc(C2=NOC(Cn3cnnn3)(C(=O)Nc3ccc(-c4ccccc4S(N)(=O)=O)cn3)C2)c1,0.958607314841775,training
COc1ccc(NC(=O)[C@H]2CN(S(C)(=O)=O)C[C@@H]2C(=O)Nc2ccc(-n3ccccc3=O)cc2F)cc1F,-2.2833012287035497,training
NS(=O)(=O)c1ccccc1-c1ccc(NC(=O)C2CC(c3ccc(Cl)cc3)=NO2)cc1,-3.0,training
COC(=O)Nc1ccc(-c2cnnc([C@H](Cc3ccccc3)NC(=O)/C=C/c3cc(Cl)ccc3-n3cnnn3)c2)cc1,-2.9242792860618816,training
N=C(N)c1cccc(CN2CC[C@H](NS(=O)(=O)c3ccc4ccc(N)cc4c3)C2=O)c1,-2.0791812460476247,training
CSCC[C@H](NC(=O)[C@@H](NS(=O)(=O)Cc1cccc(C(=O)O)c1)[C@@H](C)O)C(=O)NCc1ccc(C(=N)N)cc1,-3.755874855672492,training
COc1ccc2cc(S(=O)(=O)N[C@H]3CCN(Cc4cccc(C(=N)N)c4)C3=O)ccc2c1,-3.0,training
CNC(=O)CN(C1CCCN(c2ccc(-n3ccccc3=O)cc2F)C1=O)S(=O)(=O)c1cc2ccc(Cl)nc2s1,1.431798275933005,training
COc1cc(Cl)cc(C(=O)Nc2ccc(Cl)cn2)c1NC(=O)c1scc(CN(C)c2ncco2)c1Cl,1.2291479883578558,training
O=C(N[C@H]1CCC[C@H]1NC(=O)c1ccc(Cl)cc1Cl)c1ccc(-n2ccccc2=O)cc1,-2.556302500767288,training
Cc1cc(OCc2ccc(C(=N)N)cc2)cc(OS(=O)(=O)c2ccccc2Cl)c1,-4.230448921378274,training
CCOC(=O)C(=O)N(Cc1ccc(F)c(F)c1)c1ccc2c(c1)N(C)CC(C)(COc1ccc(C(=N)N)cc1)O2,-3.6720978579357175,training
COc1cc(Cl)cc(C(=O)Nc2ccc(Cl)cn2)c1NC(=O)c1scc(CN(C)CCCO)c1Cl,0.744727494896694,training
COCC(=O)N1C[C@H](NC(=O)c2ccc(-n3ccccc3=O)cc2)[C@H](NC(=O)c2ccc(Cl)s2)C1,0.4436974992327127,training
CC1CCN(C(=O)[C@H](Cc2cccc(C(=N)N)c2)NS(=O)(=O)c2cccc3ccccc23)CC1,-4.6230000165633545,training
C[S+](O)Cc1csc(C(=O)Nc2ccc(Cl)cc2C(=O)Nc2ccc(Cl)cc2)c1Cl,0.3979400086720376,training
N=C(N)N1CCCC(C(=O)Nc2cccc(OCc3ccc(-c4ccccc4)cc3)c2)C1,-3.3010299956639813,training
COc1ccc2ccc(S(=O)(=O)N(C)[C@H]3CCN(Cc4csc(C(=N)N)c4)C3=O)cc2c1,-0.8450980400142568,training
O=C1[C@@H](NS(=O)(=O)/C=C/c2ccc(Cl)s2)CCN1c1ccc2c(c1)CCCNC2,-0.0,training
COc1ccc(-n2nc(C(N)=O)c3c2C(=O)N(c2ccc(C(C)(C)CN)cc2)CC3)cc1,0.8239087409443188,training
COc1ccc(C(=O)Nc2cccnc2NCC2CCN(c3ccncc3)CC2)cc1,-1.591064607026499,training
O=C(NCC1CCN(c2ccncc2)CC1)c1cc(OCCc2ccc(Cl)cc2Cl)ccc1Cl,-2.3820170425748683,training
N=C(N)c1cccc(CNC(=O)c2cn(Cc3cccc(C(=N)N)c3)c3ccccc23)c1,-3.089905111439398,training
Cc1cc(CNC(=O)c2cc3c(O)cccc3n2Cc2cccc(C(=N)N)c2)cc(C(F)(F)F)c1,-1.1139433523068367,training
N=C(N)c1cccc(CN2CC[C@H](NS(=O)(=O)c3ccc(Cc4ccccc4)cc3)C2=O)c1,-3.041392685158225,training
Cc1ncsc1CCNC(=O)CN1CCN(S(=O)(=O)c2cc3ccc(Cl)cc3s2)CC1=O,-2.431363764158988,training
CC(C)N(CCN)C(=O)[C@H](C)N1CC[C@H](NS(=O)(=O)c2ccc3cc(Cl)ccc3c2)C1=O,-0.6020599913279624,training
CCOc1cc(C(Nc2ccc3c(N)nccc3c2)C(=O)NCc2cccc(N)c2)ccc1OC(C)C,-3.255272505103306,training
CS(=O)(=O)c1ccccc1-c1ccc2c(c1)CCN2C(=O)c1cc(C(F)(F)F)nn1-c1ccc2onc(N)c2c1,-0.1760912590556812,training
CN(C)Cc1cn(-c2ccc(N3CCC(NS(=O)(=O)c4cc5ccc(Cl)cc5s4)C3=O)c(F)c2)cn1,-1.167317334748176,training
N=C(N)c1cc2c(OC(COC(=O)Nc3ccccc3CN)c3ccccc3)cccc2s1,-2.916453948549925,training
CS(=O)(=O)c1ccccc1-c1ccc2c(c1)CCCN2C(=O)c1cc(C(F)(F)F)nn1-c1ccc2onc(N)c2c1,-3.3010299956639813,training
N=C(N)c1cccc(Cn2c(C(=O)NCc3cccc(NC(N)=O)c3)cc3c(O)cccc32)c1,-2.255272505103306,training
CC(=O)N[C@@H](CCCCN)C(=O)N[C@@H](CCCNC(=N)N)C(=O)N[C@@H](CC(C)C)C(=O)N[C@@H](CCCNC(=N)N)C(=O)c1nc2ccc(C(=O)NCc3ccc(C(=O)O)cc3)cc2s1,-1.462397997898956,training
O=C(Nc1cccc(OCc2ccc(F)cc2)c1)C1CCN(c2ccncc2)CC1,-3.041392685158225,training
CC(C)(CNC(=O)c1ccc2c(Cl)c[nH]c2c1)NC(=O)c1ccc(-n2ccccc2=O)cc1,-0.6812412373755872,training
COC(=O)Nc1ccc2c(c1)NC(=O)CC/C=C/C[C@H](N1CC[C@H](c3cccc(Cl)c3)OC1=O)c1nc-2c[nH]1,-3.5634810853944106,training
CN(C)Cc1nccn1-c1ccc(C(=O)N[C@H]2CCCC[C@H]2NC(=O)c2ccc3c(Cl)c[nH]c3c2)cc1,-0.3617278360175928,training
CNC(=O)OCC(Oc1cccc2sc(C(=N)N)cc12)c1ccccc1,-2.845098040014257,training
CS(=O)(=O)N1C[C@H](C(=O)Nc2ccc3[nH]ccc3c2)[C@@H](C(=O)Nc2ccc(-n3ccccc3=O)cc2F)C1,-2.537819095073274,training
NS(=O)(=O)c1ccccc1-n1nc(C(F)(F)F)c2c1C(=O)N(c1ccc(-c3ccccc3CN3CC[C@@H](O)C3)cc1)CC2,-0.0791812460476248,training
CCOc1cc(C(Nc2ccc3cnccc3c2)C(=O)NS(=O)(=O)c2cccc(S(=O)(=O)NC)c2)ccc1OC(C)C,-3.845098040014257,training
Cc1cc(N)nc(C)c1CNC(=O)[C@@H]1CCCN1C(=O)[C@H](NC(=O)OC(C)(C)C)C(C1CCCCC1)C1CCCCC1,-4.204119982655925,training
O=C(CN1C[C@H](NC(=O)c2ccc(Cl)s2)C[C@H]1CO)Nc1ccc(-n2ccccc2=O)cc1F,-1.977723605288848,training
CCOc1cc(C(Nc2ccc3c(N)nccc3c2)C(=O)NCc2cccc(N(C)C(C)=O)c2)ccc1OC(C)C,-3.880813592280792,training
N=C(N)c1ccc2[nH]c(-c3cccc(-c4ccccc4)c3O)cc2c1Cl,-3.716003343634799,training
N=C(N)c1cccc(C(=O)N[C@@H](C(=O)N2CCN(c3ccc(Cl)cc3)CC2)c2ccccc2)c1,-1.2041199826559248,training
N=C(N)c1cccc(Cn2c(C(=O)NCc3cccc(I)c3)cc3c(O)cccc32)c1,-1.6232492903979006,training
C[C@H]1ON=C(c2cccc(C(=N)N)c2)[C@@H]1C(=O)Nc1ccc(-c2ccccc2S(N)(=O)=O)cc1,-0.255272505103306,training
CN1C(=O)C(Cc2ccc(C(=N)N)cc2)Oc2cc(N(Cc3ccccc3)C(=O)C(=O)O)ccc21,-3.967079734144497,training
Cc1ccc(NS(=O)(=O)Cc2ccc(F)cc2Cl)c(=O)n1CC(=O)NC1CCc2nc(N)sc2C1,-4.838849090737256,training
N=C(N)c1ccc(CNC(=O)[C@H](CCC2CCNCC2)NC(=O)[C@@H](CCCc2ccccc2)NS(=O)(=O)Cc2cccc(C(=O)O)c2)cc1,-3.380211241711606,training
CCOC(=O)C(Oc1ccc2c(c1)CN(C(=N)N)CC2)c1ccc(OC2CCN(C(=N)N)CC2)cc1,-1.4471580313422192,training
N=C(N)c1ccc2[nH]c(-c3cc(Br)cc(CCC(=O)O)c3)c(Cc3ccccc3)c2c1,-3.0,training
Cc1cc(C(=O)Nc2ccc(-c3ccccc3S(N)(=O)=O)cc2)n(-c2ccc3c(N)[nH]nc3c2)n1,-3.4471580313422194,training
CCOC(=O)CN(C)Cc1csc(C(=O)Nc2ccc(Cl)cc2C(=O)Nc2ccc(Cl)cc2)c1Cl,-0.7160033436347992,training
CC(C)c1cc(C(C)C)c(S(=O)(=O)N[C@@H](Cc2cccc(C(=N)N)c2)C(=O)N2CCCN(C(=O)CCN)CC2)c(C(C)C)c1,-3.724275869600789,training
CCOC(=O)CCC(=O)N(c1ccc2nc(C)n(Cc3ccc4ccc(C(=N)N)cc4c3)c2c1)C1CCN(C(C)=N)CC1,-2.4771212547196626,training
N=C(N)c1cccc(C[C@H](NS(=O)(=O)c2ccc(-c3ccccc3)cc2)C(=O)N2CCN(C(=O)C3CCN(C(=N)N)CC3)CC2)c1,-3.4471580313422194,training
NCc1ccccc1-n1nc(C(F)(F)F)cc1C(=O)Nc1ccc(-c2ccccc2S(N)(=O)=O)cc1,-0.255272505103306,training
CS(=O)(=O)c1ccccc1-c1ccc(N2CCCC(NS(=O)(=O)c3cccc(Cl)c3)C2=O)c(F)c1,-2.57978359661681,training
CN1CC(C)(COc2ccc(C(=N)N)cc2)Oc2cc(N(Cc3cc(F)cc(F)c3)C(=O)C(=O)O)ccc21,-3.204119982655925,training
CC(C)N1CCC(NC(=O)c2c(C#N)c3cc(S(C)(=O)=O)ccc3n2Cc2cc(-c3ccc(Cl)s3)on2)CC1,-0.8450980400142568,training
Cc1c(S(=O)(=O)NC2CCCN(c3ccc(-c4ccccc4S(C)(=O)=O)cc3F)C2=O)sc2ccc(Cl)cc12,-2.204119982655925,training
COc1cc(Cl)cc(C(=O)Nc2ccc(Cl)cn2)c1NC(=O)c1scc(CN2CCC(O)CC2)c1Cl,-0.3424226808222063,training
COc1cc(C)c(S(=O)(=O)N[C@@H](Cc2cccc(C(=N)N)c2)C(=O)N2CCC(C)CC2)c(C)c1C,-5.0,training
CC(=O)NCC1(C(=O)Nc2ccc(-c3ccccc3S(N)(=O)=O)cn2)CC(c2ccc(Cl)c(N)c2)=NO1,-1.041392685158225,training
CN(C)Cc1ccncc1-c1ccc(-c2ccc3c(C(N)=O)nn(-c4ccc5onc(N)c5c4)c3c2F)c(F)c1,-2.167317334748176,training
CS(=O)(=O)c1ccccc1-c1ccc2c(c1)C(=O)CCN2C(=O)c1cc(C(F)(F)F)nn1-c1ccc2onc(N)c2c1,-2.6989700043360187,training
Cc1cc(NC(=O)OCC(Oc2cccc3sc(C(=N)N)cc23)c2ccccc2)n(C)n1,-3.3119656603683665,training
Cc1c(F)c(Oc2cccc(N(C)C)c2)nc(Oc2cc(C(=N)N)ccc2O)c1F,-0.4771212547196624,training
CC(C)(C)OC(=O)CC[C@@H](NS(=O)(=O)Cc1ccccc1)C(=O)N1CCC[C@H]1C(=O)NCc1ccc(C(=N)N)cc1,-1.4913616938342726,training
CN(C)Cc1ccccc1-c1ccc(N2CCCc3c(C(F)(F)F)nn(-c4ccc5onc(N)c5c4)c3C2=O)cc1,0.0915149811213502,training
CCOCC1(C(=O)Nc2ccc(-c3ccccc3S(N)(=O)=O)cn2)CC(c2cccc(C(=N)N)c2)=NO1,0.0969100130080563,training
Cc1cccc2cc(C(=O)NC3CCN(C(C)C)CC3)n(Cc3cc(-c4ccc(Cl)s4)on3)c12,0.6020599913279624,training
CCOC(=O)C[C@H](NC(=O)c1ccc2c(c1)OC(OCc1ccc(C(=N)N)cc1)C(=O)N2C)c1ccccc1,-4.737192642704737,training
Cc1cccc([C@@]2(NC(=O)c3c(Cl)cc(-n4cnc(C)n4)cc3Cl)CCc3nn4cc(C)ccc4c3C2)c1,-2.770852011642144,training
NS(=O)(=O)c1ccccc1-c1ccc(NC(=O)C2CC(c3ccc4c(c3Cl)OCO4)=NO2)cc1,-3.230448921378274,training
Cc1ccc2c3c(nn2c1)CC[C@@](C)(NC(=O)c1c(Cl)cc(-n2cnc(C)n2)cc1Cl)C3,-3.331427296520743,training
O=C(N[C@H]1CCC[C@H]1NC(=O)c1ccc(Cl)cc1F)c1ccc(-n2ccccc2=O)cc1,-2.110589710299249,training
COc1ccc(-n2nc(C(F)(F)F)c3c2C(=O)N(c2ccc(C4(N5CCCCC5=O)CC4)cc2)CC3)cc1,-1.3010299956639813,training
N=C(N)c1cccc(Cn2c(C(=O)NCc3cc(C(F)(F)F)cc(C(F)(F)F)c3)cc3c(O)cccc32)c1,-1.99563519459755,training
Nc1nccc2cc(NC3C(=O)NCc4cccc(c4)NC(=O)OCCc4ccc3cc4)ccc12,-2.785329835010767,training
CS(=O)(=O)c1ccccc1-c1ccc(NC(=O)c2cc(C(F)(F)F)nn2-c2ccccc2CCCN)c(F)c1,-2.7781512503836434,training
Cc1cc(C(=O)Nc2ccc(-c3ccccc3C(F)(F)F)cc2)n(-c2cccc(C(=N)N)c2)n1,1.3979400086720375,training
COc1cccc(CNC(=O)c2cc3c(O)cccc3n2Cc2cccc(C(=N)N)c2)c1,-2.4885507165004443,training
Cc1c(F)c(Nc2cccc(C(=N)N)c2)nc(Oc2cccc(C(=N)N)c2)c1F,-2.8195439355418688,training
Cc1cc(OCC2CCCN(C(=N)N)C2)cc(OS(=O)(=O)c2ccccc2Cl)c1,-4.462397997898956,training
NCc1ccc(Cl)cc1CNC(=O)[C@H](CO)NC(=O)C(CCc1ccccn1)NS(=O)(=O)Cc1ccccc1,0.6020599913279624,training
Nc1noc2ccc(-n3nc(C(F)(F)F)c4[nH]c(=O)n(-c5ccc(-c6ccccc6CN6CCC(O)CC6)cc5)c(=O)c43)cc12,0.6575773191777937,training
N=C(N)c1cccc(C[C@H](NS(=O)(=O)c2ccc3ccccc3c2)C(=O)N2CCC(N3CCCCC3)CC2)c1,-4.342000025137565,training
COc1cc(Cl)cc(C(=O)Nc2ccc(Cl)cn2)c1NC(=O)c1scc(CN(CC(F)(F)F)C2=NCCO2)c1Cl,-0.3424226808222063,training
CC[C@H](C)[C@@H]1NC(=O)[C@H](CCCNC(=N)N)NC(=O)[C@H](CO)NC(=O)[C@H](NC(=O)[C@H](CCC(N)=O)NC(=O)CNC(=O)CN)CSSC[C@H]2NC(=O)[C@H](C)NC(=O)CNC(=O)[C@@H]3CCCN3C(=O)[C@@H]3CSSC[C@H](C(=O)NCC(=O)N[C@@H](CO)C(=O)NCC(=O)N[C@@H](CO)C(=O)N[C@@H](CC(=O)O)C(=O)O)NC(=O)[C@H](Cc4ccc(O)cc4)NC(=O)CNC(=O)[C@H](CC(N)=O)NC(=O)CNC(=O)[C@H](CCCNC(=N)N)NC(=O)[C@H](CSSC[C@H](NC(=O)[C@H](CCCCN)NC(=O)[C@H](CCCCN)NC(=O)[C@H](CC(C)C)NC1=O)C(=O)N[C@@H](CCCNC(=N)N)C(=O)N[C@@H](CCCNC(=N)N)C(=O)N[C@@H](CC(=O)O)C(=O)N[C@@H](CO)C(=O)N[C@@H](CC(=O)O)C(=O)N3)NC(=O)[C@H]([C@@H](C)CC)NC2=O,-4.982271233039568,training
N=C(N)c1cccc(Cn2c(C(=O)NCCc3ccc(Cl)c(Cl)c3)cc3c(O)cccc32)c1,-2.9628426812012423,training
C=CCOC(=O)N1CC[C@H](Oc2ccc(C(Oc3ccc4c(c3)CN(C(=N)N)CC4)C(=O)OCC)cc2)C1,-2.3010299956639813,training
C/C(=C\S(=O)(=O)NC1CCN(c2ccc(-n3ccnc3CN(C)C)cc2F)C1=O)c1ccc(Cl)s1,0.6989700043360187,training
Cc1ccc(C)c2c1cc(C(=O)NC1CCN(C(C)C)CC1)n2Cc1cc(-c2ccc(Cl)s2)on1,-0.0,training
CCc1nc2ccc(OC3CCN(C(C)=N)CC3)cc2n1Cc1ccc2ccc(C(=N)N)cc2c1,1.0604807473813815,training
Nc1ncnc2cc(CN3CCN(Cc4nc5cc(Cl)ccc5s4)CC3=O)ccc12,-3.0791812460476247,training
CCC(NCc1ccc(C(=N)N)cc1)C(=O)[C@@H](CCCNC(=N)N)NS(=O)(=O)Cc1ccccc1,-0.3222192947339193,training
CC(=O)N1C[C@H](NC(=O)c2ccc(-n3ccccc3=O)cc2)[C@H](NC(=O)c2ccc(Cl)s2)C1,0.2365720064370627,training
N=C(N)c1cccc(-n2nc(C(F)(F)F)cc2C(=O)Nc2ccc(-n3cnc4ccccc43)cc2)c1,1.0457574905606752,training
N=C(N)c1ccc2[nH]cc(CC(=O)Nc3ccc(-c4ccccc4S(N)(=O)=O)cn3)c2c1,0.1674910872937636,training
COc1c(O)cc(C(=N)N)cc1Oc1nc(Oc2cccc(C(=O)N(C)C)c2)c(F)c(C)c1F,-2.204119982655925,training
COc1cc(Cl)cc(C(=O)Nc2ccc(Cl)cn2)c1NC(=O)c1scc(CN(C)C2=NCCS2)c1Cl,1.619788758288394,training
CCOC(=O)[C@]1(C)CCC[C@]2(C)[C@@H]1CC[C@@]13C/C(=N\OCC4(C)COC4)[C@@](C)(CC[C@@H]21)C3,-1.4471580313422192,training
CN1CC(C)(COc2ccc(C(=N)N)cc2)Oc2ccc(N(CC(=O)O)Cc3cc(F)cc(F)c3)cc21,-3.991226075692495,training
CN1CCC(Oc2ccc(N(C/C=C/c3cc(C(=N)N)ccc3O)C(=O)CCC(=O)O)cc2C(F)(F)F)CC1,0.5528419686577808,training
COc1ccc(-n2nc(S(C)(=O)=O)c3c2C(=O)N(c2ccc(-c4ccccc4CN4CC[C@@H](O)C4)cc2)CC3)cc1,0.6020599913279624,training
N=C(N)c1ccc(CNC(=O)CNC(=O)[C@@H](CCc2cccc[n+]2[O-])NS(=O)(=O)Cc2ccccc2)cc1,0.494850021680094,training
Cc1cc(Cl)c(C(=O)Nc2ccc(Cl)cc2C(=O)Nc2ccc(Cl)cc2)s1,-1.380211241711606,training
CN1CC(C)(COc2ccc(C(=N)N)cc2)Oc2cc(N(CC(=O)O)Cc3cccc(F)c3)ccc21,-3.8195439355418688,training
N=C(N)c1cccc(CN2CC[C@H](NS(=O)(=O)c3cc4ccc(Cl)nc4s3)C2=O)c1,-2.0791812460476247,training
N=C(N)c1ccc2[nH]c(-c3c(O)cccc3O)nc2c1,-3.6989700043360174,training
COc1ccc(-n2nc(C(N)=O)c3c2C(=O)N(c2ccc(C(C)(C)S(C)(=O)=O)cc2)CC3)cc1,0.3187587626244128,training
COc1ccc(-c2cccc(S(=O)(=O)NC(Cc3cccc(C(=N)N)c3)C(=O)N3CCC(CCN)CC3)c2)cc1,-2.556302500767288,training
N=C(N)c1ccc(O)c(CN2CC[C@H](NS(=O)(=O)c3cc4nc(Cl)ccc4s3)C2=O)c1,-0.1760912590556812,training
CCOC(=O)[C@]1(C)CCC[C@]2(C)[C@@H]1CC[C@@]13C/C(=N\OC/C=C/c4cc(F)c(F)c(F)c4)[C@@](C)(CC[C@@H]21)C3,-3.296665190261531,training
Cc1cc(C(=O)Nc2ccc(-c3ccccc3S(N)(=O)=O)cc2F)n(-c2cc3ccccc3cc2S(C)(=O)=O)n1,-0.041392685158225,training
CCOC(=O)C1CCCN(c2ccc(N3C[C@H](CNC(=O)c4ccc(Cl)s4)OC3=O)cc2)C1,-1.795184589682424,training
O=C(Nc1cccc(OCc2cc(F)cc(F)c2)c1)C1CCN(c2ccncc2)CC1,-4.431363764158987,training
N=C(N)c1ccc2[nH]c(-c3cc(Br)ccc3O)nc2c1,-3.755874855672492,training
N=C(N)c1ccc(NC(=O)c2cc3cc4ccccc4cc3cc2O)cc1,-4.079181246047625,training
CN(C)CCN(C)C(=O)N(C1CCCN(c2ccc(-c3ccccc3S(C)(=O)=O)cc2F)C1=O)S(=O)(=O)c1ccc2cc(Cl)ccc2c1,0.0757207139381183,training
COc1ccc(-n2nc(N)c3c2C(=O)N(c2ccc(-c4ccccc4CN4CC[C@@H](O)C4)cc2)CC3)cc1,-0.8260748027008264,training
CS(=O)(=O)c1ccccc1-c1ccc(NC(=O)c2cc(C(F)(F)F)nn2-c2cccc(-c3nnc(N)[nH]3)c2)c(F)c1,-1.1760912590556811,training
O=C(N[C@H]1CCCC[C@H]1NC(=O)c1ccc(Cl)s1)c1ccc(C2(CN3CCCC3)CC2)cc1,0.0222763947111522,training
COc1ccc(-n2nc(S(C)(=O)=O)c3c2C(=O)N(c2ccc(C(C)(C)CO)cc2)CC3)cc1,-0.0043213737826425,training
N=C(N)c1ccc(O)c(Oc2cc(C(=O)O)cc(Oc3cccc(NCCN)c3)n2)c1,-1.8920946026904804,training
CNC1CCc2cc(N3CC[C@H](NS(=O)(=O)c4ccc5cc(Cl)ccc5c4)C3=O)ccc21,-0.6989700043360189,training
NCc1nccn1-c1ccc(NC(=O)c2cc(C(F)(F)F)nn2-c2ccc3onc(N)c3c2)c(F)c1,-0.4771212547196624,training
Cc1ccc(NS(=O)(=O)Cc2ccccc2)c(=O)n1CC(=O)NCc1cc(Cl)ccc1-n1cnnn1,-1.041392685158225,training
CS(=O)(=O)N[C@@H](C(=O)N1CCC[C@H]1C(=O)NCc1ccc(C(=N)N)cc1)C1CCCCC1,-3.6989700043360174,training
N=C(N)c1ccc2[nH]c(-c3cccc(OC4CCCC4)c3O)nc2c1,-3.1760912590556813,training
N#Cc1ccc(NC(=O)c2ccc(N3CCCCC3=O)cc2)c(C(=O)Nc2ccc(Cl)cn2)c1,0.3467874862246563,training
COc1ccc(-n2nnnc2C(=O)Nc2ccc(-c3ccccc3S(N)(=O)=O)cc2)cc1N,-1.2787536009528289,training
NS(=O)(=O)c1ccccc1-c1ccc(NC(=O)C2CC(c3ccccc3Cl)=NO2)cc1,-3.230448921378274,training
O=C(Nc1cccc(OCc2cccc([N+](=O)[O-])c2)c1)C1CCN(c2ccncc2)CC1,-3.828015064223977,training
Cc1cc(C(=O)Nc2ccc(-c3ccccc3S(N)(=O)=O)cc2)n(C2CCCNC2)n1,-4.32221929473392,training
CS(=O)(=O)c1ccccc1N1CCC(NC(=O)c2cc(C(F)(F)F)nn2-c2ccc3onc(N)c3c2)CC1=O,-1.963787827345556,training
CS(=O)(=O)c1ccccc1-c1ccc2c(c1)CCN2C(=O)c1cc(C(N)=O)nn1-c1ccc2onc(N)c2c1,0.0861861476162833,training
NS(=O)(=O)c1ccccc1-c1ccc(NC(=O)C2CC(c3ccc4ccccc4c3)=NO2)cc1,-4.301029995663981,training
CN(C)C(=O)c1ccc(N2CC[C@H](NS(=O)(=O)/C=C/c3ccc(Cl)s3)C2=O)c(F)c1,-0.1760912590556812,training
CCOC(=O)N1C[C@H](C(=O)Nc2ccc(Cl)cc2)[C@@H](C(=O)Nc2ccc(-n3ccccc3=O)cc2F)C1,-1.7323937598229686,training
N=C(N)c1cc2c(OCc3ccccc3)cccc2s1,-3.778151250383644,training
COc1ccc(C(=O)NCC2CCN(Cc3ccnc(O)c3)CC2)cc1OCCc1ccc(Cl)cc1Cl,-2.977723605288848,training
COc1ccc(COc2cccc(NC(=O)C3CCN(c4ccncc4)CC3)c2)cc1OC,-2.782472624166286,training
Cc1cc(I)c(O)c(C(=O)Nc2ccc(C(=N)N)cc2)c1,-2.6627578316815743,training
Cc1c(F)c(Oc2cccc(C(=N)N)c2)cc(Oc2cccc(C(=N)N)c2)c1F,-1.0791812460476249,training
COc1ccc(COc2cccc(NC(=O)C3CCN(c4ccncc4)CC3)c2)cc1,-4.045322978786658,training
N=C(N)c1cccc(Cn2c(C(=O)NCc3ccnc4ccccc34)cc3c(O)cccc32)c1,-2.4771212547196626,training
CC(C)OC(=O)C1CCN(C(=O)[C@H](Cc2cccc(C(=N)N)c2)NS(=O)(=O)c2ccc3ccccc3c2)CC1,-4.399999925393822,training
N=C(N)c1cc2c(OC(COC(=O)Nc3ccccc3)c3ccccc3)cccc2s1,-3.257678574869185,training
C[C@@H](C(=O)N1CCOCC1)N1CC[C@H](NS(=O)(=O)c2cc3cc(Cl)ccc3s2)C1=O,-1.6720978579357175,training
N=C(N)c1cccc(Cn2c(C(N)=O)cc3c(O)cccc32)c1,-3.854913022307856,training
N=C(N)c1cccc(C[C@H](NS(=O)(=O)c2cccc3ccccc23)C(=O)N2CCCCC2)c1,-4.230000088876488,training
NC(=O)c1cc(C(=O)N2CCc3ccc(N4CCCCCC4=O)cc32)n(-c2ccc3onc(N)c3c2)n1,-3.041392685158225,training
N=C(N)c1cc2cc(-c3cccc(OC(C(N)=O)c4ccc(F)cc4)c3)ccc2s1,-4.653212513775344,training
N=C(N)c1cccc(-n2nc(C(F)(F)F)cc2C(=O)Nc2ccc(-n3cnc4cc(Cl)ccc43)cc2F)c1,0.3767507096020995,training
CS(=O)(=O)c1ccccc1-c1ccc(N2CCCC(NS(=O)(=O)c3ccc4ncccc4c3)C2=O)c(F)c1,-1.863322860120456,training
O=C(Cc1csc(NC(=O)c2ccc(Cl)cc2)n1)Nc1ccc(-n2ccccc2=O)cc1F,-2.049218022670181,training
CCOC(=O)CCC(=O)N(Cc1ccccc1)c1ccc2c(c1)OC(Cc1ccc(C(=N)N)cc1)C(=O)N2C,-3.0211892990699383,training
Cc1cccc(S(=O)(=O)Nc2ccc(C)n(CC(=O)NCCONC(=N)N)c2=O)c1,-2.361727836017593,training
Cc1ccc(NS(=O)(=O)Cc2cccc(C(F)(F)F)c2)c(=O)n1CC(=O)NC1CCc2nc(N)sc2C1,-4.9084850188786495,training
CCN(CC)Cc1ccccc1-c1ccc(N2CCc3c(C(F)(F)F)nn(-c4ccc5onc(N)c5c4)c3C2=O)cc1,0.958607314841775,training
CS(=O)(=O)c1ccccc1-c1ccc(NC(=O)c2cc(C(F)(F)F)nn2-c2cccc(CNC(=O)CN)c2)c(F)c1,-0.9542425094393248,training
C[N+](C)(C)CCCN1C(=O)[C@H]2[C@@H](C1=O)[C@@H]1CCCN1[C@H]2c1cc(-c2ccc(Cl)s2)on1,-0.9542425094393248,training
CCS(=O)(=O)N1C[C@H](C(=O)Nc2ccc(Cl)cc2)[C@@H](C(=O)Nc2ccc(-n3ccccc3=O)cc2F)C1,-1.041392685158225,training
CNCC1(c2ccc(N3CCc4c(C(N)=O)nn(-c5ccc(OC)cc5)c4C3=O)cc2)CC1,1.259637310505756,training
NCc1ccccc1-c1ccc(NC(=O)c2cc(C(F)(F)F)nn2-c2ccc3onc(N)c3c2)c(F)c1,-0.3010299956639812,training
N=C(N)NCCC(=O)N1CCN(C(=O)[C@H](Cc2cccc(C(=N)N)c2)NS(=O)(=O)CCc2cccc3ccccc23)CC1,-4.903089986991944,training
O=C(NC1CCN(C2CCOCC2)CC1)c1cc2ccccc2n1Cc1cc(-c2ccc(Cl)s2)on1,-1.977723605288848,training
Cc1ncn(-c2cc(Cl)c(C(=O)NC[C@@H](c3cccc(F)c3)c3ccc4[nH]c(C)nc4c3)c(Cl)c2)n1,-3.446847710155809,training
CCOC(=O)[C@]1(C)CCC[C@]2(C)[C@@H]1CC[C@@]13C/C(=N\OCc4c(F)c(F)c(F)c(F)c4F)[C@@](C)(CC[C@@H]21)C3,-2.506505032404872,training
CSc1sc(C(=N)N)cc1S(=O)(=O)c1cc(Br)c2c(c1)ncn2Cc1cc(F)ccc1F,-4.056904851336473,training
COC(=O)CC(CCc1ccc(NS(C)(=O)=O)cc1)c1cccc(C(=N)N)c1,-2.815577748324267,training
N=C(N)c1ccc(CNC(=O)[C@@H]2CCCN2C(=O)[C@@H](CCCCN)NS(=O)(=O)Cc2ccccc2)cc1,-1.7160033436347992,training
COc1ccc(-n2nc(C(N)=O)c3c2C(=O)N(C2CCN(c4ccccc4CN(C)C(C)=O)CC2)CC3)cc1,-1.3617278360175928,training
CN(C)Cc1nccn1-c1ccc(N2CCC(NS(=O)(=O)CCc3ccc(Cl)s3)C2=O)c(F)c1,-0.4913616938342727,training
O=C(NCC1CCN(c2ccncc2)CC1)c1ccc(F)c(OCCc2ccc(Cl)cc2Cl)c1,-1.6989700043360187,training
CC1(C(=O)Nc2ccc(-c3ccccc3S(N)(=O)=O)cc2)CC(c2ccc(Cl)c(N)c2)=NO1,-2.113943352306837,training
CN(CCOCCO)Cc1csc(C(=O)Nc2ccc(Cl)cc2C(=O)Nc2ccc(Cl)cc2)c1Cl,-0.1760912590556812,training
Cc1cc(Cl)c(O)c(-c2cc3cc(C(=N)N)ccc3[nH]2)c1,-2.113943352306837,training
CCOC(=O)C(Cc1ccc(C(=N)N)cc1)NC(=O)CNS(=O)(=O)c1ccc(C(=N)S)cc1,-3.851258348719076,training
Nc1noc2ccc(-n3nc(C(F)(F)F)cc3C(=O)Nc3ccc(-c4ccncc4S(N)(=O)=O)cc3F)cc12,1.0,training
Cc1c(F)c(Oc2cccc(C(=N)N)c2)nc(Oc2cccc(C(O)C(=O)N(C)C)c2)c1F,-3.342422680822206,training
COc1cc(C2=NOC(C(=O)Nc3ccc(-c4ccccc4S(N)(=O)=O)cc3)C2)ccc1O,-4.301029995663981,training
N=C(N)c1cccc(C[C@H](NS(=O)(=O)c2ccc3ccccc3c2)C(=O)N2CCC(CCN)CC2)c1,-4.880813592280791,training
COc1ccc(-c2ccc3sc(C(=N)N)cc3c2)cc1OC,-4.075546961392531,training
CN(C)Cc1nccn1-c1ccc(-n2c(=O)[nH]c3c(C(F)(F)F)nn(-c4ccc5onc(N)c5c4)c3c2=O)c(F)c1,0.4559319556497244,training
N=C(N)NCCCC[C@@H](NS(=O)(=O)Cc1ccccc1)C(=O)N1CCC[C@H]1C(=O)NCc1ccc(C(=N)N)cc1,-0.4313637641589873,training
N=C(N)c1ccc(CNC(=O)[C@H](CCC2CCNCC2)NC(=O)[C@@H](CCCn2cnnn2)NS(=O)(=O)Cc2ccccc2)cc1,-3.380211241711606,training
CCOC(=O)C(Cc1ccc(C(=N)N)cc1)NC(=O)CNS(=O)(=O)c1ccc(C(=N)N)cc1,-2.6989700043360187,training
N=C(N)c1ccc(O)c(CN2CC[C@H](NS(=O)(=O)c3cc4cnccc4s3)C2=O)c1,-0.4771212547196624,training
COc1ccc(C(=O)NCC2CCN(c3ccccc3)CC2)cc1OCCc1ccc(Cl)cc1Cl,-4.0,training
COC(=O)CCCC1CCN(C(=O)[C@H](Cc2cccc(C(=N)N)c2)NS(=O)(=O)c2cccc(NC(=O)CCN)c2)CC1,-3.785329835010767,training
CCOc1cc(C(Nc2ccc3c(N)nccc3c2)C(=O)NCc2ccccc2S(=O)(=O)C2CC2)ccc1OC(C)C,-3.544068044350276,training
CC(C)N1CCC(NC(=O)c2c(Cl)c3ccccc3n2Cc2cc(-c3ccc(Cl)s3)on2)CC1,-0.3010299956639812,training
N=C(N)c1cccc(C[C@H](NS(=O)(=O)c2ccc(NC(=O)CCN)cc2)C(=O)N2CCC(CCN)CC2)c1,-4.176091259055681,training
CNc1nn(-c2ccc(OC)cc2)c2c1CCN(c1ccc(-c3ccccc3CN3CC[C@@H](O)C3)cc1)C2=O,-0.2304489213782739,training
N=C(N)NCCCC(NC(=O)CN1CCN(S(=O)(=O)c2cccc3cccnc23)CC1=O)C(=O)c1nccs1,-0.6434526764861874,training
COc1ccc(O)c(-c2nc3cc(C(=N)N)ccc3[nH]2)c1,-3.949390006644913,training
CC(C)OC(=O)CS(=O)(=O)NC(CCc1cccc[n+]1[O-])C(=O)NCC(=O)NCc1cc(Cl)ccc1CN,0.1191864077192086,training
Cc1ccc(NC(=O)c2sccc2Cl)c(C(=O)Nc2ccc(F)cc2)c1,-2.591064607026499,training
COc1cc(CNc2ccc(C(=N)N)cc2)c(NS(C)(=O)=O)cc1OCc1ccccc1,-4.414973347970818,training
CCOC(=O)C(=O)N(Cc1cc(F)cc(F)c1)c1ccc2c(c1)OC(C)(COc1ccc(C(=N)N)cc1)CN2C,-2.8976270912904414,training
COC(=O)Cc1cc(Br)c(O)c(-c2[nH]c3ccc(C(=N)N)cc3c2Cc2ccccc2)c1,-0.4771212547196624,training
Nc1noc2ccc(-n3nc(C(F)(F)F)cc3C(=O)NC3CCN(c4ccccc4CN4CCCC4)CC3)cc12,0.2146701649892329,training
C[N+](C)(C)CCCN1C(=O)[C@H]2[C@@H](C1=O)[C@@H]1CCCN1[C@H]2c1coc(-c2ccc(Cl)s2)n1,-3.2095150145426308,training
N=C(N)c1ccc(O)c(/C=C/CNC(=O)c2ccc(-c3ncc[nH]3)cc2)c1,-2.1072099696478683,training
N=C(N)c1cc2c(OCc3nc4ccccc4s3)cccc2s1,-3.4149733479708178,training
COc1ccc(-n2nc(CN)c3ncn(-c4ccc(-c5ccccc5S(N)(=O)=O)cc4)c(=O)c32)cc1,-1.3424226808222062,training
CS(=O)(=O)Nc1ccc(Oc2cccc(C(=N)N)c2)nc1Oc1cccc(C(=N)N)c1,-2.113943352306837,training
COc1ccc2ccc(S(=O)(=O)N(Cc3ccsc3)[C@H]3CCN(Cc4cccc(C(=N)N)c4)C3=O)cc2c1,-1.2787536009528289,training
N=C(N)c1cccc(-n2nc(C(F)(F)F)cc2C(=O)Nc2ccc(-n3ccc4ccccc43)cc2F)c1,-0.7323937598229685,training
COc1ccc(C(=O)NCC2CCN(c3ccncc3)CC2)cc1OCCc1ccc(Cl)cc1Cl,-1.255272505103306,training
O=C1[C@@H](NS(=O)(=O)/C=C/c2ccc(Cl)s2)CCN1c1cc2c(cc1F)CNCC2,-0.3010299956639812,training
N=C(N)c1cccc(CNC(=O)c2c(Br)c3ccccc3n2Cc2cccc(C(=N)N)c2)c1,-1.414973347970818,training
N=C(N)c1cccc(CC(NS(=O)(=O)c2cccc(-c3cccnc3)c2)C(=O)N2CCC(CCN)CC2)c1,-3.544068044350276,training
COc1ccccc1COc1cccc(NC(=O)C2CCN(c3ccncc3)CC2)c1,-4.214843848047698,training
Cc1ccc2c(c1)nc1n2C[C@@](NC(=O)c2ccc(-n3cnc(C)n3)cc2Cl)(c2ccccc2)CC1,-3.3087777736647213,training
COc1ccc(-n2nc(C#N)c3ncn(-c4ccc(-c5ccccc5CN(C)C)cc4)c(=O)c32)cc1,-0.3222192947339193,training
CCOc1cc(OC(C)C)c(F)c(C(Nc2ccc(C(=N)N)cc2)c2nc(-c3ccccc3OC)c[nH]2)c1,-2.6627578316815743,training
N=C(N)c1ccc(CCC(=O)O)c(OCCNC(=O)C2CCN(c3ccncc3)CC2)c1,-1.6334684555795866,training
CCOc1cc(OC(C)C)c(F)c(C(Nc2ccc(C(=N)N)cc2)c2nc(-c3ccc(OC)cc3)c[nH]2)c1,-2.7323937598229686,training
COc1cc(Oc2nc(Oc3cccc(C(=O)N(C)C)c3)c(F)c(C)c2F)cc(C(=N)N)c1,-3.431363764158988,training
N=C(N)c1ccc(CNC(=O)[C@H](CCC2CCNCC2)NC(=O)[C@@H](CCC2CCN(C(=O)C3CC3)CC2)NS(=O)(=O)Cc2ccccc2)cc1,-3.361727836017593,training
Cc1ccc(COc2cccc(-c3ccc4sc(C(=N)N)cc4c3)c2)cc1,-3.8976270912904414,training
COCCOC(=O)N1C[C@H](NC(=O)c2ccc(-n3ccccc3=O)cc2)[C@H](NC(=O)c2ccc(Cl)s2)C1,0.0315170514460648,training
CCOC(=O)CN1CCC(Oc2c(F)c(Oc3cccc(C4=NCCN4C)c3)nc(Oc3cc(C(=N)N)ccc3O)c2F)CC1,0.5086383061657274,training
Cc1c(F)c(Oc2cccc(CC(N)=O)c2)nc(Oc2cccc(C(=N)N)c2)c1F,-2.4471580313422194,training
CCc1nc2cc(OC3CCN(C(C)=N)CC3)ccc2n1C/C=C/c1cccc(N)c1,0.3979400086720376,training
CCOC(=O)C(Oc1ccc2c(c1)CN(C(=N)N)CC2)c1ccc(O[C@H]2CCN(C3=CC(=O)CC(C)(C)C3)C2)cc1,-2.3010299956639813,training
Cc1c(F)c(Oc2cccc(C(=N)N)c2)nc(Oc2cccc(C(=O)N(C)C)c2O)c1F,-3.653212513775344,training
COc1ccc(Oc2nc(Oc3cccc(C(=N)N)c3)c(F)c(C)c2F)cc1C(=O)N(C)C,-3.146128035678238,training
NS(=O)(=O)c1ccccc1-c1ccc(NC(=O)C2CC(c3ccc(O)cc3)=NO2)cc1,-4.342422680822207,training
N=C(N)c1ccc(CNC(=O)CNC(=O)[C@@H](COCc2ccccc2)NS(=O)(=O)Cc2ccccc2)cc1,-1.462397997898956,training
N=C(N)c1ccc2[nH]c(-c3ccc4ccccc4c3O)nc2c1,-3.9956351945975497,training
CN(C)Cc1ccccc1-c1ccc(N2CCc3c(C(F)(F)F)nn(-c4cccc(NC(N)=O)c4)c3C2=O)cc1,-1.7323937598229686,training
CCN1CCC(NC(=O)c2cc3ccccc3n2Cc2cc(-c3ccc(Cl)s3)on2)CC1,-1.255272505103306,training
CCOC(=O)CN[C@H](CCc1ccc(O)cc1)C(=O)N1CCC[C@H]1C(=O)NCc1cc(Cl)ccc1CN,-1.230448921378274,training
CN1CCC(N(C)C(=O)N(C2CCCN(c3ccc(-c4ccccc4S(C)(=O)=O)cc3F)C2=O)S(=O)(=O)c2ccc3cc(Cl)ccc3c2)CC1,0.3665315444204134,training
CN(C)Cc1ccccc1-c1ccc(N2CNc3c(C(F)(F)F)nn(-c4ccc5onc(N)c5c4)c3C2=O)cc1,0.6020599913279624,training
Cc1cc(C(=N)N)ccc1CNC(=O)[C@@H]1CC[C@H]2CN(S(=O)(=O)C(c3ccccc3)c3ccccc3)CC(=O)N21,-0.3010299956639812,training
C[C@@H](C(=O)N1CCOCC1)N1CC[C@H](NS(=O)(=O)c2cnc(-c3ccc(Cl)s3)s2)C1=O,-0.6989700043360189,training
CNC(=O)CCCC1CCN(C(=O)[C@H](Cc2cccc(C(=N)N)c2)NS(=O)(=O)c2cccc(-c3ccccc3F)c2)CC1,-3.041392685158225,training
N=C(N)c1cccc(C[C@H](NS(=O)(=O)c2cccc(NC(=O)CCN)c2)C(=O)N2CCC(CCCN)CC2)c1,-4.176091259055681,training
N=C(N)c1cc2c(OC(C(=O)NCc3ccccc3)c3ccccc3)cccc2s1,-2.977723605288848,training
COc1ccc(-n2nnnc2C(=O)Nc2ccc(-c3ccccc3S(N)(=O)=O)cc2)cc1,-0.9030899869919436,training
C[C@@H](C(=O)N1CCCC1)N1CC[C@H](NS(=O)(=O)c2ccc3cc(Cl)ccc3c2)C1=O,-1.6989700043360187,training
CCOC(=O)C(Oc1ccc2c(c1)CN(C(=N)N)CC2)c1ccc(O[C@H]2CCN(C(=N)N)C2)cc1,-2.3010299956639813,training
CN1CCC(C2CCN(C(=O)[C@H](NC(=O)c3ccc(Cl)c(N)c3)c3ccccc3)CC2)CC1,-0.6020599913279624,training
COc1ccc(-n2nc(C(F)(F)F)c3c2C(=O)N(c2ccc(C4(C(=O)NC5CCCC5)CC4)cc2)CC3)cc1,-1.4771212547196624,training
Cc1cc(C(=O)Nc2ccc(-c3ccccc3S(N)(=O)=O)cc2)n(-c2cccc(N)c2)n1,-1.7993405494535817,training
CCOc1ccc(F)c([C@@H](Nc2ccc3c(N)nccc3c2)C(=O)N2CCC[C@@H]2c2cc(NC(=O)OC)ccc2S(=O)(=O)C(C)C)c1,-3.716003343634799,training
COc1cc([C@@H](Nc2ccc(C(=N)N)cc2)C(=O)N[C@H](C(=O)O)c2ccccc2)c(C(=O)Cc2ccccc2)cc1OCc1ccccc1,-4.278753600952829,training
Cc1ccc(C(=O)NCC2CCN(C(=N)N)CC2)cc1OCCc1ccc(Cl)cc1Cl,-2.2380461031287955,training
CC(C)(CNC(=O)c1ccc(-n2ccccc2=O)cc1)NC(=O)c1ccc(Cl)s1,-0.505149978319906,training
Cc1cc2ccc1[C@@H](C)COC(=O)Nc1ccc(C3(C(=O)O)CCCCC3)c(c1)CN(C)C(=O)[C@@H]2Nc1ccc2c(N)ncc(F)c2c1,-2.9542425094393248,training
NCCCCC(NC(=O)CN(CC1(c2ccccc2)CC1)C(=O)CCc1ccccc1)B(O)O,-2.6414741105041,training
CCOc1cc(OC(C)C)c(F)c(C(Nc2ccc(C(=N)N)cc2)c2nc(-c3ccccc3)c[nH]2)c1,-2.880813592280792,training
CCS(=O)(=O)N1C[C@H](NC(=O)c2ccc(-n3ccccc3=O)cc2)[C@H](NC(=O)c2ccc(Cl)s2)C1,0.1938200260161128,training
CCOc1cc(-c2cccnc2)cc(C(Nc2ccc(C(=N)N)cc2)C(=O)O)c1,-3.342422680822206,training
O=C(Nc1ccc(Cl)cc1)c1cccc(O)c1NC(=O)c1sc2ccccc2c1Cl,-1.255272505103306,training
COc1cccc(CCOc2cc(C(=O)NCC3CCN(c4ccncc4)CC3)ccc2F)c1,-3.5247854493212225,training
Cc1cc(C(=O)Nc2ccc(-c3ccccc3CN(C)C)cc2F)n(-c2cc3ccccc3cc2S(C)(=O)=O)n1,-0.380211241711606,training
CCCS(=O)(=O)N1C[C@H](C(=O)Nc2ccc(Cl)cc2)[C@@H](C(=O)Nc2ccc(-n3ccccc3=O)cc2F)C1,-1.255272505103306,training
O=C(Nc1ccc(Cl)cc1)c1cc(Cl)ccc1NC(=O)c1sc2ccccc2c1Cl,0.2218487496163563,training
CN(C)Cc1nccn1-c1ccc2c(c1)CCN2C(=O)c1cc(C(N)=O)nn1-c1ccc2onc(N)c2c1,-0.3424226808222063,training
CC(CNC(=O)c1ccc(Cl)s1)NC(=O)c1ccc(-n2ccccc2=O)cc1,-0.3222192947339193,training
N=C(N)c1cc2[nH]c(-c3cccc(OC4CCCC4)c3O)nc2cc1Cl,-4.633468455579586,training
COc1ccc(NC(=O)c2ccc(C(=N)N(C)C)cc2)c(C(=O)Nc2ccc(Cl)cn2)c1,0.9262816496538774,training
COc1ccc(-n2nc(C(F)(F)F)c3c2C(=O)N(c2ccc(C4(CC(N)=O)CC4)cc2)CC3)cc1,0.2291479883578558,training
CC(=N)N1CCC(Oc2ccc3nc(C(C)(C)C)n(Cc4ccc5ccc(C(=N)N)cc5c4)c3c2)CC1,1.337242168318426,training
COC(=O)[C@H](Cc1cccc(C(=N)N)c1)[C@@H](C)NC(=O)c1ccc(-c2cccc(CN(C)C)c2)cc1,-0.0,training
Cc1ccc(NC(=O)c2sc3ccccc3c2Cl)c(C(=O)Nc2cccc(Cl)c2)c1,-2.4149733479708178,training
O=C1C(NS(=O)(=O)c2ccc3cc(Cl)ccc3c2)CCCN1c1ccc(N2CCCCC2)cc1F,-1.2041199826559248,training
CC(C)(C)c1ccc(C(=O)NC/C=C/c2cc(C(=N)N)ccc2O)cc1,-1.7853298350107671,training
CN1CCC(N(C)Cc2csc(C(=O)Nc3ccc(Cl)cc3C(=O)Nc3ccc(Cl)cc3)c2Cl)CC1,0.4202164033831898,training
N=C(N)c1ccc(CNC(=O)[C@H](CCC2CCNCC2)NC(=O)[C@@H](CCCc2ccccc2)NS(=O)(=O)Cc2ccccc2)cc1,-3.041392685158225,training
N=C(N)c1cccc(Cn2c(C(=O)NCC3CCCCC3)cc3c(O)cccc32)c1,-3.0461047872460387,training
N=C1OCCN1Cc1ccc(C(=O)Nc2ccc(Cl)cc2C(=O)Nc2ccc(Cl)cn2)cc1,-0.1760912590556812,training
NC(=O)c1ccc2[nH]c(-c3cc(CCC(=O)O)cc(Br)c3O)c(Cc3ccccc3)c2c1,-3.9242792860618816,training
O=C(CN1CC(NC(=O)c2ccc(Cl)s2)C(C2CC2)C1)Nc1ccc(-n2ccccc2=O)cc1F,-1.6334684555795866,training
CS(=O)(=O)Nc1ccc(NC(=O)c2ccc(N3CCCCC3=O)cc2)c(C(=O)Nc2ccc(Cl)cn2)c1,-0.3010299956639812,training
CC(C)N1CCC(NC(=O)c2cc3cc(C#N)ccc3n2Cc2cc(-c3ccc(Cl)s3)on2)CC1,-0.3010299956639812,training
Cc1ccc2c3c(nn2c1)CC[C@](NC(=O)c1c(Cl)cc(-n2cnc(C)n2)cc1Cl)(c1cn(C(C)C)nn1)C3,-2.8709888137605755,training
C[n+]1ccc(-c2ccc(S(=O)(=O)N[C@H]3CCN(Cc4cccc(C(=N)N)c4)C3=O)cc2)cc1,-2.113943352306837,training
Cc1c(F)c(Oc2cccc(C(=O)N(C)C)c2)nc(Oc2cc(C(=N)N)cc(O)c2O)c1F,-1.3617278360175928,training
COc1ccc(-n2nc(C#N)c3c2C(=O)N(c2ccc(C4(N(C)C)CC4)cc2)CC3)cc1,1.0757207139381184,training
CN(C)C(=O)c1cccc(Oc2cc(C(=O)O)cc(Oc3cc(C(=N)N)ccc3O)n2)c1,-0.5440680443502757,training
N=C(N)NCCC(=O)Nc1cccc(S(=O)(=O)N[C@@H](Cc2cccc(C(=N)N)c2)C(=O)N2CCC(CCNC(=N)N)CC2)c1,-3.3010299956639813,training
N=C(N)c1cccc(CC(NS(=O)(=O)c2cccc(-c3ccncc3)c2)C(=O)N2CCC(CCN)CC2)c1,-3.204119982655925,training
Nc1noc2ccc(-n3nc(C(F)(F)F)cc3C(=O)N3CCc4cc(-c5ccccc5CN5CCCC5)ccc43)cc12,-0.6901960800285137,training
N=C(N)NCCC(=O)N1CCN(C(=O)[C@H](Cc2cccc(C(=N)N)c2)NS(=O)(=O)c2ccc3c(c2)C(=O)c2ccccc2C3=O)CC1,-3.4471580313422194,training
N=C(N)c1cccc(C2=NOC(Cn3cnnn3)(C(=O)Nc3ccc(-c4ccccc4S(N)(=O)=O)cc3)C2)c1,-0.0253058652647702,training
Cc1cc(C(=O)Nc2ccc(-n3ccnc3C)cc2)n(-c2ccc3cc(Cl)ccc3c2)n1,-0.4623979978989561,training
CN1CCCC1c1ccc(N2CC[C@H](NS(=O)(=O)/C=C/c3ccc(Cl)s3)C2=O)c(F)c1,-1.1760912590556811,training
CCOC(=O)Cc1cccc(Oc2nc(Oc3cccc(C(=N)N)c3)c(F)c(C)c2F)c1,-2.908485018878649,training
Cc1ccc(C2=NOC(C(=O)Nc3ccc(-c4ccccc4S(N)(=O)=O)cc3)C2)cc1,-3.322219294733919,training
CCOC(=O)C(Oc1ccc2c(c1)CN(C(=N)N)CC2)c1ccc(OC2CCOCC2)cc1,-3.3010299956639813,training
Cc1cc2ccc1[C@@H](C)COC(=O)Nc1ccc(S(=O)(=O)C3CC3)c(c1)CN(C)C(=O)[C@@H]2Nc1ccc2c(N)ncc(F)c2c1,-3.6020599913279625,training
COc1ccc(C(=O)N2CCN(c3ccncc3)CC2)cc1OCCc1ccc(Cl)cc1Cl,-3.733197265106569,training
Nc1noc2ccc(-n3nc(C(F)(F)F)cc3C(=O)N3CCc4cc(-c5ccccc5S(N)(=O)=O)ccc43)cc12,-0.4313637641589873,training
CONC(=O)CC(CCc1ccc(C(=N)N)cc1)c1cccc(C(=N)N)c1,-3.380211241711606,training
CCCNCc1sc(C(=O)Nc2ccc(Cl)cc2C(=O)Nc2ccc(Cl)cc2)c(Cl)c1CNCCC,-0.8750612633917001,training
Cc1cc(C(=O)Nc2ccc(-c3ccccc3S(N)(=O)=O)cc2)n(-c2ccc(O)cc2)n1,-2.9542425094393248,training
COC(=O)CC1(C(=O)Nc2cccc(C(=N)N)c2)CC(c2ccc(C(=N)N)cc2)=NO1,-2.0681858617461617,training
N=C(N)c1cccc(N2CC(COCc3ccccc3)CN(CC3CCN(Cc4ccccc4)CC3)C2=O)c1,-2.255272505103306,training
CCOC(=O)CC(=O)NC(CCc1cccc[n+]1[O-])C(=O)NCC(=O)NCc1cc(Cl)ccc1CN,-2.3010299956639813,training
O=C(N[C@H]1CCC[C@H]1NC(=O)c1cc2cc(Cl)ccc2[nH]1)c1ccc(-n2ccccc2=O)cc1,-1.869231719730976,training
O=C(Nc1ccc(Cl)cc1)c1ccccc1NC(=O)c1sc2ccccc2c1Cl,-0.8450980400142568,training
NS(=O)(=O)c1ccccc1-c1ccc(NC(=O)C2CC(c3ccc4c(c3)OCCO4)=NO2)cc1,-4.12057393120585,training
COC(=O)Nc1ccc(-c2c[nH]c([C@H](Cc3ccccc3)NC(=O)/C=C/c3cc(Cl)ccc3-n3cnnn3)n2)cc1,-3.1760912590556813,training
O=C(Nc1ccc(Cl)cc1)c1cccc(Cl)c1NC(=O)c1sc2ccccc2c1Cl,-1.380211241711606,training
O=C(NCc1ccccc1)[C@@H]1CCCN1C(=O)[C@@H](Cc1ccc(Cl)c(Cl)c1)NS(=O)(=O)Cc1ccccc1,-4.146128035678238,training
COc1ccc(C(=O)N2CCN(Cc3ccccn3)CC2)cc1OCCc1ccc(Cl)cc1Cl,-3.187520720836463,training
N=C(N)c1cccc(Cn2c(C(=O)NCc3cccc(C(F)(F)F)c3)cc3c(O)cccc32)c1,-2.677606952720493,training
CCN(Cc1csc(C(=O)Nc2c(OC)cc(Cl)cc2C(=O)Nc2ccc(Cl)cn2)c1Cl)C1=NC(C)CO1,1.5086383061657274,training
O=C(NCCNC(=O)c1ccc2c(Cl)c[nH]c2c1)c1ccc(-n2ccccc2=O)cc1,-1.1139433523068367,training
Cc1nccc(-c2cccc(S(=O)(=O)N[C@@H](Cc3cccc(C(=N)N)c3)C(=O)N3CCC(CCN)CC3)c2)n1,-3.230448921378274,training
N=C(N)c1cccc(NC(=O)CC2CC(c3cccc(C(=N)N)c3)=NO2)c1,-3.255272505103306,training
CC(C)N1CCC(NC(=O)c2cc3ccccc3n2CC(=O)Nc2ccc(Cl)s2)CC1,-1.1760912590556811,training
O=C(CNC(=O)C(CCc1cccc[n+]1[O-])NS(=O)(=O)Cc1ccccc1)NCc1ccc(Cl)s1,-1.7242758696007892,training
N=C(N)c1cccc(C[C@H](NS(=O)(=O)c2cccc(-c3cccc(Cl)c3Cl)c2)C(=O)N2CCC(CCN)CC2)c1,-2.7634279935629373,training
CCOC(=O)[C@]1(C)CCC[C@]2(C)[C@@H]1CC[C@@]13CC(=O)[C@@](C)(CC[C@@H]21)C3,-3.660770643527697,training
CC(C)N1CCC(NC(=O)c2cc3ccccc3n2Cc2cccc(Cl)c2)CC1,-2.815577748324267,training
CNC(=O)CCCC1CCN(C(=O)[C@H](Cc2cccc(C(=N)N)c2)NS(=O)(=O)c2cccc(-c3cccc(F)c3)c2)CC1,-3.484299839346786,training
CC(C)c1cc(C(C)C)c(S(=O)(=O)N[C@@H](Cc2cccc(C(=N)N)c2)C(=O)N2CCN(S(C)(=O)=O)CC2)c(C(C)C)c1,-3.868999838486418,training
COc1ccc(-n2nc(C(N)=O)c3c2C(=O)N(c2ccc(C(C)(C)O)cc2)CC3)cc1,-0.967079734144497,training
CN1CC(C)(COc2ccc(C(=N)N)cc2)Oc2ccc(N(Cc3cc(F)cc(F)c3)C(=O)C(=O)O)cc21,-4.146128035678238,training
Cc1c(F)c(Oc2cccc(C(=N)N)c2)nc(Oc2cccc([N+](=O)[O-])c2)c1F,-3.397940008672037,training
Cc1cc(NC(=O)c2sc3ccccc3c2Cl)c(C(=O)Nc2ccc(Cl)cc2)cc1Cl,-1.041392685158225,training
NS(=O)(=O)c1ccccc1-c1ccc(NC(=O)C2CC(c3cccc(C(F)(F)F)c3)=NO2)cc1,-4.230448921378274,training
Nc1noc2ccc(-n3nc(C(F)(F)F)c4c3C(=O)N(c3ccc(-c5ccccc5CN5CCC(O)CC5)cc3)CC4)cc12,0.6575773191777937,training
CCOC(=O)c1cc2ccccc2n1Cc1ccc(C(=N)N)cc1,-4.740362689494244,training
CN1CCC(C2CCN(C(=O)[C@H](NC(=O)c3ccc4cc[nH]c4c3)c3ccccc3)CC2)CC1,-0.6020599913279624,training
COC(=O)N1C[C@H](NC(=O)c2ccc(-n3ccccc3=O)cc2)[C@H](NC(=O)c2ccc(Cl)s2)C1,0.1307682802690238,training
COc1cccc(C(=O)Nc2ccc(Cl)cn2)c1NC(=O)c1ccc(-n2ccccc2=O)cc1,0.8538719643217619,training
N=C(N)c1cccc(Cn2c(C(=O)NNS(=O)(=O)c3ccccc3)cc3c(O)cccc32)c1,-3.848189116991399,training
COc1ccc(-n2nc(C(F)(F)F)c3c2C(=O)N(c2ccc(C4(NC(C)=O)CC4)cc2)CC3)cc1,-0.7075701760979364,training
O=C(Nc1ccc(Cl)cc1)c1ccc(Cl)cc1NC(=O)c1sc2ccccc2c1Cl,-1.414973347970818,training
O=C(N[C@H]1CCC[C@H]1NC(=O)c1ccccc1Cl)c1ccc(-n2ccccc2=O)cc1,-3.416640507338281,training
Cc1cc(C(=O)Nc2ncc(-c3ccccc3S(N)(=O)=O)cn2)n(-c2ccc3cc(Cl)ccc3c2)n1,-0.3979400086720376,training
N=C(N)c1ccc2[nH]c(-c3cccc(Br)c3O)nc2c1,-2.4771212547196626,training
Cc1ccc(CCOc2cc(C(=O)NCC3CCN(c4ccncc4)CC3)ccc2Cl)cc1,-2.093421685162235,training
CN(C)Cc1ccccc1-c1ccc2c(c1)CCN2C(=O)c1cc(C(F)(F)F)nn1-c1ccc2onc(N)c2c1,-1.2787536009528289,training
N=C(N)c1cccc(Cn2c(C(=O)NCc3cccc4ccccc34)cc3c(O)cccc32)c1,-1.8325089127062364,training
COc1ccc(-n2nc(C(N)=O)c3ncn(-c4ccc(-c5ccccc5S(N)(=O)=O)cc4F)c(=O)c32)cc1,-0.0791812460476248,training
CCc1nc2cc(OC3CCN(C(C)=N)CC3)ccc2n1Cc1cccc(-c2cccc(C(=N)N)c2)c1,0.3372421683184259,training
CCN(CC)C(=O)c1ccc2cc1CN(C)C(=O)[C@H](Nc1ccc3c(N)nccc3c1)c1ccc(c(C)c1)[C@@H](C)COC(=O)N2,-3.633468455579586,training
N=C(N)c1cccc(-n2nc(C(F)(F)F)cc2C(=O)Nc2ccc(-n3cnc4ncccc43)cc2F)c1,1.6989700043360187,training
COC(=O)C(Cc1cccc(C(=N)N)c1)NC(=O)CNS(=O)(=O)c1ccc(C)cc1,-3.255272505103306,training
COc1ccc2ccc(S(=O)(=O)N[C@H]3CCN(Cc4coc(C(=N)N)c4)C3=O)cc2c1,-2.255272505103306,training
N=C(N)c1cccc(-n2nc(C(F)(F)F)cc2C(=O)Nc2ccc(-n3cnc4cnccc43)cc2F)c1,1.5228787452803376,training
COc1ccc(-c2cccc(S(=O)(=O)N[C@@H](Cc3cccc(C(=N)N)c3)C(=O)N3CCC(CCN)CC3)c2)c(OC)c1,-2.041392685158225,training
O=C(Nc1ccc(Cl)cn1)c1ccccc1NCc1ccc(-n2ccccc2=O)cc1,-0.041392685158225,training
COc1cc(C(Nc2ccc(C(=N)N)cc2)C(=O)NCc2ccccc2)ccc1OCc1ccccc1,-3.724275869600789,training
Nc1noc2ccc(-n3nc(C(F)(F)F)c4c3C(=O)N(c3ccc(-c5ccccc5CN5CCCC5)cc3)CC4)cc12,0.8239087409443188,training
N=C(N)c1cccc(CC(NS(=O)(=O)c2cccc(-c3ccc(Cl)cc3)c2)C(=O)N2CCC(CCN)CC2)c1,-2.959041392321093,training
CNc1ccc(C(=O)NCC2CCN(c3ccncc3)CC2)cc1OCCc1ccc(Cl)cc1Cl,-1.6812412373755872,training
CCc1ccc(S(=O)(=O)NC2CCCN(c3ccc(-c4ccccc4S(C)(=O)=O)cc3F)C2=O)cc1,-1.8920946026904804,training
O=C(Nc1ccc(Cl)cc1)c1cc(Cl)ccc1NC(=O)c1scc(CNCCOCCO)c1Cl,-0.5314789170422551,training
CCOC(=O)C(=O)N(Cc1ccc(F)cc1)c1ccc2c(c1)OC(C)(COc1ccc(C(=N)N)cc1)CN2C,-3.45178643552429,training
N=C(N)c1ccc2[nH]c(-c3cc(C(=O)O)cc(Br)c3O)c(Cc3ccccc3)c2c1,-0.6020599913279624,training
CS(=O)(=O)N1C[C@H](C(=O)Nc2ccc(Cl)cc2)[C@@H](C(=O)Nc2ccc(-n3ncccc3=O)cc2F)C1,-3.250175948083925,training
CCOC(=O)[C@]1(C)CCC[C@]2(C)[C@@H]1CC[C@@]13C/C(=N\OC/C=C/c4ccc(F)cc4)[C@@](C)(CC[C@@H]21)C3,-3.79021477024398,training
O=C(OC[C@H]1O[C@@H](OC(=O)c2cc(O)c(O)c(O)c2)[C@H](OC(=O)c2cc(O)c(O)c(O)c2)[C@@H](OC(=O)c2cc(O)c(O)c(O)c2)[C@@H]1OC(=O)c1cc(O)c(O)c(O)c1)c1cc(O)c(O)c(O)c1,-2.7558748556724915,training
COc1ccc(-n2nc(Cn3ccnn3)c3c2C(=O)N(c2ccc(-c4ccccc4CN4CC[C@@H](O)C4)cc2)CC3)cc1,0.1739251972991735,training
C[C@@H](C(=O)N1CCOCC1)N1CC[C@H](NS(=O)(=O)c2cc3ccc(Cl)cc3s2)C1=O,-1.1760912590556811,training
N=C(N)c1ccc(-n2ccc3ccc(NCc4ccc5ccc(C(=N)N)cc5c4)cc32)cc1,-1.4771212547196624,training
CCc1nc2cc(OC3CCN(C(C)=N)CC3)ccc2n1C/C(C)=C/c1cccc(N)c1,0.5086383061657274,training
Cc1ncc2n1C(=O)N(C1CCN(C(=O)CCS(=O)(=O)c3ccc4cc(Cl)ccc4c3)CC1)C2,-0.3010299956639812,training
CC[C@H](C)[C@H](NS(=O)(=O)Cc1ccccc1C(=O)O)C(=O)N[C@@H](CCC(N)=O)C(=O)NCc1ccc(C(=N)N)cc1,-3.4955443375464483,training
CC(C)c1ccc(CCNS(=O)(=O)c2cc(C(=N)N)ccc2O)cc1,-1.462397997898956,training
Cc1cc(C)c(C2=NOC(C(=O)Nc3ccc(-c4ccccc4S(N)(=O)=O)cc3)C2)cc1C,-4.414973347970818,training
CN1CCN(Cc2ccccc2-c2ccc(N3CCc4c(C(F)(F)F)nn(-c5ccc6onc(N)c6c5)c4C3=O)cc2)CC1,0.1487416512809247,training
COc1ccc(CNC(=O)c2cc3c(O)cccc3n2Cc2cccc(C(=N)N)c2)cc1,-3.133538908370217,training
Cc1c(F)c(Oc2cccc(C(=N)N)c2)nc(Oc2cccc(C(=O)N3CCOCC3)c2)c1F,-3.146128035678238,training
COc1cc(Cl)cc(C(=O)Nc2ccc(Cl)cn2)c1NC(=O)c1scc(CN(C)S(C)(=O)=O)c1Cl,1.3467874862246565,training
CCOC(=O)CC(CCc1ccc(C(=N)N)cc1)c1cccc(C(=N)N)c1,-1.6232492903979006,training
N=C(N)c1cccc(C(=O)N[C@@H](C(=O)N2CCN(c3ccccc3)CC2)c2ccccc2)c1,-1.2041199826559248,training
CCN(CC)Cc1ccccc1-c1ccc(N2CCc3c(C(N)=O)nn(-c4ccc(OC)cc4)c3C2=O)cc1,1.0969100130080565,training
CC1CCN(C(=O)N(Cc2cccc(C(=N)N)c2)NS(=O)(=O)c2ccc3ccccc3c2)CC1,-3.724275869600789,training
N=C(N)c1ccc(CNC(=O)c2cn(Cc3cccc(C(=N)N)c3)c3ccccc23)cc1,-3.0484418035504044,training
N=C(N)c1cccc(Cn2c(C(=O)NCc3cccc(C(=O)O)c3)cc3c(O)cccc32)c1,-4.0,training
Cn1ccnc1-c1ccc(N2CCC(NS(=O)(=O)c3ccc4cc(Cl)ccc4c3)C2=O)c(F)c1,-0.041392685158225,training
CCCCS(=O)(=O)N[C@H](Cc1ccccc1)C(=O)N1CCC[C@H]1C(=O)N[C@@H](CCCn1ccnc1[N+](=O)[O-])B1O[C@@H]2CC3CC(C3(C)C)[C@]2(C)O1,-3.778151250383644,training
C[C@@H](C(=O)N(CCC#N)CC1CC1)N1CC[C@H](NS(=O)(=O)c2ccc3cc(Cl)ccc3c2)C1=O,-0.4771212547196624,training
CS(=O)(=O)c1cc(F)ccc1N1CCN(C(=O)[C@H](NC(=O)c2ccc(Cl)c(N)c2)c2ccccc2)CC1,-0.3010299956639812,training
COc1ccc(-n2nc(C(F)(F)F)c3c2C(=O)N(c2ccc(-c4ccccc4CNC(C)C)cc2)CC3)cc1,-0.146128035678238,training
O=C(Nc1c(O)cc(Cl)cc1C(=O)Nc1ccc(Cl)cn1)c1ccc(N2CCCCC2=O)cc1,1.3279021420642825,training
N=C(N)c1ccc(CNC(=O)[C@H](CCC2CCNCC2)NC(=O)[C@@H](CCCC2CCNCC2)NS(=O)(=O)Cc2ccccc2)cc1,-2.4771212547196626,training
COc1ccc(-n2nc(C(F)(F)F)c3c2C(=O)N(c2ccc(C4(CN5CCC(O)CC5)CC4)cc2)CC3)cc1,0.8538719643217619,training
CC(=N)N1CCC(Oc2ccc(NCc3cccc(-c4cccc(C(=N)N)c4)c3)cc2[N+](=O)[O-])CC1,0.7695510786217261,training
COc1ccc(NC2CCCN(c3ccc(-c4ccccc4S(C)(=O)=O)cc3F)C2=O)cc1,-2.6532125137753435,training
Cc1c(C)c(S(=O)(=O)N[C@@H](Cc2cccc(C(=N)N)c2)C(=O)N2CCC(C)CC2)c(C)c2c1OC(C)(C)CC2,-4.90300002443031,training
N=C(N)c1ccc2[nH]c(-c3cc([N+](=O)[O-])cc(-c4ccccc4)c3O)cc2c1,-1.146128035678238,training
O=C(Nc1cccc(OCc2ccc(Br)cc2)c1)C1CCN(c2ccncc2)CC1,-4.569373909615046,training
Nc1noc2ccc(-n3nnnc3C(=O)Nc3ccc(-c4ccccc4S(N)(=O)=O)cc3)cc12,0.0087739243075051,training
CCOC(=O)C(=O)N(Cc1ccc(F)cc1)c1ccc2c(c1)N(C)CC(C)(COc1ccc(C(=N)N)cc1)O2,-3.739572344450092,training
Cc1cccc2c1cc(C(=O)NC1CCN(C(C)C)CC1)n2Cc1cc(-c2ccc(Cl)s2)on1,-0.4771212547196624,training
Nc1noc2ccc(-n3nc(C(F)(F)F)cc3C(=O)Cc3ccc(-c4ccccc4S(N)(=O)=O)cc3F)cc12,0.7958800173440752,training
Cc1ccc(C(=N)N)cc1Oc1nc(Oc2cccc(N(C)C)c2)c(F)c(C)c1F,-3.0791812460476247,training
CC(C)(C)Nc1nc(Cl)c2n(c1=O)[C@H](C(=O)NCc1ccc(C(=N)N)cc1)CC2(C)C,-3.4471580313422194,training
CCOc1cc(C(Nc2ccc3cnccc3c2)C(=O)NS(=O)(=O)c2ccccc2)ccc1OC(C)C,-3.7323937598229686,training
N=C(N)c1ccc(CNC(=O)CNS(=O)(=O)c2ccc3ccccc3c2)cc1,-4.02530586526477,training
COc1ccc(-n2nc(C(=O)O)c3ncn(-c4ccc(-c5ccccc5S(N)(=O)=O)cc4)c(=O)c32)cc1,-1.57978359661681,training
Cc1cc2ccc1[C@@H](C)COC(=O)Nc1ccc(C3(C(=O)O)CCCC3)c(c1)CN(C)C(=O)[C@@H]2Nc1ccc2c(N)ncc(F)c2c1,-3.255272505103306,training
CCOC(=O)c1nn(-c2ccc(OC)cc2)c2c(=O)n(-c3ccc(-c4ccccc4CN4CCCC4)cc3F)cnc12,-0.5563025007672873,training
COC(=O)[C@H]1Cc2ccccc2CN1C(=O)[C@H](Cc1cccc(C(=N)N)c1)NS(=O)(=O)c1ccc2ccccc2c1,-4.430999930383026,training
CC(C)N(CCO)C(=O)[C@H](C)N1CC[C@H](N(CC(N)=O)S(=O)(=O)c2ccc3cc(Cl)ccc3c2)C1=O,-0.0,training
O=C(N[C@H]1CN(C(=O)N2CCCC2)C[C@H]1NC(=O)c1ccc(Cl)s1)c1ccc(-n2ccccc2=O)cc1,-0.2304489213782739,training
N=C(N)c1ccc2[nH]c(-c3cc(CCCC(=O)O)cc(Br)c3O)c(Cc3ccccc3)c2c1,0.1549019599857432,training
N=C(N)c1ccc2[nH]c(-c3cccc(-c4cc(CNC(N)=O)ccc4O)c3O)nc2c1,-3.431363764158988,training
COc1cc(Cl)cc(C(=O)Nc2ccc(Cl)cn2)c1NC(=O)c1scc(Cn2ccnc2)c1Cl,1.6575773191777938,training
COc1ccc(-n2nc(C(F)(F)F)c3c2C(=O)N(c2ccc(C4(C5=NCCN5C)CC4)cc2)CC3)cc1,0.7958800173440752,training
COc1cccc(COc2cccc(-c3ccc4sc(C(=N)N)cc4c3)c2)c1,-3.633468455579586,training
COC(=O)[C@H](Cc1cccc(C(=N)N)c1)[C@@H](C)NC(=O)c1ccc(-c2cccc[n+]2C)cc1,-0.0791812460476248,training
N=C(N)c1cc2cc(-c3cccc(-c4ccccc4)c3O)[nH]c2cc1F,-3.113943352306837,training
NC(=O)Nc1ccc(C(=O)NCC2CCN(c3ccncc3)CC2)cc1OCCc1ccc(Cl)cc1Cl,-3.246252312299322,training
COc1ccc(-n2nc(C)cc2C(=O)Nc2ccc(-c3ccccc3S(N)(=O)=O)cc2)cc1,-1.041392685158225,training
CC(C)C(=O)N1C[C@H](NC(=O)c2ccc(-n3ccccc3=O)cc2)[C@H](NC(=O)c2ccc(Cl)s2)C1,-0.1139433523068367,training
COc1ccc(-n2nc(Cn3ccnc3)c3nc(C)n(-c4ccc(-c5ccccc5CN5CCCC5)cc4)c(=O)c32)cc1,-0.3222192947339193,training
N=C(N)c1cccc(C[C@H](NS(=O)(=O)c2cccc(-c3ccc(N)nc3)c2)C(=O)N2CCC(CCN)CC2)c1,-2.397940008672037,training
N=C(N)c1ccc(-n2c3ccccc3c3ccc(OCc4ccc5ccc(C(=N)N)cc5c4)cc32)cc1,-1.7781512503836436,training
Nc1cc(-n2nnnc2C(=O)Nc2ccc(C(=O)N3CCCC3)cc2F)ccc1Cl,-0.4771212547196624,training
Cc1cc2cc(NC(=N/[C@H]3CCCCN(CC(=O)N4CCCC4)C3=O)/C(C#N)=C(\O)OCCCCO)ccc2o1,-1.0791812460476249,training
COc1ccc(-n2nc(C#N)c3ncn(-c4ccc(-c5ccccc5CN5CCCC5)cc4)c(=O)c32)cc1,-0.2304489213782739,training
COC(=O)Nc1ccc(-c2cc([C@H](Cc3ccccc3)NC(=O)/C=C/c3cc(Cl)ccc3-n3cnnn3)nnc2Cl)cc1,-2.3010299956639813,training
Cc1cccc(C(=O)Nc2ccc(Cl)cc2)c1NC(=O)c1sc2ccccc2c1Cl,-1.7634279935629371,training
COc1ccc(-n2nc(C(F)(F)F)c3c(C)nn(-c4ccc(-c5ccccc5S(N)(=O)=O)cc4)c(=O)c32)cc1,-0.4471580313422192,training
CC(C)N(CCO)C(=O)[C@H](C)N1CC[C@H](NS(=O)(=O)c2ccc3cc(Cl)ccc3c2)C1=O,-0.7781512503836436,training
N=C(N)c1ccc2[nH]cc(CC(=O)Nc3ccc(-c4ccccc4S(N)(=O)=O)cc3)c2c1,-0.4232458739368079,training
COC(=O)CC(CCCCc1ccc(NC(=N)N)cc1)c1cccc(C(=N)N)c1,-1.7558748556724917,training
N=C(N)c1ccc2[nH]cc(CC(=O)Nc3ccc(-c4ccccc4S(N)(=O)=O)cc3I)c2c1,0.2218487496163563,training
Cc1cc(N)nc(C)c1CNC(=O)[C@@H]1CCCN1C(=O)[C@@H](Cc1ccc(Cl)c(Cl)c1)NS(=O)(=O)Cc1ccccc1,-4.7160033436348,training
O=C(NCC1CCN(c2ccncc2)CC1)c1ccc(F)c(OCCc2ccc(Br)cc2)c1,-1.8512583487190752,training
CCCCc1nc2ccc(OC3CCN(C(C)=N)CC3)cc2n1Cc1ccc2ccc(C(=N)N)cc2c1,0.638272163982407,training
N=C(N)c1ccc2c(c1)ncn2CC(=O)c1ccc(-c2ccccc2)cc1,-3.431363764158988,training
Cc1ccc(S(=O)(=O)N[C@@H](Cc2cccc(C(=N)N)c2)C(=O)N2CCC(C)CC2)cc1,-4.85100001960789,training
CC(C)N(Cc1ccccc1)C(=O)[C@H](C)N1CC[C@H](NS(=O)(=O)c2ccc3cc(Cl)ccc3c2)C1=O,-1.380211241711606,training
COc1ccc2c(cc(C(=O)NCc3ccncc3)n2Cc2cccc(C(=N)N)c2)c1OC,-3.725094521081469,training
Cc1cc(C(=O)Nc2ccc(N3CCCCC3=O)cc2)n(-c2ccc3cc(Cl)ccc3c2)n1,-0.041392685158225,training
CCOC(=O)N1C[C@H](NC(=O)c2ccc(-n3ccccc3=O)cc2)[C@H](NC(=O)c2ccc3c(Cl)c[nH]c3c2)C1,-0.4471580313422192,training
CC(C)Oc1c(O)c(C(=O)Nc2ccc(N=C(N)N)nc2)cc2cc3ccccc3cc12,-4.944482672150168,training
COc1cc(CNc2ccc(C(=N)N)cc2)ccc1OCc1ccccc1,-3.0791812460476247,training
N=C(N)c1ccc(O)c(/C=C/CNC(=O)c2cc3nnc(O)cc3s2)c1,-2.2648178230095364,training
N=C(N)c1cc2c(OC(COC(=O)Nc3ccccc3F)c3ccccc3)cccc2s1,-2.740362689494244,training
CC(C)Oc1ccc(C(=O)NCC2CCN(c3ccncc3)CC2)cc1OCCc1ccc(Cl)cc1Cl,-2.367355921026019,training
Cc1cc(C(=O)Nc2ccc(-n3cnc4ccccc43)cc2)n(-c2cccc(C(=N)N)c2)n1,0.4202164033831898,training
COC(=O)C(Oc1cccc(-c2ccc3sc(C(=N)N)cc3c2)c1)c1ccc(F)cc1,-1.6434526764861874,training
CCCCCCCCCCC1=NOC(C(=O)Nc2ccc(-c3ccccc3S(N)(=O)=O)cc2)C1,-4.230448921378274,training
CS(=O)(=O)c1ccccc1N1CCC(NC(=O)c2cc(C(F)(F)F)nn2-c2ccccc2CN)CC1,-0.380211241711606,training
N=C(N)c1ccc2[nH]c(-c3cc(CCOP(=O)(O)O)cc(Br)c3O)c(Cc3ccccc3)c2c1,0.3010299956639812,training
CC(C)N1CCC(C(=O)Nc2c(OCCCO[C@@H]3O[C@H](CO)[C@@H](O)[C@H](O)[C@H]3O)cccc2OCc2cc(-c3ccc(Cl)s3)on2)CC1,0.3187587626244128,training
CSc1ccc(C(=O)NCC2CCN(c3ccncc3)CC2)cc1OCCc1ccc(Cl)cc1Cl,-1.4471580313422192,training
COc1ccc(-n2nc(-n3cnnn3)c3c2C(=O)N(c2ccc(-c4ccccc4CN4CC[C@@H](O)C4)cc2)CC3)cc1,-0.3617278360175928,training
N=C(N)c1cc2cc(-c3cccc(OCc4ccc(F)c(F)c4)c3)ccc2s1,-3.755874855672492,training
COc1ccc(-n2nc(Cn3nccn3)c3c2C(=O)N(c2ccc(-c4ccccc4CN4CC[C@@H](O)C4)cc2)CC3)cc1,0.3187587626244128,training
Nc1noc2ccc(-n3nc(C(F)(F)F)cc3C(=O)Cc3ccc(-c4ccccc4CN4CCCC4)cc3)cc12,0.494850021680094,training
N=C(N)c1cccc(Cn2c(C(=O)NCc3ccccc3Cl)cc3c(O)cccc32)c1,-3.0791812460476247,training
N=C(N)c1ccc2c(c1)[C@@H](c1ccccc1)C[C@@H](c1cccc(-c3ccc(C(=O)O)cc3C(=O)O)c1)N2,-2.113943352306837,training
Cc1cc(C(=O)Nc2ccc(N3CCOCC3=O)cc2)n(-c2ccc3cc(Cl)ccc3c2)n1,0.5228787452803376,training
N=C(N)c1cccc(Oc2ccc(C(N)=O)c(Oc3cccc(C(=N)N)c3)n2)c1,-2.7781512503836434,training
COc1cccc2c1cc(C(=O)NCc1ccc(C(=N)N)cc1)n2Cc1cccc(C(=N)N)c1,-2.1172712956557644,training
NS(=O)(=O)c1ccccc1-c1ccc(NC(=O)C2CC(c3ccc(-c4ccccc4)cc3)=NO2)cc1,-3.041392685158225,training
Cc1cnc(NCC(F)(F)c2ccccc2)c(=O)n1CC(=O)NCCONC(=N)N,-3.5185139398778875,training
Nc1noc2ccc(-n3nc(C(F)(F)F)cc3C(=O)Nc3ccc(-n4ccnc4CO)cc3F)cc12,-0.0,training
CC(C)NCc1ccccc1-c1ccc(NC(=O)c2cc(C(F)(F)F)nn2-c2ccc3onc(N)c3c2)c(F)c1,0.4685210829577448,training
COc1ccc(-n2nc(C(N)=O)c3c2C(=O)N(c2ccc(C4(N(C)C)CC4)cc2)CC3)cc1,1.3665315444204136,training
O=C1[C@@H](NS(=O)(=O)c2ccc3cc(Cl)ccc3c2)CCN1c1ccc2c(c1F)CCNC2,-0.1139433523068367,training
N=C(N)c1cccc(CN2CC[C@H](NS(=O)(=O)c3cc4ncccc4s3)C2=O)c1,-1.414973347970818,training
CS(=O)(=O)c1ccccc1-c1ccc(N2CCCC(NS(=O)(=O)c3ccc(C#N)cc3)C2=O)c(F)c1,-2.6232492903979003,training
Cc1cc2ccc1[C@@H](C)COC(=O)Nc1ccc(C3(C(=O)O)CCOCC3)c(c1)CN(C)C(=O)[C@@H]2Nc1ccc2c(N)ncc(F)c2c1,-3.146128035678238,training
CN(C)Cc1nccn1-c1ccc(N2CCC(NS(=O)(=O)c3ccc4[nH]cc(Cl)c4c3)C2=O)c(F)c1,-0.7708520116421442,training
CC(C)c1ccc(CCNS(=O)(=O)c2cc(C(=N)N)ccc2O)c(OCC(=O)O)c1,-1.7075701760979365,training
Nc1cccc(COc2cccc(NC(=O)C3CCN(c4ccncc4)CC3)c2)c1,-4.557507201905658,training
COc1ccc(-n2nc(C(F)(F)F)c3c2C(=O)N(c2ccc(C4(c5ncc[nH]5)CC4)cc2)CC3)cc1,-0.041392685158225,training
N=C(N)NCCC[C@@H](CCl)NC(=O)[C@@H]1CCN2CC[C@@](N)(Cc3ccccc3)CN12,-2.5854607295085006,training
N=C(N)c1cccc(C[C@H](NS(=O)(=O)c2cccc(NC(=O)CCN)c2)C(=O)N2CCC(NC(N)=O)CC2)c1,-4.227886704613674,training
CC(=O)N1CCC(NC(=O)c2cc3ccccc3n2Cc2cc(-c3ccc(Cl)s3)on2)CC1,-2.8825245379548803,training
CCOC(=O)C(CCc1cccc(C(=N)N)c1)Cn1cnc2ccc(C(=N)N)cc21,-2.845098040014257,training
C[C@@H](C(=O)N1CCOCC1)N1CC[C@H](NS(=O)(=O)c2ccc(-c3ccc(Cl)s3)s2)C1=O,-0.6020599913279624,training
COc1ccc(CCN(Cc2ccc3ccc(C(=N)N)cc3c2)C(=O)c2cccc3ccccc23)cc1OC,-2.6201360549737576,training
Cc1c(F)c(Oc2cccc(OC(C)C)c2)nc(Oc2cccc(C(=N)N)c2)c1F,-2.792391689498254,training
CC(C)N(CCC#N)C(=O)[C@H](C)N1CC[C@H](NS(=O)(=O)c2ccc3cc(Cl)ccc3c2)C1=O,-0.6989700043360189,training
O=C(Nc1cccc(OCCc2cccc(F)c2)c1)C1CCN(c2ccncc2)CC1,-3.330413773349191,training
CNCc1ccccc1-c1ccc(NC(=O)c2cc(C(F)(F)F)nn2-c2ccc3onc(N)c3c2)c(F)c1,0.5686362358410126,training
CCc1nc2c(N(C)C)c(OC3CCN(C(C)=N)CC3)ccc2n1Cc1ccc2ccc(C(=N)N)cc2c1,-0.6989700043360189,training
COc1ccc(C(=O)NCC2CC(c3cc[n+]([O-])cc3)=NO2)cc1OCCc1ccc(Cl)cc1Cl,-2.9822712330395684,training
O=C(CN1CCN(S(=O)(=O)c2cc3ccc(Cl)cc3s2)CC1=O)NCCc1c[nH]cn1,-1.3222192947339193,training
COC(=O)C(=O)NC(CCc1cccc[n+]1[O-])C(=O)NCC(=O)NCc1cc(Cl)ccc1CN,-0.6901960800285137,training
C[C@@H](C(=O)N1CCOCC1)N1CC[C@H](NS(=O)(=O)CCc2ccc(Cl)s2)C1=O,-2.187520720836463,training
NCc1ccc(Cl)cc1CNC(=O)CNC(=O)C(CCc1cccc[n+]1[O-])NS(=O)(=O)Cc1ccc(CC(=O)O)cc1,0.4436974992327127,training
CCOC(=O)[C@]1(C)CCC[C@]2(C)[C@@H]1CC[C@@]13C/C(=N\OCc4cnc(Cl)s4)[C@@](C)(CC[C@@H]21)C3,-3.2880255353883627,training
Nc1ccc(C(=O)NCC2CCN(c3ccncc3)CC2)cc1OCCc1ccc(Cl)cc1Cl,-1.462397997898956,training
COC(=O)CN(C1CCCN(c2ccc(-c3ccccc3S(C)(=O)=O)cc2F)C1=O)S(=O)(=O)c1ccc2cc(Cl)ccc2c1,0.0555173278498313,training
COc1cc(Cl)cc(C(=O)Nc2ccc(Cl)cn2)c1NC(=O)c1scc(CN(C)C(=O)NCCN2CCCC2)c1Cl,1.4436974992327127,training
Cc1nn(-c2ccc3onc(N)c3c2)c2c1CCN(c1ccc(-c3ccccc3CN(C)C)cc1)C2=O,0.2596373105057561,training
Cc1cc(C(=O)Nc2ccc(-c3ccccc3S(C)(=O)=O)cc2)n(-c2cccc(CN)c2)n1,-2.949390006644913,training
O=C(Nc1cccc(OCc2ccc(-c3ccc(C(F)(F)F)cc3)cc2)c1)C1CCNCC1,-1.7558748556724917,training
COc1ccc(-n2nc(C(F)(F)F)cc2C(=O)Nc2ccc(-c3ccccc3S(N)(=O)=O)cc2)cc1,-0.5440680443502757,training
CN(C)C(=N)c1ccccc1-c1ccc(C(=O)Nc2ccc(Cl)cc2C(=O)Nc2ccc(Cl)cn2)cc1,1.0,training
CC(C)c1ccc(CCN(C)S(=O)(=O)c2cc(C(=N)N)ccc2O)cc1,-1.7708520116421442,training
O=C(NC1CCN(C2CCCC2)CC1)c1cc2ccccc2n1Cc1cc(-c2ccc(Cl)s2)on1,-1.8512583487190752,training
CN(C)c1ccccc1-c1ccc(C(=O)Nc2ccc(Cl)cc2C(=O)Nc2ccc(Cl)cn2)cc1,1.0,training
Nc1cc(-n2nnnc2C(=O)Nc2ccc(-c3ccccc3S(N)(=O)=O)cc2Cl)ccc1Cl,-0.5185139398778874,training
CCOc1cc(C(Nc2ccc3c(N)nccc3c2)C(=O)NS(=O)(=O)c2ccc(C)cc2)ccc1OC(C)C,-3.484299839346786,training
COC(=O)[C@H]1C[C@H](C)CCN1C(=O)[C@H](Cc1cccc(C(=N)N)c1)NS(=O)(=O)c1ccc2ccccc2c1,-4.7630000026781305,training
COc1cc(C(=O)N2CCN(Cc3ccncc3)CC2)cc(OCCc2ccc(Cl)cc2Cl)c1OC,-2.222716471147584,training
Cc1ccc2c(c1)cc(C(=O)NC1CCN(C(C)C)CC1)n2Cc1cc(-c2ccc(Cl)s2)on1,-0.9542425094393248,training
Cc1cccc2c1cc(C(=O)NCC1CCC(C(=N)N)CC1)n2Cc1cccc(C(=N)N)c1,-1.6532125137753435,training
COc1ccc(C(=O)NC2CCN(C3CCOCC3)CC2)cc1OCCc1ccc(Cl)cc1Cl,-3.401055725771844,training
N=C(N)c1cccc(CNC(=O)c2cc3ccccc3n2Cc2cccc(C(=N)N)c2)c1,-1.3521825181113625,training
Nc1ncnc2cc(CN3CCN(Cc4nc5cc(Cl)ccc5o4)CC3=O)ccc12,-3.0791812460476247,training
N=C(N)c1ccc2[nH]cc(C(Cc3cccnc3)C(=O)Nc3ccc(-n4cnc5ccccc54)cc3)c2c1,-0.8450980400142568,training
CC(C)N(CCc1ccccn1)C(=O)[C@H](C)N1CC[C@H](NS(=O)(=O)c2ccc3cc(Cl)ccc3c2)C1=O,-1.1139433523068367,training
N=C(N)c1cc2ccc(OCc3cccs3)cc2s1,-3.060697840353612,training
NS(=O)(=O)N1C[C@H](C(=O)Nc2ccc(Cl)cc2)[C@@H](C(=O)Nc2ccc(-n3ccccc3=O)cc2F)C1,-1.0,training
CN1CCc2nc(C(=O)N[C@@H]3C[C@@H](C(=O)N(C)C)CC[C@@H]3NC(=O)c3cc4cc(Cl)ccc4[nH]3)sc2C1,-0.4548448600085102,training
O=C(Nc1ccc(Cl)cc1)c1cc(Cl)ccc1NC(=O)c1scc(Cn2ccnn2)c1Cl,-0.146128035678238,training
COc1ccc(-n2nc(C(N)=O)c3ncn(-c4ccc(-c5ccccc5CN5CCCC5)cc4F)c(=O)c32)cc1,0.1307682802690238,training
COC(=O)Nc1ccc(S(=O)(=O)C(C)C)c([C@H]2CCCN2C(=O)[C@H](Nc2ccc3c(N)nccc3c2)c2cc(OC)ccc2F)c1,-3.716003343634799,training
Cc1cc(OCc2cccc(C(=N)N)c2)cc(OS(=O)(=O)c2ccccc2Cl)c1,-3.431363764158988,training
C[C@@H](C(=O)N1CCOCC1)N1CC[C@H](N(C)S(=O)(=O)c2ccc3cc(Cl)ccc3c2)C1=O,-1.0,training
Cc1c(F)c(Oc2cccc(F)c2)nc(Oc2cccc(C(=N)N)c2)c1F,-3.505149978319906,training
N=C(N)c1cccc(C(=O)N[C@@H](C(=O)N2CCC(Cc3ccccc3)CC2)c2ccccc2)c1,-1.4771212547196624,training
COC(=O)c1cccc(CS(=O)(=O)N[C@H](CCCc2ccccc2)C(=O)N[C@@H](CCC2CCNCC2)C(=O)NCc2ccc(C(=N)N)cc2)c1,-3.770852011642144,training
CCOc1cc(C(Nc2ccc(C(=N)N)cc2)C(=O)O)ccc1OCc1ccccc1,-2.8976270912904414,training
Cc1ccc(NS(=O)(=O)Cc2ccccc2F)c(=O)n1CC(=O)N[C@H](CCCN=C(N)N)C(=O)O,-2.82865989653532,training
COc1ccc(-n2nc(S(C)(=O)=O)c3c2C(=O)N(c2ccc(C(C)(C)CN4CCOCC4)cc2)CC3)cc1,0.494850021680094,training
Cc1cc(C(=O)Nc2ccc(C3=NCCN3C)cc2F)n(-c2cc3ccccc3cc2S(C)(=O)=O)n1,-0.5910646070264992,training
Cc1sc(C(=O)Nc2ccc(Cl)cc2C(=O)Nc2ccc(Cl)cc2)c(Cl)c1CN1CCN(C)CC1,-1.0791812460476249,training
CC(C(=O)c1cc(C(F)(F)F)nn1-c1ccc2onc(N)c2c1)c1ccc(-c2ccccc2S(N)(=O)=O)cc1,-1.3424226808222062,training
Cc1c(F)c(Oc2cccc(NC(N)=O)c2)nc(Oc2cccc(C(=N)N)c2)c1F,-3.6020599913279625,training
N=C(N)c1ccc(CNC(=O)[C@@H]2Cc3ccc(cc3)CNC(=O)Cc3cccc(c3)CC(=O)NCc3ccc(cc3)C[C@@H](NS(=O)(=O)Cc3ccccc3)C(=O)N2)cc1,-3.755874855672492,training
CS(=O)(=O)c1ccccc1-c1ccc(NC(=O)c2cc(C(F)(F)F)nn2-c2ccccc2CN)c(F)c1,0.3372421683184259,training
Cc1cc(C(=O)Nc2ccc(-c3ccccc3S(N)(=O)=O)cc2)n(-c2cccc(C(=N)NO)c2)n1,-1.2787536009528289,training
Nc1cc(C2=NOC(Cn3cccn3)(C(=O)Nc3ccc(-c4ccccc4S(N)(=O)=O)cn3)C2)ccc1Cl,-1.1613680022349748,training
Cc1ccc2cc(C(=O)NC3CCN(C(C)C)CC3)n(Cc3cc(-c4ccc(Cl)s4)on3)c2c1,-1.255272505103306,training
Cc1c(F)c(Oc2cccc(C(=N)N)c2)nc(Oc2cc(N(C)C)ccc2C(=O)O)c1F,-3.380211241711606,training
CS(=O)(=O)N1C[C@H](C(=O)Nc2ccc(Cl)cc2)[C@@H](C(=O)Nc2ccc(N3CCCCC3=O)cc2F)C1,-2.093421685162235,training
N=C(N)c1ccc(CNC(=O)[C@H](CCC2CCNCC2)NC(=O)[C@@H](CCCc2ccncc2)NS(=O)(=O)Cc2ccccc2)cc1,-2.929418925714293,training
C[N+](C)(C)c1ccc(CNC(=O)c2cn(Cc3cccc(C(=N)N)c3)c3ccccc23)cc1,-3.2600713879850747,training
CCc1nc2ccc(OC3CCN(C(C)=N)CC3)cc2n1C/C=C/c1cc(N)ccc1OC,-1.1139433523068367,training
CC(C)N(CCN1CCCCC1)C(=O)[C@H](C)N1CC[C@H](N(CC(N)=O)S(=O)(=O)c2ccc3cc(Cl)ccc3c2)C1=O,-0.0,training
COc1ccc(-n2nc(C(F)(F)F)c3c2C(=O)N(c2ccc(C4(N(C)CC(N)=O)CC4)cc2)CC3)cc1,0.8538719643217619,training
CS(=O)(=O)c1ccccc1-c1ccc(NC(=O)[C@H]2CN(S(C)(=O)=O)C[C@@H]2C(=O)Nc2ccc(Cl)cc2)nc1,-1.6232492903979006,training
N=C(N)c1ccc2[nH]cc(C(Cc3ccccc3)C(=O)Nc3ccc(-n4cnc(-c5ccccc5)c4)cc3)c2c1,-1.8976270912904407,training
N=C(N)c1ccc(F)c(CN2CC[C@H](NS(=O)(=O)c3ccc(-c4cccnc4)s3)C2=O)c1,-2.113943352306837,training
COc1cc(Cl)cc(C(=O)Nc2ccc(Cl)cn2)c1NC(=O)c1scc(CN(C)C(=O)NCCO)c1Cl,1.3010299956639813,training
CC(=N)N1CCC(Oc2ccc(NC/C=C/c3cccc(C(=N)N)c3)cc2[N+](=O)[O-])CC1,0.5686362358410126,training
COc1ccc(C(=N)N)cc1S(=O)(=O)NCCc1ccc(C(C)C)cc1,-4.146128035678238,training
CS(=O)(=O)c1ccccc1-c1ccc(NC(=O)c2cc(C(F)(F)F)nn2-c2cccc(CN)c2)cc1,-2.57978359661681,training
CCN(Cc1csc(C(=O)Nc2c(OC)cc(Cl)cc2C(=O)Nc2ccc(Cl)cn2)c1Cl)C1=NCCO1,1.9208187539523751,training
NS(=O)(=O)c1ccccc1-c1ccc(NC(=O)C2CC(c3ccc(Cl)cc3Cl)=NO2)cc1,-3.230448921378274,training
COc1ccc(CCOc2cc(C(=O)NCC3CCN(c4ccncc4)CC3)ccc2F)cc1,-2.4871383754771865,training
N=C(N)NCCCC1CCN(C(=O)[C@H](Cc2cccc(C(=N)N)c2)NS(=O)(=O)c2ccc3ccccc3c2)CC1,-4.531478917042255,training
N=C(N)c1cccc(-c2noc(N)c2C(=O)Nc2ccc(-c3ccccc3S(N)(=O)=O)cc2)c1,-0.5314789170422551,training
CNC(=O)c1ccc(-c2cccc([C@@H]3C[C@](C)(c4ccccc4)c4cc(C(=N)N)ccc4N3)c2)c(C(=O)O)c1,-3.612783856719736,training
CS(=O)(=O)c1ccccc1-c1ccc(N2CCc3c(C(F)(F)F)nn(-c4cccc(-c5n[nH]c(=O)[nH]5)c4)c3C2=O)cc1,-0.3424226808222063,training
N=C(N)c1ccc(CC(=O)CN2CCCC[C@H](NS(=O)(=O)c3ccc4c(c3)CCO4)C2=O)s1,-1.7218106152125463,training
CCCN1CC2SC(C(=O)Nc3ccc(Cl)cc3C(=O)Nc3ccc(Cl)cc3)=C(Cl)C2C1,-0.3424226808222063,training
NCc1ccc(Cl)cc1CNC(=O)[C@H](CCC(=O)O)NC(=O)C(CCc1cccc[n+]1[O-])NS(=O)(=O)Cc1ccccc1,0.2839966563652008,training
N#Cc1ccc(CCOc2cc(C(=O)NCC3CCN(c4ccncc4)CC3)ccc2Cl)cc1,-3.1908917169221698,training
Cc1ccc(NS(=O)(=O)Cc2ccc(F)cc2Cl)c(=O)n1CC(=O)NCC1CCc2n[nH]cc2C1,-4.8750612633917,training
COc1cc(OCCc2ccc(Cl)cc2Cl)cc(C(=O)NCC2CCN(c3ccncc3)CC2)c1,-2.096910013008056,training
N=C(N)c1cccc(-n2nc(C(F)(F)F)cc2C(=O)Nc2ccc(-n3cnc4cc([N+](=O)[O-])ccc43)cc2F)c1,1.0969100130080565,training
CC1CCN(C(=O)[C@H](Cc2cccc(C(=N)N)c2)NS(=O)(=O)c2ccc3ccccc3c2)CC1,-4.612999996837996,training
CCCC1(CCC)C[C@@H](C(=O)NCc2ccc(C(=N)N)cc2)n2c1c(Cl)nc(NC1CCC1)c2=O,-2.740362689494244,training
N=C(N)c1ccc2ccc(CN(CCc3ccccn3)C(=O)c3cccc4ccccc34)cc2c1,-2.0170333392987803,training
Cc1nn(-c2ccc3onc(N)c3c2)c2c(=O)n(-c3ccc(-c4ccccc4CN(C)C)cc3)cnc12,0.2757241303992109,training
CC(Nc1ccc(Cl)cn1)c1ccccc1NC(=O)c1ccc(-n2ccccc2=O)cc1,-1.7708520116421442,training
CC(C)(CNC(=O)c1ccc(Cl)s1)NC(=O)c1ccc(-n2ccccc2=O)cc1,-0.3979400086720376,training
CC(C)CCN(Cc1ccc2ccc(C(=N)N)cc2c1)C(=O)c1ccc2ccccc2c1,-2.709269960975831,training
NC(=O)Cn1c(CN2CCN(S(=O)(=O)c3cc4ccc(Cl)cc4s3)CC2=O)cc2cnccc21,-0.9030899869919436,training
N=C(N)c1cccc(CN2CC[C@H](NS(=O)(=O)c3ccc4ncccc4c3)C2=O)c1,-2.3010299956639813,training
CN(C)Cc1nccn1-c1ccc(N2CCCC(NS(=O)(=O)c3ccc4cc(Cl)ccc4c3)C2=O)c(F)c1,-0.380211241711606,training
COC(=O)Nc1ccc(S(=O)(=O)C(C)C)c([C@H]2CCCN2C(=O)[C@H](Nc2ccc3c(N)nccc3c2)c2ccc(F)c(OC)c2)c1,-3.806179973983887,training
COc1ccc(C(=O)NCC2CCC(CN)CC2)cc1OCCc1ccc(Cl)cc1Cl,-3.970579305714851,training
N=C(N)c1ccc2ccc(CN(CCc3ccc(F)cc3)C(=O)c3cccc4ccccc34)cc2c1,-1.6020599913279625,training
C/C(=C\S(=O)(=O)NC1CCN(c2ccc(-n3ccc(CN(C)C)n3)cc2F)C1=O)c1ccc(Cl)s1,-1.167317334748176,training
N=C(N)c1ccc(CNC(=O)[C@@H]2Cc3ccc(cc3)CNC(=O)Cc3ccc(cc3)CC(=O)NCc3ccc(cc3)C[C@@H](NS(=O)(=O)Cc3ccccc3)C(=O)N2)cc1,-3.971739590887778,training
O=C(NCC1CCN(c2ccncc2)CC1)c1cccc(OCCc2ccc(Cl)cc2Cl)c1,-2.0253058652647704,training
COCC1CN(CC2CCN(Cc3ccccc3)CC2)C(=O)N(c2cccc(C(=N)N)c2)C1,-2.3010299956639813,training
CN(C)C1CCc2cc(N3CC[C@H](NS(=O)(=O)/C=C/c4ccc(Cl)s4)C3=O)ccc21,-0.6020599913279624,training
N=C(N)c1cccc(Cn2c(C(=O)NCc3cc(Cl)cc(Cl)c3)c(Br)c3ccccc32)c1,-1.9294189257142929,training
CS(=O)(=O)N1C[C@H](C(=O)Nc2ccc(Cl)cc2F)[C@@H](C(=O)Nc2ccc(-n3ccccc3=O)cc2F)C1,-2.113943352306837,training
N=C(N)c1cccc(C[C@H](NS(=O)(=O)c2ccc3ccccc3c2)C(=O)OCc2ccccc2)c1,-3.342000025137566,training
CCOC(=O)C(=O)N(Cc1ccc(F)c(F)c1)c1ccc2c(c1)OC(C)(COc1ccc(C(=N)N)cc1)CN2C,-3.204119982655925,training
N=C(N)c1cccc(CN2CC[C@H](NS(=O)(=O)c3ccc4ccc(O)cc4c3)C2=O)c1,-2.6989700043360187,training
C[C@@H](C(=O)N1CC2CCC1CC2)N1CC[C@H](NS(=O)(=O)c2ccc3cc(Cl)ccc3c2)C1=O,-0.4771212547196624,training
Nc1noc2ccc(-n3nc(C(F)(F)F)cc3C(=O)Cc3ccc(-n4ccccc4=O)cc3F)cc12,1.4814860601221125,training
CN1CCN(Cc2cc(Cl)c(C(=O)Nc3ccc(Cl)cc3C(=O)Nc3ccc(Cl)cc3)s2)CC1,-0.7481880270062005,training
O=C(CN1C[C@H](NC(=O)c2ccc(Cl)s2)C[C@H]1C(=O)NCC1CC1)Nc1ccc(-n2ccccc2=O)cc1F,-1.968482948553935,training
CC(C)c1cc(C(C)C)c(S(=O)(=O)N[C@@H](Cc2cccc(C(=N)N)c2)C(=O)N2CCC[C@H](C(=O)O)C2)c(C(C)C)c1,-4.11400014094914,training
Cc1ccc2c(c1)c(C(=O)O)c1n2C[C@@](NC(=O)c2c(Cl)cc(-n3cnnn3)cc2Cl)(c2ccccc2)CC1,-3.0224283711854865,training
Cc1cccc2c1cc(C(=O)NC1CCN(C(C)C)CC1)n2CC(=O)Nc1ccc(C(=N)N)cc1,-1.3979400086720375,training
COc1ccc(-n2nc(C(F)(F)F)c3c2C(=O)N(c2ccc(-c4ccccc4S(C)(=O)=O)cc2)CC3)cc1,0.721818215432482,training
CS(=O)(=O)c1ccccc1-c1ccc(N2CCC(NS(=O)(=O)c3cc4ccc(Cl)cc4o3)C2=O)c(F)c1,-0.041392685158225,training
O=C(Nc1cccc(OCc2ccc(-c3ccccc3F)cc2)c1)C1CCNCC1,-2.8847953639489807,training
COc1ccc(-n2nc(C(F)(F)F)c3c2C(=O)N(c2ccc(C4(C(=O)Nc5nncs5)CC4)cc2)CC3)cc1,-0.255272505103306,training
Cc1cc(C(=O)Nc2ccc(-c3ccccc3S(N)(=O)=O)cc2)n(-c2ccc3ccnc(N)c3c2)n1,0.4814860601221125,training
NCCC(=O)Nc1cccc(S(=O)(=O)N[C@@H](Cc2cccc(CN)c2)C(=O)N2CCC(CCN)CC2)c1,-4.963787827345556,training
CC(C)N(CCNS(C)(=O)=O)C(=O)[C@H](C)N1CC[C@H](NS(=O)(=O)c2ccc3cc(Cl)ccc3c2)C1=O,-0.0,training
CN(C)CCN(C)C(=O)CN(C1CCCN(c2ccc(-n3ccccc3=O)cc2F)C1=O)S(=O)(=O)c1cc2ccc(Cl)nc2s1,1.8860566476931635,training
COc1ccc(-n2nc(C(N)=O)c3c2C(=O)N(c2ccc(C(C)(C)N4CCCC4)cc2)CC3)cc1,1.154901959985743,training
N=C(N)c1cccc(C[C@H](NS(=O)(=O)c2ccc3ccccc3c2)C(=O)N2CCC[C@H]2C(=O)OCc2ccccc2)c1,-4.3010000283108445,training
NCc1ccccc1CNC(=O)CNC(=O)C(CCc1cccc[n+]1[O-])NS(=O)(=O)Cc1ccccc1,-1.505149978319906,training
CC(C)NCc1ccccc1-n1nc(C(F)(F)F)cc1C(=O)Nc1ccc(-c2ccccc2S(C)(=O)=O)cc1F,-1.57978359661681,training
N=C(N)c1ccc(CC(NC(=O)CNS(=O)(=O)c2ccc(C(=N)N)cc2)C(=O)O)cc1,-3.556302500767288,training
CC(C)N1CCC(NC(=O)c2cc3ccc(Cl)cc3n2Cc2cc(-c3ccc(Cl)s3)on2)CC1,-0.8450980400142568,training
Cc1nn(-c2ccc3onc(N)c3c2)c2c(F)c(-c3ccc(N4CCCCC4=O)cc3F)ccc12,-1.414973347970818,training
CS(=O)(=O)N1C[C@H](C(=O)Nc2ccc(Cl)cc2)[C@@H](C(=O)Nc2c(F)cc(-n3ccccc3=O)cc2F)C1,-1.4913616938342726,training
Cn1c(-c2cccc(-c3ccccc3)c2O)nc2ccc(C(=N)N)cc21,-4.477121254719663,training
CCOC(=O)CCC(=O)Nc1ccc2c(c1)OC(C)(COc1ccc(C(=N)N)cc1)CN2C,-4.873320601815399,training
COc1cc(-n2cnnc2)cc(Cl)c1C(=O)NC[C@@H](c1ccccc1)c1nc2cc(C)c(C)cc2[nH]1,-2.3891660843645326,training
N=C(N)NCCC[C@@H](NS(=O)(=O)Cc1ccccc1)C(=O)[C@H](CO)NCc1ccc(C(=N)N)cc1,-1.1613680022349748,training
COc1cc(Cl)cc(C(=O)Nc2ccc(Cl)cn2)c1NC(=O)c1scc(CNC(C)C)c1Cl,-0.146128035678238,training
CN1CCC(N2CCN(C(=O)Cc3csc(NC(=O)c4ccc(Cl)s4)n3)CC2)CC1,-1.505149978319906,training
N=C(N)c1cccc(CC(NS(=O)(=O)c2cccc(-c3ccc4[nH]ccc4c3)c2)C(=O)N2CCC(CCN)CC2)c1,-2.1760912590556813,training
FC(F)(CNc1nccc2oc(Cc3ccccc3-n3cncn3)nc12)c1ccccn1,-1.6720978579357175,training
N=C(N)c1ccc(NC(=O)NCC(=O)NCc2cccc(Br)c2)cc1,-3.89209460269048,training
O=C1CN(S(=O)(=O)CCc2ccc(Cl)s2)CCN1Cc1cc2c[nH]ccc-2n1,-2.1072099696478683,training
CCCCCCOC(=O)CN[C@H](CCc1cccc[n+]1[O-])C(=O)N1CCC[C@H]1C(=O)NCc1cc(Cl)ccc1CN,0.0362121726544447,training
CCOc1cc(C(Nc2ccc(C(=N)N)cc2)C(=O)NCc2ccccc2)ccc1OCc1ccccc1,-3.653212513775344,training
O=C1C(NS(=O)(=O)c2ccc3cc(Cl)ccc3c2)CCN1c1ccc(-c2ccccc2)cc1F,-2.3324384599156054,training
Cc1c(F)c(Oc2cccc(CO)c2)nc(Oc2cccc(C(=N)N)c2)c1F,-3.113943352306837,training
CN(CC(=O)N[C@@H](CCCCN)C(=O)C(=O)NCc1ccccn1)C(=O)c1ccccc1Sc1ccccc1C#N,-2.556302500767288,training
Cc1cc(C(=O)Nc2ccc(-c3ccccc3S(N)(=O)=O)cc2)n(-c2cccc(B(O)O)c2)n1,-1.7853298350107671,training
CN1CCN=C1c1cccc(Oc2nc(Oc3cc(C(=N)N)ccc3O)c(F)c(N(C)CC(=O)O)c2F)c1,0.9746941347352298,training
COc1ccc(-n2nc(C(F)(F)F)cc2C(=O)Nc2ccc(-c3ccccc3S(C)(=O)=O)cc2F)cc1,-0.5563025007672873,training
CC(C)c1cc(C(C)C)c(S(=O)(=O)N[C@@H](Cc2cccc(C(=N)N)c2)C(=O)N2CCC(CCN=C(N)N)CC2)c(C(C)C)c1,-3.505149978319906,training
N=C(N)c1ccc(Oc2ccc(N)c(Oc3ccc(C(=N)N)cc3)n2)cc1,-3.0791812460476247,training
Cc1ccc(NC(=O)c2ccc(-n3ccccc3=O)cc2)c(C(=O)Nc2ccc(Cl)cn2)c1,1.5528419686577808,training
O=C(Nc1ccc(Cl)cc1)[C@H]1CN(CC(F)(F)F)C[C@@H]1C(=O)Nc1ccc(-n2ccccc2=O)cc1F,-0.9542425094393248,training
COC(=O)[C@H](Cc1cccc(C(=N)N)c1)[C@@H](C)NC(=O)c1ccc(-c2cc[n+](C)cc2)cc1,-0.4313637641589873,training
N=C(N)c1cccc(C(=O)N[C@@H](C(=O)N2CCC(C(=O)c3ccc(F)cc3)CC2)c2ccccc2)c1,-1.0,training
COC(=O)[C@H]1CCC[C@H](C)N1C(=O)[C@H](Cc1cccc(C(=N)N)c1)NS(=O)(=O)c1ccc2ccccc2c1,-3.50500066392687,training
NS(=O)(=O)c1ccccc1-c1ccc(NC(=O)C2CC(/C=C/c3ccco3)=NO2)cc1,-3.361727836017593,training
CC(=O)N1CCN(C(=O)[C@H](Cc2cccc(C(=N)N)c2)NS(=O)(=O)c2ccc3ccccc3c2)CC1,-4.680999955970036,training
CC(=O)N1C[C@H](NC(=O)c2ccc(-n3ccccc3=O)cc2)[C@H](NC(=O)c2ccc3c(Cl)c[nH]c3c2)C1,-0.5910646070264992,training
CCCCS(=O)(=O)N[C@H](Cc1ccccc1)C(=O)N1CCC[C@H]1C(=O)N[C@@H](CCCn1ccnc1N)B1O[C@@H]2CC3CC(C3(C)C)[C@]2(C)O1,-2.9867717342662448,training
Nc1ccc(COc2cccc(NC(=O)C3CCN(c4ccncc4)CC3)c2)cc1,-4.3979400086720375,training
Nc1[nH]ccc2nc(-c3cccc(-c4cccc(CNC(=O)[C@@H](O)Cc5ccccc5)c4)c3O)cc1-2,-4.732393759822968,training
N=C(N)c1ccc2[nH]c(-c3ccccc3O)cc2c1,-3.431363764158988,training
N=C(N)c1cccc(-c2nocc2C(=O)Nc2ccc(-c3ccccc3S(N)(=O)=O)cc2)c1,0.8239087409443188,training
CCc1ccc2ccc(S(=O)(=O)N[C@H]3CCN(Cc4cccc(C(=N)N)c4)C3=O)cc2c1,-2.568201724066995,training
O=C(CN1C[C@H](F)[C@@H](NC(=O)c2ccc(Cl)s2)C1)Nc1ccc(-n2ccccc2=O)cc1F,-1.4913616938342726,training
CCCS(=O)(=O)N[C@@H](C(=O)N[C@@H](CCC(N)=O)C(=O)NCc1ccc(C(=N)N)cc1)[C@@H](C)CC,-3.431363764158988,training
CNC(=O)NCCC1CCN(C(=O)[C@H](Cc2cccc(C(=N)N)c2)NS(=O)(=O)c2cccc(-c3ccc(Cl)cc3Cl)c2)CC1,-1.462397997898956,training
Cc1c(S(=O)(=O)N[C@H]2CCN(Cc3cccc(C(=N)N)c3)C2=O)sc2ccc(Cl)cc12,-1.5563025007672873,training
C/C(=N\NC(=N)N)c1cc(NC(=O)CCCNC(=N)N)cc(/C(C)=N/NC(=N)N)c1,-4.204119982655925,training
N=C(N)NCCC1CCN(C(=O)[C@H](Cc2cccc(C(=N)N)c2)NS(=O)(=O)c2cccc(NC(=O)CCN)c2)CC1,-3.977723605288848,training
Cn1c(CNc2ccc(C(=N)N)cc2)nc2cc(C(=O)N(CCC(=O)O)c3ccccn3)ccc21,-3.575187844927661,training
N=C(N)c1ccc(O)c(CN2CC[C@H](NS(=O)(=O)c3cc4c(Cl)nccc4s3)C2=O)c1,-0.3010299956639812,training
CC(C)N1CCC(NC(=O)c2c(F)c3ccccc3n2Cc2cc(-c3ccc(Cl)s3)on2)CC1,-0.3010299956639812,training
Cc1c(F)c(Oc2cccc(C(=N)N)c2)nc(Oc2ccc(O)c(C(=O)N(C)C)c2)c1F,-3.3010299956639813,training
CCC(C)(C)C(NC(=O)[C@@H]1CCCN1C(=O)[C@H](Cc1ccccc1)NC(=O)OCc1ccccc1)B1O[C@@H]2CC3CC(C3(C)C)[C@]2(C)O1,-0.414973347970818,training
Cc1ccc2c(c1)c(C(F)(F)F)c1n2C[C@@](NC(=O)c2c(Cl)cc(-n3cnnc3)cc2Cl)(c2ccccc2)CC1,-3.5162708827293403,training
O=C(NCC1CCN(c2ccncc2)CC1)c1ccc(I)c(OCCc2ccc(Cl)cc2Cl)c1,-2.1931245983544616,training
N=C(N)c1cccc(Cn2c(C(=O)NCCc3ccc(Cl)cc3)cc3c(O)cccc32)c1,-3.1920095926536702,training
COC(=O)Cc1ccc(CS(=O)(=O)NC(CCc2cccc[n+]2[O-])C(=O)NCC(=O)NCc2cc(Cl)ccc2CN)cc1,0.4559319556497244,training
N=C(N)c1cccc(CN2CC[C@H](NS(=O)(=O)c3ccc4cccnc4c3)C2=O)c1,-2.6232492903979003,training
CS(=O)(=O)N1C[C@H](C(=O)Nc2ccc(Cl)cn2)[C@@H](C(=O)Nc2ccc(-n3ccccc3=O)cc2F)C1,-1.3010299956639813,training
COC(=O)[C@H](Cc1cccc(C(=N)N)c1)NS(=O)(=O)c1ccc2ccccc2c1,-3.40000061697638,training
CNC1CCc2cc(N3CC[C@H](NS(=O)(=O)/C=C/c4ccc(Cl)s4)C3=O)ccc21,-0.6020599913279624,training
CCC(=O)N1CCN(C(=O)[C@H](Cc2cccc(C(=N)N)c2)NS(=O)(=O)c2ccc3c(c2)C(=O)c2ccccc2C3=O)CC1,-3.113943352306837,training
CC(C)C(=O)N1CCC(CC[C@@H](NS(=O)(=O)Cc2ccccc2)C(=O)N[C@@H](CCC2CCNCC2)C(=O)NCc2ccc(C(=N)N)cc2)CC1,-3.505149978319906,training
COc1cccc(C(=O)Nc2ccc(Cl)cc2)c1NC(=O)c1sc2ccccc2c1Cl,-1.3424226808222062,training
CCOc1ccc2ccc(S(=O)(=O)N[C@H]3CCN(Cc4cccc(C(=N)N)c4)C3=O)cc2c1,-2.4471580313422194,training
O=C(Nc1ccc(Cl)cc1)c1ccc(F)cc1NC(=O)c1sc2ccccc2c1Cl,-1.1760912590556811,training
CCN(CC)c1ccc(-c2nc3cc(C(=N)N)ccc3[nH]2)c(O)c1,-4.3979400086720375,training
O=C1CN(S(=O)(=O)c2cc3ccc(Cl)cc3s2)CCN1Cc1cc2c[n+]([O-])ccc2[nH]1,-1.57978359661681,training
N=C(N)c1cccc(Cn2c(C(=O)NCc3cccc4ccccc34)c(Cl)c3ccccc32)c1,-2.482873583608754,training
C[C@@H](C(=O)N(CCC#N)C1CCCCC1)N1CC[C@H](NS(=O)(=O)c2ccc3cc(Cl)ccc3c2)C1=O,-1.863322860120456,training
COC(=O)CC(Oc1cccc(-c2ccc3sc(C(=N)N)cc3c2)c1)c1ccc(Cl)cc1,-1.5185139398778875,training
Cc1ccc(NC(=O)c2cc(C)ccc2NC(=O)c2sc3ccccc3c2Cl)cc1,-0.8512583487190752,training
CN(C)S(=O)(=O)c1ccccc1-c1ccc(NC(=O)Cc2c[nH]c3ccc(C(=N)N)cc23)cc1,-0.8450980400142568,training
N=C(N)c1cccc(N2CC(CO)CN(CC3CCN(Cc4ccccc4)CC3)C2=O)c1,-2.397940008672037,training
CS(=O)(=O)N[C@H](CC1CCCCC1)C(=O)N1CCC[C@H]1C(=O)NCc1ccc(C(=N)N)cc1,-2.3010299956639813,training
CCOC(=O)[C@]1(C)CCC[C@]2(C)[C@@H]1CC[C@@]13C/C(=N\OCC4OCCO4)[C@@](C)(CC[C@@H]21)C3,-3.207365037469072,training
COC(=O)C(C)CN(c1ccc2c(c1)nc(C)n2Cc1ccc2ccc(C(=N)N)cc2c1)C1CCN(C(C)=N)CC1,-1.9030899869919435,training
N=C(N)c1cccc(-n2nc(-c3cccnc3)cc2C(=O)Nc2ccc(-n3cnc4ccccc43)cc2)c1,0.6989700043360187,training
COc1cc(Cl)cc(C(=O)Nc2ccc(Cl)cn2)c1NC(=O)c1scc(CN2CCN(C)CC2)c1Cl,0.7958800173440752,training
CC(C)N(CCN1CCOCC1)C(=O)[C@H](C)N1CC[C@H](NS(=O)(=O)c2ccc3cc(Cl)ccc3c2)C1=O,-0.6020599913279624,training
CN1CC(C)(COc2ccc(C(=N)N)cc2)Oc2cc(N(Cc3ccc(F)cc3)C(=O)C(=O)O)ccc21,-3.886490725172482,training
Cc1cc2ccc1[C@@H](C)COC(=O)Nc1ccc(C3(c4nnn[nH]4)CC3)c(c1)CN(C)C(=O)[C@@H]2Nc1ccc2c(N)ncc(F)c2c1,-3.0211892990699383,training
CCOC(=O)CN(Cc1ccc(F)c(F)c1)c1ccc2c(c1)N(C)CC(C)(COc1ccc(C(=N)N)cc1)O2,-3.903089986991944,training
CN1CC(C)(COc2ccc(C(=N)N)cc2)Oc2cc(NC(=O)CCC(=O)O)ccc21,-4.528916700277655,training
CCOC(=O)[C@]1(C)CCC[C@]2(C)[C@@H]1CC[C@@]13C/C(=N\OC/C=C/c4ccc5nccnc5c4)[C@@](C)(CC[C@@H]21)C3,-3.5566642621225686,training
CS(=O)(=O)N1C[C@H](C(=O)Nc2ccc(Cl)cc2)[C@@H](C(=O)Nc2ccc(-n3ccccc3=O)cc2F)C1,-1.1760912590556811,training
COc1ccc(-n2nc(C(F)(F)F)cc2C(=O)NC2CCN(c3ccccc3CN3CCOCC3)CC2)cc1,-0.8195439355418687,training
COc1cccc(-c2nc3cc(C(=N)N)ccc3[nH]2)c1O,-4.204119982655925,training
COc1ccc(C2=NOC(C(=O)Nc3ccc(-c4ccccc4S(N)(=O)=O)cc3)C2)cc1,-2.845098040014257,training
Cc1cccc(-c2nc3cc(C(=N)N)ccc3[nH]2)c1O,-4.0,training
COC(=O)Cn1c(CN2CCN(S(=O)(=O)c3cc4ccc(Cl)cc4s3)CC2=O)cc2cnccc21,-1.255272505103306,training
N=C(N)c1cccc(CN2CC[C@H](NS(=O)(=O)c3ccc(-c4ccccn4)cc3)C2=O)c1,-2.1760912590556813,training
N#Cc1ccc(CCOc2cc(C(=O)NCC3CCN(c4ccncc4)CC3)ccc2F)cc1,-3.663229634532868,training
CCOC(=O)[C@]1(C)CCC[C@]2(C)[C@@H]1CC[C@@]13C/C(=N\OC/C=C/c4ccc5c(c4)COC5=O)[C@@](C)(CC[C@@H]21)C3,-4.315361486979335,training
COc1ccc2ccc(S(=O)(=O)N[C@H]3CCN(Cc4ccc5ccnc(N)c5c4)C3=O)cc2c1,-2.255272505103306,training
Cc1ccc2c(c1)c(C(=O)O)c1n2C[C@@](NC(=O)c2ccc(-n3cnnc3)cc2Cl)(c2ccccc2)CC1,-2.369215857410143,training
CCOC(=O)[C@]1(C)CCC[C@]2(C)[C@@H]1CC[C@@]13C/C(=N\OCc4ccc(Cl)c(F)c4)[C@@](C)(CC[C@@H]21)C3,-3.990605211423919,training
CCOC(=O)c1nn(-c2ccc(OC)cc2)c2c(=O)n(-c3ccc(-c4ccccc4CN4CCCC4)cc3)cnc12,-0.5797835966168101,training
COc1cccc(-c2ccc(S(=O)(=O)N[C@H]3CCN(Cc4cccc(C(=N)N)c4)C3=O)cc2)c1,-2.0,training
CC(C)(C)CCCN1C(=O)[C@H]2[C@@H](C1=O)[C@@H]1CCCN1[C@H]2c1cc(-c2ccc(Cl)s2)on1,-2.740362689494244,training
CC(C)(C)OC(=O)Nc1ccc(CCOc2cc(C(=O)NCC3CCN(c4ccncc4)CC3)ccc2Cl)cc1,-3.656194062179186,training
COC(=O)C(C)CN(c1ccc2nc(C)n(Cc3ccc4ccc(C(=N)N)cc4c3)c2c1)C1CCN(C(C)=N)CC1,-0.041392685158225,training
COc1ccc(-n2nc(C(F)(F)F)c3c2C(=O)N(c2ccc(C4(CN)CC4)cc2)CC3)cc1,0.2441251443275086,training
N=C(N)c1cccc(C[C@H](NS(=O)(=O)c2cccc(C3CCC(N)=NC3)c2)C(=O)N2CCC(CCN)CC2)c1,-1.0,training
O=C1[C@@H](NS(=O)(=O)c2ccc3cc[nH]c3c2)CCN1c1ccc(C2CCCN2)cc1F,-2.0,training
CC(=O)N1CCC(Oc2ccc(N(C/C=C/c3cc(C(=N)N)ccc3O)C(=O)CCC(=O)O)cc2C(F)(F)F)CC1,-0.4771212547196624,training
CCOC(=O)C1CCN(c2ccc(N3C[C@H](CNC(=O)c4ccc(Cl)s4)OC3=O)cc2)CC1,-2.885926339801431,training
COc1ccc(OC2CCCN(c3ccc(-c4ccccc4S(C)(=O)=O)cc3F)C2=O)cc1,-2.3010299956639813,training
N=C(N)c1ccc(O)c(CN2CC[C@H](NS(=O)(=O)c3cc4ncccc4s3)C2=O)c1,0.1549019599857432,training
Cc1ccc(NC(=O)c2sc3ccccc3c2Cl)c(C(=O)Nc2ccccc2)c1,-1.2787536009528289,training
CCN(C)C(=O)[C@H](C)N1CC[C@H](NS(=O)(=O)c2ccc3cc(Cl)ccc3c2)C1=O,-1.7481880270062005,training
N=C(N)c1cccc(COC(=O)c2cc3ccccc3n2Cc2cccc(C(=N)N)c2)c1,-1.4471580313422192,training
CC(=O)Nc1ccc(C(=O)NCC2CCN(c3ccncc3)CC2)cc1OCCc1ccc(Cl)cc1Cl,-2.499687082618404,training
N=C(N)c1cccc(CN2CC[C@H](NS(=O)(=O)c3ccc(-c4cc[n+]([O-])cc4)cc3)C2=O)c1,-2.5185139398778875,training
COc1ccc(-n2nc(C#N)c3[nH]c(=O)n(-c4ccc(-c5ccccc5S(C)(=O)=O)cc4F)c(=O)c32)cc1,-0.4771212547196624,training
CCN(CC)C(=O)c1cccc(Oc2nc(Oc3cccc(C(=N)N)c3)c(F)c(C)c2F)c1,-2.838849090737255,training
O=C(Nc1ccccc1C(=O)Nc1ncc(Cl)cn1)c1ccc(-n2ccccc2=O)cc1,-0.1139433523068367,training
COC(=O)Nc1ccc(-c2cc([C@H](Cc3ccccc3)NC(=O)/C=C/c3cc(Cl)ccc3-n3cnnn3)c(Cl)nn2)cc1,-3.287801729930226,training
N=C(N)c1ccc(Oc2ccc(C(=O)NCCCN)c(Oc3ccc(C(=N)N)cc3)n2)cc1,-2.4771212547196626,training
CC[C@@H](NC(=O)c1ccc(-c2cccc(CN)c2)cc1)[C@@H](Cc1cccc(C(=N)N)c1)C(=O)OC,0.1549019599857432,training
N=C(N)c1ccc2ccc(CN(CCCN3CCOCC3)C(=O)c3cccc4ccccc34)cc2c1,-2.645422269349092,training
CCc1nc2ccc(OC3CCN(C(C)=N)CC3)cc2n1C/C=C/c1cc(N)ccc1O,1.0,training
CC(C)N(C)C(C)c1ccc(N2CC[C@H](NS(=O)(=O)c3ccc4cc(Cl)ccc4c3)C2=O)c(F)c1,-0.6989700043360189,training
Cn1ccnc1-c1ccc(NC(=O)c2cc(C(F)(F)F)nn2-c2ccc3onc(N)c3c2)c(F)c1,0.2924298239020636,training
COc1cc2[nH]c(-c3cccc(-c4ccccc4)c3O)cc2cc1C(=N)N,-4.414973347970818,training
Cc1nccn1-c1ccc(NC(=O)c2cc(C(F)(F)F)nn2-c2ccc3onc(N)c3c2)cc1,0.2218487496163563,training
C[C@@H](C(=O)N1CCOCC1)N1CC[C@H](NS(=O)(=O)c2cc3nc(Cl)ccc3s2)C1=O,-2.2121876044039577,training
COc1ccc2ccc(S(=O)(=O)N(CC(N)=O)[C@H]3CCN(Cc4cccc(C(=N)N)c4)C3=O)cc2c1,-1.3979400086720375,training
Cc1cccc2c1cc(C(=O)NCc1cc(Cl)cc(Cl)c1)n2Cc1cccc(C(=N)N)c1,-1.3979400086720375,training
COc1ccc(-n2nc(C(F)(F)F)c3c2C(=O)N(c2ccc(C4(CS(C)(=O)=O)CC4)cc2)CC3)cc1,0.494850021680094,training
O=C(Nc1cccc(OCc2ccc(-c3ccccc3)cc2)c1)C1CCCNC1,-3.397940008672037,training
O=C(NCC1CCN(c2ccncc2)CC1)c1ccc(Cl)c(OCCc2ccc(F)cc2)c1,-2.008600171761917,training
Cc1cccc2c1c(Br)c(C(=O)NCc1cccc(C(=N)N)c1)n2Cc1cccc(C(=N)N)c1,-1.6989700043360187,training
COc1ccc(C(=O)NCC2CCN(c3ccnc(O)c3)CC2)cc1OCCc1ccc(Cl)cc1Cl,-2.977723605288848,training
Cc1c(F)c(Oc2cccc(C(=N)N)c2)nc(Oc2cccc(N3CCCCC3)c2)c1F,-2.812913356642856,training
CN1CC(C)(COc2ccc(C(=N)N)cc2)Oc2cc(NC(=O)c3ccccc3)ccc21,-4.08278537031645,training
CC(=O)Nc1cccc(Oc2nc(Oc3cccc(C(=N)N)c3)c(F)c(C)c2F)c1,-3.763427993562937,training
CC(C)c1cc(C(C)C)c(S(=O)(=O)N[C@@H](Cc2cccc(C(=N)N)c2)C(=O)N2CCN(C(=O)C3CCN(C(=N)N)CC3)CC2)c(C(C)C)c1,-4.0,training
CCOc1cc(OC(C)C)c(F)c(C(Nc2ccc(C(=N)N)cc2)c2nc(-c3ccccc3C(=O)OC)c[nH]2)c1,-3.60959440922522,training
Nc1cc(C2=NOC(CNS(=O)(=O)CC(F)(F)F)(C(=O)Nc3ccc(-c4ccccc4S(N)(=O)=O)cn3)C2)ccc1Cl,-0.5185139398778874,training
CC(=N)N1CCC(Oc2ccc3c4ccccc4n(Cc4ccc5ccc(C(=N)N)cc5c4)c3c2)CC1,-0.2041199826559248,training
N=C(N)c1ccc(Oc2ccc3c4ccccc4n(Cc4ccc5ccc(C(=N)N)cc5c4)c3c2)cc1,-0.7781512503836436,training
N=C(N)c1cccc(CNC(=O)c2cc3cc(OCc4ccccc4)ccc3n2Cc2cccc(C(=N)N)c2)c1,-2.123851640967086,training
CC(=O)N(C)Cc1nccn1-c1ccc2c(c1)CCN2C(=O)c1cc(C(N)=O)nn1-c1ccc2onc(N)c2c1,-0.6812412373755872,training
Cn1cncc1CCNC(=O)CN1CCN(S(=O)(=O)c2cc3ccc(Cl)cc3s2)CC1=O,-1.0791812460476249,training
CNC(=O)CCCC1CCN(C(=O)[C@H](Cc2cccc(C(=N)N)c2)NS(=O)(=O)c2cccc(NC(=O)CCN)c2)CC1,-4.0,training
N=C(N)c1cccc(Cn2c(C(=O)Nc3cc(Cl)cc(Cl)c3)cc3c(O)cccc32)c1,-2.9020028913507296,training
CNC(=O)Nc1ccc(-c2cccc([C@@H]3C[C@](C)(c4ccccc4)c4cc(C(=N)N)ccc4N3)c2)c(C(=O)O)c1,-3.0569048513364727,training
COc1cc(Cl)cc(C(=O)Nc2ccc(Cl)cn2)c1NC(=O)c1scc(CN(C)C(N)=O)c1Cl,1.585026652029182,training
COc1c(Oc2nc(Oc3cccc(C(=N)N)c3)c(F)c(C)c2F)cccc1C(=O)N(C)C,-3.380211241711606,training
CCC1(CC)C[C@@H](C(=O)NCc2ccc(C(=N)N)cc2)n2c1c(Cl)nc(NC1CCC1)c2=O,-3.5185139398778875,training
CC(C)N1CCC(NC(=O)c2cc3ccccc3n2Cc2cnc(-c3ccc(Cl)cc3)s2)CC1,-3.436162647040756,training
N=C(N)c1ccc(O)c(CCCNC(=O)c2cc3ccc(Cl)cc3s2)c1,-2.257678574869185,training
CC(C)c1ccc(CCNS(=O)(=O)c2cccc(C(=N)N)c2)cc1,-3.322219294733919,training
N=C(N)c1ccc(O)c(/C=C/CNC(=O)c2ccc(-c3ccccc3)cc2)c1,-1.7075701760979365,training
COC(=O)CC(CCc1ccc(NC(=N)N)cc1)c1cccc(C(=N)N)c1,-0.9542425094393248,training
Cc1c(F)c(Oc2cccc(C(=N)N)c2)nc(Oc2cccc([S+](O)N(C)C)c2)c1F,-2.8573324964312685,training
CC(C)c1cc(C(C)C)c(S(=O)(=O)N[C@@H](Cc2cccc(C(=N)N)c2)C(=O)N2CCN(C(=N)N)CC2)c(C(C)C)c1,-3.568201724066995,training
CC(=O)N[C@H](Cc1ccccc1)C(=O)N1CCC[C@H]1C(=O)N[C@@H](CCCn1nnnc1N)B1O[C@@H]2CC3CC(C3(C)C)[C@]2(C)O1,-3.778151250383644,training
O=C1c2c(c(C(F)(F)F)nn2-c2cccc(-c3n[nH]c(=O)[nH]3)c2)CCN1c1ccc(-c2ccccc2CN2CC[C@@H](O)C2)cc1,0.0757207139381183,training
N=C(N)c1cccc(C[C@H](NS(=O)(=O)c2ccc3ccccc3c2)C(=O)N2CC(C(=O)O)=Cc3ccccc32)c1,-4.612999996837996,training
COC(=O)Nc1ccc(S(=O)(=O)C(C)C)c([C@H]2CCCN2C(=O)[C@H](Nc2ccc3c(N)nccc3c2)c2ccccc2)c1,-3.778151250383644,training
COc1ccc2ccc(S(=O)(=O)N(C)[C@H]3CCN(Cc4cc(C(=N)N)ccc4N)C3=O)cc2c1,-0.6020599913279624,training
CNC(=O)c1ccc(Oc2cccc(C(=N)N)c2)nc1Oc1cccc(C(=N)N)c1,-2.361727836017593,training
CS(=O)(=O)N1CCN(C(=O)[C@H](Cc2cccc(C(=N)N)c2)NS(=O)(=O)c2cccc3ccccc23)CC1,-3.9870000146573488,training
CCOc1cc(OC(C)C)c(F)c(C(Nc2ccc(C(=N)N)cc2)c2nc(-c3ccccc3C)c[nH]2)c1,-2.832508912706236,training
COC(=O)[C@H](Cc1cccc(C(=N)N)c1)[C@@H](C)NC(=O)c1ccc(-c2ccc(C(N)=O)cc2)cc1,-0.3010299956639812,training
Nc1cc(C2=NOC(Cn3cnnn3)(C(=O)Nc3ccc(-c4ccccc4S(N)(=O)=O)cn3)C2)ccc1Cl,-0.9319661147281728,training
C[C@H](NC(=O)[C@@H](CCc1ccccn1)NS(=O)(=O)Cc1ccccc1)C(=O)NCc1cc(Cl)ccc1CN,1.0757207139381184,training
COc1ccc(-n2nc(N(C)C)c3c2C(=O)N(c2ccc(-c4ccccc4CN4CC[C@@H](O)C4)cc2)CC3)cc1,0.5086383061657274,training
N=C(N)c1cccc(C[C@H](NS(=O)(=O)c2ccc3ccccc3c2)C(=O)N2CCOCC2)c1,-4.203999992230858,training
Cc1ccc(NS(=O)(=O)Cc2ccccc2)c(=O)n1CC(=O)NCC1CCc2nc(N)ncc2C1,-4.9410142437055695,training
COc1ccc2ccc(S(=O)(=O)N[C@H]3CCN(Cc4csc(C(=N)N)c4)C3=O)cc2c1,-1.041392685158225,training
C[C@@H](C(=O)N1CCCCC1)N1CC[C@H](N(C)S(=O)(=O)c2ccc3cc(Cl)ccc3c2)C1=O,-0.3010299956639812,training
CCOc1cc(OC(C)C)c(F)c(C(Nc2ccc(C(=N)N)cc2)c2nc(-c3ccccc3C(C)=O)c[nH]2)c1,-2.633468455579586,training
CN(C)C(=N)c1ccc(C(=O)Nc2ccc(Cl)cc2C(=O)Nc2ccc(Cl)cn2)c(F)c1,1.2218487496163564,training
CNCc1nccn1-c1ccc(NC(=O)c2cc(C(F)(F)F)nn2-c2ccc3onc(N)c3c2)c(F)c1,0.7695510786217261,training
CC1CNc2c(cccc2S(=O)(=O)N[C@@H](Cc2nc3ccccc3s2)C(=O)N2CCC(CCO)CC2)C1,-4.653212513775344,training
N=C(N)N1CCc2ccc(OC(C(=O)O)c3ccc(OC4CCOCC4)cc3)cc2C1,-3.4771212547196626,training
COc1ccc(C(=O)NCC2CCN(c3ccnc(Cl)n3)CC2)cc1OCCc1ccc(Cl)cc1Cl,-2.421603926869832,training
COc1ccc(-c2cccc(S(=O)(=O)NC(Cc3cccc(CN)c3)C(=O)N3CCC(CCN)CC3)c2)cc1,-4.740362689494244,training
Nc1ccc2[nH]c(-c3cc(CC(=O)O)cc(-c4cccc([N+](=O)[O-])c4)c3O)cc2n1,-3.544068044350276,training
N=C(N)c1ccc2[nH]c(Cc3nc4cc(F)ccc4[nH]3)nc2c1,-0.0,training
CC(C)N1CCC(NC(=O)c2cc3ccccc3n2Cc2cc(-c3ccc(Cl)s3)no2)CC1,-0.4771212547196624,training
COc1ccc(-n2nc(C(F)(F)F)cc2C(=O)NC2CCN(c3ccccc3S(C)(=O)=O)CC2)cc1,-1.146128035678238,training
C[C@H](NC(=O)[C@@H](CO)NS(=O)(=O)Cc1ccccc1)C(=O)NCc1ccc(C(=N)N)cc1,-3.322219294733919,training
NC(=O)c1ccc(C(=O)NCC2CCN(c3ccncc3)CC2)cc1OCCc1ccc(Cl)cc1Cl,-2.7693773260761385,training
CCOc1cc(C(Nc2ccc3c(N)nccc3c2)C(=O)NCc2ccccc2S(=O)(=O)CC)ccc1OC(C)C,-3.9138138523837167,training
COc1ccc(C(=O)NCCN2CCCCC2)cc1OCCc1ccc(Cl)cc1Cl,-3.625209525381881,training
CCOC(=O)N1CCN(C(=O)[C@H](Cc2cccc(C(=N)N)c2)NS(=O)(=O)c2cccc(NC(=O)CCN)c2)CC1,-4.414973347970818,training
O=C(N[C@H]1CCCC[C@H]1NC(=O)c1ccc2c(Cl)c[nH]c2c1)c1ccc(N2CCCNC2=O)cc1,-0.6020599913279624,training
O=C(Nc1cccc(OCc2ccc(-c3cc(F)cc(F)c3)cc2)c1)C1CCNCC1,-2.113943352306837,training
N=C(N)c1cccc(Cn2c(C(=O)NCc3cccc(Br)c3)cc3c(O)cccc32)c1,-2.0681858617461617,training
CN(C)Cc1ccccc1-c1ccc(-c2cnc3c(C(F)(F)F)nn(-c4ccc5onc(N)c5c4)c3c2O)cc1,-0.505149978319906,training
CCOc1cc(C(Nc2ccc3c(N)nccc3c2)C(=O)NS(=O)(=O)c2cccc(O)c2)ccc1OC(C)C,-3.740362689494244,training
Nc1noc2ccc(-n3nc(C(F)(F)F)cc3C(=O)Nc3ccc(N4CCOCC4)cc3F)cc12,-0.7993405494535817,training
COc1ccc(-n2nc(C(F)(F)F)c3c2C(=O)N(c2ccc(C4(CN5CCCC5)CC4)cc2)CC3)cc1,1.6777807052660807,training
C/C(=C(\F)C(=O)Nc1ccc(-c2ccccc2S(N)(=O)=O)cc1F)c1ccc2ccnc(N)c2c1,-0.2041199826559248,training
CN(C)C(=O)c1cccc(Oc2nc(Oc3cc(C(=N)N)ccc3O)c(F)c(OC3CCN(CC(=O)O)CC3)c2F)c1,0.1870866433571444,training
CCOC(=O)[C@]1(C)CCC[C@]2(C)[C@@H]1CC[C@@]13C/C(=N\OC/C=C/c4ccc5oc6ccccc6c5c4)[C@@](C)(CC[C@@H]21)C3,-4.321888277582297,training
COc1cc(C(=O)NCC2CCN(c3ccncc3)CC2)cc(OCCc2ccc(Cl)cc2)c1Cl,-1.3979400086720375,training
N=C(N)c1cccc(OCCNC(=O)c2ccc(C(=O)N3CCCC3)cc2)c1,-1.3010299956639813,training
Nc1ccc(CCOc2cc(C(=O)NCC3CCN(c4ccncc4)CC3)ccc2Cl)cc1,-2.6232492903979003,training
CC(C)(C)OC(=O)N[C@@H](C(=O)N1CCC[C@H]1C(=O)NCc1ccc(N)nc1)C(C1CCCCC1)C1CCCCC1,-3.643452676486187,training
N=C(N)c1cc2cc(-c3cccc(OCc4cccc(Cl)c4)c3)ccc2s1,-3.633468455579586,training
N=C(N)c1cccc(C[C@H](NS(=O)(=O)c2ccc3ccccc3c2)C(=O)N2CCNCC2)c1,-4.322000024079613,training
N=C(N)c1ccc2ncn(CC(=O)Nc3ccc(-c4ccccc4)cc3)c2c1,-2.342422680822206,training
CCCS(=O)(=O)N[C@@H](C(=O)N[C@@H](CCSC)C(=O)NCc1ccc(C(=N)N)cc1)[C@@H](C)CC,-3.1760912590556813,training
N=C(N)c1ccc2[nH]c(-c3cc([N+](=O)[O-])cc(Br)c3O)cc2c1,-1.8920946026904804,training
COC(=O)CC(CCc1ccc(C(N)=O)cc1)c1cccc(C(=N)N)c1,-2.740362689494244,training
CC(=N)N1CCC(N(C(=O)CCC(=O)O)c2ccc3nc(C)n(Cc4ccc5ccc(C(=N)N)cc5c4)c3c2)CC1,-2.6201360549737576,training
CCOC(=O)CCC(=O)N(c1ccc2c(c1)nc(C)n2Cc1ccc2ccc(C(=N)N)cc2c1)C1CCN(C(C)=N)CC1,-2.568201724066995,training
CN(C)C(=O)c1cccc(Oc2nc3c(c(Oc4cc(C(=N)N)ccc4O)n2)NC(=O)CN3)c1,-1.2787536009528289,training
N=C(N)c1cccc(CN2CC[C@H](NS(=O)(=O)c3ccc4ccncc4c3)C2=O)c1,-2.7075701760979363,training
CN(C)Cc1nccn1-c1ccc(NC(=O)c2cc(C(F)(F)F)nn2-c2ccc3onc(N)c3c2)c(F)c1,0.721246399047171,training
CC(=O)Nc1ccc(-c2cccc([C@@H]3C[C@](C)(c4ccccc4)c4cc(C(=N)N)ccc4N3)c2)c(C(=O)O)c1,-3.76417613239033,training
N=C(N)c1cc2c(O[C@@H](c3ccccc3)c3nc(-c4ccccc4)no3)cccc2s1,-3.598790506763115,training
O=C1C(NS(=O)(=O)c2ccc3cc(Cl)ccc3c2)CCN1c1ccc(-c2ccncc2)cc1F,-0.9493900066449128,training
CN(C)C(=O)N1C[C@H](NC(=O)c2ccc(-n3ccccc3=O)cc2)[C@H](NC(=O)c2ccc(Cl)s2)C1,0.2518119729937995,training
O=C(Cn1nnc(NC(=O)c2ccc(Cl)s2)n1)Nc1ccc(-n2ccccc2=O)cc1F,-1.041392685158225,training
O=C(N[C@H]1CCCC[C@H]1NC(=O)c1ccc2c(Cl)c[nH]c2c1)c1ccc(N2CCCCCC2=O)cc1,-1.230448921378274,training
CNCCCN1C(=O)[C@H]2[C@@H](C1=O)[C@@H]1CCCN1[C@H]2c1cc(-c2ccc(Cl)s2)on1,-2.9595183769729982,training
Cc1cc(C(=O)Nc2ccc(-c3ccccc3S(N)(=O)=O)cc2)n(-c2ccc3nc(N)nc(N)c3c2)n1,-1.2041199826559248,training
O=C(Nc1ccccc1C(=O)Nc1ccc(Cl)cn1)c1ccc(N2CCCCC2=O)cc1,-0.0791812460476248,training
CN(C)CCNC(=O)C(Oc1cccc2sc(C(=N)N)cc12)c1ccccc1,-3.531478917042255,training
COc1cc(Cl)cc(C(=O)Nc2ccc(Cl)cn2)c1NC(=O)c1scc(CN2CCCC2)c1Cl,0.2839966563652008,training
COc1cc(C(Nc2ccc(C(=N)N)cc2)C(=O)O)ccc1OCc1ccccc1,-2.863322860120456,training
CN(C)C(=O)c1cccc(Oc2cc(C(=O)O)cc(Oc3cccc(C(=N)N)c3)n2)c1,-2.419955748489758,training
CC1CN(CC(=O)Nc2ccc(-n3ccccc3=O)cc2F)CC1NC(=O)c1ccc(Cl)s1,-1.146128035678238,training
CC1(C)CNc2c(cccc2S(=O)(=O)N[C@@H](CSCCCN)C(=O)N2CCC(CCO)CC2)C1,-4.939519252618618,training
CS(=O)(=O)c1ccccc1-c1ccc2c(c1)C(O)CCN2C(=O)c1cc(C(F)(F)F)nn1-c1ccc2onc(N)c2c1,-3.146128035678238,training
NCc1ccc(Cl)cc1CNC(=O)CNC(=O)C(CCc1cccc[n+]1[O-])NS(=O)(=O)CC(=O)O,-0.2041199826559248,training
Cc1nn(-c2ccc3onc(N)c3c2)c2c1CCN(c1ccc(-c3ccccc3CN3CC[C@@H](O)C3)cc1F)C2=O,0.4685210829577448,training
N=C(N)c1ccc2[nH]c(-c3cccc(Oc4ccccc4)c3O)cc2c1,-1.8920946026904804,training
O=C1[C@@H](NS(=O)(=O)/C=C/c2ccc(Cl)s2)CCN1c1ccc2c(c1F)CCCNC2,-0.1139433523068367,training
CS(=O)(=O)N1C[C@H](C(=O)NCc2ccc(Cl)cc2)[C@@H](C(=O)Nc2ccc(-n3ccccc3=O)cc2F)C1,-4.2198463860243605,training
CCOC(=O)C(=O)N(Cc1cccc(F)c1)c1ccc2c(c1)N(C)CC(C)(COc1ccc(C(=N)N)cc1)O2,-3.690196080028514,training
N=C(N)c1ccc(O)c(/C=C/CNC(=O)c2ccc(-c3c[nH]cn3)cc2)c1,-1.2787536009528289,training
O=C(N[C@H]1CCCC[C@H]1NC(=O)c1ccc2c(Cl)c[nH]c2c1)c1ccc(N2CCCC2=O)cc1,-0.9084850188786496,training
N=C(N)c1ccc2ncn(CC(=O)Nc3ccc(-c4ccccc4S(N)(=O)=O)cc3)c2c1,-0.380211241711606,training
CC(C)c1cc(C(C)C)c(S(=O)(=O)N[C@@H](Cc2cccc(C(=N)N)c2)C(=O)N2CCN(C(=O)C3CCNCC3)CC2)c(C(C)C)c1,-4.230448921378274,training
Nc1cc(C2=NOC(CNC=O)(C(=O)Nc3ccc(-c4ccccc4S(N)(=O)=O)cn3)C2)ccc1Cl,-1.1760912590556811,training
COc1ccc(-n2nc(C(F)(F)F)cc2C(=O)Nc2ccc(-c3ccccc3S(C)(=O)=O)cc2)c(CN)c1,-0.2304489213782739,training
Cc1nccn1-c1cccc(Oc2cc(C(=O)O)cc(Oc3cc(C(=N)N)ccc3O)n2)c1,-0.9030899869919436,training
CC(=N)N1CC[C@H](Oc2ccc(C(Oc3ccc4c(c3)CN(C(=N)N)CC4)C(=O)O)cc2)C1,-1.9030899869919435,training
N=C(N)c1ccc2[nH]c(-c3cc(-c4nn[nH]n4)cc(Br)c3O)c(Cc3ccccc3)c2c1,-1.0,training
Cc1c(F)c(Oc2cccc(C(=N)N)c2)nc(Oc2cccc(C(=O)N3CCCCC3)c2)c1F,-2.9138138523837167,training
O=C(CN1CCN(S(=O)(=O)c2cc3ccc(Cl)cc3s2)CC1=O)NCCc1cscn1,-2.204119982655925,training
O=C1CN(S(=O)(=O)c2cc3ncc(Cl)cc3s2)CCN1Cc1cc2c[nH]ccc-2n1,-3.0791812460476247,training
CNCC1(c2ccc(N3CCc4c(C(F)(F)F)nn(-c5ccc(OC)cc5)c4C3=O)cc2)CC1,0.744727494896694,training
COCC(=O)N1CCC(CC[C@@H](NS(=O)(=O)Cc2ccccc2)C(=O)N[C@@H](CCC2CCNCC2)C(=O)NCc2ccc(C(=N)N)cc2)CC1,-3.204119982655925,training
N=C(N)c1cccc(CN2CCN(S(=O)(=O)c3cc4ccc(Cl)cc4s3)CC2=O)c1,-1.041392685158225,training
C[C@@H](C(=O)N1CCOCC1)N1CC[C@H](NS(=O)(=O)c2cc3cc(Cl)ccc3o2)C1=O,-2.893206753059848,training
CCCN1CCC(NC(=O)c2cc3ccccc3n2Cc2cc(-c3ccc(Cl)s3)on2)CC1,-1.806179973983887,training
CCN(C)Cc1csc(C(=O)Nc2c(OC)cc(Cl)cc2C(=O)Nc2ccc(Cl)cn2)c1Cl,0.6575773191777937,training
CCN(C(=O)[C@H](C)N1CC[C@H](NS(=O)(=O)c2ccc3cc(Cl)ccc3c2)C1=O)C(C)C,-1.041392685158225,training
COC(=O)c1cccc(CNC(=O)c2cc3c(O)cccc3n2Cc2cccc(C(=N)N)c2)c1,-3.310268366632448,training
C/C(=C\S(=O)(=O)N[C@H]1CCN([C@@H](C)C(=O)N2CCOCC2)C1=O)c1ccc(Cl)s1,-0.3010299956639812,training
CC(C)N1CCC(NC(=O)c2cc3ccccc3n2-c2ccc(Cl)cc2)CC1,-3.322219294733919,training
CC(C)(C(=O)O)c1cc(Br)c(O)c(-c2[nH]c3ccc(C(=N)N)cc3c2Cc2ccccc2)c1,-1.0,training
CN(C)S(=O)(=O)c1ccccc1-c1ccc(N2CCC(NS(=O)(=O)/C=C/c3ccc(Cl)s3)C2=O)nc1,0.3979400086720376,training
O=C(O)CN(C1CCCN(c2ccc(-n3ccccc3=O)cc2)C1=O)S(=O)(=O)c1cc2ccc(Cl)nc2s1,0.8860566476931632,training
N=C(N)c1cccc(C(=O)N[C@@H](C(=O)N2CCN(Cc3ccccc3)CC2)c2ccccc2)c1,-2.0791812460476247,training
Cc1nc2c(Oc3cccc(C(=O)N(C)C)c3)nc(Oc3cc(C(=N)N)ccc3O)nc2n1Cc1ccccc1,-1.0,training
O=C1C(NS(=O)(=O)c2cc3ccc(Cl)nc3s2)CCCN1c1ccc(-n2ccccc2=O)cc1F,1.6989700043360187,training
Cc1ccc(O)c(C(=O)Nc2ccc(C(=N)N)cc2)c1,-3.9731278535996974,training
N=C(N)c1ccc(O)c(CCCNC(=O)c2ccc(-c3cccnc3)cc2)c1,-1.57978359661681,training
CS(=O)(=O)c1ccccc1-c1ccc(N2CCCC(NS(=O)(=O)c3ccc4cn[nH]c4c3)C2=O)c(F)c1,-1.2787536009528289,training
Cc1cc2ccc1[C@@H](C)COC(=O)Nc1ccc(OC(F)(F)F)c(c1)CN(C)C(=O)[C@@H]2Nc1ccc2c(N)nccc2c1,-3.0,training
CN1CCN(Cc2csc(C(=O)Nc3ccc(Cl)cc3C(=O)Nc3ccc(Cl)cn3)c2Cl)CC1,0.4436974992327127,training
CCNC(=O)NCC1(C(=O)Nc2ccc(-c3ccccc3S(N)(=O)=O)cn2)CC(c2ccc(Cl)c(N)c2)=NO1,-1.8388490907372552,training
Cc1cc2nc([C@@H](CNC(=O)c3c(Cl)cc(-n4cnnc4)cc3C(F)(F)F)c3ccccc3)[nH]c2cc1C,-2.531478917042255,training
O=C(N[C@H]1CCC[C@H]1NC(=O)c1cc2ccc(Cl)cc2s1)c1ccc(-n2ccccc2=O)cc1,-1.5314789170422551,training
Cc1cccc2c1cc(C(=O)NCc1nccc3ccccc13)n2Cc1cccc(C(=N)N)c1,-1.1760912590556811,training
Cc1c(F)c(Oc2cccc(Nc3ccccc3)c2)nc(Oc2cccc(C(=N)N)c2)c1F,-3.255272505103306,training
Cc1ccc2c(c1)c(-c1cncc(N)c1)c1n2C[C@@](NC(=O)c2c(Cl)cc(-n3cnnc3)cc2Cl)(c2ccccc2)CC1,-2.4099331233312946,training
O=C(N[C@H]1CNC[C@H]1NC(=O)c1ccc(Cl)s1)c1ccc(-n2ccccc2=O)cc1,-0.9777236052888476,training
Cc1ccc(NC(=O)c2ccc3ccccc3c2)c(C(=O)Nc2ccc(Cl)cc2)c1,-1.8920946026904804,training
COc1ccc(-n2nc(C(F)(F)F)cc2C(=O)Cc2ccc(N3CCCCC3=O)cc2)cc1,-0.0,training
CCOC(=O)CN[C@H](CCc1ccccn1)C(=O)N1CCC[C@H]1C(=O)NCc1cc(Cl)ccc1CN,-0.4623979978989561,training
CC[C@H](C)[C@@H](NS(=O)(=O)Cc1ccccc1)C(=O)N[C@@H](CCSC)C(=O)NCc1ccc(C(=N)N)cc1,-2.204119982655925,training
COc1ccc(-n2nc(C(F)(F)F)c3c2C(=O)N(c2ccc(-c4ccccc4S(C)(=O)=O)cc2)CC3)c(N)c1,0.6989700043360187,training
N=C(N)c1ccc(O)c(CCCNC(=O)c2ccc(-c3c[nH]cn3)cc2)c1,-2.404833716619938,training
N=C(N)c1ccc2c(c1)[C@@H](c1ccccc1)C[C@@H](c1ccccc1-c1ccccc1C(=O)O)N2,-3.287801729930226,training
CN(C)Cc1ccccc1-c1ccc2c(c1)CCN2C(=O)c1cc(C(N)=O)nn1-c1ccc2onc(N)c2c1,-0.0,training
COC(=O)c1ccc2cc1CN(C)C(=O)[C@H](Nc1ccc3c(N)nccc3c1)c1ccc(c(C)c1)[C@@H](C)COC(=O)N2,-3.397940008672037,training
CNC(=O)c1ccc(N2CC[C@H](NS(=O)(=O)/C=C/c3ccc(Cl)s3)C2=O)c(F)c1,-1.5440680443502757,training
CC(C)COc1cccc(-c2nc3cc(C(=N)N)c(Cl)cc3[nH]2)c1O,-4.531478917042255,training
CN1CCN=C1c1cccc(Oc2nc(Oc3cc(C(=N)N)ccc3O)c(F)c(O[C@H]3CN[C@H](C(=O)O)C3)c2F)c1,0.4814860601221125,training
O=C(Nc1ccc(Cl)cc1)[C@H]1CN(Cc2ccncc2)C[C@@H]1C(=O)Nc1ccc(-n2ccccc2=O)cc1F,-1.5314789170422551,training
CC(C)c1cc(C(C)C)c(S(=O)(=O)N[C@@H](Cc2cccc(C(=N)N)c2)C(=O)N2CCC[C@H](C(=O)NCc3ccccc3)C2)c(C(C)C)c1,-3.40000061697638,training
CSCc1csc(C(=O)Nc2ccc(Cl)cc2C(=O)Nc2ccc(Cl)cc2)c1Cl,0.0969100130080563,training
CCN(CC)C(=O)[C@H](CCCN=C(N)N)NC(=O)c1ccc(OC)c(OCCc2ccc(Cl)cc2Cl)c1,-2.184691430817599,training
N=C(N)c1ccc(CNC(=O)[C@@H]2Cc3cn(nn3)Cc3cccc(n3)Cn3cc(nn3)C[C@@H](NS(=O)(=O)Cc3ccccc3)C(=O)N2)cc1,-3.269512944217916,training
COc1ccc(N2N=C(S(C)(=O)=O)C3CCN(c4ccc(C5(CN(C)C)CC5)cc4)C(=O)C32)cc1,1.2924298239020635,training
N=C(N)c1ccc(O)c(CN2CC[C@H](NS(=O)(=O)c3ccc(-c4ccon4)s3)C2=O)c1,-0.4771212547196624,training
Cc1cc(Br)c(O)c(C(=O)Nc2ccc(C(=N)N)cc2)c1,-2.6434526764861874,training
Cc1ccc2c(c1)c(C#N)c1n2C[C@@](NC(=O)c2c(Cl)cc(-n3cnnc3)cc2Cl)(c2ccccc2)CC1,-3.0342272607705505,training
O=C(N[C@@H]1COC[C@@H]1NC(=O)c1ccc(-n2ccccc2=O)cc1)c1ccc2c(Cl)c[nH]c2c1,-0.414973347970818,training
CC(C)CN(CCC#N)C(=O)[C@H](C)N1CC[C@H](NS(=O)(=O)c2ccc3cc(Cl)ccc3c2)C1=O,-2.133538908370217,training
CN(CC(=O)N[C@@H](CCCCN)B(O)O)C(=O)c1ccccc1Sc1ccccc1,-1.230448921378274,training
COc1ccc(C(=O)NCC2CCN(C3CCNCC3)CC2)cc1OCCc1ccc(Cl)cc1Cl,-3.760045327965811,training
Nc1noc2ccc(-n3nc(C(F)(F)F)cc3C(=O)Nc3ccc(C(=O)N4CCCC4)cc3F)cc12,0.0362121726544447,training
N=C(N)c1cccc(C(=O)NC(C(=O)NCC2CCC(CN)CC2)c2ccc(Cl)cc2)c1,-3.397940008672037,training
Cc1cc(C(=O)Nc2ccc(N3CCOCC3=O)cc2F)n(-c2ccc3cc(Cl)ccc3c2)n1,0.3010299956639812,training
O=C(N[C@H]1CCC[C@H]1NC(=O)c1ccc2c(Cl)c[nH]c2c1)c1ccc(N2CCCCC2=O)cc1,-0.414973347970818,training
COc1ccc(-n2nc(C(F)(F)F)c3c2C(=O)N(c2ccc(N(C)C)cc2)CC3)cc1,-0.7892280572673351,training
NC1CCc2cc(N3CC[C@H](NS(=O)(=O)c4ccc5cc(Cl)ccc5c4)C3=O)ccc21,-0.6989700043360189,training
COc1cc(Cl)cc(C(=O)Nc2ccc(Cl)cc2)c1NC(=O)c1scc(CN2CCN(C)CC2)c1Cl,0.3665315444204134,training
COc1cc(C(=O)NCC2CCN(c3ccncc3)CC2)cc(OCCc2ccc(Cl)cc2Cl)c1Cl,-1.0,training
COC(=O)N1C[C@H](C(=O)Nc2ccc(Cl)cc2)[C@@H](C(=O)Nc2ccc(-n3ccccc3=O)cc2F)C1,-1.3424226808222062,training
N=C(N)c1cc2c(OC(COC(=O)NCc3ccccc3)c3ccccc3)cccc2s1,-2.9190780923760737,training
Cc1ccc(S(=O)(=O)N[C@@H](Cc2cccc(C(=N)N)c2)C(=O)N2CCCC2)cc1,-4.88100001317165,training
N=C(N)c1cccc(Cn2c(C(=O)NCc3ccccc3)cc3ccccc32)c1,-3.8382192219076257,training
Nc1nccc2ccc(CN3CC[C@H](NS(=O)(=O)c4cc5ncccc5s4)C3=O)cc12,-1.3424226808222062,training
CS(=O)(=O)c1ccccc1-c1ccc(N2CCCC(NS(=O)(=O)c3ccc(Cl)c(Cl)c3)C2=O)c(F)c1,-1.7853298350107671,training
CCOc1cc(OC(C)C)c(F)c(C(Nc2ccc(C(=N)N)cc2)c2nc(-c3ccccc3C(=O)O)c[nH]2)c1,-3.3404441148401185,training
COc1nccc(-c2ccc(S(=O)(=O)N[C@H]3CCN(Cc4cccc(C(=N)N)c4)C3=O)s2)n1,-2.1760912590556813,training
CC(C)c1ccc(CCNS(=O)(=O)c2cc(/C(N)=N/O)ccc2O)cc1,-3.863322860120456,training
CCCS(=O)(=O)N[C@@H](C(=O)N[C@@H](CCSC)C(=O)NCc1ccc(C(=N)N)cc1)[C@@H](C)O,-4.3979400086720375,training
Cc1ccc2c3c(nn2c1)CC[C@](NC(=O)c1c(Cl)cc(-n2cnc(C)n2)cc1Cl)(c1cccc(Cl)c1)C3,-3.2258259914618934,training
CN(C)Cc1ccccc1-c1ccc(N2CCc3c(C(F)(F)F)nn(-c4cccc(C(N)=O)c4)c3C2=O)cc1,0.3545777306509081,training
O=C(Nc1cccc(OCc2ccccc2F)c1)C1CCN(c2ccncc2)CC1,-3.8344207036815328,training
CC1(C)C2CC1[C@]1(C)OB(C(Cc3ccccc3)NC(=O)[C@@H]3CCCN3C(=O)[C@H](Cc3ccccc3)NC(=O)OCc3ccccc3)O[C@@H]1C2,-0.0791812460476248,training
Cc1ccc(NC(=O)c2sc(C)nc2C)c(C(=O)Nc2ccc(Cl)cc2)c1,-2.322219294733919,training
NC(=O)c1cc(C(=O)N2CCc3cc(-n4ccccc4=O)ccc32)n(-c2ccc3onc(N)c3c2)n1,0.6989700043360187,training
CC(C)c1cc(C(C)C)c(S(=O)(=O)N[C@@H](Cc2cccc(C(=N)N)c2)C(=O)N2CCCN(C(=O)CCN=C(N)N)CC2)c(C(C)C)c1,-3.0791812460476247,training
O=C(N[C@H]1CCC[C@H]1NC(=O)c1ccc2c(Cl)c[nH]c2c1)c1ccc(-n2ccccc2=O)cc1,0.1549019599857432,training
COc1cccc(S(=O)(=O)Nc2cccn(CC(=O)NCc3nc(C(=N)N)cs3)c2=O)c1,-2.251881454552528,training
CN(C)Cc1ccccc1-c1ccc(N2CCc3c(C(F)(F)F)nn(-c4cccc(C#N)c4)c3C2=O)cc1,-1.0791812460476249,training
N=C(N)NCCC[C@@H](NC(=O)CN1CCN(S(=O)(=O)c2ccc(Cl)cc2)CC1=O)C(=O)c1nccs1,-0.3617278360175928,training
Cc1ccc(NS(=O)(=O)Cc2ccccc2)c(=O)n1CC(=O)NCC1CCc2nn(C)cc2C1,-4.977723605288848,training
COC(=O)C(Oc1cccc(-c2ccc3sc(C(=N)N)cc3c2)c1)c1ccc(Cl)cc1,-1.230448921378274,training
NC[C@H]1CC[C@H](C(=O)N[C@@H](Cc2ccccc2)c2nc(-c3ccc4c(N)n[nH]c4c3)c(Cl)[nH]2)CC1,-3.8055008581584,training
NS(=O)(=O)c1ccccc1-c1ccc(NC(=O)C2CC(c3ccc4c(c3)OCO4)=NO2)cc1,-2.690196080028514,training
O=C(NC[C@H]1CN(c2ccc(N3CCOCC3=O)cc2)C(=O)O1)c1ccc(Cl)s1,0.3068595393247051,training
NS(=O)(=O)c1ccccc1-c1ccc(NC(=O)C2CC(c3ccc(Cl)c(F)c3)=NO2)cc1,-3.397940008672037,training
CC(=O)Nc1ccc(CCOc2cc(C(=O)NCC3CCN(c4ccncc4)CC3)ccc2Cl)cc1,-4.0,training
Cc1ccc(NC(=O)c2ccc(N3CCCCC3=O)cc2)c(C(=O)Nc2ccc(Cl)cn2)c1,0.721246399047171,training
C[C@@H](C(=O)N(CCO)CC1CC1)N1CC[C@H](NS(=O)(=O)c2ccc3cc(Cl)ccc3c2)C1=O,-0.8450980400142568,training
O=C(CN1C[C@H](NC(=O)c2ccc(Cl)s2)[C@@H](OCC(F)F)C1)Nc1ccc(-n2ccccc2=O)cc1F,-1.3010299956639813,training
C[C@@]12CC[C@H]3[C@]4(C)CCC[C@@](C)(C(=O)O)[C@H]4CC[C@]3(C/C1=N/O)C2,-3.902601130666531,training
N=C(N)c1cccc(CN2C[C@H](NS(=O)(=O)c3ccc4ccccc4c3)C2=O)c1,-3.9956351945975497,training
Cc1cccc(CNC(=O)c2cc3c(O)cccc3n2Cc2cccc(C(=N)N)c2)c1,-2.1172712956557644,training
Cc1ccc2c3c(nn2c1)CC[C@](NC(=O)c1c(Cl)cc(-n2cnc(C)n2)cc1Cl)(C(C)O)C3,-2.41161970596323,training
N=C(N)c1cccc(C[C@H](NS(=O)(=O)c2cccc(NC(=O)CCN)c2)C(=O)N2CCN(C(=O)OCc3ccccc3)CC2)c1,-4.278753600952829,training
N=C(N)c1ccc(O)c(/C=C/CNc2ccc(OC3CCN(C(N)=O)CC3)c(C(F)(F)F)c2)c1,-0.8633228601204559,training
COc1ccc(-n2nc(C(F)(F)F)c3c(C)nn(-c4ccc(-c5ccccc5CN5CCCC5)cc4)c(=O)c32)cc1,-0.4471580313422192,training
Cc1ccc2c(c1)c(C)c1n2C[C@@](NC(=O)c2c(Cl)cc(-n3cnnc3)cc2Cl)(c2ccccc2)CC1,-3.2425414282983844,training
CS(=O)(=O)c1ccccc1-c1ccc(N2CCCC(NS(=O)(=O)c3cc(Cl)ccc3Cl)C2=O)c(F)c1,-2.812913356642856,training
COc1cccc(S(=O)(=O)NC2CCCN(c3ccc(-c4ccccc4S(C)(=O)=O)cc3F)C2=O)c1,-2.0,training
NCc1cccc(-n2nnnc2C(=O)Nc2ccc(-c3ccccc3S(N)(=O)=O)cc2)c1,-1.1139433523068367,training
CN1CCC(NC(=O)c2cc3ccccc3n2Cc2cc(-c3ccc(Cl)s3)on2)CC1,-1.6020599913279625,training
CN(C)C(=O)c1ccccc1-c1ccc(N2CCC(NS(=O)(=O)/C=C/c3ccc(Cl)s3)C2=O)nc1,-1.0718820073061257,training
N=C(N)c1ccc(CC(=O)[C@H](Cc2cccc(CN)c2)NC(=O)[C@@H](CCCc2ccccc2)NS(=O)(=O)Cc2cccc(C(=O)O)c2)cc1,-1.6532125137753435,training
O=C(NCC1CCN(c2ccncc2)CC1)c1ccc(F)c(OCCc2cccc(Cl)c2)c1,-2.852479993636857,training
C[C@@H](C(=O)N(CCC#N)C1CCCC1)N1CC[C@H](NS(=O)(=O)c2ccc3cc(Cl)ccc3c2)C1=O,-1.041392685158225,training
CCC(=O)Nc1cc(-c2ccc(C(N)=O)cc2C(=O)O)cc([C@@H]2C[C@](C)(c3ccccc3)c3cc(C(=N)N)ccc3N2)c1,-3.170261715394957,training
N=C(N)N1CCC(Oc2ccc(C(Oc3ccc4c(c3)CN(C(=N)N)CC4)C(=O)O)cc2)CC1,-1.6434526764861874,training
C=CCOC(=O)N1CCC(Oc2ccc(C(Oc3ccc4c(c3)CN(C(=N)N)CC4)C(=O)OCC)cc2)CC1,-3.4771212547196626,training
CN(Cc1csc(C(=O)Nc2ccc(Cl)cc2C(=O)Nc2ccc(Cl)cc2)c1Cl)CC(O)CO,-0.146128035678238,training
Cc1cn(C)c(-c2cccc(Oc3cc(C(=O)O)cc(Oc4cc(C(=N)N)ccc4O)n3)c2)n1,-0.9242792860618816,training
N=C(N)c1cccc(C[C@H](NS(=O)(=O)c2cccc(NC(=O)CCN)c2)C(=O)N2CCN(c3ccc(O)cc3)CC2)c1,-3.397940008672037,training
O=C(NC1CN(c2ccncc2)C1)c1cc2ccccc2n1Cc1cc(-c2ccc(Cl)s2)on1,-1.0791812460476249,training
O=C(NCC1CCN(c2ccncc2)CC1)c1ccc(C(F)(F)F)c(OCCc2ccc(Cl)cc2Cl)c1,-2.146128035678238,training
N=C(N)c1cccc(N2CCCN(C3CCN(Cc4ccccc4)CC3)C2=O)c1,-2.6020599913279625,training
N=C(N)c1cccc(Cn2c(C(=O)NCc3cccc(F)c3)cc3c(O)cccc32)c1,-2.8573324964312685,training
N=C(N)[C@H]1CC[C@H](CNC(=O)[C@@H]2CC[C@H]3CN(S(=O)(=O)C(c4ccccc4)c4ccccc4)CC(=O)N32)CC1,-0.3010299956639812,training
N=C(N)c1cccc(Cn2c(C(=O)NCCc3ccc(Br)cc3)cc3c(O)cccc32)c1,-3.2116544005531824,training
COc1cc(Cl)cc(C(=O)Nc2ccc(Cl)cn2)c1NC(=O)c1scc(CN(C)CCO)c1Cl,0.619788758288394,training
CN1CCN(c2ccc(NC(=O)c3sc4ccccc4c3Cl)c(C(=O)Nc3ccc(Cl)cc3)c2)CC1,-2.672097857935717,training
Cc1ccc2c(c1)ncn2-c1ccc(NC(=O)c2cc(C(F)(F)F)nn2-c2cccc(C(=N)N)c2)c(F)c1,0.5686362358410126,training
CN(C)Cc1ccc(C(=O)Nc2ccc(Cl)cc2C(=O)Nc2ccc(Cl)cn2)cc1,-0.1139433523068367,training
O=C1CN(S(=O)(=O)/C=C/c2ccc(Cl)cc2)CCN1Cc1cc2c[nH]ccc-2n1,-1.6812412373755872,training
N=C(N)c1cccc(Oc2cc(C(N)=O)cc(Oc3cccc(C(=N)N)c3)n2)c1,-1.6232492903979006,training
CN(C)S(=O)(=O)N1C[C@H](C(=O)Nc2ccc(Cl)cc2)[C@@H](C(=O)Nc2ccc(-n3ccccc3=O)cc2F)C1,-0.9030899869919436,training
CCCC(=O)Nc1cc(-c2ccc(C(N)=O)cc2C(=O)O)cc([C@@H]2C[C@](C)(c3ccccc3)c3cc(C(=N)N)ccc3N2)c1,-2.806858029518817,training
COC(=O)Nc1ccc(-c2ccnc([C@H](Cc3ccccc3)NC(=O)/C=C/c3cc(Cl)ccc3-n3cnnn3)c2)cc1,-3.0523090996473234,training
CCCCCC(NC(=O)[C@@H]1CCCN1C(=O)[C@H](Cc1ccccc1)NC(=O)OCc1ccccc1)B1O[C@@H]2CC3CC(C3(C)C)[C@]2(C)O1,0.2365720064370627,training
CN(CC(=O)N[C@@H](CCCCN)B(O)O)C(=O)c1ccccc1Sc1ccccc1C#N,-0.041392685158225,training
CCOC(=O)[C@]1(C)CCC[C@]2(C)[C@@H]1CC[C@@]13C/C(=N\OCc4c(C)noc4C)[C@@](C)(CC[C@@H]21)C3,-3.4586378490256493,training
COc1c(-c2ccccc2)cccc1-c1cc2cc(C(=N)N)ccc2[nH]1,-4.278753600952829,training
O=C(Nc1ccc(Cl)cc1)[C@H]1CN(CC(F)F)C[C@@H]1C(=O)Nc1ccc(-n2ccccc2=O)cc1F,-1.0,training
CS(=O)(=O)c1ccccc1-c1ccc(N2CCc3c(C(F)(F)F)nn(-c4ccccc4S(N)(=O)=O)c3C2=O)cc1,0.1307682802690238,training
COc1c(F)c(Oc2cccc(C(=N)N)c2)nc(Oc2cccc(C(=N)N)c2)c1F,-1.3617278360175928,training
N=C(N)c1cc2c(OC(COC(=O)Nc3ccc(F)cc3F)c3ccccc3)cccc2s1,-3.170848203643309,training
Cc1cccc2c1cc(C(=O)NCc1ccc(O)cc1)n2Cc1cccc(C(=N)N)c1,-3.2062860444124324,training
Cc1c(F)c(Oc2cccc(C(=N)N)c2)nc(Oc2cc(C(=O)N(C)C)cc(C(=O)N(C)C)c2)c1F,-2.204119982655925,training
O=C(NCc1ccc2[nH]cnc2c1)[C@@H]1CC[C@H]2CN(S(=O)(=O)C(c3ccccc3)c3ccccc3)CC(=O)N21,-1.8750612633917,training
CN1CCC(N2CCN(C(=O)[C@H](NC(=O)c3ccc4cc[nH]c4c3)c3ccccc3)CC2)CC1,-0.6627578316815741,training
COc1ccc2ccc(S(=O)(=O)N[C@H]3CCN(Cc4ccc(C(=N)N)s4)C3=O)cc2c1,-2.342422680822206,training
Cc1ccc(O)c(-c2cc3cc(C(=N)N)ccc3[nH]2)c1,-3.633468455579586,training
O=C1[C@@H](NS(=O)(=O)c2ccc3c(Cl)c[nH]c3c2)CCN1c1ccc2c(c1)CCNC2,-0.0,training
N=C(N)c1cccc(Cn2c(C(=O)NCCc3cccc(Cl)c3)cc3c(O)cccc32)c1,-2.8494194137969,training
CC1(C)CNc2c(cccc2S(=O)(=O)N[C@@H](CSCCCN)C(=O)N2CCC(CCF)CC2)C1,-4.939519252618618,training
O=C(Nc1cccc(OCc2ccc(-c3ccccc3)cc2)c1)C1CCNCC1,-3.0,training
COc1ccc(-n2nc(C(F)(F)F)c3c2C(=O)N(c2ccc(C4(CO)CC4)cc2)CC3)cc1,-0.380211241711606,training
CCOc1cc([C@@H](Nc2ccc3c(N)nccc3c2)C(=O)N2CCC[C@@H]2c2cc(NC(=O)OC)ccc2S(=O)(=O)C(C)C)c(F)cc1F,-3.653212513775344,training
N=C(N)c1cccc(C[C@H](NS(=O)(=O)c2ccc3ccccc3c2)C(=O)N2CCN(c3ccccc3)CC2)c1,-4.430999930383026,training
CCNCc1csc(C(=O)Nc2c(OC)cc(Cl)cc2C(=O)Nc2ccc(Cl)cn2)c1Cl,0.3979400086720376,training
CCOC(=O)CN(Cc1cccc(F)c1)c1ccc2c(c1)OC(C)(COc1ccc(C(=N)N)cc1)CN2C,-3.0791812460476247,training
CS(=O)(=O)c1cccc(COc2cccc(NC(=O)C3CCN(c4ccncc4)CC3)c2)c1,-4.193124598354461,training
COc1ccc(C(=O)NCC2CCN(c3cccc(C#N)c3)CC2)cc1OCCc1ccc(Cl)cc1Cl,-4.0,training
COC(=O)NC1(c2ccc(N3CCc4c(C(F)(F)F)nn(-c5ccc(OC)cc5)c4C3=O)cc2)CC1,-1.041392685158225,training
Nc1ccc(CNC(=O)CNC(=O)C(CCc2cccc[n+]2[O-])NS(=O)(=O)Cc2ccccc2)cn1,-1.3222192947339193,training
CN(C)CCOc1cc(Cl)cc(C(=O)Nc2ccc(Cl)cn2)c1NC(=O)c1ccc(N2CCCCC2=O)cc1,1.1870866433571443,training
CCOc1ccc(C(=O)Nc2ccc(C(=N)N)cc2)c(O)c1,-4.568201724066995,training
CC(C)(C)c1ccccc1-c1ccc(N2CCC(NS(=O)(=O)/C=C/c3ccc(Cl)s3)C2=O)nc1,-3.368100851709352,training
O=C(NC[C@H]1CN(c2ccc(N3CCC(C(=O)O)CC3=O)cc2)C(=O)O1)c1ccc(Cl)s1,-2.5276299008713385,training
N=C(N)c1cccc(Cn2c(C(=O)NCc3cc(F)cc(C(F)(F)F)c3)cc3c(O)cccc32)c1,-1.591064607026499,training
O=C1[C@@H](NS(=O)(=O)c2cc3ccc(Cl)cc3s2)CCN1Cc1cc2cc[nH]cc-2n1,-1.6334684555795866,training
CC(C)N1C[C@H](C(=O)Nc2ccc(Cl)cc2)[C@@H](C(=O)Nc2ccc(-n3ccccc3=O)cc2F)C1,-1.230448921378274,training
CN(C)C(=N)c1cccc(-c2ccc(C(=O)Nc3ccc(Cl)cc3C(=O)Nc3ccc(Cl)cn3)cc2)c1,-0.0,training
N=C(N)c1ccc(O)c(CCCNC(=O)c2ccc(-c3cccc(C(N)=O)c3)cc2)c1,-0.8450980400142568,training
CN(C)Cc1ccccc1-c1ccc(-c2nnc3c(C(F)(F)F)nn(-c4ccc5onc(N)c5c4)c3c2O)cc1,-0.7403626894942439,training
O=C(N[C@H]1CCC[C@H]1NC(=O)c1ccc2c(Cl)c[nH]c2c1)c1ccc(C2(CN3CCCC3)CC2)cc1,-0.380211241711606,training
COc1ccc(-n2nc(C(N)=O)c3c2C(=O)N(c2ccc(-c4ccccc4CN4CC[C@@H](O)C4)cc2)CC3)cc1,1.154901959985743,training
N=C(N)c1cccc(OCCNC(=O)c2ccccc2)c1,-3.4471580313422194,training
CN(C)Cc1ccccc1-c1ccc(N2CCCc3c(C(F)(F)F)nn(-c4ccc5onc(N)c5c4)c3C2=O)c(F)c1,0.0705810742857072,training
N=C1NCCN1Cc1ccc(C(=O)Nc2ccc(Cl)cc2C(=O)Nc2ccc(Cl)cn2)cc1,0.3010299956639812,training
CNC(=O)N1CCC(CC[C@@H](NS(=O)(=O)Cc2ccccc2)C(=O)N[C@@H](CCC2CCNCC2)C(=O)NCc2ccc(C(=N)N)cc2)CC1,-3.230448921378274,training
N=C(N)c1ccc2[nH]c(Cc3nc4cc(Cl)c(Cl)cc4[nH]3)nc2c1,-2.146128035678238,training
N=C(N)c1cccc(CN2CC[C@H](NS(=O)(=O)c3ccc4ccc(Cl)cc4c3)C2=O)c1,-1.8920946026904804,training
NCc1ccc(Cl)cc1CNC(=O)CNC(=O)C(CCc1cccc[n+]1[O-])NC(=O)C(=O)O,-0.6901960800285137,training
N=C(N)c1ccc(CNC(=O)[C@@H]2CCCN2C(=O)[C@@H](CCC(=O)N2CCNCC2)NS(=O)(=O)Cc2ccccc2)cc1,-2.7520484478194387,training
N=C(N)c1ccc2c(c1)[C@@H](c1ccccc1)C[C@@H](c1ccccc1-c1ccc(C(=O)O)cc1C(=O)O)N2,-2.9867717342662448,training
N=C(N)c1cccc(C[C@H](NS(=O)(=O)c2ccc3ccccc3c2)C(=O)N2CCCC[C@@H]2C(=O)O)c1,-4.580000004203063,training
Cc1cccn(-c2ccc(NC(=O)[C@H]3CN(S(C)(=O)=O)C[C@@H]3C(=O)Nc3ccc(Cl)cc3)c(F)c2)c1=O,-1.1760912590556811,training
CC(=O)Nc1ccc(Oc2cccc(C(=N)N)c2)nc1Oc1cccc(C(=N)N)c1,-1.7160033436347992,training
COc1ccc(-n2nc(Cn3ncnn3)c3c2C(=O)N(c2ccc(-c4ccccc4CN4CC[C@@H](O)C4)cc2)CC3)cc1,-0.041392685158225,training
CC(=N)N1CCC(Oc2ccc(C(Cc3ccc4ccc(C(=N)N)cc4c3)C(=O)O)cc2)CC1,-1.1139433523068367,training
O=CNc1ccc(C(=O)NCC2CCN(c3ccncc3)CC2)cc1OCCc1ccc(Cl)cc1Cl,-1.8750612633917,training
CN(C)CCCN(c1ccncc1)c1ccc(-c2ccc3c(C(N)=O)nn(-c4ccc5onc(N)c5c4)c3c2F)c(F)c1,-0.7160033436347992,training
N=C(N)c1cccc(C(=O)N[C@@H](C(=O)OCCC2CCN(C(=N)N)CC2)c2ccccc2)c1,-1.414973347970818,training
N=C(N)c1ccc(CNC(=O)[C@@H]2Cc3cn(nn3)Cc3ccc(cc3)Cn3cc(nn3)C[C@@H](NS(=O)(=O)Cc3ccccc3)C(=O)N2)cc1,-2.7781512503836434,training
COc1ccc2ccc(S(=O)(=O)N(Cc3cc[nH]n3)[C@H]3CCN(Cc4cccc(C(=N)N)c4)C3=O)cc2c1,-1.3222192947339193,training
O=C(N[C@@H]1CCC[C@@H]1NCc1ccc(-n2ccccc2=O)cc1)c1ccc(Cl)s1,-0.6232492903979004,training
COc1cccc(CCOc2cc(C(=O)NCC3CCN(c4ccncc4)CC3)ccc2Cl)c1,-3.396896449142524,training
O=C1[C@@H](NS(=O)(=O)c2ccc3cc(Cl)ccc3c2)CCN1c1ccc2c(c1)CNCC2,-1.0,training
N=C(N)c1ccc(CNC(=O)c2cc3c(O)cccc3n2Cc2cccc(C(=N)N)c2)cc1,-2.318063334962761,training
CCOC(=O)C(Oc1ccc2c(c1)CN(C(=N)N)CC2)c1ccc(OC2CCN(C(C)=O)CC2)cc1,-3.4771212547196626,training
COc1cc(C(=N)N)cc(Oc2nc(Oc3cccc(C(=O)N(C)C)c3)c(F)c(C)c2F)c1OC,-2.255272505103306,training
N=C(N)N1CCc2ccc(OC(C(=O)O)c3ccc(O[C@H]4CCNC4)cc3)cc2C1,-3.0,training
CN(C)CC(=O)N(C)c1ccc2c(c1)CCN2C(=O)c1cc(C(N)=O)nn1-c1ccc2onc(N)c2c1,-0.8325089127062363,training
O=C1CN(S(=O)(=O)c2cc3ccc(Cl)cc3s2)CCN1Cc1cc2c[nH]ccc-2n1,-0.6020599913279624,training
O=C(Nc1ccc(Cl)cn1)[C@H]1CN(CC(F)(F)F)C[C@@H]1C(=O)Nc1ccc(-n2ccccc2=O)cc1F,-0.9030899869919436,training
CC(C)N1CCC(NC(=O)c2cc3cccc(Cl)c3n2Cc2cc(-c3ccc(Cl)s3)on2)CC1,0.1549019599857432,training
CCOP(=O)(O)c1ccc2cc1CN(C)C(=O)[C@H](Nc1ccc3c(N)nccc3c1)c1ccc(c(C)c1)[C@@H](C)COC(=O)N2,-3.681241237375587,training
N=C(N)c1cccc(C[C@H](NS(=O)(=O)c2cccc(NC(=O)CCN)c2)C(=O)N2CCC(CCNC(N)=O)CC2)c1,-4.143014800254095,training
CN1CCC(Oc2ccc(NC/C=C/c3cc(C(=N)N)ccc3O)cc2C(F)(F)F)CC1,0.2365720064370627,training
COc1c(C(=O)Nc2ccc(C)cc2C(=O)Nc2ccc(Cl)cc2)sc2ccccc12,-0.7708520116421442,training
O=C(CN1CCN(S(=O)(=O)c2cc3ccc(Cl)cc3s2)CC1=O)NCCc1ccncc1,-1.7708520116421442,training
CS(=O)(=O)N1C[C@H](C(=O)Nc2ccc(Cl)cc2)[C@@H](C(=O)Nc2ccc(N3CCCCS3(=O)=O)cc2)C1,-2.303196057420489,training
COC(=O)[C@H](Cc1cccc(C(=N)N)c1)[C@@H](CC(C)C)NC(=O)c1ccc(-c2cccc(CN)c2)cc1,0.3979400086720376,training
C[C@@H](C(=O)N1CCOCC1)N1CC[C@H](NS(=O)(=O)c2ccc(-c3ccc(Cl)s3)o2)C1=O,-3.0791812460476247,training
COc1ccc(-n2nc(C(F)(F)F)c3c2C(=O)N(c2ccc(N)cc2)CC3)cc1,-3.202064441566891,training
CCOC(=O)[C@@H]1CCCCC1NC(=O)C(Cc1ccccc1)c1cccc2ccc(C(=N)N)cc12,-2.724275869600789,training
N=C(N)c1ccc(NC(=O)CC2CC(c3cccc(C(=N)N)c3)=NO2)cc1,-3.146128035678238,training
COc1ccc(C(=O)Nc2ccc(-c3ccccc3C#N)cc2)cc1OCCc1ccc(Cl)cc1Cl,-4.0,training
CNCc1ccccc1-c1ccc(N2CCc3c(C(N)=O)nn(-c4ccc(OC)cc4)c3C2=O)cc1,0.8386319977650252,training
Cc1ccc(-c2nc3cc(C(=N)N)ccc3[nH]2)c(O)c1,-3.9731278535996974,training
COc1ccc(C(=O)NCC2CCN(C3CCOCC3)CC2)cc1OCCc1ccc(Cl)cc1Cl,-3.021602716028242,training
COCc1onc(-c2cccc(C(=N)N)c2)c1C(=O)Nc1ccc(-c2ccccc2S(N)(=O)=O)cn1,0.1249387366082999,training
N=C(N)c1ccc2[nH]c(-c3cc(CCC(=O)O)cc(Br)c3O)c(Cc3ccccc3)c2c1,0.3010299956639812,training
COc1cccc(S(=O)(=O)Nc2cccn(CC(=O)NCc3ccc(C(=N)N)cc3)c2=O)c1,-2.1838390370564214,training
COc1cc(Cl)cc(C(=O)Nc2ccc(Cl)cn2)c1NC(=O)c1scc(CN(C)CCN2CCCC2)c1Cl,1.7212463990471711,training
CS(=O)(=O)N1C[C@H](C(=O)Nc2ccc(Cl)cc2)[C@@H](C(=O)Nc2ccc(-n3ccccc3=O)cc2)C1,-1.146128035678238,training
CC(=O)c1ccc(N2CC[C@H](NS(=O)(=O)/C=C/c3ccc(Cl)s3)C2=O)c(F)c1,-0.7781512503836436,training
NS(=O)(=O)c1ccccc1-c1ccc(NC(=O)C2CC(c3ccc(Br)cc3)=NO2)cc1,-3.612783856719736,training
CN(C)C(=O)c1ccc(NC(=O)C(Oc2cccc3sc(C(=N)N)cc23)c2ccccc2)cc1,0.2218487496163563,training
NCCCN1C(=O)[C@H]2[C@@H](C1=O)[C@@H]1CCCN1[C@H]2c1cc(-c2ccc(Cl)s2)on1,-3.991226075692495,training
N=C(N)c1cccc(Oc2ccc(N)c(Oc3cccc(C(=N)N)c3)n2)c1,-1.7242758696007892,training
CCOC(=O)[C@]1(C)CCC[C@]2(C)[C@@H]1CC[C@@]13C/C(=N\OCc4cc(C)nn4C)[C@@](C)(CC[C@@H]21)C3,-3.604765884703888,training
CC(=N)NCc1ccccc1-c1ccc(C(=O)Nc2ccc(Cl)cc2C(=O)Nc2ccc(Cl)cn2)cc1,1.0,training
CNC(=O)CCCC1CCN(C(=O)[C@H](Cc2cccc(C(=N)N)c2)NS(=O)(=O)c2cccc(-c3ccc(Cl)cc3Cl)c2)CC1,-1.505149978319906,training
NC(=O)c1cccc(-n2nc(C(F)(F)F)c3c2C(=O)N(c2ccc(-c4ccccc4CN4CC[C@@H](O)C4)cc2)CC3)c1,0.1426675035687315,training
Cc1ncn(-c2cc(Cl)c(C(=O)NC[C@@H](c3cccc(F)c3)c3nc4cc(C)c(Cl)cc4[nH]3)c(Cl)c2)n1,-4.180699201296035,training
N=C(N)c1ccc2[nH]c(Cc3ccccn3)nc2c1,-1.7781512503836436,training
CC1CCCCN1C(=O)N(Cc1cccc(C(=N)NO)c1)NS(=O)(=O)c1ccc2ccccc2c1,-3.7323937598229686,training
CCOC(=O)C(Cc1cccc(C(=N)N)c1)NC(=O)CNS(=O)(=O)c1ccc(C)cc1,-3.113943352306837,training
C[C@@H](C(=O)N1CCOCC1)N1CC[C@H](NS(=O)(=O)c2n[nH]c(-c3ccc(Cl)s3)n2)C1=O,-2.727541257028556,training
CN(C)C(=O)Cc1cc(Br)c(O)c(-c2[nH]c3ccc(C(=N)N)cc3c2Cc2ccccc2)c1,-0.3010299956639812,training
N=C(N)N1CCc2ccc(OCC3(C(=O)O)CCN(c4ccncc4)CC3)cc2C1,-1.2787536009528289,training
O=C1C(NS(=O)(=O)c2ccc3cc(Cl)ccc3c2)CCN1c1ccc(-c2ccccc2)cn1,-1.9030899869919435,training
Cc1ccc(NC(=O)c2sc3ccccc3c2Cl)c(C(=O)Nc2ccccn2)c1,-1.4771212547196624,training
COc1ccc(-n2nc(C(F)(F)F)c3c2C(=O)N(c2ccc(C4(NS(C)(=O)=O)CC4)cc2)CC3)cc1,-0.4771212547196624,training
CSC(=O)c1cc2c(O)cccc2n1Cc1cccc(C(=N)N)c1,-3.4750898033890065,training
CN(C)Cc1ccnn1-c1ccc(N2CCC(NS(=O)(=O)c3cc4ccc(Cl)cc4s3)C2=O)c(F)c1,-2.951823035315912,training
N=C(N)c1ccc(Oc2ccc(C(=O)NC3CCN(C(=O)CCN)CC3)c(Oc3ccc(C(=N)N)cc3)n2)cc1,-3.361727836017593,training
Cc1c(F)c(Oc2cccc(OC(F)(F)F)c2)nc(Oc2cccc(C(=N)N)c2)c1F,-3.255272505103306,training
C[C@@H](C(=O)N1CCOCC1)N1CC[C@H](NS(=O)(=O)c2ccc(/C=C/Cl)cc2)C1=O,-2.496929648073215,training
N=C(N)c1ccc(CNC(=O)CNC(=O)[C@@H](CO)NS(=O)(=O)c2ccc3ccccc3c2)cc1,-4.447158031342219,training
COc1ccc(-n2nc(C(F)(F)F)c3c2C(=O)N(c2ccc(C4(N(C)S(C)(=O)=O)CC4)cc2)CC3)cc1,-0.4623979978989561,training
CCOC(=O)COc1cccc(C(=O)Nc2ccc(Cl)cc2)c1NC(=O)c1sc2ccccc2c1Cl,-1.3424226808222062,training
CCC(=O)N1C[C@H](NC(=O)c2ccc(-n3ccccc3=O)cc2)[C@H](NC(=O)c2ccc(Cl)s2)C1,-0.3010299956639812,training
COc1ccc(COc2cccc(-c3ccc4sc(C(=N)N)cc4c3)c2)cc1,-4.117271295655764,training
N=C(N)c1ccc(CNC(=O)[C@@H]2Cc3ccc(cc3)CNC(=O)CN3CCN(CC3)CC(=O)NCc3ccc(cc3)C[C@@H](NS(=O)(=O)Cc3ccccc3)C(=O)N2)cc1,-3.540579716504454,training
N=C(N)c1cccc(C(=O)NCC(=O)NCC2CCC(CN)CC2)c1,-4.079181246047625,training
c1ccc(-n2cnnn2)c(Cc2nc3c(NCCC4CCCCN4)nccc3o2)c1,-0.8450980400142568,training
CS(=O)(=O)c1cc(Cl)ccc1C(=O)N[C@@H]1CCC[C@@H]1NC(=O)c1ccc(-n2ccccc2=O)cc1,-3.932473764677153,training
O=C(Nc1cccc(OCc2ccc(-c3cccc(F)c3F)cc2)c1)C1CCNCC1,-2.738780558484369,training
N=C(N)c1ccc2[nH]c(-c3cccc(-c4ccccc4)c3O)cc2c1,-1.8920946026904804,training
CCOC(=O)[C@]1(C)CCC[C@]2(C)[C@@H]1CC[C@@]13C/C(=N\OC4CCOCC4)[C@@](C)(CC[C@@H]21)C3,-3.257438566859814,training
CC(=O)N[C@@H](CCC(N)=O)C(=O)N[C@@H](CCCNC(=N)N)C(=O)N[C@@H](Cc1ccccc1)C(=O)N[C@H](C=O)CCCNC(=N)N,-2.7558748556724915,training
N=C(N)c1cccc(Oc2cc(C(=O)O)cc(Oc3cccc(C(=N)N)c3)n2)c1,-1.7708520116421442,training
N=C(N)c1cccc(C[C@H](NS(=O)(=O)c2cccc(NC(=O)CCN)c2)C(=O)N2CCCCC2)c1,-4.0,training
N=C(N)c1cccc(Cn2c(C(=O)NCc3ccc4ccc5cccc6ccc3c4c56)cc3c(O)cccc32)c1,-3.314709692955174,training
CC1CCCCN1C(=O)N(Cc1ccc(C(=N)N)cc1)NS(=O)(=O)c1ccc2ccccc2c1,-4.724275869600789,training
NC(=O)N1CCC(NC(=O)c2cc3ccccc3n2Cc2cc(-c3ccc(Cl)s3)on2)CC1,-3.031408464251624,training
O=C([C@H](O)CS(=O)(=O)c1ccc2cc(Cl)ccc2c1)N1CCC(N2CCCNC2=O)CC1,-0.255272505103306,training
CCOC(=O)[C@]1(C)CCC[C@]2(C)[C@@H]1CC[C@@]13C/C(=N\OC/C=C/c4ccc(OC(F)(F)F)cc4)[C@@](C)(CC[C@@H]21)C3,-3.295347148333618,training
CCN(CC)C(=O)[C@H](C)N1CC[C@H](NS(=O)(=O)c2ccc3cc(Cl)ccc3c2)C1=O,-1.380211241711606,training
CC(C)c1cc(C(C)C)c(S(=O)(=O)N[C@@H](Cc2cccc(C(=N)N)c2)C(=O)N2CCNCC2)c(C(C)C)c1,-3.662757831681574,training
CC(CNC(=O)c1ccc(-n2ccccc2=O)cc1)NC(=O)c1ccc(Cl)s1,-0.2304489213782739,training
N=C(N)c1cccc(CNC(=O)c2cc3c(O)cccc3n2Cc2cccc(C(=N)N)c2)c1,-0.9542425094393248,training
O=C(CN1CC[C@H](NS(=O)(=O)c2ccc3cc(Cl)ccc3c2)C1=O)N1CCCCC1,-1.7993405494535817,training
N=C(N)c1ccc(NC(=O)C2CC(c3cccc(C(=N)N)c3)=NO2)cc1,-2.431363764158988,training
CC(C)(C)C(=O)N1C[C@H](NC(=O)c2ccc(-n3ccccc3=O)cc2)[C@H](NC(=O)c2ccc(Cl)s2)C1,-0.2304489213782739,training
N=C(N)c1cc2[nH]c(-c3cccc(OC4CCCC4)c3O)nc2cc1F,-4.505149978319906,training
O=C(CN1CCN(S(=O)(=O)c2cc3ccc(Cl)cc3s2)CC1=O)Nc1ccncc1,-2.230448921378274,training
N=C(N)c1ccc(CNC(=O)[C@@H]2CCC(=O)NCc3cccc(c3)CNC(=O)CC[C@@H](NS(=O)(=O)Cc3ccccc3)C(=O)N2)cc1,-3.5352941200427703,training
N=C(N)c1ccc(O)c(CCCNC(=O)c2ccc(-c3ccccn3)s2)c1,-2.1172712956557644,training
CCC(C)c1nc2cc(OC3CCN(C(C)=N)CC3)ccc2n1Cc1ccc2ccc(C(=N)N)cc2c1,-0.5185139398778874,training
CN1CCN(Cc2ccccc2-c2ccc(NC(=O)c3cc(C(F)(F)F)nn3-c3ccc4onc(N)c4c3)c(F)c2)CC1,0.0655015487564322,training
NCCCCC(NC(=O)CN(CCc1ccccc1)C(=O)CCc1ccccc1)B(O)O,-2.113943352306837,training
N=C(N)c1ccc2c(c1)ncn2CC(=O)Nc1ccc(-c2ccccc2S(N)(=O)=O)cc1,-2.6020599913279625,training
COc1ccc(-n2nc(C(N)=O)c3c2C(=O)N(c2ccc(C4(C(C)=O)CC4)cc2)CC3)cc1,0.744727494896694,training
CCOC(=O)N1CCN(C(=O)[C@H](Cc2cccc(C(=N)N)c2)NS(=O)(=O)c2c(C(C)C)cc(C(C)C)cc2C(C)C)CC1,-3.230448921378274,training
O=C(Nc1cccc(COc2ccc(F)cc2)c1)C1CCN(c2ccncc2)CC1,-2.8887409606828927,training
Cc1cc2nc([C@@H](CNC(=O)c3ccc(-n4cnnc4)cc3Cl)c3cccc(F)c3)[nH]c2cc1C,-3.004321373782642,training
CCN1CCN(Cc2csc(C(=O)Nc3ccc(Cl)cc3C(=O)Nc3ccc(Cl)cc3)c2Cl)CC1,-0.2041199826559248,training
Cc1c(Oc2nc(Oc3cccc(C(=N)N)c3)c(F)c(C)c2F)cccc1N(C)C,-2.505149978319906,training
COc1ccc(-n2nc(C(N)=O)c3c2C(=O)N(c2ccc(C(C)(C)CN4CCOCC4)cc2)CC3)cc1,1.2218487496163564,training
O=C(N[C@H]1CCC[C@H]1NCc1ccc(Cl)s1)c1ccc(-n2ccccc2=O)cc1,-1.9138138523837167,training
COc1ccc(-n2nc(Cn3cnnn3)c3c2C(=O)N(c2ccc(-c4ccccc4CN4CC[C@@H](O)C4)cc2)CC3)cc1,0.0705810742857072,training
CS(=O)(=O)c1ccccc1-c1ccc(N2CCc3c(C(F)(F)F)nn(-c4ccccc4C(N)=O)c3C2=O)cc1,-0.3010299956639812,training
N=C(N)c1ccc(O)c(/C=C/CNC(=O)c2ccc(-c3ccc(C(N)=O)cc3)cc2)c1,-1.3010299956639813,training
CCc1nc2c([N+](=O)[O-])c(OC3CCN(C(C)=N)CC3)ccc2n1Cc1ccc2ccc(C(=N)N)cc2c1,1.0,training
Fc1cccc(COc2cccc(NCC3CCN(c4ccncc4)CC3)c2)c1,-3.583198773968623,training
CCOc1cc(C(Nc2ccc3c(N)nccc3c2)C(=O)NCc2cccc(NS(N)(=O)=O)c2)ccc1OC(C)C,-3.612783856719736,training
O=C(Nc1cccc(OCc2ccc(-c3ccc(F)cc3F)cc2)c1)C1CCNCC1,-2.709269960975831,training
COc1cc(Cl)cc(C(=O)Nc2ccc(Cl)cn2)c1NC(=O)c1scc(CN(C)c2ncc[nH]2)c1Cl,1.6989700043360187,training
O=C1[C@@H](NS(=O)(=O)/C=C/c2ccc(Cl)s2)CCN1c1ccc2c(c1)CCNC2,0.2218487496163563,training
FC(F)(CNc1nccc2oc(Cc3cc(Cl)ccc3-n3cncn3)nc12)C1CCCCN1,-0.0791812460476248,training
Cc1nn(-c2ccc3onc(N)c3c2)c2c(=O)n(-c3ccc(-c4ccccc4CNC(C)C)cc3)cnc12,-0.1760912590556812,training
Nc1ncnc2cc(CN3CCN(Cc4nc5cc(Br)ccc5[nH]4)CC3=O)ccc12,-1.230448921378274,training
N=C(N)c1cccc(C[C@H](NS(=O)(=O)c2ccc3ccccc3c2)C(=O)N2CCC(C(=O)OCc3ccccc3)CC2)c1,-3.9080000541175273,training
Nc1ccc(N2CCC(C(=O)Nc3cccc(OCc4ccc(F)cc4)c3)CC2)cc1,-4.802773725291976,training
Cc1cc(-c2ccccc2S(N)(=O)=O)ccc1NC(=O)Cc1c[nH]c2ccc(C(=N)N)cc12,-0.3617278360175928,training
N=C(N)c1cccc(C[C@H](NS(=O)(=O)c2ccc3ccccc3c2)C(=O)N2CCC(C3CCNCC3)CC2)c1,-4.380211241711606,training
N=C(N)c1ccc(CNC(=O)[C@H](CCC2CCNCC2)NC(=O)[C@H](NS(=O)(=O)Cc2ccccc2)c2ccccc2)cc1,-3.204119982655925,training
O=C(Nc1ccccc1C(=O)Nc1ccc(F)cn1)c1ccc(-n2ccccc2=O)cc1,-0.0,training
N=C(N)c1cccc(C[C@H](NS(=O)(=O)c2cccc(NC(=O)CCN)c2)C(=O)N2CCC(NC(=O)NCc3ccccc3)CC2)c1,-3.3891660843645326,training
Cc1ccc(NC(=O)c2sc3ccccc3c2Cl)c(C(=O)Nc2cccnc2)c1,-2.322219294733919,training
CS(=O)(=O)c1ccccc1-c1ccc(N2CCCC(N(CCCO)S(=O)(=O)c3ccc4cc(Cl)ccc4c3)C2=O)c(F)c1,-0.3617278360175928,training
Cc1cc2cc(N/C(=N\C(=O)c3ccc(C(=O)N(C)C)nc3)N[C@H]3CCCCN(CC(=O)N4CCCC4)C3=O)ccc2o1,-0.7160033436347992,training
CN(CC(=O)N[C@@H](CCCCN)B(O)O)C(=O)c1ccccc1Cc1ccccc1,-2.0,training
CN1CCc2nc(C(=O)N[C@@H]3C[C@@H](C(=O)N(C)C)CC[C@@H]3NC(=O)C(=O)Nc3ccc(Cl)cn3)sc2C1,0.2518119729937995,training
O=C(N[C@H]1CCC[C@H]1NC(=O)c1ccc(Cl)c(F)c1)c1ccc(-n2ccccc2=O)cc1,-2.3541084391474008,training
CC(=O)Nc1cccc(-n2nc(C(F)(F)F)c3c2C(=O)N(c2ccc(-c4ccccc4CN(C)C)cc2)CC3)c1,-1.944482672150169,training
COc1cccc(-n2nc(C)cc2C(=O)Nc2ccc(-c3ccccc3S(N)(=O)=O)cc2)c1,-2.041392685158225,training
N=C(N)c1cccc(C[C@H](NS(=O)(=O)c2cccc(NC(=O)CCN)c2)C(=O)N2CCC(CCCC(N)=O)CC2)c1,-3.9138138523837167,training
CCOc1ccc(C(Nc2ccc(C(=N)N)cc2)C(=O)NCc2ccccc2)cc1OCC,-4.278753600952829,training
CS(=O)(=O)c1ccccc1-c1ccc(NC(=O)c2conc2-c2cccc(C(=N)N)c2)cc1,1.0,training
N=C(N)c1ccc2[nH]c(-c3ccccc3O)nc2c1,-4.146128035678238,training
Nc1noc2ccc(-n3nc(C(F)(F)F)cc3C(=O)Nc3ccc(-c4ccccc4CNC4CCCC4)cc3F)cc12,0.5228787452803376,training
COCCN1C[C@H](C(=O)Nc2ccc(Cl)cc2)[C@@H](C(=O)Nc2ccc(-n3ccccc3=O)cc2F)C1,-1.6434526764861874,training
N=C(N)c1cc2cc(-c3cccc(OCc4ccc(F)c(Cl)c4)c3)ccc2s1,-1.740362689494244,training
N=C(N)c1cccc(C(=O)N[C@@H](C(=O)NCCCc2ccccc2)c2ccccc2)c1,-2.161368002234975,training
COc1ccc(-n2nc(C(N)=O)c3c2C(=O)N(C2CCN(c4ccccc4CN(C)S(C)(=O)=O)CC2)CC3)cc1,-1.9084850188786493,training
O=C(Nc1cccc(OCc2ccc(F)cc2)c1)C1CCN(c2ccccn2)CC1,-4.892094602690481,training
Cc1ccc2c(c1)c(-c1nn[nH]n1)c1n2C[C@@](NC(=O)c2c(Cl)cc(-n3cnnc3)cc2Cl)(c2ccccc2)CC1,-2.705007959333336,training
CC(=N)N1CCC(Oc2ccc3c(nc(C)n3Cc3ccc4ccc(C(=N)N)cc4c3)c2[N+](=O)[O-])CC1,0.5228787452803376,training
N=C(N)c1cccc(CN2CC[C@H](NS(=O)(=O)c3cc4c(Cl)nccc4s3)C2=O)c1,-1.591064607026499,training
CCc1nc2cc(OC3CCN(C(C)=N)CC3)ccc2n1Cc1ccc2ccc(C(=N)N)cc2c1,-0.6020599913279624,training
N=C(N)c1cccc(-n2nc(C(F)(F)F)cc2C(=O)Nc2ccc(-n3cnc4ccc(Cl)cc43)cc2F)c1,0.6020599913279624,training
N=C(N)c1cccc(CN2CC[C@H](NS(=O)(=O)c3ccc4ccccc4c3)C2=O)c1,-2.361727836017593,training
O=C1C(NS(=O)(=O)c2cc3ccc(Cl)nc3s2)CCCN1c1ccc(-n2ccccc2=O)cc1,1.3010299956639813,training
CCOC(=O)[C@]1(C)CCC[C@]2(C)[C@@H]1CC[C@@]13C[C@@H](O)[C@@](C)(CC[C@@H]21)C3,-4.399396792103312,training
COc1ccc(-n2nc(C(F)(F)F)c3c2C(=O)N(c2ccc(-c4ccccc4S(C)(=O)=O)cc2)CC3)c(S(N)(=O)=O)c1,0.9208187539523752,training
CS(=O)(=O)c1ccccc1-c1ccc(N2CCCC(NS(=O)(=O)c3ccc(F)c(F)c3)C2=O)c(F)c1,-2.431363764158988,training
O=C(Nc1cccc(OCc2ccc(-c3c(F)cc(F)cc3F)cc2)c1)C1CCNCC1,-3.9763499790032735,training
O=C(NCC1CCN(c2ccncc2)CC1)c1ccc(Br)c(OCCc2ccc(Cl)cc2Cl)c1,-1.880813592280792,training
CC(C)N1CCC(NC(=O)c2cc3cc(OCc4ccccc4)ccc3n2Cc2cc(-c3ccc(Cl)s3)on2)CC1,-2.921686475483602,training
CCCCNC(=O)[C@H](Cc1cccc(C(=N)N)c1)NS(=O)(=O)c1ccc2ccccc2c1,-4.669999961664622,training
CN1CC(C)(COc2ccc(C(=N)N)cc2)Oc2ccc(N(CC(=O)O)Cc3ccc(F)c(F)c3)cc21,-3.812913356642856,training
Cc1c(F)c(Oc2cccc(C(=N)N)c2)nc(Oc2cccc(C(N)=O)c2)c1F,-2.4471580313422194,training
CC1CCN(C(=O)[C@H](Cc2cccc(C(=N)N)c2)NS(=O)(=O)C[C@]23CC[C@H](CC2=O)C3(C)C)CC1,-4.150000140008875,training
COc1ccc(C(Nc2ccc(C(=N)N)cc2)C(=O)NCc2ccccc2)cc1OC,-4.477121254719663,training
COc1ccc(C(=O)N2CCN(Cc3ccc(F)cc3)CC2)cc1OCCc1ccc(Cl)cc1Cl,-3.5938396610812715,training
CCOC(=O)CN[C@H](CCc1cccc[n+]1[O-])C(=O)N1CCC[C@H]1C(=O)NCc1cc(Cl)ccc1CN,-0.2304489213782739,training
CC(C)Oc1ccc(-c2cccc(S(=O)(=O)NC(Cc3cccc(C(=N)N)c3)C(=O)N3CCC(CCN)CC3)c2)cc1,-3.531478917042255,training
Nc1noc2ccc(-n3nc(C(F)(F)F)cc3C(=O)Cc3ccc(-c4ccccc4S(N)(=O)=O)cc3)cc12,0.2757241303992109,training
O=C(NC1CCN(C2CCCCC2)CC1)c1cc2ccccc2n1Cc1cc(-c2ccc(Cl)s2)on1,-2.0253058652647704,training
COc1c(Br)cc(CCC(=O)O)cc1-c1[nH]c2ccc(C(=N)N)cc2c1Cc1ccccc1,-1.6532125137753435,training
CN(C)c1cccc2c(S(=O)(=O)N[C@@H](Cc3cccc(C(=N)N)c3)C(=O)N3CCN(S(C)(=O)=O)CC3)cccc12,-3.5899998381415923,training
N=C(N)c1ccc2[nH]cc(C(Cc3ccccc3)C(=O)NCc3cccc(C(=O)Nc4nc5ccccc5[nH]4)c3)c2c1,-3.4149733479708178,training
CN1C(=O)C(Cc2ccc(C(=N)N)cc2)Oc2cc(N(Cc3ccccc3)C(=O)CCC(=O)O)ccc21,-4.201397124320452,training
CC1CCCCN1CCCN(Cc1ccc2ccc(C(=N)N)cc2c1)C(=O)c1cccc2ccccc12,-2.1367205671564067,training
COc1ccc(-n2nc(C(N)=O)c3c2C(=O)N(C2CCN(c4ccccc4S(N)(=O)=O)CC2)CC3)cc1,-0.5910646070264992,training
N=C(N)c1cccc(CN2CCC[C@H](NS(=O)(=O)c3ccc4ccccc4c3)C2=O)c1,-3.113943352306837,training
N=C(N)c1cccc(C[C@H](NS(=O)(=O)c2cccc(NC(=O)CCN)c2)C(=O)N2CCC(CCCN=C(N)N)CC2)c1,-4.113943352306837,training
N=C(N)c1ccc(CNC(=O)[C@H](CCC2CCNCC2)NC(=O)[C@@H](CCc2ccncc2)NS(=O)(=O)Cc2ccccc2)cc1,-1.3010299956639813,training
CC/C=C(/C1=NOC(C(=O)Nc2ccc(-c3ccccc3S(N)(=O)=O)cc2)C1)c1ccccc1,-4.380211241711606,training
N=C(N)NCc1ccccc1-c1ccc(C(=O)Nc2ccc(Cl)cc2C(=O)Nc2ccc(Cl)cn2)cc1,0.5228787452803376,training
Cn1cnc(-c2ccc(N3CCC(NS(=O)(=O)c4ccc5cc(Cl)ccc5c4)C3=O)c(F)c2)c1,-1.1903316981702914,training
CCCCCCOc1ccccc1C1=NOC(C(=O)Nc2ccc(-c3ccccc3S(N)(=O)=O)cc2)C1,-3.255272505103306,training
Nc1noc2ccc(-n3nc(C(F)(F)F)cc3C(=O)Nc3ccc(-c4ccccc4CN4CC4)cc3F)cc12,0.3979400086720376,training
N=C(N)c1cccc(N2CC(CNC(=O)c3ccccc3)CN(CC3CCN(Cc4ccccc4)CC3)C2=O)c1,-2.8750612633917,training
CN1CCC(N2CCN(C(=O)Cc3csc(NC(=O)c4ccc(Cl)cc4)n3)CC2)CC1,-2.2095150145426308,training
Cc1c(F)c(Oc2cccc(C(=N)N)c2)nc(Oc2ccc(Cl)c(N(C)C)c2)c1F,-2.6989700043360187,training
O=C(Nc1ccc(Cl)cc1)c1cc(Cl)ccc1NC(=O)c1scc(COCC(O)CO)c1Cl,-0.7558748556724915,training
N=C(N)c1cccc(C2=NO[C@H](Cn3cnnn3)[C@H]2C(=O)Nc2ccc(-c3ccccc3S(N)(=O)=O)cc2)c1,-0.3617278360175928,training
N=C(N)c1ccc(CNC(=O)[C@@H]2CCCN2C(=O)[C@@H](CCC(=O)N2CCN(C(=O)OCc3ccccc3)CC2)NS(=O)(=O)Cc2ccccc2)cc1,-2.598790506763115,training
N=C(N)N1CCC(CNC(=O)[C@@H]2CC[C@H]3CN(S(=O)(=O)CC(c4ccccc4)c4ccccc4)CC(=O)N32)CC1,-0.9030899869919436,training
COc1ccc(-n2nc(C(=O)N(C)C)c3c2C(=O)N(c2ccc(-c4ccccc4CN4CC[C@@H](O)C4)cc2)CC3)cc1,-0.2304489213782739,training
CNC(=O)c1cc(Oc2cccc(C(=N)N)c2)nc(Oc2cccc(C(=N)N)c2)c1,-1.7781512503836436,training
N=C(N)c1ccc(CNC(=O)c2cc3cc(N)ccc3n2Cc2cccc(C(=N)N)c2)cc1,-1.9493900066449128,training
N=C(N)c1cccc(-n2nc(C(F)(F)F)cc2C(=O)Nc2ccc(-n3cnc4cccnc43)cc2F)c1,1.6989700043360187,training
CCOc1ccc(-c2cccc(S(=O)(=O)N[C@@H](Cc3cccc(C(=N)N)c3)C(=O)N3CCC(CCN)CC3)c2)c(Cl)c1,-2.230448921378274,training
N=C(N)c1ccc(CC(=O)C(=O)O)c(OCCNC(=O)C2CCN(c3ccncc3)CC2)c1,-1.3222192947339193,training
COC(=O)C1CCN(C(=O)[C@H](Cc2cccc(C(=N)N)c2)NS(=O)(=O)c2c(C(C)C)cc(C(C)C)cc2C(C)C)CC1,-3.41500007296279,training
CN(C)CCCN1C(=O)[C@H]2[C@@H](C1=O)[C@@H]1CCCN1[C@H]2c1cc(-c2ccc(Cl)s2)on1,-1.7481880270062005,training
N=C(N)c1cccc(Cn2c(C(=O)NC(c3ccccc3)c3ccncc3)cc3ccccc32)c1,-3.846955325019824,training
CC(C)NC(C)c1ccc(N2CC[C@H](NS(=O)(=O)c3ccc4cc(Cl)ccc4c3)C2=O)c(F)c1,-0.0,training
N#Cc1cnc(NCC(F)(F)c2ccccc2)c(=O)n1CC(=O)NCCONC(=N)N,-3.812913356642856,training
N=C(N)c1cccc(Cn2c(C(=O)NCc3cccc(Cl)c3)cc3c(O)cccc32)c1,-2.418301291319745,training
N=C(N)c1cccc(CNC(=O)c2cc3cc(O)ccc3n2Cc2cccc(C(=N)N)c2)c1,-1.8864907251724816,training
CC(=N)N1CCC(Oc2ccc(NCc3ccc4ccc(C(=N)N)cc4c3)cc2[N+](=O)[O-])CC1,1.0969100130080565,training
COc1ccc(-n2nc(C(F)(F)F)c3c2C(=O)N(c2ccc(C4(C5=NCCN5)CC4)cc2)CC3)cc1,1.6777807052660807,training
Nc1noc2ccc(-n3nc(C(F)(F)F)cc3C(=O)Nc3ccc(-c4ccccc4Cn4ccnc4)cc3F)cc12,0.1804560644581313,training
O=C(Nc1ccccc1CNc1ccc(Cl)cn1)c1ccc(-n2ccccc2=O)cc1,0.2076083105017461,training
COCCOCc1csc(C(=O)Nc2ccc(Cl)cc2C(=O)Nc2ccc(Cl)cc2)c1Cl,-1.0791812460476249,training
Nc1noc2ccc(-n3nc(C(F)(F)F)cc3C(=O)Nc3ccc(-c4ccccc4CNC4CCC4)cc3F)cc12,0.6989700043360187,training
COc1ccc(-n2nc(C(F)(F)F)c3c2C(=O)N(c2ccc(C4(C(=O)N(C)C)CC4)cc2)CC3)cc1,-0.7634279935629373,training
Cc1ccc(O)c2c3c(nn12)CCC(C)(NC(=O)c1ccc(-n2cnnc2)cc1Cl)C3,-4.079181246047625,training
Cc1cccc2cc(C(=O)NC3CCN(C(C)C)CC3)n(CC(=O)Nc3ccc(Cl)cc3)c12,-0.4771212547196624,training
Nc1cc(C2=NOC(CNS(N)(=O)=O)(C(=O)Nc3ccc(-c4ccccc4S(N)(=O)=O)cn3)C2)ccc1Cl,-0.7403626894942439,training
Nc1ccc(CNC(=O)[C@@H]2CCCN2C(=O)[C@@H](Cc2ccc(Cl)c(Cl)c2)NS(=O)(=O)Cc2ccccc2)cn1,-3.880813592280792,training
CC(=N)N1CCC(Oc2ccc(NC/C=C/c3cc(C(=N)N)ccc3O)cc2C(F)(F)F)CC1,1.0,training
CC(C)N1CCC(NC(=O)c2cc3ccccc3n2CCc2ccc(Cl)cc2Cl)CC1,-2.675778341674085,training
C[C@@H](C(=O)N1CCOCC1)N1CC[C@H](NS(=O)(=O)c2nc3cc(Cl)ccc3s2)C1=O,-2.049218022670181,training
CC(=N)N1CCC(c2ccc(NC(=O)CN(Cc3cccc(OCC(=O)O)c3)c3cccc(C(=N)N)c3)cc2)CC1,-0.2342641243787893,training
CCOc1cc(OC(C)C)c(F)c(C(Nc2ccc(C(=N)N)cc2)c2nc(-c3cccc(C)c3)c[nH]2)c1,-2.6532125137753435,training
Cc1nc2c(C(F)(F)F)nn(-c3ccc4onc(N)c4c3)c2c(=O)n1-c1ccc(-c2ccccc2CN2CC[C@@H](O)C2)cc1,0.744727494896694,training
CCC(CC)N1CCC(NC(=O)c2cc3ccccc3n2Cc2cc(-c3ccc(Cl)s3)on2)CC1,-2.342422680822206,training
CCOC(=O)[C@]1(C)CCC[C@]2(C)[C@@H]1CC[C@@]13C/C(=N\OC/C=C/c4ccccc4)[C@@](C)(CC[C@@H]21)C3,-4.029261995804175,training
N=C(N)c1cccc(CN2CC[C@H](NS(=O)(=O)c3ccc4c(N)nccc4c3)C2=O)c1,-1.9542425094393248,training
N=C(N)c1ccc2[nH]cc(C(Cc3ccccc3)C(=O)Nc3ccc(-c4ccccc4S(N)(=O)=O)cc3)c2c1,0.2006594505464183,training
CN(C)Cc1ccccc1NC(=O)OCC(Oc1cc(F)cc2sc(C(=N)N)cc12)c1ccccc1,-3.1344958558346736,training
C[C@@H](C(=O)N(CCNS(C)(=O)=O)CC1CC1)N1CC[C@H](NS(=O)(=O)c2ccc3cc(Cl)ccc3c2)C1=O,-0.3010299956639812,training
COC(=O)c1nn(-c2ccc(OC)cc2)c2c(=O)n(-c3ccc(-c4ccccc4S(N)(=O)=O)cc3)cnc12,-0.4471580313422192,training
CN(C)Cc1ccn(-c2ccc(N3CCC(NS(=O)(=O)c4cc5ccc(Cl)cc5s4)C3=O)c(F)c2)n1,-2.096910013008056,training
C[C@@H](C(=O)N1CCOCC1)N1CC[C@H](NS(=O)(=O)/C=C/c2ccc(Cl)s2)C1=O,-0.6020599913279624,training
COc1ccc(-n2nc(C(F)(F)F)cc2C(=O)Cc2ccc(-n3ccccc3=O)cc2F)cc1,1.0457574905606752,training
O=C(Nc1ccc(Cl)cc1)[C@H]1CN(CCO)C[C@@H]1C(=O)Nc1ccc(-n2ccccc2=O)cc1F,-1.380211241711606,training
CN(CC(=O)N[C@@H](CCCCN)C(=O)C(=O)Nc1ccc(Oc2cccc(N)c2)cc1)C(=O)c1ccccc1Sc1ccccc1C#N,-2.0791812460476247,training
CCOC(=O)CCC(=O)N(Cc1ccccc1)c1ccc2c(c1)OC(C)(COc1ccc(C(=N)N)cc1)CN2C,-4.2552725051033065,training
Nc1cc(C2=NOC(CNS(=O)(=O)c3cccnc3)(C(=O)Nc3ccc(-c4ccccc4S(N)(=O)=O)cn3)C2)ccc1Cl,-0.4771212547196624,training
CS(=O)(=O)NCC1(C(=O)Nc2ccc(-c3ccccc3S(N)(=O)=O)cn2)CC(c2ccc3onc(N)c3c2)=NO1,-0.6627578316815741,training
NCc1ccc(Cl)cc1CNC(=O)CNC(=O)[C@@H](CCc1cccc[n+]1[O-])NS(=O)(=O)Cc1ccccc1,1.0222763947111522,training
CNC1(c2ccc(N3CCc4c(C#N)nn(-c5ccc(OC)cc5)c4C3=O)cc2)CC1,0.5086383061657274,training
Cc1cc2nc([C@@H](CNC(=O)c3c(F)cc(-n4cnnc4)cc3Cl)c3ccccc3)[nH]c2cc1C,-2.73559889969818,training
CNCc1cc(NC(=O)OCC(Oc2cccc3sc(C(=N)N)cc23)c2ccccc2)n(C)n1,-3.103803720955957,training
CC(=O)N[C@@H](CCC(N)=O)C(=O)N[C@@H](CCCNC(=N)N)C(=O)N[C@@H](CO)C(=O)N[C@H](C=O)CCCNC(=N)N,-2.556302500767288,training
N=C(N)c1cccc(C(=O)NC(C(=O)NCC2CCC(CN)CC2)c2ccc(-c3ccccc3)cc2)c1,-2.903089986991944,training
NC(=O)c1cc(C(=O)N2CCc3cc(N4CCCCC4=O)ccc32)n(-c2ccc3onc(N)c3c2)n1,-0.380211241711606,training
Cc1cccc(C(=O)Nc2ccc(C(=N)N)cc2)c1O,-3.755874855672492,training
CN1CCCC1CCN(Cc1ccc2ccc(C(=N)N)cc2c1)C(=O)c1cccc2ccccc12,-2.0453229787866576,training
Cc1ccc(O)c(-c2nc3cc(C(=N)N)ccc3[nH]2)c1,-4.204119982655925,training
N=C(N)c1cccc(Cn2c(C(=O)NCc3cc(Cl)cc(Cl)c3)cc3c(O)cccc32)c1,-0.6989700043360189,training
C[C@@H](C(=O)NCCNS(C)(=O)=O)N1CC[C@H](NS(=O)(=O)c2ccc3cc(Cl)ccc3c2)C1=O,-4.5910646070265,training
NC(N)=NCCC[C@@H](CCl)NC(=O)[C@@H]1CCCN1C(=O)[C@H](N)Cc1ccccc1,-2.2174839442139063,training
Cc1ccc2c(c1)c(/C=N/O)c1n2C[C@@](NC(=O)c2c(Cl)cc(-n3cnnc3)cc2Cl)(c2ccccc2)CC1,-2.598790506763115,training
CC(C)N1CCC(NC(=O)c2cc3ccccc3n2-c2cccc(Cl)c2)CC1,-3.954724790979063,training
N=C(N)c1cccc(CN2CC[C@H](NS(=O)(=O)c3ccc4cnccc4c3)C2=O)c1,-2.57978359661681,training
COC(=O)CC(CCc1ccc(C(=O)OC)cc1)c1cccc(C(=N)N)c1,-3.4471580313422194,training
CC(=N)N1CCC(Oc2ccc3c(c2)nc(CCC(N)=O)n3Cc2ccc3ccc(C(=N)N)cc3c2)CC1,-0.5563025007672873,training
COc1cccc(S(=O)(=O)Nc2cccn(CC(=O)NCc3ccc(C(=N)N)cc3OC)c2=O)c1,-1.885361220031512,training
CN(C)CCOc1ccc(NC(=O)OCC(Oc2cccc3sc(C(=N)N)cc23)c2ccccc2)cc1,-2.940516484932567,training
CS(=O)(=O)N1C[C@H](C(=O)Nc2ccc(Cl)cc2)[C@@H](C(=O)Nc2ccc(C(=O)N3CC=CC3)cc2)C1,-1.963787827345556,training
N=C(N)c1cccc(N2CCCCN(C3CCN(Cc4ccccc4)CC3)C2=O)c1,-2.008600171761917,training
CCOc1cc(C(=O)NCC2CCN(c3ccncc3)CC2)cc(OCCc2ccc(Cl)cc2Cl)c1Br,-1.934498451243568,training
CC(C)c1cc(C(C)C)c(S(=O)(=O)N[C@@H](Cc2cccc(C(=N)N)c2)C(=O)N2CCN(C(=O)CCN)CC2)c(C(C)C)c1,-4.176091259055681,training
CCOC(=O)CN(Cc1cc(F)cc(F)c1)c1ccc2c(c1)OC(C)(COc1ccc(C(=N)N)cc1)CN2C,-4.176091259055681,training
Cc1cc2ccc1[C@@H](C)COC(=O)Nc1ccc(C3(C(=O)O)CCC3)c(c1)CN(C)C(=O)[C@@H]2Nc1ccc2c(N)ncc(F)c2c1,-2.929418925714293,training
O=C(N[C@H]1CN(C(=O)c2ccccc2)C[C@H]1NC(=O)c1ccc(Cl)s1)c1ccc(-n2ccccc2=O)cc1,-0.3424226808222063,training
COc1ccc(-n2nc(C(F)(F)F)cc2C(=O)NC2CCN(c3ccccc3CN3CCCC3)CC2)cc1,-1.462397997898956,training
COC(=O)C(Cc1ccccc1)C(=O)Nc1ccc2c(c1)OC(Cc1ccc(C(=N)N)cc1)C(=O)N2C,-4.768638101247614,training
CNC1CCc2cc(N3CC[C@H](NS(=O)(=O)c4ccc5c(Cl)c[nH]c5c4)C3=O)ccc21,0.5228787452803376,training
O=C(N[C@H]1C[C@H](C(=O)O)C[C@H]1NC(=O)c1ccc(Cl)s1)c1ccc(-n2ccccc2=O)cc1,-0.2787536009528289,training
Cn1cc(C(Cc2ccccc2)C(=O)Nc2ccc(-n3cnc4ccccc43)cc2F)c2cc(C(=N)N)ccc21,-2.204119982655925,training
CCCS(=O)(=O)NC(CCc1cccc[n+]1[O-])C(=O)NCC(=O)NCc1cc(Cl)ccc1CN,-0.5314789170422551,training
Cc1ccccc1NC(=O)OCC(Oc1cccc2sc(C(=N)N)cc12)c1ccccc1,-3.073351702386901,training
N=C(N)c1ccc(C(=O)NCCOc2cccc(C(=N)N)c2)cc1,-2.342422680822206,training
CNCc1csc(C(=O)Nc2c(OC)cc(Cl)cc2C(=O)Nc2ccc(Cl)cn2)c1Cl,0.6777807052660807,training
COC(=O)N1CCC(CCC[C@@H](NS(=O)(=O)Cc2ccccc2)C(=O)N[C@@H](CCC2CCNCC2)C(=O)NCc2ccc(C(=N)N)cc2)CC1,-2.6020599913279625,training
CCN(CC)CCN(C)C(=O)N(C1CCCN(c2ccc(-c3ccccc3S(C)(=O)=O)cc2F)C1=O)S(=O)(=O)c1ccc2cc(Cl)ccc2c1,-0.041392685158225,training
N=C(N)c1cccc(N2CCCCN(C3CCN(C(=N)N)CC3)C2=O)c1,-3.397940008672037,training
O=C(NC1CCN(C2CC2)CC1)c1cc2ccccc2n1Cc1cc(-c2ccc(Cl)s2)on1,-1.4313637641589874,training
N=C(N)c1ccc2[nH]c(-c3cc(CC(N)=O)cc(Br)c3O)c(Cc3ccccc3)c2c1,-0.3010299956639812,training
N=C(N)c1cccc(-c2ccc(C(=O)Nc3ccc(Cl)cc3C(=O)Nc3ccc(Cl)cn3)cc2)c1,0.1549019599857432,training
Cn1c(CNc2ccc(C(=N)N)cc2)nc2cc(C3(C(=O)N4CCCC4)CC3)ccc21,-1.1760912590556811,training
COc1cc(Cl)cc(C(=O)Nc2ccc(Cl)cn2)c1NC(=O)c1scc(CN(C)C2=NCC(C)O2)c1Cl,0.9208187539523752,training
N=C(N)c1cccc(C(=O)N[C@@H](C(=O)N2CCN(c3ccc(F)cc3)CC2)c2ccccc2)c1,-1.1760912590556811,training
Cc1cc(C)cc(CCN(CC(=O)NC(CCCCN)B(O)O)C(=O)CCc2ccccc2)c1,-1.7323937598229686,training
N=C(N)c1cccc(C[C@H](NS(=O)(=O)c2cccc(NC(=O)CCN)c2)C(=O)N2CCCC(C(N)=O)C2)c1,-4.176091259055681,training
CN1CC(C)(COc2ccc(C(=N)N)cc2)Oc2cc(N(CC(=O)O)Cc3ccc(F)c(F)c3)ccc21,-3.643452676486187,training
CN(CC(=O)N[C@@H](CCCCN)C(=O)C(=O)Nc1ccccc1)C(=O)c1ccccc1Sc1ccccc1C#N,-1.7323937598229686,training
N/C=N/CCCC(NC(=O)CN(CCc1ccccc1)C(=O)CCc1ccccc1)B(O)O,-1.3424226808222062,training
O=C(CNC(=O)[C@@H](CCc1cccc[n+]1[O-])NS(=O)(=O)Cc1ccccc1)NCCc1ccncc1,-3.591064607026499,training
N=C(N)NCCC1CCN(C(=O)[C@H](Cc2cccc(C(=N)N)c2)NS(=O)(=O)c2ccc(C3CCCCC3)cc2)CC1,-3.255272505103306,training
CCC(=O)CN([C@H]1CCN([C@@H](C)C(=O)N2CCOCC2)C1=O)S(=O)(=O)c1ccc2cc(Cl)ccc2c1,-0.0,training
COc1ccc(-n2nc(C(N)=O)c3c2C(=O)N(c2ccc(C(C)(C)CN4CCCCC4=O)cc2)CC3)cc1,-0.1760912590556812,training
CN(C)Cc1[nH]ncc1-c1ccc(-c2ccc3c(C(N)=O)nn(-c4ccc5onc(N)c5c4)c3c2F)c(F)c1,-0.146128035678238,training
O=C(Nc1ccc(Cl)cc1)c1cc(Cl)ccc1NC(=O)c1sc(CN2CCOCC2)cc1Cl,-1.5314789170422551,training
Cc1nc2c(Oc3cc(C(=N)N)ccc3O)nc(Oc3cccc(C(=O)N(C)C)c3)nc2n1Cc1ccccc1,0.3767507096020995,training
C[C@@H](C(=O)N1CCOCC1)N1CC[C@H](NS(=O)(=O)c2cc3ccc(Cl)cc3o2)C1=O,-2.45484486000851,training
CC(C)N(CCN1CCOCC1)C(=O)[C@H](C)N1CC[C@H](N(CC(N)=O)S(=O)(=O)c2ccc3cc(Cl)ccc3c2)C1=O,-0.0,training
N=C(N)c1cccc(CN2CC[C@H](NS(=O)(=O)c3ccc4ccc(Cl)nc4c3)C2=O)c1,-2.8573324964312685,training
COc1ccc(-n2nc(C#N)c3c2C(=O)N(c2ccc(C4(CN5CCOCC5)CC4)cc2)CC3)cc1,1.031517051446065,training
Cc1ccc(C(=O)N2CCN(Cc3cc[n+]([O-])cc3)CC2)cc1OCCc1ccc(Cl)cc1Cl,-2.60959440922522,training
CC(=N)N1CCC(Oc2ccc3nc(C)n(Cc4ccc5ccc(C(=N)N)cc5c4)c3c2)CC1,0.5686362358410126,training
COc1ccc(C(=O)NC2(C(=O)NCC3CCN(c4ccncc4)CC3)CC2)cc1,-2.2430380486862944,training
CN(c1ccccc1-c1ccc(N2CCC(NS(=O)(=O)/C=C/c3ccc(Cl)s3)C2=O)nc1)S(C)(=O)=O,-0.9590413923210936,training
COC(=O)[C@H](Cc1cccc(C(=N)N)c1)[C@@H](CCc1ccccc1)NC(=O)c1ccc(-c2ccccc2)cc1,-1.3222192947339193,training
Cc1cccc2c(C#N)c(C(=O)NC3CCN(C(C)C)CC3)n(CC(=O)Nc3ccc(Cl)cc3)c12,-1.414973347970818,training
CN(C)Cc1ccccc1-c1ccc(N2CCc3c(C(F)(F)F)nn(-c4cccc5onc(N)c45)c3C2=O)cc1,1.3979400086720375,training
COc1c(Br)csc1C(=O)Nc1ccc(C)cc1C(=O)Nc1ccc(Cl)cc1,-1.7323937598229686,training
CN(C)Cc1ccccc1-c1ccc(-c2ccc3c(C(N)=O)nn(-c4ccc5onc(N)c5c4)c3c2F)c(F)c1,-0.9084850188786496,training
COc1ccc2ccc(S(=O)(=O)N(C)[C@H]3CCN(Cc4cc(C(=N)N)ccc4NC(C)=O)C3=O)cc2c1,-2.9633155113861114,training
O=C(Cn1ccnc(NCC(F)(F)c2cccc[n+]2[O-])c1=O)NCc1cc(Cl)ccc1-n1cnnn1,-0.6989700043360189,training
CN(c1ccncc1)c1ccc(-c2ccc3c(C(N)=O)nn(-c4ccc5onc(N)c5c4)c3c2F)c(F)c1,-0.6127838567197355,training
N=C(N)c1ccc(O)c(CCCNC(=O)c2ccc(-c3ccccc3)cc2)c1,-1.944482672150169,training
CC(=N)N1CCC(Oc2ccc3c(c2)nc(C(C)(C)C)n3Cc2ccc3ccc(C(=N)N)cc3c2)CC1,-0.3010299956639812,training
Cc1ccc(C(=O)N[C@@H]2CCC[C@@H]2NC(=O)c2ccc(-n3ccccc3=O)cc2)s1,-0.8987251815894934,training
N=C(N)c1ccc(CNC(=O)[C@H](CCC2CCNCC2)NC(=O)[C@@H](CCC2CCNCC2)NS(=O)(=O)Cc2ccccc2)cc1,-1.9542425094393248,training
O=C1C(NS(=O)(=O)/C=C/c2ccc(Cl)s2)CCN1c1ccc(-n2ccnc2CN2CCC(F)C2)cc1F,-1.2148438480476975,training
COc1ccc2sc(S(=O)(=O)N[C@H]3CCN(Cc4cc(C(=N)N)ccc4N)C3=O)cc2n1,-0.6989700043360189,training
N=C(N)c1ccc(CNC(=O)[C@H](Cc2ccc(O)cc2)NC(=O)[C@@H](CC2CCCCC2)NCC(=O)O)cc1,-3.903089986991944,training
CN1CCN=C1c1ccc(C(=O)N2CCN(S(=O)(=O)c3cc4cc(Cl)ccc4[nH]3)CC2)cc1,-0.2787536009528289,training
CCCNc1cnc2n(c1=O)[C@H](C(=O)NCc1ccc(C(=N)N)cc1)CC2(CCC)CCC,-3.556302500767288,training
Cc1nn(-c2cccc(CN)c2)c2c(F)c(-c3ccc(N4CCCCC4=O)cc3)ccc12,-2.093421685162235,training
Cc1ccc(NC(=O)c2sc3ccccc3c2Cl)c(C(=O)Nc2ccc(N)cc2)c1,-2.4471580313422194,training
N=C(N)c1cc2[nH]c(-c3cccc(OC4CCNC4)c3O)nc2cc1F,-4.973127853599698,training
Cc1ncn(-c2cc(Cl)c(C(=O)NC[C@@H](c3ccccc3)c3nc4cc(C)c(C)cc4[nH]3)c(Cl)c2)n1,-3.393224116361297,training
O=C(NCC1CCN(c2ccncc2)CC1)c1ccc(Cl)c(OCCc2ccc(Cl)cc2Cl)c1,-1.6127838567197357,training
COc1ccc(NC(=O)c2cc(NS(C)(=O)=O)ccc2NC(=O)c2ccc(N(C)C)cc2)cc1,-1.0606978403536118,training
CN1CCC(N2CCN(C(=O)Cn3ccc(NC(=O)c4ccc(Cl)s4)n3)CC2)CC1,-1.869231719730976,training
CCOc1cc(OC(C)C)c(F)c(C(Nc2ccc(C(=N)N)cc2)c2nc(-c3ccc(C)cc3)c[nH]2)c1,-2.633468455579586,training
N=C(N)c1cccc(N2CC(OCc3ccccc3)CN(CC3CCN(Cc4ccccc4)CC3)C2=O)c1,-2.963787827345555,training
O=C(N[C@H]1CCCC[C@H]1NC(=O)c1cc2ccc(Cl)cc2[nH]1)c1ccc(-n2ccccc2=O)cc1,-1.146128035678238,training
COC(=O)c1nn(-c2ccc(OC)cc2)c2c(=O)n(-c3ccc(-c4ccccc4S(N)(=O)=O)cc3F)cnc12,-0.255272505103306,training
CC(C)N1CCC(NC(=O)c2cc3ccccc3n2Cc2cc(-c3ccc(Cl)cc3)no2)CC1,-2.6020599913279625,training
NCc1ccc(Cl)cc1CNC(=O)[C@H](CO)NC(=O)[C@@H](CCc1cccc[n+]1[O-])NS(=O)(=O)Cc1ccccc1,1.2291479883578558,training
COC(=O)c1c(C(=O)OC)n(Cc2cccc(C(=N)N)c2)c2ccccc12,-3.8750612633917,training
O=C(CNC(=O)C(CCc1cccc[n+]1[O-])NS(=O)(=O)Cc1ccccc1)NCc1cc(Cl)ccc1Cl,-0.4065401804339551,training
FC(F)(CNc1cccc2oc(Cc3ccccc3-n3cncn3)nc12)C1CCCCN1,-4.778151250383644,training
CC(C)Oc1ccc(CCNS(=O)(=O)c2cc(C(=N)N)ccc2O)cc1,-2.0,training
COc1cc2nc(Cc3nc4cc(C(=N)N)ccc4[nH]3)[nH]c2cc1OC,-1.9030899869919435,training
CCc1ccc(-n2nc(C(F)(F)F)c3c2C(=O)N(c2ccc(-c4ccccc4CN(C)C)cc2)CC3)cc1,-0.414973347970818,training
CCOC(=O)c1nn(-c2ccc3onc(N)c3c2)c2c(=O)n(-c3ccc(-c4ccccc4CN4CCCC4)cc3)cnc12,-0.2041199826559248,training
CCc1cc2ccc1CCOC(=O)Nc1ccc(S(=O)(=O)C(C)C)c(c1)CN(C)C(=O)[C@@H]2Nc1cccc(C(N)=O)c1,-3.763427993562937,training
COc1ccc(C(=O)NCC2CCN(c3cc(C)nc(N)n3)CC2)cc1OCCc1ccc(Cl)cc1Cl,-4.0,training
N=C(N)c1cccc(Cn2c(C(=O)NCc3ccc(Cl)cc3)cc3ccccc32)c1,-3.556302500767288,training
CC(=O)N1CCC(CCC[C@@H](NS(=O)(=O)Cc2ccccc2)C(=O)N[C@@H](CCC2CCNCC2)C(=O)NCc2ccc(C(=N)N)cc2)CC1,-2.8750612633917,training
CNC(=O)CCCC1CCN(C(=O)[C@H](Cc2cccc(C(=N)N)c2)NS(=O)(=O)c2cccc(-c3ccc(F)cc3)c2)CC1,-2.740362689494244,training
O=C(Nc1ccc(Cl)cc1)c1cc(O)ccc1NC(=O)c1sc2ccccc2c1Cl,-1.863322860120456,training
CNC(=O)CCCC1CCN(C(=O)[C@H](Cc2cccc(C(=N)N)c2)NS(=O)(=O)c2cccc(-c3cccc(Cl)c3Cl)c2)CC1,-2.4149733479708178,training
CC(C)N1CCC(NC(=O)c2cc3ccccc3n2Cc2cc3ccc(Cl)cc3s2)CC1,-1.6020599913279625,training
Cc1cccc2c1cc(C(=O)OCc1cccc(C(=N)N)c1)n2Cc1cccc(C(=N)N)c1,-1.6434526764861874,training
CC(=N)N1CCC(Oc2ccc(C(=O)NCCOc3cc(C(=N)N)ccc3CCC(=O)O)cc2)CC1,-2.5185139398778875,training
NCc1ccc(Cl)cc1CNC(=O)[C@@H]1CCCN1C(=O)[C@@H](CCc1cccc[n+]1[O-])NS(=O)(=O)Cc1ccccc1,1.3098039199714864,training
COc1ccc(-n2nc(C(F)(F)F)c3c2C(=O)N(c2ccc(C4(N(C)C(C)=O)CC4)cc2)CC3)cc1,-0.1760912590556812,training
CS(=O)(=O)N1C[C@H](C(=O)Nc2ccc(Cl)c(F)c2)[C@@H](C(=O)Nc2ccc(-n3ccccc3=O)cc2F)C1,-1.792391689498254,training
COc1ccc(C(=O)NCC2CCN(c3cncnc3)CC2)cc1OCCc1ccc(Cl)cc1Cl,-4.0,training
Nc1cc(C2=NOC(CNS(=O)(=O)c3ccsc3)(C(=O)Nc3ccc(-c4ccccc4S(N)(=O)=O)cn3)C2)ccc1Cl,-0.0791812460476248,training
CCOC(=O)CN(CCc1ccc(C(C)C)cc1)S(=O)(=O)c1cc(/C(N)=N/O)ccc1O,-3.568201724066995,training
N=C(N)c1ccc(Oc2cccc(Oc3ccccc3C(=N)N)n2)cc1,-2.113943352306837,training
N=C(N)c1ccc(C(=O)N2CCc3c(n(Cc4cccc(C(=N)N)c4)c4ccccc34)C2)cc1,-2.9542425094393248,training
N=C(N)c1ccc(Oc2cc(C(=O)N3CCC(CCN)CC3)cc(Oc3ccc(C(=N)N)cc3)n2)cc1,-2.3010299956639813,training
O=C(O)C1CCN(c2ccc(N3C[C@@H](CNCc4ccc(-c5noc(=O)[nH]5)cc4)OC3=O)cc2)CC1,-4.976808337338066,training
CS(=O)(=O)NC1CN(CC2CCN(Cc3ccccc3)CC2)C(=O)N(c2cccc(C(=N)N)c2)C1,-2.7075701760979363,training
CCOC(=O)CN(Cc1ccc(F)cc1)c1ccc2c(c1)N(C)CC(C)(COc1ccc(C(=N)N)cc1)O2,-3.823474229170301,training
N=C(N)N1CCC(CNC(=O)[C@@H]2CC[C@H]3CN(C(=O)CCc4ccccc4)CC(=O)N32)CC1,-2.255272505103306,training
CC(C)(C)OC[C@@H](NS(=O)(=O)c1ccccc1)C(=O)NCC(=O)NCc1ccc(C(=N)N)cc1,-4.380211241711606,training
COc1ccc(NC(=O)c2ccc(C(=N)N(C)C)cc2F)c(C(=O)Nc2ccc(Cl)cn2)c1,0.978810700930062,training
N=C(N)c1ccc(Oc2cccc(Oc3ccc(C(=N)N)cc3)c2)cc1,-2.9867717342662448,training
N=C(N)c1ccc2ccn(C(Cc3ccccc3)C(=O)Nc3ccc(-n4cnc5ccccc54)cc3F)c2c1,-0.7481880270062005,training
O=C(/C=C/c1cc(Cl)ccc1-n1cnnn1)N[C@@H](Cc1ccccc1)C(=O)Nc1ccc(C(=O)O)cc1,-3.716003343634799,training
N=C(N)c1cccc(Oc2nc(Oc3cccc(C(=N)N)c3)c(F)cc2F)c1,-1.380211241711606,training
CCOC(=O)[C@]1(C)CCC[C@]2(C)[C@@H]1CC[C@@]13C/C(=N\OCc4ccc(OC(F)(F)F)cc4)[C@@](C)(CC[C@@H]21)C3,-3.00987563371216,training
COc1ccc(C(=O)NCC2CCN(c3cc[n+]([O-])cc3)CC2)cc1OCCc1ccc(Cl)cc1Cl,-3.171433900943008,training
CS(=O)(=O)c1ccccc1-c1ccc(N2CCCC(N(CC(=O)O)S(=O)(=O)c3ccc4cc(Cl)ccc4c3)C2=O)c(F)c1,-0.0,training
N=C(N)NCCC[C@@H](NC(=O)CN1CCN(S(=O)(=O)Cc2ccccc2)CC1=O)C(=O)c1nccs1,-0.146128035678238,training
N#Cc1ccccc1-c1ccc(N2CCC(NS(=O)(=O)/C=C/c3ccc(Cl)s3)C2=O)nc1,-0.255272505103306,training
CC(=O)Nc1ccc(CCOc2cc(C(=O)NCC3CCN(c4ccncc4)CC3)ccc2F)cc1,-4.0,training
Cc1ccc2c3c(nn2c1)CC[C@@](CO)(NC(=O)c1c(Cl)cc(-n2cnc(C)n2)cc1Cl)C3,-3.002597980719909,training
CC(C(=O)c1cc(C(F)(F)F)nn1-c1ccc2onc(N)c2c1)c1ccc(-c2ccccc2S(C)(=O)=O)cc1F,-0.4471580313422192,training
Cc1cc(C(=O)Nc2ccc(-c3ccccc3S(N)(=O)=O)cc2)n(-c2cccc(O)c2)n1,-2.214843848047698,training
Cc1c(F)c(Oc2cccc(N)c2)nc(Oc2cccc(C(=N)N)c2)c1F,-3.5185139398778875,training
C[C@@H](C(=O)N1CCOCC1)N1CC[C@H](NS(=O)(=O)C2=Nc3ccc(Cl)cc3C2)C1=O,-1.9542425094393248,training
Cc1nc2c(C(F)(F)F)nn(-c3ccc4onc(N)c4c3)c2c(=O)n1-c1ccc(-c2ccccc2CNCC2CC2)cc1,0.3010299956639812,training
FC(F)(CNc1nccc2oc(Cc3ccccc3-n3cnnn3)nc12)C1CCCCN1,-1.041392685158225,training
COc1ccc(-n2nc(C(F)(F)F)c3c2C(=O)N(c2ccc(C4(CNC5CCCC5)CC4)cc2)CC3)cc1,0.9208187539523752,training
[O-][n+]1ccccc1C(F)(F)CNc1nccc2oc(Cc3ccccc3-n3cnnn3)nc12,-0.4313637641589873,training
N=C(N)c1cccc(C[C@H](NS(=O)(=O)c2cccc(NC(=O)CCN)c2)C(=O)N2CCC(CCCC(=O)O)CC2)c1,-4.2552725051033065,training
O=C(NCC1CCN(c2ccncc2)CC1)c1ccc(Cl)c(OCCc2cccc(Cl)c2)c1,-3.285782273779395,training
Cc1c(CN2CCN(C)CC2)sc(C(=O)Nc2ccc(Cl)cc2C(=O)Nc2ccc(Cl)cc2)c1Cl,-1.0,training
CNC(=O)c1cccc(Oc2nc(Oc3cccc(C(=N)N)c3)c(F)c(C)c2F)c1,-3.0791812460476247,training
CCc1nc2ccc(OC3CCN(C(C)=N)CC3)cc2n1Cc1cccc(-c2ccc(C(=N)N)cc2)c1,-2.1760912590556813,training
CCOC(=O)[C@]1(C)CCC[C@]2(C)[C@@H]1CC[C@@]13C/C(=N\OC/C=C/c4ccc5ncccc5c4)[C@@](C)(CC[C@@H]21)C3,-3.620864475265121,training
CC(C)(C)OC(=O)[C@@H](Cc1ccc(O)cc1)NC(=O)c1cccc(C(=N)N)c1,-4.204119982655925,training
COC(=O)[C@H](Cc1cccc(C(=N)N)c1)[C@@H](/C=C/c1ccccc1)NC(=O)c1ccc(-c2ccccc2)cc1,-0.9731278535996988,training
O=C(Nc1ccccc1S(=O)(=O)Nc1ccc(Cl)cn1)c1ccc(-n2ccccc2=O)cc1,-0.7403626894942439,training
N=C(N)c1cccc(CN2CC[C@H](NS(=O)(=O)c3ccc(-c4ccccc4)cc3)C2=O)c1,-2.204119982655925,training
Cc1c(F)c(Oc2cccc(C(=N)N)c2)nc(N(C)c2cccc(C(=N)N)c2)c1F,-1.0791812460476249,training
COc1ccc2ccc(S(=O)(=O)N[C@H]3CCN(Cc4ccc(C(=N)N)cc4)C3=O)cc2c1,-2.9867717342662448,training
O=C1[C@@H](NS(=O)(=O)c2ccc3c(Cl)c[nH]c3c2)CCN1c1ccc2c(c1F)CCNC2,-0.3010299956639812,training
Cc1ccc(NC(=O)c2sc3ccccc3c2Cl)c(C(=O)Nc2ccc(C#N)cc2)c1,-2.1760912590556813,training
Cc1ncc2n1C(=O)N(C1CCN(C(=O)[C@H](O)CS(=O)(=O)c3ccc4cc(Cl)ccc4c3)CC1)C2,0.3010299956639812,training
CN(C)Cc1ccc2c(Cl)c(C(=O)Nc3ccc(Cl)cc3C(=O)Nc3ccc(Cl)cc3)sc2c1,-1.146128035678238,training
CS(=O)(=O)N[C@@H](C(=O)N1CCC[C@H]1C(=O)NCc1ccc(C(=N)NN)s1)C(c1ccccc1)c1ccccc1,-2.285557309007774,training
CC(=N)N1CCC(Oc2ccc(NC/C=C/c3cccc(C(=N)N)c3)cc2)CC1,-0.8750612633917001,training
CS(=O)(=O)c1ccccc1-c1ccc(N2CCCC(NS(=O)(=O)c3cnc4ccccc4c3)C2=O)c(F)c1,-1.4471580313422192,training
N=C(N)c1cccc(Oc2cc(Oc3ccccc3C(=N)N)ccc2[N+](=O)[O-])c1,-2.4771212547196626,training
CS(=O)(=O)c1ccccc1-c1ccc(NC(=O)c2cc(C(F)(F)F)nn2-c2ccccc2CNCc2ccccc2)c(F)c1,-1.7853298350107671,training
CC[C@H](C)[C@H](NS(=O)(=O)Cc1cccc(C(=O)O)c1)C(=O)N[C@@H](CCSC)C(=O)NCc1ccc(C(=N)N)cc1,-2.963787827345555,training
CS(=O)(=O)c1ccccc1-c1ccc(NC(=O)c2cc(C(F)(F)F)nn2-c2ccccc2CCN)c(F)c1,-2.041392685158225,training
N=C(N)c1ccc2[nH]c(-c3cccc([N+](=O)[O-])c3O)nc2c1,-3.113943352306837,training
N=C(N)c1cccc(C[C@H](NS(=O)(=O)c2ccc3ccccc3c2)C(=O)N2CCC(C(=O)OC3CCCCC3)CC2)c1,-3.8809998418131553,training
O=C(N[C@H]1CCC[C@H]1NC(=O)c1ccc2c(Cl)c[nH]c2c1)c1ccc(N2CCOCC2=O)cc1,-0.6232492903979004,training
NCc1ccc(Cl)cc1CNC(=O)CNC(=O)C(CCc1cccc[n+]1[O-])NCC(=O)O,-1.2041199826559248,training
CC(=N)N1CCC(CNC(=O)c2ccc(C)c(OCCc3ccc(Cl)cc3Cl)c2)CC1,-2.146128035678238,training
N=C(N)c1ccc(Oc2ccc(C(=O)N[C@H]3CC[C@H](N)CC3)c(Oc3ccc(C(=N)N)cc3)n2)cc1,-2.7781512503836434,training
CS(=O)(=O)N1CCC(NC(=O)c2cc3ccccc3n2Cc2cc(-c3ccc(Cl)s3)on2)CC1,-2.096910013008056,training
CN(C)C1CCc2cc(N3CC[C@H](NS(=O)(=O)c4ccc5c(Cl)c[nH]c5c4)C3=O)ccc21,-0.0,training
Cc1nccn1-c1ccc(NC(=O)c2cc(C(F)(F)F)nn2-c2ccc3onc(N)c3c2)c(F)c1,0.1549019599857432,training
Cc1cc2ccc1[C@@H](C)COC(=O)Nc1ccc(C(=O)N(C)C)c(c1)CN(C)C(=O)[C@@H]2Nc1ccc2c(N)nccc2c1,-3.792391689498254,training
Nc1ncnc2cc(CN3CCN(S(=O)(=O)c4cc5ccc(Cl)cc5s4)C(=O)C3)ccc12,0.0969100130080563,training
COc1cccc([C@@]2(NC(=O)c3ccc(-n4cnc(C)n4)cc3Cl)CCc3nn4cc(C)ccc4c3C2)c1,-2.577491799837225,training
Cc1cc(OCC2CCN(C(=N)N)CC2)cc(OS(=O)(=O)c2ccccc2Cl)c1,-4.903089986991944,training
COC(=O)C1C[C@H](NC(=O)c2ccc(-n3ccccc3=O)cc2)[C@H](NC(=O)c2ccc3c(Cl)c[nH]c3c2)C1,-0.4771212547196624,training
N=C(N)c1cc2cc(-c3cccc(OCc4ccc(Cl)c(F)c4)c3)ccc2s1,-2.0211892990699383,training
C=CCN1CC[C@H](Oc2ccc(C(Oc3ccc4c(c3)CN(C(=N)N)CC4)C(=O)OCC)cc2)C1,-3.0,training
O=C(CN1CCN(S(=O)(=O)c2cc3ccc(Cl)cc3s2)CC1=O)NCCc1ccccn1,-2.146128035678238,training
CCOC(=O)[C@]1(C)CCC[C@]2(C)[C@@H]1CC[C@@]13C/C(=N\OCc4ccc(C(F)(F)F)cc4)[C@@](C)(CC[C@@H]21)C3,-3.4302363534115106,training
CS(=O)(=O)c1ccccc1-c1ccc(N2CCCC(NS(=O)(=O)c3ccc(N)nc3)C2=O)c(F)c1,-2.4149733479708178,training
N=C(N)c1cccc(C[C@H](NS(=O)(=O)c2cccc(NC(=O)CCCN)c2)C(=O)N2CCC(CCN)CC2)c1,-4.361727836017593,training
Nc1cc(-n2nnnc2C(=O)Nc2ccc(-c3ccccc3S(N)(=O)=O)cc2)ccc1Cl,-0.7323937598229685,training
CCOC(=O)[C@]1(C)CCC[C@]2(C)[C@@H]1CC[C@@]13C/C(=N\OC/C=C/c4c[nH]c(C(=O)OC)c4)[C@@](C)(CC[C@@H]21)C3,-3.281714970027296,training
CN(CC(=O)N[C@@H](CCCCN)C(=O)C(=O)Nc1ccc(Oc2ccc(N)cc2)cc1)C(=O)c1ccccc1Sc1ccccc1C#N,-2.0791812460476247,training
N=C(N)c1cccc(-n2nc(Cn3cnnn3)cc2C(=O)Nc2ccc(-n3cnc4ccccc43)cc2)c1,0.5086383061657274,training
CN1CC(C)(COc2ccc(C(=N)N)cc2)Oc2cc(N(CC(=O)O)Cc3cc(F)cc(F)c3)ccc21,-3.6020599913279625,training
C[C@H](NCc1ccc(C(=N)N)cc1)C(=O)[C@@H](CCCNC(=N)N)NS(=O)(=O)Cc1ccccc1,-0.146128035678238,training
N=C(N)c1ccc2[nH]cc(CC(=O)Nc3ccc(-c4ccccc4S(N)(=O)=O)cc3Br)c2c1,0.494850021680094,training
N=C(N)c1cccc(CC(NS(=O)(=O)c2cccc(-c3cccc(Cl)c3)c2)C(=O)N2CCC(CCN)CC2)c1,-3.7481880270062,training
O=C(Nc1cccc(OCc2ccc(-c3ccc(F)cc3)cc2)c1)C1CCNCC1,-3.5877109650189114,training
CC1CCCCN1C(=O)[C@H](Cc1cccc(C(=N)N)c1)NS(=O)(=O)c1cccc(NC(=O)CCN)c1,-4.230448921378274,training
NC1CCC(CNC(=O)[C@@H]2CCCN2C(=O)[C@H](N)C(C2CCCCC2)C2CCCCC2)CC1,-4.977723605288848,training
N=C(N)c1ccc(Oc2ccc(NS(=O)(=O)c3ccc(F)cc3)c(Oc3ccc(C(=N)N)cc3)n2)cc1,-2.4771212547196626,training
CN(C)Cc1nccn1-c1ccc(NC(=O)c2cc(C(F)(F)F)nn2-c2ccc3onc(N)c3c2)cc1,0.0132282657337551,training
CS(=O)(=O)Nc1ccc(NC(=O)c2ccc(-n3ccccc3=O)cc2)c(C(=O)Nc2ccc(Cl)cn2)c1,0.9208187539523752,training
N=C(N)c1cccc(N2CC(CNC(=O)Cc3ccccc3)CN(CC3CCN(Cc4ccccc4)CC3)C2=O)c1,-3.1903316981702914,training
Cc1c(S(=O)(=O)N2CCN(CC(=O)NC(CCCN=C(N)N)C(=O)c3nccs3)C(=O)C2)sc2ccc(Cl)cc12,0.7695510786217261,training
Nc1c(OCCCO[C@@H]2O[C@H](CO)[C@@H](O)[C@H](O)[C@H]2O)cccc1OCc1cc(-c2ccc(Cl)s2)on1,-3.838849090737255,training
CC1CN(CC2CCN(Cc3ccccc3)CC2)C(=O)N(c2cccc(C(=N)N)c2)C1,-2.57978359661681,training
N=C(N)c1ccc(CN2CCN(Cc3nc4cc(Cl)ccc4[nH]3)CC2=O)cc1,-1.6020599913279625,training
CC(C)c1ccc(CCN(CC(=O)O)S(=O)(=O)c2cc(C(=N)N)ccc2O)cc1,-1.146128035678238,training
CCOC(=O)[C@]1(C)CCC[C@]2(C)[C@@H]1CC[C@@]13C/C(=N\OC/C=C/c4cccc(C(F)(F)F)c4)[C@@](C)(CC[C@@H]21)C3,-3.686725621074542,training
N=C(N)c1ccc2[nH]c(-c3cccc(Oc4ccccc4)c3O)nc2c1,-3.322219294733919,training
N=C(N)c1ccc(CNC(=O)C2(NC(=O)[C@H](NCC(=O)O)C3CCCCC3)Cc3ccccc3C2)cc1,-4.204119982655925,training
CNCc1ccccc1-c1ccc(N2CCc3c(C(F)(F)F)nn(-c4ccc(OC)cc4)c3C2=O)cc1,0.5528419686577808,training
CCc1ccc(-c2cccc(S(=O)(=O)NC(Cc3cccc(C(=N)N)c3)C(=O)N3CCC(CCN)CC3)c2)cc1,-2.7993405494535817,training
CN(C)Cc1nccn1-c1ccc(C(=O)N[C@H]2CCCC[C@H]2NC(=O)c2ccc(Cl)s2)cc1,-0.6434526764861874,training
CCNC(=O)NCCC1CCN(C(=O)[C@H](Cc2cccc(C(=N)N)c2)NS(=O)(=O)c2cccc(NC(=O)CCN)c2)CC1,-3.680335513414563,training
CNC(=O)[C@H](Cc1cccc(C(=N)N)c1)NS(=O)(=O)c1c(C(C)C)cc(C(C)C)cc1C(C)C,-4.03999992231135,training
CC1CCN(C(=O)[C@H](Cc2cccc(C(=N)N)c2)NS(=O)(=O)c2c(C(C)C)cc(C(C)C)cc2C(C)C)CC1,-3.3009995939861767,training
Cc1noc(C)c1NC(=O)OCC(Oc1cccc2sc(C(=N)N)cc12)c1ccccc1,-3.3525683861793087,training
COC(=O)N1C[C@H](C(=O)Nc2ccc(Cl)cn2)[C@@H](C(=O)Nc2ccc(-n3ccccc3=O)cc2F)C1,-1.4313637641589874,training
Cc1ccc(NS(=O)(=O)Cc2ccccc2)c(=O)n1CC(=O)NCc1ccc(C(=N)N)s1,-1.9840770339028309,training
CN(C)Cc1nccn1-c1ccc(CC(=O)c2cc(C(F)(F)F)nn2-c2ccc3onc(N)c3c2)cc1,0.0132282657337551,training
Cc1cc(Br)c(O)c(-c2nc3cc(C(=N)N)ccc3[nH]2)c1,-2.7558748556724915,training
Nc1cc(C2=NOC(CNS(=O)(=O)c3ccccc3)(C(=O)Nc3ccc(-c4ccccc4S(N)(=O)=O)cn3)C2)ccc1Cl,-0.2304489213782739,training
N=C(N)NCCC(=O)N1CCN(C(=O)[C@H](Cc2cccc(C(=N)N)c2)NS(=O)(=O)c2ccc(C3CCCCC3)cc2)CC1,-3.361727836017593,training
Cc1cc2oc(Cc3cccc(Cl)c3)nc2c(NCC(F)(F)c2cccc[n+]2[O-])n1,-0.7781512503836436,training
O=C(Cc1csc(NC(=O)c2ccc(Cl)s2)n1)Nc1ccc(-n2ccccc2=O)cc1F,-1.255272505103306,training
O=C1[C@@H](NS(=O)(=O)c2cc3ncccc3s2)CCN1Cc1cc2cc[nH]cc-2n1,-1.255272505103306,training
CC1(C)CN=C(c2cccc(Oc3cc(C(=O)O)cc(Oc4cc(C(=N)N)ccc4O)n3)c2)N1,-2.908485018878649,training
COc1ccc(-n2nc(S(C)(=O)=O)c3c2C(=O)N(c2ccc(C(C)(C)CN4CCCC4)cc2)CC3)cc1,0.619788758288394,training
CC(C)N(Cc1ccccn1)C(=O)[C@H](C)N1CC[C@H](NS(=O)(=O)c2ccc3cc(Cl)ccc3c2)C1=O,-1.041392685158225,training
N=C(N)c1ccc2[nH]cc(C(Cc3ccc4ccccc4c3)C(=O)Nc3ccc(-n4cnc5ccccc54)cc3F)c2c1,-1.4471580313422192,training
COc1ccc(-n2nc(C(N)=O)c3c2C(=O)N(C2CCN(c4ccccc4S(C)(=O)=O)CC2)CC3)cc1,0.4559319556497244,training
O=C(Nc1cccc(OCc2ccc(F)cc2)c1)C1CCN(c2ncccn2)CC1,-4.96189547366785,training
CC(C)c1cc(C(C)C)c(S(=O)(=O)N[C@@H](Cc2cccc(C(=N)N)c2)C(=O)N2CCN(C(=O)CCCN=C(N)N)CC2)c(C(C)C)c1,-3.4471580313422194,training
CS(=O)(=O)c1ccccc1-c1ccc(N2CCCC(NS(=O)(=O)c3cc(Cl)cc(Cl)c3)C2=O)c(F)c1,-2.863322860120456,training
Cc1cc(Cl)cc(C(=O)Nc2ccc(Cl)cc2)c1NC(=O)c1sc2ccccc2c1Cl,-0.255272505103306,training
CC1CN(Cc2ccc(C(=N)N)cc2)C(=O)N(C2CCN(Cc3ccccc3)CC2)C1,-4.357934847000454,training
CC1(C)C2CC1[C@]1(C)OB(C(Cc3ccccc3)NC(=O)[C@@H]3CCCN3C(=O)[C@@H](NC(=O)OCc3ccccc3)C(c3ccccc3)c3ccccc3)O[C@@H]1C2,-0.6334684555795865,training
Cc1c(F)c(Oc2cccc(C(=N)N)c2)nc(Oc2cccc(C(=O)N3CCCC3)c2)c1F,-2.342422680822206,training
COc1ccc(CNC(=O)c2cc3c(O)cccc3n2Cc2cccc(C(=N)N)c2)cc1OC,-4.239299479126893,training
O=C1CN(S(=O)(=O)c2cc3ccc(Cl)cc3s2)CCN1Cc1cc2cc[nH]cc-2n1,-1.6532125137753435,training
Cc1ccc2c(c1)c(C(O)C(F)(F)F)c1n2C[C@@](NC(=O)c2c(Cl)cc(-n3cnnc3)cc2Cl)(c2ccccc2)CC1,-3.725503268859316,training
CN(Cc1nccn1-c1ccc2c(c1)CCN2C(=O)c1cc(C(N)=O)nn1-c1ccc2onc(N)c2c1)S(C)(=O)=O,-0.8388490907372553,training
CC(C)c1cc(C(C)C)c(S(=O)(=O)N[C@@H](Cc2cccc(C(=N)N)c2)C(=O)N2CCN(C(=O)CCCN)CC2)c(C(C)C)c1,-4.113943352306837,training
CC(C)c1ccc(CCNS(=O)(=O)c2cc(C(=N)N)ccc2O)c(NCC(=O)O)c1,-1.792391689498254,training
CN(C)c1ccc(CNC(=O)c2cn(Cc3cccc(C(=N)N)c3)c3ccccc23)cc1,-3.3404441148401185,training
CC(C)CNC(=O)c1ccc(-c2cccc([C@@H]3C[C@H](c4ccccc4)c4cc(C(=N)N)ccc4N3)c2)c(C(=O)O)c1,-1.380211241711606,training
CCOC(=O)[C@@H](Cc1ccc2ccccc2c1)NC(=O)c1cccc(C(=N)N)c1,-3.3010299956639813,training
CCOc1ccc(-c2cccc(S(=O)(=O)NC(Cc3cccc(C(=N)N)c3)C(=O)N3CCC(CCN)CC3)c2)cc1,-2.8195439355418688,training
N=C(N)c1ccc(CNC(=O)[C@H](CCC2CCNCC2)NC(=O)[C@@H](CCCc2cc[n+]([O-])cc2)NS(=O)(=O)Cc2ccccc2)cc1,-2.6020599913279625,training
N=C(N)c1cccc(C[C@H](NS(=O)(=O)c2ccc3ccccc3c2)C(=O)N2CCC(CCCN)CC2)c1,-4.819543935541868,training
CC(C)COc1cccc(-c2nc3cc(C(=N)N)ccc3[nH]2)c1O,-3.380211241711606,training
CC(C)N1CCC(NC(=O)c2cc3cc(F)ccc3n2Cc2cc(-c3ccc(Cl)s3)on2)CC1,-0.4771212547196624,training
N=C(N)c1cccc(C[C@H](NS(=O)(=O)c2ccc3ccccc3c2)C(=O)N2CCC(C=O)CC2)c1,-4.278999936052526,training
CC1CCN(C(=O)[C@H](Cc2cccc(C(=N)N)c2)NC(=O)OC(C)(C)C)CC1,-4.809999980470056,training
CS(=O)(=O)N[C@@H](C(=O)N1CCC[C@H]1C(=O)NCc1csc(CN)c1)C(c1ccccc1)c1ccccc1,-5.0,training
Cc1cc2nc(Cc3nc4cc(C(=N)N)ccc4[nH]3)[nH]c2cc1C,-0.3010299956639812,training
Cc1ccc2c3c(nn2c1)CC[C@](NC(=O)c1ccc(-n2cnc(C)n2)cc1Cl)(c1ccccc1)C3,-2.8208579894397,training
CS(=O)(=O)c1ccc2[nH]c(NC(=O)c3ccc(CNC(=O)C(Cc4ccccc4)c4c[nH]c5ccc(C(=N)N)cc45)cc3)nc2c1,-3.041392685158225,training
O=C(N[C@H]1CCC[C@H]1NC(=O)c1ccc(Cl)s1)c1ccc(N2CCCCC2=O)cc1,-0.1760912590556812,training
COC(=O)[C@H](Cc1cccc(C(=N)N)c1)[C@@H](CC1CCCCC1)NC(=O)c1ccc(-c2cccc(CN)c2)cc1,-0.6020599913279624,training
COc1ccc(-n2nc(C(=O)O)c3c2C(=O)N(c2ccc(-c4ccccc4CN4CC[C@@H](O)C4)cc2)CC3)cc1,-0.8808135922807914,training
N=C(N)c1ccc2[nH]cc(C(Cc3ccc(NC(=O)c4ccccc4)cc3)C(=O)Nc3ccc(-n4cnc5ccccc54)cc3)c2c1,-1.255272505103306,training
N=C(N)c1ccc(O)c(/C=C/CNC(=O)c2ccc(-c3cccc(S(N)(=O)=O)c3)cc2)c1,-0.9542425094393248,training
CNc1ccc(C#CC[C@H](NS(=O)(=O)c2ccc3ccccc3c2)C(=O)N(C)C2CCCC2)cc1,-3.939519252618618,training
COc1ccsc1C(=O)Nc1ccc(C)cc1C(=O)Nc1ccc(Cl)cc1,-2.204119982655925,training
N=C(N)c1ccc(CNC(=O)c2cc3ccccc3n2Cc2cccc(C(=N)N)c2)cc1,-2.4149733479708178,training
N=C(N)c1cccc(C[C@H](NS(=O)(=O)c2cccc(-c3ccccc3F)c2)C(=O)N2CCC(CCN)CC2)c1,-2.908485018878649,training
COC(=O)CCCN(c1ccc2c(c1)nc(C)n2Cc1ccc2ccc(C(=N)N)cc2c1)C1CCN(C(C)=N)CC1,-1.4771212547196624,training
CNC(=O)[C@H](Cc1cccc(C(=N)N)c1)NS(=O)(=O)c1ccc2ccccc2c1,-4.41500007296279,training
N=C(N)c1cc2c(OC(CO)c3ccccc3)cccc2s1,-3.2405492482825995,training
N=C(N)c1ccc2[nH]cc(C(CC(=O)Nc3ccc(-n4cnc5ccccc54)cc3)Cc3ccccc3)c2c1,-1.5563025007672873,training
COc1ccc(-c2cccc(S(=O)(=O)NC(Cc3cccc(C(=N)N)c3)C(=O)N3CCC(CCN)CC3)c2)cc1OC,-2.6232492903979003,training
CS(=O)(=O)c1ccccc1-c1ccc2c(c1)N(C(=O)c1cc(C(N)=O)nn1-c1ccc3onc(N)c3c1)CC2,-3.146128035678238,training
COc1cc(Cl)cc(C(=O)Nc2ccc(Cl)cn2)c1NC(=O)c1ccc(-n2ccccc2=O)nc1,0.619788758288394,training
CCOC(=O)C(CCc1ccc(C(=N)N)cc1)Cn1cnc2cc(C(=N)N)ccc21,-3.342422680822206,training
COc1ccc(-n2nc(C(N)=O)c3ncn(-c4ccc(-c5ccccc5S(N)(=O)=O)cc4)c(=O)c32)cc1,-0.2304489213782739,training
N=C(N)c1cccc(Cn2c(C(=O)NCc3ccccc3)cc3c(O)cccc32)c1,-3.3079237036118814,training
CCOC(=O)c1cc2c(C)cccc2n1Cc1cccc(C(=N)N)c1,-2.976808337338066,training
CCNC(C)c1ccc(N2CC[C@H](NS(=O)(=O)c3ccc4cc(Cl)ccc4c3)C2=O)c(F)c1,-0.3010299956639812,training
Cc1nc(N)ccc1CNC(=O)[C@@H]1CC[C@H]2CN(S(=O)(=O)C(c3ccccc3)c3ccccc3)CC(=O)N21,-1.0,training
CC(C(=O)c1cc(C(F)(F)F)nn1-c1ccc2onc(N)c2c1)c1ccc(-c2ccccc2S(N)(=O)=O)cc1F,-0.3617278360175928,training
COc1ccc(C(=N)N)cc1Oc1nc(Oc2cccc(N(C)C)c2)c(F)c(C)c1F,-3.146128035678238,training
CN(C)Cc1ccccc1-n1nc(C(F)(F)F)cc1C(=O)Nc1ccc(-c2ccccc2S(C)(=O)=O)cc1F,-2.903089986991944,training
Cc1cc2nc([C@@H](CNC(=O)c3c(Cl)cc(-n4cnnc4)cc3Cl)c3ccccc3)[nH]c2cc1C,-2.0211892990699383,training
CC(C)CN1CC(NC(=O)c2cc3ccccc3n2Cc2cc(-c3ccc(Cl)s3)on2)C1,-2.537819095073274,training
COc1ccc(-n2nc(C(N)=O)c3c2C(=O)N(c2ccc(C(C)(C)CNC4CC4)cc2)CC3)cc1,1.3010299956639813,training
N=C(N)c1ccc2[nH]c(-c3cc(Br)cc(-c4ccccc4)c3O)cc2c1,-2.322219294733919,training
CCOC(=O)[C@]1(C)CCC[C@]2(C)[C@@H]1CC[C@@]13C/C(=N/O)[C@@](C)(CC[C@@H]21)C3,-3.4239009185284166,training
N=C(N)c1cccc(N2CCN(C3CCN(Cc4ccccc4)CC3)C2=O)c1,-3.322219294733919,training
COc1ccc(-n2nc(S(C)(=O)=O)c3c2C(=O)N(c2ccc(C(C)(C)CN(C)C)cc2)CC3)cc1,0.958607314841775,training
C[C@@H](C(=O)N1CC2CNCC(C2)C1)N1CC[C@H](NS(=O)(=O)c2ccc3cc(Cl)ccc3c2)C1=O,-1.1139433523068367,training
CCNC(=O)N(C)Cc1csc(C(=O)Nc2c(OC)cc(Cl)cc2C(=O)Nc2ccc(Cl)cn2)c1Cl,1.6989700043360187,training
CCNC(=O)OCC(Oc1cccc2sc(C(=N)N)cc12)c1ccccc1,-2.556302500767288,training
CS(=O)(=O)N1CCN(C(=O)[C@H](Cc2cccc(C(=N)N)c2)NS(=O)(=O)c2ccc3ccccc3c2)CC1,-4.342000025137565,training
CCOC(=O)[C@]1(C)CCC[C@]2(C)[C@@H]1CC[C@@]13C/C(=N\OC/C=C/c4ccc([N+](=O)[O-])cc4)[C@@](C)(CC[C@@H]21)C3,-3.420945405921972,training
N=C(N)c1cccc(C(=O)N[C@@H](C(=O)N2CCN(C(=O)c3ccccc3)CC2)c2ccccc2)c1,-2.450249108319361,training
N=C(N)c1cccc(Cn2c(C(=O)NCC(=O)Nc3ccc4ccccc4c3)cc3c(O)cccc32)c1,-3.377306251068199,training
O=C(Nc1ccc(Cl)cc1)[C@H]1CN(C(=O)N2CCCC2)C[C@@H]1C(=O)Nc1ccc(-n2ccccc2=O)cc1F,-1.8512583487190752,training
Cc1cc(C(=O)Nc2ccc(-c3ccccc3S(N)(=O)=O)cc2)n(-c2cccc(CN)c2)n1,-0.4313637641589874,training
COc1ccc(C(=O)NCC2CCN(C(=N)N)CC2)cc1OCCc1ccc(Cl)cc1Cl,-2.2764618041732443,training
N=C(N)c1cccc(N2CC(O)CN(CC3CCN(Cc4ccccc4)CC3)C2=O)c1,-2.929418925714293,training
O=C(N[C@H]1CN(C(=O)OCC2c3ccccc3-c3ccccc32)C[C@H]1NC(=O)c1ccc(Cl)s1)c1ccc(-n2ccccc2=O)cc1,-0.6532125137753437,training
COCCN(Cc1csc(C(=O)Nc2c(OC)cc(Cl)cc2C(=O)Nc2ccc(Cl)cn2)c1Cl)C1=NCCO1,0.585026652029182,training
Cc1ccc2c3c(nn2c1)CC[C@](NC(=O)c1c(Cl)cc(-n2cnc(C)n2)cc1Cl)(c1ccc(F)cc1)C3,-3.0453229787866576,training
CC(C)NC(=O)[C@H](C)N1CC[C@H](NS(=O)(=O)c2ccc3cc(Cl)ccc3c2)C1=O,-3.4345689040341987,training
Cc1nccn1-c1ccc(NC(=O)c2cc(C(F)(F)F)nn2-c2ccc3onc(N)c3c2)c(-n2ccnc2C)c1,-0.2041199826559248,training
CN(C)NCc1ccc(C(=O)Nc2ccc(Cl)cc2C(=O)Nc2ccc(Cl)cn2)cc1,0.5228787452803376,training
Cc1c(F)c(Oc2cccc(CN)c2)nc(Oc2cccc(C(=N)N)c2)c1F,-3.146128035678238,training
CC(C)[C@H](NC(=O)[C@H](CCCNC(=N)N)NC(=O)Cc1ccccc1)C(=O)N[C@@H](CCCNC(=N)N)C(=O)NCc1ccc(C(=N)N)cc1,-4.6020599913279625,training
CCOC(=O)CN(Cc1cccc(F)c1)c1ccc2c(c1)N(C)CC(C)(COc1ccc(C(=N)N)cc1)O2,-3.832508912706236,training
CCOC(=O)[C@]1(C)CCC[C@]2(C)[C@@H]1CC[C@@]13C/C(=N\OC/C=C/c4ccc5occc5c4)[C@@](C)(CC[C@@H]21)C3,-4.011824095594308,training
COc1ccc(-n2nc(C(F)(F)F)c3c2C(=O)N(c2ccc(C4(CN(C)S(C)(=O)=O)CC4)cc2)CC3)cc1,1.1307682802690238,training
N=C(N)c1cc2ccc(OCc3cccnc3)cc2s1,-3.525044807036845,training
CCS(=O)(=O)c1ccc2cc1CNC(=O)[C@H](Nc1ccc3c(N)nccc3c1)c1ccc(c(C)c1)CCCC(=O)N2,-3.0,training
CC(=N)N1CCC(Oc2ccc(C(=O)N[C@@H](COc3cc(C(=N)N)ccc3CC(=O)C(=O)O)CC(=O)O)cc2)CC1,-1.041392685158225,training
N=C(N)c1ccc2ccc(CN(CCc3c[nH]cn3)C(=O)c3cccc4ccccc34)cc2c1,-2.421603926869832,training
N=C(N)c1ccc(O)c(/C=C/CNC(=O)c2ccc(-c3ccnc(C(N)=O)c3)cc2)c1,0.1249387366082999,training
N=C(N)NCCC(=O)N1CCN(C(=O)[C@H](Cc2cccc(C(=N)N)c2)NS(=O)(=O)c2cccc3ccccc23)CC1,-3.707570176097936,training
N=C(N)N1CCC(CNC(=O)[C@@H]2CC[C@H]3CN(S(=O)(=O)C(c4ccccc4)c4ccccc4)CC(=O)N32)CC1,-0.9542425094393248,training
CC(C)N(C)C(=O)[C@H](C)N1CC[C@H](NS(=O)(=O)c2ccc3cc(Cl)ccc3c2)C1=O,-1.3424226808222062,training
N=C(N)c1ccc(CNc2ccc3ccn(Cc4ccc(C(=N)N)cc4)c3c2)cc1,-3.0211892990699383,training
O=C(NC[C@H]1CN(c2ccc(N3CCCC(C(=O)O)C3)cc2)C(=O)O1)c1ccc(Cl)s1,-3.0863598306747484,training
O=C(N[C@H]1CCCC[C@H]1NC(=O)c1ccc2c(Cl)c[nH]c2c1)c1ccc(-n2ccncc2=O)cc1,0.0268721464003013,training
COc1ccc(-n2nc(C(N)=O)c3ncn(-c4ccc(-c5ccccc5CN5CCCC5)cc4)c(=O)c32)cc1,-0.041392685158225,training
CC(C)N(CCN(C)C)C(=O)[C@H](C)N1CC[C@H](NS(=O)(=O)c2ccc3cc(Cl)ccc3c2)C1=O,-0.3010299956639812,training
C[N+](C)(C)Cc1ccc(C(=O)Nc2ccc(Cl)cc2C(=O)Nc2ccc(Cl)cn2)cc1,-0.0,training
CS(=O)(=O)c1ccccc1-c1ccc(N2CCCC(NS(=O)(=O)c3cccc4ccc(Cl)cc34)C2=O)c(F)c1,-1.255272505103306,training
O=C(O)CN1CCCCC1CCNc1nccc2oc(Cc3cc(Cl)ccc3-n3cncn3)nc12,-0.6232492903979004,training
N=C(N)c1ccc(CNC(=O)[C@@H]2CCCN2C(=O)[C@@H](CCC(=O)N2CCN(c3ncccn3)CC2)NS(=O)(=O)Cc2ccccc2)cc1,-2.110589710299249,training
CCNC(=O)NC1CCN(C(=O)[C@H](Cc2cccc(C(=N)N)c2)NS(=O)(=O)c2cccc(NC(=O)CCN)c2)CC1,-3.9489017609702137,training
COc1ccc(-n2nc(C(F)(F)F)c3c2C(=O)N(c2ccc(C4(Cn5ccnc5C)CC4)cc2)CC3)cc1,1.6020599913279625,training
Cc1cc2oc(Cc3ccccc3-n3cncn3)nc2c(NCC(F)(F)c2cccc[n+]2[O-])n1,-0.8573324964312685,training
CC(CNC(=O)c1ccc(-n2ccccc2=O)cc1)NC(=O)c1ccc2c(Cl)c[nH]c2c1,-1.0,valid
COC(=O)C(Oc1cccc(-c2ccc3sc(C(=N)N)cc3c2)c1)c1cccs1,-1.3979400086720375,valid
COC(=O)OC[C@@H](NS(=O)(=O)Cc1ccccc1)C(=O)NCC(=O)NCc1ccc(C(=N)N)cc1,-2.531478917042255,valid
O=C(Nc1cccc(OCc2ccc3c(c2)OCO3)c1)C1CCN(c2ccncc2)CC1,-3.5705429398818973,valid
N=C(N)c1ccc2ccc(CN(CCCc3ccccc3)C(=O)c3cccc4ccccc34)cc2c1,-2.800717078282385,valid
Nc1noc2ccc(-n3nc(C(F)(F)F)cc3C(=O)Nc3ccc(-c4ccccc4S(N)(=O)=O)cc3F)cc12,0.7958800173440752,valid
CCOC(=O)[C@]1(C)CCC[C@]2(C)[C@@H]1CC[C@@]13C/C(=N\OCc4csc5ccc(Cl)cc45)[C@@](C)(CC[C@@H]21)C3,-2.711807229041191,valid
CCc1nc2ccc(OC3CCN(C(C)=N)CC3)cc2n1C/C(C)=C/c1cccc(N)c1,-0.1139433523068367,valid
C[C@@H](C(=O)N1CCOCC1)N1CC[C@H](N(CC(=O)O)S(=O)(=O)c2ccc3cc(Cl)ccc3c2)C1=O,-0.3010299956639812,valid
O=C(Nc1ccc(Cl)cn1)[C@H]1CNC[C@@H]1C(=O)Nc1ccc(-n2ccccc2=O)cc1F,-1.740362689494244,valid
COc1cccc2c1cc(C(=O)NCCc1ccc(O)cc1)n2Cc1cccc(C(=N)N)c1,-2.9867717342662448,valid
Cc1cc(C(=O)Nc2ccc(-c3ccccc3S(N)(=O)=O)cc2)n(CCCCN)n1,-4.079181246047625,valid
CCOC(=O)CN(Cc1ccc(F)cc1)c1ccc2c(c1)OC(C)(COc1ccc(C(=N)N)cc1)CN2C,-3.204119982655925,valid
N=C(N)c1ccc2[nH]c(-c3cc([N+](=O)[O-])ccc3O)nc2c1,-3.89209460269048,valid
C[C@@H](C(=O)N1CCOCC1)N1CC[C@H](NS(=O)(=O)c2cc3cc(Cl)cnc3s2)C1=O,-3.462098381135156,valid
C[C@]1(c2ccccc2)C[C@@H](c2cccc(-c3ccccc3C(=O)O)c2)Nc2ccc(C(=N)N)cc21,-3.8260748027008256,valid
CCc1nc2ccc(OC3CCN(C(C)=N)CC3)cc2n1C/C=C/c1cccc(N)c1,1.5528419686577808,valid
COc1ccc(-n2nc(C(F)(F)F)c3c2C(=O)N(c2ccc(C4(CN5CCOCC5)CC4)cc2)CC3)cc1,1.193820026016113,valid
C[C@H](NC(=O)[C@@H](CCc1cccc[n+]1[O-])NS(=O)(=O)Cc1ccccc1)C(=O)NCc1cc(Cl)ccc1CN,1.4814860601221125,valid
FC(F)CN1CCCCC1CCNc1nccc2oc(Cc3cc(Cl)ccc3-n3cncn3)nc12,-0.6720978579357175,valid
O=C(O)Cn1c(CN2CCN(S(=O)(=O)c3cc4ccc(Cl)cc4s3)CC2=O)cc2cnccc21,-2.187520720836463,valid
N=C(N)c1cccc(-n2nc(C(F)(F)F)cc2C(=O)Nc2ccc(-n3cnc4ccccc43)cc2F)c1,1.0,valid
COc1ccc(C(=O)NCC2CCN(C3CCCCCC3)CC2)cc1OCCc1ccc(Cl)cc1Cl,-3.793580867368156,valid
COc1cc(CNC(=O)c2cc3c(O)cccc3n2Cc2cccc(C(=N)N)c2)cc(OC)c1,-2.285557309007774,valid
Cc1cc(C(=O)Nc2ccc(C(=N)N3CCCCC3)cc2F)n(-c2cc3ccccc3cc2F)n1,-0.7160033436347992,valid
NCc1ccc(Cl)cc1CNC(=O)[C@@H]1CCCN1C(=O)[C@@H](CCc1cccc[n+]1[O-])NCC(=O)O,0.0268721464003013,valid
CNC(=O)C(=O)[C@H](CCCCN)NC(=O)CN(C)C(=O)c1ccccc1Sc1ccccc1C#N,-2.041392685158225,valid
Cc1cc(C(=O)Nc2ccc(-c3ccccc3F)cc2)n(-c2cccc(C(=N)N)c2)n1,0.3372421683184259,valid
CC(C)N(CCN1C=CC=CC=C1)C(=O)[C@H](C)N1CC[C@H](NS(=O)(=O)c2ccc3cc(Cl)ccc3c2)C1=O,-0.3010299956639812,valid
CCOC(=O)[C@@H]1C[C@@H](Oc2c(F)c(Oc3cccc(C4=NCCN4C)c3)nc(Oc3cc(C(=N)N)ccc3O)c2F)CN1,0.3665315444204134,valid
O=C(NC1CCN(c2ccncn2)CC1)c1cc2ccccc2n1Cc1cc(-c2ccc(Cl)s2)on1,-1.977723605288848,valid
CNC(=O)CCCC1CCN(C(=O)[C@H](Cc2cccc(C(=N)N)c2)NS(=O)(=O)c2cccc(-c3ccc(Cl)c(Cl)c3)c2)CC1,-2.361727836017593,valid
N=C(N)c1ccc(CNc2ccc3ccn(-c4ccc(C(=N)N)cc4)c3c2)cc1,-2.9242792860618816,valid
NC(=O)c1cc(OCCc2ccc(Cl)cc2Cl)cc(C(=O)NCC2CCN(c3ccncc3)CC2)c1,-1.7075701760979365,valid
CN(C)Cc1ccccc1-c1ccc(CC(=O)c2cc(C(F)(F)F)nn2-c2ccc3onc(N)c3c2)c(F)c1,0.2441251443275086,valid
Nc1ccc(CNC(=O)[C@@H]2CCCN2C(=O)[C@@H](Cc2ccc(Cl)c(Cl)c2)NS(=O)(=O)Cc2ccccc2)cc1,-4.0,valid
N=C(N)c1ccc2[nH]c(-c3cccc(-c4ccccc4)c3)cc2c1,-4.633468455579586,valid
COc1ccc(N2CCC(CNC(=O)c3ccc(OC)c(OCCc4ccc(Cl)cc4Cl)c3)CC2)cn1,-4.0,valid
Cc1ccc(NS(=O)(=O)Cc2ccccc2)c(=O)n1CC(=O)NC1CCc2nc(N)sc2C1,-4.963787827345556,valid
COc1cc(Cl)cc(C(=O)Nc2ccc(Cl)cn2)c1NC(=O)c1scc(CN(C)C(=O)NCCC(=O)O)c1Cl,1.6575773191777938,valid
CC(=N)N1CCC(N(CC(N)=O)c2ccc3nc(C)n(Cc4ccc5ccc(C(=N)N)cc5c4)c3c2)CC1,0.3372421683184259,valid
CCc1nc2cc(OC3CCN(C(C)=N)CC3)ccc2n1C/C=C/c1cc(N)ccc1OC,-1.7634279935629371,valid
CS(=O)(=O)N1C[C@H](NC(=O)c2ccc(-n3ccccc3=O)cc2)[C@H](NC(=O)c2ccc(Cl)s2)C1,0.3565473235138126,valid
COC(=O)c1cc2cc(F)ccc2n1Cc1cccc(C(=N)N)c1,-4.113943352306837,valid
O=C(Nc1ccc(Cl)cc1)c1cc(Cl)ccc1NC(=O)c1scc(CN2CCSCC2)c1Cl,-0.6812412373755872,valid
COc1cc(-n2ccnc2C)ccc1NC(=O)c1cc(C(F)(F)F)nn1-c1ccc2onc(N)c2c1,-0.4471580313422192,valid
N=C(N)c1cccc(CN2CC[C@H](NS(=O)(=O)c3ccc4nc(Cl)ccc4c3)C2=O)c1,-2.041392685158225,valid
C[C@@H](C(=O)N1CCOCC1)N1CC[C@H](NS(=O)(=O)c2ncc(-c3ccc(Cl)s3)s2)C1=O,-0.3010299956639812,valid
N=C(N)c1cccc(C[C@H](NS(=O)(=O)c2ccc3ccccc3c2)C(=O)N2CCC[C@H](C(=O)OCc3ccccc3)C2)c1,-3.93400024191413,valid
CC(C)(C(=O)N1CCCCC1)N1CCC(NS(=O)(=O)c2ccc3cc(Cl)ccc3c2)C1=O,-4.02530586526477,valid
N=C(N)c1cccc(Cn2c(C(=O)NCCc3ccc(Cl)cc3Cl)cc3c(O)cccc32)c1,-2.9242792860618816,valid
Nc1noc2ccc(-n3nc(C(F)(F)F)c4[nH]c(=O)n(-c5ccc(-c6ccccc6CN6CC[C@@H](O)C6)cc5)c(=O)c43)cc12,0.958607314841775,valid
CS(=O)(=O)c1ccccc1-c1ccc2c(c1)OCCN2C(=O)c1cc(C(F)(F)F)nn1-c1ccc2onc(N)c2c1,-1.8512583487190752,valid
O=C(N[C@H]1CN(C(=O)OCC2c3ccccc3-c3ccccc32)C[C@H]1NC(=O)c1ccc2c(Cl)c[nH]c2c1)c1ccc(-n2ccccc2=O)cc1,-2.2121876044039577,valid
CS(=O)(=O)c1ccccc1-c1ccc(CC(=O)c2cc(C(F)(F)F)nn2-c2ccc3onc(N)c3c2)c(F)c1,1.154901959985743,valid
Nc1noc2ccc(-n3nc(C(F)(F)F)cc3C(=O)Nc3ccc(-c4ccccc4CN4CCNCC4)cc3F)cc12,-0.0569048513364725,valid
N=C(N)c1ccc(Oc2cc(C(=O)N[C@H]3CC[C@H](N)CC3)cc(Oc3ccc(C(=N)N)cc3)n2)cc1,-2.6020599913279625,valid
CC(C)c1nccn1-c1ccc(NC(=O)c2cc(C(F)(F)F)nn2-c2ccc3onc(N)c3c2)c(F)c1,-0.2041199826559248,valid
CCOC(=O)[C@]1(C)CCC[C@]2(C)[C@@H]1CC[C@@]13C/C(=N\OC/C=C/c4ccc5[nH]c6ccccc6c5c4)[C@@](C)(CC[C@@H]21)C3,-4.4221464559621255,valid
CC(C)N1CCC(NC(=O)c2cc3ccccc3n2Cc2nnc(-c3ccc(Cl)s3)s2)CC1,-0.6020599913279624,valid
O=C(CN1C[C@H](O)[C@@H](NC(=O)c2ccc(Cl)s2)C1)Nc1ccc(-n2ccccc2=O)cc1F,-1.0,valid
N=C(N)c1cccc(CN2CC[C@H](NS(=O)(=O)c3ccc(-c4ccon4)s3)C2=O)c1,-1.6901960800285136,valid
CC(C)OC(=O)[C@H](Cc1cccc(C(=N)N)c1)NS(=O)(=O)c1ccc2ccccc2c1,-3.543999792711779,valid
Cc1c(F)c(Oc2cccc(C(=N)N)c2)nc(Oc2cccc(C(F)(F)F)c2)c1F,-3.204119982655925,valid
CC(=N)N1CCC(Oc2ccc3c(c2)nc(C(C)C)n3Cc2ccc3ccc(C(=N)N)cc3c2)CC1,-0.3010299956639812,valid
N=C(N)c1cccc(C[C@H](NS(=O)(=O)c2ccc3ccccc3c2)C(=O)N2CCC(C(=O)O)CC2)c1,-4.637000021651537,valid
O=C(Cn1ccnc(NCC(F)(F)c2ccccn2)c1=O)NCc1cc(Cl)ccc1-n1cnnn1,-1.0,valid
C[N+]1(C)CCC(C(NC(=O)c2cc3ccccc3n2Cc2cccc(C(=N)N)c2)c2ccc3cc(Cl)ccc3c2)CC1,-3.1172712956557644,valid
N=C(N)c1cccc(C[C@H](NS(=O)(=O)c2ccc3ccccc3c2)C(=O)N2CCCCCC2)c1,-4.41500007296279,valid
Nc1cc(CCNC(=O)CN2CCN(S(=O)(=O)c3cc4ccc(Cl)cc4s3)CC2=O)ccn1,-2.146128035678238,valid
O=C(Nc1ccccc1C(=O)Nc1ccc(C(F)(F)F)cn1)c1ccc(-n2ccccc2=O)cc1,-3.1931245983544616,valid
COc1ccc(-n2nc(C(N)=O)c3c2C(=O)N(C2CCN(c4ccccc4CN4CCCC4)CC2)CC3)cc1,0.585026652029182,valid
CC(=N)N1CCC(Oc2ccc(N(C/C=C/c3cccc(C(=N)N)c3)C(=O)c3ccc(C(=O)O)c(C(=O)O)c3)cc2C(F)(F)F)CC1,0.2518119729937995,valid
Cc1cccc(-c2ccc(S(=O)(=O)N[C@H]3CCN(Cc4cccc(C(=N)N)c4)C3=O)cc2)c1,-2.0791812460476247,valid
NS(=O)(=O)c1ccccc1-c1ccc(NC(=O)C2CC(c3cccc(Cl)c3)=NO2)cc1,-3.770852011642144,valid
Nc1ccc(CNC(=O)[C@@H]2CC[C@H]3CN(S(=O)(=O)CC(c4ccccc4)c4ccccc4)CC(=O)N32)cn1,-1.5440680443502757,valid
Cc1ccc(NC(=O)c2sc3ccccc3c2Cl)c(C(=O)Nc2ccc(F)cc2)c1,-1.041392685158225,valid
CNS(=O)(=O)c1ccccc1-c1ccc(NC(=O)Cc2c[nH]c3ccc(C(=N)N)cc23)cc1,-0.5314789170422551,valid
COc1ccc(C(=O)NCC2CCN(c3ccc(Cl)cc3)CC2)cc1OCCc1ccc(Cl)cc1Cl,-4.0,valid
CCN(Cc1ccncc1)C(=O)[C@H](C)N1CC[C@H](NS(=O)(=O)c2ccc3cc(Cl)ccc3c2)C1=O,-1.4313637641589874,valid
NC(=O)NCC1(C(=O)Nc2ccc(-c3ccccc3S(N)(=O)=O)cn2)CC(c2ccc(Cl)c(N)c2)=NO1,-0.3979400086720376,valid
Cc1nn(-c2ccc3onc(N)c3c2)c2c(=O)n(-c3ccc(-c4ccccc4CN4CC[C@H](O)C4)cc3)cnc12,0.3010299956639812,valid
O=C(N[C@@H]1CCCC[C@@H]1NCc1ccc(-n2ccccc2=O)cc1)c1ccc2c(Cl)c[nH]c2c1,-0.1139433523068367,valid
O=C(Nc1ccc(Cl)cc1)[C@H]1CN(CCF)C[C@@H]1C(=O)Nc1ccc(-n2ccccc2=O)cc1F,-1.3222192947339193,valid
COc1ccc(-n2nc(C(N)=O)c3c2C(=O)N(C2CCN(c4ccccc4CN4CCC[C@@H]4O)CC2)CC3)cc1,0.0604807473813814,valid
COc1ccc(C(=O)NCC2CCN(Cc3ccncc3)CC2)cc1OCCc1ccc(Cl)cc1Cl,-2.9867717342662448,valid
CC(C)N(CCCNC(N)=O)C(=O)[C@H](C)N1CC[C@H](NS(=O)(=O)c2ccc3cc(Cl)ccc3c2)C1=O,-0.6989700043360189,valid
O=C(Nc1ccc(Cl)cc1C(=O)Nc1ccc(Cl)cn1)c1ccc(-c2ccccc2N2CCC(O)CC2)cc1,0.6989700043360187,valid
N=C(N)c1cccc(C[C@H](NS(=O)(=O)c2cccc(NC(=O)CCN)c2)C(=O)N2CCC(C(N)=O)CC2)c1,-3.397940008672037,valid
COC(=O)Nc1ccc2c(c1)NC(=O)CCc1nc(ccc1F)C[C@H](NC(=O)/C=C/c1cc(Cl)ccc1-n1cnnn1)c1nc-2c[nH]1,-3.146128035678238,valid
N=C(N)c1cccc(C[C@H](NS(=O)(=O)c2ccc3ccccc3c2)C(=O)N2CCC[C@H](C(=O)O)C2)c1,-4.639999967923897,valid
Cc1cccc2c1cc(C(=O)NCc1cccc(C(=N)N)c1)n2Cc1cccc(C(=N)N)c1,-0.8450980400142568,valid
CC[C@H](C)[C@@H](NS(=O)(=O)Cc1ccccc1)C(=O)N[C@@H](CCC(N)=O)C(=O)NCc1ccc(C(=N)N)cc1,-2.5185139398778875,valid
CC(=N)N1CCC(Oc2ccc3nc(CCC(N)=O)n(Cc4ccc5ccc(C(=N)N)cc5c4)c3c2)CC1,-0.0,valid
CS(=O)(=O)c1ccccc1-c1ccc(N2CCC(NS(=O)(=O)c3cc4cc(Cl)ccc4o3)C2=O)c(F)c1,-0.7923916894982539,valid
CS(=O)(=O)c1ccccc1C1=CCC(NC(=O)c2cc(C(F)(F)F)nn2-c2cccc(CN)c2)CC1,-0.4771212547196624,valid
Cc1cc(C(=O)Nc2ccc(-c3ccccc3S(C)(=O)=O)cc2F)n(-c2cccc(C(=N)N)c2)n1,1.6989700043360187,valid
Cc1ccc(NC(=O)c2sc3ccccc3c2C)c(C(=O)Nc2ccc(F)cc2)c1,-1.3979400086720375,valid
Cc1cc(C(=O)Nc2ccc(-c3ccccc3S(N)(=O)=O)cc2)n(-c2ccc3[nH]nc(N)c3c2)n1,-1.462397997898956,valid
COc1ccc(-n2nc(C(F)(F)F)c3c2C(=O)N(c2ccc(C4(N(C)C)CC4)cc2)CC3)cc1,1.0705810742857071,valid
O=C(Nc1ccccc1C(=O)Nc1ccccn1)c1ccc(-n2ccccc2=O)cc1,-0.4771212547196624,valid
NS(=O)(=O)c1ccccc1-c1ccc(NC(=O)C2CC(c3ccc(I)cc3)=NO2)cc1,-3.278753600952829,valid
CN1CC(C)(C)N=C1c1cccc(Oc2cc(C(=O)O)cc(Oc3cc(C(=N)N)ccc3O)n2)c1,-2.908485018878649,valid
Nc1noc2ccc(-n3nc(C(F)(F)F)cc3C(=O)Cc3ccc(N4CCCCC4=O)cc3)cc12,0.4685210829577448,valid
O=C1CN(S(=O)(=O)c2cc3ccccc3s2)CCN1Cc1cc2c[nH]ccc-2n1,-2.981818607170664,valid
N[C@@H](C(=O)N1CCC[C@H]1C(=O)NCC1CCc2n[nH]cc2C1)C(c1ccccc1)c1ccccc1,-4.914343157119441,valid
CN(C)C(=N)c1ccc(C(=O)Nc2ccc(Cl)cc2C(=O)Nc2ccc(Cl)cn2)cc1,1.3565473235138126,valid
CC(=N)N1CCC(Oc2ccc(C(=O)NCCOc3cc(C(=N)N)ccc3CC(=O)C(=O)O)cc2)CC1,-1.3010299956639813,valid
CC1CNc2c(cccc2S(=O)(=O)N[C@@H](CCCNC(=N)N)C(=O)N2CC[C@@H](C)C[C@@H]2C(=O)O)C1,-4.724275869600789,valid
CN1CCN=C1c1cccc(Oc2nc(Oc3cc(C(=N)N)ccc3O)c(F)c(OC3CCN(CC(=O)O)CC3)c2F)c1,0.619788758288394,valid
C[C@H]1CC[C@@H](Oc2cccc(-c3nc4cc(C(=N)N)c(F)cc4[nH]3)c2O)CC1,-4.57978359661681,valid
C[C@@]1(C(=O)NCc2ccccc2)C[C@@H](C(=O)NCc2ccc(C(=N)N)cc2)n2c1c(Cl)nc(NC1CCC1)c2=O,-3.568201724066995,valid
N=C(N)c1ccc(Oc2ccc(C(=O)N3CCC(CCN)CC3)c(Oc3ccc(C(=N)N)cc3)n2)cc1,-3.1760912590556813,valid
O=C(Nc1cccc(OCc2cccc(Br)c2)c1)C1CCN(c2ccncc2)CC1,-3.8000293592441343,valid
O=C(Nc1cccc(OCc2ccc([N+](=O)[O-])cc2)c1)C1CCN(c2ccncc2)CC1,-3.778151250383644,valid
COC(=O)[C@H]1CCCCN1C(=O)[C@H](Cc1cccc(C(=N)N)c1)NS(=O)(=O)c1ccc2ccccc2c1,-4.663000024928424,valid
N=C(N)N1CCc2ccc(OC(C(=O)O)c3ccc(O[C@H]4CCN(C(=N)N)C4)cc3)cc2C1,-2.3010299956639813,valid
CCC[C@H](NCc1ccc(C(=N)N)cc1)C(=O)[C@@H](CCCNC(=N)N)NS(=O)(=O)Cc1ccccc1,-1.568201724066995,valid
N=C(N)c1ccc2[nH]cc(C(Cc3cccc(C(=O)O)c3)C(=O)Nc3ccc(-n4cnc5ccccc54)cc3F)c2c1,-0.255272505103306,valid
O=C(Nc1cccc(OCc2ccc(F)cc2)c1)C1CCN(Cc2ccncc2)CC1,-4.673020907128896,valid
COc1ccc2ccc(S(=O)(=O)N(Cc3ccccc3)[C@H]3CCN(Cc4cccc(C(=N)N)c4)C3=O)cc2c1,-1.6127838567197357,valid
Cc1cc2oc(Cc3cccc(Cl)c3)nc2c(NCCC2CCCCN2)n1,-2.6020599913279625,valid
O=C(CN1CCC[C@H](NS(=O)(=O)c2ccc3cc(Cl)ccc3c2)C1=O)N1C[C@@H]2C[C@H](C1)c1cccc(=O)n1C2,-0.6730209071288962,valid
O=C(Nc1cccc(OCc2ccc(Cl)cc2)c1)C1CCN(c2ccncc2)CC1,-4.471291711058939,valid
N=C(N)c1cccc(C[C@H](NS(=O)(=O)c2cccc(-c3cccc(F)c3)c2)C(=O)N2CCC(CCN)CC2)c1,-3.505149978319906,valid
COc1ccc(-n2nc(C(F)(F)F)c3c2C(=O)N(c2ccc(C4(C(C)=O)CC4)cc2)CC3)cc1,-0.0,valid
O=C(N[C@@H]1CCCC[C@@H]1CS(=O)(=O)c1ccc(-n2ccccc2=O)cc1)c1ccc2c(Cl)c[nH]c2c1,-1.1139433523068367,valid
CC(C)N1CCC(NC(=O)c2c(Br)c3ccccc3n2Cc2cc(-c3ccc(Cl)s3)on2)CC1,-0.3010299956639812,valid
CCOC(=O)C(CCc1ccc(C(=N)N)cc1)Cn1cnc2ccc(C(=N)N)cc21,-4.075546961392531,valid
N=C(N)c1cccc(Cn2c(C(=O)NCc3cc(F)cc(F)c3)cc3c(O)cccc32)c1,-2.281033367247728,valid
COc1ccc(-n2nc(Cn3cnnn3)c3nc(C)n(-c4ccc(-c5ccccc5CN5CCCC5)cc4)c(=O)c32)cc1,-0.146128035678238,valid
CCCC(=O)N1CCC(CC[C@@H](NS(=O)(=O)Cc2ccccc2)C(=O)N[C@@H](CCC2CCNCC2)C(=O)NCc2ccc(C(=N)N)cc2)CC1,-3.342422680822206,valid
COC(=O)CC1(C(=O)Nc2ccc(C(=N)N)cc2)CC(c2cccc(C(=N)N)c2)=NO1,-1.9731278535996983,valid
O=C(N[C@H]1CCC[C@H]1NC(=O)c1ccc2c(c1)N=CC2Cl)c1ccc(-n2ccccc2=O)cc1,-0.0,valid
NCCCCC(NC(=O)CN(CC1(c2ccccc2)CCCC1)C(=O)CCc1ccccc1)B(O)O,-3.143014800254095,valid
CC(C)(CN(CC(=O)NC(CCC/N=C/N)B(O)O)C(=O)CCc1ccccc1)c1ccccc1,-1.9030899869919435,valid
Cc1ccc(NC(=O)c2ccccc2Br)c(C(=O)Nc2ccc(Cl)cc2)c1,-2.9822712330395684,valid
NCc1cccc(-n2nc(C(F)(F)F)cc2C(=O)Nc2ccc(-c3ccccc3S(N)(=O)=O)cc2)c1,-2.959041392321093,valid
CC(C)(CN(CC(=O)NC(CCCN=C(N)N)B(O)O)C(=O)CCc1ccccc1)c1ccccc1,-1.99563519459755,valid
COc1ccc(-n2nc(C(F)(F)F)c3c2C(=O)N(c2ccc(C4(C#N)CC4)cc2)CC3)cc1,-0.255272505103306,valid
CN(C)Cc1cnccc1-c1ccc(-c2ccc3c(C(N)=O)nn(-c4ccc5onc(N)c5c4)c3c2F)c(F)c1,-0.4771212547196624,valid
CCO[C@H]1CN(CC(=O)Nc2ccc(-n3ccccc3=O)cc2F)C[C@@H]1NC(=O)c1ccc(Cl)s1,-1.0,valid
Cc1c(F)c(N(C)c2cccc(C(=N)N)c2)nc(N(C)c2cccc(C(=N)N)c2)c1F,-1.9912260756924949,valid
Cc1cc(C(=O)Nc2ccc(C(=O)N3CCCC3)cc2)n(-c2ccc3cc(Cl)ccc3c2)n1,-0.255272505103306,valid
CCOC(=O)C(=O)N(Cc1ccccc1)c1ccc2c(c1)OC(Cc1ccc(C(=N)N)cc1)C(=O)N2C,-3.287801729930226,valid
CC(=O)Cc1cccc(Oc2nc(Oc3cccc(C(=N)N)c3)c(F)c(C)c2F)c1,-3.146128035678238,valid
O=C(NC1CCN(CCO)CC1)c1cc2ccccc2n1Cc1cc(-c2ccc(Cl)s2)on1,-2.1172712956557644,valid
CN1CCN(Cc2csc(C(=O)Nc3ccc(Cl)cc3C(=O)Nc3ccc(Cl)cc3)c2Cl)CC1,0.0555173278498313,valid
Nc1noc2ccc(-n3nc(C(F)(F)F)cc3C(=O)Nc3ccc(-c4ccccc4CNCC4CC4)cc3F)cc12,0.6020599913279624,valid
Cc1c(F)c(Oc2cccc(CN)c2)cc(Oc2cccc(C(=N)N)c2)c1F,-3.146128035678238,valid
CN(C)C(=O)c1cccc(Oc2nc(Oc3cc(C(=N)N)ccc3O)nc3c2NC(=O)CN3)c1,-1.9084850188786493,valid
N=C(N)c1ccc(CNC(=O)C(Cc2ccc(CN)cc2)NC(=O)[C@@H](CC2CCCCC2)NCC(=O)O)cc1,-4.146128035678238,valid
N=C(N)c1cccc(C[C@H](NS(=O)(=O)c2ccc3ccccc3c2)C(=O)N2CCCC2)c1,-4.69899996962148,valid
Cc1cc(C)cc(CNC(=O)c2cc3c(C)cccc3n2Cc2cccc(C(=N)N)c2)c1,-0.9542425094393248,valid
COC(=O)CC(CCc1cccc(C(=N)N)c1)c1cccc(C(=N)N)c1,-3.4471580313422194,valid
COc1cccc2c1cc(C(=O)NC(c1ccccc1)c1ccncc1)n2Cc1cccc(C(=N)N)c1,-3.8318697742805017,valid
COc1cccc(Oc2nc(Oc3cccc(C(=N)N)c3)c(F)c(C)c2F)c1,-3.130333768495006,valid
Cc1cc(C)c(O)c(-c2cc3cc(C(=N)N)ccc3[nH]2)c1,-3.0791812460476247,valid
CC(C)(CN(CC(=O)NC(CCCCN)B(O)O)C(=O)CCc1ccccc1)c1ccccc1,-2.505149978319906,valid
CNC(=O)NC1CCN(C(=O)[C@H](Cc2cccc(C(=N)N)c2)NS(=O)(=O)c2cccc(NC(=O)CCN)c2)CC1,-4.14921911265538,valid
O=C1OC[C@H]2OC(O)[C@@H]3OC(=O)c4cc(O)c(O)c(O)c4-c4c(cc(O)c(O)c4O)C(=O)O[C@H]3[C@@H]2OC(=O)c2cc(O)c(O)c(O)c2-c2c1cc(O)c(O)c2O,-2.9956351945975497,valid
COc1cc([C@@H]2Nc3ccc(C(=N)N)cc3[C@H]3c4ccccc4C[C@@H]23)c(-c2cccc(C(=O)O)c2)cc1O,-3.1760912590556813,valid
CCOC(=O)C1CCN(c2ccc(N3C[C@H](CNC(=O)c4ccc(Cl)s4)OC3=O)cc2)C(=O)C1,-1.3404441148401185,valid
Cc1nn(-c2ccc3onc(N)c3c2)c2c1CCN(c1ccc(-c3ccccc3CN3CC[C@@H](O)C3)cc1)C2=O,0.5686362358410126,valid
Cc1c(C(=O)Nc2ccc(Cl)cc2C(=O)Nc2ccc(Cl)cc2)sc2ccccc12,0.0861861476162833,valid
O=C1[C@@H](NS(=O)(=O)c2ccc3c(Cl)c[nH]c3c2)CCN1c1ccc2c(c1)CNCC2,-1.1760912590556811,valid
N=C(N)NCCCC(NC(=O)CN1CCN(S(=O)(=O)c2ccc3ccccc3c2)CC1=O)C(=O)c1nccs1,-0.4313637641589873,valid
N=C(N)NCCC[C@H](NC(=O)CN1CCCC[C@H](NS(=O)(=O)Cc2ccccc2)C1=O)C(=O)O,-1.6020599913279625,valid
N=C(N)c1cccc(CC(NS(=O)(=O)c2cccc(-c3ccccc3)c2)C(=O)N2CCC(CCN)CC2)c1,-3.7323937598229686,valid
O=C1CN(S(=O)(=O)c2ccc(-c3ccc(Cl)s3)s2)CCN1Cc1cc2c[nH]ccc-2n1,-1.3617278360175928,valid
O=C(Nc1ccc(Cl)cc1C(=O)Nc1ccc(Cl)cn1)c1ccc(-n2ccccc2=O)cc1,1.2218487496163564,valid
N=C(N)c1ccc2ccc(Cn3c4ccccc4c4ccc(OC5CCNCC5)cc43)cc2c1,-0.6020599913279624,valid
N=C(N)c1cccc(Oc2ccc(C(F)(F)F)c(Oc3cccc(C(=N)N)c3)n2)c1,-2.041392685158225,valid
CC[C@H](C)[C@@H]1NC(=O)[C@H](CCCNC(=N)N)NC(=O)[C@H](CCC(N)=O)NC(=O)[C@@H]2CSSC[C@@H]3NC(=O)[C@H](C)NC(=O)CNC(=O)[C@@H]4CCCN4C(=O)[C@@H]4CSSC[C@H](NC(=O)[C@H](Cc5ccc(O)cc5)NC(=O)CNC(=O)[C@H](CC(N)=O)NC(=O)CNC(=O)[C@H](CCCCN)NC(=O)[C@H](CSSC[C@H](NC(=O)[C@H](CCC(N)=O)NC(=O)[C@H](CCC(N)=O)NC(=O)[C@H](CC(C)C)NC1=O)C(=O)N[C@@H](CCC(N)=O)C(=O)N[C@@H](CCC(N)=O)C(=O)N[C@@H](CC(=O)O)C(=O)N[C@@H](CO)C(=O)N[C@@H](CC(=O)O)C(=O)N4)NC(=O)[C@H]([C@@H](C)CC)NC3=O)C(=O)NCC(=O)N[C@@H](CO)C(=O)NCC(=O)N[C@@H](CO)C(=O)N[C@@H](CC(=O)O)C(=O)NCC(=O)NCC(=O)N[C@@H](Cc1ccccc1)C(=O)N2,-2.716003343634799,valid
CN(CC(=O)N[C@@H](CCCCN)C(=O)C(=O)Nc1ccc(Oc2cccnc2)cc1)C(=O)c1ccccc1Sc1ccccc1C#N,-1.7781512503836436,valid
Cn1cnc(CCNC(=O)CN2CCN(S(=O)(=O)c3cc4ccc(Cl)cc4s3)CC2=O)c1,-2.633468455579586,valid
N=C(N)c1cccc(CN2CC[C@H](NS(=O)(=O)c3ccc4nc(N)ccc4c3)C2=O)c1,-2.204119982655925,valid
COc1ccc(-n2nc(C(N)=O)c3c2C(=O)N(C2CCN(c4ccccc4CN4CCOCC4)CC2)CC3)cc1,0.2441251443275086,valid
Cc1ccc(NC(=O)c2sc3ccccc3c2Cl)c(C(=O)Nc2ccc(C(=O)O)cc2)c1,-3.6720978579357175,valid
N=C(N)c1cccc(-n2nc(C(F)(F)F)cc2C(=O)Nc2ccc(-n3ccnc3)cc2)c1,1.0457574905606752,valid
CN(C)Cc1ncccc1-c1ccc(-c2ccc3c(C(N)=O)nn(-c4ccc5onc(N)c5c4)c3c2F)c(F)c1,-0.6434526764861874,valid
COc1ccccc1-c1ccc(S(=O)(=O)N[C@H]2CCN(Cc3cccc(C(=N)N)c3)C2=O)cc1,-2.278753600952829,valid
N=C(N)NCCCC(NC(=O)CN(CC1(c2ccccc2)CC1)C(=O)CCc1ccccc1)B(O)O,-1.662757831681574,valid
O=C(Nc1ccc(Cl)cc1)c1cc(Cl)c(F)cc1NC(=O)c1sc2ccccc2c1Cl,-0.8450980400142568,valid
COc1cccc2c1cc(C(=O)NCc1ccc(O)cc1)n2Cc1cccc(C(=N)N)c1,-2.2624510897304293,valid
Cc1c(F)c(Oc2cccc(NS(C)(=O)=O)c2)nc(Oc2cccc(C(=N)N)c2)c1F,-3.5802405082653763,valid
Cc1c(F)c(Oc2cccc(C(=N)N)c2)nc(N2CCC(C)(c3ccccc3)CC2)c1F,-2.7481880270062,valid
CCc1nccn1-c1ccc(NC(=O)c2cc(C(F)(F)F)nn2-c2ccc3onc(N)c3c2)c(F)c1,0.1366771398795441,valid
COC(=O)CN(C1CCCN(c2ccc(-n3ccnc3C[N+](C)(C)CC(=O)OC)cc2F)C1=O)S(=O)(=O)c1ccc2cc(Cl)ccc2c1,0.6777807052660807,valid
N=C(N)c1ccc2[nH]c(-c3cc(Br)cc(Br)c3O)cc2c1,-1.9493900066449128,valid
COc1ccc(-n2nc(C(N)=O)c3c2C(=O)N(c2ccc(C4(C5=NCCO5)CC4)cc2)CC3)cc1,0.2518119729937995,valid
CS(=O)(=O)N1C[C@H](C(=O)Nc2ccc(OC(F)(F)F)cc2)[C@@H](C(=O)Nc2ccc(-n3ccccc3=O)cc2F)C1,-4.238046103128795,valid
C[C@@H](C(=O)N(CCNC(N)=O)CC1CC1)N1CC[C@H](NS(=O)(=O)c2ccc3cc(Cl)ccc3c2)C1=O,-0.8450980400142568,valid
COc1ccc(NC(=O)c2cc(C)ccc2NC(=O)c2sc3ccccc3c2Cl)cc1,-1.2041199826559248,valid
N=C(N)c1ccc(N)c(CN2CC[C@H](NS(=O)(=O)c3cc4nc(Cl)ccc4s3)C2=O)c1,-0.4771212547196624,valid
N=C(N)c1ccc(CNC(=O)CNC(=O)[C@@H](CO)NS(=O)(=O)Cc2ccccc2)cc1,-3.4771212547196626,valid
COc1cc(C(=O)NCC2CCN(c3ccncc3)CC2)cc(OCCc2ccc(Cl)cc2Cl)c1Br,-1.3010299956639813,valid
COc1cccc(COc2cccc(NC(=O)C3CCN(c4ccncc4)CC3)c2)c1,-3.859138297294531,valid
N=C(N)c1ccc(CNC(=O)[C@@H]2CCCCNC(=O)c3cccc(c3)C(=O)NCCCC[C@@H](NS(=O)(=O)Cc3ccccc3)C(=O)N2)cc1,-2.575187844927661,valid
N=C(N)c1cccc(CN2CC[C@H](NS(=O)(=O)c3ccc(-c4ccccn4)s3)C2=O)c1,-2.146128035678238,valid
Cn1c(CNc2ccc(C(=N)N)cc2)nc2cc([C@@](C)(NCC(=O)O)C(=O)N3CCCC3)ccc21,-1.414973347970818,valid
COC(=O)[C@H](Cc1cccc(C(=N)N)c1)[C@@H](C)NC(=O)c1ccc(-c2ncc[nH]2)cc1,-1.662757831681574,valid
CC(C)(C)c1ccc(S(=O)(=O)N[C@@H](Cc2cccc(C(=N)N)c2)C(=O)N2CCN(S(C)(=O)=O)CC2)cc1,-3.830000015807418,valid
Cc1c(F)c(Oc2cccc(C(=N)N)c2)nc(Oc2cccc(C(=O)N(C)C)c2)c1F,-1.9030899869919435,valid
N=C(N)c1ccc2[nH]cc(C(CCc3ccccc3)C(=O)Nc3ccc(-n4cnc5ccccc54)cc3F)c2c1,-0.785329835010767,valid
Cc1nn(-c2cccc(CN)c2)c2c(F)c(-c3ccc(N4CCCC4=O)cc3)ccc12,-2.3483048630481607,valid
CN1CCN(Cc2ccc(NC(=O)OCC(Oc3cccc4sc(C(=N)N)cc34)c3ccccc3)cc2)CC1,-3.1936810295412816,valid
COc1ccc(-n2nc(C(F)(F)F)cc2C(=O)Nc2ccc(-c3ccccc3S(N)(=O)=O)cc2F)c(CN)c1,0.0555173278498313,valid
C[C@H]1CC(C)(C)C[C@@H]1Oc1cccc(-c2nc3cc(C(=N)N)c(F)cc3[nH]2)c1O,-4.919078092376074,valid
N=C(N)c1cccc(CCCNC(=O)c2ccc(-c3ccccc3)cc2)c1,-3.0,valid
CCOC(=O)[C@]1(C)CCC[C@]2(C)[C@@H]1CC[C@@]13C/C(=N\OC/C=C/c4ccc(CN5CCOCC5)cc4)[C@@](C)(CC[C@@H]21)C3,-3.396548037987132,valid
FC(F)(F)CN1CCCCC1CCNc1nccc2oc(Cc3cc(Cl)ccc3-n3cncn3)nc12,-1.7323937598229686,valid
CC(C)(C)OC(=O)CCc1nc(Cc2ccccc2)n(CC(=O)N[C@@H](CCCCN)B2O[C@@H]3C[C@@H]4C[C@@H](C4(C)C)[C@]3(C)O2)n1,-2.880813592280792,valid
CCOC(=O)[C@]1(C)CCC[C@]2(C)[C@@H]1CC[C@@]13C/C(=N\OCc4ccsc4)[C@@](C)(CC[C@@H]21)C3,-1.1760912590556811,valid
O=C(Nc1nc(CC(=O)N2CCN(CC(=O)N3CCCC3)CC2)cs1)c1ccc(Cl)cc1,-2.645422269349092,valid
COc1ccc(C(=O)NC2CCCN(c3ccc(-c4ccccc4S(C)(=O)=O)cc3F)C2=O)cc1,-2.7481880270062,valid
CN(C)Cc1nocc1-c1ccc(N2CCC(NS(=O)(=O)/C=C/c3ccc(Cl)s3)C2=O)c(F)c1,0.3010299956639812,valid
COc1ccc(-n2nc(C(N)=O)c3c2C(=O)N(c2ccc(C4(CCN5CCOCC5)CC4)cc2)CC3)cc1,0.8538719643217619,valid
Cc1cc2ccc1[C@@H](C)COC(=O)Nc1ccc(-c3ccnn3C)c(c1)CN(C)C(=O)[C@@H]2Nc1ccc2c(N)nccc2c1,-3.3010299956639813,valid
Cc1ccc2c3c(n(CCC(=O)O)c2c1)CC[C@@](C)(NC(=O)c1c(Cl)cc(-n2cnc(C)n2)cc1Cl)C3,-4.029789470831855,valid
COc1cc(Cl)cc(C(=O)Nc2ccc(Cl)cn2)c1NC(=O)c1scc(CN)c1Cl,-0.0,valid
O=C(Nc1nc(CC(=O)N2CCN(CC(=O)N3CCCC3)CC2)cs1)c1ccc(Cl)s1,-1.99563519459755,valid
CN(CCN1CCCC1)Cc1csc(C(=O)Nc2ccc(Cl)cc2C(=O)Nc2ccc(Cl)cc2)c1Cl,0.5228787452803376,valid
CC(C)N1CCC(NC(=O)c2cc3ccccc3n2CC(=O)Nc2cccc(Cl)c2)CC1,-2.4578818967339924,valid
Cc1c(C(=O)NC2CCN(C(C)C)CC2)n(Cc2cc(-c3ccc(Cl)s3)on2)c2ccccc12,-0.4771212547196624,valid
Cc1c(F)c(Oc2cccc(N(C)C)c2)nc(Oc2cc(C(=N)N)ccc2N)c1F,-1.806179973983887,valid
O=C(Nc1cccc(OCc2ccc(-c3cc(F)ccc3F)cc2)c1)C1CCNCC1,-3.103803720955957,valid
Cc1nn(-c2ccc3onc(N)c3c2)c2c(=O)n(-c3ccc(-c4ccccc4CN(C)C)cc3)c(C)nc12,0.5686362358410126,valid
Cc1c(F)c(Oc2cccc(C(=O)N(C)C)c2)nc(Oc2cc(C(=N)N)ccc2O)c1F,-0.255272505103306,valid
CNC(=O)[C@H]1CCCN(C(=O)[C@H](Cc2cccc(C(=N)N)c2)NS(=O)(=O)c2ccc3ccccc3c2)C1,-4.519999971824542,valid
CC(=N)N1CCC(Oc2ccc3cc(C(=O)NC(CC(=O)O)C(=O)O)n(Cc4ccc5ccc(C(=N)N)cc5c4)c3c2)CC1,-1.3010299956639813,valid
COc1ccc(-n2nc(C(N)=O)c3c2C(=O)N(c2ccc(C(C)(C)N(C)C)cc2)CC3)cc1,0.6989700043360187,valid
O=C(NCC1CCN(c2ccncc2)CC1)c1cc(OCCc2ccc(Cl)cc2Cl)c2c(c1)OCO2,-1.591064607026499,valid
CCc1nc2cc(OC3CCN(C(C)=N)CC3)ccc2n1C/C=C/c1cc(N)ccc1O,1.0,valid
CN(C)Cc1ccccc1-c1ccc(N2CC=Cc3c(C(F)(F)F)nn(-c4ccc5onc(N)c5c4)c3C2=O)cc1,0.2218487496163563,valid
O=C1[C@@H](NS(=O)(=O)c2ccc3cc(Cl)ccc3c2)CCN1c1ccc2c(c1)CCCNC2,0.0969100130080563,valid
N=C(N)c1cccc(CC(NS(=O)(=O)c2cccc(-c3ccccc3Cl)c2)C(=O)N2CCC(CCN)CC2)c1,-2.845098040014257,valid
CS(=O)(=O)N1C[C@H](C(=O)Nc2ccc3[nH]ncc3c2)[C@@H](C(=O)Nc2ccc(-n3ccccc3=O)cc2F)C1,-3.0958664534785427,valid
N=C(N)c1cc2c(OC(C(=O)Nc3ccccc3)c3ccccc3)cccc2s1,-2.1760912590556813,valid
COc1ccc(-n2nc(C(F)(F)F)cc2C(=O)Cc2ccc(-c3ccccc3CN3CC[C@H](O)C3)cc2)cc1,-0.5185139398778874,valid
COC(=O)CN(c1ccc2c(c1)nc(C)n2Cc1ccc2ccc(C(=N)N)cc2c1)C1CCN(C(C)=N)CC1,-1.3424226808222062,valid
Cc1nn(-c2ccc3onc(N)c3c2)c2c1CCN(c1ccc(-c3ccccc3CN3CCCC3)cc1)C2=O,0.5086383061657274,valid
COc1ccc(-n2nc(C)cc2C(=O)Nc2ccc(-c3ccccc3S(N)(=O)=O)cc2)cc1CN,-2.431363764158988,valid
O=C1[C@@H](NS(=O)(=O)c2ccc3cc(Cl)ccc3c2)CCN1c1ccc2c(c1)CCNC2,-0.0,valid
O=C(NCC1CCN(c2ccncc2)CC1)c1ccc(F)c(OCCc2ccc(Cl)cc2)c1,-1.6020599913279625,valid
O=C(N[C@H]1CCCC[C@H]1NC(=O)c1ccc2c(Cl)c[nH]c2c1)c1ccc(N2CCCS2(=O)=O)cc1,-2.0293837776852097,valid
CC(C)(C)OC(=O)Nc1ccc(CCOc2cc(C(=O)NCC3CCN(c4ccncc4)CC3)ccc2F)cc1,-4.0,valid
N=C(N)c1ccc(O)c(Oc2cc(C(=O)O)cc(Oc3cccc(-n4ccnc4)c3)n2)c1,-1.414973347970818,valid
N=C(N)NCCC(=O)N1CCN(C(=O)[C@H](Cc2cccc(C(=N)N)c2)NS(=O)(=O)c2ccc3cc4ccccc4cc3c2)CC1,-3.662757831681574,valid
N=C(N)c1ccc(-n2ccc3ccc(NC(=O)c4cccc(C(=N)N)c4)cc32)cc1,-2.204119982655925,valid
CN(C)C(=N)c1ccc(NC(=O)c2cc(C(F)(F)F)nn2-c2cc3ccccc3cc2F)c(F)c1,0.1549019599857432,valid
CC(C)N1CC(NC(=O)c2cc3ccccc3n2Cc2cc(-c3ccc(Cl)s3)on2)C1,-2.3521825181113627,valid
COc1ccc(-n2nc(C(F)(F)F)c3c2C(=O)N(c2ccc(N4CCCCC4=O)cc2)CC3)cc1,0.638272163982407,valid
COc1ccc(C(=O)NCC2CCN(C(C)C)CC2)cc1OCCc1ccc(Cl)cc1Cl,-2.812913356642856,valid
CC(=O)N[C@H](Cc1ccccc1)C(=O)N1CCC[C@H]1C(=O)N[C@@H](CCCn1ccnc1)B1O[C@@H]2CC3CC(C3(C)C)[C@]2(C)O1,-3.778151250383644,valid
N=C(N)c1cccc(CN2CC[C@H](NS(=O)(=O)c3ccc(Oc4ccccc4)cc3)C2=O)c1,-2.57978359661681,valid
CC(C)c1cc(C(C)C)c(S(=O)(=O)N[C@@H](Cc2cccc(C(=N)N)c2)C(=O)N2CCN(C(=O)CCN=C(N)N)CC2)c(C(C)C)c1,-3.462397997898956,valid
COc1ccc(C(=O)NC2CCN(c3cc[n+]([O-])cc3)CC2)cc1OCCc1ccc(Cl)cc1Cl,-3.1020905255118367,valid
Cc1ccc(NC(=O)c2sc3ccccc3c2Cl)c(C(=O)Nc2ccc(Cl)cc2)c1,0.494850021680094,valid
[O-][n+]1ccccc1C(F)(F)CNc1nccc2oc(Cc3cccc(Cl)c3)nc12,-0.4771212547196624,valid
CNC(=O)NCCC1CCN(C(=O)[C@H](Cc2cccc(C(=N)N)c2)NS(=O)(=O)c2cccc(-c3ccc(OC)cc3OC)c2)CC1,-1.7075701760979365,valid
N#Cc1ccc(NC(=O)c2ccc(-n3ccccc3=O)cc2)c(C(=O)Nc2ccc(Cl)cn2)c1,-0.3424226808222063,valid
CC(C)N1CCC(NC(=O)c2c(-c3ccccc3)c3ccccc3n2Cc2cc(-c3ccc(Cl)s3)on2)CC1,-1.740362689494244,valid
COC(=O)[C@H](Cc1cccc(C(=N)N)c1)[C@@H](C)NC(=O)c1ccc(-c2cccnc2)cc1,-0.9030899869919436,valid
O=C(Nc1cccc(OCc2cccc(F)c2)c1)C1CCN(c2ccncc2)CC1,-3.751279103983342,valid
N=C(N)c1cccc(-c2noc(C(F)(F)F)c2C(=O)Nc2ccc(-c3ccccc3S(N)(=O)=O)cc2)c1,-0.9777236052888476,valid
O=C(N[C@H]1CCCC[C@H]1NC(=O)c1ccc2cc(Cl)ccc2c1)c1ccc(-n2ccccc2=O)cc1,-1.3010299956639813,valid
CN(CCO)Cc1csc(C(=O)Nc2ccc(Cl)cc2C(=O)Nc2ccc(Cl)cc2)c1Cl,0.0969100130080563,valid
COC(=O)Cn1nc(C)c(NC(=O)OCC(Oc2cccc3sc(C(=N)N)cc23)c2ccccc2)c1C,-3.113943352306837,valid
Cc1ccc2c3c(nn2c1)CC[C@](NC(=O)c1c(Cl)cc(-n2cnc(C)n2)cc1Cl)(c1cccc(C(F)(F)F)c1)C3,-3.191171455728558,valid
NS(=O)(=O)c1ccccc1-c1ccc(NC(=O)C2CC(c3ccc(F)c(F)c3)=NO2)cc1,-3.662757831681574,valid
CC(C)(C)CC(=O)NCc1nc(Cc2ccccc2)n(CC(=O)N[C@@H](CCCCN)B2O[C@@H]3C[C@@H]4C[C@@H](C4(C)C)[C@]3(C)O2)n1,-3.633468455579586,valid
CCCNS(=O)(=O)c1ccccc1-c1ccc(NC(=O)Cc2c[nH]c3ccc(C(=N)N)cc23)cc1,-0.9030899869919436,valid
CCOc1ccc(-c2cccc(S(=O)(=O)N[C@@H](Cc3cccc(C(=N)N)c3)C(=O)N3CCC(CCCC(=O)NC)CC3)c2)c(Cl)c1,-2.255272505103306,valid
O=C1[C@@H](NS(=O)(=O)c2ccc3cc(Cl)ccc3c2)CCN1c1cc2c(cc1F)CNCC2,-0.4771212547196624,valid
O=C(N[C@H]1CCC[C@H]1NC(=O)c1cc2cc(Cl)ccc2s1)c1ccc(-n2ccccc2=O)cc1,-2.459392487759231,valid
Cc1cccc2c(C#N)c(C(=O)NC3CCN(C(C)C)CC3)n(Cc3cc(-c4ccc(Cl)s4)on3)c12,1.154901959985743,valid
CCOC(=O)c1ccc(Oc2cccc(C(=N)N)c2)nc1Oc1cccc(C(=N)N)c1,-2.278753600952829,valid
CCCCCC1=NOC(C(=O)Nc2ccc(-c3ccccc3S(N)(=O)=O)cc2)C1,-3.653212513775344,valid
COc1ccc(S(=O)(=O)NC2CCCN(c3ccc(-c4ccccc4S(C)(=O)=O)cc3F)C2=O)cc1,-1.7242758696007892,valid
N=C(N)c1cccc(C[C@H](NS(=O)(=O)c2ccc3ccccc3c2)C(=O)N2CCN(C(=O)CO)CC2)c1,-4.544000040918987,valid
CC(C)c1cc(C(C)C)c(S(=O)(=O)N[C@@H](Cc2cccc(C(=N)N)c2)C(=O)N2CCCN(C(=O)C3CCNCC3)CC2)c(C(C)C)c1,-3.763427993562937,valid
N=C(N)c1ccc2[nH]c(-c3cc(CC(=O)O)cc(-c4cccc([N+](=O)[O-])c4)c3O)cc2c1,-1.6989700043360187,valid
O=C(CN1CCN(S(=O)(=O)c2cc3ccc(Cl)cc3s2)CC1=O)NCCc1cccnc1,-2.397940008672037,valid
CC(C)S(=O)(=O)N1C[C@H](C(=O)Nc2ccc(Cl)cc2)[C@@H](C(=O)Nc2ccc(-n3ccccc3=O)cc2F)C1,-1.0,valid
CC(CNC(=O)c1ccc2c(Cl)c[nH]c2c1)NC(=O)c1ccc(-n2ccccc2=O)cc1,-0.5910646070264992,valid
CC(C)N(CCCNS(C)(=O)=O)C(=O)[C@H](C)N1CC[C@H](NS(=O)(=O)c2ccc3cc(Cl)ccc3c2)C1=O,-0.4771212547196624,valid
N=C(N)c1ccc2[nH]cc(C(CC3CC3)C(=O)Nc3ccc(-n4cnc5ccccc54)cc3)c2c1,-1.146128035678238,valid
CCOC(=O)C(Oc1ccc2c(c1)CN(C(=N)N)CC2)c1ccc(OC2CCN(C(C)=N)CC2)cc1,-1.4771212547196624,valid
N=C(N)NCCC1CCN(C(=O)[C@H](Cc2cccc(C(=N)N)c2)NS(=O)(=O)c2ccc(Oc3ccccc3)cc2)CC1,-3.0,valid
CNCc1ccccc1-n1nc(C(F)(F)F)cc1C(=O)Nc1ccc(-c2ccccc2S(C)(=O)=O)cc1F,-1.4471580313422192,valid
COc1cccc(S(=O)(=O)Nc2cccn(CC(=O)NCc3ccc(C(=N)N)cc3F)c2=O)c1,-2.395501124305626,valid
Cc1cc(C(=O)Nc2ccc(-c3ccccc3S(C)(=O)=O)cc2)n(-c2ccc3cc(Cl)ccc3c2)n1,-0.146128035678238,valid
Cc1cc(C)cc(C(C)(C)CN(CC(=O)NC(CCC/N=C/N)B(O)O)C(=O)CCc2ccccc2)c1,-2.593286067020457,valid
COC(=O)CCCN(c1ccc2nc(C)n(Cc3ccc4ccc(C(=N)N)cc4c3)c2c1)C1CCN(C(C)=N)CC1,-2.4771212547196626,valid
COC[C@@H]1C[C@@H](NC(=O)c2ccc(Cl)s2)CN1CC(=O)Nc1ccc(-n2ccccc2=O)cc1F,-1.9731278535996983,valid
CN(C)Cc1ccccc1-c1ccc(N2CCc3c(C(F)(F)F)nn(-c4ccc5onc(N)c5c4)c3C2=O)cc1,1.3979400086720375,valid
CNC(=O)C1CCN(C(=O)[C@H](Cc2cccc(C(=N)N)c2)NS(=O)(=O)c2ccc3ccccc3c2)CC1,-4.88100001317165,valid
Cc1cc2nc([C@@H](CNC(=O)c3ccc(-n4cnnc4)cc3Cl)c3cccnc3)[nH]c2cc1C,-3.2043913319193,valid
C[C@@H](C(=O)N(CCC#N)C1CC1)N1CC[C@H](NS(=O)(=O)c2ccc3cc(Cl)ccc3c2)C1=O,-1.7558748556724917,valid
Cc1c(F)c(Oc2cccc(C(=N)N)c2)nc(Oc2cccc(C(=O)O)c2)c1F,-3.6989700043360174,valid
N=C(N)c1ccc2[nH]cc(CC(=O)Nc3ccc(-c4ccccc4S(N)(=O)=O)cc3F)c2c1,-0.4913616938342727,valid
C[C@H]1CCC[C@H](Oc2cccc(-c3nc4cc(C(=N)N)c(F)cc4[nH]3)c2O)C1,-4.57978359661681,valid
CC(=N)N1CCC(Oc2ccc3cc(C(=O)O)n(Cc4ccc5ccc(C(=N)N)cc5c4)c3c2)CC1,-0.6627578316815741,valid
CC(=N)N1CCC(Oc2ccc(C(=O)NCCOc3cccc(C(=N)N)c3)cc2)CC1,-2.230448921378274,valid
COc1ccc(-n2nc(C(F)(F)F)cc2C(=O)Nc2ccc(-c3ccccc3S(N)(=O)=O)cc2)c(CN)c1,-0.380211241711606,valid
CC(=N)N1CCC(N(CCCC(=O)O)c2ccc3c(c2)nc(C)n3Cc2ccc3ccc(C(=N)N)cc3c2)CC1,-2.568201724066995,valid
COc1cccc(C2=NOC(C(=O)Nc3ccc(-c4ccccc4S(N)(=O)=O)cc3)C2)c1,-3.8750612633917,valid
CNC(=O)[C@]1(C)C[C@@H](C(=O)NCc2ccc(C(=N)N)cc2)n2c1c(Cl)nc(NC1CCC1)c2=O,-3.041392685158225,valid
N=C(N)c1cccc(CNC(=O)c2cc3cc(N)ccc3n2Cc2cccc(C(=N)N)c2)c1,-1.7075701760979365,valid
CS(=O)(=O)c1ccccc1-c1ccc(CCNS(=O)(=O)c2cc(C(=N)N)ccc2O)c(OCC(=O)O)c1,-0.6989700043360189,test
N=C(N)c1cccc(C[C@H](NS(=O)(=O)c2ccc3ccccc3c2)C(=O)N2CCCc3ccccc32)c1,-3.3619996570450783,test
N=C(N)c1ccc(NC(=O)c2cc([N+](=O)[O-])ccc2O)cc1,-4.99563519459755,test
Cc1cc(C(=O)Nc2ccc(-c3ccccc3S(N)(=O)=O)cc2)n(-c2cccc(S(N)(=O)=O)c2)n1,-3.6989700043360174,test
N=C(N)c1cccc(Cn2c(C(=O)NCc3ccc4ccccc4c3)cc3c(O)cccc32)c1,-3.2355284469075487,test
CC(C)N1CCC(C(=O)Nc2ccccc2OCc2cc(-c3ccc(Cl)s3)on2)CC1,0.4497716469449059,test
Cc1cc(C(=O)Nc2ccc(-c3ccccc3S(C)(=O)=O)cc2F)n(-c2cccc(CN)c2)n1,-2.681241237375587,test
Cc1cc(Br)c(O)c(-c2[nH]c3ccc(C(=N)N)cc3c2CCCc2ccccc2)c1,-3.880813592280792,test
CC(C)(C)NC(=O)c1ccc(-c2cccc([C@@H]3C[C@](C)(c4ccccc4)c4cc(C(=N)N)ccc4N3)c2)c(C(=O)O)c1,-3.806179973983887,test
O=C(N[C@H]1CN(C(=O)C2CC2)C[C@H]1NC(=O)c1ccc(Cl)s1)c1ccc(-n2ccccc2=O)cc1,-0.3222192947339193,test
Cc1[nH]cnc1CCNC(=O)CN1CCN(S(=O)(=O)c2cc3ccc(Cl)cc3s2)CC1=O,-2.531478917042255,test
CC(=N)N1CCC(Oc2ccc(NC/C=C/c3cccc(C(=N)N)c3)cc2F)CC1,-0.6127838567197355,test
CS(=O)(=O)c1ccccc1-c1ccc(NC(=O)c2cc(C(F)(F)F)nn2-c2ccccc2CN)cc1,-0.0,test
C[C@]1(c2ccccc2)C[C@@H](c2cccc(-c3ccc(C(=O)O)cc3C(=O)O)c2)Nc2ccc(C(=N)N)cc21,-3.9684829485539352,test
Cc1ccc(NC(=O)c2sc3ccccc3c2Cl)c(C(=O)Nc2ccc(Cl)cn2)c1,-0.3617278360175928,test
CC(=O)N1CCC(Oc2ccc(C(Oc3ccc4c(c3)CN(C(=N)N)CC4)C(=O)O)cc2)CC1,-2.6020599913279625,test
CC1(C(=O)Nc2ccc(-c3ccccc3S(N)(=O)=O)cc2)CC(c2cccc(C(=N)N)c2)=NO1,-0.9590413923210936,test
O=C(Nc1ccc(Cl)cc1)N[C@@H]1CCC[C@@H]1NC(=O)c1ccc(-n2ccccc2=O)cc1,-1.0,test
CC[C@H](NC(C)=O)C(=O)N[C@@H](CCCN)C(=O)N[C@@H](CC(C)C)C(=O)N[C@@H](CCCNC(=N)N)C(=O)c1nc2ccc(C(=O)NC3CCNCC3)cc2s1,-2.6503075231319366,test
N=C(N)c1cc2c(OC(CNC(=O)Nc3ccccc3)c3ccccc3)cccc2s1,-2.9822712330395684,test
N=C(N)c1ccc(S(=O)(=O)NCC(=O)NC(Cc2cccc(C(=N)N)c2)C(=O)O)cc1,-4.2552725051033065,test
C[C@@]12CC[C@H]3[C@]4(C)CCC[C@@](C)(C(=O)O)[C@H]4CC[C@]3(C[C@H]1O)C2,-4.440247695801567,test
NCc1ccc(Cl)cc1CNC(=O)[C@@H]1CCCN1C(=O)[C@@H](CCc1cccc[n+]1[O-])NCC(=O)OC1CCCCC1,-0.0,test
CC(=N)NCc1cccc(-c2ccc(C(=O)Nc3ccc(Cl)cc3C(=O)Nc3ccc(Cl)cn3)cc2)c1,-0.255272505103306,test
CCOC(=O)C(=O)N(Cc1ccccc1)c1ccc2c(c1)N(C)CC(C)(COc1ccc(C(=N)N)cc1)O2,-4.204119982655925,test
O=C(Nc1ccccc1C(=O)Nc1cccnc1)c1ccc(-n2ccccc2=O)cc1,-1.6334684555795866,test
COc1c(Br)cc(C(=O)NCC2CCN(c3ccncc3)CC2)cc1OCCc1ccc(Cl)cc1Cl,-3.0224283711854865,test
N=C(N)c1cccc(C(=O)NC(C(=O)NCC2CCC(CN)CC2)c2cccc3ccccc23)c1,-2.0,test
O=C(NCC1CCN(c2ccncc2)CC1)c1ccc(F)c(OCCc2ccc(Cl)cn2)c1,-1.568201724066995,test
C[C@@H](C(=O)N1CCOCC1)N1CC[C@H](N(CC(N)=O)S(=O)(=O)c2ccc3cc(Cl)ccc3c2)C1=O,-0.4771212547196624,test
CCOC(=O)C(Cc1ccccc1)C(=O)Nc1ccc2c(c1)N(C)CC(C)(COc1ccc(C(=N)N)cc1)O2,-4.469822015978163,test
CNCC1(c2ccc(N3CCc4c(C#N)nn(-c5ccc(OC)cc5)c4C3=O)cc2)CC1,0.8239087409443188,test
Cc1cc(C)cc(CNC(=O)c2c(Br)c3ccccc3n2Cc2cccc(C(=N)N)c2)c1,-1.1139433523068367,test
O=C(Cn1ccnc(NCC(F)(F)c2cccc[n+]2[O-])c1=O)NCc1ccccc1-n1cnnn1,-2.568201724066995,test
COc1ccc(C(=O)NCC2CCN(c3ccnc(SC)n3)CC2)cc1OCCc1ccc(Cl)cc1Cl,-4.0,test
COc1ccc(-c2cccc(S(=O)(=O)N[C@@H](Cc3cccc(C(=N)N)c3)C(=O)N3CCC(NC(=O)NC4CCCCC4)CC3)c2)c(OC)c1,-1.041392685158225,test
CN(C(=O)Cc1c[nH]c2ccc(C(=N)N)cc12)c1ccc(-c2ccccc2S(N)(=O)=O)cc1,-1.6127838567197357,test
CC(C)COc1cccc(-c2nc3cc(C(=N)N)c(F)cc3[nH]2)c1O,-4.491361693834273,test
CCC(C)(C)C(NC(=O)[C@@H]1CCCN1C(=O)[C@H](Cc1ccc2ccccc2c1)NC(=O)OCc1ccccc1)B1O[C@@H]2CC3CC(C3(C)C)[C@]2(C)O1,-1.3617278360175928,test
Cc1nc(N)ccc1CNC(=O)[C@@H]1CC[C@H]2CN(S(=O)(=O)CC(c3ccccc3)c3ccccc3)CC(=O)N21,-1.6812412373755872,test
COc1ccc(-n2nc(NC(=O)OC(C)(C)C)c3c2C(=O)N(c2ccc(-c4ccccc4CN4CC[C@@H](O)C4)cc2)CC3)cc1,-0.9822712330395684,test
COC(=O)CC(=O)N(Cc1ccccc1)c1ccc2c(c1)OC(Cc1ccc(C(=N)N)cc1)C(=O)N2C,-3.756636108245848,test
CC(C)N1CCC(NC(=O)c2cc3ccccc3n2CCc2ccc(Cl)cc2)CC1,-1.863322860120456,test
N=C(N)c1cccc(C(=O)N[C@@H](C(=O)N2CCC(C(=O)c3ccccc3)CC2)c2ccccc2)c1,-1.2041199826559248,test
NC(=O)c1cc(C(=O)N2CCc3cc(-c4ccccc4CN4CCCC4)ccc32)n(-c2ccc3onc(N)c3c2)n1,0.2006594505464183,test
COC(=O)[C@H](Cc1cccc(C(=N)N)c1)[C@@H](C)NC(=O)c1ccc(-c2ccccn2)cc1,0.0506099933550872,test
Cc1ccc(C(=O)Nc2ccc(Cl)cc2)c(NC(=O)c2sc3ccccc3c2Cl)c1,-0.8573324964312685,test
C/N=C(/N)N(C)Cc1ccc(C(=O)Nc2ccc(Cl)cc2C(=O)Nc2ccc(Cl)cn2)cc1,0.6989700043360187,test
N=C(N)c1cccc(Cn2c(C(=O)O)cc3cc(O)ccc32)c1,-4.0,test
CC(C)c1cc(S(=O)(=O)N[C@H](CO)C(=O)NCC(=O)NCc2ccc(C(=N)N)cc2)cc(C(C)C)c1C(C)C,-5.0,test
COc1ccc(-n2nc(C(F)(F)F)c3c2C(=O)N(c2ccc(C4(CNc5nccs5)CC4)cc2)CC3)cc1,1.2676062401770314,test
O=C(Nc1ccc(Cl)cc1)c1ccc(C(F)(F)F)cc1NC(=O)c1sc2ccccc2c1Cl,-2.0,test
N=C(N)c1ccc(N2CCCCN(c3cccc(C(=N)N)c3)C2=O)cc1,-2.903089986991944,test
O=C1CN(S(=O)(=O)c2cc3ccc(Cl)nc3s2)CCN1Cc1cc2c[nH]ccc-2n1,-0.6020599913279624,test
O=C(Nc1ccc(Cl)cc1)c1cc(Cl)ccc1NC(=O)c1scc(Cn2ccnc2)c1Cl,-0.2787536009528289,test
COc1cc(Cl)cc(C(=O)Nc2ccc(Cl)cn2)c1NC(=O)c1scc(CN(C2=NCCO2)C(C)(C)C)c1Cl,0.9208187539523752,test
Cc1ccc2c(Cl)c(C(=O)Nc3ccc(Cl)cc3C(=O)Nc3ccc(Cl)cc3)sc2c1,0.0222763947111522,test
CC(=N)N1CCC(Oc2ccc3ncn(Cc4ccc5ccc(C(=N)N)cc5c4)c3c2)CC1,-0.4623979978989561,test
CCOc1ccc(CNc2ccc(C(=N)N)cc2)cc1OCC,-4.5910646070265,test
Cc1cc(I)c(O)c(C(=O)Nc2ccc(C(=N)N)c(F)c2)c1,-2.716003343634799,test
N=C(N)c1ccc(NC(=O)C2(CC(=O)O)CC(c3cccc(C(=N)N)c3)=NO2)cc1,-2.155336037465062,test
CS(=O)(=O)c1ccccc1-c1ccc(N2CCCC(NS(=O)(=O)c3ccc(F)cc3)C2=O)c(F)c1,-1.6483600109809315,test
N=C(N)c1ccc(O)c(CN2CC[C@H](NS(=O)(=O)c3cc4ccncc4s3)C2=O)c1,-0.3010299956639812,test
N=C(N)c1cc2cc(-c3ccc(OCc4ccccc4)cc3)ccc2s1,-3.568201724066995,test
CNC(=O)[C@H](Cc1cccc(C(=N)N)c1)NS(=O)(=O)c1c(C)c(C)c2c(c1C)CCC(C)(C)O2,-4.0,test
CCCCOC(=O)[C@H](Cc1cccc(C(=N)N)c1)NS(=O)(=O)c1ccc2ccccc2c1,-3.491000098258036,test
C[S+](O)Cc1nc(Cc2ccccc2)n(CC(=O)N[C@@H](CCCCN)B2O[C@@H]3C[C@@H]4C[C@@H](C4(C)C)[C@]3(C)O2)n1,-3.778151250383644,test
O=C(CN1CCN(S(=O)(=O)c2cc3ccc(Cl)cc3s2)CC1=O)NCCc1c[nH]c(S)n1,-2.792391689498254,test
COc1ccc(C(=O)Nc2cccc(O)c2NC(=O)c2ccc(N3CCCN(C)CC3)cc2)cc1,-1.4913616938342726,test
COc1ccc(CCOc2cc(C(=O)NCC3CCN(c4ccncc4)CC3)ccc2Cl)cc1,-2.496929648073215,test
Cc1cc(Br)c(O)c(-c2[nH]c3ccc(C(=N)N)cc3c2CCc2ccccc2)c1,-2.544068044350276,test
NS(=O)(=O)c1ccccc1-c1ccc(NC(=O)C2CC(c3cccc(OCCOCCCl)c3)=NO2)cc1,-4.176091259055681,test
O=C(N[C@@H]1CCC[C@@H]1NC(=O)c1ccc(-n2ccccc2=O)cc1F)c1ccc(Cl)s1,-0.6720978579357175,test
N=C(N)c1cccc(CN2CC[C@H](NS(=O)(=O)c3ccc(-c4cccnc4)cc3)C2=O)c1,-2.322219294733919,test
O=C(Nc1cccc(CCc2cccc(F)c2)c1)C1CCN(c2ccncc2)CC1,-4.644438589467838,test
CC(C)N1CCC(NC(=O)c2cc3cc(S(C)(=O)=O)ccc3n2Cc2cc(-c3ccc(Cl)s3)on2)CC1,-1.3010299956639813,test
N=C(N)c1cccc(-n2nc(-c3cccnc3)cc2C(=O)Nc2ccc(-n3cnc4cc(Cl)ccc43)cc2)c1,0.1870866433571444,test
Cc1ccc2ccc(S(=O)(=O)N[C@H]3CCN(Cc4cccc(C(=N)N)c4)C3=O)cc2c1,-2.0,test
CC(=N)N1CCC(Oc2ccc3c(c2)nc(C)n3Cc2ccc3ccc(C(=N)N)cc3c2)CC1,-0.7923916894982539,test
COc1ccc(C(=O)Nc2cccc(O[C@@H]3O[C@H](C(=O)O)[C@@H](O)[C@H](O)[C@H]3O)c2NC(=O)c2ccc(N3CCCN(C)CC3)cc2)cc1,-1.3010299956639813,test
N=C(N)c1cc2c(OC(COC(=O)Nc3ccccc3)c3ccccc3)cc(F)cc2s1,-3.2000292665537704,test
NC(=O)c1nn(-c2cccc(-c3n[nH]c(=O)[nH]3)c2)c2c1CCN(c1ccc(-c3ccccc3CN3CCCC3)cc1)C2=O,0.6020599913279624,test
CS(=O)(=O)c1ccccc1-c1ccc(N2CCCC(NS(=O)(=O)c3ccc(Cl)cc3)C2=O)c(F)c1,-1.3617278360175928,test
O=C(N[C@H]1CCC[C@H]1NC(=O)c1ccc(Cl)cc1)c1ccc(-n2ccccc2=O)cc1,-1.5563025007672873,test
N=C(N)N1CCC(C(=O)Nc2cccc(OCc3ccc(-c4ccccc4)cc3)c2)CC1,-3.716003343634799,test
N=C(N)c1cccc(C[C@H](NS(=O)(=O)c2cccc(NCCCN)c2)C(=O)N2CCC(CCN)CC2)c1,-3.903089986991944,test
N=C(N)NCCC1CCN(C(=O)[C@H](Cc2cccc(C(=N)N)c2)NS(=O)(=O)c2ccc(Cc3ccncc3)cc2)CC1,-3.361727836017593,test
COC(=O)Nc1ccc(S(=O)(=O)C(C)C)c([C@H]2CCCN2C(=O)[C@H](Nc2ccc3c(N)nccc3c2)c2ccc(Cl)c(OC)c2)c1,-3.568201724066995,test
O=C(N[C@H]1CCC[C@H]1NC(=O)c1cc2ccc(Cl)cc2[nH]1)c1ccc(-n2ccccc2=O)cc1,-2.424881636631067,test
N=C(N)c1cccc(C[C@H](NS(=O)(=O)c2cccc(NC(=O)C3CNC3)c2)C(=O)N2CCC(CCN)CC2)c1,-4.049218022670182,test
O=C(N[C@H]1CCC[C@H]1NS(=O)(=O)c1ccc(Cl)cc1)c1ccc(-n2ccccc2=O)cc1,-4.060697840353612,test
Cc1cc(C(=O)Nc2ccc(-c3ccccc3CN(C)C)cc2F)n(-c2ccc3cc(Cl)ccc3c2)n1,-0.1760912590556812,test
Cc1cc(C)cc(C(C)(C)CN(CC(=O)NC(CCCCN)B(O)O)C(=O)CCc2ccccc2)c1,-2.908485018878649,test
O=C1CN(S(=O)(=O)/C=C/c2ccc(Cl)s2)CCN1Cc1cc2c[nH]ccc-2n1,-0.041392685158225,test
CS(=O)(=O)c1ccccc1-c1ccc(N2CCCC(NS(=O)(=O)c3ccc(Cl)s3)C2=O)c(F)c1,-0.724275869600789,test
CCOC(=O)C(=O)N(Cc1cccc(F)c1)c1ccc2c(c1)OC(C)(COc1ccc(C(=N)N)cc1)CN2C,-3.204119982655925,test
CCC1CCN(C(=O)C(Cc2nc3ccccc3s2)NS(=O)(=O)c2cccc3c2NCC(C)(C)C3)CC1,-4.963787827345556,test
Cc1cc2nc([C@@H](CNC(=O)c3ccc(-n4cnnc4)cc3Cl)c3ccc(F)cc3)[nH]c2cc1C,-3.178113252314632,test
COc1cc(C(=O)NCC2CCN(c3ccncc3)CC2)cc(OCCc2ccc(Cl)cc2Cl)c1OC,-1.6989700043360187,test
Nc1ncc2c(n1)CCC(CNC(=O)[C@@H]1CCCN1C(=O)[C@H](N)C(c1ccccc1)c1ccccc1)C2,-4.760422483423212,test
CN(C)CCN(C)Cc1csc(C(=O)Nc2ccc(Cl)cc2C(=O)Nc2ccc(Cl)cc2)c1Cl,0.3467874862246563,test
CN(C)Cc1nccn1-c1ccc(-c2ccc3c(C(N)=O)nn(-c4ccc5onc(N)c5c4)c3c2F)c(F)c1,-1.2013971243204515,test
COc1cc(Cl)cc(C(=O)Nc2ccc(Cl)cn2)c1NC(=O)c1scc(CN(C)CC(C)(C)O)c1Cl,0.1487416512809247,test
CC(C)N1CCC(NC(=O)c2cc3c(Cl)cccc3n2Cc2cc(-c3ccc(Cl)s3)on2)CC1,-0.8450980400142568,test
CN1CC(C)(COc2ccc(C(=N)N)cc2)Oc2ccc(N(Cc3cccc(F)c3)C(=O)C(=O)O)cc21,-4.2552725051033065,test
CN1C(=O)C(OCc2ccc(C(=N)N)cc2)Oc2cc(C(=O)Nc3ccccc3)ccc21,-4.4996870826184034,test
CCOC(=O)COc1cc(C(C)C)ccc1CCNS(=O)(=O)c1cc(/C(N)=N/O)ccc1O,-3.544068044350276,test
COc1ccc(C(=O)NCC2CCN(c3ccncc3)CC2)cc1OCCc1ccc(Cl)cn1,-1.7323937598229686,test
N=C(N)NCCC(=O)Nc1ccc(S(=O)(=O)N[C@@H](Cc2cccc(C(=N)N)c2)C(=O)N2CCC(CCNC(=N)N)CC2)cc1,-4.0,test
O=C(c1cc2ccccc2n1Cc1cc(-c2ccc(Cl)s2)on1)N1CCC(Oc2ccncc2)CC1,-3.462397997898956,test
Cc1nccn1-c1ccc(NC(=O)c2cc(C(F)(F)F)nn2-c2ccc3onc(N)c3c2)c(C(N)=O)c1,-0.8864907251724818,test
CN(C(=O)C1CCN(c2ccncc2)CC1)c1cccc(OCc2cccc(F)c2)c1,-4.372912002970106,test
Cc1cc(C(=O)Nc2ccc(-c3ccccc3S(N)(=O)=O)cc2)n(-c2ccc3onc(N)c3c2)n1,-0.146128035678238,test
COc1ccc(-n2nc(C)cc2C(=O)Nc2ccc(-c3ccccc3S(N)(=O)=O)cc2)c(CN)c1,-0.5797835966168101,test
COC(=O)C(Oc1cccc2sc(C(=N)N)cc12)c1ccccc1,-4.139879086401237,test
CC(C)(C)OC(=O)CNc1nc(Cl)c2n(c1=O)[C@H](C(=O)NCc1ccc(C(=N)N)cc1)CC2(C)C,-2.462397997898956,test
N=C(N)c1ccc(CNC(=O)[C@@H]2Cc3cn(nn3)Cc3cccc([n+]3[O-])Cn3cc(nn3)C[C@@H](NS(=O)(=O)Cc3ccccc3)C(=O)N2)cc1,-3.4945719842301988,test
O=C(NC[C@H]1CN(c2ccc(N3CCC(C(=O)O)CC3)cc2)C(=O)O1)c1ccc(Cl)s1,-1.9479236198317265,test
N=C(N)c1ccc(CNC(=O)[C@@H]2Cc3cccc(c3)CNC(=O)CN3CCN(CC3)CC(=O)NCc3cccc(c3)C[C@@H](NS(=O)(=O)Cc3ccccc3)C(=O)N2)cc1,-1.3738311450738303,test
O=C1C(NS(=O)(=O)c2ccc3cc(Cl)ccc3c2)CCCN1c1ccc(-c2ccncc2)cc1F,-1.4471580313422192,test
Cc1nn(-c2ccc3onc(N)c3c2)c2c(=O)n(-c3ccc(-c4ccccc4CN(C)C(C)C)cc3)c(C)nc12,0.4559319556497244,test
Cc1c(F)c(Oc2cccc(C(=N)N)c2)nc(Oc2cccc(C(O)C(N)=O)c2)c1F,-2.568201724066995,test
N=C(N)c1cccc(Cn2c(C(=O)NCc3ccccn3)cc3c(O)cccc32)c1,-3.5220528008688223,test
CC(=N)N1CCC(Oc2ccc(N(C/C=C/c3cccc(C(=N)N)c3)C(=O)CCC(=O)O)cc2C(F)(F)F)CC1,0.5528419686577808,test
N=C(N)c1ccc2[nH]c(Cc3nc4cc(F)c(F)cc4[nH]3)nc2c1,-0.7781512503836436,test
CC(C)(CNC(=O)c1ccc(-n2ccccc2=O)cc1)NC(=O)c1ccc2c(Cl)c[nH]c2c1,-0.1139433523068367,test
C[C@@H](C(=O)N1CCOCC1)N1CC[C@H](NS(=O)(=O)c2cc3ccc(Cl)cc3[nH]2)C1=O,-2.230448921378274,test
O=C(CN1C[C@H](CO)[C@@H](NC(=O)c2ccc(Cl)s2)C1)Nc1ccc(-n2ccccc2=O)cc1F,-1.4313637641589874,test
COC(=O)C1C/C(=C/c2ccc(C(=N)N)cc2)C(=O)/C(=C\c2ccc(C(=N)N)cc2)C1,-0.6812412373755872,test
CN(C)CC(=O)N(C)c1ccc2c(c1)N(C(=O)c1cc(C(N)=O)nn1-c1ccc3onc(N)c3c1)CC2,-2.544068044350276,test
C[C@@H](C(=O)N(CCC#N)C1CCC1)N1CC[C@H](NS(=O)(=O)c2ccc3cc(Cl)ccc3c2)C1=O,-1.1760912590556811,test
CC(=N)N1CCC(N(CCCC(=O)O)c2ccc3nc(C)n(Cc4ccc5ccc(C(=N)N)cc5c4)c3c2)CC1,-2.6232492903979003,test
CCN(C)C(C)c1ccc(N2CC[C@H](NS(=O)(=O)c3ccc4cc(Cl)ccc4c3)C2=O)c(F)c1,0.0969100130080563,test
CS(=O)(=O)N1C[C@H](C(=O)Nc2ccc(Cl)cc2N)[C@@H](C(=O)Nc2ccc(-n3ccccc3=O)cc2F)C1,-2.6242820958356683,test
O=C1C(NS(=O)(=O)/C=C/c2ccc(Cl)s2)CCN1c1ccc(-c2ccccc2C(F)(F)F)cn1,-0.7781512503836436,test
Cc1ccc(NC(=O)c2sc3ccccc3c2O)c(C(=O)Nc2ccc(Cl)cc2)c1,-3.643452676486187,test
CCOc1cc(C(Nc2ccc3c(N)nccc3c2)C(=O)NCc2cccc(S(N)(=O)=O)c2)ccc1OC(C)C,-3.9084850188786495,test
COc1ccc(-n2nc(C#N)c(N)c2C(=O)Nc2ccc(-c3ccccc3S(C)(=O)=O)cc2F)cc1,-0.9242792860618816,test
N=C(N)c1ccc(Oc2cc(C(=O)NC3CCN(CCCN)CC3)cc(Oc3ccc(C(=N)N)cc3)n2)cc1,-2.0,test
CCC(C)c1nc2ccc(OC3CCN(C(C)=N)CC3)cc2n1Cc1ccc2ccc(C(=N)N)cc2c1,0.9208187539523752,test
COC(=O)CNC(=O)CC1(C(=O)Nc2ccc(C(=N)N)cc2)CC(c2cccc(C(=N)N)c2)=NO1,-1.255272505103306,test
CC1(C)OCC(COCc2csc(C(=O)Nc3ccc(Cl)cc3C(=O)Nc3ccc(Cl)cc3)c2Cl)O1,-1.3010299956639813,test
Cc1cc(C(=O)Nc2ccc(N3CCOCC3=O)cc2F)n(-c2cc3ccccc3cc2S(C)(=O)=O)n1,0.0969100130080563,test
Cc1c(F)c(Oc2cccc(CC(=O)N(C)C)c2)nc(Oc2cccc(C(=N)N)c2)c1F,-2.6627578316815743,test
CC(C)[C@H](NCc1ccc(C(=N)N)cc1)C(=O)[C@@H](CCCNC(=N)N)NS(=O)(=O)Cc1ccccc1,-1.3222192947339193,test
N=C(N)c1cccc(CN2CC[C@H](NS(=O)(=O)c3cc4cccnc4s3)C2=O)c1,-1.944482672150169,test
CC(=N)N1CCC(Oc2ccc3c(c2)OCC(=O)N3Cc2ccc3ccc(C(=N)N)cc3c2)CC1,-0.5301996982030822,test
Cc1nn(-c2ccc3onc(N)c3c2)c2c(=O)n(-c3ccc(-c4ccccc4CNCC4CC4)cc3)cnc12,-0.2304489213782739,test
CCOc1cc(OC2CCN(C)CC2)cc(C(Nc2ccc(C(=N)N)cc2)C(=O)O)c1,-3.204119982655925,test
N=C(N)NCCC(=O)N1CCN(C(=O)[C@H](Cc2cccc(C(=N)N)c2)NS(=O)(=O)c2ccc(-c3ccccc3)cc2)CC1,-4.0,test
Nc1nc(CCNC(=O)CN2CCN(S(=O)(=O)c3cc4ccc(Cl)cc4s3)CC2=O)cs1,-2.792391689498254,test
N=C(N)c1cccc(CN(NS(=O)(=O)c2ccc3ccccc3c2)C(=O)N2CCCCCC2)c1,-3.591064607026499,test
O=C(N[C@H]1CCCC[C@H]1NC(=O)c1ccc2c(Cl)c[nH]c2c1)c1ccc(N2CCCCC2=O)cc1,-0.414973347970818,test
COc1ccc(-n2nc(C#N)c3ncn(-c4ccc(-c5ccccc5S(N)(=O)=O)cc4)c(=O)c32)cc1,-0.2787536009528289,test
CCOc1cc(C(Nc2ccc3c(N)nccc3c2)C(=O)NS(=O)(=O)c2ccc(N)cc2)ccc1OC(C)C,-3.763427993562937,test
N=C(N)c1ccc(CNC(=O)[C@@H]2CC[C@H]3CN(S(=O)(=O)CC(c4ccccc4)c4ccccc4)CC(=O)N32)cc1,-0.0,test
O=C(N[C@H]1C[C@H](C(=O)N2CCOCC2)C[C@H]1NC(=O)c1ccc(Cl)s1)c1ccc(-n2ccccc2=O)cc1,-0.2041199826559248,test
COc1ccc(C(=O)NCC2CCN(c3cnccn3)CC2)cc1OCCc1ccc(Cl)cc1Cl,-4.0,test
Nc1noc2ccc(-n3nc(C(F)(F)F)c4c3C(=O)N(c3ccc(-c5ccccc5CN5CCCC5)cc3F)CC4)cc12,0.619788758288394,test
CC(C)N1CCC(NC(=O)c2cc3cc(Br)ccc3n2Cc2cc(-c3ccc(Cl)s3)on2)CC1,-0.9542425094393248,test
CS(=O)(=O)c1ccccc1-c1ccc(N2CCCC(NS(=O)(=O)c3cccnc3)C2=O)c(F)c1,-3.4149733479708178,test
CC(c1ccc(N2CC[C@H](NS(=O)(=O)c3ccc4cc(Cl)ccc4c3)C2=O)c(F)c1)N1CCC1,0.0969100130080563,test
CS(=O)(=O)c1ccccc1-c1ccc(CC(=O)c2cc(C(F)(F)F)nn2-c2ccc3onc(N)c3c2)cc1,0.1674910872937636,test
N=C(N)c1ccc(CCC(CC(=O)n2cccc2)c2cccc(C(=N)N)c2)cc1,-3.060697840353612,test
CN1CCN=C1c1cccc(Oc2cc(C(=O)O)cc(Oc3cc(C(=N)N)ccc3O)n2)c1,-0.380211241711606,test
COc1cccc(Cn2c(C(=O)NC3CCN(C(C)C)CC3)cc3ccccc32)c1,-1.9493900066449128,test
CC(C)(C)OC(=O)N[C@@H](C(=O)N1CCC[C@H]1C(=O)NCC1CCc2n[nH]cc2C1)C(c1ccccc1)c1ccccc1,-4.9304395947667,test
CN(C)Cc1ccccc1-c1ccc(N2CCc3c(C(F)(F)F)nn(-c4cccc(NS(C)(=O)=O)c4)c3C2=O)cc1,-1.6720978579357175,test
CS(=O)(=O)c1ccccc1COc1cccc(NC(=O)C2CCN(c3ccncc3)CC2)c1,-4.545307116465824,test
N=C(N)c1cccc(C[C@H](NS(=O)(=O)c2ccc3ccccc3c2)C(=O)N2CC[C@@H]3CCCC[C@H]32)c1,-4.11400014094914,test
CCOC(=O)[C@]1(C)CCC[C@]2(C)[C@@H]1CC[C@@]13C/C(=N\OCCN4CCOCC4)[C@@](C)(CC[C@@H]21)C3,-2.8948696567452523,test
COc1ccc(C(=O)N2CCN(Cc3ccncc3)CC2)cc1OCCc1ccc(Cl)cc1Cl,-2.7781512503836434,test
O=C1C(NS(=O)(=O)c2ccc3cc(Cl)ccc3c2)CCCN1c1ccc(-n2ccccc2=O)cc1F,0.958607314841775,test
Cc1c(F)c(Oc2cccc(CN(C)C)c2)nc(Oc2cccc(C(=N)N)c2)c1F,-2.806179973983887,test
CC(C)N(Cc1cccnc1)C(=O)[C@H](C)N1CC[C@H](NS(=O)(=O)c2ccc3cc(Cl)ccc3c2)C1=O,-0.9542425094393248,test
CC(C)N1CCC(NC(=O)c2c(C#N)c3ccccc3n2Cc2cc(-c3ccc(Cl)s3)on2)CC1,0.5228787452803376,test
OCCN1CCCCC1CCNc1nccc2oc(Cc3cc(Cl)ccc3-n3cncn3)nc12,-0.380211241711606,test
N=C(N)c1ccc(CN(NS(=O)(=O)c2ccc3ccccc3c2)C(=O)N2CCCCC2)cc1,-4.819543935541868,test
N=C(N)N1CCc2ccc(OC(C(=O)O)c3ccc(OC4CCNCC4)cc3)cc2C1,-3.3010299956639813,test
N=C(N)NCCC[C@@H](NC(=O)Cn1cccc(NS(=O)(=O)Cc2ccccc2F)c1=O)C(=O)O,-2.2833012287035497,test
COCCNC(=O)[C@H]1C[C@H](NC(=O)c2ccc(-n3ccccc3=O)cc2)[C@H](NC(=O)c2ccc(Cl)s2)C1,-0.4623979978989561,test
Cc1cc(C)cc(C(C)(C)CN(CC(=O)NC(CCCN=C(N)N)B(O)O)C(=O)CCc2ccccc2)c1,-1.792391689498254,test
N=C(N)c1cccc(CN2CC[C@H](NS(=O)(=O)c3ccc(-c4cccnc4)s3)C2=O)c1,-1.6127838567197357,test
N=C(N)c1ccc(Oc2nc(Oc3ccc(C(=N)N)cc3)c(Cl)cc2Cl)cc1,-2.792391689498254,test
COc1ccc(-n2nc(C(F)(F)F)c3c2C(=O)N(c2ccc(N4CCCCC4)cc2)CC3)cc1,-0.3222192947339193,test
C[C@@H](C(=O)N1CCOCC1)N1CC[C@H](NS(=O)(=O)c2cc3sc(Cl)cc3s2)C1=O,-2.2174839442139063,test
COC(=O)[C@H](Cc1cccc(C(=N)N)c1)[C@@H](C)NC(=O)c1ccc(-c2ccncc2)cc1,0.3010299956639812,test
Cc1cc(C(=O)Nc2ccc(-c3ccccc3S(N)(=O)=O)cc2)n(-c2cccc(C(=N)N)c2)n1,1.8860566476931635,test
CC(C)N1CC(CNC(=O)c2cc3ccccc3n2Cc2cc(-c3ccc(Cl)s3)on2)C1,-2.9237619608287004,test
COc1ccc(C(=O)NCC2CCN(c3ccccn3)CC2)cc1OCCc1ccc(Cl)cc1Cl,-3.482873583608754,test
CCOc1cc(OCC)cc(C(Nc2ccc(C(=N)N)cc2)C(=O)O)c1,-3.7481880270062,test
Nc1noc2ccc(-n3nc(C(F)(F)F)cc3C(=O)Nc3ccc(-c4ccccc4CN4CCOCC4)cc3F)cc12,0.2596373105057561,test
CCOC(=O)C(Oc1ccc2c(c1)CN(C(=N)N)CC2)c1ccc(OC2CCN(C(=N)CC)CC2)cc1,-1.4771212547196624,test
Nc1ccc(CNC(=O)[C@@H]2CCCN2C(=O)[C@H](N)C(C2CCCCC2)C2CCCCC2)cn1,-3.9190780923760737,test
CN(C)CCN(c1cccnc1)c1ccc(-c2ccc3c(C(N)=O)nn(-c4ccc5onc(N)c5c4)c3c2F)c(F)c1,-2.3636119798921444,test
O=C(Nc1cccc(F)c1C(=O)Nc1ccc(Cl)cc1)c1sc2ccccc2c1Cl,-1.414973347970818,test
CS(=O)(=O)c1ccccc1N1CCC(NC(=O)c2cc(C(F)(F)F)nn2-c2cccc(CN)c2)CC1,-0.6901960800285137,test
Cc1cc(C(=O)Nc2ccc(-c3ccccc3S(N)(=O)=O)cc2F)n(-c2cccc(CN)c2)n1,-3.204119982655925,test
N=C(N)c1cc2[nH]c(-c3cccc(OCC4CCCO4)c3O)nc2cc1F,-4.113943352306837,test
CS(=O)(=O)c1ccccc1-c1ccc(N2CCCC(NS(=O)(=O)c3ccccc3)C2=O)c(F)c1,-2.568201724066995,test
Nc1noc2ccc(-n3nc(C(F)(F)F)c4c3C(=O)N(c3ccc(-c5ccccc5CN5CC[C@@H](O)C5)cc3F)CC4)cc12,0.7958800173440752,test
CC(c1ccc(N2CC[C@H](NS(=O)(=O)c3cc4ccc(Cl)cc4s3)C2=O)c(F)c1)N(C)C,-0.6989700043360189,test
Cn1c(CN2CCN(S(=O)(=O)c3cc4ccc(Cl)cc4s3)CC2=O)cc2cnccc21,-0.4771212547196624,test
N#CCN1C[C@H](C(=O)Nc2ccc(Cl)cc2)[C@@H](C(=O)Nc2ccc(-n3ccccc3=O)cc2F)C1,-1.6232492903979006,test
N=C(N)c1cccc(C[C@H](NS(=O)(=O)c2cccc(NC(=O)CCO)c2)C(=O)N2CCC(CCN)CC2)c1,-4.785329835010767,test
COc1c(O)c(C(=O)Nc2ccc(NC(=N)N)cc2)cc2cc3ccccc3cc12,-4.113943352306837,test
CN(C)Cc1ccc(COc2cccc(NC(=O)C3CCN(c4ccncc4)CC3)c2)cc1,-4.086359830674748,test
CN1CC(C)(COc2ccc(C(=N)N)cc2)Oc2ccc(N(Cc3ccc(F)cc3)C(=O)C(=O)O)cc21,-4.212187604403958,test
N=C(N)c1cc2c(OC(C(=O)Nc3ccc(C(=O)N4CCCC4)cc3)c3ccccc3)cccc2s1,0.3010299956639812,test
N=C(N)c1ccc(O)c(CCCNC(=O)c2ccc(-c3ncc[nH]3)cc2)c1,-1.7634279935629371,test
C[C@@H](C(=O)NCCN)N1CC[C@H](NS(=O)(=O)c2ccc3cc(Cl)ccc3c2)C1=O,-3.612783856719736,test
O=C(Nc1ccccc1C(=O)Nc1ccc(Cl)cn1)c1ccc(-n2ccccc2=O)cc1,0.8538719643217619,test
CC(=N)N1CCC(N(CC(C)C(=O)O)c2ccc3nc(C)n(Cc4ccc5ccc(C(=N)N)cc5c4)c3c2)CC1,-0.4771212547196624,test
COC(=O)[C@@H](CNC(=O)c1ccc(-c2ccccc2)cc1)Cc1cccc(C(=N)N)c1,-1.3010299956639813,test
N=C(N)c1cccc(C[C@H](NS(=O)(=O)c2ccc3ccccc3c2)C(=O)N2CCCCCCC2)c1,-4.342000025137565,test
CN(C)CCSCc1csc(C(=O)Nc2ccc(Cl)cc2C(=O)Nc2ccc(Cl)cc2)c1Cl,-0.4313637641589873,test
CN(C)C(=O)N1CCC(CC[C@@H](NS(=O)(=O)Cc2ccccc2)C(=O)N[C@@H](CCC2CCNCC2)C(=O)NCc2ccc(C(=N)N)cc2)CC1,-3.397940008672037,test
N=C(N)c1cccc(C[C@H](NS(=O)(=O)c2cccc(CCCCN)c2)C(=O)N2CCC(CCN)CC2)c1,-3.643452676486187,test
COC(=O)N1CCN(C(=O)[C@H](Cc2cccc(C(=N)N)c2)NS(=O)(=O)c2ccc3ccccc3c2)CC1,-4.889999990696585,test
Cc1c(F)c(Oc2cccc(O)c2)nc(Oc2cccc(C(=N)N)c2)c1F,-3.6989700043360174,test
COc1ccc(-n2nc(C(F)(F)F)c3c2C(=O)N(c2ccc(C4(CN(C)C(C)=O)CC4)cc2)CC3)cc1,1.259637310505756,test
Cc1ccc(NC(=O)c2scc(S(C)(=O)=O)c2Cl)c(C(=O)Nc2ccc(Cl)cc2)c1,-1.146128035678238,test
CC(C)NC1CCN(C(=O)c2cc3ccccc3n2Cc2cc(-c3ccc(Cl)s3)on2)CC1,-3.476686742945645,test
CC(C)(C)c1ccc(C(=O)NCCCc2cc(C(=N)N)ccc2O)cc1,-1.7708520116421442,test
N=C(N)c1ccc(CC(=O)CN2CCCC[C@H](NS(=O)(=O)Cc3ccccc3)C2=O)cc1,-2.4983105537896004,test
NS(=O)(=O)c1ccccc1-c1ccc(NC(=O)C2CC(c3cccc(I)c3)=NO2)cc1,-4.0,test
COC(=O)c1ccc(-c2cccc([C@@H]3C[C@](C)(c4ccccc4)c4cc(C(=N)N)ccc4N3)c2)c(C(=O)O)c1,-2.782472624166286,test
COc1cc(Cl)cc(C(=O)Nc2ccc(Cl)cn2)c1NC(=O)c1scc(CN2CCOCC2)c1Cl,-0.146128035678238,test
O=C(Nc1cccc(OCc2ccc(-c3cccc(F)c3)cc2)c1)C1CCNCC1,-2.2479732663618064,test
CC(=O)N1CCC(CC[C@@H](NS(=O)(=O)Cc2ccccc2)C(=O)N[C@@H](CCC2CCNCC2)C(=O)NCc2ccc(C(=N)N)cc2)CC1,-3.278753600952829,test
N/C(=N/O)N1CCC(CNC(=O)[C@@H]2CC[C@H]3CN(S(=O)(=O)CC(c4ccccc4)c4ccccc4)CC(=O)N32)CC1,-0.3010299956639812,test
N=C(N)c1cccc(CN2CCCC[C@H](NS(=O)(=O)c3ccc4ccccc4c3)C2=O)c1,-3.845098040014257,test
Cc1c(F)c(Oc2cccc(C(=N)N)c2)nc(Oc2cccc(-n3ccnc3)c2)c1F,-2.096910013008056,test
COc1cc([C@@H](Nc2ccc(C(=N)N)cc2)C(=O)N[C@H](C(=O)O)c2ccccc2)ccc1OCc1ccccc1,-3.903089986991944,test
N=C(N)c1cccc(C(=O)N[C@@H](C(=O)NCc2ccccc2)c2ccccc2)c1,-2.959041392321093,test
CS(=O)(=O)c1ccccc1-c1ccc(N2CCCC(NS(=O)(=O)Cc3ccccc3)C2=O)c(F)c1,-3.505149978319906,test
Cc1ncn(-c2cc(Cl)c(C(=O)N[C@]3(C)CCc4nn5c(C)ccc(O)c5c4C3)c(Cl)c2)n1,-3.353916230920363,test
COc1ccc(-n2nc(C(F)(F)F)c3c2C(=O)N(c2ccc(-c4ccccc4S(C)(=O)=O)cc2)CC3)c(C(N)=O)c1,0.744727494896694,test
Cc1ccc2cc(S(=O)(=O)N[C@H]3CCN([C@@H](C)C(=O)N4CCOCC4)C3=O)ccc2c1,-2.037426497940624,test
CC(=N)N1CCC(Oc2ccc3nc(CCC(=O)O)n(Cc4ccc5ccc(C(=N)N)cc5c4)c3c2)CC1,-0.1139433523068367,test
Cc1cc(C(=O)Nc2ccc(C(=N)N(C)C)cc2F)n(-c2cc3ccccc3cc2F)n1,-0.5910646070264992,test
CC(=N)N1CCC(Oc2ccc(N(C/C=C/c3cc(C(=N)N)ccc3O)C(=O)CCC(=O)O)cc2C(F)(F)F)CC1,1.0,test
C[C@@H](C(=O)N1CCOCC1)N1CC[C@H](NS(=O)(=O)/C=C/c2ccc(Cl)cc2)C1=O,-1.041392685158225,test
C/C(=C\S(=O)(=O)NC1CCN(c2ccc(-n3cnc(CN(C)C)c3)cc2F)C1=O)c1ccc(Cl)s1,-1.4668676203541096,test
CCN([C@H]1CCN(Cc2cccc(C(=N)N)c2)C1=O)S(=O)(=O)c1ccc2ccc(OC)cc2c1,-1.6334684555795866,test
CC1CN(c2ccc(C(=N)N)cc2)C(=O)N(C2CCN(Cc3ccccc3)CC2)C1,-4.406540180433956,test
COc1ccc(-n2nc(C(F)(F)F)cc2C(=O)Nc2ccc(-c3ccccc3S(C)(=O)=O)cc2F)c(CN)c1,0.2676062401770315,test
CCc1nc2ccc(OC3CCN(C(C)=N)CC3)cc2n1C/C=C/c1ccc(N)cc1,-1.806179973983887,test
N=C(N)c1cccc(Oc2ccc(C(=O)O)c(Oc3cccc(C(=N)N)c3)n2)c1,-1.977723605288848,test
CC(=O)Nc1cc(-c2ccc(C(N)=O)cc2C(=O)O)cc([C@@H]2C[C@](C)(c3ccccc3)c3cc(C(=N)N)ccc3N2)c1,-3.257678574869185,test
COc1cccc(Cn2c(C(=O)NC3CCN(C(C)C)CC3)c(C#N)c3cccc(C)c32)c1,-2.6085260335771943,test
COc1cccc(NC(=O)C(Oc2cccc3sc(C(=N)N)cc23)c2ccccc2)c1,-2.462397997898956,test
N=C(N)c1cccc(Cn2cc(CCc3ccc4ccccc4c3)c3ccccc32)c1,-2.9542425094393248,test
Cc1ccc(NC(=O)c2sccc2Cl)c(C(=O)Nc2ccc(Cl)cc2)c1,-2.113943352306837,test
COC(=O)CC1(C(=O)Nc2ccc(-c3ccccc3S(N)(=O)=O)cc2)CC(c2cccc(C(=N)N)c2)=NO1,-0.7993405494535817,test
N=C(N)N1CCC(CNC(=O)[C@@H]2CC[C@H]3CN(C(=O)CC(c4ccccc4)c4ccccc4)CC(=O)N32)CC1,-1.9030899869919435,test
CS(=O)(=O)c1ccccc1-c1ccc(NC(=O)c2cc(C(F)(F)F)nn2-c2cccc(-c3n[nH]c(=O)[nH]3)c2)c(F)c1,0.3010299956639812,test
CCOc1cc(OC2CCOCC2)cc(C(Nc2ccc(C(=N)N)cc2)C(=O)O)c1,-3.462397997898956,test
O=C(Nc1cccc(OCCc2ccc(F)cc2)c1)C1CCN(c2ccncc2)CC1,-2.123851640967086,test
N=C(N)c1ccc2[nH]c(-c3cccc(OC4CCCC4)c3O)cc2c1,-2.9956351945975497,test
COC(=O)[C@H](Cc1cccc(C(=N)N)c1)[C@@H](C)NC(=O)c1ccc(-n2ccnc2)cc1,-0.7781512503836436,test
O=C1[C@@H](NS(=O)(=O)c2ccc3c(Cl)c[nH]c3c2)CCN1c1cc2c(cc1F)CNCC2,-0.0,test
Cc1cc(C(=O)Nc2ccc(C3=NCCN3C)cc2F)n(-c2cc3ccccc3cc2F)n1,-0.9030899869919436,test
Cc1cccc([C@@]2(NC(=O)c3ccc(-n4cnc(C)n4)cc3Cl)CCc3nn4cc(C)ccc4c3C2)c1,-2.781755374652469,test
CC(C)CNCc1ccccc1NC(=O)OCC(Oc1cccc2sc(C(=N)N)cc12)c1ccccc1,-2.765668554759014,test
N=C(N)c1cccc(C[C@H](NS(=O)(=O)c2ccc3ccccc3c2)C(=O)N2CCCCC2)c1,-4.580000004203063,test
Cc1nc2c(C(F)(F)F)nn(-c3ccc4onc(N)c4c3)c2c(=O)n1-c1ccc(-c2ccccc2CN(C)C)cc1,0.7695510786217261,test
N=C(N)c1cccc(C[C@H](NS(=O)(=O)c2cccc(-c3ccc(Cl)c(Cl)c3)c2)C(=O)N2CCC(CCN)CC2)c1,-2.568201724066995,test
N=C(N)c1ccc2[nH]cc(C(Cc3ccccc3)C(=O)NCc3ccc(C(=O)Nc4nc5ccccc5[nH]4)cc3)c2c1,-2.908485018878649,test
CC(C)OC(=O)CC(CCc1ccc(C(=N)N)cc1)c1cccc(C(=N)N)c1,-2.2833012287035497,test
COC(=O)[C@H](Cc1cccc(C(=N)N)c1)[C@@H](Cc1ccccc1)NC(=O)c1ccc(-c2ccccc2)cc1,-1.041392685158225,test
CN(C)CCN(c1ccncc1)c1ccc(-c2ccc3c(C(N)=O)nn(-c4ccc5onc(N)c5c4)c3c2F)c(F)c1,-0.6901960800285137,test
Cc1ccc2c(c1)c(C(N)=O)c1n2C[C@@](NC(=O)c2c(Cl)cc(-n3cnnc3)cc2Cl)(c2ccccc2)CC1,-2.285557309007774,test
CC(=O)N1CCC(Oc2ccc(NC/C=C/c3cc(C(=N)N)ccc3O)cc2C(F)(F)F)CC1,-1.2671717284030135,test
COc1ccc(-n2nc(C(F)(F)F)c3c2C(=O)N(c2ccc(N(C)C(C)=O)cc2)CC3)cc1,0.3010299956639812,test
C=C(C)c1ccc(N2CC[C@H](NS(=O)(=O)/C=C/c3ccc(Cl)s3)C2=O)c(F)c1,-0.7923916894982539,test
CCOC(=O)C(CCc1cccc(C(=N)N)c1)Cn1cnc2cc(C(=N)N)ccc21,-2.146128035678238,test
Nc1cc2ccnc(N)c2cc1CN1CC[C@H](NS(=O)(=O)c2cc3ncccc3s2)C1=O,-0.7781512503836436,test
N=C(N)c1cccc(-n2nc(C(F)(F)F)cc2C(=O)Nc2ccc(-c3ccccc3S(N)(=O)=O)cc2)c1,1.8239087409443189,test
COc1ccc(-n2nc(C(F)(F)F)c3c2C(=O)N(c2ccc(C4(N(C)CCO)CC4)cc2)CC3)cc1,0.9208187539523752,test
Cc1ccc2c(c1)c(C(=O)O)c1n2C[C@@](NC(=O)c2c(Cl)cc(-n3cnc(C)n3)cc2Cl)(c2ccccc2)CC1,-2.611723308007342,test
COc1ccc(C(=O)NCC2CCN(c3ccncc3)CC2)cc1OCCc1ccc(Cl)cc1,-1.6127838567197357,test
CN(C)Cc1ccccc1NC(=O)OCC(Oc1cccc2sc(C(=N)N)cc12)c1ccccc1,-2.9180303367848803,test
Nc1cc(C2=NOC(Cn3cncn3)(C(=O)Nc3ccc(-c4ccccc4S(N)(=O)=O)cn3)C2)ccc1Cl,-1.5314789170422551,test
N=C(N)c1ccc2[nH]cc(CC(Cc3ccccc3)C(=O)Nc3ccc(-n4cnc5ccccc54)cc3)c2c1,-1.6532125137753435,test
N=C(N)NCCC1CCN(C(=O)[C@H](Cc2cccc(C(=N)N)c2)NS(=O)(=O)c2cccc3ccccc23)CC1,-4.113943352306837,test
N=C(N)c1cccc(Oc2nccc(Oc3cccc(C(=N)N)n3)n2)c1,-2.0791812460476247,test
Cc1c(F)c(Oc2cccc(CC(=O)C(C)C)c2)nc(Oc2cccc(C(=N)N)c2)c1F,-3.322219294733919,test
CCOC(=O)COc1cccc(-c2ccc3sc(C(=N)N)cc3c2)c1,-2.7781512503836434,test
CON(C(=O)[C@@H](CCc1cccc[n+]1[O-])NS(=O)(=O)Cc1ccccc1)[C@@H](CCC(=O)O)C(=O)NCc1cc(Cl)ccc1CN,0.619788758288394,test
CC1CN(Cc2cccc(C(=N)N)c2)C(=O)N(C2CCN(Cc3ccccc3)CC2)C1,-4.693726948923647,test
Cc1c(F)c(Oc2cccc(C(=N)N)c2)nc(Oc2cccc(C(=O)C(C)C)c2)c1F,-3.322219294733919,test
Cc1ccc(NC(=O)c2sc3ccccc3c2Cl)c(C(=O)Nc2ccc(CN)cc2)c1,-3.146128035678238,test
CCc1nc2c(NC(C)=O)c(OC3CCN(C(C)=N)CC3)ccc2n1Cc1ccc2ccc(C(=N)N)cc2c1,-1.6989700043360187,test
CC1(C)[C@H]2C[C@@H]1[C@]1(C)OB([C@H](CCCCN)NC(=O)Cn3nc(CC#N)nc3Cc3ccccc3[N+](=O)[O-])O[C@@H]1C2,-3.690196080028514,test
COc1ccc(-n2nc(C(N)=O)c3c2C(=O)N(c2ccc(C4(CS(C)(=O)=O)CC4)cc2)CC3)cc1,1.1487416512809248,test
CCOC(=O)[C@]1(C)CCC[C@]2(C)[C@@H]1CC[C@@]13C/C(=N\OCc4ccc(F)cc4)[C@@](C)(CC[C@@H]21)C3,-3.636788689034375,test
COc1ccc(-n2nc(C(F)(F)F)c3c2C(=O)N(c2ccc(C4(C5=NCCO5)CC4)cc2)CC3)cc1,-0.3979400086720376,test
O=C(O)CN[C@H](CC1CCCCC1)C(=O)N1CCC[C@H]1C(=O)NCC1CCc2n[nH]cc2C1,-4.928395852256714,test
CN(C)Cc1ccccc1-c1ccc(N2CCc3c(C(F)(F)F)nn(-c4cccc(N)c4)c3C2=O)cc1,-0.3010299956639812,test
CN(C)C(=O)[C@H]1C[C@H](NC(=O)c2ccc(-n3ccccc3=O)cc2)[C@H](NC(=O)c2ccc(Cl)s2)C1,-0.3222192947339193,test
N=C(N)c1ccc2[nH]cc(CC(=O)Nc3ccc(-c4ccccc4S(N)(=O)=O)cc3Cl)c2c1,0.1549019599857432,test
N=C(N)N1CCC(C(=O)Nc2cccc(OCc3ccc(F)cc3)c2)CC1,-4.528916700277655,test
CCS(=O)(=O)c1ccc2cc1CNC(=O)[C@H](Nc1ccc(C(=N)N)cc1)c1ccc(cc1)CCCC(=O)N2,-3.740362689494244,test
COc1ccc(-n2nc(C(N)=O)c3c2C(=O)N(c2ccc(C4(CN(C)C)CC4)cc2)CC3)cc1,1.3872161432802643,test
COc1cc([C@@H](Nc2ccc(C(=N)N)cc2)C(=O)N[C@H](C(=O)O)c2ccccc2)c(S(=O)(=O)c2ccccc2)cc1OCc1ccccc1,-4.093421685162235,test
N=C(N)c1cccc(Oc2ccc(C(=O)NCC(N)=O)c(Oc3cccc(C(=N)N)c3)n2)c1,-2.838849090737255,test
N=C(N)c1cc2c(OC(COC(=O)Nc3c(F)cccc3F)c3ccccc3)cccc2s1,-3.1149444157125847,test
COc1cc(Cl)cc(C(=O)Nc2ccc(Cl)cn2)c1NC(=O)c1scc(CN(C)C2=NCCCO2)c1Cl,1.9208187539523751,test
CNCc1ccccc1NC(=O)OCC(Oc1cccc2sc(C(=N)N)cc12)c1ccccc1,-3.059563417901268,test
