smiles,CycPept_Caco2,group
CC(C)C[C@H]1C(=O)N[C@H](C(=O)N2CCCCC2)CC(=O)N[C@H](C)C(=O)N(C)[C@@H](CC(C)C)C(=O)N[C@@H](COC(C)(C)C)C(=O)N(C)[C@@H](CC(C)C)C(=O)N2CCCC[C@@H]2C(=O)N(C)[C@@H](C)C(=O)N[C@@H]([C@@H](C)O)C(=O)N(C)[C@@H](Cc2ccccc2)C(=O)N[C@@H](Cc2ccc(C(F)(F)F)cc2)C(=O)N1C,-5.66,training
CCN1CC(=O)N[C@@H]([C@@H](C)O)C(=O)N(C)[C@@H](CC(C)C)C(=O)N(C)[C@@H](CC(C)C)C(=O)N[C@@H](Cc2ccc(C(F)(F)F)cc2)C(=O)N[C@H](C(=O)N2CCCCC2)CC(=O)N[C@@H](COC(C)(C)C)C(=O)N(C)[C@@H](CC(C)C)C1=O,-5.96,training
CC(C)C[C@@H]1NC(=O)[C@H](Cc2ccccc2)N(C)C(=O)[C@H](COC(C)(C)C)NC(=O)[C@H](Cc2ccccc2)N(C)C(=O)[C@H](C)N(C)C(=O)[C@H](CC(C)C)N(C)C(=O)[C@H]2CCCN2C(=O)C[C@@H](C(=O)N2CCCCC2)N(C)C(=O)[C@H](Cc2ccccc2)N(C)C(=O)[C@H]([C@@H](C)O)NC(=O)[C@H](C(C)C)N(C)C1=O,-5.96,training
CCO[C@@H]1C[C@H]2C(=O)N(C)[C@@H](CC(C)C)C(=O)N[C@@H]([C@@H](C)O)C(=O)N(C)[C@@H](Cc3ccccc3)C(=O)N[C@@H](Cc3ccccc3)C(=O)N(C)[C@@H](CC(C)C)C(=O)N[C@H](C(=O)N3CCCCC3)CC(=O)N[C@H](CC(C)C)C(=O)N3CCC[C@H]3C(=O)N[C@@H](COC(C)(C)C)C(=O)N(C)[C@@H](CC(C)C)C(=O)N2C1,-5.85,training
CCO[C@@H]1C[C@H]2C(=O)N(C)[C@@H](CC(C)C)C(=O)N[C@@H]([C@@H](C)O)C(=O)N(C)[C@@H](Cc3ccccc3)C(=O)N[C@@H](Cc3ccccc3)C(=O)N(C)[C@@H](CC(C)C)C(=O)N[C@H](C(=O)N3CCCCC3)CC(=O)N[C@@H](C)C(=O)N(C)[C@@H](C(C)C)C(=O)N[C@@H](COC(C)(C)C)C(=O)N(C)[C@@H](CC(C)C)C(=O)N2C1,-5.7,training
CCO[C@@H]1C[C@H]2C(=O)N[C@@H](Cc3ccccc3)C(=O)N(C)[C@@H](CC(C)C)C(=O)N[C@H](C(=O)N3CCCCC3)CC(=O)N[C@H](CC)C(=O)N(C)[C@@H](CC(C)C)C(=O)N[C@@H](COC(C)(C)C)C(=O)N(C)[C@@H](CC(C)C)C(=O)N[C@@H](CC(C)C)C(=O)N(C)[C@@H](CC(C)C)C(=O)N[C@@H]([C@@H](C)O)C(=O)N2C1,-5.54,training
CCO[C@@H]1C[C@H]2C(=O)N(C)[C@@H](C(C)C)C(=O)N[C@@H]([C@@H](C)O)C(=O)N(C)[C@@H](Cc3ccccc3)C(=O)N[C@@H](Cc3ccccc3)C(=O)N(C)[C@@H](CC(C)C)C(=O)N[C@H](C(=O)N3CCCCC3)CC(=O)N3CCC[C@H]3C(=O)N(C)[C@@H](C(C)C)C(=O)N[C@@H](COC(C)(C)C)C(=O)N(C)[C@@H](CC(C)C)C(=O)N2C1,-5.62,training
CCO[C@@H]1C[C@H]2C(=O)N[C@@H](COC(C)(C)C)C(=O)N(C)[C@@H](CC(C)C)C(=O)N(C)[C@@H](CC(C)C)C(=O)N3CCC[C@H]3C(=O)N[C@@H]([C@@H](C)O)C(=O)N(C)[C@@H](Cc3ccccc3)C(=O)N[C@@H](Cc3ccccc3)C(=O)N(C)[C@@H](CC(C)C)C(=O)N[C@H](C(=O)N3CCCCC3)CC(=O)N[C@H](CC(C)C)C(=O)N2C1,-5.92,training
CCO[C@@H]1C[C@H]2C(=O)N[C@@H]([C@@H](C)O)C(=O)N(C)[C@@H](Cc3ccccc3)C(=O)N[C@@H](Cc3ccccc3)C(=O)N(C)[C@@H](CC(C)C)C(=O)N[C@H](C(=O)N3CCCCC3)CC(=O)N[C@H](CC(C)C)C(=O)N3CCC[C@H]3C(=O)N[C@@H](COC(C)(C)C)C(=O)N(C)[C@@H](CC(C)C)C(=O)N(C)[C@@H](CC(C)C)C(=O)N2C1,-5.77,training
CCC[C@H]1C(=O)N[C@@H](COC(C)(C)C)C(=O)N(C)[C@@H](CC(C)C)C(=O)N(C)[C@@H](CC(C)C)C(=O)N[C@@H](CC(C)C)C(=O)N[C@@H]([C@@H](C)O)C(=O)N2C[C@H](OCC)C[C@H]2C(=O)N[C@@H](Cc2ccccc2)C(=O)N(C)[C@@H](CC(C)C)C(=O)N[C@H](C(=O)N2CCCCC2)CC(=O)N[C@H](C(C)C)C(=O)N1C,-5.42,training
CC(C)C[C@H]1C(=O)N[C@H](C(=O)N2CCCCC2)CC(=O)N[C@H](C)C(=O)N2C[C@H](N3CCC(F)(F)CC3)C[C@H]2C(=O)N[C@@H](COC(C)(C)C)C(=O)N(C)[C@@H](CC(C)C)C(=O)N(C)[C@@H](CC(C)C)C(=O)N(C)[C@@H](CC(C)C)C(=O)N[C@@H]([C@@H](C)O)C(=O)N(C)[C@@H](Cc2ccccc2)C(=O)N[C@@H](Cc2ccccc2)C(=O)N1C,-5.96,training
CC[C@H]1NC(=O)C[C@@H](C(=O)N2CCCCC2)NC(=O)[C@H](CC(C)C)N(C)C(=O)[C@H](Cc2ccccc2)NC(=O)[C@@H]2C[C@@H](N3CCC(F)(F)CC3)CN2C(=O)[C@H]([C@@H](C)O)NC(=O)[C@H](CC(C)C)N(C)C(=O)[C@H](CC(C)C)NC(=O)[C@H](CC(C)C)N(C)C(=O)[C@H](COC(C)(C)C)NC(=O)[C@H](CC(C)C)N(C)C1=O,-5.8,training
CC[C@H]1NC(=O)C[C@@H](C(=O)N2CCCCC2)NC(=O)[C@H](CC(C)C)N(C)C(=O)[C@H](Cc2ccccc2)NC(=O)[C@@H]2C[C@H](N3CCC(F)(F)CC3)CN2C(=O)[C@H]([C@@H](C)O)NC(=O)[C@H](CC(C)C)N(C)C(=O)[C@H](CC(C)C)NC(=O)[C@H](CC(C)C)N(C)C(=O)[C@H](COC(C)(C)C)NC(=O)[C@H](CC(C)C)N(C)C1=O,-5.96,training
CC[C@H](C)[C@@H]1NC(=O)[C@H](C)N(C)C(=O)[C@H](CC(C)C)NC(=O)[C@H]([C@@H](C)O)NC(=O)CNC(=O)[C@@H]2CCCN2C(=O)[C@H](COC(C)(C)C)NC(=O)[C@H](CC(C)C)N(C)C(=O)[C@H](Cc2ccccc2)NC(=O)CCCN(C)C(=O)C[C@@H](C(=O)N2CCCCC2)NC(=O)[C@H](Cc2ccccc2)N(C)C1=O,-7.6,training
CC(C)CCOC[C@@H]1NC(=O)[C@@H]2CCCN2C(=O)[C@H](COCCC(C)C)NC(=O)[C@@H]2CCCN2C(=O)[C@@H](CC(C)C)NC(=O)C[C@@H](C(=O)N2CCCCC2)NC(=O)[C@H](CC(C)C)N(C)C(=O)[C@@H]2CCCN2C(=O)[C@H](Cc2ccccc2)N(C)C(=O)[C@H]([C@@H](C)O)NC(=O)[C@H](CC(C)C)N(C)C1=O,-7.02,training
CCO[C@@H]1C[C@H]2C(=O)N[C@H](C(=O)N3CCCCC3)CC(=O)N[C@@H](C(C)C)C(=O)NCC(=O)N(C)[C@@H](CC(C)C)C(=O)N(C)[C@@H](CC(C)C)C(=O)N(C)[C@@H](CC(C)C)C(=O)N(C)[C@@H](Cc3ccccc3)C(=O)N[C@@H]([C@@H](C)O)C(=O)N(C)[C@@H](Cc3ccccc3)C(=O)N(C)[C@@H](CC(C)C)C(=O)N2C1,-5.6,training
CC(C)CCOC[C@@H]1NC(=O)[C@H](CC(C)C)N(C)C(=O)[C@H](CC(C)C)NC(=O)[C@H](Cc2ccccc2)N(C)C(=O)[C@@H](C)NC(=O)C[C@@H](C(=O)N2CCCCC2)NC(=O)[C@H](C)N(C)C(=O)[C@H](Cc2ccccc2)N(C)C(=O)[C@H](COC(C)(C)C)NC(=O)[C@H](CC(C)C)N(C)C(=O)[C@H](C)N(C)C1=O,-6.24,training
CC(C)C[C@@H]1NC(=O)[C@H](CC(C)C)N(C)C(=O)[C@@H](C)NC(=O)C[C@@H](C(=O)N2CCCCC2)NC(=O)[C@H](Cc2ccccc2)N(C)C(=O)[C@H](Cc2ccccc2)N(C)C(=O)[C@H](C)N(C)C(=O)[C@H]([C@@H](C)O)NC(=O)[C@H](Cc2ccccc2)N(C)C(=O)[C@H](COC(C)(C)C)NC(=O)[C@H](Cc2ccccc2)N(C)C1=O,-6.82,training
CC(C)C[C@H]1C(=O)N[C@@H](COC(C)(C)C)C(=O)N[C@@H]([C@@H](C)O)C(=O)N(C)[C@@H](Cc2ccccc2)C(=O)N[C@H](C(=O)N2CCCCC2)CC(=O)N[C@@H](C)C(=O)N(C)[C@@H](Cc2ccccc2)C(=O)N(C)[C@@H](C)C(=O)N(C)[C@@H](Cc2ccccc2)C(=O)N(C)[C@@H](CC(C)C)C(=O)N[C@@H](Cc2ccccc2)C(=O)N1C,-7.05,training
CC(C)C[C@@H]1NC(=O)[C@H](Cc2ccccc2)N(C)C(=O)[C@H](COC(C)(C)C)NC(=O)[C@H](Cc2ccccc2)N(C)C(=O)[C@H](Cc2ccccc2)N(C)C(=O)[C@H](CC(C)C)N(C)C(=O)[C@@H](CC(C)C)NC(=O)C[C@@H](C(=O)N2CCCCC2)NC(=O)[C@H](Cc2ccccc2)N(C)C(=O)[C@H]([C@@H](C)O)NC(=O)[C@H](CC(C)C)N(C)C1=O,-7.24,training
CC(C)C[C@@H]1NC(=O)CN(C)C(=O)[C@H](Cc2ccccc2)N(C)C(=O)[C@@H](C)NC(=O)C[C@@H](C(=O)N2CCCCC2)NC(=O)[C@H](Cc2ccccc2)N(C)C(=O)[C@H](Cc2ccccc2)N(C)C(=O)[C@H](COC(C)(C)C)NC(=O)[C@H](CC(C)C)N(C)C(=O)[C@H](Cc2ccccc2)NC(=O)[C@H]([C@@H](C)O)NC1=O,-7.85,training
CC(C)C[C@H]1C(=O)N[C@H](C(=O)N2CCCCC2)CC(=O)N[C@H](C)C(=O)N(C)[C@@H](CC(C)C)C(=O)N[C@@H](COC(C)(C)C)C(=O)N(C)[C@@H](C)C(=O)N(C)[C@@H](CC(C)C)C(=O)N(C)[C@@H](C)C(=O)N[C@@H]([C@@H](C)O)C(=O)N(C)[C@@H](Cc2ccccc2)C(=O)N[C@@H](CCc2ccccc2)C(=O)N1C,-5.96,training
CCCCCN1CC(=O)N[C@@H]([C@@H](C)O)C(=O)N(C)[C@@H](C)C(=O)N(C)[C@@H](CC(C)C)C(=O)N[C@@H](COC(C)(C)C)C(=O)N(C)[C@@H](Cc2ccccc2)C(=O)N(C)[C@@H](CC(C)C)C(=O)N[C@H](C(=O)N2CCCCC2)CC(=O)N[C@H](C)C(=O)N(C)[C@@H](Cc2ccccc2)C(=O)N[C@@H](C(C)C)C1=O,-5.52,training
CC[C@H](C)[C@@H]1NC(=O)[C@H](CC(C)C)N(C)C(=O)[C@@H](C)NC(=O)C[C@@H](C(=O)N2CCCCC2)NC(=O)[C@H](CC)N(C)C(=O)[C@H](Cc2ccccc2)N(C)C(=O)[C@H](COC(C)(C)C)NC(=O)[C@H](CC(C)C)N(C)C(=O)[C@H](CC)N(C)C(=O)[C@H]([C@@H](C)O)NC(=O)CN(CCc2ccccc2)C1=O,-5.8,training
CC[C@H](C)[C@@H]1NC(=O)[C@H](CC(C)C)N(C)C(=O)[C@@H](C)NC(=O)C[C@@H](C(=O)N2CCCCC2)NC(=O)[C@H](CC)N(C)C(=O)[C@H](Cc2ccccc2)N(C)C(=O)[C@H](COC(C)(C)C)NC(=O)[C@H](CC(C)C)N(C)C(=O)[C@H](CC)N(C)C(=O)[C@H]([C@@H](C)O)NC(=O)CN(CCOc2ccccc2)C1=O,-6.0,training
CC(C)C[C@H]1C(=O)NCC(=O)N[C@H](C(=O)N2CCCCC2)CC(=O)N[C@H](C)C(=O)N[C@@H]([C@@H](C)O)C(=O)N(C)[C@@H](C)C(=O)N(C)[C@@H](Cc2ccccc2)C(=O)N[C@@H](COC(C)(C)C)C(=O)N(C)[C@@H](Cc2ccccc2)C(=O)N1C,-7.23,training
CC[C@H](C)[C@H]1C(=O)N(C)[C@@H](CC(C)C)C(=O)N[C@H](C(=O)N2CCCCC2)CC(=O)N[C@H](C)C(=O)N(C)[C@@H](CC(C)C)C(=O)N[C@@H](CC(C)C)C(=O)N(C)[C@@H](Cc2ccccc2)C(=O)N[C@@H](COC(C)(C)C)C(=O)N(C)[C@@H](Cc2ccccc2)C(=O)N[C@@H]([C@@H](C)O)C(=O)N(C)[C@@H](C)C(=O)N1C,-5.72,training
CC(C)C[C@H]1C(=O)N[C@@H](COC(C)(C)C)C(=O)N[C@H](C(=O)N2CCCCC2)CC(=O)N[C@H](C)C(=O)N(C)[C@@H](C)C(=O)N(C)[C@@H](Cc2ccccc2)C(=O)N(C)[C@@H](CC(C)C)C(=O)N[C@@H]([C@@H](C)O)C(=O)N(C)[C@@H](C)C(=O)N1C,-6.27,training
CC(C)C[C@H]1C(=O)N(C)[C@@H](C(C)C)C(=O)N[C@@H](Cc2ccccc2)C(=O)N[C@H](C(=O)N2CCCCC2)CC(=O)N[C@H](C(C)C)C(=O)N[C@@H](COC(C)(C)C)C(=O)N(C)[C@@H](CC(C)C)C(=O)N[C@@H]([C@@H](C)O)C(=O)N(C)[C@@H](Cc2ccccc2)C(=O)NCC(=O)N1C,-6.48,training
CC(C)C[C@H]1C(=O)NCC(=O)N[C@H](C(=O)N2CCCCC2)CC(=O)N[C@H](C(C)C)C(=O)N[C@@H]([C@@H](C)O)C(=O)N(C)[C@@H](C)C(=O)N(C)[C@@H](Cc2ccccc2)C(=O)N(C)[C@@H](Cc2ccccc2)C(=O)N[C@@H](COC(C)(C)C)C(=O)N1C,-6.89,training
CC(C)C[C@H]1C(=O)N[C@@H](COC(C)(C)C)C(=O)N[C@H](C(=O)N2CCCCC2)CC(=O)N[C@H](C(C)C)C(=O)N(C)[C@@H](Cc2ccccc2)C(=O)N(C)[C@@H](C)C(=O)N(C)[C@@H](CC(C)C)C(=O)N[C@@H]([C@@H](C)O)C(=O)N(C)[C@@H](C)C(=O)N1C,-5.96,training
CCCN1CC(=O)N(C)[C@@H](CC(C)C)C(=O)N[C@@H](COC(C)(C)C)C(=O)N(C)[C@@H](CC(C)C)C(=O)N[C@H](C(=O)N2CCCCC2)CC(=O)N[C@H](C)C(=O)N(C)[C@@H](C)C(=O)N(C)[C@@H](Cc2ccccc2)C(=O)N(C)[C@@H](CC(C)C)C(=O)N[C@@H]([C@@H](C)O)C1=O,-5.8,training
CC(C)C[C@H]1C(=O)N[C@@H](COC(C)(C)C)C(=O)N[C@H](C(=O)N2CCCCC2)CC(=O)N[C@H](C)C(=O)N(C)[C@@H](Cc2ccccc2)C(=O)N(C)[C@@H](CC(C)C)C(=O)N[C@@H]([C@@H](C)O)C(=O)N(C)[C@@H](C)C(=O)N1C,-7.09,training
CC(C)C[C@H]1C(=O)N[C@H](C(=O)N2CCCCC2)CC(=O)N[C@H](C)C(=O)N(C)[C@@H](Cc2ccccc2)C(=O)N(C)[C@@H](CC(C)C)C(=O)N[C@@H]([C@@H](C)O)C(=O)N(C)[C@@H](CC(C)C)C(=O)N[C@@H](COC(C)(C)C)C(=O)N1C,-5.72,training
CC(C)C[C@@H]1NC(=O)C[C@@H](C(=O)N2CCCCC2)NC(=O)[C@H](Cc2ccccc2)NC(=O)[C@H](CC(C)C)N(C)C(=O)[C@H](COC(C)(C)C)NC(=O)[C@H](CC(C)C)N(C)C(=O)[C@H](C)NC(=O)[C@H](CC(C)C)N(C)C(=O)[C@H]([C@@H](C)O)NC(=O)[C@H](CC(C)C)N(C)C(=O)[C@H](Cc2ccccc2)N(C)C1=O,-6.27,training
CC(C)C[C@H]1C(=O)N[C@@H](C(C)C)C(=O)N(C)[C@@H](C)C(=O)N(C)[C@@H](CC(C)C)C(=O)N(C)[C@@H](CC(C)C)C(=O)N[C@H](C(=O)N2CCCCC2)CC(=O)N[C@H](C(C)C)C(=O)N(C)[C@@H](C(C)C)C(=O)N[C@H](C)C(=O)N[C@@H](Cc2ccccc2)C(=O)N[C@@H](COC(C)(C)C)C(=O)N1C,-5.77,training
CC(C)C[C@@H]1NC(=O)[C@H](Cc2ccccc2)N(C)C(=O)[C@@H](C(C)C)NC(=O)C[C@@H](C(=O)N2CCCCC2)NC(=O)[C@H](CC(C)C)N(C)C(=O)[C@H](Cc2ccccc2)N(C)C(=O)[C@H](COC(C)(C)C)NC(=O)[C@H](CC(C)C)N(C)C(=O)[C@@H]2CCN2C(=O)[C@H]([C@@H](C)O)NC(=O)[C@H](CC(C)C)N(C)C1=O,-5.72,training
CC(C)C[C@H]1C(=O)N[C@@H]([C@@H](C)O)C(=O)N(C)[C@@H](CO)C(=O)N(C)[C@@H](CC(C)C)C(=O)N[C@@H](COC(C)(C)C)C(=O)N(C)[C@@H](Cc2ccccc2)C(=O)N(C)[C@@H](CC(C)C)C(=O)N[C@H](C(=O)N2CCCCC2)CC(=O)N[C@H](C(C)C)C(=O)N(C)[C@@H](Cc2ccccc2)C(=O)N[C@@H](C(C)C)C(=O)N1C,-6.16,training
CC(C)C[C@@H]1NC(=O)[C@H](Cc2ccccc2)N(C)C(=O)[C@H](COC(C)(C)C)NC(=O)[C@H](Cc2ccccc2)N(C)C(=O)[C@H](C)N(C)C(=O)[C@H](CC(C)C)N(C)C(=O)[C@@H](C)NC(=O)C[C@@H](C(=O)N2CCCCC2)NC(=O)[C@H](Cc2ccccc2)N(C)C(=O)[C@H]([C@@H](C)O)NC(=O)[C@H](CC(C)C)N(C)C1=O,-5.9,training
CC(C)C[C@@H]1NC(=O)[C@H](Cc2ccccc2)N(C)C(=O)[C@H](COC(C)(C)C)NC(=O)[C@H](Cc2ccccc2)N(C)C(=O)[C@H](C)N(C)C(=O)[C@H](CC(C)C)N(C)C(=O)[C@@H](C)NC(=O)C[C@@H](C(=O)N2CCCCC2)N(C)C(=O)[C@H](Cc2ccccc2)N(C)C(=O)[C@H]([C@@H](C)O)NC(=O)[C@H](C(C)C)N(C)C1=O,-5.77,training
CC(C)C[C@H]1C(=O)NCC(=O)N[C@H](C(=O)N2CCCCC2)CC(=O)N[C@@H](c2ccccc2)C(=O)N[C@@H]([C@@H](C)O)C(=O)N(C)[C@@H](C)C(=O)N(C)[C@@H](Cc2ccccc2)C(=O)N(C)[C@@H](Cc2ccccc2)C(=O)N[C@@H](COC(C)(C)C)C(=O)N1C,-6.8,training
CC(C)CCOC[C@@H]1NC(=O)[C@H](CC(C)C)N(C)C(=O)CN(C)C(=O)[C@H]([C@@H](C)O)NC(=O)[C@H](CC(C)C)N(C)C(=O)[C@H](C)NC(=O)[C@H](Cc2ccccc2)N(C)C(=O)[C@@H](C)NC(=O)C[C@@H](C(=O)N2CCCCC2)NC(=O)[C@H](CC(C)C)N(C)C(=O)[C@H](Cc2ccccc2)N(C)C1=O,-6.89,training
CC[C@H]1C(=O)N[C@@H]([C@@H](C)O)C(=O)N(CCc2ccccc2)CC(=O)N(C)[C@@H](CC(C)C)C(=O)N[C@@H](COC(C)(C)C)C(=O)N(C)[C@@H](CC(C)C)C(=O)N(C)[C@@H](CC)C(=O)N[C@H](C(=O)N2CCCCC2)CC(=O)N[C@H](C)C(=O)N(C)[C@@H](Cc2ccccc2)C(=O)N[C@@H](CC(C)C)C(=O)N1C,-5.85,training
CC[C@H](C)[C@@H]1NC(=O)[C@H](CC(C)C)N(C)C(=O)[C@@H](CC(C)C)NC(=O)C[C@@H](C(=O)N2CCCCC2)NC(=O)[C@H](CC(C)C)N(C)C(=O)[C@H](Cc2ccccc2)N(C)C(=O)[C@H](COC(C)(C)C)NC(=O)CN(CCc2ccccc2)C(=O)CN(C)C(=O)[C@H]([C@@H](C)O)NC(=O)[C@H](CC)N(C)C1=O,-5.82,training
CC(C)C[C@@H]1NC(=O)[C@H](Cc2ccccc2)N(C)C(=O)[C@H](C)NC(=O)C[C@@H](C(=O)N2CCCCC2)N(C)C(=O)[C@H](Cc2ccccc2)N(C)C(=O)[C@H](Cc2ccccc2)N(C)C(=O)[C@H](COC(C)(C)C)NC(=O)[C@H](CC(C)C)N(C)C(=O)CN(C)C(=O)[C@H]([C@@H](C)O)NC(=O)[C@H](CC(C)C)N(C)C1=O,-5.77,training
CC(C)C[C@@H]1NC(=O)[C@H](Cc2ccccc2)N(C)C(=O)[C@@H](C)NC(=O)C[C@@H](C(=O)N2CCCCC2)N(C)C(=O)[C@H](Cc2ccccc2)N(C)C(=O)[C@H](Cc2ccccc2)N(C)C(=O)[C@H](COC(C)(C)C)NC(=O)[C@H](CC(C)C)N(C)C(=O)CN(C)C(=O)[C@H]([C@@H](C)O)NC(=O)[C@H](CC(C)C)N(C)C1=O,-6.0,training
CC(C)C[C@H]1C(=O)N[C@@H](COC(C)(C)C)C(=O)N(C)[C@@H](C)C(=O)N(C)[C@@H](CC(C)C)C(=O)N[C@H](C(=O)N2CCCCC2)CC(=O)N[C@H](C)C(=O)N(C)[C@@H](Cc2ccccc2)C(=O)N[C@@H](COc2ccccc2Cl)C(=O)N(C)[C@@H](CC(C)C)C(=O)N[C@@H]([C@@H](C)O)C(=O)N(C)CC(=O)N1C,-5.92,training
CC(C)C[C@H]1C(=O)N[C@@H](COC(C)(C)C)C(=O)N(C)[C@@H](Cc2ccccc2)C(=O)N(C)[C@@H](C)C(=O)N[C@H](C(=O)N2CCCCC2)CC(=O)N[C@H](C(C)C)C(=O)N(C)[C@@H](C(C)C)C(=O)N[C@@H](Cc2ccc(C(F)(F)F)cc2)C(=O)N(C)[C@@H](CC(C)C)C(=O)N[C@@H]([C@@H](C)O)C(=O)N(C)CC(=O)N1C,-5.59,training
CC(C)C[C@H]1C(=O)N[C@@H](COC(C)(C)C)C(=O)N(C)[C@@H](Cc2ccccc2)C(=O)N(C)[C@@H](C)C(=O)N[C@H](C(=O)N2CCCCC2)CC(=O)N[C@H](C(C)C)C(=O)N(C)[C@@H](CC(C)C)C(=O)N[C@@H](Cc2ccc(C(F)(F)F)cc2)C(=O)N(C)[C@@H](CC(C)C)C(=O)N[C@@H]([C@@H](C)O)C(=O)N(C)CC(=O)N1C,-5.59,training
CC(C)C[C@H]1C(=O)N[C@@H](COC(C)(C)C)C(=O)N(C)[C@@H](Cc2ccccc2)C(=O)N(C)[C@@H](CC(C)C)C(=O)N[C@H](C(=O)N2CCCCC2)CC(=O)N[C@@H](C)C(=O)N(C)[C@@H](Cc2cccc(Cl)c2)C(=O)N[C@@H](C(C)C)C(=O)N(C)[C@@H](C(C)C)C(=O)N[C@@H]([C@@H](C)O)C(=O)N(C)CC(=O)N1C,-5.85,training
CC(C)C[C@@H]1NC(=O)[C@H](Cc2cccc(Cl)c2)N(C)C(=O)[C@@H](C)NC(=O)C[C@@H](C(=O)N2CCCCC2)NC(=O)[C@H](CC(C)C)N(C)C(=O)[C@H](Cc2ccccc2)N(C)C(=O)[C@H](COC(C)(C)C)NC(=O)[C@H](C(C)C)N(C)C(=O)CN(C)C(=O)[C@H]([C@@H](C)O)NC(=O)[C@H](CC(C)C)N(C)C1=O,-5.66,training
CC(C)C[C@H]1C(=O)N[C@@H](COC(C)(C)C)C(=O)N(C)[C@@H](Cc2ccccc2)C(=O)N(C)[C@@H](C(C)C)C(=O)N[C@H](C(=O)N2CCCCC2)CC(=O)N[C@H](C(C)C)C(=O)N(C)[C@@H](Cc2ccccc2)C(=O)N[C@@H](COc2cccc(Cl)c2)C(=O)N(C)[C@@H](C)C(=O)N[C@@H]([C@@H](C)O)C(=O)N(C)CC(=O)N1C,-5.72,training
CC(C)C[C@H]1C(=O)N[C@@H](COC(C)(C)C)C(=O)N(C)[C@@H](Cc2ccccc2)C(=O)N(C)[C@@H](C)C(=O)N[C@H](C(=O)N2CCCCC2)CC(=O)N[C@H](C(C)C)C(=O)N(C)[C@@H](Cc2ccccc2)C(=O)N[C@@H](CCCc2ccccc2)C(=O)N(C)[C@@H](CC(C)C)C(=O)N[C@@H]([C@@H](C)O)C(=O)N(C)CC(=O)N1C,-5.96,training
CCCN1CC(=O)N(C)[C@@H](CC(C)C)C(=O)N[C@@H](COC(C)(C)C)C(=O)N(C)[C@@H](Cc2ccccc2)C(=O)N(C)[C@@H](Cc2ccccc2)C(=O)N[C@H](C(=O)N2CCCCC2)CC(=O)N[C@H](C)C(=O)N(C)[C@@H](Cc2ccccc2)C(=O)N[C@@H](C(C)C)C(=O)N(C)[C@@H](CC(C)C)C(=O)N[C@@H]([C@@H](C)O)C1=O,-5.28,training
CC(C)C[C@H]1C(=O)N[C@@H](COC(C)(C)C)C(=O)N(C)[C@@H](Cc2ccccc2)C(=O)N(C)[C@@H](CC(C)C)C(=O)N[C@H](C(=O)N2CCCCC2)CC(=O)N[C@H](C(C)C)C(=O)N(C)[C@@H](Cc2ccccc2)C(=O)N[C@@H](C(C)C)C(=O)N(C)[C@@H](Cc2ccccc2)C(=O)N[C@@H]([C@@H](C)O)C(=O)N(C)CC(=O)N1C,-5.8,training
CC(C)C[C@@H]1NC(=O)[C@H](Cc2ccccc2)N(C)C(=O)[C@@H](C(C)C)NC(=O)C[C@@H](C(=O)N2CCCCC2)NC(=O)[C@H](Cc2ccccc2)N(C)C(=O)[C@H](Cc2ccccc2)N(C)C(=O)[C@H](COC(C)(C)C)NC(=O)[C@H](CC(C)C)N(C)C(=O)CN(C)C(=O)[C@H]([C@@H](C)O)NC(=O)[C@H](CC(C)C)N(C)C1=O,-5.92,training
CC(C)C[C@@H]1NC(=O)[C@H](Cc2ccccc2)N(C)C(=O)[C@H](C)NC(=O)C[C@@H](C(=O)N2CCCCC2)NC(=O)[C@H](Cc2ccccc2)N(C)C(=O)[C@H](Cc2ccccc2)N(C)C(=O)[C@H](COC(C)(C)C)NC(=O)[C@H](CC(C)C)N(C)C(=O)CN(C)C(=O)[C@H]([C@@H](C)O)NC(=O)[C@H](CC(C)C)N(C)C1=O,-5.96,training
CC(C)CCOC[C@@H]1NC(=O)[C@H](Cc2ccccc2)N(C)C(=O)[C@@H](C)NC(=O)C[C@@H](C(=O)N2CCCCC2)NC(=O)[C@H](CC(C)C)N(C)C(=O)[C@H](Cc2ccccc2)N(C)C(=O)[C@H](COC(C)(C)C)NC(=O)[C@H](CC(C)C)N(C)C(=O)CN(C)C(=O)[C@H]([C@@H](C)O)NC(=O)[C@H](CC(C)C)N(C)C1=O,-5.77,training
CC(C)C[C@H]1NC(=O)C[C@@H](C(=O)N2CCCCC2)NC(=O)[C@H](C)N(C)C(=O)[C@H](CC(C)C)N(C)C(=O)[C@H](COC(C)(C)C)NC(=O)[C@H](CC(C)C)N(C)C(=O)CN(C)C(=O)[C@H]([C@@H](C)O)NC(=O)[C@H](CC(C)C)N(C)C(=O)[C@H](CCc2ccccc2)NC(=O)[C@H](Cc2ccccc2)N(C)C1=O,-5.85,training
CC(C)C[C@H]1C(=O)N[C@@H](COC(C)(C)C)C(=O)N(C)[C@@H](Cc2ccccc2)C(=O)N(C)[C@@H](CC(C)C)C(=O)N[C@H](C(=O)N2CCCCC2)CC(=O)N[C@H](C(C)C)C(=O)N(C)[C@@H](CC(C)C)C(=O)N[C@@H](CCc2ccccc2)C(=O)N(C)[C@@H](CC(C)C)C(=O)N[C@@H]([C@@H](C)O)C(=O)N(C)CC(=O)N1C,-5.77,training
CCCOC[C@@H]1NC(=O)[C@H](Cc2ccccc2)N(C)C(=O)[C@@H](C(C)C)NC(=O)C[C@@H](C(=O)N2CCCCC2)NC(=O)[C@H](CC(C)C)N(C)C(=O)[C@H](Cc2ccccc2)N(C)C(=O)[C@H](COC(C)(C)C)NC(=O)[C@H](CC(C)C)N(C)C(=O)CN(C)C(=O)[C@H]([C@@H](C)O)NC(=O)[C@H](CC(C)C)N(C)C1=O,-5.51,training
CC(C)C[C@H]1C(=O)N[C@@H](COC(C)(C)C)C(=O)N(C)[C@@H](Cc2ccccc2)C(=O)N(C)[C@@H](C(C)C)C(=O)N[C@H](C(=O)N2CCCCC2)CC(=O)N[C@H](C(C)C)C(=O)N(C)[C@@H](Cc2ccccc2)C(=O)N[C@@H](CCCCC(F)F)C(=O)N(C)[C@@H](CC(C)C)C(=O)N[C@@H]([C@@H](C)O)C(=O)N(C)CC(=O)N1C,-5.68,training
CC(C)C[C@H]1C(=O)N[C@@H](COC(C)(C)C)C(=O)N(C)[C@@H](Cc2ccccc2)C(=O)N(C)[C@@H](C(C)C)C(=O)N[C@H](C(=O)N2CCCCC2)CC(=O)N[C@H](C(C)C)C(=O)N(C)[C@@H](CC(C)C)C(=O)N[C@@H](COc2ccccc2Cl)C(=O)N(C)[C@@H](C)C(=O)N[C@@H]([C@@H](C)O)C(=O)N(C)CC(=O)N1C,-5.59,training
CC(C)C[C@H]1C(=O)N[C@@H](COC(C)(C)C)C(=O)N(C)[C@@H](Cc2ccccc2)C(=O)N(C)[C@@H](C(C)C)C(=O)N[C@H](C(=O)N2CCCCC2)CC(=O)N[C@H](C(C)C)C(=O)N(C)[C@@H](C)C(=O)N[C@@H](CCc2ccccc2Cl)C(=O)N(C)[C@@H](CC(C)C)C(=O)N[C@@H]([C@@H](C)O)C(=O)N(C)CC(=O)N1C,-5.77,training
CC(C)C[C@H]1C(=O)N[C@@H](COC(C)(C)C)C(=O)N(C)[C@@H](Cc2ccccc2)C(=O)N(C)[C@@H](C(C)C)C(=O)N[C@H](C(=O)N2CCCCC2)CC(=O)N[C@H](C(C)C)C(=O)N(C)[C@@H](C)C(=O)N[C@@H](CCc2ccc(Cl)cc2)C(=O)N(C)[C@@H](CC(C)C)C(=O)N[C@@H]([C@@H](C)O)C(=O)N(C)CC(=O)N1C,-5.96,training
CCCC[C@@H](O)[C@@H]1NC(=O)[C@H](CC(C)C)N(C)C(=O)[C@H](C)NC(=O)[C@H](Cc2ccccc2)N(C)C(=O)[C@@H](C(C)C)NC(=O)C[C@@H](C(=O)N2CCCCC2)NC(=O)[C@H](C)N(C)C(=O)[C@H](Cc2ccccc2)N(C)C(=O)[C@H](COC(C)(C)C)NC(=O)[C@H](CC(C)C)N(C)C(=O)CN(C)C1=O,-5.85,training
CC(C)C[C@H]1C(=O)N[C@@H](COC(C)(C)C)C(=O)N(C)[C@@H](Cc2ccccc2)C(=O)N(C)[C@@H](CC(C)C)C(=O)N[C@H](C(=O)N2CCCCC2)CC(=O)N[C@H](C(C)C)C(=O)N(C)[C@@H](C(C)C)C(=O)N[C@@H](Cc2ccc(C(F)F)cc2)C(=O)N(C)[C@@H](CC(C)C)C(=O)N[C@@H]([C@@H](C)O)C(=O)N(C)CC(=O)N1C,-5.96,training
CC(C)C[C@H]1C(=O)N[C@@H](COC(C)(C)C)C(=O)N(C)[C@@H](Cc2ccccc2)C(=O)N(C)[C@@H](CC(C)C)C(=O)N[C@H](C(=O)N2CCCCC2)CC(=O)N[C@H](C(C)C)C(=O)N(C)[C@@H](C(C)C)C(=O)N[C@@H](Cc2ccc(OC(F)F)cc2)C(=O)N(C)[C@@H](CC(C)C)C(=O)N[C@@H]([C@@H](C)O)C(=O)N(C)CC(=O)N1C,-5.96,training
CC[C@H](C)[C@H]1C(=O)N[C@H](C(=O)N2CCCCC2)CC(=O)N[C@@H](C)C(=O)N(C)[C@@H](Cc2ccccc2)C(=O)N(C)[C@@H](CC(C)C)C(=O)N[C@@H]([C@@H](C)O)C(=O)N(C)CC(=O)N(C)[C@@H](CC(C)C)C(=O)N[C@@H](COC(C)(C)C)C(=O)N1C,-6.74,training
CC(C)C[C@H]1C(=O)N[C@@H](COC(C)(C)C)C(=O)N[C@H](C(=O)N2CCCCC2)CC(=O)N[C@@H](C)C(=O)N(C)[C@@H](C)C(=O)N(C)[C@@H](Cc2ccccc2)C(=O)N(C)[C@@H](CC(C)C)C(=O)N[C@@H]([C@@H](C)O)C(=O)N(C)CC(=O)N1C,-7.42,training
CC[C@H](C)[C@H]1C(=O)N[C@H](C(=O)N2CCCCC2)CC(=O)N[C@H](C)C(=O)N(C)[C@@H](Cc2ccccc2)C(=O)N(C)[C@@H](CC(C)C)C(=O)N[C@@H]([C@@H](C)O)C(=O)N(C)CC(=O)N(C)[C@@H](CC(C)C)C(=O)N[C@@H](COC(C)(C)C)C(=O)N1C,-6.68,training
CC[C@H](C)[C@@H]1NC(=O)[C@H](Cc2ccccc2)N(C)C(=O)[C@@H](C)NC(=O)C[C@@H](C(=O)N2CCCCC2)NC(=O)[C@H](C(C)C)N(C)C(=O)[C@H](Cc2ccccc2)N(C)C(=O)[C@H](COC(C)(C)C)NC(=O)[C@H](CC(C)C)N(C)C(=O)CN(C)C(=O)[C@H]([C@@H](C)O)NC(=O)[C@H](CC(C)C)N(C)C1=O,-5.28,training
CC(C)C[C@@H]1NC(=O)[C@H](Cc2ccccc2)N(C)C(=O)[C@@H](C(C)C)NC(=O)C[C@@H](C(=O)N2CCCCC2)NC(=O)[C@H](C(C)C)N(C)C(=O)[C@H](Cc2ccccc2)N(C)C(=O)[C@H](COC(C)(C)C)NC(=O)[C@H](CC(C)C)N(C)C(=O)CN(C)C(=O)[C@H]([C@@H](C)O)NC(=O)[C@H](CC(C)C)N(C)C1=O,-5.54,training
CC(C)C[C@H]1C(=O)N[C@@H](COC(C)(C)C)C(=O)N(C)[C@@H](CC(C)C)C(=O)N[C@H](C(=O)N2CCCCC2)CC(=O)N[C@H](C)C(=O)N(C)[C@@H](C)C(=O)N(C)[C@@H](Cc2ccccc2)C(=O)N(C)[C@@H](CC(C)C)C(=O)N[C@@H]([C@@H](C)O)C(=O)N(C)CC(=O)N1C,-6.54,training
CC[C@H](C)[C@H]1C(=O)N[C@H](C(=O)N2CCCCC2)CC(=O)N[C@H](C(C)C)C(=O)N(C)[C@@H](CC(C)C)C(=O)N(C)[C@@H](Cc2ccccc2)C(=O)N(C)[C@@H](C)C(=O)N[C@@H]([C@@H](C)O)C(=O)N(C)CC(=O)N(C)[C@@H](CC(C)C)C(=O)N[C@@H](COC(C)(C)C)C(=O)N1C,-6.6,training
CC[C@H](C)[C@H]1C(=O)N[C@H](C(=O)N2CCCCC2)CC(=O)N[C@H](C(C)C)C(=O)N(C)[C@@H](Cc2ccccc2)C(=O)N(C)[C@@H](CC(C)C)C(=O)N[C@@H]([C@@H](C)O)C(=O)N(C)CC(=O)N(C)[C@@H](CC(C)C)C(=O)N[C@@H](COC(C)(C)C)C(=O)N1C,-5.72,training
CC(C)C[C@H]1C(=O)N[C@@H](COC(C)(C)C)C(=O)N[C@H](C(=O)N2CCCCC2)CC(=O)N[C@H](C)C(=O)N(C)[C@@H](Cc2ccccc2)C(=O)N(C)[C@@H](CC(C)C)C(=O)N[C@@H]([C@@H](C)O)C(=O)N(C)CC(=O)N1C,-7.3,training
CC(C)C[C@H]1C(=O)N[C@@H](COC(C)(C)C)C(=O)N(C)[C@@H](Cc2cccc(Cl)c2)C(=O)N(C)[C@@H](CC(C)C)C(=O)N[C@H](C(=O)N2CCCCC2)CC(=O)N[C@H](C(C)C)C(=O)N(C)[C@@H](Cc2ccccc2)C(=O)N[C@@H](C(C)C)C(=O)N(C)[C@@H](CC(C)C)C(=O)N[C@@H]([C@@H](C)O)C(=O)N(C)CC(=O)N1C,-6.18,training
CC(C)C[C@@H]1NC(=O)[C@H](Cc2cccc(Cl)c2)N(C)C(=O)[C@@H](C)NC(=O)C[C@@H](C(=O)N2CCCCC2)NC(=O)[C@H](CC(C)C)N(C)C(=O)[C@H](Cc2ccccc2)N(C)C(=O)[C@H](COC(C)(C)C)NC(=O)[C@H](C(C)C)N(C)C(=O)CN(C)C(=O)[C@H]([C@@H](C)O)NC(=O)[C@H](C)N(C)C1=O,-6.43,training
CC(C)C[C@H]1C(=O)N[C@@H](COC(C)(C)C)C(=O)N(C)[C@@H](Cc2ccccc2)C(=O)N(C)[C@@H](Cc2ccccc2)C(=O)N[C@H](C(=O)N2CCCCC2)CC(=O)N[C@H](C)C(=O)N(C)[C@@H](Cc2ccccc2)C(=O)N[C@@H](C(C)C)C(=O)N(C)[C@@H](CC(C)C)C(=O)N[C@@H]([C@@H](C)O)C(=O)N(C)CC(=O)N1C,-6.12,training
CC(C)C[C@H]1C(=O)N[C@@H](COC(C)(C)C)C(=O)N(C)[C@@H](Cc2ccccc2)C(=O)N(C)[C@@H](C)C(=O)N[C@H](C(=O)N2CCCCC2)CC(=O)N[C@H](C)C(=O)N(C)[C@@H](CC(C)C)C(=O)N[C@@H](CCc2ccccc2)C(=O)N(C)[C@@H](CC(C)C)C(=O)N[C@@H]([C@@H](C)O)C(=O)N(C)CC(=O)N1C,-6.08,training
CCCC[C@@H]1NC(=O)[C@H](Cc2ccccc2)N(C)C(=O)[C@@H](C(C)C)NC(=O)C[C@@H](C(=O)N2CCCCC2)NC(=O)[C@H](C(C)C)N(C)C(=O)[C@H](Cc2ccccc2)N(C)C(=O)[C@H](COC(C)(C)C)NC(=O)[C@H](CC(C)C)N(C)C(=O)CN(C)C(=O)[C@H]([C@@H](C)O)NC(=O)[C@H](CC(C)C)N(C)C1=O,-5.49,training
CCCC[C@@H]1NC(=O)[C@H](Cc2ccccc2)N(C)C(=O)[C@@H](C)NC(=O)C[C@@H](C(=O)N2CCCCC2)NC(=O)[C@H](C(C)C)N(C)C(=O)[C@H](Cc2ccccc2)N(C)C(=O)[C@H](COC(C)(C)C)NC(=O)[C@H](CC(C)C)N(C)C(=O)CN(C)C(=O)[C@H]([C@@H](C)O)NC(=O)[C@H](CC(C)C)N(C)C1=O,-5.37,training
CC(C)C[C@@H]1NC(=O)[C@H](Cc2ccccc2)N(C)C(=O)[C@@H](CC(C)C)NC(=O)C[C@@H](C(=O)N2CCCCC2)NC(=O)[C@H](CC(C)C)N(C)C(=O)[C@H](Cc2ccccc2)N(C)C(=O)[C@H](COC(C)(C)C)NC(=O)[C@@H]2CCCCN2C(=O)CN(C)C(=O)[C@H]([C@@H](C)O)NC(=O)[C@H](CC(C)C)N(C)C1=O,-5.72,training
CCCCN1CC(=O)N(C)[C@@H](CC(C)C)C(=O)N[C@@H](COC(C)(C)C)C(=O)N(C)[C@@H](Cc2ccccc2)C(=O)N(C)[C@@H](CC(C)C)C(=O)N[C@H](C(=O)N2CCCCC2)CC(=O)N[C@H](C(C)C)C(=O)N(C)[C@@H](Cc2ccccc2)C(=O)N[C@@H]([C@@H](C)O)C(=O)N(C)[C@@H](CC(C)C)C(=O)N[C@@H]([C@@H](C)O)C1=O,-6.55,training
CC[C@H](C)[C@H]1C(=O)N[C@@H](C)C(=O)N(C)[C@@H](CC(C)C)C(=O)N[C@@H]([C@@H](C)O)C(=O)N[C@@H](Cc2ccccc2)C(=O)N(C)[C@@H](Cc2ccccc2)C(=O)N(C)[C@@H](CC(C)C)C(=O)N[C@@H](COC(C)(C)C)C(=O)N(C)[C@@H](CC(C)C)C(=O)N(C)[C@@H](C)C(=O)N[C@H](C(=O)N2CCCCC2)CC(=O)N[C@H](C(C)C)C(=O)N1C,-6.18,training
CC[C@H](C)[C@H]1C(=O)N(C)[C@@H](CC(C)C)C(=O)N[C@H](C(=O)N2CCCCC2)CC(=O)N(C)[C@H](C)C(=O)N(C)[C@@H](CC(C)C)C(=O)N[C@@H](CC(C)C)C(=O)N(C)[C@@H](Cc2ccccc2)C(=O)N[C@@H](COC(C)(C)C)C(=O)N(C)[C@@H](Cc2ccccc2)C(=O)N[C@@H]([C@@H](C)O)C(=O)N(C)[C@@H](C)C(=O)N1C,-5.28,training
CC[C@H](C)[C@H]1C(=O)N(C)[C@@H](C)C(=O)N[C@@H](COC(C)(C)C)C(=O)N(C)[C@@H](CC(C)C)C(=O)N(C)[C@@H](CC(C)C)C(=O)N[C@H](C(=O)N2CCCCC2)CC(=O)N(C)[C@H](C)C(=O)N(C)[C@@H](Cc2ccccc2)C(=O)N[C@@H](C)C(=O)N(C)[C@@H](CC(C)C)C(=O)N[C@@H]([C@@H](C)O)C(=O)N[C@@H](Cc2ccccc2)C(=O)N1C,-6.19,training
CC[C@H](C)[C@H]1C(=O)N(C)[C@@H](CC(C)C)C(=O)N[C@H](C(=O)N2CCCCC2)CC(=O)N(C)[C@@H](C)C(=O)N(C)[C@@H](CC(C)C)C(=O)N[C@@H](CC(C)C)C(=O)N(C)[C@@H](Cc2ccccc2)C(=O)N[C@@H](COC(C)(C)C)C(=O)N(C)[C@@H](Cc2ccccc2)C(=O)N[C@@H]([C@@H](C)O)C(=O)N(C)[C@@H](C)C(=O)N1C,-5.7,training
CC[C@H](C)[C@H]1C(=O)N(C)[C@@H](C)C(=O)N(C)[C@@H](CC(C)C)C(=O)N[C@@H](COC(C)(C)C)C(=O)N(C)[C@@H](CC(C)C)C(=O)N[C@H](C(=O)N2CCCCC2)CC(=O)N(C)[C@@H](C)C(=O)N(C)[C@@H](Cc2ccccc2)C(=O)N[C@@H](C)C(=O)N(C)[C@@H](CC(C)C)C(=O)N[C@@H]([C@@H](C)O)C(=O)N[C@@H](Cc2ccccc2)C(=O)N1C,-6.6,training
CC[C@H](C)[C@H]1C(=O)N[C@@H](C)C(=O)N(C)[C@@H](CC(C)C)C(=O)N[C@@H](COC(C)(C)C)C(=O)N(C)[C@@H](CC(C)C)C(=O)N[C@H](C(=O)N2CCCCC2)CC(=O)N(C)CCC(=O)N[C@@H](Cc2ccccc2)C(=O)N(C)[C@@H](Cc2ccccc2)C(=O)N(C)[C@@H](CC(C)C)C(=O)N[C@@H]([C@@H](C)O)C(=O)N(C)[C@@H](C)C(=O)N1C,-6.54,training
CC(C)C[C@H]1C(=O)N[C@@H]([C@@H](C)O)C(=O)N(C)[C@@H](Cc2ccccc2)C(=O)N(C)[C@@H](CC(C)C)C(=O)NCC(=O)N(C)[C@@H](C(C)C)C(=O)N[C@@H](Cc2ccccc2)C(=O)N[C@H](C(=O)N2CCCCC2)CC(=O)N(C)[C@H](C)C(=O)N[C@@H](COC(C)(C)C)C(=O)N1C,-5.66,training
CC(C)C[C@H]1C(=O)N(C)[C@@H](C)C(=O)N[C@@H](COC(C)(C)C)C(=O)N(C)[C@@H](C(C)C)C(=O)N[C@H](C(=O)N2CCCCC2)CC(=O)N(C)[C@@H](C)C(=O)N(C)[C@@H](Cc2ccccc2)C(=O)N[C@@H](C)C(=O)N(C)[C@@H](C)C(=O)N[C@@H](Cc2ccccc2)C(=O)N[C@@H]([C@@H](C)O)C(=O)N(C)[C@@H](C)C(=O)N1C,-7.24,training
CC(C)C[C@H]1C(=O)N[C@@H](COC(C)(C)C)C(=O)N(C)[C@@H](Cc2ccccc2)C(=O)N(C)[C@@H](C)C(=O)N[C@@H](Cc2ccccc2)C(=O)N(C)[C@@H](C(C)C)C(=O)N[C@H](C(=O)N2CCCCC2)CC(=O)N(C)[C@H](C)C(=O)N[C@@H]([C@@H](C)O)C(=O)NCC(=O)N1C,-7.03,training
CC(C)C[C@H]1C(=O)N(C)[C@@H](C)C(=O)N[C@@H]([C@@H](C)O)C(=O)N(C)[C@@H](C)C(=O)N(C)[C@@H](C(C)C)C(=O)N[C@@H](COC(C)(C)C)C(=O)N[C@H](C(=O)N2CCCCC2)CC(=O)N(C)[C@H](C)C(=O)N(C)[C@@H](Cc2ccccc2)C(=O)N[C@@H](C)C(=O)N(C)[C@@H](C)C(=O)N[C@@H](Cc2ccccc2)C(=O)N1C,-7.06,training
CC(C)C[C@H]1C(=O)N(C)[C@@H](C)C(=O)N[C@@H]([C@@H](C)O)C(=O)N(C)[C@@H](C)C(=O)N(C)[C@@H](C(C)C)C(=O)N[C@@H](COC(C)(C)C)C(=O)N[C@H](C(=O)N2CCCCC2)CC(=O)N(C)CCC(=O)N(C)[C@@H](Cc2ccccc2)C(=O)N[C@@H](C)C(=O)N(C)[C@@H](C)C(=O)N[C@@H](Cc2ccccc2)C(=O)N1C,-7.18,training
CC(C)C[C@H]1C(=O)N(C)[C@@H](Cc2ccccc2)C(=O)N[C@@H](Cc2ccccc2)C(=O)N(C)[C@@H](C)C(=O)N(C)[C@@H](C(C)C)C(=O)N[C@@H]([C@@H](C)O)C(=O)N[C@H](C(=O)N2CCCCC2)CC(=O)N(C)[C@@H](C)C(=O)N[C@@H](COC(C)(C)C)C(=O)NCC(=O)N1C,-7.22,training
CCCN1CC(=O)N(C)[C@@H](CC(C)C)C(=O)N[C@@H]([C@@H](C)O)C(=O)N(C)[C@@H](C)C(=O)N(C)[C@@H](CC(C)C)C(=O)N(C)[C@@H]([C@@H](C)CC)C(=O)N[C@@H](COC(C)(C)C)C(=O)N[C@H](C(=O)N2CCCCC2)CC(=O)N(C)[C@@H](C)C(=O)N(C)[C@@H](Cc2ccccc2)C1=O,-5.92,training
CC(C)C[C@@H]1NC(=O)[C@H](Cc2ccccc2)N(C)C(=O)[C@H](COC(C)(C)C)NC(=O)[C@H](Cc2ccccc2)N(C)C(=O)[C@H](C)N(C)C(=O)[C@H](CC(C)C)N(C)C(=O)[C@H](C)N(C)C(=O)C[C@@H](C(=O)N2CCCCC2)N(C)C(=O)[C@H](Cc2ccccc2)N(C)C(=O)[C@H]([C@@H](C)O)NC(=O)[C@H](C(C)C)N(C)C1=O,-5.89,training
CC(C)C[C@@H]1NC(=O)[C@H](C(C)C)N(C)C(=O)[C@H](C)N(C)C(=O)[C@H](COC(C)(C)C)NC(=O)[C@H](CC(C)C)N(C)C(=O)[C@H](C)N(C)C(=O)C[C@@H](C(=O)N2CCCCC2)N(C)C(=O)[C@H](CC(C)C)N(C)C(=O)[C@H](Cc2ccccc2)NC(=O)[C@H](Cc2ccccc2)N(C)C(=O)[C@H]([C@@H](C)O)NC1=O,-5.52,training
CC(C)C[C@@H]1NC(=O)[C@H]([C@@H](C)O)NC(=O)[C@H](CC(C)C)N(C)C(=O)C[C@@H](C(=O)N2CCCCC2)NC(=O)[C@H](COC(C)(C)C)NC(=O)[C@H](Cc2ccccc2)NC(=O)[C@H](C)N(C)C(=O)[C@H](Cc2ccccc2)NC(=O)CN(C)C(=O)[C@H](Cc2ccccc2)N(C)C(=O)[C@H](Cc2ccccc2)N(C)C1=O,-7.72,training
CC[C@H](C)[C@@H]1NC(=O)[C@H](Cc2ccccc2)N(C)C(=O)[C@@H](C)NC(=O)C[C@@H](C(=O)N2CCCCC2)NC(=O)[C@H](CC(C)C)N(C)C(=O)[C@H](C)N(C)C(=O)[C@H](COC(C)(C)C)NC(=O)[C@H](C)N(C)C(=O)CN(C)C(=O)[C@H](Cc2ccc(O)cc2)NC(=O)[C@H](CC(C)C)N(C)C1=O,-6.96,training
CC(C)C[C@H]1C(=O)N[C@@H](Cc2ccc(O)cc2)C(=O)N(C)CC(=O)N(C)[C@@H](C)C(=O)N(C)[C@@H](CC(C)C)C(=O)N[C@@H](COC(C)(C)C)C(=O)N(C)[C@@H](C(C)C)C(=O)N[C@H](C(=O)N2CCCCC2)CC(=O)N(C)CC(=O)N(C)[C@@H](Cc2ccccc2)C(=O)N[C@@H](C(C)C)C(=O)N1C,-6.66,training
CC[C@H](C)[C@@H]1NC(=O)[C@H](CC(C)C)N(C)C(=O)[C@@H](C)NC(=O)C[C@@H](C(=O)N2CCCCC2)NC(=O)[C@H](C(C)C)N(C)C(=O)[C@H](Cc2ccccc2)N(C)C(=O)[C@H](COC(C)(C)C)NC(=O)[C@H](CC(C)C)N(C)C(=O)CN(C)C(=O)[C@H](Cc2ccc(O)cc2)NC(=O)[C@H](C)N(C)C1=O,-6.25,training
CC(C)C[C@H]1NC(=O)C[C@@H](C(=O)N2CCCCC2)NC(=O)[C@H](C)N(C)C(=O)[C@H](CC(C)C)N(C)C(=O)[C@H](COC(C)(C)C)NC(=O)[C@H](CC(C)C)N(C)C(=O)CN(C)C(=O)[C@H]([C@@H](C)O)NC(=O)[C@H](CC(C)C)N(C)C(=O)[C@H](Cc2ccc(O)c(F)c2)NC(=O)[C@H](Cc2ccccc2)N(C)C1=O,-6.7,training
CC(C)C[C@H]1C(=O)N[C@@H](COC(C)(C)C)C(=O)N(C)[C@@H](Cc2ccccc2)C(=O)N(C)[C@@H](C(C)C)C(=O)N[C@H](C(=O)N2CCCCC2)CC(=O)N[C@H](C(C)C)C(=O)N(C)[C@@H](C)C(=O)N[C@@H](C(C)C)C(=O)N(C)[C@@H](CC(C)C)C(=O)N[C@@H](Cc2ccc(O)cc2)C(=O)N(C)CC(=O)N1C,-6.0,training
CC[C@H](C)[C@@H]1NC(=O)[C@H](CC(C)C)N(C)C(=O)[C@@H](C)NC(=O)C[C@@H](C(=O)N2CCCCC2)NC(=O)[C@H](C)N(C)C(=O)[C@H](Cc2ccccc2)N(C)C(=O)[C@H](COC(C)(C)C)NC(=O)[C@H](CC(C)C)N(C)C(=O)CN(C)C(=O)[C@H](Cc2ccc(O)c(F)c2)NC(=O)[C@H](CC(C)C)N(C)C1=O,-6.49,training
CC(C)C[C@@H]1NC(=O)[C@H](Cc2ccccc2)N(C)C(=O)[C@@H](C(C)C)NC(=O)C[C@@H](C(=O)N2CCCCC2)NC(=O)[C@H](C)N(C)C(=O)[C@H](CC(C)C)N(C)C(=O)[C@H](COC(C)(C)C)NC(=O)[C@H](CC(C)C)N(C)C(=O)CN(C)C(=O)[C@H](Cc2ccc(O)cc2)NC(=O)[C@H](CC(C)C)N(C)C1=O,-6.89,training
CC(C)C[C@H]1C(=O)N[C@@H](COC(C)(C)C)C(=O)N(C)[C@@H](C(C)C)C(=O)N(C)[C@@H](C)C(=O)N[C@H](C(=O)N2CCCCC2)CC(=O)N[C@H](C)C(=O)N(C)[C@@H](Cc2ccccc2)C(=O)N[C@@H](Cc2ccc(C(F)(F)F)cc2)C(=O)N(C)[C@@H](CC(C)C)C(=O)N[C@@H]([C@@H](C)O)C(=O)N(C)CC(=O)N1C,-5.96,training
CC(C)C[C@@H]1NC(=O)[C@H](Cc2ccccc2)N(C)C(=O)[C@H](C)N(C)C(=O)C[C@@H](C(=O)N2CCCCC2)NC(=O)[C@H](C(C)C)N(C)C(=O)[C@H](Cc2ccccc2)N(C)C(=O)[C@H](COC(C)(C)C)NC(=O)[C@H](CC(C)C)N(C)C(=O)CN(C)C(=O)[C@H](Cc2cccnc2)NC(=O)[C@H](CC(C)C)N(C)C1=O,-5.52,training
CC(C)C[C@@H]1NC(=O)[C@H](Cc2ccccc2)N(C)C(=O)[C@@H](C)N(C)C(=O)C[C@@H](C(=O)N2CCCCC2)N(C)C(=O)[C@H](Cc2ccccc2)N(C)C(=O)[C@H](Cc2ccccc2)N(C)C(=O)[C@H](COC(C)(C)C)NC(=O)[C@H](C(C)C)N(C)C(=O)CN(C)C(=O)[C@H]([C@@H](C)O)NC(=O)[C@H](CC(C)C)N(C)C1=O,-5.59,training
CC(C)C[C@@H]1NC(=O)[C@H](Cc2ccccc2)N(C)C(=O)[C@H](C)N(C)C(=O)C[C@@H](C(=O)N2CCCCC2)N(C)C(=O)[C@H](Cc2ccccc2)N(C)C(=O)[C@H](Cc2ccccc2)N(C)C(=O)[C@H](COC(C)(C)C)NC(=O)[C@H](C(C)C)N(C)C(=O)CN(C)C(=O)[C@H]([C@@H](C)O)NC(=O)[C@H](CC(C)C)N(C)C1=O,-5.68,training
CCCC[C@@H](O)[C@@H]1NC(=O)[C@H](CC(C)C)N(C)C(=O)[C@H](CC(C)C)NC(=O)[C@H](Cc2ccccc2)N(C)C(=O)[C@@H](C)NC(=O)C[C@@H](C(=O)N2CCCCC2)NC(=O)[C@H](C)N(C)C(=O)[C@H](Cc2ccccc2)N(C)C(=O)[C@H](COC(C)(C)C)NC(=O)[C@H](CC(C)C)N(C)C(=O)CN(C)C1=O,-5.96,training
CC(C)C[C@@H]1NC(=O)[C@H](CC(C)C)N(C)C(=O)[C@H](CC(C)C)NC(=O)[C@H](Cc2ccccc2)N(C)C(=O)[C@@H](CC(C)C)NC(=O)C[C@@H](C(=O)N2CCCCC2)NC(=O)[C@H](CC(C)C)N(C)C(=O)[C@H](Cc2ccccc2)N(C)C(=O)[C@H](COC(C)(C)C)NC(=O)[C@H](CO)N(C)C(=O)CN(C)C1=O,-6.0,training
CCCOC[C@@H]1NC(=O)[C@H](CC(C)C)N(C)C(=O)[C@H](C(C)C)NC(=O)[C@H](Cc2ccccc2)N(C)C(=O)[C@@H](C(C)C)NC(=O)C[C@@H](C(=O)N2CCCCC2)NC(=O)[C@H](C)N(C)C(=O)[C@H](Cc2ccccc2)N(C)C(=O)[C@H](COC(C)(C)C)NC(=O)[C@H](CC(C)C)N(C)C(=O)CN(C)C1=O,-5.48,training
CC(C)CCOC[C@@H]1NC(=O)[C@H](CC(C)C)N(C)C(=O)[C@H](Cc2ccccc2)N(C)C(=O)CN(C)C(=O)[C@H]([C@@H](C)O)NC(=O)[C@H](CC(C)C)N(C)C(=O)[C@H](C(C)C)NC(=O)[C@H](Cc2ccccc2)N(C)C(=O)CN(C)C(=O)C[C@@H](C(=O)N2CCCCC2)NC(=O)[C@H](CC(C)C)N(C)C1=O,-5.64,training
CC(C)C[C@@H]1NC(=O)[C@H](Cc2ccccc2)N(C)C(=O)[C@@H](C(C)C)NC(=O)C[C@@H](C(=O)N2CCCCC2)NC(=O)[C@H](CC(C)C)N(C)C(=O)[C@H](Cc2cccc(Cl)c2)N(C)C(=O)[C@H](C(C)(C)O)NC(=O)[C@H](CC(C)C)N(C)C(=O)CN(C)C(=O)[C@H]([C@@H](C)O)NC(=O)[C@H](CC(C)C)N(C)C1=O,-5.82,training
CCCN1CC(=O)N(C)[C@@H](CC(C)C)C(=O)N[C@@H](COC(C)(C)C)C(=O)N(C)[C@@H](Cc2ccccc2)C(=O)N(C)[C@@H](C(C)C)C(=O)N[C@H](C(=O)N2CCCCC2)CC(=O)N[C@H](C(C)C)C(=O)N(C)[C@@H](Cc2ccccc2)C(=O)N[C@@H](COCCN(C)C)C(=O)N(C)[C@@H](CC(C)C)C(=O)N[C@@H]([C@@H](C)O)C1=O,-6.82,training
CCCCN1CC(=O)N(C)[C@@H](CC(C)C)C(=O)N[C@@H](COC(C)(C)C)C(=O)N(C)[C@@H](Cc2ccccc2)C(=O)N(C)[C@@H](C(C)C)C(=O)N[C@H](C(=O)N2CCCCC2)CC(=O)N[C@H](C(C)C)C(=O)N(C)[C@@H](Cc2ccccc2)C(=O)N[C@@H](COCCN(C)C)C(=O)N(C)[C@@H](CC(C)C)C(=O)N[C@@H]([C@@H](C)O)C1=O,-6.85,training
CC(C)C[C@H]1C(=O)N[C@H](C(=O)N2CCCCC2)CC(=O)N(C)CCCC(=O)N(C)[C@@H](CC(C)C)C(=O)N[C@@H](CCc2ccccc2)C(=O)N(C)[C@@H](CC(C)C)C(=O)N(C)[C@@H](Cc2ccccc2)C(=O)N[C@@H](COC(C)(C)C)C(=O)N(C)[C@@H](CC(C)C)C(=O)N[C@@H]([C@@H](C)O)C(=O)N(C)CC(=O)N1C,-5.74,training
CCCN1CC(=O)N(C)[C@@H](Cc2ccccc2)C(=O)N[C@@H](CCCCC(F)F)C(=O)N(C)[C@@H](CC(C)C)C(=O)N[C@@H]([C@@H](C)O)C(=O)N(C)CC(=O)N(C)[C@@H](Cc2ccccc2)C(=O)N(C)[C@@H](CC(C)C)C(=O)N[C@@H](COC(C)(C)C)C(=O)N(C)[C@@H](C(C)C)C(=O)N[C@H](C(=O)N2CCCCC2)CC1=O,-5.6,training
CCCN1CC(=O)N(C)[C@@H](Cc2ccccc2)C(=O)N[C@@H](COCC(F)(F)C(F)F)C(=O)N(C)[C@@H](CC(C)C)C(=O)N[C@@H]([C@@H](C)O)C(=O)N(C)CC(=O)N(C)[C@@H](Cc2ccccc2)C(=O)N(C)[C@@H](CC(C)C)C(=O)N[C@@H](COC(C)(C)C)C(=O)N(C)[C@@H](CC(C)C)C(=O)N[C@H](C(=O)N2CCCCC2)CC1=O,-5.74,training
CCCCCN1CC(=O)N(C)[C@@H](Cc2ccccc2)C(=O)N[C@@H](CC(C)C)C(=O)N(C)[C@@H](CC)C(=O)N[C@@H]([C@@H](C)O)C(=O)N(C)CC(=O)N(C)[C@@H](Cc2ccccc2)C(=O)N(C)[C@@H](CC)C(=O)N[C@@H](COC(C)(C)C)C(=O)N(C)[C@@H](CC(C)C)C(=O)N[C@H](C(=O)N2CCCCC2)CC1=O,-5.66,training
CCCCCN1CC(=O)N[C@@H](COC(C)(C)C)C(=O)N(C)[C@@H](Cc2ccccc2)C(=O)N(C)[C@@H](CC(C)C)C(=O)N[C@H](C(=O)N2CCCCC2)CC(=O)N[C@H](CC(C)C)C(=O)N(C)[C@@H](Cc2ccccc2)C(=O)N[C@@H]([C@@H](C)CC)C(=O)N(C)[C@@H](CC)C(=O)N[C@@H]([C@@H](C)O)C(=O)N(C)CC1=O,-5.96,training
CC[C@H](C)[C@@H]1NC(=O)[C@H](CC(C)C)N(C)C(=O)CN(C)C(=O)C[C@@H](C(=O)N2CCCCC2)NC(=O)[C@H](CC(C)C)N(C)C(=O)[C@H](COC(C)(C)C)NC(=O)[C@H](CC)N(C)C(=O)[C@H](Cc2ccccc2)N(C)C(=O)CN(CCc2ccccc2)C(=O)[C@H]([C@@H](C)O)NC(=O)[C@H](CC)N(C)C1=O,-5.48,training
CC[C@H]1C(=O)N[C@@H]([C@@H](C)O)C(=O)N(C)CC(=O)N(C)[C@@H](Cc2ccccc2)C(=O)N(C)[C@@H](CC)C(=O)N[C@@H](COC(C)(C)C)C(=O)N(C)[C@@H](CC(C)C)C(=O)N[C@H](C(=O)N2CCCCC2)CC(=O)N(CCc2ccccc2)CC(=O)N(C)[C@@H](CC(C)C)C(=O)N[C@@H](CC(C)C)C(=O)N1C,-5.82,training
CCOCCN1CC(=O)N(C)[C@@H](CC(C)C)C(=O)N[C@@H](COC(C)(C)C)C(=O)N(C)[C@@H](Cc2ccccc2)C(=O)N(C)[C@@H](CC)C(=O)N[C@H](C(=O)N2CCCCC2)CC(=O)N[C@H](CC(C)C)C(=O)N(C)[C@@H](Cc2ccccc2)C(=O)N[C@@H](CC(C)C)C(=O)N(C)[C@@H](CC)C(=O)N[C@@H]([C@@H](C)O)C1=O,-5.51,training
CCOCCN1CC(=O)N(C)[C@@H](Cc2ccccc2)C(=O)N(C)[C@@H](CC(C)C)C(=O)N[C@@H](COC(C)(C)C)C(=O)N(C)[C@@H](CC(C)C)C(=O)N[C@H](C(=O)N2CCCCC2)CC(=O)N(C)CC(=O)N(C)[C@@H](Cc2ccccc2)C(=O)N[C@@H](C(C)C)C(=O)N(C)[C@@H](CC(C)C)C(=O)N[C@@H]([C@@H](C)O)C1=O,-5.82,training
CC[C@H]1C(=O)N[C@@H]([C@@H](C)O)C(=O)N(C)CC(=O)N(C)[C@@H](Cc2ccccc2)C(=O)N(C)[C@@H](CC)C(=O)N[C@@H](COC(C)(C)C)C(=O)N(C)[C@@H](CC(C)C)C(=O)N[C@H](C(=O)N2CCCCC2)CC(=O)N(CCOc2ccccc2)CC(=O)N(C)[C@@H](CC(C)C)C(=O)N[C@@H](CC(C)C)C(=O)N1C,-5.89,training
CC(C)CCOC[C@@H]1NC(=O)[C@H](CC(C)C)N(C)C(=O)CN(C)C(=O)[C@H]([C@@H](C)O)NC(=O)[C@H](CC(C)C)N(C)C(=O)[C@H](COCCC(C)(C)O)NC(=O)[C@H](Cc2ccccc2)N(C)C(=O)[C@@H](C(C)C)NC(=O)C[C@@H](C(=O)N2CCCCC2)NC(=O)[C@H](CC(C)C)N(C)C(=O)[C@H](Cc2ccccc2)N(C)C1=O,-4.85,training
CC(C)C[C@@H]1NC(=O)[C@H](CCc2ccccc2)N(C)C(=O)[C@@H](C(C)C)NC(=O)C[C@@H](C(=O)N2CCCCC2)NC(=O)[C@H](CC(C)C)N(C)C(=O)[C@H](Cc2ccccc2)N(C)C(=O)[C@H](COCCC(C)(C)O)NC(=O)[C@H](CC(C)C)N(C)C(=O)CN(C)C(=O)[C@H]([C@@H](C)O)NC(=O)[C@H](CC(C)C)N(C)C1=O,-6.0,training
CCCCN1CC(=O)N(C)[C@@H](CC(C)C)C(=O)N[C@@H](COC(C)(C)C)C(=O)N(C)[C@@H](Cc2ccccc2)C(=O)N(C)[C@@H](C(C)C)C(=O)N[C@H](C(=O)N2CCCCC2)CC(=O)N[C@H](CC(C)C)C(=O)N(C)[C@@H](Cc2ccccc2)C(=O)N[C@@H](CC(C)C)C(=O)N(C)[C@@H](CCN2CCOCC2)C(=O)N[C@@H]([C@@H](C)O)C1=O,-5.89,training
CC(C)C[C@H]1C(=O)N[C@H](C(=O)N2CCCCC2)CC(=O)N(C)CC(=O)N(C)[C@@H](Cc2ccccc2)C(=O)N[C@@H](C(C)C)C(=O)N(C)[C@@H](CC(C)C)C(=O)N[C@@H]([C@@H](C)O)C(=O)N(CCN2CCC(F)(F)CC2)CC(=O)N(C)[C@@H](Cc2ccccc2)C(=O)N(C)[C@@H](CC(C)C)C(=O)N[C@@H](COC(C)(C)C)C(=O)N1C,-5.96,training
CCCCN1CC(=O)N(C)[C@@H](Cc2ccccc2)C(=O)N(C)[C@@H](CC(C)C)C(=O)N[C@@H](COC(C)(C)C)C(=O)N(C)[C@@H](CC(C)C)C(=O)N[C@H](C(=O)N2CCCCC2)CC(=O)N(C)CC(=O)N(C)[C@@H](Cc2cccc(Cl)c2)C(=O)N[C@@H](COC[C@@H](C)O)C(=O)N(C)[C@@H](CC(C)C)C(=O)N[C@@H]([C@@H](C)O)C1=O,-6.0,training
CCCCN1CC(=O)N(C)[C@@H](Cc2ccccc2)C(=O)N(C)[C@@H](CC(C)C)C(=O)N[C@@H](COC(C)(C)C)C(=O)N(C)[C@@H](CC(C)C)C(=O)N[C@H](C(=O)N2CCCCC2)CC(=O)N(C)CC(=O)N(C)[C@@H](Cc2ccccc2)C(=O)N[C@@H](C(C)C)C(=O)N(C)[C@@H](CC(C)C)C(=O)N[C@@H](COC[C@@H](C)O)C1=O,-6.0,training
CC[C@H](C)[C@@H]1NC(=O)[C@H](CC(C)C)N(C)C(=O)[C@H](COC[C@@H](C)O)NC(=O)[C@H](Cc2ccccc2)N(C)C(=O)CN(C)C(=O)C[C@@H](C(=O)N2CCCCC2)NC(=O)[C@H](CC(C)C)N(C)C(=O)[C@H](COC(C)(C)C)NC(=O)[C@H](CC(C)C)N(C)C(=O)[C@H](Cc2ccccc2)N(C)C(=O)CN(C)C1=O,-5.48,training
CCCCN1CC(=O)N(C)[C@@H](Cc2ccccc2)C(=O)N(C)[C@@H](CC(C)C)C(=O)N[C@@H](COC(C)(C)C)C(=O)N(C)[C@@H](CC(C)C)C(=O)N[C@H](C(=O)N2CCCCC2)CC(=O)N(C)CC(=O)N(C)[C@@H](Cc2ccccc2)C(=O)N[C@@H](C(C)C)C(=O)N(C)[C@@H](CC(C)C)C(=O)N[C@@H](COCCO)C1=O,-5.96,training
CC[C@H](C)[C@@H]1NC(=O)[C@H](CC(C)C)N(C)C(=O)[C@H](CCCC(O)C(F)(F)F)NC(=O)[C@H](Cc2ccccc2)N(C)C(=O)CN(C)C(=O)C[C@@H](C(=O)N2CCCCC2)NC(=O)[C@H](CC(C)C)N(C)C(=O)[C@H](COC(C)(C)C)NC(=O)[C@H](CC(C)C)N(C)C(=O)[C@H](Cc2ccccc2)N(C)C(=O)CN(C)C1=O,-6.0,training
CC[C@H](C)[C@@H]1NC(=O)[C@H](CC(C)C)N(C)C(=O)[C@H](COCC(O)C(F)(F)F)NC(=O)[C@H](Cc2ccccc2)N(C)C(=O)CN(C)C(=O)C[C@@H](C(=O)N2CCCCC2)NC(=O)[C@H](CC(C)C)N(C)C(=O)[C@H](COC(C)(C)C)NC(=O)[C@H](CC(C)C)N(C)C(=O)[C@H](Cc2ccccc2)N(C)C(=O)CN(C)C1=O,-5.39,training
CCCN1CC(=O)N(C)[C@@H](Cc2ccccc2)C(=O)N(C)[C@@H](CC(C)C)C(=O)N[C@@H](COCC(C)(C)O)C(=O)N(C)[C@@H](CC(C)C)C(=O)N[C@H](C(=O)N2CCCCC2)CC(=O)N(C)CC(=O)N(C)[C@@H](Cc2ccccc2)C(=O)N[C@@H]([C@@H](C)CC)C(=O)N(C)[C@@H](CC(C)C)C(=O)N[C@@H]([C@@H](C)O)C1=O,-6.12,training
CCCN1CC(=O)N(C)[C@@H](CC(C)C)C(=O)N[C@@H](COCCC(C)C)C(=O)N(C)[C@@H](Cc2ccccc2)C(=O)N(C)[C@@H](C(C)C)C(=O)N[C@H](C(=O)N2CCCCC2)CC(=O)N[C@H](C(C)C)C(=O)N(C)[C@@H](Cc2ccccc2)C(=O)N[C@@H](C(C)(C)O)C(=O)N(C)[C@@H](CC(C)C)C(=O)N[C@@H]([C@@H](C)O)C1=O,-5.92,training
CCCN1CC(=O)N(C)[C@@H](Cc2cccc(Cl)c2)C(=O)N(C)[C@@H](CC(C)C)C(=O)N[C@@H](COC(C)(C)C)C(=O)N(C)[C@@H](CC(C)C)C(=O)N[C@H](C(=O)N2CCCCC2)CC(=O)N(C)CC(=O)N(C)[C@@H](Cc2ccccc2)C(=O)N[C@@H](C(C)(C)O)C(=O)N(C)[C@@H](CC(C)C)C(=O)N[C@@H]([C@@H](C)O)C1=O,-5.96,training
CC(C)CCN1CC(=O)N(C)[C@@H](Cc2ccccc2)C(=O)N(C)[C@@H](CC(C)C)C(=O)N[C@@H](COC(C)(C)C)C(=O)N(C)[C@@H](C(C)C)C(=O)N[C@H](C(=O)N2CCCCC2)CC(=O)N(C)CC(=O)N(C)[C@@H](Cc2ccccc2)C(=O)N[C@@H](CCCCN(C)C)C(=O)N(C)[C@@H](CC(C)C)C(=O)N[C@@H]([C@@H](C)O)C1=O,-6.96,training
CCCCN1CC(=O)N(C)[C@@H](Cc2ccccc2)C(=O)N(C)[C@@H](CC(C)C)C(=O)N[C@@H](COC(C)(C)C)C(=O)N(C)[C@@H](CC(C)C)C(=O)N[C@H](C(=O)N2CCCCC2)CC(=O)N(C)CC(=O)N(C)[C@@H](Cc2cccc(Cl)c2)C(=O)N[C@@H]([C@@H](C)O)C(=O)N(C)[C@@H](CC(C)C)C(=O)N[C@@H]([C@@H](C)O)C1=O,-6.39,training
CC[C@H]1C(=O)N[C@@H](COC(C)(C)C)C(=O)N(C)[C@@H](Cc2ccccc2)C(=O)N[C@H](C(=O)N2CCCCC2)CC(=O)N(CCC(C)C)CC(=O)N(C)[C@@H](Cc2ccccc2)C(=O)N(C)[C@@H](CC(C)C)C(=O)N[C@@H]([C@@H](C)O)C(=O)N(C)[C@@H](CC(C)C)C(=O)N1C,-5.96,training
CCCN1CC(=O)N(C)[C@@H](CC(C)C)C(=O)N[C@@H](COCCC(C)C)C(=O)N(C)[C@@H](Cc2ccccc2)C(=O)N(C)[C@@H](C(C)C)C(=O)N[C@H](C(=O)N2CCCCC2)CC(=O)N[C@H](C(C)C)C(=O)N(C)[C@@H](Cc2ccccc2)C(=O)N[C@@H](COCC(C)(C)O)C(=O)N(C)[C@@H](CC(C)C)C(=O)N[C@@H]([C@@H](C)O)C1=O,-5.84,training
CCCN1CC(=O)N(C)[C@@H](Cc2cccc(Cl)c2)C(=O)N(C)[C@@H](CC(C)C)C(=O)N[C@@H](COC(C)(C)C)C(=O)N(C)[C@@H](CC(C)C)C(=O)N[C@H](C(=O)N2CCCCC2)CC(=O)N(C)CC(=O)N(C)[C@@H](Cc2ccccc2)C(=O)N[C@@H](COCC(C)(C)O)C(=O)N(C)[C@@H](CC(C)C)C(=O)N[C@@H]([C@@H](C)O)C1=O,-5.87,training
CCCN1CC(=O)N(C)[C@@H](CC(C)C)C(=O)N[C@@H](COCC(C)(C)O)C(=O)N(C)[C@@H](Cc2ccccc2)C(=O)N(C)[C@@H](CC(C)C)C(=O)N[C@H](C(=O)N2CCCCC2)CC(=O)N[C@H](C(C)C)C(=O)N(C)[C@@H](Cc2ccccc2)C(=O)N[C@@H](CC(C)C)C(=O)N(C)[C@@H](CC(C)C)C(=O)N[C@@H]([C@@H](C)O)C1=O,-5.8,training
CC(C)CCOC[C@@H]1NC(=O)[C@H](CC(C)C)N(C)C(=O)[C@H](Cc2ccccc2)N(C)C(=O)CN(C)C(=O)[C@H]([C@@H](C)O)NC(=O)[C@H](CC(C)C)N(C)C(=O)[C@H](CCCCC(F)F)NC(=O)[C@H](Cc2ccccc2)N(C)C(=O)CN(C)C(=O)C[C@@H](C(=O)N2CCCCC2)NC(=O)[C@H](CC(C)C)N(C)C1=O,-5.74,training
CCCCN1CC(=O)N(C)[C@@H](Cc2ccccc2)C(=O)N(C)[C@@H](CC(C)C)C(=O)N[C@@H](C(C)C)C(=O)N(C)[C@@H](CC(C)C)C(=O)N[C@H](C(=O)N2CCCCC2)CC(=O)N(C)CC(=O)N(C)[C@@H](CC(C)C)C(=O)N[C@@H](COCCN2CCOCC2)C(=O)N(C)[C@@H](CC(C)C)C(=O)N[C@@H]([C@@H](C)O)C1=O,-5.74,training
CC(C)C[C@H]1C(=O)N[C@@H](COC(C)(C)C)C(=O)N(C)[C@@H](Cc2ccccc2)C(=O)N(C)[C@@H](CC(C)C)C(=O)N[C@H](C(=O)N2CCCCC2)CC(=O)N[C@H](C(C)C)C(=O)N(C)[C@@H](Cc2ccccc2)C(=O)N[C@@H](COC[C@@H](C)O)C(=O)N(C)[C@@H](CC(C)C)C(=O)N[C@@H](C(C)C)C(=O)N(C)CC(=O)N1C,-5.6,training
CC(C)C[C@@H]1NC(=O)[C@H](Cc2ccccc2)N(C)C(=O)[C@@H](C(C)C)NC(=O)C[C@@H](C(=O)N2CCCCC2)NC(=O)[C@H](CC(C)C)N(C)C(=O)[C@H](Cc2cccc(Cl)c2)N(C)C(=O)[C@H](COCC(C)(C)O)NC(=O)[C@H](CC(C)C)N(C)C(=O)CN(C)C(=O)[C@H]([C@@H](C)O)NC(=O)[C@H](CC(C)C)N(C)C1=O,-5.87,training
CC(C)C[C@@H]1NC(=O)[C@H](CC(C)C)N(C)C(=O)CCCN(C)C(=O)C[C@@H](C(=O)N2CCCCC2)NC(=O)[C@H](CC(C)C)N(C)C(=O)[C@H](CC(C)C)N(C)C(=O)[C@H]([C@@H](C)O)NC(=O)[C@H](CC(C)C)N(C)C(=O)[C@H](COCCN(C)C)NC(=O)[C@H](Cc2ccccc2)N(C)C(=O)[C@H](Cc2ccccc2)N(C)C1=O,-7.14,training
CC(C)C[C@@H]1NC(=O)[C@H](Cc2ccccc2)N(C)C(=O)[C@H](Cc2ccccc2)N(C)C(=O)[C@H](COCCN(C)C)NC(=O)[C@H](CC(C)C)N(C)C(=O)CCCN(C)C(=O)C[C@@H](C(=O)N2CCCCC2)NC(=O)[C@H](CC(C)C)N(C)C(=O)[C@H](CC(C)C)N(C)C(=O)[C@H]([C@@H](C)O)NC(=O)[C@H](CC(C)C)N(C)C1=O,-7.0,training
CC[C@H](C)[C@@H]1NC(=O)[C@H](C(C)C)N(C)C(=O)CCCN(C)C(=O)C[C@@H](C(=O)N2CCCCC2)NC(=O)[C@H](CC(C)C)N(C)C(=O)[C@H](CC(C)C)N(C)C(=O)[C@H]([C@@H](C)O)NC(=O)[C@H](CC(C)C)N(C)C(=O)[C@H](COCCC(C)(C)O)NC(=O)[C@H](Cc2cccc(Cl)c2)N(C)C(=O)[C@H](Cc2ccccc2)N(C)C1=O,-5.85,training
CC(C)CCOC[C@@H]1NC(=O)[C@H](Cc2ccccc2)N(C)C(=O)[C@H](Cc2ccccc2)N(C)C(=O)[C@H](COCC(C)(C)O)NC(=O)[C@H](CC(C)C)N(C)C(=O)CCCN(C)C(=O)C[C@@H](C(=O)N2CCCCC2)NC(=O)[C@H](CC(C)C)N(C)C(=O)[C@H](CC(C)C)N(C)C(=O)[C@H]([C@@H](C)O)NC(=O)[C@H](CC(C)C)N(C)C1=O,-6.32,training
CC[C@H](C)[C@@H]1NC(=O)[C@H](CC(C)C)N(C)C(=O)CCCN(C)C(=O)C[C@@H](C(=O)N2CCCCC2)NC(=O)[C@H](CC(C)C)N(C)C(=O)[C@H](CC(C)C)N(C)C(=O)[C@H]([C@@H](C)O)NC(=O)[C@H](CC(C)C)N(C)C(=O)[C@H](COCC(C)(C)O)NC(=O)[C@H](Cc2cccc(Cl)c2)N(C)C(=O)[C@H](Cc2ccccc2)N(C)C1=O,-6.28,training
CC(C)CCOC[C@@H]1NC(=O)[C@H](Cc2ccccc2)N(C)C(=O)[C@H](Cc2ccccc2)N(C)C(=O)[C@H](C(C)(C)O)NC(=O)[C@H](CC(C)C)N(C)C(=O)CCCN(C)C(=O)C[C@@H](C(=O)N2CCCCC2)NC(=O)[C@H](CC(C)C)N(C)C(=O)[C@H](CC(C)C)N(C)C(=O)[C@H]([C@@H](C)O)NC(=O)[C@H](CC(C)C)N(C)C1=O,-6.11,training
CC[C@H](C)[C@@H]1NC(=O)[C@H](CC(C)C)N(C)C(=O)CCCN(C)C(=O)C[C@@H](C(=O)N2CCCCC2)NC(=O)[C@H](CC(C)C)N(C)C(=O)[C@H](C)N(C)C(=O)[C@H](Cc2c[nH]c3ccccc23)NC(=O)[C@H](CC(C)C)N(C)C(=O)[C@H](COC(C)(C)C)NC(=O)[C@H](CC(C)C)N(C)C(=O)[C@H](CC(C)C)N(C)C1=O,-6.54,training
CC[C@H](C)[C@@H]1NC(=O)[C@H](CC(C)C)N(C)C(=O)CCCN(C)C(=O)C[C@@H](C(=O)N2CCCCC2)NC(=O)[C@H](CC(C)C)N(C)C(=O)[C@H](CC(C)C)N(C)C(=O)[C@H]([C@@H](C)O)NC(=O)[C@H](CC(C)C)N(C)C(=O)[C@H](COC(C)(C)C)NC(=O)[C@H](Cc2c[nH]c3ccccc23)N(C)C(=O)[C@H](Cc2ccccc2)N(C)C1=O,-6.77,training
CC(C)C[C@H]1C(=O)N[C@H](C(=O)N2CCCCC2)CC(=O)N(C)CCCC(=O)N(C)[C@@H](CC(C)C)C(=O)N[C@@H](Cc2ccc(O)c(F)c2)C(=O)N(C)[C@@H](CC(C)C)C(=O)N(C)[C@@H](Cc2ccccc2)C(=O)N[C@@H](COC(C)(C)C)C(=O)N(C)[C@@H](CC(C)C)C(=O)N[C@@H]([C@@H](C)O)C(=O)N(C)CC(=O)N1C,-6.77,training
CC[C@H](C)[C@@H]1NC(=O)[C@H](C(C)C)N(C)C(=O)CCCN(C)C(=O)C[C@@H](C(=O)N2CCCCC2)NC(=O)[C@H](CC(C)C)N(C)C(=O)[C@H](C)N(C)C(=O)[C@H](Cc2ccc(O)cc2)NC(=O)[C@H](CC(C)C)N(C)C(=O)[C@H](COC(C)(C)C)NC(=O)[C@H](Cc2ccccc2)N(C)C(=O)[C@H](CC(C)C)N(C)C1=O,-6.35,training
CC[C@H](C)[C@@H]1NC(=O)[C@H](CC(C)C)N(C)C(=O)CCCN(C)C(=O)C[C@@H](C(=O)N2CCCCC2)NC(=O)[C@H](CC(C)C)N(C)C(=O)[C@H](C)N(C)C(=O)[C@H](Cc2ccc(O)cc2)NC(=O)[C@H](CC(C)C)N(C)C(=O)[C@H](COC(C)(C)C)NC(=O)[C@H](CC(C)C)N(C)C(=O)[C@H](Cc2ccccc2)N(C)C1=O,-6.8,training
CC[C@H](C)[C@@H]1NC(=O)[C@H](CC(C)C)N(C)C(=O)CCCN(C)C(=O)C[C@@H](C(=O)N2CCCCC2)NC(=O)[C@H](CC(C)C)N(C)C(=O)[C@H](C)N(C)C(=O)[C@H](Cc2ccncc2)NC(=O)[C@H](CC(C)C)N(C)C(=O)[C@H](COC(C)(C)C)NC(=O)[C@H](Cc2cccc(Cl)c2)N(C)C(=O)[C@H](CC(C)C)N(C)C1=O,-5.8,training
CC(C)CCOC[C@@H]1NC(=O)[C@H](CC(C)C)N(C)C(=O)CCCN(C)C(=O)C[C@@H](C(=O)N2CCCCC2)NC(=O)[C@H](CC(C)C)N(C)C(=O)[C@H](C)N(C)C(=O)[C@H]([C@@H](C)O)NC(=O)[C@H](CC(C)C)N(C)C(=O)[C@H](COC(C)(C)C)NC(=O)[C@H](Cc2ccccc2)N(C)C(=O)[C@H](Cc2ccccc2)N(C)C1=O,-6.0,training
CC(C)C[C@@H]1NC(=O)[C@H](Cc2ccccc2)N(C)C(=O)[C@H](C)N(C)C(=O)C[C@@H](C(=O)N2CCCCC2)NC(=O)[C@H](CC(C)C)N(C)C(=O)[C@H](CC(C)C)N(C)C(=O)[C@H](COC(C)(C)C)NC(=O)[C@H](CC(C)C)N(C)C(=O)[C@H](C)N(C)C(=O)[C@H](CCC(=O)N(C)C)NC(=O)[C@H](CC(C)C)N(C)C1=O,-5.4,training
CC(C)C[C@H]1C(=O)N[C@@H](C(C)C)C(=O)N(C)[C@@H](Cc2ccccc2)C(=O)N(C)[C@@H](Cc2ccccc2)C(=O)N[C@@H](COC(C)(C)C)C(=O)N(C)[C@@H](CC(C)C)C(=O)N[C@@H](CCCCO)C(=O)N(C)[C@@H](CC(C)C)C(=O)N(C)[C@@H](CC(C)C)C(=O)N[C@H](C(=O)N2CCCCC2)CC(=O)N(C)CCCC(=O)N1C,-5.89,training
CC(C)C[C@H]1C(=O)N[C@@H](CCCCO)C(=O)N(C)[C@@H](CC(C)C)C(=O)N(C)[C@@H](CC(C)C)C(=O)N[C@H](C(=O)N2CCCCC2)CC(=O)N(C)CCCC(=O)N(C)[C@@H](C(C)C)C(=O)N[C@@H](C(C)C)C(=O)N(C)[C@@H](Cc2ccccc2)C(=O)N(C)[C@@H](Cc2ccccc2)C(=O)N[C@@H](COC(C)(C)C)C(=O)N1C,-5.96,training
CC(C)C[C@H]1C(=O)N[C@@H](Cc2ccc(OC(F)F)cc2)C(=O)N(C)[C@@H](CC(C)C)C(=O)N(C)[C@@H](Cc2ccccc2)C(=O)N[C@@H](COC(C)(C)C)C(=O)N(C)[C@@H](CC(C)C)C(=O)N[C@@H]([C@@H](C)O)C(=O)N(C)[C@@H](C)C(=O)N(C)[C@@H](CC(C)C)C(=O)N[C@H](C(=O)N2CCCCC2)CC(=O)N(C)CCCC(=O)N1C,-5.89,training
CC[C@H](C)[C@@H]1NC(=O)[C@H](CC(C)C)N(C)C(=O)CCCN(C)C(=O)C[C@@H](C(=O)N2CCCCC2)NC(=O)[C@H](CC(C)C)N(C)C(=O)[C@H](CC(C)C)N(C)C(=O)[C@H](COCCN2CCOCC2)NC(=O)[C@H](CC(C)C)N(C)C(=O)[C@H](COC(C)(C)C)NC(=O)[C@H](CC)N(C)C(=O)[C@H](Cc2ccccc2)N(C)C1=O,-5.92,training
CC(C)C[C@H]1C(=O)N[C@@H](C(C)C)C(=O)N(C)[C@@H](Cc2ccccc2)C(=O)N(C)[C@@H](Cc2ccccc2)C(=O)N[C@@H](COC(C)(C)C)C(=O)N(C)[C@@H](CC(C)C)C(=O)N[C@@H](COC[C@@H](C)O)C(=O)N(C)[C@@H](CC(C)C)C(=O)N(C)[C@@H](CC(C)C)C(=O)N[C@H](C(=O)N2CCCCC2)CC(=O)N(C)CCCC(=O)N1C,-5.89,training
CC(C)C[C@H]1C(=O)N[C@@H](C(C)C)C(=O)N(C)[C@@H](Cc2ccccc2)C(=O)N(C)[C@@H](Cc2ccccc2)C(=O)N[C@@H](COC(C)(C)C)C(=O)N(C)[C@@H](CC(C)C)C(=O)N[C@@H](COCCO)C(=O)N(C)[C@@H](CC(C)C)C(=O)N(C)[C@@H](CC(C)C)C(=O)N[C@H](C(=O)N2CCCCC2)CC(=O)N(C)CCCC(=O)N1C,-5.96,training
CC(C)C[C@H]1C(=O)N(C)[C@@H](Cc2ccccc2)C(=O)NCC(=O)N[C@H](C(=O)N2CCCCC2)CC(=O)N(C)CCC(=O)N[C@@H]([C@@H](C)O)C(=O)N(C)[C@@H](C)C(=O)N[C@@H](COC(C)(C)C)C(=O)N(C)[C@@H](Cc2ccccc2)C(=O)N1C,-7.12,training
CC(C)C[C@H]1C(=O)N(C)[C@@H](Cc2ccccc2)C(=O)NCC(=O)N[C@H](C(=O)N2CCCCC2)CC(=O)N(C)CCCC(=O)N[C@@H]([C@@H](C)O)C(=O)N(C)[C@@H](C)C(=O)N(C)[C@@H](Cc2ccccc2)C(=O)N[C@@H](COC(C)(C)C)C(=O)N1C,-7.24,training
CC(C)C[C@H]1C(=O)N(C)[C@@H](C(C)C)C(=O)N[C@@H](Cc2ccccc2)C(=O)N[C@H](C(=O)N2CCCCC2)CC(=O)N(C)CCCC(=O)N[C@@H](COC(C)(C)C)C(=O)N(C)[C@@H](CC(C)C)C(=O)N(C)[C@@H](Cc2ccccc2)C(=O)N[C@@H]([C@@H](C)O)C(=O)NCC(=O)N1C,-6.8,training
CC(C)C[C@H]1C(=O)N(C)[C@@H](Cc2ccccc2)C(=O)NCC(=O)N[C@H](C(=O)N2CCCCC2)CC(=O)N(C)CC(=O)N[C@@H]([C@@H](C)O)C(=O)N(C)[C@@H](C)C(=O)N[C@@H](COC(C)(C)C)C(=O)N(C)[C@@H](Cc2ccccc2)C(=O)N1C,-7.41,training
CC(C)C[C@@H]1NC(=O)[C@H](Cc2ccccc2)N(C)C(=O)CNC(=O)[C@H](Cc2ccccc2)NC(=O)[C@H]([C@@H](C)O)NC(=O)[C@H](CC(C)C)N(C)C(=O)CCN(C)C(=O)C[C@@H](C(=O)N2CCCCC2)NC(=O)[C@H](COC(C)(C)C)NC(=O)[C@H](CC(C)C)N(C)C1=O,-7.39,training
CC(C)C[C@H]1C(=O)N[C@@H](Cc2ccccc2)C(=O)N[C@@H](COC(C)(C)C)C(=O)N(C)[C@@H](CC(C)C)C(=O)N(C)[C@@H](CC(C)C)C(=O)N[C@@H]([C@@H](C)O)C(=O)N[C@H](C(=O)N2CCCCC2)CC(=O)N(C)CCC(=O)N(C)[C@@H](Cc2ccccc2)C(=O)NCC(=O)N1C,-7.01,training
CC(C)C[C@H]1C(=O)NCC(=O)N[C@H](C(=O)N2CCCCC2)CC(=O)N(C)CCC(=O)N[C@@H]([C@@H](C)O)C(=O)N(C)[C@@H](C)C(=O)N[C@@H](COC(C)(C)C)C(=O)N(C)[C@@H](Cc2ccccc2)C(=O)N1C,-7.07,training
CC(C)C[C@H]1C(=O)NCC(=O)N[C@H](C(=O)N2CCCCC2)CC(=O)NC(C)(C)C(=O)N[C@@H]([C@@H](C)O)C(=O)N(C)[C@@H](C)C(=O)N(C)[C@@H](Cc2ccccc2)C(=O)N(C)[C@@H](Cc2ccccc2)C(=O)N[C@@H](COC(C)(C)C)C(=O)N1C,-6.43,training
CC(C)C[C@H]1C(=O)N[C@@H]([C@@H](C)O)C(=O)N(C)[C@@H](C)C(=O)N(C)[C@@H](CC(C)C)C(=O)N[C@H](C(=O)N2CCCCC2)CC(=O)N(C)CCCC(=O)N(C)[C@@H](C)C(=O)N[C@@H](COc2cccc(Cl)c2)C(=O)N(C)[C@@H](Cc2ccccc2)C(=O)N(C)[C@@H](Cc2ccccc2)C(=O)N[C@@H](COC(C)(C)C)C(=O)N1C,-6.51,training
CC(C)C[C@H]1C(=O)N[C@@H](CCCCN(C)C)C(=O)N(C)[C@@H](Cc2ccccc2)C(=O)N(C)[C@@H](Cc2ccccc2)C(=O)N[C@@H](COC(C)(C)C)C(=O)N(C)[C@@H](CC(C)C)C(=O)N[C@@H]([C@@H](C)O)C(=O)N(C)[C@@H](CC(C)C)C(=O)N(C)[C@@H](CC(C)C)C(=O)N[C@H](C(=O)N2CCCCC2)CC(=O)N(C)CCCC(=O)N1C,-7.29,training
CC(C)C[C@H]1C(=O)N[C@@H]([C@@H](C)O)C(=O)N(C)[C@@H](Cc2ccccc2)C(=O)N(C)[C@@H](Cc2cccc(Cl)c2)C(=O)N[C@@H](COC(C)(C)C)C(=O)N(C)[C@@H](CC(C)C)C(=O)N[C@@H]([C@@H](C)O)C(=O)N(C)[C@@H](CC(C)C)C(=O)N(C)[C@@H](CC(C)C)C(=O)N[C@H](C(=O)N2CCCCC2)CC(=O)N(C)CCCC(=O)N1C,-6.43,training
CCCN1CC(=O)N[C@@H]([C@@H](C)O)C(=O)N[C@H](C(=O)N2CCCCC2)CC(=O)N(C)[C@@H](CC(C)C)C(=O)N[C@@H](Cc2ccc(C(F)(F)F)cc2)C(=O)N(C)[C@@H](CC(C)C)C(=O)N(C)[C@@H](CC(C)C)C(=O)N[C@@H](COC(C)(C)C)C1=O,-5.72,training
CCCN1CC(=O)N(C)[C@@H](CC(C)C)C(=O)N[C@@H](COC(C)(C)C)C(=O)N[C@H](C(=O)N2CCCCC2)CC(=O)N(C)[C@@H](CC(C)C)C(=O)N[C@@H](Cc2ccc(C(F)(F)F)cc2)C(=O)N(C)[C@@H](CC(C)C)C(=O)N(C)[C@@H]([C@@H](C)CC)C(=O)N[C@@H]([C@@H](C)O)C1=O,-5.92,training
CCCCN1CC(=O)N(C)[C@@H](C)C(=O)N[C@@H](COC(C)(C)C)C(=O)N(C)[C@@H](CC(C)C)C(=O)N(CCOc2ccccc2)CC(=O)N[C@H](C(=O)N2CCCCC2)CC(=O)N[C@H](CC(C)C)C(=O)N(C)[C@@H](Cc2ccccc2)C(=O)N[C@@H](CC(C)C)C(=O)N(C)[C@@H](CC)C(=O)N[C@@H]([C@@H](C)O)C1=O,-6.0,training
CCCCN1CC(=O)N(C)[C@@H](CC(C)C)C(=O)N[C@@H](COC(C)(C)C)C(=O)N(C)[C@@H](Cc2ccccc2)C(=O)N(C)[C@@H](C(C)C)C(=O)N[C@H](C(=O)N2CCCCC2)CC(=O)N[C@H](C(C)C)C(=O)N(C)[C@@H](Cc2ccccc2)C(=O)N[C@@H](CCC(=O)NS(C)(=O)=O)C(=O)N(C)[C@@H](CC(C)C)C(=O)N[C@@H](CC(C)C)C1=O,-7.22,training
CC(C)C[C@@H]1NC(=O)[C@H](Cc2c[nH]c3ccccc23)N(C)C(=O)[C@@H](C(C)C)NC(=O)C[C@@H](C(=O)N2CCCCC2)NC(=O)[C@H](CC(C)C)N(C)C(=O)[C@H](CC(C)C)N(C)C(=O)[C@H](COC(C)(C)C)NC(=O)[C@H](CC(C)C)N(C)C(=O)CN(C)C(=O)[C@H]([C@@H](C)O)NC(=O)[C@H](CC(C)C)N(C)C1=O,-6.44,training
CC[C@H](C)[C@@H]1NC(=O)[C@H](CC(C)C)N(C)C(=O)[C@@H](C)NC(=O)C[C@@H](C(=O)N2CCCCC2)NC(=O)[C@H](C(C)C)N(C)C(=O)[C@H](CC(C)C)N(C)C(=O)[C@H](COC(C)(C)C)NC(=O)[C@H](CC(C)C)N(C)C(=O)CN(C)C(=O)[C@H](Cc2c[nH]c3ccccc23)NC(=O)[C@H](CC(C)C)N(C)C1=O,-6.06,training
CC[C@@H]1NC(=O)[C@H](C(C)C)N(C)C(=O)[C@@H](C(C)C)NC(=O)C[C@@H](C(=O)N2CCCCC2)NC(=O)[C@H](CC(C)C)N(C)C(=O)[C@H](Cc2cccc(Cl)c2)N(C)C(=O)[C@H](COC(C)(C)C)NC(=O)[C@H](CC(C)C)N(C)C(=O)CN(C)C(=O)[C@H](Cc2cccnc2)NC(=O)[C@H](CC(C)C)N(C)C1=O,-5.8,training
CCCCN1CC(=O)N(C)[C@@H](CC(C)C)C(=O)N[C@@H](COC(C)(C)C)C(=O)N(C)[C@@H](Cc2ccccc2)C(=O)N(C)[C@@H](C(C)C)C(=O)N[C@H](C(=O)N2CCCCC2)CC(=O)N[C@H](C)C(=O)N(C)[C@@H](Cc2ccccc2)C(=O)N[C@@H](CC(C)C)C(=O)N(C)[C@@H](CCC2CCCC(F)(F)C2)C(=O)N[C@@H]([C@@H](C)O)C1=O,-5.64,training
CC(C)CCN1CC(=O)N(C)[C@@H](CC(C)C)C(=O)N[C@@H](COC(C)(C)C)C(=O)N(C)[C@@H](Cc2ccccc2)C(=O)N(C)[C@@H](C(C)C)C(=O)N[C@H](C(=O)N2CCCCC2)CC(=O)N[C@H](C)C(=O)N(C)[C@@H](CC(C)C)C(=O)N[C@@H](Cc2ccc(N(C)C)nc2)C(=O)N(C)[C@@H](CC(C)C)C(=O)N[C@@H]([C@@H](C)O)C1=O,-5.82,training
CC(C)C[C@@H]1NC(=O)[C@H](Cc2ccccc2)N(C)C(=O)[C@@H](CC(C)C)NC(=O)C[C@@H](C(=O)N2CCCCC2)NC(=O)[C@H](CC(C)C)N(C)C(=O)[C@H](Cc2ccccc2)N(C)C(=O)[C@H](COC(C)(C)C)NC(=O)[C@H](CC(C)C)N(C)C(=O)CN(C)C(=O)[C@H](CCC(=O)N(C)C)NC(=O)[C@H](CC(C)C)N(C)C1=O,-5.77,training
CNC(=O)CC[C@@H]1NC(=O)[C@H](CC(C)C)N(C)C(=O)[C@H](CC(C)C)NC(=O)[C@H](Cc2ccccc2)N(C)C(=O)[C@@H](CC(C)C)NC(=O)C[C@@H](C(=O)N2CCCCC2)NC(=O)[C@H](CC(C)C)N(C)C(=O)[C@H](Cc2ccccc2)N(C)C(=O)[C@H](COC(C)(C)C)NC(=O)[C@H](CC(C)C)N(C)C(=O)CN(C)C1=O,-5.96,training
CCCCN1CC(=O)N(C)[C@@H](CC(C)C)C(=O)N[C@@H](COC(C)(C)C)C(=O)N(C)[C@@H](Cc2ccccc2)C(=O)N(C)[C@@H](C(C)C)C(=O)N[C@H](C(=O)N2CCCCC2)CC(=O)N[C@H](C)C(=O)N(C)[C@@H](Cc2cccc(Cl)c2)C(=O)N[C@@H](CCCCN(C)C)C(=O)N(C)[C@@H](CC(C)C)C(=O)N[C@@H]([C@@H](C)O)C1=O,-7.33,training
CC[C@H](C)[C@@H]1NC(=O)[C@H](CC(C)C)N(C)C(=O)CN(C)C(=O)C[C@@H](C(=O)N2CCCCC2)NC(=O)[C@H](C)N(C)C(=O)[C@H](COC(C)(C)C)NC(=O)[C@H](CC(C)C)N(C)C(=O)[C@H](CC(C)C)N(C)C(=O)CN(C)C(=O)[C@H](Cc2c[nH]c3ccccc23)NC(=O)[C@H](CC(C)C)N(C)C1=O,-7.03,training
CCCCN1CC(=O)N(C)[C@@H](Cc2ccccc2)C(=O)N(C)[C@@H](CC(C)C)C(=O)N[C@@H](COC(C)(C)C)C(=O)N(C)[C@@H](CC(C)C)C(=O)N[C@H](C)CC(=O)N(C)CC(=O)N(C)[C@@H](Cc2ccccc2)C(=O)N[C@@H]([C@@H](C)CC)C(=O)N(C)[C@@H](C)C(=O)N[C@@H]([C@@H](C)O)C1=O,-5.28,training
CCCCN1CC(=O)N(C)[C@@H](CC(C)C)C(=O)N[C@@H](COC(C)(C)C)C(=O)N(C)[C@@H](Cc2cccc(Cl)c2)C(=O)N(C)[C@@H](CC(C)C)C(=O)N[C@H](C(=O)N2CCCCC2)CC(=O)N[C@H](CC(C)C)C(=O)N(C)[C@@H](Cc2c[nH]cn2)C(=O)N[C@@H](CC(C)C)C(=O)N(C)[C@@H](CC(C)C)C(=O)N[C@@H]([C@@H](C)O)C1=O,-7.52,training
CCCCN1CC(=O)N(C)[C@@H](Cc2cccc(Cl)c2)C(=O)N(C)[C@@H](CC(C)C)C(=O)N[C@@H](COC(C)(C)C)C(=O)N(C)[C@@H](CC(C)C)C(=O)N[C@H](C(=O)N2CCCCC2)CC(=O)N(C)CC(=O)N(C)[C@@H](Cc2c[nH]cn2)C(=O)N[C@@H](CC(C)C)C(=O)N(C)[C@@H](CC(C)C)C(=O)N[C@@H]([C@@H](C)O)C1=O,-7.7,training
CCCCN1CC(=O)N(C)[C@@H](Cc2cccc(Cl)c2)C(=O)N[C@@H](C(C)C)C(=O)N(C)[C@@H](CC(C)C)C(=O)N[C@@H]([C@@H](C)O)C(=O)N(CCCC)CC(=O)N(C)[C@@H](Cc2c[nH]cn2)C(=O)N(C)[C@@H](CC(C)C)C(=O)N[C@@H](COC(C)(C)C)C(=O)N(C)[C@@H](CC(C)C)C(=O)N[C@H](C(=O)N2CCCCC2)CC1=O,-6.74,training
CCCCN1CC(=O)N(C)[C@@H](CC(C)C)C(=O)N[C@@H](COC(C)(C)C)C(=O)N(C)[C@@H](CC(C)C)C(=O)N(C)[C@@H](CC(C)C)C(=O)N[C@H](C(=O)N2CCCCC2)CC(=O)N[C@H](CC(C)C)C(=O)N(C)[C@@H](Cc2cccc(Cl)c2)C(=O)N[C@@H](CCc2nn[nH]n2)C(=O)N(C)[C@@H](CC(C)C)C(=O)N[C@@H]([C@@H](C)O)C1=O,-7.05,training
CCO[C@@H]1C[C@H]2C(=O)N3CCCC[C@@H]3C(=O)N[C@@H](COC(C)(C)C)C(=O)N(C)[C@@H](CC(C)C)C(=O)N[C@@H]([C@@H](C)O)C(=O)N(C)[C@@H](CC(C)C)C(=O)N(C)[C@@H](CC(C)C)C(=O)N(C)[C@@H](CC(C)C)C(=O)N[C@H](C(=O)N3CCCCC3)CC(=O)N[C@H](C(C)C)C(=O)N(C)[C@@H]([C@@H](C)CC)C(=O)N2C1,-5.55,training
CCO[C@@H]1C[C@H]2C(=O)N(C)[C@@H](CC(C)C)C(=O)N[C@@H](COC(C)(C)C)C(=O)N3CCC[C@H]3C(=O)N[C@@H]([C@@H](C)O)C(=O)N(C)[C@@H](CC(C)C)C(=O)N(C)[C@@H](CC(C)C)C(=O)N(C)[C@@H](CC(C)C)C(=O)N[C@H](C(=O)N3CCCCC3)CC(=O)N[C@H](CC(C)C)C(=O)N(C)[C@@H]([C@@H](C)CC)C(=O)N2C1,-5.48,training
CCO[C@@H]1C[C@H]2C(=O)N[C@@H]([C@@H](C)O)C(=O)N(C)[C@@H](CC(C)C)C(=O)N(C)[C@@H](CC(C)C)C(=O)N(C)[C@@H](CC(C)C)C(=O)N[C@H](C(=O)N3CCCCC3)CC(=O)N[C@H](CC(C)C)C(=O)N(C)[C@@H]([C@@H](C)CC)C(=O)N3CCC[C@H]3C(=O)N(C)[C@@H](CC(C)C)C(=O)N[C@@H](COC(C)(C)C)C(=O)N2C1,-5.47,training
CC[C@H](C)[C@H]1C(=O)N(C)[C@@H](C)C(=O)N(C)[C@@H](CC(C)C)C(=O)N[C@@H](COC(C)(C)C)C(=O)N2CCCC[C@H]2C(=O)N[C@@H]([C@@H](C)O)C(=O)N(C)[C@@H](C)C(=O)N(C)[C@@H](CC(C)C)C(=O)N(C)[C@@H](CC(C)C)C(=O)N[C@H](C(=O)N2CCCCC2)CC(=O)N[C@H](C(C)C)C(=O)N1C,-6.17,training
CC[C@H](C)[C@H]1C(=O)N2CCC[C@H]2C(=O)N(C)[C@@H](CC(C)C)C(=O)N[C@@H](COC(C)(C)C)C(=O)N2CCCC[C@H]2C(=O)N[C@@H]([C@@H](C)O)C(=O)N(C)[C@@H](C)C(=O)N(C)[C@@H](CC(C)C)C(=O)N(C)[C@@H](CC(C)C)C(=O)N[C@H](C(=O)N2CCCCC2)CC(=O)N[C@H](C(C)C)C(=O)N1C,-6.38,training
CC[C@H](C)[C@H]1C(=O)N(C)[C@@H](C)C(=O)N2CCCC[C@H]2C(=O)N[C@@H](COC(C)(C)C)C(=O)N(C)[C@@H](CC(C)C)C(=O)N[C@@H]([C@@H](C)O)C(=O)N(C)[C@@H](C)C(=O)N(C)[C@@H](CC(C)C)C(=O)N(C)[C@@H](CC(C)C)C(=O)N[C@H](C(=O)N2CCCCC2)CC(=O)N[C@H](C(C)C)C(=O)N1C,-6.28,training
CC[C@H](C)[C@H]1C(=O)N2CCC[C@H]2C(=O)N2CCCC[C@H]2C(=O)N[C@@H](COC(C)(C)C)C(=O)N(C)[C@@H](CC(C)C)C(=O)N[C@@H]([C@@H](C)O)C(=O)N(C)[C@@H](C)C(=O)N(C)[C@@H](CC(C)C)C(=O)N(C)[C@@H](CC(C)C)C(=O)N[C@H](C(=O)N2CCCCC2)CC(=O)N[C@H](C(C)C)C(=O)N1C,-5.8,training
CCO[C@@H]1C[C@H]2C(=O)N(C)[C@@H](CC(C)C)C(=O)N[C@@H]([C@@H](C)CC)C(=O)N(C)[C@@H](CC(C)C)C(=O)N[C@@H](CC(C)C)C(=O)N[C@H](C(=O)N3CCCCC3)CC(=O)N(C)[C@H](C)C(=O)N(C)[C@@H](CC(C)C)C(=O)N[C@@H](CC(C)C)C(=O)N(C)[C@@H](CC(C)C)C(=O)N[C@@H]([C@@H](C)O)C(=O)N2C1,-5.47,training
CCC[C@H]1C(=O)N[C@@H](CC(C)C)C(=O)N(C)[C@@H](CC(C)C)C(=O)N[C@@H]([C@@H](C)O)C(=O)N2C[C@H](OCC)C[C@H]2C(=O)N(C)[C@@H](CC(C)C)C(=O)N[C@@H]([C@@H](C)CC)C(=O)N(C)[C@@H](CC(C)C)C(=O)N2CCC[C@H]2C(=O)N[C@H](C(=O)N2CCCCC2)CC(=O)N(C)[C@H](CC(C)C)C(=O)N1C,-5.25,training
CCC[C@H]1C(=O)N[C@@H](CC(C)C)C(=O)N(C)[C@@H](CC(C)C)C(=O)N[C@@H]([C@@H](C)O)C(=O)N2CCC[C@H]2C(=O)N(C)[C@@H](CC(C)C)C(=O)N[C@@H]([C@@H](C)CC)C(=O)N(C)[C@@H](CC(C)C)C(=O)N2C[C@H](OCC)C[C@H]2C(=O)N[C@H](C(=O)N2CCCCC2)CC(=O)N(C)[C@H](CC(C)C)C(=O)N1C,-5.34,training
CC(C)C[C@H]1C(=O)N[C@@H](COC(C)(C)C)C(=O)N(C)[C@@H](Cc2ccccc2)C(=O)N(C)[C@@H](C(C)C)C(=O)N[C@H](C(=O)N2CCCCC2)CC(=O)N[C@H](C)C(=O)N(C)[C@@H](Cc2ccccc2)C(=O)N[C@@H](COc2cccc(Cl)c2)C(=O)N(C)[C@@H](C(C)C)C(=O)N[C@@H]([C@@H](C)O)C(=O)N(C)CC(=O)N1C,-5.66,training
CC(C)C[C@H]1C(=O)N[C@@H](COC(C)(C)C)C(=O)N(C)[C@@H](Cc2ccccc2)C(=O)N(C)[C@@H](CC(C)C)C(=O)N[C@H](C(=O)N2CCCCC2)CC(=O)N2CCC[C@@H]2C(=O)N(C)[C@@H](Cc2cccc(Cl)c2)C(=O)N[C@@H](C(C)C)C(=O)N(C)[C@@H](C(C)C)C(=O)N[C@@H]([C@@H](C)O)C(=O)N(C)CC(=O)N1C,-5.68,training
CC(C)C[C@H]1C(=O)N[C@@H](COC(C)(C)C)C(=O)N(C)[C@@H](Cc2ccccc2)C(=O)N(C)[C@@H](CC(C)C)C(=O)N[C@H](C(=O)N2CCCCC2)CC(=O)N2CCC[C@H]2C(=O)N(C)[C@@H](Cc2cccc(Cl)c2)C(=O)N[C@@H](C(C)C)C(=O)N(C)[C@@H](C(C)C)C(=O)N[C@@H]([C@@H](C)O)C(=O)N(C)CC(=O)N1C,-5.54,training
CC(C)C[C@H]1C(=O)N[C@@H](COC(C)(C)C)C(=O)N(C)[C@@H](Cc2ccccc2)C(=O)N(C)[C@@H](CC(C)C)C(=O)N(C)[C@H](C(=O)N2CCCCC2)CC(=O)N[C@H](C)C(=O)N(C)[C@@H](Cc2cccc(Cl)c2)C(=O)N[C@@H](C(C)C)C(=O)N(C)[C@@H](C(C)C)C(=O)N[C@@H]([C@@H](C)O)C(=O)N(C)CC(=O)N1C,-5.74,training
CC(C)C[C@H]1C(=O)N[C@@H](COC(C)(C)C)C(=O)N(C)[C@@H](Cc2ccccc2)C(=O)N(C)[C@@H](CC(C)C)C(=O)N(C)[C@H](C(=O)N2CCCCC2)CC(=O)N[C@@H](C)C(=O)N(C)[C@@H](Cc2cccc(Cl)c2)C(=O)N[C@@H](C(C)C)C(=O)N(C)[C@@H](C(C)C)C(=O)N[C@@H]([C@@H](C)O)C(=O)N(C)CC(=O)N1C,-5.47,training
CC(C)C[C@H]1C(=O)N[C@@H]([C@@H](C)O)C(=O)N(C)CC(=O)N(C)[C@@H](C(C)C)C(=O)N[C@@H](Cc2ccccc2)C(=O)N(C)[C@@H](Cc2cccc(Cl)c2)C(=O)N(C)[C@@H](CC(C)C)C(=O)N(C)[C@H](C(=O)N2CCCCC2)CC(=O)N2CCC[C@H]2C(=O)N[C@@H](Cc2ccccc2)C(=O)N[C@@H](COC(C)(C)C)C(=O)N1C,-5.92,training
CC(C)C[C@H]1C(=O)N[C@@H]([C@@H](C)O)C(=O)N(C)CC(=O)N(C)[C@@H](C(C)C)C(=O)N[C@@H](Cc2ccccc2)C(=O)N(C)[C@@H](Cc2cccc(Cl)c2)C(=O)N(C)[C@@H](CC(C)C)C(=O)N(C)[C@H](C(=O)N2CCCCC2)CC(=O)N2CCC[C@@H]2C(=O)N[C@@H](Cc2ccccc2)C(=O)N[C@@H](COC(C)(C)C)C(=O)N1C,-5.77,training
CC(C)C[C@H]1C(=O)N[C@@H](COC(C)(C)C)C(=O)N(C)[C@@H](Cc2ccccc2)C(=O)N(C)[C@@H](CC(C)C)C(=O)N(C)[C@H](C(=O)N2CCCCC2)CC(=O)N2CCC[C@@H]2C(=O)N(C)[C@@H](Cc2cccc(Cl)c2)C(=O)N[C@@H](C(C)C)C(=O)N(C)[C@@H](C(C)C)C(=O)N[C@@H]([C@@H](C)O)C(=O)N(C)CC(=O)N1C,-5.55,training
CC(C)C[C@H]1C(=O)N[C@@H](COC(C)(C)C)C(=O)N(C)[C@@H](Cc2ccccc2)C(=O)N(C)[C@@H](CC(C)C)C(=O)N(C)[C@H](C(=O)N2CCCCC2)CC(=O)N2CCC[C@H]2C(=O)N(C)[C@@H](Cc2cccc(Cl)c2)C(=O)N[C@@H](C(C)C)C(=O)N(C)[C@@H](C(C)C)C(=O)N[C@@H]([C@@H](C)O)C(=O)N(C)CC(=O)N1C,-5.49,training
CC(C)C[C@H]1C(=O)N[C@@H]([C@@H](C)O)C(=O)N(C)CC(=O)N(C)[C@@H](C(C)C)C(=O)N[C@@H](Cc2ccccc2)C(=O)N(C)[C@@H](Cc2cccc(Cl)c2)C(=O)N(C)[C@@H](CC(C)C)C(=O)N(C)[C@H](C(=O)N2CCCCC2)CC(=O)N(C)[C@H](C)C(=O)N[C@@H](Cc2ccccc2)C(=O)N[C@@H](COC(C)(C)C)C(=O)N1C,-5.77,training
CC(C)C[C@H]1C(=O)N[C@@H](COC(C)(C)C)C(=O)N(C)[C@@H](Cc2ccccc2)C(=O)N(C)[C@@H](CC(C)C)C(=O)N(C)[C@H](C(=O)N2CCCCC2)CC(=O)N(C)[C@H](C)C(=O)N(C)[C@@H](Cc2cccc(Cl)c2)C(=O)N[C@@H](C(C)C)C(=O)N(C)[C@@H](C(C)C)C(=O)N[C@@H]([C@@H](C)O)C(=O)N(C)CC(=O)N1C,-5.64,training
CC(C)C[C@H]1C(=O)N[C@@H](COC(C)(C)C)C(=O)N(C)[C@@H](Cc2ccccc2)C(=O)N(C)[C@@H](CC(C)C)C(=O)N(C)[C@H](C(=O)N2CCCCC2)CC(=O)N(C)[C@@H](C)C(=O)N(C)[C@@H](Cc2cccc(Cl)c2)C(=O)N[C@@H](C(C)C)C(=O)N(C)[C@@H](C(C)C)C(=O)N[C@@H]([C@@H](C)O)C(=O)N(C)CC(=O)N1C,-5.42,training
CC(C)C[C@@H]1NC(=O)[C@H](CC(C)C)N(C)C(=O)[C@H](C)N(C)C(=O)[C@H]([C@@H](C)O)NC(=O)[C@H](CC(C)C)N(C)C(=O)[C@H](COC(C)(C)C)NC(=O)[C@H](Cc2cccc(Cl)c2)N(C)C(=O)[C@H](CC(C)C)NC(=O)[C@H](C(C)C)N(C)C(=O)[C@@H](C(C)C)NC(=O)C[C@@H](C(=O)N2CCCCC2)NC1=O,-5.92,training
CC(C)C[C@H]1C(=O)N[C@@H](COC(C)(C)C)C(=O)N(C)[C@@H](Cc2ccccc2)C(=O)N(C)[C@@H](C(C)C)C(=O)N[C@H](C(=O)N2CCCCC2)CC(=O)N[C@H](C(C)C)C(=O)N(C)[C@@H](Cc2ccccc2)C(=O)N[C@@H](COCc2cncc(F)c2)C(=O)N(C)[C@@H](CC(C)C)C(=O)N[C@@H]([C@@H](C)O)C(=O)N(C)CC(=O)N1C,-5.62,training
CC(C)C[C@@H]1NC(=O)[C@H](Cc2ccccc2)N(C)C(=O)[C@@H]2CCCN2C(=O)C[C@@H](C(=O)N2CCCCC2)N(C)C(=O)[C@H](Cc2ccccc2)N(C)C(=O)[C@H](Cc2ccccc2)N(C)C(=O)[C@H](COC(C)(C)C)NC(=O)[C@H](C(C)C)N(C)C(=O)CN(C)C(=O)[C@H]([C@@H](C)O)NC(=O)[C@H](CC(C)C)N(C)C1=O,-5.4,training
CC(C)C[C@@H]1NC(=O)[C@H](Cc2ccccc2)N(C)C(=O)[C@H]2CCCN2C(=O)C[C@@H](C(=O)N2CCCCC2)N(C)C(=O)[C@H](Cc2ccccc2)N(C)C(=O)[C@H](Cc2ccccc2)N(C)C(=O)[C@H](COC(C)(C)C)NC(=O)[C@H](C(C)C)N(C)C(=O)CN(C)C(=O)[C@H]([C@@H](C)O)NC(=O)[C@H](CC(C)C)N(C)C1=O,-5.59,training
CC(C)C[C@H]1C(=O)N[C@@H](CCc2cccc(Cl)c2)C(=O)N(C)[C@@H](CC(C)C)C(=O)N[C@@H]([C@@H](C)O)C(=O)N(C)CC(=O)N(C)[C@@H](Cc2ccccc2)C(=O)N(C)[C@@H](CC(C)C)C(=O)N[C@@H](COC(C)(C)C)C(=O)N(C)[C@@H](C(C)C)C(=O)N[C@H](C(=O)N2CCCCC2)CC(=O)N(C)CC(=O)N1C,-5.89,training
CC(C)C[C@@H]1NC(=O)[C@H](Cc2ccccc2)N(C)C(=O)[C@@H](C(C)C)NC(=O)C[C@@H](C(=O)N2CCCCC2)NC(=O)[C@H](C(C)C)N(C)C(=O)[C@H](Cc2ccccc2)N(C)C(=O)[C@H](COC(C)(C)C)NC(=O)[C@H](CCC2CCCC(F)(F)C2)N(C)C(=O)CN(C)C(=O)[C@H]([C@@H](C)O)NC(=O)[C@H](CC(C)C)N(C)C1=O,-5.46,training
CC(C)C[C@@H]1NC(=O)[C@H](Cc2ccccc2)N(C)C(=O)[C@@H](C(C)C)NC(=O)C[C@@H](C(=O)N2CCCCC2)NC(=O)[C@H](CC(C)C)N(C)C(=O)[C@H](Cc2cccc(Cl)c2)N(C)C(=O)[C@H](COCCC(C)(C)O)NC(=O)[C@H](CC(C)C)N(C)C(=O)CN(C)C(=O)[C@H]([C@@H](C)O)NC(=O)[C@H](C(C)C)N(C)C1=O,-5.77,training
CC(C)C[C@@H]1NC(=O)[C@H](Cc2ccccc2)N(C)C(=O)[C@@H](CC(C)C)NC(=O)C[C@@H](C(=O)N2CCCCC2)NC(=O)[C@H](C(C)C)N(C)C(=O)[C@H](Cc2ccccc2)N(C)C(=O)[C@H](COC(C)(C)C)NC(=O)[C@H](CC(C)C)N(C)C(=O)CN(C)C(=O)[C@H](CCCCO)NC(=O)[C@H](CC(C)C)N(C)C1=O,-5.7,training
CC(C)C[C@@H]1NC(=O)[C@H](Cc2ccccc2)N(C)C(=O)[C@@H](C(C)C)NC(=O)C[C@@H](C(=O)N2CCCCC2)NC(=O)[C@H](C(C)C)N(C)C(=O)[C@H](Cc2ccccc2)N(C)C(=O)[C@H](COC(C)(C)C)NC(=O)[C@H](CC(C)C)N(C)C(=O)CN(C)C(=O)[C@H](CCCCO)NC(=O)[C@H](CC(C)C)N(C)C1=O,-5.74,training
CC(C)C[C@H]1C(=O)N[C@@H](COC(C)(C)C)C(=O)N(C)[C@@H](Cc2ccccc2)C(=O)N(C)[C@@H](CC(C)C)C(=O)N[C@H](C(=O)N2CCCCC2)CC(=O)N2C[C@H](N3CCC(F)(F)CC3)C[C@H]2C(=O)N(C)[C@@H](Cc2cccc(Cl)c2)C(=O)N[C@@H](C(C)C)C(=O)N(C)[C@@H](C(C)C)C(=O)N[C@@H]([C@@H](C)O)C(=O)N(C)CC(=O)N1C,-5.92,training
CC(C)C[C@H]1C(=O)N[C@@H](COC(C)(C)C)C(=O)N(C)[C@@H](Cc2ccccc2)C(=O)N(C)[C@@H](CC(C)C)C(=O)N[C@H](C(=O)N2CCCCC2)CC(=O)N2C[C@@H](N3CCC(F)(F)CC3)C[C@H]2C(=O)N(C)[C@@H](Cc2cccc(Cl)c2)C(=O)N[C@@H](C(C)C)C(=O)N(C)[C@@H](C(C)C)C(=O)N[C@@H]([C@@H](C)O)C(=O)N(C)CC(=O)N1C,-5.85,training
CC(=O)NCCCC[C@@H]1NC(=O)[C@H](CC(C)C)N(C)C(=O)[C@H](CC(C)C)NC(=O)[C@H](Cc2ccccc2)N(C)C(=O)[C@@H](C(C)C)NC(=O)C[C@@H](C(=O)N2CCCCC2)NC(=O)[C@H](C(C)C)N(C)C(=O)[C@H](Cc2ccccc2)N(C)C(=O)[C@H](COC(C)(C)C)NC(=O)[C@H](CC(C)C)N(C)C(=O)CN(C)C1=O,-5.68,training
CC(=O)NCCCC[C@@H]1NC(=O)[C@H](CC(C)C)N(C)C(=O)[C@H](CC(C)C)NC(=O)[C@H](Cc2ccccc2)N(C)C(=O)[C@@H](CC(C)C)NC(=O)C[C@@H](C(=O)N2CCCCC2)NC(=O)[C@H](C(C)C)N(C)C(=O)[C@H](Cc2ccccc2)N(C)C(=O)[C@H](COC(C)(C)C)NC(=O)[C@H](CC(C)C)N(C)C(=O)CN(C)C1=O,-5.68,training
CC(C)C[C@H]1C(=O)N[C@@H]([C@@H](C)O)C(=O)N(C)CC(=O)N(C)[C@@H](Cc2cccc(Cl)c2)C(=O)N(C)[C@@H](CC(C)C)C(=O)N[C@@H](COC(C)(C)C)C(=O)N(C)[C@@H](C(C)C)C(=O)N[C@H](C(=O)N2CCCCC2)CC(=O)N(C)CC(=O)N(C)[C@@H](Cc2cccc(Cl)c2)C(=O)N[C@@H](C(C)C)C(=O)N1C,-6.05,training
CC[C@H](C)[C@@H]1NC(=O)[C@H](CC(C)C)N(C)C(=O)CNC(=O)[C@H](C)NC(=O)C[C@@H](C(=O)N2CCCCC2)NC(=O)[C@@H]2CCCN2C(=O)[C@H](CC(C)C)NC(=O)[C@H](Cc2ccccc2)NC(=O)[C@H]([C@@H](C)O)NC(=O)[C@H](Cc2ccccc2)N(C)C(=O)[C@H](C)N(C)C1=O,-7.06,training
CC(C)C[C@H]1C(=O)N[C@H](C(=O)N2CCCCC2)CC(=O)N[C@H](C)C(=O)N(C)[C@@H](CC(C)C)C(=O)N2CCCC[C@@H]2C(=O)N(C)[C@@H](CC(C)C)C(=O)N2CCCC[C@@H]2C(=O)N(C)[C@@H](C)C(=O)N[C@@H]([C@@H](C)O)C(=O)N(C)[C@@H](Cc2ccccc2)C(=O)N[C@@H](Cc2ccc(C(F)(F)F)cc2)C(=O)N1C,-5.68,training
CC[C@H](C)[C@@H]1NC(=O)[C@H](CC(C)C)NC(=O)[C@H](CC(C)C)NC(=O)[C@H](C)N(C)C(=O)[C@H](C(C)C)NC(=O)[C@H](C)NC(=O)C[C@@H](C(=O)N2CCCCC2)NC(=O)[C@H](CC(C)C)NC(=O)[C@H]([C@@H](C)O)NC(=O)[C@@H]2CCCN2C(=O)[C@H](CC(C)C)NC(=O)[C@H](Cc2ccccc2)NC1=O,-7.17,training
CC[C@H](C)[C@H]1C(=O)N[C@@H](C)C(=O)N[C@H](C(=O)N2CCCCC2)CC(=O)N[C@@H](C)C(=O)N[C@@H]([C@@H](C)O)C(=O)N(C)[C@@H](CC(C)C)C(=O)N[C@@H](CC(C)C)C(=O)N[C@@H](Cc2ccccc2)C(=O)N2CCC[C@H]2C(=O)N[C@@H](Cc2ccccc2)C(=O)N[C@@H](C(C)C)C(=O)N(C)CC(=O)N1C,-6.92,training
CC[C@H](C)[C@H]1C(=O)N(C)[C@@H](C)C(=O)N[C@@H](Cc2ccccc2)C(=O)N[C@@H]([C@@H](C)O)C(=O)N[C@@H](Cc2ccccc2)C(=O)N(C)[C@@H](CC(C)C)C(=O)N2CCC[C@H]2C(=O)N[C@H](C(=O)N2CCCCC2)CC(=O)N[C@@H](C)C(=O)N[C@@H](CC(C)C)C(=O)N(C)CC(=O)N[C@@H](CC(C)C)C(=O)N1C,-7.64,training
CC[C@H](C)[C@@H]1NC(=O)[C@H](C)NC(=O)C[C@@H](C(=O)N2CCCCC2)NC(=O)[C@H](Cc2ccccc2)NC(=O)[C@H](C(C)C)N(C)C(=O)[C@H](CC(C)C)NC(=O)[C@H](C)N(C)C(=O)[C@H](Cc2ccccc2)N(C)C(=O)[C@H]([C@@H](C)O)NC(=O)CN(C)C(=O)[C@H](CC(C)C)N(C)C(=O)[C@@H]2CCCN2C1=O,-7.43,training
CC[C@H](C)[C@@H]1NC(=O)[C@H](C)NC(=O)C[C@@H](C(=O)N2CCCCC2)NC(=O)[C@H](CC(C)C)N(C)C(=O)[C@H](CC(C)C)N(C)C(=O)[C@H](C(C)C)NC(=O)[C@H](C)NC(=O)[C@H](Cc2ccccc2)N(C)C(=O)[C@H](Cc2ccccc2)N(C)C(=O)[C@H]([C@@H](C)O)NC(=O)[C@H](CC(C)C)N(C)C(=O)[C@@H]2CCCN2C1=O,-7.08,training
CC[C@H](C)[C@H]1C(=O)N(C)[C@@H](C)C(=O)N[C@H](C(=O)N2CCCCC2)CC(=O)N[C@@H](C)C(=O)N[C@@H]([C@@H](C)O)C(=O)N(C)[C@@H](Cc2ccccc2)C(=O)N(C)[C@@H](CC(C)C)C(=O)N[C@@H](C(C)C)C(=O)N2CCC[C@H]2C(=O)N(C)[C@@H](Cc2ccccc2)C(=O)N[C@@H](CC(C)C)C(=O)N(C)CC(=O)N1C,-6.77,training
CC[C@H](C)[C@@H]1NC(=O)[C@H](Cc2ccccc2)N(C)C(=O)[C@H](Cc2ccccc2)N(C)C(=O)[C@H](CC(C)C)N(C)C(=O)[C@H](CC(C)C)NC(=O)[C@H](CC(C)C)N(C)C(=O)[C@H](C)N(C)C(=O)[C@H]([C@@H](C)O)NC(=O)[C@H](C)NC(=O)C[C@@H](C(=O)N2CCCCC2)NC(=O)[C@H](C(C)C)N(C)C(=O)[C@@H]2CCCN2C1=O,-7.13,training
CC[C@H](C)[C@@H]1NC(=O)[C@H](Cc2ccccc2)N(C)C(=O)[C@H](Cc2ccccc2)NC(=O)[C@H](C(C)C)N(C)C(=O)[C@H](CC(C)C)N(C)C(=O)[C@H](CC(C)C)NC(=O)[C@H](C)NC(=O)C[C@@H](C(=O)N2CCCCC2)NC(=O)[C@H]([C@@H](C)O)NC(=O)CNC(=O)[C@@H]2CCCN2C1=O,-7.27,training
CC[C@H](C)[C@H]1C(=O)N(C)[C@@H](C)C(=O)N(C)[C@@H](Cc2ccccc2)C(=O)N[C@@H]([C@@H](C)O)C(=O)N(C)[C@@H](Cc2ccccc2)C(=O)N(C)[C@@H](CC(C)C)C(=O)N2CCC[C@H]2C(=O)N[C@H](C(=O)N2CCCCC2)CC(=O)N[C@@H](C)C(=O)NCC(=O)N(C)[C@@H](CC(C)C)C(=O)N1C,-6.59,training
CC[C@H](C)[C@@H]1NC(=O)[C@H](Cc2ccccc2)N(C)C(=O)[C@H](Cc2ccccc2)NC(=O)[C@H](CC(C)C)N(C)C(=O)[C@H](CC(C)C)NC(=O)[C@H](C)NC(=O)C[C@@H](C(=O)N2CCCCC2)NC(=O)[C@H](CC(C)C)NC(=O)[C@H]([C@@H](C)O)NC(=O)[C@@H]2CCCN2C1=O,-6.85,training
CC(C)C[C@@H]1NC(=O)[C@H](CC(C)C)N(C)C(=O)[C@H](C)N(C)C(=O)[C@H](C(C)C)NC(=O)[C@H](Cc2ccccc2)NC(=O)CNC(=O)[C@H]([C@@H](C)O)NC(=O)[C@H](CC(C)C)NC(=O)[C@@H]2CCCN2C(=O)[C@H](Cc2ccccc2)NC(=O)[C@H](C)NC(=O)C[C@@H](C(=O)N2CCCCC2)NC1=O,-6.96,training
CC[C@H](C)[C@H]1C(=O)N[C@H](C(=O)N2CCCCC2)CC(=O)N[C@@H](C)C(=O)N[C@@H]([C@@H](C)O)C(=O)N(C)[C@@H](Cc2ccccc2)C(=O)N[C@@H](CC(C)C)C(=O)N2CCC[C@H]2C(=O)N[C@@H](C(C)C)C(=O)N[C@@H](Cc2ccccc2)C(=O)N(C)CC(=O)N[C@@H](CC(C)C)C(=O)N[C@@H](C)C(=O)N1C,-7.21,training
CC[C@H](C)[C@@H]1NC(=O)[C@H](Cc2ccccc2)N(C)C(=O)[C@H](Cc2ccccc2)NC(=O)[C@H](CC(C)C)NC(=O)[C@H](CC(C)C)N(C)C(=O)[C@H](C)N(C)C(=O)[C@H](C(C)C)NC(=O)[C@H](C)NC(=O)C[C@@H](C(=O)N2CCCCC2)NC(=O)[C@H](CC(C)C)N(C)C(=O)[C@H]([C@@H](C)O)NC(=O)[C@@H]2CCCN2C1=O,-6.85,training
CC[C@H](C)[C@H]1C(=O)N[C@@H](Cc2ccccc2)C(=O)N(C)[C@@H](Cc2ccccc2)C(=O)N[C@@H]([C@@H](C)O)C(=O)N2CCC[C@H]2C(=O)N[C@@H](CC(C)C)C(=O)N[C@H](C(=O)N2CCCCC2)CC(=O)N[C@@H](C)C(=O)NCC(=O)N(C)[C@@H](C(C)C)C(=O)N(C)[C@@H](CC(C)C)C(=O)N[C@@H](C)C(=O)N1C,-6.85,training
CC[C@H](C)[C@H]1C(=O)N[C@H](C(=O)N2CCCCC2)CC(=O)N[C@@H](C)C(=O)N[C@@H]([C@@H](C)O)C(=O)N(C)[C@@H](Cc2ccccc2)C(=O)N[C@@H](CC(C)C)C(=O)N2CCC[C@H]2C(=O)N(C)[C@@H](C(C)C)C(=O)N[C@@H](Cc2ccccc2)C(=O)N(C)CC(=O)N(C)[C@@H](CC(C)C)C(=O)N[C@@H](C)C(=O)N1C,-6.72,training
CC(C)C[C@@H]1NC(=O)[C@H](C)N(C)C(=O)[C@H](C(C)C)N(C)C(=O)[C@H](Cc2ccccc2)NC(=O)CN(C)C(=O)[C@H]([C@@H](C)O)NC(=O)[C@@H]2CCCN2C(=O)[C@H](CC(C)C)NC(=O)[C@H](C)NC(=O)C[C@@H](C(=O)N2CCCCC2)NC(=O)[C@H](CC(C)C)N(C)C1=O,-6.57,training
CC[C@H](C)[C@@H]1NC(=O)[C@H](Cc2ccccc2)N(C)C(=O)[C@H](Cc2ccccc2)NC(=O)[C@H](CC(C)C)N(C)C(=O)[C@H](CC(C)C)NC(=O)[C@H](C)NC(=O)C[C@@H](C(=O)N2CCCCC2)NC(=O)[C@H]([C@@H](C)O)NC(=O)[C@@H]2CCCN2C1=O,-6.89,training
CC[C@H](C)[C@@H]1NC(=O)[C@H](C)NC(=O)C[C@@H](C(=O)N2CCCCC2)NC(=O)[C@@H]2CCCN2C(=O)[C@H](CC(C)C)NC(=O)[C@H](Cc2ccccc2)N(C)C(=O)[C@H]([C@@H](C)O)NC(=O)[C@H](Cc2ccccc2)N(C)C(=O)[C@H](C)N(C)C1=O,-6.62,training
CC[C@H](C)[C@H]1C(=O)N(C)[C@@H](Cc2ccccc2)C(=O)NCC(=O)N[C@@H]([C@@H](C)O)C(=O)N[C@@H](Cc2ccccc2)C(=O)N(C)[C@@H](CC(C)C)C(=O)N2CCC[C@H]2C(=O)N[C@H](C(=O)N2CCCCC2)CC(=O)N[C@H](C)C(=O)N[C@@H](CC(C)C)C(=O)N(C)[C@@H](C)C(=O)N[C@@H](CC(C)C)C(=O)N1C,-7.19,training
CC[C@H](C)[C@H]1C(=O)N[C@H](C(=O)N2CCCCC2)CC(=O)N[C@H](C(C)C)C(=O)N[C@@H]([C@@H](C)O)C(=O)N(C)CC(=O)N[C@@H](CC(C)C)C(=O)N2CCC[C@H]2C(=O)N(C)[C@@H](C(C)C)C(=O)N[C@@H](Cc2ccccc2)C(=O)N(C)[C@@H](Cc2ccccc2)C(=O)N(C)[C@@H](CC(C)C)C(=O)N[C@@H](C)C(=O)N1C,-6.02,training
CC[C@H](C)[C@H]1C(=O)N(C)[C@@H](CC(C)C)C(=O)N[C@H](C(=O)N2CCCCC2)CC(=O)N[C@H](C)C(=O)N[C@@H]([C@@H](C)O)C(=O)N(C)[C@@H](C)C(=O)N(C)[C@@H](Cc2ccccc2)C(=O)N2CCC[C@H]2C(=O)N[C@@H](C)C(=O)N(C)[C@@H](C(C)C)C(=O)N[C@@H](Cc2ccccc2)C(=O)N1C,-7.6,training
CC[C@H](C)[C@H]1C(=O)N[C@H](C(=O)N2CCCCC2)CC(=O)N[C@H](C)C(=O)N[C@@H]([C@@H](C)O)C(=O)N(C)[C@@H](Cc2ccccc2)C(=O)N[C@@H](CC(C)C)C(=O)N2CCC[C@H]2C(=O)N(C)[C@@H](C(C)C)C(=O)N[C@@H](Cc2ccccc2)C(=O)N(C)CC(=O)N(C)[C@@H](CC(C)C)C(=O)N[C@@H](C)C(=O)N1C,-7.54,training
CC[C@H](C)[C@H]1C(=O)N[C@@H](CC(C)C)C(=O)N(C)[C@@H](C)C(=O)N(C)[C@@H](Cc2ccccc2)C(=O)NCC(=O)N[C@@H]([C@@H](C)O)C(=O)N[C@@H](Cc2ccccc2)C(=O)N(C)[C@@H](CC(C)C)C(=O)N2CCC[C@H]2C(=O)N[C@H](C(=O)N2CCCCC2)CC(=O)N[C@H](C(C)C)C(=O)N[C@@H](CC(C)C)C(=O)N1C,-6.68,training
CC[C@H](C)[C@H]1C(=O)N(C)[C@@H](CC(C)C)C(=O)N[C@H](C(=O)N2CCCCC2)CC(=O)N(C)CCCC(=O)N(C)[C@@H](Cc2ccccc2)C(=O)N[C@@H](Cc2ccccc2)C(=O)N2CCC[C@H]2C(=O)N[C@@H](CC(C)C)C(=O)N(C)[C@@H](C(C)C)C(=O)N[C@@H]([C@@H](C)O)C(=O)N(C)CC(=O)N[C@@H](C)C(=O)N1C,-7.15,training
CC[C@H](C)[C@H]1C(=O)N[C@@H]([C@@H](C)O)C(=O)N[C@@H](Cc2ccccc2)C(=O)N2CCC[C@H]2C(=O)NCC(=O)N(C)[C@@H](CC(C)C)C(=O)N[C@H](C(=O)N2CCCCC2)CC(=O)N[C@H](C)C(=O)N[C@@H](Cc2ccccc2)C(=O)N(C)[C@@H](CC(C)C)C(=O)N[C@@H](CC(C)C)C(=O)N1C,-6.54,training
CC(C)C[C@@H]1NC(=O)[C@H](Cc2ccccc2)N(C)C(=O)[C@H]([C@@H](C)O)NC(=O)[C@H](Cc2ccccc2)N(C)C(=O)[C@H](C)N(C)C(=O)[C@H](C)NC(=O)C[C@@H](C(=O)N2CCCCC2)NC(=O)[C@@H]2CCCN2C1=O,-7.2,training
CC(C)C[C@@H]1NC(=O)[C@@H]2CCCN2C(=O)[C@H](Cc2ccccc2)N(C)C(=O)[C@H](C)N(C)C(=O)[C@H]([C@@H](C)O)NC(=O)[C@@H](C(C)C)NC(=O)C[C@@H](C(=O)N2CCCCC2)NC(=O)[C@H](CC(C)C)N(C)C(=O)[C@H](C)N(C)C(=O)[C@H](CCc2ccccc2)NC(=O)[C@H](C(C)C)N(C)C1=O,-7.12,training
CC(C)C[C@@H]1NC(=O)[C@@H]2CCCN2C(=O)[C@H](Cc2ccccc2)N(C)C(=O)[C@H](C)N(C)C(=O)[C@H]([C@@H](C)O)NC(=O)[C@@H](C(C)C)NC(=O)C[C@@H](C(=O)N2CCCCC2)NC(=O)[C@H](CC(C)C)N(C)C(=O)[C@H](C)N(C)C(=O)[C@H](CCCc2ccccc2)NC(=O)[C@H](C(C)C)N(C)C1=O,-7.33,training
CC[C@H](C)[C@H]1C(=O)N[C@@H](C)C(=O)N[C@H](C(=O)N2CCCCC2)CC(=O)N[C@H](C(C)C)C(=O)N[C@@H](Cc2ccccc2)C(=O)N(C)CC(=O)N[C@@H](CC(C)C)C(=O)N[C@@H](Cc2ccccc2)C(=O)N2CCC[C@H]2C(=O)N[C@@H]([C@@H](C)O)C(=O)N[C@@H](COC(C)(C)C)C(=O)N(C)[C@@H](CC(C)C)C(=O)N1C,-7.52,training
CC[C@H](C)[C@H]1C(=O)N[C@@H](C)C(=O)N[C@H](C(=O)N2CCCCC2)CC(=O)N[C@H](C)C(=O)N[C@@H](Cc2ccccc2)C(=O)N(C)[C@@H](CC(C)C)C(=O)N[C@@H](CC(C)C)C(=O)N[C@@H](Cc2ccccc2)C(=O)N2CCC[C@H]2C(=O)N[C@@H]([C@@H](C)O)C(=O)N[C@@H](COC(C)(C)C)C(=O)N(C)CC(=O)N1C,-7.14,training
CC[C@H](C)[C@@H]1NC(=O)[C@@H]2CCCN2C(=O)CNC(=O)[C@H](COC(C)(C)C)NC(=O)[C@H](CC(C)C)N(C)C(=O)[C@H](Cc2ccccc2)NC(=O)CN(C)C(=O)C[C@@H](C(=O)N2CCCCC2)NC(=O)[C@H](CC(C)C)N(C)C(=O)[C@H](Cc2ccccc2)NC(=O)[C@H]([C@@H](C)O)NC(=O)[C@H](C)N(C)C1=O,-7.14,training
CC[C@H](C)[C@H]1C(=O)NCC(=O)N[C@H](C(=O)N2CCCCC2)CC(=O)N(C)[C@H](C)C(=O)N[C@@H](Cc2ccccc2)C(=O)N(C)[C@@H](CC(C)C)C(=O)N[C@@H](COC(C)(C)C)C(=O)N[C@@H](Cc2ccccc2)C(=O)N2CCC[C@H]2C(=O)N[C@@H]([C@@H](C)O)C(=O)N[C@@H](CC(C)C)C(=O)N(C)[C@@H](C)C(=O)N1C,-7.49,training
CC[C@H](C)[C@@H]1NC(=O)[C@H](Cc2ccccc2)N(C)C(=O)[C@@H]2CCCN2C(=O)[C@H]([C@@H](C)O)NC(=O)[C@H](CC(C)C)NC(=O)[C@H](C)N(C)C(=O)CCCN(C)C(=O)C[C@@H](C(=O)N2CCCCC2)NC(=O)[C@H](CC(C)C)NC(=O)[C@H](CC(C)C)N(C)C(=O)CNC(=O)[C@H](Cc2ccccc2)N(C)C1=O,-7.31,training
CC[C@H](C)[C@H]1C(=O)NCC(=O)N(C)[C@@H](CC(C)C)C(=O)N[C@@H](CC(C)C)C(=O)N[C@H](C(=O)N2CCCCC2)CC(=O)N(C)CCC(=O)N(C)[C@@H](C)C(=O)N[C@@H](CC(C)C)C(=O)N[C@@H]([C@@H](C)O)C(=O)N2CCC[C@H]2C(=O)N[C@@H](Cc2ccccc2)C(=O)N(C)[C@@H](Cc2ccccc2)C(=O)N1C,-7.62,training
CC[C@H](C)[C@@H]1NC(=O)[C@H](CC(C)C)N(C)C(=O)[C@H](Cc2ccccc2)NC(=O)[C@@H](C)N(C)C(=O)C[C@@H](C(=O)N2CCCCC2)NC(=O)[C@H](Cc2ccccc2)NC(=O)[C@H]([C@@H](C)O)NC(=O)[C@@H]2CCCN2C(=O)[C@H](CC(C)C)N(C)C(=O)CNC(=O)[C@H](CC(C)C)N(C)C1=O,-6.96,training
CC[C@H](C)[C@H]1C(=O)NCC(=O)N(C)[C@@H](CC(C)C)C(=O)N[C@@H](CC(C)C)C(=O)N[C@H](C(=O)N2CCCCC2)CC(=O)N(C)[C@@H](C)C(=O)N[C@@H](CC(C)C)C(=O)N(C)[C@@H](C)C(=O)N[C@@H]([C@@H](C)O)C(=O)N2CCC[C@H]2C(=O)N(C)[C@@H](Cc2ccccc2)C(=O)N[C@@H](Cc2ccccc2)C(=O)N1C,-6.64,training
CC[C@H](C)[C@H]1C(=O)N[C@@H](Cc2ccccc2)C(=O)N(C)[C@@H](CC(C)C)C(=O)N[C@@H](CC(C)C)C(=O)N[C@H](C(=O)N2CCCCC2)CC(=O)N(C)[C@H](C)C(=O)N[C@@H](CC(C)C)C(=O)N(C)[C@@H](C)C(=O)N2CCC[C@H]2C(=O)N[C@@H]([C@@H](C)O)C(=O)N(C)[C@@H](Cc2ccccc2)C(=O)NCC(=O)N1C,-7.74,training
CC[C@H](C)[C@H]1C(=O)NCC(=O)N(C)[C@@H](CC(C)C)C(=O)N[C@@H]([C@@H](C)O)C(=O)N2CCC[C@H]2C(=O)N[C@@H](Cc2ccccc2)C(=O)N[C@H](C(=O)N2CCCCC2)CC(=O)N(C)[C@@H](C)C(=O)N[C@@H](Cc2ccccc2)C(=O)N(C)[C@@H](CC(C)C)C(=O)N[C@@H](CC(C)C)C(=O)N1C,-6.49,training
CC[C@H](C)[C@H]1C(=O)N[C@@H](Cc2ccccc2)C(=O)N[C@@H]([C@@H](C)O)C(=O)N2CCC[C@H]2C(=O)N[C@@H](Cc2ccccc2)C(=O)N[C@H](C(=O)N2CCCCC2)CC(=O)N(C)CCC(=O)N(C)[C@@H](CC(C)C)C(=O)N(C)[C@@H](CC(C)C)C(=O)N[C@@H](CC(C)C)C(=O)NCC(=O)N1C,-7.37,training
CC[C@H](C)[C@H]1C(=O)NCC(=O)N(C)[C@@H](CC(C)C)C(=O)N[C@@H]([C@@H](C)O)C(=O)N2CCC[C@H]2C(=O)N[C@@H](Cc2ccccc2)C(=O)N[C@H](C(=O)N2CCCCC2)CC(=O)N2CC[C@H]2C(=O)N[C@@H](Cc2ccccc2)C(=O)N(C)[C@@H](CC(C)C)C(=O)N[C@@H](CC(C)C)C(=O)N1C,-7.23,training
CC[C@H](C)[C@H]1C(=O)NCC(=O)N(C)[C@@H](CC(C)C)C(=O)N[C@@H]([C@@H](C)O)C(=O)N2CCC[C@H]2C(=O)N[C@@H](Cc2ccccc2)C(=O)N[C@H](C(=O)N2CCCCC2)CC(=O)N2CCCC[C@H]2C(=O)N[C@@H](Cc2ccccc2)C(=O)N(C)[C@@H](CC(C)C)C(=O)N[C@@H](CC(C)C)C(=O)N1C,-7.89,training
CC[C@H](C)[C@H]1C(=O)NCC(=O)N(C)[C@@H](CC(C)C)C(=O)N[C@@H]([C@@H](C)O)C(=O)N2CCC[C@H]2C(=O)N[C@@H](Cc2ccccc2)C(=O)N[C@H](C(=O)N2CCCCC2)CC(=O)N(C)[C@@H](C)C(=O)N[C@@H](Cc2ccccc2)C(=O)N2CC[C@H]2C(=O)N[C@@H](CC(C)C)C(=O)N1C,-6.7,training
CC[C@H](C)[C@H]1C(=O)NCC(=O)N(C)[C@@H](CC(C)C)C(=O)N[C@@H]([C@@H](C)O)C(=O)N2CCC[C@H]2C(=O)N[C@@H](Cc2ccccc2)C(=O)N[C@H](C(=O)N2CCCCC2)CC(=O)N(C)[C@@H](C)C(=O)N[C@@H](Cc2ccccc2)C(=O)N2CCCC[C@H]2C(=O)N[C@@H](CC(C)C)C(=O)N1C,-6.52,training
CC(C)C[C@@H]1NC(=O)[C@H](CC(C)C)N(C)C(=O)[C@H](Cc2ccccc2)NC(=O)[C@H](C)N(C)C(=O)C[C@@H](C(=O)N2CCCCC2)NC(=O)[C@H](Cc2ccccc2)NC(=O)[C@@H]2CCCN2C(=O)[C@H]([C@@H](C)O)NC(=O)[C@H](CC(C)C)N(C)C(=O)CNC(=O)[C@@H]2CCN2C1=O,-7.4,training
CC(C)C[C@@H]1NC(=O)[C@H](CC(C)C)N(C)C(=O)[C@H](Cc2ccccc2)NC(=O)[C@H](C)N(C)C(=O)C[C@@H](C(=O)N2CCCCC2)NC(=O)[C@H](Cc2ccccc2)NC(=O)[C@@H]2CCCN2C(=O)[C@H]([C@@H](C)O)NC(=O)[C@H](CC(C)C)N(C)C(=O)CNC(=O)[C@@H]2CCCCN2C1=O,-7.72,training
CC[C@H](C)[C@H]1C(=O)NCC(=O)N2CC[C@H]2C(=O)N[C@@H]([C@@H](C)O)C(=O)N2CCC[C@H]2C(=O)N[C@@H](Cc2ccccc2)C(=O)N[C@H](C(=O)N2CCCCC2)CC(=O)N(C)[C@@H](C)C(=O)N[C@@H](Cc2ccccc2)C(=O)N(C)[C@@H](CC(C)C)C(=O)N[C@@H](CC(C)C)C(=O)N1C,-6.74,training
CC[C@H](C)[C@H]1C(=O)NCC(=O)N2CCCC[C@H]2C(=O)N[C@@H]([C@@H](C)O)C(=O)N2CCC[C@H]2C(=O)N[C@@H](Cc2ccccc2)C(=O)N[C@H](C(=O)N2CCCCC2)CC(=O)N(C)[C@@H](C)C(=O)N[C@@H](Cc2ccccc2)C(=O)N(C)[C@@H](CC(C)C)C(=O)N[C@@H](CC(C)C)C(=O)N1C,-7.6,training
CC[C@H](C)[C@H]1C(=O)NCC(=O)N(C)[C@@H](CC(C)C)C(=O)N[C@@H]([C@@H](C)O)C(=O)N2CC[C@H]2C(=O)N[C@@H](Cc2ccccc2)C(=O)N[C@H](C(=O)N2CCCCC2)CC(=O)N(C)[C@@H](C)C(=O)N[C@@H](Cc2ccccc2)C(=O)N(C)[C@@H](CC(C)C)C(=O)N[C@@H](CC(C)C)C(=O)N1C,-7.7,training
CC[C@H](C)[C@H]1C(=O)NCC(=O)N(C)[C@@H](CC(C)C)C(=O)N[C@@H]([C@@H](C)O)C(=O)N2CCCC[C@H]2C(=O)N[C@@H](Cc2ccccc2)C(=O)N[C@H](C(=O)N2CCCCC2)CC(=O)N(C)[C@@H](C)C(=O)N[C@@H](Cc2ccccc2)C(=O)N(C)[C@@H](CC(C)C)C(=O)N[C@@H](CC(C)C)C(=O)N1C,-6.2,training
CC[C@H](C)[C@H]1C(=O)NCC(=O)N(C)[C@@H](CC(C)C)C(=O)N[C@@H]([C@@H](C)O)C(=O)N2CCC[C@H]2C(=O)NC(C)(C)C(=O)N[C@H](C(=O)N2CCCCC2)CC(=O)N(C)[C@@H](C)C(=O)N[C@@H](Cc2ccccc2)C(=O)N(C)[C@@H](CC(C)C)C(=O)N[C@@H](CC(C)C)C(=O)N1C,-7.57,training
CC[C@H](C)[C@@H]1NC(=O)[C@H](C(C)C)N(C)C(=O)[C@H](C)N(C)C(=O)[C@H]([C@@H](C)O)NC(=O)[C@@H]2CCCCN2C(=O)[C@H](Cc2ccccc2)NC(=O)[C@H](CC(C)C)N(C)C(=O)[C@@H](C)N(C)C(=O)C[C@@H](C(=O)N2CCCCC2)NC(=O)[C@H](CC(C)C)NC(=O)[C@H](CC(C)C)N(C)C1=O,-6.47,training
CC[C@H](C)[C@@H]1NC(=O)[C@H](C(C)C)N(C)C(=O)[C@H](C)N(C)C(=O)[C@H]([C@@H](C)O)NC(=O)[C@H](CC(C)C)N(C)C(=O)[C@H](Cc2ccccc2)NC(=O)[C@H](CC(C)C)N(C)C(=O)[C@@H](C)N(C)C(=O)C[C@@H](C(=O)N2CCCCC2)NC(=O)[C@H](CC(C)C)NC(=O)[C@@H]2CCCCN2C1=O,-5.51,training
CC[C@H](C)[C@H]1C(=O)N2CCCC[C@H]2C(=O)N(C)[C@@H](CC(C)C)C(=O)N[C@@H](CC(C)C)C(=O)N[C@H](C(=O)N2CCCCC2)CC(=O)N(C)[C@H](C)C(=O)N(C)[C@@H](CC(C)C)C(=O)N[C@@H](Cc2ccccc2)C(=O)N2CCCC[C@H]2C(=O)N[C@@H]([C@@H](C)O)C(=O)N(C)[C@@H](C)C(=O)N1C,-6.6,training
CC[C@H](C)[C@H]1C(=O)N[C@@H](Cc2ccccc2)C(=O)N2CCCC[C@H]2C(=O)N[C@@H](CC(C)C)C(=O)N[C@H](C(=O)N2CCCCC2)CC(=O)N(C)[C@H](C)C(=O)N(C)[C@@H](CC(C)C)C(=O)N2CCCC[C@H]2C(=O)N(C)[C@@H](CC(C)C)C(=O)N[C@@H]([C@@H](C)O)C(=O)N(C)[C@@H](C)C(=O)N1C,-6.14,training
CC[C@H](C)[C@H]1C(=O)N[C@H](C(=O)N2CCCCC2)CC(=O)N(C)CCC(=O)N[C@@H](Cc2ccccc2)C(=O)N(C)[C@@H](CC(C)C)C(=O)N[C@@H](COC(C)(C)C)C(=O)NCC(=O)N2CCC[C@H]2C(=O)N[C@@H]([C@@H](C)O)C(=O)N[C@@H](CC(C)C)C(=O)N(C)[C@@H](C)C(=O)N[C@@H](Cc2ccccc2)C(=O)N1C,-7.25,training
CC(C)C[C@H]1C(=O)N(C)[C@@H](C)C(=O)N(C)[C@@H](Cc2ccccc2)C(=O)N[C@@H]([C@@H](C)O)C(=O)N(C)[C@@H](CC(C)C)C(=O)N[C@@H](Cc2ccc(C(F)(F)F)cc2)C(=O)N2CCC[C@H]2C(=O)N[C@H](C(=O)N2CCCCC2)CC(=O)N1C,-5.89,training
CC[C@H](C)[C@@H]1NC(=O)[C@H](C(C)C)N(C)C(=O)[C@H](C)N(C)C(=O)[C@H]([C@@H](C)O)NC(=O)[C@H](CC(C)C)N(C)C(=O)[C@H](Cc2ccc(C(F)(F)F)cc2)NC(=O)[C@H](CC(C)C)N(C)C(=O)[C@@H](C)N(C)C(=O)C[C@@H](C(=O)N2CCCCC2)NC(=O)[C@H](CC(C)C)NC(=O)[C@@H]2CCCN2C1=O,-5.64,training
CC(C)C[C@H]1C(=O)N[C@@H]([C@@H](C)O)C(=O)N2CCC[C@H]2C(=O)N(C)[C@@H](C)C(=O)N[C@@H](Cc2ccc(C(F)(F)F)cc2)C(=O)N(C)[C@@H](CC(C)C)C(=O)N(C)[C@@H](CC(C)C)C(=O)N[C@H](C(=O)N2CCCCC2)CC(=O)N1C,-5.8,training
CC(C)C[C@@H]1NC(=O)[C@H](CC(C)C)NC(=O)[C@H](CC(C)C)N(C)C(=O)[C@H]([C@@H](C)O)NC(=O)[C@H](Cc2ccc(C(F)(F)F)cc2)NC(=O)[C@H](CC(C)C)N(C)C(=O)[C@@H]2CCCN2C(=O)C[C@@H](C(=O)N2CCCCC2)NC1=O,-5.72,training
CC[C@H](C)[C@@H]1NC(=O)[C@H](CC(C)C)NC(=O)[C@H](CC(C)C)N(C)C(=O)[C@H](C)NC(=O)C[C@@H](C(=O)N2CCCCC2)NC(=O)[C@H](CC(C)C)N(C)C(=O)[C@H]([C@@H](C)O)NC(=O)[C@H](Cc2ccc(C(F)(F)F)cc2)NC(=O)[C@H](CC(C)C)N(C)C1=O,-5.68,training
CC(C)C[C@@H]1NC(=O)[C@H](CC(C)C)N(C)C(=O)[C@H](C(C)C)NC(=O)C[C@@H](C(=O)N2CCCCC2)NC(=O)[C@H](CC(C)C)N(C)C(=O)[C@H]([C@@H](C)O)NC(=O)[C@H](Cc2ccc(C(F)(F)F)cc2)NC(=O)[C@H](CC(C)C)N(C)C(=O)[C@H](C)N(C)C1=O,-5.77,training
CC(C)C[C@@H]1NC(=O)[C@H](CC(C)C)N(C)C(=O)[C@@H](C)NC(=O)C[C@@H](C(=O)N2CCCCC2)N(C)C(=O)[C@H](CC(C)C)N(C)C(=O)[C@H]([C@@H](C)O)NC(=O)[C@H](CC(C)C)N(C)C(=O)[C@H](Cc2ccc(C(F)(F)F)cc2)NC1=O,-5.77,training
CC(C)C[C@H]1C(=O)N(C)CC(=O)N[C@@H](Cc2ccccc2)C(=O)N[C@@H](Cc2ccc(C(F)(F)F)cc2)C(=O)N(C)[C@@H](CC(C)C)C(=O)N(C)[C@@H](CC(C)C)C(=O)N[C@@H]([C@@H](C)O)C(=O)N(C)[C@H](C(=O)N2CCCCC2)CC(=O)N1C,-5.77,training
CC(C)C[C@@H]1NC(=O)C[C@@H](C(=O)N2CCCCC2)N(C)C(=O)[C@H](Cc2ccc(C(F)(F)F)cc2)NC(=O)[C@H](CC(C)C)N(C)C(=O)CN(C)C(=O)[C@H]([C@@H](C)O)NC(=O)[C@H](CC(C)C)N(C)C(=O)[C@H](CC(C)C)N(C)C1=O,-5.49,training
CC(C)C[C@@H]1NC(=O)C[C@@H](C(=O)N2CCCCC2)NC(=O)[C@H](CC(C)C)N(C)C(=O)[C@H](CC(C)C)N(C)C(=O)[C@H](Cc2ccc(C(F)(F)F)cc2)NC(=O)[C@H](CC(C)C)N(C)C(=O)[C@H]([C@@H](C)O)NC(=O)[C@H](CC(C)C)N(C)C(=O)[C@H](C)N(C)C1=O,-5.85,training
CCO[C@@H]1C[C@H]2C(=O)N(C)[C@@H](CC(C)C)C(=O)N[C@@H]([C@@H](C)O)C(=O)N(C)[C@@H](CC(C)C)C(=O)N(C)[C@@H](C(C)C)C(=O)N[C@@H](Cc3ccc(C(F)(F)F)cc3)C(=O)N3CCCC[C@@H]3C(=O)N[C@@H](CC(C)C)C(=O)N[C@H](C(=O)N3CCCCC3)CC(=O)N(C)[C@H](C)C(=O)N(C)[C@@H](CC(C)C)C(=O)N2C1,-5.85,training
CC(C)C[C@@H]1NC(=O)[C@H](CC(C)C)N(C)C(=O)[C@H](CC(C)C)N(C)C(=O)[C@H](CC(C)C)NC(=O)CN(C)C(=O)[C@H](Cc2ccc(C(F)(F)F)cc2)NC(=O)[C@H]([C@@H](C)O)NC(=O)[C@@H]2CCCN2C(=O)[C@@H]2CCCN2C(=O)C[C@@H](C(=O)N2CCCCC2)NC(=O)[C@H](CC(C)C)N(C)C1=O,-7.54,training
CC(C)C[C@@H]1NC(=O)[C@@H]2CCCN2C(=O)[C@H](CC(C)C)N(C)C(=O)[C@H](CC(C)C)NC(=O)CN(C)C(=O)[C@H](Cc2ccc(C(F)(F)F)cc2)NC(=O)[C@H]([C@@H](C)O)NC(=O)[C@H](CC(C)C)N(C)C(=O)[C@@H]2CCCN2C(=O)C[C@@H](C(=O)N2CCCCC2)NC(=O)[C@H](CC(C)C)N(C)C1=O,-7.54,training
CC(C)C[C@@H]1NC(=O)[C@H](CC(C)C)N(C)C(=O)[C@@H]2CCCN2C(=O)[C@H](CC(C)C)NC(=O)CN(C)C(=O)[C@H](Cc2cccc(Cl)c2)NC(=O)[C@H]([C@@H](C)O)NC(=O)[C@H](CC(C)C)N(C)C(=O)[C@H](CC(C)C)N(C)C(=O)C[C@@H](C(=O)N2CCCC2)NC(=O)[C@H](CC(C)C)N(C)C1=O,-6.14,training
CC(C)C[C@@H]1NC(=O)[C@H](CC(C)C)N(C)C(=O)[C@H](C(C)C)NC(=O)[C@H](CC(C)C)N(C)C(=O)[C@@H]2CCCCN2C(=O)[C@H]([C@@H](C)O)NC(=O)[C@H](CC(C)C)N(C)C(=O)[C@H](CC(C)C)NC(=O)[C@H](CC(C)C)N(C)C(=O)[C@@H](C)N(C)C(=O)C[C@@H](C(=O)N2CCCC2)NC1=O,-6.2,training
CC(C)C[C@@H]1NC(=O)[C@H](CC(C)C)N(C)C(=O)[C@H](CC(C)C)N(C)C(=O)CN(C)C(=O)[C@H]([C@@H](C)O)NC(=O)[C@H](CC(C)C)N(C)C(=O)[C@H](CC(C)C)N(C)C(=O)[C@H](Cc2ccc(C(F)(F)F)cc2)NC(=O)[C@@H](C(C)C)NC(=O)C[C@@H](C(=O)N2CCCCC2)NC1=O,-5.96,training
CC[C@H](C)[C@@H]1NC(=O)[C@H](C)NC(=O)C[C@@H](C(=O)N2CCCCC2)NC(=O)[C@H](C(C)C)NC(=O)[C@H](Cc2ccccc2)N(C)C(=O)[C@H](CC(C)C)NC(=O)[C@H]([C@@H](C)O)NC(=O)[C@H](Cc2ccccc2)NC(=O)[C@H](C)NC(=O)CN(C)C(=O)[C@H](CC(C)C)NC1=O,-7.29,training
CC[C@H](C)[C@H]1C(=O)N[C@@H](CC(C)C)C(=O)N(C)CC(=O)N[C@@H]([C@@H](C)O)C(=O)N[C@@H](Cc2ccccc2)C(=O)N[C@@H](C)C(=O)N(C)[C@@H](CC(C)C)C(=O)N[C@@H](Cc2ccccc2)C(=O)N[C@@H](C(C)C)C(=O)N[C@H](C(=O)N2CCCCC2)CC(=O)N[C@@H](C)C(=O)N[C@@H](CC(C)C)C(=O)N1C,-7.42,training
CC(C)C[C@H]1C(=O)N(C)[C@@H](Cc2ccccc2)C(=O)N[C@@H](C)C(=O)N2CCC[C@H]2C(=O)N(C)[C@@H](CC(C)C)C(=O)N(C)[C@@H](Cc2ccccc2)C(=O)N(C)[C@@H](C(C)C)C(=O)N[C@H](C(=O)N2CCCCC2)CC(=O)N[C@H](C)C(=O)N[C@@H]([C@@H](C)O)C(=O)N(C)CC(=O)N1C,-6.89,training
CC(C)C[C@@H]1NC(=O)[C@H](C)NC(=O)C[C@@H](C(=O)N2CCCCC2)NC(=O)[C@H](Cc2ccccc2)N(C)C(=O)[C@H](CC(C)C)N(C)C(=O)[C@H](C)NC(=O)[C@H](Cc2ccccc2)N(C)C(=O)[C@H](CC(C)C)N(C)C1=O,-5.72,training
CC[C@H](C)[C@H]1C(=O)N(C)[C@@H](CC(C)C)C(=O)N(C)[C@@H](Cc2ccccc2)C(=O)N[C@@H](CC(C)C)C(=O)N(C)[C@@H](C(C)C)C(=O)N[C@@H](Cc2ccccc2)C(=O)N[C@@H]([C@@H](C)O)C(=O)N[C@H](C(=O)N2CCCCC2)CC(=O)N(C)CCC(=O)N[C@@H](C)C(=O)N1C,-7.77,training
CC[C@H](C)[C@@H]1NC(=O)[C@H](C)NC(=O)C[C@@H](C(=O)N2CCCCC2)NC(=O)[C@H](Cc2ccccc2)NC(=O)[C@H](C(C)C)NC(=O)[C@H](CC(C)C)NC(=O)[C@H](C)NC(=O)[C@H](Cc2ccccc2)N(C)C(=O)[C@H]([C@@H](C)O)NC(=O)[C@H](CC(C)C)NC(=O)[C@H](CC(C)C)N(C)C1=O,-7.08,training
CC[C@H](C)[C@H]1C(=O)N(C)[C@@H](C)C(=O)N[C@@H](Cc2ccccc2)C(=O)N[C@@H]([C@@H](C)O)C(=O)N[C@@H](CC(C)C)C(=O)N(C)[C@@H](Cc2ccccc2)C(=O)N(C)[C@@H](C(C)C)C(=O)N[C@H](C(=O)N2CCCCC2)CC(=O)N[C@@H](C)C(=O)N[C@@H](CC(C)C)C(=O)N1C,-6.92,training
CC[C@H](C)[C@H]1C(=O)N[C@@H](C)C(=O)N(C)[C@@H](Cc2ccccc2)C(=O)N[C@@H]([C@@H](C)O)C(=O)N(C)[C@@H](CC(C)C)C(=O)N[C@@H](Cc2ccccc2)C(=O)N(C)[C@@H](C(C)C)C(=O)N[C@H](C(=O)N2CCCCC2)CC(=O)N[C@@H](C)C(=O)NCC(=O)N(C)[C@@H](CC(C)C)C(=O)N1C,-6.48,training
CC[C@H](C)[C@H]1C(=O)N(C)[C@@H](Cc2ccccc2)C(=O)NCC(=O)N(C)[C@@H](Cc2ccccc2)C(=O)N(C)[C@@H](CC(C)C)C(=O)N(C)[C@@H](CC(C)C)C(=O)N[C@H](C(=O)N2CCCCC2)CC(=O)N[C@H](C(C)C)C(=O)N[C@@H]([C@@H](C)O)C(=O)N(C)[C@@H](C)C(=O)N1C,-7.11,training
CC[C@H](C)[C@H]1C(=O)N(C)[C@@H](CC(C)C)C(=O)N(C)[C@@H](Cc2ccccc2)C(=O)N[C@@H]([C@@H](C)O)C(=O)N(C)[C@@H](Cc2ccccc2)C(=O)N(C)[C@@H](CC(C)C)C(=O)N(C)[C@@H](C)C(=O)N[C@H](C(=O)N2CCCCC2)CC(=O)N[C@H](C)C(=O)N[C@@H](C)C(=O)N(C)[C@@H](CC(C)C)C(=O)N1C,-6.77,training
CC[C@H](C)[C@@H]1NC(=O)[C@H](Cc2ccccc2)N(C)C(=O)[C@H](Cc2ccccc2)NC(=O)[C@H](C(C)C)N(C)C(=O)[C@H](CC(C)C)N(C)C(=O)[C@H](CC(C)C)NC(=O)[C@H](C)NC(=O)C[C@@H](C(=O)N2CCCCC2)NC(=O)[C@H]([C@@H](C)O)NC(=O)CNC(=O)[C@H](C)N(C)C1=O,-6.59,training
CC[C@H](C)[C@H]1C(=O)N[C@@H]([C@@H](C)O)C(=O)N(C)CC(=O)N[C@H](C(=O)N2CCCCC2)CC(=O)N[C@H](C)C(=O)N[C@@H](CC(C)C)C(=O)N(C)[C@@H](CC(C)C)C(=O)N(C)[C@@H](Cc2ccccc2)C(=O)N[C@@H](C)C(=O)N(C)[C@@H](Cc2ccccc2)C(=O)N(C)[C@@H](CC(C)C)C(=O)N1C,-6.77,training
CC(C)C[C@@H]1NC(=O)[C@H]([C@@H](C)O)NC(=O)[C@H](Cc2ccccc2)N(C)C(=O)[C@H](CC(C)C)N(C)C(=O)[C@H](Cc2ccccc2)N(C)C(=O)[C@H](C)N(C)C(=O)[C@H](C)N(C)C(=O)[C@H](CC(C)C)N(C)C(=O)[C@@H](C)NC(=O)C[C@@H](C(=O)N2CCCCC2)NC1=O,-7.09,training
CC[C@H](C)[C@@H]1NC(=O)[C@H]([C@@H](C)O)NC(=O)[C@H](C)N(C)C(=O)[C@H](CC(C)C)N(C)C(=O)[C@H](Cc2ccccc2)N(C)C(=O)[C@H](Cc2ccccc2)N(C)C(=O)[C@H](C)N(C)C(=O)[C@H](CC(C)C)N(C)C(=O)[C@@H](C(C)C)NC(=O)C[C@@H](C(=O)N2CCCCC2)NC1=O,-6.68,training
CC[C@H](C)[C@H]1C(=O)N[C@@H](C)C(=O)N[C@@H](Cc2ccccc2)C(=O)N(C)[C@@H](Cc2ccccc2)C(=O)N[C@@H]([C@@H](C)O)C(=O)N(C)[C@@H](C)C(=O)N[C@@H](CC(C)C)C(=O)N[C@H](C(=O)N2CCCCC2)CC(=O)N[C@H](C(C)C)C(=O)N(C)[C@@H](C(C)C)C(=O)NCC(=O)N(C)[C@@H](CC(C)C)C(=O)N1C,-7.01,training
CC[C@H](C)[C@@H]1NC(=O)[C@H](Cc2ccccc2)N(C)C(=O)[C@H](Cc2ccccc2)NC(=O)[C@H](C(C)C)N(C)C(=O)[C@H](CC(C)C)N(C)C(=O)[C@H](CC(C)C)NC(=O)[C@@H](C)NC(=O)C[C@@H](C(=O)N2CCCCC2)NC(=O)[C@H]([C@@H](C)O)NC(=O)[C@H](C)NC(=O)[C@H](C)N(C)C1=O,-7.38,training
CC[C@H](C)[C@H]1C(=O)N[C@@H]([C@@H](C)O)C(=O)N[C@@H](CC(C)C)C(=O)N[C@H](C(=O)N2CCCCC2)CC(=O)N[C@H](C)C(=O)N(C)[C@@H](CC(C)C)C(=O)N(C)[C@@H](CC(C)C)C(=O)N(C)[C@@H](Cc2ccccc2)C(=O)N(C)[C@@H](CC(C)C)C(=O)N(C)[C@@H](Cc2ccccc2)C(=O)N[C@@H](C)C(=O)N1C,-6.96,training
CC[C@H](C)[C@H]1C(=O)N[C@@H](Cc2ccccc2)C(=O)N[C@H](C(=O)N2CCCCC2)CC(=O)N[C@H](C)C(=O)N[C@@H](C)C(=O)N(C)[C@@H](CC(C)C)C(=O)N(C)[C@@H](CC(C)C)C(=O)N(C)[C@@H](Cc2ccccc2)C(=O)N[C@@H]([C@@H](C)O)C(=O)N(C)[C@@H](C)C(=O)N(C)[C@@H](C(C)C)C(=O)N1C,-6.64,training
CC[C@H](C)[C@H]1C(=O)N[C@@H]([C@@H](C)O)C(=O)N(C)CC(=O)N[C@H](C(=O)N2CCCCC2)CC(=O)N[C@H](C(C)C)C(=O)N[C@@H](CC(C)C)C(=O)N(C)[C@@H](CC(C)C)C(=O)N(C)[C@@H](Cc2ccccc2)C(=O)N[C@@H](C)C(=O)N(C)[C@@H](Cc2ccccc2)C(=O)N(C)[C@@H](CC(C)C)C(=O)N1C,-6.31,training
CC[C@H](C)[C@H]1C(=O)N(C)[C@@H](CC(C)C)C(=O)N[C@@H]([C@@H](C)O)C(=O)N[C@H](C(=O)N2CCCCC2)CC(=O)N[C@H](C(C)C)C(=O)N(C)[C@@H](C)C(=O)N(C)[C@@H](CC(C)C)C(=O)N(C)[C@@H](Cc2ccccc2)C(=O)N[C@@H](C)C(=O)N(C)[C@@H](CC(C)C)C(=O)N(C)[C@@H](Cc2ccccc2)C(=O)N1C,-6.52,training
CC[C@H](C)[C@H]1C(=O)N(C)[C@@H](CC(C)C)C(=O)N[C@@H](C)C(=O)N(C)[C@@H](CC(C)C)C(=O)N(C)[C@@H](Cc2ccccc2)C(=O)N[C@@H]([C@@H](C)O)C(=O)N(C)[C@@H](Cc2ccccc2)C(=O)N(C)[C@@H](CC(C)C)C(=O)N(C)[C@@H](C)C(=O)N[C@H](C(=O)N2CCCCC2)CC(=O)N[C@H](C(C)C)C(=O)N1C,-6.2,training
CC[C@H](C)[C@H]1C(=O)N(C)[C@@H](CC(C)C)C(=O)N[C@@H](Cc2ccccc2)C(=O)N[C@@H]([C@@H](C)O)C(=O)N[C@@H](CC(C)C)C(=O)N(C)[C@@H](Cc2ccccc2)C(=O)N(C)[C@@H](C(C)C)C(=O)N[C@H](C(=O)N2CCCCC2)CC(=O)N[C@H](C)C(=O)N[C@@H](C)C(=O)N1C,-6.68,training
CC[C@H](C)[C@H]1C(=O)N[C@@H](C)C(=O)N[C@H](C(=O)N2CCCCC2)CC(=O)N[C@H](C(C)C)C(=O)N[C@@H](Cc2ccccc2)C(=O)N(C)[C@@H](C(C)C)C(=O)N(C)[C@@H](C)C(=O)N[C@@H]([C@@H](C)O)C(=O)N(C)CC(=O)N(C)[C@@H](CC(C)C)C(=O)N1C,-6.96,training
CC[C@H](C)[C@@H]1NC(=O)[C@H](CC(C)C)N(C)C(=O)[C@H](Cc2ccccc2)N(C)C(=O)[C@@H](C(C)C)NC(=O)C[C@@H](C(=O)N2CCCCC2)NC(=O)[C@H](CC(C)C)N(C)C(=O)[C@H](C)N(C)C(=O)[C@H]([C@@H](C)O)NC(=O)[C@H](Cc2ccccc2)N(C)C(=O)[C@H](C)N(C)C1=O,-5.77,training
CC[C@H](C)[C@H]1C(=O)N(C)[C@@H](CC(C)C)C(=O)N(C)[C@@H](Cc2ccccc2)C(=O)N[C@@H]([C@@H](C)O)C(=O)N(C)[C@@H](Cc2ccccc2)C(=O)N(C)[C@@H](CC(C)C)C(=O)N(C)[C@@H](CC(C)C)C(=O)N[C@H](C(=O)N2CCCCC2)CC(=O)N[C@H](C(C)C)C(=O)N[C@@H](C)C(=O)N1C,-5.82,training
CC[C@H](C)[C@@H]1NC(=O)[C@H](Cc2ccccc2)N(C)C(=O)[C@H](CCc2ccccc2)NC(=O)[C@H](C(C)C)N(C)C(=O)[C@H](CC(C)C)N(C)C(=O)[C@H](CC(C)C)NC(=O)[C@@H](C)NC(=O)C[C@@H](C(=O)N2CCCCC2)NC(=O)[C@H]([C@@H](C)O)NC(=O)[C@H](C)NC(=O)[C@H](C)N(C)C1=O,-7.07,training
CC[C@H](C)[C@@H]1NC(=O)[C@H](Cc2ccccc2)N(C)C(=O)[C@H](CCCc2ccccc2)NC(=O)[C@H](C(C)C)N(C)C(=O)[C@H](CC(C)C)N(C)C(=O)[C@H](CC(C)C)NC(=O)[C@@H](C)NC(=O)C[C@@H](C(=O)N2CCCCC2)NC(=O)[C@H]([C@@H](C)O)NC(=O)[C@H](C)NC(=O)[C@H](C)N(C)C1=O,-7.24,training
CC[C@H](C)[C@H]1C(=O)N[C@@H]([C@@H](C)O)C(=O)N(C)CC(=O)N[C@H](C(=O)N2CCCCC2)CC(=O)N[C@H](C(C)C)C(=O)N[C@@H](CC(C)C)C(=O)N(C)[C@@H](CC(C)C)C(=O)N(C)[C@@H](Cc2ccccc2)C(=O)N[C@H](C)C(=O)N(C)[C@@H](Cc2ccccc2)C(=O)N(C)[C@@H](CC(C)C)C(=O)N1C,-6.1,training
CC[C@H](C)[C@H]1C(=O)N(C)[C@@H](CC(C)C)C(=O)N[C@H](C)C(=O)N(C)[C@@H](CC(C)C)C(=O)N(C)[C@@H](Cc2ccccc2)C(=O)N[C@@H]([C@@H](C)O)C(=O)N(C)[C@@H](Cc2ccccc2)C(=O)N(C)[C@@H](CC(C)C)C(=O)N(C)[C@@H](C)C(=O)N[C@H](C(=O)N2CCCCC2)CC(=O)N[C@H](C(C)C)C(=O)N1C,-5.85,training
CC[C@H](C)[C@H]1C(=O)N(C)[C@@H](CC(C)C)C(=O)N(C)[C@@H](Cc2ccccc2)C(=O)N[C@@H]([C@@H](C)O)C(=O)N(C)[C@@H](Cc2ccccc2)C(=O)N(C)[C@@H](CC(C)C)C(=O)N(C)[C@@H](C)C(=O)N[C@H](C(=O)N2CCCCC2)CC(=O)N[C@H](C)C(=O)N[C@H](C)C(=O)N(C)[C@@H](CC(C)C)C(=O)N1C,-6.05,training
CC(C)C[C@@H]1NC(=O)[C@H](CC(C)C)N(C)C(=O)[C@H](C)N(C)C(=O)[C@@H](C(C)C)NC(=O)C[C@@H](C(=O)N2CCCCC2)NC(=O)[C@H]([C@@H](C)O)NC(=O)[C@H](C)N(C)C(=O)[C@H](C)N(C)C(=O)[C@H](CC(C)C)N(C)C(=O)[C@H](Cc2ccc(O)c(F)c2)NC(=O)[C@H](Cc2ccccc2)N(C)C1=O,-7.54,training
CC(C)C[C@H]1C(=O)N(C)[C@@H](Cc2ccccc2)C(=O)N[C@@H](C)C(=O)N2CCC[C@H]2C(=O)N(C)[C@@H](CC(C)C)C(=O)N(C)[C@@H](Cc2ccccc2)C(=O)N(C)[C@@H](C(C)C)C(=O)N[C@H](C(=O)N2CCCCC2)CC(=O)N[C@H](C(C)C)C(=O)N[C@@H]([C@@H](C)O)C(=O)N(C)CC(=O)N1C,-7.19,training
CC(C)C[C@H]1C(=O)N(C)[C@@H](Cc2ccccc2)C(=O)N(C)[C@@H](CC(C)C)C(=O)N[C@H](C(=O)N2CCCCC2)CC(=O)N[C@H](C(C)C)C(=O)N[C@@H](C)C(=O)N[C@@H]([C@@H](C)O)C(=O)N(C)[C@@H](C)C(=O)N[C@@H](Cc2ccccc2)C(=O)N1C,-7.21,training
CC(C)C[C@@H]1NC(=O)[C@H](C(C)C)N(C)C(=O)[C@H](Cc2ccccc2)NC(=O)CN(C)C(=O)[C@H]([C@@H](C)O)NC(=O)[C@H](C)N(C)C(=O)[C@H](CC(C)C)N(C)C(=O)[C@@H](C(C)C)NC(=O)C[C@@H](C(=O)N2CCCCC2)NC(=O)[C@H](C)NC(=O)[C@H](CC(C)C)N(C)C1=O,-7.27,training
CC(C)C[C@H]1C(=O)N(C)[C@@H](Cc2ccccc2)C(=O)N(C)[C@@H](CC(C)C)C(=O)N[C@H](C(=O)N2CCCCC2)CC(=O)N[C@H](C)C(=O)N[C@@H](C)C(=O)N[C@@H]([C@@H](C)O)C(=O)N(C)[C@@H](C)C(=O)N[C@@H](Cc2ccccc2)C(=O)N1C,-6.85,training
CC(C)C[C@H]1C(=O)N(C)[C@@H](Cc2ccccc2)C(=O)N[C@H](C(=O)N2CCCCC2)CC(=O)N[C@H](C(C)C)C(=O)N[C@@H](C)C(=O)N[C@@H]([C@@H](C)O)C(=O)N(C)[C@@H](C)C(=O)N[C@@H](Cc2ccccc2)C(=O)N1C,-7.38,training
C=CC[C@@H]1NC(=O)[C@H](CC(C)C)N(C)C(=O)[C@H](C)N(C)C(=O)[C@@H](C(C)C)NC(=O)C[C@@H](C(=O)N2CCCCC2)NC(=O)[C@H]([C@@H](C)O)NC(=O)[C@H](CC(C)C)N(C)C(=O)[C@H](C)N(C)C(=O)[C@H](CC(C)C)N(C)C(=O)[C@H](Cc2ccccc2)NC(=O)[C@H](Cc2ccccc2)N(C)C1=O,-7.18,training
CC(C)C[C@@H]1NC(=O)[C@@H](C(C)C)NC(=O)C[C@@H](C(=O)N2CCCCC2)NC(=O)[C@H](Cc2ccccc2)NC(=O)[C@H](CC(C)C)N(C)C(=O)[C@H](Cc2ccccc2)N(C)C(=O)[C@H](C)N(C)C(=O)[C@H]([C@@H](C)O)NC1=O,-7.2,training
CC(C)C[C@@H]1NC(=O)[C@H](C(C)C)N(C)C(=O)[C@H](CCc2ccccc2)NC(=O)CN(C)C(=O)[C@H]([C@@H](C)O)NC(=O)[C@H](C)N(C)C(=O)[C@H](CC(C)C)N(C)C(=O)[C@@H](C(C)C)NC(=O)C[C@@H](C(=O)N2CCCCC2)NC(=O)[C@H](C)NC(=O)[C@H](CC(C)C)N(C)C1=O,-7.19,training
CC(C)C[C@@H]1NC(=O)CN(C)C(=O)[C@H](CC(C)C)N(C)C(=O)[C@H](Cc2ccccc2)NC(=O)[C@H](Cc2ccccc2)N(C)C(=O)[C@H](C)NC(=O)C[C@@H](C(=O)N2CCCCC2)NC(=O)[C@H](C)N(C)C(=O)[C@H](Cc2ccccc2)N(C)C(=O)[C@H]([C@@H](C)O)NC(=O)[C@H](CC(C)C)N(C)C1=O,-6.66,training
CCCN1CC(=O)N(C)[C@@H](CC(C)C)C(=O)N[C@H](C(=O)N2CCCCC2)CC(=O)N(C)[C@@H](C)C(=O)N[C@@H](COCC(C)(C)O)C(=O)N(C)[C@@H](CC(C)C)C(=O)N(C)[C@@H](Cc2ccccc2)C(=O)N[C@@H](CC(C)C)C(=O)N(C)[C@@H](Cc2ccccc2)C(=O)N(C)[C@@H]([C@@H](C)CC)C(=O)N[C@@H]([C@@H](C)O)C1=O,-5.54,training
CCCN1CC(=O)N(C)[C@@H](CC(C)C)C(=O)N[C@H](C(=O)N2CCCCC2)CC(=O)N(C)[C@@H](C)C(=O)N[C@@H](CC(C)C)C(=O)N(C)[C@@H](CC(C)C)C(=O)N(C)[C@@H](Cc2ccccc2)C(=O)N[C@@H](COCC(C)(C)O)C(=O)N(C)[C@@H](Cc2ccccc2)C(=O)N(C)[C@@H]([C@@H](C)CC)C(=O)N[C@@H]([C@@H](C)O)C1=O,-5.48,training
CCCN1CC(=O)N(C)[C@@H](Cc2ccccc2)C(=O)N[C@@H]([C@@H](C)CC)C(=O)N(C)[C@@H](CC(C)C)C(=O)N[C@@H]([C@@H](C)O)C(=O)N(CCC)CC(=O)N(C)[C@@H](Cc2ccccc2)C(=O)N(C)[C@@H](CC(C)C)C(=O)N[C@@H](COCC(C)(C)O)C(=O)N(C)[C@@H](C(C)C)C(=O)N[C@H](C(=O)N2CCCCC2)CC1=O,-5.94,training
CCCN1CC(=O)N(C)[C@@H](Cc2ccccc2)C(=O)N(C)[C@@H](CC(C)C)C(=O)N[C@@H](C(C)(C)O)C(=O)N(C)[C@@H](CC(C)C)C(=O)N[C@H](C(=O)N2CCCCC2)CC(=O)N(C)CC(=O)N(C)[C@@H](Cc2ccccc2)C(=O)N[C@@H]([C@@H](C)CC)C(=O)N(C)[C@@H](CC(C)C)C(=O)N[C@@H]([C@@H](C)O)C1=O,-6.04,training
CCCN1CC(=O)N(C)[C@@H](Cc2ccccc2)C(=O)N[C@@H]([C@@H](C)CC)C(=O)N(C)[C@@H](CC(C)C)C(=O)N[C@@H]([C@@H](C)O)C(=O)N(CCC)CC(=O)N(C)[C@@H](Cc2ccccc2)C(=O)N(C)[C@@H](CC(C)C)C(=O)N[C@@H](C(C)(C)O)C(=O)N(C)[C@@H](C(C)C)C(=O)N[C@H](C(=O)N2CCCCC2)CC1=O,-5.89,training
CCCCN1CC(=O)N(C)[C@@H](C(C)C)C(=O)N[C@H](C(=O)N2CCCCC2)CC(=O)N(C)[C@@H](C)C(=O)N[C@@H](COCCN(C)C)C(=O)N(C)[C@@H](CC(C)C)C(=O)N(C)[C@@H](Cc2ccccc2)C(=O)N[C@@H](CC(C)C)C(=O)N(C)[C@@H](Cc2ccccc2)C(=O)N(C)[C@@H](CC(C)C)C(=O)N[C@@H]([C@@H](C)O)C1=O,-6.92,training
CCCN1CC(=O)N(C)[C@@H](C(C)C)C(=O)N[C@H](C(=O)N2CCCCC2)CC(=O)N(C)[C@@H](C)C(=O)N[C@@H](CC(C)C)C(=O)N(C)[C@@H](CC(C)C)C(=O)N(C)[C@@H](Cc2ccccc2)C(=O)N[C@@H](COCCN(C)C)C(=O)N(C)[C@@H](Cc2ccccc2)C(=O)N(C)[C@@H](CC(C)C)C(=O)N[C@@H]([C@@H](C)O)C1=O,-6.92,training
CC[C@H](C)[C@H]1C(=O)N[C@@H]([C@@H](C)O)C(=O)N(C)CC(=O)N(C)[C@@H](CC(C)C)C(=O)N[C@H](C(=O)N2CCCCC2)CC(=O)N(C)[C@@H](C(C)C)C(=O)N[C@@H](COCc2cncc(F)c2)C(=O)N(C)[C@@H](CC(C)C)C(=O)N(C)[C@@H](Cc2ccccc2)C(=O)N[C@@H](CC(C)C)C(=O)N(C)[C@@H](Cc2ccccc2)C(=O)N1C,-5.96,training
CCCCN1CC(=O)N(C)[C@@H](CC(C)C)C(=O)N[C@H](C(=O)N2CCCCC2)CC(=O)N(C)[C@@H](C)C(=O)N[C@@H](Cc2ccc(N(C)C)nc2)C(=O)N(C)[C@@H](CC(C)C)C(=O)N(C)[C@@H](Cc2ccccc2)C(=O)N[C@@H](CC(C)C)C(=O)N(C)[C@@H](C)C(=O)N(C)[C@@H](CC(C)C)C(=O)N[C@@H]([C@@H](C)O)C1=O,-5.57,training
CCCCCN1CC(=O)N(C)[C@@H](CC(C)C)C(=O)N[C@H](C(=O)N2CCCCC2)CC(=O)N(C)[C@@H](C(C)C)C(=O)N[C@@H](CC(C)C)C(=O)N(C)[C@@H](CC)C(=O)N(C)[C@@H](Cc2ccccc2)C(=O)N[C@@H](C)C(=O)N(C)[C@@H](Cc2ccccc2)C(=O)N(C)[C@@H](CC)C(=O)N[C@@H]([C@@H](C)O)C1=O,-5.05,training
CCCCCN1CC(=O)N[C@@H]([C@@H](C)O)C(=O)N(C)CC(=O)N(C)[C@@H](CC(C)C)C(=O)N[C@H](C(=O)N2CCCCC2)CC(=O)N(C)[C@@H](CC)C(=O)N[C@@H](CC(C)C)C(=O)N(C)[C@@H](CC(C)C)C(=O)N(C)[C@@H](Cc2ccccc2)C(=O)N[C@@H](CC)C(=O)N(C)[C@@H](Cc2ccccc2)C1=O,-5.74,training
CC[C@H]1C(=O)N(C)[C@@H](Cc2ccccc2)C(=O)N[C@@H](C)C(=O)N(C)[C@@H](CC(C)C)C(=O)N(C)[C@@H](CC)C(=O)N[C@@H]([C@@H](C)O)C(=O)N(CCc2ccccc2)CC(=O)N(C)[C@@H](CC(C)C)C(=O)N[C@H](C(=O)N2CCCCC2)CC(=O)N(C)[C@@H](C(C)C)C(=O)N[C@@H](CC(C)C)C(=O)N1C,-5.22,training
CC[C@@H]1NC(=O)[C@H](Cc2ccccc2)N(C)C(=O)[C@H](CC(C)C)N(C)C(=O)[C@H](CC(C)C)NC(=O)[C@H](CC)N(C)C(=O)C[C@@H](C(=O)N2CCCCC2)NC(=O)[C@H](CC(C)C)N(C)C(=O)CN(C)C(=O)[C@H]([C@@H](C)O)NC(=O)CN(CCc2ccccc2)C(=O)[C@H](CC(C)C)N(C)C1=O,-5.48,training
CCOCCN1CC(=O)N(C)[C@@H](CC(C)C)C(=O)N[C@H](C(=O)N2CCCCC2)CC(=O)N(C)[C@@H](C(C)C)C(=O)N[C@@H](CC(C)C)C(=O)N(C)[C@@H](CC)C(=O)N(C)[C@@H](Cc2ccccc2)C(=O)N[C@@H](CC(C)C)C(=O)N(C)[C@@H](Cc2ccccc2)C(=O)N(C)[C@@H](CC)C(=O)N[C@@H]([C@@H](C)O)C1=O,-5.0,training
CC[C@H]1C(=O)N(C)[C@@H](Cc2ccccc2)C(=O)N[C@@H](C)C(=O)N(C)[C@@H](CC(C)C)C(=O)N(C)[C@@H](CC)C(=O)N[C@@H]([C@@H](C)O)C(=O)N(CCOc2ccccc2)CC(=O)N(C)[C@@H](CC(C)C)C(=O)N[C@H](C(=O)N2CCCCC2)CC(=O)N(C)[C@@H](C(C)C)C(=O)N[C@@H](CC(C)C)C(=O)N1C,-5.35,training
CC[C@@H]1NC(=O)[C@H](Cc2ccccc2)N(C)C(=O)[C@H](CC(C)C)N(C)C(=O)[C@H](CC(C)C)NC(=O)[C@H](CC)N(C)C(=O)C[C@@H](C(=O)N2CCCCC2)NC(=O)[C@H](CC(C)C)N(C)C(=O)CN(C)C(=O)[C@H]([C@@H](C)O)NC(=O)CN(CCOc2ccccc2)C(=O)[C@H](CC(C)C)N(C)C1=O,-5.92,training
CCCN1CC(=O)N(C)[C@@H](CC(C)C)C(=O)N[C@H](C(=O)N2CCCCC2)CC(=O)N(C)[C@@H](C)C(=O)N[C@@H](COC[C@H](C)O)C(=O)N(C)[C@@H](CC(C)C)C(=O)N(C)[C@@H](Cc2cccc(Cl)c2)C(=O)N[C@@H](CC(C)C)C(=O)N(C)[C@@H](Cc2ccccc2)C(=O)N(C)[C@@H]([C@@H](C)CC)C(=O)N[C@@H]([C@@H](C)O)C1=O,-5.92,training
CC(C)C[C@@H]1NC(=O)[C@H](Cc2ccccc2)N(C)C(=O)[C@H](CC(C)C)N(C)C(=O)[C@H](COCCC(C)(C)O)NC(=O)[C@H](C)N(C)C(=O)C[C@@H](C(=O)N2CCCCC2)NC(=O)[C@H](CC(C)C)N(C)C(=O)CN(C)C(=O)[C@H]([C@@H](C)O)NC(=O)[C@H](CC(C)C)N(C)C(=O)[C@H](CCc2ccccc2)N(C)C1=O,-5.89,training
CC(C)C[C@@H]1NC(=O)[C@H](C)N(C)C(=O)C[C@@H](C(=O)N2CCCCC2)NC(=O)[C@H](CC(C)C)N(C)C(=O)CN(C)C(=O)[C@H]([C@@H](C)O)NC(=O)[C@H](CC(C)C)N(C)C(=O)[C@H](CCc2ccccc2)N(C)C(=O)[C@H](COCCC(C)(C)O)NC(=O)[C@H](Cc2ccccc2)N(C)C(=O)[C@H](CC(C)C)N(C)C1=O,-5.89,training
CCCN1CC(=O)N(C)[C@@H](CC(C)C)C(=O)N[C@@H](CC(C)C)C(=O)N(C)[C@@H](Cc2ccccc2)C(=O)N(C)[C@@H](C)C(=O)N[C@H](C(=O)N2CCCCC2)CC(=O)N[C@H](CC(C)C)C(=O)N(C)[C@@H](Cc2ccccc2)C(=O)N[C@@H](COCC(=O)NC(C)(C)C)C(=O)N(C)[C@@H](CC(C)C)C(=O)N[C@@H]([C@@H](C)O)C1=O,-5.96,training
CCCCN1CC(=O)N(C)[C@@H](CCN2CCOCC2)C(=O)N[C@H](C(=O)N2CCCCC2)CC(=O)N(C)[C@@H](C)C(=O)N[C@@H](CC(C)C)C(=O)N(C)[C@@H](CC(C)C)C(=O)N(C)[C@@H](Cc2ccccc2)C(=O)N[C@@H](CC(C)C)C(=O)N(C)[C@@H](Cc2ccccc2)C(=O)N(C)[C@@H](CC(C)C)C(=O)N[C@@H]([C@@H](C)O)C1=O,-5.92,training
CC(C)C[C@@H]1NC(=O)[C@H](Cc2ccccc2)N(C)C(=O)[C@H](CC(C)C)N(C)C(=O)[C@H](CC(C)C)NC(=O)[C@H](C)N(C)C(=O)C[C@@H](C(=O)N2CCCCC2)NC(=O)[C@H](CC(C)C)N(C)C(=O)CN(C)C(=O)[C@H]([C@@H](C)O)NC(=O)CN(CCN2CCC(F)(F)CC2)C(=O)[C@H](Cc2ccccc2)N(C)C1=O,-5.3,training
CCCCN1CC(=O)N(C)[C@@H](C)C(=O)N[C@H](C(=O)N2CCCCC2)CC(=O)N(C)[C@@H](C)C(=O)N[C@@H](Cc2ccc(OC(F)F)cc2)C(=O)N(C)[C@@H](CC(C)C)C(=O)N(C)[C@@H](Cc2ccccc2)C(=O)N[C@@H](CC(C)C)C(=O)N(C)[C@@H](CC(C)C)C(=O)N(C)[C@@H]([C@@H](C)CC)C(=O)N[C@@H]([C@@H](C)O)C1=O,-6.0,training
CCCCN1CC(=O)N(C)[C@@H](CC(C)C)C(=O)N[C@H](C(=O)N2CCCCC2)CC(=O)N(C)[C@@H](C)C(=O)N[C@@H](COC[C@@H](C)O)C(=O)N(C)[C@@H](CC(C)C)C(=O)N(C)[C@@H](Cc2cccc(Cl)c2)C(=O)N[C@@H](CC(C)C)C(=O)N(C)[C@@H](Cc2ccccc2)C(=O)N(C)[C@@H]([C@@H](C)CC)C(=O)N[C@@H]([C@@H](C)O)C1=O,-5.96,training
CCCN1CC(=O)N(C)[C@@H](CC(C)C)C(=O)N[C@H](C(=O)N2CCCCC2)CC(=O)N(C)[C@@H](C)C(=O)N[C@@H](C(C)(C)O)C(=O)N(C)[C@@H](CC(C)C)C(=O)N(C)[C@@H](Cc2ccccc2)C(=O)N[C@@H](CC(C)C)C(=O)N(C)[C@@H](Cc2ccccc2)C(=O)N(C)[C@@H](CC(C)C)C(=O)N[C@@H]([C@@H](C)O)C1=O,-5.64,training
CCCN1CC(=O)N(C)[C@@H](CC(C)C)C(=O)N[C@H](C(=O)N2CCCCC2)CC(=O)N(C)[C@@H](C)C(=O)N[C@@H](CC(C)C)C(=O)N(C)[C@@H](CC(C)C)C(=O)N(C)[C@@H](Cc2ccccc2)C(=O)N[C@@H](C(C)(C)O)C(=O)N(C)[C@@H](Cc2ccccc2)C(=O)N(C)[C@@H](CC(C)C)C(=O)N[C@@H]([C@@H](C)O)C1=O,-5.57,training
CCCCN1CC(=O)N(C)[C@@H](CC(C)C)C(=O)N[C@H](C(=O)N2CCCCC2)CC(=O)N(C)[C@@H](C)C(=O)N[C@@H](CCCCN(C)C)C(=O)N(C)[C@@H](CC(C)C)C(=O)N(C)[C@@H](Cc2ccccc2)C(=O)N[C@@H](CC(C)C)C(=O)N(C)[C@@H](Cc2ccccc2)C(=O)N(C)[C@@H](C)C(=O)N[C@@H]([C@@H](C)O)C1=O,-7.1,training
CC(C)CCOC[C@H]1C(=O)N[C@@H]([C@@H](C)O)C(=O)N(C)CC(=O)N(C)[C@@H](CC(C)C)C(=O)N[C@H](C(=O)N2CCCCC2)CC(=O)N(C)[C@@H](C)C(=O)N[C@@H](CC(C)C)C(=O)N(C)[C@@H](CC(C)C)C(=O)N(C)[C@@H](Cc2ccccc2)C(=O)N[C@@H](CCCCN(C)C)C(=O)N(C)[C@@H](Cc2ccccc2)C(=O)N1C,-7.57,training
CC[C@H]1C(=O)N[C@@H](CC(C)C)C(=O)N(C)[C@@H](CC(C)C)C(=O)N(C)[C@@H](Cc2ccccc2)C(=O)N[C@@H](CCCCO)C(=O)N(C)[C@@H](CCc2ccccc2)C(=O)N(C)[C@@H](CC(C)C)C(=O)N[C@@H]([C@@H](C)O)C(=O)N(C)CC(=O)N(C)[C@@H](CC(C)C)C(=O)N[C@H](C(=O)N2CCCCC2)CC(=O)N1C,-6.0,training
CCCN1CC(=O)N(C)[C@@H](CC(C)C)C(=O)N[C@@H](COCCN(C)C)C(=O)N(C)[C@@H](Cc2ccccc2)C(=O)N(C)[C@@H](C(C)C)C(=O)N[C@H](C(=O)N2CCCCC2)CC(=O)N[C@H](C(C)C)C(=O)N(C)[C@@H](Cc2ccccc2)C(=O)N[C@@H](CC(C)C)C(=O)N(C)[C@@H](CC(C)C)C(=O)N[C@@H]([C@@H](C)O)C1=O,-6.92,training
CCCCN1CC(=O)N(C)[C@@H](CC(C)C)C(=O)N[C@@H](COCCN(C)C)C(=O)N(C)[C@@H](Cc2ccccc2)C(=O)N(C)[C@@H](C(C)C)C(=O)N[C@H](C(=O)N2CCCCC2)CC(=O)N[C@H](CC(C)C)C(=O)N(C)[C@@H](Cc2ccccc2)C(=O)N[C@@H](CC(C)C)C(=O)N(C)[C@@H](CC(C)C)C(=O)N[C@@H]([C@@H](C)O)C1=O,-7.15,training
CCCCN1CC(=O)N(C)[C@@H](CC(C)C)C(=O)N[C@@H](CC(C)C)C(=O)N(C)[C@@H](Cc2ccccc2)C(=O)N(C)[C@@H](C)C(=O)N[C@H](C(=O)N2CCCCC2)CC(=O)N[C@H](C(C)C)C(=O)N(C)[C@@H](Cc2ccccc2)C(=O)N[C@@H](CC(C)C)C(=O)N(C)[C@@H](CCC2CCC(F)(F)CC2)C(=O)N[C@@H]([C@@H](C)O)C1=O,-5.74,training
CCCCN1CC(=O)N(C)[C@@H](Cc2ccccc2)C(=O)N[C@@H](CC(C)C)C(=O)N(C)[C@@H](CC(C)C)C(=O)N[C@@H]([C@@H](C)O)C(=O)N(C)CC(=O)N(C)[C@@H](Cc2ccccc2)C(=O)N(C)[C@@H](CCC2CCC(F)(F)CC2)C(=O)N[C@@H](CC(C)C)C(=O)N(C)[C@@H](C(C)C)C(=O)N[C@H](C(=O)N2CCCCC2)CC1=O,-5.77,training
CCCCN1CC(=O)N(C)[C@@H](Cc2ccccc2)C(=O)N[C@@H]([C@@H](C)CC)C(=O)N(C)[C@@H](CC(C)C)C(=O)N[C@@H]([C@@H](C)O)C(=O)N(CCC)CC(=O)N(C)[C@@H](Cc2ccccc2)C(=O)N(C)[C@@H](CC(C)C)C(=O)N[C@@H](COCC(=O)NC(C)(C)C)C(=O)N(C)[C@@H](C)C(=O)N[C@H](C(=O)N2CCCCC2)CC1=O,-6.0,training
CCCCN1CC(=O)N(C)[C@@H](Cc2ccccc2)C(=O)N(C)[C@@H](CC(C)C)C(=O)N[C@@H](CC(C)C)C(=O)N(C)[C@@H](CC(C)C)C(=O)N[C@H](C(=O)N2CCCCC2)CC(=O)N(C)CC(=O)N(C)[C@@H](Cc2ccccc2)C(=O)N[C@@H](CCOCC)C(=O)N(C)[C@@H](CC(C)C)C(=O)N[C@@H]([C@@H](C)O)C1=O,-5.96,training
CCCCN1CC(=O)N(C)[C@@H](C(C)C)C(=O)N[C@H](C(=O)N2CCCCC2)CC(=O)N(C)[C@@H](C)C(=O)N[C@@H](CC(C)C)C(=O)N(C)[C@@H](CC(C)C)C(=O)N(C)[C@@H](Cc2ccccc2)C(=O)N[C@@H](CC(C)C)C(=O)N(C)[C@@H](Cc2ccccc2)C(=O)N(C)[C@@H](CCN2CCOCC2)C(=O)N[C@@H]([C@@H](C)O)C1=O,-5.64,training
CCCCN1CC(=O)N(C)[C@@H](Cc2ccccc2)C(=O)N[C@@H](CC(C)C)C(=O)N(C)[C@@H](CC(C)C)C(=O)N[C@@H]([C@@H](C)O)C(=O)N(C)CC(=O)N(C)[C@@H](Cc2ccccc2)C(=O)N(C)[C@@H](CC(C)C)C(=O)N[C@@H](CCCCN(C)C)C(=O)N(C)[C@@H](C(C)C)C(=O)N[C@H](C(=O)N2CCCCC2)CC1=O,-7.17,training
CC(C)C[C@H]1C(=O)N(C)[C@@H](C)C(=O)N[C@@H](C)C(=O)N[C@H](C(=O)N2CCCCC2)CC(=O)N(C)CCC(=O)N(C)[C@@H](Cc2ccccc2)C(=O)N(C)[C@@H](C)C(=O)N[C@@H]([C@@H](C)O)C(=O)N(C)[C@@H](C)C(=O)N[C@@H](Cc2ccccc2)C(=O)N(C)[C@@H](C(C)C)C(=O)N1C,-7.11,training
CC(C)C[C@H]1C(=O)N(C)[C@@H](C(C)C)C(=O)N(C)[C@@H](C)C(=O)N[C@H](C(=O)N2CCCCC2)CC(=O)N(C)CCC(=O)N[C@@H]([C@@H](C)O)C(=O)N[C@@H](C)C(=O)N(C)[C@@H](C)C(=O)N(C)[C@@H](Cc2ccccc2)C(=O)N(C)[C@@H](CC(C)C)C(=O)N[C@@H](Cc2ccccc2)C(=O)N1C,-7.07,training
CC[C@H](C)[C@H]1C(=O)N[C@H](C(=O)N2CCCCC2)CC(=O)N[C@H](C)C(=O)N[C@@H]([C@@H](C)O)C(=O)N(C)[C@@H](C)C(=O)N(C)[C@@H](C(C)C)C(=O)N[C@@H](Cc2ccccc2)C(=O)N(C)CC(=O)N(C)[C@@H](CC(C)C)C(=O)N[C@@H](C)C(=O)N1C,-7.34,training
CC[C@H](C)[C@H]1C(=O)N[C@H](C(=O)N2CCCCC2)CC(=O)N[C@H](C)C(=O)N[C@@H](Cc2ccccc2)C(=O)N(C)[C@@H](C)C(=O)N(C)[C@@H](C(C)C)C(=O)N[C@@H]([C@@H](C)O)C(=O)N(C)CC(=O)N(C)[C@@H](CC(C)C)C(=O)N[C@@H](C)C(=O)N1C,-7.17,training
CC[C@H](C)[C@H]1C(=O)N[C@H](C(=O)N2CCCCC2)CC(=O)N[C@H](C(C)C)C(=O)N[C@@H]([C@@H](C)O)C(=O)N(C)[C@@H](C)C(=O)N(C)[C@@H](C(C)C)C(=O)N[C@@H](Cc2ccccc2)C(=O)N(C)[C@@H](CC(C)C)C(=O)N[C@@H](C)C(=O)N(C)CC(=O)N1C,-7.15,training
CC(C)C[C@@H]1NC(=O)[C@H](CC(C)C)N(C)C(=O)[C@H](C)NC(=O)[C@H](C(C)C)N(C)C(=O)[C@H](Cc2ccccc2)NC(=O)CN(C)C(=O)[C@H]([C@@H](C)O)NC(=O)[C@H](C)N(C)C(=O)[C@H](CC(C)C)N(C)C(=O)[C@@H](C)NC(=O)C[C@@H](C(=O)N2CCCCC2)NC1=O,-7.03,training
CC[C@H](C)[C@H]1C(=O)N(C)CC(=O)N(C)[C@@H](C(C)C)C(=O)N[C@@H]([C@@H](C)O)C(=O)N[C@H](C(=O)N2CCCCC2)CC(=O)N[C@H](C(C)C)C(=O)N(C)[C@@H](C)C(=O)N(C)[C@@H](CC(C)C)C(=O)N[C@@H](CC(C)C)C(=O)N(C)[C@@H](Cc2ccccc2)C(=O)N[C@@H](Cc2ccccc2)C(=O)N1C,-6.96,training
CC(C)C[C@@H]1NC(=O)C[C@@H](C(=O)N2CCCCC2)NC(=O)[C@H]([C@@H](C)O)NC(=O)[C@H](C(C)C)N(C)C(=O)CN(C)C(=O)[C@H](CC(C)C)N(C)C(=O)[C@H](Cc2ccccc2)NC(=O)[C@H](Cc2ccccc2)N(C)C(=O)[C@@H](C(C)C)NC(=O)[C@H](CC(C)C)N(C)C(=O)[C@H](C)N(C)C1=O,-6.06,training
CC(C)C[C@@H]1NC(=O)[C@H](CC(C)C)N(C)C(=O)[C@H](C)N(C)C(=O)[C@H](Cc2ccccc2)NC(=O)C[C@@H](C(=O)N2CCCCC2)NC(=O)[C@H]([C@@H](C)O)NC(=O)[C@H](C(C)C)N(C)C(=O)CN(C)C(=O)[C@H](CC(C)C)N(C)C(=O)[C@@H](C(C)C)NC(=O)[C@H](Cc2ccccc2)N(C)C1=O,-6.16,training
CC(C)C[C@@H]1NC(=O)[C@H](Cc2ccccc2)N(C)C(=O)[C@H](C(C)C)N(C)C(=O)C[C@@H](C(=O)N2CCCCC2)NC(=O)[C@H]([C@@H](C)O)NC(=O)[C@H](Cc2ccccc2)N(C)C(=O)[C@H](Cc2ccccc2)NC(=O)[C@H](Cc2ccccc2)N(C)C(=O)CN(C)C(=O)[C@H](C)N(C)C(=O)[C@H](CC(C)C)N(C)C1=O,-6.39,training
CC[C@H](C)[C@H]1C(=O)N[C@@H](C)C(=O)N[C@H](C(=O)N2CCCCC2)CC(=O)N(C)[C@@H](C)C(=O)N[C@@H]([C@@H](C)O)C(=O)N(C)[C@@H](C)C(=O)N(C)[C@@H](C(C)C)C(=O)N[C@@H](Cc2ccccc2)C(=O)N(C)CC(=O)N(C)[C@@H](CC(C)C)C(=O)N1C,-7.19,training
CC[C@H](C)[C@H]1C(=O)N(C)[C@@H](CC(C)C)C(=O)N[C@H](C(=O)N2CCCCC2)CC(=O)N(C)CC(=O)N[C@@H]([C@@H](C)O)C(=O)N(C)[C@@H](C)C(=O)N(C)[C@@H](C(C)C)C(=O)N[C@@H](Cc2ccccc2)C(=O)N(C)CC(=O)N[C@@H](C)C(=O)N1C,-7.11,training
CC[C@H](C)[C@@H]1NC(=O)[C@H](CC(C)C)N(C)C(=O)[C@H](Cc2ccccc2)N(C)C(=O)[C@H](CC(C)C)NC(=O)[C@@H](C)NC(=O)C[C@@H](C(=O)N2CCCCC2)NC(=O)[C@H](C)N(C)C(=O)[C@H](C)N(C)C(=O)CN(C)C(=O)[C@H]([C@@H](C)O)NC(=O)[C@H](Cc2ccccc2)N(C)C(=O)[C@H](C(C)C)N(C)C1=O,-6.55,training
CC[C@H](C)[C@H]1C(=O)N[C@H](C(=O)N2CCCCC2)CC(=O)N(C)[C@H](C)C(=O)N[C@@H](Cc2ccccc2)C(=O)N(C)[C@@H](C)C(=O)N(C)[C@@H](CC(C)C)C(=O)N[C@@H]([C@@H](C)O)C(=O)N(C)CC(=O)N(C)[C@@H](C(C)C)C(=O)N[C@@H](C)C(=O)N1C,-7.24,training
CC[C@H](C)[C@H]1C(=O)N[C@@H](CC(C)C)C(=O)N(C)[C@@H](Cc2ccccc2)C(=O)N(C)[C@@H](CC(C)C)C(=O)N[C@@H]([C@@H](C)O)C(=O)N[C@@H](Cc2ccccc2)C(=O)N(C)[C@@H](C(C)C)C(=O)N[C@H](C(=O)N2CCCCC2)CC(=O)N(C)CC(=O)N[C@@H](C)C(=O)N1C,-6.77,training
CC(C)C[C@@H]1NC(=O)[C@H](CC(C)C)N(C)C(=O)[C@H](C)N(C)C(=O)[C@@H](C)N(C)C(=O)C[C@@H](C(=O)N2CCCCC2)NC(=O)[C@H]([C@@H](C)O)NC(=O)CN(C)C(=O)[C@H](Cc2ccccc2)NC(=O)[C@H](CC(C)C)N(C)C(=O)[C@H](C(C)C)N(C)C(=O)[C@H](Cc2ccccc2)N(C)C1=O,-6.31,training
CC(C)C[C@@H]1NC(=O)[C@H](CC(C)C)N(C)C(=O)[C@H](C)NC(=O)[C@H](C)N(C)C(=O)[C@H]([C@@H](C)O)NC(=O)CN(C)C(=O)[C@H](C(C)C)N(C)C(=O)[C@H](CC(C)C)N(C)C(=O)[C@H](Cc2ccccc2)NC(=O)CN(C)C(=O)C[C@@H](C(=O)N2CCCCC2)NC1=O,-7.01,training
CC(C)C[C@@H]1NC(=O)[C@H](CC(C)C)N(C)C(=O)[C@H](C)NC(=O)[C@H](C(C)C)N(C)C(=O)[C@H](C)N(C)C(=O)CN(C)C(=O)[C@H]([C@@H](C)O)NC(=O)[C@H](Cc2ccccc2)NC(=O)[C@H](CC(C)C)N(C)C(=O)[C@H](C)N(C)C(=O)C[C@@H](C(=O)N2CCCCC2)NC1=O,-7.14,training
CC(C)C[C@@H]1NC(=O)[C@H](CC(C)C)N(C)C(=O)[C@H](C)NC(=O)[C@H](C(C)C)N(C)C(=O)[C@H](C)N(C)C(=O)CN(C)C(=O)[C@H]([C@@H](C)O)NC(=O)[C@H](Cc2ccccc2)NC(=O)[C@H](CC(C)C)N(C)C(=O)[C@@H](C)N(C)C(=O)C[C@@H](C(=O)N2CCCCC2)NC1=O,-7.19,training
CC(C)C[C@@H]1NC(=O)[C@H](Cc2ccccc2)N(C)C(=O)CCN(C)C(=O)C[C@@H](C(=O)N2CCCCC2)NC(=O)[C@H](Cc2ccccc2)N(C)C(=O)[C@H](C)N(C)C(=O)[C@H]([C@@H](C)O)NC(=O)CN(C)C(=O)[C@H](C(C)C)N(C)C(=O)[C@H](C)NC(=O)[C@H](C(C)C)N(C)C(=O)[C@H](CC(C)C)N(C)C1=O,-7.15,training
CC(C)C[C@H]1C(=O)N(C)[C@@H](C(C)C)C(=O)N(C)[C@@H](C)C(=O)N[C@@H](Cc2ccccc2)C(=O)N(C)[C@@H](C)C(=O)N[C@H](C(=O)N2CCCCC2)CC(=O)N(C)[C@@H](C)C(=O)N[C@@H]([C@@H](C)O)C(=O)N(C)[C@@H](C)C(=O)N[C@@H](C)C(=O)N(C)[C@@H](Cc2ccccc2)C(=O)N1C,-7.14,training
CC(C)C[C@@H]1NC(=O)CN(C)C(=O)[C@H](C)NC(=O)[C@H]([C@@H](C)O)NC(=O)[C@@H](C)N(C)C(=O)C[C@@H](C(=O)N2CCCCC2)NC(=O)[C@H](CC(C)C)N(C)C(=O)[C@H](CC(C)C)NC(=O)[C@H](C(C)C)N(C)C(=O)[C@H](CC(C)C)NC(=O)[C@H](Cc2ccccc2)NC1=O,-7.14,training
CC(C)C[C@@H]1NC(=O)[C@H](C)N(C)C(=O)[C@H](C(C)C)N(C)C(=O)CN(C)C(=O)[C@H](Cc2ccccc2)NC(=O)[C@H](C(C)C)N(C)C(=O)[C@H](C)N(C)C(=O)[C@H]([C@@H](C)O)NC(=O)[C@H](Cc2ccccc2)N(C)C(=O)[C@H](C)NC(=O)CCN(C)C(=O)C[C@@H](C(=O)N2CCCCC2)NC1=O,-7.08,training
CC(C)C[C@@H]1NC(=O)[C@H](CC(C)C)N(C)C(=O)[C@H](Cc2ccccc2)N(C)C(=O)[C@@H](C)N(C)C(=O)C[C@@H](C(=O)N2CCCCC2)NC(=O)[C@H](Cc2ccccc2)N(C)C(=O)[C@H](C)N(C)C(=O)[C@H](C)NC(=O)CN(C)C(=O)[C@H](C)N(C)C(=O)[C@H]([C@@H](C)O)NC(=O)[C@H](C(C)C)N(C)C1=O,-7.44,training
CC(C)C[C@@H]1NC(=O)[C@H](C(C)C)N(C)C(=O)[C@H](C)N(C)C(=O)[C@H](Cc2ccccc2)N(C)C(=O)[C@H](Cc2ccccc2)NC(=O)[C@@H](C)N(C)C(=O)C[C@@H](C(=O)N2CCCCC2)NC(=O)[C@H]([C@@H](C)O)NC(=O)[C@H](C)N(C)C(=O)[C@H](C)N(C)C(=O)[C@H](C)NC(=O)CN(C)C1=O,-7.06,training
CC(C)C[C@@H]1NC(=O)[C@H](Cc2ccccc2)N(C)C(=O)[C@H](C)N(C)C(=O)C[C@@H](C(=O)N2CCCCC2)NC(=O)[C@H](Cc2ccccc2)N(C)C(=O)[C@H](C)N(C)C(=O)[C@H]([C@@H](C)O)NC(=O)CN(C)C(=O)[C@H](C)N(C)C(=O)[C@H](C)NC(=O)[C@H](C(C)C)N(C)C(=O)[C@H](CC(C)C)N(C)C1=O,-7.21,training
CC[C@H](C)[C@@H]1NC(=O)CN(C)C(=O)[C@H]([C@@H](C)O)NC(=O)[C@H](C(C)C)N(C)C(=O)[C@@H](C)N(C)C(=O)C[C@@H](C(=O)N2CCCCC2)NC(=O)[C@H](CC(C)C)NC(=O)[C@H](Cc2ccccc2)N(C)C(=O)[C@H](CC(C)C)N(C)C(=O)[C@H](C)N(C)C1=O,-7.01,training
CC(C)C[C@@H]1NC(=O)[C@H](Cc2ccccc2)N(C)C(=O)[C@H](C)NC(=O)[C@H](C)N(C)C(=O)C[C@@H](C(=O)N2CCCCC2)NC(=O)[C@H]([C@@H](C)O)NC(=O)[C@H](C)N(C)C(=O)[C@H](C)N(C)C(=O)[C@H](Cc2ccccc2)NC(=O)CN(C)C(=O)[C@H](C(C)C)N(C)C(=O)[C@H](C)N(C)C1=O,-7.49,training
CC(C)C[C@H]1C(=O)N[C@@H](C)C(=O)N(C)[C@@H](Cc2ccccc2)C(=O)N(C)[C@@H](C(C)C)C(=O)N[C@@H](Cc2ccccc2)C(=O)N(C)[C@@H](C)C(=O)N(C)[C@@H](C)C(=O)N[C@H](C(=O)N2CCCCC2)CC(=O)N(C)[C@H](C)C(=O)N[C@@H]([C@@H](C)O)C(=O)N(C)[C@@H](C)C(=O)N1C,-7.43,training
CC[C@H](C)[C@@H]1NC(=O)[C@H](CC(C)C)N(C)C(=O)[C@H](CC(C)C)N(C)C(=O)[C@H](C)N(C)C(=O)[C@H]([C@@H](C)O)NC(=O)[C@H](C(C)C)N(C)C(=O)[C@H](Cc2ccccc2)NC(=O)CN(C)C(=O)[C@H](C)N(C)C(=O)C[C@@H](C(=O)N2CCCCC2)NC1=O,-7.0,training
CC(C)C[C@@H]1NC(=O)[C@H](CC(C)C)N(C)C(=O)[C@H](C(C)C)N(C)C(=O)[C@H](C)NC(=O)CN(C)C(=O)[C@H](Cc2ccccc2)NC(=O)[C@H]([C@@H](C)O)NC(=O)[C@H](CC(C)C)N(C)C(=O)[C@H](C)N(C)C(=O)C[C@@H](C(=O)N2CCCCC2)NC(=O)[C@H](CC(C)C)N(C)C1=O,-7.14,training
CC(C)C[C@@H]1NC(=O)[C@H](CC(C)C)N(C)C(=O)[C@H](C)N(C)C(=O)CN(C)C(=O)C[C@@H](C(=O)N2CCCCC2)NC(=O)[C@H]([C@@H](C)O)NC(=O)[C@H](C(C)C)N(C)C(=O)[C@@H](C(C)C)NC(=O)[C@H](CC(C)C)N(C)C(=O)[C@H](Cc2ccccc2)NC(=O)[C@H](Cc2ccccc2)N(C)C1=O,-6.52,training
CC[C@H](C)[C@@H]1NC(=O)[C@H](CC(C)C)N(C)C(=O)CN(C)C(=O)[C@H](Cc2ccccc2)NC(=O)[C@H](C(C)C)N(C)C(=O)[C@H](C)N(C)C(=O)[C@H]([C@@H](C)O)NC(=O)[C@H](C)N(C)C(=O)C[C@@H](C(=O)N2CCCCC2)NC(=O)[C@H](C)NC1=O,-7.19,training
CC(C)C[C@H]1C(=O)N(C)[C@@H](C(C)C)C(=O)N(C)[C@@H](C)C(=O)N[C@@H](CCc2ccccc2)C(=O)N(C)[C@@H](C)C(=O)N[C@H](C(=O)N2CCCCC2)CC(=O)N(C)[C@@H](C)C(=O)N[C@@H]([C@@H](C)O)C(=O)N(C)[C@@H](C)C(=O)N[C@@H](C)C(=O)N(C)[C@@H](Cc2ccccc2)C(=O)N1C,-7.17,training
CC(C)C[C@H]1C(=O)N(C)[C@@H](C(C)C)C(=O)N(C)[C@@H](C)C(=O)N[C@@H](CCCc2ccccc2)C(=O)N(C)[C@@H](C)C(=O)N[C@H](C(=O)N2CCCCC2)CC(=O)N(C)[C@@H](C)C(=O)N[C@@H]([C@@H](C)O)C(=O)N(C)[C@@H](C)C(=O)N[C@@H](C)C(=O)N(C)[C@@H](Cc2ccccc2)C(=O)N1C,-7.22,training
CC(C)C[C@H]1C(=O)N(C)[C@@H](Cc2ccccc2)C(=O)N[C@H](C(=O)N2CCCCC2)CC(=O)N(C)[C@@H](C(C)C)C(=O)N[C@@H](C)C(=O)N(C)[C@@H](Cc2ccccc2)C(=O)N(C)[C@@H](CC(C)C)C(=O)N(C)CC(=O)N[C@@H]([C@@H](C)O)C(=O)N(C)[C@@H](C(C)C)C(=O)N[C@@H](CCc2ccccc2)C(=O)N1C,-5.59,training
CC(C)C[C@H]1C(=O)N(C)[C@@H](C(C)C)C(=O)N[C@@H]([C@@H](C)O)C(=O)N(C)CC(=O)N(C)[C@@H](C)C(=O)N(C)[C@@H](C)C(=O)N[C@@H](C(C)C)C(=O)N[C@H](C(=O)N2CCCCC2)CC(=O)N(C)[C@H](C)C(=O)N(C)[C@@H](C)C(=O)N[C@@H](C)C(=O)N(C)[C@@H](Cc2ccccc2)C(=O)N1C,-7.15,training
CC(C)C[C@H]1C(=O)N(C)[C@@H](C(C)C)C(=O)N[C@@H](C(C)C)C(=O)N(C)CC(=O)N(C)[C@@H](C)C(=O)N[C@@H]([C@@H](C)O)C(=O)N(C)[C@@H](C)C(=O)N[C@H](C(=O)N2CCCCC2)CC(=O)N(C)[C@@H](C)C(=O)N(C)[C@@H](C)C(=O)N(C)[C@@H](Cc2ccccc2)C(=O)N[C@@H](C)C(=O)N1C,-7.49,training
CC[C@H](C)[C@@H]1NC(=O)[C@H](C(C)C)N(C)C(=O)[C@H](C)N(C)C(=O)[C@H]([C@@H](C)O)NC(=O)[C@@H](C)N(C)C(=O)C[C@@H](C(=O)N2CCCCC2)NC(=O)[C@H](C)NC(=O)[C@H](Cc2ccccc2)N(C)C(=O)CN(C)C(=O)[C@H](CC(C)C)N(C)C1=O,-7.07,training
CC[C@H](C)[C@@H]1NC(=O)[C@H](Cc2ccccc2)NC(=O)[C@H]([C@@H](C)O)NC(=O)CCN(C)C(=O)C[C@@H](C(=O)N2CCCCC2)NC(=O)[C@H](Cc2ccccc2)NC(=O)[C@H](Cc2ccccc2)NC(=O)CNC(=O)[C@H](CC(C)C)N(C)C(=O)[C@H](CC(C)C)NC1=O,-7.59,training
CC(C)C[C@@H]1NC(=O)[C@H](CC(C)C)NC(=O)[C@H](C)N(C)C(=O)C[C@@H](C(=O)N2CCCCC2)NC(=O)[C@H](C(C)C)N(C)C(=O)[C@H](CC(C)C)NC(=O)[C@H](Cc2ccccc2)NC(=O)[C@H]([C@@H](C)O)NC(=O)[C@@H]2CCN2C(=O)[C@H](CC(C)C)NC(=O)[C@H](C)NC1=O,-7.43,training
CC(C)C[C@@H]1NC(=O)[C@H](CC(C)C)NC(=O)[C@H](C)N(C)C(=O)C[C@@H](C(=O)N2CCCCC2)NC(=O)[C@H](C(C)C)N(C)C(=O)[C@H](CC(C)C)NC(=O)[C@H](Cc2ccccc2)NC(=O)[C@H]([C@@H](C)O)NC(=O)[C@@H]2CCCCN2C(=O)[C@H](CC(C)C)NC(=O)[C@H](C)NC1=O,-7.14,training
CC[C@H](C)[C@@H]1NC(=O)[C@H](C)N(C)C(=O)[C@H](Cc2ccccc2)NC(=O)[C@H](Cc2ccccc2)NC(=O)[C@H](CC(C)C)NC(=O)[C@H](C(C)C)N(C)C(=O)[C@H](CC(C)C)NC(=O)[C@H](C)NC(=O)[C@H](C)NC(=O)C[C@@H](C(=O)N2CCCCC2)NC(=O)CNC(=O)[C@H]([C@@H](C)O)NC1=O,-7.05,training
CC(C)C[C@@H]1NC(=O)[C@H](CC(C)C)NC(=O)[C@H](C)N(C)C(=O)C[C@@H](C(=O)N2CCCCC2)NC(=O)[C@H](C(C)C)N(C)C(=O)[C@H](CC(C)C)NC(=O)[C@H](Cc2ccccc2)NC(=O)[C@H]([C@@H](C)O)NC(=O)CN(C)C(=O)[C@H](CC(C)C)NC(=O)[C@H](C)NC1=O,-7.12,training
CC(C)C[C@@H]1NC(=O)CCN(C)C(=O)C[C@@H](C(=O)N2CCCCC2)NC(=O)[C@H](CC(C)C)N(C)C(=O)[C@H](CC(C)C)NC(=O)[C@H](Cc2ccccc2)NC(=O)[C@H](C)NC(=O)[C@H]([C@@H](C)O)NC(=O)[C@H](CC(C)C)NC(=O)CN(C)C(=O)[C@H](CC(C)C)NC1=O,-7.64,training
CC[C@H](C)[C@@H]1NC(=O)[C@@H](C)N(C)C(=O)C[C@@H](C(=O)N2CCCCC2)NC(=O)[C@H](Cc2ccccc2)NC(=O)[C@H]([C@@H](C)O)NC(=O)[C@H](CC(C)C)NC(=O)[C@H](CC(C)C)NC(=O)CN(C)C(=O)[C@H](CC(C)C)NC(=O)[C@H](C)NC(=O)[C@H](CC(C)C)NC1=O,-7.38,training
CC[C@H](C)[C@@H]1NC(=O)[C@H](CC(C)C)NC(=O)[C@H](Cc2ccccc2)NC(=O)[C@H](CC(C)C)NC(=O)CN(C)C(=O)[C@H](Cc2ccccc2)NC(=O)[C@H](C)NC(=O)C[C@@H](C(=O)N2CCCCC2)NC(=O)[C@H](Cc2ccccc2)NC(=O)[C@H]([C@@H](C)O)NC1=O,-7.41,training
CC(C)C[C@@H]1NC(=O)CN(C)C(=O)[C@H](CC(C)C)NC(=O)[C@H](C)NC(=O)[C@H](CC(C)C)NC(=O)[C@H](CC(C)C)NC(=O)[C@H](C)N(C)C(=O)C[C@@H](C(=O)N2CCCCC2)NC(=O)[C@H]([C@@H](C)O)NC(=O)[C@H](Cc2ccccc2)NC(=O)[C@H](CC(C)C)NC1=O,-7.52,training
CC[C@H](C)[C@@H]1NC(=O)[C@H](CC(C)C)NC(=O)[C@H](Cc2ccccc2)NC(=O)CN(C)C(=O)[C@H](CC(C)C)NC(=O)[C@H](Cc2ccccc2)NC(=O)[C@@H](C)NC(=O)C[C@@H](C(=O)N2CCCCC2)NC(=O)[C@H]([C@@H](C)O)NC(=O)[C@H](Cc2ccccc2)NC1=O,-7.4,training
CC(C)C[C@@H]1NC(=O)[C@H](C(C)C)NC(=O)[C@H](Cc2ccccc2)NC(=O)CCN(C)C(=O)C[C@@H](C(=O)N2CCCCC2)NC(=O)[C@H](CC(C)C)N(C)C(=O)[C@H](CC(C)C)NC(=O)[C@H](C(C)C)N(C)C(=O)[C@H](CC(C)C)NC(=O)[C@H]([C@@H](C)O)NC(=O)CN(C)C1=O,-7.28,training
CC[C@H](C)[C@@H]1NC(=O)[C@H](CC(C)C)NC(=O)[C@@H](C)N(C)C(=O)C[C@@H](C(=O)N2CCCCC2)NC(=O)[C@H](C(C)C)N(C)C(=O)[C@H](CC(C)C)NC(=O)[C@H](Cc2ccccc2)NC(=O)[C@H]([C@@H](C)O)NC(=O)[C@H](CC(C)C)NC(=O)CN(C)C(=O)[C@H](C)NC1=O,-7.51,training
CC[C@H](C)[C@@H]1NC(=O)[C@H](Cc2ccccc2)NC(=O)[C@H](CC(C)C)NC(=O)[C@H](CC(C)C)NC(=O)[C@H](C)NC(=O)C[C@@H](C(=O)N2CCCCC2)NC(=O)[C@H](CC(C)C)N(C)C(=O)[C@H](Cc2ccccc2)NC(=O)[C@H](CC(C)C)NC(=O)CNC(=O)[C@H]([C@@H](C)O)NC1=O,-7.0,training
CC(C)C[C@@H]1NC(=O)[C@H](CC(C)C)NC(=O)[C@H](C)N(C)C(=O)C[C@@H](C(=O)N2CCCCC2)NC(=O)[C@H](C(C)C)N(C)C(=O)[C@H](CC(C)C)NC(=O)[C@H](Cc2ccccc2)NC(=O)[C@H]([C@@H](C)O)NC(=O)CN(C)C(=O)[C@H](CC(C)C)NC(=O)[C@H](c2ccccc2)NC1=O,-7.55,training
CC[C@H](C)[C@H]1C(=O)N[C@@H](Cc2ccccc2)C(=O)N[C@H](C(=O)N2CCCCC2)CC(=O)N(C)CCC(=O)N(C)[C@@H](C(C)C)C(=O)N[C@@H](Cc2ccccc2)C(=O)N[C@@H](CC(C)C)C(=O)N(C)[C@@H](C)C(=O)N[C@@H]([C@@H](C)O)C(=O)N[C@@H](CC(C)C)C(=O)N(C)[C@@H](CC(C)C)C(=O)NCC(=O)N1C,-7.24,training
CC[C@H](C)[C@@H]1NC(=O)[C@H](CC(C)C)NC(=O)[C@H](CC(C)C)N(C)C(=O)[C@H](CC(C)C)NC(=O)[C@H](CC(C)C)NC(=O)[C@H](Cc2ccccc2)NC(=O)[C@H](CC(C)C)NC(=O)[C@H](Cc2ccccc2)NC(=O)[C@H]([C@@H](C)O)NC(=O)CCN(C)C(=O)C[C@@H](C(=O)N2CCCCC2)NC1=O,-7.48,training
CC[C@H](C)[C@@H]1NC(=O)[C@H](CC(C)C)N(C)C(=O)[C@H](C(C)C)NC(=O)[C@H](CC(C)C)NC(=O)[C@H](CC(C)C)NC(=O)[C@H]([C@@H](C)O)NC(=O)[C@H](Cc2ccccc2)NC(=O)[C@H](CC(C)C)NC(=O)[C@H](C(C)C)N(C)C(=O)CCN(C)C(=O)C[C@@H](C(=O)N2CCCCC2)NC1=O,-7.85,training
CC[C@H](C)[C@@H]1NC(=O)[C@H](CC(C)C)N(C)C(=O)[C@H](CC(C)C)NC(=O)[C@H](Cc2ccccc2)NC(=O)[C@H]([C@@H](C)O)NC(=O)[C@H](Cc2ccccc2)NC(=O)[C@@H](C)N(C)C(=O)C[C@@H](C(=O)N2CCCCC2)NC(=O)CNC(=O)[C@H](Cc2ccccc2)NC1=O,-7.33,training
CC[C@H](C)[C@@H]1NC(=O)[C@H](CC(C)C)NC(=O)CCN(C)C(=O)C[C@@H](C(=O)N2CCCCC2)NC(=O)[C@H](CC(C)C)NC(=O)[C@H](Cc2ccccc2)NC(=O)[C@H]([C@@H](C)O)NC(=O)[C@H](CC(C)C)NC(=O)[C@H](C(C)C)NC(=O)[C@H](CC(C)C)NC(=O)CN(C)C1=O,-7.3,training
CC(C)C[C@@H]1NC(=O)[C@H](C)NC(=O)[C@H]([C@@H](C)O)NC(=O)[C@H](CC(C)C)NC(=O)[C@H](CC(C)C)NC(=O)[C@H](C(C)C)NC(=O)CCN(C)C(=O)C[C@@H](C(=O)N2CCCCC2)NC(=O)[C@H](CC(C)C)NC(=O)[C@H](Cc2ccccc2)NC(=O)[C@H](CC(C)C)NC1=O,-7.47,training
CC(C)C[C@@H]1NC(=O)[C@H](CC(C)C)NC(=O)[C@H](C)N(C)C(=O)C[C@@H](C(=O)N2CCCCC2)NC(=O)[C@H](C(C)C)N(C)C(=O)[C@H](CC(C)C)NC(=O)[C@H](Cc2ccccc2)NC(=O)[C@H]([C@@H](C)O)NC(=O)CN(C)C(=O)[C@H](CC(C)C)NC(=O)C(C)(C)NC1=O,-7.54,training
CC[C@H](C)[C@@H]1NC(=O)[C@H](CC(C)C)N(C)C(=O)[C@H](CC(C)C)NC(=O)[C@H]([C@@H](C)O)NC(=O)[C@H](CC(C)C)N(C)C(=O)[C@H](CC(C)C)NC(=O)[C@H](CC(C)C)N(C)C(=O)[C@@H](C)N(C)C(=O)C[C@@H](C(=O)N2CCCCC2)NC(=O)[C@H](C)NC(=O)[C@H](CC(C)C)N(C)C1=O,-6.0,training
CC(C)C[C@H]1C(=O)N(C)[C@@H](Cc2c[nH]c3ccccc23)C(=O)N(C)[C@@H](Cc2ccccc2)C(=O)N[C@@H]([C@@H](C)O)C(=O)N(C)[C@@H](C)C(=O)N(C)[C@@H](CC(C)C)C(=O)N[C@H](C(=O)N2CCCCC2)CC(=O)N(C)[C@@H](C)C(=O)N(C)[C@@H](CC(C)C)C(=O)N(C)[C@@H](CC(C)C)C(=O)N[C@@H](C)C(=O)N1C,-7.6,training
CC[C@H](C)[C@@H]1NC(=O)[C@H](CC(C)C)N(C)C(=O)CCCN(C)C(=O)C[C@@H](C(=O)N2CCCCC2)NC(=O)[C@H](CC(C)C)N(C)C(=O)[C@H](C)N(C)C(=O)[C@H]([C@@H](C)O)NC(=O)[C@H](CC(C)C)N(C)C(=O)[C@H](CCc2ccccc2)NC(=O)[C@H](CC(C)C)N(C)C(=O)[C@H](Cc2ccccc2)N(C)C1=O,-4.85,training
CC[C@H](C)[C@@H]1NC(=O)[C@H](CC(C)C)N(C)C(=O)CCCN(C)C(=O)C[C@@H](C(=O)N2CCCCC2)NC(=O)[C@H](CC(C)C)N(C)C(=O)[C@H](C)N(C)C(=O)[C@H]([C@@H](C)O)NC(=O)[C@H](CC(C)C)N(C)C(=O)[C@H](CCCCC(F)F)NC(=O)[C@H](Cc2ccccc2)N(C)C(=O)[C@H](Cc2ccccc2)N(C)C1=O,-5.89,training
CCCC[C@@H](O)[C@@H]1NC(=O)[C@H](Cc2ccccc2)N(C)C(=O)[C@H](Cc2ccccc2)N(C)C(=O)[C@H]([C@@H](C)CC)NC(=O)[C@H](CC(C)C)N(C)C(=O)CCCN(C)C(=O)C[C@@H](C(=O)N2CCCCC2)NC(=O)[C@H](CC(C)C)N(C)C(=O)[C@H](C)N(C)C(=O)[C@H]([C@@H](C)O)NC(=O)[C@H](CC(C)C)N(C)C1=O,-6.0,training
CC[C@H](C)[C@@H]1NC(=O)[C@H](C)N(C)C(=O)CCN(C)C(=O)C[C@@H](C(=O)N2CCCCC2)NC(=O)[C@H](CC(C)C)N(C)C(=O)[C@H](CC(C)C)N(C)C(=O)[C@H](C)N(C)C(=O)[C@H]([C@@H](C)O)NC(=O)[C@H](Cc2ccccc2)N(C)C(=O)[C@H](Cc2ccccc2)N(C)C1=O,-6.26,training
CC[C@H](C)[C@@H]1NC(=O)CCN(C)C(=O)C[C@@H](C(=O)N2CCCCC2)NC(=O)[C@H](Cc2ccccc2)N(C)C(=O)[C@H](CC(C)C)N(C)C(=O)[C@H](C)N(C)C(=O)[C@H](Cc2ccccc2)N(C)C(=O)[C@H]([C@@H](C)O)NC(=O)[C@H](CC(C)C)N(C)C(=O)[C@H](C)N(C)C(=O)[C@H](CC(C)C)N(C)C1=O,-6.72,training
CC(C)C[C@H]1C(=O)N(C)[C@@H](CC(C)C)C(=O)N(C)[C@@H](CC(C)C)C(=O)N[C@H](C(=O)N2CCCCC2)CC(=O)N(C)CCC(=O)N[C@@H]([C@@H](C)O)C(=O)N(C)[C@@H](C)C(=O)N(C)[C@@H](Cc2ccccc2)C(=O)N(C)[C@@H](Cc2ccccc2)C(=O)NCC(=O)N1C,-7.3,training
CC(C)C[C@H]1C(=O)N[C@H](C(=O)N2CCCCC2)CC(=O)N(C)CC(=O)N[C@@H]([C@@H](C)O)C(=O)N(C)[C@@H](C)C(=O)N(C)[C@@H](Cc2ccccc2)C(=O)NCC(=O)N(C)[C@@H](Cc2ccccc2)C(=O)N(C)[C@@H](CC(C)C)C(=O)N(C)[C@@H](CC(C)C)C(=O)N1C,-6.72,training
CC[C@H](C)[C@H]1C(=O)N[C@H](C(=O)N2CCCCC2)CC(=O)N(C)CCCC(=O)N(C)[C@@H](CC(C)C)C(=O)N[C@@H](C)C(=O)N(C)[C@@H](CC(C)C)C(=O)N(C)[C@@H](Cc2ccccc2)C(=O)N(C)[C@@H](CC(C)C)C(=O)N[C@@H]([C@@H](C)O)C(=O)N(C)[C@@H](C)C(=O)N(C)[C@@H](Cc2ccccc2)C(=O)N1C,-6.85,training
CC[C@H](C)[C@H]1C(=O)N(C)[C@@H](CC(C)C)C(=O)N[C@H](C(=O)N2CCCCC2)CC(=O)N(C)CCCC(=O)N[C@@H]([C@@H](C)O)C(=O)N(C)[C@@H](C)C(=O)N(C)[C@@H](Cc2ccccc2)C(=O)N(C)[C@@H](Cc2ccccc2)C(=O)N(C)[C@@H](CC(C)C)C(=O)NCC(=O)N1C,-7.31,training
CC(C)C[C@H]1C(=O)N(C)[C@@H](Cc2ccccc2)C(=O)N[C@@H]([C@@H](C)O)C(=O)N(C)[C@@H](C)C(=O)N(C)[C@@H](Cc2ccccc2)C(=O)N(C)[C@@H](C)C(=O)N[C@H](C(=O)N2CCCCC2)CC(=O)N(C)CCC(=O)N(C)[C@@H](C(C)C)C(=O)N[C@@H](C)C(=O)N1C,-7.21,training
CC(C)C[C@H]1C(=O)N(C)[C@@H](Cc2ccccc2)C(=O)N[C@@H]([C@@H](C)O)C(=O)N(C)[C@@H](C)C(=O)N(C)[C@@H](CC(C)C)C(=O)N(C)[C@@H](C)C(=O)N[C@H](C(=O)N2CCCCC2)CC(=O)N(C)CCC(=O)N(C)[C@@H](C)C(=O)N[C@@H](C)C(=O)N(C)[C@@H](C(C)C)C(=O)N1C,-7.07,training
CC(C)C[C@H]1C(=O)N(C)[C@@H](CC(C)C)C(=O)N(C)[C@@H](CC(C)C)C(=O)N[C@H](C(=O)N2CCCCC2)CC(=O)N(C)CCC(=O)N(C)[C@@H](Cc2ccccc2)C(=O)N(C)[C@@H](CC(C)C)C(=O)N[C@@H]([C@@H](C)O)C(=O)N(C)[C@@H](C)C(=O)NCC(=O)N1C,-6.85,training
CC[C@H](C)[C@@H]1NC(=O)[C@H](CC(C)C)N(C)C(=O)[C@H](CC(C)C)N(C)C(=O)CCN(C)C(=O)C[C@@H](C(=O)N2CCCCC2)NC(=O)[C@H](CC(C)C)N(C)C(=O)[C@H](CC(C)C)N(C)C(=O)[C@H](Cc2ccccc2)N(C)C(=O)[C@H]([C@@H](C)O)NC(=O)[C@H](Cc2ccccc2)N(C)C1=O,-5.59,training
CC[C@H](C)[C@@H]1NC(=O)CN(C)C(=O)[C@H]([C@@H](C)O)NC(=O)[C@H](CC(C)C)N(C)C(=O)[C@H](Cc2ccccc2)N(C)C(=O)CCN(C)C(=O)C[C@@H](C(=O)N2CCCCC2)NC(=O)[C@H](CC(C)C)N(C)C(=O)[C@H](CC(C)C)N(C)C1=O,-7.24,training
CC[C@H](C)[C@@H]1NC(=O)[C@H](C)N(C)C(=O)[C@H](CC(C)C)N(C)C(=O)CCCN(C)C(=O)C[C@@H](C(=O)N2CCCCC2)NC(=O)[C@H](C)N(C)C(=O)[C@H](Cc2ccccc2)N(C)C(=O)[C@H]([C@@H](C)O)NC(=O)[C@H](Cc2ccccc2)N(C)C(=O)[C@H](CC(C)C)N(C)C1=O,-6.77,training
CC(C)C[C@H]1C(=O)N[C@@H](C(C)C)C(=O)N(C)[C@@H](C)C(=O)N[C@@H]([C@@H](C)O)C(=O)N(C)[C@@H](C)C(=O)N[C@H](C(=O)N2CCCCC2)CC(=O)N(C)CCC(=O)N(C)[C@@H](C)C(=O)N(C)[C@@H](Cc2ccccc2)C(=O)N[C@@H](C)C(=O)N(C)[C@@H](CC(C)C)C(=O)N(C)CC(=O)N1C,-7.54,training
CC(C)C[C@H]1C(=O)N[C@@H]([C@@H](C)O)C(=O)N(C)[C@@H](C)C(=O)N(C)[C@@H](CC(C)C)C(=O)N(C)[C@@H](Cc2ccccc2)C(=O)N[C@H](C(=O)N2CCCCC2)CC(=O)N(C)CCCC(=O)N(C)[C@@H](C)C(=O)N1C,-7.47,training
CC[C@H](C)[C@@H]1NC(=O)[C@H](C)N(C)C(=O)CCCN(C)C(=O)C[C@@H](C(=O)N2CCCCC2)NC(=O)[C@H](CC(C)C)N(C)C(=O)[C@H](C)N(C)C(=O)[C@H]([C@@H](C)O)NC(=O)[C@H](CC(C)C)N(C)C(=O)[C@H](CC(C)C)NC(=O)[C@H](Cc2ccccc2)N(C)C(=O)[C@H](Cc2cccc(Cl)c2)N(C)C1=O,-6.34,training
CCCC[C@@H]1NC(=O)[C@H](Cc2ccccc2)N(C)C(=O)[C@H](Cc2ccccc2)N(C)C(=O)[C@H]([C@@H](C)CC)NC(=O)[C@H](CC(C)C)N(C)C(=O)CCCN(C)C(=O)C[C@@H](C(=O)N2CCCCC2)NC(=O)[C@H](CC(C)C)N(C)C(=O)[C@H](C)N(C)C(=O)[C@H]([C@@H](C)O)NC(=O)[C@H](CC(C)C)N(C)C1=O,-5.8,training
CC[C@H](C)[C@H]1C(=O)NCCC(=O)N(C)[C@@H](Cc2ccccc2)C(=O)N(C)[C@@H](Cc2ccccc2)C(=O)N(C)[C@@H](CC(C)C)C(=O)N(C)[C@@H](CC(C)C)C(=O)N[C@H](C(=O)N2CCCCC2)CC(=O)N(C)[C@H](C)C(=O)N[C@@H]([C@@H](C)O)C(=O)N(C)[C@@H](CC(C)C)C(=O)N1C,-5.89,training
CC[C@H](C)[C@@H]1NC(=O)[C@H](CC(C)C)N(C)C(=O)CCCN(CC)C(=O)C[C@@H](C(=O)N2CCCCC2)NC(=O)[C@H](CC(C)C)N(C)C(=O)[C@H](CC(C)C)N(C)C(=O)[C@H]([C@@H](C)O)NC(=O)[C@H](CC(C)C)N(C)C(=O)[C@H]([C@@H](C)O)NC(=O)[C@H](Cc2ccccc2)N(C)C(=O)[C@H](Cc2ccccc2)N(C)C1=O,-6.47,training
CC(C)C[C@H]1C(=O)N(C)[C@@H](Cc2c[nH]c3ccccc23)C(=O)N(C)[C@@H](Cc2ccccc2)C(=O)N[C@@H]([C@@H](C)O)C(=O)N(C)[C@@H](C)C(=O)N(C)[C@@H](CC(C)C)C(=O)N[C@H](C(=O)N2CCCCC2)CC(=O)N(C)[C@@H](C)C(=O)N(C)[C@@H](CC(C)C)C(=O)N(C)[C@@H](CC(C)C)C(=O)N[C@@H](C(C)C)C(=O)N1C,-8.04,training
CC[C@H](C)[C@@H]1NC(=O)[C@H](CC(C)C)N(C)C(=O)CCCN(C)C(=O)C[C@@H](C(=O)N2CCCCC2)NC(=O)[C@H](CC(C)C)N(C)C(=O)[C@H](C)N(C)C(=O)[C@H]([C@@H](C)O)NC(=O)[C@H](CC(C)C)N(C)C(=O)[C@H](Cc2ccc(O)c(F)c2)NC(=O)[C@H](CC(C)C)N(C)C(=O)[C@H](Cc2ccccc2)N(C)C1=O,-6.8,training
CC[C@H](C)[C@@H]1NC(=O)[C@H](CC(C)C)N(C)C(=O)CCCN(C)C(=O)C[C@@H](C(=O)N2CCCCC2)NC(=O)[C@H](CC(C)C)N(C)C(=O)[C@H](C)N(C)C(=O)[C@H]([C@@H](C)O)NC(=O)[C@H](CC(C)C)N(C)C(=O)[C@H](COCCC(C)C)NC(=O)[C@H](Cc2ccccc2)N(C)C(=O)[C@H](Cc2ccccc2)N(C)C1=O,-4.85,training
CCCOC[C@@H]1NC(=O)[C@H](Cc2ccccc2)N(C)C(=O)[C@H](Cc2ccccc2)N(C)C(=O)[C@H](C(C)C)NC(=O)[C@H](CC(C)C)N(C)C(=O)CCCN(C)C(=O)C[C@@H](C(=O)N2CCCCC2)NC(=O)[C@H](CC(C)C)N(C)C(=O)[C@H](CC(C)C)N(C)C(=O)[C@H]([C@@H](C)O)NC(=O)[C@H](CC(C)C)N(C)C1=O,-5.64,training
CC(C)C[C@@H]1NC(=O)[C@H](Cc2ccccc2)N(C)C(=O)[C@H](Cc2ccccc2)N(C)C(=O)[C@H](CC(C)C)NC(=O)[C@H](CC(C)C)N(C)C(=O)CCCN(C)C(=O)C[C@@H](C(=O)N2CCCCC2)NC(=O)[C@H](C)N(C)C(=O)[C@H](CCC2CCCC(F)(F)C2)N(C)C(=O)[C@H]([C@@H](C)O)NC(=O)[C@H](CC(C)C)N(C)C1=O,-5.7,training
CC(C)C[C@@H]1NC(=O)[C@H](CC(C)C)N(C)C(=O)CCCN(C)C(=O)C[C@@H](C(=O)N2CCCCC2)NC(=O)[C@H](CC(C)C)N(C)C(=O)[C@H](CC(C)C)N(C)C(=O)[C@H]([C@@H](C)O)NC(=O)[C@H](CC(C)C)N(C)C(=O)[C@H](Cc2ccc(N(C)C)nc2)NC(=O)[C@H](Cc2ccccc2)N(C)C(=O)[C@H](CC(C)C)N(C)C1=O,-5.92,training
CC[C@H](C)[C@@H]1NC(=O)[C@H](CC(C)C)N(C)C(=O)CCCN(C)C(=O)C[C@@H](C(=O)N2CCCCC2)NC(=O)[C@H](CC(C)C)N(C)C(=O)[C@H](CO)N(C)C(=O)[C@H]([C@@H](C)O)NC(=O)[C@H](CC(C)C)N(C)C(=O)[C@H](CC(C)C)NC(=O)[C@H](Cc2ccccc2)N(C)C(=O)[C@H](Cc2cccc(Cl)c2)N(C)C1=O,-6.54,training
CC(C)C[C@H]1C(=O)N(C)[C@@H](CC(C)C)C(=O)N(C)[C@@H](CO)C(=O)N[C@@H]([C@@H](C)O)C(=O)N(C)[C@@H](CC(C)C)C(=O)N(C)[C@@H](Cc2cccc(Cl)c2)C(=O)N(C)[C@@H](Cc2ccccc2)C(=O)N[C@@H]([C@@H](C)O)C(=O)N(C)[C@@H](CC(C)C)C(=O)N(C)[C@@H](CC(C)C)C(=O)N[C@H](C(=O)N2CCCCC2)CC(=O)N1C,-6.64,training
CCN1CCCC(=O)N(C)[C@@H](CC(C)C)C(=O)N[C@@H]([C@@H](C)O)C(=O)N(C)[C@@H](Cc2ccccc2)C(=O)N(C)[C@@H](CC(C)C)C(=O)N[C@@H](Cc2ccc(C(F)(F)F)cc2)C(=O)N(C)[C@@H](CC(C)C)C(=O)N[C@@H]([C@@H](C)O)C(=O)N(C)[C@@H](CC(C)C)C(=O)N(C)[C@@H](CC(C)C)C(=O)N[C@H](C(=O)N2CCCCC2)CC1=O,-6.54,training
CC[C@H](C)[C@@H]1NC(=O)[C@H](CC(C)C)N(C)C(=O)CCCN(C)C(=O)C[C@@H](C(=O)N2CCCCC2)NC(=O)[C@H](CC(C)C)N(C)C(=O)[C@H](CC(C)C)N(C)C(=O)[C@H]([C@@H](C)O)NC(=O)[C@H](CC(C)C)N(C)C(=O)[C@H](C(C)(C)O)NC(=O)[C@H](Cc2cccc(Cl)c2)N(C)C(=O)[C@H](Cc2ccccc2)N(C)C1=O,-6.37,training
CC(C)C[C@@H]1NC(=O)[C@H](CC(C)C)N(C)C(=O)CCCN(C)C(=O)C[C@@H](C(=O)N2CCCCC2)NC(=O)[C@H](CC(C)C)N(C)C(=O)[C@H](C)N(C)C(=O)[C@H]([C@@H](C)O)NC(=O)[C@H](CC(C)C)N(C)C(=O)[C@H](CCCCN(C)C)NC(=O)[C@H](Cc2ccccc2)N(C)C(=O)[C@H](Cc2cccc(Cl)c2)N(C)C1=O,-7.39,training
CC[C@H](C)[C@@H]1NC(=O)[C@H](CC(C)C)N(C)C(=O)CCCN(C)C(=O)C[C@@H](C(=O)N2CCCCC2)NC(=O)[C@H](CC(C)C)N(C)C(=O)[C@H](CC(C)C)N(C)C(=O)[C@H]([C@@H](C)O)NC(=O)[C@H](CC(C)C)N(C)C(=O)[C@H]([C@@H](C)O)NC(=O)[C@H](Cc2cccc(Cl)c2)N(C)C(=O)[C@H](Cc2ccccc2)N(C)C1=O,-6.68,training
CC(C)C[C@H]1C(=O)N(C)[C@@H](CC(C)C)C(=O)N(C)[C@@H](CO)C(=O)N[C@@H](CCCCO)C(=O)N(C)[C@@H](CC(C)C)C(=O)N(C)[C@@H](Cc2ccccc2)C(=O)N(C)[C@@H](Cc2ccccc2)C(=O)N[C@@H]([C@@H](C)O)C(=O)N(C)[C@@H](CC(C)C)C(=O)N(C)[C@@H](CC(C)C)C(=O)N[C@H](C(=O)N2CCCCC2)CC(=O)N1C,-6.77,training
CC[C@H](C)[C@@H]1NC(=O)[C@H](Cc2ccccc2)NC(=O)[C@H](Cc2ccccc2)N(C)C(=O)CCN(C)C(=O)C[C@@H](C(=O)N2CCCCC2)NC(=O)[C@H](C)NC(=O)[C@H](CC(C)C)N(C)C(=O)[C@H](CC(C)C)N(C)C(=O)CN(C)C(=O)[C@H]([C@@H](C)O)NC(=O)[C@H](C(C)C)N(C)C(=O)[C@@H]2CCCN2C1=O,-7.57,training
CC[C@H](C)[C@@H]1NC(=O)[C@H](CC(C)C)N(C)C(=O)CCN(C)C(=O)C[C@@H](C(=O)N2CCCCC2)NC(=O)[C@H](Cc2ccccc2)N(C)C(=O)[C@H](CC(C)C)NC(=O)CN(C)C(=O)[C@H]([C@@H](C)O)NC(=O)[C@H](C)N(C)C(=O)[C@H](C(C)C)N(C)C1=O,-7.19,training
CC[C@H](C)[C@@H]1NC(=O)[C@H](CC(C)C)N(C)C(=O)[C@H](C)NC(=O)CCCN(C)C(=O)C[C@@H](C(=O)N2CCCCC2)NC(=O)[C@H]([C@@H](C)O)NC(=O)[C@H](Cc2ccccc2)NC(=O)[C@H](C(C)C)N(C)C(=O)[C@H](CC(C)C)N(C)C(=O)[C@H](Cc2ccccc2)N(C)C1=O,-6.92,training
CC[C@H](C)[C@@H]1NC(=O)[C@H](CC(C)C)N(C)C(=O)[C@H](C)NC(=O)CN(C)C(=O)[C@H](Cc2ccccc2)NC(=O)[C@H]([C@@H](C)O)NC(=O)[C@H](CC(C)C)N(C)C(=O)CCN(C)C(=O)C[C@@H](C(=O)N2CCCCC2)NC(=O)[C@H](CC(C)C)N(C)C(=O)[C@H](CC(C)C)N(C)C1=O,-7.47,training
CC[C@H](C)[C@H]1C(=O)N(C)[C@@H](CC(C)C)C(=O)N[C@H](C(=O)N2CCCCC2)CC(=O)N(C)CC(=O)N[C@@H](CC(C)C)C(=O)N[C@@H]([C@@H](C)O)C(=O)N(C)CC(=O)N(CC)[C@@H](Cc2ccccc2)C(=O)N[C@@H](C)C(=O)N(C)[C@@H](Cc2ccccc2)C(=O)N(C)[C@@H](CC(C)C)C(=O)N1C,-7.04,training
CCCN1CC(=O)N(C)[C@@H](CC(C)C)C(=O)N[C@H](C(=O)N2CCCCC2)CC(=O)N(C)[C@@H](CC(C)C)C(=O)N[C@@H]([C@@H](C)O)C(=O)N(C)[C@@H](CC(C)C)C(=O)N(C)[C@@H](Cc2ccccc2)C(=O)N[C@@H](CC(C)C)C(=O)N(C)[C@@H](Cc2ccccc2)C(=O)N(C)[C@@H]([C@@H](C)CC)C(=O)N[C@@H]([C@@H](C)O)C1=O,-6.14,training
CCCN1CC(=O)N(C)[C@@H](CC(C)C)C(=O)N[C@H](C(=O)N2CCCCC2)CC(=O)N(C)[C@@H](CC(C)C)C(=O)N[C@@H](CC(C)C)C(=O)N(C)[C@@H](CC(C)C)C(=O)N(C)[C@@H](Cc2ccccc2)C(=O)N[C@@H]([C@@H](C)O)C(=O)N(C)[C@@H](Cc2ccccc2)C(=O)N(C)[C@@H]([C@@H](C)CC)C(=O)N[C@@H]([C@@H](C)O)C1=O,-6.47,training
CCCN1CC(=O)N(C)[C@@H](Cc2ccccc2)C(=O)N[C@@H]([C@@H](C)O)C(=O)N(C)[C@@H](CC(C)C)C(=O)N[C@@H]([C@@H](C)O)C(=O)N(CCC)CC(=O)N(C)[C@@H](Cc2ccccc2)C(=O)N(C)[C@@H](CC(C)C)C(=O)N[C@@H](CC(C)C)C(=O)N(C)[C@@H]([C@@H](C)CC)C(=O)N[C@H](C(=O)N2CCCCC2)CC1=O,-6.54,training
CC[C@H](C)[C@H]1C(=O)N[C@@H]([C@@H](C)O)C(=O)N(C)CC(=O)N(C)[C@@H](CC(C)C)C(=O)N[C@H](C(=O)N2CCCCC2)CC(=O)N(C)[C@@H](C(C)C)C(=O)N[C@@H](CC(C)C)C(=O)N(C)[C@@H](CC(C)C)C(=O)N(C)[C@@H](Cc2ccccc2)C(=O)N[C@@H]([C@@H](C)O)C(=O)N(C)[C@@H](Cc2ccccc2)C(=O)N1C,-5.64,training
CC[C@H](C)[C@H]1C(=O)N(C)[C@@H](Cc2ccccc2)C(=O)N[C@@H](CC(C)C)C(=O)N[C@H](C(=O)N2CCCCC2)CC(=O)N(C)CCC(=O)N(C)[C@@H](CC(C)C)C(=O)N[C@@H]([C@@H](C)O)C(=O)N(C)[C@@H](Cc2ccccc2)C(=O)N(C)[C@@H](CC(C)C)C(=O)N[C@@H](C)C(=O)N(C)[C@@H](CC(C)C)C(=O)N1C,-6.59,training
CC[C@H](C)[C@H]1C(=O)N(C)[C@@H](Cc2ccccc2)C(=O)N[C@@H](CC(C)C)C(=O)N[C@H](C(=O)N2CCCCC2)CC(=O)N(C)CCCC(=O)N(C)[C@@H](CC(C)C)C(=O)N[C@@H]([C@@H](C)O)C(=O)N(C)[C@@H](Cc2ccccc2)C(=O)N(C)[C@@H](CC(C)C)C(=O)N(C)[C@@H](CC(C)C)C(=O)N[C@@H](C)C(=O)N1C,-6.7,training
CC[C@H](C)[C@H]1C(=O)N[C@@H](CC(C)C)C(=O)N(C)[C@@H](CC(C)C)C(=O)N[C@H](C(=O)N2CCCCC2)CC(=O)N(C)CCCC(=O)N(C)[C@@H](CC(C)C)C(=O)N[C@@H]([C@@H](C)O)C(=O)N(C)[C@@H](C)C(=O)N[C@@H](C)C(=O)N(C)[C@@H](Cc2ccccc2)C(=O)N(C)[C@@H](Cc2ccccc2)C(=O)N1C,-6.59,training
CC[C@H](C)[C@@H]1NC(=O)[C@H](CC(C)C)N(C)C(=O)[C@H](CC(C)C)N(C)C(=O)[C@H](C)NC(=O)CCCN(C)C(=O)C[C@@H](C(=O)N2CCCCC2)NC(=O)[C@H](CC(C)C)N(C)C(=O)[C@H](Cc2ccccc2)N(C)C(=O)CN(C)C(=O)[C@H]([C@@H](C)O)NC(=O)[C@H](Cc2ccccc2)N(C)C1=O,-6.19,training
CC[C@H](C)[C@@H]1NC(=O)[C@H](CC(C)C)N(C)C(=O)[C@H](Cc2ccccc2)N(C)C(=O)CN(C)C(=O)[C@H](C)N(C)C(=O)[C@H](Cc2ccccc2)N(C)C(=O)[C@H](C)N(C)C(=O)[C@H]([C@@H](C)O)NC(=O)[C@H](C(C)C)N(C)C(=O)CCN(C)C(=O)C[C@@H](C(=O)N2CCCCC2)NC1=O,-7.51,training
CC[C@H](C)[C@@H]1NC(=O)[C@H](Cc2ccccc2)N(C)C(=O)CN(C)C(=O)[C@H]([C@@H](C)O)NC(=O)[C@H](CC(C)C)NC(=O)[C@H](CC(C)C)N(C)C(=O)[C@H](C)N(C)C(=O)CCCN(C)C(=O)C[C@@H](C(=O)N2CCCCC2)NC(=O)[C@H](Cc2ccccc2)N(C)C(=O)[C@H](C(C)C)N(C)C1=O,-6.89,training
CC[C@H](C)[C@@H]1NC(=O)[C@H](Cc2ccccc2)N(C)C(=O)[C@H](CC(C)C)N(C)C(=O)[C@H](CC(C)C)N(C)C(=O)[C@H](C)NC(=O)[C@H](Cc2ccccc2)N(C)C(=O)[C@H]([C@@H](C)O)NC(=O)[C@H](CC(C)C)N(C)C(=O)[C@H](CC(C)C)N(C)C(=O)CN(C)C(=O)C[C@@H](C(=O)N2CCCCC2)NC1=O,-6.28,training
CC[C@H](C)[C@@H]1NC(=O)[C@H](C)N(C)C(=O)CN(C)C(=O)C[C@@H](C(=O)N2CCCCC2)NC(=O)[C@H](CC(C)C)N(C)C(=O)[C@H](C)N(C)C(=O)[C@H](Cc2ccccc2)N(C)C(=O)[C@H]([C@@H](C)O)NC(=O)[C@H](Cc2ccccc2)N(C)C(=O)[C@H](CC(C)C)N(C)C1=O,-6.96,training
CC[C@H](C)[C@@H]1NC(=O)[C@H](Cc2ccccc2)N(C)C(=O)[C@@H](C)NC(=O)C[C@@H](C(=O)N2CCCCC2)NC(=O)[C@H](C)N(C)C(=O)[C@H](Cc2ccccc2)N(C)C(=O)[C@H](COCc2ccccc2)NC(=O)[C@H](CC(C)C)N(C)C(=O)CN(C)C(=O)[C@H]([C@@H](C)O)NC(=O)[C@H](CC(C)C)N(C)C1=O,-6.62,training
CC[C@H](C)[C@H]1C(=O)N[C@@H](C)C(=O)N(C)[C@@H](Cc2ccccc2)C(=O)N[C@@H]([C@@H](C)O)C(=O)N(C)CC(=O)N(C)[C@@H](Cc2ccccc2)C(=O)N(C)[C@@H](CC(C)C)C(=O)N[C@H](C(=O)N2CCCCC2)CC(=O)N(C)CCC(=O)N[C@@H](CC(C)C)C(=O)N(C)[C@@H](CC(C)C)C(=O)N1C,-6.51,training
CC[C@H](C)[C@H]1C(=O)N(C)[C@@H](Cc2ccccc2)C(=O)N[C@H](C(=O)N2CCCCC2)CC(=O)N(C)CCC(=O)N[C@@H](CC(C)C)C(=O)N(C)[C@@H](Cc2ccccc2)C(=O)N(C)[C@@H](CC(C)C)C(=O)N(C)[C@@H](C(C)C)C(=O)N[C@@H](C)C(=O)N(C)[C@@H](C)C(=O)N[C@@H]([C@@H](C)O)C(=O)N(C)CC(=O)N1C,-7.07,training
CC[C@H](C)[C@H]1C(=O)N[C@H](C(=O)N2CCCCC2)CC(=O)N(C)CC(=O)N(C)[C@@H](CC(C)C)C(=O)N[C@@H](C)C(=O)N(C)[C@@H](CC(C)C)C(=O)N(C)[C@@H](Cc2ccccc2)C(=O)N(C)[C@@H](CC(C)C)C(=O)N(C)[C@@H](Cc2ccccc2)C(=O)N[C@@H]([C@@H](C)O)C(=O)N(C)[C@@H](C)C(=O)N1C,-6.24,training
CC[C@H](C)[C@@H]1NC(=O)[C@@H](C(C)C)NC(=O)C[C@@H](C(=O)N2CCCCC2)NC(=O)[C@H](C)N(C)C(=O)[C@H](CC(C)C)N(C)C(=O)CN(C)C(=O)[C@H]([C@@H](C)O)NC(=O)[C@H](Cc2ccccc2)N(C)C(=O)[C@H](CC(C)C)N(C)C(=O)[C@H](C)NC(=O)[C@H](C(C)C)N(C)C(=O)[C@H](Cc2ccccc2)N(C)C1=O,-6.59,training
CC[C@H](C)[C@H]1C(=O)N[C@@H](C)C(=O)N(C)[C@@H](CC(C)C)C(=O)N(C)[C@@H](Cc2ccccc2)C(=O)N[C@@H]([C@@H](C)O)C(=O)N(C)[C@@H](Cc2ccccc2)C(=O)N(C)[C@@H](CC(C)C)C(=O)N(C)[C@@H](CC(C)C)C(=O)N[C@H](C(=O)N2CCCCC2)CC(=O)N(C)CC(=O)N1C,-5.96,training
CC[C@H](C)[C@H]1C(=O)N[C@@H](CC(C)C)C(=O)N(C)[C@@H](CC(C)C)C(=O)N[C@H](C(=O)N2CCCCC2)CC(=O)N(C)CC(=O)N(C)[C@@H](CC(C)C)C(=O)N[C@@H]([C@@H](C)O)C(=O)N(C)[C@@H](C)C(=O)N[C@@H](C)C(=O)N(C)[C@@H](Cc2ccccc2)C(=O)N(C)[C@@H](Cc2ccccc2)C(=O)N1C,-6.8,training
CC[C@H](C)[C@@H]1NC(=O)CCCN(C)C(=O)C[C@@H](C(=O)N2CCCCC2)NC(=O)[C@H](Cc2ccccc2)N(C)C(=O)[C@H](CC(C)C)N(C)C(=O)CN(C)C(=O)[C@H]([C@@H](C)O)NC(=O)[C@H](C)N(C)C(=O)[C@H](C(C)C)N(C)C(=O)[C@H](C)NC(=O)[C@H](CC(C)C)N(C)C(=O)[C@H](Cc2ccccc2)N(C)C1=O,-6.96,training
CCCN1CC(=O)N[C@@H](CC(C)C)C(=O)N[C@@H]([C@@H](C)O)C(=O)N(C)CC(=O)N(C)[C@@H](Cc2ccccc2)C(=O)N[C@@H](C)C(=O)N(C)[C@@H](Cc2ccccc2)C(=O)N(C)[C@@H](CC(C)C)C(=O)N(C)[C@@H]([C@@H](C)CC)C(=O)N(C)[C@@H](CC(C)C)C(=O)N[C@H](C(=O)N2CCCCC2)CC1=O,-6.96,training
CCCN1CC(=O)N(C)[C@@H](Cc2ccccc2)C(=O)N[C@@H](C)C(=O)N(C)[C@@H](Cc2ccccc2)C(=O)N(C)[C@@H](CC(C)C)C(=O)N(C)[C@@H]([C@@H](C)CC)C(=O)N(C)[C@@H](CC(C)C)C(=O)N[C@H](C(=O)N2CCCCC2)CC(=O)N(C)CC(=O)N[C@@H](CC(C)C)C(=O)N[C@@H]([C@@H](C)O)C1=O,-6.64,training
CC[C@H](C)[C@H]1C(=O)N[C@@H]([C@@H](C)O)C(=O)N(C)CC(=O)N(C)[C@@H](CC(C)C)C(=O)N[C@H](C(=O)N2CCCCC2)CC(=O)N(C)[C@H](C)C(=O)N[C@@H](CC(C)C)C(=O)N(C)[C@@H](CC(C)C)C(=O)N(CC)[C@@H](Cc2ccccc2)C(=O)N[C@@H](C)C(=O)N(C)[C@@H](Cc2ccccc2)C(=O)N1C,-5.72,training
CCCN1CC(=O)N(C)[C@@H](CC(C)C)C(=O)N[C@H](C(=O)N2CCCCC2)CC(=O)N(C)[C@H](C)C(=O)N[C@@H](CC(C)C)C(=O)N(C)[C@@H](CC(C)C)C(=O)N(C)[C@@H](Cc2ccccc2)C(=O)N[C@@H](C)C(=O)N(C)[C@@H](Cc2ccccc2)C(=O)N(C)[C@@H]([C@@H](C)CC)C(=O)N[C@@H]([C@@H](C)O)C1=O,-5.1,training
CC[C@H](C)[C@H]1C(=O)N(C)[C@@H](CC(C)C)C(=O)N[C@H](C(=O)N2CCCCC2)CC(=O)N(C)CC(=O)N[C@@H](CC(C)C)C(=O)N[C@@H]([C@@H](C)O)C(=O)N(C)CC(=O)N(C)[C@@H](Cc2ccccc2)C(=O)N[C@@H](C)C(=O)N(CC)[C@@H](Cc2ccccc2)C(=O)N[C@@H](CC(C)C)C(=O)N1C,-6.96,training
CCCN1CC(=O)N(C)[C@@H](CC(C)C)C(=O)N[C@H](C(=O)N2CCCCC2)CC(=O)N(C)[C@H](C)C(=O)N[C@@H](CC(C)C)C(=O)N(C)[C@@H](CC(C)C)C(=O)N(C)[C@@H](Cc2ccccc2)C(=O)N[C@H](C)C(=O)N(C)[C@@H](Cc2ccccc2)C(=O)N(C)[C@@H]([C@@H](C)CC)C(=O)N[C@@H]([C@@H](C)O)C1=O,-5.55,training
CC[C@H](C)[C@H]1C(=O)N[C@H](C(=O)N2CCCCC2)CC(=O)N(C)CC(=O)N(C)[C@@H](CC(C)C)C(=O)N[C@H](C)C(=O)N(C)[C@@H](CC(C)C)C(=O)N(C)[C@@H](Cc2ccccc2)C(=O)N(C)[C@@H](CC(C)C)C(=O)N(C)[C@@H](Cc2ccccc2)C(=O)N[C@@H]([C@@H](C)O)C(=O)N(C)[C@@H](C)C(=O)N1C,-5.92,training
CC[C@H](C)[C@H]1C(=O)N[C@@H]([C@@H](C)O)C(=O)N(C)CC(=O)N(C)[C@@H](CC(C)C)C(=O)N[C@H](C(=O)N2CCCCC2)CC(=O)N(C)[C@@H](CC(C)C)C(=O)N[C@@H](CC(C)C)C(=O)N(C)[C@@H](CC(C)C)C(=O)N(C)[C@@H](Cc2c[nH]c3ccccc23)C(=O)N[C@@H](CC(C)C)C(=O)N(C)[C@@H](Cc2ccccc2)C(=O)N1C,-6.8,training
CC[C@H](C)[C@@H]1NC(=O)[C@H](C)N(C)C(=O)CN(C)C(=O)C[C@@H](C(=O)N2CCCCC2)NC(=O)[C@H](C(C)C)N(C)C(=O)[C@H](Cc2ccc(C(F)(F)F)cc2)NC(=O)[C@H](CC(C)C)N(C)C(=O)[C@H](Cc2ccccc2)N(C)C(=O)CN(C)C(=O)[C@H]([C@@H](C)O)NC(=O)[C@H](CC(C)C)N(C)C1=O,-5.51,training
CC[C@H](C)[C@@H]1NC(=O)[C@H](Cc2ccccc2)N(C)C(=O)CN(C)C(=O)C[C@@H](C(=O)N2CCCCC2)NC(=O)[C@H]([C@@H](C)CC)N(C)C(=O)[C@H](COCc2ccccc2)NC(=O)[C@H](CC(C)C)N(C)C(=O)[C@H](Cc2ccccc2)N(C)C(=O)CN(C)C(=O)[C@H]([C@@H](C)O)NC(=O)[C@H](CC(C)C)N(C)C1=O,-5.6,training
CC[C@H](C)[C@H]1C(=O)N[C@@H]([C@@H](C)O)C(=O)N(C)CC(=O)N(C)[C@@H](C)C(=O)N[C@H](C(=O)N2CCCCC2)CC(=O)N(C)[C@@H](C)C(=O)N[C@@H](C(C)C)C(=O)N(C)[C@@H](CC(C)C)C(=O)N(C)[C@@H](Cc2ccccc2)C(=O)N[C@@H](COc2cccc(Cl)c2)C(=O)N(C)[C@@H](Cc2ccccc2)C(=O)N1C,-5.74,training
CC[C@H](C)[C@@H]1NC(=O)[C@H](Cc2ccccc2)N(C)C(=O)CN(C)C(=O)C[C@@H](C(=O)N2CCCCC2)NC(=O)[C@H](C)N(C)C(=O)[C@H](CCCc2ccccc2)NC(=O)[C@H](CC(C)C)N(C)C(=O)[C@H](Cc2ccccc2)N(C)C(=O)CN(C)C(=O)[C@H]([C@@H](C)O)NC(=O)[C@H](CC(C)C)N(C)C1=O,-5.82,training
CCCOC[C@@H]1NC(=O)[C@H](CC(C)C)N(C)C(=O)[C@H](Cc2ccccc2)N(C)C(=O)CN(C)C(=O)[C@H]([C@@H](C)O)NC(=O)[C@H](CC(C)C)N(C)C(=O)[C@H]([C@@H](C)CC)NC(=O)[C@H](Cc2ccccc2)N(C)C(=O)CN(C)C(=O)C[C@@H](C(=O)N2CCCCC2)NC(=O)[C@H](CC(C)C)N(C)C1=O,-5.74,training
CC[C@H](C)[C@@H]1NC(=O)[C@H](Cc2ccccc2)N(C)C(=O)CN(C)C(=O)C[C@@H](C(=O)N2CCCCC2)NC(=O)[C@H](CC(C)C)N(C)C(=O)[C@H](CCCCC(F)F)NC(=O)[C@H](CC(C)C)N(C)C(=O)[C@H](Cc2ccccc2)N(C)C(=O)CN(C)C(=O)[C@H]([C@@H](C)O)NC(=O)[C@H](CC(C)C)N(C)C1=O,-5.7,training
CC[C@H](C)[C@H]1C(=O)N[C@@H]([C@@H](C)O)C(=O)N(C)CC(=O)N(C)[C@@H](CC(C)C)C(=O)N[C@H](C(=O)N2CCCCC2)CC(=O)N(C)[C@@H](C)C(=O)N[C@@H](CC(C)C)C(=O)N(C)[C@@H](CC(C)C)C(=O)N(C)[C@@H](C)C(=O)N[C@@H](COc2ccccc2Cl)C(=O)N(C)[C@@H](Cc2ccccc2)C(=O)N1C,-5.85,training
CC[C@H](C)[C@H]1C(=O)N[C@@H]([C@@H](C)O)C(=O)N(C)CC(=O)N(C)[C@@H](CC(C)C)C(=O)N[C@H](C(=O)N2CCCCC2)CC(=O)N(C)[C@@H](C)C(=O)N[C@@H](CC(C)C)C(=O)N(C)[C@@H](CC(C)C)C(=O)N(C)[C@@H](Cc2ccccc2)C(=O)N[C@@H](COCC(F)(F)C(F)F)C(=O)N(C)[C@@H](Cc2ccccc2)C(=O)N1C,-5.96,training
CC[C@H](C)[C@@H]1NC(=O)[C@H](Cc2ccccc2)N(C)C(=O)CN(C)C(=O)C[C@@H](C(=O)N2CCCCC2)NC(=O)[C@H](C(C)C)N(C)C(=O)[C@H](CCc2ccccc2Cl)NC(=O)[C@H](CC(C)C)N(C)C(=O)[C@H](CC(C)C)N(C)C(=O)CN(C)C(=O)[C@H]([C@@H](C)O)NC(=O)[C@H](CC(C)C)N(C)C1=O,-5.82,training
CC[C@H](C)[C@@H]1NC(=O)[C@H](Cc2ccccc2)N(C)C(=O)CN(C)C(=O)C[C@@H](C(=O)N2CCCCC2)NC(=O)[C@H](C(C)C)N(C)C(=O)[C@H](CCc2cccc(Cl)c2)NC(=O)[C@H](CC(C)C)N(C)C(=O)[C@H](CC(C)C)N(C)C(=O)CN(C)C(=O)[C@H]([C@@H](C)O)NC(=O)[C@H](CC(C)C)N(C)C1=O,-5.96,training
CC[C@H](C)[C@@H]1NC(=O)[C@H](Cc2ccccc2)N(C)C(=O)CN(C)C(=O)C[C@@H](C(=O)N2CCCCC2)NC(=O)[C@H](C(C)C)N(C)C(=O)[C@H](CCc2ccc(Cl)cc2)NC(=O)[C@H](CC(C)C)N(C)C(=O)[C@H](CC(C)C)N(C)C(=O)CN(C)C(=O)[C@H]([C@@H](C)O)NC(=O)[C@H](CC(C)C)N(C)C1=O,-6.0,training
CC[C@H](C)[C@@H]1NC(=O)[C@H](CC(C)C)N(C)C(=O)CN(C)C(=O)C[C@@H](C(=O)N2CCCCC2)NC(=O)[C@H](C(C)C)N(C)C(=O)[C@H](Cc2ccc(C(F)F)cc2)NC(=O)[C@H](CC(C)C)N(C)C(=O)[C@H](Cc2ccccc2)N(C)C(=O)CN(C)C(=O)[C@H]([C@@H](C)O)NC(=O)[C@H](CC(C)C)N(C)C1=O,-5.38,training
CC[C@H](C)[C@@H]1NC(=O)[C@H](CC(C)C)N(C)C(=O)CN(C)C(=O)C[C@@H](C(=O)N2CCCCC2)NC(=O)[C@H](C(C)C)N(C)C(=O)[C@H](Cc2ccc(OC(F)F)cc2)NC(=O)[C@H](CC(C)C)N(C)C(=O)[C@H](Cc2ccccc2)N(C)C(=O)CN(C)C(=O)[C@H]([C@@H](C)O)NC(=O)[C@H](CC(C)C)N(C)C1=O,-5.42,training
CC[C@H](C)[C@H]1C(=O)N[C@@H]([C@@H](C)O)C(=O)N(C)CC(=O)N(C)[C@@H](CC(C)C)C(=O)N[C@H](C(=O)N2CCCCC2)CC(=O)N(C)[C@@H](C(C)C)C(=O)N[C@@H](COC[C@@H](C)O)C(=O)N(C)[C@@H](CC(C)C)C(=O)N(C)[C@@H](Cc2cccc(Cl)c2)C(=O)N[C@@H](CC(C)C)C(=O)N(C)[C@@H](Cc2ccccc2)C(=O)N1C,-5.96,training
CC[C@H](C)[C@H]1C(=O)N[C@@H](C(C)C)C(=O)N(C)CC(=O)N(C)[C@@H](CC(C)C)C(=O)N[C@H](C(=O)N2CCCCC2)CC(=O)N(C)[C@@H](C)C(=O)N[C@@H](COC[C@@H](C)O)C(=O)N(C)[C@@H](CC(C)C)C(=O)N(C)[C@@H](Cc2ccccc2)C(=O)N[C@@H](CC(C)C)C(=O)N(C)[C@@H](Cc2ccccc2)C(=O)N1C,-5.43,training
CC[C@H](C)[C@H]1C(=O)N[C@@H](C(C)C)C(=O)N(C)CC(=O)N(C)[C@@H](CC(C)C)C(=O)N[C@H](C(=O)N2CCCCC2)CC(=O)N(C)[C@@H](C)C(=O)N[C@@H](COCCO)C(=O)N(C)[C@@H](CC(C)C)C(=O)N(C)[C@@H](Cc2ccccc2)C(=O)N[C@@H](CC(C)C)C(=O)N(C)[C@@H](Cc2ccccc2)C(=O)N1C,-5.66,training
CC[C@H](C)[C@@H]1NC(=O)[C@H](Cc2ccccc2)N(C)C(=O)CN(C)C(=O)C[C@@H](C(=O)N2CCCCC2)NC(=O)[C@H](CO)N(C)C(=O)[C@H](CC(C)C)NC(=O)[C@H](CC(C)C)N(C)C(=O)[C@H](Cc2ccccc2)N(C)C(=O)CN(C)C(=O)[C@H](CC(C)C)NC(=O)[C@H](CC(C)C)N(C)C1=O,-5.8,training
CCCC[C@@H]1NC(=O)[C@H](CC(C)C)N(C)C(=O)[C@H](Cc2ccccc2)N(C)C(=O)CN(C)C(=O)[C@H]([C@@H](C)O)NC(=O)[C@H](CC(C)C)N(C)C(=O)[C@H]([C@@H](C)CC)NC(=O)[C@H](Cc2ccccc2)N(C)C(=O)CN(C)C(=O)C[C@@H](C(=O)N2CCCCC2)NC(=O)[C@H](CC(C)C)N(C)C1=O,-5.51,training
CC(C)C[C@H]1C(=O)N[C@@H]([C@@H](C)O)C(=O)N(C)CC(=O)N(C)[C@@H](Cc2ccccc2)C(=O)N(C)[C@@H](CC(C)C)C(=O)N[C@@H](C(C)C)C(=O)N(C)[C@@H](CC(C)C)C(=O)N[C@H](C(=O)N2CCCCC2)CC(=O)N(C)CC(=O)N(C)[C@@H](C(C)C)C(=O)N[C@@H](CCc2ccccc2)C(=O)N1C,-5.66,training
CC(C)C[C@@H]1NC(=O)[C@H](CC(C)C)N(C)C(=O)CN(C)C(=O)[C@H]([C@@H](C)O)NC(=O)[C@H](CC(C)C)N(C)C(=O)[C@H](CCc2ccccc2Cl)NC(=O)[C@H](C)N(C)C(=O)[C@@H](C(C)C)NC(=O)C[C@@H](C(=O)N2CCCCC2)NC(=O)[C@H](C(C)C)N(C)C(=O)[C@H](Cc2ccccc2)N(C)C1=O,-5.72,training
CC(C)C[C@@H]1NC(=O)[C@H](CC(C)C)N(C)C(=O)CN(C)C(=O)[C@H]([C@@H](C)O)NC(=O)[C@H](CC(C)C)N(C)C(=O)[C@H](CCc2cccc(Cl)c2)NC(=O)[C@H](C)N(C)C(=O)[C@@H](C(C)C)NC(=O)C[C@@H](C(=O)N2CCCCC2)NC(=O)[C@H](C(C)C)N(C)C(=O)[C@H](Cc2ccccc2)N(C)C1=O,-5.64,training
CC(C)C[C@@H]1NC(=O)[C@H](CC(C)C)N(C)C(=O)CN(C)C(=O)[C@H]([C@@H](C)O)NC(=O)[C@H](CC(C)C)N(C)C(=O)[C@H](CCc2ccc(Cl)cc2)NC(=O)[C@H](C)N(C)C(=O)[C@@H](C(C)C)NC(=O)C[C@@H](C(=O)N2CCCCC2)NC(=O)[C@H](C(C)C)N(C)C(=O)[C@H](Cc2ccccc2)N(C)C1=O,-5.8,training
CC[C@H](C)[C@H]1C(=O)N[C@@H](Cc2ccc(O)cc2)C(=O)N(C)CC(=O)N(C)[C@@H](CC(C)C)C(=O)N[C@H](C(=O)N2CCCCC2)CC(=O)N(C)[C@@H](C)C(=O)N[C@@H](C(C)C)C(=O)N(C)[C@@H](CC(C)C)C(=O)N(C)[C@@H](CC(C)C)C(=O)N[C@@H](C)C(=O)N(C)[C@@H](Cc2ccccc2)C(=O)N1C,-6.38,training
CC[C@H](C)[C@H]1C(=O)N[C@@H]([C@@H](C)O)C(=O)N(C)CC(=O)N(C)[C@@H](C)C(=O)N[C@H](C(=O)N2CCCCC2)CC(=O)N(C)[C@@H](C)C(=O)N[C@@H](Cc2ccc(C(F)(F)F)cc2)C(=O)N(C)[C@@H](CC(C)C)C(=O)N(C)[C@@H](Cc2ccccc2)C(=O)N[C@@H](C)C(=O)N(C)[C@@H](CC(C)C)C(=O)N1C,-5.96,training
CC[C@H](C)[C@H]1C(=O)N[C@@H]([C@@H](C)O)C(=O)N(C)CC(=O)N(C)[C@@H](CC(C)C)C(=O)N[C@H](C(=O)N2CCCCC2)CC(=O)N(C)[C@@H](C)C(=O)N[C@@H](COc2cccc(Cl)c2)C(=O)N(C)[C@@H](CC(C)C)C(=O)N(C)[C@@H](Cc2ccccc2)C(=O)N[C@@H](C)C(=O)N(C)[C@@H](Cc2ccccc2)C(=O)N1C,-5.89,training
CC(C)C[C@H]1C(=O)N[C@H](C(=O)N2CCCCC2)CC(=O)N(C)[C@@H](C)C(=O)N[C@@H](CCCc2ccccc2)C(=O)N(C)[C@@H](CC(C)C)C(=O)N(C)[C@@H](Cc2ccccc2)C(=O)N[C@@H](C)C(=O)N(C)[C@@H](Cc2ccccc2)C(=O)N(C)[C@@H](C(C)C)C(=O)N[C@@H]([C@@H](C)O)C(=O)N(C)CC(=O)N1C,-5.82,training
CC(C)C[C@H]1C(=O)N[C@H](C(=O)N2CCCCC2)CC(=O)N(C)[C@@H](C)C(=O)N[C@@H](C(C)C)C(=O)N(C)[C@@H](CC(C)C)C(=O)N(C)[C@@H](Cc2ccccc2)C(=O)N[C@@H](C)C(=O)N(C)[C@@H](C)C(=O)N(C)[C@@H](CC(C)C)C(=O)N[C@@H](CCc2ccccc2)C(=O)N(C)CC(=O)N1C,-5.6,training
CC[C@H](C)[C@H]1C(=O)N[C@@H]([C@@H](C)O)C(=O)N(C)CC(=O)N(C)[C@@H](CC(C)C)C(=O)N[C@H](C(=O)N2CCCCC2)CC(=O)N(C)[C@@H](C)C(=O)N[C@@H](CC(C)C)C(=O)N(C)[C@@H](CC(C)C)C(=O)N(C)[C@@H](Cc2ccccc2)C(=O)N[C@@H](CCCCC(F)F)C(=O)N(C)[C@@H](Cc2ccccc2)C(=O)N1C,-5.7,training
CC[C@H](C)[C@H]1C(=O)N[C@@H]([C@@H](C)O)C(=O)N(C)CC(=O)N(C)[C@@H](CC(C)C)C(=O)N[C@H](C(=O)N2CCCCC2)CC(=O)N(C)[C@@H](C)C(=O)N[C@@H](CCc2ccccc2Cl)C(=O)N(C)[C@@H](CC(C)C)C(=O)N(C)[C@@H](CC(C)C)C(=O)N[C@@H](C)C(=O)N(C)[C@@H](Cc2ccccc2)C(=O)N1C,-5.85,training
CC(C)C[C@H]1C(=O)N[C@H](C(=O)N2CCCCC2)CC(=O)N(C)[C@@H](C)C(=O)N[C@@H](CCc2ccccc2Cl)C(=O)N(C)[C@@H](CC(C)C)C(=O)N(C)[C@@H](CC(C)C)C(=O)N[C@@H](C)C(=O)N(C)[C@@H](Cc2ccccc2)C(=O)N(C)[C@@H](C(C)C)C(=O)N[C@@H]([C@@H](C)O)C(=O)N(C)CC(=O)N1C,-5.85,training
CC(C)C[C@H]1C(=O)N[C@H](C(=O)N2CCCCC2)CC(=O)N(C)[C@@H](C)C(=O)N[C@@H](CCc2cccc(Cl)c2)C(=O)N(C)[C@@H](CC(C)C)C(=O)N(C)[C@@H](CC(C)C)C(=O)N[C@@H](C)C(=O)N(C)[C@@H](Cc2ccccc2)C(=O)N(C)[C@@H](C(C)C)C(=O)N[C@@H]([C@@H](C)O)C(=O)N(C)CC(=O)N1C,-5.92,training
CC(C)C[C@H]1C(=O)N[C@H](C(=O)N2CCCCC2)CC(=O)N(C)[C@@H](C)C(=O)N[C@@H](CCc2ccc(Cl)cc2)C(=O)N(C)[C@@H](CC(C)C)C(=O)N(C)[C@@H](CC(C)C)C(=O)N[C@@H](C)C(=O)N(C)[C@@H](Cc2ccccc2)C(=O)N(C)[C@@H](C(C)C)C(=O)N[C@@H]([C@@H](C)O)C(=O)N(C)CC(=O)N1C,-5.96,training
CCCC[C@@H](O)[C@@H]1NC(=O)[C@H](CC(C)C)N(C)C(=O)[C@H](Cc2ccccc2)N(C)C(=O)[C@H](C)NC(=O)[C@H](Cc2ccccc2)N(C)C(=O)[C@H](CC(C)C)N(C)C(=O)[C@H](C(C)C)NC(=O)[C@H](C)N(C)C(=O)C[C@@H](C(=O)N2CCCCC2)NC(=O)[C@H](CC(C)C)N(C)C(=O)CN(C)C1=O,-5.6,training
CC[C@H](C)[C@H]1C(=O)N[C@@H]([C@@H](C)O)C(=O)N(C)CC(=O)N(C)[C@@H](CC)C(=O)N[C@H](C(=O)N2CCCCC2)CC(=O)N(C)[C@@H](C)C(=O)N[C@@H](Cc2ccc(C(F)F)cc2)C(=O)N(C)[C@@H](CC(C)C)C(=O)N(C)[C@@H](Cc2ccccc2)C(=O)N[C@@H](CC(C)C)C(=O)N(C)[C@@H](CC(C)C)C(=O)N1C,-5.35,training
CCCC[C@@H]1NC(=O)[C@H](C)N(C)C(=O)C[C@@H](C(=O)N2CCCCC2)NC(=O)[C@H](C)N(C)C(=O)CN(C)C(=O)[C@H]([C@@H](C)O)NC(=O)[C@H]([C@@H](C)CC)N(C)C(=O)[C@H](Cc2ccccc2)N(C)C(=O)[C@H](C)NC(=O)[C@H](Cc2ccccc2)N(C)C(=O)[C@H](CC(C)C)N(C)C1=O,-6.4,training
CCCC[C@@H]1NC(=O)[C@H](Cc2ccccc2)N(C)C(=O)[C@H](CC(C)C)N(C)C(=O)[C@H](C(C)C)NC(=O)[C@H](C)N(C)C(=O)C[C@@H](C(=O)N2CCCCC2)NC(=O)[C@H](CC(C)C)N(C)C(=O)CN(C)C(=O)[C@H]([C@@H](C)O)NC(=O)[C@H]([C@@H](C)CC)N(C)C(=O)[C@H](Cc2ccccc2)N(C)C1=O,-5.62,training
CC[C@H](C)[C@H]1C(=O)N[C@@H]([C@@H](C)O)C(=O)N(C)CC(=O)N(C)[C@@H](CC(C)C)C(=O)N[C@H](C(=O)N2CCCCC2)CC(=O)N(C)[C@@H](C)C(=O)N[C@@H](COCc2ccccc2)C(=O)N(C)[C@@H](C(C)C)C(=O)N(C)[C@@H](Cc2ccccc2)C(=O)N[C@@H](C)C(=O)N(C)[C@@H](Cc2ccccc2)C(=O)N1C,-6.41,training
CCCC[C@@H]1NC(=O)[C@H](C)N(C)C(=O)C[C@@H](C(=O)N2CCCCC2)NC(=O)[C@H](C)N(C)C(=O)CN(C)C(=O)[C@H]([C@@H](C)O)NC(=O)[C@H]([C@@H](C)CC)N(C)C(=O)[C@H](Cc2ccccc2)N(C)C(=O)[C@@H](C)NC(=O)[C@H](Cc2ccccc2)N(C)C(=O)[C@H](CC(C)C)N(C)C1=O,-6.8,training
CC(C)C[C@H]1C(=O)N[C@H](C(=O)N2CCCCC2)CC(=O)N(C)[C@@H](C)C(=O)N[C@@H](C(C)C)C(=O)N(C)[C@@H](CC(C)C)C(=O)N(C)[C@@H](Cc2ccccc2)C(=O)N[C@H](C)C(=O)N(C)[C@@H](C)C(=O)N(C)[C@@H](CC(C)C)C(=O)N[C@@H](CCc2ccccc2)C(=O)N(C)CC(=O)N1C,-6.12,training
CC[C@H](C)[C@H]1C(=O)N[C@@H]([C@@H](C)O)C(=O)N(C)CC(=O)N(C)[C@@H](CC(C)C)C(=O)N[C@H](C(=O)N2CCCCC2)CC(=O)N(C)[C@@H](C)C(=O)N[C@@H](CCCCC(F)F)C(=O)N(C)[C@@H](CC(C)C)C(=O)N(C)[C@@H](Cc2ccccc2)C(=O)N[C@@H](C(C)C)C(=O)N(C)[C@@H](Cc2ccccc2)C(=O)N1C,-5.6,training
CC(C)C[C@H]1C(=O)N[C@H](C(=O)N2CCCCC2)CC(=O)N(C)[C@@H](C)C(=O)N[C@@H](Cc2ccc(O)c(F)c2)C(=O)N(C)[C@@H](CC(C)C)C(=O)N(C)[C@@H](CC(C)C)C(=O)N[C@@H](C(C)C)C(=O)N(C)[C@@H](Cc2ccccc2)C(=O)N(C)[C@@H](CC(C)C)C(=O)N[C@@H]([C@@H](C)O)C(=O)N(C)CC(=O)N1C,-6.34,training
CC(C)C[C@@H]1NC(=O)[C@H](CC(C)C)N(C)C(=O)[C@H](Cc2ccccc2)N(C)C(=O)CN(C)C(=O)[C@H]([C@@H](C)O)NC(=O)[C@H](CC(C)C)N(C)C(=O)[C@H](Cc2ccc(O)c(F)c2)NC(=O)[C@H](CC(C)C)N(C)C(=O)CN(C)C(=O)C[C@@H](C(=O)N2CCCCC2)NC(=O)[C@H](CC(C)C)N(C)C1=O,-6.36,training
CC(C)C[C@@H]1NC(=O)[C@H](CC(C)C)N(C)C(=O)C[C@@H](C(=O)N2CCCCC2)NC(=O)[C@H](CC(C)C)N(C)C(=O)CN(C)C(=O)[C@H]([C@@H](C)O)NC(=O)[C@H](Cc2cscn2)N(C)C(=O)[C@H](Cc2ccccc2)N(C)C(=O)[C@H](Cc2ccccc2)NC(=O)[C@H](Cc2ccccc2)N(C)C(=O)[C@H](CC(C)C)N(C)C1=O,-6.24,training
CC(C)C[C@@H]1NC(=O)[C@H](C)N(C)C(=O)C[C@@H](C(=O)N2CCCCC2)NC(=O)[C@H](CC(C)C)N(C)C(=O)CN(C)C(=O)[C@H]([C@@H](C)O)NC(=O)[C@H](Cc2cscn2)N(C)C(=O)[C@H](Cc2ccccc2)N(C)C(=O)[C@H](Cc2ccccc2)NC(=O)[C@H](Cc2ccccc2)NC(=O)[C@H](CC(C)C)N(C)C1=O,-7.02,training
CC[C@@H]1NC(=O)[C@H](Cc2ccccc2)N(C)C(=O)[C@H](COCCC(C)C)N(C)C(=O)[C@H](CC(C)C)NC(=O)[C@H](C)N(C)C(=O)C[C@@H](C(=O)N2CCCCC2)NC(=O)[C@H](CC(C)C)N(C)C(=O)CN(C)C(=O)[C@H]([C@@H](C)O)NC(=O)[C@H](CC(C)C)N(C)C(=O)[C@H](Cc2ccccc2)N(C)C1=O,-5.54,training
CC(C)C[C@H]1C(=O)N[C@H](C(=O)N2CCCCC2)CC(=O)N(C)[C@@H](C)C(=O)N[C@@H](C(C)C)C(=O)N(C)[C@@H](CC(C)C)C(=O)N(C)[C@@H](Cc2ccccc2)C(=O)N[C@@H](C(C)C)C(=O)N(C)[C@@H](Cc2ccccc2)C(=O)N(C)[C@@H](CC(C)C)C(=O)N[C@@H](CCCCO)C(=O)N(C)CC(=O)N1C,-5.89,training
CC(C)C[C@@H]1NC(=O)[C@H](C)N(C)C(=O)C[C@@H](C(=O)N2CCCCC2)NC(=O)[C@H](CC(C)C)N(C)C(=O)CN(C)C(=O)[C@H](CCCCO)NC(=O)[C@H](CC(C)C)N(C)C(=O)[C@H](Cc2ccccc2)N(C)C(=O)[C@H](CC(C)C)NC(=O)[C@H](Cc2ccccc2)N(C)C(=O)[C@H](CC(C)C)N(C)C1=O,-5.39,training
CC[C@H](C)[C@H]1C(=O)N[C@@H](COC[C@@H](C)O)C(=O)N(C)CC(=O)N(C)[C@@H](CC(C)C)C(=O)N[C@H](C(=O)N2CCCCC2)CC(=O)N(C)[C@@H](C)C(=O)N[C@@H](CC(C)C)C(=O)N(C)[C@@H](CC(C)C)C(=O)N(C)[C@@H](Cc2ccccc2)C(=O)N[C@@H](CC(C)C)C(=O)N(C)[C@@H](Cc2ccccc2)C(=O)N1C,-5.28,training
CC[C@H](C)[C@H]1C(=O)N[C@@H](COCCO)C(=O)N(C)CC(=O)N(C)[C@@H](CC(C)C)C(=O)N[C@H](C(=O)N2CCCCC2)CC(=O)N(C)[C@@H](C)C(=O)N[C@@H](CC(C)C)C(=O)N(C)[C@@H](CC(C)C)C(=O)N(C)[C@@H](Cc2ccccc2)C(=O)N[C@@H](CC(C)C)C(=O)N(C)[C@@H](Cc2ccccc2)C(=O)N1C,-5.33,training
CC(C)C[C@H]1C(=O)N[C@@H](CCc2ccccc2)C(=O)N(C)[C@@H](CC(C)C)C(=O)N(C)[C@@H](C)C(=O)N[C@H](C(=O)N2CCCCC2)CC(=O)N2CCC[C@@H]2C(=O)N[C@@H](CCc2ccccc2)C(=O)N[C@@H](CCc2ccccc2)C(=O)N(C)[C@@H](CC(C)C)C(=O)N[C@@H]([C@@H](C)O)C(=O)N(C)CC(=O)N1C,-6.21,training
CC(C)C[C@@H]1NC(=O)[C@H](CC(C)C)N(C)C(=O)C[C@@H](C(=O)N2CCCCC2)NC(=O)[C@H](CC(C)C)N(C)C(=O)CN(C)C(=O)[C@H]([C@@H](C)O)NC(=O)[C@H](CO)N(C)C(=O)[C@H](Cc2ccccc2)N(C)C(=O)[C@H](CC(C)C)NC(=O)[C@H](Cc2cccc(Cl)c2)N(C)C(=O)[C@H](CC(C)C)N(C)C1=O,-6.21,training
CC(C)C[C@@H]1NC(=O)[C@H](CC(C)C)N(C)C(=O)C[C@@H](C(=O)N2CCCCC2)NC(=O)[C@H](CC(C)C)N(C)C(=O)CN(C)C(=O)[C@H]([C@@H](C)O)NC(=O)[C@H](CO)N(C)C(=O)[C@H](Cc2cccc(Cl)c2)N(C)C(=O)[C@H](CC(C)C)NC(=O)[C@H](Cc2ccccc2)N(C)C(=O)[C@H](CC(C)C)N(C)C1=O,-6.27,training
CC(C)C[C@@H]1NC(=O)[C@H](Cc2cccc(Cl)c2)N(C)C(=O)[C@H](CC(C)C)N(C)C(=O)[C@H](CCCCN(C)C)NC(=O)[C@H](C)N(C)C(=O)C[C@@H](C(=O)N2CCCCC2)NC(=O)[C@H](CC(C)C)N(C)C(=O)CN(C)C(=O)[C@H]([C@@H](C)O)NC(=O)[C@H](CC(C)C)N(C)C(=O)[C@H](Cc2ccccc2)N(C)C1=O,-7.28,training
CC(C)C[C@@H]1NC(=O)[C@H](C(C)C)N(C)C(=O)C[C@@H](C(=O)N2CCCCC2)NC(=O)[C@H](CC(C)C)N(C)C(=O)CN(C)C(=O)[C@H]([C@@H](C)O)NC(=O)[C@H](CC(C)C)N(C)C(=O)[C@H](Cc2ccccc2)N(C)C(=O)[C@H](CCCCN(C)C)NC(=O)[C@H](Cc2ccccc2)N(C)C(=O)[C@H](CC(C)C)N(C)C1=O,-7.14,training
CC(C)CCOC[C@@H]1NC(=O)[C@H](CC(C)C)N(C)C(=O)[C@@H]2CCCCN2C(=O)[C@H]([C@@H](C)O)NC(=O)[C@H](C(C)C)N(C)C(=O)[C@H](CCc2ccccc2)NC(=O)[C@H](C)N(C)C(=O)[C@@H](C)N(C)C(=O)C[C@@H](C(=O)N2CCCCC2)NC(=O)[C@H](CCc2ccccc2)NC(=O)[C@H](CC(C)C)N(C)C1=O,-6.07,training
CC(C)C[C@H]1C(=O)N[C@H](C(=O)N2CCCCC2)CC(=O)N2CCC[C@@H]2C(=O)N(C)[C@@H](C(C)C)C(=O)N[C@@H](CCc2ccccc2)C(=O)N(C)[C@@H](C)C(=O)N(C)[C@@H](CC(C)C)C(=O)N(C)[C@@H](C(C)C)C(=O)N[C@@H]([C@@H](C)O)C(=O)N[C@@H](CCc2ccccc2)C(=O)N[C@@H](CCc2ccccc2)C(=O)N1C,-6.57,training
CC(C)CCOC[C@@H]1NC(=O)[C@H](C(C)C)N(C)C(=O)[C@@H]2CCCN2C(=O)[C@H](COCCC(C)C)NC(=O)CN(C)C(=O)[C@H](Cc2cccc(F)c2)NC(=O)[C@H]([C@@H](C)O)NC(=O)[C@H](CC(C)C)N(C)C(=O)[C@H](CC(C)C)N(C)C(=O)C[C@@H](C(=O)N2CCCCC2)NC(=O)[C@H](CC(C)C)N(C)C1=O,-6.89,training
CC(C)CCOC[C@@H]1NC(=O)[C@H](C)N(C)C(=O)[C@@H](C)N(C)C(=O)C[C@@H](C(=O)N2CCCCC2)NC(=O)[C@H](CCc2ccccc2)NC(=O)[C@H](CC(C)C)N(C)C(=O)[C@H](COCCC(C)C)NC(=O)[C@H](CC(C)C)N(C)C(=O)[C@@H]2CCCCN2C(=O)[C@H]([C@@H](C)O)NC(=O)[C@H](CC(C)C)N(C)C1=O,-6.21,training
CC(C)CCOC[C@@H]1NC(=O)[C@H]([C@@H](C)O)NC(=O)[C@H](C(C)C)N(C)C(=O)[C@H](Cc2ccccc2)N(C)C(=O)[C@H](C(C)C)N(C)C(=O)[C@H](COCCC(C)C)NC(=O)[C@H](Cc2ccccc2)N(C)C(=O)[C@H]2CCCN2C(=O)C[C@@H](C(=O)N2CCCCC2)NC(=O)[C@H](C(C)C)N(C)C(=O)[C@H](COCCC(C)C)NC1=O,-6.66,training
CC(C)CCOC[C@@H]1NC(=O)[C@H]([C@@H](C)O)NC(=O)[C@H](C(C)C)N(C)C(=O)[C@H](Cc2ccccc2)N(C)C(=O)[C@H](CC(C)C)N(C)C(=O)[C@H](COCCC(C)C)NC(=O)[C@H](C(C)C)N(C)C(=O)[C@H]2CCCN2C(=O)C[C@@H](C(=O)N2CCCCC2)NC(=O)[C@H](C(C)C)N(C)C(=O)[C@H](Cc2ccccc2)NC1=O,-6.32,training
CC(C)CCOC[C@@H]1NC(=O)[C@H]([C@@H](C)O)NC(=O)[C@H](C(C)C)N(C)C(=O)[C@H](Cc2ccccc2)N(C)C(=O)[C@H](C)N(C)C(=O)[C@H](COCCC(C)C)NC(=O)[C@H](CC(C)C)N(C)C(=O)[C@H]2CCCN2C(=O)C[C@@H](C(=O)N2CCCCC2)NC(=O)[C@H](CC(C)C)N(C)C(=O)[C@H](CCc2ccccc2)NC1=O,-6.7,training
CC(C)CCOC[C@@H]1NC(=O)[C@H]([C@@H](C)O)NC(=O)[C@H](Cc2ccccc2)N(C)C(=O)[C@H](CC(C)C)N(C)C(=O)C[C@@H](C(=O)N2CCCCC2)NC(=O)[C@H](CC(C)C)N(C)C(=O)[C@H](COCCC(C)C)NC(=O)[C@H](C(C)C)N(C)C(=O)[C@@H]2CCCN2C(=O)[C@H](COCCC(C)C)NC(=O)CN(C)C1=O,-7.0,training
CC(C)CCOC[C@@H]1NC(=O)[C@H](C(C)C)N(C)C(=O)[C@@H]2CCCN2C(=O)[C@H](COCCC(C)C)NC(=O)CN(C)C(=O)[C@H](CCc2ccccc2)NC(=O)[C@H]([C@@H](C)O)NC(=O)[C@H](CC(C)C)N(C)C(=O)[C@H](CC(C)C)N(C)C(=O)C[C@@H](C(=O)N2CCCCC2)NC(=O)[C@H](C(C)C)N(C)C1=O,-6.74,training
CC(C)CCOC[C@@H]1NC(=O)[C@H](C(C)C)N(C)C(=O)[C@@H]2CCCN2C(=O)[C@H](CCc2ccccc2)NC(=O)CN(C)C(=O)[C@H](CCc2ccccc2)NC(=O)[C@H]([C@@H](C)O)NC(=O)[C@H](CC(C)C)N(C)C(=O)[C@H](CC(C)C)N(C)C(=O)C[C@@H](C(=O)N2CCCCC2)NC(=O)[C@H](C(C)C)N(C)C1=O,-6.6,training
CC(C)CCOC[C@@H]1NC(=O)[C@H](C)N(C)C(=O)[C@H](COCCC(C)C)NC(=O)[C@H](CC(C)C)N(C)C(=O)[C@@H]2CCCCN2C(=O)[C@H]([C@@H](C)O)NC(=O)[C@H](CC(C)C)N(C)C(=O)[C@H](COCCC(C)C)NC(=O)[C@H](CC(C)C)N(C)C(=O)[C@@H](C)N(C)C(=O)C[C@@H](C(=O)N2CCCCC2)NC1=O,-5.82,training
CC(C)CCOC[C@@H]1NC(=O)[C@H](CC(C)C)N(C)C(=O)[C@@H]2CCCCN2C(=O)[C@H]([C@@H](C)O)NC(=O)[C@H](CC(C)C)N(C)C(=O)[C@H](COCCC(C)C)NC(=O)[C@H](CC(C)C)N(C)C(=O)[C@@H](C)N(C)C(=O)C[C@@H](C(=O)N2CCCCC2)NC(=O)[C@H](C)NC(=O)[C@H](C(C)C)N(C)C1=O,-5.82,training
CCCOC[C@H]1C(=O)N(C)[C@@H](C)C(=O)N[C@H](C(=O)N2CCCCC2)CC(=O)N(C)CCCC(=O)N(C)[C@@H](CC(C)C)C(=O)N[C@@H](CCCCC(F)F)C(=O)N(C)[C@@H](CCc2ccccc2)C(=O)N(C)[C@@H](CCc2ccccc2)C(=O)N[C@@H](COCCC(C)C)C(=O)N(C)[C@@H](CC(C)C)C(=O)N[C@@H]([C@@H](C)O)C(=O)N1C,-6.13,training
CC[C@H]1C(=O)N[C@@H](COCCC(C)C)C(=O)N(C)[C@@H](CC(C)C)C(=O)N[C@@H](COCC(C)(C)O)C(=O)N(C)[C@@H](CC(C)C)C(=O)N[C@@H](COCCC(C)C)C(=O)N[C@@H](COCC(C)(C)O)C(=O)N(C)[C@@H](Cc2ccccc2)C(=O)N[C@@H](COCCC(C)C)C(=O)N[C@H](C(=O)N2CCCCC2)CC(=O)N(C)[C@H](C)C(=O)N1C,-6.21,training
CC(C)CCOC[C@@H]1NC(=O)[C@H]2CCCN2C(=O)C[C@@H](C(=O)N2CCCCC2)NC(=O)[C@H](C(C)C)N(C)C(=O)[C@H](Cc2ccccc2)N(C)C(=O)[C@H](COCCC(C)C)NC(=O)[C@H](Cc2ccccc2)N(C)C(=O)CN(C)C(=O)[C@H]([C@@H](C)O)NC(=O)[C@H](Cc2ccccc2)N(C)C(=O)[C@H](COCCC(C)C)NC1=O,-6.66,training
CC(C)CCOC[C@@H]1NC(=O)[C@H](Cc2cccc(Cl)c2)NC(=O)[C@H]2CCCN2C(=O)C[C@@H](C(=O)N2CCCCC2)NC(=O)[C@H](C(C)C)N(C)C(=O)[C@H](Cc2ccccc2)N(C)C(=O)[C@H](COCCC(C)C)NC(=O)[C@H](Cc2ccccc2)N(C)C(=O)CN(C)C(=O)[C@H]([C@@H](C)O)NC(=O)[C@H](C(C)C)N(C)C1=O,-6.89,training
CC(C)CCOC[C@@H]1NC(=O)[C@H](CCc2ccccc2)NC(=O)[C@H]2CCCN2C(=O)C[C@@H](C(=O)N2CCCCC2)NC(=O)[C@H](CC(C)C)N(C)C(=O)[C@H](Cc2cccc(Cl)c2)N(C)C(=O)[C@H](COCCC(C)C)NC(=O)[C@H](Cc2ccccc2)N(C)C(=O)CN(C)C(=O)[C@H]([C@@H](C)O)NC(=O)[C@H](C)N(C)C1=O,-7.05,training
CC(C)CCOC[C@@H]1NC(=O)[C@H](CCc2ccccc2)NC(=O)[C@H]2CCCN2C(=O)C[C@@H](C(=O)N2CCCCC2)NC(=O)[C@H](C)N(C)C(=O)[C@H](Cc2cccc(Cl)c2)N(C)C(=O)[C@H](CCc2ccccc2)NC(=O)[C@H](CC(C)C)N(C)C(=O)CN(C)C(=O)[C@H]([C@@H](C)O)NC(=O)[C@H](CC(C)C)N(C)C1=O,-6.85,training
CC(C)C[C@@H]1NC(=O)[C@H](CC(C)C)N(C)C(=O)CCCN(C)C(=O)C[C@@H](C(=O)N2CCCCC2)NC(=O)[C@H](CC(C)C)N(C)C(=O)[C@H](CC(C)C)N(C)C(=O)[C@H](CC(C)C)NC(=O)[C@H](CC(C)C)N(C)C(=O)[C@H](CCC(=O)NS(C)(=O)=O)NC(=O)[C@H](Cc2ccccc2)N(C)C(=O)[C@H](Cc2ccccc2)N(C)C1=O,-7.0,training
CCCCN1CC(=O)N(C)[C@@H](Cc2ccccc2)C(=O)N[C@@H](COCCN(C)C)C(=O)N(C)[C@@H](CC(C)C)C(=O)N[C@@H]([C@@H](C)O)C(=O)N(C)CC(=O)N(C)[C@@H](Cc2ccccc2)C(=O)N(C)[C@@H](CC)C(=O)N[C@@H](COCCC(C)C)C(=O)N(C)[C@@H](CC(C)C)C(=O)N[C@H](C(=O)N2CCCCC2)CC1=O,-7.68,training
CCCCN1CC(=O)N(C)[C@@H](C(C)C)C(=O)N[C@H](C(=O)N2CCCCC2)CC(=O)N(C)[C@@H](CC(C)C)C(=O)N[C@@H](CCC(=O)NS(C)(=O)=O)C(=O)N(C)[C@@H](CC(C)C)C(=O)N(C)[C@@H](Cc2ccccc2)C(=O)N[C@@H](CC(C)C)C(=O)N(C)[C@@H](Cc2ccccc2)C(=O)N(C)[C@@H](CC(C)C)C(=O)N[C@@H]([C@@H](C)O)C1=O,-6.89,training
CCCCN1CC(=O)N(C)[C@@H](Cc2ccccc2)C(=O)N[C@@H](CCC(=O)NS(C)(=O)=O)C(=O)N(C)[C@@H](CC(C)C)C(=O)N[C@@H]([C@@H](C)O)C(=O)N(CCCC)CC(=O)N(C)[C@@H](Cc2ccccc2)C(=O)N(C)[C@@H](CC(C)C)C(=O)N[C@@H](CC(C)C)C(=O)N(C)[C@@H](CC(C)C)C(=O)N[C@H](C(=O)N2CCCCC2)CC1=O,-7.22,training
CCCCN1CC(=O)N(C)[C@@H](C(C)C)C(=O)N[C@@H](CC(C)C)C(=O)N(C)[C@@H](Cc2ccccc2)C(=O)N(C)[C@@H](CCC2CCCC(F)(F)C2)C(=O)N[C@H](C(=O)N2CCCCC2)CC(=O)N[C@H](C)C(=O)N(C)[C@@H](Cc2ccccc2)C(=O)N[C@@H](CC(C)C)C(=O)N(C)[C@@H](CC(C)C)C(=O)N[C@@H]([C@@H](C)O)C1=O,-5.72,training
CCCCN1CC(=O)N(C)[C@@H](CCC2CCCC(F)(F)C2)C(=O)N[C@H](C(=O)N2CCCCC2)CC(=O)N(C)[C@@H](C)C(=O)N[C@@H](CC(C)C)C(=O)N(C)[C@@H](CC(C)C)C(=O)N(C)[C@@H](Cc2ccccc2)C(=O)N[C@@H](CC(C)C)C(=O)N(C)[C@@H](Cc2ccccc2)C(=O)N(C)[C@@H](C)C(=O)N[C@@H]([C@@H](C)O)C1=O,-5.46,training
CC(C)CCOC[C@@H]1NC(=O)[C@H](CCC2CCCC(F)(F)C2)N(C)C(=O)[C@H](Cc2ccccc2)N(C)C(=O)CN(C)C(=O)[C@H]([C@@H](C)O)NC(=O)[C@H](CC(C)C)N(C)C(=O)[C@H](CC(C)C)NC(=O)[C@H](Cc2ccccc2)N(C)C(=O)CN(C)C(=O)C[C@@H](C(=O)N2CCCCC2)NC(=O)[C@H](CC(C)C)N(C)C1=O,-5.55,training
CCCCN1CC(=O)N(C)[C@@H](CC(C)C)C(=O)N[C@@H](Cc2ccc(N(C)C)nc2)C(=O)N(C)[C@@H](CC(C)C)C(=O)N[C@@H]([C@@H](C)O)C(=O)N(C)CC(=O)N(C)[C@@H](Cc2ccccc2)C(=O)N(C)[C@@H](CC(C)C)C(=O)N[C@@H](COCCC(C)C)C(=O)N(C)[C@@H](C)C(=O)N[C@H](C(=O)N2CCCCC2)CC1=O,-6.0,training
CCCCN1CC(=O)N(C)[C@@H](CC(C)C)C(=O)N[C@H](C(=O)N2CCCCC2)CC(=O)N(C)[C@@H](CC)C(=O)N[C@@H](CC(C)C)C(=O)N(C)[C@@H](CC(C)C)C(=O)N(C)[C@@H](Cc2ccccc2)C(=O)N[C@@H](CC)C(=O)N(C)[C@@H](Cc2ccccc2)C(=O)N(CCOCC)CC(=O)N[C@@H]([C@@H](C)O)C1=O,-5.64,training
CC(C)C[C@@H]1NC(=O)[C@H](CC(C)C)N(C)C(=O)C[C@@H](C(=O)N2CCCCC2)NC(=O)[C@H](CC(C)C)N(C)C(=O)CN(C)C(=O)[C@H](CCC(=O)N(C)C)NC(=O)[C@H](CC(C)C)N(C)C(=O)[C@H](Cc2ccccc2)N(C)C(=O)[C@H](CC(C)C)NC(=O)[C@H](Cc2ccccc2)N(C)C(=O)[C@H](CC(C)C)N(C)C1=O,-6.0,training
CNC(=O)CC[C@@H]1NC(=O)[C@H](CC(C)C)N(C)C(=O)[C@H](C(C)C)N(C)C(=O)[C@H](Cc2ccccc2)NC(=O)[C@H](Cc2ccccc2)N(C)C(=O)[C@H](CC(C)C)N(C)C(=O)[C@H](CC(C)C)NC(=O)[C@H](CC(C)C)N(C)C(=O)C[C@@H](C(=O)N2CCCCC2)NC(=O)[C@H](CC(C)C)N(C)C(=O)CN(C)C1=O,-5.92,training
CCCCN1CC(=O)N(C)[C@@H](CC(C)C)C(=O)N[C@H](C(=O)N2CCCCC2)CC(=O)N(C)[C@@H](CC)C(=O)N[C@@H](CC(C)C)C(=O)N(C)[C@@H](CC(C)C)C(=O)N(C)[C@@H](Cc2ccccc2)C(=O)N[C@@H](COCCN2CCOCC2)C(=O)N(C)[C@@H](CC)C(=O)N(C)[C@@H](CC(C)C)C(=O)N[C@@H]([C@@H](C)O)C1=O,-5.96,training
CCCCN1CC(=O)N(C)[C@@H](CC(C)C)C(=O)N[C@H](C(=O)N2CCCCC2)CC(=O)N(C)[C@@H](CC)C(=O)N[C@@H](COCCN2CCOCC2)C(=O)N(C)[C@@H](CC(C)C)C(=O)N(C)[C@@H](CC)C(=O)N[C@@H](C(C)C)C(=O)N(C)[C@@H](Cc2ccccc2)C(=O)N(C)[C@@H](CC(C)C)C(=O)N[C@@H]([C@@H](C)O)C1=O,-5.72,training
CCCCN1CC(=O)N(C)[C@@H](CC(C)C)C(=O)N[C@H](C(=O)N2CCCCC2)CC(=O)N(C)[C@@H](CC)C(=O)N[C@@H](CC(C)C)C(=O)N(C)[C@@H](CC(C)C)C(=O)N(C)[C@@H](Cc2ccccc2)C(=O)N[C@@H](CCc2noc(=O)[nH]2)C(=O)N(C)[C@@H](CC(C)C)C(=O)N(C)[C@@H](CC(C)C)C(=O)N[C@@H]([C@@H](C)O)C1=O,-5.66,training
CC(C)C[C@H]1C(=O)N(C)[C@@H](CC(C)C)C(=O)N(C)[C@@H](Cc2ccccc2)C(=O)N[C@@H](CCCCO)C(=O)N(C)[C@@H](CC(C)C)C(=O)N(C)[C@@H](CO)C(=O)N(C)[C@@H](Cc2ccccc2)C(=O)N[C@@H](CCCCO)C(=O)N(C)[C@@H](CC(C)C)C(=O)N(C)[C@@H](CC(C)C)C(=O)N[C@H](C(=O)N2CCCCC2)CC(=O)N1C,-6.54,training
CCCCN1CC(=O)N(C)[C@@H](CC(C)C)C(=O)N[C@@H](CCc2nn[nH]n2)C(=O)N(C)[C@@H](CC(C)C)C(=O)N(C)[C@@H](CC(C)C)C(=O)N[C@H](C(=O)N2CCCCC2)CC(=O)N[C@H](C(C)C)C(=O)N(C)[C@@H](Cc2ccccc2)C(=O)N[C@@H](CC(C)C)C(=O)N(C)[C@@H](CC(C)C)C(=O)N[C@@H]([C@@H](C)O)C1=O,-6.82,training
CCCCN1CC(=O)N(C)[C@@H](CC(C)C)C(=O)N[C@@H](CCc2nn[nH]n2)C(=O)N(C)[C@@H](Cc2ccccc2)C(=O)N(C)[C@@H](CC)C(=O)N[C@H](C(=O)N2CCCCC2)CC(=O)N[C@H](CC(C)C)C(=O)N(C)[C@@H](CC(C)C)C(=O)N[C@@H]([C@@H](C)CC)C(=O)N(C)[C@@H](CC(C)C)C(=O)N[C@@H]([C@@H](C)O)C1=O,-6.82,training
CCCCN1CC(=O)N(C)[C@@H](CC(C)C)C(=O)N[C@H](C(=O)N2CCCCC2)CC(=O)N(C)[C@@H](CC)C(=O)N[C@@H](CC(C)C)C(=O)N(C)[C@@H](CC(C)C)C(=O)N(C)[C@@H](Cc2ccccc2)C(=O)N[C@@H](CCc2nn[nH]n2)C(=O)N(C)[C@@H](CC(C)C)C(=O)N(C)[C@@H](CC(C)C)C(=O)N[C@@H]([C@@H](C)O)C1=O,-6.89,training
CCCCN1CC(=O)N(C)[C@@H](CC(C)C)C(=O)N[C@H](C(=O)N2CCCCC2)CC(=O)N(C)[C@@H](CC)C(=O)N[C@@H](CCc2nn[nH]n2)C(=O)N(C)[C@@H](CC(C)C)C(=O)N(C)[C@@H](CC(C)C)C(=O)N[C@@H](C(C)C)C(=O)N(C)[C@@H](Cc2ccccc2)C(=O)N(C)[C@@H](CC(C)C)C(=O)N[C@@H]([C@@H](C)O)C1=O,-7.0,training
CC(C)C[C@@H]1NC(=O)[C@H](CCc2ccccc2)N(C)C(=O)[C@H](CCc2ccccc2)N(C)C(=O)[C@H](CCCCO)NC(=O)[C@H](C(C)C)N(C)C(=O)CCCN(C)C(=O)C[C@@H](C(=O)N2CCCCC2)NC(=O)[C@H](CC(C)C)N(C)C(=O)[C@H](CC(C)C)N(C)C(=O)[C@H]([C@@H](C)O)NC(=O)[C@H](CC(C)C)N(C)C1=O,-6.96,training
CC(C)C[C@H]1C(=O)N[C@@H](C(C)C)C(=O)N(C)[C@@H](CCc2ccccc2)C(=O)N(C)[C@@H](CCc2ccccc2)C(=O)N[C@@H](CCCCO)C(=O)N(C)[C@@H](CC(C)C)C(=O)N[C@@H]([C@@H](C)O)C(=O)N(C)[C@@H](CC(C)C)C(=O)N(C)[C@@H](CC(C)C)C(=O)N[C@H](C(=O)N2CCCCC2)CC(=O)N(C)CCCC(=O)N1C,-7.15,training
CCCCN1CC(=O)N(C)[C@@H](C(C)C)C(=O)N[C@H](C(=O)N2CCCCC2)CC(=O)N(C)[C@@H](CC)C(=O)N[C@@H](CC(C)C)C(=O)N(C)[C@@H](CC(C)C)C(=O)N(C)[C@@H](Cc2ccccc2)C(=O)N[C@@H](CCC(=O)NS(C)(=O)=O)C(=O)N(C)[C@@H](Cc2ccccc2)C(=O)N(C)[C@@H](CC(C)C)C(=O)N[C@@H](CC(C)C)C1=O,-6.85,training
CCCCN1CC(=O)N(C)[C@@H](Cc2ccccc2)C(=O)N[C@@H](CCC(=O)NS(C)(=O)=O)C(=O)N(C)[C@@H](CC(C)C)C(=O)N[C@@H](CC(C)C)C(=O)N(C)CC(=O)N(C)[C@@H](Cc2ccccc2)C(=O)N(C)[C@@H](CC(C)C)C(=O)N[C@@H](CC(C)C)C(=O)N(C)[C@@H](CC(C)C)C(=O)N[C@H](C(=O)N2CCCCC2)CC1=O,-6.77,training
CCCCN1CC(=O)N(C)[C@@H](CC(C)C)C(=O)N[C@H](C(=O)N2CCCCC2)CC(=O)N(C)[C@@H](CC(C)C)C(=O)N[C@@H](CC(C)C)C(=O)N(C)[C@@H](CC(C)C)C(=O)N(C)[C@@H](Cc2cscn2)C(=O)N[C@@H](CC(C)C)C(=O)N(C)[C@@H](Cc2ccccc2)C(=O)N(C)[C@@H]([C@@H](C)CC)C(=O)N[C@@H](CCC(=O)NC)C1=O,-5.96,training
CCCCN1CC(=O)N(C)[C@@H](Cc2ccccc2)C(=O)N(C)[C@@H](CC(C)C)C(=O)N[C@@H](CC(C)C)C(=O)N(C)[C@@H](CC(C)C)C(=O)N[C@H](C(=O)N2CCCCC2)CC(=O)N(C)CC(=O)N(C)[C@@H](CC)C(=O)N[C@@H](C(C)C)C(=O)N(C)[C@@H](CC(C)C)C(=O)N[C@@H](COCCN2CCOCC2)C1=O,-5.96,training
CCCCN1CC(=O)N(C)[C@@H](Cc2ccccc2)C(=O)N(C)[C@@H](CC(C)C)C(=O)N[C@@H](CC(C)C)C(=O)N(C)[C@@H](CC(C)C)C(=O)N[C@H](C(=O)N2CCCCC2)CC(=O)N(C)CC(=O)N(C)[C@@H](CC(C)C)C(=O)N[C@@H](C(C)C)C(=O)N(C)[C@@H](CC(C)C)C(=O)N[C@@H](CCc2noc(=O)[nH]2)C1=O,-5.8,training
CC[C@@H]1NC(=O)[C@H](Cc2cccc(Cl)c2)N(C)C(=O)[C@H](Cc2cccc(Cl)c2)N(C)C(=O)[C@H]([C@@H](C)CC)NC(=O)[C@H](CC(C)C)N(C)C(=O)CCCN(C)C(=O)C[C@@H](C(=O)N2CCCCC2)NC(=O)[C@H](CC(C)C)N(C)C(=O)[C@H](CO)N(C)C(=O)[C@H]([C@@H](C)O)NC(=O)[C@H](CC(C)C)N(C)C1=O,-6.72,training
CC(C)C[C@@H]1NC(=O)[C@H](CC(C)C)N(C)C(=O)[C@@H](CC(C)C)NC(=O)C[C@@H](C(=O)N2CCCCC2)NC(=O)[C@H](CC(C)C)N(C)C(=O)[C@H](Cc2cccc(Cl)c2)N(C)C(=O)[C@H](Cc2ccncc2)NC(=O)[C@H](CC(C)C)N(C)C(=O)CN(C)C(=O)[C@H]([C@@H](C)O)NC(=O)[C@H](CC(C)C)N(C)C1=O,-5.96,training
CC(C)C[C@@H]1NC(=O)[C@H](CCC2CCCC(F)(F)C2)N(C)C(=O)[C@@H](C(C)C)NC(=O)C[C@@H](C(=O)N2CCCCC2)NC(=O)[C@H](C)N(C)C(=O)[C@H](Cc2cccc(Cl)c2)N(C)C(=O)[C@H](CC(C)C)NC(=O)[C@H](CC(C)C)N(C)C(=O)CN(C)C(=O)[C@H]([C@@H](C)O)NC(=O)[C@H](Cc2ccccc2)N(C)C1=O,-5.96,training
CC[C@@H]1NC(=O)[C@H](CC(C)C)N(C)C(=O)C[C@@H](C(=O)N2CCCCC2)NC(=O)[C@H](CC(C)C)N(C)C(=O)CN(C)C(=O)[C@H]([C@@H](C)O)NC(=O)[C@H](CO)N(C)C(=O)[C@H](Cc2cccc(Cl)c2)N(C)C(=O)[C@H](CC(C)C)NC(=O)[C@H](Cc2cccc(Cl)c2)N(C)C(=O)[C@H](CC(C)C)N(C)C1=O,-6.27,training
CC(C)C[C@@H]1NC(=O)[C@H](Cc2c[nH]cn2)N(C)C(=O)[C@H](CC(C)C)N(C)C(=O)[C@H](C(C)C)NC(=O)[C@H](CC(C)C)N(C)C(=O)C[C@@H](C(=O)N2CCCCC2)NC(=O)[C@H](CC(C)C)N(C)C(=O)CN(C)C(=O)[C@H]([C@@H](C)O)NC(=O)[C@H](CC(C)C)N(C)C(=O)[C@H](Cc2cccc(Cl)c2)N(C)C1=O,-6.3,training
CC(C)C[C@@H]1NC(=O)[C@H](CC(C)C)N(C)C(=O)C[C@@H](C(=O)N2CCCCC2)NC(=O)[C@H](CC(C)C)N(C)C(=O)CN(C)C(=O)[C@H]([C@@H](C)O)NC(=O)[C@H](CC(C)C)N(C)C(=O)[C@H](Cc2c[nH]cn2)N(C)C(=O)[C@H](CC(C)C)NC(=O)[C@H](Cc2cccc(Cl)c2)N(C)C(=O)[C@H](CC(C)C)N(C)C1=O,-6.7,training
CC[C@H]1NC(=O)C[C@@H](C(=O)N2CCCCC2)NC(=O)[C@H](CC(C)C)N(C)C(=O)[C@H](Cc2cccc(Cl)c2)N(C)C(=O)[C@H](CCCCO)NC(=O)[C@H](CC(C)C)N(C)C(=O)CN(C)C(=O)[C@H]([C@@H](C)O)NC(=O)[C@H](CC(C)C)N(C)C(=O)[C@H](CC(C)C)NC(=O)[C@H](CCc2ccccc2)N(C)C1=O,-6.82,training
CCCN1CC(=O)N(C)[C@@H](CC(C)C)C(=O)N[C@H](C(=O)N2CCCCC2)CC(=O)N(C)[C@@H](C)C(=O)N[C@@H](CCCCO)C(=O)N(C)[C@@H](CC(C)C)C(=O)N(C)[C@@H](Cc2cccc(Cl)c2)C(=O)N[C@@H](C(C)C)C(=O)N(C)[C@@H](CCc2ccccc2)C(=O)N(C)[C@@H](CC(C)C)C(=O)N[C@@H]([C@@H](C)O)C1=O,-6.59,training
CCCN1CC(=O)N(C)[C@@H](Cc2cccc(Cl)c2)C(=O)N(C)[C@@H](CC(C)C)C(=O)N[C@@H](CCCCO)C(=O)N(C)[C@@H](CC(C)C)C(=O)N[C@H](C(=O)N2CCCCC2)CC(=O)N(C)CC(=O)N(C)[C@@H](CCc2ccccc2)C(=O)N[C@@H](C(C)C)C(=O)N(C)[C@@H](CC(C)C)C(=O)N[C@@H]([C@@H](C)O)C1=O,-6.82,training
CC[C@H]1C(=O)N[C@@H](CCCCO)C(=O)N(C)[C@@H](CC(C)C)C(=O)N(C)[C@@H](Cc2cccc(Cl)c2)C(=O)N[C@@H](CC(C)C)C(=O)N(C)[C@@H](CCc2ccccc2)C(=O)N(C)[C@@H](CC(C)C)C(=O)N[C@@H]([C@@H](C)O)C(=O)N(C)CC(=O)N(C)[C@@H](CC(C)C)C(=O)N[C@H](C(=O)N2CCCCC2)CC(=O)N1C,-6.51,training
CCCN1CC(=O)N(C)[C@@H](CC(C)C)C(=O)N[C@@H](CCCCO)C(=O)N(C)[C@@H](Cc2cccc(Cl)c2)C(=O)N(C)[C@@H](CC(C)C)C(=O)N[C@H](C(=O)N2CCCCC2)CC(=O)N[C@H](CC)C(=O)N(C)[C@@H](Cc2ccccc2)C(=O)N[C@@H](CC(C)C)C(=O)N(C)[C@@H](CC(C)C)C(=O)N[C@@H]([C@@H](C)O)C1=O,-6.6,training
CCCCN1CC(=O)N(C)[C@@H](CC(C)C)C(=O)N[C@@H](CC(C)C)C(=O)N(C)[C@@H](Cc2ccccc2)C(=O)N(C)[C@@H](C(C)C)C(=O)N[C@H](C(=O)N2CCCCC2)CC(=O)N[C@H](CC(C)C)C(=O)N(C)[C@@H](Cc2cccc(Cl)c2)C(=O)N[C@@H](CCC(=O)NS(C)(=O)=O)C(=O)N(C)[C@@H](CC(C)C)C(=O)N[C@@H]([C@@H](C)O)C1=O,-8.06,training
CCCCN1CC(=O)N(C)[C@@H](CC(C)C)C(=O)N[C@@H](CCC(=O)NS(C)(=O)=O)C(=O)N(C)[C@@H](Cc2cccc(Cl)c2)C(=O)N(C)[C@@H](C(C)C)C(=O)N[C@H](C(=O)N2CCCCC2)CC(=O)N[C@H](CC(C)C)C(=O)N(C)[C@@H](Cc2cccc(Cl)c2)C(=O)N[C@@H](CC(C)C)C(=O)N(C)[C@@H](CC(C)C)C(=O)N[C@@H]([C@@H](C)O)C1=O,-8.0,training
CCCCN1CC(=O)N(C)[C@@H](CC(C)C)C(=O)N[C@@H](CCC(=O)NS(C)(=O)=O)C(=O)N(C)[C@@H](Cc2cccc(Cl)c2)C(=O)N(C)[C@@H](C(C)C)C(=O)N[C@H](C(=O)N2CCCCC2)CC(=O)N[C@H](CC(C)C)C(=O)N(C)[C@@H](Cc2cccc(Cl)c2)C(=O)N[C@@H](CC(C)C)C(=O)N(C)[C@@H](CC)C(=O)N[C@@H]([C@@H](C)O)C1=O,-7.03,training
CCCCN1CC(=O)N(C)[C@@H](C(C)C)C(=O)N[C@H](C(=O)N2CCCCC2)CC(=O)N(C)[C@@H](CC)C(=O)N[C@@H](CCC(=O)NS(C)(=O)=O)C(=O)N(C)[C@@H](CC(C)C)C(=O)N(C)[C@@H](Cc2cccc(Cl)c2)C(=O)N[C@@H](CC(C)C)C(=O)N(C)[C@@H](Cc2ccccc2)C(=O)N(C)[C@@H](CC(C)C)C(=O)N[C@@H]([C@@H](C)O)C1=O,-7.0,training
CCCCN1CC(=O)N(C)[C@@H](CC(C)C)C(=O)N[C@H](C(=O)N2CCCCC2)CC(=O)N(C)[C@@H](CC(C)C)C(=O)N[C@@H](CC(C)C)C(=O)N(C)[C@@H](CC)C(=O)N(C)[C@@H](Cc2ccccc2)C(=O)N[C@@H](CCC(=O)NS(C)(=O)=O)C(=O)N(C)[C@@H](Cc2cccc(Cl)c2)C(=O)N(C)[C@@H](CC(C)C)C(=O)N[C@@H]([C@@H](C)O)C1=O,-6.82,training
CCCCN1CC(=O)N(C)[C@@H](Cc2cccc(Cl)c2)C(=O)N[C@@H](CCC(=O)NS(C)(=O)=O)C(=O)N(C)[C@@H](CC(C)C)C(=O)N[C@@H]([C@@H](C)O)C(=O)N(CCCC)CC(=O)N(C)[C@@H](Cc2ccccc2)C(=O)N(C)[C@@H](CC(C)C)C(=O)N[C@@H](CC(C)C)C(=O)N(C)[C@@H](CC(C)C)C(=O)N[C@H](C(=O)N2CCCCC2)CC1=O,-7.05,training
CCCCN1CC(=O)N(C)[C@@H](C)C(=O)N[C@H](C(=O)N2CCCCC2)CC(=O)N(C)[C@@H](C(C)C)C(=O)N[C@@H](CC(C)C)C(=O)N(C)[C@@H](CC(C)C)C(=O)N(C)[C@@H](Cc2cccc(Cl)c2)C(=O)N[C@@H](Cc2ccc(N(C)C)nc2)C(=O)N(C)[C@@H](C)C(=O)N(C)[C@@H](CC(C)C)C(=O)N[C@@H]([C@@H](C)O)C1=O,-5.82,training
CCCCN1CC(=O)N(C)[C@@H](CC(C)C)C(=O)N[C@H](C(=O)N2CCCCC2)CC(=O)N(C)[C@@H](C)C(=O)N[C@@H](Cc2ccc(N(C)C)nc2)C(=O)N(C)[C@@H](C)C(=O)N(C)[C@@H](C)C(=O)N[C@@H](CC(C)C)C(=O)N(C)[C@@H](Cc2cccc(Cl)c2)C(=O)N(C)[C@@H](CC(C)C)C(=O)N[C@@H]([C@@H](C)O)C1=O,-5.64,training
CCCOC[C@H]1C(=O)N[C@@H](Cc2ccc(N(C)C)nc2)C(=O)N(C)[C@@H](Cc2cccc(Cl)c2)C(=O)N(C)[C@@H](C)C(=O)N[C@@H]([C@@H](C)O)C(=O)N(CCC(C)C)CC(=O)N(C)[C@@H](C(C)C)C(=O)N[C@H](C(=O)N2CCCCC2)CC(=O)N(C)[C@@H](C)C(=O)N[C@@H](CC(C)C)C(=O)N(C)[C@@H](CC(C)C)C(=O)N1C,-5.54,training
CCCCN1CC(=O)N(C)[C@@H](Cc2cccc(Cl)c2)C(=O)N(C)[C@@H](CC(C)C)C(=O)N[C@@H](C(C)C)C(=O)N(C)[C@@H](CC(C)C)C(=O)N[C@H](C(=O)N2CCCCC2)CC(=O)N(C)CC(=O)N(C)[C@@H](CC(C)C)C(=O)N[C@@H](CCc2nn[nH]n2)C(=O)N(C)[C@@H](CC(C)C)C(=O)N[C@@H]([C@@H](C)O)C1=O,-6.68,training
CCCCN1CC(=O)N(C)[C@@H](Cc2cccc(Cl)c2)C(=O)N(C)[C@@H](CC(C)C)C(=O)N[C@@H](CCc2nn[nH]n2)C(=O)N(C)[C@@H](CC(C)C)C(=O)N[C@H](C(=O)N2CCCCC2)CC(=O)N(C)CC(=O)N(C)[C@@H](CC(C)C)C(=O)N[C@@H]([C@@H](C)CC)C(=O)N(C)[C@@H](CC(C)C)C(=O)N[C@@H]([C@@H](C)O)C1=O,-7.15,training
CCCN1CC(=O)N(C)[C@@H](CCc2ccccc2)C(=O)N(C)[C@@H](CC(C)C)C(=O)N[C@@H](COCCC(C)C)C(=O)N(C)[C@@H](CC(C)C)C(=O)N[C@H](C(=O)N2CCCCC2)CC(=O)N(C)CC(=O)N(C)[C@@H](Cc2cccc(Cl)c2)C(=O)N[C@@H](CCCCO)C(=O)N(C)[C@@H](C(C)C)C(=O)N[C@@H]([C@@H](C)O)C1=O,-6.68,training
CC(C)C[C@H]1C(=O)N[C@@H](C)C(=O)N(C)[C@@H](Cc2ccccc2)C(=O)N2CCC[C@H]2C(=O)N(C)[C@@H](CC(C)C)C(=O)N(C)[C@@H](C(C)C)C(=O)N[C@H](C(=O)N2CCCCC2)CC(=O)N(C)CCCC(=O)N[C@@H]([C@@H](C)O)C(=O)N(C)CC(=O)N(C)[C@@H](Cc2ccccc2)C(=O)N1C,-7.49,training
CC(C)C[C@@H]1NC(=O)[C@H](CC(C)C)N(C)C(=O)[C@H](C)N(C)C(=O)[C@@H](C(C)C)NC(=O)C[C@@H](C(=O)N2CCCCC2)NC(=O)[C@H]([C@@H](C)O)NC(=O)[C@H](C)N(C)C(=O)CN(C)C(=O)[C@H](CC(C)C)N(C)C(=O)[C@H](Cc2c[nH]c3ccccc23)NC(=O)[C@H](Cc2ccccc2)N(C)C1=O,-6.96,training
CC(C)C[C@@H]1NC(=O)[C@H](C(C)C)N(C)C(=O)[C@H](CCCc2ccccc2)NC(=O)CN(C)C(=O)[C@H]([C@@H](C)O)NC(=O)[C@H](C)N(C)C(=O)[C@H](CC(C)C)N(C)C(=O)[C@@H](C(C)C)NC(=O)C[C@@H](C(=O)N2CCCCC2)NC(=O)[C@H](C)NC(=O)[C@H](CC(C)C)N(C)C1=O,-7.17,training
CCCN1CC(=O)N(C)[C@@H](Cc2ccccc2)C(=O)N(C)[C@@H](Cc2ccccc2)C(=O)N(C)[C@@H](CC(C)C)C(=O)N2CCC[C@H]2C(=O)N(C)[C@@H](CC(C)C)C(=O)N[C@@H](C)C(=O)N(C)[C@@H](C(C)C)C(=O)N[C@H](C(=O)N2CCCCC2)CC(=O)N(C)[C@@H](C)C(=O)N[C@@H]([C@@H](C)O)C1=O,-7.05,training
CCN1C(=O)CN(C)C(=O)[C@H]([C@@H](C)O)NC(=O)[C@H](C)N(C)C(=O)C[C@@H](C(=O)N2CCCCC2)NC(=O)[C@H](C(C)C)N(C)C(=O)[C@H](C)NC(=O)[C@H](CC(C)C)N(C)C(=O)[C@@H]2CCCN2C(=O)[C@H](CC(C)C)N(C)C(=O)[C@H](Cc2ccccc2)N(C)C(=O)[C@@H]1Cc1ccccc1,-7.07,training
CC[C@H](C)[C@H]1C(=O)N[C@@H](Cc2c[nH]c3ccccc23)C(=O)N(C)CC(=O)N(C)[C@@H](C)C(=O)N[C@H](C(=O)N2CCCCC2)CC(=O)N(C)[C@@H](C)C(=O)N[C@@H](CC(C)C)C(=O)N(C)[C@@H](CC(C)C)C(=O)N(C)[C@@H](CC(C)C)C(=O)N[C@@H](C)C(=O)N(C)[C@@H](CC(C)C)C(=O)N1C,-6.89,training
CC[C@H](C)[C@@H]1NC(=O)[C@@H](C)N(C)C(=O)C[C@@H](C(=O)N(C)[C@@H](Cc2ccccc2)C(=O)N[C@@H](C)C(=O)N2CCCCC2)NC(=O)[C@H](Cc2ccccc2)N(C)C(=O)CN(C)C(=O)[C@H]([C@@H](C)O)NC(=O)[C@H](C)N(C)C(=O)[C@H](C(C)C)N(C)C(=O)[C@H](Cc2ccccc2)NC(=O)[C@H](CC(C)C)N(C)C(=O)[C@H](CC(C)C)N(C)C1=O,-5.96,training
CC[C@H](C)[C@H]1C(=O)N[C@@H]([C@@H](C)O)C(=O)N(C)CC(=O)N(C)[C@@H](CC(C)C)C(=O)N[C@H](C(=O)N2CCCCC2)CC(=O)N(C)[C@@H](C)C(=O)N[C@@H](CC(C)C)C(=O)N(C)[C@@H](CC(C)C)C(=O)N(C)[C@@H](Cc2c[nH]c3ccccc23)C(=O)N[C@@H](C(C)C)C(=O)N(C)[C@@H](CC(C)C)C(=O)N1C,-5.96,training
CC(C)C[C@@H]1NC(=O)[C@H](C)N(C)C(=O)C[C@@H](C(=O)N2CCCCC2)NC(=O)[C@H](CC(C)C)N(C)C(=O)CN(C)C(=O)[C@H](Cc2ccc(O)c(F)c2)NC(=O)[C@H](CC(C)C)N(C)C(=O)[C@H](C)N(C)C(=O)[C@H](C)NC(=O)[C@H](Cc2ccccc2)N(C)C(=O)[C@H](CC(C)C)N(C)C1=O,-6.64,training
CC[C@H](C)[C@H]1C(=O)N[C@@H]([C@@H](C)O)C(=O)N(C)CC(=O)N(C)[C@@H](CC(C)C)C(=O)N[C@H](C(=O)N2CCCCC2)CC(=O)N(C)[C@@H](C)C(=O)N[C@@H](CC(C)C)C(=O)N(C)[C@@H](CC(C)C)C(=O)N(C)[C@@H](CC(C)C)C(=O)N[C@@H](Cc2ccc(C(F)(F)F)cc2)C(=O)N(C)[C@@H](C)C(=O)N1C,-5.54,training
CC(C)C[C@@H]1NC(=O)[C@H](C)N(C)C(=O)C[C@@H](C(=O)N2CCCCC2)NC(=O)[C@H](C(C)C)N(C)C(=O)CN(C)C(=O)[C@H]([C@@H](C)O)NC(=O)[C@H](CCC2CCCC(F)(F)C2)N(C)C(=O)[C@H](Cc2ccccc2)N(C)C(=O)[C@H](CC(C)C)NC(=O)[C@H](Cc2ccccc2)N(C)C(=O)[C@H](CC(C)C)N(C)C1=O,-5.62,training
CC(C)C[C@@H]1NC(=O)[C@H](C)N(C)C(=O)C[C@@H](C(=O)N2CCCCC2)NC(=O)[C@H](CC(C)C)N(C)C(=O)CN(C)C(=O)[C@H]([C@@H](C)O)NC(=O)[C@H](C(C)C)N(C)C(=O)[C@H](CC(C)C)N(C)C(=O)[C@H](Cc2ccc(C(F)F)cc2)NC(=O)[C@H](CC(C)C)N(C)C(=O)[C@H](CC(C)C)N(C)C1=O,-5.35,training
CC[C@H](C)[C@H]1C(=O)N[C@@H]([C@@H](C)O)C(=O)N(C)CC(=O)N(C)[C@@H](CC(C)C)C(=O)N[C@H](C(=O)N2CCCCC2)CC(=O)N(C)[C@@H](C)C(=O)N[C@@H](CC(C)C)C(=O)N(C)[C@@H](CC(C)C)C(=O)N(C)[C@@H](CC(C)C)C(=O)N[C@@H](Cc2ccc(OC(F)F)cc2)C(=O)N(C)[C@@H](C)C(=O)N1C,-5.3,training
CC[C@H]1C(=O)N(C)[C@@H](Cc2ccccc2)C(=O)N[C@@H](CC(C)C)C(=O)N(C)[C@@H](Cc2ccccc2)C(=O)N(C)[C@@H](C(C)C)C(=O)N[C@@H](COCC(O)C(F)(F)F)C(=O)N(C)CC(=O)N(C)[C@@H](CC(C)C)C(=O)N[C@H](C(=O)N2CCCCC2)CC(=O)N(C)[C@@H](C)C(=O)N[C@@H](CC(C)C)C(=O)N1C,-5.7,training
CC[C@H](C)[C@@H]1NC(=O)[C@H](CC(C)C)N(C)C(=O)CN(C)C(=O)[C@H](Cc2nnn[nH]2)NC(=O)[C@H](CC(C)C)N(C)C(=O)[C@H](CC(C)C)NC(=O)[C@H](Cc2ccccc2)N(C)C(=O)[C@H](C(C)C)N(C)C(=O)C[C@@H](C(=O)N2CCCCC2)NC(=O)[C@H](CC(C)C)N(C)C(=O)[C@H](Cc2ccccc2)N(C)C1=O,-7.3,training
CC[C@H](C)[C@@H]1NC(=O)[C@H](C)N(C)C(=O)C[C@@H](C(=O)N2CCCCC2)NC(=O)[C@H](CC(C)C)N(C)C(=O)[C@H](Cc2ccccc2)N(C)C(=O)[C@H](CC(C)C)N(C)C(=O)[C@H](Cc2cccc(Cl)c2)NC(=O)CN(C)C(=O)[C@H](Cc2ccc(Cl)cc2)N(C)C(=O)CN(C)C(=O)[C@@H](C)NC1=O,-6.62,training
CCCN1CC(=O)N(C)[C@@H](Cc2ccc(Cl)cc2)C(=O)N(C)CC(=O)N[C@@H](Cc2ccccc2)C(=O)N(C)[C@@H](CC(C)C)C(=O)N(C)[C@@H](Cc2ccccc2)C(=O)N(C)[C@@H](CC(C)C)C(=O)N[C@H](C(=O)N2CCCC2)CC(=O)N(C)[C@@H](C)C(=O)N[C@@H]([C@@H](C)CC)C(=O)NC2(CC2)C1=O,-6.17,training
CC[C@H](C)[C@@H]1NC(=O)[C@H](C)N(C)C(=O)C[C@@H](C(=O)N2CCCC2)NC(=O)[C@H](CC(C)C)N(C)C(=O)[C@H](Cc2ccccc2)N(C)C(=O)[C@H](Cc2ccccc2)NC(=O)[C@H](Cc2cccc(Cl)c2)NC(=O)CN(C)C(=O)[C@H](Cc2ccc(Cl)cc2)N(C)C(=O)CN(C)C(=O)CN(C)C1=O,-7.096910013,training
CC[C@H](C)[C@@H]1NC(=O)[C@H](C)N(C)C(=O)C[C@@H](C(=O)N2CCCC2)NC(=O)[C@H](CC(C)C)N(C)C(=O)[C@H](Cc2ccccc2)N(C)C(=O)[C@H](CC(C)C)NC(=O)[C@H](Cc2cccc(Cl)c2)NC(=O)CN(C)C(=O)[C@H](Cc2ccc(Cl)cc2)N(C)C(=O)CN(C)C(=O)CN(C)C1=O,-7.15490196,training
CC[C@H](C)[C@@H]1NC(=O)[C@H](C)N(C)C(=O)C[C@@H](C(=O)N2CCCC2)NC(=O)[C@H](CC(C)C)N(C)C(=O)[C@H](Cc2ccccc2)N(C)C(=O)[C@H](CC(C)C)NC(=O)[C@H](Cc2cccc(C(F)(F)F)c2)NC(=O)CN(C)C(=O)[C@H](Cc2ccc(Cl)cc2)N(C)C(=O)CN(C)C(=O)CN(C)C1=O,-6.920818754,training
CC[C@H](C)[C@@H]1NC(=O)[C@H](C)N(C)C(=O)C[C@@H](C(=O)N2CCCC2)NC(=O)[C@H](CC(C)C)N(C)C(=O)[C@H](Cc2ccccc2)N(C)C(=O)[C@H](CC(C)C)NC(=O)[C@H](Cc2cc(F)cc(Cl)c2)NC(=O)CN(C)C(=O)[C@H](Cc2ccc(Cl)cc2)N(C)C(=O)CN(C)C(=O)CN(C)C1=O,-7.15490196,training
CC[C@H](C)[C@@H]1NC(=O)[C@H](C)N(C)C(=O)C[C@@H](C(=O)N2CCCC2)NC(=O)[C@H](CC(C)C)N(C)C(=O)[C@H](Cc2ccccc2)N(C)C(=O)[C@H](CC(C)C)NC(=O)[C@H](Cc2cc(Cl)cc(Cl)c2)NC(=O)CN(C)C(=O)[C@H](Cc2ccc(Cl)cc2)N(C)C(=O)CN(C)C(=O)CN(C)C1=O,-7.522878745,training
CC[C@H](C)[C@@H]1NC(=O)[C@H](C)N(C)C(=O)C[C@@H](C(=O)N2CCCC2)NC(=O)[C@H](CC(C)C)N(C)C(=O)[C@H](Cc2ccccc2)N(C)C(=O)[C@H](CC(C)C)NC(=O)[C@H](CCc2ccc(C(F)(F)F)cc2)NC(=O)CN(C)C(=O)[C@H](Cc2ccc(Cl)cc2)N(C)C(=O)CN(C)C(=O)CN(C)C1=O,-6.958607315,training
CC[C@H](C)[C@@H]1NC(=O)[C@H](C)N(C)C(=O)C[C@@H](C(=O)N2CCCC2)NC(=O)[C@H](CC(C)C)N(C)C(=O)[C@H](Cc2ccccc2)N(C)C(=O)[C@H](CC(C)C)NC(=O)[C@H](CCc2ccc(C)cc2)NC(=O)CN(C)C(=O)[C@H](Cc2ccc(Cl)cc2)N(C)C(=O)CN(C)C(=O)CN(C)C1=O,-6.853871964,training
CC[C@H](C)[C@@H]1NC(=O)[C@H](C)N(C)C(=O)C[C@@H](C(=O)N2CCCC2)NC(=O)[C@H](CC(C)C)N(C)C(=O)[C@H](Cc2ccccc2)N(C)C(=O)[C@H](CC(C)C)NC(=O)[C@H](CCC2CCCCC2)NC(=O)CN(C)C(=O)[C@H](Cc2ccc(Cl)cc2)N(C)C(=O)CN(C)C(=O)CN(C)C1=O,-7.045757491,training
CC[C@H](C)[C@@H]1NC(=O)[C@H](CC(C)C)N(C)C(=O)C[C@@H](C(=O)N2CCCC2)NC(=O)[C@H](CC(C)C)N(C)C(=O)[C@H](Cc2ccccc2)N(C)C(=O)[C@H](CC(C)C)N(C)C(=O)[C@H](Cc2cccc(Cl)c2)NC(=O)CN(C)C(=O)[C@H](CCc2ccccc2)N(C)C(=O)CN(C)C(=O)CCNC1=O,-6.8,training
CC[C@H](C)[C@@H]1NC(=O)[C@H](CC)N(C)C(=O)C[C@@H](C(=O)N2CCCC2)NC(=O)[C@H](CC(C)C)N(C)C(=O)[C@H](Cc2ccccc2)N(C)C(=O)[C@H](CC(C)C)N(C)C(=O)[C@H](Cc2cccc(Cl)c2)NC(=O)CN(C)C(=O)[C@H](Cc2ccc(Cl)cc2)N(C)C(=O)CN(C)C(=O)[C@H](C)CNC1=O,-6.89,training
CC(C)C[C@@H]1NC(=O)[C@H](CC(C)C)N(C)C(=O)[C@H](CC(C)C)N(C)C(=O)CNC(=O)[C@H](Cc2ccccc2)N(C)C(=O)[C@H](Cc2cscn2)NC(=O)[C@H](CC(C)C)N(C)C(=O)[C@H](Cc2ccccc2)NC(=O)[C@H](C)NC(=O)C[C@@H](C(=O)N(C)[C@@H](Cc2ccccc2)C(=O)N[C@@H](C)C(=O)N2CCCCC2)NC1=O,-7.0,training
CC[C@H](C)[C@H]1C(=O)N[C@@H](CC(C)C)C(=O)N(C)[C@@H](CC(C)C)C(=O)N[C@@H](COC(C)(C)C)C(=O)N(C)[C@@H](CC(C)C)C(=O)N[C@@H](C)CC(=O)N(C)CCC(=O)N[C@@H](Cc2ccccc2)C(=O)N(C)[C@@H](Cc2ccccc2)C(=O)N(C)[C@@H](CC(C)C)C(=O)N[C@@H]([C@@H](C)O)C(=O)N(C)[C@@H](C)C(=O)N1C,-5.4,training
CC(C)C[C@H]1C(=O)N(C)[C@@H](CC(C)C)C(=O)N(C)[C@@H](Cc2c[nH]c3ccccc23)C(=O)N[C@@H]([C@@H](C)O)C(=O)N(C)[C@@H](C)C(=O)N(C)[C@@H](CC(C)C)C(=O)N[C@H](C(=O)N2CCCCC2)CC(=O)N(C)[C@@H](C)C(=O)N(C)[C@@H](CC(C)C)C(=O)N(C)[C@@H](CC(C)C)C(=O)N[C@@H](C)C(=O)N1C,-6.55,training
CC(C)C[C@H]1C(=O)N(C)[C@@H](C(C)C)C(=O)N[C@@H](Cc2ccccc2)C(=O)N[C@H](C(=O)N(C)[C@@H](Cc2ccccc2)C(=O)N[C@@H](C)C(=O)N2CCCCC2)CC(=O)N(C)CCCC(=O)N[C@@H](C(C)C)C(=O)N(C)[C@@H](CC(C)C)C(=O)N[C@@H]([C@@H](C)O)C(=O)N(C)[C@@H](Cc2ccccc2)C(=O)NCC(=O)N1C,-5.57,training
CC[C@H](C)[C@@H]1NC(=O)[C@H](CC(C)C)N(C)C(=O)[C@H](C)N(C)C(=O)[C@H]([C@@H](C)O)NC(=O)[C@H](Cc2ccccc2)N(C)C(=O)[C@H](C)N(C)C(=O)[C@@H](C)N(C)C(=O)C[C@@H](C(=O)N(C)[C@@H](Cc2ccccc2)C(=O)N(C)[C@@H](Cc2ccccc2)C(=O)N[C@@H](C)C(=O)N2CCCCC2)NC(=O)[C@H](C(C)C)N(C)C(=O)[C@H](CC(C)C)N(C)C1=O,-5.64,training
CC(C)C[C@H]1C(=O)N[C@H](C(=O)N(C)[C@@H](Cc2ccccc2)C(=O)N[C@@H](C)C(=O)N2CCCCC2)CC(=O)N(C)[C@@H](C)C(=O)N[C@@H]([C@@H](C)O)C(=O)N(C)[C@@H](C)C(=O)N(C)[C@@H](CC(C)C)C(=O)N[C@@H](C(C)C)C(=O)N(C)[C@@H](Cc2ccccc2)C(=O)N[C@@H](Cc2ccccc2)C(=O)N1C,-5.85,training
CC(C)C[C@@H]1NC(=O)[C@H](CC(C)C)N(C)C(=O)[C@H](C)N(C)C(=O)C[C@@H](C(=O)N(C)[C@@H](Cc2ccccc2)C(=O)N[C@@H](C)C(=O)N2CCCCC2)NC(=O)[C@H]([C@@H](C)O)NC(=O)[C@H](CC(C)C)N(C)C(=O)[C@H](Cc2ccccc2)NC(=O)[C@H](Cc2ccccc2)N(C)C(=O)[C@H](CC(C)C)N(C)C1=O,-5.96,training
CC[C@H](C)[C@@H]1NC(=O)[C@H](Cc2ccccc2)N(C)C(=O)[C@H](C)N(C)C(=O)[C@H](CC(C)C)N(C)C(=O)[C@H](Cc2ccccc2)N(C)C(=O)CCN(C)C(=O)C[C@@H](C(=O)N(C)[C@@H](Cc2ccccc2)C(=O)N(C)[C@@H](Cc2ccccc2)C(=O)N[C@@H](C)C(=O)N2CCCCC2)NC(=O)[C@H]([C@@H](C)O)NC(=O)[C@H](CC(C)C)N(C)C(=O)[C@H](CC(C)C)N(C)C1=O,-7.19,training
CC[C@H](C)[C@@H]1NC(=O)[C@H](Cc2ccccc2)N(C)C(=O)[C@H](C)N(C)C(=O)C[C@@H](C(=O)N(C)[C@@H](Cc2ccccc2)C(=O)N(C)[C@@H](Cc2ccccc2)C(=O)N[C@@H](C)C(=O)N2CCCCC2)NC(=O)[C@H](CC(C)C)N(C)C(=O)[C@H](Cc2ccccc2)N(C)C(=O)[C@H]([C@@H](C)O)NC(=O)[C@H](CC(C)C)N(C)C(=O)[C@H](CC(C)C)N(C)C(=O)[C@H](C)N(C)C1=O,-7.22,training
CC(C)C[C@H]1C(=O)N(C)[C@@H](Cc2ccccc2)C(=O)N(C)[C@@H](CC(C)C)C(=O)N[C@H](C(=O)N(C)[C@@H](Cc2ccccc2)C(=O)N[C@@H](Cc2ccccc2)C(=O)N2CCCCC2)CC(=O)N[C@H](C(C)C)C(=O)N[C@@H](C)C(=O)N[C@@H]([C@@H](C)O)C(=O)N(C)[C@@H](C)C(=O)N[C@@H](Cc2ccccc2)C(=O)N1C,-7.24,training
CC[C@H](C)[C@@H]1NC(=O)[C@H](Cc2ccccc2)N(C)C(=O)[C@H]([C@@H](C)O)NC(=O)[C@@H](C)NC(=O)C[C@@H](C(=O)N(C)[C@@H](Cc2ccccc2)C(=O)N(C)[C@@H](Cc2ccccc2)C(=O)N[C@@H](C)C(=O)N2CCCCC2)NC(=O)[C@H](CC(C)C)N(C)C(=O)[C@H](CC(C)C)N(C)C(=O)[C@H](Cc2ccccc2)N(C)C(=O)[C@H](CC(C)C)N(C)C(=O)[C@H](C)N(C)C1=O,-7.24,training
CC(C)C[C@H]1C(=O)NCC(=O)N[C@H](C(=O)N(C)[C@@H](Cc2ccccc2)C(=O)N(C)[C@@H](Cc2ccccc2)C(=O)N[C@@H](C)C(=O)N2CCCCC2)CC(=O)N[C@@H](C)C(=O)N[C@@H]([C@@H](C)O)C(=O)N(C)[C@@H](C)C(=O)N(C)[C@@H](Cc2ccccc2)C(=O)N[C@@H](C(C)C)C(=O)N(C)[C@@H](Cc2ccccc2)C(=O)N1C,-7.06,training
CC(C)C[C@H]1C(=O)N(C)[C@@H](CC(C)C)C(=O)N(C)[C@@H](CC(C)C)C(=O)N(C)[C@@H](Cc2ccccc2)C(=O)N[C@@H]([C@@H](C)O)C(=O)N(C)[C@@H](Cc2ccccc2)C(=O)N(C)[C@@H](CC(C)C)C(=O)N2C[C@H](N3CCC(F)(F)CC3)C[C@H]2C(=O)N[C@H](C(=O)N2CCCCC2)CC(=O)N[C@@H](C(C)C)C(=O)NCC(=O)N1C,-5.92,training
CC[C@H](C)[C@@H]1NC(=O)[C@H](CC(C)C)N(C)C(=O)[C@H](CC(C)C)N(C)C(=O)[C@H](C)NC(=O)[C@H](CC(C)C)N(C)C(=O)[C@H](Cc2ccccc2)NC(=O)[C@H]([C@@H](C)O)NC(=O)[C@H](CC(C)C)N(C)C(=O)[C@H](CC(C)C)N(C)C(=O)[C@H](C)N(C)C(=O)C[C@H](C)NC1=O,-6.43,training
CC[C@H](C)[C@H]1C(=O)N(C)[C@@H](CC(C)C)C(=O)N[C@@H](C)C(=O)N(C)[C@@H](CC(C)C)C(=O)N(C)[C@@H](Cc2ccccc2)C(=O)N[C@@H]([C@@H](C)O)C(=O)N(C)[C@@H](Cc2ccccc2)C(=O)N(C)[C@@H](CC(C)C)C(=O)N(C)[C@@H](C)C(=O)N[C@@H](C)CC(=O)N[C@H](C(C)C)C(=O)N1C,-5.74,training
CC[C@H](C)[C@@H]1NC(=O)[C@H](CC(C)C)N(C)C(=O)[C@H](Cc2ccccc2)N(C)C(=O)[C@@H](C(C)C)NC(=O)C[C@H](C)NC(=O)[C@H](CC(C)C)N(C)C(=O)[C@H](C)N(C)C(=O)[C@H]([C@@H](C)O)NC(=O)[C@H](Cc2ccccc2)N(C)C(=O)[C@H](C)N(C)C1=O,-6.44,training
CC[C@H](C)[C@@H]1NC(=O)[C@H](CC(C)C)N(C)C(=O)[C@H](Cc2ccccc2)N(C)C(=O)[C@@H](C(C)C)NC(=O)C[C@H](C)NC(=O)[C@H](CC(C)C)N(C)C(=O)[C@H](C)N(C)C(=O)[C@H]([C@@H](C)O)NC(=O)[C@H](Cc2ccccc2)N(C)C(=O)[C@H](CC(C)C)N(C)C1=O,-5.66,training
CC[C@H](C)[C@H]1C(=O)NCC(=O)N(C)[C@@H](Cc2ccccc2)C(=O)N[C@@H]([C@@H](C)O)C(=O)N(C)[C@@H](C)C(=O)N[C@@H](CC(C)C)C(=O)N[C@@H](C)CC(=O)N(C)[C@H](C)C(=O)N(C)[C@@H](C)C(=O)N[C@@H](Cc2ccccc2)C(=O)N(C)[C@@H](CC(C)C)C(=O)N[C@@H](C(C)C)C(=O)N1C,-7.14,training
CC[C@H](C)[C@H]1C(=O)NCC(=O)N(C)[C@@H](Cc2ccccc2)C(=O)N[C@@H]([C@@H](C)O)C(=O)N(C)[C@@H](CC(C)C)C(=O)N[C@@H](CC(C)C)C(=O)N[C@@H](C)CC(=O)N(C)[C@H](C)C(=O)N(C)[C@@H](CC(C)C)C(=O)N[C@@H](Cc2ccccc2)C(=O)N(C)[C@@H](CC(C)C)C(=O)N[C@@H](C(C)C)C(=O)N1C,-5.57,training
CC[C@H](C)[C@H]1C(=O)N[C@@H](C)C(=O)N(C)[C@@H](CC(C)C)C(=O)N[C@@H]([C@@H](C)O)C(=O)N[C@@H](Cc2ccccc2)C(=O)N(C)[C@@H](Cc2ccccc2)C(=O)N(C)[C@@H](CC(C)C)C(=O)N[C@@H](COC(C)(C)C)C(=O)N(C)[C@@H](CC(C)C)C(=O)N(C)[C@@H](C)C(=O)N[C@@H](C)CC(=O)N[C@H](C(C)C)C(=O)N1C,-6.03,training
CC(C)CCOC[C@H]1C(=O)N[C@@H]([C@@H](C)O)C(=O)N(C)CC(=O)N(C)[C@@H](CC(C)C)C(=O)N[C@H](C)CC(=O)N(C)[C@H](C)C(=O)N[C@@H](CCCCC(F)F)C(=O)N(C)[C@@H](CC(C)C)C(=O)N(C)[C@@H](Cc2ccccc2)C(=O)N[C@@H](CC(C)C)C(=O)N(C)[C@@H](Cc2ccccc2)C(=O)N1C,-5.89,training
CC[C@H](C)[C@@H]1NC(=O)[C@H](CC(C)C)N(C)C(=O)[C@H](C(C)C)N(C)C(=O)CCN(C)C(=O)C[C@@H](C(=O)N(C)[C@@H](Cc2ccccc2)C(=O)N[C@@H](C)C(=O)N2CCCCC2)NC(=O)[C@H]([C@@H](C)O)NC(=O)[C@H](Cc2ccccc2)N(C)C(=O)[C@H](C)N(C)C(=O)[C@H](CC(C)C)NC(=O)[C@H](C(C)C)N(C)C1=O,-5.77,training
CCCCN1CC(=O)N(C)[C@@H](Cc2ccccc2)C(=O)N(C)[C@@H](COCCC(C)C)C(=O)N[C@@H](COC(C)(C)C)C(=O)N(C)[C@@H](CC(C)C)C(=O)N[C@H](C)CC(=O)N(C)CC(=O)N(C)[C@@H](Cc2ccccc2)C(=O)N[C@@H](COCCC)C(=O)N(C)[C@@H](C)C(=O)N[C@@H]([C@@H](C)O)C1=O,-5.41,training
CCCCN1CC(=O)N(C)[C@@H](Cc2ccccc2)C(=O)N(C)[C@@H](CC(C)C)C(=O)N[C@@H](COCCC)C(=O)N(C)[C@@H](CC(C)C)C(=O)N[C@H](C)CC(=O)N(C)CC(=O)N(C)[C@@H](Cc2ccccc2)C(=O)N[C@@H](COCCC)C(=O)N(C)[C@@H](C)C(=O)N[C@@H]([C@@H](C)O)C1=O,-5.03,training
CCCN1CC(=O)N(C)[C@@H](Cc2cccc(Cl)c2)C(=O)N(C)[C@@H](Cc2ccccc2)C(=O)N(C)CC(=O)N2CCC[C@H]2C(=O)N[C@H](C(=O)N2CCCCC2)CC(=O)N[C@@H](C)C(=O)N[C@@H](Cc2c[nH]c3ccccc23)C(=O)N(C)[C@@H](CC(C)C)C(=O)N[C@@H](Cc2c[nH]c3ccccc23)C(=O)N[C@@H](CC)C1=O,-7.23,training
CC[C@@H](C)[C@H]1NC(=O)[C@H]2CCCN2C(=O)[C@@H]2CCCN2C(=O)[C@@H]([C@H](C)CC)NC(=O)[C@@H](Cc2ccccc2)NC(=O)[C@@H](Cc2ccccc2)N(C)C(=O)[C@@H]2CCCN2C(=O)[C@@H](C(C)C)NC1=O,-4.72,training
CC[C@@H](C)[C@H]1NC(=O)[C@H](CC(C)C)NC(=O)[C@@H](CC(C)C)NC(=O)[C@H](C(C)C)NC(=O)[C@@H](Cc2ccccc2)N(C)C(=O)[C@@H]2CCCN2C(=O)[C@@H](CC(C)C)NC(=O)[C@H](CC(C)C)N(C)C(=O)[C@H]2CCCN2C1=O,-5.45,training
CC[C@@H](C)[C@H]1NC(=O)[C@H](CC(C)C)NC(=O)[C@@H](CC(C)C)NC(=O)[C@H](C(C)C)NC(=O)[C@@H](Cc2ccccc2)N(C)C(=O)[C@@H]2CCCN2C(=O)[C@@H](CC(C)C)NC(=O)[C@H](CC(C)C)NC(=O)[C@H]2CCCN2C1=O,-5.46,training
CC[C@H](C)[C@@H]1NC(=O)[C@H](Cc2ccccc2)N(C)C(=O)[C@H](CC(C)C)N(C)C(=O)[C@@H](C(C)C)NC(=O)[C@@H](C)NC(=O)[C@@H]2CCCN2C(=O)[C@@H](CC(C)C)NC(=O)[C@@H]2CCCN2C(=O)[C@H](C)NC1=O,-5.32,training
CC[C@H](C)[C@@H]1NC(=O)[C@@H](CC(C)C)NC(=O)[C@H](CC(C)C)N(C)C(=O)[C@H](Cc2ccccc2)NC(=O)CN(C)C(=O)[C@@H]2CCCN2C(=O)[C@H](C(C)C)NC(=O)[C@H](Cc2ccccc2)N(C)C(=O)[C@H]2CCCN2C(=O)[C@H](CC(C)C)NC1=O,-5.21,training
CC[C@H](C)[C@@H]1NC(=O)[C@@H](C(C)C)NC(=O)[C@@H]2CCCN2C(=O)[C@@H](CC(C)C)N(C)C(=O)[C@@H](C(C)C)NC(=O)[C@H](CC(C)C)N(C)C(=O)[C@H]2CCCN2C(=O)[C@@H](C)NC(=O)[C@H](Cc2ccccc2)N(C)C(=O)[C@H]2CCCN2C1=O,-5.42,training
CC(C)C[C@@H]1NC(=O)[C@@H](C(C)C)NC(=O)[C@H](Cc2ccccc2)N(C)C(=O)[C@H]2CCCN2C(=O)[C@H]2CCCN2C(=O)[C@@H](C)NC(=O)[C@H](Cc2ccccc2)N(C)C(=O)[C@H]2CCCN2C(=O)[C@@H](C(C)C)NC(=O)[C@@H]2CCCN2C1=O,-6.2,training
CC[C@@H](C)[C@H]1NC(=O)[C@H](CC(C)C)N(C)C(=O)[C@H]2CCCN2C(=O)[C@H](CC(C)C)NC(=O)[C@H](Cc2ccccc2)N(C)C(=O)[C@H](CC(C)C)N(C)C(=O)[C@@H](C(C)C)NC(=O)[C@H](C)NC(=O)[C@H]2CCCN2C(=O)[C@@H]2CCCN2C1=O,-5.06,training
CC[C@@H](C)[C@H]1NC(=O)[C@H](Cc2ccccc2)NC(=O)[C@@H](CC(C)C)N(C)C(=O)[C@@H]2CCCN2C(=O)[C@@H](C(C)C)NC(=O)[C@@H](C)N(C)C(=O)[C@H]2CCCN2C(=O)[C@@H](CC(C)C)NC(=O)[C@H](CC(C)C)NC(=O)[C@@H]2CCCN2C1=O,-4.79,training
CC[C@H](C)[C@@H]1NC(=O)[C@@H](CC(C)C)NC(=O)[C@@H](C)N(C)C(=O)[C@H](Cc2ccccc2)NC(=O)[C@@H](CC(C)C)NC(=O)[C@@H](C)N(C)C(=O)[C@@H]2CCCN2C(=O)[C@H](C(C)C)NC(=O)[C@H]2CCCN2C(=O)[C@@H]2CCCN2C1=O,-5.55,training
CC[C@@H](C)[C@H]1NC(=O)[C@@H](Cc2ccccc2)NC(=O)[C@@H](CC(C)C)NC(=O)[C@@H]2CCCN2C(=O)[C@H]2CCCN2C(=O)[C@H](CC(C)C)NC(=O)[C@H](CC(C)C)NC(=O)[C@@H](CC(C)C)N(C)C(=O)[C@H](C)N(C)C(=O)[C@H]2CCCN2C1=O,-4.82,training
CC[C@@H](C)[C@H]1NC(=O)[C@@H]2CCCN2C(=O)[C@@H]([C@H](C)CC)NC(=O)[C@@H](C)N(C)C(=O)[C@H](CC(C)C)NC(=O)[C@@H](Cc2ccccc2)NC(=O)[C@H](CC(C)C)N(C)C(=O)[C@H]2CCCN2C(=O)[C@@H](CC(C)C)NC(=O)[C@H](CC(C)C)NC(=O)[C@H]2CCCN2C1=O,-5.56,training
CC[C@@H](C)[C@H]1NC(=O)[C@@H]2CCCN2C(=O)[C@@H]([C@H](C)CC)NC(=O)CN(C)C(=O)[C@H](CC(C)C)NC(=O)[C@@H](Cc2ccccc2)NC(=O)[C@H](CC(C)C)N(C)C(=O)[C@H]2CCCN2C(=O)[C@@H](CC(C)C)NC(=O)[C@H](CC(C)C)NC(=O)[C@H]2CCCN2C1=O,-5.55,training
CC[C@@H](C)[C@H]1NC(=O)[C@H]([C@@H](C)CC)NC(=O)[C@H](Cc2ccccc2)N(C)C(=O)[C@H]2CCCN2C(=O)[C@@H]([C@H](C)CC)NC(=O)[C@@H]([C@H](C)CC)N(C)C(=O)[C@H](CC(C)C)NC(=O)[C@H]2CCCN2C(=O)[C@@H]2CCCN2C(=O)[C@H](C(C)C)NC(=O)[C@H]2CCCN2C1=O,-5.3,training
CC(C)C[C@@H]1C(=O)N(C)[C@@H](CC(C)C)C(=O)N2CCC[C@@H]2C(=O)N[C@H](CC(C)C)C(=O)N[C@H](C)C(=O)N2CCC[C@@H]2C(=O)N2CCC[C@H]2C(=O)N[C@@H](C)C(=O)N[C@H](Cc2ccccc2)C(=O)N[C@H](CC(C)C)C(=O)N[C@@H](C(C)C)C(=O)N1C,-5.39,training
CC[C@H](C)[C@@H]1NC(=O)[C@@H](CC(C)C)N(C)C(=O)[C@H](CC(C)C)N(C)C(=O)[C@@H](Cc2ccccc2)NC(=O)[C@@H](CC(C)C)N(C)C(=O)[C@H]2CCCN2C(=O)[C@H]2CCCN2C(=O)[C@@H]2CCCN2C(=O)[C@@H](C(C)C)NC(=O)[C@@H]2CCCN2C(=O)[C@H](C)NC1=O,-5.31,training
CC[C@H](C)[C@@H]1NC(=O)[C@H](Cc2ccccc2)N(C)C(=O)[C@H]2CCCN2C(=O)[C@H]([C@@H](C)CC)NC(=O)[C@@H](C)N(C)C(=O)[C@@H](C)NC(=O)[C@@H]2CCCN2C(=O)[C@H]2CCCN2C(=O)[C@H](CC(C)C)NC(=O)[C@@H](CC(C)C)NC(=O)[C@H](CC(C)C)NC(=O)[C@H]2CCCN2C1=O,-5.55,training
CC(C)C[C@@H]1NC(=O)[C@H](C)N(C)C(=O)[C@H](Cc2ccccc2)NC(=O)[C@@H]2CCCN2C(=O)[C@H]2CCCN2C(=O)[C@H](C(C)C)NC(=O)[C@H](C(C)C)N(C)C(=O)CNC(=O)[C@H](C)N(C)C(=O)[C@H](Cc2ccccc2)N(C)C1=O,-5.43,training
CC(C)C[C@@H]1NC(=O)[C@@H]2CCCCN2C(=O)[C@H](Cc2ccccc2)NC(=O)[C@H](C(C)C)N(C)C(=O)[C@H](CC(C)C)N(C)C(=O)[C@H]([C@@H](C)O)NC(=O)[C@H](CC(C)C)N(C)C(=O)[C@@H]2CCCN2C(=O)[C@H](CC(C)C)N(C)C(=O)[C@@H](C)N(C)C(=O)C[C@@H](C)NC1=O,-5.82,training
CC(C)C[C@@H]1NC(=O)[C@H](Cc2ccc(O)cc2)N(C)C(=O)[C@H]2CCCN2C(=O)[C@H](CC(C)C)NC(=O)[C@H](CO)N(C)C(=O)[C@@H](CC(C)C)N(C)C1=O,-5.48,training
CC(C)C[C@@H]1NC(=O)[C@H](Cc2ccc(O)cc2)N(C)C(=O)[C@H]2CCCN2C(=O)[C@H](CC(C)C)NC(=O)[C@H](CC(=O)O)N(C)C(=O)[C@@H](CC(C)C)N(C)C1=O,-6.44,training
CC(C)C[C@@H]1NC(=O)[C@H](Cc2ccc(O)cc2)N(C)C(=O)[C@H]2CCCN2C(=O)[C@H](CC(C)C)NC(=O)[C@H](CCCCN)N(C)C(=O)[C@@H](CC(C)C)N(C)C1=O,-7.05,training
CC(C)C[C@@H]1NC(=O)[C@H](CC(C)C)N(C)C(=O)[C@H]2CCCN2C(=O)[C@H](Cc2ccc(O)cc2)NC(=O)[C@H](CC(C)C)N(C)C(=O)[C@@H](CC(C)C)N(C)C1=O,-4.7,training
CC(C)C[C@@H]1NC(=O)[C@@H](CC(C)C)N(C)C(=O)[C@H](CC(C)C)N(C)C(=O)[C@H]2CCCN2C(=O)[C@H](Cc2ccc(O)cc2)NC(=O)[C@H](CC(C)C)N(C)C1=O,-5.69,training
CC(C)C[C@@H]1NC(=O)[C@@H](CC(C)C)N(C)C(=O)[C@H](CC(C)C)N(C)C(=O)[C@H]2CCCN2C(=O)[C@H](Cc2ccc(O)cc2)NC(=O)[C@@H](CC(C)C)N(C)C1=O,-5.95,training
CC(C)C[C@@H]1C(=O)N[C@H](CC(C)C)C(=O)N(C)[C@@H](CC(C)C)C(=O)N[C@@H](Cc2ccc(O)cc2)C(=O)N2CCC[C@@H]2C(=O)N(C)[C@@H](CC(C)C)C(=O)N1C,-6.26,training
CC(C)C[C@@H]1C(=O)N[C@@H](Cc2ccc(O)cc2)C(=O)N2CCC[C@@H]2C(=O)N(C)[C@@H](CC(C)C)C(=O)N(C)[C@H](CC(C)C)C(=O)N[C@H](CC(C)C)C(=O)N1C,-6.36,training
CC(C)C[C@@H]1NC(=O)[C@H](CC(C)C)N(C)C(=O)[C@@H](CC(C)C)N(C)C(=O)[C@H](CC(C)C)N(C)C(=O)[C@H]2CCCN2C(=O)[C@H](Cc2ccc(O)cc2)NC1=O,-6.42,training
CC(C)C[C@@H]1C(=O)N(C)[C@@H](CC(C)C)C(=O)N[C@H](CC(C)C)C(=O)N[C@@H](Cc2ccc(O)cc2)C(=O)N2CCC[C@@H]2C(=O)N(C)[C@@H](CC(C)C)C(=O)N1C,-4.63,training
CC(C)C[C@@H]1NC(=O)[C@@H](CC(C)C)N(C)C(=O)[C@@H](CC(C)C)N(C)C(=O)[C@H](CC(C)C)N(C)C(=O)[C@H]2CCCN2C(=O)[C@H](Cc2ccc(O)cc2)NC1=O,-5.67,training
CC(C)C[C@@H]1C(=O)N[C@H](CC(C)C)C(=O)N[C@@H](Cc2ccc(O)cc2)C(=O)N2CCC[C@@H]2C(=O)N(C)[C@@H](CC(C)C)C(=O)N(C)[C@H](CC(C)C)C(=O)N1C,-4.79,training
CC(C)C[C@@H]1C(=O)N[C@H](CC(C)C)C(=O)N2CCC[C@H]2C(=O)N(C)[C@H](Cc2ccc(O)cc2)C(=O)N[C@H](CC(C)C)C(=O)N(C)[C@@H](CC(C)C)C(=O)N1C,-4.82,training
CC(C)C[C@@H]1NC(=O)[C@@H](CC(C)C)N(C)C(=O)[C@H](CC(C)C)NC(=O)[C@H](Cc2ccc(O)cc2)NC(=O)[C@H]2CCCN2C(=O)[C@H](CC(C)C)NC1=O,-5.77,training
CC(C)C[C@@H]1NC(=O)[C@H](Cc2ccc(O)cc2)NC(=O)[C@H]2CCCN2C(=O)[C@H](CC(C)C)NC(=O)[C@H](CC(C)C)N(C)C(=O)[C@@H](CC(C)C)NC1=O,-5.11,training
CC(C)C[C@@H]1NC(=O)[C@@H](CC(C)C)NC(=O)[C@H](CC(C)C)NC(=O)[C@H](Cc2ccc(O)cc2)N(C)C(=O)[C@H]2CCCN2C(=O)[C@H](CC(C)C)NC1=O,-5.04,training
CC(C)C[C@@H]1NC(=O)[C@H](Cc2ccc(O)cc2)NC(=O)[C@H]2CCCN2C(=O)[C@H](CC(C)C)NC(=O)[C@H](CC(C)C)N(C)C(=O)[C@@H](CC(C)C)N(C)C1=O,-4.97,training
CC(C)C[C@@H]1NC(=O)[C@@H](CC(C)C)N(C)C(=O)[C@H](CC(C)C)NC(=O)[C@H](Cc2ccc(O)cc2)N(C)C(=O)[C@H]2CCCN2C(=O)[C@H](CC(C)C)NC1=O,-5.11,training
CC(C)C[C@@H]1NC(=O)[C@H](Cc2ccc(O)cc2)N(C)C(=O)[C@H]2CCCN2C(=O)[C@H](CC(C)C)NC(=O)[C@H](CC(C)C)N(C)C(=O)[C@@H](CC(C)C)NC1=O,-4.95,training
CC(C)C[C@@H]1C(=O)N[C@H](CC(C)C)C(=O)N[C@H](CC(C)C)C(=O)N2CCC[C@H]2C(=O)N[C@@H](Cc2ccc(O)cc2)C(=O)N(C)[C@@H](CC(C)C)C(=O)N1C,-4.66,training
CC(C)C[C@H]1NC(=O)[C@H](CC(C)C)N(C)C(=O)[C@H](CC(C)C)N(C)C(=O)[C@H](Cc2ccc(O)cc2)NC(=O)[C@@H]2CCCN2C(=O)[C@H]2CCCN2C1=O,-5.26,training
CC(C)C[C@@H]1C(=O)N(C)[C@H](CC(C)C)C(=O)N[C@H](CC(C)C)C(=O)N(C)[C@@H](CC(C)C)C(=O)N2CCC[C@H]2C(=O)N[C@@H](Cc2ccc(O)cc2)C(=O)N1C,-4.79,training
CC(C)C[C@@H]1NC(=O)[C@@H](CC(C)C)N(C)C(=O)[C@@H](CC(C)C)N(C)C(=O)[C@H](Cc2ccc(O)cc2)NC(=O)[C@@H]2CCCN2C(=O)[C@@H](CC(C)C)N(C)C1=O,-4.83,training
CC(C)C[C@@H]1NC(=O)[C@H](CC(C)C)N(C)C(=O)[C@@H](CC(C)C)N(C)C(=O)[C@H](CC(C)C)N(C)C(=O)[C@H](Cc2ccc(O)cc2)N(C)C(=O)[C@H]2CCCN2C1=O,-4.8,training
CC(C)C[C@@H]1NC(=O)[C@H](CC(C)C)N(C)C(=O)[C@H](Cc2ccc(O)cc2)NC(=O)[C@@H]2CCCN2C(=O)[C@H]2CCCN2C(=O)[C@@H](CC(C)C)NC1=O,-5.98,training
CC(C)C[C@@H]1NC(=O)[C@@H](CC(C)C)N(C)C(=O)[C@@H](CC(C)C)N(C)C(=O)[C@H](Cc2ccc(O)cc2)NC(=O)[C@@H]2CCCN2C(=O)[C@@H](CC(C)C)NC1=O,-4.93,training
CC(C)C[C@@H]1NC(=O)[C@H](CC(C)C)N(C)C(=O)[C@@H](CC(C)C)N(C)C(=O)[C@H](Cc2ccc(O)cc2)NC(=O)[C@@H]2CCCN2C(=O)[C@H](CC(C)C)N(C)C1=O,-4.86,training
CC(C)C[C@@H]1NC(=O)[C@H](Cc2ccccc2)NC(=O)[C@@H](CC(C)C)N(C)C(=O)[C@H](CC(C)C)N(C)C(=O)[C@H](Cc2ccc(O)cc2)NC(=O)[C@@H]2CCCN2C1=O,-4.92,training
CC(C)C[C@@H]1NC(=O)[C@H](Cc2ccccc2)N(C)C(=O)CN(C)C(=O)[C@H](C)NC(=O)[C@H](Cc2ccc(O)cc2)N(C)C(=O)[C@H]2CCCN2C1=O,-5.97,training
CC(C)C[C@H]1C(=O)N2CCC[C@@H]2C(=O)N(C)[C@@H](Cc2ccc(O)cc2)C(=O)N[C@@H](C)C(=O)NCC(=O)N(C)[C@@H](Cc2ccccc2)C(=O)N1C,-7.0,training
CC(C)C[C@@H]1C(=O)N2CCC[C@H]2C(=O)N[C@@H](Cc2ccc(O)cc2)C(=O)N(C)[C@H](C)C(=O)N(C)CC(=O)N[C@@H](Cc2ccccc2)C(=O)N1C,-6.2,training
CC(C)C[C@@H]1C(=O)N(C)[C@@H](CC(C)C)C(=O)N[C@@H](Cc2ccc(O)cc2)C(=O)N(C)[C@H](C)C(=O)N(C)CC(=O)N[C@@H](Cc2ccccc2)C(=O)N1C,-5.32,training
CC(C)C[C@H]1C(=O)N2CCC[C@H]2C(=O)N[C@@H](Cc2ccc(O)cc2)C(=O)N(C)[C@H](C)C(=O)N(C)CC(=O)N[C@@H](Cc2ccccc2)C(=O)N1C,-6.85,training
CC(C)C[C@H]1C(=O)N2CCC[C@H]2C(=O)N[C@@H](Cc2ccccc2)C(=O)N[C@@H](Cc2ccccc2)C(=O)N[C@@H](Cc2cc3ccccc3[nH]2)C(=O)N[C@@H](C(C)C)C(=O)N1C,-5.17,training
CC(C)C[C@@H]1NC(=O)[C@H](C(C)C)NC(=O)[C@H](Cc2cc3ccccc3[nH]2)N(C)C(=O)[C@H](Cc2ccccc2)NC(=O)[C@H](Cc2ccccc2)NC(=O)[C@@H]2CCCN2C1=O,-5.77,training
CC(C)C[C@@H]1C(=O)N[C@H](CC(C)C)C(=O)N2CCC[C@@H]2C(=O)N2CCC[C@@H]2C(=O)N(C)[C@@H](C)C(=O)N[C@H](Cc2ccccc2)C(=O)N[C@@H](C)C(=O)N(C)[C@@H](CC(C)C)C(=O)N1C,-5.41,training
CC(C)C[C@@H]1NC(=O)[C@@H]2CCCN2C(=O)[C@@H](Cc2ccccc2)NC(=O)[C@H](C)N(C)C(=O)[C@H](CC(C)C)NC(=O)[C@H](CC(C)C)N(C)C(=O)[C@@H](C)NC(=O)[C@@H](CC(C)C)NC(=O)[C@@H]2CCCN2C(=O)[C@@H](Cc2ccccc2)NC1=O,-5.01,training
CC(C)C[C@H]1NC(=O)[C@@H](Cc2ccccc2)NC(=O)CN(C)C(=O)[C@H](C)N(C)C(=O)[C@H](Cc2ccc(O)cc2)NC(=O)[C@@H]2CCCN2C1=O,-6.85,training
CC(C)C[C@@H]1NC(=O)[C@@H](Cc2ccccc2)NC(=O)CN(C)C(=O)[C@@H](C)N(C)C(=O)[C@H](Cc2ccc(O)cc2)NC(=O)[C@@H]2CCCN2C1=O,-6.85,training
CC(C)C[C@@H]1NC(=O)[C@H](Cc2ccccc2)NC(=O)CN(C)C(=O)[C@H](CC(C)C)N(C)C(=O)[C@H](Cc2ccc(O)cc2)NC(=O)[C@@H]2CCCN2C1=O,-7.0,training
CCCOC[C@H]1C(=O)N[C@@H]([C@@H](C)O)C(=O)N(C)[C@@H](COCCC(C)C)C(=O)N(C)[C@@H](C(C)C)C(=O)N[C@@H](Cc2ccccc2)C(=O)N2CCCC[C@H]2C(=O)N[C@@H](CCCCC(F)F)C(=O)N[C@H](C)CC(=O)N(C)[C@H](C)C(=O)N(C)[C@@H](CC(C)C)C(=O)N2CCC[C@H]2C(=O)N1C,-5.54,training
CCCC[C@@H]1NC(=O)[C@H](Cc2ccc(Cl)cc2)N(C)C(=O)[C@@H]2CCCN2C(=O)[C@H](CC(C)C)NC(=O)[C@H](CC(C)C)NC(=O)[C@H](C)N(C)C(=O)[C@H](C)N(C)C(=O)C[C@@H](C(=O)N2CCCCC2)N(C)C(=O)[C@@H](C)NC(=O)[C@H](C(C)C)N(C)C(=O)[C@H](Cc2ccccc2)N(C)C1=O,-5.57,training
CCCC[C@@H]1NC(=O)[C@H](Cc2ccc(Cl)cc2)N(C)C(=O)[C@@H]2CCCN2C(=O)[C@H](CCCC)NC(=O)[C@H]([C@@H](C)CC)NC(=O)[C@H](C)N(C)C(=O)[C@@H]2CCCN2C(=O)C[C@@H](C)N(C)C(=O)[C@@H](C)NC(=O)[C@H](C(C)C)N(C)C(=O)[C@H](Cc2ccccc2)N(C)C1=O,-6.19,training
CC[C@H](C)[C@@H]1NC(=O)[C@H](Cc2ccccc2)N(C)C(=O)[C@@H](C)NC(=O)[C@H](Cc2ccccc2)N(C)C(=O)[C@@H]2CCCN2C(=O)[C@H](CC(C)C)NC(=O)[C@H](COCCC(C)C)NC(=O)[C@H](C(C)C)N(C)C(=O)[C@H](COc2ccccc2Cl)NC(=O)[C@@H](C)N(C)C(=O)C[C@@H](C(=O)N2CCCC2)N(C)C1=O,-6.26,training
CCCC[C@@H]1NC(=O)[C@H](Cc2ccc(Cl)cc2)N(C)C(=O)[C@@H]2CCCN2C(=O)[C@H](CCCC)NC(=O)[C@H](CC(C)C)NC(=O)[C@H](C)N(C)C(=O)[C@H](C)N(C)C(=O)C[C@@H](C(=O)N2CCCC2)N(C)C(=O)[C@@H](C)NC(=O)[C@H](C(C)C)N(C)C(=O)[C@H](Cc2ccccc2)N(C)C1=O,-5.72,training
CC[C@H](C)[C@@H]1NC(=O)[C@H](Cc2ccccc2)N(C)C(=O)CCNC(=O)[C@H](CCc2ccccc2)N(C)C(=O)[C@@H]2CCCN2C(=O)[C@H](CC(C)C)NC(=O)[C@H](COCCC(C)C)NC(=O)[C@H](CC(C)C)N(C)C(=O)[C@H](COc2ccccc2Cl)NC(=O)[C@@H](C)N(C)C(=O)C[C@@H](C(=O)N2CCCC2)N(C)C1=O,-6.38,training
CCCC[C@@H]1NC(=O)[C@H](Cc2ccccc2)N(C)C(=O)[C@@H]2CCCN2C(=O)[C@H](CC(C)C)NC(=O)[C@H](CC(C)C)NC(=O)[C@H](CC(C)C)N(C)C(=O)[C@H](CC)N(C)C(=O)C[C@@H](C(=O)N2CCCC2)N(C)C(=O)CCNC(=O)[C@H]([C@@H](C)CC)NC(=O)[C@H](Cc2ccccc2)N(C)C1=O,-5.96,training
CCCC[C@@H]1NC(=O)[C@H](CC(C)C)NC(=O)[C@H](CC)N(C)C(=O)[C@H](C)N(C)C(=O)C[C@@H](C(=O)N2CCCC2)N(C)C(=O)CCNC(=O)[C@H](C(C)C)N(C)C(=O)[C@H](CCc2ccccc2)N(C)C(=O)[C@H](CC(C)C)NC(=O)[C@H](Cc2ccc(Cl)cc2)N(C)C(=O)[C@@H]2CCCN2C1=O,-5.62,training
CC[C@H](C)[C@@H]1NC(=O)[C@H](Cc2ccccc2)N(C)C(=O)[C@H](C)CNC(=O)[C@H](Cc2ccccc2)N(C)C(=O)[C@@H]2CCCN2C(=O)[C@H](CC(C)C)NC(=O)[C@H](COCCC(C)C)NC(=O)[C@H](CC(C)C)N(C)C(=O)[C@H](COc2ccccc2Cl)NC(=O)[C@@H](C)N(C)C(=O)C[C@@H](C(=O)N2CCCC2)N(C)C1=O,-6.85,training
CCCC[C@@H]1NC(=O)[C@H](Cc2ccc(Cl)cc2)N(C)C(=O)[C@@H]2CCCN2C(=O)[C@H](CC(C)C)NC(=O)[C@H](CC(C)C)NC(=O)[C@H](C)N(C)C(=O)[C@H](CC)N(C)C(=O)C[C@@H](C(=O)N2CCCC2)N(C)C(=O)[C@H](C)CNC(=O)[C@H]([C@@H](C)CC)NC(=O)[C@H](Cc2ccccc2)N(C)C1=O,-6.54,training
CCCC[C@@H]1NC(=O)[C@H](Cc2ccc(Cl)cc2)N(C)C(=O)[C@@H]2CCCN2C(=O)[C@H](CCCC)NC(=O)[C@H](CC(C)C)NC(=O)[C@H](CC)N(C)C(=O)[C@H](C)N(C)C(=O)C[C@@H](C(=O)N2CCCC2)N(C)C(=O)[C@H](C)CNC(=O)[C@H](C(C)C)N(C)C(=O)[C@H](Cc2ccccc2)N(C)C1=O,-5.6,training
CC[C@H](C)[C@@H]1NC(=O)[C@H](Cc2ccccc2)N(C)C(=O)C[C@H](C)NC(=O)[C@H](Cc2ccccc2)N(C)C(=O)[C@@H]2CCCN2C(=O)[C@H](CC(C)C)NC(=O)[C@H](COCCC(C)C)NC(=O)[C@H](CC(C)C)N(C)C(=O)[C@H](COc2ccccc2Cl)NC(=O)[C@@H](C)N(C)C(=O)C[C@@H](C(=O)N2CCCC2)N(C)C1=O,-6.62,training
CCCC[C@@H]1NC(=O)[C@H](Cc2ccc(Cl)cc2)N(C)C(=O)[C@@H]2CCCN2C(=O)[C@H](CC(C)C)NC(=O)[C@H](CC(C)C)NC(=O)[C@H](C)N(C)C(=O)[C@H](CC)N(C)C(=O)C[C@@H](C(=O)N2CCCC2)N(C)C(=O)C[C@H](C)NC(=O)[C@H]([C@@H](C)CC)NC(=O)[C@H](Cc2ccccc2)N(C)C1=O,-6.44,training
CCCC[C@@H]1NC(=O)[C@H](Cc2ccc(Cl)cc2)N(C)C(=O)[C@@H]2CCCN2C(=O)[C@H](CCCC)NC(=O)[C@H](CC(C)C)NC(=O)[C@H](CC)N(C)C(=O)[C@H](C)N(C)C(=O)C[C@@H](C(=O)N2CCCC2)N(C)C(=O)C[C@H](C)NC(=O)[C@H](C(C)C)N(C)C(=O)[C@H](Cc2ccccc2)N(C)C1=O,-5.44,training
CC[C@H](C)[C@@H]1NC(=O)[C@H](Cc2ccccc2)N(C)C(=O)C2(CC2)NC(=O)[C@H](Cc2ccccc2)N(C)C(=O)[C@@H]2CCCN2C(=O)[C@H](CC(C)C)NC(=O)[C@H](COCCC(C)C)NC(=O)[C@H](C(C)C)N(C)C(=O)[C@H](COCCC(C)C)NC(=O)[C@@H](C)N(C)C(=O)C[C@@H](C(=O)N2CCCC2)N(C)C1=O,-5.89,training
CCCC[C@@H]1NC(=O)[C@H](Cc2ccc(Cl)cc2)N(C)C(=O)[C@@H]2CCCN2C(=O)[C@H](CC(C)C)NC(=O)[C@H](CC(C)C)NC(=O)[C@H](C)N(C)C(=O)[C@H](C)N(C)C(=O)C[C@@H](C(=O)N2CCCC2)N(C)C(=O)C2(CC2)NC(=O)[C@H](C(C)C)N(C)C(=O)[C@H](Cc2ccccc2)N(C)C1=O,-6.85,training
CCCC[C@@H]1NC(=O)[C@H](Cc2ccc(Cl)cc2)N(C)C(=O)[C@@H]2CCCN2C(=O)[C@H](CCCC)NC(=O)[C@H](CC(C)C)NC(=O)[C@H](C)N(C)C(=O)[C@H](C)N(C)C(=O)C[C@@H](C(=O)N2CCCC2)N(C)C(=O)C2(CC2)NC(=O)[C@H](C(C)C)N(C)C(=O)[C@H](Cc2ccccc2)N(C)C1=O,-6.82,training
CCCC[C@@H]1NC(=O)[C@H](C(C)C)N(C)C(=O)[C@H](Cc2ccccc2)N(C)C(=O)[C@H]([C@@H](C)O)NC(=O)[C@H](COCCC(C)C)N(C)C(=O)[C@@H]2CCCN2C(=O)[C@H](CCCC)NC(=O)[C@H]([C@@H](C)CC)NC(=O)[C@H](COCCC(C)C)N(C)C(=O)[C@@H]2CCCN2C(=O)C[C@@H](C)N(C)C1=O,-5.82,training
CCCC[C@@H]1NC(=O)[C@H](C)NC(=O)C[C@@H](C(=O)N2CCCCC2)NC(=O)[C@@H]2CCCN2C(=O)CN(C)C(=O)[C@H](Cc2cccc(Cl)c2)N(C)C(=O)[C@H](CC(C)C)N(C)C(=O)CN(C)C(=O)[C@H](CC)NC(=O)[C@H](Cc2c[nH]c3ccccc23)NC(=O)[C@H](CCCC)NC1=O,-6.7,training
CC[C@H](C)[C@@H]1NC(=O)[C@H](C)N(C)C(=O)C[C@@H](C(=O)N2CCCC2)NC(=O)[C@H](C(C)C)N(C)C(=O)[C@H](Cc2ccccc2)N(C)C(=O)[C@H](Cc2c[nH]c3ccccc23)NC(=O)[C@H](Cc2cccc(Cl)c2)NC(=O)CN(C)C(=O)[C@H](Cc2ccc(Cl)cc2)N(C)C(=O)CN(C)C(=O)CN(C)C1=O,-7.698970004,training
CC[C@H](C)[C@@H]1NC(=O)[C@H](C)N(C)C(=O)C[C@@H](C(=O)N2CCCC2)NC(=O)[C@H](C(C)C)N(C)C(=O)[C@H](Cc2ccccc2)N(C)C(=O)[C@H](Cc2ccccc2)NC(=O)[C@H](Cc2cccc(Cl)c2)NC(=O)CN(C)C(=O)[C@H](Cc2ccc(Cl)cc2)N(C)C(=O)CN(C)C(=O)CN(C)C1=O,-6.958607315,training
CC[C@H](C)[C@@H]1NC(=O)[C@H](C)N(C)C(=O)C[C@@H](C(=O)N2CCCC2)NC(=O)[C@H](C(C)C)N(C)C(=O)[C@H](Cc2ccccc2)N(C)C(=O)[C@H](C)NC(=O)[C@H](Cc2cccc(Cl)c2)NC(=O)CN(C)C(=O)[C@H](Cc2ccc(Cl)cc2)N(C)C(=O)CN(C)C(=O)CN(C)C1=O,-7.0,training
CC(C)[C@H]1C(=O)N[C@H](C(=O)N2CCCC2)CC(=O)N(C)[C@@H](C)C(=O)N[C@@H](C)C(=O)N(C)CC(=O)N(C)CC(=O)N(C)[C@@H](Cc2ccc(Cl)cc2)C(=O)N(C)CC(=O)N[C@@H](Cc2cccc(Cl)c2)C(=O)N[C@@H](Cc2ccccc2)C(=O)N(C)[C@@H](Cc2ccccc2)C(=O)N1C,-7.0,training
CC[C@H](C)[C@@H]1NC(=O)[C@H](C)N(C)C(=O)C[C@@H](C(=O)N2CCCC2)NC(=O)[C@H](C(C)C)N(C)C(=O)[C@H](Cc2ccccc2)N(C)C(=O)[C@H](Cc2ccccc2)NC(=O)[C@H](Cc2cccc(Cl)c2)NC(=O)CN(C)C(=O)[C@H](Cc2ccc(Cl)cc2)N(C)C(=O)CN(C)C(=O)[C@H](C)N(C)C1=O,-6.853871964,training
CC[C@H](C)[C@@H]1NC(=O)[C@H](C)N(C)C(=O)C[C@@H](C(=O)N2CCCC2)NC(=O)[C@H](C(C)C)N(C)C(=O)[C@H](Cc2ccccc2)N(C)C(=O)[C@H](Cc2ccccc2)NC(=O)[C@H](Cc2cccc(Cl)c2)NC(=O)CN(C)C(=O)[C@H](Cc2ccc(Cl)cc2)N(C)C(=O)[C@H](C)N(C)C(=O)CN(C)C1=O,-7.301029996,training
CC[C@H](C)[C@@H]1NC(=O)[C@H](C)N(C)C(=O)C[C@@H](C(=O)N2CCCC2)NC(=O)[C@H](C(C)C)N(C)C(=O)[C@H](Cc2ccccc2)N(C)C(=O)[C@H](Cc2ccccc2)NC(=O)[C@H](Cc2cccc(Cl)c2)NC(=O)CN(C)C(=O)[C@H](C)N(C)C(=O)CN(C)C(=O)CN(C)C1=O,-7.15490196,training
CC[C@H](C)[C@@H]1NC(=O)[C@H](C)N(C)C(=O)C[C@@H](C(=O)N2CCCC2)NC(=O)[C@H](C(C)C)N(C)C(=O)[C@H](C)N(C)C(=O)[C@H](Cc2ccccc2)NC(=O)[C@H](Cc2cccc(Cl)c2)NC(=O)CN(C)C(=O)[C@H](Cc2ccc(Cl)cc2)N(C)C(=O)CN(C)C(=O)CN(C)C1=O,-7.096910013,training
CC[C@H](C)[C@@H]1NC(=O)[C@H](C)N(C)C(=O)C[C@@H](C(=O)N2CCCC2)NC(=O)[C@H](C)N(C)C(=O)[C@H](Cc2ccccc2)N(C)C(=O)[C@H](Cc2ccccc2)NC(=O)[C@H](Cc2cccc(Cl)c2)NC(=O)CN(C)C(=O)[C@H](Cc2ccc(Cl)cc2)N(C)C(=O)CN(C)C(=O)CN(C)C1=O,-7.0,training
CC[C@H](C)[C@@H]1NC(=O)[C@H](C)N(C)C(=O)C[C@@H](C(=O)N2CCCC2)NC(=O)[C@H](C(C)C)N(C)C(=O)[C@H](Cc2ccccc2)N(C)C(=O)[C@H](Cc2ccccc2)NC(=O)[C@H](Cc2cccc(Cl)c2)NC(=O)CN(C)C(=O)[C@H](CC2CCCCC2)N(C)C(=O)CN(C)C(=O)CN(C)C1=O,-6.602059991,training
CC[C@H](C)[C@@H]1NC(=O)[C@H](C)N(C)C(=O)C[C@@H](C(=O)N2CCCC2)NC(=O)[C@H](CCC(F)F)N(C)C(=O)[C@H](Cc2ccccc2)N(C)C(=O)[C@H](Cc2ccccc2)NC(=O)[C@H](Cc2cccc(Cl)c2)NC(=O)CN(C)C(=O)[C@H](Cc2ccc(Cl)cc2)N(C)C(=O)CN(C)C(=O)CN(C)C1=O,-7.15490196,training
CC[C@H](C)[C@@H]1NC(=O)[C@H](C)N(C)C(=O)C[C@@H](C(=O)N2CCCC2)NC(=O)[C@H]([C@@H](C)CC)N(C)C(=O)[C@H](Cc2ccccc2)N(C)C(=O)[C@H](Cc2ccccc2)NC(=O)[C@H](Cc2cccc(Cl)c2)NC(=O)CN(C)C(=O)[C@H](Cc2ccc(Cl)cc2)N(C)C(=O)CN(C)C(=O)CN(C)C1=O,-7.045757491,training
CCC[C@H]1C(=O)N[C@H](C(=O)N2CCCC2)CC(=O)N(C)[C@@H](C)C(=O)N[C@@H]([C@@H](C)CC)C(=O)N(C)CC(=O)N(C)CC(=O)N(C)[C@@H](Cc2ccc(Cl)cc2)C(=O)N(C)CC(=O)N[C@@H](Cc2cccc(Cl)c2)C(=O)N[C@@H](Cc2ccccc2)C(=O)N(C)[C@@H](Cc2ccccc2)C(=O)N1C,-6.853871964,training
CCCC[C@H]1C(=O)N[C@H](C(=O)N2CCCC2)CC(=O)N(C)[C@@H](C)C(=O)N[C@@H]([C@@H](C)CC)C(=O)N(C)CC(=O)N(C)CC(=O)N(C)[C@@H](Cc2ccc(Cl)cc2)C(=O)N(C)CC(=O)N[C@@H](Cc2cccc(Cl)c2)C(=O)N[C@@H](Cc2ccccc2)C(=O)N(C)[C@@H](Cc2ccccc2)C(=O)N1C,-7.045757491,training
CC[C@H](C)[C@@H]1NC(=O)[C@H](C)N(C)C(=O)C[C@@H](C(=O)N2CCCC2)NC(=O)[C@H](CC2CCCCC2)N(C)C(=O)[C@H](Cc2ccccc2)N(C)C(=O)[C@H](Cc2ccccc2)NC(=O)[C@H](Cc2cccc(Cl)c2)NC(=O)CN(C)C(=O)[C@H](Cc2ccc(Cl)cc2)N(C)C(=O)CN(C)C(=O)CN(C)C1=O,-7.15490196,training
CC(C)C[C@@H]1NC(=O)[C@H](Cc2ccccc2)NC(=O)CNC(=O)[C@H](C)NC(=O)[C@H](Cc2ccc(O)cc2)NC(=O)[C@H]2CCCN2C1=O,-6.57,training
CC(C)C[C@H]1NC(=O)[C@H](Cc2ccccc2)NC(=O)CNC(=O)[C@@H](C)NC(=O)[C@H](Cc2ccc(O)cc2)NC(=O)[C@@H]2CCCN2C1=O,-6.24,training
CC(C)C[C@H]1NC(=O)[C@@H](Cc2ccccc2)NC(=O)CNC(=O)[C@H](C)NC(=O)[C@H](Cc2ccc(O)cc2)NC(=O)[C@@H]2CCCN2C1=O,-6.85,training
CC(C)C[C@@H]1NC(=O)[C@@H](Cc2ccccc2)NC(=O)CNC(=O)[C@@H](C)NC(=O)[C@H](Cc2ccc(O)cc2)NC(=O)[C@@H]2CCCN2C1=O,-7.05,training
CC(C)C[C@@H]1NC(=O)[C@H](Cc2ccccc2)NC(=O)CNC(=O)[C@@H](C)NC(=O)[C@H](Cc2ccc(O)cc2)NC(=O)[C@@H]2CCCN2C1=O,-6.85,training
CC(C)C[C@@H]1NC(=O)CNC(=O)[C@@H]2CCCN2C(=O)[C@H](Cc2ccc(O)cc2)NC(=O)[C@H](Cc2ccccc2)NC(=O)[C@@H]2CCCN2C1=O,-6.96,training
CC[C@H](C)[C@@H]1NC(=O)[C@H](C(C)C)NC(=O)[C@H](CC(C)C)NC(=O)CNC(=O)[C@@H]2CCCN2C(=O)[C@H](Cc2ccc(O)cc2)NC1=O,-6.96,training
CC(C)C[C@@H]1NC(=O)[C@H](Cc2ccccc2)NC(=O)[C@@H](CC(C)C)NC(=O)[C@H]2CCCN2C(=O)[C@H](C(C)C)NC(=O)[C@@H](CC(C)C)NC(=O)[C@H]2CCCN2C(=O)[C@@H]2CCCN2C1=O,-4.67,training
CC(C)C[C@@H]1NC(=O)[C@H](CC(C)C)NC(=O)[C@@H](CC(C)C)NC(=O)[C@@H](CC(C)C)NC(=O)[C@H]2CCCN2C(=O)[C@H](Cc2ccc(O)cc2)NC1=O,-6.59,training
CC(C)C[C@@H]1NC(=O)[C@H](CC(C)C)NC(=O)[C@@H](CC(C)C)NC(=O)[C@H]2CCCN2C(=O)[C@H](Cc2ccc(O)cc2)NC(=O)[C@H](CC(C)C)NC1=O,-6.37,training
CC(C)C[C@@H]1NC(=O)[C@@H](CC(C)C)NC(=O)[C@H](CC(C)C)NC(=O)[C@@H](CC(C)C)NC(=O)[C@H]2CCCN2C(=O)[C@H](Cc2ccc(O)cc2)NC1=O,-6.84,training
CC(C)C[C@@H]1NC(=O)[C@@H](CC(C)C)NC(=O)[C@@H](CC(C)C)NC(=O)[C@H]2CCCN2C(=O)[C@H](Cc2ccc(O)cc2)NC(=O)[C@@H](CC(C)C)NC1=O,-5.1,training
CC(C)C[C@H]1NC(=O)[C@H]2CCCN2C(=O)[C@H](Cc2ccc(O)cc2)NC(=O)[C@@H](CC(C)C)NC(=O)[C@@H](CC(C)C)NC(=O)[C@@H](CC(C)C)NC1=O,-7.35,training
CC(C)C[C@@H]1NC(=O)[C@@H](CC(C)C)NC(=O)[C@H]2CCCN2C(=O)[C@H](Cc2ccc(O)cc2)NC(=O)[C@@H](CC(C)C)NC(=O)[C@@H](CC(C)C)NC1=O,-6.32,training
CC(C)C[C@@H]1NC(=O)[C@H](CC(C)C)NC(=O)[C@@H](CC(C)C)NC(=O)[C@H]2CCCN2C(=O)[C@H](Cc2ccc(O)cc2)NC(=O)[C@@H](CC(C)C)NC1=O,-5.44,training
CC(C)C[C@@H]1NC(=O)[C@@H](CC(C)C)NC(=O)[C@@H](CC(C)C)NC(=O)[C@@H](CC(C)C)NC(=O)[C@H]2CCCN2C(=O)[C@H](Cc2ccc(O)cc2)NC1=O,-6.64,training
CC(C)C[C@@H]1NC(=O)[C@H](Cc2ccc(O)cc2)NC(=O)[C@@H]2CCCN2C(=O)[C@@H](CC(C)C)NC(=O)[C@@H](CC(C)C)NC(=O)[C@@H](CC(C)C)NC1=O,-5.84,training
CC(C)C[C@@H]1NC(=O)[C@H](Cc2ccc(O)cc2)NC(=O)[C@@H]2CCCN2C(=O)[C@H]2CCCN2C(=O)[C@@H](CC(C)C)NC(=O)[C@H](CC(C)C)NC1=O,-7.0,training
CC(C)C[C@@H]1NC(=O)[C@@H](CC(C)C)NC(=O)[C@@H](CC(C)C)NC(=O)[C@@H](CC(C)C)NC(=O)[C@H](Cc2ccc(O)cc2)NC(=O)[C@@H]2CCCN2C1=O,-6.85,training
CC(C)C[C@@H]1NC(=O)[C@@H](CC(C)C)NC(=O)[C@@H](CC(C)C)NC(=O)[C@H](Cc2ccc(O)cc2)NC(=O)[C@@H]2CCCN2C(=O)[C@@H](CC(C)C)NC1=O,-4.92,training
CC(C)C[C@@H]1NC(=O)[C@H](CC(C)C)NC(=O)[C@@H](CC(C)C)NC(=O)[C@H](Cc2ccc(O)cc2)NC(=O)[C@@H]2CCCN2C(=O)[C@H](CC(C)C)NC1=O,-6.43,training
CC(C)C[C@@H]1NC(=O)[C@H](Cc2ccc(O)cc2)NC(=O)[C@H]2CCCN2C(=O)[C@@H](CC(C)C)NC(=O)[C@H](CC(C)C)NC(=O)[C@@H](CC(C)C)NC1=O,-6.23,training
CC(C)C[C@@H]1NC(=O)[C@H](Cc2ccc(O)cc2)NC(=O)[C@H]2CCCN2C(=O)[C@H](CC(C)C)NC(=O)[C@H](CC(C)C)NC(=S)[C@@H](CC(C)C)NC1=O,-4.41,training
CC(C)C[C@@H]1NC(=O)[C@H](Cc2ccc(O)cc2)NC(=O)[C@H]2CCCN2C(=S)[C@H](CC(C)C)NC(=O)[C@H](CC(C)C)NC(=O)[C@@H](CC(C)C)NC1=O,-5.55,training
CC(C)C[C@@H]1NC(=O)[C@@H](CC(C)C)NC(=O)[C@H](CC(C)C)NC(=S)[C@H](Cc2ccc(O)cc2)NC(=O)[C@H]2CCCN2C(=O)[C@H](CC(C)C)NC1=O,-4.7,training
CC(C)C[C@@H]1NC(=O)[C@@H](CC(C)C)NC(=S)[C@H](CC(C)C)NC(=O)[C@H](Cc2ccc(O)cc2)NC(=O)[C@H]2CCCN2C(=O)[C@H](CC(C)C)NC1=O,-4.65,training
CCCC[C@@H]1NC(=O)[C@H](C(C)C)N(C)C(=O)[C@H](COCCC(C)C)N(C)C(=O)[C@H]([C@@H](C)O)NC(=O)[C@H](Cc2ccc(Cl)cc2)N(C)C(=O)[C@@H]2CCCN2C(=O)[C@H](COCCC(C)C)NC(=O)[C@H](C(C)C)NC(=O)[C@H](C)N(C)C(=O)[C@@H]2CCCN2C(=O)C[C@@H](C)N(C)C1=O,-5.59,training
C[C@@H](O)[C@@H]1NC(=O)[C@H](CCCCN)N(C)C(=O)[C@@H](Cc2c[nH]c3ccccc23)N(C)C(=O)[C@H](Cc2ccccc2)NC(=O)[C@@H]2CCCN2C(=O)[C@H](Cc2ccccc2)N(C)C1=O,-5.82,training
C[C@H](O)[C@H]1NC(=O)[C@@H](CCCCN)N(C)C(=O)[C@H](Cc2c[nH]c3ccccc23)N(C)C(=O)[C@@H](Cc2ccccc2)NC(=O)[C@H]2CCCN2C(=O)[C@@H](Cc2ccccc2)N(C)C1=O,-6.14,training
CCCC[C@@H]1NC(=O)[C@H](CC(C)C)N(C)C(=O)CN(CC2CCOCC2)C(=O)[C@H](Cc2ccccc2)NC(=O)CN(CC)C(=O)[C@H]2CCCN2C1=O,-5.98,training
CCCC[C@@H]1NC(=O)[C@H](CC(C)C)N(C)C(=O)CN(CCCc2cnn(C)c2)C(=O)[C@H](Cc2ccccc2)NC(=O)CN(CCC)C(=O)[C@H]2CCCN2C1=O,-5.89,training
CCCC[C@@H]1NC(=O)[C@H](CC(C)C)N(C)C(=O)CN(Cc2ccccc2)C(=O)[C@H](C)NC(=O)CN(CC(C)C)C(=O)[C@H]2CCCN2C1=O,-5.41,training
CCCC[C@@H]1NC(=O)[C@H](CC(C)C)N(C)C(=O)CN(CCc2cccnc2)C(=O)[C@H](Cc2ccccc2)NC(=O)CN(CCCOC(C)C)C(=O)[C@H]2CCCN2C1=O,-5.89,training
CCCC[C@@H]1NC(=O)[C@H](CC(C)C)N(C)C(=O)CN(CCOC)C(=O)[C@H](Cc2ccc3ccccc3c2)NC(=O)CN(CCN2CCOCC2)C(=O)[C@H]2CCCN2C1=O,-6.11,training
CCCC[C@@H]1NC(=O)[C@H](CC(C)C)N(C)C(=O)CN(CCCN2CCCC2=O)C(=O)[C@H](CC(C)C)NC(=O)CN(Cc2ccc(Cl)cc2)C(=O)[C@H]2CCCN2C1=O,-6.17,training
CCCC[C@@H]1NC(=O)[C@H](CC(C)C)N(C)C(=O)CN(CCOC)C(=O)[C@H](C)NC(=O)CN(Cc2cc(CC(C)C)on2)C(=O)[C@H]2CCCN2C1=O,-6.15,training
CCCC[C@@H]1NC(=O)[C@H](CC(C)C)N(C)C(=O)CN(CCc2cccnc2)C(=O)[C@H](CC(C)C)NC(=O)CN(Cc2ccccc2Cn2cccn2)C(=O)[C@H]2CCCN2C1=O,-6.02,training
CCCC[C@@H]1NC(=O)[C@H](Cc2ccc(Cl)cc2)N(C)C(=O)[C@@H]2CCCN2C(=O)[C@H](CCCC)NC(=O)[C@H]([C@@H](C)CC)NC(=O)[C@H](C(C)C)N(C)C(=O)[C@@H]2CCCN2C(=O)C[C@@H](C)NC(=O)CCNC(=O)[C@H](C(C)C)N(C)C(=O)[C@H](Cc2ccccc2)N(C)C1=O,-5.82,training
CCCC[C@@H]1NC(=O)[C@H](Cc2ccc(Cl)cc2)N(C)C(=O)[C@@H]2CCCN2C(=O)[C@H](CCCC)NC(=O)[C@H]([C@@H](C)CC)NC(=O)[C@H](CC)N(C)C(=O)[C@@H]2CCCN2C(=O)C[C@@H](C)NC(=O)[C@H](C)CNC(=O)[C@H](C(C)C)N(C)C(=O)[C@H](Cc2ccccc2)N(C)C1=O,-5.68,training
CCCC[C@@H]1NC(=O)[C@H](Cc2ccc(Cl)cc2)N(C)C(=O)[C@@H]2CCCN2C(=O)[C@H](CCCC)NC(=O)[C@H]([C@@H](C)CC)NC(=O)[C@H](CC)N(C)C(=O)[C@@H]2CCCN2C(=O)C[C@@H](C)NC(=O)C[C@H](C)NC(=O)[C@H](C(C)C)N(C)C(=O)[C@H](Cc2ccccc2)N(C)C1=O,-5.55,training
CCCC[C@@H]1NC(=O)[C@H](Cc2ccc(Cl)cc2)N(C)C(=O)[C@@H]2CCCN2C(=O)[C@H](CCCC)NC(=O)[C@H]([C@@H](C)CC)NC(=O)[C@H](C)N(C)C(=O)[C@@H]2CCCN2C(=O)C[C@@H](C)N(C)C(=O)C2(CC2)NC(=O)[C@H](C(C)C)N(C)C(=O)[C@H](Cc2ccccc2)N(C)C1=O,-6.64,training
CCCC[C@@H]1NC(=O)[C@H](Cc2cccc(Cl)c2)NC(=O)CN(C)C(=O)[C@H](COCCC(C)C)N(C)C(=O)[C@@H]2CCN2C(=O)CN(C)C(=O)[C@H](COCCC(C)C)NC(=O)[C@H](C)N(C)C(=O)C[C@@H](C(=O)N2CCCC2)N(C)C(=O)[C@H](COCCC)N(C)C(=O)[C@H](COCCC(C)C)N(C)C1=O,-7.06,training
CCCC[C@@H]1NC(=O)[C@H](Cc2cccc(Cl)c2)NC(=O)CN(C)C(=O)[C@H](COCCC(C)C)N(C)C(=O)[C@@H]2CCN2C(=O)CN(C)C(=O)[C@H](CCc2ccccc2)NC(=O)[C@H](C)N(C)C(=O)C[C@@H](C(=O)N2CCCC2)N(C)C(=O)[C@H](COCCC)N(C)C(=O)[C@H](COCCC(C)C)N(C)C1=O,-7.11,training
CCCOC[C@H]1C(=O)N(C)[C@H](C(=O)N2CCCC2)CC(=O)N(C)[C@@H](C)C(=O)N[C@@H](CC(C)C)C(=O)N(C)CC(=O)N2CC[C@H]2C(=O)N(C)[C@@H](COCCC(C)C)C(=O)N(C)CC(=O)N[C@@H](Cc2cccc(Cl)c2)C(=O)N[C@@H](COCCC(C)C)C(=O)N(C)[C@@H](COCCC(C)C)C(=O)N1C,-7.02,training
CCCOC[C@H]1C(=O)N(C)[C@H](C(=O)N2CCCC2)CC(=O)N(C)[C@@H](C)C(=O)N[C@@H](CC(C)C)C(=O)N(C)CC(=O)N2CC[C@H]2C(=O)N(C)[C@@H](COCCC(C)C)C(=O)N(C)CC(=O)N[C@@H](Cc2cccc(Cl)c2)C(=O)N[C@@H](CCc2ccccc2)C(=O)N(C)[C@@H](COCCC(C)C)C(=O)N1C,-7.09,training
CCCOC[C@H]1C(=O)N(C)[C@H](C(=O)N2CCCC2)CC(=O)N(C)[C@@H](C)C(=O)N[C@@H](COCCC(C)C)C(=O)N(C)CC(=O)N2CC[C@H]2C(=O)N(C)[C@@H](COCCC(C)C)C(=O)N(C)CC(=O)N[C@@H](Cc2cccc(Cl)c2)C(=O)N[C@@H](CCc2ccccc2)C(=O)N(C)[C@@H](COCCC(C)C)C(=O)N1C,-7.15,training
CC[C@H](C)[C@@H]1NC(=O)[C@H](C)N(C)C(=O)C[C@@H](C)NC(=O)[C@H](C(C)C)N(C)C(=O)[C@H](Cc2ccccc2)N(C)C(=O)[C@H](Cc2ccccc2)NC(=O)[C@H](Cc2cccc(Cl)c2)NC(=O)CN(C)C(=O)[C@H](Cc2ccc(Cl)cc2)N(C)C(=O)CN(C)C(=O)CN(C)C1=O,-7.0,training
CC[C@H](C)[C@@H]1NC(=O)[C@H](C)N(C)C(=O)C[C@@H](C)NC(=O)[C@H](CC(C)C)N(C)C(=O)[C@H](Cc2ccccc2)N(C)C(=O)[C@H](C)N(C)C(=O)[C@H](CCc2ccc(C(F)(F)F)cc2)NC(=O)CN(C)C(=O)[C@H](Cc2ccc(Cl)cc2)N(C)C(=O)CN(C)C(=O)CN(C)C1=O,-7.301029996,training
CC[C@H](C)[C@@H]1NC(=O)[C@H](C)N(C)C(=O)C[C@@H](C)NC(=O)[C@H](CC(C)C)N(C)C(=O)[C@H](Cc2ccccc2)N(C)C(=O)[C@@H]2CCCN2C(=O)[C@H](CCc2ccc(C(F)(F)F)cc2)NC(=O)CN(C)C(=O)[C@H](Cc2ccc(Cl)cc2)N(C)C(=O)CN(C)C(=O)CN(C)C1=O,-6.795880017,training
CCCC[C@@H]1NC(=O)[C@H](Cc2ccc(Cl)cc2)NC(=O)CN(C)C(=O)[C@H](COCCC(C)C)N(C)C(=O)[C@@H]2CCN2C(=O)CN(C)C(=O)[C@H]([C@@H](C)CC)NC(=O)[C@H](C)N(C)C(=O)C[C@@H](CCc2ccccc2)NC(=O)[C@H](COCCC)N(C)C(=O)[C@H](COCCC)N(C)C1=O,-7.06,training
CCCC[C@@H]1NC(=O)[C@H](Cc2ccc(Cl)cc2)NC(=O)CN(C)C(=O)[C@H](COCCC(C)C)N(C)C(=O)[C@@H]2CCN2C(=O)CN(C)C(=O)[C@H]([C@@H](C)CC)NC(=O)[C@H](C)N(C)C(=O)C[C@@H](C)N(C)C(=O)[C@H](COCCC)N(C)C(=O)[C@H](COCCC(C)C)N(C)C1=O,-6.39,training
CC[C@@H](C)[C@@H]1NC(=O)[C@@H]2CCCN2C(=O)[C@H]([C@@H](C)CC)NC(=O)[C@@H]2CCCN2C(=O)[C@H](Cc2ccccc2)NC(=O)[C@H](C)NC(=O)c2csc1n2,-5.89,training
CC[C@H](C)[C@@H]1NC(=O)[C@@H]2CCCN2C(=O)[C@H](Cc2ccccc2)NC(=O)[C@H](C)NC(=O)c2csc(n2)[C@H](CC(C)C)NC(=O)[C@@H]2CCCN2C1=O,-5.89,training
CC[C@@H](C)[C@@H]1NC(=O)[C@@H]2CCCN2C(=O)[C@H](CC(C)C)NC(=O)[C@@H]2CCCN2C(=O)[C@H](Cc2ccccc2)NC(=O)[C@H](C)NC(=O)c2csc1n2,-6.7,training
CC[C@H](C)[C@@H]1NC(=O)[C@@H]2CCCN2C(=O)[C@H](Cc2ccccc2)NC(=O)[C@H](C)NC(=O)c2csc(n2)[C@H](C(C)C)NC(=O)[C@@H]2CCCN2C1=O,-5.43,training
CC[C@@H](C)[C@@H]1NC(=O)[C@@H]2CCCN2C(=O)[C@H](C(C)C)NC(=O)[C@@H]2CCCN2C(=O)[C@H](Cc2ccccc2)NC(=O)[C@H](C)NC(=O)c2csc1n2,-6.52,training
CC(C)[C@@H]1NC(=O)c2csc(n2)[C@H](C(C)C)NC(=O)[C@@H]2CCCN2C(=O)[C@H](C(C)C)NC(=O)[C@@H]2CCCN2C(=O)[C@H](Cc2ccccc2)NC1=O,-5.66,training
CC[C@@H](C)[C@@H]1NC(=O)[C@@H]2CCCN2C(=O)[C@H]([C@@H](C)O)NC(=O)[C@@H]2CCCN2C(=O)[C@H](Cc2ccccc2)NC(=O)[C@H](C)NC(=O)c2csc1n2,-6.4,training
CC[C@@H](C)[C@@H]1NC(=O)[C@@H]2CCCN2C(=O)[C@H]([C@@H](C)CC)NC(=O)[C@@H]2CCCN2C(=O)[C@H](Cc2ccccc2)NC(=O)[C@H](C)N(C)C(=O)c2csc1n2,-6.7,training
CC[C@@H](C)[C@@H]1NC(=O)[C@@H]2CCCN2C(=O)[C@H]([C@@H](C)CC)N(C)C(=O)[C@@H]2CCCN2C(=O)[C@H](Cc2ccccc2)NC(=O)[C@H](C)NC(=O)c2csc1n2,-6.4,training
CC[C@@H](C)[C@@H]1NC(=O)[C@@H]2CCCN2C(=O)[C@H]([C@@H](C)CC)NC(=O)[C@@H]2CCCN2C(=O)[C@H](Cc2ccccc2)N(C)C(=O)[C@H](C)NC(=O)c2csc1n2,-5.13,training
CC[C@@H](C)[C@@H]1NC(=O)[C@@H]2CCCN2C(=O)[C@H](C(C)C)NC(=O)[C@@H]2CCCN2C(=O)[C@H](Cc2ccccc2)N(C)C(=O)[C@H](C)NC(=O)c2csc1n2,-5.17,training
CC[C@@H](C)[C@@H]1NC(=O)[C@@H]2CCCN2C(=O)[C@H]([C@@H](C)CC)NC(=O)[C@@H]2CCCN2C(=O)[C@H](Cc2ccccc2)NC(=O)[C@H](C(C)(C)C)NC(=O)c2csc1n2,-5.1,training
CC[C@@H](C)[C@@H]1NC(=O)[C@@H]2CCCN2C(=O)[C@H]([C@@H](C)CC)NC(=O)[C@@H]2CCCN2C(=O)[C@H](Cc2ccccc2)NC(=O)[C@H]([C@@H](C)CC)NC(=O)c2csc1n2,-5.02,training
CC[C@@H](C)[C@@H]1NC(=O)[C@@H]2CCCN2C(=O)[C@H]([C@@H](C)CC)NC(=O)[C@@H]2CCCN2C(=O)[C@H](Cc2ccccc2)NC(=O)[C@H](CC(C)C)NC(=O)c2csc1n2,-4.96,training
CC[C@@H](C)[C@@H]1NC(=O)[C@@H]2CCCN2C(=O)[C@H]([C@@H](C)CC)NC(=O)[C@@H]2CCCN2C(=O)[C@H](Cc2ccccc2)N(C)C(=O)[C@H](C(C)(C)C)NC(=O)c2csc1n2,-4.85,training
CC[C@@H](C)[C@@H]1NC(=O)[C@@H]2CCCN2C(=O)[C@H]([C@@H](C)CC)NC(=O)[C@@H]2CCCN2C(=O)[C@H](Cc2ccccc2)N(C)C(=O)[C@H]([C@@H](C)CC)NC(=O)c2csc1n2,-4.67,training
CC[C@@H](C)[C@@H]1NC(=O)[C@@H]2CCCN2C(=O)[C@H]([C@@H](C)CC)NC(=O)[C@@H]2CCCN2C(=O)[C@H](Cc2ccccc2)N(C)C(=O)[C@H](CC(C)C)NC(=O)c2csc1n2,-4.71,training
CC[C@H](C)[C@@H]1NC(=O)[C@H](Cc2cc3ccccc3[nH]2)NC(=O)[C@H]2CCCN2C(=O)[C@H]([C@@H](C)CC)NC(=O)[C@H]([C@@H](C)CC)NC(=O)[C@@H](CC(C)C)NC1=O,-5.51,training
C[C@@H](O)[C@@H]1NC(=O)[C@H](CCCCN)NC(=O)[C@@H](Cc2cc3ccccc3[nH]2)NC(=O)[C@H](Cc2ccccc2)NC(=O)[C@@H]2CCCN2C(=O)[C@H](Cc2ccccc2)NC1=O,-6.03,training
C[C@@H](O)[C@@H]1NC(=O)[C@@H](CCCCN)NC(=O)[C@@H](Cc2cc3ccccc3[nH]2)NC(=O)[C@H](Cc2ccccc2)NC(=O)[C@@H]2CCCN2C(=O)[C@@H](Cc2ccccc2)NC1=O,-6.7,training
CC(C)C[C@@H]1NC(=O)[C@H](C(C)C)NC(=O)[C@H](Cc2cc3ccccc3[nH]2)NC(=O)[C@H](Cc2ccccc2)NC(=O)[C@H](Cc2ccccc2)NC(=O)[C@@H]2CCCN2C1=O,-6.62,training
CC(C)C[C@@H]1NC(=O)[C@H](Cc2ccccc2)NC(=O)[C@H]([C@@H](C)O)NC(=O)CN(C)C(=O)[C@H]([C@@H](C)O)NC(=O)[C@H](Cc2ccc(O)cc2)NC1=O,-6.77,training
CC(C)C[C@@H]1NC(=O)[C@H](Cc2ccccc2)NC(=O)[C@H]([C@@H](C)O)N(C)C(=O)CN(C)C(=O)[C@H]([C@@H](C)O)NC(=O)[C@H](Cc2ccc(O)cc2)NC1=O,-7.0,training
CC(C)C[C@H]1C(=O)NCCCCCCN[C@@H](Cc2ccccc2)C(=O)N[C@@H](C)C(=O)N1C,-3.78,training
CC(C)C[C@@H]1NC(=O)[C@H](C)N(C)C(=O)[C@H](Cc2ccccc2)NCCCCCCNC1=O,-4.84,training
CC(C)C[C@@H]1NC(=O)[C@H](C)NC(=O)[C@H](Cc2ccccc2)N(C)CCCCCCNC1=O,-4.38,training
CC(C)C[C@@H]1NC(=O)[C@H](C)NC(=O)[C@H](Cc2ccccc2)NCCCCCCN(C)C1=O,-4.36,training
CC(=O)N1CCCCCCNC(=O)[C@H](CC(C)C)NC(=O)[C@H](C)NC(=O)[C@@H]1Cc1ccccc1,-4.93,training
CC(C)C[C@@H]1C(=O)NCCCCCCN[C@@H](Cc2ccccc2)C(=O)N[C@@H](C)C(=O)N1C,-3.46,training
CC(C)C[C@H]1C(=O)NCCCCCCN[C@@H](Cc2ccccc2)C(=O)N[C@H](C)C(=O)N1C,-4.41,training
CC(C)C[C@H]1NC(=O)[C@H](C)NC(=O)[C@H](Cc2ccccc2)NCCCCCCN(C)C1=O,-3.72,training
CC(C)C[C@@H]1NC(=O)[C@@H](C)NC(=O)[C@H](Cc2ccccc2)NCCCCCCN(C)C1=O,-5.11,training
CC(C)C[C@@H]1C(=O)N(C)CCCCCCN[C@@H](Cc2ccccc2)C(=O)N[C@@H](C)C(=O)N1C,-3.57,training
CC(C)C[C@H]1C(=O)NCCCCCCN[C@@H](Cc2ccccc2)C(=O)N(C)[C@H](C)C(=O)N1C,-3.68,training
CC(C)C[C@H]1C(=O)N(C)CCCCCCN[C@@H](Cc2ccccc2)C(=O)N[C@H](C)C(=O)N1C,-4.2,training
CC(C)C[C@H]1C(=O)N(C)CCCCCCN[C@@H](Cc2ccccc2)C(=O)N(C)[C@H](C)C(=O)N1C,-3.7,training
CC(C)C[C@@H]1NC(=O)[C@@H](C)N(C)C(=O)[C@H](Cc2ccccc2)NCCCCCCN(C)C1=O,-4.4,training
CC(C)CN1CC(=O)N(C)CCCCCCN[C@@H](Cc2ccccc2)C(=O)N[C@@H](C)C1=O,-3.58,training
CC(C)C[C@H]1C(=O)NCc2ccc(o2)CN[C@@H](Cc2ccccc2)C(=O)N[C@@H](C)C(=O)N1C,-4.669586227,training
CC(C)C[C@@H]1NC(=O)[C@H](C)N(C)C(=O)[C@H](Cc2ccccc2)NCc2ccc(o2)CNC1=O,-5.853871964,training
CC(C)C[C@H]1C(=O)N(C)Cc2ccc(o2)CN[C@@H](Cc2ccccc2)C(=O)N[C@@H](C)C(=O)N1C,-4.869666232,training
CC(C)C[C@@H]1NC(=O)[C@H](C)N(C)C(=O)[C@H](Cc2ccccc2)NCc2ccc(o2)CN(C)C1=O,-4.879426069,training
CC(C)C[C@@H]1NC(=O)[C@H](C)NC(=O)[C@H](Cc2ccccc2)N(C)Cc2ccc(o2)CN(C)C1=O,-4.844663963,training
CC[C@@H](C)[C@H]1NC(=O)[C@@H](CC(C)C)NC(=O)[C@@H](CC(C)C)N(C)C(=O)[C@@H]2CCCN2C(=O)[C@@H](C(C)C)NC(=O)[C@@H](CC(C)C)NC(=O)[C@@H](CC(C)C)N(C)C(=O)[C@@H]2CCCN2C1=O,-5.14,training
CC[C@@H](C)[C@H]1NC(=O)[C@@H](CC(C)C)N(C)C(=O)[C@@H]2CCCN2C(=O)[C@@H]([C@H](C)CC)NC(=O)[C@@H](CC(C)C)NC(=O)[C@@H](CC(C)C)N(C)C(=O)[C@@H]2CCCN2C(=O)[C@@H](C(C)C)NC1=O,-4.64,training
CC[C@H](C)[C@@H]1NC(=O)[C@H]2CCCN2C(=O)[C@@H]2CCCN2C(=O)[C@@H](C(C)C)NC(=O)[C@@H](C)N(C)C(=O)[C@H](C)N(C)C(=O)[C@@H](CC(C)C)N(C)C(=O)[C@@H](C(C)C)NC1=O,-6.19,training
CC(C)C[C@@H]1NC(=O)[C@H](CC(C)C)N(C)C(=O)[C@H]2CCCN2C(=O)[C@@H](C)NC(=O)[C@@H](C)N(C)C(=O)[C@@H](C(C)C)NC(=O)[C@@H](CC(C)C)N(C)C(=O)[C@@H]2CCCN2C1=O,-5.4,training
CC(C)C[C@@H]1NC(=O)[C@H]2CCCN2C(=O)[C@@H](CC(C)C)NC(=O)[C@@H](CC(C)C)NC(=O)[C@@H](CC(C)C)N(C)C(=O)[C@H](C(C)C)NC(=O)[C@@H](C)NC(=O)[C@@H](C)N(C)C(=O)[C@@H]2CCCN2C1=O,-5.61,training
CC[C@@H](C)[C@H]1NC(=O)[C@H](CC(C)C)NC(=O)[C@@H](C)N(C)C(=O)[C@@H]2CCCN2C(=O)[C@H](C)NC(=O)[C@@H](CC(C)C)NC(=O)[C@H]2CCCN2C(=O)[C@H](C(C)C)NC(=O)[C@@H](CC(C)C)N(C)C1=O,-5.64,training
CC[C@H](C)[C@H]1C(=O)N[C@H](C)C(=O)N[C@@H](CC(C)C)C(=O)N[C@@H](C(C)C)C(=O)N2CCC[C@@H]2C(=O)N(C)[C@@H](CC(C)C)C(=O)N[C@@H](C(C)C)C(=O)N2CCC[C@H]2C(=O)N(C)[C@H](CC(C)C)C(=O)N[C@@H](C(C)C)C(=O)N1C,-4.77,training
CC[C@H](C)[C@@H]1NC(=O)[C@@H](C(C)C)NC(=O)[C@@H](CC(C)C)N(C)C(=O)[C@H]2CCCN2C(=O)[C@@H](CC(C)C)NC(=O)[C@@H](CC(C)C)N(C)C(=O)[C@H](CC(C)C)NC(=O)[C@H]2CCCN2C(=O)[C@H](C)N(C)C(=O)[C@H]2CCCN2C1=O,-5.12,training
CC[C@@H](C)[C@H]1NC(=O)[C@H]([C@@H](C)CC)NC(=O)[C@H](CC(C)C)N(C)C(=O)[C@H]2CCCN2C(=O)[C@@H]([C@H](C)CC)NC(=O)[C@@H]([C@H](C)CC)N(C)C(=O)[C@H](CC(C)C)NC(=O)[C@H]2CCCN2C(=O)[C@@H]2CCCN2C(=O)[C@H](C(C)C)NC(=O)[C@H]2CCCN2C1=O,-5.04,training
CC[C@@H](C)[C@H]1NC(=O)[C@@H](CC(C)C)NC(=O)[C@H](C(C)C)NC(=O)[C@@H](CC(C)C)N(C)C(=O)[C@@H]2CCCN2C(=O)[C@H](C)NC(=O)[C@H](CC(C)C)N(C)C(=O)[C@H]2CCCN2C(=O)[C@H](C)N(C)C(=O)[C@@H](CC(C)C)N(C)C(=O)[C@@H]2CCCN2C1=O,-5.42,training
CC[C@@H](C)[C@H]1NC(=O)[C@H](C)N(C)C(=O)[C@H]([C@@H](C)CC)NC(=O)[C@H]2CCCN2C(=O)[C@H](CC(C)C)N(C)C(=O)[C@@H](C(C)C)NC(=O)[C@H](C)N(C)C(=O)[C@H]([C@@H](C)CC)NC(=O)[C@@H](CC(C)C)NC(=O)[C@@H]2CCCN2C(=O)[C@H]2CCCN2C1=O,-5.34,training
CC[C@H](C)[C@@H]1NC(=O)[C@@H]2CCCN2C(=O)[C@H]2CCCN2C(=O)[C@@H](CC(C)C)NC(=O)[C@@H](CC(C)C)N(C)C(=O)[C@@H](C(C)C)NC(=O)[C@H](C(C)C)NC(=O)[C@H]2CCCN2C(=O)[C@@H]2CCCN2C(=O)[C@H]([C@@H](C)CC)NC(=O)[C@H](C)N(C)C1=O,-5.35,training
CC[C@H](C)[C@@H]1NC(=O)[C@H](CC(C)C)N(C)C(=O)C[C@@H](C)NC(=O)[C@H](C(C)C)N(C)C(=O)C2(CCCC2)NC(=O)[C@@H]2CCCN2C(=O)[C@H](CCc2ccc(C(F)(F)F)c(Cl)c2)NC(=O)CN(C)C(=O)[C@H](CC2CCCCC2)N(C)C(=O)[C@@H]2CCN2C(=O)[C@H](C)N(C)C1=O,-5.790484985,training
CC[C@H](C)[C@@H]1NC(=O)[C@H](CC(C)C)N(C)C(=O)C[C@@H](C(=O)N(C)C)N(C)C(=O)[C@H](C(C)C)N(C)C(=O)C2(CCCC2)NC(=O)[C@@H]2CCCN2C(=O)[C@H](CCc2ccc(C(F)(F)F)c(Cl)c2)NC(=O)CN(C)C(=O)[C@H](Cc2ccc(C)cc2)N(C)C(=O)[C@@H]2CCN2C(=O)[C@H](C)N(C)C1=O,-6.004364805,training
CC[C@H](C)[C@@H]1NC(=O)[C@H](CC(C)C)N(C)C(=O)C[C@@H](C(=O)N(C)C)N(C)C(=O)[C@H](C2CCCC2)N(C)C(=O)C2(CCCC2)NC(=O)[C@@H]2CCCN2C(=O)[C@H](CCc2ccc(C(F)(F)F)c(Cl)c2)NC(=O)CN(C)C(=O)[C@H](Cc2ccc(C)cc2)N(C)C(=O)[C@@H]2CCN2C(=O)[C@H](C)N(C)C1=O,-5.754487332,training
CC[C@H](C)[C@@H]1NC(=O)[C@H](CC(C)C)N(C)C(=O)C[C@@H](C(=O)N2CCC2)N(C)C(=O)[C@H](C2CCCC2)N(C)C(=O)C2(CCCC2)NC(=O)[C@@H]2CCCN2C(=O)[C@H](CCc2ccc(C(F)(F)F)c(Cl)c2)NC(=O)CN(C)C(=O)[C@H](CC2CCCCC2)N(C)C(=O)[C@@H]2CCN2C(=O)[C@H](C)N(C)C1=O,-5.575118363,training
CC[C@H](C)[C@@H]1NC(=O)[C@H](CC(C)C)N(C)C(=O)C[C@@H](C(=O)N2CCOCC2)N(C)C(=O)[C@H](C2CCCC2)N(C)C(=O)C2(CCCC2)NC(=O)[C@@H]2CCCN2C(=O)[C@H](CCc2ccc(C(F)(F)F)c(Cl)c2)NC(=O)CN(C)C(=O)[C@H](CC2CCCCC2)N(C)C(=O)[C@@H]2CCN2C(=O)[C@H](C)N(C)C1=O,-5.759450752,training
CC[C@H](C)[C@@H]1NC(=O)[C@H](CC(C)C)N(C)C(=O)C[C@@H](C(=O)N2CCCCC2)N(C)C(=O)[C@H](C2CCCC2)N(C)C(=O)C2(CCCC2)NC(=O)[C@@H]2CCCN2C(=O)[C@H](CCc2ccc(C(F)(F)F)c(Cl)c2)NC(=O)CN(C)C(=O)[C@H](CC2CCCCC2)N(C)C(=O)[C@@H]2CCN2C(=O)[C@H](C)N(C)C1=O,-6.214670165,training
CC[C@H](C)[C@@H]1NC(=O)[C@H](CC(C)C)N(C)C(=O)C[C@@H](C(=O)N2CCCCC2)N(C)C(=O)[C@H](C2CCCCC2)N(C)C(=O)C2(CCCC2)NC(=O)[C@@H]2CCCN2C(=O)[C@H](CCc2ccc(C(F)(F)F)c(Cl)c2)NC(=O)CN(C)C(=O)[C@H](CC2CCCCC2)N(C)C(=O)[C@@H]2CCN2C(=O)[C@H](C)N(C)C1=O,-6.013228266,training
CC[C@H](C)[C@@H]1NC(=O)[C@H](CC(C)C)N(C)C(=O)C[C@@H](C(=O)N2CCCCC2)N(C)C(=O)[C@H](C2CCC2)N(C)C(=O)C2(CCCC2)NC(=O)[C@@H]2CCCN2C(=O)[C@H](CCc2ccc(C(F)(F)F)c(Cl)c2)NC(=O)CN(C)C(=O)[C@H](CC2CCCCC2)N(C)C(=O)[C@@H]2CCN2C(=O)[C@H](C)N(C)C1=O,-6.040958608,training
CC[C@H](C)[C@@H]1NC(=O)[C@H](CC(C)C)N(C)C(=O)C[C@@H](C(=O)N2CCCCC2)N(C)C(=O)[C@H]([C@@H](C)CC)N(C)C(=O)C2(CCCC2)NC(=O)[C@@H]2CCCN2C(=O)[C@H](CCc2ccc(C(F)(F)F)c(Cl)c2)NC(=O)CN(C)C(=O)[C@H](CC2CCCCC2)N(C)C(=O)[C@@H]2CCN2C(=O)[C@H](C)N(C)C1=O,-6.124938737,training
CC[C@H](C)[C@@H]1NC(=O)[C@H](CC(C)C)N(C)C(=O)C[C@@H](C(=O)N2CCCCC2)N(C)C(=O)[C@H](C(C)C)N(C)C(=O)C2(CCCC2)NC(=O)[C@@H]2CCCN2C(=O)[C@H](CCc2ccc(C(F)(F)F)c(Cl)c2)NC(=O)CN(C)C(=O)[C@H](CC2CCCCC2)N(C)C(=O)[C@@H]2CCN2C(=O)[C@H](C)N(C)C1=O,-5.886056648,training
CC[C@H](C)[C@@H]1NC(=O)[C@H](CC(C)C)N(C)C(=O)C[C@@H](C(=O)N2CCCCC2)N(C)C(=O)[C@H](C2CC2)N(C)C(=O)C2(CCCC2)NC(=O)[C@@H]2CCCN2C(=O)[C@H](CCc2ccc(C(F)(F)F)c(Cl)c2)NC(=O)CN(C)C(=O)[C@H](CC2CCCCC2)N(C)C(=O)[C@@H]2CCN2C(=O)[C@H](C)N(C)C1=O,-5.866461092,training
CC[C@H](C)[C@@H]1NC(=O)[C@H](CC(C)C)N(C)C(=O)C[C@@H](C(=O)N2CCCCC2)N(C)C(=O)[C@H](C)N(C)C(=O)C2(CCCC2)NC(=O)[C@@H]2CCCN2C(=O)[C@H](CCc2ccc(C(F)(F)F)c(Cl)c2)NC(=O)CN(C)C(=O)[C@H](CC2CCCCC2)N(C)C(=O)[C@@H]2CCN2C(=O)[C@H](C)N(C)C1=O,-6.013228266,training
CC[C@H](C)[C@@H]1NC(=O)[C@H](CC(C)C)N(C)C(=O)C[C@@H](C(=O)N2CCCCC2)N(C)C(=O)[C@H](C2CCCCC2)N(C)C(=O)C2(CCCC2)NC(=O)[C@@H]2CCCN2C(=O)[C@H](CCc2ccc(C(F)(F)F)c(Cl)c2)NC(=O)CN(C)C(=O)[C@H](CC2CCCCC2)N(C)C(=O)CN(C)C(=O)CN(C)C1=O,-6.148741651,training
CC[C@H](C)[C@@H]1NC(=O)[C@H](CC(C)C)N(C)C(=O)C[C@@H](C(=O)N2CCCCC2)N(C)C(=O)[C@H](C(C)C)N(C)C(=O)C2(CCCC2)NC(=O)[C@@H]2CCCN2C(=O)[C@H](CCc2ccc(C(F)(F)F)c(Cl)c2)NC(=O)CN(C)C(=O)[C@H](CC2CCCCC2)N(C)C(=O)CN(C)C(=O)CN(C)C1=O,-5.950781977,training
CC(C)C[C@H]1C(=O)N2CCC[C@@H]2C(=O)N(C)[C@@H](C(C)C)C(=O)N[C@@H](C(C)C)C(=O)N2CCC[C@H]2C(=O)N2CCC[C@@H]2C(=O)N[C@@H](C)C(=O)N[C@H](C(C)C)C(=O)N(C)[C@@H](CC(C)C)C(=O)N[C@@H](C)C(=O)N1C,-6.3,training
CC(C)C[C@@H]1NC(=O)[C@H]2CCCN2C(=O)[C@@H]2CCCN2C(=O)[C@H](CC(C)C)NC(=O)[C@@H](CC(C)C)NC(=O)[C@@H](C)N(C)C(=O)[C@@H](C)N(C)C(=O)[C@@H](C(C)C)NC1=O,-6.13,training
CC(C)C[C@@H]1NC(=O)[C@H]2CCCN2C(=O)[C@H](CC(C)C)N(C)C(=O)[C@@H](C(C)C)NC(=O)[C@H](CC(C)C)NC(=O)[C@H]2CCCN2C(=O)[C@H](CC(C)C)N(C)C(=O)[C@@H](C(C)C)NC1=O,-4.95,training
CC(C)C[C@@H]1C(=O)N[C@H](C(C)C)C(=O)N[C@H](C)C(=O)N2CCC[C@@H]2C(=O)N(C)[C@H](CC(C)C)C(=O)N[C@H](C(C)C)C(=O)N[C@H](C)C(=O)N2CCC[C@@H]2C(=O)N1C,-6.03,training
CC(C)C[C@@H]1C(=O)N[C@H](CC(C)C)C(=O)N2CCC[C@@H]2C(=O)N2CCC[C@@H]2C(=O)N(C)[C@@H](CC(C)C)C(=O)N[C@H](CC(C)C)C(=O)N2CCC[C@@H]2C(=O)N2CCC[C@H]2C(=O)N1C,-5.56,training
CC[C@H](C)[C@@H]1NC(=O)[C@@H](CC(C)C)N(C)C(=O)[C@@H]2CCCN2C(=O)[C@H](C(C)C)NC(=O)C(C)(C)NC(=O)[C@H](CC(C)C)NC(=O)C(C)(C)NC(=O)[C@@H]2CCCN2C(=O)[C@H]2CCCN2C1=O,-6.05,training
CC(C)C[C@@H]1NC(=O)CNC(=O)[C@@H]2CCCN2[C@H](C(=O)NC(C)(C)C)[C@H](C)NC(=O)[C@H](Cc2ccccc2)NC(=O)CNC1=O,-6.4,training
CC(C)C[C@@H]1NC(=O)CN(C)C(=O)[C@H](Cc2ccccc2)NCCCCCCNC1=O,-5.64,training
CC(C)C[C@@H]1NC(=O)CN(C)C(=O)CCCCNC(=O)[C@H](Cc2ccccc2)NC1=O,-5.32,training
CC(C)C[C@@H]1NC(=O)CN(C)C(=O)[C@H](C)CCCNC(=O)[C@H](Cc2ccccc2)NC1=O,-4.86,training
CC(C)C[C@@H]1NC(=O)CN(C)C(=O)[C@@H](C)CCCNC(=O)[C@H](Cc2ccccc2)NC1=O,-5.59,training
CC(C)C[C@@H]1NC(=O)CN(C)C(=O)C[C@H](C)CCNC(=O)[C@H](Cc2ccccc2)NC1=O,-5.55,training
CC(C)C[C@@H]1NC(=O)CN(C)C(=O)C[C@@H](C)CCNC(=O)[C@H](Cc2ccccc2)NC1=O,-5.15,training
CC(C)C[C@@H]1NC(=O)CN(C)C(=O)CC[C@@H](C)CNC(=O)[C@H](Cc2ccccc2)NC1=O,-5.46,training
CC(C)C[C@@H]1NC(=O)CN(C)C(=O)CC[C@H](C)CNC(=O)[C@H](Cc2ccccc2)NC1=O,-4.95,training
CC(C)C[C@@H]1NC(=O)CN(C)C(=O)CCC[C@@H](C)NC(=O)[C@H](Cc2ccccc2)NC1=O,-5.23,training
CC(C)C[C@@H]1NC(=O)CN(C)C(=O)CCC[C@H](C)NC(=O)[C@H](Cc2ccccc2)NC1=O,-5.25,training
CC(C)C[C@@H]1NC(=O)CN(C)C(=O)[C@H](Cc2ccccc2)NCc2ccc(o2)CNC1=O,-4.752026734,training
CC(C)C[C@@H]1NC(=O)CN(C)C(=O)[C@H](Cc2ccccc2)NCc2ccc(o2)CN(C)C1=O,-4.91721463,training
CC(C)C[C@@H]1NC(=O)[C@H](C)NC(=O)[C@H](Cc2ccccc2)NCc2ccc(o2)CN(C)C1=O,-5.040958608,training
C/C=C/C[C@@H](C)[C@@H](O)[C@H]1C(=O)N[C@@H](CC)C(=O)N(C)CC(=O)N(C)[C@@H](CC(C)C)C(=O)N[C@@H](C(C)C)C(=O)N(C)[C@@H](CC(C)C)C(=O)N[C@@H](C)C(=O)N[C@H](C)C(=O)N(C)[C@@H](CC(C)C)C(=O)N(C)[C@@H](CC(C)C)C(=O)N(C)[C@@H](C(C)C)C(=O)N1C,-5.58,training
CCC[C@@H]1NC(=O)[C@H](CC(C)C)N(C)C(=O)[C@H](C(C)C)N(C)C(=O)[C@H](CC(C)C)N(C)C(=O)[C@H](CC(C)C)N(C)C(=O)[C@@H](C)NC(=O)[C@H](C)NC(=O)[C@H](CC(C)C)N(C)C(=O)[C@H](C(C)C)NC(=O)[C@H](CC(C)C)N(C)C(=O)CN(C)C1=O,-6.04,training
CCC[C@@H]1NC(=O)[C@H](CC(C)C)N(C)C(=O)[C@H](CC(C)C)N(C)C(=O)[C@H](CC(C)C)N(C)C(=O)[C@H](CC(C)C)N(C)C(=O)[C@@H](C)NC(=O)[C@H](C)NC(=O)[C@H](CC(C)C)N(C)C(=O)[C@H](C(C)C)NC(=O)[C@H](CC(C)C)N(C)C(=O)CN(C)C1=O,-6.68,training
CCC[C@@H]1NC(=O)[C@H](CC(C)C)N(C)C(=O)[C@H](C(C)C)N(C)C(=O)[C@H](CC(C)C)N(C)C(=O)[C@H](CC(C)C)N(C)C(=O)[C@@H](C)NC(=O)[C@H](CCC(N)=O)NC(=O)[C@H](CC(C)C)N(C)C(=O)[C@H](C(C)C)NC(=O)[C@H](CC(C)C)N(C)C(=O)CN(C)C1=O,-6.29,training
CCC[C@@H]1NC(=O)[C@H](CC(C)C)N(C)C(=O)[C@H](CC(C)C)N(C)C(=O)[C@H](CC(C)C)N(C)C(=O)[C@H](CC(C)C)N(C)C(=O)[C@@H](C)NC(=O)[C@H](CCC(N)=O)NC(=O)[C@H](CC(C)C)N(C)C(=O)[C@H](C(C)C)NC(=O)[C@H](CC(C)C)N(C)C(=O)CN(C)C1=O,-5.99,training
CC(C)C[C@@H]1NC(=O)[C@H](CO)N(C)C(=O)[C@H](CC(C)C)N(C)C(=O)[C@H](CC(C)C)N(C)C(=O)[C@H](CC(C)C)N(C)C(=O)[C@@H](C)NC(=O)C[C@H](C)NC(=O)[C@H](CC(C)C)N(C)C(=O)[C@H](CC(C)C)NC(=O)[C@H](CC(C)C)N(C)C(=O)CN(C)C1=O,-6.52,training
CC(C)C[C@@H]1NC(=O)[C@H](CC(C)C)N(C)C(=O)[C@H](C(C)C)NC(=O)C[C@H](C)NC(=O)CN(C)C(=O)[C@H](CC(C)C)NC(=O)[C@H](CO)N(C)C(=O)[C@H](CC(C)C)N(C)C(=O)[C@H](CC(C)C)N(C)C(=O)[C@H](CC(C)C)N(C)C(=O)[C@@H](CC(C)C)NC1=O,-6.17,training
CC[C@@H]1NC(=O)[C@H](CC(C)C)N(C)C(=O)[C@H](CC(C)C)NC(=O)[C@H](CC(C)C)N(C)C(=O)CN(C)C(=O)C[C@H](C)NC(=O)[C@H](CO)N(C)C(=O)[C@H](CC(C)C)N(C)C(=O)[C@H](CC(C)C)N(C)C(=O)[C@H](CC(C)C)N(C)C(=O)[C@@H](CC(C)C)NC1=O,-5.25,training
CC(C)C[C@@H]1NC(=O)[C@H](CC(C)C)N(C)C(=O)[C@H](C(C)C)NC(=O)[C@H](CC(C)C)N(C)C(=O)CN(C)C(=O)[C@H](CC(C)C)NC(=O)[C@H](CO)N(C)C(=O)[C@H](CC(C)C)N(C)C(=O)[C@H](CC(C)C)N(C)C(=O)C[C@H](C)NC(=O)[C@@H](CC(C)C)NC1=O,-6.02,training
CC(C)C[C@@H]1NC(=O)C[C@H](C)NC(=O)[C@H](C(C)C)NC(=O)[C@H](CC(C)C)N(C)C(=O)CN(C)C(=O)[C@H](CC(C)C)NC(=O)[C@H](CO)N(C)C(=O)[C@H](CC(C)C)N(C)C(=O)[C@H](CC(C)C)N(C)C(=O)[C@H](CC(C)C)N(C)C(=O)[C@@H](CC(C)C)NC1=O,-6.55,training
CC(C)C[C@@H]1NC(=O)[C@H](CO)N(C)C(=O)[C@H](CC(C)C)N(C)C(=O)[C@H](CC(C)C)N(C)C(=O)[C@H](CC(C)C)N(C)C(=O)C[C@H](C)NC(=O)[C@H](C)NC(=O)[C@H](CC(C)C)N(C)C(=O)[C@H](CC(C)C)NC(=O)[C@H](CC(C)C)N(C)C(=O)CN(C)C1=O,-6.26,training
CCCCCC[C@@H]1NC(=O)[C@H](CO)N(C)C(=O)[C@H](CC(C)C)N(C)C(=O)[C@H](CC(C)C)N(C)C(=O)[C@H](CC(C)C)N(C)C(=O)[C@@H](C)NC(=O)[C@H](CC)NC(=O)[C@H](CC(C)C)N(C)C(=O)C[C@H](C)NC(=O)[C@H](CC(C)C)N(C)C(=O)CN(C)C1=O,-6.2,training
CCCCCC[C@@H]1NC(=O)[C@H](CC(C)C)N(C)C(=O)C[C@H](C)NC(=O)[C@H](CC)NC(=O)[C@H](CO)N(C)C(=O)[C@H](CC(C)C)N(C)C(=O)[C@H](CC(C)C)N(C)C(=O)[C@H](CC(C)C)N(C)C(=O)[C@@H](C)NC(=O)[C@H](C)NC(=O)[C@H](CC(C)C)N(C)C1=O,-6.21,training
CCCCCC[C@@H]1NC(=O)[C@H](CC(C)C)N(C)C(=O)CN(C)C(=O)[C@H](CC(C)C)NC(=O)C[C@H](C)NC(=O)[C@H](CC(C)C)N(C)C(=O)[C@H](CC(C)C)N(C)C(=O)[C@H](CC(C)C)N(C)C(=O)[C@@H](C)NC(=O)[C@H](CO)NC(=O)[C@H](CC(C)C)N(C)C1=O,-6.7,training
CCCCCC[C@@H]1NC(=O)[C@H](CO)N(C)C(=O)C[C@H](C)NC(=O)[C@H](CC(C)C)N(C)C(=O)[C@H](CC(C)C)N(C)C(=O)[C@@H](CC(C)C)NC(=O)[C@H](CC)NC(=O)[C@H](CC(C)C)N(C)C(=O)[C@H](C(C)C)NC(=O)[C@H](CC(C)C)N(C)C(=O)CN(C)C1=O,-6.23,training
CC(C)C[C@@H]1NC(=O)[C@H](CO)N(C)C(=O)[C@H](CC(C)C)N(C)C(=O)[C@H](CC(C)C)N(C)C(=O)[C@H](CC(C)C)N(C)C(=O)[C@@H](C)NC(=O)[C@H](C)NC(=O)[C@H](CC(C)C)N(C)C(=O)C[C@H](C)NC(=O)[C@H](CC(C)C)N(C)C(=O)CN(C)C1=O,-7.11,training
CC[C@@H]1NC(=O)C[C@H](C)NC(=O)[C@H](CC(C)C)N(C)C(=O)[C@H](CC(C)C)N(C)C(=O)[C@H](CC(C)C)N(C)C(=O)[C@@H](C)NC(=O)[C@H](CO)NC(=O)[C@H](CC(C)C)N(C)C(=O)[C@H](CC(C)C)NC(=O)[C@H](CC(C)C)N(C)C(=O)CN(C)C1=O,-7.24,training
CC(C)C[C@@H]1NC(=O)[C@H](CO)N(C)C(=O)C[C@H](C)NC(=O)[C@H](CC(C)C)N(C)C(=O)[C@H](CC(C)C)N(C)C(=O)[C@@H](C)NC(=O)[C@H](C(C)C)NC(=O)[C@H](CC(C)C)N(C)C(=O)[C@H](C(C)C)NC(=O)[C@H](CC(C)C)N(C)C(=O)CN(C)C1=O,-6.72,training
CC(C)C[C@@H]1NC(=O)[C@H](CC(C)C)N(C)C(=O)[C@H](C(C)C)NC(=O)[C@H](CC(C)C)N(C)C(=O)CN(C)C(=O)[C@H](C(C)C)NC(=O)[C@H](CO)N(C)C(=O)[C@H](CC(C)C)N(C)C(=O)C[C@H](C)NC(=O)[C@H](CC(C)C)N(C)C(=O)[C@@H](C)NC1=O,-5.92,training
CC(C)C[C@H]1C(=O)N[C@@H](C(C)C)C(=O)N(C)[C@@H](CC(C)C)C(=O)N[C@@H](C)C(=O)N[C@H](C)C(=O)N(C)[C@@H](CC(C)C)C(=O)N(C)[C@@H](CC(C)C)C(=O)N(C)[C@@H](CC(C)C)C(=O)N(C)[C@@H](CO)C(=O)N[C@H](C(F)(F)F)CC(=O)N(C)CC(=O)N1C,-6.72,training
CC[C@@H]1NC(=O)[C@H](CO)N(C)C(=O)[C@H](CC(C)C)N(C)C(=O)[C@H](CC(C)C)N(C)C(=O)[C@H](CC(C)C)N(C)C(=O)[C@@H](C)NC(=O)[C@H](C)NC(=O)[C@H](CC(C)C)N(C)C(=O)[C@H](CC)NC(=O)[C@H](CC(C)C)N(C)C(=O)C[C@@H](C(F)(F)F)NC1=O,-5.89,training
CC[C@@H]1NC(=O)[C@H](CO)N(C)C(=O)[C@H](CC(C)C)N(C)C(=O)[C@H](CC(C)C)N(C)C(=O)[C@H](CC(C)C)N(C)C(=O)[C@@H](C)NC(=O)[C@H](CC(C)C)NC(=O)C[C@@H](C(F)(F)F)NC(=O)[C@H](C(C)C)NC(=O)[C@H](CC(C)C)N(C)C(=O)CN(C)C1=O,-6.89,training
CC(C)C[C@@H]1NC(=O)[C@H](CO)N(C)C(=O)C[C@@H](C(F)(F)F)NC(=O)[C@H](CC(C)C)N(C)C(=O)[C@H](CC(C)C)N(C)C(=O)[C@@H](C)NC(=O)[C@H](C)NC(=O)[C@H](CC(C)C)N(C)C(=O)[C@H](CC(C)C)NC(=O)[C@H](CC(C)C)N(C)C(=O)CN(C)C1=O,-6.38,training
CC(C)C[C@@H]1NC(=O)[C@H](Cc2ccccc2)NC(=O)[C@H]([C@@H](C)O)NC(=O)CNC(=O)[C@H](C(C)C)NC(=O)[C@H](Cc2ccc(O)cc2)NC1=O,-6.96,training
CC(C)C[C@@H]1NC(=O)[C@H](Cc2ccccc2)NC(=O)[C@H]([C@@H](C)O)NC(=O)CNC(=O)[C@H](C)NC(=O)[C@H](Cc2ccc(O)cc2)NC1=O,-6.34,training
CC(C)C[C@@H]1NC(=O)[C@H](Cc2ccccc2)NC(=O)[C@H]([C@@H](C)O)NC(=O)CNC(=O)[C@H]([C@@H](C)O)NC(=O)[C@H](Cc2ccc(O)cc2)NC1=O,-7.4,training
CC(C)C[C@@H]1NC(=O)[C@H](C)NC(=O)[C@H](Cc2ccccc2)N(C)Cc2ccc(o2)CNC1=O,-4.815308569,training
CC(C)C[C@@H]1NC(=O)[C@@H](CC(C)C)NC(=O)[C@H](Cc2ccccc2)NC(=O)CNC(=O)[C@@H](C)NC(=O)[C@H](Cc2ccc(O)cc2)NC1=O,-6.14,training
CC[C@H](C)[C@@H]1NC(=O)[C@H](Cc2ccc(O)cc2)NC(=O)[C@H](Cc2ccccc2)NC(=O)CNC(=O)[C@H](C(C)C)NC(=O)CNC1=O,-7.22,training
CC(C)C[C@@H]1NC(=O)CNC(=O)[C@H](Cc2ccccc2)NC(=O)[C@H](CC(N)=O)NC(=O)[C@H](Cc2ccc(O)cc2)NC(=O)[C@H](C)NC1=O,-7.7,training
CC(C)C[C@@H]1NC(=O)[C@H](C)NC(=O)C[C@H](C)CCNC(=O)[C@H](Cc2ccccc2)NC1=O,-4.94,training
CC(C)C[C@@H]1NC(=O)[C@H](C)NC(=O)C[C@@H](C)CCNC(=O)[C@H](Cc2ccccc2)NC1=O,-4.84,training
CC(C)C[C@@H]1NC(=O)[C@H](C)NC(=O)CC[C@@H](C)CNC(=O)[C@H](Cc2ccccc2)NC1=O,-5.03,training
CC(C)C[C@@H]1NC(=O)[C@H](C)NC(=O)CC[C@H](C)CNC(=O)[C@H](Cc2ccccc2)NC1=O,-4.92,training
CC(C)C[C@@H]1NC(=O)[C@H](C)NC(=O)CCC[C@@H](C)NC(=O)[C@H](Cc2ccccc2)NC1=O,-5.04,training
CC(C)C[C@@H]1NC(=O)[C@H](C)NC(=O)CCC[C@H](C)NC(=O)[C@H](Cc2ccccc2)NC1=O,-5.51,training
CC[C@@H](C)[C@H]1NC(=O)[C@@H](C)NC(=O)[C@H](Cc2ccccc2)NC(=O)[C@@H](CC(C)C)NC(=O)[C@@H](C(C)C)NC(=O)[C@H](Cc2ccccc2)NC(=O)[C@@H]([C@H](C)CC)NC1=O,-6.0,training
CC[C@@H](C)[C@H]1NC(=O)[C@@H](CCCCN)NC(=O)[C@@H](C)NC(=O)[C@H](Cc2ccccc2)NC(=O)[C@@H](CC(C)C)NC(=O)[C@@H](C(C)C)NC(=O)[C@H](Cc2ccccc2)NC1=O,-5.15,training
CC[C@@H](C)[C@H]1NC(=O)[C@@H](CCCNC(=N)N)NC(=O)[C@@H](C)NC(=O)[C@H](Cc2ccccc2)NC(=O)[C@@H](CC(C)C)NC(=O)[C@@H](C(C)C)NC(=O)[C@H](Cc2ccccc2)NC1=O,-5.15,training
CC(C)C[C@@H]1NC(=O)[C@H](C)NC(=O)[C@H](Cc2ccccc2)NCc2ccc(o2)CNC1=O,-5.37675071,training
CC[C@H](C)[C@@H]1NC(=O)[C@H](CC(C)C)N(C)C(=O)C[C@@H](C)NC(=O)[C@H](CC(C)C)N(C)C(=O)C2(CCCC2)NC(=O)[C@@H]2CCCN2C(=O)[C@H](CCc2ccc(C(F)(F)F)cc2)NC(=O)CN(C)C(=O)[C@H](Cc2ccc(Cl)cc2)N(C)C(=O)CN(C)C(=O)CN(C)C1=O,-6.408935393,training
CC[C@H](C)[C@@H]1NC(=O)[C@H](CC(C)C)N(C)C(=O)C[C@@H](C)NC(=O)[C@H](CC(C)C)N(C)C(=O)C2(CCCC2)NC(=O)[C@@H]2CCCN2C(=O)[C@H](CCc2ccc(C(F)(F)F)cc2)NC(=O)CN(C)C(=O)[C@H](CC2CCCCC2)N(C)C(=O)CN(C)C(=O)CN(C)C1=O,-6.080921908,training
CC[C@H](C)[C@@H]1NC(=O)[C@H](CC(C)C)N(C)C(=O)C[C@@H](C)NC(=O)[C@H](CC(C)C)N(C)C(=O)C2(CCCC2)NC(=O)[C@@H]2CCCN2C(=O)[C@H](CCc2cc(F)c(C(F)(F)F)c(F)c2)NC(=O)CN(C)C(=O)[C@H](CC2CCCCC2)N(C)C(=O)CN(C)C(=O)CN(C)C1=O,-6.508638306,training
CC[C@H](C)[C@@H]1NC(=O)[C@H](CC(C)C)N(C)C(=O)C[C@@H](C)NC(=O)[C@H](CC(C)C)N(C)C(=O)C2(CCCC2)NC(=O)[C@@H]2CCCN2C(=O)[C@H](CCc2ccc(C(C)(C)C)cc2)NC(=O)CN(C)C(=O)[C@H](CC2CCCCC2)N(C)C(=O)CN(C)C(=O)CN(C)C1=O,-6.455931956,training
CC[C@H](C)[C@@H]1NC(=O)[C@H](CC(C)C)N(C)C(=O)C[C@@H](C)NC(=O)[C@H](C(C)C)N(C)C(=O)C2(CCCC2)NC(=O)[C@@H]2CCCN2C(=O)[C@H](CCc2ccc(Cl)c(Cl)c2)NC(=O)CN(C)C(=O)[C@H](CC2CCCCC2)N(C)C(=O)CN(C)C(=O)CN(C)C1=O,-6.13076828,training
CC[C@H](C)[C@@H]1NC(=O)[C@H](CC(C)C)N(C)C(=O)C[C@@H](C)NC(=O)[C@H](C(C)C)N(C)C(=O)C2(CCCC2)NC(=O)[C@@H]2CCCN2C(=O)[C@H](CCc2ccc(C(F)(F)F)c(Cl)c2)NC(=O)CN(C)C(=O)[C@H](Cc2ccc(C)cc2)N(C)C(=O)[C@@H]2CCN2C(=O)[C@H](C)N(C)C1=O,-5.777283529,training
CC(C)C[C@@H]1NC(=O)[C@H](Cc2cc3ccccc3[nH]2)NC(=O)[C@@H]2CCCN2C(=O)[C@@H](CC(C)C)NC(=O)[C@@H](CC(C)C)NC(=O)[C@@H](CC(C)C)NC1=O,-5.02,valid
CC(C)C[C@@H]1NC(=O)[C@H](Cc2cc3ccccc3[nH]2)NC(=O)[C@@H]2CCCN2C(=O)[C@H]2CCCN2C(=O)[C@@H](CC(C)C)NC(=O)[C@H](CC(C)C)NC1=O,-6.68,valid
CC(C)C[C@@H]1NC(=O)[C@@H](CC(C)C)NC(=O)[C@@H](CC(C)C)NC(=O)[C@@H](CC(C)C)NC(=O)[C@H](Cc2cc3ccccc3[nH]2)NC(=O)[C@@H]2CCCN2C1=O,-6.44,valid
CC(C)C[C@@H]1NC(=O)[C@@H](CC(C)C)NC(=O)[C@@H](CC(C)C)NC(=O)[C@H](Cc2cc3ccccc3[nH]2)NC(=O)[C@@H]2CCCN2C(=O)[C@@H](CC(C)C)NC1=O,-4.76,valid
CC(C)C[C@@H]1NC(=O)[C@H](Cc2cc3ccccc3[nH]2)NC(=O)[C@H]2CCCN2C(=O)[C@H](CC(C)C)NC(=O)[C@H](CC(C)C)NC(=O)[C@@H](CC(C)C)NC1=O,-5.23,valid
CC(C)C[C@@H]1NC(=O)[C@@H](CC(C)C)NC(=O)[C@H]2CCCN2C(=O)[C@H](CC(C)C)NC(=O)[C@@H](CC(C)C)NC(=O)[C@H](CC(C)C)NC(=O)[C@@H]2CCCN2C(=O)[C@@H](C)NC1=O,-4.63,valid
CC[C@@H](C)[C@H]1NC(=O)[C@@H](CC(C)C)NC(=O)C(C)(C)NC(=O)[C@@H]2CCCN2C(=O)[C@@H]([C@H](C)CC)NC(=O)[C@@H](CC(C)C)NC(=O)C(C)(C)NC(=O)[C@@H]2CCCN2C1=O,-4.93,valid
CC(C)C[C@@H]1NC(=O)[C@@H](CC(C)C)NC(=O)[C@H](CC(C)C)NC(=O)[C@@H](CC(C)C)NC(=O)[C@H]2CCCN2C(=O)[C@H](CC(C)C)NC1=O,-5.58,valid
CC(C)C[C@@H]1NC(=O)[C@@H](CC(C)C)NC(=O)[C@H](CC(C)C)NC(=O)[C@@H](CCC(=O)N2CCCC2)NC(=O)[C@H]2CCCN2C(=O)[C@H](CC(C)C)NC1=O,-6.41,valid
CC(C)C[C@@H]1NC(=O)[C@@H](CC(C)C)NC(=O)[C@H](CCC(=O)N2CCCC2)NC(=O)[C@@H](CC(C)C)NC(=O)[C@H]2CCCN2C(=O)[C@H](CC(C)C)NC1=O,-7.15,valid
CC(C)C[C@@H]1NC(=O)[C@@H](CCC(=O)N2CCCC2)NC(=O)[C@H](CC(C)C)NC(=O)[C@@H](CC(C)C)NC(=O)[C@H]2CCCN2C(=O)[C@H](CC(C)C)NC1=O,-6.77,valid
CC(C)C[C@@H]1NC(=O)[C@@H](CC(C)C)NC(=O)[C@H]2CCCN2C(=O)[C@H](CC(C)C)NC(=O)[C@H](CCC(=O)N2CCCC2)NC(=O)[C@@H](CC(C)C)NC1=O,-6.7,valid
CC(C)C[C@@H]1NC(=O)[C@H](Cc2ccccc2)N(C)C(=O)[C@H](COC(C)(C)C)NC(=O)[C@H](Cc2ccccc2)N(C)C(=O)[C@H](C)N(C)C(=O)[C@H](CC(C)C)N(C)C(=O)[C@@H]2CCCN2C(=O)C[C@@H](C(=O)N2CCCCC2)NC(=O)[C@H](Cc2ccccc2)N(C)C(=O)[C@H]([C@@H](C)O)NC(=O)[C@H](CC(C)C)N(C)C1=O,-5.92,valid
CC(C)C[C@H]1C(=O)N[C@@H](C(C)C)C(=O)N(C)[C@@H](Cc2ccccc2)C(=O)N(C)[C@@H](Cc2ccccc2)C(=O)N[C@@H](COC(C)(C)C)C(=O)N(C)[C@@H](CC(C)C)C(=O)N[C@@H]([C@@H](C)O)C(=O)N(C)[C@@H](Cc2ccccc2)C(=O)N(C)[C@@H](CC(C)C)C(=O)N[C@H](C(=O)N2CCCCC2)CC(=O)N(C)CCCC(=O)N1C,-5.92,valid
CC(C)C[C@H]1C(=O)NCC(=O)N[C@H](C(=O)N2CCCCC2)CC(=O)N(C)[C@@H](C)C(=O)N[C@@H]([C@@H](C)O)C(=O)N(C)[C@@H](C)C(=O)N(C)[C@@H](Cc2ccccc2)C(=O)N[C@@H](COC(C)(C)C)C(=O)N(C)[C@@H](Cc2ccccc2)C(=O)N1C,-7.16,valid
CC[C@H](C)[C@H]1C(=O)N[C@@H]([C@@H](C)O)C(=O)N(C)[C@@H](C)C(=O)N(C)[C@@H](CC(C)C)C(=O)N[C@H](C(=O)N2CCCCC2)CC(=O)N(C)CCC(=O)N(C)[C@@H](CC(C)C)C(=O)N[C@@H](CC(C)C)C(=O)N(C)[C@@H](Cc2ccccc2)C(=O)N[C@@H](COC(C)(C)C)C(=O)N(C)[C@@H](Cc2ccccc2)C(=O)N1C,-5.6,valid
CC[C@H](C)[C@@H]1NC(=O)[C@H](CC(C)C)N(C)C(=O)CCCN(C)C(=O)C[C@@H](C(=O)N2CCCCC2)NC(=O)[C@H](CC(C)C)N(C)C(=O)[C@H](C)N(C)C(=O)[C@H]([C@@H](C)O)NC(=O)[C@H](CC(C)C)N(C)C(=O)[C@H](COC(C)(C)C)NC(=O)[C@H](Cc2ccccc2)N(C)C(=O)[C@H](Cc2ccccc2)N(C)C1=O,-5.55,valid
CC(C)C[C@@H]1NC(=O)[C@H](CC(C)C)N(C)C(=O)[C@H](Cc2ccccc2)N(C)C(=O)CNC(=O)[C@H]([C@@H](C)O)NC(=O)[C@H](CC(C)C)N(C)C(=O)[C@H](Cc2ccccc2)NC(=O)[C@@H](C)N(C)C(=O)C[C@@H](C(=O)N2CCCCC2)NC(=O)[C@H](COC(C)(C)C)NC1=O,-7.08,valid
CC(C)C[C@H]1C(=O)N[C@@H](COC(C)(C)C)C(=O)N[C@H](C(=O)N2CCCCC2)CC(=O)N(C)[C@H](C)C(=O)N(C)[C@@H](C)C(=O)N(C)[C@@H](Cc2ccccc2)C(=O)N(C)[C@@H](CC(C)C)C(=O)N[C@@H]([C@@H](C)O)C(=O)N(C)[C@@H](C)C(=O)N1C,-6.44,valid
CC(C)C[C@H]1C(=O)N[C@@H](COC(C)(C)C)C(=O)N[C@H](C(=O)N2CCCCC2)CC(=O)N(C)CC(=O)N(C)[C@@H](Cc2ccccc2)C(=O)N(C)[C@@H](C)C(=O)N(C)[C@@H](CC(C)C)C(=O)N[C@@H]([C@@H](C)O)C(=O)N(C)[C@@H](C)C(=O)N1C,-6.82,valid
CC(C)C[C@H]1C(=O)N[C@@H](COC(C)(C)C)C(=O)N[C@H](C(=O)N2CCCCC2)CC(=O)N(C)[C@@H](C)C(=O)N(C)[C@@H](C)C(=O)N(C)[C@@H](Cc2ccccc2)C(=O)N(C)[C@@H](CC(C)C)C(=O)N[C@@H]([C@@H](C)O)C(=O)N(C)[C@@H](C)C(=O)N1C,-6.64,valid
CC(C)C[C@H]1C(=O)N[C@@H](COC(C)(C)C)C(=O)N[C@H](C(=O)N2CCCCC2)CC(=O)N(C)CCC(=O)N(C)[C@@H](C)C(=O)N(C)[C@@H](Cc2ccccc2)C(=O)N(C)[C@@H](CC(C)C)C(=O)N[C@@H]([C@@H](C)O)C(=O)N(C)[C@@H](C)C(=O)N1C,-7.25,valid
CC(C)C[C@@H]1NC(=O)[C@H](Cc2ccccc2)N(C)C(=O)CNC(=O)[C@H]([C@@H](C)O)NC(=O)[C@H](CC(C)C)N(C)C(=O)[C@H](COC(C)(C)C)NC(=O)[C@H](C)N(C)C(=O)C[C@@H](C(=O)N2CCCCC2)NC(=O)[C@H](Cc2ccccc2)NC(=O)[C@H](CC(C)C)N(C)C1=O,-6.55,valid
CC(C)C[C@H]1C(=O)N(C)[C@@H](Cc2ccccc2)C(=O)N[C@H](C(=O)N2CCCCC2)CC(=O)N(C)CC(=O)N[C@@H]([C@@H](C)O)C(=O)N(C)[C@@H](C)C(=O)N[C@@H](COC(C)(C)C)C(=O)N(C)[C@@H](Cc2ccccc2)C(=O)N1C,-7.23,valid
CC(C)C[C@H]1C(=O)N[C@H](C(=O)N2CCCCC2)CC(=O)N(C)[C@H](C)C(=O)N(C)[C@@H](Cc2ccccc2)C(=O)N(C)[C@@H](CC(C)C)C(=O)N[C@@H]([C@@H](C)O)C(=O)N(C)CC(=O)N[C@@H](COC(C)(C)C)C(=O)N1C,-7.07,valid
CC(C)C[C@H]1C(=O)N[C@H](C(=O)N2CCCCC2)CC(=O)N(C)[C@H](C)C(=O)N(C)[C@@H](Cc2ccccc2)C(=O)N(C)[C@@H](CC(C)C)C(=O)N[C@@H]([C@@H](C)O)C(=O)N(C)[C@@H](C)C(=O)N[C@@H](COC(C)(C)C)C(=O)N1C,-6.72,valid
CC(C)C[C@H]1C(=O)N[C@H](C(=O)N2CCCCC2)CC(=O)N(C)[C@H](C)C(=O)N(C)[C@@H](Cc2ccccc2)C(=O)N(C)[C@@H](CC(C)C)C(=O)N[C@@H]([C@@H](C)O)C(=O)N(C)[C@@H](CC(C)C)C(=O)N[C@@H](COC(C)(C)C)C(=O)N1C,-5.8,valid
CC(C)C[C@@H]1NC(=O)[C@H]([C@@H](C)O)NC(=O)[C@H](CC(C)C)N(C)C(=O)[C@H](Cc2ccccc2)N(C)C(=O)[C@H](C)N(C)C(=O)C[C@@H](C(=O)N2CCCCC2)NC(=O)[C@H](COC(C)(C)C)NC(=O)[C@H](CC(C)C)N(C)C1=O,-5.89,valid
CC(C)C[C@@H]1NC(=O)[C@H](CC(C)C)N(C)C(=O)[C@H](COC(C)(C)C)NC(=O)[C@H](Cc2ccccc2)N(C)C(=O)[C@H](C)N(C)C(=O)C[C@@H](C(=O)N2CCCCC2)NC(=O)[C@H](CC(C)C)N(C)C(=O)[C@H]([C@@H](C)O)NC1=O,-5.59,valid
CC(C)C[C@H]1C(=O)N(C)[C@@H](CC(C)C)C(=O)N[C@@H]([C@@H](C)O)C(=O)N(C)[C@@H](Cc2ccccc2)C(=O)N[C@@H](COC(C)(C)C)C(=O)N(C)[C@@H](CC(C)C)C(=O)N[C@H](C(=O)N2CCCCC2)CC(=O)N(C)CCC(=O)N1C,-5.54,valid
CC(C)C[C@H]1C(=O)N[C@@H](Cc2ccccc2)C(=O)N(C)[C@@H](Cc2ccccc2)C(=O)N(C)[C@@H](Cc2ccccc2)C(=O)N[C@@H](COC(C)(C)C)C(=O)N(C)[C@@H](CC(C)C)C(=O)N[C@@H]([C@@H](C)O)C(=O)N(C)[C@@H](C)C(=O)N(C)[C@@H](CC(C)C)C(=O)N[C@H](C(=O)N2CCCCC2)CC(=O)N(C)CCCC(=O)N1C,-6.06,valid
CC(C)C[C@H]1C(=O)N(C)[C@@H](CC(C)C)C(=O)N[C@@H]([C@@H](C)O)C(=O)N(C)[C@@H](Cc2ccccc2)C(=O)NCC(=O)N(C)[C@@H](C(C)C)C(=O)N[C@@H](Cc2ccccc2)C(=O)N[C@H](C(=O)N2CCCCC2)CC(=O)N(C)CCC(=O)N[C@@H](COC(C)(C)C)C(=O)N1C,-6.37,valid
CC(C)NCCCC[C@@H]1NC(=O)[C@H](Cc2ccccc2)NC(=O)[C@H](Cc2ccc(O)cc2)NC(=O)[C@H](CO)NC(=O)[C@H](C)NC1=O,-5.8,valid
CC(C)NCCCC[C@@H]1NC(=O)[C@H](Cc2ccccc2)NC(=O)[C@H](Cc2ccc(O)cc2)NC(=O)[C@H](COC(C)(C)C)NC(=O)[C@H](C)NC1=O,-6.96,valid
CC(C)CN1CC(=O)NCCCCCCN[C@@H](Cc2ccccc2)C(=O)N[C@@H](C)C1=O,-3.99,valid
CC(C)C[C@@H]1NC(=O)[C@H](C)NC(=O)CN(Cc2ccccc2)CCCCCCNC1=O,-4.13,valid
CC(C)C[C@@H]1NC(=O)[C@H](C)NC(=O)CCCCNC(=O)CN(Cc2ccccc2)C1=O,-4.74,valid
CC(C)CN1CC(=O)N[C@@H](Cc2ccccc2)C(=O)NCCCCC(=O)N[C@@H](C)C1=O,-5.54,valid
CC(C)C[C@@H]1NC(=O)[C@H](C)NC(=O)[C@H](C)CCCNC(=O)CN(Cc2ccccc2)C1=O,-5.05,valid
CC(C)C[C@@H]1NC(=O)[C@H](C)NC(=O)[C@@H](C)CCCNC(=O)CN(Cc2ccccc2)C1=O,-4.75,valid
CC(C)CN1CC(=O)N[C@@H](Cc2ccccc2)C(=O)NCCC[C@@H](C)C(=O)N[C@@H](C)C1=O,-4.94,valid
CC(C)CN1CC(=O)N[C@@H](Cc2ccccc2)C(=O)NCCC[C@H](C)C(=O)N[C@@H](C)C1=O,-4.48,valid
CC(C)C[C@@H]1NC(=O)[C@H](C)NC(=O)C[C@H](C)CCNC(=O)CN(Cc2ccccc2)C1=O,-5.0,valid
CC(C)C[C@@H]1NC(=O)[C@H](C)NC(=O)C[C@@H](C)CCNC(=O)CN(Cc2ccccc2)C1=O,-5.0,valid
CC(C)CN1CC(=O)N[C@@H](Cc2ccccc2)C(=O)NCC[C@@H](C)CC(=O)N[C@@H](C)C1=O,-4.45,valid
CC(C)CN1CC(=O)N[C@@H](Cc2ccccc2)C(=O)NCC[C@H](C)CC(=O)N[C@@H](C)C1=O,-4.57,valid
CC(C)C[C@@H]1NC(=O)[C@H](C)NC(=O)CC[C@@H](C)CNC(=O)CN(Cc2ccccc2)C1=O,-4.67,valid
CC(C)C[C@@H]1NC(=O)[C@H](C)NC(=O)CC[C@H](C)CNC(=O)CN(Cc2ccccc2)C1=O,-4.81,valid
CC(C)CN1CC(=O)N[C@@H](Cc2ccccc2)C(=O)NC[C@H](C)CCC(=O)N[C@@H](C)C1=O,-4.8,valid
CC(C)CN1CC(=O)N[C@@H](Cc2ccccc2)C(=O)NC[C@@H](C)CCC(=O)N[C@@H](C)C1=O,-4.69,valid
CC(C)C[C@@H]1NC(=O)[C@H](C)NC(=O)CCC[C@@H](C)NC(=O)CN(Cc2ccccc2)C1=O,-4.99,valid
CC(C)C[C@@H]1NC(=O)[C@H](C)NC(=O)CCC[C@H](C)NC(=O)CN(Cc2ccccc2)C1=O,-5.24,valid
CC(C)CN1CC(=O)N[C@@H](Cc2ccccc2)C(=O)N[C@H](C)CCCC(=O)N[C@@H](C)C1=O,-4.53,valid
CC(C)CN1CC(=O)N[C@@H](Cc2ccccc2)C(=O)N[C@@H](C)CCCC(=O)N[C@@H](C)C1=O,-5.22,valid
CC[C@H](C)[C@H]1C(=O)N(C)[C@@H](CC(C)C)C(=O)NCC(=O)N(C)[C@@H](C)C(=O)N[C@@H](Cc2ccccc2)C(=O)N[C@@H]([C@@H](C)O)C(=O)N(C)[C@@H](CC(C)C)C(=O)N[C@@H](Cc2ccccc2)C(=O)N(C)[C@@H](C(C)C)C(=O)N[C@H](C(=O)N2CCCCC2)CC(=O)N[C@@H](C)C(=O)N[C@@H](CC(C)C)C(=O)N1C,-6.77,valid
CC[C@H](C)[C@H]1C(=O)NCC(=O)N(C)[C@@H](Cc2ccccc2)C(=O)N[C@@H]([C@@H](C)O)C(=O)N(C)[C@@H](C)C(=O)N[C@@H](CC(C)C)C(=O)N[C@H](C(=O)N2CCCCC2)CC(=O)N(C)CCC(=O)N(C)[C@@H](C)C(=O)N[C@@H](Cc2ccccc2)C(=O)N[C@@H](C(C)C)C(=O)N(C)[C@@H](CC(C)C)C(=O)N1C,-7.59,valid
CC[C@H](C)[C@@H]1NC(=O)[C@H](C)N(C)C(=O)[C@H]([C@@H](C)O)NC(=O)[C@H](Cc2ccccc2)N(C)C(=O)CNC(=O)[C@H](CC(C)C)N(C)C(=O)[C@H](C(C)C)NC(=O)[C@H](CC(C)C)N(C)C(=O)[C@H](Cc2ccccc2)NC(=O)[C@H](C)N(C)C(=O)CCCN(C)C(=O)C[C@@H](C(=O)N2CCCCC2)NC1=O,-7.42,valid
CC(C)C[C@@H]1NC(=O)[C@H]([C@@H](C)O)NC(=O)[C@H](CC(C)C)NC(=O)[C@H](CC(C)C)N(C)C(=O)[C@H](Cc2ccccc2)NC(=O)[C@H](Cc2ccccc2)NC(=O)[C@H](C)N(C)C(=O)C[C@@H](C(=O)N2CCCCC2)NC(=O)[C@H](Cc2ccccc2)N(C)C(=O)CNC1=O,-7.34,valid
CC[C@H](C)[C@H]1C(=O)N[C@@H](CC(C)C)C(=O)NCC(=O)N(C)[C@@H](CC(C)C)C(=O)N[C@@H](Cc2ccccc2)C(=O)N[C@@H]([C@@H](C)O)C(=O)N(C)[C@@H](C)C(=O)N[C@H](C(=O)N2CCCCC2)CC(=O)N(C)[C@@H](C)C(=O)N[C@@H](Cc2ccccc2)C(=O)N(C)[C@@H](C(C)C)C(=O)N[C@@H](CC(C)C)C(=O)N1C,-7.74,valid
CC[C@H](C)[C@H]1C(=O)NCC(=O)N(C)[C@@H](Cc2ccccc2)C(=O)N[C@@H]([C@@H](C)O)C(=O)N(C)[C@@H](C)C(=O)N[C@@H](CC(C)C)C(=O)N[C@H](C(=O)N2CCCCC2)CC(=O)N(C)[C@H](C)C(=O)N(C)[C@@H](C)C(=O)N[C@@H](Cc2ccccc2)C(=O)N(C)[C@@H](CC(C)C)C(=O)N[C@@H](C(C)C)C(=O)N1C,-7.62,valid
CC[C@H](C)[C@@H]1NC(=O)[C@H](Cc2ccccc2)NC(=O)[C@H](C(C)C)N(C)C(=O)CN(C)C(=O)C[C@@H](C(=O)N2CCCCC2)NC(=O)[C@H]([C@@H](C)O)NC(=O)[C@H](CC(C)C)N(C)C(=O)[C@H](Cc2ccccc2)NC(=O)[C@H](CC(C)C)N(C)C(=O)CNC(=O)[C@H](CC(C)C)NC(=O)[C@H](C)N(C)C1=O,-7.19,valid
CC[C@H](C)[C@@H]1NC(=O)[C@H](Cc2ccccc2)N(C)C(=O)[C@H](C)N(C)C(=O)[C@H]([C@@H](C)O)NC(=O)[C@@H](C)N(C)C(=O)C[C@@H](C(=O)N2CCCCC2)NC(=O)[C@H](CC(C)C)N(C)C(=O)[C@H](C)N(C)C(=O)[C@H](Cc2ccccc2)NC(=O)[C@H](C(C)C)N(C)C(=O)[C@@H]2CCCN2C1=O,-7.14,valid
CC[C@H](C)[C@H]1C(=O)N[C@H](C(=O)N2CCCCC2)CC(=O)N[C@H](C(C)C)C(=O)N[C@@H](CC(C)C)C(=O)N(C)[C@@H](Cc2ccccc2)C(=O)N[C@@H]([C@@H](C)O)C(=O)N(C)[C@@H](C)C(=O)N[C@@H](C(C)C)C(=O)N[C@@H](Cc2ccccc2)C(=O)N(C)[C@@H](CC(C)C)C(=O)N[C@@H](CC(C)C)C(=O)NCC(=O)N1C,-7.64,valid
CC[C@H](C)[C@H]1C(=O)N[C@H](C(=O)N2CCCCC2)CC(=O)N(C)[C@H](C)C(=O)N(C)[C@@H](C(C)C)C(=O)N[C@@H](Cc2ccccc2)C(=O)N[C@@H](CC(C)C)C(=O)N(C)[C@@H](C)C(=O)N[C@@H]([C@@H](C)O)C(=O)N[C@@H](Cc2ccccc2)C(=O)N(C)[C@@H](CC(C)C)C(=O)N[C@@H](CC(C)C)C(=O)NCC(=O)N1C,-7.6,valid
CC[C@H](C)[C@@H]1NC(=O)[C@H](Cc2ccccc2)N(C)C(=O)[C@H]([C@@H](C)O)NC(=O)[C@H](C(C)C)N(C)C(=O)[C@H](CC(C)C)NC(=O)[C@H](CC(C)C)N(C)C(=O)CCN(C)C(=O)C[C@@H](C(=O)N2CCCCC2)NC(=O)[C@H](C)NC(=O)[C@H](C)N(C)C(=O)[C@H](Cc2ccccc2)NC1=O,-7.19,valid
CC[C@H](C)[C@@H]1NC(=O)[C@H](Cc2ccccc2)NC(=O)[C@H](C(C)C)N(C)C(=O)CCCN(C)C(=O)C[C@@H](C(=O)N2CCCCC2)NC(=O)[C@H](Cc2ccccc2)NC(=O)[C@H](CC(C)C)N(C)C(=O)CNC(=O)[C@H](CC(C)C)N(C)C(=O)[C@H](C)N(C)C(=O)[C@H]([C@@H](C)O)NC(=O)[C@H](CC(C)C)NC1=O,-7.49,valid
CC[C@H](C)[C@@H]1NC(=O)[C@H](Cc2ccccc2)N(C)C(=O)[C@H](Cc2ccccc2)NC(=O)[C@H]([C@@H](C)O)NC(=O)[C@H](C(C)C)N(C)C(=O)[C@H](CC(C)C)NC(=O)[C@H](CC(C)C)N(C)C(=O)CCCN(C)C(=O)C[C@@H](C(=O)N2CCCCC2)NC(=O)[C@H](C)NC(=O)[C@H](C)N(C)C1=O,-6.96,valid
CC[C@H](C)[C@@H]1NC(=O)[C@H](CC(C)C)N(C)C(=O)[C@H](Cc2ccccc2)NC(=O)[C@H](CC(C)C)N(C)C(=O)[C@H](CC(C)C)NC(=O)[C@H](Cc2ccccc2)NC(=O)[C@H]([C@@H](C)O)NC(=O)[C@H](C)N(C)C(=O)[C@H](CC(C)C)NC(=O)CCN(C)C(=O)C[C@@H](C(=O)N2CCCCC2)NC1=O,-7.08,valid
CC[C@H](C)[C@@H]1NC(=O)[C@H](Cc2ccccc2)NC(=O)[C@H](C)N(C)C(=O)C[C@@H](C(=O)N2CCCCC2)NC(=O)[C@H](CC(C)C)NC(=O)[C@H](Cc2ccccc2)NC(=O)[C@H](Cc2ccccc2)N(C)C(=O)[C@H](CC(C)C)NC(=O)[C@H]([C@@H](C)O)NC(=O)[C@H](CC(C)C)N(C)C1=O,-8.06,valid
CC[C@H](C)[C@@H]1NC(=O)[C@H](Cc2ccccc2)N(C)C(=O)[C@H](CC(C)C)N(C)C(=O)[C@H](Cc2ccccc2)NC(=O)[C@H]([C@@H](C)O)NC(=O)[C@H](CC(C)C)N(C)C(=O)[C@H](CC(C)C)NC(=O)CCN(C)C(=O)C[C@@H](C(=O)N2CCCCC2)NC(=O)[C@H](CC(C)C)N(C)C1=O,-6.35,valid
CC[C@H](C)[C@@H]1NC(=O)[C@H](Cc2ccccc2)NC(=O)[C@@H](C)N(C)C(=O)C[C@@H](C(=O)N2CCCCC2)NC(=O)[C@H](Cc2ccccc2)N(C)C(=O)[C@H](Cc2ccccc2)NC(=O)[C@H](CC(C)C)NC(=O)[C@H]([C@@H](C)O)NC(=O)[C@H](CC(C)C)NC(=O)[C@H](CC(C)C)N(C)C1=O,-7.03,valid
CC[C@H](C)[C@@H]1NC(=O)[C@H](Cc2ccccc2)N(C)C(=O)[C@H](CC(C)C)N(C)C(=O)[C@H](Cc2ccccc2)NC(=O)[C@H](C)N(C)C(=O)[C@H]([C@@H](C)O)NC(=O)CCN(C)C(=O)C[C@@H](C(=O)N2CCCCC2)NC(=O)[C@H](CC(C)C)N(C)C(=O)[C@H](C(C)C)N(C)C1=O,-6.44,valid
CC[C@H](C)[C@@H]1NC(=O)[C@H](CC(C)C)N(C)C(=O)[C@H](Cc2ccccc2)NC(=O)[C@H]([C@@H](C)O)NC(=O)[C@H](CC(C)C)N(C)C(=O)[C@H](C(C)C)N(C)C(=O)[C@@H](C)N(C)C(=O)C[C@@H](C(=O)N2CCCCC2)NC(=O)[C@H](CC(C)C)NC(=O)[C@H](Cc2ccccc2)N(C)C1=O,-5.46,valid
CC(C)C[C@@H]1NC(=O)[C@H](Cc2ccccc2)NC(=O)[C@H](CC(C)C)N(C)C(=O)[C@H](Cc2ccccc2)NC(=O)[C@@H](C)N(C)C(=O)C[C@@H](C(=O)N2CCCCC2)NC(=O)[C@H](Cc2ccccc2)N(C)C(=O)CNC(=O)[C@H]([C@@H](C)O)NC(=O)[C@H](CC(C)C)NC1=O,-7.4,valid
CC[C@H](C)[C@H]1C(=O)N[C@@H](C)C(=O)N[C@H](C(=O)N2CCCCC2)CC(=O)N(C)[C@@H](C)C(=O)N[C@@H]([C@@H](C)O)C(=O)N(C)[C@@H](Cc2ccccc2)C(=O)N[C@@H](CC(C)C)C(=O)N2CCC[C@H]2C(=O)N(C)[C@@H](C(C)C)C(=O)N[C@@H](Cc2ccccc2)C(=O)N(C)CC(=O)N(C)[C@@H](CC(C)C)C(=O)N1C,-7.27,valid
CC[C@H](C)[C@@H]1NC(=O)[C@H](CC(C)C)N(C)C(=O)[C@H](C(C)C)N(C)C(=O)[C@H](C)NC(=O)[C@H](C)N(C)C(=O)[C@H](Cc2ccccc2)NC(=O)[C@H]([C@@H](C)O)NC(=O)[C@H](CC(C)C)N(C)C(=O)[C@H](CC(C)C)N(C)C(=O)[C@H](C)N(C)C(=O)C[C@@H](C(=O)N2CCCCC2)NC1=O,-7.41,valid
CC[C@H](C)[C@@H]1NC(=O)[C@H](CC(C)C)N(C)C(=O)[C@H](C)NC(=O)[C@H](C)N(C)C(=O)C[C@@H](C(=O)N2CCCCC2)NC(=O)[C@H](C(C)C)N(C)C(=O)[C@H](Cc2ccccc2)N(C)C(=O)[C@H]([C@@H](C)O)NC(=O)[C@H](CC(C)C)N(C)C(=O)[C@H](Cc2ccccc2)NC1=O,-6.14,valid
CC[C@H](C)[C@H]1C(=O)N(C)[C@@H](Cc2ccccc2)C(=O)N(C)[C@@H](CC(C)C)C(=O)N[C@H](C(=O)N2CCCCC2)CC(=O)N(C)[C@H](C)C(=O)N(C)[C@@H](CC(C)C)C(=O)N[C@@H]([C@@H](C)O)C(=O)N(C)[C@@H](C)C(=O)N[C@@H](C)C(=O)N(C)[C@@H](Cc2ccccc2)C(=O)N[C@@H](CC(C)C)C(=O)N1C,-6.55,valid
CC[C@H](C)[C@@H]1NC(=O)[C@H](C)N(C)C(=O)[C@H]([C@@H](C)O)NC(=O)[C@H](C(C)C)N(C)C(=O)[C@H](CC(C)C)NC(=O)[C@H](CC(C)C)N(C)C(=O)CN(C)C(=O)C[C@@H](C(=O)N2CCCCC2)NC(=O)[C@H](C)NC(=O)[C@H](Cc2ccccc2)NC(=O)[C@H](Cc2ccccc2)N(C)C1=O,-7.66,valid
CC[C@H](C)[C@@H]1NC(=O)[C@H](C(C)C)N(C)C(=O)[C@H](Cc2ccccc2)N(C)C(=O)[C@H](Cc2ccccc2)NC(=O)[C@H](CC(C)C)N(C)C(=O)[C@H](C)N(C)C(=O)[C@H]([C@@H](C)O)NC(=O)[C@H](C)N(C)C(=O)C[C@@H](C(=O)N2CCCCC2)NC(=O)[C@H](CC(C)C)N(C)C1=O,-5.72,valid
CC[C@H](C)[C@@H]1NC(=O)[C@H](C(C)C)N(C)C(=O)[C@@H](C)N(C)C(=O)C[C@@H](C(=O)N2CCCCC2)NC(=O)[C@H](CC(C)C)NC(=O)[C@H](Cc2ccccc2)N(C)C(=O)[C@H](CC(C)C)N(C)C(=O)[C@H](Cc2ccccc2)NC(=O)[C@H]([C@@H](C)O)NC(=O)[C@H](CC(C)C)NC1=O,-6.92,valid
CC[C@H](C)[C@@H]1NC(=O)[C@H](C(C)C)N(C)C(=O)[C@H](C)N(C)C(=O)[C@H]([C@@H](C)O)NC(=O)[C@H](CC(C)C)N(C)C(=O)[C@H](Cc2ccccc2)NC(=O)[C@H](CC(C)C)N(C)C(=O)[C@@H](C)N(C)C(=O)C[C@@H](C(=O)N2CCCCC2)NC(=O)[C@H](C)NC(=O)[C@H](CC(C)C)N(C)C1=O,-6.48,valid
CC[C@H](C)[C@@H]1NC(=O)[C@H](Cc2ccccc2)N(C)C(=O)[C@H](CC(C)C)N(C)C(=O)[C@H](Cc2ccccc2)NC(=O)[C@H](C)N(C)C(=O)[C@H]([C@@H](C)O)NC(=O)[C@@H](C)N(C)C(=O)C[C@@H](C(=O)N2CCCCC2)NC(=O)[C@H](CC(C)C)N(C)C(=O)[C@H](C(C)C)N(C)C1=O,-5.42,valid
CC[C@H](C)[C@@H]1NC(=O)[C@H](C)N(C)C(=O)C[C@@H](C(=O)N2CCCCC2)NC(=O)[C@H](Cc2ccccc2)NC(=O)[C@H](CC(C)C)N(C)C(=O)[C@H](C(C)C)N(C)C(=O)[C@H](C)N(C)C(=O)[C@H]([C@@H](C)O)NC(=O)[C@H](Cc2ccccc2)N(C)C(=O)[C@H](C)N(C)C(=O)[C@H](CC(C)C)N(C)C1=O,-6.48,valid
CC[C@H](C)[C@@H]1NC(=O)[C@H](C(C)C)N(C)C(=O)[C@H](C)N(C)C(=O)C[C@@H](C(=O)N2CCCCC2)NC(=O)[C@H](CC(C)C)NC(=O)[C@H](Cc2ccccc2)N(C)C(=O)[C@H](CC(C)C)N(C)C(=O)[C@H](CC(C)C)NC(=O)[C@H]([C@@H](C)O)NC(=O)[C@H](Cc2ccccc2)NC1=O,-6.11,valid
CC[C@H](C)[C@H]1C(=O)NCC(=O)N(C)[C@@H](Cc2ccccc2)C(=O)N(C)[C@@H](Cc2ccccc2)C(=O)N(C)[C@@H](CC(C)C)C(=O)N(C)[C@@H](CC(C)C)C(=O)N[C@H](C(=O)N2CCCCC2)CC(=O)N(C)[C@H](C)C(=O)N[C@@H]([C@@H](C)O)C(=O)N(C)[C@@H](C)C(=O)N1C,-6.89,valid
CC[C@H](C)[C@H]1C(=O)N[C@@H](Cc2ccc(O)cc2)C(=O)N(C)CC(=O)N(C)[C@@H](CC(C)C)C(=O)N[C@H](C(=O)N2CCCCC2)CC(=O)N(C)[C@@H](C)C(=O)N[C@@H](CC(C)C)C(=O)N(C)[C@@H](C)C(=O)N(C)[C@@H](Cc2ccccc2)C(=O)N[C@@H](C(C)C)C(=O)N(C)[C@@H](C)C(=O)N1C,-6.85,valid
CC[C@H](C)[C@@H]1NC(=O)[C@H](CC(C)C)N(C)C(=O)C[C@@H](C)NC(=O)[C@H](CC(C)C)N(C)C(=O)C2(CCCC2)NC(=O)[C@@H]2CCCN2C(=O)[C@H](CCc2ccc(C(F)(F)F)c(Cl)c2)NC(=O)CN(C)C(=O)[C@H](CC2CCCCC2)N(C)C(=O)CN(C)C(=O)CN(C)C1=O,-6.657577319,valid
CC[C@H](C)[C@@H]1NC(=O)[C@H](CC(C)C)N(C)C(=O)C[C@@H](C)NC(=O)[C@H](C(C)C)N(C)C(=O)C2(CCCC2)NC(=O)[C@@H]2CCCN2C(=O)[C@H](CCc2ccc(C(F)(F)F)c(Cl)c2)NC(=O)CN(C)C(=O)[C@H](CC2CCCCC2)N(C)C(=O)CN(C)C(=O)CN(C)C1=O,-6.13667714,valid
CC[C@H](C)[C@@H]1NC(=O)[C@H](CC(C)C)N(C)C(=O)C[C@@H](C)NC(=O)[C@H](C(C)C)N(C)C(=O)C2(CCCC2)NC(=O)[C@@H]2CCCN2C(=O)[C@H](CCc2ccc(C(F)(F)F)c(Cl)c2)NC(=O)CN(C)C(=O)[C@H](CC2CCCCC2)N(C)C(=O)CN(C)C(=O)[C@@H]2CCN2C1=O,-5.860120914,valid
CC[C@H](C)[C@@H]1NC(=O)[C@H](CC(C)C)N(C)C(=O)C[C@@H](C)NC(=O)[C@H](C(C)C)N(C)C(=O)C2(CCCC2)NC(=O)[C@@H]2CCCN2C(=O)[C@H](CCc2ccc(C(F)(F)F)c(Cl)c2)NC(=O)CN(C)C(=O)[C@H](CC2CCCCC2)N(C)C(=O)CN(C)C(=O)[C@@H]2CCCN2C1=O,-5.756961951,valid
CC[C@H](C)[C@@H]1NC(=O)[C@H](CC(C)C)N(C)C(=O)C[C@@H](C)NC(=O)[C@H](C(C)C)N(C)C(=O)C2(CCCC2)NC(=O)[C@@H]2CCCN2C(=O)[C@H](CCc2ccc(C(F)(F)F)c(Cl)c2)NC(=O)CN(C)C(=O)[C@H](CC2CCCCC2)N(C)C(=O)[C@@H]2CCN2C(=O)CN(C)C1=O,-6.004364805,valid
CC[C@H](C)[C@@H]1NC(=O)[C@H](CC(C)C)N(C)C(=O)C[C@@H](C)NC(=O)[C@H](C(C)C)N(C)C(=O)C2(CCCC2)NC(=O)[C@@H]2CCCN2C(=O)[C@H](CCc2ccc(C(F)(F)F)c(Cl)c2)NC(=O)CN(C)C(=O)[C@H](CC2CCCCC2)N(C)C(=O)[C@@H]2CCCN2C(=O)CN(C)C1=O,-5.804100348,valid
CC[C@H](C)[C@@H]1NC(=O)[C@H](CC(C)C)N(C)C(=O)C[C@@H](C(=O)N(C)C)N(C)C(=O)[C@H](C2CCCC2)N(C)C(=O)C2(CCCC2)NC(=O)[C@@H]2CCCN2C(=O)[C@H](CCc2ccc(C(F)(F)F)c(Cl)c2)NC(=O)CN(C)C(=O)[C@H](Cc2ccc(C)cc2)N(CC)C(=O)[C@@H]2CCN2C(=O)[C@H](C)N(C)C1=O,-5.616184634,valid
CC[C@H](C)[C@@H]1NC(=O)[C@H](CC(C)C)N(C)C(=O)C[C@@H](C(=O)N(C)C)N(C)C(=O)[C@H](C2CCCC2)N(C)C(=O)C2(CCCC2)NC(=O)[C@@H]2CCCN2C(=O)[C@H](CCc2cc(F)c(C(F)(F)F)c(F)c2)NC(=O)CN(C)C(=O)[C@H](Cc2ccc(C)cc2)N(CC)C(=O)[C@@H]2CCN2C(=O)[C@H](C)N(C)C1=O,-5.638272164,valid
CC[C@H](C)[C@@H]1NC(=O)[C@H](CC(C)C)N(C)C(=O)C[C@@H](C(=O)N(C)C)N(C)C(=O)[C@H](C2CCCC2)N(C)C(=O)C2(CCCC2)NC(=O)[C@@H]2CCCN2C(=O)[C@H](CCc2ccc(C(F)(F)F)c(Cl)c2)NC(=O)CN(C)C(=O)[C@H](CC2CCCCC2)N(C)C(=O)[C@@H]2CCN2C(=O)[C@H](C)N(C)C1=O,-5.583359493,valid
CC[C@H](C)[C@@H]1NC(=O)[C@H](C)N(C)C(=O)C[C@@H](C(=O)N2CCCCC2)N(C)C(=O)[C@H](C2CCCCC2)N(C)C(=O)C2(CCCC2)NC(=O)[C@@H]2CCCN2C(=O)[C@H](CCc2ccc(C(F)(F)F)c(Cl)c2)NC(=O)CN(C)C(=O)[C@H](CC2CCCCC2)N(C)C(=O)CN(C)C(=O)CN(C)C1=O,-6.251811973,valid
CCC[C@H]1C(=O)N[C@@H]([C@@H](C)CC)C(=O)N(C)CC(=O)N(C)CC(=O)N(C)[C@@H](CC2CCCCC2)C(=O)N(C)CC(=O)N[C@@H](CCc2ccc(C(F)(F)F)c(Cl)c2)C(=O)N2CCC[C@H]2C(=O)NC2(CCCC2)C(=O)N(C)[C@@H](C2CCCCC2)C(=O)N(C)[C@H](C(=O)N2CCCCC2)CC(=O)N1C,-6.070581074,valid
CC[C@H](C)[C@@H]1NC(=O)[C@H](C2CCCC2)N(C)C(=O)C[C@@H](C(=O)N2CCCCC2)N(C)C(=O)[C@H](C2CCCCC2)N(C)C(=O)C2(CCCC2)NC(=O)[C@@H]2CCCN2C(=O)[C@H](CCc2ccc(C(F)(F)F)c(Cl)c2)NC(=O)CN(C)C(=O)[C@H](CC2CCCCC2)N(C)C(=O)CN(C)C(=O)CN(C)C1=O,-6.207608311,valid
CC[C@H](C)[C@@H]1NC(=O)[C@H]([C@@H](C)O)N(C)C(=O)C[C@@H](C(=O)N2CCCCC2)N(C)C(=O)[C@H](C2CCCCC2)N(C)C(=O)C2(CCCC2)NC(=O)[C@@H]2CCCN2C(=O)[C@H](CCc2ccc(C(F)(F)F)c(Cl)c2)NC(=O)CN(C)C(=O)[C@H](CC2CCCCC2)N(C)C(=O)CN(C)C(=O)CN(C)C1=O,-6.823908741,valid
CC[C@H](C)[C@@H]1NC(=O)[C@H](CCOC)N(C)C(=O)C[C@@H](C(=O)N2CCCCC2)N(C)C(=O)[C@H](C2CCCCC2)N(C)C(=O)C2(CCCC2)NC(=O)[C@@H]2CCCN2C(=O)[C@H](CCc2ccc(C(F)(F)F)c(Cl)c2)NC(=O)CN(C)C(=O)[C@H](CC2CCCCC2)N(C)C(=O)CN(C)C(=O)CN(C)C1=O,-6.431798276,valid
CC[C@H](C)[C@@H]1NC(=O)[C@H](COC)N(C)C(=O)C[C@@H](C(=O)N2CCCCC2)N(C)C(=O)[C@H](C2CCCCC2)N(C)C(=O)C2(CCCC2)NC(=O)[C@@H]2CCCN2C(=O)[C@H](CCc2ccc(C(F)(F)F)c(Cl)c2)NC(=O)CN(C)C(=O)[C@H](CC2CCCCC2)N(C)C(=O)CN(C)C(=O)CN(C)C1=O,-6.408935393,valid
CC[C@H](C)[C@@H]1NC(=O)[C@H](CC2CCCCC2)N(C)C(=O)C[C@@H](C(=O)N2CCCCC2)N(C)C(=O)[C@H](C2CCCCC2)N(C)C(=O)C2(CCCC2)NC(=O)[C@@H]2CCCN2C(=O)[C@H](CCc2ccc(C(F)(F)F)c(Cl)c2)NC(=O)CN(C)C(=O)[C@H](CC2CCCCC2)N(C)C(=O)CN(C)C(=O)CN(C)C1=O,-6.698970004,valid
CC[C@H](C)[C@@H]1NC(=O)[C@H](CC(C)C)N(CC)C(=O)C[C@@H](C(=O)N2CCCCC2)N(C)C(=O)[C@H](C2CCCCC2)N(C)C(=O)C2(CCCC2)NC(=O)[C@@H]2CCCN2C(=O)[C@H](CCc2ccc(C(F)(F)F)c(Cl)c2)NC(=O)CN(C)C(=O)[C@H](CC2CCCCC2)N(C)C(=O)CN(C)C(=O)CN(C)C1=O,-6.537602002,valid
CC(C)C[C@H]1C(=O)N[C@@H](C2CCC2)C(=O)N(C)CC(=O)N(C)CC(=O)N(C)[C@@H](CC2CCCCC2)C(=O)N(C)CC(=O)N[C@@H](CCc2ccc(C(F)(F)F)c(Cl)c2)C(=O)N2CCC[C@H]2C(=O)NC2(CCCC2)C(=O)N(C)[C@@H](C(C)C)C(=O)N(C)[C@H](C(=O)N2CCCCC2)CC(=O)N1C,-6.040958608,valid
CC(C)C[C@H]1C(=O)N[C@@H](C2CCCC2)C(=O)N(C)CC(=O)N(C)CC(=O)N(C)[C@@H](CC2CCCCC2)C(=O)N(C)CC(=O)N[C@@H](CCc2ccc(C(F)(F)F)c(Cl)c2)C(=O)N2CCC[C@H]2C(=O)NC2(CCCC2)C(=O)N(C)[C@@H](C(C)C)C(=O)N(C)[C@H](C(=O)N2CCCCC2)CC(=O)N1C,-6.124938737,valid
CC(C)C[C@H]1C(=O)N[C@@H](C2CCCCC2)C(=O)N(C)CC(=O)N(C)CC(=O)N(C)[C@@H](CC2CCCCC2)C(=O)N(C)CC(=O)N[C@@H](CCc2ccc(C(F)(F)F)c(Cl)c2)C(=O)N2CCC[C@H]2C(=O)NC2(CCCC2)C(=O)N(C)[C@@H](C(C)C)C(=O)N(C)[C@H](C(=O)N2CCCCC2)CC(=O)N1C,-6.431798276,valid
CC(C)C[C@H]1C(=O)N[C@@H](C2CC2)C(=O)N(C)CC(=O)N(C)CC(=O)N(C)[C@@H](CC2CCCCC2)C(=O)N(C)CC(=O)N[C@@H](CCc2ccc(C(F)(F)F)c(Cl)c2)C(=O)N2CCC[C@H]2C(=O)NC2(CCCC2)C(=O)N(C)[C@@H](C(C)C)C(=O)N(C)[C@H](C(=O)N2CCCCC2)CC(=O)N1C,-6.337242168,valid
CC(C)C[C@H]1C(=O)N[C@@H](CC2CC2)C(=O)N(C)CC(=O)N(C)CC(=O)N(C)[C@@H](CC2CCCCC2)C(=O)N(C)CC(=O)N[C@@H](CCc2ccc(C(F)(F)F)c(Cl)c2)C(=O)N2CCC[C@H]2C(=O)NC2(CCCC2)C(=O)N(C)[C@@H](C(C)C)C(=O)N(C)[C@H](C(=O)N2CCCCC2)CC(=O)N1C,-6.468521083,valid
CC(C)C[C@H]1C(=O)N[C@@H](CC2CCC2)C(=O)N(C)CC(=O)N(C)CC(=O)N(C)[C@@H](CC2CCCCC2)C(=O)N(C)CC(=O)N[C@@H](CCc2ccc(C(F)(F)F)c(Cl)c2)C(=O)N2CCC[C@H]2C(=O)NC2(CCCC2)C(=O)N(C)[C@@H](C(C)C)C(=O)N(C)[C@H](C(=O)N2CCCCC2)CC(=O)N1C,-6.387216143,valid
CC(C)C[C@H]1C(=O)N[C@@H](CC2CCCC2)C(=O)N(C)CC(=O)N(C)CC(=O)N(C)[C@@H](CC2CCCCC2)C(=O)N(C)CC(=O)N[C@@H](CCc2ccc(C(F)(F)F)c(Cl)c2)C(=O)N2CCC[C@H]2C(=O)NC2(CCCC2)C(=O)N(C)[C@@H](C(C)C)C(=O)N(C)[C@H](C(=O)N2CCCCC2)CC(=O)N1C,-6.387216143,valid
CC(C)C[C@H]1C(=O)N[C@@H](CC2CCCCC2)C(=O)N(C)CC(=O)N(C)CC(=O)N(C)[C@@H](CC2CCCCC2)C(=O)N(C)CC(=O)N[C@@H](CCc2ccc(C(F)(F)F)c(Cl)c2)C(=O)N2CCC[C@H]2C(=O)NC2(CCCC2)C(=O)N(C)[C@@H](C(C)C)C(=O)N(C)[C@H](C(=O)N2CCCCC2)CC(=O)N1C,-6.48148606,valid
CCCN1CC(=O)N(C)[C@@H](CC(C)C)C(=O)N[C@@H](CC(C)C)C(=O)N(C)[C@@H](Cc2ccccc2)C(=O)N(C)[C@@H]([C@@H](C)CC)C(=O)N[C@H](C(=O)N2CCCCC2)CC(=O)N[C@H](CC(C)C)C(=O)N(C)[C@@H](Cc2ccccc2)C(=O)N[C@@H]([C@@H](C)O)C(=O)N(C)[C@@H](CC(C)C)C(=O)N[C@@H]([C@@H](C)O)C1=O,-6.42,valid
CCCN1CC(=O)N(C)[C@@H](CC(C)C)C(=O)N[C@@H]([C@@H](C)O)C(=O)N(C)[C@@H](Cc2ccccc2)C(=O)N(C)[C@@H](C(C)C)C(=O)N[C@H](C(=O)N2CCCCC2)CC(=O)N[C@H](CC(C)C)C(=O)N(C)[C@@H](Cc2ccccc2)C(=O)N[C@@H]([C@@H](C)CC)C(=O)N(C)[C@@H](CC(C)C)C(=O)N[C@@H]([C@@H](C)O)C1=O,-6.82,valid
CC(C)C[C@@H]1NC(=O)[C@H](CC(C)C)N(C)C(=O)[C@H](C(C)C)NC(=O)C[C@@H](C(=O)N2CCCCC2)NC(=O)[C@H](CC(C)C)N(C)C(=O)[C@H](Cc2ccccc2)N(C)C(=O)[C@H]([C@@H](C)O)NC(=O)[C@H](Cc2ccc(C(F)(F)F)cc2)NC(=O)[C@H](C)N(C)C1=O,-5.92,valid
CC(C)C[C@@H]1NC(=O)[C@H](Cc2ccccc2)N(C)C(=O)[C@H](CC(C)C)N(C)C(=O)[C@H](Cc2ccccc2)NC(=O)[C@H](C)NC(=O)C[C@@H](C(=O)N2CCCCC2)NC(=O)[C@H](Cc2ccccc2)N(C)C(=O)CN(C)C(=O)[C@H](Cc2ccccc2)NC(=O)[C@H](CC(C)C)N(C)C(=O)[C@H]([C@@H](C)O)NC1=O,-7.35,valid
CC(C)C[C@H]1NC(=O)C[C@@H](C(=O)N2CCCCC2)NC(=O)[C@H](CC(C)C)N(C)C(=O)[C@H](CC(C)C)N(C)C(=O)[C@H](Cc2ccc(OC(F)F)cc2)NC(=O)[C@H](C)N(C)C(=O)CN(C)C(=O)[C@H]([C@@H](C)O)NC(=O)[C@H](CC(C)C)N(C)C(=O)[C@H](C(C)C)NC(=O)[C@H](Cc2ccccc2)N(C)C1=O,-5.66,valid
CC(C)C[C@H]1C(=O)N(C)[C@@H](CC(C)C)C(=O)N(C)CC(=O)N(C)[C@@H](Cc2ccccc2)C(=O)N[C@@H](C)C(=O)N(C)[C@@H](Cc2ccccc2)C(=O)N(C)[C@@H](CC(C)C)C(=O)N[C@@H]([C@@H](C)O)C(=O)N[C@H](C(=O)N2CCCCC2)CC(=O)N[C@H](C(C)C)C(=O)N(C)[C@@H](C)C(=O)N1C,-7.2,valid
CC(C)C[C@@H]1NC(=O)[C@H](CC(C)C)N(C)C(=O)[C@@H](C(C)C)NC(=O)C[C@@H](C(=O)N2CCCCC2)NC(=O)[C@H](CC(C)C)N(C)C(=O)[C@H](Cc2ccccc2)N(C)C(=O)[C@H](C)N(C)C(=O)[C@H]([C@@H](C)O)NC(=O)[C@H](Cc2ccccc2)N(C)C1=O,-6.29,valid
CC(C)C[C@@H]1NC(=O)[C@H](Cc2ccccc2)N(C)C(=O)[C@@H](C(C)C)NC(=O)C[C@@H](C(=O)N2CCCCC2)NC(=O)[C@H](Cc2ccccc2)NC(=O)[C@H](CC(C)C)N(C)C(=O)[C@H]([C@@H](C)O)NC(=O)[C@H](CC(C)C)N(C)C1=O,-5.82,valid
CC(C)C[C@@H]1NC(=O)[C@H](Cc2ccccc2)N(C)C(=O)[C@@H](C(C)C)NC(=O)C[C@@H](C(=O)N2CCCCC2)NC(=O)[C@H](CC(C)C)N(C)C(=O)[C@H](CC(C)C)N(C)C(=O)[C@H](Cc2ccc(O)c(F)c2)NC(=O)[C@H](CC(C)C)N(C)C(=O)CN(C)C(=O)[C@H]([C@@H](C)O)NC(=O)[C@H](CC(C)C)N(C)C1=O,-6.77,valid
CC(C)C[C@H]1C(=O)N[C@@H](CCCc2ccccc2)C(=O)N(C)[C@@H](Cc2ccccc2)C(=O)N(C)[C@@H](C(C)C)C(=O)N[C@H](C(=O)N2CCCCC2)CC(=O)N[C@H](C)C(=O)N(C)[C@@H](Cc2ccccc2)C(=O)N[C@@H](C(C)C)C(=O)N(C)[C@@H](CC(C)C)C(=O)N[C@@H]([C@@H](C)O)C(=O)N(C)CC(=O)N1C,-6.0,valid
CC(C)C[C@@H]1NC(=O)[C@H](Cc2ccccc2)N(C)C(=O)[C@@H](C(C)C)NC(=O)C[C@@H](C(=O)N2CCCCC2)NC(=O)[C@H](Cc2ccccc2)N(C)C(=O)[C@H](Cc2ccccc2)N(C)C(=O)[C@H](C(C)C)NC(=O)[C@H](CC(C)C)N(C)C(=O)CN(C)C(=O)[C@H]([C@@H](C)O)NC(=O)[C@H](CC(C)C)N(C)C1=O,-5.96,valid
CC[C@H](C)[C@@H]1NC(=O)[C@H](CC(C)C)N(C)C(=O)CN(C)C(=O)[C@H]([C@@H](C)O)NC(=O)[C@H](Cc2ccccc2)N(C)C(=O)[C@H](CC(C)C)NC(=O)[C@H](Cc2ccccc2)N(C)C(=O)[C@@H](CC(C)C)NC(=O)C[C@@H](C(=O)N2CCCCC2)NC(=O)[C@H](CC(C)C)N(C)C(=O)[C@H](Cc2ccccc2)N(C)C1=O,-6.0,valid
CC(C)CCOC[C@@H]1NC(=O)[C@H](CC(C)C)N(C)C(=O)CN(C)C(=O)[C@H]([C@@H](C)O)NC(=O)[C@H](CC(C)C)N(C)C(=O)[C@H](CC(C)C)NC(=O)[C@H](Cc2ccccc2)N(C)C(=O)[C@@H](C)NC(=O)C[C@@H](C(=O)N2CCCCC2)NC(=O)[C@H](CC(C)C)N(C)C(=O)[C@H](Cc2ccccc2)N(C)C1=O,-5.72,valid
CC[C@H]1C(=O)N[C@@H]([C@@H](C)O)C(=O)N(C)CC(=O)N(C)[C@@H](COCCC(C)C)C(=O)N[C@@H](CC(C)C)C(=O)N(C)[C@@H](Cc2ccccc2)C(=O)N(C)[C@@H](CC(C)C)C(=O)N[C@H](C(=O)N2CCCCC2)CC(=O)N[C@H](C(C)C)C(=O)N(C)[C@@H](Cc2ccccc2)C(=O)N[C@@H](CC(C)C)C(=O)N1C,-5.92,valid
CC(C)C[C@@H]1NC(=O)[C@H](Cc2ccccc2)N(C)C(=O)[C@@H](C(C)C)NC(=O)C[C@@H](C(=O)N2CCCCC2)NC(=O)[C@H](C)N(C)C(=O)[C@H](CC(C)C)N(C)C(=O)[C@H](CCc2ccccc2)NC(=O)[C@H](CC(C)C)N(C)C(=O)CN(C)C(=O)[C@H]([C@@H](C)O)NC(=O)[C@H](CC(C)C)N(C)C1=O,-5.82,valid
CC(C)C[C@H]1C(=O)N[C@@H](CCc2ccccc2)C(=O)N(C)[C@@H](Cc2ccccc2)C(=O)N(C)[C@@H](CC(C)C)C(=O)N[C@H](C(=O)N2CCCCC2)CC(=O)N[C@H](C(C)C)C(=O)N(C)[C@@H](C)C(=O)N[C@@H](C(C)C)C(=O)N(C)[C@@H](CC(C)C)C(=O)N[C@@H]([C@@H](C)O)C(=O)N(C)CC(=O)N1C,-5.6,valid
CC[C@H]1C(=O)N[C@@H]([C@@H](C)O)C(=O)N(C)CC(=O)N(C)[C@@H](CC(C)C)C(=O)N[C@@H](CC(C)C)C(=O)N(C)[C@@H](Cc2ccccc2)C(=O)N(C)[C@@H](CC(C)C)C(=O)N[C@H](C(=O)N2CCCCC2)CC(=O)N[C@H](C(C)C)C(=O)N(C)[C@@H](CCc2ccccc2)C(=O)N[C@@H](CC(C)C)C(=O)N1C,-5.77,valid
CC(C)C[C@@H]1NC(=O)[C@H](CC(C)C)N(C)C(=O)CN(C)C(=O)[C@H]([C@@H](C)O)NC(=O)[C@H](CC(C)C)N(C)C(=O)[C@H](C(C)C)NC(=O)[C@H](Cc2ccccc2)N(C)C(=O)[C@@H](C)NC(=O)C[C@@H](C(=O)N2CCCCC2)NC(=O)[C@H](CC(C)C)N(C)C(=O)[C@H](CCc2ccccc2)N(C)C1=O,-5.89,valid
CCCOC[C@@H]1NC(=O)[C@H](CC(C)C)N(C)C(=O)CN(C)C(=O)[C@H]([C@@H](C)O)NC(=O)[C@H](CC(C)C)N(C)C(=O)[C@H](CC(C)C)NC(=O)[C@H](Cc2ccccc2)N(C)C(=O)[C@@H](C(C)C)NC(=O)C[C@@H](C(=O)N2CCCCC2)NC(=O)[C@H](CC(C)C)N(C)C(=O)[C@H](Cc2ccccc2)N(C)C1=O,-5.66,valid
CC(C)C[C@@H]1NC(=O)[C@H](Cc2ccccc2)N(C)C(=O)[C@@H](C(C)C)NC(=O)C[C@@H](C(=O)N2CCCCC2)NC(=O)[C@H](C(C)C)N(C)C(=O)[C@H](Cc2ccccc2)N(C)C(=O)[C@H](CCCCC(F)F)NC(=O)[C@H](CC(C)C)N(C)C(=O)CN(C)C(=O)[C@H]([C@@H](C)O)NC(=O)[C@H](CC(C)C)N(C)C1=O,-5.82,valid
CCOCC[C@@H]1NC(=O)[C@H](CC(C)C)N(C)C(=O)CN(C)C(=O)[C@H]([C@@H](C)O)NC(=O)[C@H](CC(C)C)N(C)C(=O)[C@H](CC(C)C)NC(=O)[C@H](Cc2ccccc2)N(C)C(=O)[C@@H](CC(C)C)NC(=O)C[C@@H](C(=O)N2CCCCC2)NC(=O)[C@H](CC(C)C)N(C)C(=O)[C@H](Cc2ccccc2)N(C)C1=O,-5.96,valid
CC(C)C[C@@H]1NC(=O)[C@H](CC(C)C)N(C)C(=O)[C@H]([C@@H](C)O)NC(=O)[C@H](Cc2ccccc2)N(C)C(=O)CN(C)C(=O)[C@H](CC(C)C)N(C)C(=O)[C@@H](C(C)C)NC(=O)C[C@@H](C(=O)N2CCCCC2)NC1=O,-6.55,valid
CC(C)C[C@H]1C(=O)N[C@@H](COc2ccccc2Cl)C(=O)N(C)[C@@H](C)C(=O)N(C)[C@@H](C)C(=O)N[C@H](C(=O)N2CCCCC2)CC(=O)N[C@H](C(C)C)C(=O)N(C)[C@@H](Cc2ccccc2)C(=O)N[C@@H](C(C)C)C(=O)N(C)[C@@H](CC(C)C)C(=O)N[C@@H]([C@@H](C)O)C(=O)N(C)CC(=O)N1C,-6.51,valid
CCCC[C@@H]1NC(=O)[C@H](CC(C)C)N(C)C(=O)CN(C)C(=O)[C@H]([C@@H](C)O)NC(=O)[C@H](CC(C)C)N(C)C(=O)[C@H](C(C)C)NC(=O)[C@H](Cc2ccccc2)N(C)C(=O)[C@@H](C(C)C)NC(=O)C[C@@H](C(=O)N2CCCCC2)NC(=O)[C@H](CC(C)C)N(C)C(=O)[C@H](Cc2ccccc2)N(C)C1=O,-5.7,valid
CCCC[C@@H]1NC(=O)[C@H](CC(C)C)N(C)C(=O)CN(C)C(=O)[C@H]([C@@H](C)O)NC(=O)[C@H](CC(C)C)N(C)C(=O)[C@H]([C@@H](C)CC)NC(=O)[C@H](Cc2ccccc2)N(C)C(=O)[C@@H](C(C)C)NC(=O)C[C@@H](C(=O)N2CCCCC2)NC(=O)[C@H](C)N(C)C(=O)[C@H](Cc2ccccc2)N(C)C1=O,-5.62,valid
CC(C)C[C@H]1C(=O)N[C@@H](CCCc2ccccc2)C(=O)N(C)[C@@H](Cc2ccccc2)C(=O)N(C)[C@@H](C)C(=O)N[C@H](C(=O)N2CCCCC2)CC(=O)N[C@H](C(C)C)C(=O)N(C)[C@@H](Cc2ccccc2)C(=O)N[C@@H](C)C(=O)N(C)[C@@H](C(C)C)C(=O)N[C@@H]([C@@H](C)O)C(=O)N(C)CC(=O)N1C,-6.82,valid
CCCN1CC(=O)N(C)[C@@H](CC(C)C)C(=O)N[C@@H](C(C)(C)O)C(=O)N(C)[C@@H](Cc2ccccc2)C(=O)N(C)[C@@H](CC(C)C)C(=O)N[C@H](C(=O)N2CCCCC2)CC(=O)N[C@H](C(C)C)C(=O)N(C)[C@@H](Cc2ccccc2)C(=O)N[C@@H](CC(C)C)C(=O)N(C)[C@@H](CC(C)C)C(=O)N[C@@H]([C@@H](C)O)C1=O,-6.0,valid
C[C@@H]1NC(=O)[C@H](C)NC(=O)[C@@H](C)N(C)C(=O)[C@H](C)N(C)C(=O)[C@H](C)NC(=O)[C@H](C)NC1=O,-6.82,test
C[C@@H]1C(=O)N(C)[C@@H](C)C(=O)N[C@H](C)C(=O)N[C@H](C)C(=O)N[C@H](C)C(=O)N[C@H](C)C(=O)N1C,-5.62,test
C[C@@H]1NC(=O)[C@H](C)NC(=O)[C@@H](C)N(C)C(=O)[C@H](C)NC(=O)[C@H](C)N(C)C(=O)[C@H](C)NC1=O,-6.76,test
C[C@@H]1C(=O)N[C@H](C)C(=O)N(C)[C@@H](C)C(=O)N[C@H](C)C(=O)N[C@H](C)C(=O)N[C@H](C)C(=O)N1C,-5.44,test
C[C@@H]1NC(=O)[C@H](C)N(C)C(=O)[C@H](C)N(C)C(=O)[C@H](C)NC(=O)[C@H](C)N(C)C(=O)[C@@H](C)N(C)C1=O,-6.1,test
C[C@@H]1C(=O)N[C@H](C)C(=O)N(C)[C@@H](C)C(=O)N(C)[C@H](C)C(=O)N[C@H](C)C(=O)N(C)[C@H](C)C(=O)N1C,-5.57,test
C[C@@H]1NC(=O)[C@H](C)N(C)C(=O)[C@H](C)NC(=O)[C@H](C)N(C)C(=O)[C@H](C)NC(=O)[C@@H](C)NC1=O,-6.85,test
CC(C)C[C@@H]1NC(=O)[C@H](C)N(C)C(=O)C[C@@H](C(=O)N2CCCCC2)NC(=O)[C@H](CC(C)C)N(C)C(=O)CN(C)C(=O)[C@H]([C@@H](C)O)NC(=O)[C@H](CC(C)C)N(C)C(=O)[C@H](Cc2cccc(Cl)c2)N(C)C(=O)[C@H](C)NC(=O)[C@H](Cc2ccccc2)N(C)C(=O)[C@H](CC(C)C)N(C)C1=O,-5.85,test
CC(C)C[C@@H]1NC(=O)[C@H](C)N(C)C(=O)C[C@@H](C(=O)N2CCCCC2)NC(=O)[C@H](CC(C)C)N(C)C(=O)CN(C)C(=O)[C@H]([C@@H](C)O)NC(=O)[C@H](CC(C)C)N(C)C(=O)[C@H](Cc2ccc(Cl)cc2)N(C)C(=O)[C@H](C)NC(=O)[C@H](Cc2ccccc2)N(C)C(=O)[C@H](CC(C)C)N(C)C1=O,-5.8,test
CC(C)C[C@@H]1NC(=O)[C@H](Cc2ccc(Cl)cc2)N(C)C(=O)[C@H](CC(C)C)N(C)C(=O)[C@H](C(C)C)NC(=O)[C@H](C)N(C)C(=O)C[C@@H](C(=O)N2CCCCC2)NC(=O)[C@H](CC(C)C)N(C)C(=O)CN(C)C(=O)[C@H]([C@@H](C)O)NC(=O)[C@H](CC(C)C)N(C)C(=O)[C@H](Cc2ccccc2)N(C)C1=O,-5.89,test
CC(C)C[C@@H]1NC(=O)[C@H](C)N(C)C(=O)C[C@@H](C(=O)N2CCCCC2)NC(=O)[C@H](CC(C)C)N(C)C(=O)CN(C)C(=O)[C@H]([C@@H](C)O)NC(=O)[C@H](C)N(C)C(=O)[C@H](Cc2ccccc2)N(C)C(=O)[C@H](COCc2ccccc2)NC(=O)[C@H](Cc2ccccc2)N(C)C(=O)[C@H](CC(C)C)N(C)C1=O,-5.7,test
CC(C)C[C@@H]1NC(=O)[C@H](C)N(C)C(=O)C[C@@H](C(=O)N2CCCCC2)NC(=O)[C@H](CC(C)C)N(C)C(=O)CN(C)C(=O)[C@H]([C@@H](C)O)NC(=O)[C@H](Cc2ccccc2)N(C)C(=O)[C@H](Cc2ccccc2)N(C)C(=O)[C@H](CC(C)C)NC(=O)[C@H](Cc2ccccc2)N(C)C(=O)[C@H](CC(C)C)N(C)C1=O,-5.7,test
CC(C)C[C@@H]1NC(=O)[C@H](Cc2ccccc2)N(C)C(=O)C[C@@H](C(=O)N2CCCCC2)NC(=O)[C@H](CC(C)C)N(C)C(=O)CN(C)C(=O)[C@H]([C@@H](C)O)NC(=O)[C@H](Cc2ccccc2)N(C)C(=O)[C@H](Cc2ccccc2)N(C)C(=O)[C@H](CC(C)C)NC(=O)[C@H](Cc2ccccc2)N(C)C(=O)[C@H](CC(C)C)N(C)C1=O,-6.21,test
CC(C)C[C@@H]1NC(=O)[C@H](Cc2ccccc2)N(C)C(=O)[C@H]([C@@H](C)O)NC(=O)[C@H](Cc2ccccc2)NC(=O)[C@H](Cc2ccccc2)N(C)C(=O)C[C@@H](C(=O)N2CCCCC2)NC(=O)[C@H](C)N(C)C(=O)[C@H](CC(C)C)N(C)C(=O)CN(C)C(=O)[C@H](CC(C)C)N(C)C(=O)[C@H](Cc2ccccc2)N(C)C1=O,-6.6,test
CC(C)C[C@@H]1NC(=O)[C@H](Cc2ccccc2)N(C)C(=O)[C@H]([C@@H](C)O)NC(=O)[C@H](Cc2ccccc2)N(C)C(=O)CN(C)C(=O)[C@H](Cc2ccccc2)NC(=O)[C@H](CC(C)C)N(C)C(=O)[C@H](CC(C)C)NC(=O)[C@H](Cc2ccccc2)N(C)C(=O)[C@H](C)N(C)C(=O)C[C@@H](C(=O)N2CCCCC2)NC1=O,-6.68,test
CC(C)CCOC[C@@H]1NC(=O)[C@H](C)N(C)C(=O)C[C@@H](C(=O)N2CCCCC2)NC(=O)[C@H](CC(C)C)N(C)C(=O)CN(C)C(=O)[C@H]([C@@H](C)O)NC(=O)[C@H](CC(C)C)N(C)C(=O)[C@H](Cc2ccccc2)N(C)C(=O)[C@H](C(C)C)NC(=O)[C@H](Cc2ccccc2)N(C)C(=O)[C@H](CC(C)C)N(C)C1=O,-5.66,test
CC(C)CCOC[C@H]1C(=O)N[C@@H]([C@@H](C)O)C(=O)N(C)CC(=O)N(C)[C@@H](CC(C)C)C(=O)N[C@H](C(=O)N2CCCCC2)CC(=O)N(C)[C@@H](C)C(=O)N[C@@H](CC(C)C)C(=O)N(C)[C@@H](CC(C)C)C(=O)N(C)[C@@H](Cc2ccccc2)C(=O)N[C@@H](CC(C)C)C(=O)N(C)[C@@H](Cc2ccccc2)C(=O)N1C,-5.68,test
CC[C@@H]1NC(=O)[C@H](CCc2ccccc2)N(C)C(=O)[C@H](CC(C)C)N(C)C(=O)[C@H](CC(C)C)NC(=O)[C@H](C)N(C)C(=O)C[C@@H](C(=O)N2CCCCC2)NC(=O)[C@H](CC(C)C)N(C)C(=O)CN(C)C(=O)[C@H]([C@@H](C)O)NC(=O)[C@H](CC(C)C)N(C)C(=O)[C@H](Cc2ccccc2)N(C)C1=O,-5.51,test
CC(C)C[C@@H]1NC(=O)[C@H](C)N(C)C(=O)C[C@@H](C(=O)N2CCCCC2)NC(=O)[C@H](CC(C)C)N(C)C(=O)CN(C)C(=O)[C@H]([C@@H](C)O)NC(=O)[C@H](CC(C)C)N(C)C(=O)[C@H](CCc2ccccc2)N(C)C(=O)[C@H](CC(C)C)NC(=O)[C@H](Cc2ccccc2)N(C)C(=O)[C@H](CC(C)C)N(C)C1=O,-5.64,test
CCCOC[C@@H]1NC(=O)[C@H](Cc2ccccc2)N(C)C(=O)[C@H](CC(C)C)N(C)C(=O)[C@H](CC(C)C)NC(=O)[C@H](C)N(C)C(=O)C[C@@H](C(=O)N2CCCCC2)NC(=O)[C@H](CC(C)C)N(C)C(=O)CN(C)C(=O)[C@H]([C@@H](C)O)NC(=O)[C@H](CC(C)C)N(C)C(=O)[C@H](Cc2ccccc2)N(C)C1=O,-5.38,test
CC[C@H](C)[C@H]1C(=O)N[C@@H]([C@@H](C)O)C(=O)N(C)CC(=O)N(C)[C@@H](CC(C)C)C(=O)N[C@H](C(=O)N2CCCCC2)CC(=O)N(C)[C@@H](C)C(=O)N[C@@H](CC(C)C)C(=O)N(C)[C@@H](CC(C)C)C(=O)N(C)[C@@H](Cc2ccccc2)C(=O)N[C@@H](C)C(=O)N(C)[C@@H](Cc2ccccc2)C(=O)N1C,-5.4,test
CC[C@H](C)[C@H]1C(=O)N[C@@H]([C@@H](C)O)C(=O)N(C)CC(=O)N(C)[C@@H](CC(C)C)C(=O)N[C@H](C(=O)N2CCCCC2)CC(=O)N(C)[C@H](C)C(=O)N[C@@H](CC(C)C)C(=O)N(C)[C@@H](CC(C)C)C(=O)N(C)[C@@H](Cc2ccccc2)C(=O)N[C@@H](C)C(=O)N(C)[C@@H](Cc2ccccc2)C(=O)N1C,-5.44,test
CC(C)C[C@@H]1NC(=O)[C@H](C)N(C)C(=O)C[C@@H](C(=O)N2CCCCC2)NC(=O)[C@H](Cc2ccccc2)N(C)C(=O)[C@H](CC(C)C)N(C)C(=O)CN(C)C(=O)[C@H]([C@@H](C)O)NC(=O)[C@H](C)N(C)C(=O)[C@H](C(C)C)N(C)C(=O)[C@H](C)NC(=O)[C@H](CC(C)C)N(C)C(=O)[C@H](Cc2ccccc2)N(C)C1=O,-6.74,test
CC[C@H](C)[C@@H]1NC(=O)[C@H](CC(C)C)N(C)C(=O)CN(C)C(=O)[C@H]([C@@H](C)O)NC(=O)[C@H](Cc2ccccc2)N(C)C(=O)[C@H](CC(C)C)N(C)C(=O)[C@H](C)N(C)C(=O)C[C@@H](C(=O)N2CCCCC2)NC(=O)[C@H](CC(C)C)N(C)C1=O,-5.47,test
CC(C)C[C@H]1C(=O)N(C)[C@@H](C)C(=O)N(C)[C@@H](Cc2ccccc2)C(=O)N[C@@H]([C@@H](C)O)C(=O)N(C)CC(=O)N(C)[C@@H](Cc2ccccc2)C(=O)N(C)[C@@H](CC(C)C)C(=O)N[C@@H](C)C(=O)N[C@H](C(=O)N2CCCCC2)CC(=O)N(C)[C@@H](C)C(=O)N(C)[C@@H](C)C(=O)N1C,-6.96,test
CC[C@H](C)[C@@H]1NC(=O)[C@H](CC(C)C)N(C)C(=O)CN(C)C(=O)[C@H]([C@@H](C)O)NC(=O)[C@@H](C)N(C)C(=O)C[C@@H](C(=O)N2CCCCC2)NC(=O)[C@H](CC(C)C)N(C)C(=O)[C@H](Cc2ccccc2)N(C)C(=O)[C@H](CC(C)C)N(C)C1=O,-7.11,test
CCN1C(=O)[C@H](CC(C)C)N(C)C(=O)[C@H](CC(C)C)NC(=O)[C@@H](C)N(C)C(=O)C[C@@H](C(=O)N2CCCCC2)NC(=O)[C@H](CC(C)C)N(C)C(=O)CN(C)C(=O)[C@H]([C@@H](C)O)NC(=O)[C@H](CC(C)C)N(C)C(=O)[C@H](Cc2ccccc2)N(C)C(=O)[C@H](C)NC(=O)[C@@H]1Cc1ccccc1,-5.85,test
CCN1C(=O)[C@H](C)NC(=O)[C@H](Cc2ccccc2)N(C)C(=O)[C@H](CC(C)C)N(C)C(=O)[C@H](CC(C)C)NC(=O)[C@@H](C)N(C)C(=O)C[C@@H](C(=O)N2CCCCC2)NC(=O)[C@H](CC(C)C)N(C)C(=O)CN(C)C(=O)[C@H]([C@@H](C)O)NC(=O)[C@H](CC(C)C)N(C)C(=O)[C@@H]1Cc1ccccc1,-5.8,test
CC(C)C[C@@H]1NC(=O)[C@H](C)N(C)C(=O)C[C@@H](C(=O)N2CCCCC2)NC(=O)[C@H](CC(C)C)N(C)C(=O)CN(C)C(=O)[C@H]([C@@H](C)O)NC(=O)[C@H](Cc2ccccc2)N(C)C(=O)[C@H](Cc2ccccc2)N(C)C(=O)[C@H](C)NC(=O)[C@H](Cc2ccccc2)N(C)C(=O)[C@H](CC(C)C)N(C)C1=O,-6.05,test
CC(C)C[C@H]1C(=O)N[C@H](C(=O)N2CCCCC2)CC(=O)N(C)[C@@H](C)C(=O)N[C@@H](C)C(=O)N(C)[C@@H](CC(C)C)C(=O)N(C)[C@@H](Cc2ccccc2)C(=O)N[C@@H](CCCc2ccccc2)C(=O)N(C)[C@@H](Cc2ccccc2)C(=O)N(C)[C@@H](C)C(=O)N[C@@H]([C@@H](C)O)C(=O)N(C)CC(=O)N1C,-6.42,test
CC(C)CCN1CC(=O)N(C)[C@@H](CC(C)C)C(=O)N[C@H](C(=O)N2CCCCC2)CC(=O)N(C)[C@@H](C)C(=O)N[C@@H](CC(C)C)C(=O)N(C)[C@@H](CC(C)C)C(=O)N(C)[C@@H](Cc2ccccc2)C(=O)N[C@@H](C)C(=O)N(C)[C@@H](Cc2ccccc2)C(=O)N(C)[C@@H](C)C(=O)N[C@@H]([C@@H](C)O)C1=O,-5.37,test
CC(C)CCN1CC(=O)N(C)[C@@H](CC(C)C)C(=O)N[C@H](C(=O)N2CCCCC2)CC(=O)N(C)[C@@H](C)C(=O)N[C@@H](CC(C)C)C(=O)N(C)[C@@H](CC(C)C)C(=O)N(C)[C@@H](Cc2ccccc2)C(=O)N[C@H](C)C(=O)N(C)[C@@H](Cc2ccccc2)C(=O)N(C)[C@@H](C)C(=O)N[C@@H]([C@@H](C)O)C1=O,-5.64,test
CC(C)C[C@@H]1NC(=O)[C@H](C)N(C)C(=O)C[C@@H](C(=O)N2CCCCC2)NC(=O)[C@H](CC(C)C)N(C)C(=O)CN(C)C(=O)[C@H]([C@@H](C)O)NC(=O)[C@H](CC(C)C)N(C)C(=O)[C@H](Cc2ccc(Cl)cc2)N(C)C(=O)[C@@H](C)NC(=O)[C@H](Cc2ccccc2)N(C)C(=O)[C@H](CC(C)C)N(C)C1=O,-6.24,test
CC(C)C[C@@H]1NC(=O)[C@H](C)N(C)C(=O)C[C@@H](C(=O)N2CCCCC2)NC(=O)[C@H](CC(C)C)N(C)C(=O)CN(C)C(=O)[C@H]([C@@H](C)O)NC(=O)[C@H](CC(C)C)N(C)C(=O)[C@H](Cc2cccc(Cl)c2)N(C)C(=O)[C@@H](C)NC(=O)[C@H](Cc2ccccc2)N(C)C(=O)[C@H](CC(C)C)N(C)C1=O,-6.17,test
CC(C)C[C@@H]1NC(=O)[C@H](Cc2ccccc2)N(C)C(=O)[C@H](CC(C)C)N(C)C(=O)[C@@H](C)NC(=O)[C@H]([C@@H](C)O)NC(=O)[C@H](Cc2ccccc2)N(C)C(=O)[C@H](CC(C)C)N(C)C(=O)C[C@@H](C(=O)N2CCCCC2)NC(=O)[C@H](CC(C)C)N(C)C(=O)CN(C)C(=O)[C@H](Cc2ccccc2)N(C)C1=O,-6.09,test
CC(C)C[C@@H]1NC(=O)[C@H](CC(C)C)N(C)C(=O)C[C@@H](C(=O)N2CCCCC2)NC(=O)[C@H](CC(C)C)N(C)C(=O)CN(C)C(=O)[C@H]([C@@H](C)O)NC(=O)[C@H](CO)N(C)C(=O)[C@H](Cc2ccccc2)N(C)C(=O)[C@H](CC(C)C)NC(=O)[C@H](Cc2ccccc2)N(C)C(=O)[C@H](CC(C)C)N(C)C1=O,-5.8,test
N=C(N)NCCC[C@@H]1NC(=O)[C@H](Cc2cc3ccccc3[nH]2)NC(=O)[C@H]2CCCN2C(=O)[C@H](CCCCN)NC(=O)[C@H](CCCNC(=N)N)NC(=O)[C@@H](CCCNC(=N)N)NC1=O,-6.85,test
C[C@@H]1NC(=O)[C@H](CCCCN)NC(=O)[C@H](Cc2ccccc2)NC(=O)[C@H](Cc2ccc(O)cc2)NC(=O)[C@H](CO)NC1=O,-6.08,test
COC[C@@H]1NC(=O)[C@H](C)NC(=O)[C@H](CCCCNC(C)C)NC(=O)[C@H](Cc2ccccc2)NC(=O)[C@H](Cc2ccc(O)cc2)NC1=O,-6.24,test
C[C@@H]1NC(=O)[C@H](CCCCN(C)C)NC(=O)[C@H](Cc2ccccc2)NC(=O)[C@H](Cc2ccc(O)cc2)NC(=O)[C@H](COC(C)(C)C)NC1=O,-6.18,test
NCCCC[C@@H]1NC(=O)[C@H](Cc2ccccc2)NC(=O)[C@H](Cc2ccc(O)cc2)NC(=O)[C@H](CO)NC(=O)[C@H](CC(N)=O)NC1=O,-5.49,test
CN(C)CCCC[C@@H]1NC(=O)[C@H](Cc2ccccc2)NC(=O)[C@H](Cc2ccc(O)cc2)NC(=O)[C@H](CO)NC(=O)[C@H](CC(N)=O)NC1=O,-5.98,test
COc1ccc(C[C@@H]2NC(=O)[C@H](CO)NC(=O)[C@H](CC(N)=O)NC(=O)[C@H](CCCCN(C)C)NC(=O)[C@H](Cc3ccccc3)NC2=O)cc1,-6.24,test
CNCCCC[C@@H]1NC(=O)[C@H](Cc2ccccc2)NC(=O)[C@H](Cc2ccc(OC)cc2)NC(=O)[C@H](CO)NC(=O)[C@H](CC(N)=O)NC1=O,-5.72,test
COC[C@@H]1NC(=O)[C@H](CC(N)=O)NC(=O)[C@H](CCCCN(C)C)NC(=O)[C@H](Cc2ccccc2)NC(=O)[C@H](Cc2ccc(OC)cc2)NC1=O,-5.26,test
COc1ccc(C[C@@H]2NC(=O)[C@H](CO)NC(=O)[C@H](CC(N)=O)NC(=O)[C@H](CCCCN(C)C)NC(=O)[C@H](CC(N)=O)NC2=O)cc1,-5.36,test
COc1ccc(C[C@@H]2NC(=O)[C@H](CC(N)=O)NC(=O)[C@H](CC(N)=O)NC(=O)[C@H](CCCCN(C)C)NC(=O)[C@H](CC(N)=O)NC2=O)cc1,-5.59,test
COC[C@@H]1NC(=O)[C@H](CC(N)=O)NC(=O)[C@H](CCCCN(C)C)NC(=O)[C@H](CC(N)=O)NC(=O)[C@H](Cc2ccc(OC)cc2)NC1=O,-5.63,test
NCCCC[C@@H]1NC(=O)[C@H](Cc2ccccc2)NC(=O)[C@H](Cc2ccc(O)cc2)NC(=O)[C@H](CO)NC(=O)[C@@H](CC(N)=O)NC1=O,-5.41,test
NCCCC[C@H]1NC(=O)[C@H](Cc2ccccc2)NC(=O)[C@H](Cc2ccc(O)cc2)NC(=O)[C@H](CO)NC(=O)[C@H](CC(N)=O)NC1=O,-5.34,test
NCCCC[C@@H]1NC(=O)[C@@H](Cc2ccccc2)NC(=O)[C@H](Cc2ccc(O)cc2)NC(=O)[C@H](CO)NC(=O)[C@H](CC(N)=O)NC1=O,-5.42,test
NCCCC[C@@H]1NC(=O)[C@H](Cc2ccccc2)NC(=O)[C@@H](Cc2ccc(O)cc2)NC(=O)[C@H](CO)NC(=O)[C@H](CC(N)=O)NC1=O,-5.4,test
NCCCC[C@@H]1NC(=O)[C@H](Cc2ccccc2)NC(=O)[C@H](Cc2ccc(O)cc2)NC(=O)[C@@H](CO)NC(=O)[C@H](CC(N)=O)NC1=O,-5.58,test
CC(C)C[C@@H]1NC(=O)[C@H](Cc2ccccc2)N(C)C(=O)[C@H](CC(C)C)N(C)C(=O)CCN(C)C(=O)C[C@@H](C(=O)N2CCCCC2)NC(=O)[C@H](CC(C)C)N(C)C(=O)[C@H](Cc2ccccc2)N(C)C(=O)[C@H]([C@@H](C)O)NC(=O)[C@H](Cc2ccccc2)N(C)C1=O,-5.77,test
CC(C)C[C@@H]1NC(=O)[C@H](CC(C)C)N(C)C(=O)[C@H](C)N(C)C(=O)C[C@@H](C(=O)N2CCCCC2)NC(=O)[C@H](CC(C)C)N(C)C(=O)[C@H](Cc2ccccc2)N(C)C(=O)[C@H](Cc2ccccc2)N(C)C(=O)[C@H]([C@@H](C)O)NC(=O)[C@H](Cc2ccccc2)N(C)C1=O,-5.85,test
CC(C)C[C@@H]1NC(=O)[C@H](Cc2ccccc2)N(C)C(=O)[C@H](CC(C)C)N(C)C(=O)[C@@H](C)N(C)C(=O)C[C@@H](C(=O)N2CCCCC2)NC(=O)[C@H](CC(C)C)N(C)C(=O)[C@H](Cc2ccccc2)N(C)C(=O)[C@H]([C@@H](C)O)NC(=O)[C@H](Cc2ccccc2)N(C)C1=O,-5.96,test
CC(C)C[C@@H]1NC(=O)[C@H](Cc2ccccc2)N(C)C(=O)[C@H](C)N(C)C(=O)C[C@@H](C(=O)N2CCCCC2)NC(=O)[C@H](CC(C)C)N(C)C(=O)[C@H](Cc2ccccc2)N(C)C(=O)[C@H](Cc2ccccc2)NC(=O)[C@H](Cc2cscn2)N(C)C(=O)[C@H](C)N(C)C(=O)[C@H]([C@@H](C)O)NC(=O)[C@H](CC(C)C)N(C)C1=O,-6.17,test
CC(C)C[C@H]1C(=O)N(C)[C@@H](Cc2ccccc2)C(=O)N(C)[C@@H](Cc2ccccc2)C(=O)N[C@@H]([C@@H](C)O)C(=O)N(C)[C@@H](C)C(=O)N(C)[C@@H](Cc2ccccc2)C(=O)N[C@H](C(=O)N2CCCCC2)CC(=O)N(C)[C@@H](C)C(=O)N(C)[C@@H](CC(C)C)C(=O)N(C)[C@@H](Cc2ccccc2)C(=O)N[C@@H](C)C(=O)N1C,-6.72,test
CC(C)C[C@H]1C(=O)N(C)[C@@H](Cc2ccccc2)C(=O)N(C)[C@@H](Cc2ccccc2)C(=O)N[C@@H]([C@@H](C)O)C(=O)N(C)[C@@H](C)C(=O)N(C)[C@@H](Cc2ccccc2)C(=O)N[C@H](C(=O)N2CCCCC2)CC(=O)N(C)[C@@H](C)C(=O)N(C)[C@@H](Cc2ccccc2)C(=O)N(C)[C@@H](CC(C)C)C(=O)N[C@@H](C(C)C)C(=O)N1C,-6.77,test
CC(C)C[C@@H]1NC(=O)[C@H](Cc2ccccc2)N(C)C(=O)[C@H](C)N(C)C(=O)C[C@@H](C(=O)N2CCCCC2)NC(=O)[C@H](CC(C)C)N(C)C(=O)[C@H](Cc2ccccc2)N(C)C(=O)[C@H](Cc2ccccc2)NC(=O)[C@H](Cc2cscn2)N(C)C(=O)[C@H](C)N(C)C(=O)[C@H](CC(C)C)N(C)C(=O)[C@H]([C@@H](C)O)NC1=O,-7.06,test
CC[C@H](C)[C@@H]1NC(=O)[C@H](C)N(C)C(=O)[C@@H](C)N(C)C(=O)C[C@@H](C(=O)N2CCCCC2)NC(=O)[C@H](CC(C)C)N(C)C(=O)[C@H](C)N(C)C(=O)[C@H](Cc2ccccc2)N(C)C(=O)[C@H]([C@@H](C)O)NC(=O)[C@H](Cc2ccccc2)N(C)C(=O)[C@H](CC(C)C)N(C)C1=O,-5.8,test
CC(C)C[C@@H]1NC(=O)[C@H](Cc2ccccc2)N(C)C(=O)[C@H](Cc2ccccc2)N(C)C(=O)[C@H](CC(C)C)NC(=O)[C@H](C)N(C)C(=O)[C@H]([C@@H](C)O)NC(=O)[C@H](C)N(C)C(=O)C[C@@H](C(=O)N2CCCCC2)NC(=O)[C@H](CC(C)C)N(C)C1=O,-5.39,test
CC(C)C[C@@H]1NC(=O)[C@@H](C)N(C)C(=O)C[C@@H](C(=O)N2CCCCC2)NC(=O)[C@H](CC(C)C)N(C)C(=O)[C@H](Cc2ccccc2)N(C)C(=O)[C@H](CC(C)C)NC(=O)[C@H](Cc2ccccc2)N(C)C(=O)[C@H](C)N(C)C(=O)[C@H]([C@@H](C)O)NC1=O,-6.24,test
CC(C)C[C@H]1C(=O)N[C@@H]([C@@H](C)O)C(=O)N(C)[C@@H](C)C(=O)N(C)[C@@H](CC(C)C)C(=O)N[C@H](C(=O)N2CCCCC2)CC(=O)N(C)CCCC(=O)N[C@@H](C)C(=O)N(C)[C@@H](Cc2ccccc2)C(=O)N[C@@H](Cc2ccccc2)C(=O)N1C,-6.96,test
CC(C)C[C@H]1C(=O)N[C@@H]([C@@H](C)O)C(=O)N(C)[C@@H](C)C(=O)N[C@H](C(=O)N2CCCCC2)CC(=O)N(C)[C@@H](C)C(=O)N[C@@H](C)C(=O)N(C)[C@@H](Cc2ccccc2)C(=O)N(C)[C@@H](CC(C)C)C(=O)N[C@@H](Cc2ccccc2)C(=O)N1C,-7.46,test
CC(C)C[C@H]1C(=O)N(C)[C@@H](Cc2ccccc2)C(=O)N(C)[C@@H](CC(C)C)C(=O)N[C@@H](Cc2ccccc2)C(=O)N[C@@H]([C@@H](C)O)C(=O)N(C)[C@@H](C)C(=O)N[C@H](C(=O)N2CCCCC2)CC(=O)N(C)CCC(=O)N[C@@H](C)C(=O)N1C,-7.55,test
CC[C@H](C)[C@@H]1NC(=O)[C@H](CC(C)C)N(C)C(=O)[C@H](Cc2ccccc2)N(C)C(=O)[C@H]([C@@H](C)O)NC(=O)[C@H](CC(C)C)N(C)C(=O)[C@H](CC(C)C)N(C)C(=O)[C@H](C)N(C)C(=O)C[C@@H](C(=O)N2CCCCC2)NC(=O)[C@H](CC(C)C)NC(=O)[C@H](Cc2ccccc2)N(C)C(=O)[C@H](C)N(C)C1=O,-5.27,test
CC(C)C[C@@H]1NC(=O)[C@H](Cc2ccccc2)N(C)C(=O)[C@H](C)NC(=O)[C@H](C)N(C)C(=O)[C@H]([C@@H](C)O)NC(=O)[C@H](CC(C)C)N(C)C(=O)[C@H](C)N(C)C(=O)C[C@@H](C(=O)N2CCCCC2)NC(=O)[C@H](CC(C)C)N(C)C(=O)[C@H](Cc2ccccc2)N(C)C(=O)[C@H](CC(C)C)N(C)C1=O,-5.89,test
CC(C)C[C@H]1C(=O)N(C)[C@@H](Cc2ccccc2)C(=O)N(C)[C@@H](Cc2ccccc2)C(=O)N[C@@H]([C@@H](C)O)C(=O)N(C)[C@@H](C)C(=O)N(C)[C@@H](CC(C)C)C(=O)N[C@H](C(=O)N2CCCCC2)CC(=O)N(C)[C@@H](C)C(=O)N(C)[C@@H](CC(C)C)C(=O)N(C)[C@@H](CC(C)C)C(=O)N[C@@H](C)C(=O)N1C,-5.96,test
CC(C)C[C@H]1C(=O)N(C)[C@@H](Cc2ccccc2)C(=O)N[C@@H](Cc2ccccc2)C(=O)N(C)[C@@H](CC(C)C)C(=O)N[C@@H]([C@@H](C)O)C(=O)N(C)[C@@H](C)C(=O)N[C@H](C(=O)N2CCCCC2)CC(=O)N(C)[C@H](C)C(=O)N[C@@H](C)C(=O)N1C,-7.32,test
CC(C)C[C@H]1C(=O)N[C@@H](Cc2ccccc2)C(=O)N[C@@H]([C@@H](C)O)C(=O)N(C)[C@@H](C)C(=O)N[C@H](C(=O)N2CCCCC2)CC(=O)N(C)CC(=O)N[C@@H](C)C(=O)N(C)[C@@H](Cc2ccccc2)C(=O)N(C)[C@@H](CC(C)C)C(=O)N1C,-7.68,test
CC(C)C[C@H]1C(=O)N(C)[C@@H](Cc2ccccc2)C(=O)N(C)[C@@H](Cc2ccccc2)C(=O)N[C@@H]([C@@H](C)O)C(=O)N(C)[C@@H](C)C(=O)N(C)[C@@H](CC(C)C)C(=O)N[C@H](C(=O)N2CCCCC2)CC(=O)N(C)[C@H](C)C(=O)N(C)[C@@H](CC(C)C)C(=O)N(C)[C@@H](CC(C)C)C(=O)N[C@@H](C)C(=O)N1C,-5.8,test
CC[C@H](C)[C@@H]1NC(=O)[C@H](C)N(C)C(=O)[C@H](C)N(C)C(=O)C[C@@H](C(=O)N2CCCCC2)NC(=O)[C@H](CC(C)C)N(C)C(=O)[C@H](Cc2ccccc2)N(C)C(=O)[C@H](C)N(C)C(=O)[C@H]([C@@H](C)O)NC(=O)[C@H](Cc2ccccc2)N(C)C(=O)[C@H](CC(C)C)N(C)C1=O,-5.72,test
CC(C)C[C@@H]1NC(=O)[C@H](Cc2ccccc2)N(C)C(=O)CCN(C)C(=O)C[C@@H](C(=O)N2CCCCC2)NC(=O)[C@H](CC(C)C)N(C)C(=O)[C@H](C)N(C)C(=O)[C@H]([C@@H](C)O)NC(=O)[C@H](CC(C)C)N(C)C(=O)[C@H](Cc2ccccc2)N(C)C1=O,-5.74,test
CC(C)C[C@H]1C(=O)N[C@@H](C)C(=O)N(C)[C@@H](Cc2ccccc2)C(=O)N(C)[C@@H](C)C(=O)N(C)[C@@H](Cc2ccccc2)C(=O)N[C@@H]([C@@H](C)O)C(=O)N(C)[C@@H](C)C(=O)N[C@H](C(=O)N2CCCCC2)CC(=O)N(C)[C@H](C)C(=O)N(C)[C@@H](C)C(=O)N1C,-7.21,test
CC(C)C[C@H]1C(=O)N[C@@H]([C@@H](C)O)C(=O)N(C)[C@@H](C)C(=O)N(C)[C@@H](Cc2ccccc2)C(=O)N(C)CC(=O)N[C@@H](C)C(=O)N(C)[C@@H](Cc2ccccc2)C(=O)N(C)[C@@H](CC(C)C)C(=O)N[C@H](C(=O)N2CCCCC2)CC(=O)N(C)[C@H](C)C(=O)N(C)[C@@H](C)C(=O)N1C,-7.29,test
CC(C)C[C@H]1C(=O)N[C@H](C(=O)N2CCCCC2)CC(=O)N(C)[C@@H](C)C(=O)N(C)[C@@H](Cc2ccccc2)C(=O)N(C)[C@@H](C)C(=O)N[C@@H]([C@@H](C)O)C(=O)N(C)[C@@H](C)C(=O)N[C@@H](Cc2ccccc2)C(=O)N(C)[C@@H](C)C(=O)N[C@@H](C)C(=O)N(C)[C@@H](C)C(=O)N1C,-7.1,test
CC(C)C[C@H]1C(=O)N(C)[C@@H](C)C(=O)N(C)[C@@H](CC(C)C)C(=O)N[C@H](C(=O)N2CCCCC2)CC(=O)N(C)[C@H](C)C(=O)N(C)[C@@H](Cc2ccccc2)C(=O)N[C@@H]([C@@H](C)O)C(=O)N(C)[C@@H](C)C(=O)N(C)[C@@H](CC(C)C)C(=O)NCC(=O)N1C,-7.04,test
CC(C)C[C@H]1C(=O)N(C)[C@@H](C)C(=O)N[C@@H]([C@@H](C)O)C(=O)N(C)[C@@H](C)C(=O)N(C)[C@@H](CC(C)C)C(=O)N(C)[C@@H](Cc2ccccc2)C(=O)N[C@H](C(=O)N2CCCCC2)CC(=O)N(C)[C@H](C)C(=O)N(C)[C@@H](C)C(=O)N[C@@H](C)C(=O)N(C)[C@@H](C)C(=O)N1C,-7.1,test
CC(C)C[C@H]1C(=O)N(C)[C@@H](C)C(=O)N[C@H](C(=O)N2CCCCC2)CC(=O)N(C)[C@@H](C)C(=O)N(C)[C@@H](C)C(=O)N[C@@H](C)C(=O)N(C)[C@@H](C)C(=O)N(C)[C@@H](CC(C)C)C(=O)N(C)[C@@H](Cc2ccccc2)C(=O)N[C@@H]([C@@H](C)O)C(=O)N(C)[C@@H](C)C(=O)N1C,-7.1,test
CC(C)C[C@@H]1NC(=O)[C@H](CC(C)C)N(C)C(=O)[C@H](C)N(C)C(=O)C[C@@H](C(=O)N2CCCCC2)NC(=O)[C@H](CC(C)C)N(C)C(=O)[C@H](Cc2ccccc2)N(C)C(=O)[C@H](C)N(C)C(=O)[C@H]([C@@H](C)O)NC(=O)[C@H](Cc2ccccc2)N(C)C1=O,-6.3,test
CC(C)C[C@@H]1NC(=O)[C@H](Cc2ccccc2)N(C)C(=O)[C@H]([C@@H](C)O)NC(=O)[C@H](Cc2ccccc2)N(C)C(=O)[C@H](C)N(C)C(=O)[C@H](CC(C)C)N(C)C(=O)C[C@@H](C(=O)N2CCCCC2)NC(=O)[C@@H]2CCCN2C1=O,-6.62,test
CC(C)C[C@H]1C(=O)N(C)[C@@H](Cc2ccccc2)C(=O)N[C@H](C(=O)N2CCCCC2)CC(=O)N(C)[C@@H](C)C(=O)N[C@@H](C)C(=O)N[C@@H]([C@@H](C)O)C(=O)N(C)[C@@H](CC(C)C)C(=O)N[C@@H](Cc2ccccc2)C(=O)N1C,-6.8,test
CC(C)C[C@@H]1NC(=O)[C@H](CC(C)C)N(C)C(=O)[C@H](CC(C)C)N(C)C(=O)C[C@@H](C(=O)N2CCCCC2)NC(=O)[C@H](Cc2ccccc2)N(C)C(=O)[C@@H]2CCCN2C(=O)[C@H]([C@@H](C)O)NC(=O)[C@H](Cc2ccccc2)N(C)C1=O,-5.92,test
CC(C)C[C@H]1C(=O)N[C@@H](C(C)C)C(=O)N(C)[C@@H](CC(C)C)C(=O)N(C)[C@@H](Cc2ccccc2)C(=O)N[C@@H](C)C(=O)N(C)[C@@H](Cc2ccccc2)C(=O)N2CCCC[C@H]2C(=O)N[C@@H]([C@@H](C)O)C(=O)N(C)[C@@H](C)C(=O)N(C)[C@@H](CC(C)C)C(=O)N[C@H](C(=O)N2CCCCC2)CC(=O)N1C,-6.07,test
CC(C)C[C@@H]1NC(=O)[C@H](Cc2ccccc2)N(C)C(=O)[C@@H](C)NC(=O)[C@H](C)N(C)C(=O)[C@H]([C@@H](C)O)NC(=O)[C@H](CC(C)C)N(C)C(=O)[C@H](C)N(C)C(=O)C[C@@H](C(=O)N2CCCCC2)NC(=O)[C@H](CC(C)C)N(C)C(=O)[C@H](Cc2ccccc2)N(C)C(=O)[C@H](CC(C)C)N(C)C1=O,-6.2,test
CC(C)C[C@H]1C(=O)N(C)[C@@H](CC(C)C)C(=O)N[C@H](C)C(=O)N(C)[C@@H](CC(C)C)C(=O)N(C)[C@@H](Cc2ccccc2)C(=O)N(C)[C@@H](Cc2ccccc2)C(=O)N[C@@H]([C@@H](C)O)C(=O)N(C)[C@@H](C)C(=O)N(C)[C@@H](CC(C)C)C(=O)N[C@H](C(=O)N2CCCCC2)CC(=O)N(C)[C@H](C)C(=O)N1C,-6.01,test
CC(C)C[C@H]1C(=O)N(C)[C@@H](Cc2ccccc2)C(=O)N(C)[C@@H](Cc2ccccc2)C(=O)N[C@@H]([C@@H](C)O)C(=O)N(C)[C@@H](C)C(=O)N(C)[C@@H](CC(C)C)C(=O)N[C@H](C(=O)N2CCCCC2)CC(=O)N(C)[C@@H](C)C(=O)N(C)[C@@H](CC(C)C)C(=O)N(C)[C@@H](CC(C)C)C(=O)N[C@H](C)C(=O)N1C,-5.8,test
CC(C)C[C@H]1C(=O)N[C@@H](C(C)C)C(=O)N(C)[C@@H](CC(C)C)C(=O)N(C)[C@@H](Cc2ccccc2)C(=O)N[C@H](C)C(=O)N(C)[C@@H](Cc2ccccc2)C(=O)N2CCCC[C@H]2C(=O)N[C@@H]([C@@H](C)O)C(=O)N(C)[C@@H](C)C(=O)N(C)[C@@H](CC(C)C)C(=O)N[C@H](C(=O)N2CCCCC2)CC(=O)N1C,-6.28,test
CC(C)C[C@@H]1NC(=O)[C@H](CC(C)C)N(C)C(=O)C[C@@H](C(=O)N2CCCCC2)NC(=O)[C@H](CC(C)C)N(C)C(=O)[C@H](C)N(C)C(=O)[C@H]([C@@H](C)O)NC(=O)[C@H](CC(C)C)N(C)C(=O)[C@H](Cc2ccccc2)N(C)C(=O)[C@H](Cc2c[nH]cn2)NC(=O)[C@H](Cc2ccccc2)N(C)C(=O)[C@H](CC(C)C)N(C)C1=O,-7.62,test
CC(C)C[C@@H]1NC(=O)[C@H](Cc2ccccc2)N(C)C(=O)[C@@H](CC(C)C)NC(=O)C[C@@H](C(=O)N2CCCCC2)NC(=O)[C@H](CO)N(C)C(=O)[C@H](Cc2ccccc2)N(C)C(=O)[C@H](CC(C)C)NC(=O)[C@H](CC(C)C)N(C)C(=O)[C@H](C)N(C)C(=O)[C@H]([C@@H](C)O)NC(=O)[C@H](CC(C)C)N(C)C1=O,-5.92,test
CC(C)C[C@@H]1NC(=O)[C@H](C)NC(=O)[C@H](Cc2ccccc2)NCCNC1=O,-5.33,test
CC(C)C[C@@H]1NC(=O)[C@H](C)NC(=O)[C@H](Cc2ccccc2)NCCCNC1=O,-5.11,test
CC(C)C[C@@H]1NC(=O)[C@H](C)NC(=O)[C@H](Cc2ccccc2)NCCCCNC1=O,-5.19,test
CC(C)C[C@@H]1NC(=O)[C@H](C)NC(=O)[C@H](Cc2ccccc2)NCCCCCNC1=O,-4.71,test
CC(C)C[C@@H]1NC(=O)[C@H](C)NC(=O)[C@H](Cc2ccccc2)NCCCCCCNC1=O,-4.67,test
CC(C)C[C@@H]1NC(=O)[C@H](C)NC(=O)[C@H](Cc2ccccc2)NCCCCCCCNC1=O,-4.16,test
CC(C)C[C@@H]1NC(=O)[C@H](C)NC(=O)[C@H](Cc2ccccc2)NCCCCCCCCNC1=O,-4.22,test
CC(C)C[C@@H]1NC(=O)[C@H](C)NC(=O)[C@H](Cc2ccccc2)NCCCCCCCCCNC1=O,-4.08,test
CC(C)C[C@@H]1NC(=O)[C@H](C)NC(=O)[C@H](Cc2ccccc2)NCCCCCCCCCCNC1=O,-4.35,test
CC(C)C[C@@H]1NC(=O)[C@H](Cc2ccccc2)NCCCCCCNC(=O)[C@H](C)NC1=O,-4.82,test
CC(C)C[C@@H]1NC(=O)[C@H](Cc2ccccc2)NC(=O)[C@H](C)NCCCCCCNC1=O,-5.21,test
CC(C)C[C@@H]1NC(=O)[C@H](C)NCCCCCCNC(=O)[C@H](Cc2ccccc2)NC1=O,-5.24,test
CC(C)C[C@@H]1NCCCCCCNC(=O)[C@H](C)NC(=O)[C@H](Cc2ccccc2)NC1=O,-4.77,test
CC(C)C[C@@H]1NCCCCCCNC(=O)[C@H](Cc2ccccc2)NC(=O)[C@H](C)NC1=O,-4.92,test
CC(C)C[C@H]1NC(=O)[C@H](C)NC(=O)[C@H](Cc2ccccc2)NCCCCCCNC1=O,-4.27,test
CC(C)C[C@@H]1NC(=O)[C@@H](C)NC(=O)[C@H](Cc2ccccc2)NCCCCCCNC1=O,-5.68,test
CC(C)C[C@@H]1NC(=O)[C@H](C)NC(=O)[C@@H](Cc2ccccc2)NCCCCCCNC1=O,-5.85,test
CC(C)C[C@H]1NC(=O)[C@@H](C)NC(=O)[C@H](Cc2ccccc2)NCCCCCCNC1=O,-5.89,test
CC(C)C[C@H]1NC(=O)[C@H](C)NC(=O)[C@@H](Cc2ccccc2)NCCCCCCNC1=O,-6.0,test
CC(C)C[C@@H]1NC(=O)[C@@H](C)NC(=O)[C@@H](Cc2ccccc2)NCCCCCCNC1=O,-4.25,test
CC(C)C[C@H]1NC(=O)[C@@H](C)NC(=O)[C@@H](Cc2ccccc2)NCCCCCCNC1=O,-4.88,test
CC(C)C[C@@H]1NC(=O)[C@H](C)NC(=O)CCCCNC(=O)[C@H](Cc2ccccc2)NC1=O,-5.45,test
CC(C)C[C@@H]1NC(=O)[C@H](C)NC(=O)[C@H](C)CCCNC(=O)[C@H](Cc2ccccc2)NC1=O,-4.71,test
CC(C)C[C@@H]1NC(=O)[C@H](C)NC(=O)[C@@H](C)CCCNC(=O)[C@H](Cc2ccccc2)NC1=O,-5.12,test
CC(C)C[C@H]1C(=O)N(C)[C@@H](CC(C)C)C(=O)N[C@@H](COC(C)(C)C)C(=O)N(C)[C@@H](C(C)C)C(=O)N[C@H](C(=O)N2CCCCC2)CC(=O)N(C)CC(=O)N(C)[C@@H](Cc2ccccc2)C(=O)N[C@@H](Cc2ccc(C(F)(F)F)cc2)C(=O)N(C)[C@@H](CC(C)C)C(=O)N[C@@H]([C@@H](C)O)C(=O)N(C)CC(=O)N1C,-5.6,test
CC[C@H](C)[C@@H]1NC(=O)[C@H](Cc2ccccc2)N(C)C(=O)CN(C)C(=O)C[C@@H](C(=O)N2CCCCC2)NC(=O)[C@H](C(C)C)N(C)C(=O)[C@H](COC(C)(C)C)NC(=O)[C@H](CC(C)C)N(C)C(=O)[C@H](Cc2cccc(Cl)c2)N(C)C(=O)CN(C)C(=O)[C@H]([C@@H](C)O)NC(=O)[C@H](CC(C)C)N(C)C1=O,-5.85,test
CC[C@H](C)[C@@H]1NC(=O)[C@H](Cc2ccccc2)N(C)C(=O)CN(C)C(=O)C[C@@H](C(=O)N2CCCCC2)NC(=O)[C@H](C(C)C)N(C)C(=O)[C@H](COC(C)(C)C)NC(=O)[C@H](CC(C)C)N(C)C(=O)[C@H](Cc2ccc(Cl)cc2)N(C)C(=O)CN(C)C(=O)[C@H]([C@@H](C)O)NC(=O)[C@H](CC(C)C)N(C)C1=O,-5.96,test
CC[C@H](C)[C@@H]1NC(=O)[C@H](Cc2ccc(Cl)cc2)N(C)C(=O)CN(C)C(=O)C[C@@H](C(=O)N2CCCCC2)NC(=O)[C@H](C(C)C)N(C)C(=O)[C@H](COC(C)(C)C)NC(=O)[C@H](CC(C)C)N(C)C(=O)[C@H](Cc2ccccc2)N(C)C(=O)CN(C)C(=O)[C@H]([C@@H](C)O)NC(=O)[C@H](CC(C)C)N(C)C1=O,-5.92,test
CC(C)C[C@H]1C(=O)N[C@@H]([C@@H](C)O)C(=O)N(C)CC(=O)N(C)[C@@H](Cc2ccccc2)C(=O)N(C)[C@@H](CC(C)C)C(=O)N[C@@H](COC(C)(C)C)C(=O)N(C)[C@@H](CC(C)C)C(=O)N[C@H](C(=O)N2CCCCC2)CC(=O)N(C)CC(=O)N(C)[C@@H](Cc2ccccc2)C(=O)N[C@@H](COCc2ccccc2)C(=O)N1C,-5.52,test
CC(C)C[C@H]1C(=O)N(C)[C@@H](CCc2ccccc2)C(=O)N[C@@H](COC(C)(C)C)C(=O)N(C)[C@@H](C)C(=O)N[C@H](C(=O)N2CCCCC2)CC(=O)N(C)[C@@H](C)C(=O)N(C)[C@@H](Cc2ccccc2)C(=O)N[C@@H](CCc2ccccc2)C(=O)N(C)[C@@H](CC(C)C)C(=O)N[C@@H]([C@@H](C)O)C(=O)N(C)CC(=O)N1C,-5.92,test
CC[C@H](C)[C@H]1C(=O)N[C@H](C(=O)N2CCCCC2)CC(=O)N(C)CC(=O)N(C)[C@@H](Cc2ccccc2)C(=O)N[C@@H](CCCc2ccccc2)C(=O)N(C)[C@@H](CC(C)C)C(=O)N[C@@H]([C@@H](C)O)C(=O)N(C)CC(=O)N(C)[C@@H](Cc2ccccc2)C(=O)N(C)[C@@H](CC(C)C)C(=O)N[C@@H](COC(C)(C)C)C(=O)N1C,-5.74,test
CCCN1CC(=O)N(C)[C@@H](Cc2ccccc2)C(=O)N[C@@H]([C@@H](C)CC)C(=O)N(C)[C@@H](Cc2ccccc2)C(=O)N[C@@H]([C@@H](C)O)C(=O)N(C)CC(=O)N(C)[C@@H](Cc2ccccc2)C(=O)N(C)[C@@H](CC(C)C)C(=O)N[C@@H](COC(C)(C)C)C(=O)N(C)[C@@H](C(C)C)C(=O)N[C@H](C(=O)N2CCCCC2)CC1=O,-5.3,test
CC(C)C[C@@H]1NC(=O)[C@H](Cc2ccccc2)N(C)C(=O)[C@@H]2CCCN2C(=O)C[C@@H](C(=O)N2CCCCC2)NC(=O)[C@H](Cc2ccccc2)N(C)C(=O)[C@H](Cc2ccccc2)N(C)C(=O)[C@H](COC(C)(C)C)NC(=O)[C@H](CC(C)C)N(C)C(=O)CN(C)C(=O)[C@H]([C@@H](C)O)NC(=O)[C@H](CC(C)C)N(C)C1=O,-5.68,test
CC[C@H](C)[C@@H]1NC(=O)[C@H](Cc2ccccc2)N(C)C(=O)CN(C)C(=O)C[C@@H](C(=O)N2CCCCC2)NC(=O)[C@H](C(C)C)N(C)C(=O)[C@H](COC(C)(C)C)NC(=O)[C@H](CC(C)C)N(C)C(=O)[C@H](Cc2ccccc2)N(C)C(=O)CN(C)C(=O)[C@H]([C@@H](C)O)NC(=O)[C@H](Cc2ccccc2)N(C)C1=O,-5.74,test
CC(C)C[C@@H]1NC(=O)[C@H](Cc2ccccc2)N(C)C(=O)[C@H]2CCCN2C(=O)C[C@@H](C(=O)N2CCCCC2)NC(=O)[C@H](Cc2ccccc2)N(C)C(=O)[C@H](Cc2ccccc2)N(C)C(=O)[C@H](COC(C)(C)C)NC(=O)[C@H](CC(C)C)N(C)C(=O)CN(C)C(=O)[C@H]([C@@H](C)O)NC(=O)[C@H](CC(C)C)N(C)C1=O,-5.74,test
CC[C@H](C)[C@@H]1NC(=O)[C@H](Cc2ccccc2)N(C)C(=O)CN(C)C(=O)C[C@@H](C(=O)N2CCCCC2)NC(=O)[C@H](CC(C)C)N(C)C(=O)[C@H](COC(C)(C)C)NC(=O)[C@H](CC(C)C)N(C)C(=O)[C@H](CCc2ccccc2)N(C)C(=O)CN(C)C(=O)[C@H]([C@@H](C)O)NC(=O)[C@H](CC(C)C)N(C)C1=O,-5.48,test
CCCCCN1CC(=O)N(C)[C@@H](Cc2ccccc2)C(=O)N(C)[C@@H](CC(C)C)C(=O)N[C@@H](COC(C)(C)C)C(=O)N(C)[C@@H](CC(C)C)C(=O)N[C@H](C(=O)N2CCCCC2)CC(=O)N(C)CC(=O)N(C)[C@@H](Cc2ccccc2)C(=O)N[C@@H](C(C)C)C(=O)N(C)[C@@H](C)C(=O)N[C@@H]([C@@H](C)O)C1=O,-5.89,test
CC[C@H](C)[C@H]1C(=O)N[C@@H](COC(C)(C)C)C(=O)N(C)[C@@H](Cc2ccccc2)C(=O)N(C)[C@@H](C(C)C)C(=O)N[C@H](C(=O)N2CCCCC2)CC(=O)N(C)[C@@H](C)C(=O)N(C)[C@@H](Cc2ccccc2)C(=O)N[C@@H](CC(C)C)C(=O)N(C)[C@@H](CC(C)C)C(=O)N[C@@H]([C@@H](C)O)C(=O)N(C)CC(=O)N1C,-5.24,test
CC[C@H](C)[C@H]1C(=O)N[C@H](C(=O)N2CCCCC2)CC(=O)N(C)CC(=O)N(C)CC(=O)N[C@@H]([C@@H](C)O)C(=O)N(C)[C@@H](Cc2ccccc2)C(=O)N(C)[C@@H](CC(C)C)C(=O)N[C@@H](COC(C)(C)C)C(=O)N(C)[C@@H](CC(C)C)C(=O)N1C,-6.21,test
CC[C@H](C)[C@H]1C(=O)N[C@@H]([C@@H](C)O)C(=O)N(C)[C@@H](C)C(=O)N(C)[C@@H](CC(C)C)C(=O)N[C@H](C(=O)N2CCCCC2)CC(=O)N(C)CC(=O)N(C)[C@@H](CC(C)C)C(=O)N[C@@H](CC(C)C)C(=O)N(C)[C@@H](Cc2ccccc2)C(=O)N[C@@H](COC(C)(C)C)C(=O)N(C)[C@@H](Cc2ccccc2)C(=O)N1C,-5.89,test
CC[C@H](C)[C@H]1C(=O)N(C)[C@@H](C)C(=O)N[C@H](C(=O)N2CCCCC2)CC(=O)N(C)CC(=O)N[C@@H](COC(C)(C)C)C(=O)N(C)CC(=O)N(C)[C@@H](CC(C)C)C(=O)N[C@@H]([C@@H](C)O)C(=O)N(C)[C@@H](Cc2ccccc2)C(=O)N(C)[C@@H](CC(C)C)C(=O)N1C,-7.04,test
CC[C@H](C)[C@H]1C(=O)N[C@H](C(=O)N2CCCCC2)CC(=O)N(C)[C@H](C)C(=O)N(C)[C@@H](Cc2ccccc2)C(=O)N(C)[C@@H](CC(C)C)C(=O)N[C@@H]([C@@H](C)O)C(=O)N(C)CC(=O)N[C@@H](COC(C)(C)C)C(=O)N(C)[C@@H](CC(C)C)C(=O)N1C,-6.8,test
CC[C@H](C)[C@H]1C(=O)N[C@@H](COC(C)(C)C)C(=O)N[C@H](C(=O)N2CCCCC2)CC(=O)N(C)[C@@H](C)C(=O)N(C)[C@@H](Cc2ccccc2)C(=O)N(C)CC(=O)N(C)[C@@H](CC(C)C)C(=O)N[C@@H]([C@@H](C)O)C(=O)N(C)[C@@H](C)C(=O)N(C)[C@@H](CC(C)C)C(=O)N1C,-6.92,test
CC[C@H](C)[C@H]1C(=O)N[C@H](C(=O)N2CCCCC2)CC(=O)N(C)[C@H](C)C(=O)N(C)[C@@H](C)C(=O)N(C)CC(=O)N(C)[C@@H](CC(C)C)C(=O)N[C@@H]([C@@H](C)O)C(=O)N(C)[C@@H](Cc2ccccc2)C(=O)N(C)[C@@H](CC(C)C)C(=O)N[C@@H](COC(C)(C)C)C(=O)N1C,-5.92,test
CC[C@H](C)[C@H]1C(=O)N[C@H](C(=O)N2CCCCC2)CC(=O)N(C)[C@@H](C)C(=O)N(C)[C@@H](CC(C)C)C(=O)N(C)[C@@H](Cc2ccccc2)C(=O)N[C@@H]([C@@H](C)O)C(=O)N(C)CC(=O)N(C)[C@@H](CC(C)C)C(=O)N[C@@H](COC(C)(C)C)C(=O)N1C,-5.47,test
CC[C@H](C)[C@H]1C(=O)N[C@H](C(=O)N2CCCCC2)CC(=O)N(C)CCC(=O)N(C)[C@@H](Cc2ccccc2)C(=O)N(C)[C@@H](CC(C)C)C(=O)N[C@@H]([C@@H](C)O)C(=O)N(C)CC(=O)N(C)[C@@H](CC(C)C)C(=O)N[C@@H](COC(C)(C)C)C(=O)N1C,-6.24,test
CC[C@H](C)[C@@H]1NC(=O)[C@H](Cc2ccccc2)N(C)C(=O)CN(C)C(=O)C[C@@H](C(=O)N2CCCCC2)NC(=O)[C@H](C(C)C)N(C)C(=O)[C@H](COC(C)(C)C)NC(=O)[C@H](CC(C)C)N(C)C(=O)[C@H](Cc2ccccc2)N(C)C(=O)CN(C)C(=O)[C@H]([C@@H](C)O)NC(=O)[C@H](CC(C)C)N(C)C1=O,-5.3,test
CC[C@H](C)[C@H]1C(=O)N[C@H](C(=O)N2CCCCC2)CC(=O)N(C)CCCC(=O)N(C)[C@@H](Cc2ccccc2)C(=O)N[C@@H]([C@@H](C)O)C(=O)N(C)CC(=O)N[C@@H](COC(C)(C)C)C(=O)N(C)[C@@H](CC(C)C)C(=O)N(C)[C@@H](CC(C)C)C(=O)N1C,-6.74,test
CCCN1CC(=O)N(C)[C@@H](CC(C)C)C(=O)N[C@@H]([C@@H](C)O)C(=O)N(C)[C@@H](Cc2ccccc2)C(=O)N(C)[C@@H](CC(C)C)C(=O)N(C)[C@@H]([C@@H](C)CC)C(=O)N(C)[C@@H](C)C(=O)N[C@H](C(=O)N2CCCCC2)CC(=O)N(C)CC(=O)N[C@@H](COC(C)(C)C)C1=O,-6.92,test
CC(C)C[C@H]1C(=O)N[C@@H](COC(C)(C)C)C(=O)N[C@H](C(=O)N2CCCCC2)CC(=O)N(C)[C@@H](C)C(=O)N(C)[C@@H](Cc2ccccc2)C(=O)N(C)[C@@H](CC(C)C)C(=O)N[C@@H]([C@@H](C)O)C(=O)N(C)CC(=O)N1C,-7.03,test
CC(C)C[C@H]1C(=O)N(C)[C@@H](CC(C)C)C(=O)N[C@H](C(=O)N2CCCCC2)CC(=O)N(C)CCCC(=O)N(C)[C@@H](Cc2ccccc2)C(=O)N[C@@H]([C@@H](C)O)C(=O)N(C)CC(=O)N[C@@H](COC(C)(C)C)C(=O)N1C,-7.47,test
CCCN1CC(=O)N[C@@H](COC(C)(C)C)C(=O)N(C)CC(=O)N(C)[C@@H](CC(C)C)C(=O)N[C@@H]([C@@H](C)O)C(=O)N(C)[C@@H](Cc2ccccc2)C(=O)N(C)[C@@H](CC(C)C)C(=O)N(C)[C@@H]([C@@H](C)CC)C(=O)N(C)[C@@H](C)C(=O)N[C@H](C(=O)N2CCCCC2)CC1=O,-7.19,test
CC(C)C[C@H]1C(=O)N(C)[C@@H](Cc2ccccc2)C(=O)N(C)[C@@H](CC(C)C)C(=O)N[C@@H]([C@@H](C)O)C(=O)N(C)CC(=O)N[C@@H](COC(C)(C)C)C(=O)N(C)[C@@H](CC(C)C)C(=O)N[C@H](C(=O)N2CCCCC2)CC(=O)N1C,-5.92,test
CCCCN1CC(=O)N(C)[C@@H](Cc2ccccc2)C(=O)N[C@@H](CC(C)C)C(=O)N(C)[C@@H](CC(C)C)C(=O)N[C@@H]([C@@H](C)O)C(=O)N(C)CC(=O)N(C)[C@@H](Cc2ccccc2)C(=O)N(C)[C@@H](C)C(=O)N[C@@H](COC(C)(C)C)C(=O)N(C)[C@@H](C)C(=O)N[C@H](C(=O)N2CCCCC2)CC1=O,-6.32,test
CCCC[C@@H]1NC(=O)[C@H](Cc2ccccc2)N(C)C(=O)CN(C)C(=O)C[C@@H](C(=O)N2CCCCC2)NC(=O)[C@H](C(C)C)N(C)C(=O)[C@H](COC(C)(C)C)NC(=O)[C@H](CC(C)C)N(C)C(=O)[C@H](Cc2ccccc2)N(C)C(=O)CN(C)C(=O)[C@H]([C@@H](C)O)NC(=O)[C@H](C(C)C)N(C)C1=O,-5.38,test
CC(C)C[C@H]1C(=O)N[C@@H](COC(C)(C)C)C(=O)N(C)[C@@H](C(C)C)C(=O)N[C@H](C(=O)N2CCCCC2)CC(=O)N(C)CC(=O)N(C)[C@@H](Cc2ccccc2)C(=O)N[C@@H](COc2cccc(Cl)c2)C(=O)N(C)[C@@H](C)C(=O)N[C@@H]([C@@H](C)O)C(=O)N(C)CC(=O)N(C)[C@@H](Cc2ccccc2)C(=O)N1C,-6.28,test
CC(C)CCN1CC(=O)N(C)[C@@H](Cc2ccccc2)C(=O)N(C)[C@@H](CC(C)C)C(=O)N[C@@H](COC(C)(C)C)C(=O)N(C)[C@@H](CC(C)C)C(=O)N[C@H](C(=O)N2CCCCC2)CC(=O)N(C)CC(=O)N(C)[C@@H](Cc2ccccc2)C(=O)N[C@@H](C(C)C)C(=O)N(C)[C@@H](C)C(=O)N[C@@H]([C@@H](C)O)C1=O,-5.59,test
CCCCN1CC(=O)N(C)[C@@H](Cc2ccccc2)C(=O)N(C)[C@@H](CC(C)C)C(=O)N[C@@H](COC(C)(C)C)C(=O)N(C)[C@@H](CC(C)C)C(=O)N[C@H](C(=O)N2CCCCC2)CC(=O)N(C)CC(=O)N(C)[C@@H](Cc2ccccc2)C(=O)N[C@@H]([C@@H](C)CC)C(=O)N(C)[C@@H](C)C(=O)N[C@@H]([C@@H](C)O)C1=O,-5.49,test
CC(C)C[C@H]1C(=O)N(C)[C@@H](Cc2ccccc2)C(=O)N[C@@H](COC(C)(C)C)C(=O)N(C)[C@@H](C)C(=O)N[C@H](C(=O)N2CCCCC2)CC(=O)N(C)[C@@H](C)C(=O)N(C)[C@@H](Cc2ccccc2)C(=O)N[C@@H](CCc2ccccc2)C(=O)N(C)[C@@H](CC(C)C)C(=O)N[C@@H]([C@@H](C)O)C(=O)N(C)CC(=O)N1C,-5.7,test
