smiles,HIV_large,group
CC(=O)NC(C=O)C(OC(C)C(=O)NC(C)C(=O)NC(CCC(N)=O)C(=O)OCc1ccccc1)C(O)C(O)COC(=O)CCNc1c2ccccc2nc2cccc([N+](=O)[O-])c12,0,training
CC(=O)NC1C(OCc2ccccc2)OC(COC(=O)CCCCCCCCCCNc2ccc([N+](=O)[O-])c3[nH]c4ccccc4c(=O)c23)C(O)C1OC(C)C(=O)NC(C)C(=O)NC(CCC(N)=O)C(=O)OCc1ccccc1,0,training
CC(=O)NC1COC(COC(=O)CCCCCCCCCCNC(=O)c2ccc([N+](=O)[O-])c3c(=O)c4ccccc4[nH]c23)C(O)C1OC(C)C(=O)NC(C(=O)NC(CCC(N)=O)C(=O)OCc1ccccc1)C(C)C,0,training
CC(=O)NC1C(OCc2ccccc2)OC(COC(=O)CCCCCCCCCCNC(=O)c2cccc3c(=O)c4ccccc4[nH]c23)C(O)C1OC(C)C(=O)NC(C)C(=O)NC(CCC(N)=O)C(N)=O,0,training
CC(=O)NC1C(OCc2ccccc2)OC(COC(=O)CCCCCNc2ccc([N+](=O)[O-])c3[nH]c4ccc(O)cc4c(=O)c23)C(O)C1OC(C)C(=O)NC(C)C(=O)NC(CCC(=O)OCc1ccccc1)C(N)=O,0,training
CC(=O)NC1C(OCc2ccccc2)OC(COC(=O)CCCCCCCCCCNC(=O)CCNc2ccc([N+](=O)[O-])c3[nH]c4ccc(O)cc4c(=O)c23)C(O)C1OC(C)C(=O)NC(C(=O)NC(CCC(=O)O)C(N)=O)C(C)C,0,training
CC(=O)NC1C(OCc2ccccc2)OC(CO)C(O)C1OC(C)C(=O)NC(C)C(=O)NC(CCC(=O)OCCNc1c2ccccc2nc2cccc([N+](=O)[O-])c12)C(N)=O,0,training
COC(=O)CCC(NC(=O)C(C)NC(=O)COC1C(O)C(OC(=O)CCNc2c3ccccc3nc3cccc([N+](=O)[O-])c23)OC(OCc2ccccc2)C1NC(C)=O)C(N)=O,0,training
CC(=O)NC1C(OCc2ccccc2)OC(CO)C(O)C1OC(C)C(=O)NC(C)C(=O)NC(CCC(=O)OCCNCCCNc1ccc([N+](=O)[O-])c2[nH]c3ccccc3c(=O)c12)C(N)=O,0,training
CCC(COC(=O)CCC(NC(=O)C(C)NC(=O)C(C)OC1C(O)C(CO)OC(OCc2ccccc2)C1NC(C)=O)C(N)=O)NC1c2ccccc2Nc2cccc([N+](=O)[O-])c21,0,training
COC(=O)CCC(NC(=O)C(C)NC(=O)COC1C(O)C(COC(=O)CCCCCCCCCCNC(=O)c2ccc([N+](=O)[O-])c3[nH]c4cc(Br)ccc4c(=O)c23)OC(OCc2ccccc2)C1NC(C)=O)C(N)=O,0,training
CC(=O)NC1C(OCc2ccccc2)OC(CO)C(O)C1OC(C)C(=O)NC(C)C(=O)NC(CCC(=O)OCCCNC1c2ccccc2Nc2cccc([N+](=O)[O-])c21)C(N)=O,0,training
CC(=O)NC1C(OCc2ccccc2)OC(CO)C(O)C1OC(C)C(=O)NC(C)C(=O)NC(CCC(=O)NCCCNc1c2ccccc2nc2cccc([N+](=O)[O-])c12)C(N)=O,0,training
CC(=O)NC1C(OCc2ccccc2)OC(CO)C(O)C1OCC(=O)N1CCCC1C(=O)NC(CCC(=O)NCCCCCNc1c2ccccc2nc2cccc([N+](=O)[O-])c12)C(N)=O,0,training
CC(=O)NC1C(OCc2ccccc2)OC(CO)C(O)C1OCC(=O)NC(C)C(=O)NC(CCC(=O)NCCCCCNc1c2ccccc2nc2cccc([N+](=O)[O-])c12)C(N)=O,0,training
CC(=O)NC1C(OCc2ccccc2)OC(CO)C(O)C1OC(C)C(=O)NC(C)C(=O)NC(CCC(=O)NCCCCNc1c2ccccc2nc2cccc([N+](=O)[O-])c12)C(N)=O,0,training
CC(=O)NC1C(OC(C)C(=O)NC(C(=O)NC(CCC(=O)NCCCNC2c3ccccc3Nc3cccc([N+](=O)[O-])c32)C(N)=O)C(C)C)C(O)C(CO)OC1(C)OCc1ccccc1,0,training
CC(=O)NC1C(OCC(=O)NC(C)C(=O)NC(CCC(=O)NCCCCCNc2ccc([N+](=O)[O-])c3[nH]c4ccccc4c(=O)c23)C(N)=O)C(O)C(CO)OC1(C)OCc1ccccc1,0,training
CC(=O)NC1C(OC(C)C(=O)NC(C)C(=O)NC(CCC(=O)NCCCCCNc2ccc([N+](=O)[O-])c3[nH]c4ccccc4c(=O)c23)C(N)=O)C(O)C(CO)OC1(C)OCc1ccccc1,0,training
CC(=O)NC1C(OC(C)C(=O)NC(C)C(=O)NC(CCC(=O)NCCCNc2ccc([N+](=O)[O-])c3[nH]c4ccccc4c(=O)c23)C(N)=O)C(O)C(CO)OC1(C)OCc1ccccc1,0,training
CC(=O)NC1C(OCC(=O)N2CCCC2C(=O)NC(CCC(=O)NCCCCCNc2ccc([N+](=O)[O-])c3[nH]c4ccccc4c(=O)c23)C(N)=O)C(O)C(CO)OC1(C)OCc1ccccc1,0,training
CC(=O)NC1C(OCc2ccccc2)OC(CO)C(O)C1OCC(=O)N1CCCC1C(=O)NC(CCC(=O)NCCCCNc1c2ccccc2nc2cccc([N+](=O)[O-])c12)C(N)=O,0,training
CC(=O)NC1C(OCc2ccccc2)OC(CO)C(O)C1OC(C)C(=O)NC(C(=O)NC(CCC(=O)NCCCCNc1c2ccccc2nc2cccc([N+](=O)[O-])c12)C(N)=O)C(C)C,0,training
CC(=O)NC1C(OCc2ccccc2)OC(CO)C(O)C1OCC(=O)NC(C)C(=O)NC(CCC(=O)NCCCCNc1ccc([N+](=O)[O-])c2[nH]c3ccccc3c(=O)c12)C(N)=O,1,training
CC(=O)NC1C(OCc2ccccc2)OC(CO)C(O)C1OCC(=O)N1CCCC1C(=O)NC(CCC(=O)NCCNCCNc1c2ccccc2nc2cccc([N+](=O)[O-])c12)C(N)=O,0,training
CC(OC(C)(C)C)C(NC(=O)C(CCCCNC(=O)OC(C)(C)C)NC(=O)C(Cc1c[nH]c2ccccc12)NC(=O)OCc1ccccc1)C(=O)NC(Cc1ccccc1)C(=O)N(C)C1(C(=O)NC(Cc2ccccc2)C(=O)OCc2ccccc2)CCCC1,0,training
CC(=O)N(C)SCC(NC(=O)C(Cc1ccccc1)NC(=O)OCC1c2ccccc2-c2ccccc21)C(=O)NC(Cc1ccccc1)C(=O)NC(Cc1cn(C=O)c2ccccc12)C(=O)NC(CCCCNC(=O)OCC1c2ccccc2-c2ccccc21)C(=O)NC(C(=O)NC(CSN(C)C(C)=O)C(=O)NC(C(N)=O)C(C)O)C(C)O,0,training
CC(=O)N(C)SCC(NC(=O)C(Cc1ccccc1)NC(=O)OCc1ccccc1)C(=O)NC(Cc1ccccc1)C(=O)NC(Cc1c[nH]c2ccccc12)C(=O)NC(CCCCNC(=O)OCc1ccccc1)C(=O)NC(C(=O)NC(CSN(C)C(C)=O)C(=O)NC(C(N)=O)C(C)OCc1ccccc1)C(C)OCc1ccccc1,1,training
CC(=O)N(C)SCC(NC(=O)C(Cc1ccccc1)NC(=O)OCc1ccccc1)C(=O)NC(Cc1ccccc1)C(=O)NC(Cc1cn(C=O)c2ccccc12)C(=O)NC(CCCCNC(=O)OCc1ccccc1)C(=O)NC(C(=O)NC(CSN(C)C(C)=O)C(=O)NC(C(N)=O)C(C)OCc1ccccc1)C(C)OCc1ccccc1,0,training
CC(OCc1ccccc1)C(NC(=O)C1CSSCC(NC(=O)C(Cc2ccccc2)NC(=O)OCc2ccccc2)C(=O)NC(Cc2ccccc2)C(=O)NC(Cc2cn(C=O)c3ccccc23)C(=O)NC(CCCCNC(=O)OCc2ccccc2)C(=O)NC(C(C)OCc2ccccc2)C(=O)N1)C(N)=O,0,training
CC(=O)N(C)SCC(NC(=O)C(Cc1ccccc1)NC(=O)OCc1ccccc1)C(=O)NC(Cc1ccccc1)C(=O)NC(Cc1cn(C=O)c2ccccc12)C(=O)NC(CCCCNC(=O)OCc1ccccc1)C(=O)NC(C(=O)NC(CSN(C)C(C)=O)C(O)=NO)C(C)OCc1ccccc1,0,training
CC(OC(C)(C)C)C(NC(=O)C(CCCCNC(=O)OC(C)(C)C)NC(=O)C(Cc1c[nH]c2ccccc12)NC(=O)C(Cc1ccccc1)NC(=O)OCc1ccccc1)C(=O)NC(Cc1ccccc1)C(=O)NC1CCCC1C(=O)OCc1ccccc1,0,training
CC(OC(C)(C)C)C(NC(=O)C(CCCCNC(=O)OC(C)(C)C)NC(=O)C(Cc1c[nH]c2ccccc12)NC(=O)C(N)Cc1ccccc1)C(=O)NC(Cc1ccccc1)C(=O)NC1CCCC1C(=O)O,0,training
CC(OC(C)(C)C)C(NC(=O)C(CCCCNC(=O)OC(C)(C)C)NC(=O)C(Cc1c[nH]c2ccccc12)NC(=O)C(Cc1ccccc1)NC(=O)OCC1c2ccccc2-c2ccccc21)C(=O)NC(Cc1ccccc1)C(=O)NC1CCCC1C(=O)OCc1ccccc1,0,training
COC(=O)C1(NC(=O)C(Cc2ccccc2)NC(=O)C(NC(=O)C(CCCCNC(=O)OC(C)(C)C)NC(=O)C(Cc2c[nH]c3ccccc23)NC(=O)C(Cc2ccccc2)NC(=O)OCc2ccccc2)C(C)OC(C)(C)C)CCCC1,0,training
CC(OC(C)(C)C)C(NC(=O)C(CCCCNC(=O)OC(C)(C)C)NC(=O)C(Cc1c[nH]c2ccccc12)NC(=O)C(N)Cc1ccccc1)C(=O)NC(Cc1ccccc1)C(=O)NC1(C(=O)O)CCCC1,0,training
CC(OC(C)(C)C)C(NC(=O)C(Cc1ccccc1)NC(=O)C(NC(=O)C(CCCCNC(=O)OC(C)(C)C)NC(=O)C(Cc1c[nH]c2ccccc12)C(=O)NC(Cc1ccccc1)NC(=O)C(Cc1ccccc1)NC(=O)C(CC(N)=O)NC(=O)C(N)CCCCNC(=O)OC(C)(C)C)C(C)OC(C)(C)C)C(=O)NC(COC(C)(C)C)C(=O)NC(CSC(C)(C)C)C(=O)OC(C)(C)C,1,training
CC(OC(C)(C)C)C(NC(=O)C(CCCCNC(=O)OC(C)(C)C)NC(=O)C(Cc1c[nH]c2ccccc12)NC(=O)C(Cc1ccccc1)NC(=O)OCc1ccccc1)C(=O)NC(Cc1ccccc1)C(=O)O,0,training
CCCC(=O)NC(Cc1cc(I)c(O)c(I)c1)C(=O)NCCCNCCCCNCCCNC(=O)C(N)CCCN=C(N)N,0,training
CCNC(=O)C1CCCN1C(=O)C(CCCN=C(N)N)NC(=O)C(CC(C)C)NC(=O)C(Cc1c[nH]c2ccccc12)NC(=O)C(Cc1ccc(O)cc1)NC(=O)C(CO)NC(=O)C(Cc1c[nH]c2ccccc12)NC(=O)C(Cc1c[nH]cn1)NC(=O)C1CCC(=O)N1,0,training
CC(=O)NC(Cc1ccc2ccccc2c1)C(=O)NC(Cc1ccc(Cl)cc1)C(=O)NC(Cc1c[nH]c2ccccc12)C(=O)NC(CO)C(=O)NC(Cc1ccc(O)cc1)C(=O)NC(CCCN=C(N)N)C(=O)NC(CC(C)C)C(=O)NC(CCCNC(=N)N)C(=O)N1CCCC1C(=O)NC(C)C(N)=O,0,training
CC(=O)NC(Cc1ccc(Cl)cc1)C(=O)NC(Cc1ccc(Cl)cc1)C(=O)NC(Cc1cccnc1)C(=O)NC(CO)C(=O)NC(Cc1ccc(O)cc1)C(=O)NC(CCCN=C(N)N)C(=O)NC(CC(C)C)C(=O)NC(CCCNC(=N)N)C(=O)N1CCCC1C(=O)NC(C)C(=O)O,0,training
CC(=O)NC(Cc1ccc2ccccc2c1)C(=O)NC(Cc1ccc(Cl)cc1)C(=O)NC(Cc1cccnc1)C(=O)NC(CO)C(=O)NC(Cc1ccc(O)cc1)C(=O)NC(CCCN=C(N)N)C(=O)NC(CC(C)C)C(=O)NC(CCCNC(=N)N)C(=O)N1CCCC1C(=O)NC(C)C(N)=O,0,training
NCCCCC(NC(=O)C(CO)NC(=O)C(CO)NC(=O)CN)C(=O)NC(CO)C(=O)NC(CCCCN)C(=O)N1CCCC1C(=O)NC(CCCCN)C(=O)NC(CC(=O)O)C(N)=O,0,training
CCCCCCCCCCCCCC(=O)NCC(=O)NC(CO)C(=O)NC(CO)C(=O)NC(CCCCN)C(=O)NC(CO)C(=O)NC(CCCCN)C(=O)N1CCCC1C(=O)NC(CCCCN)C(=O)NC(CC(=O)O)C(N)=O,0,training
CCCCCCCCCCCCCC(=O)NCC(=O)NC(CO)C(=O)NC(CO)C(=O)NC(CCCCN)C(=O)NC(CO)C(=O)NC(CCCCN)C(=O)N1CCCC1C(=O)NC(CCCCN)C(=O)NC(CC(=O)O)C(=O)N1CCCC1C(=O)NC(CO)C(=O)NC(CCC(N)=O)C(=O)NC(CCCN=C(N)N)C(=O)NC(CCCNC(=N)N)C(=O)NC(CCCNC(=N)N)C(=O)NC(Cc1ccc(O)cc1)C(N)=O,0,training
CCC(C)C(NC(=O)C(CCC(N)=O)NC(=O)C1CCCN1)C(=O)NC(C(=O)NC(CC(C)C)C(=O)NC(Cc1c[nH]c2ccccc12)C(=O)NCC(CCC(N)=O)C(=O)NC(CCCN=C(N)N)C(=O)N1CCCC1C(=O)NC(CC(C)C)C(=O)O)C(C)O,0,training
CC(=O)NC(CS)C(=O)NC(CO)C(=O)NC(CO)C(=O)NC(Cc1c[nH]c2ccccc12)C(=O)N1CCCC1C(=O)NC(CO)C(=O)NC(Cc1c[nH]c2ccccc12)C(=O)NC(Cc1c[nH]cn1)C(=O)NC(CO)C(=O)NC(Cc1c[nH]c2ccccc12)C(=O)NCC(=O)NCC(=O)NC(CC(=O)O)C(=O)NC(CCC(N)=O)C(=O)NC(CCCCN)C(=O)NC(Cc1ccccc1)C(=O)NC(CCCN=C(N)N)C(=O)NC(CCCCN)C(N)=O,0,training
CC(=O)NC(CS)C(=O)NC(CO)C(=O)NC(CO)C(=O)NC(Cc1c[nH]c2ccccc12)C(=O)N1CCCC1C(=O)NC(CO)C(=O)NC(Cc1c[nH]c2ccccc12)C(=O)NC(Cc1c[nH]cn1)C(=O)NC(CO)C(=O)NC(Cc1c[nH]c2ccccc12)C(=O)NCC(=O)NCC(=O)NC(C)C(=O)NC(CCC(N)=O)C(=O)NC(CCCCN)C(=O)NC(C)C(=O)NC(CCCN=C(N)N)C(=O)NC(CCCCN)C(N)=O,0,training
CC(C)CC(NC(=O)C(CCC(=O)O)NC(=O)CNC(=O)CNC(=O)C(CO)NC(=O)C(CC(C)C)NC(=O)C(NC(=O)C(CO)NC(=O)C(C)NC(=O)C(CCCN=C(N)N)NC(=O)C(C)NC(=O)CN)C(C)C)C(=O)NC(CC(=O)O)C(=O)NC(CCCNC(=N)N)C(=O)NC(Cc1c[nH]c2ccccc12)C(=O)NC(Cc1ccc(O)cc1)C(N)=O,0,training
CCCCCCCCCCCCCC(=O)NCC(=O)NC(C)C(=O)NC(CCCN=C(N)N)C(=O)NC(C)C(=O)NC(CO)C(=O)NC(C(=O)NC(CC(C)C)C(=O)NC(CO)C(=O)NCC(=O)NCC(=O)NC(CCC(=O)O)C(=O)NC(CC(C)C)C(=O)NC(CC(=O)O)C(=O)NC(CCCNC(=N)N)C(=O)NC(Cc1c[nH]c2ccccc12)C(=O)NC(Cc1ccc(O)cc1)C(N)=O)C(C)C,0,training
CC(NC(=O)CCS)C(=O)NC(C)C(=O)NC(Cc1c[nH]c2ccccc12)C(=O)NC(Cc1c[nH]cn1)C(=O)NC(CO)C(=O)NC(Cc1c[nH]c2ccccc12)C(=O)NCCCCC(=O)NC(C)C(=O)NC(CCC(N)=O)C(=O)NC(CCCCN)C(=O)NC(C)C(=O)NC(CCCN=C(N)N)C(=O)NC(CCCCN)C(N)=O,0,training
CCC(C)C(NC(=O)CNC(=O)C(Cc1c[nH]cn1)NC(=O)C(NC(=O)C(CS)NC(=O)C(CCC(N)=O)NC(=O)C(NC(=O)C(NC(=O)C(CO)NC(=O)C(NC(=O)C(CC(=O)NC1OC(CO)C(O)C(O)C1NC(C)=O)NC(=O)C(NC(=O)C(CS)NC(=O)C1CCCN1C(=O)CNC(=O)C(NC(=O)CN)C(C)O)C(C)O)C(C)C)C(C)O)C(C)C)C(C)O)C(=O)NC(CCCN=C(N)N)C(N)=O,0,training
CCC(C)C(NC(=O)CNC(=O)C(Cc1c[nH]cn1)NC(=O)C(NC(=O)C(CS)NC(=O)C(CCC(N)=O)NC(=O)C(NC(=O)C(NC(=O)C(CO)NC(=O)C(NC(=O)C(CC(N)=O)NC(=O)C(NC(=O)C(CO)NC(=O)C1CCCN1C(=O)CNC(=O)C(NC(=O)CN)C(C)O)C(C)O)C(C)C)C(C)O)C(C)C)C(C)O)C(=O)NC(CCCN=C(N)N)C(N)=O,0,training
CCC(C)C(NC(=O)C(CCCCN)NC(=O)CNC(=O)C(NC(=O)C(NC(=O)C(NC(=O)C(Cc1ccccc1)NC(=O)C(C)NC(=O)C(CCCN=C(N)N)NC(=O)CNC(=O)C1CCCN1C(=O)CNC(=O)C(CCCNC(=N)N)NC(=O)C(CCC(N)=O)NC(=O)C(NC(=O)C(CCCNC(=N)N)NC(=O)C(NC(=O)C(COC1OC(CO)C(O)C(O)C1NC(C)=O)NC(=O)C(CCCCN)NC(=O)C(CCCNC(=N)N)NC(=O)C(NC(=O)C(CC(N)=O)NC(=O)C(N)CC(N)=O)C(C)O)C(C)CC)C(C)CC)C(C)C)C(C)OC1OC(CO)C(O)C(O)C1NC(C)=O)C(C)CC)C(=O)NCOC#N,0,training
CCC(C)C(NC(=O)C(CCCCN)NC(=O)CNC(=O)C(NC(=O)C(NC(=O)C(NC(=O)C(Cc1ccccc1)NC(=O)C(C)NC(=O)C(CCCN=C(N)N)NC(=O)CNC(=O)C1CCCN1C(=O)CNC(=O)C(CCCNC(=N)N)NC(=O)C(CCC(N)=O)NC(=O)C(NC(=O)C(CCCNC(=N)N)NC(=O)C(NC(=O)C(CO)NC(=O)C(CCCCN)NC(=O)C(CCCNC(=N)N)NC(=O)C(NC(=O)C(CC(N)=O)NC(=O)C(N)CC(=O)NC1OC(CO)C(O)C(O)C1NC(C)=O)C(C)O)C(C)CC)C(C)CC)C(C)C)C(C)O)C(C)CC)C(=O)NCC(N)=O,0,training
CCC(C)C(NC(=O)C(N)CCCN=C(N)N)C(=O)NC(CCC(N)=O)C(=O)NC(CCCNC(=N)N)C(=O)NCC(=O)N1CCCC1C(=O)NCC(=O)NC(CCCNC(=N)N)C(=O)NC(C)C(=O)NC(Cc1ccccc1)C(=O)NC(C(=O)NC(C(=O)NC(C(=O)NCC(=O)NC(CCCCN)C(N)=O)C(C)CC)C(C)OC1OC(CO)C(O)C(O)C1NC(C)=O)C(C)C,0,training
CCC(C)C(NC(=O)C(CCCC(N)=O)NC(=O)CNC(=O)C(NC(=O)C(NC(=O)C(NC(=O)C(Cc1ccccc1)NC(=O)C(C)NC(=O)C(CCCN=C(N)N)NC(=O)CNC(=O)C1CCCN1C(=O)CNC(=O)C(CCCNC(=N)N)NC(=O)C(CCCC(N)=O)NC(=O)C(NC(=O)C(CCCNC(=N)N)NC(=O)C(NC(=O)C(COC1OC(CO)C(O)C(O)C1NC(C)=O)NC(=O)C(CCCCN)NC(=O)C(CCCNC(=N)N)NC(=O)C(NC(=O)C(CC(N)=O)NC(=O)C(N)CC(N)=O)C(C)O)C(C)CC)C(C)CC)C(C)C)C(C)O)C(C)CC)C(=O)NCC(N)=O,0,training
CC(C)COCSCC(NC(=O)CNC(=O)C(Cc1ccccc1)NC(=O)CNC(=O)C(N)CSC(c1ccccc1)(c1ccccc1)c1ccccc1)C(=O)NC(Cc1ccccc1)C(=O)NCC(=O)OC(C)(C)C,0,training
CC(C)(C)OC(=O)CNC(=O)C(Cc1ccccc1)NC(=O)C(CSC(c1ccccc1)(c1ccccc1)c1ccccc1)NC(=O)CNC(=O)C(Cc1ccccc1)NC(=O)CNC(=O)C(CSC(c1ccccc1)c1ccccc1)NC(=O)C(CSC(c1ccccc1)(c1ccccc1)c1ccccc1)NC(=O)OCc1ccccc1,0,training
COc1ccc2nc3cc(Cl)ccc3c(NCCC(=O)OCC(O)C(O)C(OC(C)C(=O)NC(C)C(=O)NC(CCC(N)=O)C(=O)OCc3ccccc3)C(C=O)NC(C)=O)c2c1,0,training
CC(=O)NC(C=O)C(OC(C)C(=O)NC(C)C(=O)NC(CCC(N)=O)C(=O)OCc1ccccc1)C(O)C(O)COC(=O)CCCCCNc1cccc2[nH]c3ccccc3c(=O)c12,0,training
COc1ccc(C(NC(=O)CC(C(=O)N(C)C(C)C(=O)O)N(C)C(=O)C2CCCN2C(=O)C(C(C)C)N(C)C(=O)C(C(C)C)N(C)C(=O)C(Cc2ccccc2)N(C)C(=O)C(NC(=O)OC(C)(C)C)C(C)C)c2ccc(OC)cc2)cc1,0,training
COC(=O)C(C)N(C)C(=O)C(CC(N)=O)N(C)C(=O)C1CCCN1C(=O)C(C(C)C)N(C)C(=O)C(C(C)C)N(C)C(=O)C(Cc1ccccc1)N(C)C(=O)C(NC(=O)OC(C)(C)C)C(C)C,0,training
COC(=O)C(C)N(C)C(=O)C(CC(N)=O)N(C)C(=O)C(Cc1ccccc1)N(C)C(=O)C1CCCN1C(=O)C(C(C)C)N(C)C(=O)C(C(C)C)N(C)C(=O)C(NC(=O)OC(C)(C)C)C(C)C,0,training
COC(=O)C(Cc1c[nH]c2ccccc12)NC(=O)C(Cc1c[nH]c2ccccc12)NC(=O)C(Cc1c[nH]c2ccccc12)NC(=O)C(Cc1c[nH]c2ccccc12)NC(=O)C(Cc1c[nH]c2ccccc12)NC(=O)C(Cc1c[nH]c2ccccc12)NC(=O)C(Cc1c[nH]c2ccccc12)NC(=O)C(Cc1c[nH]c2ccccc12)NC(=O)OC(C)(C)C,0,training
COC(=O)C(Cc1c[nH]c2ccccc12)NC(=O)C(Cc1c[nH]c2ccccc12)NC(=O)C(Cc1c[nH]c2ccccc12)NC(=O)C(Cc1c[nH]c2ccccc12)NC(=O)C(Cc1c[nH]c2ccccc12)NC(=O)OC(C)(C)C,0,training
COC(=O)C(Cc1c[nH]c2ccccc12)NC(=O)C(Cc1c[nH]c2ccccc12)NC(=O)C(Cc1c[nH]c2ccccc12)NC(=O)C(Cc1c[nH]c2ccccc12)NC(=O)C(Cc1c[nH]c2ccccc12)NC(=O)C(Cc1c[nH]c2ccccc12)NC(=O)OC(C)(C)C,0,training
COC(=O)C(Cc1c[nH]c2ccccc12)NC(=O)C(Cc1c[nH]c2ccccc12)NC(=O)C(Cc1c[nH]c2ccccc12)NC(=O)C(Cc1c[nH]c2ccccc12)NC(=O)C(Cc1c[nH]c2ccccc12)NC(=O)C(Cc1c[nH]c2ccccc12)NC(=O)C(Cc1c[nH]c2ccccc12)NC(=O)OC(C)(C)C,0,training
COC(=O)C(Cc1c[nH]c2ccccc12)NC(=O)C(Cc1c[nH]c2ccccc12)NC(=O)C(Cc1c[nH]c2ccccc12)NC(=O)C(Cc1c[nH]c2ccccc12)NC(=O)OC(C)(C)C,0,training
COC(=O)CCC(NC(=O)C(CCC(=O)OC)NC(=O)C(CCC(=O)OC)NC(=O)C(CCC(=O)OC)NC(=O)C(CCC(=O)OC)NC(=O)C(Cc1ccc([N+](=O)[O-])cc1)NC(=O)C(CCC(=O)OC)NC(=O)C(CCC(=O)OC)NC(=O)C(CCC(=O)OC)NC(=O)C(CCC(=O)OC)NC(=O)C(CCC(=O)OC)NC(C)=O)C(N)=O,0,training
CC(C)CC(NC(=O)C(CCC(=O)OCc1ccccc1)NC(=O)OC(C)(C)C)C(=O)NC(COCc1ccccc1)C(=O)NC(Cc1ccccc1)C(=O)Oc1c(Cl)c(Cl)c(Cl)c(Cl)c1Cl,0,training
CC(C)CC(NC(=O)C(N)CCC(=O)OCc1ccccc1)C(=O)NC(COCc1ccccc1)C(=O)NC(Cc1ccccc1)C(=O)On1c(O)ccc1O,0,training
CC(=O)NC(CCCOC(C)=O)C(=O)NC(CCCOC(C)=O)C(=O)NC(CCCOC(C)=O)C(=O)NC(Cc1ccc([N+](=O)[O-])cc1)C(=O)NCC(=O)OCc1ccccc1,0,training
CC(C)CC1NC(=O)CCC(NC(=O)C(Cc2ccc(O)cc2)NC(=O)OCc2ccccc2)C(=O)NC(Cc2ccccc2)C(=O)NC(Cc2ccccc2)NC1=O,0,training
CC(C)(C)OC(=O)NCCCCC(NC(=O)C(Cc1c[nH]c2ccccc12)NC(=O)OCC1c2ccccc2-c2ccccc21)C(=O)N1CCCC1C(=O)NCC(N)=O,0,training
CC(C)(C)OC(=O)CCC(NC(=O)OCC1c2ccccc2-c2ccccc21)C(=O)NC(Cc1c[nH]c2ccccc12)C(=O)NC(CCCCNC(=O)OC(C)(C)C)C(=O)N1CCCC1C(=O)NCC(N)=O,0,training
CC(O)C(NC(=O)C1CSSCC(NC(=O)C(Cc2ccccc2)NC(=O)OCC2c3ccccc3-c3ccccc32)C(=O)NC(Cc2ccccc2)C(=O)NC(Cc2cn(C=O)c3ccccc23)C(=O)NC(CCCCNC(=O)OCC2c3ccccc3-c3ccccc32)C(=O)NC(C(C)O)C(=O)N1)C(N)=O,0,training
CC(=O)NC(CCC(=O)OC(C)(C)C)C(=O)NC(CCC(=O)OC(C)(C)C)C(=O)NC(Cc1ccc([N+](=O)[O-])cc1)C(=O)NC(CCCCNC(=O)OC(C)(C)C)C(=O)NC(CCCCNC(=O)OC(C)(C)C)C(=O)NCC(=O)O,0,training
CC(OC(C)(C)C)C1NC(=O)C(CCCCNC(=O)OC(C)(C)C)NC(=O)C(Cc2c[nH]c3ccccc23)NC(=O)C(Cc2ccccc2)NC(=O)C2CCCC2NC(=O)C(Cc2ccccc2)NC1=O,0,training
CC(OC(C)(C)C)C1NC(=O)C(CCCCNC(=O)OC(C)(C)C)NC(=O)C(Cc2c[nH]c3ccccc23)NC(=O)C(Cc2ccccc2)NC(=O)C2(CCCC2)NC(=O)C(Cc2ccccc2)NC1=O,0,training
CC(C)CC1C(=O)NCCC(NC(=O)C(Cc2ccc(OC(C)(C)C)cc2)NC(=O)OC(C)(C)C)C(=O)NC(Cc2ccccc2)C(=O)NC(Cc2ccccc2)NC1=O,0,training
CC(C)CC1NC(=O)C(Cc2ccccc2)NC(=O)C(Cc2ccccc2)NC(=O)C(NC(=O)C(Cc2ccc(OCc3ccccc3)cc2)NC(=O)OCc2ccccc2)CCNC1=O,0,training
NC(Cc1ccc(S(=O)(=O)O)cc1)C(=O)NC(Cc1ccc(S(=O)(=O)O)cc1)C(=O)NC(Cc1ccc(S(=O)(=O)O)cc1)C(=O)NC(Cc1ccc(S(=O)(=O)O)cc1)C(=O)O,0,training
NC(Cc1ccc(S(=O)(=O)O)cc1)C(=O)NC(CCCCNC(=O)NCCCCC(NC(=O)C(N)Cc1ccc(S(=O)(=O)O)cc1)C(=O)NC(Cc1ccc(S(=O)(=O)O)cc1)C(=O)O)C(=O)NC(Cc1ccc(S(=O)(=O)O)cc1)C(=O)O,0,training
NCCCCC(NC(=O)C(CS)NC(=O)C(N)Cc1c[nH]cn1)C(=O)NC(Cc1ccccc1)C(=O)NC(Cc1c[nH]c2ccccc12)C(=O)NC(Cc1c[nH]c2ccccc12)C(N)=O,0,training
CC(C)CC(NC(=O)C(Cc1c[nH]cn1)NC(=O)C(Cc1ccccc1)NC(=O)C1CCCN1C(=O)OCc1ccccc1)C(=O)NC(CC(C)C)C(=O)NC(C(=O)NC(Cc1ccc(O)cc1)C(=O)NC(CO)C(=O)OCc1ccc([N+](=O)[O-])cc1)C(C)C,0,training
CSCCC(NC(=O)C(CC(C)C)NC(=O)C1CCCN1C(=O)C(Cc1ccccc1)NC(=O)C(Cc1ccccc1)NC(=O)C(CCC(=O)O)NC(=O)OC(C)(C)C)C(N)=O,0,training
NCCCCC(NC(=O)C(CO)NC(=O)C(N)Cc1c[nH]cn1)C(=O)NC(Cc1ccccc1)C(=O)NC(Cc1c[nH]c2ccccc12)C(=O)NC(Cc1c[nH]c2ccccc12)C(N)=O,0,training
CC(C)CC(N)C(=O)NC(Cc1ccc(O)cc1)C(=O)NC(CCC(=O)O)C(=O)N1CCCC1C(=O)NC(CO)C(=O)NC(Cc1ccc(O)cc1)C(=O)NC(C)C(=O)N1CCCC1C(=O)NC(CC(N)=O)C(=O)NC(Cc1c[nH]cn1)C(=O)NC(Cc1ccccc1)C(=O)O,0,training
CC(C)CC(NC(=O)C(Cc1ccc(O)cc1)NC(=O)C(CO)NC(=O)C(CCC(N)=O)NC(=O)C1CCCN1C(=O)C(CC(C)C)NC(=O)C(C)NC(=O)CNC(=O)C(N)CCC(N)=O)C(=O)NCC(=O)O,0,training
CC(C)CC(NC(=O)C(Cc1ccc(O)cc1)NC(=O)C(CO)NC(=O)C(CCC(=O)O)NC(=O)C1CCCN1C(=O)C(CC(C)C)NC(=O)C(C)NC(=O)CNC(=O)C(N)CCC(=O)O)C(=O)NCC(=O)O,0,training
CC(C)CC(NC(=O)C(Cc1ccc(O)cc1)NC(=O)C(CO)NC(=O)C(CCC(=O)O)NC(=O)C1CCCN1C(=O)C(CC(C)C)NC(=O)C(C)NC(=O)CNC(=O)C(N)CCC(=O)O)C(=O)NC(Cc1c[nH]c2ccccc12)C(=O)O,0,training
CC(C)CC(NC(=O)C(Cc1ccc(O)cc1)NC(=O)C1CCCN1C(=O)C(NC(=O)C(CO)NC(=O)C(CCCCN)NC(=O)C(NC(=O)C(N)CCC(=O)O)C(C)C)C(C)O)C(=O)NC(CO)C(=O)NC(CCCCN)C(=O)O,0,training
CC(O)C(NC(=O)C(CCCCN)NC(=O)C(CC(=O)O)NC(=O)C(N)Cc1ccccc1)C(=O)NC(CO)C(=O)NC(CC(N)=O)C(=O)NC(CO)C(=O)N1CCCC1C(=O)NC(Cc1ccc(O)cc1)C(=O)NC(Cc1c[nH]cn1)C(=O)NC(Cc1ccccc1)C(=O)O,0,training
CC(C)CC(NC(=O)CNC(=O)C(CC(C)C)NC(=O)C(Cc1c[nH]cn1)NC(=O)C(CC(N)=O)NC(=O)C(C)NC(=O)C1CCCN1C(=O)C(Cc1ccc(O)cc1)NC(=O)C1CCCN1C(=O)C(C)NC(=O)C(CCC(=O)O)NC(=O)C(CC(=O)O)NC(=O)C(Cc1ccccc1)NC(=O)C(CC(N)=O)NC(=O)C(C)N)C(=O)O,0,training
CC(C)CC(NC(=O)CNC(=O)C(CC(C)C)NC(=O)C(Cc1c[nH]cn1)NC(=O)C(CC(N)=O)NC(=O)C1CCCN1C(=O)C(C)NC(=O)C(Cc1ccc(O)cc1)NC(=O)C(C)NC(=O)C1CCCN1C(=O)C(CCC(=O)O)NC(=O)C(CC(=O)O)NC(=O)C(Cc1ccccc1)NC(=O)C(CC(N)=O)NC(=O)C(C)N)C(=O)O,0,training
CC(C)CC(NC(=O)C(CC(=O)O)NC(=O)C(CO)NC(=O)C(CCCCN)NC(=O)C1CCCN1C(=O)C(CC(C)C)NC(=O)C(CO)NC(=O)CNC(=O)C(N)CCC(=O)O)C(=O)NC(CCCN=C(N)N)C(=O)O,0,training
CCC(C)C(NC(=O)C1CCCN1C(=O)C(Cc1ccc(O)cc1)NC(=O)C(CC(N)=O)NC(=O)C(CCC(N)=O)NC(=O)C(CO)NC(=O)C(N)C(C)C)C(=O)NC(CC(C)C)C(=O)NC(CCC(N)=O)C(N)=O,0,training
CC(NC(=O)CNC(=O)C(N)CO)C(=O)NC(CCC(N)=O)C(=O)NC(CCCCN)C(=O)N1CCCC1C(=O)NC(CCC(=O)O)C(=O)NC(CCC(=O)O)C(=O)NC(CCC(=O)O)C(=O)NC(CO)C(=O)NC(CO)C(=O)NC(CC(N)=O)C(=O)NC(C)C(=O)NC(Cc1c[nH]cn1)C(=O)NC(CO)C(=O)O,0,training
CC(NC(=O)CNC(=O)C(N)CO)C(=O)NC(CCC(=O)O)C(=O)NC(CCC(=O)O)C(=O)NC(CO)C(=O)NC(CCCCN)C(=O)NC(CCC(=O)O)C(=O)NC(CCC(N)=O)C(=O)NC(CO)C(=O)N1CCCC1C(=O)NC(CC(N)=O)C(=O)NC(C)C(=O)NC(Cc1c[nH]cn1)C(=O)NC(CO)C(=O)O,0,training
CC(N)C(=O)NCC(=O)NC(CO)C(=O)NC(CCC(N)=O)C(=O)NC(CCC(=O)O)C(=O)N1CCCC1C(=O)NC(CCCCN)C(=O)NC(CCC(=O)O)C(=O)NC(CCC(N)=O)C(=O)NC(CO)C(=O)NC(CO)C(=O)NC(Cc1ccc(O)cc1)C(=O)NC(CO)C(=O)NC(Cc1c[nH]cn1)C(=O)NC(CO)C(=O)O,0,training
CC(NC(=O)CNC(=O)C(N)CO)C(=O)NC(CCC(=O)O)C(=O)NC(CCCCN)C(=O)N1CCCC1C(=O)NC(CCC(=O)O)C(=O)NC(CCCCN)C(=O)NC(CCC(=O)O)C(=O)NC(CCCN=C(N)N)C(=O)NC(CO)C(=O)NC(Cc1ccc(O)cc1)C(=O)NC(C)C(=O)NC(Cc1cnc[nH]1)C(=O)NC(CO)C(=O)O,0,training
CCC(C)C(NC(=O)C(NC(=O)C(CC(N)=O)NC(=O)CN)C(C)O)C(=O)NC(C(=O)NC(C)C(=O)NC(C(=O)NC(CCC(=O)O)C(=O)NC(CC(C)C)C(=O)NC(CC(=O)O)C(=O)NC(C(=O)NC(Cc1ccc(O)cc1)C(=O)N1CCCC1C(=O)O)C(C)O)C(C)C)C(C)C,0,training
NC(=O)CC(NC(=O)C(Cc1ccccc1)NC(=O)C(CO)NC(=O)C(N)Cc1c[nH]cn1)C(=O)NC(CS)C(=O)NCC(=O)NCC(=O)NC(CCC(=O)O)C(=O)NC(Cc1ccccc1)C(=O)NC(Cc1ccccc1)C(=O)NC(Cc1ccc(O)cc1)C(=O)O,0,training
CC(NC(=O)CNC(=O)C(N)CO)C(=O)NC(CCC(=O)O)C(=O)NC(CCCCN)C(=O)NC(CO)C(=O)NC(CCCCN)C(=O)NC(CCCCN)C(=O)NC(CCCCN)C(=O)NCC(=O)NC(CO)C(=O)NC(CC(N)=O)C(=O)NC(C)C(=O)NC(Cc1c[nH]cn1)C(=O)NC(CO)C(=O)O,0,training
CCCCCCCCCCCCCC(=O)CSCCNC(=O)CCNC(=O)C(O)C(C)(C)COP(=O)(O)OP(=O)(O)OCC1OC(n2cnc3c(N)ncnc32)C(O)C1OP(=O)(O)O,0,training
CCCCCCCCCCC#CCC(=O)SCCNC(=O)CCNC(=O)C(O)C(C)(C)COP(=O)(O)OP(=O)(O)OCC1OC(n2cnc3c(N)ncnc32)C(O)C1OP(=O)(O)O,0,training
CCCCCCCCCCC=CCC(=O)SCCNC(=O)CCNC(=O)C(O)C(C)(C)COP(=O)(O)OP(=O)(O)OCC1OC(n2cnc3c(N)ncnc32)C(O)C1OP(=O)(O)O,0,training
CCCCCCCCCCCCC(Br)C(=O)SCCNC(=O)CCNC(=O)C(O)C(C)(C)COP(=O)(O)OP(=O)(O)OCC1OC(n2cnc3c(N)ncnc32)C(O)C1OP(=O)(O)O,0,training
CCCCCCCCCCCCC(SCCNC(=O)CCNC(=O)C(O)C(C)(C)COP(=O)(O)OP(=O)(O)OCC1OC(n2cnc3c(N)ncnc32)C(O)C1OP(=O)(O)O)C(=O)NCC(N)=O,0,training
C=C(CCCCCCCCC)CC(=O)SCCNC(=O)CCNC(=O)C(O)C(C)(C)COP(=O)(O)OP(=O)(O)OCC1OC(n2cnc3c(N)ncnc32)C(O)C1OP(=O)(O)O,0,training
CCC(C)C(NC(=O)C(CCCCN)NC(=O)C(CCCCN)NC(=O)C(CC(C)C)NC(=O)C1CCCN1C(=O)C1CCCN1C(=O)C(NC(=O)C(CC(C)C)NC(=O)C(CCCCN)NC(=O)C(CCCN=C(N)N)NC(=O)C(N)C(C)C)C(C)O)C(=O)O,0,training
CC(NC(=O)C(C)NC(=O)C(CC(N)=O)NC(=O)CN)C(=O)NC(CO)C(=O)NC(C)C(=O)NC(CCCN=C(N)N)C(=O)NC(CCCNC(=N)N)C(N)=O,0,training
CCC(C)C(N)C(=O)NCC(=O)NC(CCCN=C(N)N)C(=O)NC(CC(N)=O)C(=O)NC(CC(C)C)C(=O)NC(CC(C)C)C(=O)NC(C(=O)NC(CCC(N)=O)C(=O)NC(C(=O)NCC(=O)O)C(C)CC)C(C)O,0,training
CCC(C)C(NC(=O)C(CCCN=C(N)N)NC(=O)C(CC(=O)O)NC(=O)C(Cc1c[nH]cn1)NC(=O)C(N)CC(C)C)C(=O)NC(C(=O)NC(CC(C)C)C(=O)NCC(=O)NC(CC(=O)O)C(=O)O)C(C)CC,0,training
CCC(C)C(NC(=O)C(CCCN=C(N)N)NC(=O)C(CC(N)=O)NC(=O)C(Cc1c[nH]cn1)NC(=O)C(N)CC(C)C)C(=O)NC(C(=O)NC(CC(C)C)C(=O)NC(C(=O)NC(Cc1cnc[nH]1)C(=O)O)C(C)O)C(C)CC,0,training
CCC(C)C(NC(=O)C(CCCN=C(N)N)NC(=O)C(CC(=O)O)NC(=O)C(Cc1c[nH]cn1)NC(=O)C(N)CC(C)C)C(=O)NC(C(=O)NC(CC(C)C)C(=O)NC(C(=O)NC(Cc1c[nH]cn1)C(=O)O)C(C)O)C(C)CC,0,training
CCC(C)C(NC(=O)C(CCCN=C(N)N)NC(=O)C(CC(N)=O)NC(=O)C(Cc1c[nH]cn1)NC(=O)C(N)CC(C)C)C(=O)NC(C(=O)NC(CC(C)C)C(=O)NCC(=O)NC(CC(N)=O)C(=O)O)C(C)CC,0,training
CC(NC(=O)CNC(=O)C(N)CO)C(=O)NC(CCC(N)=O)C(=O)NC(CCC(=O)O)C(=O)NC(C)C(=O)NC(CCCCN)C(=O)NC(CCC(=O)O)C(=O)NC(CCC(N)=O)C(=O)NC(CCCN=C(N)N)C(=O)NC(C(=O)NC(CC(N)=O)C(=O)NC(C)C(=O)NC(Cc1cnc[nH]1)C(=O)NC(CO)C(=O)O)C(C)O,0,training
CC(NC(=O)CNC(=O)C(N)CO)C(=O)NC(CCC(N)=O)C(=O)NC(CCC(=O)O)C(=O)NC(C)C(=O)NC(CCC(=O)O)C(=O)NC(CCCCN)C(=O)NC(CCC(N)=O)C(=O)NC(CCCN=C(N)N)C(=O)NC(C(=O)NC(CC(N)=O)C(=O)NC(C)C(=O)NC(Cc1cnc[nH]1)C(=O)NC(CO)C(=O)O)C(C)O,0,training
CC(NC(=O)CNC(=O)C(N)CO)C(=O)NC(CCC(=O)O)C(=O)NC(CCCCN)C(=O)NC(C(=O)NC(CCC(N)=O)C(=O)NC(CCC(=O)O)C(=O)NC(CCC(N)=O)C(=O)NC(CCCN=C(N)N)C(=O)NC(C)C(=O)NC(CC(N)=O)C(=O)NC(C)C(=O)NC(Cc1cnc[nH]1)C(=O)NC(CO)C(=O)O)C(C)O,0,training
CCC(C)C(NC(=O)CNC(=O)C(Cc1c[nH]c2ccccc12)NC(=O)C(NC(=O)C(NC(=O)C(N)CC(C)C)C(C)O)C(C)C)C(=O)NC(CCCCN)C(=O)NC(CCC(N)=O)C(=O)NC(CC(C)C)C(=O)NC(CCC(N)=O)C(=O)NC(C)C(=O)NC(CCCN=C(N)N)C(N)=O,0,training
CCC(C)C(N)C(=O)NC(CC(N)=O)C(=O)NC(CC(C)C)C(=O)NC(CCCCN)C(=O)NC(C)C(=O)NC(CC(C)C)C(=O)NC(C)C(=O)NC(C)C(=O)NC(CC(C)C)C(=O)NC(C)C(=O)NC(CCCCN)C(=O)NC(CCCCN)C(=O)NC(C(=O)NC(CC(C)C)C(N)=O)C(C)CC,1,training
CC(C)CC(NC(=O)C(CO)NC(=O)C(CCCCN)NC(=O)C(CCCCN)NC(=O)C(NC(=O)CNC(=O)C(C)NC(=O)C(CCCN=C(N)N)NC(=O)C(NC(=O)C(N)C(C)C)C(C)C)C(C)C)C(=O)O,0,training
CCC(C)C(NC(=O)C(N)CCC(=O)O)C(=O)NC(CCCCN)C(=O)NCC(=O)NC(C(=O)NC(C(=O)NC(CC(N)=O)C(=O)NC(CC(C)C)C(=O)NCC(=O)NC(CCCCN)C(=O)O)C(C)O)C(C)O,0,training
CCC(C)C(NC(=O)C(N)CCC(=O)O)C(=O)NC(CCCCN)C(=O)NCC(=O)NC(C(=O)NC(C(=O)NC(CC(=O)O)C(=O)NC(CC(C)C)C(=O)NCC(=O)NC(CCCCN)C(=O)O)C(C)O)C(C)O,0,training
CCC(C)C(NC(=O)C(CCC(N)=O)NC(=O)C(CCC(N)=O)NC(=O)C(CO)NC(=O)C(CC(C)C)NC(=O)C(CC(N)=O)NC(=O)C(N)C(C)O)C(=O)NC(CO)C(=O)NC(CO)C(=O)NC(CC(N)=O)C(=O)O,0,training
CCC(C)C(NC(=O)C(N)CCCCN)C(=O)NC(CCC(=O)O)C(=O)NC(CO)C(=O)NC(C)C(=O)NC(C(=O)NC(CC(N)=O)C(=O)NC(CC(C)C)C(=O)NC(CO)C(=O)NC(CCC(N)=O)C(=O)O)C(C)O,0,training
Nc1nc(=O)c2nc(CNc3ccc(C(=O)NC(CCC(=O)NC(CCC(=O)NC(CCC(=O)NC(CCC(=O)NC(CCC(=O)O)C(=O)O)C(=O)O)C(=O)O)C(=O)O)C(=O)O)cc3)cnc2[nH]1,0,training
CN1C(C(=O)Nc2ccccn2)C(=O)c2ccccc2S1(=O)=O,0,training
COc1ccccc1NC(=O)C1=C(C)N=C(C)C(C(=O)Nc2ccccc2OC)C1c1ccc(C2C(C(=O)Nc3ccccc3OC)=C(C)N=C(C)C2C(=O)Nc2ccccc2OC)cc1,0,training
Cc1nc(N)sc1C(=O)C=Cc1ccc(C=CC(=O)c2sc(NC(=O)CCCCCCCCC(=O)Nc3nc(C)c(C(=O)C=Cc4ccc(C=CC(=O)c5sc(N)nc5C)cc4)s3)nc2C)cc1,0,training
COc1ccc2nc3cc(Cl)ccc3c(SCC(=O)Nc3ccccc3-c3ccccc3NC(=O)CSc3c4ccc(Cl)cc4nc4ccc(OC)cc34)c2c1,0,training
COc1cc(C=CC(=O)CC(=O)C=Cc2ccc(O)c(OC)c2)ccc1O,0,training
COCCOCCOCCOc1ccc(C(C#N)N(CCc2ccccc2)C(=O)c2cc(C(=O)N(CCc3ccccc3)C(C#N)c3ccc(OCCOCCOCCOC)cc3)cc(C(=O)N(CCc3ccccc3)C(C#N)c3ccc(OCCOCCOCCOC)cc3)c2)cc1,0,training
COc1c(C(=O)O)cccc1-c1cccc(C(=O)NCCN(CCNC(=O)c2cccc(-c3cccc(C(=O)O)c3OC)c2OC)CCNC(=O)c2cccc(-c3cccc(C(=O)O)c3OC)c2OC)c1OC,0,training
COc1c(C(=O)NCCN(CCNC(=O)c2cccc(-c3cccc(C(=O)N(C)C)c3OC)c2OC)CCNC(=O)c2cccc(-c3cccc(C(=O)N(C)C)c3OC)c2OC)cccc1-c1cccc(C(=O)N(C)C)c1OC,0,training
C[N+]1(CCCCN2c3ccccc3Sc3cc(N=[N+]=[N-])ccc32)CCN(C(=O)CCNC(=O)Cc2ccc(C(=O)c3ccccc3)cc2)CC1,0,training
COc1ccc(C(Nc2nc(=O)c3ncn(COCCOP(=O)(OCOC(=O)C(C)(C)C)OCOC(=O)C(C)(C)C)c3[nH]2)(c2ccccc2)c2ccccc2)cc1,0,training
CC12c3c4cc(NC(=O)C(=O)NCc5ccc(-c6ccccn6)nc5)cc3Oc3cc(NC(=O)C(=O)NCc5ccc(-c6ccccn6)nc5)cc(c31)OC1C=C(NC(=O)C(=O)NCc3ccc(-c5ccccn5)nc3)C=C(O4)C12,0,training
COc1cc2cc(C(=O)N3CC(CCl)c4c3cc(NC(=O)C(C)Nc3c([N+](=O)[O-])cc(C(=O)NCCN(C)C)cc3[N+](=O)[O-])c3ccccc43)[nH]c2c(OC)c1OC,0,training
COc1cc2cc(C(=O)N3CC(CCl)c4ccc(NCCN)cc43)[nH]c2c(OC)c1OC,0,training
COc1ccc2[nH]c3c(C)c4ccnc(NCCCN(C)CCCNC(=O)NCCCN(C)CCCNc5nccc6c(C)c7[nH]c8ccc(OC)cc8c7c(C)c56)c4c(C)c3c2c1,0,training
CCCCCCCCCCCCCCCCCCOCC(CCP(=O)(CP(=O)(O)O)Oc1ccccc1)OCCCCCCCCCCCCCCCCCC,0,training
O=C(NC(=O)c1cn(CCN(CCO)C(=O)NCCCCCCNC(=O)N(CCO)CCn2cc(C(=O)NC(=O)OCc3ccccc3)c(=O)[nH]c2=O)c(=O)[nH]c1=O)OCc1ccccc1,0,training
O=C(NC(=O)c1cn(CCN2CCN(C(=O)NCCCCCCNC(=O)N3CCN(CCn4cc(C(=O)NC(=O)OCc5ccccc5)c(=O)[nH]c4=O)CC3)CC2)c(=O)[nH]c1=O)OCc1ccccc1,0,training
CCOC(=O)NC(=O)c1cn(CCSCCOC(=O)NCCCCCCNC(=O)OCCSCCn2cc(C(=O)NC(=O)OCC)c(=O)[nH]c2=O)c(=O)[nH]c1=O,0,training
CCOC(=O)NC(=O)c1cn(CC(=O)NCC(=O)NCC(=O)NCCCN2CCN(CCCNC(=O)CNC(=O)CNC(=O)Cn3cc(C(=O)NC(=O)OCC)c(=O)[nH]c3=O)CC2)c(=O)[nH]c1=O,0,training
CCOC(=O)NC(=O)c1cn(CCCCCCCCCCC(=O)NCCCN2CCN(CCCNC(=O)CCCCCCCCCCn3cc(C(=O)NC(=O)OCC)c(=O)[nH]c3=O)CC2)c(=O)[nH]c1=O,0,training
O=C(NCCCCCCNC(=O)n1cc(F)c(=O)[nH]c1=O)NCCCOCCOCCOCCOCCOCCOCCOCCOCCOCCOCCOCCOCCOCCOCCOCCOCCOCCOCCOCCOCCOCCCNC(=O)C(O)C(O)C(O)C(O)CO,0,training
CCOC(=O)NC(=O)c1cn(CCCCCCOC(=O)NCCCCCCNC(=O)OCCCCCCn2cc(C(=O)NC(=O)OCC)c(=O)[nH]c2=O)c(=O)[nH]c1=O,0,training
CCCCCCCCCCCCCC(=O)OCC1OC(n2cc(F)c(=O)[nH]c2=O)C(NC(=O)OCc2ccccc2)C(OC(=O)CCCCCCCCCCCCC)C1O,0,training
CCOC(=O)NC(=O)c1cn(CCSCCOC(=O)NCCCCCCNC(=O)OCCSCCn2cc(C(=O)NC(=O)OCC)c(=O)n(C)c2=O)c(=O)n(C)c1=O,0,training
CCCCCCCCCCCCCCCCCCNC(=O)c1ccccc1[Se][Se]c1ccccc1C(=O)NCCCCCCCCCCCCCCCCCC,0,training
COCCOCCOCCOCCOCCOCCOCCOCCOCCOCCOCCOCCOCCOCCOCCOCCOCC(=O)N(CCn1ccc(NC(c2ccccc2)(c2ccccc2)c2ccccc2)nc1=O)CCn1cnc2[nH]c(NC(=O)c3ccccc3)nc(=O)c21,0,training
COCCOCCOCCOCCOCCOCCOCCOCCOCCOCCOCCOCCOCCOCCOCCOCCOCC(=O)N(CCn1ccc(N)nc1=O)CCn1cnc2[nH]c(N)nc(=O)c21,0,training
COCCOCCOCCOCCOCCOCCOCCOCCOCCOCCOCCOCCOCCOCCOCCOCCOCC(=O)N(CCn1cnc2[nH]c(NC(=O)c3ccccc3)nc(=O)c21)CCn1cnc2[nH]c(NC(=O)c3ccccc3)nc(=O)c21,0,training
COCCOCCOCCOCCOCCOCCOCCOCCOCCOCCOCCOCCOCCOCCOCCOCCOCC(=O)N(CCn1ccc(NC(c2ccccc2)(c2ccccc2)c2ccccc2)nc1=O)CCn1ccc(NC(c2ccccc2)(c2ccccc2)c2ccccc2)nc1=O,0,training
O=C(CCCCCCCCC(=O)OCCCn1cc(C(=O)NC(=O)OCc2ccccc2)c(=O)[nH]c1=O)OCCCn1cc(C(=O)NC(=O)OCc2ccccc2)c(=O)[nH]c1=O,0,training
O=C(NCCOC(=O)CCCCCCCCC(=O)OCCNC(=O)NC(=O)c1cn(Cc2ccccc2)c(=O)[nH]c1=O)NC(=O)c1cn(Cc2ccccc2)c(=O)[nH]c1=O,0,training
CCC(CC)n1cc(C(=O)NC(=O)NCCCCCOC(=O)CCCCCCCCCCC(=O)OCCCCCNC(=O)NC(=O)c2cn(C(CC)CC)c(=O)[nH]c2=O)c(=O)[nH]c1=O,0,training
Cn1c(=O)c(C(=O)NC(=O)NCCCCCOC(=O)CCCCCCCCCCC(=O)OCCCCCNC(=O)NC(=O)c2cn(Cc3ccccc3)c(=O)n(C)c2=O)cn(Cc2ccccc2)c1=O,0,training
C=CCn1cc(C(=O)NC(=O)NCCCCCOC(=O)CCCCCCCCCCC(=O)OCCCCCNC(=O)NC(=O)c2cn(CC=C)c(=O)n(C)c2=O)c(=O)n(C)c1=O,0,training
COc1ccc(C(c2ccccc2)(c2ccc(OC)cc2)N2C(=O)NC3C(CCCCC(=O)NCCCCCCOP(OCCC#N)N(C(C)C)C(C)C)SCC32)cc1,0,training
CC(C)N(C(C)C)P(OCCC#N)OC1CC(n2cnc3c(=O)[nH]cnc32)OC1COC(=O)NCCCCCCNC(=O)OC(C)(C)c1ccc(-c2ccccc2)cc1,0,training
CCOC(=O)c1nnsc1NC(=O)NCCCCCCn1c(=O)n(CCCCCCNC(=O)Nc2snnc2C(=O)OCC)c(=O)n(CCCCCCNC(=O)Nc2snnc2C(=O)OCC)c1=O,0,training
O=C(O)CCCCCCCc1ccc(C(=O)OCC2OC3OC4C(COC(=O)c5ccc(CCCCCCCC(=O)O)cc5)OC(OC5C(COC(=O)c6ccc(CCCCCCCC(=O)O)cc6)OC(OC6C(COC(=O)c7ccc(CCCCCCCC(=O)O)cc7)OC(OC7C(COC(=O)c8ccc(CCCCCCCC(=O)O)cc8)OC(OC8C(COC(=O)c9ccc(CCCCCCCC(=O)O)cc9)OC(OC2C(OS(=O)(=O)O)C3OS(=O)(=O)O)C(OS(=O)(=O)O)C8OS(=O)(=O)O)C(OS(=O)(=O)O)C7OS(=O)(=O)O)C(OS(=O)(=O)O)C6OS(=O)(=O)O)C(OS(=O)(=O)O)C5OS(=O)(=O)O)C(OS(=O)(=O)O)C4OS(=O)(=O)O)cc1,1,training
CCC1(O)CC2CN(CCc3c([nH]c4ccccc34)C(C(=O)OC)(c3cc4c(cc3OC)N(C)C3C(O)(C(=O)OC)C(OC(C)=O)C5(CC)C=CCN6CCC43C65)C2)C1,0,training
CCC1(O)CC2CN(CCc3c([nH]c4ccccc34)C(C(=O)OC)(c3cc4c(cc3OC)N(C=O)C3C(O)(C(=O)OC)C(OC(C)=O)C5(CC)C=CCN6CCC43C65)C2)C1,0,training
CCC12CN3CCc4c([nH]c5ccccc45)C(C(=O)OC)(c4cc5c(cc4OC)N(C)C4C(O)(C(=O)OC)C(OC(C)=O)C6(CC)C=CCN7CCC54C76)CC(C3)C1O2,0,training
CCC12C=CCN3CCC4(c5cc(C(c6ccc(OC)cc6)c6cc7ccccc7n6S(=O)(=O)c6ccccc6)c(OC)cc5N(C)C4C(O)(C(=O)OC)C1OC(C)=O)C32,0,training
CCC12C[N+]3([O-])CCc4c([nH]c5ccccc45)C(C(=O)OC)(c4cc5c(cc4OC)N(C)C4C(O)(C(=O)OC)C(OC(C)=O)C6(CC)C=CCN7CCC54C76)CC(C3)C1O2,0,training
CCC12CN3CC(CC(C(=O)OC)(c4cc5c(cc4OC)N(C)C4C(O)(C(=O)OC)C(OC(C)=O)C6(CC)C=CCN7CCC54C76)c4[nH]c5ccccc5c4CC3CC(C)=O)C1O2,0,training
CCC12C=CCN3CCC4(c5cc(C6(C(=O)OC)CC7CN(CCc8c6[nH]c6ccccc86)CC6CCCCC67)c(OC)cc5N(C)C4C(O)(C(=O)OC)C1OC(C)=O)C32,0,training
CCCCCCC(O)CCCCCCCCCCC(=O)OCC(COC(=O)CCCCCCCCCCC(O)CCCCCC)OC(=O)CCCCCCCCCCC(O)CCCCCC,0,training
CCCCCCC(C)CCCCCCCCCCC(=O)OCC(COP(=O)([O-])OCC[N+](C)(C)C)OC(=O)CCCCCCCCCCC(C)CCCCCC,0,training
CCCCCCCCC(C)CCCCCCCCC(=O)OCC(COP(=O)([O-])OCC[N+](C)(C)C)OC(=O)CCCCCCCCC(C)CCCCCCCC,0,training
CCCCCCCCCCC(C)CCCCCCC(=O)OCC(COP(=O)([O-])OCC[N+](C)(C)C)OC(=O)CCCCCCC(C)CCCCCCCCCC,0,training
CCCCCCCCCCCCCCCCCC(=O)OC(COC(=O)COCCOCCOCCOCCOCCOC)COP(=O)([O-])OCC[N+](C)(C)C,0,training
CCCCCCCCCCCCCCCCCC(=O)OCC(COP(=O)(O)OCCNC(=O)CCC(=O)OCCC=C(c1cc(Cl)c(OC)c(C(=O)OC)c1)c1cc(Cl)c(OC)c(C(=O)OC)c1)OC(=O)CCCCCCCCCCCCCCCCC,0,training
CCCCCCCCC=CCCCCCCCC(=O)OCC(COP(=O)(O)OCCNC(=O)CCC(=O)OCCC=C(c1cc(Cl)c(OC)c(C(=O)OC)c1)c1cc(Cl)c(OC)c(C(=O)OC)c1)OC(=O)CCCCCCCC=CCCCCCCCC,0,training
CCCCCCCCCCCCCCCCCC(=O)OCC(COP(=O)(O)OCCNC(=O)CCC(=O)O)OC(=O)CCCCCCCCCCCCCCCCC,0,training
CCCCCCCCCCCCCCCCCC(=O)OCC(COP(=O)(O)OCCNC(=O)CCC(=O)NCCC=C(c1cc(Cl)c(OC)c(C(=O)OC)c1)c1cc(Cl)c(OC)c(C(=O)OC)c1)OC(=O)CCCCCCCCCCCCCCCCC,0,training
CCCCCCCCCCCCCCCC(=O)OCC(COP(=O)(O)OCCNC(=O)CCSSc1ccccn1)OC(=O)CCCCCCCCCCCCCCC,0,training
CCCCCCCCCCCCCCCCCC(=O)OCC(COC1OC(CS(=O)(=O)O)C(O)C(O)C1O)OC(=O)CCCCCCCCCCCCCCCCC,0,training
CCCCCCCCCCCCCCCCCC(=O)OCC(COC1OC(COS(=O)(=O)O)C(O)C(O)C1O)OC(=O)CCCCCCCCCCCCCCCCC,0,training
CCCCCCCCCCCCCCCCOC1OC(CS(=O)(=O)S(=O)(=O)CC2OC(OCCCCCCCCCCCCCCCC)C(O)C(O)C2O)C(O)C(O)C1O,0,training
CCCCCCCCCCCCCCCCOC1OC(CSSCC2OC(OCCCCCCCCCCCCCCCC)C(O)C(O)C2O)C(O)C(O)C1O,0,training
CCCCCCCCCCCCCCCCOCC(COC1OC(CO)C(O)C(O)C1O)OCCCCCCCCCCCCCCCC,0,training
CCC=CCC=CCC=CCCCCCCCC(=O)OCC(COC1OC(CS(=O)(=O)O)C(O)C(O)C1O)OC(=O)CCCCCCCCCCCCCCC,0,training
CCCCCC=CCC=CCCCCCCCC(=O)OCC(COC1OC(CS(=O)(=O)O)C(O)C(O)C1O)OC(=O)CCCCCCCC=CCC=CCCCCC,0,training
CCCCCCCCCCCCCC(=O)OCC(CCS(=O)(=O)OC1CCC2(C)C(=CCC3C4CCC(=O)C4(C)CCC32)C1)OC(=O)CCCCCCCCCCCCC,1,training
CCCCCCCCCCCCCC=C(COCC[N+](C)(C)C)OC(C)=O,0,training
CC(=O)OCC1OC(Sc2nc(-c3ccccc3)c(C#N)c(=O)n2C2OC(COC(C)=O)C(OC(C)=O)C(OC(C)=O)C2OC(C)=O)C(OC(C)=O)C(OC(C)=O)C1OC(C)=O,0,training
COc1ccc(-c2nc(SC3OC(COC(C)=O)C(OC(C)=O)C(OC(C)=O)C3OC(C)=O)n(C3OC(COC(C)=O)C(OC(C)=O)C(OC(C)=O)C3OC(C)=O)c(=O)c2C#N)cc1,0,training
CC(=O)OCC1OC(Sc2nc(-c3ccc(C)cc3)c(C#N)c(=O)n2C2OC(COC(C)=O)C(OC(C)=O)C(OC(C)=O)C2OC(C)=O)C(OC(C)=O)C(OC(C)=O)C1OC(C)=O,0,training
CC(=O)OCC1OC(Sc2nc(-c3ccc(Cl)cc3)c(C#N)c(=O)n2C2OC(COC(C)=O)C(OC(C)=O)C(OC(C)=O)C2OC(C)=O)C(OC(C)=O)C(OC(C)=O)C1OC(C)=O,0,training
CC(=O)OCC1OC(OC2=C(c3ccccc3)C(=O)C(OC3OC(COC(C)=O)C(OC(C)=O)C(OC(C)=O)C3OC(C)=O)=C(c3ccccc3)C2=O)C(OC(C)=O)C(OC(C)=O)C1OC(C)=O,0,training
COc1nc(O)c(N=CC=Nc2c(NC3OC(COC(C)=O)C(OC(C)=O)C(OC(C)=O)C3OC(C)=O)[nH]c(OC)nc2=O)c(NC2OC(COC(C)=O)C(OC(C)=O)C(OC(C)=O)C2OC(C)=O)n1,0,training
COc1nc(NC2OC(COC(C)=O)C(OC(C)=O)C(OC(C)=O)C2OC(C)=O)c(N=CC=Nc2c(NC3OC(COC(C)=O)C(OC(C)=O)C(OC(C)=O)C3OC(C)=O)nc(OC)n(C)c2=O)c(=O)n1C,0,training
CSc1nc(O)c(N=CC=Nc2c(NC3OC(COC(C)=O)C(OC(C)=O)C(OC(C)=O)C3OC(C)=O)[nH]c(SC)nc2=O)c(NC2OC(COC(C)=O)C(OC(C)=O)C(OC(C)=O)C2OC(C)=O)n1,0,training
CSc1nc(NC2OC(COC(C)=O)C(OC(C)=O)C(OC(C)=O)C2OC(C)=O)c(N=CC=Nc2c(NC3OC(COC(C)=O)C(OC(C)=O)C(OC(C)=O)C3OC(C)=O)nc(SC)n(C)c2=O)c(=O)n1C,0,training
CC(=O)OCC1OC(OC2C(CSC3OC(COC(C)=O)C(OC(C)=O)C(OC(C)=O)C3OC(C)=O)OC(OC(C)=O)C(OC(C)=O)C2OC(C)=O)C(OC(C)=O)C(OC(C)=O)C1OC(C)=O,0,training
COC(=O)Cc1c(-c2c(CC(=O)OC)c3ccccc3n2C2OC(COC3OC(COC(C)=O)C(OC(C)=O)C(OC(C)=O)C3OC(C)=O)C(O)C(O)C2O)[nH]c2ccccc12,0,training
CC(=O)OCC1OC(OCC2OC(N3C(=S)NC(C(O)C(O)C(O)CO)C3O)C(OC(C)=O)C(OC(C)=O)C2OC(C)=O)C(OC(C)=O)C(OC(C)=O)C1OC(C)=O,0,training
CC(=O)OCC1OC(OCCCOP(=S)(OCCC#N)OCC2OC(n3ccc(N)nc3=O)C(OC(=O)c3ccccc3)C2OC(=O)c2ccccc2)C(OC(C)=O)C(OC(C)=O)C1OC(C)=O,0,training
CC(=O)OCC1OC(OCCCOP(=O)(OCCC#N)OCC2OC(n3cnc4c(N)ncnc43)C(OC(=O)c3ccccc3)C2OC(=O)c2ccccc2)C(OC(C)=O)C(OC(C)=O)C1OC(C)=O,0,training
CCCCCCCCCCCCCCCCOCC(COC1OC(COC(C)=O)C(OC(C)=O)C(OC(C)=O)C1OC(C)=O)OCCCCCCCCCCCCCCCC,0,training
CC1=NC(C)=C(C(=O)NCc2ccccc2)C(c2ccc(C3C(C(=O)NCc4ccccc4)=C(C)N=C(C)C3C(=O)NCc3ccccc3)cc2)C1C(=O)NCc1ccccc1,0,training
COc1c(OCc2ccccc2)c(OCc2ccccc2)cc(COS(=O)(=O)O)c1-c1c(COS(=O)(=O)O)cc(OCc2ccccc2)c(OCc2ccccc2)c1OC,0,training
O=C(Cc1ccccc1)NN=C(c1nc2ccc([N+](=O)[O-])cc2[nH]c1=O)C(O)c1ccc(C(O)C(=NNC(=O)Cc2ccccc2)c2nc3ccc([N+](=O)[O-])cc3[nH]c2=O)cc1,0,training
O=C(OCc1ccccc1C1CSCSC1)c1cc(C(=O)OCc2ccccc2C2CSCSC2)c(C(=O)OCc2ccccc2C2CSCSC2)cc1C(=O)OCc1ccccc1C1CSCSC1,0,training
CON=C(C(=O)N(C(=O)C(=NOC)c1csc(NC(c2ccccc2)(c2ccccc2)c2ccccc2)n1)n1cnn(CC(=O)OC(C)(C)C)c1=O)c1csc(NC(c2ccccc2)(c2ccccc2)c2ccccc2)n1,0,training
COC(=O)C(Cc1cn(C(c2ccccc2)(c2ccccc2)c2ccccc2)cn1)NCc1cc(N(C)C)cc(CNC(Cc2cn(C(c3ccccc3)(c3ccccc3)c3ccccc3)cn2)C(=O)OC)n1,0,training
CN(C)c1cc(CNC(Cc2cn(C(c3ccccc3)(c3ccccc3)c3ccccc3)cn2)C(=O)O)nc(CNC(Cc2cn(C(c3ccccc3)(c3ccccc3)c3ccccc3)cn2)C(=O)O)c1,0,training
Cn1c(=O)c(C(=O)NC(=O)OCc2ccccc2)cn(CCCOC(=O)CCCCCCCCC(=O)OCCCn2cc(C(=O)NC(=O)OCc3ccccc3)c(=O)n(C)c2=O)c1=O,0,training
CC(C)(C)OC(=O)CCCCCNC(=O)CCCCCNC(=O)CCC(CN(CC(=O)OCc1ccccc1)CC(=O)OCc1ccccc1)N(CC(=O)OCc1ccccc1)CC(=O)OCc1ccccc1,0,training
CC(C)(C)OC(=O)NC(Cc1ccccc1)C(=O)OCn1c(O)c2c(c1O)C1C=CC2C2c3c(c(O)n(COC(=O)C(Cc4ccccc4)NC(=O)OC(C)(C)C)c3O)C12,0,training
CC(C)CC(NC(=O)c1cccc(O)c1O)C(=O)NCc1cc(CNC(=O)C(CC(C)C)NC(=O)c2cccc(O)c2O)cc(CNC(=O)C(CC(C)C)NC(=O)c2cccc(O)c2O)c1,0,training
COC(=O)C(NC1(c2ccccc2)c2ccccc2-c2ccccc21)C(C(=O)OC)N(NC(=O)OCc1ccccc1)C(=O)OCc1ccccc1,0,training
O=C(O)CCCCCNC(=O)CCC(CN(CC(=O)OCc1ccccc1)CC(=O)OCc1ccccc1)N(CC(=O)OCc1ccccc1)CC(=O)OCc1ccccc1,0,training
NC(Cc1ccccc1)C(=O)OCn1c(O)c2c(c1O)C1C=CC2C2c3c(c(O)n(COC(=O)C(N)Cc4ccccc4)c3O)C12,0,training
COC(=O)C1CN(C(=O)c2ccccc2)C(=O)N1,1,training
COC(=O)C1CN(C(=O)Cc2ccccc2)C(=O)N1,1,training
COC(=O)C1CN(C(=O)CCc2ccccc2)C(=O)N1,0,training
O=C(O)CN1CCN(CC(=O)N2CCN(C(=O)OCc3ccccc3)CC2)CCN(CC(=O)O)CCN(CC(=O)N2CCN(C(=O)OCc3ccccc3)CC2)CC1,0,training
CC(C)(C)OC(=O)CN1CCN(CC(=O)N2CCN(C(=O)OCc3ccccc3)CC2)CCN(CC(=O)OC(C)(C)C)CCN(CC(=O)N2CCN(C(=O)OCc3ccccc3)CC2)CC1,0,training
O=C(OCc1ccccc1)N1CCN(C(=O)OCc2ccccc2)CCN(C(=O)OCc2ccccc2)CCN(C(=O)OCc2ccccc2)CCN(C(=O)OCc2ccccc2)CC1,0,training
COC(=O)C(Cc1ccccc1)N=Cc1c(O)c(O)c(C(C)C)c2cc(C)c(-c3c(C)cc4c(C(C)C)c(O)c(O)c(C=NC(Cc5ccccc5)C(=O)OC)c4c3O)c(O)c12,0,training
O=C(CCCCCCCCC(=O)NN1C(=O)C(=Cc2ccc(O)c(O)c2)SC1c1c(O)ccc2ccccc12)NN1C(=O)C(=Cc2ccc(O)c(O)c2)SC1c1c(O)ccc2ccccc12,0,training
O=C(CCCCCCCCC(=O)NN1C(=O)C(=Cc2ccc(O)c(O)c2)SC1c1ccc(Cl)cc1)NN1C(=O)C(=Cc2ccc(O)c(O)c2)SC1c1ccc(Cl)cc1,0,training
COc1ccc(C=C2SC(c3c(O)ccc4ccccc34)N(NC(=O)CCCCCCCCC(=O)NN3C(=O)C(=Cc4ccc(OC)c(OC)c4)SC3c3c(O)ccc4ccccc34)C2=O)cc1OC,0,training
COc1ccc(C=C2SC(c3ccc(Cl)cc3)N(NC(=O)CCCCCCCCC(=O)NN3C(=O)C(=Cc4ccc(OC)c(OC)c4)SC3c3ccc(Cl)cc3)C2=O)cc1OC,1,training
COc1ccc(C=C2SC(c3ccccc3)N(NC(=O)CCCCCCCCC(=O)NN3C(=O)C(=Cc4ccc(OC)c(OC)c4)SC3c3ccccc3)C2=O)cc1OC,0,training
CCCCCCCCCCCCCCCCCCSCC(C)(COP(=O)(O)OP(=O)(O)OCC1OC(n2cc(C)c(=O)[nH]c2=O)CC1N=[N+]=[N-])OC(=O)CCCCCCCCCCCCCCC,1,training
CCCCCCCCCCCCCCCCCCSCC(COP(=O)(O)OP(=O)(O)OCC1OC(n2ccc(=O)[nH]c2=O)CC1N=[N+]=[N-])OC(=O)CCCCCCCCCCCCCCC,1,training
CCCCCCCCCCCCCCCCCCOCC(COP(=O)(O)OCC1OC(n2cc(C)c(=O)[nH]c2=O)CC1N=[N+]=[N-])OC(=O)CCCCCCCCCCCCCCC,0,training
CCCCCCCCCCCCCCCCCCNc1nc(=O)n(C2CC(O)C(COP(=O)(O)OCC3OC(n4cc(C)c(=O)[nH]c4=O)CC3N=[N+]=[N-])O2)cc1F,1,training
CCCCCCCCCCCCCCCCCCNc1nc(=O)n(C2CC(OC(C)=O)C(COP(=O)(O)OCC3CCC(n4ccc(NC(=O)CCCCCCCCCCCCCCC)nc4=O)O3)O2)cc1F,1,training
CCCCCCCCCCCCCCCCCCOC(COP(=O)(O)OCC1CCC(n2ccc(NC(=O)CCCCCCCCCCCCCCC)nc2=O)O1)COP(=O)(O)OCC1OC(n2cc(C)c(=O)[nH]c2=O)CC1N=[N+]=[N-],1,training
CCCCCCCCCCCCCCCCCCNc1ccn(C2OC(COP(=O)(O)OCC(COP(=O)(O)OCC3OC(n4cc(C)c(=O)[nH]c4=O)CC3N=[N+]=[N-])OC(=O)CCCCCCCCCCCCCCC)C(O)C2O)c(=O)n1,1,training
CCCCCCCCCCCCCCCCCCOC(COP(=O)(O)OCC1OC(n2cc(C)c(=O)[nH]c2=O)CC1N=[N+]=[N-])COP(=O)(O)OC1CC(n2cc(C)c(=O)[nH]c2=O)OC1CO,1,training
CCCCCCCCCCCCCCCC(=O)Nc1ccn(C2CCC(COP(=O)(O)OCC3OC(n4ccc(NC(=O)CCCCCCCCCCCCCCC)nc4=O)CC3OP(=O)(O)OCC3OC(n4cc(C)c(=O)[nH]c4=O)CC3N=[N+]=[N-])O2)c(=O)n1,1,training
CCCCCCCCCCCCCCCCCCCCCCNc1ccn(C2CC(OP(=O)(O)OCC3OC(n4cc(C)c(=O)[nH]c4=O)CC3N=[N+]=[N-])C(COP(=O)(O)OCC3CCC(n4ccc(N)nc4=O)O3)O2)c(=O)n1,1,training
CCCCCCCCCCCCCCCC(=O)Nc1ccn(C2CSC(COP(=O)(O)OC3CC(n4ccc(NC(=O)CCCCCCCCCCCCCCC)nc4=O)OC3CO)O2)c(=O)n1,1,training
CCCCCCCCCCCCCCCCCCOC(COP(=O)(O)OCC1CCC(n2cnc3c(=O)[nH]cnc32)O1)COP(=O)(O)OCC1OC(n2cc(C)c(=O)[nH]c2=O)CC1N=[N+]=[N-],1,training
CCCCCCCCCCCCCCCC(=O)Nc1ccn(C2CCC(COP(=O)(O)OCC3OC(n4ccc(NC(=O)CCCCCCCCCCCCCCC)nc4=O)CC3OP(=O)(O)OCC3OC(n4ccc(NC(=O)CCCCCCCCCCCCCCC)nc4=O)CS3)O2)c(=O)n1,1,training
CCCCCCCCCCCCCCCC(=O)Nc1ccn(C2CCC(COP(=O)(O)OCC(COP(=O)(O)OCC3OC(n4cc(C)c(=O)[nH]c4=O)CC3N=[N+]=[N-])OC(=O)CCCCCCCCCCCCCCC)O2)c(=O)n1,1,training
CSC1SCC2C(=O)N(C)C(C(C)C)C(=O)OCC(NC(=O)c3cnc4ccccc4n3)C(=O)NC(C)C(=O)N(C)C1C(=O)N(C)C(C(C)C)C(=O)OCC(NC(=O)c1cnc3ccccc3n1)C(=O)NC(C)C(=O)N2C,0,training
CCC(C)SC1SCC2C(=O)N(C)C3(CC3C)C(=O)OCC(NC(=O)c3nc4ccccc4cc3O)C(=O)NC(C)C(=O)N(C)C1C(=O)N(C)C1(CC1C)C(=O)OCC(NC(=O)c1nc3ccccc3cc1O)C(=O)NC(C)C(=O)N2C,0,training
CSC1SCC2C(=O)N(C)C3(CC3C)C(=O)OCC(NC(=O)c3nc4ccccc4cc3O)C(=O)NC(C)C(=O)N(C)C1C(=O)N(C)C1(CC1C)C(=O)OCC(NC(=O)c1nc3ccccc3cc1O)C(=O)NC(C)C(=O)N2C,0,training
CC(C)SC1SCC2C(=O)N(C)C3(CC3C)C(=O)OCC(NC(=O)c3nc4ccccc4cc3O)C(=O)NC(C)C(=O)N(C)C1C(=O)N(C)C1(CC1C)C(=O)OCC(NC(=O)c1nc3ccccc3cc1O)C(=O)NC(C)C(=O)N2C,0,training
CC1NC(=O)C2CCCCN2C(=O)CN(C)C(=O)CNC(=O)C2CCCCN2C(=O)C(NC(=O)c2nc3ccccc3cc2O)C(C)NC(=O)C2CCCCN2C(=O)CN(C)C(=O)CNC(=O)C2CCCCN2C(=O)C1NC(=O)c1nc2ccccc2cc1O,0,training
NCCCCC1NC(=O)C(CO)NC(=O)C(Cc2c[nH]cn2)NC(=O)CNC(=O)C(Cc2c[nH]c3ccccc23)NC(=O)C(Cc2c[nH]c3ccccc23)NC(=O)C(Cc2ccccc2)NC1=O,0,training
CC1CC2C(=O)OCC(NC(=O)C(Cc3ccccc3)NC(=O)C=CC=CC=CC=CCCC(=O)N=C3C(=O)CCC3=O)C(=O)N3CCCC3C(=O)N(C)C(C)C(=O)NC(C)C(=O)N2C1,1,training
CC1NC(=O)C(C)N(C)C(=O)C2CCCN2C(=O)C(NC(=O)C(Cc2ccccc2)NC(=O)C=CC=CC=CC=CCCC(=O)N=C2C(=O)CCC2=O)COC(=O)C2CCCN2C1=O,0,training
COC(c1ccc(O)cc1)C1NC(=O)C(CCC(N)=O)N(C)C(=O)C(CC(C)C)NC(=O)C(CCCN=C(N)N)NC(=O)C(C(C)O)NC(=O)C(NC(=O)C(NC(=O)C(O)C(O)C(CCCNC(=N)N)NC(=O)C(C)NC(=O)C(C)C(O)C(C)CC(C)C)C(C)C(C)C(N)=O)C(C)OC(=O)C(C)N(C)C1=O,1,training
CCC1NC(=O)C(C(O)C(C)C)N(C)C(=O)C(C(C)C)N(C)C(=O)C(CC(C)C)N(C)C(=O)C(CC(C)C)N(C)C(=O)C(C)NC(=O)C(CCCCNC(=O)OCc2ccccc2Cl)NC(=O)C(CC(C)C)N(C)C(=O)C(C(C)C)NC(=O)C(CC(C)C)N(C)C(=O)C(CO)N(C)C1=O,1,training
CCC1NC(=O)C(C(O)C(C)C)N(C)C(=O)C(C(C)C)N(C)C(=O)C(CC(C)C)N(C)C(=O)C(CC(C)C)N(C)C(=O)C(C)NC(=O)C(CCCCNC(=O)COc2ccc(CC(NC(=O)OC3CCOC3)C(O)CN(CC(C)C)S(=O)(=O)c3ccc(N)cc3)cc2)NC(=O)C(CC(C)C)N(C)C(=O)C(C(C)C)NC(=O)C(CC(C)C)N(C)C(=O)C(CO)N(C)C1=O,1,training
CCC1NC(=O)C(C(O)C(C)C)N(C)C(=O)C(C(C)C)N(C)C(=O)C(CC(C)C)N(C)C(=O)C(CC(C)C)N(C)C(=O)C(C)NC(=O)C(CCCCNC(=O)COc2ccc(Sc3c(O)cc(-c4ccccc4)oc3=O)c(C(C)(C)C)c2)NC(=O)C(CC(C)C)N(C)C(=O)C(C(C)C)NC(=O)C(CC(C)C)N(C)C(=O)C(CO)N(C)C1=O,0,training
Cc1ccc(C(=O)NC2C(=O)NC(C(C)C)C(=O)N3CCCC3C(=O)N(C)CC(=O)N(C)C(C(C)C)C(=O)OC2C)c2c1Oc1c(C)c(O)c(N)c(=C(O)N=C3C(=O)NC(C(C)C)C(=O)N4CCCC4C(=O)N(C)CC(=O)N(C)C(C(C)C)C(=O)OC3C)c1=N2,0,training
CC(C)CC1NC(=O)C(NC(=O)c2ncccc2O)C(C)OC(=O)C(c2ccccc2)N(C)C(=O)C(C)NC(=O)C(C(C)C(C)C)N(C)C(=O)CN(C)C(=O)C2CC(O)CN2C1=O,0,training
Cc1ccc(C(=O)NC2C(=O)NC(C(C)C)C(=O)N3CCCC3C(=O)N(C)CC(=O)N(C)C(C(C)C)C(=O)OC2C)c2c1Oc1c(c(C(=O)NC3C(=O)NC(C(C)C)C(=O)N4CCCC4C(=O)N(C)CC(=O)N(C)C(C(C)C)C(=O)OC3C)c3nc(-c4ccccc4)c(=O)oc3c1C)N2,0,training
CCCCCCCC(O)CC(=O)NC(CC(C)C)C(=O)NC(CCC(=O)O)C(=O)NC1C(=O)NC(C(C)C)C(=O)NC(CC(C)C)C(=O)NC(CO)C(=O)NC(CC(C)C)C(=O)NC(CO)C(=O)NC(C(C)CC)C(=O)OC1C,1,training
CCC(=NC(=O)C(CCCCN)NC(=O)C(C)NC(=O)C1CSC(C)C(NC(=O)C2CSCC(NC(=O)C(C)NC(=O)C(N)C(C)CC)C(=O)NC(CCCCN)C(=O)NC(Cc3ccccc3)C(=O)NC(CC(C)C)C(=O)N2)C(=O)N2CCCC2C(=O)NCC(=O)N1)C(=O)NCC(=O)NC1CSCC2NC(=O)C(Cc3ccc(O)cc3)NC(=O)C(CSC=CNC2=O)NC(=O)C(CC(N)=O)NC(=O)C(Cc2ccccc2)NC1=O,0,training
CC(O)C(CO)NC(=O)C1CSSCC(NC(=O)C(N)Cc2ccccc2)C(=O)NC(Cc2ccccc2)C(=O)NC(Cc2c[nH]c3ccccc23)C(=O)NC(CCCCN)C(=O)NC(C(C)O)C(=O)N1,0,training
CC(O)C1NC(=O)C(CCCCN)NC(=O)C(Cc2c[nH]c3ccccc23)NC(=O)C(Cc2ccccc2)NC(=O)C2CCCC2NC(=O)C(Cc2ccccc2)NC1=O,0,training
CCC1NC(=O)C(C(O)C(C)C)N(C)C(=O)C(C(C)C)N(C)C(=O)C(CC(C)C)N(C)C(=O)C(CC(C)C)N(C)C(=O)C(C)NC(=O)C(CCCCNC(=O)C(Cc2ccccc2)NC(=O)C(NC(=O)C2CCCN2CC(O)C(Cc2ccccc2)NC(=O)C(CC(N)=O)NC(=O)OCc2ccccc2)C(C)CC)NC(=O)C(CC(C)C)N(C)C(=O)C(C(C)C)NC(=O)C(CC(C)C)N(C)C(=O)C(CO)N(C)C1=O,1,training
CC=CCC(C)C(O)C1C(=O)NC(CC)C(=O)N(C)CC(=O)N(C)C(CC(C)C)C(=O)NC(C(C)C)C(=O)N(C)C(CC(C)C)C(=O)NC(C)C(=O)NC(C)C(=O)N(C)C(CC(C)C)C(=O)N(C)C(CC(C)C)C(=O)N(C)C(C(C)C)C(=O)N1C,1,training
CC(C)C1NC(=O)C(Cc2ccccc2)NC(=O)C2NC(=O)C(Cc3ccccc3)NC(=O)C3CCCN3C(=O)CNC(=O)C(Cc3ccccc3)NC(=O)C3CNCCCCC(C(=O)O)NC(=O)C4NC(=O)C(CC(N)=O)NC(=O)CNC(=O)C(C(O)C(=O)O)NC(=O)C(CSCC(NC(=O)C(CCC(N)=O)NC(=O)C(CCCN=C(N)N)NC(=O)C(N)CSC4C)C(=O)NC(CSC2C)C(=O)N3)NC1=O,1,training
CC=CCC(C)C(OS(=O)(=O)O)C1C(=O)NC(CC)C(=O)N(C)CC(=O)N(C)C(CC(C)C)C(=O)NC(C(C)C)C(=O)N(C)C(CC(C)C)C(=O)NC(C)C(=O)NC(C)C(=O)N(C)C(CC(C)C)C(=O)N(C)C(CC(C)C)C(=O)N(C)C(C(C)C)C(=O)N1C,1,training
CCC(C)C1NC(=O)C2CCCN2C(=O)C(Cc2ccc(O)cc2)NC(=O)C(CC(N)=O)NC(=O)C(CCC(N)=O)NC(=O)C(CO)NC(=O)C(C(C)C)NC(=O)C(N)CSSCC(C(=O)O)NC(=O)C(CCC(N)=O)NC(=O)C(C(C)C)NC1=O,0,training
Cc1ccc(C(=O)NC2C(=O)NC(C(C)C)C(=O)N3CCCCC3C(=O)N(C)CC(=O)N(C)C(C(C)C)C(=O)OC2C)c2c1Oc1c(C)c(O)c(N)c(=C(O)N=C3C(=O)NC(C(C)C)C(=O)N4CCCCC4C(=O)N(C)CC(=O)N(C)C(C(C)C)C(=O)OC3C)c1=N2,0,training
NC(=O)CNC(=O)C1CCCN1C(=O)C1CCCCNOC(=O)CCC(NC(=O)OCC2c3ccccc3-c3ccccc32)C(=O)NC(Cc2c[nH]c3ccccc23)C(=O)N1,0,training
CNC(=O)CC1NC(=O)c2csc(n2)-c2ccc(-c3nc(C4=NC(C(=O)N5CCCC5C(N)=O)CO4)cs3)nc2-c2csc(n2)-c2csc(n2)C(C(C)C)NC(=O)CNC(=O)c2csc(n2)C(C(C)C)NC(=O)c2nc1sc2C,0,training
CC(CCC(=O)OC1CCC2(C)C(CCC3C2CCC2(C)C(C(C)CCc4nc5ccccc5[nH]4)CCC32)C1)C1CCC2C3CCC4CC(O)CCC4(C)C3CCC12C,0,training
CC(C)CCCC(C)C1CCC2C3CC=C4CC(OP(=O)(O)OCCC=C(c5cc(Cl)c(O)c(C(=O)O)c5)c5cc(Cl)c(O)c(C(=O)O)c5)CCC4(C)C3CCC12C,0,training
CC12CCC3C(CCC4CC(CC=C(c5cc(Cl)c(O)c(C(=O)O)c5)c5cc(Cl)c(O)c(C(=O)O)c5)CCC43C)C1CCC2CC=C(c1cc(Cl)c(O)c(C(=O)O)c1)c1cc(Cl)c(O)c(C(=O)O)c1,1,training
CC(C)CCCC(C)C1CCC2C3CCC4CC(OP(=O)(O)OCCC=C(c5cc(Cl)c(O)c(C(=O)O)c5)c5cc(Cl)c(O)c(C(=O)O)c5)CCC4(C)C3CCC12C,0,training
COC(=O)c1cc(C(=CC(=O)NC2CCC3(C)C(CCC4C3CCC3(C)C(C(C)CCCC(C)C)CCC43)C2)c2cc(Cl)c(OC)c(C(=O)OC)c2)cc(Cl)c1OC,0,training
COC(=O)c1cc(C(=O)Nc2cc(C(=CCCC3CCC4(C)C(CCC5C4CCC4(C)C(C(C)CCCC(C)C)CCC54)C3)c3cc(NC(=O)c4ccc(OC)c(C(=O)OC)c4)c(OC)c(C(=O)OC)c3)cc(C(=O)OC)c2OC)ccc1OC,0,training
COc1ccc(C(=O)Nc2cc(C(=CCCC3CCC4(C)C(CCC5C4CCC4(C)C(C(C)CCCC(C)C)CCC54)C3)c3cc(NC(=O)c4ccc(OC)c(C(=O)O)c4)c(OC)c(C(=O)O)c3)cc(C(=O)O)c2OC)cc1C(=O)O,1,training
COC(=O)c1cc(C(=CCC(=O)NC2CCC3(C)C(CCC4C3CCC3(C)C(C(C)CCCC(C)C)CCC43)C2)c2cc(Cl)c(OC)c(C(=O)OC)c2)cc(Cl)c1OC,0,training
CC(C)CCCC(C)C1CCC2C3CCC4CC(NC(=O)CC=C(c5cc(Cl)c(O)c(C(=O)O)c5)c5cc(Cl)c(O)c(C(=O)O)c5)CCC4(C)C3CCC12C,1,training
COc1c(Cl)cc(C(=CCC(=O)NC2CCC3(C)C(CCC4C3CCC3(C)C(C(C)CCCC(C)C)CCC43)C2)c2cc(Cl)c(OC)c(C(=O)O)c2)cc1C(=O)O,0,training
CC(C)CCCC(C)C1CCC2C1CCC1C3(C)CCC(CCC=C(c4cc(Cl)c(OCC(=O)O)c(C(=O)O)c4)c4cc(Cl)c(OCC(=O)O)c(C(=O)O)c4)CC3CCC21C,0,training
COc1c(Cl)cc(C(=CCNC2CCC3(C)C(CCC4C3CCC3(C)C(C(C)CCCC(C)C)CCC43)C2)c2cc(Cl)c(OC)c(C(=O)O)c2)cc1C(=O)O,0,training
COC(=O)c1cc(C(=CCNC2CCC3(C)C(CCC4C3CCC3(C)C(C(C)CCCC(C)C)CCC43)C2)c2cc(Cl)c(OC)c(C(=O)OC)c2)cc(Cl)c1OC,0,training
COc1c(Cl)cc(C(=CCCCCNC2CCC3(C)C(CCC4C3CCC3(C)C(C(C)CCCC(C)C)CCC43)C2)c2cc(Cl)c(OC)c(C(=O)O)c2)cc1C(=O)O,0,training
CN(C)CCCNC(=O)c1cc(NC(=O)c2cc(NC(=O)C3CC3C(=O)Nc3cc(C(=O)Nc4cc(C(=O)NCCCN(C)C)n(C)c4)n(C)c3)cn2C)cn1C,0,training
CN(C)CCCNC(=O)CNC(=O)c1cc(NC(=O)c2cc(NC(=O)c3cc(NC(=O)CCNC(=O)c4cc(NC(=O)c5cc(NC(=O)c6nccn6C)cn5C)cn4C)cn3C)cn2C)cn1C,0,training
CN(C)CCCNC(=O)CCNC(=O)c1cc(NC(=O)c2cc(NC(=O)c3cc(NC(=O)c4nc(NC(=O)CCCNC(=O)c5cc(NC(=O)c6cc(NC(=O)c7cc(NC(=O)c8nccn8C)cn7C)cn6C)cn5C)cn4C)cn3C)cn2C)cn1C,1,training
CN(C)CCCNC(=O)CCNC(=O)c1cc(NC(=O)c2cc(NC(=O)c3cc(NC(=O)CCCNC(=O)c4cc(NC(=O)c5cc(NC(=O)c6nccn6C)cn5C)cn4C)cn3C)cn2C)cn1C,0,training
CC(=O)Nc1cc(C(=O)Nc2cc(C(=O)Nc3cc(C(=O)Nc4cc(C(=O)Nc5cc(C(=O)NCCC(=O)NCCCN(C)C)n(C)c5)n(C)c4)n(C)c3)n(C)c2)n(C)c1,0,training
CN(C)CCCNC(=O)c1cc(NC(=O)c2cc(NC(=O)c3cc(NC(=O)c4ccc(C(=O)Nc5cc(C(=O)Nc6cc(C(=O)Nc7cc(C(=O)NCCCN(C)C)n(C)c7)n(C)c6)n(C)c5)cc4)cn3C)cn2C)cn1C,0,training
CN(C)CCCNC(=O)c1cc(NC(=O)c2cc(NC(=O)c3cc(NC(=O)c4cccc(C(=O)Nc5cc(C(=O)Nc6cc(C(=O)Nc7cc(C(=O)NCCCN(C)C)n(C)c7)n(C)c6)n(C)c5)n4)cn3C)cn2C)cn1C,0,training
CN(C)CCCNC(=O)c1cc(NC(=O)c2cc(NC(=O)c3cc(NC(=O)c4cccc(C(=O)Nc5cc(C(=O)Nc6cc(C(=O)Nc7cc(C(=O)NCCCN(C)C)n(C)c7)n(C)c6)n(C)c5)c4)cn3C)cn2C)cn1C,0,training
CN(C)CCCNC(=O)c1cc(NC(=O)c2cc(NC(=O)c3cc(NC(=O)c4cncc(C(=O)Nc5cc(C(=O)Nc6cc(C(=O)Nc7cc(C(=O)NCCCN(C)C)n(C)c7)n(C)c6)n(C)c5)c4)cn3C)cn2C)cn1C,0,training
CN(C)CCCNC(=O)c1cc(NC(=O)c2cc(NC(=O)c3cc(NC(=O)c4ccc(C(=O)Nc5cc(C(=O)Nc6cc(C(=O)Nc7cc(C(=O)NCCCN(C)C)n(C)c7)n(C)c6)n(C)c5)nc4)cn3C)cn2C)cn1C,0,training
CN(C)CCCNC(=O)c1cc(NC(=O)c2cc(NC(=O)c3cc(NC(=O)c4ccnc(C(=O)Nc5cc(C(=O)Nc6cc(C(=O)Nc7cc(C(=O)NCCCN(C)C)n(C)c7)n(C)c6)n(C)c5)c4)cn3C)cn2C)cn1C,0,training
Cn1cc(NC(=O)c2cc(NC(=O)CCCCCC(=O)Nc3cc(C(=O)Nc4cc(C(=O)NCCC(=N)N)n(C)c4)n(C)c3)cn2C)cc1C(=O)NCCC(=N)N,1,training
Cn1cc(NC(=O)c2cc(NC(=O)CCCCCCC(=O)Nc3cc(C(=O)Nc4cc(C(=O)NCCC(=N)N)n(C)c4)n(C)c3)cn2C)cc1C(=O)NCCC(=N)N,0,training
Cn1cc(NC(=O)c2cc(NC(=O)CCCCCCCC(=O)Nc3cc(C(=O)Nc4cc(C(=O)NCCC(=N)N)n(C)c4)n(C)c3)cn2C)cc1C(=O)NCCC(=N)N,1,training
Cn1cc(NC(=O)c2cc(NC(=O)CCCCCCCCCC(=O)Nc3cc(C(=O)Nc4cc(C(=O)NCCC(=N)N)n(C)c4)n(C)c3)cn2C)cc1C(=O)NCCC(=N)N,1,training
Cn1cc(NC(=O)c2cc(NC(=O)CCCCCCCCCCC(=O)Nc3cc(C(=O)Nc4cc(C(=O)NCCC(=N)N)n(C)c4)n(C)c3)cn2C)cc1C(=O)NCCC(=N)N,1,training
Cn1cc(NC(=O)c2cc(NC(=O)CCCCCCCCC(=O)Nc3cc(C(=O)Nc4cc(C(=O)NCCC(N)N)n(C)c4)n(C)c3)cn2C)cc1C(=O)NCCC(=N)N,0,training
CC1(C)CC(=O)c2c(nc3ccc4ccccc4c3c2-c2ccc(NC(=O)CCCC(=O)Nc3ccc(-c4c5c(nc6ccc7ccccc7c46)CC(C)(C)CC5=O)cc3)cc2)C1,0,training
CC1(C)CC(=O)c2c(nc3ccc4ccccc4c3c2-c2ccc(NC(=O)CCCCC(=O)Nc3ccc(-c4c5c(nc6ccc7ccccc7c46)CC(C)(C)CC5=O)cc3)cc2)C1,0,training
CC1(C)CC(=O)c2c(nc3ccc4ccccc4c3c2-c2ccc(NC(=O)CCCCCCCCC(=O)Nc3ccc(-c4c5c(nc6ccc7ccccc7c46)CC(C)(C)CC5=O)cc3)cc2)C1,0,training
CC1(C)CC(=O)c2c(nc3c(ccc4ccccc43)c2-c2ccc(NC(=O)CCC(=O)Nc3ccc(-c4c5c(nc6c4ccc4ccccc46)CC(C)(C)CC5=O)cc3)cc2)C1,0,training
CC1(C)CC(=O)c2c(nc3c(ccc4ccccc43)c2-c2ccc(NC(=O)CCCC(=O)Nc3ccc(-c4c5c(nc6c4ccc4ccccc46)CC(C)(C)CC5=O)cc3)cc2)C1,0,training
CC1(C)CC(=O)c2c(nc3c(ccc4ccccc43)c2-c2ccc(NC(=O)CCCCC(=O)Nc3ccc(-c4c5c(nc6c4ccc4ccccc46)CC(C)(C)CC5=O)cc3)cc2)C1,0,training
CC1(C)CC(=O)c2c(nc3c(ccc4ccccc43)c2-c2ccc(NC(=O)CCCCCCCCC(=O)Nc3ccc(-c4c5c(nc6c4ccc4ccccc46)CC(C)(C)CC5=O)cc3)cc2)C1,0,training
CC1(C)CC(=O)c2c(nc3ccc4ccccc4c3c2-c2ccc(NC(=O)CCC(=O)Nc3ccc(-c4c5c(nc6ccc7ccccc7c46)CC(C)(C)CC5=O)cc3)cc2)C1,0,training
O=C(OC1C(OC(=O)c2cccnc2)C(OC(=O)c2cccnc2)C(OC(=O)c2cccnc2)C(OC(=O)c2cccnc2)C1OC(=O)c1cccnc1)c1cccnc1,0,training
COc1cc2c(c(OC)c1OC)-c1ccc(NCCCNc3ccc4c(cc3=O)C(NC(C)=O)CCc3cc(OC)c(OC)c(OC)c3-4)c(=O)cc1C(NC(C)=O)CC2,0,training
CC(C)Cc1cccc(C(C)C)c1NC(=O)CCC(=O)NN=C1C(=NNC(=O)CCC(=O)Nc2c(C(C)C)cccc2C(C)C)C(c2ccc3c(c2)OCO3)Oc2ccccc21,0,training
CCc1cc(Cc2cc(CC)c(NC(=O)C3=CC(=O)CC(c4ccc(OC)cc4)O3)c(CC)c2Cl)c(Cl)c(CC)c1NC(=O)C1=CC(=O)CC(c2ccc(OC)cc2)O1,0,training
O=C(NCCCCCCNC(=O)n1cc(F)c(=O)[nH]c1=O)NCCCOCCOCCOCCOCCOCCOCCOCCOCCOCCOCCOCCOCCOCCOCCOCCOCCOCCOCCOCCOCCOCCCNC(=O)C(O)C(O)C(OC1OC(CO)C(O)C(O)C1O)C(O)CO,0,training
COC1C(OC(=O)c2ccc(C)[nH]2)C(O)C(Oc2ccc3c(=O)c(NC(=O)c4c[nH]c(C(=O)Nc5c(O)oc6c(C)c(OC7OC(C)(C)C(OC)C(OC(=O)c8ccc(C)[nH]8)C7O)ccc6c5=O)c4C)c(O)oc3c2C)OC1(C)C,1,training
CC(=O)OC1=C2C(C)C(OC(=O)C(O)C(NC(=O)c3ccccc3)c3ccccc3)CC(O)(C(OC(=O)c3ccccc3)C3C4(OC(C)=O)COC4CC(O)C3(C)C1=O)C2(C)C,0,training
O=C(O)CC1C(=O)OC2C3COC(=O)c4cc(O)c(O)c(O)c4-c4c(cc(O)c(O)c4O)C(=O)OC2C(OC(=O)c2cc(O)c(O)c4c2C1C(O)C(=O)O4)C(OC(=O)c1cc(O)c(O)c(O)c1)O3,1,training
COc1cc(C(CC(C)=O)c2cc3c(cc2OC(C)=O)OCO3)cc(OC)c1OC,0,training
CC(=O)OC1=C2C(C)C(OC(=O)C(OC(=O)CCCC(=O)NCCCN(C)C)C(NC(=O)c3ccccc3)c3ccccc3)CC(O)(C(OC(=O)c3ccccc3)C3C4(OC(C)=O)COC4CC(O)C3(C)C1=O)C2(C)C,0,training
COc1ccc(C(OCC2OC(N3CN4C(=NC3=O)N(C(=O)C(C)C)C(OC(=O)C(C)C)C4OC(=O)C(C)C)CC2OP(OC)N(C(C)C)C(C)C)(c2ccccc2)c2ccc(OC)cc2)cc1,0,training
COc1ccc(C2c3cc4c(cc3OC(O)(CO)C2C(=O)O)OCO4)c(OC)c1OC,0,training
O=C(OC1CC(OC(=O)c2cc(O)c(O)c(O)c2)(C(=O)O)CC(OC(=O)c2cc(O)c(O)c(O)c2)C1OC(=O)c1cc(O)c(O)c(O)c1)c1cc(O)c(O)c(O)c1,0,training
C=C1C(OC(=O)C(OC(C)=O)C(c2ccccc2)N(C)C)CC(OC(C)=O)C2(C)C(OC(C)=O)C(OC(C)=O)C3=C(C)C(OC(C)=O)CC(C(OC(C)=O)C12)C3(C)C,0,training
O=C(O)CC1C(=O)OC2C(COC(=O)c3cc(O)c(O)c(O)c3)OC(OC(=O)c3cc(O)c(O)c(O)c3)C(OC(=O)c3cc(O)c(O)c4c3C1C(O)C(=O)O4)C2OC(=O)c1cc(O)c(O)c(O)c1,1,training
O=C1C=C(c2ccc(O)cc2)C(OC2OC(CO)C(O)C(O)C2O)Cc2ccc(O)cc2O1,0,training
Cc1ccc(S(=O)(=O)OC2C(C(=C3CC(=O)C4=C(C3=O)C(=O)c3ccccc3C4=O)c3cc(O)c4c(O)c5ccccc5c(O)c4c3O)OC3OC(C)(C)OC32)cc1,0,training
O=C(OC1C2OC(=O)c3cc(O)c(O)c(O)c3Oc3cc4c(c(O)c3O)-c3c(cc(O)c(O)c3O)C(=O)OCC3OC(O)C(OC(=O)c5cc(O)c(O)c(O)c5Oc5cc6c(c(O)c5O)-c5c(cc(O)c(O)c5O)C(=O)OC1C(COC6=O)OC2O)C(OC(=O)c1cc(O)c(O)c(O)c1)C3OC4=O)c1cc(O)c(O)c(O)c1,1,training
COc1cc(C)cc2c(-c3c(OC(C)=O)cc(OC(C)=O)c4c3CC(C)N(C(C)=O)C4C)cc(-c3cc(-c4c(OC(C)=O)cc(OC(C)=O)c5c4CC(C)N(C(C)=O)C5C)c4cc(C)cc(OC)c4c3O)c(O)c12,0,training
COc1ccc(C(OCC2OC3(COC(c4ccccc4)(c4ccc(OC)cc4)c4ccc(OC)cc4)C(Oc4nc(=O)ccn43)C2O)(c2ccccc2)c2ccc(OC)cc2)cc1,0,training
CCCc1cc(=O)oc2c3c(c4c(c12)OC(C)(C)C(OC(=O)c1ccc(Br)cc1)C4OC(=O)c1ccc(Br)cc1)OC(C)C(C)C3OC(=O)c1ccc(Br)cc1,0,training
CC(=O)OC1COC(N2c3ccccc3C3CCc4c([nH]c5ccccc45)C32)C(OC(C)=O)C1OC(C)=O,0,training
COC(=O)C1OC(OC2=C(c3ccc(OC)cc3)C(=O)C(OC3OC(C(=O)OC)C(OC(C)=O)C(OC(C)=O)C3OC(C)=O)=C(c3ccc(OC)cc3)C2=O)C(OC(C)=O)C(OC(C)=O)C1OC(C)=O,0,training
CCOC(=O)C1(Br)C(c2ccccc2)NC(=O)N(C2OC(COC(=O)c3ccccc3)C(OC(=O)c3ccccc3)C2OC(=O)c2ccccc2)C1(C)Br,0,training
O=C(OCC1OC(OC(=O)c2cc(O)c(O)c(O)c2)C(OC(=O)c2cc(O)c(O)c(O)c2)C(OC(=O)c2cc(O)c(O)c(O)c2)C1OC(=O)c1cc(O)c(O)c(O)c1)c1cc(O)c(O)c(O)c1,0,training
O=C(OCC1OC(OC(=O)c2cc(O)c(O)c(OC(=O)c3cc(O)c(O)c(O)c3)c2)C(OC(=O)c2cc(O)c(O)c(OC(=O)c3cc(O)c(O)c(O)c3)c2)C(OC(=O)c2cc(O)c(O)c(OC(=O)c3cc(O)c(O)c(O)c3)c2)C1OC(=O)c1cc(O)c(O)c(OC(=O)c2cc(O)c(O)c(O)c2)c1)c1cc(O)c(O)c(OC(=O)c2cc(O)c(O)c(O)c2)c1,0,training
COc1ccc(COCCC(C)OC2OC(CO[Si](C)(C)C(C)(C)C)C(OC(=O)CCCN=[N+]=[N-])C(OC(=O)CCCN=[N+]=[N-])C2OC(=O)CCCN=[N+]=[N-])cc1,0,training
COc1ccc(-n2c(Cn3nnc(-c4cccnc4)n3)nn(C3OC(COC(=O)c4ccccc4)C(OC(=O)c4ccccc4)C3OC(=O)c3ccccc3)c2=S)cc1,0,training
Cc1ccc(-n2c(Cn3nnc(-c4cccnc4)n3)nn(C3OC(COC(=O)c4ccccc4)C(OC(=O)c4ccccc4)C3OC(=O)c3ccccc3)c2=S)cc1C,0,training
O=C(OCC1OC(n2nc(Cn3nnc(-c4cccnc4)n3)n(-c3cccc4ccccc34)c2=S)C(OC(=O)c2ccccc2)C1OC(=O)c1ccccc1)c1ccccc1,0,training
CC(C)(C)[Si](C)(C)OCC1OC(n2ccc(=O)[nH]c2=O)C(O[Si](C)(C)C(C)(C)C)C1CC=[N+]([O-])CC1OC(n2ccc(=O)[nH]c2=O)C(O[Si](C)(C)C(C)(C)C)C1O[Si](C)(C)C(C)(C)C,0,training
CC(C)(C)[Si](C)(C)OCC1OC(n2ccc(=O)[nH]c2=O)C(CC=[N+]([O-])CC2OC(n3ccc(=O)[nH]c3=O)C(O[Si](C)(C)C(C)(C)C)C2O[Si](C)(C)C(C)(C)C)C1O[Si](C)(C)C(C)(C)C,0,training
CC(C)(C)[Si](C)(C)OCC1OC(n2ccc(=O)[nH]c2=O)C(O[Si](C)(C)C(C)(C)C)C1CCN(O)CC1OC(n2ccc(=O)[nH]c2=O)C(O[Si](C)(C)C(C)(C)C)C1O[Si](C)(C)C(C)(C)C,0,training
CC(C)(C)[Si](C)(C)OCC1OC(n2ccc(=O)[nH]c2=O)C(CCN(O)CC2OC(n3ccc(=O)[nH]c3=O)C(O[Si](C)(C)C(C)(C)C)C2O[Si](C)(C)C(C)(C)C)C1O[Si](C)(C)C(C)(C)C,0,training
CC(C)(C)c1cc(C2c3cc4c(cc3OC(O)(CO)C2C(=O)O)OCO4)cc(C(C)(C)C)c1O,0,training
N#Cc1cccc(C2C(=O)c3ccc(C(=O)c4ccc5c(c4)C(=O)N(c4ccc(Oc6ccc(N7C(=O)c8ccc(C(=O)c9ccc%10c(c9)C(=O)N(c9cccc(C#N)c9)C%10=O)cc8C7=O)cc6)cc4)C5=O)cc3C2=O)c1,0,training
COc1cccc2c1O[U]134(=O)(=O)(O)(O)(OC(c5ccncc5)=N[N+]1=C2)OC(c1ccncc1)=N[N+]3=Cc1cccc(OC)c1O4,0,training
COC(=O)C1CCC(=O)N1,0,training
COC(=O)C1COC(=O)N1,0,training
COC(=O)C1CN(C(C)=O)C(=O)N1,0,training
COc1ccc(C(OCC2OC(n3ccc(Oc4c(F)c(F)c(F)c(F)c4F)nc3=O)CC2OP(OCCC#N)N(C(C)C)C(C)C)(c2ccccc2)c2ccc(OC)cc2)cc1,0,training
CC(=O)Oc1ccc(-c2oc3c(C4C=C(C)CC(c5ccc(OC(C)=O)cc5OC(C)=O)C4C(=O)c4ccc(OC(C)=O)c(CC=C(C)C)c4O)c(OC(C)=O)cc(O)c3c(=O)c2CC=C(C)C)c(OC(C)=O)c1,0,training
CC(=O)Oc1ccc(-c2oc3c(C4C=C(C)CC(c5ccc(OC(C)=O)cc5OC(C)=O)C4C(=O)c4ccc(OC(C)=O)c(CC=C(C)C)c4OC(C)=O)c(OC(C)=O)cc(O)c3c(=O)c2CC=C(C)C)c(OC(C)=O)c1,0,training
CC(=O)Oc1ccc(-c2oc3c(C4C=C(C)CC(c5ccc(OC(C)=O)cc5OC(C)=O)C4C(=O)c4ccc(OC(C)=O)c(CC=C(C)C)c4OC(C)=O)c(OC(C)=O)cc(OC(C)=O)c3c(=O)c2CC=C(C)C)c(OC(C)=O)c1,0,training
O=C(c1ccc(Cl)cc1Cl)C1c2c(c(O)n(-c3ccc(Cc4ccc(-n5c(O)c6c(c5O)C(C(=O)c5ccc(Cl)cc5Cl)N(c5ccccc5)O6)cc4)cc3)c2O)ON1c1ccccc1,0,training
Cc1cc(C)c(C2c3c(c(O)n(-c4ccc(Cc5ccc(-n6c(O)c7c(c6O)C(c6c(C)cc(C)cc6C)N(c6ccccc6)O7)cc5)cc4)c3O)ON2c2ccccc2)c(C)c1,0,training
COc1ccc(C2c3c(c(O)n(-c4ccc(Cc5ccc(-n6c(O)c7c(c6O)C(c6ccc(OC)cc6)N(c6ccccc6)O7)cc5)cc4)c3O)ON2c2ccccc2)cc1,0,training
O=[N+]([O-])c1cccc(C2c3c(c(O)n(-c4ccc(Cc5ccc(-n6c(O)c7c(c6O)C(c6cccc([N+](=O)[O-])c6)N(c6ccccc6)O7)cc5)cc4)c3O)ON2c2ccccc2)c1,0,training
O=[N+]([O-])c1ccc(C2c3c(c(O)n(-c4ccc(Cc5ccc(-n6c(O)c7c(c6O)C(c6ccc([N+](=O)[O-])cc6)N(c6ccccc6)O7)cc5)cc4)c3O)ON2c2ccccc2)cc1,0,training
O=[N+]([O-])c1ccccc1-c1c2c(O)n(-c3ccc(Cc4ccc(-n5c(O)c6o[n+](-c7ccccc7)c(-c7ccccc7[N+](=O)[O-])c6c5O)cc4)cc3)c(O)c2o[n+]1-c1ccccc1,0,training
Oc1c2c(c(O)n1-c1ccc(Cc3ccc(-n4c(O)c5c(c4O)C(c4ccc(Cl)cc4Cl)N(c4ccccc4)O5)cc3)cc1)C(c1ccc(Cl)cc1Cl)N(c1ccccc1)O2,0,training
Oc1c2c(c(O)n1-c1ccc(Cc3ccc(-n4c(O)c5c(c4O)C(c4ccccc4Cl)N(c4ccccc4)O5)cc3)cc1)C(c1ccccc1Cl)N(c1ccccc1)O2,0,training
Oc1c2c(c(O)n1-c1ccc(Cc3ccc(-n4c(O)c5c(c4O)C(c4ccc(Cl)cc4)N(c4ccccc4)O5)cc3)cc1)C(c1ccc(Cl)cc1)N(c1ccccc1)O2,0,training
CC(=O)Nc1ccc(C2c3c(c(O)n(-c4ccc(Cc5ccc(-n6c(O)c7c(c6O)C(c6ccc(NC(C)=O)cc6)N(c6ccccc6)O7)cc5)cc4)c3O)ON2c2ccccc2)cc1,0,training
COc1cc(C2c3c(c(O)n(-c4ccc(Cc5ccc(-n6c(O)c7c(c6O)C(c6cc(OC)c(OC)c(OC)c6)N(c6ccccc6)O7)cc5)cc4)c3O)ON2c2ccccc2)cc(OC)c1OC,0,training
Cc1c(N)nc(C(CC(N)=O)NCC(N)C(N)=O)nc1C(=O)NC(C(=O)NC(C)C(O)C(C)C(=O)NC(C(=O)NCCc1nc(-c2nc(C(=O)NCCCNCCCCN)cs2)cs1)C(C)O)C(OC1OC(CO)C(O)C(O)C1OC1OC(CO)C(O)C(OC(N)=O)C1O)c1c[nH]cn1,0,training
Cc1c(N)nc(C2CC(=O)N2CC(N)C(N)=O)nc1C(=O)NC(C(=O)NC(C)C(O)C(C)C(=O)NC(C(=O)NCCc1nc(-c2nc(C(=O)NCCNCC(C)O)cs2)cs1)C(C)O)C(OC1OC(CO)C(O)C(O)C1OC1OC(CO)C(O)C(OC(N)=O)C1O)c1c[nH]cn1,0,training
Cc1c(N)nc(C(CC(N)=O)NCC(N)C(N)=O)nc1C(=O)NC(C(=O)NC(C)C(O)C(C)C(=O)NC(C(=O)NCCc1nc(-c2nc(C(=O)NCCCNC(C)c3ccccc3)cs2)cs1)C(C)O)C(OC1OC(CO)C(O)C(O)C1OC1OC(CO)C(O)C(OC(N)=O)C1O)c1c[nH]cn1,0,training
CCCCNCCCNCCCNC(=O)c1csc(-c2csc(CCNC(=O)C(NC(=O)C(C)C(O)C(C)NC(=O)C(NC(=O)c3nc(C(CC(N)=O)NCC(N)C(N)=O)nc(N)c3C)C(OC3OC(CO)C(O)C(O)C3OC3OC(CO)C(O)C(OC(N)=O)C3O)c3c[nH]cn3)C(C)O)n2)n1,0,training
Cc1c(N)nc(C(CC(N)=O)NCC(N)C(N)=O)nc1C(=O)NC(C(=O)NC(C)C(O)CC(=O)NC(C(=O)NC(OC1OC(C)C(N)C(O)C1O)C(O)c1nc(-c2nc(C(=O)NCCC[S+](C)C)cs2)cs1)C(C)O)C(OC1OC(CO)C(O)C(O)C1OC1OC(CO)C(O)C(OC(N)=O)C1O)c1c[nH]cn1,0,training
CCC1(O)CC(OC2CC(N(C)C)C(OC3CC(O)C(OC4CCC(=O)C(C)O4)C(C)O3)C(C)O2)c2c(cc3c(O)c4c(c(O)c3c2O)C(=O)C=CC4=O)C1C(=O)OC,0,training
CCC1(O)CC(OC2CC(N(C)C)C(OC3CC4OC5CC(=O)C(C)OC5OC4C(C)O3)C(C)O2)c2c(cc3c(O)c4c(c(O)c3c2O)C(=O)C=CC4=O)C1C(=O)OC,0,training
C=c1c2c(O)c3c(O)c(C)c4c(c3c1OC(C)=O)=C(OCO4)C(C)=CC(C)(O)C(O)C(C)C(OC(C)=O)C(C(=O)OC)C(O)C(C)C(O)C(C)(O)C=CC=C(C)C(=O)N2,0,training
CC(=O)OC1C(O)C(C)OC(OC2C(OC(=O)C3CCC4C(C3)OC3(CC(OC(=O)C=Cc5ccccc5)C(C)CO3)C43CO3)OC(C)C(O)C2OC(C)=O)C1O,0,training
COc1c(OC(C)C)cc2cc(O)c(C(=O)NC3Cc4ccc(c(Cl)n4)OC4C=C5C#CC(=CC#CC6OC56C4OC4CC(C)(O)C(O)C(C)O4)C(OC4CC(O)C(N(C)C)C(C)O4)COC3=O)cc2c1OC,0,training
CC(=O)OC1C(C)OC(OC2C3C=COC(OC4OC(CO)C(O)C(O)C4O)C3C3(CO)OC23)C(OC(=O)C=Cc2ccccc2)C1OC(=O)C=Cc1ccccc1,0,training
COC1CC(OC2C(C)OC(OC3C(C)OC(OC4C(O)CC(OC5CCC6(C)C(=CCC7(O)C6CC(OC(C)=O)C6(C)C(O)(C(C)=O)CCC76O)C5)OC4C)CC3OC)CC2OC)OC(C)C1O,0,training
COC1CC(OC2C(C)OC(OC3C(C)OC(OC4C(C)OC(OC5CCC6(C)C(=CCC7(O)C6CC(OC(C)=O)C6(C)C(O)(C(C)=O)CCC76O)C5)CC4OC)CC3OC)CC2OC)OC(C)C1O,0,training
COC1CC(OC2C(C)OC(OC3C(C)OC(OC4C(O)CC(OC5CCC6(C)C(=CCC7(O)C6CC(OC(=O)C=Cc6ccccc6)C6(C)C(O)(C(C)=O)CCC76O)C5)OC4C)CC3OC)CC2OC)OC(C)C1O,0,training
COC1CC(OC2C(C)OC(OC3C(C)OC(OC4C(C)OC(OC5CCC6(C)C(=CCC7(O)C6CC(OC(=O)C=C(C)C(C)C)C6(C)C(O)(C(C)=O)CCC76O)C5)CC4OC)CC3OC)CC2OC)OC(C)C1O,0,training
COC1CC(OC2C(C)OC(OC3C(C)OC(OC4C(C)OC(OC5CCC6(C)C(=CCC7(O)C6CC(O)C6(C)C(O)(C(C)=O)CCC76O)C5)CC4OC)CC3OC)CC2OC)OC(C)C1O,0,training
COC1CC(OC2C(C)OC(OC3C(C)OC(OC4C(C)OC(OC5CCC6(C)C(=CCC7(O)C6CC(OC(=O)C=Cc6ccccc6)C6(C)C(O)(C(C)=O)CCC76O)C5)CC4OC)CC3OC)CC2OC)OC(C)C1O,0,training
CC(=O)OC1C(CNC(=O)N(C)N=O)OC(OC2(CNC(=O)N(C)N=O)OC(CNC(=O)N(C)N=O)C(OC(C)=O)C2OC(C)=O)C(OC(C)=O)C1OC(C)=O,0,training
COCC1C(=O)NCC(=O)N2N=CCCC2C(=O)N(O)C(C)C(=O)OC(C(C)C)C(NC(=O)C(C)(O)C2(O)CCC(CC(C)C)C(C)O2)C(=O)N2NCCCC2C(=O)N1O,0,training
CCCC1CC=CC=CC=CC=CC(OC2OC(C)C(O)C(N)C2O)CC(O)C(C(=O)O)C(O)CC(=O)CC(O)CCCC(=O)CC(O)C(CC)C(=O)O1,0,training
COC(C(=O)C(O)C(C)O)C1Cc2cc3cc(OC4CC(OC5CC(O)C(O)C(C)O5)C(O)C(C)O4)c(C)c(O)c3c(O)c2C(=O)C1OC1CC(OC2CC(OC3CC(C)(O)C(O)C(C)O3)C(O)C(C)O2)C(O)C(C)O1,0,training
COC(C(=O)C(O)C(C)O)C1Cc2cc3cc(OC4CC(OC(C)=O)C(OC5CC(O)C(OC)C(C)O5)C(C)O4)cc(O)c3c(O)c2C(=O)C1OC1CC(OC2CC(OC3CC(C)(O)C(OC(=O)C(C)C)C(C)O3)C(O)C(C)O2)C(O)C(C)O1,0,training
CNC1C(OC2C(OC3C(O)C(O)C(N=C(N)N)C(O)C3N=C(N)N)OC(C)C2(O)C=O)OC(CO)C(OC2OC(CO)C(O)C(O)C2O)C1O,0,training
NCC1OC(OC2C(CO)OC(OC3C(O)C(N)CC(N)C3OC3OC(CN)C(O)C(O)C3N)C2O)C(N)C(O)C1O,0,training
COC1C(OC(C)=O)CC(=O)OC(C)CC2OC2C=CC(=O)C(C)CC(CC=O)C1OC1OC(C)C(OC2CC(C)(O)C(OC(=O)CC(C)C)C(C)O2)C(N(C)C)C1O,0,training
COC(C(=O)C(O)C(C)O)C1Cc2cc3cc(OC4CC(OC5CC(O)C(OC)C(C)O5)C(OC(C)=O)C(C)O4)c(C)c(O)c3c(O)c2C(=O)C1OC1CC(OC2CC(OC3CC(C)(O)C(OC(C)=O)C(C)O3)C(O)C(C)O2)C(O)C(C)O1,0,training
CCC1OC(=O)C(C)C(OC2CC(C)(OC)C(O)C(C)O2)C(C)C(OC2OC(C)CC(N(C)C)C2OC(=O)CCC2CCCC2)C(C)(O)CC(C)C(=O)C(C)C(O)C1(C)O,0,training
COC1C(O)CC(=O)OC(C)CC=CC=CC(OC2CCC(N(C)C)C(C)O2)C(C)CC(CC=O)C1OC1OC(C)C(OC2CC(C)(O)C(O)C(C)O2)C(N(C)C)C1O,0,training
COC(C(=O)C(O)C(C)O)C1Cc2cc3cc(OC4CC(OC5CC(O)C(O)C(C)O5)C(O)C(C)O4)c(C)c(O)c3c(O)c2C(=O)C1OC1CC(OC2CC(O)C(OC3CC(C)(O)C(O)C(C)O3)C(C)O2)C(O)C(C)O1,0,training
CC1OC(=O)CC(O)CC(O)CC(O)CCC(O)C(O)CC(=O)CC(O)C(C(=O)O)C(O)CC(OC2OC(C)C(O)C(N)C2O)C=CC=CC=CC=CCCC=CC=CC(C)(O)C(O)C1C,0,training
CC1(C(=O)O)CCC2(C)CCC3(C)C(=C2C1)CC(=O)C1C2(C)CCC(OC4OC(C(=O)O)C(O)C(O)C4OC4OC(C(=O)O)C(O)C(O)C4O)C(C)(C)C2CCC13C,0,training
NCC1OC(OC2C(CO)OC(OC3C(O)C(N)CC(N)C3OC3OC(CO)C(O)CC3N)C2O)C(N)C(O)C1OC1OC(CO)C(O)C(O)C1O,0,training
COC1CC2CCC(C)C(O)(O2)C(=O)C(=O)N2CCCCC2C(=O)OC(C(C)CC2CCC(O)C(OC)C2)CC(=O)C(C)=CC(C)C(O)C(OC)C(=O)C(C)CC(C)C=CC=CC=C1C,0,training
CCC(=O)OC1C(OC2C(C)C(OC3CC(C)(OC)C(O)C(C)O3)C(C)C(=O)OC(CC)C(C)(O)C(O)C(C)C(=O)C(C)CC2(C)O)OC(C)CC1N(C)C,0,training
COC(C(=O)C(O)C(C)O)C1Cc2cc3cc(OC4CC(OC5CC(O)C(O)C(C)O5)C(O)C(C)O4)c(C)c(O)c3c(O)c2C(=O)C1OC1CC(OC2CC(OC3CC(O)C(OC)C(C)O3)C(O)C(C)O2)C(O)C(C)O1,0,training
C=CC1(C)CCC2C(=CCC3C2(C)CC(O)C(O)C3(C)COC2OC(C(=O)O)C(O)C(O)C2O)C1,0,training
COC(=O)NC1C(C)OC(OC2CC=C(C)C3C=CC4C(OC5CC(OC6CCC(OC7CC(O)C(OC8CCC(O)C(C)O8)C(C)O7)C(C)O6)C(OC(C)=O)C(C)O5)C(C)CC(C)C4C3(C)C(=O)C3C(=O)OC4(CC(C=O)=CC(O)C4C=C2C)C3=O)CC1(C)[N+](=O)[O-],0,training
COC(=O)NC1C(C)OC(OC2CC=C(C)C3C=CC4C(OC5CC(OC6CC(O)C(OC7CC(O)C(OC)C(C)O7)C(C)O6)C(O)C(C)O5)C(C)CC(C)C4C3(C)C(=O)C3C(=O)OC4(CC(C)C(CO)=CC4C=C2C)C3=O)CC1(C)[N+](=O)[O-],0,training
CC1OC(OC23C(=O)CC(C)(O)CC2(O)C=CC2=C3C(=O)c3ccc(C4CC(OC5CCC(OC6CC(O)C(O)C(C)O6)C(C)O5)C(O)C(C)O4)c(O)c3C2=O)CCC1O,0,training
CC1C=CC=CC=CC=CC=CC=CC=CC(OC2OC(C)C(O)C(N)C2O)CC2OC(O)(CC(O)CC(O)C(O)CCC(O)CC(O)CC(=O)OC(C)C(C)C1O)CC(O)C2C(=O)O,1,training
COC1CC2CCC(C)C(O)(O2)C(=O)C(=O)N2CCCCC2C(=O)OC(C(C)CC2CCC(O)C(OC)C2)CC(=O)C(C)=CC(C)C(OC(=O)CN(C)C)C(OC)C(=O)C(C)CC(C)C=CC=CC=C1C,0,training
CCN(CC)CCC(=O)OC1C(C)=CC(C)C(=O)CC(C(C)CC2CCC(O)C(OC)C2)OC(=O)C2CCCCN2C(=O)C(=O)C2(O)OC(CCC2C)CC(OC)C(C)=CC=CC=CC(C)CC(C)C(=O)C1OC,0,training
CC1OC(OC23C(=O)CC(C)(O)CC2(O)C=CC2=C3c3oc(-c4ccc(O)cc4)c4cc(C5CC(OC6CCC(OC7CC(O)C(O)C(C)O7)C(C)O6)C(O)C(C)O5)c(O)c(c34)C2O)CCC1O,0,training
Cc1cc(O)c2c(c1)=CC(O)C1C(=O)c3c(OC4CC(O)C(OC5CC(OC6CCC(OC7CC(O)C(OC8CC(OC9CCC(O)C(C)O9)C(O)C(C)O8)C(C)O7)C(C)O6)C(O)C(C)O5)C(C)O4)ccc(O)c3C(=O)C=21,0,training
CC(=O)OC1C(OC2CCC34OC35CCC3(C)C(C6(C)CCC(C(C)(C)O)O6)C(O)CC3(C)C5CC(OC3OC(CO)C(O)C(O)C3O)C4C2(C)C)OCC(O)C1O,1,training
CCCCCC1CCCCCCCCCC(=O)OC2C(O)C(CO)OC(OC3C(O1)OC(C)C(O)C3O)C2OC1OC(C)C(OC(=O)C(C)CC)C(OC2OC(C)C(O)C(O)C2O)C1OC(=O)C(C)CC,0,training
CC(C)(O)C1CCC(C)(C2C(O)CC3(C)C4CC(OC5OCC(O)C(O)C5O)C5C(C)(C)C(OC6OCC(O)C(O)C6OC6OCC(O)C(O)C6O)CCC56CC46CCC23C)O1,0,training
CC(=O)OC1C(O)COC(OC2CCC34CC35CCC3(C)C(C6(C)CCC(C(C)(C)O)O6)C(O)CC3(C)C5CC(OC3OCC(O)C(O)C3O)C4C2(C)C)C1OC1OCC(O)C(O)C1O,0,training
Cc1ccc(C(=O)Nc2ccc(CP(=O)(O)O)cc2)cc1NC(=O)c1cccc(NC(=O)Nc2cccc(C(=O)Nc3cc(C(=O)Nc4ccc(CP(=O)(O)O)cc4)ccc3C)c2)c1,1,training
O=C(CN(c1ccc(S(=O)(=O)O)cc1)c1ccc(S(=O)(=O)O)cc1)Nn1cnc2ccc(S(=O)(=O)N(c3ccc(S(=O)(=O)O)cc3)c3ccc(S(=O)(=O)O)cc3)cc2c1=O,0,training
O=C(NCCCN(CCCCN(CCCNC(=O)c1cc(S(=O)(=O)O)cc(O)c1O)C(=O)c1cc(S(=O)(=O)O)cc(O)c1O)C(=O)c1cc(S(=O)(=O)O)cc(O)c1O)c1cc(S(=O)(=O)O)cc(O)c1O,0,training
O=C(Nc1cccc2c(OC(=O)C(Cl)Cl)c(N=Nc3ccc(S(=O)(=O)Nc4nccs4)cc3)cc(N=Nc3ccc(S(=O)(=O)Nc4nccs4)cc3)c12)C(Cl)Cl,0,training
Cc1cc(NS(=O)(=O)c2ccc(N=Nc3cc(N=Nc4ccc(S(=O)(=O)Nc5cc(C)nc(C)n5)cc4)c4c(NC(=O)C(Cl)Cl)cccc4c3OC(=O)C(Cl)Cl)cc2)nc(C)n1,0,training
Cc1nnc(NS(=O)(=O)c2ccc(N=Nc3cc(N=Nc4ccc(S(=O)(=O)Nc5nnc(C)s5)cc4)c4c(NC(=O)C(Cl)Cl)cccc4c3OC(=O)C(Cl)Cl)cc2)s1,0,training
O=S(=O)(O)c1ccc2c(c1)-c1nc-2nc2[nH]c(nc3nc(nc4[nH]c(n1)c1ccc(S(=O)(=O)O)cc41)-c1cc(S(=O)(=O)O)ccc1-3)c1ccc(S(=O)(=O)O)cc21,0,training
Cc1ccc(C(=O)Nc2ccc(S(=O)(=O)O)c3cc(S(=O)(=O)O)cc(S(=O)(=O)O)c23)cc1NC(=O)Nc1cc(C(=O)Nc2ccc(S(=O)(=O)O)c3cc(S(=O)(=O)O)cc(S(=O)(=O)O)c23)ccc1C,1,training
Cc1ccc(C(=O)Nc2ccc(S(=O)(=O)O)c3cc(S(=O)(=O)O)cc(S(=O)(=O)O)c23)cc1NC(=S)Nc1cc(C(=O)Nc2ccc(S(=O)(=O)O)c3cc(S(=O)(=O)O)cc(S(=O)(=O)O)c23)ccc1C,1,training
Cc1ccc(C(=O)Nc2ccc(S(=O)(=O)O)c3cc(S(=O)(=O)O)cc(S(=O)(=O)O)c23)cc1NC(=O)c1cccc(NC(=S)Nc2cccc(C(=O)Nc3cc(C(=O)Nc4ccc(S(=O)(=O)O)c5cc(S(=O)(=O)O)cc(S(=O)(=O)O)c45)ccc3C)c2)c1,1,training
O=C(Nc1ccc(S(=O)(=O)c2ccc(NC(=O)c3cc(S(=O)(=O)O)ccc3O)cc2)cc1)c1cc(S(=O)(=O)O)ccc1O,1,training
O=C(Nc1cc(C(=O)Nc2cccc(S(=O)(=O)O)c2)cc(C(=O)Nc2cccc(S(=O)(=O)O)c2)c1)c1cccc(C(=O)Nc2cc(C(=O)Nc3cccc(S(=O)(=O)O)c3)cc(C(=O)Nc3cccc(S(=O)(=O)O)c3)c2)c1,1,training
CC(=O)Nc1ccc(S(=O)(=O)Nc2ccc(S(=O)(=O)c3ccc(NC(=O)c4ccccc4SSc4ccccc4C(=O)Nc4ccc(S(=O)(=O)c5ccc(NS(=O)(=O)c6ccc(NC(C)=O)cc6)cc5)cc4)cc3)cc2)cc1,1,training
COc1ccc(C(=O)Nc2ccc(S(=O)(=O)c3ccc(NC(=O)c4ccccc4SSc4ccccc4C(=O)Nc4ccc(S(=O)(=O)c5ccc(NC(=O)c6ccc(OC)cc6)cc5)cc4)cc3)cc2)cc1,1,training
COc1cc(N=Nc2cc(NC(C)=O)c(N=Nc3ccc(S(=O)(=O)O)cc3)cc2S(=O)(=O)O)c(C)cc1N=Nc1cc(OC)c(NC(=O)c2ccc(N)cc2)cc1C,1,training
O=C(Nc1cc(S(=O)(=O)O)cc2cc(S(=O)(=O)O)c(N=Nc3cc(Nc4nc(Cl)nc(Nc5ccc(S(=O)(=O)O)cc5)n4)ccc3S(=O)(=O)O)c(O)c12)c1ccccc1,0,training
CCCCCCCCCCN(CCCCCCCCCC)CC(=O)Nc1ccc(S(=O)(=O)c2ccc(NC(=O)CN(CCCCCCCCCC)CCCCCCCCCC)cc2)cc1,0,training
CCCCCCCCCCCCN(CCCCCCCCCCCC)CC(=O)Nc1ccc(S(=O)(=O)c2ccc(NC(=O)CN(CCCCCCCCCCCC)CCCCCCCCCCCC)cc2)cc1,0,training
CCOC(=O)Nc1ccc(S(=O)(=O)I)cc1,0,training
COc1ccccc1N=Nc1c(S(=O)(=O)O)cc2cc(NC(=O)Nc3ccc4c(O)c(N=Nc5c(N)ccc6cc(S(=O)(=O)O)ccc56)c(S(=O)(=O)O)cc4c3)ccc2c1O,1,training
CCOc1cc(N=Nc2cc(Cl)c(S(=O)(=O)O)cc2Cl)c2cc(S(=O)(=O)O)ccc2c1N=Nc1c(S(=O)(=O)O)cc2cc(NC(=O)c3ccc(N)cc3)ccc2c1O,1,training
COc1ccccc1N=Nc1c(S(=O)(=O)O)cc2cc(NC(=O)Nc3ccc4c(O)c(N=Nc5ccc(S(=O)(=O)O)cc5C)c(S(=O)(=O)O)cc4c3)ccc2c1O,1,training
Cc1cc(NC(=O)c2ccc(N=Nc3c(S(=O)(=O)O)cc4cc(NC(=O)c5ccc(N)cc5)ccc4c3O)cc2)ccc1N=Nc1ccc2cc(S(=O)(=O)O)cc(S(=O)(=O)O)c2c1,1,training
Cc1ccc(N=Nc2c(S(=O)(=O)O)cc3cc(NC(=O)Nc4ccc5c(O)c(N=Nc6ccc7cc(S(=O)(=O)O)ccc7c6)c(S(=O)(=O)O)cc5c4)ccc3c2O)cc1,1,training
Cc1ccccc1N=Nc1c(S(=O)(=O)O)cc2cc(NC(=O)Nc3ccc4c(O)c(N=Nc5ccc6cc(S(=O)(=O)O)ccc6c5)c(S(=O)(=O)O)cc4c3)ccc2c1O,1,training
COc1cc(N=Nc2c(S(=O)(=O)O)cc3cc(NC(=O)Nc4ccc5c(O)c(N=Nc6ccc7cc(S(=O)(=O)O)ccc7c6)c(S(=O)(=O)O)cc5c4)ccc3c2O)c(C)cc1N,1,training
Cc1cc(N=Nc2ccc(NC(=O)c3ccc(NC(=O)c4ccccc4)cc3)c3ccc(S(=O)(=O)O)cc23)ccc1N=Nc1ccc2c(O)cc(S(=O)(=O)O)cc2c1,0,training
O=C(Nc1ccc(N=Nc2ccc(S(=O)(=O)O)cc2)cc1)c1ccc(N=Nc2c(S(=O)(=O)O)cc(O)c3c(NC(=O)c4ccccc4)cc(S(=O)(=O)O)cc23)cc1,1,training
O=C(Nc1ccc(Sc2ccc(N=Nc3c(O)c(S(=O)(=O)O)cc4cc(S(=O)(=O)O)ccc34)cc2)cc1)c1ccc(N=Nc2cc(S(=O)(=O)O)c3ccccc3c2O)cc1,0,training
O=C(Nc1ccc(Sc2ccc(N=Nc3c(O)c(S(=O)(=O)O)cc4cc(S(=O)(=O)O)ccc34)cc2)cc1)c1ccc(N=Nc2ccc3c(S(=O)(=O)O)cccc3c2O)cc1,0,training
Cc1cc(NC(=O)c2ccc(NC(=O)c3ccccc3)cc2)ccc1N=Nc1ccc(N=Nc2ccc3c(O)cc(S(=O)(=O)O)cc3c2)c2cc(S(=O)(=O)O)ccc12,1,training
COc1cc(NC(=O)c2ccc(NC(=O)c3ccc(N)cc3)cc2)c(OC)cc1N=Nc1ccc(N=Nc2ccc3cc(S(=O)(=O)O)cc(S(=O)(=O)O)c3c2)c(C)c1,1,training
Cc1cc(NS(=O)(=O)c2ccc(N=Nc3cc(S(=O)(=O)O)c4ccccc4c3O)cc2)ccc1N=Nc1ccc2cc(S(=O)(=O)O)cc(S(=O)(=O)O)c2c1,1,training
O=C(Nc1ccc2c(O)c(N=Nc3ccc(S(=O)(=O)O)cc3)c(S(=O)(=O)O)cc2c1)Nc1ccc2c(O)c(N=Nc3ccc(S(=O)(=O)O)cc3)c(S(=O)(=O)O)cc2c1,1,training
CC(C)C1=CC23CCC4C(C)(C(=O)O)CCCC4(C)C2CC1c1c3c(O)n(-c2ccc(Cc3ccc(-n4c(O)c5c(c4O)C46C=C(C(C)C)C5CC4C4(C)CCCC(C)(C(=O)O)C4CC6)cc3)cc2)c1O,0,training
CC(C)C1=CC23CCC4C(C)(C(=O)O)CCCC4(C)C2CC1c1c3c(O)n(-c2ccc(-n3c(O)c4c(c3O)C35C=C(C(C)C)C4CC3C3(C)CCCC(C)(C(=O)O)C3CC5)cc2)c1O,0,training
CC(C)C1=CC23CCC4C(C)(C(=O)O)CCCC4(C)C2CC1c1c3c(O)n(-c2ccccc2-n2c(O)c3c(c2O)C24C=C(C(C)C)C3CC2C2(C)CCCC(C)(C(=O)O)C2CC4)c1O,0,training
CC(C)C1=CC23CCC4C(C)(C(=O)O)CCCC4(C)C2CC1c1c3c(O)n(-c2cccc(-n3c(O)c4c(c3O)C35C=C(C(C)C)C4CC3C3(C)CCCC(C)(C(=O)O)C3CC5)c2)c1O,0,training
CC(C)C1=CC23CCC4C(C)(C(=O)O)CCCC4(C)C2CC1c1c3c(O)n(CCCCCCn2c(O)c3c(c2O)C24C=C(C(C)C)C3CC2C2(C)CCCC(C)(C(=O)O)C2CC4)c1O,0,training
O=C(Nc1ccccc1)c1cc(S(=O)(=O)Nc2nc3cccnc3[nH]2)c(SSc2cc(Cl)c(C(=O)Nc3ccccc3)cc2S(=O)(=O)Nc2nc3cccnc3[nH]2)cc1Cl,1,training
O=C(Nc1ccc(Cl)cc1)c1cc(S(=O)(=O)Nc2nc3cccnc3[nH]2)c(SSc2cc(Cl)c(C(=O)Nc3ccc(Cl)cc3)cc2S(=O)(=O)Nc2nc3cccnc3[nH]2)cc1Cl,0,training
Cc1ccc(NC(=O)c2cc(S(=O)(=O)Nc3nc4cccnc4[nH]3)c(SSc3cc(Cl)c(C(=O)Nc4ccc(C)cc4)cc3S(=O)(=O)Nc3nc4cccnc4[nH]3)cc2Cl)cc1,0,training
O=C(Nc1ccccc1)c1cc(S(=O)(=O)NC2=NC(c3ccccc3)c3cc(Cl)ccc3N2)c(SSc2cc(Cl)c(C(=O)Nc3ccccc3)cc2S(=O)(=O)NC2=NC(c3ccccc3)c3cc(Cl)ccc3N2)cc1Cl,0,training
O=C(Nc1ccc(Cl)cc1)c1cc(S(=O)(=O)NC2=NC(c3ccccc3)c3cc(Cl)ccc3N2)c(SSc2cc(Cl)c(C(=O)Nc3ccc(Cl)cc3)cc2S(=O)(=O)NC2=NC(c3ccccc3)c3cc(Cl)ccc3N2)cc1Cl,0,training
CC1=C(C(C)O)c2cc3nc(cc4[nH]c(cc5[nH]c(cc1n2)c(C)c5CCC(=O)O)c(CCC(=O)O)c4C)C(C(C)O)=C3C,0,training
CN1CC(=NC(=O)c2cccc(C(=O)NC3=C[N+](C)=C(C(=O)Nc4cc(C(=O)NCCC(=N)N)cn4C)C3)c2)C=C1C(=O)Nc1cc(C(=O)NCCC(=N)N)cn1C,1,training
CC(C)c1cc(C(=O)O)c(O)c(C(C)C)c1,0,training
COc1ccc(C(=O)C=Cc2ccc(OCCSCCCCCCCCCCSCCOc3ccc(C=CC(=O)c4ccc(OC)c(OC)c4)cc3)cc2)cc1OC,0,training
CCN(CCCl)c1cc(C(=O)Nc2cc(NC(=O)c3cc(N(CC)CCCl)c([N+](=O)[O-])cc3[N+](=O)[O-])cc(C(=O)NCCN(C)C)c2)c([N+](=O)[O-])cc1[N+](=O)[O-],0,training
COc1cc(C(=O)C=Cc2ccc(OCCSCCCCCCCCCCSCCOc3ccc(C=CC(=O)c4cc(OC)c(OC)c(OC)c4)cc3)cc2)cc(OC)c1OC,0,training
CN(C)CC(NC(NCS)C(=O)NCCNc1ccc(NCCNC(=O)C(NCS)NC(CN(C)C)OCCl)c2c(O)c3c(c(O)c12)C(=O)C=CC3=O)OCCl,0,training
COC(=O)c1cc(Cc2cc(C(c3cc(Cc4cc(Cl)c(O)c(C(=O)OC)c4)c(O)c(C(=O)OC)c3)C(Cl)(Cl)Cl)cc(C(=O)OC)c2O)cc(Cl)c1O,0,training
CCCCCCCCCCCCCCCCOP(=O)(O)Oc1ccc(C=Cc2ccc(OP(=O)(O)OCCCCCCCCCCCCCCCC)cc2)cc1,0,training
CCCCCCCCCCCOc1ccc(C(=O)C(=O)c2ccc(OCCCCCCCCCCC)c(OCCCCCCCCCCC)c2)cc1OCCCCCCCCCCC,0,training
C=Cc1c(C)c2[nH]c1=Cc1[nH]c(c(=CC)c1C)=Cc1[nH]c3c(c1C)C(=O)C(C(=O)OC)C3=C1N=C(C=2)C(C)C1CCC(=O)OCC=C(C)CCCC(C)CCCC(C)CCCC(C)C,0,training
NCC(CS)C(=O)NC(CS)C(=O)NC(CS)C(=O)NCCNc1ccc(NCCNC(=O)C(CS)NC(=O)C(CS)NC(=O)C(CN)CS)c2c1C(=O)c1c(O)ccc(O)c1C2=O,0,training
CCCCC(CC)CN(Cc1cc(CN(CC(CC)CCCC)CC(CC)CCCC)c(O)c(CN(CC(CC)CCCC)CC(CC)CCCC)c1)CC(CC)CCCC,0,training
COc1ccc2nc3cc(Cl)ccc3c(NCCC[N+](C)(C)CCCCCCCCCCCCCCCC[N+](C)(C)CCCNc3c4ccc(Cl)cc4nc4ccc(OC)cc34)c2c1,0,training
Cc1c(CSCC(=O)O)c(=O)c2c(O)c3c(O)c(CSCC(=O)O)c(O)c4c5c(O)c(CSCC(=O)O)c(O)c6c(=O)c7c(O)c(CSCC(=O)O)c(C)c8c1c2c(c34)c(c65)c78,0,training
CC1(C(=O)NCCN(CCNC(=O)C2(C)CC3(C)CC(C)(C2)C(=O)NC3=O)CCNC(=O)C2(C)CC3(C)CC(C)(C2)C(=O)NC3=O)CC2(C)CC(C)(C1)C(=O)NC2=O,0,training
CC(=O)CC(=O)Nc1c(C)c([Hg+])c(C)c([Hg+])c1[Hg+],0,training
COC(=O)C1=C(C(=O)OC)SC(=C(Br)C(=C2SC(C(=O)OC)=C(C(=O)OC)S2)C(=C2SC(C(=O)OC)=C(C(=O)OC)S2)C(Br)=C2SC(C(=O)OC)=C(C(=O)OC)S2)S1,0,training
Cc1cc(Cc2cc(C)c(NC(=O)C(=O)C3CCC4=NC5C=CC=CC5SC4C3=O)c(C(C)C)c2)cc(C(C)C)c1NC(=O)C(=O)C1CCC2=NC3C=CC=CC3SC2C1=O,0,training
O=C(CC(CC(=O)Oc1c(Br)cc(Br)cc1C(=O)O)C(=O)Oc1c(Br)cc(Br)cc1C(=O)O)Oc1c(Br)cc(Br)cc1C(=O)O,0,training
CCOC(=O)c1sc2nc1CSc1sc(=S)sc1SCc1nc(sc1C(=O)OCC)-c1nc(c(C(=O)OCC)s1)CSc1sc(=S)sc1SCc1nc-2sc1C(=O)OCC,0,training
CN(C)CCCSCC(COc1nccc(-c2ccc(-c3ccc(-c4ccnc(OCC(CSCCCN(C)C)SCCCN(C)C)n4)s3)s2)n1)SCCCN(C)C,1,training
CCCCCCCCC=CCCCCCCCCN=Cc1c(O)c(O)c(C(C)C)c2cc(C)c(-c3c(C)cc4c(C(C)C)c(O)c(O)c(C=NCCCCCCCCC=CCCCCCCCC)c4c3O)c(O)c12,0,training
O=C(O)COc1ccc(C(=O)C(SSC(C(=O)c2ccc(OCC(=O)O)c(Cl)c2Cl)=C2C=C(c3ccc(Cl)cc3)SS2)=C2C=C(c3ccc(Cl)cc3)SS2)c(Cl)c1Cl,0,training
O=C(O)COc1ccc(C(=O)C(SSC(C(=O)c2ccc(OCC(=O)O)c(Cl)c2Cl)=C2C=C(c3ccc(Br)cc3)SS2)=C2C=C(c3ccc(Br)cc3)SS2)c(Cl)c1Cl,0,training
Cc1cccc(C2=CC(=C(SSC(C(=O)c3ccc(OCC(=O)O)c(Cl)c3Cl)=C3C=C(c4cccc(C)c4)SS3)C(=O)c3ccc(OCC(=O)O)c(Cl)c3Cl)SS2)c1,0,training
O=C(O)COc1ccc(C(=O)C(SSC(C(=O)c2ccc(OCC(=O)O)c(Cl)c2Cl)=C2C=C(c3ccc(F)cc3)SS2)=C2C=C(c3ccc(F)cc3)SS2)c(Cl)c1Cl,0,training
O=C(O)COc1ccc(C(=O)C(SSC(C(=O)c2ccc(OCC(=O)O)c(Cl)c2Cl)=C2C=C(c3ccccc3Cl)SS2)=C2C=C(c3ccccc3Cl)SS2)c(Cl)c1Cl,0,training
Cc1ccccc1C1=CC(=C(SSC(C(=O)c2ccc(OCC(=O)O)c(Cl)c2Cl)=C2C=C(c3ccccc3C)SS2)C(=O)c2ccc(OCC(=O)O)c(Cl)c2Cl)SS1,0,training
CCCCCCCCCCCCCCCCCCCCCCCCCCCCCC=C(c1cc(Cl)c(OC)c(C(=O)OC)c1)c1cc(Cl)c(OC)c(C(=O)OC)c1,0,training
CCCCCCCCCCCC(=O)Oc1c(Cl)cc(Cl)c(OC(=O)C(=O)Oc2c(Cl)cc(Cl)c(OC(=O)CCCCCCCCCCC)c2Cl)c1Cl,0,training
CCCCCCCOc1ccc(C=Cc2cc[n+](CCCCCCCC[n+]3ccc(C=Cc4ccc(OCCCCCCC)cc4)cc3)cc2)cc1,0,training
CCCCCCCCCCN(CCCCCCCCCC)C(=O)COc1c2cc(C(C)(C)C)cc1Cc1cc(C(C)(C)C)cc(c1OCC(=O)N(CCCCCCCCCC)CCCCCCCCCC)Cc1cc(C(C)(C)C)cc(c1OCC(=O)N(CCCCCCCCCC)CCCCCCCCCC)Cc1cc(C(C)(C)C)cc(c1OCC(=O)N(CCCCCCCCCC)CCCCCCCCCC)C2,0,training
COCCN(CCOC)C(=O)COc1c2cc(C(C)(C)C)cc1Cc1cc(C(C)(C)C)cc(c1OCC(=O)N(CCOC)CCOC)Cc1cc(C(C)(C)C)cc(c1OCC(=O)N(CCOC)CCOC)Cc1cc(C(C)(C)C)cc(c1OCC(=O)N(CCOC)CCOC)Cc1cc(C(C)(C)C)cc(c1OCC(=O)N(CCOC)CCOC)C2,0,training
COC(Cc1cc(C(O)(c2ccc(C(C)(C)C)cc2)c2cc(CC(OC)(c3cc(C(OC)(c4ccc(C(C)(C)C)cc4)c4ccc(C(C)(C)C)cc4)c(C)cc3C)c3cc(C(OC)(c4ccc(C(C)(C)C)cc4)c4ccc(C(C)(C)C)cc4)c(C)cc3C)c(C)cc2C)c(C)cc1C)(c1cc(C(OC)(c2ccc(C(C)(C)C)cc2)c2ccc(C(C)(C)C)cc2)c(C)cc1C)c1cc(C(OC)(c2ccc(C(C)(C)C)cc2)c2ccc(C(C)(C)C)cc2)c(C)cc1C,0,training
CCCCCCCCSCC1OC2OC3C(CSCCCCCCCC)OC(OC4C(CSCCCCCCCC)OC(OC5C(CSCCCCCCCC)OC(OC6C(CSCCCCCCCC)OC(OC7C(CSCCCCCCCC)OC(OC8C(CSCCCCCCCC)OC(OC1C(OS(=O)(=O)O)C2OS(=O)(=O)O)C(OS(=O)(=O)O)C8OS(=O)(=O)O)C(OS(=O)(=O)O)C7OS(=O)(=O)O)C(OS(=O)(=O)O)C6OS(=O)(=O)O)C(OS(=O)(=O)O)C5OS(=O)(=O)O)C(OS(=O)(=O)O)C4OS(=O)(=O)O)C(OS(=O)(=O)O)C3OS(=O)(=O)O,1,training
O=C(O)CSCc1cc2c(O)c(c1)Cc1cc(CSCC(=O)O)cc(c1O)Cc1cc(CSCC(=O)O)cc(c1O)Cc1cc(CSCC(=O)O)cc(c1O)C2,0,training
O=C(Nc1ccc(NC(=O)Nc2cc(C(=O)Nc3ccc(C4=NCCN4)cc3)ccc2C(=O)Nc2ccc(C3=NCCN3)cc2)cc1)Nc1cc(C(=O)Nc2ccc(C3=NCCN3)cc2)ccc1C(=O)Nc1ccc(C2=NCCN2)cc1,1,training
O=C(Nc1cc(C(=O)Nc2ccc(C3=NCCN3)cc2)cc(C2=NCCN2)c1)c1ccc(C(=O)Nc2cc(C(=O)Nc3ccc(C4=NCCN4)cc3)cc(C3=NCCN3)c2)cc1,1,training
O=C(Nc1cc(C(=O)Nc2cc(C(=O)Nc3cc(C(=O)Nc4ccc(C5=NCCN5)cc4)cc(C4=NCCN4)c3)cc(C3=NCCN3)c2)cc(C2=NCCN2)c1)c1ccc(C(=O)Nc2cc(C(=O)Nc3cc(C(=O)Nc4cc(C(=O)Nc5ccc(C6=NCCN6)cc5)cc(C5=NCCN5)c4)cc(C4=NCCN4)c3)cc(C3=NCCN3)c2)cc1,1,training
O=C1C(I)=CC(=C(c2cc(I)c(O)c(I)c2)c2ccccc2C(=O)O)C=C1I,0,training
O=C(O)c1ccc(N=Nc2cccc([N+](=O)[O-])c2)cc1O,0,training
COc1cc(N=Nc2ccccc2)cc(C=[N+](C)[N-]C(N)=S)c1O,0,training
CC1=NC(C)=C(C(=O)Nc2ccccc2C)C(c2ccc(C3C(C(=O)Nc4ccccc4C)=C(C)N=C(C)C3C(=O)Nc3ccccc3C)cc2)C1C(=O)Nc1ccccc1C,0,training
O=C(Nc1ccc(I)cc1)c1ccccc1[Se][Se]c1ccccc1C(=O)Nc1ccc(I)cc1,0,training
Cc1ccc(Nc2nc(C)c(C(C=Cc3ccc(C=CC(=NNC(=O)C[n+]4ccccc4)c4sc(Nc5ccc(C)cc5[N+](=O)[O-])nc4C)cc3)=NNC(=O)C[n+]3ccccc3)s2)c([N+](=O)[O-])c1,0,training
Cc1nc(-n2nc(-c3ccccc3)cc2-c2ccccc2)sc1C(=O)C=Cc1ccc(C=CC(=O)c2sc(-n3nc(-c4ccccc4)cc3-c3ccccc3)nc2C)cc1,0,training
Cc1ccc(S(=O)(=O)NN=C(c2nc3ccc([N+](=O)[O-])cc3[nH]c2=O)C(O)c2ccc(C(O)C(=NNS(=O)(=O)c3ccc(C)cc3)c3nc4ccc([N+](=O)[O-])cc4[nH]c3=O)cc2)cc1,0,training
CN(C)CCCSc1c2ccccc2nc2cc(NCC(=O)Nc3ccccc3-c3ccccc3NC(=O)CNc3ccc4c(SCCCN(C)C)c5ccccc5nc4c3)ccc12,0,training
CCN(CC)CCSc1c2ccccc2nc2cc(NCC(=O)Nc3ccccc3-c3ccccc3NC(=O)CNc3ccc4c(SCCN(CC)CC)c5ccccc5nc4c3)ccc12,0,training
Cc1cc(N(CCC#N)CCC#N)ccc1C=C1N=C(c2cc([N+](=O)[O-])ccc2Cl)N(NC(=O)c2ccc(N=Cc3ccc(N(CCC#N)S(C)(=O)=O)cc3C)cc2)C1=O,0,training
Cc1cc(N(CCC#N)CCC#N)ccc1C=Nc1ccc(C(=O)NN2C(=O)C(=Cc3ccc(N(CCC#N)CCC#N)cc3)N=C2c2cc([N+](=O)[O-])ccc2Cl)cc1,0,training
CCc1cc(Cc2cc(CC)c(NC(=O)C(=O)CC(=O)c3sc(-c4cccnc4)nc3C)c(CC)c2)cc(CC)c1NC(=O)C(=O)CC(=O)c1sc(-c2cccnc2)nc1C,0,training
COC(=O)c1cc(C(=O)OC)c(CC(=NNc2ccc([N+](=O)[O-])cc2[N+](=O)[O-])C(=O)Nc2cccc(C(F)(F)F)c2)nc1CC(=NNc1ccc([N+](=O)[O-])cc1[N+](=O)[O-])C(=O)Nc1cccc(C(F)(F)F)c1,0,training
Cc1cccc(C)c1N=C(NNc1c([N+](=O)[O-])cccc1[N+](=O)[O-])NC(=O)c1ccccc1C(=O)N=C(NNc1c([N+](=O)[O-])cccc1[N+](=O)[O-])Nc1c(C)cccc1C,0,training
COC(=O)c1cc(C(=O)OC)c(CC(=NNC(=O)C[N+](C)(C)C)C(=O)Nc2cccc(C(F)(F)F)c2)nc1CC(=NNC(=O)C[N+](C)(C)C)C(=O)Nc1cccc(C(F)(F)F)c1,0,training
Cc1ccc2cc(NC(=O)CBr)c3ccc(C)nc3c2n1,0,training
CC(=O)C(C(C)=O)c1ccc([N+](=O)[O-])cc1[N+](=O)[O-],0,training
Cc1ccc(C(=O)Nc2ccc(CP(=O)(O)O)cc2CP(=O)(O)O)cc1NC(=O)Nc1cc(C(=O)Nc2ccc(CP(=O)(O)O)cc2CP(=O)(O)O)ccc1C,0,training
Cc1ccc(C(=O)Nc2ccc(CP(=O)(O)O)cc2CP(=O)(O)O)cc1NC(=O)c1cccc(NC(=O)Nc2cccc(C(=O)Nc3cc(C(=O)Nc4ccc(CP(=O)(O)O)cc4CP(=O)(O)O)ccc3C)c2)c1,0,training
O=S(=O)(c1ccc(N=C2NC(c3ccc(O)cc3)(c3ccccc3O)c3ccccc32)cc1)c1ccc(N=C2NC(c3ccc(O)cc3)(c3ccccc3O)c3ccccc32)cc1,0,training
Cc1ccc(S(=O)(=O)N(CCN2C(=O)c3ccccc3C2=O)c2cc3c4c(c2)Oc2cc(N(CCN5C(=O)c6ccccc6C5=O)S(=O)(=O)c5ccc(C)cc5)cc5c2C4(C)c2c(cc(N(CCN4C(=O)c6ccccc6C4=O)S(=O)(=O)c4ccc(C)cc4)cc2O5)O3)cc1,0,training
Cc1cc(S(=O)(=O)n2ccnc2Oc2cccc(Cl)c2)c(SSc2cc(Cl)c(C)cc2S(=O)(=O)n2ccnc2Oc2cccc(Cl)c2)cc1Cl,0,training
O=C(CCCC[n+]1ccccc1)Sc1ccccc1C(=O)Nc1ccc(S(=O)(=O)c2ccc(NS(=O)(=O)Cc3ccccc3[N+](=O)[O-])cc2)cc1,1,training
Cc1ccnc(NS(=O)(=O)c2ccc(N=Cc3ccccc3O)cc2)n1,0,training
O=S(=O)(Nc1ncccn1)c1ccc(N=Cc2ccccc2O)cc1,0,training
O=C(Nc1ccc(S(=O)(=O)c2ccc(NS(=O)(=O)Cc3ccccc3[N+](=O)[O-])cc2)cc1)c1ccccc1SSc1ccccc1C(=O)Nc1ccc(S(=O)(=O)c2ccc(NS(=O)(=O)Cc3ccccc3[N+](=O)[O-])cc2)cc1,1,training
Cc1ccc(N=CNc2ccc(C)cc2)cc1,0,training
O=C([O-])c1ccc2c(c1)C1=NC3=[N+]4C(=NC5=c6ccc(C(=O)[O-])cc6=C6N=C7c8ccc(C(=O)[O-])cc8C8=[N+]7[Gd+3]4(N1C2=N8)N56)c1cc(C(=O)[O-])ccc13,0,training
CS(=O)(=O)c1ccc(-c2cc(-c3ccc(S(C)(=O)=O)cc3)[n+](-c3cc(-c4ccc(S(C)(=O)=O)cc4)c([O-])c(-c4ccc(S(C)(=O)=O)cc4)c3)c(-c3ccc(S(C)(=O)=O)cc3)c2)cc1,0,training
Cc1ccc(S(=O)(=O)N2CCN3CCN(CCN(C)CCN4CCN(CC4)CCN(S(=O)(=O)c4ccc(C)cc4)CCN(S(=O)(=O)c4ccc(C)cc4)CCN(S(=O)(=O)c4ccc(C)cc4)CCN(S(=O)(=O)c4ccc(C)cc4)CCN4CCN(CCN(C)CCN5CCN(CC5)CCN(S(=O)(=O)c5ccc(C)cc5)CCN(S(=O)(=O)c5ccc(C)cc5)CCN(S(=O)(=O)c5ccc(C)cc5)CC2)CC4)CC3)cc1,0,training
Cc1cc2c(C(C)C)c(O)c(O)c(C=Nc3ccc(C(=O)NCC(=O)O)cc3)c2c(O)c1-c1c(C)cc2c(C(C)C)c(O)c(O)c(C=Nc3ccc(C(=O)NCC(=O)O)cc3)c2c1O,0,training
Cc1cc2c(C(C)C)c(O)c(O)c(C=Nc3ccc(N=Nc4ccccc4)cc3)c2c(O)c1-c1c(C)cc2c(C(C)C)c(O)c(O)c(C=Nc3ccc(N=Nc4ccccc4)cc3)c2c1O,0,training
Cc1cc2c(C(C)C)c(O)c(O)c(C=Nc3cccc(C(F)(F)F)c3)c2c(O)c1-c1c(C)cc2c(C(C)C)c(O)c(O)c(C=Nc3cccc(C(F)(F)F)c3)c2c1O,0,training
Cc1cc2c(C(C)C)c(O)c(O)c(C=Nc3ccc(-c4ccccc4)cc3)c2c(O)c1-c1c(C)cc2c(C(C)C)c(O)c(O)c(C=Nc3ccc(-c4ccccc4)cc3)c2c1O,0,training
Cc1cc2c(C(C)C)c(O)c(O)c(C=Nc3nc(-c4ccccc4)cs3)c2cc1-c1cc2c(C=Nc3nc(-c4ccccc4)cs3)c(O)c(O)c(C(C)C)c2cc1C,0,training
Cc1cc2c(C(C)C)c(O)c(O)c(C=Nc3c4ccccc4nc4ccccc34)c2cc1-c1cc2c(C=Nc3c4ccccc4nc4ccccc34)c(O)c(O)c(C(C)C)c2cc1C,0,training
Cc1cc2c(C(C)C)c(O)c(O)c(C=Nc3c(C)n(C)n(-c4ccccc4)c3=O)c2cc1-c1cc2c(C=Nc3c(C)n(C)n(-c4ccccc4)c3=O)c(O)c(O)c(C(C)C)c2cc1C,0,training
Oc1c([Si](c2ccccc2)(c2ccccc2)c2ccccc2)cc2ccccc2c1-c1c(O)c([Si](c2ccccc2)(c2ccccc2)c2ccccc2)cc2ccccc12,0,training
Oc1c(I)cc(Cl)c2cccnc12,0,training
Cc1ccc2nc(-c3ccc4nc(-c5ccc(N=Nc6ccc(-c7nc8ccc(-c9nc%10ccc(C)c(S(=O)(=O)O)c%10s9)cc8s7)cc6)cc5)sc4c3)sc2c1S(=O)(=O)O,1,training
CC[S+](C)c1ccc(-c2c3nc(c(-c4ccc([S+](C)CC)cc4)c4ccc([nH]4)c(-c4ccc([S+](C)CC)cc4)c4ccc([nH]4)c(-c4ccc([S+](C)CC)cc4)c4nc2C=C4)C=C3)cc1,1,training
CC(C)(C)c1cc(-c2c3nc(c(-c4cc(C(C)(C)C)cc(C(C)(C)C)c4)c4ccc([nH]4)c(-c4cc(C(C)(C)C)cc(C(C)(C)C)c4)c4ccc([nH]4)c(-c4cc(C(C)(C)C)cc(C(C)(C)C)c4)c4nc2C=C4)C=C3)cc(C(C)(C)C)c1,0,training
C[n+]1ccc(-c2c3nc(c(-c4cc[n+](C)cc4)c4ccc([nH]4)c(-c4cc[n+](C)cc4)c4ccc([nH]4)c(-c4cc[n+](C)cc4)c4nc2C=C4)C=C3)cc1,0,training
O=C1c2ccccc2C(=O)N1Cc1ccccc1-c1c2nc(c(-c3ccccc3CN3C(=O)c4ccccc4C3=O)c3ccc([nH]3)c(-c3ccccc3CN3C(=O)c4ccccc4C3=O)c3ccc([nH]3)c(-c3ccccc3CN3C(=O)c4ccccc4C3=O)c3nc1C=C3)C=C2,0,training
CC(C)(C)C1=CC(=C(c2ccc(-c3c4nc(c(-c5ccc(C(=C6C=C(C(C)(C)C)C(=O)C(C(C)(C)C)=C6)c6cc(C(C)(C)C)c(O)c(C(C)(C)C)c6)cc5)c5ccc([nH]5)c(-c5ccc(C(=C6C=C(C(C)(C)C)C(=O)C(C(C)(C)C)=C6)c6cc(C(C)(C)C)c(O)c(C(C)(C)C)c6)cc5)c5ccc([nH]5)c(-c5ccc(C(=C6C=C(C(C)(C)C)C(=O)C(C(C)(C)C)=C6)c6cc(C(C)(C)C)c(O)c(C(C)(C)C)c6)cc5)c5nc3C=C5)C=C4)cc2)c2cc(C(C)(C)C)c(O)c(C(C)(C)C)c2)C=C(C(C)(C)C)C1=O,0,training
CCCCCCCCCCc1c2nc(c(CCCCCCCCCC)c3ccc([nH]3)c(CCCCCCCCCC)c3ccc([nH]3)c(CCCCCCCCCC)c3nc1C=C3)C=C2,0,training
C[N+](C)(C)CCCCCc1c2nc(c(CCCCC[N+](C)(C)C)c3ccc([nH]3)c(CCCCC[N+](C)(C)C)c3ccc([nH]3)c(CCCCC[N+](C)(C)C)c3nc1C=C3)C=C2,0,training
NS(=O)(=O)c1ccc(-c2c3nc(c(-c4ccc(S(N)(=O)=O)cc4)c4ccc([nH]4)c(-c4ccc(S(N)(=O)=O)cc4)c4ccc([nH]4)c(-c4ccc(S(N)(=O)=O)cc4)c4nc2C=C4)C=C3)cc1,0,training
COC(=O)CN(CC(=O)OC)S(=O)(=O)c1ccc(-c2c3nc(c(-c4ccc(S(=O)(=O)N(CC(=O)OC)CC(=O)OC)cc4)c4ccc([nH]4)c(-c4ccc(S(=O)(=O)N(CC(=O)OC)CC(=O)OC)cc4)c4ccc([nH]4)c(-c4ccc(S(=O)(=O)N(CC(=O)OC)CC(=O)OC)cc4)c4nc2C=C4)C=C3)cc1,0,training
CCCCNS(=O)(=O)c1ccc(-c2c3nc(c(-c4ccc(S(=O)(=O)NCCCC)cc4)c4ccc([nH]4)c(-c4ccc(S(=O)(=O)NCCCC)cc4)c4ccc([nH]4)c(-c4ccc(S(=O)(=O)NCCCC)cc4)c4nc2C=C4)C=C3)cc1,0,training
CCCCCCCCCCCCNS(=O)(=O)c1ccc(-c2c3nc(c(-c4ccc(S(=O)(=O)NCCCCCCCCCCCC)cc4)c4ccc([nH]4)c(-c4ccc(S(=O)(=O)NCCCCCCCCCCCC)cc4)c4ccc([nH]4)c(-c4ccc(S(=O)(=O)NCCCCCCCCCCCC)cc4)c4nc2C=C4)C=C3)cc1,0,training
O=S(=O)(Nc1ccccc1)c1ccc(-c2c3nc(c(-c4ccc(S(=O)(=O)Nc5ccccc5)cc4)c4ccc([nH]4)c(-c4ccc(S(=O)(=O)Nc5ccccc5)cc4)c4ccc([nH]4)c(-c4ccc(S(=O)(=O)Nc5ccccc5)cc4)c4nc2C=C4)C=C3)cc1,0,training
COC(=O)C(Cc1ccccc1)NS(=O)(=O)c1ccc(-c2c3nc(c(-c4ccc(S(=O)(=O)NC(Cc5ccccc5)C(=O)OC)cc4)c4ccc([nH]4)c(-c4ccc(S(=O)(=O)NC(Cc5ccccc5)C(=O)OC)cc4)c4ccc([nH]4)c(-c4ccc(S(=O)(=O)NC(Cc5ccccc5)C(=O)OC)cc4)c4nc2C=C4)C=C3)cc1,0,training
CN(Cc1c2ccccc2cc2ccccc12)S(=O)(=O)c1ccc(-c2c3nc(c(-c4ccc(S(=O)(=O)N(C)Cc5c6ccccc6cc6ccccc56)cc4)c4ccc([nH]4)c(-c4ccc(S(=O)(=O)N(C)Cc5c6ccccc6cc6ccccc56)cc4)c4ccc([nH]4)c(-c4ccc(S(=O)(=O)N(C)Cc5c6ccccc6cc6ccccc56)cc4)c4nc2C=C4)C=C3)cc1,0,training
CCOS(=O)(=O)c1ccc(-c2c3nc(c(-c4ccc(S(=O)(=O)OCC)cc4)c4ccc([nH]4)c(-c4ccc(S(=O)(=O)OCC)cc4)c4ccc([nH]4)c(-c4ccc(S(=O)(=O)OCC)cc4)c4nc2C=C4)C=C3)cc1,0,training
COC(=O)CNS(=O)(=O)c1ccc(-c2c3nc(c(-c4ccc(S(=O)(=O)NCC(=O)OC)cc4)c4ccc([nH]4)c(-c4ccc(S(=O)(=O)NCC(=O)OC)cc4)c4ccc([nH]4)c(-c4ccc(S(=O)(=O)NCC(=O)OC)cc4)c4nc2C=C4)C=C3)cc1,0,training
Cc1ccc(-c2c3nc(c(-c4ccc(C)cc4)c4ccc([nH]4)c(-c4ccc(C)cc4)c4nc(c(-c5ccncc5)c5ccc2[nH]5)C=C4)C=C3)cc1,0,training
C1=Cc2nc1c(-c1ccccc1)c1ccc([nH]1)c(-c1ccccc1)c1nc(c(-c3ccncc3)c3ccc([nH]3)c2-c2ccccc2)C=C1,0,training
Cn1cc(NC(=O)Nc2cc(C(=O)Nc3cc(C(=O)Nc4ccc5cc(S(=O)(=O)O)cc(S(=O)(=O)O)c5c4)n(C)c3)n(C)c2)cc1C(=O)Nc1cc(C(=O)Nc2ccc3cc(S(=O)(=O)O)cc(S(=O)(=O)O)c3c2)n(C)c1,1,training
Cn1cc(NC(=O)Nc2cc(C(=O)Nc3cc(C(=O)Nc4ccc(S(=O)(=O)O)c5cc(S(=O)(=O)O)cc(S(=O)(=O)O)c45)n(C)c3)n(C)c2)cc1C(=O)Nc1cc(C(=O)Nc2ccc(S(=O)(=O)O)c3cc(S(=O)(=O)O)cc(S(=O)(=O)O)c23)n(C)c1,1,training
Cn1cc(NC(=O)Nc2cc(C(=O)Nc3cc(C(=O)Nc4ccc(S(=O)(=O)O)c5cccc(S(=O)(=O)O)c45)n(C)c3)n(C)c2)cc1C(=O)Nc1cc(C(=O)Nc2ccc(S(=O)(=O)O)c3cccc(S(=O)(=O)O)c23)n(C)c1,0,training
Cn1cc(NC(=O)Nc2cc(C(=O)Nc3cc(C(=O)Nc4cc(S(=O)(=O)O)c5cc(S(=O)(=O)O)cc(S(=O)(=O)O)c5c4)n(C)c3)n(C)c2)cc1C(=O)Nc1cc(C(=O)Nc2cc(S(=O)(=O)O)c3cc(S(=O)(=O)O)cc(S(=O)(=O)O)c3c2)n(C)c1,1,training
Cn1cc(NC(=O)Nc2cc(C(=O)Nc3cc(C(=O)Nc4ccc(S(=O)(=O)O)c5cc(S(=O)(=O)O)ccc45)n(C)c3)n(C)c2)cc1C(=O)Nc1cc(C(=O)Nc2ccc(S(=O)(=O)O)c3cc(S(=O)(=O)O)ccc23)n(C)c1,1,training
Cn1cc(NC(=O)Nc2cc(C(=O)Nc3cc(C(=O)Nc4ccc5c(S(=O)(=O)O)cccc5c4S(=O)(=O)O)n(C)c3)n(C)c2)cc1C(=O)Nc1cc(C(=O)Nc2ccc3c(S(=O)(=O)O)cccc3c2S(=O)(=O)O)n(C)c1,1,training
Cn1cc(NC(=O)Nc2cc(C(=O)Nc3cc(C(=O)Nc4cc(C(=O)Nc5ccc6cc(S(=O)(=O)O)cc(S(=O)(=O)O)c6c5)n(C)c4)n(C)c3)n(C)c2)cc1C(=O)Nc1cc(C(=O)Nc2cc(C(=O)Nc3ccc4cc(S(=O)(=O)O)cc(S(=O)(=O)O)c4c3)n(C)c2)n(C)c1,1,training
Cn1cc(NC(=O)Nc2cc(C(=O)Nc3ccc4cc(S(=O)(=O)O)cc(S(=O)(=O)O)c4c3)n(C)c2)cc1C(=O)Nc1ccc2cc(S(=O)(=O)O)cc(S(=O)(=O)O)c2c1,1,training
Cn1cc(NC(=O)c2cc(NC(=O)Nc3cc(C(=O)Nc4cc(C(=O)Nc5ccc6cc(S(=O)(=O)O)cc(S(=O)(=O)O)c6c5)n(C)c4)n(C)n3)nn2C)cc1C(=O)Nc1ccc2cc(S(=O)(=O)O)cc(S(=O)(=O)O)c2c1,1,training
Cn1nc(NC(=O)c2cc(NC(=O)Nc3cc(C(=O)Nc4cc(C(=O)Nc5ccc6cc(S(=O)(=O)O)cc(S(=O)(=O)O)c6c5)n(C)n4)n(C)n3)nn2C)cc1C(=O)Nc1ccc2cc(S(=O)(=O)O)cc(S(=O)(=O)O)c2c1,1,training
Cn1cc(NC(=O)Nc2cc(C(=O)Nc3cc(C(=O)Nc4ccc5cc(S(=O)(=O)O)cc(S(=O)(=O)O)c5c4)n(C)n3)n(C)c2)cc1C(=O)Nc1cc(C(=O)Nc2ccc3cc(S(=O)(=O)O)cc(S(=O)(=O)O)c3c2)n(C)n1,1,training
Cn1cc(NC(=O)Nc2cc(C(=O)Nc3cc(C(=O)Nc4cc(C(=O)Nc5ccc(S(=O)(=O)O)c6cc(S(=O)(=O)O)ccc56)n(C)c4)n(C)c3)n(C)c2)cc1C(=O)Nc1cc(C(=O)Nc2cc(C(=O)Nc3ccc(S(=O)(=O)O)c4cc(S(=O)(=O)O)ccc34)n(C)c2)n(C)c1,1,training
CCOP(=O)(OCC)c1cc(NC(=O)c2cc(NC(=O)c3cc(NC(=O)Nc4cc(C(=O)Nc5cc(C(=O)Nc6cc(P(=O)(OCC)OCC)c7cccc(P(=O)(OCC)OCC)c7c6)n(C)c5)n(C)c4)cn3C)cn2C)cc2c(P(=O)(OCC)OCC)cccc12,0,training
Cn1cc(NC(=O)Nc2cc(C(=O)Nc3cc(C(=O)Nc4cc(P(=O)(O)O)c5cccc(P(=O)(O)O)c5c4)n(C)c3)n(C)c2)cc1C(=O)Nc1cc(C(=O)Nc2cc(P(=O)(O)O)c3cccc(P(=O)(O)O)c3c2)n(C)c1,1,training
Cn1cc(NC(=O)Nc2cc(C(=O)Nc3cc(C(=O)Nc4ccc(P(=O)(O)O)c5cc(P(=O)(O)O)ccc45)n(C)c3)n(C)c2)cc1C(=O)Nc1cc(C(=O)Nc2ccc(P(=O)(O)O)c3cc(P(=O)(O)O)ccc23)n(C)c1,1,training
Cn1cc(NC(=O)Nc2cc(C(=O)Nc3cc(C(=O)Nc4cc(C(=O)Nc5cc(P(=O)(O)O)c6cccc(P(=O)(O)O)c6c5)n(C)c4)n(C)c3)n(C)c2)cc1C(=O)Nc1cc(C(=O)Nc2cc(C(=O)Nc3cc(P(=O)(O)O)c4cccc(P(=O)(O)O)c4c3)n(C)c2)n(C)c1,1,training
Cn1cc(NC(=O)Nc2cc(C(=O)Nc3cc(C(=O)Nc4cc(C(=O)Nc5ccc(P(=O)(O)O)c6cc(P(=O)(O)O)ccc56)n(C)c4)n(C)c3)n(C)c2)cc1C(=O)Nc1cc(C(=O)Nc2cc(C(=O)Nc3ccc(P(=O)(O)O)c4cc(P(=O)(O)O)ccc34)n(C)c2)n(C)c1,1,training
C[n+]1c(-c2ccc(C=NNC(=O)c3ccc(C(=O)NN=Cc4ccc(-c5cn6ccccc6[n+]5C)cc4)cc3)cc2)cn2ccccc21,0,training
C[n+]1c(COc2ccc(C=NNC(=O)CCC(=O)NN=Cc3ccc(OCc4cn5ccccc5[n+]4C)cc3)cc2)cn2ccccc21,1,training
C[n+]1c(COc2ccc(C=NNC(=O)c3ccc(C(=O)NN=Cc4ccc(OCc5cn6ccccc6[n+]5C)cc4)cc3)cc2)cn2ccccc21,1,training
C[n+]1c(-c2ccc(C=NNC(=O)c3ccc(C(=O)NN=Cc4ccc(-c5cn6ccsc6[n+]5C)cc4)cc3)cc2)cn2ccsc21,0,training
C[n+]1c(-c2ccc(C=NNC(=O)c3cccc(C(=O)NN=Cc4ccc(-c5cn6ccccc6[n+]5C)cc4)c3)cc2)cn2ccccc21,1,training
C[n+]1c(COc2ccc(C=NNC(=O)c3cccc(C(=O)NN=Cc4ccc(OCc5cn6ccccc6[n+]5C)cc4)c3)cc2)cn2ccccc21,0,training
C[n+]1c(-c2ccc(C=NNC(=O)c3cncc(C(=O)NN=Cc4ccc(-c5cn6ccccc6[n+]5C)cc4)c3)cc2)cn2ccccc21,0,training
C[n+]1c(-c2ccc(C=CC=NNC(=O)c3ccc(C(=O)NN=CC=Cc4ccc(-c5cn6ccccc6[n+]5C)cc4)cc3)cc2)cn2ccccc21,0,training
CCCCSc1ccc2n(c1)cc(-c1ccc(C=NNC(=O)c3ccc(C(=O)NN=Cc4ccc(-c5cn6cc(SCCCC)ccc6[n+]5C)cc4)cc3)cc1)[n+]2C,0,training
C[n+]1c(-c2ccc(C=NN=C(N)NCCCCCCN=C(N)NN=Cc3ccc(-c4cn5ccccc5[n+]4C)cc3)cc2)cn2ccccc21,1,training
C[n+]1c(C=Cc2ccc(C=NNC(=O)c3ccc(C(=O)NN=Cc4ccc(C=Cc5cn6ccccc6[n+]5C)cc4)cc3)cc2)cn2ccccc21,0,training
C[n+]1c(-c2ccc(C=NNC(=O)c3ccc(C(=O)NN=Cc4ccc(-c5cn6ccccc6[n+]5C)cc4)nc3)cc2)cn2ccccc21,1,training
COc1cc(-c2ccc(N=Nc3ccc4c(S(=O)(=O)O)cc(S(=O)(=O)O)c(N)c4c3O)c(OC)c2)ccc1N=Nc1ccc2c(S(=O)(=O)O)cc(S(=O)(=O)O)c(N)c2c1O,1,training
Nc1c(S(=O)(=O)O)cc2cc(S(=O)(=O)O)ccc2c1N=Nc1ccc(-c2ccc(N=Nc3c(N)c(S(=O)(=O)O)cc4cc(S(=O)(=O)O)ccc34)c(S(=O)(=O)O)c2)cc1,1,training
Cc1cc(-c2ccc(N=Nc3c(S(=O)(=O)O)cc4cc(S(=O)(=O)O)cc(N)c4c3O)c(C)c2)ccc1N=Nc1c(S(=O)(=O)O)cc2cc(S(=O)(=O)O)cc(N)c2c1O,1,training
Nc1ccc(N=Nc2ccc(N=Nc3ccc(N=Nc4cc(S(=O)(=O)O)c5ccccc5c4O)c4ccc(S(=O)(=O)O)cc34)c3ccc(S(=O)(=O)O)cc23)cc1,1,training
Nc1ccc2c(O)c(N=Nc3ccc(N=Nc4ccc(S(=O)(=O)O)cc4)cc3)c(S(=O)(=O)O)cc2c1N=Nc1ccc(N=Nc2ccc(S(=O)(=O)O)cc2)cc1,1,training
Cc1cc(-c2ccc(N=Nc3ccc4c(S(=O)(=O)O)cc(S(=O)(=O)O)c(N)c4c3O)c(C)c2)ccc1N=Nc1ccc2c(S(=O)(=O)O)cc(S(=O)(=O)O)c(N)c2c1O,1,training
Nc1ccc2cc(S(=O)(=O)O)cc(O)c2c1N=Nc1ccc(-c2ccc(N=Nc3c(S(=O)(=O)O)cc4cc(S(=O)(=O)O)c(N=Nc5ccc([N+](=O)[O-])cc5)c(N)c4c3O)cc2)cc1,0,training
Nc1ccc2c(O)c(N=Nc3ccc(-c4ccc(N=Nc5c(S(=O)(=O)O)cc6cc(S(=O)(=O)O)c(N=Nc7cc(Cl)ccc7Cl)c(N)c6c5O)cc4)cc3)c(S(=O)(=O)O)cc2c1,0,training
Nc1ccc(N=Nc2ccc(-c3ccc(N=Nc4c(S(=O)(=O)O)cc5cc(S(=O)(=O)O)c(N=Nc6ccccc6)c(O)c5c4N)cc3)cc2)c2ccc(S(=O)(=O)O)cc12,0,training
Nc1ccc(N=Nc2ccc(-c3ccc(N=Nc4c(S(=O)(=O)O)cc5cc(S(=O)(=O)O)c(N=Nc6cccc([N+](=O)[O-])c6)c(N)c5c4O)cc3)cc2)c2cc(S(=O)(=O)O)ccc12,1,training
Nc1ccc(N=Nc2ccc(-c3ccc(N=Nc4c(S(=O)(=O)O)cc5cc(S(=O)(=O)O)c(N=Nc6ccc([N+](=O)[O-])cc6)c(N)c5c4O)cc3)cc2)c2cc(S(=O)(=O)O)ccc12,1,training
Nc1ccc2cc(S(=O)(=O)O)c(N=Nc3ccc(-c4ccc(N=Nc5c(S(=O)(=O)O)cc6cc(S(=O)(=O)O)c(N=Nc7cccc([N+](=O)[O-])c7)c(N)c6c5O)cc4)cc3)c(O)c2c1,1,training
Nc1c(N=Nc2ccc(-c3ccc(N=Nc4c(S(=O)(=O)O)cc5cc(S(=O)(=O)O)c(N=Nc6ccccc6)c(O)c5c4N)cc3)cc2)ccc2c(S(=O)(=O)O)cccc12,0,training
COc1cc(-c2ccc(N=Nc3cc(S(=O)(=O)O)c4cccc(S(=O)(=O)O)c4c3N)c(OC)c2)ccc1N=Nc1cc(S(=O)(=O)O)c2cccc(S(=O)(=O)O)c2c1N,1,training
Nc1c(S(=O)(=O)O)cc2cc(S(=O)(=O)O)ccc2c1N=Nc1ccc(C=Cc2ccc(N=Nc3c(N)c(S(=O)(=O)O)cc4cc(S(=O)(=O)O)ccc34)cc2S(=O)(=O)O)c(S(=O)(=O)O)c1,1,training
Nc1c(S(=O)(=O)O)cc2cc(S(=O)(=O)O)ccc2c1N=Nc1ccc(C=Cc2ccc(NNc3c(N)c(S(=O)(=O)O)cc4cc(S(=O)(=O)O)ccc34)cc2S(=O)(=O)O)c(S(=O)(=O)O)c1,1,training
Nc1c(N=Nc2ccc(S(=O)(=O)c3ccc(N=Nc4cc(S(=O)(=O)O)c5cccc(S(=O)(=O)O)c5c4N)cc3)cc2)cc(S(=O)(=O)O)c2cccc(S(=O)(=O)O)c12,1,training
Nc1c(S(=O)(=O)O)cc2cc(S(=O)(=O)O)ccc2c1N=Nc1ccc(S(=O)(=O)c2ccc(N=Nc3c(N)c(S(=O)(=O)O)cc4cc(S(=O)(=O)O)ccc34)cc2)cc1,0,training
O=C1N2Cc3c4ccc5c3CN3C(=O)N6Cc7c(ccc(c7CN1C6(c1ccccc1)C23c1ccccc1)OCCOCCNCCOCCO4)OCCOCCNCCOCCO5,0,training
O=C1N2Cc3c4ccc5c3CN3C(=O)N6Cc7c(ccc(c7CN1C6(c1ccccc1)C23c1ccccc1)OCCOCCOc1cc(Br)c(Br)cc1OCCOCCO4)OCCOCCOc1cc(Br)c(Br)cc1OCCOCCO5,0,training
O=P(CCOc1ccccc1OCCP(=O)(c1ccccc1)c1ccc2c(c1)OCCOCCOCCOCCO2)(c1ccccc1)c1ccc2c(c1)OCCOCCOCCOCCO2,0,training
Cc1ccc(S(=O)(=O)N2CCCCN(S(=O)(=O)c3ccc(C)cc3)Cc3ccccc3OCCOCCOc3c4cccc3Cc3cccc5c3OCCOCCOc3ccccc3CN(S(=O)(=O)c3ccc(C)cc3)CCCN(S(=O)(=O)c3ccc(C)cc3)Cc3ccccc3OCCOCCOc3c(cccc3C4)Cc3cccc(c3OCCOCCOc3ccccc3C2)C5)cc1,0,training
c1ccc(C2OCCO2)c(OCCOc2cc(OCCOc3ccccc3C3OCCO3)c(OCCOc3ccccc3C3OCCO3)cc2OCCOc2ccccc2C2OCCO2)c1,0,training
[O-]c1c2cc(-[n+]3c(-c4ccccc4)cc(-c4ccccc4)cc3-c3ccccc3)cc1COC(c1ccccc1)C(c1ccccc1)OCCOCCOC(c1ccccc1)C(c1ccccc1)OC2,0,training
[O-]c1c2cc(-[n+]3c(-c4ccccc4)cc(-c4ccccc4)cc3-c3ccccc3)cc1COC(c1ccccc1)C(c1ccccc1)OCc1cccc(n1)COC(c1ccccc1)C(c1ccccc1)OC2,0,training
CC(C)(C)c1cc2c(OP(c3ccccc3)c3ccccc3)c(c1)Cc1cc(C(C)(C)C)cc(c1OP(c1ccccc1)c1ccccc1)Cc1cc(C(C)(C)C)cc(c1OP(c1ccccc1)c1ccccc1)Cc1cc(C(C)(C)C)cc(c1OP(c1ccccc1)c1ccccc1)C2,0,training
CC(C)(C)c1cc2c(OCC=Cc3ccccc3)c(c1)Cc1cc(C(C#N)(OCC=Cc3ccccc3)OCC=Cc3ccccc3)cc(c1OCC=Cc1ccccc1)Cc1cc(C(C)(C)C)cc(c1OCC=Cc1ccccc1)Cc1cc(C(C#N)(OCC=Cc3ccccc3)OCC=Cc3ccccc3)cc(c1OCC=Cc1ccccc1)C2,0,training
O=C(O)c1[nH]n(-c2ccccn2)c(=O)c1N=Nc1ccc(C=Cc2ccc(N=Nc3c(C(=O)O)[nH]n(-c4ccccn4)c3=O)cc2S(=O)(=O)O)c(S(=O)(=O)O)c1,0,training
O=C(O)c1ccccc1-n1[nH]c(C(=O)O)c(N=Nc2ccc(C=Cc3ccc(N=Nc4c(C(=O)O)[nH]n(-c5ccccc5C(=O)O)c4=O)cc3S(=O)(=O)O)c(S(=O)(=O)O)c2)c1=O,0,training
O=S(=O)(O)c1cc(N=Nc2cc(S(=O)(=O)O)c3ccccc3c2O)ccc1C=Cc1ccc(N=Nc2cc(S(=O)(=O)O)c3ccccc3c2O)cc1S(=O)(=O)O,1,training
Nc1c(N=Nc2ccc(C=Cc3ccc(N=Nc4cc(S(=O)(=O)O)c5cccc(S(=O)(=O)O)c5c4N)cc3S(=O)(=O)O)c(S(=O)(=O)O)c2)cc(S(=O)(=O)O)c2cccc(S(=O)(=O)O)c12,1,training
Nc1c(S(=O)(=O)O)cc(S(=O)(=O)O)c2ccc(N=Nc3ccc(C=Cc4ccc(N=Nc5ccc6c(S(=O)(=O)O)cc(S(=O)(=O)O)c(N)c6c5O)cc4S(=O)(=O)O)c(S(=O)(=O)O)c3)c(O)c12,1,training
Nc1ccc(C=Cc2ccc(N=Nc3ccc(C=Cc4ccc(N=Nc5ccc(C=Cc6ccc(N=Nc7ccc(C=Cc8ccc(N)cc8S(=O)(=O)O)c(S(=O)(=O)O)c7)cc6S(=O)(=O)O)c(S(=O)(=O)O)c5)cc4S(=O)(=O)O)c(S(=O)(=O)O)c3)cc2S(=O)(=O)O)c(S(=O)(=O)O)c1,1,training
Nc1c(N=Nc2ccc(C=Cc3ccc(N=Nc4cc(S(=O)(=O)O)c5ccccc5c4N)cc3S(=O)(=O)O)c(S(=O)(=O)O)c2)cc(S(=O)(=O)O)c2ccccc12,1,training
Nc1c(S(=O)(=O)O)cc(S(=O)(=O)O)c2ccc(N=Nc3ccc(C=Cc4ccc(NNc5ccc6c(S(=O)(=O)O)cc(S(=O)(=O)O)c(N)c6c5O)cc4S(=O)(=O)O)c(S(=O)(=O)O)c3)c(O)c12,1,training
Nc1c(N=Nc2ccc(C=Cc3ccc(NNc4cc(S(=O)(=O)O)c5cccc(S(=O)(=O)O)c5c4N)cc3S(=O)(=O)O)c(S(=O)(=O)O)c2)cc(S(=O)(=O)O)c2cccc(S(=O)(=O)O)c12,1,training
O=C(O)c1cc(=O)c2ccc(N=Nc3ccc(C=Cc4ccc(N=Nc5ccc6c(=O)cc(C(=O)O)[nH]c6c5O)cc4S(=O)(=O)O)c(S(=O)(=O)O)c3)c(O)c2[nH]1,1,training
O=S(=O)(O)c1ccc2c(N=Nc3ccc(C=Cc4ccc(N=Nc5c(O)ccc6cc(S(=O)(=O)O)ccc56)cc4S(=O)(=O)O)c(S(=O)(=O)O)c3)c(O)ccc2c1,1,training
O=S(=O)(O)c1ccc2c(c1)NN(c1ccc(C=Cc3ccc(N=Nc4ccc(C=Cc5ccc(N6Nc7ccc(S(=O)(=O)O)cc7N6)cc5S(=O)(=O)O)c(S(=O)(=O)O)c4)cc3S(=O)(=O)O)c(S(=O)(=O)O)c1)N2,1,training
O=S(=O)(O)c1cc(O)c2c(O)cc(S(=O)(=O)O)c(N=Nc3ccc(C=Cc4ccc(N=Nc5c(S(=O)(=O)O)cc(O)c6c(O)cc(S(=O)(=O)O)cc56)cc4S(=O)(=O)O)c(S(=O)(=O)O)c3)c2c1,1,training
Nc1ccc(N=Nc2ccc(C=Cc3ccc(N=Nc4ccc(N)c5cc(S(=O)(=O)O)ccc45)cc3S(=O)(=O)O)c(S(=O)(=O)O)c2)c2ccc(S(=O)(=O)O)cc12,1,training
Nc1c(N=Nc2ccc(C=Cc3ccc(N=Nc4ccc5cc(S(=O)(=O)O)ccc5c4N)cc3S(=O)(=O)O)c(S(=O)(=O)O)c2)ccc2cc(S(=O)(=O)O)ccc12,1,training
O=S(=O)(O)c1ccc2c(N=Nc3ccc(C=Cc4ccc(NNc5c(O)ccc6cc(S(=O)(=O)O)ccc56)cc4S(=O)(=O)O)c(S(=O)(=O)O)c3)c(O)ccc2c1,1,training
Nc1ccc(N=Nc2ccc(C=Cc3ccc(NNc4ccc(N)c5cc(S(=O)(=O)O)ccc45)cc3S(=O)(=O)O)c(S(=O)(=O)O)c2)c2ccc(S(=O)(=O)O)cc12,1,training
O=C(O)c1cc(O)c(Br)c(O)c1N=Nc1ccc(C=Cc2ccc(N=Nc3c(C(=O)O)cc(O)c(Br)c3O)cc2S(=O)(=O)O)c(S(=O)(=O)O)c1,1,training
COc1ccc2c(c1)c1cc(OC)ccc1n2CCCCOc1ccc(-c2c3ccccc3c(-c3ccc(OCCCCn4c5ccc(OC)cc5c5cc(OC)ccc54)cc3)c3ccccc23)cc1,0,training
CC(CC(C)=NC(=S)c1ccccc1)=NC(=S)c1ccccc1,0,training
CN(C)c1cc(CN(CCS[S+]([O-])c2ccccc2[N+](=O)[O-])[S+]([O-])c2ccccc2[N+](=O)[O-])nc(CN(CCS[S+]([O-])c2ccccc2[N+](=O)[O-])[S+]([O-])c2ccccc2[N+](=O)[O-])c1,0,training
c1ccc(-c2ccnc3c2ccc2c(-c4ccccc4)ccnc23)cc1,1,training
c1ccc(-c2c3nc(c(-c4ccccc4)c4[nH]c(c(-c5ccccc5)c5[nH]c(c(-c6ccccc6)c6nc2-c2ccccc2-6)c2ccccc52)c2ccccc42)-c2ccccc2-3)cc1,0,training
COc1ccc(-c2c3nc(c(-c4ccc(OC)cc4)c4[nH]c(c(-c5ccc(OC)cc5)c5[nH]c(c(-c6ccc(OC)cc6)c6nc2-c2ccccc2-6)c2ccccc52)c2ccccc42)-c2ccccc2-3)cc1,0,training
Cc1ccc2ccc3c(-c4ccccc4)cc(C)nc3c2n1,0,training
Cc1ccc2cc(-c3ccccc3)c3ccc(C)nc3c2n1,0,training
Cc1cc(-c2ccccc2)c2ccc3c(-c4ccccc4)cc(C)nc3c2n1,0,training
Cc1cccc(NP2(Nc3cccc(C)c3)=NP(Nc3cccc(C)c3)(Nc3cccc(C)c3)=NP(Nc3cccc(C)c3)(Nc3cccc(C)c3)=NP(Nc3cccc(C)c3)(Nc3cccc(C)c3)=N2)c1,0,training
c1ccc(OP2(Oc3ccccc3)=NP(Oc3ccccc3)(Oc3ccccc3)=NP(Oc3ccccc3)(Oc3ccccc3)=NP(Oc3ccccc3)(Oc3ccccc3)=N2)cc1,0,training
S=C(NCCNC(=S)S[Sn](c1ccccc1)(c1ccccc1)c1ccccc1)S[Sn](c1ccccc1)(c1ccccc1)c1ccccc1,0,training
Clc1c(Cl)c2c(Cl)c(Cl)c1C[PH](c1ccccc1)(c1ccccc1)CC[PH](c1ccccc1)(c1ccccc1)Cc1c(Cl)c(Cl)c(c(Cl)c1Cl)C[PH](c1ccccc1)(c1ccccc1)CC[PH](c1ccccc1)(c1ccccc1)C2,0,training
O=S(=O)(c1ccccc1)N1CC2(CN(S(=O)(=O)c3ccccc3)c3ccccc31)CN(S(=O)(=O)c1ccccc1)c1ccccc1N(S(=O)(=O)c1ccccc1)C2,0,training
S=c1[nH]c2ccccc2s1,0,training
S=C(S)N(Nc1nc2ccccc2s1)Nc1nc2ccccc2s1,0,training
c1ccc([Ge](c2ccccc2)(c2ccccc2)p2p3p([Ge](c4ccccc4)(c4ccccc4)c4ccccc4)p4p2p4p3[Ge](c2ccccc2)(c2ccccc2)c2ccccc2)cc1,0,training
N#Cc1cccc(N2C(=O)c3c(c(-c4ccccc4)c(-c4ccc(Sc5ccc(-c6c(-c7ccccc7)c7c(c(-c8ccccc8)c6-c6ccccc6)C(=O)N(c6cccc(C#N)c6)C7=O)cc5)cc4)c(-c4ccccc4)c3-c3ccccc3)C2=O)c1,0,training
C#Cc1cccc(N2C(=O)c3c(c(-c4ccccc4)c(-c4ccc(Cc5ccc(-c6c(-c7ccccc7)c7c(c(-c8ccccc8)c6-c6ccccc6)C(=O)N(c6cccc(C#C)c6)C7=O)cc5)cc4)c(-c4ccccc4)c3-c3ccccc3)C2=O)c1,0,training
C#CN1C(=O)c2c(c(-c3ccccc3)c(-c3ccc(Oc4ccc(-c5c(-c6ccccc6)c6c(c(-c7ccccc7)c5-c5ccccc5)C(=O)N(C#C)C6=O)cc4)cc3)c(-c3ccccc3)c2-c2ccccc2)C1=O,0,training
O=C1C(c2ccccc2)=C(c2ccccc2)C(c2ccc(CCCCCCc3ccc(C4=C(c5ccccc5)C(=O)C(c5ccccc5)=C4c4ccccc4)cc3)cc2)=C1c1ccccc1,0,training
C(=CP(c1ccccc1)c1ccccc1)P(c1ccccc1)c1ccccc1,0,training
c1ccc(P(CCP(CCP(c2ccccc2)c2ccccc2)c2ccccc2)CCP(c2ccccc2)c2ccccc2)cc1,0,training
C(#C[PH2](c1ccccc1)c1ccccc1)c1ccccc1,0,training
C(=C[PH2](c1ccccc1)c1ccccc1)[PH2](c1ccccc1)c1ccccc1,0,training
c1ccc(P(CCP(CCP(c2ccccc2)c2ccccc2)CCP(c2ccccc2)c2ccccc2)c2ccccc2)cc1,0,training
c1ccc(C[P+](c2ccccc2)(c2ccccc2)c2ccc3ccccc3c2-c2c([P+](Cc3ccccc3)(c3ccccc3)c3ccccc3)ccc3ccccc23)cc1,0,training
CN1S(=O)(=O)N(C)P12(N=P(CP(=NP13(N(C)S(=O)(=O)N1C)N(C)S(=O)(=O)N3C)(c1ccccc1)c1ccccc1)(c1ccccc1)c1ccccc1)N(C)S(=O)(=O)N2C,0,training
[Au]c1nccn1Cc1ccccc1,0,training
c1ccc(Pc2ccccc2)cc1,0,training
O=C1N=C(SC(SC2=NC(=O)C3(NN2)c2ccccc2-c2ccccc23)=C(SC2=NC(=O)C3(NN2)c2ccccc2-c2ccccc23)SC2=NC(=O)C3(NN2)c2ccccc2-c2ccccc23)NNC12c1ccccc1-c1ccccc12,0,training
O=C1C([P+](c2ccccc2)(c2ccccc2)c2ccccc2)=C([O-])C(=Cc2ccc(Cl)c(Cl)c2)C([O-])=C1[P+](c1ccccc1)(c1ccccc1)c1ccccc1,0,training
Cc1c2c(Cl)c3c(c(Cl)c2c(C)c2c(Cl)c4c(c(Cl)c12)C(c1ccccc1)(c1ccccc1)C4(c1ccccc1)c1ccccc1)C(c1ccccc1)(c1ccccc1)C3(c1ccccc1)c1ccccc1,0,training
O=C1C(Br)=C(C2=CC(=P(c3ccccc3)(c3ccccc3)c3ccccc3)C=C2)C(=O)C(Br)=C1C1=CC(=P(c2ccccc2)(c2ccccc2)c2ccccc2)C=C1,0,training
OCCO[P+]1(OCCO)n2c3ccc2C(c2ccccc2)=C2C=CC(=N2)C(c2ccccc2)=c2ccc(n21)=C(c1ccccc1)C1=NC(=C3c2ccccc2)C=C1,0,training
OCCOCCO[P+]1(OCCOCCO)n2c3ccc2C(c2ccccc2)=C2C=CC(=N2)C(c2ccccc2)=c2ccc(n21)=C(c1ccccc1)C1=NC(=C3c2ccccc2)C=C1,0,training
O=S1(=O)OC(c2cc(Br)c(O)c(Br)c2)(c2cc(Br)c(O)c(Br)c2)c2c(Br)c(Br)c(Br)c(Br)c21,0,training
O=C1CNCCCN2CCN(CCCNCC(=O)Nc3ccc(cc3)S(=O)(=O)c3ccc(cc3)NC(=O)CNCCCN3CCN(CCCNCC(=O)Nc4ccc(cc4)S(=O)(=O)c4ccc(cc4)N1)CC3)CC2,0,training
CC1OC(=O)C(C(C)C)NC(=O)C(C(C)C)OC(=O)C(C(C)C)NC(=O)C(C)OC(=O)C(C(C)C)NC(=O)C(C(C)C)OC(=O)C(C(C)C)NC(=O)C(C)OC(=O)C(C(C)C)NC(=O)C(C(C)C)OC(=O)C(C(C)C)NC1=O,0,training
COc1c(O)c(C)c(C=CC(C)=CCC=C(C)CCC=C(C)CCC=C(C)CCC=C(C)CCC=C(C)CCC=C(C)CCC=C(C)CCC=C(C)CCC=C(C)C)c(O)c1OC,0,training
COC1=CC2C3Cc4c(-c5cc(OC)c(O)c6c5CC5C7=CC(OC)C(=O)CC76CCN5C)cc(OC)c(O)c4C2(CCN3C)CC1=O,0,training
CC(C)(C)c1cc(CCCCCCCC2(CCCCCCCc3cc(C(C)(C)C)cc(C(C)(C)C)c3)OC(COCCOCCCCCC#N)C(COCCOCCCCCC#N)O2)cc(C(C)(C)C)c1,0,training
Cc1c(CN2CCCC2)c(=O)c2c(O)c3c(O)c(CN4CCCC4)c(O)c4c5c(O)c(CN6CCCC6)c(O)c6c(=O)c7c(O)c(CN8CCCC8)c(C)c8c1c2c(c34)c(c65)c78,0,training
Cc1c(CN2CCN(C)CC2)c(=O)c2c(O)c3c(O)c(CN4CCN(C)CC4)c(O)c4c5c(O)c(CN6CCN(C)CC6)c(O)c6c(=O)c7c(O)c(CN8CCN(C)CC8)c(C)c8c1c2c(c34)c(c65)c78,0,training
O=C1C(O)c2c(O)cc(O)cc2OC1c1ccc(O)cc1O,0,training
CN1CCc2cc(O)c3cc2C1Cc1ccc(cc1)Oc1cc(ccc1OC(=O)C(C)(C)C)CC1c2c(cc(OC(=O)C(C)(C)C)c(OC(=O)C(C)(C)C)c2O3)CCN1C,0,training
CC1=C(Br)CC23C(C1)OC(Br)(C=CC2(C)O)C3(C)C,0,training
C[N+]1(CCNP(=S)(NCC[N+]2(C)Cc3c(ccc4c3OCO4)C3C(O)Cc4cc5c(cc4C32)OCO5)NCC[N+]2(C)Cc3c(ccc4c3OCO4)C3C(O)Cc4cc5c(cc4C32)OCO5)Cc2c(ccc3c2OCO3)C2C(O)Cc3cc4c(cc3C21)OCO4,0,training
Oc1ccc(C2Oc3cc(O)cc(C4c5c(cc(O)cc5C5C(c6ccc(O)cc6)OC(c6ccc(O)cc6)C5c5cc(O)cc(O)c5)OC4c4ccc(O)cc4)c3C2c2cc(O)cc(O)c2)cc1,1,training
Oc1ccc(C=Cc2cc(O)cc3c2C(c2cc(O)cc4c2C(c2cc(O)cc5c2C(c2cc(O)cc(O)c2)C(c2ccc(O)cc2)O5)C(c2ccc(O)cc2)O4)C(c2ccc(O)cc2)O3)cc1,1,training
Oc1ccc(C2Oc3cc4c5c(c3C2c2cc(O)cc(O)c2)C2c3cc(c(O)cc3OC2c2ccc(O)cc2)C2c3c(cc(O)cc3C5C(c3ccc(O)cc3)O4)OC2c2ccc(O)cc2)cc1,0,training
O=C1C=C2C3c4c(cc(O)cc4C4c5c(O)cc6c(c5C5C(c7ccc(O)cc7)C1C(=O)C25C4c1ccc(O)cc1)C(c1cc(O)cc(O)c1)C(c1ccc(O)cc1)O6)OC3c1ccc(O)cc1,0,training
O=C1OC2C(O)OC3COC(=O)c4cc(O)c(O)c(O)c4-c4c(O)c(O)c5oc(=O)c6c(c(O)c(O)c7oc(=O)c4c5c76)-c4c(cc(O)c(O)c4O)C(=O)OC3C2OC(=O)c2cc(O)c(O)c(O)c2-c2c1cc(O)c(O)c2O,1,training
O=C1OC(C2OC(=O)c3cc(O)c(O)c(O)c3-c3c(O)c(O)c4oc(=O)c5c(c(O)c(O)c6oc(=O)c3c4c65)-c3c(cc(O)c(O)c3O)C(=O)OCC2O)C2OC(=O)c3c(c(O)c(O)c(O)c3C2O)-c2c1cc(O)c(O)c2O,1,training
C[Si](C)(C)c1ccc(-c2sc(-c3ccc([Si](C)(C)C)s3)c3c2C[Si]2(C3)Cc3c(-c4ccc([Si](C)(C)C)s4)sc(-c4ccc([Si](C)(C)C)s4)c3C2)s1,0,training
O=C1OCC(O)C(C2OC(=O)c3cc(O)c(O)c(O)c3-c3c(O)c(O)c(O)c4c3C(=O)OC2C4c2c(O)cc(O)c3c2OC(c2ccc(O)c(O)c2)C(O)C3)OC(=O)c2cc(O)c(O)c(O)c2-c2c1cc(O)c(O)c2O,1,training
Oc1ccc(C2Oc3cc(O)cc4c3C2c2cc(O)cc(O)c2C(c2ccc(O)cc2)C4C2c3cc(O)cc4c3C(c3cc(O)cc(O)c3C2c2ccc(O)cc2)C(c2ccc(O)cc2)O4)cc1,0,training
COc1cc(C)cc2c(-c3c(O)cc(O)c4c3CC(C)NC4C)cc(-c3cc(-c4c(O)cc(O)c5c4CC(C)NC5C)c4cc(C)cc(OC)c4c3O)c(O)c12,1,training
C=C(NC(=O)C(=C)NC(=O)c1ccc2c3nc(cs3)c(=O)[nH]c(C(C)O)c(O)[nH]c(=CC)c3nc(co3)c(=O)[nH]c(=C)c(=O)[nH]c(C(C)(C)O)c(O)nc(C)c3nc(c(C)o3)c(=O)nc(C)c(=O)nc(C)c3nc(co3)c2n1)C(N)=O,0,training
CC1(C)CNCC2(C)OCCCCCCCCCCOC3(C)CNCC(C)(C)NC(=O)C(C)(CNCC(C)(C)NC3=O)OCCCCCCCCCCOC(C)(CNCC(C)(C)NC2=O)C(=O)N1,0,training
Cc1c(O)c(O)c(-c2c(O)c(O)c(C)c3c2OCO3)c2c1OCO2,0,training
O=c1c(C(c2ccc(C(c3c(O)oc4cc(O)ccc4c3=O)c3c(O)oc4cc(O)ccc4c3=O)cc2)c2c(O)oc3cc(O)ccc3c2=O)c(O)oc2cc(O)ccc12,0,training
O=C1C2=C(SCCS2)C(=O)c2c(Sc3ccc(Cl)cc3)c(Sc3ccc(Cl)cc3)c(Sc3ccc(Cl)cc3)c(Sc3ccc(Cl)cc3)c21,0,training
CCSCC1OC2OC3C(CSCC)OC(OC4C(CSCC)OC(OC5C(CSCC)OC(OC6C(CSCC)OC(OC7C(CSCC)OC(OC8C(CSCC)OC(OC1C(OS(=O)(=O)O)C2OS(=O)(=O)O)C(OS(=O)(=O)O)C8OS(=O)(=O)O)C(OS(=O)(=O)O)C7OS(=O)(=O)O)C(OS(=O)(=O)O)C6OS(=O)(=O)O)C(OS(=O)(=O)O)C5OS(=O)(=O)O)C(OS(=O)(=O)O)C4OS(=O)(=O)O)C(OS(=O)(=O)O)C3OS(=O)(=O)O,1,training
O=S(=O)(O)NCC1OC2OC3C(CNS(=O)(=O)O)OC(OC4C(CNS(=O)(=O)O)OC(OC5C(CNS(=O)(=O)O)OC(OC6C(CNS(=O)(=O)O)OC(OC7C(CNS(=O)(=O)O)OC(OC8C(CNS(=O)(=O)O)OC(OC1C(OS(=O)(=O)O)C2OS(=O)(=O)O)C(OS(=O)(=O)O)C8OS(=O)(=O)O)C(OS(=O)(=O)O)C7OS(=O)(=O)O)C(OS(=O)(=O)O)C6OS(=O)(=O)O)C(OS(=O)(=O)O)C5OS(=O)(=O)O)C(OS(=O)(=O)O)C4OS(=O)(=O)O)C(OS(=O)(=O)O)C3OS(=O)(=O)O,0,training
CCCCCCCCCCCCc1ccsc1-c1ccc(-c2ccc(-c3sc(-c4cc(CCCCCCCCCCCC)c(-c5ccc(-c6ccc(-c7sccc7CCCCCCCCCCCC)s6)s5)s4)cc3CCCCCCCCCCCC)s2)s1,0,training
CC1c2cc(c3c(c2O)CN(C(C)C2CCCCC2)CO3)C(C)c2cc(c3c(c2O)CN(C(C)C2CCCCC2)CO3)C(C)c2cc(c3c(c2O)CN(C(C)C2CCCCC2)CO3)C(C)c2cc1c1c(c2O)CN(C(C)C2CCCCC2)CO1,0,training
C=C(COC(=O)CC(C)(C)CC(=O)O)C1CCC2(COC(=O)CC(C)(C)CC(=O)O)CCC3(C)C(CCC4C5(C)CCC(OC(=O)CC(C)(C)CC(=O)O)C(C)(C)C5CCC43C)C12,0,training
C=C(COC(=O)CC1(CC(=O)O)CCCC1)C1CCC2(COC(=O)CC3(CC(=O)O)CCCC3)CCC3(C)C(CCC4C5(C)CCC(OC(=O)CC6(CC(=O)O)CCCC6)C(C)(C)C5CCC43C)C12,0,training
COC(c1ccc(C(C)(C)C)cc1)(c1ccc(C(C)(C)C)cc1)c1cc(C(O)(c2cc(C(OC)(c3ccc(C(C)(C)C)cc3)c3ccc(C(C)(C)C)cc3)c(C)cc2C)c2cc(C(OC)(c3ccc(C(C)(C)C)cc3)c3ccc(C(C)(C)C)cc3)c(C)cc2C)c(C)cc1C,0,training
CC(C)(C)c1ccc2c(c1)CNCCNCc1cc(C(C)(C)C)ccc1OCC1(CO2)COc2ccc(C(C)(C)C)cc2CNCCNCc2cc(C(C)(C)C)ccc2OC1,0,training
CC(C)(C)c1ccc2c(c1)CNCCNCCNCc1cc(C(C)(C)C)ccc1OCC1(CO2)COc2ccc(C(C)(C)C)cc2CNCCNCCNCc2cc(C(C)(C)C)ccc2OC1,0,training
O=C(O)C1S[Bi](SC(C(=O)O)C(S[Bi]2SC(C(=O)O)C(C(=O)O)S2)C(=O)O)SC1C(=O)O,0,training
CC12CC3CC(C)(C1)CC(SCCCCCN=C(N)CSSCC(=N)NCCCCCSC14CC5CC(C)(CC(C)(C5)C1)C4)(C3)C2,0,training
COc1c2cc(C(C)(C)C)cc1Cc1cccc(c1O)Cc1cc(C(C)(C)C)cc(c1OC)Cc1cccc(c1O)Cc1cc(C(C)(C)C)cc(c1OC)Cc1cccc(c1O)C2,0,training
CC(C)(C)c1cc2c(O)c(c1)C(c1ccccc1)c1cc(C(C)(C)C)cc(c1O)Cc1cc(C(C)(C)C)cc(c1O)C(c1ccccc1)c1cc(C(C)(C)C)cc(c1O)C2,0,training
CCCCCCCCc1cc2c(O)c(c1)Cc1cc(CCCCCCCC)cc(c1O)Cc1cc(CCCCCCCC)cc(c1O)Cc1cc(CCCCCCCC)cc(c1O)Cc1cc(CCCCCCCC)cc(c1O)Cc1cc(CCCCCCCC)cc(c1O)C2,0,training
CC(C)(C)CC(C)(C)c1cc2c(O)c(c1)Cc1cc(C(C)(C)CC(C)(C)C)cc(c1O)Cc1cc(C(C)(C)CC(C)(C)C)cc(c1O)Cc1cc(C(C)(C)CC(C)(C)C)cc(c1O)C2,0,training
CC(C)(C)CC(C)(C)c1cc2c(O)c(c1)Cc1cc(C(C)(C)CC(C)(C)C)cc(c1O)Cc1cc(C(C)(C)CC(C)(C)C)cc(c1O)Cc1cc(C(C)(C)CC(C)(C)C)cc(c1O)Cc1cc(C(C)(C)CC(C)(C)C)cc(c1O)C2,0,training
CC(C)c1cc2c(O)c(c1)Cc1cc(C(C)C)cc(c1O)Cc1cc(C(C)C)cc(c1O)Cc1cc(C(C)C)cc(c1O)Cc1cc(C(C)C)cc(c1O)Cc1cc(C(C)C)cc(c1O)C2,0,training
CC(C)(C)CC(C)(C)c1cc2c(O)c(c1)Cc1cc(C(C)(C)CC(C)(C)C)cc(c1O)Cc1cc(C(C)(C)CC(C)(C)C)cc(c1O)Cc1cc(C(C)(C)CC(C)(C)C)cc(c1O)Cc1cc(C(C)(C)CC(C)(C)C)cc(c1O)Cc1cc(C(C)(C)CC(C)(C)C)cc(c1O)C2,0,training
CCc1cc2c(O)c(c1)Cc1cc(CC)cc(c1O)Cc1cc(CC)cc(c1O)Cc1cc(CC)cc(c1O)Cc1cc(CC)cc(c1O)Cc1cc(CC)cc(c1O)Cc1cc(CC)cc(c1O)C2,0,training
CC(C)(C)CC(C)(C)c1cc2c(O)c(c1)Cc1cc(C(C)(C)CC(C)(C)C)cc(c1O)Cc1cc(C(C)(C)CC(C)(C)C)cc(c1O)Cc1cc(C(C)(C)CC(C)(C)C)cc(c1O)Cc1cc(C(C)(C)CC(C)(C)C)cc(c1O)Cc1cc(C(C)(C)CC(C)(C)C)cc(c1O)Cc1cc(C(C)(C)CC(C)(C)C)cc(c1O)Cc1cc(C(C)(C)CC(C)(C)C)cc(c1O)C2,0,training
CC(C)(c1ccccc1)c1ccc(Oc2ccc3c(c2)C2=NC3=NC3=NC(=NC4=NC(=NC5=NC(=N2)c2ccc(Oc6ccc(C(C)(C)c7ccccc7)cc6)cc25)c2ccc(Oc5ccc(C(C)(C)c6ccccc6)cc5)cc24)c2cc(Oc4ccc(C(C)(C)c5ccccc5)cc4)ccc23)cc1,0,training
CC(C)(C)COc1ccc2c(c1)C1=NC3=NC(=NC4=NC(=NC5=NC(=NC2=N1)c1ccc(OCC(C)(C)C)cc15)c1cc(OCC(C)(C)C)ccc14)c1cc(OCC(C)(C)C)ccc13,0,training
CCCCCCCCCCCCCCCCCCOc1ccc2c(c1)C1=NC2=NC2=NC(=NC3=NC(=NC4=NC(=N1)c1cc(OCCCCCCCCCCCCCCCCCC)ccc14)c1ccc(OCCCCCCCCCCCCCCCCCC)cc13)c1cc(OCCCCCCCCCCCCCCCCCC)ccc12,0,training
CC(C)(C)c1ccc(Oc2ccc3c(c2)C2=NC3=NC3=NC(=NC4=NC(=NC5=NC(=N2)c2ccc(Oc6ccc(C(C)(C)C)cc6C(C)(C)C)cc25)c2ccc(Oc5ccc(C(C)(C)C)cc5C(C)(C)C)cc24)c2cc(Oc4ccc(C(C)(C)C)cc4C(C)(C)C)ccc23)c(C(C)(C)C)c1,0,training
c1ccc(Oc2cccc(Oc3ccc4c(c3)C3=NC4=NC4=NC(=NC5=NC(=NC6=NC(=N3)c3ccc(Oc7cccc(Oc8ccccc8)c7)cc36)c3ccc(Oc6cccc(Oc7ccccc7)c6)cc35)c3cc(Oc5cccc(Oc6ccccc6)c5)ccc34)c2)cc1,0,training
CCCCCCCCCc1ccc(Oc2ccc3c(c2)C2=NC3=NC3=NC(=NC4=NC(=NC5=NC(=N2)c2ccc(Oc6ccc(CCCCCCCCC)cc6)cc25)c2ccc(Oc5ccc(CCCCCCCCC)cc5)cc24)c2cc(Oc4ccc(CCCCCCCCC)cc4)ccc23)cc1,0,training
Oc1ccc(Oc2cc3c(cc2Oc2ccc(O)cc2)C2=NC4=NC(=NC5=NC(=NC6=NC(=NC3=N2)c2cc(Oc3ccc(O)cc3)c(Oc3ccc(O)cc3)cc26)c2cc(Oc3ccc(O)cc3)c(Oc3ccc(O)cc3)cc25)c2cc(Oc3ccc(O)cc3)c(Oc3ccc(O)cc3)cc24)cc1,0,training
c1ccc([PH2](CC[AsH2](c2ccccc2)c2ccccc2)CC[AsH2](c2ccccc2)c2ccccc2)cc1,0,training
c1ccc(P(CC[PH2](CC[PH2](CC[PH2](c2ccccc2)c2ccccc2)c2ccccc2)c2ccccc2)c2ccccc2)cc1,0,training
c1ccc([PH2](CC[PH2](CC[PH2](c2ccccc2)c2ccccc2)c2ccccc2)CC[PH2](c2ccccc2)c2ccccc2)cc1,0,training
c1ccc([PH2](CC[PH2](c2ccccc2)c2ccccc2)CC[PH2](c2ccccc2)c2ccccc2)cc1,0,training
c1ccc([PH2](c2ccccc2)c2ccccc2)cc1,0,training
Cc1ccc([PH2](CC[PH2](c2ccccc2)c2ccccc2)c2ccc(C)cc2)cc1,0,training
c1ccc([PH2](CC[PH2](c2ccccc2)c2ccccc2)c2ccccc2)cc1,0,training
c1ccc([PH2](CC[PH2](CC[PH2](c2ccccc2)c2ccccc2)CC[PH2](c2ccccc2)c2ccccc2)c2ccccc2)cc1,0,training
CC(C)CCCC(C)C1CCC2C3CCC4CC(CCC=CCCC5CCC6(C)C(CCC7C6CCC6(C)C(C(C)CCCC(C)C)CCC76)C5)CCC4(C)C3CCC12C,0,training
CCCCCCCCCCCCCCCCOC1OC(CCSSC2OC(OCCCCCCCCCCCCCCCC)C(O)C(O)C2O)C(O)C(O)C1O,0,training
CCCCCNP1(NCCCCC)=NP(NCCCCC)(NCCCCC)=NP(NCCCCC)(NCCCCC)=NP(NCCCCC)(NCCCCC)=N1,0,training
FC(F)C(F)(F)C(F)(F)C(F)(F)C(F)(F)C(F)(F)COC(OCC(F)(F)C(F)(F)C(F)(F)C(F)(F)C(F)(F)C(F)F)OCC(F)(F)C(F)(F)C(F)(F)C(F)(F)C(F)(F)C(F)F,0,training
OC(OCC(COC(O)C(Br)Br)(COC(O)C(Br)Br)COC(O)C(Br)Br)C(Br)Br,0,training
c1cnn(P2(n3cccn3)=NP(n3cccn3)(n3cccn3)=NP(n3cccn3)(n3cccn3)=NP(n3cccn3)(n3cccn3)=NP(n3cccn3)(n3cccn3)=NP(n3cccn3)(n3cccn3)=N2)c1,0,training
OCC1OC2OC3C(CO)OC(OC4C(CO)OC(OC5C(CO)OC(OC6C(CO)OC(OC7C(CO)OC(OC1C(O)C2O)C(O)C7O)C(O)C6O)C(O)C5O)C(O)C4O)C(O)C3O,0,training
CN(C=O)C1=C(N(C)C=O)C(N(C)C=O)=C(N(C)C=O)C(=O)C1=O,0,training
CCCCCCCCCCCCCCCCN[Ge](NCCCCCCCCCCCCCCCC)(NCCCCCCCCCCCCCCCC)NCCCCCCCCCCCCCCCC,0,training
CCCCCCCCCCCCCCCCN[Si](NCCCCCCCCCCCCCCCC)(NCCCCCCCCCCCCCCCC)NCCCCCCCCCCCCCCCC,0,training
C1CCC(N(PP(PN(C2CCCCC2)C2CCCCC2)N(C2CCCCC2)C2CCCCC2)C2CCCCC2)CC1,0,training
CO[PH2](OC)OC,0,training
CN([PH2](F)F)[PH2](F)F,0,training
CC(C)N(C(C)C)[PH2]1O[PH2](N(C(C)C)C(C)C)O[PH2](N(C(C)C)C(C)C)O[PH2](N(C(C)C)C(C)C)O1,0,training
CC(C)N(C(C)C)[PH2]1O[PH2](N(C(C)C)C(C)C)O[PH2](N(C(C)C)C(C)C)O[PH2](N(C(C)C)C(C)C)O[PH2](N(C(C)C)C(C)C)O1,0,training
CCCC[Sn+2]CCCC,0,training
CCCCCCCC[Sn+2]CCCCCCCC,0,training
O=C1CCN(CCC(F)(F)C(F)(F)C(F)(F)C(F)(F)C(F)(F)C(F)(F)F)C(=S)N1CCC(F)(F)C(F)(F)C(F)(F)C(F)(F)C(F)(F)C(F)(F)F,0,training
O=S(=O)(N1CCCCN(S(=O)(=O)C(F)(F)F)CCCN(S(=O)(=O)C(F)(F)F)CCCN(S(=O)(=O)C(F)(F)F)CCCCN(S(=O)(=O)C(F)(F)F)CCCN(S(=O)(=O)C(F)(F)F)CCC1)C(F)(F)F,0,training
O=S(=O)(N1CCCCN(S(=O)(=O)C(F)(F)F)CCCN(S(=O)(=O)C(F)(F)F)CCCCN(S(=O)(=O)C(F)(F)F)CCCN(S(=O)(=O)C(F)(F)F)CCCCN(S(=O)(=O)C(F)(F)F)CCCN(S(=O)(=O)C(F)(F)F)CCCCN(S(=O)(=O)C(F)(F)F)CCC1)C(F)(F)F,0,training
CC(C)N(C(C)C)P1O[PH2](N(C(C)C)C(C)C)OP(N(C(C)C)C(C)C)O[PH2](N(C(C)C)C(C)C)O1,0,training
C#CC(O)C=CC(O)CCCC(O)CC#CC(O)C#CC(O)CCCC(O)C=CCCCCCC(=O)CCCCCCCCCCCCCC(O)C(O)C#CC(=O)O,0,training
C#CC(O)C=CC(O)CCCC(O)CC#CC(O)C#CC(O)CCCC(O)C=CCCCC(=O)CCCCCCCCCCCCCCCC(O)C(O)C#CC(=O)O,1,training
O=C(Nc1ccc(C=Cc2ccc(NC(=O)c3cc(S(=O)(=O)O)c4cccnc4c3O)cc2S(=O)(=O)O)c(S(=O)(=O)O)c1)c1cc(S(=O)(=O)O)c2cccnc2c1O,0,valid
O=C(Nc1ccc(C=Cc2ccc(NC(=O)c3cc(S(=O)(=O)O)ccc3O)cc2S(=O)(=O)O)c(S(=O)(=O)O)c1)c1cc(S(=O)(=O)O)ccc1O,1,valid
O=C(Nc1ccc(C=Cc2ccc(NC(=O)c3cc(S(=O)(=O)O)c4cccnc4c3O)cc2S(=O)(=O)O)c(S(=O)(=O)O)c1)Nc1ccc(C=Cc2ccc(NC(=O)c3cc(S(=O)(=O)O)c4cccnc4c3O)cc2S(=O)(=O)O)c(S(=O)(=O)O)c1,1,valid
O=C(O)CSCc1cc(C(=O)Nc2ccc(C=Cc3ccc(NC(=O)c4cc(CSCC(=O)O)c5cccnc5c4O)cc3S(=O)(=O)O)c(S(=O)(=O)O)c2)c(O)c2ncccc12,1,valid
O=C(O)CCSCc1cc(C(=O)Nc2ccc(C=Cc3ccc(NC(=O)c4cc(CSCCC(=O)O)c5cccnc5c4O)cc3S(=O)(=O)O)c(S(=O)(=O)O)c2)c(O)c2ncccc12,1,valid
O=C(CSCc1cc(S(=O)(=O)O)c2cccnc2c1O)Nc1ccc(C=Cc2ccc(NC(=O)CSCc3cc(S(=O)(=O)O)c4cccnc4c3O)cc2S(=O)(=O)O)c(S(=O)(=O)O)c1,0,valid
O=C(O)CCSCc1cc(C(=O)Nc2ccc(C=Cc3ccc(NC(=O)c4cc(CSCCC(=O)O)c5ccccc5c4O)cc3S(=O)(=O)O)c(S(=O)(=O)O)c2)c(O)c2ccccc12,1,valid
CC1(C)CCC2(C(=O)OC3OC(CO)C(O)C(O)C3O)CCC3(CO)C(=CCC4C5(C)CC(O)C(O)C(C)(C(=O)OC6OC(CO)C(O)C(O)C6O)C5CCC43C)C2C1,0,valid
CC1OC(OC2C(OC(=O)C34CCC(C)(C)CC3C3=CCC5C6(C)CC(O)C(OC7OC(CO)C(O)C(O)C7N)C(C)(C(=O)O)C6CCC5(C)C3(C)CC4)OCC(O)C2O)C(O)C(O)C1OC1OCC(O)C(O)C1O,0,valid
CC1OC(OC2C(OC(=O)C34CCC(C)(C)CC3C3=CCC5C6(C)CC(O)C(OC7OC(COC8OC(CO)C(O)C(O)C8O)C(O)C(O)C7O)C(C)(C(=O)O)C6CCC5(C)C3(C)CC4)OCC(O)C2O)C(O)C(O)C1OC1OCC(O)C(O)C1O,0,valid
CC1(C)CCC2(C(=O)OC3OC(CO)C(O)C(O)C3O)CCC3(C)C(=CCC4C5(C)CC(O)C(OC6OC(CO)C(O)C(O)C6O)C(C)(C(=O)O)C5CCC43C)C2C1,0,valid
CC1OC(OC2C(O)COC(OC3C(C)OC(OC4C(OC(=O)C56CCC(C)(C)CC5C5=CCC7C8(C)CC(O)C(OC9OC(CO)C(O)C(OC%10OC(CO)C(O)C(O)C%10O)C9O)C(C)(CO)C8CCC7(C)C5(C)CC6)OCC(O)C4O)C(O)C3OC3OCC(O)C(O)C3O)C2O)C(O)C(O)C1O,1,valid
CC1OC(OC2C(O)COC(OC3C(C)OC(OC4C(OC(=O)C56CCC(C)(C)CC5C5=CCC7C8(C)CC(O)C(OC9OC(CO)C(O)C(O)C9O)C(C)(CO)C8CCC7(C)C5(C)CC6)OCC(O)C4O)C(O)C3OC3OCC(O)(CO)C3O)C2O)C(O)C(O)C1O,1,valid
CC1OC(OC2C(O)COC(OC3C(C)OC(OC4C(OC(=O)C56CCC(C)(C)CC5C5=CCC7C8(C)CC(O)C(OC9OC(CO)C(O)C(O)C9O)C(C)(CO)C8CCC7(C)C5(C)CC6)OCC(O)C4O)C(O)C3O)C2O)C(O)C(O)C1O,0,valid
CC1OC(OC2C(O)COC(OC3C(C)OC(OC4C(OC(=O)C56CCC(C)(C)CC5C5=CCC7C8(C)CC(O)C(OC9OC(CO)C(O)C(OC%10OC(CO)C(O)C(O)C%10O)C9O)C(C)(CO)C8CCC7(C)C5(C)CC6)OCC(O)C4O)C(O)C3OC3OCC(O)(CO)C3O)C2O)C(O)C(O)C1O,1,valid
CC1OC(OC2C(O)COC(OC3C(C)OC(OC4C(OC(=O)C56CCC(C)(C)CC5C5=CCC7C8(C)CC(O)C(OC9OC(CO)C(O)C(O)C9O)C(C)(CO)C8CCC7(C)C5(C)CC6)OCC(O)C4O)C(O)C3OC3OCC(O)C(O)C3O)C2O)C(O)C(O)C1O,0,valid
CC1OC(OC2C(O)COC(OC3C(C)OC(OC4C(OC(=O)C56CCC(C)(C)CC5C5=CCC7C8(C)CC(O)C(OC9OC(CO)C(O)C(OC%10OC(CO)C(O)C(O)C%10O)C9O)C(C)(CO)C8CCC7(C)C5(C)CC6)OCC(O)C4O)C(O)C3O)C2O)C(O)C(O)C1O,0,valid
CCN(CC)C(=O)COc1cc2c(O)c3c(O)c(C)c4c(c13)C(=O)C(C)(OC=CC(OC)C(C)C(OC(C)=O)C(C)C(O)C(C)C(O)C(C)=CC=CC(C)C(=O)N2)O4,0,valid
CCOC(=O)N1CCN(C(=O)COc2cc3c(O)c4c(O)c(C)c5c(c24)C(=O)C(C)(OC=CC(OC)C(C)C(OC(C)=O)C(C)C(O)C(C)C(O)C(C)=CC=CC(C)C(=O)N3)O5)CC1,0,valid
CCCN(CCC)C(=O)COc1cc2c(O)c3c(O)c(C)c4c(c13)C(=O)C(C)(OC=CC(OC)C(C)C(OC(C)=O)C(C)C(O)C(C)C(O)C(C)=CC=CC(C)C(=O)N2)O4,0,valid
CCCCN(CCCC)C(=O)COc1cc2c(O)c3c(O)c(C)c4c(c13)C(=O)C(C)(OC=CC(OC)C(C)C(OC(C)=O)C(C)C(O)C(C)C(O)C(C)=CC=CC(C)C(=O)N2)O4,0,valid
CCCN(C)C(=O)COc1cc2c(O)c3c(O)c(C)c4c(c13)C(=O)C(C)(OC=CC(OC)C(C)C(OC(C)=O)C(C)C(O)C(C)C(O)C(C)=CC=CC(C)C(=O)N2)O4,0,valid
CCCN(CC)C(=O)COc1cc2c(O)c3c(O)c(C)c4c(c13)C(=O)C(C)(OC=CC(OC)C(C)C(OC(C)=O)C(C)C(O)C(C)C(O)C(C)=CC=CC(C)C(=O)N2)O4,0,valid
C=CCN(CC=C)C(=O)COc1cc2c(O)c3c(O)c(C)c4c(c13)C(=O)C(C)(OC=CC(OC)C(C)C(OC(C)=O)C(C)C(O)C(C)C(O)C(C)=CC=CC(C)C(=O)N2)O4,0,valid
CCCCN(C)C(=O)COc1cc2c(O)c3c(O)c(C)c4c(c13)C(=O)C(C)(OC=CC(OC)C(C)C(OC(C)=O)C(C)C(O)C(C)C(O)C(C)=CC=CC(C)C(=O)N2)O4,0,valid
CCCCCN(CCCCC)C(=O)COc1cc2c(O)c3c(O)c(C)c4c(c13)C(=O)C(C)(OC=CC(OC)C(C)C(OC(C)=O)C(C)C(O)C(C)C(O)C(C)=CC=CC(C)C(=O)N2)O4,0,valid
CCCCN(CC)C(=O)COc1cc2c(O)c3c(O)c(C)c4c(c13)C(=O)C(C)(OC=CC(OC)C(C)C(OC(C)=O)C(C)C(O)C(C)C(O)C(C)=CC=CC(C)C(=O)N2)O4,0,valid
CCN(CC)CCN(CC)C(=O)COc1cc2c(O)c3c(O)c(C)c4c(c13)C(=O)C(C)(OC=CC(OC)C(C)C(OC(C)=O)C(C)C(O)C(C)C(O)C(C)=CC=CC(C)C(=O)N2)O4,0,valid
C#CCN(CCC)C(=O)COc1cc2c(O)c3c(O)c(C)c4c(c13)C(=O)C(C)(OC=CC(OC)C(C)C(OC(C)=O)C(C)C(O)C(C)C(O)C(C)=CC=CC(C)C(=O)N2)O4,0,valid
CCCCCCCCCCCCCC(=O)NCC(=O)NC(CC(N)=O)C(=O)NC(C)C(=O)NC(C)C(=O)NC(C)C(=O)NC(C)C(=O)NC(CCCCN)C(=O)NC(CCCCN)C(=O)NCC(=O)NC(Cc1ccc(O)cc1)C(N)=O,0,valid
CCC(C)C(NC(=O)CNC(=O)C(C)NC(=O)CNC(=O)C(NC(=O)C(NC(=O)C(CO)NC(=O)C(Cc1c[nH]cn1)NC(=O)C(N)CCCCN)C(C)CC)C(C)CC)C(=O)NC(CCCCN)C(=O)NC(CCCCN)C(=O)NC(CCCNC(=N)N)C(=O)NC(Cc1ccccc1)C(=O)NC(CC(C)C)C(=O)NC(CCC(N)=O)C(=O)O,0,valid
CC(C)CC(NC(=O)C(CO)NC(=O)C(CCCCN)NC(=O)C(CCCCN)NC(=O)C(NC(=O)CNC(=O)C(NC(=O)C(CO)NC(=O)C(NC(=O)C(NC(=O)C(CO)NC(=O)C(CC(N)=O)NC(=O)C1CCC(=O)N1)C(C)C)C(C)C)C(C)O)C(C)C)C(=O)NC(Cc1ccccc1)C(=O)NC(CCC(N)=O)C(=O)O,0,valid
CC(O)C(NC(=O)C(CCCN)NC(=O)C(CC(O)CN=C(N)N)NC(=O)C(N)CCCNC(=N)N)C(=O)NC(CCCN)C(=O)NC(CC(O)CNC(=N)N)C(=O)NC(Cc1ccc(O)cc1)C(=O)O,0,valid
CC(C)CC(NC(=O)C(CO)NC(=O)C(CCCCN)NC(=O)C(CCCCN)NC(=O)C(NC(=O)CNC(=O)C(NC(=O)C(CO)NC(=O)C(NC(=O)C(NC(=O)C(CO)NC(=O)C(CC(N)=O)NC(=O)C(N)CCC(N)=O)C(C)C)C(C)C)C(C)O)C(C)C)C(=O)NC(Cc1ccccc1)C(=O)NC(CCC(N)=O)C(=O)O,0,valid
CCC(C)C(N)C(=O)NC(C(=O)NC(CO)C(=O)NC(C)C(=O)NC(CO)C(=O)NC(C(=O)NC(CCCCN)C(=O)NC(CCCCN)C(=O)NC(CO)C(=O)NC(Cc1ccccc1)C(=O)O)C(C)CC)C(C)CC,0,valid
CC(C)CC(NC(=O)C(Cc1ccc(O)cc1)NC(=O)C(C)N)C(=O)NCC(=O)NC(CCCCN)C(=O)NC(CCCCN)C(=O)NC(C(=O)NC(C)C(=O)NC(C(=O)NC(CC(N)=O)C(=O)O)C(C)O)C(C)C,0,valid
CCC(C)C(NC(=O)C(CCC(=O)O)NC(=O)C(CCCCN)NC(=O)C(CO)NC(=O)C(CC(C)C)NC(=O)C(Cc1ccc(O)cc1)NC(=O)C(C)N)C(=O)NC(C)C(=O)NC(CO)C(=O)NC(CC(=O)O)C(=O)O,0,valid
CC(C)CC(NC(=O)C(Cc1ccc(O)cc1)NC(=O)C(CO)NC(=O)C(C)NC(=O)C(CCCN=C(N)N)NC(=O)C(CCC(N)=O)NC(=O)C(NC(=O)C(N)CCC(=O)O)C(C)C)C(=O)NC(CO)C(=O)NC(CCCCN)C(=O)O,0,valid
CC(C)CC(NC(=O)C(Cc1ccc(O)cc1)NC(=O)C(CO)NC(=O)C(C)NC(=O)C(CCCN=C(N)N)NC(=O)C(CCC(=O)O)NC(=O)C(NC(=O)C(N)CCC(=O)O)C(C)C)C(=O)NC(CO)C(=O)NC(CCCCN)C(=O)O,0,valid
CC(C)CC(NC(=O)C(Cc1ccc(O)cc1)NC(=O)C(CO)NC(=O)C(C)NC(=O)C(CO)NC(=O)C(CCC(N)=O)NC(=O)C(NC(=O)C(N)CCC(=O)O)C(C)C)C(=O)NC(CCCN=C(N)N)C(=O)NC(CCCCN)C(=O)O,0,valid
CC(C)CC(NC(=O)C(Cc1ccc(O)cc1)NC(=O)C(CO)NC(=O)C(C)NC(=O)C(CO)NC(=O)C(CCC(=O)O)NC(=O)C(NC(=O)C(N)CCC(=O)O)C(C)C)C(=O)NC(CCCN=C(N)N)C(=O)NC(CCCCN)C(=O)O,0,valid
CC(C)CC(NC(=O)C(Cc1ccc(O)cc1)NC(=O)C(C)N)C(=O)NCC(=O)NC(CCCCN)C(=O)NC(CCCCN)C(=O)NC(C(=O)NC(C)C(=O)NC(C(=O)NC(CC(=O)O)C(=O)O)C(C)O)C(C)C,0,valid
CCC(C)C(NC(=O)C(CCC(N)=O)NC(=O)C(CCCCN)NC(=O)C(CO)NC(=O)C(CC(C)C)NC(=O)C(Cc1ccc(O)cc1)NC(=O)C(C)N)C(=O)NC(C)C(=O)NC(CO)C(=O)NC(CC(N)=O)C(=O)O,0,valid
CCC(C)C(NC(=O)C(CCCN=C(N)N)NC(=O)C(CC(=O)O)NC(=O)C(Cc1ccc(O)cc1)NC(=O)C(N)CC(C)C)C(=O)NC(C(=O)NC(CC(C)C)C(=O)NC(CCCNC(=N)N)C(=O)NC(Cc1ccc(O)cc1)C(=O)O)C(C)CC,0,valid
CCC(C)C(NC(=O)C(CCCN=C(N)N)NC(=O)C(CC(N)=O)NC(=O)C(Cc1ccc(O)cc1)NC(=O)C(N)CC(C)C)C(=O)NC(C(=O)NC(CC(C)C)C(=O)NC(CCCNC(=N)N)C(=O)NC(Cc1ccc(O)cc1)C(=O)O)C(C)CC,0,valid
CCC(C)C(NC(=O)C(CC(C)C)NC(=O)CNC(=O)C(CC(N)=O)NC(=O)C(CC(=O)O)NC(=O)C(N)CC(C)C)C(=O)NC(CC(C)C)C(=O)NC(C)C(=O)NC(Cc1ccc(O)cc1)C(=O)O,0,valid
CC(C)CC(N)C(=O)NC(CC(=O)O)C(=O)NC(CCCCN)C(=O)NC(C)C(=O)NC(CO)C(=O)NC(Cc1ccc(O)cc1)C(=O)NC(CO)C(=O)NC(C(=O)O)C(C)O,0,valid
CC1CCC2(NC1)OC1CC3C4CC=C5CC(OC6OC(CO)C(O)C(OC7OC(CO)C(O)C(O)C7O)C6OC6OC(C)C(O)C(O)C6O)CCC5(C)C4CCC3(C)C1C2C,0,valid
CC1CCC2(NC1)OC1CC3C4CC=C5CC(OC6OC(CO)C(OC7OC(C)C(O)C(O)C7O)C(O)C6OC6OC(C)C(O)C(O)C6O)CCC5(C)C4CCC3(C)C1C2C,0,valid
CC1CCC2(OC1)OC1CC3C4CCC5CC(OC6OC(CO)C(OC7OC(CO)C(O)C(OC8OCC(O)C(O)C8O)C7OC7OC(CO)C(O)C(O)C7O)C(O)C6O)C(O)CC5(C)C4CCC3(C)C1C2C,0,valid
CC1CCC2(OC1)OC1CC3C4CCC5CC(OC6OC(CO)C(OC7OC(CO)C(O)C(OC8OCC(O)C(O)C8O)C7OC7OCC(O)C(O)C7O)C(O)C6OC6OC(C)C(O)C(O)C6O)CCC5(C)C4CCC3(C)C1C2C,0,valid
CC1CCC2(OC1)OC1CC3C4CCC5CC(OC6OC(CO)C(OC7OC(CO)C(O)C(O)C7O)C(O)C6OC6OC(C)C(O)C(O)C6O)C(O)CC5(C)C4CCC3(C)C1C2C,0,valid
CC1CCC2(OC1)OC1CC3C4CC=C5CC(OC6OC(CO)C(O)C(OC7OC(CO)C(O)C(O)C7O)C6OC6OC(C)C(O)C(O)C6O)CCC5(C)C4CCC3(C)C1C2C,0,valid
CC(CCC1(O)OC2CC3C4CC=C5CC(OC6OC(CO)C(O)C(OC7OC(CO)C(O)C(O)C7O)C6OC6OC(C)C(O)C(O)C6O)CCC5(C)C4CCC3(C)C2C1C)COC1OC(CO)C(O)C(O)C1O,0,valid
CC(CCC1(O)OC2CC3C4CC=C5CC(OC6OC(CO)C(OC7OC(C)C(O)C(O)C7O)C(O)C6OC6OC(C)C(O)C(O)C6O)CCC5(C)C4CCC3(C)C2C1C)COC1OC(CO)C(O)C(O)C1O,0,valid
COC1(CCC(C)COC2OC(CO)C(O)C(O)C2O)OC2CC3C4CC=C5CC(OC6OC(CO)C(OC7OC(C)C(O)C(O)C7O)C(O)C6OC6OC(C)C(O)C(O)C6O)CCC5(C)C4CCC3(C)C2C1C,0,valid
COC1(CCC(C)COC2OC(CO)C(O)C(O)C2O)OC2CC3C4CC=C5CC(OC6OC(CO)C(O)C(OC7OC(CO)C(O)C(O)C7O)C6OC6OC(C)C(O)C(O)C6O)CCC5(C)C4CCC3(C)C2C1C,0,valid
CC1OC(OC2C(CO)OC(OC3CCC4(C)C(=CCC5C4CCC4(C)C5CC5OC(O)(CCC(CO)COC6OC(CO)C(O)C(O)C6O)C(C)C54)C3)C(OC3OC(C)C(O)C(O)C3O)C2O)C(O)C(O)C1O,0,valid
CC(=O)C1C(OC(=O)CCC(C)COC2OC(CO)C(O)C(O)C2O)CC2C3CC=C4CC(OC5OC(CO)C(OC6OC(C)C(O)C(O)C6O)C(O)C5OC5OC(C)C(O)C(O)C5O)CCC4(C)C3CCC21C,0,valid
CC1CCC2(OC1)OC1CC3C4CCC5CC(OC6OC(CO)C(OC7OC(CO)C(O)C(OC8OCC(O)C(O)C8O)C7OC7OC(CO)C(O)C(O)C7O)C(O)C6O)CCC5(C)C4CCC3(C)C1C2C,0,valid
CCOC(=O)C(Cc1ccc(O)cc1)NC(=O)C(CSSCC(NC(=O)OCc1ccccc1)C(=O)NC(Cc1ccc(O)cc1)C(=O)OCC)NC(=O)OCc1ccccc1,0,valid
CCOC(=O)CCC(NC(=O)C(CC(=O)OC)NC(=O)OCc1ccccc1)C(=O)NC(CC(=O)OC)C(=O)NC(CCC(=O)OCC)C(=O)NC(CC(=O)OC)C(=O)NC(CCC(=O)OCC)C(=O)NC(CC(=O)OCC)C(=O)OCC,0,valid
CCOC(=O)CCC(NC(=O)C(CC(=O)OC)NC(=O)OCc1ccccc1)C(=O)NC(CC(=O)OC)C(=O)NC(CCC(=O)OCC)C(=O)NC(CC(=O)OC)C(=O)NC(CCC(=O)OCC)C(=O)NC(CC(=O)OC)C(=O)NC(CCC(=O)OCC)C(=O)NC(CC(=O)OC)C(=O)NC(CCC(=O)OCC)C(=O)NC(CC(=O)OCC)C(=O)OCC,0,valid
CCOC(=O)CCC(NC(=O)C(CC(=O)OC)NC(=O)C(CC(=O)OC)NC(=O)C(CC(=O)OC)NC(=O)C(CC(=O)OC)NC(=O)OCc1ccccc1)C(=O)NC(CCC(=O)OCC)C(=O)NC(CCC(=O)OCC)C(=O)OCC,0,valid
CCOC(=O)CC(NC(=O)C(CC(=O)OC)NC(=O)C(CC(=O)OC)NC(=O)C(CC(=O)OC)NC(=O)C(CC(=O)OC)NC(=O)C(CC(=O)OC)NC(=O)C(CC(=O)OC)NC(=O)C(CC(=O)OC)NC(=O)OCc1ccccc1)C(=O)OCC,0,valid
CCOC(=O)CCC(NC(=O)OCc1ccccc1)C(=O)NC(CCC(=O)OCC)C(=O)NC(CCC(=O)OCC)C(=O)NC(CCC(=O)OCC)C(=O)NC(CCC(=O)OCC)C(=O)NC(CCC(=O)OCC)C(=O)NC(CCC(=O)OCC)C(=O)OCC,0,valid
CCOC(=O)CCC(NC(=O)CNC(=O)CNC(=O)C(CCC(=O)OCC)NC(=O)C(CCC(=O)OCC)NC(=O)C(CCC(=O)OCC)NC(=O)OCc1ccccc1)C(=O)NC(CCC(=O)OCC)C(=O)NC(CCC(=O)OCC)C(=O)OCC,0,valid
CCOC(=O)CCC(NC(=O)OCc1ccccc1)C(=O)NC(CCC(=O)OCC)C(=O)NC(Cc1ccc([N+](=O)[O-])cc1)C(=O)NC(CCC(=O)OCC)C(=O)NC(CCC(=O)OCC)C(=O)OCC,0,valid
CCOC(=O)CCC(NC(=O)OCc1ccccc1)C(=O)NC(CCC(=O)OCC)C(=O)NC(CCC(=O)OCC)C(=O)NC(CCC(=O)OCC)C(=O)NC(CCC(=O)OCC)C(=O)NC(Cc1ccc([N+](=O)[O-])cc1)C(=O)NC(CCC(=O)OCC)C(=O)NC(CCC(=O)OCC)C(=O)NC(CCC(=O)OCC)C(=O)NC(CCC(=O)OCC)C(=O)NC(CCC(=O)OCC)C(=O)OCC,0,valid
CCOC(=O)CCC(NC(=O)OCc1ccccc1)C(=O)NC(CCC(=O)OCC)C(=O)NC(CCC(=O)OCC)C(=O)NC(CCC(=O)OCC)C(=O)NC(CCC(=O)OCC)C(=O)NC(CCC(=O)OCC)C(=O)NC(CCC(=O)OCC)C(=O)NC(CCC(=O)OCC)C(=O)NC(CCC(=O)OCC)C(=O)NC(CCC(=O)OCC)C(=O)NC(CCC(=O)OCC)C(=O)NC(CCC(=O)OCC)C(=O)OCC,0,valid
CCOC(=O)CCC(NC(=O)OCc1ccccc1)C(=O)NC(CCC(=O)OCC)C(=O)NC(CCC(=O)OCC)C(=O)NC(CCC(=O)OCC)C(=O)NC(CCC(=O)OCC)C(=O)OCC,0,valid
COC(=O)CC(NC(=O)OCc1ccccc1)C(=O)NC(CC(=O)OC)C(=O)NC(CC(=O)OC)C(=O)NC(CC(=O)OC)C(=O)NC(CC(=O)OC)C(=O)NC(CC(=O)OC)C(=O)NN,0,valid
Cc1[nH]n(C(=O)CC(=O)Nc2ccccc2Cl)c(=O)c1N=Nc1ccc(S(=O)(=O)c2ccc(N=Nc3c(C)[nH]n(C(=O)CC(=O)Nc4ccccc4Cl)c3=O)cc2)cc1,0,valid
Cc1[nH]n(C(=O)CC(=O)Nc2cccc(Cl)c2)c(=O)c1N=Nc1ccc(S(=O)(=O)c2ccc(N=Nc3c(C)[nH]n(C(=O)CC(=O)Nc4cccc(Cl)c4)c3=O)cc2)cc1,0,valid
Cc1[nH]n(C(=O)CC(=O)Nc2ccc(Cl)cc2)c(=O)c1N=Nc1ccc(S(=O)(=O)c2ccc(N=Nc3c(C)[nH]n(C(=O)CC(=O)Nc4ccc(Cl)cc4)c3=O)cc2)cc1,0,valid
Cc1ccccc1NC(=O)CC(=O)n1[nH]c(C)c(N=Nc2ccc(S(=O)(=O)c3ccc(N=Nc4c(C)[nH]n(C(=O)CC(=O)Nc5ccccc5C)c4=O)cc3)cc2)c1=O,0,valid
Cc1cccc(NC(=O)CC(=O)n2[nH]c(C)c(N=Nc3ccc(S(=O)(=O)c4ccc(N=Nc5c(C)[nH]n(C(=O)CC(=O)Nc6cccc(C)c6)c5=O)cc4)cc3)c2=O)c1,0,valid
Cc1ccc(NC(=O)CC(=O)n2[nH]c(C)c(N=Nc3ccc(S(=O)(=O)c4ccc(N=Nc5c(C)[nH]n(C(=O)CC(=O)Nc6ccc(C)cc6)c5=O)cc4)cc3)c2=O)cc1,0,valid
COc1cccc(NC(=O)CC(=O)n2[nH]c(C)c(N=Nc3ccc(S(=O)(=O)c4ccc(N=Nc5c(C)[nH]n(C(=O)CC(=O)Nc6cccc(OC)c6)c5=O)cc4)cc3)c2=O)c1,0,valid
COc1ccc(NC(=O)CC(=O)n2[nH]c(C)c(N=Nc3ccc(S(=O)(=O)c4ccc(N=Nc5c(C)[nH]n(C(=O)CC(=O)Nc6ccc(OC)cc6)c5=O)cc4)cc3)c2=O)cc1,0,valid
CC(=O)OCC12C(OC(C)=O)C(OC(C)=O)C3C(O)C14OC3(C)COC(=O)c1cccnc1CCC(C)C(=O)OC(C(OC(C)=O)C2OC(=O)c1ccccc1)C4(C)O,0,valid
CC(=O)OCC12C(OC(C)=O)C(OC(C)=O)C3C(OC(C)=O)C14OC3(C)COC(=O)c1cccnc1CCC(C)C(=O)OC(C(OC(C)=O)C2OC(=O)c1ccccc1)C4(C)O,0,valid
CC(=O)OCC12C(OC(=O)c3ccccc3)C(O)C3OC(=O)C(C)CCc4ncccc4C(=O)OCC4(C)OC1(C3C)C(OC(C)=O)C4C(OC(C)=O)C2OC(C)=O,0,valid
CC(=O)OCC12C(OC(=O)c3ccccc3)C(O)C3OC(=O)C(C)CCc4ncccc4C(=O)OCC4(C)OC1(C(OC(C)=O)C4C(OC(C)=O)C2OC(C)=O)C3(C)O,0,valid
O=S(=O)(O)c1cc(NN=Cc2cc(S(=O)(=O)O)c3cccnc3c2O)ccc1C=Cc1ccc(NN=Cc2cc(S(=O)(=O)O)c3cccnc3c2O)cc1S(=O)(=O)O,1,valid
O=C(Nc1ccc(S(=O)(=O)c2ccc(NC(=O)c3ccc(N=Nc4cc(S(=O)(=O)O)c5cccnc5c4O)cc3S(=O)(=O)O)cc2)cc1)c1ccc(N=Nc2cc(S(=O)(=O)O)c3cccnc3c2O)cc1S(=O)(=O)O,1,valid
O=C(Nc1ccc(C=Cc2ccc(NC(=O)c3ccc(N=Nc4cc(S(=O)(=O)O)c5cccnc5c4O)cc3)cc2S(=O)(=O)O)c(S(=O)(=O)O)c1)c1ccc(N=Nc2cc(S(=O)(=O)O)c3cccnc3c2O)cc1,1,valid
O=S(=O)(O)c1cc(N=Nc2cc(S(=O)(=O)O)c3cccnc3c2O)ccc1C=Cc1ccc(N=Nc2cc(S(=O)(=O)O)c3cccnc3c2O)cc1S(=O)(=O)O,1,valid
O=S(=O)(O)c1cc(N=Nc2cc(S(=O)(=O)O)c3cccnc3c2O)ccc1C=Cc1ccc(NNc2cc(S(=O)(=O)O)c3cccnc3c2O)cc1S(=O)(=O)O,1,valid
Nc1c(N=Nc2ccc(C=Cc3ccc(N=Nc4cc(S(=O)(=O)O)c5cccnc5c4N)cc3S(=O)(=O)O)c(S(=O)(=O)O)c2)cc(S(=O)(=O)O)c2cccnc12,0,valid
O=S(=O)(O)c1cc(N=Nc2ccc(C=Cc3ccc(N=Nc4cc(S(=O)(=O)O)c5cccnc5c4O)cc3S(=O)(=O)O)c(S(=O)(=O)O)c2)ccc1C=Cc1ccc(N=Nc2cc(S(=O)(=O)O)c3cccnc3c2O)cc1S(=O)(=O)O,1,valid
O=C(c1ccccc1)c1cc(N=Nc2ccc(C=Cc3ccc(N=Nc4cc(C(=O)c5ccccc5)c5cccnc5c4O)cc3S(=O)(=O)O)c(S(=O)(=O)O)c2)c(O)c2ncccc12,0,valid
O=S(=O)(O)c1cc(N=Cc2cc(S(=O)(=O)O)c3cccnc3c2O)ccc1C=Cc1ccc(N=Cc2cc(S(=O)(=O)O)c3cccnc3c2O)cc1S(=O)(=O)O,0,valid
O=S(=O)(O)c1cc(N=Nc2cc(S(=O)(=O)O)c3cccnc3c2O)ccc1C(O)C(O)c1ccc(N=Nc2cc(S(=O)(=O)O)c3cccnc3c2O)cc1S(=O)(=O)O,1,valid
O=C(Cc1ccccc1)ONC(CCCCNC(=O)OCc1ccccc1)C(=O)Nc1ccc(Cc2ccc(NC(=O)C(CCCCNC(=O)OCc3ccccc3)NC(=O)OCc3ccccc3)cc2)cc1,0,valid
NCCCCC(=O)NC(CCCCNC(=O)OCc1ccccc1)C(=O)NCCCCC(=O)NC(CCCCNC(=O)OCc1ccccc1)C(=O)NCCCCC(=O)NC(CCCCNC(=O)OCc1ccccc1)C(=O)NCCCCC(=O)NC(CCCCNC(=O)OCc1ccccc1)C(=O)NCCCCC(=O)NC(CCCCNC(=O)OCc1ccccc1)C(=O)NCCCCC(=O)NC(CCCCNC(=O)OCc1ccccc1)C(=O)NCCCCC(=O)NC(CCCCNC(=O)OCc1ccccc1)C(=O)O,0,valid
NCCCCC(=O)NC(CCCCNC(=O)OCc1ccccc1)C(=O)NCCCCC(=O)NC(CCCCNC(=O)OCc1ccccc1)C(=O)NCCCCC(=O)NC(CCCCNC(=O)OCc1ccccc1)C(=O)NCCCCC(=O)NC(CCCCNC(=O)OCc1ccccc1)C(=O)NCCCCC(=O)NC(CCCCNC(=O)OCc1ccccc1)C(=O)O,0,valid
O=C(CNC(=O)OCc1ccccc1)NCCCCC(NC(=O)OCc1ccccc1)C(=O)NC(CCCCNC(=O)CNC(=O)OCc1ccccc1)C(=O)OCc1ccccc1,0,valid
NC(CCCCNC(=O)CNC(=O)OCc1ccccc1)C(=O)NC(CCCCNC(=O)CNC(=O)OCc1ccccc1)C(=O)NC(CCCCNC(=O)CNC(=O)OCc1ccccc1)C(=O)NC(CCCCNC(=O)CNC(=O)OCc1ccccc1)C(=O)NC(CCCCNC(=O)CNC(=O)OCc1ccccc1)C(=O)NC(CCCCNC(=O)CNC(=O)OCc1ccccc1)C(=O)O,0,valid
NC(CCCCNC(=O)C(Cc1ccccc1)NC(=O)OCc1ccccc1)C(=O)NC(CCCCNC(=O)C(Cc1ccccc1)NC(=O)OCc1ccccc1)C(=O)NC(CCCCNC(=O)C(Cc1ccccc1)NC(=O)OCc1ccccc1)C(=O)NC(CCCCNC(=O)C(Cc1ccccc1)NC(=O)OCc1ccccc1)C(=O)NC(CCCCNC(=O)C(Cc1ccccc1)NC(=O)OCc1ccccc1)C(=O)NC(CCCCNC(=O)C(Cc1ccccc1)NC(=O)OCc1ccccc1)C(=O)O,0,valid
CC(C)(C)OC(=O)NC(CCCCNC(=O)CNC(=O)OCc1ccccc1)C(=O)NC(CCCCNC(=O)CNC(=O)OCc1ccccc1)C(=O)NC(CCCCNC(=O)CNC(=O)OCc1ccccc1)C(=O)NC(CCCCNC(=O)CNC(=O)OCc1ccccc1)C(=O)O,1,valid
CC(C)CC(NC(=O)OCc1ccccc1)C(=O)NCCCCC(N)C(=O)NC(CCCCNC(=O)C(CC(C)C)NC(=O)OCc1ccccc1)C(=O)NC(CCCCNC(=O)C(CC(C)C)NC(=O)OCc1ccccc1)C(=O)NC(CCCCNC(=O)C(CC(C)C)NC(=O)OCc1ccccc1)C(=O)NC(CCCCNC(=O)C(CC(C)C)NC(=O)OCc1ccccc1)C(=O)NC(CCCCNC(=O)C(CC(C)C)NC(=O)OCc1ccccc1)C(=O)O,0,valid
CC(C)CC(NC(=O)OCc1ccccc1)C(=O)NCCCCC(NC(=O)C(CCCCNC(=O)C(CC(C)C)NC(=O)OCc1ccccc1)NC(=O)C(CCCCNC(=O)C(CC(C)C)NC(=O)OCc1ccccc1)NC(=O)C(CCCCNC(=O)C(CC(C)C)NC(=O)OCc1ccccc1)NC(=O)OC(C)(C)C)C(=O)O,0,valid
COC(=O)C(CCCCNC(=O)CNC(=O)OCc1ccccc1)NC(=O)C(CCCCNC(=O)CNC(=O)OCc1ccccc1)NC(=O)OCc1ccccc1,0,valid
CC(C)(C)OC(=O)NC(Cc1ccc(OCc2ccccc2)cc1)C(=O)NC(CCCCNC(=O)OCc1ccccc1)C(=O)NC(CCCCNC(=O)OCc1ccccc1)C(=O)On1c(O)ccc1O,0,valid
CC(C)(C)OC(=O)NC(CCCCNC(=O)OCc1ccccc1)C(=O)NCCNc1ccc(NCCNC(=O)C(CCCCNC(=O)OCc2ccccc2)NC(=O)OC(C)(C)C)c2c1C(=O)c1ccccc1C2=O,0,valid
CC(C)CC(N)C(=O)NC(CC(=O)O)C(=O)NC(CCCCN)C(=O)NC(C)C(=O)NC(CO)C(=O)NC(Cc1ccc(O)cc1)C(=O)NC(CO)C(=O)NC(C(=O)NC(CC(N)=O)C(=O)NC(Cc1c[nH]cn1)C(=O)NC(CC(C)C)C(=O)O)C(C)O,0,test
CC(C)CC(N)C(=O)NC(CC(=O)O)C(=O)NC(CCCCN)C(=O)NC(C)C(=O)NC(CO)C(=O)NC(Cc1ccc(O)cc1)C(=O)NC(CO)C(=O)NC(C(=O)NC(CC(N)=O)C(=O)NC(Cc1c[nH]cn1)C(=O)NC(CC(C)C)C(N)=O)C(C)O,0,test
CC(=O)NC(CC(C)C)C(=O)NC(CC(=O)O)C(=O)NC(CCCCN)C(=O)NC(C)C(=O)NC(CO)C(=O)NC(Cc1ccc(O)cc1)C(=O)NC(CO)C(=O)NC(C(=O)NC(CC(N)=O)C(=O)NC(Cc1c[nH]cn1)C(=O)NC(CC(C)C)C(N)=O)C(C)O,0,test
CC(C)CC(N)C(=O)NC(Cc1c[nH]cn1)C(=O)NC(CC(N)=O)C(=O)NC(C(=O)NC(CO)C(=O)NC(Cc1ccc(O)cc1)C(=O)NC(CO)C(=O)NC(C)C(=O)NC(CCCCN)C(=O)NC(CC(=O)O)C(=O)NC(CC(C)C)C(=O)O)C(C)O,0,test
CC(C)CC(NC(=O)C(Cc1c[nH]cn1)NC(=O)C(CC(N)=O)NC(=O)C(NC(=O)C(CO)NC(=O)C(Cc1ccc(O)cc1)NC(=O)C(CO)NC(=O)C(C)NC(=O)C(CCCCN)NC(=O)C(N)CC(=O)O)C(C)O)C(=O)O,0,test
CC(C)CC(NC(=O)C(Cc1c[nH]cn1)NC(=O)C(CC(N)=O)NC(=O)C(NC(=O)C(CO)NC(=O)C(Cc1ccc(O)cc1)NC(=O)C(CO)NC(=O)C(C)NC(=O)C(N)CCCCN)C(C)O)C(=O)O,0,test
CC(C)CC(NC(=O)C(Cc1c[nH]cn1)NC(=O)C(CC(N)=O)NC(=O)C(NC(=O)C(CO)NC(=O)C(Cc1ccc(O)cc1)NC(=O)C(CO)NC(=O)C(C)N)C(C)O)C(=O)O,0,test
CC(C)CC(N)C(=O)NC(CC(=O)O)C(=O)NC(CCCCN)C(=O)NC(C)C(=O)NC(CO)C(=O)NC(Cc1ccc(O)cc1)C(=O)NC(CO)C(=O)NC(C(=O)NC(CC(N)=O)C(=O)NC(Cc1c[nH]cn1)C(=O)O)C(C)O,0,test
CC(C)CC(N)C(=O)NC(CC(=O)O)C(=O)NC(CCCCN)C(=O)NC(C)C(=O)NC(CO)C(=O)NC(Cc1ccc(O)cc1)C(=O)NC(CO)C(=O)NC(C(=O)NC(CC(N)=O)C(=O)O)C(C)O,0,test
CC(NC(=O)C(CCCCN)NC(=O)C(N)CC(=O)O)C(=O)NC(CO)C(=O)NC(Cc1ccc(O)cc1)C(=O)NC(CO)C(=O)NC(C(=O)NC(CC(N)=O)C(=O)NC(Cc1c[nH]cn1)C(=O)O)C(C)O,0,test
COC1C=COC2(C)Oc3c(C)c(O)c4c(O)c(c(C=NN5CCN(C)CC5)c(O)c4c3C2=O)NC(=O)C(C)=CC=CC(C)C(O)C(C)C(O)C(C)C(OC(C)=O)C1C,0,test
COC1C=COC2(C)Oc3c(C)c(O)c4c(O)c(c(C=NN5C(C)CN(Cc6ccccc6)CC5C)c(O)c4c3C2=O)NC(=O)C(C)=CC=CC(C)C(O)C(C)C(O)C(C)C(OC(C)=O)C1C,0,test
COC1C=COC2(C)Oc3c(C)c(O)c4c(O)c(c(C=NN5CCNCC5)c(O)c4c3C2=O)NC(=O)C(C)=CC=CC(C)C(O)C(C)C(O)C(C)C(OC(C)=O)C1C,0,test
COC1C=COC2(C)Oc3c(C)c(O)c4c(O)c(cc(OCC(=O)N5CCC(O)(Cc6ccccc6)CC5)c4c3C2=O)NC(=O)C(C)=CC=CC(C)C(O)C(C)C(O)C(C)C(OC(C)=O)C1C,0,test
COC1C=COC2(C)Oc3c(C)c(O)c4c(O)c(cc(OCC(=O)N5CC(C)(C)C5)c4c3C2=O)NC(=O)C(C)=CC=CC(C)C(O)C(C)C(O)C(C)C(OC(C)=O)C1C,0,test
COC1C=COC2(C)Oc3c(C)c(O)c4c(O)c(cc(OCC(=O)N(Cc5ccccc5)Cc5ccccc5)c4c3C2=O)NC(=O)C(C)=CC=CC(C)C(O)C(C)C(O)C(C)C(OC(C)=O)C1C,0,test
COC1C=COC2(C)Oc3c(C)c(O)c4c(O)c(cc(OCC(=O)N(C)C5CCCC5)c4c3C2=O)NC(=O)C(C)=CC=CC(C)C(O)C(C)C(O)C(C)C(OC(C)=O)C1C,0,test
COC1C=COC2(C)Oc3c(C)c(O)c4c(O)c(cc(OCC(=O)N(C)C5CCCCC5)c4c3C2=O)NC(=O)C(C)=CC=CC(C)C(O)C(C)C(O)C(C)C(OC(C)=O)C1C,0,test
COC1C=COC2(C)Oc3c(C)c(O)c4c(O)c(cc(OCC(=O)N(C)Cc5ccccc5)c4c3C2=O)NC(=O)C(C)=CC=CC(C)C(O)C(C)C(O)C(C)C(OC(C)=O)C1C,0,test
COC1C=COC2(C)Oc3c(C)c(O)c4c(O)c(cc(OCC(=O)N(C)C(C)C)c4c3C2=O)NC(=O)C(C)=CC=CC(C)C(O)C(C)C(O)C(C)C(OC(C)=O)C1C,0,test
COC1C=COC2(C)Oc3c(C)c(O)c4c(O)c(cc(OCC(=O)N(C)CC(=O)OC(C)(C)C)c4c3C2=O)NC(=O)C(C)=CC=CC(C)C(O)C(C)C(O)C(C)C(OC(C)=O)C1C,0,test
COC1C=COC2(C)Oc3c(C)c(O)c4c(O)c(cc(OCC(=O)N5C(C)CCC5C)c4c3C2=O)NC(=O)C(C)=CC=CC(C)C(O)C(C)C(O)C(C)C(OC(C)=O)C1C,0,test
COC1C=COC2(C)Oc3c(C)c(O)c4c(O)c(cc(OCC(=O)N5CCCCCC5)c4c3C2=O)NC(=O)C(C)=CC=CC(C)C(O)C(C)C(O)C(C)C(OC(C)=O)C1C,0,test
COC1C=COC2(C)Oc3c(C)c(O)c4c(O)c(cc(OCC(=O)N5CCOCC5C)c4c3C2=O)NC(=O)C(C)=CC=CC(C)C(O)C(C)C(O)C(C)C(OC(C)=O)C1C,0,test
COC1C=COC2(C)Oc3c(C)c(O)c4c(O)c(cc(OCC(=O)N(C)CCCCC(=O)O)c4c3C2=O)NC(=O)C(C)=CC=CC(C)C(O)C(C)C(O)C(C)C(OC(C)=O)C1C,0,test
COC1C=COC2(C)Oc3c(C)c(O)c4c(O)c(c(C=NN5CCOCC5)c(O)c4c3C2=O)NC(=O)C(C)=CC=CC(C)C(O)C(C)C(O)C(C)C(OC(C)=O)C1C,0,test
COC1C=COC2(C)Oc3c(C)c(O)c4c(O)c(c(C=NN5CCCCC5)c(O)c4c3C2=O)NC(=O)C(C)=CC=CC(C)C(O)C(C)C(O)C(C)C(OC(C)=O)C1C,0,test
COC1C=COC2(C)Oc3c(C)c(O)c4c(O)c(c(C=Nc5ccc6ccccc6c5)c(O)c4c3C2=O)NC(=O)C(C)=CC=CC(C)C(O)C(C)C(O)C(C)C(OC(C)=O)C1C,0,test
COC1C=COC2(C)Oc3c(C)c(O)c4c(O)c(c(C=Nc5ccccc5C)c(O)c4c3C2=O)NC(=O)C(C)=CC=CC(C)C(O)C(C)C(O)C(C)C(OC(C)=O)C1C,0,test
COC1C=COC2(C)Oc3c(C)c(O)c4c(O)c(c(C=Nc5cccc(C)c5)c(O)c4c3C2=O)NC(=O)C(C)=CC=CC(C)C(O)C(C)C(O)C(C)C(OC(C)=O)C1C,0,test
COC1C=COC2(C)Oc3c(C)c(O)c4c(O)c(c(C=NN5CCC(N6CCCCC6)CC5)c(O)c4c3C2=O)NC(=O)C(C)=CC=CC(C)C(O)C(C)C(O)C(C)C(OC(C)=O)C1C,0,test
COC1C=COC2(C)Oc3c(C)c(O)c4c(O)c(c(C=NOC(C(=O)O)C(C)C)c(O)c4c3C2=O)NC(=O)C(C)=CC=CC(C)C(O)C(C)C(O)C(C)C(OC(C)=O)C1C,0,test
COC1C=COC2(C)Oc3c(C)c(O)c4c(O)c(c(C=NOC(c5ccccc5)c5ccccc5)c(O)c4c3C2=O)NC(=O)C(C)=CC=CC(C)C(O)C(C)C(O)C(C)C(OC(C)=O)C1C,0,test
COC1C=COC2(C)Oc3c(C)c(O)c4c(O)c(c(C=NOCCCc5ccccc5)c(O)c4c3C2=O)NC(=O)C(C)=CC=CC(C)C(O)C(C)C(O)C(C)C(OC(C)=O)C1C,0,test
COC1C=COC2(C)Oc3c(C)c(O)c4c(O)c(c(C=NOCCN5CCCCC5)c(O)c4c3C2=O)NC(=O)C(C)=CC=CC(C)C(O)C(C)C(O)C(C)C(OC(C)=O)C1C,0,test
COC1C=COC2(C)Oc3c(C)c(O)c4c(O)c(c(C=NNc5ncccn5)c(O)c4c3C2=O)NC(=O)C(C)=CC=CC(C)C(O)C(C)C(O)C(C)C(OC(C)=O)C1C,0,test
COC1C=COC2(C)Oc3c(C)c(O)c4c(O)c(c(C=NN5CCN(Cc6ccccc6)CC5)c(O)c4c3C2=O)NC(=O)C(C)=CC=CC(C)C(O)C(C)C(O)C(C)C(OC(C)=O)C1C,0,test
COC1C=COC2(C)Oc3c(C)c(O)c4c(O)c(c(C=NNc5ccc([N+](=O)[O-])cc5[N+](=O)[O-])c(O)c4c3C2=O)NC(=O)C(C)=CC=CC(C)C(O)C(C)C(O)C(C)C(OC(C)=O)C1C,0,test
COC1C=COC2(C)Oc3c(C)c(O)c4c(O)c(c(C=NN(c5ccccc5)c5ccccc5)c(O)c4c3C2=O)NC(=O)C(C)=CC=CC(C)C(O)C(C)C(O)C(C)C(OC(C)=O)C1C,0,test
COC1C=COC2(C)Oc3c(C)c(O)c4c(O)c(c(CN5CCN(C)CC5)c(O)c4c3C2=O)NC(=O)C(C)=CC=CC(C)C(O)C(C)C(O)C(C)C(OC(C)=O)C1C,0,test
COC1C=COC2(C)Oc3c(C)c(O)c4c(O)c(c(C=NNC5CCCCCCCCCCCCCC5)c(O)c4c3C2=O)NC(=O)C(C)=CC=CC(C)C(O)C(C)C(O)C(C)C(OC(C)=O)C1C,0,test
COC1C=COC2(C)Oc3c(C)c(O)c4c(O)c(c(C=NN(C)c5ccc([N+](=O)[O-])cc5[N+](=O)[O-])c(O)c4c3C2=O)NC(=O)C(C)=CC=CC(C)C(O)C(C)C(O)C(C)C(OC(C)=O)C1C,0,test
COC1C=COC2(C)Oc3c(C)c(O)c4c(O)c(c(C=NOCC=C(C)CCC=C(C)C)c(O)c4c3C2=O)NC(=O)C(C)=CC=CC(C)C(O)C(C)C(O)C(C)C(OC(C)=O)C1C,0,test
COC1C=COC2(C)Oc3c(C)c(O)c4c(O)c(c(C=NNC(=O)CC(=O)NN=Cc5c6c(O)c7c(O)c(C)c8c(c7c5O)C(=O)C(C)(OC=CC(OC)C(C)C(OC(C)=O)C(C)C(O)C(C)C(O)C(C)C=CC=C(C)C(=O)N6)O8)c(O)c4c3C2=O)NC(=O)C(C)=CC=CC(C)C(O)C(C)C(O)C(C)C(OC(C)=O)C1C,1,test
COC1C=COC2(C)Oc3c(C)c(O)c4c(O)c(c(C=NNC(=O)C(CO)(c5ccccc5)c5ccccc5)c(O)c4c3C2=O)NC(=O)C(C)=CC=CC(C)C(O)C(C)C(O)C(C)C(OC(C)=O)C1C,0,test
COC1C=COC2(C)Oc3c(C)c(O)c4c(O)c(c(C=NNC(=O)c5ccc(N)cc5)c(O)c4c3C2=O)NC(=O)C(C)=CC=CC(C)C(O)C(C)C(O)C(C)C(OC(C)=O)C1C,0,test
COC1C=COC2(C)Oc3c(C)c(O)c4c(O)c(c(C=NN=C(N)N[N+](=O)[O-])c(O)c4c3C2=O)NC(=O)C(C)=CC=CC(C)C(O)C(C)C(O)C(C)C(OC(C)=O)C1C,0,test
COC1C=COC2(C)Oc3c(C)c(O)c4c(O)c(c(C=NN5CCCCCCCCCCCC5)c(O)c4c3C2=O)NC(=O)C(C)=CC=CC(C)C(O)C(C)C(O)C(C)C(OC(C)=O)C1C,0,test
COC1C=COC2(C)Oc3c(C)c(O)c4c(O)c(c(C=NN5CCCCCCCC5)c(O)c4c3C2=O)NC(=O)C(C)=CC=CC(C)C(O)C(C)C(O)C(C)C(OC(C)=O)C1C,0,test
COC1C=COC2(C)Oc3c(C)c(O)c4c(O)c(c(C=NN5CCN(Cc6cccc(C(F)(F)F)c6)CC5)c(O)c4c3C2=O)NC(=O)C(C)=CC=CC(C)C(O)C(C)C(O)C(C)C(OC(C)=O)C1C,0,test
COC1C=COC2(C)Oc3c(C)c(O)c4c(O)c(c(C=NN5CCCCCCCCCC5)c(O)c4c3C2=O)NC(=O)C(C)=CC=CC(C)C(O)C(C)C(O)C(C)C(OC(C)=O)C1C,0,test
COC1C=COC2(C)Oc3c(C)c(O)c4c(O)c(c(C=NN(C)c5nc6c(N)ncnc6n5C5OC(CO)C(O)C5O)c(O)c4c3C2=O)NC(=O)C(C)=CC=CC(C)C(O)C(C)C(O)C(C)C(OC(C)=O)C1C,0,test
COC1C=COC2(C)Oc3c(C)c(O)c4c(O)c(c(C=Nn5cnc6c(ncn6C6OC(CO)C(O)C6O)c5=O)c(O)c4c3C2=O)NC(=O)C(C)=CC=CC(C)C(O)C(C)C(O)C(C)C(OC(C)=O)C1C,0,test
COC1C=COC2(C)Oc3c(C)c(O)c4c(O)c(c(C=NN5CCCCCCCCCCCCCCC5)c(O)c4c3C2=O)NC(=O)C(C)=CC=CC(C)C(O)C(C)C(O)C(C)C(OC(C)=O)C1C,0,test
COC1C=COC2(C)Oc3c(C)c(O)c4c(O)c(c(C=NN5C(C)CC(Cc6ccccc6)CC5C)c(O)c4c3C2=O)NC(=O)C(C)=CC=CC(C)C(O)C(C)C(O)C(C)C(OC(C)=O)C1C,0,test
COC1C=COC2(C)Oc3c(C)c(O)c4c(O)c(c(C=NN(C)c5ncnc6c5ncn6C5OC(CO)C(O)C5O)c(O)c4c3C2=O)NC(=O)C(C)=CC=CC(C)C(O)C(C)C(O)C(C)C(OC(C)=O)C1C,0,test
COC1C=COC2(C)Oc3c(C)c(O)c4c(O)c(c(C=NN5C(C)CN(Cc6ccc(C)cc6)CC5C)c(O)c4c3C2=O)NC(=O)C(C)=CC=CC(C)C(O)C(C)C(O)C(C)C(OC(C)=O)C1C,0,test
COC1C=COC2(C)Oc3c(C)c(O)c4c(O)c(c(C=NN5C(C)CN(Cc6ccc(Cl)cc6)CC5C)c(O)c4c3C2=O)NC(=O)C(C)=CC=CC(C)C(O)C(C)C(O)C(C)C(OC(C)=O)C1C,0,test
COC1C=COC2(C)Oc3c(C)c(O)c4c(O)c(c(C=NN5C(C)CN(Cc6ccc(C#N)cc6)CC5C)c(O)c4c3C2=O)NC(=O)C(C)=CC=CC(C)C(O)C(C)C(O)C(C)C(OC(C)=O)C1C,0,test
COC1C=COC2(C)Oc3c(C)c(O)c4c(O)c(c(C=NN5CCCN(Cc6ccccc6)CC5)c(O)c4c3C2=O)NC(=O)C(C)=CC=CC(C)C(O)C(C)C(O)C(C)C(OC(C)=O)C1C,0,test
COC1C=COC2(C)Oc3c(C)c(O)c4c(O)c(c(C=NNc5nc6c(N)ncnc6n5C5OC(CO)C(O)C5O)c(O)c4c3C2=O)NC(=O)C(C)=CC=CC(C)C(O)C(C)C(O)C(C)C(OC(C)=O)C1C,0,test
COC1C=COC2(C)Oc3c(C)c(O)c4c(O)c(c(C=NNC5C6CC7CC(C6)CC5C7)c(O)c4c3C2=O)NC(=O)C(C)=CC=CC(C)C(O)C(C)C(O)C(C)C(OC(C)=O)C1C,0,test
COC1C=COC2(C)Oc3c(C)c(O)c4c(O)c(c(C=NN(C)C56CC7CC(CC(C7)C5)C6)c(O)c4c3C2=O)NC(=O)C(C)=CC=CC(C)C(O)C(C)C(O)C(C)C(OC(C)=O)C1C,0,test
COC1C=COC2(C)Oc3c(C)c(O)c4c(O)c(c(C=NN5CC(C)(C)N(Cc6ccccc6)CC5(C)C)c(O)c4c3C2=O)NC(=O)C(C)=CC=CC(C)C(O)C(C)C(O)C(C)C(OC(C)=O)C1C,0,test
COC1C=COC2(C)Oc3c(C)c(O)c4c(O)c(c(C=NNC5OC(COC(=O)c6ccccc6)C(OC(=O)c6ccccc6)C5OC(=O)c5ccccc5)c(O)c4c3C2=O)NC(=O)C(C)=CC=CC(C)C(O)C(C)C(O)C(C)C(OC(C)=O)C1C,0,test
COC1C=COC2(C)Oc3c(C)c(O)c4c(O)c(c(C=NN(C)C5OC(COC(=O)c6ccccc6)C(OC(=O)c6ccccc6)C5OC(=O)c5ccccc5)c(O)c4c3C2=O)NC(=O)C(C)=CC=CC(C)C(O)C(C)C(O)C(C)C(OC(C)=O)C1C,0,test
COC1C=COC2(C)Oc3c(C)c(O)c4c(O)c(c(C=NN5CC(C)N(Cc6ccccc6)C(C)C5)c(O)c4c3C2=O)NC(=O)C(C)=CC=CC(C)C(O)C(C)C(O)C(C)C(OC(C)=O)C1C,0,test
COC1C=COC2(C)Oc3c(C)c(O)c4c(O)c(c(C=NN5C(C)CN(Cc6ccc(O)cc6)CC5C)c(O)c4c3C2=O)NC(=O)C(C)=CC=CC(C)C(O)C(C)C(O)C(C)C(OC(C)=O)C1C,0,test
COC1C=COC2(C)Oc3c(C)c(O)c4c(O)c(c(C=NN5CC(C)N(C(=O)c6ccccc6)C(C)C5)c(O)c4c3C2=O)NC(=O)C(C)=CC=CC(C)C(O)C(C)C(O)C(C)C(OC(C)=O)C1C,0,test
COC1C=COC2(C)Oc3c(C)c(O)c4c(O)c(c(C=NN(C)C(C)C(O)c5ccccc5)c(O)c4c3C2=O)NC(=O)C(C)=CC=CC(C)C(O)C(C)C(O)C(C)C(OC(C)=O)C1C,0,test
COC1C=COC2(C)Oc3c(C)c(O)c4c(O)c(c(C=NN5C(C)CN(Cc6ccccc6C#N)CC5C)c(O)c4c3C2=O)NC(=O)C(C)=CC=CC(C)C(O)C(C)C(O)C(C)C(OC(C)=O)C1C,0,test
COC1C=COC2(C)Oc3c(C)c(O)c4c(O)c(c(C=NN5C(C)CN(Cc6cccc(C#N)c6)CC5C)c(O)c4c3C2=O)NC(=O)C(C)=CC=CC(C)C(O)C(C)C(O)C(C)C(OC(C)=O)C1C,0,test
COC1C=COC2(C)Oc3c(C)c(O)c4c(O)c(c(C=NN5C(C)CN(Cc6ccc(C(C)(C)C)cc6)CC5C)c(O)c4c3C2=O)NC(=O)C(C)=CC=CC(C)C(O)C(C)C(O)C(C)C(OC(C)=O)C1C,0,test
COC1C=COC2(C)Oc3c(C)c(O)c4c(O)c(c(C=NN(Cc5ccccc5)C56CC7CC(CC(C7)C5)C6)c(O)c4c3C2=O)NC(=O)C(C)=CC=CC(C)C(O)C(C)C(O)C(C)C(OC(C)=O)C1C,0,test
COC1C=COC2(C)Oc3c(C)c(O)c4c(O)c(c(C=NN5C(C)CN(Cc6cccc(O)c6)CC5C)c(O)c4c3C2=O)NC(=O)C(C)=CC=CC(C)C(O)C(C)C(O)C(C)C(OC(C)=O)C1C,0,test
COC1C=COC2(C)Oc3c(C)c(O)c4c(O)c(c(C=Nn5c(=O)[nH]c6ccccc6c5=O)c(O)c4c3C2=O)NC(=O)C(C)=CC=CC(C)C(O)C(C)C(O)C(C)C(OC(C)=O)C1C,0,test
COC1C=COC2(C)Oc3c(C)c(O)c4c(O)c(c(C=NN5C(C)CN(Cc6ccccc6O)CC5C)c(O)c4c3C2=O)NC(=O)C(C)=CC=CC(C)C(O)C(C)C(O)C(C)C(OC(C)=O)C1C,0,test
COC1C=COC2(C)Oc3c(C)c(O)c4c(O)c(c(C=NN5C(C)CN(Cc6ccc([N+](=O)[O-])cc6)CC5C)c(O)c4c3C2=O)NC(=O)C(C)=CC=CC(C)C(O)C(C)C(O)C(C)C(OC(C)=O)C1C,0,test
COC1C=COC2(C)Oc3c(C)c(O)c4c(O)c(c(C=NN5C(C)CN(Cc6ccc(NC(C)=O)cc6)CC5C)c(O)c4c3C2=O)NC(=O)C(C)=CC=CC(C)C(O)C(C)C(O)C(C)C(OC(C)=O)C1C,0,test
COC1C=COC2(C)Oc3c(C)c(O)c4c(O)c(c(C5SCCS5)c(O)c4c3C2=O)NC(=O)C(C)=CC=CC(C)C(O)C(C)C(O)C(C)C(OC(C)=O)C1C,0,test
COC1C=COC2(C)Oc3c(C)c(O)c4c(O)c(c(C=NN5CCCN(C)CC5)c(O)c4c3C2=O)NC(=O)C(C)=CC=CC(C)C(O)C(C)C(O)C(C)C(OC(C)=O)C1C,0,test
COC1C=COC2(C)Oc3c(C)c(O)c4c(O)c(c(CNCc5ccccc5)c(O)c4c3C2=O)NC(=O)C(C)=CC=CC(C)C(O)C(C)C(O)C(C)C(OC(C)=O)C1C,0,test
CCCN(CCC)N=Cc1c2c(O)c3c(O)c(C)c4c(c3c1O)C(=O)C(C)(OC=CC(OC)C(C)C(OC(C)=O)C(C)C(O)C(C)C(O)C(C)=CC=CC(C)C(=O)N2)O4,0,test
CCCCCON=Cc1c2c(O)c3c(O)c(C)c4c(c3c1O)C(=O)C(C)(OC=CC(OC)C(C)C(OC(C)=O)C(C)C(O)C(C)C(O)C(C)=CC=CC(C)C(=O)N2)O4,0,test
CCCCCCCCON=Cc1c2c(O)c3c(O)c(C)c4c(c3c1O)C(=O)C(C)(OC=CC(OC)C(C)C(OC(C)=O)C(C)C(O)C(C)C(O)C(C)=CC=CC(C)C(=O)N2)O4,0,test
CCCCCCCCCON=Cc1c2c(O)c3c(O)c(C)c4c(c3c1O)C(=O)C(C)(OC=CC(OC)C(C)C(OC(C)=O)C(C)C(O)C(C)C(O)C(C)=CC=CC(C)C(=O)N2)O4,0,test
CCCCCCCCCCON=Cc1c2c(O)c3c(O)c(C)c4c(c3c1O)C(=O)C(C)(OC=CC(OC)C(C)C(OC(C)=O)C(C)C(O)C(C)C(O)C(C)=CC=CC(C)C(=O)N2)O4,0,test
CCCCCCCCCCCON=Cc1c2c(O)c3c(O)c(C)c4c(c3c1O)C(=O)C(C)(OC=CC(OC)C(C)C(OC(C)=O)C(C)C(O)C(C)C(O)C(C)=CC=CC(C)C(=O)N2)O4,0,test
CCCCCCON=Cc1c2c(O)c3c(O)c(C)c4c(c3c1O)C(=O)C(C)(OC=CC(OC)C(C)C(OC(C)=O)C(C)C(O)C(C)C(O)C(C)=CC=CC(C)C(=O)N2)O4,0,test
C=CCCCCON=Cc1c2c(O)c3c(O)c(C)c4c(c3c1O)C(=O)C(C)(OC=CC(OC)C(C)C(OC(C)=O)C(C)C(O)C(C)C(O)C(C)=CC=CC(C)C(=O)N2)O4,0,test
CCCCCCCCN(CCCCCCCC)N=Cc1c2c(O)c3c(O)c(C)c4c(c3c1O)C(=O)C(C)(OC=CC(OC)C(C)C(OC(C)=O)C(C)C(O)C(C)C(O)C(C)=CC=CC(C)C(=O)N2)O4,0,test
CCCCCCN(CCCCCC)N=Cc1c2c(O)c3c(O)c(C)c4c(c3c1O)C(=O)C(C)(OC=CC(OC)C(C)C(OC(C)=O)C(C)C(O)C(C)C(O)C(C)=CC=CC(C)C(=O)N2)O4,0,test
CCCCN(CCCC)N=Cc1c2c(O)c3c(O)c(C)c4c(c3c1O)C(=O)C(C)(OC=CC(OC)C(C)C(OC(C)=O)C(C)C(O)C(C)C(O)C(C)=CC=CC(C)C(=O)N2)O4,0,test
CCCCCN(CCCCC)N=Cc1c2c(O)c3c(O)c(C)c4c(c3c1O)C(=O)C(C)(OC=CC(OC)C(C)C(OC(C)=O)C(C)C(O)C(C)C(O)C(C)=CC=CC(C)C(=O)N2)O4,0,test
COc1ccc(CN2CC(C)N(N=Cc3c4c(O)c5c(O)c(C)c6c(c5c3O)C(=O)C(C)(OC=CC(OC)C(C)C(OC(C)=O)C(C)C(O)C(C)C(O)C(C)=CC=CC(C)C(=O)N4)O6)C(C)C2)cc1,0,test
CCCCCCCCN(N=Cc1c2c(O)c3c(O)c(C)c4c(c3c1O)C(=O)C(C)(OC=CC(OC)C(C)C(OC(C)=O)C(C)C(O)C(C)C(O)C(C)=CC=CC(C)C(=O)N2)O4)C12CC3CC(CC(C3)C1)C2,0,test
COc1cccc(CN2CC(C)N(N=Cc3c4c(O)c5c(O)c(C)c6c(c5c3O)C(=O)C(C)(OC=CC(OC)C(C)C(OC(C)=O)C(C)C(O)C(C)C(O)C(C)=CC=CC(C)C(=O)N4)O6)C(C)C2)c1,0,test
COc1ccccc1CN1CC(C)N(N=Cc2c3c(O)c4c(O)c(C)c5c(c4c2O)C(=O)C(C)(OC=CC(OC)C(C)C(OC(C)=O)C(C)C(O)C(C)C(O)C(C)=CC=CC(C)C(=O)N3)O5)C(C)C1,0,test
CCCCCCCCN(N=Cc1c2c(O)c3c(O)c(C)c4c(c3c1O)C(=O)C(C)(OC=CC(OC)C(C)C(OC(C)=O)C(C)C(O)C(C)C(O)C(C)=CC=CC(C)C(=O)N2)O4)C1OC(COC(=O)c2ccccc2)C(OC(=O)c2ccccc2)C1OC(=O)c1ccccc1,0,test
COc1cccc(CN2CCCN(N=Cc3c4c(O)c5c(O)c(C)c6c(c5c3O)C(=O)C(C)(OC=CC(OC)C(C)C(OC(C)=O)C(C)C(O)C(C)C(O)C(C)=CC=CC(C)C(=O)N4)O6)CC2)c1,0,test
COc1ccc(CN2CCCN(N=Cc3c4c(O)c5c(O)c(C)c6c(c5c3O)C(=O)C(C)(OC=CC(OC)C(C)C(OC(C)=O)C(C)C(O)C(C)C(O)C(C)=CC=CC(C)C(=O)N4)O6)CC2)cc1,0,test
COc1cccc(CN2CCN(N=Cc3c4c(O)c5c(O)c(C)c6c(c5c3O)C(=O)C(C)(OC=CC(OC)C(C)C(OC(C)=O)C(C)C(O)C(C)C(O)C(C)=CC=CC(C)C(=O)N4)O6)CC2)c1,0,test
CCCCCCCCN1CCCN(N=Cc2c3c(O)c4c(O)c(C)c5c(c4c2O)C(=O)C(C)(OC=CC(OC)C(C)C(OC(C)=O)C(C)C(O)C(C)C(O)C(C)=CC=CC(C)C(=O)N3)O5)CC1,0,test
COC(=O)c1cc(C(=CCCC2CCC3(C)C(CCC4C3CCC3(C)C(C(C)CCCC(C)C)CCC43)C2)c2cc(Cl)c(OC)c(C(=O)OC)c2)cc(Cl)c1OC,0,test
COc1c(Cl)cc(C(=CCCC2CCC3(C)C(CCC4C3CCC3(C)C(C(C)CCCC(C)C)CCC43)C2)c2cc(Cl)c(OC)c(C(=O)O)c2)cc1C(=O)O,1,test
CC(C)CCCC(C)C1CCC2C3CCC4CC(CCC=C(c5cc(Br)c(O)c(C(=O)O)c5)c5cc(Br)c(O)c(C(=O)O)c5)CCC4(C)C3CCC12C,1,test
CC(C)CCCC(C)C1CCC2C3CCC4CC(CCC=C(c5cc(Cl)c(OC(=O)c6ccccc6)c(C(=O)O)c5)c5cc(Cl)c(OC(=O)c6ccccc6)c(C(=O)O)c5)CCC4(C)C3CCC12C,0,test
COC(=O)c1cc(C(=CCCC2CCC3(C)C(CCC4C3CCC3(C)C(C(C)CCCC(C)C)CCC43)C2)c2cc(Cl)c(OC(=O)c3ccccc3)c(C(=O)OC)c2)cc(Cl)c1OC(=O)c1ccccc1,0,test
CC(C)CCCC(C)C1CCC2C3CCC4CC(CCC=C(c5cc(Cl)c(O)c(C(=O)O)c5)c5cc(Cl)c(O)c(C(=O)O)c5)CCC4(C)C3CCC12C,0,test
CC(=O)Oc1c(Cl)cc(C(=CCCC2CCC3(C)C(CCC4C3CCC3(C)C(C(C)CCCC(C)C)CCC43)C2)c2cc(Cl)c(OC(C)=O)c(C(=O)O)c2)cc1C(=O)O,1,test
CCCC(=O)Oc1c(Cl)cc(C(=CCCC2CCC3(C)C(CCC4C3CCC3(C)C(C(C)CCCC(C)C)CCC43)C2)c2cc(Cl)c(OC(=O)CCC)c(C(=O)O)c2)cc1C(=O)O,1,test
CC(C)CCCC(C)C1CCC2C3CCC4CC(CCC=C(c5cc(Cl)c(OC(=O)C(C)C)c(C(=O)O)c5)c5cc(Cl)c(OC(=O)C(C)C)c(C(=O)O)c5)CCC4(C)C3CCC12C,1,test
CC(C)CCCC(C)C1CCC2C3CCC4CC(CCC=C(c5cc(Cl)c(OC(=O)C(C)(C)C)c(C(=O)O)c5)c5cc(Cl)c(OC(=O)C(C)(C)C)c(C(=O)O)c5)CCC4(C)C3CCC12C,1,test
CCCCC(=O)Oc1c(Cl)cc(C(=CCCC2CCC3(C)C(CCC4C3CCC3(C)C(C(C)CCCC(C)C)CCC43)C2)c2cc(Cl)c(OC(=O)CCCC)c(C(=O)O)c2)cc1C(=O)O,1,test
CCCCOC(=O)c1cc(C(=CCCC2CCC3(C)C(CCC4C3CCC3(C)C(C(C)CCCC(C)C)CCC43)C2)c2cc(Cl)c(O)c(C(=O)OCCCC)c2)cc(Cl)c1O,0,test
CCCOC(=O)c1cc(C(=CCCC2CCC3(C)C(CCC4C3CCC3(C)C(C(C)CCCC(C)C)CCC43)C2)c2cc(Cl)c(O)c(C(=O)OCCC)c2)cc(Cl)c1O,0,test
CC(C)CCCC(C)C1CCC2C3CCC4CC(CCC=C(c5cc(Cl)c(O)c(C(=O)OC(C)C)c5)c5cc(Cl)c(O)c(C(=O)OC(C)C)c5)CCC4(C)C3CCC12C,0,test
CC(C)CCCC(C)C1CCC2C3CCC4CC(CCC=C(c5cc(Cl)c(O)c(C(=O)OC(C)(C)C)c5)c5cc(Cl)c(O)c(C(=O)OC(C)(C)C)c5)CCC4(C)C3CCC12C,0,test
CC(=O)Oc1c(Cl)cc(C(=CCCC2CCC3(C)C(CCC4C3CCC3(C)C(C(C)CCCC(C)C)CCC43)C2)c2cc(Cl)c(OC(C)=O)c(C(=O)OCc3ccccc3)c2)cc1C(=O)OCc1ccccc1,0,test
CCOC(=O)Oc1c(Cl)cc(C(=CCCC2CCC3(C)C(CCC4C3CCC3(C)C(C(C)CCCC(C)C)CCC43)C2)c2cc(Cl)c(OC(=O)OCC)c(C(=O)OCC)c2)cc1C(=O)OCC,0,test
CC(C)CCCC(C)C1CCC2C3CCC4CC(CCC=C(c5cc(Cl)c(O)c(C(=O)OCc6ccccc6)c5)c5cc(Cl)c(O)c(C(=O)OCc6ccccc6)c5)CCC4(C)C3CCC12C,0,test
CC(C)CCCC(C)C1CCC2C3CCC4CC(CCC=C(c5cc(Cl)c(OCc6ccc(C(=O)O)cc6)c(C(=O)O)c5)c5cc(Cl)c(OCc6ccc(C(=O)O)cc6)c(C(=O)O)c5)CCC4(C)C3CCC12C,1,test
CC(C)CCCC(C)C1CCC2C3CCC4CC(CCC=C(c5cc(Cl)c(OCc6ccccc6[N+](=O)[O-])c(C(=O)OCc6ccccc6[N+](=O)[O-])c5)c5cc(Cl)c(OCc6ccccc6[N+](=O)[O-])c(C(=O)OCc6ccccc6[N+](=O)[O-])c5)CCC4(C)C3CCC12C,0,test
CC(C)CCCC(C)C1CCC2C3CCC4CC(CCC=C(c5cc(Cl)c(OCc6cccc([N+](=O)[O-])c6)c(C(=O)OCc6cccc([N+](=O)[O-])c6)c5)c5cc(Cl)c(OCc6cccc([N+](=O)[O-])c6)c(C(=O)OCc6cccc([N+](=O)[O-])c6)c5)CCC4(C)C3CCC12C,0,test
CC(C)CCCC(C)C1CCC2C3CCC4CC(CCC=C(c5cc(Cl)c(OCc6ccc([N+](=O)[O-])cc6)c(C(=O)OCc6ccc([N+](=O)[O-])cc6)c5)c5cc(Cl)c(OCc6ccc([N+](=O)[O-])cc6)c(C(=O)OCc6ccc([N+](=O)[O-])cc6)c5)CCC4(C)C3CCC12C,1,test
COC(=O)c1ccc(COC(=O)c2cc(C(=CCCC3CCC4(C)C(CCC5C4CCC4(C)C(C(C)CCCC(C)C)CCC54)C3)c3cc(Cl)c(OCc4ccc(C(=O)OC)cc4)c(C(=O)OCc4ccc(C(=O)OC)cc4)c3)cc(Cl)c2OCc2ccc(C(=O)OC)cc2)cc1,0,test
COC(=O)c1cccc(COC(=O)c2cc(C(=CCCC3CCC4(C)C(CCC5C4CCC4(C)C(C(C)CCCC(C)C)CCC54)C3)c3cc(Cl)c(OCc4cccc(C(=O)OC)c4)c(C(=O)OCc4cccc(C(=O)OC)c4)c3)cc(Cl)c2OCc2cccc(C(=O)OC)c2)c1,0,test
COC(=O)Cc1ccc(COC(=O)c2cc(C(=CCCC3CCC4(C)C(CCC5C4CCC4(C)C(C(C)CCCC(C)C)CCC54)C3)c3cc(Cl)c(OCc4ccc(CC(=O)OC)cc4)c(C(=O)OCc4ccc(CC(=O)OC)cc4)c3)cc(Cl)c2OCc2ccc(CC(=O)OC)cc2)cc1,0,test
CCOC(=O)COC(=O)c1cc(C(=CCCC2CCC3(C)C(CCC4C3CCC3(C)C(C(C)CCCC(C)C)CCC43)C2)c2cc(Cl)c(OCC(=O)OCC)c(C(=O)OCC(=O)OCC)c2)cc(Cl)c1OCC(=O)OCC,0,test
COC(=O)c1ccccc1COC(=O)c1cc(C(=CCCC2CCC3(C)C(CCC4C3CCC3(C)C(C(C)CCCC(C)C)CCC43)C2)c2cc(Cl)c(OCc3ccccc3C(=O)OC)c(C(=O)OCc3ccccc3C(=O)OC)c2)cc(Cl)c1OCc1ccccc1C(=O)OC,0,test
CC(C)CCCC(C)C1CCC2C3CCC4CC(CCC=C(c5cc(Cl)c(OCc6cccc(C(=O)O)c6)c(C(=O)O)c5)c5cc(Cl)c(OCc6cccc(C(=O)O)c6)c(C(=O)O)c5)CCC4(C)C3CCC12C,1,test
CC(C)CCCC(C)C1CCC2C3CCC4CC(CCC=C(c5cc(Cl)c(OCc6ccccc6C(=O)O)c(C(=O)O)c5)c5cc(Cl)c(OCc6ccccc6C(=O)O)c(C(=O)O)c5)CCC4(C)C3CCC12C,1,test
COc1c(Cl)cc(Cc2cc(C(=CCCC3CCC4(C)C(CCC5C4CCC4(C)C(C(C)CCCC(C)C)CCC54)C3)c3cc(Cc4cc(Cl)c(OC)c(C(=O)O)c4)c(OC)c(C(=O)O)c3)cc(C(=O)O)c2OC)cc1C(=O)O,1,test
CC(C)CCCC(C)C1CCC2C3CCC4CC(CCC=C(c5cc(Cl)c(OCc6ccccc6B6OC(C)(C)C(C)(C)O6)c(C(=O)OCc6ccccc6B6OC(C)(C)C(C)(C)O6)c5)c5cc(Cl)c(OCc6ccccc6B6OC(C)(C)C(C)(C)O6)c(C(=O)OCc6ccccc6B6OC(C)(C)C(C)(C)O6)c5)CCC4(C)C3CCC12C,0,test
CC(C)CCCC(C)C1CCC2C3CCC4CC(CCC=C(c5cc(Cl)c(OCc6ccc(B7OC(C)(C)C(C)(C)O7)cc6)c(C(=O)OCc6ccc(B7OC(C)(C)C(C)(C)O7)cc6)c5)c5cc(Cl)c(OCc6ccc(B7OC(C)(C)C(C)(C)O7)cc6)c(C(=O)OCc6ccc(B7OC(C)(C)C(C)(C)O7)cc6)c5)CCC4(C)C3CCC12C,0,test
CC(C)CCCC(C)C1CCC2C3CCC4CC(CCC=C(c5cc(Cl)c(OCc6cccc(B7OC(C)(C)C(C)(C)O7)c6)c(C(=O)OCc6cccc(B7OC(C)(C)C(C)(C)O7)c6)c5)c5cc(Cl)c(OCc6cccc(B7OC(C)(C)C(C)(C)O7)c6)c(C(=O)OCc6cccc(B7OC(C)(C)C(C)(C)O7)c6)c5)CCC4(C)C3CCC12C,0,test
CC(C)CCCC(C)C1CCC2C3CCC4CC(CCC=C(c5cc(Cl)c(OCC(=O)O)c(C(=O)O)c5)c5cc(Cl)c(OCC(=O)O)c(C(=O)O)c5)CCC4(C)C3CCC12C,0,test
CC(C)CCCC(C)C1CCC2C3CCC4CC(CCC=C(c5cc(Cl)c(OCc6ccc(B(O)O)cc6)c(C(=O)O)c5)c5cc(Cl)c(OCc6ccc(B(O)O)cc6)c(C(=O)O)c5)CCC4(C)C3CCC12C,1,test
CC(C)CCCC(C)C1CCC2C3CCC4CC(CCC=C(c5ccc(OCc6ccccc6B(O)O)c(C(=O)O)c5)c5cc(Cl)c(OCc6ccccc6B(O)O)c(C(=O)O)c5)CCC4(C)C3CCC12C,0,test
