smiles,Macrocycle_PAMPA,group
CC(C)CC1NC(=O)c2cc(Cl)ccc2OC/C=C/CC2(CCN(CC(=O)N(C(C)C)C(C)C)CC2)CNC1=O,-5.772,training
CCCN(CC1CC1)C(=O)CN1CCC2(C/C=C/COc3ccc(Cl)cc3C(=O)NC(CC(C)C)C(=O)NC2)CC1,-5.578,training
CCCNC(=O)CN1CCC2(C/C=C/COc3ccc(Cl)cc3C(=O)NC(CC(C)C)C(=O)NC2)CC1,-6.244,training
CCC(C)NC(=O)CN1CCC2(C/C=C/COc3ccc(Cl)cc3C(=O)NC(CC(C)C)C(=O)NC2)CC1,-5.857,training
CC(C)C1COc2ccccc2C(=O)NC/C=C/CC2(CCN(CC(=O)NC3CCCCC3)CC2)C(=O)N1,-6.337,training
CC(C)C1COc2ccccc2C(=O)NC/C=C/CC2(CCN(CC(=O)N(Cc3ccccc3)C(C)C)CC2)C(=O)N1,-5.77,training
COC(C)NC(=O)CN1CCC2(C/C=C/COc3ccc(Cl)cc3C(=O)NC(CC(C)C)C(=O)NC2)CC1,-6.409,training
CCN(CC)C(=O)CN1CCC2(C/C=C/CNC(=O)c3ccccc3OCC(C(C)C)NC2=O)CC1,-6.456,training
CCOC(=O)c1cccc(NC(=O)CN2CCC3(C/C=C/CNC(=O)c4ccccc4OCC(C(C)C)NC3=O)CC2)c1,-6.432,training
COc1ccccc1CNC(=O)CN1CCC2(C/C=C/CNC(=O)c3ccccc3OCC(C(C)C)NC2=O)CC1,-6.699,training
CCn1c(=O)n(CC)c2cc(NC(=O)CN3CCC4(C/C=C/CNC(=O)c5ccccc5OCC(C(C)C)NC4=O)CC3)ccc21,-6.854,training
COc1ccc(NC(C)=O)cc1CNC(=O)CN1CCC2(C/C=C/COc3ccc(Cl)cc3C(=O)NC(CC(C)C)C(=O)NC2)CC1,-7.097,training
COc1ccc(C)c(NC(=O)CN2CCC3(C/C=C/CNC(=O)c4ccccc4OCC(C(C)C)NC3=O)CC2)c1,-6.481,training
CC(C)C1COc2ccccc2C(=O)NC/C=C/CC2(CCN(CC(=O)Nc3ccc(F)cc3)CC2)C(=O)N1,-6.854,training
CC(C)C1COc2ccccc2C(=O)NC/C=C/CC2(CCN(CC(=O)NC3C4CC5CC(C4)CC3C5)CC2)C(=O)N1,-5.821,training
Cc1cc(NC(=O)CN2CCC3(C/C=C/CNC(=O)c4ccccc4OCC(C(C)C)NC3=O)CC2)no1,-5.979,training
Cc1c(F)cccc1NC(=O)CN1CCC2(C/C=C/CNC(=O)c3ccccc3OCC(C(C)C)NC2=O)CC1,-5.842,training
CC(C)CC1NC(=O)c2cc(Cl)ccc2OC/C=C/CC2(CCN(C(=O)c3cc(=O)n(C)c(=O)[nH]3)CC2)CNC1=O,-7.222,training
Cc1c(NC(=O)CN2CCC3(C/C=C/CNC(=O)c4ccccc4OCC(C(C)C)NC3=O)CC2)cnn1C,-7.523,training
CC(C)c1nnc(NC(=O)CN2CCC3(C/C=C/CNC(=O)c4ccccc4OCC(C(C)C)NC3=O)CC2)s1,-7.301,training
CC(C)C1COc2ccccc2C(=O)NC/C=C/CC2(CCN(CC(=O)Nc3ccc4c(c3)OCCCO4)CC2)C(=O)N1,-7.699,training
CC(C)C1COc2ccccc2C(=O)NC/C=C/CC2(CCN(CC(=O)Nc3ccc(OC(F)F)cc3)CC2)C(=O)N1,-7.699,training
COc1ccc(NC(=O)CN2CCC3(C/C=C/CNC(=O)c4ccccc4OCC(C(C)C)NC3=O)CC2)cc1Cl,-7.398,training
CCn1cc(NC(=O)CN2CCC3(C/C=C/COc4ccc(Cl)cc4C(=O)NC(CC(C)C)C(=O)NC3)CC2)c(C)n1,-6.721,training
CC(C)C1NC(=O)C(CC(N)=O)NC(=O)c2ccccc2OCCCNC(=O)C(CCCCNC(=O)c2noc3c2CCCC3)NC1=O,-7.699,training
CC(C)C1COc2ccccc2C(=O)NC(C(=O)NCCN2CCOCC2)CCC(=O)NC(C(C)C)C(=O)N1,-7.523,training
CC(C)CC1COc2ccccc2C(=O)NC(C(=O)NCCCCN(C)C)CC(=O)N2CCCC2C(=O)N1,-6.886,training
CC(C)CCN(CCCCC1NC(=O)C(C)NC(=O)CC(C(=O)N2CCC(N(C)C)C2)NC(=O)c2ccccc2OCC(C)N(C)C1=O)CCC(C)C,-7.0,training
CC(C)C1NC(=O)CCC(C(=O)N2CCC(c3ccccc3)CC2)NC(=O)c2ccccc2OCC2CCCN2C(=O)C(CCCCN)NC1=O,-7.699,training
CCN(CC)CCNC(=O)C1CCC(=O)NC(C(C)C)C(=O)NC(C(C)C)COc2ccccc2C(=O)N1,-7.046,training
CC(C)C1NC(=O)CCC(C(=O)N2CCCN(Cc3cccc(F)c3)CC2)NC(=O)c2ccccc2OCC2CCCN2C(=O)C(CCCCN)NC1=O,-7.0,training
CN1CC(=O)NC(CCCCN)C(=O)N2CCCC2COc2ccccc2C(=O)NC(C(=O)N2CCC(CCc3ccccc3)CC2)CCC1=O,-6.569,training
NCCCCC1NC(=O)C2CCCN2C(=O)CCC(C(=O)N2CCC(c3ccccc3)CC2)NC(=O)c2ccccc2OCC2CCCN2C1=O,-7.0,training
CC(C)CC1NC(=O)CCC(C(=O)NCCN2CCCCC2)NC(=O)c2ccccc2OCC(C(C)C)NC(=O)C(C(C)C)NC1=O,-7.699,training
CCN1CCCC1CNC(=O)C1CCC(=O)NC(CC(C)C)C(=O)NC(C(C)C)C(=O)NC(C(C)C)COc2ccccc2C(=O)N1,-8.0,training
NCCCCC1NC(=O)CN(Cc2ccccc2)C(=O)CCC(C(=O)N2CCC(Cc3ccccc3)CC2)NC(=O)c2ccccc2OCC2CCCN2C1=O,-8.0,training
NCCCCC1NC(=O)C2CCCN2C(=O)CCC(C(=O)N2CCCN(Cc3ccccn3)CC2)NC(=O)c2ccccc2OCC2CCCN2C1=O,-7.222,training
Cc1csc(CCCNC(=O)C2CC(=O)N3CCCC3C(=O)NC(CC(C)C)COc3ccccc3C(=O)N2)n1,-6.638,training
Cc1csc(CCCNC(=O)C2CCC(=O)N(C)CC(=O)NCCCCC(=O)NC(C)COc3ccccc3C(=O)N2)n1,-7.222,training
COc1ccc(CCN(C)C(=O)C2CCC(=O)NC(CC(C)C)C(=O)NCCOc3ccccc3C(=O)N2)cc1OC,-7.0,training
CC1NC(=O)CC(C(=O)N2CCNC(=O)C2)NC(=O)c2ccccc2OCC2CCCN2C1=O,-7.046,training
CC(C)CC1NC(=O)CCC(C(=O)NCC2CCC3CC2C3(C)C)NC(=O)c2ccccc2OCCNC1=O,-6.222,training
CC(C)CC1NC(=O)CCC(C(=O)NC(CO)CO)NC(=O)c2ccccc2OCC(C(C)C)NC(=O)C(C(C)C)NC1=O,-7.301,training
CC(C)CC1NC(=O)CCC(C(=O)N2CC(C)OC(C)C2)NC(=O)c2ccccc2OCC(C(C)C)NC(=O)C(C(C)C)NC1=O,-6.886,training
CC(C)CC1NC(=O)CCC(C(=O)NCCOc2ccc(F)cc2)NC(=O)c2ccccc2OCC(C(C)C)NC1=O,-6.745,training
CC1CN(C(=O)C2CC(=O)NC(C)C(=O)N3CCCC3COc3ccccc3C(=O)N2)CC(C)O1,-6.638,training
CC(C)C1COc2ccccc2C(=O)NC(C(=O)NCCc2ccncc2)CCC(=O)NC(C(C)C)C(=O)N1,-7.097,training
CCN1CCN(C(=O)C2CCC(=O)NC(C(C)C)C(=O)NC(C(C)C)COc3ccccc3C(=O)N2)CC1,-6.678,training
COCC1CCCN1C(=O)C1CC(=O)NC(C(C)O)C(=O)NC(Cc2ccccc2)COc2ccccc2C(=O)N1,-6.721,training
COCC1CCCN1C(=O)C1CC(=O)N2CCCC2C(=O)NC(CC(C)C)COc2ccccc2C(=O)N1,-6.921,training
COCC1CCCN1C(=O)C1CC(=O)NC(C(C)C)C(=O)NC(CC(C)C)COc2ccccc2C(=O)N1,-6.398,training
Cc1csc(CCCNC(=O)C2CCC(=O)NC(C)C(=O)NC(C(C)C)C(=O)NC(C)COc3ccccc3C(=O)N2)n1,-6.959,training
CC(C)CC1NC(=O)CCC(C(=O)NCCCN2CCCC2=O)NC(=O)c2ccccc2OCC(C(C)C)NC(=O)C(C(C)C)NC1=O,-7.398,training
COCC1CCCN1C(=O)C1CC(=O)NC(C(C)C)C(=O)NC(Cc2ccccc2)COc2ccccc2C(=O)N1,-6.027,training
COCCN(C)C(=O)C1CCC(=O)NC(CC(C)C)C(=O)NC(C(C)C)COc2ccccc2C(=O)N1,-6.347,training
CC(C)C1COc2ccccc2C(=O)NC(C(=O)NCC2(c3cccc(F)c3)CCOCC2)CCC(=O)N2CCCC2C(=O)N1,-6.959,training
CC(C)CC1COc2ccccc2C(=O)NC(C(=O)N2CC(C)OC(C)C2)CC(=O)NC(C(C)C)C(=O)N1,-6.678,training
CC(C)CC1NC(=O)CCC(C(=O)N(C)CCc2ccccc2)NC(=O)c2ccccc2OCCNC1=O,-5.733,training
CC(C)CC1NC(=O)CCC(C(=O)NCCCn2ccc(C(F)(F)F)n2)NC(=O)c2ccccc2OCC(C(C)C)NC(=O)C(C(C)C)NC1=O,-7.155,training
CC(C)CC1COc2ccccc2C(=O)NC(C(=O)NCC(C)(C)c2ccc(F)cc2)CC(=O)N2CCCC2C(=O)N1,-5.695,training
CC(C)C1COc2ccccc2C(=O)NC(C(=O)NCCOc2ccc(Cl)cc2)CCC(=O)NC(C(C)C)C(=O)N1,-7.155,training
COc1ccc(CCCNC(=O)C2CCC(=O)NC(CC(C)C)C(=O)NC(C(C)C)COc3ccccc3C(=O)N2)cc1OC,-7.155,training
CCN1CCN(C(=O)C2CC(=O)NC(C)C(=O)N3CCCC3COc3ccccc3C(=O)N2)CC1,-6.854,training
CC1CN(C(=O)C2CC(=O)NC(C(C)C)C(=O)NC(Cc3ccccc3)COc3ccccc3C(=O)N2)CC(C)O1,-5.955,training
CC(=O)N1CCCN(C(=O)C2CCC(=O)NC(CC(C)C)C(=O)NC(C(C)C)C(=O)NC(C(C)C)COc3ccccc3C(=O)N2)CC1,-7.398,training
Cc1ccccc1OCCN(C)C(=O)C1CC(=O)NC(C(C)C)C(=O)N2CCCC2COc2ccccc2C(=O)N1,-5.526,training
CCN1CCN(C(=O)C2CCC(=O)NC(CC(C)C)C(=O)NC(C(C)C)COc3ccccc3C(=O)N2)CC1,-6.886,training
CC1COc2ccccc2C(=O)NC(C(=O)NCC(C)(C)c2ccc(F)cc2)CCC(=O)N2CCCC2C(=O)NC(C(C)C)C(=O)N1,-7.523,training
CC(C)CC1COc2ccccc2C(=O)NC(C(=O)NCC2(c3cccc(F)c3)CCOCC2)CC(=O)N2CCCC2C(=O)N1,-5.924,training
CC(C)CC1NC(=O)CCC(C(=O)N2CC(C)OC(C)C2)NC(=O)c2ccccc2OCC(C(C)C)NC1=O,-5.971,training
CC1COc2ccccc2C(=O)NC(C(=O)N2CCc3ccccc3CC2)CC(=O)NC2(CCCC2)C(=O)NC(C(C)C)C(=O)N1,-5.866,training
COCC1CCCN1C(=O)C1CC(=O)NC(C)C(=O)N2CCCC2COc2ccccc2C(=O)N1,-7.398,training
CCC(C)C1NC(=O)CC(C(=O)NC2CCC(O)CC2)NC(=O)c2ccccc2OCC(CC(C)C)NC1=O,-7.222,training
CC(C)CC1NC(=O)CCC(C(=O)N2CCC(Oc3ccc(F)cc3)CC2)NC(=O)c2ccccc2OCCNC1=O,-5.678,training
COCC1CCCN1C(=O)C1CCC(=O)N(C)CC(=O)NC(C(C)C)COc2ccccc2C(=O)N1,-5.77,training
COc1ccc(OCCNC(=O)C2CCC(=O)NC(CC(C)C)C(=O)NC(C(C)C)C(=O)NC(C(C)C)COc3ccccc3C(=O)N2)cc1,-8.0,training
CCN1CC(=O)NC(C(C)C)COc2ccccc2C(=O)NC(C(=O)N2CCCC2COC)CCC1=O,-5.469,training
COCC1CCCN1C(=O)C1CCC(=O)NC(Cc2ccccc2)C(=O)NC(C(C)C)COc2ccccc2C(=O)N1,-5.47,training
CC(C)C1COc2ccccc2C(=O)NC(C(=O)NCCc2ccc(F)cc2)CCC(=O)N2CCCC2C(=O)N1,-6.553,training
CC(C)CC1COc2ccccc2C(=O)NC(C(=O)NCCCN(C)C)CC(=O)NC(C(C)C)C(=O)N1,-6.824,training
CC1CN(C(=O)C2CC(=O)NC(C(C)O)C(=O)N3CCCC3COc3ccccc3C(=O)N2)CC(C)O1,-6.824,training
CCOc1ccc(CCCNC(=O)C2CC(=O)N3CCCC3C(=O)NC(CC(C)C)COc3ccccc3C(=O)N2)cc1OC,-6.208,training
CCC(C)C1NC(=O)CC(C(=O)NCC(O)c2ccccc2)NC(=O)c2ccccc2OCC(CC(C)C)NC1=O,-6.602,training
COCC1CCCN1C(=O)C1CC(=O)NC(C(C)O)C(=O)N2CCCC2COc2ccccc2C(=O)N1,-7.222,training
COc1cccc(CCCNC(=O)C2CC(=O)N3CCCC3C(=O)NC(CC(C)C)COc3ccccc3C(=O)N2)c1,-6.745,training
CC(C)C1NC(=O)CC(C(=O)N(C)CCOc2ccc(Cl)cc2)NC(=O)c2ccccc2OCC2CCCN2C1=O,-5.577,training
CCC(C)C1NC(=O)CC(C(=O)NCCOc2ccc(F)cc2)NC(=O)c2ccccc2OCC(CC(C)C)NC1=O,-5.924,training
CC(C)CC1COc2ccccc2C(=O)NC(C(=O)NCC2CC2)CC(=O)NC(C(C)C)C(=O)N1,-7.398,training
CC(C)CC1COc2ccccc2CCCCCC2(CCN(C(=O)CN3CCCCC3)CC2)C(=O)N1,-4.952,training
CC(C)CC1COc2ccccc2CCCCC2(CCNCC2)C(=O)N1,-5.936,training
CC(C)CCN1CCC2(CCCCc3ccccc3OCC(CC(C)C)NC2=O)CC1,-5.441,training
CCCCCN1CCC2(CCCCc3ccccc3OCC(CC(C)C)NC2=O)CC1,-5.503,training
CC(C)CC1COc2ccccc2CCCCC2(CCN(CCC(C)(C)C)CC2)C(=O)N1,-5.577,training
COc1ccc(CN2CCC3(CCCCc4ccccc4OCC(CC(C)C)NC3=O)CC2)cc1,-5.745,training
CC(C)CC1COc2ccccc2CCCCC2(CCN(CC(C)C)CC2)C(=O)N1,-5.801,training
CC(C)CC1COc2ccccc2CCCCC2(CCN(Cc3ccccc3)CC2)C(=O)N1,-5.987,training
CCOc1ccccc1CN1CCC2(CCCCc3ccccc3OCC(CC(C)C)NC2=O)CC1,-6.041,training
CCOc1ccc(CN2CCC3(CCCCc4ccccc4OCC(CC(C)C)NC3=O)CC2)cc1,-6.553,training
CC(C)CC1COc2ccccc2CCCCCC2(CCN(C(=O)c3cc[nH]n3)CC2)C(=O)N1,-5.745,training
COCCC(=O)N1CCC2(CCCCc3ccccc3OCC(C)NC2=O)CC1,-5.344,training
CC(C)CC1COc2ccccc2CCCCCC2(CCN(C(=O)c3ccnc(N)c3)CC2)C(=O)N1,-5.495,training
CC1COc2ccccc2CCCCC2(CCN(C(=O)c3ccc(Cl)cc3)CC2)C(=O)N1,-5.339,training
COCC(=O)N1CCC2(CCCCc3ccccc3OCC(C)NC2=O)CC1,-5.265,training
CC(C)CC1COc2ccccc2CCCCCC2(CCN(C(=O)c3cn(C)cn3)CC2)C(=O)N1,-5.405,training
CC1COc2ccccc2CCCCC2(CCN(C(=O)Cc3cn(C)c4ccccc34)CC2)C(=O)N1,-5.529,training
CC(C)CC1COc2ccccc2CCCCCC2(CCN(C(=O)c3csc(N)n3)CC2)C(=O)N1,-5.863,training
CC1COc2ccccc2CCCCC2(CCN(C(=O)c3ccncn3)CC2)C(=O)N1,-5.516,training
CC1COc2ccccc2CCCCC2(CCN(C(=O)COc3ccc(Cl)cc3)CC2)C(=O)N1,-5.299,training
CC(=O)N1CCC2(CCCCCc3ccccc3OCC(CC(C)C)NC2=O)CC1,-5.156,training
CC1COc2ccccc2CCCCC2(CCN(C(=O)c3cccc4[nH]ccc34)CC2)C(=O)N1,-5.75,training
CC(C)CC1COc2ccccc2CCCCCC2(CCN(C(=O)c3ncccn3)CC2)C(=O)N1,-5.159,training
CC(C)CC1COc2ccccc2CCCCCC2(CCN(C(=O)Cn3cccn3)CC2)C(=O)N1,-5.169,training
CC1COc2ccccc2CCCCC2(CCN(C(=O)C3Cc4ccccc4C3)CC2)C(=O)N1,-5.506,training
CC1COc2ccccc2CCCCC2(CCN(C(=O)c3n[nH]c4ccccc34)CC2)C(=O)N1,-5.947,training
Cc1cc(C(=O)N2CCC3(CCCCc4ccccc4OCC(C)NC3=O)CC2)nn1C,-5.457,training
CC1COc2ccccc2CCCCC2(CCN(C(=O)C3CCCCC3)CC2)C(=O)N1,-5.151,training
CC1COc2ccccc2CCCCC2(CCN(C(=O)c3ccccc3F)CC2)C(=O)N1,-5.115,training
Cc1noc(C)c1C(=O)N1CCC2(CCCCc3ccccc3OCC(C)NC2=O)CC1,-5.26,training
CC1COc2ccccc2CCCCC2(CCN(C(=O)c3ccc(C(F)(F)F)cc3)CC2)C(=O)N1,-5.759,training
CC1COc2ccccc2CCCCC2(CCN(C(=O)c3ccnn3C)CC2)C(=O)N1,-5.134,training
CC1COc2ccccc2CCCCC2(CCN(C(=O)Cc3cccnc3)CC2)C(=O)N1,-5.886,training
CC1COc2ccccc2CCCCC2(CCN(C(=O)CN3CCOCC3)CC2)C(=O)N1,-5.839,training
COc1ncccc1C(=O)N1CCC2(CCCCc3ccccc3OCC(C)NC2=O)CC1,-5.03,training
CCC(=O)N1CCC2(CCCCc3ccccc3OCC(C)NC2=O)CC1,-4.915,training
Cc1ncsc1C(=O)N1CCC2(CCCCc3ccccc3OCC(C)NC2=O)CC1,-4.899,training
CC1COc2ccccc2CCCCC2(CCN(C(=O)c3ccc4cc[nH]c4c3)CC2)C(=O)N1,-6.409,training
CC1COc2ccccc2CCCCC2(CCN(C(=O)c3cnc(N)s3)CC2)C(=O)N1,-5.208,training
CC1COc2ccccc2CCCCC2(CCN(C(=O)CCC(F)(F)F)CC2)C(=O)N1,-4.858,training
CC1COc2ccccc2CCCCC2(CCN(C(=O)c3nccnc3N)CC2)C(=O)N1,-5.328,training
COc1cc(C(=O)N2CCC3(CCCCc4ccccc4OCC(C)NC3=O)CC2)ccn1,-4.906,training
CC(C)CC1COc2ccccc2CCCCCC2(CCN(C(=O)c3ccc4[nH]cnc4c3)CC2)C(=O)N1,-6.409,training
CC(C)CC1COc2ccccc2CCCCCC2(CCN(C(=O)c3ccc(F)cc3)CC2)C(=O)N1,-6.222,training
CC(C)N1CCC(C(=O)N2CCC3(CCCCCCOc4ccccc4C(=O)NC3)CC2)CC1,-5.654,training
CC1CCN(CC(=O)N2CCC3(CCCCCOc4ccccc4C(=O)NC3)CC2)CC1,-5.173,training
CC1CCN(CC(=O)N2CCC3(CCCCCCOc4ccccc4C(=O)NC3)CC2)CC1,-5.114,training
O=C1NCC2(CCCCCOc3ccccc31)CCCN(C(=O)CN1CCCCCC1=O)C2,-5.664,training
Cc1nn(C)cc1C(=O)N1CCCC2(CCCCCOc3ccccc3C(=O)NC2)C1,-6.143,training
O=C1NCC2(CCCCCOc3ccccc31)CCCN(C(=O)CCc1ccc(F)cc1)C2,-5.577,training
CCc1noc(CCC(=O)N2CCC3(CCCCCCOc4ccccc4C(=O)NC3)CC2)n1,-5.253,training
CCn1nc(C(C)C)cc1C(=O)N1CCCC2(CCCCCOc3ccccc3C(=O)NC2)C1,-5.24,training
CC(C)c1cc(C(=O)N2CCC3(CCCCCOc4ccccc4C(=O)NC3)CC2)on1,-5.572,training
O=C1NCC2(CCCCCOc3ccccc31)CCN(C(=O)c1cncs1)CC2,-5.215,training
Cc1noc(C)c1CCC(=O)N1CCC2(CCCCCOc3ccccc3C(=O)NC2)CC1,-5.215,training
O=C1NCC2(CCCCCOc3ccccc31)CCCN(C(=O)COc1ccccc1F)C2,-5.411,training
O=C1NCC2(CCCCCOc3ccccc31)CCN(C(=O)CCCn1cccn1)CC2,-5.32,training
CCn1nc(C(=O)N2CCC3(CCCCCCOc4ccccc4C(=O)NC3)CC2)cc1C,-5.357,training
Cc1ccccc1CC(=O)N1CCCC2(CCCCCOc3ccccc3C(=O)NC2)C1,-5.399,training
O=C1NCC2(CCCCCOc3ccccc31)CCCN(C(=O)c1cccc(Cl)c1)C2,-5.633,training
Cc1n[nH]c(C)c1CCC(=O)N1CCC2(CCCCCOc3ccccc3C(=O)NC2)CC1,-5.921,training
CC(C)Cc1cc(C(=O)N2CCCC3(CCCCCOc4ccccc4C(=O)NC3)C2)n(C)n1,-5.327,training
CCn1nc(C(C)C)cc1C(=O)N1CCC2(CCCCCOc3ccccc3C(=O)NC2)CC1,-5.184,training
CN(C)CC(=O)N1CCC2(CCCCCOc3ccccc3C(=O)NC2)CC1,-6.046,training
Cc1nc(CC(=O)N2CCC3(CCCCCOc4ccccc4C(=O)NC3)CC2)cs1,-5.113,training
CC(C)Cc1cc(C(=O)N2CCC3(CCCCCOc4ccccc4C(=O)NC3)CC2)n(C)n1,-5.382,training
O=C1NCC2(CCCCCOc3ccccc31)CCCN(C(=O)c1cncnc1)C2,-5.815,training
COc1cccc(C(=O)N2CCCC3(CCCCCOc4ccccc4C(=O)NC3)C2)c1,-5.358,training
Cc1ncsc1C(=O)N1CCC2(CCCCCCOc3ccccc3C(=O)NC2)CC1,-5.141,training
O=C1NCC2(CCCCCOc3ccccc31)CCCN(C(=O)c1ccc(F)c(Cl)c1)C2,-5.521,training
COCc1cccc(C(=O)N2CCCC3(CCCCCOc4ccccc4C(=O)NC3)C2)c1,-5.274,training
CCn1cc(C(=O)N2CCC3(CCCCCCOc4ccccc4C(=O)NC3)CC2)cn1,-5.269,training
O=C1NCC2(CCCCCOc3ccccc31)CCCN(C(=O)Cc1ccc(F)cc1)C2,-5.513,training
Cc1ccnn1CCC(=O)N1CCC2(CCCCCCOc3ccccc3C(=O)NC2)CC1,-5.166,training
Cc1cc(C)n(CC(=O)N2CCCC3(CCCCCOc4ccccc4C(=O)NC3)C2)n1,-5.45,training
CCc1noc(C)c1C(=O)N1CCC2(CCCCCCOc3ccccc3C(=O)NC2)CC1,-5.348,training
O=C1NCC2(CCCCCCOc3ccccc31)CCN(C(=O)c1cncs1)CC2,-5.164,training
O=C1NCC2(CCCCCCOc3ccccc31)CCN(C(=O)Cn1ccc(C(F)(F)F)n1)CC2,-5.807,training
COCCC(=O)N1CCCC2(CCCCCOc3ccccc3C(=O)NC2)C1,-5.133,training
O=C1NCC2(CCCCCOc3ccccc31)CCCN(C(=O)c1cc(F)cc(F)c1)C2,-5.312,training
O=C1NCC2(CCCCCOc3ccccc31)CCCN(C(=O)c1c(F)cccc1F)C2,-5.216,training
CC(C)(C)c1cc(C(=O)N2CCCC3(CCCCCOc4ccccc4C(=O)NC3)C2)[nH]n1,-5.239,training
CCc1cc(C(=O)N2CCCC3(CCCCCOc4ccccc4C(=O)NC3)C2)on1,-5.119,training
O=C1NCC2(CCCCCOc3ccccc31)CCCN(C(=O)c1cnccn1)C2,-5.264,training
CS(=O)(=O)NCC(=O)N1CCC2(CCCCCCOc3ccccc3C(=O)NC2)CC1,-6.229,training
O=C1NCC2(CCCCCOc3ccccc31)CCN(C(=O)CC1CC1)CC2,-5.001,training
Cc1noc(C)c1C(=O)N1CCCC2(CCCCCOc3ccccc3C(=O)NC2)C1,-5.178,training
CC(C)c1cc(C(=O)N2CCCC3(CCCCCOc4ccccc4C(=O)NC3)C2)on1,-5.326,training
Cc1cc(C(=O)N2CCCC3(CCCCCOc4ccccc4C(=O)NC3)C2)no1,-5.038,training
Cc1ncsc1C(=O)N1CCCC2(CCCCCOc3ccccc3C(=O)NC2)C1,-5.239,training
Cc1nn(C)cc1C(=O)N1CCC2(CCCCCOc3ccccc3C(=O)NC2)CC1,-5.983,training
Cc1cnn(CC(=O)N2CCCC3(CCCCCOc4ccccc4C(=O)NC3)C2)c1,-5.19,training
Cc1nn(C)cc1C(=O)N1CCC2(CCCCCCOc3ccccc3C(=O)NC2)CC1,-5.312,training
Cc1onc(C(C)C)c1C(=O)N1CCCC2(CCCCCOc3ccccc3C(=O)NC2)C1,-5.137,training
CCc1noc(CCC(=O)N2CCC3(CCCCCOc4ccccc4C(=O)NC3)CC2)n1,-4.961,training
COC(C)(C)C(=O)N1CCC2(CCCCCOc3ccccc3C(=O)NC2)CC1,-4.945,training
O=C1NCC2(CCCCCOc3ccccc31)CCCN(C(=O)CC1CC1)C2,-4.851,training
CCn1nc(C(C)C)cc1C(=O)N1CCC2(CCCCCCOc3ccccc3C(=O)NC2)CC1,-6.108,training
CC(C)Cc1cc(C(=O)N2CCC3(CCCCCCOc4ccccc4C(=O)NC3)CC2)n(C)n1,-6.208,training
CC(C)CC1NC(=O)CCC(C(=O)N2CC(C)OC(C)C2)NC(=O)c2ccccc2OCCNC1=O,-6.745,training
COCC1CCCN1C(=O)C1CC(=O)NC(CC(C)C)C(=O)NCCCOc2ccccc2C(=O)N1,-6.538,training
COCC1CCCN1C(=O)C1CCC(=O)NC(C(C)C)C(=O)NCCCOc2ccccc2C(=O)N1,-6.62,training
CC1CN(C(=O)C2CC(=O)NC(C(C)O)C(=O)NCCCOc3ccccc3C(=O)N2)CC(C)O1,-7.301,training
CC(C)CC1NC(=O)CC(C(=O)N2CC(C)OC(C)C2)NC(=O)c2ccccc2OCCCNC1=O,-7.0,training
CC1CN(C(=O)C2CC(=O)NC(C(C)C)C(=O)NCCCOc3ccccc3C(=O)N2)CC(C)O1,-7.0,training
COCC1CCCN1C(=O)C1CC(=O)NC(C(C)O)C(=O)NCCCOc2ccccc2C(=O)N1,-6.602,training
CC(C)CC1NC(=O)CC(C(=O)N2CCCC2)NC(=O)c2ccccc2OCCNC1=O,-7.155,training
COc1cccc(CN2CCN(C(=O)C3CC(=O)NC(CC(C)C)C(=O)NCCOc4ccccc4C(=O)N3)CC2)c1,-7.046,training
COCC1CCCN1C(=O)C1CC(=O)NC(C(C)C)C(=O)NCCCOc2ccccc2C(=O)N1,-7.222,training
CC(C)C1NC(=O)CC(C(=O)N2CC(O)C2)NC(=O)c2ccccc2OCCNC1=O,-6.509,training
CC(C)CC1NC(=O)CC(C(=O)N2CCc3ccccc3CC2)NC(=O)c2ccccc2OCCCNC1=O,-5.668,training
CC(=O)N1CCCN(C(=O)C2CC(=O)NC(Cc3ccccc3)C(=O)NCCOc3ccccc3C(=O)N2)CC1,-7.699,training
CC1CN(C(=O)C2CC(=O)NC(C)C(=O)NCCCOc3ccccc3C(=O)N2)CC(C)O1,-7.523,training
CC(C)CC1NC(=O)CCC(C(=O)N2CCC(O)CC2)NC(=O)c2ccccc2OCCNC1=O,-8.0,training
CC1CN(C(=O)C2CC(=O)NC(CO)C(=O)NCCOc3ccccc3C(=O)N2)CC(C)O1,-8.0,training
CN1CCCN(C(=O)C2CC(=O)NC(Cc3ccccc3)C(=O)N(C)CCOc3ccccc3C(=O)N2)CC1,-6.959,training
CCC(C)C1NC(=O)CC(C(=O)N2CCCN(C)CC2)NC(=O)c2ccccc2OCCN(C)C1=O,-6.824,training
CN1CCCN(C(=O)C2CCC(=O)N3CCCC3C(=O)N(C)CCOc3ccccc3C(=O)N2)CC1,-6.469,training
CC(C)CC1NC(=O)CC(C(=O)N2CCCN(C)CC2)NC(=O)c2ccccc2OCCN(C)C1=O,-7.097,training
CC(C)CC1COc2ccccc2C(=O)NC(C(=O)N2CCCN(C)CC2)CC(=O)NC(C(C)C)C(=O)N1,-7.155,training
CC(C)C1NC(=O)CC(C(=O)N2CCCN(C)CC2)NC(=O)c2ccccc2OCCN(C)C1=O,-7.523,training
CC(C)CC1NC(=O)CCC(C(=O)N2CCCN(C)CC2)NC(=O)c2ccccc2OCCN(C)C1=O,-7.699,training
COCCN1CCN(C(=O)C2CCC(=O)N(C)CCOc3ccccc3C(=O)NCCCOc3ccccc3C(=O)N2)CC1,-6.796,training
CCN1CCN(C(=O)C2CC(=O)NC(C)C(=O)N(C)CCOc3ccccc3C(=O)N2)CC1,-6.569,training
CC1CN(C(=O)C2CC(=O)NC(C(C)C)C(=O)N(C)CCOc3ccccc3C(=O)N2)CC(C)O1,-6.585,training
CC(C)C1NC(=O)CC(C(=O)N2CCCC2CO)NC(=O)c2ccccc2OCCN(C)C1=O,-6.959,training
COCC1CCCN1C(=O)C1CC(=O)NC(C(C)O)C(=O)N(C)CCOc2ccccc2C(=O)N1,-6.745,training
CC(O)C1NC(=O)c2ccccc2OCCN(C)C(=O)C(Cc2ccccc2)NC1=O,-6.824,training
CC(C)CC1NC(=O)C(C(C)O)NC(=O)c2ccccc2OCCN(C)C1=O,-6.824,training
CC(C)CC1NC(=O)CC(C(=O)N2CCCC2CO)NC(=O)c2ccccc2OCCN(C)C1=O,-6.678,training
COCC1CCCN1C(=O)C1CCC(=O)N(C)CC(=O)N(C)CCOc2ccccc2C(=O)N1,-6.678,training
CCN1CCN(C(=O)C2CC(=O)NC(C(C)C)C(=O)NCCOc3ccccc3C(=O)N2)CC1,-6.62,training
CN1CCCCCCCCCCCOc2ccccc2C(=O)NC(C(=O)N2CCOCC2)CC1=O,-5.67,training
CCN1CCN(C(=O)C2CCC(=O)NC(CC(C)C)C(=O)NCCOc3ccccc3C(=O)N2)CC1,-6.886,training
CC1CN(C(=O)C2CC(=O)N3CCCC3C(=O)NCCOc3ccccc3C(=O)N2)CC(C)O1,-6.959,training
CCC(C)C1NC(=O)CC(C(=O)N2CCc3ccccc3CC2)NC(=O)c2ccccc2OCCNC1=O,-6.252,training
COCC1CCCN1C(=O)C1CC(=O)NC(CC(N)=O)C(=O)N(C)CCOc2ccccc2C(=O)N1,-7.097,training
CCCCN1CCOc2ccccc2C(=O)NC(C(=O)N2CCC(OC)CC2)CC(=O)NC(Cc2ccccc2)C1=O,-6.041,training
COCC1CCCN1C(=O)C1CC(=O)NCCCC(=O)N(C)CCOc2ccccc2C(=O)N1,-7.222,training
CCC(C)C1NC(=O)CC(C(=O)N2CCc3ccccc3CC2)NC(=O)c2ccccc2OCCN(C)C1=O,-5.674,training
CCCCN1CCOc2ccccc2C(=O)NC(C(=O)N2CCC(OC)CC2)CC(=O)NC(CC(C)C)C1=O,-5.951,training
CCC(C)C1NC(=O)CC(C(=O)N2CC(C)OC(C)C2)NC(=O)c2ccccc2OCCN(C)C1=O,-7.0,training
CN1CCOc2ccccc2C(=O)NC(C(=O)N2CCCC2CO)CC(=O)NC(CCC(N)=O)C1=O,-7.222,training
CC1NC(=O)CC(C(=O)N2CCc3ccccc3CC2)NC(=O)c2ccccc2OCCN(C)C1=O,-7.097,training
CN1CCOc2ccccc2C(=O)NC(C(=O)N2CCCC2CO)CC(=O)NC(Cc2ccccc2)C1=O,-7.699,training
CCN1CCN(C(=O)C2CC(=O)NC(Cc3ccccc3)C(=O)N(C)CCOc3ccccc3C(=O)N2)CC1,-7.222,training
COCC1CCCN1C(=O)C1CC(=O)NC2(CCCCC2)C(=O)NC(C(C)C)C(=O)NCCOc2ccccc2C(=O)N1,-6.638,training
CC(C)C1NC(=O)C(C(C)O)NC(=O)c2ccccc2OCCN(C)C1=O,-7.398,training
CN1CCOc2ccccc2C(=O)NC(C(=O)N2CCc3ccccc3CC2)CC(=O)NCCCC1=O,-6.921,training
CC1CN(C(=O)C2CC(=O)N(C)CC(=O)N(C)CCOc3ccccc3C(=O)N2)CC(C)O1,-7.222,training
O=C1CC(C(=O)N2CCc3ccccc3CC2)NC(=O)c2ccccc2OCCNC(=O)C(CO)N1,-7.699,training
CC(=O)N1CCCN(C(=O)C2CC(=O)N(C)CC(=O)N(C)CCOc3ccccc3C(=O)N2)CC1,-7.699,training
CC(C)C1NC(=O)C2(CCCCC2)NC(=O)CC(C(=O)N2CCc3ccccc3CC2)NC(=O)c2ccccc2OCCNC1=O,-5.67,training
CCCCN1CCOc2ccccc2C(=O)NC(C(=O)N2CCC(OCCC)CC2)CC(=O)NC(Cc2ccccc2)C1=O,-5.216,training
CCCCN1CCOc2ccccc2C(=O)NC(C(=O)N2CCC(N3CCOCC3)CC2)CC(=O)NC(CC(C)C)C1=O,-7.523,training
CCC(C)C1NC(=O)CCC(C(=O)N2CCN(CCOC)CC2)NC(=O)c2ccccc2OCCN(C)C1=O,-7.523,training
COCC1CCCN1C(=O)C1CCC(=O)NC(CC(C)C)C(=O)N(C)CCOc2ccccc2C(=O)N1,-6.824,training
CCCCN1CCOc2ccccc2C(=O)NC(C(=O)N2CCC(OCCC)CC2)CCC(=O)NC(CC(C)C)C1=O,-5.646,training
CC(C)C1NC(=O)CC(C(=O)N2CCc3ccccc3CC2)NC(=O)c2ccccc2OCCN(C)C1=O,-5.885,training
CC(C)CC1NC(=O)CC(C(=O)N2CC(C)OC(C)C2)NC(=O)c2ccccc2OCCN(C)C1=O,-7.072,training
CC(C)CC1NC(=O)CC(C(=O)N2CCc3ccccc3CC2)NC(=O)c2ccccc2OCCN(C)C1=O,-5.404,training
CN1CCOc2ccccc2C(=O)NC(C(=O)NC(CO)CO)CC(=O)NCCCC1=O,-7.699,training
CC1COc2ccc(Cl)cc2C(=O)NCCCCN(C(=O)CCN2CCCC2)CC(=O)N1,-6.367,training
CCN1CCN(CC(=O)N2CCCCNC(=O)c3cc(Cl)ccc3OCC(C(C)C)NC(=O)C2)CC1,-6.387,training
CC1CCN(CCC(=O)N2CCCCNC(=O)c3cc(Cl)ccc3OCC(C(C)C)NC(=O)C2)CC1,-6.77,training
CC(C)C1COc2ccc(Cl)cc2C(=O)NCCCCN(C(=O)C2CCN(C(C)C)CC2)CC(=O)N1,-6.538,training
CC(C)C1COc2ccc(Cl)cc2C(=O)NCCCCN(C(=O)CN(C)C2CCCC2)CC(=O)N1,-7.097,training
CC(C)C1COc2ccc(Cl)cc2C(=O)NCCCCN(C(=O)CCN2CCCCCC2)CC(=O)N1,-7.699,training
CC(C)C1COc2ccc(Cl)cc2C(=O)NCCCCN(C(=O)CCCCN)CC(=O)N1,-6.328,training
CC(C)C1COc2ccc(Cl)cc2C(=O)NCCCCN(C(=O)CCN2CCCC2=O)CC(=O)N1,-6.481,training
CC(C)C1COc2ccc(Cl)cc2C(=O)NCCCCN(C(=O)c2ccccc2Cl)CC(=O)N1,-5.975,training
CC(C)c1cc(C(=O)N2CCCCNC(=O)c3cc(Cl)ccc3OCC(C(C)C)NC(=O)C2)on1,-6.036,training
CC(C)C1COc2ccc(Cl)cc2C(=O)NCCCCN(C(=O)c2ccnn2C(C)C)CC(=O)N1,-6.481,training
CC(C)Cc1cc(C(=O)N2CCCCNC(=O)c3cc(Cl)ccc3OCC(C(C)C)NC(=O)C2)on1,-6.26,training
Cc1cc(C(=O)N2CCCCNC(=O)c3cc(Cl)ccc3OCC(C(C)C)NC(=O)C2)no1,-6.523,training
COc1ccc(C(=O)N2CCCCNC(=O)c3cc(Cl)ccc3OCC(C(C)C)NC(=O)C2)cc1,-6.357,training
Cc1onc(C(C)C)c1C(=O)N1CCCCNC(=O)c2cc(Cl)ccc2OCC(C(C)C)NC(=O)C1,-6.367,training
COc1ccccc1C(=O)N1CCCCNC(=O)c2cc(Cl)ccc2OCC(C(C)C)NC(=O)C1,-6.244,training
CC(C)C1COc2ccc(Cl)cc2C(=O)NCCCCN(C(=O)c2cc[nH]n2)CC(=O)N1,-6.854,training
CC(C)C1COc2ccc(Cl)cc2C(=O)NCCCCN(C(=O)Cc2ccc(F)cc2)CC(=O)N1,-6.097,training
CC(C)Cc1cc(C(=O)N2CCCCNC(=O)c3cc(Cl)ccc3OCC(C)NC(=O)C2)on1,-6.678,training
CC1COc2ccc(Cl)cc2C(=O)NCCCCN(C(=O)Cn2ccnc2)CC(=O)N1,-6.081,training
CCc1cc(C(=O)N2CCCCNC(=O)c3cc(Cl)ccc3OCC(C(C)C)NC(=O)C2)on1,-6.42,training
CC(C)CC1COc2ccc(Cl)cc2C(=O)NCCCCN(C(=O)c2ccc3nc[nH]c3c2)CC(=O)N1,-6.699,training
Cc1c(C(=O)N2CCCCNC(=O)c3cc(Cl)ccc3OCC(C(C)C)NC(=O)C2)c2ccccc2n1C,-5.676,training
Cc1cccc2nc(C(=O)N3CCCCNC(=O)c4cc(Cl)ccc4OCC(C(C)C)NC(=O)C3)cn12,-6.398,training
CCn1nc(C(C)C)cc1C(=O)N1CCCCNC(=O)c2cc(Cl)ccc2OCC(C)NC(=O)C1,-6.721,training
Cc1n[nH]c(C)c1CCC(=O)N1CCCCNC(=O)c2cc(Cl)ccc2OCC(C(C)C)NC(=O)C1,-6.638,training
CC1COc2ccc(Cl)cc2C(=O)NCCCCN(C(=O)CNS(C)(=O)=O)CC(=O)N1,-6.77,training
COCc1cccc(C(=O)N2CCCCNC(=O)c3cc(Cl)ccc3OCC(C(C)C)NC(=O)C2)c1,-6.328,training
COc1cc(OC)cc(C(=O)N2CCCCNC(=O)c3cc(Cl)ccc3OCC(C(C)C)NC(=O)C2)c1,-6.328,training
CC(C)C1COc2ccc(Cl)cc2C(=O)NCCCCN(C(=O)/C=C/c2ccccc2)CC(=O)N1,-5.65,training
Cc1ocnc1C(=O)N1CCCCNC(=O)c2cc(Cl)ccc2OCC(C(C)C)NC(=O)C1,-6.553,training
COc1cccc(C(=O)N2CCCCNC(=O)c3cc(Cl)ccc3OCC(C(C)C)NC(=O)C2)c1,-6.108,training
CC1COc2ccc(Cl)cc2C(=O)NCCCCN(C(=O)Cc2c(F)cccc2Cl)CC(=O)N1,-5.827,training
CC(C)C1COc2ccc(Cl)cc2C(=O)NCCCCN(C(=O)c2cccc(Cl)c2)CC(=O)N1,-5.886,training
Cc1n[nH]c(C)c1CCC(=O)N1CCCCNC(=O)c2cc(Cl)ccc2OCC(C)NC(=O)C1,-6.432,training
CCCc1cc(C(=O)N2CCCCNC(=O)c3cc(Cl)ccc3OCC(C)NC(=O)C2)no1,-6.208,training
CC(C)C1COc2ccc(Cl)cc2C(=O)NCCCCN(C(=O)c2nccc3ccccc23)CC(=O)N1,-5.975,training
Cc1noc(C)c1CCC(=O)N1CCCCNC(=O)c2cc(Cl)ccc2OCC(C(C)C)NC(=O)C1,-6.721,training
Cc1ccc(C(=O)N2CCCCNC(=O)c3cc(Cl)ccc3OCC(C)NC(=O)C2)cc1F,-6.585,training
Cc1c(CCC(=O)N2CCCCNC(=O)c3cc(Cl)ccc3OCC(C(C)C)NC(=O)C2)cnn1C,-6.658,training
CC(C)C1COc2ccc(Cl)cc2C(=O)NCCCCN(C(=O)c2cccc3cccnc23)CC(=O)N1,-6.432,training
CC(C)C1COc2ccc(Cl)cc2C(=O)NCCCCN(C(=O)c2ccc(F)c(Cl)c2)CC(=O)N1,-5.788,training
CCc1noc(CCC(=O)N2CCCCNC(=O)c3cc(Cl)ccc3OCC(C(C)C)NC(=O)C2)n1,-6.658,training
CC(C)c1nccn1CCC(=O)N1CCCCNC(=O)c2cc(Cl)ccc2OCC(C(C)C)NC(=O)C1,-6.796,training
CC(C)CC1COc2ccc(Cl)cc2C(=O)NCCCCN(C(=O)c2ccc(-n3ccnc3)nc2)CC(=O)N1,-6.745,training
CC1CCN(CC(=O)N2CCCCNC(=O)c3cc(Cl)ccc3OCC(C(C)C)NC(=O)C2)CC1,-6.523,training
CC(C)C1COc2ccc(Cl)cc2C(=O)NCCCCN(C(=O)Cc2cn(C)c3ccccc23)CC(=O)N1,-5.541,training
COc1ccccc1CC(=O)N1CCCCNC(=O)c2cc(Cl)ccc2OCC(C(C)C)NC(=O)C1,-5.541,training
Cc1nccc(C(=O)N2CCCCNC(=O)c3cc(Cl)ccc3OCC(C(C)C)NC(=O)C2)n1,-6.796,training
CC(C)C1COc2ccc(Cl)cc2C(=O)NCCCCN(C(=O)C2CCC(F)(F)CC2)CC(=O)N1,-6.796,training
CCn1nc(C(=O)N2CCCCNC(=O)c3cc(Cl)ccc3OCC(C(C)C)NC(=O)C2)cc1C,-6.854,training
CC(C)C1COc2ccc(Cl)cc2C(=O)NCCCCN(C(=O)c2cccc(-n3cnnc3)c2)CC(=O)N1,-7.301,training
Cc1ncc(C(=O)N2CCCCNC(=O)c3cc(Cl)ccc3OCC(C(C)C)NC(=O)C2)cn1,-7.046,training
CCCc1cc(C(=O)N2CCCCNC(=O)c3cc(Cl)ccc3OCC(C(C)C)NC(=O)C2)no1,-5.559,training
CC(C)C1COc2ccc(Cl)cc2C(=O)NCCCCN(C(=O)CCc2ccc(F)cc2)CC(=O)N1,-5.333,training
CC1COc2ccc(Cl)cc2C(=O)NCCCCN(C(=O)Cn2cccn2)CC(=O)N1,-7.301,training
CCc1noc(C)c1C(=O)N1CCCCNC(=O)c2cc(Cl)ccc2OCC(C)NC(=O)C1,-7.097,training
Cc1nc2ccc(C(=O)N3CCCCNC(=O)c4cc(Cl)ccc4OCC(C(C)C)NC(=O)C3)cc2[nH]1,-7.222,training
COC(C)(C)C(=O)N1CCCCNC(=O)c2cc(Cl)ccc2OCC(C(C)C)NC(=O)C1,-7.046,training
CC(C)C1COc2ccc(Cl)cc2C(=O)NCCCCN(C(=O)c2ccc3ccccc3n2)CC(=O)N1,-5.74,training
Cc1nc2ccc(C(=O)N3CCCCNC(=O)c4cc(Cl)ccc4OCC(CC(C)C)NC(=O)C3)cc2[nH]1,-7.222,training
CC(C)C1COc2ccc(Cl)cc2C(=O)NCCCCN(C(=O)c2n[nH]c3ccccc23)CC(=O)N1,-7.523,training
Cc1ccc(C(=O)N2CCCCNC(=O)c3cc(Cl)ccc3OCC(C(C)C)NC(=O)C2)cn1,-7.097,training
CCCn1cc(Cl)c(C(=O)N2CCCCNC(=O)c3cc(Cl)ccc3OCC(C)NC(=O)C2)n1,-7.155,training
CC(C)C1COc2ccc(Cl)cc2C(=O)NCCCCN(C(=O)c2ccc3[nH]nnc3c2)CC(=O)N1,-8.0,training
CC(C)C1COc2ccc(Cl)cc2C(=O)NCCCCN(C(=O)c2ccccn2)CC(=O)N1,-7.301,training
CC(C)C1COc2ccc(Cl)cc2C(=O)NCCCCN(C(=O)CC2CC2)CC(=O)N1,-6.4,training
CC(C)C1COc2ccc(Cl)cc2C(=O)NCCCCN(C(=O)c2ccc3c(c2)OCO3)CC(=O)N1,-6.523,training
CC(C)C1COc2ccc(Cl)cc2C(=O)NCCCCN(C(=O)c2ccc(F)cc2F)CC(=O)N1,-5.88,training
CC(C)C1COc2ccc(Cl)cc2C(=O)NCCCCN(C(=O)c2cc(F)cc(F)c2)CC(=O)N1,-6.072,training
COc1ccc(C(=O)N2CCCCNC(=O)c3cc(Cl)ccc3OCC(C(C)C)NC(=O)C2)cc1F,-6.488,training
CC(C)C1COc2ccc(Cl)cc2C(=O)NCCCCN(C(=O)c2c(F)cccc2F)CC(=O)N1,-5.57,training
CC(C)CC1COc2ccc(Cl)cc2C(=O)NCCCCN(C(=O)c2ccc(=O)n(CC(N)=O)c2)CC(=O)N1,-7.1,training
CC(C)CC1COc2ccc(Cl)cc2C(=O)NCCCCN(C(=O)CCN2CCCCC2)CC(=O)N1,-6.187,training
CC(C)CC1COc2ccc(Cl)cc2C(=O)NCCCCN(C(=O)CCN2CCC(C)CC2)CC(=O)N1,-6.26,training
CC(C)CC1COc2ccc(Cl)cc2C(=O)NCCCCN(C(=O)C2CCN(C(C)C)CC2)CC(=O)N1,-6.42,training
CCN1CCN(CC(=O)N2CCCCNC(=O)c3cc(Cl)ccc3OCC(CC(C)C)NC(=O)C2)CC1,-6.284,training
CC(C)CC1COc2ccc(Cl)cc2C(=O)NCCCCN(C(=O)CN2CCCCCC2=O)CC(=O)N1,-6.387,training
Cc1c(CCC(=O)N2CCCCNC(=O)c3cc(Cl)ccc3OCC(CC(C)C)NC(=O)C2)cnn1C,-6.252,training
CC(C)CC1COc2ccc(Cl)cc2C(=O)NCCCCN(C(=O)CCc2ccc(F)cc2)CC(=O)N1,-5.889,training
Cc1nn(C)c(C)c1CC(=O)N1CCCCNC(=O)c2cc(Cl)ccc2OCC(CC(C)C)NC(=O)C1,-6.602,training
CC(C)CC1COc2ccc(Cl)cc2C(=O)NCCCCN(C(=O)CNC(=O)OC(C)(C)C)CC(=O)N1,-6.409,training
CC(C)CC1COc2ccc(Cl)cc2C(=O)NCCCCN(C(=O)c2n[nH]c3c2CCCC3)CC(=O)N1,-7.046,training
CC(=O)N1CCC(C(=O)N2CCCCNC(=O)c3cc(Cl)ccc3OCC(CC(C)C)NC(=O)C2)CC1,-6.569,training
COc1ccc(C(=O)N2CCCCNC(=O)c3cc(Cl)ccc3OCC(CC(C)C)NC(=O)C2)cc1,-5.842,training
CC(C)CC1COc2ccc(Cl)cc2C(=O)NCCCCN(C(=O)CCn2ccnc2C(C)C)CC(=O)N1,-6.387,training
COc1cccc(CC(=O)N2CCCCNC(=O)c3cc(Cl)ccc3OCC(C(C)C)NC(=O)C2)c1,-6.027,training
Cc1nccc(C(=O)N2CCCCNC(=O)c3cc(Cl)ccc3OCC(CC(C)C)NC(=O)C2)n1,-6.721,training
CC(C)CC1COc2ccc(Cl)cc2C(=O)NCCCCN(C(=O)CCCn2cncn2)CC(=O)N1,-6.585,training
CC(C)CC1COc2ccc(Cl)cc2C(=O)NCCCCN(C(=O)c2cc[nH]n2)CC(=O)N1,-7.301,training
Cc1cc(C(=O)N2CCCCNC(=O)c3cc(Cl)ccc3OCC(CC(C)C)NC(=O)C2)no1,-5.939,training
CCCc1cc(C(=O)N2CCCCNC(=O)c3cc(Cl)ccc3OCC(CC(C)C)NC(=O)C2)no1,-5.682,training
CC(C)CC1COc2ccc(Cl)cc2C(=O)NCCCCN(C(=O)c2cnn3cccnc23)CC(=O)N1,-7.155,training
CC(C)CC1COc2ccc(Cl)cc2C(=O)NCCCCN(C(=O)c2cnc(C3CC3)nc2)CC(=O)N1,-6.886,training
CC(C)CC1COc2ccc(Cl)cc2C(=O)NCCCCN(C(=O)CN2CCC(C(N)=O)CC2)CC(=O)N1,-6.222,training
CC(C)C1COc2ccc(Cl)cc2C(=O)NCCCCN(C(=O)CCn2ccccc2=O)CC(=O)N1,-7.046,training
CC(C)CC1COc2ccc(Cl)cc2C(=O)NCCCCN(C(=O)c2cc(C(C)C)no2)CC(=O)N1,-5.77,training
CC(C)CC1COc2ccc(Cl)cc2C(=O)NCCCCN(C(=O)CCn2cnc3ccccc32)CC(=O)N1,-7.301,training
CC(C)CC1COc2ccc(Cl)cc2C(=O)NCCCCN(C(=O)Cn2ccnc2)CC(=O)N1,-7.097,training
CC(C)CC1COc2ccc(Cl)cc2C(=O)NCCCCN(C(=O)CN(C)C)CC(=O)N1,-7.0,training
CC(C)CC1COc2ccc(Cl)cc2C(=O)NCCCCN(C(=O)c2cccc(-n3cnnc3)c2)CC(=O)N1,-7.523,training
CC(C)CC1COc2ccc(Cl)cc2C(=O)NCCCCN(C(=O)CN(C)C2CCCC2)CC(=O)N1,-6.214,training
CC(C)CC1COc2ccc(Cl)cc2C(=O)NCCCCN(C(=O)CCCCN)CC(=O)N1,-6.023,training
Cc1noc(C)c1CCC(=O)N1CCCCNC(=O)c2cc(Cl)ccc2OCC(CC(C)C)NC(=O)C1,-6.312,training
CC(C)CC1COc2ccc(Cl)cc2C(=O)NCCCCN(C(=O)c2cnc(N(C)C)nc2)CC(=O)N1,-6.367,training
CC(C)CC1COc2ccc(Cl)cc2C(=O)NCCCCN(C(=O)c2ccnn2C(C)C)CC(=O)N1,-6.07,training
COc1ccc(C(=O)N2CCCCNC(=O)c3cc(Cl)ccc3OCC(CC(C)C)NC(=O)C2)cc1F,-6.14,training
CC(C)CC1COc2ccc(Cl)cc2C(=O)NCCCCN(C(=O)CN2CCC(C)CC2)CC(=O)N1,-5.896,training
Cc1n[nH]c(C)c1CCC(=O)N1CCCCNC(=O)c2cc(Cl)ccc2OCC(CC(C)C)NC(=O)C1,-6.512,training
CCn1nc(C(=O)N2CCCCNC(=O)c3cc(Cl)ccc3OCC(CC(C)C)NC(=O)C2)cc1C,-6.214,training
CC(C)CC1COc2ccc(Cl)cc2C(=O)NCCCCN(C(=O)c2cc(F)cc(F)c2)CC(=O)N1,-5.744,training
CC(C)CC1COc2ccc(Cl)cc2C(=O)NCCCCN(C(=O)CCCc2cn[nH]c2)CC(=O)N1,-6.878,training
CC(C)CC1COc2ccc(Cl)cc2C(=O)NCCCCN(C(=O)CCc2ccnn2C)CC(=O)N1,-6.61,training
CC(C)CC1COc2ccc(Cl)cc2C(=O)NCCCCN(C(=O)CCc2cnn(C)c2)CC(=O)N1,-6.71,training
Cc1nc2ccccn2c1CC(=O)N1CCCCNC(=O)c2cc(Cl)ccc2OCC(CC(C)C)NC(=O)C1,-6.466,training
CC(C)CC1COc2ccc(Cl)cc2C(=O)NCCCCN(C(=O)c2cccc3cccnc23)CC(=O)N1,-5.893,training
Cc1onc(C(C)C)c1C(=O)N1CCCCNC(=O)c2cc(Cl)ccc2OCC(CC(C)C)NC(=O)C1,-5.808,training
Cc1cccc(C(=O)N2CCCCNC(=O)c3cc(Cl)ccc3OCC(CC(C)C)NC(=O)C2)n1,-5.99,training
Cc1nc(CC(=O)N2CCCCNC(=O)c3cc(Cl)ccc3OCC(CC(C)C)NC(=O)C2)cs1,-6.58,training
CC(C)CC1COc2ccc(Cl)cc2C(=O)NCCCCN(C(=O)c2ccc3ncccc3c2)CC(=O)N1,-6.736,training
CC(C)CC1COc2ccc(Cl)cc2C(=O)NCCCCN(C(=O)CCN2CCCC2=O)CC(=O)N1,-6.62,training
CC(C)CC1COc2ccc(Cl)cc2C(=O)NCCCCN(C(=O)c2ccc3c(c2)OCO3)CC(=O)N1,-5.955,training
CCc1cc(C(=O)N2CCCCNC(=O)c3cc(Cl)ccc3OCC(CC(C)C)NC(=O)C2)on1,-6.058,training
CC(C)CC1COc2ccc(Cl)cc2C(=O)NCCCCN(C(=O)CC2CC2)CC(=O)N1,-5.704,training
CC(C)CC1COc2ccc(Cl)cc2C(=O)NCCCCN(C(=O)c2cc(C(C)(C)C)n[nH]2)CC(=O)N1,-6.984,training
CC(C)CC1COc2ccc(Cl)cc2C(=O)NCCCCN(C(=O)c2cccc3ncccc23)CC(=O)N1,-6.8,training
COc1cccc(C(=O)N2CCCCNC(=O)c3cc(Cl)ccc3OCC(CC(C)C)NC(=O)C2)c1,-5.844,training
CC(C)CC1COc2ccc(Cl)cc2C(=O)NCCCCN(C(=O)c2ccc(F)cc2F)CC(=O)N1,-5.522,training
Cc1ccc(C(=O)N2CCCCNC(=O)c3cc(Cl)ccc3OCC(CC(C)C)NC(=O)C2)cn1,-6.984,training
CC(C)CC1COc2ccc(Cl)cc2C(=O)NCCCCN(C(=O)c2c(F)cccc2F)CC(=O)N1,-5.302,training
Cc1nc2ccccc2n1CC(=O)N1CCCCNC(=O)c2cc(Cl)ccc2OCC(CC(C)C)NC(=O)C1,-7.038,training
O=C1CN(Cc2ccccc2)C(=O)CCC(C(=O)NCC2(c3cccc(F)c3)CCOCC2)NC(=O)c2ccccc2OCCN1,-6.432,training
CCN1CCCC1CNC(=O)C1CCC(=O)NC(Cc2ccccc2)C(=O)N(C)C(Cc2ccccc2)COc2ccccc2C(=O)N1,-6.77,training
CN1C(=O)C(Cc2ccc(O)cc2)NC(=O)CCC(C(=O)NCCN2CCCCCC2)NC(=O)c2ccccc2OCC1Cc1ccccc1,-6.77,training
CN1C(=O)C(CO)NC(=O)CCC(C(=O)NCCCN2CCCCCC2)NC(=O)c2ccccc2OCC1Cc1ccccc1,-6.886,training
CC1NC(=O)CC(C(=O)NCc2ccc(CN3CCCCC3)cc2)NC(=O)c2ccccc2OCC(Cc2ccccc2)N(C)C1=O,-7.097,training
CC1NC(=O)CCC(C(=O)N2CCCN(C)CC2)NC(=O)c2ccccc2OCC(Cc2ccccc2)N(C)C1=O,-6.699,training
CN(C)CCCNC(=O)C1CCC(=O)NC2(CC2)C(=O)N(C)C(Cc2ccccc2)COc2ccccc2C(=O)N1,-6.699,training
CN1C(=O)C(CCC(N)=O)NC(=O)CCC(C(=O)NCCN2CCCCCC2)NC(=O)c2ccccc2OCC1Cc1ccccc1,-7.222,training
CN1C(=O)C(CO)NC(=O)CCC(C(=O)NCCCCN2CCCC2)NC(=O)c2ccccc2OCC1Cc1ccccc1,-6.328,training
CN1CC(=O)N(C)C(Cc2ccccc2)COc2ccccc2C(=O)NC(C(=O)NCCCN2CCCCCC2)CCC1=O,-7.523,training
CN1C(=O)C(CCC(N)=O)NC(=O)CCC(C(=O)NCCN2CCCCC2)NC(=O)c2ccccc2OCC1Cc1ccccc1,-8.0,training
CN1CC(=O)N(C)C(Cc2ccccc2)COc2ccccc2C(=O)NC(C(=O)NCCN2CCCCC2)CCC1=O,-7.523,training
CN1CC(=O)N(C)C(Cc2ccccc2)COc2ccccc2C(=O)NC(C(=O)NCCCCN2CCCC2)CCC1=O,-8.0,training
CC(C)CC1NC(=O)CCC(C(=O)N2CCCN(C)CC2)NC(=O)c2ccccc2OCC(Cc2ccccc2)N(C)C1=O,-7.699,training
CC1NC(=O)CC(C)(C)NC(=O)CCC(C(=O)N(C)Cc2ccccc2N2CCOCC2)NC(=O)c2ccccc2OCC(Cc2ccccc2)N(C)C1=O,-6.699,training
CC1NC(=O)CC(C(=O)NCc2cccc(CN3CCCC3=O)c2)NC(=O)c2ccccc2OCC(Cc2ccccc2)N(C)C1=O,-6.699,training
CN1C(=O)C2(CC2)NC(=O)CCC(C(=O)NCc2cccc(CN3CCCC3=O)c2)NC(=O)c2ccccc2OCC1Cc1ccccc1,-6.523,training
CN1C(=O)C2(CC2)NC(=O)CCC(C(=O)NCCN2CCCC2=O)NC(=O)c2ccccc2OCC1Cc1ccccc1,-6.796,training
COCC1CCCN1C(=O)C1CCC(=O)NC(CC(C)C)C(=O)N(C)C(Cc2ccccc2)COc2ccccc2C(=O)N1,-6.328,training
CN1C(=O)C(CCC(N)=O)NC(=O)CCC(C(=O)NCC2CC2)NC(=O)c2ccccc2OCC1Cc1ccccc1,-6.921,training
CN1C(=O)C(CO)NC(=O)CCC(C(=O)NCC(C)(C)c2ccc(F)cc2)NC(=O)c2ccccc2OCC1Cc1ccccc1,-6.921,training
CN1C(=O)C(CCC(N)=O)NC(=O)CCC(C(=O)NCc2cccc(CN3CCCC3=O)c2)NC(=O)c2ccccc2OCC1Cc1ccccc1,-7.097,training
CN1C(=O)C2(CC2)NC(=O)CCC(C(=O)N2CCCC2CO)NC(=O)c2ccccc2OCC1Cc1ccccc1,-6.959,training
COCC1CCCN1C(=O)C1CCC(=O)NC(C(C)C)C(=O)N(C)C(Cc2ccccc2)COc2ccccc2C(=O)N1,-6.509,training
CN1C(=O)C2(CC2)NC(=O)CCC(C(=O)NCCc2ccc(F)cc2)NC(=O)c2ccccc2OCC1Cc1ccccc1,-6.745,training
CC(C)C1NC(=O)CCC(C(=O)NCC2CC2)NC(=O)c2ccccc2OCC(Cc2ccccc2)N(C)C1=O,-6.638,training
CN1CC(=O)N(C)C(Cc2ccccc2)COc2ccccc2C(=O)NC(C(=O)NCC2CC2)CCC1=O,-6.854,training
CN1C(=O)C(CO)NC(=O)CCC(C(=O)NCC2(c3cccc(F)c3)CCOCC2)NC(=O)c2ccccc2OCC1Cc1ccccc1,-7.523,training
CN1C(=O)C(CCC(N)=O)NC(=O)CCC(C(=O)NCc2cccc(CN3CCOCC3)c2)NC(=O)c2ccccc2OCC1Cc1ccccc1,-6.796,training
CN1C(=O)C2(CC2)NC(=O)CCC(C(=O)NCC2(c3cccc(F)c3)CCOCC2)NC(=O)c2ccccc2OCC1Cc1ccccc1,-7.046,training
CN1C(=O)C2(CC2)NC(=O)CCC(C(=O)NCc2ccc(CN3CCOCC3)cc2)NC(=O)c2ccccc2OCC1Cc1ccccc1,-7.155,training
CCN1CCN(C(=O)C2CCC(=O)NC(CCC(N)=O)C(=O)N(C)C(Cc3ccccc3)COc3ccccc3C(=O)N2)CC1,-6.276,training
CC(C)CC1NC(=O)CCC(C(=O)N2CC(C)OC(C)C2)NC(=O)c2ccccc2OCC(Cc2ccccc2)N(C)C1=O,-6.538,training
CC1NC(=O)C2(CCCC2)NC(=O)CCC(C(=O)NCc2cccc(CN3CCOCC3)c2)NC(=O)c2ccccc2OCC(Cc2ccccc2)N(C)C1=O,-7.222,training
COCCN1CCN(C(=O)C2CCC(=O)NC(C(C)C)C(=O)N(C)C(Cc3ccccc3)COc3ccccc3C(=O)N2)CC1,-6.824,training
CC1NC(=O)C2(CCCC2)NC(=O)CCC(C(=O)N(C)Cc2ccccc2N2CCOCC2)NC(=O)c2ccccc2OCC(Cc2ccccc2)N(C)C1=O,-5.951,training
CC1CN(C(=O)C2CCC(=O)NC(C(C)C)C(=O)N(C)C(Cc3ccccc3)COc3ccccc3C(=O)N2)CC(C)O1,-6.77,training
CC1NC(=O)CCC(C(=O)NCC2(c3cccc(F)c3)CCOCC2)NC(=O)c2ccccc2OCC(Cc2ccccc2)N(C)C1=O,-7.301,training
CN1C(=O)CCC(C(=O)NCCc2cnccn2)NC(=O)c2ccccc2OCCCNC(=O)c2ccccc2OCC1Cc1ccccc1,-7.523,training
CC1CN(C(=O)C2CCC(=O)NC(C)C(=O)N(C)C(Cc3ccccc3)COc3ccccc3C(=O)N2)CC(C)O1,-7.222,training
CN1C(=O)C2(CC2)NC(=O)CCC(C(=O)NCCN2CCNC2=O)NC(=O)c2ccccc2OCC1Cc1ccccc1,-7.222,training
CC1NC(=O)CC(C(=O)NCC2(c3cccc(F)c3)CCOCC2)NC(=O)c2ccccc2OCC(Cc2ccccc2)N(C)C1=O,-6.854,training
COCC1CCCN1C(=O)C1CCC(=O)NC2(CC2)C(=O)N(C)C(Cc2ccccc2)COc2ccccc2C(=O)N1,-6.921,training
CN1CC(=O)N(C)C(Cc2ccccc2)COc2ccccc2C(=O)NC(C(=O)NCCc2cnccn2)CCC1=O,-7.523,training
COCCN1CCN(C(=O)C2CCC(=O)N(C)CC(=O)N(C)C(Cc3ccccc3)COc3ccccc3C(=O)N2)CC1,-7.699,training
CCN1CCN(C(=O)C2CC(=O)NC(C)C(=O)N(C)C(Cc3ccccc3)COc3ccccc3C(=O)N2)CC1,-7.699,training
COCC1CCCN1C(=O)C1CC(=O)NC(CO)C(=O)NC(Cc2ccccc2)COc2ccccc2C(=O)N1,-6.77,training
O=C1CC(C(=O)NCC2(c3cccc(F)c3)CCOCC2)NC(=O)c2ccccc2OCC(Cc2ccccc2)NC(=O)C(CO)N1,-6.721,training
CC(C)C1COc2ccccc2C(=O)NC(C(=O)NCC2(c3cccc(F)c3)CCOCC2)CCC(=O)N(Cc2ccccc2)CC(=O)N1,-5.91,training
COCC1CCCN1C(=O)C1CC(=O)NC(C)(C)C(=O)NC(Cc2ccccc2)COc2ccccc2C(=O)N1,-7.155,training
O=C1CCC(C(=O)NCC2(c3cccc(F)c3)CCOCC2)NC(=O)c2ccccc2OCCCNC(=O)c2ccccc2OCC(Cc2ccccc2)N1,-6.824,training
O=C(CN1CCOC2(C/C=C/Cc3ccccc3OCCNC2=O)C1)NCc1ccccn1,-6.009,training
Cn1ccc(NC(=O)CN2CCOC3(C/C=C/Cc4ccccc4OCCNC3=O)C2)n1,-6.102,training
CCc1nc2ccccc2n1CC(=O)N1CCOC2(C/C=C/Cc3ccccc3OCCNC2=O)C1,-6.097,training
Cc1cc2nc(C)n(CC(=O)N3CCOC4(C/C=C/Cc5ccccc5OCCNC4=O)C3)c2cc1C,-6.229,training
CC(C)N(Cc1ccccc1)C(=O)CN1CCOC2(C/C=C/Cc3ccccc3OCCNC2=O)C1,-5.6,training
Cn1c(COCC(=O)N2CCOC3(C/C=C/Cc4ccccc4OCCNC3=O)C2)nc2ccccc21,-6.174,training
CNC(=O)CN1CCOC2(C/C=C/Cc3ccccc3OCCNC2=O)C1,-5.917,training
O=C(CN1CCOC2(C/C=C/Cc3ccccc3OCCNC2=O)C1)N1CCC(Cc2ccccc2)CC1,-5.824,training
CCOC(=O)c1cccc(NC(=O)CN2CCOC3(C/C=C/Cc4ccccc4OCCNC3=O)C2)c1,-6.137,training
O=C(CN1CCOC2(C/C=C/Cc3ccccc3OCCNC2=O)C1)N1CCOCC1,-5.764,training
O=C(CN1CCOC2(C/C=C/Cc3ccccc3OCCNC2=O)C1)Nc1cccc(F)c1,-5.706,training
Cc1nn(Cc2ccccc2)c(C)c1NC(=O)CN1CCOC2(C/C=C/Cc3ccccc3OCCNC2=O)C1,-5.588,training
O=C(CN1CCOC2(C/C=C/Cc3ccccc3OCCNC2=O)C1)N1CCN(c2ccccc2F)CC1,-5.324,training
CCN(CC)C(=O)CN1CCOC2(C/C=C/Cc3ccccc3OCCNC2=O)C1,-5.407,training
COc1ccccc1N1CCN(C(=O)CN2CCOC3(C/C=C/Cc4ccccc4OCCNC3=O)C2)CC1,-5.19,training
CC1(NC(=O)CN2CCOC3(C/C=C/Cc4ccccc4OCCNC3=O)C2)CCS(=O)(=O)C1,-6.102,training
O=C(Cc1c[nH]c(=O)[nH]c1=O)N1CCOC2(C/C=C/Cc3ccccc3OCCNC2=O)C1,-7.523,training
Cc1ccc(F)c(NC(=O)CN2CCOC3(C/C=C/Cc4ccccc4OCCNC3=O)C2)c1,-5.616,training
COCc1nnc(NC(=O)CN2CCOC3(C/C=C/Cc4ccccc4OCCNC3=O)C2)s1,-5.747,training
CCc1ccccc1NC(=O)CN1CCOC2(C/C=C/Cc3ccccc3OCCNC2=O)C1,-5.373,training
Cc1cccc(NC(=O)CCCC(=O)N2CCOC3(C/C=C/Cc4ccccc4OCCNC3=O)C2)n1,-5.936,training
CCC1CCCCN1C(=O)CN1CCOC2(C/C=C/Cc3ccccc3OCCNC2=O)C1,-5.089,training
O=C(CN1CCOC2(C/C=C/Cc3ccccc3OCCNC2=O)C1)NCCc1ccccc1,-5.344,training
O=C(CN1CCOC2(C/C=C/Cc3ccccc3OCCNC2=O)C1)Nc1ccc(F)cc1,-5.484,training
O=C(CN1CCOC2(C/C=C/Cc3ccccc3OCCNC2=O)C1)NCCOc1ccccc1,-5.415,training
O=C(Cn1ccc(=O)[nH]c1=O)N1CCOC2(C/C=C/Cc3ccccc3OCCNC2=O)C1,-7.046,training
O=C(c1cc(=O)[nH]c(=O)[nH]1)N1CCOC2(C/C=C/Cc3ccccc3OCCNC2=O)C1,-7.398,training
Cc1cccc(C)c1NC(=O)CN1CCOC2(C/C=C/Cc3ccccc3OCCNC2=O)C1,-5.277,training
O=C(CN1CCOC2(C/C=C/Cc3ccccc3OCCNC2=O)C1)Nc1ccccc1C(F)(F)F,-5.762,training
O=C(CN1CCOC2(C/C=C/Cc3ccccc3OCCNC2=O)C1)NCc1ccc(F)cc1,-5.287,training
COc1ccc(NC(=O)CN2CCOC3(C/C=C/Cc4ccccc4OCCNC3=O)C2)cc1,-5.432,training
O=C(CN1CCOC2(C/C=C/Cc3ccccc3OCCNC2=O)C1)NC1CCCCC1,-5.162,training
Cc1nc(C)c(CC(=O)N2CCOC3(C/C=C/Cc4ccccc4OCCNC3=O)C2)c(O)n1,-7.523,training
COC(=O)C1CCN(C(=O)CN2CCOC3(C/C=C/Cc4ccccc4OCCNC3=O)C2)CC1,-5.485,training
Cc1nc(NC(=O)CN2CCOC3(C/C=C/Cc4ccccc4OCCNC3=O)C2)sc1C,-5.253,training
O=C(CN1CCOC2(C/C=C/Cc3ccccc3OCCNC2=O)C1)Nc1ccc2c(c1)OCCO2,-5.556,training
Cc1nc2ccc(NC(=O)CN3CCOC4(C/C=C/Cc5ccccc5OCCNC4=O)C3)cc2[nH]1,-7.398,training
CC(C)c1nnc(NC(=O)CN2CCOC3(C/C=C/Cc4ccccc4OCCNC3=O)C2)s1,-5.099,training
O=C(CN1CCOC2(C/C=C/Cc3ccccc3OCCNC2=O)C1)NC1CCSC1=O,-5.32,training
CC1CCCC(C)N1C(=O)CN1CCOC2(C/C=C/Cc3ccccc3OCCNC2=O)C1,-5.17,training
O=C(CN1CCOC2(C/C=C/Cc3ccccc3OCCNC2=O)C1)Nc1ccc2c(c1)OCO2,-5.412,training
CCn1c(=O)n(CC)c2cc(NC(=O)CN3CCOC4(C/C=C/Cc5ccccc5OCCNC4=O)C3)ccc21,-5.322,training
O=C(CN1CCOC2(C/C=C/Cc3ccccc3OCCNC2=O)C1)Nc1ccnn1C1CCCC1,-5.133,training
CCn1cc(NC(=O)CN2CCOC3(C/C=C/Cc4ccccc4OCCNC3=O)C2)c(C)n1,-5.32,training
Cc1nonc1NC(=O)CN1CCOC2(C/C=C/Cc3ccccc3OCCNC2=O)C1,-5.24,training
CC(C)n1nccc1NC(=O)CN1CCOC2(C/C=C/Cc3ccccc3OCCNC2=O)C1,-4.998,training
O=C1CN(C(=O)CCN2CCCC2)CCCCNC(=O)c2cc(Cl)ccc2OCC(Cc2ccccc2)N1,-6.77,training
O=C1CN(C(=O)c2ccccc2C(F)(F)F)CCCCNC(=O)c2cc(Cl)ccc2OCC(Cc2ccccc2)N1,-6.18,training
COC(C)(C)C(=O)N1CCCCNC(=O)c2cc(Cl)ccc2OCC(Cc2ccccc2)NC(=O)C1,-5.879,training
CC(=O)N1CCC(C(=O)N2CCCCNC(=O)c3cc(Cl)ccc3OCC(Cc3ccccc3)NC(=O)C2)CC1,-6.208,training
CC(C)Cc1cc(C(=O)N2CCCCNC(=O)c3cc(Cl)ccc3OCC(Cc3ccccc3)NC(=O)C2)n(C)n1,-6.119,training
Cc1cccc(C(=O)N2CCCCNC(=O)c3cc(Cl)ccc3OCC(Cc3ccccc3)NC(=O)C2)c1,-5.907,training
CC(C)CC1COc2ccc(Cl)cc2C(=O)NCCCCN(C(=O)Cc2cn(C)c3ccccc23)CC(=O)N1,-6.114,training
CC(=O)NCC(=O)N1CCCCNC(=O)c2cc(Cl)ccc2OCC(Cc2ccccc2)NC(=O)C1,-6.456,training
CC(C)CC1COc2ccc(Cl)cc2C(=O)NCCCCN(C(=O)Cc2cccc(Cl)c2)CC(=O)N1,-6.222,training
Cc1ccc(C(=O)N2CCCCNC(=O)c3cc(Cl)ccc3OCC(Cc3ccccc3)NC(=O)C2)cc1F,-6.208,training
CCCn1cc(Cl)c(C(=O)N2CCCCNC(=O)c3cc(Cl)ccc3OCC(Cc3ccccc3)NC(=O)C2)n1,-5.83,training
CCn1nc(C(C)C)cc1C(=O)N1CCCCNC(=O)c2cc(Cl)ccc2OCC(Cc2ccccc2)NC(=O)C1,-6.229,training
CC(C)CC1COc2ccc(Cl)cc2C(=O)NCCCCN(C(=O)c2cccc(Cl)c2)CC(=O)N1,-5.652,training
CC(C)C1COc2ccc(Cl)cc2C(=O)NCCCCN(C(=O)Cc2cccc(Cl)c2)CC(=O)N1,-5.588,training
CC(C)C1COc2ccc(Cl)cc2C(=O)NCCCCN(C(=O)Cc2cccc(F)c2)CC(=O)N1,-5.818,training
Cc1cccnc1C(=O)N1CCCCNC(=O)c2cc(Cl)ccc2OCC(Cc2ccccc2)NC(=O)C1,-6.444,training
O=C1CN(C(=O)C2CCC(F)(F)CC2)CCCCNC(=O)c2cc(Cl)ccc2OCC(Cc2ccccc2)N1,-6.585,training
O=C1CN(C(=O)c2ncccn2)CCCCNC(=O)c2cc(Cl)ccc2OCC(Cc2ccccc2)N1,-6.796,training
CC(C)C1COc2ccc(Cl)cc2C(=O)NCCCCN(C(=O)CCc2ccccc2)CC(=O)N1,-5.411,training
CC(C)n1nccc1C(=O)N1CCCCNC(=O)c2cc(Cl)ccc2OCC(Cc2ccccc2)NC(=O)C1,-6.62,training
O=C1CN(C(=O)Cc2c(F)cccc2Cl)CCCCNC(=O)c2cc(Cl)ccc2OCC(Cc2ccccc2)N1,-6.658,training
COCCC(=O)N1CCCCNC(=O)c2cc(Cl)ccc2OCC(Cc2ccccc2)NC(=O)C1,-6.77,training
Cc1ncsc1C(=O)N1CCCCNC(=O)c2cc(Cl)ccc2OCC(Cc2ccccc2)NC(=O)C1,-7.097,training
CC(C)(C)OC(=O)N1CCC(C(=O)N2CCCCNC(=O)c3cc(Cl)ccc3OCC(Cc3ccccc3)NC(=O)C2)CC1,-7.097,training
O=C1CN(C(=O)c2cccnn2)CCCCNC(=O)c2cc(Cl)ccc2OCC(Cc2ccccc2)N1,-7.523,training
O=C1CN(C(=O)C2CCOCC2)CCCCNC(=O)c2cc(Cl)ccc2OCC(Cc2ccccc2)N1,-7.046,training
Cc1ccc(C(=O)N2CCCCNC(=O)c3cc(Cl)ccc3OCC(Cc3ccccc3)NC(=O)C2)c(=O)n1C,-7.222,training
O=C1CN(C(=O)c2ccncn2)CCCCNC(=O)c2cc(Cl)ccc2OCC(Cc2ccccc2)N1,-7.523,training
Cc1nc(CC(=O)N2CCCCNC(=O)c3cc(Cl)ccc3OCC(Cc3ccccc3)NC(=O)C2)cs1,-7.097,training
CS(=O)(=O)NCC(=O)N1CCCCNC(=O)c2cc(Cl)ccc2OCC(Cc2ccccc2)NC(=O)C1,-7.699,training
O=C1CN(C(=O)CN2CCCC2)CCCCNC(=O)c2cc(Cl)ccc2OCC(Cc2ccccc2)N1,-7.301,training
COCc1cccc(C(=O)N2CCCCNC(=O)c3cc(Cl)ccc3OCC(Cc3ccccc3)NC(=O)C2)c1,-6.246,training
Cc1ccccc1C(=O)N1CCCCNC(=O)c2cc(Cl)ccc2OCC(Cc2ccccc2)NC(=O)C1,-5.78,training
CC(C)CC1COc2ccc(Cl)cc2C(=O)NCCCCN(C(=O)c2ccccn2)CC(=O)N1,-6.306,training
CC(C)CC1COc2ccc(Cl)cc2C(=O)NCCCCN(C(=O)c2ccccc2Cl)CC(=O)N1,-5.784,training
CC(C)CC1COc2ccc(Cl)cc2C(=O)NCCCCN(C(=O)Cc2cccnc2)CC(=O)N1,-6.492,training
COc1ccccc1C(=O)N1CCCCNC(=O)c2cc(Cl)ccc2OCC(CC(C)C)NC(=O)C1,-5.67,training
CC(C)CC1COc2ccc(Cl)cc2C(=O)NCCCCN(C(=O)c2ccc3ccccc3n2)CC(=O)N1,-5.764,training
Cc1ccnn1CCC(=O)N1CCCCNC(=O)c2cc(Cl)ccc2OCC(Cc2ccccc2)NC(=O)C1,-6.854,training
Cc1ocnc1C(=O)N1CCCCNC(=O)c2cc(Cl)ccc2OCC(Cc2ccccc2)NC(=O)C1,-6.0,training
CC(C)CC1COc2ccc(Cl)cc2C(=O)NCCCCN(C(=O)CCn2ccccc2=O)CC(=O)N1,-6.99,training
CC(C)CC1COc2ccc(Cl)cc2C(=O)NCCCCN(C(=O)c2nccc3ccccc23)CC(=O)N1,-5.639,training
CC(C)CC1COc2ccc(Cl)cc2C(=O)NCCCCN(C(=O)CCc2ccccc2)CC(=O)N1,-5.408,training
CC(C)CC1COc2ccc(Cl)cc2C(=O)NCCCCN(C(=O)Cc2cccc(F)c2)CC(=O)N1,-5.49,training
COc1cccc(CC(=O)N2CCCCNC(=O)c3cc(Cl)ccc3OCC(CC(C)C)NC(=O)C2)c1,-5.55,training
COc1ccccc1CC(=O)N1CCCCNC(=O)c2cc(Cl)ccc2OCC(CC(C)C)NC(=O)C1,-5.42,training
CNC(=O)C12CCCCN(C(=O)CN3CCCCC3)CCOc3ccccc3C(=O)N(CC1)CC2,-6.62,training
CNC(=O)C12CCCCN(C(=O)CN3CCN(C)CC3)CCOc3ccccc3C(=O)N(CC1)CC2,-7.0,training
CNC(=O)C12CCCCN(C(=O)c3ccc4cc[nH]c4c3)CCOc3ccccc3C(=O)N(CC1)CC2,-6.469,training
CNC(=O)C12CCCCN(C(=O)c3cccnc3N)CCOc3ccccc3C(=O)N(CC1)CC2,-6.959,training
CNC(=O)C12CCCCN(C(=O)c3n[nH]c4ccccc34)CCOc3ccccc3C(=O)N(CC1)CC2,-6.721,training
CNC(=O)C12CCCCN(C(=O)c3ccnc(O)c3)CCOc3ccccc3C(=O)N(CC1)CC2,-6.959,training
CNC(=O)C12CCCCN(C(=O)c3csc(N)n3)CCOc3ccccc3C(=O)N(CC1)CC2,-7.398,training
CNC(=O)C12CCCCN(C(=O)c3cccc(N)n3)CCOc3ccccc3C(=O)N(CC1)CC2,-7.398,training
CNC(=O)C12CCCCN(C(=O)c3ccc4[nH]cnc4c3)CCOc3ccccc3C(=O)N(CC1)CC2,-7.046,training
CNC(=O)C12CCCCN(C(=O)CCC(F)(F)F)CCOc3ccccc3C(=O)N(CC1)CC2,-6.721,training
CNC(=O)C12CCCCN(C(=O)CCc3ccccc3Cl)CCOc3ccccc3C(=O)N(CC1)CC2,-6.229,training
CNC(=O)C12CCCCN(C(=O)c3ccc(C(F)(F)F)cc3)CCOc3ccccc3C(=O)N(CC1)CC2,-6.398,training
CNC(=O)C12CCCCN(C(=O)c3ccc(OC)nc3)CCOc3ccccc3C(=O)N(CC1)CC2,-6.495,training
CNC(=O)C12CCCCN(C(=O)CCOC)CCOc3ccccc3C(=O)N(CC1)CC2,-6.721,training
CNC(=O)C12CCCCN(C(=O)c3cnc[nH]3)CCOc3ccccc3C(=O)N(CC1)CC2,-6.921,training
CNC(=O)C12CCCCN(C(=O)c3cc(S(N)(=O)=O)ccc3OC)CCOc3ccccc3C(=O)N(CC1)CC2,-7.523,training
CNC(=O)C12CCCCN(C(=O)c3ccc(Cl)cn3)CCOc3ccccc3C(=O)N(CC1)CC2,-6.678,training
CNC(=O)C12CCCCN(C(=O)c3ccc4[nH]nnc4c3)CCOc3ccccc3C(=O)N(CC1)CC2,-7.097,training
CNC(=O)C12CCCCN(C(=O)Cc3ccc(Cl)cc3)CCOc3ccccc3C(=O)N(CC1)CC2,-6.319,training
CNC(=O)C12CCCCN(C(=O)c3ccnc(N)c3)CCOc3ccccc3C(=O)N(CC1)CC2,-7.398,training
CNC(=O)C12CCCCN(C(=O)Cn3ccnc3)CCOc3ccccc3C(=O)N(CC1)CC2,-6.796,training
CNC(=O)C12CCCCN(C(=O)c3cn(C)c4ccccc34)CCOc3ccccc3C(=O)N(CC1)CC2,-6.699,training
CNC(=O)C12CCCCN(C(=O)CC3CCCC3)CCOc3ccccc3C(=O)N(CC1)CC2,-6.409,training
CNC(=O)C12CCCCN(C(=O)CCC3CCCC3)CCOc3ccccc3C(=O)N(CC1)CC2,-6.26,training
CNC(=O)C12CCCCN(C(=O)c3cccc4cc[nH]c34)CCOc3ccccc3C(=O)N(CC1)CC2,-6.745,training
CNC(=O)C12CCCCN(C(=O)c3cc(C)n[nH]3)CCOc3ccccc3C(=O)N(CC1)CC2,-7.222,training
CNC(=O)C12CCCCN(C(=O)CN3CCOCC3)CCOc3ccccc3C(=O)N(CC1)CC2,-6.553,training
CNC(=O)C12CCCCN(C(=O)C3Cc4ccccc4C3)CCOc3ccccc3C(=O)N(CC1)CC2,-6.456,training
CNC(=O)C12CCCCN(C(=O)CN(C)C)CCOc3ccccc3C(=O)N(CC1)CC2,-6.796,training
CNC(=O)C12CCCCN(C(=O)c3cccc(OC)n3)CCOc3ccccc3C(=O)N(CC1)CC2,-7.046,training
CNC(=O)C12CCCCN(C(=O)CCc3ccc(Cl)cc3)CCOc3ccccc3C(=O)N(CC1)CC2,-6.337,training
CNC(=O)C12CCCCN(C(=O)CC(C)C)CCOc3ccccc3C(=O)N(CC1)CC2,-6.538,training
CNC(=O)C12CCCCN(C(=O)COc3cccc(Cl)c3)CCOc3ccccc3C(=O)N(CC1)CC2,-6.31,training
CNC(=O)C12CCCCN(C(=O)C3CCC3)CCOc3ccccc3C(=O)N(CC1)CC2,-6.62,training
CNC(=O)C12CCCCN(C(=O)c3cscn3)CCOc3ccccc3C(=O)N(CC1)CC2,-7.155,training
CNC(=O)C12CCCCN(C(=O)CC(C)(C)C)CCOc3ccccc3C(=O)N(CC1)CC2,-6.509,training
CNC(=O)C12CCCCN(C(=O)CCc3ccccc3OC)CCOc3ccccc3C(=O)N(CC1)CC2,-6.959,training
CNC(=O)C12CCCCN(C(=O)c3c(C)noc3C)CCOc3ccccc3C(=O)N(CC1)CC2,-7.398,training
CNC(=O)C12CCCCN(C(=O)c3ccc(F)cc3)CCOc3ccccc3C(=O)N(CC1)CC2,-6.921,training
CNC(=O)C12CCCCN(C(=O)c3ccc(Cl)cc3)CCOc3ccccc3C(=O)N(CC1)CC2,-6.745,training
CNC(=O)C12CCCCN(C(=O)c3cccc(F)c3)CCOc3ccccc3C(=O)N(CC1)CC2,-6.959,training
CNC(=O)C12CCCCN(C(=O)C3CCCCC3)CCOc3ccccc3C(=O)N(CC1)CC2,-6.658,training
CNC(=O)C12CCCCN(C(=O)Cc3cn(C)c4ccccc34)CCOc3ccccc3C(=O)N(CC1)CC2,-7.0,training
CNC(=O)C12CCCCN(C(=O)c3ccc(C)cc3)CCOc3ccccc3C(=O)N(CC1)CC2,-6.921,training
CNC(=O)C12CCCCN(C(=O)COc3ccc(Cl)cc3)CCOc3ccccc3C(=O)N(CC1)CC2,-6.796,training
CNC(=O)C12CCCCN(C(=O)c3cccc(N(C)C)c3)CCOc3ccccc3C(=O)N(CC1)CC2,-7.0,training
O=C(CN1CCOC2(CCCCc3ccccc3OCCNC2=O)C1)N1CCN(c2ccc(F)cc2)CC1,-5.449,training
O=C(CN1CCOC2(CCCCc3ccccc3OCCNC2=O)C1)N1CCN(C(=O)c2ccco2)CC1,-6.638,training
O=C(CN1CCOC2(CCCCc3ccccc3OCCNC2=O)C1)N1CCC(Cc2ccccc2)CC1,-5.86,training
Cc1ccc(C)c(NC(=O)CN2CCOC3(CCCCc4ccccc4OCCNC3=O)C2)c1,-5.706,training
O=C(CN1CCOC2(CCCCc3ccccc3OCCNC2=O)C1)NCCc1ccccc1,-5.539,training
CC(C)N(Cc1ccccc1)C(=O)CN1CCOC2(CCCCc3ccccc3OCCNC2=O)C1,-5.47,training
CCN(C(=O)CN1CCOC2(CCCCc3ccccc3OCCNC2=O)C1)C1CCS(=O)(=O)C1,-6.469,training
O=C(CN1CCOC2(CCCCc3ccccc3OCCNC2=O)C1)Nc1nncs1,-6.041,training
COc1ccc(C)c(NC(=O)CN2CCOC3(CCCCc4ccccc4OCCNC3=O)C2)c1,-5.733,training
O=C(CN1CCOC2(CCCCc3ccccc3OCCNC2=O)C1)Nc1ccc(F)cc1,-5.666,training
O=C(CN1CCOC2(CCCCc3ccccc3OCCNC2=O)C1)Nc1ccccc1C(F)(F)F,-5.939,training
Cc1nn(Cc2ccccc2)c(C)c1NC(=O)CN1CCOC2(CCCCc3ccccc3OCCNC2=O)C1,-5.499,training
Cn1ccc(NC(=O)CN2CCOC3(CCCCc4ccccc4OCCNC3=O)C2)n1,-6.071,training
COCc1nnc(NC(=O)CN2CCOC3(CCCCc4ccccc4OCCNC3=O)C2)s1,-5.714,training
CCOC(=O)CNC(=O)CN1CCOC2(CCCCc3ccccc3OCCNC2=O)C1,-5.556,training
Cc1nc(NC(=O)CN2CCOC3(CCCCc4ccccc4OCCNC3=O)C2)sc1C,-5.387,training
O=C(CN1CCOC2(CCCCc3ccccc3OCCNC2=O)C1)Nc1ccccc1OC(F)F,-5.676,training
O=C(CN1CCOC2(CCCCc3ccccc3OCCNC2=O)C1)Nc1ccc2nc(O)oc2c1,-7.699,training
O=C(CN1CCOC2(CCCCc3ccccc3OCCNC2=O)C1)Nc1nnc(C2CCC2)s1,-5.424,training
Cn1cc(NC(=O)CN2CCOC3(CCCCc4ccccc4OCCNC3=O)C2)cn1,-5.535,training
Cc1nn(C)cc1NC(=O)CN1CCOC2(CCCCc3ccccc3OCCNC2=O)C1,-5.678,training
O=C(CN1CCOC2(CCCCc3ccccc3OCCNC2=O)C1)Nc1ccc2c(c1)OCCO2,-5.57,training
O=C(CN1CCOC2(CCCCc3ccccc3OCCNC2=O)C1)Nc1ccc2c(c1)OCO2,-5.602,training
CCCNC(=O)CN1CCOC2(CCCCc3ccccc3OCCNC2=O)C1,-5.152,training
COc1ccc(NC(C)=O)c(NC(=O)CN2CCOC3(CCCCc4ccccc4OCCNC3=O)C2)c1,-5.9,training
O=C(CN1CCOC2(CCCCc3ccccc3OCCNC2=O)C1)NC1CCSC1=O,-5.481,training
CCn1cc(NC(=O)CN2CCOC3(CCCCc4ccccc4OCCNC3=O)C2)c(C)n1,-5.328,training
CCn1c(=O)n(CC)c2cc(NC(=O)CN3CCOC4(CCCCc5ccccc5OCCNC4=O)C3)ccc21,-5.341,training
CC(=O)Nc1ccc(NC(=O)CN2CCOC3(CCCCc4ccccc4OCCNC3=O)C2)cc1,-7.523,training
COC(=O)Cc1cnc(NC(=O)CN2CCOC3(CCCCc4ccccc4OCCNC3=O)C2)s1,-5.334,training
O=C(CN1CCOC2(CCCCc3ccccc3OCCNC2=O)C1)NCc1ccc2c(c1)OCO2,-5.1,training
CC(C)N1CCC(CCNC(=O)C2CC(=O)NC(Cc3cnc[nH]3)C(=O)NC(Cc3ccccc3)C(=O)NCCCOc3ccccc3C(=O)N2)CC1,-8.0,training
CN(C)CCCCNC(=O)C1CC(=O)N2CCCC2C(=O)NCCCOc2ccccc2C(=O)N1,-7.0,training
O=C1CC(C(=O)NCCCCN2CCCC2)NC(=O)c2ccccc2OCCNC(=O)C(CO)N1,-7.097,training
CCC(C)C1NC(=O)CC(C(=O)NCCCN(C)C)NC(=O)c2ccccc2OCCNC1=O,-7.222,training
CC(O)C1NC(=O)CC(C(=O)NCCN2CCCCCC2)NC(=O)c2ccccc2OCCCNC1=O,-7.097,training
CC(C)CC1NC(=O)CC(C(=O)NCCCCN(C)C)NC(=O)c2ccccc2OCCCNC1=O,-6.553,training
O=C1CC(C(=O)NCCCCN2CCCC2)NC(=O)c2ccccc2OCCNC(=O)C(Cc2ccccc2)N1,-6.886,training
CC(C)CC1NC(=O)CC(C(=O)NCCCN(C)C)NC(=O)c2ccccc2OCCCNC1=O,-7.155,training
CCN1CCCC1CNC(=O)C1CC(=O)NC(Cc2ccccc2)C(=O)NCCOc2ccccc2C(=O)N1,-7.523,training
CCN1CCCC1CNC(=O)C1CC(=O)NC(CC(C)C)C(=O)NCCCOc2ccccc2C(=O)N1,-7.155,training
CC(C)C1NC(=O)C(Cc2ccc(O)cc2)NC(=O)CC(C(=O)NCCN2CCCCCC2)NC(=O)c2ccccc2OCCNC1=O,-7.523,training
CC(C)CC1NC(=O)CC(C(=O)NCCc2cnccn2)NC(=O)c2ccccc2OCCCNC1=O,-7.0,training
CC(C)CC1NC(=O)CC(C(=O)NCCCn2ccc(C(F)(F)F)n2)NC(=O)c2ccccc2OCCCNC1=O,-7.398,training
COCCCNC(=O)C1CC(=O)NC(CC(C)C)C(=O)NCCCOc2ccccc2C(=O)N1,-7.097,training
CC(C)CNC(=O)C1CC(=O)NC(CC(C)C)C(=O)NCCOc2ccccc2C(=O)N1,-6.745,training
COc1ccc(OCCCNC(=O)C2CC(=O)NC(C(C)C)C(=O)NCCCOc3ccccc3C(=O)N2)cc1,-6.569,training
CCC(C)C1NC(=O)CC(C(=O)NCC(O)c2ccccc2)NC(=O)c2ccccc2OCCNC1=O,-7.222,training
CC(C)CC1NC(=O)CC(C(=O)NCCc2ccc3c(c2)OCCO3)NC(=O)c2ccccc2OCCCNC1=O,-6.959,training
CC(O)C1NC(=O)CC(C(=O)NCCc2ccc3c(c2)OCCO3)NC(=O)c2ccccc2OCCCNC1=O,-7.222,training
Cc1cccc(CCNC(=O)C2CC(=O)NC(CC(C)C)C(=O)NCCOc3ccccc3C(=O)N2)c1,-6.658,training
CC(C)CC1NC(=O)CC(C(=O)NCC2(c3cccc(F)c3)CCOCC2)NC(=O)c2ccccc2OCCCNC1=O,-6.523,training
CC(C)CC1NC(=O)CC(C(=O)NCCOc2ccc(F)cc2)NC(=O)c2ccccc2OCCCNC1=O,-7.301,training
COc1ccc(CCCNC(=O)C2CC(=O)NC(CC(C)C)C(=O)NCCCOc3ccccc3C(=O)N2)cc1OC,-6.824,training
CC(C)CC1NC(=O)CC(C(=O)NCC(O)CO)NC(=O)c2ccccc2OCCCNC1=O,-7.222,training
O=C1CC(C(=O)NCCN2CCOCC2)NC(=O)c2ccccc2OCCNC(=O)C(Cc2ccccc2)N1,-6.921,training
CC(C)CC1NC(=O)CCC(C(=O)NCCc2ccccn2)NC(=O)c2ccccc2OCCNC1=O,-7.301,training
COc1cccc(CCCNC(=O)C2CC(=O)NC(C(C)C)C(=O)NCCCOc3ccccc3C(=O)N2)c1,-7.097,training
COc1ccc(OCCNC(=O)C2CC(=O)NC(C(C)O)C(=O)NCCCOc3ccccc3C(=O)N2)cc1,-7.222,training
CC(C)CC1NC(=O)CC(C(=O)NCCCN2CCCC2=O)NC(=O)c2ccccc2OCCCNC1=O,-7.523,training
CC(O)C1NC(=O)CC(C(=O)NCC2CC2)NC(=O)c2ccccc2OCCCNC1=O,-7.523,training
Cc1ccccc1CNC(=O)C1CC(=O)NC(CC(C)C)C(=O)NCCOc2ccccc2C(=O)N1,-6.854,training
CC(O)C1NC(=O)CC(C(=O)NCCCc2ccccc2)NC(=O)c2ccccc2OCCCNC1=O,-7.222,training
CC(C)CC1NC(=O)CCC(C(=O)NCCCc2ccccc2)NC(=O)c2ccccc2OCCNC1=O,-7.097,training
COc1ccc(CCNC(=O)C2CC(=O)NC(CC(C)C)C(=O)NCCCOc3ccccc3C(=O)N2)cc1,-7.523,training
CC(O)C1NC(=O)CC(C(=O)NCCOc2ccc(F)cc2)NC(=O)c2ccccc2OCCCNC1=O,-6.553,training
CC(O)C1NC(=O)CC(C(=O)NC(CO)CO)NC(=O)c2ccccc2OCCCNC1=O,-7.523,training
CC(C)CC1NC(=O)CC(C(=O)NCCCN2CCOCC2)NC(=O)c2ccccc2OCCCNC1=O,-7.699,training
CC(C)CC1NC(=O)CC(C(=O)NCCc2ccccc2)NC(=O)c2ccccc2OCCNC1=O,-5.851,training
COc1ccc(OCCNC(=O)C2CC(=O)NC(CC(C)C)C(=O)NCCCOc3ccccc3C(=O)N2)cc1,-7.699,training
Cc1nn(C)c(C)c1CCNC(=O)C1CC(=O)NC(C)C(=O)NCCCOc2ccccc2C(=O)N1,-8.0,training
Cc1ccccc1CNC(=O)C1CC(=O)NC(C(C)C)C(=O)NCCOc2ccccc2C(=O)N1,-7.097,training
Cc1ccccc1CCNC(=O)C1CC(=O)NC(C(C)C)C(=O)NCCOc2ccccc2C(=O)N1,-7.301,training
CC(O)C1NC(=O)CC(C(=O)NCC2(c3cccc(F)c3)CCOCC2)NC(=O)c2ccccc2OCCCNC1=O,-6.357,training
COc1ccc(OCCCNC(=O)C2CC(=O)NC(CC(C)C)C(=O)NCCCOc3ccccc3C(=O)N2)cc1,-8.0,training
COc1ccc(CCNC(=O)C2CC(=O)NC(C(C)O)C(=O)NCCCOc3ccccc3C(=O)N2)cc1,-6.143,training
CC(O)C1NC(=O)CC(C(=O)NCCCn2ccc(C(F)(F)F)n2)NC(=O)c2ccccc2OCCCNC1=O,-6.678,training
COc1ccc(OCCNC(=O)C2CC(=O)NC(C(C)C)C(=O)NCCCOc3ccccc3C(=O)N2)cc1,-8.0,training
CC(C)CC1NC(=O)CCC(C(=O)NCC(O)c2ccccc2)NC(=O)c2ccccc2OCCNC1=O,-8.0,training
CN(C)CCCNC(=O)C1CC(=O)N2CCCC2C(=O)NCCCOc2ccccc2C(=O)N1,-7.611,training
Cc1ccccc1CCNC(=O)C1CC(=O)NC(CC(C)C)C(=O)NCCOc2ccccc2C(=O)N1,-6.62,training
Cc1nccn1CCNC(=O)C1CC(=O)NC(C(C)C)C(=O)NCCOc2ccccc2C(=O)N1,-6.416,training
CN(C)CCCNC(=O)C1CC(=O)NC(CO)C(=O)NCCOc2ccccc2C(=O)N1,-7.398,training
CN(C)CCCCNC(=O)C1CC(=O)NC(Cc2ccccc2)C(=O)NCCOc2ccccc2C(=O)N1,-7.699,training
O=C1CC(C(=O)NCCCc2ccccc2)NC(=O)c2ccccc2OCCNC(=O)C(CO)N1,-6.959,training
O=C1CC(C(=O)NCCOc2ccc(F)cc2)NC(=O)c2ccccc2OCCNC(=O)C(CO)N1,-7.523,training
O=C1CC(C(=O)NCCc2ccc(F)cc2)NC(=O)c2ccccc2OCCNC(=O)C(CO)N1,-7.222,training
CCOc1ccc(CCCNC(=O)C2CC(=O)NC(CO)C(=O)NCCOc3ccccc3C(=O)N2)cc1OC,-7.155,training
COc1ccc(CCCNC(=O)C2CC(=O)NC(CO)C(=O)NCCOc3ccccc3C(=O)N2)cc1OC,-7.222,training
CCOc1ccc(CCCNC(=O)C2CC(=O)NC(C(C)C)C(=O)NCCCOc3ccccc3C(=O)N2)cc1OC,-7.155,training
O=C1CC(C(=O)NCC2(c3cccc(F)c3)CCOCC2)NC(=O)c2ccccc2OCCNC(=O)C(CO)N1,-7.0,training
O=C1CC(C(=O)NCCOc2ccc(Cl)cc2)NC(=O)c2ccccc2OCCNC(=O)C(CO)N1,-7.699,training
COc1ccc(CCCNC(=O)C2CC(=O)NC(C)C(=O)NCCCOc3ccccc3C(=O)N2)cc1OC,-7.222,training
COc1ccc(OCCNC(=O)C2CC(=O)NC(CO)C(=O)NCCOc3ccccc3C(=O)N2)cc1,-7.0,training
Cc1csc(CCCNC(=O)C2CC(=O)NC(CO)C(=O)NCCOc3ccccc3C(=O)N2)n1,-8.0,training
COc1ccc(OCCNC(=O)C2CC(=O)NC(Cc3ccc(O)cc3)C(=O)NCCOc3ccccc3C(=O)N2)cc1,-7.155,training
CC(C)C1NC(=O)C(CC(N)=O)NC(=O)CC(C(=O)NCCc2ccccn2)NC(=O)c2ccccc2OCCNC1=O,-7.523,training
O=C1CC(C(=O)NCCN2CCOCC2)NC(=O)c2ccccc2OCCNC(=O)C(Cc2c[nH]cn2)N1,-6.745,training
CCN1CCOc2ccccc2C(=O)NC(C(=O)NCCc2ccc(F)cc2)CC(=O)N(Cc2ccccc2)CC1=O,-6.18,training
CN1CCOc2ccccc2C(=O)NC(C(=O)NCc2ccc(CN3CCCC3=O)cc2)CCC(=O)N2CCCC2C1=O,-6.276,training
CN1CCOc2ccccc2C(=O)NC(C(=O)NCc2cccc(CN3CCCC3=O)c2)CCC(=O)N2CCCC2C1=O,-6.036,training
CCN1CCOc2ccccc2C(=O)NC(C(=O)NCC(C)(C)c2ccc(F)cc2)CC(=O)N(Cc2ccccc2)CC1=O,-5.5,training
CC1NC(=O)CCC(C(=O)NCc2cccc(CN3CCCC3=O)c2)NC(=O)c2ccccc2OCCN(C)C1=O,-7.699,training
CCCCN1CCOc2ccccc2C(=O)NC(C(=O)NC2CCCOC2)CC(=O)NC(Cc2ccccc2)C1=O,-6.481,training
CCCCN1CCOc2ccccc2C(=O)NC(C(=O)NC2CCOCC2)CC(=O)NC(CC(C)C)C1=O,-6.066,training
CCCCN1CCOc2ccccc2C(=O)NC(C(=O)NC2CCCOC2)CC(=O)NC(CC(C)C)C1=O,-6.237,training
CCCCN1CCOc2ccccc2C(=O)NC(C(=O)NCc2ccc(COCC3CCCO3)cc2)CC(=O)NC(CC(C)C)C1=O,-6.013,training
CCCCN1CCOc2ccccc2C(=O)NC(C(=O)NCC2CCCO2)CCC(=O)NC(CC(C)C)C1=O,-6.745,training
CCCCN1CCOc2ccccc2C(=O)NC(C(=O)NCc2ccc(C(=O)N(C)C3CCOCC3)cc2)CC(=O)NC(CC(C)C)C1=O,-7.301,training
CCCCN1CCOc2ccccc2C(=O)NC(C(=O)NCCOCC2CCCO2)CCC(=O)NC(CC(C)C)C1=O,-7.046,training
CCCCN1CCOc2ccccc2C(=O)NC(C(=O)NCC2COCCO2)CCC(=O)NC(CC(C)C)C1=O,-7.398,training
COc1ccccc1OCCN(C)C(=O)C1CCC(=O)NC(CC(C)C)C(=O)N(C)CCOc2ccccc2C(=O)N1,-6.906,training
CN1CCOc2ccccc2C(=O)NC(C(=O)NCCN2CCCCCC2)CCC(=O)N2CCCC2C1=O,-6.959,training
CN(C)CCCNC(=O)C1CCC(=O)N2CCCC2C(=O)N(C)CCOc2ccccc2C(=O)N1,-6.222,training
CN(C)CCCCNC(=O)C1CC(=O)N(C)CC(=O)N(C)CCOc2ccccc2C(=O)N1,-6.409,training
CCN1CCOc2ccccc2C(=O)NC(C(=O)NCCCc2ccccc2)CC(=O)N(Cc2ccccc2)CC1=O,-6.347,training
COc1cccc(CCCNC(=O)C2CCC(=O)NC(C(C)C)C(=O)N(C)CCOc3ccccc3C(=O)N2)c1,-6.509,training
CN1CCOc2ccccc2C(=O)NC(C(=O)NCCN2CCNC2=O)CCC(=O)N2CCCC2C1=O,-6.678,training
CN1CCOc2ccccc2C(=O)NC(C(=O)NCCc2cnccn2)CCC(=O)N2CCCC2C1=O,-6.699,training
CN1CCOc2ccccc2C(=O)NC(C(=O)NCCc2ccccn2)CCC(=O)N2CCCC2C1=O,-6.432,training
Cc1csc(CCCNC(=O)C2CCC(=O)NC(Cc3ccc(O)cc3)C(=O)N(C)CCOc3ccccc3C(=O)N2)n1,-7.523,training
CCC(C)C1NC(=O)CCC(C(=O)NCCc2ccc(F)cc2)NC(=O)c2ccccc2OCCN(C)C1=O,-6.854,training
CN1CCOc2ccccc2C(=O)NC(C(=O)NCC(O)CO)CC(=O)NCCCC1=O,-7.222,training
CN1CCOc2ccccc2C(=O)NC(C(=O)NCCCc2ccccc2)CCC(=O)N(C)CC1=O,-6.62,training
CCOCCCNC(=O)C1CC(=O)N(C)CCCCCCCCCCCOc2ccccc2C(=O)N1,-6.125,training
CCC(C)C1NC(=O)CC(C(=O)NCC2(c3cccc(F)c3)CCOCC2)NC(=O)c2ccccc2OCCN(C)C1=O,-6.456,training
CN1CCOc2ccccc2C(=O)NC(C(=O)NCCc2ccc(F)cc2)CC(=O)NCCC1=O,-7.046,training
CN1CCOc2ccccc2C(=O)NC(C(=O)NCC(C)(C)c2ccc(F)cc2)CCC(=O)NC(CO)C1=O,-7.046,training
CN1CCOc2ccccc2C(=O)NC(C(=O)NCCC(c2ccccc2)c2ccccc2)CCC(=O)NC(Cc2ccc(O)cc2)C1=O,-6.638,training
CN1CCOc2ccccc2C(=O)NC(C(=O)NCC2(c3cccc(F)c3)CCOCC2)CC(=O)NC(Cc2ccccc2)C1=O,-6.237,training
CN1CCOc2ccccc2C(=O)NC(C(=O)NCc2ccc(CN3CCCC3=O)cc2)CC(=O)NC(CC(N)=O)C1=O,-7.398,training
CN1CCOc2ccccc2C(=O)NC(C(=O)NCCC(c2ccccc2)c2ccccc2)CCC(=O)NC(Cc2ccccc2)C1=O,-6.523,training
Cc1ccc(OCCNC(=O)C2CCC(=O)NC(Cc3ccc(O)cc3)C(=O)N(C)CCOc3ccccc3C(=O)N2)cc1,-6.886,training
Cc1ccc(OCCNC(=O)C2CCC(=O)NC(Cc3ccccc3)C(=O)N(C)CCOc3ccccc3C(=O)N2)c(C)c1,-6.921,training
CN1CCOc2ccccc2C(=O)NC(C(=O)NCC(C)(C)c2ccc(F)cc2)CCC(=O)NC(Cc2ccc(O)cc2)C1=O,-6.602,training
COCCCNC(=O)C1CCC(=O)N2CCCC2C(=O)N(C)CCOc2ccccc2C(=O)N1,-7.046,training
CN1CCOc2ccccc2C(=O)NC(C(=O)NCC(C)(C)c2ccc(F)cc2)CC(=O)NCCC1=O,-6.886,training
Cc1nn(C)c(C)c1CCNC(=O)C1CC(=O)NCCC(=O)N(C)CCOc2ccccc2C(=O)N1,-7.398,training
CC1NC(=O)CC(C(=O)NCCCn2ccc(C(F)(F)F)n2)NC(=O)c2ccccc2OCCN(C)C1=O,-6.745,training
CN1CCOc2ccccc2C(=O)NC(C(=O)NCCc2ccc(F)cc2)CC(=O)NCCCC1=O,-6.886,training
Cc1csc(CCCNC(=O)C2CC(=O)NC(C)C(=O)N(C)CCOc3ccccc3C(=O)N2)n1,-7.699,training
CCOCCNC(=O)C1CC(=O)NCCCC(=O)N(C)CCOc2ccccc2C(=O)N1,-7.699,training
Cc1nn(C)c(C)c1CCNC(=O)C1CCC(=O)NC(C(C)C)C(=O)N(C)CCOc2ccccc2C(=O)N1,-7.097,training
CN1CCOc2ccccc2C(=O)NC(C(=O)NCCCn2ccc(C(F)(F)F)n2)CCC(=O)N2CCCC2C1=O,-7.301,training
CCC(C)C1NC(=O)CCC(C(=O)NCCCc2nc(C)cs2)NC(=O)c2ccccc2OCCN(C)C1=O,-7.398,training
CCC(C)C1NC(=O)CCC(C(=O)NCCc2c(C)nn(C)c2C)NC(=O)c2ccccc2OCCN(C)C1=O,-7.699,training
CC(C)C1NC(=O)CCC(C(=O)NCC(C)(C)c2ccc(F)cc2)NC(=O)c2ccccc2OCCN(C)C1=O,-7.301,training
CC(C)C1NC(=O)CCC(C(=O)NCCc2ccc(F)cc2)NC(=O)c2ccccc2OCCN(C)C1=O,-7.523,training
CC(C)C1NC(=O)CC(C(=O)NCC2(c3cccc(F)c3)CCOCC2)NC(=O)c2ccccc2OCCN(C)C1=O,-6.626,training
CC(C)CC1NC(=O)CC(C(=O)NCC2(c3cccc(F)c3)CCOCC2)NC(=O)c2ccccc2OCCN(C)C1=O,-6.24,training
CN1CCOc2ccccc2C(=O)NC(C(=O)NCCCc2ccccc2)CCC(=O)N2CCCC2C1=O,-7.35,training
CCCCN1CCOc2ccccc2C(=O)NC(C(=O)N(C)CCOC)CC(=O)NC(Cc2ccccc2)C1=O,-6.432,training
CCCCN1CCOc2ccccc2C(=O)NC(C(=O)NCCOCC2CCCO2)CC(=O)NC(Cc2ccccc2)C1=O,-6.367,training
CCN1CCOc2ccccc2C(=O)NC(C(=O)NCCOCc2ccccc2Cl)CC(=O)NC(Cc2ccccc2)C1=O,-6.301,training
CCCCN1CCOc2ccccc2C(=O)NC(C(=O)NCC2COCCO2)CC(=O)NC(Cc2ccccc2)C1=O,-6.658,training
COc1ccccc1OCCN(C)C(=O)C1CC(=O)NC(Cc2ccccc2)C(=O)N(C)CCOc2ccccc2C(=O)N1,-6.201,training
Cc1ccc(Oc2cccc(F)c2OCC(C)NC(=O)C2CC(=O)NC(CC(C)C)C(=O)N(C)CCOc3ccccc3C(=O)N2)cc1,-5.907,training
COc1ccccc1OCCN(C)C(=O)C1CCC(=O)NC(Cc2ccc(O)cc2)C(=O)N(C)CCOc2ccccc2C(=O)N1,-7.097,training
CN1CCOc2ccccc2C(=O)NC(C(=O)N(C)CCOc2ccc(Cl)cc2)CC(=O)NC(Cc2ccccc2)C1=O,-5.625,training
CCCCN1CCOc2ccccc2C(=O)NC(C(=O)NC2CCOCC2)CC(=O)NC(Cc2ccccc2)C1=O,-6.824,training
CC(C)CC1NC(=O)CC(C(=O)NC(C)COc2ccccc2Oc2cccc(F)c2)NC(=O)c2ccccc2OCCN(C)C1=O,-5.815,training
CCOc1ccc(CCCNC(=O)C2CC(=O)N(Cc3ccccc3)CC(=O)N(CC)CCOc3ccccc3C(=O)N2)cc1OC,-6.854,training
COc1ccc(OCCN(C)C(=O)C2CCC(=O)NC(Cc3ccc(O)cc3)C(=O)N(C)CCOc3ccccc3C(=O)N2)cc1,-6.886,training
Cc1ccc(OCCN(C)C(=O)C2CC(=O)NC(Cc3ccccc3)C(=O)N(C)CCOc3ccccc3C(=O)N2)cc1,-5.452,training
CCN1CCOc2ccccc2C(=O)NC(C(=O)NCCOc2ccc(Cl)cc2)CC(=O)N(Cc2ccccc2)CC1=O,-6.824,training
CN1CCOc2ccccc2C(=O)NC(C(=O)N(C)CCOc2ccccc2F)CC(=O)NC(Cc2ccccc2)C1=O,-5.8,training
CC(C)CC1NC(=O)CC(C(=O)NC(C)COc2cccc(F)c2Oc2ccccc2)NC(=O)c2ccccc2OCCN(C)C1=O,-5.776,training
CC(C)C1NC(=O)CC(C(=O)NCC(C)(C)c2ccc(F)cc2)NC(=O)c2ccccc2OCCN(C)C1=O,-5.77,training
CN1CCCCN(C(=O)c2cccc(F)c2)C(Cc2ccccc2)COc2ccccc2C1=O,-4.979,training
CCN1CCCCN(C(=O)c2c(F)cccc2F)C(Cc2ccccc2)COc2ccccc2C1=O,-5.469,training
CN1CCCCN(C(=O)c2ccccc2F)C(Cc2ccccc2)COc2ccccc2C1=O,-5.023,training
CCN1CCCCN(C(=O)CC(C)C)C(Cc2ccccc2)COc2ccccc2C1=O,-5.212,training
Cc1ccc(C(=O)N2CCCCN(C)C(=O)c3ccccc3OCC2Cc2ccccc2)cc1,-5.119,training
CN1CCCCN(S(=O)(=O)c2cccc(F)c2)C(Cc2ccccc2)COc2ccccc2C1=O,-6.009,training
CCN1CCCCN(C(=O)c2ccccc2)C(Cc2ccccc2)COc2ccccc2C1=O,-5.088,training
CCN1CCCCN(C(=O)c2ccccc2F)C(Cc2ccccc2)COc2ccccc2C1=O,-5.292,training
CCN1CCCCN(C(=O)c2ccccc2OC)C(Cc2ccccc2)COc2ccccc2C1=O,-5.114,training
CCN1CCCCN(C(=O)c2ccc(C)cc2)C(Cc2ccccc2)COc2ccccc2C1=O,-5.36,training
CC(C)CC(=O)N1CCCCN(C)C(=O)c2ccccc2OCC1Cc1ccccc1,-4.986,training
CN1CCCCN(S(=O)(=O)c2ccc(F)c(F)c2)C(Cc2ccccc2)COc2ccccc2C1=O,-6.004,training
CCC(CC)C(=O)N1CCCCN(C)C(=O)c2ccccc2OCC1Cc1ccccc1,-5.171,training
CN1CCCCN(C(=O)c2ccc(F)cc2F)C(Cc2ccccc2)COc2ccccc2C1=O,-5.116,training
CCN1CCCCN(C(=O)c2cc(C)on2)C(C(C)C)COc2ccccc2C1=O,-5.658,training
CN1CCCCN(C(=O)c2cccc(Cl)c2)C(Cc2ccccc2)COc2ccccc2C1=O,-5.273,training
CCN1CCCCN(C(=O)c2ccccc2Br)C(Cc2ccccc2)COc2ccccc2C1=O,-5.406,training
CCN1CCCCN(C(=O)c2cc(C)on2)C(Cc2ccccc2)COc2ccccc2C1=O,-5.202,training
CN1CCCCN(C(=O)c2cccnc2Cl)C(Cc2ccccc2)COc2ccccc2C1=O,-4.996,training
CN1CCCCN(C(=O)c2c(F)cccc2F)C(Cc2ccccc2)COc2ccccc2C1=O,-5.208,training
CCN1CCCCN(C(=O)c2ccccc2Cl)C(Cc2ccccc2)COc2ccccc2C1=O,-5.519,training
CN1CCCCN(C(=O)C(C)(C)C)C(Cc2ccccc2)COc2ccccc2C1=O,-5.076,training
CCN1CCCCN(C(=O)c2ccc(F)cc2F)C(Cc2ccccc2)COc2ccccc2C1=O,-5.503,training
CCCCC(=O)N1CCCCN(C)C(=O)c2ccccc2OCC1Cc1ccccc1,-5.007,training
CCC(CC)C(=O)N1CCCCN(CC)C(=O)c2ccccc2OCC1Cc1ccccc1,-5.523,training
CCN1CCCCN(C(=O)c2c(-c3ccccc3Cl)noc2C)C(Cc2ccccc2)COc2ccccc2C1=O,-5.328,training
COc1ccc(OC)c(S(=O)(=O)N2CCCCN(C)C(=O)c3ccccc3OCC2Cc2ccccc2)c1,-5.396,training
CCCCC(=O)N1CCCCN(CC)C(=O)c2ccccc2OCC1Cc1ccccc1,-5.313,training
CCN1CCCCN(C(=O)c2cccc(OC)c2)C(Cc2ccccc2)COc2ccccc2C1=O,-5.191,training
CCCCCC(=O)N1CCCCN(CC)C(=O)c2ccccc2OCC1Cc1ccccc1,-5.777,training
COc1cccc(C(=O)N2CCCCN(C)C(=O)c3ccccc3OCC2Cc2ccccc2)c1,-5.005,training
CN1CCCCN(C(=O)c2ccccc2)C(Cc2ccccc2)COc2ccccc2C1=O,-4.884,training
CN1CCCCN(C(=O)c2ccccc2Cl)C(Cc2ccccc2)COc2ccccc2C1=O,-5.171,training
CCCCCC(=O)N1CCCCN(C)C(=O)c2ccccc2OCC1Cc1ccccc1,-5.435,training
CCN1CCCCN(C(=O)c2cccc(Cl)c2)C(Cc2ccccc2)COc2ccccc2C1=O,-5.539,training
CN1CCCCN(S(=O)(=O)c2ccc(F)cc2)C(Cc2ccccc2)COc2ccccc2C1=O,-5.807,training
CCN1CCCCN(C(=O)c2ccc(Cl)cc2)C(Cc2ccccc2)COc2ccccc2C1=O,-5.684,training
CCN1CCCCN(C(=O)c2cccc(F)c2)C(Cc2ccccc2)COc2ccccc2C1=O,-5.223,training
Cc1cc(C(=O)N2CCCCN(C)C(=O)c3ccccc3OCC2Cc2ccccc2)no1,-4.851,training
CCN1CCCCN(C(=O)c2ccc(C(F)(F)F)cc2)C(Cc2ccccc2)COc2ccccc2C1=O,-6.398,training
CC(C)C1NC(=O)CC(C(=O)NCCCCN(C)C)NC(=O)c2ccccc2OCC(Cc2ccccc2)NC1=O,-7.699,training
CCOc1ccc(CCCNC(=O)C2CC(=O)NC(CC(C)C)C(=O)N(C)C(CC(C)C)COc3ccccc3C(=O)N2)cc1OC,-6.009,training
COc1cccc(CCCNC(=O)C2CC(=O)NC(C)C(=O)NC(CC(C)C)COc3ccccc3C(=O)N2)c1,-6.469,training
CCOc1ccc(CCCNC(=O)C2CC(=O)NC(C)C(=O)NC(CC(C)C)COc3ccccc3C(=O)N2)cc1OC,-6.854,training
CC1COc2ccccc2C(=O)NC(C(=O)NCCc2ccccc2)CC(=O)NC(CC(N)=O)C(=O)N1,-6.699,training
CCOc1ccc(CCCNC(=O)C2CC(=O)NC(CO)C(=O)NC(Cc3ccccc3)COc3ccccc3C(=O)N2)cc1OC,-8.0,training
CC(C)C1NC(=O)CC(C(=O)NCCOc2ccc(Cl)cc2)NC(=O)c2ccccc2OCC(Cc2ccccc2)NC1=O,-7.699,training
CC1NC(=O)CCC(C(=O)NCCCCN(C)C)NC(=O)c2ccccc2OCC(Cc2ccccc2)N(C)C1=O,-6.509,training
CN(C)CCCNC(=O)C1CCC(=O)NC(Cc2ccc(O)cc2)C(=O)N(C)C(Cc2ccccc2)COc2ccccc2C(=O)N1,-7.301,training
CC1NC(=O)CCC(C(=O)NCCCN(C)C)NC(=O)c2ccccc2OCC(Cc2ccccc2)N(C)C1=O,-6.469,training
CC1NC(=O)CC(C(=O)NCCCCN2CCCC2)NC(=O)c2ccccc2OCC(Cc2ccccc2)N(C)C1=O,-7.155,training
CN(C)CCCCNC(=O)C1CCC(=O)NC(Cc2ccccc2)C(=O)N(C)C(Cc2ccccc2)COc2ccccc2C(=O)N1,-6.284,training
CCN1CCCC1CNC(=O)C1CC(=O)NC(C)C(=O)N(C)C(Cc2ccccc2)COc2ccccc2C(=O)N1,-6.77,training
CN(C)CCCNC(=O)C1CC(=O)NC(C)(C)C(=O)NC(Cc2ccccc2)COc2ccccc2C(=O)N1,-6.854,training
CC1NC(=O)CC(C(=O)NCCCCN(C)C)NC(=O)c2ccccc2OCC(Cc2ccccc2)N(C)C1=O,-7.301,training
CC(C)CC1NC(=O)CCC(C(=O)NCCCCN(C)C)NC(=O)c2ccccc2OCC(Cc2ccccc2)N(C)C1=O,-7.046,training
CN(C)CCCCNC(=O)C1CCC(=O)NC(CCC(N)=O)C(=O)N(C)C(Cc2ccccc2)COc2ccccc2C(=O)N1,-6.886,training
CN(C)CCCCNC(=O)C1CCC(=O)NC(CO)C(=O)N(C)C(Cc2ccccc2)COc2ccccc2C(=O)N1,-6.18,training
CN(C)CCCNC(=O)C1CCC(=O)N(C)CC(=O)N(C)C(Cc2ccccc2)COc2ccccc2C(=O)N1,-7.699,training
COc1cccc(CCCNC(=O)C2CCC(=O)NC(C(C)C)C(=O)N(C)C(Cc3ccccc3)COc3ccccc3C(=O)N2)c1,-6.62,training
COc1ccc(CCCNC(=O)C2CCC(=O)NC(C)C(=O)N(C)C(Cc3ccccc3)COc3ccccc3C(=O)N2)cc1OC,-6.699,training
CC1NC(=O)CC(C(=O)NCCOc2ccc(Cl)cc2)NC(=O)c2ccccc2OCC(Cc2ccccc2)N(C)C1=O,-6.432,training
COc1ccc(CCCNC(=O)C2CC(=O)NC(C)C(=O)N(C)C(Cc3ccccc3)COc3ccccc3C(=O)N2)cc1OC,-6.959,training
CCOc1ccc(CCCNC(=O)C2CC(=O)NC(C)C(=O)N(C)C(Cc3ccccc3)COc3ccccc3C(=O)N2)cc1OC,-6.638,training
COc1ccc(OCCNC(=O)C2CC(=O)NC(C)C(=O)N(C)C(Cc3ccccc3)COc3ccccc3C(=O)N2)cc1,-6.678,training
COc1cccc(CCCNC(=O)C2CC(=O)NC(C)C(=O)N(C)C(Cc3ccccc3)COc3ccccc3C(=O)N2)c1,-6.387,training
CC1NC(=O)CC(C(=O)NCCc2cnccn2)NC(=O)c2ccccc2OCC(Cc2ccccc2)N(C)C1=O,-7.097,training
COc1ccc(OCCNC(=O)C2CCC(=O)NC3(CC3)C(=O)N(C)C(Cc3ccccc3)COc3ccccc3C(=O)N2)cc1,-6.959,training
CN1C(=O)C(CO)NC(=O)CCC(C(=O)NCCCc2ccccc2)NC(=O)c2ccccc2OCC1Cc1ccccc1,-7.398,training
COc1ccc(OCCCNC(=O)C2CCC(=O)NC3(CC3)C(=O)N(C)C(Cc3ccccc3)COc3ccccc3C(=O)N2)cc1,-7.046,training
Cc1nn(C)c(C)c1CCNC(=O)C1CCC(=O)NC(CCC(N)=O)C(=O)N(C)C(Cc2ccccc2)COc2ccccc2C(=O)N1,-7.046,training
Cc1nn(C)c(C)c1CCNC(=O)C1CCC(=O)NC(CC(C)C)C(=O)N(C)C(Cc2ccccc2)COc2ccccc2C(=O)N1,-7.097,training
Cc1csc(CCCNC(=O)C2CCC(=O)NC(C(C)C)C(=O)N(C)C(Cc3ccccc3)COc3ccccc3C(=O)N2)n1,-6.886,training
Cc1csc(CCCNC(=O)C2CC(=O)NC(C)C(=O)N(C)C(Cc3ccccc3)COc3ccccc3C(=O)N2)n1,-7.097,training
CCOc1ccc(CCCNC(=O)C2CCC(=O)NC(CC(C)C)C(=O)N(C)C(Cc3ccccc3)COc3ccccc3C(=O)N2)cc1OC,-6.921,training
COc1ccc(CCCNC(=O)C2CCC(=O)NC3(CC3)C(=O)N(C)C(Cc3ccccc3)COc3ccccc3C(=O)N2)cc1OC,-7.222,training
COc1ccc(OCCCNC(=O)C2CC(=O)NC(C)C(=O)N(C)C(Cc3ccccc3)COc3ccccc3C(=O)N2)cc1,-7.398,training
CN1CC(=O)N(C)C(Cc2ccccc2)COc2ccccc2C(=O)NC(C(=O)NCCOc2ccc(F)cc2)CCC1=O,-7.097,training
CC1NC(=O)CC(C(=O)NCCN2CCCC2=O)NC(=O)c2ccccc2OCC(Cc2ccccc2)N(C)C1=O,-7.398,training
CC1NC(=O)CCC(C(=O)NCCOc2ccc(F)cc2)NC(=O)c2ccccc2OCC(Cc2ccccc2)N(C)C1=O,-7.155,training
CC1NC(=O)CC(C(=O)NCCN2CCOCC2)NC(=O)c2ccccc2OCC(Cc2ccccc2)N(C)C1=O,-7.301,training
COc1ccc(OCCNC(=O)C2CCC(=O)NC(C)C(=O)N(C)C(Cc3ccccc3)COc3ccccc3C(=O)N2)cc1,-7.699,training
Cc1nn(C)c(C)c1CCNC(=O)C1CCC(=O)NC(Cc2ccccc2)C(=O)N(C)C(Cc2ccccc2)COc2ccccc2C(=O)N1,-7.301,training
COc1ccc(CCCNC(=O)C2CCC(=O)NC(CC(C)C)C(=O)N(C)C(Cc3ccccc3)COc3ccccc3C(=O)N2)cc1OC,-7.523,training
CC1NC(=O)CCC(C(=O)NCCc2ccc(F)cc2)NC(=O)c2ccccc2OCC(Cc2ccccc2)N(C)C1=O,-7.523,training
Cc1nn(C)c(C)c1CCNC(=O)C1CC(=O)NC(C)C(=O)N(C)C(Cc2ccccc2)COc2ccccc2C(=O)N1,-7.523,training
COc1ccc(CCCNC(=O)C2CCC(=O)N(C)CC(=O)N(C)C(Cc3ccccc3)COc3ccccc3C(=O)N2)cc1OC,-7.097,training
CCOc1ccc(CCCNC(=O)C2CCC(=O)N(C)CC(=O)N(C)C(Cc3ccccc3)COc3ccccc3C(=O)N2)cc1OC,-6.921,training
CCN1CC(=O)N(C)CC(=O)NC(Cc2ccccc2)COc2ccccc2C(=O)NC(C(=O)NCCCn2ccnc2)CC1=O,-7.0,training
CC(C)CC1NC(=O)CC(C(=O)NCC2CC2)NC(=O)c2ccccc2OCC(Cc2ccccc2)NC1=O,-6.854,training
CC1(C)NC(=O)CC(C(=O)NCCc2cnccn2)NC(=O)c2ccccc2OCC(Cc2ccccc2)NC1=O,-7.301,training
CC(C)CC1NC(=O)CC(C(=O)NCCc2cnccn2)NC(=O)c2ccccc2OCC(Cc2ccccc2)NC1=O,-7.398,training
COc1ccc(OCCNC(=O)C2CC(=O)NC(C(C)O)C(=O)NC(Cc3ccccc3)COc3ccccc3C(=O)N2)cc1,-7.523,training
CC(C)CC1NC(=O)C2(CCCCOCC(C)NC1=O)CCN(Cc1ccc(C(C)C)cc1)CC2,-5.027,training
CC(C)CC1NC(=O)C2(CCCCOCC(C)NC1=O)CCN(Cc1cccc(Cl)c1)CC2,-5.079,training
CC(C)CC1NC(=O)C2(CCCCOCC(C)NC1=O)CCN(CCCc1ccccc1)CC2,-5.197,training
Cc1ccc(CN2CCC3(CCCCOCC(C)NC(=O)C(CC(C)C)NC3=O)CC2)cc1C,-5.079,training
CCOc1ccccc1CN1CCC2(CCCCOCC(C)NC(=O)C(CC(C)C)NC2=O)CC1,-5.116,training
COc1ccccc1CN1CCC2(CCCCOCC(C)NC(=O)C(CC(C)C)NC2=O)CC1,-5.35,training
Cc1ccc(CN2CCC3(CCCCOCC(C)NC(=O)C(CC(C)C)NC3=O)CC2)c(C)c1,-5.107,training
CCOc1ccc(CN2CCC3(CCCCOCC(C)NC(=O)C(CC(C)C)NC3=O)CC2)cc1,-5.069,training
Cc1cc(C)cc(CN2CCC3(CCCCOCC(C)NC(=O)C(CC(C)C)NC3=O)CC2)c1,-5.029,training
COc1ccc(C(C)C)cc1CN1CCC2(CCCCOCC(C)NC(=O)C(CC(C)C)NC2=O)CC1,-4.919,training
CC(C)CC1NC(=O)C2(CCCCOCC(C)NC1=O)CCN(Cc1cncs1)CC2,-6.319,training
CC(C)CC1NC(=O)C2(CCCCOCC(C)NC1=O)CCN(Cc1cnc3ccccc3c1)CC2,-5.296,training
COc1ccc(CN2CCC3(CCCCOCC(C)NC(=O)C(CC(C)C)NC3=O)CC2)cc1,-5.2,training
COc1ccc(CN2CCC3(CCCCOCC(C)NC(=O)C(CC(C)C)NC3=O)CC2)cc1OC,-6.071,training
CC(C)CC1NC(=O)C2(CCCCOCC(C)NC1=O)CCN(Cc1cc3ccccc3n1C)CC2,-5.025,training
CC(C)CC1NC(=O)C2(CCCCOCC(C)NC1=O)CCN(Cc1ccc(F)c(F)c1)CC2,-4.84,training
CC(C)CC1NC(=O)C2(CCCCOCC(C)NC1=O)CCN(Cc1ccccc1Cl)CC2,-4.789,training
Cc1ccc(CN2CCC3(CCCCOCC(C)NC(=O)C(CC(C)C)NC3=O)CC2)cc1,-4.79,training
CC(C)CC1NC(=O)C2(CCCCOCC(C)NC1=O)CCN(Cc1ccc(F)cc1)CC2,-5.002,training
Cc1cccc(CN2CCC3(CCCCOCC(C)NC(=O)C(CC(C)C)NC3=O)CC2)c1,-4.794,training
CC(C)CC1NC(=O)C2(CCCCOCC(C)NC1=O)CCN(Cc1cccc(F)c1F)CC2,-4.735,training
CC(C)CC1NC(=O)C2(CCCCOCC(C)NC1=O)CCN(Cc1ccccc1C(F)(F)F)CC2,-5.398,training
CC(C)CC1NC(=O)C2(CCCCOCC(C)NC1=O)CCN(Cc1cccc(F)c1)CC2,-4.873,training
COc1cccc(CN2CCC3(CCCCOCC(C)NC(=O)C(CC(C)C)NC3=O)CC2)c1,-5.042,training
CC(C)CC1NC(=O)C2(CCCCOCC(C)NC1=O)CCN(Cc1cccnc1)CC2,-6.585,training
Cc1ccccc1CN1CCC2(CCCCOCC(C)NC(=O)C(CC(C)C)NC2=O)CC1,-4.694,training
CC(C)CC1NC(=O)C2(CCCCOCC(C)NC1=O)CCN(Cc1cccc(C(F)(F)F)c1)CC2,-4.997,training
COc1ccc(CN2CCC3(CCCCOCC(C)NC(=O)C(CC(C)C)NC3=O)CC2)cc1Cc1c(C)noc1C,-5.184,training
CC(C)CC1NC(=O)C2(CCCCOCC(C)NC1=O)CCN(Cc1cccc(F)c1O)CC2,-5.111,training
CNc1ncc(CN2CCC3(CCCCOCC(C)NC(=O)C(CC(C)C)NC3=O)CC2)cn1,-7.699,training
CC(C)CC1NC(=O)C2(CCCCOCC(C)NC1=O)CCN(Cc1nccs1)CC2,-5.73,training
CC(C)CC1NC(=O)C2(CCCCOCC(C)NC1=O)CCN(Cc1cscn1)CC2,-6.62,training
CC(C)CC1NC(=O)C2(CCCCOCC(C)NC1=O)CCN(Cc1c(F)cccc1F)CC2,-4.805,training
O=C1NC2CCN(CC(=O)N3CCN(c4ccc(F)cc4)CC3)CC2C/C=C/CC2(CCOCC2)C(=O)NC1Cc1ccccc1,-6.398,training
O=C(CN1CCC2NC(=O)C(Cc3ccccc3)NC(=O)C3(C/C=C/CC2C1)CCOCC3)NCCOc1ccccc1,-6.155,training
O=C1NC2CCN(C(=O)COc3ccccc3)CC2C/C=C/CC2(CCOCC2)C(=O)NC1Cc1ccccc1,-6.377,training
O=C1NC2CCN(C(=O)c3cccc(Cc4ccccc4)n3)CC2C/C=C/CC2(CCOCC2)C(=O)NC1Cc1ccccc1,-6.041,training
CC(C)c1ccc(NC(=O)CN2CCC3NC(=O)C(Cc4ccccc4)NC(=O)C4(C/C=C/CC3C2)CCOCC4)cc1,-6.114,training
CN(C)c1ccc(NC(=O)CN2CCC3NC(=O)C(Cc4ccccc4)NC(=O)C4(C/C=C/CC3C2)CCOCC4)cc1,-6.004,training
CC(=O)Nc1ccc2nc(NC(=O)CN3CCC4NC(=O)C(Cc5ccccc5)NC(=O)C5(C/C=C/CC4C3)CCOCC5)sc2c1,-7.301,training
Cc1nc2ccc(NC(=O)CN3CCC4NC(=O)C(Cc5ccccc5)NC(=O)C5(C/C=C/CC4C3)CCOCC5)cc2[nH]1,-6.553,training
Cc1c(C(=O)N2CCC3NC(=O)C(Cc4ccccc4)NC(=O)C4(C/C=C/CC3C2)CCOCC4)nnn1-c1ccc(Cl)cc1,-6.081,training
O=C(CN1CCC2NC(=O)C(Cc3ccccc3)NC(=O)C3(C/C=C/CC2C1)CCOCC3)Nc1cccc2c1CCCC2,-6.137,training
O=C1NC2CCN(C(=O)CCc3nc4ccc(Cl)cc4[nH]3)CC2C/C=C/CC2(CCOCC2)C(=O)NC1Cc1ccccc1,-6.432,training
CC(C)c1nnc(NC(=O)CN2CCC3NC(=O)C(Cc4ccccc4)NC(=O)C4(C/C=C/CC3C2)CCOCC4)s1,-6.62,training
O=C(CN1CCC2NC(=O)C(Cc3ccccc3)NC(=O)C3(C/C=C/CC2C1)CCOCC3)Nc1ccc(Oc2cccnc2)cc1,-7.046,training
O=C1NC2CCN(C(=O)CCCn3c(C(F)(F)F)nc4ccccc43)CC2C/C=C/CC2(CCOCC2)C(=O)NC1Cc1ccccc1,-5.991,training
CC(C)Cc1cc(C(=O)N2CCC3NC(=O)C(Cc4ccccc4)NC(=O)C4(C/C=C/CC3C2)CCOCC4)nc(=O)[nH]1,-7.222,training
O=C1NC2CCN(C(=O)c3n[nH]c4ccccc34)CC2C/C=C/CC2(CCOCC2)C(=O)NC1Cc1ccccc1,-6.409,training
CC(C)c1nc2ccccc2n1CCCC(=O)N1CCC2NC(=O)C(Cc3ccccc3)NC(=O)C3(C/C=C/CC2C1)CCOCC3,-7.097,training
Cc1ccc(NC(=O)CN2CCC3NC(=O)C(Cc4ccccc4)NC(=O)C4(C/C=C/CC3C2)CCOCC4)cc1F,-5.435,training
COc1ccc(NC(=O)CN2CCC3NC(=O)C(Cc4ccccc4)NC(=O)C4(C/C=C/CC3C2)CCOCC4)cc1Cl,-5.695,training
Cc1nc(NC(=O)CN2CCC3NC(=O)C(Cc4ccccc4)NC(=O)C4(C/C=C/CC3C2)CCOCC4)sc1C,-5.83,training
Cc1nc(-c2cccc(NC(=O)CN3CCC4NC(=O)C(Cc5ccccc5)NC(=O)C5(C/C=C/CC4C3)CCOCC5)c2)cs1,-5.462,training
O=C(CN1CCC2NC(=O)C(Cc3ccccc3)NC(=O)C3(C/C=C/CC2C1)CCOCC3)Nc1nc2c(s1)CCCC2,-5.606,training
CCN(C(=O)CN1CCC2NC(=O)C(Cc3ccccc3)NC(=O)C3(C/C=C/CC2C1)CCOCC3)C1CCS(=O)(=O)C1,-5.947,training
Cc1c(F)cccc1NC(=O)CN1CCC2NC(=O)C(Cc3ccccc3)NC(=O)C3(C/C=C/CC2C1)CCOCC3,-5.509,training
O=C(CN1CCC2NC(=O)C(Cc3ccccc3)NC(=O)C3(C/C=C/CC2C1)CCOCC3)Nc1ccc(C(F)(F)F)cc1,-5.676,training
O=C(CN1CCC2NC(=O)C(Cc3ccccc3)NC(=O)C3(C/C=C/CC2C1)CCOCC3)Nc1ccccc1OC(F)F,-5.775,training
Cc1cc(C)n(CC(=O)N2CCC3NC(=O)C(Cc4ccccc4)NC(=O)C4(C/C=C/CC3C2)CCOCC4)c(=O)n1,-7.523,training
O=C1NC2CCN(C(=O)Cn3nnc4ccccc43)CC2C/C=C/CC2(CCOCC2)C(=O)NC1Cc1ccccc1,-7.398,training
N#CC1(NC(=O)[C@@H]2Cc3ccc(c(Cl)c3)OCCCCOc3cc(C(F)(F)F)ccc3C(=O)N2)CC1,-6.398,training
CCOc1cc(Oc2cc(C)c(Cl)c(C)c2)cc2c1OCC(=O)N[C@H]1CC[C@H](CC1)CC(=O)N[C@@H](CC(C)C)C(=O)N[C@H](Cc1cccnc1)C(=O)N[C@H](C(=O)O)Cc1ccc(cc1)OC2,-5.27572413,training
CCOc1cc(Oc2cc(C)c(Cl)c(C)c2)cc2c1OCC(=O)N[C@H]1CC[C@H](CC1)CC(=O)N[C@@H](CC(C)C)C(=O)N[C@H](Cc1cccnc1)C(=O)N[C@@H](C(=O)O)Cc1ccc(cc1)OC2,-5.823908741,training
CC[C@H]1c2nnc(o2)[C@H](Cc2ccccc2)NC(=O)[C@H](CCCCNC(=O)CCC(=O)NCCOCCOCCCCCCCl)NC(=O)[C@H](CC(C)C)NC(=O)CNC(=O)[C@@H]2CCCN21,-7.77,training
CC[C@H]1c2nnc(o2)[C@H](Cc2ccccc2)NC(=O)CNC(=O)[C@H](CCCCNC(=O)CCC(=O)NCCOCCOCCCCCCCl)NC(=O)CNC(=O)[C@@H]2CCCN21,-7.92,training
CC[C@H]1c2nnc(o2)[C@H](Cc2ccccc2)NC(=O)CNC(=O)[C@H](CC(C)C)NC(=O)[C@H](CCCCNC(=O)CCC(=O)NCCOCCOCCCCCCCl)NC(=O)[C@@H]2CCCN21,-7.84,training
CC[C@@H]1N[C@@H](NCCCNC(=O)CCC(=O)NCCOCCOCCCCCCCl)C(=O)NCC(=O)N[C@@H](CC(C)C)C(=O)NCC(=O)N[C@@H](Cc2ccccc2)c2nnc1o2,-7.85,training
CC[C@H]1c2nnc(o2)[C@H](CCCCNC(=O)CCC(=O)NCCOCCOCCCCCCCl)NC(=O)CNC(=O)[C@H](CC(C)C)NC(=O)CNC(=O)[C@@H]2CCCN21,-8.0,training
CC[C@H]1c2nnc(o2)[C@H](Cc2ccccc2)NC(=O)[C@H](CCCCNC(=O)CCC(=O)NCCOCCOCCCCCCCl)NC(=O)[C@H](CC(C)C)NC(=O)[C@H](CC(=O)O)NC(=O)[C@@H]2CCCN21,-8.0,training
CC[C@H]1c2nnc(o2)[C@H](Cc2ccccc2)NC(=O)[C@H](CCCCNC(=O)CCC(=O)NCCOCCOCCCCCCCl)NC(=O)[C@H](CC(=O)O)NC(=O)[C@H](CC(=O)O)NC(=O)[C@@H]2CCCN21,-8.0,training
CC(=O)N[C@H]1CCC(=O)NCCSC2=C3OC[C@H](NC(=O)[C@@H]4CCCN4C1=O)C(=O)N[C@@H](Cc1ccccc1)C(=O)N[C@@H]([C@@H](C)O)C(=O)N[C@H]1CS[C@@]3(NC1=O)C(F)(F)C2(F)F,-5.642065153,training
CC(=O)N[C@H]1CCC(=O)OCCSC2=C3OC[C@H](NC(=O)[C@@H]4CCCN4C1=O)C(=O)N[C@@H](Cc1ccccc1)C(=O)N[C@@H]([C@@H](C)O)C(=O)N[C@H]1CS[C@@]3(NC1=O)C(F)(F)C2(F)F,-6.35753548,training
CC(=O)N[C@H]1CC(=O)OCCSC2=C3n4cnc(c4)C[C@H](NC(=O)[C@H](CC(N)=O)NC(=O)[C@@H]4CCCN4C1=O)C(=O)N[C@@H](Cc1ccccc1)C(=O)N[C@@H]([C@@H](C)O)C(=O)N[C@H]1CS[C@@]3(NC1=O)C(F)(F)C2(F)F,-6.42365865,training
CC(=O)N[C@H]1CC(=O)OCc2cnc(s2)SC2=C3O[C@H](C)[C@H](NC(=O)[C@@H]4CCCN4C1=O)C(=O)N[C@@H](Cc1ccccc1)C(=O)N[C@@H](CO)C(=O)N[C@H]1CS[C@@]3(NC1=O)C(F)(F)C2(F)F,-6.759450752,training
O=C(CCN1CCCC1)N1CCCCC2(CO)CCN(CC2)C(=O)c2ccccc2OCC1,-7.097,training
CN1CCC(CC(=O)N2CCCCC3(CO)CCN(CC3)C(=O)c3ccccc3OCC2)CC1,-6.638,training
O=C1c2ccccc2OCCNCCCCC2(CO)CCN1CC2,-7.097,training
CN1CCN(CC(=O)N2CCCCC3(CO)CCN(CC3)C(=O)c3ccccc3OCC2)CC1,-8.0,training
O=C(CN1CCCCC1)N1CCCCC2(CO)CCN(CC2)C(=O)c2ccccc2OCC1,-8.0,training
O=C(c1cc[nH]n1)N1CCCCC2(CO)CCN(CC2)C(=O)c2ccccc2OCC1,-7.0,training
Cc1noc(C)c1C(=O)N1CCCCC2(CO)CCN(CC2)C(=O)c2ccccc2OCC1,-6.602,training
O=C(CN1CCOCC1)N1CCCCC2(CO)CCN(CC2)C(=O)c2ccccc2OCC1,-6.658,training
O=C1c2ccccc2OCCN(C(=O)c2cccc3cc[nH]c23)CCCCC2(CO)CCN1CC2,-6.699,training
O=C1c2ccccc2OCCN(C(=O)C2Cc3ccccc3C2)CCCCC2(CO)CCN1CC2,-5.631,training
Cc1ccccc1OCC(=O)N1CCCCC2(CO)CCN(CC2)C(=O)c2ccccc2OCC1,-6.367,training
O=C(c1cnc2ccccc2n1)N1CCCCC2(CO)CCN(CC2)C(=O)c2ccccc2OCC1,-6.42,training
O=C(c1cc(F)cc(F)c1)N1CCCCC2(CO)CCN(CC2)C(=O)c2ccccc2OCC1,-6.432,training
O=C(CCc1ccccc1Cl)N1CCCCC2(CO)CCN(CC2)C(=O)c2ccccc2OCC1,-5.81,training
O=C1c2ccccc2OCCN(C(=O)C2CCCCC2)CCCCC2(CO)CCN1CC2,-6.26,training
Nc1nccnc1C(=O)N1CCCCC2(CO)CCN(CC2)C(=O)c2ccccc2OCC1,-7.523,training
O=C(Cc1ccccc1Cl)N1CCCCC2(CO)CCN(CC2)C(=O)c2ccccc2OCC1,-6.06,training
COc1cccc(C(=O)N2CCCCC3(CO)CCN(CC3)C(=O)c3ccccc3OCC2)n1,-6.658,training
O=C(Cc1ccc(Cl)cc1)N1CCCCC2(CO)CCN(CC2)C(=O)c2ccccc2OCC1,-6.357,training
O=C(CCc1c[nH]c2ccccc12)N1CCCCC2(CO)CCN(CC2)C(=O)c2ccccc2OCC1,-6.585,training
O=C(Cc1c[nH]c2ccccc12)N1CCCCC2(CO)CCN(CC2)C(=O)c2ccccc2OCC1,-6.678,training
O=C(COc1cccc(Cl)c1)N1CCCCC2(CO)CCN(CC2)C(=O)c2ccccc2OCC1,-6.31,training
Nc1cc(C(=O)N2CCCCC3(CO)CCN(CC3)C(=O)c3ccccc3OCC2)ccn1,-7.523,training
CC(C)(C)CC(=O)N1CCCCC2(CO)CCN(CC2)C(=O)c2ccccc2OCC1,-6.42,training
O=C(CC1CCCC1)N1CCCCC2(CO)CCN(CC2)C(=O)c2ccccc2OCC1,-6.328,training
Nc1ncccc1C(=O)N1CCCCC2(CO)CCN(CC2)C(=O)c2ccccc2OCC1,-7.222,training
Cc1ccc(S(=O)(=O)NCC(=O)N2CCCCC3(CO)CCN(CC3)C(=O)c3ccccc3OCC2)cc1,-7.0,training
CCOc1ccc(CC(=O)N2CCCCC3(CO)CCN(CC3)C(=O)c3ccccc3OCC2)cc1,-6.585,training
Cc1ncsc1C(=O)N1CCCCC2(CO)CCN(CC2)C(=O)c2ccccc2OCC1,-6.745,training
Cn1cc(C(=O)N2CCCCC3(CO)CCN(CC3)C(=O)c3ccccc3OCC2)c2ccccc21,-6.538,training
O=C1c2ccccc2OCCN(C(=O)c2cccc3[nH]ccc23)CCCCC2(CO)CCN1CC2,-7.046,training
O=C(c1ccc2c(c1)OCO2)N1CCCCC2(CO)CCN(CC2)C(=O)c2ccccc2OCC1,-6.538,training
O=C(CCC(F)(F)F)N1CCCCC2(CO)CCN(CC2)C(=O)c2ccccc2OCC1,-6.658,training
COc1ccc(C(=O)N2CCCCC3(CO)CCN(CC3)C(=O)c3ccccc3OCC2)cn1,-6.921,training
O=C(c1ccc2ccccc2n1)N1CCCCC2(CO)CCN(CC2)C(=O)c2ccccc2OCC1,-6.276,training
Nc1ncc(C(=O)N2CCCCC3(CO)CCN(CC3)C(=O)c3ccccc3OCC2)s1,-7.398,training
Cn1nccc1C(=O)N1CCCCC2(CO)CCN(CC2)C(=O)c2ccccc2OCC1,-7.155,training
COc1cccc(OCC(=O)N2CCCCC3(CO)CCN(CC3)C(=O)c3ccccc3OCC2)c1,-6.886,training
Cc1cc(C(=O)N2CCCCC3(CO)CCN(CC3)C(=O)c3ccccc3OCC2)no1,-6.824,training
O=C(CCOc1ccc(F)cc1)N1CCCCC2(CO)CCN(CC2)C(=O)c2ccccc2OCC1,-6.367,training
O=C(c1ncccn1)N1CCCCC2(CO)CCN(CC2)C(=O)c2ccccc2OCC1,-7.155,training
O=C(c1cscn1)N1CCCCC2(CO)CCN(CC2)C(=O)c2ccccc2OCC1,-7.155,training
Cc1cccc(C(=O)N2CCCCC3(CO)CCN(CC3)C(=O)c3ccccc3OCC2)c1,-6.699,training
O=C(c1ccncc1)N1CCCCC2(CO)CCN(CC2)C(=O)c2ccccc2OCC1,-7.0,training
O=C(c1ccc(C(F)(F)F)cc1)N1CCCCC2(CO)CCN(CC2)C(=O)c2ccccc2OCC1,-5.81,training
O=C(c1ccc(F)cc1)N1CCCCC2(CO)CCN(CC2)C(=O)c2ccccc2OCC1,-6.886,training
O=C(Cn1ccnc1)N1CCCCC2(CO)CCN(CC2)C(=O)c2ccccc2OCC1,-7.097,training
Cc1ccc(CC(=O)N2CCCCC3(CO)CCN(CC3)C(=O)c3ccccc3OCC2)cc1,-6.42,training
Cn1cc(C(=O)N2CCCCC3(CO)CCN(CC3)C(=O)c3ccccc3OCC2)cn1,-7.301,training
Cc1ccc(C(=O)N2CCCCC3(CO)CCN(CC3)C(=O)c3ccccc3OCC2)cc1,-6.538,training
COc1ccnc(C(=O)N2CCCCC3(CO)CCN(CC3)C(=O)c3ccccc3OCC2)c1,-7.222,training
O=C(c1ccncn1)N1CCCCC2(CO)CCN(CC2)C(=O)c2ccccc2OCC1,-7.398,training
O=C1c2ccccc2OCCN(C(=O)C2CC2)CCCCC2(CO)CCN1CC2,-6.921,training
Cc1nc(CC(=O)N2CCCCC3(CO)CCN(CC3)C(=O)c3ccccc3OCC2)cs1,-7.097,training
Cc1cccc(C)c1C(=O)N1CCCCC2(CO)CCN(CC2)C(=O)c2ccccc2OCC1,-6.745,training
O=C(Cc1ccccc1)N1CCCCC2(CO)CCN(CC2)C(=O)c2ccccc2OCC1,-6.921,training
Nc1cccc(C(=O)N2CCCCC3(CO)CCN(CC3)C(=O)c3ccccc3OCC2)n1,-7.523,training
O=C(COc1ccccc1)N1CCCCC2(CO)CCN(CC2)C(=O)c2ccccc2OCC1,-7.222,training
O=C(CCc1ccccc1)N1CCCCC2(CO)CCN(CC2)C(=O)c2ccccc2OCC1,-6.638,training
CC(=O)N1CC(C(=O)N2CCCCC3(CO)CCN(CC3)C(=O)c3ccccc3OCC2)C1,-7.046,training
Cc1ccccc1CC(=O)N1CCCCC2(CO)CCN(CC2)C(=O)c2ccccc2OCC1,-6.658,training
CCC(=O)N1CCCCC2(CO)CCN(CC2)C(=O)c2ccccc2OCC1,-7.097,training
COCCC(=O)N1CCCCC2(CO)CCN(CC2)C(=O)c2ccccc2OCC1,-7.155,training
COc1ccccc1CCC(=O)N1CCCCC2(CO)CCN(CC2)C(=O)c2ccccc2OCC1,-5.842,training
O=C(COc1ccc(Cl)cc1)N1CCCCC2(CO)CCN(CC2)C(=O)c2ccccc2OCC1,-5.003,training
O=C1c2ccccc2OCCN(C(=O)C2CCCC2)CCCCC2(CO)CCN1CC2,-6.745,training
O=C(Cc1ccc(F)cc1)N1CCCCC2(CO)CCN(CC2)C(=O)c2ccccc2OCC1,-6.699,training
CS(=O)(=O)N1CCC(CC(=O)N2CCCCC3(CO)CCN(CC3)C(=O)c3ccccc3OCC2)CC1,-7.398,training
O=C(CN1CCc2ccccc2C1)N1CCCCC2(CO)CCN(CC2)C(=O)c2ccccc2OCC1,-8.0,training
COCC12CCCCNCCOc3ccccc3C(=O)N(CC1)CC2,-6.167,training
COCC12CCCCN(C(=O)C3CCN(C)CC3)CCOc3ccccc3C(=O)N(CC1)CC2,-6.745,training
COCC12CCCCN(C(=O)CCN(C)C)CCOc3ccccc3C(=O)N(CC1)CC2,-6.921,training
COCC12CCCCN(C(=O)CCN3CCCC3)CCOc3ccccc3C(=O)N(CC1)CC2,-6.699,training
COCC12CCCCN(C(=O)CC3CCN(C)CC3)CCOc3ccccc3C(=O)N(CC1)CC2,-6.77,training
COCC12CCCCN(C(=O)CN3CCN(C)CC3)CCOc3ccccc3C(=O)N(CC1)CC2,-7.097,training
COCC12CCCCN(C(=O)CCc3ccc(OC)c(OC)c3)CCOc3ccccc3C(=O)N(CC1)CC2,-5.883,training
Cn1cc(C(=O)N2CCCCC3(COc4cccnc4)CCN(CC3)C(=O)c3ccccc3OCC2)c2ccccc21,-5.325,training
COCC12CCCCN(C(=O)Cc3ccc(Cl)cc3)CCOc3ccccc3C(=O)N(CC1)CC2,-5.131,training
COCC12CCCCN(C(=O)CCc3ccccc3Cl)CCOc3ccccc3C(=O)N(CC1)CC2,-5.138,training
COCC12CCCCN(C(=O)CCC3CCCC3)CCOc3ccccc3C(=O)N(CC1)CC2,-5.593,training
COCC12CCCCN(C(=O)c3cncnc3C)CCOc3ccccc3C(=O)N(CC1)CC2,-6.097,training
COCC12CCCCN(C(=O)c3cnn(C)c3)CCOc3ccccc3C(=O)N(CC1)CC2,-6.377,training
COCC12CCCCN(C(=O)c3ccc(C)nc3)CCOc3ccccc3C(=O)N(CC1)CC2,-5.75,training
COCC12CCCCN(C(=O)Cc3csc(C)n3)CCOc3ccccc3C(=O)N(CC1)CC2,-5.695,training
COCC12CCCCN(C(=O)CCc3ccccc3)CCOc3ccccc3C(=O)N(CC1)CC2,-5.018,training
COCC12CCCCN(C(=O)c3ccccn3)CCOc3ccccc3C(=O)N(CC1)CC2,-5.728,training
COCC12CCCCN(C(=O)c3cccc(C)c3)CCOc3ccccc3C(=O)N(CC1)CC2,-5.38,training
COCC12CCCCN(C(C)=O)CCOc3ccccc3C(=O)N(CC1)CC2,-5.9,training
COCC12CCCCN(C(=O)c3scnc3C)CCOc3ccccc3C(=O)N(CC1)CC2,-5.575,training
Cn1cc(CC(=O)N2CCCCC3(COc4cccnc4)CCN(CC3)C(=O)c3ccccc3OCC2)c2ccccc21,-5.428,training
COCC12CCCCN(C(=O)c3ccc4[nH]ccc4c3)CCOc3ccccc3C(=O)N(CC1)CC2,-5.883,training
COCC12CCCCN(C(=O)c3cncnc3)CCOc3ccccc3C(=O)N(CC1)CC2,-6.215,training
COCC12CCCCN(C(=O)c3ccncc3C)CCOc3ccccc3C(=O)N(CC1)CC2,-5.975,training
COCC12CCCCN(C(=O)CCc3ccc(Cl)cc3)CCOc3ccccc3C(=O)N(CC1)CC2,-5.469,training
COCC12CCCCN(C(=O)c3cnc(C)nc3C)CCOc3ccccc3C(=O)N(CC1)CC2,-6.076,training
COCC12CCCCN(C(=O)Cc3c[nH]c4ccccc34)CCOc3ccccc3C(=O)N(CC1)CC2,-5.618,training
COCC12CCCCN(C(=O)c3ccc4[nH]nnc4c3)CCOc3ccccc3C(=O)N(CC1)CC2,-6.108,training
COCC12CCCCN(C(=O)c3cccc(N(C)C)c3)CCOc3ccccc3C(=O)N(CC1)CC2,-5.302,training
COCC12CCCCN(C(=O)CC3CCN(S(C)(=O)=O)CC3)CCOc3ccccc3C(=O)N(CC1)CC2,-6.886,training
COCC12CCCCN(C(=O)C3CC3)CCOc3ccccc3C(=O)N(CC1)CC2,-5.255,training
COCC12CCCCN(C(=O)c3ccncn3)CCOc3ccccc3C(=O)N(CC1)CC2,-5.873,training
COCC12CCCCN(C(=O)c3ccnn3C)CCOc3ccccc3C(=O)N(CC1)CC2,-5.449,training
COCC12CCCCN(C(=O)c3cc(OC)ccn3)CCOc3ccccc3C(=O)N(CC1)CC2,-5.526,training
COCC12CCCCN(C(=O)CC(C)(C)C)CCOc3ccccc3C(=O)N(CC1)CC2,-5.095,training
Cc1ncsc1C(=O)N1CCCCC2(COc3cccnc3)CCN(CC2)C(=O)c2ccccc2OCC1,-6.229,training
COCC12CCCCN(C(=O)C3Cc4ccccc4C3)CCOc3ccccc3C(=O)N(CC1)CC2,-5.115,training
COCC12CCCCN(C(=O)c3cnccn3)CCOc3ccccc3C(=O)N(CC1)CC2,-5.662,training
COCC12CCCCN(C(=O)c3ccc4nc(C)[nH]c4c3)CCOc3ccccc3C(=O)N(CC1)CC2,-6.409,training
COCC12CCCCN(C(=O)CCOc3ccc(F)cc3)CCOc3ccccc3C(=O)N(CC1)CC2,-5.268,training
O=C(c1cc[nH]n1)N1CCCCC2(COc3cccnc3)CCN(CC2)C(=O)c2ccccc2OCC1,-6.921,training
COCC12CCCCN(C(=O)Cn3cccn3)CCOc3ccccc3C(=O)N(CC1)CC2,-6.398,training
COCC12CCCCN(C(=O)c3ccc(C)cc3)CCOc3ccccc3C(=O)N(CC1)CC2,-5.169,training
COCC12CCCCN(C(=O)c3ccnc(N)c3)CCOc3ccccc3C(=O)N(CC1)CC2,-6.602,training
COCC12CCCCN(C(=O)COc3cccc(Cl)c3)CCOc3ccccc3C(=O)N(CC1)CC2,-5.458,training
COCC12CCCCN(C(=O)C3CN(C(C)=O)C3)CCOc3ccccc3C(=O)N(CC1)CC2,-6.523,training
COCC12CCCCN(C(=O)Cc3cn(C)c4ccccc34)CCOc3ccccc3C(=O)N(CC1)CC2,-5.116,training
COCCC(=O)N1CCCCC2(COC)CCN(CC2)C(=O)c2ccccc2OCC1,-5.674,training
COCC12CCCCN(C(=O)Cn3cncn3)CCOc3ccccc3C(=O)N(CC1)CC2,-5.45,training
COCC12CCCCN(C(=O)Cc3ccccc3)CCOc3ccccc3C(=O)N(CC1)CC2,-4.974,training
COc1ncccc1C(=O)N1CCCCC2(COc3cccnc3)CCN(CC2)C(=O)c2ccccc2OCC1,-5.914,training
COCC12CCCCN(C(=O)c3cccc4[nH]ccc34)CCOc3ccccc3C(=O)N(CC1)CC2,-6.77,training
COCC12CCCCN(C(=O)c3cc(C)n(C)n3)CCOc3ccccc3C(=O)N(CC1)CC2,-5.569,training
COCC(=O)N1CCCCC2(COC)CCN(CC2)C(=O)c2ccccc2OCC1,-6.194,training
COCC12CCCCN(C(=O)c3ccccc3C)CCOc3ccccc3C(=O)N(CC1)CC2,-5.029,training
COCC12CCCCN(C(=O)C3CCCCCC3)CCOc3ccccc3C(=O)N(CC1)CC2,-5.298,training
COCC12CCCCN(C(=O)c3cccnc3C)CCOc3ccccc3C(=O)N(CC1)CC2,-6.004,training
COCC12CCCCN(C(=O)c3csc(N)n3)CCOc3ccccc3C(=O)N(CC1)CC2,-7.046,training
COCC12CCCCN(C(=O)c3cccc(F)c3)CCOc3ccccc3C(=O)N(CC1)CC2,-5.014,training
COCC12CCCCN(C(=O)c3cscn3)CCOc3ccccc3C(=O)N(CC1)CC2,-5.311,training
COCC12CCCCN(C(=O)CN3CCOCC3)CCOc3ccccc3C(=O)N(CC1)CC2,-6.658,training
COCC12CCCCN(C(=O)c3cc(F)cc(F)c3)CCOc3ccccc3C(=O)N(CC1)CC2,-5.106,training
COCC12CCCCN(C(=O)CNS(=O)(=O)c3ccc(C)cc3)CCOc3ccccc3C(=O)N(CC1)CC2,-5.708,training
COCC12CCCCN(C(=O)CCc3ccccc3OC)CCOc3ccccc3C(=O)N(CC1)CC2,-4.849,training
COCC12CCCCN(C(=O)c3ccncc3)CCOc3ccccc3C(=O)N(CC1)CC2,-6.328,training
COCC12CCCCN(C(=O)C3CCCC3)CCOc3ccccc3C(=O)N(CC1)CC2,-4.904,training
COCC12CCCCN(C(=O)c3cccnc3N)CCOc3ccccc3C(=O)N(CC1)CC2,-6.62,training
COCC12CCCCN(C(=O)c3ccc(C(F)(F)F)cc3)CCOc3ccccc3C(=O)N(CC1)CC2,-5.295,training
COCC12CCCCN(C(=O)c3ccc(F)cc3)CCOc3ccccc3C(=O)N(CC1)CC2,-4.952,training
COCC12CCCCN(C(=O)C3CCC3)CCOc3ccccc3C(=O)N(CC1)CC2,-4.878,training
COCC12CCCCN(C(=O)CC3CCCC3)CCOc3ccccc3C(=O)N(CC1)CC2,-5.104,training
COCC12CCCCN(C(=O)c3ccc(Cl)cn3)CCOc3ccccc3C(=O)N(CC1)CC2,-5.161,training
COCC12CCCCN(C(=O)c3cccc4cc[nH]c34)CCOc3ccccc3C(=O)N(CC1)CC2,-5.438,training
COCC12CCCCN(C(=O)C(C)C)CCOc3ccccc3C(=O)N(CC1)CC2,-5.005,training
COCC12CCCCN(C(=O)c3ccccc3)CCOc3ccccc3C(=O)N(CC1)CC2,-4.758,training
COCC12CCCCN(C(=O)c3ccc(N)nc3)CCOc3ccccc3C(=O)N(CC1)CC2,-7.155,training
COCC12CCCCN(C(=O)CC3CC3)CCOc3ccccc3C(=O)N(CC1)CC2,-5.009,training
COCC12CCCCN(C(=O)c3cc4ccccc4[nH]3)CCOc3ccccc3C(=O)N(CC1)CC2,-5.442,training
COCC12CCCCN(C(=O)COc3ccccc3)CCOc3ccccc3C(=O)N(CC1)CC2,-5.037,training
COCC12CCCCN(C(=O)c3ccc(OC)cc3)CCOc3ccccc3C(=O)N(CC1)CC2,-5.011,training
COCC12CCCCN(C(=O)c3ccccc3OC)CCOc3ccccc3C(=O)N(CC1)CC2,-5.161,training
COCC12CCCCN(C(=O)c3ccc(Cl)cc3)CCOc3ccccc3C(=O)N(CC1)CC2,-4.635,training
COCC12CCCCN(C(=O)c3cccc(N)n3)CCOc3ccccc3C(=O)N(CC1)CC2,-7.155,training
COCC12CCCCN(C(=O)c3cccnc3OC)CCOc3ccccc3C(=O)N(CC1)CC2,-5.102,training
COCC12CCCCN(C(=O)c3ccc4cc[nH]c4c3)CCOc3ccccc3C(=O)N(CC1)CC2,-5.13,training
COCC12CCCCN(C(=O)c3cc(S(N)(=O)=O)ccc3OC)CCOc3ccccc3C(=O)N(CC1)CC2,-7.398,training
COCC12CCCCN(C(=O)c3ccccc3F)CCOc3ccccc3C(=O)N(CC1)CC2,-4.659,training
COCC12CCCCN(C(=O)c3ccc(OC)nc3)CCOc3ccccc3C(=O)N(CC1)CC2,-5.007,training
Nc1nccnc1C(=O)N1CCCCC2(COc3cccnc3)CCN(CC2)C(=O)c2ccccc2OCC1,-6.222,training
COCC12CCCCN(C(=O)c3cccc(OC)n3)CCOc3ccccc3C(=O)N(CC1)CC2,-4.943,training
COCC12CCCCN(C(=O)Cc3noc4ccccc34)CCOc3ccccc3C(=O)N(CC1)CC2,-5.089,training
COCC12CCCCN(C(=O)c3ccnc(OC)c3)CCOc3ccccc3C(=O)N(CC1)CC2,-4.785,training
COCC12CCCCN(C(=O)c3ccc(=O)[nH]n3)CCOc3ccccc3C(=O)N(CC1)CC2,-7.398,training
COCC12CCCCN(C(=O)Cn3nc(C)nc3C)CCOc3ccccc3C(=O)N(CC1)CC2,-6.886,training
COCC12CCCCN(C(=O)c3cc(C)n[nH]3)CCOc3ccccc3C(=O)N(CC1)CC2,-6.959,training
COCC12CCCCN(C(=O)CN(C)C)CCOc3ccccc3C(=O)N(CC1)CC2,-7.301,training
Cc1cc(C(=O)N2CCCCN(C)C(=O)c3ccccc3OCC2C(C)C)no1,-5.903,training
CN1CCCCN(C(=O)CCC2CCCC2)C2CCCCC2Oc2ccccc2C1=O,-5.192,training
CCCN1CCCCN(C(=O)c2cccc(F)c2)C2CCCCC2Oc2ccccc2C1=O,-5.394,training
CCC(CC)C(=O)N1CCCCN(CC)C(=O)c2ccccc2OC2CCCCC21,-5.115,training
CCN1CCCCN(C(=O)c2ccc(C)cc2)C2CCCCC2Oc2ccccc2C1=O,-5.097,training
CCN1CCCCN(C(=O)c2cccc(Cl)c2)C2CCCCC2Oc2ccccc2C1=O,-5.21,training
CCCN1CCCCN(C(=O)CC(C)C)C2CCCCC2Oc2ccccc2C1=O,-5.364,training
CCN1CCCCN(C(=O)c2ccccc2Br)C2CCCCC2Oc2ccccc2C1=O,-5.095,training
CCCCCC(=O)N1CCCCN(C)C(=O)c2ccccc2OC2CCCCC21,-5.327,training
CCCN1CCCCN(C(=O)c2ccccc2Cl)C2CCCCC2Oc2ccccc2C1=O,-5.305,training
CCCN1CCCCN(C(=O)C(CC)CC)C2CCCCC2Oc2ccccc2C1=O,-5.32,training
CCCN1CCCCN(C(=O)c2ccc(C)cc2)C2CCCCC2Oc2ccccc2C1=O,-5.237,training
CCN1CCCCN(C(=O)c2ccc(Cl)cc2)C2CCCCC2Oc2ccccc2C1=O,-5.048,training
CN1CCCCN(C(=O)COc2ccc(Cl)cc2)C2CCCCC2Oc2ccccc2C1=O,-5.252,training
CCCN1CCCCN(C(=O)c2ccccc2Br)C2CCCCC2Oc2ccccc2C1=O,-5.595,training
CCCCC(=O)N1CCCCN(C)C(=O)c2ccccc2OC2CCCCC21,-5.194,training
CCN1CCCCN(C(=O)CC(C)C)C2CCCCC2Oc2ccccc2C1=O,-4.974,training
CCCCCC(=O)N1CCCCN(CCC)C(=O)c2ccccc2OC2CCCCC21,-5.53,training
CCCN1CCCCN(C(=O)c2ccccc2)C2CCCCC2Oc2ccccc2C1=O,-5.067,training
CN1CCCCN(C(=O)c2ccccc2Br)C2CCCCC2Oc2ccccc2C1=O,-5.395,training
CN1CCCCN(C(=O)c2ccc(Cl)c(Cl)c2)C2CCCCC2Oc2ccccc2C1=O,-5.402,training
CN1CCCCN(C(=O)c2cccc(Cl)c2)C2CCCCC2Oc2ccccc2C1=O,-5.185,training
CN1CCCCN(C(=O)c2c(Cl)cccc2Cl)C2CCCCC2Oc2ccccc2C1=O,-5.152,training
CN1CCCCN(C(=O)Cc2cccs2)C2CCCCC2Oc2ccccc2C1=O,-5.084,training
CN1CCCCN(C(=O)C2(c3cccc(F)c3)CCCC2)C2CCCCC2Oc2ccccc2C1=O,-5.77,training
CCCN1CCCCN(C(=O)Cc2cccs2)C2CCCCC2Oc2ccccc2C1=O,-5.783,training
CCCN1CCCCN(C(=O)c2ccc(F)cc2F)C2CCCCC2Oc2ccccc2C1=O,-5.17,training
CN1CCCCN(C(=O)c2ccc(Cl)cc2)C2CCCCC2Oc2ccccc2C1=O,-5.187,training
CCN1CCCCN(C(=O)c2ccccc2OC)C2CCCCC2Oc2ccccc2C1=O,-5.123,training
CN1CCCCN(C(=O)c2ccccc2C(F)(F)F)C2CCCCC2Oc2ccccc2C1=O,-5.341,training
COc1cccc(C(=O)N2CCCCN(C)C(=O)c3ccccc3OC3CCCCC32)c1,-5.362,training
CN1CCCCN(C(=O)C(C)(C)C)C2CCCCC2Oc2ccccc2C1=O,-4.88,training
CCC(CC)C(=O)N1CCCCN(C)C(=O)c2ccccc2OC2CCCCC21,-4.821,training
COc1ccccc1C(=O)N1CCCCN(C)C(=O)c2ccccc2OC2CCCCC21,-5.199,training
CCCN1CCCCN(C(=O)c2c(-c3ccccc3Cl)noc2C)C2CCCCC2Oc2ccccc2C1=O,-5.378,training
CCN1CCCCN(C(=O)c2ccccc2F)C2CCCCC2Oc2ccccc2C1=O,-4.945,training
CCN1CCCCN(C(=O)c2ccc(F)cc2F)C2CCCCC2Oc2ccccc2C1=O,-5.043,training
CCCN1CCCCN(C(=O)c2cccc(OC)c2)C2CCCCC2Oc2ccccc2C1=O,-4.949,training
CCCN1CCCCN(C(=O)C(CC)c2ccccc2)C2CCCCC2Oc2ccccc2C1=O,-5.762,training
CN1CCCCN(C(=O)c2ccc(OC(F)(F)F)cc2)C2CCCCC2Oc2ccccc2C1=O,-5.451,training
CCCN1CCCCN(C(=O)c2ccccc2C(F)(F)F)C2CCCCC2Oc2ccccc2C1=O,-6.495,training
CN1CCCCN(C(=O)c2ccc(-c3ccccc3F)o2)C2CCCCC2Oc2ccccc2C1=O,-6.523,training
CCN1CCCCN(C(=O)c2cccc(F)c2)C2CCCCC2Oc2ccccc2C1=O,-4.769,training
CN1CCCCN(C(=O)Cc2ccccc2Br)C2CCCCC2Oc2ccccc2C1=O,-6.194,training
Cc1onc(-c2ccccc2Cl)c1C(=O)N1CCCCN(C)C(=O)c2ccccc2OC2CCCCC21,-5.044,training
CN1CCC2(CCCCN(C(=O)Cc3c[nH]c4ccccc34)CCC(O)C(O)COC2=O)CC1,-6.921,training
Cc1nc(CC(=O)N2CCCCC3(CCN(C)CC3)C(=O)OCC(O)C(O)CC2)cs1,-6.119,training
CN1CCC2(CCCCN(C(=O)COc3cccc(Cl)c3)CCC(O)C(O)COC2=O)CC1,-6.42,training
O=C(CCN1CCCC1)N1CCCCC2(CCN(Cc3ccccn3)CC2)C(=O)OCC(O)C(O)CC1,-6.553,training
CN1CCC2(CCCCN(C(=O)CCC3CCCCC3)CCC(O)C(O)COC2=O)CC1,-5.955,training
Cc1ccccc1OCC(=O)N1CCCCC2(CCN(C)CC2)C(=O)OCC(O)C(O)CC1,-7.0,training
CN1CCC2(CCCCN(C(=O)CCc3c[nH]c4ccccc34)CCC(O)C(O)COC2=O)CC1,-6.444,training
COc1cccc(OCC(=O)N2CCCCC3(CCN(C)CC3)C(=O)OCC(O)C(O)CC2)c1,-6.796,training
CN1CCC2(CCCCN(C(=O)Cc3ccccc3F)CCC(O)C(O)COC2=O)CC1,-5.963,training
CN1CCC2(CCCCN(C(=O)CN3CCc4ccccc4C3)CCC(O)C(O)COC2=O)CC1,-6.367,training
CCOc1ccc(CC(=O)N2CCCCC3(CCN(C)CC3)C(=O)OCC(O)C(O)CC2)cc1,-6.495,training
COc1ccccc1OCC(=O)N1CCCCC2(CCN(C)CC2)C(=O)OCC(O)C(O)CC1,-6.194,training
CN1CCC(CC(=O)N2CCCCC3(CCN(Cc4ccccn4)CC3)C(=O)OCC(O)C(O)CC2)CC1,-6.959,training
COc1ccc(CCC(=O)N2CCCCC3(CCN(C)CC3)C(=O)OCC(O)C(O)CC2)c(OC)c1OC,-5.914,training
COc1cccc(OCC(=O)N2CCCCC3(CCN(Cc4ccccn4)CC3)C(=O)OCC(O)C(O)CC2)c1,-7.301,training
COc1ccccc1OCC(=O)N1CCCCC2(CCN(Cc3ccccn3)CC2)C(=O)OCC(O)C(O)CC1,-6.585,training
Cc1ccccc1OCC(=O)N1CCCCC2(CCN(Cc3ccccn3)CC2)C(=O)OCC(O)C(O)CC1,-6.432,training
CCOc1ccc(CC(=O)N2CCCCC3(CCN(Cc4ccccn4)CC3)C(=O)OCC(O)C(O)CC2)cc1,-6.469,training
COc1ccc(CCC(=O)N2CCCCC3(CCN(Cc4ccccn4)CC3)C(=O)OCC(O)C(O)CC2)c(OC)c1OC,-6.481,training
O=C(Cc1ccccc1F)N1CCCCC2(CCN(Cc3ccccn3)CC2)C(=O)OCC(O)C(O)CC1,-6.268,training
O=C(Cc1ccc(F)cc1)N1CCCCC2(CCN(Cc3ccccn3)CC2)C(=O)OCC(O)C(O)CC1,-6.237,training
O=C(Cc1c[nH]c2ccccc12)N1CCCCC2(CCN(Cc3ccccn3)CC2)C(=O)OCC(O)C(O)CC1,-6.77,training
COc1ccc(CCC(=O)N2CCCCC3(CCN(Cc4ccccn4)CC3)C(=O)OCC(O)C(O)CC2)cc1OC,-6.301,training
Cc1ccccc1CC(=O)N1CCCCC2(CCN(Cc3ccccn3)CC2)C(=O)OCC(O)C(O)CC1,-6.745,training
O=C(CCn1ccnc1)N1CCCCC2(CCN(Cc3ccccn3)CC2)C(=O)OCC(O)C(O)CC1,-6.398,training
O=C(Cc1c(F)cccc1Cl)N1CCCCC2(CCN(Cc3ccccn3)CC2)C(=O)OCC(O)C(O)CC1,-6.056,training
CS(=O)(=O)N1CCC(CC(=O)N2CCCCC3(CCN(Cc4ccccn4)CC3)C(=O)OCC(O)C(O)CC2)CC1,-6.854,training
Cc1nc(C)n(CC(=O)N2CCCCC3(CCN(Cc4ccccn4)CC3)C(=O)OCC(O)C(O)CC2)n1,-6.481,training
Cc1nc(CC(=O)N2CCCCC3(CCN(Cc4ccccn4)CC3)C(=O)OCC(O)C(O)CC2)cs1,-6.108,training
CS(=O)(=O)NCC(=O)N1CCCCC2(CCN(Cc3ccccn3)CC2)C(=O)OCC(O)C(O)CC1,-5.991,training
COc1cccc(OCC(=O)N2CCCCC3(CCN(Cc4ccncc4)CC3)C(=O)OCC(O)C(O)CC2)c1,-6.699,training
CN1CCC(CC(=O)N2CCCCC3(CCN(Cc4ccncc4)CC3)C(=O)OCC(O)C(O)CC2)CC1,-6.959,training
O=C(Cc1ccccc1F)N1CCCCC2(CCN(Cc3ccncc3)CC2)C(=O)OCC(O)C(O)CC1,-6.658,training
O=C(CCn1ccnc1)N1CCCCC2(CCN(Cc3ccncc3)CC2)C(=O)OCC(O)C(O)CC1,-6.658,training
O=C(CCn1ccnc1)N1CCCCC2(CCN(Cc3ccccc3)CC2)C(=O)OCC(O)C(O)CC1,-6.194,training
O=C(C1CCOCC1)N1CCCCC2(CCN(Cc3ccccc3)CC2)C(=O)OCC(O)C(O)CC1,-6.161,training
CCOc1ccc(CC(=O)N2CCCCC3(CCN(Cc4ccncc4)CC3)C(=O)OCC(O)C(O)CC2)cc1,-6.481,training
CN1CCC2(CCCCN(C(=O)Cc3ccc(Cl)cc3)CCC(O)C(O)COC2=O)CC1,-6.658,training
Cc1ccccc1OCC(=O)N1CCCCC2(CCN(Cc3ccncc3)CC2)C(=O)OCC(O)C(O)CC1,-6.398,training
CS(=O)(=O)N1CCC(CC(=O)N2CCCCC3(CCN(Cc4ccccc4)CC3)C(=O)OCC(O)C(O)CC2)CC1,-6.538,training
CN1CCC2(CCCCN(C(=O)Cc3ccccc3Cl)CCC(O)C(O)COC2=O)CC1,-6.292,training
Cc1ccc(CC(=O)N2CCCCC3(CCN(Cc4ccncc4)CC3)C(=O)OCC(O)C(O)CC2)cc1,-6.086,training
Cc1nc(CC(=O)N2CCCCC3(CCN(Cc4ccncc4)CC3)C(=O)OCC(O)C(O)CC2)cs1,-6.745,training
O=C(Cc1ccc(F)cc1)N1CCCCC2(CCN(Cc3ccncc3)CC2)C(=O)OCC(O)C(O)CC1,-6.387,training
COc1ccc(CCC(=O)N2CCCCC3(CCN(Cc4ccncc4)CC3)C(=O)OCC(O)C(O)CC2)cc1OC,-7.0,training
COc1ccc(CCC(=O)N2CCCCC3(CCN(Cc4ccncc4)CC3)C(=O)OCC(O)C(O)CC2)c(OC)c1OC,-6.456,training
O=C(Cc1ccc2c(c1)OCO2)N1CCCCC2(CCN(Cc3ccncc3)CC2)C(=O)OCC(O)C(O)CC1,-6.387,training
O=C(Cc1ccc(F)cc1)N1CCCCC2(CCN(Cc3ccccc3)CC2)C(=O)OCC(O)C(O)CC1,-5.533,training
O=C(CN1CCc2ccccc2C1)N1CCCCC2(CCN(Cc3ccncc3)CC2)C(=O)OCC(O)C(O)CC1,-6.357,training
O=C(Cc1c(F)cccc1Cl)N1CCCCC2(CCN(Cc3ccncc3)CC2)C(=O)OCC(O)C(O)CC1,-6.959,training
Cc1nc(C)n(CC(=O)N2CCCCC3(CCN(Cc4ccccc4)CC3)C(=O)OCC(O)C(O)CC2)n1,-6.387,training
O=C(Cc1c[nH]c2ccccc12)N1CCCCC2(CCN(Cc3ccccc3)CC2)C(=O)OCC(O)C(O)CC1,-7.301,training
CC(=O)N1CC(C(=O)N2CCCCC3(CCN(Cc4ccccc4)CC3)C(=O)OCC(O)C(O)CC2)C1,-5.924,training
O=C(Cn1cncn1)N1CCCCC2(CCN(Cc3ccncc3)CC2)C(=O)OCC(O)C(O)CC1,-6.62,training
O=C(Cc1ccccc1Cl)N1CCCCC2(CCN(Cc3ccncc3)CC2)C(=O)OCC(O)C(O)CC1,-6.509,training
CS(=O)(=O)NCC(=O)N1CCCCC2(CCN(Cc3ccccc3)CC2)C(=O)OCC(O)C(O)CC1,-6.131,training
CN1CCC(C(=O)N2CCCCC3(CCN(Cc4ccccc4)CC3)C(=O)OCC(O)C(O)CC2)CC1,-5.757,training
Cc1ccccc1CC(=O)N1CCCCC2(CCN(Cc3ccncc3)CC2)C(=O)OCC(O)C(O)CC1,-6.585,training
CN1CCC2(CCCCN(C(=O)Cc3ccc(F)cc3)CCC(O)C(O)COC2=O)CC1,-7.222,training
COc1ccc(CCC(=O)N2CCCCC3(CCN(Cc4ccccc4)CC3)C(=O)OCC(O)C(O)CC2)cc1OC,-5.879,training
CN1CCC(CC(=O)N2CCCCC3(CCN(Cc4ccccc4)CC3)C(=O)OCC(O)C(O)CC2)CC1,-5.772,training
O=C(Cc1ccccc1F)N1CCCCC2(CCN(Cc3ccccc3)CC2)C(=O)OCC(O)C(O)CC1,-5.478,training
O=C(CCc1c[nH]c2ccccc12)N1CCCCC2(CCN(Cc3ccncc3)CC2)C(=O)OCC(O)C(O)CC1,-7.398,training
Cc1nc(C)n(CC(=O)N2CCCCC3(CCN(Cc4ccncc4)CC3)C(=O)OCC(O)C(O)CC2)n1,-5.873,training
COc1ccc(CCC(=O)N2CCCCC3(CCN(C)CC3)C(=O)OCC(O)C(O)CC2)cc1OC,-6.268,training
CN1CCC2(CCCCN(C(=O)Cc3ccc4c(c3)OCO4)CCC(O)C(O)COC2=O)CC1,-6.31,training
CN1CCC2(CCCCN(C(=O)Cc3c(F)cccc3Cl)CCC(O)C(O)COC2=O)CC1,-5.544,training
COc1ccc(CCC(=O)N2CCCCC3(CCN(Cc4ccccc4)CC3)C(=O)OCC(O)C(O)CC2)c(OC)c1OC,-5.521,training
O=C(Cc1ccc2c(c1)OCO2)N1CCCCC2(CCN(Cc3ccccc3)CC2)C(=O)OCC(O)C(O)CC1,-5.6,training
O=C(Cc1c[nH]c2ccccc12)N1CCCCC2(CCN(Cc3ccncc3)CC2)C(=O)OCC(O)C(O)CC1,-8.0,training
O=C(Cc1ccc2c(c1)OCO2)N1CCCCC2(CCN(Cc3ccccn3)CC2)C(=O)OCC(O)C(O)CC1,-6.553,training
O=C(Cc1ccccc1Cl)N1CCCCC2(CCN(Cc3ccccn3)CC2)C(=O)OCC(O)C(O)CC1,-6.523,training
CN1CCCN(C(=O)CN2CCCCCCOc3ccccc3Oc3ncccc3C2)CC1,-5.399,training
O=C(CN1CCCCCCOc2ccccc2Oc2ncccc2C1)NCc1cccc(CN2CCCCC2)c1,-5.058,training
CN1CCC(CNC(=O)CN2CCCCCCOc3ccccc3Oc3ncccc3C2)CC1,-5.951,training
CCN(CC)C(CNC(=O)CN1CCCCCCOc2ccccc2Oc2ncccc2C1)c1ccc(C)cc1,-5.69,training
O=C(CN1CCCCCCOc2ccccc2Oc2ncccc2C1)NCc1ccccc1CN1CCCCC1,-5.373,training
O=C(CN1CCCCCCOc2ccccc2Oc2ncccc2C1)NC1CCN(Cc2ccccc2)CC1,-5.836,training
O=C(CN1CCCCCCOc2ccccc2Oc2ncccc2C1)NCC(c1ccccc1)N1CCCCC1,-5.772,training
CN1CCCC(CNC(=O)CN2CCCCCCOc3ccccc3Oc3ncccc3C2)C1,-5.369,training
CCN1CCCC1CNC(=O)CN1CCCCCCOc2ccccc2Oc2ncccc2C1,-4.826,training
CN1CCC(NC(=O)CN2CCCCCCOc3ccccc3Oc3ncccc3C2)CC1,-5.175,training
CN(C)CCN1CCN(C(=O)CN2CCCCCCOc3ccccc3Oc3ncccc3C2)CC1,-5.209,training
O=C(CN1CCCCCCOc2ccccc2Oc2ncccc2C1)NCCN1CCCCC1,-4.87,training
CN(C)CCNC(=O)CN1CCCCCCOc2ccccc2Oc2ncccc2C1,-5.025,training
CN1CCC(C(=O)N2CCCCCCOc3ccccc3Oc3ncccc3C2)C1,-5.017,training
CS(=O)(=O)N1CCN(C(=O)CN2CCCCCCOc3ccccc3Oc3ncccc3C2)CC1,-5.772,training
CN1CCN(C(=O)CN2CCCCCCOc3ccccc3Oc3ncccc3C2)CC1,-5.51,training
O=C(CN1CCCCCCOc2ccccc2Oc2ncccc2C1)NC1CCCC1,-5.656,training
CC1Cc2cc(CNC(=O)CN3CCCCCCOc4ccccc4Oc4ncccc4C3)ccc2O1,-5.936,training
COc1cc(C(=O)N2CCCCCCOc3ccccc3Oc3ncccc3C2)ccn1,-5.688,training
CC(C)NC(=O)CN1CCCCCCOc2ccccc2Oc2ncccc2C1,-5.377,training
CCN(CCO)C(=O)CN1CCCCCCOc2ccccc2Oc2ncccc2C1,-5.483,training
O=C(CN1CCCCCCOc2ccccc2Oc2ncccc2C1)N1CCCC1CO,-5.951,training
O=C(CN1CCCCCCOc2ccccc2Oc2ncccc2C1)N1CCCC1,-5.072,training
COc1cccc(NC(=O)CN2CCCCCCOc3ccccc3Oc3ncccc3C2)c1,-5.917,training
O=C(CN1CCCCCCOc2ccccc2Oc2ncccc2C1)N1CCCCC1Cc1ccccc1,-5.174,training
CCC(CC)NC(=O)CN1CCCCCCOc2ccccc2Oc2ncccc2C1,-5.699,training
O=C(CN1CCCCCCOc2ccccc2Oc2ncccc2C1)NCCCCCO,-5.357,training
COCc1ccccc1CNC(=O)CN1CCCCCCOc2ccccc2Oc2ncccc2C1,-5.51,training
O=C(CN1CCCCCCOc2ccccc2Oc2ncccc2C1)N1CCN(c2ccccn2)CC1,-5.339,training
O=C(CN1CCCCCCOc2ccccc2Oc2ncccc2C1)NCCOc1ccccc1,-5.914,training
CN(CC(O)CO)C(=O)CN1CCCCCCOc2ccccc2Oc2ncccc2C1,-6.398,training
Cc1cncc(NC(=O)CN2CCCCCCOc3ccccc3Oc3ncccc3C2)c1,-5.936,training
Cc1cnc(C(=O)N2CCCCCCOc3ccccc3Oc3ncccc3C2)cn1,-5.407,training
CC(C)(C)OC(=O)CN1CCCCCCOc2ccccc2Oc2ncccc2C1,-5.932,training
O=C(CN1CCCCCCOc2ccccc2Oc2ncccc2C1)NCCN1CCCC1=O,-5.255,training
CC(C)CNC(=O)CN1CCCCCCOc2ccccc2Oc2ncccc2C1,-5.301,training
CC(C)Cc1nocc1CNC(=O)CN1CCCCCCOc2ccccc2Oc2ncccc2C1,-6.114,training
O=C1CN(C(=O)CN2CCCCCCOc3ccccc3Oc3ncccc3C2)CCN1,-6.357,training
O=C(CN1CCCCCCOc2ccccc2Oc2ncccc2C1)NC1CCOCC1,-5.69,training
O=C(CN1CCCCCCOc2ccccc2Oc2ncccc2C1)N1CCOCC1,-6.086,training
O=C(CN1CCCCCCOc2ccccc2Oc2ncccc2C1)N1CCC(Cc2ccccc2)CC1,-5.369,training
O=C(CN1CCCCCCOc2ccccc2Oc2ncccc2C1)NCC(O)CO,-5.703,training
COc1ccc(CNC(=O)CN2CCCCCCOc3ccccc3Oc3ncccc3C2)cc1,-5.762,training
COc1ccccc1CNC(=O)CN1CCCCCCOc2ccccc2Oc2ncccc2C1,-5.483,training
O=C(CN1CCCCCCOc2ccccc2Oc2ncccc2C1)N1CC(O)C1,-6.114,training
CCc1nnsc1C(=O)N1CCCCCCOc2ccccc2Oc2ncccc2C1,-5.656,training
Cc1ccc(NC(=O)CN2CCCCCCOc3ccccc3Oc3ncccc3C2)cn1,-5.04,training
O=C(CN1CCCCCCOc2ccccc2Oc2ncccc2C1)NCC1CC1,-5.209,training
NC(=O)CCNC(=O)CN1CCCCCCOc2ccccc2Oc2ncccc2C1,-6.824,training
COc1cc(C)c(CNC(=O)CN2CCCCCCOc3ccccc3Oc3ncccc3C2)cc1C(C)C,-6.086,training
CC(C)C(=O)N1CCCCCCOc2ccccc2Oc2ncccc2C1,-5.519,training
CN(CCO)C(=O)CN1CCCCCCOc2ccccc2Oc2ncccc2C1,-5.275,training
O=C(CN1CCCCCCOc2ccccc2Oc2ncccc2C1)Nc1ccncc1,-5.217,training
O=C(CN1CCCCCCOc2ccccc2Oc2ncccc2C1)NCCc1ccccc1,-6.086,training
CC(C)N1CCN(C(=O)CN2CCCCCCOc3ccccc3Oc3ncccc3C2)CC1,-5.19,training
O=C(CN1CCCCCCOc2ccccc2Oc2ncccc2C1)N1CCC(CO)CC1,-5.21,training
O=C(CN1CCCCCCOc2ccccc2Oc2ncccc2C1)NC1CC1,-5.255,training
CC1CN(C(=O)CN2CCCCCCOc3ccccc3Oc3ncccc3C2)CC(C)O1,-6.086,training
CC(C)CC(CO)NC(=O)CN1CCCCCCOc2ccccc2Oc2ncccc2C1,-5.112,training
O=C(CN1CCCCCCOc2ccccc2Oc2ncccc2C1)N1CCC(O)CC1,-6.208,training
CC(C)c1nnsc1CNC(=O)CN1CCCCCCOc2ccccc2Oc2ncccc2C1,-5.399,training
O=C(CN1CCCCCCOc2ccccc2Oc2ncccc2C1)N1CCN(Cc2ccc(F)cc2)CC1,-6.06,training
O=C(CN1CCCCCCOc2ccccc2Oc2ncccc2C1)NCCc1ccc2c(c1)OCO2,-5.703,training
CN(Cc1ccccc1)C(=O)CN1CCCCCCOc2ccccc2Oc2ncccc2C1,-6.222,training
CC(CO)NC(=O)CN1CCCCCCOc2ccccc2Oc2ncccc2C1,-6.523,training
O=C(CN1CCCCCCOc2ccccc2Oc2ncccc2C1)NCCO,-5.21,training
O=C(CN1CCCCCCOc2ccccc2Oc2ncccc2C1)NC(CO)c1ccccc1,-5.02,training
Cc1cnccc1NC(=O)CN1CCCCCCOc2ccccc2Oc2ncccc2C1,-4.961,training
O=C(CN1CCCCCCOc2ccccc2Oc2ncccc2C1)N1CCCC(O)C1,-4.998,training
CCOc1ccc(CNC(=O)CN2CCCCCCOc3ccccc3Oc3ncccc3C2)cc1,-6.367,training
O=C(CN1CCCCCCOc2ccccc2Oc2ncccc2C1)NCCc1c[nH]cn1,-6.77,training
O=C(CN1CCCCCCOc2ccccc2Oc2ncccc2C1)Nc1cccc(Cl)c1,-4.905,training
O=C(CN1CCCCCCOc2ccccc2Oc2ncccc2C1)NCCc1nccs1,-4.836,training
O=C(CN1CCCCCCOc2ccccc2Oc2ncccc2C1)N(CCO)Cc1ccccc1,-4.873,training
O=C(CN1CCCCCCOc2ccccc2Oc2ncccc2C1)N1CCCC(CO)C1,-4.826,training
O=C(CN1CCCCCCOc2ccccc2Oc2ncccc2C1)NCCS(=O)(=O)N1CCCC1,-5.19,training
O=C(CN1CCCCCCOc2ccccc2Oc2ncccc2C1)N1C2CCC1CC(O)C2,-5.033,training
Cc1cc(C)n(CCNC(=O)CN2CCCCCCOc3ccccc3Oc3ncccc3C2)n1,-4.905,training
COCCOc1cccc(CNC(=O)CN2CCCCCCOc3ccccc3Oc3ncccc3C2)c1,-5.217,training
Cc1ccc(CNC(=O)CN2CCCCCCOc3ccccc3Oc3ncccc3C2)cc1,-6.523,training
O=C(CN1CCCCCCOc2ccccc2Oc2ncccc2C1)NCc1cccc(N2CCCC2=O)c1,-5.082,training
CN(CCc1ccccc1)C(=O)CN1CCCCCCOc2ccccc2Oc2ncccc2C1,-6.187,training
O=C(CN1CCCCCCOc2ccccc2Oc2ncccc2C1)NCc1cc(F)cc(F)c1,-6.745,training
O=C(c1cccc(F)c1)N1CCCCCCOc2ccccc2Oc2ncccc2C1,-6.284,training
O=C(CN1CCCCCCOc2ccccc2Oc2ncccc2C1)NC(CO)Cc1ccccc1,-6.824,training
CC(C)C(CO)NC(=O)CN1CCCCCCOc2ccccc2Oc2ncccc2C1,-4.89,training
Cc1cc(CNC(=O)CN2CCCCCCOc3ccccc3Oc3ncccc3C2)[nH]n1,-5.301,training
CN(C)S(=O)(=O)c1ccc(CCNC(=O)CN2CCCCCCOc3ccccc3Oc3ncccc3C2)cc1,-5.253,training
O=C(CN1CCCCCCOc2ccccc2Oc2ncccc2C1)N1CCN(c2ncccn2)CC1,-5.151,training
O=C(CN1CCCCCCOc2ccccc2Oc2ncccc2C1)NCCc1ccc(Cl)cc1,-6.585,training
COc1cc(CNC(=O)CN2CCCCCCOc3ccccc3Oc3ncccc3C2)cc2c1OCO2,-5.357,training
O=C(CN1CCCCCCOc2ccccc2Oc2ncccc2C1)N1CCC(CCO)CC1,-4.829,training
O=C(CN1CCCCCCOc2ccccc2Oc2ncccc2C1)NCCCO,-4.873,training
O=C(CN1CCCCCCOc2ccccc2Oc2ncccc2C1)NCC1CCOCC1,-4.829,training
CC(C)(CNC(=O)CN1CCCCCCOc2ccccc2Oc2ncccc2C1)c1ccccc1F,-6.553,training
CC(C)(CNC(=O)CN1CCCCCCOc2ccccc2Oc2ncccc2C1)c1cccc(F)c1,-6.62,training
COCCN1CCN(C(=O)CN2CCCCCCOc3ccccc3Oc3ncccc3C2)CC1,-6.62,training
Cc1ccccc1CCNC(=O)CN1CCCCCCOc2ccccc2Oc2ncccc2C1,-6.432,training
O=C(CN1CCCCCCOc2ccccc2Oc2ncccc2C1)NC(CO)Cc1cnc[nH]1,-5.253,training
COc1cc(CNC(=O)CN2CCCCCCOc3ccccc3Oc3ncccc3C2)cc(OC)c1OC,-4.99,training
O=C(CN1CCCCCCOc2ccccc2Oc2ncccc2C1)NCc1ccc(Cl)cc1,-6.62,training
CC(C)(CNC(=O)CN1CCCCCCOc2ccccc2Oc2ncccc2C1)c1ccc(F)cc1,-7.046,training
Cc1nc(CNC(=O)CN2CCCCCCOc3ccccc3Oc3ncccc3C2)no1,-4.712,training
CCN(CC)C(=O)CN1CCCCCCOc2ccccc2Oc2ncccc2C1,-7.046,training
Cc1ccncc1NC(=O)CN1CCCCCCOc2ccccc2Oc2ncccc2C1,-6.77,training
O=C(CN1CCCCCCOc2ccccc2Oc2ncccc2C1)NCc1cccc(CN2CCOCC2)c1,-5.1,training
CN1CCC2(CCCCN(C(=O)c3ccc4ccccc4n3)CCC(O)C(O)COC2=O)CC1,-6.585,training
Cc1ccc(C(=O)N2CCCCC3(CCN(C)CC3)C(=O)OCC(O)C(O)CC2)cn1,-6.699,training
CN1CCC2(CCCCN(C(=O)c3ccncc3)CCC(O)C(O)COC2=O)CC1,-6.569,training
CN1CCC2(CCCCN(C(=O)c3ccc4ncccc4c3)CCC(O)C(O)COC2=O)CC1,-6.432,training
Cc1cccc(C(=O)N2CCCCC3(CCN(C)CC3)C(=O)OCC(O)C(O)CC2)c1C,-5.91,training
CN1CCC2(CCCCN(C(=O)c3cnccn3)CCC(O)C(O)COC2=O)CC1,-6.921,training
CCOc1cccc(C(=O)N2CCCCC3(CCN(C)CC3)C(=O)OCC(O)C(O)CC2)c1,-6.301,training
CN1CCC2(CCCCN(C(=O)c3cnc4ccccc4c3)CCC(O)C(O)COC2=O)CC1,-6.409,training
CN1CCC2(CCCCN(C(=O)c3ccc(C(F)(F)F)cc3)CCC(O)C(O)COC2=O)CC1,-6.745,training
CN1CCC2(CCCCN(C(=O)c3cnc4ccccc4n3)CCC(O)C(O)COC2=O)CC1,-6.824,training
CN1CCC2(CCCCN(C(=O)c3cnc[nH]3)CCC(O)C(O)COC2=O)CC1,-6.678,training
Cc1cnc(C(=O)N2CCCCC3(CCN(C)CC3)C(=O)OCC(O)C(O)CC2)cn1,-6.319,training
CN1CCC2(CCCCN(C(=O)c3cccnc3)CCC(O)C(O)COC2=O)CC1,-6.337,training
CN1CCC2(CCCCN(C(=O)c3ccc4[nH]ccc4c3)CCC(O)C(O)COC2=O)CC1,-6.62,training
CN1CCC2(CCCCN(C(=O)c3ccc4c(c3)OCO4)CCC(O)C(O)COC2=O)CC1,-6.602,training
CN1CCC(C(=O)N2CCCCC3(CCN(Cc4ccccn4)CC3)C(=O)OCC(O)C(O)CC2)CC1,-6.585,training
CN1CCC2(CCCCN(C(=O)c3ccc(N)nc3)CCC(O)C(O)COC2=O)CC1,-7.0,training
Cc1cc(C(=O)N2CCCCC3(CCN(C)CC3)C(=O)OCC(O)C(O)CC2)no1,-5.804,training
CN1CCC2(CCCCN(C(=O)c3ccc4[nH]cnc4c3)CCC(O)C(O)COC2=O)CC1,-6.31,training
CN1CCC2(CCCCN(C(=O)c3cn(C)cn3)CCC(O)C(O)COC2=O)CC1,-5.775,training
Cc1ncc(C(=O)N2CCCCC3(CCN(C)CC3)C(=O)OCC(O)C(O)CC2)c(C)n1,-8.0,training
CN1CCC2(CCCCN(C(=O)c3cn(C)nn3)CCC(O)C(O)COC2=O)CC1,-5.369,training
Cc1cc(C(=O)N2CCCCC3(CCN(Cc4ccccn4)CC3)C(=O)OCC(O)C(O)CC2)no1,-6.824,training
Cc1ncccc1C(=O)N1CCCCC2(CCN(Cc3ccccn3)CC2)C(=O)OCC(O)C(O)CC1,-6.699,training
Cc1cccc(C(=O)N2CCCCC3(CCN(Cc4ccccn4)CC3)C(=O)OCC(O)C(O)CC2)c1C,-6.092,training
Cc1cnc(C(=O)N2CCCCC3(CCN(Cc4ccccn4)CC3)C(=O)OCC(O)C(O)CC2)cn1,-6.959,training
CCOc1cccc(C(=O)N2CCCCC3(CCN(Cc4ccccn4)CC3)C(=O)OCC(O)C(O)CC2)c1,-6.292,training
Cc1cnccc1C(=O)N1CCCCC2(CCN(Cc3ccccn3)CC2)C(=O)OCC(O)C(O)CC1,-6.538,training
Cc1ncc(C(=O)N2CCCCC3(CCN(Cc4ccccn4)CC3)C(=O)OCC(O)C(O)CC2)c(C)n1,-6.432,training
O=C(c1cccc2cc[nH]c12)N1CCCCC2(CCN(Cc3ccccn3)CC2)C(=O)OCC(O)C(O)CC1,-7.097,training
O=C(c1cnc2ccccc2c1)N1CCCCC2(CCN(Cc3ccccn3)CC2)C(=O)OCC(O)C(O)CC1,-6.357,training
O=C(c1ccc2ncccc2c1)N1CCCCC2(CCN(Cc3ccccn3)CC2)C(=O)OCC(O)C(O)CC1,-6.367,training
CC(=O)N1CC(C(=O)N2CCCCC3(CCN(Cc4ccccn4)CC3)C(=O)OCC(O)C(O)CC2)C1,-6.328,training
Cc1ncncc1C(=O)N1CCCCC2(CCN(Cc3ccccn3)CC2)C(=O)OCC(O)C(O)CC1,-6.409,training
Cn1cc(C(=O)N2CCCCC3(CCN(Cc4ccccn4)CC3)C(=O)OCC(O)C(O)CC2)nn1,-6.347,training
O=C(c1cncnc1)N1CCCCC2(CCN(Cc3ccccn3)CC2)C(=O)OCC(O)C(O)CC1,-8.0,training
Cc1ccc(C(=O)N2CCCCC3(CCN(Cc4ccccn4)CC3)C(=O)OCC(O)C(O)CC2)cn1,-7.699,training
O=C(c1ccc2c(c1)OCO2)N1CCCCC2(CCN(Cc3ccccn3)CC2)C(=O)OCC(O)C(O)CC1,-6.921,training
O=C(c1ccc2ccccc2n1)N1CCCCC2(CCN(Cc3ccccn3)CC2)C(=O)OCC(O)C(O)CC1,-6.796,training
O=C(c1cnc2ccccc2n1)N1CCCCC2(CCN(Cc3ccccn3)CC2)C(=O)OCC(O)C(O)CC1,-6.699,training
Cn1cc(C(=O)N2CCCCC3(CCN(Cc4ccccn4)CC3)C(=O)OCC(O)C(O)CC2)cn1,-6.456,training
O=C(C1CCOCC1)N1CCCCC2(CCN(Cc3ccccn3)CC2)C(=O)OCC(O)C(O)CC1,-5.959,training
O=C(c1cnc2ccccc2c1)N1CCCCC2(CCN(Cc3ccccc3)CC2)C(=O)OCC(O)C(O)CC1,-6.108,training
O=C(c1ccc2ncccc2c1)N1CCCCC2(CCN(Cc3ccncc3)CC2)C(=O)OCC(O)C(O)CC1,-6.721,training
O=C(c1ccc2ccccc2n1)N1CCCCC2(CCN(Cc3ccncc3)CC2)C(=O)OCC(O)C(O)CC1,-6.585,training
Cc1cccc(C)c1C(=O)N1CCCCC2(CCN(Cc3ccncc3)CC2)C(=O)OCC(O)C(O)CC1,-6.201,training
Cc1ncc(C(=O)N2CCCCC3(CCN(Cc4ccncc4)CC3)C(=O)OCC(O)C(O)CC2)c(C)n1,-6.824,training
CCOc1cccc(C(=O)N2CCCCC3(CCN(Cc4ccncc4)CC3)C(=O)OCC(O)C(O)CC2)c1,-6.509,training
CN(C)c1ccc(C(=O)N2CCCCC3(CCN(Cc4ccncc4)CC3)C(=O)OCC(O)C(O)CC2)cc1,-6.602,training
O=C(c1cncnc1)N1CCCCC2(CCN(Cc3ccccc3)CC2)C(=O)OCC(O)C(O)CC1,-6.387,training
Cc1ncncc1C(=O)N1CCCCC2(CCN(Cc3ccccc3)CC2)C(=O)OCC(O)C(O)CC1,-7.097,training
Cn1cc(C(=O)N2CCCCC3(CCN(Cc4ccncc4)CC3)C(=O)OCC(O)C(O)CC2)nn1,-6.959,training
CC(=O)N1CC(C(=O)N2CCCCC3(CCN(Cc4ccncc4)CC3)C(=O)OCC(O)C(O)CC2)C1,-6.62,training
Cc1cccc(C(=O)N2CCCCC3(CCN(Cc4ccncc4)CC3)C(=O)OCC(O)C(O)CC2)c1C,-6.319,training
CC(=O)N1CCCCC2(CCN(Cc3ccncc3)CC2)C(=O)OCC(O)C(O)CC1,-6.26,training
Cn1cc(C(=O)N2CCCCC3(CCN(Cc4ccncc4)CC3)C(=O)OCC(O)C(O)CC2)cn1,-6.796,training
Cc1cnccc1C(=O)N1CCCCC2(CCN(Cc3ccccc3)CC2)C(=O)OCC(O)C(O)CC1,-6.222,training
Cc1cc(C(=O)N2CCCCC3(CCN(Cc4ccccc4)CC3)C(=O)OCC(O)C(O)CC2)no1,-5.889,training
CN1CCC(C(=O)N2CCCCC3(CCN(Cc4ccncc4)CC3)C(=O)OCC(O)C(O)CC2)CC1,-6.658,training
Cc1ncccc1C(=O)N1CCCCC2(CCN(Cc3ccncc3)CC2)C(=O)OCC(O)C(O)CC1,-6.131,training
O=C(c1ccc2ncccc2c1)N1CCCCC2(CCN(Cc3ccccc3)CC2)C(=O)OCC(O)C(O)CC1,-6.444,training
Cc1cnc(C(=O)N2CCCCC3(CCN(Cc4ccccc4)CC3)C(=O)OCC(O)C(O)CC2)cn1,-6.602,training
O=C(c1ccc2c(c1)OCO2)N1CCCCC2(CCN(Cc3ccncc3)CC2)C(=O)OCC(O)C(O)CC1,-6.31,training
O=C(c1cnc2ccccc2c1)N1CCCCC2(CCN(Cc3ccncc3)CC2)C(=O)OCC(O)C(O)CC1,-7.046,training
O=C(c1cncnc1)N1CCCCC2(CCN(Cc3ccncc3)CC2)C(=O)OCC(O)C(O)CC1,-7.301,training
O=C(c1cnccn1)N1CCCCC2(CCN(Cc3ccncc3)CC2)C(=O)OCC(O)C(O)CC1,-7.155,training
O=C(C1CCOCC1)N1CCCCC2(CCN(Cc3ccncc3)CC2)C(=O)OCC(O)C(O)CC1,-6.745,training
O=C(c1cnccn1)N1CCCCC2(CCN(Cc3ccccc3)CC2)C(=O)OCC(O)C(O)CC1,-6.721,training
Cc1ncncc1C(=O)N1CCCCC2(CCN(Cc3ccncc3)CC2)C(=O)OCC(O)C(O)CC1,-7.222,training
O=C(c1ccc2c(c1)OCO2)N1CCCCC2(CCN(Cc3ccccc3)CC2)C(=O)OCC(O)C(O)CC1,-5.754,training
Cc1cnccc1C(=O)N1CCCCC2(CCN(Cc3ccncc3)CC2)C(=O)OCC(O)C(O)CC1,-7.046,training
O=C(c1cccc2[nH]ccc12)N1CCCCC2(CCN(Cc3ccccc3)CC2)C(=O)OCC(O)C(O)CC1,-7.097,training
Cc1cnc(C(=O)N2CCCCC3(CCN(Cc4ccncc4)CC3)C(=O)OCC(O)C(O)CC2)cn1,-7.301,training
CN(C)c1ccc(C(=O)N2CCCCC3(CCN(Cc4ccccc4)CC3)C(=O)OCC(O)C(O)CC2)cc1,-5.397,training
O=C(c1cnc2ccccc2n1)N1CCCCC2(CCN(Cc3ccccc3)CC2)C(=O)OCC(O)C(O)CC1,-5.542,training
Cc1cc(C(=O)N2CCCCC3(CCN(Cc4ccncc4)CC3)C(=O)OCC(O)C(O)CC2)no1,-7.301,training
Cc1ccc(C(=O)N2CCCCC3(CCN(Cc4ccccc4)CC3)C(=O)OCC(O)C(O)CC2)cn1,-7.046,training
Cc1ncc(C(=O)N2CCCCC3(CCN(Cc4ccccc4)CC3)C(=O)OCC(O)C(O)CC2)c(C)n1,-7.0,training
Cc1ncccc1C(=O)N1CCCCC2(CCN(Cc3ccccc3)CC2)C(=O)OCC(O)C(O)CC1,-7.222,training
Cn1cc(C(=O)N2CCCCC3(CCN(Cc4ccccc4)CC3)C(=O)OCC(O)C(O)CC2)cn1,-7.699,training
Cc1ccc(C(=O)N2CCCCC3(CCN(Cc4ccncc4)CC3)C(=O)OCC(O)C(O)CC2)cn1,-8.0,training
CCCn1ccc(C(=O)N2CCC(N3CCCC(C)(C)COc4ccccc4Oc4ncccc4C3)CC2)n1,-5.656,training
CC(C)Cc1cc(C(=O)N2CCC(N3CCCC(C)(C)COc4ccccc4Oc4ncccc4C3)CC2)on1,-5.638,training
COc1cc(C(=O)N2CCC(N3CCCC(C)(C)COc4ccccc4Oc4ncccc4C3)CC2)ccn1,-5.636,training
Cn1cc(C(=O)N2CCC(N3CCCC(C)(C)COc4ccccc4Oc4ncccc4C3)CC2)ccc1=O,-5.408,training
Cc1onc(C(C)C)c1C(=O)N1CCC(N2CCCC(C)(C)COc3ccccc3Oc3ncccc3C2)CC1,-5.714,training
CC(C)Cc1cc(C(=O)N2CCC(N3CCCC(C)(C)COc4ccccc4Oc4ncccc4C3)CC2)n(C)n1,-5.706,training
CC1(C)CCCN(C2CCN(C(=O)C3CCOCC3)CC2)Cc2cccnc2Oc2ccccc2OC1,-5.184,training
COc1ccc(C(=O)N2CCC(N3CCCC(C)(C)COc4ccccc4Oc4ncccc4C3)CC2)cn1,-5.754,training
CC1(C)CCCN(C2CCN(C(=O)c3cnc(C4CC4)nc3)CC2)Cc2cccnc2Oc2ccccc2OC1,-5.801,training
CCCn1nccc1C(=O)N1CCC(N2CCCC(C)(C)COc3ccccc3Oc3ncccc3C2)CC1,-5.963,training
COc1cccc(C(=O)N2CCC(N3CCCC(C)(C)COc4ccccc4Oc4ncccc4C3)CC2)n1,-5.914,training
Cc1nc(C2CC2)ncc1C(=O)N1CCC(N2CCCC(C)(C)COc3ccccc3Oc3ncccc3C2)CC1,-5.772,training
CCc1cc(C(=O)N2CCC(N3CCCC(C)(C)COc4ccccc4Oc4ncccc4C3)CC2)no1,-6.032,training
CC1(C)CCCN(C2CCN(C(=O)c3ccccc3F)CC2)Cc2cccnc2Oc2ccccc2OC1,-6.086,training
CCc1nnsc1C(=O)N1CCC(N2CCCC(C)(C)COc3ccccc3Oc3ncccc3C2)CC1,-5.971,training
CC1(C)CCCN(C2CCN(C(=O)C3CCCC3)CC2)Cc2cccnc2Oc2ccccc2OC1,-6.229,training
CC1(C)CCCN(CC(=O)NCCCN2CCCC2)Cc2cccnc2Oc2ccccc2OC1,-5.548,training
CC1(C)CCCN(CC(=O)NCc2cccc(CN3CCCCC3)c2)Cc2cccnc2Oc2ccccc2OC1,-5.369,training
CC1(C)CCCN(CC(=O)NCCN2CCCC2)Cc2cccnc2Oc2ccccc2OC1,-4.972,training
CN1CCCC(CNC(=O)CN2CCCC(C)(C)COc3ccccc3Oc3ncccc3C2)C1,-5.155,training
CN(C)CCNC(=O)CN1CCCC(C)(C)COc2ccccc2Oc2ncccc2C1,-5.042,training
CCN1CCCC1CNC(=O)CN1CCCC(C)(C)COc2ccccc2Oc2ncccc2C1,-5.09,training
CC1(C)CCCN(CC(=O)NCCN2CCCCC2)Cc2cccnc2Oc2ccccc2OC1,-5.124,training
CC1(C)CCCN(CC(=O)NCCc2c[nH]cn2)Cc2cccnc2Oc2ccccc2OC1,-6.229,training
CC(C)c1nnsc1CNC(=O)CN1CCCC(C)(C)COc2ccccc2Oc2ncccc2C1,-5.656,training
CC1(C)CCCN(CC(=O)NCCc2ccc3c(c2)OCO3)Cc2cccnc2Oc2ccccc2OC1,-6.056,training
CC(C)CNC(=O)CN1CCCC(C)(C)COc2ccccc2Oc2ncccc2C1,-5.866,training
CC1(C)CCCN(CC(=O)NCC2CC2)Cc2cccnc2Oc2ccccc2OC1,-5.757,training
CC1(C)CCCN(CC(=O)NCCn2ccnc2)Cc2cccnc2Oc2ccccc2OC1,-5.234,training
COc1cccc(CNC(=O)CN2CCCC(C)(C)COc3ccccc3Oc3ncccc3C2)c1,-6.119,training
CC1(C)CCCN(CC(=O)N2CCCC2CO)Cc2cccnc2Oc2ccccc2OC1,-5.249,training
CC1(C)CCCN(CC(=O)NCc2cccc(N3CCCC3=O)c2)Cc2cccnc2Oc2ccccc2OC1,-5.231,training
CC1(C)CCCN(CC(=O)NCc2nnc3n2CCCCC3)Cc2cccnc2Oc2ccccc2OC1,-6.18,training
COCc1ccccc1CNC(=O)CN1CCCC(C)(C)COc2ccccc2Oc2ncccc2C1,-5.996,training
CC1(C)CCCN(CC(=O)NCCc2ccccn2)Cc2cccnc2Oc2ccccc2OC1,-5.106,training
Cc1nn(CCNC(=O)CN2CCCC(C)(C)COc3ccccc3Oc3ncccc3C2)c(C)c1Cl,-6.051,training
Cc1ccncc1NC(=O)CN1CCCC(C)(C)COc2ccccc2Oc2ncccc2C1,-5.149,training
CC1(C)CCCN(CC(=O)NCc2cccc(CN3CCOCC3)c2)Cc2cccnc2Oc2ccccc2OC1,-5.438,training
CC1Cc2cc(CNC(=O)CN3CCCC(C)(C)COc4ccccc4Oc4ncccc4C3)ccc2O1,-6.143,training
CCN(CC)C(=O)CN1CCCC(C)(C)COc2ccccc2Oc2ncccc2C1,-5.857,training
CC1(C)CCCN(CC(=O)N2CCC(CCO)CC2)Cc2cccnc2Oc2ccccc2OC1,-5.091,training
CC1(C)CCCN(CC(=O)NCCc2nccs2)Cc2cccnc2Oc2ccccc2OC1,-5.196,training
CC1(C)CCCN(CC(=O)NCCc2ccc(S(N)(=O)=O)cc2)Cc2cccnc2Oc2ccccc2OC1,-6.585,training
COc1cc(C)c(CNC(=O)CN2CCCC(C)(C)COc3ccccc3Oc3ncccc3C2)cc1C(C)C,-6.26,training
Cc1nnsc1CNC(=O)CN1CCCC(C)(C)COc2ccccc2Oc2ncccc2C1,-5.249,training
COc1ccccc1CNC(=O)CN1CCCC(C)(C)COc2ccccc2Oc2ncccc2C1,-6.187,training
COCCN1CCN(C(=O)CN2CCCC(C)(C)COc3ccccc3Oc3ncccc3C2)CC1,-5.025,training
CN1CCN(C(=O)CN2CCCC(C)(C)COc3ccccc3Oc3ncccc3C2)CC1,-5.043,training
CC1(C)CCCN(CC(=O)NCc2ccccn2)Cc2cccnc2Oc2ccccc2OC1,-5.052,training
CC1(C)CCCN(CC(=O)NCc2ccc(Oc3cccnc3)cc2)Cc2cccnc2Oc2ccccc2OC1,-6.387,training
Cc1cc(C)n(CCNC(=O)CN2CCCC(C)(C)COc3ccccc3Oc3ncccc3C2)n1,-5.232,training
CC1(C)CCCN(CC(=O)NCC2CCOCC2)Cc2cccnc2Oc2ccccc2OC1,-5.105,training
CC1(C)CCCN(CC(=O)NCCN2CCCC2=O)Cc2cccnc2Oc2ccccc2OC1,-5.038,training
COCCNC(=O)CN1CCCC(C)(C)COc2ccccc2Oc2ncccc2C1,-5.156,training
CCOc1ccc(CNC(=O)CN2CCCC(C)(C)COc3ccccc3Oc3ncccc3C2)cc1,-6.284,training
CC1(C)CCCN(CC(=O)N2CCC(CO)CC2)Cc2cccnc2Oc2ccccc2OC1,-5.162,training
COc1ccc(CNC(=O)CN2CCCC(C)(C)COc3ccccc3Oc3ncccc3C2)cc1OC,-5.423,training
CC1(C)CCCN(CC(=O)NCc2cccnc2)Cc2cccnc2Oc2ccccc2OC1,-4.939,training
CC1(C)CCCN(CC(=O)NCCS(=O)(=O)N2CCCC2)Cc2cccnc2Oc2ccccc2OC1,-5.246,training
COc1cccc(CCNC(=O)CN2CCCC(C)(C)COc3ccccc3Oc3ncccc3C2)c1,-6.721,training
CC1(C)CCCN(CC(=O)NCc2cc(F)cc(F)c2)Cc2cccnc2Oc2ccccc2OC1,-6.638,training
COc1cc(CNC(=O)CN2CCCC(C)(C)COc3ccccc3Oc3ncccc3C2)cc(OC)c1OC,-5.326,training
CC(C)OCC(O)CNC(=O)CN1CCCC(C)(C)COc2ccccc2Oc2ncccc2C1,-4.957,training
CC1(C)CCCN(CC(=O)NCCc2ccccc2)Cc2cccnc2Oc2ccccc2OC1,-6.658,training
CC1(C)CCCN(CC(=O)NCc2ccncc2)Cc2cccnc2Oc2ccccc2OC1,-4.937,training
CC1(C)CCCN(CC(=O)NCCCO)Cc2cccnc2Oc2ccccc2OC1,-4.874,training
CC1(C)CCCN(CC(=O)NCCOc2ccccc2)Cc2cccnc2Oc2ccccc2OC1,-6.553,training
Cc1ccc(CNC(=O)CN2CCCC(C)(C)COc3ccccc3Oc3ncccc3C2)cc1,-6.602,training
Cc1nc(CNC(=O)CN2CCCC(C)(C)COc3ccccc3Oc3ncccc3C2)no1,-5.006,training
COc1cc(CNC(=O)CN2CCCC(C)(C)COc3ccccc3Oc3ncccc3C2)cc2c1OCO2,-5.296,training
CC1(C)CCCN(CC(=O)NCCc2ccc(F)cc2)Cc2cccnc2Oc2ccccc2OC1,-6.77,training
CC1(C)CCCN(CC(=O)NCc2ccc(Cl)cc2)Cc2cccnc2Oc2ccccc2OC1,-6.638,training
CC1(C)CCCN(CC(=O)NCCO)Cc2cccnc2Oc2ccccc2OC1,-5.061,training
CC1(C)CCCN(CC(=O)NCC(C)(C)c2ccc(F)cc2)Cc2cccnc2Oc2ccccc2OC1,-6.921,training
CC1(C)CCCN(CC(=O)NCC(C)(C)c2ccccc2F)Cc2cccnc2Oc2ccccc2OC1,-7.155,training
Cc1ccccc1CCNC(=O)CN1CCCC(C)(C)COc2ccccc2Oc2ncccc2C1,-7.097,training
Cc1ccc2c(CCNC(=O)CN3CCCC(C)(C)COc4ccccc4Oc4ncccc4C3)c(C)n(C)c2c1,-7.097,training
CC(C)Cc1nocc1CNC(=O)CN1CCCC(C)(C)COc2ccccc2Oc2ncccc2C1,-7.699,training
CC1(C)CCCN(CC(=O)NCCc2ccc(Cl)cc2)Cc2cccnc2Oc2ccccc2OC1,-7.523,training
O=C1CN(Cc2ccccc2)Cc2c(cccc2C(=O)NC2CCN(Cc3ccccc3)CC2)OCCCCCN1,-5.573,training
O=C1CN(Cc2ccccc2)Cc2c(cccc2C(=O)N2CCCCC2CN2CCCC2)OCCCCCN1,-5.131,training
CN1CCC(NC(=O)c2cccc3c2CN(Cc2ccccc2)CC(=O)NCCCCCO3)CC1,-7.398,training
O=C1CN(Cc2ccccc2)Cc2c(cccc2C(=O)NC2CCCC2)OCCCCCN1,-6.131,training
CC(C)C(CO)NC(=O)c1cccc2c1CN(Cc1ccccc1)CC(=O)NCCCCCO2,-6.201,training
CN(CCc1ccccc1)C(=O)c1cccc2c1CN(Cc1ccccc1)CC(=O)NCCCCCO2,-5.382,training
COCCN1CCN(C(=O)c2cccc3c2CN(Cc2ccccc2)CC(=O)NCCCCCO3)CC1,-5.58,training
CCN(CC)C(=O)c1cccc2c1CN(Cc1ccccc1)CC(=O)NCCCCCO2,-5.04,training
Cc1cnccc1NC(=O)c1cccc2c1CN(Cc1ccccc1)CC(=O)NCCCCCO2,-5.521,training
O=C1CN(Cc2ccccc2)Cc2c(cccc2C(=O)N2CCCC2)OCCCCCN1,-4.95,training
CN1CCN(C(=O)c2cccc3c2CN(Cc2ccccc2)CC(=O)NCCCCCO3)CC1,-5.491,training
O=C1CN(Cc2ccccc2)Cc2c(cccc2C(=O)N2CCN(c3ccccn3)CC2)OCCCCCN1,-5.199,training
O=C1CN(Cc2ccccc2)Cc2c(cccc2C(=O)NC2CCOCC2)OCCCCCN1,-5.921,training
CC(C)N1CCN(C(=O)c2cccc3c2CN(Cc2ccccc2)CC(=O)NCCCCCO3)CC1,-5.062,training
CN(Cc1ccccc1)C(=O)c1cccc2c1CN(Cc1ccccc1)CC(=O)NCCCCCO2,-5.194,training
O=C1CN(Cc2ccccc2)Cc2c(cccc2C(=O)N2CCCC(CO)C2)OCCCCCN1,-6.538,training
O=C1CN(Cc2ccccc2)Cc2c(cccc2C(=O)N(CCO)Cc2ccccc2)OCCCCCN1,-5.53,training
O=C1CN(Cc2ccccc2)Cc2c(cccc2C(=O)N2C3CCC2CC(O)C3)OCCCCCN1,-6.42,training
O=C1CN(Cc2ccccc2)Cc2c(cccc2C(=O)N2CCC(CCO)CC2)OCCCCCN1,-6.42,training
CCC(CC)NC(=O)c1cccc2c1CN(Cc1ccccc1)CC(=O)NCCCCCO2,-5.182,training
O=C1CN(Cc2ccccc2)Cc2c(cccc2C(=O)NC2CC2)OCCCCCN1,-5.542,training
CC(C)CNC(=O)c1cccc2c1CN(Cc1ccccc1)CC(=O)NCCCCCO2,-5.071,training
CC(C)CCN1CC(=O)NCCCCCOc2cccc(C(=O)N(CCO)Cc3ccccc3)c2C1,-5.126,training
O=C1CN(Cc2ccccc2)Cc2c(cccc2C(=O)N2CCC(CO)CC2)OCCCCCN1,-6.824,training
CC(C)NC(=O)c1cccc2c1CN(Cc1ccccc1)CC(=O)NCCCCCO2,-5.197,training
O=C1CN(Cc2ccccc2)Cc2c(cccc2C(=O)NCCCCCO)OCCCCCN1,-7.301,training
O=C1CN(Cc2ccccc2)Cc2c(cccc2C(=O)N2CCCC(O)C2)OCCCCCN1,-6.77,training
O=C1CN(Cc2ccccc2)Cc2c(cccc2C(=O)N2CCN(c3ncccn3)CC2)OCCCCCN1,-5.01,training
CC(CO)NC(=O)c1cccc2c1CN(Cc1ccccc1)CC(=O)NCCCCCO2,-7.398,training
CN(CC(O)CO)C(=O)c1cccc2c1CN(Cc1ccccc1)CC(=O)NCCCCCO2,-7.699,training
O=C1CN(Cc2ccccc2)Cc2c(cccc2C(=O)NCC(O)CO)OCCCCCN1,-8.0,training
O=C1CN(Cc2ccccc2)Cc2c(cccc2C(=O)N2CCNC(=O)C2)OCCCCCN1,-8.0,training
O=C1CN(Cc2ccccc2)Cc2c(cccc2C(=O)NC(CO)Cc2cnc[nH]2)OCCCCCN1,-8.0,training
O=C1CN(Cc2ccccc2)Cc2c(cccc2C(=O)N2CCN(CCO)CC2)OCCCCCN1,-7.523,training
O=C1CN(Cc2ccccc2)Cc2c(cccc2C(=O)N2CC(O)C2)OCCCCCN1,-8.0,training
O=C1CN(Cc2ccccc2)Cc2c(cccc2C(=O)N2CCC(O)CC2)OCCCCCN1,-8.0,training
O=C1CN(Cc2ccccc2)Cc2c(cccc2C(=O)N2CCCCC2Cc2ccccc2)OCCCCCN1,-7.097,training
COc1ccccc1C(=O)N1CCC2(CCCCCOc3ccc(Cl)cc3C(=O)NC2)CC1,-5.635,training
O=C1NCC2(CCCCCOc3ccc(Cl)cc31)CCN(C(=O)CCn1ccccc1=O)CC2,-5.889,training
Cc1cccc(C(=O)N2CCC3(CCCCCOc4ccc(Cl)cc4C(=O)NC3)CC2)n1,-5.198,training
COc1ccccc1CC(=O)N1CCC2(CCCCCOc3ccc(Cl)cc3C(=O)NC2)CC1,-5.676,training
O=C1NCC2(CCCCCOc3ccc(Cl)cc31)CCN(C(=O)c1ccccc1F)CC2,-5.69,training
O=C1NCC2(CCCCCCOc3ccc(Cl)cc31)CCN(C(=O)CCn1ccccc1=O)CC2,-5.721,training
Cc1oc2c(c1C(=O)N1CCC3(CCCCCCOc4ccc(Cl)cc4C(=O)NC3)CC1)CCCC2,-5.662,training
O=C1NCC2(CCCCCCOc3ccc(Cl)cc31)CCN(C(=O)Cc1ccccc1)CC2,-5.81,training
O=C1NCC2(CCCCCCOc3ccc(Cl)cc31)CCN(C(=O)CCn1cnc3ccccc31)CC2,-6.268,training
Cc1oc2c(c1C(=O)N1CCC3(CCCCCOc4ccc(Cl)cc4C(=O)NC3)CC1)CCCC2,-6.481,training
O=C1NCC2(CCCCCCOc3ccc(Cl)cc31)CCN(C(=O)c1cccc(F)c1)CC2,-5.91,training
O=C1NCCCCN(C(=O)CCN2CCCC2)CCCCOc2ccc(Cl)cc21,-6.796,training
Cc1cccnc1C(=O)N1CCCCNC(=O)c2cc(Cl)ccc2OCCCC1,-5.87,training
Cc1ccccc1CC(=O)N1CCCCNC(=O)c2cc(Cl)ccc2OCCCC1,-5.307,training
O=C1NCCCCN(C(=O)c2cncs2)CCCCOc2ccc(Cl)cc21,-5.914,training
O=C1NCC2(CCCCCOc3ccc(Cl)cc31)CCN(C(=O)c1ccc3c(c1)OCO3)CC2,-5.67,training
O=C1NCCCCN(C(=O)Cc2ccccc2)CCCCOc2ccc(Cl)cc21,-5.026,training
CCc1ccc(C(=O)N2CCCCNC(=O)c3cc(Cl)ccc3OCCCC2)cc1,-5.378,training
Cc1cncc(C(=O)N2CCCCNC(=O)c3cc(Cl)ccc3OCCCC2)c1,-5.939,training
Cc1cnn(CC(=O)N2CCCCNC(=O)c3cc(Cl)ccc3OCCCC2)c1,-6.347,training
O=C1NCCCCN(C(=O)Cc2ccccc2F)CCCCOc2ccc(Cl)cc21,-5.112,training
O=C1NCCCCN(C(=O)Cc2ccc(F)cc2)CCCCOc2ccc(Cl)cc21,-5.084,training
O=C1NCCCCN(C(=O)c2cnccn2)CCCCOc2ccc(Cl)cc21,-5.824,training
Cn1nccc1C(=O)N1CCCCNC(=O)c2cc(Cl)ccc2OCCCC1,-5.86,training
COCCC(=O)N1CCCCNC(=O)c2cc(Cl)ccc2OCCCC1,-5.81,training
CCn1cc(C(=O)N2CCCCNC(=O)c3cc(Cl)ccc3OCCCC2)c(C)n1,-6.337,training
Cc1cccc(C(=O)N2CCCCNC(=O)c3cc(Cl)ccc3OCCCC2)c1,-5.127,training
Cc1nc(C)c(C(=O)N2CCCCNC(=O)c3cc(Cl)ccc3OCCCC2)s1,-5.379,training
CCOCC(=O)N1CCCCNC(=O)c2cc(Cl)ccc2OCCCC1,-5.863,training
Cc1cc(C)n(CC(=O)N2CCCCNC(=O)c3cc(Cl)ccc3OCCCC2)n1,-6.18,training
O=C1NCCCCN(C(=O)/C=C/c2ccccc2)CCCCOc2ccc(Cl)cc21,-5.321,training
O=C1NCCCCN(C(=O)c2ccccc2F)CCCCOc2ccc(Cl)cc21,-5.054,training
O=C1NCCCCN(C(=O)CC2(O)CCCCC2)CCCCOc2ccc(Cl)cc21,-5.063,training
O=C1NCCCCN(C(=O)c2cc(F)ccc2F)CCCCOc2ccc(Cl)cc21,-5.094,training
O=C1NCCCCN(C(=O)c2cccc(C(F)(F)F)c2)CCCCOc2ccc(Cl)cc21,-5.369,training
Cc1ncccc1C(=O)N1CCCCNC(=O)c2cc(Cl)ccc2OCCCC1,-6.292,training
Cc1ncc(C(=O)N2CCCCNC(=O)c3cc(Cl)ccc3OCCCC2)c(C)n1,-6.585,training
Cn1cnc(C(=O)N2CCCCNC(=O)c3cc(Cl)ccc3OCCCC2)c1,-6.921,training
CCn1nc(C(C)C)cc1C(=O)N1CCCCNC(=O)c2cc(Cl)ccc2OCCCC1,-4.954,training
Cc1nc(C(=O)N2CCCCNC(=O)c3cc(Cl)ccc3OCCCC2)co1,-5.157,training
Cc1ncncc1C(=O)N1CCCCNC(=O)c2cc(Cl)ccc2OCCCC1,-7.046,training
Cc1ocnc1C(=O)N1CCCCNC(=O)c2cc(Cl)ccc2OCCCC1,-4.963,training
O=C1NCCCCN(C(=O)CN2CCOCC2)CCCCOc2ccc(Cl)cc21,-6.959,training
Cn1cc(CN(C(=O)CN2CCC3(CCCCc4ccccc4OCCCNC3=O)CC2)C2CC2)cn1,-5.9,training
Cc1nccc(C2CN(C(=O)CN3CCC4(CCCCc5ccccc5OCCCNC4=O)CC3)CCO2)n1,-5.967,training
CC(C)CN1CCOc2ccccc2CCCCC2(CCN(C(=O)CCc3c[nH]c4ccccc34)CC2)C1,-5.465,training
CN1CCCc2cc(CNC(=O)CN3CCC4(CCCCc5ccccc5OCCCNC4=O)CC3)ccc21,-5.413,training
COc1ccc(CCC(=O)N2CCC3(CCCCc4ccccc4OCCN(CC(C)C)C3)CC2)cc1OC,-5.836,training
COc1ccc(CN2CCOc3ccccc3CCCCC3(CCN(C(=O)CN(C)C)CC3)C2)cc1,-5.55,training
Fc1ccccc1CN1CCOc2ccccc2CCCCC2(CCNCC2)C1,-5.333,training
CC(=O)N1CC(C(=O)N2CCCCC3(CO)CCN(CC3)Cc3ccccc3OCC2)C1,-7.097,training
COc1ccc(CN2CCOc3ccccc3CCCCC3(CCNCC3)C2)cc1,-5.231,training
O=C(CCc1c[nH]c2ccccc12)N1CCCCC2(CO)CCN(CC2)Cc2ccccc2OCC1,-7.301,training
CN(C)CC(=O)N1CCC2(CCCCc3ccccc3OCCN(Cc3ccccc3F)C2)CC1,-6.638,training
Cc1nc(CC(=O)N2CCCCC3(CO)CCN(CC3)Cc3ccccc3OCC2)cs1,-7.155,training
O=C1CCCOc2ccccc2CCCCC2(CCNCC2)CN1,-7.699,training
Cc1ccnc(C2CCCN2C(=O)CN2CCC3(CCCCc4ccccc4OCCCNC3=O)CC2)n1,-7.222,training
CC(=O)N1CCC(c2cnc(CCC(=O)N3CCC4(CCCCc5ccccc5OCCCC(=O)NC4)CC3)cn2)CC1,-6.456,training
Cc1cc(CCC(=O)N2CCC3(CCCCc4ccccc4OCCCC(=O)NC3)CC2)nc(C2CCCN(S(C)(=O)=O)C2)n1,-6.357,training
O=C1CCCOc2ccccc2CCCCC2(CCN(C(=O)COc3ccccc3-n3cnnc3C3CC3)CC2)CN1,-6.509,training
CC(C)(CNC(=O)CN1CCC2(CCCCc3ccccc3OCCCNC2=O)CC1)c1cccc(F)c1,-5.967,training
CC(C)(CNC(=O)CN1CCC2(CCCCc3ccccc3OCCCNC2=O)CC1)c1ccc(F)cc1,-5.025,training
COc1ccc(CCC(=O)N2CCC3(CCCCc4ccccc4OCC(=O)N(C)C3)CC2)c(OC)c1OC,-4.968,training
CN1CC2(CCCCc3ccccc3OCC1=O)CCN(C(=O)Cc1ccc3c(c1)OCO3)CC2,-5.08,training
O=C(c1ccc2ccccc2n1)N1CCCCC2(CO)CCN(CC2)Cc2ccccc2OCC1,-6.357,training
COc1cccc(OCC(=O)N2CCCCC3(CO)CCN(CC3)Cc3ccccc3OCC2)c1,-6.678,training
O=C(c1ccc2c(c1)OCO2)N1CCCCC2(CO)CCN(CC2)Cc2ccccc2OCC1,-6.886,training
O=C(Cc1c[nH]c2ccccc12)N1CCCCC2(CO)CCN(CC2)Cc2ccccc2OCC1,-6.678,training
CS(=O)(=O)N1CCC(CC(=O)N2CCCCC3(CO)CCN(CC3)Cc3ccccc3OCC2)CC1,-7.301,training
Cc1ccc(C(=O)N2CCCCC3(CO)CCN(CC3)Cc3ccccc3OCC2)cn1,-7.523,training
OCC12CCCCNCCOc3ccccc3CN(CC1)CC2,-7.523,training
O=C(CN1CCCC1)N1CCOC2(CCCCc3ccccc3OCCNC2=O)C1,-6.523,training
O=C(Cn1ccc2ccc(F)cc21)N1CCOC2(CCCCc3ccccc3OCCNC2=O)C1,-5.842,training
O=C(c1csc(Cc2ccccc2)n1)N1CCOC2(CCCCc3ccccc3OCCNC2=O)C1,-5.575,training
CCn1cc(C(=O)N2CCOC3(CCCCc4ccccc4OCCNC3=O)C2)cn1,-5.903,training
Cc1c(C(=O)N2CCOC3(CCCCc4ccccc4OCCNC3=O)C2)oc2ccc(F)cc12,-6.0,training
O=C(c1ccc2c(c1)CCC2)N1CCOC2(CCCCc3ccccc3OCCNC2=O)C1,-5.558,training
CCOCC(=O)N1CCOC2(CCCCc3ccccc3OCCNC2=O)C1,-5.614,training
Cc1cncc(C(=O)N2CCOC3(CCCCc4ccccc4OCCNC3=O)C2)c1,-5.754,training
O=C(CCc1cccnc1)N1CCOC2(CCCCc3ccccc3OCCNC2=O)C1,-5.777,training
Cc1cccc(C)c1OCC(=O)N1CCOC2(CCCCc3ccccc3OCCNC2=O)C1,-5.5,training
Cc1ncncc1C(=O)N1CCOC2(CCCCc3ccccc3OCCNC2=O)C1,-6.167,training
Cc1ncc(C(=O)N2CCOC3(CCCCc4ccccc4OCCNC3=O)C2)c(C)n1,-6.081,training
CCn1cc(C(=O)N2CCOC3(CCCCc4ccccc4OCCNC3=O)C2)c(C)n1,-6.009,training
Cc1nn(C)cc1C(=O)N1CCOC2(CCCCc3ccccc3OCCNC2=O)C1,-6.328,training
Cc1nc(C(=O)N2CCOC3(CCCCc4ccccc4OCCNC3=O)C2)nn1-c1ccccc1,-6.569,training
CC(=O)NCC(=O)N1CCOC2(CCCCc3ccccc3OCCNC2=O)C1,-6.62,training
O=C(c1cncnc1)N1CCOC2(CCCCc3ccccc3OCCNC2=O)C1,-6.161,training
O=C(NCC(=O)N1CCOC2(CCCCc3ccccc3OCCNC2=O)C1)c1ccccc1,-6.237,training
Cc1nc(C)c(CC(=O)N2CCOC3(CCCCc4ccccc4OCCNC3=O)C2)c(O)n1,-6.796,training
O=C(c1csc(-c2ccccc2)n1)N1CCOC2(CCCCc3ccccc3OCCNC2=O)C1,-5.955,training
Cc1cc(C(=O)N2CCOC3(CCCCc4ccccc4OCCNC3=O)C2)nn1-c1ccccc1,-5.361,training
O=C(c1cccc(Cc2ccccc2)n1)N1CCOC2(CCCCc3ccccc3OCCNC2=O)C1,-5.585,training
Cc1cnn(CC(=O)N2CCOC3(CCCCc4ccccc4OCCNC3=O)C2)c1,-5.987,training
O=C(c1ccncn1)N1CCOC2(CCCCc3ccccc3OCCNC2=O)C1,-5.893,training
Cc1cc(OCC(=O)N2CCOC3(CCCCc4ccccc4OCCNC3=O)C2)c2cccc(C)c2n1,-5.951,training
Cn1c(C(=O)N2CCOC3(CCCCc4ccccc4OCCNC3=O)C2)cc(=O)n(C)c1=O,-6.658,training
O=C(c1n[nH]c2ccccc12)N1CCOC2(CCCCc3ccccc3OCCNC2=O)C1,-6.569,training
O=C(c1cc(-c2ccccc2)n[nH]1)N1CCOC2(CCCCc3ccccc3OCCNC2=O)C1,-5.889,training
O=C(c1cc(-c2ccccc2F)no1)N1CCOC2(CCCCc3ccccc3OCCNC2=O)C1,-5.699,training
O=C(CN1C(=O)c2ccccc2S1(=O)=O)N1CCOC2(CCCCc3ccccc3OCCNC2=O)C1,-6.42,training
Cc1cc2cc(OCC(=O)N3CCOC4(CCCCc5ccccc5OCCNC4=O)C3)ccc2n1C,-6.119,training
O=C(COc1cccc(F)c1)N1CCOC2(CCCCc3ccccc3OCCNC2=O)C1,-5.577,training
COc1ccc(-c2cc(C(=O)N3CCOC4(CCCCc5ccccc5OCCNC4=O)C3)nn2C)cc1,-5.693,training
O=C(c1cnccn1)N1CCOC2(CCCCc3ccccc3OCCNC2=O)C1,-5.747,training
Cc1cccnc1C(=O)N1CCOC2(CCCCc3ccccc3OCCNC2=O)C1,-5.606,training
O=C(c1cncs1)N1CCOC2(CCCCc3ccccc3OCCNC2=O)C1,-5.636,training
Cc1ncsc1C(=O)N1CCOC2(CCCCc3ccccc3OCCNC2=O)C1,-5.738,training
Cc1c(C(=O)N2CCOC3(CCCCc4ccccc4OCCNC3=O)C2)oc2ccccc12,-6.244,training
O=C(c1cc(-c2ccc(F)cc2)n[nH]1)N1CCOC2(CCCCc3ccccc3OCCNC2=O)C1,-5.886,training
COc1ccc(C)cc1CC(=O)N1CCOC2(CCCCc3ccccc3OCCNC2=O)C1,-5.394,training
Cc1ccc(Cl)c(OCC(=O)N2CCOC3(CCCCc4ccccc4OCCNC3=O)C2)c1,-6.42,training
CN(CCC(=O)N1CCOC2(CCCCc3ccccc3OCCNC2=O)C1)Cc1ccccn1,-6.208,training
O=C(Cc1ccccc1)N1CCOC2(CCCCc3ccccc3OCCNC2=O)C1,-5.16,training
CCCn1cc(Cl)c(C(=O)N2CCOC3(CCCCc4ccccc4OCCNC3=O)C2)n1,-5.203,training
O=C(CN1Cc2ccccc2C1=O)N1CCOC2(CCCCc3ccccc3OCCNC2=O)C1,-6.602,training
O=C(Cc1ccc(F)cc1)N1CCOC2(CCCCc3ccccc3OCCNC2=O)C1,-5.311,training
Cc1c(C(=O)N2CCOC3(CCCCc4ccccc4OCCNC3=O)C2)nnn1-c1ccc(Cl)cc1,-5.6,training
O=C(Cc1c(F)cccc1Cl)N1CCOC2(CCCCc3ccccc3OCCNC2=O)C1,-5.289,training
O=C(c1ccccc1)N1CCOC2(CCCCc3ccccc3OCCNC2=O)C1,-5.203,training
O=C(c1ccc(F)c(Cl)c1)N1CCOC2(CCCCc3ccccc3OCCNC2=O)C1,-5.39,training
O=C(CN1CCOC2(CCCCc3ccccc3OCCNC2=O)C1)N1CCOCC1,-6.004,training
O=C(c1ccc2ccccc2n1)N1CCOC2(CCCCc3ccccc3OCCNC2=O)C1,-5.296,training
O=C(CCn1ccnc1)N1CCOC2(CCCCc3ccccc3OCCNC2=O)C1,-6.495,training
Cc1[nH]c(=O)[nH]c(=O)c1CC(=O)N1CCOC2(CCCCc3ccccc3OCCNC2=O)C1,-7.398,training
O=C(c1cc(-c2ccccc2F)n[nH]1)N1CCOC2(CCCCc3ccccc3OCCNC2=O)C1,-5.845,training
Cc1ccc(C(=O)N2CCOC3(CCCCc4ccccc4OCCNC3=O)C2)cc1F,-5.292,training
O=C(Cc1ccccc1F)N1CCOC2(CCCCc3ccccc3OCCNC2=O)C1,-5.224,training
Cn1cc(C(=O)N2CCOC3(CCCCc4ccccc4OCCNC3=O)C2)cn1,-6.745,training
Cc1cccc(C(=O)N2CCOC3(CCCCc4ccccc4OCCNC3=O)C2)c1,-5.086,training
Cc1nc(C)c(C(=O)N2CCOC3(CCCCc4ccccc4OCCNC3=O)C2)s1,-5.276,training
Cc1sc2ncn(CC(=O)N3CCOC4(CCCCc5ccccc5OCCNC4=O)C3)c(=O)c2c1C,-5.592,training
Cc1ccccc1C(=O)N1CCOC2(CCCCc3ccccc3OCCNC2=O)C1,-5.02,training
Cc1cc(C(F)F)n2nc(C(=O)N3CCOC4(CCCCc5ccccc5OCCNC4=O)C3)nc2n1,-7.301,training
Cn1nccc1C(=O)N1CCOC2(CCCCc3ccccc3OCCNC2=O)C1,-5.415,training
O=C(c1ccccc1F)N1CCOC2(CCCCc3ccccc3OCCNC2=O)C1,-5.025,training
Cc1nc(C(=O)N2CCOC3(CCCCc4ccccc4OCCNC3=O)C2)co1,-5.478,training
Cn1c(=O)cc(C(=O)N2CCOC3(CCCCc4ccccc4OCCNC3=O)C2)[nH]c1=O,-7.398,training
Cc1ocnc1C(=O)N1CCOC2(CCCCc3ccccc3OCCNC2=O)C1,-5.281,training
Cn1ccc(C(=O)N2CCOC3(CCCCc4ccccc4OCCNC3=O)C2)n1,-5.431,training
COCc1cccc(C(=O)N2CCOC3(CCCCc4ccccc4OCCNC3=O)C2)c1,-4.978,training
O=C(c1ccc(=O)n(-c2ccc(F)cc2)n1)N1CCOC2(CCCCc3ccccc3OCCNC2=O)C1,-5.542,training
O=C(c1ccc(F)cc1)N1CCOC2(CCCCc3ccccc3OCCNC2=O)C1,-5.036,training
Cc1c(C(=O)N2CCOC3(CCCCc4ccccc4OCCNC3=O)C2)nnn1-c1ccccc1,-5.225,training
Cc1noc(C)c1C(=O)N1CCOC2(CCCCc3ccccc3OCCNC2=O)C1,-5.328,training
O=C(c1cnc2ccccc2c1)N1CCOC2(CCCCc3ccccc3OCCNC2=O)C1,-5.155,training
Cc1c(C(=O)N2CCOC3(CCCCc4ccccc4OCCNC3=O)C2)nnn1-c1ccc(F)cc1,-5.33,training
Cc1ncoc1C(=O)N1CCOC2(CCCCc3ccccc3OCCNC2=O)C1,-5.502,training
Cc1cc(C(=O)N2CCOC3(CCCCc4ccccc4OCCNC3=O)C2)on1,-5.202,training
O=C(c1cccc(F)c1)N1CCOC2(CCCCc3ccccc3OCCNC2=O)C1,-5.009,training
Cc1c(C(=O)N2CCOC3(CCCCc4ccccc4OCCNC3=O)C2)nnn1-c1ccccc1F,-5.364,training
CCc1cc(C(=O)N2CCOC3(CCCCc4ccccc4OCCNC3=O)C2)no1,-5.101,training
CCc1noc(C)c1C(=O)N1CCOC2(CCCCc3ccccc3OCCNC2=O)C1,-4.953,training
CN1CCCCN(S(=O)(=O)c2ccc(-n3cnnn3)cc2)C2CCCCC2Oc2ccccc2C1=O,-6.161,training
CCc1ccccc1S(=O)(=O)N1CCCCN(C)C(=O)c2ccccc2OC2CCCCC21,-5.623,training
CN1CCCCN(S(=O)(=O)c2cccc(Cl)c2)C2CCCCC2Oc2ccccc2C1=O,-5.724,training
CN1CCCCN(S(=O)(=O)c2ccc(Cl)s2)C2CCCCC2Oc2ccccc2C1=O,-5.644,training
CCCN1CCCCN(S(=O)(=O)c2ccc(F)cc2)C2CCCCC2Oc2ccccc2C1=O,-6.027,training
CN1CCCCN(S(=O)(=O)c2ccc(F)cc2F)C2CCCCC2Oc2ccccc2C1=O,-6.31,training
Cc1ccccc1S(=O)(=O)N1CCCCN(C)C(=O)c2ccccc2OC2CCCCC21,-5.433,training
CN1CCCCN(S(=O)(=O)c2ccc(Cl)cc2)C2CCCCC2Oc2ccccc2C1=O,-5.767,training
CCCN1CCCCN(S(=O)(=O)c2cc(OC)ccc2OC)C2CCCCC2Oc2ccccc2C1=O,-5.81,training
Cc1cccc(CS(=O)(=O)N2CCCCN(C)C(=O)c3ccccc3OC3CCCCC32)c1,-5.264,training
CN1CCCCN(S(=O)(=O)Cc2ccccc2Cl)C2CCCCC2Oc2ccccc2C1=O,-5.232,training
Cc1cccc(S(=O)(=O)N2CCCCN(C)C(=O)c3ccccc3OC3CCCCC32)c1,-6.456,training
CN1CCCCN(S(=O)(=O)c2cc(F)cc(F)c2)C2CCCCC2Oc2ccccc2C1=O,-5.399,training
Cc1cc(F)ccc1S(=O)(=O)N1CCCCN(C)C(=O)c2ccccc2OC2CCCCC21,-5.484,training
CN1CCCCN(S(=O)(=O)c2ccc(Cl)cc2Cl)C2CCCCC2Oc2ccccc2C1=O,-6.481,training
CCCN1CCCCN(S(=O)(=O)c2c(F)cccc2F)C2CCCCC2Oc2ccccc2C1=O,-6.432,training
COc1cc(OC)c(S(=O)(=O)N2CCCCN(C)C(=O)c3ccccc3OC3CCCCC32)cc1Cl,-5.489,training
CN1CCCCN(S(=O)(=O)c2cc3c(cc2Cl)OCCO3)C2CCCCC2Oc2ccccc2C1=O,-5.565,training
CN1CCCCN(S(=O)(=O)c2cccc(OC(F)F)c2)C2CCCCC2Oc2ccccc2C1=O,-5.52,training
CN1CCCCN(S(=O)(=O)Cc2cc(F)cc(F)c2)C2CCCCC2Oc2ccccc2C1=O,-5.225,training
COc1cccc(S(=O)(=O)N2CCCCN(C)C(=O)c3ccccc3OC3CCCCC32)c1,-5.237,training
CN1CCCCN(S(=O)(=O)c2ccc3c(c2)n(C)c(=O)n3C)C2CCCCC2Oc2ccccc2C1=O,-5.381,training
CN1CCCCN(S(C)(=O)=O)C2CCCCC2Oc2ccccc2C1=O,-5.171,training
CCCCS(=O)(=O)N1CCCCN(C)C(=O)c2ccccc2OC2CCCCC21,-4.881,training
COc1ccc(OC)c(S(=O)(=O)N2CCCCN(C)C(=O)c3ccccc3OC3CCCCC32)c1,-5.169,training
CN1CCCCN(S(=O)(=O)c2c(F)cccc2F)C2CCCCC2Oc2ccccc2C1=O,-5.115,training
CN1CCCCN(S(=O)(=O)c2ccc3c(c2)OCCCO3)C2CCCCC2Oc2ccccc2C1=O,-5.294,training
CCCCn1cc(S(=O)(=O)N2CCCCN(C)C(=O)c3ccccc3OC3CCCCC32)c(C)n1,-5.016,training
CCn1cc(S(=O)(=O)N2CCCCN(C)C(=O)c3ccccc3OC3CCCCC32)cn1,-5.115,training
COC(=O)c1sccc1S(=O)(=O)N1CCCCN(C)C(=O)c2ccccc2OC2CCCCC21,-4.931,training
CN1CCCCN(S(=O)(=O)c2ccc(F)cc2)C2CCCCC2Oc2ccccc2C1=O,-4.85,training
COc1ccc(F)cc1S(=O)(=O)N1CCCCN(C)C(=O)c2ccccc2OC2CCCCC21,-5.14,training
O=C(Cc1ccc2c(c1)CN(Cc1ccccc1)CC(=O)NCCCCCO2)NCCN1CCCCC1,-5.73,training
CN1CCCN(C(=O)CCc2ccc3c(c2)CN(Cc2ccccc2)CC(=O)NCCCCCO3)CC1,-5.613,training
CN1CCC(CNC(=O)Cc2ccc3c(c2)CN(Cc2ccccc2)CC(=O)NCCCCCO3)CC1,-6.143,training
CCN(CC)C(CNC(=O)Cc1ccc2c(c1)CN(Cc1ccccc1)CC(=O)NCCCCCO2)c1ccc(C)cc1,-5.424,training
CC(C)N1CCN(C(=O)CCc2ccc3c(c2)CN(Cc2ccccc2)CC(=O)NCCCCCO3)CC1,-5.081,training
O=C(Cc1ccc2c(c1)CN(Cc1ccccc1)CC(=O)NCCCCCO2)NCc1ccccc1CN1CCCCC1,-5.559,training
CN1CCCC(CNC(=O)Cc2ccc3c(c2)CN(Cc2ccccc2)CC(=O)NCCCCCO3)C1,-6.161,training
CCN1CCCC1CNC(=O)Cc1ccc2c(c1)CN(Cc1ccccc1)CC(=O)NCCCCCO2,-5.775,training
O=C(Cc1ccc2c(c1)CN(Cc1ccccc1)CC(=O)NCCCCCO2)NCCN1CCCC1,-5.788,training
CN(C)CCN1CCN(C(=O)CCc2ccc3c(c2)CN(Cc2ccccc2)CC(=O)NCCCCCO3)CC1,-6.509,training
O=C(Cc1ccc2c(c1)CN(Cc1ccccc1)CC(=O)NCCCCCO2)NCCC1CCCCN1C1CCCC1,-5.693,training
O=C(Cc1ccc2c(c1)CN(Cc1ccccc1)CC(=O)NCCCCCO2)NCC(c1ccccc1)N1CCCCC1,-5.597,training
CN(C)CCNC(=O)Cc1ccc2c(c1)CN(Cc1ccccc1)CC(=O)NCCCCCO2,-5.487,training
CN(C)CCCNC(=O)Cc1ccc2c(c1)CN(Cc1ccccc1)CC(=O)NCCCCCO2,-5.548,training
O=C(Cc1ccc2c(c1)CN(Cc1ccccc1)CC(=O)NCCCCCO2)NCCCN1CCCC1,-5.991,training
O=C(Cc1ccc2c(c1)CN(Cc1ccccc1)CC(=O)NCCCCCO2)NCc1cccc(CN2CCCCC2)c1,-5.38,training
CCN(CC)C(=O)CCc1ccc2c(c1)CN(Cc1ccccc1)CC(=O)NCCCCCO2,-5.177,training
CCN(CCO)C(=O)CCc1ccc2c(c1)CN(Cc1ccccc1)CC(=O)NCCCCCO2,-5.597,training
Cc1ccncc1NC(=O)CCc1ccc2c(c1)CN(Cc1ccccc1)CC(=O)NCCCCCO2,-5.712,training
O=C1CN(Cc2ccccc2)Cc2cc(CCC(=O)N3CCC(CO)CC3)ccc2OCCCCCN1,-6.187,training
O=C1CN(Cc2ccccc2)Cc2cc(CCC(=O)N3CCC(O)CC3)ccc2OCCCCCN1,-6.268,training
Cc1nc(CNC(=O)Cc2ccc3c(c2)CN(Cc2ccccc2)CC(=O)NCCCCCO3)no1,-5.812,training
O=C(Cc1ccc2c(c1)CN(Cc1ccccc1)CC(=O)NCCCCCO2)NCCCn1cncn1,-6.081,training
COCCN1CCN(C(=O)CCc2ccc3c(c2)CN(Cc2ccccc2)CC(=O)NCCCCCO3)CC1,-5.467,training
O=C(CCc1ccc2c(c1)CN(Cc1ccccc1)CC(=O)NCCCCCO2)NCCCCCO,-6.31,training
CN1CCN(C(=O)CCc2ccc3c(c2)CN(Cc2ccccc2)CC(=O)NCCCCCO3)CC1,-5.365,training
O=C(Cc1ccc2c(c1)CN(Cc1ccccc1)CC(=O)NCCCCCO2)NCc1nnc2n1CCCCC2,-6.222,training
O=C(Cc1ccc2c(c1)CN(Cc1ccccc1)CC(=O)NCCCCCO2)NCCN1CCCC1=O,-5.812,training
O=C1CN(Cc2ccccc2)Cc2cc(CCC(=O)NC(CO)Cc3cnc[nH]3)ccc2OCCCCCN1,-6.62,training
O=C(Cc1ccc2c(c1)CN(Cc1ccccc1)CC(=O)NCCCCCO2)NCC1CCOCC1,-5.514,training
CC(C)c1nccn1CCCNC(=O)Cc1ccc2c(c1)CN(Cc1ccccc1)CC(=O)NCCCCCO2,-6.081,training
O=C(Cc1ccc2c(c1)CN(Cc1ccccc1)CC(=O)NCCCCCO2)NCc1cccc(N2CCCC2=O)c1,-5.987,training
O=C(Cc1ccc2c(c1)CN(Cc1ccccc1)CC(=O)NCCCCCO2)NCCCCn1ccnc1,-6.167,training
O=C1CN(Cc2ccccc2)Cc2cc(CCC(=O)NC(CO)Cc3ccccc3)ccc2OCCCCCN1,-6.071,training
O=C1CN(Cc2ccccc2)Cc2cc(CCC(=O)N3CCCC3CO)ccc2OCCCCCN1,-5.519,training
Cc1nnsc1CNC(=O)Cc1ccc2c(c1)CN(Cc1ccccc1)CC(=O)NCCCCCO2,-5.199,training
O=C(Cc1ccc2c(c1)CN(Cc1ccccc1)CC(=O)NCCCCCO2)NCCn1ccnc1,-5.971,training
Cc1nccn1CCCNC(=O)Cc1ccc2c(c1)CN(Cc1ccccc1)CC(=O)NCCCCCO2,-5.69,training
COCCNC(=O)Cc1ccc2c(c1)CN(Cc1ccccc1)CC(=O)NCCCCCO2,-5.297,training
O=C(Cc1ccc2c(c1)CN(Cc1ccccc1)CC(=O)NCCCCCO2)NCc1cccnc1,-5.493,training
O=C1CN(Cc2ccccc2)Cc2cc(CCC(=O)N3CCC(CCO)CC3)ccc2OCCCCCN1,-5.879,training
O=C(Cc1ccc2c(c1)CN(Cc1ccccc1)CC(=O)NCCCCCO2)NCc1ccccn1,-5.424,training
CC(C)OCC(O)CNC(=O)Cc1ccc2c(c1)CN(Cc1ccccc1)CC(=O)NCCCCCO2,-5.488,training
O=C(Cc1ccc2c(c1)CN(Cc1ccccc1)CC(=O)NCCCCCO2)NCCCN1CCOCC1,-5.767,training
O=C(Cc1ccc2c(c1)CN(Cc1ccccc1)CC(=O)NCCCCCO2)NCCN1CCOCC1,-5.678,training
O=C(Cc1ccc2c(c1)CN(Cc1ccccc1)CC(=O)NCCCCCO2)NCc1ccncc1,-5.415,training
O=C(Cc1ccc2c(c1)CN(Cc1ccccc1)CC(=O)NCCCCCO2)NCCc1ccccn1,-5.346,training
CC(CO)NC(=O)CCc1ccc2c(c1)CN(Cc1ccccc1)CC(=O)NCCCCCO2,-6.222,training
O=C1CN(Cc2ccccc2)Cc2cc(CCC(=O)N3CCOCC3)ccc2OCCCCCN1,-5.047,training
O=C(Cc1ccc2c(c1)CN(Cc1ccccc1)CC(=O)NCCCCCO2)NCCO,-5.441,training
Cc1cc(CNC(=O)Cc2ccc3c(c2)CN(Cc2ccccc2)CC(=O)NCCCCCO3)[nH]n1,-5.541,training
Cc1nn(CCNC(=O)Cc2ccc3c(c2)CN(Cc2ccccc2)CC(=O)NCCCCCO3)c(C)c1Cl,-5.416,training
COCc1ccccc1CNC(=O)Cc1ccc2c(c1)CN(Cc1ccccc1)CC(=O)NCCCCCO2,-5.516,training
Cc1cc(C)n(CCNC(=O)Cc2ccc3c(c2)CN(Cc2ccccc2)CC(=O)NCCCCCO3)n1,-5.25,training
CC(C)CNC(=O)CCc1ccc2c(c1)CN(Cc1ccccc1)CC(=O)NCCCCCO2,-5.139,training
O=C1CN(Cc2ccccc2)Cc2cc(CCC(=O)NC3CC3)ccc2OCCCCCN1,-5.179,training
O=C(Cc1ccc2c(c1)CN(Cc1ccccc1)CC(=O)NCCCCCO2)NCCS(=O)(=O)N1CCCC1,-5.592,training
O=C(Cc1ccc2c(c1)CN(Cc1ccccc1)CC(=O)NCCCCCO2)NCCc1nccs1,-5.256,training
CC(C)c1nnsc1CNC(=O)Cc1ccc2c(c1)CN(Cc1ccccc1)CC(=O)NCCCCCO2,-5.282,training
COc1cc(CNC(=O)Cc2ccc3c(c2)CN(Cc2ccccc2)CC(=O)NCCCCCO3)cc(OC)c1OC,-5.614,training
O=C(Cc1ccc2c(c1)CN(Cc1ccccc1)CC(=O)NCCCCCO2)NCC1CC1,-5.039,training
CS(=O)(=O)Nc1ccn(CCNC(=O)Cc2ccc3c(c2)CN(Cc2ccccc2)CC(=O)NCCCCCO3)n1,-5.544,training
O=C(Cc1ccc2c(c1)CN(Cc1ccccc1)CC(=O)NCCCCCO2)NCCc1c[nH]cn1,-5.3,training
O=C(Cc1ccc2c(c1)CN(Cc1ccccc1)CC(=O)NCCCCCO2)NCc1cccc(CN2CCOCC2)c1,-5.439,training
O=C1CN(Cc2ccccc2)Cc2cc(CCC(=O)N3CCC(Cc4ccccc4)CC3)ccc2OCCCCCN1,-6.721,training
O=C(Cc1ccc2c(c1)CN(Cc1ccccc1)CC(=O)NCCCCCO2)NCCCO,-5.507,training
NS(=O)(=O)c1ccc(CCNC(=O)Cc2ccc3c(c2)CN(Cc2ccccc2)CC(=O)NCCCCCO3)cc1,-5.839,training
COCCOc1cccc(CNC(=O)Cc2ccc3c(c2)CN(Cc2ccccc2)CC(=O)NCCCCCO3)c1,-5.418,training
O=C1CN(Cc2ccccc2)Cc2cc(CCC(=O)N3CCCCC3Cc3ccccc3)ccc2OCCCCCN1,-7.155,training
CC(C)N1CC(=O)NCCCCCOc2ccc(CCC(=O)NC3CCN(Cc4ccccc4)CC3)cc2C1,-5.16,training
Cc1nc(C)n(CC(=O)N2CCC3(CCCCc4ccccc4OCCN(CC(C)C)C3)CC2)n1,-5.66,training
Cc1cnc(C(=O)N2CCC3(CCCCc4ccccc4OCCN(CC(C)C)C3)CC2)cn1,-5.599,training
CC(C)CN1CCOc2ccccc2CCCCC2(CCN(C(=O)c3cnc4ccccc4c3)CC2)C1,-5.485,training
CC(=O)N1CC(C(=O)N2CCC3(CCCCc4ccccc4OCCN(CC(C)C)C3)CC2)C1,-5.815,training
CCCCN1CCOc2ccccc2CCCCC2(CCN(C(=O)c3cncnc3)CC2)C1,-5.996,training
CC(C)CN1CCOc2ccccc2CCCCC2(CCN(C(=O)c3cnn(C)c3)CC2)C1,-5.66,training
CC(C)CN1CCOc2ccccc2CCCCC2(CCN(C(=O)c3cncnc3)CC2)C1,-5.717,training
COc1cccc(C(=O)N2CCC3(CCCCc4ccccc4OCCN(C)C3)CC2)n1,-5.623,training
CCCCN1CCOc2ccccc2CCCCC2(CCN(C(=O)c3cncnc3C)CC2)C1,-6.004,training
CC(C)CN1CCOc2ccccc2CCCCC2(CCN(C(=O)c3ccnc(O)c3)CC2)C1,-6.398,training
Cc1ncc(C(=O)N2CCC3(CCCCc4ccccc4OCCN(CC(C)C)C3)CC2)c(C)n1,-6.009,training
CC(C)CN1CCOc2ccccc2CCCCC2(CCN(C(=O)c3nccnc3N)CC2)C1,-6.886,training
CC(C)CN1CCOc2ccccc2CCCCC2(CCN(C(=O)Cn3cncn3)CC2)C1,-5.69,training
CC(C)CN1CCOc2ccccc2CCCCC2(CCN(C(=O)c3ccc(N)nc3)CC2)C1,-6.602,training
CCCCN1CCOc2ccccc2CCCCC2(CCN(C(=O)c3cn(C)nn3)CC2)C1,-5.759,training
CC(C)CN1CCOc2ccccc2CCCCC2(CCN(C(=O)c3ccncn3)CC2)C1,-6.328,training
CCCCN1CCOc2ccccc2CCCCC2(CCN(C(=O)c3ccc(C(F)(F)F)cc3)CC2)C1,-6.387,training
CCCCN1CCOc2ccccc2CCCCC2(CCN(C(=O)C3CCOCC3)CC2)C1,-6.125,training
CC(C)CN1CCOc2ccccc2CCCCC2(CCN(C(=O)c3cccnc3N)CC2)C1,-6.824,training
CCCCN1CCOc2ccccc2CCCCC2(CCN(C(=O)CNS(C)(=O)=O)CC2)C1,-5.507,training
CC(C)CN1CCOc2ccccc2CCCCC2(CCN(C(=O)C3CCOCC3)CC2)C1,-6.143,training
CC(C)CN1CCOc2ccccc2CCCCC2(CCN(C(=O)c3ccnc(N)c3)CC2)C1,-6.77,training
CC(C)CN1CCOc2ccccc2CCCCC2(CCN(C(=O)c3cccnc3)CC2)C1,-6.201,training
CCCCN1CCOc2ccccc2CCCCC2(CCN(C(=O)c3cnc(C)nc3C)CC2)C1,-6.18,training
CC(C)CN1CCOc2ccccc2CCCCC2(CCN(C(=O)c3cnccn3)CC2)C1,-6.276,training
COc1ccnc(C(=O)N2CCC3(CCCCc4ccccc4OCCN(C)C3)CC2)c1,-5.05,training
CC(C)CN1CCOc2ccccc2CCCCC2(CCN(C(=O)c3csc(N)n3)CC2)C1,-6.959,training
CCCCN1CCOc2ccccc2CCCCC2(CCN(C(=O)c3cnccn3)CC2)C1,-6.367,training
CCCCN1CCOc2ccccc2CCCCC2(CCN(C(=O)c3cccnc3C)CC2)C1,-6.237,training
CN1CCOc2ccccc2CCCCC2(CCN(C(=O)c3ccc(N)nc3)CC2)C1,-5.217,training
CCCCN1CCOc2ccccc2CCCCC2(CCN(C(=O)COc3cccnc3)CC2)C1,-7.222,training
Cc1ncccc1C(=O)N1CCC2(CCCCc3ccccc3OCC(=O)N(C)C2)CC1,-5.385,training
CN1CC2(CCCCc3ccccc3OCC1=O)CCN(C(=O)c1cn(C)nn1)CC2,-5.66,training
Cc1ncc(C(=O)N2CCC3(CCCCc4ccccc4OCC(=O)N(C)C3)CC2)c(C)n1,-5.496,training
CCOc1cccc(C(=O)N2CCC3(CCCCc4ccccc4OCC(=O)N(C)C3)CC2)c1,-5.179,training
CN1CC2(CCCCc3ccccc3OCC1=O)CCN(C(=O)c1cncnc1)CC2,-5.693,training
COc1ncccc1C(=O)N1CCC2(CCCCc3ccccc3OCCOC2=O)CC1,-5.678,training
Nc1nc(C(=O)N2CCC3(CCCCc4ccccc4OCCOC3=O)CC2)cs1,-5.86,training
CN1CC2(CCCCc3ccccc3OCC1=O)CCN(C(=O)c1cnccn1)CC2,-5.148,training
COc1cc(C(=O)N2CCC3(CCCCc4ccccc4OCCOC3=O)CC2)ccn1,-5.987,training
O=C(c1ncccn1)N1CCC2(CCCCc3ccccc3OCCOC2=O)CC1,-4.981,training
CC(C)N1CC(=O)NCCCCCOc2ccc(CCC(=O)N3CCCN(C)CC3)cc2C1,-6.051,training
CC(C)N1CC(=O)NCCCCCOc2ccc(CCC(=O)N3CCCC(N(C)Cc4ccccc4)C3)cc2C1,-5.472,training
Cc1cc(N(C)C)cc(C2CCN(C(=O)CCc3ccc4c(c3)CN(C(C)C)CC(=O)NCCCCCO4)CC2)n1,-6.357,training
CC(C)N1CC(=O)NCCCCCOc2ccc(CCC(=O)NC3CCN(C)CC3)cc2C1,-6.495,training
CC(C)N1CC(=O)NCCCCCOc2ccc(CCC(=O)N3CCC(C4CCCCN4Cc4ccccn4)CC3)cc2C1,-4.89,training
CC(C)N1CC(=O)NCCCCCOc2ccc(CCC(=O)N3CCN(C4CCC(c5ccccc5)CC4)CC3)cc2C1,-5.917,training
CCN(Cc1ccccc1)C1CCN(C(=O)CCc2ccc3c(c2)CN(C(C)C)CC(=O)NCCCCCO3)CC1,-8.0,training
CC(C)N1CC(=O)NCCCCCOc2ccc(CCC(=O)N3CCC(COc4ccc(Cl)cc4)CC3)cc2C1,-4.961,training
CC(C)N1CC(=O)NCCCCCOc2ccc(CCC(=O)N3CCCC(c4cncn4C)C3)cc2C1,-6.187,training
COc1ccc(OCC2CCN(C(=O)CCc3ccc4c(c3)CN(C(C)C)CC(=O)NCCCCCO4)CC2)cc1,-5.377,training
CC(C)N1CC(=O)NCCCCCOc2ccc(CCC(=O)N3CCN(C)CC3)cc2C1,-5.78,training
CC(C)N1CC(=O)NCCCCCOc2ccc(CCC(=O)N3CCN(S(C)(=O)=O)CC3)cc2C1,-6.495,training
CC(C)N1CC(=O)NCCCCCOc2ccc(CCC(=O)N3CCC(c4ccc(F)cc4)CC3)cc2C1,-4.998,training
CC(C)N1CC(=O)NCCCCCOc2ccc(CCC(=O)N3CCCC(CO)C3)cc2C1,-6.125,training
CC(C)N1CC(=O)NCCCCCOc2ccc(CCC(=O)N3CCC(COCc4ccccc4)CC3)cc2C1,-5.545,training
Cc1cnc2[nH]c(C3CCCN(C(=O)CCc4ccc5c(c4)CN(C(C)C)CC(=O)NCCCCCO5)C3)cc2c1,-5.793,training
CC(C)N1CC(=O)NCCCCCOc2ccc(CCC(=O)N3CCCC3)cc2C1,-5.02,training
CCCOC1CCN(C(=O)CCc2ccc3c(c2)CN(C(C)C)CC(=O)NCCCCCO3)CC1,-5.133,training
CC(C)N1CC(=O)NCCCCCOc2ccc(CCC(=O)N3CCC(c4ncncc4S(C)(=O)=O)CC3)cc2C1,-6.959,training
COCc1nc(C2CCN(C(=O)CCc3ccc4c(c3)CN(C(C)C)CC(=O)NCCCCCO4)CC2)no1,-5.419,training
CC(C)N1CC(=O)NCCCCCOc2ccc(CCC(=O)N3CCN(c4ccc5c(c4)OCCO5)CC3)cc2C1,-5.112,training
Cc1cc(N(C)C)nc(C2CCN(C(=O)CCc3ccc4c(c3)CN(C(C)C)CC(=O)NCCCCCO4)C2)n1,-5.382,training
CC(C)N1CC(=O)NCCCCCOc2ccc(CCC(=O)N3CCCC(c4cc5cccnc5[nH]4)C3)cc2C1,-5.345,training
Cc1c[nH]nc1C1(C)CN(C(=O)CCc2ccc3c(c2)CN(C(C)C)CC(=O)NCCCCCO3)CCO1,-5.294,training
CC(C)N1CC(=O)NCCCCCOc2ccc(CCC(=O)N3CCC(c4ccnc(N(C)C)n4)C3)cc2C1,-5.253,training
CC(C)N1CC(=O)NCCCCCOc2ccc(CCC(=O)N3CCN(c4ccccn4)CC3)cc2C1,-4.945,training
CC(C)N1CC(=O)NCCCCCOc2ccc(CCC(=O)N3CCC(O)CC3)cc2C1,-6.886,training
Cc1cc(N(C)C)nc(C2CCN(C(=O)CCc3ccc4c(c3)CN(C(C)C)CC(=O)NCCCCCO4)CC2)n1,-5.142,training
COCCn1cnnc1C1CCN(C(=O)CCc2ccc3c(c2)CN(C(C)C)CC(=O)NCCCCCO3)CC1,-5.02,training
CC(C)N1CC(=O)NCCCCCOc2ccc(CCC(=O)N3CCCC(N(C)S(=O)(=O)c4cccc(F)c4)CC3)cc2C1,-5.175,training
CC(C)N1CC(=O)NCCCCCOc2ccc(CCC(=O)N3CCC(c4nc5ccccc5[nH]4)CC3)cc2C1,-7.097,training
Cc1cc(C(F)(F)F)nc(C2CCCN(C(=O)CCc3ccc4c(c3)CN(C(C)C)CC(=O)NCCCCCO4)C2)n1,-5.493,training
CC(C)N1CC(=O)NCCCCCOc2ccc(CCC(=O)N3CCC(CCc4ccnc(N(C)C)c4)CC3)cc2C1,-5.339,training
CC(C)N1CC(=O)NCCCCCOc2ccc(CCC(=O)N3CCCCC3Cc3ccccc3)cc2C1,-5.629,training
CC(C)N1CC(=O)NCCCCCOc2ccc(CCC(=O)N3CCC(Cc4cc(N(C)C)ncn4)CC3)cc2C1,-5.674,training
COCc1nnc(C2CCN(C(=O)CCc3ccc4c(c3)CN(C(C)C)CC(=O)NCCCCCO4)CC2)o1,-7.155,training
CC(C)N1CC(=O)NCCCCCOc2ccc(CCC(=O)N3CCN(c4ncccn4)CC3)cc2C1,-4.869,training
CC(C)N1CC(=O)NCCCCCOc2ccc(CCC(=O)N3CCNC(=O)C3)cc2C1,-8.0,training
CCN1CCCC1CN(Cc1ccncc1)C(=O)CCc1ccc2c(c1)CN(C(C)C)CC(=O)NCCCCCO2,-6.194,training
CCN1CCCC1CN(Cc1ccccn1)C(=O)CCc1ccc2c(c1)CN(C(C)C)CC(=O)NCCCCCO2,-6.114,training
Cc1ccccc1CN(C(=O)CCc1ccc2c(c1)CN(C(C)C)CC(=O)NCCCCCO2)C1CC(C)(C)NC(C)(C)C1,-5.279,training
CC(C)N1CC(=O)NCCCCCOc2ccc(CCC(=O)N(C)CCO)cc2C1,-6.237,training
COc1ccc2[nH]c3c(c2c1)CN(C(=O)CCc1ccc2c(c1)CN(C(C)C)CC(=O)NCCCCCO2)CC3,-5.836,training
Cc1ccc(CN(CCCn2ccnc2)C(=O)CCc2ccc3c(c2)CN(C(C)C)CC(=O)NCCCCCO3)s1,-5.764,training
CCOc1ccc(CN(CCc2ccc3c(c2)OCO3)C(=O)CCc2ccc3c(c2)CN(C(C)C)CC(=O)NCCCCCO3)cc1,-5.699,training
CC(C)N1CC(=O)NCCCCCOc2ccc(CCC(=O)NC3CC3)cc2C1,-5.446,training
CC(C)C(CO)NC(=O)CCc1ccc2c(c1)CN(C(C)C)CC(=O)NCCCCCO2,-5.939,training
COc1ccc(C(C)N(Cc2cccnc2)C(=O)CCc2ccc3c(c2)CN(C(C)C)CC(=O)NCCCCCO3)cc1,-5.475,training
Cc1ccc2c(c1)C(NC(=O)CCc1ccc3c(c1)CN(C(C)C)CC(=O)NCCCCCO3)CC(C)(C)O2,-5.783,training
COc1ccc(OC)c(CN(Cc2ccccc2)C(=O)CCc2ccc3c(c2)CN(C(C)C)CC(=O)NCCCCCO3)c1,-5.04,training
Cc1ccc2c(c1)OC(C)(C)CC2NC(=O)CCc1ccc2c(c1)CN(C(C)C)CC(=O)NCCCCCO2,-5.662,training
CC1CCC(N(Cc2cccnc2)C(=O)CCc2ccc3c(c2)CN(C(C)C)CC(=O)NCCCCCO3)CC1,-5.616,training
CC(C)N1CC(=O)NCCCCCOc2ccc(CCC(=O)N(Cc3ccc(N(C)C)cc3)CC3CCCO3)cc2C1,-5.745,training
CCN(CCO)C(=O)CCc1ccc2c(c1)CN(C(C)C)CC(=O)NCCCCCO2,-5.879,training
CC(C)N1CC(=O)NCCCCCOc2ccc(CCC(=O)N(CCCN3CCOCC3)Cc3ccccc3F)cc2C1,-5.386,training
CC(C)N1CC(=O)NCCCCCOc2ccc(CCC(=O)NC(CO)Cc3cnc[nH]3)cc2C1,-6.62,training
CC(C)N1CC(=O)NCCCCCOc2ccc(CCC(=O)N(Cc3cccnc3)Cc3c(F)cccc3Cl)cc2C1,-6.222,training
CC(C)N1CC(=O)NCCCCCOc2ccc(CCC(=O)N(C)Cc3ccccc3)cc2C1,-5.208,training
Cc1ccncc1NC(=O)CCc1ccc2c(c1)CN(C(C)C)CC(=O)NCCCCCO2,-5.554,training
CC(C)N1CC(=O)NCCCCCOc2ccc(CCC(=O)N(CCc3ccccc3)C3CCS(=O)(=O)C3)cc2C1,-5.275,training
CC(C)CC(CO)NC(=O)CCc1ccc2c(c1)CN(C(C)C)CC(=O)NCCCCCO2,-5.389,training
Cc1ccc(CN(CC2CCCO2)C(=O)CCc2ccc3c(c2)CN(C(C)C)CC(=O)NCCCCCO3)s1,-5.558,training
COc1ccc(CN(Cc2cccnc2)C(=O)CCc2ccc3c(c2)CN(C(C)C)CC(=O)NCCCCCO3)c(OC)c1,-5.377,training
CCN(CC)C(=O)CCc1ccc2c(c1)CN(C(C)C)CC(=O)NCCCCCO2,-4.52,training
CC(C)N1CC(=O)NCCCCCOc2ccc(CCC(=O)NC3CCCCC3Cc3ccccc3)cc2C1,-6.268,training
CC(C)N1CC(=O)NCCCCCOc2ccc(CCC(=O)N3CCCC3c3cc(C(F)(F)F)[nH]n3)cc2C1,-5.352,training
CC(C)N1CC(=O)NCCCCCOc2ccc(CCC(=O)NC(CO)Cc3ccccc3)cc2C1,-5.302,training
CC(C)N1CC(=O)NCCCCCOc2ccc(CCC(=O)Nc3cccc(Cl)c3)cc2C1,-5.207,training
Cc1ccc(NC(=O)CCc2ccc3c(c2)CN(C(C)C)CC(=O)NCCCCCO3)cn1,-5.074,training
CC(C)C(NC(=O)CCc1ccc2c(c1)CN(C(C)C)CC(=O)NCCCCCO2)c1ccc2c(c1)OCCCO2,-5.47,training
CC(C)N1CC(=O)NCCCCCOc2ccc(CCC(=O)NCCCCCO)cc2C1,-7.155,training
CC(C)N1CC(=O)NCCCCCOc2ccc(CCC(=O)N(Cc3ccc(F)cc3)Cc3ccc4c(c3)OCO4)cc2C1,-5.072,training
CC(C)N1CC(=O)NCCCCCOc2ccc(CCC(=O)Nc3ccncc3)cc2C1,-4.895,training
CC(C)N1CC(=O)NCCCCCOc2ccc(CCC(=O)NC(c3ccc(F)c(F)c3)c3nccn3C)cc2C1,-5.321,training
CC(C)N1CC(=O)NCCCCCOc2ccc(CCC(=O)N(CCO)Cc3ccccc3)cc2C1,-4.783,training
COc1ccc2c(c1)OC(C)(C)CC2NC(=O)CCc1ccc2c(c1)CN(C(C)C)CC(=O)NCCCCCO2,-5.033,training
CC(C)CNC(=O)CCc1ccc2c(c1)CN(C(C)C)CC(=O)NCCCCCO2,-4.812,training
Cc1cnccc1NC(=O)CCc1ccc2c(c1)CN(C(C)C)CC(=O)NCCCCCO2,-4.605,training
CC(C)N1CC(=O)NCCCCCOc2ccc(CCC(O)=NS(=O)(=O)Cc3ccccc3)cc2C1,-6.367,training
O=C1NCc2ccccc2OCc2cn(nn2)CCCC12CCNCC2,-6.921,training
CN(Cc1ccccc1)c1ccc2c(c1)CN1CCCC(C1)C(=O)NCCOCCO2,-5.07,training
OC1CCNCCCCc2ccccc2OCC1O,-7.046,training
CN1CC2(CCNCC2)CC(O)C(O)Cc2ccccc2OCC1=O,-5.959,training
CN1CCOCCCCC2(CCNCC2)COc2ccccc2C1,-8.0,training
CC(=O)N1CCC2(CC1)CC(O)C(O)Cc1ccccc1OCC(=O)N(C)C2,-6.481,training
CC(C)c1nc2ccccc2n1CC(=O)N1CCCC2NC(=O)COc3ccccc3C/C=C/CC21,-5.747,training
CN1CC2(CCN(C(=O)Cc3ccc(Cl)cc3)CC2)CC(O)C(O)Cc2ccccc2OCC1=O,-6.745,training
CN1CC2(CCN(C(=O)c3cc4ccccc4[nH]3)CC2)CC(O)C(O)Cc2ccccc2OCC1=O,-6.569,training
CCn1c(CCC(=O)N2CCCC3NC(=O)COc4ccccc4C/C=C/CC32)nc2ccccc21,-5.32,training
CN1CC2(CCN(C(=O)Cn3cccn3)CC2)CC(O)C(O)Cc2ccccc2OCC1=O,-6.854,training
CN1CC2(CCN(C(=O)c3ccc(N)nc3)CC2)CC(O)C(O)Cc2ccccc2OCC1=O,-7.699,training
COc1ccnc(C(=O)N2CCC3(CC2)CC(O)C(O)Cc2ccccc2OCC(=O)N(C)C3)c1,-7.222,training
CN1CC2(CCN(C(=O)Cc3noc4ccccc34)CC2)CC(O)C(O)Cc2ccccc2OCC1=O,-7.097,training
O=C1COc2ccccc2C/C=C/CC2C(CCCN2C(=O)Cc2c(F)cccc2Cl)N1,-5.654,training
CN1CC2(CCN(C(=O)CCOc3ccc(F)cc3)CC2)CC(O)C(O)Cc2ccccc2OCC1=O,-6.585,training
Cn1c(=O)c2c(ncn2CC(=O)N2CCCC3NC(=O)COc4ccccc4C/C=C/CC32)n(C)c1=O,-6.569,training
Cn1c(=O)n(C)c2cc(CCC(=O)N3CCCC4NC(=O)COc5ccccc5C/C=C/CC43)ccc21,-5.688,training
CN1CC2(CCN(C(=O)CC3CCCC3)CC2)CC(O)C(O)Cc2ccccc2OCC1=O,-6.699,training
O=C1COc2ccccc2C/C=C/CC2C(CCCN2C(=O)Cn2c(C(F)(F)F)nc3ccccc32)N1,-5.775,training
COc1cccc(C(=O)N2CCC3(CC2)CC(O)C(O)Cc2ccccc2OCC(=O)N(C)C3)n1,-6.77,training
CC(C)Cc1nc2ccccc2n1CC(=O)N1CCCC2NC(=O)COc3ccccc3C/C=C/CC21,-5.391,training
CN1CC2(CCN(C(=O)c3ccc(F)cc3)CC2)CC(O)C(O)Cc2ccccc2OCC1=O,-6.77,training
CN1CC2(CCN(C(=O)CC3CC3)CC2)CC(O)C(O)Cc2ccccc2OCC1=O,-6.638,training
CN1CC2(CCN(C(=O)c3cn(C)cn3)CC2)CC(O)C(O)Cc2ccccc2OCC1=O,-7.222,training
CN1CC2(CCN(C(=O)c3cscn3)CC2)CC(O)C(O)Cc2ccccc2OCC1=O,-7.222,training
CN1CC2(CCN(C(=O)C3CCCC3)CC2)CC(O)C(O)Cc2ccccc2OCC1=O,-6.602,training
COc1ccc(C(=O)N2CCC3(CC2)CC(O)C(O)Cc2ccccc2OCC(=O)N(C)C3)cn1,-6.77,training
Cn1nc(C(=O)N2CCCC3NC(=O)COc4ccccc4C/C=C/CC32)ccc1=O,-5.699,training
CN1CC2(CCN(C(=O)CCc3ccccc3Cl)CC2)CC(O)C(O)Cc2ccccc2OCC1=O,-6.509,training
Cc1ccc(C(=O)N2CCCC3NC(=O)COc4ccccc4C/C=C/CC32)cc1F,-6.06,training
CCCc1cc(C(=O)N2CCCC3NC(=O)COc4ccccc4C/C=C/CC32)on1,-5.717,training
CC(C)c1nc2ccccc2n1CCCC(=O)N1CCCC2NC(=O)COc3ccccc3C/C=C/CC21,-5.377,training
O=C1COc2ccccc2C/C=C/CC2C(CCCN2CC(=O)N2CCN(c3ccccc3F)CC2)N1,-5.693,training
CN1CC2(CCN(C(=O)CCc3ccccc3)CC2)CC(O)C(O)Cc2ccccc2OCC1=O,-7.046,training
COc1ccc(C(=O)N2CCC3(CC2)CC(O)C(O)Cc2ccccc2OCC(=O)N(C)C3)cc1,-7.222,training
O=C1COc2ccccc2C/C=C/CC2C(CCCN2C(=O)CCCc2nc3ccccc3c(=O)[nH]2)N1,-6.77,training
CN1CC2(CCN(C(=O)c3cnc[nH]3)CC2)CC(O)C(O)Cc2ccccc2OCC1=O,-7.523,training
CN1CC2(CCN(C(=O)C3CCC3)CC2)CC(O)C(O)Cc2ccccc2OCC1=O,-6.886,training
CCc1cccc2c(CN3CCOCCOc4ccccc4Oc4ccc(Cl)cc4NC(=O)C3)cn(C)c12,-6.398,training
COc1ccccc1C(=O)N1CCC2(CC1)CC(O)C(O)Cc1ccccc1OCC(=O)N(C)C2,-7.222,training
CN1CC2(CCN(C(=O)c3ccccc3)CC2)CC(O)C(O)Cc2ccccc2OCC1=O,-7.155,training
CN1CC2(CCN(C(=O)c3cn(C)c4ccccc34)CC2)CC(O)C(O)Cc2ccccc2OCC1=O,-7.301,training
Cc1nc(O)cc(C(=O)N2CCCC3NC(=O)COc4ccccc4C/C=C/CC32)n1,-7.301,training
O=C1COc2ccccc2C/C=C/CC2C(CCCN2C(=O)Cc2c[nH]c(=O)[nH]c2=O)N1,-7.222,training
CC(C)C(=O)N1CCC2(CC1)CC(O)C(O)Cc1ccccc1OCC(=O)N(C)C2,-7.222,training
Cn1cnc2cc(C(=O)N3CCCC4NC(=O)COc5ccccc5C/C=C/CC43)ccc21,-7.046,training
O=C1COc2ccccc2C/C=C/CC2C(CCCN2C(=O)c2ccc3[nH]cnc3c2)N1,-7.301,training
O=C1COc2ccccc2C/C=C/CC2C(CCCN2C(=O)Cn2cccnc2=O)N1,-6.921,training
CC(C)CC(=O)N1CCC2(CC1)CC(O)C(O)Cc1ccccc1OCC(=O)N(C)C2,-7.398,training
CN1CC2(CCN(C(=O)c3cc[nH]n3)CC2)CC(O)C(O)Cc2ccccc2OCC1=O,-7.046,training
CN1CCCCN(C(=O)CN(C)C2CCCC2)CCCOc2ccc(Cl)cc2C1=O,-5.783,training
CC1CCN(CC(=O)N2CCCCN(C)C(=O)c3cc(Cl)ccc3OCC2)CC1,-5.73,training
CC1CCN(CC(=O)N2CCCCOc3ccc(Cl)cc3C(=O)N(C)C(Cc3ccccc3)C(=O)N(C)CCCC2)CC1,-5.441,training
CC(C)N1CCC(C(=O)N2CCCCOc3ccc(Cl)cc3C(=O)N(C)C(Cc3ccccc3)C(=O)N(C)CCCC2)CC1,-5.827,training
CN1CCCCN(C(=O)CCCCN)CCOc2ccc(Cl)cc2C1=O,-6.032,training
CC(C)N1CCC(C(=O)N2CCCCN(C)C(=O)c3cc(Cl)ccc3OCCC2)CC1,-6.337,training
CN1CCCCN(C(=O)CCN2CCCC2)CCCOc2ccc(Cl)cc2C1=O,-7.0,training
CC1CCN(CCC(=O)N2CCCCN(C)C(=O)c3cc(Cl)ccc3OCC2)CC1,-7.097,training
Cc1nn(C)cc1C(=O)N1CCCCOc2ccc(Cl)cc2C(=O)N(C)C(C(C)C)C(=O)N(C)CCCC1,-5.91,training
CN1CCCCN(C(=O)Cc2c(F)cccc2Cl)CCCOc2ccc(Cl)cc2C1=O,-5.455,training
Cc1noc(C)c1CCC(=O)N1CCCCN(C)C(=O)c2cc(Cl)ccc2OCC1,-5.987,training
CN1CCCCN(C(=O)Cc2cn(C)c3ccccc23)CCOc2ccc(Cl)cc2C1=O,-5.234,training
CN1CCCCN(C(=O)CCc2ccccc2)CCOc2ccc(Cl)cc2C1=O,-5.123,training
CN1CCCCN(C(=O)Cc2cccc(Cl)c2)CCOc2ccc(Cl)cc2C1=O,-5.173,training
CCc1cc(C(=O)N2CCCCOc3ccc(Cl)cc3C(=O)N(C)C(Cc3ccccc3)C(=O)N(C)CCCC2)on1,-5.754,training
CN1CCCCN(C(=O)Cc2cccc(F)c2)CCOc2ccc(Cl)cc2C1=O,-5.077,training
CCn1cc(C(=O)N2CCCCOc3ccc(Cl)cc3C(=O)N(C)C(Cc3ccccc3)C(=O)N(C)CCCC2)cn1,-5.599,training
Cc1noc(C)c1CCC(=O)N1CCCCN(C)C(=O)c2cc(Cl)ccc2OCCC1,-5.333,training
COc1ccc(C)cc1CC(=O)N1CCCCN(C)C(=O)c2cc(Cl)ccc2OCCC1,-5.061,training
CN(C)CC(=O)N1CCCCOc2ccc(Cl)cc2C(=O)N(C)C(Cc2ccccc2)C(=O)N(C)CCCC1,-5.664,training
CN1CCCCN(C(=O)CCc2ccnn2C)CCCOc2ccc(Cl)cc2C1=O,-6.347,training
CN1CCCCN(C(=O)Cn2ccc(C(F)(F)F)n2)CCCCOc2ccc(Cl)cc2C(=O)N(C)C(Cc2ccccc2)C1=O,-5.767,training
COc1cccc(CC(=O)N2CCCCN(C)C(=O)c3cc(Cl)ccc3OCC2)c1,-5.292,training
CCn1cc(C(=O)N2CCCCOc3ccc(Cl)cc3C(=O)N(C)C(Cc3ccccc3)C(=O)N(C)CCCC2)c(C)n1,-5.463,training
NC(=O)C1CCN(C(=O)CN2C/C=C/COc3ccccc3CN(Cc3ccccc3)C(=O)c3cc(Cl)ccc3OCCC2)CC1,-6.538,training
CN1CCCCN(C(=O)CCCn2cccn2)CCCOc2ccc(Cl)cc2C1=O,-5.936,training
CCc1noc(CCC(=O)N2CCCCN(C)C(=O)c3cc(Cl)ccc3OCC2)n1,-5.951,training
Cc1noc(C)c1C(=O)N1CCCCOc2ccc(Cl)cc2C(=O)N(C)C(Cc2ccccc2)C(=O)N(C)CCCC1,-5.449,training
CC(C)Cc1cc(C(=O)N2CCCCOc3ccc(Cl)cc3C(=O)N(C)C(C)C(=O)N(C)CCCC2)on1,-5.478,training
CCc1noc(CCC(=O)N2CCCCOc3ccc(Cl)cc3C(=O)N(C)C(C)C(=O)N(C)CCCC2)n1,-5.635,training
CCc1noc(CCC(=O)N2CCCCOc3ccc(Cl)cc3C(=O)N(C)C(Cc3ccccc3)C(=O)N(C)CCCC2)n1,-5.302,training
CC(C)C1C(=O)N(C)CCCCN(C(=O)c2cc[nH]n2)CCCCOc2ccc(Cl)cc2C(=O)N1C,-6.638,training
CC(C)Cc1cc(C(=O)N2CCCCOc3ccc(Cl)cc3C(=O)N(C)C(C(C)C)C(=O)N(C)CCCC2)on1,-5.896,training
CCc1noc(CCC(=O)N2CCCCN(C)C(=O)c3cc(Cl)ccc3OCCC2)n1,-5.379,training
CN1CCCCN(C(=O)C2CCOCC2)CCCCOc2ccc(Cl)cc2C(=O)N(C)C(Cc2ccccc2)C1=O,-5.18,training
CN1CCCCN(C(=O)c2ccc(F)cc2)CCCCOc2ccc(Cl)cc2C(=O)N(C)C(Cc2ccccc2)C1=O,-6.032,training
Cc1nc(C)c(C(=O)N2CCCCOc3ccc(Cl)cc3C(=O)N(C)C(Cc3ccccc3)C(=O)N(C)CCCC2)s1,-5.419,training
CCn1nc(C(=O)N2CCCCOc3ccc(Cl)cc3C(=O)N(C)C(C)C(=O)N(C)CCCC2)cc1C,-5.489,training
CN1CCCCN(C(=O)C2CCC(F)(F)CC2)CCCCOc2ccc(Cl)cc2C(=O)N(C)C(Cc2ccccc2)C1=O,-5.625,training
CN1CCCCN(C(=O)COc2cccc(F)c2)CCCOc2ccc(Cl)cc2C1=O,-5.085,training
Cc1c(CCC(=O)N2CCCCOc3ccc(Cl)cc3C(=O)N(C)C(Cc3ccccc3)C(=O)N(C)CCCC2)cnn1C,-5.425,training
CN1CCCCN(C(=O)Cc2c[nH]c3ccccc23)CCOc2ccc(Cl)cc2C1=O,-6.301,training
CC(=O)N1CCC(C(=O)N2CCCCOc3ccc(Cl)cc3C(=O)N(C)C(Cc3ccccc3)C(=O)N(C)CCCC2)CC1,-5.842,training
Cc1nn(C)cc1C(=O)N1CCCCOc2ccc(Cl)cc2C(=O)N(C)C(Cc2ccccc2)C(=O)N(C)CCCC1,-6.018,training
CN1CCCCN(C(=O)Cn2cccn2)CCCCOc2ccc(Cl)cc2C(=O)N(C)C(Cc2ccccc2)C1=O,-5.41,training
Cc1cc(C(=O)N2CCCCOc3ccc(Cl)cc3C(=O)N(C)C(Cc3ccccc3)C(=O)N(C)CCCC2)on1,-5.511,training
CCCc1cc(C(=O)N2CCCCOc3ccc(Cl)cc3C(=O)N(C)C(C(C)C)C(=O)N(C)CCCC2)no1,-5.799,training
CN1CCCCN(C(=O)COc2ccccc2F)CCCOc2ccc(Cl)cc2C1=O,-5.032,training
CC(C)c1nccn1CCC(=O)N1CCCCN(C)C(=O)c2cc(Cl)ccc2OCCC1,-6.215,training
CC(C)C1C(=O)N(C)CCCCN(C(=O)COc2ccccc2F)CCCCOc2ccc(Cl)cc2C(=O)N1C,-5.406,training
CC1C(=O)N(C)CCCCN(C(=O)COc2ccc(F)cc2)CCCCOc2ccc(Cl)cc2C(=O)N1C,-5.114,training
CN1CCCCN(C(=O)CCCn2cncn2)CCCOc2ccc(Cl)cc2C1=O,-6.481,training
CN1CCCCN(C(=O)COc2ccc(F)cc2)CCCOc2ccc(Cl)cc2C1=O,-5.014,training
CN1CCCCN(C(=O)C2CCOCC2)CCCOc2ccc(Cl)cc2C1=O,-5.745,training
CN1CCCCN(C(=O)Cc2cccnc2)CCOc2ccc(Cl)cc2C1=O,-6.357,training
Cc1cc(C(=O)N2CCCCOc3ccc(Cl)cc3C(=O)N(C)C(C)C(=O)N(C)CCCC2)on1,-5.298,training
CCn1nc(C(=O)N2CCCCOc3ccc(Cl)cc3C(=O)N(C)C(Cc3ccccc3)C(=O)N(C)CCCC2)cc1C,-5.168,training
CC1C(=O)N(C)CCCCN(C(=O)COc2ccccc2F)CCCCOc2ccc(Cl)cc2C(=O)N1C,-5.112,training
COc1ccccc1CC(=O)N1CCCCN(C)C(=O)c2cc(Cl)ccc2OCC1,-4.834,training
CN1CCCCN(C(=O)CCCc2cn[nH]c2)CCOc2ccc(Cl)cc2C1=O,-6.959,training
CN1CCCCN(C(=O)CCc2ccnn2C)CCOc2ccc(Cl)cc2C1=O,-6.745,training
CC(C)C1C(=O)N(C)CCCCN(C(=O)CC2CC2)CCCCOc2ccc(Cl)cc2C(=O)N1C,-5.115,training
CCc1noc(CCC(=O)N2CCCCOc3ccc(Cl)cc3C(=O)N(C)C(C(C)C)C(=O)N(C)CCCC2)n1,-5.116,training
CCCc1cc(C(=O)N2CCCCOc3ccc(Cl)cc3C(=O)N(C)C(C)C(=O)N(C)CCCC2)no1,-5.451,training
CN1CCCCN(C(=O)CCN2CCCC2=O)CCOc2ccc(Cl)cc2C1=O,-6.796,training
Cc1nc2ccccn2c1CC(=O)N1CCCCN(C)C(=O)c2cc(Cl)ccc2OCC1,-6.745,training
CC(=O)N1CCC(C(=O)N2CCCCN(C)C(=O)c3cc(Cl)ccc3OCCC2)CC1,-6.328,training
CN1CCCCN(C(=O)CCN2CCCC2=O)CCCOc2ccc(Cl)cc2C1=O,-6.721,training
Cc1cc(C)n(CC(=O)N2CCCCN(C)C(=O)c3cc(Cl)ccc3OCCC2)n1,-6.854,training
CN1CCCCN(C(=O)CCN2CCCC2=O)CCCCOc2ccc(Cl)cc2C(=O)N(C)C(Cc2ccccc2)C1=O,-6.854,training
CCCCN1CCOc2ccccc2CCCCC2(CN(C(=O)CCN3CCCCCC3)CCO2)C1=O,-5.376,training
CCCCN1CCOc2ccccc2CCCCC2(CN(C(=O)CN3CCCC3)CCO2)C1=O,-5.111,training
CCCCN1CCOc2ccccc2CCCCC2(CN(C(=O)C3CCN(C(C)C)CC3)CCO2)C1=O,-5.249,training
CCCCN1CCOc2ccccc2CCCCC2(CN(C(=O)CN3CCC(C)CC3)CCO2)C1=O,-5.78,training
CCN1CCOc2ccccc2CCCCC2(CN(C(=O)C3CCN(CCC(N)=O)CC3)CCO2)C1=O,-6.155,training
CCCCN1CCOc2ccccc2CCCCC2(CN(C(=O)C3CCN(C)CC3)CCO2)C1=O,-5.188,training
CCCCN1CCOc2ccccc2CCCCC2(CN(C(=O)CNC(=O)c3ccccc3)CCO2)C1=O,-5.785,training
CCCCN1CCOc2ccccc2CCCCC2(CN(C(=O)c3cncs3)CCO2)C1=O,-5.326,training
CCCCN1CCOc2ccccc2CCCCC2(CN(C(=O)COCC)CCO2)C1=O,-5.321,training
CCCCN1CCOc2ccccc2CCCCC2(CN(C(=O)CCN3CCOCC3)CCO2)C1=O,-5.077,training
CCCCN1CCOc2ccccc2CCCCC2(CN(C(=O)c3cnccn3)CCO2)C1=O,-5.173,training
CCCCN1CCOc2ccccc2CCCCC2(CN(C(=O)CCc3cnn(C)c3C)CCO2)C1=O,-5.377,training
CCCCN1CCOc2ccccc2CCCCC2(CN(C(=O)c3sc(C)nc3C)CCO2)C1=O,-5.455,training
CCCCN1CCOc2ccccc2CCCCC2(CN(C(=O)C3=NN(c4ccccc4)C(=O)C3)CCO2)C1=O,-5.682,training
CCCCN1CCOc2ccccc2CCCCC2(CN(C(=O)c3scnc3C)CCO2)C1=O,-5.24,training
CCCCN1CCOc2ccccc2CCCCC2(CN(C(=O)c3cnc(N(C)C)nc3)CCO2)C1=O,-5.845,training
CCCCN1CCOc2ccccc2CCCCC2(CN(C(=O)c3coc(C)n3)CCO2)C1=O,-5.311,training
CCCCN1CCOc2ccccc2CCCCC2(CN(C(=O)c3n[nH]c4c3CCCC4)CCO2)C1=O,-6.161,training
CCCCN1CCOc2ccccc2CCCCC2(CN(C(=O)c3ccn(C)n3)CCO2)C1=O,-5.394,training
CCCCN1CCOc2ccccc2CCCCC2(CN(C(=O)CCCn3cccn3)CCO2)C1=O,-5.389,training
CCCCN1CCOc2ccccc2CCCCC2(CN(C(=O)c3cn(C)cn3)CCO2)C1=O,-5.564,training
CCCCN1CCOc2ccccc2CCCCC2(CN(C(=O)CN(C)C)CCO2)C1=O,-5.004,training
CCCCN1CCOc2ccccc2CCCCC2(CN(C(=O)c3ccc(C)nc3)CCO2)C1=O,-5.554,training
CCCCN1CCOc2ccccc2CCCCC2(CN(C(=O)c3cncc(C)c3)CCO2)C1=O,-5.32,training
CCCCN1CCOc2ccccc2CCCCC2(CN(C(=O)c3cc(C)no3)CCO2)C1=O,-5.863,training
CCCCN1CCOc2ccccc2CCCCC2(CN(C(=O)c3ccnn3C)CCO2)C1=O,-5.447,training
CCCCN1CCOc2ccccc2CCCCC2(CN(C(=O)CCn3ccnc3)CCO2)C1=O,-5.215,training
CCCCN1CCOc2ccccc2CCCCC2(CN(C(=O)CCn3nccc3C)CCO2)C1=O,-5.509,training
CCCCN1CCOc2ccccc2CCCCC2(CN(C(=O)CCn3ccnc3C(C)C)CCO2)C1=O,-5.087,training
CCCCN1CCOc2ccccc2CCCCC2(CN(C(=O)CCc3nc(CC)no3)CCO2)C1=O,-5.955,training
CCCCN1CCOc2ccccc2CCCCC2(CN(C(=O)CNC(=O)OC(C)(C)C)CCO2)C1=O,-5.963,training
CCCCN1CCOc2ccccc2CCCCC2(CN(C(=O)CCOC)CCO2)C1=O,-5.231,training
O=C(C1=NN(c2ccccc2)C(=O)C1)N1CCOC2(CCCCc3ccccc3OCCN(Cc3ccccc3)C2=O)C1,-5.562,training
CCCCN1CCOc2ccccc2CCCCC2(CN(C(=O)c3cccc(C)n3)CCO2)C1=O,-5.41,training
CCCCN1CCOc2ccccc2CCCCC2(CN(C(=O)CCc3c(C)n[nH]c3C)CCO2)C1=O,-5.491,training
CCCCN1CCOc2ccccc2CCCCC2(CN(C(=O)CCn3ccccc3=O)CCO2)C1=O,-5.302,training
CCCCN1CCOc2ccccc2CCCCC2(CN(C(=O)c3ccnc(C)n3)CCO2)C1=O,-5.225,training
CCCCN1CCOc2ccccc2CCCCC2(CN(C(=O)Cc3csc(C)n3)CCO2)C1=O,-5.719,training
CCCCN1CCOc2ccccc2CCCCC2(CN(C(=O)c3cnn(C)c3)CCO2)C1=O,-5.131,training
CCCCN1CCOc2ccccc2CCCCC2(CN(C(=O)c3cnn(CC)c3)CCO2)C1=O,-5.275,training
CCCCN1CCOc2ccccc2CCCCC2(CN(C(=O)c3cn(CC)nc3C)CCO2)C1=O,-5.162,training
CCCCN1CCOc2ccccc2CCCCC2(CN(C(=O)CCc3ccnn3C)CCO2)C1=O,-5.475,training
CCCCN1CCOc2ccccc2CCCCC2(CN(C(=O)CCCn3cncn3)CCO2)C1=O,-5.296,training
CCCCN1CCOc2ccccc2CCCCC2(CN(C(=O)c3ccc(C)n(C)c3=O)CCO2)C1=O,-5.767,training
CCCCN1CCOc2ccccc2CCCCC2(CN(C(=O)CCc3cccnc3)CCO2)C1=O,-5.474,training
CCCCN1CCOc2ccccc2CCCCC2(CN(C(=O)CNC(C)=O)CCO2)C1=O,-5.457,training
CCCCN1CCOc2ccccc2CCCCC2(CN(C(=O)CCc3cnn(C)c3)CCO2)C1=O,-5.407,training
CCCCN1CCOc2ccccc2CCCCC2(CN(C(=O)c3ccnc(NC(C)=O)c3)CCO2)C1=O,-5.353,training
CCCCN1CCOc2ccccc2CCCCC2(CN(C(=O)c3c(C)noc3C)CCO2)C1=O,-5.644,training
CCCCN1CCOc2ccccc2CCCCC2(CN(C(=O)C3CCOCC3)CCO2)C1=O,-5.048,training
CCCCN1CCOc2ccccc2CCCCC2(CN(C(=O)Cn3ccnc3CC)CCO2)C1=O,-5.403,training
CCCCN1CCOc2ccccc2CCCCC2(CN(C(=O)Cn3cccn3)CCO2)C1=O,-5.379,training
CCCCN1CCOc2ccccc2CCCCC2(CN(C(=O)C3CCN(C(C)=O)CC3)CCO2)C1=O,-5.292,training
CCCCN1CCOc2ccccc2CCCCC2(CN(C(=O)CNS(C)(=O)=O)CCO2)C1=O,-5.369,training
CCCCN1CCOc2ccccc2CCCCC2(CN(C(=O)Cc3c(C)nn(C)c3C)CCO2)C1=O,-5.461,training
CCCCN1CCOc2ccccc2CCCCC2(CN(C(=O)c3cnc(C)nc3C)CCO2)C1=O,-5.05,training
CCCCN1CCOc2ccccc2CCCCC2(CN(C(=O)c3ocnc3C)CCO2)C1=O,-5.27,training
CCCCN1CCOc2ccccc2CCCCC2(CN(C(=O)c3cnc[nH]3)CCO2)C1=O,-5.914,training
CCCCN1CCOc2ccccc2CCCCC2(CN(C(=O)CCc3c(C)noc3C)CCO2)C1=O,-5.996,training
CCCCN1CCOc2ccccc2CCCCC2(CN(C(=O)CCn3cnc4ccccc43)CCO2)C1=O,-6.041,training
CCCCN1CCOc2ccccc2CCCCC2(CN(C(=O)c3cccc(-n4cnnc4)c3)CCO2)C1=O,-5.854,training
CCCCN1CCOc2ccccc2CCCCC2(CN(C(=O)c3nn(CCC)cc3Cl)CCO2)C1=O,-6.108,training
CCCCN1CCOc2ccccc2CCCCC2(CN(C(=O)c3cnco3)CCO2)C1=O,-5.157,training
CCCCN1CCOc2ccccc2CCCCC2(CN(C(=O)c3ncccc3C)CCO2)C1=O,-5.256,training
CCCCN1CCOc2ccccc2CCCCC2(CN(C(=O)c3cnc(C)nc3)CCO2)C1=O,-5.054,training
CCCCN1CCOc2ccccc2CCCCC2(CN(C(=O)c3ncccn3)CCO2)C1=O,-5.143,training
CCCCN1CCOc2ccccc2CCCCC2(CN(C(=O)c3cn(C)nc3C)CCO2)C1=O,-5.084,training
CCCCN1CCOc2ccccc2CCCCC2(CN(C(=O)c3cccc4ncccc34)CCO2)C1=O,-5.74,training
CCCCN1CCOc2ccccc2CCCCC2(CN(C(=O)c3cc[nH]n3)CCO2)C1=O,-5.434,training
CCCCN1CCOc2ccccc2CCCCC2(CN(C(=O)c3ncoc3C)CCO2)C1=O,-5.358,training
CCCCN1CCOc2ccccc2CCCCC2(CN(C(=O)c3cccnn3)CCO2)C1=O,-5.047,training
CCCCN1CCOc2ccccc2CCCCC2(CN(C(=O)CN3CCCCCC3=O)CCO2)C1=O,-5.159,training
CCCCN1CCOc2ccccc2CCCCC2(CN(C(=O)c3cccc(COC)c3)CCO2)C1=O,-5.845,training
CCCCN1CCOc2ccccc2CCCCC2(CN(C(=O)c3ccncn3)CCO2)C1=O,-5.075,training
CCCCN1CCOc2ccccc2CCCCC2(CN(C(=O)c3cncnc3C)CCO2)C1=O,-4.979,training
CCCCN1CCOc2ccccc2CCCCC2(CN(C(=O)Cn3cnc4ccccc43)CCO2)C1=O,-6.229,training
CCCCN1CCOc2ccccc2CCCCC2(CN(C(=O)Cc3c(C)nc4ccccn34)CCO2)C1=O,-5.764,training
CCCCN1CCOc2ccccc2CCCCC2(CN(C(=O)Cc3ccccc3OC)CCO2)C1=O,-6.268,training
CCCCN1CCOc2ccccc2CCCCC2(CN(C(=O)c3nc(C)n(-c4ccccc4)n3)CCO2)C1=O,-6.215,training
CCCCN1CCOc2ccccc2CCCCC2(CN(C(=O)c3cnn4cccnc34)CCO2)C1=O,-5.254,training
CCCCN1CCOc2ccccc2CCCCC2(CN(C(=O)c3c(C(C)C)noc3C)CCO2)C1=O,-6.056,training
CCCCN1CCOc2ccccc2CCCCC2(CN(C(=O)c3ccc4c(c3)OCO4)CCO2)C1=O,-6.119,training
CCCCN1CCOc2ccccc2CCCCC2(CN(C(=O)c3cccc4cccnc34)CCO2)C1=O,-5.757,training
CCCCN1CCOc2ccccc2CCCCC2(CN(C(=O)C(C)(C)OC)CCO2)C1=O,-5.87,training
CCCCN1CCOc2ccccc2CCCCC2(CN(C(=O)CN(C)C(=O)OC(C)(C)C)CCO2)C1=O,-6.119,training
CCCCN1CCOc2ccccc2CCCCC2(CN(C(=O)c3cc(CC)no3)CCO2)C1=O,-5.963,training
CCCCN1CCOc2ccccc2CCCCC2(CN(C(=O)c3cc(CC)on3)CCO2)C1=O,-6.167,training
CCCCN1CCOc2ccccc2CCCCC2(CN(C(=O)c3cc(C)on3)CCO2)C1=O,-6.066,training
CCCCN1CCOc2ccccc2CCCCC2(CN(C(=O)c3cnc(C4CC4)nc3)CCO2)C1=O,-6.076,training
CCCCN1CCOc2ccccc2CCCCC2(CN(C(=O)CC3CC3)CCO2)C1=O,-6.051,training
CCCCN1CCOc2ccccc2CCCCC2(CN(C(=O)CN3CCC(C(N)=O)CC3)CCO2)C1=O,-6.854,training
CCCCN1CCOc2ccccc2CCCCC2(CN(C(=O)c3ccccc3OC)CCO2)C1=O,-6.056,training
CCCCN1CCOc2ccccc2CCCCC2(CN(C(=O)c3ccc4ncccc4c3)CCO2)C1=O,-5.975,training
CCCCN1CCOc2ccccc2CCCCC2(CN(C(=O)c3ccc(F)cc3F)CCO2)C1=O,-6.409,training
CCCCN1CCOc2ccccc2CCCCC2(CN(C(=O)COc3cccc4cccnc34)CCO2)C1=O,-6.276,training
CCCCN1CCOc2ccccc2CCCCC2(CN(C(=O)c3cccc(F)c3)CCO2)C1=O,-6.387,training
CCCCN1CCOc2ccccc2CCCCC2(CN(C(=O)c3ccccc3)CCO2)C1=O,-6.398,training
CCCCN1CCOc2ccccc2CCCCC2(CN(C(=O)CCN(C)Cc3ccccn3)CCO2)C1=O,-5.114,training
CCOc1cccc2c1OCCCCCNC(=O)CN(C(=O)CN1CCN(C)CC1)C2,-6.921,training
CCOc1cccc2c1OCCCCCNC(=O)CN(C(=O)CN1CCN(C(C)C)CC1)C2,-6.77,training
CCOc1cccc2c1OCCCCCNC(=O)CN(C(=O)CC1CCN(C)CC1)C2,-6.824,training
CCOc1cccc2c1OCCCCCNC(=O)CN(C(=O)Cc1csc(C)n1)C2,-5.983,training
CCOc1cccc2c1OCCCCCNC(=O)CN(C(=O)Cc1ccc(C)cc1)C2,-5.315,training
CCOc1cccc2c1OCCCCCNC(=O)CN(C(=O)CCCn1cccn1)C2,-5.979,training
CCOc1cccc2c1OCCCCCNC(=O)CN(C(=O)Cc1ccccc1F)C2,-5.491,training
CCOc1cccc2c1OCCCCCNC(=O)CN(C(=O)Cc1ccccc1)C2,-5.357,training
CCOc1cccc2c1OCCCCCNC(=O)CN(C(=O)CC1CC1)C2,-5.385,training
CCOc1cccc2c1OCCCCCNC(=O)CN(C(=O)CC1CCCCO1)C2,-5.333,training
CCOc1cccc2c1OCCCCCNC(=O)CN(C(=O)Cc1cccc(C)c1)C2,-5.247,training
CCOc1cccc2c1OCCCCCNC(=O)CN(C(=O)CCCc1ccncc1)C2,-6.222,training
CCOc1cccc2c1OCCCCCNC(=O)CN(C(=O)CCn1nnc3ccccc31)C2,-6.009,training
CCOc1cccc2c1OCCCCCNC(=O)CN(C(=O)CCC1CCCO1)C2,-5.735,training
CCOc1cccc2c1OCCCCCNC(=O)CN(C(=O)CCc1ccccc1)C2,-6.041,training
CCOc1ccc(CC(=O)N2CC(=O)NCCCCCOc3c(cccc3OCC)C2)cc1,-6.013,training
CCOc1cccc2c1OCCCCCNC(=O)CN(C(=O)CC1CCCC1)C2,-5.79,training
CCOc1cccc2c1OCCCCCNC(=O)CN(C(=O)CCc1ccccc1OC)C2,-6.041,training
CCOc1cccc2c1OCCCCCNC(=O)CN(C(=O)CCC1CCC1)C2,-5.156,training
CCOc1cccc2c1OCCCCCNC(=O)CN(C(=O)Cc1c(C)noc1C)C2,-6.456,training
CCOc1cccc2c1OCCCCCNC(=O)CN(C(=O)CCc1c(C)nn(C)c1C)C2,-6.125,training
CCOc1cccc2c1OCCCCCNC(=O)CN(C(=O)COc1cccc(OC)c1)C2,-6.495,training
CCOc1cccc2c1OCCCCCNC(=O)CN(C(=O)CCOC)C2,-6.108,training
CCOc1cccc2c1OCCCCCNC(=O)CN(C(=O)Cc1ccc(Cl)cc1)C2,-5.578,training
CCOc1cccc2c1OCCCCCNC(=O)CN(C(=O)CN1CCCCC1)C2,-5.857,training
CCOc1cccc2c1OCCCCCNC(=O)CN(C(=O)c1cn(C)c3ccccc13)C2,-5.26,training
CCOc1cccc2c1OCCCCCNC(=O)CN(C(=O)CCc1ccc(OC)c(OC)c1)C2,-5.602,training
CCOc1cccc2c1OCCCCCNC(=O)CN(C(=O)C1CC1)C2,-5.484,training
CCOc1cccc2c1OCCCCCNC(=O)CN(C(=O)CCc1cc(OC)no1)C2,-5.79,training
CCOc1cccc2c1OCCCCCNC(=O)CN(C(=O)Cn1ccnc1)C2,-6.495,training
CCOc1cccc2c1OCCCCCNC(=O)CN(C(=O)COc1ccccc1OC)C2,-5.416,training
CCOc1cccc2c1OCCCCCNC(=O)CN(C(C)=O)C2,-6.229,training
CCOc1cccc2c1OCCCCCNC(=O)CN(C(=O)CC(C)C)C2,-5.052,training
CCOc1cccc2c1OCCCCCNC(=O)CN(C(=O)Cc1cccnc1)C2,-6.523,training
CCOc1cccc2c1OCCCCCNC(=O)CN(C(=O)CCc1ccnn1C)C2,-6.602,training
CCOc1cccc2c1OCCCCCNC(=O)CN(C(=O)CCc1cnn(C)c1)C2,-6.699,training
CCOc1cccc2c1OCCCCCNC(=O)CN(C(=O)Cc1ccc(OC)cc1)C2,-5.213,training
CCOc1cccc2c1OCCCCCNC(=O)CN(C(=O)COC)C2,-6.268,training
CCOc1cccc2c1OCCCCCNC(=O)CN(C(=O)c1ccccc1OC)C2,-5.169,training
CCOc1cccc2c1OCCCCCNC(=O)CN(C(=O)CC(C)(C)C)C2,-4.841,training
CCOc1cccc2c1OCCCCCNC(=O)CN(C(=O)CCCOc1ccccc1F)C2,-6.523,training
CCOc1cccc2c1OCCCCCNC(=O)CN(C(=O)Cn1ccc3ccccc31)C2,-6.62,training
CCOc1cccc2c1OCCCCCNC(=O)CN(C(=O)COc1ccccc1C)C2,-6.638,training
CCOc1cccc2c1OCCCCCNC(=O)CN(CC(=O)OC(C)(C)C)C2,-6.553,training
CCOc1cccc2c1OCCCCCNC(=O)CN(C(=O)CCc1cn(C)nc1C)C2,-6.77,training
CCOc1cccc2c1OCCCCCNC(=O)CN(C(=O)Cn1cc(C(F)(F)F)cn1)C2,-7.0,training
CCOc1cccc2c1OCCCCCNC(=O)CN(C(=O)Cc1ccc3c(c1)OCO3)C2,-5.243,training
CCOc1cccc2c1OCCCCCNC(=O)CN(C(=O)CCn1ccnc1C)C2,-6.854,training
CCOc1cccc2c1OCCCCCNC(=O)CN(C(=O)Cn1nc(C)nc1C)C2,-7.155,training
CCOc1cccc2c1OCCCCCNC(=O)CN(C(=O)CN(C)C)C2,-6.824,training
CCOc1cccc2c1OCCCCCNC(=O)CN(C(=O)CCCn1ccnc1)C2,-7.097,training
CCOc1cccc2c1OCCCCCNC(=O)CN(C(=O)CCCn1cncn1)C2,-7.097,training
CCOc1cccc2c1OCCCCCNC(=O)CN(C(=O)Cn1cncn1)C2,-7.301,training
CCOc1cccc2c1OCCCCCNC(=O)CN(C(=O)Cc1ccccc1C)C2,-5.635,training
CC(C)N1CCC(C(=O)N2CCCCN(C)C(=O)c3cc(Cl)ccc3OCC2)CC1,-6.921,training
Cc1ncsc1C(=O)N1CCCCN(C)C(=O)c2cc(Cl)ccc2OCCC1,-5.629,training
Cc1c(C(=O)N2CCCCN(C)C(=O)c3cc(Cl)ccc3OCC2)c2ccccc2n1C,-5.281,training
Cc1nc(C)c(C(=O)N2CCCCN(C)C(=O)c3cc(Cl)ccc3OCCC2)s1,-5.388,training
CCc1noc(C)c1C(=O)N1CCCCN(C)C(=O)c2cc(Cl)ccc2OCCC1,-5.441,training
CN1CCCCN(C(=O)c2ccc3ncccc3c2)CCOc2ccc(Cl)cc2C1=O,-5.9,training
Cc1cccc(C(=O)N2CCCCN(C)C(=O)c3cc(Cl)ccc3OCC2)n1,-5.606,training
CN1CCCCN(C(=O)c2ccccn2)CCOc2ccc(Cl)cc2C1=O,-5.81,training
Cc1ccc(C(=O)N2CCCCOc3ccc(Cl)cc3C(=O)N(C)C(C(C)C)C(=O)N(C)CCCC2)cc1F,-5.633,training
CN1CCCCN(C(=O)c2ccc(=O)n(CC(N)=O)c2)CCOc2ccc(Cl)cc2C1=O,-6.921,training
Cc1oc2c(c1C(=O)N1CCCCN(C)C(=O)c3cc(Cl)ccc3OCC1)CCCC2,-5.231,training
COc1ccccc1C(=O)N1CCCCN(C)C(=O)c2cc(Cl)ccc2OCC1,-5.399,training
CN1CCCCN(C(=O)c2cccc(Cl)c2)CCOc2ccc(Cl)cc2C1=O,-5.24,training
CN1CCCCN(C(=O)c2nccc3ccccc23)CCOc2ccc(Cl)cc2C1=O,-5.245,training
COc1ccc(C(=O)N2CCCCN(C)C(=O)c3cc(Cl)ccc3OCC2)cc1F,-5.342,training
CCCc1cc(C(=O)N2CCCCN(C)C(=O)c3cc(Cl)ccc3OCCC2)no1,-5.415,training
CN1CCCCN(C(=O)c2cc(C(C)(C)C)n[nH]2)CCCOc2ccc(Cl)cc2C1=O,-5.759,training
Cc1onc(C(C)C)c1C(=O)N1CCCCN(C)C(=O)c2cc(Cl)ccc2OCC1,-5.385,training
Cc1[nH]c2ccc(C(=O)N3CCCCN(C)C(=O)c4cc(Cl)ccc4OCC3)cc2c1C,-6.155,training
COc1cccc(C(=O)N2CCCCN(C)C(=O)c3cc(Cl)ccc3OCC2)c1,-5.068,training
CC(C)c1cc(C(=O)N2CCCCN(C)C(=O)c3cc(Cl)ccc3OCCC2)on1,-5.233,training
CCn1nc(C(=O)N2CCCCN(C)C(=O)c3cc(Cl)ccc3OCC2)cc1C,-5.384,training
COCc1cccc(C(=O)N2CCCCN(C)C(=O)c3cc(Cl)ccc3OCCC2)c1,-5.084,training
CN1CCCCN(C(=O)c2ccc(F)cc2F)CCOc2ccc(Cl)cc2C1=O,-5.045,training
CN1CCCCN(C(=O)c2ccc3c(c2)CCCC3)CCOc2ccc(Cl)cc2C1=O,-5.502,training
Cc1nccc(C(=O)N2CCCCN(C)C(=O)c3cc(Cl)ccc3OCC2)n1,-6.357,training
CC1C(=O)N(C)CCCCN(C(=O)c2cc(C(C)(C)C)n[nH]2)CCCCOc2ccc(Cl)cc2C(=O)N1C,-6.108,training
CN1CCCCN(C(=O)c2ccccc2Cl)CCOc2ccc(Cl)cc2C1=O,-5.932,training
CN1CCCCN(C(=O)c2ccc3c(c2)OCO3)CCOc2ccc(Cl)cc2C1=O,-5.433,training
CN1CCCCN(C(=O)c2n[nH]c3c2CCCC3)CCOc2ccc(Cl)cc2C1=O,-6.585,training
CN1CCCCN(C(=O)c2c(F)cccc2F)CCOc2ccc(Cl)cc2C1=O,-4.997,training
Cc1ccc(C(=O)N2CCCCN(C)C(=O)c3cc(Cl)ccc3OCCC2)cc1F,-4.887,training
CN1CCCCN(C(=O)c2ccc(F)cc2)CCCOc2ccc(Cl)cc2C1=O,-4.9,training
CCn1cc(C(=O)N2CCCCN(C)C(=O)c3cc(Cl)ccc3OCCC2)cn1,-6.26,training
CN1CCCCN(C(=O)c2cc(F)cc(F)c2)CCOc2ccc(Cl)cc2C1=O,-4.989,training
Cc1ncsc1C(=O)N1CCCCOc2ccc(Cl)cc2C(=O)N(C)C(C(C)C)C(=O)N(C)CCCC1,-5.229,training
CN1CCCCN(C(=O)c2cnc(N(C)C)nc2)CCOc2ccc(Cl)cc2C1=O,-6.538,training
CC(C)C1C(=O)N(C)CCCCN(C(=O)c2ccc(F)cc2)CCCCOc2ccc(Cl)cc2C(=O)N1C,-5.218,training
CCc1cc(C(=O)N2CCCCN(C)C(=O)c3cc(Cl)ccc3OCC2)on1,-5.015,training
COC(C)(C)C(=O)N1CCCCN(C)C(=O)c2cc(Cl)ccc2OCCC1,-4.799,training
CC(C)n1nccc1C(=O)N1CCCCN(C)C(=O)c2cc(Cl)ccc2OCCC1,-4.96,training
COc1cc(OC)cc(C(=O)N2CCCCN(C)C(=O)c3cc(Cl)ccc3OCC2)c1,-4.983,training
CC(C)c1cc(C(=O)N2CCCCN(C)C(=O)c3cc(Cl)ccc3OCC2)on1,-5.009,training
CN1CCCCN(C(=O)c2cnn3cccnc23)CCOc2ccc(Cl)cc2C1=O,-6.854,training
Cc1ocnc1C(=O)N1CCCCN(C)C(=O)c2cc(Cl)ccc2OCCC1,-5.185,training
Cc1nc2ccc(C(=O)N3CCCCN(C)C(=O)c4cc(Cl)ccc4OCC3)cc2[nH]1,-7.097,training
COc1cccc(N=C2CCc3csc(n3)-c3cccnc3Oc3ccccc3OCCCCCN2)c1,-5.6,training
c1ccc(CN2CCC(N=C3NCCCCCOc4ccccc4Oc4ncccc43)CC2)cc1,-6.149,training
CC(C)N1CCN(/C2=N/CCCCCOc3ccccc3Oc3ncccc32)CC1,-5.684,training
CN1CCCN(/C2=N/CCCCCOc3ccccc3Oc3ncccc32)CC1,-6.721,training
c1ccc2c(c1)OCCCCCNC(=NCCCN1CCOCC1)c1cccnc1O2,-7.046,training
CCN1CCCC1CN=C1NCCCCCOc2ccccc2Oc2ncccc21,-6.921,training
c1ccc2c(c1)OCCCCCCNC(=NCCN1CCCC1)c1cccnc1O2,-7.523,training
c1ccc(OCCN=C2NCCCCCOc3ccccc3Oc3ncccc32)cc1,-5.462,training
COc1cc(CN=C2NCCOCCOc3ccccc3Oc3ncccc32)cc(OC)c1,-6.523,training
Clc1ccccc1CCN=C1NCCCCCOc2ccccc2Oc2ncccc21,-5.286,training
COc1cccc(CN=C2NCCCCCOc3ccccc3Oc3ncccc32)c1,-5.812,training
CN(CCc1ccccc1)/C1=N/CCCCCOc2ccccc2Oc2ncccc21,-5.233,training
COc1ccc(CN=C2NCCCCCOc3ccccc3Oc3ncccc32)cc1,-5.928,training
Clc1cccc(N=C2NCCOCCOc3ccccc3Oc3ncccc32)c1,-5.616,training
Fc1ccc(CCN=C2NCCCCCOc3ccccc3Oc3ncccc32)cc1,-5.602,training
COc1cc(CN=C2NCCCCCOc3ccccc3Oc3ncccc32)cc(OC)c1OC,-6.523,training
CN1CCCN=C(Nc2cccc(Cl)c2)c2cccnc2Oc2ccccc2OCC1,-5.149,training
CC(C)CCNC1=NCCCCCOc2ccccc2Oc2ncccc21,-5.866,training
c1ccc(CC2CCN(/C3=N/CCCCCOc4ccccc4Oc4ncccc43)CC2)cc1,-5.188,training
Cc1ccc(CN=C2NCCCCCOc3ccccc3Oc3ncccc32)cc1,-5.372,training
Clc1ccc(CCN=C2NCCCCCOc3ccccc3Oc3ncccc32)cc1,-5.292,training
CN(Cc1ccccc1)/C1=N/CCOCCOc2ccccc2Oc2ncccc21,-5.676,training
c1ccc2c(c1)OCCOCC/N=C(/N1CCOCC1)c1cccnc1O2,-6.26,training
COc1cccc(CN=C2NCCOCCOc3ccccc3Oc3ncccc32)c1,-6.481,training
c1ccc2c(c1)OCCCCC/N=C(/N1CCOCC1)c1cccnc1O2,-5.636,training
COc1cccc(NC2=NCCCCCOc3ccccc3Oc3ncccc32)c1,-5.258,training
Clc1cccc(NC2=NCCCCCOc3ccccc3Oc3ncccc32)c1,-5.285,training
c1ccc(CC2CCCCN2/C2=N/CCCCCCOc3ccccc3Oc3ncccc32)cc1,-5.019,training
CN(Cc1ccccc1)/C1=N/CCCCCOc2ccccc2Oc2ncccc21,-5.148,training
Fc1cc(F)cc(CN=C2NCCCCCOc3ccccc3Oc3ncccc32)c1,-5.124,training
c1ccc2c(c1)OCCCCCNC(=NCCN1CCOCC1)c1cccnc1O2,-6.678,training
CCC(CC)NC1=NCCCCCOc2ccccc2Oc2ncccc21,-5.971,training
c1ccc(N2CCN(/C3=N/CCCCCOc4ccccc4Oc4ncccc43)CC2)nc1,-5.228,training
c1ccc(CCN/C2=N/CCCCCOc3ccccc3Oc3ncccc32)nc1,-6.523,training
CC(C)CN=C1NCCCCCOc2ccccc2Oc2ncccc21,-6.276,training
OCC1CCCN(/C2=N/CCCCCOc3ccccc3Oc3ncccc32)C1,-6.046,training
CN1CCN(CC(=O)OC(C)(C)C)CCOc2ccccc2Oc2ncccc2C1=O,-5.025,training
COc1ccc(CN=C2NCCOCCOc3ccccc3Oc3ncccc32)cc1,-6.699,training
c1cnc(N2CCN(/C3=N/CCCCCOc4ccccc4Oc4ncccc43)CC2)nc1,-5.345,training
COCCN=C1NCCCCCOc2ccccc2Oc2ncccc21,-6.77,training
Cc1cccc(N=C2NCCCCCOc3ccccc3Oc3ncccc32)n1,-4.995,training
COCCN1CCN(/C2=N/CCCCCOc3ccccc3Oc3ncccc32)CC1,-6.469,training
CN1CCN(/C2=N/CCCCCOc3ccccc3Oc3ncccc32)CC1,-6.319,training
CN1CCN(CC(=O)NC(CO)Cc2ccccc2)CCOc2ccccc2Oc2ncccc2C1=O,-7.699,training
Cc1cc(N=C2NCCCCCOc3ccccc3Oc3ncccc32)n(C)n1,-4.902,training
c1ccc2c(c1)OCCCCCNC(=NCC1CCOCC1)c1cccnc1O2,-7.046,training
c1ccc2c(c1)OCCCCCN=C(NC1CC1)c1cccnc1O2,-6.824,training
CC(C)NC1=NCCCCCOc2ccccc2Oc2ncccc21,-6.553,training
CN1CCN(/C2=N/CCOCCOc3ccccc3Oc3ncccc32)CC1,-6.959,training
Cc1cccc(NC2=NCCOCCOc3ccccc3Oc3ncccc32)n1,-4.971,training
c1ccc2c(c1)OCCOCCN=C(NCC1CC1)c1cccnc1O2,-7.398,training
CC(C)NC1=NCCOCCOc2ccccc2Oc2ncccc21,-7.699,training
OCCN1CCN(/C2=N/CCCCCOc3ccccc3Oc3ncccc32)CC1,-7.222,training
COc1ccccc1CNC(=O)c1ccc2c(c1)Cc1cccc(c1)CN(C)CCCCCO2,-5.46,training
Cc1nn(CCNC(=O)c2ccc3c(c2)Cc2cccc(c2)CN(C)CCCCCO3)c(C)c1Cl,-5.996,training
COc1cccc(CNC(=O)c2ccc3c(c2)Cc2cccc(c2)CN(C)CCCCCO3)c1,-5.321,training
CN(C)CCN1CCN(C(=O)c2ccc3c(c2)Cc2cccc(c2)CN(C2CCC2)CCCCCO3)CC1,-5.442,training
COCc1ccccc1CNC(=O)c1ccc2c(c1)Cc1cccc(c1)CN(C)CCCCCO2,-5.376,training
CN1CCCC(CCNC(=O)c2ccc3c(c2)Cc2cccc(c2)CN(CC2CC2)CCCCCO3)C1,-5.818,training
CN1CCCCCOc2ccc(C(=O)NCCCn3cncn3)cc2Cc2cccc(c2)C1,-6.26,training
O=C(c1ccc2c(c1)Cc1cccc(c1)CN(C1CCC1)CCCCCO2)N1CCCC1,-5.382,training
O=C(NCCCCCO)c1ccc2c(c1)Cc1cccc(c1)CN(C1CCC1)CCCCCO2,-5.393,training
CN1CCCC(CNC(=O)c2ccc3c(c2)Cc2cccc(c2)CN(CC2CC2)CCCCCO3)C1,-5.701,training
CN1CCCCCOc2ccc(C(=O)NCCN3CCCC3)cc2Cc2cccc(c2)C1,-5.466,training
CN1CCCCCOc2ccc(C(=O)NCCc3ccc(S(=O)(=O)N(C)C)cc3)cc2Cc2cccc(c2)C1,-6.131,training
Cc1cncc(NC(=O)c2ccc3c(c2)Cc2cccc(c2)CN(C2CCC2)CCCCCO3)c1,-5.492,training
O=C(NCCO)c1ccc2c(c1)Cc1cccc(c1)CN(CC1CC1)CCCCCO2,-5.839,training
CN1CCCCCOc2ccc(C(=O)NCCOc3ccccc3)cc2Cc2cccc(c2)C1,-5.491,training
CC1CN(C(=O)c2ccc3c(c2)Cc2cccc(c2)CN(C2CCC2)CCCCCO3)CC(C)O1,-5.724,training
CN1CCCCCOc2ccc(C(=O)NCC(c3ccccc3)N3CCCCC3)cc2Cc2cccc(c2)C1,-5.439,training
CN1CCCCCOc2ccc(C(=O)NCCN3CCCC3=O)cc2Cc2cccc(c2)C1,-6.187,training
CC(C)c1nccn1CCCNC(=O)c1ccc2c(c1)Cc1cccc(c1)CN(C)CCCCCO2,-5.983,training
Cc1cnccc1NC(=O)c1ccc2c(c1)Cc1cccc(c1)CN(C1CCC1)CCCCCO2,-5.588,training
O=C(NCCCn1cncn1)c1ccc2c(c1)Cc1cccc(c1)CN(CC1CC1)CCCCCO2,-5.827,training
Cc1cc(C)n(CCNC(=O)c2ccc3c(c2)Cc2cccc(c2)CN(CC2CC2)CCCCCO3)n1,-5.231,training
O=C(c1ccc2c(c1)Cc1cccc(c1)CN(C1CCC1)CCCCCO2)N1CC(O)C1,-5.975,training
CN1CCC(NC(=O)c2ccc3c(c2)Cc2cccc(c2)CN(C2CCC2)CCCCCO3)CC1,-5.359,training
O=C1CN(C(=O)c2ccc3c(c2)Cc2cccc(c2)CN(C2CCC2)CCCCCO3)CCN1,-6.638,training
CCN(CC)C(CNC(=O)c1ccc2c(c1)Cc1cccc(c1)CN(C)CCCCCO2)c1ccc(C)cc1,-5.695,training
CN(C)CCNC(=O)c1ccc2c(c1)Cc1cccc(c1)CN(C)CCCCCO2,-5.538,training
CN1CCCCCOc2ccc(C(=O)NCCCO)cc2Cc2cccc(c2)C1,-6.161,training
CN1CCCCCOc2ccc(C(=O)NCCc3ccc(S(N)(=O)=O)cc3)cc2Cc2cccc(c2)C1,-7.301,training
O=C(c1ccc2c(c1)Cc1cccc(c1)CN(C1CCC1)CCCCCO2)N1CCN(c2ccccn2)CC1,-5.943,training
O=C(NCCCO)c1ccc2c(c1)Cc1cccc(c1)CN(CC1CC1)CCCCCO2,-5.366,training
O=C(NCCCN1CCCC1)c1ccc2c(c1)Cc1cccc(c1)CN(CC1CC1)CCCCCO2,-5.159,training
O=C(NCC1CC1)c1ccc2c(c1)Cc1cccc(c1)CN(CC1CC1)CCCCCO2,-5.228,training
Cc1ccc2nc(CNC(=O)c3ccc4c(c3)Cc3cccc(c3)CN(C)CCCCCO4)[nH]c2c1,-5.845,training
CC1Cc2cc(CNC(=O)c3ccc4c(c3)Cc3cccc(c3)CN(C)CCCCCO4)ccc2O1,-5.635,training
NC(=O)CCNC(=O)c1ccc2c(c1)Cc1cccc(c1)CN(CC1CC1)CCCCCO2,-7.155,training
CCC(CC)NC(=O)c1ccc2c(c1)Cc1cccc(c1)CN(C1CCC1)CCCCCO2,-5.752,training
Cc1cc(CNC(=O)c2ccc3c(c2)Cc2cccc(c2)CN(C)CCCCCO3)[nH]n1,-6.149,training
CN(C)CCCNC(=O)c1ccc2c(c1)Cc1cccc(c1)CN(CC1CC1)CCCCCO2,-5.419,training
CN1CCCCCOc2ccc(C(=O)NCC(C)(C)c3cccc(F)c3)cc2Cc2cccc(c2)C1,-6.046,training
Cc1nc(CNC(=O)c2ccc3c(c2)Cc2cccc(c2)CN(C)CCCCCO3)no1,-5.391,training
CN1CCCCCOc2ccc(C(=O)NCCC(N)=O)cc2Cc2cccc(c2)C1,-6.854,training
CN1CCC(CNC(=O)c2ccc3c(c2)Cc2cccc(c2)CN(CC2CC2)CCCCCO3)CC1,-6.337,training
Cc1ccc(CNC(=O)c2ccc3c(c2)Cc2cccc(c2)CN(C)CCCCCO3)cc1,-5.764,training
CN1CCCCCOc2ccc(C(=O)NCCn3nccc3NS(C)(=O)=O)cc2Cc2cccc(c2)C1,-7.398,training
CN1CCCCCOc2ccc(C(=O)NCc3nnc4n3CCCCC4)cc2Cc2cccc(c2)C1,-6.824,training
CC(C)CNC(=O)c1ccc2c(c1)Cc1cccc(c1)CN(C1CCC1)CCCCCO2,-5.719,training
CN1CCCCCOc2ccc(C(=O)NCC3CCCN(C)C3)cc2Cc2cccc(c2)C1,-6.252,training
CC(C)c1nccn1CCCNC(=O)c1ccc2c(c1)Cc1cccc(c1)CN(CC1CC1)CCCCCO2,-5.573,training
CN1CCCCCOc2ccc(C(=O)NCCC3CCCN(C)C3)cc2Cc2cccc(c2)C1,-6.301,training
Cc1nccn1CCCNC(=O)c1ccc2c(c1)Cc1cccc(c1)CN(CC1CC1)CCCCCO2,-6.42,training
CN1CCCCCOc2ccc(C(=O)NCCCCn3ccnc3)cc2Cc2cccc(c2)C1,-6.523,training
CC(C)NC(=O)c1ccc2c(c1)Cc1cccc(c1)CN(C1CCC1)CCCCCO2,-5.658,training
CN1CCCCCOc2ccc(C(=O)NCCn3ccc(NS(C)(=O)=O)n3)cc2Cc2cccc(c2)C1,-7.398,training
CN1CCC(CNC(=O)c2ccc3c(c2)Cc2cccc(c2)CN(C)CCCCCO3)CC1,-6.658,training
O=C(NCCn1ccnc1)c1ccc2c(c1)Cc1cccc(c1)CN(CC1CC1)CCCCCO2,-6.553,training
CN1CCCCCOc2ccc(C(=O)NCCO)cc2Cc2cccc(c2)C1,-6.854,training
CN(Cc1ccccc1)C(=O)c1ccc2c(c1)Cc1cccc(c1)CN(C1CCC1)CCCCCO2,-6.509,training
CN1CCCCCOc2ccc(C(=O)NCCn3ccnc3)cc2Cc2cccc(c2)C1,-7.046,training
O=C(NCCc1c[nH]cn1)c1ccc2c(c1)Cc1cccc(c1)CN(CC1CC1)CCCCCO2,-7.523,training
CS(=O)(=O)Nc1ccnn1CCNC(=O)c1ccc2c(c1)Cc1cccc(c1)CN(CC1CC1)CCCCCO2,-8.0,training
CC(C)N1CCOCCOc2ccc(C(=O)N3CCCN(C)CC3)cc2Cc2cccc(c2)C1,-5.674,training
CN(C)CCN1CCN(C(=O)c2ccc3c(c2)Cc2cccc(c2)C(=O)NCCOCCO3)CC1,-7.0,training
CC(C)CN1CCOCCOc2ccc(C(=O)NCCO)cc2Cc2cccc(c2)C1,-5.785,training
O=C(NC(CO)c1ccccc1)c1ccc2c(c1)Cc1cccc(c1)CN(C1CCOCC1)CCOCCO2,-5.79,training
CN1CCCN(C(=O)c2ccc3c(c2)Cc2cccc(c2)CN(C2CCOCC2)CCOCCO3)CC1,-5.845,training
CC(C)C(CO)NC(=O)c1ccc2c(c1)Cc1cccc(c1)CN(C1CCOCC1)CCOCCO2,-5.939,training
Cc1ccncc1NC(=O)c1ccc2c(c1)Cc1cccc(c1)CN(C1CCOCC1)CCOCCO2,-5.533,training
CC(C)CN1CCOCCOc2ccc(C(=O)NCC3CCCN(C)C3)cc2Cc2cccc(c2)C1,-5.463,training
CC(C)CN1CCOCCOc2ccc(C(=O)NCc3ccccn3)cc2Cc2cccc(c2)C1,-5.387,training
CN(CCc1ccccc1)C(=O)c1ccc2c(c1)Cc1cccc(c1)CN(C1CCOCC1)CCOCCO2,-5.517,training
O=C(c1ccc2c(c1)Cc1cccc(c1)CN(C1CCOCC1)CCOCCO2)N1CCC(CCO)CC1,-5.975,training
CC(C)CN1CCOCCOc2ccc(C(=O)NCCCn3cncn3)cc2Cc2cccc(c2)C1,-5.69,training
O=C(c1ccc2c(c1)Cc1cccc(c1)CN(C1CCOCC1)CCOCCO2)N1CCN(Cc2ccc(F)cc2)CC1,-5.506,training
Cc1cc(CNC(=O)c2ccc3c(c2)Cc2cccc(c2)CN(CC(C)C)CCOCCO3)[nH]n1,-5.567,training
CC(C)CN1CCOCCOc2ccc(C(=O)NCC3CCOCC3)cc2Cc2cccc(c2)C1,-5.287,training
CC(C)N1CCOCCOc2ccc(C(=O)NC3CCN(Cc4ccccc4)CC3)cc2Cc2cccc(c2)C1,-5.064,training
CN(Cc1ccccc1)C(=O)c1ccc2c(c1)Cc1cccc(c1)CN(C1CCOCC1)CCOCCO2,-5.499,training
CC(C)CN1CCOCCOc2ccc(C(=O)NCCCn3ccnc3C(C)C)cc2Cc2cccc(c2)C1,-5.658,training
CC(C)CN1CCOCCOc2ccc(C(=O)NCC3CCN(C)CC3)cc2Cc2cccc(c2)C1,-5.963,training
CC(C)CN1CCOCCOc2ccc(C(=O)NCCCO)cc2Cc2cccc(c2)C1,-5.323,training
CC(C)CN1CCOCCOc2ccc(C(=O)NCCn3nccc3NS(C)(=O)=O)cc2Cc2cccc(c2)C1,-6.824,training
CC(C)CN1CCOCCOc2ccc(C(=O)NCc3cccc(CN4CCCCC4)c3)cc2Cc2cccc(c2)C1,-5.627,training
CC(C)CN1CCOCCOc2ccc(C(=O)NCCS(=O)(=O)N3CCCC3)cc2Cc2cccc(c2)C1,-5.62,training
CC(C)CN1CCOCCOc2ccc(C(=O)NCCS(=O)(=O)N3CCCCC3)cc2Cc2cccc(c2)C1,-6.036,training
COCCNC(=O)c1ccc2c(c1)Cc1cccc(c1)CN(CC(C)C)CCOCCO2,-5.169,training
O=C(c1ccc2c(c1)Cc1cccc(c1)CN(C1CCOCC1)CCOCCO2)N1CCCC(CO)C1,-5.91,training
CN(CCO)C(=O)c1ccc2c(c1)Cc1cccc(c1)CN(C1CCOCC1)CCOCCO2,-6.553,training
CC(C)CN1CCOCCOc2ccc(C(=O)NCC3CC3)cc2Cc2cccc(c2)C1,-5.733,training
O=C(c1ccc2c(c1)Cc1cccc(c1)CN(C1CCOCC1)CCOCCO2)N1CCC(CO)CC1,-6.481,training
CCN1CCCC1CNC(=O)c1ccc2c(c1)Cc1cccc(c1)CN(CC(C)C)CCOCCO2,-5.088,training
O=C(NC(CO)Cc1ccccc1)c1ccc2c(c1)Cc1cccc(c1)CN(C1CCOCC1)CCOCCO2,-5.403,training
Cc1nc(CNC(=O)c2ccc3c(c2)Cc2cccc(c2)CN(CC(C)C)CCOCCO3)no1,-5.23,training
CC(C)CN1CCOCCOc2ccc(C(=O)NCCN(C)C)cc2Cc2cccc(c2)C1,-5.271,training
CC(C)CN1CCOCCOc2ccc(C(=O)NCCN3CCOCC3)cc2Cc2cccc(c2)C1,-5.194,training
CC(C)CN1CCOCCOc2ccc(C(=O)NCCN3CCCC3=O)cc2Cc2cccc(c2)C1,-5.225,training
CS(=O)(=O)N1CCN(C(=O)c2ccc3c(c2)Cc2cccc(c2)CN(C2CCOCC2)CCOCCO3)CC1,-6.187,training
CN1CCC(NC(=O)c2ccc3c(c2)Cc2cccc(c2)CN(C2CCOCC2)CCOCCO3)CC1,-6.886,training
O=C(c1ccc2c(c1)Cc1cccc(c1)CN(C1CCOCC1)CCOCCO2)N1CCN(CCO)CC1,-6.886,training
CN(C)CCN1CCN(C(=O)c2ccc3c(c2)Cc2cccc(c2)CN(C2CCOCC2)CCOCCO3)CC1,-6.854,training
CC(C)CN1CCOCCOc2ccc(C(=O)NCCC(N)=O)cc2Cc2cccc(c2)C1,-7.046,training
O=C(NCCCCCO)c1ccc2c(c1)Cc1cccc(c1)CN(C1CCOCC1)CCOCCO2,-6.959,training
CN1CCC(NC(=O)c2ccc3c(c2)Cc2cccc(c2)C(=O)NCCOCCO3)CC1,-7.398,training
CC(C)N1CCOCCOc2ccc(C(=O)NC3CCN(C)CC3)cc2Cc2cccc(c2)C1,-6.796,training
CC(C)CN1CCOCCOc2ccc(C(=O)NCCc3c[nH]cn3)cc2Cc2cccc(c2)C1,-7.155,training
CC(C)N1CCOCCOc2ccc(C(=O)N3CCN(CCN(C)C)CC3)cc2Cc2cccc(c2)C1,-6.959,training
O=C(c1ccc2c(c1)Cc1cccc(c1)CN(C1CCOCC1)CCOCCO2)N1CC(O)C1,-7.699,training
COCCN1CCN(C(=O)c2ccc3c(c2)Cc2cccc(c2)CN(C(C)C)CCOCCO3)CC1,-5.509,training
CC(C)CNC(=O)c1ccc2c(c1)Cc1cccc(c1)C(=O)NCCOCCO2,-6.18,training
Cc1nc(CNC(=O)c2ccc3c(c2)Cc2cccc(c2)CN(C(C)C)CCOCCO3)no1,-5.622,training
CC(C)N1CCOCCOc2ccc(C(=O)N3CCN(Cc4ccc(F)cc4)CC3)cc2Cc2cccc(c2)C1,-5.39,training
CC(C)N1CCOCCOc2ccc(C(=O)N3C4CCC3CC(O)C4)cc2Cc2cccc(c2)C1,-5.745,training
COc1cccc(NC(=O)c2ccc3c(c2)Cc2cccc(c2)C(=O)NCCOCCO3)c1,-6.268,training
CC(C)N1CCOCCOc2ccc(C(=O)N3CCCC3CO)cc2Cc2cccc(c2)C1,-5.541,training
CC(C)N1CCOCCOc2ccc(C(=O)N(C)CCc3ccccc3)cc2Cc2cccc(c2)C1,-5.382,training
CN(Cc1ccccc1)C(=O)c1ccc2c(c1)Cc1cccc(c1)C(=O)NCCOCCO2,-5.287,training
CN(CCc1ccccc1)C(=O)c1ccc2c(c1)Cc1cccc(c1)C(=O)NCCOCCO2,-5.391,training
O=C1NCCOCCOc2ccc(C(=O)N3CCN(Cc4ccc(F)cc4)CC3)cc2Cc2cccc1c2,-5.489,training
O=C1NCCOCCOc2ccc(C(=O)Nc3cccc(Cl)c3)cc2Cc2cccc1c2,-6.0,training
O=C1NCCOCCOc2ccc(C(=O)N(CCO)Cc3ccccc3)cc2Cc2cccc1c2,-7.097,training
CC(C)C(CO)NC(=O)c1ccc2c(c1)Cc1cccc(c1)CN(C(C)C)CCOCCO2,-5.717,training
O=C1NCCOCCOc2ccc(C(=O)N3CCN(c4ccccn4)CC3)cc2Cc2cccc1c2,-6.056,training
CCN(CCO)C(=O)c1ccc2c(c1)Cc1cccc(c1)CN(C(C)C)CCOCCO2,-5.851,training
CC(C)N1CCOCCOc2ccc(C(=O)N3CCN(S(C)(=O)=O)CC3)cc2Cc2cccc(c2)C1,-5.979,training
Cc1ccncc1NC(=O)c1ccc2c(c1)Cc1cccc(c1)CN(C(C)C)CCOCCO2,-5.458,training
CCN(CC)C(=O)c1ccc2c(c1)Cc1cccc(c1)C(=O)NCCOCCO2,-5.959,training
CC(C)N1CCOCCOc2ccc(C(=O)N3CCC(CCO)CC3)cc2Cc2cccc(c2)C1,-5.987,training
CC(C)NC(=O)c1ccc2c(c1)Cc1cccc(c1)C(=O)NCCOCCO2,-6.553,training
O=C1NCCOCCOc2ccc(C(=O)N3CCC(CO)CC3)cc2Cc2cccc1c2,-7.222,training
CC(C)N1CCOCCOc2ccc(C(=O)N3CCC(CO)CC3)cc2Cc2cccc(c2)C1,-6.292,training
CC(C)N1CCOCCOc2ccc(C(=O)N3CCCC(O)C3)cc2Cc2cccc(c2)C1,-6.092,training
CS(=O)(=O)N1CCN(C(=O)c2ccc3c(c2)Cc2cccc(c2)C(=O)NCCOCCO3)CC1,-7.398,training
CC(C)N1CCOCCOc2ccc(C(=O)N(C)CCO)cc2Cc2cccc(c2)C1,-6.215,training
CN(CC(O)CO)C(=O)c1ccc2c(c1)Cc1cccc(c1)C(=O)NCCOCCO2,-7.699,training
O=C1NCCOCCOc2ccc(C(=O)N3CCN(CCO)CC3)cc2Cc2cccc1c2,-7.398,training
O=C1NCCOCCOc2ccc(C(=O)Nc3ccncc3)cc2Cc2cccc1c2,-7.222,training
CCN(CCO)C(=O)c1ccc2c(c1)Cc1cccc(c1)C(=O)NCCOCCO2,-7.523,training
O=C1NCCOCCOc2ccc(C(=O)N3CC(O)C3)cc2Cc2cccc1c2,-7.699,training
CC(C)N1CCOCCOc2ccc(C(=O)NC(CO)Cc3cnc[nH]3)cc2Cc2cccc(c2)C1,-7.097,training
O=C1NCCOCCOc2ccc(C(=O)N3CCCC3CO)cc2Cc2cccc1c2,-7.523,training
CC(CO)NC(=O)c1ccc2c(c1)Cc1cccc(c1)CN(C(C)C)CCOCCO2,-6.721,training
CC(C)N1CCOCCOc2ccc(C(=O)NCCCCCO)cc2Cc2cccc(c2)C1,-6.796,training
CN1CCN(C(=O)c2ccc3c(c2)Cc2cccc(c2)C(=O)NCCOCCO3)CC1,-7.699,training
CC(C)N1CCOCCOc2ccc(C(=O)N3CCN(CCO)CC3)cc2Cc2cccc(c2)C1,-6.886,training
COCCN1CCN(C(=O)c2ccc3c(c2)Cc2cccc(c2)C(=O)NCCOCCO3)CC1,-8.0,training
CC(C)CN1CCOCCOc2ccc(C(=O)NCCN3CCCCC3)cc2Cc2cccc(c2)C1,-5.357,training
CC(=O)N1CCCCCCCN(C(C)C)Cc2cc(C(=O)NC3CCN(Cc4ccccc4)CC3)ccc21,-5.186,training
CC(=O)N1CCCCCCCN(C(C)C)Cc2cc(C(=O)NC3CCCC3)ccc21,-5.197,training
CC(=O)N1CCCCCCCN(C(C)C)Cc2cc(C(=O)N(C)Cc3ccccc3)ccc21,-5.385,training
CC(=O)N1CCCCCCCN(C2CCOCC2)Cc2cc(C(=O)N3CCC(CCO)CC3)ccc21,-6.377,training
CC(=O)N1CCCCCCCN(C2CCOCC2)Cc2cc(C(=O)NC(CO)CC(C)C)ccc21,-6.102,training
CCC(CC)NC(=O)c1ccc2c(c1)CN(C1CCOCC1)CCCCCCCN2C(C)=O,-5.221,training
CC(=O)N1CCCCCCCN(C(C)C)Cc2cc(C(=O)N(C)CCc3ccccc3)ccc21,-5.337,training
CC(=O)N1CCCCCCCN(C2CCOCC2)Cc2cc(C(=O)NC3CCOCC3)ccc21,-6.125,training
CC(=O)N1CCCCCCCN(C2CCOCC2)Cc2cc(C(=O)Nc3ccncc3)ccc21,-6.174,training
CC(=O)N1CCCCCCCN(C2CCOCC2)Cc2cc(C(=O)N3CCCC3CO)ccc21,-6.319,training
CC(=O)N1CCCCCCCN(C2CCOCC2)Cc2cc(C(=O)N3CCCC(CO)C3)ccc21,-6.569,training
COc1cccc(NC(=O)c2ccc3c(c2)CN(C(C)C)CCCCCCCN3C(C)=O)c1,-5.6,training
CC(=O)N1CCCCCCCN(C2CCOCC2)Cc2cc(C(=O)Nc3cncc(C)c3)ccc21,-5.606,training
CC(=O)N1CCCCCCCN(C(C)C)Cc2cc(C(=O)NC3CCOCC3)ccc21,-5.413,training
CC(=O)N1CCCCCCCN(C2CCOCC2)Cc2cc(C(=O)N3CCC(Cc4ccccc4)CC3)ccc21,-5.611,training
CC(=O)N1CCCCCCCN(C2CCOCC2)Cc2cc(C(=O)NCCCCCO)ccc21,-6.569,training
CC(=O)N1CCCCCCCN(C2CCOCC2)Cc2cc(C(=O)N3CCNC(=O)C3)ccc21,-7.301,training
CC(=O)N1CCCCCCCN(C2CCOCC2)Cc2cc(C(=O)N3CCN(C)CC3)ccc21,-5.928,training
CC(=O)N1CCCCCCCN(C(C)C)Cc2cc(C(=O)N3CCCCC3Cc3ccccc3)ccc21,-5.967,training
CC(=O)N1CCCCCCCN(C2CCOCC2)Cc2cc(C(=O)N3CCC(CO)CC3)ccc21,-6.77,training
CC(=O)N1CCCCCCCN(C2CCOCC2)Cc2cc(C(=O)N3C4CCC3CC(O)C4)ccc21,-6.824,training
CC(=O)N1CCCCCCCN(C2CCOCC2)Cc2cc(C(=O)NC(C)C)ccc21,-5.206,training
CC(=O)N1CCCCCCCN(C2CCOCC2)Cc2cc(C(=O)Nc3cnccc3C)ccc21,-5.488,training
CC(=O)N1CCCCCCCN(C2CCOCC2)Cc2cc(C(=O)N(C)Cc3ccccc3)ccc21,-5.173,training
CC(=O)N1CCCCCCCN(C2CCOCC2)Cc2cc(C(=O)N3CCN(C(C)C)CC3)ccc21,-5.343,training
CC(=O)N1CCCCCCCN(C2CCOCC2)Cc2cc(C(=O)NC3CC3)ccc21,-5.593,training
CC(=O)N1CCCCCCCN(C2CCOCC2)Cc2cc(C(=O)N3CCN(CCO)CC3)ccc21,-7.046,training
CC(=O)N1CCCCCCCN(C2CCOCC2)Cc2cc(C(=O)N3CCN(CCN(C)C)CC3)ccc21,-6.77,training
CC(=O)N1CCCCCCCN(C2CCOCC2)Cc2cc(C(=O)N3CCN(Cc4ccc(F)cc4)CC3)ccc21,-5.271,training
CC(=O)N1CCCCCCCN(C2CCOCC2)Cc2cc(C(=O)NC(CO)c3ccccc3)ccc21,-6.658,training
CC(=O)N1CCCCCCCN(C(C)C)Cc2cc(C(=O)NC3CCN(C)CC3)ccc21,-6.268,training
CC(=O)N1CCCCCCCN(C2CCOCC2)Cc2cc(C(=O)NC(CO)C(C)C)ccc21,-6.796,training
CC(=O)N1CCCCCCCN(C2CCOCC2)Cc2cc(C(=O)NC(C)CO)ccc21,-6.959,training
CC(=O)N1CCCCCCCN(C2CCOCC2)Cc2cc(C(=O)Nc3cccc(Cl)c3)ccc21,-6.194,training
CC(=O)N1CCCCCCCN(C2CCOCC2)Cc2cc(C(=O)NCC(O)CO)ccc21,-7.523,training
CC(=O)N1CCCCCCCN(C2CCOCC2)Cc2cc(C(=O)N3CCN(c4ccccn4)CC3)ccc21,-5.074,training
CC(=O)N1CCCCCCCN(C2CCOCC2)Cc2cc(C(=O)N3CCCC3)ccc21,-5.192,training
CCN(CC)C(=O)c1ccc2c(c1)CN(C1CCOCC1)CCCCCCCN2C(C)=O,-4.753,training
CC(=O)N1CCCCCCCN(C2CCOCC2)Cc2cc(C(=O)N3CCN(c4ncccn4)CC3)ccc21,-5.058,training
CC(=O)N1CCCCCCCN(C2CCOCC2)Cc2cc(C(=O)N3CCOCC3)ccc21,-5.432,training
CC(=O)N1CCCCCCCN(C2CCOCC2)Cc2cc(C(=O)N3CC(O)C3)ccc21,-8.0,training
CC(=O)N1CCCCCCCCN(CC(=O)N2CCC(O)CC2)Cc2ccccc21,-6.06,training
CC(=O)N1CCCCCCCN(C(C)C)Cc2cc(C(=O)NC(CO)Cc3ccccc3)ccc21,-5.391,training
CC(=O)N1CCCCCCCN(C(C)C)Cc2cc(C(=O)NC(CO)c3ccccc3)ccc21,-5.79,training
CCC(CC)NC(=O)c1ccc2c(c1)CN(C(C)C)CCCCCCCN2C(C)=O,-4.926,training
CC(=O)N1CCCCCCCN(CC(C)C)Cc2cc(C(=O)NC3CCOCC3)ccc21,-5.234,training
CC(=O)N1CCCCCCCN(CCC(C)C)Cc2cc(C(=O)NC3CCOCC3)ccc21,-5.109,training
CC(=O)N1CCCCCCCN(CCC(C)C)Cc2cc(C(=O)NC3CCN(Cc4ccccc4)CC3)ccc21,-5.719,training
CC(C)CCOC1CN(C(=O)c2ccccc2F)CCN(C(=O)C2CCCNC2)CCCCOCC(O)C1O,-7.398,training
CNCCOc1ccc(C(=O)N2CCCCOCC(O)C(O)C(O)CN(C(=O)CC(C)C)CC2)cc1,-6.62,training
COC1CN(C(C)=O)CCCN(C(=O)CCN(C)Cc2cccnc2)CCCCOCC(O)C1O,-6.77,training
COc1cccc(C2C(C(C)C)CN(C(C)=O)CC(OC)C(O)C(O)COCCCCN2C(=O)CNCc2cccnc2)c1,-6.62,training
COC1CN(C(C)=O)CCCN(Cc2ccc3ncccc3c2)CCCCOCC(O)C1O,-6.585,training
COc1cccc(C2C(C(C)C)CN(C(C)=O)CC(OC)C(O)C(O)COCCCCN2C(=O)CNCCc2csc(-c3ccccc3)n2)c1,-6.721,training
CC(C)CCOC1CN(C(=O)c2ccccc2F)CCN(C(=O)C(N)CCCCN)CCCCOCC(O)C1O,-7.155,training
COc1cccc(C2C(C(C)C)CN(C(C)=O)CC(OC)C(O)C(O)COCCCCN2C(=O)CNCCOc2ccccc2C)c1,-6.081,training
CC(C)CCOC1CN(C(=O)c2ccccc2F)CCN(C(=O)c2ccc(CN)cc2)CCCCOCC(O)C1O,-6.538,training
CC(C)CC(=O)N1CCN(C(=O)C(N)Cc2c[nH]c3ccccc23)CCCCOCC(O)C(O)C(O)C1,-7.0,training
CC(C)CC(=O)N1CCN(C(=O)c2ccc(CN)cc2)CCCCOCC(O)C(O)C(O)C1,-6.721,training
CC(C)CCOC1CN(C(=O)c2ccccc2F)CCN(C(=O)c2cccc(CN)c2)CCCCOCC(O)C1O,-6.538,training
COC1CN(C(C)=O)CCCN(CC(=O)N2CCN(c3ccccc3F)CC2)CCCCOCC(O)C1O,-6.678,training
COc1cccc(C2C(C(C)C)CN(C(C)=O)CC(OC)C(O)C(O)COCCCCN2C(=O)CN2CCC(c3ccncc3)CC2)c1,-6.367,training
COC1CN(C(C)=O)CCCN(Cc2ncccc2C)CCCCOCC(O)C1O,-6.745,training
CNc1ncc(CN2CCCCOCC(O)C(O)C(OC)CN(C(C)=O)CCC2)cn1,-8.0,training
COC1CN(C(C)=O)CCCN(CC(=O)Nc2ccc(F)cc2)CCCCOCC(O)C1O,-6.678,training
COC1CN(C(C)=O)CCCN(CC(=O)Nc2cn(C)nc2C)CCCCOCC(O)C1O,-6.886,training
COC1CN(C(C)=O)CCCN(C(=O)Cc2c[nH]c3ccccc23)CCCCOCC(O)C1O,-6.921,training
COC1CN(C(C)=O)CCCN(C(=O)c2cccc(C)n2)CCCCOCC(O)C1O,-6.77,training
COC1CN(C(C)=O)CCCN(C(=O)c2cnn(C)c2)CCCCOCC(O)C1O,-6.921,training
CCOC(=O)Cc1csc(NC(=O)CN2CCCCOCC(O)C(O)C(OC)CN(C(C)=O)CCC2)n1,-7.301,training
COC1CN(C(C)=O)CCCN(CC(=O)Nc2cccc(C(C)=O)c2)CCCCOCC(O)C1O,-7.301,training
COC1CN(C(C)=O)CCCN(CC(=O)N2CCCc3ccccc32)CCCCOCC(O)C1O,-6.569,training
COC1CN(C(C)=O)CCCN(C(=O)c2ccc(C)[nH]c2=O)CCCCOCC(O)C1O,-7.222,training
COC1CN(C(C)=O)CCCN(Cc2ccc(F)cn2)CCCCOCC(O)C1O,-6.086,training
O=C(/C=C/c1cnc[nH]1)N1CCCCOCC(O)C(O)C(O)CN(C(=O)c2ccc(F)cc2)CC1,-7.699,training
COC1CN(C(C)=O)CCCN(C(=O)c2ccc3c(c2)OCO3)CCCCOCC(O)C1O,-6.959,training
COC1CN(C(C)=O)CCCN(CC(=O)Nc2cccc(F)c2C)CCCCOCC(O)C1O,-6.824,training
COc1cccc(C2C(C(C)C)CN(C(C)=O)CC(OC)C(O)C(O)COCCCCN2C(=O)CN(C)Cc2ccncc2)c1,-6.456,training
CCCc1cc(C(=O)N2CCCCOCC(O)C(O)C(OC)CN(C(C)=O)CCC2)no1,-6.77,training
COc1cccc(CN2CCN(CC(=O)N3CCCCOCC(O)C(O)C(OC)CN(C(C)=O)CC(C(C)C)C3c3cccc(OC)c3)CC2)c1,-6.31,training
COC1CN(C(C)=O)CCCN(C(=O)c2cnc(N(C)C)nc2)CCCCOCC(O)C1O,-7.097,training
COc1ccccc1C(=O)N1CCCCOCC(O)C(O)C(OC)CN(C(C)=O)CCC1,-6.796,training
COCCN1CCN(CC(=O)N2CCCCOCC(O)C(O)C(OC)CN(C(C)=O)CC(C(C)C)C2c2cccc(OC)c2)CC1,-6.469,training
COC1CN(C(C)=O)CCCN(CC(=O)Nc2nc(C)c(C(=O)N(C)C)s2)CCCCOCC(O)C1O,-7.398,training
COc1ccc(NC(=O)CN2CCCCOCC(O)C(O)C(OC)CN(C(C)=O)CCC2)cc1,-7.155,training
COC1CN(C(C)=O)CCCN(CC(=O)Nc2cccc(C(F)(F)F)c2)CCCCOCC(O)C1O,-6.585,training
COC1CN(C(C)=O)CCCN(CC(=O)Nc2cccc(NC(C)=O)c2)CCCCOCC(O)C1O,-7.046,training
Cn1cccc1C(=O)N1CCCCOCC(O)C(O)C(O)CN(C(=O)c2ccc(F)cc2)CC1,-6.854,training
COC1CN(C(C)=O)CCCN(C(=O)c2ccncc2)CCCCOCC(O)C1O,-7.097,training
COC1CN(C(C)=O)CCCN(CC(=O)Nc2nonc2C)CCCCOCC(O)C1O,-7.155,training
Cn1nccc1/C=C/C(=O)N1CCCCOCC(O)C(O)C(O)CN(C(=O)c2ccc(F)cc2)CC1,-7.523,training
COC1CN(C(C)=O)CCCN(C(=O)c2cc(CC(C)C)nn2C)CCCCOCC(O)C1O,-6.721,training
COC1CN(C(C)=O)CCCN(C(=O)c2sc(C)nc2C)CCCCOCC(O)C1O,-6.959,training
O=C(/C=C/c1cccc(C(F)(F)F)c1)N1CCCCOCC(O)C(O)C(O)CN(C(=O)c2ccc(F)cc2)CC1,-7.301,training
COC1CN(C(C)=O)CCCN(CC(=O)Nc2cc(C)ccc2F)CCCCOCC(O)C1O,-7.046,training
COC1CN(C(C)=O)CCCN(C(=O)c2cncs2)CCCCOCC(O)C1O,-7.398,training
COc1cccc(C2C(C(C)C)CN(C(C)=O)CC(OC)C(O)C(O)COCCCCN2C(=O)CN2CCc3ccccc32)c1,-5.876,training
Cc1nc(/C=C/C(=O)N2CCCCOCC(O)C(O)C(O)CN(C(=O)c3ccc(F)cc3)CC2)cs1,-7.155,training
COC1CN(C(C)=O)CCCN(CC(=O)Nc2ccccc2)CCCCOCC(O)C1O,-7.0,training
COc1cccc(C2C(C(C)C)CN(C(C)=O)CC(OC)C(O)C(O)COCCCCN2C(=O)c2ccccc2OC)c1,-6.638,training
COc1cccc(C2C(C(C)C)CN(C(C)=O)CC(OC)C(O)C(O)COCCCCN2C(=O)CNc2cnn(C)c2C)c1,-6.553,training
COC1CN(C(C)=O)CCCN(C(=O)c2cccc(Cl)c2)CCCCOCC(O)C1O,-6.699,training
COC1CN(C(C)=O)CCCN(C(=O)c2ccnnc2)CCCCOCC(O)C1O,-7.699,training
COC1CN(C(C)=O)CCCN(CC(=O)Nc2cccc(F)c2)CCCCOCC(O)C1O,-7.301,training
COC1CN(C(C)=O)CCCN(C(=O)c2ccccn2)CCCCOCC(O)C1O,-6.31,training
COC1CN(C(C)=O)CCCN(C(=O)Cc2cccnc2)CCCCOCC(O)C1O,-6.086,training
COc1cccc(C2C(C(C)C)CN(C(C)=O)CC(OC)C(O)C(O)COCCCCN2C(=O)CN2CCC(c3cnccn3)CC2)c1,-7.301,training
O=C(/C=C/c1ccccc1F)N1CCCCOCC(O)C(O)C(O)CN(C(=O)c2ccc(F)cc2)CC1,-6.959,training
O=C(/C=C/c1ccc(Cl)cc1Cl)N1CCCCOCC(O)C(O)C(O)CN(C(=O)c2ccc(F)cc2)CC1,-7.097,training
COC1CN(C(C)=O)CCCN(S(=O)(=O)c2cccc(F)c2)CCCCOCC(O)C1O,-7.155,training
COC1CN(C(C)=O)CCCN(C(=O)c2cc(C(C)C)no2)CCCCOCC(O)C1O,-7.222,training
COC1CN(C(C)=O)CCCN(CC(=O)Nc2nc3c(s2)CCCC3)CCCCOCC(O)C1O,-6.319,training
COC1CN(C(C)=O)CCCN(C(=O)c2ccnn2C(F)F)CCCCOCC(O)C1O,-7.046,training
COC1CN(C(C)=O)CCCN(CC(=O)Nc2ccc3c(c2)OCO3)CCCCOCC(O)C1O,-6.432,training
CCn1cc(NC(=O)CN2CCCCOCC(O)C(O)C(OC)CN(C(C)=O)CCC2)c(C)n1,-6.137,training
COc1cccc(C2C(C(C)C)CN(C(C)=O)CC(OC)C(O)C(O)COCCCCN2C(=O)CNCc2nc(C)cc(C)n2)c1,-6.328,training
Cc1cccc(/C=C/C(=O)N2CCCCOCC(O)C(O)C(O)CN(C(=O)c3ccc(F)cc3)CC2)c1,-7.398,training
COC1CN(C(C)=O)CCCN(C(=O)c2cncnc2)CCCCOCC(O)C1O,-6.602,training
COC1CN(C(C)=O)CCCN(CC(=O)Nc2ccc(F)c(Cl)c2)CCCCOCC(O)C1O,-7.398,training
CCCc1nnsc1C(=O)N1CCCCOCC(O)C(O)C(OC)CN(C(C)=O)CCC1,-8.0,training
O=C(c1ccc(F)cc1)N1CCN(C(=O)c2cc[nH]n2)CCCCOCC(O)C(O)C(O)C1,-6.921,training
COC1CN(C(C)=O)CCCN(C(=O)c2cnccn2)CCCCOCC(O)C1O,-6.409,training
O=C(/C=C/c1ccc(F)cc1Cl)N1CCCCOCC(O)C(O)C(O)CN(C(=O)c2ccc(F)cc2)CC1,-7.398,training
COC1CN(C(C)=O)CCCN(CC(=O)Nc2cccnc2Cl)CCCCOCC(O)C1O,-8.0,training
CCn1ccc(C(=O)N2CCCCOCC(O)C(O)C(OC)CN(C(C)=O)CCC2)n1,-7.699,training
O=C(c1ccc(F)cc1)N1CCN(C(=O)c2cncs2)CCCCOCC(O)C(O)C(O)C1,-7.046,training
COC1CN(C(C)=O)CCCN(C(=O)c2ncccc2O)CCCCOCC(O)C1O,-6.638,training
CC(=O)N1CCCCCCCCN(CC(=O)OC(C)(C)C)Cc2ccccc21,-6.585,training
COCC(=O)N1CCCN(Cc2ccc(Cl)cc2)CCCN(C(=O)c2cn(C)c3ccccc23)Cc2ccccc21,-6.337,training
CC(C)CN1CCCN(C(=O)CCn2ccnc2)Cc2cc(F)ccc2N(C(=O)c2cccnc2)CCC1,-6.745,training
Cc1nc(CC(=O)N2CCCN(CC(C)C)CCCN(C(=O)CC(C)C)c3ccc(F)cc3C2)cs1,-5.939,training
COCC(=O)N1CCCCCCCNCc2cc(NCCc3ccc(F)cc3)ccc21,-5.772,training
COCC(=O)N1CCCN(Cc2ccc(Cl)cc2)CCCN(C(=O)Cn2nc3ccccc3n2)Cc2ccccc21,-5.928,training
Cc1ccccc1CCNc1ccc2c(c1)CNCCCCCCCN2C(=O)c1cccnc1,-6.114,training
COc1cccc(F)c1-c1ccc2c(c1)CNCCCCCCCN2C(=O)COc1ccccc1,-5.788,training
Cc1ccc(-c2ccc3c(c2)CNCCCCCCCN3C(=O)c2ccncc2)cc1F,-5.503,training
NC(=O)c1cccc(-c2ccc3c(c2)CNCCCCCCCN3C(=O)c2ccncc2)c1,-6.444,training
CC(C)CNc1ccc2c(c1)CNCCCCCCCN2C(=O)C(C)C,-4.995,training
COc1ccc(-c2ccc3c(c2)CNCCCCCCCN3C(=O)c2ccncc2)cc1C,-5.425,training
O=C(c1ccncc1)N1CCCCCCCNCc2cc(NCC3CCOCC3)ccc21,-6.149,training
O=C(COc1ccccc1)N1CCCCCCCNCc2cc(-c3cncc4ccccc34)ccc21,-5.733,training
O=C(c1cccnc1)N1CCCCCCCNCc2cc(-c3cccnc3)ccc21,-5.762,training
CCCOc1cccc(-c2ccc3c(c2)CNCCCCCCCN3C(=O)c2cccnc2)c1,-4.87,training
COCC(=O)N1CCCCCCCNCc2cc(-c3cncnc3)ccc21,-6.167,training
NC(=O)c1ccc(-c2ccc3c(c2)CNCCCCCCCN3C(=O)c2ccncc2)cc1,-6.444,training
Cc1cncc(Nc2ccc3c(c2)CNCCCCCCCN3C(=O)C(C)C)c1,-5.306,training
Cc1noc(C)c1-c1ccc2c(c1)CNCCCCCCCN2C(=O)COc1ccccc1,-5.201,training
O=C(c1ccncc1)N1CCCCCCCNCc2cc(N3CCCC3)ccc21,-5.545,training
CCCOc1cccc(-c2ccc3c(c2)CNCCCCCCCN3C(=O)COC)c1,-5.53,training
COCC(=O)N1CCCCCCCNCc2cc(N(C)CCc3ccccc3)ccc21,-5.001,training
COc1cccc(F)c1-c1ccc2c(c1)CNCCCCCCCN2C(=O)C(C)C,-5.588,training
Cc1cc(Nc2ccc3c(c2)CNCCCCCCCN3C(=O)c2cccnc2)n(C)n1,-5.373,training
COCC(=O)N1CCCCCCCNCc2cc(-c3ccncc3)ccc21,-5.524,training
CCC(CC)Nc1ccc2c(c1)CNCCCCCCCN2C(=O)c1cccnc1,-5.616,training
O=C(c1cccnc1)N1CCCCCCCNCc2cc(-c3ccc(Cl)c(F)c3)ccc21,-5.914,training
CC(C)Oc1cccc(-c2ccc3c(c2)CNCCCCCCCN3C(=O)c2ccncc2)c1,-5.572,training
COCC(=O)N1CCCCCCCNCc2cc(NCC3CCOCC3)ccc21,-6.585,training
CC(C)C(=O)N1CCCCCCCNCc2cc(-c3ccc(F)cc3F)ccc21,-5.638,training
COCCN1CCN(c2ccc3c(c2)CNCCCCCCCN3C(=O)c2ccncc2)CC1,-6.319,training
COCC(=O)N1CCCCCCCNCc2cc(-c3cnc(OC)nc3)ccc21,-5.638,training
COCC(=O)N1CCCCCCCNCc2cc(-c3cncc4ccccc34)ccc21,-4.997,training
Cc1ccncc1-c1ccc2c(c1)CNCCCCCCCN2C(=O)c1cccnc1,-5.1,training
COCC(=O)N1CCCCCCCNCc2cc(-c3c(C)noc3C)ccc21,-5.151,training
Cc1ccncc1Nc1ccc2c(c1)CNCCCCCCCN2C(=O)c1cccnc1,-4.99,training
O=C(c1cccnc1)N1CCCCCCCNCc2cc(NCc3cccnc3)ccc21,-6.481,training
COCC(=O)N1CCCN(Cc2ccc(Cl)cc2)CCCN(C(=O)Cc2cccnc2)Cc2ccccc21,-4.865,training
O=C(c1cccnc1)N1CCCCCCCNCc2cc(-c3ccncc3)ccc21,-5.058,training
CCCOc1cccc(-c2ccc3c(c2)CNCCCCCCCN3C(=O)c2ccncc2)c1,-5.812,training
Cc1cncc(Nc2ccc3c(c2)CNCCCCCCCN3C(=O)c2ccncc2)c1,-6.481,training
COc1ncc(-c2ccc3c(c2)CNCCCCCCCN3C(=O)c2ccncc2)cn1,-5.516,training
O=C(c1cccnc1)N1CCCCCCCNCc2cc(-c3cnc4ccccc4c3)ccc21,-6.367,training
Cc1ccc(-c2ccc3c(c2)CNCCCCCCCN3C(=O)c2cccnc2)cc1F,-6.432,training
O=C(c1cccnc1)N1CCCCCCCNCc2cc(NCCc3ccc(F)cc3)ccc21,-6.959,training
COCC(=O)N1CCCCCCCNCc2cc(Nc3cncc(C)c3)ccc21,-6.745,training
O=C(c1cccnc1)N1CCCCCCCNCc2cc(-c3ccccc3F)ccc21,-6.523,training
O=C(c1cccnc1)N1CCCCCCCNCc2cc(-c3ccc(F)nc3)ccc21,-4.712,training
COCC(=O)N1CCCCCCCNCc2cc(-c3cccc(C(N)=O)c3)ccc21,-8.0,training
CS(=O)(=O)N1CCN(c2ccc3c(c2)CNCCCCCCCN3C(=O)c2cccnc2)CC1,-5.082,training
COc1ccc(-c2ccc3c(c2)CNCCCCCCCN3C(=O)c2cccnc2)cc1C,-6.77,training
Cc1ccc(CNc2ccc3c(c2)CNCCCCCCCN3C(=O)c2cccnc2)cc1,-7.398,training
O=C(c1ccncc1)N1CCCCCCCNCc2cc(NCCCN3CCOCC3)ccc21,-7.398,training
O=C(c1cccnc1)N1CCCCCCCNCc2cc(NC3CCN(Cc4ccccc4)CC3)ccc21,-7.222,training
O=C(c1ccncc1)N1CCCCCCCNCc2cc(NCc3cccnc3)ccc21,-8.0,training
CC(C)CNc1ccc2c(c1)CNCCCCCCCN2C(=O)c1cccnc1,-7.699,training
CC[C@H](C)[C@H]1NC(=O)[C@@H](NC(=O)[C@@H](CC(C)C)NC)[C@@H](C)OC(=O)[C@H](Cc2ccc(OC)cc2)N(C)C(=O)[C@@H]2CCCN2C(=O)[C@H](CC(C)C)NC(=O)[C@@H](C)C(=O)[C@H](C(C)C)OC(=O)C[C@@H]1O,-5.89,training
CC(C)C[C@@H]1OC(=O)[C@H](C)NC(=O)[C@H](C(C)(C)O)OC(=O)[C@H](C)N(C)C(=O)[C@@H](C)NC(=O)[C@@H](Cc2ccccc2)N(C)C1=O,-5.19,training
CC(C)C[C@@H]1OC(=O)[C@H](C)NC(=O)[C@H](C(C)C)OC(=O)[C@H](C)N(C)C(=O)[C@@H](C)NC(=O)[C@@H](Cc2ccccc2)N(C)C1=O,-5.19,training
O=C1NCCCCCCNCC(=O)N2CCC[C@H]2C(=O)N[C@H]1Cc1ccc(O)cc1,-7.8,training
O=C1CCSCc2cccc(n2)CSC2CCN(CC2)C(=O)CCNC(=O)[C@H](CNC(=O)c2ccc(Cl)s2)N1,-6.34,training
CCOc1cc(Oc2cc(C)c(Cl)c(C)c2)cc2c1OCC(=O)N[C@H]1CC[C@H](CC1)CC(=O)N[C@@H](c1ccccc1)C(=O)N[C@H](Cc1cccnc1)C(=O)NCCc1ccc(cc1)OC2,-5.259637311,training
CCOc1cc(Oc2cc(C)c(Cl)c(C)c2)cc2c1OCC(=O)N[C@H]1CC[C@H](CC1)CC(=O)N[C@@H](c1ccccc1)C(=O)N[C@H](Cc1ccncc1)C(=O)NCCc1ccc(cc1)OC2,-6.0,training
CCOc1cc(Oc2cc(C)c(Cl)c(C)c2)cc2c1OCC(=O)N[C@H]1CC[C@H](CC1)CC(=O)N[C@@H](c1ccccc1)C(=O)N1CCC[C@@H]1C(=O)NCCc1ccc(cc1)OC2,-5.13667714,training
CCOc1cc(Oc2cc(C)cc(C)c2)cc2c1OCC(=O)N[C@H]1CC[C@H](CC1)CC(=O)N[C@@H](c1ccccc1)C(=O)N[C@H](Cc1ccccc1)C(=O)N[C@H](C(=O)O)Cc1ccc(cc1)NC2,-5.698970004,training
CCOc1cc(Oc2cc(C)c(Cl)c(C)c2)cc2c1OCC(=O)N[C@H]1CC[C@H](CC1)CC(=O)N[C@@H](c1ccccc1)C(=O)N[C@H](Cc1ccccc1)C(=O)N[C@H](C(=O)O)Cc1ccc(cc1)NC2,-6.0,training
CCOc1cc(Oc2cc(C)c(Cl)c(C)c2)cc2c1OCC(=O)N[C@H]1CC[C@H](CC1)CC(=O)N[C@@H](c1ccccc1)C(=O)N[C@H](Cc1cccnc1)C(=O)N[C@H](C(=O)O)Cc1ccc(cc1)OC2,-5.408935393,training
CC(=O)N[C@H]1CC(=O)NCCSC2=C3n4cnc(c4)C[C@H](NC(=O)[C@H](CC(N)=O)NC(=O)[C@@H]4CCCN4C1=O)C(=O)N[C@@H](Cc1ccccc1)C(=O)N[C@@H]([C@@H](C)O)C(=O)N[C@H]1CS[C@@]3(NC1=O)C(F)(F)C2(F)F,-6.176525771,training
CC(=O)N[C@H]1CCC(=O)NCCSC2=C3OC[C@H](NC(=O)[C@H](C(C)C)NC1=O)C(=O)N[C@@H](Cc1ccccc1)C(=O)N[C@@H](C)C(=O)N[C@H]1CS[C@@]3(NC1=O)C(F)(F)C2(F)F,-6.749579998,training
CC(=O)N[C@H]1CC(=O)NCCSC2=C3OC[C@H](NC(=O)CNC1=O)C(=O)N[C@@H](Cc1ccccc1)C(=O)N[C@@H](C)C(=O)N[C@H]1CS[C@@]3(NC1=O)C(F)(F)C2(F)F,-6.4072289,training
CC(=O)N[C@H]1CCC(=O)NCCSC2=C3OC[C@H](NC(=O)[C@H](C)N(C)C1=O)C(=O)C[C@@H](Cc1ccccc1)C(=O)N[C@@H](C)C(=O)N[C@H]1CS[C@@]3(NC1=O)C(F)(F)C2(F)F,-5.98196915,training
CC(=O)NC1CSC2=C(Oc3ccccc3)C(F)(F)C(F)(F)[C@]23SC[C@H](NC(=O)[C@H](Cc2ccccc2)NC(=O)[C@H]([C@@H](C)O)NC1=O)C(=O)N3C,-5.87786144,training
CC(C)[C@H]1C(=O)O[C@H](C(C)C)C(=O)N(C)[C@@H](C(C)C)C(=O)O[C@H](C(C)C)C(=O)N(C)[C@@H](C(C)C)C(=O)O[C@H](C(C)C)C(=O)N1C,-4.73,training
CC[C@H](C)[C@H]1OC(=O)[C@H](C(C)C)N(C)C(=O)[C@@H](C(C)C)OC(=O)[C@H](C(C)C)N(C)C(=O)[C@@H](C(C)C)OC(=O)[C@H](C(C)C)N(C)C1=O,-5.66,training
CC[C@H](C)[C@H]1OC(=O)[C@H](C(C)C)N(C)C(=O)[C@@H](C(C)C)OC(=O)[C@H](C(C)C)N(C)C(=O)[C@@H]([C@@H](C)CC)OC(=O)[C@H](C(C)C)N(C)C1=O,-5.34,training
CC(C)[C@H]1C(=O)O[C@H](C(C)C)C(=O)N(C)[C@@H](C)C(=O)O[C@H](C(C)C)C(=O)N(C)[C@@H](C(C)C)C(=O)O[C@H](C(C)C)C(=O)N1C,-5.45,training
CC[C@H](C)[C@H]1OC(=O)[C@H](C(C)C)N(C)C(=O)[C@@H]([C@@H](C)CC)OC(=O)[C@H](C(C)C)N(C)C(=O)[C@@H]([C@@H](C)CC)OC(=O)[C@H](C(C)C)N(C)C1=O,-5.99,training
CC[C@H](C)[C@@H]1NC(=O)c2csc(n2)[C@@H](C)NC(=O)[C@H]2N=C(O[C@@H]2C)[C@H](C(C)C)NC(=O)c2csc(n2)[C@@H](Cc2ccccc2)NC(=O)[C@H]2N=C1O[C@@H]2C,-4.72,training
CN(C)c1ncc2c(n1)Cc1cccc(c1)OCCOCCN=C2Nc1ccccn1,-4.992,training
CC(C)[C@@H]1NC(=O)[C@@H](CO)NC(=O)CNCCCCCCNC1=O,-7.8,training
CC(C)[C@@H]1NC(=O)[C@@H](CO)NC(=O)[C@@H](C)NCCCCCCNC1=O,-6.3,training
O=C1CCSCc2ccc(cc2)CSCC2CN(C2)C(=O)[C@H]2CCCN(C2)C(=O)[C@H](CNC(=O)c2ccc(Cl)s2)N1,-5.82,training
O=C1C[C@H]2CC[C@@H](CC2)NC(=O)CCSCc2ccc(cc2)CSCCNC(=O)[C@H](CNC(=O)c2ccc(Cl)s2)N1,-6.37,training
O=C1CCSCc2ccc(cc2)CSC/C=C/CNC(=O)[C@H]2CCCN(C2)C(=O)[C@H](Cc2ccc(Cl)cc2)N1,-5.43,training
c1ccc2c(CCCOc3cc4nc(c3)CNCCNCCNC4)c[nH]c2c1,-6.08,training
O=c1cc2[nH]c(c1)CN(CCCc1c[nH]c3ccccc13)CCNCCNC2,-6.04,training
COc1cc2nc(c1)CNCCNCCNC2,-4.52,training
CN1CCN(C)Cc2cc(O)cc(n2)CN(C)CC1,-6.2,training
CC(=O)N[C@H]1Cc2ccc(cc2)OC2=C3n4cnc(c4)C[C@H](NC(=O)CNC1=O)C(=O)N[C@@H](C)C(=O)N[C@H]1CS[C@@]3(NC1=O)C(F)(F)C2(F)F,-6.950781977,training
CSCC[C@@H]1NC(=O)[C@H]([C@@H](C)O)NC(=O)CNC(=O)[C@@H](NC(C)=O)Cc2ccc(cc2)OC2=C3n4cnc(c4)C[C@H](NC(=O)[C@H](CO)NC(=O)[C@H](C(C)C)NC(=O)[C@H](CCC(N)=O)NC1=O)C(=O)N[C@@H](C)C(=O)N[C@H]1CS[C@@]3(NC1=O)C(F)(F)C2(F)F,-6.128427064,training
CC(=O)N[C@H]1CC(=O)N[C@@H]2CS[C@@]3(NC2=O)C2=C(Oc4ccc(cc4)C[C@@H](C(N)=O)NC(=O)[C@H](C)N(C)C(=O)[C@@H](CO)NC(=O)[C@H](Cc4cn2cn4)NC(=O)[C@H](C(C)C)NC1=O)C(F)(F)C3(F)F,-5.458420756,training
CC(=O)N[C@H]1Cc2ccc(cc2)OC2=C3n4cnc(c4)C[C@@H](C(=O)N(C)C)NC(=O)[C@H](CCC(=O)N[C@@H]4CS[C@]3(NC4=O)C(F)(F)C2(F)F)NC(=O)[C@H](C)NC(=O)CNC1=O,-5.4225082,training
CC(=O)N[C@H]1Cc2ccc(O)c(c2)Cc2cnc(s2)SC2=C3SC[C@H](NC(=O)[C@H](C)NC1=O)C(=O)N[C@@H](Cc1ccccc1)C(=O)N[C@@H](C)C(=O)N[C@H]1CS[C@@]3(CC1=O)C(F)(F)C2(F)F,-6.257274869,training
COc1ccc2cc1OC1=C3n4cnc(c4)C[C@H](NC(=O)CNC(=O)[C@@H](NC(C)=O)Cc4ccc(O)c(c4)C/C=C/2)C(=O)N[C@@H](C)C(=O)N[C@H]2CS[C@@]3(NC2=O)C(F)(F)C1(F)F,-6.73754891,training
CC(=O)N[C@H]1CCC(=O)NCCSC2=C3O[C@H](C)[C@H](NC(=O)[C@H](C(C)C)NC1=O)C(=O)C[C@@H](Cc1ccccc1)C(=O)N[C@@H](C)C(=O)N[C@H]1CS[C@@]3(NC1=O)C(F)(F)C2(F)F,-6.742321425,training
O=C1CNc2nc(NCc3ccccc3)nc(n2)N/N=C\CCNC(=O)CNc2nc(NCc3ccccc3)nc(n2)N/N=C\CCN1,-6.522878745,training
O=C1CNc2nc(nc(N3CCCCC3)n2)N/N=C\CCNC(=O)CNc2nc(nc(N3CCCCC3)n2)N/N=C\CCN1,-6.602059991,training
CC(=O)NC1Cc2ccc(cc2)OC2=C3n4cnc(c4)C[C@H](NC(=O)[C@H](CO)NC(=O)CNC1=O)C(=O)N[C@@H](C)C(=O)N[C@H]1CS[C@@]3(NC1=O)C(F)(F)C2(F)F,-6.258626076,training
CC(=O)N[C@H]1Cc2ccc(cc2)OC2=C3SC[C@H](NC(=O)[C@H](CC(N)=O)NC1=O)C(=O)N[C@@H]([C@@H](C)O)C(=O)N[C@@H](Cc1ccccc1)C(=O)N[C@H]1CS[C@@]3(NC1=O)C(F)(F)C2(F)F,-6.158335065,training
CC(=O)N[C@H]1Cc2cn(cn2)C2=C3SC[C@H](NC(=O)[C@H](Cc4ccccc4)NC1=O)C(=O)N[C@@H](C)C(=O)N[C@@H](CO)C(=O)N[C@H]1CS[C@@]3(NC1=O)C(F)(F)C2(F)F,-6.36059806,training
CC(=O)N[C@H]1Cc2cn(cn2)C2=C3SC[C@H](NC(=O)[C@H](CO)NC(=O)[C@H](Cc4ccccc4)NC1=O)C(=O)NC(C)C(=O)N[C@H]1CS[C@@]3(NC1=O)C(F)(F)C2(F)F,-6.255848761,training
CC(=O)N[C@H]1CSC2=C(F)C(F)(F)C(F)(F)[C@@]23NC(=O)[C@H](CS3)NC(=O)[C@H](CO)NC1=O,-5.71386051,training
COc1ccc2cc1OC1=C3SC[C@H](NC(=O)[C@@H](NC(C)=O)Cc4c[nH]c5ccc(cc45)C/C=C/2)C(=O)N[C@@H](C)C(=O)N[C@@H](CO)C(=O)N[C@H]2CS[C@@]3(NC2=O)C(F)(F)C1(F)F,-6.468748493,training
C[C@@H]1NC(=O)[C@@H](NC(=O)OCc2ccccc2)CCC(=O)N[C@H]2CS[C@]3(NC2=O)C(=C(F)C(F)(F)C3(F)F)n2cnc(c2)CCNC1=O,-5.57870786,training
CC1NC(=O)C(NC(=O)OCc2ccccc2)CCC(=O)N[C@H]2CS[C@]3(NC2=O)C(=C(F)C(F)(F)C3(F)F)n2cnc(c2)CCNC1=O,-5.865033487,training
NCC1CCN(c2nc3nc(n2)N/N=C/CCNC(=O)CNc2nc(nc(N4CCC(CN)CC4)n2)N/N=C/CCNC(=O)CN3)CC1,-5.607189287,training
CCC(=O)N1CCCN(C(C)C)CCCN(C(=O)c2ccc3ccccc3n2)Cc2cc(F)c(F)cc21,-5.695,valid
CCOc1cccc(C(=O)N2CCCN(C)CCCN(C(=O)CC)c3cc(F)c(F)cc3C2)c1,-5.209,valid
CC(C)CC(=O)N1CCCN(CC(C)C)CCCN(C(=O)c2ccnn2C)Cc2cc(F)ccc21,-5.971,valid
CCC(=O)N1CCCN(C)CCCN(C(=O)c2cc(F)cc(F)c2)Cc2cc(F)c(F)cc21,-5.262,valid
CCC(=O)N1CCCN(C)CCCN(C(=O)c2ccc(Cl)cc2)Cc2cc(F)c(F)cc21,-5.428,valid
CCC(=O)N1CCCN(C)CCCN(C(=O)c2cn(C)nc2C)Cc2cc(F)c(F)cc21,-5.81,valid
CCC(=O)N1CCCN(C)CCCN(C(=O)c2cc(CC(C)C)nn2C)Cc2cc(F)c(F)cc21,-5.27,valid
CCC(=O)N1CCCN(C)CCCN(C(=O)c2cc(CC)on2)Cc2cc(F)c(F)cc21,-5.565,valid
CCC(=O)N1CCCN(C(C)C)CCCN(C(=O)c2c(C(C)C)noc2C)Cc2cc(F)c(F)cc21,-5.625,valid
CCC(=O)N1CCCN(C)CCCN(C(=O)c2ccc(=O)n(C)c2)Cc2cc(F)c(F)cc21,-6.553,valid
CCC(=O)N1CCCN(C(C)C)CCCN(C(=O)C(C)C)Cc2cc(F)c(F)cc21,-5.223,valid
CCOc1cccc(C(=O)N2CCCN(C(C)C)CCCN(C(=O)CC)c3cc(F)c(F)cc3C2)c1,-5.558,valid
CCC(=O)N1CCCN(C)CCCN(C(=O)c2ccnnc2)Cc2cc(F)c(F)cc21,-6.509,valid
CCC(=O)N1CCCN(C(C)C)CCCN(C(=O)c2cc(F)cc(F)c2)Cc2cc(F)c(F)cc21,-5.896,valid
CCC(=O)N1CCCN(C)CCCN(C(=O)C2CCCC2)Cc2cc(F)c(F)cc21,-5.245,valid
CCC(=O)N1CCCN(C(C)C)CCCN(C(=O)c2cn(C)nc2C)Cc2cc(F)c(F)cc21,-5.466,valid
CCC(=O)N1CCCN(C(C)C)CCCN(C(=O)c2ccc(Cl)cc2)Cc2cc(F)c(F)cc21,-5.726,valid
CCCn1cc(C(=O)N2CCCN(C(C)C)CCCN(C(=O)CC)c3cc(F)c(F)cc3C2)cn1,-5.154,valid
CCC(=O)N1CCCN(C(C)C)CCCN(C(=O)c2ccc(N(C)C)cc2)Cc2cc(F)c(F)cc21,-5.213,valid
CCC(=O)N1CCCN(C)CCCN(C(=O)c2cccc(F)c2)Cc2cc(F)c(F)cc21,-5.144,valid
CCC(=O)N1CCCN(C(C)C)CCCN(C(=O)c2ncccn2)Cc2cc(F)c(F)cc21,-5.4,valid
CCC(=O)N1CCCN(C)CCCN(C(=O)c2ncccn2)Cc2cc(F)c(F)cc21,-5.65,valid
CCC(=O)N1CCCN(C)CCCN(C(=O)c2ccc(N(C)C)cc2)Cc2cc(F)c(F)cc21,-5.231,valid
CCC(=O)N1CCCN(C)CCCN(C(=O)c2cc(CC(C)C)no2)Cc2cc(F)c(F)cc21,-5.939,valid
CCC(=O)N1CCCN(C)CCCN(C(=O)c2ccc3ccccc3n2)Cc2cc(F)c(F)cc21,-5.363,valid
CCC(=O)N1CCCN(C)CCCN(C(=O)C2CCCCC2)Cc2cc(F)c(F)cc21,-5.533,valid
CCCc1cc(C(=O)N2CCCN(C)CCCN(C(=O)CC)c3cc(F)c(F)cc3C2)no1,-5.879,valid
CCC(=O)N1CCCN(C(C)C)CCCN(C(=O)c2cnc3ccccc3c2)Cc2cc(F)c(F)cc21,-5.078,valid
CCC(=O)N1CCCN(C)CCCN(C(=O)C2CCC2)Cc2cc(F)c(F)cc21,-5.09,valid
CCC(=O)N1CCCN(C(C)C)CCCN(C(=O)C2CCOCC2)Cc2cc(F)c(F)cc21,-5.023,valid
CCC(=O)N1CCCN(C)CCCN(C(=O)c2ccccc2F)Cc2cc(F)c(F)cc21,-5.127,valid
CCC(=O)N1CCCN(C(C)C)CCCN(C(=O)c2cccc(OC)n2)Cc2cc(F)c(F)cc21,-5.256,valid
CCC(=O)N1CCCN(C(C)C)CCCN(C(=O)c2ccc(=O)n(C)c2)Cc2cc(F)c(F)cc21,-6.658,valid
CCCn1ccc(C(=O)N2CCCN(C)CCCN(C(=O)CC)c3cc(F)c(F)cc3C2)n1,-5.054,valid
CCC(=O)N1CCCN(C)CCCN(C(=O)c2cccnc2)Cc2cc(F)c(F)cc21,-5.173,valid
CCC(=O)N1CCCN(C)CCCN(C(=O)c2ccc(OCC(C)C)cc2)Cc2cc(F)c(F)cc21,-6.194,valid
CCC(=O)N1CCCN(C(C)C)CCCN(C(=O)c2cccnc2C)Cc2cc(F)c(F)cc21,-4.949,valid
CCC(=O)N1CCCN(C(C)C)CCCN(C(=O)c2c(C)noc2C)Cc2cc(F)c(F)cc21,-5.327,valid
CCC(=O)N1CCCN(C)CCCN(C(=O)c2cnc3ccccc3n2)Cc2cc(F)c(F)cc21,-5.295,valid
CCC(=O)N1CCCN(C(C)C)CCCN(C(=O)c2cnc(C)cn2)Cc2cc(F)c(F)cc21,-4.946,valid
CCC(=O)N1CCCN(C(C)C)CCCN(C(=O)c2cccnc2)Cc2cc(F)c(F)cc21,-5.025,valid
CCC(=O)N1CCCN(C(C)C)CCCN(C(=O)c2ccc3c(c2)OCO3)Cc2cc(F)c(F)cc21,-5.164,valid
CCC(=O)N1CCCN(C)CCCN(C(=O)C(C)C)Cc2cc(F)c(F)cc21,-4.743,valid
CCC(=O)N1CCCN(C)CCCN(C(=O)c2cnc(C)nc2C)Cc2cc(F)c(F)cc21,-5.104,valid
CCC(=O)N1CCCN(C(C)C)CCCN(C(=O)c2scnc2C)Cc2cc(F)c(F)cc21,-4.976,valid
CCCn1cc(C(=O)N2CCCN(C)CCCN(C(=O)CC)c3cc(F)c(F)cc3C2)cn1,-5.011,valid
CCC(=O)N1CCCN(C)CCCN(C(=O)c2c(C(C)C)noc2C)Cc2cc(F)c(F)cc21,-5.154,valid
CCC(=O)N1CCCN(C)CCCN(C(=O)C2CCOCC2)Cc2cc(F)c(F)cc21,-5.082,valid
CCC(=O)N1CCCN(C(C)C)CCCN(C(=O)c2cncnc2)Cc2cc(F)c(F)cc21,-5.189,valid
CCC(=O)N1CCCN(C(C)C)CCCN(C(=O)c2cncnc2C)Cc2cc(F)c(F)cc21,-5.092,valid
CCC(=O)N1CCCN(C)CCCN(C(=O)c2ccc(C)nc2)Cc2cc(F)c(F)cc21,-4.971,valid
CCC(=O)N1CCCN(C)CCCN(C(=O)c2cccc(OC)n2)Cc2cc(F)c(F)cc21,-5.106,valid
CCC(=O)N1CCCN(C)CCCN(C(=O)c2scnc2C)Cc2cc(F)c(F)cc21,-4.965,valid
CCC(=O)N1CCCN(C(C)C)CCCN(C(=O)c2cn(C)nn2)Cc2cc(F)c(F)cc21,-5.23,valid
CCC(=O)N1CCCN(C)CCCN(C(=O)c2cscn2)Cc2cc(F)c(F)cc21,-4.903,valid
CCC(=O)N1CCCN(C)CCCN(C(=O)c2ccccn2)Cc2cc(F)c(F)cc21,-4.798,valid
CCC(=O)N1CCCN(C(C)C)CCCN(C(=O)c2ccc(C)[nH]c2=O)Cc2cc(F)c(F)cc21,-7.301,valid
CCC(=O)N1CCCN(C)CCCN(C(=O)c2snnc2CC)Cc2cc(F)c(F)cc21,-4.915,valid
CCC(=O)N1CCCN(C)CCCN(C(=O)c2ccc(C)[nH]c2=O)Cc2cc(F)c(F)cc21,-7.523,valid
CCCc1cc(C(=O)N2CCCN(C(C)C)CCCN(C(=O)CC)c3cc(F)c(F)cc3C2)no1,-6.824,valid
CN(C)CCCNC(=O)C1CC(=O)NC(Cc2ccccc2)C(=O)N(C)CCOc2ccccc2C(=O)N1,-7.301,valid
CC1NC(=O)CC(C(=O)NCCCCN(C)C)NC(=O)c2ccccc2OCCN(C)C1=O,-6.569,valid
CN(C)CCCNC(=O)C1CC(=O)NC(CC(N)=O)C(=O)N(C)CCOc2ccccc2C(=O)N1,-6.569,valid
CN1CCOc2ccccc2C(=O)NC(C(=O)NCCN2CCCCCC2)CC(=O)NC(CC(N)=O)C1=O,-6.678,valid
COc1ccc(CCCNC(=O)C2CC(=O)NC(CO)C(=O)N(C)CCOc3ccccc3C(=O)N2)cc1OC,-7.398,valid
CN1CCOc2ccccc2C(=O)NC(C(=O)NCCc2ccc(F)cc2)CC(=O)NC(Cc2ccccc2)C1=O,-6.06,valid
Cc1nn(C)c(C)c1CCNC(=O)C1CC(=O)NC(CC(N)=O)C(=O)N(C)CCOc2ccccc2C(=O)N1,-7.398,valid
CN1CCOc2ccccc2C(=O)NC(C(=O)NCCc2cnccn2)CC(=O)NC(CC(N)=O)C1=O,-7.301,valid
CN1CCOc2ccccc2C(=O)NC(C(=O)NCCc2ccccn2)CC(=O)NC(Cc2ccccc2)C1=O,-7.523,valid
CCN1CCOc2ccccc2C(=O)NC(C(=O)NCCOc2ccc(C)cc2OC)CC(=O)NC(Cc2ccccc2)C1=O,-6.398,valid
CCN1CCOc2ccccc2C(=O)NC(C(=O)NCCOc2ccccc2C(C)C)CC(=O)NC(Cc2ccccc2)C1=O,-6.222,valid
CCN1CCOc2ccccc2C(=O)NC(C(=O)NCCOc2ccc(C(C)C)cc2)CC(=O)NC(Cc2ccccc2)C1=O,-6.292,valid
CCN1CCOc2ccccc2C(=O)NC(C(=O)NCCOc2cccc(C)c2C)CC(=O)NC(CC(C)C)C1=O,-5.932,valid
CC(C)CC1NC(=O)CC(C(=O)NC(C)COc2ccccc2Oc2ccc(Cl)cc2)NC(=O)c2ccccc2OCCN(C)C1=O,-6.032,valid
CCN1CCOc2ccccc2C(=O)NC(C(=O)NCCOc2ccc(Cl)c(C)c2)CC(=O)NC(CC(C)C)C1=O,-5.921,valid
COc1cc(C)ccc1OCCNC(=O)C1CC(=O)NC(Cc2ccccc2)C(=O)N(C)CCOc2ccccc2C(=O)N1,-6.086,valid
CCOc1ccc(CCCNC(=O)C2CC(=O)NC(CCC(N)=O)C(=O)N(C)CCOc3ccccc3C(=O)N2)cc1OC,-7.0,valid
COc1ccc(CCCNC(=O)C2CC(=O)NC(Cc3ccccc3)C(=O)N(C)CCOc3ccccc3C(=O)N2)cc1OC,-7.222,valid
CCN1CCOc2ccccc2C(=O)NC(C(=O)NCCOc2cc(C)ccc2C(C)C)CC(=O)NC(CC(C)C)C1=O,-6.886,valid
CCCCN1CCOc2ccccc2C(=O)NC(C(=O)NCCOCc2ccccc2Cl)CC(=O)NC(CC(C)C)C1=O,-5.65,valid
CCN1CCOc2ccccc2C(=O)NC(C(=O)NCCOc2cccc(OC)c2)CC(=O)NC(Cc2ccccc2)C1=O,-5.539,valid
Cc1ccc(OCCNC(=O)C2CC(=O)NC(Cc3ccccc3)C(=O)N(C)CCOc3ccccc3C(=O)N2)c(C)c1,-5.322,valid
CCOc1ccc(CCCNC(=O)C2CC(=O)NC(Cc3ccc(O)cc3)C(=O)N(C)CCOc3ccccc3C(=O)N2)cc1OC,-7.222,valid
CCOc1ccc(CCCNC(=O)C2CC(=O)NC(Cc3ccccc3)C(=O)N(CC)CCOc3ccccc3C(=O)N2)cc1OC,-6.297,valid
CCN1CCOc2ccccc2C(=O)NC(C(=O)NCCOc2ccc(C)cc2C)CC(=O)NC(Cc2ccccc2)C1=O,-5.858,valid
CCOc1ccc(CCCNC(=O)C2CC(=O)NC(Cc3ccccc3)C(=O)N(C)CCOc3ccccc3C(=O)N2)cc1OC,-6.517,valid
CCN1CCOc2ccccc2C(=O)NC(C(=O)NCCOc2cccc(C)c2C)CC(=O)NC(Cc2ccccc2)C1=O,-5.956,valid
CC(C)CC1NC(=O)CC(C(=O)NCCCN2CCCCCC2)NC(=O)c2ccccc2OCCN(C)C1=O,-7.0,valid
CN1CCOc2ccccc2C(=O)NC(C(=O)NCCCCN2CCCC2)CC(=O)NC(Cc2ccccc2)C1=O,-7.155,valid
CC(C)CC1NC(=O)CC(C(=O)NCc2ccc(CN3CCCCC3)cc2)NC(=O)c2ccccc2OCCN(C)C1=O,-7.097,valid
CN1CCOc2ccccc2C(=O)NC(C(=O)NCCCN2CCCCCC2)CC(=O)NC(Cc2ccccc2)C1=O,-6.377,valid
CC(C)CC1NC(=O)CC(C(=O)NCCCCN(C)C)NC(=O)c2ccccc2OCCN(C)C1=O,-7.301,valid
CC(C)C1NC(=O)CC(C(=O)NCCCCN2CCCC2)NC(=O)c2ccccc2OCCN(C)C1=O,-6.658,valid
CC(C)C1NC(=O)CC(C(=O)NCCN2CCCCC2)NC(=O)c2ccccc2OCCN(C)C1=O,-7.097,valid
CC(C)C1NC(=O)CC(C(=O)NCCCN2CCCCCC2)NC(=O)c2ccccc2OCCN(C)C1=O,-6.602,valid
CCN1CCCC1CNC(=O)C1CC(=O)NC(C(C)C)C(=O)N(C)CCOc2ccccc2C(=O)N1,-7.301,valid
CC(C)CC1NC(=O)CC(C(=O)NCCCN(C)C)NC(=O)c2ccccc2OCCN(C)C1=O,-8.0,valid
Cc1csc(CCCNC(=O)C2CC(=O)NC(C(C)O)C(=O)N(C)CCOc3ccccc3C(=O)N2)n1,-7.097,valid
COc1ccc(CCNC(=O)C2CC(=O)NC(C(C)C)C(=O)N(C)CCOc3ccccc3C(=O)N2)cc1,-6.444,valid
Cc1ccc(OCCNC(=O)C2CC(=O)NC(Cc3ccccc3)C(=O)N(C)CCOc3ccccc3C(=O)N2)cc1,-6.377,valid
CC(C)c1ccccc1OCCNC(=O)C1CC(=O)NC(Cc2ccccc2)C(=O)N(C)CCOc2ccccc2C(=O)N1,-6.509,valid
CCC(C)C1NC(=O)CC(C(=O)NCCCc2cccc(OC)c2)NC(=O)c2ccccc2OCCN(C)C1=O,-6.252,valid
CC(C)c1ccc(OCCNC(=O)C2CC(=O)NC(Cc3ccccc3)C(=O)N(C)CCOc3ccccc3C(=O)N2)cc1,-6.602,valid
CCC(C)C1NC(=O)CC(C(=O)NCCCc2ccccc2)NC(=O)c2ccccc2OCCN(C)C1=O,-6.022,valid
COc1ccc(CCCNC(=O)C2CC(=O)NC(C(C)C)C(=O)N(C)CCOc3ccccc3C(=O)N2)cc1OC,-6.745,valid
CC1NC(=O)CC(C(=O)NCCCN2CCCC2=O)NC(=O)c2ccccc2OCCN(C)C1=O,-7.301,valid
COc1ccc(OCCNC(=O)C2CC(=O)NC(CC(C)C)C(=O)N(C)CCOc3ccccc3C(=O)N2)cc1,-6.77,valid
CCN1CCOc2ccccc2C(=O)NC(C(=O)NCCOc2ccc(C(C)C)cc2)CC(=O)NC(CC(C)C)C1=O,-5.821,valid
Cc1nn(C)c(C)c1CCNC(=O)C1CC(=O)NC(CC(C)C)C(=O)N(C)CCOc2ccccc2C(=O)N1,-7.155,valid
CCCCN1CCOc2ccccc2C(=O)NC(C(=O)NCC2CCOCC2)CC(=O)NC(CC(C)C)C1=O,-6.481,valid
CC(C)CC1NC(=O)CC(C(=O)NCc2cccc(CN3CCCC3=O)c2)NC(=O)c2ccccc2OCCN(C)C1=O,-7.398,valid
CCOc1ccc(CCCNC(=O)C2CC(=O)NC(CC(C)C)C(=O)N(C)CCOc3ccccc3C(=O)N2)cc1OC,-6.523,valid
CC(C)CC1NC(=O)CC(C(=O)NCCOc2ccc(-c3ccccc3)cc2)NC(=O)c2ccccc2OCCN(C)C1=O,-6.143,valid
CCOCCNC(=O)C1CC(=O)NC(C(C)O)C(=O)N(C)CCOc2ccccc2C(=O)N1,-7.0,valid
CC(C)CC1NC(=O)CC(C(=O)NCCCn2ccc(C(F)(F)F)n2)NC(=O)c2ccccc2OCCN(C)C1=O,-7.222,valid
CCOCCNC(=O)C1CC(=O)NC(CC(C)C)C(=O)N(C)CCOc2ccccc2C(=O)N1,-6.77,valid
CN1CCOc2ccccc2C(=O)NC(C(=O)NCCOc2ccc(Cl)cc2)CC(=O)NC(CC(N)=O)C1=O,-7.301,valid
CC(O)C1NC(=O)CC(C(=O)NCC2CC2)NC(=O)c2ccccc2OCCN(C)C1=O,-7.523,valid
CC(C)C1NC(=O)CC(C(=O)NCCc2cnccn2)NC(=O)c2ccccc2OCCN(C)C1=O,-7.046,valid
CC(O)C1NC(=O)CC(C(=O)NCCc2ccc(F)cc2)NC(=O)c2ccccc2OCCN(C)C1=O,-7.097,valid
CCCCN1CCOc2ccccc2C(=O)NC(C(=O)NCCOc2ccc(Cl)cc2)CC(=O)NC(CC(C)C)C1=O,-5.963,valid
COc1ccc(CCCNC(=O)C2CC(=O)NC(CC(C)C)C(=O)N(C)CCOc3ccccc3C(=O)N2)cc1OC,-6.745,valid
CC(C)CC1NC(=O)CC(C(=O)NCCN2CCOCC2)NC(=O)c2ccccc2OCCN(C)C1=O,-7.046,valid
CC(C)CC1NC(=O)CC(C(=O)NCc2ccc(CN3CCCC3=O)cc2)NC(=O)c2ccccc2OCCN(C)C1=O,-6.959,valid
CCC(C)C1NC(=O)CC(C(=O)NCCc2ccc3c(c2)OCCO3)NC(=O)c2ccccc2OCCN(C)C1=O,-6.444,valid
CC(C)CC1NC(=O)CC(C(=O)NCCOc2ccc(C(C)C)cc2)NC(=O)c2ccccc2OCCN(C)C1=O,-5.812,valid
CCC(C)C1NC(=O)CC(C(=O)NCC2CC2)NC(=O)c2ccccc2OCCN(C)C1=O,-7.046,valid
CC(C)CC1NC(=O)CC(C(=O)NCCCN2CCOCC2)NC(=O)c2ccccc2OCCN(C)C1=O,-7.301,valid
CCCCN1CCOc2ccccc2C(=O)NC(C(=O)NCCCOc2ccccc2OC)CC(=O)NC(CC(C)C)C1=O,-5.635,valid
COc1ccc(OCCCNC(=O)C2CC(=O)NC(C(C)C)C(=O)N(C)CCOc3ccccc3C(=O)N2)cc1,-7.155,valid
COc1ccc(OCCNC(=O)C2CC(=O)NC(Cc3ccccc3)C(=O)N(C)CCOc3ccccc3C(=O)N2)cc1,-6.328,valid
CN1CCOc2ccccc2C(=O)NC(C(=O)NCCOc2ccc(Cl)cc2)CC(=O)NC(Cc2ccccc2)C1=O,-5.873,valid
CC(C)CC1NC(=O)CC(C(=O)NCCc2cnccn2)NC(=O)c2ccccc2OCCN(C)C1=O,-7.301,valid
CC(O)C1NC(=O)CC(C(=O)NCCCN2CCCC2=O)NC(=O)c2ccccc2OCCN(C)C1=O,-7.699,valid
CCOCCNC(=O)C1CC(=O)NC(C(C)CC)C(=O)N(C)CCOc2ccccc2C(=O)N1,-7.0,valid
CC(C)CC1NC(=O)CC(C(=O)NCCC(c2ccccc2)c2ccccc2)NC(=O)c2ccccc2OCCN(C)C1=O,-6.244,valid
Cc1ccc(C(C)C)cc1OCCNC(=O)C1CC(=O)NC(CC(C)C)C(=O)N(C)CCOc2ccccc2C(=O)N1,-5.699,valid
CC(C)CC1NC(=O)CC(C(=O)NCCOc2ccc(Cl)cc2)NC(=O)c2ccccc2OCCN(C)C1=O,-5.917,valid
CC(C)CC1NC(=O)CC(C(=O)NCCc2ccccn2)NC(=O)c2ccccc2OCCN(C)C1=O,-7.398,valid
CC(C)C1NC(=O)CC(C(=O)NCCCN2CCOCC2)NC(=O)c2ccccc2OCCN(C)C1=O,-7.301,valid
CC(C)CC1NC(=O)CC(C(=O)NCCOc2ccc(F)cc2)NC(=O)c2ccccc2OCCN(C)C1=O,-5.914,valid
CC(O)C1NC(=O)CC(C(=O)NCCCn2ccc(C(F)(F)F)n2)NC(=O)c2ccccc2OCCN(C)C1=O,-6.854,valid
COCCCNC(=O)C1CC(=O)NC(C(C)O)C(=O)N(C)CCOc2ccccc2C(=O)N1,-8.0,valid
CCN1CCOc2ccccc2C(=O)NC(C(=O)NCCOc2ccc(C)cc2)CC(=O)NC(CC(C)C)C1=O,-5.507,valid
COCCCNC(=O)C1CC(=O)NC(C(C)C)C(=O)N(C)CCOc2ccccc2C(=O)N1,-7.523,valid
CC(C)CC1NC(=O)CC(C(=O)NCCOCc2ccccc2Cl)NC(=O)c2ccccc2OCCN(C)C1=O,-5.394,valid
CC(C)CC1NC(=O)CC(C(=O)NCC2CC2)NC(=O)c2ccccc2OCCN(C)C1=O,-7.699,valid
CC(C)CC1NC(=O)CC(C(=O)NCCN2CCCC2=O)NC(=O)c2ccccc2OCCN(C)C1=O,-7.097,valid
CCCCN1CCOc2ccccc2C(=O)NC(C(=O)NCCOCC2CCCO2)CC(=O)NC(CC(C)C)C1=O,-6.745,valid
CC(C)C1NC(=O)CC(C(=O)NCCN2CCCCCC2)NC(=O)c2ccccc2OCCN(C)C1=O,-7.126,valid
COc1cccc(CCCNC(=O)C2CC(=O)NC(CC(C)C)C(=O)N(C)CCOc3ccccc3C(=O)N2)c1,-6.092,valid
CC(C)CC1NC(=O)CC(C(=O)NCCCc2ccccc2)NC(=O)c2ccccc2OCCN(C)C1=O,-6.029,valid
CC(C)C1NC(=O)CC(C(=O)NCCc2ccc3c(c2)OCCO3)NC(=O)c2ccccc2OCCN(C)C1=O,-6.744,valid
CC(C)C1NC(=O)CC(C(=O)NCCOc2ccc(F)cc2)NC(=O)c2ccccc2OCCN(C)C1=O,-6.46,valid
CC(C)C1NC(=O)CC(C(=O)NCCCc2ccccc2)NC(=O)c2ccccc2OCCN(C)C1=O,-6.37,valid
COc1cccc(CCCNC(=O)C2CC(=O)NC(C(C)C)C(=O)N(C)CCOc3ccccc3C(=O)N2)c1,-6.49,valid
COc1ccc(OCCCNC(=O)C2CC(=O)NC(CC(C)C)C(=O)N(C)CCOc3ccccc3C(=O)N2)cc1,-6.484,valid
CCOc1ccc(CCCNC(=O)C2CC(=O)NC(C(C)C)C(=O)N(C)CCOc3ccccc3C(=O)N2)cc1OC,-6.86,valid
Cc1csc(CCCNC(=O)C2CC(=O)NC(CC(C)C)C(=O)N(C)CCOc3ccccc3C(=O)N2)n1,-7.078,valid
CC(C)CC1NC(=O)CC(C(=O)NCCc2ccc3c(c2)OCCO3)NC(=O)c2ccccc2OCCN(C)C1=O,-6.386,valid
COc1ccc(OCCNC(=O)C2CC(=O)NC(C(C)C)C(=O)N(C)CCOc3ccccc3C(=O)N2)cc1,-6.966,valid
CC(C)C1NC(=O)CC(C(=O)NCCCn2ccc(C(F)(F)F)n2)NC(=O)c2ccccc2OCCN(C)C1=O,-7.2,valid
CC(C)C1NC(=O)CC(C(=O)NCCOc2ccc(Cl)cc2)NC(=O)c2ccccc2OCCN(C)C1=O,-5.933,valid
Cc1ccc(C(C)C)c(OCCNC(=O)C2CC(=O)NC(CC(C)C)C(=O)N(C)CCOc3ccccc3C(=O)N2)c1,-5.744,valid
CC(C)CC1NC(=O)CC(C(=O)NCCc2ccc(F)cc2)NC(=O)c2ccccc2OCCN(C)C1=O,-5.933,valid
CC(C)CC1NC(=O)CC(C(=O)NCC(C)(C)c2ccc(F)cc2)NC(=O)c2ccccc2OCCN(C)C1=O,-5.604,valid
CC(=O)N1CCCCCCCN(C(C)C)Cc2cc(C(=O)N3CCNC(=O)C3)ccc21,-6.569,valid
CC(=O)N1CCCCCCCN(C(C)C)Cc2cc(C(=O)N3CCN(S(C)(=O)=O)CC3)ccc21,-6.013,valid
CC(=O)N1CCCCCCCN(C(C)C)Cc2cc(C(=O)N3C4CCC3CC(O)C4)ccc21,-5.804,valid
CC(=O)N1CCCCCCCN(C(C)C)Cc2cc(C(=O)Nc3cncc(C)c3)ccc21,-5.191,valid
CC(=O)N1CCCCCCCN(C(C)C)Cc2cc(C(=O)N3CCN(c4ccccn4)CC3)ccc21,-5.032,valid
CC(=O)N1CCCCCCCN(C(C)C)Cc2cc(C(=O)N3CCCC(O)C3)ccc21,-6.237,valid
CC(=O)N1CCCCCCCN(C(C)C)Cc2cc(C(=O)N3CCN(c4ncccn4)CC3)ccc21,-4.996,valid
CC(=O)N1CCCCCCCN(C(C)C)Cc2cc(C(=O)N3CC(C)OC(C)C3)ccc21,-4.926,valid
CC(=O)N1CCCCCCCN(CC(C)C)Cc2cc(C(=O)N3CCCC3)ccc21,-5.265,valid
CC(=O)N1CCCCCCCN(CCC(C)C)Cc2cc(C(=O)N3CCCC(O)C3)ccc21,-5.475,valid
CC(=O)N1CCCCCCCN(C(C)C)Cc2cc(C(=O)NC(CO)CC(C)C)ccc21,-5.48,valid
CC(=O)N1CCCCCCCN(CCC(C)C)Cc2cc(C(=O)Nc3cnccc3C)ccc21,-5.654,valid
CC(=O)N1CCCCCCCN(CCC(C)C)Cc2cc(C(=O)N3CCN(c4ncccn4)CC3)ccc21,-5.59,valid
CC(=O)N1CCCCCCCN(CC(C)C)Cc2cc(C(=O)NC(CO)CC(C)C)ccc21,-5.432,valid
CC(=O)N1CCCCCCCN(CC(C)C)Cc2cc(C(=O)Nc3cncc(C)c3)ccc21,-5.438,valid
CC(=O)N1CCCCCCCN(CCC(C)C)Cc2cc(C(=O)N3CCN(CCO)CC3)ccc21,-5.9,valid
CC(=O)N1CCCCCCCN(CCC(C)C)Cc2cc(C(=O)N3CCCC3)ccc21,-5.261,valid
CC(=O)N1CCCCCCCN(CCC(C)C)Cc2cc(C(=O)NCCCCCO)ccc21,-5.48,valid
CC(=O)N1CCCCCCCN(CCC(C)C)Cc2cc(C(=O)Nc3ccc(C)nc3)ccc21,-5.575,valid
CC(=O)N1CCCCCCCN(CCC(C)C)Cc2cc(C(=O)NCC(O)CO)ccc21,-6.125,valid
CC(=O)N1CCCCCCCN(CCC(C)C)Cc2cc(C(=O)NC(CO)CC(C)C)ccc21,-5.432,valid
CC(=O)N1CCCCCCCN(CC(C)C)Cc2cc(C(=O)NC(C)C)ccc21,-5.442,valid
CC(=O)N1CCCCCCCN(C(C)C)Cc2cc(C(=O)N3CCCC(CO)C3)ccc21,-5.943,valid
CC(=O)N1CCCCCCCN(CCC(C)C)Cc2cc(C(=O)NC(CO)C(C)C)ccc21,-5.323,valid
CC(=O)N1CCCCCCCN(CC(C)C)Cc2cc(C(=O)NC(CO)c3ccccc3)ccc21,-6.092,valid
CC(=O)N1CCCCCCCN(CCC(C)C)Cc2cc(C(=O)N3CCN(C(C)C)CC3)ccc21,-5.33,valid
CC(=O)N1CCCCCCCN(CC(C)C)Cc2cc(C(=O)N3CCN(c4ncccn4)CC3)ccc21,-5.66,valid
CC(=O)N1CCCCCCCN(C(C)C)Cc2cc(C(=O)NC(CO)C(C)C)ccc21,-5.921,valid
CCN(CC)C(=O)c1ccc2c(c1)CN(CCC(C)C)CCCCCCCN2C(C)=O,-5.457,valid
CC(=O)N1CCCCCCCN(C(C)C)Cc2cc(C(=O)N3CCCN(C)CC3)ccc21,-5.614,valid
CC(=O)N1CCCCCCCN(CC(C)C)Cc2cc(C(=O)Nc3ccc(C)nc3)ccc21,-5.572,valid
CC(=O)N1CCCCCCCN(CCC(C)C)Cc2cc(C(=O)N3CCN(c4ccccn4)CC3)ccc21,-5.747,valid
CC(=O)N1CCCCCCCN(CCC(C)C)Cc2cc(C(=O)N3CC(C)OC(C)C3)ccc21,-5.363,valid
CC(=O)N1CCCCCCCN(CC(C)C)Cc2cc(C(=O)N3CC(C)OC(C)C3)ccc21,-5.577,valid
CC(=O)N1CCCCCCCN(CCC(C)C)Cc2cc(C(=O)Nc3ccncc3C)ccc21,-5.599,valid
CC(=O)N1CCCCCCCN(CCC(C)C)Cc2cc(C(=O)N(C)CCO)ccc21,-5.721,valid
CC(=O)N1CCCCCCCN(CCC(C)C)Cc2cc(C(=O)N3CC(O)C3)ccc21,-6.167,valid
CC(=O)N1CCCCCCCN(CC(C)C)Cc2cc(C(=O)N3CCN(C(C)C)CC3)ccc21,-5.226,valid
CC(=O)N1CCCCCCCN(CC(C)C)Cc2cc(C(=O)N(CCO)Cc3ccccc3)ccc21,-5.52,valid
CC(=O)N1CCCCCCCN(CCC(C)C)Cc2cc(C(=O)N3CCN(CCN(C)C)CC3)ccc21,-5.446,valid
CC(=O)N1CCCCCCCN(CCC(C)C)Cc2cc(C(=O)NC(CO)Cc3ccccc3)ccc21,-5.503,valid
CC(=O)N1CCCCCCCN(CCC(C)C)Cc2cc(C(=O)N3CCC(CO)CC3)ccc21,-5.354,valid
CC(=O)N1CCCCCCCN(CCC(C)C)Cc2cc(C(=O)N3C4CCC3CC(O)C4)ccc21,-5.193,valid
CC(=O)N1CCCCCCCN(CC(C)C)Cc2cc(C(=O)N(C)CC(O)CO)ccc21,-5.788,valid
CC(=O)N1CCCCCCCN(C(C)C)Cc2cc(C(=O)N(C)CCO)ccc21,-6.347,valid
CC(=O)N1CCCCCCCN(CCC(C)C)Cc2cc(C(=O)N3CCC(O)CC3)ccc21,-5.492,valid
CC(=O)N1CCCCCCCN(C(C)C)Cc2cc(C(=O)N(C)CC(O)CO)ccc21,-6.886,valid
CC(=O)N1CCCCCCCN(CCC(C)C)Cc2cc(C(=O)N3CCCC(CO)C3)ccc21,-5.283,valid
CC(=O)N1CCCCCCCN(CCC(C)C)Cc2cc(C(=O)N3CCCC3CO)ccc21,-5.162,valid
CC(=O)N1CCCCCCCN(CCC(C)C)Cc2cc(C(=O)NCC(C)C)ccc21,-5.69,valid
CC(=O)N1CCCCCCCN(CC(C)C)Cc2cc(C(=O)NC(C)CO)ccc21,-5.288,valid
CC(=O)N1CCCCCCCN(CCC(C)C)Cc2cc(C(=O)N3CCOCC3)ccc21,-5.133,valid
CC(=O)N1CCCCCCCN(C(C)C)Cc2cc(C(=O)Nc3ccc(C)nc3)ccc21,-5.1,valid
CC(=O)N1CCCCCCCN(CC(C)C)Cc2cc(C(=O)NCCCCCO)ccc21,-5.344,valid
CC(=O)N1CCCCCCCN(C(C)C)Cc2cc(C(=O)N3CC(O)C3)ccc21,-6.523,valid
CC(=O)N1CCCCCCCN(CCC(C)C)Cc2cc(C(=O)NC3CC3)ccc21,-5.256,valid
CC(=O)N1CCCCCCCN(CCC(C)C)Cc2cc(C(=O)NC(CO)c3ccccc3)ccc21,-5.873,valid
COc1cccc(NC(=O)c2ccc3c(c2)CN(CC(C)C)CCCCCCCN3C(C)=O)c1,-6.076,valid
CCN(CC)C(=O)c1ccc2c(c1)CN(CC(C)C)CCCCCCCN2C(C)=O,-5.81,valid
CC(=O)N1CCCCCCCN(CCC(C)C)Cc2cc(C(=O)N3CCCN(C)CC3)ccc21,-5.081,valid
CC(=O)N1CCCCCCCN(CC(C)C)Cc2cc(C(=O)NC(CO)C(C)C)ccc21,-5.214,valid
CC(=O)N1CCCCCCCN(CC(C)C)Cc2cc(C(=O)NCC(C)C)ccc21,-5.833,valid
CC(=O)N1CCCCCCCN(CCC(C)C)Cc2cc(C(=O)N3CCC(CCO)CC3)ccc21,-5.237,valid
CC(=O)N1CCCCCCCN(CCC(C)C)Cc2cc(C(=O)N(C)CCc3ccccc3)ccc21,-6.215,valid
CC(=O)N1CCCCCCCN(CC(C)C)Cc2cc(C(=O)N(C)CCO)ccc21,-5.376,valid
CC(=O)N1CCCCCCCN(CC(C)C)Cc2cc(C(=O)NC(CO)Cc3ccccc3)ccc21,-5.017,valid
CC(=O)N1CCCCCCCN(C(C)C)Cc2cc(C(=O)N3CCCCC3CN3CCCC3)ccc21,-4.981,valid
CC(=O)N1CCCCCCCN(CC(C)C)Cc2cc(C(=O)N3CCN(Cc4ccc(F)cc4)CC3)ccc21,-5.987,valid
CC(=O)N1CCCCCCCN(CC(C)C)Cc2cc(C(=O)NC3CC3)ccc21,-5.137,valid
CC(=O)N1CCCCCCCN(C(C)C)Cc2cc(C(=O)N3CCCC3)ccc21,-4.845,valid
COCCN1CCN(C(=O)c2ccc3c(c2)CN(CCC(C)C)CCCCCCCN3C(C)=O)CC1,-5.096,valid
CC(=O)N1CCCCCCCN(CC(C)C)Cc2cc(C(=O)N3CCCN(C)CC3)ccc21,-5.014,valid
CC(=O)N1CCCCCCCN(CC(C)C)Cc2cc(C(=O)N3C4CCC3CC(O)C4)ccc21,-5.031,valid
CC(=O)N1CCCCCCCN(CCC(C)C)Cc2cc(C(=O)N3CCN(C)CC3)ccc21,-5.081,valid
CC(=O)N1CCCCCCCN(CC(C)C)Cc2cc(C(=O)N3CCN(CCN(C)C)CC3)ccc21,-5.152,valid
CCC(CC)NC(=O)c1ccc2c(c1)CN(CC(C)C)CCCCCCCN2C(C)=O,-6.041,valid
CC(=O)N1CCCCCCCN(CC(C)C)Cc2cc(C(=O)N3CCC(CO)CC3)ccc21,-5.078,valid
CC(=O)N1CCCCCCCN(CC(C)C)Cc2cc(C(=O)N3CCCCC3Cc3ccccc3)ccc21,-6.26,valid
CC(=O)N1CCCCCCCN(CCC(C)C)Cc2cc(C(=O)N(C)CC(O)CO)ccc21,-6.959,valid
CC(=O)N1CCCCCCCN(CC(C)C)Cc2cc(C(=O)Nc3ccncc3)ccc21,-5.329,valid
CCN(CCO)C(=O)c1ccc2c(c1)CN(CC(C)C)CCCCCCCN2C(C)=O,-5.137,valid
CCC(CC)NC(=O)c1ccc2c(c1)CN(CCC(C)C)CCCCCCCN2C(C)=O,-5.833,valid
CC(=O)N1CCCCCCCN(CC(C)C)Cc2cc(C(=O)N3CCCC(O)C3)ccc21,-5.183,valid
CC(=O)N1CCCCCCCN(CC(C)C)Cc2cc(C(=O)N3CCOCC3)ccc21,-4.95,valid
CC(=O)N1CCCCCCCN(CC(C)C)Cc2cc(C(=O)N3CCN(CCO)CC3)ccc21,-5.325,valid
CC(=O)N1CCCCCCCN(CC(C)C)Cc2cc(C(=O)N3CCC(CCO)CC3)ccc21,-4.976,valid
CC(=O)N1CCCCCCCN(C(C)C)Cc2cc(C(=O)N3CCN(CCO)CC3)ccc21,-6.495,valid
CC(=O)N1CCCCCCCN(CCC(C)C)Cc2cc(C(=O)N3CCC(Cc4ccccc4)CC3)ccc21,-6.509,valid
CC(=O)N1CCCCCCCN(CC(C)C)Cc2cc(C(=O)N3CCN(S(C)(=O)=O)CC3)ccc21,-5.335,valid
CC(=O)N1CCCCCCCN(CCC(C)C)Cc2cc(C(=O)N3CCCCC3Cc3ccccc3)ccc21,-6.538,valid
CC(=O)N1CCCCCCCN(CC(C)C)Cc2cc(C(=O)NC(CO)Cc3cnc[nH]3)ccc21,-5.149,valid
CC(=O)N1CCCCCCCN(CC(C)C)Cc2cc(C(=O)N3CCN(C)CC3)ccc21,-4.77,valid
COCCN1CCN(C(=O)c2ccc3c(c2)CN(CC(C)C)CCCCCCCN3C(C)=O)CC1,-4.899,valid
CC(=O)N1CCCCCCCN(CCC(C)C)Cc2cc(C(=O)N3CCNC(=O)C3)ccc21,-7.523,valid
CC(=O)N1CCCCCCCN(CC(C)C)Cc2cc(C(=O)N3CCC(Cc4ccccc4)CC3)ccc21,-6.745,valid
CC(=O)N1CCCCCCCN(CCC(C)C)Cc2cc(C(=O)Nc3cccc(Cl)c3)ccc21,-6.585,valid
CC(=O)N1CCCCCCCN(Cc2cccnc2)Cc2cc(C(=O)N3CC(O)C3)ccc21,-5.239,valid
CC(C)C1NC(=O)CC(C(=O)NCc2ccc(CN3CCCCC3)cc2)NC(=O)c2ccccc2OCCCNC1=O,-7.046,valid
CC(C)CC1NC(=O)CC(C(=O)NCc2ccc(CN3CCOCC3)cc2)NC(=O)c2ccccc2OCCCNC1=O,-6.854,valid
CC(O)C1NC(=O)CC(C(=O)NCc2ccc(CN3CCOCC3)cc2)NC(=O)c2ccccc2OCCCNC(=O)C(Cc2ccccc2)NC1=O,-8.0,valid
CC(C)C1NC(=O)CC(C(=O)NCc2ccc(CN3CCOCC3)cc2)NC(=O)c2ccccc2OCCCNC(=O)C(Cc2ccccc2)NC1=O,-6.886,valid
CC(C)CC1C(=O)N(C)CC(=O)NC(Cc2ccccc2)COc2ccccc2C(=O)NC(C(=O)NCc2ccc(CN3CCCC3)cc2)CC(=O)N1C,-7.398,valid
O=C1CCC(C(=O)NCc2cccc(CN3CCCCCC3)c2)NC(=O)c2ccccc2OCCOCCN1,-7.222,valid
CN1CCOc2ccccc2C(=O)NC(C(=O)NCc2ccc(CN3CCCCC3)cc2)CCC(=O)N(C)CC1=O,-7.0,valid
O=C1NC(C(=O)NCc2ccc(CN3CCCCC3)cc2)CC(=O)N2CCCC2C(=O)NCCOc2ccccc21,-7.523,valid
O=C1CC(C(=O)NCc2ccc(CN3CCCCC3)cc2)NC(=O)c2ccccc2OCC(Cc2ccccc2)NC(=O)C(CO)N1,-5.873,valid
CC(C)CC1COc2ccccc2C(=O)NC(C(=O)NCc2ccc(CN3CCCCC3)cc2)CC(=O)N2CCCC2C(=O)N1,-8.0,valid
O=C1CC(C(=O)NCc2ccc(CN3CCOCC3)cc2)NC(=O)c2ccccc2OCCNC(=O)C(Cc2ccccc2)N1,-6.602,valid
CC(C)CC1NC(=O)CC(C(=O)NCc2ccc(CN3CCOCC3)cc2)NC(=O)c2ccccc2OCC(C)NC1=O,-6.854,valid
O=C1NC(C(=O)NCc2ccc(CN3CCOCC3)cc2)CC(=O)N2CCCC2C(=O)NCCOc2ccccc21,-6.721,valid
O=C1NC(C(=O)NCc2cccc(CN3CCOCC3)c2)CC(=O)N2CCCC2C(=O)NCCOc2ccccc21,-7.097,valid
CC(C)CC1COc2ccccc2C(=O)NC(C(=O)NCc2cccc(CN3CCOCC3)c2)CC(=O)NC(C)C(=O)N1,-6.854,valid
CC(C)C1COc2ccccc2C(=O)NC(C(=O)NCc2ccc(CN3CCOCC3)cc2)CCC(=O)NC(C)(C)C(=O)N1,-6.959,valid
CC(C)C1COc2ccccc2C(=O)NC(C(=O)NCc2ccc(CN3CCOCC3)cc2)CCC(=O)NC2(CCCCC2)C(=O)N1,-6.854,valid
CN1CCOc2ccccc2C(=O)NC(C(=O)NCc2cccc(CN3CCOCC3)c2)CC(=O)NCCC1=O,-6.959,valid
CN1CCOc2ccccc2C(=O)NC(C(=O)NCc2ccc(CN3CCOCC3)cc2)CC(=O)NCCCC1=O,-7.0,valid
CN1CC(=O)NCCCOc2ccccc2C(=O)NC(C(=O)NCc2cccc(CN3CCOCC3)c2)CCC(=O)NC(Cc2ccccc2)COc2ccccc2C1=O,-6.921,valid
CC1NC(=O)CC(C(=O)NCc2cccc(CN3CCCC3=O)c2)NC(=O)c2ccccc2OCCCNC1=O,-6.886,valid
O=C1NCCCOc2ccccc2C(=O)NC(C(=O)NCc2ccc(CN3CCOCC3)cc2)CCC(=O)N2CCCC2COc2ccccc21,-6.959,valid
CC1COc2ccccc2C(=O)NC(C(=O)NCc2ccc(CN3CCOCC3)cc2)CC(=O)N(Cc2ccccc2)CC(=O)NC(C(C)C)C(=O)N1,-7.301,valid
CC(C)CC1COc2ccccc2C(=O)NCCCOc2ccccc2C(=O)NC(C(=O)NCc2ccc(CN3CCOCC3)cc2)CCC(=O)N1,-6.77,valid
CC(C)CC1COc2ccccc2C(=O)NC(C(=O)NCc2ccc(CN3CCOCC3)cc2)CC(=O)NC(C)C(=O)N1,-6.959,valid
CC(O)C1NC(=O)CC(C(=O)NCc2cccc(CN3CCCC3=O)c2)NC(=O)c2ccccc2OCCCNC1=O,-6.921,valid
CC1COc2ccccc2C(=O)NC(C(=O)NCc2cccc(CN3CCOCC3)c2)CC(=O)NC(CC(N)=O)C(=O)NC(C(C)C)C(=O)N1,-8.0,valid
CCC(C)C1NC(=O)CC(C(=O)NCc2ccc(CN3CCOCC3)cc2)NC(=O)c2ccccc2OCC(CC(C)C)NC1=O,-6.658,valid
O=C1CC(C(=O)NCc2cccc(CN3CCCC3=O)c2)NC(=O)c2ccccc2OCCNC(=O)C(CO)N1,-7.222,valid
CC(O)C1NC(=O)CC(C(=O)NCc2ccc(CN3CCCC3=O)cc2)NC(=O)c2ccccc2OCCCNC1=O,-7.699,valid
CC(C)CC1C(=O)NC(Cc2ccccc2)C(=O)NCCCOc2ccccc2C(=O)NC(C(=O)NCc2ccc(CN3CCOCC3)cc2)CC(=O)N1C,-6.745,valid
CCCCN1CCOc2ccccc2C(=O)NC(C(=O)NCc2cccc(CN3CCOCC3)c2)CCC(=O)NC(CC(C)C)C1=O,-6.027,valid
CN1CCOc2ccccc2C(=O)NC(C(=O)NCc2cccc(CN3CCOCC3)c2)CC(=O)NCCCC1=O,-7.046,valid
O=C1CC(C(=O)NCc2ccc(CN3CCOCC3)cc2)NC(=O)c2ccccc2OCCNC(=O)C(CO)N1,-7.155,valid
CCN1CC(=O)NC(C(C)C)C(=O)NC(C)COc2ccccc2C(=O)NC(C(=O)NCc2ccc(CN3CCOCC3)cc2)CC1=O,-6.553,valid
CCCCN1CCOc2ccccc2C(=O)NC(C(=O)NCc2cccc(CN3CCOCC3)c2)CC(=O)NC(CC(C)C)C1=O,-6.102,valid
O=C1CC(C(=O)NCc2ccc(CN3CCCC3=O)cc2)NC(=O)c2ccccc2OCCNC(=O)C(Cc2ccccc2)N1,-7.699,valid
CC(C)C1NC(=O)CCC(C(=O)NCc2cccc(CN3CCOCC3)c2)NC(=O)c2ccccc2OCCN(C)C1=O,-6.387,valid
CC(C)C1COc2ccccc2C(=O)NCCCOc2ccccc2C(=O)NC(C(=O)NCc2ccc(CN3CCOCC3)cc2)CCC(=O)N1,-7.523,valid
O=C1CC(C(=O)NCc2ccc(CN3CCCC3=O)cc2)NC(=O)c2ccccc2OCCNC(=O)C(CO)N1,-6.886,valid
CC(C)CC1COc2ccccc2C(=O)NC(C(=O)NCc2ccc(CN3CCOCC3)cc2)CCC(=O)N(Cc2ccccc2)CC(=O)N(C)CC(=O)N1,-8.0,valid
CC1COc2ccccc2C(=O)NC(C(=O)NCc2ccc(CN3CCOCC3)cc2)CC(=O)NC(CC(N)=O)C(=O)NC(C(C)C)C(=O)N1,-6.959,valid
CCC(C)C1NC(=O)CC(C(=O)NCc2ccc(CN3CCOCC3)cc2)NC(=O)c2ccccc2OCCNC1=O,-5.519,valid
O=C1CC(C(=O)NCc2cccc(CN3CCOCC3)c2)NC(=O)c2ccccc2OCCNC(=O)C(CO)N1,-7.523,valid
CN1CCOc2ccccc2C(=O)NC(C(=O)NCc2ccc(CN3CCOCC3)cc2)CCC(=O)N(C)CC1=O,-6.62,valid
CN1CCOc2ccccc2C(=O)NCCCOc2ccccc2C(=O)NC(C(=O)NCc2ccc(CN3CCOCC3)cc2)CCC1=O,-6.959,valid
CC1(C)NC(=O)CC(C(=O)NCc2ccc(CN3CCOCC3)cc2)NC(=O)c2ccccc2OCCCNC(=O)C(Cc2ccccc2)NC1=O,-7.222,valid
CN1CCOc2ccccc2C(=O)NC(C(=O)NCc2ccc(CN3CCOCC3)cc2)CCC(=O)NC(Cc2ccccc2)C1=O,-6.62,valid
O=C1CC(C(=O)NCc2ccc(CN3CCOCC3)cc2)NC(=O)c2ccccc2OCC2CCCN2C(=O)C(Cc2ccccc2)N1,-6.959,valid
CC(C)CC1COc2ccccc2C(=O)NC(C(=O)NCc2ccc(CN3CCOCC3)cc2)CCC(=O)NC(Cc2ccccc2)C(=O)N(C)CC(=O)N1,-7.0,valid
CC1COc2ccccc2C(=O)NC(C(=O)NCc2ccc(CN3CCOCC3)cc2)CC(=O)NC(C)C(=O)NC(C(C)C)C(=O)N1,-7.097,valid
CC(C)C1NC(=O)C2(CCCCC2)NC(=O)CC(C(=O)NCc2ccc(CN3CCOCC3)cc2)NC(=O)c2ccccc2OCCNC1=O,-7.0,valid
O=C1CC(C(=O)NCc2ccc(CN3CCOCC3)cc2)NC(=O)c2ccccc2OCCNC(=O)C(Cc2ccc(O)cc2)N1,-7.222,valid
CN1CCOc2ccccc2C(=O)NCCCOc2ccccc2C(=O)NC(C(=O)NCc2cccc(CN3CCOCC3)c2)CCC1=O,-7.398,valid
CC1COc2ccccc2C(=O)NC(C(=O)NCc2ccc(CN3CCOCC3)cc2)CC(=O)NC(Cc2ccccc2)C(=O)NC(C(C)C)C(=O)N1,-7.155,valid
CC(C)CC1COc2ccccc2C(=O)NC(C(=O)NCc2ccc(CN3CCOCC3)cc2)CCC(=O)NC(c2ccccc2)C(=O)N(C)CC(=O)N1,-6.62,valid
CC1COc2ccccc2C(=O)NC(C(=O)NCc2ccc(CN3CCOCC3)cc2)CC(=O)NC(C(C)O)C(=O)NC(C(C)C)C(=O)N1,-6.886,valid
CC(C)C1NC(=O)CC(C(=O)NCc2cccc(CN3CCOCC3)c2)NC(=O)c2ccccc2OCCCNC1=O,-7.523,valid
CC1COc2ccccc2C(=O)NC(C(=O)NCc2ccc(CN3CCOCC3)cc2)CC(=O)N(C)C(Cc2ccccc2)C(=O)NC(C(C)C)C(=O)N1,-6.066,valid
CC(C)C1NC(=O)C(CCC(N)=O)NC(=O)CC(C(=O)NCc2cccc(CN3CCOCC3)c2)NC(=O)c2ccccc2OCCNC1=O,-7.155,valid
O=C1CC(C(=O)NCc2cccc(CN3CCOCC3)c2)NC(=O)c2ccccc2OCCNC(=O)C(Cc2ccc(O)cc2)N1,-6.398,valid
CC(C)C1NC(=O)C(CC(N)=O)NC(=O)CC(C(=O)NCc2ccc(CN3CCOCC3)cc2)NC(=O)c2ccccc2OCCNC1=O,-6.796,valid
CN1CCOc2ccccc2C(=O)NC(C(=O)NCc2ccc(CN3CCOCC3)cc2)CCC(=O)N2CCCC2C1=O,-6.921,valid
CC(C)CC1NC(=O)CCC(C(=O)NCc2ccc(CN3CCCCC3)cc2)NC(=O)c2ccccc2OCCN(C)C1=O,-7.301,valid
CC(C)C1NC(=O)CCC(C(=O)NCc2ccc(CN3CCOCC3)cc2)NC(=O)c2ccccc2OCCN(C)C1=O,-5.266,valid
CC(O)C1NC(=O)CC(C(=O)NCc2ccc(CN3CCCCC3)cc2)NC(=O)c2ccccc2OCCN(C)C1=O,-6.824,valid
CC(C)C1NC(=O)CC(C(=O)NCc2cccc(CN3CCCC3=O)c2)NC(=O)c2ccccc2OCCN(C)C1=O,-6.921,valid
CCC(C)C1NC(=O)CC(C(=O)NCc2cccc(CN3CCOCC3)c2)NC(=O)c2ccccc2OCCN(C)C1=O,-6.824,valid
CCC(C)C1NC(=O)CC(C(=O)NCc2ccc(CN3CCCC3=O)cc2)NC(=O)c2ccccc2OCCN(C)C1=O,-7.0,valid
CC(C)C1NC(=O)CC(C(=O)NCc2ccc(CN3CCOCC3)cc2)NC(=O)c2ccccc2OCCN(C)C1=O,-5.654,valid
CC(C)C1NC(=O)CC(C(=O)NCc2cccc(CN3CCOCC3)c2)NC(=O)c2ccccc2OCCN(C)C1=O,-5.842,valid
CC(C)C1NC(=O)CC(C(=O)NCc2ccc(CN3CCCC3=O)cc2)NC(=O)c2ccccc2OCCN(C)C1=O,-7.057,valid
CC1NC(=O)CC(C(=O)NCc2cccc(CN3CCOCC3)c2)NC(=O)c2ccccc2OCC(Cc2ccccc2)N(C)C1=O,-7.222,valid
CC(C)C1NC(=O)CC(C(=O)NCc2cccc(CN3CCOCC3)c2)NC(=O)c2ccccc2OCC2CCCN2C1=O,-7.046,valid
CC(O)C1NC(=O)CC(C(=O)NCc2ccc(CN3CCOCC3)cc2)NC(=O)c2ccccc2OCC2CCCN2C1=O,-5.583,valid
COC1CN(C(=O)c2ccccc2F)CC(CC(C)C)N(C(=O)CN2CCN(C(C)C)CC2)CCCCOCC(O)C1O,-6.509,valid
COC1CCN(CC(=O)N2CCCCOCC(O)C(O)C(OC)CN(C(=O)c3ccccc3F)CC2CC(C)C)CC1,-6.495,valid
COC1CN(C(=O)c2ccccc2F)CC(CC(C)C)N(C(=O)CN(C)C2CCOCC2)CCCCOCC(O)C1O,-6.237,valid
COCC(=O)N1CC(OC)C(O)C(O)COCCCCN(C(=O)/C=C/c2ccc3c(c2)OCO3)C(CC(C)C)C1,-6.721,valid
COCC(=O)N1CC(OC)C(O)C(O)COCCCCN(C(=O)/C=C/c2cccc(F)c2)C(CC(C)C)C1,-6.319,valid
COCC(=O)N1CC(OC)C(O)C(O)COCCCCN(C(=O)/C=C/c2ccc(Cl)cc2Cl)C(CC(C)C)C1,-5.453,valid
COC1CN(C(=O)c2ccccc2F)CC(CC(C)C)N(C(=O)CN(C)CCc2ccccn2)CCCCOCC(O)C1O,-6.553,valid
COC1CN(C(=O)c2ccccc2F)CC(CC(C)C)N(C(=O)/C=C/c2ccccc2)CCCCOCC(O)C1O,-5.592,valid
COC1CN(C(=O)c2ccccc2F)CC(CC(C)C)N(C(=O)/C=C/c2cccc(Br)c2)CCCCOCC(O)C1O,-5.564,valid
COCC(=O)N1CC(OC)C(O)C(O)COCCCCN(C(=O)/C=C/c2ccccc2)C(CC(C)C)C1,-6.409,valid
COc1ccc(/C=C/C(=O)N2CCCCOCC(O)C(O)C(OC)CN(C(=O)c3ccccc3F)CC2CC(C)C)cc1OC,-6.602,valid
COC1CN(C(=O)c2ccccc2F)CC(CC(C)C)N(C(=O)/C=C/c2cccc(C)c2)CCCCOCC(O)C1O,-5.425,valid
COCC(=O)N1CC(OC)C(O)C(O)COCCCCN(C(=O)/C=C/c2ccccc2F)C(CC(C)C)C1,-6.222,valid
COC1CN(C(=O)c2ccccc2F)CC(CC(C)C)N(C(=O)/C=C/c2cccs2)CCCCOCC(O)C1O,-5.788,valid
COC1CN(C(C)=O)CC(CC(C)C)N(C(=O)CN(C)CCc2ccccn2)CCCCOCC(O)C1O,-6.377,valid
COC1CN(C(=O)c2ccccc2F)CC(CC(C)C)N(C(=O)/C=C/c2ccc(Cl)cc2Cl)CCCCOCC(O)C1O,-5.917,valid
COCC(=O)N1CC(OC)C(O)C(O)COCCCCN(C(=O)/C=C/c2cccc(C)c2)C(CC(C)C)C1,-6.036,valid
COCCN(C)CC(=O)N1CCCCOCC(O)C(O)C(OC)CN(C(=O)c2ccccc2F)CC1CC(C)C,-6.387,valid
COCC(=O)N1CC(OC)C(O)C(O)COCCCCN(C(=O)/C=C/c2ccc(F)cc2Cl)C(CC(C)C)C1,-5.815,valid
COCC(=O)N1CC(OC)C(O)C(O)COCCCCN(C(=O)/C=C/c2cccc(Br)c2)C(CC(C)C)C1,-5.759,valid
COC1CN(C(=O)c2ccccc2F)CC(CC(C)C)N(C(=O)/C=C/c2cccc(F)c2)CCCCOCC(O)C1O,-5.526,valid
COC1CN(C(=O)c2ccccc2F)CC(CC(C)C)N(C(=O)/C=C/c2ccc3c(c2)OCO3)CCCCOCC(O)C1O,-6.022,valid
COC1CN(C(=O)c2ccccc2F)CC(CC(C)C)N(C(=O)/C=C/c2ccc(F)cc2Cl)CCCCOCC(O)C1O,-5.403,valid
COCC(=O)N1CC(OC)C(O)C(O)COCCCCN(C(=O)/C=C/c2ccc(OC)c(OC)c2)C(CC(C)C)C1,-7.155,valid
COCC(=O)N1CC(OC)C(O)C(O)COCCCCN(C(=O)/C=C/c2cccs2)C(CC(C)C)C1,-6.721,valid
COC1CN(C(=O)c2ccccc2F)CC(CC(C)C)N(C(=O)/C=C/c2ccccc2F)CCCCOCC(O)C1O,-5.53,valid
COC1CN(C(=O)c2ccccc2F)CC(CC(C)C)N(C(=O)/C=C/c2cccc(C(F)(F)F)c2)CCCCOCC(O)C1O,-5.441,valid
COC1CN(C(=O)c2ccccc2F)CC(CC(C)C)N(C(=O)CN2CC(O)C2)CCCCOCC(O)C1O,-6.886,valid
COC1CN(C(C)=O)CC(CC(C)C)N(C(=O)CN2CCN(c3ccccc3)CC2)CCCCOCC(O)C1O,-6.62,valid
COCC(=O)N1CC(OC)C(O)C(O)COCCCCN(C(=O)/C=C/c2cccc(C(F)(F)F)c2)C(CC(C)C)C1,-5.62,valid
COC1CN(C(C)=O)CC(CC(C)C)N(C(=O)/C=C/c2ccc(Cl)cc2Cl)CCCCOCC(O)C1O,-5.417,valid
COC1CN(C(C)=O)CC(CC(C)C)N(C(=O)/C=C/c2ccc3c(c2)OCO3)CCCCOCC(O)C1O,-6.622,valid
COC1CN(C(C)=O)CC(CC(C)C)N(C(=O)/C=C/c2ccc(F)cc2Cl)CCCCOCC(O)C1O,-5.672,valid
COC1CN(C(C)=O)CC(CC(C)C)N(C(=O)/C=C/c2cccc(Br)c2)CCCCOCC(O)C1O,-5.59,valid
COC1CN(C(C)=O)CC(CC(C)C)N(C(=O)/C=C/c2cccc(C)c2)CCCCOCC(O)C1O,-5.804,valid
COC1CN(C(C)=O)CC(CC(C)C)N(C(=O)/C=C/c2ccccc2)CCCCOCC(O)C1O,-6.272,valid
COC1CN(C(C)=O)CC(CC(C)C)N(C(=O)/C=C/c2cccc(F)c2)CCCCOCC(O)C1O,-6.12,valid
COc1ccc(C)cc1S(=O)(=O)N1CCN(CC(=O)N2CCCCOCC(O)C(O)C(OC)CN(C(C)=O)CC2CC(C)C)CC1,-6.748,valid
COC1CN(C(C)=O)CC(CC(C)C)N(C(=O)/C=C/c2ccccc2F)CCCCOCC(O)C1O,-5.991,valid
COC1CN(C(C)=O)CC(CC(C)C)N(C(=O)/C=C/c2cccs2)CCCCOCC(O)C1O,-6.492,valid
COc1ccc(/C=C/C(=O)N2CCCCOCC(O)C(O)C(OC)CN(C(C)=O)CC2CC(C)C)cc1OC,-6.921,valid
COC1CN(C(C)=O)CC(CC(C)C)N(C(=O)/C=C/c2cccc(C(F)(F)F)c2)CCCCOCC(O)C1O,-5.522,valid
COCC1CCCN1C(=O)C1CC(=O)NC(Cc2ccccc2)C(=O)N2CCCC2COc2ccccc2C(=O)N1,-6.26,valid
CC1CN(C(=O)C2CC(=O)NC(Cc3ccccc3)C(=O)N3CCCC3COc3ccccc3C(=O)N2)CC(C)O1,-6.721,valid
CCN1CCN(C(=O)C2CC(=O)NC(Cc3ccccc3)C(=O)N3CCCC3COc3ccccc3C(=O)N2)CC1,-6.745,valid
CC1NC(=O)CC(C(=O)NCCCN2CCCCCC2)NC(=O)c2ccccc2OCC2CCCN2C1=O,-7.0,valid
CC1NC(=O)CC(C(=O)NCc2ccc(CN3CCCCC3)cc2)NC(=O)c2ccccc2OCC2CCCN2C1=O,-6.854,valid
CCN1CCCC1CNC(=O)C1CC(=O)NC(C(C)C)C(=O)N2CCCC2COc2ccccc2C(=O)N1,-6.62,valid
O=C1CC(C(=O)NCCCN2CCCCCC2)NC(=O)c2ccccc2OCC2CCCN2C(=O)C(Cc2c[nH]c3ccccc23)N1,-7.699,valid
O=C1CC(C(=O)NCCCCN2CCCC2)NC(=O)c2ccccc2OCC2CCCN2C(=O)C(Cc2ccccc2)N1,-7.155,valid
CC1NC(=O)CC(C(=O)NCCN2CCCCC2)NC(=O)c2ccccc2OCC2CCCN2C1=O,-6.678,valid
CC(C)CC1COc2ccccc2C(=O)NC(C(=O)NCCCN2CCCCCC2)CC(=O)N2CCCC2C(=O)N1,-7.222,valid
CCN1CCCC1CNC(=O)C1CC(=O)NC(C)C(=O)N2CCCC2COc2ccccc2C(=O)N1,-7.097,valid
CC(O)C1NC(=O)CC(C(=O)NCCOc2ccc(F)cc2)NC(=O)c2ccccc2OCC2CCCN2C1=O,-7.097,valid
CC(O)C1NC(=O)CC(C(=O)NCCCn2ccc(C(F)(F)F)n2)NC(=O)c2ccccc2OCC2CCCN2C1=O,-7.398,valid
CCOc1ccc(CCCNC(=O)C2CC(=O)NC(Cc3ccccc3)C(=O)N3CCCC3COc3ccccc3C(=O)N2)cc1OC,-6.367,valid
COc1cc(C)ccc1OCCNC(=O)C1CC(=O)NC(C(C)C)C(=O)N2CCCC2COc2ccccc2C(=O)N1,-6.26,valid
COc1ccc(CCCNC(=O)C2CC(=O)NC(C(C)O)C(=O)N3CCCC3COc3ccccc3C(=O)N2)cc1OC,-6.678,valid
CC(C)C1NC(=O)CC(C(=O)NCCN2CCNC2=O)NC(=O)c2ccccc2OCC2CCCN2C1=O,-6.678,valid
CC(O)C1NC(=O)CC(C(=O)NCCc2ccc3c(c2)OCCO3)NC(=O)c2ccccc2OCC2CCCN2C1=O,-6.959,valid
O=C1CC(C(=O)NCCc2ccc(F)cc2)NC(=O)c2ccccc2OCC2CCCN2C(=O)C(Cc2ccc(O)cc2)N1,-6.959,valid
CC1NC(=O)CC(C(=O)NCc2cccc(CN3CCCC3=O)c2)NC(=O)c2ccccc2OCC2CCCN2C1=O,-6.553,valid
O=C1CC(C(=O)NCCOc2ccc(Cl)cc2)NC(=O)c2ccccc2OCC2CCCN2C(=O)C(Cc2ccccc2)N1,-6.62,valid
CC(O)C1NC(=O)CC(C(=O)NCCCc2ccccc2)NC(=O)c2ccccc2OCC2CCCN2C1=O,-6.796,valid
COc1ccc(OCCNC(=O)C2CC(=O)NC(Cc3ccccc3)C(=O)N3CCCC3COc3ccccc3C(=O)N2)cc1,-6.42,valid
COc1cccc(CCCNC(=O)C2CC(=O)NC(C(C)O)C(=O)N3CCCC3COc3ccccc3C(=O)N2)c1,-6.959,valid
COc1ccc(OCCNC(=O)C2CC(=O)NC(C)C(=O)N3CCCC3COc3ccccc3C(=O)N2)cc1,-6.824,valid
CC1NC(=O)CC(C(=O)NCCc2cnccn2)NC(=O)c2ccccc2OCC2CCCN2C1=O,-7.222,valid
COc1ccc(OCCNC(=O)C2CC(=O)NC(C(C)O)C(=O)N3CCCC3COc3ccccc3C(=O)N2)cc1,-6.699,valid
CC(O)C1NC(=O)CC(C(=O)NCC2CC2)NC(=O)c2ccccc2OCC(Cc2ccccc2)NC1=O,-7.301,valid
O=C1CC(C(=O)NCCCc2ccccc2)NC(=O)c2ccccc2OCC2CCCN2C(=O)C(Cc2ccccc2)N1,-5.676,valid
CC1NC(=O)CC(C(=O)NCCOc2ccc(F)cc2)NC(=O)c2ccccc2OCC2CCCN2C1=O,-6.886,valid
CC(O)C1NC(=O)CC(C(=O)NCc2ccc(CN3CCCC3=O)cc2)NC(=O)c2ccccc2OCC2CCCN2C1=O,-6.62,valid
COc1cccc(CCCNC(=O)C2CC(=O)NC(Cc3ccccc3)C(=O)N3CCCC3COc3ccccc3C(=O)N2)c1,-5.876,valid
CC(C)C1NC(=O)CC(C(=O)NCc2ccc(CN3CCCC3=O)cc2)NC(=O)c2ccccc2OCC2CCCN2C1=O,-7.097,valid
CC(C)C1NC(=O)CC(C(=O)NCCOCc2ccccc2Cl)NC(=O)c2ccccc2OCC2CCCN2C1=O,-5.947,valid
CC(C)C1NC(=O)CC(C(=O)NCCCN2CCCC2=O)NC(=O)c2ccccc2OCC2CCCN2C1=O,-7.222,valid
O=C1CC(C(=O)NCC2CC2)NC(=O)c2ccccc2OCC2CCCN2C(=O)C(Cc2ccccc2)N1,-6.921,valid
Cc1csc(CCCNC(=O)C2CC(=O)NC(CO)C(=O)N3CCCC3COc3ccccc3C(=O)N2)n1,-7.523,valid
Cc1ccc(C(C)C)c(OCCNC(=O)C2CC(=O)NC(C(C)C)C(=O)N3CCCC3COc3ccccc3C(=O)N2)c1,-5.365,valid
O=C1CC(C(=O)NCCCn2ccc(C(F)(F)F)n2)NC(=O)c2ccccc2OCC2CCCN2C(=O)C(Cc2ccccc2)N1,-6.237,valid
Cc1ccc(C(C)C)cc1OCCNC(=O)C1CC(=O)NC(C(C)C)C(=O)N2CCCC2COc2ccccc2C(=O)N1,-5.288,valid
Cc1nn(C)c(C)c1CCNC(=O)C1CC(=O)NC(Cc2ccccc2)C(=O)N2CCCC2COc2ccccc2C(=O)N1,-7.398,valid
CC(O)C1NC(=O)CC(C(=O)NCC2CC2)NC(=O)c2ccccc2OCC2CCCN2C1=O,-7.699,valid
CC1NC(=O)CC(C(=O)NCCc2ccc3c(c2)OCCO3)NC(=O)c2ccccc2OCC2CCCN2C1=O,-7.398,valid
O=C1CC(C(=O)NCCOc2ccc(F)cc2)NC(=O)c2ccccc2OCC2CCCN2C(=O)C(Cc2ccccc2)N1,-5.55,valid
O=C1CC(C(=O)NCCc2ccccn2)NC(=O)c2ccccc2OCC2CCCN2C(=O)C(Cc2ccccc2)N1,-7.222,valid
Cc1cc(OCCNC(=O)C2CC(=O)NC(C(C)C)C(=O)N3CCCC3COc3ccccc3C(=O)N2)ccc1Cl,-5.278,valid
Cc1cccc(OCCNC(=O)C2CC(=O)NC(C(C)C)C(=O)N3CCCC3COc3ccccc3C(=O)N2)c1C,-5.313,valid
COCCCNC(=O)C1CC(=O)NC(C)C(=O)N2CCCC2COc2ccccc2C(=O)N1,-7.523,valid
CC(O)C1NC(=O)CC(C(=O)NCCc2ccc(F)cc2)NC(=O)c2ccccc2OCC2CCCN2C1=O,-7.699,valid
CCOc1ccc(CCCNC(=O)C2CC(=O)NC(C(C)O)C(=O)N3CCCC3COc3ccccc3C(=O)N2)cc1OC,-8.0,valid
CC(C)C1NC(=O)CC(C(=O)NCCCN2CCOCC2)NC(=O)c2ccccc2OCC2CCCN2C1=O,-8.0,valid
CC(O)C1NC(=O)CC(C(=O)NCc2cccc(CN3CCCC3=O)c2)NC(=O)c2ccccc2OCC2CCCN2C1=O,-6.854,valid
O=C1CC(C(=O)NCCN2CCCC2=O)NC(=O)c2ccccc2OCC2CCCN2C(=O)C(Cc2ccccc2)N1,-7.699,valid
CC(C)C[C@@H]1NCCCCNC(=O)[C@H](Cc2ccc(O)cc2)NC(=O)[C@H](C)NC(=O)[C@H](Cc2ccccc2)NC1=O,-7.36,test
CC(C)C[C@@H]1NCCCCNC(=O)[C@H](C)NC(=O)[C@H](Cc2ccc(O)cc2)NC(=O)[C@H](Cc2ccccc2)NC1=O,-7.36,test
CC(C)C[C@@H]1NCCCCNC(=O)[C@H](Cc2ccccc2)NC(=O)[C@H](Cc2ccc(O)cc2)NC(=O)[C@H](C)NC1=O,-7.74,test
CC(C)C[C@@H]1NCCCCNC(=O)[C@H](Cc2ccc(O)cc2)NC(=O)[C@H](Cc2ccccc2)NC(=O)[C@H](C)NC1=O,-7.24,test
CC(C)C[C@@H]1NCCCCNC(=O)[C@H](C)NC(=O)[C@H](Cc2ccccc2)NC(=O)[C@H](Cc2ccc(O)cc2)NC1=O,-7.68,test
CC(C)C[C@@H]1NCCCCNC(=O)[C@H](Cc2ccccc2)NC(=O)[C@H](C)NC(=O)[C@H](Cc2ccc(O)cc2)NC1=O,-6.77,test
CC(C)C[C@@H]1NC(=O)[C@H](Cc2ccc(O)cc2)NCCCCNC(=O)[C@H](Cc2ccccc2)NC(=O)[C@H](C)NC1=O,-7.67,test
CC(C)C[C@@H]1NC(=O)[C@H](Cc2ccc(O)cc2)NCCCCNC(=O)[C@H](C)NC(=O)[C@H](Cc2ccccc2)NC1=O,-7.43,test
CC(C)C[C@@H]1NC(=O)[C@H](Cc2ccccc2)NC(=O)[C@H](C)NC(=O)[C@H](Cc2ccc(O)cc2)NCCCCNC1=O,-7.76,test
CC(C)C[C@@H]1NC(=O)[C@H](C)NC(=O)[C@H](Cc2ccc(O)cc2)NCCCCNC(=O)[C@H](Cc2ccccc2)NC1=O,-7.74,test
CC(C)C[C@@H]1NC(=O)[C@H](Cc2ccccc2)NC(=O)[C@H](Cc2ccc(O)cc2)NCCCCNC(=O)[C@H](C)NC1=O,-7.4,test
CC(C)C[C@@H]1NC(=O)[C@H](C)NC(=O)[C@H](Cc2ccccc2)NC(=O)[C@H](Cc2ccc(O)cc2)NCCCCNC1=O,-7.17,test
CC(C)C[C@@H]1NC(=O)[C@H](Cc2ccc(O)cc2)NC(=O)[C@H](Cc2ccccc2)NC(=O)[C@H](C)NCCCCNC1=O,-7.67,test
CC(C)C[C@@H]1NC(=O)[C@H](Cc2ccccc2)NC(=O)[C@H](C)NCCCCNC(=O)[C@H](Cc2ccc(O)cc2)NC1=O,-7.43,test
CC(C)C[C@@H]1NC(=O)[C@H](Cc2ccc(O)cc2)NC(=O)[C@H](C)NCCCCNC(=O)[C@H](Cc2ccccc2)NC1=O,-7.46,test
CC(C)C[C@@H]1NC(=O)[C@H](Cc2ccccc2)NC(=O)[C@H](Cc2ccc(O)cc2)NC(=O)[C@H](C)NCCCCNC1=O,-7.37,test
CC(C)C[C@@H]1NC(=O)[C@H](C)NCCCCNC(=O)[C@H](Cc2ccc(O)cc2)NC(=O)[C@H](Cc2ccccc2)NC1=O,-7.41,test
CC(C)C[C@@H]1NC(=O)[C@H](C)NCCCCNC(=O)[C@H](Cc2ccccc2)NC(=O)[C@H](Cc2ccc(O)cc2)NC1=O,-7.04,test
CC(C)C[C@@H]1NC(=O)[C@H](Cc2ccccc2)NCCCCNC(=O)[C@H](C)NC(=O)[C@H](Cc2ccc(O)cc2)NC1=O,-7.42,test
CC(C)C[C@@H]1NC(=O)[C@H](Cc2ccccc2)NCCCCNC(=O)[C@H](Cc2ccc(O)cc2)NC(=O)[C@H](C)NC1=O,-7.38,test
CC(C)C[C@@H]1NC(=O)[C@H](C)NC(=O)[C@H](Cc2ccc(O)cc2)NC(=O)[C@H](Cc2ccccc2)NCCCCNC1=O,-7.78,test
CC(C)C[C@@H]1NC(=O)[C@H](Cc2ccc(O)cc2)NC(=O)[C@H](Cc2ccccc2)NCCCCNC(=O)[C@H](C)NC1=O,-7.49,test
CC(C)C[C@@H]1NC(=O)[C@H](C)NC(=O)[C@H](Cc2ccccc2)NCCCCNC(=O)[C@H](Cc2ccc(O)cc2)NC1=O,-7.41,test
CC(C)C[C@@H]1NC(=O)[C@H](Cc2ccc(O)cc2)NC(=O)[C@H](C)NC(=O)[C@H](Cc2ccccc2)NCCCCNC1=O,-7.44,test
CC(C)C[C@@H]1NCCCCNC(=O)[C@@H](Cc2ccccc2)NC(=O)[C@H](C)NC(=O)[C@H](Cc2ccc(O)cc2)NC1=O,-7.02,test
CC(C)C[C@@H]1NCCCCNC(=O)[C@H](Cc2ccccc2)NC(=O)[C@@H](C)NC(=O)[C@H](Cc2ccc(O)cc2)NC1=O,-6.54,test
CC(C)C[C@@H]1NCCCCNC(=O)[C@H](Cc2ccccc2)NC(=O)[C@H](C)NC(=O)[C@@H](Cc2ccc(O)cc2)NC1=O,-7.21,test
CC(C)C[C@H]1NCCCCNC(=O)[C@H](Cc2ccccc2)NC(=O)[C@H](C)NC(=O)[C@H](Cc2ccc(O)cc2)NC1=O,-7.29,test
CC(C)C[C@@H]1NCCCCNC(=O)[C@@H](Cc2ccccc2)NC(=O)[C@@H](C)NC(=O)[C@H](Cc2ccc(O)cc2)NC1=O,-6.27,test
CC(C)C[C@@H]1NCCCCNC(=O)[C@@H](Cc2ccccc2)NC(=O)[C@H](C)NC(=O)[C@@H](Cc2ccc(O)cc2)NC1=O,-7.3,test
CC(C)C[C@H]1NCCCCNC(=O)[C@@H](Cc2ccccc2)NC(=O)[C@H](C)NC(=O)[C@H](Cc2ccc(O)cc2)NC1=O,-7.36,test
CC(C)C[C@@H]1NCCCCNC(=O)[C@H](Cc2ccccc2)NC(=O)[C@@H](C)NC(=O)[C@@H](Cc2ccc(O)cc2)NC1=O,-7.33,test
CC(C)C[C@H]1NCCCCNC(=O)[C@H](Cc2ccccc2)NC(=O)[C@@H](C)NC(=O)[C@H](Cc2ccc(O)cc2)NC1=O,-7.21,test
CC(C)C[C@H]1NCCCCNC(=O)[C@H](Cc2ccccc2)NC(=O)[C@H](C)NC(=O)[C@@H](Cc2ccc(O)cc2)NC1=O,-6.35,test
CC(C)C[C@@H]1NCCCCNC(=O)[C@H](Cc2ccccc2)NC(=O)[C@H](C)NC(=O)[C@H](Cc2ccc(OC(C)(C)C)cc2)NC1=O,-6.19,test
CC(C)C[C@@H]1NCCCCNC(=O)[C@H](Cc2ccccc2)N(C)C(=O)[C@H](C)NC(=O)[C@H](Cc2ccc(O)cc2)NC1=O,-6.55,test
CC(C)C[C@@H]1NCCCCNC(=O)[C@H](Cc2ccccc2)NC(=O)[C@H](C)N(C)C(=O)[C@H](Cc2ccc(O)cc2)NC1=O,-5.96,test
CC(C)C[C@@H]1NCCCCNC(=O)[C@H](Cc2ccccc2)NC(=O)[C@H](C)NC(=O)[C@H](Cc2ccc(O)cc2)N(C)C1=O,-6.64,test
COc1ccc(C[C@@H]2NC(=O)[C@H](CC(C)C)NCCCCNC(=O)[C@H](Cc3ccccc3)NC(=O)[C@H](C)NC2=O)cc1,-7.54,test
CC(C)C[C@@H]1NCCCCNC(=O)[C@H](Cc2ccccc2)NC(=O)[C@H](C)NC(=O)[C@@H](Cc2ccc(OC(C)(C)C)cc2)NC1=O,-6.17,test
CC(C)C[C@@H]1NCCCCNC(=O)[C@H](Cc2ccccc2)NC(=O)[C@H](Cc2ccc(O)cc2)N(C)C(=O)[C@H](C)NC1=O,-6.47,test
CC(C)C[C@@H]1NCCCCNC(=O)[C@H](Cc2ccccc2)NC(=O)[C@H](Cc2ccc(O)cc2)NC(=O)[C@H](C)N(C)C1=O,-7.53,test
CC(C)C[C@@H]1NC(=O)[C@H](C)NC(=O)[C@H](Cc2ccccc2)NCCCNC1=O,-4.9,test
CC(C)C[C@@H]1NC(=O)[C@H](C)NC(=O)[C@H](Cc2ccccc2)NCCCCNC1=O,-4.7,test
CC(C)C[C@@H]1NC(=O)[C@H](C)NC(=O)[C@H](Cc2ccccc2)NCCCCCNC1=O,-4.6,test
CC(C)C[C@@H]1NC(=O)[C@H](C)NC(=O)[C@H](Cc2ccccc2)NCCCCCCNC1=O,-4.6,test
CC(C)C[C@@H]1NC(=O)[C@H](C)NC(=O)[C@H](Cc2ccccc2)NCCCCCCCNC1=O,-4.6,test
CC(C)C[C@@H]1NC(=O)[C@H](C)NC(=O)[C@H](Cc2ccccc2)NCCCCCCCCNC1=O,-4.7,test
CC(C)C[C@@H]1NC(=O)[C@H](C)NC(=O)[C@H](Cc2ccccc2)NCCCCCCCCCNC1=O,-4.5,test
CC(C)C[C@@H]1NC(=O)[C@H](C)NC(=O)[C@H](Cc2ccccc2)NCCCCCCCCCCNC1=O,-4.5,test
CC(C)C[C@@H]1NC(=O)[C@H](Cc2ccccc2)NCCCCCCNC(=O)[C@H](C)NC1=O,-4.5,test
CC(C)C[C@@H]1NC(=O)[C@H](Cc2ccccc2)NC(=O)[C@H](C)NCCCCCCNC1=O,-4.2,test
CC(C)C[C@@H]1NC(=O)[C@H](C)NCCCCCCNC(=O)[C@H](Cc2ccccc2)NC1=O,-4.5,test
CC(C)C[C@@H]1NCCCCCCNC(=O)[C@H](C)NC(=O)[C@H](Cc2ccccc2)NC1=O,-4.5,test
CC(C)C[C@@H]1NCCCCCCNC(=O)[C@H](Cc2ccccc2)NC(=O)[C@H](C)NC1=O,-4.5,test
CC(C)C[C@H]1NC(=O)[C@H](C)NC(=O)[C@H](Cc2ccccc2)NCCCCCCNC1=O,-4.5,test
CC(C)C[C@@H]1NC(=O)[C@@H](C)NC(=O)[C@H](Cc2ccccc2)NCCCCCCNC1=O,-4.7,test
CC(C)C[C@@H]1NC(=O)[C@H](C)NC(=O)[C@@H](Cc2ccccc2)NCCCCCCNC1=O,-4.4,test
CC(C)C[C@H]1NC(=O)[C@@H](C)NC(=O)[C@H](Cc2ccccc2)NCCCCCCNC1=O,-4.9,test
CC(C)C[C@H]1NC(=O)[C@H](C)NC(=O)[C@@H](Cc2ccccc2)NCCCCCCNC1=O,-4.8,test
CC(C)C[C@@H]1NC(=O)[C@@H](C)NC(=O)[C@@H](Cc2ccccc2)NCCCCCCNC1=O,-4.8,test
CC(C)C[C@H]1NC(=O)[C@@H](C)NC(=O)[C@@H](Cc2ccccc2)NCCCCCCNC1=O,-4.9,test
CC(C)C[C@@H]1NC(=O)[C@H](Cc2ccc(O)cc2)NC(=O)[C@H](C)NCCCCCCNC1=O,-6.7,test
CC(C)C[C@@H]1NC(=O)[C@@H](Cc2ccc(O)cc2)NC(=O)[C@@H](C)NCCCCCCNC1=O,-6.6,test
CCN1CCOc2ccccc2CCCCC2(CN(C(=O)CN3CCCC3)CCO2)C1=O,-5.487,test
CCN1CCOc2ccccc2CCCCC2(CN(C(=O)CCN3CCCC3)CCO2)C1=O,-6.032,test
CCN1CCOc2ccccc2CCCCC2(CN(C(=O)CN(C)C3CCCC3)CCO2)C1=O,-5.407,test
CCN1CCOc2ccccc2CCCCC2(CN(C(=O)C3CCN(C)CC3)CCO2)C1=O,-5.967,test
CCN1CCOc2ccccc2CCCCC2(CN(C(=O)CN3CCC(C)CC3)CCO2)C1=O,-5.092,test
CCN1CCN(CC(=O)N2CCOC3(CCCCc4ccccc4OCCN(CC)C3=O)C2)CC1,-5.635,test
CCN1CCOc2ccccc2CCCCC2(CN(C(=O)CN3CCCCC3)CCO2)C1=O,-5.161,test
CCN1CCOc2ccccc2CCCCC2(CN(C(=O)CCN3CCCCC3)CCO2)C1=O,-5.366,test
CCN1CCOc2ccccc2CCCCC2(CN(C(=O)CCN3CCCCCC3)CCO2)C1=O,-5.211,test
CCN1CCOc2ccccc2CCCCC2(CN(C(=O)CCCCN)CCO2)C1=O,-5.611,test
CCN1CCOc2ccccc2CCCCC2(CN(C(=O)c3ccnn3C(C)C)CCO2)C1=O,-5.484,test
CCN1CCOc2ccccc2CCCCC2(CN(C(=O)CNS(C)(=O)=O)CCO2)C1=O,-5.876,test
CCN1CCOc2ccccc2CCCCC2(CN(C(=O)c3ccc4c(c3)OCO4)CCO2)C1=O,-5.582,test
CCN1CCOc2ccccc2CCCCC2(CN(C(=O)CCc3cccnc3)CCO2)C1=O,-5.148,test
CCc1cc(C(=O)N2CCOC3(CCCCc4ccccc4OCCN(CC)C3=O)C2)no1,-5.668,test
CCN1CCOc2ccccc2CCCCC2(CN(C(=O)CN(C)C)CCO2)C1=O,-5.257,test
CCN1CCOc2ccccc2CCCCC2(CN(C(=O)Cc3cccnc3)CCO2)C1=O,-5.116,test
CCN1CCOc2ccccc2CCCCC2(CN(C(=O)CN3Cc4ccccc4C3=O)CCO2)C1=O,-5.321,test
CCN1CCOc2ccccc2CCCCC2(CN(C(=O)c3nccc4ccccc34)CCO2)C1=O,-5.529,test
CCN1CCOc2ccccc2CCCCC2(CN(C(=O)c3cccc4ncccc34)CCO2)C1=O,-5.365,test
CCN1CCOc2ccccc2CCCCC2(CN(C(=O)c3nnn(-c4ccccc4F)c3C)CCO2)C1=O,-5.77,test
CCN1CCOc2ccccc2CCCCC2(CN(C(=O)c3cnn4cccnc34)CCO2)C1=O,-5.686,test
CCN1CCOc2ccccc2CCCCC2(CN(C(=O)c3cccc4cccnc34)CCO2)C1=O,-5.295,test
CCN1CCOc2ccccc2CCCCC2(CN(C(=O)Cc3c(C)nc4ccccn34)CCO2)C1=O,-5.536,test
CCc1cc(C(=O)N2CCOC3(CCCCc4ccccc4OCCN(CC)C3=O)C2)on1,-5.554,test
CCN1CCOc2ccccc2CCCCC2(CN(C(=O)c3nc(C)n(-c4ccccc4)n3)CCO2)C1=O,-5.845,test
CCN1CCOc2ccccc2CCCCC2(CN(C(=O)c3n[nH]c4ccccc34)CCO2)C1=O,-5.777,test
CCN1CCOc2ccccc2CCCCC2(CN(C(=O)c3c(C(C)C)noc3C)CCO2)C1=O,-5.682,test
CCN1CCOc2ccccc2CCCCC2(CN(C(=O)c3ccccc3OC)CCO2)C1=O,-5.425,test
CCN1CCOc2ccccc2CCCCC2(CN(C(=O)CCn3cnc4ccccc43)CCO2)C1=O,-5.595,test
CCN1CCOc2ccccc2CCCCC2(CN(C(=O)c3ccc4ccccc4n3)CCO2)C1=O,-5.81,test
CCN1CCOc2ccccc2CCCCC2(CN(C(=O)CCN3CCCC3=O)CCO2)C1=O,-5.857,test
CCN1CCOc2ccccc2CCCCC2(CN(C(=O)c3ccccc3)CCO2)C1=O,-5.476,test
CCN1CCOc2ccccc2CCCCC2(CN(C(=O)Cn3nnc4ccccc43)CCO2)C1=O,-6.194,test
CCN1CCOc2ccccc2CCCCC2(CN(C(=O)c3cccc(COC)c3)CCO2)C1=O,-5.382,test
CCN1CCOc2ccccc2CCCCC2(CN(C(=O)Cn3nc(C)cc3C)CCO2)C1=O,-5.277,test
CCN1CCOc2ccccc2CCCCC2(CN(C(=O)c3cccc(OC)c3)CCO2)C1=O,-5.606,test
CCN1CCOc2ccccc2CCCCC2(CN(C(=O)c3ccno3)CCO2)C1=O,-5.228,test
CCN1CCOc2ccccc2CCCCC2(CN(C(=O)Cc3ccccc3OC)CCO2)C1=O,-5.932,test
CCN1CCOc2ccccc2CCCCC2(CN(C(=O)CC3CC3)CCO2)C1=O,-5.379,test
CCN1CCOc2ccccc2CCCCC2(CN(C(=O)Cn3ccc(C(F)(F)F)n3)CCO2)C1=O,-6.081,test
CCN1CCOc2ccccc2CCCCC2(CN(C(=O)c3cn4c(C)cccc4n3)CCO2)C1=O,-5.327,test
CCN1CCOc2ccccc2CCCCC2(CN(C(=O)C(C)(C)OC)CCO2)C1=O,-5.325,test
CCN1CCOc2ccccc2CCCCC2(CN(C(=O)CCCn3cncn3)CCO2)C1=O,-5.564,test
CCN1CCOc2ccccc2CCCCC2(CN(C(=O)CN3CCC(C(N)=O)CC3)CCO2)C1=O,-6.387,test
CCN1CCOc2ccccc2CCCCC2(CN(C(=O)c3cccnn3)CCO2)C1=O,-5.399,test
CCN1CCOc2ccccc2CCCCC2(CN(C(=O)CCn3ccnc3)CCO2)C1=O,-5.896,test
CCN1CCOc2ccccc2CCCCC2(CN(C(=O)Cc3csc(C)n3)CCO2)C1=O,-5.234,test
CCN1CCOc2ccccc2CCCCC2(CN(C(=O)c3ccccc3F)CCO2)C1=O,-5.556,test
CCN1CCOc2ccccc2CCCCC2(CN(C(=O)c3ccnc(NC(C)=O)c3)CCO2)C1=O,-6.056,test
CCN1CCOc2ccccc2CCCCC2(CN(C(=O)CCc3c(C)n[nH]c3C)CCO2)C1=O,-5.896,test
CCN1CCOc2ccccc2CCCCC2(CN(C(=O)CCc3c(C)noc3C)CCO2)C1=O,-5.432,test
CCN1CCOc2ccccc2CCCCC2(CN(C(=O)c3ccc4ncccc4c3)CCO2)C1=O,-5.359,test
CCN1CCOc2ccccc2CCCCC2(CN(C(=O)c3cncc(C)c3)CCO2)C1=O,-5.077,test
CCN1CCOc2ccccc2CCCCC2(CN(C(=O)c3nnn(-c4ccccc4)c3C)CCO2)C1=O,-6.102,test
CCN1CCOc2ccccc2CCCCC2(CN(C(=O)c3cc(C(C)C)no3)CCO2)C1=O,-6.137,test
CCN1CCOc2ccccc2CCCCC2(CN(C(=O)c3cccc(C)c3)CCO2)C1=O,-5.721,test
CCN1CCOc2ccccc2CCCCC2(CN(C(=O)c3cccc(C)n3)CCO2)C1=O,-5.088,test
CCN1CCOc2ccccc2CCCCC2(CN(C(=O)c3cc(C)n(CC)n3)CCO2)C1=O,-5.331,test
CCN1CCOc2ccccc2CCCCC2(CN(C(=O)c3cc(C)no3)CCO2)C1=O,-5.298,test
CCN1CCOc2ccccc2CCCCC2(CN(C(=O)c3ccc(C)nc3)CCO2)C1=O,-5.212,test
CCN1CCOc2ccccc2CCCCC2(CN(C(=O)c3cnc4ccccc4c3)CCO2)C1=O,-5.777,test
CCN1CCOc2ccccc2CCCCC2(CN(C(=O)c3ccc(=O)n(-c4ccc(F)cc4)n3)CCO2)C1=O,-6.004,test
CCN1CCOc2ccccc2CCCCC2(CN(C(=O)c3cccc(F)c3)CCO2)C1=O,-5.686,test
CCN1CCOc2ccccc2CCCCC2(CN(C(=O)c3ccnn3C)CCO2)C1=O,-5.186,test
CCN1CCOc2ccccc2CCCCC2(CN(C(=O)Cn3ncc4ccccc4c3=O)CCO2)C1=O,-5.554,test
CCN1CCOc2ccccc2CCCCC2(CN(C(=O)c3ncccc3C)CCO2)C1=O,-5.078,test
CCN1CCOc2ccccc2CCCCC2(CN(C(=O)Cn3cc(C)cn3)CCO2)C1=O,-5.156,test
CCN1CCOc2ccccc2CCCCC2(CN(C(=O)c3cc(C)on3)CCO2)C1=O,-5.421,test
CCN1CCOc2ccccc2CCCCC2(CN(C(=O)Cn3ccnc3C)CCO2)C1=O,-6.222,test
CCN1CCOc2ccccc2CCCCC2(CN(C(=O)c3cnn(CC)c3)CCO2)C1=O,-5.229,test
CCN1CCOc2ccccc2CCCCC2(CN(C(=O)Cc3c(C)n[nH]c3C)CCO2)C1=O,-6.432,test
CCN1CCOc2ccccc2CCCCC2(CN(C(=O)C3CCN(C(=O)OC(C)(C)C)CC3)CCO2)C1=O,-5.654,test
CCN1CCOc2ccccc2CCCCC2(CN(C(=O)CCc3cnn(C)c3C)CCO2)C1=O,-5.165,test
CCN1CCOc2ccccc2CCCCC2(CN(C(=O)CCc3cnn(C)c3)CCO2)C1=O,-5.256,test
CCN1CCOc2ccccc2CCCCC2(CN(C(=O)c3sc(C)nc3C)CCO2)C1=O,-5.172,test
CCN1CCOc2ccccc2CCCCC2(CN(C(=O)CNC(=O)OC(C)(C)C)CCO2)C1=O,-5.396,test
CCN1CCOc2ccccc2CCCCC2(CN(C(=O)Cn3cnc4ccccc4c3=O)CCO2)C1=O,-5.527,test
CCN1CCOc2ccccc2CCCCC2(CN(C(=O)c3cnc(C4CC4)nc3)CCO2)C1=O,-5.35,test
CCN1CCOc2ccccc2CCCCC2(CN(C(=O)Cn3cccn3)CCO2)C1=O,-5.162,test
CCN1CCOc2ccccc2CCCCC2(CN(C(=O)c3cnco3)CCO2)C1=O,-5.107,test
CCN1CCOc2ccccc2CCCCC2(CN(C(=O)Cn3cnc4ccccc43)CCO2)C1=O,-5.706,test
CCN1CCOc2ccccc2CCCCC2(CN(C(=O)c3cnn(C)c3)CCO2)C1=O,-5.285,test
CCN1CCOc2ccccc2CCCCC2(CN(C(=O)c3cnc(C)nc3C)CCO2)C1=O,-5.155,test
CCN1CCOc2ccccc2CCCCC2(CN(C(=O)CNC(C)=O)CCO2)C1=O,-6.013,test
CCN1CCOc2ccccc2CCCCC2(CN(C(=O)C3CCC(F)(F)CC3)CCO2)C1=O,-5.533,test
CCN1CCOc2ccccc2CCCCC2(CN(C(=O)CCCn3cccn3)CCO2)C1=O,-5.18,test
CCN1CCOc2ccccc2CCCCC2(CN(C(=O)c3cncnc3C)CCO2)C1=O,-5.231,test
CCc1nccn1CC(=O)N1CCOC2(CCCCc3ccccc3OCCN(CC)C2=O)C1,-5.78,test
CCN1CCOc2ccccc2CCCCC2(CN(C(=O)C(C)(C)NC(=O)Cc3ccc(F)cc3)CCO2)C1=O,-5.331,test
CCN1CCOc2ccccc2CCCCC2(CN(C(=O)c3ccc(F)cc3)CCO2)C1=O,-5.714,test
CCN1CCOc2ccccc2CCCCC2(CN(C(=O)c3c(C)noc3C)CCO2)C1=O,-5.303,test
CCN1CCOc2ccccc2CCCCC2(CN(C(=O)CN3CCOCC3)CCO2)C1=O,-5.126,test
CCN1CCOc2ccccc2CCCCC2(CN(C(=O)c3ccn(C)n3)CCO2)C1=O,-5.223,test
CCN1CCOc2ccccc2CCCCC2(CN(C(=O)c3ncccn3)CCO2)C1=O,-5.963,test
CCN1CCOc2ccccc2CCCCC2(CN(C(=O)c3n[nH]c4c3CCCC4)CCO2)C1=O,-5.457,test
CCN1CCOc2ccccc2CCCCC2(CN(C(=O)c3scnc3C)CCO2)C1=O,-5.068,test
CCN1CCOc2ccccc2CCCCC2(CN(C(=O)C3CCN(C(C)=O)CC3)CCO2)C1=O,-6.066,test
CCN1CCOc2ccccc2CCCCC2(CN(C(=O)COc3cc(C)nc4ccccc34)CCO2)C1=O,-6.056,test
CCN1CCOc2ccccc2CCCCC2(CN(C(=O)COc3ccc(S(N)(=O)=O)cc3C)CCO2)C1=O,-7.046,test
CCN1CCOc2ccccc2CCCCC2(CN(C(=O)c3cn(C)nc3C)CCO2)C1=O,-5.226,test
CCN1CCOc2ccccc2CCCCC2(CN(C(=O)c3ccccn3)CCO2)C1=O,-5.059,test
CCN1CCOc2ccccc2CCCCC2(CN(C(=O)Cc3ccccc3)CCO2)C1=O,-5.914,test
CCN1CCOc2ccccc2CCCCC2(CN(C(=O)c3nnn(-c4ccc(F)cc4)c3C)CCO2)C1=O,-6.18,test
CCN1CCOc2ccccc2CCCCC2(CN(C(=O)CCc3ccccc3)CCO2)C1=O,-5.987,test
CCN1CCOc2ccccc2CCCCC2(CN(C(=O)c3cnc(N(C)C)nc3)CCO2)C1=O,-5.276,test
CCN1CCOc2ccccc2CCCCC2(CN(C(=O)c3cncnc3)CCO2)C1=O,-5.1,test
CCN1CCOc2ccccc2CCCCC2(CN(C(=O)c3ccccc3Cl)CCO2)C1=O,-6.046,test
CCN1CCOc2ccccc2CCCCC2(CN(C(=O)Cn3c(C)nc4ccccc43)CCO2)C1=O,-5.772,test
CCN1CCOc2ccccc2CCCCC2(CN(C(=O)c3cn(CC)nc3C)CCO2)C1=O,-5.046,test
CCN1CCOc2ccccc2CCCCC2(CN(C(=O)c3cc(C(C)C)nn3CC)CCO2)C1=O,-5.971,test
CCN1CCOc2ccccc2CCCCC2(CN(C(=O)COc3cccc4cccnc34)CCO2)C1=O,-5.714,test
CCN1CCOc2ccccc2CCCCC2(CN(C(=O)c3ccccc3C)CCO2)C1=O,-5.676,test
CCN1CCOc2ccccc2CCCCC2(CN(C(=O)c3cnc(C)nc3)CCO2)C1=O,-5.023,test
CCN1CCOc2ccccc2CCCCC2(CN(C(=O)c3cc(CC(C)C)nn3C)CCO2)C1=O,-6.155,test
CCN1CCOc2ccccc2CCCCC2(CN(C(=O)C3CCOCC3)CCO2)C1=O,-4.963,test
CCN1CCOc2ccccc2CCCCC2(CN(C(=O)c3cncs3)CCO2)C1=O,-5.066,test
CCN1CCOc2ccccc2CCCCC2(CN(C(=O)c3cc[nH]n3)CCO2)C1=O,-5.412,test
CCN1CCOc2ccccc2CCCCC2(CN(C(=O)Cc3cccc(OC)c3)CCO2)C1=O,-6.268,test
CCN1CCOc2ccccc2CCCCC2(CN(C(=O)c3ccc(F)cc3F)CCO2)C1=O,-5.914,test
CCN1CCOc2ccccc2CCCCC2(CN(C(=O)c3cnccn3)CCO2)C1=O,-4.983,test
CCN1CCOc2ccccc2CCCCC2(CN(C(=O)c3ccnc(C)n3)CCO2)C1=O,-4.973,test
CCN1CCOc2ccccc2CCCCC2(CN(C(=O)c3c(F)cccc3F)CCO2)C1=O,-5.91,test
CCN1CCOc2ccccc2CCCCC2(CN(C(=O)c3ccncn3)CCO2)C1=O,-4.926,test
CCN1CCOc2ccccc2CCCCC2(CN(C(=O)c3cccc(Cc4ccccc4)n3)CCO2)C1=O,-6.357,test
CCN1CCOc2ccccc2CCCCC2(CN(C(=O)c3cc(OC)cc(OC)c3)CCO2)C1=O,-6.495,test
CCN1CCOc2ccccc2CCCCC2(CN(C(=O)c3cc(F)ccc3F)CCO2)C1=O,-5.955,test
CCN1CCOc2ccccc2CCCCC2(CN(C(=O)c3ocnc3C)CCO2)C1=O,-4.985,test
CCN1CCOc2ccccc2CCCCC2(CN(C(=O)c3coc(C)n3)CCO2)C1=O,-5.118,test
CCN1CCOc2ccccc2CCCCC2(CN(C(=O)Cc3ccc(F)cc3)CCO2)C1=O,-6.26,test
CCN1CCOc2ccccc2CCCCC2(CN(C(=O)c3ccc(C)n(C)c3=O)CCO2)C1=O,-6.854,test
CCCn1cc(Cl)c(C(=O)N2CCOC3(CCCCc4ccccc4OCCN(CC)C3=O)C2)n1,-6.276,test
CCN1CCOc2ccccc2CCCCC2(CN(C(=O)c3ncoc3C)CCO2)C1=O,-5.059,test
CCN1CCOc2ccccc2CCCCC2(CN(C(=O)c3c(C)n(C)c4ccccc34)CCO2)C1=O,-6.244,test
CCN1CCOc2ccccc2CCCCC2(CN(C(=O)c3cc(C)n(-c4ccccc4)n3)CCO2)C1=O,-6.319,test
CCN1CCOc2ccccc2CCCCC2(CN(C(=O)c3cc(F)cc(F)c3)CCO2)C1=O,-6.328,test
CCN1CCOc2ccccc2CCCCC2(CN(C(=O)c3ccccc3C(F)(F)F)CCO2)C1=O,-6.432,test
CCN1CCOc2ccccc2CCCCC2(CN(C(=O)COc3ccc(F)cc3)CCO2)C1=O,-6.481,test
CCN1CCOc2ccccc2CCCCC2(CN(C(=O)Cc3ccccc3F)CCO2)C1=O,-6.229,test
CCN1CCOc2ccccc2CCCCC2(CN(C(=O)Cc3ccccc3C)CCO2)C1=O,-6.367,test
CCN1CCOc2ccccc2CCCCC2(CN(C(=O)Cc3cccc(F)c3)CCO2)C1=O,-6.108,test
CCN1CCOc2ccccc2CCCCC2(CN(C(=O)COc3ccccc3F)CCO2)C1=O,-6.523,test
CC(C)C[C@H]1C(=O)N[C@@H](Cc2ccc(O)cc2)C(=O)N[C@@H](C)C(=O)N[C@@H](Cc2ccccc2)C(=O)NCCCCN1C,-6.49,test
CC(C)C[C@@H]1NCCCCNC(=O)[C@H](Cc2ccccc2)N(C)C(=O)[C@H](C)N(C)C(=O)[C@H](Cc2ccc(O)cc2)NC1=O,-6.18,test
CC(C)C[C@@H]1NCCCCNC(=O)[C@H](Cc2ccccc2)N(C)C(=O)[C@H](C)NC(=O)[C@H](Cc2ccc(O)cc2)N(C)C1=O,-6.56,test
CC(C)C[C@H]1C(=O)N[C@@H](Cc2ccc(O)cc2)C(=O)N[C@@H](C)C(=O)N(C)[C@@H](Cc2ccccc2)C(=O)NCCCCN1C,-6.58,test
CC(C)C[C@@H]1NCCCCNC(=O)[C@H](Cc2ccccc2)NC(=O)[C@H](C)N(C)C(=O)[C@H](Cc2ccc(O)cc2)N(C)C1=O,-6.47,test
CC(C)C[C@H]1C(=O)N[C@@H](Cc2ccc(O)cc2)C(=O)N(C)[C@@H](C)C(=O)N[C@@H](Cc2ccccc2)C(=O)NCCCCN1C,-6.81,test
CC(C)C[C@H]1C(=O)N(C)[C@@H](Cc2ccc(O)cc2)C(=O)N[C@@H](C)C(=O)N[C@@H](Cc2ccccc2)C(=O)NCCCCN1C,-6.48,test
CC(C)C[C@@H]1NCCCCNC(=O)[C@H](Cc2ccccc2)NC(=O)CN(C)C(=O)[C@H](Cc2ccc(O)cc2)NC1=O,-6.77,test
CC(C)C[C@@H]1NCCCCNC(=O)[C@H](Cc2ccccc2)NC(=O)[C@@H](C)N(C)C(=O)[C@@H](Cc2ccc(OC(C)(C)C)cc2)NC1=O,-6.16,test
CC(C)C[C@@H]1NCCCCNC(=O)[C@H](Cc2ccccc2)NC(=O)[C@H](C)N(C)C(=O)[C@@H](Cc2ccc(OC(C)(C)C)cc2)NC1=O,-5.34,test
CC(C)C[C@@H]1NCCCCNC(=O)[C@H](Cc2ccccc2)NC(=O)CN(C)C(=O)[C@@H](Cc2ccc(OC(C)(C)C)cc2)NC1=O,-5.63,test
COc1ccc(C[C@@H]2NC(=O)[C@H](CC(C)C)NCCCCNC(=O)[C@H](Cc3ccccc3)NC(=O)[C@H](C)N(C)C2=O)cc1,-5.76,test
COc1ccc(C[C@H]2NC(=O)[C@H](CC(C)C)NCCCCNC(=O)[C@H](Cc3ccccc3)NC(=O)[C@H](C)N(C)C2=O)cc1,-5.48,test
CC(C)C[C@@H]1NCCCCNC(=O)[C@H](Cc2ccccc2)NC(=O)[C@H](C)N(C)C(=O)[C@@H](Cc2ccccc2)NC1=O,-5.63,test
CC(C)C[C@@H]1NCCCCNC(=O)[C@H](Cc2ccccc2)NC(=O)[C@H](C)N(C)C(=O)[C@@H](Cc2ccc(C(F)(F)F)cc2)NC1=O,-5.32,test
CC(C)C[C@H]1C(=O)NCCCCCCN[C@@H](Cc2ccccc2)C(=O)N[C@@H](C)C(=O)N1C,-4.6,test
CC(C)CN1CC(=O)NCCCCCCN[C@@H](Cc2ccccc2)C(=O)N[C@@H](C)C1=O,-4.3,test
CC(C)C[C@@H]1NC(=O)[C@H](C)N(C)C(=O)[C@H](Cc2ccccc2)NCCCCCCNC1=O,-4.7,test
CC(C)C[C@@H]1NC(=O)CN(C)C(=O)[C@H](Cc2ccccc2)NCCCCCCNC1=O,-4.7,test
CC(C)C[C@@H]1NC(=O)[C@H](C)NC(=O)[C@H](Cc2ccccc2)N(C)CCCCCCNC1=O,-5.2,test
CC(C)C[C@@H]1NC(=O)[C@H](C)NC(=O)CN(Cc2ccccc2)CCCCCCNC1=O,-4.4,test
CC(C)C[C@@H]1NC(=O)[C@H](C)NC(=O)[C@H](Cc2ccccc2)NCCCCCCN(C)C1=O,-4.3,test
CC(=O)N1CCCCCCNC(=O)[C@H](CC(C)C)NC(=O)[C@H](C)NC(=O)[C@@H]1Cc1ccccc1,-5.1,test
CC(C)C[C@@H]1C(=O)NCCCCCCN[C@@H](Cc2ccccc2)C(=O)N[C@@H](C)C(=O)N1C,-4.6,test
CC(C)C[C@H]1C(=O)NCCCCCCN[C@@H](Cc2ccccc2)C(=O)N[C@H](C)C(=O)N1C,-4.6,test
CC(C)C[C@H]1NC(=O)[C@H](C)NC(=O)[C@H](Cc2ccccc2)NCCCCCCN(C)C1=O,-4.7,test
CC(C)C[C@@H]1NC(=O)[C@@H](C)NC(=O)[C@H](Cc2ccccc2)NCCCCCCN(C)C1=O,-4.6,test
CC(C)C[C@@H]1C(=O)N(C)CCCCCCN[C@@H](Cc2ccccc2)C(=O)N[C@@H](C)C(=O)N1C,-4.4,test
CC(C)C[C@H]1C(=O)NCCCCCCN[C@@H](Cc2ccccc2)C(=O)N(C)[C@H](C)C(=O)N1C,-4.6,test
CC(C)C[C@H]1C(=O)N(C)CCCCCCN[C@@H](Cc2ccccc2)C(=O)N[C@H](C)C(=O)N1C,-4.5,test
CC(C)C[C@H]1C(=O)N(C)CCCCCCN[C@@H](Cc2ccccc2)C(=O)N(C)[C@H](C)C(=O)N1C,-4.5,test
CC(C)C[C@@H]1NC(=O)[C@@H](C)N(C)C(=O)[C@H](Cc2ccccc2)NCCCCCCN(C)C1=O,-4.6,test
CC(C)CN1CC(=O)N(C)CCCCCCN[C@@H](Cc2ccccc2)C(=O)N[C@H](C)C1=O,-4.5,test
CC(C)C[C@H]1NC(=O)[C@@H](C)NCCCCCCNC(=O)[C@H](CO)NC1=O,-5.5,test
C[C@H]1NCCCCCCNC(=O)[C@H](Cc2ccc(O)cc2)NC(=O)[C@@H]2CCCN2C1=O,-7.8,test
CC(C)C[C@@H]1NC(=O)[C@H](C)NC(=O)[C@H](Cc2ccccc2)NCc2ccc([nH]2)CNC1=O,-7.72,test
CC(C)C[C@@H]1NC(=O)CN(C)C(=O)[C@H](Cc2ccccc2)NCc2ccc([nH]2)CNC1=O,-5.89,test
CC(C)C[C@H]1C(=O)NCc2ccc([nH]2)CN[C@@H](Cc2ccccc2)C(=O)N[C@@H](C)C(=O)N1C,-5.12,test
CC(C)C[C@@H]1NC(=O)[C@H](C)N(C)C(=O)[C@H](Cc2ccccc2)NCc2ccc([nH]2)CNC1=O,-5.01,test
CC(C)C[C@@H]1NC(=O)[C@H](C)NC(=O)[C@H](Cc2ccccc2)N(C)Cc2ccc([nH]2)CNC1=O,-5.11,test
CC(C)C[C@@H]1NC(=O)CN(C)C(=O)[C@H](Cc2ccccc2)NCc2ccc(n2C)CNC1=O,-5.93,test
CC(C)C[C@@H]1NC(=O)[C@H](C)N(C)C(=O)[C@H](Cc2ccccc2)NCc2ccc(n2C)CNC1=O,-6.3,test
CC(C)C[C@@H]1NC(=O)CN(C)C(=O)[C@H](Cc2ccccc2)NCc2cc(c[nH]2)CNC1=O,-6.76,test
CC(C)C[C@@H]1NC(=O)[C@H](C)N(C)C(=O)[C@H](Cc2ccccc2)NCc2cc(c[nH]2)CNC1=O,-7.53,test
CC(C)C[C@@H]1NC(=O)[C@H](C)N(C)C(=O)[C@H](Cc2ccccc2)NCc2cc(cn2C)CNC1=O,-6.61,test
CC(C)C[C@@H]1NC(=O)[C@H](C)NC(=O)[C@H](Cc2ccccc2)NCc2ccc(o2)CNC1=O,-5.49,test
CC(C)C[C@@H]1NC(=O)CN(C)C(=O)[C@H](Cc2ccccc2)NCc2ccc(o2)CNC1=O,-5.88,test
CC(C)C[C@H]1C(=O)NCc2ccc(o2)CN[C@@H](Cc2ccccc2)C(=O)N[C@@H](C)C(=O)N1C,-4.63,test
CC(C)C[C@@H]1NC(=O)[C@H](C)N(C)C(=O)[C@H](Cc2ccccc2)NCc2ccc(o2)CNC1=O,-5.14,test
CC(C)C[C@@H]1NC(=O)[C@H](C)NC(=O)[C@H](Cc2ccccc2)N(C)Cc2ccc(o2)CNC1=O,-4.93,test
CC(C)C[C@@H]1NC(=O)[C@H](C)NC(=O)[C@H](Cc2ccccc2)NCc2ccc(o2)CN(C)C1=O,-5.71,test
CC(C)C[C@@H]1NC(=O)CN(C)C(=O)[C@H](Cc2ccccc2)NCc2ccc(o2)CN(C)C1=O,-5.3,test
CC(C)C[C@H]1C(=O)N(C)Cc2ccc(o2)CN[C@@H](Cc2ccccc2)C(=O)N[C@@H](C)C(=O)N1C,-4.78,test
CC(C)C[C@@H]1NC(=O)[C@H](C)N(C)C(=O)[C@H](Cc2ccccc2)NCc2ccc(o2)CN(C)C1=O,-4.86,test
CC(C)C[C@@H]1NC(=O)[C@H](C)NC(=O)[C@H](Cc2ccccc2)N(C)Cc2ccc(o2)CN(C)C1=O,-5.22,test
CN1CCOc2ccccc2CCCCC2(CN(C(=O)CN3CCCC3)CCO2)C1=O,-5.699,test
CN1CCC(C(=O)N2CCOC3(CCCCc4ccccc4OCCN(C)C3=O)C2)CC1,-6.174,test
CN1CCOc2ccccc2CCCCC2(CN(C(=O)CCCCN)CCO2)C1=O,-6.444,test
Cc1cc(C(=O)N2CCOC3(CCCCc4ccccc4OCCN(C)C3=O)C2)nn1-c1ccccc1,-5.666,test
CN(CCC(=O)N1CCOC2(CCCCc3ccccc3OCCN(C)C2=O)C1)Cc1ccccn1,-5.446,test
CN1CCOc2ccccc2CCCCC2(CN(C(=O)c3ccccc3C(F)(F)F)CCO2)C1=O,-5.614,test
CN1CCOc2ccccc2CCCCC2(CN(C(=O)COc3cccc4cccnc34)CCO2)C1=O,-5.561,test
CN1CCOc2ccccc2CCCCC2(CN(C(=O)c3cc(F)ccc3F)CCO2)C1=O,-5.474,test
CN1CCOc2ccccc2CCCCC2(CN(C(=O)c3cnc4ccccc4c3)CCO2)C1=O,-5.435,test
CCn1cc(C(=O)N2CCOC3(CCCCc4ccccc4OCCN(C)C3=O)C2)cn1,-5.189,test
CN1CCOc2ccccc2CCCCC2(CN(C(=O)Cc3ccc(F)cc3)CCO2)C1=O,-5.578,test
CN1CCOc2ccccc2CCCCC2(CN(C(=O)COc3ccc(F)cc3)CCO2)C1=O,-5.86,test
CN1CCOc2ccccc2CCCCC2(CN(C(=O)Cc3ccccc3)CCO2)C1=O,-5.58,test
CN1CCOc2ccccc2CCCCC2(CN(C(=O)CN3CCOCC3)CCO2)C1=O,-5.348,test
COCc1cccc(C(=O)N2CCOC3(CCCCc4ccccc4OCCN(C)C3=O)C2)c1,-5.157,test
CN1CCOc2ccccc2CCCCC2(CN(C(=O)c3cccc(F)c3)CCO2)C1=O,-5.502,test
CN1CCOc2ccccc2CCCCC2(CN(C(=O)c3ccccc3)CCO2)C1=O,-5.228,test
CC(C)N1CCOc2ccccc2CCCCC2(CN(C(=O)CN3Cc4ccccc4C3=O)CCO2)C1=O,-5.754,test
Cc1ccccc1C(=O)N1CCOC2(CCCCc3ccccc3OCCN(C)C2=O)C1,-5.307,test
Cc1cc(S(N)(=O)=O)ccc1OCC(=O)N1CCOC2(CCCCc3ccccc3OCCN(C)C2=O)C1,-6.959,test
CN1CCOc2ccccc2CCCCC2(CN(C(=O)c3cnn(C)c3)CCO2)C1=O,-5.523,test
CCOCC(=O)N1CCOC2(CCCCc3ccccc3OCCN(C)C2=O)C1,-5.023,test
CN1CCOc2ccccc2CCCCC2(CN(C(=O)c3cccnn3)CCO2)C1=O,-5.712,test
CN1CCOc2ccccc2CCCCC2(CN(C(=O)CCc3cccnc3)CCO2)C1=O,-5.077,test
CN1CCOc2ccccc2CCCCC2(CN(C(=O)c3ccccc3F)CCO2)C1=O,-5.418,test
Cc1cccc(C(=O)N2CCOC3(CCCCc4ccccc4OCCN(C)C3=O)C2)c1,-5.519,test
CN1CCOc2ccccc2CCCCC2(CN(C(=O)Cn3nnc4ccccc43)CCO2)C1=O,-5.604,test
Cc1ccccc1CC(=O)N1CCOC2(CCCCc3ccccc3OCCN(C)C2=O)C1,-5.68,test
CN1CCOc2ccccc2CCCCC2(CN(C(=O)c3ccc(F)cc3)CCO2)C1=O,-5.352,test
CN1CCOc2ccccc2CCCCC2(CN(C(=O)Cn3c(=O)oc4ccccc43)CCO2)C1=O,-5.845,test
CN1CCOc2ccccc2CCCCC2(CN(C(=O)CNC(=O)c3ccccc3)CCO2)C1=O,-5.321,test
CN1CCOc2ccccc2CCCCC2(CN(C(=O)Cn3cnc4ccccc43)CCO2)C1=O,-5.69,test
CCc1cc(C(=O)N2CCOC3(CCCCc4ccccc4OCCN(C)C3=O)C2)no1,-5.499,test
CN1CCOc2ccccc2CCCCC2(CN(C(=O)c3ccc4ccccc4n3)CCO2)C1=O,-5.701,test
Cc1c(C(=O)N2CCOC3(CCCCc4ccccc4OCCN(C(C)C)C3=O)C2)nnn1-c1ccc(F)cc1,-6.036,test
Cc1cncc(C(=O)N2CCOC3(CCCCc4ccccc4OCCN(C)C3=O)C2)c1,-5.043,test
Cc1c(C(=O)N2CCOC3(CCCCc4ccccc4OCCN(C)C3=O)C2)nnn1-c1ccccc1,-5.413,test
CC(=O)Nc1cc(C(=O)N2CCOC3(CCCCc4ccccc4OCCN(C)C3=O)C2)ccn1,-6.276,test
CCCn1cc(Cl)c(C(=O)N2CCOC3(CCCCc4ccccc4OCCN(C)C3=O)C2)n1,-5.277,test
Cc1c(C(=O)N2CCOC3(CCCCc4ccccc4OCCN(C)C3=O)C2)nnn1-c1ccccc1F,-5.706,test
Cc1nn(C)cc1C(=O)N1CCOC2(CCCCc3ccccc3OCCN(C)C2=O)C1,-5.281,test
CN1CCOc2ccccc2CCCCC2(CN(C(=O)COc3ccccc3F)CCO2)C1=O,-5.91,test
Cc1ccc(C(=O)N2CCOC3(CCCCc4ccccc4OCCN(C)C3=O)C2)cc1F,-5.86,test
CC(=O)NCC(=O)N1CCOC2(CCCCc3ccccc3OCCN(C)C2=O)C1,-6.268,test
Cc1cc(C(=O)N2CCOC3(CCCCc4ccccc4OCCN(C)C3=O)C2)on1,-5.18,test
Cc1c(C(=O)N2CCOC3(CCCCc4ccccc4OCCN(C)C3=O)C2)nnn1-c1ccc(F)cc1,-5.51,test
CN1CCOc2ccccc2CCCCC2(CN(C(=O)CCc3ccccc3F)CCO2)C1=O,-5.857,test
CN1CCOc2ccccc2CCCCC2(CN(C(=O)C3CCN(C(=O)OC(C)(C)C)CC3)CCO2)C1=O,-5.439,test
CN1CCOc2ccccc2CCCCC2(CN(C(=O)CCCn3cccn3)CCO2)C1=O,-5.01,test
CC(C)N1CCOc2ccccc2CCCCC2(CN(C(=O)C3=NN(c4ccccc4)C(=O)C3)CCO2)C1=O,-6.056,test
CN1CCOc2ccccc2CCCCC2(CN(C(=O)Cn3cnc4ccccc4c3=O)CCO2)C1=O,-5.499,test
CN1CCOc2ccccc2CCCCC2(CN(C(=O)Cn3ncc4ccccc4c3=O)CCO2)C1=O,-5.516,test
CCn1nc(C(=O)N2CCOC3(CCCCc4ccccc4OCCN(C)C3=O)C2)c2ccccc2c1=O,-5.457,test
CN1CCOc2ccccc2CCCCC2(CN(C(=O)COc3ccccc3)CCO2)C1=O,-5.78,test
Cc1nc(C)c(C(=O)N2CCOC3(CCCCc4ccccc4OCCN(C)C3=O)C2)s1,-4.988,test
CN1CCOc2ccccc2CCCCC2(CN(C(=O)COc3ccc(F)cc3F)CCO2)C1=O,-6.092,test
Cc1ncc(C(=O)N2CCOC3(CCCCc4ccccc4OCCN(C)C3=O)C2)c(C)n1,-5.158,test
COCCC(=O)N1CCOC2(CCCCc3ccccc3OCCN(C)C2=O)C1,-4.942,test
CCc1noc(C)c1C(=O)N1CCOC2(CCCCc3ccccc3OCCN(C)C2=O)C1,-5.138,test
Cc1noc(C)c1C(=O)N1CCOC2(CCCCc3ccccc3OCCN(C)C2=O)C1,-5.073,test
CN1CCOc2ccccc2CCCCC2(CN(C(=O)/C=C/c3ccccc3)CCO2)C1=O,-6.155,test
CN1CCOc2ccccc2CCCCC2(CN(C(=O)C3CCOCC3)CCO2)C1=O,-4.943,test
Cc1ncoc1C(=O)N1CCOC2(CCCCc3ccccc3OCCN(C)C2=O)C1,-5.231,test
CCc1ccc(C(=O)N2CCOC3(CCCCc4ccccc4OCCN(C)C3=O)C2)cc1,-5.947,test
CN1CCOc2ccccc2CCCCC2(CN(C(=O)c3cncs3)CCO2)C1=O,-4.985,test
CN1CCOc2ccccc2CCCCC2(CN(C(=O)CCn3ccnc3)CCO2)C1=O,-6.244,test
Cc1cccnc1C(=O)N1CCOC2(CCCCc3ccccc3OCCN(C)C2=O)C1,-4.886,test
CN(CC(=O)N1CCOC2(CCCCc3ccccc3OCCN(C)C2=O)C1)C(=O)OC(C)(C)C,-5.213,test
CN1CCOc2ccccc2CCCCC2(CN(C(=O)c3cnco3)CCO2)C1=O,-5.127,test
Cc1n[nH]c(C)c1CC(=O)N1CCOC2(CCCCc3ccccc3OCCN(C)C2=O)C1,-6.886,test
CN1CCOc2ccccc2CCCCC2(CN(C(=O)c3ccnn3C)CCO2)C1=O,-4.948,test
Cc1cccc(C)c1OCC(=O)N1CCOC2(CCCCc3ccccc3OCCN(C)C2=O)C1,-6.155,test
Cc1nccn1CC(=O)N1CCOC2(CCCCc3ccccc3OCCN(C)C2=O)C1,-6.658,test
CN1CCOc2ccccc2CCCCC2(CN(C(=O)COc3cccc4c3OC(C)(C)C4)CCO2)C1=O,-6.409,test
CN1CCOc2ccccc2CCCCC2(CN(C(=O)c3cnccn3)CCO2)C1=O,-4.831,test
Cc1ncsc1C(=O)N1CCOC2(CCCCc3ccccc3OCCN(C)C2=O)C1,-4.85,test
Cc1ocnc1C(=O)N1CCOC2(CCCCc3ccccc3OCCN(C)C2=O)C1,-4.975,test
CN1CCOc2ccccc2CCCCC2(CN(C(=O)c3cn(C)cn3)CCO2)C1=O,-6.77,test
CN1CCOc2ccccc2CCCCC2(CN(C(=O)c3ccc4c(c3)CCC4)CCO2)C1=O,-6.187,test
Cc1nc(C(=O)N2CCOC3(CCCCc4ccccc4OCCN(C)C3=O)C2)co1,-4.998,test
CN1CCOc2ccccc2CCCCC2(CN(C(=O)c3ccn(C)n3)CCO2)C1=O,-4.836,test
