smiles,Tox21_NR_ER,group
C=CCCC#N,0.0,training
Nc1cc([N+](=O)[O-])ccc1C(=O)O,1.0,training
O=P(Oc1ccccc1)(Oc1ccccc1)Oc1ccccc1,1.0,training
C[N+](C)(C)CC(=O)O,0.0,training
CCCCC(CC)COC(=O)c1ccc(O)cc1,1.0,training
CNCc1ccc(NC(=O)c2c[nH]c3c2C(=O)CCC3)cc1,0.0,training
C[C@]12CC[C@H]3[C@@H](CC[C@@]45OC4C(=O)C(C#N)C[C@]35C)[C@@H]1CC[C@@H]2O,1.0,training
CCC(=O)OC/C=C/c1ccccc1,1.0,training
CCC(=O)O,0.0,training
c1cnccn1,0.0,training
CC(C)C(C(=O)OC(C#N)c1cccc(Oc2ccccc2)c1)c1ccc(Cl)cc1,1.0,training
Cc1cccc(C)c1,1.0,training
CCOC(=O)NC(=S)Nc1ccccc1NC(=S)NC(=O)OCC,1.0,training
CCOC(=O)c1ccc(OC(=O)CCCCCN=C(N)N)cc1,1.0,training
O=CO,0.0,training
CC(=O)Oc1ccc2c(c1)CC[C@@H]1[C@@H]2CC[C@]2(C)[C@@H](O)CC[C@@H]12,1.0,training
O=C(C=Cc1ccccc1)OCC=Cc1ccccc1,1.0,training
CCOC(=O)C(C)(C)Oc1ccc(Cl)cc1,1.0,training
CCCCCCC(=O)O[C@H]1CC[C@H]2[C@@H]3CCc4cc(O)ccc4[C@H]3CC[C@]12C,1.0,training
Oc1ccc(Cl)cc1Cl,0.0,training
CC(=O)Oc1c(C)cc(OCC(O)CNC(C)C)c(C)c1C,1.0,training
O=C(CS)Nc1ccccc1,1.0,training
CON=C(C(=O)NC1C(=O)N2C(C(=O)O)=C(COC(N)=O)CS[C@H]12)c1ccco1,1.0,training
ClC1=C(Cl)[C@]2(Cl)[C@@H]3[C@H]4C=CC(C4)[C@@H]3C1(Cl)C2(Cl)Cl,0.0,training
CC1CCN(CCCC(=O)c2ccc(F)cc2)CC1,0.0,training
Clc1ccccc1-c1nc(-c2ccncc2)no1,1.0,training
CC(C)(CC(=O)O)C(=O)O,0.0,training
CCCCOC(=O)c1ccc(O)cc1,1.0,training
CNC(=O)Oc1cccc2c1OC(C)(C)C2,1.0,training
CN(C)c1ccc(/C=C/c2ccc([N+](=O)[O-])cc2)cc1,1.0,training
Brc1c2ccccc2cc2ccccc12,1.0,training
CC(=O)C(=O)CC(C)C,1.0,training
CC(=O)CCC=C(C)CCC=C(C)C,0.0,training
C=C(C)C(=O)OCCOCC,0.0,training
C#C[C@]1(O)CC[C@H]2[C@@H]3[C@H](C)C=C4CC(=O)CCC4[C@H]3CC[C@@]21C,1.0,training
C#C[C@]1(O)C=C[C@H]2[C@@H]3CC=C4CC(=O)CCC4[C@H]3CC[C@@]21CC,1.0,training
CC(C)(C)c1ccc(O)cc1,0.0,training
C=CC(=O)OCCOCCOC(=O)C=C,1.0,training
CCC(=O)Oc1ccc2c(c1)CC[C@@H]1[C@@H]2CC[C@]2(C)[C@@H](OC(=O)CC)CC[C@@H]12,1.0,training
Nc1ccccc1C(=O)OCCc1ccccc1,1.0,training
COC(=O)CCSCCC(=O)OC,1.0,training
CCCCCCC(C=O)=Cc1ccccc1,1.0,training
COc1ccc(NC(C)=O)cc1,1.0,training
CCC(=O)O[C@H]1CC[C@H]2[C@@H]3CC=C4CC(=O)CC[C@]4(C)[C@H]3CC[C@]12C,1.0,training
C=CCc1ccccc1OCC(O)CNC(C)C,0.0,training
C[C@]12CCC(=O)C=C1CC[C@@H]1[C@@H]2[C@@H](O)C[C@@]2(C)[C@H]1CC[C@]2(O)C(=O)CO,1.0,training
CCCN(CCC)c1c([N+](=O)[O-])cc(C(C)C)cc1[N+](=O)[O-],0.0,training
C#N,1.0,training
CCCCC(CC)COP(=O)(Oc1ccccc1)Oc1ccccc1,0.0,training
C[C@]12CC[C@@H]3C4=C(CC[C@H]3[C@@H]1CC[C@@H]2OC(=O)CCc1ccccc1)CC(=O)CC4,1.0,training
CC(=O)Nc1cc([As](=O)(O)O)ccc1O,0.0,training
CCCCc1ccc2[nH]c(NC(=O)OC)nc2c1,1.0,training
CC(C)(C#N)C(C)(C)C#N,0.0,training
CC(C)(C)C(=O)c1ccccc1,1.0,training
COP(=S)(OC)Oc1c(Cl)cc(C)cc1Cl,1.0,training
Nc1nc(-c2ccccc2)c(Br)c(=O)[nH]1,0.0,training
C[C@]12CC[C@@H]3c4ccc(OC(=O)c5ccccc5)cc4CC[C@H]3[C@@H]1CC[C@@H]2O,1.0,training
CC(C)OC(=O)Nc1ccccc1,1.0,training
c1ccc(OCCOc2ccccc2)cc1,1.0,training
BrC(Br)C(Br)Br,0.0,training
C[C@@H]1C[C@H]2[C@@H]3CC=C4CC(=O)C=C[C@]4(C)[C@@]3(F)[C@@H](O)C[C@]2(C)[C@@]1(O)C(=O)COC(=O)c1cccc(S(=O)(=O)O)c1,1.0,training
CCOC(=O)CCN(SN(C)C(=O)Oc1cccc2c1OC(C)(C)C2)C(C)C,0.0,training
SCc1ccccc1,1.0,training
Cc1ccc(N)cc1C,1.0,training
CCc1cccc(C)c1,0.0,training
N=C(N)NCCCCN=C(N)N,1.0,training
O=C(CBr)c1ccccc1,1.0,training
O=C1c2ccccc2Cc2ccccc21,1.0,training
N#CCCl,1.0,training
Oc1cc2cc(CCN3CCN(c4nsc5ccccc45)CC3)c(Cl)cc2[nH]1,0.0,training
CN1CCC(CN2c3ccccc3Sc3ccccc32)C1,0.0,training
CC=CC=O,0.0,training
CCCCCCCCCCCCc1ccccc1O,1.0,training
Cc1cc(C)nc(NS(=O)(=O)c2ccc(N)cc2)n1,1.0,training
Cn1c([N+](=O)[O-])cnc1COC(N)=O,0.0,training
O=c1[nH]c2cc(C(F)(F)F)c(N3CCOCC3)cc2n(CP(=O)(O)O)c1=O,0.0,training
S=c1[nH][nH]c(=S)s1,0.0,training
CCN1CN(CC)CN(CC)C1,0.0,training
CC(=O)C=Cc1ccccc1,1.0,training
CC(=O)C(=O)O,0.0,training
CCC(=O)O[C@]1(C(=O)CCl)[C@@H](C)C[C@H]2[C@@H]3CC=C4CC(=O)C=C[C@]4(C)[C@@]3(F)[C@@H](O)C[C@@]21C,0.0,training
ClCC(Cl)(Cl)Cl,0.0,training
C[C@]12CCC(=O)C=C1CC[C@H]1[C@@H]3CC[C@](O)(C(=O)CO)[C@@]3(C)C[C@H](O)[C@@]12F,1.0,training
CCS(=O)(=O)CCn1c([N+](=O)[O-])cnc1C,1.0,training
Nc1nc(-c2ccccc2)cs1,1.0,training
N,0.0,training
CN(C)c1ccc(N)cc1,1.0,training
O=C(c1ccc(O)cc1O)c1ccc(O)cc1O,1.0,training
CC(C)CCCCCCN,0.0,training
COP(=S)(OC)Oc1ccc([N+](=O)[O-])cc1,1.0,training
CC(C)(C)NSc1nc2ccccc2s1,0.0,training
c1ccc2c(c1)[nH]c1cnccc12,0.0,training
O=C(C=Cc1ccccc1)OCCCc1ccccc1,1.0,training
CC(=O)OCc1ccccc1,0.0,training
CC1=CC(=O)CC(C)(C)C1(O)/C=C/C(C)=C\C(=O)O,0.0,training
CCCCCCCCCCCCCCCCCC[N+](C)(C)CCC[Si](OC)(OC)OC,1.0,training
CCC(C)(CN(C)C)OC(=O)c1ccccc1,1.0,training
NNc1nc(-c2ccc(N)cc2)cs1,0.0,training
C[C@]12CCC(=O)C=C1CC[C@@H]1[C@@H]2CC[C@]2(C)C(=O)CC[C@@H]12,1.0,training
Nc1nc(N)nc(-c2ccccc2)n1,1.0,training
CCOC(=O)c1ccc(C)cc1,0.0,training
c1ccc(N=NNc2ccccc2)cc1,1.0,training
CCOP(=S)(OCC)SCSP(=S)(OCC)OCC,1.0,training
Cn1cc(O)nc1NC(=O)Nc1cccc(Cl)c1,1.0,training
CCOC(=O)C(C#N)=C(c1ccccc1)c1ccccc1,1.0,training
C=CCOCC(O)CS(=O)(=O)O,0.0,training
CC(C)CCCO,0.0,training
COc1ccc(C(=O)c2ccc(C)cc2)c(O)c1,1.0,training
CCCNC(C)C(=O)Nc1ccccc1C,0.0,training
CON=C(C(=O)NC1C(=O)N2C(C(=O)[O-])=C(C[n+]3ccc(N)n3CCO)CS[C@H]12)c1csc(N)n1,0.0,training
CC=C(C(=CC)c1ccc(O)cc1)c1ccc(O)cc1,1.0,training
CC(=O)OCC(=O)[C@@]1(O)CC[C@H]2[C@@H]3CC=C4CC(=O)CC[C@]4(C)C3=CC[C@@]21C,1.0,training
COc1cc(NC(=O)CC(C)=O)c(OC)cc1Cl,0.0,training
OC[C@H]1O[C@@H]2O[C@H]3[C@H](O)[C@@H](O)[C@@H](O[C@H]4[C@H](O)[C@@H](O)[C@@H](O[C@H]5[C@H](O)[C@@H](O)[C@@H](O[C@H]6[C@H](O)[C@@H](O)[C@@H](O[C@H]7[C@H](O)[C@@H](O)[C@@H](O[C@H]8[C@H](O)[C@@H](O)[C@@H](O[C@H]9[C@H](O)[C@@H](O)[C@@H](O[C@H]1[C@H](O)[C@H]2O)O[C@@H]9CO)O[C@@H]8CO)O[C@@H]7CO)O[C@@H]6CO)O[C@@H]5CO)O[C@@H]4CO)O[C@@H]3CO,0.0,training
O=C(O)CCc1nc2ccccc2[nH]1,0.0,training
O=C(O)c1ccccc1-n1cc(C(=O)O)c(=O)c2cc(Nc3c(F)cc(F)cc3Cl)c(Cl)cc21,0.0,training
CC(O)C#CC(C)O,0.0,training
CCC(C)Nc1c([N+](=O)[O-])cc(C(C)(C)C)cc1[N+](=O)[O-],1.0,training
CCOP(=S)(OCC)SC(CCl)N1C(=O)c2ccccc2C1=O,1.0,training
CN1CCOC(c2ccccc2)c2ccccc2C1,1.0,training
CCCOCC(C)O,0.0,training
C=CC[C@]1(O)CC[C@H]2C3=C(C=C[C@@]21C)C1=C(CC3)CC(=O)CC1,1.0,training
COP(=S)(NC(C)C)Oc1ccc(C)cc1[N+](=O)[O-],1.0,training
CC(C)NC(C)Cc1ccc(I)cc1,1.0,training
CCCCCCCCCCl,1.0,training
CC(C)(Oc1ccc(C2CCCc3ccccc32)cc1)C(=O)O,1.0,training
CCC(C)OC(=O)c1ccc(O)cc1,1.0,training
O=Nc1ccc(NO)cc1,0.0,training
C#C[C@]1(OC(C)=O)CC[C@H]2[C@@H]3CCC4=CC(=NO)CC[C@@H]4[C@H]3CC[C@@]21CC,1.0,training
C[C@]12CC[C@@H]3c4ccc(OC(=O)N(CCCl)CCCl)cc4CC[C@H]3[C@@H]1CC[C@@H]2OP(=O)(O)O,1.0,training
Cn1cc[n+](C)c1,0.0,training
O=C(O)c1cc(N=Nc2ccc([N+](=O)[O-])cc2)ccc1O,1.0,training
CC(C)c1ccc(CO)cc1,1.0,training
C=CCc1cc(OC)c2c(c1)OCO2,0.0,training
CC1(C)OC(=O)NC1=O,1.0,training
COCc1c(-c2ccc(F)cc2)c(=CC[C@@H](O)C[C@@H](O)CC(=O)O)c(C(C)C)nc1=C(C)C,1.0,training
COc1ccccc1O,0.0,training
CNC(=O)N(C)c1nc2ccccc2s1,1.0,training
CN(C)c1ccc(O)c2c1C[C@H]1C[C@H]3C(N(C)C)C(=O)C(C(N)=O)C(=O)[C@@]3(O)C(=O)C1C2=O,0.0,training
CC1(C)CN=C(NN=C(C=Cc2ccc(C(F)(F)F)cc2)C=Cc2ccc(C(F)(F)F)cc2)NC1,1.0,training
O=C(O)CC(O)C(=O)O,0.0,training
Cc1ccc(O)cc1,1.0,training
OC(O)C(Cl)(Cl)Cl,0.0,training
c1ccc(OCc2ccc(CCCN3CCOCC3)cc2)cc1,0.0,training
CC(C)(CO)[N+](=O)[O-],1.0,training
CC(=O)Nc1ccc(O)cc1,0.0,training
CC(=O)OC(C)(C)C,0.0,training
NC(CCC(=O)NC(CSSCC(NC(=O)CCC(N)C(=O)O)C(=O)NCC(=O)O)C(=O)NCC(=O)O)C(=O)O,1.0,training
O=C(O)Cc1ccccc1Nc1c(Cl)cccc1Cl,1.0,training
CCCC(=O)OC(=O)CCC,0.0,training
Nc1cnn([C@@H]2O[C@H](CO)[C@@H](O)[C@H]2O)c(=O)n1,0.0,training
C(=Cc1ccncc1)c1ccccc1,1.0,training
CCC(=O)O[C@H]1CC[C@H]2[C@@H]3CCc4cc(O)ccc4[C@H]3CC[C@]12C,1.0,training
OCC#CCO,0.0,training
CC(C)c1ccc(C(C)C)cc1,0.0,training
c1ccc(C(O[C@H]2CCCN(CCc3ccc4c(c3)OCO4)C2)c2ccccc2)cc1,0.0,training
OC[C@H]1O[C@H](O[C@H]2[C@H](O)[C@@H](O)[C@@H](O[C@H]3[C@H](O)[C@@H](O)[C@@H](O)O[C@@H]3CO)O[C@@H]2CO)[C@H](O)[C@@H](O)[C@@H]1O,1.0,training
O=[N+]([O-])O,0.0,training
CCCCOC(=O)CCC(=O)OCCCC,1.0,training
CN(C)CCC(c1ccccc1)c1ccccn1,1.0,training
OC(CCCN1CCCCC1)(c1ccccc1)c1ccccc1,0.0,training
CCNc1nc(Cl)nc(NC(C)(C)C#N)n1,0.0,training
CNC(=O)OCC[N+](C)(C)C,0.0,training
Cc1cccc(C#N)c1,1.0,training
c1ccc([C@H]2CN3CCSC3=N2)cc1,1.0,training
COC(=O)Nc1nc2cc(Sc3ccccc3)ccc2[nH]1,1.0,training
COc1ccc(C[C@H](C)NC[C@@H](O)c2ccc(O)c(NC=O)c2)cc1,0.0,training
CCCCCCCCCCCCCCCC(=O)OC[C@@H](COP(=O)([O-])OCC[N+](C)(C)C)OC(=O)CCCCCCCCCCCCCCC,1.0,training
CC(C)C[C@H](CN)CC(=O)O,1.0,training
CCCCCCCCCCCCCCCCC,1.0,training
CC1=C(C(=O)Nc2ccccc2)SCCO1,1.0,training
CCCCCCCCCOS(=O)(=O)O,1.0,training
CCOC(C)(C)C,0.0,training
O=P1(N(CCCl)CCCl)NCCCO1,1.0,training
Cc1ccc(C(C)C)cc1O,0.0,training
CCCN1CCC[C@@H]2Cc3[nH]ncc3C[C@H]21,0.0,training
Oc1ccc(C(=C(Cl)Cl)c2ccc(O)cc2)cc1,1.0,training
CCOP(=S)(OCC)O/N=C(\C#N)c1ccccc1,1.0,training
Oc1ccc2ccccc2c1N=Nc1ccccc1,1.0,training
Oc1ccc(OCc2ccccc2)cc1,1.0,training
Cc1ccc(OP(=O)(Oc2ccccc2)Oc2ccccc2)cc1,1.0,training
NC[C@@H]1O[C@H](O[C@H]2[C@@H](O)[C@H](O[C@@H]3[C@@H](O)[C@H](N)C[C@H](N)[C@H]3O[C@H]3O[C@H](CO)[C@@H](O)[C@H](O)[C@H]3N)O[C@@H]2CO)[C@H](N)[C@@H](O)[C@@H]1O,1.0,training
COc1ccc(COC=O)cc1,0.0,training
Nc1ccc(O)c(C(=O)O)c1,1.0,training
CC=CC=CC=O,0.0,training
CCCCOC(=O)c1ccccc1C(=O)OCCCC,1.0,training
C[C@H]1C[C@H]2[C@@H]3CC=C4CC(=O)C=C[C@]4(C)C3C(=O)C[C@]2(C)[C@@]1(O)C(=O)CO,0.0,training
Cc1cccc([N+](=O)[O-])c1,0.0,training
CCOC(=O)Nc1ccc2c(c1)N(C(=O)CCN1CCOCC1)c1ccccc1S2,0.0,training
CCCCCCCCCCCBr,0.0,training
COc1cccc2sc(N)nc12,0.0,training
CCCCCCOc1ccc(O)cc1,1.0,training
COCCCN,0.0,training
CN(C)c1cccc(O)c1,0.0,training
CC[N+](CC)(CC)CCOC(=O)C(C1CCCC1)C1CCCC1,0.0,training
c1ccc(Nc2ccc3ccccc3c2)cc1,1.0,training
CC(C)C(=O)OCC(C)(C)C(O)C(C)C,0.0,training
COc1cc(C=CC(=O)CC(=O)C=Cc2ccc(O)c(OC)c2)ccc1O,1.0,training
NNC(=O)c1ccccc1,1.0,training
CC(=O)C(C)O,0.0,training
C=C(C)CNCC,1.0,training
CN1[C@H]2CC[C@@H]1C(C(=O)O)[C@@H](OC(=O)c1ccccc1)C2,0.0,training
[O-][n+]1cc[n+]([O-])c2ccccc21,0.0,training
Cc1ccc(N)c(N)c1,1.0,training
O=c1cc(-c2ccccc2)oc2cc(O)cc(O)c12,1.0,training
CCC[N+](=O)[O-],0.0,training
c1ccc(CC2=NCCN2)cc1,0.0,training
Oc1cccc(Cl)c1,0.0,training
CCCCCCOc1ccc(N)cc1,1.0,training
ClC(Cl)(Cl)c1ccc(C(Cl)(Cl)Cl)cc1,0.0,training
N=C(N)NCCCC(NC(=O)C1CCCN1C(=O)C1CSSCCC(=O)NC(Cc2ccc(O)cc2)C(=O)NC(Cc2ccccc2)C(=O)NC(CCC(N)=O)C(=O)NC(CC(N)=O)C(=O)N1)C(=O)NCC(N)=O,0.0,training
C=C(C)C(=O)OCCN(C)C,0.0,training
C=Cc1ccc(C(C)(C)C)cc1,0.0,training
CC(=O)Nc1ccc2c(c1)Cc1ccccc1-2,1.0,training
COc1ccc(NC(C)=O)cc1N,1.0,training
Nc1cc(C(=O)O)c(O)c(S(=O)(=O)O)c1,0.0,training
O=C1OCC(Cc2cccc(O)c2)C1Cc1cccc(O)c1,1.0,training
O=C(N[C@H]1CN2CCC1CC2)c1cc2ccoc2cn1,0.0,training
CC/C=C/C/C=C/C/C=C/CCCCCCCC(=O)OCC,0.0,training
C[N+]1([O-])CCOCC1,0.0,training
CCCCCCCCCCCOC(=O)c1ccccc1C(=O)OCCCCCCCCCCC,1.0,training
CCC1=CC(C)C[C@H](C)C[C@H](OC)[C@H]2O[C@@](O)(C(=O)C(=O)N3CCCCC3C(=O)O[C@H](/C(C)=C/[C@@H]3CC[C@@H](Cl)[C@H](OC)C3)[C@H](C)[C@@H](O)CC1=O)[C@H](C)C[C@@H]2OC,1.0,training
CCNc1nc(Cl)nc(NC(C)(C)C)n1,1.0,training
N#CCBr,0.0,training
O=C(O)C(CC(=O)N1C[C@H]2CCCC[C@H]2C1)Cc1ccccc1,1.0,training
CCCCCCCCOC(=O)c1ccc(O)cc1,1.0,training
N#C[C@@H]1CC(F)(F)CN1C(=O)CNC1CC2CCC(C1)N2c1ncccn1,0.0,training
Cc1cc(N=Nc2ccccc2C)ccc1N,1.0,training
CC[C@H](C)C1NC(=O)C(Cc2ccc(O)cc2)NC(=O)C(N)CSSCC(C(=O)N2CCCC2C(=O)NC(CC(C)C)C(=O)NCC(N)=O)NC(=O)C(CC(N)=O)NC(=O)C(CCC(N)=O)NC1=O,1.0,training
O=[N+]([O-])OCC(CO[N+](=O)[O-])(CO[N+](=O)[O-])CO[N+](=O)[O-],0.0,training
O=C(O)c1[nH]n(-c2ccc(S(=O)(=O)O)cc2)c(=O)c1N=Nc1ccc(S(=O)(=O)O)cc1,0.0,training
FC(F)(F)c1ccccc1-n1ccnc1,0.0,training
CC(C)CC(NC(=O)OCC1c2ccccc2-c2ccccc21)C(=O)O,1.0,training
CC(C)Cn1cnc2c1c(=O)n(C)c(=O)n2C,0.0,training
Cn1c(=O)c2[nH]cnc2n(C)c1=O,1.0,training
O=[N+]([O-])c1ccccc1CCl,0.0,training
CC1(C)C2CC[C@]3(C)C(C(=O)C=C4C5C[C@@](C)(C(=O)O)CC[C@]5(C)CC[C@]43C)[C@@]2(C)CC[C@@H]1O[C@H]1OC(C(=O)O)[C@@H](O)[C@H](O)[C@H]1O[C@@H]1OC(C(=O)O)[C@@H](O)[C@H](O)[C@H]1O,1.0,training
CC(COc1ccccc1)N(CCCl)Cc1ccccc1,1.0,training
COC(=O)c1ccccc1O,0.0,training
O=[Si]=O,0.0,training
CC(C)CCCCCCCOC(=O)c1ccccc1C(=O)OCCCCCCCC(C)C,0.0,training
CC(C)=CCN1CC[C@]2(C)c3cc(O)ccc3C[C@H]1[C@H]2C,1.0,training
CCN(CC)C(=S)S,0.0,training
Brc1ccccc1-c1ccccc1,0.0,training
C#C[C@]1(O)CC[C@H]2[C@@H]3CCc4cc(O)ccc4[C@H]3CC[C@@]21C,1.0,training
CC(=O)OCC(COC(C)=O)OC(C)=O,1.0,training
CC[Ge](Cl)(CC)CC,1.0,training
CCCCCCCCCOC(=O)c1ccc(O)cc1,1.0,training
Nc1ccc([N+](=O)[O-])cc1N,1.0,training
CC(C)C(=O)OCC(C)(C)C(OC(=O)C(C)C)C(C)C,1.0,training
Oc1ccc(-c2ccccc2)cc1,1.0,training
NCCCCC(NC(=O)C1CCCN1C(=O)C1CSSCC(N)C(=O)NC(Cc2ccc(O)cc2)C(=O)NC(Cc2ccccc2)C(=O)NC(CCC(N)=O)C(=O)NC(CC(N)=O)C(=O)N1)C(=O)NCC(N)=O,0.0,training
N#CCCN(CCO)CCO,0.0,training
O=C1NCC2(CCN(CCc3ccccc3)CC2)O1,1.0,training
C=CCc1cc(OC)c(O)c(C(=O)NCCO)c1,0.0,training
CCCC/C=C\CCCCCCCCCC=O,1.0,training
CC(=O)c1ccc2c(c1)Cc1ccccc1-2,1.0,training
Oc1ccc2c(c1)-c1ccccc1C2,1.0,training
COS(=O)(=O)OC,0.0,training
Cc1cc(NC(=O)C(=O)O)cc(C)c1Oc1ccc(O)c2c1CCC2,1.0,training
CC[C@@]1(O)C[C@H](O[C@H]2C[C@H](N(C)C)[C@H](O[C@H]3C[C@H](O)[C@H](O[C@H]4CCC(=O)C(C)O4)[C@H](C)O3)[C@H](C)O2)c2c(cc3c(c2O)C(=O)c2c(O)cccc2C3=O)C1C(=O)OC,1.0,training
C#C[C@]1(OC(=O)CCCCCC)CC[C@H]2[C@@H]3CC=C4CC(=O)CCC4[C@H]3CC[C@@]21C,1.0,training
CC(C)COC(=O)c1ccccc1C(=O)OCC(C)C,1.0,training
OC(CCN1CCCCC1)(c1ccccc1)C1CC2C=CC1C2,0.0,training
COc1ccc(C(=O)c2cccc(O)c2)c(OC)c1,1.0,training
C=CCOC(=O)c1ccc(C(=O)OCC=C)c(C(=O)OCC=C)c1,0.0,training
Cc1ccccc1N=Nc1ccc(N=Nc2c(O)ccc3ccccc23)c(C)c1,1.0,training
CC[N+](=O)[O-],0.0,training
O=C(O)CC(C(=O)O)S(=O)(=O)O,0.0,training
c1ccc(-c2cccc(-c3ccccc3)c2)cc1,1.0,training
CC(=O)N=c1sc(S(N)(=O)=O)nn1C,0.0,training
NC(=S)c1c(Cl)cccc1Cl,0.0,training
O=C(O)C(Cl)(Cl)Cl,0.0,training
Cn1cnc2c(F)c(Nc3ccc(Br)cc3Cl)c(C(=O)NOCCO)cc21,1.0,training
O=C(CCl)c1ccccc1,1.0,training
C[C@H]1O[C@@H](n2cc(F)c(=O)[nH]c2=O)[C@H](O)[C@@H]1O,1.0,training
O=C(O)/C=C/C(=O)O,1.0,training
O=[N+]([O-])c1ccc(Cl)cc1,0.0,training
C=CC(C)(CCC=C(C)C)OC(=O)C=Cc1ccccc1,1.0,training
CCCCCCCCc1ccc(O)cc1,1.0,training
Nc1ccc2cc3ccccc3cc2c1,1.0,training
C/C=C(/C)C#N,0.0,training
O=[N+]([O-])C(Cl)(Cl)Cl,0.0,training
O=C(O)CCCCC(=O)O,0.0,training
C[C@]12CCC(=O)C=C1CC[C@@H]1[C@@H]2[C@@H](O)C[C@@]2(C)[C@H]1CC[C@]2(O)C(=O)COP(=O)(O)O,1.0,training
CCN(CC)c1cccc(O)c1,1.0,training
O=C(O)CCC(=O)O,0.0,training
CCN(CC)C(=O)c1cccc(C)c1,1.0,training
c1ccc(NNc2ccccc2)cc1,1.0,training
Cc1ccccc1OCC(O)CO,1.0,training
COc1cc(Br)c(C[N+]2(CCOCCC3CCC4CC3C4(C)C)CCOCC2)cc1OC,0.0,training
CC[C@@H](C)C1NC(=O)C(CCCN)NC(=O)C(NC(=O)C(NC(=O)C(CCC(=O)O)NC(=O)C(CC(C)C)NC(=O)C2CSC([C@H](N)[C@H](C)CC)=N2)[C@@H](C)CC)CCCCNC(=O)C(CC(N)=O)NC(=O)C(CC(=O)O)NC(=O)C(Cc2c[nH]cn2)NC(=O)C(Cc2ccccc2)NC1=O,1.0,training
O=[N+]([O-])c1cccc(O)c1,1.0,training
CC(C)OC(=O)OCOP(=O)(CO[C@H](C)Cn1cnc2c(N)ncnc21)OCOC(=O)OC(C)C,0.0,training
COc1ccc(N=[N+]([O-])c2ccc(OC)cc2)cc1,1.0,training
Nc1ccc(N=Nc2ccccc2)cc1,1.0,training
CC1(C(=O)Nc2ccc(O)c(Cl)c2Cl)CCCCC1,1.0,training
CC(C)(C)C(=O)/C=C/c1ccc(Cl)cc1,0.0,training
CC(=O)OCC(=O)[C@@]1(O)CC[C@H]2[C@@H]3CC=C4CC(=O)C=C[C@]4(C)[C@H]3[C@@H](O)C[C@@]21C,1.0,training
OCC1CCC(CO)CC1,0.0,training
Cc1c(C(=O)NCCO)[n+]([O-])c2ccccc2[n+]1[O-],0.0,training
CC(C)COC(=O)CCCCC(=O)OCC(C)C,0.0,training
CCN(CC)CCNC(=O)c1cc(Cl)c(N)cc1OC,0.0,training
Cc1ccc([N+](=O)[O-])c(C)c1,1.0,training
C=CC(Cl)CCl,0.0,training
CCCCCCCCCCOCC(O)CN,0.0,training
OCCOCCOCCOCCO,0.0,training
O=C1c2ccccc2C(=O)C1c1ccc(Cl)cc1,0.0,training
CC/C(=C(/CC)c1ccc(OP(=O)(O)O)cc1)c1ccc(OP(=O)(O)O)cc1,1.0,training
CC(=O)C1CC[C@H]2[C@@H]3CC=C4C[C@@H](O)CC[C@]4(C)[C@H]3CC[C@]12C,1.0,training
O=C(O)C=Cc1ccc(C=CC(=O)O)cc1,0.0,training
CCOC(=O)C(F)(F)F,0.0,training
Oc1ccc(C2(c3ccc(O)cc3)CCCCC2)cc1,1.0,training
CCCCOCCO,0.0,training
CC(C)CCC(=O)O[C@H]1CC[C@H]2[C@@H]3CC=C4CC(=O)CC[C@]4(C)[C@H]3CC[C@]12C,1.0,training
CC[N+](CC)(CC)CCOc1cccc(OCC[N+](CC)(CC)CC)c1OCC[N+](CC)(CC)CC,0.0,training
CCCCC#N,0.0,training
SCCSCCS,0.0,training
CCCCN(CCC(=O)OCC)C(C)=O,0.0,training
Cc1ccc(-c2cc(C(F)(F)F)nn2-c2ccc(S(N)(=O)=O)cc2)cc1,1.0,training
CN(C)CCOC(=O)C(c1ccccc1)C1(O)CCCC1,0.0,training
C=CC(=O)OCCOC(=O)C=C,1.0,training
Nc1nc2ccc(OC(F)(F)F)cc2s1,1.0,training
C[C@]12CC[C@@H]3c4ccc(O)cc4CC[C@H]3[C@@H]1C[C@@H](O)[C@@H]2O,1.0,training
C[C@]12CC[C@H]3[C@@H](CC=C4CC(=O)CC[C@@]43C)[C@@H]1CC[C@H]2O,1.0,training
CN(C)CC/C=C1/c2ccccc2CSc2ccccc21,0.0,training
Nc1nc(N)nc(N)n1,0.0,training
CCCCCCOC(=O)c1ccc(O)cc1,1.0,training
O=CN1CCCCC1,0.0,training
O=C(O)CCCCCCCC(=O)O,1.0,training
Cc1nc2cc(Cl)ccc2[nH]1,0.0,training
CC1=CC(=O)CC(C)(C)C1,0.0,training
O=C1OCCN1/N=C/c1ccc([N+](=O)[O-])o1,1.0,training
c1ccc2c(c1)CCc1ccccc1N2,1.0,training
CN[C@@H](C)[C@H](O)c1ccccc1,1.0,training
CCOC(=O)CC#N,0.0,training
CCCCCCCN(CC)CCCC(O)c1ccc(NS(C)(=O)=O)cc1,0.0,training
O[C@@H](c1cc(C(F)(F)F)nc2c(C(F)(F)F)cccc12)[C@H]1CCCCN1,1.0,training
CC(C)(C)c1ccc(O)c(O)c1,1.0,training
C[C@]12C=CC(=O)C=C1CC[C@H]1[C@@H]3C[C@@H](O)[C@](O)(C(=O)CO)[C@@]3(C)C[C@H](O)[C@@]12F,1.0,training
CCCC(=O)c1ccccc1,0.0,training
Oc1c2c(c(O)n1SC(Cl)(Cl)C(Cl)Cl)CC=CC2,1.0,training
O=c1c(O)c(-c2ccc(O)c(O)c2)oc2cc(O)cc(O)c12,1.0,training
Nc1nc[nH]n1,1.0,training
CC(=O)OCC(=O)C1CC[C@H]2[C@@H]3CC=C4CC(=O)CC[C@]4(C)[C@H]3CC[C@]12C,1.0,training
C1=Cc2cccc3cccc1c23,0.0,training
CCC(Cl)CC(Cl)C(Cl)C(Cl)C(Cl)C(C)Cl,1.0,training
Nc1ccc(N=Nc2ccccc2)c(N)n1,1.0,training
ClCC(Cl)CCl,1.0,training
O=C1c2ccccc2C(=O)C1C(=O)C(c1ccccc1)c1ccc(Cl)cc1,0.0,training
COc1ccc(N)cc1,1.0,training
C=C[C@H]1CN2CC[C@H]1C[C@H]2[C@H](OC(=O)OCC)c1ccnc2ccc(OC)cc12,1.0,training
Cc1ccc2c(c1)CCCN2,0.0,training
Cc1ccccc1N,1.0,training
C=CCSCC1Nc2cc(Cl)c(S(N)(=O)=O)cc2S(=O)(=O)N1,1.0,training
C=CC1(C)CC(OC(=O)CO)C2(C)C(C)CCC3(CCC(=O)C32)C(C)C1O,0.0,training
CC(=O)c1ccc(OCC(=O)N2CCCCC2)cc1,1.0,training
C[C@]12CC[C@@H]3c4ccc(O)cc4CC[C@H]3[C@@H]1CC[C@@H]2OP(=O)(O)O,1.0,training
Nc1ccc(-c2ccc(N)c(Cl)c2)cc1Cl,1.0,training
C#C[C@]1(O)CC[C@H]2[C@@H]3CC=C4CC(=O)CCC4[C@H]3CC[C@@]21CC,1.0,training
CCNC(=S)NCC,1.0,training
CC1C2CC(CC2C2CCCC(O)C2)C1(C)C,1.0,training
C[Si](NC1CCCCC1)(NC1CCCCC1)NC1CCCCC1,0.0,training
CCN(CC)CCOC(=O)c1ccc(N)cc1,0.0,training
CC(C)COC(=O)C(C)C,0.0,training
CNC(=O)N(c1ccccc1)c1ccccc1,0.0,training
C[C@]12CC[C@H]3[C@@H](CC=C4C[C@@H](O)CC[C@@]43C)[C@@H]1CC[C@@H]2O,1.0,training
CC(/C=C/C=C(\C)C(=O)O[C@@H]1O[C@H](CO[C@@H]2O[C@H](CO)[C@@H](O)[C@H](O)[C@H]2O)[C@@H](O)[C@H](O)[C@H]1O)=C\C=C\C=C(C)\C=C\C=C(/C)C(=O)O[C@@H]1O[C@H](CO[C@@H]2O[C@H](CO)[C@@H](O)[C@H](O)[C@H]2O)[C@@H](O)[C@H](O)[C@H]1O,1.0,training
CC1CCCO1,0.0,training
CCCc1cc(=O)[nH]c(=S)[nH]1,1.0,training
CN=C(NC#N)Nc1ccc(C2=NNC(=O)CC2C)cc1,0.0,training
CC(C)CC=C(C=O)c1ccccc1,1.0,training
COc1ccc(/C=N\NC(=O)c2ccncc2)c(C(=O)O)c1OC,0.0,training
CC(=O)N(CC(O)CO)c1c(I)c(C(=O)NCCO)c(I)c(C(=O)NCC(O)CO)c1I,1.0,training
CCC(C)(C)C1CCC(OC)CC1,0.0,training
COCC(C)O,1.0,training
O=C(CCCN1CCN(c2ccc(F)cc2)CC1)NC1c2ccccc2CSc2ccccc21,0.0,training
C[C@@H]1C[C@H]2[C@@H]3CC=C4CC(=O)C=C[C@]4(C)[C@@]3(F)[C@@H](O)C[C@]2(C)[C@@]1(O)C(=O)COP(=O)(O)O,1.0,training
CC(C)C(O)C(C)(C)CO,0.0,training
CO[C@@H]1[C@@H](O[C@@H]2O[C@H](C)[C@@H](O[C@H]3C[C@@](C)(O)[C@@H](O)[C@H](C)O3)[C@H](N(C)C)[C@H]2O)[C@@H](CC=O)C[C@@H](C)[C@@H](O[C@@H]2CC[C@H](N(C)C)[C@@H](C)O2)C=CC=CC[C@@H](C)OC(=O)C[C@H]1O,0.0,training
CC#CCC(C)[C@H](O)/C=C/C1[C@H](O)C[C@@H]2C/C(=C\CCCC(=O)O)C[C@H]12,1.0,training
CC(N)C(=O)OC(C)(C)Cc1ccc(Cl)cc1,0.0,training
Cc1oc(=O)oc1CN1CCN(c2cc3c(cc2F)c(=O)c(C(=O)O)c2n3C(C)S2)CC1,1.0,training
CCCCCCCCCCCC(C)=O,1.0,training
C[C@]12C=CC(=O)C=C1CC[C@@H]1[C@@H]2[C@@H](O)C[C@@]2(C)[C@H]1CC[C@]2(O)C(=O)CO,0.0,training
CC(C)CCOC(=O)c1ccc(N(C)C)cc1,1.0,training
O=C(NC(O)C(Cl)(Cl)Cl)NC(O)C(Cl)(Cl)Cl,0.0,training
CCCCCCCC=O,0.0,training
Nc1ccc(S(=O)(=O)Nc2ncccn2)cc1,0.0,training
O=C1N=C(c2ccccc2)c2cc(Cl)ccc2NC1O,1.0,training
CCC(C)C(C)=O,1.0,training
CCCCC(CC)COC(=O)c1ccc(C(=O)OCC(CC)CCCC)c(C(=O)OCC(CC)CCCC)c1,1.0,training
O=C1NCCN1c1ncc([N+](=O)[O-])s1,0.0,training
Cc1ccc2nc(-c3ccc(N)cc3)sc2c1S(=O)(=O)O,1.0,training
CCCCC=CC=CCC=O,0.0,training
Clc1cc(Cl)c(Cl)c(Cl)c1Cl,0.0,training
IC(I)I,1.0,training
CO[C@@]1(NC(=O)CSCC#N)C(=O)N2C(C(=O)O)=C(CSc3nnnn3C)CS[C@@H]21,0.0,training
CCOC(=O)c1ccc(N(C)C)cc1,1.0,training
CCN(CC)CCn1c(=O)c(Cc2ccc(OC)cc2)nc2ccccc21,0.0,training
O=NN(O)c1ccccc1,1.0,training
COC(=O)c1c(C)cc(O)c(C)c1O,1.0,training
CCCCN(CCO)CCCC,0.0,training
CO[Si](C)(C)OC,0.0,training
COc1ccc(C(=O)c2ccccc2)c(O)c1,1.0,training
OC(c1ccc(Cl)cc1)(c1cncnc1)c1ccccc1Cl,1.0,training
CCOC(=O)COc1ccc(Cl)cc1Cl,0.0,training
Cc1ccccc1C=O,0.0,training
CSc1ccc2c(c1)C(N1CCN(C)CC1)Cc1ccccc1S2,0.0,training
O=C(c1ccc(O)cc1)c1ccc(O)c(O)c1O,1.0,training
C=C1/C(=C\C=C2/CCC[C@]3(C)[C@@H]([C@H](C)OCCC(C)(C)O)CC[C@@H]23)C[C@@H](O)C[C@@H]1O,0.0,training
CC(C)(C)NC(=O)C1CC[C@H]2[C@@H]3C=CC4=CC(C(=O)O)CC[C@]4(C)[C@H]3CC[C@]12C,0.0,training
Cc1ccc(C(=O)C(C)CN2CCCCC2)cc1,1.0,training
NCCc1ccc(O)cc1,1.0,training
O=C(c1ccc(O)c(O)c1)c1ccc(O)cc1O,1.0,training
CC(C(=O)O)c1ccc(-c2ccccc2)c(F)c1,1.0,training
Nc1ccc2c(c1)Cc1ccccc1-2,1.0,training
CCCCOC(=O)C(=O)OCCCC,0.0,training
O=Cc1cc(O)ccc1Br,1.0,training
CCCCCC(=O)O,0.0,training
Cc1ccc(N=C=O)cc1N=C=O,1.0,training
CCCC=C(C=O)CC,0.0,training
C#C[C@]1(O)CC[C@H]2[C@@H]3CC=C4CC(=O)CC[C@]4(C)[C@H]3CC[C@@]21C,1.0,training
Nc1c(CC(=O)O)cccc1C(=O)c1ccccc1,1.0,training
Cc1nnc2n1-c1sc(CCC(=O)N3CCOCC3)cc1C(c1ccccc1Cl)=NC2,0.0,training
CN(C)c1ccc(SC#N)cc1,1.0,training
CC(N)Cc1ccc(O)cc1,0.0,training
Cc1ccc(Cl)c(N)c1Cl,0.0,training
Cc1ccc(N)cc1,1.0,training
Cc1ccc(S(N)(=O)=O)cc1,0.0,training
CCC1Nc2cc(Cl)c(S(N)(=O)=O)cc2S(=O)(=O)N1,0.0,training
Cn1c(=O)c2c(ncn2CC2OCCO2)n(C)c1=O,0.0,training
OCCN1CCN(CCO)CC1,0.0,training
CCCCOC(=O)CCCCCCCCC(=O)OCCCC,0.0,training
CCCOC(=O)c1ccccc1O,0.0,training
O=C(NS(=O)(=O)/C=C/c1cccs1)c1ccc(F)cc1Br,1.0,training
Oc1ccc(O)cc1,0.0,training
CNC(=O)ON=C(SC)C(=O)N(C)C,1.0,training
C=CCCl,1.0,training
CC(C)(C)OC(=O)c1ccc(O)cc1,1.0,training
C=CC(C)(CCC=C(C)C)OC=O,0.0,training
CO,0.0,training
CCCCCCCC(=O)OCC(COC(=O)CCCCCCC)OC(=O)CCCCCCC,0.0,training
CCNCCO,1.0,training
CC(C)(C)CC(C)(C)c1ccccc1O,1.0,training
C=CC1CC2C=CC1C2,0.0,training
ONc1ccccc1,1.0,training
CNc1ccccc1,0.0,training
O=C(O)CCCl,0.0,training
CCCCCC(C=O)=Cc1ccccc1,1.0,training
CC(=O)C1CC[C@H]2[C@@H]3CC=C4CC(=O)CC[C@]4(C)[C@H]3CC[C@]12C,1.0,training
c1csc(SSc2cccs2)c1,1.0,training
C=CC(N)CCC(=O)O,0.0,training
CCOc1ccc2nc(N)sc2c1,1.0,training
CC(=O)OCC(=O)[C@@]1(O)CC[C@H]2[C@@H]3CC(C)=C4CC(=O)C=C[C@]4(C)[C@H]3[C@@H](O)C[C@@]21C,1.0,training
CC(=O)Nc1ncc([N+](=O)[O-])s1,0.0,training
Nc1ccc(-c2ccc(F)cc2)cc1,1.0,training
CN=C(NC#N)NCCSCc1csc(=NC(=N)N)[nH]1,0.0,training
CC1=CC(=C(c2ccc(N)cc2)c2ccc(N)cc2)C=CC1=N,0.0,training
CC(C)(C)Cl,1.0,training
CCOc1cccc([C@]2(N3CCN(c4ccccc4)CC3)CC[C@@H](C)CC2)c1,0.0,training
NC(Cc1ccc(F)cc1)C(=O)O,0.0,training
CCOc1ccc2c(c1)C(C)=CC(C)(C)N2,0.0,training
COc1cc(C=CC(=O)O[C@H]2CC[C@]34C[C@]35CC[C@]3(C)[C@@H]([C@H](C)CCC=C(C)C)CC[C@@]3(C)[C@@H]5CC[C@H]4C2(C)C)ccc1O,0.0,training
O=Cc1ccc([N+](=O)[O-])cc1,1.0,training
Cc1onc(-c2ccccc2Cl)c1C(=O)NC1C(=O)N2C(C(=O)O)C(C)(C)S[C@H]12,0.0,training
CC(C)(c1ccccc1)c1ccc(Nc2ccc(C(C)(C)c3ccccc3)cc2)cc1,0.0,training
CCCCCCCOC(=O)c1ccc(O)cc1,1.0,training
O=C1c2ccccc2C(=O)C1c1ccccc1,0.0,training
CN(CCO)CCO,0.0,training
Oc1cccc(O)c1O,1.0,training
CC(C)C#N,0.0,training
Cc1ccccc1OP(=O)(Oc1ccccc1C)Oc1ccccc1C,1.0,training
C=C(C)C(=O)OCc1ccccc1,0.0,training
NC(=O)c1c(Cl)cccc1Cl,0.0,training
CCCc1c(OCCCCc2nn[nH]n2)ccc(C(C)=O)c1O,0.0,training
O=C(O)CCCOc1ccc(Cl)cc1Cl,0.0,training
CN(C)CCOC(C)(c1ccccc1)c1ccccn1,1.0,training
CNC[C@H](O)[C@@H](O)[C@H](O)[C@H](O)CO,1.0,training
C=CC(C)(CCC=C(C)C)OC(=O)c1ccccc1,1.0,training
c1csc(-c2ccc(-c3cccs3)s2)c1,1.0,training
O=C=NC1CCCCC1,1.0,training
CCCCCCCCCCCCOC(=O)c1ccc(O)cc1,0.0,training
C[C@]12CCC(=O)C=C1CC[C@@H]1[C@@H]2CC[C@]2(C)C(C(=O)CO)CC[C@@H]12,1.0,training
CCCCCCCC/C=C\CCCCCCCC(=O)OCCOC(=O)CCCCCCC/C=C\CCCCCCCC,1.0,training
CC(C)(C)NCC(O)c1cc(O)cc(O)c1,0.0,training
CC(C)OP(=O)(CP(=O)(OC(C)C)OC(C)C)OC(C)C,0.0,training
C=C(C)C(=O)O,0.0,training
COc1ccccc1OCC(O)COC(N)=O,0.0,training
O=C(O)c1ccccc1C(=O)O,0.0,training
COc1cc2c(cc1N)oc1ccccc12,1.0,training
C=CC(=O)Nc1cc2c(Nc3ccc(F)c(Cl)c3)ncnc2cc1OCCCN1CCOCC1,1.0,training
CC(=O)C(C)C,0.0,training
CC1(C)O[C@H]2CC(=O)OC[C@]23[C@H]2CC[C@@]4(C)[C@H](c5ccoc5)OC(=O)C5O[C@]54[C@]2(C)C(=O)C[C@@H]13,1.0,training
C=C(C)C(=O)OCCCCCCCCCCOC(=O)C(=C)C,0.0,training
C#CC1(O)CC[C@H]2[C@@H]3CC=C4CC(=O)CCC4[C@H]3CC[C@@]21CC,1.0,training
CC(=O)c1nccs1,1.0,training
CCCCC(F)(F)[C@@]1(O)CC[C@@H]2C(CCCCCCC(=O)O)C(=O)C[C@H]2O1,0.0,training
CC(=O)O[C@H]1CC[C@@]2(C)C(=CC[C@@H]3[C@@H]2CC[C@]2(C)C(c4cccnc4)=CC[C@@H]32)C1,1.0,training
O=C(c1ccc(O)cc1)c1ccc(Cl)cc1,1.0,training
COC(=O)c1ccc(CBr)cc1,1.0,training
[Na]I,0.0,training
Nc1ccc(N=Nc2ccccc2)c(N)c1,1.0,training
Nc1nc(Cl)nc2c1ncn2[C@H]1C[C@H](O)[C@@H](CO)O1,1.0,training
CCNP(=S)(OC)O/C(C)=C/C(=O)OC(C)C,0.0,training
CC(C)CC(=O)CC(C)C,1.0,training
Clc1ccc(C(Cl)(Cl)Cl)cc1,1.0,training
NC(Cc1cc(I)c(O)c(I)c1)C(=O)O,0.0,training
CC(=O)O[C@]1(C(C)=O)CC[C@H]2[C@@H]3CC=C4CC(=O)CC[C@]4(C)[C@@]3(F)[C@@H](O)C[C@@]21C,1.0,training
CC(C)CNCC(C)C,0.0,training
O=C(O)C(Br)(Br)Br,0.0,training
CCCCCc1cccc(=O)o1,0.0,training
C#C[C@@]1(O)CC[C@H]2[C@@H]3CCC4=CCCC[C@@H]4[C@H]3CC[C@@]21C,1.0,training
CCN(CC)CCOC(=O)C1(c2ccccc2)CCCC1,0.0,training
CCCC(=O)C(CC)Sc1ccoc1C,0.0,training
CCCCCCOCCOCCO,0.0,training
CN(C)CCN(Cc1cccs1)c1ccccn1,0.0,training
Oc1[nH]c(O)c2c1[C@@H]1C=C[C@H]2C1,0.0,training
O=[N+]([O-])c1cccc(Cl)c1Cl,0.0,training
C=CCc1ccc(OC(=O)Cc2ccccc2)c(OC)c1,1.0,training
C[C@]12CC[C@@H]3c4ccc(O)cc4CC[C@H]3[C@@H]1CC[C@@H]2O,1.0,training
CC(C)(C)OOC(C)(C)C,0.0,training
CCC(=O)N(c1ccc(F)cc1)C1CCN(CCc2ccccc2)CC1,0.0,training
CC(=O)NCc1c(I)c(NC(C)=O)c(I)c(C(=O)O)c1I,1.0,training
C[C@H]1CC[C@]2(NC1)O[C@H]1C[C@H]3[C@@H]4CC[C@H]5C[C@@H](O)CC[C@]5(C)[C@H]4CC[C@]3(C)[C@H]1[C@@H]2C,0.0,training
Cc1ccc(S)cc1,0.0,training
CCCNC(C)C(=O)Nc1c(C)csc1C(=O)OC,0.0,training
COC(=O)C1(O)c2ccccc2-c2ccccc21,0.0,training
CN(C)c1ccc(N=Nc2ccccc2)cc1,1.0,training
Cc1cc(O)ccc1O,0.0,training
Cc1ccc(O)c(-n2nc3ccccc3n2)c1,1.0,training
C=C(C)C(=O)OCCOCCOCCOCCOC(=O)C(=C)C,0.0,training
Cl[C@H]1[C@H](Cl)[C@@H](Cl)[C@H](Cl)[C@H](Cl)[C@H]1Cl,0.0,training
CO[Si](C)(OC)c1ccccc1,0.0,training
N#CCc1ccccc1,0.0,training
CC=C(CC)C(=O)NC(N)=O,1.0,training
Oc1ccc(Nc2ccccc2)cc1,1.0,training
CSCCC(NC(=O)C(Cc1ccc(OS(=O)(=O)O)cc1)NC(=O)C(N)CC(=O)O)C(=O)NCC(=O)NC(Cc1c[nH]c2ccccc12)C(=O)NC(CCSC)C(=O)NC(CC(=O)O)C(=O)NC(Cc1ccccc1)C(N)=O,1.0,training
CN1CCN(c2c(F)cc3c(=O)c(C(=O)O)cn4c3c2OCN4C)CC1,1.0,training
O=C(c1ccccc1)c1ccc(O)c(O)c1O,1.0,training
CCCCCC(O)/C=C/C=O,0.0,training
CCOP(=S)(OCC)SCSc1ccc(Cl)cc1,1.0,training
C[C@]12CC[C@@H]3c4ccc(O)cc4CC[C@H]3[C@@H]1CC[C@H]2O,1.0,training
CCCCCCCCCCCCCCCCOP(=O)([O-])OCC[N+](C)(C)C,0.0,training
O=c1ccc(=O)[nH][nH]1,0.0,training
Cl[C@H]1[C@H](Cl)[C@@H](Cl)[C@@H](Cl)[C@H](Cl)[C@H]1Cl,0.0,training
COC1=CC(=O)O[C@@H](/C=C/c2ccccc2)C1,1.0,training
CCOC(=O)NNc1nncc2ccccc12,0.0,training
Nc1ccc(-c2ccc(N)c(N)c2)cc1N,0.0,training
OCC=Cc1ccccc1,1.0,training
C#C[C@]1(OC(C)=O)CC[C@H]2[C@@H]3CC=C4CC(=O)CCC4[C@H]3CC[C@@]21C,1.0,training
S=C=NCCc1ccccc1,1.0,training
O=C(O)CNC(=O)c1ccccc1I,0.0,training
C[C@]12CC[C@@H]3c4ccc(O)cc4CC[C@H]3[C@@H]1CC[C@@H]2OC(=O)CCC1CCCC1,1.0,training
NC(=O)Nc1ccc(Cl)cc1,0.0,training
SC1CCCCC1,0.0,training
O=C(c1ccccc1)c1cccc(O)c1,1.0,training
Cc1cc(C)c(C)cc1C,0.0,training
Cc1cc(C)c(C(=O)P(=O)(C(=O)c2c(C)cc(C)cc2C)c2ccccc2)c(C)c1,0.0,training
Cn1c(CCCC(=O)O)nc2cc(N(CCCl)CCCl)ccc21,0.0,training
Nc1ccccc1C(=O)Oc1ccc2ccccc2c1,1.0,training
COc1cccc(C=O)c1,0.0,training
CC(=O)OC1CC(C)OC(C)O1,0.0,training
Clc1cc(Cl)c(Cl)cc1Cl,1.0,training
C=C(C)CCl,0.0,training
CSc1nc(N=[N+]=[N-])nc(NC(C)C)n1,0.0,training
O=Cc1ccccc1Cl,0.0,training
O=NN(CCO)CCO,0.0,training
C#C[C@]1(O)CC[C@H]2C3=C(C=C[C@@]21CC)C1=C(CC3)CC(=O)CC1,1.0,training
O=C(c1ccc(O)cc1)c1ccc(O)cc1O,1.0,training
C[C@@H]([C@H](O)c1ccccc1)N(C)C,0.0,training
CCN(Cc1c(F)cccc1Cl)c1c([N+](=O)[O-])cc(C(F)(F)F)cc1[N+](=O)[O-],1.0,training
c1ccc(CNc2ncnc3c2ncn3C2CCCCO2)cc1,1.0,training
CCCCCCCCOc1ccc(C(=O)O)cc1,0.0,training
CC1=NC(C)=C(P2(=O)OCC(C)(C)CO2)C(c2cccc([N+](=O)[O-])c2)C1C(=O)OCCN(Cc1ccccc1)c1ccccc1,0.0,training
CC(C)(C)c1cc(CCC(=O)OCC(COC(=O)CCc2cc(C(C)(C)C)c(O)c(C(C)(C)C)c2)(COC(=O)CCc2cc(C(C)(C)C)c(O)c(C(C)(C)C)c2)COC(=O)CCc2cc(C(C)(C)C)c(O)c(C(C)(C)C)c2)cc(C(C)(C)C)c1O,1.0,training
c1ccc([Bi](c2ccccc2)c2ccccc2)cc1,1.0,training
C[C@H]1CCC[C@H](O)CCCCCc2cc(O)cc(O)c2C(=O)O1,1.0,training
O=S(=O)(O)CO,0.0,training
CC=C1C(=O)C[C@H]2[C@@H]3CC=C4CC(=O)CC[C@]4(C)[C@H]3CC[C@]12C,1.0,training
CC(C)=CCC/C(C)=C/CO,1.0,training
CN(C)c1ccc(C=O)cc1,1.0,training
O=S(=O)(O)c1cc(Cl)c(Cl)cc1Cl,0.0,training
Cc1ccc(C)c(N)c1,1.0,training
CCCCCCCCCCCCCCCCCC(=O)OCCO,1.0,training
CCCCCCCCCCCCCC(=O)OCC(O)CO,0.0,training
CC(=O)CC(=O)Nc1ccccc1C,0.0,training
CCCOc1ccc2nc(NC(=O)OC)sc2c1,1.0,training
C[C@]12CC[C@H]3[C@@H](CC=C4C(Cl)C(=O)CC[C@@]43C)[C@@H]1CC[C@@H]2O,1.0,training
Clc1ccc(Cn2c(CN3CCCC3)nc3ccccc32)cc1,0.0,training
O=S(O)CO,1.0,training
C(=C/c1ccccc1)\c1ccccc1,1.0,training
CC[S+](C)CC,1.0,training
CCCCCCCCCCCCCCCCSCC(COC)COP(=O)([O-])OCC[N+](C)(C)C,0.0,training
CCC(=O)Oc1ccc(/C(CC)=C(\CC)c2ccc(OC(=O)CC)cc2)cc1,1.0,training
O=c1c(-c2ccc(O)cc2)coc2cc(O)ccc12,1.0,training
CN1CSC(=S)N(C)C1,0.0,training
CCCCCCCCCCCCc1ccccc1,0.0,training
Cc1cc(C)c(C)c(O)c1,0.0,training
CCCCCCC(CCCCCCCCCCC(=O)OCC(COC(C)=O)OC(C)=O)OC(C)=O,0.0,training
CCCCOP(=O)(O)OCCCC,1.0,training
C#C[C@]1(OC(C)=O)CC[C@H]2[C@@H]3CCC4=C[C@@H](OC(C)=O)CC[C@@H]4[C@H]3CC[C@@]21C,1.0,training
C=C1CC[C@H](O)C/C1=C/C=C1\CCC[C@]2(C)[C@@H]([C@H](C)/C=C/[C@H](C)C(C)C)CC[C@@H]12,1.0,training
CC(=O)OC(C)C(=O)OCC[N+](C)(C)C,1.0,training
OC[C@H]1O[C@@H](O[C@H]2[C@H](O)[C@@H](O)[C@H](O)O[C@@H]2CO)[C@H](O)[C@@H](O)[C@H]1O,0.0,training
Oc1ccc(C2CNCCc3c2cc(O)c(O)c3Cl)cc1,1.0,training
C=CCc1ccc(OC)c(OC)c1,1.0,training
OCCSSCCO,0.0,training
NNCCc1ccccc1,1.0,training
CCOC(=O)c1ccc(O)cc1,1.0,training
Clc1cc(Cl)c2c(c1)N=C1CCCCCN1C2,1.0,training
CCCCOC(=O)c1ccccc1C(=O)OCc1ccccc1,1.0,training
CCCOC(=O)c1ccc(O)cc1,1.0,training
CCOc1ccc([N+](=O)[O-])cc1,1.0,training
CC(C)N(Cc1ccccc1)C(=O)C(C)(C)C,1.0,training
CC(C)OC(=O)Nc1ccc2[nH]c(-c3cscn3)nc2c1,1.0,training
O=C(O)c1cc(C(=O)O)cc([N+](=O)[O-])c1,0.0,training
Cl[In](Cl)Cl,1.0,training
OC[P+](CO)(CO)CO,0.0,training
C[C@]1(O)CC[C@H]2[C@@H]3CC=C4CC(=O)CC[C@]4(C)[C@@]3(F)[C@@H](O)C[C@@]21C,1.0,training
C[C@]12CCC(=O)C[C@@H]1CC[C@@H]1[C@@H]2CC[C@]2(C)C=CC[C@@H]12,1.0,training
Nc1ccc(C(=O)Oc2ccccc2)c(O)c1,1.0,training
O=C(c1ccc(O)cc1)c1ccc(O)cc1,1.0,training
COC(OC)(C(=O)c1ccccc1)c1ccccc1,1.0,training
CC(C)(OOC(C)(C)c1ccccc1)c1ccccc1,1.0,training
CN(C)NC(=O)CCC(=O)O,1.0,training
Cc1cnc(C(=O)O)c[n+]1[O-],0.0,training
CC(=O)O[C@H]1C[C@@]2(C)[C@@H](C[C@@H](O)[C@H]3[C@@]4(C)CC[C@@H](O)[C@@H](C)[C@@H]4CC[C@@]32C)/C1=C(\CCC=C(C)C)C(=O)O,0.0,training
CCOCCOCC,0.0,training
C=C(C)C(=O)OCCOc1ccccc1,1.0,training
c1ccc2[nH]c(-c3cscn3)nc2c1,1.0,training
C=Cc1cccc(C)c1,0.0,training
O=C1C(=Cc2cccs2)CCCC1=Cc1cccs1,1.0,training
CC(C=O)Cc1ccc2c(c1)OCO2,0.0,training
CCCCCCCCCCCCCC=O,1.0,training
Cc1ccc(C(C)(C)C)cc1,0.0,training
C#CCN(C)[C@H](C)Cc1ccccc1,0.0,training
CCOC(=O)N=C1CN(N2CCOCC2)NO1,0.0,training
CC(C)CCCCCOC(=O)CS,0.0,training
Oc1ccc2c(c1)Cc1ccccc1-2,1.0,training
CCOC(=O)Cl,0.0,training
CCOCCOCCOCC,1.0,training
[Ca+2],0.0,training
CC[C@H](NC(=O)c1cc(F)ccc1NS(=O)(=O)c1cccc2cccnc12)c1ccccc1,0.0,training
O=P1(NCCCl)OCCCN1CCCl,0.0,training
CCCCCCCCCCCCCCC,0.0,training
CCC=O,0.0,training
O=C(O)CC(O)(CC(=O)O)C(=O)O,0.0,training
C1CNCCN1,1.0,training
CC1(C)C(C(=O)O[C@H](C#N)c2cccc(Oc3ccccc3)c2)[C@@H]1C=C(Br)Br,0.0,training
Cc1ccc(N(C)C)cc1,1.0,training
NNc1nncc2ccccc12,1.0,training
O=C(OC(C(=O)O)C(OC(=O)c1ccccc1)C(=O)O)c1ccccc1,0.0,training
Clc1ccccc1-c1ccccc1Cl,1.0,training
CCCSc1ccc2[nH]c(NC(=O)OC)nc2c1,1.0,training
[O-][Cl+3]([O-])([O-])O,1.0,training
CCC(C(N)=O)N1CCCC1=O,1.0,training
CCCCCCC(=O)O[C@H]1CC[C@H]2[C@@H]3CC[C@H]4CC(=O)C=C(C)[C@]4(C)[C@H]3CC[C@]12C,1.0,training
CO[C@H]1[C@@H](O)[C@H](N)[C@@H](O[C@H]2O[C@H]([C@H](C)N)CC[C@H]2N)[C@H](O)[C@@H]1N(C)C(=O)CN,1.0,training
C(CCOCC1CO1)COCC1CO1,0.0,training
Nc1ccc2c3c(cccc13)-c1ccccc1-2,1.0,training
CC(=O)NCCO,1.0,training
CC(=O)OC1CCC(C(C)(C)C)CC1,0.0,training
CC(S)C(=O)NCC(=O)O,0.0,training
CCCCCCCCCCOC(C)=O,1.0,training
COc1ccc(-c2coc3cc(O)ccc3c2=O)cc1,1.0,training
CC1CN1,0.0,training
Nc1ccc([N+](=O)[O-])cc1O,0.0,training
CCC1OCC(COc2ccc(Oc3ccccc3)cc2)O1,1.0,training
C[C@@H](Cc1ccccc1)N(C)C,1.0,training
C=CC(=O)OCCCCCC(C)C,1.0,training
OC[C@@H](O)[C@@H](O[C@@H]1O[C@H](CO)[C@H](O)[C@H](O)[C@H]1O)[C@H](O)[C@@H](O)CO,1.0,training
CCCCCCCCCC(=O)O[C@H]1CC[C@H]2[C@@H]3CC=C4CC(=O)CCC4[C@H]3CC[C@]12C,1.0,training
CCOC(=O)NC(C)(C)Cc1ccc(Cl)cc1,0.0,training
CC1=CCC(=C(C)C)CC1,1.0,training
C#C[C@]1(O)CC[C@H]2[C@@H]3CC=C4CC(=O)CCC4[C@H]3C(=C)C[C@@]21CC,1.0,training
CN1[C@@H]2CC[C@H]1C[C@@H](OC1c3ccccc3CCc3ccccc31)C2,0.0,training
CCCC(=O)CC,1.0,training
CCCCCCCCCCCCCCCCCC(=O)OCCCCCCCCCCCCCC(C)C,1.0,training
C=CC(=O)OCCO,1.0,training
O=C(Oc1ccccc1)c1ccc(O)cc1,1.0,training
CCOC(=O)Cc1ccccc1,0.0,training
CCN(N=O)C(N)=O,0.0,training
O=C(OCCc1ccccc1)c1ccccc1,1.0,training
COc1ccc2nc(N)sc2c1,1.0,training
O=[N+]([O-])c1ccc2c(c1)Cc1ccccc1-2,1.0,training
CN(C)C(=O)Oc1ccc[n+](C)c1,1.0,training
C[N+](C)(C)C,1.0,training
CON(C)C(=O)Nc1ccc(Cl)cc1,0.0,training
CC=Cc1ccc(OC)cc1,0.0,training
COP(=S)(OC)Oc1ccc(SC)c(C)c1,1.0,training
CC1CCCNC1,0.0,training
CC1(N)CCC(C(C)(C)N)CC1,1.0,training
CC1C(=O)CC2C3(C)CCC2(C(C)C(=O)O)C(=O)C13,0.0,training
CCCCC(O)c1ccccc1,1.0,training
CCCCOC(=O)c1ccccc1,1.0,training
CCCCCOC(=O)c1ccc(O)cc1,1.0,training
CC(=O)Nc1ccc2c(c1)Cc1cc(NC(C)=O)ccc1-2,1.0,training
O=NN1CCN(N=O)CC1,0.0,training
CCC(C)(C)C(=O)O[C@H]1C[C@@H](C)C=C2C=C[C@H](C)[C@H](CC[C@@H]3C[C@@H](O)CC(=O)O3)[C@H]21,1.0,training
Nc1ccc(N=Nc2ccc(-c3ccc(N=Nc4c(S(=O)(=O)O)cc5cc(S(=O)(=O)O)c(N=Nc6ccccc6)c(O)c5c4N)cc3)cc2)c(N)c1,0.0,training
CC[N+]1(CCOC(=O)C(O)(c2ccccc2)c2ccccc2)CCCCC1,1.0,training
CCC(C)=NO,0.0,training
O=c1[nH]c2ccccc2o1,0.0,training
Nc1nc(N)c2nc(-c3ccccc3)c(N)nc2n1,1.0,training
COc1ccc(CCC(=O)c2c(O)cc(O[C@@H]3O[C@H](CO)[C@@H](O)[C@H](O)[C@H]3O[C@@H]3O[C@@H](C)[C@H](O)[C@@H](O)[C@H]3O)cc2O)cc1O,0.0,training
Cc1ccc(C(C)C)cc1,0.0,training
Cc1ncsc1CCCl,0.0,training
COC(=O)CCCC(=O)O,0.0,training
Nc1nc(=O)c2nc(CNc3ccc(C(=O)NC(CCC(=O)O)C(=O)O)cc3)cnc2[nH]1,1.0,training
CCCCCCCCN(C)C,0.0,training
C#CC(O)C(CC)CCCC,0.0,training
c1ccc2c(c1)-c1cccc3cccc-2c13,1.0,training
O=P(Cl)(Cl)Cl,0.0,training
NC(=O)Nc1nc2ccccc2[nH]1,0.0,training
CCCCC(CC)COC(=O)Cl,0.0,training
O=C1CCCN1,1.0,training
C#C[C@]1(O)CC[C@H]2[C@@H]3CCC4=CCCC[C@@H]4[C@H]3C(=C)C[C@@]21CC,1.0,training
Cn1ccc2cc3c(cc21)CCN3C(=O)Nc1cccnc1,1.0,training
O=C(Cl)C(Cl)(Cl)Cl,0.0,training
C[C@]12CC[C@H]3[C@@H](CC=C4CC(=O)CC[C@@]43C)[C@@H]1CC[C@@H]2O,1.0,training
S=C=S,0.0,training
CCOc1ccc(O)cc1,0.0,training
C=C[C@H]1CN2CCC1C[C@@H]2[C@@H](O)c1ccnc2ccc(OC)cc12,1.0,training
CC(=O)c1cccc([N+](=O)[O-])c1,0.0,training
NC(=O)NC(=O)Cc1ccccc1,1.0,training
c1ccc(B(c2ccccc2)c2ccccc2)cc1,1.0,training
[TlH3],0.0,training
CN(C)c1ccc(N=O)cc1,1.0,training
O=C(c1ccccc1)c1ccc(O)cc1,1.0,training
CCC(C)(C)C(=O)OC1=C(c2cc(Cl)cc(Cl)c2)C(=O)OC12CCCCC2,1.0,training
CCC(=O)NCCC1CCc2ccc3c(c21)CCO3,1.0,training
O=C(O)c1ccccc1Nc1cccc(C(F)(F)F)c1,0.0,training
Nc1ccccc1C(=O)O,0.0,training
CC(C)c1cccc(C(C)C)c1N1C(=O)c2ccc(O)cc2C1=O,1.0,training
CC/C(C)=N/O[Si](C)(O/N=C(\C)CC)O/N=C(\C)CC,0.0,training
COCCl,0.0,training
C=CCCCCCCCCC(=O)O,0.0,training
C(=NC1CCCCC1)=NC1CCCCC1,1.0,training
O=C(C(O)CO)C(O)CO,0.0,training
O=c1c2ccccc2oc2ccccc12,1.0,training
CC(C)(C)OC(=O)c1cccc(N)c1,1.0,training
CC(C)(c1ccc(OCC2CO2)cc1)c1ccc(OCC2CO2)cc1,0.0,training
CCOC(=O)C(CCc1ccccc1)NC1CS[C@H](c2cccs2)CN(CC(=O)O)C1=O,0.0,training
CC(=NO)c1ccc(OCC(=O)N2CCCCC2)cc1,1.0,training
O=CC=C(c1ccccc1)c1ccccc1,0.0,training
NC(C(=O)NC1C(=O)N2C(C(=O)O)=C(CSc3c[nH]nn3)CS[C@H]12)c1ccc(O)cc1,0.0,training
OCC1CC2CC1C1CCC(CO)C21,0.0,training
CCCCN(CCCC)C(=O)N(CCCC)CCCC,1.0,training
CC1(C)O[C@@H]2C[C@H]3[C@@H]4CC=C5CC(=O)C=C[C@]5(C)[C@@]4(F)[C@@H](O)C[C@]3(C)[C@]2(C(=O)CO)O1,1.0,training
O=C(/C=C/C=C/c1ccc2c(c1)OCO2)N1CCCCC1,1.0,training
c1ccc(N=Nc2ccccc2)cc1,1.0,training
C=CC(=O)OC,0.0,training
O=CCCc1ccccc1,1.0,training
CC(=O)Nc1ccc(C(=O)CCl)cc1,1.0,training
CC(=O)CC(=O)Nc1ccc(C)cc1C,0.0,training
CNC(=O)O/N=C(\C)C(C)S(C)(=O)=O,0.0,training
C=C[C@H]1CN2CC[C@H]1C[C@H]2[C@H](O)c1ccnc2ccc(OC)cc12,1.0,training
CCCCOC(=O)c1ccc(N)cc1,1.0,training
CC(C)C[P+](C)(CC(C)C)CC(C)C,0.0,training
CCCOC(=O)c1cc(O)c(O)c(O)c1,1.0,training
CCCCNC(=O)NS(=O)(=O)c1ccc(N)cc1,0.0,training
CC(C)N(C)C,0.0,training
CCN(CC)CCOc1ccc2nc(N(C)C)sc2c1,1.0,training
CCCCCCCOC(C)=O,1.0,training
CCCN(CCC)C(=O)C(CCC(=O)O)NC(=O)c1ccccc1,0.0,training
OCCCC1CCCCC1,0.0,training
Cc1cc(O)ccc1Cl,1.0,training
COc1ccc2c3c1OC1C(=O)CC[C@H]4[C@@H](C2)N(C)CC[C@]314,0.0,training
CN1CCC(OC(=O)C(Oc2ccc(Cl)cc2)Oc2ccc(Cl)cc2)CC1,0.0,training
Cc1cc(-n2nc3ccc(Cl)cc3n2)c(O)c(C(C)(C)C)c1,1.0,training
Nc1ccc(S(=O)(=O)O)c(N)c1,0.0,training
O=C(CC(=O)c1ccccc1)c1ccccc1,1.0,training
COc1cccc(CCc2ccccc2OCC(CN(C)C)OC(=O)CCC(=O)O)c1,0.0,training
CC1(C)O[C@@H]2C[C@H]3[C@@H]4CC=C5CC(=O)C=C[C@]5(C)[C@H]4[C@@H](O)C[C@]3(C)[C@]2(C(=O)CO)O1,1.0,training
O=P(O)(O)OC[C@H]1O[C@](O)(COP(=O)(O)O)[C@@H](O)[C@@H]1O,1.0,training
N#Cc1ccc(C(=O)O)cc1,0.0,training
O=C(O)CSCC(=O)NC1CCSC1=O,0.0,training
COc1ccc(C(C)=O)cc1,1.0,training
O=C(CCl)C(Cl)Cl,1.0,training
CC(c1ccc(O)cc1)(c1ccc(O)cc1)c1ccc(O)cc1,1.0,training
O=C(O)P(=O)(O)O,1.0,training
CCCCCC/C=C/CCCCCCCC(=O)O,1.0,training
CCc1c(C(=O)NN2CCCCC2)nn(-c2ccc(Cl)cc2Cl)c1-c1ccc(Br)cc1,1.0,training
Cl[C@H]1[C@H](Cl)[C@@H](Cl)[C@H](Cl)[C@@H](Cl)[C@@H]1Cl,1.0,training
C[C@]12C=CC(=O)C=C1CC[C@@H]1C2C(=O)C[C@@]2(C)[C@H]1CC[C@]2(O)C(=O)CO,1.0,training
CC(=O)CCCCn1c(=O)c2c(ncn2C)n(C)c1=O,0.0,training
CCOC(=O)Nc1ccc(NCc2ccc(F)cc2)nc1N,1.0,training
CCCCC(=O)O[C@H]1CC[C@H]2[C@@H]3CCc4cc(O)ccc4[C@H]3CC[C@]12C,1.0,training
CCCc1ccccc1,0.0,training
CC(C)(C)CC(C)(C)c1ccc(O)cc1,1.0,training
CCCCCCCCCCCCCC(=O)O,0.0,training
Cc1ccc(OC(=O)c2ccccc2O)cc1,0.0,training
OC[C@H]1OC(S)[C@H](O)[C@@H](O)[C@@H]1O,0.0,training
CCCCOCCOC(C)=O,0.0,training
COc1ccc(COC(C)=O)cc1,0.0,training
CN[C@@H]1[C@H](O[C@H]2[C@H](O[C@H]3[C@H](O)[C@@H](O)[C@H](N=C(N)N)[C@@H](O)[C@@H]3N=C(N)N)O[C@@H](C)[C@]2(O)CO)O[C@@H](CO)[C@H](O)[C@H]1O,1.0,training
CCN(C(=O)c1cc(C)cc(OC[C@H](C)Nc2ccncc2)c1)C(C)C,0.0,training
O=C(OCCCCCCOC(=O)c1ccccc1)c1ccccc1,1.0,training
CC(=O)NC1CCSC1=O,0.0,training
N=C(N)NCCCC(NC(=O)C1CCCN1C(=O)C1CSSCC(N)C(=O)NC(Cc2ccc(O)cc2)C(=O)NC(Cc2ccccc2)C(=O)NC(CCC(N)=O)C(=O)NC(CC(N)=O)C(=O)N1)C(=O)NCC(N)=O,1.0,training
CC(C)C(C(=O)OC(C#N)c1cccc(Oc2ccccc2)c1)c1ccc(OC(F)F)cc1,0.0,training
O=C(C=Cc1ccccc1)OCc1ccccc1,1.0,training
COc1ccc(C=O)cc1OC,1.0,training
CCN[C@H]1CN(CCCOC)S(=O)(=O)c2sc(S(N)(=O)=O)cc21,0.0,training
CCC(C)CCCC(C)(C)O,1.0,training
O=C1CCC(c2ccc(-n3ccnc3)cc2)=NN1,0.0,training
CCOC(=N)CC(=O)OCC,0.0,training
CCNc1nc(N)nc(Cl)n1,0.0,training
CCC(CC)Nc1c([N+](=O)[O-])cc(C)c(C)c1[N+](=O)[O-],1.0,training
CN(C)C1C(=O)C(C(=O)NCNC(CCCCN)C(=O)O)C(=O)[C@@]2(O)C(=O)C3C(=O)c4c(O)cccc4[C@@](C)(O)C3C[C@@H]12,0.0,training
CCc1ccc(O)c(C(C)(C)C)c1,1.0,training
COc1cc(C[C@@H]2NCCc3cc(O)c(O)cc32)cc(OC)c1OC,0.0,training
CCCCCCOC(=O)CCCCC(=O)OCCCCCC,0.0,training
c1ccc(C2(c3ccccc3)CC2C2=NCCN2)cc1,1.0,training
CCCCCCCC/C=C\CCCCCCCC(N)=O,0.0,training
O=Cc1ccc(C(=O)O)cc1,0.0,training
CC(CO)Oc1ccccc1,0.0,training
CCOP(=S)(OCC)Oc1cc(-c2ccccc2)on1,1.0,training
CC[n+]1ccccc1,0.0,training
C#C[C@]1(O)CC[C@H]2[C@@H]3CCc4cc(OC5CCCC5)ccc4[C@H]3CC[C@@]21C,1.0,training
CCCOc1ccc(C(=O)OCCN(CC)CC)cc1N,0.0,training
Cc1cccc(C)c1[N+](=O)[O-],1.0,training
CC(=O)OC/C=C(/C)CCC=C(C)C,0.0,training
OCc1c2ccccc2cc2ccccc12,1.0,training
O=[N+]([O-])c1cc(C(F)(F)F)ccc1Cl,0.0,training
ClC(Cl)(Cl)C(Cl)(Cl)Cl,0.0,training
Nc1ncc([N+](=O)[O-])s1,1.0,training
CCCCCCC#CC(=O)OC,0.0,training
COc1cc(CCN)cc(OC)c1OC,0.0,training
CCCCCCCCCC(=O)O,0.0,training
CCN(CC)CCNC(=O)COc1ccc(OC)cc1,1.0,training
Oc1ccc(Sc2ccc(O)cc2)cc1,1.0,training
C=C1C[C@@H]2[C@H](CC[C@]3(C)C(=O)CC[C@@H]23)[C@@]2(C)C=CC(=O)C=C12,1.0,training
Oc1ccccc1Cl,0.0,training
CC(=O)[C@@]1(O)CC[C@H]2[C@@H]3CC=C4CC(=O)CC[C@]4(C)[C@H]3CC[C@@]21C,1.0,training
FC(F)(F)C(F)(F)C(F)(F)C(F)(F)CCI,1.0,training
O=C(O)CC(C(=O)O)C(CC(=O)O)C(=O)O,0.0,training
CCCSP(=S)(OCC)Oc1ccc(Cl)cc1Cl,1.0,training
O=C(c1ccccc1)c1ccc(O)cc1O,1.0,training
CC(C)COC(=O)c1ccc(N)cc1,1.0,training
NC1CCN(c2nc3c(cc2F)c(=O)c(C(=O)O)cn3-c2ccc(F)cc2F)C1,0.0,training
Cc1nc(-c2ccc(Cl)cc2)oc1COC(C)(C)C(=O)O,1.0,training
CCCCCCc1ccc(N)cc1,1.0,training
Cc1cc(C2(c3cc(C)c(O)cc3C)OS(=O)(=O)c3ccccc32)c(C)cc1O,1.0,training
CC(=O)CC(=O)c1ccccc1,1.0,training
ClC1=C(Cl)[C@]2(Cl)[C@H]3[C@H]([C@H]4C=C[C@H]3C4)[C@@]1(Cl)C2(Cl)Cl,1.0,training
O=C(OCc1ccccc1)c1ccccc1O,1.0,training
O=C(O)Cn1c2ccccc2c(=O)c2ccccc21,1.0,training
CC(C)(C#N)Nc1nc(Cl)nc(NC2CC2)n1,0.0,training
O=C(OCc1ccccc1)c1ccc(O)cc1,1.0,training
O=C(O)C(F)(F)C(F)(F)C(F)(F)C(F)(F)C(F)(F)F,0.0,training
CN1C(C(=O)Nc2ccccn2)C(=O)c2sccc2S1(=O)=O,0.0,training
CC1CCC(CO)CC1,0.0,training
CN1c2cc(O)c(N=NC(N)=O)cc2CC1S(=O)(=O)O,0.0,training
CCCC(=O)OC(C)(C)Cc1ccccc1,0.0,training
CC(C)=CC(=O)O,1.0,training
CC(C)NC[C@@H](O)COc1ccc(CC(N)=O)cc1,0.0,training
CN1CCN(CCC(=O)N2c3ccccc3Sc3ccc(C(F)(F)F)cc32)CC1,0.0,training
COc1ccc(Nc2ccc(OC)cc2)cc1,1.0,training
Nc1ccc(O)c([N+](=O)[O-])c1,0.0,training
COc1c(C)c2c(c(O)c1C/C=C(\C)CCC(=O)OCCN1CCOCC1)C(=O)OC2,1.0,training
Cc1noc(NS(=O)(=O)c2ccc(N)cc2)c1C,1.0,training
C=Cc1ccc2c(O)c3ccccc3c(O)c2c1,1.0,training
CC(C)CCCCCCOC(=O)C1CCCCC1C(=O)OCCCCCCC(C)C,0.0,training
Oc1ccc(N=Nc2ccccc2)cc1,1.0,training
O=C(CCc1ccc(O)cc1)c1c(O)cc(O)cc1O,1.0,training
CCN(CC)CCc1nc(-c2ccccc2)no1,0.0,training
OCCOc1ccccc1,0.0,training
Cc1ccc(C(=O)c2ccccc2)cc1,1.0,training
O=C(O)Cc1ccc(CCNS(=O)(=O)c2ccc(Cl)cc2)cc1,0.0,training
Cc1ccc(N)c([N+](=O)[O-])c1,1.0,training
c1ccc2c(c1)ccc1c3ccccc3ccc21,0.0,training
O=S(=O)(Cl)c1c(Cl)cccc1Cl,0.0,training
C=CCOc1cc(Cl)ccc1C(=O)NCCN(CC)CC,1.0,training
COc1c(N2CCNC(C)C2)c(F)cc2c(=O)c(C(=O)O)cn(C3CC3)c12,1.0,training
C[C@H]1O[C@@H](O[C@H]2[C@@H](O)C[C@H](O[C@H]3[C@@H](O)C[C@H](O[C@H]4CC[C@@]5(C)[C@H](CC[C@@H]6[C@@H]5C[C@@H](O)[C@]5(C)[C@@H](C7=CC(=O)OC7)CC[C@]65O)C4)O[C@@H]3C)O[C@@H]2C)C[C@H](O)[C@@H]1O,1.0,training
Cc1ccc(S(=O)(=O)NCl)cc1,0.0,training
O=C(O)c1cccc(N(Cc2cccnc2)c2ccc(OC(F)F)c(OC(F)F)c2)c1,0.0,training
CCN1CCCC1CNC(=O)c1cc(S(N)(=O)=O)ccc1OC,0.0,training
NC(=O)C(Cl)(Cl)Cl,1.0,training
CC(C)c1cccc(C(C)C)c1N,0.0,training
CC(=O)OCC(=O)NCCCOc1cccc(CN2CCCCC2)c1,1.0,training
O=Nc1ccc(Nc2ccccc2)cc1,1.0,training
CCCCCc1ccc(C)cc1O,0.0,training
CC(=O)c1c(C)cc(C(C)(C)C)cc1C,0.0,training
O=C(C=Cc1ccccc1)OCCc1ccccc1,1.0,training
CS(=O)(=O)OCCCCOS(C)(=O)=O,1.0,training
CCc1cc(Cl)c(OC)c(C(=O)NC[C@@H]2CCCN2CC)c1O,1.0,training
CN(C)C(=O)Nc1ccc(Cl)cc1,0.0,training
Cc1cccc(CN2CCN(C(c3ccccc3)c3ccc(Cl)cc3)CC2)c1,0.0,training
O=C1OC(=O)c2ccccc21,0.0,training
CCCCOP(=O)(OCCCC)OCCCC,1.0,training
CC(O)CCO,1.0,training
CC[N+](C)(C)Cc1ccccc1Br,0.0,training
C#CCN(C)CCCOc1ccc(Cl)cc1Cl,1.0,training
CC(COCC(C)OC(=O)c1ccccc1)OC(=O)c1ccccc1,1.0,training
CC(=O)OCC(=O)[C@@]1(O)[C@H](C)C[C@H]2[C@@H]3C[C@H](F)C4=CC(=O)C=C[C@]4(C)[C@H]3[C@@H](O)C[C@@]21C,0.0,training
CC(C)(COP(=O)(O)OP(=O)(O)OC[C@H]1O[C@@H](n2cnc3c(N)ncnc32)[C@H](O)[C@@H]1OP(=O)(O)O)C(O)C(=O)NCCC(=O)NCCS,1.0,training
Oc1ccc(-c2ccccc2)c(Cl)c1,1.0,training
Nc1nc(-c2ccc([N+](=O)[O-])cc2)cs1,1.0,training
Cc1cccc(C)c1OCC(=O)N[C@@H](Cc1ccccc1)[C@@H](O)C[C@H](Cc1ccccc1)NC(=O)C(C(C)C)N1CCCNC1=O,0.0,training
C[C@@H]1O[C@@H](OC[C@H]2O[C@@H](Oc3c(-c4ccc(O)c(O)c4)oc4cc(O)cc(O)c4c3=O)[C@H](O)[C@@H](O)[C@@H]2O)[C@H](O)[C@H](O)[C@H]1O,1.0,training
O=c1c(O)c(-c2ccc(O)cc2)oc2cc(O)cc(O)c12,1.0,training
CCCCCCCCCOC(=O)c1ccccc1C(=O)OCCCCCCCCC,0.0,training
C=C[C@@H](C)CCC=C(C)C,0.0,training
CCN(CC)c1cc(C)nc2ncnn12,0.0,training
O=C(O)c1ccccc1O,0.0,training
CCCCCCCCCCCCO,0.0,training
O=C(OCCOCCOC(=O)c1ccccc1)c1ccccc1,0.0,training
CC1(C)CC(O)CC(C)(C)N1[O],0.0,training
Cc1cn([C@H]2C[C@H](N=[N+]=[N-])[C@@H](CO)O2)c(=O)[nH]c1=O,1.0,training
CC(C)NCC(O)c1ccc(N)c(C#N)c1,0.0,training
C[C@]12C[C@H]3S[C@H]3C[C@@H]1CC[C@@H]1[C@@H]2CC[C@]2(C)[C@@H](O)CC[C@@H]12,1.0,training
CN=C(C[N+](=O)[O-])NCCSCc1csc(CN(C)C)n1,0.0,training
CN1CCC(N(Cc2cccs2)c2ccccc2)CC1,0.0,training
CNC(=O)CSP(=S)(OC)OC,0.0,training
Oc1ccc(-c2ccc(O)cc2)cc1,1.0,training
CCC(Cc1c(I)cc(I)c(N)c1I)C(=O)O,0.0,training
CCOC(=O)OC(C)OC(=O)C1N2C(=O)C(NC(=O)C(N)c3ccccc3)[C@H]2SC1(C)C,0.0,training
CCCCCCCc1ccc(O)cc1,1.0,training
O=c1cc(-c2ccc(O)cc2)oc2cc(O)cc(O)c12,1.0,training
C[C@]12C=CC(=O)C=C1CC[C@@H]1[C@@H]2CC[C@@]2(C)[C@H]1CC[C@]2(C)O,1.0,training
NCC(O)c1cccc(O)c1,0.0,training
c1ccc(Nc2cccc3ccccc23)cc1,1.0,training
C=C1C(CCl)(CCl)C2(Cl)C(Cl)C(Cl)C1(Cl)C2(Cl)Cl,1.0,training
O=C(O)CCCCCCCCCCC(=O)O,1.0,training
O=P(c1ccccc1)(c1ccccc1)c1ccccc1,0.0,training
CCN(CC)N=O,1.0,training
C=C(C)CC(C)(C)C,0.0,training
CCCCOCCOC(=O)c1ccccc1C(=O)OCCOCCCC,0.0,training
CCOP(=S)(Oc1ccc([N+](=O)[O-])cc1)c1ccccc1,1.0,training
CC(C)=CCl,1.0,training
CNCCC(Oc1ccccc1OC)c1ccccc1,0.0,training
CCCCCCCCCCCCCl,1.0,training
CN(C(=O)C(Cl)Cl)c1ccc(OC(=O)c2ccco2)cc1,1.0,training
Oc1ccc(C=Cc2cc(O)cc(O)c2)cc1,1.0,training
O=[N+]([O-])c1ccc(F)cc1F,0.0,training
Nc1ccc(S(=O)(=O)O)cc1,1.0,training
CCC(C)(C)c1ccc(O)cc1,1.0,training
C=C(C)C(=O)OCC(CC)CCCC,0.0,training
CCCCCCCCCCCCCCCC(=O)O,1.0,training
COC(=O)c1ccccc1CS(=O)(=O)NC(=O)Nc1nc(OC)cc(OC)n1,0.0,training
CN1CCCC1=O,0.0,training
C=CC[C@]1(O)CC[C@H]2[C@@H]3CCC4=CCCC[C@@H]4[C@H]3CC[C@@]21C,1.0,training
O=C(Cl)c1c(Cl)c(Cl)c(C(=O)Cl)c(Cl)c1Cl,0.0,training
CCCCOc1ccc(C(=O)CCN2CCCCC2)cc1,1.0,training
CC#CCC(C)[C@H](O)/C=C/[C@@H]1[C@H]2c3cccc(CCCC(=O)O)c3O[C@H]2C[C@H]1O,1.0,training
CCN(CC)CC(=O)Nc1c(C)cc(C)cc1C,0.0,training
CCOC(O)=c1cc(O)c(=C(O)C2CC2)c(O)c1,0.0,training
O=C(Cl)c1ccc(C(=O)Cl)cc1,0.0,training
Cc1ccc(C(C)(C)O)cc1,0.0,training
O=c1[nH]c(=O)c2c[nH]nc2[nH]1,0.0,training
COc1ccc(C(=O)c2ccc(OC)cc2O)c(O)c1,1.0,training
CC(C)CCOC(=O)C=Cc1ccccc1,1.0,training
CCCCCCCCCO,0.0,training
O=C(O)c1cc(Cl)cc(Cl)c1,0.0,training
CCCCCCCCCCC=O,1.0,training
CC[C@H]1C[C@H]2[C@@H]3CC=C4CC(=O)CCC4[C@H]3CC[C@]2(C)[C@H]1O,1.0,training
Cc1cccc(/N=N/c2ccc(N(C)C)cc2)c1,1.0,training
CC(C)CCCCCCc1ccc(O)cc1,1.0,training
CC(C)=CCC/C(C)=C/C=C\C(C)=C\C=C\C(C)=C\C=C/C=C(C)/C=C/C=C(C)/C=C\C=C(/C)CCC=C(C)C,1.0,training
Cc1ncc([C@@H](CCCCCCc2ccc3c(n2)NCCC3)CC(=O)O)cn1,0.0,training
CCCCCCc1ccc(O)cc1O,1.0,training
O=S(=O)(Oc1ccc(Cl)cc1Cl)c1ccccc1,1.0,training
CC(C)Oc1ccc2c(=O)c(-c3ccccc3)coc2c1,1.0,training
C#C[C@]1(O)CC[C@H]2[C@@H]3CCc4cc(OC)ccc4[C@H]3CC[C@@]21C,1.0,training
C=C1CC[C@@]2(O)[C@H]3Cc4ccc(O)c5c4[C@@]2(CCN3CC2CC2)[C@H]1O5,1.0,training
CN(C)CCN(C)CCO,0.0,training
CCN1CCCC1CNC(=O)c1cc(S(=O)(=O)CC)c(N)cc1OC,0.0,training
CCN(CC)c1ccc(C(=O)c2ccccc2C(=O)O)c(O)c1,1.0,training
CCCCCCCC/C=C\CCCCCCCC(=O)NCc1ccc(O)c(OC)c1,0.0,training
O=C(O)c1c(Cl)ccc(Cl)c1Cl,0.0,training
CC(C)COC(=O)c1ccc(O)cc1,1.0,training
NC(=O)N/N=C/c1ccc([N+](=O)[O-])o1,0.0,training
CCCCCCI,0.0,training
O=C(O)CNC(=O)c1ccc([N+](=O)[O-])cc1,1.0,training
CCCCC(CC)COC(C)=O,1.0,training
BrC/C=C/CBr,0.0,training
CCOP(=S)(OCC)SCSCC,1.0,training
CCC(C)OC(=O)N1CCCCC1CCO,0.0,training
CNc1ccc([N+](=O)[O-])cc1,1.0,training
CCCCCCCCc1ccc(S(=O)(=O)O)cc1,0.0,training
CC(C)CC(=O)C1C(=O)c2ccccc2C1=O,0.0,training
CN(C)CCc1ccc(O)cc1,0.0,training
O=C(CCN1CCN(CCO)CC1)N1c2ccccc2Sc2ccc(C(F)(F)F)cc21,0.0,training
O=c1cc(-c2ccccc2)oc2ccccc12,1.0,training
CCCCCCCCCc1ccc(O)cc1,1.0,training
O=C(CC(=O)C(F)(F)F)c1ccccc1,1.0,training
COC(=O)C(C)O,0.0,training
O=C1CCc2cc(OCCCCc3nnnn3C3CCCCC3)ccc2N1,0.0,training
CCOc1ccc(N)c([N+](=O)[O-])c1,0.0,training
C[C@]12CCC(=O)C=C1CC[C@@H]1[C@@H]2CC[C@@]2(C)[C@H]1CC[C@]2(C)O,1.0,training
O=C1CCCN1C1CCCCC1,0.0,training
CN1C(C(=O)Nc2ccccn2)C(=O)c2ccccc2S1(=O)=O,0.0,training
OC[C@H]1O[C@@H](O[C@H]2[C@H](O)[C@@H](O)[C@H](O)O[C@@H]2CO)[C@H](O)[C@@H](O)[C@@H]1O,0.0,training
Cc1ccc(Br)cc1,0.0,training
CC1(C)[C@@H](O[C@H]2OC(C(=O)O)[C@@H](O)[C@H](O)[C@H]2O[C@@H]2OC(C(=O)O)[C@@H](O)[C@H](O)[C@H]2O)CC[C@]2(C)C3C(=O)C=C4C5C[C@@](C)(C(=O)O)CC[C@]5(C)CC[C@@]4(C)[C@]3(C)CC[C@@H]12,0.0,training
Nc1ccc(-c2ccccc2)cc1,1.0,training
CCCCNc1ccc(C(=O)OCCOCCOCCOCCOCCOCCOCCOCCOCCOC)cc1,0.0,training
BrCC(Br)C1CCC(Br)C(Br)C1,0.0,training
CC(C)c1ccc(O)c(C(C)C)c1,0.0,training
CC(C)(S)C(=O)NC(CS)C(=O)O,0.0,training
S=C1SCN(Cc2ccccc2)CN1Cc1ccccc1,1.0,training
O=c1c(-c2ccc(O)cc2)coc2cc(O)cc(O)c12,1.0,training
CC(=O)c1ccc(Cl)c(Cl)c1Cl,0.0,training
CCCCCCCC(=O)N(C)C,0.0,training
CC(C(=O)O)c1ccc(N2Cc3ccccc3C2=O)cc1,1.0,training
CC1=C(C(=O)O)N2C(=O)C(NC(=O)C(N)C3=CCC=CC3)[C@H]2SC1,0.0,training
CC(=O)O[C@H]1CC[C@H]2C3=C(C=C[C@]12C)C1=C(CC3)CC(=O)CC1,1.0,training
ClCOCCl,1.0,training
O=NN(c1ccccc1)c1ccccc1,1.0,training
C=CCBr,0.0,training
CCOc1ccc(N=Nc2ccc(N)cc2N)cc1,1.0,training
Cc1ncc(C[n+]2csc(CCOP(=O)(O)OP(=O)(O)O)c2C)c(N)n1,0.0,training
COC(=O)C1[C@H]2C[C@@H]3c4[nH]c5cc(OC)ccc5c4CCN3C[C@H]2C[C@@H](OC(=O)C=Cc2cc(OC)c(OC)c(OC)c2)[C@@H]1OC,0.0,training
CC[C@H](c1ccc(O)cc1)[C@@H](CC)c1ccc(O)cc1,1.0,training
O=C(O)c1nn(Cc2ccc(Cl)cc2Cl)c2ccccc12,1.0,training
C=CCOc1ccc(CC(=O)O)cc1Cl,1.0,training
CCCCC(CC)COC(=O)CC(C(=O)OCC(CC)CCCC)S(=O)(=O)O,1.0,training
Cc1ccccc1Br,0.0,training
CC1(C)C(C(=O)OCc2c(F)c(F)cc(F)c2F)[C@H]1C=C(Cl)Cl,0.0,training
COc1ccc(-c2coc3cc(O)cc(O)c3c2=O)cc1,1.0,training
S=c1nccc[nH]1,1.0,training
CC1(C)O[C@@H]2C[C@H]3[C@@H]4C[C@H](F)C5=CC(=O)C=C[C@]5(C)[C@H]4[C@@H](O)C[C@]3(C)[C@]2(C(=O)CO)O1,0.0,training
COC[C@H](c1ccc(C(F)(F)F)cc1)N1CCN(C2(C)CCN(C(=O)c3c(C)ncnc3C)CC2)C[C@H]1C,0.0,training
C[C@H]1CCCC(=O)CCC=CCc2cc(O)cc(O)c2C(=O)O1,1.0,training
COc1ccc(O)cc1,0.0,training
Cc1nc(=O)c2cc(CN(C)c3ccc(C(=O)NC(CCC(=O)O)C(=O)O)s3)ccc2[nH]1,0.0,training
CC(C)=CCO,0.0,training
CC(=O)CC(=O)Nc1ccccc1,1.0,training
Cc1ccccc1N1CCN(CCc2nnc3n2CCCC3)CC1,1.0,training
OCCN(CCO)CCO,0.0,training
CC(C)CC1C(=O)N2CCC[C@H]2[C@]2(O)O[C@](NC(=O)C3C=C4c5cccc6[nH]c(Br)c(c56)C[C@H]4N(C)C3)(C(C)C)C(=O)N12,0.0,training
Oc1cccc(Nc2ccccc2)c1,1.0,training
CC1(C)Cc2cccc(N)c2O1,0.0,training
O=Cc1ccccc1C=O,1.0,training
CC(C)(C)S,0.0,training
O=[N+]([O-])c1ccc(NCCO)c(OCCO)c1,0.0,training
CC(C)(C)c1ccc(OC(=O)c2ccccc2O)cc1,1.0,training
C[C@]12CCC(=O)C=C1CC[C@@H]1[C@@H]2[C@@H](O)C[C@]2(C)C(C(=O)CO)CC[C@@H]12,0.0,training
C#C[C@]1(O)CC[C@H]2[C@@H]3CC=C4CC(=O)CCC4[C@H]3CC[C@@]21C,1.0,training
O=c1cc(-c2ccccc2)oc2ccc3ccccc3c12,1.0,training
CCOC(=O)c1ccc(OCCN2C[C@H](O)[C@@H](O)[C@H](O)[C@H]2CO)cc1,0.0,training
C#C[C@]1(O)CC[C@H]2[C@@H]3CCC4=CC(=NO)CC[C@@H]4[C@H]3CC[C@@]21CC,1.0,training
Cc1cc(C(=O)NNCc2ccccc2)no1,1.0,training
CC(C)=CC(=O)C=C(C)C,0.0,training
[O-][N+](=Nc1ccccc1)c1ccccc1,1.0,training
CNC(=O)Oc1cccc2c1OC(C)(C)O2,0.0,training
O=S(=O)(O)OOS(=O)(=O)O,1.0,training
CCCCOC(=O)c1ccccc1C(=O)OCC(CC)CCCC,0.0,training
NC(=O)CCCCC1CCSS1,1.0,training
CCCCCCCCCCCCCOP(=O)(O)O,0.0,training
CCN(CC)CCOCCOC(=O)C(CC)(CC)c1ccccc1,1.0,training
N[C@H]1C(O)O[C@H](CO)[C@@H](O)[C@@H]1O,1.0,training
CCCCC(CC)COC(=O)/C=C\C(=O)OCC(CC)CCCC,0.0,training
CN(C)CCC(c1ccc(Cl)cc1)c1ccccn1,0.0,training
CCCn1cc[n+](C)c1,0.0,training
CC(O)CN(CC(C)O)CC(C)O,1.0,training
C1COCO1,0.0,training
O=CC=O,1.0,training
O=C(C(=O)c1ccccc1)c1ccccc1,0.0,training
Cc1cccc(O)c1,0.0,training
CC(=O)c1ccccc1[N+](=O)[O-],0.0,training
CCC1(c2c[nH]cn2)Cc2ccccc2C1,0.0,training
ClC1C(Cl)C(Cl)C(Cl)C(Cl)C1Cl,1.0,training
CCCCCCCCCC(=O)O[C@H]1CC[C@H]2[C@@H]3CC=C4CC(=O)CC[C@]4(C)[C@H]3CC[C@]12C,1.0,training
CC(C)NC(=O)c1ccccc1N,0.0,training
CCCCCCCCCCCCCCCC[N+](C)(C)C,1.0,training
CCOC(=O)C(CCc1ccccc1)NC(C)C(=O)N1Cc2cc(OC)c(OC)cc2CC1C(=O)O,0.0,training
FC(F)(F)c1cccc(C2=CCN(CCc3ccc4ccccc4c3)CC2)c1,0.0,training
CCC(C)C(=O)O[C@H]1CCC=C2C=C[C@H](C)[C@H](CC[C@@H]3C[C@@H](O)CC(=O)O3)[C@H]21,0.0,training
CCOP(=S)(OCC)SCCSCC,0.0,training
CC(C)(C)C(=O)O,0.0,training
COCCOCCOCCO,0.0,training
CCOc1nc(F)cc2nc(S(=O)(=O)Nc3c(Cl)cccc3Cl)nn12,0.0,training
CC(=O)OCC(=O)[C@@]12N=C(C)O[C@@H]1C[C@H]1[C@@H]3CC=C4CC(=O)C=C[C@]4(C)[C@H]3[C@@H](O)C[C@@]12C,1.0,training
O=C(c1ccccc1)c1ccccc1,1.0,training
Cc1cc(-c2ccc(N)c(C)c2)ccc1N,0.0,training
CCCCCCCCCCCCc1ccc(O)cc1,1.0,training
CCN(CC)C(=O)C(C#N)=Cc1cc(O)c(O)c([N+](=O)[O-])c1,0.0,training
CCO[Si](CC)(OCC)OCC,0.0,training
CC[C@H](C)C(C(=O)O)n1sc2ccccc2c1=O,0.0,training
CCOP(=S)(OCC)Oc1ncn(-c2ccccc2)n1,1.0,training
CCCCCCCCCCCCCCNCCO,1.0,training
CCC(C)(C)OC,1.0,training
C=CCOCC(CC)(CO)COCC=C,0.0,training
O=[PH](Oc1ccccc1)Oc1ccccc1,1.0,training
COc1cc(OC)c(OC)cc1C=O,0.0,training
C=CCN(C1=NCCN1)c1c(Cl)cccc1Cl,1.0,training
CN(C)C(C)(C)CO,1.0,training
CCCCN(CCCC)SN(C)C(=O)Oc1cccc2c1OC(C)(C)C2,1.0,training
Nc1nc(N)nc(Cl)n1,0.0,training
CN(C)N=Nc1ccccc1,0.0,training
O=C(Nc1ccccc1SSc1ccccc1NC(=O)c1ccccc1)c1ccccc1,1.0,training
OCCCCCO,1.0,training
O=C(O)c1cccc(-c2noc(-c3ccccc3F)n2)c1,1.0,training
CC(C)N(C(=O)COc1nnc(C(F)(F)F)s1)c1ccc(F)cc1,0.0,training
COc1cccc(OC)c1C(=O)NC1C(=O)N2C(C(=O)O)C(C)(C)S[C@H]12,1.0,training
Cc1cc2nc(N)sc2cc1C,1.0,training
O=C(Oc1ccccc1C(=O)O)c1ccccc1O,1.0,training
CCC(=O)OC1(c2ccccc2)CCN(C)CC1,0.0,valid
CCC(=O)O[C@]1(c2ccccc2)CCN(C)C[C@H]1C,0.0,valid
O=S(=O)(c1ccc(O)cc1)c1ccc(O)cc1,1.0,valid
Nc1ccccc1S(=O)(=O)c1ccccc1,0.0,valid
Nc1cccc(S(=O)(=O)c2cccc(N)c2)c1,0.0,valid
O=S(=O)(c1ccccc1)c1ccccc1,0.0,valid
Nc1ccc(S(=O)(=O)c2ccc(N)cc2)cc1,0.0,valid
O=S(O)CNc1ccc(S(=O)(=O)c2ccc(NCS(=O)O)cc2)cc1,0.0,valid
O=C(O[C@H]1C[C@H]2CC3C[C@@H](C1)N2CC3=O)c1c[nH]c2ccccc12,0.0,valid
CCC(=NOC/C=C/Cl)C1C(=O)CC(C2CCOCC2)CC1=O,0.0,valid
CN(C)C1CSSSC1,0.0,valid
C=CC1(C)OC(=O)N(c2cc(Cl)cc(Cl)c2)C1=O,0.0,valid
Cc1cc(C)c(NC(=O)C[C@H](CC(=O)O)c2cccc3ccccc23)c(C(=O)N2CCC3(CCCC3)CC2)c1,1.0,valid
CC(C)[C@@]1(NC(=O)C2C[C@@H]3c4cccc5[nH]cc(c45)C[C@H]3N(C)C2)O[C@@]2(O)[C@@H]3CCCN3C(=O)C(Cc3ccccc3)N2C1=O,0.0,valid
CC1C(=O)O[C@@H]2CCN3CC=C(COC(=O)[C@](C)(O)[C@]1(C)O)[C@H]23,0.0,valid
O=C(Cc1ccccc1)OCc1ccccc1,0.0,valid
Cc1cnc(NC(=O)C2C(=O)c3ccccc3S(=O)(=O)N2C)s1,1.0,valid
CCC(=O)O[C@H]1[C@@H](N2CCCCC2)C[C@H]2[C@@H]3CC[C@H]4C[C@H](OC(C)=O)[C@@H](N5CCCCC5)C[C@]4(C)[C@H]3CC[C@@]21C,0.0,valid
Cc1ccccc1-n1c(C)nc2ccccc2c1=O,1.0,valid
Cc1ccccc1-n1c(CF)nc2ccc(N)cc2c1=O,1.0,valid
Cc1nc2ccccc2c(=O)n1-c1ccccc1Cl,1.0,valid
CCO[Si](CCC1CCC2OC2C1)(OCC)OCC,0.0,valid
O=S1(=O)OCCO1,0.0,valid
CCCN1CCCC(c2cccc(O)c2)C1,0.0,valid
Nc1c(NC/C=C\COc2cc(CN3CCCCC3)ccn2)c(=O)c1=O,0.0,valid
CC1(C)S[C@@H]2C(NC(=O)C(N)c3ccccc3)C(=O)N2C1C(=O)OCOC(=O)C1N2C(=O)C[C@H]2S(=O)(=O)C1(C)C,0.0,valid
COc1ccc(/N=N/c2cc(C)c(/N=N/c3ccc(S(=O)(=O)O)cc3)cc2OC)cc1,0.0,valid
c1ccc(CN(Cc2ccccc2)Cc2ccccc2)cc1,1.0,valid
CNC1CCCN(c2c(F)cc3c(=O)c(C(=O)O)cn(C4CC4)c3c2OC)C1,0.0,valid
CO[C@@]1(NC(=O)Cc2cccs2)C(=O)N2C(C(=O)O)=C(COC(N)=O)CS[C@@H]21,0.0,valid
CN(C)C(=O)NC1(c2ccccc2)CCN(CC[C@@]2(c3ccc(F)c(F)c3)CN(C(=O)c3ccccc3)CCO2)CC1,0.0,valid
CN[C@@H]1[C@@H](O)[C@@H](O[C@@H]2[C@@H](O)[C@H](OC3OC(CN)=CCC3N)[C@@H](N)C[C@H]2N)OC[C@]1(C)O,0.0,valid
CC(=O)NC[C@H]1CN(c2ccc(N3CCOCC3)c(F)c2)C(=O)O1,1.0,valid
NC(=O)OC[C@@H]1C(=NC(=O)C(NOCC(=O)O)c2csc(N)n2)C(=O)N1S(=O)(=O)O,1.0,valid
C[C@H]1C(=NC(=O)C(NOC(C)(C)C(=O)O)c2csc(N)n2)C(=O)N1S(=O)(=O)O,0.0,valid
CCOC(=O)c1c[nH]c2cc(OCC(C)C)c(OCC(C)C)cc2c1=O,0.0,valid
Cn1cc([S+](C)[O-])c(=O)c2ccc(F)cc21,0.0,valid
CCCCCCCCCCOc1cc2c(=O)c(C(=O)OCC)c[nH]c2cc1OCC,0.0,valid
O=C(NCCc1c[nH]c2ccccc12)c1cccnc1,0.0,valid
CON=C(C(=O)NC1C(=O)N2C(C(=O)O)=C(Cn3nnc(C)n3)CS[C@H]12)c1csc(N)n1,0.0,valid
N=C(N)NCC1COc2ccccc2O1,0.0,valid
COc1cc(C(=O)NS(=O)(=O)c2ccccc2C)ccc1Cc1cn(C)c2ccc(NC(=O)OC3CCCC3)cc12,0.0,valid
COc1cc2c(cc1OC)-c1cc3ccc(OC)c(OC)c3c[n+]1CC2,0.0,valid
O=[N+]([O-])NC1=NCCN1Cc1ccc(Cl)nc1,0.0,valid
O=C1Nc2ccccc2C1=O,0.0,valid
O=C1Nc2ccc([N+](=O)[O-])cc2C1=O,0.0,valid
O=C1C(CC[C@H](O)c2ccc(F)cc2)[C@@H](c2ccc(O)cc2)N1c1ccc(F)cc1,0.0,valid
C1CS1,0.0,valid
c1ccc2c(c1)Sc1ccccc1N2CC1CN2CCC1CC2,0.0,valid
c1ccc2c(c1)Sc1ccccc1N2C[C@@H]1CN2CCC1CC2,0.0,valid
CCN(CC)CC1CCCCN1CC(=O)N1c2ccccc2C(=O)Nc2cccnc21,0.0,valid
O=C(O)c1cc(=O)c2c3nc4ccccc4oc-3cc(=O)c2[nH]1,0.0,valid
COC(=O)c1ccccc1S(=O)(=O)NC(=O)Nc1nc(C)cc(C)n1,0.0,valid
CC(=O)OCC1=C(C(=O)O)N2C(=O)C(N)C2SC1,0.0,valid
c1ccc2cc3c(ccc4ccccc43)cc2c1,1.0,valid
Cc1c2ccccc2c(C)c2c1ccc1ccccc12,1.0,valid
CC1=CC(=O)NS(=O)(=O)O1,0.0,valid
CC1OCCC1=O,0.0,valid
Clc1ccc2c(c1)C(c1ccccc1)=NCc1nncn1-2,0.0,valid
COc1cc([C@@H]2c3cc4c(cc3C(O[C@@H]3O[C@@H]5CO[C@@H](C)O[C@H]5[C@H](O)[C@H]3O)C3COC(=O)C32)OCO4)cc(OC)c1OP(=O)(O)O,1.0,valid
COc1cc([C@@H]2c3cc4c(cc3C(O[C@@H]3O[C@@H]5CO[C@@H](C)O[C@H]5[C@H](O)[C@H]3O)C3COC(=O)C32)OCO4)cc(OC)c1O,0.0,valid
CC(c1ncncc1F)[C@](O)(Cn1cncn1)c1ccc(F)cc1F,0.0,valid
CCCN[C@H]1CCc2nc(N)sc2C1,0.0,valid
CCn1ccnc1CC1COc2ccccc2O1,0.0,valid
N#C[C@@H]1C[C@@H]2C[C@@H]2N1C(=O)C(N)C12CC3CC(CC(O)(C3)C1)C2,0.0,valid
Cc1cnc2c(C(=O)O)c(Cl)ccc2c1,0.0,valid
c1ccc2ncccc2c1,0.0,valid
CCOc1ccc(S(=O)(=O)O)c2cccnc12,1.0,valid
CCCCOc1cc(C(=O)NCCN(CC)CC)c2ccccc2n1,0.0,valid
O=[N+]([O-])c1ccc2ncccc2c1,0.0,valid
Oc1c(I)cc(I)c2cccnc12,0.0,valid
O=[N+]([O-])c1cccc2cccnc12,0.0,valid
O=S(=O)(O)c1ccc(O)c2ncccc12,0.0,valid
CCCCCC(C)OC(=O)COc1ccc(Cl)c2cccnc12,0.0,valid
Oc1ccc(Cl)c2cccnc12,0.0,valid
CC(C)c1ccc2ncccc2c1,0.0,valid
Cc1ccnc2ccccc12,0.0,valid
CCN(CC)CCCC(C)Nc1ccnc2cc(Cl)ccc12,0.0,valid
Cc1cccc2cccnc12,0.0,valid
Cc1ccc2ncccc2c1,0.0,valid
Cc1ccc2ccccc2n1,0.0,valid
O=C(O)c1c(Cl)ccc2cc(Cl)cnc12,0.0,valid
O=S(=O)(O)c1cc(I)c(O)c2ncccc12,0.0,valid
Cc1ccc2cccnc2c1,0.0,valid
CC(=O)O[C@]1(C(C)=O)CC[C@H]2C3=CC(Cl)=C4CC(=O)C5C[C@@H]5[C@]4(C)[C@H]3CC[C@@]21C,0.0,valid
C1CCC(SSC2CCCCC2)CC1,0.0,valid
O=C(O)c1cc2cc(Cc3cccnc3)ccc2o1,1.0,valid
CC(=O)Nc1ccc(OCCOCCOc2ccc(NC(C)=O)cc2)cc1,0.0,valid
CC1(C)CC(=O)CC(C)(C)N1,0.0,valid
CC1(C)CC(=O)CC(C)(C)N1[O],0.0,valid
COC(=O)c1cncn1C(C)c1ccccc1,0.0,valid
O=C(O)/C=C/c1ccc(Cn2ccnc2)cc1,0.0,valid
CCOC(=O)c1cncn1C(C)c1ccccc1,0.0,valid
CCCCN1CCCC1C(=O)Nc1c(C)cc(C)cc1C,0.0,valid
CC(C)c1c(CN(C)C(C)Cc2ccccc2)n(C)n(-c2ccccc2)c1=O,0.0,valid
COc1nc(C)nc(Cl)c1NC1=NCCN1,0.0,valid
CCC1(C)NC(=O)NC1=O,0.0,valid
CC1(C)C(=O)N(Cl)C(=O)N1Cl,1.0,valid
CC1(C)NC(=O)NC1=O,0.0,valid
CC1(C)C(=O)N(Cl)C(=O)N1Br,0.0,valid
CC1(C)C(=O)N(Br)C(=O)N1Cl,0.0,valid
O=C(Oc1ccccc1)c1cccc(C(=O)Oc2ccccc2)c1,1.0,valid
Clc1ccccc1CN1CCc2sccc2C1,1.0,valid
COC(=O)C(c1ccccc1Cl)N1CCc2sccc2C1,1.0,valid
O=C(CCCN1CCN(c2ccccn2)CC1)c1ccc(F)cc1,0.0,valid
c1cc(-c2ccncc2)ccn1,0.0,valid
OCCN1CCN(CCCN2c3ccccc3C=Cc3ccccc32)CC1,0.0,valid
CCN(CC)CCOC(=O)C(O)(c1ccccc1)c1ccccc1,0.0,valid
Oc1ccc(Cc2ccccc2)cc1,1.0,valid
CC(O)(c1ccc(Cl)cc1)c1ccc(Cl)cc1,0.0,valid
Cc1cc(Cc2ccc(N)c(C)c2)ccc1N,0.0,valid
CN(C)CCOc1ccccc1Cc1ccccc1,0.0,valid
CC(C)(c1cc(Br)c(O)c(Br)c1)c1cc(Br)c(O)c(Br)c1,0.0,valid
CN(C)c1ccc(Cc2ccc(N(C)C)cc2)cc1,0.0,valid
CCC(=O)C(CC(C)N(C)C)(c1ccccc1)c1ccccc1,0.0,valid
CNCCCCOc1ccccc1Cc1ccccc1,0.0,valid
CC(C)(c1ccccc1)c1ccccc1,0.0,valid
C#CCOC(C(=O)OCCN(C)C)(c1ccccc1)c1ccccc1,0.0,valid
Oc1ccc(Cc2ccc(O)cc2)cc1,1.0,valid
CCCC(C(=O)OCCN(CC)CC)(c1ccccc1)c1ccccc1,0.0,valid
CC(CC(c1ccccc1)c1ccccc1)NC(C)(C)C,0.0,valid
CC(C)(c1cc(Br)c(OCC(Br)CBr)c(Br)c1)c1cc(Br)c(OCC(Br)CBr)c(Br)c1,0.0,valid
CC(C)(c1ccc(O)cc1)c1ccc(O)cc1,1.0,valid
Nc1ccc(Cc2ccc(N)cc2)cc1,0.0,valid
Clc1ccc(C(c2ccccc2Cl)C(Cl)(Cl)Cl)cc1,1.0,valid
Oc1ccccc1Cc1ccccc1O,0.0,valid
CCC(C)(c1ccc(O)cc1)c1ccc(O)cc1,1.0,valid
CN(C)CCC(O)(c1ccccc1)c1ccccc1Cl,0.0,valid
Cc1cc(C(C)(C)c2ccc(O)c(C)c2)ccc1O,1.0,valid
Oc1ccc(C(c2ccc(O)cc2)(C(F)(F)F)C(F)(F)F)cc1,1.0,valid
CC(c1ccc(O)cc1)c1ccc(O)cc1,1.0,valid
CC[C@H](O)C(C[C@H](C)N(C)C)(c1ccccc1)c1ccccc1,0.0,valid
C=CCOc1c(Br)cc(C(C)(C)c2cc(Br)c(OCC=C)c(Br)c2)cc1Br,0.0,valid
Cc1ccc(O)c([C@H](CCN(C(C)C)C(C)C)c2ccccc2)c1,0.0,valid
Cc1ccc(C(C)(C)c2ccc(C)cc2)cc1,0.0,valid
CC(C)[N+](C)(CCC(C(N)=O)(c1ccccc1)c1ccccc1)C(C)C,0.0,valid
Oc1ccc(Cl)cc1Cc1ccccc1,0.0,valid
N#CC(c1ccccc1)c1ccccc1,0.0,valid
CN(C)C(=O)C(c1ccccc1)c1ccccc1,0.0,valid
CC(C)OC(=O)C(O)(c1ccc(Cl)cc1)c1ccc(Cl)cc1,0.0,valid
CCN(CC)CCSC(=O)C(c1ccccc1)c1ccccc1,0.0,valid
CC(C)(C)c1cc(Cc2cc(C(C)(C)C)c(O)c(C(C)(C)C)c2)cc(C(C)(C)C)c1O,0.0,valid
Cc1cc(C(C)(C)c2cc(C)c(O)c(C)c2)cc(C)c1O,1.0,valid
CC(C)(c1cc(Cl)c(O)c(Cl)c1)c1cc(Cl)c(O)c(Cl)c1,1.0,valid
O=C=Nc1ccc(Cc2ccc(N=C=O)cc2)cc1,0.0,valid
NC(=O)C[S+]([O-])C(c1ccccc1)c1ccccc1,0.0,valid
C[N+](C)(C)CCOC(=O)C(O)(c1ccccc1)c1ccccc1,0.0,valid
Oc1ccc(C(c2ccc(O)cc2)C(Cl)(Cl)Cl)cc1,1.0,valid
[O-][S+](CC(O)=NO)C(c1ccccc1)c1ccccc1,0.0,valid
CC(C)(c1ccccc1)c1ccc(O)cc1,1.0,valid
c1ccc(Cc2ccccc2)cc1,0.0,valid
CCN(CC)CCOC(=O)C(C)(c1ccccc1)c1ccccc1,0.0,valid
NC(=O)Oc1ccc(Cc2ccccc2)cc1,1.0,valid
Oc1ccc(Cc2ccccc2O)cc1,1.0,valid
Clc1ccc(C(c2ccccc2Cl)C(Cl)Cl)cc1,1.0,valid
CC(CCC(=O)O)(c1ccc(O)cc1)c1ccc(O)cc1,1.0,valid
CN(C)CCOC(c1ccccc1)c1ccccc1,0.0,valid
CCN(CC)CCOC(=O)C(c1ccccc1)c1ccccc1,0.0,valid
CC(C)CC(C)(c1ccc(O)cc1)c1ccc(O)cc1,1.0,valid
COc1ccc(C(c2ccc(OC)cc2)C(Cl)(Cl)Cl)cc1,1.0,valid
CNC(=O)C(c1ccccc1)c1ccccc1,0.0,valid
Cc1ccc(C(C)c2ccc(C)c(C)c2)cc1C,0.0,valid
Clc1ccc(C(c2ccc(Cl)cc2)C(Cl)(Cl)Cl)cc1,1.0,valid
CC(CC(C#N)(c1ccccc1)c1ccccc1)N(C)C,0.0,valid
Cc1ccccc1C(OCCN(C)C)c1ccccc1,0.0,valid
CCOC(=O)COc1ccc2c(c1)CC(NCC(O)c1cccc(Cl)c1)CC2,0.0,valid
COC1[C@@H](O[C@@H]2O[C@H](C)[C@@H](O[C@H]3C[C@@](C)(O)[C@H](OC(=O)CC(C)C)[C@H](C)O3)[C@H](N(C)C)[C@H]2O)[C@@H](CC=O)C[C@@H](C)[C@@H](O)C=CC=CC[C@@H](C)OC(=O)C[C@H]1OC(C)=O,0.0,valid
CCC(=O)O[C@@H]1CC(=O)O[C@H](C)CC=CC=C[C@H](O)[C@H](C)C[C@H](CC=O)[C@H](O[C@@H]2O[C@H](C)[C@@H](O[C@H]3C[C@@](C)(O)[C@@H](OC(=O)CC)[C@H](C)O3)[C@H](N(C)C)[C@H]2O)[C@H]1OC,0.0,valid
CO[C@@H]1[C@@H](O[C@@H]2O[C@H](C)[C@@H](O[C@H]3C[C@@](C)(O)[C@@H](OC(=O)CC(C)C)[C@H](C)O3)[C@H](N(C)C)[C@H]2O)[C@@H](CC=O)C[C@@H](C)[C@@H](O)C=CC=CC[C@@H](C)OC(=O)C[C@H]1O,1.0,valid
C[C@]12C=CC3=C(CC=C4CC(=O)CCC43)[C@@H]1CC[C@@H]2O,1.0,valid
CCCCCCCCCCCCCCCC(=O)O[C@@H]1CC(C)=C(/C=C/C(C)=C/C=C/C(C)=C/C=C\C=C(C)\C=C\C=C(C)\C=C\C2=C(C)C[C@@H](OC(=O)CCCCCCCCCCCCCCC)CC2(C)C)C(C)(C)C1,0.0,valid
CC1=C(/C=C/C(C)=C/C=C/C(C)=C/C=C\C=C(C)\C=C\C=C(C)\C=C\C2=C(C)CCCC2(C)C)C(C)(C)CCC1,0.0,valid
Nc1ccn([C@@H]2O[C@H](CO)[C@@H](O)[C@@H]2O)c(=O)n1,1.0,valid
CCCCCOC(=O)Nc1nc(=O)n([C@@H]2O[C@H](C)[C@@H](O)[C@H]2O)cc1F,0.0,valid
Nc1ccn([C@@H]2O[C@H](CO)[C@@H](O)C2(F)F)c(=O)n1,0.0,valid
CCCCCCCCCCCCCCCCCCCCCC(=O)Nc1ccn([C@@H]2O[C@H](CO)[C@@H](O)[C@@H]2O)c(=O)n1,0.0,valid
Nc1ccn([C@H]2CC[C@@H](CO)O2)c(=O)n1,0.0,valid
CCOP(=O)(N=C1SCCS1)OCC,0.0,valid
O=C(O)CCC(=O)Nc1ccc(S(=O)(=O)Nc2nccs2)cc1,0.0,valid
Nc1ccc(S(=O)(=O)Nc2nccs2)cc1,0.0,valid
O=C(O)C=CC(=O)Nc1ccc(S(=O)(=O)Nc2nccs2)cc1,0.0,valid
O=C(CCCN1CC=C(n2c(=O)[nH]c3ccccc32)CC1)c1ccc(F)cc1,0.0,valid
O=C(O)c1cc(O)c2c(c1)C(=O)c1cccc(O)c1C2=O,1.0,valid
Cc1ccc2c(c1[N+](=O)[O-])C(=O)c1ccccc1C2=O,1.0,valid
O=C1c2ccccc2C(=O)c2cc(S(=O)(=O)O)ccc21,0.0,valid
Cc1cc(O)c2c(c1)C(=O)c1cc(O)cc(O)c1C2=O,1.0,valid
Cc1ccc2c(c1)C(=O)c1ccccc1C2=O,1.0,valid
O=C1c2ccccc2C(=O)c2cc(O)ccc21,1.0,valid
Cc1ccc2c(c1N)C(=O)c1ccccc1C2=O,1.0,valid
Nc1ccc2c(c1)C(=O)c1ccccc1C2=O,1.0,valid
Nc1c(Br)cc(Br)c2c1C(=O)c1ccccc1C2=O,0.0,valid
O=C1c2cccc(O)c2C(=O)c2c(O)cccc21,1.0,valid
Nc1ccc(N)c2c1C(=O)c1ccccc1C2=O,0.0,valid
CC(C)Nc1ccc(NC(C)C)c2c1C(=O)c1ccccc1C2=O,0.0,valid
CC(=O)Oc1cccc2c1C(=O)c1c(OC(C)=O)cc(C(=O)O)cc1C2=O,0.0,valid
Nc1c(S(=O)(=O)O)cc(Br)c2c1C(=O)c1ccccc1C2=O,0.0,valid
C[N+]1(CC2COC(c3ccccc3)(C3CCCCC3)O2)CCCCC1,0.0,valid
C[C@H]1COc2c(C3(N)CC3)c(F)cc3c(=O)c(C(=O)O)cn1c23,0.0,valid
C[C@@H]1CC[C@@]2(OC1)O[C@H]1C[C@H]3[C@@H]4CC[C@H]5C[C@@H](O)CC[C@]5(C)[C@H]4CC(=O)[C@]3(C)[C@H]1[C@@H]2C,0.0,valid
C#CCOC(=O)C(C)Oc1ccc(Oc2ncc(Cl)cc2F)cc1,0.0,valid
CCCCCCCCCCCCCCCC(=O)OC/C=C(C)/C=C/C=C(C)/C=C/C1=C(C)CCCC1(C)C,0.0,valid
CC(=O)OC/C=C(C)/C=C/C=C(C)/C=C/C1=C(C)CCCC1(C)C,0.0,valid
C=C(C)[C@H]1CC=C(C)CC1,0.0,valid
C=C(C)C1CC=C(C)C(OC(C)=O)C1,0.0,valid
O=CC1CC=CCC1,0.0,valid
C=CCCC(=O)C=CC1=C(C)CCCC1(C)C,0.0,valid
C=C(C)C1CC=C(C)C(O)C1,0.0,valid
CC1=CCC(C(C)(C)O)CC1,0.0,valid
CC(C)(O)CCCC1=CCC(C=O)CC1,1.0,valid
CC1=CC(C)C(C=O)C(C)C1,0.0,valid
CC1=C(/C=C/C(C)=C/C=C/C(C)=C/CO)C(C)(C)CCC1,0.0,valid
CC1=CC(O)CC(C)(C)C1,0.0,valid
CC(=O)C(C)=CC1=C(C)CCCC1(C)C,0.0,valid
C=C(C)[C@@H]1CC=C(C=O)CC1,0.0,valid
CC1=C(C=O)C(C)(C)CCC1,0.0,valid
CC(=O)OC(C)(C)C1CC=C(C)CC1,1.0,valid
CCOC(=O)C1=C[C@@H](OC(CC)CC)[C@H](NC(C)=O)[C@@H](N)C1,0.0,valid
CC1=C(/C=C/C(C)=C/C=C/C(C)=C\C=O)C(C)(C)CCC1,0.0,valid
C=C(C)C1CC=C(C)CC1,0.0,valid
CC1=C(CC=O)C(C)(C)CCC1,0.0,valid
CCC(=O)C1=C(C)CCC(C(C)C)C1,0.0,valid
CC(C)=CCC[C@](C)(O)[C@@H]1CC=C(C)CC1,0.0,valid
CC(=O)C=CC1=C(C)CCC(C)C1(C)C,0.0,valid
C=CC1CC=CCC1,0.0,valid
CCC(=O)C=CC1=C(C)CCCC1(C)C,0.0,valid
OCC1CC=CCC1,0.0,valid
CC(=O)C=CC1=C(C)CCCC1(C)C,0.0,valid
CC(=O)CCC1=C(C)CCCC1(C)C,0.0,valid
CC(C)=CCC/C(C)=C/CC/C(C)=C/CC=C(C)C=Cc1c(C)c(O)c2ccccc2c1O,0.0,valid
Cc1ccc2ccccc2c1[N+](=O)[O-],0.0,valid
Nc1ccc2cc(S(=O)(=O)O)cc(O)c2c1,0.0,valid
COC(=O)Cc1cccc2ccccc12,0.0,valid
COc1ccc2cc([C@H](C)CO)ccc2c1,1.0,valid
Nc1ccc2cc(S(=O)(=O)O)ccc2c1,0.0,valid
O=C(O)c1ccc2cc(C(=O)O)ccc2c1,0.0,valid
O=C(O)Cc1cccc2ccccc12,0.0,valid
Oc1cccc2ccccc12,0.0,valid
CN(C/C=C/C#CC(C)(C)C)Cc1cccc2ccccc12,0.0,valid
COc1ccc2c(C(=S)N(C)CC(=O)O)cccc2c1C(F)(F)F,0.0,valid
COc1ccc2ccccc2c1,0.0,valid
COc1ccc2cc(CCC(C)=O)ccc2c1,1.0,valid
CCOC(=O)Cc1cccc2ccccc12,0.0,valid
O=S(=O)(O)c1ccc2cc(O)c(S(=O)(=O)O)cc2c1,0.0,valid
Nc1ccc2ccccc2c1S(=O)(=O)O,1.0,valid
Clc1cccc2ccccc12,1.0,valid
Cc1ccc2c(C)cccc2c1,0.0,valid
Oc1ccc2ccccc2c1,1.0,valid
CNC(=O)Oc1cccc2ccccc12,0.0,valid
COC(=O)c1ccc2cc(C(=O)OC)ccc2c1,0.0,valid
COc1ccc2cc(C(C)C(=O)O)ccc2c1,0.0,valid
O=C(O)c1cc2ccccc2cc1O,1.0,valid
NC(=S)Nc1cccc2ccccc12,0.0,valid
CCN(CC)C(=O)C(C)Oc1cccc2ccccc12,0.0,valid
c1ccc2ccccc2c1,0.0,valid
O=[N+]([O-])c1cccc2ccccc12,0.0,valid
Cc1ccc2cc(C)ccc2c1,0.0,valid
CC(C)NCC(O)COc1cccc2ccccc12,1.0,valid
NCCNc1cccc2ccccc12,0.0,valid
NC(=O)Cc1cccc2ccccc12,0.0,valid
Nc1cc(S(=O)(=O)O)cc2cc(S(=O)(=O)O)cc(O)c12,0.0,valid
CC(=O)c1ccc2ccccc2c1,0.0,valid
O=[N+]([O-])c1cc([N+](=O)[O-])c2ccc(S(=O)(=O)O)cc2c1O,0.0,valid
Oc1ccc(O)c2c(O)cccc12,0.0,valid
O=[N+]([O-])c1cc([N+](=O)[O-])c2ccccc2c1,0.0,valid
O=[N+]([O-])c1cccc2c([N+](=O)[O-])cccc12,0.0,valid
Cc1cccc2ccccc12,0.0,valid
CC(C)[N+](C)(C)CC(O)COc1cccc2ccccc12,0.0,valid
Cc1ccc2ccccc2c1,0.0,valid
CC(C)c1ccc2cc(C(C)C)ccc2c1,0.0,valid
O=S(=O)(O)c1cccc2ccccc12,0.0,valid
O=C(O)COc1ccc2ccccc2c1,0.0,valid
Cc1ccc2ccccc2c1C,0.0,valid
COc1ccc(C(=O)CCC(=O)O)c2ccccc12,0.0,valid
CC(C)c1ccc2c(C(C)C)cc(C(C)C)c(S(=O)(=O)O)c2c1,0.0,valid
CCCCc1ccc2cccc(S(=O)(=O)O)c2c1,0.0,valid
O=S(=O)(O)c1ccc2ccccc2c1,0.0,valid
CC(C)NCC(O)c1ccc2ccccc2c1,0.0,valid
Nc1cccc2ccccc12,0.0,valid
Nc1ccc2ccccc2c1,0.0,valid
O=S(=O)(O)c1ccc2cc(O)ccc2c1,0.0,valid
CC(C)NC[C@@H](O)COc1cccc2ccccc12,0.0,valid
NC(=O)N1c2ccccc2CC(=O)c2ccccc21,0.0,valid
CCOP(=O)(SC(C)CC)N1CCSC1=O,0.0,valid
C=C1C(=CC)c2cc3[nH]c(cc4[nH]c(cc5nc(cc1n2)C(CC)=C5C)c(C)c4CCC(=O)O)c(C=CC(=O)O)c3C,1.0,valid
O=C(O)CCCC[C@@H]1SC[C@@H]2NC(=O)N[C@@H]21,0.0,valid
CNS(=O)(=O)CCc1ccc2[nH]cc(C3CCN(C)CC3)c2c1,0.0,valid
COC(=O)[C@]1(C)CCC[C@@]2(C)[C@H]1CC=C1C=C(C(C)C)CC[C@@H]12,0.0,valid
CC(C)C1=CC2=CC[C@@H]3[C@](C)(CCC[C@@]3(C)C(=O)O)[C@H]2CC1,0.0,valid
Clc1ccc(CSC(Cn2ccnc2)c2ccc(Cl)cc2Cl)cc1,0.0,valid
CCCC1([C@H](O)C/C=C/[C@@H]2C(CCCCCCC(=O)OC)C(=O)C[C@H]2O)CCC1,0.0,valid
Cc1ccc(Nc2ccc(O)c3c2C(=O)c2ccccc2C3=O)cc1,0.0,valid
O=C(OC1CN2CCC1CC2)c1ccccc1,0.0,valid
NC(=O)c1cc[n+](CC2=C(C(=O)[O-])N3C(=O)C(NC(=O)Cc4cccs4)[C@H]3SC2)cc1,0.0,valid
CC1=C(/C=C/C(C)=C/C=C/C(C)=C/C=C\C=C(C)\C=C\C=C(C)\C=C\C2=C(C)C(=O)CCC2(C)C)C(C)(C)CCC1=O,1.0,valid
CC(C)CN(C[C@@H](O)[C@H](Cc1ccccc1)NC(=O)O[C@H]1CO[C@H]2OCC[C@H]21)S(=O)(=O)c1ccc(N)cc1,0.0,valid
CN1CCCC(n2nc(Cc3ccc(Cl)cc3)c3ccccc3c2=O)CC1,0.0,valid
O=C1C(=O)c2cccc3cccc1c23,0.0,valid
CCOC(=O)Nc1cccc(OC(=O)Nc2ccccc2)c1,1.0,valid
O=c1c(O)cc2c(O)oc3c(=O)c(O)cc4c(O)oc1c2c43,0.0,valid
CC1CCCC(C)N1NC(=O)c1ccc(Cl)c(S(N)(=O)=O)c1,0.0,valid
CCCC1CCOC(C)S1,0.0,valid
C[C@H](CCC(=O)O)[C@H]1CC[C@H]2C3C(=O)C[C@@H]4CC(=O)CC[C@]4(C)[C@H]3CC(=O)[C@]12C,0.0,valid
C(=C(c1ccccc1)c1ccccc1)c1ccccc1,1.0,valid
CC/C(=C(\c1ccccc1)c1ccc(OCCN(C)C)cc1)c1ccccc1,1.0,valid
COc1ccc(C(Cl)=C(c2ccc(OC)cc2)c2ccc(OC)cc2)cc1,0.0,valid
COc1cccc2c(O)c3c(c(O)c12)C(=O)C1=C(C[C@@](O)(C(=O)CO)C[C@@H]1O[C@H]1C[C@H](N)[C@H](O)[C@H](C)O1)C3=O,0.0,valid
COc1cccc2c(O)c3c(c(O)c12)C(=O)C1=C(C[C@@](O)(C(C)=O)C[C@@H]1O[C@H]1C[C@H](N)[C@H](O)[C@H](C)O1)C3=O,1.0,valid
O=S(=O)(O)OC[C@H]1O[C@@](COS(=O)(=O)O)(O[C@H]2O[C@H](COS(=O)(=O)O)[C@@H](OS(=O)(=O)O)[C@H](OS(=O)(=O)O)[C@H]2OS(=O)(=O)O)[C@@H](OS(=O)(=O)O)[C@@H]1OS(=O)(=O)O,1.0,valid
OC[C@H]1O[C@@](CO)(O[C@H]2O[C@H](CO)[C@@H](O)[C@H](O)[C@H]2O)[C@@H](O)[C@@H]1O,0.0,valid
OC[C@H]1O[C@H](O[C@@]2(CO)O[C@@H](O)[C@H](O)[C@@H]2O)[C@H](O)[C@@H](O)[C@@H]1O,0.0,valid
CC(=O)OC[C@H]1O[C@@](COC(C)=O)(O[C@H]2O[C@H](COC(C)=O)[C@@H](OC(C)=O)[C@H](OC(C)=O)[C@H]2OC(C)=O)[C@@H](OC(C)=O)[C@@H]1OC(C)=O,0.0,valid
OC[C@H]1O[C@H](O[C@]2(CCl)O[C@H](CCl)[C@@H](O)[C@@H]2O)[C@H](O)[C@@H](O)[C@H]1Cl,0.0,valid
CN(C(=O)Cc1cccc2occc12)[C@H]1CC[C@@]2(CCCO2)C[C@@H]1N1CCCC1,0.0,valid
CC(NNC(=O)c1ccccc1)c1ccccc1,1.0,valid
Clc1ccccc1-c1nnc(-c2ccccc2Cl)nn1,1.0,valid
O=c1oc(=O)c2cc3c(=O)oc(=O)c3cc12,0.0,valid
O=c1[nH]c(O)cn1N=Cc1ccc([N+](=O)[O-])o1,0.0,valid
CN1CCCC(CN2c3ccccc3Sc3ccccc32)C1,0.0,valid
COc1ccccc1N1CCN(CCCNc2cc(=O)n(C)c(=O)n2C)CC1,0.0,valid
O=c1[nH]c2ccc([S+]([O-])CCN3CCC(Cc4ccc(F)cc4)CC3)cc2o1,1.0,valid
COc1cc2[nH]c(C)c(CCN3CCN(c4ccccc4)CC3)c2cc1OC,0.0,valid
C1CN(SSN2CCOCC2)CCO1,0.0,valid
CCC1(C2=NCCN2)Cc2ccccc2O1,0.0,valid
O=C(NCc1cccnc1)Nc1ccc([N+](=O)[O-])cc1,0.0,valid
NC(=O)N1c2ccccc2C=Cc2ccccc21,0.0,valid
Nc1nc(=O)c2c([nH]1)NCC(CNc1ccc(C(=O)NC(CCC(=O)O)C(=O)O)cc1)N2C=O,0.0,valid
CN1c2c([nH]c(N)nc2=O)NCC1CNc1ccc(C(=O)NC(CCC(=O)O)C(=O)O)cc1,0.0,valid
O=C(C1CCCCC1)N1CC(=O)N2CCc3ccccc3C2C1,1.0,valid
CC(=O)SC(C(=O)NC1Cc2ccccc2[C@H]2CCCC(C(=O)O)N2C1=O)C(C)C,0.0,valid
CC1CCCC1,0.0,valid
CCC1CCC(CCC(=O)O)C1,1.0,valid
CCCCCCCC(=O)CC[C@@H]1[C@@H](C/C=C\CCCC(=O)OC(C)C)[C@@H](O)C[C@H]1O,0.0,valid
CCCCC[C@H](O)/C=C/[C@@H]1[C@@H](C/C=C\CCCC(=O)O)[C@@H](O)C[C@H]1O,1.0,valid
OC1CCCC1,0.0,valid
CON=C(C(=O)NC1C(=O)N2C(C(=O)[O-])=C(C[n+]3cccc4c3CCC4)CS[C@H]12)c1csc(N)n1,0.0,valid
CCOc1nc(C(Cl)(Cl)Cl)ns1,0.0,valid
O=C1CCC(c2ccccc2)(C2CCN(Cc3ccccc3)CC2)C(=O)N1,0.0,valid
CC(=O)c1ccc[nH]1,0.0,valid
Oc1ccc(O)n1Cl,0.0,valid
OCn1c(O)ccc1O,0.0,valid
C[C@]12CCC(=O)C[C@@H]1CC[C@@H]1[C@@H]2CC[C@@]2(C)[C@H]1CC[C@]2(C)O,1.0,valid
C[C@]12CC(C=O)C(=O)C[C@@H]1CC[C@@H]1[C@@H]2CC[C@@]2(C)[C@H]1CC[C@]2(C)O,1.0,valid
C[C@]12CCC(=O)C[C@@H]1CC[C@@H]1[C@@H]2CC[C@]2(C)[C@@H](O)CC[C@@H]12,1.0,valid
C=CCn1c(=O)n([C@@H]2O[C@H](CO)[C@@H](O)[C@H]2O)c2[nH]c(N)nc(=O)c21,0.0,valid
Oc1ccc2ccc3cccc4ccc1c2c34,1.0,valid
O=[N+]([O-])c1ccc2ccc3cccc4ccc1c2c34,0.0,valid
Cc1ccc2ccc3cccc4ccc1c2c34,0.0,valid
O=C(O)CCCCCCNC1c2ccccc2CCc2ccccc21,0.0,valid
NC(=O)C1c2ccccc2CCc2ccccc21,0.0,valid
C#CCC(Cc1cnc2nc(N)nc(N)c2n1)c1ccc(C(=O)NC(CCC(=O)O)C(=O)O)cc1,0.0,valid
C1=CCC(c2ccccc2)CC1,0.0,valid
CCOC(=O)C1=C[C@]2(CC)CCCN3CCc4c(n1c1ccccc41)[C@@H]32,0.0,valid
CCCN(CCC)C(=O)C(CCC(=O)OCCCN1CCN(CCOC(=O)Cc2c(C)n(C(=O)c3ccc(Cl)cc3)c3ccc(OC)cc23)CC1)NC(=O)c1ccccc1,1.0,valid
O=C(NCNC(=O)Nc1c(O)[nH]c(=O)n1CO)Nc1c(O)[nH]c(=O)n1CO,0.0,valid
C[C@]12CC[C@@H]3C4=C(CC[C@H]3[C@@H]1CC[C@@H]2O)CC(=O)CC4,1.0,valid
NCC1(Cc2nc(=O)o[nH]2)CCCCC1,0.0,valid
CO[C@H]1O[C@@H]2O[C@]3(C)CC[C@H]4[C@H](C)CC[C@@H]([C@H]1C)C24OO3,0.0,valid
C[C@H]1[C@H](OC(=O)CCC(=O)O)O[C@@H]2O[C@]3(C)CC[C@H]4[C@H](C)CC[C@@H]1C24OO3,0.0,valid
CC(C)C1(C)N=C(c2ncccc2C(=O)O)NC1=O,0.0,valid
O=C(OCCOCCOCCOC(=O)c1ccccc1)c1ccccc1,0.0,valid
CN(C)CCOC1=Cc2ccccc2Sc2ccc(Cl)cc21,0.0,valid
CCC1(c2ccc(N)cc2)CCC(=O)NC1=O,0.0,valid
Cc1cc(C2CC2)nc(Nc2ccccc2)n1,1.0,valid
O=c1[nH]cnc2c1ncn2[C@H]1CC[C@@H](CO)O1,0.0,valid
O=c1[nH]cnc2c1ncn2[C@@H]1O[C@H](CO)[C@@H](O)[C@H]1O,0.0,valid
COc1nccnc1NS(=O)(=O)c1ccc(N)cc1,0.0,valid
COc1cc(OC)nc(NC(=O)NS(=O)(=O)c2ncccc2C(=O)N(C)C)n1,0.0,valid
O=C(C(=O)c1ccco1)c1ccco1,0.0,valid
CC(C)CCC[C@@H](C)[C@H]1CC(=O)C2=C3CC[C@H]4C[C@@H](O)CC[C@]4(C)C3CC[C@@]21C,0.0,valid
CC(=O)OCC(=O)C1CC[C@H]2[C@@H]3CC[C@H]4C[C@H](O)CC[C@]4(C)C3C(=O)C[C@]12C,0.0,valid
CC(=O)C1CC[C@H]2[C@@H]3CC[C@H]4C[C@H](O)CC[C@]4(C)C3C(=O)C[C@]12C,0.0,valid
O=C(O)c1cc(=O)c2c(OCC(O)COc3cccc4oc(C(=O)O)cc(=O)c34)cccc2o1,0.0,valid
O=C(Cn1ccnc1[N+](=O)[O-])NCc1ccccc1,0.0,valid
NC[C@H]1O[C@H](O[C@H]2[C@H](O[C@@H]3O[C@H](CO)[C@@H](O)[C@H]3O)C(O)[C@H](N)C[C@@H]2N)[C@H](N)[C@@H](O)[C@@H]1O,0.0,valid
c1ccc(C2CC2)c(OCC2=NCCN2)c1,0.0,valid
Nc1cnn(-c2ccccc2)c(=O)c1Cl,0.0,valid
CNc1cnn(-c2cccc(C(F)(F)F)c2)c(=O)c1Cl,1.0,valid
CCOC(=O)COc1cc(-n2ncc(C(F)(F)F)c(C)c2=O)c(F)cc1Cl,0.0,valid
CC(=O)Nc1ccc(S(=O)(=O)Nc2cc(C)on2)cc1,0.0,valid
Cc1cc(NS(=O)(=O)c2ccc(N)cc2)no1,0.0,valid
CCOC(=O)NNc1ccc(N(CC)CC(C)O)nn1,0.0,valid
Cn1c(=O)c2c(ncn2CCOC(=O)C(C)(C)Oc2ccc(Cl)cc2)n(C)c1=O,0.0,valid
CC(CN=Cc1ccccc1O)N=Cc1ccccc1O,0.0,valid
CCCC=c1ncc(=CC(Cc2cccs2)C(=O)O)n1Cc1ccc(C(=O)O)cc1,0.0,valid
Cc1[nH]cnc1CC1CCc2c(C)c3ccccc3n2C1=O,0.0,valid
Cc1ccc(S(=O)(=O)NC(=O)NC2CCCC2)cc1,0.0,valid
O=C1c2ccccc2C(=O)N1SC1CCCCC1,0.0,valid
CCCCC/C=C\CCC(=O)N[C@H]1[C@H](Oc2c3cc4cc2Oc2ccc(cc2Cl)[C@@H](O[C@@H]2O[C@H](CO)[C@@H](O)[C@H](O)[C@H]2NC(C)=O)C2NC(=O)C(NC(=O)C4NC(=O)C4NC(=O)C(Cc5ccc(c(Cl)c5)O3)NC(=O)C(N)c3ccc(O)c(c3)Oc3cc(O)cc4c3)c3ccc(O)c(c3)-c3c(O[C@H]4O[C@H](CO)[C@@H](O)[C@H](O)[C@@H]4O)cc(O)cc3C(C(=O)O)NC2=O)O[C@H](CO)[C@@H](O)[C@@H]1O,0.0,valid
C=C(c1ccc(C(=O)O)cc1)c1cc2c(cc1C)C(C)(C)CCC2(C)C,0.0,valid
CC1(CO)CN(c2ccccc2)NC1=O,0.0,valid
CC1CN(c2ccccc2)NC1=O,1.0,valid
O=C1CCN(c2ccccc2)N1,0.0,valid
C[N+]1(CC2COC(c3ccccc3)(c3ccccc3)O2)CCCCC1,0.0,valid
NC[C@H]1O[C@H](O[C@H]2[C@H](O)[C@@H](O[C@H]3O[C@H](CO)[C@@H](O)[C@H](N)[C@H]3O)[C@H](N)C[C@@H]2N)[C@H](N)C[C@@H]1O,0.0,valid
NC[C@H]1O[C@H](O[C@H]2[C@H](O)[C@@H](O[C@H]3O[C@H](CO)[C@@H](O)[C@H](N)[C@H]3O)[C@H](N)C[C@@H]2N)[C@H](O)[C@@H](O)[C@@H]1O,0.0,valid
NC[C@@H]1CC[C@@H](N)[C@@H](O[C@H]2[C@H](O)[C@@H](O[C@H]3O[C@H](CO)[C@@H](O)[C@H](N)[C@H]3O)[C@H](N)C[C@@H]2N)O1,1.0,valid
NCCC(O)C(=O)N[C@@H]1C[C@H](N)[C@@H](O[C@H]2O[C@H](CN)[C@@H](O)[C@H](O)[C@H]2O)[C@H](O)[C@H]1O[C@H]1O[C@H](CO)[C@@H](O)[C@H](N)[C@H]1O,1.0,valid
CN[C@@H]1[C@@H](O)[C@@H](O[C@@H]2[C@@H](O)[C@H](O[C@H]3O[C@H](CN)[C@@H](O)[C@H](O)[C@H]3O)[C@@H](N)C[C@H]2NC(=O)C(O)CN)OC[C@]1(C)O,0.0,valid
COc1cc2nc(N3CCN(C(=O)C4COc5ccccc5O4)CC3)nc(N)c2cc1OC,0.0,valid
CC(C)CC(N(C)C)C1(c2ccc(Cl)cc2)CCC1,0.0,valid
COc1c2occc2c(OC)c2c(=O)cc(C)oc12,0.0,valid
Oc1oc(O)c2c1CC=CC2,0.0,valid
OC12N=C(c3ccccc3)SC1Cc1cc(Cl)ccc12,1.0,valid
O=C1CCCc2c1cc1ccc3cccc4ccc2c1c34,1.0,valid
CCN(CCCCOC(=O)c1ccc(OC)c(OC)c1)C(C)Cc1ccc(OC)cc1,0.0,valid
CC(=O)O[C@]1(C(C)=O)CC[C@H]2C3=CC(C)=C4CC(=O)CC[C@]4(C)[C@H]3CC[C@@]21C,0.0,valid
CC(=O)[C@@]1(O)CC[C@H]2C3=CC(Cl)=C4CC(=O)CC[C@]4(C)[C@H]3CC[C@@]21C,1.0,valid
CC(=O)C1CC[C@H]2C3=CC=C4CC(=O)CC[C@@]4(C)[C@@H]3CC[C@]12C,0.0,valid
OCC1CO1,0.0,valid
CCCCCCCCCCCCC1CO1,0.0,valid
C=CC1CO1,0.0,valid
C[N+](C)(C)CC1CO1,0.0,valid
C=C(C)C(=O)OCC1CO1,0.0,valid
BrCC1CO1,0.0,valid
C[C@@H]1O[C@@H]1P(=O)(O)O,1.0,valid
CC(C)OCC1CO1,0.0,valid
CCCCCCCCC1CO1,0.0,valid
CCC1CO1,1.0,valid
ClCC1CO1,0.0,valid
CC(C)(C)OCC1CO1,0.0,valid
CCCCOCC1CO1,0.0,valid
CCCCCCCCCCCCCCC1CO1,0.0,valid
C=CCOCC1CO1,0.0,valid
CO[Si](CCCOCC1CO1)(OC)OC,0.0,valid
CCCCC(CC)COCC1CO1,0.0,valid
CCCCCCCCCCC1CO1,0.0,valid
CCCCCCCCCCCCOCC1CO1,0.0,valid
CCO[Si](C)(CCCOCC1CO1)OCC,0.0,valid
c1ccc(OCC2CO2)cc1,0.0,valid
CC(C)(C)c1ccc(OCC2CO2)cc1,1.0,valid
Cc1ccccc1OCC1CO1,0.0,valid
OCC(CO)n1cnc(-c2ccc(F)cc2)c1-c1ccnc(Oc2ccccc2)n1,0.0,valid
COc1cc(OC)c2ccc(=O)oc2c1,0.0,valid
Cc1cc(=O)oc2cc(N(C)C)ccc12,0.0,valid
Cc1ccc2oc(=O)ccc2c1,0.0,valid
Cc1c(Cl)c(=O)oc2cc(OP(=O)(OCCCl)OCCCl)ccc12,0.0,valid
Cc1cc(=O)oc2cc(O)ccc12,0.0,valid
C#CCOc1ccc2c(C)cc(=O)oc2c1,0.0,valid
O=c1ccc2ccccc2o1,1.0,valid
CCOP(=S)(OCC)Oc1ccc2c(C)c(Cl)c(=O)oc2c1,0.0,valid
CCOC(=O)COc1ccc2c(C)c(CCN(CC)CC)c(=O)oc2c1Cl,0.0,valid
CCN(CC)c1ccc2c(C)cc(=O)oc2c1,0.0,valid
CC(C)C(=O)c1c(C(C)C)nn2ccccc12,0.0,valid
CCn1nc(C(=O)O)c(=O)c2cc3c(cc21)OCO3,0.0,valid
CC1(C)C(=O)C(C)(C)C1=O,0.0,valid
Nc1nc(NC2CC2)c2ncn([C@@H]3C=C[C@@H](CO)C3)c2n1,1.0,valid
CCc1ccc(C(=O)NN(C(=O)c2cc(C)cc(C)c2)C(C)(C)C)cc1,0.0,valid
COc1cccc(C(=O)NN(C(=O)c2cc(C)cc(C)c2)C(C)(C)C)c1C,0.0,valid
CC1(C)C(/C=C\C=C/C=C\C=C2\N(CCCCS(=O)(=O)O)c3ccc4ccccc4c3C2(C)C)=[N+](CCCCS(=O)(=O)[O-])c2ccc3ccccc3c21,0.0,valid
COC(=O)C1=C(C)N=C(C)C(C(=O)O[C@H]2CCN(Cc3ccccc3)C2)[C@H]1c1cccc([N+](=O)[O-])c1,0.0,valid
CC=C(c1ccc(O)cc1)C(CC)c1ccc(O)cc1,1.0,valid
O=C(CC(C(=O)OC1CCCCC1)S(=O)(=O)O)OC1CCCCC1,0.0,valid
O1[As]2O[As]3O[As]1O[As](O2)O3,1.0,valid
CC12CCC(C[N+](C)(CCC[N+](C)(C)C)C1)C2(C)C,0.0,valid
C[Si]1(C)O[Si](C)(C)O[Si](C)(C)O1,0.0,valid
O=C(O)Cc1cc(I)c(Oc2ccc(O)c(I)c2)c(I)c1,1.0,valid
Brc1ccc(Oc2ccc(Br)cc2Br)c(Br)c1,1.0,valid
Brc1cc(Br)c(Oc2cc(Br)c(Br)cc2Br)cc1Br,0.0,valid
Brc1cc(Oc2cc(Br)c(Br)c(Br)c2Br)c(Br)c(Br)c1Br,0.0,valid
BrCc1cccc(Oc2ccccc2)c1,1.0,valid
Brc1ccc(Oc2ccccc2)cc1,0.0,valid
O=C(O)c1cccc(Oc2ccccc2)c1,0.0,valid
NC(Cc1cc(I)c(Oc2ccc(O)c(I)c2)c(I)c1)C(=O)O,1.0,valid
NC(Cc1cc(I)c(Oc2cc(I)c(O)c(I)c2)c(I)c1)C(=O)O,0.0,valid
CC(C(=O)O)c1cccc(Oc2ccccc2)c1,0.0,valid
CS(=O)(=O)NC(=O)c1cc(Oc2ccc(C(F)(F)F)cc2Cl)ccc1[N+](=O)[O-],0.0,valid
Oc1ccc(Oc2ccccc2)cc1,1.0,valid
c1ccc(Oc2ccccc2)cc1,0.0,valid
Cc1cccc(Oc2ccccc2)c1,0.0,valid
COc1cc(Cl)ccc1Oc1ccc(Cl)cc1Cl,0.0,valid
NC(Cc1ccc(Oc2cc(I)c(O)c(I)c2)c(I)c1)C(=O)O,0.0,valid
O=[N+]([O-])c1ccc(Oc2ccc([N+](=O)[O-])cc2)cc1,0.0,valid
NNS(=O)(=O)c1ccc(Oc2ccc(S(=O)(=O)NN)cc2)cc1,0.0,valid
O=C(O)Cc1ccccc1Oc1ccc(Cl)cc1Cl,0.0,valid
OCc1cccc(Oc2ccccc2)c1,1.0,valid
CS(=O)(=O)Nc1ccc([N+](=O)[O-])cc1Oc1ccccc1,0.0,valid
O=[N+]([O-])c1ccc(Oc2ccc(Cl)cc2Cl)cc1,0.0,valid
Brc1ccc(Oc2cc(Br)c(Br)cc2Br)c(Br)c1,1.0,valid
COC(=O)C(C)Oc1ccc(Oc2ccc(Cl)cc2Cl)cc1,0.0,valid
Nc1ccc(Oc2ccc(Cl)cc2)cc1,0.0,valid
Nc1ccc(Oc2ccc(N)cc2)cc1,0.0,valid
CCCCNc1cc(C(=O)O)cc(S(N)(=O)=O)c1Oc1ccccc1,0.0,valid
Brc1ccc(Oc2ccc(Br)cc2)cc1,0.0,valid
CCCCOC(=O)C(C)Oc1ccc(Oc2ccc(C#N)cc2F)cc1,0.0,valid
CN1C(=O)N(C)C(O)C1O,0.0,valid
O=C1NCCN1,0.0,valid
NCCN1CCNC1=O,0.0,valid
O=C1NCCN1CCO,0.0,valid
CCN(Cc1ccncc1)C(=O)C(CO)c1ccccc1,0.0,valid
O=C(NC(=O)c1c(F)cccc1F)Nc1ccc(Cl)cc1,1.0,valid
O=C(NC(=O)c1c(F)cccc1F)Nc1cc(Cl)c(F)c(Cl)c1F,0.0,valid
O=C(NC(=O)c1c(F)cccc1F)Nc1ccc(OC(F)(F)C(F)OC(F)(F)F)c(Cl)c1,0.0,valid
O=C(NC(=O)c1c(F)cccc1F)Nc1cc(Cl)c(OC(F)(F)C(F)C(F)(F)F)cc1Cl,0.0,valid
O=C(NC(=O)c1ccccc1Cl)Nc1ccc(OC(F)(F)F)cc1,0.0,valid
CC(=O)c1ccc(S(=O)(=O)NC(=O)NC2CCCCC2)cc1,0.0,valid
Cc1ccc(S(=O)(=O)NC(=O)NC2CCCCC2)cc1,0.0,valid
c1ccc2c(c1)Oc1ccccc1O2,0.0,valid
Clc1cc2c(cc1Cl)Oc1cc(Cl)c(Cl)cc1O2,0.0,valid
O=C1C(I)=CC(=C(c2cc(I)c(O)c(I)c2)c2ccccc2C(=O)O)C=C1I,0.0,valid
CCOC(=O)c1ccccc1C(=C1C=C(Br)C(=O)C(Br)=C1)c1cc(Br)c(O)c(Br)c1,0.0,valid
COc1cc(C(C)=O)ccc1OCCCN1CCC(c2noc3cc(F)ccc23)CC1,0.0,valid
O=C(O)c1ccc2[nH]cc(CCCCN3CC=C(c4ccccc4)CC3)c2c1,0.0,valid
Oc1ccc2[nH]cc(CCCCN3CC=C(c4ccccc4)CC3)c2c1,0.0,valid
c1ccc(-c2nc[nH]c2-c2ccccc2)cc1,0.0,valid
CCN1CC(CCN2CCOCC2)C(c2ccccc2)(c2ccccc2)C1=O,0.0,valid
O=Cc1cc2ccccc2o1,0.0,valid
c1ccc2occc2c1,0.0,valid
CC1CC(OC(=O)c2ccccc2O)CC(C)(C)C1,0.0,valid
CC1CCC(C(C)C)C(OC(=O)c2ccccc2N)C1,1.0,valid
CC(C)C1CCC(C(=O)NC(Cc2ccccc2)C(=O)O)CC1,0.0,valid
CON=C(C(=O)NC1C(=O)N2C(C(=O)O)=C(C[N+]3(C)CCCC3)CS[C@H]12)c1csc(N)n1,0.0,valid
CN(C)C/C=C(/c1ccc(Br)cc1)c1cccnc1,0.0,valid
O=C1c2ccccc2C(=O)C1c1nc2ccccc2c(Br)c1O,0.0,valid
O=C1c2ccccc2C(=O)C1c1ccc2cc(S(=O)(=O)O)cc(S(=O)(=O)O)c2n1,0.0,valid
CC(CN1CC(=O)NC(=O)C1)N1CC(=O)NC(=O)C1,0.0,valid
CC(C)COC(=O)OCN1C(=O)CN(CCN2CC(=O)N(COC(=O)OCC(C)C)C(=O)C2)CC1=O,0.0,valid
C[C@]12CC[C@H]3[C@@H](CC=C4CC(=O)CC[C@@]43C)[C@@H]1CC[C@@H]2OC(=O)CCc1ccccc1,1.0,valid
Cc1cc(SCc2sc(-c3ccc(C(F)(F)F)c(F)c3)nc2C)ccc1OCC(=O)O,0.0,valid
Cc1cccc(Nc2cc(Cl)nc(SCC(=O)O)n2)c1C,0.0,valid
O=C(O)c1cccc(/C=C2/C[C@@H]3[C@@H](/C=C/[C@@H](O)C4CCCCC4)[C@H](O)C[C@@H]3O2)c1,0.0,valid
NS(=O)(=O)c1cc2c(cc1Cl)N=CNS2(=O)=O,0.0,valid
C=CC[N@@+]12CC[C@@]34c5ccccc5N5C=C6[C@H]7C[C@H]8[C@@]9(CC[N@@+]8(CC=C)C/C7=C/CO)c7ccccc7N(C=C([C@@H](C[C@@H]31)/C(=C\CO)C2)[C@H]54)[C@@H]69,0.0,valid
c1ccc(SCCSc2ccccc2)cc1,1.0,valid
O=C1CCCCCN1,0.0,valid
CCCCCCCCCCCCN1CCCCCC1=O,0.0,valid
C=CN1CCCCCC1=O,0.0,valid
O=[N+]([O-])O[C@@H]1CO[C@H]2[C@@H]1OC[C@@H]2O,0.0,valid
O[C@@H]1CO[C@H]2[C@@H]1OC[C@@H]2O,0.0,valid
CC(=O)c1ccc2c(c1)[C@H](NC(=O)c1ccc(F)cc1)[C@@H](O)C(C)(C)O2,0.0,valid
COC(=O)c1ccccc1C(=O)c1ccc(OCCN2CCCCC2)cc1,0.0,valid
Cc1cccc(C)c1NC(=O)CN1CCCCCC1,0.0,valid
COc1ccc2c(c1OC)CN1CCc3cc4c(cc3C1C2)OCO4,0.0,valid
CC(C)(C)NC(=O)C1CC[C@H]2[C@@H]3CC[C@H]4NC(=O)C=C[C@]4(C)[C@H]3CC[C@]12C,0.0,valid
c1ccc(SSc2ccccc2)cc1,0.0,valid
C=CC[N+]1([C@H]2C[C@H]3[C@@H]4CC[C@H]5C[C@H](OC(C)=O)[C@@H](N6CCCCC6)C[C@]5(C)[C@H]4CC[C@]3(C)[C@H]2OC(=O)CC)CCCCC1,0.0,valid
CC(=O)O[C@H]1C[C@@H]2CC[C@@H]3[C@H](CC[C@@]4(C)[C@H]3C[C@H]([N+]3(C)CCCCC3)[C@@H]4OC(C)=O)[C@@]2(C)C[C@@H]1N1CCCCC1,1.0,valid
NC1CONC1=O,0.0,valid
Clc1ccc2c(c1)C(N1CCNCC1)=Nc1ccccc1O2,0.0,valid
CN1CCN(C2=Nc3ccccc3Oc3ccc(Cl)cc32)CC1,0.0,valid
CC1(c2ccccc2)OC(C(=O)O)=CC1=O,0.0,valid
COc1cc(N)c(Cl)cc1C(=O)NC1CN2CCC1CC2,0.0,valid
CCN(CC)C(=O)c1cc(S(=O)(=O)Cc2ccccc2)c(N2CCC(c3ccccc3)CC2)cc1N(CC)CCN(C)C,0.0,valid
c1ccc(COCc2ccccc2)cc1,0.0,valid
O=C1CCCCCCCCCCCCCC1,0.0,valid
CC(=O)N(CC(O)CN(C(C)=O)c1c(I)c(C(=O)NCC(O)CO)c(I)c(C(=O)NCC(O)CO)c1I)c1c(I)c(C(=O)NCC(O)CO)c(I)c(C(=O)NCC(O)CO)c1I,0.0,valid
CCCC(CCC)C(=O)O[C@H]1C[C@H]2CC[C@@H](C1)[N+]2(C)C,0.0,valid
O=C(O[C@H]1CN2CCC1CC2)N1CCc2ccccc2[C@@H]1c1ccccc1,0.0,valid
C[C@](O)(CS(=O)(=O)c1ccc(F)cc1)C(=O)Nc1ccc(C#N)c(C(F)(F)F)c1,0.0,valid
O=C1OC2(c3cc(Br)c(O)c(Br)c3Oc3c2cc(Br)c(O)c3Br)c2c(Cl)c(Cl)c(Cl)c(Cl)c21,0.0,valid
O=C1OC2(c3cc(Br)c(O)cc3Oc3c2cc(Br)c([O-])c3[Hg+])c2ccccc21,0.0,valid
Cc1cc(=O)n(-c2ccccc2)n1C,0.0,valid
Cc1c(I)c(=O)n(-c2ccccc2)n1C,0.0,valid
Cc1c(NC(C)C)c(=O)n(-c2ccccc2)n1C,0.0,valid
Cc1cc(=O)n(-c2ccccc2)[nH]1,0.0,valid
CCOC(=O)c1cc(=O)n(-c2ccccc2)[nH]1,0.0,valid
Cc1c(N)c(=O)n(-c2ccccc2)n1C,0.0,valid
Cc1c(C(C)C)c(=O)n(-c2ccccc2)n1C,0.0,valid
Cc1cc(=O)n(-c2ccc(S(=O)(=O)O)cc2)[nH]1,0.0,valid
Cc1c(N(C)CS(=O)(=O)O)c(=O)n(-c2ccccc2)n1C,1.0,valid
Cc1c(N(C)C)c(=O)n(-c2ccccc2)n1C,0.0,valid
Cc1cc(=O)n(-c2cccc(S(=O)(=O)O)c2)[nH]1,0.0,valid
O=C(O)c1cc(=O)n(-c2ccc(S(=O)(=O)O)cc2)[nH]1,0.0,valid
Cc1cc(=O)n(-c2ccc(C(=O)O)cc2)[nH]1,0.0,valid
O=c1oc2cc(O)ccc2c2oc3cc(O)ccc3c12,1.0,valid
NC(=O)N(O)[C@@H]1C=C[C@H](Oc2cccc(Oc3ccc(F)cc3)c2)C1,1.0,valid
CCOC(Cc1ccc(OCCc2ccc(OS(C)(=O)=O)cc2)cc1)C(=O)O,0.0,valid
O=c1[nH]oc2c1CCNC2,0.0,valid
COC(=O)c1sccc1S(=O)(=O)NC(=O)Nc1nc(C)nc(OC)n1,0.0,valid
O=C(O)C[C@H](O)CC(O)/C=C/c1c(C2CC2)nc2ccccc2c1-c1ccc(F)cc1,0.0,valid
CN1[C@@H]2C[C@@H](OC(=O)C(CO)c3ccccc3)C[C@H]1[C@@H]1O[C@@H]12,1.0,valid
CC12CC1(C)C(=O)N(c1cc(Cl)cc(Cl)c1)C2=O,0.0,valid
CN(C)c1nc(=O)n(C2CCCCC2)c(=O)n1C,0.0,valid
C[C@]12CC[C@H](O)CC1=CC[C@@H]1[C@@H]2CC[C@]2(C)C(=O)CC[C@@H]12,1.0,valid
CC(=O)O[C@H]1CC[C@@]2(C)C(=CC[C@@H]3[C@@H]2CC[C@]2(C)C(=O)CC[C@@H]32)C1,1.0,valid
C[C@]12CC[C@H](OS(=O)(=O)O)CC1=CC[C@@H]1[C@@H]2CC[C@]2(C)C(=O)CC[C@@H]12,1.0,valid
CCN(CC)CCO[C@H]1CC[C@@]2(C)C(=CC[C@@H]3[C@@H]2CC[C@]2(C)C(=O)CC[C@@H]32)C1,0.0,valid
Cc1cc(C(C)(C)C)c(O)c(C)c1Cn1c(=O)n(Cc2c(C)cc(C(C)(C)C)c(O)c2C)c(=O)n(Cc2c(C)cc(C(C)(C)C)c(O)c2C)c1=O,0.0,valid
C=CCN1CCc2nc(N)sc2CC1,0.0,valid
CC(C(=O)O)c1ccc(CC2CCCC2=O)cc1,0.0,valid
CNc1c2c(nn1C)CCCC2,0.0,valid
c1ccc2sc(SSN3CCOCC3)nc2c1,0.0,valid
CC1(C)COP(Oc2ccccc2)OC1,0.0,valid
Cc1ccnc2c1NC(=O)c1cccnc1N2C1CC1,0.0,valid
CCOc1ccc(N=Nc2ccc(C=Cc3ccc(N=Nc4ccc(OCC)cc4)cc3S(=O)(=O)O)c(S(=O)(=O)O)c2)cc1,0.0,valid
CC(C)(c1ccc(Oc2ccc3c(c2)C(=O)OC3=O)cc1)c1ccc(Oc2ccc3c(c2)C(=O)OC3=O)cc1,0.0,valid
C[Si]1(C)O[Si](C)(C)O[Si](C)(C)O[Si](C)(C)O1,0.0,valid
C=C[Si]1(C)O[Si](C)(C=C)O[Si](C)(C=C)O[Si](C)(C=C)O1,0.0,valid
CC1=Nc2ccccc2C1(C)C,0.0,valid
O=C(O)CN1C(=O)c2cccc3cccc(c23)C1=O,0.0,valid
O=C1NC(=O)c2cccc3cccc1c23,0.0,valid
Cc1ccc(-c2nc3ccc(C)cn3c2CC(=O)N(C)C)cc1,0.0,valid
CCCN(CCC)C(=O)Cc1c(-c2ccc(Cl)cc2)nc2ccc(Cl)cn12,0.0,valid
CCCCCC1C(=O)CCC1CC(=O)OC,0.0,valid
O=C1CCCC1,0.0,valid
CCCCCCCC1CCCC1=O,0.0,valid
CCCCC[C@H](O)/C=C/[C@@H]1C(CCCCCCC(=O)O)C(=O)C[C@H]1O,0.0,valid
CC(CSC(=O)c1ccccc1)C(=O)N1C[C@@H](Sc2ccccc2)CC1C(=O)O,0.0,test
Cc1ccc(S(=O)(=O)NC(=O)NN2CCCCCC2)cc1,1.0,test
C=C(NC(=O)C(=C)NC(=O)c1csc(C2=NC3c4csc(n4)C4NC(=O)c5csc(n5)C(C(C)(O)C(C)O)NC(=O)C5CSC(=N5)C(=CC)NC(=O)C(C(C)O)NC(=O)c5csc(n5)C3(CC2)NC(=O)C(C)NC(=O)C(C)=NC(=O)C(C)NC(=O)C(C(C)CC)NC2C=Cc3c(C(C)O)cc(nc3C2O)C(=O)OC4C)n1)C(N)=O,0.0,test
C[N@+]12CCCC[C@@H]1CCC(=C(c1cccs1)c1cccs1)C2,0.0,test
N#Cc1cc2ccccc2c2ccccc12,0.0,test
CC(=O)c1ccc2ccc3ccccc3c2c1,1.0,test
CCCCN(CCCC)CCC(O)c1cc2c(Cl)cc(Cl)cc2c2cc(C(F)(F)F)ccc12,0.0,test
c1ccc2c(c1)ccc1ccccc12,0.0,test
Brc1cc2ccccc2c2ccccc12,0.0,test
O=C(C[C@@H]1NCCC[C@H]1O)Cn1cnc2cc(Br)c(Cl)cc2c1=O,0.0,test
C[N+]1(C)CCCCC1COC(=O)C(O)(c1ccccc1)c1ccccc1,0.0,test
C1CCN(CN2CCCCC2)CC1,0.0,test
CC(=O)OC[C@H]1O[C@@H](O[C@H]2[C@H](O)[C@@H](OC(=O)c3ccccc3C(=O)O)[C@H](O)O[C@@H]2COC(C)=O)[C@H](O)[C@@H](OC(=O)c2ccccc2C(=O)O)[C@@H]1O,0.0,test
CC12CCC(CC1)C(C)(C)O2,0.0,test
Nc1n[nH]c(=S)[nH]1,0.0,test
COCC(=O)N(c1c(C)cccc1C)N1CCOC1=O,0.0,test
Cn1cc(-c2ccccc2)c(=O)c(-c2cccc(C(F)(F)F)c2)c1,0.0,test
O=P(O)(O)OC(Cn1cncn1)(Cn1cncn1)c1ccc(F)cc1F,0.0,test
OC(Cn1cncn1)(Cn1cncn1)c1ccc(F)cc1F,0.0,test
O=C(O)COc1ccc(CCNS(=O)(=O)c2ccccc2)s1,0.0,test
Clc1ccc2nsnc2c1NC1=NCCN1,0.0,test
C[C@]12CC[C@@H]3c4ccc(O)cc4C=CC3[C@@H]1CCC2=O,1.0,test
CC(=O)N[C@H]1[C@@H](OC2C(C(=O)O)O[C@@H](OC3[C@H]4CO[C@H](O4)[C@H](NS(=O)(=O)O)[C@H]3O)[C@H](O)[C@H]2O)O[C@H](CO)[C@@H](O[C@@H]2CC(C(=O)O)[C@@H](O[C@H]3O[C@H](COS(=O)(=O)O)[C@@H](O[C@@H]4OC(C(=O)O)=C[C@H](O)[C@H]4O)[C@H](O)[C@H]3NC(C)=O)[C@H](O)[C@H]2O)[C@@H]1C,0.0,test
COc1cc2c(cc1OC)C(=O)C(CC1CCN(Cc3ccccc3)CC1)C2,1.0,test
Oc1cn2c(n1)Nc1ccc(Cl)c(Cl)c1C2,0.0,test
Cc1c(O)nc2n1Cc1c(Cl)cccc1N2,0.0,test
C[C@@H](CN(C)C)CN1c2ccccc2Sc2ccccc21,0.0,test
CC(CN1c2ccccc2Sc2ccc(S(=O)(=O)N(C)C)cc21)N(C)C,0.0,test
CCC(=O)c1ccc2c(c1)N(CCCN(C)C)c1ccccc1S2,0.0,test
CC(=O)c1ccc2c(c1)N(CCCN(C)C)c1ccccc1S2,0.0,test
CCc1ccc2c(c1)N(CC(C)CN(C)C)c1ccccc1S2,0.0,test
CC(CN1c2ccccc2Sc2ccccc21)N(C)C,0.0,test
CCN(CC)C(C)CN1c2ccccc2Sc2ccccc21,0.0,test
c1ccc2c(c1)Nc1ccccc1S2,1.0,test
COc1ccc2c(c1)N(C[C@H](C)CN(C)C)c1ccccc1S2,0.0,test
CN(C)CCCN1c2ccccc2Sc2ccccc21,0.0,test
OC(c1ccccc1)(c1ccccc1)C1CCNCC1,0.0,test
CC(C)(C)c1ccc(C(O)CCCN2CCC(C(O)(c3ccccc3)c3ccccc3)CC2)cc1,0.0,test
CC(C)(C(=O)O)c1ccc(C(O)CCCN2CCC(C(O)(c3ccccc3)c3ccccc3)CC2)cc1,0.0,test
Cc1ccc(/N=C/N(C)/C=N/c2ccc(C)cc2C)c(C)c1,0.0,test
CCCN(C1CCN(C(=O)C2CCNCC2)CC1)[C@@H]1CCc2ccc(OC)cc2C1,1.0,test
c1ccc2cc(CC3=NCCN3)ccc2c1,0.0,test
C#C[C@]1(O)CC[C@H]2[C@@H]3CCC4=Cc5oncc5C[C@]4(C)[C@H]3CC[C@@]21C,1.0,test
O=c1ccc2cc(O[C@@H]3O[C@H](CO)[C@@H](O)[C@H](O)[C@H]3O)c(O)cc2o1,0.0,test
O=C(c1ccc(F)cc1)C1CCN(CCn2c(=S)[nH]c3ccccc3c2=O)CC1,0.0,test
CCOc1ccccc1O[C@H](c1ccccc1)[C@H]1CNCCO1,0.0,test
CC(C)(O)c1ccc(CNC(=O)c2cccnc2Oc2ccc(F)cc2)cc1,0.0,test
COc1ccc(-c2ccc3cc(C(=O)O)ccc3c2)cc1C12CC3CC(CC(C3)C1)C2,0.0,test
COc1ccc(CNCC(O)COc2ccc3[nH]c(=O)ccc3c2)cc1OC,0.0,test
O=C(O)C1(C(=O)O)CCC1,0.0,test
CC1(C)C(O)C(C)(C)C1O,0.0,test
Cc1nc2c(=O)n(C)c(=O)n(Cc3ccco3)c2[nH]1,0.0,test
O=c1[nH][nH]c2ccccc12,0.0,test
c1coc(-c2nc3ccccc3[nH]2)c1,1.0,test
CNCCC=C1c2ccccc2CCc2ccccc21,0.0,test
CN(C)CCC=C1c2ccccc2CCc2ccccc21,0.0,test
CCOC(=O)c1cn2nc(OP(=S)(OCC)OCC)cc2nc1C,0.0,test
CCNC1(c2cccs2)CCCCC1=O,0.0,test
c1ccc2c(c1)CCCC2C1=NCCN1,0.0,test
Cc1[nH]c(C)c(Cl)c(=O)c1Cl,0.0,test
Cc1c(O)c(=O)ccn1C,0.0,test
O=C(O)c1ccc2c(c1)nc(C(=O)NC1CCN(C3CC3)CC1)n2Cc1cc(-c2ccc(Cl)s2)on1,0.0,test
CC1(C)S[C@@H]2C(NC(=O)C(NC(=O)N3CCNC3=O)c3ccccc3)C(=O)N2C1C(=O)O,0.0,test
CC1(C)S[C@@H]2C(NC(=O)C(NC(=O)N3CCN(S(C)(=O)=O)C3=O)c3ccccc3)C(=O)N2C1C(=O)O,1.0,test
CN1C(=O)CC(C(=O)NC(Cc2c[nH]cn2)C(=O)N2CCCC2C(N)=O)NC1=O,0.0,test
Cc1nc2ccccc2c(=O)o1,0.0,test
COc1cc(/C=C/c2ccccc2)oc(=O)c1,1.0,test
O=C(O)CCN(C1(C(O)=NO)CCCC1)S(=O)(=O)c1ccc(Oc2ccc(F)cc2)cc1,0.0,test
Fc1ccc(C2(Cn3cncn3)OC2c2ccccc2Cl)cc1,0.0,test
COc1cc(C(=O)N2CCCCCCC2)cc(OC)c1OC,0.0,test
O=C(c1ccccc1)C1CCC1,0.0,test
Cc1cc2c(OCC(CNC(C)(C)C)OC(=O)c3ccccc3)cccc2[nH]1,0.0,test
O=C(CN1CCNCC1)NC1CCCCC1,0.0,test
CCCCc1nc2cccnc2n1Cc1ccc(-c2ccccc2-c2nn[nH]n2)cc1,0.0,test
CCCCCOc1ccc(-c2sc(=O)[nH]c2O)cc1OCC,0.0,test
CO[C@]12C[C@@H](COC(=O)c3cncc(Br)c3)CN(C)[C@@H]1Cc1cn(C)c3cccc2c13,0.0,test
Nc1ncn([C@@H]2O[C@H](CO)[C@@H](O)[C@H]2O)c(=O)n1,0.0,test
Nc1ncn([C@H]2C[C@H](O)[C@@H](CO)O2)c(=O)n1,0.0,test
c1coc(Cn2cccc2)c1,0.0,test
CC1(C)S[C@@H]2C(NC(=O)C(C(=O)O)c3ccsc3)C(=O)N2C1C(=O)O,0.0,test
C#CCN1C(=O)COc2cc(F)c(N3C(=O)C4=C(CCCC4)C3=O)cc21,0.0,test
CS(=O)(=O)c1ccc(C2=C(c3ccccc3)C(=O)OC2)cc1,0.0,test
CCOC(=O)c1ncn2c1CN(C)C(=O)c1c(I)cccc1-2,0.0,test
CCOC(=O)c1ncn2c1CN(C)C(=O)c1cc(F)ccc1-2,0.0,test
OC(CCN1CCCC1)(c1ccccc1)C1CCCCC1,0.0,test
O=c1[nH]c2ccccc2c(=O)o1,0.0,test
COc1ccc2c(c1OC)C(=O)O[C@H]2[C@@H]1c2cc3c(cc2CCN1C)OCO3,0.0,test
COc1ccc2c(c1OC)C(=O)O[C@@H]2[C@H]1c2cc3c(cc2CCN1C)OCO3,0.0,test
COc1ccc2c(c1OC)C(=O)O[C@@H]2[C@H]1c2c(cc3c(c2OC)OCO3)CCN1C,0.0,test
CCN1CCN(c2cc(-c3ccc(F)cc3)c3c(n2)CCCCCC3)CC1,0.0,test
CC[N+](C)(CC)CCOC(=O)C1c2ccccc2Oc2ccccc21,0.0,test
CC(C)[N+](C)(CCOC(=O)C1c2ccccc2Oc2ccccc21)C(C)C,0.0,test
CC(CN1CCCC1)C(=O)c1ccc(C(F)(F)F)cc1,0.0,test
CCC1=C(C)CN(C(=O)NCCc2ccc(S(=O)(=O)NC(=O)N[C@H]3CC[C@H](C)CC3)cc2)C1=O,0.0,test
CCN(CC)CCNc1ccc(CNC=O)c2sc3ccc(OC)cc3c(=O)c12,1.0,test
CC(C)c1ccc2sc3ccccc3c(=O)c2c1,1.0,test
COc1ccc(C(=O)Nc2ccccc2)cc1[N+](=O)[O-],1.0,test
CC(C)Oc1cccc(NC(=O)c2ccccc2C(F)(F)F)c1,0.0,test
Nc1ccc(NC(=O)c2ccc(N)cc2)cc1,0.0,test
O=C(Nc1ccccc1)c1ccccc1I,0.0,test
CC(C)OC(=O)C(C)N(C(=O)c1ccccc1)c1ccc(F)c(Cl)c1,1.0,test
O=C(Nc1ccc(C(=O)O)c(O)c1)c1ccccc1,0.0,test
Nc1ccc(C(=O)Nc2ccccc2N)cc1,1.0,test
Cc1ccccc1C(=O)Nc1cccc(OC(C)C)c1,0.0,test
O=C(Nc1ccc(O)cc1)c1ccccc1O,1.0,test
CCCCCCCCOc1ccccc1C(=O)Nc1ccc(C(=O)OCC[N+](C)(CC)CC)cc1,0.0,test
C[C@@H]1C[C@H]2[C@@H]3CC=C4CC(=O)C=C[C@]4(C)[C@@]3(Cl)[C@@H](O)C[C@]2(C)[C@@]1(OC(=O)c1ccco1)C(=O)CCl,0.0,test
COC(=O)Nc1nc2cc(C(=O)c3ccccc3)ccc2[nH]1,0.0,test
CSc1nnc(C(C)(C)C)c(=O)n1N,0.0,test
O=C(NC1CCN(CCc2c[nH]c3ccccc23)CC1)c1ccccc1,0.0,test
Oc1c2c(c(O)n1CCCCN1CCN(c3ncccn3)CC1)[C@H]1CC[C@@H]2C1,0.0,test
Cc1ccc(S(=O)(=O)NC(=O)NN2CC3CCCC3C2)cc1,0.0,test
CC(C)(Sc1cc(C(C)(C)C)c(O)c(C(C)(C)C)c1)Sc1cc(C(C)(C)C)c(O)c(C(C)(C)C)c1,0.0,test
c1ccc(-c2ccc(-c3ccccc3)cc2)cc1,1.0,test
Nc1nc(=S)c2[nH]cnc2[nH]1,1.0,test
C[C@]12C=CC(=O)C=C1CC[C@@H]1[C@@H]2CC[C@]2(C)OC(=O)CC[C@@H]12,1.0,test
Nc1ncnc(Nc2ccc(Cl)cc2)n1,1.0,test
O=C1CCC(C(=O)N[C@H]2C[C@@H]2c2ccccc2)N1,0.0,test
O=C(OCC1(COC(=O)c2cccnc2)CCCC(COC(=O)c2cccnc2)(COC(=O)c2cccnc2)C1O)c1cccnc1,0.0,test
c1cnc(N2CCN(Cc3ccc4c(c3)OCO4)CC2)nc1,0.0,test
Cc1nccn1CC1CCc2c(c3ccccc3n2C)C1=O,0.0,test
CC[C@@H](C)CCCCC(=O)NC(CCN)C(=O)NC(C(=O)NC(CCN)C(=O)NC1CCNC(=O)C([C@@H](C)O)NC(=O)C(CCN)NC(=O)C(CCN)NC(=O)C(CC(C)C)NC(=O)C(Cc2ccccc2)NC(=O)C(CCN)NC1=O)[C@@H](C)O,0.0,test
C=C(C)C(=O)OCCOC1CC2CC1C1C=CCC21,0.0,test
Oc1cc2ccccc2n1-c1c(Cl)cccc1Cl,1.0,test
c1ccc2c(c1)sc1ccccc12,0.0,test
Oc1c2c(c(O)n1CCCCN1CCN(c3nsc4ccccc34)CC1)CCCC2,0.0,test
COc1cc(C=CC(=O)N2CCN(CC(=O)N3CCCC3)CC2)cc(OC)c1OC,0.0,test
C1CCC2=NCCCN2CC1,0.0,test
O=C(Nc1ccccc1)OCC(CN1CCCCC1)OC(=O)Nc1ccccc1,0.0,test
S=C(SSSSSSC(=S)N1CCCCC1)N1CCCCC1,0.0,test
C(COCC1CO1)OCC1CO1,0.0,test
CC1OC1C1CCC2(C)OC2C1,0.0,test
C1CC2OC2CC1C1CO1,0.0,test
FC(F)(F)C(=NOCC1OCCO1)c1ccc(Cl)cc1,0.0,test
COC(=O)C1=C(C)N=C(C)C(C(=O)OC(C)C)C1c1cccc2nonc12,0.0,test
O=C(O)C1/C(=C/CO)O[C@@H]2CC(=O)N12,0.0,test
O=C=NC1CCC(CC2CCC(N=C=O)CC2)CC1,0.0,test
NC1CCC(CC2CCC(N)CC2)CC1,0.0,test
CC1CC(CC2CCC(N)C(C)C2)CCC1N,0.0,test
CC(C)(C1CCC(O)CC1)C1CCC(O)CC1,1.0,test
C[C@]12CC[C@H](O)C[C@H]1CC[C@@H]1[C@@H]2CC[C@]2(C)[C@@H](c3ccc(=O)oc3)C[C@H]3O[C@]132,1.0,test
CCOC(=O)c1ccc(C#Cc2ccc3c(c2)C(C)(C)CCS3)nc1,0.0,test
COP(=O)(OC)SCn1c(=O)oc2cc(Cl)cnc21,0.0,test
N#Cc1ccc(C2CCCc3cncn32)cc1,0.0,test
CN(C)C(=O)CCSC(SCCC(=O)O)c1cccc(/C=C/c2ccc3ccc(Cl)cc3n2)c1,1.0,test
OC(CN1CCC(Cc2ccc(F)cc2)CC1)c1ccc(Cl)cc1,0.0,test
CC(C(O)c1ccc(O)cc1)N1CCC(Cc2ccccc2)CC1,0.0,test
COc1cccc([C@H](O)C2CCN(CCc3ccc(F)cc3)CC2)c1OC,0.0,test
C[N+]1(C)CCN(CC(O)(c2ccccc2)C2CCCCC2)CC1,0.0,test
O=C(c1ccccc1)C1(O)CCCCC1,0.0,test
O=C1CCCCCO1,0.0,test
CCCCC1CCCCC(=O)O1,0.0,test
CCCN1C=CN(C)C1,0.0,test
CCCCN1C=CN(C)C1,0.0,test
CCN1C=CN(C)C1C,0.0,test
S=c1[nH]c2ccccc2[nH]1,0.0,test
CNC1(C)C2CCC(C2)C1(C)C,0.0,test
CC(=O)OC1C2(C)CCC(C2)C1(C)C,0.0,test
CC1(C)[C@H]2CC[C@](C)(C2)[C@H]1O,0.0,test
CC1(C)[C@@H]2CC[C@@]1(C)[C@H](OC(=O)CSC#N)C2,0.0,test
CC12CCC(C1)C(C)(C)C2O,0.0,test
CC1(C)[C@H]2CC[C@]1(C)[C@H](O)C2,0.0,test
C=C(C)C(=O)O[C@@H]1C[C@H]2CC[C@]1(C)C2(C)C,0.0,test
CC(=O)O[C@@H]1CC2CCC1(C)C2(C)C,0.0,test
CC(=O)O[C@@H]1C[C@H]2CC[C@]1(C)C2(C)C,0.0,test
CC1(C)[C@@H]2CC[C@@]1(C)[C@H](O)C2,0.0,test
CCC(=O)O[C@@H]1C[C@H]2CC[C@]1(C)C2(C)C,0.0,test
O=C(Nc1ccc(C=Cc2ccc(NC(=O)c3cc(S(=O)(=O)O)c4cccnc4c3O)cc2S(=O)(=O)O)c(S(=O)(=O)O)c1)c1cc(S(=O)(=O)O)c2cccnc2c1O,0.0,test
CCCCN(CCCC)CC(O)c1cc(Cl)cc2c1-c1ccc(Cl)cc1/C2=C/c1ccc(Cl)cc1,1.0,test
CC1CS(=O)(=O)CCN1N=Cc1ccc([N+](=O)[O-])o1,0.0,test
COP(=S)(OC)SCn1nnc2ccccc2c1=O,0.0,test
O=c1[nH]nnc2ccccc12,0.0,test
CC(=O)Oc1ccccc1C(=O)Nc1ncc([N+](=O)[O-])s1,1.0,test
O=C(O)c1cc2ccccc2c(Cc2c(O)c(C(=O)O)cc3ccccc23)c1O,1.0,test
C1=CCCC=CCC1,0.0,test
Cl/C(=C\n1cncn1)c1ccc(Cl)cc1Cl,0.0,test
CCOC(=O)C(CCc1ccccc1)NC1CCCN2CCCC(C(=O)O)N2C1=O,0.0,test
CN1C(=O)CN2CCc3ccccc3C2c2cc(Cl)ccc21,0.0,test
C1CC(COCC2CO2)CCC1COCC1CO1,0.0,test
C1CCC(C2CCCCC2)CC1,0.0,test
CCN(CC)CCOC(=O)C1(C2CCCCC2)CCCCC1,0.0,test
O=C1c2ccccc2CCc2ccccc21,1.0,test
Oc1c(C2=CC[C@@H](c3ccc(Cl)cc3)CC2)c(O)c2ccccc2c1O,0.0,test
OC(CCN1CCCCC1)(c1ccccc1)C1CCCCC1,0.0,test
CC(Cc1ccccc1)NCCn1cnc2c1c(=O)n(C)c(=O)n2C,0.0,test
COc1cc(OC)nc(Oc2cccc(Oc3nc(OC)cc(OC)n3)c2C(=O)O)n1,0.0,test
c1ccc(OP(Oc2ccccc2)Oc2ccccc2)cc1,0.0,test
O=C(Nc1ccccc1-c1ccc(Cl)cc1)c1cccnc1Cl,0.0,test
CC[C@H](C)[C@H]1O[C@]2(C=C[C@@H]1C)C[C@@H]1C[C@@H](CC=C(C)[C@@H](O[C@H]3C[C@H](OC)[C@@H](O[C@H]4C[C@H](OC)[C@@H](O)[C@H](C)O4)[C@H](C)O3)[C@@H](C)C=CC=C3CO[C@@H]4[C@H](O)C(C)=CC(C(=O)O1)[C@]34O)O2,0.0,test
CC(C1=C(CCN(C)C)Cc2ccccc21)c1ccccn1,0.0,test
Clc1nc2ccccc2nc1Cl,0.0,test
CCOP(=S)(OCC)Oc1cnc2ccccc2n1,1.0,test
c1ccc2nccnc2c1,0.0,test
COc1ccc2c(C(=O)c3ccc(Cl)cc3)c(C)n(CC(=O)O)c2c1,0.0,test
C1CCCNCCC1,0.0,test
O=C(C[S+]([O-])Cc1ccco1)NC/C=C\COc1cc(CN2CCCCC2)ccn1,0.0,test
O=C(C=Cc1ccc(O)c(O)c1)OC(C(=O)O)C(OC(=O)C=Cc1ccc(O)c(O)c1)C(=O)O,0.0,test
CN(Cc1ccc(C(C)(C)C)cc1)Cc1cccc2ccccc12,0.0,test
O=C1CCCCCCCCCCOCCCCO1,0.0,test
Cn1sc(Cl)cc1=O,0.0,test
CCc1ncnc2cc(OC)c(OC)cc12,0.0,test
Cc1ccn2nc(S(=O)(=O)Nc3c(F)cccc3F)nc2n1,0.0,test
O=C(O)c1ccccc1C(=O)Nc1cccc2ccccc12,0.0,test
CN[C@@]1(c2ccccc2Cl)CCCCC1=O,0.0,test
CN[C@]1(c2ccccc2Cl)CCCCC1=O,0.0,test
CNC1(c2ccccc2Cl)CCCCC1=O,0.0,test
CC[N+]1(CC)CCC(=C(c2ccccc2)c2ccccc2)C1C,0.0,test
Cc1ccccc1N=C(N)Nc1ccccc1C,0.0,test
CCOc1ccc(N=C(C)Nc2ccc(OCC)cc2)cc1,0.0,test
CNC(=O)C1O[C@@H](n2cnc3c(NCc4cc(Cl)ccc4OCc4cc(C)no4)ncnc32)[C@H](O)[C@@H]1N,0.0,test
C1CCCNCC1,0.0,test
CCSC(=O)N1CCCCCC1,0.0,test
O=NN1CCCCCC1,0.0,test
CC(=O)OCC(=O)[C@@]1(O)CC[C@H]2[C@@H]3CC=C4CC(=O)CC[C@]4(C)C3C(=O)C[C@@]21C,0.0,test
CC(C)(C)C(O)C(Oc1ccc(Cl)cc1)n1cncn1,0.0,test
N#Cc1ccc(C(c2ccc(C#N)cc2)n2cncn2)cc1,0.0,test
O=C(O)Cn1c(=O)n(Cc2ccc(Br)cc2F)c(=O)c2ccc(Cl)cc21,0.0,test
O=C(C(Cl)Cl)N1CCOC12CCCCC2,0.0,test
CCOc1cccc(-n2cc(C(=O)N3CCN(c4cc(C(=O)O)c5ccccc5c4)CC3)nc2-c2ccc(C)cc2)c1,0.0,test
CC[C@H](C)COC(=O)/C=C/c1ccc(/N=C/c2ccc(OC)cc2)cc1,1.0,test
NS(=O)(=O)c1cc(C(=O)O)c(NCc2ccco2)cc1Cl,1.0,test
O=S1OCCO1,0.0,test
OC[C@@H](O)[C@H]1O[C@@H]2O[C@H](C(Cl)(Cl)Cl)O[C@@H]2[C@H]1O,0.0,test
CN(C)CCCO[C@@H]1[C@H]2OC(C)(C)O[C@H]2O[C@@H]1C(O)CO,0.0,test
OC[C@@H](O)[C@H]1O[C@@H]2O[C@@H](C(Cl)(Cl)Cl)O[C@@H]2[C@H]1O,0.0,test
CCN(CC)CCOC(=O)c1cccnc1,0.0,test
CCCCOCCOC(=O)COc1nc(Cl)c(Cl)cc1Cl,0.0,test
O=C(O)c1cccc(Cl)n1,0.0,test
CCOC(=O)CC(=O)c1cc(F)c(Cl)nc1Cl,0.0,test
Nc1cccc(N)n1,0.0,test
CCc1cnc(C(=O)O)c(C(=O)O)c1,0.0,test
CCCc1cc(C(N)=S)ccn1,0.0,test
N#Cc1cccnc1,0.0,test
Cc1cccc(N)n1,0.0,test
Cc1ncc(CO)c(CO)c1O,0.0,test
Clc1nc(Cl)c(Cl)c(Cl)c1Cl,0.0,test
NNC(=O)c1ccncc1,0.0,test
O=C(O)c1ccncc1,0.0,test
NC(=O)c1ccncc1,0.0,test
NC(=S)N/N=C/c1cccnc1,0.0,test
CC(=O)c1ccccn1,0.0,test
O=C(NNCS(=O)(=O)O)c1ccncc1,0.0,test
Nc1c(Cl)c(Cl)nc(C(=O)O)c1Cl,0.0,test
Cc1ncc(CO)c(C=O)c1O,0.0,test
CCN(Cc1ccc(Cl)nc1)C(C[N+](=O)[O-])=NC,0.0,test
CC(=O)c1cccnc1,0.0,test
NCc1cccnc1,0.0,test
OCCc1ccccn1,0.0,test
Nc1cccnc1,0.0,test
O=C(O)c1ccccn1,0.0,test
CCCCCCOC(=O)c1cccnc1,0.0,test
CC(C)(C)NCC(O)c1ccc(O)c(CO)n1,0.0,test
N#Cc1ccccn1,0.0,test
CCc1cc(C(N)=S)ccn1,1.0,test
CNC(=O)OCc1cccc(COC(=O)NC)n1,0.0,test
CCCOC(=O)c1ccc(C(=O)OCCC)nc1,0.0,test
O=C(O)c1cccnc1C(=O)O,0.0,test
O=C(O)c1cccc(C(=O)O)n1,0.0,test
Clc1cccc(C(Cl)(Cl)Cl)n1,0.0,test
N#Cc1ccncc1,0.0,test
O=C(O)c1nc(Cl)c(Cl)c(Cl)c1Cl,0.0,test
Nc1c(Cl)c(F)nc(OCC(=O)O)c1Cl,0.0,test
CN(C)c1ccncc1,0.0,test
Clc1cc(C(Cl)(Cl)Cl)cnc1Cl,0.0,test
COC(=O)c1cccnc1,0.0,test
COP(=S)(OC)Oc1nc(Cl)c(Cl)cc1Cl,0.0,test
Nc1ccccn1,0.0,test
Cc1ccccn1,0.0,test
Cc1cccnc1,0.0,test
Cc1ccncc1,0.0,test
CC=CC=NNC(=O)c1ccncc1,0.0,test
CSC(=O)c1c(C(F)F)nc(C(F)(F)F)c(C(=O)SC)c1CC(C)C,0.0,test
CCOP(=S)(OCC)Oc1nc(Cl)c(Cl)cc1Cl,0.0,test
CC(C)NNC(=O)c1ccncc1,1.0,test
Nc1ccncc1,0.0,test
c1ccncc1,0.0,test
O=C(O)c1nc(Cl)ccc1Cl,0.0,test
O=C(O)COc1nc(Cl)c(Cl)cc1Cl,0.0,test
ClCc1ccccn1,0.0,test
ClCc1cccnc1,0.0,test
OCc1cccnc1,0.0,test
Clc1cc(Cl)c(Cl)nc1Cl,0.0,test
OCCc1ccncc1,0.0,test
O=C(O)c1cccnc1,0.0,test
Cc1ccnc(N)c1,0.0,test
Cc1ccc(N)nc1,0.0,test
O=C(NCCO[N+](=O)[O-])c1cccnc1,0.0,test
NC(=O)c1cccnc1,0.0,test
Clc1ccc(C(Cl)(Cl)Cl)cn1,0.0,test
Clc1ccccn1,0.0,test
NCCNC(=O)c1ccc(Cl)cn1,0.0,test
CC(Cc1ccccc1)NCc1ccccc1Cl,1.0,test
CC(=O)O[C@H]1C[C@@H]2CC[C@@H]3[C@H](CC[C@@]4(C)[C@H]3C[C@H]([N+]3(C)CCCCC3)[C@@H]4OC(C)=O)[C@@]2(C)C[C@@H]1[N+]1(C)CCCCC1,0.0,test
C=C(C)[C@@H]1CC=C2CC(=O)C[C@@H](C)[C@]2(C)C1,0.0,test
CCCCC1=NC2(CCCC2)C(=O)N1Cc1ccc(-c2ccccc2-c2nn[nH]n2)cc1,0.0,test
C[C@]12CCC(=O)C=C1CC[C@@H]1C2C(=O)C[C@@]2(C)[C@H]1CC[C@]2(O)C(=O)CO,0.0,test
CC(CNC1CCCCC1)OC(=O)c1ccccc1,0.0,test
CCN(CC)C(=O)C1C=C2c3cccc4[nH]cc(c34)C[C@H]2N(C)C1,1.0,test
CC[C@@H](CO)NC(=O)C1C=C2c3cccc4c3c(cn4C)C[C@H]2N(C)C1,0.0,test
C[C@@H](CO)NC(=O)C1C=C2c3cccc4[nH]cc(c34)C[C@H]2N(C)C1,0.0,test
CCN(CC)C(=O)N[C@@H]1C=C2c3cccc4[nH]cc(c34)C[C@@H]2N(C)C1,0.0,test
CC[C@@H](CO)NC(=O)C1C=C2c3cccc4[nH]cc(c34)C[C@H]2N(C)C1,0.0,test
CN[C@@H]1[C@@H](O[C@H]2O[C@H](CO)[C@@H](N)[C@H](O)[C@H]2O)O[C@H]2C[C@@H](N)[C@@H](O[C@H]3[C@H](O)[C@@H](O)[C@H](N)C[C@@H]3N)O[C@@H]2[C@@H]1O,0.0,test
COc1ccccc1N1CCN(CC(O)COc2cccc3ccccc23)CC1,0.0,test
CN1COCN(Cc2cnc(Cl)s2)C1=N[N+](=O)[O-],0.0,test
CO[C@H]1C[C@H](O[C@@H]2C(C)=CC[C@@H]3C[C@@H](C[C@]4(CC[C@H](C)[C@@H](C5CCCCC5)O4)O3)OC(=O)C3C=C(C)C(=NO)[C@H]4OCC(=CC=C[C@@H]2C)[C@@]34O)O[C@@H](C)[C@@H]1O,0.0,test
OC[C@H]1O[C@@H]2O[C@H]3[C@H](O)[C@@H](O)[C@@H](O[C@H]4[C@H](O)[C@@H](O)[C@@H](O[C@H]5[C@H](O)[C@@H](O)[C@@H](O[C@H]6[C@H](O)[C@@H](O)[C@@H](O[C@H]7[C@H](O)[C@@H](O)[C@@H](O[C@H]1[C@H](O)[C@H]2O)O[C@@H]7CO)O[C@@H]6CO)O[C@@H]5CO)O[C@@H]4CO)O[C@@H]3CO,1.0,test
CCOc1ccc2nc3cc(N)ccc3c(N)c2c1,0.0,test
Nc1c2ccccc2nc2ccccc12,1.0,test
Nc1ccc2cc3ccc(N)cc3nc2c1,1.0,test
C[C@]12CC[C@@H]3c4ccc(OS(=O)(=O)O)cc4CC[C@H]3[C@@H]1CCC2=O,1.0,test
C[C@]12CC[C@@H]3c4ccc(O)cc4CC[C@H]3[C@@H]1CCC2=O,1.0,test
Cc1nnc(C(C)C)n1C1C[C@H]2CC[C@H](C1)N2CC[C@H](NC(=O)C1CCC(F)(F)CC1)c1ccccc1,0.0,test
C[N+]12CCC(CC1)C(OC(=O)C(O)(c1ccccc1)c1ccccc1)C2,0.0,test
C=C(C)C1C=CC(C)C(=O)C1,0.0,test
C=C(C)[C@H]1C=CC(C)C(=O)C1,0.0,test
C=C(C)[C@@H]1C=CC(C)C(=O)C1,0.0,test
Cn1cnc([N+](=O)[O-])c1Sc1ncnc2[nH]cnc12,0.0,test
C=C1CC[C@@H]2[C@](C)(CO)[C@H](O)CC[C@@]2(C)[C@@H]1C/C=C1/C(=O)OC[C@H]1O,0.0,test
CC(C)NCC(O)COc1ccccc1-n1cccc1,0.0,test
O=C1OC(c2ccc(O)cc2)(c2ccc(O)cc2)c2ccccc21,1.0,test
CN(C)c1ccc(C2(c3ccc(N(C)C)cc3)OC(=O)c3cc(N(C)C)ccc32)cc1,0.0,test
O=C1OC(c2ccc(O)c(S(=O)(=O)O)c2)(c2ccc(O)c(S(=O)(=O)O)c2)c2c(Br)c(Br)c(Br)c(Br)c21,0.0,test
Cc1oc(-c2ccccc2)nc1CCOc1cccc2c1ccn2CCC(=O)O,0.0,test
CCNC(=O)C1CCCN1C(=O)C(CCCN=C(N)N)NC(=O)C(CC(C)C)NC(=O)C(CC(C)C)NC(=O)C(Cc1ccc(O)cc1)NC(=O)C(CO)NC(=O)C(Cc1c[nH]c2ccccc12)NC(=O)C(Cc1cnc[nH]1)NC(=O)C1CCC(=O)N1,0.0,test
C[C@H]1O[C@H](O[C@H]2[C@H](O)[C@@H](O)[C@@H](O[C@H]3[C@H](O)[C@@H](O)[C@H](O)O[C@@H]3CO)O[C@@H]2CO)[C@H](O)[C@@H](O)[C@@H]1N[C@H]1C=C(CO)[C@@H](O)[C@H](O)[C@H]1O,1.0,test
O=C(NCC1CCCCN1)c1cc(OCC(F)(F)F)ccc1OCC(F)(F)F,0.0,test
COC(=O)C1[C@H]2C[C@@H]3c4[nH]c5cc(OC)ccc5c4CCN3C[C@H]2C[C@@H](OC(=O)COc2ccc(OC)cc2)[C@@H]1OC,0.0,test
COc1cc2c(cc1OC)C(C(C(=O)N(CCc1ccc(OC)c(OC)c1OC)CCc1ccc(OC)c(OC)c1OC)c1ccccc1)=NCC2,0.0,test
NC1=NCC2c3ccccc3Cc3ccccc3N12,0.0,test
O=C(OCC(COC(=O)c1cccnc1)(COC(=O)c1cccnc1)COC(=O)c1cccnc1)c1cccnc1,0.0,test
Cc1cccc(C)c1NC(=O)N=C1CCCN1C,0.0,test
Cc1nn(-c2cc(NS(C)(=O)=O)c(Cl)cc2Cl)c(=O)n1C(F)F,0.0,test
O=S1(=O)CCCO1,0.0,test
CC1=CC[C@H]2C[C@@H]1C2(C)C,0.0,test
CC1=CCC2CC1C2(C)C,0.0,test
CC1=CC[C@@H]2C[C@H]1C2(C)C,0.0,test
O=C(NCCN1CCOCC1)c1ccc(Cl)cc1,1.0,test
Cc1cccc(C)c1NC(=O)CC12CCCN1CCC2,0.0,test
Cc1c(-c2ccccc2)oc2c(C(=O)OCCN3CCCCC3)cccc2c1=O,0.0,test
CC(C)NCC(O)COc1ccc(CCOCC2CC2)cc1,0.0,test
CC(=NCc1ccccc1)c1ccccc1O,0.0,test
O=C(O)Cn1c(C(=O)Nc2nc(-c3ccccc3Cl)cs2)cc2ccccc21,0.0,test
NC(=O)C(c1ccccc1)(c1ccccc1)[C@@H]1CCN(CCc2ccc3c(c2)CCO3)C1,0.0,test
N#CC1(N=NC2(C#N)CCCCC2)CCCCC1,0.0,test
C[C@@H](O)C1C(=O)N2C(C(=O)[O-])=C(SC3Cn4cnc[n+]4C3)[C@H](C)[C@H]12,0.0,test
COc1cc2nc(N3CCN(C(=O)C4CCCO4)CC3)nc(N)c2cc1OC,0.0,test
c1ccc(CSCc2ccccc2)cc1,1.0,test
CC1=C2C[C@H]3[C@@H](CC=C4C[C@@H](O)CC[C@@]43C)[C@@H]2CC[C@]12O[C@@H]1C[C@H](C)CN[C@H]1[C@H]2C,0.0,test
CCOC(=O)C(CCc1ccccc1)NC(C)C(=O)N1C(C(=O)O)C[C@H]2CCCC[C@@H]21,0.0,test
O=NN1CCCC1,0.0,test
C=C(C)[C@H]1CNC(C(=O)O)[C@H]1CC(=O)O,0.0,test
CC(=O)N1C[C@H](O)CC1C(=O)O,1.0,test
O=C(O)C1CCCN1,0.0,test
CN1CCCC1,0.0,test
CC(C)(C)OC(=O)N1C[C@@H](F)CC1C(=O)O,0.0,test
CC(N=C(N=c1cc[nH]cc1)NC#N)C(C)(C)C,0.0,test
C[C@H](CCC(=O)NCC(=O)O)[C@H]1CC[C@H]2[C@@H]3[C@H](O)C[C@@H]4C[C@H](O)CC[C@]4(C)[C@H]3C[C@H](O)[C@]12C,1.0,test
CC(=O)C1CC[C@H]2[C@@H]3CC[C@H]4C[C@H](O)CC[C@]4(C)[C@H]3CC[C@]12C,1.0,test
C[C@H](CCC(=O)O)[C@H]1CC[C@H]2[C@@H]3CC[C@@H]4C[C@H](O)CC[C@]4(C)[C@H]3CC[C@]12C,0.0,test
CC(=O)C1CC[C@H]2[C@@H]3CC[C@H]4C[C@](C)(O)CC[C@]4(C)[C@H]3CC[C@]12C,0.0,test
C[C@H](CCC(=O)O)[C@H]1CC[C@H]2[C@@H]3[C@H](O)C[C@@H]4C[C@H](O)CC[C@]4(C)[C@H]3C[C@H](O)[C@]12C,0.0,test
C[C@H](CCC(=O)O)[C@H]1CC[C@H]2[C@@H]3[C@H](O)C[C@@H]4C[C@H](O)CC[C@]4(C)[C@H]3CC[C@]12C,0.0,test
C[C@H](CCC(=O)O)[C@H]1CC[C@H]2[C@@H]3CC[C@@H]4C[C@H](O)CC[C@]4(C)[C@H]3C[C@H](O)[C@]12C,0.0,test
CC(O)[C@H]1CC[C@H]2[C@@H]3CC[C@@H]4C[C@@H](O)CC[C@]4(C)[C@H]3CC[C@]12C,1.0,test
CC(C)CCC[C@@H](C)[C@H]1CC[C@H]2[C@@H]3CC[C@@H]4C[C@H](O)CC[C@]4(C)[C@H]3CC[C@]12C,0.0,test
C[C@@]12CCC[C@H]1[C@@H]1CC[C@H]3C[C@@H](O)CC[C@]3(C)[C@H]1CC2,1.0,test
CCC(CC)(CC(=O)Nc1cccc(/C=C/c2nc(C3CCC3)cs2)c1)C(=O)O,0.0,test
CC1=C(CC(=O)O)c2cc(F)ccc2C1=Cc1ccc(S(C)(=O)=O)cc1,0.0,test
CC1=C(CC(=O)O)c2cc(F)ccc2C1=Cc1ccc([S+](C)[O-])cc1,0.0,test
CSc1ccc(C=C2C(C)=C(CC(=O)O)c3cc(F)ccc32)cc1,0.0,test
C(=CCC=Nc1ccccc1)C=Nc1ccccc1,0.0,test
CC1=C(/C=C/C(C)=C/C=C/C(C)=C/C(=O)Oc2c(C)c(C)c3c(c2C)CC[C@@](C)(CCC[C@H](C)CCC[C@H](C)CCCC(C)C)O3)C(C)(C)CCC1,0.0,test
O=C(Nc1ccc(S(=O)(=O)N2CCOCC2)cc1)c1cc(Cl)ccc1NS(=O)(=O)c1ccc(Cl)s1,0.0,test
NC1(c2ccccc2)CCCCC1,0.0,test
COc1cccc([C@@]2(O)CCCC[C@@H]2CN(C)C)c1,0.0,test
OC1CCCCC1c1ccccc1,0.0,test
CC1CCC2CC1C2(C)C,1.0,test
CCOC(=O)Cn1c(=O)sc2cccc(Cl)c21,0.0,test
NS(=O)(=O)c1cc2c(cc1C(F)(F)F)NC(Cc1ccccc1)NS2(=O)=O,0.0,test
NS(=O)(=O)c1cc2c(cc1Cl)NC(Cc1ccccc1)NS2(=O)=O,0.0,test
O=C(O)C1(C(=O)Nc2ccc(Cl)cc2Cl)CC1,0.0,test
ClC1(Cl)C2(Cl)C3(Cl)C4(Cl)C(Cl)(Cl)C5(Cl)C3(Cl)C1(Cl)C5(Cl)C24Cl,0.0,test
O=C(Oc1ccccc1)c1ccccc1C(=O)Oc1ccccc1,0.0,test
CC(C)NC(=O)n1cc(O)n(-c2cc(Cl)cc(Cl)c2)c1=O,0.0,test
Cc1c(COC(=O)C2C(/C=C(\Cl)C(F)(F)F)C2(C)C)cccc1-c1ccccc1,0.0,test
O=C(CCCCC(=O)Nc1c(I)cc(I)c(C(=O)O)c1I)Nc1c(I)cc(I)c(C(=O)O)c1I,0.0,test
CCC(C)C(=O)O[C@H]1C[C@H](O)C=C2C=C[C@H](C)[C@H](CC[C@@H](O)C[C@@H](O)CC(=O)O)[C@H]21,0.0,test
O=C1C(Cl)C(CCl)CN1c1cccc(C(F)(F)F)c1,0.0,test
CNC(=O)Oc1ccccc1C1OCCO1,0.0,test
CN1C(=O)CC(C)(c2ccccc2)C1=O,0.0,test
Oc1ccc2c(c1)OC[C@@H](N1CCC(O)(c3ccc(F)cc3)CC1)[C@H]2O,1.0,test
CCCCCOC(=O)COc1cc(N2C(=O)C3=C(CCCC3)C2=O)c(F)cc1Cl,0.0,test
C[N+]1(C)[C@@H]2CC[C@H]1C[C@@H](OC(=O)C(CO)c1ccccc1)C2,1.0,test
C[N+]1([O-])[C@@H]2CC[C@H]1C[C@@H](OC(=O)C(CO)c1ccccc1)C2,0.0,test
CC(C)[N+]1(C)C2CCC1CC(OC(=O)C(CO)c1ccccc1)C2,1.0,test
Cc1cccc(Cc2c[nH]cn2)c1C,0.0,test
Cc1cccc(C(C)c2c[nH]cn2)c1C,0.0,test
CN(C)CCN1C(=O)c2ccccc2N(C)c2ccccc21,0.0,test
CC[C@@H]1C[C@H](N(Cc2cc(C(F)(F)F)cc(C(F)(F)F)c2)C(C)=O)c2cc(C(F)(F)F)ccc2N1C(=O)OC(C)C,0.0,test
O=C(O)COc1ccc(C(=O)c2cccs2)c(Cl)c1Cl,0.0,test
CC(C(=O)O)c1ccc(C(=O)c2cccs2)cc1,0.0,test
O=c1n(CCCN2CCN(c3cccc(Cl)c3)CC2)nc2ccccn12,0.0,test
COc1ccccc1N1CCNCC1,0.0,test
Clc1cccc(N2CCNCC2)c1,0.0,test
OCC(O)CN1CCN(c2ccccc2)CC1,0.0,test
CCSc1ccc2c(c1)N(CCCN1CCN(C)CC1)c1ccccc1S2,0.0,test
OCCN1CCN(CCCN2c3ccccc3Sc3ccc(C(F)(F)F)cc32)CC1,0.0,test
CN1CCN(CCCN2c3ccccc3Sc3ccc(S(=O)(=O)N(C)C)cc32)CC1,0.0,test
CN1CCN(CCCN2c3ccccc3Sc3ccc(C(F)(F)F)cc32)CC1,0.0,test
OCCN1CCN(CCCN2c3ccccc3Sc3ccc(Cl)cc32)CC1,0.0,test
CCC(=O)c1ccc2c(c1)N(CCCN1CCN(CCO)CC1)c1ccccc1S2,0.0,test
CN1CCN(CCCN2c3ccccc3Sc3ccccc32)CC1,0.0,test
c1ccc2c(c1)Oc1ccccc1S2,1.0,test
CC1=CCCC(C)(C)C12CCC(C)O2,0.0,test
C=Cc1c(C)c2[nH]c1=Cc1[nH]c(c(=CC)c1C)=Cc1[nH]c(c(C(=O)O)c1C)C(CC(=O)O)=C1N=C(C=2)C(C)C1CCC(=O)O,0.0,test
OCc1cc(O)c2c(O)c3c(O)cccc3c([C@@H]3O[C@H](CO)[C@@H](O)[C@H](O)[C@H]3O)c2c1,1.0,test
CCN(CC)C(=O)N[C@H]1C[C@@H]2c3cccc4[nH]cc(c34)C[C@H]2N(C)C1,1.0,test
CN1C[C@@H](NS(=O)(=O)N(C)C)C[C@@H]2c3cccc4c3c(cn4C)C[C@H]21,0.0,test
Cc1c(C)c2c(c(C)c1OC(=O)c1cccnc1)CC[C@@](C)(CCC[C@H](C)CCC[C@H](C)CCCC(C)C)O2,0.0,test
COc1ccc2c3c1O[C@H]1C[C@@H](O)C=C[C@@]31CCN(C)C2,0.0,test
O=C1C=CC(=O)N1,0.0,test
O=C1C=CC(=O)O1,0.0,test
CN1CCN(C(=O)O[C@H]2c3nccnc3C(=O)N2c2ccc(Cl)cn2)CC1,0.0,test
CC(=O)C1(C)CC2=C(CCCC2(C)C)CC1C,0.0,test
CN1CCC[C@@H]1Cc1c[nH]c2ccc(CCS(=O)(=O)c3ccccc3)cc12,0.0,test
O=c1[nH]c(=O)[nH]c(=O)[nH]1,0.0,test
O=c1n(CCO)c(=O)n(CCO)c(=O)n1CCO,0.0,test
O=c1n(Cl)c(=O)n(Cl)c(=O)n1Cl,0.0,test
CO[Si](CCCn1c(=O)n(CCC[Si](OC)(OC)OC)c(=O)n(CCC[Si](OC)(OC)OC)c1=O)(OC)OC,0.0,test
C=CCn1c(=O)n(CC=C)c(=O)n(CC=C)c1=O,0.0,test
CCCCC1(COC(=O)CCC(=O)O)C(=O)N(c2ccccc2)N(c2ccccc2)C1=O,0.0,test
Cc1nc2n(c(=O)c1CCN1CCC(c3noc4cc(F)ccc34)CC1)CCCC2,0.0,test
Cc1nc2n(c(=O)c1CCN1CCC(c3noc4cc(F)ccc34)CC1)CCC[C@H]2O,0.0,test
Oc1ccc2cc(SSc3ccc4cc(O)ccc4c3)ccc2c1,1.0,test
O=C(OCc1ccccc1)C(=O)OCc1ccccc1,0.0,test
Nc1c2c(nc3ccccc13)CCCC2O,0.0,test
Nc1c2c(nc3ccccc13)CCCC2,1.0,test
CC1(C)S[C@@H]2C(NC(=O)COc3ccccc3)C(=O)N2C1C(=O)O,0.0,test
C[C@@H]1CCN(C(=O)C(CCCN=C(N)N)NS(=O)(=O)c2cccc3c2NC[C@H](C)C3)C(C(=O)O)C1,0.0,test
CCCCCCCCCCCCCCCC[N+](C)(C)CCN(Cc1ccc(OC)cc1)c1ncccn1,0.0,test
COc1ccc(CN(CCN(C)C)c2ncccn2)cc1,0.0,test
C1CCC(NC2CCCCC2)CC1,0.0,test
CN(C1CCCCC1)C1CCCCC1,0.0,test
O=C(OC[C@H]1O[C@@H](OC(=O)c2cc(O)c(O)c(OC(=O)c3cc(O)c(O)c(O)c3)c2)[C@H](OC(=O)c2cc(O)c(O)c(OC(=O)c3cc(O)c(O)c(O)c3)c2)[C@@H](OC(=O)c2cc(O)c(O)c(OC(=O)c3cc(O)c(O)c(O)c3)c2)[C@@H]1OC(=O)c1cc(O)c(O)c(OC(=O)c2cc(O)c(O)c(O)c2)c1)c1cc(O)c(O)c(OC(=O)c2cc(O)c(O)c(O)c2)c1,0.0,test
CC(C)OC(=O)C(C(=O)OC(C)C)=C1SC=CS1,0.0,test
Brc1c(NC2=NCCN2)ccc2nccnc12,0.0,test
CC(=O)N[C@@H]1C(O[C@H]2OC(C(=O)O)C(O)[C@H](O)[C@H]2O)[C@H](O)[C@@H](CO)O[C@H]1O[C@@H]1C(C(=O)O)O[C@@H](O[C@H]2[C@H](O)[C@@H](CO)OC(O)[C@@H]2NC(C)=O)[C@H](O)[C@H]1O,0.0,test
CCC[C@@H]1CC(C(=O)N[C@@H]([C@H]2O[C@H](SC)[C@H](O)[C@@H](O)[C@H]2O)[C@H](C)Cl)N(C)C1,0.0,test
CCC[C@@H]1CC(C(=O)N[C@@H]([C@H]2O[C@H](SC)[C@H](OP(=O)(O)O)[C@@H](O)[C@H]2O)[C@H](C)Cl)N(C)C1,0.0,test
CCC[C@@H]1CC(C(=O)N[C@@H]([C@H]2O[C@H](SC)[C@H](O)[C@@H](O)[C@H]2O)[C@@H](C)O)N(C)C1,0.0,test
CCCCCCCCCCCCCCCC(=O)O[C@@H]1[C@@H](O)[C@@H](O)[C@@H]([C@H](NC(=O)C2C[C@@H](CCC)CN2C)[C@H](C)Cl)O[C@@H]1SC,0.0,test
CCN(Cc1cccc(S(=O)(=O)O)c1)c1ccc(C(=C2C=CC(=[N+](CC)Cc3cccc(S(=O)(=O)[O-])c3)C=C2)c2ccccc2)cc1,0.0,test
CCC(C)N(C)C(=O)c1cc2ccccc2c(-c2ccccc2Cl)n1,0.0,test
Cc1cnc(C(=O)NCCc2ccc(S(=O)(=O)NC(=O)NC3CCCCC3)cc2)cn1,0.0,test
Oc1c2ccccc2c2c3c(cccc13)N=N2,0.0,test
CCC1NC(=O)C(NC(=O)c2ncccc2O)C(C)OC(=O)C(c2ccccc2)NC(=O)C2CC(=O)CCN2C(=O)C(Cc2ccccc2)N(C)C(=O)C2CCCN2C1=O,0.0,test
COc1ccccc1Oc1c(NS(=O)(=O)c2ccc(C(C)(C)C)cc2)nc(-c2ncccn2)nc1OCCO,0.0,test
CC[C@H]1OC(=O)C(C)[C@@H](O[C@H]2C[C@@](C)(OC)[C@@H](O)[C@H](C)O2)C(C)[C@@H](O[C@@H]2O[C@H](C)C[C@H](N(C)C)[C@H]2O)[C@](C)(OC)CC(C)C(=O)C(C)[C@@H](O)[C@]1(C)O,0.0,test
CCOC(=O)CCC(=O)O[C@H]1[C@H](O[C@@H]2[C@@H](C)[C@H](O[C@H]3C[C@@](C)(OC)[C@@H](O)[C@H](C)O3)C(C)C(=O)O[C@H](CC)[C@@](C)(O)[C@H](O)C(C)C(=O)C(C)C[C@@]2(C)O)O[C@H](C)C[C@@H]1N(C)C,0.0,test
CCC(=O)O[C@H]1[C@H](O[C@@H]2[C@@H](C)[C@H](O[C@H]3C[C@@](C)(OC)[C@@H](O)[C@H](C)O3)C(C)C(=O)O[C@H](CC)[C@@](C)(O)[C@H](O)C(C)C(=O)C(C)C[C@@]2(C)O)O[C@H](C)C[C@@H]1N(C)C,0.0,test
CC[C@H]1OC(=O)C(C)[C@@H](O[C@H]2C[C@@](C)(OC)[C@@H](O)[C@H](C)O2)[C@H](C)[C@@H](O[C@@H]2O[C@H](C)C[C@H](N(C)C)[C@H]2O)[C@](C)(O)CC(C)C(=O)C(C)[C@@H](O)[C@]1(C)O,1.0,test
CO[C@H]1C=CO[C@@]2(C)Oc3c(C)c(O)c4c(O)c(cc(O)c4c3C2=O)NC(=O)C(C)=CC=CC(C)[C@H](O)[C@@H](C)[C@@H](O)[C@@H](C)[C@H](OC(C)=O)[C@@H]1C,0.0,test
CCc1occc(=O)c1O,0.0,test
Cc1occc(=O)c1OC(=O)C(C)C,0.0,test
O=c1cc(CO)occ1O,0.0,test
Cc1occc(=O)c1O,0.0,test
O=C(NCCNCC(O)COc1ccc(O)cc1)N1CCOCC1,0.0,test
CC1CC(OC(=O)C(O)c2ccccc2)CC(C)(C)N1C,1.0,test
COc1ccc(C2NC(=S)N3C(c4ccc(OC)c(OC)c4)NC(=S)N23)cc1OC,0.0,test
CSc1ccc(C(=O)C(C)(C)N2CCOCC2)cc1,1.0,test
COc1c(N2C[C@@H]3CCCN[C@@H]3C2)c(F)cc2c(=O)c(C(=O)O)cn(C3CC3)c12,0.0,test
O=C(c1ccc2c(c1)C(=O)OC2=O)c1ccc2c(c1)C(=O)OC2=O,0.0,test
CCCN(CC)CC1COC2(CCC(C(C)(C)C)CC2)O1,0.0,test
N=C(N)NCC1COC2(CCCCC2)O1,0.0,test
Cc1cc(=O)c(C(=O)NC(C(=O)NC2C(=O)N3C(C(=O)O)=C(CSc4nnnn4C)CS[C@H]23)c2ccc(O)cc2)c[nH]1,1.0,test
O=c1[nH]c(=O)c2ccccc2o1,0.0,test
COc1cc(OC)nc(Sc2cccc(Cl)c2C(=O)O)n1,0.0,test
Nc1nc(=O)c2c(CCc3ccc(C(=O)NC(CCC(=O)O)C(=O)O)cc3)c[nH]c2[nH]1,0.0,test
CC1Cc2ccccc2N1NC(=O)c1ccc(Cl)c(S(N)(=O)=O)c1,0.0,test
Cc1ccsc1C(=CCCN1CCCC(C(=O)O)C1)c1sccc1C,1.0,test
Nc1ccn(C2CO[C@H](CO)O2)c(=O)n1,0.0,test
CC1CC(=O)NN=C1c1ccc(NCC(C)(C)NCC(O)COc2cc(Cl)ccc2C#N)cc1,0.0,test
O=c1cc(O)[nH]c(=O)[nH]1,0.0,test
O=c1[nH]cc(F)c(=O)[nH]1,0.0,test
O=C(O)c1cc(=O)[nH]c(=O)[nH]1,0.0,test
O=c1cc[nH]c(=O)[nH]1,0.0,test
Cc1[nH]c(=O)n(C(C)(C)C)c(=O)c1Cl,0.0,test
Cn1c(N)c(N=O)c(=O)n(C)c1=O,0.0,test
CCC(C)n1c(=O)[nH]c(C)c(Br)c1=O,0.0,test
c1ccc(CCNc2nc(-c3ccccc3)cs2)cc1,1.0,test
c1cnc2c(n1)CCCC2,0.0,test
CC(C)CC(NC(=O)CNC(=O)C(Cc1ccc(O)cc1)NC(=O)C(CO)NC(=O)C(Cc1c[nH]c2ccccc12)NC(=O)C(Cc1c[nH]cn1)NC(=O)C1CCC(=O)N1)C(=O)NC(CCCN=C(N)N)C(=O)N1CCCC1C(=O)NCC(N)=O,0.0,test
CC(C)CC(NC(=O)C(COC(C)(C)C)NC(=O)C(Cc1ccc(O)cc1)NC(=O)C(CO)NC(=O)C(Cc1c[nH]c2ccccc12)NC(=O)C(Cc1c[nH]cn1)NC(=O)C1CCC(=O)N1)C(=O)NC(CCCN=C(N)N)C(=O)N1CCCC1C(=O)NNC(N)=O,0.0,test
c1cc2ccc3ccc4ccc5cccc6c(c1)c2c3c4c56,0.0,test
NC(=O)c1ncn([C@@H]2O[C@H](CO)[C@@H](O)[C@H]2O)c1N,0.0,test
COc1ccccc1N1CCN(CCCCNC(=O)c2ccc(-c3ccc(C(C)=O)cc3)cc2)CC1,0.0,test
Cc1ccccc1OCC(O)CNCCOc1ccc(C(N)=O)cc1,0.0,test
CC1(C)CCC(=Cc2ccc(Cl)cc2)C1(O)Cn1cncn1,0.0,test
O=C(O)CCC/C=C\C[C@@H]1[C@@H](/C=C/[C@@H](O)COc2cccc(C(F)(F)F)c2)[C@H](O)C[C@@H]1O,1.0,test
O=C(O)CCC/C=C\C[C@@H]1[C@@H](/C=C/[C@@H](O)COc2cccc(Cl)c2)[C@H](O)C[C@@H]1O,0.0,test
C[C@]12CCC(=O)C(=O)C1CC[C@@H]1[C@@H]2CC[C@]2(C)C(=O)CC[C@@H]12,1.0,test
CN1C(=O)COc2c(C(=O)NC3CN4CCC3CC4)cc(Cl)cc21,0.0,test
Cc1cccc(Nc2ccncc2S(=O)(=O)NC(=O)NC(C)C)c1,0.0,test
O=C1CCCO1,0.0,test
CCCCCC1CCC(=O)O1,0.0,test
CCCCCCCC1CCC(=O)O1,0.0,test
CCCC1CCC(=O)O1,0.0,test
CC1CCC(=O)O1,0.0,test
CC(=O)C1CCOC1=O,0.0,test
CCC1CCC(=O)O1,1.0,test
CCCCCCC1(C)CCC(=O)O1,0.0,test
CCCCCCC1CCC(=O)O1,0.0,test
CCCCC1CCC(=O)O1,0.0,test
CCCCCCC1CCOC1=O,0.0,test
Cc1c[nH]c2ccccc12,0.0,test
O=C(O)CCCc1c[nH]c2ccccc12,0.0,test
CC(C)OC(=O)c1cc2c(OCC(O)CNC(C)(C)C)cccc2[nH]1,0.0,test
COc1ccc2[nH]cc(CCNC(C)=O)c2c1,1.0,test
CNS(=O)(=O)Cc1ccc2[nH]cc(CCN(C)C)c2c1,0.0,test
O=C(O)Cc1c[nH]c2ccccc12,0.0,test
c1ccc2[nH]ccc2c1,0.0,test
CNC(=O)C(Cc1c[nH]c2ccccc12)NC(=O)C(CC(O)=NO)CC(C)C,0.0,test
O=C(O)C(=O)Cc1c[nH]c2ccccc12,0.0,test
NC(Cc1c[nH]c2ccccc12)C(=O)O,0.0,test
CCC(N)Cc1c[nH]c2ccccc12,0.0,test
COC(=O)C(CN)c1c[nH]c2ccc(OC)cc12,0.0,test
NC(Cc1c[nH]c2ccc(O)cc12)C(=O)O,0.0,test
CCCN(CCC)CCc1c[nH]c2ccccc12,0.0,test
CN(C)CCc1c[nH]c2ccccc12,0.0,test
CCN(CC)CCc1c[nH]c2ccccc12,0.0,test
COc1ccc2[nH]cc(CCN(C(C)C)C(C)C)c2c1,0.0,test
CCCN(CCC)CCc1cccc2[nH]c(O)cc12,0.0,test
CN(C)CCc1c[nH]c2cccc(OP(=O)(O)O)c12,0.0,test
CC(C)NCC(O)COc1cccc2[nH]ccc12,0.0,test
CCOC(=O)c1c(C)n(C)c2ccc(O)cc12,0.0,test
Cn1c(O)c(N=NC(N)=S)c2ccccc21,0.0,test
Cc1nnc(C(=O)NC(C)(C)c2nc(C(=O)NCc3ccc(F)cc3)c(O)c(=O)n2C)o1,0.0,test
CC1(C)SC2C(N)C(=O)N2C1C(=O)O,0.0,test
O=c1[nH]cnc2[nH]ncc12,0.0,test
O=[N+]([O-])c1ccc(Nc2ccc(Nc3ccccc3)c(S(=O)(=O)O)c2)c([N+](=O)[O-])c1,0.0,test
O=C(Nc1ccccc1)Nc1ccccc1,1.0,test
O=C(Nc1ccc([N+](=O)[O-])cc1)Nc1ccc([N+](=O)[O-])cc1,1.0,test
CCN(C(=O)N(CC)c1ccccc1)c1ccccc1,0.0,test
O=C(O)c1ccc(NC2OC[C@@H](O)[C@H](O)[C@H]2O)cc1,0.0,test
COc1ccc(C2CNC(=O)C2)cc1OC1CCCC1,0.0,test
O=C(NCCCN1CCOCC1)c1ccc(Cl)cc1,0.0,test
CC(C)(COC(=O)c1ccccc1)COC(=O)c1ccccc1,1.0,test
CC(C)C(OC(=O)c1ccccc1)C(C)(C)COC(=O)c1ccccc1,1.0,test
Cc1ccc2oc(CN(Cc3ccccc3)C(=O)Nc3c(F)cc(F)cc3F)c(-c3ccc(Cl)cc3)c2c1,0.0,test
CC(C)C(Nc1ccc(C(F)(F)F)cc1Cl)C(=O)OC(C#N)c1cccc(Oc2ccccc2)c1,0.0,test
CN(C)CCC=C1c2ccccc2C=Cc2ccccc21,0.0,test
O=[N+]([O-])c1ccc2c3c(cccc13)CC2,0.0,test
c1cc2c3c(cccc3c1)CC2,0.0,test
CC1CCC(C(C)(C)S)C(=O)C1,0.0,test
CCCC1CCC(=O)CC1,0.0,test
CC(C)C1CC[C@@H](C)CC1=O,0.0,test
CC(C)(C)C1CCCCC1=O,0.0,test
O=C1CCCCC1,0.0,test
CC1CC(=O)CC(C)(C)C1,0.0,test
O=C1CCCCC1Cl,0.0,test
CC(C)(C)C1CCC(=O)CC1,0.0,test
CC(=O)C1CCCCC1=O,0.0,test
CCC(C)C1CCCCC1=O,0.0,test
CN1[C@@H]2CC[C@H]1C[C@@H](OC(=O)C(O)c1ccccc1)C2,0.0,test
CN1[C@@H]2CC[C@H]1C[C@@H](OC(=O)C(CO)c1ccccc1)C2,0.0,test
CON=C(C(=O)NC1C(=O)N2C(C(=O)OCOC(=O)C(C)(C)C)=C(C)CS[C@H]12)c1csc(N)n1,0.0,test
CON=C(C(=O)NC1C(=O)N2C(C(=O)O)=C(COC(C)=O)CS[C@H]12)c1csc(N)n1,0.0,test
C=CC1=C(C(=O)O)N2C(=O)C(NC(=O)C(=NO)c3csc(N)n3)[C@H]2SC1,0.0,test
CON=C(C(=O)NC1C(=O)N2C(C(=O)O)=CCS[C@H]12)c1csc(N)n1,0.0,test
C[C@H]1CNCCc2ccc(Cl)cc21,0.0,test
CN(CC1(C)CCCO1)S(=O)(=O)c1ccc(Cl)c(S(N)(=O)=O)c1,0.0,test
COC(=O)C1C=C2CC(=O)CC[C@]2(C)[C@@]23O[C@@H]2C[C@@]2(C)[C@@H](CC[C@@]24CCC(=O)O4)[C@H]13,0.0,test
CC(C)(c1ccccc1)c1cc(-n2nc3ccccc3n2)c(O)c(C(C)(C)c2ccccc2)c1,0.0,test
COc1cc2c(cc1OC)[C@@]13CCN4CC5=CCO[C@H]6CC(=O)N2[C@H]1[C@H]6[C@H]5C[C@H]43,0.0,test
O=C1C[C@@H]2OCC=C3CN4CC[C@]56c7ccccc7N1[C@H]5[C@H]2[C@H]3C[C@H]46,0.0,test
O=C1CCCC=CCCCCCCCCCC1,0.0,test
CC1CCc2c(N3CCC(O)CC3)c(F)cc3c(=O)c(C(=O)O)cn1c23,0.0,test
O=C(OC1CCCCC1)c1ccccc1C(=O)OC1CCCCC1,0.0,test
O=C1CCCCCCCCCCCCCCO1,0.0,test
O=[N+]([O-])c1cccc(S(=O)(=O)NCCNS(=O)(=O)c2cccc([N+](=O)[O-])c2)c1,0.0,test
CCCCC[C@@H](O)C1C(=O)OC(C)[C@H](O)C=CC=CC=CC=CC=C(C)C(O)C(O)C(O)C[C@H](O)C[C@H](O)C[C@H](O)C[C@H](O)C[C@@H]1O,0.0,test
CCOP(=S)(Oc1cnc(C(C)(C)C)nc1)OC(C)C,0.0,test
Cc1nc(N(C)C)nc(OC(=O)N(C)C)c1C,0.0,test
CCOc1cc(OP(=S)(OC)OC)nc(CC)n1,0.0,test
Cc1ncc(CNC(=O)N(CCCl)N=O)c(N)n1,0.0,test
CCOP(=S)(OCC)Oc1cc(C)nc(C(C)C)n1,0.0,test
Clc1cc(Cl)nc(Cl)n1,0.0,test
CCN(CC)c1nc(C)cc(OP(=S)(OC)OC)n1,0.0,test
CCCSSC(CCO)=C(C)N(C=O)Cc1cnc(C)nc1N,0.0,test
CCOC(=O)OCC/C(SC(=O)OCC)=C(\C)N(C=O)Cc1cnc(C)nc1N,0.0,test
Nc1nc(Cl)cc(Cl)n1,0.0,test
Clc1ccnc(Cl)n1,0.0,test
CCOP(=O)(OCC)Oc1cc(C)nc(C(C)C)n1,0.0,test
Nc1nc(N)c(N)c(N)n1,0.0,test
CCCOc1nn(C(=O)NS(=O)(=O)c2ccccc2C(=O)OC)c(=O)n1C,0.0,test
COc1nn(C(=O)NS(=O)(=O)c2ccccc2OC(F)(F)F)c(=O)n1C,0.0,test
