smiles,Tox21_NR_ER,group
Cc1cc(C(=O)NNCc2ccccc2)no1,1.0,training
O=CCCc1ccccc1,1.0,training
O=S(=O)(Cl)c1c(Cl)cccc1Cl,0.0,training
C[N+](C)(C)CC1CO1,0.0,training
CCCCCCCCCCCCCCCC(=O)O,1.0,training
O=C(O)c1cc2ccccc2cc1O,1.0,training
CCS(=O)(=O)C(C)(C)S(=O)(=O)CC,0.0,training
Clc1cc(Cl)c2c(c1)N=C1CCCCCN1C2,1.0,training
CC(=NO)c1ccc(OCC(=O)N2CCCCC2)cc1,1.0,training
O=C(NS(=O)(=O)/C=C/c1cccs1)c1ccc(F)cc1Br,1.0,training
Cc1[nH]c(=O)c(C#N)cc1-c1ccncc1,0.0,training
C[C@]12CC[C@H](OS(=O)(=O)O)CC1=CC[C@@H]1[C@@H]2CC[C@]2(C)C(=O)CC[C@@H]12,1.0,training
CC(C)(C)c1ccc(O)c(O)c1,1.0,training
Cc1ccc(C(C)(C)O)cc1,0.0,training
CCCCCCCC/C=C\CCCCCCCC(=O)O,0.0,training
Nc1nc2cc(Cl)ccc2o1,0.0,training
Nc1ccc(O)c(C(=O)O)c1,1.0,training
CCc1cc(C2=C(C(=O)O)N(c3ccccc3C(F)(F)F)S(=O)(=O)c3ccccc32)cc2c1OCO2,0.0,training
CC(Cl)C(=O)O,0.0,training
CCC1CCC(CCC(=O)O)C1,1.0,training
C1CCN(CN2CCCCC2)CC1,0.0,training
CCCCCCCCCCl,1.0,training
CCCCOc1cc(C(=O)OCCN(CC)CC)ccc1N,0.0,training
COc1c(C(C)(C)C)cc([N+](=O)[O-])c(C)c1[N+](=O)[O-],0.0,training
CCCOC(C)=O,0.0,training
CCOP(=S)(OCC)SCSCC,1.0,training
C[C@@H]1C[C@H]2[C@@H]3CC=C4CC(=O)C=C[C@]4(C)[C@@]3(F)[C@@H](O)C[C@]2(C)[C@@]1(O)C(=O)COP(=O)(O)O,1.0,training
Brc1ccc(Oc2cc(Br)c(Br)cc2Br)c(Br)c1,1.0,training
CCCCCCc1ccc(N)cc1,1.0,training
CCCCOC(=O)c1ccc(O)cc1,1.0,training
CCN(Cc1cccc(S(=O)(=O)O)c1)c1ccc(C(=C2C=CC(=[N+](CC)Cc3cccc(S(=O)(=O)[O-])c3)C=C2)c2ccccc2)cc1,0.0,training
COC(=O)Nc1nc2cc(Sc3ccccc3)ccc2[nH]1,1.0,training
Nc1ccccc1C(=O)Oc1ccc2ccccc2c1,1.0,training
CP(=O)(O)OCCC[Si](O)(O)O,0.0,training
Clc1ccc(C(Cl)(Cl)Cl)cc1,1.0,training
Cc1ccccc1OCC(O)CO,1.0,training
CC(C)C(OC(=O)c1ccccc1)C(C)(C)COC(=O)c1ccccc1,1.0,training
Nc1nc(=O)c2nc(CNc3ccc(C(=O)NC(CCC(=O)O)C(=O)O)cc3)cnc2[nH]1,1.0,training
CC(C)CC(=O)CC(C)C,1.0,training
CO[C@H]1C=CO[C@@]2(C)Oc3c(C)c(O)c4c(O)c(c5c(c4c3C2=O)=NC2(CCN(CC(C)C)CC2)N=5)NC(=O)C(C)=CC=CC(C)[C@H](O)[C@@H](C)[C@@H](O)[C@@H](C)[C@H](OC(C)=O)[C@@H]1C,0.0,training
CC[C@H](C)C1NC(=O)C(Cc2ccc(O)cc2)NC(=O)C(N)CSSCC(C(=O)N2CCCC2C(=O)NC(CC(C)C)C(=O)NCC(N)=O)NC(=O)C(CC(N)=O)NC(=O)C(CCC(N)=O)NC1=O,1.0,training
OCc1cccc(Oc2ccccc2)c1,1.0,training
Nc1ccc2ccccc2c1,0.0,training
O=C(CCl)c1ccccc1,1.0,training
CCCCCCCCC(CCCCCC)C(=O)O,0.0,training
O=C(CCc1ccc(O)cc1)c1c(O)cc(O)cc1O,1.0,training
ONc1ccccc1,1.0,training
CC(Cl)COP(=O)(OCC(C)Cl)OCC(C)Cl,0.0,training
O=S(=O)(O)c1cc(Cl)c(Cl)cc1Cl,0.0,training
O=P(O)(O)OC[C@H]1O[C@](O)(COP(=O)(O)O)[C@@H](O)[C@@H]1O,1.0,training
CC(C(=O)O)c1ccc(-c2ccccc2)c(F)c1,1.0,training
CC(C)CO,0.0,training
C#C[C@]1(OC(C)=O)CC[C@H]2[C@@H]3CC=C4CC(=O)CCC4[C@H]3CC[C@@]21C,1.0,training
CCCCC(CC)COC(=O)CC(C(=O)OCC(CC)CCCC)S(=O)(=O)O,1.0,training
COc1cccc2c(O)c3c(c(O)c12)C(=O)C1=C(C[C@@](O)(C(C)=O)C[C@@H]1O[C@H]1C[C@H](N)[C@H](O)[C@H](C)O1)C3=O,1.0,training
C[C@]12CC[C@H]3[C@@H](CC=C4CC(=O)CC[C@@]43C)[C@@H]1CC[C@H]2O,1.0,training
CC(C)(O)CCCC1=CCC(C=O)CC1,1.0,training
Cc1c[nH]c(=S)[nH]c1=O,0.0,training
O=c1cc(-c2ccc(O)cc2)oc2cc(O)cc(O)c12,1.0,training
CCOc1cccc(N)c1,0.0,training
CCCCCCCCCBr,0.0,training
CCCOc1ccc2nc(NC(=O)OC)sc2c1,1.0,training
COc1cc(C[C@@H]2NCCc3cc(O)c(O)cc32)cc(OC)c1OC,0.0,training
CC(=O)Nc1ccc(OCCOCCOc2ccc(NC(C)=O)cc2)cc1,0.0,training
CCn1cc(C(=O)O)c(=O)c2cc(F)c(N3CCNC(C)C3)c(F)c21,0.0,training
COc1ccc(OC)c(C(O)C(C)N)c1,0.0,training
Cc1ccc(C(=O)C(C)CN2CCCCC2)cc1,1.0,training
O=C(O)COc1ccc(Cl)cc1,0.0,training
CC(C)COC(=O)c1ccc(N)cc1,1.0,training
COCCOCCOCCOC,0.0,training
CC(C)(C)c1ccc(OC(=O)c2ccccc2O)cc1,1.0,training
CC[N+]1(CCOC(=O)C(O)(c2ccccc2)c2ccccc2)CCCCC1,1.0,training
CC(C)(C)c1ccc(C=O)cc1,0.0,training
c1ccc([C@H]2CN3CCSC3=N2)cc1,1.0,training
CC(C)=CCl,1.0,training
CCCCC(CC)COC(=O)C(C#N)=C(c1ccccc1)c1ccccc1,0.0,training
CCOP(=S)(OCC)SCSP(=S)(OCC)OCC,1.0,training
CC(C)CC(NC(=O)OCC1c2ccccc2-c2ccccc21)C(=O)O,1.0,training
[O-][N+](=Nc1ccccc1)c1ccccc1,1.0,training
CCCCCCOC(=O)CC,0.0,training
C#C[C@]1(OC(C)=O)CC[C@H]2[C@@H]3CCC4=C[C@@H](OC(C)=O)CC[C@@H]4[C@H]3CC[C@@]21C,1.0,training
CCCCCC[C@@H](O)C/C=C\CCCCCCCC(=O)OCC(O)CO,0.0,training
C=C(C)C(=O)OCCC(F)(F)C(F)(F)C(F)(F)C(F)(F)C(F)(F)C(F)(F)F,0.0,training
CCN(CC)C(=O)C(C)Oc1cccc2ccccc12,0.0,training
CCCCOCCOCCSC#N,0.0,training
Cc1occc1S,0.0,training
Cc1ccccc1N,1.0,training
CC(O)[C@H]1CC[C@H]2[C@@H]3CC[C@@H]4C[C@@H](O)CC[C@]4(C)[C@H]3CC[C@]12C,1.0,training
O=C1CCC(C(=O)N2CCCCC2)N1,0.0,training
CCOC(=O)c1ccccc1C(=C1C=C(Br)C(=O)C(Br)=C1)c1cc(Br)c(O)c(Br)c1,0.0,training
CN1CCN(CCC=C2c3ccccc3Sc3ccc(S(=O)(=O)N(C)C)cc32)CC1,0.0,training
C#C[C@]1(O)CC[C@H]2[C@@H]3CC=C4CC(=O)CCC4[C@H]3CC[C@@]21C,1.0,training
CC(C)OC(=O)Nc1ccc2[nH]c(-c3cscn3)nc2c1,1.0,training
Cc1ccccc1O,0.0,training
O=C(O)c1cccnc1Nc1cccc(C(F)(F)F)c1,0.0,training
Clc1ccc(C(Cl)(Cl)Cl)cn1,0.0,training
CC1=CCC(=C(C)C)CC1,1.0,training
Nc1ccc2cc3ccc(N)cc3nc2c1,1.0,training
Oc1ccc(Cc2ccc(O)cc2)cc1,1.0,training
CC(C)c1cccc(C(C)C)c1N1C(=O)c2ccc(O)cc2C1=O,1.0,training
O=C(O)Cc1c[nH]c2ccccc12,0.0,training
O=C(Cn1ccnc1[N+](=O)[O-])NCCO,0.0,training
COC(=O)COc1ccc(Cl)cc1Cl,0.0,training
NC(Cc1c[nH]c2ccc(O)cc12)C(=O)O,0.0,training
CN1CCN(c2c(F)cc3c(=O)c(C(=O)O)cn4c3c2OCN4C)CC1,1.0,training
NCCC(O)C(=O)N[C@@H]1C[C@H](N)[C@@H](O[C@H]2O[C@H](CN)[C@@H](O)[C@H](O)[C@H]2O)[C@H](O)[C@H]1O[C@H]1O[C@H](CO)[C@@H](O)[C@H](N)[C@H]1O,1.0,training
Oc1ccc(Cc2ccccc2)cc1,1.0,training
Cn1cnc2c(F)c(Nc3ccc(Br)cc3Cl)c(C(=O)NOCCO)cc21,1.0,training
CCCCCCCCCCCCc1ccccc1O,1.0,training
COc1ccccc1[N+](=O)[O-],0.0,training
O=C(O)c1cccc(/C=C2/C[C@@H]3[C@@H](/C=C/[C@@H](O)C4CCCCC4)[C@H](O)C[C@@H]3O2)c1,0.0,training
c1ccc([Bi](c2ccccc2)c2ccccc2)cc1,1.0,training
CC(=O)Oc1ccc2c(c1)CC[C@@H]1[C@@H]2CC[C@]2(C)[C@@H](O)CC[C@@H]12,1.0,training
CC(C)COC(=O)c1ccc(O)cc1,1.0,training
CCOc1ccc(S(=O)(=O)O)c2cccnc12,1.0,training
CCn1cc(C(=O)O)c(=O)c2cc(F)c(N3CCN(C)CC3)cc21,0.0,training
CN(C)CCc1c[nH]c2ccccc12,0.0,training
CC(=O)O[C@@H]1C[C@H]2CC[C@]1(C)C2(C)C,0.0,training
CCOC(=O)COc1ccc(C)cc1,0.0,training
CCCCCCC1CCOC1=O,0.0,training
CC(=O)OCC(=O)[C@@]12N=C(C)O[C@@H]1C[C@H]1[C@@H]3CC=C4CC(=O)C=C[C@]4(C)[C@H]3[C@@H](O)C[C@@]12C,1.0,training
c1ccc(P(c2ccccc2)c2ccccc2)cc1,0.0,training
Clc1ccccc1-c1nnc(-c2ccccc2Cl)nn1,1.0,training
CC#CCC(C)[C@H](O)/C=C/C1[C@H](O)C[C@@H]2C/C(=C\CCCC(=O)O)C[C@H]12,1.0,training
C=C(C)C(=O)OCCOc1ccccc1,1.0,training
CCNC(C)Cc1cccc(C(F)(F)F)c1,0.0,training
Nc1nc[nH]n1,1.0,training
CC(C)CCCCCCOC(=O)c1ccccc1C(=O)OCCCCCCC(C)C,0.0,training
Oc1cccc(O)c1O,1.0,training
CCC1(c2ccccc2)C(=O)NC(=O)N(C)C1=O,0.0,training
CC(C)C[C@H](CN)CC(=O)O,1.0,training
CCCN(C1CCN(C(=O)C2CCNCC2)CC1)[C@@H]1CCc2ccc(OC)cc2C1,1.0,training
CSSc1ccoc1C,0.0,training
CC(CO)(CO)C(=O)O,0.0,training
CC(Cc1ccccc1)NCc1ccccc1Cl,1.0,training
CN(C(=O)C(Cl)Cl)c1ccc(OC(=O)c2ccco2)cc1,1.0,training
Cc1c(N(C)CS(=O)(=O)O)c(=O)n(-c2ccccc2)n1C,1.0,training
CCOC(=O)c1ccc(N(C)C)cc1,1.0,training
CN[C@@H]1[C@H](O)[C@H](NC)[C@H]2O[C@@]3(O)C(=O)C[C@@H](C)O[C@H]3O[C@@H]2[C@H]1O,0.0,training
Cc1cc(NC(=O)C(=O)O)cc(C)c1Oc1ccc(O)c2c1CCC2,1.0,training
CCn1cc(C(=O)O)c(=O)c2ccc(C)nc21,0.0,training
N#CCCOCCOCCC#N,0.0,training
CC(=O)O[C@H]1CC[C@H]2C3=C(C=C[C@]12C)C1=C(CC3)CC(=O)CC1,1.0,training
C/C=C(\C)C(=O)OCC/C=C\CC,0.0,training
CCCCCCCCCCCC(=O)OCC(O)CO,0.0,training
O=C(C1CCCCC1)N1CC(=O)N2CCc3ccccc3C2C1,1.0,training
CCOC(=O)Nc1cccc(OC(=O)Nc2ccccc2)c1,1.0,training
Oc1[nH]c(O)c2c1[C@@H]1C=C[C@H]2C1,0.0,training
O=Cc1ccc([N+](=O)[O-])cc1,1.0,training
C=CC(C)(CCC=C(C)C)OC(C)=O,0.0,training
[O-][S+](CC(O)=NO)C(c1ccccc1)c1ccccc1,0.0,training
CC(C)(C)OC=O,0.0,training
C[N+]1(C)[C@@H]2CC[C@H]1C[C@@H](OC(=O)C(CO)c1ccccc1)C2,1.0,training
Cc1cc(C2(c3cc(C)c(O)cc3C)OS(=O)(=O)c3ccccc32)c(C)cc1O,1.0,training
O=[N+]([O-])c1c(Cl)cc(Cl)cc1Cl,0.0,training
O=C1NCC2(CCN(CCc3ccccc3)CC2)O1,1.0,training
CON=C(C(=O)NC1C(=O)N2C(C(=O)O)=C(COC(N)=O)CS[C@H]12)c1ccco1,1.0,training
O=c1n(Cl)c(=O)n(Cl)c(=O)n1Cl,0.0,training
CC(C)C(Br)C(=O)NC(N)=O,0.0,training
CCCCCCCC=O,0.0,training
C=CC(=O)OCCOCCOC(=O)C=C,1.0,training
O=C(OCCCCCCOC(=O)c1ccccc1)c1ccccc1,1.0,training
CCOC(=O)Nc1ccc(NCc2ccc(F)cc2)nc1N,1.0,training
CC/C=C\CCOC(C)=O,0.0,training
C=CC(=O)OCCO,1.0,training
O=C(NN1CCCC1)NS(=O)(=O)c1ccc(Cl)cc1,0.0,training
Nc1ccn([C@@H]2O[C@H](CO)[C@@H](O)[C@@H]2O)c(=O)n1,1.0,training
CC(=O)N1C[C@H](O)CC1C(=O)O,1.0,training
CC1c2cccc(O)c2C(=O)C2C(=O)[C@]3(O)C(=O)C(C(N)=O)C(=O)C(N(C)C)[C@@H]3[C@@H](O)[C@@H]21,0.0,training
Brc1c2ccccc2cc2ccccc12,1.0,training
CC(C)OC(=O)C(C)N(C(=O)c1ccccc1)c1ccc(F)c(Cl)c1,1.0,training
Nc1ccc2cc3ccccc3cc2c1,1.0,training
CCCCCC(O)/C=C/C=O,0.0,training
O=C1OCC(Cc2cccc(O)c2)C1Cc1cccc(O)c1,1.0,training
C=C[C@H]1CN2CC[C@H]1C[C@H]2[C@H](OC(=O)OCC)c1ccnc2ccc(OC)cc12,1.0,training
C[Si](C)=O,0.0,training
C1CC2OC2CC1C1CO1,0.0,training
CCCCCCCOC(=O)c1ccc(O)cc1,1.0,training
COC(CC(C)CCCC(C)(C)O)OC,0.0,training
[Ca+2],0.0,training
O=C(O)c1nn(Cc2ccc(Cl)cc2Cl)c2ccccc12,1.0,training
CCCCCCCCCC,0.0,training
NCCC[C@H](N)CC(=O)NC1CNC(=O)C([C@H]2C[C@H](O)N=C(N)N2)NC(=O)C(=CNC(N)=O)NC(=O)C(CO)NC(=O)C(CO)NC1=O,0.0,training
C[C@]12C=CC(=O)C=C1CC[C@H]1[C@@H]3C[C@@H](O)[C@](O)(C(=O)CO)[C@@]3(C)C[C@H](O)[C@@]12F,1.0,training
CCCCOCC1CO1,0.0,training
CCC1(CC)C(=O)NC(=O)NC1=O,0.0,training
CC(=O)O[C@H]1CC[C@@]2(C)C(=CC[C@@H]3[C@@H]2CC[C@]2(C)C(c4cccnc4)=CC[C@@H]32)C1,1.0,training
O=C(NCO)N(CO)c1c(O)n(CO)c(=O)n1CO,0.0,training
Cc1c2ccccc2c(C)c2c1ccc1ccccc12,1.0,training
CCCCOP(=O)(O)OCCCC,1.0,training
COC(=O)c1c(C)cc(O)c(C)c1O,1.0,training
CC(=O)NC(CC(=O)NC(CCC(=O)O)C(=O)O)C(=O)O,0.0,training
C=C(C)C(=O)Nc1ccc(Cl)c(Cl)c1,0.0,training
O=NN(O)c1ccccc1,1.0,training
C=C(C)C(=O)OCCCCCCCCCC,0.0,training
Nc1cc(S(=O)(=O)O)cc2cc(S(=O)(=O)O)cc(O)c12,0.0,training
O=C1CCCCCCCCCCCCCC1,0.0,training
Cc1ccc(N=C=O)cc1N=C=O,1.0,training
CCCCCOC(=O)COc1cc(N2C(=O)C3=C(CCCC3)C2=O)c(F)cc1Cl,0.0,training
CC1(C)C(C(=O)O[C@H](C#N)c2cccc(Oc3ccccc3)c2)[C@@H]1/C=C(\Cl)C(F)(F)F,0.0,training
O=C(C=Cc1ccccc1)OCc1ccccc1,1.0,training
CC[C@H](C)COC(=O)/C=C/c1ccc(/N=C/c2ccc(OC)cc2)cc1,1.0,training
COc1cccc(C(=O)NN(C(=O)c2cc(C)cc(C)c2)C(C)(C)C)c1C,0.0,training
CC(C)(c1ccccc1)c1ccc(O)cc1,1.0,training
CO[Si](CCCNCCN)(OC)OC,0.0,training
CCC(=O)O[C@@H]1CC(=O)O[C@H](C)CC=CC=C[C@H](O)[C@H](C)C[C@H](CC=O)[C@H](O[C@@H]2O[C@H](C)[C@@H](O[C@H]3C[C@@](C)(O)[C@@H](OC(=O)CC)[C@H](C)O3)[C@H](N(C)C)[C@H]2O)[C@H]1OC,0.0,training
C#C[C@]1(O)CC[C@H]2[C@@H]3CC=C4CC(=O)CC[C@]4(C)[C@H]3CC[C@@]21C,1.0,training
CSCCC(NC(=O)C(Cc1ccc(OS(=O)(=O)O)cc1)NC(=O)C(N)CC(=O)O)C(=O)NCC(=O)NC(Cc1c[nH]c2ccccc12)C(=O)NC(CCSC)C(=O)NC(CC(=O)O)C(=O)NC(Cc1ccccc1)C(N)=O,1.0,training
O=C(O)Cc1ccc(CCNS(=O)(=O)c2ccc(Cl)cc2)cc1,0.0,training
CC/C(=C(\c1ccccc1)c1ccc(OCCN(C)C)cc1)c1ccccc1,1.0,training
CCCSc1ccc2[nH]c(NC(=O)OC)nc2c1,1.0,training
COc1ccc(O)c(C(C)(C)C)c1,0.0,training
CCCCCCCc1ccc(O)cc1,1.0,training
Cc1ccc2nc(-c3ccc(N)cc3)sc2c1S(=O)(=O)O,1.0,training
CC[C@@]1(O)C[C@H](O[C@H]2C[C@H](N(C)C)[C@H](O[C@H]3C[C@H](O)[C@H](O[C@H]4CCC(=O)C(C)O4)[C@H](C)O3)[C@H](C)O2)c2c(cc3c(c2O)C(=O)c2c(O)cccc2C3=O)C1C(=O)OC,1.0,training
CCCCCCCCOc1ccc(C(=O)c2ccccc2)c(O)c1,0.0,training
Clc1cccc(SC2CCNCC2)n1,0.0,training
Cc1cc(C)c(N)c(Cl)c1,0.0,training
CCCN1CCC[C@@H]2Cc3[nH]ncc3C[C@H]21,0.0,training
CCc1cc(C(N)=S)ccn1,1.0,training
O=Cc1ccccc1C=O,1.0,training
Cc1cc(O)c2c(c1)C(=O)c1cc(O)cc(O)c1C2=O,1.0,training
CCC(=O)Oc1ccc2c(c1)CC[C@@H]1[C@@H]2CC[C@]2(C)[C@@H](OC(=O)CC)CC[C@@H]12,1.0,training
CCCCCCCCCCCCCCCC[N+](C)(C)C,1.0,training
COc1nc(NC(C)C)nc(NC(C)C)n1,0.0,training
O=C1C(=Cc2cccs2)CCCC1=Cc1cccs1,1.0,training
COc1ccc(C(=O)CC(=O)c2ccc(C(C)(C)C)cc2)cc1,0.0,training
OC(O)C(Cl)(Cl)Cl,0.0,training
COc1ccc(C(=O)Nc2ccccc2)cc1[N+](=O)[O-],1.0,training
COc1ccc(CN(CCN(C)C)c2ccccn2)cc1,0.0,training
O=C1c2ccccc2C(=O)C1c1nc2ccccc2c(Br)c1O,0.0,training
Nc1ccc([N+](=O)[O-])cc1O,0.0,training
C[N+]1([O-])[C@@H]2C[C@@H](OC(=O)C(CO)c3ccccc3)C[C@H]1[C@@H]1O[C@@H]12,0.0,training
CC[C@H](c1ccc(O)cc1)[C@@H](CC)c1ccc(O)cc1,1.0,training
O=C1CCCCCN1SSN1CCCCCC1=O,0.0,training
CCCCOc1ccc(OCCCN2CCOCC2)cc1,0.0,training
Clc1ccc(C(c2ccccc2Cl)C(Cl)(Cl)Cl)cc1,1.0,training
NC[C@@H]1O[C@H](O[C@H]2[C@@H](O)[C@H](O[C@@H]3[C@@H](O)[C@H](N)C[C@H](N)[C@H]3O[C@H]3O[C@H](CO)[C@@H](O)[C@H](O)[C@H]3N)O[C@@H]2CO)[C@H](N)[C@@H](O)[C@@H]1O,1.0,training
Cc1cccc(C#N)c1,1.0,training
Cc1ccc(N)cc1C,1.0,training
CCC(=O)Oc1ccc(/C(CC)=C(\CC)c2ccc(OC(=O)CC)cc2)cc1,1.0,training
CNC(=O)OCC[N+](C)(C)C,0.0,training
CCN(CC)CCNC(=O)COc1ccc(OC)cc1,1.0,training
N#Cc1cccc(C#N)c1,0.0,training
CC(c1ccc(O)cc1)(c1ccc(O)cc1)c1ccc(O)cc1,1.0,training
SC1CCCCC1,0.0,training
N=C(N)c1ccc(OCCCOc2ccc(C(=N)N)cc2)cc1,0.0,training
Clc1ccccc1-c1nc(-c2ccncc2)no1,1.0,training
Cc1c(Cl)cccc1Nc1ccccc1C(=O)O,0.0,training
C=CCN1CC[C@]23CCCC[C@H]2[C@H]1Cc1ccc(O)cc13,0.0,training
CC(COC(C)(C)C)OCCCO,0.0,training
COc1ccc(C(=O)CCC(=O)O)c2ccccc12,0.0,training
C=CC(=O)OCCOC(=O)C=C,1.0,training
Nc1cc(Cl)cc(C(=O)O)c1Cl,0.0,training
O=C(c1ccc(O)cc1)c1ccc(Cl)cc1,1.0,training
C#C[C@]1(O)CC[C@H]2C3=C(C=C[C@@]21CC)C1=C(CC3)CC(=O)CC1,1.0,training
O=C(O)CCc1nc2ccccc2[nH]1,0.0,training
Cc1c(C(=O)NCCO)[n+]([O-])c2ccccc2[n+]1[O-],0.0,training
C=CC(=O)Nc1cc2c(Nc3ccc(F)c(Cl)c3)ncnc2cc1OCCCN1CCOCC1,1.0,training
CN1[C@@H]2CC[C@H]1C[C@@H](OC(c1ccccc1)c1ccccc1)C2,0.0,training
CC=C1C(=O)C[C@H]2[C@@H]3CC=C4CC(=O)CC[C@]4(C)[C@H]3CC[C@]12C,1.0,training
CCCCc1oc2ccccc2c1C(=O)c1cc(I)c(OCCN(CC)CC)c(I)c1,0.0,training
CCCOC(=O)c1cc(O)c(O)c(O)c1,1.0,training
CCCCCC/C=C/CCCCCCCC(=O)O,1.0,training
CCNc1nc(Cl)nc(NCC)n1,0.0,training
CC(=O)N(CC(O)CN(C(C)=O)c1c(I)c(C(=O)NCC(O)CO)c(I)c(C(=O)NCC(O)CO)c1I)c1c(I)c(C(=O)NCC(O)CO)c(I)c(C(=O)NCC(O)CO)c1I,0.0,training
CC[C@@H](N)CO,0.0,training
CC1(C)O[C@@H]2C[C@H]3[C@@H]4CC=C5CC(=O)C=C[C@]5(C)[C@@]4(F)[C@@H](O)C[C@]3(C)[C@]2(C(=O)CO)O1,1.0,training
Cc1cccc2c1cc1ccc3cccc4ccc2c1c34,0.0,training
O=C(NCO)NCO,0.0,training
Cc1ccc2cccnc2c1,0.0,training
CCCCCCC(=O)O[C@H]1CC[C@H]2[C@@H]3CCc4cc(O)ccc4[C@H]3CC[C@]12C,1.0,training
CC(C)[N+]1(C)C2CCC1CC(OC(=O)C(CO)c1ccccc1)C2,1.0,training
CCCCCCC(CO)CCCC,0.0,training
CC[C@H]1OC(=O)C[C@@H](O)[C@H](C)[C@@H](O[C@@H]2O[C@H](C)[C@@H](O[C@H]3C[C@@](C)(O)[C@@H](O)[C@H](C)O3)[C@H](N(C)C)[C@H]2O)[C@@H](CC=O)CC(C)C(=O)C=CC(C)=CC1CO[C@@H]1O[C@H](C)[C@@H](O)[C@@H](OC)[C@H]1OC,0.0,training
CC(=O)OC/C=C(\C)CC/C=C(\C)CCC=C(C)C,0.0,training
Clc1cccc(C(Cl)(Cl)Cl)n1,0.0,training
NC(=O)OCC(O)COc1ccc(Cl)cc1,0.0,training
CN[C@@H](C)Cc1ccccc1,0.0,training
CC1=CCC2C(C1)C2(C)C,0.0,training
CC1CCCNC1,0.0,training
C=CC[C@]1(O)CC[C@H]2C3=C(C=C[C@@]21C)C1=C(CC3)CC(=O)CC1,1.0,training
COc1cc(-c2ccc(N=C=O)c(OC)c2)ccc1N=C=O,0.0,training
S=c1nccc[nH]1,1.0,training
CCCCOC(=O)c1ccccc1,1.0,training
CC[C@@H](C)C1NC(=O)C(CCCN)NC(=O)C(NC(=O)C(NC(=O)C(CCC(=O)O)NC(=O)C(CC(C)C)NC(=O)C2CSC([C@H](N)[C@H](C)CC)=N2)[C@@H](C)CC)CCCCNC(=O)C(CC(N)=O)NC(=O)C(CC(=O)O)NC(=O)C(Cc2c[nH]cn2)NC(=O)C(Cc2ccccc2)NC1=O,1.0,training
C=CCN(C1=NCCN1)c1c(Cl)cccc1Cl,1.0,training
CN1C(=O)NC(=O)C(C)(C2=CCCCC2)C1=O,0.0,training
O=C1c2ccccc2C(=O)C1c1ccccc1,0.0,training
CN(C)C(=O)Nc1ccccc1,0.0,training
C#C[C@]1(O)CC[C@H]2[C@@H]3CCc4cc(OC)ccc4[C@H]3CC[C@@]21C,1.0,training
O=c1ccc2ccccc2o1,1.0,training
Nc1cc(Cl)c(NC2=NCCN2)c(Cl)c1,0.0,training
CCOC(C)(C)C,0.0,training
CC(=O)CCC=C(C)C,0.0,training
NC(=O)c1ncn([C@@H]2O[C@H](CO)[C@@H](O)[C@H]2O)c1N,0.0,training
CC1(C)S[C@@H]2C(NC(=O)C(NC(=O)N3CCN(S(C)(=O)=O)C3=O)c3ccccc3)C(=O)N2C1C(=O)O,1.0,training
COc1ccccc1N1CCN(CC(O)COc2cccc3ccccc23)CC1,0.0,training
COC(=O)C(c1ccccc1Cl)N1CCc2sccc2C1,1.0,training
C[C@]12CC[C@@H]3c4ccc(OS(=O)(=O)O)cc4CC[C@H]3[C@@H]1CCC2=O,1.0,training
CN(C)CCC(c1ccccc1)c1ccccn1,1.0,training
CCCC1CCC(=O)O1,0.0,training
Nc1nc(Cl)nc2c1ncn2[C@H]1C[C@H](O)[C@@H](CO)O1,1.0,training
C[C@]12CCC(=O)C=C1CC[C@@H]1[C@@H]2CC[C@@]2(C)[C@H]1CC[C@]2(C)O,1.0,training
CN[C@H](C)Cc1ccccc1,0.0,training
C[C@@H](Cc1ccccc1)N(C)C,1.0,training
C/C=C/C[C@@H](C)[C@@H](O)C1C(=O)NC(CC)C(=O)N(C)CC(=O)N(C)C(CC(C)C)C(=O)NC(C(C)C)C(=O)N(C)C(CC(C)C)C(=O)NC(C)C(=O)NC(C)C(=O)N(C)C(CC(C)C)C(=O)N(C)C(CC(C)C)C(=O)N(C)C(C(C)C)C(=O)N1C,0.0,training
O=C1CCCCCCCCCCCN1,0.0,training
Cc1ccc(N)cc1,1.0,training
C[C@]12CCC(=O)C[C@@H]1CC[C@@H]1[C@@H]2CC[C@]2(C)C=CC[C@@H]12,1.0,training
CC(O)CN(CC(C)O)CC(C)O,1.0,training
C#C[C@]1(OC(=O)CCCCCC)CC[C@H]2[C@@H]3CC=C4CC(=O)CCC4[C@H]3CC[C@@]21C,1.0,training
c1ccc2c(c1)Oc1ccccc1S2,1.0,training
CC=CC=CC(=O)O,0.0,training
c1coc(-c2nc3ccccc3[nH]2)c1,1.0,training
CC(C)=CC(=O)O,1.0,training
CNCCC=C1c2ccccc2CCc2ccccc21,0.0,training
CCCCN(CCCC)SN(C)C(=O)Oc1cccc2c1OC(C)(C)C2,1.0,training
CC1(C)OC[C@@H]2O[C@@]3(C(=O)O)OC(C)(C)O[C@H]3[C@@H]2O1,0.0,training
Nc1ccc2c(c1)Cc1ccccc1-2,1.0,training
FC(F)(F)c1ccccc1,0.0,training
NC(=O)Oc1ccc(Cc2ccccc2)cc1,1.0,training
CCC(C)C(=O)OCCc1ccccc1,0.0,training
C[C@H]1CCC[C@H](O)CCCCCc2cc(O)cc(O)c2C(=O)O1,1.0,training
O=c1c(O)c(O)c1=O,0.0,training
CSc1ccc(C(=O)C(C)(C)N2CCOCC2)cc1,1.0,training
CCCCCCCCCCCCCCCC(=O)NCCO,0.0,training
CCOC(=O)CC(SP(=O)(OC)OC)C(=O)OCC,0.0,training
C[C@H](CCC(=O)O)[C@H]1CC[C@H]2[C@@H]3[C@H](O)C[C@@H]4C[C@H](O)CC[C@]4(C)[C@H]3C[C@H](O)[C@]12C,0.0,training
Clc1ccc(C(OCCN2CCCCC2)c2ccccc2)cc1,0.0,training
CO[Si](C)(OC)OC,0.0,training
C=C(C)C(=O)OCCCCCCCCCCCCC,0.0,training
O=C1NC(=O)c2ccccc21,0.0,training
C[C@]12CCC(=O)C=C1CC[C@H]1[C@@H]3CC[C@](O)(C(=O)CO)[C@@]3(C)C[C@H](O)[C@@]12F,1.0,training
C=CC(C)(CCC=C(C)C)OC(=O)c1ccccc1,1.0,training
OC(c1ccc(Cl)cc1)(c1cncnc1)c1ccccc1Cl,1.0,training
O=C(c1ccc(O)cc1O)c1ccc(O)cc1O,1.0,training
COCC(C)N,0.0,training
C[C@H]1O[C@@H](O[C@H]2[C@@H](O)C[C@H](O[C@H]3[C@@H](O)C[C@H](O[C@H]4CC[C@@]5(C)[C@H](CC[C@@H]6[C@@H]5C[C@@H](O)[C@]5(C)[C@@H](C7=CC(=O)OC7)CC[C@]65O)C4)O[C@@H]3C)O[C@@H]2C)C[C@H](O)[C@@H]1O,1.0,training
O=C(O)c1cccc([N+](=O)[O-])c1,0.0,training
CCOC(=O)c1ccc(OC(=O)CCCCCN=C(N)N)cc1,1.0,training
CO[C@@H]1[C@@H](O[C@@H]2O[C@H](C)[C@@H](O[C@H]3C[C@@](C)(O)[C@@H](OC(=O)CC(C)C)[C@H](C)O3)[C@H](N(C)C)[C@H]2O)[C@@H](CC=O)C[C@@H](C)[C@@H](O)C=CC=CC[C@@H](C)OC(=O)C[C@H]1O,1.0,training
CCNP(=S)(OC)O/C(C)=C/C(=O)OC(C)C,0.0,training
CC(=O)Nc1ccc(S(=O)(=O)Nc2cc(C)on2)cc1,0.0,training
Cc1ccc(O)c(-n2nc3ccccc3n2)c1,1.0,training
CCCCc1nc(Cl)c(CO)n1Cc1ccc(-c2ccccc2-c2nn[nH]n2)cc1,0.0,training
CCOP(=S)(OCC)O/N=C(\C#N)c1ccccc1,1.0,training
Cc1ccc(N)c(N)c1,1.0,training
NC(=O)C1c2ccccc2CCc2ccccc21,0.0,training
Nc1nc(-c2ccccc2)cs1,1.0,training
Cc1ccc(-c2ncc(Cl)cc2-c2ccc(S(C)(=O)=O)cc2)cn1,0.0,training
CCCCCCCCCCCC(C)=O,1.0,training
CCOP(=S)(OCC)SCSc1ccc(Cl)cc1,1.0,training
COC(=O)Nc1nc2cc([S+]([O-])c3ccccc3)ccc2[nH]1,0.0,training
Nc1ccc(C(=O)Oc2ccccc2)c(O)c1,1.0,training
Cc1ccc([N+](=O)[O-])c([N+](=O)[O-])c1,0.0,training
CCC1(c2ccc(N)cc2)CCC(=O)NC1=O,0.0,training
CCCCCCC(=O)O[C@H]1CC[C@H]2[C@@H]3CC[C@H]4CC(=O)C=C(C)[C@]4(C)[C@H]3CC[C@]12C,1.0,training
O=C1c2ccccc2Cc2ccccc21,1.0,training
CC(C)(C)c1ccccc1O,0.0,training
Brc1c(NC2=NCCN2)ccc2nccnc12,0.0,training
CC(NNC(=O)c1ccccc1)c1ccccc1,1.0,training
C[C@@H]1C[C@H]2[C@@H]3CC=C4CC(=O)C=C[C@]4(C)[C@@]3(F)[C@@H](O)C[C@]2(C)[C@@]1(O)C(=O)COC(=O)c1cccc(S(=O)(=O)O)c1,1.0,training
C[C@]12CC[C@@H]3c4ccc(O)cc4CC[C@H]3[C@@H]1CC[C@@H]2O,1.0,training
COc1ccc(C2CNC(=O)C2)cc1OC1CCCC1,0.0,training
Cc1cc(N=Nc2ccccc2C)ccc1N,1.0,training
Nc1ccccc1C(=O)O,0.0,training
Cc1ccccc1-n1c(CF)nc2ccc(N)cc2c1=O,1.0,training
Cc1ccc2ccc3cccc4ccc1c2c34,0.0,training
CC(C)OC(=O)Nc1ccccc1,1.0,training
Cc1ccc(C)o1,0.0,training
Nc1nc(N)c(N)c(N)n1,0.0,training
C[C@]12CC[C@@H]3c4ccc(O)cc4CC[C@H]3[C@@H]1CC[C@@H]2OP(=O)(O)O,1.0,training
c1ccc(-c2cccc(-c3ccccc3)c2)cc1,1.0,training
CC(C)c1cccc(O)c1,0.0,training
CCCCCCCC(=O)CC[C@@H]1[C@@H](C/C=C\CCCC(=O)OC(C)C)[C@@H](O)C[C@H]1O,0.0,training
CCC(C)(C)C(=O)OC1=C(c2cc(Cl)cc(Cl)c2)C(=O)OC12CCCCC2,1.0,training
CCC(Cl)CC(Cl)C(Cl)C(Cl)C(Cl)C(C)Cl,1.0,training
Nc1ccc(C(=O)Nc2ccccc2N)cc1,1.0,training
CCCCC=O,0.0,training
Cc1cccc(O)c1,0.0,training
O=C1N=C(c2ccccc2)c2cc(Cl)ccc2NC1O,1.0,training
Nc1nc(-c2ccc([N+](=O)[O-])cc2)cs1,1.0,training
CC(=O)NCCO,1.0,training
C#CC1(O)CC[C@H]2[C@@H]3CC=C4CC(=O)CCC4[C@H]3CC[C@@]21CC,1.0,training
CC1CC(O)CC(C)(C)C1,0.0,training
CC(=O)CC(=O)c1ccccc1,1.0,training
ClC1=C(Cl)[C@]2(Cl)[C@H]3[C@H]([C@H]4C=C[C@H]3C4)[C@@]1(Cl)C2(Cl)Cl,1.0,training
CC(C)(C)c1cc(Cc2cc(C(C)(C)C)c(O)c(C(C)(C)C)c2)cc(C(C)(C)C)c1O,0.0,training
CCC(C)C(=O)O[C@H]1CCC=C2C=C[C@H](C)[C@H](CC[C@@H]3C[C@@H](O)CC(=O)O3)[C@H]21,0.0,training
C=CCOC(=O)CCC1CCCCC1,0.0,training
CCCCCCCCCCCOC(=O)c1ccccc1C(=O)OCCCCCCCCCCC,1.0,training
CC(C)CC1C(=O)N2CCC[C@H]2[C@]2(O)O[C@](NC(=O)C3C=C4c5cccc6[nH]c(Br)c(c56)C[C@H]4N(C)C3)(C(C)C)C(=O)N12,0.0,training
CC1CCC(C(C)C)C(OC(=O)c2ccccc2N)C1,1.0,training
C[C@]12CC[C@@H]3c4ccc(OC(=O)N(CCCl)CCCl)cc4CC[C@H]3[C@@H]1CC[C@@H]2OP(=O)(O)O,1.0,training
Cc1noc(NS(=O)(=O)c2ccc(N)cc2)c1C,1.0,training
CCOP(=S)(OCC)Oc1cc(-c2ccccc2)on1,1.0,training
Oc1c2c(c(O)n1SC(Cl)(Cl)C(Cl)Cl)CC=CC2,1.0,training
CCCC(CC)c1ccccc1,0.0,training
O=C(OCC1(COC(=O)c2cccnc2)CCCC(COC(=O)c2cccnc2)(COC(=O)c2cccnc2)C1O)c1cccnc1,0.0,training
CC(=O)Nc1cccc(N)c1,0.0,training
CCCCOCCOCCOC(=O)CCCCC(=O)OCCOCCOCCCC,0.0,training
Oc1ccc2c(c1)OC[C@@H](N1CCC(O)(c3ccc(F)cc3)CC1)[C@H]2O,1.0,training
O=C(O)CNC(=O)c1ccc([N+](=O)[O-])cc1,1.0,training
O=Cc1ccc(C(=O)O)cc1,0.0,training
Oc1ccccc1,0.0,training
N#CCC(=O)O,0.0,training
Clc1ccccc1-c1ccccc1Cl,1.0,training
IC(I)I,1.0,training
CC=Cc1ccc2c(c1)OCO2,0.0,training
C(=C/c1ccccc1)\c1ccccc1,1.0,training
CCCCCCCCOC(=O)c1ccc(O)cc1,1.0,training
CC[S+](C)CC,1.0,training
Nc1nc(=O)c2ncn(COC(CO)CO)c2[nH]1,0.0,training
CCC(C)N(C)C(=O)c1cc2ccccc2c(-c2ccccc2Cl)n1,0.0,training
Nc1ccc(N=Nc2ccccc2)c(N)n1,1.0,training
CC=CC(=O)CC,0.0,training
O=C1c2ccccc2C(=O)c2cc(O)ccc21,1.0,training
CCCCCC1=CCCC1=O,0.0,training
BrCc1cccc(Oc2ccccc2)c1,1.0,training
CCCCC(CC)COCCC#N,0.0,training
[Cd+2],0.0,training
O=C1CCCCC1,0.0,training
CNC(=O)ON=C(SC)C(=O)N(C)C,1.0,training
NC(COP(=O)(O)O)C(=O)O,0.0,training
CC(C(=O)O)c1ccc2c(c1)Cc1cccnc1O2,0.0,training
CC=C(CC)C(=O)NC(N)=O,1.0,training
O=C(O)CCSCCC(=O)O,0.0,training
CCC(C)(c1ccc(O)cc1)c1ccc(O)cc1,1.0,training
Nc1ccc(-c2ccccc2)cc1,1.0,training
CCC(C)CCCC(C)(C)O,1.0,training
CCCCOP(=O)(OCCCC)OCCCC,1.0,training
C#C[C@]1(O)CC[C@H]2[C@@H]3CCC4=Cc5oncc5C[C@]4(C)[C@H]3CC[C@@]21C,1.0,training
CCN(CC)c1cccc(O)c1,1.0,training
O=C1CC[C@@]2(O)[C@H]3Cc4ccc(O)c5c4[C@@]2(CCN3CC2CC2)C1O5,0.0,training
CCCCCCCCCCCCCCC,0.0,training
Cc1cccc(C)c1N=C1NCCCS1,0.0,training
CN(C)CCC(c1ccc(Cl)cc1)c1ccccn1,0.0,training
CCCCCCCN(CC)CCCC(O)c1ccc(NS(C)(=O)=O)cc1,0.0,training
Cc1cc2nc(N)sc2cc1C,1.0,training
CC(C)C(=O)OCC(C)(C)C(OC(=O)C(C)C)C(C)C,1.0,training
COC(=O)C(Cl)C(=O)OC,0.0,training
CC(C)Cc1nccs1,0.0,training
CC(C)OB(OC(C)C)OC(C)C,0.0,training
COc1ccc(Nc2ccc(OC)cc2)cc1,1.0,training
Cc1nc([N+](=O)[O-])cn1-c1ccc([N+](=O)[O-])cc1,0.0,training
CCCCC(=O)O[C@H]1CC[C@H]2[C@@H]3CCc4cc(O)ccc4[C@H]3CC[C@]12C,1.0,training
C=CCC1([C@@H](C)CCC)C(=O)NC(=O)NC1=O,0.0,training
Oc1ccc(Sc2ccc(O)cc2)cc1,1.0,training
CCOC(=O)/C=C/C(=O)OCC,0.0,training
CCCCOC(=O)CC,0.0,training
Cc1ccc2c(c1)C(=O)c1ccccc1C2=O,1.0,training
CCCC/C=C\CCCCCCCCCC=O,1.0,training
CN(C(=O)CN(CCO)CC(=O)N(C)C(C)(C)Cc1ccccc1)C(C)(C)Cc1ccccc1,0.0,training
CC(C)(C)C(=O)c1ccccc1,1.0,training
C[C@]12CCC(=O)C=C1CC[C@@H]1[C@@H]2CC[C@]2(C)C(=O)CC[C@@H]12,1.0,training
CNC(=O)CSP(=S)(OC)OC,0.0,training
Nc1cc(C(=O)O)ccc1Cl,0.0,training
O=C(Oc1ccccc1)c1ccc(O)cc1,1.0,training
OCCCCCO,1.0,training
COc1cccc(OC)c1C(=O)NC1C(=O)N2C(C(=O)O)C(C)(C)S[C@H]12,1.0,training
CC(=O)Nc1ccc(C(=O)CCl)cc1,1.0,training
NCc1ccc(S(N)(=O)=O)cc1,0.0,training
CC(=O)OCC1=C(C(=O)O)N2C(=O)C(NC(=O)Cc3ccccc3)[C@H]2SC1,0.0,training
Nc1cc(S(=O)(=O)O)ccc1S(=O)(=O)O,0.0,training
O=Cc1cc(O)ccc1Br,1.0,training
C=C1C(=CC)c2cc3[nH]c(cc4[nH]c(cc5nc(cc1n2)C(CC)=C5C)c(C)c4CCC(=O)O)c(C=CC(=O)O)c3C,1.0,training
CC1CN(c2ccccc2)NC1=O,1.0,training
C=Cc1ccc2c(O)c3ccccc3c(O)c2c1,1.0,training
Brc1nc2ccccc2s1,0.0,training
c1nc[nH]n1,0.0,training
O=Cc1cccc(Br)c1,0.0,training
O=C(NCCN1CCOCC1)c1ccc(Cl)cc1,1.0,training
Cc1ccc(N(C)C)cc1,1.0,training
CCCCCCCC/C=C\CCCCCCCC(=O)OC[C@@H](O)[C@H]1OC[C@H](O)[C@H]1O,0.0,training
[Na]I,0.0,training
COP(=S)(OC)Oc1c(Cl)cc(C)cc1Cl,1.0,training
COc1ccc(C(=O)N2CCN(CC(=O)N3CCOCC3)CC2)cc1,0.0,training
C[C@]12CCC(=O)C(=O)C1CC[C@@H]1[C@@H]2CC[C@]2(C)C(=O)CC[C@@H]12,1.0,training
CC(CCC(=O)O)(c1ccc(O)cc1)c1ccc(O)cc1,1.0,training
CC=C(C(=CC)c1ccc(O)cc1)c1ccc(O)cc1,1.0,training
Oc1ccc2ccccc2c1,1.0,training
C[C@H]1O[C@@H](n2cc(F)c(=O)[nH]c2=O)[C@H](O)[C@@H]1O,1.0,training
CS(=O)(=O)NC(=O)c1cc(Oc2ccc(C(F)(F)F)cc2Cl)ccc1[N+](=O)[O-],0.0,training
C=C1/C(=C\C=C2/CCC[C@]3(C)[C@@H]([C@H](C)/C=C/[C@H](C)C(C)C)CC[C@@H]23)C[C@@H](O)C[C@@H]1O,0.0,training
COc1ccc2cc([C@H](C)CO)ccc2c1,1.0,training
O=c1c(O)c(-c2ccc(O)c(O)c2)oc2cc(O)cc(O)c12,1.0,training
CCCCN(CCCC)C(=O)N(CCCC)CCCC,1.0,training
O=C(OCCc1ccccc1)c1ccccc1,1.0,training
CCCCCCC(O)CCCCCCCCCCC(=O)OC,0.0,training
COc1c(C)c2c(c(O)c1C/C=C(\C)CCC(=O)OCCN1CCOCC1)C(=O)OC2,1.0,training
CC(=O)OCC(=O)[C@@]1(O)CC[C@H]2[C@@H]3CC=C4CC(=O)C=C[C@]4(C)[C@H]3[C@@H](O)C[C@@]21C,1.0,training
Nc1ccn([C@@H]2O[C@H](CO)[C@@H](O)C2(F)F)c(=O)n1,0.0,training
C=CCCC#N,0.0,training
CS(=O)(=O)Nc1cc2occ(NC=O)c(=O)c2cc1Oc1ccccc1,0.0,training
CC(C)NCC(O)COc1ccccc1-n1cccc1,0.0,training
CCc1ccc(O)c(C(C)(C)C)c1,1.0,training
Oc1ccc(Nc2ccccc2)cc1,1.0,training
CCC(=O)O[C@H]1CC[C@H]2[C@@H]3CCc4cc(O)ccc4[C@H]3CC[C@]12C,1.0,training
CC(COc1ccc(C(C)(C)C)cc1)OS(=O)OCCCl,0.0,training
O=C(Nc1ccc([N+](=O)[O-])cc1)Nc1ccc([N+](=O)[O-])cc1,1.0,training
CC1(C)CN=C(NN=C(C=Cc2ccc(C(F)(F)F)cc2)C=Cc2ccc(C(F)(F)F)cc2)NC1,1.0,training
CCN1CCN(c2cc(-c3ccc(F)cc3)c3c(n2)CCCCCC3)CC1,0.0,training
CN(N=O)c1ccc([N+](=O)[O-])cc1,0.0,training
O=S(=O)(O)OOS(=O)(=O)O,1.0,training
NCCOCCN,0.0,training
CCN(CC)c1ccc(C(=O)c2ccccc2C(=O)O)c(O)c1,1.0,training
CCCCCCCC/C=C\CCCCCCCC(=O)NCc1ccc(O)c(OC)c1,0.0,training
S=C1SCN(Cc2ccccc2)CN1Cc1ccccc1,1.0,training
CCc1cccc(CC)c1N(COC)C(=O)CCl,0.0,training
CC(=O)O[C@]1(C(C)=O)CC[C@H]2[C@@H]3CC=C4CC(=O)CC[C@]4(C)[C@@]3(F)[C@@H](O)C[C@@]21C,1.0,training
C=CC(C)(CCC=C(C)C)OC(=O)C=Cc1ccccc1,1.0,training
ClCCOP(OCCCl)OCCCl,0.0,training
COC(=O)c1sccc1S(N)(=O)=O,0.0,training
CCC12COCN1COC2,0.0,training
O=C(O)CC[N+](=O)[O-],0.0,training
O=C(CC(=O)C(F)(F)F)c1ccccc1,1.0,training
CCCCCCCCCCCC(=O)OCC(C)OC(=O)CCCCC(=O)O,0.0,training
CC(=O)OCC(=O)NCCCOc1cccc(CN2CCCCC2)c1,1.0,training
Nc1nc(O)c(-c2ccccc2)o1,0.0,training
CCCCCCCCCCCCn1cc[n+](C)c1,0.0,training
O=C(CS)Nc1ccccc1,1.0,training
O=C(O)c1ccc(C(=O)O)cc1,0.0,training
C=C(C)[C@@H]1C=CC(C)C(=O)C1,0.0,training
CCCC1CCCC(=O)O1,0.0,training
O=CC=O,1.0,training
C[C@@H]1C[C@H]2[C@@H]3C[C@H](F)C4=CC(=O)C(Cl)=C[C@]4(C)[C@@]3(F)[C@@H](O)C[C@]2(C)[C@@]1(O)C(=O)CO,0.0,training
Cc1cc(C)cc(N)c1,0.0,training
CNC1(c2ccccc2Cl)CCCCC1=O,0.0,training
C1N2CN3CN1CN(C2)C3,0.0,training
ClCc1cccnc1,0.0,training
COc1cc(/C=C/c2ccccc2)oc(=O)c1,1.0,training
CCSC(=O)N(CC(C)C)CC(C)C,0.0,training
CCCCCCCCCCC(=O)O,0.0,training
O=Nc1ccc(Nc2ccccc2)cc1,1.0,training
C[C@]12CC[C@H]3[C@@H](CC=C4CC(=O)CC[C@@]43C)[C@@H]1CC[C@@H]2OC(=O)CCc1ccccc1,1.0,training
Cc1cc(C)nc(NS(=O)(=O)c2ccc(N)cc2)n1,1.0,training
CC(C)CC(C)(c1ccc(O)cc1)c1ccc(O)cc1,1.0,training
CCOc1ccccc1OCCN[C@H](C)Cc1ccc(OC)c(S(N)(=O)=O)c1,0.0,training
CC#CCC(C)[C@H](O)/C=C/[C@@H]1[C@H]2c3cccc(CCCC(=O)O)c3O[C@H]2C[C@H]1O,1.0,training
Cc1c(COC(=O)C2C(/C=C(\Cl)C(F)(F)F)C2(C)C)cccc1-c1ccccc1,0.0,training
CC(C)Oc1ccc2c(=O)c(-c3ccccc3)coc2c1,1.0,training
C#C[C@@]1(O)CC[C@H]2[C@@H]3CCC4=CCCC[C@@H]4[C@H]3CC[C@@]21C,1.0,training
CCCCOCC(C)OCC(C)O,0.0,training
C=CC(=C)CCCC(C)(C)OC(C)=O,0.0,training
CC[C@H](C)C(NC(=O)C(Cc1ccccc1)NC(=O)C(C)NC(=O)C(CC(=O)O)NC(=O)C(CCCCN)NC(=O)C(CO)NC(=O)C1CCCN1C(=O)C1CCC(=O)N1)C(=O)NCC(=O)NC(CC(C)C)C(=O)NC(CCSC)C(N)=O,0.0,training
CC=CC(=O)CCCC,0.0,training
CCC(C)C(C)=O,1.0,training
CC1CCc2c(N3CCC(O)CC3)c(F)cc3c(=O)c(C(=O)O)cn1c23,0.0,training
C[C@]12CC[C@@H]3c4ccc(O)cc4CC[C@H]3[C@@H]1C[C@@H](O)[C@@H]2O,1.0,training
CC(C)CN(C[C@@H](O)[C@H](Cc1ccccc1)NC(=O)O[C@H]1CO[C@H]2OCC[C@H]21)S(=O)(=O)c1ccc(N)cc1,0.0,training
CC(C)(c1cc(Cl)c(O)c(Cl)c1)c1cc(Cl)c(O)c(Cl)c1,1.0,training
CCC(=O)OCCc1ccccc1,0.0,training
CCN(CC)N=O,1.0,training
CCOP(=S)(Oc1ccc([N+](=O)[O-])cc1)c1ccccc1,1.0,training
CO[C@@H]1[C@H](OC(=O)/C=C/C=C/C=C/C=C/C(=O)O)CC[C@]2(CO2)[C@H]1[C@@]1(C)O[C@@H]1CC=C(C)C,0.0,training
CCCCC(=O)O[C@]1(C(=O)CO)[C@H](C)C[C@H]2[C@@H]3CC=C4CC(=O)C=C[C@]4(C)[C@@]3(F)[C@@H](O)C[C@@]21C,0.0,training
CCOc1cccc(-n2cc(C(=O)N3CCN(c4cc(C(=O)O)c5ccccc5c4)CC3)nc2-c2ccc(C)cc2)c1,0.0,training
OCCN1CCN(CCCN2c3ccccc3Sc3ccc(C(F)(F)F)cc32)CC1,0.0,training
CC(=O)[C@@]1(O)CC[C@H]2C3=CC(Cl)=C4CC(=O)CC[C@]4(C)[C@H]3CC[C@@]21C,1.0,training
CN(C)c1ccc(SC#N)cc1,1.0,training
CCCCCCCCOC(=O)c1ccc(C(=O)OCCCCCCCC)c(C(=O)OCCCCCCCC)c1,0.0,training
Nc1ncc([N+](=O)[O-])s1,1.0,training
O=C(c1ccc(O)cc1)c1ccc(O)c(O)c1O,1.0,training
CC(C)CC(=O)CC(C)CC(C)C,0.0,training
NS(=O)(=O)c1cc(C(=O)O)c(NCc2ccco2)cc1Cl,1.0,training
CCOCCOCCOCCO,0.0,training
Nc1nc(N)c2nc(-c3ccccc3)c(N)nc2n1,1.0,training
CC(C)(C)OC(=O)c1ccc(O)cc1,1.0,training
CCN(CC)CCOCCOC(=O)C(CC)(CC)c1ccccc1,1.0,training
CCCCCCCCCCC=O,1.0,training
O=[N+]([O-])c1cccc(O)c1,1.0,training
O=C(c1ccccc1)c1ccc(O)c(O)c1O,1.0,training
CNC(=O)ON=CC(C)(C)SC,0.0,training
CC1(C)O[C@H]2CC(=O)OC[C@]23[C@H]2CC[C@@]4(C)[C@H](c5ccoc5)OC(=O)C5O[C@]54[C@]2(C)C(=O)C[C@@H]13,1.0,training
O=C1OCCO1,0.0,training
CCNCCO,1.0,training
CC(=O)CC(C)(C)O,0.0,training
CNC(=S)N(C)C,0.0,training
O=P1(N(CCCl)CCCl)NCCCO1,1.0,training
O=C(NC(=O)c1cc(F)c(F)cc1Cl)Nc1cc(F)ccc1N1CCC(C(=O)O)CC1,0.0,training
NC[C@@H]1CC[C@@H](N)[C@@H](O[C@H]2[C@H](O)[C@@H](O[C@H]3O[C@H](CO)[C@@H](O)[C@H](N)[C@H]3O)[C@H](N)C[C@@H]2N)O1,1.0,training
O=C(c1ccccc1)c1cccc(O)c1,1.0,training
Cc1occ(O)c1O,0.0,training
Cc1cc(C)c(S(=O)(=O)O)cc1N=Nc1cc(S(=O)(=O)O)c2ccccc2c1O,0.0,training
CC(C)CCCO,0.0,training
O=C(Nc1ccccc1SSc1ccccc1NC(=O)c1ccccc1)c1ccccc1,1.0,training
CCOP(=O)(Cl)Cl,0.0,training
CC(C)=CCOc1c2occc2cc2ccc(=O)oc12,0.0,training
CC1=Nc2ccccc2C1(C)C,0.0,training
Nc1ccc(S(=O)(=O)Nc2ncccn2)cc1,0.0,training
CCCN(CCC)C(=O)C(CCC(=O)OCCCN1CCN(CCOC(=O)Cc2c(C)n(C(=O)c3ccc(Cl)cc3)c3ccc(OC)cc23)CC1)NC(=O)c1ccccc1,1.0,training
COC(=O)CCSCCC(=O)OC,1.0,training
CC(C)N(Cc1ccccc1)C(=O)C(C)(C)C,1.0,training
c1ccc2[nH]c(-c3cscn3)nc2c1,1.0,training
C=CC1=C(C(=O)O)N2C(=O)C(=NC(=O)C(NOCC(=O)O)c3csc(N)n3)[C@H]2SC1,0.0,training
O=C(O)C(Br)Br,0.0,training
O=C(O)c1cccc(-c2noc(-c3ccccc3F)n2)c1,1.0,training
COc1ccc(OC)cc1,0.0,training
O=C(c1ccccc1)c1ccc(O)cc1O,1.0,training
CCC(C)(CN(C)C)OC(=O)c1ccccc1,1.0,training
C=CC(C)(O)CC/C=C(\C)CC,0.0,training
C[C@]12CC[C@H]3[C@@H](CC[C@@]45OC4C(=O)C(C#N)C[C@]35C)[C@@H]1CC[C@@H]2O,1.0,training
C[N+](C)(C)CC(O)CCl,0.0,training
CC(=O)C(C)=O,0.0,training
CC(C)(N)Cc1ccc(Cl)cc1,0.0,training
C[C@]12CC[C@@H]3c4ccc(O)cc4CC[C@H]3[C@@H]1CCC2=O,1.0,training
ClC(Cl)(Cl)c1ccc(C(Cl)(Cl)Cl)cc1,0.0,training
CC(=O)OC[C@H]1O[C@@](COC(C)=O)(O[C@H]2O[C@H](COC(C)=O)[C@@H](OC(C)=O)[C@H](OC(C)=O)[C@H]2OC(C)=O)[C@@H](OC(C)=O)[C@@H]1OC(C)=O,0.0,training
CC(C)=CC(=O)C=C(C)C,0.0,training
Nc1ccc2c3c(cccc13)-c1ccccc1-2,1.0,training
Nc1ccc(N=Nc2ccc(N)cc2)cc1,0.0,training
CN[C@]1(c2ccccc2Cl)CCCCC1=O,0.0,training
CCCCCCCCCOC(=O)c1ccccc1C(=O)OCCCCCCCCC,0.0,training
CC[C@H]1C[C@H]2[C@@H]3CC=C4CC(=O)CCC4[C@H]3CC[C@]2(C)[C@H]1O,1.0,training
CC(=O)OC/C=C(C)/C=C/C=C(C)/C=C/C1=C(C)CCCC1(C)C,0.0,training
C#CCN(C)CCCOc1ccc(Cl)cc1Cl,1.0,training
O=C1CCC(N2C(=O)c3ccccc3C2=O)C(=O)N1,0.0,training
CCC1CO1,1.0,training
CN(C)CCc1c[nH]c2ccc(Cn3cncn3)cc12,0.0,training
CC(C(=O)O)c1ccc(C(=O)c2cccs2)cc1,0.0,training
COC(=O)c1ccccc1Cl,0.0,training
CCO,0.0,training
O=C(c1ccccc1)c1ccccc1,1.0,training
O=C(O)c1ccccc1C(c1ccc(O)cc1)c1ccc(O)cc1,0.0,training
CC(C)CCOC(=O)C=Cc1ccccc1,1.0,training
CCC1=CC(C)C[C@H](C)C[C@H](OC)[C@H]2O[C@@](O)(C(=O)C(=O)N3CCCCC3C(=O)O[C@H](/C(C)=C/[C@@H]3CC[C@@H](Cl)[C@H](OC)C3)[C@H](C)[C@@H](O)CC1=O)[C@H](C)C[C@@H]2OC,1.0,training
C[C@]12CCC(=O)C=C1CC[C@@H]1[C@@H]2[C@@H](O)C[C@@]2(C)[C@H]1CC[C@]2(O)C(=O)COP(=O)(O)O,1.0,training
Oc1ccc(OCc2ccccc2)cc1,1.0,training
O=C1C(CC[C@H](O)c2ccc(F)cc2)[C@@H](c2ccc(O)cc2)N1c1ccc(F)cc1,0.0,training
FC(F)OC(F)(F)C(F)Cl,0.0,training
O=C1CCCN1,1.0,training
CCC/C=C/C=O,0.0,training
CC(C)CCC(=O)O[C@H]1CC[C@H]2[C@@H]3CC=C4CC(=O)CC[C@]4(C)[C@H]3CC[C@]12C,1.0,training
CC(=O)Nc1ccc(N)cc1,0.0,training
CCNc1nc(Cl)nc(NC(C)(C)C)n1,1.0,training
NC(=O)COCCN1CCN(C(c2ccccc2)c2ccc(Cl)cc2)CC1,0.0,training
N#CN,0.0,training
CCCCCCCCCCCCOCCCN,0.0,training
CNCC(O)c1ccc(OC(=O)C(C)(C)C)c(OC(=O)C(C)(C)C)c1,0.0,training
CCOP(=S)(OCC)Oc1cnc2ccccc2n1,1.0,training
CCCCN(CCCC)CCCOC(=O)c1ccc(N)cc1,0.0,training
OC[C@@H](O)[C@@H](O)[C@H](O)[C@H](O)CO,0.0,training
CCOP(=S)(OCC)Oc1ncn(-c2ccccc2)n1,1.0,training
CCCCCCCCCCOc1cc2c(=O)c(C(=O)OCC)c[nH]c2cc1OCC,0.0,training
Nc1ccc(N=Nc2ccccc2)cc1,1.0,training
Cc1ccccc1-n1c(C)nc2ccccc2c1=O,1.0,training
Cc1ccc(C)c(N)c1,1.0,training
O=C(Nc1ccc(O)cc1)c1ccccc1O,1.0,training
O=C(O)c1c(Cl)ccc(Cl)c1Cl,0.0,training
O=C(NC(=O)c1c(F)cccc1F)Nc1ccc(Cl)cc1,1.0,training
O=C1CCCCC1C1CCCCC1,0.0,training
Cc1[nH]cnc1CC1CCc2c(C)c3ccccc3n2C1=O,0.0,training
CN(C)C(=O)Oc1ccc[n+](C)c1,1.0,training
COc1ccc(NC(C)=O)cc1,1.0,training
N[C@H]1C(O)O[C@H](CO)[C@@H](O)[C@@H]1O,1.0,training
C=CC(=O)OCC(CC)CCCC,0.0,training
O=C1NCCN1CCO,0.0,training
C=C(C)CNCC,1.0,training
CC(C)c1ccc(CO)cc1,1.0,training
Cc1cn([C@H]2C[C@H](N=[N+]=[N-])[C@@H](CO)O2)c(=O)[nH]c1=O,1.0,training
CCC1(CCC(C)C)C(=O)NC(=O)NC1=O,0.0,training
COc1ccc(N)cc1,1.0,training
CC(O)CCl,0.0,training
c1ccc(N=Nc2ccccc2)cc1,1.0,training
CC(C)=CCC/C(C)=C/CO,1.0,training
C#C[C@]1(O)C=C[C@H]2[C@@H]3CC=C4CC(=O)CCC4[C@H]3CC[C@@]21CC,1.0,training
CCc1cc(OC)c(C[C@H](C)N)cc1OC,0.0,training
Cc1cc(=O)n(-c2ccc(C(=O)O)cc2)[nH]1,0.0,training
O=C(O)c1cc(O)c2c(c1)C(=O)c1cccc(O)c1C2=O,1.0,training
CN1CCN(C(=O)O[C@H]2c3nccnc3C(=O)N2c2ccc(Cl)cn2)CC1,0.0,training
CCCSP(=S)(OCC)Oc1ccc(SC)cc1,0.0,training
O=C(OCc1ccccc1)c1ccc(O)cc1,1.0,training
N#Cc1ccccc1C#N,0.0,training
Oc1ccc(Oc2ccccc2)cc1,1.0,training
CCOP(=S)(OCC)SC(CCl)N1C(=O)c2ccccc2C1=O,1.0,training
Oc1ccc(-c2ccccc2)cc1,1.0,training
N#CC1(O)CCCCC1,0.0,training
CCC(CC)Nc1c([N+](=O)[O-])cc(C)c(C)c1[N+](=O)[O-],1.0,training
Cc1cc(C)c(NC(=O)C[C@H](CC(=O)O)c2cccc3ccccc23)c(C(=O)N2CCC3(CCCC3)CC2)c1,1.0,training
CO[C@H]1[C@@H](O)[C@H](N)[C@@H](O[C@H]2O[C@H]([C@H](C)N)CC[C@H]2N)[C@H](O)[C@@H]1N(C)C(=O)CN,1.0,training
O=C(c1ccc(O)c(O)c1)c1ccc(O)cc1O,1.0,training
C=C(C)C(=O)OCC,0.0,training
C[C@]12C=CC(=O)C=C1CC[C@@H]1[C@@H]2CC[C@]2(C)OC(=O)CC[C@@H]12,1.0,training
c1ccc(Nc2cccc3ccccc23)cc1,1.0,training
Cc1cc(=O)[nH]c(=S)[nH]1,0.0,training
C=C[C@H]1CN2CCC1C[C@@H]2[C@@H](O)c1ccnc2ccc(OC)cc12,1.0,training
O=S(=O)(O)c1ccc(Nc2nc(Nc3ccc(C=Cc4ccc(Nc5nc(Nc6ccc(S(=O)(=O)O)cc6)nc(N(CCO)CCO)n5)cc4S(=O)(=O)O)c(S(=O)(=O)O)c3)nc(N(CCO)CCO)n2)cc1,0.0,training
CCCCCCC(C=O)=Cc1ccccc1,1.0,training
C=CC(=O)NC(C)C,0.0,training
N#CCC#N,0.0,training
CCOC(=O)Cc1ccc(-c2ccccc2)cc1,0.0,training
NC(=O)OC[C@@H]1C(=NC(=O)C(NOCC(=O)O)c2csc(N)n2)C(=O)N1S(=O)(=O)O,1.0,training
c1ccc(CNc2ncnc3c2ncn3C2CCCCO2)cc1,1.0,training
CC(=O)C(=O)CC(C)C,1.0,training
CNC(=O)Oc1cccc2ccccc12,0.0,training
CC(C)(COP(=O)(O)OP(=O)(O)OC[C@H]1O[C@@H](n2cnc3c(N)ncnc32)[C@H](O)[C@@H]1OP(=O)(O)O)C(O)C(=O)NCCC(=O)NCCS,1.0,training
CC(=O)c1nccs1,1.0,training
C[C@]12C=CC3=C(CC=C4CC(=O)CCC43)[C@@H]1CC[C@@H]2O,1.0,training
CC[C@@]1([C@@H]2O[C@@H]([C@H]3O[C@@](O)(CO)[C@H](C)C[C@@H]3C)C[C@@H]2C)CC[C@H]([C@]2(C)CC[C@]3(C[C@H](O)[C@@H](C)[C@@H]([C@@H](C)[C@@H](OC)C(C)C(=O)O)O3)O2)O1,0.0,training
CC(C)CCOC(=O)c1ccc(N(C)C)cc1,1.0,training
CC(C)NCC(O)COc1cccc2ccccc12,1.0,training
CCC1CCC(=O)O1,1.0,training
O=C1OC(c2ccc(O)cc2)(c2ccc(O)cc2)c2ccccc21,1.0,training
CCOc1ccc2nc(N)sc2c1,1.0,training
NC(=O)NC(=O)Cc1ccccc1,1.0,training
CC(C)Nc1nc(Cl)nc(NC(C)C)n1,0.0,training
O=C(Nc1ccccc1-c1ccc(Cl)cc1)c1cccnc1Cl,0.0,training
NC(Cc1cc(I)c(Oc2ccc(O)c(I)c2)c(I)c1)C(=O)O,1.0,training
OC[C@H]1O[C@@H](n2cnc3c(=S)[nH]cnc32)[C@H](O)[C@@H]1O,0.0,training
COCc1ccc(COC)cc1,0.0,training
Oc1ccc(C2CNCCc3c2cc(O)c(O)c3Cl)cc1,1.0,training
ClCC(Cl)CCl,1.0,training
CCCCCCOC(=O)c1ccc(O)cc1,1.0,training
Oc1ccc2cc(SSc3ccc4cc(O)ccc4c3)ccc2c1,1.0,training
Nc1nc(N)c(-c2ccccc2)s1,0.0,training
C[C@H](CCC(=O)NCC(=O)O)[C@H]1CC[C@H]2[C@@H]3[C@H](O)C[C@@H]4C[C@H](O)CC[C@]4(C)[C@H]3C[C@H](O)[C@]12C,1.0,training
O=C(O)Cn1c2ccccc2c(=O)c2ccccc21,1.0,training
c1ccc(Nc2ccc3ccccc3c2)cc1,1.0,training
CN(C)C(=O)Nc1cccc(C(F)(F)F)c1,0.0,training
CCCCOC(=O)c1ccccc1C(=O)OCCCC,1.0,training
O=C(/C=C/c1ccc([N+](=O)[O-])cc1)c1ccccc1,0.0,training
CC(C)CC=C(C=O)c1ccccc1,1.0,training
COc1cccc(OC)c1C(=O)O,0.0,training
O=c1cc(-c2ccccc2)oc2ccc3ccccc3c12,1.0,training
CCCCCCCCCC(=O)O[C@H]1CC[C@H]2[C@@H]3CC=C4CC(=O)CC[C@]4(C)[C@H]3CC[C@]12C,1.0,training
O=[PH](Oc1ccccc1)Oc1ccccc1,1.0,training
Cc1cc(O)ccc1Cl,1.0,training
Cc1cc(C(C)(C)c2ccc(O)c(C)c2)ccc1O,1.0,training
CCCCC(O)c1ccccc1,1.0,training
CCCCCCCCCCCCCCCCC,1.0,training
C[C@]1(O)CC[C@H]2[C@@H]3CC=C4CC(=O)CC[C@]4(C)[C@@]3(F)[C@@H](O)C[C@@]21C,1.0,training
Oc1ccc(-c2ccc(O)cc2)cc1,1.0,training
CN(C)C(=O)CCSC(SCCC(=O)O)c1cccc(/C=C/c2ccc3ccc(Cl)cc3n2)c1,1.0,training
SCc1ccccc1,1.0,training
CNC(=O)N(C)c1nc2ccccc2s1,1.0,training
CCC(=O)OC/C=C/c1ccccc1,1.0,training
CCO[Si](CCCS)(OCC)OCC,0.0,training
Cc1cccc(C(=O)O)c1O,0.0,training
OCCOCC#CCOCCO,0.0,training
COc1ccc(C(=O)c2ccccc2)c(O)c1,1.0,training
OCCSc1ccccc1,0.0,training
O=C(O)CCC/C=C\C[C@@H]1[C@@H](/C=C/[C@@H](O)COc2cccc(C(F)(F)F)c2)[C@H](O)C[C@@H]1O,1.0,training
C(=C(c1ccccc1)c1ccccc1)c1ccccc1,1.0,training
Cc1ccc(C(=O)c2ccccc2)cc1,1.0,training
C=CC(C)(CCC=C(C)C)OC(=O)CC(C)C,0.0,training
CC(C)n1c(/C=C/[C@@H](O)C[C@@H](O)CC(=O)O)c(-c2ccc(F)cc2)c2ccccc21,0.0,training
C[C@]12CCC(=O)C[C@@H]1CC[C@@H]1[C@@H]2CC[C@]2(C)[C@@H](O)CC[C@@H]12,1.0,training
Cc1ccccc1OP(=O)(Oc1ccccc1C)Oc1ccccc1C,1.0,training
CCN(CC)C(=O)c1cccc(C)c1,1.0,training
C#C[C@]1(O)CC[C@H]2[C@@H]3CCC4=CCCC[C@@H]4[C@H]3C(=C)C[C@@]21CC,1.0,training
Cc1cccc(C)c1,1.0,training
NC(=O)CCCCC1CCSS1,1.0,training
c1ccc(SCCSc2ccccc2)cc1,1.0,training
CCCCCCCCCCCCc1ccc(O)cc1,1.0,training
C=CCc1ccc(OC(=O)Cc2ccccc2)c(OC)c1,1.0,training
FCOC(C(F)(F)F)C(F)(F)F,0.0,training
CN(C)c1ccc(/C=C/c2ccc([N+](=O)[O-])cc2)cc1,1.0,training
CCCCNS(=O)(=O)c1ccccc1,0.0,training
CO[C@]1(NC(=O)CSC(F)F)C(=O)N2C(C(=O)O)=C(CSc3nnnn3CCO)CO[C@H]21,0.0,training
C[C@@H]1O[C@@H]1P(=O)(O)O,1.0,training
CC(=O)Oc1c(C)cc(OCC(O)CNC(C)C)c(C)c1C,1.0,training
C=CC[C@]1(O)CC[C@H]2[C@@H]3CCC4=CCCC[C@@H]4[C@H]3CC[C@@]21C,1.0,training
COc1ccc(-c2coc3cc(O)ccc3c2=O)cc1,1.0,training
C=C1CC[C@@]2(O)[C@H]3Cc4ccc(O)c5c4[C@@]2(CCN3CC2CC2)[C@H]1O5,1.0,training
Cc1cc(O)c2c(O)c3c(O)cccc3cc2c1,0.0,training
Cc1ccccc1N=Nc1ccc(N=Nc2c(O)ccc3ccccc23)c(C)c1,1.0,training
COc1cc([C@@H]2c3cc4c(cc3C(O[C@@H]3O[C@@H]5CO[C@@H](C)O[C@H]5[C@H](O)[C@H]3O)C3COC(=O)C32)OCO4)cc(OC)c1OP(=O)(O)O,1.0,training
O=C(C=Cc1ccccc1)OCCCc1ccccc1,1.0,training
COc1ccc(C=O)cc1OC,1.0,training
CC(C)(C1CCC(O)CC1)C1CCC(O)CC1,1.0,training
CN(C)C=Nc1c(I)cc(I)c(CCC(=O)O)c1I,0.0,training
c1ccc2c(c1)-c1cccc3cccc-2c13,1.0,training
CCCCCCCOC(C)=O,1.0,training
O=C(O)Cc1cccc2ccccc12,0.0,training
COc1cc2c(cc1N)oc1ccccc12,1.0,training
CCOc1ccc2c(c1)C(C)CC(C)(C)N2,0.0,training
C=C(C)CN(CC)c1c([N+](=O)[O-])cc(C(F)(F)F)cc1[N+](=O)[O-],0.0,training
COc1cc2c(cc1OC)-c1cc3ccc(OC)c(OC)c3c[n+]1CC2,0.0,training
C=C[C@H]1CN2CC[C@H]1C[C@H]2[C@H](O)c1ccnc2ccc(OC)cc12,1.0,training
C[C@]12C=CC(=O)C=C1CC[C@@H]1C2C(=O)C[C@@]2(C)[C@H]1CC[C@]2(O)C(=O)CO,1.0,training
CCC1OCC(COc2ccc(Oc3ccccc3)cc2)O1,1.0,training
CCCCS(=O)(=O)NC(Cc1ccc(OCCCCC2CCNCC2)cc1)C(=O)O,0.0,training
NNc1nncc2ccccc12,1.0,training
COc1ccc2nc(N)sc2c1,1.0,training
CC(=O)Nc1ccc2c(c1)Cc1cc(NC(C)=O)ccc1-2,1.0,training
COc1c(N2CCNC(C)C2)c(F)cc2c(=O)c(C(=O)O)cn(C3CC3)c12,1.0,training
NCCCCC(NC(=O)C1CCCN1C(=O)C1CSSCC(N)C(=O)NC(Cc2ccc(O)cc2)C(=O)NC(Cc2ccccc2)C(=O)NC(CCC(N)=O)C(=O)NC(CC(N)=O)C(=O)N1)C(=O)NCC(N)=O,0.0,training
CC(=NNC(=O)Nc1cc(F)cc(F)c1)c1ncccc1C(=O)O,0.0,training
C[N+](C)(C)CC[N+]1(C)Cc2c(Cl)c(Cl)c(Cl)c(Cl)c2C1,0.0,training
CN[C@@H](C)[C@H](O)c1ccccc1,1.0,training
CC(=O)Nc1ccc2c(c1)Cc1ccccc1-2,1.0,training
Cc1ncsc1CCO,0.0,training
CC(C)NCC(O)c1ccc(O)c(O)c1,0.0,training
CC(O)COCC(C)O,0.0,training
CCCCCC(C=O)=Cc1ccccc1,1.0,training
ON=C(O)c1ccccc1,0.0,training
CC(=O)NC[C@H]1CN(c2ccc(N3CCOCC3)c(F)c2)C(=O)O1,1.0,training
O=C(c1ccc(O)cc1)c1ccc(O)cc1O,1.0,training
CCCCCCCCc1ccc(O)cc1,1.0,training
CCN(CC)CCNc1ccc(CNC=O)c2sc3ccc(OC)cc3c(=O)c12,1.0,training
Nc1nc(N)nc(-c2ccccc2)n1,1.0,training
Cc1cnc(NC(=O)C2C(=O)c3ccccc3S(=O)(=O)N2C)s1,1.0,training
O=NN(c1ccccc1)c1ccccc1,1.0,training
OC[C@H]1O[C@H](O[C@H]2[C@H](O)[C@@H](O)[C@@H](O[C@H]3[C@H](O)[C@@H](O)[C@@H](O)O[C@@H]3CO)O[C@@H]2CO)[C@H](O)[C@@H](O)[C@@H]1O,1.0,training
CC(=O)c1ccc(O)cc1,0.0,training
c1csc(SSc2cccs2)c1,1.0,training
CN(C)c1ccc(C=O)cc1,1.0,training
Cn1cc(O)nc1NC(=O)Nc1cccc(Cl)c1,1.0,training
CC(CC(=O)O)CC(C)(C)C,0.0,training
CN(C)c1ccc(N)cc1,1.0,training
Oc1cc2ccccc2n1-c1c(Cl)cccc1Cl,1.0,training
COC1CCC=CO1,0.0,training
O=C(Cl)c1ccc([N+](=O)[O-])cc1,0.0,training
C[C@]12C[C@H]3S[C@H]3C[C@@H]1CC[C@@H]1[C@@H]2CC[C@]2(C)[C@@H](O)CC[C@@H]12,1.0,training
Nc1nc2ccc(OC(F)(F)F)cc2s1,1.0,training
CC(=O)C=Cc1ccccc1,1.0,training
Cc1ccnc(NS(=O)(=O)c2ccc(N)cc2)n1,0.0,training
CCCC(NC(C)C(=O)N1C(C(=O)O)C[C@@H]2CCCC[C@@H]21)C(=O)OCC,0.0,training
CC(CN1c2ccccc2Sc2cccnc21)N(C)C,0.0,training
O=S(=O)(c1ccc(O)cc1)c1ccc(O)cc1,1.0,training
C#C[C@]1(O)CC[C@H]2[C@@H]3[C@H](C)C=C4CC(=O)CCC4[C@H]3CC[C@@]21C,1.0,training
CC(c1ccc(O)cc1)c1ccc(O)cc1,1.0,training
Clc1ccc2c(c1)C(c1ccccc1)=NCc1nncn1-2,0.0,training
O=C/C(Cl)=C(/Cl)C(=O)O,0.0,training
CC(C)(Oc1ccc(C2CCCc3ccccc32)cc1)C(=O)O,1.0,training
Oc1ccc(C2(c3ccc(O)cc3)CCCCC2)cc1,1.0,training
CCCC(=O)CC,1.0,training
CNc1cnn(-c2cccc(C(F)(F)F)c2)c(=O)c1Cl,1.0,training
Clc1cc(Cl)c(Cl)cc1Cl,1.0,training
Clc1ccc(C(Cn2ccnc2)OCc2c(Cl)cccc2Cl)c(Cl)c1,0.0,training
O=C(O)/C=C/C(=O)O,1.0,training
Cc1ccc2ccccc2c1[N+](=O)[O-],0.0,training
C=CCOc1ccc(CC(=O)O)cc1Cl,1.0,training
C=CCN1CCCC1CNC(=O)c1cc(S(N)(=O)=O)cc(OC)c1OC,0.0,training
SCCSCCS,0.0,training
CCn1cc(C(=O)O)c(=O)c2cc(F)c(N3CCNCC3)cc21,0.0,training
CC(C)(C)Cl,1.0,training
CC(C)(COC(=O)c1ccccc1)COC(=O)c1ccccc1,1.0,training
NCCc1ccc(O)cc1,1.0,training
CC(=O)OC(C)C(=O)OCC[N+](C)(C)C,1.0,training
C[C@]12CC[C@@H]3c4ccc(OC(=O)c5ccccc5)cc4CC[C@H]3[C@@H]1CC[C@@H]2O,1.0,training
C[C@]12CCC(=O)C=C1CC[C@@H]1[C@@H]2CC[C@]2(C)C(C(=O)CO)CC[C@@H]12,1.0,training
COc1ccc(C(=O)c2ccc(OC)cc2O)c(O)c1,1.0,training
FC(F)(F)C(F)(F)C(F)(F)C(F)(F)CCI,1.0,training
C=C1C(CCl)(CCl)C2(Cl)C(Cl)C(Cl)C1(Cl)C2(Cl)Cl,1.0,training
Nc1ccc(N=Nc2ccccc2)c(N)c1,1.0,training
C=C1C[C@@H]2[C@H](CC[C@]3(C)C(=O)CC[C@@H]23)[C@@]2(C)C=CC(=O)C=C12,1.0,training
CCC(CC)Nc1ccc(C)c(C)c1,0.0,training
NC(=O)c1ccncc1,0.0,training
COC(=O)c1ccc(CBr)cc1,1.0,training
CCN1CCC[C@H]1CNC(=O)c1c(OC)ccc(Br)c1OC,0.0,training
FC(F)(Cl)C(F)(Cl)Cl,0.0,training
C(=Cc1ccncc1)c1ccccc1,1.0,training
COc1ccc2c3c1O[C@H]1[C@@H](O)C=C[C@H]4[C@@H](C2)NCC[C@@]341,0.0,training
CNc1ccc(C(=O)CC(O)CCC(C)C2OC(=O)CC(O)CC(=O)CC(O)CC(O)CC(O)CC(O)CC3(O)CC(O)C(C(=O)OC)C(CC(O[C@@H]4O[C@H](C)[C@@H](O)[C@H](N)[C@@H]4O)C=CC=CC=CC=CC=CC=CC=CC2C)O3)cc1,0.0,training
c1ccc(CN(Cc2ccccc2)Cc2ccccc2)cc1,1.0,training
O=c1c(-c2ccc(O)cc2)coc2cc(O)cc(O)c12,1.0,training
CCCCC(CC)COC(=O)/C=C/c1ccc(OC)cc1,0.0,training
CCCCC(CC)COC(=O)c1ccccc1C(=O)OCC(CC)CCCC,0.0,training
Nc1cc(Cl)c(N)c(Cl)c1,0.0,training
Nc1ccc(-c2ccc(N)c(Cl)c2)cc1Cl,1.0,training
CC(C)COC(=O)CC(C(=O)OCC(C)C)S(=O)(=O)O,0.0,training
O=C(O)Cc1cc(I)c(Oc2ccc(O)c(I)c2)c(I)c1,1.0,training
CC(C)(C)c1ccc(C(=O)O)cc1,0.0,training
CN(C)c1ccccc1,0.0,training
C[C@]12CC[C@@H]3C4=C(CC[C@H]3[C@@H]1CC[C@@H]2O)CC(=O)CC4,1.0,training
CCCCCCc1ccc(-c2ccc(C#N)cc2)cc1,0.0,training
Cc1ccc(N)c([N+](=O)[O-])c1,1.0,training
CC(C)(C)c1cccc(O)c1,0.0,training
COC(=O)c1ccc2cc(C(=O)OC)ccc2c1,0.0,training
N=C(N)NC(=O)c1nc(Cl)c(N)nc1N,0.0,training
COCc1c(-c2ccc(F)cc2)c(=CC[C@@H](O)C[C@@H](O)CC(=O)O)c(C(C)C)nc1=C(C)C,1.0,training
[Cr+7],0.0,training
COc1ccc2c(c1OC)C(=O)O[C@H]2[C@@H]1c2cc3c(cc2CCN1C)OCO3,0.0,training
CC(C)(C)OC(=O)c1cccc(N)c1,1.0,training
CC(=O)c1ccc2c(c1)Cc1ccccc1-2,1.0,training
O=C(O)CC(NC(=O)OCc1ccccc1)C(=O)O,0.0,training
CC1(C)C2CC[C@]3(C)C(C(=O)C=C4C5C[C@@](C)(C(=O)O)CC[C@]5(C)CC[C@]43C)[C@@]2(C)CC[C@@H]1O[C@H]1OC(C(=O)O)[C@@H](O)[C@H](O)[C@H]1O[C@@H]1OC(C(=O)O)[C@@H](O)[C@H](O)[C@H]1O,1.0,training
CCN(CC)CCOc1ccc2nc(N(C)C)sc2c1,1.0,training
CCOC(=O)C(C)(C)Oc1ccc(Cl)cc1,1.0,training
O=c1c(-c2ccc(O)cc2)coc2cc(O)ccc12,1.0,training
CC(C)CCCCCCc1ccc(OCCOCCO)cc1,0.0,training
CC(=O)Oc1ccccc1C(=O)Nc1ncc([N+](=O)[O-])s1,1.0,training
CC(=O)C1CC[C@H]2[C@@H]3CC=C4CC(=O)CC[C@]4(C)[C@H]3CC[C@]12C,1.0,training
N=c1ccn2c(n1)O[C@H]1[C@H](O)[C@@H](CO)O[C@H]12,0.0,training
CC1(C)CCC(NC(=O)C(N)CCC(=O)O)CC1,0.0,training
O=C(O)c1cc2cc(Cc3cccnc3)ccc2o1,1.0,training
O=C1CCCC(=O)O1,0.0,training
O=C1C[N+]([O-])=C(c2ccccc2)c2cc(Cl)ccc2N1,0.0,training
C=CC(C)=O,0.0,training
c1ccc(-c2ccc(-c3ccccc3)cc2)cc1,1.0,training
CCCCOC(=O)c1ccccc1C(=O)OCc1ccccc1,1.0,training
Cn1ccc2cc3c(cc21)CCN3C(=O)Nc1cccnc1,1.0,training
Clc1ccc(C(c2ccccc2Cl)C(Cl)Cl)cc1,1.0,training
CCCCCCCC(=O)O,0.0,training
O=C(Nc1ccccc1)N(Cc1ccc(Cl)cc1)C1CCCC1,0.0,training
CC1(C)O[C@@H]2C[C@H]3[C@@H]4CC=C5CC(=O)C=C[C@]5(C)[C@H]4[C@@H](O)C[C@]3(C)[C@]2(C(=O)CO)O1,1.0,training
CCOP(=O)(NC(C)C)Oc1ccc(SC)c(C)c1,0.0,training
CO[Si](CCCOCC1CO1)(OC)OC,0.0,training
Cc1cc(C)cc(C(=O)OC2C[C@H]3CC[C@@H](C2)N3C)c1,0.0,training
CCCCC#N,0.0,training
CCCCC(CC)COC(=O)c1ccc(O)cc1,1.0,training
CCCCCCCCC(=O)NCc1ccc(O)c(OC)c1,0.0,training
CCOc1ccc(N=Nc2ccc(N)cc2N)cc1,1.0,training
CCN(CC)C(=O)N[C@H]1C[C@@H]2c3cccc4[nH]cc(c34)C[C@H]2N(C)C1,1.0,training
CC1(C)C(=O)N(Cl)C(=O)N1Cl,1.0,training
O=Cc1ccc(F)c(Br)c1,0.0,training
COC(C)(C)CCO,0.0,training
Nc1ccc([N+](=O)[O-])cc1[N+](=O)[O-],0.0,training
CCC(C)(C)C(=O)O[C@H]1C[C@@H](C)C=C2C=C[C@H](C)[C@H](CC[C@@H]3C[C@@H](O)CC(=O)O3)[C@H]21,1.0,training
C=CCOc1cc(Cl)ccc1C(=O)NCCN(CC)CC,1.0,training
CCC(=O)NCCC1CCc2ccc3c(c21)CCO3,1.0,training
CC(C)C(=O)c1c(C(C)C)nn2ccccc12,0.0,training
Nc1c2ccccc2nc2ccccc12,1.0,training
CN(C)c1ccc(N=O)cc1,1.0,training
CCCCOC(=O)c1ccc(N)cc1,1.0,training
CCCSP(=O)(OCC)Oc1ccc(Br)cc1Cl,0.0,training
O=C1C=CC(=O)N1,0.0,training
NNCCc1ccccc1,1.0,training
CC(C)SCc1ccco1,0.0,training
NC(=O)C(c1ccccc1)(c1ccccc1)[C@@H]1CCN(CCc2ccc3c(c2)CCO3)C1,0.0,training
CC1=C2C[C@H](C(=O)C1)C2(C)C,0.0,training
C=CC(=O)OCCCCCC(C)C,1.0,training
C(=NC1CCCCC1)=NC1CCCCC1,1.0,training
CCCCCCc1ccc(O)cc1O,1.0,training
CCC(C)(C)OC,1.0,training
CCC(=O)O[C@H]1CC[C@H]2[C@@H]3CC=C4CC(=O)CC[C@]4(C)[C@H]3CC[C@]12C,1.0,training
FC(F)(F)c1cccc(C2=CCN(CCc3ccc4ccccc4c3)CC2)c1,0.0,training
CCN1CCCC1=O,0.0,training
Nc1cc(N)cc(C(=O)O)c1,0.0,training
CCCCCCCCC,0.0,training
CCCCCCCCCCCCCCCC[N+](C)(C)CCN(Cc1ccc(OC)cc1)c1ncccn1,0.0,training
COc1cccc(C(=O)CCN[C@@H](C)[C@H](O)c2ccccc2)c1,0.0,training
CCN(Cc1ccc(Cl)nc1)C(C[N+](=O)[O-])=NC,0.0,training
Cc1nnc(C(=O)NC(C)(C)c2nc(C(=O)NCc3ccc(F)cc3)c(O)c(=O)n2C)o1,0.0,training
CN1CSC(=S)N(C)C1,0.0,training
Cc1ccccc1N1CCN(CCc2nnc3n2CCCC3)CC1,1.0,training
CNC(=O)Oc1cccc2c1OC(C)(C)C2,1.0,training
CC(=O)c1ccc(OCC(=O)N2CCCCC2)cc1,1.0,training
CN(C)c1ccc(C2(c3ccc(N(C)C)cc3)OC(=O)c3cc(N(C)C)ccc32)cc1,0.0,training
CCCCCCCCCOS(=O)(=O)O,1.0,training
NC(=O)Nc1ccc(Cl)c(Cl)c1,0.0,training
OCc1cc(O)c2c(O)c3c(O)cccc3c([C@@H]3O[C@H](CO)[C@@H](O)[C@H](O)[C@H]3O)c2c1,1.0,training
CC1CCC2CC1C2(C)C,1.0,training
Oc1ccc(C(=C(Cl)Cl)c2ccc(O)cc2)cc1,1.0,training
CCCCCCOC(=O)c1ccccc1,0.0,training
C[N+](C)(C)C,1.0,training
CC(C(=O)O)c1ccc(N2Cc3ccccc3C2=O)cc1,1.0,training
CC(C)NC(C)Cc1ccc(I)cc1,1.0,training
COc1ccc(C(=O)c2ccc(C)cc2)c(O)c1,1.0,training
O=C(c1ccc(O)cc1)c1ccc(O)cc1,1.0,training
O=[N+]([O-])c1ccc(F)c(Cl)c1,0.0,training
Nc1ccccc1C(=O)OCCc1ccccc1,1.0,training
O=[N+]([O-])c1ccc2[nH]cnc2c1,0.0,training
O=C(CBr)c1ccccc1,1.0,training
CCN1C[C@]2(COC)[C@H](O)C[C@H](OC)[C@]34C1[C@H]([C@H](OC)[C@H]23)[C@]1(OC(C)=O)[C@H]2[C@@H](OC(=O)c3ccccc3)[C@](O)(C[C@H]24)[C@@H](OC)[C@@H]1O,0.0,training
CN1C(C(=O)Nc2ccccn2)C(=O)c2sc(Cl)cc2S1(=O)=O,0.0,training
CN(C)c1ccc(N=Nc2ccccc2)cc1,1.0,training
CCC(C(N)=O)N1CCCC1=O,1.0,training
Nc1c2c(nc3ccccc13)CCCC2,1.0,training
OCc1c2ccccc2cc2ccccc12,1.0,training
OC[P+](CO)(CO)CO,0.0,training
CN(C)NC(=O)CCC(=O)O,1.0,training
CCCCCCOc1ccc(O)cc1,1.0,training
C#C[C@]1(O)CC[C@H]2[C@@H]3CCc4cc(OC5CCCC5)ccc4[C@H]3CC[C@@]21C,1.0,training
CC(C)CCCCCCc1ccc(O)cc1,1.0,training
O=C(CCl)C(Cl)Cl,1.0,training
CN[C@H]1C[C@@H](N)[C@H](O)[C@@H](O[C@@H]2O[C@H](CO)[C@H](O)[C@@H]3OC4(O[C@H]23)O[C@H](C(N)CO)[C@H](O)[C@H](O)[C@H]4O)[C@@H]1O,0.0,training
CCCCCCCCCCCCCCCC(=O)OC[C@@H](COP(=O)([O-])OCC[N+](C)(C)C)OC(=O)CCCCCCCCCCCCCCC,1.0,training
CN1CCN=C(c2ccccc2)c2cc(Cl)ccc21,0.0,training
CCCCCCCCCCCCCCCCCC(=O)OCCCCCCCCCCCCCC(C)C,1.0,training
CC(C)c1ccc2sc3ccccc3c(=O)c2c1,1.0,training
CCCCC/C=C\C/C=C\CCCCCCCC(=O)OCC,0.0,training
Cc1cc(-n2nc3ccc(Cl)cc3n2)c(O)c(C(C)(C)C)c1,1.0,training
CCCCCCCCN(C)C,0.0,training
[O-][Cl+3]([O-])([O-])O,1.0,training
CC1(C(=O)Nc2ccc(O)c(Cl)c2Cl)CCCCC1,1.0,training
COCC(C)O,1.0,training
C[C@@H]1CC=CC=CC=CC=C[C@H](O[C@@H]2O[C@H](C)[C@@H](O)[C@H](N)[C@@H]2O)C[C@@H]2O[C@](O)(C[C@@H](O)C[C@H]3O[C@@H]3C=CC(=O)O1)C[C@H](O)C2C(=O)O,0.0,training
Oc1ccc(-c2ccccc2)c(Cl)c1,1.0,training
CC(C)(C)CC(C)(C)c1ccc(O)cc1,1.0,training
Cc1c(Cl)cccc1[N+](=O)[O-],0.0,training
CC(=O)O[C@H]1CC[C@@]2(C)C(=CC[C@@H]3[C@@H]2CC[C@]2(C)C(=O)CC[C@@H]32)C1,1.0,training
Nc1nccs1,0.0,training
CCOC(=O)c1cc(-c2ccccc2)nc2ccc(C)cc12,0.0,training
CC(C)NNC(=O)c1ccncc1,1.0,training
COc1ccc(C(c2ccc(OC)cc2)C(Cl)(Cl)Cl)cc1,1.0,training
O=C(Oc1ccccc1)c1cccc(C(=O)Oc2ccccc2)c1,1.0,training
C[C@]12CC[C@@H]3C4=C(CC[C@H]3[C@@H]1CC[C@@H]2OC(=O)CCc1ccccc1)CC(=O)CC4,1.0,training
NNC(=O)c1ccccc1,1.0,training
CC(=O)C1CC[C@H]2[C@@H]3CC[C@H]4C[C@H](O)CC[C@]4(C)[C@H]3CC[C@]12C,1.0,training
CCC(=O)N(c1ccc(F)cc1)C1CCN(CCc2ccccc2)CC1,0.0,training
CC(Cl)C(C)Cl,0.0,training
CC(=O)C1CC[C@H]2[C@@H]3CC=C4C[C@@H](O)CC[C@]4(C)[C@H]3CC[C@]12C,1.0,training
O=C(O)c1cccc(Cl)c1Cl,0.0,training
O=P(Oc1ccccc1)(Oc1ccccc1)Oc1ccccc1,1.0,training
CC1=C(C(=O)Nc2ccccc2)SCCO1,1.0,training
CCCCOC(=O)c1ccccc1N,0.0,training
CC(=O)N(CC(O)CO)c1c(I)c(C(=O)NCCO)c(I)c(C(=O)NCC(O)CO)c1I,1.0,training
NCC(O)c1ccc(O)cc1,0.0,training
CC1CC(OC(=O)C(O)c2ccccc2)CC(C)(C)N1C,1.0,training
O=Cc1ccccc1[N+](=O)[O-],0.0,training
Clc1ccc2[nH]nnc2c1,0.0,training
O=C(O)C(CC(=O)N1C[C@H]2CCCC[C@H]2C1)Cc1ccccc1,1.0,training
CCCCCCC(O)CO,0.0,training
NNC(=O)CCCCC(=O)NN,0.0,training
C[C@]12CCC(=O)C=C1CC[C@@H]1[C@@H]2[C@@H](O)C[C@@]2(C)[C@H]1CC[C@]2(O)C(=O)CO,1.0,training
CC(=O)OC/C=C(\C)CCC=C(C)C,0.0,training
O=C(CC(=O)c1ccccc1)c1ccccc1,1.0,training
Clc1ccc2nsnc2c1NC1=NCCN1,0.0,training
CC/C(=C(/CC)c1ccc(OP(=O)(O)O)cc1)c1ccc(OP(=O)(O)O)cc1,1.0,training
O=C(O)c1ccc2c(c1)nc(C(=O)NC1CCN(C3CC3)CC1)n2Cc1cc(-c2ccc(Cl)s2)on1,0.0,training
Oc1cccc(Nc2ccccc2)c1,1.0,training
BrCCCCCBr,0.0,training
CC(C)=CCO,0.0,training
C=CC(O)CCCCC,0.0,training
CCCCCCCCCC(=O)O[C@H]1CC[C@H]2[C@@H]3CC=C4CC(=O)CCC4[C@H]3CC[C@]12C,1.0,training
O=C1OCCN1/N=C/c1ccc([N+](=O)[O-])o1,1.0,training
O=C=Nc1ccc(Cl)c(Cl)c1,0.0,training
Nc1c(CC(=O)O)cccc1C(=O)c1ccccc1,1.0,training
CC(C)=CCC/C(C)=C/C=C\C(C)=C\C=C\C(C)=C\C=C/C=C(C)/C=C/C=C(C)/C=C\C=C(/C)CCC=C(C)C,1.0,training
CCCCCC=O,0.0,training
Nc1ccc2cc(S(=O)(=O)O)cc(O)c2c1,0.0,training
O=C(Cl)c1c(Cl)cccc1Cl,0.0,training
Nc1ncnc(Nc2ccc(Cl)cc2)n1,1.0,training
OC[C@@H](O)[C@@H](O[C@@H]1O[C@H](CO)[C@H](O)[C@H](O)[C@H]1O)[C@H](O)[C@@H](O)CO,1.0,training
O=C(Nc1ccccc1)Nc1ccccc1,1.0,training
O=C(O)c1cccc(Cl)n1,0.0,training
CCN(CC)C(=O)N1CCN(C)CC1,0.0,training
O1[As]2O[As]3O[As]1O[As](O2)O3,1.0,training
CCCCCCCCCc1ccc(O)cc1,1.0,training
N=C(N)N[N+](=O)[O-],0.0,training
Cc1nc2ccccc2c(=O)n1-c1ccccc1Cl,1.0,training
Cl/C=C\Cl,0.0,training
CC(C)(OOC(C)(C)c1ccccc1)c1ccccc1,1.0,training
Nc1ccc(-c2ccc(F)cc2)cc1,1.0,training
Cc1cc(=O)c(C(=O)NC(C(=O)NC2C(=O)N3C(C(=O)O)=C(CSc4nnnn4C)CS[C@H]23)c2ccc(O)cc2)c[nH]1,1.0,training
Cc1ncc(C[n+]2csc(CCOP(=O)(O)OP(=O)(O)O)c2C)c(N)n1,0.0,training
CCCCc1ccc2[nH]c(NC(=O)OC)nc2c1,1.0,training
C=C(C)C1CC=C(C)C(O)C1,0.0,training
CC1(C)[C@H]2CC[C@](C)(C2)[C@H]1O,0.0,training
OCC=Cc1ccccc1,1.0,training
NS(=O)(=O)C(F)(F)C(F)(F)C(F)(F)C(F)(F)C(F)(F)C(F)(F)C(F)(F)C(F)(F)F,0.0,training
O=C1NCCN1c1ncc([N+](=O)[O-])s1,0.0,training
CC1=CC(C)(C)Nc2ccccc21,0.0,training
C[C@]12CCC(=O)C[C@@H]1CC[C@@H]1[C@@H]2CC[C@@]2(C)[C@H]1CC[C@]2(C)O,1.0,training
C=CC(=C)CCC=C(C)C,0.0,training
Oc1ccc(Cc2ccccc2O)cc1,1.0,training
O=C1CCCc2ccccc21,0.0,training
CCCCCCCCCCCCCCCCCC[N+](C)(C)CCC[Si](OC)(OC)OC,1.0,training
C#C[C@]1(O)CC[C@H]2[C@@H]3CC=C4CC(=O)CCC4[C@H]3C(=C)C[C@@]21CC,1.0,training
CCCC[C@H]1CN(CC2CCOCC2)C(=O)OC12CCN(C1(C)CCN(C(=O)c3c(C)ncnc3C)CC1)CC2,0.0,training
CC(C)CCO,0.0,training
C=C[C@H]1CN2CCC1C[C@@H]2[C@@H](O)c1ccnc2ccccc12,0.0,training
CC(C)(Cl)Cl,0.0,training
CCOCCOCCOCC,1.0,training
Nc1nc(NC2CC2)c2ncn([C@@H]3C=C[C@@H](CO)C3)c2n1,1.0,training
COC(=O)c1ccc(C(=O)O)cc1,0.0,training
CC1(C)OC(=O)NC1=O,1.0,training
CC[C@H]1OC(=O)C(C)[C@@H](O[C@H]2C[C@@](C)(OC)[C@@H](O)[C@H](C)O2)[C@H](C)[C@@H](O[C@@H]2O[C@H](C)C[C@H](N(C)C)[C@H]2O)[C@](C)(O)CC(C)C(=O)C(C)[C@@H](O)[C@]1(C)O,1.0,training
CCN(CC)CCCl,0.0,training
c1ccc(N=NNc2ccccc2)cc1,1.0,training
C=CCSCC1Nc2cc(Cl)c(S(N)(=O)=O)cc2S(=O)(=O)N1,1.0,training
NC(=O)C(Cl)(Cl)Cl,1.0,training
NS(=O)(=O)Cc1noc2ccccc12,0.0,training
C[C@]12CC[C@H]3[C@@H](CC=C4CC(=O)CC[C@@]43C)[C@@H]1CC[C@@H]2O,1.0,training
CCCC[N+](CCCC)(CCCC)CCCC,0.0,training
C=CC1(C)CC(OC(=O)CO)C2(C)C(C)CCC3(CCC(=O)C32)C(C)C1O,0.0,training
CCCCCCCCCCCCCOC(=O)CCSCCC(=O)OCCCCCCCCCCCCC,0.0,training
CCCCCCCCCCCCCCCCN(C)C,0.0,training
C=CC1(C)OC(=O)N(c2cc(Cl)cc(Cl)c2)C1=O,0.0,training
Cl[In](Cl)Cl,1.0,training
CCNC(=O)C(C)OC(=O)Nc1ccccc1,0.0,training
CC(C)COC(=O)c1ccccc1C(=O)OCC(C)C,1.0,training
CCCCOC(=O)CCC(=O)OCCCC,1.0,training
C=Cc1cccc(C)c1,0.0,training
COP(=S)(OC)Oc1ccc([N+](=O)[O-])cc1,1.0,training
C[N+](C)(C)CCOC(=O)CCC(=O)OCC[N+](C)(C)C,0.0,training
Nc1ccc(S(=O)(=O)O)cc1,1.0,training
NS(=O)(=O)c1cc(C(=O)O)cc(N2CCCC2)c1Oc1ccccc1,0.0,training
O=C(O)c1cc(N=Nc2ccc([N+](=O)[O-])cc2)ccc1O,1.0,training
OCC1CC2CC1C1CCC(CO)C21,0.0,training
OC[C@H]1O[C@@H]2O[C@H]3[C@H](O)[C@@H](O)[C@@H](O[C@H]4[C@H](O)[C@@H](O)[C@@H](O[C@H]5[C@H](O)[C@@H](O)[C@@H](O[C@H]6[C@H](O)[C@@H](O)[C@@H](O[C@H]7[C@H](O)[C@@H](O)[C@@H](O[C@H]1[C@H](O)[C@H]2O)O[C@@H]7CO)O[C@@H]6CO)O[C@@H]5CO)O[C@@H]4CO)O[C@@H]3CO,1.0,training
O=c1[nH]c2ccccc2o1,0.0,training
O=c1c(O)c(-c2ccc(O)cc2)oc2cc(O)cc(O)c12,1.0,training
CCCCN(CCCC)CC(O)c1cc(Cl)cc2c1-c1ccc(Cl)cc1/C2=C/c1ccc(Cl)cc1,1.0,training
CC[C@]12CCCN3CCc4c(n(c5ccccc45)C(=O)C1)[C@@H]32,0.0,training
O=C(O)P(=O)(O)O,1.0,training
CC(COc1ccccc1)N(CCCl)Cc1ccccc1,1.0,training
O=c1oc2cc(O)ccc2c2oc3cc(O)ccc3c12,1.0,training
CC1(C)[C@@H]2CC[C@@]1(C)C(=O)C2,0.0,training
Oc1ccc(C=Cc2cc(O)cc(O)c2)cc1,1.0,training
c1ccc(CCNc2nc(-c3ccccc3)cs2)cc1,1.0,training
COc1ccc(C(=O)c2cccc(O)c2)c(OC)c1,1.0,training
CC1(C)CCC[C@]2(C)[C@H]3CC(=O)O[C@]3(C)CC[C@@H]12,0.0,training
Nc1nc(=S)c2[nH]cnc2[nH]1,1.0,training
CC(C)(c1ccc(O)cc1)c1ccc(O)cc1,1.0,training
Nc1ccc2ccccc2c1S(=O)(=O)O,1.0,training
CNc1ccc([N+](=O)[O-])cc1,1.0,training
CCCCCCCCCCCCCl,1.0,training
NC(CO)(CO)CO,0.0,training
O=C(CCl)c1ccc(Cl)cc1Cl,0.0,training
Oc1ccc2ccccc2c1N=Nc1ccccc1,1.0,training
Oc1ccc(N=Nc2ccccc2)cc1,1.0,training
CC(=O)OCC(COC(C)=O)OC(C)=O,1.0,training
CC(=O)O[C@H]1C[C@@H]2CC[C@@H]3[C@H](CC[C@@]4(C)[C@H]3C[C@H]([N+]3(C)CCCCC3)[C@@H]4OC(C)=O)[C@@]2(C)C[C@@H]1N1CCCCC1,1.0,training
c1ccc(NNc2ccccc2)cc1,1.0,training
OCCCCCCCCCCCCBr,0.0,training
O=C(OC1CN2CCC1CC2)c1ccccc1,0.0,training
O=C(O)CCCCCCCCCCC(=O)O,1.0,training
O=C(O)C1/C(=C/CO)O[C@@H]2CC(=O)N12,0.0,training
C[C@]12CC[C@H](O)C[C@H]1CC[C@@H]1[C@@H]2CC[C@]2(C)[C@@H](c3ccc(=O)oc3)C[C@H]3O[C@]132,1.0,training
CCNc1ccccc1,0.0,training
CC(C)c1c(CN(C)C(C)Cc2ccccc2)n(C)n(-c2ccccc2)c1=O,0.0,training
CC(C)(CO)CO,0.0,training
C=CC(=O)NC(C)(C)C,0.0,training
Clc1cccc2ccccc12,1.0,training
Brc1ccc(Oc2ccc(Br)cc2Br)c(Br)c1,1.0,training
CC[C@H](O)C(C[C@H](C)N(C)C)(c1ccccc1)c1ccccc1,0.0,training
CCC(COC(=O)CCS)(COC(=O)CCS)COC(=O)CCS,0.0,training
Cc1ccccc1C(=O)Nc1cccc(OC(C)C)c1,0.0,training
CCCCCCCCOC(=O)c1ccccc1C(=O)OCCCCCCCC,0.0,training
CCCCC(CC)CCC(CC(C)C)OS(=O)(=O)O,0.0,training
CCCCOC(=O)c1ccccc1C(=O)O,0.0,training
CC(C)C(C(=O)OC(C#N)c1cccc(Oc2ccccc2)c1)c1ccc(Cl)cc1,1.0,training
CS(=O)(=O)OCCCCOS(C)(=O)=O,1.0,training
C#C[C@]1(O)CC[C@H]2[C@@H]3CC=C4CC(=O)CCC4[C@H]3CC[C@@]21CC,1.0,training
COc1cc(C)nc(-n2nc(C)cc2OC)n1,0.0,valid
Brc1ccccc1-c1ccccc1,0.0,valid
O=C(O)c1ccccc1O,0.0,valid
CCCSP(=S)(OCC)Oc1ccc(Cl)cc1Cl,1.0,valid
CCSCC,0.0,valid
Oc1ccc2ccc3cccc4ccc1c2c34,1.0,valid
C=C(C)C(=O)NCCC[N+](C)(C)C,0.0,valid
CC1=C(/C=C/C(C)=C/C=C/C(C)=C/C=C\C=C(C)\C=C\C=C(C)\C=C\C2=C(C)C(=O)CCC2(C)C)C(C)(C)CCC1=O,1.0,valid
CCCCNS(=O)(=O)c1ccc(C)cc1,0.0,valid
COc1ccc2ccccc2c1,0.0,valid
O=C1c2ccccc2CCc2ccccc21,1.0,valid
CC(=O)OC[C@H]1O[C@@H](O[C@H]2[C@H](O)[C@@H](OC(=O)c3ccccc3C(=O)O)[C@H](O)O[C@@H]2COC(C)=O)[C@H](O)[C@@H](OC(=O)c2ccccc2C(=O)O)[C@@H]1O,0.0,valid
COc1cc(C[C@H](C)N)c(OC)cc1Br,0.0,valid
C1CNCCN1,1.0,valid
Cn1cc([S+](C)[O-])c(=O)c2ccc(F)cc21,0.0,valid
COC(=O)C1[C@H]2CC[C@@H](C[C@H]1OC(=O)c1ccccc1)N2C,0.0,valid
CN=C(NC#N)NCCSCc1csc(=NC(=N)N)[nH]1,0.0,valid
NC(=S)N/N=C/c1cccnc1,0.0,valid
CCOP(=S)(OCC)Oc1ccc([S+](C)[O-])cc1,0.0,valid
CCC(C)(CCCC(C)C)OC(C)=O,0.0,valid
COc1cc2c(cc1OC)C(=O)C(CC1CCN(Cc3ccccc3)CC1)C2,1.0,valid
CC1C(=O)C[C@]2(C(C)C)C[C@H]12,0.0,valid
Cn1cc(-c2ccccc2)c(=O)c(-c2cccc(C(F)(F)F)c2)c1,0.0,valid
CCCCCCCCCCC1CO1,0.0,valid
O=c1[nH]c(=O)c2c[nH]nc2[nH]1,0.0,valid
CCC(C)(C)c1cc(-n2nc3ccccc3n2)c(O)c(C(C)(C)CC)c1,0.0,valid
COc1ccccc1NC(=O)CC(C)=O,0.0,valid
OC[C@@H](O)C(O)[C@H](O)CO,0.0,valid
CCN(CC)CCOC(=O)c1cccnc1,0.0,valid
CC(C)(C)c1cc(CCC(=O)OCC(COC(=O)CCc2cc(C(C)(C)C)c(O)c(C(C)(C)C)c2)(COC(=O)CCc2cc(C(C)(C)C)c(O)c(C(C)(C)C)c2)COC(=O)CCc2cc(C(C)(C)C)c(O)c(C(C)(C)C)c2)cc(C(C)(C)C)c1O,1.0,valid
CC(=O)CC(c1ccc([N+](=O)[O-])cc1)c1c(O)c2ccccc2oc1=O,0.0,valid
CCCCP(CCCC)CCCC,0.0,valid
CN1CCCN=C1COC(=O)C(O)(c1ccccc1)C1CCCCC1,0.0,valid
CCCBr,0.0,valid
O=C(O)c1cccc(C(=O)O)c1C(=O)O,0.0,valid
Cc1cc(C)c(C)cc1C,0.0,valid
CN1CCCCC1CCN1c2ccccc2Sc2ccc([S+](C)[O-])cc21,0.0,valid
CN(C)N=O,0.0,valid
CCC(C)(Oc1ccc(C2(c3ccc(OC(C)(CC)C(=O)O)cc3)CCCCC2)cc1)C(=O)O,0.0,valid
Nc1nc(=O)c2c(CCc3ccc(C(=O)NC(CCC(=O)O)C(=O)O)cc3)c[nH]c2[nH]1,0.0,valid
O=P(O)(O)CCCl,0.0,valid
C#CCN[C@@H]1CCc2ccccc21,0.0,valid
CC(N)C(=O)c1ccccc1,0.0,valid
CCCN[C@H]1CCc2nc(N)sc2C1,0.0,valid
Cc1c(C(C)C)c(=O)n(-c2ccccc2)n1C,0.0,valid
NC(=O)c1ccccc1C(N)=O,0.0,valid
COc1c(O)c(C)c(C=CC(C)=CC/C=C(\C)CC/C=C(\C)CC/C=C(\C)CC/C=C(\C)CC/C=C(\C)CC/C=C(\C)CC/C=C(\C)CC/C=C(\C)CCC=C(C)C)c(O)c1OC,0.0,valid
CON=C(C(=O)NC1C(=O)N2C(C(=O)[O-])=C(C[n+]3cccc4c3CCC4)CS[C@H]12)c1csc(N)n1,0.0,valid
COc1ccc(-n2nc(C(F)F)cc2-c2ccc([S+](C)[O-])cc2)cc1,0.0,valid
Fc1ccc(Oc2ccnc3cc(Cl)cc(Cl)c23)cc1,0.0,valid
c1ccc2c(c1)Nc1ccccc1S2,1.0,valid
C[C@]12CC[C@H](O)CC1=CC[C@@H]1[C@@H]2CC[C@]2(C)C(=O)CC[C@@H]12,1.0,valid
COc1ccc2c(c1)c(CC(=O)O)c(C)n2C(=O)c1ccc(Cl)cc1,0.0,valid
CCCCOCCOCCOC(C)=O,0.0,valid
COP(=S)(NC(C)C)Oc1ccc(C)cc1[N+](=O)[O-],1.0,valid
CNC(=O)Oc1cccc(N=CN(C)C)c1,0.0,valid
CCCCCCCCCCCCCCCCCC(=O)OCCO,1.0,valid
O=Cc1cccc([N+](=O)[O-])c1,0.0,valid
COC(=O)CCC(=O)OC,0.0,valid
C#CC(C)(C)O,0.0,valid
C=CC(N)=O,0.0,valid
CCCCCNCCCCC,0.0,valid
Cc1oc(=O)oc1CN1CCN(c2cc3c(cc2F)c(=O)c(C(=O)O)c2n3C(C)S2)CC1,1.0,valid
COc1ccc2[nH]cc(CCNC(C)=O)c2c1,1.0,valid
Fc1c(F)c(F)c(Br)c(F)c1F,0.0,valid
Nc1ccc(S(=O)(=O)O)c(N)c1,0.0,valid
Cl/C=C\C[N+]12CN3CN(CN(C3)C1)C2,0.0,valid
N#CCCCCC#N,0.0,valid
C=CC(C)(CCC=C(C)C)OC(=O)CC,0.0,valid
C=C(NC(=O)C(=C)NC(=O)c1csc(C2=NC3c4csc(n4)C4NC(=O)c5csc(n5)C(C(C)(O)C(C)O)NC(=O)C5CSC(=N5)C(=CC)NC(=O)C(C(C)O)NC(=O)c5csc(n5)C3(CC2)NC(=O)C(C)NC(=O)C(C)=NC(=O)C(C)NC(=O)C(C(C)CC)NC2C=Cc3c(C(C)O)cc(nc3C2O)C(=O)OC4C)n1)C(N)=O,0.0,valid
C=C[C@]1(C)C[C@@H](OC(=O)CSCCN(CC)CC)[C@]2(C)C(C)CC[C@]3(CCC(=O)[C@H]32)[C@@H](C)[C@@H]1O,0.0,valid
O=S(=O)(Oc1ccc(Cl)cc1Cl)c1ccccc1,1.0,valid
C[N+]1(CC2COC(c3ccccc3)(c3ccccc3)O2)CCCCC1,0.0,valid
COc1ccc(C2NC(=S)N3C(c4ccc(OC)c(OC)c4)NC(=S)N23)cc1OC,0.0,valid
CCNc1nc(Cl)nc(NC(C)C)n1,0.0,valid
CC(N=C(N=c1cc[nH]cc1)NC#N)C(C)(C)C,0.0,valid
CCc1ccc(C=O)cc1,0.0,valid
CCN(CC)CCNC(=O)COc1ccc(Cl)cc1,0.0,valid
CCCCOC(=O)C(C)CC,0.0,valid
CN1[C@@H]2CC[C@H]1C[C@@H](OC(=O)c1cc(Cl)cc(Cl)c1)C2,0.0,valid
COC(=O)C(C)Oc1ccc(Oc2ccc(Cl)cc2Cl)cc1,0.0,valid
CCOc1ccc(C(=O)OCCN(CC)CC)cc1,0.0,valid
CCCCCc1cccc(=O)o1,0.0,valid
CC1=NS(=O)(=O)c2cc(Cl)ccc2N1,0.0,valid
CCN[C@H]1CN(CCCOC)S(=O)(=O)c2sc(S(N)(=O)=O)cc21,0.0,valid
COc1ccc(CCNCC(O)COc2cccc(C)c2)cc1OC,0.0,valid
C#N,1.0,valid
CCCCCc1ccc(N)cc1,0.0,valid
O=C(OCC(COC(=O)c1cccnc1)(COC(=O)c1cccnc1)COC(=O)c1cccnc1)c1cccnc1,0.0,valid
CNC[C@H](O)[C@@H](O)[C@H](O)[C@H](O)CO,1.0,valid
Cc1ccc(S(=O)(=O)NC(=O)NN2CCCCCC2)cc1,1.0,valid
C=C1CC[C@H](O)C/C1=C/C=C1\CCC[C@]2(C)[C@@H]([C@H](C)/C=C/[C@H](C)C(C)C)CC[C@@H]12,1.0,valid
CC(=O)OC1CN2CCC1CC2,0.0,valid
C[C@]12N[C@H](Cc3ccccc31)c1ccccc12,0.0,valid
COC(=O)C1=C(C)N=C(C)C(C(=O)O[C@@H]2CCCN(Cc3ccccc3)C2)[C@@H]1c1cccc([N+](=O)[O-])c1,0.0,valid
CC1CCC(=O)C1=O,0.0,valid
O=c1[nH]c(=O)n(C2CCCO2)cc1F,0.0,valid
NC(Cc1ccc(N(CCCl)CCCl)cc1)C(=O)O,0.0,valid
NCCNCCNCCNCCN,0.0,valid
c1ccc2cc3c(ccc4ccccc43)cc2c1,1.0,valid
NC(C(=O)NC1C(=O)N2C(C(=O)O)=C(Cl)CS[C@H]12)c1ccccc1,0.0,valid
C=C[Si](OCC)(OCC)OCC,0.0,valid
CC(C)CCCCCCOC(=O)CCCCC(=O)OCCCCCCC(C)C,0.0,valid
CN(C)CCn1nnnc1SCC1=C(C(=O)O)N2C(=O)C(NC(=O)Cc3csc(N)n3)[C@H]2SC1,0.0,valid
CCOCN(C(=O)CCl)c1c(C)cccc1CC,0.0,valid
CC/C=C\CC1=C(C)CCC1=O,0.0,valid
CC(C)C(=O)OCC(C)(C)C(O)C(C)C,0.0,valid
CCCCC(CC)COC(=O)c1ccc(C(=O)OCC(CC)CCCC)c(C(=O)OCC(CC)CCCC)c1,1.0,valid
CCCCCCCCC(=O)OCC,0.0,valid
Oc1c2c(c(O)n1CCCCN1CCN(c3ncccn3)CC1)[C@H]1CC[C@@H]2C1,0.0,valid
CCC1NC(=O)c2cc(S(N)(=O)=O)c(Cl)cc2N1,0.0,valid
CC(O)CCO,1.0,valid
C[C@H]1C(=NC(=O)C(NOC(C)(C)C(=O)O)c2csc(N)n2)C(=O)N1S(=O)(=O)O,0.0,valid
CCC(C)c1cc(C(C)(C)C)c(O)c(C(C)(C)C)c1,0.0,valid
CCOC(=O)NC(C)(C)Cc1ccc(Cl)cc1,0.0,valid
O=[N+]([O-])c1cc(Cl)c(Cl)cc1Cl,0.0,valid
CCCCCCOC(=O)c1cccnc1,0.0,valid
O=C(CCCCCCCCC#CI)Oc1ccccc1,0.0,valid
C1CN(CCOCCN2CCOCC2)CCO1,0.0,valid
CN(C)C(=O)Nc1cccc(OC(=O)NC(C)(C)C)c1,0.0,valid
Cc1cccc(C)c1NC(=O)CN(CC(=O)O)CC(=O)O,0.0,valid
O=c1[nH]c2ccc(Cl)cc2o1,0.0,valid
O=C(O)C(Br)CBr,0.0,valid
NC(=O)Cc1cccc(C(=O)c2ccccc2)c1N,0.0,valid
O=c1[nH]c(=O)[nH]c(=O)[nH]1,0.0,valid
CC(=O)[C@@]1(O)CC[C@H]2[C@@H]3CC=C4CC(=O)CC[C@]4(C)[C@H]3CC[C@@]21C,1.0,valid
COC(C)=O,0.0,valid
CN1C(=O)CC(=O)N(c2ccccc2)c2cc(Cl)ccc21,0.0,valid
Cc1ccc(O)c(O)c1,0.0,valid
CC(C)(O)C#CC(C)(C)O,0.0,valid
NCC(CC(=O)O)c1ccc(Cl)cc1,0.0,valid
COC(=O)CS,0.0,valid
CCC(C)(C)C1CCC(OC)CC1,0.0,valid
CCC(=O)OC(OP(=O)(CCCCc1ccccc1)CC(=O)N1C[C@H](C2CCCCC2)CC1C(=O)O)C(C)C,0.0,valid
CC(C)(C)OOC(=O)c1ccccc1,0.0,valid
C=CN1CCCC1=O,0.0,valid
COc1ccccc1OCC(O)COC(N)=O,0.0,valid
COCCOCCOCCOCCOC,0.0,valid
O=C(CCl)CCl,0.0,valid
[2H]C([2H])([2H])[C@H](N)Cc1ccccc1,0.0,valid
Cc1nc2ccccc2c(=O)o1,0.0,valid
CN(C)C(N)=NC(=N)N,0.0,valid
CN(C)C(C)(C)CO,1.0,valid
CN1CCc2cc3c(cc2C1O)OCO3,0.0,valid
O[C@@H](CNC[C@H](O)[C@H]1CCc2cc(F)ccc2O1)[C@@H]1CCc2cc(F)ccc2O1,0.0,valid
O=[N+]([O-])c1cc([As](=O)(O)O)ccc1O,0.0,valid
Cc1oc(-c2ccccc2)nc1CCOc1cccc2c1ccn2CCC(=O)O,0.0,valid
CCCCCOC(=O)c1ccc(O)cc1,1.0,valid
O=c1cc(CO)occ1O,0.0,valid
CCC(=O)O[C@H]1[C@H](O[C@@H]2[C@@H](C)[C@H](O[C@H]3C[C@@](C)(OC)[C@@H](O)[C@H](C)O3)C(C)C(=O)O[C@H](CC)[C@@](C)(O)[C@H](O)C(C)C(=O)C(C)C[C@@]2(C)O)O[C@H](C)C[C@@H]1N(C)C,0.0,valid
O=C1OC(=O)c2c(Cl)c(Cl)c(Cl)c(Cl)c21,0.0,valid
CC(CCc1ccc(O)cc1)NCC(O)c1ccc(O)cc1,0.0,valid
COP(=S)(OC)Oc1ccc(SC)c(C)c1,1.0,valid
Cc1cccc(N)n1,0.0,valid
CC(C)c1ccccc1C(C)C,0.0,valid
CN(C)C1CSSSC1,0.0,valid
O=C(OCC(COC(=O)c1ccccc1)(COC(=O)c1ccccc1)COC(=O)c1ccccc1)c1ccccc1,0.0,valid
CC(O)C(CO)C(C)O,0.0,valid
COC(=O)C=C(C)CCC=C(C)C,0.0,valid
O=C(O)C=Cc1ccc(O)c(O)c1,0.0,valid
O=C(O[C@H]1CN2CCC1CC2)N1CCc2ccccc2[C@@H]1c1ccccc1,0.0,valid
O=C(O)c1cc(=O)n(-c2ccc(S(=O)(=O)O)cc2)[nH]1,0.0,valid
CNC(=O)CSP(=O)(OC)OC,0.0,valid
ClC1C(Cl)C(Cl)C(Cl)C(Cl)C1Cl,1.0,valid
N#Cc1ccc(C(=O)O)cc1,0.0,valid
CN(C)c1nc(N(C)C)nc(N(C)C)n1,0.0,valid
O=C(CCCN1CC=C(n2c(=O)[nH]c3ccccc32)CC1)c1ccc(F)cc1,0.0,valid
CCCCC(CC)COP(=O)(OCC(CC)CCCC)OCC(CC)CCCC,0.0,valid
CCCCCCCCCCCCCCCC(=O)O[C@@H]1[C@@H](O)[C@@H](O)[C@@H]([C@H](NC(=O)C2C[C@@H](CCC)CN2C)[C@H](C)Cl)O[C@@H]1SC,0.0,valid
CC(=C(CCO)SSC(CCO)=C(C)N(C=O)Cc1cnc(C)nc1N)N(C=O)Cc1cnc(C)nc1N,0.0,valid
C=Cc1ccc(C(C)(C)C)cc1,0.0,valid
Clc1ccc(C(c2ccc(Cl)cc2)C(Cl)(Cl)Cl)cc1,1.0,valid
C[C@@H](O)C1C(=O)N2C(C(=O)O)=C([C@H]3CCCO3)S[C@H]12,0.0,valid
Nc1c2c(nc3c1CCC3)CCCC2,0.0,valid
O=c1[nH]c(=O)n([C@H]2C[C@H](O)[C@@H](CO)O2)cc1I,0.0,valid
C#C[C@]1(O)CC[C@H]2[C@@H]3CCC4=CC(=NO)CC[C@@H]4[C@H]3CC[C@@]21CC,1.0,valid
CCN(CC)Cc1nccn1-c1ccc([N+](=O)[O-])cc1C(=O)c1ccccc1Cl,0.0,valid
Clc1ccc(Cl)cc1,0.0,valid
Cc1cccc(Cl)c1,0.0,valid
COc1cc2c(cc1OC)[C@@H](c1ccccc1)CN(C)CC2,0.0,valid
O=C=NC1CCCCC1,1.0,valid
CN1CCC(Nc2ncc3ncnc(Nc4ccc(F)c(Cl)c4)c3n2)CC1,0.0,valid
CCCCOC(=O)C(C)O,0.0,valid
CCCCOC(=O)COC(=O)c1ccccc1C(=O)OCCCC,0.0,valid
Cc1cccc2ccccc12,0.0,valid
CCOc1ccc(NC(=S)Nc2ccc(OCC)cc2)cc1,0.0,valid
CC(C)CC(=O)C1C(=O)c2ccccc2C1=O,0.0,valid
CCCCCCCCCCCC#N,0.0,valid
CCCC(=O)OC(C)(C)Cc1ccccc1,0.0,valid
CCCCCCCCCCCCOC(C)=O,0.0,valid
COc1ccc(-c2ccc3cc(C(=O)O)ccc3c2)cc1C12CC3CC(CC(C3)C1)C2,0.0,valid
O=c1n(CC2CO2)c(=O)n(CC2CO2)c(=O)n1CC1CO1,0.0,valid
C=CC(C)(CCC=C(C)C)OC(=O)c1ccccc1N,0.0,valid
CC(N)CN,0.0,valid
Cc1cc(C(C)(C)C)c(O)c(C(C)(C)C)c1,0.0,valid
N#CCc1cccc(C(F)(F)F)c1,0.0,valid
CN=C(NC#N)Nc1ccc(C2=NNC(=O)CC2C)cc1,0.0,valid
ON=C1CCCC1,0.0,valid
CCCCCCC(O)CCOC(C)=O,0.0,valid
O=C(CCl)NCO,0.0,valid
O=c1cc[nH]c(=S)[nH]1,0.0,valid
C=CCc1ccccc1OCC(O)CNC(C)C,0.0,valid
O=C(O)c1cc(Cl)ccc1Cl,0.0,valid
CC(C)(CO)[N+](=O)[O-],1.0,valid
O=S1(=O)CCCC1,0.0,valid
ClCCCCl,0.0,valid
C#CC(O)C(CC)CCCC,0.0,valid
c1ccc2c(c1)OCC(CN1CCCCC1)O2,0.0,valid
Cc1ccc(N)cc1O,0.0,valid
Cc1cc(SC2C(=O)C[C@@](CCc3ccc(N)cc3)(C(C)C)OC2=O)c(C(C)(C)C)cc1CO,0.0,valid
COC(=O)CC(C)CCC=C(C)C,0.0,valid
CCC(C)(C#N)/N=N/C(C)(C#N)CC,0.0,valid
O=[N+]([O-])c1ccc(F)cc1F,0.0,valid
NS(=O)(=O)c1cc2c(cc1C(F)(F)F)NCNS2(=O)=O,0.0,valid
CNC(=O)c1ccccc1,0.0,valid
CC(O)COc1ccccc1,0.0,valid
C[SiH](O[Si](C)(C)C)O[Si](C)(C)C,0.0,valid
O=C(CCCN1CCN(c2ccc(F)cc2)CC1)NC1c2ccccc2CSc2ccccc21,0.0,valid
CCC(CN)CC(C)CCNCC(O)CNCC(C)CC(CC)CN,0.0,valid
CCOC(=O)C(C)C(C)=O,0.0,valid
CC(=O)OCC(=O)[C@@]1(O)CC[C@H]2[C@@H]3CC(C)=C4CC(=O)C=C[C@]4(C)[C@H]3[C@@H](O)C[C@@]21C,1.0,valid
COc1ccc(CCC(C)=O)cc1,0.0,valid
CN[C@@H]1[C@H](O[C@H]2[C@H](O[C@H]3[C@H](O)[C@@H](O)[C@H](N=C(N)N)[C@@H](O)[C@@H]3N=C(N)N)O[C@@H](C)[C@]2(O)CO)O[C@@H](CO)[C@H](O)[C@H]1O,1.0,valid
COc1ccc(NC(C)=O)cc1N,1.0,valid
CC(C)(C)CC(C)(C)c1ccc(Nc2ccc(C(C)(C)CC(C)(C)C)cc2)cc1,0.0,valid
CCC(C)n1c(=O)[nH]c(C)c(Br)c1=O,0.0,valid
O=C(O)c1ccccc1Nc1cccc(C(F)(F)F)c1,0.0,valid
CCOC(=O)O[C@]1(C(=O)COC(=O)CC)CC[C@H]2[C@@H]3CC=C4CC(=O)C=C[C@]4(C)[C@H]3[C@@H](O)C[C@@]21C,0.0,valid
COC(=O)CSc1cc(/N=c2\sc(=O)n3n2CCCC3)c(F)cc1Cl,0.0,valid
O=S(=O)(O)c1ccccc1C=Cc1ccc(-c2ccc(C=Cc3ccccc3S(=O)(=O)O)cc2)cc1,0.0,valid
COC(=O)CCC(=O)O,0.0,valid
Cc1cc(C(C)(C)c2cc(C)c(O)c(C)c2)cc(C)c1O,1.0,valid
C[C@@H](O)C1C(=O)N2C(C(=O)O)=C(S[C@@H]3CNC(C(=O)N(C)C)C3)[C@H](C)[C@H]12,0.0,valid
COc1ccc2c(c1)c1c3n2CCN(C)C3=NCC1,0.0,valid
CN(CCO)CC(O)Cn1cnc2c1c(=O)n(C)c(=O)n2C,0.0,valid
Nc1ccc([N+](=O)[O-])cc1N,1.0,valid
CN1CCCC(OC(=O)C(O)(c2ccccc2)c2ccccc2)C1,0.0,valid
NCCNC(=O)c1ccc(Cl)cn1,0.0,valid
COc1ccccc1OCC(O)CN1CCN(CC(=O)Nc2c(C)cccc2C)CC1,0.0,valid
OCCC1CCCCN1,0.0,valid
CCOc1nc(C(Cl)(Cl)Cl)ns1,0.0,valid
CCC(C)C(C(=O)OCC[N+](C)(CC)CC)c1ccccc1,0.0,valid
CN(C)CC/C=C1\c2ccccc2Sc2ccc(Cl)cc21,0.0,valid
CCCCC(C)C(=O)O,0.0,valid
CN1[C@@H]2CC[C@H]1CC(OC(=O)c1c[nH]c3ccccc13)C2,0.0,valid
CC1C2CC(CC2C2CCCC(O)C2)C1(C)C,1.0,valid
C1C2OC2C2C1C1CC2C2OC12,0.0,valid
Nc1c2c(nc3ccccc13)CCCC2O,0.0,valid
CCc1cccc2c3c([nH]c12)C(CC)(CC(=O)O)OCC3,0.0,valid
CCCCCCCCCCCCCCCCSCC(COC)COP(=O)([O-])OCC[N+](C)(C)C,0.0,valid
CC1C(C)(C)C2=C(C(=O)CCC2)C1(C)C,0.0,valid
N=C(N)NCC1COC2(CCCCC2)O1,0.0,valid
CC1OC(C)OC(C)O1,0.0,valid
CC(=O)Nc1ccc(OCC(O)CNC(C)C)cc1,0.0,valid
CO/N=C1\CN(c2nc3c(cc2F)c(=O)c(C(=O)O)cn3C2CC2)CC1CN,0.0,valid
C=C(C)C(=O)OCCC[Si](OC)(OC)OC,0.0,valid
O=C1c2ccccc2C(=O)C1C(=O)C(c1ccccc1)c1ccc(Cl)cc1,0.0,valid
CS(=O)(=O)NC(=O)CCC/C=C\CC1C(=O)C[C@@H](O)[C@@H]1/C=C/[C@H](O)COc1ccccc1,0.0,valid
Nc1ccc(Oc2ccc(N)cc2)cc1,0.0,valid
COc1ccc2cc(CCC(C)=O)ccc2c1,1.0,valid
S=C=NCCc1ccccc1,1.0,valid
CCCCCOC(=O)CCCC,0.0,valid
NC(=O)C[S+]([O-])C(c1ccccc1)c1ccccc1,0.0,valid
CCC(=O)OCCOc1ccccc1,0.0,valid
CCCC(CC)CCCCCCCN,0.0,valid
Oc1ccc(C(c2ccc(O)cc2)C(Cl)(Cl)Cl)cc1,1.0,valid
c1ccc2[nH]ccc2c1,0.0,valid
CCCCCCC=O,0.0,valid
CCOc1ccc2ccccc2c1C(=O)NC1C(=O)N2C(C(=O)O)C(C)(C)S[C@H]12,0.0,valid
COCCO,0.0,valid
C[N+](C)(C)CCO,0.0,valid
CC(=O)NC(=O)c1ccccc1O,0.0,valid
CCC(C)(C)c1cc(O)c(C(C)(C)CC)cc1O,0.0,valid
c1ccc2c(c1)ccc1ncccc12,0.0,valid
O=C(O)c1cc(O)c(O)c(O)c1,0.0,valid
C[C@H]1O[C@H](O[C@H]2[C@H](O)[C@@H](O)[C@@H](O[C@H]3[C@H](O)[C@@H](O)[C@H](O)O[C@@H]3CO)O[C@@H]2CO)[C@H](O)[C@@H](O)[C@@H]1N[C@H]1C=C(CO)[C@@H](O)[C@H](O)[C@H]1O,1.0,valid
C[Si](C)(CCCN)O[Si](C)(C)CCCN,0.0,valid
O=C(O)CCN(C1(C(O)=NO)CCCC1)S(=O)(=O)c1ccc(Oc2ccc(F)cc2)cc1,0.0,valid
CN1C(=O)OC(C)(C)C1=O,0.0,valid
CCOC(=O)C(CCc1ccccc1)NC(C)C(=O)N1C(=O)N(C)CC1C(=O)O,0.0,valid
CC(C)C(N)C(=O)OCC(CO)OCn1cnc2c(=O)[nH]c(N)nc21,0.0,valid
CC(=O)N(C)C,0.0,valid
CCOC(=O)COc1ccc2c(c1)CC(NCC(O)c1cccc(Cl)c1)CC2,0.0,valid
CCCCCC(C)OC(=O)COc1ccc(Cl)c2cccnc12,0.0,valid
N#Cc1ccccn1,0.0,valid
CC1CS(=O)(=O)CCN1N=Cc1ccc([N+](=O)[O-])o1,0.0,valid
CN[C@@H]1[C@@H](O)[C@@H](O[C@@H]2[C@@H](O)[C@H](OC3OC(CN)=CCC3N)[C@@H](N)C[C@H]2N)OC[C@]1(C)O,0.0,valid
COC(=O)C(N)Cc1ccc(O)c(O)c1,0.0,valid
NC(=O)c1cc[n+](CC2=C(C(=O)O)N3C(=O)C(NC(=O)C(c4ccccc4)S(=O)(=O)[O-])[C@@H]3SC2)cc1,0.0,valid
CCC1Nc2cc(Cl)c(S(N)(=O)=O)cc2S(=O)(=O)N1,0.0,valid
CCCCC/C=C\CCC(=O)N[C@H]1[C@H](Oc2c3cc4cc2Oc2ccc(cc2Cl)[C@@H](O[C@@H]2O[C@H](CO)[C@@H](O)[C@H](O)[C@H]2NC(C)=O)C2NC(=O)C(NC(=O)C4NC(=O)C4NC(=O)C(Cc5ccc(c(Cl)c5)O3)NC(=O)C(N)c3ccc(O)c(c3)Oc3cc(O)cc4c3)c3ccc(O)c(c3)-c3c(O[C@H]4O[C@H](CO)[C@@H](O)[C@H](O)[C@@H]4O)cc(O)cc3C(C(=O)O)NC2=O)O[C@H](CO)[C@@H](O)[C@@H]1O,0.0,valid
O=C1CCCC=CCCCCCCCCCC1,0.0,valid
C=CC(=O)OCC(C)C,0.0,valid
CCCCCOC(C)=O,0.0,valid
CC(C)CC(C)CC(O)CC(C)C,0.0,valid
O=CNc1ccccc1,0.0,valid
CCc1ccccc1CC,0.0,valid
CC1(C)O[C@@H]2C[C@H]3[C@@H]4C[C@H](F)C5=CC(=O)CC[C@]5(C)[C@H]4[C@@H](O)C[C@]3(C)[C@]2(C(=O)CO)O1,0.0,valid
O=C(O)c1cc(Br)c(O)c(Br)c1,0.0,valid
O=C1OC(=O)c2cc(-c3ccc4c(c3)C(=O)OC4=O)ccc21,0.0,valid
C=CCOC(=O)C(C)(C)OC(=O)c1cc(-n2c(=O)cc(C(F)(F)F)n(C)c2=O)ccc1Cl,0.0,valid
Cn1c(=O)c2[nH]cnc2n(C)c1=O,1.0,valid
CN(C)Cc1cc(CN(C)C)c(O)c(CN(C)C)c1,0.0,valid
O=C(O)c1ccc(O)cc1,0.0,valid
COc1ccc(C(C)=O)cc1,1.0,valid
CC(Cl)CCl,0.0,valid
CCCCCCBr,0.0,valid
O=C(O)CCCCC1CCSS1,0.0,valid
CCN(N=O)C(N)=O,0.0,valid
CCS(=O)(=O)CCn1c([N+](=O)[O-])cnc1C,1.0,valid
C1CCC2CCCCC2C1,0.0,valid
CC(C)=CCC/C(C)=C/CC/C(C)=C/CC/C=C(\C)CC/C=C(\C)CCC=C(C)C,0.0,valid
CCC(C)Cl,0.0,valid
COc1ccc(/C=C/C(=O)Nc2ccccc2C(=O)O)cc1OC,0.0,valid
OCC(CO)n1cnc(-c2ccc(F)cc2)c1-c1ccnc(Oc2ccccc2)n1,0.0,valid
C[N@+]12CCCC[C@@H]1CCC(=C(c1cccs1)c1cccs1)C2,0.0,valid
CCOP(=O)(OCC)Oc1cc(C)nc(C(C)C)n1,0.0,valid
CCOC(=O)CCC(=O)O[C@H]1[C@H](O[C@@H]2[C@@H](C)[C@H](O[C@H]3C[C@@](C)(OC)[C@@H](O)[C@H](C)O3)C(C)C(=O)O[C@H](CC)[C@@](C)(O)[C@H](O)C(C)C(=O)C(C)C[C@@]2(C)O)O[C@H](C)C[C@@H]1N(C)C,0.0,valid
O=C(Cl)c1ccccc1,0.0,valid
O=C(O)CCC(=O)Nc1ccc(S(=O)(=O)Nc2nccs2)cc1,0.0,valid
Nc1ccc(Br)cc1,0.0,valid
Nc1ccn([C@H]2CS[C@@H](CO)O2)c(=O)n1,0.0,valid
COC(=O)Nc1nc2cc(C(=O)c3ccccc3)ccc2[nH]1,0.0,valid
COc1cc(C(C)=O)ccc1OCCCN1CCC(c2noc3cc(F)ccc23)CC1,0.0,valid
CC(=O)Oc1c(C)c(C)c2c(c1C)CC[C@@](C)(CCC[C@H](C)CCC[C@H](C)CCCC(C)C)O2,0.0,valid
CC(C)(S)C(=O)NC(CS)C(=O)O,0.0,valid
CCCCC/C=C\C/C=C\CCCCCCCC(=O)OC,0.0,valid
C#CC(C)(C)NC(=O)c1cc(Cl)cc(Cl)c1,0.0,valid
CCOC(=O)CC(=O)CCl,0.0,valid
CC(=O)C(C)O,0.0,valid
C[C@H]1N=C(N)O[C@H]1c1ccccc1,0.0,valid
CC/C=C\CCOC(=O)c1ccccc1O,0.0,valid
CO[C@H]1C=CO[C@@]2(C)Oc3c(C)c(O)c4c(O)c(c(C=NN5CCN(C)CC5)c(O)c4c3C2=O)NC(=O)C(C)=CC=CC(C)[C@H](O)[C@@H](C)[C@@H](O)[C@@H](C)[C@H](OC(C)=O)[C@@H]1C,0.0,valid
OC[C@H]1O[C@H](O[C@]2(CCl)O[C@H](CCl)[C@@H](O)[C@@H]2O)[C@H](O)[C@@H](O)[C@H]1Cl,0.0,valid
FC(F)(F)C(F)(F)C(F)(F)C(F)(F)C(F)(F)C(F)(F)C(F)(F)C(F)(F)C(F)(F)C(F)(F)F,0.0,valid
O=C(Nc1ccccc1)OCC(CN1CCCCC1)OC(=O)Nc1ccccc1,0.0,valid
COC(=O)c1ccc(C)cc1C1=NC(=O)C(C)(C(C)C)N1,0.0,valid
CCCC(=O)OC/C=C(\C)CCC=C(C)C,0.0,valid
N#CC(Cl)(Cl)Cl,0.0,valid
CNCc1ccccc1,0.0,valid
CNc1c2c(nn1C)CCCC2,0.0,valid
CC[N+](CC)(CC(=O)Nc1c(C)cccc1C)Cc1ccccc1,0.0,valid
O=C(O)c1ccco1,0.0,valid
CCCCCCCCCCCC[N+](C)(C)CC(=O)[O-],0.0,valid
CC(C)(C)c1ccc(OCC2CO2)cc1,1.0,valid
CCCCOC(=O)/C=C\C(=O)OCCCC,0.0,valid
OC[C@H]1O[C@H](O[C@@]2(CO)O[C@@H](O)[C@H](O)[C@@H]2O)[C@H](O)[C@@H](O)[C@@H]1O,0.0,valid
O=C(c1ccccc1)c1ccc(O)cc1,1.0,valid
CC(C)(C)c1ccc(C(O)CCCN2CCC(C(O)(c3ccccc3)c3ccccc3)CC2)cc1,0.0,valid
O=C(CCCN1CCC(O)(c2ccc(Cl)cc2)CC1)c1ccc(F)cc1,0.0,valid
O=[N+]([O-])c1ccc(Cl)cc1Cl,0.0,valid
CCOC(=O)C1OC1c1ccccc1,0.0,valid
CC(C)=CCN1CC[C@]2(C)c3cc(O)ccc3C[C@H]1[C@H]2C,1.0,valid
CCN(CC)C(=S)S,0.0,valid
C=CCCCCCCCCC(=O)OCC,0.0,valid
O=C(OCc1ccccc1)c1ccccc1O,1.0,valid
NC(=O)c1cn(Cc2c(F)cccc2F)nn1,0.0,valid
O=C1CN=C(c2ccccc2)c2cc(Cl)ccc2N1,0.0,valid
Cc1cc(O)cc2c1O[C@](C)(CCC[C@H](C)CCC[C@H](C)CCCC(C)C)CC2,0.0,valid
NCCN1CCNC1=O,0.0,valid
CCOc1ccccc1C(N)=O,0.0,valid
C=CCn1c(O)c(CC(C)C)[nH]c1=S,0.0,valid
CC(Oc1ccc(CNC(=O)c2cccnc2Oc2ccc3c(c2)OCO3)c(F)c1)C(=O)O,0.0,valid
CCCCCCCC/C=C/CCCCCCCC(=O)OCCOCC(OCCO)C1OC(OCCO)CC1OCCO,0.0,valid
OC1CCCC1,0.0,valid
CC(C)C(C(=O)O[C@H](C#N)c1cccc(Oc2ccccc2)c1)c1ccc(Cl)cc1,0.0,valid
Cc1ccc2c(c1N)C(=O)c1ccccc1C2=O,1.0,valid
CN(C)CCOc1ccccc1Cc1ccccc1,0.0,valid
CCC(CO)(CO)CO,0.0,valid
CCOP(=O)(CC)OCC,0.0,valid
COc1ccccc1/C=C/C=O,0.0,valid
COc1ccc(C[C@H](C)NC[C@@H](O)c2ccc(O)c(NC=O)c2)cc1,0.0,valid
FC(F)(F)c1cccc(Cl)c1,0.0,valid
COC(=O)C1=C(C)N=C(C)C(C(=O)OC)C1c1ccccc1[N+](=O)[O-],0.0,valid
COc1cccc(C=O)c1,0.0,valid
CNC,0.0,valid
C[C@@]12CCC[C@H]1[C@@H]1CC[C@H]3C[C@@H](O)CC[C@]3(C)[C@H]1CC2,1.0,valid
CCOC(=O)c1ccccc1O,0.0,valid
CC1OC1C1CCC2(C)OC2C1,0.0,valid
O=C(O)COc1ccc2ccccc2c1,0.0,valid
CC(=O)CC(=O)Nc1ccccc1,1.0,valid
C=CCOCC(O)CCl,0.0,valid
CN(C)CCCCCCN(C)C,0.0,valid
O=C(O)C1(C(=O)O)CCC1,0.0,valid
C[C@H]1C[C@H]2[C@@H]3CC=C4CC(=O)C=C[C@]4(C)C3C(=O)C[C@]2(C)[C@@]1(O)C(=O)CO,0.0,valid
N#Cc1c[nH]cc1-c1cccc2c1OC(F)(F)O2,0.0,valid
O=C(OCC1CO1)C1CCCCC1C(=O)OCC1CO1,0.0,valid
O=Cc1c2ccccc2c(Cl)c2ccccc12,0.0,valid
CC(CCO)CC(C)(C)C,0.0,valid
C[C@]12CC[C@@H]3c4ccc(O)cc4CC[C@H]3[C@@H]1CC[C@H]2O,1.0,valid
CCN(CC)CCO[C@H]1CC[C@@]2(C)C(=CC[C@@H]3[C@@H]2CC[C@]2(C)C(=O)CC[C@@H]32)C1,0.0,valid
O=c1[nH][nH]c2ccccc12,0.0,valid
CCOCCOCCOC(C)=O,0.0,valid
COc1cc(CCN)cc(OC)c1OC,0.0,valid
CCOP(=S)(OCC)Oc1nc(Cl)n(C(C)C)n1,0.0,valid
CCOc1ccc(NS(=O)(=O)c2ccc(N)cc2)nn1,0.0,valid
N=C(N)c1ccccc1,0.0,valid
CCCCOCC(C)O,0.0,valid
O=c1[nH]cc(F)c(=O)[nH]1,0.0,valid
CC(=O)OCC(=O)[C@@]1(O)[C@H](C)C[C@H]2[C@@H]3CC=C4CC(=O)C=C[C@]4(C)[C@@]3(F)[C@@H](O)C[C@@]21C,0.0,valid
CC(CN1c2ccccc2Sc2ccccc21)N(C)C,0.0,valid
C=CC(=O)OCCC(=O)O,0.0,valid
N=C(N)Nc1ccc(C(=O)Oc2ccc3cc(C(=N)N)ccc3c2)cc1,0.0,valid
CCCOC(=O)c1ccc(O)cc1,1.0,valid
COc1c(Cl)c(Cl)c(Cl)c(Cl)c1Cl,0.0,valid
c1ccc(CSCc2ccccc2)cc1,1.0,valid
O=C(/C=C/C=C/c1ccc2c(c1)OCO2)N1CCCCC1,1.0,valid
CCCCN(CCCC)C(=S)SSC(=S)N(CCCC)CCCC,0.0,valid
C[C@@H]1C[C@H]2[C@@H]3CC=C4CC(=O)C=C[C@]4(C)[C@@]3(F)[C@@H](O)C[C@]2(C)[C@@]1(O)C(=O)CO,0.0,valid
CCOC(=O)COc1ccc2c(C)c(CCN(CC)CC)c(=O)oc2c1Cl,0.0,valid
COP(=O)(OC)C(O)C(Cl)(Cl)Cl,0.0,valid
Cc1ccc([N+](=O)[O-])c(C)c1,1.0,valid
C/C=C/C=C/CCCCCCCO,0.0,valid
c1ccc(OCCOc2ccccc2)cc1,1.0,valid
CNS(=O)(=O)Cc1ccc2[nH]cc(CCN(C)C)c2c1,0.0,valid
N#CCCC#N,0.0,valid
O=c1[nH]c2cc(Cl)ccc2o1,0.0,valid
CC(C)(C)CC(C)(C)c1ccc(O)c(-n2nc3ccccc3n2)c1,0.0,valid
CCCCN,0.0,valid
C[C@]12C=CC(=O)C=C1CC[C@@H]1[C@@H]2CC[C@@]2(C)[C@H]1CC[C@]2(C)O,1.0,valid
[PbH4],0.0,valid
Oc1ccc2c3c1O[C@H]1[C@@H](O)CC[C@@]4(O)[C@@H](C2)N(CC2CCC2)CC[C@]314,0.0,valid
O=C(C=Cc1ccccc1)OCC=Cc1ccccc1,1.0,valid
Cc1cc(CC(=O)O)n(C)c1C(=O)c1ccc(Cl)cc1,0.0,valid
C=CCCCCCCCCCCCC,0.0,valid
CCC[N+]1(C)CCCC1,0.0,valid
CC(CN)CC(C)(C)CCN,0.0,valid
O=C(O)CNc1ccccc1,0.0,valid
CC(C)C1CCC(C(=O)NC(Cc2ccccc2)C(=O)O)CC1,0.0,valid
CC1(C)[C@@H](OC(=O)CCC(=O)O)CC[C@]2(C)C3C(=O)C=C4C5C[C@@](C)(C(=O)O)CC[C@]5(C)CC[C@@]4(C)[C@]3(C)CC[C@@H]12,0.0,valid
Cc1c(C)c2c(c(C)c1OC(=O)c1cccnc1)CC[C@@](C)(CCC[C@H](C)CCC[C@H](C)CCCC(C)C)O2,0.0,valid
CC1=C2[C@@H]([C@H](C)CC[C@H]2/C=C(\C)C(=O)O)[C@H](O)C1,0.0,valid
O=C1CCCc2c1cc1ccc3cccc4ccc2c1c34,1.0,valid
Cl[C@H]1[C@H](Cl)[C@@H](Cl)[C@@H](Cl)[C@H](Cl)[C@H]1Cl,0.0,valid
CC=C(c1ccc(O)cc1)C(CC)c1ccc(O)cc1,1.0,valid
C=CC(=O)OCCCCCCCCCC,0.0,valid
CC1(C)CCC(=Cc2ccc(Cl)cc2)C1(O)Cn1cncn1,0.0,valid
C=CC(=O)OCC,0.0,valid
CC1CC(=O)CC(C)(C)C1,0.0,valid
CCN(CC)CCOC[C@H]1O[C@@H](O)[C@H](OCCN(CC)CC)[C@@H](O)[C@@H]1O,0.0,valid
CN1C(C)(C)CC(O)CC1(C)C,0.0,valid
CCC1(C)NC(=O)NC1=O,0.0,valid
O=C(NCNC(=O)Nc1c(O)[nH]c(=O)n1CO)Nc1c(O)[nH]c(=O)n1CO,0.0,valid
O=C1C(=O)c2cccc3cccc1c23,0.0,valid
CN=C1C[N+]([O-])=C(c2ccccc2)c2cc(Cl)ccc2N1,0.0,valid
O=C(O)C(=O)Cc1ccccc1,0.0,valid
COc1cc(C=O)ccc1O,0.0,valid
CCCCC(CC)COCC1CO1,0.0,valid
CCOC(=N)CC(=O)OCC,0.0,valid
O=C(O)CCC(=O)OC[C@@H](NC(=O)C(Cl)Cl)[C@H](O)c1ccc([N+](=O)[O-])cc1,0.0,valid
Cc1c(C)c2c(c(C)c1O)CC[C@@](C)(CCC[C@H](C)CCC[C@H](C)CCCC(C)C)O2,0.0,valid
O=C(NNCS(=O)(=O)O)c1ccncc1,0.0,valid
CCOC(=O)CC#N,0.0,valid
COC(=O)C1C=C2CC(=O)CC[C@]2(C)[C@@]23O[C@@H]2C[C@@]2(C)[C@@H](CC[C@@]24CCC(=O)O4)[C@H]13,0.0,valid
CCOC(=O)c1ccccc1N,0.0,valid
CCn1cc(C(=O)O)c(=O)c2cc3c(cc21)OCO3,0.0,valid
CCc1cn([C@H]2C[C@H](O)[C@@H](CO)O2)c(=O)[nH]c1=O,0.0,valid
COc1cc(C)ccc1C(C)C,0.0,valid
CCCCCCC1(C)CCC(=O)O1,0.0,valid
O=S(=O)(O)c1cc(I)c(O)c2ncccc12,0.0,valid
Cn1c(=O)c2[nH]c(Br)nc2n(C)c1=O,0.0,valid
CNC(=O)Nc1ccc(Cl)c(Cl)c1,0.0,valid
Oc1ccc2c(c1)Cc1ccccc1-2,1.0,valid
CCNc1nc(NCC)nc(SC)n1,0.0,valid
CCc1cccc(N(C)C(=N)Nc2cccc3ccccc23)c1,0.0,valid
CCCOCCO,0.0,valid
CCOC(=O)NC(O)C(Cl)(Cl)Cl,0.0,valid
Cn1nnc2c(C(N)=O)ncn2c1=O,0.0,valid
Cc1ccc(C=C2C(=O)C3CCC2C3(C)C)cc1,0.0,valid
Cc1cnc(C(=O)NCCc2ccc(S(=O)(=O)NC(=O)NC3CCCCC3)cc2)cn1,0.0,valid
COC(C(=O)O)c1ccccc1,0.0,valid
O=C(O)C1[C@H]2C[C@H]3c4[nH]c5ccccc5c4CCN3C[C@@H]2CC[C@@H]1O,0.0,valid
CCC[N+](=O)[O-],0.0,valid
FC(F)(F)C(F)(F)C(F)(F)C(F)(F)C(F)(F)C(F)(F)C(F)(F)C(F)(F)Br,0.0,valid
CC(CSC(=O)c1ccccc1)C(=O)N1C[C@@H](Sc2ccccc2)CC1C(=O)O,0.0,valid
CN(C)CCOC(C)(c1ccccc1)c1ccccn1,1.0,valid
CCCCCCCCCCCCCCNCCO,1.0,valid
CC(=O)NCc1c(I)c(NC(C)=O)c(I)c(C(=O)O)c1I,1.0,valid
C=C(C)[C@H]1C=CC(C)C(=O)C1,0.0,valid
COc1cc(C)ccc1O,0.0,valid
CN1Cc2c(N)cccc2C(c2ccccc2)C1,0.0,valid
O=C(Nc1ccc(F)cc1F)c1cccnc1Oc1cccc(C(F)(F)F)c1,0.0,valid
CC(=O)CN(CC(C)=O)N=O,0.0,valid
NCCc1c[nH]cn1,0.0,valid
CCCCCCCC/C=C\CCCCCCCC(=O)N(C)CC(=O)O,0.0,valid
O=C(O)CP(=O)(O)O,0.0,valid
OCC(CO)(CO)COCC(CO)(CO)CO,0.0,valid
Clc1cc(C(Cl)(Cl)Cl)cnc1Cl,0.0,valid
O=[N+]([O-])c1ccc2c3c(cccc13)CC2,0.0,valid
N=C(N)NCC1COc2ccccc2O1,0.0,valid
CCCCCCCCCCCCCC=O,1.0,valid
Cc1cccc(C)c1O,0.0,valid
Nc1ccc([As](=O)(O)O)cc1,0.0,valid
CC=CC=CCOC(=O)C(C)C,0.0,valid
C#C[C@]1(O)CC[C@H]2[C@@H]3CCc4cc(O)ccc4[C@H]3CC[C@@]21C,1.0,valid
O=C(O)c1ccc2c(c1)C(=O)OC2=O,0.0,valid
C=C(C)C(=O)OCCN(CC)CC,0.0,valid
CN(C)CCN(Cc1cccs1)c1ccccn1,0.0,valid
CC(=O)CC(=O)Nc1ccc(C)cc1C,0.0,valid
ClCCN(CCCl)CCCl,0.0,valid
CN(C)CCN(C)CCO,0.0,valid
Nc1nc(Cl)cc(Cl)n1,0.0,valid
Clc1cccc(Cl)c1Cl,0.0,valid
NCCOCCO,0.0,valid
NCCCCC(NC(=O)C1CCCN1C(=O)C1CSSCC(N)C(=O)NC(Cc2ccccc2)C(=O)NC(Cc2ccccc2)C(=O)NC(CCC(N)=O)C(=O)NC(CC(N)=O)C(=O)N1)C(=O)NCC(N)=O,0.0,valid
COC1=CC(=O)C[C@@H](C)[C@]12Oc1c(Cl)c(OC)cc(OC)c1C2=O,0.0,valid
Oc1oc(O)c2c1CCCC2,0.0,valid
CC(=O)c1ccc[nH]1,0.0,valid
CCCCCCCCCCCC(=O)N(CCO)CCO,0.0,valid
C=C(C)C(=O)NCCCN(C)C,0.0,valid
CCCC(C)C1(CC)C(=O)NC(=O)NC1=O,0.0,valid
Cc1nc2ccccc2s1,0.0,valid
CCCCOCCOC(=O)COc1cc(Cl)c(Cl)cc1Cl,0.0,valid
Oc1c(C2=CC[C@@H](c3ccc(Cl)cc3)CC2)c(O)c2ccccc2c1O,0.0,valid
CC(C)(C)N,0.0,valid
O=[N+]([O-])C(CO)(CO)CO,0.0,valid
COc1ccccc1N1CCN(CCCNc2cc(=O)n(C)c(=O)n2C)CC1,0.0,valid
CN(N=O)c1ccccc1,0.0,valid
CCCOCC(C)OCC(C)O,0.0,valid
OC[C@H]1OC(O)[C@H](O)[C@@H](O)[C@H]1O,0.0,valid
CCCCC(CC)C(=O)O,0.0,valid
Nc1ccc(-c2ccc(N)c(N)c2)cc1N,0.0,valid
CC[Ge](Cl)(CC)CC,1.0,valid
C=COCC1CCC(COC=C)CC1,0.0,valid
CCC(C)C1N=C(C)C(C)S1,0.0,valid
CC/C=C\CCOC(=O)c1ccccc1,0.0,valid
CN1CCCC1,0.0,valid
O=C1OC2(c3cc(Br)c(O)cc3Oc3c2cc(Br)c([O-])c3[Hg+])c2ccccc21,0.0,valid
C[C@]12CC[C@@H]3c4ccc(O)cc4C=CC3[C@@H]1CCC2=O,1.0,valid
O=c1[nH]cnc2ccccc12,0.0,valid
CNCCCN1c2ccccc2CCc2ccccc21,0.0,valid
FC(F)(F)c1ccccc1-n1ccnc1,0.0,valid
CC(C)C(O)(c1ccc(OC(F)(F)F)cc1)c1cncnc1,0.0,valid
CC1(C)CC(N)CC(C)(CN)C1,0.0,valid
COC1=CC(=O)O[C@@H](/C=C/c2ccccc2)C1,1.0,valid
CC(=O)c1ccc2ccc3ccccc3c2c1,1.0,valid
CC(C)=C[C@@H]1C(C(=O)OCc2coc(Cc3ccccc3)c2)C1(C)C,0.0,valid
ClC(Cl)(Br)Br,0.0,valid
CCN(CC)C(C)CN1c2ccccc2Sc2ccccc21,0.0,valid
O=C1OC(=O)c2cccc3cccc1c23,0.0,valid
ClCOCCl,1.0,valid
CCC1(c2ccccc2)C(=O)NC(=O)N(C(=O)c2ccccc2)C1=O,0.0,valid
Nc1ccc2c(c1)C(=O)c1ccccc1C2=O,1.0,valid
O=C(O)COc1ccccc1/C=N/NC(=O)c1ccncc1,0.0,valid
CN(C)CCCN1c2ccccc2C(C)(C)c2ccccc21,0.0,valid
CNC(=O)NC(O)C(Cl)(Cl)Cl,0.0,valid
CC(CO)CO,0.0,valid
O=P(O)(O)C(Sc1ccc(Cl)cc1)P(=O)(O)O,0.0,valid
FC(F)(F)c1ccccc1Cl,0.0,valid
CCN(CC)CCOC(=O)C(O)(c1ccccc1)c1ccccc1,0.0,valid
Cc1[nH]n(-c2cc(S(=O)(=O)O)ccc2Cl)c(=O)c1N=Nc1ccccc1,0.0,valid
C=C(C)C(=O)OCC1CCCO1,0.0,valid
CC(=O)OC(C)(C)C1CC=C(C)CC1,1.0,valid
Clc1cccc(Cl)c1,0.0,valid
CSSC,0.0,valid
S=c1[nH]c2ccccc2[nH]1,0.0,valid
CCN(CC)C(=O)C(C#N)=Cc1cc(O)c(O)c([N+](=O)[O-])c1,0.0,valid
CO[C@H]1C[C@H](O[C@@H]2C(C)C(=O)O[C@H](C)[C@H](C)[C@H](OC(C)=O)C(C)C(=O)[C@@]3(CO3)C[C@H](C)[C@H](O[C@@H]3O[C@H](C)C[C@H](N(C)C)[C@H]3OC(C)=O)[C@H]2C)O[C@@H](C)[C@@H]1OC(C)=O,0.0,valid
CCOC(=O)Nc1ccc2c(c1)N(C(=O)CN(C)C)c1ccccc1CC2,0.0,valid
COC(C)(C)CCCC(C)C=CC=C(C)CC(=O)OC(C)C,0.0,valid
CC(C)CCC[C@@H](C)[C@H]1CC(=O)C2=C3CC[C@H]4C[C@@H](O)CC[C@]4(C)C3CC[C@@]21C,0.0,valid
Cc1nc(-c2ccc(Cl)cc2)oc1COC(C)(C)C(=O)O,1.0,valid
Clc1ccc(Cl)c(Cl)c1,0.0,valid
CN(C)CC/C=C1\c2ccccc2COc2ccccc21,0.0,valid
O=C(O)CCS,0.0,valid
Cn1c(=O)c2c(ncn2C)n(C)c1=O,0.0,valid
CCCCCCCCCCCCCCCCCCO,0.0,valid
C=C(C)C(=O)OCC(C)(C)COC(=O)C(=C)C,0.0,valid
O=C(Cl)/C=C/C(=O)Cl,0.0,valid
CC1(C)S[C@@H]2C(NC(=O)C(N)c3ccccc3)C(=O)N2C1C(=O)O,0.0,valid
CCCN(CCC)c1c([N+](=O)[O-])cc(C(C)C)cc1[N+](=O)[O-],0.0,valid
CCC(C)(C)c1ccc(O)c(C(C)(C)CC)c1,0.0,valid
CN=C(NCC1CCOC1)N[N+](=O)[O-],0.0,valid
CCCCC[C@H](O)/C=C/[C@@H]1[C@@H](C/C=C\CCCC(=O)O)[C@@H](O)C[C@H]1O,1.0,valid
Oc1c2ccccc2c2c3c(cccc13)N=N2,0.0,valid
Cc1ccc([N+](=O)[O-])c(N)c1,0.0,valid
CN(C)C1C(=O)C(C(=O)NCNC(CCCCN)C(=O)O)C(=O)[C@@]2(O)C(=O)C3C(=O)c4c(O)cccc4[C@@](C)(O)C3C[C@@H]12,0.0,valid
CC(=O)NNc1ccccc1,0.0,valid
C=C1/C(=C\C=C2/CCC[C@]3(C)[C@@H]([C@H](C)/C=C/[C@@H](O)C4CC4)CC[C@@H]23)C[C@@H](O)C[C@@H]1O,0.0,valid
CCOC(=O)c1cnc2c(cnn2CC)c1NN=C(C)C,0.0,valid
O=C(O)c1ccc(C(=O)O)c(C(=O)O)c1,0.0,valid
Oc1ccc2c(c1)-c1ccccc1C2,1.0,valid
C[C@@H]1CN(c2c(F)c(F)c3c(=O)c(C(=O)O)cn(C4CC4)c3c2F)C[C@H](C)N1,0.0,valid
COC(=O)c1cccc(C(=O)OC)c1,0.0,valid
NCc1ccccc1,0.0,valid
CCOC(=O)CC(C)C,0.0,valid
CN(C)CCCN1c2ccccc2Sc2ccccc21,0.0,valid
Nc1ccc(Cl)cc1,0.0,valid
Brc1cc(Br)c(Oc2cc(Br)c(Br)cc2Br)cc1Br,0.0,valid
CCNC(C)Cc1ccc2c(c1)OCO2,0.0,valid
O=C1CCc2ccccc2O1,0.0,valid
CCC(C)(CC)c1cc(NC(=O)c2c(OC)cccc2OC)on1,0.0,valid
CCCCCCCO,0.0,valid
CCCCCC[C@@H](O)C/C=C\CCCCCCCC(=O)O,0.0,valid
O=c1c(O)cc2c(O)oc3c(=O)c(O)cc4c(O)oc1c2c43,0.0,valid
OCCC(F)(F)C(F)(F)C(F)(F)C(F)(F)C(F)(F)C(F)(F)F,0.0,valid
O=[N+]([O-])c1cccc(S(=O)(=O)NCCNS(=O)(=O)c2cccc([N+](=O)[O-])c2)c1,0.0,test
N=C(N)NCCCCN=C(N)N,1.0,test
O=C1CCN(c2ccccc2)N1,0.0,test
c1ccc2c(c1)ccc1ccccc12,0.0,test
COc1ccc(-c2coc3cc(O)cc(O)c3c2=O)cc1,1.0,test
O=NN(CCCl)C(=O)NCCCl,0.0,test
C[N+]1(CC2COC(c3ccccc3)(C3CCCCC3)O2)CCCCC1,0.0,test
O=[N+]([O-])c1ccc(Oc2ccc(Cl)cc2Cl)cc1,0.0,test
C[N+](C)(C)CCOC(=O)C(O)(c1ccccc1)c1ccccc1,0.0,test
Cc1ccsc1C(=CCCN1CCCC(C(=O)O)C1)c1sccc1C,1.0,test
CC(C)COC(=O)c1ccccc1O,0.0,test
CCOP(=S)(OCC)Oc1cc(C)nc(C(C)C)n1,0.0,test
Oc1cc(Cl)ccc1Cl,0.0,test
CCCCC(CC)C(=O)Cl,0.0,test
CCC(=O)O[C@]1(C(=O)CCl)[C@@H](C)C[C@H]2[C@@H]3C[C@H](F)C4=CC(=O)C=C[C@]4(C)[C@@]3(F)[C@@H](O)C[C@@]21C,0.0,test
CCCCCCCCCCOC(C)=O,1.0,test
CCC(C)C1CCCCC1=O,0.0,test
COP(=O)(OC)OC,0.0,test
Nc1ccc(NC(=O)c2ccc(N)cc2)cc1,0.0,test
CC1=CC[C@@H]2C[C@H]1C2(C)C,0.0,test
Cc1ccc(NC(N)=O)cc1,0.0,test
Cc1ccc([N+](=O)[O-])cc1N,0.0,test
NC(C(=O)NC1C(=O)N2C(C(=O)O)=C(CSc3c[nH]nn3)CS[C@H]12)c1ccc(O)cc1,0.0,test
COc1cc2c(c(OC)c1OC)-c1c(cc3c(c1OC)OCO3)C[C@@H](C)[C@](C)(O)C2,0.0,test
O=C(O)c1ccccc1-c1c2cc(Br)c(=O)c(Br)c-2oc2c(Br)c(O)c(Br)cc12,0.0,test
Cc1ccc(O)cc1,1.0,test
CCC(=O)C(CC(C)N(C)C)(c1ccccc1)c1ccccc1,0.0,test
Cc1cc(C)cc(OCC2CNC(=O)O2)c1,0.0,test
CC(=O)OCC=Cc1ccccc1,0.0,test
C[C@]1(Cn2ccnn2)C(C(=O)O)N2C(=O)C[C@H]2S1(=O)=O,0.0,test
Nc1c(Cl)cc(Cl)cc1Cl,0.0,test
CCCCCCCCCCCCCCCCCCOCCO,0.0,test
O=S(O)CO,1.0,test
CCCCCCCCCCCCCCCC(=O)O[C@@H]1CC(C)=C(/C=C/C(C)=C/C=C/C(C)=C/C=C\C=C(C)\C=C\C=C(C)\C=C\C2=C(C)C[C@@H](OC(=O)CCCCCCCCCCCCCCC)CC2(C)C)C(C)(C)C1,0.0,test
CC(=O)CC(=O)N(C)C,0.0,test
CCCCCCCCN1CCCC1=O,0.0,test
O=S(=O)(O)OC[C@H]1O[C@@](COS(=O)(=O)O)(O[C@H]2O[C@H](COS(=O)(=O)O)[C@@H](OS(=O)(=O)O)[C@H](OS(=O)(=O)O)[C@H]2OS(=O)(=O)O)[C@@H](OS(=O)(=O)O)[C@@H]1OS(=O)(=O)O,1.0,test
COC(=O)C(C)(C)C,0.0,test
O=C(O)Cc1nn(Cc2ccc(Br)cc2F)c(=O)c2ccccc12,0.0,test
CC[N+]1(CC)CCC(=C(c2ccccc2)c2ccccc2)C1C,0.0,test
CC(C)=O,0.0,test
Cc1cc(Cc2ccc(N)c(C)c2)ccc1N,0.0,test
COP(=S)(OC)Oc1cc(Cl)c(Cl)cc1Cl,0.0,test
C[C@]12CC[C@@H]3c4ccc(O)cc4CC[C@H]3[C@@H]1CC[C@@H]2OC(=O)CCC1CCCC1,1.0,test
CCCC(=O)OCCc1ccccc1,0.0,test
O=C(O)c1cc2ccccc2c(Cc2c(O)c(C(=O)O)cc3ccccc23)c1O,1.0,test
CC(COCC(C)OC(=O)c1ccccc1)OC(=O)c1ccccc1,1.0,test
CCN(CC)CCN1C(=O)CN=C(c2ccccc2F)c2cc(Cl)ccc21,0.0,test
O=S(=O)(O)c1cccc2ccccc12,0.0,test
CCCCCCOc1ccc(N)cc1,1.0,test
Clc1ccccc1CN1CCc2sccc2C1,1.0,test
CC(C)(C)OOC(C)(C)CCC(C)(C)OOC(C)(C)C,0.0,test
O=CCCl,0.0,test
CC(O)CNCC(C)O,0.0,test
CCC(C)(C)c1ccc(O)cc1,1.0,test
C[C@@H]1O[C@@H](OC[C@H]2O[C@@H](Oc3c(-c4ccc(O)c(O)c4)oc4cc(O)cc(O)c4c3=O)[C@H](O)[C@@H](O)[C@@H]2O)[C@H](O)[C@H](O)[C@H]1O,1.0,test
O=C1c2cccc(O)c2C(=O)c2c(O)cccc21,1.0,test
CC=CC=CC=O,0.0,test
S=C=NCc1ccccc1,0.0,test
CC(C)CP(=S)(S)CC(C)C,0.0,test
Cc1ccccc1S(N)(=O)=O,0.0,test
CNC(=O)Oc1cc(C)cc(C(C)C)c1,0.0,test
Nc1cccnc1,0.0,test
Clc1ccnc(Cl)n1,0.0,test
Cc1ccccc1N=C(N)N=C(N)N,0.0,test
N=C(N)n1cccn1,0.0,test
O=C(c1ccc(F)cc1)C1CCN(CCn2c(=O)[nH]c3ccccc3c2=O)CC1,0.0,test
CN1CCN(CCC(=O)N2c3ccccc3Sc3ccc(C(F)(F)F)cc32)CC1,0.0,test
O=c1[nH]nnc2ccccc12,0.0,test
Oc1cc(Cl)cc(Cl)c1,0.0,test
Cc1c(N)c(=O)n(-c2ccccc2)n1C,0.0,test
Nc1ncn([C@@H]2O[C@H](CO)[C@@H](O)[C@H]2O)c(=O)n1,0.0,test
C=CCCCCCCCCCC,0.0,test
CCCN(CCC)CCc1cccc2[nH]c(O)cc12,0.0,test
O=C(CCN1CCN(CCO)CC1)N1c2ccccc2Sc2ccc(C(F)(F)F)cc21,0.0,test
CCc1cccc(C)c1N(C(=O)CCl)C(C)COC,0.0,test
CC(Cl)(Cl)C(=O)O,0.0,test
COC(=O)CC(=O)C(C)(C)C,0.0,test
CNP(=O)(OC)Oc1ccc(C(C)(C)C)cc1Cl,0.0,test
Cl[Yb](Cl)Cl,0.0,test
CC(C)COC(=O)COc1ccc(Cl)cc1Cl,0.0,test
CCOc1ccc([N+](=O)[O-])cc1,1.0,test
CC(C)c1ccc(C=O)cc1,0.0,test
NC(CCC(=O)NC(CSSCC(NC(=O)CCC(N)C(=O)O)C(=O)NCC(=O)O)C(=O)NCC(=O)O)C(=O)O,1.0,test
Nc1ccc2cc(S(=O)(=O)O)cc(O)c2c1N=Nc1ccccc1C(F)(F)F,0.0,test
Nc1ccccn1,0.0,test
O=C(O)Cc1c(Cl)ccc(Cl)c1Cl,0.0,test
N#CCCl,1.0,test
CCC=O,0.0,test
c1cnc2c(n1)CCCC2,0.0,test
CCNc1nc(Cl)nc(NC(C)(C)C#N)n1,0.0,test
CC(C)C#N,0.0,test
O=C=Nc1cccc(C(F)(F)F)c1,0.0,test
COC(=O)/C=C\C(=O)O,0.0,test
CC/C=C\CCO,0.0,test
CC(=O)c1cnccn1,0.0,test
CC1=C(CC(=O)O)c2cc(F)ccc2C1=Cc1ccc([S+](C)[O-])cc1,0.0,test
CCCN(CCCl)c1c([N+](=O)[O-])cc(C(F)(F)F)cc1[N+](=O)[O-],0.0,test
[O-][N+](O)=C(Br)Br,0.0,test
CC(CC(=O)Cl)CC(C)(C)C,0.0,test
CC(=O)NC(Cc1ccccc1)C(=O)O,0.0,test
Clc1ccc(C2(Cn3cncn3)OCCO2)c(Cl)c1,0.0,test
Nc1cc([N+](=O)[O-])ccc1C(=O)O,1.0,test
O=[N+]([O-])c1ccc2c(c1)Cc1ccccc1-2,1.0,test
CC(=O)C(C)(C)C,0.0,test
CCCCCCCCCCCCCC,0.0,test
N#CCNCC#N,0.0,test
C=CCOc1nc(OCC=C)nc(OCC=C)n1,0.0,test
Cc1occc(=O)c1OC(=O)C(C)C,0.0,test
C[n+]1ccn(CCO)c1,0.0,test
O=S(=O)(O)c1cc(S(=O)(=O)O)c2c(N=Nc3ccccc3)c(O)ccc2c1,0.0,test
Nc1c(Cl)c(Cl)c(Cl)c(Cl)c1Cl,0.0,test
CN1CCC(CN2c3ccccc3Sc3ccccc32)C1,0.0,test
COc1ccccc1N1CCN(CCCCNC(=O)c2ccc(-c3ccc(C(C)=O)cc3)cc2)CC1,0.0,test
CC(C)(C)C(O)C(Oc1ccc(Cl)cc1)n1cncn1,0.0,test
C=CCN(CC=C)CC=C,0.0,test
C=CCn1cc[n+](C)c1,0.0,test
CCCCCCCCCCC=Cc1cc(O)oc1O,0.0,test
O=c1[nH]c(O)cn1N=Cc1ccc(-c2ccc([N+](=O)[O-])cc2)o1,0.0,test
CCCC[P+](CCCC)(CCCC)CCCC,0.0,test
CC(=O)c1ccc2ccccc2c1,0.0,test
C=COCC(C)C,0.0,test
CCC(Br)(CC)C(=O)NC(N)=O,0.0,test
CCNC(=S)NCC,1.0,test
c1ccc(C(O[C@H]2CCCN(CCc3ccc4c(c3)OCO4)C2)c2ccccc2)cc1,0.0,test
CCc1ccccc1N,0.0,test
COc1ccc(C)cc1,0.0,test
CCO/C=C1\N=C(c2ccccc2)OC1=O,0.0,test
O[C@@H](c1cc(C(F)(F)F)nc2c(C(F)(F)F)cccc12)[C@H]1CCCCN1,1.0,test
CCOC(=O)CC1(C)OCC(C)O1,0.0,test
CC(=O)OC1CCC(C(C)(C)C)CC1,0.0,test
CN1[C@@H]2CCC[C@H]1C[C@@H](NC(=O)c1nn(C)c3ccccc13)C2,0.0,test
NC(O)=NO,0.0,test
CC(=O)O[C@H]1C[C@@H]2CC[C@@H]3[C@H](CC[C@@]4(C)[C@H]3C[C@H](N3CC[N+](C)(C)CC3)[C@@H]4OC(C)=O)[C@@]2(C)C[C@@H]1N1CC[N+](C)(C)CC1,0.0,test
O=C(O)CCCCCCCC(=O)O,1.0,test
c1ccc(-c2ccccc2)cc1,0.0,test
CCCC(=O)C(CC)Sc1ccoc1C,0.0,test
c1ccc2c(c1)CCc1ccccc1N2,1.0,test
Oc1ccc(C(c2ccc(O)cc2)(C(F)(F)F)C(F)(F)F)cc1,1.0,test
COC(C)CCO,0.0,test
CC1(C)C(C(=O)O[C@H](C#N)c2cccc(Oc3ccccc3)c2)[C@H]1/C=C(\Cl)C(F)(F)F,0.0,test
O=C(O)c1ccccc1C(=O)Nc1cccc2ccccc12,0.0,test
NC[C@H]1O[C@H](O[C@H]2[C@H](O)[C@@H](O[C@H]3O[C@H](CO)[C@@H](O)[C@H](N)[C@H]3O)[C@H](N)C[C@@H]2N)[C@H](N)C[C@@H]1O,0.0,test
NN,0.0,test
CC(C)COC(=O)CCCCC(=O)OCC(C)C,0.0,test
CCN(C(C)=O)c1cccc(-c2ccnc3c(C#N)cnn23)c1,0.0,test
CC(=O)c1cccnc1,0.0,test
O=C(O)C=Cc1ccc(C=CC(=O)O)cc1,0.0,test
CCOC(=O)Cc1cccc(-c2cc(CCCCCCc3ccc(O[C@H]4O[C@H](COC(C)=O)[C@@H](OC(C)=O)[C@H](OC(C)=O)[C@@H]4OC(C)=O)c(-c4cccc(CC(=O)OCC)c4)c3)ccc2O[C@H]2O[C@H](COC(C)=O)[C@@H](OC(C)=O)[C@H](OC(C)=O)[C@@H]2OC(C)=O)c1,0.0,test
CN(C)CCC=C1c2ccccc2C=Cc2ccccc21,0.0,test
CCCc1nn(C)c2c(=O)[nH]c(-c3cc(S(=O)(=O)N4CCN(C)CC4)ccc3OCC)nc12,0.0,test
COCCOCCOC,0.0,test
NCCN1CCNCC1,0.0,test
CCCCOCCOCCOCCCC,0.0,test
CCCCOCCOCCOCc1cc2c(cc1CCC)OCO2,0.0,test
CCN(CC)CCc1c[nH]c2ccccc12,0.0,test
Cc1nc(N)nc(N)n1,0.0,test
O=S(=O)(O)c1ccccc1,0.0,test
O=C(O)c1ccc(Cl)cc1,0.0,test
O=C(C=Cc1ccc(O)c(O)c1)O[C@@H]1C[C@](O)(C(=O)O)C[C@@H](O)[C@H]1O,0.0,test
O=C1OC(c2ccc(O)c(S(=O)(=O)O)c2)(c2ccc(O)c(S(=O)(=O)O)c2)c2c(Br)c(Br)c(Br)c(Br)c21,0.0,test
c1ccc2c(c1)-c1cccc3c1c-2cc1ccccc13,0.0,test
Oc1c(Br)cc(Br)cc1Br,0.0,test
CCCCCCCCCCCCCC(=O)OCC(O)CO,0.0,test
Nc1ccc(S(=O)(=O)NCc2ccccc2)cc1,0.0,test
COCCc1ccc(OCC(O)CNC(C)C)cc1,0.0,test
CC(C)OP(=O)(CP(=O)(OC(C)C)OC(C)C)OC(C)C,0.0,test
CC(=O)O[C@]1(C(C)=O)CC[C@H]2C3=CC(Cl)=C4CC(=O)C5C[C@@H]5[C@]4(C)[C@H]3CC[C@@]21C,0.0,test
O=S(=O)(O)c1ccc(Cl)cc1,0.0,test
CCN(Cc1c(F)cccc1Cl)c1c([N+](=O)[O-])cc(C(F)(F)F)cc1[N+](=O)[O-],1.0,test
O=c1c(C(CC(O)c2ccc(-c3ccc(Br)cc3)cc2)c2ccccc2)c(O)oc2ccccc12,0.0,test
CCc1ccc(C)cc1,0.0,test
Cc1ccc(N)cc1[N+](=O)[O-],0.0,test
COc1ccc([C@@H]2Sc3ccccc3N(CCN(C)C)C(=O)C2OC(C)=O)cc1,0.0,test
CC(CN1CC(=O)NC(=O)C1)N1CC(=O)NC(=O)C1,0.0,test
O=S(=O)(O)F,0.0,test
CN(C)CC/C=C1/c2ccccc2COc2ccc(CC(=O)O)cc21,0.0,test
NC(N)=[Se],0.0,test
O=Cc1c(Cl)cccc1Cl,0.0,test
COc1cc([C@@H]2c3cc4c(cc3C(O[C@@H]3O[C@@H]5CO[C@@H](C)O[C@H]5[C@H](O)[C@H]3O)C3COC(=O)C32)OCO4)cc(OC)c1O,0.0,test
CC(CC(C#N)(c1ccccc1)c1ccccc1)N(C)C,0.0,test
CC(C)(C)OCC1CO1,0.0,test
CCCC1CCOC(C)S1,0.0,test
C=C(C)C(=O)OCCOCC,0.0,test
CCCCCCCC/C=C\CCCCCCCC(=O)OCCOC(=O)CCCCCCC/C=C\CCCCCCCC,1.0,test
O=C1CCCC1,0.0,test
CCCCCCC,0.0,test
O=C(O)CCCCCCCCC(=O)O,0.0,test
CCCCSCCCC,0.0,test
N#Cc1ccc(C(c2ccc(C#N)cc2)n2cncn2)cc1,0.0,test
CCCCCCCCCCCC[N+](C)(C)CCCS(=O)(=O)[O-],0.0,test
CC(C)(C)OOC(C)(C)C,0.0,test
O=NN1CCCCC1,0.0,test
C=CCc1ccc(OC)c(OC)c1,1.0,test
CCC(C)S,0.0,test
O=C(O)C[C@H](O)CC(O)/C=C/c1c(C2CC2)nc2ccccc2c1-c1ccc(F)cc1,0.0,test
CC(C=O)Cc1ccc(C(C)C)cc1,0.0,test
CCCCCCCCCCCCCCCCCCOCC(O)CO,0.0,test
c1c[nH]cn1,0.0,test
COC(=O)CCCCCCCCC(=O)OC,0.0,test
C1CCC(NC2CCCCC2)CC1,0.0,test
CO[C@H]1O[C@H](CO)[C@@H](O)[C@H](O)[C@H]1O,0.0,test
O=C1c2ccccc2C(=O)C1c1ccc2cc(S(=O)(=O)O)cc(S(=O)(=O)O)c2n1,0.0,test
CCNC(=O)C1CCCN1C(=O)C(CCCN=C(N)N)NC(=O)C(CC(C)C)NC(=O)C(CC(C)C)NC(=O)C(Cc1ccc(O)cc1)NC(=O)C(CO)NC(=O)C(Cc1c[nH]c2ccccc12)NC(=O)C(Cc1cnc[nH]1)NC(=O)C1CCC(=O)N1,0.0,test
CC(C)c1cc2c(cc1S(=O)(=O)O)[C@@]1(C)CCC[C@@](C)(C(=O)O)[C@@H]1CC2,0.0,test
CCC(=O)NS(=O)(=O)c1ccc(-c2c(-c3ccccc3)noc2C)cc1,0.0,test
O=C(O)/C=C/c1ccc(Cn2ccnc2)cc1,0.0,test
NC(=O)N(O)[C@@H]1C=C[C@H](Oc2cccc(Oc3ccc(F)cc3)c2)C1,1.0,test
CCCC(C)CC,0.0,test
Cc1cccc(S(=O)(=O)O)c1C,0.0,test
CCN(CC)CCOC(=O)c1ccc(N)cc1,0.0,test
Clc1ccc(Nc2nnc(Cc3ccncc3)c3ccccc23)cc1,0.0,test
CCCCCC(=O)CC,0.0,test
O=c1[nH]cnc2[nH]cc(CN3CCCCC3)c12,0.0,test
CCOc1cccc([C@]2(N3CCN(c4ccccc4)CC3)CC[C@@H](C)CC2)c1,0.0,test
CN(C)CCC(O)(c1ccccc1)c1ccccc1Cl,0.0,test
C[C@H](CCC(=O)O)[C@H]1CC[C@H]2[C@@H]3[C@H](O)C[C@@H]4C[C@H](O)CC[C@]4(C)[C@H]3CC[C@]12C,0.0,test
C=C[Si](OCCOC)(OCCOC)OCCOC,0.0,test
COCC(=O)N(c1c(C)cccc1C)N1CCOC1=O,0.0,test
O=C(O)CC(O)C(=O)O,0.0,test
c1cc(-c2ccncc2)ccn1,0.0,test
O=C(Oc1ccccc1C(=O)O)c1ccccc1O,1.0,test
CCOC(=O)C1=C[C@@H](OC(CC)CC)[C@H](NC(C)=O)[C@@H](N)C1,0.0,test
COc1ccc2c3c1O[C@H]1C[C@@H](O)C=C[C@@]31CCN(C)C2,0.0,test
O=c1ssc(Cl)c1Cl,0.0,test
Cc1ccccc1N1C(=O)c2cc(S(N)(=O)=O)c(Cl)cc2NC1C,0.0,test
COc1ccc(OC)c(NC(=O)CC(C)=O)c1,0.0,test
C=C(C)CS(=O)(=O)O,0.0,test
Cc1c[nH]cn1,0.0,test
COC(=O)CCCC(=O)O,0.0,test
Cc1ccc(OP(=O)(Oc2ccccc2)Oc2ccccc2)cc1,1.0,test
CSc1ccc2c(c1)C(N1CCN(C)CC1)Cc1ccccc1S2,0.0,test
O=C(COCCOCCOCC(=O)Nc1c(I)cc(I)c(C(=O)O)c1I)Nc1c(I)cc(I)c(C(=O)O)c1I,0.0,test
CC1(C)NC(=O)NC1=O,0.0,test
COc1ccc(N=[N+]([O-])c2ccc(OC)cc2)cc1,1.0,test
CCN(CC)CCNC(=O)c1cc(Cl)c(N)cc1OC,0.0,test
CN(C)C(=S)S,0.0,test
CC(C)CC(N(C)C)C1(c2ccc(Cl)cc2)CCC1,0.0,test
Clc1ccc(Cn2c(CN3CCCC3)nc3ccccc32)cc1,0.0,test
CC(C)Br,0.0,test
CCOC(=O)[C@@](C)(N)Cc1ccc(O)c(O)c1,0.0,test
CC1=NC(C)=C(P2(=O)OCC(C)(C)CO2)C(c2cccc([N+](=O)[O-])c2)C1C(=O)OCCN(Cc1ccccc1)c1ccccc1,0.0,test
O=C(O)c1ccc(Cl)c(Cl)c1,0.0,test
COc1cc(OC)nc(Oc2cccc(Oc3nc(OC)cc(OC)n3)c2C(=O)O)n1,0.0,test
Cc1cccc(C)c1OCC(C)N,0.0,test
CC(CCO)CCc1ccccc1,0.0,test
CC(CCC(=O)O)C(=O)O,0.0,test
COc1ccc(Br)c(C)c1,0.0,test
CC12CCC(C1)C(C)(C)C2O,0.0,test
N#CC(Br)Br,0.0,test
Oc1oc(O)c2c1CC=CC2,0.0,test
C=CC(C)CCC=C(C)C,0.0,test
O=c1cc(-c2ccccc2)oc2ccccc12,1.0,test
Cc1onc(-c2ccccc2Cl)c1C(=O)NC1C(=O)N2C(C(=O)O)C(C)(C)S[C@H]12,0.0,test
COC(OC)OC,0.0,test
Cc1cc(O)cc(C)c1Cl,0.0,test
CN1[C@@H]2C[C@@H](OC(=O)C(CO)c3ccccc3)C[C@H]1[C@@H]1O[C@@H]12,1.0,test
CC1(C)CC(O)CC(C)(C)N1,0.0,test
COC(C)(C)C,0.0,test
COc1ccc([C@@H]2CC(=O)c3c(O)cc(O[C@@H]4O[C@H](CO[C@@H]5O[C@@H](C)[C@H](O)[C@@H](O)[C@H]5O)[C@@H](O)[C@H](O)[C@H]4O)cc3O2)cc1O,0.0,test
CC1=C(/C=C/C(C)=C/C=C/C(C)=C/C(=O)Oc2c(C)c(C)c3c(c2C)CC[C@@](C)(CCC[C@H](C)CCC[C@H](C)CCCC(C)C)O3)C(C)(C)CCC1,0.0,test
CC(Cl)C(Cl)Cl,0.0,test
CN1CCOCC1,0.0,test
CC1=CC(=O)CC(C)(C)C1(O)/C=C/C(C)=C\C(=O)O,0.0,test
C=C1C[C@]23CC[C@H]4[C@](C)(CCC[C@@]4(C)C(=O)O[C@@H]4O[C@H](CO)[C@@H](O)[C@H](O)[C@H]4O)[C@@H]2C[C@@H](O[C@@H]2O[C@H](CO)[C@@H](O)[C@H](O[C@@H]4O[C@H](CO)[C@@H](O)[C@H](O)[C@H]4O)[C@H]2OC2O[C@H](CO)[C@@H](O)[C@H](O)[C@H]2O)[C@@H]1C3,0.0,test
O=C=NCCCCCCN=C=O,0.0,test
CC(C)=CCC/C(C)=C/COC=O,0.0,test
CCCOC(=O)c1c(Cl)c(Cl)c(Cl)c(Cl)c1C(=O)OCCC,0.0,test
OCc1cccnc1,0.0,test
O=C(O)c1ccccc1Nc1cc(Cl)ccc1C(=O)O,0.0,test
Cc1cc(C2CC2)nc(Nc2ccccc2)n1,1.0,test
COc1cc(C[C@H](C)N)c(OC)cc1C,0.0,test
CC=C(C)C(=O)OCCC(C)CCC=C(C)C,0.0,test
Cn1cnc2ncnc(N)c21,0.0,test
CC(=O)OCC(=O)[C@@]1(O)CC[C@H]2[C@@H]3CC=C4CC(=O)CC[C@]4(C)C3=CC[C@@]21C,1.0,test
c1ccc(C2(c3ccccc3)CC2C2=NCCN2)cc1,1.0,test
OCC(O)c1ccccc1,0.0,test
O=C(O)CNC(=O)c1ccccc1I,0.0,test
COc1ccccc1N,0.0,test
CC1=CCC2CC1C2(C)C,0.0,test
CCC(C)COC(C)=O,0.0,test
Cc1ccc(C(=O)O)cc1[N+](=O)[O-],0.0,test
C=CC(C)(C)CC(=O)OC,0.0,test
c1ccc2cc(Nc3ccc(Nc4ccc5ccccc5c4)cc3)ccc2c1,0.0,test
CNC(C)(C)Cc1ccccc1,0.0,test
NS(=O)(=O)c1cc(C2(O)NC(=O)c3ccccc32)ccc1Cl,0.0,test
CCCCOC(=O)CO,0.0,test
OC(Cn1cncn1)(c1ccc(F)cc1)c1ccccc1F,0.0,test
Cc1cc(C)cc(OP(=O)(Oc2cc(C)cc(C)c2)Oc2cc(C)cc(C)c2)c1,0.0,test
COc1cc(C(=S)N2CCOCC2)cc(OC)c1OC,0.0,test
C[N+]1(C)[C@@H]2C[C@@H](OC(=O)C(CO)c3ccccc3)C[C@H]1[C@@H]1O[C@@H]12,0.0,test
NC(=O)Nc1ccc([As](=O)(O)O)cc1,0.0,test
CCCCOc1ccc(C(=O)CCN2CCCCC2)cc1,1.0,test
Clc1ccc([C@@H]2C[C@H]3CC[C@@H]2N3)cn1,0.0,test
CC(=O)NC(C=O)[C@H](O)[C@H](O)[C@@H](O)CO,0.0,test
CC1=C(/C=C/C(C)=C/C=C/C(C)=C/CO)C(C)(C)CCC1,0.0,test
CC(C)CC(NC(=O)C(COC(C)(C)C)NC(=O)C(Cc1ccc(O)cc1)NC(=O)C(CO)NC(=O)C(Cc1c[nH]c2ccccc12)NC(=O)C(Cc1c[nH]cn1)NC(=O)C1CCC(=O)N1)C(=O)NC(CCCN=C(N)N)C(=O)N1CCCC1C(=O)NNC(N)=O,0.0,test
O=C(Oc1ccccc1)Oc1ccccc1,0.0,test
Cc1cc(Cl)ccc1OC(C)C(=O)O,0.0,test
CNCCO,0.0,test
Cc1cccc(N(C)C(=S)Oc2ccc3c(c2)CCC3)c1,0.0,test
O=C(O)COC(=O)Cc1ccccc1Nc1c(Cl)cccc1Cl,0.0,test
CN(C)C1C(=O)C(C(N)=O)C(=O)[C@@]2(O)C(=O)C3C(=O)c4c(O)cccc4[C@@](C)(O)[C@H]3[C@H](O)[C@@H]12,0.0,test
CC1(N)CCC(C(C)(C)N)CC1,1.0,test
CCCC(=O)Cl,0.0,test
S=C=Nc1ccccc1,0.0,test
Oc1cccc2cc3cccc(O)c3c(O)c12,0.0,test
CCOP(=O)(N=C1SCCS1)OCC,0.0,test
C=COCCOCCOC=C,0.0,test
Cc1ccc(C)c(S(=O)(=O)O)c1,0.0,test
NS(=O)(=O)c1cc(Cl)c(Cl)c(S(N)(=O)=O)c1,0.0,test
CS/C(C)=N/OC(=O)N(C)SN(C)C(=O)O/N=C(\C)SC,0.0,test
CC1(CO)CN(c2ccccc2)NC1=O,0.0,test
OCCN1CCN(CCO)CC1,0.0,test
Oc1oc(O)c2c1C1C=CC2C1,0.0,test
FC(F)(F)C(F)(F)C(F)(F)C(F)(F)C(F)(F)C(F)(F)F,0.0,test
Nc1c(N=Nc2ccc(-c3ccc(N=Nc4cc(S(=O)(=O)O)c5ccccc5c4N)cc3)cc2)cc(S(=O)(=O)O)c2ccccc12,0.0,test
CO[C@]12C[C@@H](COC(=O)c3cncc(Br)c3)CN(C)[C@@H]1Cc1cn(C)c3cccc2c13,0.0,test
CCOC(=O)c1ccc(O)cc1,1.0,test
c1ccc(B(c2ccccc2)c2ccccc2)cc1,1.0,test
C=C1C[C@H]2C3=CC(C)=C4CC(=O)CC[C@]4(C)[C@H]3CC[C@]2(C)[C@@]1(OC(C)=O)C(C)=O,0.0,test
CC(C)(C#N)C(C)(C)C#N,0.0,test
Cc1nc2n(c(=O)c1CCN1CCC(c3noc4cc(F)ccc34)CC1)CCC[C@H]2O,0.0,test
II,0.0,test
CC(=O)Nc1c(I)c(C(=O)N[C@H]2C(O)O[C@H](CO)[C@@H](O)[C@@H]2O)c(I)c(N(C)C(C)=O)c1I,0.0,test
C=CC(=O)OC(C)(C)C,0.0,test
CCN(CC)CCOC(=O)C1(c2ccccc2)CCCC1,0.0,test
CNC(=O)N(c1ccccc1)c1ccccc1,0.0,test
CCCCCCCCCCCCOC(=O)c1ccc(O)cc1,0.0,test
CSc1cnccn1,0.0,test
COc1cc(CCN)c(OC)cc1Br,0.0,test
Brc1ccc(Oc2ccc(Br)cc2)cc1,0.0,test
O=P(O)(O)C(O)(Cc1cnc2ccccn12)P(=O)(O)O,0.0,test
CN[C@@H]1[C@@H](O[C@H]2O[C@H](CO)[C@@H](N)[C@H](O)[C@H]2O)O[C@H]2C[C@@H](N)[C@@H](O[C@H]3[C@H](O)[C@@H](O)[C@H](N)C[C@@H]3N)O[C@@H]2[C@@H]1O,0.0,test
CCCCCCCCCC#N,0.0,test
COC(C=C(C)CCC=C(C)C)OC,0.0,test
COc1cc(C=CC(=O)CC(=O)C=Cc2ccc(O)c(OC)c2)ccc1O,1.0,test
C=CCOC(=O)C(=C)C,0.0,test
Cc1cccc(Oc2ccccc2)c1,0.0,test
CC[n+]1c(-c2ccccc2)c2cc(N)ccc2c2ccc(N)cc21,0.0,test
CCCCCC(=O)O,0.0,test
CC(C)c1cccc(C(C)C)c1N,0.0,test
CCC(=O)c1cccc(Cl)c1,0.0,test
Nc1n[nH]c(N)n1,0.0,test
CON=C(C(=O)NC1C(=O)N2C(C(=O)O)=C(C[N+]3(C)CCCC3)CS[C@H]12)c1csc(N)n1,0.0,test
CNC(=O)OCc1cccc(COC(=O)NC)n1,0.0,test
CCCc1cc(C(N)=S)ccn1,0.0,test
CN(C)C=O,0.0,test
CCCC(=O)OC(=O)CCC,0.0,test
CN(Cc1ccc(C(C)(C)C)cc1)Cc1cccc2ccccc12,0.0,test
CN(CC1(C)CCCO1)S(=O)(=O)c1ccc(Cl)c(S(N)(=O)=O)c1,0.0,test
CC(/C=C/C=C(\C)C(=O)O[C@@H]1O[C@H](CO[C@@H]2O[C@H](CO)[C@@H](O)[C@H](O)[C@H]2O)[C@@H](O)[C@H](O)[C@H]1O)=C\C=C\C=C(C)\C=C\C=C(/C)C(=O)O[C@@H]1O[C@H](CO[C@@H]2O[C@H](CO)[C@@H](O)[C@H](O)[C@H]2O)[C@@H](O)[C@H](O)[C@H]1O,1.0,test
c1ccc2occc2c1,0.0,test
CC(C)CC(=O)O,0.0,test
CCCCCCCCC(=O)O,0.0,test
CCOC(C)=O,0.0,test
CCCCCCCCP(=O)(O)O,0.0,test
CCCO,0.0,test
Oc1ccccc1Cc1ccccc1O,0.0,test
CCCCCCCC(=O)OC,0.0,test
COC(=O)c1cccnc1,0.0,test
O=C(O)c1cn(C2CC2)c2cc(N3CCNCC3)c(F)cc2c1=O,0.0,test
CCCCCCCCCCC(CO)CCCCCCCC,0.0,test
C[C@]12CC(C=O)C(=O)C[C@@H]1CC[C@@H]1[C@@H]2CC[C@@]2(C)[C@H]1CC[C@]2(C)O,1.0,test
NC(=O)N1c2ccccc2C=Cc2ccccc21,0.0,test
OCCC(F)(F)C(F)(F)C(F)(F)C(F)(F)C(F)(F)C(F)(F)C(F)(F)C(F)(F)F,0.0,test
CCCCCCCCCOC(=O)c1ccc(O)cc1,1.0,test
CCCCCCCCCC(O)=NO,0.0,test
CCN(Cc1ccccc1)c1ccccc1,0.0,test
O=C1CC2(CCCC2)CC(=O)N1CCCCN1CCN(c2ncccn2)CC1,0.0,test
Cc1ccc2c(c1[N+](=O)[O-])C(=O)c1ccccc1C2=O,1.0,test
CCCCN(CC)C(=O)SCCC,0.0,test
CC[C@@H](CO)NC(=O)C1C=C2c3cccc4[nH]cc(c34)C[C@H]2N(C)C1,0.0,test
NC(CS)C(=O)O,0.0,test
O=c1[nH]c2ccc([S+]([O-])CCN3CCC(Cc4ccc(F)cc4)CC3)cc2o1,1.0,test
O=C(O)CN(CCN(CC(=O)O)CC(=O)O)CCN(CC(=O)O)CC(=O)O,0.0,test
CCC(C)Nc1c([N+](=O)[O-])cc(C(C)(C)C)cc1[N+](=O)[O-],1.0,test
C=C(CC)C(=O)c1ccc(OCC(=O)O)c(Cl)c1Cl,0.0,test
Cc1c(Cl)c(=O)oc2cc(OP(=O)(OCCCl)OCCCl)ccc12,0.0,test
COc1c2c(cc3c1OCO3)CCN(C)C2,0.0,test
CC1CCC(=O)O1,0.0,test
CN1C[C@@H]2C[C@H]1CN2c1cc2c(cc1F)c(=O)c(C(=O)O)cn2C1CC1,0.0,test
COc1cc([C@@H]2c3cc4c(cc3[C@H](O)[C@H]3COC(=O)C23)OCO4)cc(OC)c1OC,0.0,test
Cc1ncc[nH]1,0.0,test
CC(CC(C)C)=NO,0.0,test
CN1C(C)(C)CCCC1(C)C,0.0,test
OC12N=C(c3ccccc3)SC1Cc1cc(Cl)ccc12,1.0,test
O=C(O)CNC(=O)c1ccccc1,0.0,test
O=C(c1ccc2c(c1)C(=O)OC2=O)c1ccc2c(c1)C(=O)OC2=O,0.0,test
C[n+]1ccccc1C=NO,0.0,test
C#C[C@]1(OC(C)=O)CC[C@H]2[C@@H]3CCC4=CC(=NO)CC[C@@H]4[C@H]3CC[C@@]21CC,1.0,test
CSc1ccc(C=O)cc1,0.0,test
Cc1ccc(N)nc1,0.0,test
CCc1cnc(C2=NC(=O)C(C)(C(C)C)N2)c(C(=O)O)c1,0.0,test
CC(=O)Nc1ccc(OC(C)=O)cc1,0.0,test
CC(Cc1ccc(OCC(=O)O)cc1)NCC(O)c1csc(C(F)(F)F)n1,0.0,test
Clc1c(Cl)c(Cl)c(Cl)c(Cl)c1Cl,0.0,test
CN(C)C/C=C(/c1ccc(Br)cc1)c1cccnc1,0.0,test
Clc1sc(Cl)c(Cl)c1Cl,0.0,test
CCCCCCCCCCCCS,0.0,test
Cc1ccc(-c2cc(C(F)(F)F)nn2-c2ccc(S(N)(=O)=O)cc2)cc1,1.0,test
NNc1ccccc1,0.0,test
NCCNCCN,0.0,test
O=P(O)(O)Oc1ccccc1,0.0,test
Cl[C@H]1OCCO[C@@H]1Cl,0.0,test
Cl[C@H]1[C@H](Cl)[C@@H](Cl)[C@H](Cl)[C@@H](Cl)[C@@H]1Cl,1.0,test
CCCCN1CCCC1C(=O)Nc1c(C)cc(C)cc1C,0.0,test
C[C@H]1CCCC(=O)CCC=CCc2cc(O)cc(O)c2C(=O)O1,1.0,test
NCCCN1CCN(CCCN)CC1,0.0,test
CCCCC(CC)COC(=O)c1ccc(C(=O)OCC(CC)CCCC)cc1,0.0,test
COc1ccc(C(=O)N2CCCC2=O)cc1,0.0,test
S=P(N1CC1)(N1CC1)N1CC1,0.0,test
C[C@]12CC[C@H]3[C@@H](CC=C4C[C@@H](O)CC[C@@]43C)[C@@H]1CC[C@@H]2O,1.0,test
CC(C)(c1ccccc1)c1ccc(Nc2ccc(C(C)(C)c3ccccc3)cc2)cc1,0.0,test
CCN[C@@H](C)Cc1ccccc1,0.0,test
CC(C)(CCl)c1ccccc1,0.0,test
c1ccc(CCc2ccccc2)cc1,0.0,test
O=P1(NCCCl)OCCCN1CCCl,0.0,test
CC(C)(C)NCC(O)c1cc(O)cc(O)c1,0.0,test
OC1CCCc2ccccc21,0.0,test
OC[C@@H](O)[C@H]1O[C@@H]2O[C@@H](C(Cl)(Cl)Cl)O[C@@H]2[C@H]1O,0.0,test
Cc1ccc(C(=O)c2cc(O)c(O)c([N+](=O)[O-])c2)cc1,0.0,test
O=C(NC(O)C(Cl)(Cl)Cl)NC(O)C(Cl)(Cl)Cl,0.0,test
C1=COCCC1,0.0,test
CC(C)(C)c1nnc(NS(=O)(=O)c2ccccc2)s1,0.0,test
CN(C)N=Nc1[nH]cnc1C(N)=O,0.0,test
CCCCCCCCCCCCCC(=O)OCC(COP(=O)([O-])OCC[N+](C)(C)C)OC(=O)CCCCCCCCCCCCC,0.0,test
CC1CC(=O)NN=C1c1ccc(NCC(C)(C)NCC(O)COc2cc(Cl)ccc2C#N)cc1,0.0,test
NC(=O)Nc1ccccc1,0.0,test
O=C(Nc1ccc(C=Cc2ccc(NC(=O)c3cc(S(=O)(=O)O)c4cccnc4c3O)cc2S(=O)(=O)O)c(S(=O)(=O)O)c1)c1cc(S(=O)(=O)O)c2cccnc2c1O,0.0,test
COc1c(Cl)ccc(Cl)c1C(=O)O,0.0,test
CCOS(C)(=O)=O,0.0,test
N[C@@H]1C[C@H]1c1ccccc1,0.0,test
C=C(C)C(=O)OCCN(C)C,0.0,test
CCC(C(=O)OCCOCCN(CC)CC)c1ccccc1,0.0,test
c1cc2ccc3ccc4ccc5cccc6c(c1)c2c3c4c56,0.0,test
CCCCCCCCCCCCCCCCC(=O)O,0.0,test
CCOC(=O)CC(=O)OCC,0.0,test
CCC(C)OC(=O)c1ccc(O)cc1,1.0,test
Cc1cccc(/N=N/c2ccc(N(C)C)cc2)c1,1.0,test
Cc1c(NC(=O)c2cccnc2)c(=O)n(-c2ccccc2)n1C,0.0,test
O=c1c2ccccc2oc2ccccc12,1.0,test
Cc1cccc(C)c1[N+](=O)[O-],1.0,test
CCCCCCCCCCOCC(O)CN,0.0,test
Clc1nc(Cl)c(Cl)c(Cl)c1Cl,0.0,test
CCCc1cc(=O)[nH]c(=S)[nH]1,1.0,test
N#CCCNCCC#N,0.0,test
O=c1cc(-c2ccccc2)oc2cc(O)cc(O)c12,1.0,test
COC(=O)Cc1cccc2ccccc12,0.0,test
CC[N+](CC)(CC)CCOC(=O)C(C1CCCC1)C1CCCC1,0.0,test
Cc1ccc(CO)cc1,0.0,test
O=c1oc(=O)c2cc3c(=O)oc(=O)c3cc12,0.0,test
O=C1NC2NC(=O)NC2N1,0.0,test
CC(C)(C)OC(=O)N1C[C@@H](F)CC1C(=O)O,0.0,test
Cn1cc[nH]c1=S,0.0,test
CC(COCCO)OCCO,0.0,test
CC(C)(C)C(=O)OCOC(=O)C1N2C(=O)CC2S(=O)(=O)C1(C)C,0.0,test
CC(C)C(=O)OC(=O)C(C)C,0.0,test
CC(C)N(C)C,0.0,test
C=CCCl,1.0,test
O=[N+]([O-])c1cc(N(CCO)CCO)ccc1NCCO,0.0,test
Cc1ccccc1C(OCCN(C)C)c1ccccc1,0.0,test
Cc1cc(SCc2sc(-c3ccc(C(F)(F)F)c(F)c3)nc2C)ccc1OCC(=O)O,0.0,test
C/C(=C\C(C)CC(C)CC(C)C)c1cc(O)oc1O,0.0,test
CN=CNc1ccc(C)cc1C,0.0,test
c1ccc2cc3c(cc2c1)-c1cccc2cccc-3c12,0.0,test
CC(C)CN(C[C@@H](OP(=O)(O)O)[C@H](Cc1ccccc1)NC(=O)O[C@H]1CCOC1)S(=O)(=O)c1ccc(N)cc1,0.0,test
Cc1cc(Cl)ccc1OCCCC(=O)O,0.0,test
COc1ccc(C(Cl)=C(c2ccc(OC)cc2)c2ccc(OC)cc2)cc1,0.0,test
O=C(O)CCCl,0.0,test
CCCCCC=CCc1cc(O)oc1O,0.0,test
CC(=O)C1CC[C@H]2[C@@H]3CC[C@H]4C[C@](C)(O)CC[C@]4(C)[C@H]3CC[C@]12C,0.0,test
CN(C)CCOCCO,0.0,test
Cc1ncc([N+](=O)[O-])n1CCO,0.0,test
C=CC(N)CCC(=O)O,0.0,test
CCOc1ccc(C(C)(C)COCc2cccc(Oc3ccccc3)c2)cc1,0.0,test
CC1COC(=O)O1,0.0,test
CCOC(N)=O,0.0,test
O=[N+]([O-])O,0.0,test
CC(Br)C(=O)O,0.0,test
CCCN1CCCC(c2cccc(O)c2)C1,0.0,test
COc1cc2nc(N(C)CCCNC(=O)C3CCCO3)nc(N)c2cc1OC,0.0,test
CC(C)OC(C)C,0.0,test
COC(OC)(C(=O)c1ccccc1)c1ccccc1,1.0,test
CC(Oc1cc(Cl)c(Cl)cc1Cl)C(=O)O,0.0,test
CC(NC(CCc1ccccc1)C(=O)O)C(=O)N1CCCC1C(=O)O,0.0,test
c1ccc2cnccc2c1,0.0,test
O=C(O)c1cc(I)cc(I)c1I,0.0,test
CCC1(C)CC(=O)NC(=O)C1,0.0,test
Cc1cccc(C)c1NC(=O)CN1CCCC1,0.0,test
O=C(O)CCl,0.0,test
CCc1c(C(=O)NN2CCCCC2)nn(-c2ccc(Cl)cc2Cl)c1-c1ccc(Br)cc1,1.0,test
NCCCNCCCN,0.0,test
C[SiH](C)O[Si](C)(C)O[Si](C)(C)O[SiH](C)C,0.0,test
I,0.0,test
O=[N+]([O-])C=Cc1ccccc1,0.0,test
CCCCOCCOC(=O)CCCCCCCCC(=O)OCCOCCCC,0.0,test
COc1ccc(N)c(OC)c1,0.0,test
CCN(CC)C(=O)C1C=C2c3cccc4[nH]cc(c34)C[C@H]2N(C)C1,1.0,test
COS(=O)(=O)C(F)(F)F,0.0,test
C=CC(=O)NCOCCCC,0.0,test
Cc1ccc(S)cc1,0.0,test
CC(C)CC(NC(=O)CNC(=O)C(Cc1ccc(O)cc1)NC(=O)C(CO)NC(=O)C(Cc1c[nH]c2ccccc12)NC(=O)C(Cc1c[nH]cn1)NC(=O)C1CCC(=O)N1)C(=O)NC(CCCN=C(N)N)C(=O)N1CCCC1C(=O)NCC(N)=O,0.0,test
CCCCCCCCCCCO,0.0,test
CS(=O)(=O)Cl,0.0,test
C[S+](C)CCC(N)C(=O)O,0.0,test
O=C(C(Cl)(Cl)Cl)C(Cl)(Cl)Cl,0.0,test
CCOC(=O)NC(=S)Nc1ccccc1NC(=S)NC(=O)OCC,1.0,test
Nc1cccc(S(=O)(=O)c2cccc(N)c2)c1,0.0,test
CN1CCCC1=O,0.0,test
Cc1ccc(C(=O)O)cc1,0.0,test
CC(C)=CCC/C(C)=C/CC/C(C)=C/CC=C(C)C=Cc1c(C)c(O)c2ccccc2c1O,0.0,test
CC/C=C\C/C=C\C/C=C\CCCCCCCC(=O)O,0.0,test
CCc1cc(Cl)c(OC)c(C(=O)NC[C@@H]2CCCN2CC)c1O,1.0,test
CC(=O)Nc1ccc(O)cc1,0.0,test
CCC(=O)c1ccc(O)cc1,0.0,test
OC1OCCOC1O,0.0,test
CC/C=C\CCOC(=O)CC,0.0,test
C=COC(C)=O,0.0,test
O=c1c(CC[S+]([O-])c2ccccc2)c(O)n(-c2ccccc2)n1-c1ccccc1,0.0,test
COC(C)OC,0.0,test
CCN(CC)CCOC(=O)C(Cc1cccc2ccccc12)CC1CCCO1,0.0,test
O=C(O)Cc1ccc(OCCNC[C@H](O)c2ccccc2)cc1,0.0,test
O=C(Cn1c(=O)sc2ccc(Cl)cc21)N1CCN(CCO)CC1,0.0,test
CC(=O)OCC(CCn1cnc2cnc(N)nc21)COC(C)=O,0.0,test
CNC(C)CC1CCCCC1,0.0,test
C[C@@H]1C[C@H]2C3C[C@H](F)C4=CC(=O)C=CC4(C)[C@@]3(F)[C@@H](O)CC2(C)[C@@]1(O)C(=O)COC(=O)C(C)(C)C,0.0,test
CCCCCOC(=O)Nc1nc(=O)n([C@@H]2O[C@H](C)[C@@H](O)[C@H]2O)cc1F,0.0,test
N=C(N)NC(=O)Cc1c(Cl)cccc1Cl,0.0,test
CCN(CC)CCOC(=O)c1ccc(N)cc1Cl,0.0,test
CC(=O)Oc1ccc(C)cc1,0.0,test
O=C(O)Cc1ccccc1Nc1c(Cl)cccc1Cl,1.0,test
COP(=O)(O)OC,0.0,test
OCC1CCC(CO)CC1,0.0,test
CC12CCC(C[N+](C)(CCC[N+](C)(C)C)C1)C2(C)C,0.0,test
c1csc(-c2ccc(-c3cccs3)s2)c1,1.0,test
Cn1cc[n+](C)c1,0.0,test
CCc1oc2ccccc2c1C(=O)c1cc(Br)c(O)c(Br)c1,0.0,test
Cc1ccc(Cl)cc1,0.0,test
CCC(=O)O,0.0,test
CCCCCCCCCCCCCCBr,0.0,test
CC(C)(O)[C@H]1C2C(=O)O[C@H]1[C@H]1OC(=O)[C@@]34O[C@@H]3C[C@]2(O)[C@@]14C,0.0,test
C[C@]12CC[C@H]3[C@@H](CC=C4C(Cl)C(=O)CC[C@@]43C)[C@@H]1CC[C@@H]2O,1.0,test
CCCCCCCCCCCCCCCC(=O)OC[C@H](COP(=O)([O-])OCC[N+](C)(C)C)OC(=O)CCCCCCCCCCCCCCC,0.0,test
O=C(CCCN1CCN(c2ccccn2)CC1)c1ccc(F)cc1,0.0,test
CCCCC(CC)COC(C)=O,1.0,test
CO[PH](=O)OC,0.0,test
Clc1ccc(Sc2cc(Cl)c(Cl)cc2Cl)cc1,0.0,test
OCC1(CO)COC(C(Cl)(Cl)Cl)OC1,0.0,test
O=C1CCCCCCCCCCC(=O)OCCO1,0.0,test
COc1ccc(CCN(C)CCCC(C#N)(c2cc(OC)c(OC)c(OC)c2)C(C)C)cc1OC,0.0,test
C[Si]1(C)O[Si](C)(C)O[Si](C)(C)O[Si](C)(C)O1,0.0,test
CCCSC(=O)N(CCC)CCC,0.0,test
CCCCC(=O)N(C)C,0.0,test
O=C(C=Cc1ccccc1)OCCc1ccccc1,1.0,test
C[C@H](CCC(=O)O)[C@H]1CC[C@H]2[C@@H]3CC[C@@H]4C[C@H](O)CC[C@]4(C)[C@H]3C[C@H](O)[C@]12C,0.0,test
CCC1(C)CC(=O)NC1=O,0.0,test
CC(=O)OCCC(C)CC(C)(C)C,0.0,test
CNCCCCOc1ccccc1Cc1ccccc1,0.0,test
BrCCOc1ccccc1,0.0,test
CC(C)OCC1CO1,0.0,test
CCCCCC/C=C/C=O,0.0,test
O=S(=O)(O)CC(S)CS,0.0,test
CCCCCC(N)=O,0.0,test
CC(C)CC1C(=O)N2CCC[C@H]2[C@]2(O)O[C@](NC(=O)C3C[C@@H]4c5cccc6[nH]cc(c56)C[C@H]4N(C)C3)(C(C)C)C(=O)N12,0.0,test
N=C(N)NCCCC(NC(=O)C1CCCN1C(=O)C1CSSCC(N)C(=O)NC(Cc2ccc(O)cc2)C(=O)NC(Cc2ccccc2)C(=O)NC(CCC(N)=O)C(=O)NC(CC(N)=O)C(=O)N1)C(=O)NCC(N)=O,1.0,test
OC[C@H]1O[C@@H](O[C@H]2[C@H](O)[C@@H](O)[C@H](O)O[C@@H]2CO)[C@H](O)[C@@H](O)[C@@H]1O,0.0,test
CN(C)CCN1C(=O)c2ccccc2N(C)c2ccccc21,0.0,test
CC[C@H]1C[C@@H]2C[C@H]3c4[nH]c5ccc(OC)cc5c4CCN(C2)[C@@H]13,0.0,test
CN1CCOC(c2ccccc2)c2ccccc2C1,1.0,test
C[C@](N)(Cc1ccc(O)c(O)c1)C(=O)O,0.0,test
NC1CCN(c2nc3c(cc2F)c(=O)c(C(=O)O)cn3-c2ccc(F)cc2F)C1,0.0,test
CCN(CC)CCOC(=O)C(c1ccccc1)c1ccccc1,0.0,test
O=CN(CCO)CCO,0.0,test
CCCCN1C=CN(C)C1,0.0,test
CCCCOCCOC(=O)COc1nc(Cl)c(Cl)cc1Cl,0.0,test
N#Cc1ccccc1O,0.0,test
O=C1NC(=O)C(=O)C(=O)N1,0.0,test
CCCOC(=O)Cc1ccc(OCC(=O)N(CC)CC)c(OC)c1,0.0,test
CCN(CC)CCNC(=O)c1ccc(N)cc1,0.0,test
OC[C@H]1O[C@](O)(CO)[C@@H](O)[C@@H]1O,0.0,test
CCOC(=O)C(C#N)=C(c1ccccc1)c1ccccc1,1.0,test
CCOP(=S)(OCC)Oc1ccc([N+](=O)[O-])cc1,0.0,test
CCCCCCCN,0.0,test
OCC(CO)N[C@H]1C[C@](O)(CO)[C@@H](O)[C@H](O)[C@H]1O,0.0,test
COCCCN,0.0,test
Oc1cc(O)c2c(c1)O[C@H](c1ccc(O)c(O)c1)[C@H](O)C2,0.0,test
COCC(O)CO,0.0,test
CCOP(=S)(OCC)Oc1ccc2c(C)c(Cl)c(=O)oc2c1,0.0,test
Cc1cc(C)cc(C)c1,0.0,test
Cc1ccc(NC(=O)N(C)C)cc1NC(=O)N(C)C,0.0,test
CCCCC(CC)COS(=O)(=O)O,0.0,test
C#CCN(C)[C@H](C)Cc1ccccc1,0.0,test
CCCN(CC)CC1COC2(CCC(C(C)(C)C)CC2)O1,0.0,test
Cc1cc(Cl)ccc1N=CN(C)C,0.0,test
CC(C)(C)CC(C)(C)c1ccccc1O,1.0,test
CC(=O)OCC(=O)C1CC[C@H]2[C@@H]3CC=C4CC(=O)CC[C@]4(C)[C@H]3CC[C@]12C,1.0,test
