smiles,Tox21_NR_ER,group
Cc1ccc(/C(=C\CN2CCCC2)c2ccccn2)cc1,0,training
CC(CCC(=O)O)(c1ccc(O)cc1)c1ccc(O)cc1,1,training
COc1ccc(NC(C)=O)cc1N,1,training
CCCCC(CC)COC(=O)c1ccc(N(C)C)cc1,0,training
C[C@]12CC[C@@H]3c4ccc(O)cc4CC[C@H]3[C@@H]1CCC2=O,1,training
CC(=O)OCC(=O)[C@@]1(O)[C@H](C)C[C@H]2[C@@H]3C[C@H](F)C4=CC(=O)C=C[C@]4(C)[C@H]3[C@@H](O)C[C@@]21C,0,training
COc1ccc2[nH]cc(CCNC(C)=O)c2c1,1,training
CC(=O)Oc1ccc2c(c1)CC[C@@H]1[C@@H]2CC[C@]2(C)[C@@H](O)CC[C@@H]12,1,training
OCCOCC#CCOCCO,0,training
CC(=O)N(C)C,0,training
CC1(C)O[C@@H]2C[C@H]3[C@@H]4C[C@H](F)C5=CC(=O)C=C[C@]5(C)[C@@]4(F)[C@@H](O)C[C@]3(C)[C@]2(C(=O)CO)O1,0,training
Cc1cc(O)ccc1Cl,1,training
CC1(C)O[C@H]2CC(=O)OC[C@]23[C@H]2CC[C@@]4(C)[C@H](c5ccoc5)OC(=O)C5O[C@]54[C@]2(C)C(=O)C[C@@H]13,1,training
CCN(CC)CCOC(=O)C(c1ccccc1)C1CCCCC1,0,training
O=c1c(CC[S+]([O-])c2ccccc2)c(O)n(-c2ccccc2)n1-c1ccccc1,0,training
COc1ccc(N=[N+]([O-])c2ccc(OC)cc2)cc1,1,training
CCCC(=O)OC(=O)CCC,0,training
CC(C)(C)c1ccccc1O,0,training
CC(C)(C)OC(=O)c1ccc(O)cc1,1,training
CCOc1ccc2c(c1)C(C)CC(C)(C)N2,0,training
CC(=O)[C@@]1(O)CC[C@H]2[C@@H]3CC=C4CC(=O)CC[C@]4(C)[C@H]3CC[C@@]21C,1,training
Clc1cc(Cl)c(Cl)cc1Cl,1,training
COC(=O)c1ccccc1OC,0,training
CCCCCCCCCCCCCCCCC,1,training
Cc1ccc(Cl)cc1,0,training
OC1OC[C@@H](O)[C@H](O)[C@H]1O,0,training
CC(=O)CCc1ccc(O)cc1,0,training
O=NN(c1ccccc1)c1ccccc1,1,training
C/C=C(C)/C=C/C=C(C)C,0,training
CC(C)(c1ccccc1)c1ccc(O)cc1,1,training
C[C@]12C=CC(=O)C=C1CC[C@H]1[C@@H]3C[C@@H](O)[C@](O)(C(=O)CO)[C@@]3(C)C[C@H](O)[C@@]12F,1,training
ONc1ccccc1,1,training
C#C[C@]1(O)CC[C@H]2[C@@H]3CCc4cc(OC5CCCC5)ccc4[C@H]3CC[C@@]21C,1,training
CCOP(=S)(OCC)SCSP(=S)(OCC)OCC,1,training
CCCCCC1CCCC(=O)O1,0,training
COC(=O)C(c1ccccc1Cl)N1CCc2sccc2C1,1,training
O=S(=O)(O)c1ccc2c(N=Nc3ccc(S(=O)(=O)O)c4ccccc34)c(O)c(S(=O)(=O)O)cc2c1,0,training
Nc1ccc(N=Nc2ccccc2)c(N)n1,1,training
CN1CCOC(c2ccccc2)c2ccccc2C1,1,training
O=C(O)Cc1ccccc1Nc1c(Cl)cccc1Cl,1,training
C=C(CC)C(=O)c1ccc(OCC(=O)O)c(Cl)c1Cl,0,training
CC(C)C1(C)N=C(c2nc3ccccc3cc2C(=O)O)NC1=O,0,training
COC1=CC(=O)O[C@@H](/C=C/c2ccccc2)C1,1,training
C=C1C(=CC)c2cc3[nH]c(cc4[nH]c(cc5nc(cc1n2)C(CC)=C5C)c(C)c4CCC(=O)O)c(C=CC(=O)O)c3C,1,training
CCCOC(=O)c1cc(O)c(O)c(O)c1,1,training
CC(=O)C1CC[C@H]2[C@@H]3CC[C@H]4C[C@H](O)CC[C@]4(C)[C@H]3CC[C@]12C,1,training
COC(=O)C(C)O,0,training
CCCCN(CC)C(=O)SCCC,0,training
C[C@]12CCC(=O)C=C1CC[C@@H]1[C@@H]2CC[C@]2(C)C(C(=O)CO)CC[C@@H]12,1,training
CC(=O)O[C@H]1CC[C@@]2(C)C(=CC[C@@H]3[C@@H]2CC[C@]2(C)C(c4cccnc4)=CC[C@@H]32)C1,1,training
Cc1cc(NC(=O)C(=O)O)cc(C)c1Oc1ccc(O)c2c1CCC2,1,training
ClC(Cl)(Cl)c1ccccc1,0,training
N=C(N)NCCCC(NC(=O)C1CCCN1C(=O)C1CSSCC(N)C(=O)NC(Cc2ccc(O)cc2)C(=O)NC(Cc2ccccc2)C(=O)NC(CCC(N)=O)C(=O)NC(CC(N)=O)C(=O)N1)C(=O)NCC(N)=O,1,training
Cc1cc(C2CC2)nc(Nc2ccccc2)n1,1,training
c1ccc(C2CC2)c(OCC2=NCCN2)c1,0,training
Cc1cc(C)c(NC(=O)C[C@H](CC(=O)O)c2cccc3ccccc23)c(C(=O)N2CCC3(CCCC3)CC2)c1,1,training
CCCCCCCCCCCCCCCCC(=O)O,0,training
C=C(C)CNCC,1,training
COc1ccc(Nc2ccc(OC)cc2)cc1,1,training
C[C@@H]1C[C@H]2[C@@H]3CC=C4CC(=O)C=C[C@]4(C)[C@@]3(Cl)[C@@H](O)C[C@]2(C)[C@@]1(OC(=O)c1ccco1)C(=O)CCl,0,training
Nc1ccccc1C(=O)OCCc1ccccc1,1,training
CC(C)(C)OC(=O)c1cccc(N)c1,1,training
CCCCCCCCCCCCCCCCCCOS(=O)(=O)O,0,training
ClCC(Cl)CCl,1,training
Oc1ccc(C(c2ccc(O)cc2)(C(F)(F)F)C(F)(F)F)cc1,1,training
CCCCCCCCCC(=O)O,0,training
COc1ccc(C(=O)Nc2ccccc2)cc1[N+](=O)[O-],1,training
O=C(O)c1cc(C(=O)O)cc(C(=O)O)c1,0,training
Clc1cc(Cl)c2c(c1)N=C1CCCCCN1C2,1,training
CCOC(=O)[C@@](C)(N)Cc1ccc(O)c(O)c1,0,training
CCOC(=O)NC(=S)Nc1ccccc1NC(=S)NC(=O)OCC,1,training
CCC(=O)O[C@@](Cc1ccccc1)(c1ccccc1)[C@@H](C)CN(C)C,0,training
CCCCCCCCCCCC(=O)OCC(O)CO,0,training
COC1=CC=C2[C@H]3Cc4ccc(OC)c5c4[C@@]2(CCN3C)[C@H]1O5,0,training
COc1nccnc1NS(=O)(=O)c1ccc(N)cc1,0,training
C=C1CCC=C(C)CC[C@@H]2[C@@H]1CC2(C)C,0,training
O=[N+]([O-])OCCN(CCO[N+](=O)[O-])CCO[N+](=O)[O-],0,training
CN[C@@H](C)[C@H](O)c1ccccc1,1,training
CCCN(CC)CC1COC2(CCC(C(C)(C)C)CC2)O1,0,training
O=CNNC=O,0,training
NNC(=O)CCCCC(=O)NN,0,training
COC(=O)c1cncn1C(C)c1ccccc1,0,training
CC#CCC(C)[C@H](O)/C=C/C1[C@H](O)C[C@@H]2C/C(=C\CCCC(=O)O)C[C@H]12,1,training
CCCCOCCOP(=O)(OCCOCCCC)OCCOCCCC,0,training
O=c1cc(-c2ccc(O)cc2)oc2cc(O)cc(O)c12,1,training
CN1C[C@@H](NS(=O)(=O)N(C)C)C[C@@H]2c3cccc4c3c(cn4C)C[C@H]21,0,training
Cc1ccc2nc(-c3ccc(N)cc3)sc2c1S(=O)(=O)O,1,training
O1[As]2O[As]3O[As]1O[As](O2)O3,1,training
Cc1ccc2c(c1)CCCN2,0,training
O=C(O)c1cc(=O)c2c3nc4ccccc4oc-3cc(=O)c2[nH]1,0,training
COc1ccc(Cl)cc1C,0,training
Cc1ccc(O)cc1,1,training
COc1cc(C(C)(C)C)c(O)c(C(C)(C)C)c1,0,training
S=C1SCN(Cc2ccccc2)CN1Cc1ccccc1,1,training
C[C@]12CC[C@@H]3C4=C(CC[C@H]3[C@@H]1CC[C@@H]2OC(=O)CCc1ccccc1)CC(=O)CC4,1,training
CC(C)(C)c1cc(CCC(=O)OCC(COC(=O)CCc2cc(C(C)(C)C)c(O)c(C(C)(C)C)c2)(COC(=O)CCc2cc(C(C)(C)C)c(O)c(C(C)(C)C)c2)COC(=O)CCc2cc(C(C)(C)C)c(O)c(C(C)(C)C)c2)cc(C(C)(C)C)c1O,1,training
O=C(O)C=Cc1ccc(O)c(O)c1,0,training
CCCCCCCCCCOC(=O)c1ccccc1C(=O)OCCCCCCCCCC,0,training
CCNC(=S)NCC,1,training
NC(=O)Oc1ccc(Cc2ccccc2)cc1,1,training
COc1ccc2c(c1OC)C(=O)O[C@@H]2[C@H]1c2cc3c(cc2CCN1C)OCO3,0,training
OC12N=C(c3ccccc3)SC1Cc1cc(Cl)ccc12,1,training
C[C@]12CCC(=O)C=C1CC[C@@H]1[C@@H]2[C@@H](O)C[C@@]2(C)[C@H]1CC[C@]2(O)C(=O)COP(=O)(O)O,1,training
Nc1ccc(C(=O)Nc2ccccc2N)cc1,1,training
CCOP(=S)(OCC)SCCSCC,0,training
CC(=O)C(=O)CC(C)C,1,training
CCC(C)C(C)=O,1,training
CC(=O)OCC(=O)[C@@]1(O)CC[C@H]2[C@@H]3CC=C4CC(=O)C=C[C@]4(C)[C@H]3[C@@H](O)C[C@@]21C,1,training
CC(C)(OOC(C)(C)c1ccccc1)c1ccccc1,1,training
CC(C)(C)CC(C)(C)c1ccccc1O,1,training
CC(C)N(c1ccccc1)C(C)C,0,training
O=c1c(-c2ccc(O)cc2)coc2cc(O)ccc12,1,training
CC(C)=CCC/C(C)=C/CC/C(C)=C/CC=C(C)C=Cc1c(C)c(O)c2ccccc2c1O,0,training
Cc1c(C)c2c(c(C)c1OC(=O)CCC(=O)O)CC[C@@](C)(CCC[C@H](C)CCC[C@H](C)CCCC(C)C)O2,0,training
C[C@@]12CCC[C@H]1[C@@H]1CC[C@H]3C[C@@H](O)CC[C@]3(C)[C@H]1CC2,1,training
CC(C)(Cl)Cl,0,training
CC(=O)OCC(=O)[C@@]1(O)CC[C@H]2[C@@H]3CC(C)=C4CC(=O)C=C[C@]4(C)[C@H]3[C@@H](O)C[C@@]21C,1,training
Nc1c2c(nc3ccccc13)CCCC2,1,training
CC=C(CC)C(=O)NC(N)=O,1,training
c1ccc(CCNc2nc(-c3ccccc3)cs2)cc1,1,training
CCOC(=O)c1ccc(O)cc1,1,training
COC(=O)Cc1ccccc1,0,training
COc1cc(C=CC(=O)CC(=O)C=Cc2ccc(O)c(OC)c2)ccc1O,1,training
SCc1ccccc1,1,training
CC(C)Oc1ccc2c(=O)c(-c3ccccc3)coc2c1,1,training
CO[Si](CCCNCCC[Si](OC)(OC)OC)(OC)OC,0,training
NCCCCC(NC(CCc1ccccc1)C(=O)O)C(=O)N1CCCC1C(=O)O,0,training
N#C/C(=C1\SCC(c2ccccc2Cl)S1)n1ccnc1,0,training
CCCCSCCCC,0,training
Cc1ccc(N)cc1C,1,training
C#C[C@]1(O)CC[C@H]2[C@@H]3CCC4=CC(=NO)CC[C@@H]4[C@H]3CC[C@@]21CC,1,training
COP(=S)(OC)Oc1cc(Cl)c(Cl)cc1Cl,0,training
NNC(=O)c1ccccc1,1,training
CC(C)(CO)[N+](=O)[O-],1,training
CCCCC(CC)COS(=O)(=O)O,0,training
O=C(O)C(Cl)Cl,0,training
ClCOCCl,1,training
CCCCCCCCCCCCCCCCCCCCCC(=O)Nc1ccn([C@@H]2O[C@H](CO)[C@@H](O)[C@@H]2O)c(=O)n1,0,training
CC(C)(C)c1cc(C(C)(C)C)c(O)c(C(C)(C)C)c1,0,training
CC1=CC(=O)CCC1,0,training
OC[C@@H](O)[C@@H](O)[C@H](O)[C@H](O)CO,0,training
O=C(OC(C(=O)O)C(OC(=O)c1ccccc1)C(=O)O)c1ccccc1,0,training
C[C@]12CC[C@H]3[C@@H](CC=C4C(Cl)C(=O)CC[C@@]43C)[C@@H]1CC[C@@H]2O,1,training
CCCOC(=O)CC,0,training
CC(C)CNCC(C)C,0,training
CC[C@]12CCCN3CCc4c(n(c5ccccc45)C(=O)C1)[C@@H]32,0,training
CCCCC(CC)COC(=O)CCCCC(=O)OCC(CC)CCCC,0,training
C[C@]12CC[C@H](OS(=O)(=O)O)CC1=CC[C@@H]1[C@@H]2CC[C@]2(C)C(=O)CC[C@@H]12,1,training
CC(CN1c2ccccc2Sc2ccccc21)N(C)C,0,training
C=CC(=O)OCCCCCC(C)C,1,training
CCCCC(=O)O[C@H]1CC[C@H]2[C@@H]3CCc4cc(O)ccc4[C@H]3CC[C@]12C,1,training
Cc1cc(C)c(C)c(C)c1,0,training
CCCCCCCCCCCCc1ccc(O)cc1,1,training
O=S(=O)(O)OC[C@H]1O[C@@](COS(=O)(=O)O)(O[C@H]2O[C@H](COS(=O)(=O)O)[C@@H](OS(=O)(=O)O)[C@H](OS(=O)(=O)O)[C@H]2OS(=O)(=O)O)[C@@H](OS(=O)(=O)O)[C@@H]1OS(=O)(=O)O,1,training
Cc1ccccc1OP(=O)(Oc1ccccc1C)Oc1ccccc1C,1,training
C=C(C)C(=O)O[C@@H]1C[C@H]2CC[C@]1(C)C2(C)C,0,training
Nc1ccc2c(c1)Cc1ccccc1-2,1,training
CC(C)OB(OC(C)C)OC(C)C,0,training
CCOC(=O)c1ccc(OC(=O)CCCCCN=C(N)N)cc1,1,training
CN(C)c1ccc(SC#N)cc1,1,training
COC(=O)CCSCCC(=O)OC,1,training
CC(=O)NC[C@H]1CN(c2ccc(N3CCOCC3)c(F)c2)C(=O)O1,1,training
CCC(C)CCCC(C)(C)O,1,training
CC(C)CCOC(=O)C=Cc1ccccc1,1,training
O=C1CCCCO1,0,training
NCCN1CCNCC1,0,training
COCCOCCOC,0,training
Clc1cccc2ccccc12,1,training
CCCn1cc[n+](C)c1,0,training
CC1(C)OC(=O)NC1=O,1,training
COP(=S)(OC)Oc1ccc(SC)c(C)c1,1,training
CC(C)N(C(=O)SCC(Cl)=CCl)C(C)C,0,training
Cn1cnc([N+](=O)[O-])c1Sc1ncnc2[nH]cnc12,0,training
C[N+]1(C)[C@@H]2CC[C@H]1C[C@@H](OC(=O)C(CO)c1ccccc1)C2,1,training
O=S(=O)(O)c1ccc(Nc2nc(Nc3ccc(C=Cc4ccc(Nc5nc(Nc6ccc(S(=O)(=O)O)cc6)nc(N(CCO)CCO)n5)cc4S(=O)(=O)O)c(S(=O)(=O)O)c3)nc(N(CCO)CCO)n2)cc1,0,training
O=NN(O)c1ccccc1,1,training
C=CC(=O)OCCC(=O)O,0,training
CCCCCCCCCOS(=O)(=O)O,1,training
O=C(O)c1ccc(C(=O)O)c(C(=O)O)c1,0,training
Oc1cccc(Nc2ccccc2)c1,1,training
CCOC(=O)C(CCc1ccccc1)NC(C)C(=O)N1CCCC1C(=O)O,0,training
NS(=O)(=O)c1ccc(Cl)c(S(N)(=O)=O)c1,0,training
CC(=O)/C=C/c1ccccc1,0,training
CCCCCCCCCCCCCCCCN(C)C,0,training
CC1=C(/C=C/C(C)=C/C=C/C(C)=C/C=C\C=C(C)\C=C\C=C(C)\C=C\C2=C(C)C(=O)CCC2(C)C)C(C)(C)CCC1=O,1,training
CC(C)C(=O)OCCc1ccccc1,0,training
O=[N+]([O-])c1ccc(S(=O)(=O)O)c([N+](=O)[O-])c1,0,training
C=C(C)C(=O)OCCOc1ccccc1,1,training
COC(=O)c1ccccc1C(=O)O,0,training
CCCN(CCC)c1c([N+](=O)[O-])cc(C(C)C)cc1[N+](=O)[O-],0,training
CC1C2CC(CC2C2CCCC(O)C2)C1(C)C,1,training
O=C(O)/C=C/c1ccccc1,0,training
Oc1ccc(C(c2ccc(O)cc2)C(Cl)(Cl)Cl)cc1,1,training
CCN(CC)CCNC(C(=O)OCCC(C)C)c1ccccc1,0,training
C[C@]12CC[C@H]3[C@@H](CC=C4CC(=O)CC[C@@]43C)[C@@H]1CC[C@@H]2OC(=O)CCc1ccccc1,1,training
C=CCOc1c(Br)cc(Br)cc1Br,0,training
C[C@]12CC[C@@H]3c4ccc(O)cc4CC[C@H]3[C@@H]1CC[C@@H]2OP(=O)(O)O,1,training
CC(=O)CCC=C(C)CCC=C(C)C,0,training
ClC1=C(Cl)[C@]2(Cl)[C@H]3[C@H]([C@H]4C=C[C@H]3C4)[C@@]1(Cl)C2(Cl)Cl,1,training
CCCCCOC(=O)c1ccc(O)cc1,1,training
NCCc1ccc(O)cc1,1,training
CSCCC(NC(=O)C(Cc1ccc(OS(=O)(=O)O)cc1)NC(=O)C(N)CC(=O)O)C(=O)NCC(=O)NC(Cc1c[nH]c2ccccc12)C(=O)NC(CCSC)C(=O)NC(CC(=O)O)C(=O)NC(Cc1ccccc1)C(N)=O,1,training
c1ccc(CSCc2ccccc2)cc1,1,training
Clc1cc(Cl)c(Cl)c(Cl)c1Cl,0,training
CC[C@H](C)C1NC(=O)C(Cc2ccc(O)cc2)NC(=O)C(N)CSSCC(C(=O)N2CCCC2C(=O)NC(CC(C)C)C(=O)NCC(N)=O)NC(=O)C(CC(N)=O)NC(=O)C(CCC(N)=O)NC1=O,1,training
CCN(CC)CCNc1ccc(CNC=O)c2sc3ccc(OC)cc3c(=O)c12,1,training
c1ccc([Bi](c2ccccc2)c2ccccc2)cc1,1,training
ClC=CCl,0,training
CC(=O)Nc1ccc2c(c1)Cc1cc(NC(C)=O)ccc1-2,1,training
C#CC1(O)CC[C@H]2[C@@H]3CC=C4CC(=O)CCC4[C@H]3CC[C@@]21CC,1,training
c1ccc2cnccc2c1,0,training
CC(=O)O[C@H]1CC[C@@]2(C)C(=CC[C@@H]3[C@@H]2CC[C@]2(C)C(=O)CC[C@@H]32)C1,1,training
CCCCC(CC)COC(=O)COc1ccc(Cl)cc1Cl,0,training
COc1ccccc1N1CCNCC1,0,training
CCOCCOCCOC(C)=O,0,training
CCC(C)(CN(C)C)OC(=O)c1ccccc1,1,training
O=C(O)c1ccc2c(c1)C(=O)OC2=O,0,training
CCCCCCCCOC(=O)c1ccc(O)cc1,1,training
O=C(Nc1ccc(O)cc1)c1ccccc1O,1,training
CC(C)(C)CC(C)(C)N,0,training
C=CCO,0,training
CC1=CCCC(C)(C)C12CCC(C)O2,0,training
Cl[C@H]1[C@H](Cl)[C@@H](Cl)[C@H](Cl)[C@@H](Cl)[C@@H]1Cl,1,training
[N-]=[N+]=CC(=O)OCC(N)C(=O)O,0,training
O=C(CCN1CCC(c2ccccc2)C1)c1ccc2c(c1)OCCO2,0,training
O=C(O)CCCCCCCCCCC(=O)O,1,training
[O-][N+](=Nc1ccccc1)c1ccccc1,1,training
O=C(C1CCCCC1)N1CC(=O)N2CCc3ccccc3C2C1,1,training
C=CCOc1c(Br)cc(C(C)(C)c2cc(Br)c(OCC=C)c(Br)c2)cc1Br,0,training
CCNCCO,1,training
NCc1cccc(CN)c1,0,training
CCCCC(CC)COCC1CO1,0,training
COc1c(C)c2c(c(O)c1C/C=C(\C)CCC(=O)OCCN1CCOCC1)C(=O)OC2,1,training
COC(=O)[C@]1(C)CCC[C@@]2(C)[C@H]1CC=C1C=C(C(C)C)CC[C@@H]12,0,training
c1ccc2cc3c(cc2c1)-c1cccc2cccc-3c12,0,training
CCCC(=O)OC,0,training
CCOP(=S)(OCC)SCSCC,1,training
C[C@]12C=CC(=O)C=C1CC[C@@H]1[C@@H]2CC[C@@]2(C)[C@H]1CC[C@]2(C)O,1,training
COc1ccc2c3c1O[C@H]1[C@@H](O)C=C[C@H]4[C@@H](C2)NCC[C@@]341,0,training
N#CC1(O)CCCCC1,0,training
CCC(C)OC(C)CC,0,training
C1CN2CCN1CC2,0,training
CCOC(=O)C(C#N)=C(c1ccccc1)c1ccccc1,1,training
O=C(O)CC(=O)C(=O)O,0,training
CC1=C2N=C(C=C3N=C(C(C)=C4N[C@@](C)([C@@H]5N=C1[C@](C)(CCC(=O)NC[C@@H](C)OP(=O)(O)O[C@H]1[C@@H](O)[C@@H](n6cnc7cc(C)c(C)cc76)O[C@@H]1CO)[C@H]5CC(N)=O)[C@@](C)(CC(N)=O)[C@@H]4CCC(N)=O)[C@@](C)(CC(N)=O)[C@@H]3CCC(N)=O)C(C)(C)[C@@H]2CCC(N)=O,0,training
O=C(O)c1ccccc1O,0,training
CCOC(=O)CC(=O)CCl,0,training
CC(=O)c1ccc2c(c1)Cc1ccccc1-2,1,training
CC(C)(C)CC(C)(C)c1ccc(O)cc1,1,training
Oc1ccc(Sc2ccc(O)cc2)cc1,1,training
OC[C@@H](O)[C@@H](O[C@@H]1O[C@H](CO)[C@H](O)[C@H](O)[C@H]1O)[C@H](O)[C@@H](O)CO,1,training
CCC(=O)Oc1ccc2c(c1)CC[C@@H]1[C@@H]2CC[C@]2(C)[C@@H](OC(=O)CC)CC[C@@H]12,1,training
C(=C(c1ccccc1)c1ccccc1)c1ccccc1,1,training
Nc1ccn([C@@H]2O[C@H](CO)[C@@H](O)[C@@H]2O)c(=O)n1,1,training
CC(C)=CCO,0,training
Oc1ccc2ccccc2c1,1,training
CC(C)OC(=O)CCCCC(=O)OC(C)C,0,training
CCCCC(CC)COC(=O)c1ccc(O)cc1,1,training
CCOCCOCCOCC,1,training
COc1cc(S(=O)(=O)Nc2ccccc2)c(OC)cc1N,0,training
CC(c1ccc(O)cc1)c1ccc(O)cc1,1,training
O=C(CCl)c1ccc(Cl)cc1Cl,0,training
CC(=O)c1ccc([N+](=O)[O-])cc1,0,training
CCOP(=O)(OCC)Oc1ccc([N+](=O)[O-])cc1,0,training
CC(=O)CC(=O)Nc1ccccc1,1,training
CCCCCCc1ccc(O)cc1O,1,training
O=S(=O)(O)CCO,0,training
CCCCCCCCCCCCCCCCCC#N,0,training
Clc1cccc(SC2CCNCC2)n1,0,training
O=C(c1ccc2c(c1)C(=O)OC2=O)c1ccc2c(c1)C(=O)OC2=O,0,training
O=[N+]([O-])c1cc(N(CCO)CCO)ccc1NCCO,0,training
Cc1cc(C(C)(C)C)c(O)c(C)c1CC1=NCCN1,0,training
Oc1ccc(Cc2ccc(O)cc2)cc1,1,training
CCCCCCCCCC(=O)O[C@H]1CC[C@H]2[C@@H]3CC=C4CC(=O)CC[C@]4(C)[C@H]3CC[C@]12C,1,training
C=C[Si](C)(C)O[Si](C)(C)C=C,0,training
CC(C)COC(=O)c1ccccc1C(=O)OCC(C)C,1,training
COc1ccc(-c2coc3cc(O)cc(O)c3c2=O)cc1,1,training
COCCc1ccc(OCC(O)CNC(C)C)cc1,0,training
CCc1cccc(C)c1N,0,training
CC(=O)N1C[C@H](O)CC1C(=O)O,1,training
COc1cccc(OC)c1C(=O)NC1C(=O)N2C(C(=O)O)C(C)(C)S[C@H]12,1,training
COc1cccc(C(=O)NN(C(=O)c2cc(C)cc(C)c2)C(C)(C)C)c1C,0,training
CC(C)CCCCCCOC(=O)c1ccccc1C(=O)OCCCCCCC(C)C,0,training
CC1CCC(C(C)CS)CC1S,0,training
O=c1c(O)c(-c2ccc(O)cc2)oc2cc(O)cc(O)c12,1,training
CC[C@H]1C[C@H]2[C@@H]3CC=C4CC(=O)CCC4[C@H]3CC[C@]2(C)[C@H]1O,1,training
O=C(O)C(CC(=O)N1C[C@H]2CCCC[C@H]2C1)Cc1ccccc1,1,training
CC(C)COC(=O)c1ccc(O)cc1,1,training
C=CC(C)(CCC=C(C)C)OC(=O)c1ccccc1,1,training
CC(CCc1ccc(O)cc1)NCC(O)c1ccc(O)cc1,0,training
CC1COc2ccccc2N1,0,training
COCC(C)O,1,training
C[C@]12CCC(=O)C=C1CC[C@@H]1[C@@H]2CC[C@@]2(C)[C@H]1CC[C@]2(C)O,1,training
CCCSP(=S)(OCC)Oc1ccc(Cl)cc1Cl,1,training
CCC[C@@]1(CCc2ccccc2)CC(=O)C([C@H](CC)c2cccc(NS(=O)(=O)c3ccc(C(F)(F)F)cn3)c2)C(=O)O1,0,training
NNCCc1ccccc1,1,training
CCCCCCCC/C=C\CCCCCCCC(=O)OCC,0,training
CC(=O)C1CCCCC1=O,0,training
CC(C)c1cccc(C(C)C)c1N1C(=O)c2ccc(O)cc2C1=O,1,training
[O-][Cl+3]([O-])([O-])O,1,training
Clc1ccccc1CN1CCc2sccc2C1,1,training
C=CCNC(N)=S,0,training
O=C(O)CONC(=O)c1ccccc1,0,training
O=c1c2ccccc2oc2ccccc12,1,training
C[C@]12CCC(=O)C(=O)C1CC[C@@H]1[C@@H]2CC[C@]2(C)C(=O)CC[C@@H]12,1,training
C#C[C@]1(O)CC[C@H]2[C@@H]3CC=C4CC(=O)CCC4[C@H]3CC[C@@]21C,1,training
O=C(OCCCCCCOC(=O)c1ccccc1)c1ccccc1,1,training
CC(=O)OCC(=O)NCCCOc1cccc(CN2CCCCC2)c1,1,training
COc1cc2c(N3CCN(C(=O)Nc4ccc(OC(C)C)cc4)CC3)ncnc2cc1OCCCN1CCCCC1,0,training
CCCCCCCCCCCCCCCCCC(=O)OCCO,1,training
O=C(O)c1ccc(O)cc1,0,training
Oc1ccc2c(c1)OC[C@@H](N1CCC(O)(c3ccc(F)cc3)CC1)[C@H]2O,1,training
CCCCCCCCCCCCCC=O,1,training
CSc1ccc(C(=O)C(C)(C)N2CCOCC2)cc1,1,training
C[C@@H](Cc1ccccc1)N(C)C,1,training
Cn1cnc2c(F)c(Nc3ccc(Br)cc3Cl)c(C(=O)NOCCO)cc21,1,training
CCCN(CCC)CCc1cccc2[nH]c(O)cc12,0,training
CCCCCCCC/C=C/CCCOC(C)=O,0,training
Nc1cc([N+](=O)[O-])ccc1C(=O)O,1,training
OC[C@H]1O[C@@H]2O[C@H]3[C@H](O)[C@@H](O)[C@@H](O[C@H]4[C@H](O)[C@@H](O)[C@@H](O[C@H]5[C@H](O)[C@@H](O)[C@@H](O[C@H]6[C@H](O)[C@@H](O)[C@@H](O[C@H]7[C@H](O)[C@@H](O)[C@@H](O[C@H]1[C@H](O)[C@H]2O)O[C@@H]7CO)O[C@@H]6CO)O[C@@H]5CO)O[C@@H]4CO)O[C@@H]3CO,1,training
CC(O)COCC(C)O,0,training
CC(=O)Nc1ccc(C(=O)CCl)cc1,1,training
C=CCc1ccccc1O,0,training
CCCC(=O)c1cc(O)c(O)cc1O,0,training
CCC(=O)O[C@H]1CC[C@H]2[C@@H]3CC=C4CC(=O)CC[C@]4(C)[C@H]3CC[C@]12C,1,training
CC(C)[N+]1(C)C2CCC1CC(OC(=O)C(CO)c1ccccc1)C2,1,training
O=C(O)c1cc2ccccc2cc1O,1,training
CC1CCC(CO)CC1,0,training
O=C(C=Cc1ccccc1)OCC=Cc1ccccc1,1,training
Clc1ccc(C(c2ccc(Cl)cc2)C(Cl)(Cl)Cl)cc1,1,training
COC(=O)c1ccc(C(=O)OC)cc1,0,training
CCC(=O)O[C@H]1CC[C@H]2[C@@H]3CCc4cc(O)ccc4[C@H]3CC[C@]12C,1,training
NCc1ccccc1,0,training
O=Nc1ccc(Nc2ccccc2)cc1,1,training
C[C@]12CC[C@H]3[C@@H](CC[C@@]45OC4C(=O)C(C#N)C[C@]35C)[C@@H]1CC[C@@H]2O,1,training
C[N+](C)(C)CC1CO1,0,training
CC[Si](OC(C)=O)(OC(C)=O)OC(C)=O,0,training
CN1C(=O)OC(C)(C)C1=O,0,training
Cc1ccc(C)c(N)c1,1,training
CCCCCCCCCCCCc1ccccc1,0,training
CCc1ccc(C=O)cc1,0,training
C#CCO,0,training
COc1cc(N)ccc1C,0,training
COP(=S)(OC)Oc1c(Cl)cc(C)cc1Cl,1,training
CCCCCCCCCCCOC(=O)c1ccccc1C(=O)OCCCCCCCCCCC,1,training
CC(C)CC(=O)CC(C)C,1,training
Nc1nc(NC2CC2)c2ncn([C@@H]3C=C[C@@H](CO)C3)c2n1,1,training
CC(=O)OC(C)=O,0,training
O=C(O)c1cc(C(=O)O)cc([N+](=O)[O-])c1,0,training
CC(=O)c1c(O)cc(C)oc1=O,0,training
NC(Cc1c[nH]c2ccc(O)cc12)C(=O)O,0,training
CC(C)=CCC/C(C)=C/CO,1,training
CCCc1cc(=O)[nH]c(=S)[nH]1,1,training
CCCCC(O)c1ccccc1,1,training
C#CCOC(C(=O)OCCN(C)C)(c1ccccc1)c1ccccc1,0,training
CC1CC(=O)NN=C1c1ccc(NCC(C)(C)NCC(O)COc2cc(Cl)ccc2C#N)cc1,0,training
C=CC(C)(CCC=C(C)C)OC(=O)C=Cc1ccccc1,1,training
O=c1cc(-c2ccccc2)oc2ccccc12,1,training
CC1(N)CCC(C(C)(C)N)CC1,1,training
CCCCCCCC(=O)N(C)C,0,training
CCC(=O)O[C@]1(C(=O)CCl)[C@@H](C)C[C@H]2[C@@H]3CC=C4CC(=O)C=C[C@]4(C)[C@@]3(F)[C@@H](O)C[C@@]21C,0,training
O=C(O)CNC(=O)c1ccc([N+](=O)[O-])cc1,1,training
CC(C)(C)CC(=O)OCC(=O)[C@@]12OC(C)(C)O[C@@H]1C[C@H]1[C@@H]3CC=C4CC(=O)C=C[C@]4(C)[C@@]3(F)[C@@H](O)C[C@@]12C,0,training
O=C1OC(c2ccc(O)cc2)(c2ccc(O)cc2)c2ccccc21,1,training
CCCCCCCCCCCCc1ccccc1O,1,training
O=C(O)CCCCCC(=O)O,0,training
Cc1ccc(N)c(N)c1,1,training
C=C(C)C(=O)OCCOCCOCCOCCOC(=O)C(=C)C,0,training
C=CC(=O)OCCC#N,0,training
C=CC(=O)OCCOCCOC(=O)C=C,1,training
CCCCCCCCCCCCCl,1,training
O=S(=O)(O)OOS(=O)(=O)O,1,training
O=C(O)CN1C(=O)c2cccc3cccc(c23)C1=O,0,training
CN(C)CCN(C)CCO,0,training
O=C(NS(=O)(=O)/C=C/c1cccs1)c1ccc(F)cc1Br,1,training
CC#CCC(C)[C@H](O)/C=C/[C@@H]1[C@H]2c3cccc(CCCC(=O)O)c3O[C@H]2C[C@H]1O,1,training
NCCCCC(NC(=O)C1CCCN1C(=O)C1CSSCC(N)C(=O)NC(Cc2ccc(O)cc2)C(=O)NC(Cc2ccccc2)C(=O)NC(CCC(N)=O)C(=O)NC(CC(N)=O)C(=O)N1)C(=O)NCC(N)=O,0,training
CCCCOC(=O)CCC(=O)OCCCC,1,training
O=C(O)c1nn(Cc2ccc(Cl)cc2Cl)c2ccccc12,1,training
C/C=C(\C)C(=O)OCC/C=C\CC,0,training
N=C(N)NC(=O)Cc1c(Cl)cccc1Cl,0,training
COP(=S)(OC)Oc1ccc([N+](=O)[O-])cc1,1,training
CC[C@@H](C)C1NC(=O)C(CCCN)NC(=O)C(NC(=O)C(NC(=O)C(CCC(=O)O)NC(=O)C(CC(C)C)NC(=O)C2CSC([C@H](N)[C@H](C)CC)=N2)[C@@H](C)CC)CCCCNC(=O)C(CC(N)=O)NC(=O)C(CC(=O)O)NC(=O)C(Cc2c[nH]cn2)NC(=O)C(Cc2ccccc2)NC1=O,1,training
CCCCCCCCCC(=O)O[C@H]1CC[C@H]2[C@@H]3CC=C4CC(=O)CCC4[C@H]3CC[C@]12C,1,training
O=c1cc(-c2ccccc2)oc2cc(O)cc(O)c12,1,training
COc1ccc(-c2ccc3cc(C(=O)O)ccc3c2)cc1C12CC3CC(CC(C3)C1)C2,0,training
CC(O)[C@H]1CC[C@H]2[C@@H]3CC[C@@H]4C[C@@H](O)CC[C@]4(C)[C@H]3CC[C@]12C,1,training
NC(=O)c1ccc([N+](=O)[O-])cc1,0,training
CCOC(=O)C(C)(C)Oc1ccc(Cl)cc1,1,training
Cc1ccccc1[N+](=O)[O-],0,training
C#C[C@]1(O)CC[C@H]2[C@@H]3CCc4cc(O)ccc4[C@H]3CC[C@@]21C,1,training
Cc1ccccc1N=Nc1ccc(N=Nc2c(O)ccc3ccccc23)c(C)c1,1,training
CC(=O)NC(C=O)[C@H](O)[C@H](O)[C@@H](O)CO,0,training
CCC(CC)C(C)CCOC(C)=O,0,training
Nc1cc(Cl)cc(Cl)c1,0,training
CN(C)CCOC(=O)COc1ccc(Cl)cc1,0,training
CCOC(=O)CC(O)(CC(=O)OCC)C(=O)OCC,0,training
CCOc1ccc([N+](=O)[O-])cc1,1,training
C[C@H]1O[C@@H](n2cc(F)c(=O)[nH]c2=O)[C@H](O)[C@@H]1O,1,training
c1ccc2ccccc2c1,0,training
Cc1ccc(O)c(C(C)(C)C)c1,0,training
CC(C)C(Br)C(=O)NC(N)=O,0,training
CC(C)(C)Cl,1,training
CC(C)c1ccc2sc3ccccc3c(=O)c2c1,1,training
C=C1C[C@@H]2[C@H](CC[C@]3(C)C(=O)CC[C@@H]23)[C@@]2(C)C=CC(=O)C=C12,1,training
CN(C)CCCN1c2ccccc2Sc2ccccc21,0,training
COc1c(N2CCNC(C)C2)c(F)cc2c(=O)c(C(=O)O)cn(C3CC3)c12,1,training
O=C(O)COCCN1CCN(C(c2ccccc2)c2ccc(Cl)cc2)CC1,0,training
CCCCCCC(C=O)=Cc1ccccc1,1,training
O=P(O)(O)Oc1ccccc1,0,training
C=CCN(CC=C)CC=C,0,training
CC1(C(=O)Nc2ccc(O)c(Cl)c2Cl)CCCCC1,1,training
Cc1ccccc1N,1,training
CCc1ccc(O)c(C(C)(C)C)c1,1,training
O=c1cc(CO)occ1O,0,training
CC(C)NCC(O)COc1cccc2ccccc12,1,training
CC(N)=S,0,training
CCOP(=S)(OCC)Oc1cc(-c2ccccc2)on1,1,training
C=CC(C)(C)C,0,training
NCCOCCO,0,training
OCCN1CCN(CC/C=C2/c3ccccc3Sc3ccc(C(F)(F)F)cc32)CC1,0,training
CCCN(CCC)C(=O)C(CCC(=O)OCCCN1CCN(CCOC(=O)Cc2c(C)n(C(=O)c3ccc(Cl)cc3)c3ccc(OC)cc23)CC1)NC(=O)c1ccccc1,1,training
Cl/C=C\Cl,0,training
CCCCCCBr,0,training
C=CCOC(=O)CCC1CCCCC1,0,training
CC(C)(c1cc(Cl)c(O)c(Cl)c1)c1cc(Cl)c(O)c(Cl)c1,1,training
CC=C(Cl)Cl,0,training
CCCCCCC(=O)O[C@H]1CC[C@H]2[C@@H]3CC[C@H]4CC(=O)C=C(C)[C@]4(C)[C@H]3CC[C@]12C,1,training
CCOC(=O)CCC(=O)OCC,0,training
Fc1ccc(C2(Cn3cncn3)OC2c2ccccc2Cl)cc1,0,training
C=C1/C(=C\C=C2/CCC[C@]3(C)[C@@H]([C@H](C)/C=C/[C@H](C)C(C)C)CC[C@@H]23)C[C@@H](O)C[C@@H]1O,0,training
Cc1c(COC(=O)C2C(/C=C(\Cl)C(F)(F)F)C2(C)C)cccc1-c1ccccc1,0,training
CC/C(=C(\c1ccccc1)c1ccc(OCCN(C)C)cc1)c1ccccc1,1,training
CNC[C@H](O)c1ccc(O)c(O)c1,0,training
C[C@]12CC[C@@H]3c4ccc(O)cc4CC[C@H]3[C@@H]1CC[C@@H]2OC(=O)CCC1CCCC1,1,training
Cc1nc(-c2ccc(Cl)cc2)oc1COC(C)(C)C(=O)O,1,training
Cc1ccsc1C(=CCCN1CCCC(C(=O)O)C1)c1sccc1C,1,training
OC[P+](CO)(CO)CO,0,training
CC1C(=O)CC2C3(C)CCC2(C(C)C(=O)O)C(=O)C13,0,training
O=C1OCCN1/N=C/c1ccc([N+](=O)[O-])o1,1,training
COc1ccc(-c2coc3cc(O)ccc3c2=O)cc1,1,training
CCCCNc1c(C(=O)OCC)c(C)nc2c1cnn2CC,0,training
Cc1nc(NS(=O)(=O)c2ccc(N)cc2)nc(C)c1Br,0,training
CCOP(=O)(N=C1SCCS1)OCC,0,training
C=C(C)C(=O)Nc1ccc(Cl)c(Cl)c1,0,training
CCCCCCCCCCCC[N+](C)(C)CCCS(=O)(=O)[O-],0,training
CCCCOC(=O)C(=O)Nc1cccc(-c2nn[nH]n2)c1,0,training
c1ccc(SCCSc2ccccc2)cc1,1,training
CC(=O)NC(Cc1ccc(O)cc1)C(=O)O,0,training
ClC(Cl)C(Cl)(Cl)Cl,0,training
CCCCN(CCC(=O)OCC)C(C)=O,0,training
CNc1ccc([N+](=O)[O-])cc1,1,training
CC(C)(C)C1CCC(=O)CC1,0,training
CC(=O)C1CC[C@H]2[C@@H]3CC=C4C[C@@H](O)CC[C@]4(C)[C@H]3CC[C@]12C,1,training
C=CC(=O)OCC(C)C,0,training
CCCCCCC=O,0,training
O=c1[nH]c2ccc(Cl)cc2o1,0,training
C=CCc1ccc(OC)c(OC)c1,1,training
CCC(C)OC(=O)c1ccc(O)cc1,1,training
C[N+]1(CC2COC(c3ccccc3)(C3CCCCC3)O2)CCCCC1,0,training
CC(C)OC(=O)Nc1ccccc1,1,training
COc1ccccc1[N+](=O)[O-],0,training
CCCCCCCCCCOC(C)=O,1,training
CCCCCCC(=O)O,0,training
CCCCCCCCCCCCN(CCCCCCCCCCCC)CCCCCCCCCCCC,0,training
CC1(C)Cc2cccc(O)c2O1,0,training
C#C[C@]1(O)CC[C@H]2[C@@H]3CCC4=Cc5oncc5C[C@]4(C)[C@H]3CC[C@@]21C,1,training
C[C@H]1O[C@H](O[C@H]2[C@H](O)[C@@H](O)[C@@H](O[C@H]3[C@H](O)[C@@H](O)[C@H](O)O[C@@H]3CO)O[C@@H]2CO)[C@H](O)[C@@H](O)[C@@H]1N[C@H]1C=C(CO)[C@@H](O)[C@H](O)[C@H]1O,1,training
CCCCCCCCCCCCCCCC(=O)OC[C@@H](COP(=O)([O-])OCC[N+](C)(C)C)OC(=O)CCCCCCCCCCCCCCC,1,training
Cc1ccc(N)cc1,1,training
COP(=O)(OC)OC(c1ccc(Cl)cc1)P(=O)(OC)OC,0,training
CC(=O)CC(=O)c1ccccc1,1,training
C[C@]12C[C@H]3S[C@H]3C[C@@H]1CC[C@@H]1[C@@H]2CC[C@]2(C)[C@@H](O)CC[C@@H]12,1,training
C#C[C@]1(OC(C)=O)CC[C@H]2[C@@H]3CC=C4CC(=O)CCC4[C@H]3CC[C@@]21C,1,training
CCCCCCc1ccc(N)cc1,1,training
Nc1ccc2cc3ccc(N)cc3nc2c1,1,training
C=CC(=O)OCCO,1,training
CCc1c(C(=O)NN2CCCCC2)nn(-c2ccc(Cl)cc2Cl)c1-c1ccc(Br)cc1,1,training
CC(C)C(=O)OCC(C)(C)C(OC(=O)C(C)C)C(C)C,1,training
C[C@]12CC[C@H]3[C@@H](CC=C4CC(=O)CC[C@@]43C)[C@@H]1CC[C@H]2O,1,training
CS(=O)(=O)OCCCCOS(C)(=O)=O,1,training
O=C(O)Cn1c2ccccc2c(=O)c2ccccc21,1,training
CC[C@H]1OC(=O)C(C)[C@@H](O[C@H]2C[C@@](C)(OC)[C@@H](O)[C@H](C)O2)[C@H](C)[C@@H](O[C@@H]2O[C@H](C)C[C@H](N(C)C)[C@H]2O)[C@](C)(O)CC(C)C(=O)C(C)[C@@H](O)[C@]1(C)O,1,training
OCCCc1ccccc1,0,training
C[C@]1(O)CC[C@H]2[C@@H]3CC=C4CC(=O)CC[C@]4(C)[C@@]3(F)[C@@H](O)C[C@@]21C,1,training
CNC(=S)S,0,training
Oc1cccc(O)c1O,1,training
C[C@H]1CCCC(=O)CCC=CCc2cc(O)cc(O)c2C(=O)O1,1,training
C=C(C)C(=O)OCCOC(=O)CC(C)=O,0,training
O=C1C(=Cc2cccs2)CCCC1=Cc1cccs1,1,training
NS(=O)(=O)c1cc2c(cc1Cl)NC(CC1CCCC1)NS2(=O)=O,0,training
C=CCN(C1=NCCN1)c1c(Cl)cccc1Cl,1,training
ClC1C(Cl)C(Cl)C(Cl)C(Cl)C1Cl,1,training
Nc1ccccc1C(=O)Oc1ccc2ccccc2c1,1,training
O=C(O)c1cc(I)cc(I)c1I,0,training
CCCCC(C)C(=O)O,0,training
O=Cc1ccc([N+](=O)[O-])cc1,1,training
CNc1cnn(-c2cccc(C(F)(F)F)c2)c(=O)c1Cl,1,training
CCCCO,0,training
Cn1ccc2cc3c(cc21)CCN3C(=O)Nc1cccnc1,1,training
C[C@]12CC[C@@H]3c4ccc(O)cc4CC[C@H]3[C@@H]1CC[C@H]2O,1,training
O=P(OCCCl)(OCCCl)OCCCl,0,training
CC(=O)Nc1ccc2c(c1)Cc1ccccc1-2,1,training
CC(=O)N(CC(C)C(=O)O)c1c(I)cc(I)c(N)c1I,0,training
NC[C@@H]1O[C@H](O[C@H]2[C@@H](O)[C@H](O[C@@H]3[C@@H](O)[C@H](N)C[C@H](N)[C@H]3O[C@H]3O[C@H](CO)[C@@H](O)[C@H](O)[C@H]3N)O[C@@H]2CO)[C@H](N)[C@@H](O)[C@@H]1O,1,training
CC(=O)OCC(=O)C1CC[C@H]2[C@@H]3CC=C4CC(=O)CC[C@]4(C)[C@H]3CC[C@]12C,1,training
Cc1cccc(C#N)c1,1,training
c1ccc2c(c1)-c1cccc3cccc-2c13,1,training
c1ccc(NNc2ccccc2)cc1,1,training
CC(C)(C)OOC(C)(C)CCC(C)(C)OOC(C)(C)C,0,training
C#C[C@]1(O)CC[C@H]2[C@@H]3CC=C4CC(=O)CCC4[C@H]3C(=C)C[C@@]21CC,1,training
Cc1noc(NS(=O)(=O)c2ccc(N)cc2)c1C,1,training
CCCCCCCCCC(CC)c1ccc(S(=O)(=O)O)cc1,0,training
CCCCCCCc1ccc(O)cc1,1,training
CC(=O)O[C@]1(C(C)=O)CC[C@H]2[C@@H]3CC=C4CC(=O)CC[C@]4(C)[C@@]3(F)[C@@H](O)C[C@@]21C,1,training
CN1CCN(C2=Nc3ccccc3Cc3ccccc32)CC1,0,training
Cn1nnc2c(C(N)=O)ncn2c1=O,0,training
O=C(Cl)OCc1ccccc1,0,training
C[C@H](CCC(=O)NCC(=O)O)[C@H]1CC[C@H]2[C@@H]3[C@H](O)C[C@@H]4C[C@H](O)CC[C@]4(C)[C@H]3C[C@H](O)[C@]12C,1,training
C1CNCCN1,1,training
C[N+]1([O-])[C@@H]2CC[C@H]1C[C@@H](OC(=O)C(CO)c1ccccc1)C2,0,training
CCC(C)(C)OC,1,training
CCCCCCCCCCCCCCO,0,training
ClCC1CO1,0,training
O=C(O)c1cc(O)c2c(O)c3c(O[C@@H]4O[C@H](CO)[C@@H](O)[C@H](O)[C@H]4O)cccc3c(-c3c4cc(C(=O)O)cc(O)c4c(O)c4c(O[C@@H]5O[C@H](CO)[C@@H](O)[C@H](O)[C@H]5O)cccc34)c2c1,0,training
CC(C)CC=C(C=O)c1ccccc1,1,training
Cc1cc(C(C)(C)c2cc(C)c(O)c(C)c2)cc(C)c1O,1,training
CCCCCCCCCCCCCCC,0,training
CNC(=O)ON=C(CSC)C(C)(C)C,0,training
CC[Ge](Cl)(CC)CC,1,training
COC(c1ccccc1)(c1ccccc1)C(Oc1nc(C)cc(C)n1)C(=O)O,0,training
O=c1[nH]c(=O)[nH]c(=O)[nH]1,0,training
CC(=O)CC(=O)Nc1ccc(S(=O)(=O)O)cc1,0,training
S=C=NCCc1ccccc1,1,training
CC1=CCC(=C(C)C)CC1,1,training
O=C(O)C(Br)CBr,0,training
O=Nc1ccc(NO)cc1,0,training
FC(Cl)(Cl)C(F)(Cl)Cl,0,training
CCCC(O)C(CC)CO,0,training
CCc1ccc2c(c1)N(CC(C)CN(C)C)c1ccccc1S2,0,training
c1csc(SSc2cccs2)c1,1,training
CCCCCCCCCc1ccc(O)cc1,1,training
Nc1ccc(F)cc1F,0,training
CCOc1ccc(S(=O)(=O)O)c2cccnc12,1,training
C#CCN1C(=O)COc2cc(F)c(N3C(=O)C4=C(CCCC4)C3=O)cc21,0,training
C[C@]12C=CC3=C(CC=C4CC(=O)CCC43)[C@@H]1CC[C@@H]2O,1,training
N#CC(C#N)=Cc1ccc(O)c(O)c1,0,training
C=CC(=O)NC(C)(C)C,0,training
Oc1c(C2=CC[C@@H](c3ccc(Cl)cc3)CC2)c(O)c2ccccc2c1O,0,training
CNC(=S)NC,0,training
O=C(O)CCC(=O)Nc1ccc(S(=O)(=O)Nc2nccs2)cc1,0,training
CCOC(=O)c1ncn2c1CN(C)C(=O)c1c(I)cccc1-2,0,training
O=C(CCc1ccc(O)cc1)c1c(O)cc(O)cc1O,1,training
CC1CC(OC(=O)C(O)c2ccccc2)CC(C)(C)N1C,1,training
O=C(O)c1cc2cc(Cc3cccnc3)ccc2o1,1,training
c1ccc2c(c1)Nc1ccccc1S2,1,training
C[C@]12CC[C@H]3[C@@H](CC=C4C[C@@H](O)CC[C@@]43C)[C@@H]1CC[C@@H]2O,1,training
CC/C=C\CCOC(=O)c1ccccc1O,0,training
CCOC(=O)c1ccccc1OC,0,training
CN(C)NC(=O)CCC(=O)O,1,training
COC(=O)c1ccc(CBr)cc1,1,training
O=C(O)c1cc2ccccc2c(Cc2c(O)c(C(=O)O)cc3ccccc23)c1O,1,training
C[C@]12CC[C@@H]3c4ccc(OS(=O)(=O)O)cc4CC[C@H]3[C@@H]1CCC2=O,1,training
N[C@H]1C(O)O[C@H](CO)[C@@H](O)[C@@H]1O,1,training
CC(COc1ccccc1)NC(C)C(O)c1ccc(O)cc1,0,training
IC(I)I,1,training
C[C@]12CCC(=O)C=C1CC[C@@H]1[C@@H]2[C@@H](O)C[C@@]2(C)[C@H]1CC[C@]2(O)C(=O)CO,1,training
C#CC(C)(O)CC(C)C,0,training
Nc1ccc2ccccc2c1S(=O)(=O)O,1,training
CCN(CC)CCCl,0,training
Clc1ccc(C(c2ccccc2Cl)C(Cl)(Cl)Cl)cc1,1,training
ClCC(Br)CBr,0,training
CC(=O)OCC(COC(C)=O)OC(C)=O,1,training
CCCCCCCCCCCCCCCC(=O)O,1,training
CC(C)(c1ccc(O)cc1)c1ccc(O)cc1,1,training
CC(Oc1ccc(CNC(=O)c2cccnc2Oc2ccc3c(c2)OCO3)c(F)c1)C(=O)O,0,training
C[C@]12CC[C@@H]3c4ccc(O)cc4CC[C@H]3[C@@H]1C[C@@H](O)[C@@H]2O,1,training
Nc1ncnc(Nc2ccc(Cl)cc2)n1,1,training
CCOc1ccc(NC(=O)OC(C)C)cc1OCC,0,training
NS(=O)(=O)c1ccc(NC(=O)CCC(=O)O)cc1,0,training
Cc1cc(C(=O)O)ccc1[N+](=O)[O-],0,training
c1ccc(CNCc2ccccc2)cc1,0,training
CCOC(O)=c1cc(O)c(=C(O)C2CC2)c(O)c1,0,training
CC(=O)O[C@@H]1C[C@H]2CC[C@]1(C)C2(C)C,0,training
CC(C)(Oc1ccc(C2CCCc3ccccc32)cc1)C(=O)O,1,training
O=C(O)c1cccc(N(Cc2cccnc2)c2ccc(OC(F)F)c(OC(F)F)c2)c1,0,training
c1ccc(-c2cccc(-c3ccccc3)c2)cc1,1,training
C=C(C)OC(C)=O,0,training
c1ccc(CN(Cc2ccccc2)Cc2ccccc2)cc1,1,training
C#C[C@]1(OC(C)=O)CC[C@H]2[C@@H]3CCC4=CC(=NO)CC[C@@H]4[C@H]3CC[C@@]21CC,1,training
COCCOCC(CC1(C(=O)NC2CCC(C(=O)O)CC2)CCCC1)C(=O)Oc1ccc2c(c1)CCC2,0,training
CC(C)(C)NC(=O)C1CC[C@H]2[C@@H]3CC[C@H]4NC(=O)C=C[C@]4(C)[C@H]3CC[C@]12C,0,training
CCCCOC(=O)c1ccccc1C(=O)OCCCC,1,training
N#CCCl,1,training
NC(=O)CCC(N)C(=O)O,0,training
CCCCCCCCCCC(CO)CCCCCCCC,0,training
CCC(C)(C)C(=O)O[C@H]1C[C@@H](C)C=C2C=C[C@H](C)[C@H](CC[C@@H]3C[C@@H](O)CC(=O)O3)[C@H]21,1,training
CCCCC(CC)COC(=O)CC(C(=O)OCC(CC)CCCC)S(=O)(=O)O,1,training
CCN(CC)CCOC(=O)C(C)(c1ccccc1)c1ccccc1,0,training
COc1cc2c3cc1Oc1cc(ccc1O)C[C@@H]1c4c(cc(OC)c(O)c4Oc4ccc(cc4)C[C@@H]3N(C)CC2)CC[N+]1(C)C,0,training
CC(C)(O)C#CC(C)(C)O,0,training
COC(OC)(C(=O)c1ccccc1)c1ccccc1,1,training
Cc1c(C)c2c(c(C)c1OC(=O)CCC(=O)OCCO)CC[C@@](C)(CCC[C@H](C)CCC[C@H](C)CCCC(C)C)O2,0,training
c1ccc(B(c2ccccc2)c2ccccc2)cc1,1,training
CC(C)NCC(O)c1ccc(N)c(C#N)c1,0,training
COc1cc(C=CC(=O)N2CCN(CC(=O)N3CCCC3)CC2)cc(OC)c1OC,0,training
O=C(OCC(O)CO)c1ccccc1Nc1ccnc2cc(Cl)ccc12,0,training
CCCCN(CCCC)C(=O)N(CCCC)CCCC,1,training
Nc1ccc(O)c(C(=O)O)c1,1,training
CCCCCC(C=O)=Cc1ccccc1,1,training
CCOc1ccc(OCC)c(Cl)c1,0,training
C[C@]12CCC(=O)C=C1CC[C@H]1[C@@H]3CC[C@](O)(C(=O)CO)[C@@]3(C)C[C@H](O)[C@@]12F,1,training
CCC(CC)CO,0,training
CN(CCCCCCCCCCN(C)C(=O)Oc1ccccc1[N+](C)(C)C)C(=O)Oc1ccccc1[N+](C)(C)C,0,training
CO[C@H]1O[C@@H]2O[C@]3(C)CC[C@H]4[C@H](C)CC[C@@H]([C@H]1C)C24OO3,0,training
N#C/N=C1\SCCN1Cc1ccc(Cl)nc1,0,training
Nc1ccc(S(=O)(=O)Nc2ccc(Cl)nn2)cc1,0,training
OCC(S)CS,0,training
CC(=O)N(CC(O)CO)c1c(I)c(C(=O)NCCO)c(I)c(C(=O)NCC(O)CO)c1I,1,training
CC1(C)[C@@H]2CC[C@@]1(C)[C@H](O)C2,0,training
CC(c1ccc(O)cc1)(c1ccc(O)cc1)c1ccc(O)cc1,1,training
CC(C)(C1CCC(O)CC1)C1CCC(O)CC1,1,training
OCC(O)CN1CCN(c2ccccc2)CC1,0,training
C=C1c2c(Cl)ccc(O)c2C(=O)C2C(=O)[C@]3(O)C(=O)C(C(N)=O)C(=O)C(N(C)C)[C@@H]3[C@@H](O)[C@H]12,0,training
NS(=O)(=O)C(F)(F)C(F)(F)C(F)(F)C(F)(F)C(F)(F)C(F)(F)C(F)(F)C(F)(F)F,0,training
O=C(CS)Nc1ccccc1,1,training
CCCCCCCCCCCCCCCCCC[N+](C)(C)CCC[Si](OC)(OC)OC,1,training
CCCCCC/C=C/CCCCCCCC(=O)O,1,training
CC1(C)O[C@@H]2C[C@H]3[C@@H]4CC=C5CC(=O)C=C[C@]5(C)[C@@]4(F)[C@@H](O)C[C@]3(C)[C@]2(C(=O)CO)O1,1,training
Nc1ccc(S(=O)(=O)O)cc1,1,training
Clc1ccc(C(Cl)(Cl)Cl)cc1,1,training
CC(C)C[C@H](CN)CC(=O)O,1,training
C=C(C)C(=O)OCC[N+](C)(C)C,0,training
Cc1ccc(N=C=O)cc1N=C=O,1,training
CC1(C)[C@@H](O)CC[C@]2(C)C3C(=O)C=C4C5C[C@@](C)(C(=O)O)CC[C@]5(C)CC[C@@]4(C)[C@]3(C)CC[C@@H]12,0,training
CC(C)CCCCCCc1ccc(O)cc1,1,training
N#CN,0,training
CCCCCCCOC(C)=O,1,training
CCC1NC(=O)C(NC(=O)c2ncccc2O)C(C)OC(=O)C(c2ccccc2)NC(=O)C2CC(=O)CCN2C(=O)C(Cc2ccccc2)N(C)C(=O)C2CCCN2C1=O,0,training
CCC(C)(c1ccc(O)cc1)c1ccc(O)cc1,1,training
CCCCCCCCCCCCN(C)C,0,training
CCCCCCCCCl,0,training
O=C(CBr)c1ccccc1,1,training
CCCCCCCCCCC=O,1,training
CCC(C)(C)C1CCCCC1OC(C)=O,0,training
c1ccccc1,0,training
CC(C)NCC(O)COc1ccc(CC(N)=O)cc1,0,training
CCOc1ccccc1OCCN[C@H](C)Cc1ccc(OC)c(S(N)(=O)=O)c1,0,training
CC1C=CC=C1,0,training
Cc1cc(C)nc(NS(=O)(=O)c2ccc(N)cc2)n1,1,training
CCCCC[C@H](O)/C=C/[C@@H]1[C@@H](C/C=C\CCCC(=O)O)[C@@H](O)C[C@H]1O,1,training
CC1=CC=C(C(C)C)CC1,0,training
CCCCCCCCCCCCCCCCCC(=O)OCCCCCCCCCCCCCC(C)C,1,training
O=[N+]([O-])c1cccc(O)c1,1,training
CO[C@@H]1[C@@H](O[C@@H]2O[C@H](C)[C@@H](O[C@H]3C[C@@](C)(O)[C@@H](OC(=O)CC(C)C)[C@H](C)O3)[C@H](N(C)C)[C@H]2O)[C@@H](CC=O)C[C@@H](C)[C@@H](O)C=CC=CC[C@@H](C)OC(=O)C[C@H]1O,1,training
C=CCOc1cc(Cl)ccc1C(=O)NCCN(CC)CC,1,training
C[C@]12CC[C@H](O)CC1=CC[C@@H]1[C@@H]2CC[C@]2(C)C(=O)CC[C@@H]12,1,training
COCc1c(-c2ccc(F)cc2)c(=CC[C@@H](O)C[C@@H](O)CC(=O)O)c(C(C)C)nc1=C(C)C,1,training
CCOC(=O)CC(C)C,0,training
C=C(C)c1ccccc1,0,training
CC1CC(CC2CCC(N)C(C)C2)CCC1N,0,training
Cc1cn([C@H]2C[C@H](N=[N+]=[N-])[C@@H](CO)O2)c(=O)[nH]c1=O,1,training
OCCCCC(O)CO,0,training
CCc1ccccc1,0,training
CC[C@@]1(O)C[C@H](O[C@H]2C[C@H](N(C)C)[C@H](O[C@H]3C[C@H](O)[C@H](O[C@H]4CCC(=O)C(C)O4)[C@H](C)O3)[C@H](C)O2)c2c(cc3c(c2O)C(=O)c2c(O)cccc2C3=O)C1C(=O)OC,1,training
COc1ccc(NC(C)=O)cc1,1,training
CC(Cc1ccccc1)NCc1ccccc1Cl,1,training
C=CCCl,1,training
CN(CC1(C)CCCO1)S(=O)(=O)c1ccc(Cl)c(S(N)(=O)=O)c1,0,training
CCCN(CC)C(CC)C(=O)Nc1c(C)cccc1C,0,training
Clc1ccccc1-c1nnc(-c2ccccc2Cl)nn1,1,training
CON=C(C(=O)NC1C(=O)N2C(C(=O)O)=C(C[N+]3(C)CCCC3)CS[C@H]12)c1csc(N)n1,0,training
C=CC(=O)OCCCCOC(=O)C=C,0,training
C[C@]12CC[C@@H]3c4ccc(OC(=O)N(CCCl)CCCl)cc4CC[C@H]3[C@@H]1CC[C@@H]2OP(=O)(O)O,1,training
C=CC(=O)NC(C)C,0,training
CCO/C=C1\N=C(c2ccccc2)OC1=O,0,training
Oc1cc2ccccc2n1-c1c(Cl)cccc1Cl,1,training
CCN(CC)c1cccc(O)c1,1,training
CC(C)OC(=O)Nc1cccc(Cl)c1,0,training
CCCCN(CCCC)SN(C)C(=O)Oc1cccc2c1OC(C)(C)C2,1,training
NC(=O)NC(=O)Cc1ccccc1,1,training
O=C(O)c1ccc(O)c(O)c1,0,training
CC[S+](C)CC,1,training
CCCCCCOC(=O)c1ccc(O)cc1,1,training
O=P(O)(O)OC[C@H]1O[C@](O)(COP(=O)(O)O)[C@@H](O)[C@@H]1O,1,training
c1ccc2[nH]c(-c3cscn3)nc2c1,1,training
CCCCCSCCCCC,0,training
CCC1(c2ccccc2)C(=O)NCNC1=O,0,training
CC1=C(C(=O)Nc2ccccc2)SCCO1,1,training
COc1ccc(NC(=O)CC(C)=O)cc1,0,training
CC(C)=CCC/C(C)=C/C=C\C(C)=C\C=C\C(C)=C\C=C/C=C(C)/C=C/C=C(C)/C=C\C=C(/C)CCC=C(C)C,1,training
C=C1CC[C@@]2(O)[C@H]3Cc4ccc(O)c5c4[C@@]2(CCN3CC2CC2)[C@H]1O5,1,training
O=P(Oc1ccccc1)(Oc1ccccc1)Oc1ccccc1,1,training
CC(C)N(Cc1ccccc1)C(=O)C(C)(C)C,1,training
CC(C)c1ccccc1C(C)C,0,training
O=C(C=Cc1ccccc1)OCc1ccccc1,1,training
CCCCCCCCc1ccc(O)cc1,1,training
COC(=O)C1=C(C)N=C(C)C(C(=O)OC(C)C)C1c1cccc2nonc12,0,training
N#Cc1ccc(CC(=O)c2cccc(C(F)(F)F)c2)cc1,0,training
CC(C)=CCl,1,training
Cc1cccc([N+](=O)[O-])c1[N+](=O)[O-],0,training
C#N,1,training
C[C@@H]1CC=CC=CC=CC=C[C@H](O[C@@H]2O[C@H](C)[C@@H](O)[C@H](N)[C@@H]2O)C[C@@H]2O[C@](O)(C[C@@H](O)C[C@H]3O[C@@H]3C=CC(=O)O1)C[C@H](O)C2C(=O)O,0,training
Nc1nc(N)nc(-c2ccccc2)n1,1,training
CC(CN(CCN(CC(C)OCCO)CC(C)OCCO)CC(C)OCCO)OCCO,0,training
CC(=O)c1ccc[nH]1,0,training
CCCCCCCCCOC(=O)c1ccc(O)cc1,1,training
CNC(=O)O/N=C(\C)C(C)S(C)(=O)=O,0,training
C#CCN(C)CCCOc1ccc(Cl)cc1Cl,1,training
CC[C@@H](N)CO,0,training
CC(=O)c1ccc(O)cc1,0,training
CCCCCCCCCCl,1,training
Cl[Nd](Cl)Cl,0,training
C[C@]12CC[C@H](O)C[C@H]1CC[C@@H]1[C@@H]2CC[C@]2(C)[C@@H](c3ccc(=O)oc3)C[C@H]3O[C@]132,1,training
Cc1cccc(C(=O)O)c1,0,training
CCCCCCCCCC(=O)OC,0,training
COc1c2c(cc3c1OCO3)CCN(C)C2,0,training
O=C1N=C(c2ccccc2)c2cc(Cl)ccc2NC1O,1,training
COc1ccc2c(c1)C(=O)N(CCc1ccc(S(=O)(=O)NC(=O)NC3CCCCC3)cc1)C(=O)C2(C)C,0,training
N#CCc1cccc(C(F)(F)F)c1,0,training
CC1(C)C(=O)N(Cl)C(=O)N1Cl,1,training
O=C(O)C(=O)Cc1ccccc1,0,training
CCOC(=O)c1ccc(N(C)C)cc1,1,training
CN1CCCC(CC2c3ccccc3Sc3ccccc32)C1,0,training
CC(=O)C1CC[C@H]2[C@@H]3CC=C4CC(=O)CC[C@]4(C)[C@H]3CC[C@]12C,1,training
CC(C)NCC(O)COc1ccccc1-n1cccc1,0,training
O=C(O)c1cc(=O)c2ccccc2o1,0,training
CC(C)CC(NC(=O)OCC1c2ccccc2-c2ccccc21)C(=O)O,1,training
C[N+](C)(C)C,1,training
O=C(O)c1cc(Cl)cc([N+](=O)[O-])c1Cl,0,training
CON=C(C(=O)NC1C(=O)N2C(C(=O)O)=C(COC(N)=O)CS[C@H]12)c1ccco1,1,training
COc1ccc([C@@H]2Sc3ccccc3N(CCN(C)C)C(=O)C2OC(C)=O)cc1,0,training
CCC(CC)Nc1c([N+](=O)[O-])cc(C)c(C)c1[N+](=O)[O-],1,training
C[C@H]1O[C@H](O[C@H]2[C@H](O)[C@@H](O)[C@@H](O)[C@H](O)[C@@H]2O)[C@@H](N)C[C@@H]1N=C(N)C(=O)O,0,training
C#C[C@]1(O)CC[C@H]2[C@@H]3[C@H](C)C=C4CC(=O)CCC4[C@H]3CC[C@@]21C,1,training
c1ccc(C2CO2)cc1,0,training
CCc1cccc2c3c([nH]c12)C(CC)(CC(=O)O)OCC3,0,training
CC(C)(c1ccc(OCC2CO2)cc1)c1ccc(OCC2CO2)cc1,0,training
CNC[C@H](O)[C@@H](O)[C@H](O)[C@H](O)CO,1,training
C[C@]12C=CC(=O)C=C1CC[C@@H]1C2C(=O)C[C@@]2(C)[C@H]1CC[C@]2(O)C(=O)CO,1,training
CCC1(C)NC(=O)NC1=O,0,training
Clc1ccc(Cl)cc1,0,training
Oc1ccc(C2CNCCc3c2cc(O)c(O)c3Cl)cc1,1,training
NC(=O)O,0,training
CCCCOC(O)CC,0,training
O=C(O)Cc1ccc(OCCNC[C@H](O)c2ccccc2)cc1,0,training
CNC(=O)ON=C(SC)C(=O)N(C)C,1,training
CN(CCOc1ccc(Cc2sc(=O)[nH]c2O)cc1)c1ccccn1,0,training
C[C@]12CC[C@@H]3C4=C(CC[C@H]3[C@@H]1CC[C@@H]2O)CC(=O)CC4,1,training
C[C@@H]1O[C@@H]1P(=O)(O)O,1,training
O=CCCc1ccccc1,1,training
CNC(=O)Oc1cccc2c1OC(C)(C)C2,1,training
COc1ccc(C(c2ccc(OC)cc2)C(Cl)(Cl)Cl)cc1,1,training
CCCCCC=CCC(=O)OC,0,training
Oc1c2c(c(O)n1SC(Cl)(Cl)C(Cl)Cl)CC=CC2,1,training
CCCCCCC(=O)O[C@H]1CC[C@H]2[C@@H]3CCc4cc(O)ccc4[C@H]3CC[C@]12C,1,training
COc1ccc(CN(CCN(C)C)c2ncccn2)cc1,0,training
OCCOc1ccccc1,0,training
O=[N+]([O-])c1cccc(CCl)c1,0,training
CC(=O)N[C@H]1[C@@H](OC2C(C(=O)O)O[C@@H](OC3[C@H]4CO[C@H](O4)[C@H](NS(=O)(=O)O)[C@H]3O)[C@H](O)[C@H]2O)O[C@H](CO)[C@@H](O[C@@H]2CC(C(=O)O)[C@@H](O[C@H]3O[C@H](COS(=O)(=O)O)[C@@H](O[C@@H]4OC(C(=O)O)=C[C@H](O)[C@H]4O)[C@H](O)[C@H]3NC(C)=O)[C@H](O)[C@H]2O)[C@@H]1C,0,training
O=C(/C=C/C=C/c1ccc2c(c1)OCO2)N1CCCCC1,1,training
CCCC[N+]1(C)CCCC1,0,training
c1ccc2cnncc2c1,0,training
CCCCCCCCCCCCN,0,training
CC(C)CCCO,0,training
C[Si](NC1CCCCC1)(NC1CCCCC1)NC1CCCCC1,0,training
Cc1ccc(OP(=O)(Oc2ccccc2)Oc2ccccc2)cc1,1,training
COC(=O)c1c(C)cc(O)c(C)c1O,1,training
CCCCC(CC)COC(=O)c1ccc(C(=O)OCC(CC)CCCC)c(C(=O)OCC(CC)CCCC)c1,1,training
CC(C)(C)N,0,training
COc1c(O[C@@H]2O[C@H](CO)[C@@H](O)[C@H](O)[C@H]2O)cc2c(c1OC)-c1ccc(SC)c(=O)cc1[C@@H](NC(C)=O)CC2,0,training
CCC1CO1,1,training
CCCCOC(=O)c1ccccc1,1,training
CN(C)C(C)(C)CO,1,training
CCC[n+]1ccn(C)c1C,0,training
CCCCC(CC)COC(C)=O,1,training
Cc1cccc([N+](=O)[O-])c1,0,training
CN(C)c1ccc(N)cc1,1,training
CC(C=O)=Cc1ccccc1,0,training
CC(C)OC(=O)C(C)N(C(=O)c1ccccc1)c1ccc(F)c(Cl)c1,1,training
Oc1ccc(Cc2ccccc2)cc1,1,training
CC(C)OC(=O)c1ccccc1C(=O)OC(C)C,0,training
Cc1ccc(N(C)C)cc1,1,training
O=C(c1ccccc1)C(O)c1ccccc1,0,training
O=S1(=O)OCC2C(CO1)C1(Cl)C(Cl)=C(Cl)C2(Cl)C1(Cl)Cl,0,training
CC(C)(C)c1ccc(O)c(O)c1,1,training
Oc1ccc(Nc2ccccc2)cc1,1,training
C[C@@H]1CN(c2c(F)c(N)c3c(=O)c(C(=O)O)cn(C4CC4)c3c2F)C[C@H](C)N1,0,training
CC(C)=CC(=O)O,1,training
NC(=O)c1cc[n+](CC2=C(C(=O)O)N3C(=O)C(NC(=O)C(c4ccccc4)S(=O)(=O)[O-])[C@@H]3SC2)cc1,0,training
CC=C(C(=CC)c1ccc(O)cc1)c1ccc(O)cc1,1,training
OC(c1ccc(Cl)cc1)(c1cncnc1)c1ccccc1Cl,1,training
CO[Si](C)(OC)OC,0,training
CC(CCc1ccccc1)NCC(O)c1ccc(O)c(C(N)=O)c1,0,training
CCC(Cl)CC(Cl)C(Cl)C(Cl)C(Cl)C(C)Cl,1,training
N=C(N)NCCCCN=C(N)N,1,training
CC[C@H](c1ccc(O)cc1)[C@@H](CC)c1ccc(O)cc1,1,training
C=CC(=O)OCCOC(=O)C=C,1,training
CCCCCCCCCCCCSCCOCCO,0,training
CCCCCCC(O)CCCCCCCCCCC(=O)OC,0,training
COCCCN,0,training
O=C(C=Cc1ccccc1)OCCc1ccccc1,1,training
Oc1ccc2cc(SSc3ccc4cc(O)ccc4c3)ccc2c1,1,training
Oc1ccc(Cl)c(Cl)c1Cl,0,training
CC(C)=CCCC(C)CCO,0,training
CC(C)CC(C)(c1ccc(O)cc1)c1ccc(O)cc1,1,training
CCCCOC(=O)c1ccc(O)cc1,1,training
CN(C)c1ccccc1,0,training
C1CSCCS1,0,training
CC(C)CCOC(=O)c1ccc(N(C)C)cc1,1,training
ClCc1ccc(Cl)cc1Cl,0,training
Cc1cc(C(C)(C)c2ccc(O)c(C)c2)ccc1O,1,training
C[Si](C)(CCCN)O[Si](C)(C)CCCN,0,training
CCCCOCCOC(C)=O,0,training
O=C(O)C(F)(F)C(F)(F)C(F)(F)C(F)(F)C(F)(F)C(F)(F)C(F)(F)C(F)(F)F,0,training
O=[N+]([O-])c1ccc2c(c1)Cc1ccccc1-2,1,training
CN(C)CCCSc1ccccc1NC(=O)/C=C/c1ccccc1,0,training
C=Cc1ccc(OC(C)=O)cc1,0,training
c1ccc([C@H]2CN3CCSC3=N2)cc1,1,training
CCCCCOC(=O)CCCCC,0,training
COP(=S)(NC(C)C)Oc1ccc(C)cc1[N+](=O)[O-],1,training
Clc1ccc(C(c2ccccc2Cl)C(Cl)Cl)cc1,1,training
CCC(=O)Nc1ccc(O)cc1,0,training
Oc1ccc2c(c1)Cc1ccccc1-2,1,training
COc1cc(C=O)ccc1O,0,training
CC(=O)O[C@H]1C[C@@H]2CC[C@@H]3[C@H](CC[C@@]4(C)[C@H]3C[C@H]([N+]3(C)CCCCC3)[C@@H]4OC(C)=O)[C@@]2(C)C[C@@H]1N1CCCCC1,1,training
Oc1ccc(Cc2ccccc2O)cc1,1,training
Oc1cc(Cl)cc(Cl)c1,0,training
CCC1(CO)COCOC1,0,training
OC1CCCCCCCCCCC1,0,training
COc1ccc2cc([C@H](C)CO)ccc2c1,1,training
CCOC(=O)CC(SP(=S)(OC)OC)C(=O)OCC,0,training
CN(C)c1ccc(O)c2c1C[C@H]1C[C@H]3C(N(C)C)C(=O)C(C(N)=O)C(=O)[C@@]3(O)C(=O)C1C2=O,0,training
COc1ccc(/N=N/c2cc(C)c(/N=N/c3ccc(S(=O)(=O)O)cc3)cc2OC)cc1,0,training
OC[C@H]1O[C@H](O[C@@]2(CO)O[C@@H](O)[C@H](O)[C@@H]2O)[C@H](O)[C@@H](O)[C@@H]1O,0,training
CCC(C)(C)C(=O)OC1=C(c2cc(Cl)cc(Cl)c2)C(=O)OC12CCCCC2,1,training
COc1ccc(OC)c(C(O)C(C)N)c1,0,training
C#C[C@]1(O)CC[C@H]2[C@@H]3CCC4=CCCC[C@@H]4[C@H]3C(=C)C[C@@]21CC,1,training
C=CCCCCCCCCC=O,0,training
O=c1cc(-c2ccccc2)oc2ccc3ccccc3c12,1,training
CC1=CC(=O)CC(C)(C)C1(O)/C=C/C(C)=C\C(=O)O,0,training
COc1ccc(C(C)=O)cc1,1,training
Nc1c2ccccc2nc2ccccc12,1,training
O=S(=O)(Cl)c1c(Cl)cccc1Cl,0,training
CC(C)COC(=O)c1ccc(N)cc1,1,training
C=C(C)C(=O)OC(C)C,0,training
O=C(O)CCCCCCCC(=O)O,1,training
CCCBr,0,training
CCCCCCCCCCCCCCCC[N+](C)(C)C,1,training
CC(C)N(C)C,0,training
CC(=O)NCc1c(I)c(NC(C)=O)c(I)c(C(=O)O)c1I,1,training
Cc1ccc(C)c(OCCCC(C)(C)C(=O)O)c1,0,training
CC(C)COCC(CN(Cc1ccccc1)c1ccccc1)N1CCCC1,0,training
CCCCCCOc1ccc(N)cc1,1,training
OC(CCN1CCCCC1)(c1ccccc1)C1CC2C=CC1C2,0,training
Cc1ccc(N)c([N+](=O)[O-])c1,1,training
CC(C)(C)C(=O)C(Cl)Cl,0,training
OC[C@@H](O)[C@H](O)[C@H](O)[C@@H](O)CO,0,training
CCCCCCCOC(=O)c1ccc(O)cc1,1,training
Cc1ccccc1N1CCN(CCc2nnc3n2CCCC3)CC1,1,training
O=CC=O,1,training
CCN(CC)C(=O)c1cccc(C)c1,1,training
CCCCOC(=O)CC(CC(=O)OCCCC)(OC(C)=O)C(=O)OCCCC,0,training
CCS(=O)(=O)CCSP(=O)(OC)OC,0,training
CCOP(=S)(OCC)Oc1ncn(-c2ccccc2)n1,1,training
C(=Cc1ccncc1)c1ccccc1,1,training
CCCCCC[C@@H](O)C/C=C\CCCCCCCC(=O)O,0,training
COC(=O)c1ccc(C=O)cc1,0,training
O=C=NC1CCCCC1,1,training
CC(C)(C)S,0,training
CCCCN(CCCC)CC(O)c1cc(Cl)cc2c1-c1ccc(Cl)cc1/C2=C/c1ccc(Cl)cc1,1,training
C=CC(=O)OCCN(C)C,0,training
C[C@]12CC[C@H]3[C@@H](CC=C4CC(=O)CC[C@@]43C)[C@@H]1CC[C@@H]2O,1,training
C=CC(=O)OCCCCCCOC(=O)C=C,0,training
O=c1c(-c2ccc(O)cc2)coc2cc(O)cc(O)c12,1,training
C[C@]12CC[C@@H]3c4ccc(O)cc4CC[C@H]3[C@@H]1CC[C@@H]2O,1,training
CCC[C@@H]1CC(C(=O)N[C@@H]([C@H]2O[C@H](SC)[C@H](O)[C@@H](O)[C@H]2O)[C@@H](C)O)N(C)C1,0,training
O=C(CC(=O)C(F)(F)F)c1ccccc1,1,training
CCCCOC(=O)c1ccc(N)cc1,1,training
CCN(CC)CCOCCOC(=O)C(CC)(CC)c1ccccc1,1,training
CC(C)(C)C1(CCc2ccc(Cl)cc2)CO1,0,training
CCN(CC)C(=O)SCc1ccc(Cl)cc1,0,training
O=C(O)/C=C/C(=O)O,1,training
C=CCC1([C@H](C)CCC)C(=O)NC(=O)NC1=O,0,training
CC(=O)OCC(=O)[C@@]12N=C(C)O[C@@H]1C[C@H]1[C@@H]3CC=C4CC(=O)C=C[C@]4(C)[C@H]3[C@@H](O)C[C@@]12C,1,training
CCCC(=O)CC,1,training
CC(C)(c1cc(Br)c(OCC(Br)CBr)c(Br)c1)c1cc(Br)c(OCC(Br)CBr)c(Br)c1,0,training
N#C/C=C/C#N,0,training
CCCCCCCCCCCCCCNCCO,1,training
S=c1nccc[nH]1,1,training
Cn1cc(-c2ccccc2)c(=O)c(-c2cccc(C(F)(F)F)c2)c1,0,training
FC(F)(F)C(F)(F)C(F)(F)C(F)(F)CCI,1,training
CCCC/C=C\CCCCCCCCCC=O,1,training
CC(C)c1ccc(CO)cc1,1,training
CCCCCCCCCCCCCCCCCC(=O)OCC(CC)CCCC,0,training
CC(C)CCC(=O)O[C@H]1CC[C@H]2[C@@H]3CC=C4CC(=O)CC[C@]4(C)[C@H]3CC[C@]12C,1,training
O=[N+]([O-])c1cc(C(F)(F)F)ccc1Cl,0,training
O=c1c(O)c(-c2ccc(O)c(O)c2)oc2cc(O)cc(O)c12,1,training
O=C(O)P(=O)(O)O,1,training
CCC(C)(C)c1ccc(O)cc1,1,training
CC=C(c1ccc(O)cc1)C(CC)c1ccc(O)cc1,1,training
Oc1ccc(OCc2ccccc2)cc1,1,training
CCNCC(O)c1cccc(O)c1,0,training
CC(=O)Oc1c(C)cc(OCC(O)CNC(C)C)c(C)c1C,1,training
CC(C)(C)OCC1CO1,0,training
Cn1c(=O)c2[nH]cnc2n(C)c1=O,1,training
CCOP(=S)(Oc1ccc([N+](=O)[O-])cc1)c1ccccc1,1,training
CCCCN(CCCC)CCC(O)c1cc2c(Cl)cc(Cl)cc2c2cc(C(F)(F)F)ccc12,0,training
Nc1cc(Cl)c([N+](=O)[O-])cc1O,0,training
c1ccc(OCCOc2ccccc2)cc1,1,training
O=S(=O)(Oc1ccc(Cl)cc1Cl)c1ccccc1,1,training
CC(C)CCCCOC(=O)c1ccccc1C(=O)OCCCCC(C)C,0,training
NCc1ccc(S(N)(=O)=O)cc1,0,training
CC=CC=O,0,training
CCC1(CC)C(=O)NC(=O)N(C)C1=O,0,training
COc1ccc(CO)cc1,0,training
CCCCCCCC/C=C\CCCCCCCC(=O)OCCOC(=O)CCCCCCC/C=C\CCCCCCCC,1,training
CO[C@]1(NC(=O)CSC(F)F)C(=O)N2C(C(=O)O)=C(CSc3nnnn3CCO)CO[C@H]21,0,training
c1ccc(Nc2cccc3ccccc23)cc1,1,training
CN(C)C(=O)CCSC(SCCC(=O)O)c1cccc(/C=C/c2ccc3ccc(Cl)cc3n2)c1,1,training
CC(=O)CC(=O)Nc1ccc(C)cc1C,0,training
CCN(CC)CCNC(=O)COc1ccc(OC)cc1,1,training
CCCN(C1CCN(C(=O)C2CCNCC2)CC1)[C@@H]1CCc2ccc(OC)cc2C1,1,training
C#C[C@]1(O)CC[C@H]2[C@@H]3CC=C4CC(=O)CCC4[C@H]3CC[C@@]21CC,1,training
Cl/C=C/Cl,0,training
C#C[C@]1(O)CC[C@H]2[C@@H]3CC=C4CC(=O)CC[C@]4(C)[C@H]3CC[C@@]21C,1,training
C#C[C@]1(O)CC[C@H]2[C@@H]3CCc4cc(OC)ccc4[C@H]3CC[C@@]21C,1,training
CC(C)(C)c1ccc(OCC2CO2)cc1,1,training
CC(C)(C)CCCCCCOC(=O)c1ccccc1C(=O)OCCCCCCC(C)(C)C,0,training
O=c1ccc2ccccc2o1,1,training
COC(=O)Nc1nc2cc(Sc3ccccc3)ccc2[nH]1,1,training
NNc1nncc2ccccc12,1,training
NCCCCCCNCCCCCCN,0,training
CCOP(=S)(OCC)SCSc1ccc(Cl)cc1,1,training
CCCCOP(=O)(O)OCCCC,1,training
O=C(CCl)c1ccccc1,1,training
CCCCOC(=O)C(C)OC(=O)CCC,0,training
C=C1C(CCl)(CCl)C2(Cl)C(Cl)C(Cl)C1(Cl)C2(Cl)Cl,1,training
CC(C)(C)C(=O)c1ccccc1,1,training
C=O,0,training
O=NN1CCCC1,0,training
C=C(C)C(=O)OC,0,training
CCC1(c2ccccc2)C(=O)NC(=O)N(C(=O)c2ccccc2)C1=O,0,training
CN1CCN(C2=Nc3ccccc3Sc3ccc(Cl)cc32)CC1,0,training
CC1CCC(C(C)C)C(OC(=O)c2ccccc2N)C1,1,training
CC(O)CN(CC(C)O)CC(C)O,1,training
Nc1ccc([N+](=O)[O-])cc1N,1,training
CC1=CC(=O)NS(=O)(=O)O1,0,training
CC(C(=O)O)c1ccc(C(=O)c2cccs2)cc1,0,training
CN(C)c1ccc(N=O)cc1,1,training
O=C(Cl)c1ccccc1,0,training
O=Cc1cc(O)ccc1Br,1,training
CC(=O)C=Cc1ccccc1,1,training
O=C(O)CCC/C=C\C[C@@H]1[C@@H](/C=C/[C@@H](O)COc2cccc(C(F)(F)F)c2)[C@H](O)C[C@@H]1O,1,training
NC(=O)C(Cl)(Cl)Cl,1,training
CCCCCCCCOc1ccccc1C(=O)Nc1ccc(C(=O)OCC[N+](C)(CC)CC)cc1,0,training
Cc1cccc(C)c1,1,training
C#C[C@]1(OC(=O)CCCCCC)CC[C@H]2[C@@H]3CC=C4CC(=O)CCC4[C@H]3CC[C@@]21C,1,training
O=C(Oc1ccccc1)c1cccc(C(=O)Oc2ccccc2)c1,1,training
CC(C)NCC(O)c1ccc(NS(C)(=O)=O)cc1,0,training
Cc1c(O)nc2n1Cc1c(Cl)cccc1N2,0,training
NC(CCC(=O)NC(CSSCC(NC(=O)CCC(N)C(=O)O)C(=O)NCC(=O)O)C(=O)NCC(=O)O)C(=O)O,1,training
Nc1cc(C(=O)O)c(O)c(S(=O)(=O)O)c1,0,training
C=CCc1ccc(OC(=O)Cc2ccccc2)c(OC)c1,1,training
CCCCNc1ccc(C(=O)OCCOCCOCCOCCOCCOCCOCCOCCOCCOC)cc1,0,training
CCC(=O)O,0,training
CCCOC(=O)c1ccc(O)cc1,1,training
CCOP(=S)(OCC)O/N=C(\C#N)c1ccccc1,1,training
C=C(C#N)CCC#N,0,training
O=S(O)CO,1,training
Cc1ccccc1N=C(N)N=C(N)N,0,training
CCC(C)(C)CC,0,training
C[C@@H]1C[C@H]2[C@@H]3C[C@H](F)C4=CC(=O)C(Cl)=C[C@]4(C)[C@@]3(F)[C@@H](O)C[C@]2(C)[C@@]1(O)C(=O)CO,0,training
COc1ccc(COC=O)cc1,0,training
COc1cc(C)ccc1C(C)C,0,training
CC(=O)C1CC[C@H]2[C@@H]3CC[C@H]4C[C@](C)(O)CC[C@]4(C)[C@H]3CC[C@]12C,0,training
Cc1ccc(S(=O)(=O)NC(=O)NN2CCCCCC2)cc1,1,training
CC(=O)OC(C)C(=O)OCC[N+](C)(C)C,1,training
O=Cc1ccccc1C=O,1,training
COCCOCCOCCOCCOC,0,training
C=CCOC(=O)c1ccccc1C(=O)OCC=C,0,training
O=c1oc2cc(O)ccc2c2oc3cc(O)ccc3c12,1,training
COc1ccc2cc(CCC(C)=O)ccc2c1,1,training
CCC(C)(C)O,0,training
CN[C@@H]1[C@H](O[C@H]2[C@H](O[C@H]3[C@H](O)[C@@H](O)[C@H](N=C(N)N)[C@@H](O)[C@@H]3N=C(N)N)O[C@@H](C)[C@]2(O)CO)O[C@@H](CO)[C@H](O)[C@H]1O,1,training
COc1ccc(N)cc1,1,training
OCC=Cc1ccccc1,1,training
O=CCCl,0,training
CCNC(=O)NCc1cccc(Cl)c1,0,training
OCCCCCCCCCCCCBr,0,training
CCCCOP(=O)(OCCCC)OCCCC,1,training
COc1cc(C[C@@H](C)N)c(OC)cc1Br,0,training
Cc1cccc(C)c1[N+](=O)[O-],1,training
O=C(OCCc1ccccc1)c1ccccc1,1,training
Cc1ccccc1C(OCCN(C)C)c1ccccc1,0,training
Cc1ccc([N+](=O)[O-])c(C)c1,1,training
Oc1ccc2c(c1)-c1ccccc1C2,1,training
CCCC(C)=O,0,training
C[C@H]1O[C@@H](O[C@H]2[C@@H](O)C[C@H](O[C@H]3[C@@H](O)C[C@H](O[C@H]4CC[C@@]5(C)[C@H](CC[C@@H]6[C@@H]5C[C@@H](O)[C@]5(C)[C@@H](C7=CC(=O)OC7)CC[C@]65O)C4)O[C@@H]3C)O[C@@H]2C)C[C@H](O)[C@@H]1O,1,training
CCC1CCC(CCC(=O)O)C1,1,training
C=CCOc1ccc(CC(=O)O)cc1Cl,1,training
O=C(N[C@H]1CN2CCC1CC2)c1cc2ccoc2cn1,0,training
CC[N+]1(CCOC(=O)C(O)(c2ccccc2)c2ccccc2)CCCCC1,1,training
CC1(C)O[C@@H]2C[C@H]3[C@@H]4CC=C5CC(=O)C=C[C@]5(C)[C@H]4[C@@H](O)C[C@]3(C)[C@]2(C(=O)CO)O1,1,training
C[N+](C)(C)CCO,0,training
C[C@@H]1C[C@H]2[C@@H]3CC=C4CC(=O)C=C[C@]4(C)[C@@]3(F)[C@@H](O)C[C@]2(C)[C@@]1(O)C(=O)COP(=O)(O)O,1,training
CC(C)(C#N)Nc1nc(Cl)nc(NC2CC2)n1,0,training
c1ccc(CCCc2ccncc2)cc1,0,training
Cc1ccc(-c2cc(C(F)(F)F)nn2-c2ccc(S(N)(=O)=O)cc2)cc1,1,training
Cc1cc(Cl)ccc1N,0,training
Cc1ccccc1OCC(O)CO,1,training
CN[C@@H]1[C@H](O[C@H]2[C@H](O[C@H]3[C@H](O)[C@@H](O)[C@H](N=C(N)N)[C@@H](O)[C@@H]3N=C(N)N)O[C@@H](C)[C@]2(O)C=O)O[C@@H](CO)[C@H](O)[C@H]1O,0,training
O=C(NC(=O)c1c(F)cccc1F)Nc1ccc(Cl)cc1,1,training
CCC1(CCC(C)C)C(=O)NC(=O)NC1=O,0,training
CCCCCCCCCCCCCCCC(=O)OCCC1CCN(CCCN2c3ccccc3Sc3ccc(S(=O)(=O)N(C)C)cc32)CC1,0,training
CC(=O)c1ccc2ccc3ccccc3c2c1,1,training
Cc1cc(C2(c3cc(C)c(O)cc3C)OS(=O)(=O)c3ccccc32)c(C)cc1O,1,training
CO[C@H]1[C@@H](O)[C@H](N)[C@@H](O[C@H]2O[C@H]([C@H](C)N)CC[C@H]2N)[C@H](O)[C@@H]1N(C)C(=O)CN,1,training
CCN(CC)CCNC(=O)c1cc(Br)c(N)cc1OC,0,training
CC=C1C(=O)C[C@H]2[C@@H]3CC=C4CC(=O)CC[C@]4(C)[C@H]3CC[C@]12C,1,training
CCC(C)Nc1c([N+](=O)[O-])cc(C(C)(C)C)cc1[N+](=O)[O-],1,training
CCCCSP(=O)(SCCCC)SCCCC,0,training
COc1ccc(C=O)cc1OC,1,training
CC(O)CCO,1,training
CCCCCCOC(=O)C(C)CC,0,training
O=C1CCC(C(=O)N2CCCCC2)N1,0,training
CC(C)NC(C)Cc1ccc(I)cc1,1,training
CCN(CC)C(=O)N[C@H]1C[C@@H]2c3cccc4[nH]cc(c34)C[C@H]2N(C)C1,1,training
CC=CC(=O)O,0,training
C=C1CC[C@H](O)C/C1=C/C=C1\CCC[C@]2(C)[C@@H]([C@H](C)/C=C/[C@H](C)C(C)C)CC[C@@H]12,1,training
C=C(Cl)CCl,0,training
CCN(CC)C(=O)C(C#N)=Cc1cc(O)c(O)c([N+](=O)[O-])c1,0,training
COc1ccc2c(C(=S)N(C)CC(=O)O)cccc2c1C(F)(F)F,0,training
CC1COc2c(N3CCN(C)CC3)c(F)cc3c(=O)c(C(=O)O)cn1c23,0,training
OCCCCCO,1,training
O=C1CCCCC1Cl,0,training
Oc1cccc(Cl)c1,0,training
C=C(C)C(=O)OCC1CCCO1,0,training
CC(C)=CCCC(C)CC(=O)O,0,training
CCC(C)c1cccc(C(C)CC)c1O,0,training
CCCCCCCCCCCC(C)=O,1,training
O=[N+]([O-])c1ccccc1CCl,0,training
CC(Cl)COP(=O)(OCC(C)Cl)OCC(C)Cl,0,training
CC(Cl)C(=O)O,0,training
CC(CN1CC(=O)NC(=O)C1)N1CC(=O)NC(=O)C1,0,training
O=C(C=Cc1ccccc1)OCCCc1ccccc1,1,training
CN(C)c1ccc(C=O)cc1,1,training
CCNC(=O)C1CC(C)CCC1C(C)C,0,training
CNc1cc(OC)c(C(=O)N[C@H]2CCN(Cc3ccccc3)[C@H]2C)cc1Cl,0,training
Cc1cc(C)cc(C)c1,0,training
C[C@@H]1C[C@H]2[C@@H]3CC=C4CC(=O)C=C[C@]4(C)[C@@]3(F)[C@@H](O)C[C@]2(C)C1C(=O)CO,0,training
CCN(CC)CCOC(=O)C(O)(c1ccccc1)c1ccccc1,0,training
CN[C@H](C)Cc1ccccc1,0,training
C=CCSCC1Nc2cc(Cl)c(S(N)(=O)=O)cc2S(=O)(=O)N1,1,training
O[C@@H](c1cc(C(F)(F)F)nc2c(C(F)(F)F)cccc12)[C@H]1CCCCN1,1,training
O=C(CCl)C(Cl)Cl,1,training
CC(=O)OCC(=O)[C@@]1(O)CC[C@H]2[C@@H]3CC=C4CC(=O)CC[C@]4(C)C3C(=O)C[C@@]21C,0,training
C1CCOC1,0,training
Nc1ccc2c3c(cccc13)-c1ccccc1-2,1,training
CO[C@@]1(NC(=O)C(C(=O)O)c2ccc(O)cc2)C(=O)N2C(C(=O)O)=C(CSc3nnnn3C)CO[C@@H]21,0,training
[Ba+2],0,training
CC(=O)NCCO,1,training
Oc1ccc(C(=C(Cl)Cl)c2ccc(O)cc2)cc1,1,training
CCN(CC)N=O,1,training
CCN(N=O)C(N)=O,0,training
COc1cccc2c(O)c3c(c(O)c12)C(=O)C1=C(C[C@@](O)(C(C)=O)C[C@@H]1O[C@H]1C[C@H](N)[C@H](O)[C@H](C)O1)C3=O,1,training
COCC(=O)N(c1c(C)cccc1C)N1CCOC1=O,0,training
COc1ccc(C=O)cc1,0,training
CCCCCON=O,0,training
CC(C)(C)C(O)C(Oc1ccc(Cl)cc1)n1cncn1,0,training
Cl[In](Cl)Cl,1,training
O=Cc1c(Cl)cccc1Cl,0,training
Oc1ccccc1Cc1ccccc1O,0,training
CCCCCCCOC(=O)CCC,0,training
c1coc(-c2nc3ccccc3[nH]2)c1,1,training
CCC(=O)OC/C=C/c1ccccc1,1,training
CCCCCCOc1ccc(O)cc1,1,training
C=CC(=O)Nc1cc2c(Nc3ccc(F)c(Cl)c3)ncnc2cc1OCCCN1CCOCC1,1,training
CCOC(=O)C(CCc1ccccc1)NC(C)C(=O)N1C(=O)N(C)CC1C(=O)O,0,training
O=C(CC(=O)c1ccccc1)c1ccccc1,1,training
CC(C)OC(=O)Nc1ccc2[nH]c(-c3cscn3)nc2c1,1,training
Nc1nc(Cl)nc2c1ncn2[C@H]1C[C@H](O)[C@@H](CO)O1,1,valid
Nc1ncnc2c1ncn2[C@H]1CC[C@@H](CO)O1,0,valid
Nc1ncnc2c1ncn2[C@@H]1O[C@H](CO)[C@@H](O)[C@H]1O,0,valid
CC(C)(COP(=O)(O)OP(=O)(O)OC[C@H]1O[C@@H](n2cnc3c(N)ncnc32)[C@H](O)[C@@H]1OP(=O)(O)O)C(O)C(=O)NCCC(=O)NCCS,1,valid
Nc1ncnc2c1ncn2[C@@H]1O[C@H](COP(=O)(O)OP(=O)(O)OP(=O)(O)O)[C@@H](O)[C@H]1O,0,valid
Nc1nc(Cl)nc2c1ncn2[C@@H]1O[C@H](CO)[C@@H](O)[C@@H]1F,0,valid
COc1nc(N)nc2c1ncn2[C@@H]1O[C@H](CO)[C@@H](O)[C@@H]1O,0,valid
Nc1ncnc2c1ncn2[C@@H]1O[C@H](COP(=O)(O)O)[C@@H](O)[C@H]1O,0,valid
Nc1nc(F)nc2c1ncn2[C@@H]1O[C@H](CO)[C@@H](O)[C@@H]1O,0,valid
CC(=O)OCCN(CCOC(C)=O)c1ccc(/N=N/c2ccc([N+](=O)[O-])cc2C#N)cc1,0,valid
c1ccc(N=Nc2ccccc2)cc1,1,valid
Nc1ccc(N=Nc2ccccc2)c(N)c1,1,valid
CN(C)c1ccc(N=Nc2ccccc2)cc1,1,valid
CCOc1ccc(N=Nc2ccc(N)cc2N)cc1,1,valid
CCN(CCC#N)c1ccc(N=Nc2c(Cl)cc([N+](=O)[O-])cc2Cl)cc1,0,valid
O=C(O)c1cc(N=Nc2ccc([N+](=O)[O-])cc2)ccc1O,1,valid
Nc1ccc(N=Nc2ccccc2)cc1,1,valid
O=C(O)CCNC(=O)c1ccc(N=Nc2ccc(O)c(C(=O)O)c2)cc1,0,valid
Cc1cc(N=Nc2ccccc2C)ccc1N,1,valid
Oc1ccc(N=Nc2ccccc2)cc1,1,valid
Nc1ccc(N=Nc2ccc(N)cc2)cc1,0,valid
Cc1cccc(/N=N/c2ccc(N(C)C)cc2)c1,1,valid
O=C(O)c1cc(O)c2c(c1)C(=O)c1cccc(O)c1C2=O,1,valid
Cc1ccc2c(c1[N+](=O)[O-])C(=O)c1ccccc1C2=O,1,valid
O=C1c2ccccc2C(=O)c2cc(S(=O)(=O)O)ccc21,0,valid
Cc1cc(O)c2c(c1)C(=O)c1cc(O)cc(O)c1C2=O,1,valid
Cc1ccc2c(c1)C(=O)c1ccccc1C2=O,1,valid
O=C1c2ccccc2C(=O)c2cc(O)ccc21,1,valid
Cc1ccc2c(c1N)C(=O)c1ccccc1C2=O,1,valid
Nc1ccc2c(c1)C(=O)c1ccccc1C2=O,1,valid
Nc1c(Br)cc(Br)c2c1C(=O)c1ccccc1C2=O,0,valid
O=C1c2cccc(O)c2C(=O)c2c(O)cccc21,1,valid
Nc1ccc(N)c2c1C(=O)c1ccccc1C2=O,0,valid
CC(C)Nc1ccc(NC(C)C)c2c1C(=O)c1ccccc1C2=O,0,valid
CC(=O)Oc1cccc2c1C(=O)c1c(OC(C)=O)cc(C(=O)O)cc1C2=O,0,valid
Nc1c(S(=O)(=O)O)cc(Br)c2c1C(=O)c1ccccc1C2=O,0,valid
CCCCOc1ccc(OCCCN2CCOCC2)cc1,0,valid
Cc1cc2c(OCC(CNC(C)(C)C)OC(=O)c3ccccc3)cccc2[nH]1,0,valid
CN(C)CC/C=C1\c2ccccc2COc2ccccc21,0,valid
CN(C)CC/C=C1/c2ccccc2COc2ccc(CC(=O)O)cc21,0,valid
c1ccc(C2(c3ccccc3)CC2C2=NCCN2)cc1,1,valid
CN1CCCN(C(c2ccccc2)c2ccc(Cl)cc2)CC1,0,valid
CCC1(C)CC(=O)NC1=O,0,valid
CN1[C@@H]2CC[C@H]1C[C@@H](O)C2,0,valid
C[C@@H]1O[C@@H](OC[C@H]2O[C@@H](Oc3c(-c4ccc(OCCO)c(OCCO)c4)oc4cc(OCCO)cc(O)c4c3=O)[C@H](O)[C@@H](O)[C@@H]2O)[C@H](O)[C@H](O)[C@H]1O,0,valid
C[C@@H]1O[C@@H](OC[C@H]2O[C@@H](Oc3c(-c4ccc(O)c(O)c4)oc4cc(O)cc(O)c4c3=O)[C@H](O)[C@@H](O)[C@@H]2O)[C@H](O)[C@H](O)[C@H]1O,1,valid
CC(C)(C)NCC(O)CSc1nc(-c2ccc(C(N)=O)s2)cs1,0,valid
CC(=NNC(=O)Nc1cc(F)cc(F)c1)c1ncccc1C(=O)O,0,valid
C[N+]1([O-])CCOCC1,0,valid
Cc1cccc(Nc2ccncc2S(=O)(=O)NC(=O)NC(C)C)c1,0,valid
C[C@H]1CNCCc2ccc(Cl)cc21,0,valid
C=CC1=C(C(=O)O)N2C(=O)C(=NC(=O)C(NOCC(=O)O)c3csc(N)n3)[C@H]2SC1,0,valid
CCCOC(C(=O)OC1CCN(C)CC1)(c1ccccc1)c1ccccc1,0,valid
Cc1ccc2c(c1)[C@]13CCCC[C@@H]1[C@H](C2)N(C)CC3,0,valid
COc1ccc2c(c1)[C@@]13CCCCC1[C@@H](C2)N(C)CC3,0,valid
C=CCN1CC[C@]23CCCC[C@H]2[C@H]1Cc1ccc(O)cc13,0,valid
CCC1OCC(COc2ccc(Oc3ccccc3)cc2)O1,1,valid
Cc1ccc(S(=O)(=O)NC(=O)NN2CC3CCCC3C2)cc1,0,valid
O=C(Oc1ccccc1C(=O)O)c1ccccc1O,1,valid
Nc1ccc(C(=O)Oc2ccccc2)c(O)c1,1,valid
CN(C)C(=O)COC(=O)Cc1ccc(OC(=O)c2ccc(N=C(N)N)cc2)cc1,0,valid
CC(=O)Nc1ccc(OC(=O)c2ccccc2OC(C)=O)cc1,0,valid
O=C(Oc1ccccc1)c1ccccc1O,0,valid
CC(C)(C)c1ccc(OC(=O)c2ccccc2O)cc1,1,valid
O=C(Oc1ccccc1)c1ccc(O)cc1,1,valid
Cc1ccc(OC(=O)c2ccccc2O)cc1,0,valid
O=C(Oc1ccccc1)c1ccccc1,0,valid
c1ccc(-c2ccc(-c3ccccc3)cc2)cc1,1,valid
Nc1ccc(S(=O)(=O)Nc2ccnn2-c2ccccc2)cc1,0,valid
CCOP(=S)(Oc1cnc(C(C)(C)C)nc1)OC(C)C,0,valid
Cc1nc(N(C)C)nc(OC(=O)N(C)C)c1C,0,valid
CCOc1cc(OP(=S)(OC)OC)nc(CC)n1,0,valid
Cc1ncc(CNC(=O)N(CCCl)N=O)c(N)n1,0,valid
CCOP(=S)(OCC)Oc1cc(C)nc(C(C)C)n1,0,valid
Clc1cc(Cl)nc(Cl)n1,0,valid
CCN(CC)c1nc(C)cc(OP(=S)(OC)OC)n1,0,valid
CCCSSC(CCO)=C(C)N(C=O)Cc1cnc(C)nc1N,0,valid
CCOC(=O)OCC/C(SC(=O)OCC)=C(\C)N(C=O)Cc1cnc(C)nc1N,0,valid
Nc1nc(Cl)cc(Cl)n1,0,valid
Clc1ccnc(Cl)n1,0,valid
CCOP(=O)(OCC)Oc1cc(C)nc(C(C)C)n1,0,valid
Nc1nc(N)c(N)c(N)n1,0,valid
C=c1cc(C)[nH]c1=Cc1c(O)[nH]c2ccccc12,0,valid
O=C(O)c1[nH]n(-c2ccc(S(=O)(=O)O)cc2)c(=O)c1N=Nc1ccc(S(=O)(=O)O)cc1,0,valid
Cc1[nH]n(-c2cc(S(=O)(=O)O)ccc2Cl)c(=O)c1N=Nc1ccccc1,0,valid
Cc1[nH]n(-c2cc(Cl)c(S(=O)(=O)O)cc2Cl)c(=O)c1N=Nc1ccc(S(=O)(=O)O)cc1,0,valid
CC(N=C(N=c1cc[nH]cc1)NC#N)C(C)(C)C,0,valid
OC[C@H]1O[C@@H](Oc2ccc(O)cc2)[C@H](O)[C@@H](O)[C@@H]1O,0,valid
C1CN(CCOCCN2CCOCC2)CCO1,0,valid
[O-][S+](c1cc(Cl)cc(Cl)c1O)c1cc(Cl)cc(Cl)c1O,0,valid
N=C(N)NC(=O)c1nc(Cl)c(N)nc1N,0,valid
CC(=O)c1cnccn1,0,valid
CCc1nccnc1C,0,valid
c1cnccn1,0,valid
Cc1nc(C)c(C)nc1C,0,valid
Cc1cnc(C)c(C)n1,0,valid
CCC(C)c1nccnc1OC,0,valid
NC(=O)c1cnccn1,0,valid
CSc1cnccn1,0,valid
c1ccc2c(c1)ccc1ncccc12,0,valid
COc1ccc2c(c1)OC(C)(C)[C@@H](c1ccccc1)[C@@H]2c1ccc(OCCN2CCCC2)cc1,0,valid
COc1ccc(-c2cc(=O)c3c(O)cc(O[C@@H]4O[C@H](CO[C@@H]5O[C@@H](C)[C@H](O)[C@@H](O)[C@H]5O)[C@@H](O)[C@H](O)[C@H]4O)cc3o2)cc1O,0,valid
O=C1OCCO1,0,valid
CCC1COC(=O)O1,0,valid
CC1COC(=O)O1,0,valid
FC(F)(F)C(=NOCC1OCCO1)c1ccc(Cl)cc1,0,valid
c1ccc(CN(CC2=NCCN2)c2ccccc2)cc1,0,valid
O=c1[nH]cnc2c1ncn2[C@H]1CC[C@@H](CO)O1,0,valid
O=c1[nH]cnc2c1ncn2[C@@H]1O[C@H](CO)[C@@H](O)[C@H]1O,0,valid
O=C1c2ccccc2C(=O)C1c1nc2ccccc2c(Br)c1O,0,valid
O=C1c2ccccc2C(=O)C1c1ccc2cc(S(=O)(=O)O)cc(S(=O)(=O)O)c2n1,0,valid
CC1CCC2CC1C2(C)C,1,valid
O=c1oc(=O)c2cc3c(=O)oc(=O)c3cc12,0,valid
CC[C@H]1[C@@H]2C[C@H]3[C@@H]4N(C)c5ccccc5[C@]45C[C@@H](C2[C@H]5O)N3[C@@H]1O,0,valid
COc1cc([C@@H]2c3cc4c(cc3C(O[C@@H]3O[C@@H]5CO[C@@H](C)O[C@H]5[C@H](O)[C@H]3O)C3COC(=O)C32)OCO4)cc(OC)c1OP(=O)(O)O,1,valid
COc1cc([C@@H]2c3cc4c(cc3C(O[C@@H]3O[C@@H]5CO[C@@H](C)O[C@H]5[C@H](O)[C@H]3O)C3COC(=O)C32)OCO4)cc(OC)c1O,0,valid
CCCc1ncc(C[n+]2ccccc2C)c(N)n1,0,valid
CC1(C)C2=CCCC(C)(C)[C@]23CC[C@H]1C3,0,valid
Oc1ccc(C2(c3ccc(O)cc3)CCCCC2)cc1,1,valid
CCC(C)(Oc1ccc(C2(c3ccc(OC(C)(CC)C(=O)O)cc3)CCCCC2)cc1)C(=O)O,0,valid
O=C1CCc2cc(OCCCCc3nnnn3C3CCCCC3)ccc2N1,0,valid
O=C1CCCO1,0,valid
CCCCCC1CCC(=O)O1,0,valid
CCCCCCCC1CCC(=O)O1,0,valid
CCCC1CCC(=O)O1,0,valid
CC1CCC(=O)O1,0,valid
CC(=O)C1CCOC1=O,0,valid
CCC1CCC(=O)O1,1,valid
CCCCCCC1(C)CCC(=O)O1,0,valid
CCCCCCC1CCC(=O)O1,0,valid
CCCCC1CCC(=O)O1,0,valid
CCCCCCC1CCOC1=O,0,valid
Nc1nc2ccccc2s1,0,valid
Nc1nc2c(Cl)cccc2s1,0,valid
Brc1nc2ccccc2s1,0,valid
Cc1cccc2sc(N)nc12,0,valid
COc1cccc2sc(N)nc12,0,valid
COc1ccc2nc(N)sc2c1,1,valid
CCOc1ccc2nc(N)sc2c1,1,valid
c1ccc2scnc2c1,0,valid
CCCOc1ccc2nc(NC(=O)OC)sc2c1,1,valid
Nc1nc2ccc(OC(F)(F)F)cc2s1,1,valid
CNC(=O)N(C)c1nc2ccccc2s1,1,valid
Cc1nc2ccccc2s1,0,valid
Nc1nc2ccc([N+](=O)[O-])cc2s1,0,valid
N#CSCSc1nc2ccccc2s1,0,valid
CCN(CC)CCOc1ccc2nc(N(C)C)sc2c1,1,valid
CC(C)(C)NSc1nc2ccccc2s1,0,valid
Cc1cc2nc(N)sc2cc1C,1,valid
CCCN1CCC[C@@H]2Cc3nc(N)ncc3C[C@H]21,0,valid
Cc1cc(=O)c(C(=O)NC(C(=O)NC2C(=O)N3C(C(=O)O)=C(CSc4nnnn4C)CS[C@H]23)c2ccc(O)cc2)c[nH]1,1,valid
CC(=C\c1ccccc1)/C=C1/SC(=S)N(CC(=O)O)C1=O,0,valid
O=c1[nH]c2ccc([S+]([O-])CCN3CCC(Cc4ccc(F)cc4)CC3)cc2o1,1,valid
C[C@]12CCC(=O)C[C@@H]1CC[C@@H]1[C@@H]2CC[C@]2(C)C=CC[C@@H]12,1,valid
NC[C@H]1O[C@H](O[C@H]2[C@H](O)[C@@H](O[C@H]3O[C@H](CO)[C@@H](O)[C@H](N)[C@H]3O)[C@H](N)C[C@@H]2N)[C@H](N)C[C@@H]1O,0,valid
NC[C@H]1O[C@H](O[C@H]2[C@H](O)[C@@H](O[C@H]3O[C@H](CO)[C@@H](O)[C@H](N)[C@H]3O)[C@H](N)C[C@@H]2N)[C@H](O)[C@@H](O)[C@@H]1O,0,valid
NC[C@@H]1CC[C@@H](N)[C@@H](O[C@H]2[C@H](O)[C@@H](O[C@H]3O[C@H](CO)[C@@H](O)[C@H](N)[C@H]3O)[C@H](N)C[C@@H]2N)O1,1,valid
NCCC(O)C(=O)N[C@@H]1C[C@H](N)[C@@H](O[C@H]2O[C@H](CN)[C@@H](O)[C@H](O)[C@H]2O)[C@H](O)[C@H]1O[C@H]1O[C@H](CO)[C@@H](O)[C@H](N)[C@H]1O,1,valid
CN[C@@H]1[C@@H](O)[C@@H](O[C@@H]2[C@@H](O)[C@H](O[C@H]3O[C@H](CN)[C@@H](O)[C@H](O)[C@H]3O)[C@@H](N)C[C@H]2NC(=O)C(O)CN)OC[C@]1(C)O,0,valid
COc1cc2nc(N(C)CCCNC(=O)C3CCCO3)nc(N)c2cc1OC,0,valid
N#Cc1ccc(C(c2ccc(C#N)cc2)n2cncn2)cc1,0,valid
CN1[C@@H]2CC[C@H]1CC(OC(=O)c1c[nH]c3ccccc13)C2,0,valid
N=C1N=C(N)c2ccccc21,0,valid
C#CCC(Cc1cnc2nc(N)nc(N)c2n1)c1ccc(C(=O)NC(CCC(=O)O)C(=O)O)cc1,0,valid
c1ccc(N=NNc2ccccc2)cc1,1,valid
CC1(C)CCC[C@]2(C)[C@H]3CC(=O)O[C@]3(C)CC[C@@H]12,0,valid
CC12CCC(CC1)C(C)(C)O2,0,valid
CC(=O)c1ccc2c(c1)[C@H](NC(=O)c1ccc(F)cc1)[C@@H](O)C(C)(C)O2,0,valid
OC[C@H]1O[C@@H]2O[C@H]3[C@H](O)[C@@H](O)[C@@H](O[C@H]4[C@H](O)[C@@H](O)[C@@H](O[C@H]5[C@H](O)[C@@H](O)[C@@H](O[C@H]6[C@H](O)[C@@H](O)[C@@H](O[C@H]7[C@H](O)[C@@H](O)[C@@H](O[C@H]8[C@H](O)[C@@H](O)[C@@H](O[C@H]9[C@H](O)[C@@H](O)[C@@H](O[C@H]1[C@H](O)[C@H]2O)O[C@@H]9CO)O[C@@H]8CO)O[C@@H]7CO)O[C@@H]6CO)O[C@@H]5CO)O[C@@H]4CO)O[C@@H]3CO,0,valid
O=C1CCCCCCCCCCOCCCCO1,0,valid
COc1cc2[nH]c(C)c(CCN3CCN(c4ccccc4)CC3)c2cc1OC,0,valid
CC(C)c1cc2c(cc1S(=O)(=O)O)[C@@]1(C)CCC[C@@](C)(C(=O)O)[C@@H]1CC2,0,valid
C1CN(P2(N3CC3)=NP(N3CC3)(N3CC3)=NP(N3CC3)(N3CC3)=N2)CCO1,0,valid
Cc1cc(C)c(C(=O)P(=O)(C(=O)c2c(C)cc(C)cc2C)c2ccccc2)c(C)c1,0,valid
CC(C)(C)c1ccc(C(O)CCCN2CCC(C(O)(c3ccccc3)c3ccccc3)CC2)cc1,0,valid
CC(C)(C(=O)O)c1ccc(C(O)CCCN2CCC(C(O)(c3ccccc3)c3ccccc3)CC2)cc1,0,valid
CCCC(CCC)C(=O)O[C@H]1C[C@H]2CC[C@@H](C1)[N+]2(C)C,0,valid
C1CN(SSN2CCOCC2)CCO1,0,valid
CCCCc1ccc2[nH]c(NC(=O)OC)nc2c1,1,valid
Cc1nc2cc(Cl)ccc2[nH]1,0,valid
O=C(O)CCc1nc2ccccc2[nH]1,0,valid
CCCSc1ccc2[nH]c(NC(=O)OC)nc2c1,1,valid
COC(=O)Nc1nc2ccccc2[nH]1,0,valid
NC(=O)Nc1nc2ccccc2[nH]1,0,valid
CCCOc1ccc2[nH]c(NC(=O)OC)nc2c1,0,valid
c1ccc2[nH]cnc2c1,0,valid
Cn1c(CCCC(=O)O)nc2cc(N(CCCl)CCCl)ccc21,0,valid
O=[N+]([O-])c1ccc2[nH]cnc2c1,0,valid
Nc1nc2ccccc2[nH]1,0,valid
CC1=C2C[C@H]3[C@@H](CC=C4C[C@@H](O)CC[C@@]43C)[C@@H]2CC[C@]12O[C@@H]1C[C@H](C)CN[C@H]1[C@H]2C,0,valid
C1CCc2nnnn2CC1,0,valid
COc1cc(C(=S)N2CCOCC2)ccc1O,0,valid
COc1cc(C(=S)N2CCOCC2)cc(OC)c1OC,0,valid
Oc1ccc2ccc3cccc4ccc1c2c34,1,valid
O=[N+]([O-])c1ccc2ccc3cccc4ccc1c2c34,0,valid
Cc1ccc2ccc3cccc4ccc1c2c34,0,valid
COc1cc2nc(N3CCN(C(=O)C4COc5ccccc5O4)CC3)nc(N)c2cc1OC,0,valid
CCOP(=O)(SC(C)CC)N1CCSC1=O,0,valid
C[C@@H]1C[C@H]2[C@@H]3CC=C4CC(=O)C=C[C@]4(C)[C@@]3(F)[C@@H](O)C[C@]2(C)[C@@]1(O)C(=O)COC(=O)c1cccc(S(=O)(=O)O)c1,1,valid
Cc1ccc(S(=O)(=O)NC(=O)NC2CCCC2)cc1,0,valid
O=c1[nH]c(=O)c2[nH]c(=O)[nH]c2[nH]1,0,valid
O=c1[nH]cnc2[nH]cc(CN3CCCCC3)c12,0,valid
CCN(CC)c1cc(C)nc2ncnn12,0,valid
O=C1OCC(Cc2cccc(O)c2)C1Cc1cccc(O)c1,1,valid
CCOc1cc(N)c(Cl)cc1C(=O)NCC1CN(Cc2ccc(F)cc2)CCO1,0,valid
Cc1nc(C)nc(N2C[C@@H](C)N(c3ccnc([C@@H](C)O)n3)[C@@H](C)C2)n1,0,valid
COc1ccc2c3c1O[C@H]1C[C@@H](O)C=C[C@@]31CCN(C)C2,0,valid
CCN1CN(CC)CN(CC)C1,0,valid
Cc1cccc(C)c1N(CCCc1cccnc1)C(=O)C(C)N,0,valid
CC(C)C(Nc1ccc(C(F)(F)F)cc1Cl)C(=O)OC(C#N)c1cccc(Oc2ccccc2)c1,0,valid
CNC1CCCN(c2c(F)cc3c(=O)c(C(=O)O)cn(C4CC4)c3c2OC)C1,0,valid
CCN1C(=O)c2ccccc2C1Nc1ccc(OCCN2CCCCC2)cc1,0,valid
CCOC(=O)C(CCc1ccccc1)NC(C)C(=O)N1C(C(=O)O)C[C@@H]2CCC[C@@H]21,0,valid
OCc1cc(O)c2c(O)c3c(O)cccc3c([C@@H]3O[C@H](CO)[C@@H](O)[C@H](O)[C@H]3O)c2c1,1,valid
CCOc1cc([N+](=O)[O-])c(OCC)cc1N1CCOCC1,0,valid
CC1(C)CN=C(NN=C(C=Cc2ccc(C(F)(F)F)cc2)C=Cc2ccc(C(F)(F)F)cc2)NC1,1,valid
CCOc1ccc(NC(=S)Nc2ccc(OCC)cc2)cc1,0,valid
S=C(Nc1ccccc1)Nc1ccccc1,0,valid
O=C(NC1CCN(CCc2c[nH]c3ccccc23)CC1)c1ccccc1,0,valid
O=C1c2ccccc2S(=O)(=O)N1CCCCN1CCN(c2ncccn2)CC1,0,valid
O=C(N[C@H]1CN2CCC1CC2)c1ccc2c(c1)OCCO2,0,valid
NC(=O)N(O)[C@@H]1C=C[C@H](Oc2cccc(Oc3ccc(F)cc3)c2)C1,1,valid
C[C@]12CCC(=O)C=C1C=CC1[C@@H]2CC[C@@]2(C)[C@H]1CC[C@@]2(O)CCC(=O)O,0,valid
CS(=O)(=O)NC(=O)CCC/C=C\CC1C(=O)C[C@@H](O)[C@@H]1/C=C/[C@H](O)COc1ccccc1,0,valid
C[N+]1(CCC(C(N)=O)(c2ccccc2)c2ccccc2)CCCCC1,0,valid
CCCCC[C@@H](O)C1C(=O)OC(C)[C@H](O)C=CC=CC=CC=CC=C(C)C(O)C(O)C(O)C[C@H](O)C[C@H](O)C[C@H](O)C[C@H](O)C[C@@H]1O,0,valid
NS(=O)(=O)c1cc(C(=O)O)c(NCc2ccco2)cc1Cl,1,valid
CCC1=C(C)CN(C(=O)NCCc2ccc(S(=O)(=O)NC(=O)N[C@H]3CC[C@H](C)CC3)cc2)C1=O,0,valid
C[C@H](CN1CCOCC1)C(C(=O)N1CCCC1)(c1ccccc1)c1ccccc1,0,valid
CC1CCc2cc(F)cc3c(=O)c(C(=O)O)cn1c23,0,valid
CC(NNC(=O)c1ccccc1)c1ccccc1,1,valid
CC[C@@]1([C@@H]2O[C@@H]([C@H]3O[C@@](O)(CO)[C@H](C)C[C@@H]3C)C[C@@H]2C)CC[C@H]([C@]2(C)CC[C@]3(C[C@H](O)[C@@H](C)[C@@H]([C@@H](C)[C@@H](OC)C(C)C(=O)O)O3)O2)O1,0,valid
CCOC(=O)Cc1cccc(-c2cc(CCCCCCc3ccc(O[C@H]4O[C@H](COC(C)=O)[C@@H](OC(C)=O)[C@H](OC(C)=O)[C@@H]4OC(C)=O)c(-c4cccc(CC(=O)OCC)c4)c3)ccc2O[C@H]2O[C@H](COC(C)=O)[C@@H](OC(C)=O)[C@H](OC(C)=O)[C@@H]2OC(C)=O)c1,0,valid
O=C(O)Cc1cccc(-c2cc(CCCCCCc3ccc(O[C@H]4O[C@H](CO)[C@@H](O)[C@H](O)[C@@H]4O)c(-c4cccc(CC(=O)O)c4)c3)ccc2O[C@H]2O[C@H](CO)[C@@H](O)[C@H](O)[C@@H]2O)c1,0,valid
COc1cc2c(c(OC)c1OC)-c1ccc(OC)c(=O)cc1[C@@H](NC(C)=O)CC2,0,valid
CN[C@H]1CCc2cc(OC)c(OC)c(OC)c2-c2ccc(OC)c(=O)cc21,0,valid
O=c1[nH]c2ccccc2c(=O)o1,0,valid
CC(=NO)c1ccc(OCC(=O)N2CCCCC2)cc1,1,valid
CC(=O)c1ccc(OCC(=O)N2CCCCC2)cc1,1,valid
CCCc1nc2c(C)cc(-c3nc4ccccc4n3C)cc2n1Cc1ccc(-c2ccccc2C(=O)O)cc1,0,valid
O=S1(=O)CCCO1,0,valid
CO[C@H]1C=CO[C@@]2(C)Oc3c(C)c(O)c4c(O)c(cc(O)c4c3C2=O)NC(=O)C(C)=CC=CC(C)[C@H](O)[C@@H](C)[C@@H](O)[C@@H](C)[C@H](OC(C)=O)[C@@H]1C,0,valid
CCCOc1nn(C(=O)NS(=O)(=O)c2ccccc2C(=O)OC)c(=O)n1C,0,valid
COc1nn(C(=O)NS(=O)(=O)c2ccccc2OC(F)(F)F)c(=O)n1C,0,valid
CC1(C)CC(OC(=O)CCCCCCCCC(=O)OC2CC(C)(C)NC(C)(C)C2)CC(C)(C)N1,0,valid
CN1CCN(C2Cc3ccccc3Sc3ccc(Cl)cc32)CC1,0,valid
CSc1ccc2c(c1)C(N1CCN(C)CC1)Cc1ccccc1S2,0,valid
CN(C(=O)C(Cl)Cl)c1ccc(OC(=O)c2ccco2)cc1,1,valid
CC1OC1C1CCC2(C)OC2C1,0,valid
C1CC2OC2CC1C1CO1,0,valid
O=C1c2ccccc2Cc2ccccc21,1,valid
c1cc2ccc3ccc4ccc5cccc6c(c1)c2c3c4c56,0,valid
CC[C@@H](C)CCCCC(=O)NC(CCN)C(=O)NC(C(=O)NC(CCN)C(=O)NC1CCNC(=O)C([C@@H](C)O)NC(=O)C(CCN)NC(=O)C(CCN)NC(=O)C(CC(C)C)NC(=O)C(Cc2ccccc2)NC(=O)C(CCN)NC1=O)[C@@H](C)O,0,valid
CC1(C)CCC(=Cc2ccc(Cl)cc2)C1(O)Cn1cncn1,0,valid
COc1ccc(C(=O)N2CCN(CC(=O)N3CCOCC3)CC2)cc1,0,valid
Cc1oc(=O)oc1CN1CCN(c2cc3c(cc2F)c(=O)c(C(=O)O)c2n3C(C)S2)CC1,1,valid
N#Cc1c[nH]cc1-c1cccc2c1OC(F)(F)O2,0,valid
CN1CCc2cc(Cl)c(O)cc2C2c3ccccc3CC[C@@H]21,0,valid
c1csc(C2(N3CCCCC3)CCCCC2)c1,0,valid
C=CCOC(=O)C(C)(C)OC(=O)c1cc(-n2c(=O)cc(C(F)(F)F)n(C)c2=O)ccc1Cl,0,valid
CCc1ccc(C(=O)C(C)CN2CCCCC2)cc1,0,valid
CCCCOc1ccc(C(=O)CCN2CCCCC2)cc1,1,valid
Cc1ccc(C(=O)C(C)CN2CCCCC2)cc1,1,valid
c1csc(-c2ccc(-c3cccs3)s2)c1,1,valid
CC(Cc1ccc(C(C)(C)C)cc1)CN1C[C@@H](C)O[C@@H](C)C1,0,valid
COc1ccccc1OC(=O)Oc1ccccc1OC,0,valid
O=C(Oc1ccccc1)Oc1ccccc1,0,valid
CC1(C)C(/C=C\C=C/C=C\C=C2\N(CCCCS(=O)(=O)O)c3ccc4ccccc4c3C2(C)C)=[N+](CCCCS(=O)(=O)[O-])c2ccc3ccccc3c21,0,valid
O=C(N/N=C/c1ccc([N+](=O)[O-])o1)c1cc([N+](=O)[O-])cc([N+](=O)[O-])c1O,0,valid
CC1(C)C(=O)C(C)(C)C1=O,0,valid
CC(N)C12CC3CC(CC(C3)C1)C2,0,valid
CC12CC3CC(C)(C1)CC(N)(C3)C2,0,valid
NC12CC3CC(CC(C3)C1)C2,0,valid
O=C(O)Cn1c(C(=O)Nc2nc(-c3ccccc3Cl)cs2)cc2ccccc21,0,valid
O=C(O)c1cc(N=Nc2ccc(S(=O)(=O)Nc3ccccn3)cc2)ccc1O,0,valid
CC(=O)O[C@]1(C(C)=O)CC[C@H]2C3=CC(C)=C4CC(=O)CC[C@]4(C)[C@H]3CC[C@@]21C,0,valid
CC(=O)[C@@]1(O)CC[C@H]2C3=CC(Cl)=C4CC(=O)CC[C@]4(C)[C@H]3CC[C@@]21C,1,valid
CC(=O)C1CC[C@H]2C3=CC=C4CC(=O)CC[C@@]4(C)[C@@H]3CC[C@]12C,0,valid
COc1ccc(CCN(C)CCCC(C#N)(c2cc(OC)c(OC)c(OC)c2)C(C)C)cc1OC,0,valid
CN1CCCC(CN2c3ccccc3Sc3ccccc32)C1,0,valid
c1ccc2c(c1)CCCC2,0,valid
CC(C)(C)NCC(O)COc1cccc2c1C[C@H](O)[C@H](O)C2,0,valid
OC1CCCc2ccccc21,0,valid
CC(=O)c1cc2c(cc1C)C(C)(C)C(C)CC2(C)C,0,valid
CC(C)CC1C(=O)N2CCC[C@H]2[C@]2(O)O[C@](NC(=O)C3C=C4c5cccc6[nH]c(Br)c(c56)C[C@H]4N(C)C3)(C(C)C)C(=O)N12,0,valid
CCC(C)N(C)C(=O)c1cc2ccccc2c(-c2ccccc2Cl)n1,0,valid
O=C(O)c1ccccc1C(=O)Nc1cccc2ccccc12,0,valid
NC(=O)OC[C@@H]1C(=NC(=O)C(NOCC(=O)O)c2csc(N)n2)C(=O)N1S(=O)(=O)O,1,valid
C[C@H]1C(=NC(=O)C(NOC(C)(C)C(=O)O)c2csc(N)n2)C(=O)N1S(=O)(=O)O,0,valid
CCOc1nc(C(Cl)(Cl)Cl)ns1,0,valid
CN(C)CCN(Cc1cccs1)c1ccccn1,0,valid
CN(C)CCN(Cc1ccccc1)c1ccccn1,0,valid
COc1ccc(CN(CCN(C)C)c2ccccn2)cc1,0,valid
CCOC(=O)Nc1ccc(NCc2ccc(F)cc2)nc1N,1,valid
CN(C)CCN(Cc1ccc(Cl)cc1)c1ccccn1,0,valid
C#C[C@]1(O)C=C[C@H]2[C@@H]3CC=C4CC(=O)CCC4[C@H]3CC[C@@]21CC,1,valid
CCCCC(=O)N(Cc1ccc(-c2ccccc2-c2nn[nH]n2)cc1)C(C(=O)O)C(C)C,0,valid
O=Cc1cc2ccccc2o1,0,valid
c1ccc2occc2c1,0,valid
COc1cc(C=CC(=O)O[C@H]2CC[C@]34C[C@]35CC[C@]3(C)[C@@H]([C@H](C)CCC=C(C)C)CC[C@@]3(C)[C@@H]5CC[C@H]4C2(C)C)ccc1O,0,valid
CC(C)(c1ccccc1)c1cc(-n2nc3ccccc3n2)c(O)c(C(C)(C)c2ccccc2)c1,0,valid
COc1cc2nc(N3CCN(C(=O)C4CCCO4)CC3)nc(N)c2cc1OC,0,valid
CC(=O)Nc1ccc(S(=O)(=O)Nc2cc(C)on2)cc1,0,valid
Cc1cc(NS(=O)(=O)c2ccc(N)cc2)no1,0,valid
CN1CCCC(n2nc(Cc3ccc(Cl)cc3)c3ccccc3c2=O)CC1,0,valid
O=C(OC1CCCCC1)c1ccccc1C(=O)OC1CCCCC1,0,valid
O=C1C[N+]([O-])=C(c2ccccc2)c2cc(Cl)ccc2N1,0,valid
CC(=O)O[C@H]1C[C@@]2(C)[C@@H](C[C@@H](O)[C@H]3[C@@]4(C)CC[C@@H](O)[C@@H](C)[C@@H]4CC[C@@]32C)/C1=C(\CCC=C(C)C)C(=O)O,0,valid
Cc1cccc(Cc2c[nH]cn2)c1C,0,valid
Cc1cccc(C(C)c2c[nH]cn2)c1C,0,valid
Cn1cc(O)nc1NC(=O)Nc1cccc(Cl)c1,1,valid
CC(Cc1ccc(OCC(=O)O)cc1)NCC(O)c1csc(C(F)(F)F)n1,0,valid
CC1=CC(=O)CC(C)(C)C1=O,0,valid
COP(=O)(OC)SCn1c(=O)oc2cc(Cl)cnc21,0,valid
C(COCC1CO1)OCC1CO1,0,valid
O=C(C=Cc1ccc(O)c(O)c1)O[C@@H]1C[C@](O)(C(=O)O)C[C@@H](O)[C@H]1O,0,valid
C1CS1,0,valid
COc1cc(NS(C)(=O)=O)ccc1Nc1c2ccccc2nc2ccccc12,0,valid
Cc1cc(=O)[nH]c(C(C)C)n1,0,valid
Nc1cc(=O)[nH]c(N)n1,0,valid
C[C@]12CCC(=O)C=C1CC[C@@H]1C2C(=O)C[C@@]2(C)[C@H]1CC[C@]2(O)C(=O)CO,0,valid
CNCCCC1c2ccccc2C=Cc2ccccc21,0,valid
COc1cc(OC)nc(NC(=O)NS(=O)(=O)c2ncccc2C(=O)N(C)C)n1,0,valid
COc1ccccc1N1CCN(CC(O)COc2cccc3ccccc23)CC1,0,valid
Cc1cc(C)c(S(=O)(=O)O)cc1N=Nc1cc(S(=O)(=O)O)c2ccccc2c1O,0,valid
O=c1c2ccccc2c(=O)c2c1cc(Cl)c1[nH]c3c([nH]c12)c(Cl)cc1c(=O)c2ccccc2c(=O)c13,0,valid
Nc1ccc(S(=O)(=O)NCc2ccccc2)cc1,0,valid
N#C[C@@H]1CC(F)(F)CN1C(=O)CNC1CC2CCC(C1)N2c1ncccn1,0,valid
NS(=O)(=O)c1cc(C2(O)NC(=O)c3ccccc32)ccc1Cl,0,valid
CC(C)(Oc1ccc(CCNC(=O)c2ccc(Cl)cc2)cc1)C(=O)O,0,valid
CC(C(=O)O)c1ccc(N2Cc3ccccc3C2=O)cc1,1,valid
Nc1c(Br)cc(Br)cc1CN[C@H]1CC[C@H](O)CC1,0,valid
Cc1cccc2sc3nncn3c12,0,valid
O=C(Cc1ccccc1)OCCc1ccccc1,0,valid
CC[C@@H]1C[C@H](N(Cc2cc(C(F)(F)F)cc(C(F)(F)F)c2)C(C)=O)c2cc(C(F)(F)F)ccc2N1C(=O)OC(C)C,0,valid
COc1cc(C[C@@H]2NCCc3cc(O)c(O)cc32)cc(OC)c1OC,0,valid
Nc1nc(-c2ccc([N+](=O)[O-])cc2)cs1,1,valid
NNc1nc(-c2ccccc2)cs1,0,valid
NNc1nc(-c2ccc(N)cc2)cs1,0,valid
Nc1nc(-c2ccccc2)cs1,1,valid
Nc1nc(=S)c2[nH]cnc2[nH]1,1,valid
CC(COc1ccccc1)N(CCCl)Cc1ccccc1,1,valid
O=C(OCc1ccccc1)c1ccc(O)cc1,1,valid
O=C(O)c1ccccc1C(=O)OCc1ccccc1,0,valid
O=C(OCc1ccccc1)c1ccccc1O,1,valid
CCCCOC(=O)c1ccccc1C(=O)OCc1ccccc1,1,valid
O=C(OCc1ccccc1)c1ccccc1,0,valid
CNCc1ccc(NC(=O)c2c[nH]c3c2C(=O)CCC3)cc1,0,valid
C=C1/C(=C\C=C2/CCC[C@]3(C)[C@@H]([C@H](C)/C=C/[C@@H](O)C4CC4)CC[C@@H]23)C[C@@H](O)C[C@@H]1O,0,valid
CC1(C)CCC[C@]2(C)[C@H]3CCO[C@]3(C)CC[C@@H]12,0,valid
CCC(C)OC(=O)N1CCCCC1CCO,0,valid
CC1(C)CC(O)CC(C)(C)N1[O],0,valid
CC1CCCNC1,0,valid
O=NN1CCCCC1,0,valid
CCCCN1C[C@H](O)[C@@H](O)[C@H](O)[C@H]1CO,0,valid
OCCC1CCCCN1,0,valid
O=CN1CCCCC1,0,valid
CC1(C)CC(O)CC(C)(C)N1,0,valid
CN1C(C)(C)CCCC1(C)C,0,valid
C[C@@H]1CCC[C@H](C)N1,0,valid
CCCCNC1CC(C)(C)NC(C)(C)C1,0,valid
OCCN1C[C@H](O)[C@@H](O)[C@H](O)[C@H]1CO,0,valid
CC1(C)CC(N)CC(C)(C)N1,0,valid
CN1C(C)(C)CC(O)CC1(C)C,0,valid
CC(C)CC1C(=O)N2CCC[C@H]2[C@]2(O)O[C@](NC(=O)C3C[C@@H]4c5cccc6[nH]cc(c56)C[C@H]4N(C)C3)(C(C)C)C(=O)N12,0,valid
O=C(Nc1ccccc1)OCC(CN1CCCCC1)OC(=O)Nc1ccccc1,0,valid
CO[C@@H]1[C@@H](O[C@@H]2O[C@H](C)[C@@H](O[C@H]3C[C@@](C)(O)[C@@H](O)[C@H](C)O3)[C@H](N(C)C)[C@H]2O)[C@@H](CC=O)C[C@@H](C)[C@@H](O[C@@H]2CC[C@H](N(C)C)[C@@H](C)O2)C=CC=CC[C@@H](C)OC(=O)C[C@H]1O,0,valid
CCC(=O)NCCC1CCc2ccc3c(c21)CCO3,1,valid
CCCN[C@H]1CCc2nc(N)sc2C1,0,valid
O=S(=O)(c1ccc(O)cc1)c1ccc(O)cc1,1,valid
Nc1ccccc1S(=O)(=O)c1ccccc1,0,valid
Nc1cccc(S(=O)(=O)c2cccc(N)c2)c1,0,valid
O=S(=O)(c1ccccc1)c1ccccc1,0,valid
Nc1ccc(S(=O)(=O)c2ccc(N)cc2)cc1,0,valid
O=S(O)CNc1ccc(S(=O)(=O)c2ccc(NCS(=O)O)cc2)cc1,0,valid
COc1cc([C@@H]2c3cc4c(cc3[C@H](O)[C@H]3COC(=O)C23)OCO4)cc(OC)c1OC,0,valid
COc1cc([C@@H]2c3cc4c(cc3[C@@H](O)[C@H]3COC(=O)C23)OCO4)cc(OC)c1O,0,valid
C1CC(COCC2CO2)CCC1COCC1CO1,0,valid
Cc1ccccc1N1C(=O)c2cc(S(N)(=O)=O)c(Cl)cc2NC1C,0,valid
C=C1[C@H]2CC[C@@H]3[C@H]2C(C)(C)CCC[C@]13C,0,valid
O=C1CCCCCO1,0,valid
CCCCC1CCCCC(=O)O1,0,valid
Oc1oc(O)c2c1C1C=CC2C1,0,valid
O=C1CCCCCCCCCCCCCCO1,0,valid
Cc1cn([C@H]2C=C[C@@H](CO)O2)c(=O)[nH]c1=O,0,valid
CC(=O)c1cc(C(C)(C)C)cc2c1CCC2(C)C,0,valid
Oc1ccc(Cl)c2c1CCC2,0,valid
C#CCN[C@@H]1CCc2ccccc21,0,valid
CCOCCn1c(N2CCCN(C)CC2)nc2ccccc21,0,valid
NC(=O)N1c2ccccc2CC(=O)c2ccccc21,0,valid
CS(=O)(=O)c1ccc(C2=C(c3ccccc3)C(=O)OC2)cc1,0,valid
C[C@H]1CC[C@@H]2[C@@H](C)[C@H]3[C@H](C[C@H]4[C@@H]5CC=C6CC(O[C@@H]7O[C@H](CO)[C@H](O)[C@H](O[C@@H]8O[C@H](CO)[C@@H](O)[C@H](O)[C@H]8O)[C@H]7O[C@H]7O[C@@H](C)[C@H](O)[C@@H](O)[C@H]7O)CC[C@]6(C)[C@H]5CC[C@]34C)N2C1,0,valid
Cc1[nH]cnc1CN1CCc2c(c3ccccc3n2C)C1=O,0,valid
CN1[C@H]2CC[C@@H]1C(C(=O)O)[C@@H](OC(=O)c1ccccc1)C2,0,valid
COC(=O)C1[C@H]2CC[C@@H](C[C@H]1OC(=O)c1ccccc1)N2C,0,valid
CN1[C@@H]2CC[C@H]1C[C@@H](OC(=O)c1cc(Cl)cc(Cl)c1)C2,0,valid
COC(=O)C1[C@@H](OC(=O)c2ccccc2)C[C@@H]2CC[C@H]1N2C,0,valid
Cc1cc(C)cc(C(=O)OC2C[C@H]3CC[C@@H](C2)N3C)c1,0,valid
CCn1cc(C(=O)O)c(=O)c2cc(F)c(N3CCN(C)CC3)cc21,0,valid
CCn1cc(C(=O)O)c(=O)c2cc(F)c(N3CCNC(C)C3)c(F)c21,0,valid
CCn1cc(C(=O)O)c(=O)c2cc(F)c(N3CCNCC3)cc21,0,valid
CC[C@H](NC(=O)c1cc(F)ccc1NS(=O)(=O)c1cccc2cccnc12)c1ccccc1,0,valid
COc1cc(NS(=O)(=O)c2ccc(N)cc2)nc(C)n1,0,valid
COc1cc(NS(=O)(=O)c2ccc(N)cc2)ncn1,0,valid
COc1cc(NS(=O)(=O)c2ccc(N)cc2)nc(OC)n1,0,valid
COc1ncnc(NS(=O)(=O)c2ccc(N)cc2)c1OC,0,valid
Cc1cc(NS(=O)(=O)c2ccc(N)cc2)nc(C)n1,0,valid
C[C@]12CC[C@@H]3c4ccc(O)cc4C=CC3[C@@H]1CCC2=O,1,valid
COc1ccc2c(c1OC)CN1CCc3cc4c(cc3C1C2)OCO4,0,valid
O=C(COc1ccc(Cl)cc1)OCCNC12CC3CC(CC(C3)C1)C2,0,valid
CO[C@H]1C=CO[C@@]2(C)Oc3c(C)c(O)c4c(O)c(c5c(nc6cc(C)ccn65)c4c3C2=O)NC(=O)C(C)=CC=CC(C)[C@H](O)[C@@H](C)[C@@H](O)[C@@H](C)[C@H](OC(C)=O)[C@@H]1C,0,valid
CC1CS(=O)(=O)CCN1N=Cc1ccc([N+](=O)[O-])o1,0,valid
CCC1=CC(C)C[C@H](C)C[C@H](OC)[C@H]2O[C@@](O)(C(=O)C(=O)N3CCCCC3C(=O)O[C@H](/C(C)=C/[C@@H]3CC[C@@H](Cl)[C@H](OC)C3)[C@H](C)[C@@H](O)CC1=O)[C@H](C)C[C@@H]2OC,1,valid
C=CCC1=CC(C)C[C@H](C)C[C@H](OC)[C@H]2O[C@@](O)(C(=O)C(=O)N3CCCCC3C(=O)O[C@H](/C(C)=C/[C@@H]3CC[C@@H](O)[C@H](OC)C3)[C@H](C)[C@@H](O)CC1=O)[C@H](C)C[C@@H]2OC,0,valid
Clc1ccccc1-c1nc(-c2ccncc2)no1,1,valid
CC(/C=C/C=C(\C)C(=O)O[C@@H]1O[C@H](CO[C@@H]2O[C@H](CO)[C@@H](O)[C@H](O)[C@H]2O)[C@@H](O)[C@H](O)[C@H]1O)=C\C=C\C=C(C)\C=C\C=C(/C)C(=O)O[C@@H]1O[C@H](CO[C@@H]2O[C@H](CO)[C@@H](O)[C@H](O)[C@H]2O)[C@@H](O)[C@H](O)[C@H]1O,1,valid
Fc1ccc(Oc2ccnc3cc(Cl)cc(Cl)c23)cc1,0,valid
CC(=O)Oc1ccccc1C(=O)Nc1ncc([N+](=O)[O-])s1,1,valid
CCc1nn(C2CCCCC2)c2cc(C3(C#N)CCC(C(=O)O)CC3)ccc12,0,valid
ClC1(Cl)C2(Cl)C3(Cl)C4(Cl)C(Cl)(Cl)C5(Cl)C3(Cl)C1(Cl)C5(Cl)C24Cl,0,valid
CNC(=O)N(C)c1nnc(C(C)(C)C)s1,0,valid
CC(=O)Nc1nnc(S(N)(=O)=O)s1,0,valid
CC(C)CC(N(C)C)C1(c2ccc(Cl)cc2)CCC1,0,valid
CN(C)CCC=C1c2ccccc2C=Cc2ccccc21,0,valid
C/C(=C\C(=O)OCCCCCCCCC(=O)O)C[C@@H]1OC[C@H](C[C@@H]2O[C@H]2[C@@H](C)[C@H](C)O)[C@@H](O)[C@H]1O,0,valid
C[C@@H]1CN([C@H]2CC[C@](C#N)(c3ccc(F)cc3)CC2)CC[C@]1(C(=O)O)c1ccccc1,0,valid
C1=CCC2CC=CC2C1,0,valid
CC(C)=CC1C(C(=O)OCc2cccc(Oc3ccccc3)c2)C1(C)C,0,valid
CC1(C)C(C(=O)O[C@H](C#N)c2cccc(Oc3ccccc3)c2)[C@@H]1C=C(Br)Br,0,valid
CC1(C)C(C=C(Cl)Cl)C1C(=O)OCc1cccc(Oc2ccccc2)c1,0,valid
CC1(C)C(C(=O)O[C@H](C#N)c2cccc(Oc3ccccc3)c2)[C@H]1/C=C(\Cl)C(F)(F)F,0,valid
CC1(C)C(C(=O)O[C@H](C#N)c2cccc(Oc3ccccc3)c2)[C@@H]1/C=C(\Cl)C(F)(F)F,0,valid
CC1(C)C(C=C(Cl)Cl)C1C(=O)OC(C#N)c1cccc(Oc2ccccc2)c1,0,valid
CC(C)=CC1C(C(=O)OC(C#N)c2cccc(Oc3ccccc3)c2)C1(C)C,0,valid
c1ccc(Nc2ccc3ccccc3c2)cc1,1,valid
CCCC=c1ncc(=CC(Cc2cccs2)C(=O)O)n1Cc1ccc(C(=O)O)cc1,0,valid
O=c1c(-c2ccccc2)c1-c1ccccc1,0,valid
CC(C)N1CCN(c2ccc(OC[C@H]3CO[C@](Cn4cncn4)(c4ccc(Cl)cc4Cl)O3)cc2)CC1,0,valid
CON=C(C(=O)NC1C(=O)N2C(C(=O)O)=C(CSc3nc(C)c(CC(=O)O)s3)CS[C@H]12)c1csc(N)n1,0,valid
CC1(C)S[C@@H]2C(NC(=O)C(NC(=O)N3CCNC3=O)c3ccccc3)C(=O)N2C1C(=O)O,0,valid
CC1(C)S[C@@H]2C(NC(=O)C(NC(=O)N3CCN(S(C)(=O)=O)C3=O)c3ccccc3)C(=O)N2C1C(=O)O,1,valid
COC(=O)C1=C(C)N=C(C)C(C(=O)O[C@H]2CCN(Cc3ccccc3)C2)[C@H]1c1cccc([N+](=O)[O-])c1,0,valid
COc1ccc([C@@H]2CC(=O)c3c(O)cc(O[C@@H]4O[C@H](CO[C@@H]5O[C@@H](C)[C@H](O)[C@@H](O)[C@H]5O)[C@@H](O)[C@H](O)[C@H]4O)cc3O2)cc1OC,0,valid
COc1ccc([C@@H]2CC(=O)c3c(O)cc(O[C@@H]4O[C@H](CO[C@@H]5O[C@@H](C)[C@H](O)[C@@H](O)[C@H]5O)[C@@H](O)[C@H](O)[C@H]4O)cc3O2)cc1O,0,valid
CC1=CC[C@H](CC=O)C1(C)C,0,valid
CN1CCN(c2c(F)cc3c(=O)c(C(=O)O)cn4c3c2SCC4)CC1,0,valid
CON=C(C(=O)NC1C(=O)N2C(C(=O)[O-])=C(C[n+]3ccn4ncccc43)CS[C@H]12)c1nsc(N)n1,0,valid
COC(=O)c1ccc(C)cc1C1=NC(=O)C(C)(C(C)C)N1,0,valid
O=C(C(=O)c1ccccc1)c1ccccc1,0,valid
O=C(C(=O)c1ccc(Br)cc1)c1ccc(Br)cc1,0,valid
O=C1NC(=O)c2ccccc21,0,valid
O=C1NC(=O)c2cc([N+](=O)[O-])ccc21,0,valid
O=C1c2ccccc2C(=O)N1CCl,0,valid
COP(=S)(OC)SCN1C(=O)c2ccccc2C1=O,0,valid
CC(C)N1C(=O)c2ccccc2C1=O,0,valid
CN1C(=O)c2ccc([N+](=O)[O-])cc2C1=O,0,valid
CCOP(=S)(OCC)SC(CCl)N1C(=O)c2ccccc2C1=O,1,valid
O=C1c2ccccc2C(=O)N1CO,0,valid
CCCCN1C(=O)c2ccccc2C1=O,0,valid
O=C(NC(=O)c1c(F)cccc1F)Nc1ccc(Cl)c(Oc2ncc(C(F)(F)F)cc2Cl)c1,0,valid
CC(C)(C)NC[C@H](O)COc1cccc2c1CCCC2=O,0,valid
O=C1CCCc2ccccc21,0,valid
O[C@H]1[C@H]2[C@H](O)CCCN2C[C@H]1O,0,valid
O=C1CCCc2c1cc1ccc3cccc4ccc2c1c34,1,valid
CN(C(=O)CN(CCO)CC(=O)N(C)C(C)(C)Cc1ccccc1)C(C)(C)Cc1ccccc1,0,valid
CC1Cc2ccccc2N1NC(=O)c1ccc(Cl)c(S(N)(=O)=O)c1,0,valid
O=C(O)c1cccc(-c2noc(-c3ccccc3F)n2)c1,1,valid
NC(=O)CCCCC1CCSS1,1,valid
O=C(O)CCCCC1CCSS1,0,valid
O=C(OCc1ccccc1)c1cccnc1,0,valid
COc1ccc2c(C(=O)c3ccc(Cl)cc3)c(C)n(CC(=O)O)c2c1,0,valid
CN1C(=O)CCS(=O)(=O)C1c1ccc(Cl)cc1,0,valid
COc1ccc(CNCC(O)COc2ccc3[nH]c(=O)ccc3c2)cc1OC,0,valid
Clc1nc2ccccc2nc1Cl,0,valid
CCOP(=S)(OCC)Oc1cnc2ccccc2n1,1,valid
c1ccc2nccnc2c1,0,valid
O=C(O)c1cn(-c2ccc(F)cc2)c2cc(N3CCNCC3)c(F)cc2c1=O,0,valid
CN1CCN(c2cc3c(cc2F)c(=O)c(C(=O)O)cn3-c2ccc(F)cc2)CC1,0,valid
CC1CN(c2cc3c(cc2F)c(=O)c(C(=O)O)cn3-c2ccc(F)cc2F)CCN1,0,valid
O=P(Cl)(Oc1ccccc1)Oc1ccccc1,0,valid
O=[PH](Oc1ccccc1)Oc1ccccc1,1,valid
CC(C)CCCCCCCOP(=O)(Oc1ccccc1)Oc1ccccc1,0,valid
CCCCC(CC)COP(=O)(Oc1ccccc1)Oc1ccccc1,0,valid
O=P(O)(Oc1ccccc1)Oc1ccccc1,0,valid
COc1c(O)cc2c(c1O)[C@@H]1O[C@H](CO)[C@@H](O)[C@H](O)[C@H]1OC2=O,0,valid
C[C@H]1CCC[C@H](O)CCCCCc2cc(O)cc(O)c2C(=O)O1,1,valid
CC(C)=CC1C(C(=O)OCN2C(=O)C3=C(CCCC3)C2=O)C1(C)C,0,valid
CC1(C)OC[C@@H]2O[C@@]3(C(=O)O)OC(C)(C)O[C@H]3[C@@H]2O1,0,valid
Cc1cc(=O)n(-c2ccccc2)n1C,0,valid
Cc1c(I)c(=O)n(-c2ccccc2)n1C,0,valid
Cc1c(NC(C)C)c(=O)n(-c2ccccc2)n1C,0,valid
Cc1cc(=O)n(-c2ccccc2)[nH]1,0,valid
CCOC(=O)c1cc(=O)n(-c2ccccc2)[nH]1,0,valid
Cc1c(N)c(=O)n(-c2ccccc2)n1C,0,valid
Cc1c(C(C)C)c(=O)n(-c2ccccc2)n1C,0,valid
Cc1cc(=O)n(-c2ccc(S(=O)(=O)O)cc2)[nH]1,0,valid
Cc1c(N(C)CS(=O)(=O)O)c(=O)n(-c2ccccc2)n1C,1,valid
Cc1c(N(C)C)c(=O)n(-c2ccccc2)n1C,0,valid
Cc1cc(=O)n(-c2cccc(S(=O)(=O)O)c2)[nH]1,0,valid
O=C(O)c1cc(=O)n(-c2ccc(S(=O)(=O)O)cc2)[nH]1,0,valid
Cc1cc(=O)n(-c2ccc(C(=O)O)cc2)[nH]1,0,valid
COc1ccc2[nH]c([S+]([O-])Cc3ncc(C)c(OC)c3C)nc2n1,0,valid
CCN(CCCCOC(=O)c1ccc(OC)c(OC)c1)C(C)Cc1ccc(OC)cc1,0,valid
Cc1nccn1CC1CCc2c(c3ccccc3n2C)C1=O,0,valid
COC(=O)C(c1ccccc1)C1CCCCN1,0,valid
N=C(N)NCC1COc2ccccc2O1,0,valid
CN1CCC(OC(=O)C(Oc2ccc(Cl)cc2)Oc2ccc(Cl)cc2)CC1,0,valid
C[C@H]1[C@H]2Cc3ccc(O)cc3[C@]1(C)CCN2CCc1ccccc1,0,valid
S=P(N1CC1)(N1CC1)N1CC1,0,valid
Cc1nnc2n1-c1sc(CCC(=O)N3CCOCC3)cc1C(c1ccccc1Cl)=NC2,0,valid
O=P1(N(CCCl)CCCl)NC(OO)CCO1,0,valid
O=P1(N(CCCl)CCCl)NCCCO1,1,valid
O=P1(NCCCl)OCCCN1CCCl,0,valid
CSC(=O)c1cccc2nnsc12,0,valid
CN(C)CCC(c1ccc(Br)cc1)c1ccccn1,0,valid
CN(C)CCC(c1ccc(Cl)cc1)c1ccccn1,0,valid
CN(C)CCOC(c1ccc(Cl)cc1)c1ccccn1,0,valid
CC(C)N(CCC(C(N)=O)(c1ccccc1)c1ccccn1)C(C)C,0,valid
CN(C)CCOC(C)(c1ccccc1)c1ccccn1,1,valid
CN(C)CCC(c1ccccc1)c1ccccn1,1,valid
CCC1(C2=NCCN2)Cc2ccccc2O1,0,valid
O=C(OCC1CO1)C1CCCCC1C(=O)OCC1CO1,0,valid
CC[n+]1c(-c2ccccc2)c2cc(N)ccc2c2ccc(N)cc21,0,valid
CCc1ncnc2cc(OC)c(OC)cc12,0,valid
COc1cc(N)c(Cl)cc1C(=O)NC1CN2CCC1CC2,0,valid
C[C@]12CC[C@@H]3c4ccc(OC(=O)c5ccccc5)cc4CC[C@H]3[C@@H]1CC[C@@H]2O,1,valid
O=c1ssc(Cl)c1Cl,0,valid
CN(C(=O)Cc1ccccc1)[C@H]1CC[C@@]2(CCCO2)C[C@@H]1N1CCCC1,0,valid
O=C(O)c1ccccc1-n1cc(C(=O)O)c(=O)c2cc(Nc3c(F)cc(F)cc3Cl)c(Cl)cc21,0,valid
Cc1onc(-c2ccccc2Cl)c1C(=O)NC1C(=O)N2C(C(=O)O)C(C)(C)S[C@H]12,0,valid
CC(C)OC(=O)OCOP(=O)(CO[C@H](C)Cn1cnc2c(N)ncnc21)OCOC(=O)OC(C)C,0,valid
COc1nc(N)nc2[nH]cnc12,0,valid
Nc1ncnc2[nH]cnc12,0,valid
CC(=O)OCC(CCn1cnc2cnc(N)nc21)COC(C)=O,0,valid
CNc1ncnc2[nH]cnc12,0,valid
COc1ccc(CCNC[C@H](O)c2ccc(O)cc2)cc1OC,0,valid
COc1ccc(C[C@@H](C)NC[C@H](O)c2ccc(O)c(NC=O)c2)cc1,0,valid
C[C@H](NCCc1ccc(O)cc1)[C@H](O)c1ccc(O)cc1,0,valid
COc1ccc(C[C@H](C)NC[C@@H](O)c2ccc(O)c(NC=O)c2)cc1,0,valid
CC1C(C)(C)C2=C(C(=O)CCC2)C1(C)C,0,valid
c1ccc2c(c1)oc1ccccc12,0,valid
COc1cc2c(cc1N)oc1ccccc12,1,valid
CCCCCCCCN1CCCC1=O,0,valid
CCN1CCCC1=O,0,valid
O=C1CCC(C(=O)O)N1,0,valid
CCC(C(N)=O)N1CCCC1=O,1,valid
NC(=O)CN1CC(O)CC1=O,0,valid
NC(=O)CN1CCCC1=O,0,valid
O=C1CCCN1,1,valid
O=C1CCCN1CCO,0,valid
C=CN1CCCC1=O,0,valid
CN1CCCC1=O,0,valid
C=C1C[C@]23CC[C@H]4[C@](C)(CCC[C@@]4(C)C(=O)O[C@@H]4O[C@H](CO)[C@@H](O)[C@H](O)[C@H]4O)[C@@H]2C[C@@H](O[C@@H]2O[C@H](CO)[C@@H](O)[C@H](O[C@@H]4O[C@H](CO)[C@@H](O)[C@H](O)[C@H]4O)[C@H]2OC2O[C@H](CO)[C@@H](O)[C@H](O)[C@H]2O)[C@@H]1C3,0,valid
CC1(C)S[C@@H]2C(NC(=O)Cc3ccccc3)C(=O)N2C1C(=O)O,0,valid
CC1(C)S[C@@H]2C(NC(=O)C(N)c3ccc(O)cc3)C(=O)N2C1C(=O)O,0,valid
CC1(C)S[C@@H]2C(NC(=O)C(N)c3ccccc3)C(=O)N2C1C(=O)O,0,valid
CC1(C)S[C@@H]2C(NC(=O)C(c3ccccc3)S(=O)(=O)O)C(=O)N2C1C(=O)O,0,valid
CCOC(=O)OC(C)OC(=O)C1N2C(=O)C(NC(=O)C(N)c3ccccc3)[C@H]2SC1(C)C,0,valid
CNC(=O)CC(N)C(=O)NC(C(=O)NC1C(=O)N2C(C(=O)O)C(C)(C)S[C@H]12)c1ccc(O)cc1,0,valid
CC(C)(C)C(=O)OCOC(=O)C1N2C(=O)C(NC(=O)C(N)c3ccccc3)[C@H]2SC1(C)C,0,valid
c1ccc2cc3c(ccc4ccccc43)cc2c1,1,valid
Cc1c2ccccc2c(C)c2c1ccc1ccccc12,1,valid
CN1[C@@H]2C[C@@H](OC(=O)C(CO)c3ccccc3)C[C@H]1[C@@H]1O[C@@H]12,1,valid
CC1(C)S[C@@H]2C(NC(=O)C(N)c3ccccc3)C(=O)N2C1C(=O)OCOC(=O)C1N2C(=O)C[C@H]2S(=O)(=O)C1(C)C,0,valid
CC(=O)OC(C)OC(=O)C(C)c1ccc(-c2ccccc2)c(F)c1,0,valid
Nc1ccc(-c2ccc(N)cc2)cc1,0,valid
Nc1ccc(-c2ccc(N)c(N)c2)cc1N,0,valid
Oc1ccc(-c2ccc(O)cc2)cc1,1,valid
Oc1ccc(-c2ccccc2)cc1,1,valid
Oc1ccccc1-c1ccccc1,0,valid
Brc1ccccc1-c1ccccc1,0,valid
Cc1cc(OI)c(C(C)C)cc1-c1cc(C(C)C)c(OI)cc1C,0,valid
Cc1cc(-c2ccc(N)c(C)c2)ccc1N,0,valid
O=C(O)Cc1ccc(-c2ccccc2)cc1,0,valid
c1ccc(-c2ccccc2)cc1,0,valid
Cc1ccc(-c2ccccc2)cc1,0,valid
Clc1cc(Cl)c(-c2cc(Cl)c(Cl)cc2Cl)cc1Cl,0,valid
COc1cc(-c2ccc(N=C=O)c(OC)c2)ccc1N=C=O,0,valid
O=C(O)CCC(=O)c1ccc(-c2ccccc2)cc1,0,valid
Nc1ccc(-c2ccc(N)c(Cl)c2)cc1Cl,1,valid
CC(C(=O)O)c1ccc(-c2ccccc2)c(F)c1,1,valid
COc1cc(-c2ccc(N)c(OC)c2)ccc1N,0,valid
Nc1ccc(-c2ccccc2)cc1,1,valid
O=C(O)c1ccccc1-c1ccc(C(F)(F)F)cc1,0,valid
CCOC(=O)Cc1ccc(-c2ccccc2)cc1,0,valid
CCCCCCc1ccc(-c2ccc(C#N)cc2)cc1,0,valid
Brc1ccc(-c2ccccc2)cc1,0,valid
Clc1ccccc1-c1ccccc1Cl,1,valid
CC(C)(C)c1ccc(-c2ccc(C(C)(C)C)cc2)cc1,0,valid
Brc1cc(-c2ccc(Br)c(Br)c2Br)cc(Br)c1Br,0,valid
Oc1ccc(-c2ccccc2)c(Cl)c1,1,valid
O=C(O)c1cc(-c2ccc(F)cc2F)ccc1O,0,valid
Fc1ccccc1-c1ccccc1,0,valid
Clc1cccc(-c2cc(Cl)cc(Cl)c2)c1,0,valid
Cc1cc(-c2cc(C)c(N)c(C)c2)cc(C)c1N,0,valid
Nc1ccc(-c2ccc(F)cc2)cc1,1,valid
O=C(CCCCC(=O)Nc1c(I)cc(I)c(C(=O)O)c1I)Nc1c(I)cc(I)c(C(=O)O)c1I,0,test
Cc1ccc(S(=O)(=O)NC(=O)NC2CCCCCCC2)cc1,0,test
CC(=O)Nc1ccc(OCCOCCOc2ccc(NC(C)=O)cc2)cc1,0,test
CCC1(c2c[nH]cn2)Cc2ccccc2C1,0,test
c1ccc2[nH]nnc2c1,0,test
Cc1cccc2[nH]nnc12,0,test
Clc1ccc2[nH]nnc2c1,0,test
On1nnc2ccccc21,0,test
CCNc1nc(NC(C)C(C)C)nc(SC)n1,0,test
CCNc1nc(NC(C)C)nc(SC)n1,0,test
Nc1nc(N)nc(Cl)n1,0,test
COc1nc(NC(C)C)nc(NC(C)C)n1,0,test
CC(C)Nc1nc(N)nc(Cl)n1,0,test
CCNc1nc(N)nc(Cl)n1,0,test
CCNc1nc(NC(C)C)nc(OC)n1,0,test
Nc1nc(N)nc(N)n1,0,test
COCN(COC)c1nc(N(COC)COC)nc(N(COC)COC)n1,0,test
CCNc1nc(Cl)nc(NC(C)(C)C#N)n1,0,test
CCNc1nc(NC(C)CC)nc(OC)n1,0,test
CCNc1nc(NCC)nc(SC)n1,0,test
CCNc1nc(Cl)nc(NC(C)C)n1,0,test
CSc1nc(NC(C)C)nc(NC(C)C)n1,0,test
CCNc1nc(Cl)nc(NCC)n1,0,test
C=CCOc1nc(OCC=C)nc(OCC=C)n1,0,test
Cc1nc(N)nc(N)n1,0,test
CSc1nc(N=[N+]=[N-])nc(NC(C)C)n1,0,test
CCNc1nc(Cl)nc(NC(C)(C)C)n1,1,test
CCNc1nc(NC(C)(C)C)nc(SC)n1,0,test
CC(C)Nc1nc(Cl)nc(NC(C)C)n1,0,test
CN(C)c1nc(N(C)C)nc(N(C)C)n1,0,test
CN1CCN(c2c(F)cc3c(=O)c(C(=O)O)cn4c3c2OCN4C)CC1,1,test
O=C(NN1CCCC1)NS(=O)(=O)c1ccc(Cl)cc1,0,test
OC(CCCN1CCCCC1)(c1ccccc1)c1ccccc1,0,test
C[C@@H](O)C1C(=O)N2C(C(=O)O)=C(SCCN=CN)C[C@H]12,0,test
O=C(O)C1(C(=O)Nc2ccc(Cl)cc2Cl)CC1,0,test
OC[C@H]1O[C@H](O[C@H]2[C@H](O)[C@@H](O)[C@@H](O[C@H]3[C@H](O)[C@@H](O)[C@@H](O)O[C@@H]3CO)O[C@@H]2CO)[C@H](O)[C@@H](O)[C@@H]1O,1,test
CC(C)(COC(=O)c1ccccc1)COC(=O)c1ccccc1,1,test
CC(C)C(OC(=O)c1ccccc1)C(C)(C)COC(=O)c1ccccc1,1,test
Cc1cc(C(C)(C)C)c(O)c(C)c1Cn1c(=O)n(Cc2c(C)cc(C(C)(C)C)c(O)c2C)c(=O)n(Cc2c(C)cc(C(C)(C)C)c(O)c2C)c1=O,0,test
S=c1[nH]cnc2[nH]cnc12,0,test
O=C(O)c1ccc(OCCCOc2ccc(C(=O)O)cc2)cc1,0,test
N=C(N)c1ccc(OCCCOc2ccc(C(=N)N)cc2)cc1,0,test
CCCc1c(OCCCOc2ccc(OCC(=O)O)cc2)ccc(C(C)=O)c1O,0,test
CCCCC/C=C\CCC(=O)N[C@H]1[C@H](Oc2c3cc4cc2Oc2ccc(cc2Cl)[C@@H](O[C@@H]2O[C@H](CO)[C@@H](O)[C@H](O)[C@H]2NC(C)=O)C2NC(=O)C(NC(=O)C4NC(=O)C4NC(=O)C(Cc5ccc(c(Cl)c5)O3)NC(=O)C(N)c3ccc(O)c(c3)Oc3cc(O)cc4c3)c3ccc(O)c(c3)-c3c(O[C@H]4O[C@H](CO)[C@@H](O)[C@H](O)[C@@H]4O)cc(O)cc3C(C(=O)O)NC2=O)O[C@H](CO)[C@@H](O)[C@@H]1O,0,test
NCC1(Cc2nc(=O)o[nH]2)CCCCC1,0,test
COc1ccc(/C=N\NC(=O)c2ccncc2)c(C(=O)O)c1OC,0,test
COc1ccc(/C=N/NC(=O)c2ccncc2)cc1OC,0,test
O=C(O)COc1ccccc1/C=N/NC(=O)c1ccncc1,0,test
CC1(C)C2CC[C@]3(C)C(C(=O)C=C4C5C[C@@](C)(C(=O)O)CC[C@]5(C)CC[C@]43C)[C@@]2(C)CC[C@@H]1O[C@H]1OC(C(=O)O)[C@@H](O)[C@H](O)[C@H]1O[C@@H]1OC(C(=O)O)[C@@H](O)[C@H](O)[C@H]1O,1,test
CC1(C)[C@@H](O[C@H]2OC(C(=O)O)[C@@H](O)[C@H](O)[C@H]2O[C@@H]2OC(C(=O)O)[C@@H](O)[C@H](O)[C@H]2O)CC[C@]2(C)C3C(=O)C=C4C5C[C@@](C)(C(=O)O)CC[C@]5(C)CC[C@@]4(C)[C@]3(C)CC[C@@H]12,0,test
Cc1ccc(C(=O)Nc2ccc(S(=O)(=O)O)c3cc(S(=O)(=O)O)cc(S(=O)(=O)O)c23)cc1NC(=O)c1cccc(NC(=O)Nc2cccc(C(=O)Nc3cc(C(=O)Nc4ccc(S(=O)(=O)O)c5cc(S(=O)(=O)O)cc(S(=O)(=O)O)c45)ccc3C)c2)c1,0,test
CC(C)C(C(=O)OC(C#N)c1cccc(Oc2ccccc2)c1)c1ccc(OC(F)F)cc1,0,test
CC(C)C(C(=O)OC(C#N)c1cccc(Oc2ccccc2)c1)c1ccc(Cl)cc1,1,test
CC(C)C(C(=O)O[C@H](C#N)c1cccc(Oc2ccccc2)c1)c1ccc(Cl)cc1,0,test
CCn1c(O)c(-c2ccccc2)[nH]c1=O,0,test
CCCCc1nc(Cl)c(CO)n1Cc1ccc(-c2ccccc2-c2nn[nH]n2)cc1,0,test
Cl/C(=C\n1cncn1)c1ccc(Cl)cc1Cl,0,test
Clc1ccc(COC(Cn2ccnc2)c2ccc(Cl)cc2Cl)cc1,0,test
Clc1ccc(C(Cn2ccnc2)OCc2c(Cl)cccc2Cl)c(Cl)c1,0,test
Clc1ccc(COC(Cn2ccnc2)c2ccc(Cl)cc2Cl)c(Cl)c1,0,test
c1cnc(N2CCN(Cc3ccc4c(c3)OCO4)CC2)nc1,0,test
CC1=CC[C@H]2C[C@@H]1C2(C)C,0,test
CC1=CCC2CC1C2(C)C,0,test
CC1=CC[C@@H]2C[C@H]1C2(C)C,0,test
COc1cc(C(=O)N2CCCCCCC2)cc(OC)c1OC,0,test
C[C@@H]1[C@H](O)[C@@H](C)C=CC=CCCC=CC=CC=CC=C[C@H](O[C@H]2O[C@@H](C)[C@H](O)[C@@H](N)[C@H]2O)CC2O[C@](O)(C[C@@H](O)[C@H](O)CC[C@@H](O)C[C@@H](O)C[C@@H](O)CC(=O)O[C@H]1C)C[C@H](O)C2C(=O)O,0,test
O=c1[nH]c(O)cn1N=Cc1ccc([N+](=O)[O-])o1,0,test
Oc1c2c(c(O)n1CCCCN1CCN(c3ncccn3)CC1)[C@H]1CC[C@@H]2C1,0,test
O=C1CCCCCCCCCCC(=O)OCCO1,0,test
OC[C@H]1O[C@@H](O[C@H]2[C@H](O)[C@@H](O)[C@H](O)O[C@@H]2CO)[C@H](O)[C@@H](O)[C@@H]1O,0,test
OC[C@H]1O[C@@H](O[C@H]2[C@H](O)[C@@H](O)[C@H](O)O[C@@H]2CO)[C@H](O)[C@@H](O)[C@H]1O,0,test
COC(=O)C1[C@H]2C[C@@H]3c4[nH]c5ccccc5c4CCN3C[C@H]2C[C@@H](OC(=O)c2cc(OC)c(OC)c(OC)c2)[C@@H]1OC,0,test
CCOC(=O)Oc1c(OC)cc(C(=O)O[C@@H]2C[C@@H]3CN4CCc5c([nH]c6cc(OC)ccc56)[C@H]4C[C@@H]3C(C(=O)OC)[C@H]2OC)cc1OC,0,test
CC1(C)Oc2ccc(C#N)cc2[C@@H](N2CCCC2=O)[C@@H]1O,0,test
Nc1ccc(S(=O)(=O)Nc2ccccn2)cc1,0,test
O=S(=O)(O)CCCN1CCOCC1,0,test
NCCN1CCOCC1,0,test
CN1CCOCC1,0,test
CCCCCCCCCCCCN1CCOCC1,0,test
NCCCN1CCOCC1,0,test
O=CN1CCOCC1,0,test
CCN1CCOCC1,0,test
CCCCCCCCCCCCCN1CC(C)OC(C)C1,0,test
O=NN1CCOCC1,0,test
C1COCCN1,0,test
OCCN1CCOCC1,0,test
C=CC(=O)N1CCOCC1,0,test
N=C(N)N=C(N)N1CCOCC1,0,test
C/C=C/C[C@@H](C)[C@@H](O)C1C(=O)NC(CC)C(=O)N(C)CC(=O)N(C)C(CC(C)C)C(=O)NC(C(C)C)C(=O)N(C)C(CC(C)C)C(=O)NC(C)C(=O)NC(C)C(=O)N(C)C(CC(C)C)C(=O)N(C)C(CC(C)C)C(=O)N(C)C(C(C)C)C(=O)N1C,0,test
COc1cc2c(cc1OC)C(=O)C(CC1CCN(Cc3ccccc3)CC1)C2,1,test
O=C(NC(Cc1cc(=O)[nH]c2ccccc12)C(=O)O)c1ccc(Cl)cc1,0,test
COC1C(=O)C(C)C[C@H](C)C=CC=CC=C(C)[C@@H](OC)C[C@@H]2CC[C@@H](C)[C@@](O)(O2)C(=O)C(=O)N2CCCCC2C(=O)O[C@H]([C@H](C)C[C@@H]2CC[C@@H](OCCO)[C@H](OC)C2)CC(=O)C(C)=CC(C)[C@H]1O,0,test
COP(=S)(OC)SCn1nnc2ccccc2c1=O,0,test
O=c1[nH]nnc2ccccc12,0,test
CC(=O)SCC(Cc1ccccc1)C(=O)NCC(=O)OCc1ccccc1,0,test
O=C1OC(O)C(C(Cl)Cl)=C1Cl,0,test
CC(=O)OCC(=O)[C@@]1(O)CC[C@H]2[C@@H]3CC=C4CC(=O)CC[C@]4(C)C3=CC[C@@]21C,1,test
CCN(CC)C(=O)C1C=C2c3cccc4[nH]cc(c34)C[C@H]2N(C)C1,1,test
CC[C@@H](CO)NC(=O)C1C=C2c3cccc4c3c(cn4C)C[C@H]2N(C)C1,0,test
C[C@@H](CO)NC(=O)C1C=C2c3cccc4[nH]cc(c34)C[C@H]2N(C)C1,0,test
CCN(CC)C(=O)N[C@@H]1C=C2c3cccc4[nH]cc(c34)C[C@@H]2N(C)C1,0,test
CC[C@@H](CO)NC(=O)C1C=C2c3cccc4[nH]cc(c34)C[C@H]2N(C)C1,0,test
Cc1cccc(N(C)C(=S)Oc2ccc3c(c2)CCC3)c1,0,test
Cc1ccc2c(n1)Oc1ccc(C(C)C(=O)OCC(=O)N(C)C)cc1C2,0,test
CC(C(=O)O)c1ccc2c(c1)Cc1cccnc1O2,0,test
CCC(C)C(=O)O[C@H]1C[C@H](O)C=C2C=C[C@H](C)[C@H](CC[C@@H](O)C[C@@H](O)CC(=O)O)[C@H]21,0,test
CC1(C)S[C@@H]2C(/N=C/N3CCCCCC3)C(=O)N2C1C(=O)O,0,test
CC(C)(C)C(=O)OCOC(=O)C1N2C(=O)C(N=CN3CCCCCC3)[C@H]2SC1(C)C,0,test
CC(Cc1ccccc1)NCCn1cnc2c1c(=O)n(C)c(=O)n2C,0,test
Cc1ccc2oc(CN(Cc3ccccc3)C(=O)Nc3c(F)cc(F)cc3F)c(-c3ccc(Cl)cc3)c2c1,0,test
O=C(O)c1ccc(NC(=O)C(Cc2ccc(O)cc2)NC(=O)c2ccccc2)cc1,0,test
O=C(O)Cc1cc(I)c(Oc2ccc(O)c(I)c2)c(I)c1,1,test
Brc1ccc(Oc2ccc(Br)cc2Br)c(Br)c1,1,test
Brc1cc(Br)c(Oc2cc(Br)c(Br)cc2Br)cc1Br,0,test
Brc1cc(Oc2cc(Br)c(Br)c(Br)c2Br)c(Br)c(Br)c1Br,0,test
BrCc1cccc(Oc2ccccc2)c1,1,test
Brc1ccc(Oc2ccccc2)cc1,0,test
O=C(O)c1cccc(Oc2ccccc2)c1,0,test
NC(Cc1cc(I)c(Oc2ccc(O)c(I)c2)c(I)c1)C(=O)O,1,test
NC(Cc1cc(I)c(Oc2cc(I)c(O)c(I)c2)c(I)c1)C(=O)O,0,test
CC(C(=O)O)c1cccc(Oc2ccccc2)c1,0,test
CS(=O)(=O)NC(=O)c1cc(Oc2ccc(C(F)(F)F)cc2Cl)ccc1[N+](=O)[O-],0,test
Oc1ccc(Oc2ccccc2)cc1,1,test
c1ccc(Oc2ccccc2)cc1,0,test
Cc1cccc(Oc2ccccc2)c1,0,test
COc1cc(Cl)ccc1Oc1ccc(Cl)cc1Cl,0,test
NC(Cc1ccc(Oc2cc(I)c(O)c(I)c2)c(I)c1)C(=O)O,0,test
O=[N+]([O-])c1ccc(Oc2ccc([N+](=O)[O-])cc2)cc1,0,test
NNS(=O)(=O)c1ccc(Oc2ccc(S(=O)(=O)NN)cc2)cc1,0,test
O=C(O)Cc1ccccc1Oc1ccc(Cl)cc1Cl,0,test
OCc1cccc(Oc2ccccc2)c1,1,test
CS(=O)(=O)Nc1ccc([N+](=O)[O-])cc1Oc1ccccc1,0,test
O=[N+]([O-])c1ccc(Oc2ccc(Cl)cc2Cl)cc1,0,test
Brc1ccc(Oc2cc(Br)c(Br)cc2Br)c(Br)c1,1,test
COC(=O)C(C)Oc1ccc(Oc2ccc(Cl)cc2Cl)cc1,0,test
Nc1ccc(Oc2ccc(Cl)cc2)cc1,0,test
Nc1ccc(Oc2ccc(N)cc2)cc1,0,test
CCCCNc1cc(C(=O)O)cc(S(N)(=O)=O)c1Oc1ccccc1,0,test
Brc1ccc(Oc2ccc(Br)cc2)cc1,0,test
CCCCOC(=O)C(C)Oc1ccc(Oc2ccc(C#N)cc2F)cc1,0,test
CCN(CC)CCOCCOC(=O)C1(c2ccccc2)CCCC1,0,test
CCN(CC)CCOC(=O)C1(c2ccccc2)CCCC1,0,test
CC(C)(C)NC[C@H](O)COc1ccccc1C1CCCC1,0,test
CC(=O)O[C@H]1CC[C@H]2C3=C(C=C[C@]12C)C1=C(CC3)CC(=O)CC1,1,test
C#C[C@]1(O)CC[C@H]2C3=C(C=C[C@@]21CC)C1=C(CC3)CC(=O)CC1,1,test
C=CC[C@]1(O)CC[C@H]2C3=C(C=C[C@@]21C)C1=C(CC3)CC(=O)CC1,1,test
O=S1(=O)CC=CC1,0,test
O=C(O)C1/C(=C/CO)O[C@@H]2CC(=O)N12,0,test
COc1ccccc1N1CCN(CCCC(=O)c2ccc(F)cc2)CC1,0,test
CCCCCC1C(=O)CCC1CC(=O)OC,0,test
O=C1CCCC1,0,test
CCCCCCCC1CCCC1=O,0,test
CCCCC[C@H](O)/C=C/[C@@H]1C(CCCCCCC(=O)O)C(=O)C[C@H]1O,0,test
CCS(=O)(=O)CCn1c([N+](=O)[O-])cnc1C,1,test
Cc1ncc[nH]1,0,test
Cc1c[nH]cn1,0,test
Cc1ncc([N+](=O)[O-])n1CC(O)CCl,0,test
Cc1ncc([N+](=O)[O-])n1C,0,test
CCc1nc(C)c[nH]1,0,test
Cn1c([N+](=O)[O-])cnc1COC(N)=O,0,test
CN(C)N=Nc1[nH]cnc1C(N)=O,0,test
c1c[nH]cn1,0,test
O=C(O)C=Cc1c[nH]cn1,0,test
O=C(Cn1ccnc1[N+](=O)[O-])NCCO,0,test
CN=C(NC#N)NCCSCc1[nH]cnc1C,0,test
NCCc1c[nH]cn1,0,test
Cc1ncc([N+](=O)[O-])n1CCO,0,test
Cc1ncc([N+](=O)[O-])n1CC(C)O,0,test
O=[N+]([O-])c1nccn1CO[C@@H](CO)[C@H](O)CO,0,test
CC(C)c1ncc([N+](=O)[O-])n1C,0,test
O=C(CCN1CC1)OCC(CO)(COC(=O)CCN1CC1)COC(=O)CCN1CC1,0,test
CCN(Cc1cccc(S(=O)(=O)O)c1)c1ccc(C(=C2C=CC(=[N+](CC)Cc3cccc(S(=O)(=O)[O-])c3)C=C2)c2ccccc2)cc1,0,test
C=C[C@H]1CN2CCC1C[C@H]2[C@H](O)c1ccnc2ccc(OC)cc12,0,test
C=C[C@H]1CN2CC[C@H]1C[C@H]2[C@H](O)c1ccnc2ccc(OC)cc12,1,test
C=C[C@H]1CN2CCC1C[C@@H]2[C@@H](O)c1ccnc2ccccc12,0,test
C=C[C@H]1CN2CC[C@H]1C[C@H]2[C@H](OC(=O)OCC)c1ccnc2ccc(OC)cc12,1,test
C=C[C@H]1CN2CCC1C[C@@H]2[C@@H](O)c1ccnc2ccc(OC)cc12,1,test
Cc1[nH]c(=O)c(C#N)cc1-c1ccc2nccn2c1,0,test
Cc1[nH]cnc1CC1CCc2c(C)c3ccccc3n2C1=O,0,test
CC1CC(C)C(=O)C1=O,0,test
CC1CCC(=O)C1=O,0,test
Oc1ccc2ccccc2c1N=Nc1ccccc1,1,test
Cc1cc(S(=O)(=O)O)ccc1N=Nc1c(O)ccc2ccccc12,0,test
Nc1ccc2cc(S(=O)(=O)O)cc(O)c2c1N=Nc1ccccc1C(F)(F)F,0,test
O=S(=O)(O)c1ccc(N=Nc2c(O)ccc3ccccc23)cc1,0,test
O=S(=O)(O)c1ccc(N=Nc2c(O)ccc3cc(S(=O)(=O)O)ccc23)cc1,0,test
Cc1cc(C)c(N=Nc2c(O)c(S(=O)(=O)O)cc3cc(S(=O)(=O)O)ccc23)cc1C,0,test
Cc1ccc(N=Nc2c(O)c(C(=O)O)cc3ccccc23)c(S(=O)(=O)O)c1,0,test
O=S(=O)(O)c1cc(S(=O)(=O)O)c2c(N=Nc3ccccc3)c(O)ccc2c1,0,test
O=c1c(C(CC(O)c2ccc(-c3ccc(Br)cc3)cc2)c2ccccc2)c(O)oc2ccccc12,0,test
CC[N+](C)(CC)CCOC(=O)C1c2ccccc2Oc2ccccc21,0,test
CC(C)[N+](C)(CCOC(=O)C1c2ccccc2Oc2ccccc21)C(C)C,0,test
COc1ccccc1N1CCN(CCCCNC(=O)c2ccc(-c3ccc(C(C)=O)cc3)cc2)CC1,0,test
C1=CCC(c2ccccc2)CC1,0,test
C=C(NC(=O)C(=C)NC(=O)c1csc(C2=NC3c4csc(n4)C4NC(=O)c5csc(n5)C(C(C)(O)C(C)O)NC(=O)C5CSC(=N5)C(=CC)NC(=O)C(C(C)O)NC(=O)c5csc(n5)C3(CC2)NC(=O)C(C)NC(=O)C(C)=NC(=O)C(C)NC(=O)C(C(C)CC)NC2C=Cc3c(C(C)O)cc(nc3C2O)C(=O)OC4C)n1)C(N)=O,0,test
Cc1ccccc1CNc1ncnc2c1ncn2[C@@H]1O[C@H](CO)[C@@H](O)[C@H]1O,0,test
OCC1CC2CC1C1CCC(CO)C21,0,test
C1C[C@@H]2[C@@H]3CC[C@H](C3)[C@@H]2C1,0,test
C[C@]12C=CC(=O)C=C1CC[C@@H]1[C@@H]2CC[C@]2(C)OC(=O)CC[C@@H]12,1,test
CCOC(=O)c1ccc(C#Cc2ccc3c(c2)C(C)(C)CCS3)nc1,0,test
CCCCCCCCCCCCCCCC(=O)OC/C=C(C)/C=C/C=C(C)/C=C/C1=C(C)CCCC1(C)C,0,test
CC(=O)OC/C=C(C)/C=C/C=C(C)/C=C/C1=C(C)CCCC1(C)C,0,test
C=C(C)[C@H]1CC=C(C)CC1,0,test
C=C(C)C1CC=C(C)C(OC(C)=O)C1,0,test
O=CC1CC=CCC1,0,test
C=CCCC(=O)C=CC1=C(C)CCCC1(C)C,0,test
C=C(C)C1CC=C(C)C(O)C1,0,test
CC1=CCC(C(C)(C)O)CC1,0,test
CC(C)(O)CCCC1=CCC(C=O)CC1,1,test
CC1=CC(C)C(C=O)C(C)C1,0,test
CC1=C(/C=C/C(C)=C/C=C/C(C)=C/CO)C(C)(C)CCC1,0,test
CC1=CC(O)CC(C)(C)C1,0,test
CC(=O)C(C)=CC1=C(C)CCCC1(C)C,0,test
C=C(C)[C@@H]1CC=C(C=O)CC1,0,test
CC1=C(C=O)C(C)(C)CCC1,0,test
CC(=O)OC(C)(C)C1CC=C(C)CC1,1,test
CCOC(=O)C1=C[C@@H](OC(CC)CC)[C@H](NC(C)=O)[C@@H](N)C1,0,test
CC1=C(/C=C/C(C)=C/C=C/C(C)=C\C=O)C(C)(C)CCC1,0,test
C=C(C)C1CC=C(C)CC1,0,test
CC1=C(CC=O)C(C)(C)CCC1,0,test
CCC(=O)C1=C(C)CCC(C(C)C)C1,0,test
CC(C)=CCC[C@](C)(O)[C@@H]1CC=C(C)CC1,0,test
CC(=O)C=CC1=C(C)CCC(C)C1(C)C,0,test
C=CC1CC=CCC1,0,test
CCC(=O)C=CC1=C(C)CCCC1(C)C,0,test
OCC1CC=CCC1,0,test
CC(=O)C=CC1=C(C)CCCC1(C)C,0,test
CC(=O)CCC1=C(C)CCCC1(C)C,0,test
COc1cc(OC)nc(Sc2cccc(Cl)c2C(=O)O)n1,0,test
C[N+](C)(C)CC[N+]1(C)Cc2c(Cl)c(Cl)c(Cl)c(Cl)c2C1,0,test
O=C1C=CC(=O)O1,0,test
CCc1cnc(C2=NC(=O)C(C)(C(C)C)N2)c(C(=O)O)c1,0,test
COCc1cnc(C2=NC(=O)C(C)(C(C)C)N2)c(C(=O)O)c1,0,test
CC[C@H]1OC(=O)C[C@@H](O)[C@H](C)[C@@H](O[C@@H]2O[C@H](C)[C@@H](O)[C@H](N(C)C)[C@H]2O)[C@@H](CCN2C[C@H](C)C[C@H](C)C2)CC(C)C(=O)C=CC(C)=CC1CO[C@@H]1O[C@H](C)[C@@H](O)[C@@H](OC)[C@H]1OC,0,test
CC[C@H]1OC(=O)C(C)[C@@H](O[C@H]2C[C@@](C)(OC)[C@@H](O)[C@H](C)O2)[C@H](C)[C@@H](O[C@@H]2O[C@H](C)C[C@H](N(C)C)[C@H]2O)[C@](C)(O)C[C@@H](C)C(=NOCOCCOC)[C@H](C)[C@@H](O)[C@]1(C)O,0,test
Nc1ccc(S(=O)(=O)NC(=O)c2ccccc2)cc1,0,test
CN1C(C(=O)Nc2ccccn2)C(=O)c2sccc2S1(=O)=O,0,test
CN1C(C(=O)Nc2ccccn2)C(=O)c2sc(Cl)cc2S1(=O)=O,0,test
O=C1c2ccccc2CCc2ccccc21,1,test
O=C1NCC2(CCN(CCc3ccccc3)CC2)O1,1,test
CC1(CO)CN(c2ccccc2)NC1=O,0,test
CC1CN(c2ccccc2)NC1=O,1,test
O=C1CCN(c2ccccc2)N1,0,test
C=CCN1CCCC1CNC(=O)c1cc(S(N)(=O)=O)cc(OC)c1OC,0,test
CCN1CCCC1CNC(=O)c1cc(S(N)(=O)=O)ccc1OC,0,test
CCN1CCCC1CNC(=O)c1cc(S(=O)(=O)CC)ccc1OC,0,test
CCN1CCC[C@H]1CNC(=O)c1c(OC)ccc(Br)c1OC,0,test
CCN1CCC[C@H]1CNC(=O)c1c(O)c(Cl)cc(Cl)c1OC,0,test
CCN1CCC[C@H]1CNC(=O)c1cc(S(N)(=O)=O)ccc1OC,0,test
CCc1cc(Cl)c(OC)c(C(=O)NC[C@@H]2CCCN2CC)c1O,1,test
CCN1CCCC1CNC(=O)c1cc(S(=O)(=O)CC)c(N)cc1OC,0,test
CN(CCCN1c2ccccc2CCc2ccccc21)CC(=O)c1ccc(Cl)cc1,0,test
COc1cc(N)c(Cl)cc1C(=O)NC1CCN(Cc2ccccc2)CC1,0,test
Nn1cnnc1,0,test
CC[C@@]1(c2ccccc2)NC(=O)N(C)C1=O,0,test
COC[C@H](c1ccc(C(F)(F)F)cc1)N1CCN(C2(C)CCN(C(=O)c3c(C)ncnc3C)CC2)C[C@H]1C,0,test
C[N@+]12CCCC[C@@H]1CCC(=C(c1cccs1)c1cccs1)C2,0,test
C#C[C@@]1(O)CC[C@H]2[C@@H]3CCC4=CCCC[C@@H]4[C@H]3CC[C@@]21C,1,test
C=CC[C@]1(O)CC[C@H]2[C@@H]3CCC4=CCCC[C@@H]4[C@H]3CC[C@@]21C,1,test
C#C[C@]1(OC(C)=O)CC[C@H]2[C@@H]3CCC4=C[C@@H](OC(C)=O)CC[C@@H]4[C@H]3CC[C@@]21C,1,test
CCOC(=O)C1=C[C@]2(CC)CCCN3CCc4c(n1c1ccccc41)[C@@H]32,0,test
O=c1[nH][nH]c2ccccc12,0,test
C=C[C@]1(C)C[C@@H](OC(=O)CSCCN(CC)CC)[C@]2(C)C(C)CC[C@]3(CCC(=O)[C@H]32)[C@@H](C)[C@@H]1O,0,test
C=CC1(C)CC(OC(=O)CO)C2(C)C(C)CCC3(CCC(=O)C32)C(C)C1O,0,test
C[C@]12CCC(=O)C[C@@H]1CC[C@@H]1[C@@H]2CC[C@@]2(C)[C@H]1CC[C@]2(C)O,1,test
C[C@]12CC(C=O)C(=O)C[C@@H]1CC[C@@H]1[C@@H]2CC[C@@]2(C)[C@H]1CC[C@]2(C)O,1,test
C[C@]12CCC(=O)C[C@@H]1CC[C@@H]1[C@@H]2CC[C@]2(C)[C@@H](O)CC[C@@H]12,1,test
O=P(O)(OCc1ccccc1)OCc1ccccc1,0,test
Nc1cccc2c(=O)[nH][nH]c(=O)c12,0,test
O=c1[nH][nH]c(=O)c2cc([N+](=O)[O-])ccc12,0,test
Cc1cccc(Nc2cc(Cl)nc(SCC(=O)O)n2)c1C,0,test
OCC(CO)n1cnc(-c2ccc(F)cc2)c1-c1ccnc(Oc2ccccc2)n1,0,test
CN1c2cc(O)c(N=NC(N)=O)cc2CC1S(=O)(=O)O,0,test
CN1CC(O)c2cc(N=NC(N)=O)c(O)cc21,0,test
O=C(Oc1ccc(Br)cc1)N1CCN2CCC1CC2,0,test
CC(C)CN(C[C@@H](O)[C@H](Cc1ccccc1)NC(=O)O[C@H]1CO[C@H]2OCC[C@H]21)S(=O)(=O)c1ccc(N)cc1,0,test
COc1cc(OC)nc(Oc2cccc(Oc3nc(OC)cc(OC)n3)c2C(=O)O)n1,0,test
Fc1ccc(C(c2ccc(F)cc2)N2CCN(C/C=C/c3ccccc3)CC2)cc1,0,test
C(=C/c1ccccc1)\CN1CCN(C(c2ccccc2)c2ccccc2)CC1,0,test
[O-][n+]1ccc(Cl)cc1,0,test
C[n+]1ccccc1C=NO,0,test
CN(C)C(=O)Oc1ccc[n+](C)c1,1,test
CC[n+]1ccccc1,0,test
CCCCCC[n+]1ccccc1,0,test
Cc1cccc[n+]1[O-],0,test
CCCC[n+]1ccccc1C,0,test
Cn1sc(Cl)cc1=O,0,test
Nc1cc2c3c(c1)C(c1ccccc1)=NC(NC(=O)c1cccnc1)C(=O)N3CC2,0,test
OC[C@H]1O[C@@H](n2cnc3c(=S)[nH]cnc32)[C@H](O)[C@@H]1O,0,test
CNCCCN1c2ccccc2CCc2ccccc21,0,test
CCOC(=O)Nc1ccc2c(c1)N(C(=O)CN(C)C)c1ccccc1CC2,0,test
CN(C)CCCN1c2ccccc2CCc2ccc(Cl)cc21,0,test
c1ccc2c(c1)CCc1ccccc1N2,1,test
CC(CN(C)C)CN1c2ccccc2CCc2ccccc21,0,test
CCC1(c2ccc(N)cc2)CCC(=O)NC1=O,0,test
Cl[Si](Cl)(c1ccccc1)c1ccccc1,0,test
C[Si](Cl)(c1ccccc1)c1ccccc1,0,test
c1ccc(CNc2ncnc3c2ncn3C2CCCCO2)cc1,1,test
CO[C@@]1(NC(=O)Cc2cccs2)C(=O)N2C(C(=O)O)=C(COC(N)=O)CS[C@@H]21,0,test
Cc1cc(C(=O)NNCc2ccccc2)no1,1,test
CC(c1ncncc1F)[C@](O)(Cn1cncn1)c1ccc(F)cc1F,0,test
c1coc(Cn2cccc2)c1,0,test
CN1C(=O)CC[C@H]1c1cccnc1,0,test
CCN[C@H]1C[C@H](C)S(=O)(=O)c2sc(S(N)(=O)=O)cc21,0,test
O=C(CCCN1CCC(C(=O)c2ccc(F)cc2)CC1)c1ccc(F)cc1,0,test
NC1=NCC2c3ccccc3Cc3ccccc3N12,0,test
O=C(CN1CCN(Cc2ccc3c(c2)OCO3)CC1)N1c2ccccc2Sc2ccccc21,0,test
O=[PH]1Oc2ccccc2-c2ccccc21,0,test
Cc1[nH]c(C)c(Cl)c(=O)c1Cl,0,test
Cc1c(O)c(=O)ccn1C,0,test
CC1CCCC(=O)C1=O,0,test
C[C@@H]1CC[C@@]2(OC1)O[C@H]1C[C@H]3[C@@H]4CC[C@H]5C[C@@H](O)CC[C@]5(C)[C@H]4CC(=O)[C@]3(C)[C@H]1[C@@H]2C,0,test
OC[C@H]1O[C@@H]2O[C@H]3[C@H](O)[C@@H](O)[C@@H](O[C@H]4[C@H](O)[C@@H](O)[C@@H](O[C@H]5[C@H](O)[C@@H](O)[C@@H](O[C@H]6[C@H](O)[C@@H](O)[C@@H](O[C@H]7[C@H](O)[C@@H](O)[C@@H](O[C@H]8[C@H](O)[C@@H](O)[C@@H](O[C@H]1[C@H](O)[C@H]2O)O[C@@H]8CO)O[C@@H]7CO)O[C@@H]6CO)O[C@@H]5CO)O[C@@H]4CO)O[C@@H]3CO,0,test
C[N+]1(C)CCC(=C(c2ccccc2)c2ccccc2)CC1,0,test
CC[C@H](C)COC(=O)/C=C/c1ccc(/N=C/c2ccc(OC)cc2)cc1,1,test
C=CCN1CCc2nc(N)sc2CC1,0,test
CCn1cc(C(=O)O)c(=O)c2cc3c(cc21)OCO3,0,test
O=C(c1ccc(O)cc1)c1ccc(Cl)cc1,1,test
CC(C)OC(=O)C(C)(C)Oc1ccc(C(=O)c2ccc(Cl)cc2)cc1,0,test
O=C(c1ccc(O)cc1)c1ccc(O)c(O)c1O,1,test
CC(C(=O)O)c1cccc(C(=O)c2ccccc2)c1,0,test
O=C(c1ccc(O)cc1)c1ccc(O)cc1O,1,test
Nc1c(CC(=O)O)cccc1C(=O)c1ccc(Br)cc1,0,test
O=C(c1ccc(O)cc1)c1ccc(O)cc1,1,test
Cc1ccc(C(=O)c2ccccc2)cc1,1,test
COc1ccc(C(=O)c2ccccc2O)c(O)c1,0,test
O=C(c1ccccc1O)c1ccccc1O,0,test
COc1ccc(C(=O)c2ccccc2)c(O)c1,1,test
O=C(c1ccccc1)c1ccc(O)cc1O,1,test
COc1ccc(C(=O)c2cccc(O)c2)c(OC)c1,1,test
Cc1ccc(C(=O)c2cc(O)c(O)c([N+](=O)[O-])c2)cc1,0,test
O=C(c1ccc(O)c(O)c1)c1ccc(O)cc1O,1,test
COc1cc(O)c(C(=O)c2ccccc2)cc1S(=O)(=O)O,0,test
CCCCCCCCOc1ccc(C(=O)c2ccccc2)c(O)c1,0,test
COc1ccc(C(=O)c2ccc(C)cc2)c(O)c1,1,test
Cc1ccc(O)c(C(=O)c2ccccc2)c1,0,test
COc1ccc(C(=O)c2ccc(OC)cc2O)c(O)c1,1,test
O=C(c1ccccc1)c1cccc(O)c1,1,test
O=C(c1ccccc1)c1ccccc1O,0,test
O=C(c1ccccc1)c1ccccc1,1,test
CCN(CC)c1ccc(C(=O)c2ccccc2C(=O)O)c(O)c1,1,test
O=C(c1ccc(Cl)cc1)c1ccc(Cl)cc1,0,test
O=C(c1ccccc1)c1ccc(O)c(O)c1O,1,test
NC(=O)Cc1cccc(C(=O)c2ccccc2)c1N,0,test
O=C(c1ccccc1)c1ccc(O)cc1,1,test
Nc1c(CC(=O)O)cccc1C(=O)c1ccccc1,1,test
O=C(c1cc(O)c(O)c(O)c1)c1ccc(O)c(O)c1O,0,test
O=C(c1ccc(O)cc1O)c1ccc(O)cc1O,1,test
O=C(O)c1ccc(NC2OC[C@@H](O)[C@H](O)[C@H]2O)cc1,0,test
CON=C(C(=O)NC1C(=O)N2C(C(=O)O)=C(CSC(=O)c3ccco3)CS[C@H]12)c1csc(N)n1,0,test
CCC(C)(C)OC(=O)NC(Cc1c[nH]c2ccccc12)C(=O)NC(CCSC)C(=O)NC(CC(=O)O)C(=O)NC(Cc1ccccc1)C(N)=O,0,test
CSCCC(NC(=O)C(Cc1c[nH]c2ccccc12)NC(=O)CCNC(=O)OC(C)(C)C)C(=O)NC(CC(=O)O)C(=O)NC(Cc1ccccc1)C(N)=O,0,test
CC1CN1,0,test
Cc1nc2ccccn2c(=O)c1CCN1CCC(C(=O)c2ccc(F)cc2)CC1,0,test
O=C(NCCN1CCOCC1)c1ccc(Cl)cc1,1,test
CCOC(=O)c1ccc(OCCN2C[C@H](O)[C@@H](O)[C@H](O)[C@H]2CO)cc1,0,test
CC[N+](CC)(CC(=O)Nc1c(C)cccc1C)Cc1ccccc1,0,test
Cc1ccc(O)c(-n2nc3ccccc3n2)c1,1,test
Cc1cc(-n2nc3ccc(Cl)cc3n2)c(O)c(C(C)(C)C)c1,1,test
CCC(C)(C)c1cc(-n2nc3ccccc3n2)c(O)c(C(C)(C)CC)c1,0,test
CC(C)(C)CC(C)(C)c1ccc(O)c(-n2nc3ccccc3n2)c1,0,test
CC1CN1P(=O)(N1CC1C)N1CC1C,0,test
CC1(C)O[C@@H]2C[C@H]3[C@@H]4C[C@H](F)C5=CC(=O)CC[C@]5(C)[C@H]4[C@@H](O)C[C@]3(C)[C@]2(C(=O)CO)O1,0,test
Nc1nc(=O)c2nc(CNc3ccc(C(=O)NC(CCC(=O)O)C(=O)O)cc3)cnc2[nH]1,1,test
CCN(C(C)=O)c1cccc(-c2ccnc3c(C#N)cnn23)c1,0,test
CCC1(c2ccccc2)C(=O)N(COC)C(=O)N(COC)C1=O,0,test
CCC1(c2ccccc2)C(=O)NC(=O)N(C)C1=O,0,test
CCC1(c2ccccc2)C(=O)NC(=O)NC1=O,0,test
CN[C@@H]1[C@@H](O[C@H]2O[C@H](CO)[C@@H](N)[C@H](O)[C@H]2O)O[C@H]2C[C@@H](N)[C@@H](O[C@H]3[C@H](O)[C@@H](O)[C@H](N)C[C@@H]3N)O[C@@H]2[C@@H]1O,0,test
COc1ccc(C(O)(c2cncnc2)C2CC2)cc1,0,test
CN(C)CCC=C1c2ccccc2C(C)(C)c2ccccc21,0,test
CCC(=O)Oc1ccc(/C(CC)=C(\CC)c2ccc(OC(=O)CC)cc2)cc1,1,test
O=[N+]([O-])c1ccc(C=Cc2ccc([N+](=O)[O-])cc2S(=O)(=O)O)c(S(=O)(=O)O)c1,0,test
CN(C)c1ccc(/C=C/c2ccc([N+](=O)[O-])cc2)cc1,1,test
CC/C(=C(/CC)c1ccc(OP(=O)(O)O)cc1)c1ccc(OP(=O)(O)O)cc1,1,test
Oc1ccc(C=Cc2cc(O)cc(O)c2)cc1,1,test
C(=C\c1ccccc1)\c1ccccc1,0,test
C(=C/c1ccccc1)\c1ccccc1,1,test
O=c1[nH]cnc2ccccc12,0,test
Cc1cc(SC2C(=O)C[C@@](CCc3ccc(N)cc3)(C(C)C)OC2=O)c(C(C)(C)C)cc1CO,0,test
O=C1c2cccc3c2[C@H](CCC3)CN1[C@@H]1CN2CCC1CC2,0,test
NS(=O)(=O)c1cc2c(cc1Cl)N=CNS2(=O)=O,0,test
NC1CONC1=O,0,test
CCCC[C@H]1CN(CC2CCOCC2)C(=O)OC12CCN(C1(C)CCN(C(=O)c3c(C)ncnc3C)CC1)CC2,0,test
CN1CCN(CC(=O)N2c3ccccc3C(=O)Nc3cccnc32)CC1,0,test
CC(C)(O)[C@H]1C2C(=O)O[C@H]1[C@H]1OC(=O)[C@@]34O[C@@H]3C[C@]2(O)[C@@]14C,0,test
C(=NC1CCCCC1)=NC1CCCCC1,1,test
ClC1=C(Cl)C2(Cl)C(CBr)CC1(Cl)C2(Cl)Cl,0,test
C=CC1CC2C=CC1C2,0,test
O=C(O)C1C(C(=O)O)C2(Cl)C(Cl)=C(Cl)C1(Cl)C2(Cl)Cl,0,test
C=C(C)C(=O)OCCOC1CC2CC1C1C=CCC21,0,test
O=C(OCCOCCOC(=O)c1ccccc1)c1ccccc1,0,test
CC(COCC(C)OC(=O)c1ccccc1)OC(=O)c1ccccc1,1,test
O=C(Nc1cccc2c(=O)cc(-c3nn[nH]n3)oc12)c1ccc(OCCCCc2ccccc2)cc1,0,test
CN=C(NC#N)Nc1ccc(C2=NNC(=O)CC2C)cc1,0,test
Cc1c(Cn2ccnc2)c2ccccc2n1CCC(=O)O,0,test
CCO[Si](CCC1CCC2OC2C1)(OCC)OCC,0,test
Oc1oc(O)c2c1CCCC2,0,test
CC1=C(CC(=O)O)c2cc(F)ccc2C1=Cc1ccc(S(C)(=O)=O)cc1,0,test
CC1=C(CC(=O)O)c2cc(F)ccc2C1=Cc1ccc([S+](C)[O-])cc1,0,test
CSc1ccc(C=C2C(C)=C(CC(=O)O)c3cc(F)ccc32)cc1,0,test
O=C(C=Cc1ccc(O)c(O)c1)OC(C(=O)O)C(OC(=O)C=Cc1ccc(O)c(O)c1)C(=O)O,0,test
CCCOc1ccc(S(=O)(=O)N2CCN(CC)CC2)cc1-c1nc(=O)c2nn(Cc3ccccn3)c(CC)c2[nH]1,0,test
C[Si]1(C)O[Si](C)(C)O[Si](C)(C)O[Si](C)(C)O[Si](C)(C)O1,0,test
CN[C@@H]1[C@@H](O)[C@@H](O[C@@H]2[C@@H](O)[C@H](OC3OC(CN)=CCC3N)[C@@H](N)C[C@H]2N)OC[C@]1(C)O,0,test
CCN(Cc1c(F)cccc1Cl)c1c([N+](=O)[O-])cc(C(F)(F)F)cc1[N+](=O)[O-],1,test
CCN(Cc1cccc(S(=O)(=O)O)c1)c1ccccc1,0,test
CCN(Cc1ccccc1)c1ccccc1,0,test
CON=C(C(=O)NC1C(=O)N2C(C(=O)O)=C(Cn3nnc(C)n3)CS[C@H]12)c1csc(N)n1,0,test
O=C(Nc1ccccc1SSc1ccccc1NC(=O)c1ccccc1)c1ccccc1,1,test
O=C1C(=O)c2cccc3cccc1c23,0,test
O=c1[nH]c(O)cn1N=Cc1ccc(-c2ccc([N+](=O)[O-])cc2)o1,0,test
CCOC(=O)COc1cc(-c2nn(C)c(OC(F)F)c2Cl)c(F)cc1Cl,0,test
O=c1c(C2CCCc3ccccc32)c(O)oc2ccccc12,0,test
Cc1c(C(=O)O)c(O)cc2c(O)c3c(c(O)c12)C(=O)C([C@@H]1O[C@H](CO)[C@@H](O)[C@H](O)[C@H]1O)C(=O)C3=O,0,test
COc1cc(Br)c(C[N+]2(CCOCCC3CCC4CC3C4(C)C)CCOCC2)cc1OC,0,test
CC(C)n1c(/C=C/[C@@H](O)C[C@@H](O)CC(=O)O)c(-c2ccc(F)cc2)c2ccccc21,0,test
OC(CN1CCC(Cc2ccc(F)cc2)CC1)c1ccc(Cl)cc1,0,test
CC(C(O)c1ccc(O)cc1)N1CCC(Cc2ccccc2)CC1,0,test
COc1cccc([C@H](O)C2CCN(CCc3ccc(F)cc3)CC2)c1OC,0,test
OCCN1CCN(CCCN2c3ccccc3C=Cc3ccccc32)CC1,0,test
Cc1cc(O)c2c(O)c3c(O)cccc3cc2c1,0,test
O=Cc1c2ccccc2c(Cl)c2ccccc12,0,test
Nc1ccc2cc3ccccc3cc2c1,1,test
Brc1c2ccccc2c(Br)c2ccccc12,0,test
O=C(O)c1c2ccccc2cc2ccccc12,0,test
Oc1cccc2cc3cccc(O)c3c(O)c12,0,test
C=Cc1ccc2c(O)c3ccccc3c(O)c2c1,1,test
Brc1c2ccccc2cc2ccccc12,1,test
OCc1c2ccccc2cc2ccccc12,1,test
CC(C)Cc1nccs1,0,test
CC(=O)c1sc(C)nc1C,0,test
Cc1ncsc1CCCl,0,test
Cc1cscn1,0,test
CC(=O)c1nccs1,1,test
CC(=O)Nc1ncc([N+](=O)[O-])s1,0,test
Cc1ncsc1CCO,0,test
Nc1ncc([N+](=O)[O-])s1,1,test
CN=C(NCc1cnc(Cl)s1)N[N+](=O)[O-],0,test
Nc1nccs1,0,test
N=C(CCSCc1csc(N=C(N)N)n1)NS(N)(=O)=O,0,test
CN=C(C[N+](=O)[O-])NCCSCc1csc(CN(C)C)n1,0,test
Nc1nc(CC(=O)O)cs1,0,test
Cc1c(C)n(Cc2ccccc2)c2ccc(C(=O)OCCN(C)C)cc12,0,test
C1CCC(NC2CCCCC2)CC1,0,test
CN(C1CCCCC1)C1CCCCC1,0,test
CCN(CC)C(=O)c1cc(S(=O)(=O)Cc2ccccc2)c(N2CCC(c3ccccc3)CC2)cc1N(CC)CCN(C)C,0,test
NC(=O)C(c1ccccc1)(c1ccccc1)[C@@H]1CCN(CCc2ccc3c(c2)CCO3)C1,0,test
CN1C(=O)NC(=O)C(C)(C2=CCCCC2)C1=O,0,test
O=C1CCCCCN1,0,test
CCCCCCCCCCCCN1CCCCCC1=O,0,test
C=CN1CCCCCC1=O,0,test
O=c1[nH]sc2ccccc12,0,test
CC[C@H](C)C(C(=O)O)n1sc2ccccc2c1=O,0,test
CC(C)(c1ccc(Oc2ccc3c(c2)C(=O)OC3=O)cc1)c1ccc(Oc2ccc3c(c2)C(=O)OC3=O)cc1,0,test
CC(=O)OC1CN2CCC1CC2,0,test
Cc1ccc(C(=O)O)o1,0,test
CCCC(=O)C(CC)Sc1ccoc1C,0,test
O=C(O)c1ccc(CO)o1,0,test
CC(=O)c1cc(C)oc1C,0,test
O=Cc1ccco1,0,test
NC(=O)N/N=C/c1ccc([N+](=O)[O-])o1,0,test
CC(=O)OCc1ccco1,0,test
OCc1ccco1,0,test
CCCCCCCCCCCCCCCC/C=C/c1cc(O)oc1O,0,test
CCCCCCCCCCC=Cc1cc(O)oc1O,0,test
Cc1ccco1,0,test
Cc1occ(O)c1O,0,test
C/C(=C\C(C)CC(C)CC(C)C)c1cc(O)oc1O,0,test
CSSc1ccoc1C,0,test
O=C(O)CNC(=O)c1ccc(CO)o1,0,test
O=Cc1ccc(CO)o1,0,test
O=C(O)c1ccco1,0,test
Cc1occc1S,0,test
Oc1ccc(O)o1,0,test
CC(=O)C=Cc1ccco1,0,test
CCCCCC=CCc1cc(O)oc1O,0,test
O=C/C=C/c1ccco1,0,test
CC(C)SCc1ccco1,0,test
CCCCCc1ccco1,0,test
CC(=O)SCc1ccco1,0,test
CCCCCCCCCCCCCCCC(=O)OC[C@H](O)c1oc(O)c(O)c1O,0,test
CN=C(C[N+](=O)[O-])NCCSCc1ccc(CN(C)C)o1,0,test
CCCCCCCCC/C=C/Cc1cc(O)oc1O,0,test
Cc1oc(C)c(O)c1O,0,test
Cc1ccc(C)o1,0,test
CC(C)=CCN1CC[C@]2(C)c3cc(O)ccc3C[C@H]1[C@H]2C,1,test
CC(C)=CCN1CC[C@@]2(C)c3cc(O)ccc3C[C@@H]1[C@@H]2C,0,test
C[C@H]1[C@@H]2Cc3ccc(O)cc3[C@@]1(C)CCN2C,0,test
CO[C@H]1C=CO[C@@]2(C)Oc3c(C)c(O)c4c(O)c(c5c(c4c3C2=O)=NC2(CCN(CC(C)C)CC2)N=5)NC(=O)C(C)=CC=CC(C)[C@H](O)[C@@H](C)[C@@H](O)[C@@H](C)[C@H](OC(C)=O)[C@@H]1C,0,test
Cc1cnc(NC(=O)C2C(=O)c3ccccc3S(=O)(=O)N2C)s1,1,test
O=C1c2ccccc2C(=O)C1(O)O,0,test
CC(C)CC(=O)C1C(=O)c2ccccc2C1=O,0,test
CN1CCN2c3ncccc3Cc3ccccc3C2C1,0,test
NC(=O)Nc1[nH]c(=O)[nH]c1O,0,test
O=C(NCO)N(CO)c1c(O)n(CO)c(=O)n1CO,0,test
CC(C)=C[C@@H]1C(C(=O)OCc2coc(Cc3ccccc3)c2)C1(C)C,0,test
CC(C)=CC1C(C(=O)OCc2coc(Cc3ccccc3)c2)C1(C)C,0,test
CCN(CC)CCOC(=O)c1cccnc1,0,test
CCCCOCCOC(=O)COc1nc(Cl)c(Cl)cc1Cl,0,test
O=C(O)c1cccc(Cl)n1,0,test
CCOC(=O)CC(=O)c1cc(F)c(Cl)nc1Cl,0,test
Nc1cccc(N)n1,0,test
CCc1cnc(C(=O)O)c(C(=O)O)c1,0,test
CCCc1cc(C(N)=S)ccn1,0,test
N#Cc1cccnc1,0,test
Cc1cccc(N)n1,0,test
Cc1ncc(CO)c(CO)c1O,0,test
Clc1nc(Cl)c(Cl)c(Cl)c1Cl,0,test
NNC(=O)c1ccncc1,0,test
O=C(O)c1ccncc1,0,test
NC(=O)c1ccncc1,0,test
NC(=S)N/N=C/c1cccnc1,0,test
CC(=O)c1ccccn1,0,test
O=C(NNCS(=O)(=O)O)c1ccncc1,0,test
Nc1c(Cl)c(Cl)nc(C(=O)O)c1Cl,0,test
Cc1ncc(CO)c(C=O)c1O,0,test
CCN(Cc1ccc(Cl)nc1)C(C[N+](=O)[O-])=NC,0,test
CC(=O)c1cccnc1,0,test
NCc1cccnc1,0,test
OCCc1ccccn1,0,test
Nc1cccnc1,0,test
O=C(O)c1ccccn1,0,test
CCCCCCOC(=O)c1cccnc1,0,test
CC(C)(C)NCC(O)c1ccc(O)c(CO)n1,0,test
N#Cc1ccccn1,0,test
CCc1cc(C(N)=S)ccn1,1,test
CNC(=O)OCc1cccc(COC(=O)NC)n1,0,test
CCCOC(=O)c1ccc(C(=O)OCCC)nc1,0,test
O=C(O)c1cccnc1C(=O)O,0,test
O=C(O)c1cccc(C(=O)O)n1,0,test
Clc1cccc(C(Cl)(Cl)Cl)n1,0,test
N#Cc1ccncc1,0,test
O=C(O)c1nc(Cl)c(Cl)c(Cl)c1Cl,0,test
Nc1c(Cl)c(F)nc(OCC(=O)O)c1Cl,0,test
CN(C)c1ccncc1,0,test
Clc1cc(C(Cl)(Cl)Cl)cnc1Cl,0,test
COC(=O)c1cccnc1,0,test
COP(=S)(OC)Oc1nc(Cl)c(Cl)cc1Cl,0,test
Nc1ccccn1,0,test
Cc1ccccn1,0,test
Cc1cccnc1,0,test
Cc1ccncc1,0,test
CC=CC=NNC(=O)c1ccncc1,0,test
CSC(=O)c1c(C(F)F)nc(C(F)(F)F)c(C(=O)SC)c1CC(C)C,0,test
CCOP(=S)(OCC)Oc1nc(Cl)c(Cl)cc1Cl,0,test
CC(C)NNC(=O)c1ccncc1,1,test
Nc1ccncc1,0,test
c1ccncc1,0,test
O=C(O)c1nc(Cl)ccc1Cl,0,test
O=C(O)COc1nc(Cl)c(Cl)cc1Cl,0,test
ClCc1ccccn1,0,test
ClCc1cccnc1,0,test
OCc1cccnc1,0,test
Clc1cc(Cl)c(Cl)nc1Cl,0,test
OCCc1ccncc1,0,test
O=C(O)c1cccnc1,0,test
Cc1ccnc(N)c1,0,test
Cc1ccc(N)nc1,0,test
O=C(NCCO[N+](=O)[O-])c1cccnc1,0,test
NC(=O)c1cccnc1,0,test
Clc1ccc(C(Cl)(Cl)Cl)cn1,0,test
Clc1ccccn1,0,test
NCCNC(=O)c1ccc(Cl)cn1,0,test
CNc1c2c(nn1C)CCCC2,0,test
Cc1cccc(CN2CCN(C(c3ccccc3)c3ccc(Cl)cc3)CC2)c1,0,test
COc1ccc(CN2CCN(C(c3ccc(F)cc3)c3ccc(F)cc3)CC2)c(OC)c1OC,0,test
CN1CCC(=C2c3ccccc3Sc3ccccc32)CC1,0,test
CCOP(=S)(OCC)Oc1nc(Cl)n(C(C)C)n1,0,test
c1nc[nH]n1,0,test
Nc1nc[nH]n1,1,test
Nc1n[nH]c(N)n1,0,test
Cc1ccc(C=C2C(=O)C3CCC2C3(C)C)cc1,0,test
c1ccc2c(c1)ccc1cc3c(ccc4ccccc43)cc12,0,test
COc1cc(/C=C/c2ccccc2)oc(=O)c1,1,test
Cc1ccccc1-n1c(C)nc2ccccc2c1=O,1,test
Cc1ccccc1-n1c(CF)nc2ccc(N)cc2c1=O,1,test
Cc1nc2ccccc2c(=O)n1-c1ccccc1Cl,1,test
CCC(C)C1N=C(C)C(C)S1,0,test
Nc1nc(N)c2nc(-c3ccccc3)c(N)nc2n1,1,test
COc1ccc(CCC(=O)c2c(O)cc(O[C@@H]3O[C@H](CO)[C@@H](O)[C@H](O)[C@H]3O[C@@H]3O[C@@H](C)[C@H](O)[C@@H](O)[C@H]3O)cc2O)cc1O,0,test
CCOc1ccc(N=Nc2ccc(C=Cc3ccc(N=Nc4ccc(OCC)cc4)cc3S(=O)(=O)O)c(S(=O)(=O)O)c2)cc1,0,test
CNC(=O)Oc1ccccc1C1OCCO1,0,test
Cc1cnc(C(=O)O)c[n+]1[O-],0,test
c1ccc2c(c1)Oc1ccccc1S2,1,test
O=C(Nc1ccccc1)Nc1ccccc1,1,test
O=C(Nc1ccc([N+](=O)[O-])cc1)Nc1ccc([N+](=O)[O-])cc1,1,test
CCN(C(=O)N(CC)c1ccccc1)c1ccccc1,0,test
CC(=NCc1ccccc1)c1ccccc1O,0,test
O=C(O)c1cc(-c2ccccc2)nc2ccccc12,0,test
CCOC(=O)c1cc(-c2ccccc2)nc2ccc(C)cc12,0,test
O=C(O)Cc1ccc(CCNS(=O)(=O)c2ccc(Cl)cc2)cc1,0,test
C[C@]12CCC(=O)C=C1CC[C@@H]1[C@@H]2CC[C@]2(C)C(=O)CC[C@@H]12,1,test
CC(=O)OCC1=C(C(=O)O)N2C(=O)C(NC(=O)CSc3ccncc3)[C@H]2SC1,0,test
CCC(=NOC/C=C/Cl)C1C(=O)CC(C2CCOCC2)CC1=O,0,test
COC(=O)C(C)N(C(=O)Cc1ccccc1)c1c(C)cccc1C,0,test
CCOC(=O)Nc1cccc(OC(=O)Nc2ccccc2)c1,1,test
