smiles,Tox21_NR_ER,group
CCCCCCCCCCO[C@@H]1O[C@H](CO)[C@@H](O)[C@H](O)[C@H]1O,0.0,training
O=Nc1ccc(Nc2ccccc2)cc1,1.0,training
C=CCN=C=S,0.0,training
Oc1ccc(C2CNCCc3c2cc(O)c(O)c3Cl)cc1,1.0,training
CCC(C)C(C)=O,1.0,training
CC(C)CC(C)N,0.0,training
O=C1NCCN1,0.0,training
COP(=S)(OC)Oc1ccc(SC)c(C)c1,1.0,training
CCCCCCCCCOS(=O)(=O)O,1.0,training
CCCCCSCCCCC,0.0,training
Nc1c2c(nc3ccccc13)CCCC2,1.0,training
CC(Cc1ccc(OCC(=O)O)cc1)NCC(O)c1csc(C(F)(F)F)n1,0.0,training
COc1ccc(C(c2ccc(OC)cc2)C(Cl)(Cl)Cl)cc1,1.0,training
CCCCc1cc2ccccc2c(OCCN(C)C)n1,0.0,training
CCCCOC(=O)CCC(=O)OCCCC,1.0,training
C[C@@H]1O[C@@H](OC[C@H]2O[C@@H](Oc3c(-c4ccc(O)c(O)c4)oc4cc(O)cc(O)c4c3=O)[C@H](O)[C@@H](O)[C@@H]2O)[C@H](O)[C@H](O)[C@H]1O,1.0,training
Cc1cc(=O)c(C(=O)NC(C(=O)NC2C(=O)N3C(C(=O)O)=C(CSc4nnnn4C)CS[C@H]23)c2ccc(O)cc2)c[nH]1,1.0,training
CCOC(=O)Nc1ccc(NCc2ccc(F)cc2)nc1N,1.0,training
CC(C)c1ccc(C#N)cc1,0.0,training
C[C@]12CC[C@@H]3C4=C(CC[C@H]3[C@@H]1CC[C@@H]2OC(=O)CCc1ccccc1)CC(=O)CC4,1.0,training
C#C[C@]1(O)CC[C@H]2[C@@H]3CCc4cc(O)ccc4[C@H]3CC[C@@]21C,1.0,training
CC(=O)N1C[C@H](O)CC1C(=O)O,1.0,training
COc1cccc2c(O)c3c(c(O)c12)C(=O)C1=C(C[C@@](O)(C(C)=O)C[C@@H]1O[C@H]1C[C@H](N)[C@H](O)[C@H](C)O1)C3=O,1.0,training
Cn1c(=O)c2[nH]cnc2n(C)c1=O,1.0,training
C[C@]12C[C@H]3S[C@H]3C[C@@H]1CC[C@@H]1[C@@H]2CC[C@]2(C)[C@@H](O)CC[C@@H]12,1.0,training
CCC(=O)OCCc1ccccc1,0.0,training
Nc1ccc(O)c(C(=O)O)c1,1.0,training
C=COCCCCO,0.0,training
CC(O)[C@H]1CC[C@H]2[C@@H]3CC[C@@H]4C[C@@H](O)CC[C@]4(C)[C@H]3CC[C@]12C,1.0,training
CC[Ge](Cl)(CC)CC,1.0,training
CC(=O)OCC(=O)[C@@]1(O)CC[C@H]2[C@@H]3CC=C4CC(=O)C=C[C@]4(C)[C@H]3[C@@H](O)C[C@@]21C,1.0,training
O=C1NC2NC(=O)NC2N1,0.0,training
O=C(C=Cc1ccccc1)OCc1ccccc1,1.0,training
O=C1OCCN1/N=C/c1ccc([N+](=O)[O-])o1,1.0,training
CN1CCN=C(c2ccccc2)c2cc(Cl)ccc21,0.0,training
Oc1ccc(-c2ccccc2)c(Cl)c1,1.0,training
Clc1ccccc1-c1nnc(-c2ccccc2Cl)nn1,1.0,training
CN1[C@@H]2C[C@@H](OC(=O)C(CO)c3ccccc3)C[C@H]1[C@@H]1O[C@@H]12,1.0,training
CCCCCC(O)/C=C/C=O,0.0,training
CCCCC(CC)COP(=O)(Oc1ccccc1)Oc1ccccc1,0.0,training
C#C[C@]1(OC(=O)CCCCCC)CC[C@H]2[C@@H]3CC=C4CC(=O)CCC4[C@H]3CC[C@@]21C,1.0,training
Cc1ccccc1N1CCN(CCc2nnc3n2CCCC3)CC1,1.0,training
CCOP(=S)(OCC)SC(CCl)N1C(=O)c2ccccc2C1=O,1.0,training
NC(=O)NC(N)=O,0.0,training
CC(=O)OCC(=O)[C@@]1(O)CC[C@H]2[C@@H]3CC(C)=C4CC(=O)C=C[C@]4(C)[C@H]3[C@@H](O)C[C@@]21C,1.0,training
Cc1ccc(S(=O)(=O)O)cc1C,0.0,training
O=C(O)c1cc(N=Nc2ccc([N+](=O)[O-])cc2)ccc1O,1.0,training
CC(=O)O[C@H]1CC[C@@]2(C)C(=CC[C@@H]3[C@@H]2CC[C@]2(C)C(=O)CC[C@@H]32)C1,1.0,training
O=C(O)CCCl,0.0,training
CCCC(=O)C(C)=O,0.0,training
CCOC(=O)C(CCc1ccccc1)NC(C)C(=O)N1CC2(CC1C(=O)O)SCCS2,0.0,training
CN(C)P(=O)(N(C)C)N(C)C,0.0,training
CCCCCCCCc1ccc(O)cc1,1.0,training
CC(NNC(=O)c1ccccc1)c1ccccc1,1.0,training
Cc1cccc(/N=N/c2ccc(N(C)C)cc2)c1,1.0,training
CNc1ccc([N+](=O)[O-])cc1,1.0,training
CCCCCC/C=C/C(=O)OC,0.0,training
C[C@]12CCC(=O)C=C1CC[C@@H]1[C@@H]2CC[C@]2(C)C(=O)CC[C@@H]12,1.0,training
O=P(Oc1ccccc1)(Oc1ccccc1)Oc1ccccc1,1.0,training
COc1ccc2c(=O)c(C)c(-c3ccccc3)oc2c1CN(C)C,0.0,training
CN(C)CCC(c1ccccc1)c1ccccn1,1.0,training
CC(=O)[C@@]1(O)CC[C@H]2[C@@H]3CC=C4CC(=O)CC[C@]4(C)[C@H]3CC[C@@]21C,1.0,training
C#C[C@]1(O)CC[C@H]2[C@@H]3CCc4cc(OC5CCCC5)ccc4[C@H]3CC[C@@]21C,1.0,training
CCCCCC(CO)CCC,0.0,training
O=C(O)c1cccc(-c2noc(-c3ccccc3F)n2)c1,1.0,training
CC(C)CCCCCCOC(=O)c1ccccc1C(=O)OCCCCCCC(C)C,0.0,training
CC(C)=CCCC(C)CCOC=O,0.0,training
Cc1ccccc1OCC(O)CO,1.0,training
CC(=O)NC(=O)c1ccccc1O,0.0,training
C=CC[C@]1(O)CC[C@H]2C3=C(C=C[C@@]21C)C1=C(CC3)CC(=O)CC1,1.0,training
OCC1CCCO1,0.0,training
C#C[C@]1(OC(C)=O)CC[C@H]2[C@@H]3CCC4=CC(=NO)CC[C@@H]4[C@H]3CC[C@@]21CC,1.0,training
CC(=O)Nc1ccc(OC(C)=O)cc1,0.0,training
CC(=O)N(CC(O)CO)c1c(I)c(C(=O)NCCO)c(I)c(C(=O)NCC(O)CO)c1I,1.0,training
CCC(C)(c1ccc(O)cc1)c1ccc(O)cc1,1.0,training
CC[C@H](c1ccc(O)cc1)[C@@H](CC)c1ccc(O)cc1,1.0,training
COc1ccc2[nH]cc(CCNC(C)=O)c2c1,1.0,training
Cc1nnc(C(C)C)n1C1C[C@H]2CC[C@H](C1)N2CC[C@H](NC(=O)C1CCC(F)(F)CC1)c1ccccc1,0.0,training
CC(C)(C)c1ccc(OC(=O)c2ccccc2O)cc1,1.0,training
O=C(CN1CCNCC1)NC1CCCCC1,0.0,training
CCCCC(CC)COC(=O)c1c(Br)c(Br)c(Br)c(Br)c1C(=O)OCC(CC)CCCC,0.0,training
O=C1c2cccc(O)c2C(=O)c2c(O)cccc21,1.0,training
CC(C)(C)OC=O,0.0,training
CC(C)Br,0.0,training
NC(=O)N1c2ccccc2C=Cc2ccccc21,0.0,training
CCC(C)N(C)C(=O)c1cc2ccccc2c(-c2ccccc2Cl)n1,0.0,training
C[C@]12CC[C@H]3[C@@H](CC[C@@]45OC4C(=O)C(C#N)C[C@]35C)[C@@H]1CC[C@@H]2O,1.0,training
CCCCCCCCCCOC(=O)c1ccccc1C(=O)OCCCCCCCCCC,0.0,training
CC(CO)CO,0.0,training
CC(=O)SCC(C)C(=O)N1CCCC1C(=O)NC(Cc1ccccc1)C(=O)O,0.0,training
CCCCCCCCCC(=O)O[C@H]1CC[C@H]2[C@@H]3CC=C4CC(=O)CCC4[C@H]3CC[C@]12C,1.0,training
O=CC1CC=CCC1,0.0,training
CCN(CC)CCNc1ccc(CNC=O)c2sc3ccc(OC)cc3c(=O)c12,1.0,training
CCOC(=O)C(C#N)=C(c1ccccc1)c1ccccc1,1.0,training
CCN(CC)Cc1nccn1-c1ccc([N+](=O)[O-])cc1C(=O)c1ccccc1Cl,0.0,training
O=C(O)c1ccc(C(=O)O)cc1,0.0,training
CC(=O)NCCCS(=O)(=O)O,0.0,training
CC(C)(C)c1ccc(C(O)CCCN2CCC(C(O)(c3ccccc3)c3ccccc3)CC2)cc1,0.0,training
C[C@@H]1O[C@@H]1P(=O)(O)O,1.0,training
c1ccc2sc(SN(C3CCCCC3)C3CCCCC3)nc2c1,0.0,training
COCCOC,0.0,training
C=C[C@H]1CN2CC[C@H]1C[C@H]2[C@H](O)c1ccnc2ccc(OC)cc12,1.0,training
COc1ccc(Nc2ccc(OC)cc2)cc1,1.0,training
O=C(O)c1cccc([N+](=O)[O-])c1,0.0,training
CCC1CCC(CCC(=O)O)C1,1.0,training
CC(CC=O)CC(C)(C)C,0.0,training
C[Si](Cl)(c1ccccc1)c1ccccc1,0.0,training
CCCCCCCCCCO,0.0,training
CC(=O)Oc1ccc2c3c1O[C@H]1[C@@H](OC(C)=O)C=C[C@H]4[C@@H](C2)N(C)CC[C@@]341,0.0,training
C#CCN(C)CCCOc1ccc(Cl)cc1Cl,1.0,training
CCCCOC(=O)c1ccccc1C(=O)OCCCC,1.0,training
NC(=S)N/N=C/c1cccnc1,0.0,training
Clc1ccccc1-c1nc(-c2ccncc2)no1,1.0,training
CSc1ccc(C=O)cc1,0.0,training
COC(=O)C1C=C2CC(=O)CC[C@]2(C)[C@@]23O[C@@H]2C[C@@]2(C)[C@@H](CC[C@@]24CCC(=O)O4)[C@H]13,0.0,training
Oc1ccc2c(c1)Cc1ccccc1-2,1.0,training
O=C1OC2(c3cc(Br)c(O)cc3Oc3c2cc(Br)c([O-])c3[Hg+])c2ccccc21,0.0,training
CC1(N)CCC(C(C)(C)N)CC1,1.0,training
Cc1cccc([N+](=O)[O-])c1C,0.0,training
C=CC(=O)OCCO,1.0,training
CN(C)C(=O)Oc1ccc[n+](C)c1,1.0,training
C#CCN(C)Cc1ccccc1,0.0,training
CNC[C@H](O)[C@@H](O)[C@H](O)[C@H](O)CO,1.0,training
C#C[C@]1(OC(C)=O)CC[C@H]2[C@@H]3CCC4=C[C@@H](OC(C)=O)CC[C@@H]4[C@H]3CC[C@@]21C,1.0,training
CC(=O)O[C@]1(C(C)=O)CC[C@H]2[C@@H]3CC=C4CC(=O)CC[C@]4(C)[C@@]3(F)[C@@H](O)C[C@@]21C,1.0,training
O=P(O)(O)OC[C@H]1O[C@](O)(COP(=O)(O)O)[C@@H](O)[C@@H]1O,1.0,training
Cc1ccc(S(=O)(=O)NC(=O)NN2CCCCCC2)cc1,1.0,training
Clc1ccc(CCC(Cn2ccnc2)Sc2c(Cl)cccc2Cl)cc1,0.0,training
CCCCCCC(=O)O[C@H]1CC[C@H]2[C@@H]3CC[C@H]4CC(=O)C=C(C)[C@]4(C)[C@H]3CC[C@]12C,1.0,training
CCCCCCCCCCOc1cc2c(=O)c(C(=O)OCC)c[nH]c2cc1OCC,0.0,training
COP(=S)(NC(C)C)Oc1ccc(C)cc1[N+](=O)[O-],1.0,training
C(=C/c1ccccc1)\c1ccccc1,1.0,training
ClCCOCCOCCCl,0.0,training
NC(=O)N1c2ccccc2CC(=O)c2ccccc21,0.0,training
Nc1cccc([N+](=O)[O-])c1,0.0,training
CCn1nc(Cc2ccccc2)cc1C1CCN(C[C@H]2C[C@H](N(C)C(C(=O)O)C(C)C)C[C@@H]2c2cccc(F)c2)CC1,0.0,training
CCOc1ccccc1N,0.0,training
CC1(C)CN=C(NN=C(C=Cc2ccc(C(F)(F)F)cc2)C=Cc2ccc(C(F)(F)F)cc2)NC1,1.0,training
O=P(OCCCl)(OCCCl)OCCCl,0.0,training
CCCOc1ccc2nc(NC(=O)OC)sc2c1,1.0,training
CCOc1ccccc1O,0.0,training
C=C(C)C(=O)OC,0.0,training
Cl[In](Cl)Cl,1.0,training
Cc1ccnc2ccccc12,0.0,training
Cc1ccc(C)c(N)c1,1.0,training
c1ccc(CSCc2ccccc2)cc1,1.0,training
CC(C)c1c(CN(C)C(C)Cc2ccccc2)n(C)n(-c2ccccc2)c1=O,0.0,training
CN(C)CCN(Cc1ccc(Cl)cc1)c1ccccn1,0.0,training
CC(C)CCOC(=O)C=Cc1ccccc1,1.0,training
OCCN1CCN(CCCN2c3ccccc3Sc3ccc(Cl)cc32)CC1,0.0,training
CCOC(=O)NNc1nncc2ccccc12,0.0,training
c1ccc(COCc2ccccc2)cc1,0.0,training
O=C(O)CCC(=O)OC[C@@H](NC(=O)C(Cl)Cl)[C@H](O)c1ccc([N+](=O)[O-])cc1,0.0,training
CC(N)CCCC(C)(C)O,0.0,training
C(=NC1CCCCC1)=NC1CCCCC1,1.0,training
FC(F)(F)c1ccc(Cl)cc1Cl,0.0,training
CCCCCCCCCCCCCCCCCC(=O)OCCO,1.0,training
C1CCCCC1,0.0,training
Oc1ccc(Cc2ccccc2O)cc1,1.0,training
O=C(O)c1cc2ccccc2c(Cc2c(O)c(C(=O)O)cc3ccccc23)c1O,1.0,training
CCCCN(CCCC)CC(O)c1cc(Cl)cc2c1-c1ccc(Cl)cc1/C2=C/c1ccc(Cl)cc1,1.0,training
CCOCCOCCOC(C)=O,0.0,training
CCOC(=O)C(C)(C)Oc1ccc(Cl)cc1,1.0,training
COP(=O)(OC)O/C(C)=C/C(=O)N(C)C,0.0,training
CNC(=O)OCc1cccc(COC(=O)NC)n1,0.0,training
c1csc(SSc2cccs2)c1,1.0,training
O=C(c1ccc(O)cc1O)c1ccc(O)cc1O,1.0,training
Nc1cc([N+](=O)[O-])ccc1C(=O)O,1.0,training
CCCCOP(=O)(O)OCCCC,1.0,training
CC(c1ccc(O)cc1)c1ccc(O)cc1,1.0,training
[O-][Cl+3]([O-])([O-])O,1.0,training
Cc1cnc(C(=O)NCCc2ccc(S(=O)(=O)NC(=O)NC3CCCCC3)cc2)cn1,0.0,training
C[C@]12CC(C=O)C(=O)C[C@@H]1CC[C@@H]1[C@@H]2CC[C@@]2(C)[C@H]1CC[C@]2(C)O,1.0,training
C=CCc1ccc(OC(=O)Cc2ccccc2)c(OC)c1,1.0,training
Nc1nc2ccc(OC(F)(F)F)cc2s1,1.0,training
COc1ccc(NC(C)=O)cc1N,1.0,training
COc1ccc(N)cc1,1.0,training
NC(=O)C1O[C@@H](O)[C@H](O)[C@@H](O)[C@@H]1O,0.0,training
C[N+](C)(C)C,1.0,training
CC1CC(C)C(=O)C1=O,0.0,training
Nc1ncn([C@H]2C[C@H](O)[C@@H](CO)O2)c(=O)n1,0.0,training
Cc1cc(NC(=O)C(=O)O)cc(C)c1Oc1ccc(O)c2c1CCC2,1.0,training
CCCC/C=C\CCCCCCCCCC=O,1.0,training
O=C(c1ccc(O)c(O)c1)c1ccc(O)cc1O,1.0,training
NC(=O)c1cccc([N+](=O)[O-])c1,0.0,training
CCOC(=O)c1ccc(OC(=O)CCCCCN=C(N)N)cc1,1.0,training
CCN1C[C@]2(COC)[C@H](O)C[C@H](OC)[C@]34C1[C@H]([C@H](OC)[C@H]23)[C@]1(OC(C)=O)[C@H]2[C@@H](OC(=O)c3ccccc3)[C@](O)(C[C@H]24)[C@@H](OC)[C@@H]1O,0.0,training
Cc1ccc(S)cc1,0.0,training
COc1ccc(C(=O)c2ccc(C)cc2)c(O)c1,1.0,training
C=CC(N)=O,0.0,training
C[C@H](CCC(=O)NCC(=O)O)[C@H]1CC[C@H]2[C@@H]3[C@H](O)C[C@@H]4C[C@H](O)CC[C@]4(C)[C@H]3C[C@H](O)[C@]12C,1.0,training
Cc1ccc(C(C)c2ccc(C)c(C)c2)cc1C,0.0,training
Oc1ccc(C(c2ccc(O)cc2)(C(F)(F)F)C(F)(F)F)cc1,1.0,training
C[C@]12CC[C@@H]3c4ccc(O)cc4C=CC3[C@@H]1CCC2=O,1.0,training
CCCCCCC(C=O)=Cc1ccccc1,1.0,training
CC1(C)C2CCC3(C2)C1C(=O)CCC3(C)C,0.0,training
Nc1c(CC(=O)O)cccc1C(=O)c1ccccc1,1.0,training
COc1cc(OC)c(OC)cc1C=O,0.0,training
Cc1cc(O)ccc1Cl,1.0,training
Nc1ccc(-c2ccc(F)cc2)cc1,1.0,training
Oc1cccc(Nc2ccccc2)c1,1.0,training
CC(C)N(c1ccccc1)C(C)C,0.0,training
CCCCC1=NC2(CCCC2)C(=O)N1Cc1ccc(-c2ccccc2-c2nn[nH]n2)cc1,0.0,training
C[C@]12CCC(=O)C(=O)C1CC[C@@H]1[C@@H]2CC[C@]2(C)C(=O)CC[C@@H]12,1.0,training
c1ccc([Bi](c2ccccc2)c2ccccc2)cc1,1.0,training
CCCCCCOC(=O)C(C)CC,0.0,training
Cc1ccccc1C,0.0,training
CC(=O)OCC(=O)Nc1cc(C#N)cc(NC(=O)COC(C)=O)c1Cl,0.0,training
N[C@H]1C(O)O[C@H](CO)[C@@H](O)[C@@H]1O,1.0,training
CCCCc1ccc2[nH]c(NC(=O)OC)nc2c1,1.0,training
c1ccc2c(c1)-c1cccc3cccc-2c13,1.0,training
CCCCCCCc1ccc(O)cc1,1.0,training
CCSC(=O)N1CCCCCC1,0.0,training
CCC(C)Nc1c([N+](=O)[O-])cc(C(C)(C)C)cc1[N+](=O)[O-],1.0,training
NC(=O)OC[C@@H]1C(=NC(=O)C(NOCC(=O)O)c2csc(N)n2)C(=O)N1S(=O)(=O)O,1.0,training
C[N+]1(C)[C@@H]2C[C@@H](OC(=O)C(CO)c3ccccc3)C[C@H]1[C@@H]1O[C@@H]12,0.0,training
Nc1cc(Cl)c([N+](=O)[O-])cc1O,0.0,training
Cc1oc(=O)oc1CN1CCN(c2cc3c(cc2F)c(=O)c(C(=O)O)c2n3C(C)S2)CC1,1.0,training
c1ccc(CC2=NCCN2)cc1,0.0,training
CCCCCCCCCCCCc1ccccc1O,1.0,training
CC1=C(/C=C/C(C)=C/C=C/C(C)=C/C=C\C=C(C)\C=C\C=C(C)\C=C\C2=C(C)C(=O)CCC2(C)C)C(C)(C)CCC1=O,1.0,training
O=c1cc(-c2ccccc2)oc2ccc3ccccc3c12,1.0,training
CS(=O)(=O)O,0.0,training
O=C(OCCc1ccccc1)c1ccccc1,1.0,training
O=C(O)c1ccccc1OP(=O)(O)O,0.0,training
CC(=O)Nc1ccc2c(c1)Cc1cc(NC(C)=O)ccc1-2,1.0,training
C=CC(C)(CCC=C(C)C)OC=O,0.0,training
CCNc1nc(Cl)nc(NC(C)C)n1,0.0,training
COc1ccc(C(=O)N2CCCC2=O)cc1,0.0,training
CCOC(=O)Cn1c(=O)sc2cccc(Cl)c21,0.0,training
O=C(O)CC(=O)O,0.0,training
CC#CCC(C)[C@H](O)/C=C/[C@@H]1[C@H]2c3cccc(CCCC(=O)O)c3O[C@H]2C[C@H]1O,1.0,training
Nc1ccc(-c2ccc(N)c(Cl)c2)cc1Cl,1.0,training
O=C(O)Cn1c2ccccc2c(=O)c2ccccc21,1.0,training
CC(=O)CC(=O)Nc1ccccc1,1.0,training
CCn1cc(C(=O)O)c(=O)c2cc(F)c(N3CCNC(C)C3)c(F)c21,0.0,training
O=C(OCc1ccccc1)c1ccccc1O,1.0,training
Clc1ccccc1Cl,0.0,training
O=C(CC(=O)c1ccccc1)c1ccccc1,1.0,training
CC(C)C(OC(=O)c1ccccc1)C(C)(C)COC(=O)c1ccccc1,1.0,training
C=C1C[C@@H]2[C@H](CC[C@]3(C)C(=O)CC[C@@H]23)[C@@]2(C)C=CC(=O)C=C12,1.0,training
CC(CN1c2ccccc2Sc2ccc(S(=O)(=O)N(C)C)cc21)N(C)C,0.0,training
CC(=O)[C@@]1(O)CC[C@H]2C3=CC(Cl)=C4CC(=O)CC[C@]4(C)[C@H]3CC[C@@]21C,1.0,training
CCC(=O)O[C@H]1CC[C@H]2[C@@H]3CC=C4CC(=O)CC[C@]4(C)[C@H]3CC[C@]12C,1.0,training
CC1CCC(C(C)C)C(OC(=O)c2ccccc2N)C1,1.0,training
CCC(=O)NCCC1CCc2ccc3c(c21)CCO3,1.0,training
Nc1nc(-c2ccc([N+](=O)[O-])cc2)cs1,1.0,training
C#C[C@]1(O)CC[C@H]2[C@@H]3CC=C4CC(=O)CCC4[C@H]3CC[C@@]21C,1.0,training
CC(C)CCOC(=O)c1ccc(N(C)C)cc1,1.0,training
COCC(C)O,1.0,training
CON=C(C(=O)NC1C(=O)N2C(C(=O)O)=C(COC(N)=O)CS[C@H]12)c1ccco1,1.0,training
O=C1NCC2(CCN(CCc3ccccc3)CC2)O1,1.0,training
S=C1SCN(Cc2ccccc2)CN1Cc1ccccc1,1.0,training
Nc1ccccc1C(=O)OCCc1ccccc1,1.0,training
Cc1cc(C(C)(C)c2ccc(O)c(C)c2)ccc1O,1.0,training
Nc1ccc(C(=O)Oc2ccccc2)c(O)c1,1.0,training
CC[C@]1(O)C[C@H]2CN(CCc3c([nH]c4ccccc34)[C@@](C(=O)OC)(c3cc4c(cc3OC)N(C)[C@H]3[C@@](O)(C(N)=O)[C@H](O)[C@]5(CC)C=CCN6CC[C@]43[C@@H]65)C2)C1,0.0,training
C[C@]12C=CC(=O)C=C1CC[C@H]1[C@@H]3C[C@@H](O)[C@](O)(C(=O)CO)[C@@]3(C)C[C@H](O)[C@@]12F,1.0,training
CCc1oc2ccccc2c1C(=O)c1cc(Br)c(O)c(Br)c1,0.0,training
O=c1[nH]cc(F)c(=O)[nH]1,0.0,training
N#CCCl,1.0,training
O=c1oc2cc(O)ccc2c2oc3cc(O)ccc3c12,1.0,training
O=C(c1ccc(O)cc1)c1ccc(Cl)cc1,1.0,training
COc1c(Cl)ccc(Cl)c1C(=O)O,0.0,training
CCC(C)(C)OC,1.0,training
COC(=O)C(c1ccccc1Cl)N1CCc2sccc2C1,1.0,training
O=C(CCl)c1ccccc1,1.0,training
CC(=O)O[C@]1(C(C)=O)CC[C@H]2[C@@H]3CC(C)=C4CC(=O)CC[C@]4(C)[C@H]3CC[C@@]21C,0.0,training
O=C(O)c1ccccc1Nc1cc(Cl)ccc1C(=O)O,0.0,training
N=C(N)n1cccn1,0.0,training
O=C(O)C1[C@H]2C[C@H]3c4[nH]c5ccccc5c4CCN3C[C@@H]2CC[C@@H]1O,0.0,training
CCCCOC(=O)c1ccccc1C(=O)OCc1ccccc1,1.0,training
CCC(C)c1cc([N+](=O)[O-])cc([N+](=O)[O-])c1O,0.0,training
OCC=Cc1ccccc1,1.0,training
NC(Cc1ccc(F)cc1)C(=O)O,0.0,training
CCOCCOCCOCC,1.0,training
Clc1cc(Cl)c(Cl)cc1Cl,1.0,training
CC(=O)OC(C)C[N+](C)(C)C,0.0,training
Cc1ccc(N=Nc2c(O)c(C(=O)O)cc3ccccc23)c(S(=O)(=O)O)c1,0.0,training
O=P1(N(CCCl)CCCl)NCCCO1,1.0,training
O=C(O)C(CC(=O)N1C[C@H]2CCCC[C@H]2C1)Cc1ccccc1,1.0,training
CCCCC(CC)COC(=O)OOC(C)(C)C,0.0,training
COc1ccc(C(=O)c2ccc(OC)cc2O)c(O)c1,1.0,training
CCCCOP(=O)(OCCCC)OCCCC,1.0,training
CC(CCc1ccccc1)NC(C)C(O)c1ccc(O)cc1,0.0,training
COc1cc2c(cc1OC)C(=O)C(CC1CCN(Cc3ccccc3)CC1)C2,1.0,training
Cc1ccc(C(=O)c2ccccc2)cc1,1.0,training
CCN(CC)CCOc1ccc2nc(N(C)C)sc2c1,1.0,training
CCC(COC(=O)CCS)(COC(=O)CCS)COC(=O)CCS,0.0,training
CCCCCCCCCCCCCCCC[N+](C)(C)C,1.0,training
CC1(C)O[C@@H]2C[C@H]3[C@@H]4CC=C5CC(=O)C=C[C@]5(C)[C@H]4[C@@H](O)C[C@]3(C)[C@]2(C(=O)CO)O1,1.0,training
CCOc1cc(CC(=O)N[C@@H](CC(C)C)c2ccccc2N2CCCCC2)ccc1C(=O)O,0.0,training
Cc1cccc(C)c1,1.0,training
CC(C)(c1cc(Cl)c(O)c(Cl)c1)c1cc(Cl)c(O)c(Cl)c1,1.0,training
CN(C)C(C)(C)CO,1.0,training
Cc1cccc(C#N)c1,1.0,training
CCN(CC)C(=O)C1C=C2c3cccc4[nH]cc(c34)C[C@H]2N(C)C1,1.0,training
CC(C)(C)C(=O)OCOC(=O)C1N2C(=O)C(N=CN3CCCCCC3)[C@H]2SC1(C)C,0.0,training
O=C(O)CCCCCCCC(=O)O,1.0,training
Nc1ncc([N+](=O)[O-])s1,1.0,training
C=C1C(CCl)(CCl)C2(Cl)C(Cl)C(Cl)C1(Cl)C2(Cl)Cl,1.0,training
C[C@]12CC[C@@H]3c4ccc(OC(=O)N(CCCl)CCCl)cc4CC[C@H]3[C@@H]1CC[C@@H]2OP(=O)(O)O,1.0,training
C[C@]12CC[C@@H]3c4ccc(OS(=O)(=O)O)cc4CC[C@H]3[C@@H]1CCC2=O,1.0,training
CNP(=O)(OC)Oc1ccc(C(C)(C)C)cc1Cl,0.0,training
CCCCC/C(=C/c1ccccc1)CO,0.0,training
Cn1ccc2cc3c(cc21)CCN3C(=O)Nc1cccnc1,1.0,training
COc1cc2c(cc1OC)[C@@]13CCN4CC5=CCO[C@H]6CC(=O)N2[C@H]1[C@H]6[C@H]5C[C@H]43,0.0,training
Cc1cccc(C)c1[N+](=O)[O-],1.0,training
CC(C)=CCCC(C)CC=O,0.0,training
C1C[C@@H]2[C@@H]3CC[C@H](C3)[C@@H]2C1,0.0,training
IC(I)I,1.0,training
Cc1ccc2ccccc2n1,0.0,training
CC(CN1c2ccccc2Sc2cccnc21)N(C)C,0.0,training
NS(=O)(=O)c1cc(C(=O)O)c(NCc2ccco2)cc1Cl,1.0,training
Nc1nc(Cl)nc2c1ncn2[C@H]1C[C@H](O)[C@@H](CO)O1,1.0,training
CC(C)COC(=O)C(C)C,0.0,training
CC(N)Cc1ccc(O)cc1,0.0,training
CC(C)CCCCCCN,0.0,training
O=c1[nH]sc2ccccc12,0.0,training
S=C=NCCc1ccccc1,1.0,training
N#CC(C#N)=Cc1ccc(O)c(O)c1,0.0,training
Nc1ncnc(Nc2ccc(Cl)cc2)n1,1.0,training
OCCSc1ccccc1,0.0,training
CCN(CC)CCNC(=O)c1ccc(N)cc1,0.0,training
O=C1C(=Cc2cccs2)CCCC1=Cc1cccs1,1.0,training
CCC(CC)Nc1c([N+](=O)[O-])cc(C)c(C)c1[N+](=O)[O-],1.0,training
C=CC(C)(CCC=C(C)C)OC(=O)C=Cc1ccccc1,1.0,training
Cn1cnc2c(F)c(Nc3ccc(Br)cc3Cl)c(C(=O)NOCCO)cc21,1.0,training
CCCCCCCCCCCCCCCCCC(=O)OCC(O)CO,0.0,training
CC(C)=CCC/C(C)=C/C=C\C(C)=C\C=C\C(C)=C\C=C/C=C(C)/C=C/C=C(C)/C=C\C=C(/C)CCC=C(C)C,1.0,training
Oc1ccc(Cc2ccccc2)cc1,1.0,training
O=c1c2ccccc2oc2ccccc12,1.0,training
CC(C)(C)OC(=O)c1ccc(O)cc1,1.0,training
Cc1cc(C(=O)NNCc2ccccc2)no1,1.0,training
CC(C)C(C)(N)C#N,0.0,training
O=S(=O)(O)OC[C@H]1O[C@@](COS(=O)(=O)O)(O[C@H]2O[C@H](COS(=O)(=O)O)[C@@H](OS(=O)(=O)O)[C@H](OS(=O)(=O)O)[C@H]2OS(=O)(=O)O)[C@@H](OS(=O)(=O)O)[C@@H]1OS(=O)(=O)O,1.0,training
Cc1c(C)c([N+](=O)[O-])c(C(C)(C)C)c([N+](=O)[O-])c1C,0.0,training
CNc1cnn(-c2cccc(C(F)(F)F)c2)c(=O)c1Cl,1.0,training
COc1ccc2c(c1)c(CC(=O)OCC(=O)O)c(C)n2C(=O)c1ccc(Cl)cc1,0.0,training
FC(F)(F)C(F)(F)C(F)(F)C(F)(F)CCI,1.0,training
CC(C)(C1CCC(O)CC1)C1CCC(O)CC1,1.0,training
Cc1onc(-c2ccccc2)c1-c1ccc(S(N)(=O)=O)cc1,0.0,training
COC(N)=O,0.0,training
Cc1nc2ccccc2c(=O)n1-c1ccccc1Cl,1.0,training
O=C(O)c1cc(Br)c(O)c(Br)c1,0.0,training
O=C1CCCC(=O)O1,0.0,training
Cn1cnc2c(=O)[nH]c(N)nc21,0.0,training
CN1CCN(c2c(F)cc3c(=O)c(C(=O)O)cn4c3c2OCN4C)CC1,1.0,training
Cc1ccccc1S,0.0,training
CC(C)(c1ccc(OCC2CO2)cc1)c1ccc(OCC2CO2)cc1,0.0,training
CCCCC(CC)COC(=O)CC(C(=O)OCC(CC)CCCC)S(=O)(=O)O,1.0,training
Cc1ccc2c(c1)C(=O)OC2=O,0.0,training
CN1CCOC(c2ccccc2)c2ccccc2C1,1.0,training
CCC(=O)O[C@H]1CC[C@H]2[C@@H]3CCc4cc(O)ccc4[C@H]3CC[C@]12C,1.0,training
NC[C@@H]1CC[C@@H](N)[C@@H](O[C@H]2[C@H](O)[C@@H](O[C@H]3O[C@H](CO)[C@@H](O)[C@H](N)[C@H]3O)[C@H](N)C[C@@H]2N)O1,1.0,training
OCC(O)CO,0.0,training
CC1(C(=O)Nc2ccc(O)c(Cl)c2Cl)CCCCC1,1.0,training
CC(C)=O,0.0,training
Cc1nnc(SCC2=C(C(=O)O)N3C(=O)C(NC(=O)Cn4cnnn4)[C@H]3SC2)s1,0.0,training
CCOC(=O)NC(=S)Nc1ccccc1NC(=S)NC(=O)OCC,1.0,training
COc1ccc(-c2ccc3cc(C(=O)O)ccc3c2)cc1C12CC3CC(CC(C3)C1)C2,0.0,training
C=C(C)[C@H]1CNC(C(=O)O)[C@H]1CC(=O)O,0.0,training
CCOP(=S)(OCC)SCSCC,1.0,training
O1[As]2O[As]3O[As]1O[As](O2)O3,1.0,training
BrC(Br)C(Br)Br,0.0,training
CCCCCCCCCCCCCCCC(=O)OC[C@@H](COP(=O)([O-])OCC[N+](C)(C)C)OC(=O)CCCCCCCCCCCCCCC,1.0,training
CN1[C@@H]2CC[C@H]1C[C@@H](OC1c3ccccc3CCc3ccccc31)C2,0.0,training
CCOc1ccc([N+](=O)[O-])cc1,1.0,training
CC(C=O)=Cc1ccccc1,0.0,training
CCC1CO1,1.0,training
Cc1cccc2c1cc1ccc3cccc4ccc2c1c34,0.0,training
O=Cc1ccc([N+](=O)[O-])cc1,1.0,training
OCc1c2ccccc2cc2ccccc12,1.0,training
CCCCCCCCCCCCCCCC(=O)O,1.0,training
CC(C)(C)Cl,1.0,training
O=C(O)C(O)C(O)C(O)C(O)C(=O)O,0.0,training
CC(=O)c1nccs1,1.0,training
O=C(O)c1cc(=O)[nH]c(=O)[nH]1,0.0,training
CCO[Si](CCCCl)(OCC)OCC,0.0,training
Cc1cc(C)nc(NS(=O)(=O)c2ccc(N)cc2)n1,1.0,training
C(=Cc1ccncc1)c1ccccc1,1.0,training
Cc1ccc2c(c1)C(=O)c1ccccc1C2=O,1.0,training
O=C1c2ccccc2C(=O)c2cc(O)ccc21,1.0,training
Brc1ccc(-c2ccccc2)cc1,0.0,training
OCCOCCO,0.0,training
Cc1cccc([N+](=O)[O-])c1C(=O)O,0.0,training
Oc1ccc(Nc2ccccc2)cc1,1.0,training
NC(=O)C(Cl)(Cl)Cl,1.0,training
Oc1ccc(C(=C(Cl)Cl)c2ccc(O)cc2)cc1,1.0,training
c1ccc2c(c1)Oc1ccccc1O2,0.0,training
C=C1C[C@]23C[C@@]1(O)CC[C@H]2[C@@]12C=C[C@H](O)[C@@](C)(C(=O)O1)[C@H]2C3C(=O)O,0.0,training
CC(=O)c1ccc2ccc3ccccc3c2c1,1.0,training
CC(C)(C)c1n[nH]c(=S)n(N)c1=O,0.0,training
O=C(Oc1ccccc1)c1cccc(C(=O)Oc2ccccc2)c1,1.0,training
CN(C)c1ccc(/C=C/c2ccc([N+](=O)[O-])cc2)cc1,1.0,training
O=C(C=Cc1ccccc1)OCC=Cc1ccccc1,1.0,training
CCCCCCc1ccc(O)cc1O,1.0,training
C=CC(=O)OCCCCCCCCCC,0.0,training
COc1ccc(CCNCC(O)COc2cccc(C)c2)cc1OC,0.0,training
NNC(=O)c1ccccc1,1.0,training
Cc1ccc(S(=O)(=O)O)c(C)c1,0.0,training
CCOc1ccc2c(c1)C(C)CC(C)(C)N2,0.0,training
CCC(=O)Oc1ccc2c(c1)CC[C@@H]1[C@@H]2CC[C@]2(C)[C@@H](OC(=O)CC)CC[C@@H]12,1.0,training
CCN(CC)CCOC(=O)c1cccnc1,0.0,training
C=CCSCC1Nc2cc(Cl)c(S(N)(=O)=O)cc2S(=O)(=O)N1,1.0,training
C[C@]12CC[C@@H]3c4ccc(O)cc4CC[C@H]3[C@@H]1CCC2=O,1.0,training
O=c1ccc2ccccc2o1,1.0,training
CC/C(=C(\c1ccccc1)c1ccc(OCCN(C)C)cc1)c1ccccc1,1.0,training
C[N+]1(CC2COC(c3ccccc3)(C3CCCCC3)O2)CCCCC1,0.0,training
Cc1ccc(N)cc1C,1.0,training
O=C(c1cc(O)c(O)c(O)c1)c1ccc(O)c(O)c1O,0.0,training
CCOC(C)OCC,0.0,training
CCCCCCCCCCCCCCCCCBr,0.0,training
COC(=O)[C@]1(C)CCC[C@@]2(C)[C@H]1CC=C1C=C(C(C)C)CC[C@@H]12,0.0,training
NS(=O)(=O)Cc1noc2ccccc12,0.0,training
Nc1c(Cl)c(Cl)c(Cl)c(Cl)c1Cl,0.0,training
CCCCCCCCCCCBr,0.0,training
Cc1cccc(Nc2cc(Cl)nc(SCC(=O)O)n2)c1C,0.0,training
CC(C)(CCl)c1ccccc1,0.0,training
Oc1ccc2ccc3cccc4ccc1c2c34,1.0,training
NC(CCC(=O)NC(CSSCC(NC(=O)CCC(N)C(=O)O)C(=O)NCC(=O)O)C(=O)NCC(=O)O)C(=O)O,1.0,training
Oc1ccc(Oc2ccccc2)cc1,1.0,training
Nc1ccn([C@@H]2O[C@H](CO)[C@@H](O)C2(F)F)c(=O)n1,0.0,training
O=C(O)CC(O)(CC(=O)O)C(=O)O,0.0,training
CC(=O)OCCC(C)C,0.0,training
CCCCN(CCCC)C(=O)N(CCCC)CCCC,1.0,training
Cc1ccsc1C(=CCCN1CCCC(C(=O)O)C1)c1sccc1C,1.0,training
CC=C(c1ccc(O)cc1)C(CC)c1ccc(O)cc1,1.0,training
CCCCC(=O)O[C@H]1CC[C@H]2[C@@H]3CCc4cc(O)ccc4[C@H]3CC[C@]12C,1.0,training
CNCC[C@@H](Oc1ccccc1C)c1ccccc1,0.0,training
OCCCCCO,1.0,training
CNC(=O)N(C)c1nc2ccccc2s1,1.0,training
CC1CCC2CC1C2(C)C,1.0,training
O=c1c(O)c(-c2ccc(O)c(O)c2)oc2cc(O)cc(O)c12,1.0,training
Cc1ccc(O)c(-n2nc3ccccc3n2)c1,1.0,training
COc1ccc2cc(CCC(C)=O)ccc2c1,1.0,training
C[C@]12C=CC(=O)C=C1CC[C@@H]1[C@@H]2CC[C@@]2(C)[C@H]1CC[C@]2(C)O,1.0,training
O=c1ssc(Cl)c1Cl,0.0,training
Cc1ccc2c(c1N)C(=O)c1ccccc1C2=O,1.0,training
CC(C)(C)c1cc(CCC(=O)OCC(COC(=O)CCc2cc(C(C)(C)C)c(O)c(C(C)(C)C)c2)(COC(=O)CCc2cc(C(C)(C)C)c(O)c(C(C)(C)C)c2)COC(=O)CCc2cc(C(C)(C)C)c(O)c(C(C)(C)C)c2)cc(C(C)(C)C)c1O,1.0,training
Nc1ccc(-c2ccccc2)cc1,1.0,training
O=C(O)c1c(Cl)ccc(Cl)c1Cl,0.0,training
CCC1=CC(C)C[C@H](C)C[C@H](OC)[C@H]2O[C@@](O)(C(=O)C(=O)N3CCCCC3C(=O)O[C@H](/C(C)=C/[C@@H]3CC[C@@H](Cl)[C@H](OC)C3)[C@H](C)[C@@H](O)CC1=O)[C@H](C)C[C@@H]2OC,1.0,training
COCCO,0.0,training
c1ccc2c(c1)ccc1ccccc12,0.0,training
CC(C)(C)c1ccc(O)c(O)c1,1.0,training
C=C[C@H]1CN2CC[C@H]1C[C@H]2[C@H](OC(=O)OCC)c1ccnc2ccc(OC)cc12,1.0,training
O=C(c1ccccc1)c1ccc(O)c(O)c1O,1.0,training
O=C(Oc1ccccc1)c1ccc(O)cc1,1.0,training
CCOC(=O)C(=O)OCC,0.0,training
c1ccc2c(c1)Nc1ccccc1S2,1.0,training
O=C(NS(=O)(=O)/C=C/c1cccs1)c1ccc(F)cc1Br,1.0,training
CC(C)(O)c1cnn2c(-c3ccc(F)c(-c4c(F)cccc4C#N)c3)cnc2n1,0.0,training
O=C1CCCCCCCCCCCCCC1,0.0,training
CC(/C=C/C=C(\C)C(=O)O[C@@H]1O[C@H](CO[C@@H]2O[C@H](CO)[C@@H](O)[C@H](O)[C@H]2O)[C@@H](O)[C@H](O)[C@H]1O)=C\C=C\C=C(C)\C=C\C=C(/C)C(=O)O[C@@H]1O[C@H](CO[C@@H]2O[C@H](CO)[C@@H](O)[C@H](O)[C@H]2O)[C@@H](O)[C@H](O)[C@H]1O,1.0,training
Oc1c2c(c(O)n1SC(Cl)(Cl)C(Cl)Cl)CC=CC2,1.0,training
CC(C)OC(=O)CCCCC(=O)OC(C)C,0.0,training
CN1CCC(=C2c3ccccc3C=Cc3ccccc32)CC1,0.0,training
Oc1cc(Cl)cc(Cl)c1,0.0,training
C[C@@H](Cc1ccccc1)N(C)C,1.0,training
CN(C(=O)C(Cl)Cl)c1ccc(OC(=O)c2ccco2)cc1,1.0,training
c1ccc2c(c1)Oc1ccccc1S2,1.0,training
COC(C)(C)CC(C)=O,0.0,training
CC(C)c1cccc(C(C)C)c1N1C(=O)c2ccc(O)cc2C1=O,1.0,training
Cc1cc(C2(c3cc(C)c(O)cc3C)OS(=O)(=O)c3ccccc32)c(C)cc1O,1.0,training
O=C(O)Cc1sc(-c2ccccc2)nc1-c1ccc(Cl)cc1,0.0,training
Cc1ccc2nc(-c3ccc(N)cc3)sc2c1S(=O)(=O)O,1.0,training
O=C(O)c1cccc(O)c1,0.0,training
C=CC(C)(C)CC(=O)OC,0.0,training
CCCCCCCCCCCOC(=O)c1ccccc1C(=O)OCCCCCCCCCCC,1.0,training
Cc1c2ccccc2c(C)c2c1ccc1ccccc12,1.0,training
CC(C)(C)C1CCC(=O)CC1,0.0,training
O=C(O)c1ccco1,0.0,training
CCCCO,0.0,training
O=C(Cl)c1cc(Cl)cc(Cl)c1,0.0,training
C[C@]12C=CC(=O)C=C1CC[C@@H]1C2C(=O)C[C@@]2(C)[C@H]1CC[C@]2(O)C(=O)CO,1.0,training
CC[C@H](C)C1NC(=O)C(Cc2ccc(O)cc2)NC(=O)C(N)CSSCC(C(=O)N2CCCC2C(=O)NC(CC(C)C)C(=O)NCC(N)=O)NC(=O)C(CC(N)=O)NC(=O)C(CCC(N)=O)NC1=O,1.0,training
CC(C)(C)NCC(O)COc1cccc2c1C[C@H](O)[C@H](O)C2,0.0,training
Cc1ccc(C)c([N+](=O)[O-])c1,0.0,training
CCCCCC/C=C/CCCCCCCC(=O)O,1.0,training
NNc1nncc2ccccc12,1.0,training
Cc1oc(-c2ccccc2)nc1CCOc1cccc2c1ccn2CCC(=O)O,0.0,training
CCOC(=O)/C=C\C(=O)OCC,0.0,training
ClC1=C(Cl)C1(Cl)Cl,0.0,training
O=C(O)c1cccc(Cl)c1Cl,0.0,training
c1coc(-c2nc3ccccc3[nH]2)c1,1.0,training
COC(=O)Nc1nc2cc(Sc3ccccc3)ccc2[nH]1,1.0,training
C[C@]12C=CC(=O)C=C1CC[C@@H]1[C@@H]2CC[C@]2(C)OC(=O)CC[C@@H]12,1.0,training
CC(=O)c1ccc(OCC(=O)N2CCCCC2)cc1,1.0,training
CC(N)C(=O)OC(C)(C)Cc1ccc(Cl)cc1,0.0,training
Cc1c(-c2ccccc2)oc2c(C(=O)OCCN3CCCCC3)cccc2c1=O,0.0,training
CC(C)CCCCCCc1ccc(OCCOCCO)cc1,0.0,training
C=CCOc1cc(Cl)ccc1C(=O)NCCN(CC)CC,1.0,training
Cc1ccc(/C(=C\CN2CCCC2)c2ccccn2)cc1,0.0,training
CS(=O)(=O)c1ccc(C(=O)C2C(=O)CCCC2=O)c(Cl)c1COCC(F)(F)F,0.0,training
C[SiH](C)O[Si](C)(C)O[Si](C)(C)O[SiH](C)C,0.0,training
Nc1cc(S(=O)(=O)O)ccc1S(=O)(=O)O,0.0,training
Cc1ccc2c(c1[N+](=O)[O-])C(=O)c1ccccc1C2=O,1.0,training
CC(C)(COP(=O)(O)OP(=O)(O)OC[C@H]1O[C@@H](n2cnc3c(N)ncnc32)[C@H](O)[C@@H]1OP(=O)(O)O)C(O)C(=O)NCCC(=O)NCCS,1.0,training
CCCCCCCC(=O)Cl,0.0,training
NC(=S)NC(N)=S,0.0,training
CCC(C)c1nccnc1OC,0.0,training
Nc1c2ccccc2nc2ccccc12,1.0,training
CCCCCCCCCCCCCl,1.0,training
COc1cc(Br)c(C[N+]2(CCOCCC3CCC4CC3C4(C)C)CCOCC2)cc1OC,0.0,training
S=C1NCCN1,0.0,training
CC(=O)c1cnccn1,0.0,training
CCOC(=O)Nc1cccc(OC(=O)Nc2ccccc2)c1,1.0,training
COc1cc2c(cc1OC)C(C(C(=O)N(CCc1ccc(OC)c(OC)c1OC)CCc1ccc(OC)c(OC)c1OC)c1ccccc1)=NCC2,0.0,training
CCCN(CC)C(CC)C(=O)Nc1c(C)cccc1C,0.0,training
Nc1ccc([As](=O)(O)O)cc1,0.0,training
O[C@@H](c1cc(C(F)(F)F)nc2c(C(F)(F)F)cccc12)[C@H]1CCCCN1,1.0,training
CN(C)CCOC(C)(c1ccccc1)c1ccccn1,1.0,training
c1ccc2c(c1)ccc1ncccc12,0.0,training
CC(C)CC1C(=O)N2CCC[C@H]2[C@]2(O)O[C@](NC(=O)C3C=C4c5cccc6[nH]c(Br)c(c56)C[C@H]4N(C)C3)(C(C)C)C(=O)N12,0.0,training
O=C(O)CNC(=O)c1ccc([N+](=O)[O-])cc1,1.0,training
CC(Cl)CCl,0.0,training
Nc1ccc2ccccc2c1S(=O)(=O)O,1.0,training
CC(C(=O)O)c1ccc(-c2ccccc2)c(F)c1,1.0,training
CCOP(=S)(OCC)Oc1nc(Cl)n(C(C)C)n1,0.0,training
c1ccc2c(c1)CCc1ccccc1N2,1.0,training
O=C(N[C@H]1CN2CCC1CC2)c1cc2ccoc2cn1,0.0,training
C[N+](C)(C)CC(O)CC(=O)[O-],0.0,training
Cc1ccccc1OCC(=O)O,0.0,training
COC(=O)C(c1ccccc1)C1CCCCN1,0.0,training
C=CCN1CC[C@]23CCCC[C@H]2[C@H]1Cc1ccc(O)cc13,0.0,training
COc1ccc(C(=O)Nc2ccccc2)cc1[N+](=O)[O-],1.0,training
CC(C)CC=C(C=O)c1ccccc1,1.0,training
N#CC1(O)CCCCC1,0.0,training
COc1cc(O)c(C(=O)c2ccccc2)cc1S(=O)(=O)O,0.0,training
O=C(NCCN1CCOCC1)c1ccc(Cl)cc1,1.0,training
[Zn+2],0.0,training
CC(=O)NC[C@H]1CN(c2ccc(N3CCOCC3)c(F)c2)C(=O)O1,1.0,training
CCC(=O)OC/C=C/c1ccccc1,1.0,training
C1CCC2(CCCCO2)OC1,0.0,training
CCCCCCC(=O)O[C@H]1CC[C@H]2[C@@H]3CCc4cc(O)ccc4[C@H]3CC[C@]12C,1.0,training
O=c1cc(-c2ccc(O)cc2)oc2cc(O)cc(O)c12,1.0,training
CC(C)=CCCC(C)C=O,0.0,training
CCC(C)(C)C(=O)O[C@H]1C[C@@H](C)C=C2C=C[C@H](C)[C@H](CC[C@@H]3C[C@@H](O)CC(=O)O3)[C@H]21,1.0,training
C#C[C@]1(O)CC[C@H]2[C@@H]3CC=C4CC(=O)CCC4[C@H]3CC[C@@]21CC,1.0,training
O=C(O)CCCCCCCCCCC(=O)O,1.0,training
c1ccc(B(c2ccccc2)c2ccccc2)cc1,1.0,training
O=C(c1ccccc1)c1ccccc1,1.0,training
CCC(=O)O[C@]1(c2ccccc2)CCN(C)C[C@H]1C,0.0,training
CCN(CC)C(=O)c1cccc(C)c1,1.0,training
Oc1ccc(C=Cc2cc(O)cc(O)c2)cc1,1.0,training
O=C1c2ccccc2Cc2ccccc21,1.0,training
CC(C)(C)C(=O)c1ccccc1,1.0,training
CCOC(=O)NC(O)C(Cl)(Cl)Cl,0.0,training
COc1cccc(OC)c1C(=O)NC1C(=O)N2C(C(=O)O)C(C)(C)S[C@H]12,1.0,training
Brc1ccc(Oc2cc(Br)c(Br)cc2Br)c(Br)c1,1.0,training
CC(C)C[C@H](CN)CC(=O)O,1.0,training
CC(=O)NCc1c(I)c(NC(C)=O)c(I)c(C(=O)O)c1I,1.0,training
C[N+](C)(C)CC(O)CCl,0.0,training
O=C(OCc1ccccc1)c1ccc(O)cc1,1.0,training
C[C@]12CC[C@H]3[C@@H](CC=C4CC(=O)CC[C@@]43C)[C@@H]1CC[C@@H]2OC(=O)CCc1ccccc1,1.0,training
CC(C)NCC(O)c1ccc(N)c(C#N)c1,0.0,training
CCCCC(=O)O[C@]1(C(=O)CO)CC[C@H]2[C@@H]3CC=C4CC(=O)CC[C@]4(C)[C@H]3[C@@H](O)C[C@@]21C,0.0,training
Cn1cc(C2=C(c3cn(C4CCN(Cc5ccccn5)CC4)c4ccccc34)C(=O)NC2=O)c2ccccc21,0.0,training
NC(=O)Oc1ccc(Cc2ccccc2)cc1,1.0,training
C[C@]12CC[C@H]3[C@@H](CC=C4CC(=O)CC[C@@]43C)[C@@H]1CC[C@H]2O,1.0,training
CN(C)C1C(=O)C(C(=O)NCNC(CCCCN)C(=O)O)C(=O)[C@@]2(O)C(=O)C3C(=O)c4c(O)cccc4[C@@](C)(O)C3C[C@@H]12,0.0,training
CC=C(CC)C(=O)NC(N)=O,1.0,training
Cc1cc2nc3c(=O)[nH]c(=O)nc-3n(C[C@H](O)[C@H](O)[C@H](O)CO)c2cc1C,0.0,training
Clc1ccc(C(Cl)(Cl)Cl)c(Cl)c1,0.0,training
CC(C)(C)S,0.0,training
NCCC(O)C(=O)N[C@@H]1C[C@H](N)[C@@H](O[C@H]2O[C@H](CN)[C@@H](O)[C@H](O)[C@H]2O)[C@H](O)[C@H]1O[C@H]1O[C@H](CO)[C@@H](O)[C@H](N)[C@H]1O,1.0,training
O=c1c(O)c(-c2ccc(O)cc2)oc2cc(O)cc(O)c12,1.0,training
CC(=O)OC/C=C(\C)CCC=C(C)C,0.0,training
CC(C)(C)C1CCC(O)CC1,0.0,training
c1ccc(CCNc2nc(-c3ccccc3)cs2)cc1,1.0,training
CCCCC(CC)COC(=O)c1ccc(C(=O)OCC(CC)CCCC)cc1,0.0,training
C[C@@H](O)C1C(=O)N2C(C(=O)O)=C([C@H]3CCCO3)S[C@H]12,0.0,training
CSc1nnc(C(C)(C)C)c(=O)n1N,0.0,training
CC(=O)CC(=O)c1ccccc1,1.0,training
O=C(CS)Nc1ccccc1,1.0,training
C=CCOCC(O)CCl,0.0,training
CNCCCCOc1ccccc1Cc1ccccc1,0.0,training
C=CC(C)=CCC=C(C)C,0.0,training
C[C@H]1C[C@H]2[C@@H]3CC=C4CC(=O)C=C[C@]4(C)[C@@]3(Cl)[C@@H](O)C[C@]2(C)[C@@]1(O)C(=O)CO,0.0,training
CCCCCCCC=O,0.0,training
O=c1cc(-c2ccccc2)oc2ccccc12,1.0,training
CCCCCCOc1ccc(N)cc1,1.0,training
C#CC(C)N(C)C(=O)Nc1ccc(Cl)cc1,0.0,training
CC(C)(C)OC(=O)c1cccc(N)c1,1.0,training
CC(=O)Nc1cc([As](=O)(O)O)ccc1O,0.0,training
c1ccc(-c2ccc(-c3ccccc3)cc2)cc1,1.0,training
CCOC(=O)c1ccccc1C(=C1C=C(Br)C(=O)C(Br)=C1)c1cc(Br)c(O)c(Br)c1,0.0,training
O=C1C(I)=CC(=C(c2cc(I)c(O)c(I)c2)c2ccccc2C(=O)O)C=C1I,0.0,training
CCCCCC/C=C\CCCCCCCC(=O)O,0.0,training
CCN(CC)C(=O)N1CCN(C)CC1,0.0,training
CC(C)c1ccc2ncccc2c1,0.0,training
NC1=NCC2c3ccccc3Cc3ccccc3N12,0.0,training
c1ccc(C2(c3ccccc3)CC2C2=NCCN2)cc1,1.0,training
CCc1ccc(O)c(C(C)(C)C)c1,1.0,training
Cl[C@H]1[C@H](Cl)[C@@H](Cl)[C@H](Cl)[C@@H](Cl)[C@@H]1Cl,1.0,training
Cc1cccc(CN2CCN(C(c3ccccc3)c3ccc(Cl)cc3)CC2)c1,0.0,training
CC1(C)C2CC[C@]3(C)C(C(=O)C=C4C5C[C@@](C)(C(=O)O)CC[C@]5(C)CC[C@]43C)[C@@]2(C)CC[C@@H]1O[C@H]1OC(C(=O)O)[C@@H](O)[C@H](O)[C@H]1O[C@@H]1OC(C(=O)O)[C@@H](O)[C@H](O)[C@H]1O,1.0,training
O=C1CN=C(c2ccccc2)c2cc([N+](=O)[O-])ccc2N1,0.0,training
C=C1[C@H](CO)[C@@H](O)C[C@@H]1n1cnc2c(=O)[nH]c(N)nc21,0.0,training
Nc1nc(=O)c2nc(CNc3ccc(C(=O)NC(CCC(=O)O)C(=O)O)cc3)cnc2[nH]1,1.0,training
O=C(c1ccc(O)cc1)c1ccc(O)cc1,1.0,training
CC(C)CC(=O)CC(C)C,1.0,training
C#C[C@]1(O)CC[C@H]2[C@@H]3CCc4cc(OC)ccc4[C@H]3CC[C@@]21C,1.0,training
CC1CN(c2ccccc2)NC1=O,1.0,training
CC(=O)OCC(=O)C1CC[C@H]2[C@@H]3CC=C4CC(=O)CC[C@]4(C)[C@H]3CC[C@]12C,1.0,training
CC(=O)Nc1ccc2c(c1)Cc1ccccc1-2,1.0,training
CCN(CC)CCOC(=O)C1(c2ccccc2)CCCC1,0.0,training
CC(=O)C1CC[C@H]2[C@@H]3CC=C4C[C@@H](O)CC[C@]4(C)[C@H]3CC[C@]12C,1.0,training
Cc1ccc(N(C)C)cc1,1.0,training
CCCSc1ccc2[nH]c(NC(=O)OC)nc2c1,1.0,training
O=C1CC[C@@]2(O)[C@H]3Cc4ccc(O)c5c4[C@@]2(CCN3CC2CC2)C1O5,0.0,training
NC(N)=S,0.0,training
COC(=O)CS,0.0,training
CC(C)C(=O)OCC(C)(C)C(OC(=O)C(C)C)C(C)C,1.0,training
CCc1cccc(C)c1,0.0,training
Nc1nc(=S)c2[nH]cnc2[nH]1,1.0,training
Clc1ccc(C(c2ccccc2Cl)C(Cl)Cl)cc1,1.0,training
CC(COCC(C)OC(=O)c1ccccc1)OC(=O)c1ccccc1,1.0,training
CC(C)(C(=O)c1cccnc1)c1cccnc1,0.0,training
NNCCc1ccccc1,1.0,training
CCCCCCCCCCCCCCCCC,1.0,training
CCOC(=O)c1ccccc1N,0.0,training
O=C(O)CN(CC(=O)O)CC(=O)O,0.0,training
CC(C)=CCOc1c2occc2cc2ccc(=O)oc12,0.0,training
CCC1(c2ccccc2)C(=O)NCNC1=O,0.0,training
COC(=O)c1cccc(C(=O)OC)c1,0.0,training
O=C(O)c1ccc([N+](=O)[O-])cc1,0.0,training
C=CC(=O)OCCCCCC(C)C,1.0,training
CC(=O)OC[C@H]1O[C@@H](O[C@H]2[C@H](O)[C@@H](OC(=O)c3ccccc3C(=O)O)[C@H](O)O[C@@H]2COC(C)=O)[C@H](O)[C@@H](OC(=O)c2ccccc2C(=O)O)[C@@H]1O,0.0,training
CC(O)CCO,1.0,training
CCC(=O)CC,0.0,training
CC(=O)C1CC[C@H]2[C@@H]3CC=C4CC(=O)CC[C@]4(C)[C@H]3CC[C@]12C,1.0,training
CCc1c(C(=O)NN2CCCCC2)nn(-c2ccc(Cl)cc2Cl)c1-c1ccc(Br)cc1,1.0,training
Cc1ccccc1OCC1CO1,0.0,training
CN(C)c1ccc(N=NS(=O)(=O)O)cc1,0.0,training
Oc1ccc2c(c1)-c1ccccc1C2,1.0,training
O=C(CCc1ccc(O)cc1)c1c(O)cc(O)cc1O,1.0,training
O=C1OC(c2ccc(O)cc2)(c2ccc(O)cc2)c2ccccc21,1.0,training
CCN(Cc1c(F)cccc1Cl)c1c([N+](=O)[O-])cc(C(F)(F)F)cc1[N+](=O)[O-],1.0,training
CC(=O)C(Cl)C(=O)N(C)C,0.0,training
CC1(C)[C@H]2CC[C@]1(C)[C@H](O)C2,0.0,training
O=Cc1cc(O)ccc1Br,1.0,training
c1ccc(N=NNc2ccccc2)cc1,1.0,training
CON=C(C(=O)NC1C(=O)N2C(C(=O)O)=C(COC(C)=O)CS[C@H]12)c1csc(N)n1,0.0,training
Cc1nc([N+](=O)[O-])cn1-c1ccc([N+](=O)[O-])cc1,0.0,training
CCOC(=O)CBr,0.0,training
NC(=O)C(c1ccccc1)(c1ccccc1)[C@@H]1CCN(CCc2ccc3c(c2)CCO3)C1,0.0,training
C[C@H]1O[C@H](O[C@H]2[C@H](O)[C@@H](O)[C@@H](O)[C@H](O)[C@@H]2O)[C@@H](N)C[C@@H]1N=C(N)C(=O)O,0.0,training
COc1cc(/C=C/c2ccccc2)oc(=O)c1,1.0,training
Cc1cc2cc3c(C)cc(=O)oc3c(C)c2o1,0.0,training
C[N+](C)(C)CCCCCC[N+](C)(C)C,0.0,training
CC(C)(C)CC(C)(C)c1ccccc1O,1.0,training
CCCCOC(=O)C(C)CC,0.0,training
O=C(O)c1cc(O)c2c(c1)C(=O)c1cccc(O)c1C2=O,1.0,training
CCCCCCCC/C=C\CCCCCCCC(=O)OCCOC(=O)CCCCCCC/C=C\CCCCCCCC,1.0,training
CCC(C)(C)C(=O)OC1=C(c2cc(Cl)cc(Cl)c2)C(=O)OC12CCCCC2,1.0,training
CCC[Si](OC)(OC)OC,0.0,training
Clc1cccc2ccccc12,1.0,training
COC(=O)C(N)CCCN=C(N)N[N+](=O)[O-],0.0,training
N#Cc1c(Cl)cccc1Cl,0.0,training
CCN(CCC#N)c1ccc(N=Nc2c(Cl)cc([N+](=O)[O-])cc2Cl)cc1,0.0,training
Brc1c2ccccc2c(Br)c2ccccc12,0.0,training
Cc1cc(C)c(S(=O)(=O)O)cc1N=Nc1cc(S(=O)(=O)O)c2ccccc2c1O,0.0,training
CCCBr,0.0,training
CCCCC[C@H](O)/C=C/[C@@H]1[C@@H](C/C=C\CCCC(=O)O)[C@@H](O)C[C@H]1O,1.0,training
NCCOCCO,0.0,training
C=CCN(C1=NCCN1)c1c(Cl)cccc1Cl,1.0,training
CCNC(=S)NCC,1.0,training
CNC[C@H](O)c1cccc(O)c1,0.0,training
COC(=O)c1sccc1S(=O)(=O)NC(=O)Nc1nc(C)nc(OC)n1,0.0,training
FB(F)F,0.0,training
O=C=NC1CCCCC1,1.0,training
CC(C)(CO)[N+](=O)[O-],1.0,training
CC(C)c1ccc2sc3ccccc3c(=O)c2c1,1.0,training
Cc1ccccc1N,1.0,training
O=[PH](Oc1ccccc1)Oc1ccccc1,1.0,training
CCCc1cc(=O)[nH]c(=S)[nH]1,1.0,training
CCCCCCCCOC(=O)c1ccc(O)cc1,1.0,training
CCCC(=O)OC/C=C(\C)CCC=C(C)C,0.0,training
C[C@]12CC[C@H](OS(=O)(=O)O)CC1=CC[C@@H]1[C@@H]2CC[C@]2(C)C(=O)CC[C@@H]12,1.0,training
Nc1cc[nH]c(=O)n1,0.0,training
C#C[C@]1(O)CC[C@H]2[C@@H]3CCC4=CC(=NO)CC[C@@H]4[C@H]3CC[C@@]21CC,1.0,training
CC(C)c1ccc2cc(C(C)C)ccc2c1,0.0,training
Cc1ccc(O)cc1,1.0,training
c1c[nH]cn1,0.0,training
COc1ccc(C(=O)c2cccc(O)c2)c(OC)c1,1.0,training
COc1ccc([C@@H]2CC(=O)c3c(O)cc(O[C@@H]4O[C@H](CO[C@@H]5O[C@@H](C)[C@H](O)[C@@H](O)[C@H]5O)[C@@H](O)[C@H](O)[C@H]4O)cc3O2)cc1O,0.0,training
[Mo+6],0.0,training
CC(=O)OCC(=O)[C@@]12N=C(C)O[C@@H]1C[C@H]1[C@@H]3CC=C4CC(=O)C=C[C@]4(C)[C@H]3[C@@H](O)C[C@@]12C,1.0,training
C[C@@H]1C[C@H]2[C@@H]3CC=C4CC(=O)C=C[C@]4(C)[C@@]3(F)[C@@H](O)C[C@]2(C)[C@@]1(O)C(=O)COP(=O)(O)O,1.0,training
CC(=O)c1ccc2c(c1)Cc1ccccc1-2,1.0,training
CCC(C(=O)OCCN(CC)CC)c1ccccc1,0.0,training
CC(C)(C)C(=O)OCOC(=O)C1N2C(=O)CC2S(=O)(=O)C1(C)C,0.0,training
CC(C)(c1ccccc1)c1ccc(O)cc1,1.0,training
COP(=S)(OC)SCn1nnc2ccccc2c1=O,0.0,training
CC(=O)Nc1ccc(C=NNC(N)=S)cc1,0.0,training
Nc1ccc(N=Nc2ccccc2)c(N)n1,1.0,training
c1ccc(CNc2ncnc3c2ncn3C2CCCCO2)cc1,1.0,training
N=C(N)S(=O)O,0.0,training
CC(Cc1ccccc1)NCc1ccccc1Cl,1.0,training
CC(C)OC(=O)C(C)N(C(=O)c1ccccc1)c1ccc(F)c(Cl)c1,1.0,training
C[C@]12CC[C@@H]3c4ccc(O)cc4CC[C@H]3[C@@H]1CC[C@@H]2OP(=O)(O)O,1.0,training
CNC(=O)ON=C(SC)C(=O)N(C)C,1.0,training
Cc1ccccc1-n1c(C)nc2ccccc2c1=O,1.0,training
C#C[C@]1(OC(C)=O)CC[C@H]2[C@@H]3CC=C4CC(=O)CCC4[C@H]3CC[C@@]21C,1.0,training
CC(C)CCC(=O)O[C@H]1CC[C@H]2[C@@H]3CC=C4CC(=O)CC[C@]4(C)[C@H]3CC[C@]12C,1.0,training
O=C1CCCc2c1cc1ccc3cccc4ccc2c1c34,1.0,training
O=C(CBr)c1ccccc1,1.0,training
O=C1c2ccccc2C(=O)C1c1ccc2cc(S(=O)(=O)O)cc(S(=O)(=O)O)c2n1,0.0,training
c1ccc2cc3c(ccc4ccccc43)cc2c1,1.0,training
CC(C)=CCN1CC[C@@]2(C)c3cc(O)ccc3C[C@@H]1[C@@H]2C,0.0,training
N#Cc1c(F)cccc1F,0.0,training
Nc1cc(=O)[nH]c(N)n1,0.0,training
CC(=O)Oc1c(C)cc(OCC(O)CNC(C)C)c(C)c1C,1.0,training
CN(C)CCC(O)(c1ccccc1)c1ccccc1Cl,0.0,training
CCC(C)C=O,0.0,training
Nc1ccc2c(c1)Cc1ccccc1-2,1.0,training
O=c1cc(-c2ccccc2)oc2cc(O)cc(O)c12,1.0,training
CCCOC(=O)c1ccc(O)cc1,1.0,training
O=C(CCl)C(Cl)Cl,1.0,training
C#C[C@]1(O)CC[C@H]2[C@@H]3CC=C4CC(=O)CC[C@]4(C)[C@H]3CC[C@@]21C,1.0,training
O=C1N=C(c2ccccc2)c2cc(Cl)ccc2NC1O,1.0,training
Oc1ccc(C(c2ccc(O)cc2)C(Cl)(Cl)Cl)cc1,1.0,training
OC(c1ccc(Cl)cc1)(c1cncnc1)c1ccccc1Cl,1.0,training
CCCCNC(=O)NCCCC,0.0,training
CCCCCCN,0.0,training
CCCCCCc1ccc(N)cc1,1.0,training
O=C(OCC1CO1)C1CCCCC1C(=O)OCC1CO1,0.0,training
Cc1ncc[nH]1,0.0,training
C[C@]1(O)CC[C@H]2[C@@H]3CC=C4CC(=O)CC[C@]4(C)[C@@]3(F)[C@@H](O)C[C@@]21C,1.0,training
Cc1ccccc1C(=O)Nc1cccc(OC(C)C)c1,0.0,training
CN(N=O)C(=N)N[N+](=O)[O-],0.0,training
CCOC(=O)n1ccn(C)c1=S,0.0,training
Clc1ccccc1CN1CCc2sccc2C1,1.0,training
[TlH3],0.0,training
O=C(O)P(=O)(O)O,1.0,training
CCOP(=S)(Oc1ccc([N+](=O)[O-])cc1)c1ccccc1,1.0,training
CC1C2CC(CC2C2CCCC(O)C2)C1(C)C,1.0,training
FC(F)(Cl)C(F)(Cl)Cl,0.0,training
CCCCCCCCCCOC(C)=O,1.0,training
CCCCC(CC)COC(=O)c1ccc(O)cc1,1.0,training
O=C(NC(=O)c1c(F)cccc1F)Nc1ccc(Cl)cc1,1.0,training
Cc1noc(NS(=O)(=O)c2ccc(N)cc2)c1C,1.0,training
COc1cc2c(cc1N)oc1ccccc12,1.0,training
CC(C)OC(=O)Nc1ccc2[nH]c(-c3cscn3)nc2c1,1.0,training
CCn1nc(C(=O)O)c(=O)c2cc3c(cc21)OCO3,0.0,training
CC1C(=O)CC2C3(C)CCC2(C(C)C(=O)O)C(=O)C13,0.0,training
COc1cc([C@@H]2c3cc4c(cc3C(O[C@@H]3O[C@@H]5CO[C@@H](C)O[C@H]5[C@H](O)[C@H]3O)C3COC(=O)C32)OCO4)cc(OC)c1OP(=O)(O)O,1.0,training
COCCCOCCCOC,0.0,training
C#C[C@]1(O)CC[C@H]2[C@@H]3CCC4=CCCC[C@@H]4[C@H]3C(=C)C[C@@]21CC,1.0,training
O=C(C=Cc1ccccc1)OCCCc1ccccc1,1.0,training
CC[C@H]1C[C@H]2[C@@H]3CC=C4CC(=O)CCC4[C@H]3CC[C@]2(C)[C@H]1O,1.0,training
C[C@]12CCC(=O)C[C@@H]1CC[C@@H]1[C@@H]2CC[C@]2(C)[C@@H](O)CC[C@@H]12,1.0,training
NNC(=S)NN,0.0,training
OCc1cccc(Oc2ccccc2)c1,1.0,training
O=C(C1CCCCC1)N1CC(=O)N2CCc3ccccc3C2C1,1.0,training
C=CC[N@@+]12CC[C@@]34c5ccccc5N5C=C6[C@H]7C[C@H]8[C@@]9(CC[N@@+]8(CC=C)C/C7=C/CO)c7ccccc7N(C=C([C@@H](C[C@@H]31)/C(=C\CO)C2)[C@H]54)[C@@H]69,0.0,training
CN(C)CCC(c1ccc(Cl)cc1)c1ccccn1,0.0,training
CC(C)C(C(=O)OC(C#N)c1cccc(Oc2ccccc2)c1)c1ccc(Cl)cc1,1.0,training
CCCCCCCCOc1ccccc1C(=O)Nc1ccc(C(=O)OCC[N+](C)(CC)CC)cc1,0.0,training
O=S(O)CO,1.0,training
C=CC[C@]1(O)CC[C@H]2[C@@H]3CCC4=CCCC[C@@H]4[C@H]3CC[C@@]21C,1.0,training
CCCCOCCOCCSC#N,0.0,training
OC[C@H]1O[C@H](O[C@H]2[C@H](O)[C@@H](O)[C@@H](O[C@H]3[C@H](O)[C@@H](O)[C@@H](O)O[C@@H]3CO)O[C@@H]2CO)[C@H](O)[C@@H](O)[C@@H]1O,1.0,training
C=CC1CO1,0.0,training
OC[C@H]1O[C@@H]2O[C@H]3[C@H](O)[C@@H](O)[C@@H](O[C@H]4[C@H](O)[C@@H](O)[C@@H](O[C@H]5[C@H](O)[C@@H](O)[C@@H](O[C@H]6[C@H](O)[C@@H](O)[C@@H](O[C@H]7[C@H](O)[C@@H](O)[C@@H](O[C@H]8[C@H](O)[C@@H](O)[C@@H](O[C@H]9[C@H](O)[C@@H](O)[C@@H](O[C@H]1[C@H](O)[C@H]2O)O[C@@H]9CO)O[C@@H]8CO)O[C@@H]7CO)O[C@@H]6CO)O[C@@H]5CO)O[C@@H]4CO)O[C@@H]3CO,0.0,training
Cc1ccc(-c2cc(C(F)(F)F)nn2-c2ccc(S(N)(=O)=O)cc2)cc1,1.0,training
O=CCCc1ccccc1,1.0,training
CC(=O)CCc1ccc(OC(C)=O)cc1,0.0,training
CCN(CC)CCOCCOC(=O)C(CC)(CC)c1ccccc1,1.0,training
CC=CC(=O)CCCC,0.0,training
O=C1CCCCCCCCCCC1,0.0,training
Clc1cc(Cl)c2c(c1)N=C1CCCCCN1C2,1.0,training
CCOP(=S)(OCC)Oc1cc(-c2ccccc2)on1,1.0,training
CC(=O)Nc1cccc(O)c1,0.0,training
CCC(Cl)CC(Cl)C(Cl)C(Cl)C(Cl)C(C)Cl,1.0,training
NCc1ccccc1,0.0,training
FC(F)(F)C(F)(F)C(F)(F)C(F)(F)C(F)(F)F,0.0,training
C[Si](C)=O,0.0,training
CCOC(=O)c1ccc(N(C)C)cc1,1.0,training
CC1(C)S[C@@H]2C(NC(=O)C(N)c3ccc(O)cc3)C(=O)N2C1C(=O)O,0.0,training
CCCCC(=O)N(C)C,0.0,training
Cc1ccc(N)cc1,1.0,training
CCOC(=O)NC(C)(C)Cc1ccc(Cl)cc1,0.0,training
Nc1ccccc1C(=O)Oc1ccc2ccccc2c1,1.0,training
C=C(C)C(=O)OCCC(C)OC(=O)C(=C)C,0.0,training
Cc1cc(N=Nc2ccccc2C)ccc1N,1.0,training
Cc1ccc2cccnc2c1,0.0,training
COP(=O)(NC(C)=O)SC,0.0,training
Cc1ccc(OP(=O)(Oc2ccccc2)Oc2ccccc2)cc1,1.0,training
CCCCCOC(=O)c1ccc(O)cc1,1.0,training
CCOC(=O)Cn1cccc1-c1nc(-c2ccc(OC)cc2)c(-c2ccc(OC)cc2)s1,0.0,training
COc1ccc(C(=O)c2ccccc2)c(O)c1,1.0,training
Cn1c([N+](=O)[O-])cnc1COC(N)=O,0.0,training
C=C1CC[C@H](O)C/C1=C/C=C1\CCC[C@]2(C)[C@@H]([C@H](C)/C=C/[C@H](C)C(C)C)CC[C@@H]12,1.0,training
OC(CCN1CCCCC1)(c1ccccc1)C1CCCCC1,0.0,training
O=C(Nc1ccc([N+](=O)[O-])cc1)Nc1ccc([N+](=O)[O-])cc1,1.0,training
C[C@]12CC[C@@H]3c4ccc(OC(=O)c5ccccc5)cc4CC[C@H]3[C@@H]1CC[C@@H]2O,1.0,training
Cc1ccc([N+](=O)[O-])cc1N,0.0,training
C=CCOC(=O)c1ccccc1C(=O)OCC=C,0.0,training
Cc1c(N)cccc1N,0.0,training
C[C@]12CC[C@H]3[C@@H](CC=C4CC(=O)CC[C@@]43C)[C@@H]1CC[C@@H]2O,1.0,training
CC[C@H](C)COC(=O)/C=C/c1ccc(/N=C/c2ccc(OC)cc2)cc1,1.0,training
COC(=O)C(C)N(C(=O)c1ccco1)c1c(C)cccc1C,0.0,training
COc1ccc2c3c1O[C@H]1[C@@H](O)C=C[C@H]4[C@@H](C2)NCC[C@@]341,0.0,training
O=c1c(-c2ccc(O)cc2)coc2cc(O)ccc12,1.0,training
Nc1nc(-c2ccccc2)cs1,1.0,training
OCCCl,0.0,training
NC(=O)CCC(N)C(=O)O,0.0,training
O=C1c2ccccc2CN2C(=O)c3ccccc3CN12,0.0,training
CCC1OCC(COc2ccc(Oc3ccccc3)cc2)O1,1.0,training
OCCN1C[C@H](O)[C@@H](O)[C@H](O)[C@H]1CO,0.0,training
C#C[C@]1(O)C=C[C@H]2[C@@H]3CC=C4CC(=O)CCC4[C@H]3CC[C@@]21CC,1.0,training
CC/C(=C(/CC)c1ccc(OP(=O)(O)O)cc1)c1ccc(OP(=O)(O)O)cc1,1.0,training
OC[C@H]1O[C@@H]2O[C@H]3[C@H](O)[C@@H](O)[C@@H](O[C@H]4[C@H](O)[C@@H](O)[C@@H](O[C@H]5[C@H](O)[C@@H](O)[C@@H](O[C@H]6[C@H](O)[C@@H](O)[C@@H](O[C@H]7[C@H](O)[C@@H](O)[C@@H](O[C@H]1[C@H](O)[C@H]2O)O[C@@H]7CO)O[C@@H]6CO)O[C@@H]5CO)O[C@@H]4CO)O[C@@H]3CO,1.0,training
CN(C)c1ccc(N)cc1,1.0,training
Cc1ccccc1N=Nc1ccc(N=Nc2c(O)ccc3ccccc23)c(C)c1,1.0,training
ClCCOP(OCCCl)OCCCl,0.0,training
O=C(O)CCC/C=C\C[C@@H]1[C@@H](/C=C/[C@@H](O)COc2cccc(C(F)(F)F)c2)[C@H](O)C[C@@H]1O,1.0,training
O=C(O)Cc1cc(I)c(Oc2ccc(O)c(I)c2)c(I)c1,1.0,training
CCCCCCCCCCCCCCNCCO,1.0,training
C[C@]12CCC(=O)C=C1CC[C@@H]1C2C(=O)C[C@@]2(C)[C@H]1CC[C@]2(O)C(=O)CO,0.0,training
CCC/C=C/CO,0.0,training
CCC(CN)CC(C)CCNCC(O)CNCC(C)CC(CC)CN,0.0,training
CC(C)(C)c1ccc(CCC=O)cc1,0.0,training
COc1ccc2nc(N)sc2c1,1.0,training
CCCC[Sn](Cl)(Cl)Cl,0.0,training
CCCO[Si](OCCC)(OCCC)OCCC,0.0,training
CN=C(C[N+](=O)[O-])NCCSCc1csc(CN(C)C)n1,0.0,training
Oc1ccc(-c2ccccc2)cc1,1.0,training
CCCCCCCCOc1ccc(C(=O)O)cc1,0.0,training
Nc1cccc(S(=O)(=O)c2cccc(N)c2)c1,0.0,training
OC[C@@H](O)[C@@H](O[C@@H]1O[C@H](CO)[C@H](O)[C@H](O)[C@H]1O)[C@H](O)[C@@H](O)CO,1.0,training
CC(=O)C(=O)CC(C)C,1.0,training
CC(C)NC(C)Cc1ccc(I)cc1,1.0,training
Cc1cnc(NC(=O)C2C(=O)c3ccccc3S(=O)(=O)N2C)s1,1.0,training
CCCCC1CCC(O)CC1,0.0,training
C=COC(C)=O,0.0,training
C[C@]12C=CC3=C(CC=C4CC(=O)CCC43)[C@@H]1CC[C@@H]2O,1.0,training
CC#CCC(C)[C@H](O)/C=C/C1[C@H](O)C[C@@H]2C/C(=C\CCCC(=O)O)C[C@H]12,1.0,training
[O-][N+](=Nc1ccccc1)c1ccccc1,1.0,training
C=C(C)C(=O)OC1CC(C)CC(C)(C)C1,0.0,training
C[C@H]1O[C@@H](O[C@H]2[C@@H](O)C[C@H](O[C@H]3[C@@H](O)C[C@H](O[C@H]4CC[C@@]5(C)[C@H](CC[C@@H]6[C@@H]5C[C@@H](O)[C@]5(C)[C@@H](C7=CC(=O)OC7)CC[C@]65O)C4)O[C@@H]3C)O[C@@H]2C)C[C@H](O)[C@@H]1O,1.0,training
O=C(c1ccc(O)cc1)c1ccc(O)cc1O,1.0,training
O=C(c1ccccc1)c1ccc(O)cc1O,1.0,training
CN(C)c1ccc(N=Nc2ccccc2)cc1,1.0,training
ClCC(Cl)CCl,1.0,training
Cc1ccc(C(=O)O)o1,0.0,training
CC(C)COC(=O)c1ccc(N)cc1,1.0,training
NC(=O)N(O)[C@@H]1C=C[C@H](Oc2cccc(Oc3ccc(F)cc3)c2)C1,1.0,training
CCCSP(=O)(OCC)Oc1ccc(Br)cc1Cl,0.0,training
SCc1ccccc1,1.0,training
CCc1ccc2c(c1)N(CC(C)CN(C)C)c1ccccc1S2,0.0,training
O=C=NCC1CCCC(CN=C=O)C1,0.0,training
CC(=O)Nc1ccc(C(=O)CCl)cc1,1.0,training
CC(C)=CCl,1.0,training
NC(=O)c1ccncc1,0.0,training
C=C(C)C(=O)OCCOc1ccccc1,1.0,training
CCCCCOc1ccc(-c2sc(=O)[nH]c2O)cc1OCC,0.0,training
CC(=O)Oc1ccccc1C(=O)Nc1ncc([N+](=O)[O-])s1,1.0,training
Nc1ccc(C(=O)Nc2ccccc2N)cc1,1.0,training
C[C@H]1O[C@H](O[C@H]2[C@H](O)[C@@H](O)[C@@H](O[C@H]3[C@H](O)[C@@H](O)[C@H](O)O[C@@H]3CO)O[C@@H]2CO)[C@H](O)[C@@H](O)[C@@H]1N[C@H]1C=C(CO)[C@@H](O)[C@H](O)[C@H]1O,1.0,training
O=C1C=CC(=O)N1,0.0,training
BrCBr,0.0,training
CC(=O)OC(C)(C)C1CC=C(C)CC1,1.0,training
CC(C)COC(=O)c1ccccc1C(=O)OCC(C)C,1.0,training
CC(C)(C)c1ccc(OCC2CO2)cc1,1.0,training
CCCCOC(=O)c1ccccc1,1.0,training
CC(C)C1(C)N=C(c2ncccc2C(=O)O)NC1=O,0.0,training
CC(C)(C)C(=O)CCl,0.0,training
C=Cc1ccc(C(C)(C)C)cc1,0.0,training
CC=C1C(=O)C[C@H]2[C@@H]3CC=C4CC(=O)CC[C@]4(C)[C@H]3CC[C@]12C,1.0,training
CCNCCO,1.0,training
C=C(CC)C(=O)c1ccc(OCC(=O)O)c(Cl)c1Cl,0.0,training
O=C(Oc1ccccc1)c1ccccc1C(=O)Oc1ccccc1,0.0,training
COC(OC)(C(=O)c1ccccc1)c1ccccc1,1.0,training
C[C@]12CCC(=O)C=C1CC[C@H]1[C@@H]3CC[C@](O)(C(=O)CO)[C@@]3(C)C[C@H](O)[C@@]12F,1.0,training
CCNc1nc(NC(C)(C)C)nc(SC)n1,0.0,training
Cc1cccc(Br)c1,0.0,training
S=c1nccc[nH]1,1.0,training
O=C1NC(=O)c2cccc3cccc1c23,0.0,training
C#CC1(O)CC[C@H]2[C@@H]3CC=C4CC(=O)CCC4[C@H]3CC[C@@]21CC,1.0,training
CCOC(=O)C(CCc1ccccc1)NC(C)C(=O)N1C(C(=O)O)C[C@@H]2CCC[C@@H]21,0.0,training
C#N,1.0,training
CO[C@]1(NC(=O)CSC(F)F)C(=O)N2C(C(=O)O)=C(CSc3nnnn3CCO)CO[C@H]21,0.0,training
CC[C@H]1OC(=O)C[C@@H](O)[C@H](C)[C@@H](O[C@@H]2O[C@H](C)[C@@H](O[C@H]3C[C@@](C)(O)[C@@H](O)[C@H](C)O3)[C@H](N(C)C)[C@H]2O)[C@@H](CC=O)CC(C)C(=O)C=CC(C)=CC1CO[C@@H]1O[C@H](C)[C@@H](O)[C@@H](OC)[C@H]1OC,0.0,training
CC1(C)OC(=O)NC1=O,1.0,training
CCCCOCCOCCOC(=O)CCCCC(=O)OCCOCCOCCCC,0.0,training
CC(=O)N(CC(O)CO)c1c(I)c(C(=O)NCC(O)CO)c(I)c(C(=O)NCC(O)CO)c1I,0.0,training
C[C@]12CCC(=O)C=C1CC[C@@H]1[C@@H]2CC[C@@]2(C)[C@H]1CC[C@]2(C)O,1.0,training
NC(Cc1cc(I)c(O)c(I)c1)C(=O)O,0.0,training
CC(=O)Oc1ccc2c(c1)CC[C@@H]1[C@@H]2CC[C@]2(C)[C@@H](O)CC[C@@H]12,1.0,training
C[C@]12CC[C@H](O)C[C@H]1CC[C@@H]1[C@@H]2CC[C@]2(C)[C@@H](c3ccc(=O)oc3)C[C@H]3O[C@]132,1.0,training
c1ccc(NNc2ccccc2)cc1,1.0,training
Cc1c(C(C)C)c(=O)n(-c2ccccc2)n1C,0.0,training
C=C[C@H]1CN2CCC1C[C@@H]2[C@@H](O)c1ccnc2ccc(OC)cc12,1.0,training
CCCCOCCOP(=O)(OCCOCCCC)OCCOCCCC,0.0,training
Nc1nc(N)c2nc(-c3ccccc3)c(N)nc2n1,1.0,training
Cc1c(N(C)CS(=O)(=O)O)c(=O)n(-c2ccccc2)n1C,1.0,training
O=C(O)CCc1ccccc1,0.0,training
CCCCCCC(O)CCCCCCCCCCC(=O)OC,0.0,training
CC1(C)CC1C(=O)N=C(CCCCCSCC(N)C(=O)O)C(=O)O,0.0,training
C[N+]1(C)[C@@H]2CC[C@H]1C[C@@H](OC(=O)C(CO)c1ccccc1)C2,1.0,training
O=C(NCO)NCO,0.0,training
CC(CN(C)C)CN1c2ccccc2CCc2ccccc21,0.0,training
CCCCCCCCCCCCCCCCI,0.0,training
COc1ccc2c3c1O[C@H]1[C@@H](O)C=C[C@H]4[C@@H](C2)N(C)CC[C@@]341,0.0,training
OCc1cc(O)c2c(O)c3c(O)cccc3c([C@@H]3O[C@H](CO)[C@@H](O)[C@H](O)[C@H]3O)c2c1,1.0,training
C=CC#N,0.0,training
O=Cc1ccccc1C=O,1.0,training
Oc1c(I)cc(I)c2cccnc12,0.0,training
CCCCCCOC(=O)c1ccc(O)cc1,1.0,training
CCCN[C@H]1CCc2nc(N)sc2C1,0.0,training
CC[S+](C)CC,1.0,training
O=C(c1ccccc1)c1cccc(O)c1,1.0,training
CC(C)(C)c1ccc(-c2ccc(C(C)(C)C)cc2)cc1,0.0,training
CC[C@@]1(O)C[C@H](O[C@H]2C[C@H](N(C)C)[C@H](O[C@H]3C[C@H](O)[C@H](O[C@H]4CCC(=O)C(C)O4)[C@H](C)O3)[C@H](C)O2)c2c(cc3c(c2O)C(=O)c2c(O)cccc2C3=O)C1C(=O)OC,1.0,training
Cc1nc(-c2ccc(Cl)cc2)oc1COC(C)(C)C(=O)O,1.0,training
CC(Cc1ccccc1)(NC(=O)CN)c1ccccc1,0.0,training
CCc1cc(C(N)=S)ccn1,1.0,training
CC(=O)O[C@H]1C[C@@]2(C)[C@@H](C[C@@H](O)[C@H]3[C@@]4(C)CC[C@@H](O)[C@@H](C)[C@@H]4CC[C@@]32C)/C1=C(\CCC=C(C)C)C(=O)O,0.0,training
COc1ccc2cc([C@H](C)CO)ccc2c1,1.0,training
CCCCCCOc1ccc(O)cc1,1.0,training
COc1ccc(O)cc1,0.0,training
Oc1ccc(OCc2ccccc2)cc1,1.0,training
CCCC(=O)Nc1c(I)cc(I)c(CC(CC)C(=O)O)c1I,0.0,training
CC(=O)c1ccc2c(c1)[C@H](NC(=O)c1ccc(F)cc1)[C@@H](O)C(C)(C)O2,0.0,training
CCc1cc(Cl)c(OC)c(C(=O)NC[C@@H]2CCCN2CC)c1O,1.0,training
CCC[N+]1(C)CCCCC1,0.0,training
Oc1ccc2ccccc2c1N=Nc1ccccc1,1.0,training
CC(=O)Nc1cccc(N)c1,0.0,training
Cc1ccccc1-n1c(CF)nc2ccc(N)cc2c1=O,1.0,training
Nc1ccc2c3c(cccc13)-c1ccccc1-2,1.0,training
C[C@]12CCC(=O)C=C1CC[C@@H]1[C@@H]2[C@@H](O)C[C@@]2(C)[C@H]1CC[C@]2(O)C(=O)COP(=O)(O)O,1.0,training
Oc1cc2ccccc2n1-c1c(Cl)cccc1Cl,1.0,training
O=c1[nH]c2ccc([S+]([O-])CCN3CCC(Cc4ccc(F)cc4)CC3)cc2o1,1.0,training
Oc1ccc(Cl)c2cccnc12,0.0,training
CCCC(=O)CC,1.0,training
Cc1c[nH]c(=S)[nH]c1=O,0.0,training
C=C1CC[C@@]2(O)[C@H]3Cc4ccc(O)c5c4[C@@]2(CCN3CC2CC2)[C@H]1O5,1.0,training
Oc1ccc2cc(SSc3ccc4cc(O)ccc4c3)ccc2c1,1.0,training
CC(CCC(=O)O)(c1ccc(O)cc1)c1ccc(O)cc1,1.0,training
CC(=O)OCCc1ccccc1,0.0,training
O=CCc1ccccc1,0.0,training
c1ccc(OCCOc2ccccc2)cc1,1.0,training
C=C(C)CCC[C@H](C)CCO,0.0,training
CC(C)(C)CC(C)(C)c1ccc(O)cc1,1.0,training
CCOC(=O)Cc1ccc(-c2ccccc2)cc1,0.0,training
O=C1OCC(Cc2cccc(O)c2)C1Cc1cccc(O)c1,1.0,training
O=C1CCC(c2ccc(-n3ccnc3)cc2)=NN1,0.0,training
CCOc1ccc(N=Nc2ccc(N)cc2N)cc1,1.0,training
O=S(=O)(c1ccc(O)cc1)c1ccc(O)cc1,1.0,training
CCCC(NC(C)C(=O)N1C(C(=O)O)C[C@@H]2CCCC[C@@H]21)C(=O)OCC,0.0,training
OC12N=C(c3ccccc3)SC1Cc1cc(Cl)ccc12,1.0,training
CC(C)=CCC/C(C)=C/CO,1.0,training
C[C@@]12CCC[C@H]1[C@@H]1CC[C@H]3C[C@@H](O)CC[C@]3(C)[C@H]1CC2,1.0,training
c1ccncc1,0.0,training
CCN(CC)CC(=O)Nc1c(C)cccc1C,0.0,training
c1ccc(SCCSc2ccccc2)cc1,1.0,training
ClCc1ccccn1,0.0,training
CC1CC(OC(=O)C(O)c2ccccc2)CC(C)(C)N1C,1.0,training
CC(C)(Oc1ccc(C2CCCc3ccccc32)cc1)C(=O)O,1.0,training
CCCCCC1CCCC(=O)O1,0.0,training
COc1ccc(N)cc1N,0.0,training
CCNc1nc(Cl)nc(NC(C)(C)C)n1,1.0,training
CCC(C(N)=O)N1CCCC1=O,1.0,training
NS(=O)(=O)c1cc2c(cc1C(F)(F)F)NCNS2(=O)=O,0.0,training
Oc1ccc(-c2ccc(O)cc2)cc1,1.0,training
CN(C)c1ccc(N=O)cc1,1.0,training
O=C1CCCN1,1.0,training
CS(=O)(=O)NC(=O)CCC/C=C\CC1C(=O)C[C@@H](O)[C@@H]1/C=C/[C@H](O)COc1ccccc1,0.0,training
C#C[C@]1(O)CC[C@H]2[C@@H]3CCC4=Cc5oncc5C[C@]4(C)[C@H]3CC[C@@]21C,1.0,training
Cc1ccccc1C=O,0.0,training
CCC(C)CCCC(C)(C)O,1.0,training
CCOP(=S)(OCC)SCSP(=S)(OCC)OCC,1.0,training
COC(=O)c1c(C)cc(O)c(C)c1O,1.0,training
CCCN(CCC)C(=O)C(CCC(=O)OCCCN1CCN(CCOC(=O)Cc2c(C)n(C(=O)c3ccc(Cl)cc3)c3ccc(OC)cc23)CC1)NC(=O)c1ccccc1,1.0,training
CCOc1ccc2nc(N)sc2c1,1.0,training
Brc1c2ccccc2cc2ccccc12,1.0,training
CCCCCCC(O)CCOC(C)=O,0.0,training
CCOP(=S)(OCC)O/N=C(\C#N)c1ccccc1,1.0,training
CCC(=O)O[C@]1(C(=O)CCl)[C@@H](C)C[C@H]2[C@@H]3C[C@H](F)C4=CC(=O)C=C[C@]4(C)[C@@]3(F)[C@@H](O)C[C@@]21C,0.0,training
C#C[C@]1(O)CC[C@H]2[C@@H]3CC=C4CC(=O)CCC4[C@H]3C(=C)C[C@@]21CC,1.0,training
NCCc1ccc(O)cc1,1.0,training
O=C1CCCCCCCCCCC(=O)OCCO1,0.0,training
COC(=O)c1ccccc1O,0.0,training
CCOP(=S)(OCC)Oc1ncn(-c2ccccc2)n1,1.0,training
CCCCC(CC)COC(=O)c1ccc(C(=O)OCC(CC)CCCC)c(C(=O)OCC(CC)CCCC)c1,1.0,training
COP(=S)(OC)Oc1c(Cl)cc(C)cc1Cl,1.0,training
CC(C)(O)C(=O)c1ccc(OCCO)cc1,0.0,training
O=c1c(O)c(O)c1=O,0.0,training
N#Cc1cc2ccccc2c2ccccc12,0.0,training
BrCC(Br)(Br)Br,0.0,training
C[C@]12CC[C@@H]3c4ccc(O)cc4CC[C@H]3[C@@H]1CC[C@@H]2O,1.0,training
CC(=O)NS(=O)(=O)c1ccc(N)cc1,0.0,training
O=c1c(-c2ccc(O)cc2)coc2cc(O)cc(O)c12,1.0,training
N=C(N)N=C(N)N1CCOCC1,0.0,training
Clc1ccc(C(c2ccccc2Cl)C(Cl)(Cl)Cl)cc1,1.0,training
O=C(O)/C=C/C(=O)O,1.0,training
c1ccc2scnc2c1,0.0,training
CC(=O)C1CC[C@H]2[C@@H]3CC[C@H]4C[C@H](O)CC[C@]4(C)[C@H]3CC[C@]12C,1.0,training
Nc1nc(NC2CC2)c2ncn([C@@H]3C=C[C@@H](CO)C3)c2n1,1.0,training
O=CC=O,1.0,training
CC(C)CCON=O,0.0,training
C=Cc1ccc(OC(C)=O)cc1,0.0,training
CCCCN(CCCC)SN(C)C(=O)Oc1cccc2c1OC(C)(C)C2,1.0,training
CC(C(=O)O)c1ccc(N2Cc3ccccc3C2=O)cc1,1.0,training
O=C(O)c1cccnc1,0.0,training
Cc1cc(O)c2c(c1)C(=O)c1cc(O)cc(O)c1C2=O,1.0,training
Nc1ccn([C@@H]2O[C@H](CO)[C@@H](O)[C@@H]2O)c(=O)n1,1.0,training
COc1ccc(N=[N+]([O-])c2ccc(OC)cc2)cc1,1.0,training
C=CC(C)(O)CC/C=C(\C)CCC=C(C)C,0.0,training
CC(C)(O)CCCC1=CCC(C=O)CC1,1.0,training
C[C@]12CC[C@H]3[C@@H](CC=C4C[C@@H](O)CC[C@@]43C)[C@@H]1CC[C@@H]2O,1.0,training
CCCCCCCCCCCCc1ccc(O)cc1,1.0,training
Oc1[nH]c(O)c2c1[C@@H]1C=C[C@H]2C1,0.0,training
Oc1ccc(N=Nc2ccccc2)cc1,1.0,training
CCCCCCCCCCC=O,1.0,training
COc1ccc(CCC(=O)c2c(O)cc(O[C@@H]3O[C@H](CO)[C@@H](O)[C@H](O)[C@H]3O[C@@H]3O[C@@H](C)[C@H](O)[C@@H](O)[C@H]3O)cc2O)cc1O,0.0,training
O=c1[nH]c2ccc(Cl)cc2o1,0.0,training
COc1cc2c(N3CCN(C(=O)Nc4ccc(OC(C)C)cc4)CC3)ncnc2cc1OCCCN1CCCCC1,0.0,training
CCC(C)N,0.0,training
C[C@H]1C[C@@H](O)CC(C)(C)C1,0.0,training
C=Cc1ccc2c(O)c3ccccc3c(O)c2c1,1.0,training
O=C(c1ccc(O)cc1)c1ccc(O)c(O)c1O,1.0,training
Clc1cc2c(cc1Cl)Oc1cc(Cl)c(Cl)cc1O2,0.0,training
CC(=O)O[C@H]1C[C@@H]2CC[C@@H]3[C@H](CC[C@@]4(C)[C@H]3C[C@H]([N+]3(C)CCCCC3)[C@@H]4OC(C)=O)[C@@]2(C)C[C@@H]1N1CCCCC1,1.0,training
CCN(CC)CCNC(=O)COc1ccc(OC)cc1,1.0,training
COc1ccc(-c2coc3cc(O)ccc3c2=O)cc1,1.0,training
CCOCC(C)O,0.0,training
CCCCCc1cc(O)cc(O)c1,0.0,training
O=S(=O)(O)c1cccc2ccccc12,0.0,training
C#C[C@@]1(O)CC[C@H]2[C@@H]3CCC4=CCCC[C@@H]4[C@H]3CC[C@@]21C,1.0,training
CC(C#N)CCC#N,0.0,training
CCCN(C1CCN(C(=O)C2CCNCC2)CC1)[C@@H]1CCc2ccc(OC)cc2C1,1.0,training
C=CCC1([C@@H](C)CCC)C(=O)NC(=O)NC1=O,0.0,training
CN(C)C(=O)Oc1cc(OC(=O)N(C)C)cc(C(O)CNC(C)(C)C)c1,0.0,training
CC(C)c1cccc(O)c1,0.0,training
CCCC(C)C(=O)O,0.0,training
Cc1cc(C(=O)O)ccc1[N+](=O)[O-],0.0,training
NC[C@@H]1O[C@H](O[C@H]2[C@@H](O)[C@H](O[C@@H]3[C@@H](O)[C@H](N)C[C@H](N)[C@H]3O[C@H]3O[C@H](CO)[C@@H](O)[C@H](O)[C@H]3N)O[C@@H]2CO)[C@H](N)[C@@H](O)[C@@H]1O,1.0,training
C=CCCl,1.0,training
CCCCCCCCCCCC(C)=O,1.0,training
CCC(=O)OCCOc1ccccc1,0.0,training
Cc1cc(C)c(NC(=O)C[C@H](CC(=O)O)c2cccc3ccccc23)c(C(=O)N2CCC3(CCCC3)CC2)c1,1.0,training
O=[N+]([O-])c1ccc(CCO)cc1,0.0,training
O[C@@H]([C@H](O)[C@H](O)CBr)[C@H](O)CBr,0.0,training
ClC1C(Cl)C(Cl)C(Cl)C(Cl)C1Cl,1.0,training
C[C@]12CC[C@H](O)CC1=CC[C@@H]1[C@@H]2CC[C@]2(C)C(=O)CC[C@@H]12,1.0,training
Cc1cn([C@H]2C[C@H](N=[N+]=[N-])[C@@H](CO)O2)c(=O)[nH]c1=O,1.0,training
Cc1ccc(/N=C/N(C)/C=N/c2ccc(C)cc2C)c(C)c1,0.0,training
C[C@]12CC[C@@H]3c4ccc(O)cc4CC[C@H]3[C@@H]1CC[C@@H]2OC(=O)CCC1CCCC1,1.0,training
O=C(O)c1nn(Cc2ccc(Cl)cc2Cl)c2ccccc12,1.0,training
CC(C)N(Cc1ccccc1)C(=O)C(C)(C)C,1.0,training
CCNc1ccccc1,0.0,training
CCCCOc1ccc(C(=O)CCN2CCCCC2)cc1,1.0,training
CCc1nc(C)c[nH]1,0.0,training
CC[C@@H](C)C1NC(=O)C(CCCN)NC(=O)C(NC(=O)C(NC(=O)C(CCC(=O)O)NC(=O)C(CC(C)C)NC(=O)C2CSC([C@H](N)[C@H](C)CC)=N2)[C@@H](C)CC)CCCCNC(=O)C(CC(N)=O)NC(=O)C(CC(=O)O)NC(=O)C(Cc2c[nH]cn2)NC(=O)C(Cc2ccccc2)NC1=O,1.0,training
Cl[Ba]Cl,0.0,training
O=C1C=CC(=O)c2c1c(O)c1ccccc1c2O,0.0,training
Nc1c(Cl)c(Cl)nc(C(=O)O)c1Cl,0.0,training
CCC[N+]1(C)CCCC1,0.0,training
COc1cc(Cl)c(OC)cc1N,0.0,training
Nc1ccc2cc3ccccc3cc2c1,1.0,training
CCC(C)(C)c1ccc(O)cc1,1.0,training
Cc1cc2nc(N)sc2cc1C,1.0,training
CC1(C)O[C@@H]2[C@@H](CO[C@@]3(COS(N)(=O)=O)OC(C)(C)O[C@@H]23)O1,0.0,training
OCc1ccco1,0.0,training
CCCCCCCOC(C)=O,1.0,training
Nc1ccc2cc3ccc(N)cc3nc2c1,1.0,training
Cc1cccn2c(=O)c(-c3nn[nH]n3)cnc12,0.0,training
C=C1C(=CC)c2cc3[nH]c(cc4[nH]c(cc5nc(cc1n2)C(CC)=C5C)c(C)c4CCC(=O)O)c(C=CC(=O)O)c3C,1.0,training
Clc1ccc(C(c2ccc(Cl)cc2)C(Cl)(Cl)Cl)cc1,1.0,training
BrCc1ccc(Br)cc1,0.0,training
Cc1[nH]c(C)c(Cl)c(=O)c1Cl,0.0,training
Cl[Dy](Cl)Cl,0.0,training
COP(=S)(Oc1cc(Cl)c(Br)cc1Cl)c1ccccc1,0.0,training
C[C@H]1CCC[C@H](O)CCCCCc2cc(O)cc(O)c2C(=O)O1,1.0,training
CN1[C@@H]2CC[C@H]1CC(OC(=O)c1c[nH]c3ccccc13)C2,0.0,training
CCOC(=O)COC(=O)c1ccccc1C(=O)OCC,0.0,training
C#CC(C)(C)O,0.0,training
NC(=O)c1cc[n+](CC2=C(C(=O)[O-])N3C(=O)C(NC(=O)Cc4cccs4)[C@H]3SC2)cc1,0.0,training
C=O,0.0,training
C#C[C@]1(O)CC[C@H]2C3=C(C=C[C@@]21CC)C1=C(CC3)CC(=O)CC1,1.0,training
O=C1CCCN1C1CCCCC1,0.0,training
OCC(CO)(CO)CO,0.0,training
NCCc1cc[nH]n1,0.0,training
CC(N=C(N=c1cc[nH]cc1)NC#N)C(C)(C)C,0.0,training
N=C(N)NCCCCN=C(N)N,1.0,training
O=C(CC(=O)C(F)(F)F)c1ccccc1,1.0,training
Cl/C=C\C[N+]12CN3CN(CN(C3)C1)C2,0.0,training
C[As](C)(=O)O,0.0,training
COC1=CC(=O)C[C@@H](C)[C@]12Oc1c(Cl)c(OC)cc(OC)c1C2=O,0.0,training
CC(C)Cc1nccs1,0.0,training
CCSc1ccc2c(c1)N(CCCN1CCN(C)CC1)c1ccccc1S2,0.0,training
CC(C)CC(NC(=O)OCC1c2ccccc2-c2ccccc21)C(=O)O,1.0,training
CCOC(=O)O[C@]1(C(=O)COC(=O)CC)CC[C@H]2[C@@H]3CC=C4CC(=O)C=C[C@]4(C)[C@H]3[C@@H](O)C[C@@]21C,0.0,training
c1ccc2[nH]c(-c3cscn3)nc2c1,1.0,training
CCCCCCCCCCCCCC=O,1.0,training
CC=C(C(=CC)c1ccc(O)cc1)c1ccc(O)cc1,1.0,training
CSc1ccc(C=C2C(C)=C(CC(=O)O)c3cc(F)ccc32)cc1,0.0,training
Cc1c(Cl)c(=O)oc2cc(OP(=O)(OCCCl)OCCCl)ccc12,0.0,training
COc1ccc(NC(C)=O)cc1,1.0,training
CC1CS(=O)(=O)CCN1N=Cc1ccc([N+](=O)[O-])o1,0.0,training
CCCCCCCCC(=O)OCC(C)OC(=O)CCCCCCCC,0.0,training
c1ccc(N=Nc2ccccc2)cc1,1.0,training
CCC1CCC(=O)O1,1.0,training
Clc1ccc(C(Cl)(Cl)Cl)cc1,1.0,training
CC1OC1C1CCC2(C)OC2C1,0.0,training
ONc1ccccc1,1.0,training
CC(C)OC(=O)Nc1ccccc1,1.0,training
CCCCCCNCCCCCC,0.0,training
CCOC(=O)c1ccc(C#Cc2ccc3c(c2)C(C)(C)CCS3)nc1,0.0,training
CC(=O)CCl,0.0,training
CC1=CC(=O)CCC1,0.0,training
CN[C@@H](C)[C@H](O)c1ccccc1,1.0,training
O=C(CCl)c1ccc(Cl)cc1Cl,0.0,training
Cc1cc(O)ccc1N,0.0,training
CCCCCC(=O)OCC,0.0,training
CC1(C)O[C@@H]2C[C@H]3[C@@H]4CC=C5CC(=O)C=C[C@]5(C)[C@@]4(F)[C@@H](O)C[C@]3(C)[C@]2(C(=O)CO)O1,1.0,training
CCCCCCCCCC(=O)O[C@H]1CC[C@H]2[C@@H]3CC=C4CC(=O)CC[C@]4(C)[C@H]3CC[C@]12C,1.0,training
Nc1nc(N)nc(-c2ccccc2)n1,1.0,training
CCN(CC)c1cccc(O)c1,1.0,training
NCCCCC(NC(=O)C1CCCN1C(=O)C1CSSCC(NC(=O)CNC(=O)CNC(=O)CN)C(=O)NC(Cc2ccc(O)cc2)C(=O)NC(Cc2ccccc2)C(=O)NC(CCC(N)=O)C(=O)NC(CC(N)=O)C(=O)N1)C(=O)NCC(N)=O,0.0,training
O=S(=O)(Oc1ccc(Cl)cc1Cl)c1ccccc1,1.0,training
O=C(O)c1cc2ccccc2cc1O,1.0,training
CC(C)COC(=O)c1ccccc1O,0.0,valid
Cc1cccc(O)c1N,0.0,valid
O=C(Nc1ccc(C=Cc2ccc(NC(=O)c3cc(S(=O)(=O)O)c4cccnc4c3O)cc2S(=O)(=O)O)c(S(=O)(=O)O)c1)c1cc(S(=O)(=O)O)c2cccnc2c1O,0.0,valid
C=C1CC[C@@H]2[C@](C)(CO)[C@H](O)CC[C@@]2(C)[C@@H]1C/C=C1/C(=O)OC[C@H]1O,0.0,valid
C=CCN(CC=C)CC=C,0.0,valid
c1ccc(Nc2cccc3ccccc23)cc1,1.0,valid
O=C(NC(O)C(Cl)(Cl)Cl)NC(O)C(Cl)(Cl)Cl,0.0,valid
CCCCCCCCCCCCCN1CC(C)OC(C)C1,0.0,valid
COCCOCCOC,0.0,valid
O=C(O)CCCCCCCCCCCBr,0.0,valid
Nc1ccc(N=Nc2ccccc2)cc1,1.0,valid
CCCOC(=O)c1c(Cl)c(Cl)c(Cl)c(Cl)c1C(=O)OCCC,0.0,valid
CC(C)(C)NCC(O)c1cc(Cl)c(N)c(C(F)(F)F)c1,0.0,valid
O=C1c2ccccc2C(=O)N1SC1CCCCC1,0.0,valid
CCCCCCCCCCCCCCCCCl,0.0,valid
C=C(C)C(=O)O,0.0,valid
CN1CCCC(CC2c3ccccc3Sc3ccccc32)C1,0.0,valid
C/C=C\c1ccc(OCC)c(O)c1,0.0,valid
C=CC1(C)OC(=O)N(c2cc(Cl)cc(Cl)c2)C1=O,0.0,valid
C=C(C)C(=O)OCCO,0.0,valid
CCC(=O)O,0.0,valid
CC(C)(C#N)Nc1nc(Cl)nc(NC2CC2)n1,0.0,valid
C#CC(O)C(CC)CCCC,0.0,valid
CN[C@@H]1[C@@H](O)[C@@H](O[C@@H]2[C@@H](O)[C@H](OC3OC(CN)=CCC3N)[C@@H](N)C[C@H]2N)OC[C@]1(C)O,0.0,valid
CN(C)C(=O)NC1(c2ccccc2)CCN(CC[C@@]2(c3ccc(F)c(F)c3)CN(C(=O)c3ccccc3)CCO2)CC1,0.0,valid
CC(C)(N)Cc1ccc(Cl)cc1,0.0,valid
CC(C)(C)C(=O)CC(=O)C(C)(C)C,0.0,valid
CC[C@H]1OC(=O)C[C@@H](O)[C@H](C)[C@@H](O[C@@H]2O[C@H](C)[C@@H](O)[C@H](N(C)C)[C@H]2O)[C@@H](CCN2C[C@H](C)C[C@H](C)C2)CC(C)C(=O)C=CC(C)=CC1CO[C@@H]1O[C@H](C)[C@@H](O)[C@@H](OC)[C@H]1OC,0.0,valid
NC(Cc1cc(I)c(Oc2ccc(O)c(I)c2)c(I)c1)C(=O)O,1.0,valid
CCOC(=O)c1cn2nc(OP(=S)(OCC)OCC)cc2nc1C,0.0,valid
CCN(CC)N=O,1.0,valid
OC[C@H](Cc1cccc(O)c1)[C@H](CO)Cc1cccc(O)c1,0.0,valid
CCCCCCCCCc1ccc(O)cc1,1.0,valid
O=C1C=CC(=O)C=C1,0.0,valid
CN[C@H](C)Cc1ccccc1,0.0,valid
CC(C)CC(NC(=O)C(Cc1c[nH]c2ccccc12)NC(=O)C(Cc1ccc(O)cc1)NC(=O)C(CO)NC(=O)C(Cc1c[nH]c2ccccc12)NC(=O)C(Cc1c[nH]cn1)NC(=O)C1CCC(=O)N1)C(=O)NC(CCCN=C(N)N)C(=O)N1CCCC1C(=O)NCC(N)=O,0.0,valid
NC(Cc1ccc(Cl)cc1)C(=O)O,0.0,valid
CCOC(=O)c1ccccc1C(=O)OCC,0.0,valid
CCC(C)c1ccccc1O,0.0,valid
Cc1cc(C)c(C(=O)P(=O)(C(=O)c2c(C)cc(C)cc2C)c2ccccc2)c(C)c1,0.0,valid
C[N+]1(C)CCCCC1,0.0,valid
CCOC(=O)C(C)C(C)=O,0.0,valid
CCCCCCCCC(CCCCCC)C(=O)O,0.0,valid
NCCOCCOCCN,0.0,valid
Cc1ncc(C[n+]2csc(CCOP(=O)(O)OP(=O)(O)O)c2C)c(N)n1,0.0,valid
Nc1nc2ccc([N+](=O)[O-])cc2s1,0.0,valid
CCC(C)(C)c1cc(-n2nc3ccccc3n2)c(O)c(C(C)(C)CC)c1,0.0,valid
CC1=CC[C@H]2C[C@@H]1C2(C)C,0.0,valid
O=C1c2cccc3c2[C@H](CCC3)CN1[C@@H]1CN2CCC1CC2,0.0,valid
CCC#N,0.0,valid
CCCCCCCCOc1ccc(C(=O)c2ccccc2)c(O)c1,0.0,valid
Oc1ccc2ccccc2c1,1.0,valid
Cc1ccc(N)c(N)c1,1.0,valid
CO[C@@H]1[C@H](OC(=O)NC(=O)CCl)CC[C@]2(CO2)[C@H]1[C@]1(C)O[C@@H]1CC=C(C)C,0.0,valid
COc1ccc(-c2coc3cc(O)cc(O)c3c2=O)cc1,1.0,valid
CCCC=c1ncc(=CC(Cc2cccs2)C(=O)O)n1Cc1ccc(C(=O)O)cc1,0.0,valid
CC(C)OC(C)C,0.0,valid
O=C(O)C(F)(F)C(F)(F)C(F)(F)C(F)(F)C(F)(F)C(F)(F)C(F)(F)C(F)(F)C(F)(F)C(F)(F)F,0.0,valid
Cn1c(=O)c2c(ncn2CC(O)CO)n(C)c1=O,0.0,valid
CCCC(C(=O)OCCN(CC)CC)(c1ccccc1)c1ccccc1,0.0,valid
CC1CCc2cc(F)cc3c(=O)c(C(=O)O)cn1c23,0.0,valid
CCCC[n+]1ccccc1C,0.0,valid
CC1C(C)(C)C2=C(C(=O)CCC2)C1(C)C,0.0,valid
NC(=O)NNC(N)=O,0.0,valid
Cc1cccc(C)c1N=C1NCCCS1,0.0,valid
CCCCCCCCCCCCCCCCCC#N,0.0,valid
CC(=O)C=Cc1ccco1,0.0,valid
NC1CCN(c2nc3c(cc2F)c(=O)c(C(=O)O)cn3-c2ccc(F)cc2F)C1,0.0,valid
CN1CCN(CCCN2c3ccccc3Sc3ccc(C(F)(F)F)cc32)CC1,0.0,valid
C=C[C@H]1CN2CCC1C[C@H]2[C@H](O)c1ccnc2ccc(OC)cc12,0.0,valid
CCC(=O)O[C@]1(C(=O)CCl)[C@@H](C)C[C@H]2[C@@H]3CC=C4CC(=O)C=C[C@]4(C)[C@@]3(F)[C@@H](O)C[C@@]21C,0.0,valid
c1cc2c(c(N3CCNCC3)c1)OCCO2,0.0,valid
O=C(O)COc1nc(Cl)c(Cl)cc1Cl,0.0,valid
O=C(O)c1cc(C(=O)O)cc(S(=O)(=O)O)c1,0.0,valid
Cl[Si](Cl)(c1ccccc1)c1ccccc1,0.0,valid
O=C(O)COCC(=O)O,0.0,valid
CCCC(C)(COC(N)=O)COC(=O)NC1CC1,0.0,valid
CC(C)NNC(=O)c1ccncc1,1.0,valid
CNC(=O)ON=C(C)SC,0.0,valid
O=C1NC(=O)C(=O)C(=O)N1,0.0,valid
CC(C)(C)NCC(O)c1ccc(O)c(CO)n1,0.0,valid
Cc1ccc(NC(N)=O)cc1,0.0,valid
CN(C)CCCCCCN(C)C,0.0,valid
CN(C)c1ccc(C=O)cc1,1.0,valid
O=C(O)C=Cc1c[nH]cn1,0.0,valid
CCN(CC)c1nc(C)cc(OP(=S)(OC)OC)n1,0.0,valid
CC(C)c1ccc(C(C)C)cc1,0.0,valid
OC[C@H]1O[C@](O)(CO)[C@@H](O)[C@@H]1O,0.0,valid
CCCCN(CC)c1c([N+](=O)[O-])cc(C(F)(F)F)cc1[N+](=O)[O-],0.0,valid
O=C(O)c1ccc(NC(=O)C(Cc2ccc(O)cc2)NC(=O)c2ccccc2)cc1,0.0,valid
Nc1nc2c(Cl)cccc2s1,0.0,valid
CC(=O)SCC(CC(=O)c1ccc(C)cc1)C(=O)O,0.0,valid
CC(Cl)C(Cl)Cl,0.0,valid
O=C(O)CCCCCCC(=O)O,0.0,valid
CN(C)CCc1c[nH]c2ccc(CS(=O)(=O)N3CCCC3)cc12,0.0,valid
CC1(C)[C@@H](O[C@H]2OC(C(=O)O)[C@@H](O)[C@H](O)[C@H]2O[C@@H]2OC(C(=O)O)[C@@H](O)[C@H](O)[C@H]2O)CC[C@]2(C)C3C(=O)C=C4C5C[C@@](C)(C(=O)O)CC[C@]5(C)CC[C@@]4(C)[C@]3(C)CC[C@@H]12,0.0,valid
C=CC(=O)NC(C)(C)CS(=O)(=O)O,0.0,valid
Brc1nc2ccccc2s1,0.0,valid
Oc1c2c(c(O)n1CCCCN1CCN(c3nsc4ccccc34)CC1)CCCC2,0.0,valid
CCCSSC(CCO)=C(C)N(C=O)Cc1cnc(C)nc1N,0.0,valid
CSC(=O)c1cccc2nnsc12,0.0,valid
CC(C)CN(C[C@@H](O)[C@H](Cc1ccccc1)NC(=O)O[C@H]1CO[C@H]2OCC[C@H]21)S(=O)(=O)c1ccc(N)cc1,0.0,valid
O=C(c1ccccc1)c1ccc(O)cc1,1.0,valid
c1ccc(Oc2ccccc2)cc1,0.0,valid
CCOC(=S)S,0.0,valid
CCS(=O)(=O)CCn1c([N+](=O)[O-])cnc1C,1.0,valid
C=C(C)C(=O)OC(C)C,0.0,valid
ClC1=C(Cl)[C@]2(Cl)[C@@H]3[C@H]4C=CC(C4)[C@@H]3C1(Cl)C2(Cl)Cl,0.0,valid
Cc1ccc(C(=O)C(C)CN2CCCCC2)cc1,1.0,valid
CC(=O)N=c1sc(S(N)(=O)=O)nn1C,0.0,valid
O=C1C=CC(=O)c2c1c(O)c1c(NCCNCCO)ccc(NCCNCCO)c1c2O,0.0,valid
CC(C)CON=O,0.0,valid
CC(=O)C=Cc1ccccc1,1.0,valid
CCCCCCc1ccc(-c2ccc(C#N)cc2)cc1,0.0,valid
CC(C)(COC(=O)c1ccccc1)COC(=O)c1ccccc1,1.0,valid
[Zr+4],0.0,valid
CC(O)c1ccccc1,0.0,valid
CCOC(=O)c1ccc(O)cc1,1.0,valid
C[C@]12CCC(=O)C[C@@H]1CC[C@@H]1[C@@H]2CC[C@@]2(C)[C@H]1CC[C@]2(C)O,1.0,valid
O=[N+]([O-])c1ccc([As](=O)(O)O)cc1,0.0,valid
C[C@]12CC[C@@H]3c4ccc(O)cc4CC[C@H]3[C@@H]1CC[C@H]2O,1.0,valid
O=C(Cl)/C=C/C(=O)Cl,0.0,valid
CCCCCCC1CCOC1=O,0.0,valid
CCC1C(=O)OC[C@@H]1Cc1cncn1C,0.0,valid
O=[N+]([O-])c1ccc2c(c1)Cc1ccccc1-2,1.0,valid
CCCCP(CCCC)CCCC,0.0,valid
CC(=O)O[C@H]1CC[C@H]2C3=C(C=C[C@]12C)C1=C(CC3)CC(=O)CC1,1.0,valid
CCCCCCCCCCCC(=O)O,0.0,valid
CCCCCC1=CCCC1=O,0.0,valid
CCOCCOC(C)=O,0.0,valid
CCCCCCCOC(=O)c1ccc(O)cc1,1.0,valid
O=C(O)C[C@H](O)CC(O)/C=C/c1c(C2CC2)nc2ccccc2c1-c1ccc(F)cc1,0.0,valid
CCCCOc1ccc(OCCCN2CCOCC2)cc1,0.0,valid
CNC(=O)Oc1ccccc1C(C)C,0.0,valid
CC(=O)Nc1ccc(C(=O)O)cc1,0.0,valid
COC(=O)c1ccc(C)cc1C1=NC(=O)C(C)(C(C)C)N1,0.0,valid
CCCNC(C)C(=O)Nc1c(C)csc1C(=O)OC,0.0,valid
Cl/C=C/Cl,0.0,valid
CCCC[C@H]1CN(CC2CCOCC2)C(=O)OC12CCN(C1(C)CCN(C(=O)c3c(C)ncnc3C)CC1)CC2,0.0,valid
Cc1cc(N)c(S(=O)(=O)O)cc1Cl,0.0,valid
CCCCNc1ccc(C(=O)OCCN(CC)CC)cc1,0.0,valid
CC(C)C=O,0.0,valid
Oc1ccc(Cl)cc1,0.0,valid
CCC12COCN1COC2,0.0,valid
CN1[C@@H]2CC[C@H]1C[C@@H](O)C2,0.0,valid
COc1ccc2c(c1)c1c3n2CCN(C)C3=NCC1,0.0,valid
CCN(CC)C(=O)N[C@H]1C[C@@H]2c3cccc4[nH]cc(c34)C[C@H]2N(C)C1,1.0,valid
Cc1ccnc(NS(=O)(=O)c2ccc(N)cc2)n1,0.0,valid
S=C(Nc1ccccc1)Nc1ccccc1,0.0,valid
CCC(C)(CN(C)C)OC(=O)c1ccccc1,1.0,valid
CCCCCCCCOC(=O)c1ccc(C(=O)OCCCCCCCC)c(C(=O)OCCCCCCCC)c1,0.0,valid
C=CC(=O)OCCCCO,0.0,valid
C=CC1CC2C=CC1C2,0.0,valid
Cc1ccc(N)c([N+](=O)[O-])c1,1.0,valid
CC(C)(Cl)[N+](=O)[O-],0.0,valid
CCCCC(O)c1ccccc1,1.0,valid
CC(COc1ccccc1)N(CCCl)Cc1ccccc1,1.0,valid
C=CCCCCCCCCCCCCCCCC,0.0,valid
CCCCCCOC(=O)CC,0.0,valid
Nc1nc[nH]n1,1.0,valid
CCCCC(CC)COC(=O)C(C#N)=C(c1ccccc1)c1ccccc1,0.0,valid
c1ccc2ccccc2c1,0.0,valid
CC(=O)OCC1=C(C(=O)O)N2C(=O)C(NC(=O)Cc3ccccc3)[C@H]2SC1,0.0,valid
O=C(COc1ccc(Cl)cc1)OCCNC12CC3CC(CC(C3)C1)C2,0.0,valid
COc1cc(OC)nc(NC(=O)NS(=O)(=O)c2ncccc2C(=O)N(C)C)n1,0.0,valid
CC(=O)OC(C)c1ccccc1,0.0,valid
Oc1c(Cl)ccc(Cl)c1Cl,0.0,valid
CC(C)(C)CC(=O)OCC(=O)[C@@]12OC(C)(C)O[C@@H]1C[C@H]1[C@@H]3CC=C4CC(=O)C=C[C@]4(C)[C@@]3(F)[C@@H](O)C[C@@]12C,0.0,valid
CN(C/C=C/c1ccccc1)Cc1cccc2ccccc12,0.0,valid
Nc1ccc(Cl)cc1Cl,0.0,valid
CCNS(=O)(=O)c1ccc(C)cc1,0.0,valid
OC(O)C(Cl)(Cl)Cl,0.0,valid
CCN(CC)C(C)C(=O)c1ccccc1,0.0,valid
O=C(OCc1ccccc1)c1ccccc1,0.0,valid
COC(=O)CCCCCCCCC(=O)OC,0.0,valid
C[C@H]1C[C@H]2[C@@H]3CC=C4CC(=O)C=C[C@]4(C)C3C(=O)C[C@]2(C)[C@@]1(O)C(=O)CO,0.0,valid
CCC(C)OC(C)CC,0.0,valid
Clc1cccc(C(Cl)(Cl)Cl)n1,0.0,valid
CCN(CC)CCOC(=O)c1ccc(N)cc1Cl,0.0,valid
N#Cc1ccccc1C#N,0.0,valid
N#CCCC#N,0.0,valid
CC(C)(C)OOC(C)(C)CCC(C)(C)OOC(C)(C)C,0.0,valid
Cc1cscn1,0.0,valid
CC1(C)CC(O)CC(C)(C)N1[O],0.0,valid
Cn1c(=O)c2c(ncn2CC2OCCO2)n(C)c1=O,0.0,valid
C[C@H]1CCCC(=O)CCC=CCc2cc(O)cc(O)c2C(=O)O1,1.0,valid
Nc1nc(N)c(-c2ccccc2)s1,0.0,valid
NCCCC(N)(C(=O)O)C(F)F,0.0,valid
CCCCCCCCCC[N+](C)(C)[O-],0.0,valid
Oc1oc(O)c2c1CCCC2,0.0,valid
CC(=O)OCC(=O)NCCCOc1cccc(CN2CCCCC2)c1,1.0,valid
O=c1[nH]cnc2[nH]cc(CN3CCCCC3)c12,0.0,valid
C=C(C)CNCC,1.0,valid
O=S(=O)(O)CCCS(=O)(=O)O,0.0,valid
O=c1ccc(=Nc2ccc(CCO)cc2)c2c(O)c3c(=[N+]([O-])O)ccc(=O)c3c(O)c12,0.0,valid
NC(=O)c1ccccc1,0.0,valid
COc1cc(C(C)C)c2c(c1)S(=O)(=O)N(COc1cc(=O)n3cccc(OCCN4CCCCC4)c3n1)C2=O,0.0,valid
c1ccc2c(c1)CCNC2,0.0,valid
C=CCCCCCCCCC(=O)OCC,0.0,valid
CCCCCCCCOC(C)=O,0.0,valid
Cc1occc1SSc1ccoc1C,0.0,valid
Cc1c(C(N)=O)cc([N+](=O)[O-])cc1[N+](=O)[O-],0.0,valid
CC(C)CCCCCOC(=O)CCCCC(=O)OCCCCCC(C)C,0.0,valid
CC[C@]12CCCN3CCc4c(n(c5ccccc45)C(=O)C1)[C@@H]32,0.0,valid
CCC1(C)CC(=O)NC1=O,0.0,valid
CC(=O)Nc1ccc(CC(=O)O)cc1,0.0,valid
COS(=O)(=O)OC,0.0,valid
[O-][S+](c1cc(Cl)cc(Cl)c1O)c1cc(Cl)cc(Cl)c1O,0.0,valid
NC(=O)C1CCCN1C(=O)C(Cc1c[nH]cn1)NC(=O)C1CCC(=O)N1,0.0,valid
CCN(CC)C(=O)c1cc(S(=O)(=O)Cc2ccccc2)c(N2CCC(c3ccccc3)CC2)cc1N(CC)CCN(C)C,0.0,valid
O=C(CCl)CCl,0.0,valid
OCCCO,0.0,valid
Brc1cc(Oc2cc(Br)c(Br)c(Br)c2Br)c(Br)c(Br)c1Br,0.0,valid
CCOC(=O)C1OC1c1ccccc1,0.0,valid
O=C(O)C1CCCN1,0.0,valid
CON=C(C(=O)NC1C(=O)N2C(C(=O)[O-])=C(C[n+]3ccn4ncccc43)CS[C@H]12)c1nsc(N)n1,0.0,valid
CC(C)(C)c1ccccc1O,0.0,valid
CC1(C)[C@@H](O)CC[C@]2(C)C3C(=O)C=C4C5C[C@@](C)(C(=O)O)CC[C@]5(C)CC[C@@]4(C)[C@]3(C)CC[C@@H]12,0.0,valid
C[C@]12CC[C@@H]3c4ccc(O)cc4CC[C@H]3[C@@H]1C[C@@H](O)[C@@H]2O,1.0,valid
O=C(Oc1ccccc1C(=O)O)c1ccccc1O,1.0,valid
c1ccc([C@H]2CN3CCSC3=N2)cc1,1.0,valid
CC(C)c1cccc(C(C)C)c1O,0.0,valid
Cc1ccc2ccc3cccc4ccc1c2c34,0.0,valid
CCOP(=O)(OCC)OC(=CCl)c1ccc(Cl)cc1Cl,0.0,valid
CCCCCCCCCCCCCCCCCC[N+](C)(C)CCC[Si](OC)(OC)OC,1.0,valid
FC(F)(F)C(Cl)Br,0.0,valid
Cc1nc2c(=O)n(C)c(=O)n(Cc3ccco3)c2[nH]1,0.0,valid
CO,0.0,valid
CCC(=O)c1ccc(O)cc1,0.0,valid
COC(C)(C)OC,0.0,valid
CN(C)c1ccc(SC#N)cc1,1.0,valid
O=S(=O)(O)c1ccc(Cl)cc1,0.0,valid
c1ccc(Nc2ccc3ccccc3c2)cc1,1.0,valid
Cc1c(C)n(Cc2ccccc2)c2ccc(C(=O)OCCN(C)C)cc12,0.0,valid
O=C/C(Cl)=C(/Cl)C(=O)O,0.0,valid
CC(C)(C)NC[C@H](O)COc1ccccc1C1CCCC1,0.0,valid
CC(C)(O)C(=O)O,0.0,valid
OCCOCCOCCOCCOCCO,0.0,valid
c1ccc(-c2cccc(-c3ccccc3)c2)cc1,1.0,valid
O=[N+]([O-])c1cc([As](=O)(O)O)ccc1O,0.0,valid
CCOCCOCCOCCO,0.0,valid
CCOC(=O)C1=C(COCCN)N=C(C)C(C(=O)OC)C1c1ccccc1Cl,0.0,valid
O=c1[nH]c(=O)n([C@H]2C[C@H](O)[C@@H](CO)O2)cc1I,0.0,valid
CN1CCN(C2Cc3ccccc3Sc3ccc(Cl)cc32)CC1,0.0,valid
CCCCCOC(=O)c1ccccc1C(=O)OCCCCC,0.0,valid
CCCCNc1c(C(=O)OCC)c(C)nc2c1cnn2CC,0.0,valid
NC(=O)C1C[C@]2(NC(=O)NC2=O)c2cc(F)ccc2O1,0.0,valid
CC(COc1ccccc1)NN,0.0,valid
CCCc1ccccc1O,0.0,valid
CCCCCCCC/C=C\CCCCCCCC(=O)O,0.0,valid
N#CS,0.0,valid
C=C1CCC=C(C)CC[C@@H]2[C@@H]1CC2(C)C,0.0,valid
CCOc1cc(OP(=S)(OC)OC)nc(CC)n1,0.0,valid
CCN(CC)CCNC(=O)c1cc(Br)c(N)cc1OC,0.0,valid
COC(=O)c1ccccc1C(=O)c1ccc(OCCN2CCCCC2)cc1,0.0,valid
COC(OC)OC,0.0,valid
c1ccc2c(c1)CCCC2C1=NCCN1,0.0,valid
Clc1ccccc1-c1ccccc1Cl,1.0,valid
CNC(=O)Oc1ccccc1C1OCCO1,0.0,valid
O=[N+]([O-])c1ccccc1Nc1ccccc1,0.0,valid
CCNCC,0.0,valid
O=P(O)(O)C(Cl)(Cl)P(=O)(O)O,0.0,valid
CC(C)C(O)(c1ccc(OC(F)(F)F)cc1)c1cncnc1,0.0,valid
CCCn1cnc2c1c(=O)n(CCCCC(C)=O)c(=O)n2C,0.0,valid
Cc1cc(C)cc(OP(=O)(Oc2cc(C)cc(C)c2)Oc2cc(C)cc(C)c2)c1,0.0,valid
O=C(Nc1ccccc1SSc1ccccc1NC(=O)c1ccccc1)c1ccccc1,1.0,valid
CCN(CC)c1ccc2c(C)cc(=O)oc2c1,0.0,valid
COc1ccc(NC(=O)CC(C)=O)cc1,0.0,valid
CN(C)c1ccncc1,0.0,valid
CCCCCCCCCCCCCCCC(=O)OC[C@H](O)c1oc(O)c(O)c1O,0.0,valid
O=C(O)c1ccccc1Cl,0.0,valid
CCCC(C)C,0.0,valid
Nc1ccc(S(=O)(=O)Nc2cnc3ccccc3n2)cc1,0.0,valid
Nc1cccc(S(=O)(=O)O)c1,0.0,valid
O=C(OCCN1CCCCC1)C(O)(c1ccccc1)c1ccccc1,0.0,valid
CCOC(=O)N=C1CN(N2CCOCC2)NO1,0.0,valid
CSCCC(NC(=O)C(Cc1ccc(OS(=O)(=O)O)cc1)NC(=O)C(N)CC(=O)O)C(=O)NCC(=O)NC(Cc1c[nH]c2ccccc12)C(=O)NC(CCSC)C(=O)NC(CC(=O)O)C(=O)NC(Cc1ccccc1)C(N)=O,1.0,valid
NCCCCC(NC(=O)C1CCCN1C(=O)C1CSSCC(N)C(=O)NC(Cc2ccccc2)C(=O)NC(Cc2ccccc2)C(=O)NC(CCC(N)=O)C(=O)NC(CC(N)=O)C(=O)N1)C(=O)NCC(N)=O,0.0,valid
N=C(N)N[N+](=O)[O-],0.0,valid
C=CCC1=CC(C)C[C@H](C)C[C@H](OC)[C@H]2O[C@@](O)(C(=O)C(=O)N3CCCCC3C(=O)O[C@H](/C(C)=C/[C@@H]3CC[C@@H](O)[C@H](OC)C3)[C@H](C)[C@@H](O)CC1=O)[C@H](C)C[C@@H]2OC,0.0,valid
CCc1cc(C(C)(C)C)c(O)c(C(C)(C)C)c1,0.0,valid
CC(CC=O)c1ccccc1,0.0,valid
CN(C)CCC(c1ccc(Br)cc1)c1ccccn1,0.0,valid
CN(C)C(=O)Cl,0.0,valid
Cc1ccc(S(=O)(=O)NC(=O)NC2CCCCCCC2)cc1,0.0,valid
CC(=O)CCC(C)C,0.0,valid
C=CC(C)(CCC=C(C)C)OC(=O)c1ccccc1,1.0,valid
COc1ccc(CN2CCN(C(c3ccc(F)cc3)c3ccc(F)cc3)CC2)c(OC)c1OC,0.0,valid
CCCCOC(=O)C(C)OC(=O)CCC,0.0,valid
CC1=CC(O)CC(C)(C)C1,0.0,valid
CCCCCCCCCCCC(=O)OCC(C)OC(=O)CCCCC(=O)O,0.0,valid
NC(=S)c1c(Cl)cccc1Cl,0.0,valid
CS(=O)(=O)OCCCCOS(C)(=O)=O,1.0,valid
C=CC(=O)OCCOCCOC(=O)C=C,1.0,valid
NS(=O)(=O)c1cc(C(=O)O)cc(N2CCCC2)c1Oc1ccccc1,0.0,valid
CC(C1=C(CCN(C)C)Cc2ccccc21)c1ccccn1,0.0,valid
Cc1c(COC(=O)C2C(/C=C(\Cl)C(F)(F)F)C2(C)C)cccc1-c1ccccc1,0.0,valid
C=C[Si](C)(C)O[Si](C)(C)C=C,0.0,valid
CCN(CC)CCO,0.0,valid
CCCOC(=O)c1ccccc1O,0.0,valid
O=C=NC1CCC(CC2CCC(N=C=O)CC2)CC1,0.0,valid
Nc1c2c(nc3c1CCC3)CCCC2,0.0,valid
CCC[n+]1ccn(C)c1C,0.0,valid
Clc1cc(C(Cl)(Cl)Cl)cnc1Cl,0.0,valid
CO[C@]12C[C@@H](COC(=O)c3cncc(Br)c3)CN(C)[C@@H]1Cc1cn(C)c3cccc2c13,0.0,valid
CC(C)(C)NC(N)=O,0.0,valid
Cc1ccc([N+](=O)[O-])cc1Cl,0.0,valid
C=CCON=C(CCC)C1C(=O)CC(C)(C)C(C(=O)OC)C1=O,0.0,valid
CCOP(=S)(S)OCC,0.0,valid
CCO/C=C1\N=C(c2ccccc2)OC1=O,0.0,valid
CC(C)N(C(=O)SCC(Cl)=CCl)C(C)C,0.0,valid
C=C(C)[C@@H]1C=CC(C)C(=O)C1,0.0,valid
N#Cc1c[nH]cc1-c1cccc2c1OC(F)(F)O2,0.0,valid
CC(=O)NC(CCC(N)=O)C(=O)O,0.0,valid
CO[C@@H]1[C@@H](O[C@@H]2O[C@H](C)[C@@H](O[C@H]3C[C@@](C)(O)[C@@H](OC(=O)CC(C)C)[C@H](C)O3)[C@H](N(C)C)[C@H]2O)[C@@H](CC=O)C[C@@H](C)[C@@H](O)C=CC=CC[C@@H](C)OC(=O)C[C@H]1O,1.0,valid
N#CCc1ccccc1[N+](=O)[O-],0.0,valid
CC1CN1,0.0,valid
COC(=O)Cl,0.0,valid
CCC(=O)Nc1cccc(N)c1,0.0,valid
C=CC(C)(CCC=C(C)C)OC(C)=O,0.0,valid
NNC(=O)CCCCC(=O)NN,0.0,valid
C=C[Si](OC)(OC)OC,0.0,valid
CCCC1CCCC(=O)O1,0.0,valid
COC(=O)C(C)Oc1ccc(Oc2ccc(Cl)cc2Cl)cc1,0.0,valid
CC(C)C(Nc1ccc(C(F)(F)F)cc1Cl)C(=O)OC(C#N)c1cccc(Oc2ccccc2)c1,0.0,valid
C(=C(c1ccccc1)c1ccccc1)c1ccccc1,1.0,valid
CCCC(=O)OC,0.0,valid
CCOC(=O)c1c(C)n(C)c2ccc(O)cc12,0.0,valid
c1cnc2c(n1)CCCC2,0.0,valid
[Be+2],0.0,valid
Clc1ccc2c(c1)C(N1CCNCC1)=Nc1ccccc1O2,0.0,valid
ClP(Cl)c1ccccc1,0.0,valid
CC[N+](C)(C)Cc1ccccc1Br,0.0,valid
Fc1ccc(C(c2ccc(F)cc2)N2CCN(C/C=C/c3ccccc3)CC2)cc1,0.0,valid
CC1CCC(=O)C1=O,0.0,valid
COC(C)COC(C)COC(C)CO,0.0,valid
CC1=C2N=C(C=C3N=C(C(C)=C4NC(C(CC(N)=O)C4(C)CCC(=O)NCC(C)OP(=O)(O)O[C@H]4[C@@H](O)[C@@H](n5cnc6cc(C)c(C)cc65)O[C@@H]4CO)C4(C)N=C1C(CCC(N)=O)C4(C)CC(N)=O)C(CCC(N)=O)C3(C)C)C(CCC(N)=O)C2(C)CC(N)=O,0.0,valid
CCCCN1CCCC1C(=O)Nc1c(C)cc(C)cc1C,0.0,valid
CC1(C)CCC[C@]2(C)[C@H]3CC(=O)O[C@]3(C)CC[C@@H]12,0.0,valid
CC(O)CN(CCCN(C)C)CCCN(C)C,0.0,valid
COc1ccc2c(c1OC)C(=O)O[C@@H]2[C@H]1c2c(cc3c(c2OC)OCO3)CCN1C,0.0,valid
OCCSCCO,0.0,valid
Cc1ccccc1OP(=O)(Oc1ccccc1C)Oc1ccccc1C,1.0,valid
CCCCCCCCCCCCCCBr,0.0,valid
Oc1ccc2c(c1)OC[C@@H](N1CCC(O)(c3ccc(F)cc3)CC1)[C@H]2O,1.0,valid
CC=C(Cl)Cl,0.0,valid
Cc1ccc(OC(=O)CC(C)C)cc1,0.0,valid
NCCCN1CCOCC1,0.0,valid
CCOC(=O)COc1ccc2c(=O)cc(-c3ccccc3)oc2c1,0.0,valid
OCC1CCC(CO)CC1,0.0,valid
N[C@H]1CN(c2c(F)cc3c(=O)c(C(=O)O)cn(C4C[C@H]4F)c3c2Cl)CC12CC2,0.0,valid
CC(c1ccc(O)cc1)(c1ccc(O)cc1)c1ccc(O)cc1,1.0,valid
CCc1cccc(O)c1,0.0,valid
O=[Se](O)O,0.0,valid
COC(C(=O)O)c1ccccc1,0.0,valid
BrCCCCCBr,0.0,valid
CCOc1ccc(S(=O)(=O)O)c2cccnc12,1.0,valid
Nc1cc(Cl)c(N)c(Cl)c1,0.0,valid
C1COCCN1,0.0,valid
O=C(NN1CCCC1)NS(=O)(=O)c1ccc(Cl)cc1,0.0,valid
CC(C)CC(=O)CC(C)CC(C)C,0.0,valid
NCCCCCCN,0.0,valid
CCC1=C(C)CN(C(=O)NCCc2ccc(S(=O)(=O)NC(=O)N[C@H]3CC[C@H](C)CC3)cc2)C1=O,0.0,valid
Cc1c([N+](=O)[O-])c(C)c([N+](=O)[O-])c(C(C)(C)C)c1[N+](=O)[O-],0.0,valid
CCN1CC(CCN2CCOCC2)C(c2ccccc2)(c2ccccc2)C1=O,0.0,valid
CC(Oc1cc(Cl)c(Cl)cc1Cl)C(=O)O,0.0,valid
COP(=O)(OC)C(O)C(Cl)(Cl)Cl,0.0,valid
CCCCCC[C@@H](O)C/C=C\CCCCCCCC(=O)OCC(O)CO,0.0,valid
CCN1CCCC1CNC(=O)c1cc(S(N)(=O)=O)ccc1OC,0.0,valid
Cc1cccc(Cl)c1,0.0,valid
CCCCCCCCOCCC#N,0.0,valid
CC1CC(CC2CCC(N)C(C)C2)CCC1N,0.0,valid
COc1cc(N)ccc1C,0.0,valid
C[n+]1ccccc1C=NO,0.0,valid
COc1ccc([C@@H]2CC(=O)c3c(O)cc(O[C@@H]4O[C@H](CO[C@@H]5O[C@@H](C)[C@H](O)[C@@H](O)[C@H]5O)[C@@H](O)[C@H](O)[C@H]4O)cc3O2)cc1OC,0.0,valid
O=c1c(-c2ccccc2)c1-c1ccccc1,0.0,valid
CCN(Cc1ccc(Cl)nc1)C(C[N+](=O)[O-])=NC,0.0,valid
CCOC(=O)[C@@](C)(N)Cc1ccc(O)c(O)c1,0.0,valid
CC(O)CCl,0.0,valid
OCCSSCCO,0.0,valid
C1=CCC=C1,0.0,valid
Cc1c(N=C=O)cccc1N=C=O,0.0,valid
CN[C@@H]1[C@@H](O[C@H]2O[C@H](CO)[C@@H](N)[C@H](O)[C@H]2O)O[C@H]2C[C@@H](N)[C@@H](O[C@H]3[C@H](O)[C@@H](O)[C@H](N)C[C@@H]3N)O[C@@H]2[C@@H]1O,0.0,valid
O=c1[nH]c(=O)c2ccccc2o1,0.0,valid
C=C(C)C(=O)OCCCC,0.0,valid
Cc1cc(NC(=O)C2C(=O)c3ccccc3S(=O)(=O)N2C)no1,0.0,valid
CC(C)(C)NC[C@H](O)COc1nsnc1N1CCOCC1,0.0,valid
CN(C)c1ccc(Cc2ccc(N(C)C)cc2)cc1,0.0,valid
CCCCCCC,0.0,valid
[SnH4],0.0,valid
C[C@]12CCC(=O)C=C1CC[C@@H]1[C@@H]2CC[C@]2(C)C(C(=O)CO)CC[C@@H]12,1.0,valid
C=C1CC[C@H](O)C/C1=C/C=C1\CCC[C@]2(C)[C@@H]([C@H](C)CCCC(C)C)CC[C@@H]12,0.0,valid
CCOC(=O)C1=C[C@@H](OC(CC)CC)[C@H](NC(C)=O)[C@@H](N)C1,0.0,valid
CCOP(=O)(CC)OCC,0.0,valid
Nc1ccc(N=Nc2ccc(-c3ccc(N=Nc4c(S(=O)(=O)O)cc5cc(S(=O)(=O)O)c(N=Nc6ccccc6)c(O)c5c4N)cc3)cc2)c(N)c1,0.0,valid
O=C(O)CC(C(=O)O)C(CC(=O)O)C(=O)O,0.0,valid
CCC1(C2=NCCN2)Cc2ccccc2O1,0.0,valid
CC(C)=CCC/C(C)=C\CO,0.0,valid
CC(C)NC[C@@H](O)COc1ccc(CC(N)=O)cc1,0.0,valid
CO[C@@H]1[C@@H](O[C@@H]2O[C@H](C)[C@@H](O[C@H]3C[C@@](C)(O)[C@@H](O)[C@H](C)O3)[C@H](N(C)C)[C@H]2O)[C@@H](CC=O)C[C@@H](C)[C@@H](O[C@@H]2CC[C@H](N(C)C)[C@@H](C)O2)C=CC=CC[C@@H](C)OC(=O)C[C@H]1O,0.0,valid
CC(C)(C)N,0.0,valid
O=P(O)(O)C(Sc1ccc(Cl)cc1)P(=O)(O)O,0.0,valid
CC(C)N(C(=O)SCC(Cl)=C(Cl)Cl)C(C)C,0.0,valid
N=C(N)Nc1ccc(C(=O)Oc2ccc3cc(C(=N)N)ccc3c2)cc1,0.0,valid
CNC(=O)NC,0.0,valid
c1ccc(C2CC2)c(OCC2=NCCN2)c1,0.0,valid
O=C(NCc1cccnc1)Nc1ccc([N+](=O)[O-])cc1,0.0,valid
CCOc1ccccc1C(N)=O,0.0,valid
NC(=O)C(Cl)Cl,0.0,valid
COc1cc(C=CC(=O)CC(=O)C=Cc2ccc(O)c(OC)c2)ccc1O,1.0,valid
CC(C)=CCCC(C)CC(=O)O,0.0,valid
CCC1COC(=O)O1,0.0,valid
O=C(Cc1ccccc1)OCc1ccccc1,0.0,valid
OCC(F)(F)F,0.0,valid
CC(C)N(CCC(C(N)=O)(c1ccccc1)c1ccccn1)C(C)C,0.0,valid
COC(=O)Nc1nc2cc(C(=O)c3cccs3)ccc2[nH]1,0.0,valid
CC(=O)OC(C)OC(=O)C(C)c1ccc(-c2ccccc2)c(F)c1,0.0,valid
NC(=O)NC(=O)Cc1ccccc1,1.0,valid
O=S(=O)(O)CC(S)CS,0.0,valid
CC(=O)Nc1ccccc1C,0.0,valid
C=Cc1ccc(C=C)cc1,0.0,valid
OCCN1CCN(CCO)CC1,0.0,valid
C1=CCCC=CCC1,0.0,valid
COC(=O)C1=C(C)N=C(COC(N)=O)C(C(=O)OC(C)C)C1c1cccc(Cl)c1Cl,0.0,valid
COc1ccccc1OC,0.0,valid
COc1ccccc1O,0.0,valid
Cc1ccc(C(C)(C)C)cc1,0.0,valid
CCC(CO)(CO)COCC(CC)(CO)CO,0.0,valid
C/C=C(/C)C#N,0.0,valid
CO[C@@]1(NC(O)=c2sc(=C(C(N)=O)C(=O)O)s2)C(=O)N2C(C(=O)O)=C(CSc3nnnn3C)CS[C@@H]21,0.0,valid
Cc1ccc(Cl)cc1Cl,0.0,valid
O=[N+]([O-])c1ccc(F)c(Cl)c1,0.0,valid
CC(C)C(=O)OCC(C)(C)C(O)C(C)C,0.0,valid
CC(=O)N[C@@H]([C@@H](O)[C@H](O)[C@H](O)CO)[C@@H](O)CC(=O)C(=O)O,0.0,valid
CCN(CC)C(=O)N[C@@H]1C=C2c3cccc4[nH]cc(c34)C[C@@H]2N(C)C1,0.0,valid
CCCCCCCCCCCCO,0.0,valid
O=C1CCCCCCCCCCCCCCCO1,0.0,valid
CN(C)CCOCCN(C)C,0.0,valid
COc1cccc(C(=O)NN(C(=O)c2cc(C)cc(C)c2)C(C)(C)C)c1C,0.0,valid
CC(=O)NC(CS)C(=O)O,0.0,valid
NC(=O)CCCCC1CCSS1,1.0,valid
CC(=O)O[C@H]1CC[C@@]2(C)C(=CC[C@@H]3[C@@H]2CC[C@]2(C)C(c4cccnc4)=CC[C@@H]32)C1,1.0,valid
O=C(O)/C=C/c1ccccc1,0.0,valid
CCC(=O)C=CC1=C(C)CCCC1(C)C,0.0,valid
C=CCOC(=O)CCCCCCCC,0.0,valid
Cc1ccnc(N)c1,0.0,valid
CCCN(CC1CC1)c1c([N+](=O)[O-])cc(C(F)(F)F)cc1[N+](=O)[O-],0.0,valid
CC(C)Oc1ccc2c(=O)c(-c3ccccc3)coc2c1,1.0,valid
CCCCCCCCCC(C)=O,0.0,valid
CN1CCCC1,0.0,valid
C[Sn](C)(Cl)Cl,0.0,valid
Cc1ncsc1CCCl,0.0,valid
CC(C(=O)O)c1ccc(C(=O)c2cccs2)cc1,0.0,valid
Nc1c(Cl)cc(Cl)cc1Cl,0.0,valid
O=c1ccc2cc(O[C@@H]3O[C@H](CO)[C@@H](O)[C@H](O)[C@H]3O)c(O)cc2o1,0.0,valid
CC1CCC(C(C)C)C(O)C1,0.0,valid
CCN(CC)CC1CCCCN1CC(=O)N1c2ccccc2C(=O)Nc2cccnc21,0.0,valid
CC(C)=CCC[C@](C)(O)[C@@H]1CC=C(C)CC1,0.0,valid
COc1cc([C@@H]2c3cc4c(cc3[C@@H](O)[C@H]3COC(=O)C23)OCO4)cc(OC)c1O,0.0,valid
C[C@]12CC[C@H]3[C@@H](CC=C4C(Cl)C(=O)CC[C@@]43C)[C@@H]1CC[C@@H]2O,1.0,valid
Oc1cccc(O)c1O,1.0,valid
S=C=NCc1ccccc1,0.0,valid
c1ccc(CN(Cc2ccccc2)Cc2ccccc2)cc1,1.0,valid
CCCC(C)C1(CC)C(=O)NC(=O)NC1=O,0.0,valid
CO[Si](C)(C)OC,0.0,valid
CC(C)C1(C)N=C(c2nc3ccccc3cc2C(=O)O)NC1=O,0.0,valid
NC(CS)C(=O)O,0.0,valid
Cc1cc(=O)n(-c2ccc(S(=O)(=O)O)cc2)[nH]1,0.0,valid
C=CCc1cc(OC)c(O)c(C(=O)NCCO)c1,0.0,valid
CC(C)(C)C1CCCCC1O,0.0,valid
Cc1cccc(C)c1OCC(=O)N[C@@H](Cc1ccccc1)[C@@H](O)C[C@H](Cc1ccccc1)NC(=O)C(C(C)C)N1CCCNC1=O,0.0,valid
CCC[C@@H]1O[C@@H]2C[C@H]3[C@@H]4CC=C5CC(=O)C=C[C@]5(C)[C@H]4[C@@H](O)C[C@]3(C)[C@]2(C(=O)CO)O1,0.0,valid
COc1cc(C(=S)N2CCOCC2)cc(OC)c1OC,0.0,valid
Nc1cc(Cl)ccc1Cl,0.0,valid
CCO[Si](CCCN)(OCC)OCC,0.0,valid
Cc1cc(C)c(N=Nc2c(O)c(S(=O)(=O)O)cc3cc(S(=O)(=O)O)ccc23)cc1C,0.0,valid
CCCCOC(=O)/C=C\C(=O)OCCCC,0.0,valid
CCCCCCCCCCCCC,0.0,valid
Cc1cc(C(C)(C)C)cc(C)c1CC1=NCCN1,0.0,valid
[Co+2],0.0,valid
CCC(C(=O)OCCOCCN(CC)CC)c1ccccc1,0.0,valid
Cc1c(Cl)cccc1[N+](=O)[O-],0.0,valid
CCc1nn(C2CCCCC2)c2cc(C3(C#N)CCC(C(=O)O)CC3)ccc12,0.0,valid
C[Si](NC1CCCCC1)(NC1CCCCC1)NC1CCCCC1,0.0,valid
CCCCC1CCCCC(=O)O1,0.0,valid
O=C(O)c1cc(Cl)cc(Cl)c1O,0.0,valid
CCCN1C=CN(C)C1,0.0,valid
CCCSP(=S)(OCC)Oc1ccc(Cl)cc1Cl,1.0,valid
O=S(=O)(c1ccccc1)c1ccccc1,0.0,valid
Cc1cc(NS(=O)(=O)c2ccc(N)cc2)nc(C)n1,0.0,valid
C/C=C/C/C=C\CCCCCCCCOC(C)=O,0.0,valid
CNC(=S)NC,0.0,valid
CC(C)(C)NCCO,0.0,valid
CCCCCCCCCCCC[N+](C)(C)CCCS(=O)(=O)[O-],0.0,valid
CN(C)CCCNCCCN(C)C,0.0,valid
II,0.0,valid
COc1cccc(OC)c1,0.0,valid
CC/C=C\CCOC(=O)c1ccccc1O,0.0,valid
CCOP(=S)(OCC)SCSc1ccc(Cl)cc1,1.0,valid
COC(=O)C1=CCCN(C)C1,0.0,valid
C=CC(C)(C)C,0.0,valid
COc1c2occc2cc2ccc(=O)oc12,0.0,valid
CC(C)N(C)C,0.0,valid
Cn1c(=O)c2c(ncn2CCOC(=O)C(C)(C)Oc2ccc(Cl)cc2)n(C)c1=O,0.0,valid
C1CCc2nnnn2CC1,0.0,valid
O=C(/C=C/C=C/c1ccc2c(c1)OCO2)N1CCCCC1,1.0,valid
CN1C(=O)c2ccc([N+](=O)[O-])cc2C1=O,0.0,valid
CCC[C@@]1(CCc2ccccc2)CC(=O)C([C@H](CC)c2cccc(NS(=O)(=O)c3ccc(C(F)(F)F)cn3)c2)C(=O)O1,0.0,valid
C[Si](C)(C)O[Si](C)(C)C,0.0,valid
CC(=O)OCc1ccccc1,0.0,valid
COC(=O)C(C)(C)C,0.0,valid
COCC(=O)O,0.0,valid
Oc1ccc(Sc2ccc(O)cc2)cc1,1.0,valid
O=C(O)C(Cl)(Cl)Br,0.0,valid
COc1cc([C@@H]2c3cc4c(cc3[C@H](O)[C@H]3COC(=O)C23)OCO4)cc(OC)c1OC,0.0,valid
CCCCCCCCC1CO1,0.0,valid
CCC(=O)NS(=O)(=O)c1ccc(-c2c(-c3ccccc3)noc2C)cc1,0.0,valid
CCC(=O)OC(C)c1ccccc1,0.0,valid
COc1ccc2c3c1O[C@H]1[C@H](O)CC[C@H]4[C@@H](C2)N(C)CC[C@@]341,0.0,valid
COc1cc(-c2ccc(N)c(OC)c2)ccc1N,0.0,valid
CCCCCOC(C)=O,0.0,valid
O=C(c1ccccc1)c1ccc2n1CCC2C(=O)O,0.0,valid
CCOP(=S)(OCC)Oc1nc(Cl)c(Cl)cc1Cl,0.0,valid
O=C(O)c1cc(=O)c2c3nc4ccccc4oc-3cc(=O)c2[nH]1,0.0,valid
C=C(C)C(=O)NCCCN(C)C,0.0,valid
CS(=O)(=O)Nc1cc2occ(NC=O)c(=O)c2cc1Oc1ccccc1,0.0,valid
O=C(O)CCc1nc2ccccc2[nH]1,0.0,valid
CC(C)(OOC(C)(C)c1ccccc1)c1ccccc1,1.0,valid
COc1cc(C)ccc1C(C)C,0.0,valid
CC(c1cc2ccccc2s1)N(O)C(N)=O,0.0,valid
Brc1ccc(Oc2ccc(Br)cc2Br)c(Br)c1,1.0,valid
CN[C@@H]1[C@H](O[C@H]2[C@H](O[C@H]3[C@H](O)[C@@H](O)[C@H](N=C(N)N)[C@@H](O)[C@@H]3N=C(N)N)O[C@@H](C)[C@]2(O)CO)O[C@@H](CO)[C@H](O)[C@H]1O,1.0,valid
CCN1CCCC1CNC(=O)c1cc(S(=O)(=O)CC)ccc1OC,0.0,valid
NC[C@H]1O[C@H](O[C@H]2[C@H](O[C@@H]3O[C@H](CO)[C@@H](O)[C@H]3O)C(O)[C@H](N)C[C@@H]2N)[C@H](N)[C@@H](O)[C@@H]1O,0.0,valid
CC1(C)C(C=C(Cl)Cl)C1C(=O)OCc1cccc(Oc2ccccc2)c1,0.0,valid
ClC(Br)Br,0.0,valid
COc1ccccc1N,0.0,valid
Nc1nc(CC(=O)O)cs1,0.0,valid
C=C(C)C(=O)OCCOCC,0.0,valid
Cc1ccc(C)c(C)c1,0.0,valid
CC1CC(O)CC(C)(C)C1,0.0,valid
C=C(C)C(=O)OCCCCOC(=O)C(=C)C,0.0,valid
CC=C(C)C(=O)OCCC(C)CCC=C(C)C,0.0,valid
NC(=O)NNc1ccccc1,0.0,valid
O=C(O)Cc1ccc(OCCNC[C@H](O)c2ccccc2)cc1,0.0,valid
CC(C)Cc1ccccc1,0.0,valid
CCCCOC(=O)c1ccc(O)cc1,1.0,valid
CCCCCC[C@@H](O)C/C=C\CCCCCCCC(=O)OC,0.0,valid
CN=C=O,0.0,valid
CNc1ncnc2[nH]cnc12,0.0,valid
CC(=O)c1ccccc1O,0.0,valid
CC12CCC(C[N+](C)(CCC[N+](C)(C)C)C1)C2(C)C,0.0,valid
C=C(C)C1C=CC(C)C(=O)C1,0.0,valid
Nc1cc(Cl)cc(C(=O)O)c1Cl,0.0,valid
CC=Cc1ccc(OC)cc1,0.0,valid
CC(=O)OCCC(C)CC(C)(C)C,0.0,valid
CC[N+]1(CCOC(=O)C(O)(c2ccccc2)c2ccccc2)CCCCC1,1.0,valid
CC(C)c1ccc(CO)cc1,1.0,valid
Nc1ccc(Cl)c(Cl)c1,0.0,valid
C[Si](C)(C)Cl,0.0,valid
CC(C)(c1ccc(O)cc1)c1ccc(O)cc1,1.0,valid
CC/C(C)=N/O[Si](C)(O/N=C(\C)CC)O/N=C(\C)CC,0.0,valid
CC(C)(C)NCC(O)c1cc(Cl)c(N)c(Cl)c1,0.0,valid
CCC(C)CO,0.0,valid
Cc1cc(-n2nc3ccc(Cl)cc3n2)c(O)c(C(C)(C)C)c1,1.0,valid
OCCNCc1ccccc1,0.0,valid
CCCOC(=O)c1cc(O)c(O)c(O)c1,1.0,valid
CC(C)CCCO,0.0,valid
NCc1ccccc1Sc1ccccc1CO,0.0,valid
CC(=O)SCc1ccco1,0.0,valid
CCCCCCCCS,0.0,valid
CCCC(CC)CCCCCCCN,0.0,valid
C#C[C@]1(O)CC[C@H]2[C@@H]3[C@H](C)C=C4CC(=O)CCC4[C@H]3CC[C@@]21C,1.0,valid
Cc1c(N)c(=O)n(-c2ccccc2)n1C,0.0,valid
CCC(C)Cl,0.0,valid
Cc1cc(=O)oc2cc(N(C)C)ccc12,0.0,valid
c1ccc2c(CCC3CCNCC3)c[nH]c2c1,0.0,valid
CCc1ncnc2cc(OC)c(OC)cc12,0.0,valid
CN[C@H]1CCc2cc(OC)c(OC)c(OC)c2-c2ccc(OC)c(=O)cc21,0.0,valid
CCCCC(CC)(CO)CO,0.0,valid
CCCOCCOCCO,0.0,valid
CC1=CCC(=C(C)C)CC1,1.0,valid
CC(C)=CCN1CC[C@]2(C)c3cc(O)ccc3C[C@H]1[C@H]2C,1.0,valid
CCN(CC)C(C)=O,0.0,valid
CC(C)COC(=O)COc1ccc(Cl)cc1Cl,0.0,valid
COc1c(C)c2c(c(O)c1C/C=C(\C)CCC(=O)OCCN1CCOCC1)C(=O)OC2,1.0,valid
OCC(CO)n1cnc(-c2ccc(F)cc2)c1-c1ccnc(Oc2ccccc2)n1,0.0,valid
CCC(C)C(=O)O[C@H]1C[C@H](O)C=C2C=C[C@H](C)[C@H](CC[C@@H](O)C[C@@H](O)CC(=O)O)[C@H]21,0.0,valid
CCCCC/C=C\C/C=C\CCCCCCCC(=O)NC(C)c1ccccc1,0.0,valid
COc1cc(CC(C)N)c(OC)cc1Br,0.0,valid
CN[C@@H]1C[C@@H](c2ccc(Cl)c(Cl)c2)c2ccccc21,0.0,valid
O=C(O)c1cc(-c2ccccc2)nc2ccccc12,0.0,valid
CC(Oc1cc(Cl)ccc1Cl)C(=O)O,0.0,valid
COC(=O)c1ccc(CBr)cc1,1.0,valid
CCC(=O)N(c1ccccc1)C1CCN(CC(O)c2ccccc2)CC1,0.0,valid
Oc1c(Br)cc(Br)cc1Br,0.0,valid
O=[N+]([O-])c1ccc2[nH]ncc2c1,0.0,test
CC1=CC(=O)NS(=O)(=O)O1,0.0,test
CC(C)COC(=O)c1ccc(O)cc1,1.0,test
CC(=NO)c1ccc(OCC(=O)N2CCCCC2)cc1,1.0,test
CC(C)OCCO,0.0,test
CCCCCCC1CCCC(=O)O1,0.0,test
O=c1cc[nH]c(=S)[nH]1,0.0,test
NCc1cccc(CN)c1,0.0,test
CCCCc1c(O)[nH]c(=O)n(C2CCCCC2)c1=O,0.0,test
C=C(C)C(=O)OCC(C)O,0.0,test
CC(C)(C)C(O)(CCc1ccc(Cl)cc1)Cn1cncn1,0.0,test
CN(C)CCc1ccc(O)cc1,0.0,test
CC1(C)O[C@H]2CC(=O)OC[C@]23[C@H]2CC[C@@]4(C)[C@H](c5ccoc5)OC(=O)C5O[C@]54[C@]2(C)C(=O)C[C@@H]13,1.0,test
NC(=O)c1cn(Cc2c(F)cccc2F)nn1,0.0,test
CC(C)CCCCCCc1ccc(O)cc1,1.0,test
CC(C)[N+]1(C)C2CCC1CC(OC(=O)C(CO)c1ccccc1)C2,1.0,test
CC(=O)OCC(=O)[C@@]1(O)[C@H](C)C[C@H]2[C@@H]3CC=C4CC(=O)C=C[C@]4(C)[C@@]3(F)[C@@H](O)C[C@@]21C,0.0,test
Cl[Yb](Cl)Cl,0.0,test
O=[N+]([O-])c1cccc(O)c1,1.0,test
CO[C@H]1C[C@H](O[C@@H]2C(C)=CC[C@@H]3C[C@@H](C[C@]4(CC[C@H](C)[C@@H](C5CCCCC5)O4)O3)OC(=O)C3C=C(C)C(=NO)[C@H]4OCC(=CC=C[C@@H]2C)[C@@]34O)O[C@@H](C)[C@@H]1O,0.0,test
CCCCCCCCCCCCCCCCCCOCC(O)CO,0.0,test
Cc1ccc(N)cc1N,0.0,test
C1CNCCN1,1.0,test
C/C=C/C=C/CO,0.0,test
CN(C)C/C=C(/c1ccc(Br)cc1)c1cccnc1,0.0,test
COC(=O)c1ccc2cc(C(=O)OC)ccc2c1,0.0,test
C=C(C)CS(=O)(=O)O,0.0,test
Cc1cc(CCC(=O)OCCOCCOCCOC(=O)CCc2cc(C)c(O)c(C(C)(C)C)c2)cc(C(C)(C)C)c1O,0.0,test
COC1=CC(=O)O[C@@H](/C=C/c2ccccc2)C1,1.0,test
C=C(C)C1CC=C(C)CC1,0.0,test
O=C(Nc1ccccc1)OCC(CN1CCCCC1)OC(=O)Nc1ccccc1,0.0,test
CC(C)OP(C)(=O)OC(C)C,0.0,test
Brc1c(Br)c(Br)c(Br)c(Br)c1Br,0.0,test
O=C(OCCCCCCOC(=O)c1ccccc1)c1ccccc1,1.0,test
COc1cc(C)c(Cc2cnc(N)nc2N)cc1OC,0.0,test
FC(F)(F)C(F)(F)C(F)(F)C(F)(F)C(F)(F)C(F)(F)C(F)(F)C(F)(F)C(F)(F)C(F)(F)F,0.0,test
C[C@H]1C[C@H]2[C@@H]3CC=C4CC(=O)C=C[C@]4(C)[C@@]3(F)[C@@H](O)C[C@]2(C)[C@@]1(O)C(=O)CO,0.0,test
O=C1O[C@H]2C(O[C@@H](O)[C@@H]2O)C1O,0.0,test
CON=C(C(=O)NC1C(=O)N2C(C(=O)O)=C(CSc3nnnn3C)CS[C@H]12)c1csc(N)n1,0.0,test
C=C1c2c(Cl)ccc(O)c2C(=O)C2C(=O)[C@]3(O)C(=O)C(C(N)=O)C(=O)C(N(C)C)[C@@H]3[C@@H](O)[C@H]12,0.0,test
CC1=C(C(=O)Nc2ccccc2)SCCO1,1.0,test
O=C(O)c1ccncc1,0.0,test
CCC(OCCCOC)OC(C)=O,0.0,test
O=C(Cl)c1ccccc1[N+](=O)[O-],0.0,test
CCC(C)(CCC(C)C)C(=O)O,0.0,test
O=C(Cl)c1cccc(C(=O)Cl)c1,0.0,test
CCCCCCCCC(CO)CCCCCC,0.0,test
O=C(N[C@H]1CN2CCC1CC2)c1ccc2c(c1)OCCO2,0.0,test
FCOC(C(F)(F)F)C(F)(F)F,0.0,test
C[N+](=O)[O-],0.0,test
Nc1cc(Cl)c(NC2=NCCN2)c(Cl)c1,0.0,test
CC(C)[N+](=O)[O-],0.0,test
C=CCN(CC=C)C(=O)C(Cl)Cl,0.0,test
CC(C)CCCCCOC(=O)c1ccccc1C(=O)OCCCCCC(C)C,0.0,test
NC1CONC1=O,0.0,test
CCCCC(CC)COCCO,0.0,test
CC(=O)c1ccc[nH]1,0.0,test
CNCCCN1c2ccccc2CCc2ccccc21,0.0,test
CCCCCCCCCCCO,0.0,test
CC(CCO)CC(C)(C)C,0.0,test
NC=O,0.0,test
CN(C)c1nc(N(C)C)nc(N(C)C)n1,0.0,test
COc1ccc(C=O)cc1OC,1.0,test
CC(CN)CC(C)(C)CCN,0.0,test
SCCCCCCCCS,0.0,test
CCC(=O)Oc1ccc(/C(CC)=C(\CC)c2ccc(OC(=O)CC)cc2)cc1,1.0,test
COC(=O)CC(=O)C(C)(C)C,0.0,test
c1ccc(CN2CCNCC2)cc1,0.0,test
COC(=O)C(Cl)C(=O)OC,0.0,test
COc1ccc(OC)c(NC(=O)CC(C)=O)c1,0.0,test
O=C1c2ccccc2C(=O)C1c1ccc(Cl)cc1,0.0,test
CC(C)NCC(O)COc1cccc2[nH]ccc12,0.0,test
NCC1CCCC(CN)C1,0.0,test
O=c1[nH]c2ccccc2o1,0.0,test
CS(=O)(=O)Cl,0.0,test
Brc1c(NC2=NCCN2)ccc2nccnc12,0.0,test
O=C(O)Cc1ccccc1Nc1c(Cl)cccc1Cl,1.0,test
O=NN(O)c1ccccc1,1.0,test
O=C1c2ccccc2C(=O)c2cc(S(=O)(=O)O)ccc21,0.0,test
C=CCOc1ccc(CC(=O)O)cc1Cl,1.0,test
CO[Si](CCCNc1ccccc1)(OC)OC,0.0,test
Cc1ccc([N+](=O)[O-])c(C)c1,1.0,test
CC(=O)OCC(=O)[C@@]1(O)CC[C@H]2[C@@H]3CC=C4CC(=O)CC[C@]4(C)C3=CC[C@@]21C,1.0,test
CN(C)CCOCCN(C)CCO,0.0,test
O=S(=O)(O)c1ccccc1C=Cc1ccc(-c2ccc(C=Cc3ccccc3S(=O)(=O)O)cc2)cc1,0.0,test
O=C(O)CP(=O)(O)O,0.0,test
N=C(N)NCCCC(NC(=O)C1CCCN1C(=O)C1CSSCC(N)C(=O)NC(Cc2ccc(O)cc2)C(=O)NC(Cc2ccccc2)C(=O)NC(CCC(N)=O)C(=O)NC(CC(N)=O)C(=O)N1)C(=O)NCC(N)=O,1.0,test
ClC1=C(Cl)[C@]2(Cl)[C@H]3[C@H]([C@H]4C=C[C@H]3C4)[C@@]1(Cl)C2(Cl)Cl,1.0,test
CCCCCCCCCOC(=O)c1ccc(O)cc1,1.0,test
O=C1N(c2ccccc2)c2ccccc2C1(Cc1ccncc1)Cc1ccncc1,0.0,test
NS(=O)(=O)c1ccccc1OC(F)(F)F,0.0,test
CCC(CO)(CO)[N+](=O)[O-],0.0,test
CCCCCCOC(=O)c1ccccc1,0.0,test
COc1c(N2CCNC(C)C2)c(F)cc2c(=O)c(C(=O)O)cn(C3CC3)c12,1.0,test
NC(=O)OCC(COC(N)=O)c1ccccc1,0.0,test
Nc1ccc2c(c1)C(=O)c1ccccc1C2=O,1.0,test
CC(C)CC(N)C(=O)O,0.0,test
CNC(=O)N(c1ccccc1)c1ccccc1,0.0,test
CN1[C@@H]2CC[C@H]1C[C@@H](NC(=O)n1c(=O)[nH]c3ccccc31)C2,0.0,test
O=C(O)c1cccc(Cl)c1,0.0,test
C=CCC1([C@H](C)CCC)C(=O)NC(=O)NC1=O,0.0,test
O=C(O)C(Cl)Br,0.0,test
CC(=C\c1ccccc1)/C=C1/SC(=S)N(CC(=O)O)C1=O,0.0,test
CC1CCCC(=O)C1=O,0.0,test
COC(=O)c1sccc1S(N)(=O)=O,0.0,test
Cc1cn([C@H]2C[C@H](F)[C@@H](CO)O2)c(=O)[nH]c1=O,0.0,test
O=C(O)c1ccc(O)cc1,0.0,test
COc1cc(C)cc(O)c1,0.0,test
CCOC(=O)c1ccccc1OC,0.0,test
Cc1cccc(N)c1,0.0,test
O=C(O)c1[nH]n(-c2ccc(S(=O)(=O)O)cc2)c(=O)c1N=Nc1ccc(S(=O)(=O)O)cc1,0.0,test
COC(=O)CCCCC(=O)O,0.0,test
ClC=CCCl,0.0,test
O=[N+]([O-])c1ccc(C=Cc2ccc([N+](=O)[O-])cc2S(=O)(=O)O)c(S(=O)(=O)O)c1,0.0,test
O=NN(CCCl)C(=O)NCCCl,0.0,test
CC(C)=CC(=O)O,1.0,test
CN(CCCCCCCCCCN(C)C(=O)Oc1ccccc1[N+](C)(C)C)C(=O)Oc1ccccc1[N+](C)(C)C,0.0,test
CCN(CC)CCSC(=O)C(c1ccccc1)c1ccccc1,0.0,test
COC(=O)CC#N,0.0,test
CCCCC(CC)COC(C)=O,1.0,test
CC(=O)OC(C)C(=O)OCC[N+](C)(C)C,1.0,test
CC(C)C(=O)c1ccccc1,0.0,test
CCC1(c2cccc(O)c2)CCCCN(C)C1,0.0,test
C=CCc1ccc(OC)c(OC)c1,1.0,test
CC(=O)Nc1ccc(O)cc1,0.0,test
C#CCN(C)[C@H](C)Cc1ccccc1,0.0,test
COC(=O)C(C)O,0.0,test
CCC(C)OC(=O)c1ccc(O)cc1,1.0,test
CC(C)=CC1C(C(=O)OC(C#N)c2cccc(Oc3ccccc3)c2)C1(C)C,0.0,test
CCCCCC(N)=O,0.0,test
COc1ccc(C(C)=O)cc1,1.0,test
CC(C)(C)NCC(O)CSc1nc(-c2ccc(C(N)=O)s2)cs1,0.0,test
CON=C(C(=O)NC1C(=O)N2C(C(=O)O)=C(C[N+]3(C)CCCC3)CS[C@H]12)c1csc(N)n1,0.0,test
COCCOC(=O)C1=C(C)N=C(C)C(C(=O)OC(C)C)C1c1cccc([N+](=O)[O-])c1,0.0,test
ClCOCCl,1.0,test
COC(=O)C(CN)c1c[nH]c2ccc(OC)cc12,0.0,test
C(=C\c1ccccc1)\c1ccccc1,0.0,test
CC(C)(Cc1c[nH]c2ccccc12)NCC(O)COc1ccccc1C#N,0.0,test
CCOCCn1c(N2CCCN(C)CC2)nc2ccccc21,0.0,test
O=C(C(=O)c1ccco1)c1ccco1,0.0,test
Cc1ccc(N)cc1O,0.0,test
NS(=O)(=O)c1cc2c(cc1Cl)NCNS2(=O)=O,0.0,test
COCCCOc1cc(C[C@@H](C[C@H](N)[C@@H](O)CC(C(=O)NCC(C)(C)C(N)=O)C(C)C)C(C)C)ccc1OC,0.0,test
O=c1[nH]c2cc(Cl)ccc2o1,0.0,test
C[S+](C)[O-],0.0,test
C[C@@H]1C[C@H]2[C@@H]3CC=C4CC(=O)C=C[C@]4(C)[C@@]3(F)[C@@H](O)C[C@]2(C)[C@@]1(O)C(=O)COC(=O)c1cccc(S(=O)(=O)O)c1,1.0,test
CC(=O)NCCO,1.0,test
CCCCCCCC(=O)CC[C@@H]1[C@@H](C/C=C\CCCC(=O)OC(C)C)[C@@H](O)C[C@H]1O,0.0,test
Nc1ccn(C2CO[C@H](CO)O2)c(=O)n1,0.0,test
CCOc1ccc(NC(=S)Nc2ccc(OCC)cc2)cc1,0.0,test
CCCCCCCCCCCCCBr,0.0,test
O=C(O)C=Cc1ccc(C=CC(=O)O)cc1,0.0,test
CCNc1nc(NC(C)C)nc(OC)n1,0.0,test
CC(C)(C)NC(=O)C1CC[C@H]2[C@@H]3C=CC4=CC(C(=O)O)CC[C@]4(C)[C@H]3CC[C@]12C,0.0,test
C[Si]1(C)O[Si](C)(C)O[Si](C)(C)O[Si](C)(C)O1,0.0,test
O=S(=O)(O)c1cc(O)ccc1O,0.0,test
C=C1/C(=C\C=C2/CCC[C@]3(C)[C@@H]([C@H](C)/C=C/[C@@H](O)C4CC4)CC[C@@H]23)C[C@@H](O)C[C@@H]1O,0.0,test
Fc1ccccc1,0.0,test
CCOC(=O)Cc1cccc2ccccc12,0.0,test
CCc1ccccc1O,0.0,test
CN(C)C(=O)CCSC(SCCC(=O)O)c1cccc(/C=C/c2ccc3ccc(Cl)cc3n2)c1,1.0,test
CCN(CC#N)c1cccc(C)c1,0.0,test
CC(C)=CCC/C(C)=C/COC=O,0.0,test
O=Cc1ccco1,0.0,test
CCOC(=O)c1ccc(OCCN2C[C@H](O)[C@@H](O)[C@H](O)[C@H]2CO)cc1,0.0,test
CC1(C)[C@H]2CC[C@](C)(C2)[C@H]1O,0.0,test
Cc1cc(Cl)ccc1N=CN(C)C,0.0,test
C=CCCC(=O)C=CC1=C(C)CCCC1(C)C,0.0,test
COc1ccc(C)cc1[N+](=O)[O-],0.0,test
CON(C)C(=O)Nc1ccc(Cl)c(Cl)c1,0.0,test
CC(C)CCCCOC(=O)c1ccccc1C(=O)OCCCCC(C)C,0.0,test
C=C[C@]1(C)C[C@@H](OC(=O)CSCCN(CC)CC)[C@]2(C)C(C)CC[C@]3(CCC(=O)[C@H]32)[C@@H](C)[C@@H]1O,0.0,test
CCC(C=O)CC,0.0,test
CN(C)c1ccc(O)c2c1C[C@H]1C[C@H]3C(N(C)C)C(=O)C(C(N)=O)C(=O)[C@@]3(O)C(=O)C1C2=O,0.0,test
O=C(O)c1cc(Cl)cc([N+](=O)[O-])c1Cl,0.0,test
COC(=O)c1cccnc1,0.0,test
O=C(O)c1cc2cc(Cc3cccnc3)ccc2o1,1.0,test
COP(=O)(OC)SCn1c(=O)oc2cc(Cl)cnc21,0.0,test
Nc1cc(Cl)c(O)c(Cl)c1,0.0,test
O=C(O)CN(CCN(CC(=O)O)CC(=O)O)CCN(CC(=O)O)CC(=O)O,0.0,test
O=C(O)CC(=O)C(=O)O,0.0,test
C=CC[N+](C)(C)CC=C,0.0,test
CC(C)(c1cc(Br)c(O)c(Br)c1)c1cc(Br)c(O)c(Br)c1,0.0,test
COP(=S)(OC)Oc1ccc([N+](=O)[O-])c(C)c1,0.0,test
CC(C)NCC(O)COc1cccc2ccccc12,1.0,test
COc1ccccc1NC(=O)CC(C)=O,0.0,test
CNC(=O)Oc1ccc2c(c1)[C@]1(C)CCN(C)[C@@H]1N2C,0.0,test
O=C(O)c1cc(=O)c2ccccc2o1,0.0,test
CCN(CC)CCOC(=O)C(C)(c1ccccc1)c1ccccc1,0.0,test
c1ccc2sc(SSN3CCOCC3)nc2c1,0.0,test
C/C=C(\C)C(=O)OCc1ccccc1,0.0,test
CCN(CC)CCNC(=O)c1cc(S(C)(=O)=O)ccc1OC,0.0,test
O=C(O)c1cc(=O)c2c(OCC(O)COc3cccc4oc(C(=O)O)cc(=O)c34)cccc2o1,0.0,test
CCCc1cc(C(N)=S)ccn1,0.0,test
C[C@H]1C[C@H]2[C@@H]3CC=C4CC(=O)C=C[C@]4(C)[C@@]3(F)[C@@H](O)C[C@]2(C)[C@@]1(O)C(=O)COP(=O)(O)O,0.0,test
CCOC(=O)C(CCc1ccccc1)NC(C)C(=O)N1CCCC1C(=O)O,0.0,test
CSc1nc(NC2CC2)nc(NC(C)(C)C)n1,0.0,test
CCOc1cc(OCC)c(C(=O)CCC(=O)O)cc1OCC,0.0,test
CCCC[N+](CCCC)(CCCC)CCCC,0.0,test
CCC(CC)Nc1ccc(C)c(C)c1,0.0,test
O=[N+]([O-])c1cc(C(F)(F)F)ccc1Cl,0.0,test
O=CN(CCO)CCO,0.0,test
c1ccc(C2CO2)cc1,0.0,test
CCO[Si](CC(C)C)(OCC)OCC,0.0,test
Clc1ccc2c(c1)C(c1ccccc1)=NCc1nncn1-2,0.0,test
O=C1c2ccccc2C(=O)N1CCl,0.0,test
Nc1ccc([N+](=O)[O-])cc1N,1.0,test
CCCC(=O)Cl,0.0,test
CC(CNC1CCCCC1)OC(=O)c1ccccc1,0.0,test
CNC(C)CCC=C(C)C,0.0,test
CC(=O)OCC(COC(C)=O)OC(C)=O,1.0,test
CCCCC(C)C(=O)O,0.0,test
NC[C@H]1O[C@H](O[C@H]2[C@H](O)[C@@H](O[C@H]3O[C@H](CO)[C@@H](O)[C@H](N)[C@H]3O)[C@H](N)C[C@@H]2N)[C@H](O)[C@@H](O)[C@@H]1O,0.0,test
O=[N+]([O-])c1c(Cl)cc(Cl)cc1Cl,0.0,test
CCCCCC(C=O)=Cc1ccccc1,1.0,test
O=c1[nH]nnc2ccccc12,0.0,test
CCCCOC(=O)C(C)O,0.0,test
C=CS(=O)(=O)O,0.0,test
CCOC(=O)c1ccccc1O,0.0,test
CCCCCCCC(=O)OCC(O)CO,0.0,test
CCCCC=CC=CCC(=O)OCC,0.0,test
CC(C)N1CCN(c2ccc(OC[C@H]3CO[C@](Cn4cncn4)(c4ccc(Cl)cc4Cl)O3)cc2)CC1,0.0,test
CC1CCCC1,0.0,test
CCCc1nn(C)c2c(=O)[nH]c(-c3cc(S(=O)(=O)N4CCN(C)CC4)ccc3OCC)nc12,0.0,test
CCN(CC)c1ccc(C(=O)c2ccccc2C(=O)O)c(O)c1,1.0,test
CCCCOCCOCCOCCCC,0.0,test
CNCCCC1c2ccccc2C=Cc2ccccc21,0.0,test
CCC(C)n1c(=O)[nH]c(C)c(Br)c1=O,0.0,test
CCCCN1C(=O)c2ccccc2C1=O,0.0,test
CN1CCN(C(=O)C2CCCCC2)CC1,0.0,test
C=CCCCCCCCCO,0.0,test
C=CC(=O)OCC(C)O,0.0,test
Cc1cc(C2CC2)nc(Nc2ccccc2)n1,1.0,test
NC(N)=O,0.0,test
CN(C)CCOC(c1ccc(Cl)cc1)c1ccccn1,0.0,test
NC(=O)Cc1cccc(C(=O)c2ccccc2)c1N,0.0,test
Sc1ccccc1,0.0,test
CCCCCCCCCCCCCCCC(=O)OC,0.0,test
OCC(O)CCl,0.0,test
CCCCC(CC)COCCC#N,0.0,test
C=CCc1ccccc1O,0.0,test
CCCCOC(=O)c1ccc(N)cc1,1.0,test
CCCn1c(=O)[nH]c(=O)c2[nH]cnc21,0.0,test
CCOC(=O)Cl,0.0,test
CCN[C@@H](C)Cc1cccc(C(F)(F)F)c1,0.0,test
CC(Cl)C(C)Cl,0.0,test
CC(C)(C#N)C(C)(C)C#N,0.0,test
CCCCSP(=O)(SCCCC)SCCCC,0.0,test
COP(=S)(OC)Oc1ccc([N+](=O)[O-])cc1,1.0,test
CCCCCCCCCCCCCCOS(=O)(=O)O,0.0,test
CN(C)C(=O)COC(=O)Cc1ccc(OC(=O)c2ccc(N=C(N)N)cc2)cc1,0.0,test
CC(C)=CCC/C(C)=C/CC/C(C)=C/CCC(=O)OC/C=C(\C)CCC=C(C)C,0.0,test
CC1=CCC(C(C)C)=CC1,0.0,test
CCCCCCCCCCCCCCCCCC(=O)OCCCCCCCCCCCCCC(C)C,1.0,test
CCCCN(CCO)CCCC,0.0,test
CCCCOc1cc(C(=O)NCCN(CC)CC)c2ccccc2n1,0.0,test
CCCCCCCC/C=C\CCCCCCCCO,0.0,test
CC1c2cccc(O)c2C(=O)C2C(=O)[C@]3(O)C(=O)C(C(N)=O)C(=O)C(N(C)C)[C@@H]3[C@@H](O)[C@@H]21,0.0,test
Cc1cc(=O)[nH]o1,0.0,test
C=CC(=O)NCOCCCC,0.0,test
COC(=O)CCCC(=O)O,0.0,test
O=C(NCC(O)CO)c1c(I)c(C(=O)NCC(O)CO)c(I)c(N(CCO)C(=O)CO)c1I,0.0,test
CON(C)C(=O)Nc1ccc(Cl)cc1,0.0,test
NC(Cc1c[nH]c2ccc(O)cc12)C(=O)O,0.0,test
Cn1cc(O)nc1NC(=O)Nc1cccc(Cl)c1,1.0,test
CC(C)[N+](C)(CCOC(=O)C1c2ccccc2Oc2ccccc21)C(C)C,0.0,test
C[n+]1ccn(CCO)c1,0.0,test
OC[C@@H](O)C(O)[C@H](O)CO,0.0,test
CCCCC(CC)COC(=O)CCCCC(=O)OCC(CC)CCCC,0.0,test
CO[C@H]1[C@@H](O)[C@H](N)[C@@H](O[C@H]2O[C@H]([C@H](C)N)CC[C@H]2N)[C@H](O)[C@@H]1N(C)C(=O)CN,1.0,test
CNCCC=C1c2ccccc2CCc2ccccc21,0.0,test
CC(=O)O[C@@H]1CC2CCC1(C)C2(C)C,0.0,test
CC[C@@H](CO)NC(=O)C1C=C2c3cccc4c3c(cn4C)C[C@H]2N(C)C1,0.0,test
N=C(N)NC(=O)c1nc(Cl)c(N)nc1N,0.0,test
COc1ccc(OC)c(C(O)CNC(=O)CN)c1,0.0,test
C=C(C)C(=O)OCC(CC)(COC(=O)C(=C)C)COC(=O)C(=C)C,0.0,test
Cc1ccc(C(C)C)cc1O,0.0,test
CC(C)OC(=O)Nc1cccc(Cl)c1,0.0,test
O=C1C[C@@H]2OCC=C3CN4CC[C@]56c7ccccc7N1[C@H]5[C@H]2[C@H]3C[C@H]46,0.0,test
CCOC(=O)c1cnc2c(cnn2CC)c1NN=C(C)C,0.0,test
Nc1ccc(S(N)(=O)=O)cc1,0.0,test
CC(C)CC(C)(c1ccc(O)cc1)c1ccc(O)cc1,1.0,test
CCCC(O)C(CC)CO,0.0,test
Fc1c(F)c(F)c(Br)c(F)c1F,0.0,test
CC(=O)OCC=Cc1ccccc1,0.0,test
CNNCc1ccc(C(=O)NC(C)C)cc1,0.0,test
O=C(OCC(COC(=O)c1cccnc1)(COC(=O)c1cccnc1)COC(=O)c1cccnc1)c1cccnc1,0.0,test
CC(C)(OO)c1ccccc1,0.0,test
Cc1cc(NS(=O)(=O)c2ccc(N)cc2)no1,0.0,test
CC1(C)Oc2ccc(C#N)cc2[C@@H](N2CCCC2=O)[C@@H]1O,0.0,test
COc1cc2nc(N(C)CCCNC(=O)C3CCCO3)nc(N)c2cc1OC,0.0,test
O=C(O)c1ccc(OCCn2ccnc2)cc1,0.0,test
COC(=O)C(C)N(C(=O)Cc1ccccc1)c1c(C)cccc1C,0.0,test
CCC(C)(C)C1CCCCC1OC(C)=O,0.0,test
Oc1ccc(Cl)c2c1CCC2,0.0,test
N=C(N)c1ccc(OCCCOc2ccc(C(=N)N)cc2)cc1,0.0,test
O=c1[nH]cnc2[nH]ncc12,0.0,test
CNCCCC12CCC(c3ccccc31)c1ccccc12,0.0,test
CC(C)(N)C#N,0.0,test
CCC(=O)c1cccc(Cl)c1,0.0,test
CCCCCCCCCCCCCCO,0.0,test
CN(C1CCCCC1)C1CCCCC1,0.0,test
O=NN(c1ccccc1)c1ccccc1,1.0,test
CSCCC(NC(=O)C(Cc1c[nH]c2ccccc12)NC(=O)CCNC(=O)OC(C)(C)C)C(=O)NC(CC(=O)O)C(=O)NC(Cc1ccccc1)C(N)=O,0.0,test
COCc1c(-c2ccc(F)cc2)c(=CC[C@@H](O)C[C@@H](O)CC(=O)O)c(C(C)C)nc1=C(C)C,1.0,test
CC(C)(C)c1nnc(NS(=O)(=O)c2ccccc2)s1,0.0,test
N#C[C@@H]1C[C@@H]2C[C@@H]2N1C(=O)C(N)C12CC3CC(CC(O)(C3)C1)C2,0.0,test
CC/C=C\CCOC(=O)CCCCC,0.0,test
CCCCCOC(=O)CCCCC,0.0,test
CCc1cc(OC)c(C[C@H](C)N)cc1OC,0.0,test
OC[C@@H](O)[C@H](O)[C@H](O)[C@@H](O)CO,0.0,test
CC1COc2ccccc2N1,0.0,test
CCC1(c2ccccc2)C(=O)N(COC)C(=O)N(COC)C1=O,0.0,test
CC1(C)C(=O)N(Cl)C(=O)N1Cl,1.0,test
O=C(Nc1ccccc1)Nc1ccccc1,1.0,test
Cc1cccc(C(C)(C)C)c1O,0.0,test
Oc1ccc(C2(c3ccc(O)cc3)CCCCC2)cc1,1.0,test
Cc1c(Cl)cccc1Nc1ccccc1C(=O)O,0.0,test
CCC(C)(C)CC,0.0,test
Nc1ccccc1S(=O)(=O)O,0.0,test
C=C(C)[C@@H]1CC[C@@H](C)C[C@@H]1O,0.0,test
NC(CCC(=O)O)C(=O)O,0.0,test
C[C@]12CCC(=O)C=C1CC[C@@H]1[C@@H]2[C@@H](O)C[C@@]2(C)[C@H]1CC[C@]2(O)C(=O)CO,1.0,test
CCC[N+](CCC)(CCC)CCC,0.0,test
NCCN1CCNCC1,0.0,test
Cc1ccccc1N1C(=O)c2cc(S(N)(=O)=O)c(Cl)cc2NC1C,0.0,test
CC(C(O)c1ccc(O)cc1)N1CCC(Cc2ccccc2)CC1,0.0,test
OC[C@]1(O)OC[C@@H](O)[C@H](O)[C@@H]1O,0.0,test
OCCOc1ccccc1,0.0,test
CCCCCCOC(C)=O,0.0,test
CN[C@@H]1[C@H](O[C@H]2[C@H](O[C@H]3[C@H](O)[C@@H](O)[C@H](N=C(N)N)[C@@H](O)[C@@H]3N=C(N)N)O[C@@H](C)[C@]2(O)C=O)O[C@@H](CO)[C@H](O)[C@H]1O,0.0,test
CNC(C)C(O)c1ccc(O)cc1,0.0,test
COC(=O)COc1ccc(Cl)cc1Cl,0.0,test
O=C(O)c1ccccc1C(=O)Nc1ccc(S(=O)(=O)Nc2nccs2)cc1,0.0,test
O=C(Cn1c(=O)sc2ccc(Cl)cc21)N1CCN(CCO)CC1,0.0,test
c1cc(CCCc2ccncc2)ccn1,0.0,test
CCOC(=O)CC(C(C)=O)C(C)=O,0.0,test
Nc1ccc(N=Nc2ccccc2)c(N)c1,1.0,test
COc1cccc(CCc2ccccc2OCC(CN(C)C)OC(=O)CCC(=O)O)c1,0.0,test
CC1=CCC(C(C)(C)O)CC1,0.0,test
O=C(O)C1/C(=C/CO)O[C@@H]2CC(=O)N12,0.0,test
Cc1cc(C(C)(C)c2cc(C)c(O)c(C)c2)cc(C)c1O,1.0,test
CCOC(=O)CCC(=O)OCC,0.0,test
Nc1ccncc1,0.0,test
COP(=S)(OC)Oc1ccc([N+](=O)[O-])cc1Cl,0.0,test
CCCCC(CC)COC(=O)C=Cc1ccc(OC)cc1,0.0,test
COC(=O)CC(C(C)=O)C(=O)OC,0.0,test
CC(NC(C)(C)C)C(=O)c1cccc(Cl)c1,0.0,test
C=COC(=O)C(C)(CC)CCC(C)C,0.0,test
CC(C)CCCCCCCOP(OCCCCCCCC(C)C)Oc1ccccc1,0.0,test
Nc1nc(N)nc(N)n1,0.0,test
O=C(O)C=CC(=O)Nc1ccc(S(=O)(=O)Nc2nccs2)cc1,0.0,test
Brc1ccc(Br)c(Br)c1,0.0,test
c1ccc(CNCc2ccccc2)cc1,0.0,test
CCC(=O)c1ccccc1,0.0,test
CC(C)NCC(O)c1ccc(NS(C)(=O)=O)cc1,0.0,test
CCCC(=O)C(CC)Sc1ccoc1C,0.0,test
O=C1NC(=O)c2cc([N+](=O)[O-])ccc21,0.0,test
CCC1(CC)C(=O)NC(=O)N(C)C1=O,0.0,test
NS(=O)(=O)c1ccc(NC(=O)CCC(=O)O)cc1,0.0,test
O=C(NNCS(=O)(=O)O)c1ccncc1,0.0,test
CCC(Cc1c(I)cc(I)c(N)c1I)C(=O)O,0.0,test
Nc1nnnn1-c1ccccc1,0.0,test
CC1(C)CC(N=C=O)CC(C)(CN=C=O)C1,0.0,test
CC[N+](CC)(CC)CCOc1cccc(OCC[N+](CC)(CC)CC)c1OCC[N+](CC)(CC)CC,0.0,test
CCN1CCCC1=O,0.0,test
CCCCCCCCSCC,0.0,test
CC(C)CCCC(C)(C)O,0.0,test
N#Cc1ccc(N(CC(N)=O)CC(F)(F)F)cc1C(F)(F)F,0.0,test
[Na]I,0.0,test
O=C(N/N=C/c1ccc([N+](=O)[O-])o1)c1cc([N+](=O)[O-])cc([N+](=O)[O-])c1O,0.0,test
c1ccc(P(c2ccccc2)c2ccccc2)cc1,0.0,test
Nc1cccnc1,0.0,test
C1N2CN3CN1CN(C2)C3,0.0,test
C[C@]12CC[C@@H]3C4=C(CC[C@H]3[C@@H]1CC[C@@H]2O)CC(=O)CC4,1.0,test
CC(=O)OC1C2(C)CCC(C2)C1(C)C,0.0,test
COc1ccc(O)c(C(C)(C)C)c1,0.0,test
CC1(C)S[C@@H]2C(NC(=O)C3(N)CCCCC3)C(=O)N2C1C(=O)O,0.0,test
O=C(O)c1ccccc1C(c1ccc(O)cc1)c1ccc(O)cc1,0.0,test
O=C1CCC(C(=O)N2CSCC2C(=O)O)N1,0.0,test
CC(C)(C)c1cccc(C(C)(C)C)c1O,0.0,test
CC(C)CCCCCCOC(=O)c1ccc(C(=O)OCCCCCCC(C)C)c(C(=O)OCCCCCCC(C)C)c1,0.0,test
C[N+]1(CCC(C(N)=O)(c2ccccc2)c2ccccc2)CCCCC1,0.0,test
CCCCCCCCCCCCC1CO1,0.0,test
C[C@]1(Cn2ccnn2)C(C(=O)O)N2C(=O)C[C@H]2S1(=O)=O,0.0,test
CCCCCCCCCCl,1.0,test
CN1CC(O)c2cc(N=NC(N)=O)c(O)cc21,0.0,test
O=C(NCCCN1CCOCC1)c1ccc(Cl)cc1,0.0,test
CCCC=NO,0.0,test
NC(=O)Nc1ccc(Cl)cc1,0.0,test
O=[N+]([O-])c1cccc(Cl)c1,0.0,test
CN=C1C[N+]([O-])=C(c2ccccc2)c2cc(Cl)ccc2N1,0.0,test
CC(C)(C)NCC(O)COc1cccc2c1CCC(=O)N2,0.0,test
CNC(=O)Oc1cccc2c1OC(C)(C)C2,1.0,test
c1ccc2cc(Nc3ccc(Nc4ccc5ccccc5c4)cc3)ccc2c1,0.0,test
CCCCCCCCCCCCOC(C)=O,0.0,test
O=C(O)C(Br)Br,0.0,test
COc1ccc2c(c1OC)C(=O)O[C@@H]2[C@H]1c2cc3c(cc2CCN1C)OCO3,0.0,test
CC[C@H]1OC(=O)C(C)[C@@H](O[C@H]2C[C@@](C)(OC)[C@@H](O)[C@H](C)O2)[C@H](C)[C@@H](O[C@@H]2O[C@H](C)C[C@H](N(C)C)[C@H]2O)[C@](C)(O)C[C@@H](C)C(=NOCOCCOC)[C@H](C)[C@@H](O)[C@]1(C)O,0.0,test
CCO[Si](C)(CCCOCC1CO1)OCC,0.0,test
O=[N+]([O-])O,0.0,test
Cc1ccc(N=C=O)cc1N=C=O,1.0,test
CC(CN(C)C)C(C)(O)Cc1ccc(Cl)cc1,0.0,test
CS(=O)(=O)c1ccc([C@@H](O)[C@@H](CF)NC(=O)C(Cl)Cl)cc1,0.0,test
O=[N+]([O-])c1ccc(O)cc1,0.0,test
CC1(C)S[C@@H]2C(NC(=O)C(NC(=O)N3CCN(S(C)(=O)=O)C3=O)c3ccccc3)C(=O)N2C1C(=O)O,1.0,test
Cn1cnc([N+](=O)[O-])c1Sc1ncnc2[nH]cnc12,0.0,test
COc1ccc(C(=O)NCc2ccc(OCCN(C)C)cc2)cc1OC,0.0,test
CC(C)CC(C)(N)C#N,0.0,test
CCO[Si](CCCS)(OCC)OCC,0.0,test
O=C(O)c1ccccc1-c1c2cc(Br)c(=O)c(Br)c-2oc2c(Br)c(O)c(Br)cc12,0.0,test
C(=C/c1ccccc1)\CN1CCN(C(c2ccccc2)c2ccccc2)CC1,0.0,test
O=C1OCCO1,0.0,test
Oc1c(C2=CC[C@@H](c3ccc(Cl)cc3)CC2)c(O)c2ccccc2c1O,0.0,test
CN1[C@@H]2CC[C@H]1C[C@@H](OC(=O)c1cc(Cl)cc(Cl)c1)C2,0.0,test
Oc1ccc(O)c2c(O)cccc12,0.0,test
CCC(=O)N(c1ccccc1)C1CCN(C(C)Cc2ccccc2)CC1,0.0,test
c1csc(-c2ccc(-c3cccs3)s2)c1,1.0,test
COc1ccc(Cl)cc1C(=O)NCCc1ccc(S(=O)(=O)NC(=O)NC2CCCCC2)cc1,0.0,test
O=C(Cl)CCl,0.0,test
CC(C)c1ccc2c(C(C)C)cc(C(C)C)c(S(=O)(=O)O)c2c1,0.0,test
Nc1ccc(NCCO)c([N+](=O)[O-])c1,0.0,test
CCC(=O)N(c1ccccc1)C1CCN(Cc2cccs2)CC1,0.0,test
Nc1cc(Cl)ccc1O,0.0,test
CC1Cc2ccccc2N1NC(=O)c1ccc(Cl)c(S(N)(=O)=O)c1,0.0,test
CCC1(C)NC(=O)NC1=O,0.0,test
COc1cc(C=CC(=O)O[C@H]2CC[C@]34C[C@]35CC[C@]3(C)[C@@H]([C@H](C)CCC=C(C)C)CC[C@@]3(C)[C@@H]5CC[C@H]4C2(C)C)ccc1O,0.0,test
CCC(=O)OC(OP(=O)(CCCCc1ccccc1)CC(=O)N1C[C@H](C2CCCCC2)CC1C(=O)O)C(C)C,0.0,test
CCCCCCCC/C=C\CCCCCCCC(=O)N(C)CC(=O)O,0.0,test
O=S(=O)(O)OOS(=O)(=O)O,1.0,test
O=C1OC(O)C(C(Cl)Cl)=C1Cl,0.0,test
CN1C[C@@H](NS(=O)(=O)N(C)C)C[C@@H]2c3cccc4c3c(cn4C)C[C@H]21,0.0,test
Nc1ccc([N+](=O)[O-])cc1,0.0,test
CC1CC(OC(=O)c2ccccc2O)CC(C)(C)C1,0.0,test
Cc1cccc2ccccc12,0.0,test
O=c1[nH]oc2c1CCNC2,0.0,test
CCOC(=O)C(CCc1ccccc1)NC1CS[C@H](c2cccs2)CN(CC(=O)O)C1=O,0.0,test
CCN1CCN(c2cc(-c3ccc(F)cc3)c3c(n2)CCCCCC3)CC1,0.0,test
CNC(=O)CC(N)C(=O)NC(C(=O)NC1C(=O)N2C(C(=O)O)C(C)(C)S[C@H]12)c1ccc(O)cc1,0.0,test
CCC1(CO)COCOC1,0.0,test
CCn1cc(C(=O)O)c(=O)c2cc(F)c(N3CCNCC3)nc21,0.0,test
C[C@H]1O[C@@H](n2cc(F)c(=O)[nH]c2=O)[C@H](O)[C@@H]1O,1.0,test
C1CCC2CCCCC2C1,0.0,test
Cc1cc(-c2cc(C)c(N)c(C)c2)cc(C)c1N,0.0,test
CC(O)CCCCn1c(=O)c2c(ncn2C)n(C)c1=O,0.0,test
CCN(N=O)C(N)=O,0.0,test
COC(=O)CCSCCC(=O)OC,1.0,test
c1ccc2c(c1)Sc1ccccc1N2CC1CN2CCC1CC2,0.0,test
O=C(C=Cc1ccccc1)OCCc1ccccc1,1.0,test
C=CCOCC(CC)(CO)COCC=C,0.0,test
CC1CCC(=O)O1,0.0,test
O=C(O)c1ccc2c(c1)nc(C(=O)NC1CCN(C3CC3)CC1)n2Cc1cc(-c2ccc(Cl)s2)on1,0.0,test
Nc1ccc(O)c([N+](=O)[O-])c1,0.0,test
Cc1ccc(C(N)=O)cc1N,0.0,test
CC(=O)NC(CC(=O)NC(CCC(=O)O)C(=O)O)C(=O)O,0.0,test
Nc1nc(Cl)nc2c1ncn2[C@@H]1O[C@H](CO)[C@@H](O)[C@@H]1F,0.0,test
CCCCOC(=O)CCC(C)=O,0.0,test
CC(O)CN(CC(C)O)CC(C)O,1.0,test
NCCc1c[nH]cn1,0.0,test
COc1cc(C(=O)N2CCOCC2)cc(OC)c1OC,0.0,test
CNC(=O)O/N=C/C(C)(C)[S+](C)[O-],0.0,test
C=CCCCCCCC=C,0.0,test
O=C(O)COc1ccc(Cl)cc1Cl,0.0,test
CC1(C)C(=O)C(C)(C)C1=O,0.0,test
BrCc1cccc(Oc2ccccc2)c1,1.0,test
N#Cc1ccc2c(c1)N(CCCN1CCC(O)CC1)c1ccccc1S2,0.0,test
Cc1ccc([N+](=O)[O-])cc1[N+](=O)[O-],0.0,test
Cc1cc(OC(=O)N(C)C)nn1C(=O)N(C)C,0.0,test
CCC(Cl)CCl,0.0,test
O=[N+]([O-])c1ccc(Cl)cc1Cl,0.0,test
CC1(C)Cc2cccc(N)c2O1,0.0,test
Nc1ccc(S(=O)(=O)O)cc1,1.0,test
C=CC(=O)Nc1cc2c(Nc3ccc(F)c(Cl)c3)ncnc2cc1OCCCN1CCOCC1,1.0,test
O=Cc1ccccc1,0.0,test
CSc1ccc(C(=O)C(C)(C)N2CCOCC2)cc1,1.0,test
COC(=O)c1ccccc1C,0.0,test
CC(C)(O)C#N,0.0,test
O=C1C(Cl)C(CCl)CN1c1cccc(C(F)(F)F)c1,0.0,test
O=C1OC(=O)c2cccc3cccc1c23,0.0,test
Cc1nnc2n1-c1sc(CCC(=O)N3CCOCC3)cc1C(c1ccccc1Cl)=NC2,0.0,test
I,0.0,test
O=C1c2ccccc2CCc2ccccc21,1.0,test
CCCN1CCC[C@@H]2Cc3[nH]ncc3C[C@H]21,0.0,test
COc1ccc(C(=O)c2c(C)n(CCN3CCOCC3)c3ccccc23)cc1,0.0,test
BrCCCBr,0.0,test
O=C(O)CF,0.0,test
CC(C)(Oc1ccc(CCNC(=O)c2ccc(Cl)cc2)cc1)C(=O)O,0.0,test
CC1(C)COP(Oc2ccccc2)OC1,0.0,test
CCOC(=O)c1cc(=O)n(-c2ccccc2)[nH]1,0.0,test
CC(=O)Nc1ccc(S(N)(=O)=O)cc1,0.0,test
CC(C)(O)CCc1ccccc1,0.0,test
CCNc1nc(N)nc(Cl)n1,0.0,test
CCOP(=S)(OCC)Oc1cnc2ccccc2n1,1.0,test
CCC(=O)OC(=O)CC,0.0,test
COc1cc(S(=O)(=O)Nc2ccccc2)c(OC)cc1N,0.0,test
ClC/C=C\CCl,0.0,test
CC(Cc1cccc(C(F)(F)F)c1)NCCOC(=O)c1ccccc1,0.0,test
C[C@]12CCC(=O)C[C@@H]1CC[C@@H]1[C@@H]2CC[C@]2(C)C=CC[C@@H]12,1.0,test
Oc1ccccc1Cc1ccccc1O,0.0,test
C=C(c1ccc(C(=O)O)cc1)c1cc2c(cc1C)C(C)(C)CCC2(C)C,0.0,test
O=C(O)c1cccc(C(=O)O)n1,0.0,test
CCCCCCC(C)(C)S,0.0,test
Cc1ccc(NC(=O)c2ccc(CN3CCN(C)CC3)cc2)cc1Nc1nccc(-c2cccnc2)n1,0.0,test
C=CCCC=C,0.0,test
COC(=O)c1cccc(Cl)c1,0.0,test
CC1=CC(=O)CC(C)(C)C1(O)/C=C/C(C)=C\C(=O)O,0.0,test
CN(C)CC/C=C1/c2ccccc2COc2ccc(CC(=O)O)cc21,0.0,test
Cc1nnc(C(=O)NC(C)(C)c2nc(C(=O)NCc3ccc(F)cc3)c(O)c(=O)n2C)o1,0.0,test
Oc1cccc2ccccc12,0.0,test
CCC1(CCC(C)C)C(=O)NC(=O)NC1=O,0.0,test
[Cd+2],0.0,test
CC1=CC(C)(C)Nc2ccccc21,0.0,test
CC(Cl)(Cl)Cl,0.0,test
O=C(Nc1ccc(O)cc1)c1ccccc1O,1.0,test
Cc1ccc(C(C)(C)O)cc1,0.0,test
CCNc1nc(NCC)nc(SC)n1,0.0,test
C[C@H](CCC(=O)O)[C@H]1CC[C@H]2[C@@H]3CC[C@@H]4C[C@H](O)CC[C@]4(C)[C@H]3C[C@H](O)[C@]12C,0.0,test
O=S(=O)(O)c1ccc2[nH]c(-c3ccccc3)nc2c1,0.0,test
COCN(COC)c1nc(N(COC)COC)nc(N(COC)COC)n1,0.0,test
O=P(OC(CCl)CCl)(OC(CCl)CCl)OC(CCl)CCl,0.0,test
Oc1ccc(Cc2ccc(O)cc2)cc1,1.0,test
COc1cc2[nH]c(C)c(CCN3CCN(c4ccccc4)CC3)c2cc1OC,0.0,test
C=C(C)C(=O)OCCCCCCCC(C)C,0.0,test
CCCCCCC1(C)CCC(=O)O1,0.0,test
CN(C)c1cccc(O)c1,0.0,test
Nc1ccn([C@H]2CC[C@@H](CO)O2)c(=O)n1,0.0,test
C/C=C/C=C/CCCCCCCO,0.0,test
CNCCO,0.0,test
CC[C@H]1OC(=O)C(C)[C@@H](O[C@H]2C[C@@](C)(OC)[C@@H](O)[C@H](C)O2)[C@H](C)[C@@H](O[C@@H]2O[C@H](C)C[C@H](N(C)C)[C@H]2O)[C@](C)(O)CC(C)C(=O)C(C)[C@@H](O)[C@]1(C)O,1.0,test
O=c1cc[nH]c(=O)[nH]1,0.0,test
N#CC(Cl)(Cl)Cl,0.0,test
O=C1CCCCCO1,0.0,test
CCCN(CCC)S(=O)(=O)c1ccc(C(=O)O)cc1,0.0,test
CCCCc1ccc(O)cc1,0.0,test
C#CCOC(=O)C(C)Oc1ccc(Oc2ncc(Cl)cc2F)cc1,0.0,test
C=C(C)C#N,0.0,test
O=C(OCCOCCOC(=O)c1ccccc1)c1ccccc1,0.0,test
NC(Cc1ccc(N(CCCl)CCCl)cc1)C(=O)O,0.0,test
Oc1c(Cl)cccc1Cl,0.0,test
COc1nn(C(=O)NS(=O)(=O)c2ccccc2OC(F)(F)F)c(=O)n1C,0.0,test
CN(C)NC(=O)CCC(=O)O,1.0,test
CCCCCCCCOS(=O)(=O)O,0.0,test
Cc1ccc(N)cc1S(=O)(=O)O,0.0,test
CCCC(=O)OCCC(C)CCC=C(C)C,0.0,test
O=C(COCCOCCOCC(=O)Nc1c(I)cc(I)c(C(=O)O)c1I)Nc1c(I)cc(I)c(C(=O)O)c1I,0.0,test
O=C(O)CCSSCCC(=O)O,0.0,test
Cc1ccc(C)c(OCCCC(C)(C)C(=O)O)c1,0.0,test
C[C@H](NCCc1ccc(O)cc1)[C@H](O)c1ccc(O)cc1,0.0,test
N#Cc1ccccc1O,0.0,test
Cc1cc(C)c(N)c(Cl)c1,0.0,test
CCBr,0.0,test
CC1(C)S[C@@H]2C(NC(=O)COc3ccccc3)C(=O)N2C1C(=O)O,0.0,test
CC(C)COC(=O)OCN1C(=O)CN(CCN2CC(=O)N(COC(=O)OCC(C)C)C(=O)C2)CC1=O,0.0,test
C=C(C)CC(C)(C)C,0.0,test
c1ccc(C(O[C@H]2CCCN(CCc3ccc4c(c3)OCO4)C2)c2ccccc2)cc1,0.0,test
CC(=O)c1cccnc1,0.0,test
C=C(C)CN(CC)c1c([N+](=O)[O-])cc(C(F)(F)F)cc1[N+](=O)[O-],0.0,test
Cc1ccc(OP(=O)(Oc2ccc(C)cc2)Oc2ccc(C)cc2)cc1,0.0,test
O=C(O)c1ccccc1[N+](=O)[O-],0.0,test
CC/C=C\CCOC(=O)CC,0.0,test
O=C1CCCN1CCO,0.0,test
Cc1cn([C@H]2C=C[C@@H](CO)O2)c(=O)[nH]c1=O,0.0,test
CC(C)(N)CO,0.0,test
Cc1ccc(S(=O)(=O)NCl)cc1,0.0,test
CC/C=C\CCCCCCCCCCOC(C)=O,0.0,test
COc1ccc(NS(=O)(=O)c2ccc(N)cc2)nn1,0.0,test
NCC(CC(=O)O)c1ccc(Cl)cc1,0.0,test
C=CCc1cc(OC)c2c(c1)OCO2,0.0,test
COc1ccnc(C[S+]([O-])c2nc3cc(OC(F)F)ccc3[nH]2)c1OC,0.0,test
CCOC(=O)C=C(C)C=CC[C@@H](C)CCCC(C)C,0.0,test
O=[N+]([O-])C(Br)(CO)CO,0.0,test
COc1ccc2c(c1)C(=O)N(CCc1ccc(S(=O)(=O)NC(=O)NC3CCCCC3)cc1)C(=O)C2(C)C,0.0,test
COC(C=C(C)CCC=C(C)C)OC,0.0,test
c1ccc(Sc2ccccc2)cc1,0.0,test
c1ccc2c(c1)Cc1ccccc1-2,0.0,test
CCOCCC(=O)OCC,0.0,test
CC(=O)Nc1ccccc1O,0.0,test
CON=C(C(=O)NC1C(=O)N2C(C(=O)O)=C(Cn3nnc(C)n3)CS[C@H]12)c1csc(N)n1,0.0,test
[Pd+2],0.0,test
CCO[Si](CCCSSSSCCC[Si](OCC)(OCC)OCC)(OCC)OCC,0.0,test
N[C@@H]1C[C@H]1c1ccccc1,0.0,test
C=CC(=O)OCCOC(=O)C=C,1.0,test
C[N+]1(C)CCC(OC(=O)C(O)(c2ccccc2)C2CCCC2)C1,0.0,test
NC(=O)CCCCC(N)=O,0.0,test
C[C@](N)(Cc1ccc(O)c(O)c1)C(=O)O,0.0,test
C=C(CC(=O)O)C(=O)O,0.0,test
CC(=O)N(O)CCCCCNC(=O)CCC(=O)N(O)CCCCCNC(=O)CCC(=O)N(O)CCCCCN,0.0,test
C=CC1CC=CCC1,0.0,test
CCOP(=S)(NC(C)C)Oc1ccccc1C(=O)OC(C)C,0.0,test
CSc1ccc(Cl)cc1,0.0,test
CN(CCCN1c2ccccc2CCc2ccccc21)CC(=O)c1ccc(Cl)cc1,0.0,test
O=Cc1ccccc1[N+](=O)[O-],0.0,test
COc1cc2c3cc1Oc1cc(ccc1O)C[C@@H]1c4c(cc(OC)c(O)c4Oc4ccc(cc4)C[C@@H]3N(C)CC2)CC[N+]1(C)C,0.0,test
CCOC(=O)OCC,0.0,test
O=C(O)c1ccccc1C(=O)O,0.0,test
CCCCCCCCCCCCCCCCCC(=O)OCC(CC)CCCC,0.0,test
CCOC(=O)C(F)(F)F,0.0,test
