smiles,Tox21_NR_ER,group
O[C@@H](c1cc(C(F)(F)F)nc2c(C(F)(F)F)cccc12)[C@H]1CCCCN1,1.0,training
NNc1nncc2ccccc12,1.0,training
C=C1C(=CC)c2cc3[nH]c(cc4[nH]c(cc5nc(cc1n2)C(CC)=C5C)c(C)c4CCC(=O)O)c(C=CC(=O)O)c3C,1.0,training
C=CC(=O)OC(C)(C)C,0.0,training
Cc1nc(-c2ccc(Cl)cc2)oc1COC(C)(C)C(=O)O,1.0,training
Cc1ccc(-c2cc(C(F)(F)F)nn2-c2ccc(S(N)(=O)=O)cc2)cc1,1.0,training
CCCOC(=O)c1cc(O)c(O)c(O)c1,1.0,training
CCC(=O)Oc1ccc(/C(CC)=C(\CC)c2ccc(OC(=O)CC)cc2)cc1,1.0,training
CC(=O)Nc1ccc(S(=O)(=O)Nc2ccc([N+](=O)[O-])cc2)cc1,0.0,training
Cn1sc(Cl)cc1=O,0.0,training
CC(=O)O[C@H]1CC[C@@]2(C)C(=CC[C@@H]3[C@@H]2CC[C@]2(C)C(c4cccnc4)=CC[C@@H]32)C1,1.0,training
c1csc(-c2ccc(-c3cccs3)s2)c1,1.0,training
CN(C)c1ccc(SC#N)cc1,1.0,training
O=[N+]([O-])C=Cc1ccccc1,0.0,training
C[C@@H]1C[C@H]2[C@@H]3C[C@H](F)C4=CC(=O)C=C[C@]4(C)[C@@]3(F)[C@@H](O)C[C@]2(C)[C@@]1(O)C(=O)CO,0.0,training
C=CC(=O)OCCC(=O)O,0.0,training
NC(CCC(=O)NC(CSSCC(NC(=O)CCC(N)C(=O)O)C(=O)NCC(=O)O)C(=O)NCC(=O)O)C(=O)O,1.0,training
CCCNC(C)C(=O)Nc1c(C)csc1C(=O)OC,0.0,training
COc1ccc2nc(N)sc2c1,1.0,training
CC(C)C(C(=O)OC(C#N)c1cccc(Oc2ccccc2)c1)c1ccc(Cl)cc1,1.0,training
COc1cc2c(cc1OC)C(=O)C(CC1CCN(Cc3ccccc3)CC1)C2,1.0,training
Cc1cc(C)c(S(=O)(=O)O)cc1N=Nc1cc(S(=O)(=O)O)c2ccccc2c1O,0.0,training
CCOC(=O)n1ccn(C)c1=S,0.0,training
ON=CC=NO,0.0,training
O=C(O)/C=C/C(=O)O,1.0,training
ONc1ccccc1,1.0,training
Cc1cc(OC(=O)N(C)C)nn1C(=O)N(C)C,0.0,training
Cc1noc(NS(=O)(=O)c2ccc(N)cc2)c1C,1.0,training
CCOC(=O)C(CCc1ccccc1)NC(C)C(=O)N1C(C(=O)O)C[C@@H]2CCC[C@@H]21,0.0,training
CCCN(C1CCN(C(=O)C2CCNCC2)CC1)[C@@H]1CCc2ccc(OC)cc2C1,1.0,training
CCOCCOCCOCC,1.0,training
CC(C)CCOC(=O)c1ccc(N(C)C)cc1,1.0,training
O[C@H]1[C@H]2[C@H](O)CCCN2C[C@H]1O,0.0,training
CC(O)COCC(C)O,0.0,training
O=C(O)C=Cc1ccc(C=CC(=O)O)cc1,0.0,training
COc1ccc(N)c([N+](=O)[O-])c1,0.0,training
CC(C)c1cc(C(C)C)cc(C(C)C)c1,0.0,training
C=CC(=O)OCCN(C)C,0.0,training
CC(C)(C)OC(=O)c1cccc(N)c1,1.0,training
CN1CCCN=C1COC(=O)C(O)(c1ccccc1)C1CCCCC1,0.0,training
CCCCCCCCCCCC(=O)N(CCO)CCO,0.0,training
Nc1ccc(-c2ccc(N)c(Cl)c2)cc1Cl,1.0,training
Nc1ccc(-c2ccccc2)cc1,1.0,training
NCCN,0.0,training
CCCCCCCCCOC(=O)c1ccc(O)cc1,1.0,training
C=C(C)C(=O)OCC,0.0,training
O=Cc1ccccc1,0.0,training
C[C@]12CCC(=O)C[C@@H]1CC[C@@H]1[C@@H]2CC[C@@]2(C)[C@H]1CC[C@]2(C)O,1.0,training
N=C(N)N[N+](=O)[O-],0.0,training
ClC(Br)Br,0.0,training
CN1COCN(Cc2cnc(Cl)s2)C1=N[N+](=O)[O-],0.0,training
CCN(CC)C(=O)N[C@H]1C[C@@H]2c3cccc4[nH]cc(c34)C[C@H]2N(C)C1,1.0,training
CC(C)C(=O)OCC(C)(C)C(OC(=O)C(C)C)C(C)C,1.0,training
CN(C)C(N)=NC(=N)N,0.0,training
Oc1ccc(Cc2ccccc2)cc1,1.0,training
CC(=O)O[C@H]1CC[C@H]2C3=C(C=C[C@]12C)C1=C(CC3)CC(=O)CC1,1.0,training
O=C(O)c1ccc2c(c1)C(=O)OC2=O,0.0,training
c1ccc2[nH]c(-c3cscn3)nc2c1,1.0,training
CC(C)CCC(=O)O[C@H]1CC[C@H]2[C@@H]3CC=C4CC(=O)CC[C@]4(C)[C@H]3CC[C@]12C,1.0,training
CCC(C)N(C)C(=O)c1cc2ccccc2c(-c2ccccc2Cl)n1,0.0,training
CCN(CC)CCNc1ccc(CNC=O)c2sc3ccc(OC)cc3c(=O)c12,1.0,training
Oc1oc(O)c2c1C1C=CC2C1,0.0,training
O=c1ccc2ccccc2o1,1.0,training
O=C1OC(c2ccc(O)cc2)(c2ccc(O)cc2)c2ccccc21,1.0,training
C[C@H]1O[C@@H](O[C@H]2[C@@H](O)C[C@H](O[C@H]3[C@@H](O)C[C@H](O[C@H]4CC[C@@]5(C)[C@H](CC[C@@H]6[C@@H]5C[C@@H](O)[C@]5(C)[C@@H](C7=CC(=O)OC7)CC[C@]65O)C4)O[C@@H]3C)O[C@@H]2C)C[C@H](O)[C@@H]1O,1.0,training
C[N+]1(C)[C@@H]2CC[C@H]1C[C@@H](OC(=O)C(CO)c1ccccc1)C2,1.0,training
[Ba+2],0.0,training
CC[S+](C)CC,1.0,training
C=CCOC(=O)c1ccccc1C(=O)OCC=C,0.0,training
Oc1ccc(C(=C(Cl)Cl)c2ccc(O)cc2)cc1,1.0,training
O=CC=O,1.0,training
COc1ccc(N)cc1,1.0,training
O=c1cc(-c2ccc(O)cc2)oc2cc(O)cc(O)c12,1.0,training
C=CCN(CC=C)C(=O)C(Cl)Cl,0.0,training
O=C(/C=C/C=C/c1ccc2c(c1)OCO2)N1CCCCC1,1.0,training
Cc1nc(C)c(C)nc1C,0.0,training
COc1cccc([C@@]2(O)CCCC[C@@H]2CN(C)C)c1,0.0,training
CN(Cc1ccc(C(C)(C)C)cc1)Cc1cccc2ccccc12,0.0,training
ClC(Cl)C(Cl)Cl,0.0,training
Oc1ccc(-c2ccccc2)c(Cl)c1,1.0,training
c1ccc(CN(CC2=NCCN2)c2ccccc2)cc1,0.0,training
CCCCC(CC)COC(=O)c1ccc(O)cc1,1.0,training
Nc1c(N=Nc2ccc(-c3ccc(N=Nc4cc(S(=O)(=O)O)c5ccccc5c4N)cc3)cc2)cc(S(=O)(=O)O)c2ccccc12,0.0,training
Oc1ccc2c(c1)-c1ccccc1C2,1.0,training
S=c1[nH]c2ccccc2[nH]1,0.0,training
CCN(CC)CCOCCOC(=O)C(CC)(CC)c1ccccc1,1.0,training
Cc1cc(N=Nc2ccccc2C)ccc1N,1.0,training
CCC(C)(c1ccc(O)cc1)c1ccc(O)cc1,1.0,training
c1ccc2c(c1)Cc1ccccc1-2,0.0,training
CC[Ge](Cl)(CC)CC,1.0,training
Nc1ccc(-c2ccc(F)cc2)cc1,1.0,training
Nc1nc(O)c(-c2ccccc2)o1,0.0,training
CC(C)CC(=O)CC(C)C,1.0,training
CN1[C@@H]2C[C@@H](OC(=O)C(CO)c3ccccc3)C[C@H]1[C@@H]1O[C@@H]12,1.0,training
CCc1ccc(C)cc1,0.0,training
O=C(C=Cc1ccc(O)c(O)c1)O[C@@H]1C[C@@](OC(=O)C=Cc2ccc(O)c(O)c2)(C(=O)O)C[C@@H](O)[C@@H]1O,0.0,training
CCCCCCCCCCCC,0.0,training
CCC(C)CCCC(C)(C)O,1.0,training
CC(C)COC(=O)c1ccc(O)cc1,1.0,training
c1ccc(NNc2ccccc2)cc1,1.0,training
CCOC(=O)C=Cc1ccccc1,0.0,training
COc1ccc(-c2coc3cc(O)ccc3c2=O)cc1,1.0,training
CCOP(=S)(OCC)SCSP(=S)(OCC)OCC,1.0,training
CCC(C)(C)c1ccc(O)cc1,1.0,training
CC(=O)c1ccc2c(c1)N(CCCN(C)C)c1ccccc1S2,0.0,training
CCNC(=O)C1CC(C)CCC1C(C)C,0.0,training
C=C(NC(=O)C(=C)NC(=O)c1csc(C2=NC3c4csc(n4)C4NC(=O)c5csc(n5)C(C(C)(O)C(C)O)NC(=O)C5CSC(=N5)C(=CC)NC(=O)C(C(C)O)NC(=O)c5csc(n5)C3(CC2)NC(=O)C(C)NC(=O)C(C)=NC(=O)C(C)NC(=O)C(C(C)CC)NC2C=Cc3c(C(C)O)cc(nc3C2O)C(=O)OC4C)n1)C(N)=O,0.0,training
O=C1C(=Cc2cccs2)CCCC1=Cc1cccs1,1.0,training
CCCOC(C(=O)OC1CCN(C)CC1)(c1ccccc1)c1ccccc1,0.0,training
ClCCCCBr,0.0,training
C=CCSCC1Nc2cc(Cl)c(S(N)(=O)=O)cc2S(=O)(=O)N1,1.0,training
COc1ccc(C)cc1N,0.0,training
CCCC=CC=CCC=O,0.0,training
N#CC(c1ccccc1)c1ccccc1,0.0,training
CCC(=O)Oc1ccc2c(c1)CC[C@@H]1[C@@H]2CC[C@]2(C)[C@@H](OC(=O)CC)CC[C@@H]12,1.0,training
C[C@]12CC[C@H]3[C@@H](CC=C4C(Cl)C(=O)CC[C@@]43C)[C@@H]1CC[C@@H]2O,1.0,training
Nc1ccc(O)c(C(=O)O)c1,1.0,training
C#C[C@]1(O)CC[C@H]2[C@@H]3CC=C4CC(=O)CCC4[C@H]3CC[C@@]21CC,1.0,training
O=[N+]([O-])c1ccccc1,0.0,training
CCCc1ccccc1O,0.0,training
CCN(CC)CCNC(=O)COc1ccc(OC)cc1,1.0,training
O=c1cc(-c2ccccc2)oc2cc(O)cc(O)c12,1.0,training
CCCCCC(CO)CCC,0.0,training
CC(/C=C/C=C(\C)C(=O)O[C@@H]1O[C@H](CO[C@@H]2O[C@H](CO)[C@@H](O)[C@H](O)[C@H]2O)[C@@H](O)[C@H](O)[C@H]1O)=C\C=C\C=C(C)\C=C\C=C(/C)C(=O)O[C@@H]1O[C@H](CO[C@@H]2O[C@H](CO)[C@@H](O)[C@H](O)[C@H]2O)[C@@H](O)[C@H](O)[C@H]1O,1.0,training
CNc1ccc([N+](=O)[O-])cc1,1.0,training
COC(=O)NCCC[Si](OC)(OC)OC,0.0,training
CC(C)C(=O)OCC(C)(C)C(O)C(C)C,0.0,training
C=CC(=O)OCC(CC)CCCC,0.0,training
CC(=O)CC(=O)Nc1ccc(C)cc1C,0.0,training
CC(C)(N)C#N,0.0,training
CC(NNC(=O)c1ccccc1)c1ccccc1,1.0,training
NCCc1c[nH]cn1,0.0,training
Clc1cccc(Cl)c1,0.0,training
C=C1CC[C@@]2(O)[C@H]3Cc4ccc(O)c5c4[C@@]2(CCN3CC2CC2)[C@H]1O5,1.0,training
CCCOC(=O)Cc1ccc(OCC(=O)N(CC)CC)c(OC)c1,0.0,training
Cc1cc(C(=O)NNCc2ccccc2)no1,1.0,training
C/C=C(\C)C(=O)OCCc1ccccc1,0.0,training
c1ccc(Nc2cccc3ccccc23)cc1,1.0,training
COc1ccc(Nc2ccc(OC)cc2)cc1,1.0,training
CCCCC(CC)CO[N+](=O)[O-],0.0,training
C[C@]12CC[C@@H]3C4=C(CC[C@H]3[C@@H]1CC[C@@H]2OC(=O)CCc1ccccc1)CC(=O)CC4,1.0,training
CC(C)COC(=O)OCN1C(=O)CN(CCN2CC(=O)N(COC(=O)OCC(C)C)C(=O)C2)CC1=O,0.0,training
NC(=O)CN1CC(O)CC1=O,0.0,training
C=C(C)C(=O)OCCOc1ccccc1,1.0,training
CCNCCO,1.0,training
CNC[C@H](O)[C@@H](O)[C@H](O)[C@H](O)CO,1.0,training
C=CC(C)(O)CC/C=C(\C)CC,0.0,training
C[C@]12CC[C@@H]3c4ccc(O)cc4CC[C@H]3[C@@H]1CC[C@H]2O,1.0,training
CC(C)(OOC(C)(C)c1ccccc1)c1ccccc1,1.0,training
CCCCCCCCCCCOC(=O)c1ccccc1C(=O)OCCCCCCCCCCC,1.0,training
CN=C(NC#N)NCCSCc1[nH]cnc1C,0.0,training
Cc1ccc(N(C)C)cc1,1.0,training
CNC(=O)Oc1cccc2c1OC(C)(C)C2,1.0,training
CC(C)=CCN1CC[C@]2(C)c3cc(O)ccc3C[C@H]1[C@H]2C,1.0,training
Cn1cnc2c(F)c(Nc3ccc(Br)cc3Cl)c(C(=O)NOCCO)cc21,1.0,training
CCOP(=S)(OCC)Oc1cc(-c2ccccc2)on1,1.0,training
NC1CCCCC1N,0.0,training
CCCCCCCCCCCCCCOS(=O)(=O)O,0.0,training
CN(C)C(=O)Oc1ccc[n+](C)c1,1.0,training
CSc1ccc(C=O)cc1,0.0,training
CC(=O)N(CC(O)CO)c1c(I)c(C(=O)NCC(O)CO)c(I)c(C(=O)NCC(O)CO)c1I,0.0,training
Oc1cccc(O)c1O,1.0,training
Oc1ccc(Cl)c(Cl)c1Cl,0.0,training
CC1Cc2ccccc2N1NC(=O)c1ccc(Cl)c(S(N)(=O)=O)c1,0.0,training
Cc1ccsc1C(=CCCN1CCCC(C(=O)O)C1)c1sccc1C,1.0,training
C#C[C@]1(O)CC[C@H]2[C@@H]3CCc4cc(OC)ccc4[C@H]3CC[C@@]21C,1.0,training
CCCN(CCCl)c1c([N+](=O)[O-])cc(C(F)(F)F)cc1[N+](=O)[O-],0.0,training
COc1cc2c(cc1N)oc1ccccc12,1.0,training
OC[C@@H](O)C(O)[C@H](O)CO,0.0,training
O=S(=O)(O)O,0.0,training
NC(=O)OCCCc1ccccc1,0.0,training
Cc1cc(C(C)(C)c2ccc(O)c(C)c2)ccc1O,1.0,training
C=Cc1ccc(C(C)(C)C)cc1,0.0,training
O=Nc1ccc(Nc2ccccc2)cc1,1.0,training
C=C(C)[C@@H]1CC[C@@H](C)C[C@@H]1O,0.0,training
CC(=O)Nc1ccc(OCC(O)CNC(C)C)cc1,0.0,training
COC1C(=O)C(C)C[C@H](C)C=CC=CC=C(C)[C@@H](OC)C[C@@H]2CC[C@@H](C)[C@@](O)(O2)C(=O)C(=O)N2CCCCC2C(=O)O[C@H]([C@H](C)C[C@@H]2CC[C@@H](OCCO)[C@H](OC)C2)CC(=O)C(C)=CC(C)[C@H]1O,0.0,training
C[C@@H](CO)NC(=O)C1C=C2c3cccc4[nH]cc(c34)C[C@H]2N(C)C1,0.0,training
CCCCC(O)c1ccccc1,1.0,training
FC(F)(F)C(F)(F)C(F)(F)C(F)(F)CCI,1.0,training
O=C(CS)Nc1ccccc1,1.0,training
O=C(O)Cc1ccccc1Nc1c(Cl)cccc1Cl,1.0,training
C[C@]12C[C@H]3S[C@H]3C[C@@H]1CC[C@@H]1[C@@H]2CC[C@]2(C)[C@@H](O)CC[C@@H]12,1.0,training
CCOP(=O)(Cl)Cl,0.0,training
NC(=O)NNc1ccccc1,0.0,training
C[C@@H]1O[C@@H](OC[C@H]2O[C@@H](Oc3c(-c4ccc(O)c(O)c4)oc4cc(O)cc(O)c4c3=O)[C@H](O)[C@@H](O)[C@@H]2O)[C@H](O)[C@H](O)[C@H]1O,1.0,training
O=C(O)CC(S)C(=O)O,0.0,training
C[C@]12CC[C@@H]3c4ccc(O)cc4CC[C@H]3[C@@H]1CC[C@@H]2OP(=O)(O)O,1.0,training
CC(=O)OCc1ccc2c(c1)OCO2,0.0,training
C=Cc1ccccc1,0.0,training
O=Cc1ccc([N+](=O)[O-])cc1,1.0,training
COCC(C)O,1.0,training
CCCCc1ccc2[nH]c(NC(=O)OC)nc2c1,1.0,training
O=NN(c1ccccc1)c1ccccc1,1.0,training
O=C(C=Cc1ccccc1)OCCc1ccccc1,1.0,training
OC[C@@H](O)[C@H](O)[C@H](O)[C@@H](O)CO,0.0,training
Oc1ccc(C2(c3ccc(O)cc3)CCCCC2)cc1,1.0,training
CCOC(=O)COC(=O)c1ccccc1C(=O)OCC,0.0,training
O=C=NCC1CCCC(CN=C=O)C1,0.0,training
COC(C)(OC)OC,0.0,training
OC[C@H]1OC(S)[C@H](O)[C@@H](O)[C@@H]1O,0.0,training
C=C(C)C(=O)OCCC(C)OC(=O)C(=C)C,0.0,training
C/C(=C\c1csc(C)n1)C1C[C@@H]2O[C@]2(C)CCC[C@H](C)C(O)C(C)C(=O)C(C)(C)[C@@H](O)CC(=O)O1,0.0,training
Cc1c(Cl)c(=O)oc2cc(OP(=O)(OCCCl)OCCCl)ccc12,0.0,training
CNC[C@H](O)c1ccc(O)c(O)c1,0.0,training
Oc1ccc2c(c1)OC[C@@H](N1CCC(O)(c3ccc(F)cc3)CC1)[C@H]2O,1.0,training
CCC(=O)C=Cc1ccc(OC)cc1,0.0,training
CCC(=O)Nc1cccc(N)c1,0.0,training
CCCCOC(=O)c1ccccc1C(=O)OCCCC,1.0,training
CCCCCCOC(=O)c1ccc(O)cc1,1.0,training
CCCCCCCCCCCC(C)=O,1.0,training
CCN1CCC[C@H]1CNC(=O)c1c(O)c(Cl)cc(Cl)c1OC,0.0,training
CC(C)OB(OC(C)C)OC(C)C,0.0,training
Cc1cc(NC(=O)C2C(=O)c3ccccc3S(=O)(=O)N2C)no1,0.0,training
Oc1cccc(O)c1,0.0,training
COc1ncc(F)c2nc(S(=O)(=O)Nc3c(F)cccc3F)nn12,0.0,training
CN1CCC(Nc2ncc3ncnc(Nc4ccc(F)c(Cl)c4)c3n2)CC1,0.0,training
COc1ccc(C(c2ccc(OC)cc2)C(Cl)(Cl)Cl)cc1,1.0,training
CC(C)=CCC/C(C)=C/C=C\C(C)=C\C=C\C(C)=C\C=C/C=C(C)/C=C/C=C(C)/C=C\C=C(/C)CCC=C(C)C,1.0,training
C#C[C@]1(O)C=C[C@H]2[C@@H]3CC=C4CC(=O)CCC4[C@H]3CC[C@@]21CC,1.0,training
C#C[C@]1(O)CC[C@H]2[C@@H]3CC=C4CC(=O)CCC4[C@H]3C(=C)C[C@@]21CC,1.0,training
CNc1cnn(-c2cccc(C(F)(F)F)c2)c(=O)c1Cl,1.0,training
C#CCN(C)[C@H](C)Cc1ccccc1,0.0,training
CCCN(CCC)c1c([N+](=O)[O-])cc(C(F)(F)F)cc1[N+](=O)[O-],0.0,training
C#CCOC(C(=O)OCCN(C)C)(c1ccccc1)c1ccccc1,0.0,training
NC(C(=O)NC1C(=O)N2C(C(=O)O)=C(Cl)CS[C@H]12)c1ccccc1,0.0,training
CCC(C)(C#N)/N=N/C(C)(C#N)CC,0.0,training
CCCCN(CCCC)SN(C)C(=O)Oc1cccc2c1OC(C)(C)C2,1.0,training
Cc1ccc(C#N)cc1,0.0,training
C[C@]12CC[C@@H]3c4ccc(O)cc4CC[C@H]3[C@@H]1C[C@@H](O)[C@@H]2O,1.0,training
CC(C)(C)C(=O)c1ccccc1,1.0,training
O=[N+]([O-])c1ccc2c(c1)Cc1ccccc1-2,1.0,training
CCCCCC(C=O)=Cc1ccccc1,1.0,training
CC(C)C1(C)N=C(c2nc3ccccc3cc2C(=O)O)NC1=O,0.0,training
CO[Si](OC)(OC)OC,0.0,training
CCC(C)(C)O,0.0,training
C=CC(C)(CCC=C(C)C)OC(=O)c1ccccc1,1.0,training
CC(c1ccc(O)cc1)c1ccc(O)cc1,1.0,training
Cc1ccc(N)c([N+](=O)[O-])c1,1.0,training
OC[C@H]1O[C@@H]2O[C@H]3[C@H](O)[C@@H](O)[C@@H](O[C@H]4[C@H](O)[C@@H](O)[C@@H](O[C@H]5[C@H](O)[C@@H](O)[C@@H](O[C@H]6[C@H](O)[C@@H](O)[C@@H](O[C@H]7[C@H](O)[C@@H](O)[C@@H](O[C@H]1[C@H](O)[C@H]2O)O[C@@H]7CO)O[C@@H]6CO)O[C@@H]5CO)O[C@@H]4CO)O[C@@H]3CO,1.0,training
Cc1ccc(C(C)C)cc1,0.0,training
CC(C)(N)CO,0.0,training
C(=C/c1ccccc1)\c1ccccc1,1.0,training
CCCCCCCCCCCO,0.0,training
C#C[C@]1(O)CC[C@H]2[C@@H]3[C@H](C)C=C4CC(=O)CCC4[C@H]3CC[C@@]21C,1.0,training
O=C(O)CCCCC(=O)O,0.0,training
Nc1c(Cl)c(Cl)c(Cl)c(Cl)c1Cl,0.0,training
CC1(C)O[C@@H]2[C@@H](CO[C@@]3(COS(N)(=O)=O)OC(C)(C)O[C@@H]23)O1,0.0,training
CC(Oc1cc(Cl)ccc1Cl)C(=O)O,0.0,training
CC1=CC(=O)CC(C)(C)C1=O,0.0,training
O=[N+]([O-])c1cccc(O)c1,1.0,training
CCCCOCCOP(=O)(OCCOCCCC)OCCOCCCC,0.0,training
Nc1nc(N)c2nc(-c3ccccc3)c(N)nc2n1,1.0,training
CC(=O)C(=O)CC(C)C,1.0,training
CC(=O)Oc1ccc2c(c1)CC[C@@H]1[C@@H]2CC[C@]2(C)[C@@H](O)CC[C@@H]12,1.0,training
CC/C=C/CCO,0.0,training
Nc1ccc(Oc2ccc(Cl)cc2)cc1,0.0,training
CSc1ccc(Cl)cc1,0.0,training
Cc1cccc(N)c1,0.0,training
CO,0.0,training
O=c1cc(-c2ccccc2)oc2ccc3ccccc3c12,1.0,training
CCOC(=O)C(C#N)=C(c1ccccc1)c1ccccc1,1.0,training
CCC1=CC(C)C[C@H](C)C[C@H](OC)[C@H]2O[C@@](O)(C(=O)C(=O)N3CCCCC3C(=O)O[C@H](/C(C)=C/[C@@H]3CC[C@@H](Cl)[C@H](OC)C3)[C@H](C)[C@@H](O)CC1=O)[C@H](C)C[C@@H]2OC,1.0,training
CCc1ccccc1O,0.0,training
COC(OC)OC,0.0,training
S=c1[nH]c2ccccc2s1,0.0,training
S=C=NCCc1ccccc1,1.0,training
CC(C)(C)Cl,1.0,training
O=Cc1ccc(Cl)cc1,0.0,training
CCCCCCC=O,0.0,training
CCCCCCCCCCCCCC=O,1.0,training
C[C@]12CC[C@@H]3c4ccc(O)cc4CC[C@H]3[C@@H]1CCC2=O,1.0,training
N#C/C(=C1\SCC(c2ccccc2Cl)S1)n1ccnc1,0.0,training
O=[N+]([O-])c1ccccc1CCl,0.0,training
CCCCCCC(=O)O[C@H]1CC[C@H]2[C@@H]3CC[C@H]4CC(=O)C=C(C)[C@]4(C)[C@H]3CC[C@]12C,1.0,training
ClCC(Cl)CCl,1.0,training
C=CCS(=O)(=O)O,0.0,training
CC=C(c1ccc(O)cc1)C(CC)c1ccc(O)cc1,1.0,training
CCCCCCOc1ccc(O)cc1,1.0,training
CCOc1ccccc1C(N)=O,0.0,training
O=P(O)(O)OC[C@H]1O[C@](O)(COP(=O)(O)O)[C@@H](O)[C@@H]1O,1.0,training
CCN(CC)C(=O)c1cccc(C)c1,1.0,training
C=CC(N)CCC(=O)O,0.0,training
CCCCN(CCCC)C(=O)N(CCCC)CCCC,1.0,training
Oc1ccc2c(c1)Cc1ccccc1-2,1.0,training
Cc1cccc(C#N)c1,1.0,training
O=C(C=Cc1ccccc1)OCc1ccccc1,1.0,training
O=c1c(-c2ccc(O)cc2)coc2cc(O)ccc12,1.0,training
CCCCOC(=O)CC(CC(=O)OCCCC)(OC(C)=O)C(=O)OCCCC,0.0,training
CNCc1ccccc1,0.0,training
CCCCCCCC/C=C\CCCCCCCC(=O)OCCOC(=O)CCCCCCC/C=C\CCCCCCCC,1.0,training
O=C(O)Cc1ccc(OCCNC[C@H](O)c2ccccc2)cc1,0.0,training
CCCN(CCC)C(=O)C(CCC(=O)OCCCN1CCN(CCOC(=O)Cc2c(C)n(C(=O)c3ccc(Cl)cc3)c3ccc(OC)cc23)CC1)NC(=O)c1ccccc1,1.0,training
CCCCCC1C(=O)CCC1CC(=O)OC,0.0,training
COc1ccc(C(C)=O)cc1,1.0,training
CC(C)c1cccc(O)c1,0.0,training
OCCCCCO,1.0,training
CCCCCCN,0.0,training
O=c1c(O)c(-c2ccc(O)c(O)c2)oc2cc(O)cc(O)c12,1.0,training
CC(=O)[C@@]1(O)CC[C@H]2C3=CC(Cl)=C4CC(=O)CC[C@]4(C)[C@H]3CC[C@@]21C,1.0,training
CN(C)CCC#N,0.0,training
CCOc1ccc([N+](=O)[O-])cc1,1.0,training
CC(CC(C#N)(c1ccccc1)c1ccccc1)N(C)C,0.0,training
Cc1cc(=O)n(-c2ccc(S(=O)(=O)O)cc2)[nH]1,0.0,training
NS(=O)(=O)c1ccc(Cl)c(S(N)(=O)=O)c1,0.0,training
CC(CC=O)c1ccccc1,0.0,training
Nc1ccc(Cl)cc1,0.0,training
O=C1c2ccccc2C(=O)c2cc(O)ccc21,1.0,training
C[C@]12CC[C@@H]3c4ccc(O)cc4CC[C@H]3[C@@H]1CC[C@@H]2O,1.0,training
Cc1cc(C(C)(C)c2cc(C)c(O)c(C)c2)cc(C)c1O,1.0,training
CCC(C)C(C)=O,1.0,training
CC(C)(CO)COC(=O)C(C)(C)CO,0.0,training
[O-][Cl+3]([O-])([O-])O,1.0,training
CCC1COC(=O)O1,0.0,training
C[C@H]1O[C@H](O[C@H]2[C@H](O)[C@@H](O)[C@@H](O[C@H]3[C@H](O)[C@@H](O)[C@H](O)O[C@@H]3CO)O[C@@H]2CO)[C@H](O)[C@@H](O)[C@@H]1N[C@H]1C=C(CO)[C@@H](O)[C@H](O)[C@H]1O,1.0,training
CCCCCCCc1ccc(O)cc1,1.0,training
CCCCCCCC(=O)OCCCCCC,0.0,training
CCc1cc(OC)c(C[C@H](C)N)cc1OC,0.0,training
C[C@]12CC[C@H]3[C@@H](CC=C4CC(=O)CC[C@@]43C)[C@@H]1CC[C@@H]2O,1.0,training
CC(=O)/C=C/c1ccccc1,0.0,training
CC(C)COC(=O)c1ccc(N)cc1,1.0,training
CC(CN1CC(=O)NC(=O)C1)N1CC(=O)NC(=O)C1,0.0,training
O=[N+]([O-])c1ccc2[nH]cnc2c1,0.0,training
CC(C)=CCC/C(C)=C/CO,1.0,training
CCN(CC)CCOC(=O)C(C)(c1ccccc1)c1ccccc1,0.0,training
BrC(Br)C(Br)(Br)Br,0.0,training
Nc1ccc([N+](=O)[O-])cc1N,1.0,training
CC(CCc1ccc(O)cc1)NCC(O)c1ccc(O)cc1,0.0,training
C=CC(=O)Nc1cc2c(Nc3ccc(F)c(Cl)c3)ncnc2cc1OCCCN1CCOCC1,1.0,training
CCc1nnc(NS(=O)(=O)c2ccc(N)cc2)s1,0.0,training
CC(O)(c1ccc(Cl)cc1)c1ccc(Cl)cc1,0.0,training
Cc1cccc(C)c1[N+](=O)[O-],1.0,training
O=C=NC1CCCCC1,1.0,training
C=CCCl,1.0,training
O=Cc1cc(O)ccc1Br,1.0,training
Cc1ccc2oc(=O)ccc2c1,0.0,training
CC(C)(C)OC(=O)c1ccc(O)cc1,1.0,training
C[C@]12C=CC(=O)C=C1CC[C@H]1[C@@H]3C[C@@H](O)[C@](O)(C(=O)CO)[C@@]3(C)C[C@H](O)[C@@]12F,1.0,training
CC=CC(=O)CC,0.0,training
CC(C)N=C(N)N=C(N)Nc1ccc(Cl)cc1,0.0,training
NC(=O)c1ccc[n+]([C@@H]2O[C@H](COP(=O)([O-])OP(=O)(O)OC[C@H]3O[C@@H](n4cnc5c(N)ncnc54)[C@H](O)[C@@H]3O)[C@@H](O)[C@H]2O)c1,0.0,training
CC(COCC(C)OC(=O)c1ccccc1)OC(=O)c1ccccc1,1.0,training
O=C(CCN1CCN2CCCC2C1)N1c2ccccc2Sc2ccc(Cl)cc21,0.0,training
CC(C)OC(=O)Cc1ccccc1,0.0,training
C[Si]1(C)O[Si](C)(C)O[Si](C)(C)O1,0.0,training
CC(N=C(N=c1cc[nH]cc1)NC#N)C(C)(C)C,0.0,training
O=C1c2ccccc2Cc2ccccc21,1.0,training
COc1ccc(N=[N+]([O-])c2ccc(OC)cc2)cc1,1.0,training
CC(C)COC(=O)c1ccccc1O,0.0,training
CCN(N=O)C(N)=O,0.0,training
CCCCOC(=O)c1ccccc1,1.0,training
C=CC(=O)OCC1CCCO1,0.0,training
C[N+](C)(C)C,1.0,training
COc1cc(/C=C/c2ccccc2)oc(=O)c1,1.0,training
O=C(OCCOCCO)c1ccccc1Nc1cccc(C(F)(F)F)c1,0.0,training
CCC(C(N)=O)N1CCCC1=O,1.0,training
COc1c(C)c2c(c(O)c1C/C=C(\C)CCC(=O)OCCN1CCOCC1)C(=O)OC2,1.0,training
Oc1ccc(Oc2ccccc2)cc1,1.0,training
NC(=O)OC[C@@H]1C(=NC(=O)C(NOCC(=O)O)c2csc(N)n2)C(=O)N1S(=O)(=O)O,1.0,training
N#Cc1c(Cl)cccc1Cl,0.0,training
CCCC(=O)c1cc(O)c(O)cc1O,0.0,training
C[C@@H](Cc1ccccc1)N(C)C,1.0,training
CCC(C)(C)OC(=O)NC(Cc1c[nH]c2ccccc12)C(=O)NC(CCSC)C(=O)NC(CC(=O)O)C(=O)NC(Cc1ccccc1)C(N)=O,0.0,training
CCCCCOc1ccc(-c2sc(=O)[nH]c2O)cc1OCC,0.0,training
O=P(Oc1ccccc1)(Oc1ccccc1)Oc1ccccc1,1.0,training
Nc1ccc(C(=O)O)c(O)c1,0.0,training
O=C(O)Cc1cccc(-c2cc(CCCCCCc3ccc(O[C@H]4O[C@H](CO)[C@@H](O)[C@H](O)[C@@H]4O)c(-c4cccc(CC(=O)O)c4)c3)ccc2O[C@H]2O[C@H](CO)[C@@H](O)[C@H](O)[C@@H]2O)c1,0.0,training
O=S(=O)(O)OOS(=O)(=O)O,1.0,training
COC(=O)c1ccc(CBr)cc1,1.0,training
CC(C)(C)C(=O)C(=O)O,0.0,training
CC(C)N(Cc1ccccc1)C(=O)C(C)(C)C,1.0,training
O=C(O)c1cccc(-c2noc(-c3ccccc3F)n2)c1,1.0,training
CC(=O)OC[C@H]1O[C@@](COC(C)=O)(O[C@H]2O[C@H](COC(C)=O)[C@@H](OC(C)=O)[C@H](OC(C)=O)[C@H]2OC(C)=O)[C@@H](OC(C)=O)[C@@H]1OC(C)=O,0.0,training
CCCCCCCCCCCCCCCCCCOCCO,0.0,training
CCCCCCCCCCOC(C)=O,1.0,training
Cc1cccc(C)c1NC(=O)CN1CCCCCC1,0.0,training
CCCCCCCCCCCCCCCCCC[N+](C)(C)CCC[Si](OC)(OC)OC,1.0,training
NC(=O)C(Cl)(Cl)Cl,1.0,training
CC(C)NCC(O)COc1ccc(COCCOC(C)C)cc1,0.0,training
C=CCOc1nc(OCC=C)nc(OCC=C)n1,0.0,training
OC[C@H]1O[C@H](O[C@H]2O[C@H](CO)[C@@H](O)[C@H](O)[C@H]2O)[C@H](O)[C@@H](O)[C@@H]1O,0.0,training
O=C1OCC(Cc2cccc(O)c2)C1Cc1cccc(O)c1,1.0,training
Clc1ccc(C(c2ccccc2Cl)C(Cl)Cl)cc1,1.0,training
CC(C)CC(=O)C1C(=O)c2ccccc2C1=O,0.0,training
O=S(=O)(Cl)c1c(Cl)cccc1Cl,0.0,training
C=C[C@H]1CN2CC[C@H]1C[C@H]2[C@H](OC(=O)OCC)c1ccnc2ccc(OC)cc12,1.0,training
Cc1cc2nc(N)sc2cc1C,1.0,training
II,0.0,training
O=Cc1c2ccccc2c(Cl)c2ccccc12,0.0,training
O=S(=O)(Oc1ccc(Cl)cc1Cl)c1ccccc1,1.0,training
CC(=O)c1cnccn1,0.0,training
O=C(CCc1ccc(O)cc1)c1c(O)cc(O)cc1O,1.0,training
CCOP(=S)(OCC)SCSCC,1.0,training
COc1cccc(OC)c1C(=O)NC1C(=O)N2C(C(=O)O)C(C)(C)S[C@H]12,1.0,training
O=C(O)CC(=O)O,0.0,training
CC(=O)Nc1ccc(S(N)(=O)=O)cc1,0.0,training
CCCCCCCCCO,0.0,training
Nc1ccc2cc3ccccc3cc2c1,1.0,training
NC(N)=S,0.0,training
CC(O)CCO,1.0,training
CCCSP(=S)(OCC)Oc1ccc(Cl)cc1Cl,1.0,training
O=C(CC(=O)C(F)(F)F)c1ccccc1,1.0,training
CCCCCCCCCC(=O)O[C@H]1CC[C@H]2[C@@H]3CC=C4CC(=O)CCC4[C@H]3CC[C@]12C,1.0,training
CCCCC(CC)COC(=O)CS,0.0,training
C=CCOc1cc(Cl)ccc1C(=O)NCCN(CC)CC,1.0,training
N=C(N)NCCCCN=C(N)N,1.0,training
CNC(=O)ON=C(SC)C(=O)N(C)C,1.0,training
Cc1cccc(C)c1O,0.0,training
O=[N+]([O-])c1ccc(Oc2ccc(Cl)cc2Cl)cc1,0.0,training
CO[C@@]1(NC(=O)C(C(=O)O)c2ccc(O)cc2)C(=O)N2C(C(=O)O)=C(CSc3nnnn3C)CO[C@@H]21,0.0,training
C=CCc1cc(OC)c2c(c1)OCO2,0.0,training
CCc1c(C(=O)NN2CCCCC2)nn(-c2ccc(Cl)cc2Cl)c1-c1ccc(Br)cc1,1.0,training
C[C@H]1O[C@@H](n2cc(F)c(=O)[nH]c2=O)[C@H](O)[C@@H]1O,1.0,training
CCN(CC)C(=O)N[C@@H]1C=C2c3cccc4[nH]cc(c34)C[C@@H]2N(C)C1,0.0,training
COc1cc(OC)nc(Sc2cccc(Cl)c2C(=O)O)n1,0.0,training
CCCCC(CC)COC(=O)CCCCC(=O)OCC(CC)CCCC,0.0,training
COc1cc(S(=O)(=O)Nc2ccccc2)c(OC)cc1N,0.0,training
C[C@]12CCC(=O)C[C@@H]1CC[C@@H]1[C@@H]2CC[C@]2(C)C=CC[C@@H]12,1.0,training
C=CCn1cc[n+](C)c1,0.0,training
Oc1ccc2cc(SSc3ccc4cc(O)ccc4c3)ccc2c1,1.0,training
CCCCC(CC)COCCC#N,0.0,training
CC(=NO)C(C)=NO,0.0,training
Oc1ccc(C(c2ccc(O)cc2)(C(F)(F)F)C(F)(F)F)cc1,1.0,training
CCCCCCCCCCCCCCCC[N+](C)(C)C,1.0,training
Cc1cc(O)c(Cl)cc1C,0.0,training
COc1ccc(-c2coc3cc(O)cc(O)c3c2=O)cc1,1.0,training
CC(=O)OCC(=O)[C@@]1(O)CC[C@H]2[C@@H]3CC=C4CC(=O)C=C[C@]4(C)[C@H]3[C@@H](O)C[C@@]21C,1.0,training
CCc1cccc(N(C)C(=N)Nc2cccc3ccccc23)c1,0.0,training
CCNC(C)Cc1ccc2c(c1)OCO2,0.0,training
CCOP(=S)(Oc1ccc([N+](=O)[O-])cc1)c1ccccc1,1.0,training
CC(C)(c1cc(Cl)c(O)c(Cl)c1)c1cc(Cl)c(O)c(Cl)c1,1.0,training
CCC(Cl)CC(Cl)C(Cl)C(Cl)C(Cl)C(C)Cl,1.0,training
Cc1ccc2c(c1[N+](=O)[O-])C(=O)c1ccccc1C2=O,1.0,training
Cc1ccccc1CCl,0.0,training
OCC(CO)N[C@H]1C[C@](O)(CO)[C@@H](O)[C@H](O)[C@H]1O,0.0,training
CC(=O)c1ccc2c(c1)Cc1ccccc1-2,1.0,training
CCN(CC)N=O,1.0,training
Cc1ccc2c(c1)C(=O)c1ccccc1C2=O,1.0,training
CCCCCCC(C=O)=Cc1ccccc1,1.0,training
Cc1ccc(S(=O)(=O)NC(=O)NN2CC3CCCC3C2)cc1,0.0,training
Cc1cc(C)cc(OCC2CNC(=O)O2)c1,0.0,training
S=C1SCN(Cc2ccccc2)CN1Cc1ccccc1,1.0,training
Nc1ccc2c(c1)Cc1ccccc1-2,1.0,training
CCCCCCCCCCCCCCCCOP(=O)([O-])OCC[N+](C)(C)C,0.0,training
CCOc1ccc2nc(N)sc2c1,1.0,training
C[C@]12CCC(=O)C[C@@H]1CC[C@@H]1[C@@H]2CC[C@]2(C)[C@@H](O)CC[C@@H]12,1.0,training
CCS(=O)(=O)CCn1c([N+](=O)[O-])cnc1C,1.0,training
CCOP(=S)(OCC)O/N=C(\C#N)c1ccccc1,1.0,training
O=Cc1ccccc1C=O,1.0,training
CC1CCCC1,0.0,training
C=C[Si](OC(C)=O)(OC(C)=O)OC(C)=O,0.0,training
CCCCC(CC)COC(=O)c1ccccc1C(=O)O,0.0,training
O=C(CC(=O)c1ccccc1)c1ccccc1,1.0,training
CC(C)CC(NC(=O)OCC1c2ccccc2-c2ccccc21)C(=O)O,1.0,training
O=C(Nc1ccc([N+](=O)[O-])cc1)Nc1ccc([N+](=O)[O-])cc1,1.0,training
CC(C)(CO)C(O)C(=O)NCCCO,0.0,training
CC(C)C[C@H](CN)CC(=O)O,1.0,training
CC(C)(C)c1ccc(O)c(O)c1,1.0,training
NC(Cc1c[nH]c2ccc(O)cc12)C(=O)O,0.0,training
CCCCOC(=O)CC,0.0,training
CCOc1ccc(N=Nc2ccc(N)cc2N)cc1,1.0,training
COP(=O)(OC)Oc1ccc([N+](=O)[O-])cc1,0.0,training
CC(C)Oc1ccc2c(=O)c(-c3ccccc3)coc2c1,1.0,training
[O-][N+](=Nc1ccccc1)c1ccccc1,1.0,training
CCc1ccc(O)c(C(C)(C)C)c1,1.0,training
COC(=O)C1(O)c2ccccc2-c2ccccc21,0.0,training
Oc1ccc(C(c2ccc(O)cc2)C(Cl)(Cl)Cl)cc1,1.0,training
NCCc1ccc(O)cc1,1.0,training
CCC1(CC)C(=O)NC(=O)N(C)C1=O,0.0,training
CCCCCCCC/C=C\CCCCCCCC(=O)OCCCC,0.0,training
CC[C@H]1C[C@H]2[C@@H]3CC=C4CC(=O)CCC4[C@H]3CC[C@]2(C)[C@H]1O,1.0,training
Cc1cccc([N+](=O)[O-])c1C(=O)O,0.0,training
CC(C)CC=C(C=O)c1ccccc1,1.0,training
C[C@@H]1C[C@H]2[C@@H]3CC=C4CC(=O)C=C[C@]4(C)[C@@]3(F)[C@@H](O)C[C@]2(C)C1C(=O)CO,0.0,training
c1ccc(B(c2ccccc2)c2ccccc2)cc1,1.0,training
COc1ccc(Br)c(C)c1,0.0,training
CCC(C)(CN(C)C)OC(=O)c1ccccc1,1.0,training
CN(C)c1ccc(N)cc1,1.0,training
N#CSc1ccc(N)c([N+](=O)[O-])c1,0.0,training
CCCCCCC(O)CCCCCCCCCCC(=O)O,0.0,training
Oc1ccc2ccc3cccc4ccc1c2c34,1.0,training
Oc1ccc(Cc2ccc(O)cc2)cc1,1.0,training
O=C(O)COc1ccc(Cl)cc1Cl,0.0,training
CCCCC/C=C\CCC=O,0.0,training
CC(C)(C)c1ccccc1,0.0,training
CN(C)N,0.0,training
Cn1c(=O)c2c(ncn2CC(O)CO)n(C)c1=O,0.0,training
CCCCCCCCCCOS(=O)(=O)O,0.0,training
CCCCCC[C@@H](O)C/C=C\CCCCCCCC(=O)O,0.0,training
Cc1ccc(OP(=O)(Oc2ccccc2)Oc2ccccc2)cc1,1.0,training
CC(=O)Nc1cccc(N)c1,0.0,training
O=C1c2cccc(O)c2C(=O)c2c(O)cccc21,1.0,training
CCN1CCCC1=O,0.0,training
CC1(N)CCC(C(C)(C)N)CC1,1.0,training
CCC(=O)OCc1ccc(OC)cc1,0.0,training
C=C(C)C(=O)OCCOC(=O)C(=C)C,0.0,training
CC(C)(COP(=O)(O)OP(=O)(O)OC[C@H]1O[C@@H](n2cnc3c(N)ncnc32)[C@H](O)[C@@H]1OP(=O)(O)O)C(O)C(=O)NCCC(=O)NCCS,1.0,training
Nc1nc(Cl)nc2c1ncn2[C@H]1C[C@H](O)[C@@H](CO)O1,1.0,training
CN1CC(=O)N2C(Cc3c([nH]c4ccccc34)[C@H]2c2ccc3c(c2)OCO3)C1=O,0.0,training
CCOC(=O)CS,0.0,training
CC(C)CC(=O)O,0.0,training
NC(=O)c1cccc([N+](=O)[O-])c1,0.0,training
NC(=O)Nc1nc2ccccc2[nH]1,0.0,training
CC=C1C(=O)C[C@H]2[C@@H]3CC=C4CC(=O)CC[C@]4(C)[C@H]3CC[C@]12C,1.0,training
CCNC(C)Cc1cccc(C(F)(F)F)c1,0.0,training
Cc1ccc(O)cc1C,0.0,training
CCCCCCCO,0.0,training
O=[N+]([O-])c1cccc(Cl)c1,0.0,training
C#C[C@]1(OC(C)=O)CC[C@H]2[C@@H]3CC=C4CC(=O)CCC4[C@H]3CC[C@@]21C,1.0,training
CCCSC(=O)Cl,0.0,training
CCC(Cl)CCl,0.0,training
CC=CC=CC=O,0.0,training
Clc1ccc(C(c2ccc(Cl)cc2)C(Cl)(Cl)Cl)cc1,1.0,training
COc1ccc(CN2CCN(C(c3ccc(F)cc3)c3ccc(F)cc3)CC2)c(OC)c1OC,0.0,training
C(=Cc1ccncc1)c1ccccc1,1.0,training
CN(C)c1ccc(/C=C/c2ccc([N+](=O)[O-])cc2)cc1,1.0,training
CCCCCCCCCCCCCCCCCC(=O)OCCCCCCCCCCCCCC(C)C,1.0,training
CCCC(=O)OCCc1ccccc1,0.0,training
O=[PH](Oc1ccccc1)Oc1ccccc1,1.0,training
CC(C)(C)c1ccc(O)cc1,0.0,training
CN1CCOC(c2ccccc2)c2ccccc2C1,1.0,training
COP(=S)(OC)Oc1ccc(S(=O)(=O)N(C)C)cc1,0.0,training
CC[N+](CC)(CC(=O)Nc1c(C)cccc1C)Cc1ccccc1,0.0,training
C=CCC1(C(C)CCC)C(=O)NC(=S)NC1=O,0.0,training
CCCCCCCCC(=O)O,0.0,training
Cc1ccc(S(=O)(=O)O)cc1C,0.0,training
CN1[C@H]2CC[C@@H]1C(C(=O)O)[C@@H](OC(=O)c1ccccc1)C2,0.0,training
CCCCC(CC)COC(C)=O,1.0,training
CCCCCCCCCCCCOS(=O)(=O)O,0.0,training
CC1(C)O[C@H]2CC(=O)OC[C@]23[C@H]2CC[C@@]4(C)[C@H](c5ccoc5)OC(=O)C5O[C@]54[C@]2(C)C(=O)C[C@@H]13,1.0,training
CCC(=O)O[C@]1(C(=O)CCl)[C@@H](C)C[C@H]2[C@@H]3C[C@H](F)C4=CC(=O)C=C[C@]4(C)[C@@]3(F)[C@@H](O)C[C@@]21C,0.0,training
CCN(CC)CCOc1ccc2nc(N(C)C)sc2c1,1.0,training
CC[N+]1(CCOC(=O)C(O)(c2ccccc2)c2ccccc2)CCCCC1,1.0,training
CCC(C(=O)NC(=O)NC(C)=O)c1ccccc1,0.0,training
OCCOCCOCCOCCO,0.0,training
CCCCOC(=O)c1ccccc1C(=O)OCc1ccccc1,1.0,training
Cl[Sn](Cl)(Cl)Cl,0.0,training
CC(=O)N1C[C@H](O)CC1C(=O)O,1.0,training
CC(=O)C=Cc1ccccc1,1.0,training
CCOS(=O)(=O)OCC,0.0,training
Cc1c(N(C)CS(=O)(=O)O)c(=O)n(-c2ccccc2)n1C,1.0,training
C=CCOc1ccc(CC(=O)O)cc1Cl,1.0,training
Cc1ccc2c(c1)C(=O)OC2=O,0.0,training
Clc1ccc(C(c2ccccc2Cl)C(Cl)(Cl)Cl)cc1,1.0,training
CCCCCCCCCCCCCCCCO,0.0,training
CCCCCOC(=O)c1ccc(O)cc1,1.0,training
CC(C)(C1CCC(O)CC1)C1CCC(O)CC1,1.0,training
CCC(C)(C)OC,1.0,training
CCC1CO1,1.0,training
CC(=O)NCc1c(I)c(NC(C)=O)c(I)c(C(=O)O)c1I,1.0,training
CC(C)(c1cc(Br)c(O)c(Br)c1)c1cc(Br)c(O)c(Br)c1,0.0,training
CC(c1ccc(O)cc1)(c1ccc(O)cc1)c1ccc(O)cc1,1.0,training
C=C(Cl)Cl,0.0,training
CC/C(=C(/CC)c1ccc(OP(=O)(O)O)cc1)c1ccc(OP(=O)(O)O)cc1,1.0,training
C=Cc1ccccc1C=C,0.0,training
CC(C)(S)C(=O)NC(CS)C(=O)O,0.0,training
C#C[C@]1(O)CC[C@H]2C3=C(C=C[C@@]21CC)C1=C(CC3)CC(=O)CC1,1.0,training
COc1ccc([N+](=O)[O-])cc1N,0.0,training
NC(=O)N(O)[C@@H]1C=C[C@H](Oc2cccc(Oc3ccc(F)cc3)c2)C1,1.0,training
Nc1nc(=S)c2[nH]cnc2[nH]1,1.0,training
Cc1ccc2c(c1)c1c3n2CCNC3CCC1,0.0,training
CCCCCCCCCCCCCC,0.0,training
O=C(O)c1ccc(C(=O)O)c(C(=O)O)c1,0.0,training
C=CC(C)(CCC=C(C)C)OC(=O)C=Cc1ccccc1,1.0,training
C=CCN1CCCC1CNC(=O)c1cc(S(N)(=O)=O)cc(OC)c1OC,0.0,training
CCCC(=O)OC(C)(C)Cc1ccccc1,0.0,training
O=C(Cn1c(=O)sc2ccc(Cl)cc21)N1CCN(CCO)CC1,0.0,training
CC(Cl)CCl,0.0,training
O=C(O)c1cc(N=Nc2ccc([N+](=O)[O-])cc2)ccc1O,1.0,training
C#C[C@]1(OC(C)=O)CC[C@H]2[C@@H]3CCC4=CC(=NO)CC[C@@H]4[C@H]3CC[C@@]21CC,1.0,training
CC1=C(/C=C/C(C)=C/C=C/C(C)=C/C=C\C=C(C)\C=C\C=C(C)\C=C\C2=C(C)C(=O)CCC2(C)C)C(C)(C)CCC1=O,1.0,training
CC(C(=O)O)c1ccc(-c2ccccc2)c(F)c1,1.0,training
COCCCOCCCOC,0.0,training
CCCCCCCCCCCCCC(=O)O,0.0,training
O=c1oc2cc(O)ccc2c2oc3cc(O)ccc3c12,1.0,training
C=C(C)C1CCC(C)(O)CC1,0.0,training
CCCCCCOc1ccc(N)cc1,1.0,training
CC(=O)OC(C)C(=O)OCC[N+](C)(C)C,1.0,training
CSCCCN=C=S,0.0,training
Oc1ccc(-c2ccc(O)cc2)cc1,1.0,training
O=Cc1cccc([N+](=O)[O-])c1,0.0,training
O=c1[nH]oc2c1CCNC2,0.0,training
COc1cc2nc(N3CCN(C(=O)C4COc5ccccc5O4)CC3)nc(N)c2cc1OC,0.0,training
CCCCCCCCCOS(=O)(=O)O,1.0,training
Oc1ccc(O)cc1,0.0,training
CCC(C)C(=O)O,0.0,training
CS(=O)(=O)Nc1cc2occ(NC=O)c(=O)c2cc1Oc1ccccc1,0.0,training
Cc1cn([C@H]2C[C@H](N=[N+]=[N-])[C@@H](CO)O2)c(=O)[nH]c1=O,1.0,training
O=C(Cl)c1c(Cl)cccc1Cl,0.0,training
Cc1nc2ccccc2s1,0.0,training
OC[C@H]1OC(O)[C@H](O)[C@@H](O)[C@@H]1O,0.0,training
Nc1nc2ccc(OC(F)(F)F)cc2s1,1.0,training
C[n+]1ccn(CCO)c1,0.0,training
CC(Cc1ccccc1)NCc1ccccc1Cl,1.0,training
CCCCCCBr,0.0,training
NC(=O)Oc1ccc(Cc2ccccc2)cc1,1.0,training
CCOP(=O)(OCC)Oc1ccc([N+](=O)[O-])cc1,0.0,training
CCBr,0.0,training
CCNCC(O)c1cccc(O)c1,0.0,training
O=C(O)c1cc(Br)c(O)c(Br)c1,0.0,training
CCCOC(=O)c1ccc(O)cc1,1.0,training
Cc1c(C(=O)NCCO)[n+]([O-])c2ccccc2[n+]1[O-],0.0,training
C=CC(=O)OCCO,1.0,training
Nc1ccc(N=Nc2ccccc2)cc1,1.0,training
O=C(OCCCCCCOC(=O)c1ccccc1)c1ccccc1,1.0,training
CC(C)(O)CCc1ccccc1,0.0,training
S=P(N1CC1)(N1CC1)N1CC1,0.0,training
CC(=O)O[C@]1(C(C)=O)CC[C@H]2[C@@H]3CC=C4CC(=O)CC[C@]4(C)[C@@]3(F)[C@@H](O)C[C@@]21C,1.0,training
C=C[C@H]1CN2CCC1C[C@@H]2[C@@H](O)c1ccnc2ccc(OC)cc12,1.0,training
CN(C)C(=O)CCSC(SCCC(=O)O)c1cccc(/C=C/c2ccc3ccc(Cl)cc3n2)c1,1.0,training
Clc1cccc(Cl)c1Cl,0.0,training
CN(C)c1ccc(C=O)cc1,1.0,training
CCCCOCCO,0.0,training
CC(C(=O)O)c1ccc(C2CCCCC2)c2ccccc12,0.0,training
Cc1ccc([N+](=O)[O-])c([N+](=O)[O-])c1,0.0,training
CCCCCCCCC(=O)Cl,0.0,training
Clc1ccc(C(Cl)(Cl)Cl)cc1,1.0,training
O=C(O)c1c(Cl)ccc(Cl)c1Cl,0.0,training
Cn1cnc2c1c(=O)[nH]c(=O)n2C,0.0,training
CC[C@H](c1ccc(O)cc1)[C@@H](CC)c1ccc(O)cc1,1.0,training
CCCCOC(=O)CCCCCCCCC(=O)OCCCC,0.0,training
CCOP(=S)(OCC)SC(CCl)N1C(=O)c2ccccc2C1=O,1.0,training
Nc1cc([N+](=O)[O-])ccc1C(=O)O,1.0,training
CCOC(=O)c1ccc(OC(=O)CCCCCN=C(N)N)cc1,1.0,training
COP(=S)(OC)Oc1ccc(SC)c(C)c1,1.0,training
CCCCN(CCCC)C(=S)S,0.0,training
CCCCOC(=O)CCC(=O)OCCCC,1.0,training
CCCCOC(=O)CCCCCCCC(=O)OCCCC,0.0,training
CCCBr,0.0,training
Cc1ccc(S(=O)(=O)NC(=O)NN2CCCCCC2)cc1,1.0,training
C#C[C@]1(O)CC[C@H]2[C@@H]3CCc4cc(OC5CCCC5)ccc4[C@H]3CC[C@@]21C,1.0,training
C[C@]12C=CC(=O)C=C1CC[C@@H]1[C@@H]2CC[C@@]2(C)[C@H]1CC[C@]2(C)O,1.0,training
O=C(O)CCCl,0.0,training
CCCCCCCCCCCCCCCCCC(=O)OCC(CC)CCCC,0.0,training
CCC1CCC(CCC(=O)O)C1,1.0,training
Nc1ncc([N+](=O)[O-])s1,1.0,training
CS(=O)(=O)OCCCCOS(C)(=O)=O,1.0,training
CN(C)P(=O)(N(C)C)N(C)C,0.0,training
NCC(O)c1cccc(O)c1,0.0,training
N#CCCl,1.0,training
CNC(=O)N(C)c1nc2ccccc2s1,1.0,training
Oc1ccc(C2CNCCc3c2cc(O)c(O)c3Cl)cc1,1.0,training
N#Cc1cccc(C#N)c1,0.0,training
CC1OC(=O)C(=O)C1C,0.0,training
O=C(OCc1ccccc1)c1ccccc1O,1.0,training
CC(=O)CCC(C)=O,0.0,training
Cc1c([N+](=O)[O-])cccc1[N+](=O)[O-],0.0,training
CCCCCCCCCCCCc1ccc(O)cc1,1.0,training
COc1cc(OC)nc(NC(=O)NS(=O)(=O)c2ncccc2C(=O)N(C)C)n1,0.0,training
COc1ccc(C=O)cc1OC,1.0,training
O=C(O)Cc1cc(I)c(Oc2ccc(O)c(I)c2)c(I)c1,1.0,training
COP(=S)(NC(C)C)Oc1ccc(C)cc1[N+](=O)[O-],1.0,training
CCCCCC(=O)OCCc1ccccc1,0.0,training
CCC(C)OC(=O)c1ccc(O)cc1,1.0,training
C#N,1.0,training
CCCCC[C@H](O)/C=C/[C@@H]1[C@@H](C/C=C\CCCC(=O)O)[C@@H](O)C[C@H]1O,1.0,training
CC1=CCC(=C(C)C)CC1,1.0,training
OCCOCCOCCOCCOCCO,0.0,training
CC(=O)Nc1ccc2c(c1)Cc1cc(NC(C)=O)ccc1-2,1.0,training
BrCc1cccc(Oc2ccccc2)c1,1.0,training
O=[N+]([O-])c1cccc(Cl)c1Cl,0.0,training
C[C@]12CC[C@@H]3c4ccc(OS(=O)(=O)O)cc4CC[C@H]3[C@@H]1CCC2=O,1.0,training
CC(C)Oc1ccccc1O,0.0,training
CC(=O)OCC(=O)[C@@]1(O)CC[C@H]2[C@@H]3CC=C4CC(=O)CC[C@]4(C)C3=CC[C@@]21C,1.0,training
Cc1ccn2nc(S(=O)(=O)Nc3c(F)cccc3F)nc2n1,0.0,training
O=P(O)(O)Oc1ccccc1,0.0,training
CCOC(=O)C(CCc1ccccc1)NC1CCCN2CCCC(C(=O)O)N2C1=O,0.0,training
O=S(=O)(O)OC[C@H]1O[C@@](COS(=O)(=O)O)(O[C@H]2O[C@H](COS(=O)(=O)O)[C@@H](OS(=O)(=O)O)[C@H](OS(=O)(=O)O)[C@H]2OS(=O)(=O)O)[C@@H](OS(=O)(=O)O)[C@@H]1OS(=O)(=O)O,1.0,training
CCCC(=O)CC,1.0,training
IC(I)I,1.0,training
COc1cc2[nH]c(C)c(CCN3CCN(c4ccccc4)CC3)c2cc1OC,0.0,training
Oc1ccc(N=Nc2ccccc2)cc1,1.0,training
CC(C)(C)CC(C)(C)c1ccc(O)cc1,1.0,training
O=c1c(-c2ccc(O)cc2)coc2cc(O)cc(O)c12,1.0,training
C=C(C)C(=O)OCCOC1CC2CC1C1C=CCC21,0.0,training
C=CC(=O)OCCCCCC(C)C,1.0,training
CC(=O)OCC(=O)NCCCOc1cccc(CN2CCCCC2)c1,1.0,training
Oc1cccc(Nc2ccccc2)c1,1.0,training
CC(C)CCCCCCc1ccc(O)cc1,1.0,training
C=CC(=O)OCCOC(=O)C=C,1.0,training
CC(=O)CC(=O)Nc1ccccc1,1.0,training
COc1cc(CCN)c(OC)cc1Br,0.0,training
Nc1cccc(Cl)c1,0.0,training
Clc1cc(Cl)c2c(c1)N=C1CCCCCN1C2,1.0,training
Cc1ncc(C[n+]2csc(CCOP(=O)(O)O)c2C)c(N)n1,0.0,training
CN1CCN(CC(=O)N2c3ccccc3C(=O)Nc3cccnc32)CC1,0.0,training
O=c1c(O)c(-c2ccc(O)cc2)oc2cc(O)cc(O)c12,1.0,training
CO[C@@H]1[C@@H](O[C@@H]2O[C@H](C)[C@@H](O[C@H]3C[C@@](C)(O)[C@@H](OC(=O)CC(C)C)[C@H](C)O3)[C@H](N(C)C)[C@H]2O)[C@@H](CC=O)C[C@@H](C)[C@@H](O)C=CC=CC[C@@H](C)OC(=O)C[C@H]1O,1.0,training
CCOC(=O)Cc1ccc(-c2ccccc2)cc1,0.0,training
C=C[C@H]1CN2CC[C@H]1C[C@H]2[C@H](O)c1ccnc2ccc(OC)cc12,1.0,training
C[C@]12CC[C@@H]3c4ccc(OC(=O)c5ccccc5)cc4CC[C@H]3[C@@H]1CC[C@@H]2O,1.0,training
OC12N=C(c3ccccc3)SC1Cc1cc(Cl)ccc12,1.0,training
CNCC(O)c1ccc(O)cc1,0.0,training
ClC1C(Cl)C(Cl)C(Cl)C(Cl)C1Cl,1.0,training
O=[N+]([O-])c1cccc(S(=O)(=O)O)c1,0.0,training
CCOC(=O)Nc1ccc2c(c1)N(C(=O)CN(C)C)c1ccccc1CC2,0.0,training
CC(=O)OCC(COC(C)=O)OC(C)=O,1.0,training
CCOC(=O)c1ccc(O)cc1,1.0,training
C[C@]12CC[C@H](O)C[C@H]1CC[C@@H]1[C@@H]2CC[C@]2(C)[C@@H](c3ccc(=O)oc3)C[C@H]3O[C@]132,1.0,training
O=C(O)CCCCCCCCCCC(=O)O,1.0,training
CCC(CC)Nc1c([N+](=O)[O-])cc(C)c(C)c1[N+](=O)[O-],1.0,training
Nc1ncnc(Nc2ccc(Cl)cc2)n1,1.0,training
Nc1ccc(N=Nc2ccccc2)c(N)c1,1.0,training
CCCCCCc1ccc(N)cc1,1.0,training
CC(=O)OCC(=O)[C@@]12N=C(C)O[C@@H]1C[C@H]1[C@@H]3CC=C4CC(=O)C=C[C@]4(C)[C@H]3[C@@H](O)C[C@@]12C,1.0,training
C[C@]1(O)CC[C@H]2[C@@H]3CC=C4CC(=O)CC[C@]4(C)[C@@]3(F)[C@@H](O)C[C@@]21C,1.0,training
Cc1cc(C)nc(NS(=O)(=O)c2ccc(N)cc2)n1,1.0,training
Cc1ccc(C)c(N)c1,1.0,training
NNCCc1ccccc1,1.0,training
CC(C)[N+](C)(CCC(C(N)=O)(c1ccccc1)c1ccccc1)C(C)C,0.0,training
Cc1ccccc1S(N)(=O)=O,0.0,training
CC(C)(c1ccccc1)c1ccccc1,0.0,training
COc1ccc(NC(C)=O)cc1,1.0,training
C=CCOC(=O)COCCC(C)C,0.0,training
Cc1ccc(N)c(N)c1,1.0,training
O=C(O)c1nn(Cc2ccc(Cl)cc2Cl)c2ccccc12,1.0,training
Cc1cc(NC(=O)C(=O)O)cc(C)c1Oc1ccc(O)c2c1CCC2,1.0,training
C[Si](C)(C)O[Si](O)(O)O,0.0,training
CCOC(=O)CC(O)(CC(=O)OCC)C(=O)OCC,0.0,training
OCC=Cc1ccccc1,1.0,training
NC(=O)CCCCC1CCSS1,1.0,training
CC(C)=CC(=O)O,1.0,training
Cc1cnc(NC(=O)C2C(=O)c3ccccc3S(=O)(=O)N2C)s1,1.0,training
COCc1c(-c2ccc(F)cc2)c(=CC[C@@H](O)C[C@@H](O)CC(=O)O)c(C(C)C)nc1=C(C)C,1.0,training
CC1(C)C(=O)N(Cl)C(=O)N1Cl,1.0,training
COc1c(N2CCNC(C)C2)c(F)cc2c(=O)c(C(=O)O)cn(C3CC3)c12,1.0,training
CCCCCCC(=O)O[C@H]1CC[C@H]2[C@@H]3CCc4cc(O)ccc4[C@H]3CC[C@]12C,1.0,training
C#C[C@]1(O)CC[C@H]2[C@@H]3CCc4cc(O)ccc4[C@H]3CC[C@@]21C,1.0,training
CCCCCCCCCC(=O)OC,0.0,training
COc1ccc(NC(C)=O)cc1N,1.0,training
Cc1c(O)c(=O)ccn1C,0.0,training
Cc1ccc(S(=O)(=O)NCl)cc1,0.0,training
CN[C@@H](C)[C@H](O)c1ccccc1,1.0,training
CC(C)NC(C)Cc1ccc(I)cc1,1.0,training
CCCCCCCCCC(=O)O[C@H]1CC[C@H]2[C@@H]3CC=C4CC(=O)CC[C@]4(C)[C@H]3CC[C@]12C,1.0,training
CCCCC(CC)COC(=O)c1ccc(C(=O)OCC(CC)CCCC)c(C(=O)OCC(CC)CCCC)c1,1.0,training
On1nnc2ccccc21,0.0,training
OC[C@@H](O)[C@@H](O[C@@H]1O[C@H](CO)[C@H](O)[C@H](O)[C@H]1O)[C@H](O)[C@@H](O)CO,1.0,training
CC(C)(CO)[N+](=O)[O-],1.0,training
CC(=O)[C@@]1(O)CC[C@H]2[C@@H]3CC=C4CC(=O)CC[C@]4(C)[C@H]3CC[C@@]21C,1.0,training
CCCCCCCCc1ccc(O)cc1,1.0,training
C#C[C@]1(OC(=O)CCCCCC)CC[C@H]2[C@@H]3CC=C4CC(=O)CCC4[C@H]3CC[C@@]21C,1.0,training
CCC(C)NC(N)=O,0.0,training
O=C(NC(=O)c1c(F)cccc1F)Nc1ccc(Cl)cc1,1.0,training
Cc1ccc2nc(-c3ccc(N)cc3)sc2c1S(=O)(=O)O,1.0,training
C=C1[C@H]2CC[C@@H]3[C@H]2C(C)(C)CCC[C@]13C,0.0,training
CCCCOC(=O)c1ccc(O)cc1,1.0,training
CCCCOC(=O)CCCCC(=O)OCCCC,0.0,training
CN(C)CCc1ccc(O)cc1,0.0,training
CCN(CCC#N)c1ccc(N=Nc2c(Cl)cc([N+](=O)[O-])cc2Cl)cc1,0.0,training
CC1(C)S[C@@H]2C(NC(=O)C(NC(=O)N3CCN(S(C)(=O)=O)C3=O)c3ccccc3)C(=O)N2C1C(=O)O,1.0,training
c1ccc([Bi](c2ccccc2)c2ccccc2)cc1,1.0,training
COC(=O)Nc1nc2cc(Sc3ccccc3)ccc2[nH]1,1.0,training
CC(C)(C)NCC(O)c1cc(O)cc(O)c1,0.0,training
O=C(O)c1cc2cc(Cc3cccnc3)ccc2o1,1.0,training
CC(=O)C1CC[C@H]2[C@@H]3CC=C4C[C@@H](O)CC[C@]4(C)[C@H]3CC[C@]12C,1.0,training
CC(O)CN(CC(C)O)CC(C)O,1.0,training
C[C@@H]1C[C@H]2[C@@H]3CC=C4CC(=O)C=C[C@]4(C)[C@@]3(F)[C@@H](O)C[C@]2(C)[C@@]1(O)C(=O)COP(=O)(O)O,1.0,training
C1=CC2C3C=CC(C3)C2C1,0.0,training
Cc1ccc(C)c(C)c1,0.0,training
C=CC(=O)O,0.0,training
CC(C)COC(=O)c1ccccc1C(=O)OCC(C)C,1.0,training
CCC(=O)O[C@H]1CC[C@H]2[C@@H]3CCc4cc(O)ccc4[C@H]3CC[C@]12C,1.0,training
O=[N+]([O-])OCC(CO[N+](=O)[O-])(CO[N+](=O)[O-])CO[N+](=O)[O-],0.0,training
CCC(N)(CO)CO,0.0,training
CCc1c(C)[nH]c2c1C(=O)C(CN1CCOCC1)CC2,0.0,training
Oc1ccc(-c2ccccc2)cc1,1.0,training
OC(c1ccccc1)(c1ccccc1)C1CCNCC1,0.0,training
Oc1ccc(Cc2ccccc2O)cc1,1.0,training
CN(C)CCC(c1ccccc1)c1ccccn1,1.0,training
C[C@]12CC(C=O)C(=O)C[C@@H]1CC[C@@H]1[C@@H]2CC[C@@]2(C)[C@H]1CC[C@]2(C)O,1.0,training
CC(CCC(=O)O)(c1ccc(O)cc1)c1ccc(O)cc1,1.0,training
CCN(CC)C(=O)C1C=C2c3cccc4[nH]cc(c34)C[C@H]2N(C)C1,1.0,training
Cn1c(=O)c2[nH]cnc2n(C)c1=O,1.0,training
CC=C(CC)C(=O)NC(N)=O,1.0,training
CC(=O)Nc1ccc(C)cc1C,0.0,training
c1ccc([C@H]2CN3CCSC3=N2)cc1,1.0,training
Cc1ccccc1OP(=O)(Oc1ccccc1C)Oc1ccccc1C,1.0,training
CC1CCC2CC1C2(C)C,1.0,training
CC(C)(O)c1ccccc1,0.0,training
CCCCCC/C=C/CCCCCCCC(=O)O,1.0,training
CC(=O)CC(=O)c1ccccc1,1.0,training
CCC(=O)CC,0.0,training
O=C(O)c1cc(C(=O)O)cc(S(=O)(=O)O)c1,0.0,training
CC1CN(c2ccccc2)NC1=O,1.0,training
C=C(C)CNCC,1.0,training
O=C(Nc1ccccc1)Nc1ccccc1,1.0,training
O=C1CCC(C(=O)O)N1,0.0,training
O=C(O)CCC(=O)C(=O)O,0.0,training
C[C@H]1C[C@H]2[C@@H]3CC=C4CC(=O)C=C[C@]4(C)[C@@]3(Cl)[C@@H](O)C[C@]2(C)[C@@]1(O)C(=O)CO,0.0,training
CC(C)(c1ccc(O)cc1)c1ccc(O)cc1,1.0,training
CCC(=O)NCCC1CCc2ccc3c(c21)CCO3,1.0,training
CCOC(=O)C(C)(C)Oc1ccc(Cl)cc1,1.0,training
CC(C)(C)C(=O)NCCCC(=O)O,0.0,training
CCN(CC)CCOc1ccccc1OC,0.0,training
CCOP(=S)(OCC)Oc1ncn(-c2ccccc2)n1,1.0,training
CC(C)c1ccc(CO)cc1,1.0,training
CCNC(=S)NCC,1.0,training
CCCc1cc(=O)[nH]c(=S)[nH]1,1.0,training
O=C(O)CNC(=O)c1ccc([N+](=O)[O-])cc1,1.0,training
Cc1cccc(CN2CCN(C(c3ccccc3)c3ccc(Cl)cc3)CC2)c1,0.0,training
O=C(CCl)c1ccccc1,1.0,training
CCCCCCC(O)CO,0.0,training
CCCCOC(=O)c1ccc(N)cc1,1.0,training
Oc1ccccc1,0.0,training
COc1cc(C[C@H](C)N)c(OC)cc1C,0.0,training
C=CCOC(=O)CCCCCCCC,0.0,training
CCCCC(CC)COC(=O)CC(C(=O)OCC(CC)CCCC)S(=O)(=O)O,1.0,training
CC(C)(c1ccccc1)c1ccc(O)cc1,1.0,training
CCC(=O)O[C@H]1CC[C@H]2[C@@H]3CC=C4CC(=O)CC[C@]4(C)[C@H]3CC[C@]12C,1.0,training
CN(C)C(C)(C)CO,1.0,training
COC1=CC(=O)O[C@@H](/C=C/c2ccccc2)C1,1.0,training
O=C(NS(=O)(=O)/C=C/c1cccs1)c1ccc(F)cc1Br,1.0,training
Oc1ccc(C=Cc2cc(O)cc(O)c2)cc1,1.0,training
C#C[C@]1(O)CC[C@H]2[C@@H]3CCC4=CCCC[C@@H]4[C@H]3C(=C)C[C@@]21CC,1.0,training
CC(C)=CCl,1.0,training
CCC(C)(C)C(=O)O[C@H]1C[C@@H](C)C=C2C=C[C@H](C)[C@H](CC[C@@H]3C[C@@H](O)CC(=O)O3)[C@H]21,1.0,training
Nc1nc(NC2CC2)c2ncn([C@@H]3C=C[C@@H](CO)C3)c2n1,1.0,training
O=C1c2ccccc2C(=O)N1SC1CCCCC1,0.0,training
C=Cc1ccc(OC(C)=O)cc1,0.0,training
Cc1cccc(C)c1,1.0,training
CCN(CCC#N)c1ccccc1,0.0,training
O=C(OCCOCCOCCOC(=O)c1ccccc1)c1ccccc1,0.0,training
Nc1ccc(S(=O)(=O)O)cc1,1.0,training
OC[C@H]1O[C@H](O[C@]2(CCl)O[C@H](CCl)[C@@H](O)[C@@H]2O)[C@H](O)[C@@H](O)[C@H]1Cl,0.0,training
CCC=CC#N,0.0,training
Cc1ccc([N+](=O)[O-])c(C)c1,1.0,training
Cc1ccccc1OCC(O)CO,1.0,training
CC(=O)OCC=Cc1ccccc1,0.0,training
Nc1cccc(C(F)(F)F)c1,0.0,training
Nc1cc(S(=O)(=O)O)ccc1S(=O)(=O)O,0.0,training
CCOC(=O)c1ccc(N(C)C)cc1,1.0,training
Cc1ncsc1CCCl,0.0,training
CCOP(=O)(NC(C)C)Oc1ccc(SC)c(C)c1,0.0,training
CC1=CCCC(C)(C)C12CCC(C)O2,0.0,training
C=CCc1ccc(OC)c(OC)c1,1.0,training
CCC(C)c1cc([N+](=O)[O-])cc([N+](=O)[O-])c1O,0.0,training
CC(=O)NCCO,1.0,training
O=P(OCCCl)(OCCCl)OCCCl,0.0,training
CC(C)NCC(O)c1ccc(NS(C)(=O)=O)cc1,0.0,training
CCN(CC)C(C)CN1c2ccccc2Sc2ccccc21,0.0,training
CCCCCCCCCCl,1.0,training
COC(=O)c1cccc(C(=O)OC)c1,0.0,training
CC(C)=CCCC(C)C=O,0.0,training
Cc1ccc2c(c1N)C(=O)c1ccccc1C2=O,1.0,training
C(=NC1CCCCC1)=NC1CCCCC1,1.0,training
O=C1OC(=O)c2cc([N+](=O)[O-])ccc21,0.0,training
CN(C)NC(=O)CCC(=O)O,1.0,training
C[C@@H]1O[C@@H]1P(=O)(O)O,1.0,training
CCCCCCCCCCCCCCCCC,1.0,training
C#C[C@]1(O)CC[C@H]2[C@@H]3CC=C4CC(=O)CCC4[C@H]3CC[C@@]21C,1.0,training
CCCOCCOCCO,0.0,training
Oc1ccc(Nc2ccccc2)cc1,1.0,training
Cl[In](Cl)Cl,1.0,training
CN(C)C(=O)Nc1cccc(C(F)(F)F)c1,0.0,training
Cn1cc[nH]c1=S,0.0,training
C[C@]12C=CC(=O)C=C1CC[C@@H]1C2C(=O)C[C@@]2(C)[C@H]1CC[C@]2(O)C(=O)CO,1.0,training
O=C(O)c1ccc(O)c(O)c1,0.0,training
CC(C)O,0.0,training
CCCCNC(N)=O,0.0,training
c1ccc(-c2ccc(-c3ccccc3)cc2)cc1,1.0,training
SCc1ccccc1,1.0,training
CC(=O)OCC(=O)C1CC[C@H]2[C@@H]3CC=C4CC(=O)CC[C@]4(C)[C@H]3CC[C@]12C,1.0,training
CCCCCCCCCCCCCCCC(=O)O,1.0,training
NNC(=S)NN,0.0,training
CC(C)=CCC/C(C)=C/CC/C(C)=C/CC/C=C(\C)CC/C=C(\C)CCC=C(C)C,0.0,training
CCCCCCCCCCCCCCCCCC(=O)OCCO,1.0,training
CCCCC(=O)N(C)C,0.0,training
O=C(CCCCCCCCC#CI)Oc1ccccc1,0.0,training
Nc1cc(N2CCCCC2)nc(N)[n+]1[O-],0.0,training
CC(=O)NS(=O)(=O)c1ccc(N)cc1,0.0,training
c1ccc(OCCOc2ccccc2)cc1,1.0,training
CNCCS(=O)(=O)O,0.0,training
CCCOc1ccc2nc(NC(=O)OC)sc2c1,1.0,training
CC(=O)Nc1ccc2c(c1)Cc1ccccc1-2,1.0,training
Nc1cc(Cl)ccc1O,0.0,training
Cc1cccc(/N=N/c2ccc(N(C)C)cc2)c1,1.0,training
CC/C=C\C#N,0.0,training
CC[C@@]1(O)C[C@H](O[C@H]2C[C@H](N(C)C)[C@H](O[C@H]3C[C@H](O)[C@H](O[C@H]4CCC(=O)C(C)O4)[C@H](C)O3)[C@H](C)O2)c2c(cc3c(c2O)C(=O)c2c(O)cccc2C3=O)C1C(=O)OC,1.0,training
CCOP(=S)(OCC)SCSc1ccc(Cl)cc1,1.0,training
O=NN(O)c1ccccc1,1.0,training
OCCc1ccccc1,0.0,training
CCCCC(=O)O[C@H]1CC[C@H]2[C@@H]3CCc4cc(O)ccc4[C@H]3CC[C@]12C,1.0,training
C=CCc1ccc(OC(=O)Cc2ccccc2)c(OC)c1,1.0,training
C[C@]12CCC(=O)C(=O)C1CC[C@@H]1[C@@H]2CC[C@]2(C)C(=O)CC[C@@H]12,1.0,training
CCCCCCC1CCCC(=O)O1,0.0,training
ClC(Cl)=C(Cl)C(Cl)=C(Cl)Cl,0.0,training
O=S(O)CO,1.0,training
CCN(CCCCOC(=O)c1ccc(OC)c(OC)c1)C(C)Cc1ccc(OC)cc1,0.0,training
COc1cc(C=CC(=O)N2CCN(CC(=O)N3CCCC3)CC2)cc(OC)c1OC,0.0,training
CCCCC(CC)COC(=O)CCCCCCCC(=O)OCC(CC)CCCC,0.0,training
OCc1c2ccccc2cc2ccccc12,1.0,training
CC(C)OC(=O)Nc1ccc2[nH]c(-c3cscn3)nc2c1,1.0,training
CC(C)(Oc1ccc(C2CCCc3ccccc32)cc1)C(=O)O,1.0,training
CC(=O)OCC(=O)[C@@]1(O)CC[C@H]2[C@@H]3CC(C)=C4CC(=O)C=C[C@]4(C)[C@H]3[C@@H](O)C[C@@]21C,1.0,training
COc1ccc(CCNC[C@H](O)c2ccc(O)cc2)cc1OC,0.0,training
COc1cccc(N)c1,0.0,training
CC1CCC(CO)CC1,0.0,training
CCCCCCCCOCCC#N,0.0,training
OCCCBr,0.0,training
O=[N+]([O-])c1ccc(Cl)c(Cl)c1Cl,0.0,training
COP(=S)(Cl)OC,0.0,training
OCC(O)CCl,0.0,training
CCCOc1cc(N)ccc1C(=O)OCCN(CC)CC,0.0,training
O=C(O)P(=O)(O)O,1.0,training
COc1cc(C=CC(=O)CC(=O)C=Cc2ccc(O)c(OC)c2)ccc1O,1.0,training
NCC1CCCC(CN)C1,0.0,training
OCc1cccc(Oc2ccccc2)c1,1.0,training
OCCO,0.0,training
CC#CCC(C)[C@H](O)/C=C/C1[C@H](O)C[C@@H]2C/C(=C\CCCC(=O)O)C[C@H]12,1.0,training
CCCCCCCCCc1ccc(O)cc1,1.0,training
Cc1ccc(O)cc1,1.0,training
CCCCCCCCCCCCCCCCSCC(COC)COP(=O)([O-])OCC[N+](C)(C)C,0.0,training
C#CCN(C)CCCOc1ccc(Cl)cc1Cl,1.0,training
CCCCCCCCCCCCc1ccccc1O,1.0,training
O=C(O)CCC/C=C\C[C@@H]1[C@@H](/C=C/[C@@H](O)COc2cccc(C(F)(F)F)c2)[C@H](O)C[C@@H]1O,1.0,training
Brc1ccc(Oc2cc(Br)c(Br)cc2Br)c(Br)c1,1.0,training
CCCCCCCCCCCCCl,1.0,training
CC(C)Br,0.0,training
CN(C)CCOC(C)(c1ccccc1)c1ccccn1,1.0,training
CO[Si](C)(OC)c1ccccc1,0.0,training
N[C@H]1C(O)O[C@H](CO)[C@@H](O)[C@@H]1O,1.0,training
COS(C)(=O)=O,0.0,training
CC(=O)C(C)O,0.0,training
CC(=O)N(CC(O)CO)c1c(I)c(C(=O)NCCO)c(I)c(C(=O)NCC(O)CO)c1I,1.0,training
CC(C)c1ccc2sc3ccccc3c(=O)c2c1,1.0,training
c1ccc(N=Nc2ccccc2)cc1,1.0,training
C#C[C@]1(O)CC[C@H]2[C@@H]3CCC4=CC(=NO)CC[C@@H]4[C@H]3CC[C@@]21CC,1.0,training
O=Cc1ccc(F)cc1,0.0,training
O=C(O)c1cc2ccccc2c(Cc2c(O)c(C(=O)O)cc3ccccc23)c1O,1.0,training
Nc1c2c(nc3ccccc13)CCCC2,1.0,training
Brc1ccc(Oc2ccc(Br)cc2Br)c(Br)c1,1.0,training
Clc1ccccc1-c1nnc(-c2ccccc2Cl)nn1,1.0,training
Nc1nc[nH]n1,1.0,training
CCCC[N+]1(C)[C@@H]2C[C@@H](OC(=O)C(CO)c3ccccc3)C[C@H]1[C@@H]1O[C@@H]12,0.0,training
O=C(C(O)CO)C(O)CO,0.0,training
CC(C)[N+]1(C)C2CCC1CC(OC(=O)C(CO)c1ccccc1)C2,1.0,training
Nc1ccccc1C(=O)Oc1ccc2ccccc2c1,1.0,training
OC[P+](CO)(CO)CO,0.0,training
Oc1c2c(c(O)n1SC(Cl)(Cl)C(Cl)Cl)CC=CC2,1.0,training
CC(=O)NC(Cc1ccccc1)C(=O)O,0.0,training
CCC(=O)OC/C=C/c1ccccc1,1.0,training
CC(=O)Oc1c(C)cc(OCC(O)CNC(C)C)c(C)c1C,1.0,training
c1ccc(CN(Cc2ccccc2)Cc2ccccc2)cc1,1.0,training
CC(C)(C#N)Nc1nc(Cl)nc(NC2CC2)n1,0.0,training
CC(C)(C)CC(C)(C)c1ccccc1O,1.0,training
O=c1cc(-c2ccccc2)oc2ccccc12,1.0,training
CCN(CC)CCNC(=O)COc1ccc(Cl)cc1,0.0,training
C[C@]12CCC(=O)C=C1CC[C@@H]1[C@@H]2CC[C@]2(C)C(=O)CC[C@@H]12,1.0,training
Cn1c(=O)c2c(ncn2CC2OCCO2)n(C)c1=O,0.0,training
COC(=O)c1ccc(C)cc1,0.0,training
COC(=O)c1c(C)cc(O)c(C)c1O,1.0,training
CCc1cc(Cl)c(OC)c(C(=O)NC[C@@H]2CCCN2CC)c1O,1.0,training
CCCSc1ccc2[nH]c(NC(=O)OC)nc2c1,1.0,training
C=Cc1ccc2c(O)c3ccccc3c(O)c2c1,1.0,training
NC(=O)NC(=O)Cc1ccccc1,1.0,training
CCCCCCCCOC(=O)c1ccc(O)cc1,1.0,training
C=CC(=O)OCC(O)COc1ccccc1,0.0,training
COP(=S)(OC)Oc1ccc(S(N)(=O)=O)cc1,0.0,training
Cc1cc(O)c2c(c1)C(=O)c1cc(O)cc(O)c1C2=O,1.0,training
CCN(CC)CCNC(=O)c1cc(S(C)(=O)=O)ccc1OC,0.0,training
Cc1ccccc1N,1.0,training
CC1=C(C(=O)Nc2ccccc2)SCCO1,1.0,training
Cc1cccc(Cl)c1,0.0,training
c1coc(-c2nc3ccccc3[nH]2)c1,1.0,training
Nc1nc(F)nc2c1ncn2[C@@H]1O[C@H](CO)[C@@H](O)[C@@H]1O,0.0,training
Clc1ccccc1-c1ccccc1Cl,1.0,training
CCC(C)C(C(=O)OCC[N+](C)(CC)CC)c1ccccc1,0.0,training
C1CCCNCC1,0.0,training
CC(=O)Oc1ccccc1C(=O)Nc1ncc([N+](=O)[O-])s1,1.0,training
COc1ccc(OC)c(CC(C)N)c1,0.0,training
CN(C)c1ccc(N=Nc2ccccc2)cc1,1.0,training
O=C(O)CCCCCCCC(=O)O,1.0,training
CC(C)=CC(=O)C=C(C)C,0.0,training
O=C(CBr)c1ccccc1,1.0,training
CCNc1cc(O)ccc1C,0.0,training
CCCCCCCCCCCCCCNCCO,1.0,training
c1ccc(CCCc2ccncc2)cc1,0.0,training
CCNc1nc(Cl)nc(NC(C)(C)C)n1,1.0,training
CCCCNC(=O)NCCCC,0.0,training
CCCCC/C=C\C/C=C\CCCCCCCC(=O)NC(C)c1ccccc1,0.0,training
CCCCOCCOC(=O)CCCCCCCCC(=O)OCCOCCCC,0.0,training
Cl[C@H]1[C@H](Cl)[C@@H](Cl)[C@H](Cl)[C@@H](Cl)[C@@H]1Cl,1.0,training
NC(Cc1cc(I)c(Oc2ccc(O)c(I)c2)c(I)c1)C(=O)O,1.0,training
CC(C)OC(=O)c1ccccc1C(=O)OC(C)C,0.0,training
CC(C)OC(=O)Nc1ccccc1,1.0,training
FC(F)(F)c1ccccc1-n1ccnc1,0.0,training
CCCCNC1CC(C)(C)NC(C)(C)C1,0.0,training
C=C[Si](C)(C)O[Si](C)(C)C=C,0.0,training
CCCCOP(=O)(OCCCC)OCCCC,1.0,training
CCCCCCCCCCC=O,1.0,training
Cl[Dy](Cl)Cl,0.0,training
CCCC/C=C\CCCCCCCCCC=O,1.0,training
COC(=O)C(c1ccccc1Cl)N1CCc2sccc2C1,1.0,training
CCCCC(CC)COC(=O)/C=C/c1ccc(OC)cc1,0.0,training
CCOC(=O)C(F)(F)F,0.0,training
Nc1c2c(nc3ccccc13)CCCC2O,0.0,training
O=C(O)Cn1c2ccccc2c(=O)c2ccccc21,1.0,training
CO[C@H]1[C@@H](O)[C@H](N)[C@@H](O[C@H]2O[C@H]([C@H](C)N)CC[C@H]2N)[C@H](O)[C@@H]1N(C)C(=O)CN,1.0,training
CCN1CCCC1CNC(=O)c1cc(S(=O)(=O)CC)c(N)cc1OC,0.0,training
CC(=O)C1CC[C@H]2[C@@H]3CC=C4CC(=O)CC[C@]4(C)[C@H]3CC[C@]12C,1.0,training
CC(C)C(=O)c1c(C(C)C)nn2ccccc12,0.0,training
O=CNc1ccccc1,0.0,training
CCCCOP(=O)(O)OCCCC,1.0,training
c1ccc2c(c1)Oc1ccccc1S2,1.0,training
O=[N+]([O-])c1ccc(CCO)cc1,0.0,training
COC(OC)(C(=O)c1ccccc1)c1ccccc1,1.0,training
O=[N+]([O-])C(CO)(CO)CO,0.0,training
Clc1ccccc1CN1CCc2sccc2C1,1.0,training
CCOC(=O)NC(=S)Nc1ccccc1NC(=S)NC(=O)OCC,1.0,training
C[C@]12CC[C@H]3[C@@H](CC=C4CC(=O)CC[C@@]43C)[C@@H]1CC[C@H]2O,1.0,training
CC1CCc2nccnc21,0.0,training
COc1ccc([C@@H]2Sc3ccccc3N(CCN(C)C)C(=O)C2OC(C)=O)cc1,0.0,training
O=C(c1ccccc1)C1(O)CCCCC1,0.0,training
O=C(O)C(CC(=O)N1C[C@H]2CCCC[C@H]2C1)Cc1ccccc1,1.0,training
CCCCCCCCC(=O)NCc1ccc(O)c(OC)c1,0.0,training
CCOC(=O)/C=C\C(=O)OCC,0.0,training
CC1(C)C(O)C(C)(C)C1O,0.0,training
O=C(CCl)C(Cl)Cl,1.0,training
CCN(CC)C(C)=O,0.0,training
C=CC[C@]1(O)CC[C@H]2C3=C(C=C[C@@]21C)C1=C(CC3)CC(=O)CC1,1.0,training
COc1ccc2[nH]cc(CCNC(C)=O)c2c1,1.0,training
CCC(=O)OCC(=O)[C@@]1(OC(=O)CC)[C@@H](C)C[C@H]2[C@@H]3CC=C4CC(=O)C=C[C@]4(C)[C@@]3(Cl)[C@@H](O)C[C@@]21C,0.0,training
CC(C)CC(C)(c1ccc(O)cc1)c1ccc(O)cc1,1.0,training
CC(C)CCOC(=O)C=Cc1ccccc1,1.0,training
Cc1ccc(Cl)cc1,0.0,training
CCCC(=O)OCC,0.0,training
CCOC(=O)Oc1c(OC)cc(C(=O)O[C@@H]2C[C@@H]3CN4CCc5c([nH]c6cc(OC)ccc56)[C@H]4C[C@@H]3C(C(=O)OC)[C@H]2OC)cc1OC,0.0,training
C[C@]12CC[C@@H]3C4=C(CC[C@H]3[C@@H]1CC[C@@H]2O)CC(=O)CC4,1.0,training
CC(C)(O)C#CC(C)(C)O,0.0,training
CCCCCCc1ccc(O)cc1O,1.0,training
C=C[Si](OCCOC)(OCCOC)OCCOC,0.0,training
CCCCCCCOC(C)=O,1.0,training
O=C(O)c1cc(O)c2c(c1)C(=O)c1cccc(O)c1C2=O,1.0,training
O=c1[nH]c2cc(C(F)(F)F)c(N3CCOCC3)cc2n(CP(=O)(O)O)c1=O,0.0,training
ClCCBr,0.0,training
O=C1CCC(N2C(=O)c3ccccc3C2=O)C(=O)N1,0.0,training
CCCCOC(=O)C(C)OC(=O)CCC,0.0,training
COc1cccc2c(O)c3c(c(O)c12)C(=O)C1=C(C[C@@](O)(C(C)=O)C[C@@H]1O[C@H]1C[C@H](N)[C@H](O)[C@H](C)O1)C3=O,1.0,training
O=C(OCc1ccccc1)c1ccc(O)cc1,1.0,training
CC1=CC(=O)NS(=O)(=O)O1,0.0,training
ClCOCCl,1.0,training
Cc1ccc(N=C=O)cc1N=C=O,1.0,training
CCCCCCCCC(=O)OCC(C)OC(=O)CCCCCCCC,0.0,training
Cc1ccc(N)cc1,1.0,training
CCN(CC)c1cccc(O)c1,1.0,training
Cc1ccc(N)cc1C,1.0,training
COC1CCC=CO1,0.0,training
CC(=O)Nc1ccc(C(=O)CCl)cc1,1.0,training
CCN(CCO)CCO,0.0,training
CCCC(C)CC,0.0,training
O=C(CS)OCCOC(=O)CS,0.0,training
CCCCCCCCCCCCCOS(=O)(=O)O,0.0,training
COc1cc(C(=O)N2CCOCC2)cc(OC)c1OC,0.0,training
CN(C(=O)C(Cl)Cl)c1ccc(OC(=O)c2ccco2)cc1,1.0,training
CCC(Cl)CCC(Cl)C(Cl)CC(Cl)C(Cl)C(Cl)CCl,0.0,training
C=CC(=O)OCCOCCOC(=O)C=C,1.0,training
NC(COP(=O)(O)O)C(=O)O,0.0,training
Cc1cc(C2CC2)nc(Nc2ccccc2)n1,1.0,training
C=C(C)c1ccccc1,0.0,training
c1ccc2c(c1)CCc1ccccc1N2,1.0,training
CC(=O)O[C@H]1C[C@@H]2CC[C@@H]3[C@H](CC[C@@]4(C)[C@H]3C[C@H](N3CC[N+](C)(C)CC3)[C@@H]4OC(C)=O)[C@@]2(C)C[C@@H]1N1CC[N+](C)(C)CC1,0.0,training
C[C@]12CC[C@H]3[C@@H](CC[C@@]45OC4C(=O)C(C#N)C[C@]35C)[C@@H]1CC[C@@H]2O,1.0,training
CCOC(N)=O,0.0,training
O=C1CCCN1,1.0,training
CC(C)=CCCC(C)CCO,0.0,training
c1ccc(Nc2ccc3ccccc3c2)cc1,1.0,training
CCN(CC)CC(=O)Nc1c(C)cccc1C,0.0,training
Cc1cc(O)ccc1Cl,1.0,training
Brc1c2ccccc2cc2ccccc12,1.0,training
CC1(C(=O)Nc2ccc(O)c(Cl)c2Cl)CCCCC1,1.0,training
CC(C)(C)CC(C)(C)N,0.0,training
C[C@]12CC[C@H]3[C@@H](CC=C4C[C@@H](O)CC[C@@]43C)[C@@H]1CC[C@@H]2O,1.0,training
O=CCCc1ccccc1,1.0,training
CCC(C)Nc1c([N+](=O)[O-])cc(C(C)(C)C)cc1[N+](=O)[O-],1.0,training
CCOC(=O)c1c[nH]c2cc(OCC(C)C)c(OCC(C)C)cc2c1=O,0.0,training
COP(=S)(OC)Oc1ccc([N+](=O)[O-])cc1,1.0,training
COC(=O)CCSCCC(=O)OC,1.0,training
COP(=S)(OC)Oc1c(Cl)cc(C)cc1Cl,1.0,training
C[C@]12CC[C@@H]3c4ccc(OC(=O)N(CCCl)CCCl)cc4CC[C@H]3[C@@H]1CC[C@@H]2OP(=O)(O)O,1.0,training
C#CC1(O)CC[C@H]2[C@@H]3CC=C4CC(=O)CCC4[C@H]3CC[C@@]21CC,1.0,training
C=CC(C)CCCC(C)(C)O,0.0,training
CCCCCCCCCCOC(=O)c1ccccc1C(=O)OCCCCCCCCCC,0.0,training
C#C[C@]1(O)CC[C@H]2[C@@H]3CC=C4CC(=O)CC[C@]4(C)[C@H]3CC[C@@]21C,1.0,training
c1ccc2c(c1)Nc1ccccc1S2,1.0,training
CCCCCCCCCCCCCCCC(=O)OC[C@@H](COP(=O)([O-])OCC[N+](C)(C)C)OC(=O)CCCCCCCCCCCCCCC,1.0,training
Nc1ccc2c(c1)C(=O)c1ccccc1C2=O,1.0,training
C[C@]12CC[C@@H]3c4ccc(O)cc4C=CC3[C@@H]1CCC2=O,1.0,training
CCCCOC(=O)c1ccccc1N,0.0,training
CC(C)c1ncc([N+](=O)[O-])n1C,0.0,training
CC=C(C(=CC)c1ccc(O)cc1)c1ccc(O)cc1,1.0,training
C1CCC2CCCCC2C1,0.0,training
NNC(=O)c1ccccc1,1.0,training
CN1CCCC1=O,0.0,training
O=C(Cl)c1cccc([N+](=O)[O-])c1,0.0,training
CC(N)C(=O)c1ccccc1,0.0,training
CCOC(=O)OCC/C(SC(=O)OCC)=C(\C)N(C=O)Cc1cnc(C)nc1N,0.0,training
CC(=O)c1nccs1,1.0,training
O=C(C=Cc1ccccc1)OCC=Cc1ccccc1,1.0,training
CCN(CC)C(=O)SCc1ccc(Cl)cc1,0.0,training
NS(=O)(=O)c1cc(-c2nn[nH]n2)c(NCc2cccs2)cc1Cl,0.0,training
CN(C)C(=O)Oc1cccc([N+](C)(C)C)c1,0.0,training
Oc1ccccc1Cc1ccccc1O,0.0,training
CC(=O)S[C@@H]1C=C2CC(=O)CC[C@]2(C)[C@H]2CC[C@@]3(C)[C@@H](CC[C@@]34CCC(=O)O4)[C@H]12,0.0,training
CC1=CC[C@@]23CC1C(C)(C)[C@@H]2CC[C@H]3C,0.0,training
CN(C)c1ccc(N=O)cc1,1.0,training
Clc1cc(Cl)c(Cl)cc1Cl,1.0,training
CCCCCCCOC(=O)c1ccc(O)cc1,1.0,training
CO[C@H]1C[C@H](O[C@@H]2C(C)=CC[C@@H]3C[C@@H](C[C@]4(CC[C@H](C)[C@@H](C5CCCCC5)O4)O3)OC(=O)C3C=C(C)C(=NO)[C@H]4OCC(=CC=C[C@@H]2C)[C@@]34O)O[C@@H](C)[C@@H]1O,0.0,valid
CC[C@H](NC(=O)c1cc(F)ccc1NS(=O)(=O)c1cccc2cccnc12)c1ccccc1,0.0,valid
O=C(CCCN1CCC(O)(c2ccc(Cl)cc2)CC1)c1ccc(F)cc1,0.0,valid
O=C(CCCN1CCC(O)(c2ccc(Br)cc2)CC1)c1ccc(F)cc1,0.0,valid
Cc1ccc(C2(O)CCN(CCCC(=O)c3ccc(F)cc3)CC2)cc1,0.0,valid
O=C(O)CCC(=O)Nc1ccc(S(=O)(=O)Nc2nccs2)cc1,0.0,valid
Nc1ccc(S(=O)(=O)Nc2nccs2)cc1,0.0,valid
O=C(O)C=CC(=O)Nc1ccc(S(=O)(=O)Nc2nccs2)cc1,0.0,valid
CCOC(=O)Cn1cccc1-c1nc(-c2ccc(OC)cc2)c(-c2ccc(OC)cc2)s1,0.0,valid
O=C(c1ccc(O)cc1)c1ccc(Cl)cc1,1.0,valid
CC(C)OC(=O)C(C)(C)Oc1ccc(C(=O)c2ccc(Cl)cc2)cc1,0.0,valid
O=C(c1ccc(O)cc1)c1ccc(O)c(O)c1O,1.0,valid
CC(C(=O)O)c1cccc(C(=O)c2ccccc2)c1,0.0,valid
O=C(c1ccc(O)cc1)c1ccc(O)cc1O,1.0,valid
Nc1c(CC(=O)O)cccc1C(=O)c1ccc(Br)cc1,0.0,valid
O=C(c1ccc(O)cc1)c1ccc(O)cc1,1.0,valid
Cc1ccc(C(=O)c2ccccc2)cc1,1.0,valid
COc1ccc(C(=O)c2ccccc2O)c(O)c1,0.0,valid
O=C(c1ccccc1O)c1ccccc1O,0.0,valid
COc1ccc(C(=O)c2ccccc2)c(O)c1,1.0,valid
O=C(c1ccccc1)c1ccc(O)cc1O,1.0,valid
COc1ccc(C(=O)c2cccc(O)c2)c(OC)c1,1.0,valid
Cc1ccc(C(=O)c2cc(O)c(O)c([N+](=O)[O-])c2)cc1,0.0,valid
O=C(c1ccc(O)c(O)c1)c1ccc(O)cc1O,1.0,valid
COc1cc(O)c(C(=O)c2ccccc2)cc1S(=O)(=O)O,0.0,valid
CCCCCCCCOc1ccc(C(=O)c2ccccc2)c(O)c1,0.0,valid
COc1ccc(C(=O)c2ccc(C)cc2)c(O)c1,1.0,valid
Cc1ccc(O)c(C(=O)c2ccccc2)c1,0.0,valid
COc1ccc(C(=O)c2ccc(OC)cc2O)c(O)c1,1.0,valid
O=C(c1ccccc1)c1cccc(O)c1,1.0,valid
O=C(c1ccccc1)c1ccccc1O,0.0,valid
O=C(c1ccccc1)c1ccccc1,1.0,valid
CCN(CC)c1ccc(C(=O)c2ccccc2C(=O)O)c(O)c1,1.0,valid
O=C(c1ccc(Cl)cc1)c1ccc(Cl)cc1,0.0,valid
O=C(c1ccccc1)c1ccc(O)c(O)c1O,1.0,valid
NC(=O)Cc1cccc(C(=O)c2ccccc2)c1N,0.0,valid
O=C(c1ccccc1)c1ccc(O)cc1,1.0,valid
Nc1c(CC(=O)O)cccc1C(=O)c1ccccc1,1.0,valid
O=C(c1cc(O)c(O)c(O)c1)c1ccc(O)c(O)c1O,0.0,valid
O=C(c1ccc(O)cc1O)c1ccc(O)cc1O,1.0,valid
O=S1(=O)CCCO1,0.0,valid
C(COCC1CO1)OCC1CO1,0.0,valid
COc1cc2c(c(OC)c1OC)-c1c(cc3c(c1OC)OCO3)C[C@@H](C)[C@](C)(O)C2,0.0,valid
CCN(Cc1c(F)cccc1Cl)c1c([N+](=O)[O-])cc(C(F)(F)F)cc1[N+](=O)[O-],1.0,valid
CCN(Cc1cccc(S(=O)(=O)O)c1)c1ccccc1,0.0,valid
CCN(Cc1ccccc1)c1ccccc1,0.0,valid
CC[C@]1(O)C[C@H]2CN(CCc3c([nH]c4ccccc34)[C@@](C(=O)OC)(c3cc4c(cc3OC)N(C)[C@H]3[C@@](O)(C(N)=O)[C@H](O)[C@]5(CC)C=CCN6CC[C@]43[C@@H]65)C2)C1,0.0,valid
Cc1ccc(C(=O)c2ccc(CC(=O)O)n2C)cc1,0.0,valid
Cc1cc(CC(=O)O)n(C)c1C(=O)c1ccc(Cl)cc1,0.0,valid
Oc1ccc2ccccc2c1N=Nc1ccccc1,1.0,valid
Cc1cc(S(=O)(=O)O)ccc1N=Nc1c(O)ccc2ccccc12,0.0,valid
Nc1ccc2cc(S(=O)(=O)O)cc(O)c2c1N=Nc1ccccc1C(F)(F)F,0.0,valid
O=S(=O)(O)c1ccc(N=Nc2c(O)ccc3ccccc23)cc1,0.0,valid
O=S(=O)(O)c1ccc(N=Nc2c(O)ccc3cc(S(=O)(=O)O)ccc23)cc1,0.0,valid
Cc1cc(C)c(N=Nc2c(O)c(S(=O)(=O)O)cc3cc(S(=O)(=O)O)ccc23)cc1C,0.0,valid
Cc1ccc(N=Nc2c(O)c(C(=O)O)cc3ccccc23)c(S(=O)(=O)O)c1,0.0,valid
O=S(=O)(O)c1cc(S(=O)(=O)O)c2c(N=Nc3ccccc3)c(O)ccc2c1,0.0,valid
COc1ccc(Cl)cc1C(=O)NCCc1ccc(S(=O)(=O)NC(=O)NC2CCCCC2)cc1,0.0,valid
C[C@]12CC[C@H]3[C@@H](CC=C4CC(=O)CC[C@@]43C)[C@@H]1CC[C@@H]2OC(=O)CCc1ccccc1,1.0,valid
COc1cc2c(c(OC)c1OC)-c1ccc(OC)c(=O)cc1[C@@H](NC(C)=O)CC2,0.0,valid
CN[C@H]1CCc2cc(OC)c(OC)c(OC)c2-c2ccc(OC)c(=O)cc21,0.0,valid
C=CCON=C(CCC)C1C(=O)CC(C)(C)C(C(=O)OC)C1=O,0.0,valid
CCCC(=NOCC)C1C(=O)CC(CC(C)SCC)CC1=O,0.0,valid
Cc1cnc2c(C(=O)O)c(Cl)ccc2c1,0.0,valid
c1ccc2ncccc2c1,0.0,valid
CCOc1ccc(S(=O)(=O)O)c2cccnc12,1.0,valid
CCCCOc1cc(C(=O)NCCN(CC)CC)c2ccccc2n1,0.0,valid
O=[N+]([O-])c1ccc2ncccc2c1,0.0,valid
Oc1c(I)cc(I)c2cccnc12,0.0,valid
O=[N+]([O-])c1cccc2cccnc12,0.0,valid
O=S(=O)(O)c1ccc(O)c2ncccc12,0.0,valid
CCCCCC(C)OC(=O)COc1ccc(Cl)c2cccnc12,0.0,valid
Oc1ccc(Cl)c2cccnc12,0.0,valid
CC(C)c1ccc2ncccc2c1,0.0,valid
Cc1ccnc2ccccc12,0.0,valid
CCN(CC)CCCC(C)Nc1ccnc2cc(Cl)ccc12,0.0,valid
Cc1cccc2cccnc12,0.0,valid
Cc1ccc2ncccc2c1,0.0,valid
Cc1ccc2ccccc2n1,0.0,valid
O=C(O)c1c(Cl)ccc2cc(Cl)cnc12,0.0,valid
O=S(=O)(O)c1cc(I)c(O)c2ncccc12,0.0,valid
Cc1ccc2cccnc2c1,0.0,valid
C#CCC(Cc1cnc2nc(N)nc(N)c2n1)c1ccc(C(=O)NC(CCC(=O)O)C(=O)O)cc1,0.0,valid
CN1CCCCC1CCN1c2ccccc2Sc2ccc([S+](C)[O-])cc21,0.0,valid
O=C(C=Cc1ccccc1)OCCCc1ccccc1,1.0,valid
O=P1(N(CCCl)CCCl)NC(OO)CCO1,0.0,valid
O=P1(N(CCCl)CCCl)NCCCO1,1.0,valid
O=P1(NCCCl)OCCCN1CCCl,0.0,valid
CCOc1ccc2c3c1O[C@H]1[C@@H](O)C=C[C@H]4[C@@H](C2)N(C)CC[C@@]341,0.0,valid
CC(=O)Oc1ccc2c3c1O[C@H]1[C@@H](OC(C)=O)C=C[C@H]4[C@@H](C2)N(C)CC[C@@]341,0.0,valid
C=CCN1CC[C@]23c4c5ccc(O)c4O[C@H]2[C@@H](O)C=C[C@H]3[C@H]1C5,0.0,valid
COc1ccc2c3c1O[C@H]1[C@@H](O)C=C[C@H]4[C@@H](C2)N(C)CC[C@@]341,0.0,valid
COc1ccc2c3c1O[C@H]1[C@@H](O)C=C[C@H]4[C@@H](C2)NCC[C@@]341,0.0,valid
O=C(NCCc1c[nH]c2ccccc12)c1cccnc1,0.0,valid
CCCc1ncc(C[n+]2ccccc2C)c(N)n1,0.0,valid
COc1cnc(OC)n2nc(NS(=O)(=O)c3c(OCC(F)F)cccc3C(F)(F)F)nc12,0.0,valid
COC(=O)C1=CCCN(C)C1,0.0,valid
Cc1cccc(N(C)C(=S)Oc2ccc3c(c2)CCC3)c1,0.0,valid
Cc1ccc(S(=O)(=O)NC(=O)NC2CCCC2)cc1,0.0,valid
Cc1cn([C@H]2C=C[C@@H](CO)O2)c(=O)[nH]c1=O,0.0,valid
N#C[C@@H]1C[C@@H]2C[C@@H]2N1C(=O)C(N)C12CC3CC(CC(O)(C3)C1)C2,0.0,valid
CC(COc1ccccc1)N(CCCl)Cc1ccccc1,1.0,valid
Cc1[nH]cnc1CN1CCc2c(c3ccccc3n2C)C1=O,0.0,valid
CC(=O)CC(=O)Nc1ccc2[nH]c(=O)[nH]c2c1,0.0,valid
CO[C@H]1C=CO[C@@]2(C)Oc3c(C)c(O)c4c(O)c(c5c(c4c3C2=O)=NC2(CCN(CC(C)C)CC2)N=5)NC(=O)C(C)=CC=CC(C)[C@H](O)[C@@H](C)[C@@H](O)[C@@H](C)[C@H](OC(C)=O)[C@@H]1C,0.0,valid
O=C(CCN1CC1)OCC(CO)(COC(=O)CCN1CC1)COC(=O)CCN1CC1,0.0,valid
CN[C@@]1(c2ccccc2Cl)CCCCC1=O,0.0,valid
CN[C@]1(c2ccccc2Cl)CCCCC1=O,0.0,valid
CNC1(c2ccccc2Cl)CCCCC1=O,0.0,valid
O=C1c2ccccc2C(=O)C1c1ccccc1,0.0,valid
O=C1c2ccccc2C(=O)C1c1ccc(Cl)cc1,0.0,valid
O=c1n(CCCN2CCN(c3cccc(Cl)c3)CC2)nc2ccccn12,0.0,valid
c1ccc(CN2CCNCC2)cc1,0.0,valid
Cc1cc2nc3c(=O)[nH]c(=O)nc-3n(C[C@H](O)[C@H](O)[C@H](O)CO)c2cc1C,0.0,valid
CN(C)C(=O)NC1(c2ccccc2)CCN(CC[C@@]2(c3ccc(F)c(F)c3)CN(C(=O)c3ccccc3)CCO2)CC1,0.0,valid
O=C1c2ccccc2CN2C(=O)c3ccccc3CN12,0.0,valid
C1CCC(NC2CCCCC2)CC1,0.0,valid
CN(C1CCCCC1)C1CCCCC1,0.0,valid
O=C1CC2(CCCC2)CC(=O)N1CCCCN1CCN(c2ncccn2)CC1,0.0,valid
CCc1ccc(C(=O)C(C)CN2CCCCC2)cc1,0.0,valid
CCCCOc1ccc(C(=O)CCN2CCCCC2)cc1,1.0,valid
Cc1ccc(C(=O)C(C)CN2CCCCC2)cc1,1.0,valid
CCN(Cc1cccc(S(=O)(=O)O)c1)c1ccc(C(=C2C=CC(=[N+](CC)Cc3cccc(S(=O)(=O)[O-])c3)C=C2)c2ccccc2)cc1,0.0,valid
O=C1CCCCCN1,0.0,valid
CCCCCCCCCCCCN1CCCCCC1=O,0.0,valid
C=CN1CCCCCC1=O,0.0,valid
CC[C@H](C)COC(=O)/C=C/c1ccc(/N=C/c2ccc(OC)cc2)cc1,1.0,valid
C=C1C2CCC(C2)C1(C)C,0.0,valid
C=C1C(CCl)(CCl)C2(Cl)C(Cl)C(Cl)C1(Cl)C2(Cl)Cl,1.0,valid
O=c1c(Cc2ccc(Cl)cc2)c(O)nc2n1CCS2,0.0,valid
CC(C)CC(NC(=O)CNC(=O)C(Cc1ccc(O)cc1)NC(=O)C(CO)NC(=O)C(Cc1c[nH]c2ccccc12)NC(=O)C(Cc1c[nH]cn1)NC(=O)C1CCC(=O)N1)C(=O)NC(CCCN=C(N)N)C(=O)N1CCCC1C(=O)NCC(N)=O,0.0,valid
CC(C)CC(NC(=O)C(COC(C)(C)C)NC(=O)C(Cc1ccc(O)cc1)NC(=O)C(CO)NC(=O)C(Cc1c[nH]c2ccccc12)NC(=O)C(Cc1c[nH]cn1)NC(=O)C1CCC(=O)N1)C(=O)NC(CCCN=C(N)N)C(=O)N1CCCC1C(=O)NNC(N)=O,0.0,valid
CN(C)CCC=C1c2ccccc2C=Cc2ccccc21,0.0,valid
Clc1ccc(Nc2nnc(Cc3ccncc3)c3ccccc23)cc1,0.0,valid
CC[C@@H]1C[C@H](N(Cc2cc(C(F)(F)F)cc(C(F)(F)F)c2)C(C)=O)c2cc(C(F)(F)F)ccc2N1C(=O)OC(C)C,0.0,valid
O=C1NC(=O)C(c2ccccc2)(c2ccccc2)N1,0.0,valid
CCN[C@H]1CN(CCCOC)S(=O)(=O)c2sc(S(N)(=O)=O)cc21,0.0,valid
CC(C)(C)c1cc(CCC(=O)OCC(COC(=O)CCc2cc(C(C)(C)C)c(O)c(C(C)(C)C)c2)(COC(=O)CCc2cc(C(C)(C)C)c(O)c(C(C)(C)C)c2)COC(=O)CCc2cc(C(C)(C)C)c(O)c(C(C)(C)C)c2)cc(C(C)(C)C)c1O,1.0,valid
O=c1c(C2CCCc3ccccc32)c(O)oc2ccccc12,0.0,valid
O=C(CCCCC(=O)Nc1c(I)cc(I)c(C(=O)O)c1I)Nc1c(I)cc(I)c(C(=O)O)c1I,0.0,valid
Cc1[nH]c(=O)c(C#N)cc1-c1ccc2nccn2c1,0.0,valid
CC[n+]1c(-c2ccccc2)c2cc(N)ccc2c2ccc(N)cc21,0.0,valid
Cc1c(N)nc(C(CC(N)=O)NCC(N)C(N)=O)nc1C(=O)NC(C(=O)NC(C)C(O)C(C)C(=O)NC(C(=O)NCCc1nc(-c2nc(C(=O)NCCCN[C@@H](C)c3ccccc3)cs2)cs1)C(C)O)C(O[C@@H]1O[C@@H](CO)[C@@H](O)[C@H](O)[C@@H]1O[C@H]1O[C@H](CO)[C@@H](O)[C@H](OC(N)=O)[C@@H]1O)c1c[nH]cn1,0.0,valid
Cn1nnc2c(C(N)=O)ncn2c1=O,0.0,valid
CCOc1ccc(CC2NC(=O)CCSSCC(C(=O)N3CCCC3C(=O)NC(CCCN)C(=O)NCC(N)=O)NC(=O)C(CC(N)=O)NC(=O)C([C@@H](C)O)NC(=O)C([C@@H](C)CC)NC2=O)cc1,0.0,valid
CC[C@H](C)C1NC(=O)C(Cc2ccc(O)cc2)NC(=O)C(N)CSSCC(C(=O)N2CCCC2C(=O)NC(CC(C)C)C(=O)NCC(N)=O)NC(=O)C(CC(N)=O)NC(=O)C(CCC(N)=O)NC1=O,1.0,valid
CC(C)[C@@H](C)/C=C/[C@@H](C)[C@H]1CC[C@H]2/C(=C/C=C3\C[C@@H](O)CC[C@@H]3C)CCC[C@]12C,0.0,valid
COc1cc2c3cc1Oc1cc(ccc1O)C[C@@H]1c4c(cc(OC)c(O)c4Oc4ccc(cc4)C[C@@H]3N(C)CC2)CC[N+]1(C)C,0.0,valid
O=C1Nc2ccccc2C1=O,0.0,valid
O=C1Nc2ccc([N+](=O)[O-])cc2C1=O,0.0,valid
CC1CS(=O)(=O)CCN1N=Cc1ccc([N+](=O)[O-])o1,0.0,valid
OCC1(CO)COC(C(Cl)(Cl)Cl)OC1,0.0,valid
CC(=O)OC1CC(C)OC(C)O1,0.0,valid
O=[N+]([O-])C1(Br)COCOC1,0.0,valid
CCC1(CO)COCOC1,0.0,valid
OCC1(CO)COCOC1,0.0,valid
Brc1c(NC2=NCCN2)ccc2nccnc12,0.0,valid
CC1(C)SC(C)(C)SC(C)(C)S1,0.0,valid
O=C(Oc1ccccc1)c1cccc(C(=O)Oc2ccccc2)c1,1.0,valid
CNCc1ccc(NC(=O)c2c[nH]c3c2C(=O)CCC3)cc1,0.0,valid
N=C(NN=Cc1ccc(Cl)cc1)NN=Cc1ccc(Cl)cc1,0.0,valid
COC(=O)C1=C(C#N)N=C(C)C(C(=O)OC(C)C)C1c1cccc([N+](=O)[O-])c1,0.0,valid
COCCOC(=O)C1=C(C)N=C(C)C(C(=O)OC(C)C)C1c1cccc([N+](=O)[O-])c1,0.0,valid
COC(=O)C1=C(C)N=C(C)C(C(=O)OCC(C)=O)C1c1ccccc1[N+](=O)[O-],0.0,valid
COC(=O)C1=C(C)N=C(C)C(C(=O)OC)C1c1ccccc1[N+](=O)[O-],0.0,valid
CCOC(=O)C1=C(COCCN)N=C(C)C(C(=O)OC)C1c1ccccc1Cl,0.0,valid
COC(=O)C1=C(C)N=C(COC(N)=O)C(C(=O)OC(C)C)C1c1cccc(Cl)c1Cl,0.0,valid
CCOC(=O)C1=C(C)N=C(C)C(C(=O)OC)C1c1cccc(Cl)c1Cl,0.0,valid
COC(=O)C1=C(C)N=C(C)C(C(=O)OC)C1c1ccccc1OC(F)F,0.0,valid
O=S1OCCO1,0.0,valid
CCOC(=O)c1cnc2c(cnn2CC)c1NN=C(C)C,0.0,valid
CCCCNc1c(C(=O)OCC)c(C)nc2c1cnn2CC,0.0,valid
O=C(O)c1cc(O)c2c(O)c3c(O[C@@H]4O[C@H](CO)[C@@H](O)[C@H](O)[C@H]4O)cccc3c(-c3c4cc(C(=O)O)cc(O)c4c(O)c4c(O[C@@H]5O[C@H](CO)[C@@H](O)[C@H](O)[C@H]5O)cccc34)c2c1,0.0,valid
CC1(C)C2=CCCC(C)(C)[C@]23CC[C@H]1C3,0.0,valid
O=c1c2ccccc2oc2ccccc12,1.0,valid
Oc1ccc(C(O)CNCCCCCCNCC(O)c2ccc(O)c(O)c2)cc1O,0.0,valid
Oc1ccc(CCNCCCCCCNCCc2ccccc2)cc1O,0.0,valid
Cn1ccc2cc3c(cc21)CCN3C(=O)Nc1cccnc1,1.0,valid
C[C@H](CN1CCOCC1)C(C(=O)N1CCCC1)(c1ccccc1)c1ccccc1,0.0,valid
CCOc1ccc2nc3cc(N)ccc3c(N)c2c1,0.0,valid
Nc1c2ccccc2nc2ccccc12,1.0,valid
Nc1ccc2cc3ccc(N)cc3nc2c1,1.0,valid
c1ccc2c(CCC3CCNCC3)c[nH]c2c1,0.0,valid
NC(=O)C(c1ccccc1)(c1ccccc1)[C@@H]1CCN(CCc2ccc3c(c2)CCO3)C1,0.0,valid
CC(CN=Cc1ccccc1O)N=Cc1ccccc1O,0.0,valid
C=CC[N+]1([C@H]2C[C@H]3[C@@H]4CC[C@H]5C[C@H](OC(C)=O)[C@@H](N6CCCCC6)C[C@]5(C)[C@H]4CC[C@]3(C)[C@H]2OC(=O)CC)CCCCC1,0.0,valid
CC(=O)O[C@H]1C[C@@H]2CC[C@@H]3[C@H](CC[C@@]4(C)[C@H]3C[C@H]([N+]3(C)CCCCC3)[C@@H]4OC(C)=O)[C@@]2(C)C[C@@H]1N1CCCCC1,1.0,valid
CC(C)C(Nc1ccc(C(F)(F)F)cc1Cl)C(=O)OC(C#N)c1cccc(Oc2ccccc2)c1,0.0,valid
CN1C(=O)N(C)C(O)C1O,0.0,valid
O=C1NCCN1,0.0,valid
NCCN1CCNC1=O,0.0,valid
O=C1NCCN1CCO,0.0,valid
CCCN(CC1CC1)c1c([N+](=O)[O-])cc(C(F)(F)F)cc1[N+](=O)[O-],0.0,valid
CC1=C2C[C@H]3[C@@H](CC=C4C[C@@H](O)CC[C@@]43C)[C@@H]2CC[C@]12O[C@@H]1C[C@H](C)CN[C@H]1[C@H]2C,0.0,valid
CCN1CCN(c2cc(-c3ccc(F)cc3)c3c(n2)CCCCCC3)CC1,0.0,valid
Cc1oc(-c2ccccc2)nc1CCOc1cccc2c1ccn2CCC(=O)O,0.0,valid
O=S1(=O)OCC2C(CO1)C1(Cl)C(Cl)=C(Cl)C2(Cl)C1(Cl)Cl,0.0,valid
c1ccc(-c2ccccn2)nc1,0.0,valid
O=C1CCCc2c1cc1ccc3cccc4ccc2c1c34,1.0,valid
CCCC(CCC)C(=O)O[C@H]1C[C@H]2CC[C@@H](C1)[N+]2(C)C,0.0,valid
C1=CCCC=CCCC=CCC1,0.0,valid
CC(Cc1ccc(O)c(O)c1)C(C)Cc1ccc(O)c(O)c1,0.0,valid
OC[C@H](Cc1cccc(O)c1)[C@H](CO)Cc1cccc(O)c1,0.0,valid
Cc1nnc(C(C)C)n1C1C[C@H]2CC[C@H](C1)N2CC[C@H](NC(=O)C1CCC(F)(F)CC1)c1ccccc1,0.0,valid
COc1cc([C@@H]2c3cc4c(cc3C(O[C@@H]3O[C@@H]5CO[C@@H](C)O[C@H]5[C@H](O)[C@H]3O)C3COC(=O)C32)OCO4)cc(OC)c1OP(=O)(O)O,1.0,valid
COc1cc([C@@H]2c3cc4c(cc3C(O[C@@H]3O[C@@H]5CO[C@@H](C)O[C@H]5[C@H](O)[C@H]3O)C3COC(=O)C32)OCO4)cc(OC)c1O,0.0,valid
O=C(Nc1ccccc1)N(Cc1ccc(Cl)cc1)C1CCCC1,0.0,valid
COc1ccc2c3c1OC1C(=O)CC[C@H]4[C@@H](C2)N(C)CC[C@]314,0.0,valid
C=CCN1CC[C@]23c4c5ccc(O)c4OC2C(=O)CC[C@@]3(O)[C@H]1C5,0.0,valid
CCn1cc(C(=O)O)c(=O)c2cc(F)c(N3CCN(C)CC3)cc21,0.0,valid
CCn1cc(C(=O)O)c(=O)c2cc(F)c(N3CCNC(C)C3)c(F)c21,0.0,valid
CCn1cc(C(=O)O)c(=O)c2cc(F)c(N3CCNCC3)cc21,0.0,valid
C[C@](O)(CS(=O)(=O)c1ccc(F)cc1)C(=O)Nc1ccc(C#N)c(C(F)(F)F)c1,0.0,valid
CC1(C)C(=O)C(C)(C)C1=O,0.0,valid
CC[C@H]1OC(=O)C(C)[C@@H](O[C@H]2C[C@@](C)(OC)[C@@H](O)[C@H](C)O2)C(C)[C@@H](O[C@@H]2O[C@H](C)C[C@H](N(C)C)[C@H]2O)[C@](C)(OC)CC(C)C(=O)C(C)[C@@H](O)[C@]1(C)O,0.0,valid
CCOC(=O)CCC(=O)O[C@H]1[C@H](O[C@@H]2[C@@H](C)[C@H](O[C@H]3C[C@@](C)(OC)[C@@H](O)[C@H](C)O3)C(C)C(=O)O[C@H](CC)[C@@](C)(O)[C@H](O)C(C)C(=O)C(C)C[C@@]2(C)O)O[C@H](C)C[C@@H]1N(C)C,0.0,valid
CCC(=O)O[C@H]1[C@H](O[C@@H]2[C@@H](C)[C@H](O[C@H]3C[C@@](C)(OC)[C@@H](O)[C@H](C)O3)C(C)C(=O)O[C@H](CC)[C@@](C)(O)[C@H](O)C(C)C(=O)C(C)C[C@@]2(C)O)O[C@H](C)C[C@@H]1N(C)C,0.0,valid
CC[C@H]1OC(=O)C(C)[C@@H](O[C@H]2C[C@@](C)(OC)[C@@H](O)[C@H](C)O2)[C@H](C)[C@@H](O[C@@H]2O[C@H](C)C[C@H](N(C)C)[C@H]2O)[C@](C)(O)CC(C)C(=O)C(C)[C@@H](O)[C@]1(C)O,1.0,valid
C1CCN(CN2CCCCC2)CC1,0.0,valid
O=c1[nH]c(O)cn1N=Cc1ccc([N+](=O)[O-])o1,0.0,valid
CC(CNC1CCCCC1)OC(=O)c1ccccc1,0.0,valid
COc1ccc(/N=N/c2cc(C)c(/N=N/c3ccc(S(=O)(=O)O)cc3)cc2OC)cc1,0.0,valid
N#C/N=C1\SCCN1Cc1ccc(Cl)nc1,0.0,valid
O=C1CCc2ccccc2O1,0.0,valid
CO[C@H]1C=CO[C@@]2(C)Oc3c(C)c(O)c4c(O)c(cc(O)c4c3C2=O)NC(=O)C(C)=CC=CC(C)[C@H](O)[C@@H](C)[C@@H](O)[C@@H](C)[C@H](OC(C)=O)[C@@H]1C,0.0,valid
CC(CN1c2ccccc2Sc2cccnc21)N(C)C,0.0,valid
CCOC(=O)N=C1CN(N2CCOCC2)NO1,0.0,valid
O=c1[nH]c(Cl)c(Cl)cc1Cl,0.0,valid
CC1(C)SC2C(N)C(=O)N2C1C(=O)O,0.0,valid
CNc1cc(OC)c(C(=O)N[C@H]2CCN(Cc3ccccc3)[C@H]2C)cc1Cl,0.0,valid
Nc1c2c(nc3c1CCC3)CCCC2,0.0,valid
COc1cc(C[C@@H]2NCCc3cc(O)c(O)cc32)cc(OC)c1OC,0.0,valid
CN1CCC[C@@H]1Cc1c[nH]c2ccc(CCS(=O)(=O)c3ccccc3)cc12,0.0,valid
O=C1c2ccccc2S(=O)(=O)N1CCCCN1CCN(c2ncccn2)CC1,0.0,valid
COc1ccccc1N1CCN(CCCCNC(=O)c2ccc(-c3ccc(C(C)=O)cc3)cc2)CC1,0.0,valid
CCC1(CC)C(=O)CC=NC1=O,0.0,valid
CCOC(=O)C1=NOC(c2ccccc2)(c2ccccc2)C1,0.0,valid
O=c1[nH]c(=O)[nH]c(=O)[nH]1,0.0,valid
O=c1n(CCO)c(=O)n(CCO)c(=O)n1CCO,0.0,valid
O=c1n(Cl)c(=O)n(Cl)c(=O)n1Cl,0.0,valid
CO[Si](CCCn1c(=O)n(CCC[Si](OC)(OC)OC)c(=O)n(CCC[Si](OC)(OC)OC)c1=O)(OC)OC,0.0,valid
C=CCn1c(=O)n(CC=C)c(=O)n(CC=C)c1=O,0.0,valid
COc1cc([S+](C)[O-])ccc1-c1nc2cccnc2[nH]1,0.0,valid
CN1CCC[C@H]1c1cccnc1,0.0,valid
Nc1nc(=O)c2c(CCc3ccc(C(=O)NC(CCC(=O)O)C(=O)O)cc3)c[nH]c2[nH]1,0.0,valid
S=c1nccc[nH]1,1.0,valid
COc1ccc2c3c1O[C@H]1C[C@@H](O)C=C[C@@]31CCN(C)C2,0.0,valid
c1cc2ccc3ccc4ccc5cccc6c(c1)c2c3c4c56,0.0,valid
O=C(CC(C(=O)OC1CCCCC1)S(=O)(=O)O)OC1CCCCC1,0.0,valid
NC[C@H]1O[C@H](O[C@H]2[C@H](O)[C@@H](O[C@H]3O[C@H](CO)[C@@H](O)[C@H](N)[C@H]3O)[C@H](N)C[C@@H]2N)[C@H](N)C[C@@H]1O,0.0,valid
NC[C@H]1O[C@H](O[C@H]2[C@H](O)[C@@H](O[C@H]3O[C@H](CO)[C@@H](O)[C@H](N)[C@H]3O)[C@H](N)C[C@@H]2N)[C@H](O)[C@@H](O)[C@@H]1O,0.0,valid
NC[C@@H]1CC[C@@H](N)[C@@H](O[C@H]2[C@H](O)[C@@H](O[C@H]3O[C@H](CO)[C@@H](O)[C@H](N)[C@H]3O)[C@H](N)C[C@@H]2N)O1,1.0,valid
NCCC(O)C(=O)N[C@@H]1C[C@H](N)[C@@H](O[C@H]2O[C@H](CN)[C@@H](O)[C@H](O)[C@H]2O)[C@H](O)[C@H]1O[C@H]1O[C@H](CO)[C@@H](O)[C@H](N)[C@H]1O,1.0,valid
CN[C@@H]1[C@@H](O)[C@@H](O[C@@H]2[C@@H](O)[C@H](O[C@H]3O[C@H](CN)[C@@H](O)[C@H](O)[C@H]3O)[C@@H](N)C[C@H]2NC(=O)C(O)CN)OC[C@]1(C)O,0.0,valid
COc1ccc(CCC(=O)c2c(O)cc(O[C@@H]3O[C@H](CO)[C@@H](O)[C@H](O)[C@H]3O[C@@H]3O[C@@H](C)[C@H](O)[C@@H](O)[C@H]3O)cc2O)cc1O,0.0,valid
Nc1cccc2c1CN(C1CCC(=O)NC1=O)C2=O,0.0,valid
Nc1ccn([C@@H]2O[C@H](CO)[C@@H](O)[C@@H]2O)c(=O)n1,1.0,valid
CCCCCOC(=O)Nc1nc(=O)n([C@@H]2O[C@H](C)[C@@H](O)[C@H]2O)cc1F,0.0,valid
Nc1ccn([C@@H]2O[C@H](CO)[C@@H](O)C2(F)F)c(=O)n1,0.0,valid
CCCCCCCCCCCCCCCCCCCCCC(=O)Nc1ccn([C@@H]2O[C@H](CO)[C@@H](O)[C@@H]2O)c(=O)n1,0.0,valid
Nc1ccn([C@H]2CC[C@@H](CO)O2)c(=O)n1,0.0,valid
C[C@]12C=CC(=O)C=C1CC[C@@H]1[C@@H]2CC[C@]2(C)OC(=O)CC[C@@H]12,1.0,valid
O=C1NCC2(CCN(CCc3ccccc3)CC2)O1,1.0,valid
Cc1cccc(C)c1NC(=O)CC12CCCN1CCC2,0.0,valid
C[N+]1(C)CCC(=C(c2ccccc2)c2ccccc2)CC1,0.0,valid
CNC1(C)C2CCC(C2)C1(C)C,0.0,valid
CC(=O)OC1C2(C)CCC(C2)C1(C)C,0.0,valid
CC1(C)[C@H]2CC[C@](C)(C2)[C@H]1O,0.0,valid
CC1(C)[C@@H]2CC[C@@]1(C)[C@H](OC(=O)CSC#N)C2,0.0,valid
CC12CCC(C1)C(C)(C)C2O,0.0,valid
CC1(C)[C@H]2CC[C@]1(C)[C@H](O)C2,0.0,valid
C=C(C)C(=O)O[C@@H]1C[C@H]2CC[C@]1(C)C2(C)C,0.0,valid
CC(=O)O[C@@H]1CC2CCC1(C)C2(C)C,0.0,valid
CC(=O)O[C@@H]1C[C@H]2CC[C@]1(C)C2(C)C,0.0,valid
CC1(C)[C@@H]2CC[C@@]1(C)[C@H](O)C2,0.0,valid
CCC(=O)O[C@@H]1C[C@H]2CC[C@]1(C)C2(C)C,0.0,valid
CC1=CC(=O)CCC1,0.0,valid
CC1=CC(=O)CC(C)(C)C1(O)/C=C/C(C)=C\C(=O)O,0.0,valid
O=C1C=CCCC1,0.0,valid
CC1=CC(=O)CC(C)(C)C1,0.0,valid
O=c1[nH]c2ccc([S+]([O-])CCN3CCC(Cc4ccc(F)cc4)CC3)cc2o1,1.0,valid
CCCCN(CCCC)CC(O)c1cc(Cl)cc2c1-c1ccc(Cl)cc1/C2=C/c1ccc(Cl)cc1,1.0,valid
Nc1nc(=O)c2c([nH]1)NCC(CNc1ccc(C(=O)NC(CCC(=O)O)C(=O)O)cc1)N2C=O,0.0,valid
CN1c2c([nH]c(N)nc2=O)NCC1CNc1ccc(C(=O)NC(CCC(=O)O)C(=O)O)cc1,0.0,valid
Nc1nc(=O)c2nc(CNc3ccc(C(=O)NC(CCC(=O)O)C(=O)O)cc3)cnc2[nH]1,1.0,valid
Cc1ccccc1N1CCN(CCc2nnc3n2CCCC3)CC1,1.0,valid
CCC(=O)NS(=O)(=O)c1ccc(-c2c(-c3ccccc3)noc2C)cc1,0.0,valid
Cc1onc(-c2ccccc2)c1-c1ccc(S(N)(=O)=O)cc1,0.0,valid
COc1ccc(-c2noc(CC(=O)O)c2-c2ccc(OC)cc2)cc1,0.0,valid
CCOC(=O)C(CCc1ccccc1)NC(C)C(=O)N1Cc2ccccc2CC1C(=O)O,0.0,valid
CCOC(=O)C(CCc1ccccc1)NC(C)C(=O)N1Cc2cc(OC)c(OC)cc2CC1C(=O)O,0.0,valid
O=C(O)Cc1ccc(CCNS(=O)(=O)c2ccc(Cl)cc2)cc1,0.0,valid
O=C(CCCCCCCCCCCCC1CCCC1)Nc1ccc(S(=O)(=O)c2ccc(NC(=O)CCCCCCCCCCCCC3CCCC3)cc2)cc1,0.0,valid
O=C1C(I)=CC(=C(c2cc(I)c(O)c(I)c2)c2ccccc2C(=O)O)C=C1I,0.0,valid
CCOC(=O)c1ccccc1C(=C1C=C(Br)C(=O)C(Br)=C1)c1cc(Br)c(O)c(Br)c1,0.0,valid
CON=C(C(=O)NC1C(=O)N2C(C(=O)[O-])=C(C[n+]3cccc4c3CCC4)CS[C@H]12)c1csc(N)n1,0.0,valid
Cc1ccc(C(=O)O)o1,0.0,valid
CCCC(=O)C(CC)Sc1ccoc1C,0.0,valid
O=C(O)c1ccc(CO)o1,0.0,valid
CC(=O)c1cc(C)oc1C,0.0,valid
O=Cc1ccco1,0.0,valid
NC(=O)N/N=C/c1ccc([N+](=O)[O-])o1,0.0,valid
CC(=O)OCc1ccco1,0.0,valid
OCc1ccco1,0.0,valid
CCCCCCCCCCCCCCCC/C=C/c1cc(O)oc1O,0.0,valid
CCCCCCCCCCC=Cc1cc(O)oc1O,0.0,valid
Cc1ccco1,0.0,valid
Cc1occ(O)c1O,0.0,valid
C/C(=C\C(C)CC(C)CC(C)C)c1cc(O)oc1O,0.0,valid
CSSc1ccoc1C,0.0,valid
O=C(O)CNC(=O)c1ccc(CO)o1,0.0,valid
O=Cc1ccc(CO)o1,0.0,valid
O=C(O)c1ccco1,0.0,valid
Cc1occc1S,0.0,valid
Oc1ccc(O)o1,0.0,valid
CC(=O)C=Cc1ccco1,0.0,valid
CCCCCC=CCc1cc(O)oc1O,0.0,valid
O=C/C=C/c1ccco1,0.0,valid
CC(C)SCc1ccco1,0.0,valid
CCCCCc1ccco1,0.0,valid
CC(=O)SCc1ccco1,0.0,valid
CCCCCCCCCCCCCCCC(=O)OC[C@H](O)c1oc(O)c(O)c1O,0.0,valid
CN=C(C[N+](=O)[O-])NCCSCc1ccc(CN(C)C)o1,0.0,valid
CCCCCCCCC/C=C/Cc1cc(O)oc1O,0.0,valid
Cc1oc(C)c(O)c1O,0.0,valid
Cc1ccc(C)o1,0.0,valid
CCN(CC)c1cc(C)nc2ncnn12,0.0,valid
CO[C@@H]1[C@@H](O[C@@H]2O[C@H](C)[C@@H](O[C@H]3C[C@@](C)(O)[C@@H](O)[C@H](C)O3)[C@H](N(C)C)[C@H]2O)[C@@H](CC=O)C[C@@H](C)[C@@H](O[C@@H]2CC[C@H](N(C)C)[C@@H](C)O2)C=CC=CC[C@@H](C)OC(=O)C[C@H]1O,0.0,valid
Cc1cccc(C)c1NC(=O)N=C1CCCN1C,0.0,valid
CC(=O)NC[C@H]1CN(c2ccc(N3CCOCC3)c(F)c2)C(=O)O1,1.0,valid
CCOc1nc(C(Cl)(Cl)Cl)ns1,0.0,valid
Cl[C@H]1OCCO[C@@H]1Cl,0.0,valid
C1COCCO1,0.0,valid
OC1OCCOC1O,0.0,valid
C=C[C@]1(C)C[C@@H](OC(=O)CSCCN(CC)CC)[C@]2(C)C(C)CC[C@]3(CCC(=O)[C@H]32)[C@@H](C)[C@@H]1O,0.0,valid
C=CC1(C)CC(OC(=O)CO)C2(C)C(C)CCC3(CCC(=O)C32)C(C)C1O,0.0,valid
CN(CCCCCCCCCCN(C)C(=O)Oc1ccccc1[N+](C)(C)C)C(=O)Oc1ccccc1[N+](C)(C)C,0.0,valid
O=c1oc2cc(O)ccc2s1,0.0,valid
OC[C@H]1O[C@H](O[C@H]2[C@H](O)[C@@H](O)[C@@H](O[C@H]3[C@H](O)[C@@H](O)[C@@H](O)O[C@@H]3CO)O[C@@H]2CO)[C@H](O)[C@@H](O)[C@@H]1O,1.0,valid
CC(Oc1ccc(CNC(=O)c2cccnc2Oc2ccc3c(c2)OCO3)c(F)c1)C(=O)O,0.0,valid
CN1CCN(C(=O)O[C@H]2c3nccnc3C(=O)N2c2ccc(Cl)cn2)CC1,0.0,valid
O=C1C(c2[nH]c3ccccc3c2O)=Nc2ccccc21,0.0,valid
Nc1ccc(S(=O)(=O)Nc2ccnn2-c2ccccc2)cc1,0.0,valid
CN(C)CCN1C(=O)c2ccccc2N(C)c2ccccc21,0.0,valid
CS(=O)(=O)c1cc(C(F)(F)F)ccc1C(=O)c1cnoc1C1CC1,0.0,valid
C[C@@H]1CC[C@@]2(OC1)O[C@H]1C[C@H]3[C@@H]4CC[C@H]5C[C@@H](O)CC[C@]5(C)[C@H]4CC(=O)[C@]3(C)[C@H]1[C@@H]2C,0.0,valid
CC1=CCC(C(C)C)=CC1,0.0,valid
CO[C@H]1C[C@H](O[C@@H]2C(C)C(=O)O[C@H](C)[C@H](C)[C@H](OC(C)=O)C(C)C(=O)[C@@]3(CO3)C[C@H](C)[C@H](O[C@@H]3O[C@H](C)C[C@H](N(C)C)[C@H]3OC(C)=O)[C@H]2C)O[C@@H](C)[C@@H]1OC(C)=O,0.0,valid
O=C1CCC(C(=O)N[C@H]2C[C@@H]2c2ccccc2)N1,0.0,valid
CCOC(=O)C(CCc1ccccc1)NC(C)C(=O)N1C(C(=O)O)C[C@H]2CCCC[C@@H]21,0.0,valid
C[C@@H]1C[C@H]2[C@@H]3CC=C4CC(=O)C=C[C@]4(C)[C@@]3(F)[C@@H](O)C[C@]2(C)[C@@]1(O)C(=O)COC(=O)c1cccc(S(=O)(=O)O)c1,1.0,valid
O=C(O)CCCC[C@@H]1SC[C@@H]2NC(=O)N[C@@H]21,0.0,valid
C#Cc1cccc(Nc2ncnc3cc(OCCOC)c(OCCOC)cc23)c1,0.0,valid
NCCCCC(NC(=O)C1CCCN1C(=O)C1CSSCC(N)C(=O)NC(Cc2ccc(O)cc2)C(=O)NC(Cc2ccccc2)C(=O)NC(CCC(N)=O)C(=O)NC(CC(N)=O)C(=O)N1)C(=O)NCC(N)=O,0.0,valid
NCCCCC(NC(=O)C1CCCN1C(=O)C1CSSCC(NC(=O)CNC(=O)CNC(=O)CN)C(=O)NC(Cc2ccc(O)cc2)C(=O)NC(Cc2ccccc2)C(=O)NC(CCC(N)=O)C(=O)NC(CC(N)=O)C(=O)N1)C(=O)NCC(N)=O,0.0,valid
N=C(N)NCCCC(NC(=O)C1CCCN1C(=O)C1CSSCCC(=O)NC(Cc2ccc(O)cc2)C(=O)NC(Cc2ccccc2)C(=O)NC(CCC(N)=O)C(=O)NC(CC(N)=O)C(=O)N1)C(=O)NCC(N)=O,0.0,valid
NCCCCC(NC(=O)C1CCCN1C(=O)C1CSSCC(N)C(=O)NC(Cc2ccccc2)C(=O)NC(Cc2ccccc2)C(=O)NC(CCC(N)=O)C(=O)NC(CC(N)=O)C(=O)N1)C(=O)NCC(N)=O,0.0,valid
N=C(N)NCCCC(NC(=O)C1CCCN1C(=O)C1CSSCC(N)C(=O)NC(Cc2ccc(O)cc2)C(=O)NC(Cc2ccccc2)C(=O)NC(CCC(N)=O)C(=O)NC(CC(N)=O)C(=O)N1)C(=O)NCC(N)=O,1.0,valid
Cc1[nH]cnc1CC1CCc2c(C)c3ccccc3n2C1=O,0.0,valid
COC(=O)C(C)N(C(=O)Cc1ccccc1)c1c(C)cccc1C,0.0,valid
CCn1ccnc1CC1COc2ccccc2O1,0.0,valid
C1=CCC(c2ccccc2)CC1,0.0,valid
COc1ccc(CCN(C)CCCC(C#N)(c2cc(OC)c(OC)c(OC)c2)C(C)C)cc1OC,0.0,valid
CCC1OCC(COc2ccc(Oc3ccccc3)cc2)O1,1.0,valid
CCn1cc(C(=O)O)c(=O)c2ccc(C)nc21,0.0,valid
CC[N+](CC)(CC)CCOC(=O)C(C1CCCC1)C1CCCC1,0.0,valid
O=C1CCC(c2ccccc2)(C2CCN(Cc3ccccc3)CC2)C(=O)N1,0.0,valid
O=C(Nc1ccccc1SSc1ccccc1NC(=O)c1ccccc1)c1ccccc1,1.0,valid
O=C(NN1CCCC1)NS(=O)(=O)c1ccc(Cl)cc1,0.0,valid
Nc1nc(=O)n([C@@H]2CS[C@H](CO)O2)cc1F,0.0,valid
Nc1ccn([C@H]2CS[C@@H](CO)O2)c(=O)n1,0.0,valid
CN1C[C@@H]2C[C@H]1CN2c1cc2c(cc1F)c(=O)c(C(=O)O)cn2C1CC1,0.0,valid
ClC1=C(Cl)[C@]2(Cl)[C@@H]3[C@H]4C=CC(C4)[C@@H]3C1(Cl)C2(Cl)Cl,0.0,valid
ClC1=C(Cl)[C@]2(Cl)[C@H]3[C@H]([C@H]4C=C[C@H]3C4)[C@@]1(Cl)C2(Cl)Cl,1.0,valid
Cc1ccc(-c2nc3ccc(C)cn3c2CC(=O)N(C)C)cc1,0.0,valid
CCCN(CCC)C(=O)Cc1c(-c2ccc(Cl)cc2)nc2ccc(Cl)cn12,0.0,valid
O=c1cc(O)[nH]c(=O)[nH]1,0.0,valid
O=c1[nH]cc(F)c(=O)[nH]1,0.0,valid
O=C(O)c1cc(=O)[nH]c(=O)[nH]1,0.0,valid
O=c1cc[nH]c(=O)[nH]1,0.0,valid
Cc1[nH]c(=O)n(C(C)(C)C)c(=O)c1Cl,0.0,valid
Cn1c(N)c(N=O)c(=O)n(C)c1=O,0.0,valid
CCC(C)n1c(=O)[nH]c(C)c(Br)c1=O,0.0,valid
O=C(c1cc2ccccc2o1)N1CCN(Cc2ccccc2)CC1,0.0,valid
CC(C)/N=c1/cc2n(-c3ccc(Cl)cc3)c3ccccc3nc-2cc1Nc1ccc(Cl)cc1,0.0,valid
O=C(OC(=O)c1ccccc1)c1ccccc1,0.0,valid
c1ccc(C2(c3ccccc3)CC2C2=NCCN2)cc1,1.0,valid
CC(=O)N=c1sc(S(N)(=O)=O)nn1C,0.0,valid
c1ccc2c(c1)c1cccc3ccc4cccc2c4c31,0.0,valid
Oc1ccc(Sc2ccc(O)cc2)cc1,1.0,valid
NCc1ccccc1Sc1ccccc1CO,0.0,valid
c1ccc(Sc2ccccc2)cc1,0.0,valid
COCC(=O)Nc1cc(Sc2ccccc2)ccc1N=C(NC(=O)OC)NC(=O)OC,0.0,valid
Clc1ccc(Sc2cc(Cl)c(Cl)cc2Cl)cc1,0.0,valid
Cn1c(=O)c2c(ncn2CCOC(=O)C(C)(C)Oc2ccc(Cl)cc2)n(C)c1=O,0.0,valid
CC1(C)S[C@@H]2C(NC(=O)C3(N)CCCCC3)C(=O)N2C1C(=O)O,0.0,valid
CC[C@@H](C)C1NC(=O)C(CCCN)NC(=O)C(NC(=O)C(NC(=O)C(CCC(=O)O)NC(=O)C(CC(C)C)NC(=O)C2CSC([C@H](N)[C@H](C)CC)=N2)[C@@H](C)CC)CCCCNC(=O)C(CC(N)=O)NC(=O)C(CC(=O)O)NC(=O)C(Cc2c[nH]cn2)NC(=O)C(Cc2ccccc2)NC1=O,1.0,valid
O=C(CCNNC(=O)c1ccncc1)NCc1ccccc1,0.0,valid
CC1CCCC(C)N1NC(=O)c1ccc(Cl)c(S(N)(=O)=O)c1,0.0,valid
Cc1nnc(SCC2=C(C(=O)O)N3C(=O)C(NC(=O)Cn4cnnn4)[C@H]3SC2)s1,0.0,valid
O=C(Cn1cnnn1)NC1C(=O)N2C(C(=O)O)=C(CSc3nncs3)CS[C@H]12,0.0,valid
CC(C)(C)C(O)C(Oc1ccc(Cl)cc1)n1cncn1,0.0,valid
CCOC(=O)C(CCc1ccccc1)NC1CS[C@H](c2cccs2)CN(CC(=O)O)C1=O,0.0,valid
CCN(CC)CCOC(=O)c1cccnc1,0.0,valid
CCCCOCCOC(=O)COc1nc(Cl)c(Cl)cc1Cl,0.0,valid
O=C(O)c1cccc(Cl)n1,0.0,valid
CCOC(=O)CC(=O)c1cc(F)c(Cl)nc1Cl,0.0,valid
Nc1cccc(N)n1,0.0,valid
CCc1cnc(C(=O)O)c(C(=O)O)c1,0.0,valid
CCCc1cc(C(N)=S)ccn1,0.0,valid
N#Cc1cccnc1,0.0,valid
Cc1cccc(N)n1,0.0,valid
Cc1ncc(CO)c(CO)c1O,0.0,valid
Clc1nc(Cl)c(Cl)c(Cl)c1Cl,0.0,valid
NNC(=O)c1ccncc1,0.0,valid
O=C(O)c1ccncc1,0.0,valid
NC(=O)c1ccncc1,0.0,valid
NC(=S)N/N=C/c1cccnc1,0.0,valid
CC(=O)c1ccccn1,0.0,valid
O=C(NNCS(=O)(=O)O)c1ccncc1,0.0,valid
Nc1c(Cl)c(Cl)nc(C(=O)O)c1Cl,0.0,valid
Cc1ncc(CO)c(C=O)c1O,0.0,valid
CCN(Cc1ccc(Cl)nc1)C(C[N+](=O)[O-])=NC,0.0,valid
CC(=O)c1cccnc1,0.0,valid
NCc1cccnc1,0.0,valid
OCCc1ccccn1,0.0,valid
Nc1cccnc1,0.0,valid
O=C(O)c1ccccn1,0.0,valid
CCCCCCOC(=O)c1cccnc1,0.0,valid
CC(C)(C)NCC(O)c1ccc(O)c(CO)n1,0.0,valid
N#Cc1ccccn1,0.0,valid
CCc1cc(C(N)=S)ccn1,1.0,valid
CNC(=O)OCc1cccc(COC(=O)NC)n1,0.0,valid
CCCOC(=O)c1ccc(C(=O)OCCC)nc1,0.0,valid
O=C(O)c1cccnc1C(=O)O,0.0,valid
O=C(O)c1cccc(C(=O)O)n1,0.0,valid
Clc1cccc(C(Cl)(Cl)Cl)n1,0.0,valid
N#Cc1ccncc1,0.0,valid
O=C(O)c1nc(Cl)c(Cl)c(Cl)c1Cl,0.0,valid
Nc1c(Cl)c(F)nc(OCC(=O)O)c1Cl,0.0,valid
CN(C)c1ccncc1,0.0,valid
Clc1cc(C(Cl)(Cl)Cl)cnc1Cl,0.0,valid
COC(=O)c1cccnc1,0.0,valid
COP(=S)(OC)Oc1nc(Cl)c(Cl)cc1Cl,0.0,valid
Nc1ccccn1,0.0,valid
Cc1ccccn1,0.0,valid
Cc1cccnc1,0.0,valid
Cc1ccncc1,0.0,valid
CC=CC=NNC(=O)c1ccncc1,0.0,valid
CSC(=O)c1c(C(F)F)nc(C(F)(F)F)c(C(=O)SC)c1CC(C)C,0.0,valid
CCOP(=S)(OCC)Oc1nc(Cl)c(Cl)cc1Cl,0.0,valid
CC(C)NNC(=O)c1ccncc1,1.0,valid
Nc1ccncc1,0.0,valid
c1ccncc1,0.0,valid
O=C(O)c1nc(Cl)ccc1Cl,0.0,valid
O=C(O)COc1nc(Cl)c(Cl)cc1Cl,0.0,valid
ClCc1ccccn1,0.0,valid
ClCc1cccnc1,0.0,valid
OCc1cccnc1,0.0,valid
Clc1cc(Cl)c(Cl)nc1Cl,0.0,valid
OCCc1ccncc1,0.0,valid
O=C(O)c1cccnc1,0.0,valid
Cc1ccnc(N)c1,0.0,valid
Cc1ccc(N)nc1,0.0,valid
O=C(NCCO[N+](=O)[O-])c1cccnc1,0.0,valid
NC(=O)c1cccnc1,0.0,valid
Clc1ccc(C(Cl)(Cl)Cl)cn1,0.0,valid
Clc1ccccn1,0.0,valid
NCCNC(=O)c1ccc(Cl)cn1,0.0,valid
CN1[C@@H]2CC[C@H]1C[C@@H](OC1c3ccccc3CCc3ccccc31)C2,0.0,valid
CN1CCN(c2c(F)cc3c(=O)c(C(=O)O)cn4c3c2OCN4C)CC1,1.0,valid
CC(C)(C)C(=O)OCOC(=O)C1N2C(=O)CC2S(=O)(=O)C1(C)C,0.0,valid
CC1(C)C(C(=O)O)N2C(=O)C[C@H]2S1(=O)=O,0.0,valid
c1ccc(SCCSc2ccccc2)cc1,1.0,valid
C[C@H]1[C@@H](c2ccccc2)NC(=O)N1C,0.0,valid
CN[C@@H]1[C@@H](O[C@H]2O[C@H](CO)[C@@H](N)[C@H](O)[C@H]2O)O[C@H]2C[C@@H](N)[C@@H](O[C@H]3[C@H](O)[C@@H](O)[C@H](N)C[C@@H]3N)O[C@@H]2[C@@H]1O,0.0,valid
c1ccc(N=NNc2ccccc2)cc1,1.0,valid
CN1CCCC(n2nc(Cc3ccc(Cl)cc3)c3ccccc3c2=O)CC1,0.0,valid
Cc1oc(=O)oc1CN1CCN(c2cc3c(cc2F)c(=O)c(C(=O)O)c2n3C(C)S2)CC1,1.0,valid
Cc1ccccc1N=Nc1ccc(N=Nc2c(O)ccc3ccccc23)c(C)c1,1.0,valid
CCCC[C@H]1CN(CC2CCOCC2)C(=O)OC12CCN(C1(C)CCN(C(=O)c3c(C)ncnc3C)CC1)CC2,0.0,valid
CNCCC=C1c2ccccc2CCc2ccccc21,0.0,valid
CN(C)CCC=C1c2ccccc2CCc2ccccc21,0.0,valid
CCCCC(=O)N(Cc1ccc(-c2ccccc2-c2nn[nH]n2)cc1)C(C(=O)O)C(C)C,0.0,valid
CCCc1nc2c(C)cc(-c3nc4ccccc4n3C)cc2n1Cc1ccc(-c2ccccc2C(=O)O)cc1,0.0,valid
COc1ccc(C2CNC(=O)C2)cc1OC1CCCC1,0.0,valid
Cc1ccc(S(=O)(=O)NC(=O)N[C@@H](C)Cc2ccccc2)cc1,0.0,valid
Clc1ccccc1-c1nc(-c2ccncc2)no1,1.0,valid
NC(=O)C1C[C@]2(NC(=O)NC2=O)c2cc(F)ccc2O1,0.0,valid
O=C1NC(=O)[C@@]2(CCOc3ccc(F)cc32)N1,0.0,valid
c1ccc2c(c1)CCCC2,0.0,valid
CC(C)(C)NCC(O)COc1cccc2c1C[C@H](O)[C@H](O)C2,0.0,valid
OC1CCCc2ccccc21,0.0,valid
CC(=O)c1cc2c(cc1C)C(C)(C)C(C)CC2(C)C,0.0,valid
O=S(=O)(O)c1ccccc1C=Cc1ccc(-c2ccc(C=Cc3ccccc3S(=O)(=O)O)cc2)cc1,0.0,valid
COc1ccc2c(c1)C(=O)N(CCc1ccc(S(=O)(=O)NC(=O)NC3CCCCC3)cc1)C(=O)C2(C)C,0.0,valid
CCn1nc(C(=O)O)c(=O)c2cc3c(cc21)OCO3,0.0,valid
Nc1ccc(N=Nc2ccc(-c3ccc(N=Nc4c(S(=O)(=O)O)cc5cc(S(=O)(=O)O)c(N=Nc6ccccc6)c(O)c5c4N)cc3)cc2)c(N)c1,0.0,valid
NS(=O)(=O)c1cc2c(cc1C(F)(F)F)NC(Cc1ccccc1)NS2(=O)=O,0.0,valid
NS(=O)(=O)c1cc2c(cc1Cl)NC(Cc1ccccc1)NS2(=O)=O,0.0,valid
N#Cc1cc2ccccc2c2ccccc12,0.0,valid
CC(=O)c1ccc2ccc3ccccc3c2c1,1.0,valid
CCCCN(CCCC)CCC(O)c1cc2c(Cl)cc(Cl)cc2c2cc(C(F)(F)F)ccc12,0.0,valid
c1ccc2c(c1)ccc1ccccc12,0.0,valid
Brc1cc2ccccc2c2ccccc12,0.0,valid
COc1cc(NS(=O)(=O)c2ccc(N)cc2)nc(C)n1,0.0,valid
COc1cc(NS(=O)(=O)c2ccc(N)cc2)ncn1,0.0,valid
COc1cc(NS(=O)(=O)c2ccc(N)cc2)nc(OC)n1,0.0,valid
COc1ncnc(NS(=O)(=O)c2ccc(N)cc2)c1OC,0.0,valid
Cc1cc(NS(=O)(=O)c2ccc(N)cc2)nc(C)n1,0.0,valid
c1ccc2c(c1)-c1cccc3c1c-2cc1ccccc13,0.0,valid
Cc1cnc(C(=O)O)c[n+]1[O-],0.0,valid
CC(=O)Nc1c(I)c(C(=O)N[C@H]2C(O)O[C@H](CO)[C@@H](O)[C@@H]2O)c(I)c(N(C)C(C)=O)c1I,0.0,valid
COC1=CC(=O)OC(CCc2ccccc2)C1,0.0,valid
O=C1NC2NC(=O)NC2N1,0.0,valid
COC(=O)C1[C@H]2C[C@@H]3c4[nH]c5cc(OC)ccc5c4CCN3C[C@H]2C[C@@H](OC(=O)C=Cc2cc(OC)c(OC)c(OC)c2)[C@@H]1OC,0.0,valid
O=C(O)CC/C=C\CC[C@@H]1[C@@H](N2CCCCC2)[C@@H](O)C[C@@H]1OCc1ccc(-c2ccccc2)cc1,0.0,valid
CC(=O)SCC(C)C(=O)N1CCCC1C(=O)NC(Cc1ccccc1)C(=O)O,0.0,valid
N#CC1(N=NC2(C#N)CCCCC2)CCCCC1,0.0,valid
C=C(C)C1C=CC(C)C(=O)C1,0.0,valid
C=C(C)[C@H]1C=CC(C)C(=O)C1,0.0,valid
C=C(C)[C@@H]1C=CC(C)C(=O)C1,0.0,valid
CN(C)C(=O)NC1(c2ccccc2)CCN(CCC[C@@]2(c3ccc(Cl)c(Cl)c3)CCCN(C(=O)c3ccccc3)C2)CC1,0.0,valid
CC1(C)C2CC[C@]3(C)C(C(=O)C=C4C5C[C@@](C)(C(=O)O)CC[C@]5(C)CC[C@]43C)[C@@]2(C)CC[C@@H]1O[C@H]1OC(C(=O)O)[C@@H](O)[C@H](O)[C@H]1O[C@@H]1OC(C(=O)O)[C@@H](O)[C@H](O)[C@H]1O,1.0,valid
CC1(C)[C@@H](O[C@H]2OC(C(=O)O)[C@@H](O)[C@H](O)[C@H]2O[C@@H]2OC(C(=O)O)[C@@H](O)[C@H](O)[C@H]2O)CC[C@]2(C)C3C(=O)C=C4C5C[C@@](C)(C(=O)O)CC[C@]5(C)CC[C@@]4(C)[C@]3(C)CC[C@@H]12,0.0,valid
CCOc1cc(N)c(Cl)cc1C(=O)NCC1CN(Cc2ccc(F)cc2)CCO1,0.0,valid
O=C1c2cccc3c2[C@H](CCC3)CN1[C@@H]1CN2CCC1CC2,0.0,valid
C[Si](NC1CCCCC1)(NC1CCCCC1)NC1CCCCC1,0.0,valid
CC(=O)O[C@H]1C[C@@H]2CC[C@@H]3[C@H](CC[C@@]4(C)[C@H]3C[C@H]([N+]3(C)CCCCC3)[C@@H]4OC(C)=O)[C@@]2(C)C[C@@H]1[N+]1(C)CCCCC1,0.0,valid
C(=C(c1ccccc1)c1ccccc1)c1ccccc1,1.0,valid
CC/C(=C(\c1ccccc1)c1ccc(OCCN(C)C)cc1)c1ccccc1,1.0,valid
COc1ccc(C(Cl)=C(c2ccc(OC)cc2)c2ccc(OC)cc2)cc1,0.0,valid
C[C@H]1CCCC(=O)CCC=CCc2cc(O)cc(O)c2C(=O)O1,1.0,valid
O=C(O)CSCC(=O)NC1CCSC1=O,0.0,valid
CC(=O)NC1CCSC1=O,0.0,valid
O=C(NCNC(=O)Nc1c(O)[nH]c(=O)n1CO)Nc1c(O)[nH]c(=O)n1CO,0.0,valid
NS(=O)(=O)c1cc(C(=O)O)cc(N2CCCC2)c1Oc1ccccc1,0.0,valid
O=C(OC1CN2CCC1CC2)c1ccccc1,0.0,valid
C[C@]12CCC(=O)C=C1CC[C@@H]1[C@@H]2[C@@H](O)C[C@@]2(C)[C@H]1CC[C@]2(O)C(=O)COP(=O)(O)O,1.0,valid
C[C@]12CCC(=O)C=C1CC[C@@H]1[C@@H]2CC[C@@]2(C)[C@H]1CC[C@]2(C)O,1.0,valid
C[C@]12CCC(=O)C=C1CC[C@@H]1[C@@H]2CC[C@]2(C)C(C(=O)CO)CC[C@@H]12,1.0,valid
C[C@]12CCC(=O)C=C1CC[C@H]1[C@@H]3CC[C@](O)(C(=O)CO)[C@@]3(C)C[C@H](O)[C@@]12F,1.0,valid
C[C@]12CCC(=O)C=C1CC[C@@H]1[C@@H]2[C@@H](O)C[C@]2(C)C(C(=O)CO)CC[C@@H]12,0.0,valid
C[C@]12CCC(=O)C=C1CC[C@@H]1[C@@H]2[C@@H](O)C[C@@]2(C)[C@H]1CC[C@]2(O)C(=O)CO,1.0,valid
Nc1nc(N)c2nc(CNc3ccc(C(=O)NC(CCC(=O)O)C(=O)O)cc3)cnc2n1,0.0,valid
CN(Cc1cnc2nc(N)nc(N)c2n1)c1ccc(C(=O)NC(CCC(=O)O)C(=O)O)cc1,0.0,valid
CCC1(C)CC(=O)NC1=O,0.0,valid
O=C1c2ccccc2CCc2ccccc21,1.0,valid
C/C=C/C[C@@H](C)[C@@H](O)C1C(=O)NC(CC)C(=O)N(C)CC(=O)N(C)C(CC(C)C)C(=O)NC(C(C)C)C(=O)N(C)C(CC(C)C)C(=O)NC(C)C(=O)NC(C)C(=O)N(C)C(CC(C)C)C(=O)N(C)C(CC(C)C)C(=O)N(C)C(C(C)C)C(=O)N1C,0.0,valid
CCOc1cccc([C@]2(N3CCN(c4ccccc4)CC3)CC[C@@H](C)CC2)c1,0.0,valid
C[C@@H](O)C1C(=O)N2C(C(=O)O)=C(S[C@@H]3CNC(C(=O)N(C)C)C3)[C@H](C)[C@H]12,0.0,valid
c1ccc2c(c1)ccc1ncccc12,0.0,valid
NC(C(=O)NC1C(=O)N2C(C(=O)O)=C(CSc3c[nH]nn3)CS[C@H]12)c1ccc(O)cc1,0.0,valid
CN(C)c1ccc(O)c2c1C[C@H]1C[C@H]3C(N(C)C)C(=O)C(C(N)=O)C(=O)[C@@]3(O)C(=O)C1C2=O,0.0,valid
CN(C)C1C(=O)C(C(=O)NCNC(CCCCN)C(=O)O)C(=O)[C@@]2(O)C(=O)C3C(=O)c4c(O)cccc4[C@@](C)(O)C3C[C@@H]12,0.0,valid
CC1c2cccc(O)c2C(=O)C2C(=O)[C@]3(O)C(=O)C(C(N)=O)C(=O)C(N(C)C)[C@@H]3[C@@H](O)[C@@H]21,0.0,valid
CN(C)C1C(=O)C(C(N)=O)C(=O)[C@@]2(O)C(=O)C3C(=O)c4c(O)cccc4[C@@](C)(O)[C@H]3C[C@@H]12,0.0,valid
CN(C)C1C(=O)C(C(N)=O)C(=O)[C@@]2(O)C(=O)C3C(=O)c4c(O)cccc4[C@@](C)(O)[C@H]3[C@H](O)[C@@H]12,0.0,valid
CC[C@H]1OC(=O)C(C)[C@@H](O[C@H]2C[C@@](C)(OC)[C@@H](O)[C@H](C)O2)[C@H](C)[C@@H](O[C@@H]2O[C@H](C)C[C@H](N(C)C)[C@H]2O)[C@](C)(O)C[C@@H](C)CN(C)[C@H](C)[C@@H](O)[C@]1(C)O,0.0,valid
O=C(Nc1ccccc1)OCC(CN1CCCCC1)OC(=O)Nc1ccccc1,0.0,valid
C[C@]12N[C@H](Cc3ccccc31)c1ccccc12,0.0,valid
CC1(C)[C@@H](O)CC[C@]2(C)C3C(=O)C=C4C5C[C@@](C)(C(=O)O)CC[C@]5(C)CC[C@@]4(C)[C@]3(C)CC[C@@H]12,0.0,valid
CC1(C)[C@@H](OC(=O)CCC(=O)O)CC[C@]2(C)C3C(=O)C=C4C5C[C@@](C)(C(=O)O)CC[C@]5(C)CC[C@@]4(C)[C@]3(C)CC[C@@H]12,0.0,valid
O=C(O)c1cccc(N(Cc2cccnc2)c2ccc(OC(F)F)c(OC(F)F)c2)c1,0.0,valid
Cc1ccc(O)c(-n2nc3ccccc3n2)c1,1.0,valid
Cc1cc(-n2nc3ccc(Cl)cc3n2)c(O)c(C(C)(C)C)c1,1.0,valid
CCC(C)(C)c1cc(-n2nc3ccccc3n2)c(O)c(C(C)(C)CC)c1,0.0,valid
CC(C)(C)CC(C)(C)c1ccc(O)c(-n2nc3ccccc3n2)c1,0.0,valid
CC(C)NCC(O)COc1ccccc1-n1cccc1,0.0,valid
O=c1c(O)cc2c(O)oc3c(=O)c(O)cc4c(O)oc1c2c43,0.0,valid
Cc1cc(=O)c(C(=O)NC(C(=O)NC2C(=O)N3C(C(=O)O)=C(CSc4nnnn4C)CS[C@H]23)c2ccc(O)cc2)c[nH]1,1.0,valid
C1CN(CCOCCN2CCOCC2)CCO1,0.0,valid
CCC(C)(CC)c1cc(NC(=O)c2c(OC)cccc2OC)on1,0.0,valid
OC[C@H]1O[C@@H](n2cnc3c(=S)[nH]cnc32)[C@H](O)[C@@H]1O,0.0,valid
CC(=O)OCC1=C(C(=O)O)N2C(=O)C(N)C2SC1,0.0,valid
O=C(Oc1ccccc1C(=O)O)c1ccccc1O,1.0,valid
Nc1ccc(C(=O)Oc2ccccc2)c(O)c1,1.0,valid
CN(C)C(=O)COC(=O)Cc1ccc(OC(=O)c2ccc(N=C(N)N)cc2)cc1,0.0,valid
CC(=O)Nc1ccc(OC(=O)c2ccccc2OC(C)=O)cc1,0.0,valid
O=C(Oc1ccccc1)c1ccccc1O,0.0,valid
CC(C)(C)c1ccc(OC(=O)c2ccccc2O)cc1,1.0,valid
O=C(Oc1ccccc1)c1ccc(O)cc1,1.0,valid
Cc1ccc(OC(=O)c2ccccc2O)cc1,0.0,valid
O=C(Oc1ccccc1)c1ccccc1,0.0,valid
NS(=O)(=O)c1cc(C(=O)O)c(NCc2ccco2)cc1Cl,1.0,valid
CCCC(NC(C)C(=O)N1C(C(=O)O)C[C@@H]2CCCC[C@@H]21)C(=O)OCC,0.0,valid
O=C1CCCC(=O)O1,0.0,valid
C=C1C[C@H]2C3=CC(C)=C4CC(=O)CC[C@]4(C)[C@H]3CC[C@]2(C)[C@@]1(OC(C)=O)C(C)=O,0.0,valid
Oc1[nH]c(O)c2c1[C@@H]1C=C[C@H]2C1,0.0,valid
COc1cc2c(cc1OC)C1CC(=O)C(CC(C)C)CN1CC2,0.0,valid
CC1C(C)(C)C2=C(C(=O)CCC2)C1(C)C,0.0,valid
CSCCC(NC(=O)C(Cc1ccc(OS(=O)(=O)O)cc1)NC(=O)C(N)CC(=O)O)C(=O)NCC(=O)NC(Cc1c[nH]c2ccccc12)C(=O)NC(CCSC)C(=O)NC(CC(=O)O)C(=O)NC(Cc1ccccc1)C(N)=O,1.0,valid
Cn1cc(C2=C(c3cn(C4CCN(Cc5ccccn5)CC4)c4ccccc34)C(=O)NC2=O)c2ccccc21,0.0,valid
CCCCC(C#N)(Cn1cncn1)c1ccc(Cl)cc1,0.0,valid
CC(CNC(=O)c1cccnc1)NC(=O)c1cccnc1,0.0,valid
CC(C)CC1C(=O)N2CCC[C@H]2[C@]2(O)O[C@](NC(=O)C3C=C4c5cccc6[nH]c(Br)c(c56)C[C@H]4N(C)C3)(C(C)C)C(=O)N12,0.0,valid
CCOc1ccccc1O[C@H](c1ccccc1)[C@H]1CNCCO1,0.0,test
CC1(C)OC[C@@H](COC(=O)CCc2ccc(OC[C@@H](O)CNCCNC(=O)N3CCOCC3)cc2)O1,0.0,test
NS(=O)(=O)c1cc2c(cc1Cl)N=C(CSCc1ccccc1)NS2(=O)=O,0.0,test
Cc1cccc(C)c1NC(=O)CN1CCN(CCCC(c2ccc(F)cc2)c2ccc(F)cc2)CC1,0.0,test
CC(C)CC(NC(=O)C(Cc1c[nH]c2ccccc12)NC(=O)C(Cc1ccc(O)cc1)NC(=O)C(CO)NC(=O)C(Cc1c[nH]c2ccccc12)NC(=O)C(Cc1c[nH]cn1)NC(=O)C1CCC(=O)N1)C(=O)NC(CCCN=C(N)N)C(=O)N1CCCC1C(=O)NCC(N)=O,0.0,test
CC#CCC(C)[C@H](O)/C=C/[C@@H]1[C@H]2c3cccc(CCCC(=O)O)c3O[C@H]2C[C@H]1O,1.0,test
CCCN(CCc1cccs1)[C@H]1CCc2c(O)cccc2C1,0.0,test
c1ccc2sc(SSc3nc4ccccc4s3)nc2c1,0.0,test
Cc1cccc2sc3nncn3c12,0.0,test
CN1C(C(=O)Nc2ccccn2)C(=O)c2ccccc2S1(=O)=O,0.0,test
CSc1ccc(C(=O)C(C)(C)N2CCOCC2)cc1,1.0,test
COC(=O)c1c(C(F)F)nc(C(F)(F)F)c(C2=NCCS2)c1CC(C)C,0.0,test
CCCC=c1ncc(=CC(Cc2cccs2)C(=O)O)n1Cc1ccc(C(=O)O)cc1,0.0,test
CN1C(=O)CC(C)(c2ccccc2)C1=O,0.0,test
O=C1CCCCCCCCCCCCCC1,0.0,test
O=C(O)c1cc(=O)c2c(OCC(O)COc3cccc4oc(C(=O)O)cc(=O)c34)cccc2o1,0.0,test
O=c1[nH]nc(-c2ccc([N+](=O)[O-])o2)o1,0.0,test
CC1=NC(C)=C(P2(=O)OCC(C)(C)CO2)C(c2cccc([N+](=O)[O-])c2)C1C(=O)OCCN(Cc1ccccc1)c1ccccc1,0.0,test
O=C1N(c2ccccc2)c2ccccc2C1(Cc1ccncc1)Cc1ccncc1,0.0,test
CC[C@H]1OC(=O)C(C)C(=O)C(C)[C@@H](O[C@@H]2O[C@H](C)C[C@H](N(C)C)[C@H]2O)[C@](C)(OC)CC(C)C(=O)C(C)[C@H]2N(CCCCn3cnc(-c4cccnc4)c3)C(=O)O[C@]12C,0.0,test
CON=C(C(=O)NC1C(=O)N2C(C(=O)O)=C(CSC(=O)c3ccco3)CS[C@H]12)c1csc(N)n1,0.0,test
Cc1c(-c2cccnc2)c2ccccc2n1CCCCC(=O)O,0.0,test
O=c1c(O)c(O)c1=O,0.0,test
CCCc1nc(C)c2c(=O)[nH]c(-c3cc(S(=O)(=O)N4CCN(CC)CC4)ccc3OCC)nn12,0.0,test
O=c1[nH]cnc2[nH]ncc12,0.0,test
CCCCc1c(C)[nH]c(NCC)nc1=O,0.0,test
COc1nccnc1NS(=O)(=O)c1ccc(N)cc1,0.0,test
O=C(O)c1cc(=O)c2ccccc2o1,0.0,test
O=C(O)Cc1sc(-c2ccccc2)nc1-c1ccc(Cl)cc1,0.0,test
CC1(C)CN=C(NN=C(C=Cc2ccc(C(F)(F)F)cc2)C=Cc2ccc(C(F)(F)F)cc2)NC1,1.0,test
CC(C)=C[C@@H]1C(C(=O)OCc2coc(Cc3ccccc3)c2)C1(C)C,0.0,test
CC(C)=CC1C(C(=O)OCc2coc(Cc3ccccc3)c2)C1(C)C,0.0,test
CC(=O)N[C@H]1[C@@H](OC2C(C(=O)O)O[C@@H](OC3[C@H]4CO[C@H](O4)[C@H](NS(=O)(=O)O)[C@H]3O)[C@H](O)[C@H]2O)O[C@H](CO)[C@@H](O[C@@H]2CC(C(=O)O)[C@@H](O[C@H]3O[C@H](COS(=O)(=O)O)[C@@H](O[C@@H]4OC(C(=O)O)=C[C@H](O)[C@H]4O)[C@H](O)[C@H]3NC(C)=O)[C@H](O)[C@H]2O)[C@@H]1C,0.0,test
CC(C)(C#N)c1cc(Cn2cncn2)cc(C(C)(C)C#N)c1,0.0,test
COCCOCC(CC1(C(=O)NC2CCC(C(=O)O)CC2)CCCC1)C(=O)Oc1ccc2c(c1)CCC2,0.0,test
O=C1CCC(C(=O)N2CSCC2C(=O)O)N1,0.0,test
N[C@H]1CN(c2c(F)cc3c(=O)c(C(=O)O)cn(C4C[C@H]4F)c3c2Cl)CC12CC2,0.0,test
C[N+]1(CC2COC(c3ccccc3)(c3ccccc3)O2)CCCCC1,0.0,test
N#C[C@@H]1CC(F)(F)CN1C(=O)CNC1CC2CCC(C1)N2c1ncccn1,0.0,test
CCN1CN(CC)CN(CC)C1,0.0,test
COc1ccccc1Oc1c(NS(=O)(=O)c2ccc(C(C)(C)C)cc2)nc(-c2ncccn2)nc1OCCO,0.0,test
O=S1(=O)CC=CC1,0.0,test
O=C(OCc1ccccc1)c1cccnc1,0.0,test
CN(C)CC/C=C1/c2ccccc2CSc2ccccc21,0.0,test
CC1(C)COP(Oc2ccccc2)OC1,0.0,test
Cc1ccc(S(=O)(=O)NC(=O)NC2CCCCCCC2)cc1,0.0,test
C[C@H](CCC(=O)O)[C@H]1CC[C@H]2C3C(=O)C[C@@H]4CC(=O)CC[C@]4(C)[C@H]3CC(=O)[C@]12C,0.0,test
CCCN1C=CN(C)C1,0.0,test
CCCCN1C=CN(C)C1,0.0,test
CCN1C=CN(C)C1C,0.0,test
C1=CCC2CC=CC2C1,0.0,test
CCC(C(=O)C(C)[C@@H](O)[C@H](C)CCc1ccc(C)c(O)c1C(=O)O)[C@H]1O[C@](CC)([C@H]2CC[C@](O)(CC)[C@H](C)O2)C[C@@H]1C,0.0,test
CN1C(=O)OC(C)(C)C1=O,0.0,test
CC1(C)OC(=O)NC1=O,1.0,test
C[C@]12C=CC3=C(CC=C4CC(=O)CCC43)[C@@H]1CC[C@@H]2O,1.0,test
COc1cc2c(cc1OC)C(C(C(=O)N(CCc1ccc(OC)c(OC)c1OC)CCc1ccc(OC)c(OC)c1OC)c1ccccc1)=NCC2,0.0,test
O=C1O[C@H]2C(O[C@@H](O)[C@@H]2O)C1O,0.0,test
C[C@H](CCC(=O)NCC(=O)O)[C@H]1CC[C@H]2[C@@H]3[C@H](O)C[C@@H]4C[C@H](O)CC[C@]4(C)[C@H]3C[C@H](O)[C@]12C,1.0,test
CC(=O)C1CC[C@H]2[C@@H]3CC[C@H]4C[C@H](O)CC[C@]4(C)[C@H]3CC[C@]12C,1.0,test
C[C@H](CCC(=O)O)[C@H]1CC[C@H]2[C@@H]3CC[C@@H]4C[C@H](O)CC[C@]4(C)[C@H]3CC[C@]12C,0.0,test
CC(=O)C1CC[C@H]2[C@@H]3CC[C@H]4C[C@](C)(O)CC[C@]4(C)[C@H]3CC[C@]12C,0.0,test
C[C@H](CCC(=O)O)[C@H]1CC[C@H]2[C@@H]3[C@H](O)C[C@@H]4C[C@H](O)CC[C@]4(C)[C@H]3C[C@H](O)[C@]12C,0.0,test
C[C@H](CCC(=O)O)[C@H]1CC[C@H]2[C@@H]3[C@H](O)C[C@@H]4C[C@H](O)CC[C@]4(C)[C@H]3CC[C@]12C,0.0,test
C[C@H](CCC(=O)O)[C@H]1CC[C@H]2[C@@H]3CC[C@@H]4C[C@H](O)CC[C@]4(C)[C@H]3C[C@H](O)[C@]12C,0.0,test
CC(O)[C@H]1CC[C@H]2[C@@H]3CC[C@@H]4C[C@@H](O)CC[C@]4(C)[C@H]3CC[C@]12C,1.0,test
CC(C)CCC[C@@H](C)[C@H]1CC[C@H]2[C@@H]3CC[C@@H]4C[C@H](O)CC[C@]4(C)[C@H]3CC[C@]12C,0.0,test
C[C@@]12CCC[C@H]1[C@@H]1CC[C@H]3C[C@@H](O)CC[C@]3(C)[C@H]1CC2,1.0,test
COc1cc(C(C)=O)ccc1OCCCN1CCC(c2noc3cc(F)ccc23)CC1,0.0,test
COc1nc(C)nc(Cl)c1NC1=NCCN1,0.0,test
CCC[N+]1(C)CCCC1,0.0,test
CCCC[N+]1(C)CCCC1,0.0,test
CC[N+]1(C)CCCC1,0.0,test
Nc1nc(N)c(-c2ccccc2)s1,0.0,test
Cc1cc2c(s1)Nc1ccccc1N=C2N1CCN(C)CC1,0.0,test
c1ccc2c(c1)[nH]c1cnccc12,0.0,test
Cc1nc2ccccc2c(=O)o1,0.0,test
CC(=O)c1cc(C(C)(C)C)cc2c1CCC2(C)C,0.0,test
Oc1ccc(Cl)c2c1CCC2,0.0,test
C#CCN[C@@H]1CCc2ccccc21,0.0,test
O=C(O)Cc1nn(Cc2ccc(Br)cc2F)c(=O)c2ccccc12,0.0,test
CN1C(=O)COc2c(C(=O)NC3CN4CCC3CC4)cc(Cl)cc21,0.0,test
N=C1N=C(N)c2ccccc21,0.0,test
Cc1ccnc2c1NC(=O)c1cccnc1N2C1CC1,0.0,test
CO[C@]1(NC(=O)CSC(F)F)C(=O)N2C(C(=O)O)=C(CSc3nnnn3CCO)CO[C@H]21,0.0,test
O=C(O)c1ccc(NC(=O)C(Cc2ccc(O)cc2)NC(=O)c2ccccc2)cc1,0.0,test
O=C1C(CC[C@H](O)c2ccc(F)cc2)[C@@H](c2ccc(O)cc2)N1c1ccc(F)cc1,0.0,test
O=C1OC(=O)c2cccc3cccc1c23,0.0,test
C[C@@H](Cc1ccccc1)NCCC(c1ccccc1)c1ccccc1,0.0,test
OCc1cc(O)c2c(O)c3c(O)cccc3c([C@@H]3O[C@H](CO)[C@@H](O)[C@H](O)[C@H]3O)c2c1,1.0,test
Cc1cc(N)no1,0.0,test
ClC1=C(Cl)C2(Cl)C(CBr)CC1(Cl)C2(Cl)Cl,0.0,test
C=CC1CC2C=CC1C2,0.0,test
O=C(O)C1C(C(=O)O)C2(Cl)C(Cl)=C(Cl)C1(Cl)C2(Cl)Cl,0.0,test
CCOc1ccc(C(C)(C)COCc2cccc(Oc3ccccc3)c2)cc1,0.0,test
C[C@@H](O)C1C(=O)N2C(C(=O)[O-])=C(SC3Cn4cnc[n+]4C3)[C@H](C)[C@H]12,0.0,test
Oc1oc(O)c2c1CCCC2,0.0,test
Oc1ccc(OCc2ccccc2)cc1,1.0,test
CNCCC(Oc1ccccc1OC)c1ccccc1,0.0,test
CNCC[C@@H](Oc1ccccc1C)c1ccccc1,0.0,test
CO/N=C(/C(=O)OC)c1ccccc1COc1ccccc1C,0.0,test
Clc1ccc(COC(Cn2ccnc2)c2ccc(Cl)cc2Cl)cc1,0.0,test
Clc1ccc(C(Cn2ccnc2)OCc2c(Cl)cccc2Cl)c(Cl)c1,0.0,test
Clc1ccc(COC(Cn2ccnc2)c2ccc(Cl)cc2Cl)c(Cl)c1,0.0,test
Cc1cc(C(C)(C)C)c(O)c(C)c1CC1=NCCN1,0.0,test
c1ccc(CC2=NCCN2)cc1,0.0,test
Cc1cc(C(C)(C)C)cc(C)c1CC1=NCCN1,0.0,test
C/C(=C(/CCO)SSCC1CCCO1)N(C=O)Cc1cnc(C)nc1N,0.0,test
CN(C)CCN(Cc1ccccc1)c1ccccn1,0.0,test
COc1ccc(CN(CCN(C)C)c2ccccn2)cc1,0.0,test
CCOC(=O)Nc1ccc(NCc2ccc(F)cc2)nc1N,1.0,test
CN(C)CCN(Cc1ccc(Cl)cc1)c1ccccn1,0.0,test
CC(C)COCC(CN(Cc1ccccc1)c1ccccc1)N1CCCC1,0.0,test
CCNC1(c2cccs2)CCCCC1=O,0.0,test
O=C(C1CCCCC1)N1CC(=O)N2CCc3ccccc3C2C1,1.0,test
CCN(C(C)=O)c1cccc(-c2ccnc3c(C#N)cnn23)c1,0.0,test
CCCCOC(=O)C(=O)Nc1cccc(-c2nn[nH]n2)c1,0.0,test
c1ccc(-c2nn[nH]n2)cc1,0.0,test
OC[C@H]1O[C@@H]2O[C@H]3[C@H](O)[C@@H](O)[C@@H](O[C@H]4[C@H](O)[C@@H](O)[C@@H](O[C@H]5[C@H](O)[C@@H](O)[C@@H](O[C@H]6[C@H](O)[C@@H](O)[C@@H](O[C@H]7[C@H](O)[C@@H](O)[C@@H](O[C@H]8[C@H](O)[C@@H](O)[C@@H](O[C@H]1[C@H](O)[C@H]2O)O[C@@H]8CO)O[C@@H]7CO)O[C@@H]6CO)O[C@@H]5CO)O[C@@H]4CO)O[C@@H]3CO,0.0,test
c1ccc(CSCc2ccccc2)cc1,1.0,test
CC1CCCCN1CCCOC(=O)c1ccccc1,0.0,test
O=C(O)COc1ccc(C(=O)c2cccs2)c(Cl)c1Cl,0.0,test
CC(C(=O)O)c1ccc(C(=O)c2cccs2)cc1,0.0,test
O=C(O)c1[nH]n(-c2ccc(S(=O)(=O)O)cc2)c(=O)c1N=Nc1ccc(S(=O)(=O)O)cc1,0.0,test
Cc1[nH]n(-c2cc(S(=O)(=O)O)ccc2Cl)c(=O)c1N=Nc1ccccc1,0.0,test
Cc1[nH]n(-c2cc(Cl)c(S(=O)(=O)O)cc2Cl)c(=O)c1N=Nc1ccc(S(=O)(=O)O)cc1,0.0,test
CCCCCCCCCCCCCCCC(=O)OC/C=C(C)/C=C/C=C(C)/C=C/C1=C(C)CCCC1(C)C,0.0,test
CC(=O)OC/C=C(C)/C=C/C=C(C)/C=C/C1=C(C)CCCC1(C)C,0.0,test
C=C(C)[C@H]1CC=C(C)CC1,0.0,test
C=C(C)C1CC=C(C)C(OC(C)=O)C1,0.0,test
O=CC1CC=CCC1,0.0,test
C=CCCC(=O)C=CC1=C(C)CCCC1(C)C,0.0,test
C=C(C)C1CC=C(C)C(O)C1,0.0,test
CC1=CCC(C(C)(C)O)CC1,0.0,test
CC(C)(O)CCCC1=CCC(C=O)CC1,1.0,test
CC1=CC(C)C(C=O)C(C)C1,0.0,test
CC1=C(/C=C/C(C)=C/C=C/C(C)=C/CO)C(C)(C)CCC1,0.0,test
CC1=CC(O)CC(C)(C)C1,0.0,test
CC(=O)C(C)=CC1=C(C)CCCC1(C)C,0.0,test
C=C(C)[C@@H]1CC=C(C=O)CC1,0.0,test
CC1=C(C=O)C(C)(C)CCC1,0.0,test
CC(=O)OC(C)(C)C1CC=C(C)CC1,1.0,test
CCOC(=O)C1=C[C@@H](OC(CC)CC)[C@H](NC(C)=O)[C@@H](N)C1,0.0,test
CC1=C(/C=C/C(C)=C/C=C/C(C)=C\C=O)C(C)(C)CCC1,0.0,test
C=C(C)C1CC=C(C)CC1,0.0,test
CC1=C(CC=O)C(C)(C)CCC1,0.0,test
CCC(=O)C1=C(C)CCC(C(C)C)C1,0.0,test
CC(C)=CCC[C@](C)(O)[C@@H]1CC=C(C)CC1,0.0,test
CC(=O)C=CC1=C(C)CCC(C)C1(C)C,0.0,test
C=CC1CC=CCC1,0.0,test
CCC(=O)C=CC1=C(C)CCCC1(C)C,0.0,test
OCC1CC=CCC1,0.0,test
CC(=O)C=CC1=C(C)CCCC1(C)C,0.0,test
CC(=O)CCC1=C(C)CCCC1(C)C,0.0,test
CCCC1CCOC(C)S1,0.0,test
O=S(=O)(c1ccc(O)cc1)c1ccc(O)cc1,1.0,test
Nc1ccccc1S(=O)(=O)c1ccccc1,0.0,test
Nc1cccc(S(=O)(=O)c2cccc(N)c2)c1,0.0,test
O=S(=O)(c1ccccc1)c1ccccc1,0.0,test
Nc1ccc(S(=O)(=O)c2ccc(N)cc2)cc1,0.0,test
O=S(O)CNc1ccc(S(=O)(=O)c2ccc(NCS(=O)O)cc2)cc1,0.0,test
NC(=O)c1cn(Cc2c(F)cccc2F)nn1,0.0,test
NC(=O)C1CCCN1C(=O)C(Cc1c[nH]cn1)NC(=O)C1CCC(=O)N1,0.0,test
C[C@@H]1CN([C@H]2CC[C@](C#N)(c3ccc(F)cc3)CC2)CC[C@]1(C(=O)O)c1ccccc1,0.0,test
c1ccc2c(c1)Sc1ccccc1N2CCN1CCCC1,0.0,test
CC1(C)S[C@@H]2C(NC(=O)C(C(=O)O)c3ccsc3)C(=O)N2C1C(=O)O,0.0,test
CC(C)(Cc1c[nH]c2ccccc12)NCC(O)COc1ccccc1C#N,0.0,test
CN1CCCC(CN2c3ccccc3Sc3ccccc32)C1,0.0,test
CC1CC(OC(=O)c2ccccc2O)CC(C)(C)C1,0.0,test
CC1CCC(C(C)C)C(OC(=O)c2ccccc2N)C1,1.0,test
CC(C)(C)c1ccc(CCOc2ncnc3ccccc23)cc1,0.0,test
Nc1nc(N)nc(-c2cc(Cl)ccc2Cl)n1,0.0,test
Nc1nc(N)nc(-c2ccccc2)n1,1.0,test
Nc1nc2cc(Cl)ccc2o1,0.0,test
COc1ccc(C(=O)Nc2ccccc2)cc1[N+](=O)[O-],1.0,test
CC(C)Oc1cccc(NC(=O)c2ccccc2C(F)(F)F)c1,0.0,test
Nc1ccc(NC(=O)c2ccc(N)cc2)cc1,0.0,test
O=C(Nc1ccccc1)c1ccccc1I,0.0,test
CC(C)OC(=O)C(C)N(C(=O)c1ccccc1)c1ccc(F)c(Cl)c1,1.0,test
O=C(Nc1ccc(C(=O)O)c(O)c1)c1ccccc1,0.0,test
Nc1ccc(C(=O)Nc2ccccc2N)cc1,1.0,test
Cc1ccccc1C(=O)Nc1cccc(OC(C)C)c1,0.0,test
O=C(Nc1ccc(O)cc1)c1ccccc1O,1.0,test
CCCCCCCCOc1ccccc1C(=O)Nc1ccc(C(=O)OCC[N+](C)(CC)CC)cc1,0.0,test
CC(C)=CCC/C(C)=C/CC/C(C)=C/CC=C(C)C=Cc1c(C)c(O)c2ccccc2c1O,0.0,test
Cc1ccc2ccccc2c1[N+](=O)[O-],0.0,test
Nc1ccc2cc(S(=O)(=O)O)cc(O)c2c1,0.0,test
COC(=O)Cc1cccc2ccccc12,0.0,test
COc1ccc2cc([C@H](C)CO)ccc2c1,1.0,test
Nc1ccc2cc(S(=O)(=O)O)ccc2c1,0.0,test
O=C(O)c1ccc2cc(C(=O)O)ccc2c1,0.0,test
O=C(O)Cc1cccc2ccccc12,0.0,test
Oc1cccc2ccccc12,0.0,test
CN(C/C=C/C#CC(C)(C)C)Cc1cccc2ccccc12,0.0,test
COc1ccc2c(C(=S)N(C)CC(=O)O)cccc2c1C(F)(F)F,0.0,test
COc1ccc2ccccc2c1,0.0,test
COc1ccc2cc(CCC(C)=O)ccc2c1,1.0,test
CCOC(=O)Cc1cccc2ccccc12,0.0,test
O=S(=O)(O)c1ccc2cc(O)c(S(=O)(=O)O)cc2c1,0.0,test
Nc1ccc2ccccc2c1S(=O)(=O)O,1.0,test
Clc1cccc2ccccc12,1.0,test
Cc1ccc2c(C)cccc2c1,0.0,test
Oc1ccc2ccccc2c1,1.0,test
CNC(=O)Oc1cccc2ccccc12,0.0,test
COC(=O)c1ccc2cc(C(=O)OC)ccc2c1,0.0,test
COc1ccc2cc(C(C)C(=O)O)ccc2c1,0.0,test
O=C(O)c1cc2ccccc2cc1O,1.0,test
NC(=S)Nc1cccc2ccccc12,0.0,test
CCN(CC)C(=O)C(C)Oc1cccc2ccccc12,0.0,test
c1ccc2ccccc2c1,0.0,test
O=[N+]([O-])c1cccc2ccccc12,0.0,test
Cc1ccc2cc(C)ccc2c1,0.0,test
CC(C)NCC(O)COc1cccc2ccccc12,1.0,test
NCCNc1cccc2ccccc12,0.0,test
NC(=O)Cc1cccc2ccccc12,0.0,test
Nc1cc(S(=O)(=O)O)cc2cc(S(=O)(=O)O)cc(O)c12,0.0,test
CC(=O)c1ccc2ccccc2c1,0.0,test
O=[N+]([O-])c1cc([N+](=O)[O-])c2ccc(S(=O)(=O)O)cc2c1O,0.0,test
Oc1ccc(O)c2c(O)cccc12,0.0,test
O=[N+]([O-])c1cc([N+](=O)[O-])c2ccccc2c1,0.0,test
O=[N+]([O-])c1cccc2c([N+](=O)[O-])cccc12,0.0,test
Cc1cccc2ccccc12,0.0,test
CC(C)[N+](C)(C)CC(O)COc1cccc2ccccc12,0.0,test
Cc1ccc2ccccc2c1,0.0,test
CC(C)c1ccc2cc(C(C)C)ccc2c1,0.0,test
O=S(=O)(O)c1cccc2ccccc12,0.0,test
O=C(O)COc1ccc2ccccc2c1,0.0,test
Cc1ccc2ccccc2c1C,0.0,test
COc1ccc(C(=O)CCC(=O)O)c2ccccc12,0.0,test
CC(C)c1ccc2c(C(C)C)cc(C(C)C)c(S(=O)(=O)O)c2c1,0.0,test
CCCCc1ccc2cccc(S(=O)(=O)O)c2c1,0.0,test
O=S(=O)(O)c1ccc2ccccc2c1,0.0,test
CC(C)NCC(O)c1ccc2ccccc2c1,0.0,test
Nc1cccc2ccccc12,0.0,test
Nc1ccc2ccccc2c1,0.0,test
O=S(=O)(O)c1ccc2cc(O)ccc2c1,0.0,test
CC(C)NC[C@@H](O)COc1cccc2ccccc12,0.0,test
O=C1OCCN1/N=C/c1ccc([N+](=O)[O-])o1,1.0,test
CC1OC1C1CCC2(C)OC2C1,0.0,test
C1CC2OC2CC1C1CO1,0.0,test
CN1C(=O)CN2CCc3ccccc3C2c2cc(Cl)ccc21,0.0,test
O=C(C=Cc1ccc(O)c(O)c1)O[C@@H]1C[C@](O)(C(=O)O)C[C@@H](O)[C@H]1O,0.0,test
CC12CCC(C[N+](C)(CCC[N+](C)(C)C)C1)C2(C)C,0.0,test
O=C(Cn1ccnc1[N+](=O)[O-])NCc1ccccc1,0.0,test
O=c1cccccc1O,0.0,test
O=C(O)c1cc(N=Nc2ccc(S(=O)(=O)Nc3ccccn3)cc2)ccc1O,0.0,test
c1ccc(OCC2CO2)cc1,0.0,test
CC(C)(C)c1ccc(OCC2CO2)cc1,1.0,test
Cc1ccccc1OCC1CO1,0.0,test
COc1ccc2c(c1)c1c3n2CCN(C)C3=NCC1,0.0,test
CCOP(=O)(SC(C)CC)N1CCSC1=O,0.0,test
CN(CC1(C)CCCO1)S(=O)(=O)c1ccc(Cl)c(S(N)(=O)=O)c1,0.0,test
CCOC(=O)CNC(C(=O)N1CCC1C(=O)NCc1ccc(C(N)=NO)cc1)C1CCCCC1,0.0,test
Cc1cc(=O)[nH]c(C(C)C)n1,0.0,test
Nc1cc(=O)[nH]c(N)n1,0.0,test
NCCC[C@H](N)CC(=O)NC1CNC(=O)C([C@H]2C[C@H](O)N=C(N)N2)NC(=O)C(=CNC(N)=O)NC(=O)C(CO)NC(=O)C(CO)NC1=O,0.0,test
CN(C)CCC[C@@]1(c2ccc(F)cc2)OCc2cc(C#N)ccc21,0.0,test
C=c1cc(C)[nH]c1=Cc1c(O)[nH]c2ccccc12,0.0,test
Cc1cccc(Nc2ccncc2S(=O)(=O)NC(=O)NC(C)C)c1,0.0,test
COc1cc(C(=O)OC(COCCC(C)C)CN2CCOCC2)cc(OC)c1OC,0.0,test
Fc1ccc(Oc2ccnc3cc(Cl)cc(Cl)c23)cc1,0.0,test
C1CNCCN1,1.0,test
NCCN1CCNCC1,0.0,test
OCCN1CCNCC1,0.0,test
O=NN1CCN(N=O)CC1,0.0,test
NCCCN1CCN(CCCN)CC1,0.0,test
CCN(CC)C(=O)N1CCN(C)CC1,0.0,test
O=NN1CCNCC1,0.0,test
OCCN1CCN(CCO)CC1,0.0,test
O=S(=O)(O)CCN1CCN(CCO)CC1,0.0,test
CN(C)CCOC(=O)C(c1ccccc1)C1(O)CCCC1,0.0,test
c1csc(C2(N3CCCCC3)CCCCC2)c1,0.0,test
CN(C(=O)CN(CCO)CC(=O)N(C)C(C)(C)Cc1ccccc1)C(C)(C)Cc1ccccc1,0.0,test
CN=C(NC#N)Nc1ccc(C2=NNC(=O)CC2C)cc1,0.0,test
CC1(C)S[C@@H]2C(NC(=O)COc3ccccc3)C(=O)N2C1C(=O)O,0.0,test
CCCCc1cc2c(=O)c(C(=O)OC)c[nH]c2cc1OCc1ccccc1,0.0,test
CC(C)(C)NCC(O)CSc1nc(-c2ccc(C(N)=O)s2)cs1,0.0,test
c1ccc2cc3c(ccc4ccccc43)cc2c1,1.0,test
Cc1c2ccccc2c(C)c2c1ccc1ccccc12,1.0,test
c1ccc2c(c1)CCCC2C1=NCCN1,0.0,test
Cc1cc(C2(c3cc(C)c(O)cc3C)OS(=O)(=O)c3ccccc32)c(C)cc1O,1.0,test
CC1(C)O[C@@H]2C[C@H]3[C@@H]4CC=C5CC(=O)C=C[C@]5(C)[C@H]4[C@@H](O)C[C@]3(C)[C@]2(C(=O)CO)O1,1.0,test
CCC[C@@H]1O[C@@H]2C[C@H]3[C@@H]4CC=C5CC(=O)C=C[C@]5(C)[C@H]4[C@@H](O)C[C@]3(C)[C@]2(C(=O)CO)O1,0.0,test
CC1(C)O[C@@H]2C[C@H]3[C@@H]4CC=C5CC(=O)C=C[C@]5(C)[C@@]4(F)[C@@H](O)C[C@]3(C)[C@]2(C(=O)CO)O1,1.0,test
CC(C)(C)CC(=O)OCC(=O)[C@@]12OC(C)(C)O[C@@H]1C[C@H]1[C@@H]3CC=C4CC(=O)C=C[C@]4(C)[C@@]3(F)[C@@H](O)C[C@@]12C,0.0,test
O=C(NCCCN1CCOCC1)c1ccc(Cl)cc1,0.0,test
CC1=C(CC(=O)O)c2cc(F)ccc2C1=Cc1ccc(S(C)(=O)=O)cc1,0.0,test
CC1=C(CC(=O)O)c2cc(F)ccc2C1=Cc1ccc([S+](C)[O-])cc1,0.0,test
CSc1ccc(C=C2C(C)=C(CC(=O)O)c3cc(F)ccc32)cc1,0.0,test
O=c1c(C(CC(O)c2ccc(-c3ccc(Br)cc3)cc2)c2ccccc2)c(O)oc2ccccc12,0.0,test
CN=C(NC#N)NCCSCc1csc(=NC(=N)N)[nH]1,0.0,test
C[C@@H]1CC2(OC3C[C@@]4(C)C5=CC[C@H]6C(C)(C)C(O[C@@H]7OC[C@@H](O)[C@H](O)[C@H]7O)CC[C@@]67C[C@@]57CC[C@]4(C)C31)OC(O)C1(C)OC21,0.0,test
CN=C1C[N+]([O-])=C(c2ccccc2)c2cc(Cl)ccc2N1,0.0,test
Cn1cc(C(=O)C2CCc3[nH]cnc3C2)c2ccccc21,0.0,test
O=C(O)C1/C(=C/CO)O[C@@H]2CC(=O)N12,0.0,test
CCc1ccc(C(=O)NN(C(=O)c2cc(C)cc(C)c2)C(C)(C)C)cc1,0.0,test
COc1cccc(C(=O)NN(C(=O)c2cc(C)cc(C)c2)C(C)(C)C)c1C,0.0,test
C1CCC(C2CCCCC2)CC1,0.0,test
CCN(CC)CCOC(=O)C1(C2CCCCC2)CCCCC1,0.0,test
CN(C)CCCN1c2ccccc2C(C)(C)c2ccccc21,0.0,test
C1CCCNCCC1,0.0,test
Cc1nc(C)nc(N2C[C@@H](C)N(c3ccnc([C@@H](C)O)n3)[C@@H](C)C2)n1,0.0,test
CN1Cc2c(N)cccc2C(c2ccccc2)C1,0.0,test
CCOc1ccc(NC(=S)Nc2ccc(OCC)cc2)cc1,0.0,test
S=C(Nc1ccccc1)Nc1ccccc1,0.0,test
CCn1c(O)c(-c2ccccc2)[nH]c1=O,0.0,test
COC(=O)C1[C@H]2C[C@@H]3c4[nH]c5cc(OC)ccc5c4CCN3C[C@H]2C[C@H](OC)[C@@H]1OC,0.0,test
COC(=O)C1[C@H]2C[C@H]3c4[nH]c5ccccc5c4CCN3C[C@H]2CC[C@@H]1O,0.0,test
COC(=O)C1[C@H]2C[C@H]3c4[nH]c5ccccc5c4CCN3C[C@@H]2CC[C@@H]1O,0.0,test
O=C(O)C1[C@H]2C[C@H]3c4[nH]c5ccccc5c4CCN3C[C@@H]2CC[C@@H]1O,0.0,test
CON=C(C(=O)NC1C(=O)N2C(C(=O)O)=C(COC(N)=O)CS[C@H]12)c1ccco1,1.0,test
Oc1c(C2=CC[C@@H](c3ccc(Cl)cc3)CC2)c(O)c2ccccc2c1O,0.0,test
CC1CC(OC(=O)C(O)c2ccccc2)CC(C)(C)N1C,1.0,test
Cc1cccc(C)c1N(CCCc1cccnc1)C(=O)C(C)N,0.0,test
O=C1CN=C(c2ccccc2)c2cc([N+](=O)[O-])ccc2N1,0.0,test
O=C1CN=C(c2ccccc2)c2cc(Cl)ccc2N1,0.0,test
CCN(CC)CCN1C(=O)CN=C(c2ccccc2F)c2cc(Cl)ccc21,0.0,test
COc1cc2nc(N3CCN(C(=O)C4CCCO4)CC3)nc(N)c2cc1OC,0.0,test
Cc1cc(SC2C(=O)C[C@@](CCc3ccc(N)cc3)(C(C)C)OC2=O)c(C(C)(C)C)cc1CO,0.0,test
CCc1ncnc2cc(OC)c(OC)cc12,0.0,test
CS(=O)(=O)NC(=O)CCC/C=C\CC1C(=O)C[C@@H](O)[C@@H]1/C=C/[C@H](O)COc1ccccc1,0.0,test
O=C(OC1CCCCC1)c1ccccc1C(=O)OC1CCCCC1,0.0,test
CC1=C2N=C(C=C3N=C(C(C)=C4NC(C(CC(N)=O)C4(C)CCC(=O)NCC(C)OP(=O)(O)O[C@H]4[C@@H](O)[C@@H](n5cnc6cc(C)c(C)cc65)O[C@@H]4CO)C4(C)N=C1C(CCC(N)=O)C4(C)CC(N)=O)C(CCC(N)=O)C3(C)C)C(CCC(N)=O)C2(C)CC(N)=O,0.0,test
CC1(C)S[C@@H]2C(NC(=O)Cc3ccccc3)C(=O)N2C1C(=O)O,0.0,test
CC1(C)S[C@@H]2C(NC(=O)C(N)c3ccc(O)cc3)C(=O)N2C1C(=O)O,0.0,test
CC1(C)S[C@@H]2C(NC(=O)C(N)c3ccccc3)C(=O)N2C1C(=O)O,0.0,test
CC1(C)S[C@@H]2C(NC(=O)C(c3ccccc3)S(=O)(=O)O)C(=O)N2C1C(=O)O,0.0,test
CCOC(=O)OC(C)OC(=O)C1N2C(=O)C(NC(=O)C(N)c3ccccc3)[C@H]2SC1(C)C,0.0,test
CNC(=O)CC(N)C(=O)NC(C(=O)NC1C(=O)N2C(C(=O)O)C(C)(C)S[C@H]12)c1ccc(O)cc1,0.0,test
CC(C)(C)C(=O)OCOC(=O)C1N2C(=O)C(NC(=O)C(N)c3ccccc3)[C@H]2SC1(C)C,0.0,test
CC(C)(COC(=O)c1ccccc1)COC(=O)c1ccccc1,1.0,test
CC(C)C(OC(=O)c1ccccc1)C(C)(C)COC(=O)c1ccccc1,1.0,test
O=C1OC(=O)c2cc(-c3ccc4c(c3)C(=O)OC4=O)ccc21,0.0,test
CCN1CC(CCN2CCOCC2)C(c2ccccc2)(c2ccccc2)C1=O,0.0,test
Clc1nc2ccccc2nc1Cl,0.0,test
CCOP(=S)(OCC)Oc1cnc2ccccc2n1,1.0,test
c1ccc2nccnc2c1,0.0,test
O=C(c1ccc(F)cc1)C1CCN(CCn2c(=S)[nH]c3ccccc3c2=O)CC1,0.0,test
C[N+]1([O-])CCOCC1,0.0,test
CC(C)(C)c1n[nH]c(=S)n(N)c1=O,0.0,test
Nc1ccc2c3c(cccc13)-c1ccccc1-2,1.0,test
c1ccc2c(c1)-c1cccc3cccc-2c13,1.0,test
Nc1nnc(-c2cccc(Cl)c2Cl)c(N)n1,0.0,test
CCCCS(=O)(=O)NC(Cc1ccc(OCCCCC2CCNCC2)cc1)C(=O)O,0.0,test
CO[C@@H]1[C@@H](OC(N)=O)[C@@H](O)[C@H](Oc2ccc3c(=O)c(NC(=O)c4ccc(O)c(CC=C(C)C)c4)c(O)oc3c2C)OC1(C)C,0.0,test
Nc1nc(-c2ccc([N+](=O)[O-])cc2)cs1,1.0,test
NNc1nc(-c2ccccc2)cs1,0.0,test
NNc1nc(-c2ccc(N)cc2)cs1,0.0,test
Nc1nc(-c2ccccc2)cs1,1.0,test
O=C1CCc2cc(OCCCCc3nnnn3C3CCCCC3)ccc2N1,0.0,test
c1ccc(COCc2ccccc2)cc1,0.0,test
COc1cc2nc(N3CCN(C(=O)c4ccco4)CC3)nc(N)c2cc1OC,0.0,test
OC(CCN1CCCCC1)(c1ccccc1)C1CC2C=CC1C2,0.0,test
Clc1ccc(C(Cn2ccnc2)OCc2csc3c(Cl)cccc23)c(Cl)c1,0.0,test
CC1OCCC1=O,0.0,test
COc1ccccc1N1CCNCC1,0.0,test
Clc1cccc(N2CCNCC2)c1,0.0,test
OCC(O)CN1CCN(c2ccccc2)CC1,0.0,test
CC(=NCc1ccccc1)c1ccccc1O,0.0,test
Nc1ccccc1C(=O)OCCc1ccccc1,1.0,test
O=C(OCCc1ccccc1)c1ccccc1,1.0,test
CC(C(=O)O)c1ccc(N2Cc3ccccc3C2=O)cc1,1.0,test
N=C1NC(=O)N2CC12,0.0,test
C[N+]1(CCC(C(N)=O)(c2ccccc2)c2ccccc2)CCCCC1,0.0,test
CC1=CC[C@H]2C[C@@H]1C2(C)C,0.0,test
CC1=CCC2CC1C2(C)C,0.0,test
CC1=CC[C@@H]2C[C@H]1C2(C)C,0.0,test
O=C(NCCN1CCOCC1)c1ccc(Cl)cc1,1.0,test
C=CC1=C(C(=O)O)N2C(=O)C(=NC(=O)C(NOCC(=O)O)c3csc(N)n3)[C@H]2SC1,0.0,test
O1[As]2O[As]3O[As]1O[As](O2)O3,1.0,test
CCC1(C)CC(=O)NC(=O)C1,0.0,test
CCC(C)(C)C(=O)OC1=C(c2cc(Cl)cc(Cl)c2)C(=O)OC12CCCCC2,1.0,test
c1ccc(CCNc2nc(-c3ccccc3)cs2)cc1,1.0,test
CN1[C@@H]2CC[C@H]1C[C@@H](OC(=O)C(O)c1ccccc1)C2,0.0,test
CN1[C@@H]2CC[C@H]1C[C@@H](OC(=O)C(CO)c1ccccc1)C2,0.0,test
OCCOCCN1CCN(C(c2ccccc2)c2ccc(Cl)cc2)CC1,0.0,test
C=CCN1C[C@H](C)N([C@H](c2ccc(C(=O)N(CC)CC)cc2)c2cccc(OC)c2)C[C@H]1C,0.0,test
NC(=O)COCCN1CCN(C(c2ccccc2)c2ccc(Cl)cc2)CC1,0.0,test
CN1CCN(C(c2ccccc2)c2ccccc2)CC1,0.0,test
CN1CCN(C(c2ccccc2)c2ccc(Cl)cc2)CC1,0.0,test
O=C(O)COCCN1CCN(C(c2ccccc2)c2ccc(Cl)cc2)CC1,0.0,test
C[N+]1(C)CCC(OC(=O)C(O)(c2ccccc2)C2CCCC2)C1,0.0,test
CCC(CC)(CC(=O)Nc1cccc(/C=C/c2nc(C3CCC3)cs2)c1)C(=O)O,0.0,test
c1ccc(C(O[C@H]2CCCN(CCc3ccc4c(c3)OCO4)C2)c2ccccc2)cc1,0.0,test
O=C(O)c1cccc(C[C@@H]2COc3ccc(OCc4nc5cc(F)ccc5s4)cc3[C@@H]2O)c1,0.0,test
Cc1onc(-c2ccccc2Cl)c1C(=O)NC1C(=O)N2C(C(=O)O)C(C)(C)S[C@H]12,0.0,test
OC(CCN1CCCCC1)(c1ccccc1)C1CCCCC1,0.0,test
O=C1c2ccccc2C(=O)C1C(=O)C(c1ccccc1)c1ccc(Cl)cc1,0.0,test
Fc1ccc(C(c2ccc(F)cc2)N2CCN(C/C=C/c3ccccc3)CC2)cc1,0.0,test
C(=C/c1ccccc1)\CN1CCN(C(c2ccccc2)c2ccccc2)CC1,0.0,test
O=C1C[N+]([O-])=C(c2ccccc2)c2cc(Cl)ccc2N1,0.0,test
CO[C@H]1O[C@@H]2O[C@]3(C)CC[C@H]4[C@H](C)CC[C@@H]([C@H]1C)C24OO3,0.0,test
C[C@H]1[C@H](OC(=O)CCC(=O)O)O[C@@H]2O[C@]3(C)CC[C@H]4[C@H](C)CC[C@@H]1C24OO3,0.0,test
C#CCOC(=O)C(C)Oc1ccc(Oc2ncc(Cl)cc2F)cc1,0.0,test
CC(CN1CCCC1)C(=O)c1ccc(C(F)(F)F)cc1,0.0,test
Nc1ccc(S(=O)(=O)NC(=O)c2ccccc2)cc1,0.0,test
O=C(O)c1nc(=O)[nH]c(=O)[nH]1,0.0,test
CC(Cc1ccccc1)NCCn1cnc2c1c(=O)n(C)c(=O)n2C,0.0,test
COc1ccc2c(c1)c(CC(=O)O)c(C)n2C(=O)c1ccc(Cl)cc1,0.0,test
COc1ccc2c(c1)c(CC(=O)OCC(=O)O)c(C)n2C(=O)c1ccc(Cl)cc1,0.0,test
CCCN[C@H]1CCc2nc(N)sc2C1,0.0,test
COc1cc(C(=O)NC2CCCNC2)cc(OC)c1OC,0.0,test
CN1CCN(C2=Nc3ccccc3Cc3ccccc32)CC1,0.0,test
CN1CCC[C@@H]1CCO[C@](C)(c1ccccc1)c1ccc(Cl)cc1,0.0,test
Oc1ccc2c3c1O[C@H]1[C@@H](O)CC[C@@]4(O)[C@@H](C2)N(CC2CCC2)CC[C@]314,0.0,test
Cc1ccc2c(c1)[C@]13CCCC[C@@H]1[C@H](C2)N(C)CC3,0.0,test
COc1ccc2c(c1)[C@@]13CCCCC1[C@@H](C2)N(C)CC3,0.0,test
C=CCN1CC[C@]23CCCC[C@H]2[C@H]1Cc1ccc(O)cc13,0.0,test
O=c1c2ccccc2c(=O)c2c1cc(Cl)c1[nH]c3c([nH]c12)c(Cl)cc1c(=O)c2ccccc2c(=O)c13,0.0,test
O=C(NCCNCC(O)COc1ccc(O)cc1)N1CCOCC1,0.0,test
CCCCC1=NC2(CCCC2)C(=O)N1Cc1ccc(-c2ccccc2-c2nn[nH]n2)cc1,0.0,test
COc1cc2c(cc1OC)CC(=O)N(CCCN(C)C[C@H]1Cc3cc(OC)c(OC)cc31)CC2,0.0,test
COC(=O)Nc1nc2cc(C(=O)c3cccs3)ccc2[nH]1,0.0,test
Oc1c2c(c(O)n1CCCCN1CCN(c3nsc4ccccc34)CC1)CCCC2,0.0,test
Cl[Si](Cl)(c1ccccc1)c1ccccc1,0.0,test
C[Si](Cl)(c1ccccc1)c1ccccc1,0.0,test
CC1C2CC(CC2C2CCCC(O)C2)C1(C)C,1.0,test
CCC(C)C1N=C(C)C(C)S1,0.0,test
CN[C@@H]1[C@H](O[C@H]2[C@H](O[C@H]3[C@H](O)[C@@H](O)[C@H](N=C(N)N)[C@@H](O)[C@@H]3N=C(N)N)O[C@@H](C)[C@]2(O)CO)O[C@@H](CO)[C@H](O)[C@H]1O,1.0,test
CN[C@@H]1[C@H](O[C@H]2[C@H](O[C@H]3[C@H](O)[C@@H](O)[C@H](N=C(N)N)[C@@H](O)[C@@H]3N=C(N)N)O[C@@H](C)[C@]2(O)C=O)O[C@@H](CO)[C@H](O)[C@H]1O,0.0,test
CC1=C2C[C@H](C(=O)C1)C2(C)C,0.0,test
CCC(=O)N(c1ccccc1)C1CCN(Cc2cccs2)CC1,0.0,test
COc1ccccc1N1CCN(CCCNc2cc(=O)n(C)c(=O)n2C)CC1,0.0,test
CCCN1CCC[C@@H]2Cc3[nH]ncc3C[C@H]21,0.0,test
CC12CC1(C)C(=O)N(c1cc(Cl)cc(Cl)c1)C2=O,0.0,test
CON=C(C(=O)NC1C(=O)N2C(C(=O)O)=C(CSc3nc(C)c(CC(=O)O)s3)CS[C@H]12)c1csc(N)n1,0.0,test
CN[C@@H]1C[C@@H](c2ccc(Cl)c(Cl)c2)c2ccccc21,0.0,test
CNC1CCCN(c2c(F)cc3c(=O)c(C(=O)O)cn(C4CC4)c3c2OC)C1,0.0,test
OC[C@H]1O[C@@H]2O[C@H]3[C@H](O)[C@@H](O)[C@@H](O[C@H]4[C@H](O)[C@@H](O)[C@@H](O[C@H]5[C@H](O)[C@@H](O)[C@@H](O[C@H]6[C@H](O)[C@@H](O)[C@@H](O[C@H]7[C@H](O)[C@@H](O)[C@@H](O[C@H]8[C@H](O)[C@@H](O)[C@@H](O[C@H]9[C@H](O)[C@@H](O)[C@@H](O[C@H]1[C@H](O)[C@H]2O)O[C@@H]9CO)O[C@@H]8CO)O[C@@H]7CO)O[C@@H]6CO)O[C@@H]5CO)O[C@@H]4CO)O[C@@H]3CO,0.0,test
CCOC(=O)C(CCc1ccccc1)NC(C)C(=O)N1CCCC1C(=O)O,0.0,test
NCCCCC(NC(CCc1ccccc1)C(=O)O)C(=O)N1CCCC1C(=O)O,0.0,test
CC(NC(CCc1ccccc1)C(=O)O)C(=O)N1CCCC1C(=O)O,0.0,test
Cc1ccc(Nc2ccc(O)c3c2C(=O)c2ccccc2C3=O)cc1,0.0,test
FC(F)(F)c1cccc(C2=CCN(CCc3ccc4ccccc4c3)CC2)c1,0.0,test
COc1ccc(S(=O)(=O)N2c3ccc(Cl)cc3[C@@](O)(c3ccccc3Cl)C2C(=O)N2CCCC2C(N)=O)cc1OC,0.0,test
CCc1occc(=O)c1O,0.0,test
Cc1occc(=O)c1OC(=O)C(C)C,0.0,test
O=c1cc(CO)occ1O,0.0,test
Cc1occc(=O)c1O,0.0,test
CC(C)OC(=O)OCOP(=O)(CO[C@H](C)Cn1cnc2c(N)ncnc21)OCOC(=O)OC(C)C,0.0,test
COc1nc(N)nc2[nH]cnc12,0.0,test
Nc1ncnc2[nH]cnc12,0.0,test
CC(=O)OCC(CCn1cnc2cnc(N)nc21)COC(C)=O,0.0,test
CNc1ncnc2[nH]cnc12,0.0,test
Cc1c(N)nc([C@H](CC(N)=O)NCC(N)C(N)=O)nc1C(=O)NC(C(=O)N[C@H](C)[C@@H](O)C(C)C(=O)NC(C(=O)NCCc1nc(-c2nc(C(=O)NCCCCN=C(N)N)cs2)cs1)[C@@H](C)O)[C@@H](O[C@@H]1O[C@@H](CO)[C@@H](O)[C@H](O)[C@@H]1O[C@H]1O[C@H](CO)[C@@H](O)[C@H](OC(N)=O)[C@@H]1O)c1cnc[nH]1,0.0,test
O=C(O)C[C@H](O)CC(O)/C=C/c1c(C2CC2)nc2ccccc2c1-c1ccc(F)cc1,0.0,test
CC12CCC(CC1=O)C2(C)C,0.0,test
CC1(C)[C@@H]2CC[C@@]1(C)C(=O)C2,0.0,test
C/C=C1\[C@H]2C=C(C)C[C@]1(N)c1ccc(=O)[nH]c1C2,0.0,test
CCN(CCCc1ccccc1)CCCc1ccccc1,0.0,test
c1ccc(CNc2ncnc3c2ncn3C2CCCCO2)cc1,1.0,test
CCC[N+]1(C)CCCCC1,0.0,test
C[N+]1(C)CCCCC1,0.0,test
CCCCCCCCCCCCCCCCCCOP(=O)([O-])OC1CC[N+](C)(C)CC1,0.0,test
CC(C)N(C(=O)COc1nnc(C(F)(F)F)s1)c1ccc(F)cc1,0.0,test
CCCCCOC(=O)COc1cc(N2C(=O)C3=C(CCCC3)C2=O)c(F)cc1Cl,0.0,test
COc1ccc2[nH]c([S+]([O-])Cc3ncc(C)c(OC)c3C)nc2n1,0.0,test
Nc1cc2c3c(c1)C(c1ccccc1)=NC(NC(=O)c1cccnc1)C(=O)N3CC2,0.0,test
Cc1ccccc1-n1c(C)nc2ccccc2c1=O,1.0,test
Cc1ccccc1-n1c(CF)nc2ccc(N)cc2c1=O,1.0,test
Cc1nc2ccccc2c(=O)n1-c1ccccc1Cl,1.0,test
C[C@]12CC[C@H](O)CC1=CC[C@@H]1[C@@H]2CC[C@]2(C)C(=O)CC[C@@H]12,1.0,test
CC(=O)O[C@H]1CC[C@@]2(C)C(=CC[C@@H]3[C@@H]2CC[C@]2(C)C(=O)CC[C@@H]32)C1,1.0,test
C[C@]12CC[C@H](OS(=O)(=O)O)CC1=CC[C@@H]1[C@@H]2CC[C@]2(C)C(=O)CC[C@@H]12,1.0,test
CCN(CC)CCO[C@H]1CC[C@@]2(C)C(=CC[C@@H]3[C@@H]2CC[C@]2(C)C(=O)CC[C@@H]32)C1,0.0,test
CC(C)c1cccc(C(C)C)c1N1C(=O)c2ccc(O)cc2C1=O,1.0,test
O=C(Oc1ccc(Br)cc1)N1CCN2CCC1CC2,0.0,test
C[C@]12CC[C@@H]3c4ccc(O)cc4CC[C@H]3[C@@H]1CC[C@@H]2OC(=O)CCC1CCCC1,1.0,test
CC(C)(Sc1cc(C(C)(C)C)c(O)c(C(C)(C)C)c1)Sc1cc(C(C)(C)C)c(O)c(C(C)(C)C)c1,0.0,test
CC(=NO)c1ccc(OCC(=O)N2CCCCC2)cc1,1.0,test
CC(=O)c1ccc(OCC(=O)N2CCCCC2)cc1,1.0,test
O=C1CCCO1,0.0,test
CCCCCC1CCC(=O)O1,0.0,test
CCCCCCCC1CCC(=O)O1,0.0,test
CCCC1CCC(=O)O1,0.0,test
CC1CCC(=O)O1,0.0,test
CC(=O)C1CCOC1=O,0.0,test
CCC1CCC(=O)O1,1.0,test
CCCCCCC1(C)CCC(=O)O1,0.0,test
CCCCCCC1CCC(=O)O1,0.0,test
CCCCC1CCC(=O)O1,0.0,test
CCCCCCC1CCOC1=O,0.0,test
CCOC(=O)Nc1cccc(OC(=O)Nc2ccccc2)c1,1.0,test
COCC(=O)N(c1c(C)cccc1C)N1CCOC1=O,0.0,test
C=CCOC(=O)C(C)(C)OC(=O)c1cc(-n2c(=O)cc(C(F)(F)F)n(C)c2=O)ccc1Cl,0.0,test
Cn1cc(O)nc1NC(=O)Nc1cccc(Cl)c1,1.0,test
OC(c1ccc(Cl)cc1)(c1cncnc1)c1ccccc1Cl,1.0,test
NC(=O)c1cc[n+](CC2=C(C(=O)O)N3C(=O)C(NC(=O)C(c4ccccc4)S(=O)(=O)[O-])[C@@H]3SC2)cc1,0.0,test
c1ccc2sc(SN(C3CCCCC3)C3CCCCC3)nc2c1,0.0,test
O=C1CCCCCCCCCCOCCCCO1,0.0,test
Clc1ccc2c(c1)C(N1CCNCC1)=Nc1ccccc1O2,0.0,test
CN1CCN(C2=Nc3ccccc3Oc3ccc(Cl)cc32)CC1,0.0,test
C#C[C@@]1(O)CC[C@H]2[C@@H]3CCC4=CCCC[C@@H]4[C@H]3CC[C@@]21C,1.0,test
C=CC[C@]1(O)CC[C@H]2[C@@H]3CCC4=CCCC[C@@H]4[C@H]3CC[C@@]21C,1.0,test
C#C[C@]1(OC(C)=O)CC[C@H]2[C@@H]3CCC4=C[C@@H](OC(C)=O)CC[C@@H]4[C@H]3CC[C@@]21C,1.0,test
C=Cc1c(C)c2[nH]c1=Cc1[nH]c(c(=CC)c1C)=Cc1[nH]c(c(C(=O)O)c1C)C(CC(=O)O)=C1N=C(C=2)C(C)C1CCC(=O)O,0.0,test
c1csc(SSc2cccs2)c1,1.0,test
CCCN1CCCC(c2cccc(O)c2)C1,0.0,test
CC(=O)OCC(=O)[C@@]1(O)CC[C@H]2[C@@H]3CC=C4CC(=O)CC[C@]4(C)C3C(=O)C[C@@]21C,0.0,test
C[C@H]1CCC[C@H](O)CCCCCc2cc(O)cc(O)c2C(=O)O1,1.0,test
CC1=C2[C@@H]([C@H](C)CC[C@H]2/C=C(\C)C(=O)O)[C@H](O)C1,0.0,test
C=C1C[C@@H]2[C@H](CC[C@]3(C)C(=O)CC[C@@H]23)[C@@]2(C)C=CC(=O)C=C12,1.0,test
COc1cc(N)c(Cl)cc1C(=O)NC1CN2CCC1CC2,0.0,test
CC[C@H]1[C@@H]2C[C@H]3[C@@H]4N(C)c5ccccc5[C@]45C[C@@H](C2[C@H]5O)N3[C@@H]1O,0.0,test
Cc1c(C)n(Cc2ccccc2)c2ccc(C(=O)OCCN(C)C)cc12,0.0,test
CC(C)=CC1C(C(=O)OCc2cccc(Oc3ccccc3)c2)C1(C)C,0.0,test
CC1(C)C(C(=O)O[C@H](C#N)c2cccc(Oc3ccccc3)c2)[C@@H]1C=C(Br)Br,0.0,test
CC1(C)C(C=C(Cl)Cl)C1C(=O)OCc1cccc(Oc2ccccc2)c1,0.0,test
CC1(C)C(C(=O)O[C@H](C#N)c2cccc(Oc3ccccc3)c2)[C@H]1/C=C(\Cl)C(F)(F)F,0.0,test
CC1(C)C(C(=O)O[C@H](C#N)c2cccc(Oc3ccccc3)c2)[C@@H]1/C=C(\Cl)C(F)(F)F,0.0,test
CC1(C)C(C=C(Cl)Cl)C1C(=O)OC(C#N)c1cccc(Oc2ccccc2)c1,0.0,test
CC(C)=CC1C(C(=O)OC(C#N)c2cccc(Oc3ccccc3)c2)C1(C)C,0.0,test
Cc1cccc(C)c1NC(=O)CN1CCCC1=O,0.0,test
O=c1n(CC2CO2)c(=O)n(CC2CO2)c(=O)n1CC1CO1,0.0,test
COc1ccc2c(C(=O)c3ccc(Cl)cc3)c(C)n(CC(=O)O)c2c1,0.0,test
C1=CCCC=CCC1,0.0,test
CSC(=O)c1cccc2nnsc12,0.0,test
COc1cc(C(C)C)c2c(c1)S(=O)(=O)N(COc1cc(=O)n3cccc(OCCN4CCCCC4)c3n1)C2=O,0.0,test
C1CCC(SSC2CCCCC2)CC1,0.0,test
S=c1[nH][nH]c(=S)s1,0.0,test
CN1CCC(CN2c3ccccc3Sc3ccccc32)C1,0.0,test
CCn1cc(C(=O)O)c(=O)c2cnc(N3CCCC3)nc21,0.0,test
CC(=C\c1ccccc1)/C=C1/SC(=S)N(CC(=O)O)C1=O,0.0,test
COc1ccc(C(=O)N2CCCC2=O)cc1,0.0,test
CO/N=C1\CN(c2nc3c(cc2F)c(=O)c(C(=O)O)cn3C2CC2)CC1CN,0.0,test
CN1CCN(C(=O)C2CCCCC2)CC1,0.0,test
CCN1C(=O)c2ccccc2C1Nc1ccc(OCCN2CCCCC2)cc1,0.0,test
Cn1cnc2ncnc(N)c21,0.0,test
COc1cc(C(=O)N2CCCCCCC2)cc(OC)c1OC,0.0,test
C=C1/C(=C\C=C2/CCC[C@]3(C)[C@@H]([C@H](C)/C=C/[C@@H](O)C4CC4)CC[C@@H]23)C[C@@H](O)C[C@@H]1O,0.0,test
Nc1cc(Cl)c(NC2=NCCN2)c(Cl)c1,0.0,test
C=CCN(C1=NCCN1)c1c(Cl)cccc1Cl,1.0,test
Clc1cccc(Cl)c1NC1=NCCN1,0.0,test
CCCOc1ccc(S(=O)(=O)N2CCN(CC)CC2)cc1-c1nc(=O)c2nn(Cc3ccccn3)c(CC)c2[nH]1,0.0,test
O=C1OC(CN2CCOCC2)CN1N=Cc1ccc([N+](=O)[O-])o1,0.0,test
Nc1ccn(C2CO[C@H](CO)O2)c(=O)n1,0.0,test
O=C(OCC(O)CO)c1ccccc1Nc1ccnc2cc(Cl)ccc12,0.0,test
CCN(CC)Cc1cc(Nc2ccnc3cc(Cl)ccc23)ccc1O,0.0,test
CC(C)(Oc1ccc(C2CC2(Cl)Cl)cc1)C(=O)O,0.0,test
CCN(CC)C(=O)[C@]1(c2ccccc2)C[C@@H]1CN,0.0,test
N[C@@H]1C[C@H]1c1ccccc1,0.0,test
Oc1cc2ccccc2n1-c1c(Cl)cccc1Cl,1.0,test
c1cnc2cc3c(cc2n1)C1CNCC3C1,0.0,test
CC(C)CC(N(C)C)C1(c2ccc(Cl)cc2)CCC1,0.0,test
Cc1ccc(NN=c2c(=O)ccc(=NNc3ccc(S(=O)(=O)O)cc3)c2=O)c(C)c1,0.0,test
O=C(O)COc1ccc(CCNS(=O)(=O)c2ccccc2)s1,0.0,test
C#C[C@]1(O)CC[C@H]2[C@@H]3CCC4=Cc5oncc5C[C@]4(C)[C@H]3CC[C@@]21C,1.0,test
CCOC(=O)c1ccc(OCCN2C[C@H](O)[C@@H](O)[C@H](O)[C@H]2CO)cc1,0.0,test
Cn1cnc([N+](=O)[O-])c1Sc1ncnc2[nH]cnc12,0.0,test
COC(=O)C1=C(C)N=C(C)C(C(=O)OC(C)C)C1c1cccc2nonc12,0.0,test
COc1cc2c(N3CCN(C(=O)Nc4ccc(OC(C)C)cc4)CC3)ncnc2cc1OCCCN1CCCCC1,0.0,test
CN1CSC(=S)N(C)C1,0.0,test
CN1C(=O)CC(=O)N(c2ccccc2)c2cc(Cl)ccc21,0.0,test
CCC(C(=O)C(C)[C@@H](O)[C@H](C)[C@@H]1O[C@@H](C(CC)C(=O)O)CC[C@@H]1C)[C@H]1O[C@]2(C=C[C@@H](O)[C@]3(CC[C@@](C)([C@H]4CC[C@](O)(CC)[C@H](C)O4)O3)O2)[C@H](C)C[C@@H]1C,0.0,test
CC1=CC[C@H](CC=O)C1(C)C,0.0,test
COc1ccc(CCN(C)CCCN2CCc3cc(OC)c(OC)cc3CC2=O)cc1OC,0.0,test
Nc1ccc(N=Nc2ccccc2)c(N)n1,1.0,test
C1N2CN3CN1CN(C2)C3,0.0,test
CC(=O)Oc1c(C)c(C)c2c(c1C)CC[C@@](C)(CCC[C@H](C)CCC[C@H](C)CCCC(C)C)O2,0.0,test
Cc1cc(O)cc2c1O[C@](C)(CCC[C@H](C)CCC[C@H](C)CCCC(C)C)CC2,0.0,test
Cc1c(C)c2c(c(C)c1OC(=O)CCC(=O)O)CC[C@@](C)(CCC[C@H](C)CCC[C@H](C)CCCC(C)C)O2,0.0,test
Cc1c(C)c2c(c(C)c1OC(=O)CCC(=O)OCCO)CC[C@@](C)(CCC[C@H](C)CCC[C@H](C)CCCC(C)C)O2,0.0,test
Cc1c(C)c2c(c(C)c1O)CC[C@@](C)(CCC[C@H](C)CCC[C@H](C)CCCC(C)C)O2,0.0,test
CC(=O)Oc1cc2c(s1)CCN(C(C(=O)C1CC1)c1ccccc1F)C2,0.0,test
CC1CC(C)C(=O)C1=O,0.0,test
CC1CCC(=O)C1=O,0.0,test
O=[N+]([O-])c1cccc(S(=O)(=O)NCCNS(=O)(=O)c2cccc([N+](=O)[O-])c2)c1,0.0,test
COc1ccc(-c2cc(=O)c3c(O)cc(O[C@@H]4O[C@H](CO[C@@H]5O[C@@H](C)[C@H](O)[C@@H](O)[C@H]5O)[C@@H](O)[C@H](O)[C@H]4O)cc3o2)cc1O,0.0,test
C[C@@H](O)C1C(=O)N2C(C(=O)O)=C(SCCN=CN)C[C@H]12,0.0,test
N#Cc1ccc2c(c1)N(CCCN1CCC(O)CC1)c1ccccc1S2,0.0,test
CC(=O)c1ccc2c(c1)N(CCCN1CCC(CCO)CC1)c1ccccc1S2,0.0,test
CCCCCCCCCCCCCCCC(=O)OCCC1CCN(CCCN2c3ccccc3Sc3ccc(S(=O)(=O)N(C)C)cc32)CC1,0.0,test
Oc1cc(O)c2c(c1)O[C@H](c1ccc(O)c(O)c1)[C@H](O)C2,0.0,test
CN1CCC(=C2c3ccccc3CC(=O)c3sccc32)CC1,0.0,test
OC(Cn1cncn1)(c1ccc(F)cc1)c1ccccc1F,0.0,test
COc1cc(N)c(Cl)cc1C(=O)NC1CCN(Cc2ccccc2)CC1,0.0,test
O=C(OC(C(=O)O)C(OC(=O)c1ccccc1)C(=O)O)c1ccccc1,0.0,test
Cc1c(COC(=O)C2C(/C=C(\Cl)C(F)(F)F)C2(C)C)cccc1-c1ccccc1,0.0,test
Cc1ccc2oc(CN(Cc3ccccc3)C(=O)Nc3c(F)cc(F)cc3F)c(-c3ccc(Cl)cc3)c2c1,0.0,test
CON=C(C(=O)NC1C(=O)N2C(C(=O)[O-])=C(C[n+]3ccc(N)n3CCO)CS[C@H]12)c1csc(N)n1,0.0,test
CCOC(=O)C1=C[C@]2(CC)CCCN3CCc4c(n1c1ccccc41)[C@@H]32,0.0,test
CCC1(c2c[nH]cn2)Cc2ccccc2C1,0.0,test
NC[C@@H]1O[C@H](O[C@H]2[C@@H](O)[C@H](O[C@@H]3[C@@H](O)[C@H](N)C[C@H](N)[C@H]3O[C@H]3O[C@H](CO)[C@@H](O)[C@H](O)[C@H]3N)O[C@@H]2CO)[C@H](N)[C@@H](O)[C@@H]1O,1.0,test
O=c1oc(=O)c2cc3c(=O)oc(=O)c3cc12,0.0,test
c1ccc(-c2cccc(-c3ccccc3)c2)cc1,1.0,test
C[C@@H]1CCN(C(=O)C(CCCN=C(N)N)NS(=O)(=O)c2cccc3c2NC[C@H](C)C3)C(C(=O)O)C1,0.0,test
Cc1cc(C)c(NC(=O)C[C@H](CC(=O)O)c2cccc3ccccc23)c(C(=O)N2CCC3(CCCC3)CC2)c1,1.0,test
O=C1N=C(c2ccccc2Cl)c2cc(Cl)ccc2NC1O,0.0,test
O=C1N=C(c2ccccc2)c2cc(Cl)ccc2NC1O,1.0,test
CC(=O)OC1CN2CCC1CC2,0.0,test
C=C1/C(=C\C=C2/CCC[C@]3(C)[C@@H]([C@H](C)OCCC(C)(C)O)CC[C@@H]23)C[C@@H](O)C[C@@H]1O,0.0,test
C=C1CC[C@H](O)C/C1=C/C=C1\CCC[C@]2(C)[C@@H]([C@H](C)/C=C/[C@H](C)C(C)C)CC[C@@H]12,1.0,test
C=C1CC[C@H](O)C/C1=C/C=C1\CCC[C@]2(C)[C@@H]([C@H](C)CCCC(C)C)CC[C@@H]12,0.0,test
C=C1/C(=C\C=C2/CCC[C@]3(C)[C@@H]([C@H](C)/C=C/[C@H](C)C(C)C)CC[C@@H]23)C[C@@H](O)C[C@@H]1O,0.0,test
CC(C)(C)NC(=O)C1CC[C@H]2[C@@H]3CC[C@H]4NC(=O)C=C[C@]4(C)[C@H]3CC[C@]12C,0.0,test
C1C2OC2C2C1C1CC2C2OC12,0.0,test
c1cc(N(CC2CO2)CC2CO2)ccc1OCC1CO1,0.0,test
CC[C@@H](C)CCCCC(=O)NC(CCNCS(=O)(=O)O)C(=O)NC(C(=O)NC(CCNCS(=O)(=O)O)C(=O)NC1CCNC(=O)C([C@@H](C)O)NC(=O)C(CCNCS(=O)(=O)O)NC(=O)C(CCNCS(=O)(=O)O)NC(=O)C(CC(C)C)NC(=O)C(CC(C)C)NC(=O)C(CCNCS(=O)(=O)O)NC1=O)[C@@H](C)O,0.0,test
