smiles,Tox21_NR_ER,group
C#CCN1C(=O)COc2cc(F)c(N3C(=O)C4=C(CCCC4)C3=O)cc21,0.0,training
CCC1CO1,1.0,training
c1coc(Cn2cccc2)c1,0.0,training
Cl[Nd](Cl)Cl,0.0,training
c1ccc(Nc2cccc3ccccc23)cc1,1.0,training
C[C@]12C=CC(=O)C=C1CC[C@@H]1[C@@H]2CC[C@@]2(C)[C@H]1CC[C@]2(C)O,1.0,training
CCCCC/C=C\CCC(=O)N[C@H]1[C@H](Oc2c3cc4cc2Oc2ccc(cc2Cl)[C@@H](O[C@@H]2O[C@H](CO)[C@@H](O)[C@H](O)[C@H]2NC(C)=O)C2NC(=O)C(NC(=O)C4NC(=O)C4NC(=O)C(Cc5ccc(c(Cl)c5)O3)NC(=O)C(N)c3ccc(O)c(c3)Oc3cc(O)cc4c3)c3ccc(O)c(c3)-c3c(O[C@H]4O[C@H](CO)[C@@H](O)[C@H](O)[C@@H]4O)cc(O)cc3C(C(=O)O)NC2=O)O[C@H](CO)[C@@H](O)[C@@H]1O,0.0,training
Clc1cccc2ccccc12,1.0,training
O=C(NCCN1CCOCC1)c1ccc(Cl)cc1,1.0,training
CCC(=O)Oc1ccc(/C(CC)=C(\CC)c2ccc(OC(=O)CC)cc2)cc1,1.0,training
CCc1ccc(O)c(C(C)(C)C)c1,1.0,training
C=C(C)C(=O)OCC1CCCO1,0.0,training
O=C(O)c1ccccc1-n1cc(C(=O)O)c(=O)c2cc(Nc3c(F)cc(F)cc3Cl)c(Cl)cc21,0.0,training
ClC(Cl)(Cl)c1ccc(C(Cl)(Cl)Cl)cc1,0.0,training
CCCCN(CCCCO)N=O,0.0,training
CCCCCCCCBr,0.0,training
CN(C)CCC(c1ccccc1)c1ccccn1,1.0,training
CC1CN(c2ccccc2)NC1=O,1.0,training
CC(C)OCCO,0.0,training
O=C(O)C(=O)C(O)C(O)C(O)CO,0.0,training
CCN(CC)N=O,1.0,training
CCCCCC/C=C/CCCCCCCC(=O)O,1.0,training
O=C(O)COCCN1CCN(C(c2ccccc2)c2ccc(Cl)cc2)CC1,0.0,training
Cc1ccccc1N1CCN(CCc2nnc3n2CCCC3)CC1,1.0,training
CC(C)CC(N(C)C)C1(c2ccc(Cl)cc2)CCC1,0.0,training
NC(=S)Nc1ccccc1,0.0,training
CCN(Cc1ccccc1)c1ccccc1,0.0,training
CCCCOP(=O)(O)OCCCC,1.0,training
NC(C(=O)NC1C(=O)N2C(C(=O)O)=C(CSc3c[nH]nn3)CS[C@H]12)c1ccc(O)cc1,0.0,training
Cc1ccccc1N,1.0,training
Nc1nc(Cl)nc2c1ncn2[C@H]1C[C@H](O)[C@@H](CO)O1,1.0,training
Cc1ccc(Br)cc1,0.0,training
CCOCCOCCOC(C)=O,0.0,training
CN(C)c1ccc(/C=C/c2ccc([N+](=O)[O-])cc2)cc1,1.0,training
COc1ccc(OC)c(Cl)c1,0.0,training
CCCCCOC(=O)c1ccc(O)cc1,1.0,training
CCCCCCCCCCCCn1cc[n+](C)c1,0.0,training
CC(=O)Oc1c(C)cc(OCC(O)CNC(C)C)c(C)c1C,1.0,training
CC(=O)Nc1ccc(C(=O)CCl)cc1,1.0,training
CON=C(C(=O)NC1C(=O)N2C(C(=O)O)=C(COC(N)=O)CS[C@H]12)c1ccco1,1.0,training
CC(C)(COC(=O)c1ccccc1)COC(=O)c1ccccc1,1.0,training
O=C(O)/C=C/C(=O)O,1.0,training
C#C[C@]1(O)CC[C@H]2[C@@H]3CC=C4CC(=O)CCC4[C@H]3CC[C@@]21CC,1.0,training
OCCCCCCO,0.0,training
O=C1c2ccccc2Cc2ccccc21,1.0,training
CC1(C)O[C@H]2CC(=O)OC[C@]23[C@H]2CC[C@@]4(C)[C@H](c5ccoc5)OC(=O)C5O[C@]54[C@]2(C)C(=O)C[C@@H]13,1.0,training
OCCSCSCCO,0.0,training
C#CC1(O)CC[C@H]2[C@@H]3CC=C4CC(=O)CCC4[C@H]3CC[C@@]21CC,1.0,training
Nc1c2ccccc2nc2ccccc12,1.0,training
c1ccc(B(c2ccccc2)c2ccccc2)cc1,1.0,training
c1cc2c3c(c1)ccc1cccc(c13)C2,0.0,training
CC(=O)N(CC(O)CO)c1c(I)c(C(=O)NCCO)c(I)c(C(=O)NCC(O)CO)c1I,1.0,training
CC[C@H](C)C(C(=O)O)n1sc2ccccc2c1=O,0.0,training
Cc1ccc([N+](=O)[O-])c([N+](=O)[O-])c1,0.0,training
CN1CCN(CCC=C2c3ccccc3Sc3ccc(S(=O)(=O)N(C)C)cc32)CC1,0.0,training
Nc1ccc(Nc2ccccc2)cc1,0.0,training
FC(F)(F)C(F)(F)C(F)(F)C(F)(F)CCI,1.0,training
CC(=O)OCc1ccco1,0.0,training
C1CCC(SSC2CCCCC2)CC1,0.0,training
C[C@@H]1C[C@H]2[C@@H]3CC=C4CC(=O)C=C[C@]4(C)[C@@]3(F)[C@@H](O)C[C@]2(C)[C@@]1(O)C(=O)COC(=O)c1cccc(S(=O)(=O)O)c1,1.0,training
CC1=CCCC(C)(C)C12CCC(C)O2,0.0,training
COC(=O)c1c(C(F)F)nc(C(F)(F)F)c(C2=NCCS2)c1CC(C)C,0.0,training
O=C1CCCc2c1cc1ccc3cccc4ccc2c1c34,1.0,training
OC1OCCOC1O,0.0,training
O=C1N=C(c2ccccc2)c2cc(Cl)ccc2NC1O,1.0,training
Oc1ccc(C2(c3ccc(O)cc3)CCCCC2)cc1,1.0,training
OC(c1ccc(Cl)cc1)(c1cncnc1)c1ccccc1Cl,1.0,training
CCCc1cc(C(N)=S)ccn1,0.0,training
CCN(CC)CCNC(=O)COc1ccc(OC)cc1,1.0,training
C[C@]12C=CC(=O)C=C1CC[C@@H]1[C@@H]2CC[C@]2(C)OC(=O)CC[C@@H]12,1.0,training
CC(C)=CCCC(C)=CC(=O)O,0.0,training
COCCOCCOCCOCCO,0.0,training
CCC(C)COC(C)=O,0.0,training
CC1OC(C)OC(C)O1,0.0,training
C=CCSSCCC,0.0,training
COC(=O)c1ccccc1C,0.0,training
CC(=O)OC(C)OC(C)=O,0.0,training
CCOP(=S)(OCC)Oc1cc(C)nc(C(C)C)n1,0.0,training
CC1(C)O[C@@H]2C[C@H]3[C@@H]4CC=C5CC(=O)CC[C@]5(C)[C@@]4(F)[C@@H](O)C[C@]3(C)[C@]2(C(=O)CCl)O1,0.0,training
Cc1ccc2ccccc2c1[N+](=O)[O-],0.0,training
C=C1CCC2CC1C2(C)C,0.0,training
C=CCc1ccccc1O,0.0,training
CCCC(=O)CC,1.0,training
CCCCCCCCCCCCCC=O,1.0,training
CN1CCN(c2c(F)cc3c(=O)c(C(=O)O)cn4c3c2OCN4C)CC1,1.0,training
COc1ccc(C(=O)c2ccc(OC)cc2O)c(O)c1,1.0,training
C=C1C[C@]23C[C@@]1(O)CC[C@H]2[C@@]12C=C[C@H](O)[C@@](C)(C(=O)O1)[C@H]2C3C(=O)O,0.0,training
CN(C)CCc1c[nH]c2ccc(Cn3cncn3)cc12,0.0,training
NCCc1c[nH]cn1,0.0,training
CC(=O)OCC1=C(C(=O)O)N2C(=O)C(N)C2SC1,0.0,training
Cn1sc(Cl)cc1=O,0.0,training
Oc1ccccc1,0.0,training
CNCCCN1c2ccccc2CCc2ccccc21,0.0,training
CNC[C@H](O)[C@@H](O)[C@H](O)[C@H](O)CO,1.0,training
O=C(CCl)NCO,0.0,training
CC(=O)OCC(=O)[C@@]1(O)CC[C@H]2[C@@H]3CC=C4CC(=O)CC[C@]4(C)C3=CC[C@@]21C,1.0,training
O=C(c1ccc(O)cc1)c1ccc(O)cc1O,1.0,training
CCOP(=S)(OCC)Oc1ncn(-c2ccccc2)n1,1.0,training
C=CC(=O)OCCCCCC(C)C,1.0,training
OCCCCCO,1.0,training
C[C@H](CCC(=O)NCC(=O)O)[C@H]1CC[C@H]2[C@@H]3[C@H](O)C[C@@H]4C[C@H](O)CC[C@]4(C)[C@H]3C[C@H](O)[C@]12C,1.0,training
CCN(Cc1c(F)cccc1Cl)c1c([N+](=O)[O-])cc(C(F)(F)F)cc1[N+](=O)[O-],1.0,training
CN(C)c1ccc(N=NS(=O)(=O)O)cc1,0.0,training
c1coc(-c2nc3ccccc3[nH]2)c1,1.0,training
CCCCCCCCCCCCSC#N,0.0,training
CC(C)CC(=O)O,0.0,training
CC(=O)CCC1=C(C)CCCC1(C)C,0.0,training
COc1ccc(C(=O)/C(Br)=C\C(=O)O)cc1,0.0,training
O=C(O)c1cccc(C(F)(F)F)c1,0.0,training
CCCCCCCCC(CO)CCCCCC,0.0,training
Nc1nc[nH]n1,1.0,training
O=C(O)CCl,0.0,training
CCOP(=S)(OCC)Oc1cc(-c2ccccc2)on1,1.0,training
Nc1c(Br)cc(Br)c2c1C(=O)c1ccccc1C2=O,0.0,training
Oc1c2c(c(O)n1SC(Cl)(Cl)C(Cl)Cl)CC=CC2,1.0,training
O=c1c(C2CCCc3ccccc32)c(O)oc2ccccc12,0.0,training
O=C(O)c1cccc([N+](=O)[O-])c1,0.0,training
O=P(Oc1ccccc1)(Oc1ccccc1)Oc1ccccc1,1.0,training
COC(O)=c1cc(O)c(=C(O)OC)cc1O,0.0,training
CC1(C)S[C@@H]2C(NC(=O)C(NC(=O)N3CCN(S(C)(=O)=O)C3=O)c3ccccc3)C(=O)N2C1C(=O)O,1.0,training
CC[C@H]1C[C@H]2[C@@H]3CC=C4CC(=O)CCC4[C@H]3CC[C@]2(C)[C@H]1O,1.0,training
CCCCCCCCCCO,0.0,training
CCCCCCCCOc1ccccc1C(=O)Nc1ccc(C(=O)OCC[N+](C)(CC)CC)cc1,0.0,training
CC=C(C(=CC)c1ccc(O)cc1)c1ccc(O)cc1,1.0,training
C[C@]12CCC(=O)C=C1CC[C@@H]1[C@@H]2CC[C@]2(C)C(=O)CC[C@@H]12,1.0,training
Nc1ccc(C(=O)O)cc1,0.0,training
CC(Cl)COP(=O)(OCC(C)Cl)OCC(C)Cl,0.0,training
CCOCCOCCOCC,1.0,training
CCCCCC(O)/C=C/C=O,0.0,training
CC(C)CCCCCOC(=O)CS,0.0,training
O=[N+]([O-])c1cccc(O)c1,1.0,training
Cc1ccccc1N=Nc1ccc(N=Nc2c(O)ccc3ccccc23)c(C)c1,1.0,training
O=S(=O)(O)CCN1CCN(CCO)CC1,0.0,training
Oc1ccc(Cc2ccc(O)cc2)cc1,1.0,training
CCCc1ccccc1,0.0,training
Oc1ccc(-c2ccc(O)cc2)cc1,1.0,training
CC(=O)c1cc(C(C)(C)C)cc2c1CCC2(C)C,0.0,training
CCC(=O)O[C@]1(c2ccccc2)CCN(C)C[C@H]1C,0.0,training
O=CCCc1ccccc1,1.0,training
CCCCCCCCCc1ccc(O)cc1,1.0,training
Clc1ccccc1-c1ccccc1Cl,1.0,training
Oc1cc(Cl)cc(Cl)c1,0.0,training
CCCCCCCCCCCCCCCC(=O)O,1.0,training
Nc1ccc(-c2ccc(N)c(Cl)c2)cc1Cl,1.0,training
CC(C)=CCC/C(C)=C/C=C\C(C)=C\C=C\C(C)=C\C=C/C=C(C)/C=C/C=C(C)/C=C\C=C(/C)CCC=C(C)C,1.0,training
O=C(c1cc2ccccc2o1)N1CCN(Cc2ccccc2)CC1,0.0,training
O=C(O)CP(=O)(O)O,0.0,training
Brc1ccc(Oc2ccc(Br)cc2Br)c(Br)c1,1.0,training
Cc1cc(O)ccc1N,0.0,training
Nc1ccn([C@@H]2O[C@H](CO)[C@@H](O)[C@@H]2O)c(=O)n1,1.0,training
O=C(O)Cc1cc(I)c(Oc2ccc(O)c(I)c2)c(I)c1,1.0,training
O=C1NCC2(CCN(CCc3ccccc3)CC2)O1,1.0,training
C=C(C)C(=O)OCCOc1ccccc1,1.0,training
CCOC(=O)c1ncn2c1CN(C)C(=O)c1cc(F)ccc1-2,0.0,training
CC(C)CC(NC(=O)CNC(=O)C(Cc1ccc(O)cc1)NC(=O)C(CO)NC(=O)C(Cc1c[nH]c2ccccc12)NC(=O)C(Cc1c[nH]cn1)NC(=O)C1CCC(=O)N1)C(=O)NC(CCCN=C(N)N)C(=O)N1CCCC1C(=O)NCC(N)=O,0.0,training
CC#CCC(C)[C@H](O)/C=C/[C@@H]1[C@H]2c3cccc(CCCC(=O)O)c3O[C@H]2C[C@H]1O,1.0,training
Cc1ccc(N)c(N)c1,1.0,training
O=C(O)Cn1c2ccccc2c(=O)c2ccccc21,1.0,training
CC[C@H](C)C1NC(=O)C(Cc2ccc(O)cc2)NC(=O)C(N)CSSCC(C(=O)N2CCCC2C(=O)NC(CC(C)C)C(=O)NCC(N)=O)NC(=O)C(CC(N)=O)NC(=O)C(CCC(N)=O)NC1=O,1.0,training
Cn1cc(C2=C(c3cn(C4CCN(Cc5ccccn5)CC4)c4ccccc34)C(=O)NC2=O)c2ccccc21,0.0,training
NCCc1ccc(O)cc1,1.0,training
C[C@]12CC[C@@H]3c4ccc(OS(=O)(=O)O)cc4CC[C@H]3[C@@H]1CCC2=O,1.0,training
CC(COCCO)OCCO,0.0,training
Cc1cc(O)c2c(c1)C(=O)c1cc(O)cc(O)c1C2=O,1.0,training
C[C@]12C=CC(=O)C=C1CC[C@H]1[C@@H]3C[C@@H](O)[C@](O)(C(=O)CO)[C@@]3(C)C[C@H](O)[C@@]12F,1.0,training
CC(C)COC(=O)c1ccc(O)cc1,1.0,training
CCCCN1CCCC1C(=O)Nc1c(C)cc(C)cc1C,0.0,training
OCC1(CO)COCOC1,0.0,training
Cc1nc2ccccc2c(=O)n1-c1ccccc1Cl,1.0,training
CCCCCCCCNC,0.0,training
CC(C)=CC(=O)O,1.0,training
C1CS1,0.0,training
CCCCOC(=O)c1ccc(O)cc1,1.0,training
Oc1cccc2cc3cccc(O)c3c(O)c12,0.0,training
O=C(Cl)c1cccc(C(=O)Cl)c1,0.0,training
C=CC(C)CCCC(C)(C)O,0.0,training
CCCCCCC(C)(C)S,0.0,training
C#C[C@]1(OC(C)=O)CC[C@H]2[C@@H]3CCC4=CC(=NO)CC[C@@H]4[C@H]3CC[C@@]21CC,1.0,training
Nc1nc(N)nc(-c2ccccc2)n1,1.0,training
CC[C@H](C)C(NC(=O)C(Cc1ccccc1)NC(=O)C(C)NC(=O)C(CC(=O)O)NC(=O)C(CCCCN)NC(=O)C(CO)NC(=O)C1CCCN1C(=O)C1CCC(=O)N1)C(=O)NCC(=O)NC(CC(C)C)C(=O)NC(CCSC)C(N)=O,0.0,training
CN1CCCN=C1COC(=O)C(O)(c1ccccc1)C1CCCCC1,0.0,training
NCCC(O)C(=O)N[C@@H]1C[C@H](N)[C@@H](O[C@H]2O[C@H](CN)[C@@H](O)[C@H](O)[C@H]2O)[C@H](O)[C@H]1O[C@H]1O[C@H](CO)[C@@H](O)[C@H](N)[C@H]1O,1.0,training
COc1ccccc1O,0.0,training
Nc1nc2ccc(OC(F)(F)F)cc2s1,1.0,training
BrC(Br)Br,0.0,training
Cc1c(N)c(=O)n(-c2ccccc2)n1C,0.0,training
O=C(C(Cl)(Cl)Cl)C(Cl)(Cl)Cl,0.0,training
NC(=O)c1cc[n+](CC2=C(C(=O)[O-])N3C(=O)C(NC(=O)Cc4cccs4)[C@H]3SC2)cc1,0.0,training
Cc1ccc(-c2cc(C(F)(F)F)nn2-c2ccc(S(N)(=O)=O)cc2)cc1,1.0,training
CCCCOP(=O)(OCCCC)OCCCC,1.0,training
CNc1ccc([N+](=O)[O-])cc1,1.0,training
Cn1c(=O)c2c(ncn2CCO)n(C)c1=O,0.0,training
SCc1ccccc1,1.0,training
NC(=O)OC[C@@H]1C(=NC(=O)C(NOCC(=O)O)c2csc(N)n2)C(=O)N1S(=O)(=O)O,1.0,training
c1ccc(OCCOc2ccccc2)cc1,1.0,training
CC(C)(C)OC(=O)c1cccc(N)c1,1.0,training
Oc1ccc(-c2ccccc2)c(Cl)c1,1.0,training
C=CCS(=O)(=O)O,0.0,training
C=CC(=O)OCCCC,0.0,training
Nc1c2c(nc3ccccc13)CCCC2,1.0,training
CC(=O)c1ccccn1,0.0,training
Oc1ccc(Cc2ccccc2O)cc1,1.0,training
C=CCOc1ccc(CC(=O)O)cc1Cl,1.0,training
Nc1ccc2c3c(cccc13)-c1ccccc1-2,1.0,training
C=CCOCC(O)CO,0.0,training
CCOC(=O)NC(=S)Nc1ccccc1NC(=S)NC(=O)OCC,1.0,training
Cc1cc(O)ccc1Cl,1.0,training
NC1(c2ccc(-c3nc4ccn5c(=O)[nH]nc5c4cc3-c3ccccc3)cc2)CCC1,0.0,training
Clc1ccnc(Cl)n1,0.0,training
C#CCN[C@@H]1CCc2ccccc21,0.0,training
CC(C)(C)CC(C)(C)c1ccccc1O,1.0,training
Nc1nc(=O)c2ncn(COC(CO)CO)c2[nH]1,0.0,training
CC1=C(C=O)C(C)(C)CC=C1,0.0,training
O=Cc1cc(O)ccc1Br,1.0,training
CC1(CO)CN(c2ccccc2)NC1=O,0.0,training
CCCCCCCCCCCCCCCCC(=O)O,0.0,training
CCCCC(CC)COC(=O)OOC(C)(C)C,0.0,training
Cc1cc(NC(=O)C(=O)O)cc(C)c1Oc1ccc(O)c2c1CCC2,1.0,training
[SnH4],0.0,training
Oc1ccccc1F,0.0,training
O=C(OCc1ccccc1)c1ccc(O)cc1,1.0,training
CC[N+]1(CCOC(=O)C(O)(c2ccccc2)c2ccccc2)CCCCC1,1.0,training
CC12CCC(C[N+](C)(CCC[N+](C)(C)C)C1)C2(C)C,0.0,training
CCCCCCCCCCCCCCCCC,1.0,training
O=C(O)Cn1c(=O)n(Cc2ccc(Br)cc2F)c(=O)c2ccc(Cl)cc21,0.0,training
CNC(=O)Oc1cccc2c1OC(C)(C)O2,0.0,training
CCC(CN)CC(C)CCNCC(O)CNCC(C)CC(CC)CN,0.0,training
C#CC(C)N(C)C(=O)Nc1ccc(Cl)cc1,0.0,training
CCN(CCN)c1cccc(C)c1,0.0,training
O=C(Nc1ccc(S(=O)(=O)N2CCOCC2)cc1)c1cc(Cl)ccc1NS(=O)(=O)c1ccc(Cl)s1,0.0,training
CN(CCO)CCO,0.0,training
CCCCOC(=O)c1ccc(N)cc1,1.0,training
CC(=O)Nc1ccc(C=NNC(N)=S)cc1,0.0,training
O=C1c2ccccc2CN2C(=O)c3ccccc3CN12,0.0,training
CCCCC(O)c1ccccc1,1.0,training
CCN(CC)c1ccc(C(=O)c2ccccc2C(=O)O)c(O)c1,1.0,training
C=C1C(CCl)(CCl)C2(Cl)C(Cl)C(Cl)C1(Cl)C2(Cl)Cl,1.0,training
O=C(c1ccccc1)c1ccc(O)c(O)c1O,1.0,training
Cc1ccc(S(=O)(=O)NC(=O)NN2CCCCCC2)cc1,1.0,training
CCSCCCl,0.0,training
COc1ccc(NC(C)=O)cc1,1.0,training
C=CC(C)(O)CC/C=C(\C)CC,0.0,training
Cc1oc(C)c(O)c1O,0.0,training
C=Cc1cccc(C)c1,0.0,training
CCC(C)OC(=O)c1ccc(O)cc1,1.0,training
O=C(O)COc1ccccc1/C=N/NC(=O)c1ccncc1,0.0,training
Cc1cc(C)c(N)cc1C,0.0,training
Cc1noc(NS(=O)(=O)c2ccc(N)cc2)c1C,1.0,training
Cl[C@H]1[C@H](Cl)[C@@H](Cl)[C@@H](Cl)[C@H](Cl)[C@H]1Cl,0.0,training
c1ccc2[nH]c(-c3cscn3)nc2c1,1.0,training
Cc1ccccc1OCC(O)CO,1.0,training
COC(=O)CCC(=O)O,0.0,training
c1ccc([Bi](c2ccccc2)c2ccccc2)cc1,1.0,training
c1ccc(C2(c3ccccc3)CC2C2=NCCN2)cc1,1.0,training
Nc1ccc(S(=O)(=O)Nc2ccnn2-c2ccccc2)cc1,0.0,training
COc1c(N2CCNC(C)C2)c(F)cc2c(=O)c(C(=O)O)cn(C3CC3)c12,1.0,training
COC(=O)C(c1ccccc1Cl)N1CCc2sccc2C1,1.0,training
c1ccc2cc(CC3=NCCN3)ccc2c1,0.0,training
COc1cc(OC)nc(Oc2cccc(Oc3nc(OC)cc(OC)n3)c2C(=O)O)n1,0.0,training
COC(=O)NC(=S)Nc1ccccc1NC(=S)NC(=O)OC,0.0,training
COc1ccc(C(=O)Nc2ccccc2)cc1[N+](=O)[O-],1.0,training
O=C(Oc1ccccc1)c1cccc(C(=O)Oc2ccccc2)c1,1.0,training
CC1CC(OC(=O)C(O)c2ccccc2)CC(C)(C)N1C,1.0,training
CCCSc1ccc2[nH]c(NC(=O)OC)nc2c1,1.0,training
O=c1c(O)c(-c2ccc(O)cc2)oc2cc(O)cc(O)c12,1.0,training
Cc1cccc(C)c1,1.0,training
CC(=O)C=C(C)C,0.0,training
c1ccc(CNc2ncnc3c2ncn3C2CCCCO2)cc1,1.0,training
CN(CCCN1c2ccccc2CCc2ccccc21)CC(=O)c1ccc(Cl)cc1,0.0,training
c1ccc(-c2ccc(-c3ccccc3)cc2)cc1,1.0,training
CC(C)NC(=O)n1cc(O)n(-c2cc(Cl)cc(Cl)c2)c1=O,0.0,training
O=C(O)c1cc(Cl)cc(Cl)c1O,0.0,training
Cn1c(CCCC(=O)O)nc2cc(N(CCCl)CCCl)ccc21,0.0,training
COP(=O)(OC)Oc1ccc([N+](=O)[O-])cc1,0.0,training
Oc1ccc(C(c2ccc(O)cc2)(C(F)(F)F)C(F)(F)F)cc1,1.0,training
CCOc1ccc(N=Nc2ccc(C=Cc3ccc(N=Nc4ccc(OCC)cc4)cc3S(=O)(=O)O)c(S(=O)(=O)O)c2)cc1,0.0,training
CN[C@@H](C)Cc1ccccc1,0.0,training
COc1cccc2c(O)c3c(c(O)c12)C(=O)C1=C(C[C@@](O)(C(C)=O)C[C@@H]1O[C@H]1C[C@H](N)[C@H](O)[C@H](C)O1)C3=O,1.0,training
C[C@]12CC[C@H](O)C[C@H]1CC[C@@H]1[C@@H]2CC[C@]2(C)[C@@H](c3ccc(=O)oc3)C[C@H]3O[C@]132,1.0,training
C=CC(C)(O)CC/C=C(\C)CCC=C(C)C,0.0,training
c1cc2c3c(cccc3c1)CC2,0.0,training
COC(=O)Nc1nc2cc(Sc3ccccc3)ccc2[nH]1,1.0,training
Cc1oc(=O)oc1CN1CCN(c2cc3c(cc2F)c(=O)c(C(=O)O)c2n3C(C)S2)CC1,1.0,training
Brc1ccc(Oc2cc(Br)c(Br)cc2Br)c(Br)c1,1.0,training
CC(=O)OCC(=O)C1CC[C@H]2[C@@H]3CC=C4CC(=O)CC[C@]4(C)[C@H]3CC[C@]12C,1.0,training
Nc1ccc(-c2ccc(F)cc2)cc1,1.0,training
C[C@]12CCC(=O)C[C@@H]1CC[C@@H]1[C@@H]2CC[C@]2(C)C=CC[C@@H]12,1.0,training
Oc1ccc(Cc2ccccc2)cc1,1.0,training
C[N+](C)(C)CCCCCC[N+](C)(C)C,0.0,training
CCC(C)(C)OC,1.0,training
O=c1cc(-c2ccccc2)oc2ccc3ccccc3c12,1.0,training
Nc1ccc(C(=O)Oc2ccccc2)c(O)c1,1.0,training
COc1ccc(N)cc1,1.0,training
CCN(CC)C(=O)N[C@H]1C[C@@H]2c3cccc4[nH]cc(c34)C[C@H]2N(C)C1,1.0,training
CC(C)CC(NC(=O)OCC1c2ccccc2-c2ccccc21)C(=O)O,1.0,training
O=C(O)c1cc2cc(Cc3cccnc3)ccc2o1,1.0,training
C=COCC1CCC(COC=C)CC1,0.0,training
C=CCc1ccc(OC(=O)Cc2ccccc2)c(OC)c1,1.0,training
O=C1CCCCC1C1CCCCC1,0.0,training
Cn1c(=O)c2[nH]cnc2n(C)c1=O,1.0,training
c1ccc2cc3c(ccc4ccccc43)cc2c1,1.0,training
CCCCCCCC/C=C\CCCCCCCC(=O)OCCOC(=O)CCCCCCC/C=C\CCCCCCCC,1.0,training
COc1cccc([C@@]2(O)CCCC[C@@H]2CN(C)C)c1,0.0,training
O=c1[nH]nnc2ccccc12,0.0,training
CCCCCCCCCCCC(C)=O,1.0,training
Cn1ccc2cc3c(cc21)CCN3C(=O)Nc1cccnc1,1.0,training
CO[C@@H]1[C@@H](O[C@@H]2O[C@H](C)[C@@H](O[C@H]3C[C@@](C)(O)[C@@H](OC(=O)CC(C)C)[C@H](C)O3)[C@H](N(C)C)[C@H]2O)[C@@H](CC=O)C[C@@H](C)[C@@H](O)C=CC=CC[C@@H](C)OC(=O)C[C@H]1O,1.0,training
CC[N+](C)(C)c1cccc(O)c1,0.0,training
O=c1[nH]c(=O)c2ccccc2o1,0.0,training
CC(C)(C)NCC(O)COc1cccc2c1C[C@H](O)[C@H](O)C2,0.0,training
COc1ccc(C(=O)c2ccccc2)c(O)c1,1.0,training
O=[N+]([O-])c1ccccc1Nc1ccccc1,0.0,training
O=C1C(=Cc2cccs2)CCCC1=Cc1cccs1,1.0,training
CN(C(=O)C(Cl)Cl)c1ccc(OC(=O)c2ccco2)cc1,1.0,training
Cc1nnc2n1-c1sc(CCC(=O)N3CCOCC3)cc1C(c1ccccc1Cl)=NC2,0.0,training
CNCC(O)c1ccc(O)cc1,0.0,training
CNC(=O)ON=C(SC)C(=O)N(C)C,1.0,training
CC(=O)O[C@H]1CC[C@@]2(C)C(=CC[C@@H]3[C@@H]2CC[C@]2(C)C(c4cccnc4)=CC[C@@H]32)C1,1.0,training
CC(Oc1cc(Cl)ccc1Cl)C(=O)O,0.0,training
COc1cc(C=CC(=O)CC(=O)C=Cc2ccc(O)c(OC)c2)ccc1O,1.0,training
O=C(O)P(=O)(O)O,1.0,training
CC(=O)O[C@H]1C[C@@H]2CC[C@@H]3[C@H](CC[C@@]4(C)[C@H]3C[C@H]([N+]3(C)CCCCC3)[C@@H]4OC(C)=O)[C@@]2(C)C[C@@H]1N1CCCCC1,1.0,training
CC1(C)CC1C(=O)N=C(CCCCCSCC(N)C(=O)O)C(=O)O,0.0,training
COC(=O)C(c1ccccc1)C1CCCCN1,0.0,training
CN(C)CCOCCO,0.0,training
C[C@@H]1O[C@@H](OC[C@H]2O[C@@H](Oc3c(-c4ccc(O)c(O)c4)oc4cc(O)cc(O)c4c3=O)[C@H](O)[C@@H](O)[C@@H]2O)[C@H](O)[C@H](O)[C@H]1O,1.0,training
COC(=O)C(C)N(C(=O)Cc1ccccc1)c1c(C)cccc1C,0.0,training
CCCCCCCCCC(=O)O[C@H]1CC[C@H]2[C@@H]3CC=C4CC(=O)CC[C@]4(C)[C@H]3CC[C@]12C,1.0,training
CNC(=O)N(C)c1nc2ccccc2s1,1.0,training
COc1ccc2[nH]cc(CCNC(C)=O)c2c1,1.0,training
Cc1ccc(OP(=O)(Oc2ccccc2)Oc2ccccc2)cc1,1.0,training
Cc1c2ccccc2c(C)c2c1ccc1ccccc12,1.0,training
C[C@]12C=CC(=O)C=C1CC[C@@H]1C2C(=O)C[C@@]2(C)[C@H]1CC[C@]2(O)C(=O)CO,1.0,training
C[C@H]1O[C@@H](n2cc(F)c(=O)[nH]c2=O)[C@H](O)[C@@H]1O,1.0,training
CCC(Cl)CC(Cl)C(Cl)C(Cl)C(Cl)C(C)Cl,1.0,training
N[C@H]1C(O)O[C@H](CO)[C@@H](O)[C@@H]1O,1.0,training
CCCCCCCCCCCCc1ccc(O)cc1,1.0,training
CC(=O)Nc1c(I)c(C(=O)O)c(I)c(N(C)C(C)=O)c1I,0.0,training
CCC(CC)Nc1c([N+](=O)[O-])cc(C)c(C)c1[N+](=O)[O-],1.0,training
O[C@@H](c1cc(C(F)(F)F)nc2c(C(F)(F)F)cccc12)[C@H]1CCCCN1,1.0,training
COC(=O)C(Br)CBr,0.0,training
Oc1ccc2ccccc2c1N=Nc1ccccc1,1.0,training
S=C1SCN(Cc2ccccc2)CN1Cc1ccccc1,1.0,training
CCC(C)(c1ccc(O)cc1)c1ccc(O)cc1,1.0,training
C[C@]12CC[C@H]3[C@@H](CC=C4C[C@@H](O)CC[C@@]43C)[C@@H]1CC[C@@H]2O,1.0,training
CC(O)CN(CC(C)O)CC(C)O,1.0,training
CC1=CCC(=C(C)C)CC1,1.0,training
Clc1ccccc1CN1CCc2sccc2C1,1.0,training
C=Cc1ccc2c(O)c3ccccc3c(O)c2c1,1.0,training
CCN(CC)C(=O)N(CC)CC,0.0,training
O=C(O)C(CC(=O)N1C[C@H]2CCCC[C@H]2C1)Cc1ccccc1,1.0,training
CCOP(=S)(OCC)SC(CCl)N1C(=O)c2ccccc2C1=O,1.0,training
CCN(CCO)CCO,0.0,training
CC[C@H]1OC(=O)C(C)[C@@H](O[C@H]2C[C@@](C)(OC)[C@@H](O)[C@H](C)O2)[C@H](C)[C@@H](O[C@@H]2O[C@H](C)C[C@H](N(C)C)[C@H]2O)[C@](C)(O)CC(C)C(=O)C(C)[C@@H](O)[C@]1(C)O,1.0,training
c1ccc2c(c1)Oc1ccccc1S2,1.0,training
Nc1ccc(N=Nc2ccccc2)c(N)n1,1.0,training
C=CC(Cl)CCl,0.0,training
COc1cc(Cl)ccc1Cl,0.0,training
O=C(c1ccc(O)cc1)c1ccc(O)cc1,1.0,training
ClCc1ccc(Cl)cc1Cl,0.0,training
CCOP(=S)(OCC)SCSP(=S)(OCC)OCC,1.0,training
O=c1c(O)c(-c2ccc(O)c(O)c2)oc2cc(O)cc(O)c12,1.0,training
O=c1cc(-c2ccc(O)cc2)oc2cc(O)cc(O)c12,1.0,training
CC(C)(C)C(=O)c1ccccc1,1.0,training
O=C(Oc1ccccc1)c1ccccc1C(=O)Oc1ccccc1,0.0,training
C1CNCCN1,1.0,training
OCCBr,0.0,training
CCCC(C)C(=O)O,0.0,training
CCCCCCCCCCCCCCCC(=O)OC[C@@H](COP(=O)([O-])OCC[N+](C)(C)C)OC(=O)CCCCCCCCCCCCCCC,1.0,training
CC1CCN(CCCC(=O)c2ccc(F)cc2)CC1,0.0,training
Cc1c(N(C)CS(=O)(=O)O)c(=O)n(-c2ccccc2)n1C,1.0,training
COc1ccc2nc(N)sc2c1,1.0,training
COc1cc2nc(N3CCN(C(=O)C4COc5ccccc5O4)CC3)nc(N)c2cc1OC,0.0,training
O=NN(O)c1ccccc1,1.0,training
C=CCOC(=O)C(C)(C)OC(=O)c1cc(-n2c(=O)cc(C(F)(F)F)n(C)c2=O)ccc1Cl,0.0,training
CC1(C(=O)Nc2ccc(O)c(Cl)c2Cl)CCCCC1,1.0,training
CN=C1C[N+]([O-])=C(c2ccccc2)c2cc(Cl)ccc2N1,0.0,training
N#Cc1ccncc1,0.0,training
Nc1ccccc1C(=O)Oc1ccc2ccccc2c1,1.0,training
CC(=O)N1C[C@H](O)CC1C(=O)O,1.0,training
CN(C)c1ccc(N=Nc2ccccc2)cc1,1.0,training
O=P(O)(O)OC[C@H]1O[C@](O)(COP(=O)(O)O)[C@@H](O)[C@@H]1O,1.0,training
CC(C)OC=O,0.0,training
CC[n+]1ccccc1,0.0,training
CCCCCCOc1cc(C)c(O)c(C)c1C,0.0,training
COC(=O)c1c(Cl)c(Cl)c(C(=O)OC)c(Cl)c1Cl,0.0,training
C[C@]12CC[C@H]3[C@@H](CC=C4CC(=O)CC[C@@]43C)[C@@H]1CC[C@H]2O,1.0,training
C[C@]12CC[C@@H]3c4ccc(O)cc4CC[C@H]3[C@@H]1CC[C@H]2O,1.0,training
O=C(N[C@H](CO)[C@H](O)c1ccc([N+](=O)[O-])cc1)C(Cl)Cl,0.0,training
c1ccc(-c2cccc(-c3ccccc3)c2)cc1,1.0,training
CCOc1ccc(N=Nc2ccc(N)cc2N)cc1,1.0,training
CCC(C)=NO,0.0,training
O=C(CCl)c1ccccc1,1.0,training
Cc1ccc(C(=O)O)o1,0.0,training
CC(C)c1cccc(C(C)C)c1N1C(=O)c2ccc(O)cc2C1=O,1.0,training
CC(C)(c1cc(Cl)c(O)c(Cl)c1)c1cc(Cl)c(O)c(Cl)c1,1.0,training
O=C(Oc1ccccc1)c1ccc(O)cc1,1.0,training
F/C(COc1ccc2c(c1)[nH]c1ccccc12)=C1/CN2CCC1CC2,0.0,training
CC(O)CCO,1.0,training
NC[C@@H]1CC[C@@H](N)[C@@H](O[C@H]2[C@H](O)[C@@H](O[C@H]3O[C@H](CO)[C@@H](O)[C@H](N)[C@H]3O)[C@H](N)C[C@@H]2N)O1,1.0,training
[Ca+2],0.0,training
CN(C)CCOC(c1ccccc1)c1ccccc1,0.0,training
C=C1CC[C@@]2(O)[C@H]3Cc4ccc(O)c5c4[C@@]2(CCN3CC2CC2)[C@H]1O5,1.0,training
Nc1ccc(Cl)cc1,0.0,training
COc1ccc(/C=N/NC(=O)c2ccncc2)cc1OC,0.0,training
O=C(CBr)c1ccccc1,1.0,training
COc1cc2c(cc1OC)C(=O)C(CC1CCN(Cc3ccccc3)CC1)C2,1.0,training
O=C1c2ccccc2C(=O)c2cc(O)ccc21,1.0,training
COP(=O)(OC)OC(Br)C(Cl)(Cl)Br,0.0,training
CC(=O)O[C@H]1CC[C@H]2C3=C(C=C[C@]12C)C1=C(CC3)CC(=O)CC1,1.0,training
O=c1cc(-c2ccccc2)oc2ccccc12,1.0,training
CCOC(=O)COc1cc(-n2ncc(C(F)(F)F)c(C)c2=O)c(F)cc1Cl,0.0,training
CN(C)NC(=O)CCC(=O)O,1.0,training
NNc1nncc2ccccc12,1.0,training
O=Cc1ccc(C(=O)O)cc1,0.0,training
O=C(c1ccccc1)C1(O)CCCCC1,0.0,training
CCOC(=O)COc1ccc2c(C)c(CCN(CC)CC)c(=O)oc2c1Cl,0.0,training
COP(=S)(Oc1cc(Cl)c(Br)cc1Cl)c1ccccc1,0.0,training
NC[C@@H]1O[C@H](O[C@H]2[C@@H](O)[C@H](O[C@@H]3[C@@H](O)[C@H](N)C[C@H](N)[C@H]3O[C@H]3O[C@H](CO)[C@@H](O)[C@H](O)[C@H]3N)O[C@@H]2CO)[C@H](N)[C@@H](O)[C@@H]1O,1.0,training
C=CCCCCCCCCC=O,0.0,training
CC(C)(O)c1ccc(CNC(=O)c2cccnc2Oc2ccc(F)cc2)cc1,0.0,training
COP(=S)(OC)Oc1ccc(SC)c(C)c1,1.0,training
COc1ccc(-c2coc3cc(O)cc(O)c3c2=O)cc1,1.0,training
CCCCC[C@H](O)/C=C/[C@@H]1[C@@H](C/C=C\CCCC(=O)O)[C@@H](O)C[C@H]1O,1.0,training
c1ccc(OP(Oc2ccccc2)Oc2ccccc2)cc1,0.0,training
O=C(O)c1cccc(Cl)c1Cl,0.0,training
Cc1cc(C2(c3cc(C)c(O)cc3C)OS(=O)(=O)c3ccccc32)c(C)cc1O,1.0,training
CC(C)(OOC(C)(C)c1ccccc1)c1ccccc1,1.0,training
CC(=O)CCc1ccc2c(c1)OCO2,0.0,training
Cc1cc(=O)c(C(=O)NC(C(=O)NC2C(=O)N3C(C(=O)O)=C(CSc4nnnn4C)CS[C@H]23)c2ccc(O)cc2)c[nH]1,1.0,training
CN1C(=O)CCS(=O)(=O)C1c1ccc(Cl)cc1,0.0,training
COc1ccc2cc1Oc1cc3c(cc1OC)CC[N+](C)(C)[C@H]3Cc1ccc(cc1)Oc1c(OC)c(OC)cc3c1[C@@H](C2)[N+](C)(C)CC3,0.0,training
O=C(O)c1cc2ccccc2c(Cc2c(O)c(C(=O)O)cc3ccccc23)c1O,1.0,training
CCc1cc(Cl)c(OC)c(C(=O)NC[C@@H]2CCCN2CC)c1O,1.0,training
Cc1ccc2c(c1N)C(=O)c1ccccc1C2=O,1.0,training
CCOC(=O)C1=C(C)N=C(C)C(C(=O)OC)C1c1cccc(Cl)c1Cl,0.0,training
COc1c(Cl)c(Cl)c(Cl)c(Cl)c1Cl,0.0,training
C=C[C@@H](C)CCC=C(C)C,0.0,training
O=C(CCl)C(Cl)Cl,1.0,training
CCCN(CCC)C(=O)C(CCC(=O)OCCCN1CCN(CCOC(=O)Cc2c(C)n(C(=O)c3ccc(Cl)cc3)c3ccc(OC)cc23)CC1)NC(=O)c1ccccc1,1.0,training
COc1c2occc2cc2ccc(=O)oc12,0.0,training
C[C@]12CC[C@H]3[C@@H](CC=C4CC(=O)CC[C@@]43C)[C@@H]1CC[C@@H]2O,1.0,training
CCCCCCCOC(C)=O,1.0,training
COc1cc2c(cc1N)oc1ccccc12,1.0,training
[O-][N+](=Nc1ccccc1)c1ccccc1,1.0,training
CN(C(=O)CN(CCO)CC(=O)N(C)C(C)(C)Cc1ccccc1)C(C)(C)Cc1ccccc1,0.0,training
C=CCCl,1.0,training
CC[C@@H](C)C1NC(=O)C(CCCN)NC(=O)C(NC(=O)C(NC(=O)C(CCC(=O)O)NC(=O)C(CC(C)C)NC(=O)C2CSC([C@H](N)[C@H](C)CC)=N2)[C@@H](C)CC)CCCCNC(=O)C(CC(N)=O)NC(=O)C(CC(=O)O)NC(=O)C(Cc2c[nH]cn2)NC(=O)C(Cc2ccccc2)NC1=O,1.0,training
CCCCCCCCCCCOC(=O)c1ccccc1C(=O)OCCCCCCCCCCC,1.0,training
CCCCN(CC)c1c([N+](=O)[O-])cc(C(F)(F)F)cc1[N+](=O)[O-],0.0,training
CC(C)CCCC(C)(C)O,0.0,training
CCCCCCc1ccc(O)cc1O,1.0,training
CC[S+](C)CC,1.0,training
ClC1=C(Cl)[C@]2(Cl)[C@H]3[C@H]([C@H]4C=C[C@H]3C4)[C@@]1(Cl)C2(Cl)Cl,1.0,training
c1ccc(N=NNc2ccccc2)cc1,1.0,training
Cc1c([N+](=O)[O-])cccc1[N+](=O)[O-],0.0,training
Oc1ccc2ccccc2c1,1.0,training
C[C@H]1O[C@H](O[C@H]2[C@H](O)[C@@H](O)[C@@H](O[C@H]3[C@H](O)[C@@H](O)[C@H](O)O[C@@H]3CO)O[C@@H]2CO)[C@H](O)[C@@H](O)[C@@H]1N[C@H]1C=C(CO)[C@@H](O)[C@H](O)[C@H]1O,1.0,training
C=C1[C@H](CO)[C@@H](O)C[C@@H]1n1cnc2c(=O)[nH]c(N)nc21,0.0,training
CC(C)OC(=O)Nc1ccc2[nH]c(-c3cscn3)nc2c1,1.0,training
CC(C)C(C(=O)OC(C#N)c1cccc(Oc2ccccc2)c1)c1ccc(Cl)cc1,1.0,training
O=C(Cl)c1cc(Cl)cc(Cl)c1,0.0,training
N#CC(O)c1ccccc1,0.0,training
CCOC(=O)C(F)(F)F,0.0,training
O=C(CCc1ccc(O)cc1)c1c(O)cc(O)cc1O,1.0,training
CC(=O)C1CC[C@H]2[C@@H]3CC=C4CC(=O)CC[C@]4(C)[C@H]3CC[C@]12C,1.0,training
C[Si](C)(C)C,0.0,training
CC(C)NCC(O)c1ccc(N)c(C#N)c1,0.0,training
CN(C)CCOCCN(C)CCO,0.0,training
CC(=O)OC(C)(C)C1CC=C(C)CC1,1.0,training
CCCCCC=CCc1cc(O)oc1O,0.0,training
CCC(C(=O)NC(N)=O)c1ccccc1,0.0,training
Oc1ccc(C=Cc2cc(O)cc(O)c2)cc1,1.0,training
Cc1ccc2c(c1[N+](=O)[O-])C(=O)c1ccccc1C2=O,1.0,training
CC(C)C(=O)OCC(C)(C)C(OC(=O)C(C)C)C(C)C,1.0,training
O=C1NC(=O)c2ccccc21,0.0,training
C=CCCCCCCCCCCC,0.0,training
CCC(=O)O[C@H]1CC[C@H]2[C@@H]3CCc4cc(O)ccc4[C@H]3CC[C@]12C,1.0,training
Clc1ccc(Sc2cc(Cl)c(Cl)cc2Cl)cc1,0.0,training
CC(C)=CCC/C(C)=C/CO,1.0,training
CCOP(=S)(OCC)O/N=C(\C#N)c1ccccc1,1.0,training
ClCc1ccccn1,0.0,training
O=C1c2ccccc2CCc2ccccc21,1.0,training
CCCCP(CCCC)CCCC,0.0,training
Cl[C@H]1[C@H](Cl)[C@@H](Cl)[C@H](Cl)[C@@H](Cl)[C@@H]1Cl,1.0,training
O=[N+]([O-])c1ccc([As](=O)(O)O)cc1,0.0,training
C=CCN(C1=NCCN1)c1c(Cl)cccc1Cl,1.0,training
CCCCCC(C=O)=Cc1ccccc1,1.0,training
CN(C)P(=O)(N(C)C)N(C)C,0.0,training
COc1ccc(Nc2ccc(OC)cc2)cc1,1.0,training
O=C(O)CCC(=O)C(=O)O,0.0,training
CC(C)(C)c1ccc(O)c(O)c1,1.0,training
CCCCCCCCc1ccc(O)cc1,1.0,training
CCN(CC)CCNC(=O)COc1ccc(Cl)cc1,0.0,training
CS(=O)(=O)OCCCCOS(C)(=O)=O,1.0,training
O=C(CS)Nc1ccccc1,1.0,training
CCCCCCc1ccc(N)cc1,1.0,training
CCOC(=O)c1ccccc1N,0.0,training
O=S(=O)(O)OC[C@H]1O[C@@](COS(=O)(=O)O)(O[C@H]2O[C@H](COS(=O)(=O)O)[C@@H](OS(=O)(=O)O)[C@H](OS(=O)(=O)O)[C@H]2OS(=O)(=O)O)[C@@H](OS(=O)(=O)O)[C@@H]1OS(=O)(=O)O,1.0,training
NNC(=O)CP(=O)(c1ccccc1)c1ccccc1,0.0,training
O=CCCCC=O,0.0,training
CC(C)OC(=O)Nc1ccccc1,1.0,training
CC(C)C[C@H](CN)CC(=O)O,1.0,training
CCOC(N)=O,0.0,training
ClC/C=C\CCl,0.0,training
COC(=O)C1[C@H]2C[C@@H]3c4[nH]c5cc(OC)ccc5c4CCN3C[C@H]2C[C@@H](OC(=O)COc2ccc(OC)cc2)[C@@H]1OC,0.0,training
Nc1ccc(S(=O)(=O)Nc2cnc3ccccc3n2)cc1,0.0,training
CC1COc2ccccc2N1C(=O)C(Cl)Cl,0.0,training
Cc1cc2nc3c(=O)[nH]c(=O)nc-3n(C[C@H](O)[C@H](O)[C@H](O)CO)c2cc1C,0.0,training
CCCCC(CC)COC(=O)CC(C(=O)OCC(CC)CCCC)S(=O)(=O)O,1.0,training
CC(c1ccc(O)cc1)c1ccc(O)cc1,1.0,training
COc1cc(C)nc(-n2nc(C)cc2OC)n1,0.0,training
CC(=O)Nc1ccc(C)cc1C,0.0,training
CO[C@H]1C=CO[C@@]2(C)Oc3c(C)c(O)c4c(O)c(c(C=NN5CCN(C)CC5)c(O)c4c3C2=O)NC(=O)C(C)=CC=CC(C)[C@H](O)[C@@H](C)[C@@H](O)[C@@H](C)[C@H](OC(C)=O)[C@@H]1C,0.0,training
COP(=S)(OC)Oc1ccc([N+](=O)[O-])cc1,1.0,training
C[C@]12CCC(=O)C[C@@H]1CC[C@@H]1[C@@H]2CC[C@@]2(C)[C@H]1CC[C@]2(C)O,1.0,training
C=CC(C)(O)CCC=C(C)CCC=C(C)C,0.0,training
CCO[Si](C)(OCC)OCC,0.0,training
CC(=O)NCc1c(I)c(NC(C)=O)c(I)c(C(=O)O)c1I,1.0,training
CCCN(CCC)CCc1cccc2[nH]c(O)cc12,0.0,training
CCCCCCCC(=O)CC[C@@H]1[C@@H](C/C=C\CCCC(=O)OC(C)C)[C@@H](O)C[C@H]1O,0.0,training
CC(C)(c1ccc(O)cc1)c1ccc(O)cc1,1.0,training
Clc1ccc(C(c2ccccc2Cl)C(Cl)Cl)cc1,1.0,training
CC(=O)c1ccc2c(c1)Cc1ccccc1-2,1.0,training
C=CC[C@]1(O)CC[C@H]2C3=C(C=C[C@@]21C)C1=C(CC3)CC(=O)CC1,1.0,training
CCOC(=O)c1ccc(O)cc1,1.0,training
CN(C)CCOC(C)(c1ccccc1)c1ccccn1,1.0,training
CCOC(=O)Oc1c(OC)cc(C(=O)O[C@@H]2C[C@@H]3CN4CCc5c([nH]c6cc(OC)ccc56)[C@H]4C[C@@H]3C(C(=O)OC)[C@H]2OC)cc1OC,0.0,training
C[C@]12CC[C@@H]3c4ccc(O)cc4CC[C@H]3[C@@H]1CC[C@@H]2OC(=O)CCC1CCCC1,1.0,training
COC(C)OC,0.0,training
O=C(O)CCCCCCCC(=O)O,1.0,training
C[C@]12CC[C@H]3[C@@H](CC=C4C(Cl)C(=O)CC[C@@]43C)[C@@H]1CC[C@@H]2O,1.0,training
CCCN(CC)C(CC)C(=O)Nc1c(C)cccc1C,0.0,training
C[C@]12C=CC3=C(CC=C4CC(=O)CCC43)[C@@H]1CC[C@@H]2O,1.0,training
Oc1ccc(C2CNCCc3c2cc(O)c(O)c3Cl)cc1,1.0,training
CCCCCCCCCCCCCCNCCO,1.0,training
Cc1cc2c3c(c1)C(c1ccccc1)=NC(NC(=O)c1ccncc1)C(=O)N3CC2,0.0,training
CC(COc1ccccc1)N(CCCl)Cc1ccccc1,1.0,training
S=c1nccc[nH]1,1.0,training
O=C(c1ccccc1)c1cccc(O)c1,1.0,training
NNc1nc(-c2ccc(N)cc2)cs1,0.0,training
CCSC(=O)N1CCCCCC1,0.0,training
c1cncc([C@@H]2CCCCN2)c1,0.0,training
CCN(CC)c1cccc(O)c1,1.0,training
CC1=CC[C@H]2C[C@@H]1C2(C)C,0.0,training
C[C@]12CC[C@@H]3c4ccc(O)cc4CC[C@H]3[C@@H]1CC[C@@H]2OP(=O)(O)O,1.0,training
CCCc1ccc(N)cc1,0.0,training
COC(=O)c1ccc(C(=O)OC)cc1,0.0,training
Cc1cc(C(=O)NNCc2ccccc2)no1,1.0,training
O=c1c(-c2ccc(O)cc2)coc2cc(O)ccc12,1.0,training
Cc1ccc2c(c1)c1c3n2CCNC3CCC1,0.0,training
O=C1NC(=O)[C@@]2(CCOc3ccc(F)cc32)N1,0.0,training
C#C[C@]1(OC(C)=O)CC[C@H]2[C@@H]3CCC4=C[C@@H](OC(C)=O)CC[C@@H]4[C@H]3CC[C@@]21C,1.0,training
C=CC(=O)OCCOC(=O)C=C,1.0,training
O=[N+]([O-])c1ccccc1C(F)(F)F,0.0,training
CCOc1ccc([N+](=O)[O-])cc1,1.0,training
Nc1ccc2ccccc2c1S(=O)(=O)O,1.0,training
Cc1c(C)c2c(c(C)c1OC(=O)c1cccnc1)CC[C@@](C)(CCC[C@H](C)CCC[C@H](C)CCCC(C)C)O2,0.0,training
C=CC1(C)CC(OC(=O)CO)C2(C)C(C)CCC3(CCC(=O)C32)C(C)C1O,0.0,training
c1ccc2c(c1)-c1cccc3cccc-2c13,1.0,training
CCCCNCC(O)c1ccc(O)cc1,0.0,training
Cc1occc(=O)c1O,0.0,training
CCN(CC)CCOCCOC(=O)C(CC)(CC)c1ccccc1,1.0,training
CC(=O)[C@@]1(O)CC[C@H]2C3=CC(Cl)=C4CC(=O)CC[C@]4(C)[C@H]3CC[C@@]21C,1.0,training
Cc1ccc(C=C2C(=O)C3CCC2C3(C)C)cc1,0.0,training
NCCCCCCN,0.0,training
NC(=O)N(O)[C@@H]1C=C[C@H](Oc2cccc(Oc3ccc(F)cc3)c2)C1,1.0,training
COCC(C)O,1.0,training
COC(C)(OC)OC,0.0,training
CC(C)=CCOc1ccc(/C=C/C(=O)c2ccc(OCC=C(C)C)cc2OCC(=O)O)cc1,0.0,training
Cc1ccc(S(=O)(=O)O)c(C)c1,0.0,training
C[C@]12CC[C@H](OS(=O)(=O)O)CC1=CC[C@@H]1[C@@H]2CC[C@]2(C)C(=O)CC[C@@H]12,1.0,training
NNCCc1ccccc1,1.0,training
O=C(NS(=O)(=O)/C=C/c1cccs1)c1ccc(F)cc1Br,1.0,training
C=CCN1CC[C@]23CCCC[C@H]2[C@H]1Cc1ccc(O)cc13,0.0,training
C[C@]12CCC(=O)C=C1CC[C@@H]1[C@@H]2[C@@H](O)C[C@@]2(C)[C@H]1CC[C@]2(O)C(=O)CO,1.0,training
N=C(N)NCCCC(NC(=O)C1CCCN1C(=O)C1CSSCC(N)C(=O)NC(Cc2ccc(O)cc2)C(=O)NC(Cc2ccccc2)C(=O)NC(CCC(N)=O)C(=O)NC(CC(N)=O)C(=O)N1)C(=O)NCC(N)=O,1.0,training
COc1cc(NC(=O)CC(C)=O)c(OC)cc1Cl,0.0,training
CC[Ge](Cl)(CC)CC,1.0,training
CCOC(=O)Nc1ccc2c(c1)N(C(=O)CCN1CCOCC1)c1ccccc1S2,0.0,training
CC(C)(C)S,0.0,training
O=C1OCC(Cc2cccc(O)c2)C1Cc1cccc(O)c1,1.0,training
NS(=O)(=O)c1cc(Cl)c(Cl)c(S(N)(=O)=O)c1,0.0,training
ClCCCCBr,0.0,training
COc1ccc(NC(C)=O)cc1N,1.0,training
Nc1ccc(-c2ccccc2)cc1,1.0,training
CC(C)(C)CC(C)(C)N,0.0,training
O=P1(N(CCCl)CCCl)NCCCO1,1.0,training
O=c1cc(-c2ccccc2)oc2cc(O)cc(O)c12,1.0,training
Cc1cn([C@H]2C[C@H](N=[N+]=[N-])[C@@H](CO)O2)c(=O)[nH]c1=O,1.0,training
O=C(Nc1ccccc1SSc1ccccc1NC(=O)c1ccccc1)c1ccccc1,1.0,training
CC(=O)C=Cc1ccc2c(c1)OCO2,0.0,training
CC(C)(C)C(=O)OCOC(=O)C1N2C(=O)CC2S(=O)(=O)C1(C)C,0.0,training
CCCCC(CC)COC(=O)COc1ccc(Cl)cc1C,0.0,training
Cc1ccc(C(C)(C)c2ccc(C)cc2)cc1,0.0,training
c1ccc(CSCc2ccccc2)cc1,1.0,training
Cc1oncc1C(=O)Nc1ccc(C(F)(F)F)cc1,0.0,training
O=C(O)CF,0.0,training
CC(CN(C)C)C(C)(O)Cc1ccc(Cl)cc1,0.0,training
NC(=S)NC(N)=S,0.0,training
CC(=O)[C@@]1(O)CC[C@H]2[C@@H]3CC=C4CC(=O)CC[C@]4(C)[C@H]3CC[C@@]21C,1.0,training
Cc1cc(-n2nc3ccc(Cl)cc3n2)c(O)c(C(C)(C)C)c1,1.0,training
CCCC(O)C(CC)CO,0.0,training
CC(C)=CCl,1.0,training
c1csc(-c2ccc(-c3cccs3)s2)c1,1.0,training
C=CCBr,0.0,training
O=C(c1ccc(O)cc1)c1ccc(O)c(O)c1O,1.0,training
CCOC(=O)n1ccn(C)c1=S,0.0,training
CCC(C)C(C)=O,1.0,training
CN1CCOC(c2ccccc2)c2ccccc2C1,1.0,training
CC(C)CCCCCCc1ccc(O)cc1,1.0,training
CC(C)CP(=S)(S)CC(C)C,0.0,training
Oc1cccc(Nc2ccccc2)c1,1.0,training
O=Cc1ccc([N+](=O)[O-])cc1,1.0,training
CC(=O)C=CC1=C(C)CCCC1(C)C,0.0,training
Oc1ccc(-c2ccccc2)cc1,1.0,training
CC(CO)Oc1ccccc1,0.0,training
COc1ccc([C@@H]2Sc3ccccc3N(CCN(C)C)C(=O)C2OC(C)=O)cc1,0.0,training
Clc1ccc(C(Cl)(Cl)Cl)cc1,1.0,training
CCO[Si](CCCSSSSCCC[Si](OCC)(OCC)OCC)(OCC)OCC,0.0,training
O=C1CCCN1,1.0,training
CC1COC(=O)O1,0.0,training
CC(C)(C)OC(=O)c1ncn2c1[C@@H]1CCCN1C(=O)c1c(Br)cccc1-2,0.0,training
COc1ccc(C=O)cc1OC,1.0,training
Cc1cc(C(C)(C)c2cc(C)c(O)c(C)c2)cc(C)c1O,1.0,training
C=C[C@H]1CN2CC[C@H]1C[C@H]2[C@H](OC(=O)OCC)c1ccnc2ccc(OC)cc12,1.0,training
COc1ccc(C)cc1,0.0,training
BrCc1cccc(Oc2ccccc2)c1,1.0,training
C#C[C@]1(O)CC[C@H]2[C@@H]3CCC4=Cc5oncc5C[C@]4(C)[C@H]3CC[C@@]21C,1.0,training
CCC(=O)Oc1ccc2c(c1)CC[C@@H]1[C@@H]2CC[C@]2(C)[C@@H](OC(=O)CC)CC[C@@H]12,1.0,training
CCN(CC)CCNc1ccc(CNC=O)c2sc3ccc(OC)cc3c(=O)c12,1.0,training
OC12N=C(c3ccccc3)SC1Cc1cc(Cl)ccc12,1.0,training
O=S(=O)(O)OOS(=O)(=O)O,1.0,training
CCOc1cc(N)c(Cl)cc1C(=O)NCC1CN(Cc2ccc(F)cc2)CCO1,0.0,training
N#CCCl,1.0,training
COC(=O)c1c(C)cc(O)c(C)c1O,1.0,training
CCOC(=O)C(C)(C)Oc1ccc(Cl)cc1,1.0,training
N#CN=C(N)N,0.0,training
CN(C)Cc1cc(CN(C)C)c(O)c(CN(C)C)c1,0.0,training
NC(Cc1cc(I)c(Oc2ccc(O)c(I)c2)c(I)c1)C(=O)O,1.0,training
C[C@]12CC[C@@H]3c4ccc(O)cc4CC[C@H]3[C@@H]1C[C@@H](O)[C@@H]2O,1.0,training
O=Nc1ccc(Nc2ccccc2)cc1,1.0,training
Nc1c(CC(=O)O)cccc1C(=O)c1ccccc1,1.0,training
C[C@]12CC[C@H]3[C@@H](CC=C4CC(=O)CC[C@@]43C)[C@@H]1CC[C@@H]2OC(=O)CCc1ccccc1,1.0,training
CC(=O)OCC1=C(C(=O)O)N2C(=O)C(NC(=O)Cc3ccccc3)[C@H]2SC1,0.0,training
Cc1ccc([N+](=O)[O-])c(C)c1,1.0,training
NC(CS)C(=O)O,0.0,training
Nc1nc(N)c2nc(-c3ccccc3)c(N)nc2n1,1.0,training
Cc1cc(Cl)ccc1O,0.0,training
CC(=O)OCC(COC(C)=O)OC(C)=O,1.0,training
COc1ccc(C(=O)c2cccc(O)c2)c(OC)c1,1.0,training
Oc1ccc(Nc2ccccc2)cc1,1.0,training
CC(C)=CCN1CC[C@]2(C)c3cc(O)ccc3C[C@H]1[C@H]2C,1.0,training
O=C1C[C@@H]2OCC=C3CN4CC[C@]56c7ccccc7N1[C@H]5[C@H]2[C@H]3C[C@H]46,0.0,training
O=C1CCC(c2ccccc2)(C2CCN(Cc3ccccc3)CC2)C(=O)N1,0.0,training
CN1CCC[C@@H]1Cc1c[nH]c2ccc(CCS(=O)(=O)c3ccccc3)cc12,0.0,training
CC(C)(O)CCCC1=CCC(C=O)CC1,1.0,training
c1ccc(N=Nc2ccccc2)cc1,1.0,training
CC(C)CCC(=O)O[C@H]1CC[C@H]2[C@@H]3CC=C4CC(=O)CC[C@]4(C)[C@H]3CC[C@]12C,1.0,training
ClCOCCl,1.0,training
CC(C)(C)c1ccc(OC(=O)c2ccccc2O)cc1,1.0,training
Nc1nc(NC2CC2)c2ncn([C@@H]3C=C[C@@H](CO)C3)c2n1,1.0,training
Cc1ccc(N)cc1,1.0,training
Nc1ccc(O)c(C(=O)O)c1,1.0,training
O=C1c2cccc(O)c2C(=O)c2c(O)cccc21,1.0,training
O=C(O)CC(=O)O,0.0,training
C[C@]12CC(C=O)C(=O)C[C@@H]1CC[C@@H]1[C@@H]2CC[C@@]2(C)[C@H]1CC[C@]2(C)O,1.0,training
[O-][Cl+3]([O-])([O-])O,1.0,training
C[C@](O)(CS(=O)(=O)c1ccc(F)cc1)C(=O)Nc1ccc(C#N)c(C(F)(F)F)c1,0.0,training
CC(C)OC(=O)C(C(=O)OC(C)C)=C1SC=CS1,0.0,training
CCCCCCOc1ccc(O)cc1,1.0,training
CC1(C)C(/C=C\C=C/C=C\C=C2\N(CCCCS(=O)(=O)O)c3ccc4ccccc4c3C2(C)C)=[N+](CCCCS(=O)(=O)[O-])c2ccc3ccccc3c21,0.0,training
CC(C)Oc1ccc2c(=O)c(-c3ccccc3)coc2c1,1.0,training
O=C(O)c1cc2ccccc2cc1O,1.0,training
COc1ccc(OC)cc1,0.0,training
C=Cc1c(C)c2[nH]c1=Cc1[nH]c(c(=CC)c1C)=Cc1[nH]c(c(C(=O)O)c1C)C(CC(=O)O)=C1N=C(C=2)C(C)C1CCC(=O)O,0.0,training
CCC(O)OCC(C)OC(O)CC,0.0,training
CCC(C)(C)C(=O)O[C@H]1C[C@@H](C)C=C2C=C[C@H](C)[C@H](CC[C@@H]3C[C@@H](O)CC(=O)O3)[C@H]21,1.0,training
Clc1c(Cl)c(Cl)c(Cl)c(Cl)c1Cl,0.0,training
Oc1ccc(Oc2ccccc2)cc1,1.0,training
C[C@H]1CCCC(=O)CCC=CCc2cc(O)cc(O)c2C(=O)O1,1.0,training
COc1ccc(N=[N+]([O-])c2ccc(OC)cc2)cc1,1.0,training
CCSCc1ccccc1OC(=O)NC,0.0,training
Cc1ccc(C)c(O)c1,0.0,training
c1ccc(Nc2ccc3ccccc3c2)cc1,1.0,training
CC(=O)Nc1ccc(CC(=O)O)cc1,0.0,training
CCCOC(=O)C(C)O,0.0,training
CSCCC(NC(=O)C(Cc1ccc(OS(=O)(=O)O)cc1)NC(=O)C(N)CC(=O)O)C(=O)NCC(=O)NC(Cc1c[nH]c2ccccc12)C(=O)NC(CCSC)C(=O)NC(CC(=O)O)C(=O)NC(Cc1ccccc1)C(N)=O,1.0,training
O=C(C=Cc1ccccc1)OCc1ccccc1,1.0,training
CC(C)(O)C#CC(C)(C)O,0.0,training
CC(=O)Nc1ccccc1,0.0,training
Nc1nc(-c2ccc([N+](=O)[O-])cc2)cs1,1.0,training
C=C(C)C(=O)OCC[N+](C)(C)C,0.0,training
C#C[C@]1(O)CC[C@H]2[C@@H]3CCc4cc(O)ccc4[C@H]3CC[C@@]21C,1.0,training
CC=C(CC)C(=O)NC(N)=O,1.0,training
CCCCN(CCCC)CC(O)c1cc(Cl)cc2c1-c1ccc(Cl)cc1/C2=C/c1ccc(Cl)cc1,1.0,training
CN1CCc2cc(Cl)c(O)cc2C2c3ccccc3CC[C@@H]21,0.0,training
OCCN1CCNCC1,0.0,training
Cc1cc(C)cc(OP(=O)(Oc2cc(C)cc(C)c2)Oc2cc(C)cc(C)c2)c1,0.0,training
CC(=NO)c1ccc(OCC(=O)N2CCCCC2)cc1,1.0,training
CCCCCCCCOC(=O)c1ccc(O)cc1,1.0,training
NNC(=O)c1ccccc1,1.0,training
C(=C(c1ccccc1)c1ccccc1)c1ccccc1,1.0,training
CCOP(=S)(OCC)Oc1cnc2ccccc2n1,1.0,training
c1ccc(C2CC2)c(OCC2=NCCN2)c1,0.0,training
O=S(=O)(c1ccc(O)cc1)c1ccc(O)cc1,1.0,training
CC(C)(c1ccccc1)c1ccc(O)cc1,1.0,training
CCCCO[PH](=O)OCCCC,0.0,training
CCCCCCCC/C=C/CCCOC(C)=O,0.0,training
CCCC(C)CC,0.0,training
CCCN1CCCCC1C(=O)Nc1c(C)cccc1C,0.0,training
CCOC(=O)c1ccc(OC(=O)CCCCCN=C(N)N)cc1,1.0,training
CC(C)OC(=O)Nc1cccc(Cl)c1,0.0,training
ICCc1ccccc1,0.0,training
c1ccc(NNc2ccccc2)cc1,1.0,training
CC(C)(C)c1ccc(OCC2CO2)cc1,1.0,training
Cc1ccc(-c2ncc(Cl)cc2-c2ccc(S(C)(=O)=O)cc2)cn1,0.0,training
CC(C)(C)c1cc(O)ccc1O,0.0,training
C[C@]12CCC(=O)C=C1CC[C@@H]1[C@@H]2CC[C@@]2(C)[C@H]1CC[C@]2(C)O,1.0,training
O=C(c1ccccc1)c1ccc(O)cc1,1.0,training
C[N+](C)(C)CC[N+]1(C)Cc2c(Cl)c(Cl)c(Cl)c(Cl)c2C1,0.0,training
CC(=O)C1CC[C@H]2[C@@H]3CC[C@H]4C[C@H](O)CC[C@]4(C)[C@H]3CC[C@]12C,1.0,training
NC(=O)Oc1ccc(Cc2ccccc2)cc1,1.0,training
O=C(O)c1cccc(-c2noc(-c3ccccc3F)n2)c1,1.0,training
Cc1ccc2c(c1)C(=O)OC2=O,0.0,training
CON=C(C(=O)NC1C(=O)N2C(C(=O)O)=C(CSc3nnnn3C)CS[C@H]12)c1csc(N)n1,0.0,training
O=C(O)Cc1ccccc1Nc1c(Cl)cccc1Cl,1.0,training
CCCCC(C)C(=O)O,0.0,training
CC(C)NC(C)Cc1ccc(I)cc1,1.0,training
CCCCN(CCCC)CCCOC(=O)c1ccc(N)cc1,0.0,training
CCCCN(CCCC)C(=O)N(CCCC)CCCC,1.0,training
C=C1/C(=C\C=C2/CCC[C@]3(C)[C@@H]([C@H](C)/C=C/[C@H](C)C(C)C)CC[C@@H]23)C[C@@H](O)C[C@@H]1O,0.0,training
C=C1C(=CC)c2cc3[nH]c(cc4[nH]c(cc5nc(cc1n2)C(CC)=C5C)c(C)c4CCC(=O)O)c(C=CC(=O)O)c3C,1.0,training
O=C(O)C1(C(=O)Nc2ccc(Cl)cc2Cl)CC1,0.0,training
C=CC(C)(C)CC(=O)OC,0.0,training
Cn1cc(O)nc1NC(=O)Nc1cccc(Cl)c1,1.0,training
c1ccc(CCCc2ccncc2)cc1,0.0,training
CCCCC=CC=CCC=O,0.0,training
O=C(C=Cc1ccccc1)OCCCc1ccccc1,1.0,training
C=CC(=O)NC(C)C,0.0,training
Oc1cc2ccccc2n1-c1c(Cl)cccc1Cl,1.0,training
CC(C=O)Cc1ccc(C(C)(C)C)cc1,0.0,training
CCCCCCC(C=O)=Cc1ccccc1,1.0,training
CCCCCCCCCOS(=O)(=O)O,1.0,training
CC(C)c1ccc(CO)cc1,1.0,training
CCCCOCCOCCOCc1cc2c(cc1CCC)OCO2,0.0,training
Nc1ccc2cc(S(=O)(=O)O)ccc2c1,0.0,training
CN(C)c1ccc(SC#N)cc1,1.0,training
CCCCCCCCCCCCCCCC[N+](C)(C)C,1.0,training
Cc1c(NC(C)C)c(=O)n(-c2ccccc2)n1C,0.0,training
CCC(=O)N(c1ccccc1)C1CCN(Cc2cccs2)CC1,0.0,training
CN(C)C1C(=O)C(C(N)=O)C(=O)[C@@]2(O)C(=O)C3C(=O)c4c(O)cccc4[C@@](C)(O)[C@H]3C[C@@H]12,0.0,training
CCCCC(CC)COC(=O)c1ccc(O)cc1,1.0,training
Cc1cccc(/N=N/c2ccc(N(C)C)cc2)c1,1.0,training
O=P(O)(Oc1ccccc1)Oc1ccccc1,0.0,training
CN1CCC(=C2c3ccccc3CC(=O)c3sccc32)CC1,0.0,training
CCCC(CCC)C(=O)O,0.0,training
CCCCCCCCCCCCCCCCCC[N+](C)(C)CCC[Si](OC)(OC)OC,1.0,training
Clc1cc(Cl)c(Cl)cc1Cl,1.0,training
CC1C2CC(CC2C2CCCC(O)C2)C1(C)C,1.0,training
N=C(N)Nc1ccc(C(=O)Oc2ccc3cc(C(=N)N)ccc3c2)cc1,0.0,training
CCCCOc1ccc(C(=O)CCN2CCCCC2)cc1,1.0,training
CCCCCCCCCCC=O,1.0,training
O=[N+]([O-])c1nccn1CO[C@@H](CO)[C@H](O)CO,0.0,training
COc1cc(NS(=O)(=O)c2ccc(N)cc2)ncn1,0.0,training
CCC(Cl)CCl,0.0,training
Cc1cccc2sc3nncn3c12,0.0,training
COc1ccccc1N1CCN(CC(O)COc2cccc3ccccc23)CC1,0.0,training
C=CC(=O)NC(C)(C)C,0.0,training
CNCC[C@@H](Oc1ccccc1C)c1ccccc1,0.0,training
BrCC(Br)(Br)Br,0.0,training
CC(C)c1ccc2sc3ccccc3c(=O)c2c1,1.0,training
CN1[C@@H]2C[C@@H](OC(=O)C(CO)c3ccccc3)C[C@H]1[C@@H]1O[C@@H]12,1.0,training
CN(C)CCC(c1ccc(Br)cc1)c1ccccn1,0.0,training
CN[C@]1(c2ccccc2Cl)CCCCC1=O,0.0,training
COC(OC)(C(=O)c1ccccc1)c1ccccc1,1.0,training
CC(C)C(OC(=O)c1ccccc1)C(C)(C)COC(=O)c1ccccc1,1.0,training
C/C(=C\C(=O)OCCCCCCCCC(=O)O)C[C@@H]1OC[C@H](C[C@@H]2O[C@H]2[C@@H](C)[C@H](C)O)[C@@H](O)[C@H]1O,0.0,training
CCCCCCC(=O)O[C@H]1CC[C@H]2[C@@H]3CCc4cc(O)ccc4[C@H]3CC[C@]12C,1.0,training
CC(=O)C=Cc1ccccc1,1.0,training
O=[N+]([O-])c1cc(C(F)(F)F)ccc1Cl,0.0,training
CCCCCCCCCCCBr,0.0,training
O=C(C(=O)c1ccccc1)c1ccccc1,0.0,training
CN(C)c1ccncc1,0.0,training
C#C[C@]1(O)CC[C@H]2[C@@H]3[C@H](C)C=C4CC(=O)CCC4[C@H]3CC[C@@]21C,1.0,training
C#C[C@]1(OC(=O)CCCCCC)CC[C@H]2[C@@H]3CC=C4CC(=O)CCC4[C@H]3CC[C@@]21C,1.0,training
O=C(O)CNC(=O)c1ccccc1I,0.0,training
C=CC(=O)OCCCCCC,0.0,training
O=C(O)CCC/C=C\C[C@@H]1[C@@H](/C=C/[C@@H](O)COc2cccc(C(F)(F)F)c2)[C@H](O)C[C@@H]1O,1.0,training
COc1cc([C@@H]2c3cc4c(cc3C(O[C@@H]3O[C@@H]5CO[C@@H](C)O[C@H]5[C@H](O)[C@H]3O)C3COC(=O)C32)OCO4)cc(OC)c1OP(=O)(O)O,1.0,training
O=C(O)c1ccc(OCCCOc2ccc(C(=O)O)cc2)cc1,0.0,training
O=Cc1ccccc1C=O,1.0,training
Cc1cc(C)c(NC(=O)C[C@H](CC(=O)O)c2cccc3ccccc23)c(C(=O)N2CCC3(CCCC3)CC2)c1,1.0,training
Nc1ccc2c(c1)Cc1ccccc1-2,1.0,training
C[C@]12CC[C@@H]3C4=C(CC[C@H]3[C@@H]1CC[C@@H]2O)CC(=O)CC4,1.0,training
O=C1CCCC=CCCCCCCCCCC1,0.0,training
COc1ccc(-c2coc3cc(O)ccc3c2=O)cc1,1.0,training
CCCCc1ccc2[nH]c(NC(=O)OC)nc2c1,1.0,training
Cn1c(N)nc2[nH]cnc2c1=O,0.0,training
C[C@@]12CCC[C@H]1[C@@H]1CC[C@H]3C[C@@H](O)CC[C@]3(C)[C@H]1CC2,1.0,training
NC(CCC(=O)NC(CSSCC(NC(=O)CCC(N)C(=O)O)C(=O)NCC(=O)O)C(=O)NCC(=O)O)C(=O)O,1.0,training
O=C(O)c1ccc([N+](=O)[O-])cc1,0.0,training
C[C@]12CC[C@@H]3c4ccc(O)cc4C=CC3[C@@H]1CCC2=O,1.0,training
CC(C)(C)C(=O)C(Cl)Cl,0.0,training
COC(C)(C)C,0.0,training
c1ccc2c(c1)Nc1ccccc1S2,1.0,training
CC(C)(C)C(=O)Cl,0.0,training
CCCC(C(=O)OCCN(CC)CC)(c1ccccc1)c1ccccc1,0.0,training
Nc1ccc(S(=O)(=O)Nc2ncccn2)cc1,0.0,training
Oc1ccc2c3c1O[C@H]1[C@@H](O)CC[C@@]4(O)[C@@H](C2)N(CC2CCC2)CC[C@]314,0.0,training
ClC=C(Cl)Cl,0.0,training
CCOC(C)=O,0.0,training
COc1ccc(CCN(C)CCCC(C#N)(c2cc(OC)c(OC)c(OC)c2)C(C)C)cc1OC,0.0,training
Cc1ccc(S(=O)(=O)NC(=O)NN2CC3CCCC3C2)cc1,0.0,training
COC(=O)c1ccccc1N,0.0,training
NS(=O)(=O)c1cc(C(=O)O)c(NCc2ccco2)cc1Cl,1.0,training
CC1(C)O[C@@H]2C[C@H]3[C@@H]4CC=C5CC(=O)C=C[C@]5(C)[C@H]4[C@@H](O)C[C@]3(C)[C@]2(C(=O)CO)O1,1.0,training
CNC(=O)O/N=C(\C)C(C)S(C)(=O)=O,0.0,training
Cc1cn[nH]c1,0.0,training
O=c1[nH]c2ccc([S+]([O-])CCN3CCC(Cc4ccc(F)cc4)CC3)cc2o1,1.0,training
c1ccc(SCCSc2ccccc2)cc1,1.0,training
O=C(O)c1ccccc1C(=O)Nc1ccc(S(=O)(=O)Nc2nccs2)cc1,0.0,training
Cc1ccc2ccccc2c1,0.0,training
Nc1ccccc1C(=O)OCCc1ccccc1,1.0,training
C[C@]12CC[C@H](O)CC1=CC[C@@H]1[C@@H]2CC[C@]2(C)C(=O)CC[C@@H]12,1.0,training
CCC(=O)OC/C=C/c1ccccc1,1.0,training
C[C@H]1O[C@@H](O[C@H]2[C@@H](O)C[C@H](O[C@H]3[C@@H](O)C[C@H](O[C@H]4CC[C@@]5(C)[C@H](CC[C@@H]6[C@@H]5C[C@@H](O)[C@]5(C)[C@@H](C7=CC(=O)OC7)CC[C@]65O)C4)O[C@@H]3C)O[C@@H]2C)C[C@H](O)[C@@H]1O,1.0,training
C=CC(=O)OCCOCCOC(=O)C=C,1.0,training
OC(CCN1CCCC1)(c1ccccc1)C1CCCCC1,0.0,training
Nc1ccc(C(=O)Nc2ccccc2N)cc1,1.0,training
CC(=O)c1ccccc1O,0.0,training
CC(C)[N+](C)(CCC(C(N)=O)(c1ccccc1)c1ccccc1)C(C)C,0.0,training
CCCCC(=O)O[C@H]1CC[C@H]2[C@@H]3CCc4cc(O)ccc4[C@H]3CC[C@]12C,1.0,training
Cc1ccccc1-n1c(C)nc2ccccc2c1=O,1.0,training
CC1=C(/C=C/C(C)=C/C=C/C(C)=C/C=C\C=C(C)\C=C\C=C(C)\C=C\C2=C(C)C(=O)CCC2(C)C)C(C)(C)CCC1=O,1.0,training
C[C@]12C[C@H]3S[C@H]3C[C@@H]1CC[C@@H]1[C@@H]2CC[C@]2(C)[C@@H](O)CC[C@@H]12,1.0,training
C1CCCCCCCCCCC1,0.0,training
CCC1=C(C)CN(C(=O)NCCc2ccc(S(=O)(=O)NC(=O)N[C@H]3CC[C@H](C)CC3)cc2)C1=O,0.0,training
CCCCCCBr,0.0,training
c1csc(C2(N3CCCCC3)CCCCC2)c1,0.0,training
O=C1OC(c2ccc(O)cc2)(c2ccc(O)cc2)c2ccccc21,1.0,training
Nc1ncnc2[nH]cnc12,0.0,training
N=C(N)NCCCCN=C(N)N,1.0,training
Cc1ccc(C(=O)c2ccccc2)cc1,1.0,training
C=CCCCCCCCCCCCCCC,0.0,training
COC(=O)CCSCCC(=O)OC,1.0,training
CCCCCCCC(=O)OC,0.0,training
CCN(CC)CCOc1ccc2nc(N(C)C)sc2c1,1.0,training
CC1=C2[C@H]3OC(=O)C(C)[C@@H]3CC[C@@]2(C)C=CC1=O,0.0,training
Cc1ccc(N=C=O)cc1N=C=O,1.0,training
S=C(S)NCCNC(=S)S,0.0,training
O=C1CCC(C(=O)O)N1,0.0,training
CC(CC=O)CC(C)(C)C,0.0,training
CC(C(=O)O)c1cccc(Oc2ccccc2)c1,0.0,training
CC1NCCOC1c1ccccc1,0.0,training
CC(CN1c2ccccc2Sc2cccnc21)N(C)C,0.0,training
CC(C)(COP(=O)(O)OP(=O)(O)OC[C@H]1O[C@@H](n2cnc3c(N)ncnc32)[C@H](O)[C@@H]1OP(=O)(O)O)C(O)C(=O)NCCC(=O)NCCS,1.0,training
CC=C(c1ccc(O)cc1)C(CC)c1ccc(O)cc1,1.0,training
O=C(Cl)C(Cl)Cl,0.0,training
CCNc1nc(Cl)nc(NC(C)(C)C)n1,1.0,training
C=CC[C@]1(O)CC[C@H]2[C@@H]3CCC4=CCCC[C@@H]4[C@H]3CC[C@@]21C,1.0,training
C=CC1CO1,0.0,training
O=c1c(-c2ccc(O)cc2)coc2cc(O)cc(O)c12,1.0,training
Cc1ccc(C=O)cc1C,0.0,training
Cn1cnc2c(F)c(Nc3ccc(Br)cc3Cl)c(C(=O)NOCCO)cc21,1.0,training
O=c1cc(CO)occ1O,0.0,training
C=CCSCC1Nc2cc(Cl)c(S(N)(=O)=O)cc2S(=O)(=O)N1,1.0,training
ClCC(Cl)CCl,1.0,training
O=C(CCCCCCCCCCCCC1CCCC1)Nc1ccc(S(=O)(=O)c2ccc(NC(=O)CCCCCCCCCCCCC3CCCC3)cc2)cc1,0.0,training
C1=CCC=C1,0.0,training
O=c1c2ccccc2oc2ccccc12,1.0,training
COc1ccc(NS(=O)(=O)c2ccc(N)cc2)nn1,0.0,training
O=[PH](Oc1ccccc1)Oc1ccccc1,1.0,training
O=C(O)Cc1ccc(-c2ccccc2)cc1,0.0,training
CN(N=O)C(=O)N[C@@H]1[C@@H](O)[C@H](O)[C@@H](CO)O[C@@H]1O,0.0,training
Nc1ccc2cc3ccc(N)cc3nc2c1,1.0,training
CC(C)(CO)[N+](=O)[O-],1.0,training
Oc1cccc(Cl)c1Cl,0.0,training
CCC(C)Nc1c([N+](=O)[O-])cc(C(C)(C)C)cc1[N+](=O)[O-],1.0,training
C[Se]CCC(N)C(=O)O,0.0,training
O=S(=O)(Oc1ccc(Cl)cc1Cl)c1ccccc1,1.0,training
CCCOCCO,0.0,training
CCCCCCCCCO,0.0,training
CCOC(=O)c1ccc(N(C)C)cc1,1.0,training
Cc1ccc2c(c1)C(=O)c1ccccc1C2=O,1.0,training
C/C=C/C=C/CCCCCCCO,0.0,training
Clc1cc(Cl)c2c(c1)N=C1CCCCCN1C2,1.0,training
O=C(Oc1ccccc1C(=O)O)c1ccccc1O,1.0,training
CCCCOC(=O)c1ccccc1C(=O)OCc1ccccc1,1.0,training
O=C(O)c1ccccc1Nc1cccc(C(F)(F)F)c1,0.0,training
CCCCCCCCCOC(=O)c1ccc(O)cc1,1.0,training
CCC1CCC(=O)O1,1.0,training
O=C1OCCN1/N=C/c1ccc([N+](=O)[O-])o1,1.0,training
c1ccc([C@H]2CN3CCSC3=N2)cc1,1.0,training
ClCCCl,0.0,training
CC(C)OC(=O)C(C)N(C(=O)c1ccccc1)c1ccc(F)c(Cl)c1,1.0,training
Nc1ccc(N=Nc2ccccc2)c(N)c1,1.0,training
CCC1OCC(COc2ccc(Oc3ccccc3)cc2)O1,1.0,training
O=C(OCCc1ccccc1)c1ccccc1,1.0,training
COc1cc(CNC(=O)CCCC/C=C/C(C)C)ccc1O,0.0,training
CC(=O)C(=O)CC(C)C,1.0,training
C[S+](C)[O-],0.0,training
CC1CCC(=O)C1=O,0.0,training
O=C(Cn1ccnc1[N+](=O)[O-])NCc1ccccc1,0.0,training
CC(C)CCCCCOC(=O)CCS,0.0,training
CCC1(CO)COCOC1,0.0,training
CC(C)NCC(O)COc1cccc2ccccc12,1.0,training
CC(C(=O)O)c1ccc(-c2ccccc2)c(F)c1,1.0,training
COc1ccc(C(c2ccc(OC)cc2)C(Cl)(Cl)Cl)cc1,1.0,training
S=C=NCCc1ccccc1,1.0,training
CCOc1ccc2nc(N)sc2c1,1.0,training
CC(C)(c1ccccc1)c1cc(-n2nc3ccccc3n2)c(O)c(C(C)(C)c2ccccc2)c1,0.0,training
CCC1CCC(CCC(=O)O)C1,1.0,training
C=C(C)C(=O)OC1CC(C)CC(C)(C)C1,0.0,training
O=c1[nH]cc(F)c(=O)[nH]1,0.0,training
C[C@H]1CCC[C@H](O)CCCCCc2cc(O)cc(O)c2C(=O)O1,1.0,training
Oc1ccc(OCc2ccccc2)cc1,1.0,training
CCOC(C)OCC,0.0,training
NC(=O)CCC(N)C(=O)O,0.0,training
NC(CCC(=O)O)C(=O)O,0.0,training
CC1(C)C(C=C(Cl)Cl)C1C(=O)OC(C#N)c1cccc(Oc2ccccc2)c1,0.0,training
OCC(CO)N[C@H]1C[C@](O)(CO)[C@@H](O)[C@H](O)[C@H]1O,0.0,training
C[C@]1(O)CC[C@H]2[C@@H]3CC=C4CC(=O)CC[C@]4(C)[C@@]3(F)[C@@H](O)C[C@@]21C,1.0,training
O=C=NC1CCCCC1,1.0,training
C#N,1.0,training
CCCCCCCCCCCCN(CCCCCCCCCCCC)CCCCCCCCCCCC,0.0,training
CC(C(=O)O)c1ccc2c(c1)Cc1cccnc1O2,0.0,training
CC(C)(Oc1ccc(C2CC2(Cl)Cl)cc1)C(=O)O,0.0,training
O=C(O)Cc1ccc(CCNS(=O)(=O)c2ccc(Cl)cc2)cc1,0.0,training
Clc1ccccc1-c1nc(-c2ccncc2)no1,1.0,training
C=C(C)CN(CC)c1c([N+](=O)[O-])cc(C(F)(F)F)cc1[N+](=O)[O-],0.0,training
Oc1ccc(C(=C(Cl)Cl)c2ccc(O)cc2)cc1,1.0,training
CN(C)C(=O)Oc1ccc[n+](C)c1,1.0,training
CC(NNC(=O)c1ccccc1)c1ccccc1,1.0,training
C#C[C@]1(O)CC[C@H]2[C@@H]3CCC4=CCCC[C@@H]4[C@H]3C(=C)C[C@@]21CC,1.0,training
Clc1ccc(C(c2ccccc2Cl)C(Cl)(Cl)Cl)cc1,1.0,training
CC(C)NNC(=O)c1ccncc1,1.0,training
O=C(c1ccc(O)c(O)c1)c1ccc(O)cc1O,1.0,training
CCC(C)(C)c1ccc(O)cc1,1.0,training
Nc1ccc(S(=O)(=O)O)cc1,1.0,training
c1ccc(CCNc2nc(-c3ccccc3)cs2)cc1,1.0,training
O=C(O)Cc1c[nH]c2ccccc12,0.0,training
CC(C)O,0.0,training
O=C(O)c1cn(C2CC2)c2cc(N3CCNCC3)c(F)cc2c1=O,0.0,training
CCCCCCCCCCCCC,0.0,training
CCCCN(CCCC)SN(C)C(=O)Oc1cccc2c1OC(C)(C)C2,1.0,training
CC(Cc1ccccc1)NCCn1cnc2c1c(=O)n(C)c(=O)n2C,0.0,training
CC(C)CCOC(=O)C=Cc1ccccc1,1.0,training
CC(=O)Oc1ccc2c(c1)CC[C@@H]1[C@@H]2CC[C@]2(C)[C@@H](O)CC[C@@H]12,1.0,training
Oc1ccc2ccc3cccc4ccc1c2c34,1.0,training
Nc1ccc(N=Nc2ccccc2)cc1,1.0,training
CC(C)N(c1ccccc1)C(C)C,0.0,training
COc1ccc(C(=O)c2ccc(C)cc2)c(O)c1,1.0,training
CNC(=O)Oc1cccc2c1OC(C)(C)C2,1.0,training
O=C(O)c1nn(Cc2ccc(Cl)cc2Cl)c2ccccc12,1.0,training
C[C@]12CCC(=O)C(=O)C1CC[C@@H]1[C@@H]2CC[C@]2(C)C(=O)CC[C@@H]12,1.0,training
O=C(O)CNC(=O)c1ccc([N+](=O)[O-])cc1,1.0,training
CCCCOC(=O)c1ccccc1,1.0,training
COC(C)(C)CCCC(C)CC=O,0.0,training
CCCCCC(=O)O,0.0,training
NS(=O)(=O)c1cc2c(cc1Cl)NCNS2(=O)=O,0.0,training
CC(C)CC(=O)CC(C)C,1.0,training
C=C1CC[C@H](O)C/C1=C/C=C1\CCC[C@]2(C)[C@@H]([C@H](C)/C=C/[C@H](C)C(C)C)CC[C@@H]12,1.0,training
C#C[C@]1(O)CC[C@H]2C3=C(C=C[C@@]21CC)C1=C(CC3)CC(=O)CC1,1.0,training
Cc1cc(C(C)(C)c2ccc(O)c(C)c2)ccc1O,1.0,training
COc1cccc(Br)c1,0.0,training
Nc1ccc(Cl)c(Cl)c1,0.0,training
CCCCCCOc1ccc(N)cc1,1.0,training
CC(O)[C@H]1CC[C@H]2[C@@H]3CC[C@@H]4C[C@@H](O)CC[C@]4(C)[C@H]3CC[C@]12C,1.0,training
CCOC(=O)C(Br)c1ccccc1,0.0,training
CCCc1ccc(O)c(OC)c1,0.0,training
CC(COCC(C)OC(=O)c1ccccc1)OC(=O)c1ccccc1,1.0,training
O=C(NCCc1c[nH]c2ccccc12)c1cccnc1,0.0,training
C[C@]12CCC(=O)C[C@@H]1CC[C@@H]1[C@@H]2CC[C@]2(C)[C@@H](O)CC[C@@H]12,1.0,training
C=CC(=O)OC,0.0,training
CCOC(O)=c1cc(O)c(=C(O)C2CC2)c(O)c1,0.0,training
CCCCC(CC)COC(=O)/C=C\C(=O)OCC(CC)CCCC,0.0,training
COC(=O)CS,0.0,training
O=[N+]([O-])c1cccc(Cl)c1Cl,0.0,training
Oc1ccc2cc(SSc3ccc4cc(O)ccc4c3)ccc2c1,1.0,training
CC(=O)OC(C)C(=O)OCC[N+](C)(C)C,1.0,training
CN=CNc1ccc(C)cc1C,0.0,training
O=C(OCc1ccccc1)c1ccccc1O,1.0,training
O=C(C=Cc1ccccc1)OCCc1ccccc1,1.0,training
CC(=O)c1nccs1,1.0,training
CCC(C)C(=O)O[C@H]1CCC=C2C=C[C@H](C)[C@H](CC[C@@H]3C[C@@H](O)CC(=O)O3)[C@H]21,0.0,training
Oc1ccc2c(c1)OC[C@@H](N1CCC(O)(c3ccc(F)cc3)CC1)[C@H]2O,1.0,training
Cc1cc2nc(N)sc2cc1C,1.0,training
C[N+](C)(C)C,1.0,training
COC(=O)c1ccccc1C(=O)O,0.0,training
C[C@]12CCC(=O)C=C1CC[C@@H]1[C@@H]2CC[C@]2(C)C(C(=O)CO)CC[C@@H]12,1.0,training
O=[N+]([O-])c1ccc2c(c1)Cc1ccccc1-2,1.0,training
O=C1NC(=O)C(=O)C(=O)N1,0.0,training
Cc1cccc(C#N)c1,1.0,training
Cc1ccccc1S(N)(=O)=O,0.0,training
Cc1ccc2ccc3cccc4ccc1c2c34,0.0,training
CCOC(=O)Cl,0.0,training
O=C(O)CCCCCCCCCCC(=O)O,1.0,training
C=C[C@H]1CN2CCC1C[C@@H]2[C@@H](O)c1ccnc2ccc(OC)cc12,1.0,training
CCNc1ccccc1,0.0,training
O=c1[nH]oc2c1CCNC2,0.0,training
CCCCCCCCCCCCCl,1.0,training
Cc1onc(-c2ccccc2Cl)c1C(=O)NC1C(=O)N2C(C(=O)O)C(C)(C)S[C@H]12,0.0,training
c1csc(SSc2cccs2)c1,1.0,training
CCCOC(=O)c1cc(O)c(O)c(O)c1,1.0,training
CCCOc1ccc2nc(NC(=O)OC)sc2c1,1.0,training
NC(Cc1ccc(Oc2cc(I)c(O)c(I)c2)c(I)c1)C(=O)O,0.0,training
CC(=O)C1CC[C@H]2[C@@H]3CC=C4C[C@@H](O)CC[C@]4(C)[C@H]3CC[C@]12C,1.0,training
c1ccc(P(c2ccccc2)c2ccccc2)cc1,0.0,training
CC(=O)CC(=O)c1ccccc1,1.0,training
CCCCCCOC(=O)c1ccc(O)cc1,1.0,training
Cc1cccc(C)c1[N+](=O)[O-],1.0,training
O=C(C=Cc1ccc(O)c(O)c1)O[C@@H]1C[C@](O)(C(=O)O)C[C@@H](O)[C@H]1O,0.0,training
C(=Cc1ccncc1)c1ccccc1,1.0,training
O=C(CCCN1CC=C(n2c(=O)[nH]c3ccccc32)CC1)c1ccc(F)cc1,0.0,training
O=NN(c1ccccc1)c1ccccc1,1.0,training
O=C(NC(=O)c1c(F)cccc1F)Nc1ccc(Cl)cc1,1.0,training
C=CCn1c(=O)n(CC=C)c(=O)n(CC=C)c1=O,0.0,training
CC[C@@]1(O)C[C@H](O[C@H]2C[C@H](N(C)C)[C@H](O[C@H]3C[C@H](O)[C@H](O[C@H]4CCC(=O)C(C)O4)[C@H](C)O3)[C@H](C)O2)c2c(cc3c(c2O)C(=O)c2c(O)cccc2C3=O)C1C(=O)OC,1.0,training
C[C@]12CC[C@@H]3c4ccc(O)cc4CC[C@H]3[C@@H]1CCC2=O,1.0,training
C[C@@H]1O[C@@H]1P(=O)(O)O,1.0,training
CC(C=O)Cc1ccc(C(C)C)cc1,0.0,training
O=[N+]([O-])c1cccc(I)c1,0.0,training
Cc1ccc(O)c(-n2nc3ccccc3n2)c1,1.0,training
CCC(C)(C)O,0.0,training
CCCCN1CCCCC1C(=O)Nc1c(C)cccc1C,0.0,training
CC(CC(C)C)=NO,0.0,training
COc1c2occc2c(OC)c2c(=O)cc(C)oc12,0.0,training
CCOP(=S)(OCC)SCSCC,1.0,training
O=C(c1ccc(O)cc1O)c1ccc(O)cc1O,1.0,training
C[C@@H](CN(C)C)CN1c2ccccc2Sc2ccccc21,0.0,training
COP(=S)(NC(C)C)Oc1ccc(C)cc1[N+](=O)[O-],1.0,training
C#C[C@@]1(O)CC[C@H]2[C@@H]3CCC4=CCCC[C@@H]4[C@H]3CC[C@@]21C,1.0,training
Nc1nc(=O)c2nc(CNc3ccc(C(=O)NC(CCC(=O)O)C(=O)O)cc3)cnc2[nH]1,1.0,training
CC1=C(C(=O)Nc2ccccc2)SCCO1,1.0,training
c1ccc2c(CCC3CCNCC3)c[nH]c2c1,0.0,training
CCC(O)OCCCOC,0.0,training
CCCN(CCC)C(=O)C(CCC(=O)O)NC(=O)c1ccccc1,0.0,training
O=C(/C=C/C=C/c1ccc2c(c1)OCO2)N1CCCCC1,1.0,training
Nc1cc(S(=O)(=O)O)cc2cc(S(=O)(=O)O)cc(O)c12,0.0,training
CCCCCCCCCC(O)=NO,0.0,training
CC[C@H](C)COC(=O)/C=C/c1ccc(/N=C/c2ccc(OC)cc2)cc1,1.0,training
Cc1c(O)nc2n1Cc1c(Cl)cccc1N2,0.0,training
COCCCOc1cc(C[C@@H](C[C@H](N)[C@@H](O)CC(C(=O)NCC(C)(C)C(N)=O)C(C)C)C(C)C)ccc1OC,0.0,training
O=C(O)CNC(=O)c1ccc(CO)o1,0.0,training
O=C(c1ccc(O)cc1)c1ccc(Cl)cc1,1.0,training
OC1CCCCC1c1ccccc1,0.0,training
C=CCn1c(=O)n([C@@H]2O[C@H](CO)[C@@H](O)[C@H]2O)c2[nH]c(N)nc(=O)c21,0.0,training
CS(=O)(=O)c1ccc([C@@H](O)[C@@H](CF)NC(=O)C(Cl)Cl)cc1,0.0,training
CS(=O)(=O)O,0.0,training
CCCCCC[C@@H](O)C/C=C\CCCCCCCC(=O)OC,0.0,training
CC(C)[C@@H]1CC[C@@H](C)C[C@H]1O,0.0,training
C=CC(C)(CCC=C(C)C)OC(=O)C=Cc1ccccc1,1.0,training
CCC1(CCC(C)C)C(=O)NC(=O)NC1=O,0.0,training
c1ccc2c(c1)CCc1ccccc1N2,1.0,training
C#CC(O)C(CC)CCCC,0.0,training
C=CCOc1cc(Cl)ccc1C(=O)NCCN(CC)CC,1.0,training
CC/C(=C(/CC)c1ccc(OP(=O)(O)O)cc1)c1ccc(OP(=O)(O)O)cc1,1.0,training
CCCCCCCCCCCCCCCC(=O)NCCO,0.0,training
NC(=O)NC(=O)Cc1ccccc1,1.0,training
C#C[C@]1(O)C=C[C@H]2[C@@H]3CC=C4CC(=O)CCC4[C@H]3CC[C@@]21CC,1.0,training
C=C(C)CNCC,1.0,training
CCCCOC(=O)c1ccccc1C(=O)OCCCC,1.0,training
C[C@]12CC[C@@H]3c4ccc(O)cc4CC[C@H]3[C@@H]1CC[C@@H]2O,1.0,training
CCCCCCCCCCOC(=O)c1ccccc1C(=O)OCCCCCCCC,0.0,training
CCCC[Sn](Cl)(Cl)Cl,0.0,training
CCOc1ccc(S(=O)(=O)O)c2cccnc12,1.0,training
C[C@]12CC[C@@H]3c4ccc(OC(=O)c5ccccc5)cc4CC[C@H]3[C@@H]1CC[C@@H]2O,1.0,training
FC(F)(F)c1ccccc1-n1ccnc1,0.0,training
CCCCCCCCCCCCOCCO,0.0,training
CC(=O)NCCO,1.0,training
Cc1ccc2nc(-c3ccc(N)cc3)sc2c1S(=O)(=O)O,1.0,training
CCCCNC(=O)NCCCC,0.0,training
COC(=O)Nc1nc2cc(C(=O)c3cccs3)ccc2[nH]1,0.0,training
COC(=O)C1=C(C)N=C(C)C(C(=O)OC)C1c1ccccc1[N+](=O)[O-],0.0,training
CCC(C(N)=O)N1CCCC1=O,1.0,training
CC(C)N(Cc1ccccc1)C(=O)C(C)(C)C,1.0,training
O=C(c1ccccc1)c1ccccc1,1.0,training
C#C[C@]1(O)CC[C@H]2[C@@H]3CCc4cc(OC5CCCC5)ccc4[C@H]3CC[C@@]21C,1.0,training
CCCCCCCCCCOC(C)=O,1.0,training
CCCCCCC(=O)O[C@H]1CC[C@H]2[C@@H]3CC[C@H]4CC(=O)C=C(C)[C@]4(C)[C@H]3CC[C@]12C,1.0,training
CC1(C)C(=O)N(Cl)C(=O)N1Cl,1.0,training
N[C@H]1CN(c2c(F)cc3c(=O)c(C(=O)O)cn(C4C[C@H]4F)c3c2Cl)CC12CC2,0.0,training
CNC(=O)C(Cc1c[nH]c2ccccc12)NC(=O)C(CC(O)=NO)CC(C)C,0.0,training
O=C(O)c1ccccc1C(=O)OCc1ccccc1,0.0,training
CC1CC(CC2CCC(N)C(C)C2)CCC1N,0.0,training
CCC[Si](OC)(OC)OC,0.0,training
CCCCCOC(=O)COc1cc(N2C(=O)C3=C(CCCC3)C2=O)c(F)cc1Cl,0.0,training
C=C(C)C(=O)OCCCC,0.0,training
CC1(C)CN=C(NN=C(C=Cc2ccc(C(F)(F)F)cc2)C=Cc2ccc(C(F)(F)F)cc2)NC1,1.0,training
Oc1ccc(Sc2ccc(O)cc2)cc1,1.0,training
COc1nn(CSP(=S)(OC)OC)c(=O)s1,0.0,training
COP(=S)(OC)Oc1c(Cl)cc(C)cc1Cl,1.0,training
N#Cc1c(Cl)cccc1Cl,0.0,training
CCC1=CC(C)C[C@H](C)C[C@H](OC)[C@H]2O[C@@](O)(C(=O)C(=O)N3CCCCC3C(=O)O[C@H](/C(C)=C/[C@@H]3CC[C@@H](Cl)[C@H](OC)C3)[C@H](C)[C@@H](O)CC1=O)[C@H](C)C[C@@H]2OC,1.0,training
C#C[C@]1(O)CC[C@H]2[C@@H]3CC=C4CC(=O)CC[C@]4(C)[C@H]3CC[C@@]21C,1.0,training
C=C1C[C@@H]2[C@H](CC[C@]3(C)C(=O)CC[C@@H]23)[C@@]2(C)C=CC(=O)C=C12,1.0,training
CC(C)(C1CCC(O)CC1)C1CCC(O)CC1,1.0,training
CC(=O)O[C@]1(C(C)=O)CC[C@H]2[C@@H]3CC=C4CC(=O)CC[C@]4(C)[C@@]3(F)[C@@H](O)C[C@@]21C,1.0,training
N#CCNCC#N,0.0,training
CC(=O)O[C@H]1CC[C@@]2(C)C(=CC[C@@H]3[C@@H]2CC[C@]2(C)C(=O)CC[C@@H]32)C1,1.0,training
Cn1cc[n+](C)c1,0.0,training
O=[N+]([O-])OCC(CO[N+](=O)[O-])(CO[N+](=O)[O-])CO[N+](=O)[O-],0.0,training
COc1ccc(C(C)=O)cc1,1.0,training
CC(c1ccc(O)cc1)(c1ccc(O)cc1)c1ccc(O)cc1,1.0,training
O[C@@H]([C@H](O)[C@H](O)CBr)[C@H](O)CBr,0.0,training
N#CCC(=O)O,0.0,training
OCc1cc(O)c2c(O)c3c(O)cccc3c([C@@H]3O[C@H](CO)[C@@H](O)[C@H](O)[C@H]3O)c2c1,1.0,training
C[C@]12CC[C@H]3[C@@H](CC[C@@]45OC4C(=O)C(C#N)C[C@]35C)[C@@H]1CC[C@@H]2O,1.0,training
O=C(O)c1cc(O)c2c(c1)C(=O)c1cccc(O)c1C2=O,1.0,training
NC[C@H]1O[C@H](O[C@H]2[C@H](O)[C@@H](O[C@H]3O[C@H](CO)[C@@H](O)[C@H](N)[C@H]3O)[C@H](N)C[C@@H]2N)[C@H](O)[C@@H](O)[C@@H]1O,0.0,training
C(=C/c1ccccc1)\c1ccccc1,1.0,training
CCOP(=S)(OCC)SCSc1ccc(Cl)cc1,1.0,training
CC(C)COC(=O)OCN1C(=O)CN(CCN2CC(=O)N(COC(=O)OCC(C)C)C(=O)C2)CC1=O,0.0,training
COCCl,0.0,training
IC(I)I,1.0,training
C#C[C@]1(O)CC[C@H]2[C@@H]3CC=C4CC(=O)CCC4[C@H]3C(=C)C[C@@]21CC,1.0,training
CCC(=O)O[C@H]1CC[C@H]2[C@@H]3CC=C4CC(=O)CC[C@]4(C)[C@H]3CC[C@]12C,1.0,training
OCc1cccc(Oc2ccccc2)c1,1.0,training
O=C(Nc1ccccc1)Nc1ccccc1,1.0,training
CCN(CC)C(=O)C1C=C2c3cccc4[nH]cc(c34)C[C@H]2N(C)C1,1.0,training
CCc1cc(C(N)=S)ccn1,1.0,training
CCCCCCCCCC(=O)O[C@H]1CC[C@H]2[C@@H]3CC=C4CC(=O)CCC4[C@H]3CC[C@]12C,1.0,training
CCN(CC)CCSC(=O)C(c1ccccc1)c1ccccc1,0.0,training
C=CC(=O)OCCO,1.0,training
C=C[C@H]1CN2CC[C@H]1C[C@H]2[C@H](O)c1ccnc2ccc(OC)cc12,1.0,training
CC(C)(C)c1ccccc1,0.0,training
CC1=CCC(C(C)C)C=C1,0.0,valid
CN1CCc2c(c3ccccc3n2Cc2ccccc2)C1,0.0,valid
CC(C)(Oc1ccc(C2CCCc3ccccc32)cc1)C(=O)O,1.0,valid
CCCCCCCCCCCCCCCCCCOP(=O)([O-])OC1CC[N+](C)(C)CC1,0.0,valid
COc1cccc(C(=O)CCN[C@@H](C)[C@H](O)c2ccccc2)c1,0.0,valid
CCCN(CCCl)c1c([N+](=O)[O-])cc(C(F)(F)F)cc1[N+](=O)[O-],0.0,valid
O=C(CCCN1CCC(C(=O)c2ccc(F)cc2)CC1)c1ccc(F)cc1,0.0,valid
CCCCCCCC/C=C\CCCCCCCC(=O)N(C)CC(=O)O,0.0,valid
C#C[C@]1(O)CC[C@H]2[C@@H]3CC=C4CC(=O)CCC4[C@H]3CC[C@@]21C,1.0,valid
CC[C@H]1OC(=O)C(C)C(=O)C(C)[C@@H](O[C@@H]2O[C@H](C)C[C@H](N(C)C)[C@H]2O)[C@](C)(OC)CC(C)C(=O)C(C)[C@H]2N(CCCCn3cnc(-c4cccnc4)c3)C(=O)O[C@]12C,0.0,valid
CN1CCC[C@H]1c1cccnc1,0.0,valid
CCCCCCCCCCl,1.0,valid
ON=C1CCCCC1,0.0,valid
O=C(O)c1cc(O)c2c(O)c3c(O[C@@H]4O[C@H](CO)[C@@H](O)[C@H](O)[C@H]4O)cccc3c(-c3c4cc(C(=O)O)cc(O)c4c(O)c4c(O[C@@H]5O[C@H](CO)[C@@H](O)[C@H](O)[C@H]5O)cccc34)c2c1,0.0,valid
CS(=O)(=O)Nc1cc2occ(NC=O)c(=O)c2cc1Oc1ccccc1,0.0,valid
CC1COc2ccccc2N1,0.0,valid
CC1CCC(C(C)(C)S)C(=O)C1,0.0,valid
CO[C@@]1(NC(=O)C(C(=O)O)c2ccc(O)cc2)C(=O)N2C(C(=O)O)=C(CSc3nnnn3C)CO[C@@H]21,0.0,valid
COP(N)(=O)SC,0.0,valid
CC(NC(CCc1ccccc1)C(=O)O)C(=O)N1CCCC1C(=O)O,0.0,valid
COC(=O)c1ccc(CBr)cc1,1.0,valid
O=Cc1ccccc1,0.0,valid
CC(C)CCCCCCOC(=O)CCCCC(=O)OCCCCCCC(C)C,0.0,valid
CCCCCCCCCCCCCC(=O)OC(C)C,0.0,valid
CC(C)N1C(=O)c2ccccc2C1=O,0.0,valid
CC(=O)CN(CC(C)=O)N=O,0.0,valid
Cc1ncc([N+](=O)[O-])n1CC(O)CCl,0.0,valid
CCOP(=O)(OCC)Oc1cc(C)nc(C(C)C)n1,0.0,valid
N=C(N)N,0.0,valid
CC(C)COC(=O)C=Cc1ccccc1,0.0,valid
CC1=CC(=O)CC(C)(C)C1,0.0,valid
OC(O)C(Cl)(Cl)Cl,0.0,valid
CN(C)CCC#N,0.0,valid
CC(C)(C)c1cccc(O)c1,0.0,valid
CCCCCCCCCCCCI,0.0,valid
CC(CN=Cc1ccccc1O)N=Cc1ccccc1O,0.0,valid
O=C(Nc1ccc([N+](=O)[O-])cc1)Nc1ccc([N+](=O)[O-])cc1,1.0,valid
CN1C(C(=O)Nc2ccccn2)C(=O)c2sccc2S1(=O)=O,0.0,valid
OCCCC1CCCCC1,0.0,valid
CCCO,0.0,valid
CC[N+](CC)(CC)CC,0.0,valid
CCNc1nc(Cl)nc(NC(C)C)n1,0.0,valid
CC(=O)NC[C@H]1CN(c2ccc(N3CCOCC3)c(F)c2)C(=O)O1,1.0,valid
CN[C@@H]1[C@H](O[C@H]2[C@H](O[C@H]3[C@H](O)[C@@H](O)[C@H](N=C(N)N)[C@@H](O)[C@@H]3N=C(N)N)O[C@@H](C)[C@]2(O)CO)O[C@@H](CO)[C@H](O)[C@H]1O,1.0,valid
CC1(C)O[C@@H]2C[C@H]3[C@@H]4CC=C5CC(=O)C=C[C@]5(C)[C@@]4(F)[C@@H](O)C[C@]3(C)[C@]2(C(=O)CO)O1,1.0,valid
CCCCC1=NC2(CCCC2)C(=O)N1Cc1ccc(-c2ccccc2-c2nn[nH]n2)cc1,0.0,valid
CNC(=O)Oc1cccc(C(C)C)c1,0.0,valid
CCCCCOC(=O)Nc1nc(=O)n([C@@H]2O[C@H](C)[C@@H](O)[C@H]2O)cc1F,0.0,valid
COP(=S)(OC)SCN1C(=O)c2ccccc2C1=O,0.0,valid
Clc1ccc(C(c2ccc(Cl)cc2)C(Cl)(Cl)Cl)cc1,1.0,valid
CCCCC(CC)CCC(CC(C)C)OS(=O)(=O)O,0.0,valid
O=C1c2ccccc2C(=O)N1SC1CCCCC1,0.0,valid
CC12CCC(C1)C(C)(C)C2O,0.0,valid
COc1ccc(/C=C/C(=O)O)cc1,0.0,valid
CCCCCCCO,0.0,valid
CC(=O)OC1CCC(C(C)(C)C)CC1,0.0,valid
CCCC[N+]1(C)[C@@H]2C[C@@H](OC(=O)C(CO)c3ccccc3)C[C@H]1[C@@H]1O[C@@H]12,0.0,valid
CCCCC(CC)CO[N+](=O)[O-],0.0,valid
CCCCCCCCS(=O)(=O)Cl,0.0,valid
O=CN1CCOCC1,0.0,valid
COc1cc2c(cc1OC)[C@@]13CCN4CC5=CCO[C@H]6CC(=O)N2[C@H]1[C@H]6[C@H]5C[C@H]43,0.0,valid
COc1cc(C(C)C)c2c(c1)S(=O)(=O)N(COc1cc(=O)n3cccc(OCCN4CCCCC4)c3n1)C2=O,0.0,valid
O=C1CCCCCCCCCCCCCCCO1,0.0,valid
ClC1=C(Cl)C2(Cl)C(CBr)CC1(Cl)C2(Cl)Cl,0.0,valid
Nc1c2c(nc3ccccc13)CCCC2O,0.0,valid
Cc1cc(N=Nc2ccccc2C)ccc1N,1.0,valid
CCCC1([C@H](O)C/C=C/[C@@H]2C(CCCCCCC(=O)OC)C(=O)C[C@H]2O)CCC1,0.0,valid
ClC(Cl)C(Cl)(Cl)Cl,0.0,valid
CCS(=O)(=O)CCn1c([N+](=O)[O-])cnc1C,1.0,valid
C=C(C)[C@@H]1C=CC(C)C(=O)C1,0.0,valid
O=C(Nc1ccc(C=Cc2ccc(NC(=O)c3cc(S(=O)(=O)O)c4cccnc4c3O)cc2S(=O)(=O)O)c(S(=O)(=O)O)c1)c1cc(S(=O)(=O)O)c2cccnc2c1O,0.0,valid
O=C(O)CNCC(=O)O,0.0,valid
COc1ccc2c(c1OC)C(=O)O[C@@H]2[C@H]1c2c(cc3c(c2OC)OCO3)CCN1C,0.0,valid
Cc1ccc(C(C)NC(=O)C(NC(=O)OC(C)C)C(C)C)cc1,0.0,valid
CC(C)C1(C)N=C(c2nc3ccccc3cc2C(=O)O)NC1=O,0.0,valid
CN[C@@H]1[C@@H](O[C@H]2O[C@H](CO)[C@@H](N)[C@H](O)[C@H]2O)O[C@H]2C[C@@H](N)[C@@H](O[C@H]3[C@H](O)[C@@H](O)[C@H](N)C[C@@H]3N)O[C@@H]2[C@@H]1O,0.0,valid
CCN(C(C)=O)c1cccc(-c2ccnc3c(C#N)cnn23)c1,0.0,valid
c1ccc(CN(Cc2ccccc2)Cc2ccccc2)cc1,1.0,valid
OCCCBr,0.0,valid
CCCCCCCCCCCCc1ccccc1O,1.0,valid
CCCCCCCCOC(C)=O,0.0,valid
CCC(C)(C)C1CCCCC1OC(C)=O,0.0,valid
CCCCCc1ccc(Cl)cc1,0.0,valid
CCCCOC(=O)C(=O)OCCCC,0.0,valid
Cc1cccc(Cc2c[nH]cn2)c1C,0.0,valid
OCC(Cl)CCl,0.0,valid
O=Cc1ccc(Cl)c(Cl)c1,0.0,valid
CO[Si](CCCNCCN)(OC)OC,0.0,valid
CC1Cc2ccccc2N1NC(=O)c1ccc(Cl)c(S(N)(=O)=O)c1,0.0,valid
Cc1nc(=O)c2cc(CN(C)c3ccc(C(=O)NC(CCC(=O)O)C(=O)O)s3)ccc2[nH]1,0.0,valid
CCCCc1nc2cccnc2n1Cc1ccc(-c2ccccc2-c2nn[nH]n2)cc1,0.0,valid
CCCCCC/C=C/C(=O)OC,0.0,valid
CCOc1ccc(OCC)c(Cl)c1,0.0,valid
Cc1ccc(S(=O)(=O)NCl)cc1,0.0,valid
CC=CC=CCOC(=O)C(C)C,0.0,valid
CCOC(=O)C(CCc1ccccc1)NC(C)C(=O)N1Cc2ccccc2CC1C(=O)O,0.0,valid
CC(C)Nc1ccc(NC(C)C)c2c1C(=O)c1ccccc1C2=O,0.0,valid
O=[N+]([O-])c1ccc2c3c(cccc13)CC2,0.0,valid
CCN(CC)CCCl,0.0,valid
CCN(CC)C(=S)S,0.0,valid
C1CCCNCC1,0.0,valid
CC1(C)CCC(=Cc2ccc(Cl)cc2)C1(O)Cn1cncn1,0.0,valid
[O-][S+](c1cc(Cl)cc(Cl)c1O)c1cc(Cl)cc(Cl)c1O,0.0,valid
NC(=O)C(Cl)Cl,0.0,valid
COc1ccc(CCNC[C@H](O)c2ccc(O)cc2)cc1OC,0.0,valid
C=COCC(C)C,0.0,valid
Cl[C@H]1OCCO[C@@H]1Cl,0.0,valid
C=COCCOCCOC=C,0.0,valid
CNC(C)C(O)c1ccc(O)cc1,0.0,valid
Cl[In](Cl)Cl,1.0,valid
Nc1cc(Cl)ccc1Cl,0.0,valid
C[C@@H](O)C1C(=O)N2C(C(=O)O)=C(SCCN=CN)C[C@H]12,0.0,valid
CC(C)CCO,0.0,valid
c1ccc2nccnc2c1,0.0,valid
CCNC(=O)NCc1cccc(Cl)c1,0.0,valid
Fc1c(F)c(F)c(Br)c(F)c1F,0.0,valid
COC(=O)C(C)=O,0.0,valid
CCCCOCCOC(=O)c1ccccc1C(=O)OCCOCCCC,0.0,valid
CC(CN1c2ccccc2Sc2ccccc21)N(C)C,0.0,valid
CC(C)CC(N)C(=O)O,0.0,valid
CC[C@H](N)c1ccccc1,0.0,valid
C=CC(=O)OCCN(C)C,0.0,valid
CCNCCO,1.0,valid
NC(=O)c1cnccn1,0.0,valid
CCC(=O)OCCOc1ccccc1,0.0,valid
CO[C@]1(NC(=O)CSC(F)F)C(=O)N2C(C(=O)O)=C(CSc3nnnn3CCO)CO[C@H]21,0.0,valid
C=C(C)C(=O)OCCCCCCCCCCCC,0.0,valid
CC(=O)OCCc1ccccc1,0.0,valid
Cc1cc(C)c(S(=O)(=O)O)cc1N=Nc1cc(S(=O)(=O)O)c2ccccc2c1O,0.0,valid
Nc1cccc2c1CN(C1CCC(=O)NC1=O)C2=O,0.0,valid
NC(=O)Cc1cccc(C(=O)c2ccccc2)c1N,0.0,valid
CCCCCCCCCCCCCCC(=O)NC(CO)CCCCCCCCCCCCCC,0.0,valid
CN[C@@H]1[C@H](O)[C@H](NC)[C@H]2O[C@@]3(O)C(=O)C[C@@H](C)O[C@H]3O[C@@H]2[C@H]1O,0.0,valid
CCn1cc(C(=O)O)c(=O)c2cc(F)c(N3CCNCC3)nc21,0.0,valid
O=[N+]([O-])c1ccc(F)c(Cl)c1,0.0,valid
CC(C)NC[C@@H](O)COc1cccc2ccccc12,0.0,valid
CC(C)[N+](=O)[O-],0.0,valid
CCOC(=O)Nc1cccc(OC(=O)Nc2ccccc2)c1,1.0,valid
Oc1cc(O)cc(O)c1,0.0,valid
CC(C)(C)NSc1nc2ccccc2s1,0.0,valid
CCC(C)(C)C,0.0,valid
CCC1(c2cccc(O)c2)CCCCN(C)C1,0.0,valid
COc1cccc(OC)c1C(=O)O,0.0,valid
N#CCBr,0.0,valid
C[C@]12CCC(=O)C=C1CC[C@H]1[C@@H]3CC[C@](O)(C(=O)CO)[C@@]3(C)C[C@H](O)[C@@]12F,1.0,valid
Cc1ccc(-c2nc3ccc(C)cn3c2CC(=O)N(C)C)cc1,0.0,valid
CC(C)(C)Cl,1.0,valid
CCCCCCCCP(=O)(O)O,0.0,valid
CC=CC(=O)CC,0.0,valid
C[C@@H]1CN([C@H]2CC[C@](C#N)(c3ccc(F)cc3)CC2)CC[C@]1(C(=O)O)c1ccccc1,0.0,valid
N#CC1(N=NC2(C#N)CCCCC2)CCCCC1,0.0,valid
O=C(O)c1ccco1,0.0,valid
CC(=O)O[C@]1(C(C)=O)CC[C@H]2C3=CC(C)=C4CC(=O)CC[C@]4(C)[C@H]3CC[C@@]21C,0.0,valid
OC(Cn1cncn1)(Cn1cncn1)c1ccc(F)cc1F,0.0,valid
CCCCOC(=O)CCC(C)=O,0.0,valid
C[N+]1(C)[C@@H]2CC[C@H]1C[C@@H](OC(=O)C(CO)c1ccccc1)C2,1.0,valid
COCc1c(-c2ccc(F)cc2)c(=CC[C@@H](O)C[C@@H](O)CC(=O)O)c(C(C)C)nc1=C(C)C,1.0,valid
COc1cccc(C(=O)NN(C(=O)c2cc(C)cc(C)c2)C(C)(C)C)c1C,0.0,valid
N#CC(C#N)=Cc1cc(O)c(O)c(O)c1,0.0,valid
CCCCC(CC)COC(=O)c1ccc(C(=O)OCC(CC)CCCC)c(C(=O)OCC(CC)CCCC)c1,1.0,valid
CC(O)COCC(C)O,0.0,valid
CCCC(=O)O,0.0,valid
OC1CCCCCCCCCCC1,0.0,valid
CCCCS(=O)(=O)NC(Cc1ccc(OCCCCC2CCNCC2)cc1)C(=O)O,0.0,valid
Oc1ccc(Cl)c2cccnc12,0.0,valid
CC1(C)CC(N)CC(C)(CN)C1,0.0,valid
CCOS(=O)(=O)OCC,0.0,valid
CN(C)c1ccc(N=O)cc1,1.0,valid
Cc1ccc(C2(O)CCN(CCCC(=O)c3ccc(F)cc3)CC2)cc1,0.0,valid
NC(=O)CF,0.0,valid
CC1CCC2CC1C2(C)C,1.0,valid
CCn1cc(C(=O)O)c(=O)c2cc(F)c(N3CCNCC3)cc21,0.0,valid
CN1CC(O)c2cc(N=NC(N)=O)c(O)cc21,0.0,valid
C#CCN(C)CCCOc1ccc(Cl)cc1Cl,1.0,valid
CCOC(=S)SSC(=S)OCC,0.0,valid
CCO[Si](OCC)(OCC)c1ccccc1,0.0,valid
OC[C@H]1OC(O)[C@H](O)[C@@H](O)[C@@H]1O,0.0,valid
CC(=O)c1cccc([N+](=O)[O-])c1,0.0,valid
CC(C)SCc1ccco1,0.0,valid
CC1CCCNC1,0.0,valid
O=Cc1ccc2c(c1)OCO2,0.0,valid
CC(C)OC(=O)CCCCC(=O)OC(C)C,0.0,valid
O=S(=O)(O)c1ccc(N=Nc2c(O)ccc3cc(S(=O)(=O)O)ccc23)cc1,0.0,valid
COc1ccc(N)cc1N,0.0,valid
COC(=O)C(C)N(C(=O)c1ccco1)c1c(C)cccc1C,0.0,valid
O=C(CBr)c1ccc(O)cc1,0.0,valid
Cc1cc(N)no1,0.0,valid
CCCOC(=O)CC,0.0,valid
C=CC(N)CCC(=O)O,0.0,valid
CCn1c2ccccc2c2cc([N+](=O)[O-])ccc21,0.0,valid
C[C@@H]1CC=CC=CC=CC=C[C@H](O[C@@H]2O[C@H](C)[C@@H](O)[C@H](N)[C@@H]2O)C[C@@H]2O[C@](O)(C[C@@H](O)C[C@H]3O[C@@H]3C=CC(=O)O1)C[C@H](O)C2C(=O)O,0.0,valid
CCOCCC(=O)OCC,0.0,valid
CN1CCCC(n2nc(Cc3ccc(Cl)cc3)c3ccccc3c2=O)CC1,0.0,valid
CCCCCCCCCCCC[N+](C)(C)CC(=O)[O-],0.0,valid
N#CCc1cccc(C(F)(F)F)c1,0.0,valid
CCCCCCCCCCCCCCO,0.0,valid
O=C(NC(=O)c1cc(F)c(F)cc1Cl)Nc1cc(F)ccc1N1CCC(C(=O)O)CC1,0.0,valid
CO[C@@H]1[C@H](OC(=O)/C=C/C=C/C=C/C=C/C(=O)O)CC[C@]2(CO2)[C@H]1[C@@]1(C)O[C@@H]1CC=C(C)C,0.0,valid
[Zr+4],0.0,valid
O=C(CC(=O)C(F)(F)F)c1ccccc1,1.0,valid
Cn1c(=O)c2c(ncn2CC(O)CO)n(C)c1=O,0.0,valid
C[N+](=O)[O-],0.0,valid
CCCc1c(OCCCOc2ccc(OCC(=O)O)cc2)ccc(C(C)=O)c1O,0.0,valid
CN(C)C(=O)Nc1ccccc1,0.0,valid
O=c1oc(=O)c2cc3c(=O)oc(=O)c3cc12,0.0,valid
C=C(C)C(=O)OCCOCCOCCOC(=O)C(=C)C,0.0,valid
CCCCCCCCC(=O)OCC(C)OC(=O)CCCCCCCC,0.0,valid
Cc1occ(O)c1O,0.0,valid
CC1(C)C(C=C(Cl)Cl)C1C(=O)OCc1cccc(Oc2ccccc2)c1,0.0,valid
CCCCCCCCCCCCCCCC(=O)OCCC1CCN(CCCN2c3ccccc3Sc3ccc(S(=O)(=O)N(C)C)cc32)CC1,0.0,valid
Nc1ccc([N+](=O)[O-])cc1O,0.0,valid
Cc1ccc(NC=O)c(C)c1,0.0,valid
CCCCO,0.0,valid
CCCCn1cc[n+](C)c1C,0.0,valid
O=C(O)/C=C\C(=O)O,0.0,valid
CN=C(N)NC(=O)Nc1c(C)cccc1C,0.0,valid
C=CC(=O)OCC(C)C,0.0,valid
Cc1nc(-c2ccc(Cl)cc2)oc1COC(C)(C)C(=O)O,1.0,valid
COCC(O)CO,0.0,valid
CC1(N)CCC(C(C)(C)N)CC1,1.0,valid
COP(=O)(NC(C)=O)SC,0.0,valid
C=C(C)C(=O)OCCCCOC(=O)C(=C)C,0.0,valid
Nc1cccnc1,0.0,valid
FC(F)(F)C(F)(F)C(F)(F)C(F)(F)C(F)(F)C(F)(F)C(F)(F)C(F)(F)C(F)(F)C(F)(F)F,0.0,valid
CCOCC(O)COc1ccc(NC(=O)CC[S+](C)C)cc1,0.0,valid
COc1ccc(NC(=O)CC(C)=O)cc1,0.0,valid
O=C(O)c1ccc(OCCn2ccnc2)cc1,0.0,valid
C=C(C)C(=O)OCC,0.0,valid
CN(C(=O)Cc1cccc2occc12)[C@H]1CC[C@@]2(CCCO2)C[C@@H]1N1CCCC1,0.0,valid
CC(=O)c1ccc2ccc3ccccc3c2c1,1.0,valid
NCCNCCO,0.0,valid
CC1(C)C(=O)NC(=O)NC1=O,0.0,valid
CCCC(=O)Nc1ccc(OCC(O)CNC(C)C)c(C(C)=O)c1,0.0,valid
O=C(O)Cc1sc(-c2ccccc2)nc1-c1ccc(Cl)cc1,0.0,valid
CC(C)(C)OC(=O)c1ccccc1C(=O)O,0.0,valid
CC(C)CCCCCCCCCCCCCCC(=O)O,0.0,valid
COC(=O)C(C)(C)C,0.0,valid
CC[N+](CC)(CC(=O)Nc1c(C)cccc1C)Cc1ccccc1,0.0,valid
CC(C)(Cc1c[nH]c2ccccc12)NCC(O)COc1ccccc1C#N,0.0,valid
O=C1OC(O)C(C(Cl)Cl)=C1Cl,0.0,valid
OC[C@H]1O[C@H](O[C@H]2[C@H](O)[C@@H](O)[C@@H](O[C@H]3[C@H](O)[C@@H](O)[C@@H](O)O[C@@H]3CO)O[C@@H]2CO)[C@H](O)[C@@H](O)[C@@H]1O,1.0,valid
CC/C=C\CCOC(=O)CC,0.0,valid
Clc1nc2ccccc2nc1Cl,0.0,valid
Nc1ccc(Cl)cc1Cl,0.0,valid
ClC(Cl)c1ccccc1,0.0,valid
CC[C@@H](C)CCCCC(=O)NC(CCNCS(=O)(=O)O)C(=O)NC(C(=O)NC(CCNCS(=O)(=O)O)C(=O)NC1CCNC(=O)C([C@@H](C)O)NC(=O)C(CCNCS(=O)(=O)O)NC(=O)C(CCNCS(=O)(=O)O)NC(=O)C(CC(C)C)NC(=O)C(CC(C)C)NC(=O)C(CCNCS(=O)(=O)O)NC1=O)[C@@H](C)O,0.0,valid
CCCCC(CC)COCCO,0.0,valid
NC(=O)c1cccc([N+](=O)[O-])c1,0.0,valid
C/C=C/c1ccc(OC)cc1,0.0,valid
Nc1ncn([C@H]2C[C@H](O)[C@@H](CO)O2)c(=O)n1,0.0,valid
NC(=O)NNc1ccccc1,0.0,valid
O=C(O)c1cc(N=Nc2ccc([N+](=O)[O-])cc2)ccc1O,1.0,valid
Nc1ncc([N+](=O)[O-])s1,1.0,valid
Oc1cccc(O)c1O,1.0,valid
NC(N)=O,0.0,valid
Cc1occc(=O)c1OC(=O)C(C)C,0.0,valid
O=C(Cn1ccnc1[N+](=O)[O-])NCCO,0.0,valid
OCCO,0.0,valid
CCCN(C1CCN(C(=O)C2CCNCC2)CC1)[C@@H]1CCc2ccc(OC)cc2C1,1.0,valid
CC(C)(C)C(O)C(Oc1ccc(Cl)cc1)n1cncn1,0.0,valid
CC(=O)Nc1ccc(OCC(O)CNC(C)C)cc1,0.0,valid
Cc1nn(-c2cc(NS(C)(=O)=O)c(Cl)cc2Cl)c(=O)n1C(F)F,0.0,valid
O=C(O)c1ccc(Cl)cc1,0.0,valid
Cc1ccc(O)c(C)c1,0.0,valid
CC1(C)O[C@@H]2C[C@H]3[C@@H]4C[C@H](F)C5=CC(=O)CC[C@]5(C)[C@H]4[C@@H](O)C[C@]3(C)[C@]2(C(=O)CO)O1,0.0,valid
Cc1ccsc1C(=CCCN1CCCC(C(=O)O)C1)c1sccc1C,1.0,valid
O=c1[nH][nH]c(=O)c2cc([N+](=O)[O-])ccc12,0.0,valid
CNNCc1ccc(C(=O)NC(C)C)cc1,0.0,valid
NCc1cccc(CN)c1,0.0,valid
CC1=CCC2C(C1)C2(C)C,0.0,valid
C=CN1CCCCCC1=O,0.0,valid
CC[C@@H]1C[C@H](N(Cc2cc(C(F)(F)F)cc(C(F)(F)F)c2)C(C)=O)c2cc(C(F)(F)F)ccc2N1C(=O)OC(C)C,0.0,valid
CNC(=O)ON=C(CSC)C(C)(C)C,0.0,valid
C=C(C)CC(C)(C)C,0.0,valid
CCCCCC,0.0,valid
Nc1ccc(N=Nc2ccc(N)cc2)cc1,0.0,valid
CCCC=NO,0.0,valid
Nc1ccccc1Cl,0.0,valid
CO[Si](C)(OC)OC,0.0,valid
C=C[Si](C)(C)O[Si](C)(C)C=C,0.0,valid
CCc1cnc(C(=O)O)c(C(=O)O)c1,0.0,valid
CCCCCCCCCCCCCCCC(=O)OC,0.0,valid
CC(=O)c1ccc(S(=O)(=O)NC(=O)NC2CCCCC2)cc1,0.0,valid
CC(C)CCC[C@@H](C)[C@H]1CC[C@H]2[C@@H]3CC[C@@H]4C[C@H](O)CC[C@]4(C)[C@H]3CC[C@]12C,0.0,valid
CCOC(=O)c1ccccc1O,0.0,valid
Cc1ccc(N)cc1S(=O)(=O)O,0.0,valid
Cc1ccc([N+](=O)[O-])cc1S(=O)(=O)O,0.0,valid
O=C(OCCCCCCOC(=O)c1ccccc1)c1ccccc1,1.0,valid
CC1(C)C(=O)C(C)(C)C1=O,0.0,valid
NC(=O)c1cc[n+](CC2=C(C(=O)O)N3C(=O)C(NC(=O)C(c4ccccc4)S(=O)(=O)[O-])[C@@H]3SC2)cc1,0.0,valid
c1cnc2cc3c(cc2n1)C1CNCC3C1,0.0,valid
CC(C)(C)c1cccc(C(C)(C)C)c1O,0.0,valid
CCC(=O)Nc1ccc(O)cc1,0.0,valid
CCCCCCCCOC(=O)CCCCCCCCC(=O)OCCCCCCCC,0.0,valid
C=CC(C)(CCC=C(C)C)OC(=O)c1ccccc1,1.0,valid
O=C(O)c1cc(O)c(O)c(O)c1,0.0,valid
CC1(C)SC(C)(C)SC(C)(C)S1,0.0,valid
CC[N+](CC)(CC)CCOC(=O)C(C1CCCC1)C1CCCC1,0.0,valid
CCCCCCCCCCCCOC(C)=O,0.0,valid
CC(C(=O)O)c1ccc(CC2CCCC2=O)cc1,0.0,valid
CCOP(=S)(OCC)OP(=S)(OCC)OCC,0.0,valid
Cc1[nH]n(-c2cc(Cl)c(S(=O)(=O)O)cc2Cl)c(=O)c1N=Nc1ccc(S(=O)(=O)O)cc1,0.0,valid
O=NN1CCCCCC1,0.0,valid
CC1C(C)(C)C2=C(C(=O)CCC2)C1(C)C,0.0,valid
C=CCO,0.0,valid
CC(=O)Nc1ccc(S(=O)(=O)Nc2ccc([N+](=O)[O-])cc2)cc1,0.0,valid
CCc1oc2ccccc2c1C(=O)c1cc(Br)c(O)c(Br)c1,0.0,valid
COc1cc2c(c(OC)c1OC)-c1ccc(OC)c(=O)cc1[C@@H](NC(C)=O)CC2,0.0,valid
O=c1[nH]c2ccccc2c(=O)o1,0.0,valid
CCN(CC)CCOC(=O)C(Cc1cccc2ccccc12)CC1CCCO1,0.0,valid
CN1C(=O)CC(=O)N(c2ccccc2)c2cc(Cl)ccc21,0.0,valid
C[C@]12CC[C@@H]3C4=C(CC[C@H]3[C@@H]1CC[C@@H]2OC(=O)CCc1ccccc1)CC(=O)CC4,1.0,valid
N=C(CCSCc1csc(N=C(N)N)n1)NS(N)(=O)=O,0.0,valid
COCCOCCO,0.0,valid
CCCCC(CC)COP(=O)(OCC(CC)CCCC)OCC(CC)CCCC,0.0,valid
CNC(=O)OCC[N+](C)(C)C,0.0,valid
Clc1nc(Cl)c(Cl)c(Cl)c1Cl,0.0,valid
c1ccc2c(c1)Sc1ccccc1N2CC1CN2CCC1CC2,0.0,valid
ClC1=C(Cl)[C@]2(Cl)[C@@H]3[C@H]4C=CC(C4)[C@@H]3C1(Cl)C2(Cl)Cl,0.0,valid
CC(Oc1ccc(CNC(=O)c2cccnc2Oc2ccc3c(c2)OCO3)c(F)c1)C(=O)O,0.0,valid
CC1CCC(=O)O1,0.0,valid
CC(C)=CCCC(C)CCOC=O,0.0,valid
CC(C)(C)c1cc(CCC(=O)OCC(COC(=O)CCc2cc(C(C)(C)C)c(O)c(C(C)(C)C)c2)(COC(=O)CCc2cc(C(C)(C)C)c(O)c(C(C)(C)C)c2)COC(=O)CCc2cc(C(C)(C)C)c(O)c(C(C)(C)C)c2)cc(C(C)(C)C)c1O,1.0,valid
N#C[C@@H]1CC(F)(F)CN1C(=O)CNC1CC2CCC(C1)N2c1ncccn1,0.0,valid
CCCCOC(=O)CCCCCCCC(=O)OCCCC,0.0,valid
C[C@@H](Cc1ccccc1)N(C)C,1.0,valid
Oc1ccc2c(c1)Cc1ccccc1-2,1.0,valid
COc1ccc(C(Cl)=C(c2ccc(OC)cc2)c2ccc(OC)cc2)cc1,0.0,valid
CO[C@H]1C=CO[C@@]2(C)Oc3c(C)c(O)c4c(O)c(c5c(nc6cc(C)ccn65)c4c3C2=O)NC(=O)C(C)=CC=CC(C)[C@H](O)[C@@H](C)[C@@H](O)[C@@H](C)[C@H](OC(C)=O)[C@@H]1C,0.0,valid
CN=C=S,0.0,valid
O=C(NC(=O)c1c(F)cccc1F)Nc1ccc(OC(F)(F)C(F)OC(F)(F)F)c(Cl)c1,0.0,valid
COc1cccc([C@H](O)C2CCN(CCc3ccc(F)cc3)CC2)c1OC,0.0,valid
CC(=O)Nc1c(I)c(C(=O)N[C@H]2C(O)O[C@H](CO)[C@@H](O)[C@@H]2O)c(I)c(N(C)C(C)=O)c1I,0.0,valid
Cc1nc(N(C)C)nc(OC(=O)N(C)C)c1C,0.0,valid
Nc1ccc2cc3ccccc3cc2c1,1.0,valid
COc1cc(N)ccc1C,0.0,valid
CCCCCCCc1ccc(O)cc1,1.0,valid
CCCC[N+]1(C)CCCC1,0.0,valid
O=C(c1ccccc1)c1ccccc1O,0.0,valid
CCCCCOC(=O)CCC,0.0,valid
CCOP(=S)(OCC)Oc1ccc([N+](=O)[O-])cc1,0.0,valid
CCC1(c2c[nH]cn2)Cc2ccccc2C1,0.0,valid
O=c1[nH]sc2ccccc12,0.0,valid
O=S(O)CO,1.0,valid
CNCCS(=O)(=O)O,0.0,valid
CCCN(CCC)S(=O)(=O)c1ccc(C(=O)O)cc1,0.0,valid
CC(C)CC=C(C=O)c1ccccc1,1.0,valid
O=C(Cl)c1ccc(C(=O)Cl)cc1,0.0,valid
O=[PH](O)c1ccccc1,0.0,valid
CC#CCC(C)[C@H](O)/C=C/C1[C@H](O)C[C@@H]2C/C(=C\CCCC(=O)O)C[C@H]12,1.0,valid
CC(C)OS(C)(=O)=O,0.0,valid
CCC(=O)OCc1ccccc1,0.0,valid
CC(=O)CC(c1ccc([N+](=O)[O-])cc1)c1c(O)c2ccccc2oc1=O,0.0,valid
Cc1ncc[nH]1,0.0,valid
CCCCOC(=O)CCC(=O)OCCCC,1.0,valid
Oc1c2c(c(O)n1CCCCN1CCN(c3nsc4ccccc34)CC1)CCCC2,0.0,valid
CC(C)(C)OC(=O)c1ccc(O)cc1,1.0,valid
CCOC(=O)C=Cc1ccccc1,0.0,valid
COCCOCCOCCOC,0.0,valid
CC(O)(P(=O)(O)O)P(=O)(O)O,0.0,valid
CN1[C@@H]2CCC[C@H]1C[C@@H](NC(=O)c1nn(C)c3ccccc13)C2,0.0,valid
CC#N,0.0,valid
CCc1cccc2c3c([nH]c12)C(CC)(CC(=O)O)OCC3,0.0,valid
c1cnccn1,0.0,valid
O=C1CCCCCCCCCCCCCC1,0.0,valid
COC(=O)C1[C@H]2C[C@@H]3c4[nH]c5ccccc5c4CCN3C[C@H]2C[C@@H](OC(=O)c2cc(OC)c(OC)c(OC)c2)[C@@H]1OC,0.0,valid
CCCCOC(=O)C(C)Oc1ccc(Oc2ccc(C#N)cc2F)cc1,0.0,valid
COC(=O)C(Cc1ccccc1)NC(=O)C(N)CC(=O)O,0.0,valid
CCCCCCCCCCCCCCCl,0.0,valid
CCc1c(C(=O)NN2CCCCC2)nn(-c2ccc(Cl)cc2Cl)c1-c1ccc(Br)cc1,1.0,valid
Cc1ccc(Cl)cc1Cl,0.0,valid
CCC(=O)c1ccc2c(c1)N(CCCN1CCN(CCO)CC1)c1ccccc1S2,0.0,valid
C(=C\c1ccccc1)\c1ccccc1,0.0,valid
C1C2OC2C2C1C1CC2C2OC12,0.0,valid
O=C(OCCOCCO)c1ccccc1Nc1cccc(C(F)(F)F)c1,0.0,valid
OCC(O)COc1ccc(Cl)cc1,0.0,valid
O=[N+]([O-])C([N+](=O)[O-])([N+](=O)[O-])[N+](=O)[O-],0.0,valid
O=C(O[C@H]1C[C@H]2CC3C[C@@H](C1)N2CC3=O)c1c[nH]c2ccccc12,0.0,valid
CCOC(=O)CC(O)(CC(=O)OCC)C(=O)OCC,0.0,valid
CCN(CC)CC#CCOC(=O)C(O)(c1ccccc1)C1CCCCC1,0.0,valid
Cc1ccc(N)c([N+](=O)[O-])c1,1.0,valid
c1ccc2c(c1)ccc1cc3c(ccc4ccccc43)cc12,0.0,valid
CC(C)(CO)C(O)C(=O)NCCCO,0.0,valid
COc1cc(O)c(C(=O)c2ccccc2)cc1S(=O)(=O)O,0.0,valid
CCCCCCCCCCCC(=O)O,0.0,valid
CN1C(C(=O)Nc2ccccn2)C(=O)c2ccccc2S1(=O)=O,0.0,valid
ClCCCCCCCl,0.0,valid
O=[N+]([O-])OCCN(CCO[N+](=O)[O-])CCO[N+](=O)[O-],0.0,valid
O=C1NCCN1c1ncc([N+](=O)[O-])s1,0.0,valid
CCCCOCC(C)OCC(C)O,0.0,valid
O=C1c2ccccc2C(=O)C1c1nc2ccccc2c(Br)c1O,0.0,valid
OCC1CCC(CO)CC1,0.0,valid
Cc1cc(O)ccc1O,0.0,valid
Cc1cc(S(=O)(=O)O)c(N)cc1Cl,0.0,valid
Cc1cccc(C)c1NC(=O)C(C)N,0.0,valid
CC1=C2N=C(C=C3N=C(C(C)=C4NC(C(CC(N)=O)C4(C)CCC(=O)NCC(C)OP(=O)(O)O[C@H]4[C@@H](O)[C@@H](n5cnc6cc(C)c(C)cc65)O[C@@H]4CO)C4(C)N=C1C(CCC(N)=O)C4(C)CC(N)=O)C(CCC(N)=O)C3(C)C)C(CCC(N)=O)C2(C)CC(N)=O,0.0,valid
C=CCc1ccc2c(c1)OCO2,0.0,valid
CC1(C)C2CC[C@]3(C)C(C(=O)C=C4C5C[C@@](C)(C(=O)O)CC[C@]5(C)CC[C@]43C)[C@@]2(C)CC[C@@H]1O[C@H]1OC(C(=O)O)[C@@H](O)[C@H](O)[C@H]1O[C@@H]1OC(C(=O)O)[C@@H](O)[C@H](O)[C@H]1O,1.0,valid
CCCCC[C@H](O)/C=C/[C@@H]1C(CCCCCCC(=O)O)C(=O)C[C@H]1O,0.0,valid
CCN1CCC[C@H]1CNC(=O)c1c(OC)ccc(Br)c1OC,0.0,valid
CCCCOC(=O)c1ccccc1N,0.0,valid
CCC(C(=O)OCCOCCN(CC)CC)c1ccccc1,0.0,valid
Cc1cccc(Nc2ccccc2C(=O)O)c1C,0.0,valid
C1=Cc2cccc3cccc1c23,0.0,valid
CCCCCCCOC(=O)c1ccc(O)cc1,1.0,valid
Oc1ccc(CCNCCCCCCNCCc2ccccc2)cc1O,0.0,valid
CN1CCOCC1,0.0,valid
Nc1nc(=S)c2[nH]cnc2[nH]1,1.0,valid
CC=CC=O,0.0,valid
CCCCCCCCCCCCCCN(C)C,0.0,valid
CON=C(C(=O)NC1C(=O)N2C(C(=O)O)=C(CSC(=O)c3ccco3)CS[C@H]12)c1csc(N)n1,0.0,valid
Nc1cc(C(=O)O)ccc1Cl,0.0,valid
C=C(C)C(=O)O[C@@H]1C[C@H]2CC[C@]1(C)C2(C)C,0.0,valid
CC(C)NC(=O)c1ccccc1N,0.0,valid
O=Cc1ccccc1[N+](=O)[O-],0.0,valid
COC(=O)CCc1ccc(OCC(O)CNC(C)C)cc1,0.0,valid
CC(N)C(=O)c1ccccc1,0.0,valid
NCCOCCN,0.0,valid
CN[C@@H]1C[C@@H](c2ccc(Cl)c(Cl)c2)c2ccccc21,0.0,valid
CCCCCCCCCCC(CO)CCCCCCCC,0.0,valid
CCOP(=S)(OCC)SCCSCC,0.0,valid
Cc1cccc(C(=O)O)c1,0.0,valid
O=C(O)CCc1ccccc1,0.0,valid
c1ccc(C(O[C@H]2CCCN(CCc3ccc4c(c3)OCO4)C2)c2ccccc2)cc1,0.0,valid
CCOC(=O)C(CCc1ccccc1)NC(C)C(=O)N1C(=O)N(C)CC1C(=O)O,0.0,valid
COc1ccc2c(c1OC)C(=O)O[C@@H]2[C@H]1c2cc3c(cc2CCN1C)OCO3,0.0,valid
CC(CCO)CC(C)(C)C,0.0,valid
Nc1nc(F)nc2c1ncn2[C@@H]1O[C@H](CO)[C@@H](O)[C@@H]1O,0.0,valid
CC(Cl)(Cl)[N+](=O)[O-],0.0,valid
COc1cccc(OC)c1C(=O)NC1C(=O)N2C(C(=O)O)C(C)(C)S[C@H]12,1.0,valid
CCCCCCCCCCCCCCCCCC(=O)OCCCCCCCCCCCCCC(C)C,1.0,valid
Cc1ccccc1-n1c(CF)nc2ccc(N)cc2c1=O,1.0,valid
S=c1[nH]c2ccccc2[nH]1,0.0,valid
CCOCC(C)O,0.0,valid
c1ccc(C2CO2)cc1,0.0,valid
O=C(O)COc1nn(Cc2ccccc2)c2ccccc12,0.0,valid
O=C(CCN1CC1)OCC(CO)(COC(=O)CCN1CC1)COC(=O)CCN1CC1,0.0,valid
CC(=O)Nc1ccc(S(=O)(=O)Nc2cc(C)on2)cc1,0.0,valid
C[N+]1(C)CCCCC1COC(=O)C(O)(c1ccccc1)c1ccccc1,0.0,valid
CO[C@@H]1[C@H](OC(=O)NC(=O)CCl)CC[C@]2(CO2)[C@H]1[C@]1(C)O[C@@H]1CC=C(C)C,0.0,valid
N=C(N)NCCCC(NC(=O)C1CCCN1C(=O)C1CSSCCC(=O)NC(Cc2ccc(O)cc2)C(=O)NC(Cc2ccccc2)C(=O)NC(CCC(N)=O)C(=O)NC(CC(N)=O)C(=O)N1)C(=O)NCC(N)=O,0.0,valid
CCO[Si](CCCCl)(OCC)OCC,0.0,valid
CCCCOCCO,0.0,valid
C=CC(C)(O)CCCC(C)CCCC(C)CCCC(C)C,0.0,valid
CCOC(=O)CC(SP(=O)(OC)OC)C(=O)OCC,0.0,valid
C=CC(C)(O)CCC=C(C)C,0.0,valid
CC(=O)NNc1ccccc1,0.0,valid
NCCCCC(NC(=O)C1CCCN1C(=O)C1CSSCC(N)C(=O)NC(Cc2ccccc2)C(=O)NC(Cc2ccccc2)C(=O)NC(CCC(N)=O)C(=O)NC(CC(N)=O)C(=O)N1)C(=O)NCC(N)=O,0.0,valid
NNC(=S)NN,0.0,valid
OCCN1CCN(CC/C=C2/c3ccccc3Sc3ccc(C(F)(F)F)cc32)CC1,0.0,valid
CCNc1nc(NC(C)C)nc(OC)n1,0.0,valid
CC(=NNC(=O)Nc1cc(F)cc(F)c1)c1ncccc1C(=O)O,0.0,valid
O=c1[nH]c(O)cn1N=Cc1ccc(-c2ccc([N+](=O)[O-])cc2)o1,0.0,valid
CCC=CC#N,0.0,valid
Cc1ncsc1CCO,0.0,valid
Cc1ccc2oc(=O)ccc2c1,0.0,valid
C=CCC1([C@H](C)CCC)C(=O)NC(=O)NC1=O,0.0,valid
CCCCCc1cccc(=O)o1,0.0,valid
C[C@@H](Cc1ccccc1)NCCC(c1ccccc1)c1ccccc1,0.0,valid
c1nc[nH]n1,0.0,valid
CN(C(=O)Cc1ccccc1)[C@H]1CC[C@@]2(CCCO2)C[C@@H]1N1CCCC1,0.0,valid
CC(C)(C#N)/N=N/C(C)(C)C#N,0.0,valid
Cc1ccc(C(=O)C(C)CN2CCCCC2)cc1,1.0,valid
CN1[C@@H]2CC[C@H]1C[C@@H](OC(=O)C(CO)c1ccccc1)C2,0.0,valid
CC(C)(C#N)Nc1nc(Cl)nc(NC2CC2)n1,0.0,valid
O=C(O)C(F)(F)C(F)(F)C(F)(F)C(F)(F)C(F)(F)C(F)(F)C(F)(F)C(F)(F)F,0.0,valid
CCCc1nc2c(C)cc(-c3nc4ccccc4n3C)cc2n1Cc1ccc(-c2ccccc2C(=O)O)cc1,0.0,valid
CCOC(=O)CC(C(C)=O)C(C)=O,0.0,valid
C=C(C)C#N,0.0,valid
Cc1c(C(=O)NCCO)[n+]([O-])c2ccccc2[n+]1[O-],0.0,valid
Nc1nccs1,0.0,valid
CCOC(=O)Cn1cccc1-c1nc(-c2ccc(OC)cc2)c(-c2ccc(OC)cc2)s1,0.0,valid
O=c1c(O)c(O)c1=O,0.0,valid
C=COCCCCO,0.0,valid
COc1ccc2c(c1OC)CN1CCc3cc4c(cc3C1C2)OCO4,0.0,valid
CN(C)CCC=C1c2ccccc2C=Cc2ccccc21,0.0,valid
CO[C@@H]1[C@@H](OC(N)=O)[C@@H](O)[C@H](Oc2ccc3c(=O)c(NC(=O)c4ccc(O)c(CC=C(C)C)c4)c(O)oc3c2C)OC1(C)C,0.0,valid
O=[N+]([O-])c1ccc(CBr)cc1,0.0,valid
CC(C(=O)O)c1ccc(N2Cc3ccccc3C2=O)cc1,1.0,valid
COC(=O)C1=C(C#N)N=C(C)C(C(=O)OC(C)C)C1c1cccc([N+](=O)[O-])c1,0.0,valid
CCCCCCCCCCCCCCCCCC(=O)OCCO,1.0,valid
Cn1c([N+](=O)[O-])cnc1COC(N)=O,0.0,valid
CCC1(C)CC(=O)NC1=O,0.0,valid
CC[C@H](C)[C@H]1O[C@]2(C=C[C@@H]1C)C[C@@H]1C[C@@H](CC=C(C)[C@@H](O[C@H]3C[C@H](OC)[C@@H](O[C@H]4C[C@H](OC)[C@@H](O)[C@H](C)O4)[C@H](C)O3)[C@@H](C)C=CC=C3CO[C@@H]4[C@H](O)C(C)=CC(C(=O)O1)[C@]34O)O2,0.0,valid
COc1ccc2cc([C@H](C)CO)ccc2c1,1.0,valid
CC(C)c1cc2c(cc1S(=O)(=O)O)[C@@]1(C)CCC[C@@](C)(C(=O)O)[C@@H]1CC2,0.0,valid
Cc1ccc(N)cc1C,1.0,valid
CCc1ccc2c(c1)N(CC(C)CN(C)C)c1ccccc1S2,0.0,valid
Nc1ccc2c(c1)C(=O)c1ccccc1C2=O,1.0,valid
Cc1ccc(/C(=C\CN2CCCC2)c2cccc(/C=C/C(=O)O)n2)cc1,0.0,valid
Nc1nc(CC(=O)O)cs1,0.0,valid
CCCc1cc(=O)[nH]c(=S)[nH]1,1.0,valid
COc1cc(C(=O)N2CCOCC2)cc(OC)c1OC,0.0,valid
Cc1cccc([N+](=O)[O-])c1C,0.0,valid
C#C[C@]1(O)CC[C@H]2[C@@H]3CCc4cc(OC)ccc4[C@H]3CC[C@@]21C,1.0,valid
CCC1(c2ccccc2)C(=O)N(COC)C(=O)N(COC)C1=O,0.0,valid
CN1CCN(CC(=O)N2c3ccccc3C(=O)Nc3cccnc32)CC1,0.0,valid
CNC(=O)ON=C(C)SC,0.0,valid
NCc1ccccc1Sc1ccccc1CO,0.0,valid
C=C(C)C(=O)O,0.0,valid
NN,0.0,valid
CN(C)C=Nc1c(I)cc(I)c(CCC(=O)O)c1I,0.0,valid
CCOc1cc(CC(=O)N[C@@H](CC(C)C)c2ccccc2N2CCCCC2)ccc1C(=O)O,0.0,valid
CC(=NO)C(C)=NO,0.0,valid
CCCCOCC1CO1,0.0,valid
CCOC(=O)O[C@]1(C(=O)COC(=O)CC)CC[C@H]2[C@@H]3CC=C4CC(=O)C=C[C@]4(C)[C@H]3[C@@H](O)C[C@@]21C,0.0,valid
C=C(C)C(=O)OCCC[Si](OC)(OC)OC,0.0,valid
O=C(O)COc1cc(Cl)c(Cl)cc1Cl,0.0,valid
CCCC(=O)C(C)=O,0.0,valid
CCC(=O)NCCC1CCc2ccc3c(c21)CCO3,1.0,valid
CCNC(=O)C1CC(C)CCC1C(C)C,0.0,valid
O=C(O)CC(C(=O)O)C(CC(=O)O)C(=O)O,0.0,valid
C[C@](N)(Cc1ccc(O)c(O)c1)C(=O)O,0.0,valid
C=CC(=C)CCCC(C)(C)OC(C)=O,0.0,valid
CCc1nnc(NS(=O)(=O)c2ccc(N)cc2)s1,0.0,valid
N#CC(c1ccc(Cl)cc1)c1c(Cl)cc(-n2ncc(=O)[nH]c2=O)cc1Cl,0.0,valid
CC(=O)Nc1ccc2c(c1)Cc1ccccc1-2,1.0,valid
C[C@]12N[C@H](Cc3ccccc31)c1ccccc12,0.0,valid
CCCCCCOC(=O)C(C)CC,0.0,valid
C#CC(C)(O)CC(C)C,0.0,valid
O=[N+]([O-])c1cc(Cl)c(Cl)cc1Cl,0.0,valid
CCOC(CN1CCN(CC(C)C(=O)c2ccccc2)CC1)c1ccccc1,0.0,valid
Cc1cccc(CN2CCN(C(c3ccccc3)c3ccc(Cl)cc3)CC2)c1,0.0,valid
CN(N=O)C(=N)N[N+](=O)[O-],0.0,valid
CC(=O)NC(C=O)[C@H](O)[C@H](O)[C@@H](O)CO,0.0,valid
O=C(C=Cc1ccccc1)OCC=Cc1ccccc1,1.0,valid
C1CN(CCOCCN2CCOCC2)CCO1,0.0,valid
CC(O)C(C)O,0.0,valid
Cc1ccc(N)cc1Cl,0.0,valid
CC(C)C1CC[C@@H](C)CC1=O,0.0,valid
CCCOC(=O)c1c(Cl)c(Cl)c(Cl)c(Cl)c1C(=O)OCCC,0.0,valid
CCCn1cc[n+](C)c1C,0.0,valid
O=c1[nH]c(=O)n([C@H]2C[C@H](O)[C@@H](CO)O2)cc1I,0.0,valid
CCCCc1c(O)n(-c2ccccc2)n(-c2ccccc2)c1=O,0.0,valid
Brc1c(NC2=NCCN2)ccc2nccnc12,0.0,valid
O=C1c2ccccc2C(=O)N1CO,0.0,valid
CCC(=O)C(CC(C)N(C)C)(c1ccccc1)c1ccccc1,0.0,valid
O=C(O)C1(C(=O)O)CCC1,0.0,valid
CN1[C@H]2CC[C@@H]1C(C(=O)O)[C@@H](OC(=O)c1ccccc1)C2,0.0,valid
CC(C)C(=O)OCC(C)(C)C(O)C(C)C,0.0,valid
COC1=CC(=O)O[C@@H](/C=C/c2ccccc2)C1,1.0,valid
CC(=O)[C@@]1(O)CC[C@H]2[C@@H]3CC=C4CC(=O)CC[C@]4(C)C3(F)[C@@H](O)C[C@@]21C,0.0,valid
COCCOC,0.0,valid
Cc1cc(C)cc(O)c1,0.0,valid
C=CCC1=CC(C)C[C@H](C)C[C@H](OC)[C@H]2O[C@@](O)(C(=O)C(=O)N3CCCCC3C(=O)O[C@H](/C(C)=C/[C@@H]3CC[C@@H](O)[C@H](OC)C3)[C@H](C)[C@@H](O)CC1=O)[C@H](C)C[C@@H]2OC,0.0,valid
Cc1cc(C)c(C)c(O)c1,0.0,valid
CCC(CO)(CO)COCC(CC)(CO)CO,0.0,valid
O=C1CCC(C(=O)N2CSCC2C(=O)O)N1,0.0,valid
CCC(=O)O[C@@H]1C[C@H]2CC[C@]1(C)C2(C)C,0.0,valid
Cc1[nH]cnc1CN1CCc2c(c3ccccc3n2C)C1=O,0.0,valid
O=C(O)CC(C(=O)O)S(=O)(=O)O,0.0,valid
CC1CCc2c(N3CCC(O)CC3)c(F)cc3c(=O)c(C(=O)O)cn1c23,0.0,valid
CC(C)(C)c1cc(CCC(=O)NN)cc(C(C)(C)C)c1O,0.0,valid
Cc1ccc(C)c(N)c1,1.0,valid
O=C(O)c1ccc(NC(=O)C(Cc2ccc(O)cc2)NC(=O)c2ccccc2)cc1,0.0,valid
CN[C@@H]1[C@H](O[C@H]2[C@H](O[C@H]3[C@H](O)[C@@H](O)[C@H](N=C(N)N)[C@@H](O)[C@@H]3N=C(N)N)O[C@@H](C)[C@]2(O)C=O)O[C@@H](CO)[C@H](O)[C@H]1O,0.0,valid
O=Cc1c(Cl)cccc1Cl,0.0,valid
C=C(C)C(=O)OCC(C)(C)COC(=O)C(=C)C,0.0,valid
Cc1ccccc1Br,0.0,valid
CCC(=O)N(c1ccccc1)C1CCN(CCc2ccccc2)CC1,0.0,valid
[Na]I,0.0,valid
OC[C@@H](O)[C@H]1O[C@@H]2O[C@H](C(Cl)(Cl)Cl)O[C@@H]2[C@H]1O,0.0,valid
Cc1c[nH]c2ccccc12,0.0,valid
CCCCCc1ccc(N)cc1,0.0,valid
OCc1ccccc1,0.0,valid
Clc1ccc(CSC(Cn2ccnc2)c2ccc(Cl)cc2Cl)cc1,0.0,valid
Brc1ccccc1,0.0,valid
Nc1cc(Cl)c([N+](=O)[O-])cc1O,0.0,valid
CNC1(C)C2CCC(C2)C1(C)C,0.0,valid
C1CCCCC1,0.0,valid
CCC(C)COC(=O)CC(C)C,0.0,valid
CCCC(=O)C(=O)O,0.0,valid
CC(C)c1ccc(O)c(C(C)C)c1,0.0,valid
CC(C=O)=Cc1ccccc1,0.0,valid
O=Cc1ccccc1Cl,0.0,valid
CC(=O)OCC(=O)[C@@]1(O)CC[C@H]2[C@@H]3CC(C)=C4CC(=O)C=C[C@]4(C)[C@H]3[C@@H](O)C[C@@]21C,1.0,valid
O1[As]2O[As]3O[As]1O[As](O2)O3,1.0,valid
Cc1cc(C2CC2)nc(Nc2ccccc2)n1,1.0,valid
CC1(O)CCC(C(C)(C)O)CC1,0.0,valid
CCC(C)(CCC(C)C)C(=O)O,0.0,valid
C[N+](C)(C)CCCCCCCCCC[N+](C)(C)C,0.0,valid
Cc1ccc(S(=O)(=O)O)cc1C,0.0,valid
Nc1cccc(Cl)c1,0.0,valid
BrCCCCCBr,0.0,valid
CC(C)CCOC(=O)c1ccc(N(C)C)cc1,1.0,valid
CC(=O)Nc1nnc(S(N)(=O)=O)s1,0.0,valid
CSc1c(Cl)c(Cl)c(Cl)c(Cl)c1Cl,0.0,valid
CC=C1C(=O)C[C@H]2[C@@H]3CC=C4CC(=O)CC[C@]4(C)[C@H]3CC[C@]12C,1.0,valid
CCOc1cc(C=O)ccc1O,0.0,valid
OC[C@H]1O[C@@H]2O[C@H]3[C@H](O)[C@@H](O)[C@@H](O[C@H]4[C@H](O)[C@@H](O)[C@@H](O[C@H]5[C@H](O)[C@@H](O)[C@@H](O[C@H]6[C@H](O)[C@@H](O)[C@@H](O[C@H]7[C@H](O)[C@@H](O)[C@@H](O[C@H]1[C@H](O)[C@H]2O)O[C@@H]7CO)O[C@@H]6CO)O[C@@H]5CO)O[C@@H]4CO)O[C@@H]3CO,1.0,valid
O=CC(=O)c1ccccc1,0.0,valid
CC(=O)Oc1ccc(C)cc1,0.0,valid
Nc1ccc([N+](=O)[O-])cc1N,1.0,valid
CN(C)c1ccc(N)cc1,1.0,valid
CC(C)(C)C(=O)CCl,0.0,valid
NS(=O)(=O)c1cc2c(cc1Cl)N=C(CSCc1ccccc1)NS2(=O)=O,0.0,valid
CCCCC(CC)COP(=O)(Oc1ccccc1)Oc1ccccc1,0.0,test
c1cc2c(c(NC3=NCCN3)c1)CCCC2,0.0,test
OCCOCCOCCOCCO,0.0,test
CN1[C@@H]2CC[C@H]1C[C@@H](O)C2,0.0,test
CN1CCN(CCCN2c3ccccc3Sc3ccccc32)CC1,0.0,test
CC(=O)N[C@H]1[C@@H](OC2C(C(=O)O)O[C@@H](OC3[C@H]4CO[C@H](O4)[C@H](NS(=O)(=O)O)[C@H]3O)[C@H](O)[C@H]2O)O[C@H](CO)[C@@H](O[C@@H]2CC(C(=O)O)[C@@H](O[C@H]3O[C@H](COS(=O)(=O)O)[C@@H](O[C@@H]4OC(C(=O)O)=C[C@H](O)[C@H]4O)[C@H](O)[C@H]3NC(C)=O)[C@H](O)[C@H]2O)[C@@H]1C,0.0,test
CC/C(=C(\c1ccccc1)c1ccc(OCCN(C)C)cc1)c1ccccc1,1.0,test
c1ccc(Sc2ccccc2)cc1,0.0,test
CCN(CCO)CCn1c(Cc2ccccc2)nc2c1c(=O)n(C)c(=O)n2C,0.0,test
Cc1cnc(NC(=O)C2C(=O)c3ccccc3S(=O)(=O)N2C)s1,1.0,test
CC(=O)OCC(=O)NCCCOc1cccc(CN2CCCCC2)c1,1.0,test
O=C(O)c1cc(Cl)ccc1Cl,0.0,test
C=CCNC(N)=S,0.0,test
c1ccc2cc(Nc3ccc(Nc4ccc5ccccc5c4)cc3)ccc2c1,0.0,test
CSc1ccc2c(c1)C(N1CCN(C)CC1)Cc1ccccc1S2,0.0,test
Cc1ccc2cccnc2c1,0.0,test
Nc1ncnc(Nc2ccc(Cl)cc2)n1,1.0,test
CC(C)(O)C#N,0.0,test
Fc1ccc(Oc2ccnc3cc(Cl)cc(Cl)c23)cc1,0.0,test
Brc1c2ccccc2cc2ccccc12,1.0,test
Cc1c(O)cccc1O,0.0,test
CO[C@H]1C=CO[C@@]2(C)Oc3c(C)c(O)c4c(O)c(cc(O)c4c3C2=O)NC(=O)C(C)=CC=CC(C)[C@H](O)[C@@H](C)[C@@H](O)[C@@H](C)[C@H](OC(C)=O)[C@@H]1C,0.0,test
CC(=O)S[C@@H]1C=C2CC(=O)CC[C@]2(C)[C@H]2CC[C@@]3(C)[C@@H](CC[C@@]34CCC(=O)O4)[C@H]12,0.0,test
NC(=O)Cc1cccc2ccccc12,0.0,test
CN(C)C(C)(C)CO,1.0,test
O=[N+]([O-])C(CO)(CO)CO,0.0,test
N=C(N)NN,0.0,test
O=C(Nc1ccccc1)OCC(CN1CCCCC1)OC(=O)Nc1ccccc1,0.0,test
CCOC(=O)N(C)N=O,0.0,test
O=S(=O)(O)c1ccc2c(N=Nc3ccc(S(=O)(=O)O)c4ccccc34)c(O)c(S(=O)(=O)O)cc2c1,0.0,test
CCOP(=S)(Oc1ccc([N+](=O)[O-])cc1)c1ccccc1,1.0,test
O=c1[nH]cnc2[nH]ncc12,0.0,test
COc1ccc(/N=N/c2cc(C)c(/N=N/c3ccc(S(=O)(=O)O)cc3)cc2OC)cc1,0.0,test
O=C(Nc1ccc(F)cc1F)c1cccnc1Oc1cccc(C(F)(F)F)c1,0.0,test
CO[C@@H]1[C@@H](O[C@@H]2O[C@H](C)[C@@H](O[C@H]3C[C@@](C)(O)[C@@H](O)[C@H](C)O3)[C@H](N(C)C)[C@H]2O)[C@@H](CC=O)C[C@@H](C)[C@@H](O[C@@H]2CC[C@H](N(C)C)[C@@H](C)O2)C=CC=CC[C@@H](C)OC(=O)C[C@H]1O,0.0,test
O=C(C1CCCCC1)N1CC(=O)N2CCc3ccccc3C2C1,1.0,test
CCOC(=O)c1cnc2c(cnn2CC)c1NN=C(C)C,0.0,test
N#Cc1ccc(C(c2ccc(C#N)cc2)n2cncn2)cc1,0.0,test
COC(=O)c1ccccc1S(=O)(=O)NC(=O)Nc1nc(C)cc(C)n1,0.0,test
CC(C)OP(C)(=O)OC(C)C,0.0,test
CC(=O)OCC(=O)[C@@]1(O)CC[C@H]2[C@@H]3CC=C4CC(=O)C=C[C@]4(C)[C@H]3[C@@H](O)C[C@@]21C,1.0,test
c1ccc2sc(SSN3CCOCC3)nc2c1,0.0,test
O=C(O)COc1nc(Cl)c(Cl)cc1Cl,0.0,test
CCOS(C)(=O)=O,0.0,test
Cc1cnc2c(C(=O)O)c(Cl)ccc2c1,0.0,test
O=C1CCCCO1,0.0,test
ONc1ccccc1,1.0,test
COc1cc(C(=S)N2CCOCC2)ccc1O,0.0,test
CN(C)Cc1ccccc1O,0.0,test
Oc1ccccc1-c1ccccc1,0.0,test
CCCC/C=C\CCCCCCCCCC=O,1.0,test
C=C1C[C@]23CC[C@H]4[C@](C)(CCC[C@@]4(C)C(=O)O[C@@H]4O[C@H](CO)[C@@H](O)[C@H](O)[C@H]4O)[C@@H]2C[C@@H](O[C@@H]2O[C@H](CO)[C@@H](O)[C@H](O[C@@H]4O[C@H](CO)[C@@H](O)[C@H](O)[C@H]4O)[C@H]2OC2O[C@H](CO)[C@@H](O)[C@H](O)[C@H]2O)[C@@H]1C3,0.0,test
OC[C@@H](O)[C@@H](O[C@@H]1O[C@H](CO)[C@H](O)[C@H](O)[C@H]1O)[C@H](O)[C@@H](O)CO,1.0,test
CCCCCCCCCCCC#N,0.0,test
CCO[Si](OCC)(OCC)OCC,0.0,test
NC(=O)c1ccc[n+]([C@@H]2O[C@H](COP(=O)([O-])OP(=O)(O)OC[C@H]3O[C@@H](n4cnc5c(N)ncnc54)[C@H](O)[C@@H]3O)[C@@H](O)[C@H]2O)c1,0.0,test
O=c1oc2cc(O)ccc2c2oc3cc(O)ccc3c12,1.0,test
CN1[C@@H]2CC[C@H]1CC(OC(=O)c1c[nH]c3ccccc13)C2,0.0,test
CN(Cc1ccc(C(C)(C)C)cc1)Cc1cccc2ccccc12,0.0,test
CN(C)c1ccc(C=O)cc1,1.0,test
CCSc1ccc2c(c1)N(CCCN1CCN(C)CC1)c1ccccc1S2,0.0,test
CC(=O)Oc1cc2c(s1)CCN(C(C(=O)C1CC1)c1ccccc1F)C2,0.0,test
Cc1ccccc1C,0.0,test
CCC1(c2ccccc2)C(=O)NC(=O)N(C)C1=O,0.0,test
C[C@]12CC[C@@H]3c4ccc(OC(=O)N(CCCl)CCCl)cc4CC[C@H]3[C@@H]1CC[C@@H]2OP(=O)(O)O,1.0,test
NC(=O)C(Cl)(Cl)Cl,1.0,test
CCCCCCC/C=C/C=O,0.0,test
CCCCOc1ccc(OCCCN2CCOCC2)cc1,0.0,test
CNCCC(Oc1ccccc1OC)c1ccccc1,0.0,test
CCN(C(=O)c1cc(C)cc(OC[C@H](C)Nc2ccncc2)c1)C(C)C,0.0,test
COc1ccccc1OC,0.0,test
CC(=O)c1c(C)cc(C(C)(C)C)cc1C,0.0,test
O=C(O)C=Cc1ccc(C=CC(=O)O)cc1,0.0,test
CC(C)CC(C)(c1ccc(O)cc1)c1ccc(O)cc1,1.0,test
CCOC(=O)C1OC1c1ccccc1,0.0,test
COc1cc(C)c(Cc2cnc(N)nc2N)cc1OC,0.0,test
C[N+](C)(C)CCOC(=O)C(O)(c1ccccc1)c1ccccc1,0.0,test
COc1ccc(CN(CCN(C)C)c2ncccn2)cc1,0.0,test
C=CC(C)(C)C,0.0,test
O=C(O)COc1ccc(Cl)cc1,0.0,test
CCCCC/C=C\C/C=C\CCCCCCCC(=O)OC,0.0,test
CCN(CC)C(=O)N1CCN(C)CC1,0.0,test
Oc1cc(Cl)ccc1Cl,0.0,test
CCCOCCC,0.0,test
O=C(O)C(=O)O,0.0,test
CCOC(=O)c1ncn2c1CN(C)C(=O)c1c(I)cccc1-2,0.0,test
CCCCCCCCCC(C)C=O,0.0,test
NCCCCCCNCCCCCCN,0.0,test
O=C(Nc1ccccc1)c1ccccc1I,0.0,test
Cc1ccc(C(=O)Nc2ccc(S(=O)(=O)O)c3cc(S(=O)(=O)O)cc(S(=O)(=O)O)c23)cc1NC(=O)c1cccc(NC(=O)Nc2cccc(C(=O)Nc3cc(C(=O)Nc4ccc(S(=O)(=O)O)c5cc(S(=O)(=O)O)cc(S(=O)(=O)O)c45)ccc3C)c2)c1,0.0,test
O=c1[nH]nc(-c2ccc([N+](=O)[O-])o2)o1,0.0,test
CC(=O)c1cc(C)oc1C,0.0,test
CCCCNCCCC,0.0,test
CO[C@H]1[C@@H](O)[C@H](N)[C@@H](O[C@H]2O[C@H]([C@H](C)N)CC[C@H]2N)[C@H](O)[C@@H]1N(C)C(=O)CN,1.0,test
COC(=O)Nc1nc2cc([S+]([O-])c3ccccc3)ccc2[nH]1,0.0,test
CC(C)(CCl)c1ccccc1,0.0,test
CC(C)NCC(O)COc1ccc(COCCOC(C)C)cc1,0.0,test
Cc1cccc(C(C)(C)C)c1O,0.0,test
Cc1cccc(O)c1,0.0,test
c1ccc2c(c1)oc1ccccc12,0.0,test
O=S(=O)(O)C(F)(F)C(F)(F)C(F)(F)C(F)(F)C(F)(F)C(F)(F)F,0.0,test
CCN(CC)CC1CCCCN1CC(=O)N1c2ccccc2C(=O)Nc2cccnc21,0.0,test
S=C=S,0.0,test
CCOP(=O)(CC)Oc1ccc([N+](=O)[O-])cc1,0.0,test
C=CCCCCCCCCC(=O)O,0.0,test
CC(=O)OC[C@H]1O[C@@H](O[C@H]2[C@H](O)[C@@H](OC(=O)c3ccccc3C(=O)O)[C@H](O)O[C@@H]2COC(C)=O)[C@H](O)[C@@H](OC(=O)c2ccccc2C(=O)O)[C@@H]1O,0.0,test
CC1(C)SC2C(N)C(=O)N2C1C(=O)O,0.0,test
C(COCC1CO1)OCC1CO1,0.0,test
COC(CC(C)CCCC(C)(C)O)OC,0.0,test
NC(=O)CCC(Nc1ccc([N+](=O)[O-])cc1)C(=O)O,0.0,test
CNC(=O)N(C)c1nnc(C(C)(C)C)s1,0.0,test
NCCNc1cccc2ccccc12,0.0,test
CCCCNC(=S)NCCCC,0.0,test
Oc1ccc2c(c1)-c1ccccc1C2,1.0,test
OCCN(CCO)CCO,0.0,test
CCOC(=O)C(C#N)=C(c1ccccc1)c1ccccc1,1.0,test
O=[N+]([O-])c1cc([N+](=O)[O-])c2ccc(S(=O)(=O)O)cc2c1O,0.0,test
CCCC(=O)Cl,0.0,test
CCn1nc(Cc2ccccc2)cc1C1CCN(C[C@H]2C[C@H](N(C)C(C(=O)O)C(C)C)C[C@@H]2c2cccc(F)c2)CC1,0.0,test
C=CCOC(=O)c1ccccc1N,0.0,test
COc1ccccc1OC(=O)Oc1ccccc1OC,0.0,test
COc1c(C)c2c(c(O)c1C/C=C(\C)CCC(=O)OCCN1CCOCC1)C(=O)OC2,1.0,test
CC(CC(c1ccccc1)c1ccccc1)NC(C)(C)C,0.0,test
C[N+]1(C)CCC(OC(=O)C(O)(c2ccccc2)C2CCCC2)C1,0.0,test
C#C[C@]1(O)CC[C@H]2[C@@H]3CCC4=CC(=NO)CC[C@@H]4[C@H]3CC[C@@]21CC,1.0,test
OC1OC[C@@H](O)[C@H](O)[C@H]1O,0.0,test
CCOC(=O)C(CCc1ccccc1)NC(C)C(=O)N1CCCC1C(=O)O,0.0,test
COc1ccc(COC(C)=O)cc1,0.0,test
CCCC[P+](CCCC)(CCCC)CCCC,0.0,test
O=C(C[C@@H]1NCCC[C@H]1O)Cn1cnc2cc(Br)c(Cl)cc2c1=O,0.0,test
O=C(O)c1cccnc1Nc1cccc(C(F)(F)F)c1,0.0,test
ClCCOCCOCCCl,0.0,test
c1ccc(Oc2ccccc2)cc1,0.0,test
CCOC(=N)CC(=O)OCC,0.0,test
C[N+]1([O-])[C@@H]2CC[C@H]1C[C@@H](OC(=O)C(CO)c1ccccc1)C2,0.0,test
CCC(N)(CO)CO,0.0,test
O=C1OC(=O)c2ccccc21,0.0,test
NCCOS(=O)(=O)O,0.0,test
CC=C(C)C(=O)OCCC(C)CCC=C(C)C,0.0,test
O=C(OCC(COC(=O)c1cccnc1)(COC(=O)c1cccnc1)COC(=O)c1cccnc1)c1cccnc1,0.0,test
O=C(NCCNCC(O)COc1ccc(O)cc1)N1CCOCC1,0.0,test
CC(O)CC(C)O,0.0,test
Brc1ccc(Oc2ccccc2)cc1,0.0,test
C[Si](C)(C)N[Si](C)(C)C,0.0,test
CNCCO,0.0,test
CC(CCl)OP(=O)(OC(C)CCl)OC(C)CCl,0.0,test
COC(=O)C1C=C2CC(=O)CC[C@]2(C)[C@@]23O[C@@H]2C[C@@]2(C)[C@@H](CC[C@@]24CCC(=O)O4)[C@H]13,0.0,test
CC[C@H](c1ccc(O)cc1)[C@@H](CC)c1ccc(O)cc1,1.0,test
CN[C@@H]1[C@@H](O)[C@@H](O[C@@H]2[C@@H](O)[C@H](OC3OC(CN)=CCC3N)[C@@H](N)C[C@H]2N)OC[C@]1(C)O,0.0,test
c1ccc2c(c1)CCCC2,0.0,test
OC[C@H]1O[C@H](O[C@@]2(CO)O[C@@H](O)[C@H](O)[C@@H]2O)[C@H](O)[C@@H](O)[C@@H]1O,0.0,test
CCCCOC(=O)/C=C\C(=O)OCCCC,0.0,test
CC(=O)CC(=O)Nc1ccccc1,1.0,test
CC1(C)CC(=O)CC(C)(C)N1[O],0.0,test
Nc1cc2c3c(c1)C(c1ccccc1)=NC(NC(=O)c1cccnc1)C(=O)N3CC2,0.0,test
Oc1oc(O)c2c1C1C=CC2C1,0.0,test
C=CCN1C[C@H](C)N([C@H](c2ccc(C(=O)N(CC)CC)cc2)c2cccc(OC)c2)C[C@H]1C,0.0,test
CCCCCCCCCCCCCOS(=O)(=O)O,0.0,test
CC(C)(C)CC(C)(C)c1ccc(O)cc1,1.0,test
O=C(O)CONC(=O)c1ccccc1,0.0,test
CCCOC(=O)c1ccc(O)cc1,1.0,test
CCCCCCCCCCCCCCCCSCC(COC)COP(=O)([O-])OCC[N+](C)(C)C,0.0,test
CCCCCCC(O)CO,0.0,test
NC(CCC(=O)NC(CS)C(=O)NCC(=O)O)C(=O)O,0.0,test
COC1=CC=C2[C@H]3Cc4ccc(OC)c5c4[C@@]2(CCN3C)[C@H]1O5,0.0,test
O=C(O)c1nc(=O)[nH]c(=O)[nH]1,0.0,test
CCN1CCCC(OC(=O)C(c2ccccc2)c2ccccc2)C1,0.0,test
CC(=O)OCC(=O)[C@@]12N=C(C)O[C@@H]1C[C@H]1[C@@H]3CC=C4CC(=O)C=C[C@]4(C)[C@H]3[C@@H](O)C[C@@]12C,1.0,test
CCCCC(CC)COP(=O)(O)O,0.0,test
CCCCCCCCCCCCCCCS(=O)(=O)Oc1ccccc1,0.0,test
C=CCCCCCCCCCC,0.0,test
CC(C)OC(=O)CCC(=O)OC(C)C,0.0,test
CCNC1(c2cccs2)CCCCC1=O,0.0,test
CON=C(C(=O)NC1C(=O)N2C(C(=O)[O-])=C(C[n+]3ccc(N)n3CCO)CS[C@H]12)c1csc(N)n1,0.0,test
CC(C)CCC(=O)CCC(C)C,0.0,test
C=C[C@]1(C)C[C@@H](OC(=O)CSCCN(CC)CC)[C@]2(C)C(C)CC[C@]3(CCC(=O)[C@H]32)[C@@H](C)[C@@H]1O,0.0,test
CC/C=C\CCOC(=O)c1ccccc1,0.0,test
Nc1ccncc1,0.0,test
FC(F)(F)c1cccc(C2=CCN(CCc3ccc4ccccc4c3)CC2)c1,0.0,test
C/C=C(/CC[C@@H](C)[C@H]1CC[C@H]2C3=CC[C@H]4[C@H](C)[C@@H](O)CC[C@]4(C)[C@H]3CC[C@]12C)C(C)C,0.0,test
COc1cc(/C=C/c2ccccc2)oc(=O)c1,1.0,test
CCC(C)OC(=O)N1CCCCC1CCO,0.0,test
C[C@@H](N)[C@@H](O)c1ccccc1,0.0,test
COC(=O)c1ccccc1S(=O)(=O)NC(=O)Nc1nc(C)nc(OC)n1,0.0,test
C=CN1CCCC1=O,0.0,test
COc1cnc(OC)n2nc(NS(=O)(=O)c3c(OCC(F)F)cccc3C(F)(F)F)nc12,0.0,test
NC(Cc1ccc(Cl)cc1)C(=O)O,0.0,test
CCCCCCCC#N,0.0,test
CCOC(=O)Nc1ccc(NCc2ccc(F)cc2)nc1N,1.0,test
CNc1cnn(-c2cccc(C(F)(F)F)c2)c(=O)c1Cl,1.0,test
Cc1ccccc1CO[C@H]1C[C@]2(C(C)C)CC[C@@]1(C)O2,0.0,test
O[C@@H]1CO[C@H]2[C@@H]1OC[C@@H]2O,0.0,test
C=C[C@H]1CN2CCC1C[C@H]2[C@H](O)c1ccnc2ccc(OC)cc12,0.0,test
OCCOCCO,0.0,test
CC(C(=O)O)c1ccc2c(c1)CC(=O)c1ccccc1S2,0.0,test
CCCCOC(=O)c1ccccc1C(=O)OCC(CC)CCCC,0.0,test
Cc1ccc(S(=O)(=O)NC(=O)N[C@@H](C)Cc2ccccc2)cc1,0.0,test
COc1ccc2c(c1)c(CC(=O)OCC(=O)O)c(C)n2C(=O)c1ccc(Cl)cc1,0.0,test
ClP(Cl)c1ccccc1,0.0,test
C=CC(=O)NC(C)(C)CC(C)=O,0.0,test
C=CCN(CC=C)C(=O)C(Cl)Cl,0.0,test
Nc1ccc(O)cc1,0.0,test
c1cc(N(CC2CO2)CC2CO2)ccc1OCC1CO1,0.0,test
ClC(Cl)C(Cl)Cl,0.0,test
CCCC(=O)OC(=O)CCC,0.0,test
CC(C)COC(=O)c1ccc(N)cc1,1.0,test
OCCN1C[C@H](O)[C@@H](O)[C@H](O)[C@H]1CO,0.0,test
Cc1onc(-c2ccccc2)c1-c1ccc(S(N)(=O)=O)cc1,0.0,test
CC(C)c1ccccc1O,0.0,test
CC(C)(CO)C(O)C(=O)NCCC(=O)O,0.0,test
NS(=O)(=O)c1ccc(Cl)c(S(N)(=O)=O)c1,0.0,test
O=C(c1ccc(F)cc1)C1CCN(CCn2c(=S)[nH]c3ccccc3c2=O)CC1,0.0,test
CC1(C)[C@H]2CC[C@]1(C)[C@H](O)C2,0.0,test
CN(C)C(=O)C(c1ccccc1)c1ccccc1,0.0,test
Nc1c2c(nc3c1CCC3)CCCC2,0.0,test
NO,0.0,test
CC1CCC(C(C)C)C(OC(=O)c2ccccc2N)C1,1.0,test
Cc1cc(SC2C(=O)C[C@@](CCc3ccc(N)cc3)(C(C)C)OC2=O)c(C(C)(C)C)cc1CO,0.0,test
OCCCCCCCCCCCCBr,0.0,test
Clc1ccccc1Cl,0.0,test
O=P(OC(CCl)CCl)(OC(CCl)CCl)OC(CCl)CCl,0.0,test
O=[N+]([O-])c1ccccc1CCO,0.0,test
OCCc1ccccc1,0.0,test
CCCCOCCOC(=O)COc1cc(Cl)c(Cl)cc1Cl,0.0,test
CC12CCC(CC1=O)C2(C)C,0.0,test
CS(=O)(=O)Cl,0.0,test
CC(C)CC(=O)CC(C)CC(C)C,0.0,test
CC1(C)C(C(=O)O[C@H](C#N)c2cccc(Oc3ccccc3)c2)[C@@H]1/C=C(\Cl)C(F)(F)F,0.0,test
CCC(=O)C1=C(C)CCC(C(C)C)C1,0.0,test
Cc1c(I)c(=O)n(-c2ccccc2)n1C,0.0,test
O=CC=O,1.0,test
Cc1ccccc1OP(=O)(Oc1ccccc1C)Oc1ccccc1C,1.0,test
CCCCCCCCCCC[C@@H](C[C@@H]1OC(=O)C1CCCCCC)OC(=O)C(CC(C)C)NC=O,0.0,test
O=C(O)CC(O)C(=O)O,0.0,test
O=C(Cl)c1c(Cl)c(Cl)c(C(=O)Cl)c(Cl)c1Cl,0.0,test
Nc1ccn([C@H]2CC[C@@H](CO)O2)c(=O)n1,0.0,test
C=CCSSCC=C,0.0,test
OCCOCCOCCO,0.0,test
Cc1ccc(C(C)(C)C)c(O)c1,0.0,test
CN[C@@H](C)[C@H](O)c1ccccc1,1.0,test
CCC(C)(C)CC,0.0,test
O=C(NNCS(=O)(=O)O)c1ccncc1,0.0,test
CC(=O)OC(C)(C)C,0.0,test
CC(C(=O)O)c1ccc(C(=O)c2cccs2)cc1,0.0,test
CC1(C)C2=CCCC(C)(C)[C@]23CC[C@H]1C3,0.0,test
CC1(C)[C@@H]2CC[C@@]1(C)C(=O)C2,0.0,test
COc1cc([N+](=O)[O-])ccc1N,0.0,test
CCCCCCC(=O)CCCCCC/C=C/C[C@@H](O)[C@H](O)[C@@](N)(CO)C(=O)O,0.0,test
CC(C)(C)c1ccccc1O,0.0,test
Clc1cccc(Cl)c1NC1=NCCN1,0.0,test
CC(C)C(C(=O)O[C@H](C#N)c1cccc(Oc2ccccc2)c1)c1ccc(Cl)cc1,0.0,test
C=CCOc1c(Br)cc(Br)cc1Br,0.0,test
[O-][n+]1cc[n+]([O-])c2ccccc21,0.0,test
CCC(C)Cl,0.0,test
CCC(C)CCCC(C)(C)O,1.0,test
Oc1cccc2ccccc12,0.0,test
C[C@H]1CC[C@]2(NC1)O[C@H]1C[C@H]3[C@@H]4CC[C@H]5C[C@@H](O)CC[C@]5(C)[C@H]4CC[C@]3(C)[C@H]1[C@@H]2C,0.0,test
Cn1cc(C(=O)C2CCc3[nH]cnc3C2)c2ccccc21,0.0,test
O=c1ccc2ccccc2o1,1.0,test
C=CCCC(=O)C=CC1=C(C)CCCC1(C)C,0.0,test
COC(C(=O)O)c1ccccc1,0.0,test
O=C(O)COCC(=O)O,0.0,test
Cc1c(N)nc([C@H](CC(N)=O)NCC(N)C(N)=O)nc1C(=O)NC(C(=O)N[C@H](C)[C@@H](O)C(C)C(=O)NC(C(=O)NCCc1nc(-c2nc(C(=O)NCCCCN=C(N)N)cs2)cs1)[C@@H](C)O)[C@@H](O[C@@H]1O[C@@H](CO)[C@@H](O)[C@H](O)[C@@H]1O[C@H]1O[C@H](CO)[C@@H](O)[C@H](OC(N)=O)[C@@H]1O)c1cnc[nH]1,0.0,test
CCCCOCCOC(=O)COc1nc(Cl)c(Cl)cc1Cl,0.0,test
COC(=O)c1sccc1S(=O)(=O)NC(=O)Nc1nc(C)nc(OC)n1,0.0,test
O=P(O)(OCc1ccccc1)OCc1ccccc1,0.0,test
O=S(=O)(O)CCCN1CCOCC1,0.0,test
C=C(C)C(=O)OCc1ccccc1,0.0,test
Cn1cc[nH]c1=S,0.0,test
Clc1nnc(Cl)c2ccccc12,0.0,test
Clc1ccc2nsnc2c1NC1=NCCN1,0.0,test
FC(F)(Cl)C(F)(Cl)Cl,0.0,test
COc1ccc2c(c1)C(=O)N(CCc1ccc(S(=O)(=O)NC(=O)NC3CCCCC3)cc1)C(=O)C2(C)C,0.0,test
CC(NC(C)(C)C)C(=O)c1cccc(Cl)c1,0.0,test
CCOCC(=O)O,0.0,test
CCCCn1cc[n+](C)c1,0.0,test
CCCCCCCCCCCCc1ccccc1,0.0,test
O=C(Nc1ccc(O)cc1)c1ccccc1O,1.0,test
CC(C)(O)c1ccccc1,0.0,test
COC(=O)c1ccccc1CS(=O)(=O)NC(=O)Nc1nc(OC)cc(OC)n1,0.0,test
[Fe+3],0.0,test
Cl/C=C/Cl,0.0,test
CC(C)COC(=O)c1ccccc1C(=O)OCC(C)C,1.0,test
C[C@H]1[C@@H]2Cc3ccc(O)cc3[C@@]1(C)CCN2C,0.0,test
C=CCC1(C(C)CCC)C(=O)NC(=S)NC1=O,0.0,test
CC(C)(C)C1CCC(O)CC1,0.0,test
NC(=O)CCCCC1CCSS1,1.0,test
Oc1cc(O)c2c(c1)O[C@H](c1ccc(O)c(O)c1)[C@H](O)C2,0.0,test
CC(C)NCC(O)COc1ccc(CCOCC2CC2)cc1,0.0,test
C/C(=C\c1csc(C)n1)C1C[C@@H]2O[C@]2(C)CCC[C@H](C)C(O)C(C)C(=O)C(C)(C)[C@@H](O)CC(=O)O1,0.0,test
CCCCC(CC)COCC1CO1,0.0,test
CCNC(=O)C1CCCN1C(=O)C(CCCN=C(N)N)NC(=O)C(CC(C)C)NC(=O)C(CC(C)C)NC(=O)C(Cc1ccc(O)cc1)NC(=O)C(CO)NC(=O)C(Cc1c[nH]c2ccccc12)NC(=O)C(Cc1cnc[nH]1)NC(=O)C1CCC(=O)N1,0.0,test
O=C(O)CC(Cl)C(=O)O,0.0,test
OC[C@H]1O[C@@H](O[C@H]2[C@H](O)[C@@H](O)[C@H](O)O[C@@H]2CO)[C@H](O)[C@@H](O)[C@@H]1O,0.0,test
CCOCCOCC,0.0,test
C=CC(C)(CCC=C(C)C)OC(=O)C(C)C,0.0,test
CCC(C)(C)C(=O)OC1=C(c2cc(Cl)cc(Cl)c2)C(=O)OC12CCCCC2,1.0,test
CCCCCCCCC,0.0,test
C[C@]12CCC(=O)C=C1CC[C@@H]1[C@@H]2[C@@H](O)C[C@@]2(C)[C@H]1CC[C@]2(O)C(=O)COP(=O)(O)O,1.0,test
O=C(Cl)CCl,0.0,test
CON=C(C(=O)NC1C(=O)N2C(C(=O)[O-])=C(C[n+]3cccc4c3CCC4)CS[C@H]12)c1csc(N)n1,0.0,test
CC(C)(C)C(=O)OCOC(=O)C1N2C(=O)C(N=CN3CCCCCC3)[C@H]2SC1(C)C,0.0,test
O=C(O)c1cc(C(=O)O)cc([N+](=O)[O-])c1,0.0,test
Oc1ccccc1Cl,0.0,test
CCOC(=O)c1ccccc1C,0.0,test
CCCCCCCCCCCCCCCC(=O)OC(C)C,0.0,test
O=C1C=CC(=O)O1,0.0,test
C=CC(C)(CCC=C(C)C)OC=O,0.0,test
CCC(=O)O[C@@](Cc1ccccc1)(c1ccccc1)[C@@H](C)CN(C)C,0.0,test
ClC1C(Cl)C(Cl)C(Cl)C(Cl)C1Cl,1.0,test
CC(=O)c1ccc2c(c1)N(CCCN1CCC(CCO)CC1)c1ccccc1S2,0.0,test
COc1cc(C=CC(=O)O[C@H]2CC[C@]34C[C@]35CC[C@]3(C)[C@@H]([C@H](C)CCC=C(C)C)CC[C@@]3(C)[C@@H]5CC[C@H]4C2(C)C)ccc1O,0.0,test
CCCC(C)(COC(N)=O)COC(N)=O,0.0,test
CCO[Si](CCCN)(OCC)OCC,0.0,test
Cc1c(N)cccc1N,0.0,test
O=[N+]([O-])c1ccc2[nH]cnc2c1,0.0,test
C/C=C/C=C/CO,0.0,test
CCCCc1ccc2c(n1)[C@@H](c1ccc(OC)cc1CC(C)C(=O)O)C(C(=O)O)[C@H]2c1ccc2c(c1)OCO2,0.0,test
CSc1ccc(C(=O)C(C)(C)N2CCOCC2)cc1,1.0,test
Cc1nc2n(c(=O)c1CCN1CCC(c3noc4cc(F)ccc34)CC1)CCC[C@H]2O,0.0,test
CCCCC(CC)COC(=O)C(C#N)=C(c1ccccc1)c1ccccc1,0.0,test
CCOC(=O)C1=NOC(c2ccccc2)(c2ccccc2)C1,0.0,test
CCCC(=O)c1ccccc1,0.0,test
BrCc1ccc(Br)cc1,0.0,test
Nc1nc2ccc([N+](=O)[O-])cc2s1,0.0,test
CCCC(=O)OCC,0.0,test
N=C(N)c1ccc(OCCCOc2ccc(C(=N)N)cc2)cc1,0.0,test
C=CC(=O)OCC(C)O,0.0,test
CCC1COC(Cn2cncn2)(c2ccc(Cl)cc2Cl)O1,0.0,test
N#CC(Cl)(Cl)Cl,0.0,test
COc1cc(Cl)c(OC)cc1Cl,0.0,test
CCN1CCCC1CNC(=O)c1cc(S(N)(=O)=O)ccc1OC,0.0,test
COc1ccc(S(=O)(=O)Nc2nnc(CC(C)C)s2)cc1,0.0,test
ClC(Cl)(Cl)Br,0.0,test
CCCCCCCCCCCC(=O)OCC,0.0,test
CCN(C)C(=O)Oc1cccc([C@H](C)N(C)C)c1,0.0,test
O=C(O)c1ccc(O)cc1,0.0,test
CCCC1CCCC(=O)O1,0.0,test
C=C(C)C(=O)OCCN(CC)CC,0.0,test
N#CCc1ccccc1[N+](=O)[O-],0.0,test
CC1=CC(=O)CC(C)(C)C1=O,0.0,test
CCC(C)(C)c1cc(-n2nc3ccccc3n2)c(O)c(C(C)(C)CC)c1,0.0,test
CNCCC=C1c2ccccc2CCc2ccccc21,0.0,test
CCCCOCC(C)O,0.0,test
S=c1[nH]c2ccccc2s1,0.0,test
O=C(Oc1ccccc1)c1ccccc1,0.0,test
CCCCCCOC(=O)CCCCCCCC(=O)OCCCCCC,0.0,test
CCC(C)(CN(C)C)OC(=O)c1ccccc1,1.0,test
CCOC(=O)c1ccccc1OC,0.0,test
O=C(C(=O)c1ccco1)c1ccco1,0.0,test
CCCCC(CC)COC(C)=O,1.0,test
CC(=O)Oc1ccc([N+](=O)[O-])cc1CCl,0.0,test
Oc1ccccc1O,0.0,test
CC12CC3CC(C)(C1)CC(N)(C3)C2,0.0,test
C[N+]1(C)[C@@H]2C[C@@H](OC(=O)C(CO)c3ccccc3)C[C@H]1[C@@H]1O[C@@H]12,0.0,test
C[C@@H]1C[C@H]2[C@@H]3CC=C4CC(=O)C=C[C@]4(C)[C@@]3(F)[C@@H](O)C[C@]2(C)[C@@]1(O)C(=O)COP(=O)(O)O,1.0,test
CC(O)CN(CCCN(C)C)CCCN(C)C,0.0,test
O=C1CCCCCCCCCCOCCCCO1,0.0,test
CCn1c2ccccc2c2cc(N)ccc21,0.0,test
Nc1nc(-c2ccccc2)cs1,1.0,test
CCCCCCCCSCCO,0.0,test
BrCCCCCCBr,0.0,test
Oc1[nH]c(O)c2c1CC=CC2,0.0,test
C=CC(=O)OCCCCO,0.0,test
O=c1cc[nH]c(=S)[nH]1,0.0,test
Clc1ccc(C(OCCN2CCCCC2)c2ccccc2)cc1,0.0,test
CN(C)Cc1ccccc1,0.0,test
CCCC(C)CO,0.0,test
Cc1c(-c2cccnc2)c2ccccc2n1CCCCC(=O)O,0.0,test
COc1nc(NC(C)C)nc(NC(C)C)n1,0.0,test
O=C(CC(=O)c1ccccc1)c1ccccc1,1.0,test
CCCCNC(C)(C)[PH](=O)O,0.0,test
Cc1ccc(C#N)cc1,0.0,test
ClCCCCl,0.0,test
Nc1cc(Cl)c(N)c(Cl)c1,0.0,test
CN1c2c([nH]c(N)nc2=O)NCC1CNc1ccc(C(=O)NC(CCC(=O)O)C(=O)O)cc1,0.0,test
CC(C)(C)NCC(O)CSc1nc(-c2ccc(C(N)=O)s2)cs1,0.0,test
[TlH3],0.0,test
CCCCCCCCCCC,0.0,test
c1ccc2[nH]nnc2c1,0.0,test
O=[N+]([O-])c1ccc(Cl)cc1,0.0,test
ClC1(Cl)C2(Cl)C3(Cl)C4(Cl)C(Cl)(Cl)C5(Cl)C3(Cl)C1(Cl)C5(Cl)C24Cl,0.0,test
Cc1ccc(N(C)C)cc1,1.0,test
CC(C)(C)C1CCCCC1O,0.0,test
Cc1cccc(Cl)c1,0.0,test
CC1=CC(=O)NS(=O)(=O)O1,0.0,test
CC(=O)CCc1ccc(OC(C)=O)cc1,0.0,test
Nc1ccc(S(=O)(=O)NCc2ccccc2)cc1,0.0,test
CC(=O)NC(Cc1ccccc1)C(=O)O,0.0,test
NC(=O)c1ccccc1C(N)=O,0.0,test
O=C(Cl)c1ccc([N+](=O)[O-])cc1,0.0,test
COc1ccc(CN(CCN(C)C)c2ccccn2)cc1,0.0,test
O=C1c2ccccc2-c2ccccc21,0.0,test
C[C@@H]1C[C@H]2C3C[C@H](F)C4=CC(=O)C=CC4(C)[C@@]3(F)[C@@H](O)CC2(C)[C@@]1(O)C(=O)COC(=O)C(C)(C)C,0.0,test
CC(=O)c1ccc(OCC(=O)N2CCCCC2)cc1,1.0,test
O=C(c1ccccc1)c1ccc(O)cc1O,1.0,test
COC(=O)C(Cl)C(=O)OC,0.0,test
O=C1C=CC(=O)C=C1,0.0,test
Cc1cc(C(=O)O)ccc1[N+](=O)[O-],0.0,test
O=c1ssc(Cl)c1Cl,0.0,test
CCCc1c2oc(C(=O)O)cc(=O)c2cc2c(=O)cc(C(=O)O)n(CC)c12,0.0,test
CCSCC,0.0,test
C=C(C)C(=O)OCCCCCCCCCC,0.0,test
OC[C@@H](O)[C@H](O)[C@@H](O)[C@@H](O)CO,0.0,test
CCCCCCCC/C=C\CCCCCCCC(=O)OC[C@@H](O)[C@H]1OC[C@H](O)[C@H]1O,0.0,test
CCc1ccc(C=O)cc1,0.0,test
O=P(O)(O)C(Cl)(Cl)P(=O)(O)O,0.0,test
CCCN(CCC)CCc1c[nH]c2ccccc12,0.0,test
C1CCCNCCC1,0.0,test
Cc1cc(CCC(=O)OCCOCCOCCOC(=O)CCc2cc(C)c(O)c(C(C)(C)C)c2)cc(C(C)(C)C)c1O,0.0,test
Oc1ccc(C(c2ccc(O)cc2)C(Cl)(Cl)Cl)cc1,1.0,test
OCCOCCN1CCN(C(c2ccccc2)c2ccc(Cl)cc2)CC1,0.0,test
CC(=O)Nc1ccc2c(c1)Cc1cc(NC(C)=O)ccc1-2,1.0,test
CCC[N+](=O)[O-],0.0,test
C=C[Si](OC(C)=O)(OC(C)=O)OC(C)=O,0.0,test
Cc1ccc2ccccc2c1C,0.0,test
Cc1ccccc1N=C(N)Nc1ccccc1C,0.0,test
COc1ccc2cc(CCC(C)=O)ccc2c1,1.0,test
CCCCCCCCC(=O)O,0.0,test
O=C(O)Cc1csc(-c2ccc(Cl)cc2)n1,0.0,test
O=S(=O)(O)CCCS(=O)(=O)O,0.0,test
O=P(Cl)(Cl)Cl,0.0,test
O=C1CN=C(c2ccccc2)c2cc(Cl)ccc2N1,0.0,test
C[Sn](Cl)(Cl)Cl,0.0,test
CCCCCBr,0.0,test
Cc1ccnc2c1NC(=O)c1cccnc1N2C1CC1,0.0,test
CCC1COC(=O)O1,0.0,test
CCC(C)(C)OC(=O)NC(Cc1c[nH]c2ccccc12)C(=O)NC(CCSC)C(=O)NC(CC(=O)O)C(=O)NC(Cc1ccccc1)C(N)=O,0.0,test
Cc1cc(C)nc(NS(=O)(=O)c2ccc(N)cc2)n1,1.0,test
CC(C)(CO)C(O)C(=O)NCCC(=O)NCCSSCCNC(=O)CCNC(=O)C(O)C(C)(C)CO,0.0,test
CC(C)=CCC/C(C)=C\CO,0.0,test
O=Nc1ccc(NO)cc1,0.0,test
O=C(O)COc1ccc(Cl)cc1Cl,0.0,test
Cc1ccnc(N)c1,0.0,test
C[N+](C)(CCCCCC[N+](C)(C)C1c2ccccc2-c2ccccc21)C1c2ccccc2-c2ccccc21,0.0,test
O=C(O)c1ccc(NC2OC[C@@H](O)[C@H](O)[C@H]2O)cc1,0.0,test
CCOc1ccccc1OCC,0.0,test
OC(CN1CCC(Cc2ccc(F)cc2)CC1)c1ccc(Cl)cc1,0.0,test
O=P1(NCCCl)OCCCN1CCCl,0.0,test
CC(C)N1CCN(c2ccc(OC[C@H]3CO[C@](Cn4cncn4)(c4ccc(Cl)cc4Cl)O3)cc2)CC1,0.0,test
C=CC(C)CCC=C(C)C,0.0,test
CCNC(=S)NCC,1.0,test
Cc1c(C)c2c(c(C)c1OC(=O)CCC(=O)O)CC[C@@](C)(CCC[C@H](C)CCC[C@H](C)CCCC(C)C)O2,0.0,test
CCC(=O)OC(C)c1ccccc1,0.0,test
CC(C)(C)c1ccc(C=O)cc1,0.0,test
COc1cc(C(=O)OC(COCCC(C)C)CN2CCOCC2)cc(OC)c1OC,0.0,test
C#C[C@]1(OC(C)=O)CC[C@H]2[C@@H]3CC=C4CC(=O)CCC4[C@H]3CC[C@@]21C,1.0,test
CCCCCCC1CCCC(=O)O1,0.0,test
COc1cc([C@@H]2c3cc4c(cc3C(O[C@@H]3O[C@@H]5CO[C@@H](C)O[C@H]5[C@H](O)[C@H]3O)C3COC(=O)C32)OCO4)cc(OC)c1O,0.0,test
C=CC(=O)OCCC#N,0.0,test
Cc1cccc(C)c1N=C1NCCCS1,0.0,test
CC1=CC[C@@]23CC1C(C)(C)[C@@H]2CC[C@H]3C,0.0,test
CC(C)N(C(=O)SCC(Cl)=CCl)C(C)C,0.0,test
C#CCOc1ccc2c(C)cc(=O)oc2c1,0.0,test
CCCCCCCCCCCCCCCCCCOS(=O)(=O)O,0.0,test
CC1CCc2nccnc21,0.0,test
CN1CCN(CCCN2c3ccccc3Sc3ccc(S(=O)(=O)N(C)C)cc32)CC1,0.0,test
Cn1cc(-c2ccccc2)c(=O)c(-c2cccc(C(F)(F)F)c2)c1,0.0,test
COc1cc(CC(C)N)c(OC)cc1Br,0.0,test
NC(=O)CI,0.0,test
O=C1OC(=O)c2c(Br)c(Br)c(Br)c(Br)c21,0.0,test
CCC(=O)O[C@](Cc1ccccc1)(c1ccccc1)[C@H](C)CN(C)C,0.0,test
CC(/C=C/C=C(\C)C(=O)O[C@@H]1O[C@H](CO[C@@H]2O[C@H](CO)[C@@H](O)[C@H](O)[C@H]2O)[C@@H](O)[C@H](O)[C@H]1O)=C\C=C\C=C(C)\C=C\C=C(/C)C(=O)O[C@@H]1O[C@H](CO[C@@H]2O[C@H](CO)[C@@H](O)[C@H](O)[C@H]2O)[C@@H](O)[C@H](O)[C@H]1O,1.0,test
CC1(C)OC(=O)NC1=O,1.0,test
COc1cc(C(C)=O)ccc1OCCCN1CCC(c2noc3cc(F)ccc23)CC1,0.0,test
C=CCN=C=S,0.0,test
CC(C)[N+]1(C)C2CCC1CC(OC(=O)C(CO)c1ccccc1)C2,1.0,test
COc1ccc(CCO)cc1,0.0,test
N=C(N)S(=O)O,0.0,test
CNC(=O)ON=CC(C)(C)SC,0.0,test
O=C=Nc1ccc(Cc2ccc(N=C=O)cc2)cc1,0.0,test
O=c1[nH]c(O)cn1N=Cc1ccc([N+](=O)[O-])o1,0.0,test
Cc1c(N(C)C)c(=O)n(-c2ccccc2)n1C,0.0,test
NC(Cc1ccc(N(CCCl)CCCl)cc1)C(=O)O,0.0,test
O=S(=O)(O)CO,0.0,test
[Zn+2],0.0,test
CCOC(=O)Nc1ccc2c(c1)N(C(=O)CN(C)C)c1ccccc1CC2,0.0,test
CC(C)CC(NC(=O)C(Cc1c[nH]c2ccccc12)NC(=O)C(Cc1ccc(O)cc1)NC(=O)C(CO)NC(=O)C(Cc1c[nH]c2ccccc12)NC(=O)C(Cc1c[nH]cn1)NC(=O)C1CCC(=O)N1)C(=O)NC(CCCN=C(N)N)C(=O)N1CCCC1C(=O)NCC(N)=O,0.0,test
OCC=Cc1ccccc1,1.0,test
Clc1ccccn1,0.0,test
Clc1ccccc1-c1nnc(-c2ccccc2Cl)nn1,1.0,test
CC1(C)S[C@@H]2C(NC(=O)C(N)c3ccccc3)C(=O)N2C1C(=O)OCOC(=O)C1N2C(=O)C[C@H]2S(=O)(=O)C1(C)C,0.0,test
C=CC(=O)OCC1CCCO1,0.0,test
CC(=O)Oc1cc(C(C)C)c(OCCN(C)C)cc1C,0.0,test
CC(C)CCCCCCCOP(=O)(Oc1ccccc1)Oc1ccccc1,0.0,test
CC(C)(C)c1ccc(C(=O)O)cc1,0.0,test
CC(=O)OCC(C)OC(C)=O,0.0,test
CN(C)CCC(c1ccc(Cl)cc1)c1ccccn1,0.0,test
CN1CCN(c2cc3c(cc2F)c(=O)c(C(=O)O)cn3-c2ccc(F)cc2)CC1,0.0,test
CCCCCCCCCCCC(=O)N(C)CC(=O)O,0.0,test
Cl[Dy](Cl)Cl,0.0,test
CCNC(=O)NCCCOc1cccc(CN2CCCCC2)c1,0.0,test
O=S(=O)(O)CC(O)CCl,0.0,test
CCn1cc(C(=O)O)c(=O)c2ccc(C)nc21,0.0,test
Brc1ccc(Oc2ccc(Br)cc2)cc1,0.0,test
COC(=O)CCC[N+](C)(C)C,0.0,test
O=C(c1ccc(Cl)cc1)c1ccc(Cl)cc1,0.0,test
Clc1cc(Cl)c(Cl)c(Cl)c1Cl,0.0,test
CCOC(=O)CCl,0.0,test
CCOc1ccc(NC(=O)OC(C)C)cc1OCC,0.0,test
O=[N+]([O-])c1ccccc1,0.0,test
Nc1ncnc2c1ncn2[C@@H]1O[C@@H]2COP(=O)(O)O[C@H]2[C@H]1O,0.0,test
CC(CCC(=O)O)(c1ccc(O)cc1)c1ccc(O)cc1,1.0,test
CC1=C(/C=C/C(C)=C/C=C/C(C)=C\C=O)C(C)(C)CCC1,0.0,test
COc1ccc2c(c1)c1c3n2CCN(C)C3=NCC1,0.0,test
COP(=O)(OC)OC=C(Cl)Cl,0.0,test
CC(Cc1ccccc1)NCc1ccccc1Cl,1.0,test
CN[C@H]1C[C@@H](N)[C@H](O)[C@@H](O[C@@H]2O[C@H](CO)[C@H](O)[C@@H]3OC4(O[C@H]23)O[C@H](C(N)CO)[C@H](O)[C@H](O)[C@H]4O)[C@@H]1O,0.0,test
FB(F)F,0.0,test
CCOC(=O)C(C)Oc1ccc(Oc2cnc3cc(Cl)ccc3n2)cc1,0.0,test
OC(CCN1CCCCC1)(c1ccccc1)C1CC2C=CC1C2,0.0,test
CN1[C@@H]2CC[C@H]1C[C@@H](OC(=O)c1cc(Cl)cc(Cl)c1)C2,0.0,test
CC1(C)CC(=O)CC(C)(C)N1,0.0,test
Cc1ccc([N+](=O)[O-])cc1,0.0,test
COC(=O)CSc1cc(/N=c2\sc(=O)n3n2CCCC3)c(F)cc1Cl,0.0,test
Nc1cc(C(=O)O)c(O)c(S(=O)(=O)O)c1,0.0,test
CC(C)(C)C(=O)O,0.0,test
NNc1ccccc1,0.0,test
O=C1c2ccccc2C(=O)C1C(=O)C(c1ccccc1)c1ccc(Cl)cc1,0.0,test
CC/C=C/CCCCCCCCCCOC(C)=O,0.0,test
C=CC1(C)OC(=O)N(c2cc(Cl)cc(Cl)c2)C1=O,0.0,test
CCC(C)(C#N)/N=N/C(C)(C#N)CC,0.0,test
OCc1c2ccccc2cc2ccccc12,1.0,test
CCCSP(=S)(OCC)Oc1ccc(Cl)cc1Cl,1.0,test
NC(C(=O)NC1C(=O)N2C(C(=O)O)=C(Cl)CS[C@H]12)c1ccccc1,0.0,test
CCCCCCOCCOCCO,0.0,test
Cc1ccc(C(C)(C)O)cc1,0.0,test
OCC(F)(F)F,0.0,test
COP(=S)(OC)Oc1ccc(S(N)(=O)=O)cc1,0.0,test
CC(=O)C(Cl)Cl,0.0,test
NCC1CCCC(CN)C1,0.0,test
CCC(C)n1c(=O)[nH]c(C)c(Br)c1=O,0.0,test
CC(C)NCC(O)c1ccc2ccccc2c1,0.0,test
C=CCc1ccc(OC)c(OC)c1,1.0,test
O=c1[nH][nH]c2ccccc12,0.0,test
C=C(C)C(=O)OCC(C)O,0.0,test
O=C1c2ccccc2C(=O)C1c1ccc(Cl)cc1,0.0,test
COC(=O)Nc1nc2cc(C(=O)c3ccccc3)ccc2[nH]1,0.0,test
CN(C)c1nc(N(C)C)nc(N(C)C)n1,0.0,test
CCC(CO)(CO)[N+](=O)[O-],0.0,test
CN(CC1(C)CCCO1)S(=O)(=O)c1ccc(Cl)c(S(N)(=O)=O)c1,0.0,test
COc1ccc2[nH]cc(CCN(C(C)C)C(C)C)c2c1,0.0,test
CCNc1nc(NC(C)(C)C)nc(SC)n1,0.0,test
C(=NC1CCCCC1)=NC1CCCCC1,1.0,test
CC(C)CC(C)O,0.0,test
C=CC(=O)Nc1cc2c(Nc3ccc(F)c(Cl)c3)ncnc2cc1OCCCN1CCOCC1,1.0,test
CC(=O)Oc1ccccc1C(=O)Nc1ncc([N+](=O)[O-])s1,1.0,test
CN(C)CCN(C)C,0.0,test
COc1cc2c(cc1OC)CC(=O)N(CCCN(C)C[C@H]1Cc3cc(OC)c(OC)cc31)CC2,0.0,test
C=COC(=O)C(C)(CC)CCC(C)C,0.0,test
CC(C)N(C)C,0.0,test
CN(C/C=C/c1ccccc1)Cc1cccc2ccccc12,0.0,test
COC(=O)CC(C(C)=O)C(=O)OC,0.0,test
O=C(O)CC/C=C\CC[C@@H]1[C@@H](N2CCCCC2)[C@@H](O)C[C@@H]1OCc1ccc(-c2ccccc2)cc1,0.0,test
CCOC(=O)OCC/C(SC(=O)OCC)=C(\C)N(C=O)Cc1cnc(C)nc1N,0.0,test
CCN(CC)CCNC(=O)c1ccc(N)cc1,0.0,test
Cc1cc(C)c(C)cc1C,0.0,test
C1CN(SSN2CCOCC2)CCO1,0.0,test
CNC(C)(C)Cc1ccccc1,0.0,test
CC(C)Oc1ccccc1O,0.0,test
CCOC(=O)c1ccc(C#Cc2ccc3c(c2)C(C)(C)CCS3)nc1,0.0,test
CCN(CC)C(=O)c1cccc(C)c1,1.0,test
CCCCCCCN,0.0,test
CCCCc1cc2c(=O)c(C(=O)OC)c[nH]c2cc1OCc1ccccc1,0.0,test
CC(O)C1CCCCC1,0.0,test
CC(=O)CC(C)(C)O,0.0,test
CCCCCCCCCCCCSCCOCCO,0.0,test
CCC[C@@H]1CC(C(=O)N[C@@H]([C@H]2O[C@H](SC)[C@H](O)[C@@H](O)[C@H]2O)[C@@H](C)O)N(C)C1,0.0,test
Oc1ccc(N=Nc2ccccc2)cc1,1.0,test
OCCOCCOCCOCCOCCO,0.0,test
CC(=O)Nc1cccc(O)c1,0.0,test
CNC(=S)S,0.0,test
CN(C)C(=O)CCSC(SCCC(=O)O)c1cccc(/C=C/c2ccc3ccc(Cl)cc3n2)c1,1.0,test
COc1ccc(CNCC(O)COc2ccc3[nH]c(=O)ccc3c2)cc1OC,0.0,test
CCCCCOC(=O)c1ccccc1C(=O)OCCCCC,0.0,test
CN(C)C(=O)Nc1ccc(Cl)c(Cl)c1,0.0,test
C[N+]1(CC2COC(c3ccccc3)(C3CCCCC3)O2)CCCCC1,0.0,test
CCCCCCCCCCCCOCC1CO1,0.0,test
CSC(=O)c1cccc2nnsc12,0.0,test
O=C(O)CC(S)C(=O)O,0.0,test
CCO[Si](CCC#N)(OCC)OCC,0.0,test
Cc1ccc(O)cc1,1.0,test
CC(Cc1cccc(C(F)(F)F)c1)NCCOC(=O)c1ccccc1,0.0,test
Nc1ccc(C(=O)O)c(O)c1,0.0,test
Cc1cc(C(C)(C)C)cc(C)c1CC1=NCCN1,0.0,test
CC(C)(C)c1nnc(NS(=O)(=O)c2ccccc2)s1,0.0,test
CC1=CC(=C(c2ccc(N)cc2)c2ccc(N)cc2)C=CC1=N,0.0,test
O=C(Oc1ccccc1)c1ccccc1O,0.0,test
CC(C)[C@@]1(NC(=O)C2C[C@@H]3c4cccc5[nH]cc(c45)C[C@H]3N(C)C2)O[C@@]2(O)[C@@H]3CCCN3C(=O)C(Cc3ccccc3)N2C1=O,0.0,test
N#CSc1ccc(N)c([N+](=O)[O-])c1,0.0,test
Cc1cccc(Br)c1,0.0,test
O=C(O)c1ccccc1S,0.0,test
CO[C@@]1(NC(O)=c2sc(=C(C(N)=O)C(=O)O)s2)C(=O)N2C(C(=O)O)=C(CSc3nnnn3C)CS[C@@H]21,0.0,test
Nc1cc([N+](=O)[O-])ccc1C(=O)O,1.0,test
Cc1ccc(/C(=C\CN2CCCC2)c2ccccn2)cc1,0.0,test
CC1(C)C(C(=O)O[C@H](C#N)c2cccc(Oc3ccccc3)c2)[C@@H]1C=C(Br)Br,0.0,test
CC/C=C\CCOC(C)=O,0.0,test
